{
  "runtime_seconds": 53.25525522232056,
  "success_count": 6,
  "failure_count": 12,
  "completion_rate": 0.3333333333333333,
  "escape_vias": 16
}