{
  "runtime_seconds": 176.744304895401,
  "success_count": 14,
  "failure_count": 4,
  "completion_rate": 0.7777777777777778,
  "escape_vias": 16
}