{
  "J_AC_IN": {
    "x": 47.37802505493164,
    "y": 104.93766021728516,
    "rotation": 0.0
  },
  "D1": {
    "x": 47.16642761230469,
    "y": 127.5232162475586,
    "rotation": 0.0
  },
  "D2": {
    "x": 66.826416015625,
    "y": 126.6322250366211,
    "rotation": 0.0
  },
  "C_BUS1": {
    "x": 51.221885681152344,
    "y": 86.48522186279297,
    "rotation": 90.0
  },
  "C_BUS2": {
    "x": 41.47520065307617,
    "y": 144.35772705078125,
    "rotation": 0.0
  },
  "Q1": {
    "x": 13.771469116210938,
    "y": 136.8843994140625,
    "rotation": 0.0
  },
  "Q2": {
    "x": 29.161699295043945,
    "y": 130.919189453125,
    "rotation": 0.0
  },
  "U_GATE": {
    "x": 26.89713478088379,
    "y": 101.02508544921875,
    "rotation": 90.0
  },
  "C_BOOT": {
    "x": 24.158109664916992,
    "y": 140.5991973876953,
    "rotation": 0.0
  },
  "C_VCC": {
    "x": 49.416255950927734,
    "y": 77.86835479736328,
    "rotation": 0.0
  },
  "R_GATE_H": {
    "x": 33.63434600830078,
    "y": 68.11669921875,
    "rotation": 0.0
  },
  "R_GATE_L": {
    "x": 28.252042770385742,
    "y": 116.94577026367188,
    "rotation": 0.0
  },
  "U_BUCK": {
    "x": 59.93146514892578,
    "y": 83.64708709716797,
    "rotation": 0.0
  },
  "U_LDO_3V3": {
    "x": 59.044490814208984,
    "y": 75.95201110839844,
    "rotation": 0.0
  },
  "U_LDO_5V": {
    "x": 63.04978561401367,
    "y": 90.70648193359375,
    "rotation": 0.0
  },
  "U_MCU": {
    "x": 31.048477172851562,
    "y": 80.11585235595703,
    "rotation": 0.0
  },
  "C_MCU_1": {
    "x": 29.557907104492188,
    "y": 66.08415985107422,
    "rotation": 0.0
  },
  "C_MCU_2": {
    "x": 31.809354782104492,
    "y": 72.21945190429688,
    "rotation": 0.0
  },
  "C_MCU_3": {
    "x": 19.696561813354492,
    "y": 66.59107971191406,
    "rotation": 0.0
  },
  "C_MCU_4": {
    "x": 36.198158264160156,
    "y": 71.95854187011719,
    "rotation": 0.0
  },
  "J_USB": {
    "x": 34.24201583862305,
    "y": 120.17909240722656,
    "rotation": 0.0
  },
  "J_DEBUG": {
    "x": 18.62911033630371,
    "y": 87.21279907226562,
    "rotation": 0.0
  },
  "U_CT": {
    "x": 32.49591064453125,
    "y": 88.5926284790039,
    "rotation": 0.0
  },
  "R_BURDEN": {
    "x": 22.781982421875,
    "y": 77.46381378173828,
    "rotation": 180.0
  },
  "C_CT_FILT": {
    "x": 18.990312576293945,
    "y": 74.70899963378906,
    "rotation": 180.0
  },
  "U_OPAMP_CT": {
    "x": 25.10774040222168,
    "y": 71.18519592285156,
    "rotation": 0.0
  },
  "MAX31865": {
    "x": 41.21940994262695,
    "y": 79.64510345458984,
    "rotation": 0.0
  },
  "J_COIL": {
    "x": 21.121599197387695,
    "y": 117.4151611328125,
    "rotation": 0.0
  },
  "J_NTC": {
    "x": 41.02840805053711,
    "y": 88.16400146484375,
    "rotation": 0.0
  },
  "MH1": {
    "x": 85.25,
    "y": 74.5,
    "rotation": 0.0
  },
  "MH2": {
    "x": 63.21247100830078,
    "y": 67.68083953857422,
    "rotation": 0.0
  },
  "MH3": {
    "x": 85.25,
    "y": 103.5,
    "rotation": 0.0
  },
  "MH4": {
    "x": 71.05879211425781,
    "y": 110.5386962890625,
    "rotation": 0.0
  }
}