{
  "J_AC_IN": {
    "x": 39.5,
    "y": 116.33333587646484,
    "rotation": 0.0
  },
  "D1": {
    "x": 52.06999969482422,
    "y": 140.0,
    "rotation": 0.0
  },
  "D2": {
    "x": 65.0,
    "y": 143.5,
    "rotation": 0.0
  },
  "C_BUS1": {
    "x": 39.439998626708984,
    "y": 144.25,
    "rotation": 0.0
  },
  "C_BUS2": {
    "x": 68.5,
    "y": 75.0,
    "rotation": 0.0
  },
  "Q1": {
    "x": 20.0,
    "y": 140.0,
    "rotation": 0.0
  },
  "Q2": {
    "x": 35.0,
    "y": 140.0,
    "rotation": 0.0
  },
  "U_GATE": {
    "x": 76.5,
    "y": 33.66666793823242,
    "rotation": 0.0
  },
  "C_BOOT": {
    "x": 31.25,
    "y": 143.47500610351562,
    "rotation": 0.0
  },
  "C_VCC": {
    "x": 60.5,
    "y": 33.66668701171875,
    "rotation": 0.0
  },
  "R_GATE_H": {
    "x": 27.500003814697266,
    "y": 143.75,
    "rotation": 0.0
  },
  "R_GATE_L": {
    "x": 35.0,
    "y": 136.52499389648438,
    "rotation": 0.0
  },
  "U_BUCK": {
    "x": 80.0,
    "y": 140.0,
    "rotation": 0.0
  },
  "U_LDO_3V3": {
    "x": 76.5,
    "y": 116.33333587646484,
    "rotation": 0.0
  },
  "U_LDO_5V": {
    "x": 60.5,
    "y": 116.3333511352539,
    "rotation": 0.0
  },
  "U_MCU": {
    "x": 39.5,
    "y": 33.66666793823242,
    "rotation": 0.0
  },
  "C_MCU_1": {
    "x": 33.972145080566406,
    "y": 41.275115966796875,
    "rotation": 0.0
  },
  "C_MCU_2": {
    "x": 25.027873992919922,
    "y": 38.368961334228516,
    "rotation": 0.0
  },
  "C_MCU_3": {
    "x": 25.027849197387695,
    "y": 28.964405059814453,
    "rotation": 0.0
  },
  "C_MCU_4": {
    "x": 33.972103118896484,
    "y": 26.058204650878906,
    "rotation": 0.0
  },
  "J_USB": {
    "x": 31.500009536743164,
    "y": 124.33333587646484,
    "rotation": 0.0
  },
  "J_DEBUG": {
    "x": 23.5,
    "y": 116.3333511352539,
    "rotation": 0.0
  },
  "U_CT": {
    "x": 39.5,
    "y": 75.0,
    "rotation": 0.0
  },
  "R_BURDEN": {
    "x": 31.500009536743164,
    "y": 83.0,
    "rotation": 0.0
  },
  "C_CT_FILT": {
    "x": 23.5,
    "y": 75.0000228881836,
    "rotation": 0.0
  },
  "U_OPAMP_CT": {
    "x": 31.499969482421875,
    "y": 67.0,
    "rotation": 0.0
  },
  "MAX31865": {
    "x": 58.650001525878906,
    "y": 74.5,
    "rotation": 0.0
  },
  "J_COIL": {
    "x": 23.75,
    "y": 136.25001525878906,
    "rotation": 0.0
  },
  "J_NTC": {
    "x": 31.499969482421875,
    "y": 108.33333587646484,
    "rotation": 0.0
  },
  "MH1": {
    "x": 85.25,
    "y": 74.5,
    "rotation": 0.0
  },
  "MH2": {
    "x": 61.75,
    "y": 103.5,
    "rotation": 0.0
  },
  "MH3": {
    "x": 85.25,
    "y": 103.5,
    "rotation": 0.0
  },
  "MH4": {
    "x": 61.75,
    "y": 132.5,
    "rotation": 0.0
  }
}