$MeshFormat
2.2 0 8
$EndMeshFormat
$PhysicalNames
3
2 2 "pec"
2 4 "port"
3 1 "air"
$EndPhysicalNames
$Nodes
2107
1 -45 -40 40.57
2 -45 -40 -40.07
3 -45 90.06999999999999 40.57
4 -45 90.06999999999999 -40.07
5 45 -40 -40.07
6 45 -40 40.57
7 45 90.06999999999999 40.57
8 45 90.06999999999999 -40.07
9 -5 0 -0.07000000000000001
10 -5 0 0
11 -5 50.07 -0.07000000000000001
12 -5 50.07 0.5700000000000001
13 -5 0 0.5700000000000001
14 -5 3.700743415417188e-17 0.5
15 -5 50 0.5
16 -5 50 0
17 5 0 -0.07000000000000001
18 5 0 0
19 5 50.07 -0.07000000000000001
20 5 50.07 0.5700000000000001
21 5 0 0.5700000000000001
22 5 3.700743415417188e-17 0.5
23 5 50 0.5
24 5 50 0
25 6 5 0.5700000000000001
26 6 5 -0.07000000000000001
27 6 45 0.5700000000000001
28 6 45 -0.07000000000000001
29 8 5 -0.07000000000000001
30 8 5 0.5700000000000001
31 8 45 0.5700000000000001
32 8 45 -0.07000000000000001
33 -5 5 2
34 -5 5 1.5
35 -5 45 2
36 -5 45 1.5
37 5 5 1.5
38 5 5 2
39 5 45 2
40 5 45 1.5
41 -45 -40 -28.55000000000001
42 -45 -40 -17.03000000000002
43 -45 -40 -5.510000000000019
44 -45 -40 6.009999999999955
45 -45 -40 17.52999999999997
46 -45 -40 29.04999999999998
47 -45 -28.17545454545454 40.57
48 -45 -16.35090909090908 40.57
49 -45 -4.526363636363634 40.57
50 -45 7.298181818181824 40.57
51 -45 19.12272727272727 40.57
52 -45 30.94727272727273 40.57
53 -45 42.77181818181819 40.57
54 -45 54.59636363636365 40.57
55 -45 66.42090909090911 40.57
56 -45 78.24545454545455 40.57
57 -45 90.06999999999999 -28.55000000000001
58 -45 90.06999999999999 -17.03000000000002
59 -45 90.06999999999999 -5.510000000000019
60 -45 90.06999999999999 6.009999999999955
61 -45 90.06999999999999 17.52999999999997
62 -45 90.06999999999999 29.04999999999998
63 -45 -28.17545454545454 -40.07
64 -45 -16.35090909090908 -40.07
65 -45 -4.526363636363634 -40.07
66 -45 7.298181818181824 -40.07
67 -45 19.12272727272727 -40.07
68 -45 30.94727272727273 -40.07
69 -45 42.77181818181819 -40.07
70 -45 54.59636363636365 -40.07
71 -45 66.42090909090911 -40.07
72 -45 78.24545454545455 -40.07
73 -33.75 -40 -40.07
74 -22.5 -40 -40.07
75 -11.25 -40 -40.07
76 0 -40 -40.07
77 11.25 -40 -40.07
78 22.5 -40 -40.07
79 33.75 -40 -40.07
80 45 -40 -28.55000000000001
81 45 -40 -17.03000000000002
82 45 -40 -5.510000000000019
83 45 -40 6.009999999999955
84 45 -40 17.52999999999997
85 45 -40 29.04999999999998
86 -33.75 -40 40.57
87 -22.5 -40 40.57
88 -11.25 -40 40.57
89 0 -40 40.57
90 11.25 -40 40.57
91 22.5 -40 40.57
92 33.75 -40 40.57
93 -33.75 90.06999999999999 40.57
94 -22.5 90.06999999999999 40.57
95 -11.25 90.06999999999999 40.57
96 0 90.06999999999999 40.57
97 11.25 90.06999999999999 40.57
98 22.5 90.06999999999999 40.57
99 33.75 90.06999999999999 40.57
100 45 -28.17545454545454 40.57
101 45 -16.35090909090908 40.57
102 45 -4.526363636363634 40.57
103 45 7.298181818181824 40.57
104 45 19.12272727272727 40.57
105 45 30.94727272727273 40.57
106 45 42.77181818181819 40.57
107 45 54.59636363636365 40.57
108 45 66.42090909090911 40.57
109 45 78.24545454545455 40.57
110 -33.75 90.06999999999999 -40.07
111 -22.5 90.06999999999999 -40.07
112 -11.25 90.06999999999999 -40.07
113 0 90.06999999999999 -40.07
114 11.25 90.06999999999999 -40.07
115 22.5 90.06999999999999 -40.07
116 33.75 90.06999999999999 -40.07
117 45 90.06999999999999 -28.55000000000001
118 45 90.06999999999999 -17.03000000000002
119 45 90.06999999999999 -5.510000000000019
120 45 90.06999999999999 6.009999999999955
121 45 90.06999999999999 17.52999999999997
122 45 90.06999999999999 29.04999999999998
123 45 -28.17545454545454 -40.07
124 45 -16.35090909090908 -40.07
125 45 -4.526363636363634 -40.07
126 45 7.298181818181824 -40.07
127 45 19.12272727272727 -40.07
128 45 30.94727272727273 -40.07
129 45 42.77181818181819 -40.07
130 45 54.59636363636365 -40.07
131 45 66.42090909090911 -40.07
132 45 78.24545454545455 -40.07
133 -5 48.14423076923077 -0.07000000000000001
134 -5 46.21846153846154 -0.07000000000000001
135 -5 44.29269230769231 -0.07000000000000001
136 -5 42.36692307692308 -0.07000000000000001
137 -5 40.44115384615385 -0.07000000000000001
138 -5 38.51538461538462 -0.07000000000000001
139 -5 36.58961538461539 -0.07000000000000001
140 -5 34.66384615384615 -0.07000000000000001
141 -5 32.73807692307692 -0.07000000000000001
142 -5 30.81230769230769 -0.07000000000000001
143 -5 28.88653846153846 -0.07000000000000001
144 -5 26.96076923076923 -0.07000000000000001
145 -5 25.035 -0.07000000000000001
146 -5 23.10923076923077 -0.07000000000000001
147 -5 21.18346153846154 -0.07000000000000001
148 -5 19.25769230769231 -0.07000000000000001
149 -5 17.33192307692308 -0.07000000000000001
150 -5 15.40615384615385 -0.07000000000000001
151 -5 13.48038461538462 -0.07000000000000001
152 -5 11.55461538461539 -0.07000000000000001
153 -5 9.628846153846155 -0.07000000000000001
154 -5 7.703076923076928 -0.07000000000000001
155 -5 5.777307692307694 -0.07000000000000001
156 -5 3.85153846153846 -0.07000000000000001
157 -5 1.925769230769234 -0.07000000000000001
158 -5 1.925769230769231 0.5700000000000001
159 -5 3.851538461538461 0.5700000000000001
160 -5 5.777307692307692 0.5700000000000001
161 -5 7.703076923076923 0.5700000000000001
162 -5 9.628846153846153 0.5700000000000001
163 -5 11.55461538461538 0.5700000000000001
164 -5 13.48038461538462 0.5700000000000001
165 -5 15.40615384615385 0.5700000000000001
166 -5 17.33192307692308 0.5700000000000001
167 -5 19.25769230769231 0.5700000000000001
168 -5 21.18346153846154 0.5700000000000001
169 -5 23.10923076923077 0.5700000000000001
170 -5 25.035 0.5700000000000001
171 -5 26.96076923076923 0.5700000000000001
172 -5 28.88653846153846 0.5700000000000001
173 -5 30.81230769230769 0.5700000000000001
174 -5 32.73807692307692 0.5700000000000001
175 -5 34.66384615384615 0.5700000000000001
176 -5 36.58961538461539 0.5700000000000001
177 -5 38.51538461538461 0.5700000000000001
178 -5 40.44115384615385 0.5700000000000001
179 -5 42.36692307692307 0.5700000000000001
180 -5 44.29269230769231 0.5700000000000001
181 -5 46.21846153846154 0.5700000000000001
182 -5 48.14423076923077 0.5700000000000001
183 -5 2 0.5
184 -5 4 0.5
185 -5 6 0.5
186 -5 8 0.5
187 -5 10 0.5
188 -5 12 0.5
189 -5 14 0.5
190 -5 16 0.5
191 -5 18 0.5
192 -5 20 0.5
193 -5 22 0.5
194 -5 24 0.5
195 -5 26 0.5
196 -5 28 0.5
197 -5 30 0.5
198 -5 32 0.5
199 -5 34 0.5
200 -5 36 0.5
201 -5 38 0.5
202 -5 40 0.5
203 -5 42 0.5
204 -5 44 0.5
205 -5 46 0.5
206 -5 48 0.5
207 -5 2 0
208 -5 4 0
209 -5 6 0
210 -5 8 0
211 -5 10 0
212 -5 12 0
213 -5 14 0
214 -5 16 0
215 -5 18 0
216 -5 20 0
217 -5 22 0
218 -5 24 0
219 -5 26 0
220 -5 28 0
221 -5 30 0
222 -5 32 0
223 -5 34 0
224 -5 36 0
225 -5 38 0
226 -5 40 0
227 -5 42 0
228 -5 44 0
229 -5 46 0
230 -5 48 0
231 -3 0 -0.07000000000000001
232 -1 0 -0.07000000000000001
233 1 0 -0.07000000000000001
234 3 0 -0.07000000000000001
235 -3 0 0
236 -1 0 0
237 1 0 0
238 3 0 0
239 5 48.14423076923077 -0.07000000000000001
240 5 46.21846153846154 -0.07000000000000001
241 5 44.29269230769231 -0.07000000000000001
242 5 42.36692307692308 -0.07000000000000001
243 5 40.44115384615385 -0.07000000000000001
244 5 38.51538461538462 -0.07000000000000001
245 5 36.58961538461539 -0.07000000000000001
246 5 34.66384615384615 -0.07000000000000001
247 5 32.73807692307692 -0.07000000000000001
248 5 30.81230769230769 -0.07000000000000001
249 5 28.88653846153846 -0.07000000000000001
250 5 26.96076923076923 -0.07000000000000001
251 5 25.035 -0.07000000000000001
252 5 23.10923076923077 -0.07000000000000001
253 5 21.18346153846154 -0.07000000000000001
254 5 19.25769230769231 -0.07000000000000001
255 5 17.33192307692308 -0.07000000000000001
256 5 15.40615384615385 -0.07000000000000001
257 5 13.48038461538462 -0.07000000000000001
258 5 11.55461538461539 -0.07000000000000001
259 5 9.628846153846155 -0.07000000000000001
260 5 7.703076923076928 -0.07000000000000001
261 5 5.777307692307694 -0.07000000000000001
262 5 3.85153846153846 -0.07000000000000001
263 5 1.925769230769234 -0.07000000000000001
264 -3 50.07 -0.07000000000000001
265 -1 50.07 -0.07000000000000001
266 1 50.07 -0.07000000000000001
267 3 50.07 -0.07000000000000001
268 -3 50.07 0.5700000000000001
269 -1 50.07 0.5700000000000001
270 1 50.07 0.5700000000000001
271 3 50.07 0.5700000000000001
272 -3 0 0.5700000000000001
273 -1 0 0.5700000000000001
274 1 0 0.5700000000000001
275 3 0 0.5700000000000001
276 5 48.14423076923077 0.5700000000000001
277 5 46.21846153846154 0.5700000000000001
278 5 44.29269230769231 0.5700000000000001
279 5 42.36692307692308 0.5700000000000001
280 5 40.44115384615385 0.5700000000000001
281 5 38.51538461538462 0.5700000000000001
282 5 36.58961538461539 0.5700000000000001
283 5 34.66384615384615 0.5700000000000001
284 5 32.73807692307692 0.5700000000000001
285 5 30.81230769230769 0.5700000000000001
286 5 28.88653846153846 0.5700000000000001
287 5 26.96076923076923 0.5700000000000001
288 5 25.035 0.5700000000000001
289 5 23.10923076923077 0.5700000000000001
290 5 21.18346153846154 0.5700000000000001
291 5 19.25769230769231 0.5700000000000001
292 5 17.33192307692308 0.5700000000000001
293 5 15.40615384615385 0.5700000000000001
294 5 13.48038461538462 0.5700000000000001
295 5 11.55461538461539 0.5700000000000001
296 5 9.628846153846155 0.5700000000000001
297 5 7.703076923076928 0.5700000000000001
298 5 5.777307692307694 0.5700000000000001
299 5 3.85153846153846 0.5700000000000001
300 5 1.925769230769234 0.5700000000000001
301 -3 0 0.5
302 -1 0 0.5
303 1 0 0.5
304 3 0 0.5
305 -3 50 0.5
306 -1 50 0.5
307 1 50 0.5
308 3 50 0.5
309 5 2 0.5
310 5 4 0.5
311 5 6 0.5
312 5 8 0.5
313 5 10 0.5
314 5 12 0.5
315 5 14 0.5
316 5 16 0.5
317 5 18 0.5
318 5 20 0.5
319 5 22 0.5
320 5 24 0.5
321 5 26 0.5
322 5 28 0.5
323 5 30 0.5
324 5 32 0.5
325 5 34 0.5
326 5 36 0.5
327 5 38 0.5
328 5 40 0.5
329 5 42 0.5
330 5 44 0.5
331 5 46 0.5
332 5 48 0.5
333 -3 50 0
334 -1 50 0
335 1 50 0
336 3 50 0
337 5 2 0
338 5 4 0
339 5 6 0
340 5 8 0
341 5 10 0
342 5 12 0
343 5 14 0
344 5 16 0
345 5 18 0
346 5 20 0
347 5 22 0
348 5 24 0
349 5 26 0
350 5 28 0
351 5 30 0
352 5 32 0
353 5 34 0
354 5 36 0
355 5 38 0
356 5 40 0
357 5 42 0
358 5 44 0
359 5 46 0
360 5 48 0
361 6 7 0.5700000000000001
362 6 9 0.5700000000000001
363 6 11 0.5700000000000001
364 6 13 0.5700000000000001
365 6 15 0.5700000000000001
366 6 17 0.5700000000000001
367 6 19 0.5700000000000001
368 6 21 0.5700000000000001
369 6 23 0.5700000000000001
370 6 25 0.5700000000000001
371 6 27 0.5700000000000001
372 6 29 0.5700000000000001
373 6 31 0.5700000000000001
374 6 33 0.5700000000000001
375 6 35 0.5700000000000001
376 6 37 0.5700000000000001
377 6 39 0.5700000000000001
378 6 41 0.5700000000000001
379 6 43 0.5700000000000001
380 6 7 -0.07000000000000001
381 6 9 -0.07000000000000001
382 6 11 -0.07000000000000001
383 6 13 -0.07000000000000001
384 6 15 -0.07000000000000001
385 6 17 -0.07000000000000001
386 6 19 -0.07000000000000001
387 6 21 -0.07000000000000001
388 6 23 -0.07000000000000001
389 6 25 -0.07000000000000001
390 6 27 -0.07000000000000001
391 6 29 -0.07000000000000001
392 6 31 -0.07000000000000001
393 6 33 -0.07000000000000001
394 6 35 -0.07000000000000001
395 6 37 -0.07000000000000001
396 6 39 -0.07000000000000001
397 6 41 -0.07000000000000001
398 6 43 -0.07000000000000001
399 8 9.444444444444454 0.5700000000000001
400 8 13.88888888888891 0.5700000000000001
401 8 18.33333333333335 0.5700000000000001
402 8 22.77777777777779 0.5700000000000001
403 8 27.22222222222223 0.5700000000000001
404 8 31.66666666666667 0.5700000000000001
405 8 36.11111111111111 0.5700000000000001
406 8 40.55555555555556 0.5700000000000001
407 8 9.444444444444454 -0.07000000000000001
408 8 13.88888888888891 -0.07000000000000001
409 8 18.33333333333335 -0.07000000000000001
410 8 22.77777777777779 -0.07000000000000001
411 8 27.22222222222223 -0.07000000000000001
412 8 31.66666666666667 -0.07000000000000001
413 8 36.11111111111111 -0.07000000000000001
414 8 40.55555555555556 -0.07000000000000001
415 -5 7 2
416 -5 9 2
417 -5 11 2
418 -5 13 2
419 -5 15 2
420 -5 17 2
421 -5 19 2
422 -5 21 2
423 -5 23 2
424 -5 25 2
425 -5 27 2
426 -5 29 2
427 -5 31 2
428 -5 33 2
429 -5 35 2
430 -5 37 2
431 -5 39 2
432 -5 41 2
433 -5 43 2
434 -5 7 1.5
435 -5 9 1.5
436 -5 11 1.5
437 -5 13 1.5
438 -5 15 1.5
439 -5 17 1.5
440 -5 19 1.5
441 -5 21 1.5
442 -5 23 1.5
443 -5 25 1.5
444 -5 27 1.5
445 -5 29 1.5
446 -5 31 1.5
447 -5 33 1.5
448 -5 35 1.5
449 -5 37 1.5
450 -5 39 1.5
451 -5 41 1.5
452 -5 43 1.5
453 -3 5 1.5
454 -1 5 1.5
455 1 5 1.5
456 3 5 1.5
457 -3 5 2
458 -1 5 2
459 1 5 2
460 3 5 2
461 -3 45 2
462 -1 45 2
463 1 45 2
464 3 45 2
465 5 7 2
466 5 9 2
467 5 11 2
468 5 13 2
469 5 15 2
470 5 17 2
471 5 19 2
472 5 21 2
473 5 23 2
474 5 25 2
475 5 27 2
476 5 29 2
477 5 31 2
478 5 33 2
479 5 35 2
480 5 37 2
481 5 39 2
482 5 41 2
483 5 43 2
484 -3 45 1.5
485 -1 45 1.5
486 1 45 1.5
487 3 45 1.5
488 5 7 1.5
489 5 9 1.5
490 5 11 1.5
491 5 13 1.5
492 5 15 1.5
493 5 17 1.5
494 5 19 1.5
495 5 21 1.5
496 5 23 1.5
497 5 25 1.5
498 5 27 1.5
499 5 29 1.5
500 5 31 1.5
501 5 33 1.5
502 5 35 1.5
503 5 37 1.5
504 5 39 1.5
505 5 41 1.5
506 5 43 1.5
507 -45 -29.63989593432655 -0.2970121334698348
508 -45 79.71069943923658 -0.153035633798325
509 -45 13.27980843790634 -30.22250658317337
510 -45 36.88694994870019 30.28854277174712
511 -45 1.385909090909102 30.32964324815983
512 -45 48.66352277946892 -30.36106778698749
513 -45 60.50863636363638 30.32964324815983
514 -45 -10.47807030705446 -30.18489490100572
515 -45 -21.97897038960742 30.59704653879455
516 -45 72.41628904803332 -30.51292001388926
517 -45 -29.67472619028294 -22.14505742843852
518 -45 79.57242173849642 22.05836550754024
519 -45 25.01216292153774 30.28169269234501
520 -45 30.96288371730434 19.94221543262179
521 -45 42.910292383041 19.93873922128822
522 -45 36.98889393787485 9.56539382533699
523 -45 24.99657214370907 9.537437044372545
524 -45 31.03866655191312 -0.8437216387142996
525 -45 43.03793719284249 -0.792097151434298
526 -45 19.03937235143546 -0.8957049294871311
527 -45 12.99235202957497 9.466574354735663
528 -45 7.038851134667169 -0.9518272846238247
529 -45 0.9925475592135697 9.401716445065517
530 -45 -4.961139302005492 -1.007619216013317
531 -45 -10.94782569401702 9.373796717051732
532 -45 25.20946513238181 -11.15192770374465
533 -45 1.085056518951063 -11.37128023881938
534 -45 -10.9148244142882 -11.42473432122508
535 -45 -5.053760792764528 19.77859780797475
536 -45 19.02014233613324 19.88677546835955
537 -45 48.98525670140215 9.587885069402347
538 -45 55.03707141852632 -0.7439449334929975
539 -45 60.96841253473163 9.625715708195116
540 -45 48.91492275028926 -10.85630425725049
541 -45 61.07388826956671 -10.93367800752938
542 -45 36.90844232756262 -11.04519205713079
543 -45 31.00141965993721 -20.98437638174158
544 -45 13.22937115415661 -10.9815113814563
545 -45 67.12247202752815 -0.5988704984920403
546 -45 73.08484657377784 -11.04809143265413
547 -45 -17.02051289413872 -0.8958991116322252
548 -45 -22.80320061967154 -11.19603015236451
549 -45 13.21045454545457 30.32964324815983
550 -45 -10.43863636363634 30.32964324815983
551 -45 48.71534909748365 30.30469840328426
552 -45 1.304154727220407 -30.25482060939479
553 -45 60.72493631200905 -30.25347649745361
554 -45 6.984133123209837 19.78974604691702
555 -45 -16.63662149635942 20.0060941195992
556 -45 -29.29802736520222 21.4791483835539
557 -45 72.76976634591554 10.46090747981802
558 -45 66.74372766225798 20.50687242914355
559 -45 54.80527912375881 20.04892567991221
560 -45 -22.70272751638323 9.856827796129302
561 -45 79.90282946387575 -21.85517882851731
562 -45 -22.18158354185285 -30.77113198529323
563 -45 72.1828137269293 31.03757029092194
564 -45 25.07311096400618 -30.72612287625725
565 -45 19.1531647020541 -20.76181671195518
566 -45 36.81007842281045 -30.71756854100809
567 -45 42.90412714315877 -20.70932447964408
568 -45 54.9655783640726 -20.47961133428029
569 -45 7.17607923814905 -20.6285351405345
570 -45 67.02806133855587 -20.84715935238734
571 -45 -4.850820772758937 -20.5407626511244
572 -45 -16.81720430765149 -21.04376857324191
573 -45 82.29948805206281 11.77000000000002
574 -45 -32.42702455326986 -11.27000000000001
575 -45 -32.43179752191558 11.76999999999997
576 -45 82.56767509537804 -11.11926117899396
577 -45 -31.29411557097976 31.94253571617505
578 -45 81.6057329608213 32.1905405606881
579 -45 -31.53573296082132 -31.69054056068808
580 -45 82.00241525402888 -32.07753061829451
581 -34.91119497333263 -40 0.1750803189122507
582 4.377102301253878 -40 -30.07646178980753
583 4.474749469709742 -40 30.31294338519609
584 34.90370729314222 -40 0.05947165904182583
585 -17.45782470777997 -40 30.51261166441417
586 -17.55032455925896 -40 -30.08923869382915
587 35.06806440564426 -40 22.03347556169154
588 34.99640648375635 -40 -22.59279980631242
589 -35.785107272917 -40 -22.86945176069817
590 -35.73974220873565 -40 23.34556353573637
591 -35.02338734840327 -40 11.76999999999996
592 -24.63108250299002 -40 6.009999999999948
593 -24.74780311116547 -40 -5.90438063425556
594 -14.31212780873042 -40 -0.1007605499292481
595 -13.95787905964648 -40 11.51048580809917
596 -3.816563050195825 -40 5.696715299175828
597 -3.995339098213563 -40 -6.249737583068502
598 6.471073710967538 -40 -0.3831751984652811
599 6.835499804581715 -40 11.23207323533082
600 16.5886323201905 -40 5.435229652026401
601 16.34505376881565 -40 -6.508521463031414
602 16.95070634437337 -40 16.81335153191176
603 27.3964928353959 -40 11.36827001857301
604 -14.16827152095491 -40 -11.59918788705815
605 -2.612179253150401 -40 -19.08654814956808
606 -2.408057133169912 -40 18.94976950854709
607 6.488400720616085 -40 -12.24497955863858
608 16.69165111852955 -40 -17.50931968227224
609 27.17970290759307 -40 -11.47787000220606
610 -23.96499309924634 -40 19.47990393453363
611 -35.02363258918511 -40 -11.36012505709067
612 -6.576861373068191 -40 30.44290400817803
613 16.75843841716503 -40 28.82174057682828
614 -6.689707683685057 -40 -30.15846349180584
615 16.61256415775978 -40 -28.86280331729083
616 -24.07185480634805 -40 -19.1927833418767
617 -28.37928559004363 -40 31.13918401015891
618 28.48257344714179 -40 30.84045133486878
619 -28.20181001679091 -40 -30.89642247031441
620 28.125 -40 -30.96856704257494
621 37.41596333689834 -40 -11.31023962989534
622 24.48271782502748 -40 -0.2246840271192454
623 37.47365290683649 -40 11.40024344786126
624 -12.82003586716898 -40 21.7420994909109
625 8.522267380531993 -40 21.22597564756281
626 -13.08088055870907 -40 -21.68002127931218
627 24.72106493352776 -40 -22.2822719701313
628 24.93125508994407 -40 21.97545780477466
629 7.915025559589537 -40 -21.42374468187436
630 36.86315352449978 -40 32.35702492626933
631 -36.86315352449979 -40 -31.85702492626933
632 -36.86315352449983 -40 32.35702492626934
633 37.37428129675128 -40 -32.45027336977747
634 -34.91648153793478 13.4307015984209 40.57
635 34.78890145225091 37.06138880802985 40.57
636 -4.410556689358579 79.90383766430483 40.57
637 4.564297372799125 -29.2255231530128 40.57
638 34.71854277174711 1.413313585063811 40.57
639 -34.81996152786385 49.12982940273282 40.57
640 17.50579897109691 79.9365230343447 40.57
641 -17.01789065336138 -29.58019225340837 40.57
642 -34.92152361158053 -10.5558577527872 40.57
643 34.75964324815983 60.50863636363637 40.57
644 35.00447791784674 -21.8389872514801 40.57
645 -34.84418114057656 72.02681075474092 40.57
646 34.73036821637979 -10.38547117898572 40.57
647 24.36733840274657 -4.526363636363641 40.57
648 24.40036142700095 7.432401735837587 40.57
649 14.00097449286638 1.513659879527737 40.57
650 14.06038225727126 13.51084432992469 40.57
651 3.640957253100034 7.56844600030351 40.57
652 3.702717048991644 19.56895158421787 40.57
653 -6.719806312456413 13.62247769287402 40.57
654 -6.658551111174063 25.6225209452916 40.57
655 3.76430091252233 31.569739987582 40.57
656 -6.597326506426818 37.62256023943073 40.57
657 3.825427686384302 43.56958425827558 40.57
658 -6.780799125507428 1.622732376292653 40.57
659 -6.536183560993798 49.62243710068483 40.57
660 3.886553578566193 55.56942747724698 40.57
661 -17.02006610398507 31.67556251459419 40.57
662 14.1798930382077 49.51691673681577 40.57
663 13.97294346215865 -10.42170885285458 40.57
664 24.41295244743891 19.36197011547809 40.57
665 -6.724569143320451 61.19515208399733 40.57
666 -16.53001019279265 55.60202801989624 40.57
667 -16.81189580435395 66.79809977017933 40.57
668 13.96834015473167 61.07008717894003 40.57
669 -16.71217193061439 7.673579552248611 40.57
670 -16.68907859094845 -4.3266419815115 40.57
671 -6.755973510898187 -10.37727112114797 40.57
672 -16.63234621235819 -16.75434390057517 40.57
673 -27.30571582224649 1.620373980093404 40.57
674 -6.607759966652651 -22.38910868048966 40.57
675 -27.81992179086838 -22.4436085448927 40.57
676 -27.22867506484031 60.96905988669299 40.57
677 3.80518492667165 -16.50300735567229 40.57
678 14.0696888609456 25.49909045364737 40.57
679 14.12329484992064 37.51424707771963 40.57
680 24.43960863861767 43.2847770028564 40.57
681 -16.57938128167822 19.6730586316299 40.57
682 -27.44277633219742 25.72862316190538 40.57
683 -26.3779105265311 39.46413828857749 40.57
684 3.647214583065178 -4.432858178925159 40.57
685 -16.32097251137402 43.95042279933374 40.57
686 2.498655794839145 68.62752302496884 40.57
687 24.45511648652177 -16.27986426063595 40.57
688 25.97337140175722 -29.01501411038064 40.57
689 34.75964324815983 13.21045454545455 40.57
690 35.71252956068736 72.47904405818146 40.57
691 34.70868863400115 25.19503174631465 40.57
692 24.42385581386247 31.31941753400766 40.57
693 -16.6542650852332 78.5186626911625 40.57
694 6.650123644380642 79.9792502661381 40.57
695 34.70821213896053 48.94810424487686 40.57
696 14.73378707197799 -22.16719465300464 40.57
697 24.37623024320429 55.17591758325602 40.57
698 23.92919799536948 68.75578365550182 40.57
699 -28.12500000000005 80.85265949694389 40.57
700 28.38501843437381 80.52105149528063 40.57
701 -6.062270649442979 -32.23896481738216 40.57
702 -37.37856354665614 60.62859455428789 40.57
703 -24.25550596468038 49.82309567944665 40.57
704 -36.31323319258313 35.89757033966853 40.57
705 -37.93028799750003 -21.85366489703202 40.57
706 -37.73449821254307 25.02537901999897 40.57
707 -24.59130538093426 13.62526738485964 40.57
708 13.05684378970634 71.26761787321026 40.57
709 -37.42874419435236 1.453407201509066 40.57
710 -24.67371720560041 -10.49201563993464 40.57
711 15.67670736258935 -31.69432054100258 40.57
712 -27.5995614058562 -32.75325906988352 40.57
713 -8.4205261854854 71.00865504692257 40.57
714 36.39599987947793 -31.25347444798209 40.57
715 -24.73280341900082 71.83305851994392 40.57
716 -36.90999458505125 -31.74249455111654 40.57
717 36.91258407908919 81.81495822365592 40.57
718 -36.91258407908929 81.81495822365592 40.57
719 -34.91119497333263 90.06999999999999 0.1750803189122507
720 4.377102301253878 90.06999999999999 -30.07646178980753
721 4.474749469709742 90.06999999999999 30.31294338519609
722 34.90370729314222 90.06999999999999 0.05947165904182583
723 -17.45782470777997 90.06999999999999 30.51261166441417
724 -17.55032455925896 90.06999999999999 -30.08923869382915
725 35.06806440564426 90.06999999999999 22.03347556169154
726 34.99640648375635 90.06999999999999 -22.59279980631242
727 -35.785107272917 90.06999999999999 -22.86945176069817
728 -35.73974220873565 90.06999999999999 23.34556353573637
729 -35.02338734840327 90.06999999999999 11.76999999999996
730 -24.63108250299002 90.06999999999999 6.009999999999948
731 -24.74780311116547 90.06999999999999 -5.90438063425556
732 -14.31212780873042 90.06999999999999 -0.1007605499292481
733 -13.95787905964648 90.06999999999999 11.51048580809917
734 -3.816563050195825 90.06999999999999 5.696715299175828
735 -3.995339098213563 90.06999999999999 -6.249737583068502
736 6.471073710967538 90.06999999999999 -0.3831751984652811
737 6.835499804581715 90.06999999999999 11.23207323533082
738 16.5886323201905 90.06999999999999 5.435229652026401
739 16.34505376881565 90.06999999999999 -6.508521463031414
740 16.95070634437337 90.06999999999999 16.81335153191176
741 27.3964928353959 90.06999999999999 11.36827001857301
742 -14.16827152095491 90.06999999999999 -11.59918788705815
743 -2.612179253150401 90.06999999999999 -19.08654814956808
744 -2.408057133169912 90.06999999999999 18.94976950854709
745 6.488400720616085 90.06999999999999 -12.24497955863858
746 16.69165111852955 90.06999999999999 -17.50931968227224
747 27.17970290759307 90.06999999999999 -11.47787000220606
748 -23.96499309924634 90.06999999999999 19.47990393453363
749 -35.02363258918511 90.06999999999999 -11.36012505709067
750 -6.576861373068191 90.06999999999999 30.44290400817803
751 16.75843841716503 90.06999999999999 28.82174057682828
752 -6.689707683685057 90.06999999999999 -30.15846349180584
753 16.61256415775978 90.06999999999999 -28.86280331729083
754 -24.07185480634805 90.06999999999999 -19.1927833418767
755 -28.37928559004363 90.06999999999999 31.13918401015891
756 28.48257344714179 90.06999999999999 30.84045133486878
757 -28.20181001679091 90.06999999999999 -30.89642247031441
758 28.125 90.06999999999999 -30.96856704257494
759 37.41596333689834 90.06999999999999 -11.31023962989534
760 24.48271782502748 90.06999999999999 -0.2246840271192454
761 37.47365290683649 90.06999999999999 11.40024344786126
762 -12.82003586716898 90.06999999999999 21.7420994909109
763 8.522267380531993 90.06999999999999 21.22597564756281
764 -13.08088055870907 90.06999999999999 -21.68002127931218
765 24.72106493352776 90.06999999999999 -22.2822719701313
766 24.93125508994407 90.06999999999999 21.97545780477466
767 7.915025559589537 90.06999999999999 -21.42374468187436
768 36.86315352449978 90.06999999999999 32.35702492626933
769 -36.86315352449979 90.06999999999999 -31.85702492626933
770 -36.86315352449983 90.06999999999999 32.35702492626934
771 37.37428129675128 90.06999999999999 -32.45027336977747
772 -34.81996152786391 12.7647160518127 -40.07
773 34.75542658669677 36.71644889466396 -40.07
774 4.745933920045196 -29.39457271179426 -40.07
775 -4.471557561361521 79.58607349968207 -40.07
776 34.85503460646817 1.067279309843329 -40.07
777 -34.9164815379348 48.46384385612465 -40.07
778 17.4760882701203 79.74089927592979 -40.07
779 -16.875 -30.25721420742506 -40.07
780 -34.77083456420861 -11.04936580512149 -40.07
781 34.71854277174711 60.48123186948166 -40.07
782 35.78015516963922 -22.42659504967245 -40.07
783 -35.12134082263598 71.04724566543172 -40.07
784 35.68724420893047 72.37268705289236 -40.07
785 23.91778529796595 68.42296965120963 -40.07
786 24.29525975885863 54.7954112032333 -40.07
787 14.00379888557197 60.37676033148372 -40.07
788 14.01289287839784 48.43814219268714 -40.07
789 3.633513088738717 54.33448542499742 -40.07
790 3.693112382472052 42.33643625306718 -40.07
791 -6.722647784269924 48.27527248725406 -40.07
792 -6.660625467562994 36.27436569397432 -40.07
793 3.762265423026292 30.32721535567403 -40.07
794 -6.597489353305917 24.27216241886121 -40.07
795 3.825060102253317 18.32539892183616 -40.07
796 -6.536203197593927 12.27213019555551 -40.07
797 3.886491349817462 6.325194589215734 -40.07
798 -6.475062733960691 0.2722701319340644 -40.07
799 -17.02043897119647 30.2194026713625 -40.07
800 3.947668755861748 -5.674712371419965 -40.07
801 14.18664828613339 24.37831448720196 -40.07
802 -6.413925709875329 -11.727586810197 -40.07
803 -6.960683529491412 59.9614847217847 -40.07
804 14.24098173185096 0.3777976237166882 -40.07
805 14.08250922691233 -11.1484060906918 -40.07
806 -16.48842906399945 6.221333868496096 -40.07
807 -16.7426262432473 54.16977863048277 -40.07
808 -17.00321827987292 65.72405615439627 -40.07
809 -27.51284301034265 59.97070892377887 -40.07
810 24.57617178615428 -5.255389614673447 -40.07
811 2.415501611019366 67.95548406784808 -40.07
812 14.08511504556442 36.39010330640536 -40.07
813 24.47687038585295 30.56342130144134 -40.07
814 24.51395425995165 18.66567653100795 -40.07
815 -16.58533844968603 42.21394988456566 -40.07
816 -27.44277633219753 36.16592229264026 -40.07
817 -26.3779726710664 22.43047712120325 -40.07
818 -16.31414523911282 17.93237351620085 -40.07
819 14.15237596482896 12.41687910336195 -40.07
820 -16.37430475521695 -5.778243522956728 -40.07
821 -27.03204320745593 0.5573813311448959 -40.07
822 -16.3444594297402 -17.87464564942432 -40.07
823 -6.083940598587176 -23.29137308742579 -40.07
824 -27.1072986880239 -23.33927361393064 -40.07
825 3.890629078915282 -17.08663259629748 -40.07
826 34.67938974096538 48.63184884856074 -40.07
827 24.38415906605599 42.5892292911653 -40.07
828 34.87081044450409 24.97523331344557 -40.07
829 6.609870589625586 79.68784495062678 -40.07
830 17.36441835812989 -29.75455488207151 -40.07
831 -16.74654214464958 78.00328356935978 -40.07
832 34.75015322831516 12.92633178539987 -40.07
833 24.51477859626151 6.699762456442713 -40.07
834 35.00658665783492 -10.66805451570683 -40.07
835 24.00005286825794 -18.75982916514515 -40.07
836 28.38453507918605 -30.44765622009084 -40.07
837 -28.49928923223165 80.0546543106135 -40.07
838 28.37395030935097 80.41525236728127 -40.07
839 12.96196759055067 70.84314336715177 -40.07
840 -8.553299980871223 70.24607640261418 -40.07
841 -37.06066585268836 -21.9373486073921 -40.07
842 -24.32578812892912 -11.49682945205766 -40.07
843 -37.32456785990569 1.00890995193086 -40.07
844 -24.2065103418997 11.98125637777156 -40.07
845 -36.31324059074214 25.99698344288115 -40.07
846 -37.73449969217489 36.86916810014739 -40.07
847 -24.64001311468166 48.19684071751846 -40.07
848 -37.51013307418269 60.0998142345216 -40.07
849 12.81670869045213 -21.22879908920004 -40.07
850 -5.625 -32.81964740472715 -40.07
851 -35.51085520817562 -30.91746677827395 -40.07
852 -24.97664669794656 70.95998972471602 -40.07
853 36.91258407908919 81.81495822365592 -40.07
854 36.91258407908923 -31.74495822365595 -40.07
855 -36.91258407908929 81.81495822365592 -40.07
856 -26.57678390184035 -32.65991462933749 -40.07
857 45 -29.63989593432655 -0.2970121334698348
858 45 79.71069943923658 -0.153035633798325
859 45 13.27980843790634 -30.22250658317337
860 45 36.88694994870019 30.28854277174712
861 45 1.385909090909102 30.32964324815983
862 45 48.66352277946892 -30.36106778698749
863 45 60.50863636363638 30.32964324815983
864 45 -10.47807030705446 -30.18489490100572
865 45 -21.97897038960742 30.59704653879454
866 45 72.41628904803332 -30.51292001388926
867 45 -29.67472619028294 -22.14505742843852
868 45 79.57242173849642 22.05836550754024
869 45 25.01216292153774 30.28169269234501
870 45 30.96288371730434 19.94221543262179
871 45 42.910292383041 19.93873922128822
872 45 36.98889393787485 9.56539382533699
873 45 24.99657214370907 9.537437044372545
874 45 31.03866655191312 -0.8437216387142996
875 45 43.03793719284249 -0.792097151434298
876 45 19.03937235143546 -0.8957049294871311
877 45 12.99235202957497 9.466574354735663
878 45 7.038851134667169 -0.9518272846238247
879 45 0.9925475592135697 9.401716445065517
880 45 -4.961139302005492 -1.007619216013317
881 45 -10.94782569401702 9.373796717051725
882 45 25.20946513238181 -11.15192770374465
883 45 1.085056518951063 -11.37128023881938
884 45 -10.9148244142882 -11.42473432122508
885 45 -5.053760792764528 19.77859780797475
886 45 19.02014233613324 19.88677546835955
887 45 48.98525670140215 9.587885069402347
888 45 55.03707141852632 -0.7439449334929975
889 45 60.96841253473163 9.625715708195116
890 45 48.91492275028926 -10.85630425725049
891 45 61.07388826956671 -10.93367800752938
892 45 36.90844232756262 -11.04519205713079
893 45 31.00141965993721 -20.98437638174158
894 45 13.22937115415661 -10.9815113814563
895 45 67.12247202752815 -0.5988704984920403
896 45 73.08484657377784 -11.04809143265413
897 45 -17.02051289413872 -0.8958991116322252
898 45 -22.80320061967154 -11.19603015236451
899 45 13.21045454545457 30.32964324815983
900 45 -10.43863636363634 30.32964324815983
901 45 48.71534909748365 30.30469840328426
902 45 1.304154727220407 -30.25482060939479
903 45 60.72493631200905 -30.25347649745361
904 45 6.984133123209837 19.78974604691702
905 45 -16.63662149635942 20.0060941195992
906 45 -29.29802736520222 21.4791483835539
907 45 72.76976634591554 10.46090747981802
908 45 66.74372766225798 20.50687242914355
909 45 54.80527912375881 20.04892567991221
910 45 -22.70272751638323 9.856827796129302
911 45 79.90282946387575 -21.85517882851731
912 45 -22.18158354185285 -30.77113198529323
913 45 72.1828137269293 31.03757029092194
914 45 25.07311096400618 -30.72612287625725
915 45 19.1531647020541 -20.76181671195518
916 45 36.81007842281045 -30.71756854100809
917 45 42.90412714315877 -20.70932447964408
918 45 54.9655783640726 -20.47961133428029
919 45 7.17607923814905 -20.6285351405345
920 45 67.02806133855587 -20.84715935238734
921 45 -4.850820772758937 -20.5407626511244
922 45 -16.81720430765149 -21.04376857324191
923 45 82.29948805206281 11.77000000000002
924 45 -32.42702455326986 -11.27000000000001
925 45 -32.43179752191559 11.76999999999997
926 45 82.56767509537804 -11.11926117899396
927 45 -31.29411557097976 31.94253571617505
928 45 81.6057329608213 32.1905405606881
929 45 -31.53573296082132 -31.69054056068808
930 45 82.00241525402888 -32.07753061829451
931 -3.332234924327433 14.44326923076923 -0.07000000000000001
932 -3.230098156422463 10.43465537377626 -0.07000000000000001
933 -3.427679721269315 41.49976885201108 -0.07000000000000001
934 -3.314880289624093 33.71254862649185 -0.07000000000000001
935 -3.356338892639258 37.52921334670147 -0.07000000000000001
936 -3.325246085899582 18.28281539510087 -0.07000000000000001
937 -3.251164554614298 6.806538966800348 -0.07000000000000001
938 -3.326712459112966 27.93172960424145 -0.07000000000000001
939 -3.314880289624096 24.06052829658506 -0.07000000000000001
940 -0.01848790661541067 48.34862319029225 -0.07000000000000001
941 3.34155451550409 31.75631554672896 -0.07000000000000001
942 3.25116455461424 43.26346103319963 -0.07000000000000001
943 3.357970675761297 12.5624522726051 -0.07000000000000001
944 3.230098156422418 39.63534462622371 -0.07000000000000001
945 3.314880289624096 16.38062554956878 -0.07000000000000001
946 3.427679721269278 8.570231147988901 -0.07000000000000001
947 3.365231213515379 25.99089960630836 -0.07000000000000001
948 3.366925486328244 20.17930437848087 -0.07000000000000001
949 3.245190492371968 4.681152407748282 -0.07000000000000001
950 3.344686401232863 35.65205807420764 -0.07000000000000001
951 0.01848790661538136 1.721376809707734 -0.07000000000000001
952 -3.245190492371981 45.38884759225172 -0.07000000000000001
953 3.207358400130008 46.96748422736142 -0.07000000000000001
954 -3.207358400130031 3.102515772638559 -0.07000000000000001
955 2.006726806696784 1.577084248611091 -0.07000000000000001
956 1.344187605084073 3.556234553389281 -0.07000000000000001
957 -0.9838286837183121 3.443197163651137 -0.07000000000000001
958 0 5.196152422706632 -0.07000000000000001
959 -2.01209831444133 5.04850510549921 -0.07000000000000001
960 -1.094759413624214 6.866716941162856 -0.07000000000000001
961 0.7523646216045963 7.140964109910123 -0.07000000000000001
962 -0.08652985486014053 8.69209705623817 -0.07000000000000001
963 -2.118764461425148 8.634476187795432 -0.07000000000000001
964 -1.227414767604675 10.34088725033342 -0.07000000000000001
965 0.7850285000412356 10.52210768563382 -0.07000000000000001
966 -0.1654348230132126 12.2335866629853 -0.07000000000000001
967 -2.006726806696804 48.4929157513889 -0.07000000000000001
968 -1.344187605084105 46.51376544661071 -0.07000000000000001
969 0.9838286837182597 46.62680283634884 -0.07000000000000001
970 -8.526512829121202e-14 44.87384757729336 -0.07000000000000001
971 2.012098314441261 45.02149489450076 -0.07000000000000001
972 1.094759413624111 43.20328305883713 -0.07000000000000001
973 -0.7523646216046966 42.92903589008985 -0.07000000000000001
974 0.08652985485998332 41.37790294376181 -0.07000000000000001
975 2.118764461425057 41.43552381220455 -0.07000000000000001
976 1.227414767604542 39.72911274966656 -0.07000000000000001
977 -0.8048991249009783 39.57065987224303 -0.07000000000000001
978 0.1782973834343675 37.86768754118735 -0.07000000000000001
979 3.370884927490305 37.55276532396694 -0.07000000000000001
980 -3.311987850506878 31.76553640100037 -0.07000000000000001
981 -1.604468542131409 32.7383068256172 -0.07000000000000001
982 -1.62714598451417 30.77839208937178 -0.07000000000000001
983 -1.618757340641955 34.72475576087479 -0.07000000000000001
984 0.09039876257290302 33.74948308397342 -0.07000000000000001
985 0.08832157671438168 35.75109947994694 -0.07000000000000001
986 0.09643967302803702 31.72575480156398 -0.07000000000000001
987 0.03723471278667567 29.79939908098903 -0.07000000000000001
988 -3.43606170250631 43.4366723970236 -0.07000000000000001
989 -3.332234924327433 35.62673076923077 -0.07000000000000001
990 -3.301724158522481 26.00676403291887 -0.07000000000000001
991 -1.591292678219651 25.02606907714069 -0.07000000000000001
992 -1.612845522851522 23.05093893419503 -0.07000000000000001
993 0.1008035202447157 24.01604521420161 -0.07000000000000001
994 0.06435711927483911 22.01888479931819 -0.07000000000000001
995 0.08263729155430166 25.98011510494489 -0.07000000000000001
996 1.729765122310856 23.04036538502412 -0.07000000000000001
997 -1.639783721154584 21.07393360993316 -0.07000000000000001
998 0.02969235231959821 20.11569638174246 -0.07000000000000001
999 -1.613236830996559 26.96811667243589 -0.07000000000000001
1000 -3.320156996801353 16.36703974533732 -0.07000000000000001
1001 -1.666642707526497 15.41244964805786 -0.07000000000000001
1002 3.32737968538202 14.44807699953075 -0.07000000000000001
1003 1.639431494762265 15.4165067974702 -0.07000000000000001
1004 1.664652082936453 17.32256596435234 -0.07000000000000001
1005 3.008029055859645 10.53100649656366 -0.07000000000000001
1006 3.353130311583296 18.27831984049567 -0.07000000000000001
1007 -3.361710399081768 12.53436079113299 -0.07000000000000001
1008 3.361263936944875 27.91603913396091 -0.07000000000000001
1009 3.436061702506279 6.633327602976394 -0.07000000000000001
1010 -3.329551600688549 22.13856264126484 -0.07000000000000001
1011 -3.016477723858299 39.55280009989497 -0.07000000000000001
1012 3.351077835198534 29.81968052642013 -0.07000000000000001
1013 3.345183026851103 33.72091339009379 -0.07000000000000001
1014 -3.332234924327476 29.84942307692309 -0.07000000000000001
1015 -3.328597239415768 20.19661769432009 -0.07000000000000001
1016 -1.650281897300498 36.63289514595375 -0.07000000000000001
1017 3.380284158920688 24.05248864332531 -0.07000000000000001
1018 -1.662486378898952 17.31561521562637 -0.07000000000000001
1019 1.663276853822572 13.48038461538462 -0.07000000000000001
1020 -0.01610363417591376 16.34650838323937 -0.07000000000000001
1021 -0.03837972682685198 14.40142447401059 -0.07000000000000001
1022 1.959207150316218 48.4594130131421 -0.07000000000000001
1023 -1.959207150316234 1.610586986857893 -0.07000000000000001
1024 -1.729888054437967 13.48155785486966 -0.07000000000000001
1025 1.70434510311472 32.73810344475232 -0.07000000000000001
1026 1.733572925332703 25.00678053076225 -0.07000000000000001
1027 3.364401412017459 2.83002535378726 -0.07000000000000001
1028 -3.364401412017478 47.23997464621273 -0.07000000000000001
1029 3.426573463695552 22.13257084338812 -0.07000000000000001
1030 -1.630732106052825 28.8657034366765 -0.07000000000000001
1031 1.709675513001369 30.78118143298526 -0.07000000000000001
1032 1.696898016511133 34.74116588662562 -0.07000000000000001
1033 1.72980100531567 26.94222331230684 -0.07000000000000001
1034 1.731606259090013 21.11410492565173 -0.07000000000000001
1035 -1.66633289489634 19.20113017914957 -0.07000000000000001
1036 0.05551755183057061 27.90056546746838 -0.07000000000000001
1037 1.707428425846281 28.85984815902176 -0.07000000000000001
1038 1.727401238376224 36.62831864869665 -0.07000000000000001
1039 1.679071699321476 19.20534904481625 -0.07000000000000001
1040 -0.01705831959317727 18.24284664720774 -0.07000000000000001
1041 3.694124253837103 45.15271880024313 -0.07000000000000001
1042 -3.694124253837132 4.917281199756854 -0.07000000000000001
1043 1.798997446782229 5.688952056736993 -0.07000000000000001
1044 -1.798997446782281 44.38104794326301 -0.07000000000000001
1045 1.665447141855362 9.054463811010313 -0.07000000000000001
1046 -1.665447141855458 41.01553618898956 -0.07000000000000001
1047 1.820077352090349 11.82432902024594 -0.07000000000000001
1048 -1.860979186343084 38.29788397778127 -0.07000000000000001
1049 1.946819294665571 38.28264577794825 -0.07000000000000001
1050 -1.937256248340123 11.7961866776786 -0.07000000000000001
1051 3.770265640336937 41.41650928674382 -0.07000000000000001
1052 -3.770265640336977 8.653490713256176 -0.07000000000000001
1053 3.582543724664454 48.6735678248501 -0.07000000000000001
1054 -3.582543724664439 1.396432175149929 -0.07000000000000001
1055 -3.590303567951975 48.6816267793328 -0.07000000000000001
1056 3.590303567951931 1.388373220667211 -0.07000000000000001
1057 2.228854044721376 7.599035677686118 -0.07000000000000001
1058 -2.228854044721453 42.47096432231388 -0.07000000000000001
1059 -3.333804887437497 35.6349680202541 0.5700000000000001
1060 -3.230098156422462 39.63534462622374 0.5700000000000001
1061 3.427679721269289 8.570231147988913 0.5700000000000001
1062 3.346357549466086 12.54766231443906 0.5700000000000001
1063 3.314880289624103 16.38062554956878 0.5700000000000001
1064 3.345149831701585 31.78167690204078 0.5700000000000001
1065 -3.251164554614295 43.26346103319965 0.5700000000000001
1066 -3.314880289624091 22.15793324187647 0.5700000000000001
1067 -3.333849828714889 26.00283514743484 0.5700000000000001
1068 0.01848790661538224 1.721376809707735 0.5700000000000001
1069 3.245190492371968 45.38884759225172 0.5700000000000001
1070 3.42767972126928 41.4997688520111 0.5700000000000001
1071 -3.251164554614268 6.806538966800346 0.5700000000000001
1072 -3.336565757924975 14.44320118478279 0.5700000000000001
1073 3.332419747518562 20.22640235765033 0.5700000000000001
1074 -3.314880289624091 29.83783598889276 0.5700000000000001
1075 3.346786388426217 37.50669393488027 0.5700000000000001
1076 3.344686401232874 24.09744268959225 0.5700000000000001
1077 -3.230098156422449 10.43465537377626 0.5700000000000001
1078 -3.344686401232875 18.32013499728457 0.5700000000000001
1079 3.345194906381399 27.89862994978881 0.5700000000000001
1080 0.01848790661538224 48.34862319029227 0.5700000000000001
1081 3.245190492371975 4.681152407748286 0.5700000000000001
1082 -3.20735840013003 46.96748422736144 0.5700000000000001
1083 -3.207358400130021 3.102515772638561 0.5700000000000001
1084 2.006726806696784 1.577084248611094 0.5700000000000001
1085 1.344187605084084 3.556234553389281 0.5700000000000001
1086 -0.9838286837182988 3.443197163651149 0.5700000000000001
1087 4.085620730620576e-14 5.196152422706632 0.5700000000000001
1088 -2.012098314441298 5.048505105499217 0.5700000000000001
1089 -1.094759413624172 6.866716941162863 0.5700000000000001
1090 0.7523646216046309 7.140964109910129 0.5700000000000001
1091 -0.08652985486008813 8.692097056238183 0.5700000000000001
1092 -2.118764461425112 8.634476187795435 0.5700000000000001
1093 -1.227414767604635 10.34088725033343 0.5700000000000001
1094 0.8042105305721181 10.50021914883233 0.5700000000000001
1095 -0.1886721148951542 12.21802184043861 0.5700000000000001
1096 2.006726806696784 48.49291575138891 0.5700000000000001
1097 1.344187605084074 46.51376544661072 0.5700000000000001
1098 -0.9838286837183103 46.62680283634887 0.5700000000000001
1099 3.552713678800501e-15 44.87384757729337 0.5700000000000001
1100 -2.012098314441328 45.02149489450079 0.5700000000000001
1101 -1.094759413624209 43.20328305883714 0.5700000000000001
1102 0.7523646216046007 42.92903589008988 0.5700000000000001
1103 -0.08652985486013343 41.37790294376182 0.5700000000000001
1104 -2.118764461425144 41.43552381220456 0.5700000000000001
1105 -1.227414767604669 39.72911274966658 0.5700000000000001
1106 0.7850285000412418 39.54789231436618 0.5700000000000001
1107 -0.1890784936890899 37.85577114553733 0.5700000000000001
1108 3.304998340247995 14.44076282532275 0.5700000000000001
1109 1.594222872769511 15.41329176868285 0.5700000000000001
1110 1.619990101538908 17.3955932209474 0.5700000000000001
1111 -0.1195149055549747 16.42501691181229 0.5700000000000001
1112 -0.03896462082338381 18.37418349555614 0.5700000000000001
1113 -0.1090750162413006 14.40308795474185 0.5700000000000001
1114 1.632156498974929 13.46920063500385 0.5700000000000001
1115 -3.33119200766529 20.233179865925 0.5700000000000001
1116 -1.636964180910199 21.23600419695061 0.5700000000000001
1117 -1.624627772331119 23.17875329741267 0.5700000000000001
1118 0.04739871905094617 22.23135824443644 0.5700000000000001
1119 0.02834077774809796 24.1361619123563 0.5700000000000001
1120 -3.311987850506863 31.78484821438423 0.5700000000000001
1121 -1.602346574665685 30.80562863314692 0.5700000000000001
1122 -1.602723090869006 32.78402699617608 0.5700000000000001
1123 -1.629892120110028 28.85315918951021 0.5700000000000001
1124 0.1195149055549729 29.79344462664921 0.5700000000000001
1125 0.01826478243917951 27.8843578030489 0.5700000000000001
1126 0.1174467469144753 31.79403783823045 0.5700000000000001
1127 0.05055956615777291 33.77552357397169 0.5700000000000001
1128 3.005858016676571 39.5381397109217 0.5700000000000001
1129 3.332234924327427 35.62673076923078 0.5700000000000001
1130 1.600184116758552 36.58961538461539 0.5700000000000001
1131 3.355027047460123 33.71473297840413 0.5700000000000001
1132 3.43606170250629 6.633327602976394 0.5700000000000001
1133 3.345975131843273 29.82125035242093 0.5700000000000001
1134 3.357955802542994 25.99823859209842 0.5700000000000001
1135 -3.332234924327433 33.70096153846154 0.5700000000000001
1136 -3.375560007886474 37.54346643762783 0.5700000000000001
1137 3.436061702506281 43.43667239702361 0.5700000000000001
1138 -3.332234924327439 24.07211538461538 0.5700000000000001
1139 -3.332234924327431 27.92365384615385 0.5700000000000001
1140 3.012686043666474 10.52120215244717 0.5700000000000001
1141 3.345458629101406 22.17343657756859 0.5700000000000001
1142 -3.344459702022433 16.39833117886957 0.5700000000000001
1143 3.3322349243275 18.29480769230767 0.5700000000000001
1144 -3.368215438341138 12.52142761121418 0.5700000000000001
1145 -1.677935188319939 34.72023146246529 0.5700000000000001
1146 -1.674850904678125 25.05870740497263 0.5700000000000001
1147 1.670313295838834 19.30666935708726 0.5700000000000001
1148 -1.959207150316233 48.4594130131421 0.5700000000000001
1149 -1.959207150316229 1.610586986857896 0.5700000000000001
1150 3.364401412017461 2.830025353787271 0.5700000000000001
1151 3.364401412017459 47.23997464621274 0.5700000000000001
1152 -1.71228444041159 15.43707707367477 0.5700000000000001
1153 1.709258732610587 30.77507121309144 0.5700000000000001
1154 1.702114011833407 23.15228224391679 0.5700000000000001
1155 -1.690206709714075 17.41967570858939 0.5700000000000001
1156 1.694204531752165 28.81213614310601 0.5700000000000001
1157 1.706282811213738 32.79111375563379 0.5700000000000001
1158 -1.719504946789016 13.44157970339973 0.5700000000000001
1159 -1.666058918921229 26.95343300108416 0.5700000000000001
1160 0.005630046711808667 20.27436694021166 0.5700000000000001
1161 1.68388907500916 21.22741928681184 0.5700000000000001
1162 1.686626457414791 25.05098274528456 0.5700000000000001
1163 -1.672730645605669 19.30959086741956 0.5700000000000001
1164 1.676409327065741 26.94037164145188 0.5700000000000001
1165 1.720838605957281 34.68516131420159 0.5700000000000001
1166 -1.766333234548495 36.58961538461539 0.5700000000000001
1167 -0.08307455889497106 35.83629326131295 0.5700000000000001
1168 -0.01560389994858546 26.00100594326646 0.5700000000000001
1169 -3.694124253837117 4.917281199756857 0.5700000000000001
1170 -3.69412425383713 45.15271880024314 0.5700000000000001
1171 1.798997446782233 44.38104794326301 0.5700000000000001
1172 1.798997446782249 5.688952056736994 0.5700000000000001
1173 1.665447141855367 41.01553618898968 0.5700000000000001
1174 1.665447141855386 9.054463811010322 0.5700000000000001
1175 1.816064365143893 38.24054822466625 0.5700000000000001
1176 1.845107362502439 11.79237710639797 0.5700000000000001
1177 -1.940021851696166 11.78640436997354 0.5700000000000001
1178 -1.947818885424567 38.2778645047169 0.5700000000000001
1179 -3.770265640336948 8.653490713256161 0.5700000000000001
1180 -3.770265640336975 41.41650928674382 0.5700000000000001
1181 -3.582543724664439 48.67356782485007 0.5700000000000001
1182 -3.58254372466444 1.396432175149918 0.5700000000000001
1183 3.590303567951935 1.388373220667212 0.5700000000000001
1184 3.590303567951931 48.68162677933279 0.5700000000000001
1185 2.22885404472138 42.47096432231389 0.5700000000000001
1186 2.228854044721396 7.599035677686111 0.5700000000000001
1187 -3.267949192431122 7 0.5
1188 -3.267949192431123 11 0.5
1189 -3.267949192431117 17 0.5
1190 -3.267949192431106 21 0.5
1191 -3.267949192431088 25 0.5
1192 -3.267949192431065 29 0.5
1193 -3.26794919243105 33 0.5
1194 -3.26794919243105 36.99999999999999 0.5
1195 -3.267949192431 41 0.5
1196 -3.267949192431038 45 0.5
1197 3.36450076079722 5.103139180605272 0.5
1198 3.267949192431123 9 0.5
1199 3.350421021942008 13.01900912846513 0.5
1200 3.267949192431123 19 0.5
1201 3.267949192431123 23 0.5
1202 3.267949192431123 27 0.5
1203 3.267949192431123 31 0.5
1204 3.267949192431123 35 0.5
1205 3.267949192431123 39 0.5
1206 3.267949192431123 43 0.5
1207 0.1133491425873334 1.637066120482572 0.5
1208 0.09667905494862605 48.3724484382008 0.5
1209 3.080979453767029 46.86114907732417 0.5
1210 -3.306455909888336 3.008474738561752 0.5
1211 -3.274366978673992 5.001412456426959 0.5
1212 -1.536968015902724 6.000235409404493 0.5
1213 -1.536076656702325 8.000039234900749 0.5
1214 0.196152422706632 7.000000000000001 0.5
1215 0.1961524227066302 9 0.5
1216 0.1856837884296425 4.847987673780916 0.5
1217 -3.267978904404469 9.000006539150124 0.5
1218 -3.267949192431122 13 0.5
1219 -1.535898384862246 12 0.5
1220 -1.535898384862241 13.99999999999999 0.5
1221 0.1480954566445583 13.02661277985118 0.5
1222 0.1727780327519914 15.03104824315972 0.5
1223 -1.539794116521344 16.00517470719328 0.5
1224 0.1588581568647909 17.00603715839216 0.5
1225 1.787323505838342 16.05940645996102 0.5
1226 -1.542763384445722 18.00186864426424 0.5
1227 0.1772016746863319 19.00034299088297 0.5
1228 -1.540201009462855 20.00036860585787 0.5
1229 0.1781235537443422 21.00003087241169 0.5
1230 -1.539620300456033 22.00006657971159 0.5
1231 0.1781887430780085 23.0000042279312 0.5
1232 -1.539512650732604 24.00001180127379 0.5
1233 0.1961524227067324 24.99999999999998 0.5
1234 -1.536500762507231 26.00000196687896 0.5
1235 0.1961524227067786 26.99999999999998 0.5
1236 -1.535998781136316 28.00000032781315 0.5
1237 0.1961524227068026 28.99999999999998 0.5
1238 -1.535915117574485 30.00000005463552 0.5
1239 0.1961524227068319 30.99999999999998 0.5
1240 -1.535901173647499 32.00000000910591 0.5
1241 0.1961524227068487 32.99999999999999 0.5
1242 -1.535898849659659 34.00000000151764 0.5
1243 0.1961524227068772 34.99999999999998 0.5
1244 -1.535898462328358 36.00000000025293 0.5
1245 0.1961524227068425 37 0.5
1246 -1.535898397773145 38.00000000004215 0.5
1247 0.1961524227068381 38.99999999999999 0.5
1248 -1.535898387013924 40.00000000000702 0.5
1249 0.1961524227068763 40.99999999999999 0.5
1250 -1.535898385220669 42.00000000000117 0.5
1251 0.196152422706894 42.99999999999999 0.5
1252 -1.535898384921797 44.0000000000002 0.5
1253 0.1855319381629252 45.15215341129962 0.5
1254 -1.701159387341368 46.06237152881737 0.5
1255 -3.302623789764294 46.99665258543045 0.5
1256 -3.267949192500751 43.00000000000023 0.5
1257 -3.268598481040971 15.00086245119888 0.5
1258 -3.269810463128467 19.00037287502035 0.5
1259 -3.267949192431123 23 0.5
1260 -3.268066321417617 27.00000038244869 0.5
1261 -3.267952446014017 31.00000001062357 0.5
1262 -3.267949282808353 35.00000000029509 0.5
1263 -3.26794919494152 39.00000000000819 0.5
1264 1.998864233952288 1.693821434767737 0.5
1265 3.267949192431125 7 0.5
1266 3.30832135866617 11.00161642248853 0.5
1267 3.267949192431125 21 0.5
1268 3.267949192431125 25 0.5
1269 3.267949192431125 29 0.5
1270 3.267949192431125 33 0.5
1271 3.267949192431125 37 0.5
1272 3.267949192431125 41.00000000000001 0.5
1273 3.323870371787304 44.89011322768844 0.5
1274 -1.708668710085236 3.939427841063037 0.5
1275 -1.535933048831152 10.00000762900848 0.5
1276 0.1694033656461196 11.00161688586368 0.5
1277 1.952066487841728 48.40958954142178 0.5
1278 -1.836522174011115 1.878871514700896 0.5
1279 3.108813489276862 3.156244321415933 0.5
1280 -1.837395744400009 48.12355331135115 0.5
1281 1.141860057290513 3.159818118397773 0.5
1282 1.126455334649364 46.86206216653333 0.5
1283 3.375237520162683 17.00990107666017 0.5
1284 1.775852248435712 14.02267943523951 0.5
1285 1.732050807568879 10.00000000000001 0.5
1286 1.768128002876628 6.078647621110751 0.5
1287 1.732050807568876 8 0.5
1288 1.747357376483906 12.01192244198467 0.5
1289 1.732050807568887 19.99999999999998 0.5
1290 1.732050807568916 22 0.5
1291 1.732050807568903 23.99999999999996 0.5
1292 1.732050807568939 25.99999999999998 0.5
1293 1.732050807568953 27.99999999999998 0.5
1294 1.732050807568992 38 0.5
1295 1.732050807568971 29.99999999999999 0.5
1296 1.732050807568979 31.99999999999999 0.5
1297 1.73205080756899 35.99999999999999 0.5
1298 1.761299584935654 43.92029948796574 0.5
1299 1.732050807569 40 0.5
1300 1.73205080756899 33.99999999999999 0.5
1301 1.732050807569011 41.99999999999998 0.5
1302 3.38147238272979 15.01849935005431 0.5
1303 1.731707756838136 17.99999999999998 0.5
1304 3.535898384862243 48.53589838486225 0.5
1305 -3.535898384862246 1.464101615137755 0.5
1306 3.535898384862245 1.464101615137755 0.5
1307 -3.535898384862235 48.53589838486224 0.5
1308 1.87093305176503 45.49453059736432 0.5
1309 1.913797219734173 4.469167383062128 0.5
1310 -0.4208595791577734 3.092634253685039 0.5
1311 -0.4187677037807864 46.89750224214722 0.5
1312 3.267949192431123 5 0
1313 -3.267949192431123 9 0
1314 -3.267949192431122 17 0
1315 -3.267949192431114 23 0
1316 -3.267949192431118 35 0
1317 -3.267949192431117 39 0
1318 -3.267949192431119 43 0
1319 -3.267949192431122 13 0
1320 3.267949192431123 27 0
1321 3.350421021942015 31.01900912846513 0
1322 -3.267949192431116 29 0
1323 3.267949192431123 11 0
1324 3.267949192431123 15 0
1325 3.267949192431123 19 0
1326 3.267949192431123 37 0
1327 3.267949192431123 41 0
1328 3.355031994897967 44.91325504813441 0
1329 -3.267949192431123 5 0
1330 3.267949192431123 23 0
1331 0.1166760089363219 1.664687882401521 0
1332 0.09667905494858964 48.37244843820078 0
1333 -3.306455909888337 46.99152526143824 0
1334 -3.267949192431123 7 0
1335 -1.535898384862246 8 0
1336 -1.535898384862246 10 0
1337 0.1634031771337341 8.999999999999998 0
1338 0.01989813821469344 6.900202914979158 0
1339 0.1776966949839425 11 0
1340 1.662913142875324 7.883570067475684 0
1341 -3.306455909888336 3.008474738561753 0
1342 -1.775476815805314 3.966741601710709 0
1343 -3.267949192431122 11 0
1344 -1.538974339482694 12 0
1345 -1.536411043965653 14 0
1346 0.1781760072000784 13 0
1347 0.17833025138812 15 0
1348 -1.538954189932564 16 0
1349 0.1961524227066329 17 0
1350 -1.536407685707293 18 0
1351 0.1961524227066436 19 0
1352 -1.535983268336411 20 0
1353 0.1961524227066507 21 0
1354 -1.53591253210793 22 0
1355 0.196152422706648 23 0
1356 -1.535900742736515 24 0
1357 0.1961524227066471 25 0
1358 -1.535898777841278 26 0
1359 0.1961524227066471 27 0
1360 -1.535898450358741 28 0
1361 0.1961524227066418 29 0
1362 -1.535898395778322 30 0
1363 0.1480954548252207 31.02661277985119 0
1364 -1.543907881328488 32.00443546330852 0
1365 0.171443116371063 33.03178748704448 0
1366 -1.541351518662541 34.00603715839217 0
1367 0.1583761037777691 35.00630410757277 0
1368 1.787020677593692 34.05957415880525 0
1369 -1.543103293650432 36.00205687766082 0
1370 0.1771660140982076 37.00036273884291 0
1371 -1.540263604428341 38.00040326941728 0
1372 0.178119290956519 39.00003323303919 0
1373 -1.53963144341494 40.00007275040941 0
1374 0.1781880747042486 41.00000459806021 0
1375 -1.539514619288088 42.0000128914116 0
1376 0.1961524227066427 43 0
1377 -1.53650109059988 44.0000021485686 0
1378 0.1854458373516614 45.15215371823795 0
1379 -1.707691974665883 46.0609594816415 0
1380 -3.268048223150992 19 0
1381 -3.267949268843707 27 0
1382 -3.267949663642103 25 0
1383 -3.268543936460077 15 0
1384 -3.267982202671075 21 0
1385 -3.269284110328175 31.00073924388476 0
1386 -3.270415450458387 33.00186864426424 0
1387 -3.269877547156835 37.00041002451302 0
1388 -3.267949192431123 41.00000000000001 0
1389 -3.303099694597537 45.00874781527472 0
1390 1.998611996674905 1.689452561615104 0
1391 1.175610040187131 3.516672404528437 0
1392 3.267949192431125 13 0
1393 3.267949192431125 17 0
1394 3.267949192431125 21 0
1395 3.267949192431125 25 0
1396 3.308321358666172 29.00161642248853 0
1397 3.267949192431125 39 0
1398 3.267949192431125 43 0
1399 3.093419854119434 46.84875694134337 0
1400 -1.67833148476387 5.977824086114978 0
1401 -1.838876416892684 48.12261911546999 0
1402 -1.859649170159763 1.827729425968524 0
1403 1.939221002399377 48.38382399514842 0
1404 3.329678269025901 2.945037763546882 0
1405 1.393852538566195 5.519807997676671 0
1406 1.126373470332469 46.8557026039807 0
1407 3.337118109706918 8.953982231394754 0
1408 3.360138566096939 6.840323320892856 0
1409 1.7755792906949 32.022830592361 0
1410 3.375187048788581 35.00992902646754 0
1411 1.732050807568873 12 0
1412 1.732050807568876 13.99999999999999 0
1413 1.732050807568879 16 0
1414 1.766478838652159 43.92415650919646 0
1415 1.732050807568887 42 0
1416 1.732050807568882 18 0
1417 1.751770059400639 30.01167815386097 0
1418 1.732050807568885 26 0
1419 1.732050807568884 21.99999999999999 0
1420 1.732050807568885 28 0
1421 1.732050807568885 37.99999999999999 0
1422 1.732050807568886 24 0
1423 1.732050807568887 39.99999999999999 0
1424 1.732050807568884 19.99999999999999 0
1425 1.729576899195093 9.992952255087738 0
1426 3.381368006503196 33.01855715101648 0
1427 1.731707756838155 36.00000000000001 0
1428 -0.2196119105214311 4.880690166210655 0
1429 3.535898384862243 48.53589838486225 0
1430 -3.535898384862245 1.464101615137755 0
1431 3.535898384862245 1.464101615137755 0
1432 -3.535898384862245 48.53589838486224 0
1433 1.862242776956671 45.47953028880645 0
1434 -0.398020157735389 3.116548391159555 0
1435 -0.4187677037809134 46.89750224214718 0
1436 7.073066263542455 25.59183673469388 0.5700000000000001
1437 6.768266565885614 24.09240362811792 0.5700000000000001
1438 7.073066263542455 25.59183673469388 -0.07000000000000001
1439 6.768266565885614 24.09240362811791 -0.07000000000000001
1440 -3.207407750089144 9.82654869058684 2
1441 -3.304434373556867 14.06319418743314 2
1442 -3.344542701529685 18 2
1443 -3.267949192431123 22 2
1444 -3.267949192431123 26 2
1445 -3.267949192431124 32 2
1446 -3.267949192431123 36 2
1447 -3.267949192431123 40 2
1448 3.222913958563801 11.98159600196686 2
1449 3.132747275213816 15.78361955414589 2
1450 3.404998236505779 19.99805443254338 2
1451 3.267949192431123 24 2
1452 3.267949192431123 28 2
1453 3.350421021942006 33.98099087153486 2
1454 3.267949192431123 38 2
1455 -0.01634603522555267 6.722613419731221 2
1456 -5.329070518200751e-15 43.54270717167721 2
1457 3.306455909888335 41.99152526143824 2
1458 3.188605505118414 8.183651238114804 2
1459 -1.992518096425222 6.692970876564673 2
1460 -1.313252741406237 8.628225364730056 2
1461 1.000000000000001 8.464101615137753 2
1462 2.664535259100376e-15 10.19615242270663 2
1463 2.008544464467453 10.1457702765116 2
1464 1.051771451822824 11.93454352259967 2
1465 -0.9371518334786142 11.92787157079658 2
1466 3.552713678800501e-15 13.66025403784438 2
1467 2.018785675386195 13.79493128916727 2
1468 1.010406637348704 15.40957461844682 2
1469 1.60861398312297 17.33649203405449 2
1470 -0.2970513372608892 17.00284518472955 2
1471 0.3323164264807508 18.54918188864854 2
1472 -2.979389602484003 11.9419848414922 2
1473 -3.35423954841101 16.01053236457219 2
1474 -1.37724141771629 15.21793793108928 2
1475 -3.289864378770276 20 2
1476 -1.58894622184234 21.06970760486639 2
1477 -1.544739691025592 23.0116179341444 2
1478 0.08020772017967115 22.08326186136819 2
1479 0.1961524227066356 24 2
1480 -1.537371935889465 25.0019363223574 2
1481 0.1961524227066453 26 2
1482 -1.536143976700106 27.00032272039289 2
1483 0.1961524227066453 28 2
1484 -1.535939316835211 29.00005378673215 2
1485 0.1633963551382429 30.00000896445536 2
1486 -1.541364551452476 31.00001045853125 2
1487 0.1744171547358881 31.97339045731326 2
1488 1.788353059214559 30.94234101059239 2
1489 -3.268867042191653 30.0000107075439 2
1490 -3.269668335296217 24.0022590427503 2
1491 -3.267949192431127 34 2
1492 -1.535898384862246 35 2
1493 -1.535898384862245 37 2
1494 0.196152422706632 36 2
1495 0.196152422706632 38 2
1496 -3.267949192431123 38 2
1497 -3.306455909888338 41.99152526143825 2
1498 -1.651377371131268 40.96172114662538 2
1499 3.312962278271932 21.99983456059042 2
1500 3.267949192431125 26 2
1501 3.308321358666172 35.99838357751147 2
1502 3.30711622424689 39.99858754357304 2
1503 1.725308805020391 40.96148573722088 2
1504 -1.540431957289073 32.99556681930742 2
1505 -1.570509778184718 38.96700741125304 2
1506 0.1437173165782921 33.96821343291892 2
1507 -3.268149921359682 28.00006453577815 2
1508 -1.453424549619732 18.86285432963469 2
1509 -1.818277374907414 43.15862883643337 2
1510 1.93723511279847 6.649463266836261 2
1511 -3.336673026128546 7.981813030269914 2
1512 1.847564938737365 43.2060244448917 2
1513 3.380683559832331 18.01267769238143 2
1514 3.375409112392052 29.99039016843206 2
1515 0.1039630490408161 39.84032332089286 2
1516 1.775567337651353 32.97748929539324 2
1517 1.732050807568877 23 2
1518 1.732050807568879 37 2
1519 1.745172420477755 21.08128717982678 2
1520 1.731993632447093 26.99999999999999 2
1521 1.751038377518888 34.98751286289308 2
1522 1.732041278381915 25 2
1523 3.381625088533328 31.98186855765876 2
1524 1.732393858299633 39 2
1525 1.731707756838138 28.99999999999998 2
1526 3.684012785629934 10.06220350331865 2
1527 -1.651923788646683 10.39711431702997 2
1528 -1.965299910907521 17.01883396200514 2
1529 0.01761752098297897 41.78290664785837 2
1530 3.694874729368028 14 2
1531 -1.719643445447154 13.36224851373112 2
1532 1.737743803753526 19.23265647610883 2
1533 0.0886068178658812 20.22413557744399 2
1534 3.535898384862243 43.53589838486224 2
1535 3.535898384862247 6.464101615137753 2
1536 -3.535898384862246 6.464101615137754 2
1537 -3.535898384862246 43.53589838486225 2
1538 -3.186811831149172 11.96922995583236 1.5
1539 -3.109541173980328 15.77453484477713 1.5
1540 3.038913854163225 20.00154779759128 1.5
1541 -3.267949192431123 24 1.5
1542 -3.267949192431122 28 1.5
1543 -3.267949192431119 32 1.5
1544 -3.267949192431108 36 1.5
1545 -3.267949192431079 40.00000000000001 1.5
1546 3.207407750089143 9.82654869058684 1.5
1547 3.443154374782539 14.07068891376728 1.5
1548 3.267949192431123 26 1.5
1549 3.267949192431123 30 1.5
1550 3.267949192431123 34 1.5
1551 3.267949192431123 38 1.5
1552 -3.368545352226058 19.99785894969045 1.5
1553 0.01634603522555356 6.722613419731221 1.5
1554 0.09667905494858609 43.37244843820079 1.5
1555 3.080979453767018 41.86114907732416 1.5
1556 -3.188605505118414 8.183651238114805 1.5
1557 -3.284715219063612 21.99964315828174 1.5
1558 -1.538692722634328 22.99994052638029 1.5
1559 -1.53636410782426 24.99999008773005 1.5
1560 0.1628598336780502 23.99998843568506 1.5
1561 0.3124474369658055 22.12105541021528 1.5
1562 0.1776529169392989 25.99999906824479 1.5
1563 1.881947017548869 23.03632652577845 1.5
1564 -3.268026812924792 25.99999834795501 1.5
1565 1.992518096425222 6.692970876564672 1.5
1566 1.313252741406238 8.628225364730058 1.5
1567 -0.9999999999999982 8.464101615137757 1.5
1568 1.77635683940025e-15 10.19615242270663 1.5
1569 -2.005945229018661 10.12355641034451 1.5
1570 -1.032126176694637 11.92294168247463 1.5
1571 0.9265179735263063 11.94116278400261 1.5
1572 -0.07877496998812106 13.60312096323497 1.5
1573 -2.009113822002013 13.77702204862206 1.5
1574 -0.9379921676018697 15.45062495429248 1.5
1575 -1.582870132788548 17.33559840343433 1.5
1576 0.2935664740258437 16.94833865322359 1.5
1577 -0.3358293931119531 18.85293827017014 1.5
1578 1.609670319571192 18.43292568977172 1.5
1579 2.072590081817815 16.62268086006588 1.5
1580 -3.267949192431122 30 1.5
1581 -1.535898384862244 31 1.5
1582 -1.535898384862237 32.99999999999999 1.5
1583 0.1961524227066356 31.99999999999999 1.5
1584 0.1961524227066347 29.99999999999999 1.5
1585 0.1961524227066462 33.99999999999999 1.5
1586 -1.535898384862222 35 1.5
1587 0.196152422706672 35.99999999999999 1.5
1588 -1.535898384862214 36.99999999999999 1.5
1589 0.1961524227066809 37.99999999999999 1.5
1590 -1.535898384862196 39 1.5
1591 0.1855319381713434 40.15215341129957 1.5
1592 -1.701159387330088 41.06237152881732 1.5
1593 -3.3026237897639 41.99665258543043 1.5
1594 -3.267949192431114 34 1.5
1595 -3.267949192431111 38 1.5
1596 2.985766417688475 11.95800413562096 1.5
1597 3.267949192431125 28 1.5
1598 3.267949192431125 32 1.5
1599 3.267949192431125 36 1.5
1600 3.323870371787283 39.89011322768843 1.5
1601 -1.31589135413002 20.74399391965584 1.5
1602 -1.535898384862242 29 1.5
1603 -1.539072193066081 26.99999791732164 1.5
1604 0.1781921041160972 27.9999998692197 1.5
1605 0.9778477296920354 20.24936742471032 1.5
1606 1.95206648784171 43.40958954142177 1.5
1607 -1.93723511279847 6.649463266836261 1.5
1608 3.336673026128544 7.981813030269914 1.5
1609 -1.837395744398364 43.12355331135115 1.5
1610 1.126455334650734 41.86206216653332 1.5
1611 3.412585806571023 17.84285905790481 1.5
1612 -3.366133667095387 18.01132689238626 1.5
1613 3.373623755485841 23.97944164111188 1.5
1614 3.360138566096937 21.84032332089286 1.5
1615 0.9010863880478777 15.20309205107701 1.5
1616 1.732050807568879 27 1.5
1617 1.732050807568879 29 1.5
1618 1.732050807568877 30.99999999999999 1.5
1619 1.732050807568884 32.99999999999999 1.5
1620 1.7320508075689 34.99999999999999 1.5
1621 1.732050807568896 36.99999999999999 1.5
1622 1.761299584936997 38.92029948796574 1.5
1623 1.766013920608676 25.00262594513669 1.5
1624 -3.647428780199824 14 1.5
1625 1.716884152137589 13.56203261263586 1.5
1626 -3.676272513057249 10.05528752085834 1.5
1627 1.66094742148075 10.42650424895923 1.5
1628 -1.993853979870393 18.9883432870674 1.5
1629 3.610061373539015 15.95946445993132 1.5
1630 3.535898384862243 43.53589838486224 1.5
1631 -3.535898384862246 6.464101615137754 1.5
1632 3.535898384862245 6.464101615137755 1.5
1633 -3.535898384862237 43.53589838486224 1.5
1634 1.914258920893374 21.44972409583763 1.5
1635 1.870933051765599 40.4945305973643 1.5
1636 -0.4187677037809072 41.89750224214722 1.5
1637 2.38576787325894 15.12327263168512 1.5
1638 5.907697920938519 1.07248750301341 -0.7062627338912411
1639 5.333333333333332 10 1.356666666666667
1640 5.363188365049649 6.881736968870023 0.2503027424029508
1641 3.845299461620749 22 0.25
1642 5.336572223146988 25.19668031744206 0.217940544712037
1643 5.520467836257311 32.47953216374269 0.2500000000000001
1644 5.512172254863335 44.00419819750527 0.248656576880476
1645 5.065485665369046 48.00494818865117 0.2878831536472363
1646 5.232092817057547 24.69437450289828 0.2624973611005989
1647 4.422649730810375 37.00000000000001 0.25
1648 5.42850167964477 11.75451337574528 0.2625245660429529
1649 5.220030913112557 7.339589251681012 0.2582605936189488
1650 5.245513283431443 10.76714925484787 0.2507782039922298
1651 5.567654154890227 48.9322161651428 0.4461789535569552
1652 -27.25080782632256 24.73357920549014 7.46228401350244
1653 -27.17257636084022 44.79099065358983 -4.150116934526614
1654 -2.768895930221437 17.32639870599554 -20.55142469804379
1655 -26.89518876114846 6.128874709726885 -3.610691589993153
1656 -3.22017987824951 42.46913672000396 -20.63244704665116
1657 2.220446049250313e-16 -20.51243494927002 -0.035
1658 -2 -3.098003981589256 20.85844049506733
1659 -2 53.05350215370358 20.85059854494904
1660 0 70.58466632255909 0.25
1661 -2.694395389089516 30.99974192363904 21.8127440436181
1662 4 49.67549823707622 8.874039204179324
1663 15.80725161059446 20 20.18910205796819
1664 4 0.39450176292378 -18.39978475118905
1665 24.30457721838528 -8.182746331031167 -0.03499999999999789
1666 -4 0.4025589576129144 8.618709938416384
1667 24.32455311154864 58.0820728470702 0.2499999999999968
1668 -0.9765030683617559 14.18456198648581 19.08541225597993
1669 -23.67243630525928 31.30621322085836 -7.9627421200889
1670 -23.39566733755809 17.75773622583748 -4.879443752671509
1671 4.456407894621442 29.84942307692308 -15.3838095251282
1672 14.27671376515599 38 16.70191655817064
1673 7.903526864817898 25.36314913651105 -7.06411238560064
1674 -19.70040863749122 26.99042560102729 8.016780228799373
1675 -22.04513134778441 65.0885344990519 0.25
1676 -21.85141070853129 -14.9811022229523 0.5349999999999921
1677 -17.93597282566095 49.10711538461538 6.858863636363632
1678 12.88256176222008 -1.32953705733205 14.67498971095122
1679 -18.18760287674675 39 5.430342349957758
1680 -6.831711186971978 47.45103969627168 11.4851015012288
1681 4.216390196989327 -3.226124131740031 9.531800511576025
1682 -17.78958232629067 29.4405344828962 7.715634847813669
1683 -17.25453991325659 25 -6.599107142857137
1684 -16.74501988192363 27 -6.596863905325438
1685 -16.84024359046547 25 7.099107142857142
1686 -17.22008444112222 21 -6.36744188503804
1687 -16.98888214219527 33 -6.117830726965342
1688 -16.66869868437256 27 7.096863905325444
1689 -21.73205901570453 12.39894812312521 7.84802409053603
1690 5.28507470414201 18.29480769230769 -6.03668005071853
1691 -16.55095114177539 23 7.022633136094673
1692 -16.53936724465461 23 -6.522633136094667
1693 -16.53090357630243 29 -6.515903423499569
1694 -16.62495922635943 21 6.867441885038034
1695 26.92974392088304 25.00000000000001 0.25
1696 9.156874999999998 49.10711538461538 -14.70497313436779
1697 -12.31322083844889 20.35355786065783 -8.264156207924051
1698 -16.31473291886041 19 6.633533389687229
1699 -15.87155179473884 19 -6.133533389687238
1700 -15.89070194621172 33 6.617830726965348
1701 -15.83533362611598 33 -6.117830726965342
1702 -16.17097725483051 37 5.90488905325444
1703 -15.87010718340154 17 6.320907650042271
1704 5.232822337278105 35.62673076923077 -5.662263313609481
1705 -7.902852916912916 7.183809377048034 -14.7030832360192
1706 -14.61396462090293 17.0404092043728 -7.832061803628479
1707 4.422649730810375 24 14.17622515440848
1708 -16.48774380013753 7 -3.077020287404903
1709 -15.07579383610589 35 -5.800718512256956
1710 -15.40171137222564 10.81965819602585 11.98800081818588
1711 -2.659614560066091 40.54323818745408 15.91819724508548
1712 -6.00341486632207 50.65914632966381 -14.19009900259193
1713 -14.70524305836365 37 -5.404889053254434
1714 23.30860842801273 7.222222222222227 -14.1489807005488
1715 -14.13668329748418 14.21580970261378 -8.830259949834895
1716 -11.40456714743714 12.56890494653335 12.44391196670504
1717 -11.09080568620161 37.15872705885982 10.29685337612721
1718 -15.53497829725656 43 -3.74509721048178
1719 -19.58292109339239 12.20509812664128 -4.605710383078734
1720 -14.53504920147752 39 -4.930342349957706
1721 23.18178803633358 42.77777777777778 0.2499999999999989
1722 -7.881684536551751 35.46209541472351 -14.82452273641416
1723 4 -10.62973907355531 0.535
1724 11.98226649396496 12 11.88839081441321
1725 4 60.69042948870111 0.2500000000000001
1726 14.37130609184515 51.76525432249219 0.6190029089839458
1727 -13.25385195551136 12.21930195692256 5.018301556970083
1728 -13.81762285182926 13 -4.959504437869816
1729 5.152829733727812 12.5175 -4.744575232459806
1730 5.053646005917158 4.814423076923077 -8.655684947880905
1731 -13.7976647599216 39 5.430342349957757
1732 -13.7667624790615 39 -4.930342349957705
1733 22.26137025012218 7.222222222222227 0.2500000000000001
1734 -4.423261711725208 30 11.97339543907059
1735 -14.75597771847199 41.8627804280905 5.595842535847396
1736 -4.437306661791285 20 11.8443971946743
1737 5.859886026328606 42.36471368683663 -5.791690850136209
1738 2.853579198509681 47.93957926519993 -7.868690184544734
1739 -12.84574299549555 41 -4.377078402366855
1740 4.017728443727177 6.303164752270283 14.81157885780692
1741 15.22674664999241 -2.736047989995448 -0.034999999999987
1742 -12.97826391329417 -8.631288995323496 -15.5517832358416
1743 -12.80099524324285 41 4.877078402366856
1744 10.01135992032846 25.00000000000001 6.924820950011362
1745 -4 0.4025589576129219 -8.929671024032524
1746 -12.62389824637185 43.70285817422115 -3.692090276103652
1747 3.877218526900255 32.98940890497862 10.82560032061793
1748 -0.9215060838732025 41.83514479431462 -6.469606645500224
1749 15.22794546043091 67.69004057548601 18.45627265819893
1750 -1.591637337546948 13.70073894797396 -8.318200795522424
1751 -12.00177840592766 68.58333046449438 -18.68944184459372
1752 16.6423008897528 -17.83607031504059 -18.48198197494425
1753 -16.0204407346858 7.683370463542777 3.272685381526634
1754 -4 -8.29347863347396 -0.03499999999999911
1755 -4 58.34137559320867 0.25
1756 -12.94626170239763 49 1.876850169061673
1757 4 47.87890356394345 4.248590910324595
1758 4.049232365580061 42.67040370900378 8.931999656736675
1759 12.11100743935319 69.53768565549453 -19.03530248925551
1760 -11.76086564551352 43 4.245097210481846
1761 -23.50194956418292 -3.020552475351941 18.48479149202786
1762 23.97331322107562 -19.11254416394972 18.18573641795101
1763 -10.07737219148461 43.49939077515354 -5.744429709752255
1764 -15.3317659731824 69.28376372095398 19.73663798011035
1765 -12.94345246317266 1 0.9860809382924369
1766 -13.25041533925717 24.43338802276001 -1.774927615787437
1767 -12.0536297894999 31.77519230769231 6.796487743026222
1768 24.4140285881792 35.33585578292762 -19.44842817607606
1769 6.336615346174278 7.935073315753925 -4.165503766318666
1770 -0.2591638865344962 7.596317084857384 -5.954404526583856
1771 -6.762609684881522 25.88344047211896 -12.5701567231989
1772 -12.60976927410874 -20.10733322475677 17.8362177341042
1773 2.681091018877474 15.94580815355632 11.32380109777569
1774 -4.468839435771427 8 9.556100508445658
1775 -12.20193559451115 45.84485661814224 2.550176282643903
1776 -25.0311086769947 53.52268740073337 -20.77216223511838
1777 -2.853579198509674 47.93957926519992 3.939698189305264
1778 6.065043713756903 30.91537013565113 -4.938458859710341
1779 17.41415952309103 33.88888888888889 -8.037597632274203
1780 -11.34277231636899 7 -3.077020287404904
1781 -2.853579198509675 2.130420734800071 3.79751598751227
1782 -1.536597730292604 43.31176449729561 7.633271568248477
1783 -21.93497849529403 6.974092566334676 -21.82515606775796
1784 19.86783050766518 21.5906487856625 -11.33505021633066
1785 11.20283325502798 1.568537967819541 0.4752294002551086
1786 26.14737221615205 56.70524303405576 -18.63473573244868
1787 5.687200285009578 -21.35200988550256 22.40103994432502
1788 -26.46922339571467 54.52798469343409 22.59958266202448
1789 26.3604248436509 52.43901901849584 18.15606187969225
1790 -0.2117446568125303 25.08829189938979 8.524584236582095
1791 -8.589166741068063 18.66162605468898 5.850774477511726
1792 -6.67825617524383 18.13536824883706 -9.25067808327803
1793 -25.25554364247752 37.02420810832597 21.30128938195583
1794 -7.934925365828802 33.21771842659393 -5.817301506331978
1795 -26.97463026411046 15.25404389365414 22.76249434437049
1796 -4.789802634459166 35.66766684621914 7.834115651312072
1797 12.19029634629599 1.426842998420762 6.061199024168618
1798 17.33450696164341 16.11111111111113 0.2499999999999998
1799 -27.65143284067533 24.08026903818273 -21.31698977467373
1800 -26.87883190378933 -21.45811383396039 -16.53836915775891
1801 28.12366098873955 1.961562414127296 23.77369548006977
1802 -14.46319554312632 16.6023886278759 -0.1271573913871761
1803 -10.77594540690442 11 -4.410726965342344
1804 -9.997306727745805 12.5175 5.244575232459841
1805 -10.57421415786256 7 3.577020287404852
1806 -10.52123075730789 7 -3.077020287404903
1807 -11.05116615978179 3 1.928444632290799
1808 9.994081909238194 38 7.717374203098348
1809 -12.83592284962837 35.86422528272559 0.8221120405323881
1810 -8.395038206783154 38.87603756012009 5.701822357396884
1811 -0.9628863862735688 -20.40404679724085 -22.74516280865607
1812 -4 5.464101615137754 6.017594942840224
1813 17.13640184413486 29.44444444444445 0.2499999999999999
1814 -10.37411655477089 44.94163800482198 -4.16613486854989
1815 -9.739535292352237 45.09780277831573 3.62437210294409
1816 28.91025570784676 73.17586111978586 -23.75476480197226
1817 -0.3571307479762573 30.52145210534432 -7.02064548258091
1818 -10.37324157275092 47 -2.24498309382926
1819 -8.737856602129071 44.55190318561209 3.35821273535943
1820 9.382703592645109 8 6.952762868106369
1821 4 -5.754940158677232 -8.325906421040864
1822 16.73845366012144 73.23659940195397 -2.856239417532136
1823 16.94805401941584 -23.8011181657046 -0.5464596291012143
1824 28.29737807393107 31.17549086497443 23.85702276957764
1825 -28.55787609578434 73.32434461341039 -22.87460057382897
1826 13.59976654736062 18.39922925015786 -24.34229040659161
1827 4.717775028321364 45.26522445462997 -3.313029201417659
1828 0.9667041775748917 45.48385413934684 -4.346563438115035
1829 -4.869387846312778 45.34077322730692 -6.969394461325281
1830 4.552014753957214 49.10711538461538 -4.042063691430778
1831 1.064341203044231 47.70791743565591 3.324385890581548
1832 -19.06468851633193 38.20851415770347 -23.99726870508045
1833 -29.4701837545263 -5.303999141113552 -13.49402895973816
1834 0 55.34548505621455 -5.934035107331304
1835 28.21647733044627 -6.272975136518919 -23.40747111353784
1836 29.34781686019451 74.10513046607207 25.02648602087069
1837 0.3654098306612044 59.22541097398614 -24.33288504622942
1838 -29.06244982157408 -18.46906015210181 15.2317064154283
1839 27.98761633687104 71.48659483825359 8.917126796624794
1840 14.08543239834725 42.77777777777778 -7.073655810125953
1841 29.2337768309347 14.18869918519915 13.15089020135111
1842 9.285127523513847 18 7.438725185304883
1843 29.51432212401064 21.02861195895002 -24.90693902659774
1844 29.77978427063959 -24.82268218191857 -24.92591212643162
1845 -12.62642499766879 -23.46391325515881 -9.468761436970023
1846 -29.67421709090736 74.85773576192554 25.27631386028322
1847 0.462428148021738 74.06700368499196 24.42688416442246
1848 5.053646005917158 4.814423076923077 -3.813052542397736
1849 0.9746386875583799 1.126051896036329 -5.811862884737896
1850 1.064341203044231 2.362082564344092 3.19354377834664
1851 2 52.10176851654921 4.679798687285967
1852 16.07543558796096 38.33333333333334 0.2500000000000001
1853 -4.978993095310324 12.76896819613343 10.77612026187887
1854 -14.75550588688793 8.458779156493053 26.41944745871895
1855 12.7986219135485 54.08247853884853 25.70746643033448
1856 4.191922308451553 2.395481512969331 3.579715706725489
1857 4.535898384862247 6 6.554928588771463
1858 29.50593004046066 -19.87551510383989 -9.417253467626741
1859 4.422649730810375 28 7.689158125113349
1860 -13.29428319480557 42.09213685586747 24.15892701066605
1861 13.78867714637437 9.199509545078527 -7.971231118772219
1862 -15.18019555084425 -25.34379154489098 -25.64940684061476
1863 -30.73926144930712 65.72096429446744 12.93551644568485
1864 10.49386798205465 7.403465310016156 26.94704456899483
1865 -15.95013818165966 25.03194452338594 25.11961923804137
1866 4.443315982766491 22.34207430898455 7.073544724956971
1867 4.559785435717242 0.962884615384617 -3.805955233958815
1868 30.26478712436715 68.96227957345694 -8.959681559379948
1869 -31.24108674337255 -4.099213539939012 5.456261935202649
1870 -13.03533335414176 75.90986526480646 -5.430503885314264
1871 -0.4016259123964587 30.98988598085459 7.561496602014948
1872 5.826176849112426 36 -2.51818786982249
1873 2.81953943523447 36.6098306521999 -2.972611833220647
1874 -1.371120871175967 38.43801667784 -4.171281557219118
1875 1.895827815077668 10.70166372816158 -3.694480147957862
1876 11.07785773338663 38.80485750833859 -25.51577442359203
1877 -9.209428773602117 47 2.74498309382926
1878 -9.060673707604115 49 -1.376850169061672
1879 -17.44309920168651 56.42675624378231 -9.542943790938098
1880 1.289693405496217 38.00007590493597 7.50229430188521
1881 -31.17784919069003 43.71327067620233 10.86256931588849
1882 -30.12132255060103 75.66219639520443 -7.65564740921504
1883 1.17264145481875 14.70743456685522 -3.514873639407784
1884 0.5808478595069563 19.16492989247719 -4.817830645531874
1885 2 -5.455925445076494 0.535
1886 -23.15705037189527 -26.48441561467206 26.66881004669029
1887 -7.99620901721822 4.452385858142521 -25.99108055828533
1888 18.04576280319607 -8.467906600334183 26.51784644142365
1889 -0.2601070666997574 74.24963853416746 -26.48550182218789
1890 31.39489642471715 -8.93069034439735 13.64711259036034
1891 8.646818422283713 -5.557884597805857 0.5349999999999971
1892 -13.95878725389123 24.65306415990817 -26.76189137454649
1893 30.90344061885555 39.8051756217029 12.32467515944319
1894 2.442083559378109 54.51069696613803 0.697215049162072
1895 -32.02942338672271 38.73882146408119 -13.9418091453303
1896 -30.8915770450242 -26.13079870890873 -3.078689297220608
1897 30.72253638630881 -22.65036088684101 5.269802433981241
1898 -31.88158889887079 55.7430008635462 -7.208819102284327
1899 -13.76789913725651 -26.30552762014013 4.74005787403425
1900 30.11308485676637 17.1722545159366 27.363954862255
1901 16.42760833150056 1.885302491487834 -25.7828263226505
1902 -22.68086059555099 -6.893647540596485 -26.31680437233532
1903 -11.41266410247423 30.09863249208266 -0.1624109568955635
1904 -2.952185231086485 65.38870175284715 13.3985262344391
1905 7.138520710059171 47.18134615384615 2.624553937187074
1906 7.741289293060182 44 3.889103412014367
1907 32.16722476041803 7.055975201559345 -27.15931932121061
1908 -4.698001713554085 4.814423076923077 -5.25744778125603
1909 7.370723965075493 52.00611631589125 4.995446933426614
1910 17.18629386501988 47.64533982224734 10.25654987818784
1911 -13.60434896839834 -9.069613365180615 27.20588040295133
1912 31.84780732715556 -26.54810044601037 27.4757542966457
1913 6.635276468120266 -25.63316729203214 -11.71652086011839
1914 31.49289736570741 45.79431739677209 -26.33356629293773
1915 31.10878149832998 45.26009484024686 -11.48543347024959
1916 -11.96557631528457 52.18305402222895 -26.64512770308862
1917 12.15070931442076 -16.44468288487304 10.68166755809622
1918 -10.04001498165784 41.29477005664054 0.4102960605825284
1919 -7.688971143794723 44.03374691021967 -2.973000022540185
1920 -6.321131787816281 40.37147566771183 -4.065205524059974
1921 1.597585199916432 76.67310528445095 -12.55114183792226
1922 -31.19750954370759 9.504494817575859 9.657146162680224
1923 8.878555675566403 32 6.585777252548013
1924 8.1094197085399 -10.21554486896993 -27.0911113759224
1925 3.157401605529787 44.57946130602779 5.178754002065912
1926 10.64366378788377 -27.15236229166232 -27.35441073829989
1927 10.0806660153555 30.40951483538145 27.89861983782935
1928 -0.9195485980185165 50.25922139262445 -4.922993585779242
1929 9.549157149181376 76.40191296667811 8.889521292380952
1930 31.74477799996076 18.21091191250324 -11.20826360874558
1931 -32.11049014961652 24.93957435110792 -5.419304823382975
1932 -1.911194524097324 -27.14679731337699 12.15573477901808
1933 4.392721158265742 12 7.199347022494369
1934 32.08058381673143 44.04868137934005 27.75222053755009
1935 -18.59547234473859 76.87193046833933 7.876060127221159
1936 -32.36412650946054 77.6536763753508 5.943138817864548
1937 -13.62465186823489 57.56121582088631 27.08005496572694
1938 15.79434979318866 51.89151202386532 -26.66386059707951
1939 31.54737542713568 -11.65029387915726 27.11466268328296
1940 -1.079577889969495 19.99339984595595 7.213644759537788
1941 8.203218540146487 3.052746264602307 2.910427481765784
1942 8.943428185209598 6.554694297344828 3.429221264206279
1943 16.7433939439679 -4.918331635729036 -13.59024595109987
1944 14.95396046549007 7.222222222222227 0.2500000000000001
1945 31.82391153251062 -3.036309550376853 -10.44758729474091
1946 6.936110304624573 2.746697769726362 1.0615821613904
1947 -31.47994507337079 13.06430491177685 -13.88471289764168
1948 14.30308121554949 60.4834139332369 -8.889384206828733
1949 14.52552278425028 62.21669894691836 7.082895086046146
1950 -1.738802865470581 30.7572264680125 -27.54951648760309
1951 4.919660597377131 43.01069058762847 26.97717229416341
1952 -14.39684516375954 -8.930215539635777 10.22420116208863
1953 23.69098626770226 61.99976980013879 27.41374063800103
1954 7.965267760119316 40 4.600721883009529
1955 -1.882572846642676 -13.61721825799379 12.34845738751355
1956 -7.467738596187395 10.59173076923077 4.656439137785298
1957 -9.336495285061176 10.59173076923077 0.6261489151873763
1958 -8.646275068193969 7 -3.077020287404902
1959 -12.00878212723889 4.751355100128426 3.353371282409263
1960 -5.303765322974988 11.11732393833526 -4.796938912327571
1961 -9.088202965901797 3.40801052407524 -2.189684501706173
1962 -7.308074992581413 5.463093542633313 3.54415992845429
1963 -9.103130494408237 2.073483072779268 -0.2204514316848775
1964 -7.384878055446954 0.9628846153846153 4.551061495620798
1965 -5.042298126097738 -5.549539029813676 5.68857602323986
1966 -8.770393897861968 14.44326923076923 0.7031733155182293
1967 -8.723551166843567 18.29480769230769 0.8038975313354981
1968 -9.423469098779986 22.03785841940049 0.486850281955883
1969 -9.817279757912656 26.26631220673342 1.444943426509891
1970 -33.07359171985895 -16.47523112559712 -27.57519470634768
1971 -26.65355254485366 -12.81843831707581 27.3404302519575
1972 13.11508771468631 76.71379982583184 28.24179686250918
1973 0.5816199321497939 34.75080212660527 -2.765070690123326
1974 -7.165304913408026 26 7.880588654713516
1975 0 -1.484015808219278 4.306544075918678
1976 -6.037742317877881 -8.761787701919205 -27.01045837248256
1977 32.85575795715103 31.45934654955757 -9.839063640641282
1978 18.2479340065095 42.24719213678456 28.75335743821242
1979 -5.74124732219027 -26.6683408008577 27.63802080378273
1980 -7.004101225972833 77.98009705172024 14.20212639557439
1981 22.50809888661971 28.26894295678391 12.30188750366611
1982 33.64283909432803 0.8481101101209029 2.577035692774713
1983 -33.00827277319003 25.74120150051186 18.02364520228968
1984 -0.1266749238848393 8.968316082922893 6.986901304488807
1985 -3.661930337072005 10.24666144182497 5.122694039487698
1986 21.04221308725767 78.0313453258178 -14.3574875265342
1987 -33.19334745961405 0.7730879597831481 -24.52603403942918
1988 -14.23804720736134 2.671518855734019 13.97004105828304
1989 17.29674118878048 -26.33291202227501 27.75198512285827
1990 -20.58874575304698 63.92352394510227 -27.52401909860507
1991 20.30677620443521 64.13314313109176 -27.68927848785131
1992 -8.800324242310486 37.55249999999999 0.7006502513202276
1993 -8.565663580756757 34 1.75
1994 -12.6108466039551 78.32976095788622 -27.32219006859287
1995 20.27332206676105 -28.65477240470721 -12.17969272948284
1996 5.366318953356833 -10.1201484006284 28.98242989260247
1997 -33.87386589750902 42.64267172921706 -27.40958748851845
1998 -33.33513452859027 3.242552432504372 24.55910619939276
1999 -7.130725834898499 3.069033817040575 1.93396301566534
2000 -7.382978653944257 3.980927522218621 -2.437852752375871
2001 -6.759033059165018 2.402675602233399 -1.276958822651909
2002 -8.375042877610618 0.3818455175837928 0.6621258740936133
2003 -10.32596096776139 -4.869663076739239 -4.897979698514177
2004 -7.714787713179114 5.588657922888823 1.774283154942202
2005 -8.238537849158281 8.218385077666186 0.5997469077925771
2006 -8.319984665411644 5.128322742688855 -0.2375818263440211
2007 -8.262503800558235 -4.619923305506046 0.5349999999999976
2008 -33.69046557356349 55.35927171468626 5.659544052499137
2009 6.43131298079021 15.73220898606556 -2.785695884056143
2010 12.58727282917997 16.11111111111113 -5.292987040383112
2011 5.737890566417646 18.56577655759625 -2.506897359477705
2012 7.326947924015002 21.70722518245068 -3.714572402717682
2013 1.212590862304421 24.02457811054179 -4.494100545826899
2014 2.769035443285261 17.34086025600663 -2.66546034318097
2015 2.63125771429467 20.40986729629401 -2.509869792960405
2016 33.80774123600684 49.67915488184434 3.056008039866742
2017 4.779654468889717 9.497881255533988 -27.55941990327066
2018 17.50888581569908 -28.17633526952525 11.60852853878276
2019 33.33740141300752 13.81553759216283 0.9190111346702607
2020 -32.58812176555556 13.46557410806959 -26.7268281865775
2021 2.885663952951054 62.02447672776891 29.14639135313537
2022 6.785930079409388 50.33125834033791 1.57493636468604
2023 8.177157789584871 49.10711538461538 -2.322918757784489
2024 -14.90296801440196 63.52656190032652 9.495170174753342
2025 -11.03890793619411 78.70063354712717 27.05433480715361
2026 32.30413550944591 63.75468847239286 18.13438386081703
2027 7.450044138002474 47.58139813308276 0.1652616522487561
2028 6.30537166144092 47.13784163181106 -1.957229007370707
2029 9.367373977099419 45.16491314596841 -4.538937902011198
2030 -8.541513150552538 49.44004460317323 2.709999641338674
2031 -8.630948441862994 47 -2.24498309382926
2032 -8.418842303685352 53.61551106254029 0.25
2033 -6.462371966300487 49.37539073616395 1.902404317842782
2034 -6.409799797673311 49.62096378153282 -1.769921437680447
2035 -8.615790342049873 46.72602859443624 1.889951454487402
2036 -5.895323706597867 42.52045743404361 6.609956482686525
2037 -8.08444302171222 43.72221649855404 0.3640338662335977
2038 -8.587793272113281 46.36283303535973 0.04188130368683349
2039 -25.91409251532956 65.11752046536098 -13.47296981942509
2040 33.28151222946381 32.70432419434663 -28.12772699623611
2041 -5.971041095808435 47.18134615384615 2.624553937187073
2042 -4.552014753957197 49.10711538461538 2.715374975823046
2043 -2 51.46326264226785 3.768895846969903
2044 -32.7607375547511 63.26801631457857 29.14521418089054
2045 -33.05058138667288 61.86014856620357 -26.05346755850616
2046 18.60380517126357 29.148124077267 -28.89723424305615
2047 1.733172523492713 42.36079080073375 -2.538562407347582
2048 -33.91934822340244 44.81311695689313 25.68156446267047
2049 -2.379266683655563 21.05298934979497 29.59614138701951
2050 3.845565165596553 40.26505068754893 5.321983765750523
2051 4.555750220937537 34.88174601478985 6.110421372668245
2052 -1.82262880652862 6.24371767489472 29.30150741102651
2053 -33.39918726911553 35.01362044445787 2.029792727328744
2054 12.27540702604927 27.94679228553513 -5.442660996758661
2055 -33.33687825957526 -13.76239873122148 -4.807789616368538
2056 -27.46488822526902 -27.83013257223493 -27.4679962533437
2057 -2.896229570578 -15.78696541016223 -11.26540260446573
2058 11.75519501701344 78.22858987859792 -28.43415097043327
2059 -33.46155960293601 29.78162515625909 29.83680765905518
2060 -21.40156403638262 -28.3111343043461 14.43038370710206
2061 24.2568366212078 2.84676992504091 11.74981852829153
2062 6.37816707324752 0.9628846153846169 1.900371362955482
2063 8.106143577121266 0.1405346516730159 -0.2417358965970846
2064 3.818384893791752 48.25958628714528 -29.11723844231592
2065 33.58685441480949 56.98026906671467 -8.02491935011923
2066 7.864197530864201 34 2.938284986618322
2067 -1.257624811732125 43.19604829141426 -2.529493771110111
2068 -2.615951206489588 45.54959106017781 -3.023376975392014
2069 -2.733027798845345 49.13681152106616 -2.676102010359914
2070 -7.030404936211531 53.84522464655571 -5.886159863114532
2071 -2 53.29912429355484 -2.607640756673939
2072 -4 53.39767531437623 0.2499999999999999
2073 -7.610089916839035 63.17703363877798 -9.539124083986554
2074 21.22436145822103 78.4151489276309 16.68688844930576
2075 32.90161016797548 -28.8020720137964 15.27262227533918
2076 -5.462611334526882 45.86364877845632 -2.707276798522595
2077 -19.22181900504046 78.72607544888663 -16.16288887133795
2078 27.84295092726131 78.29217859453806 -1.323954208166893
2079 34.01933486960497 78.96792518500288 -14.51340534052487
2080 12.49601420007773 -14.62223666272379 -7.380128951646887
2081 -8.435473567781909 53.60973861443357 5.764577798724144
2082 -3.869553646112018 57.25546692260867 10.1386104058333
2083 7.864197530864176 16 2.938284986618305
2084 10.49257282366241 12.67432255787875 4.381918467493302
2085 34.20527401364848 37.45325312555958 0.7619648095502811
2086 -16.48595316184676 15.31204505147605 -15.96337531544703
2087 6.516419470727672 2.888653846153847 -1.016722316145352
2088 10.02041691166718 3.839696767563133 -4.638591873606291
2089 -16.23241569664349 44.83241313584228 -13.89241950403775
2090 5.864999926035503 14 2.4635724852071
2091 -2 -4.132277641634905 -0.03500000000000001
2092 34.04045252550141 25.2606358684205 14.87409767005382
2093 19.86617193790753 -13.07862963478713 -29.37210752115898
2094 7.44444444444443 20 2.644751359751349
2095 6.141518510374651 18 4.954825715694728
2096 2.277595478958698 18.24341315979721 5.798888015605437
2097 13.51679561191746 20.55555555555557 2.043279779735257
2098 34.20090469194144 55.96891186621144 27.22553361720252
2099 32.80186314854232 62.00123373063735 -27.8047848795277
2100 7.522244150530502 -29.13879576881867 4.845005324757134
2101 -4.552014753957195 0.9628846153846167 -3.986900887172362
2102 -8.007012032095162 -0.7945254527800982 -2.748640832025711
2103 -5.833626241631626 5.434211226914182 -2.181136851209184
2104 20.51197086946776 24.57203466750424 30.36298025767546
2105 34.2317120832023 -29.20785755628325 -14.90265004142246
2106 7.370156612515636 58.90740890115154 16.14275945519189
2107 -34.17371398331937 -21.94808397617652 25.48447236017556
$EndNodes
$Elements
11295
1 2 2 4 35 14 10 235
2 2 2 4 35 14 235 301
3 2 2 4 35 238 18 22
4 2 2 4 35 22 304 238
5 2 2 4 35 301 235 236
6 2 2 4 35 302 236 237
7 2 2 4 35 302 301 236
8 2 2 4 35 237 238 303
9 2 2 4 35 303 302 237
10 2 2 4 35 238 304 303
11 2 2 2 36 46 1 577
12 2 2 2 36 1 47 577
13 2 2 2 36 2 41 579
14 2 2 2 36 63 2 579
15 2 2 2 36 56 3 578
16 2 2 2 36 3 62 578
17 2 2 2 36 57 4 580
18 2 2 2 36 4 72 580
19 2 2 2 36 41 42 517
20 2 2 2 36 41 517 579
21 2 2 2 36 42 43 574
22 2 2 2 36 517 42 574
23 2 2 2 36 43 44 507
24 2 2 2 36 43 507 574
25 2 2 2 36 44 45 575
26 2 2 2 36 507 44 575
27 2 2 2 36 45 46 556
28 2 2 2 36 45 556 575
29 2 2 2 36 556 46 577
30 2 2 2 36 47 48 515
31 2 2 2 36 47 515 577
32 2 2 2 36 48 49 550
33 2 2 2 36 515 48 550
34 2 2 2 36 49 50 511
35 2 2 2 36 49 511 550
36 2 2 2 36 50 51 549
37 2 2 2 36 511 50 549
38 2 2 2 36 51 52 519
39 2 2 2 36 51 519 549
40 2 2 2 36 52 53 510
41 2 2 2 36 52 510 519
42 2 2 2 36 53 54 551
43 2 2 2 36 510 53 551
44 2 2 2 36 54 55 513
45 2 2 2 36 54 513 551
46 2 2 2 36 55 56 563
47 2 2 2 36 513 55 563
48 2 2 2 36 563 56 578
49 2 2 2 36 58 57 561
50 2 2 2 36 561 57 580
51 2 2 2 36 59 58 576
52 2 2 2 36 58 561 576
53 2 2 2 36 60 59 508
54 2 2 2 36 508 59 576
55 2 2 2 36 61 60 573
56 2 2 2 36 60 508 573
57 2 2 2 36 62 61 518
58 2 2 2 36 518 61 573
59 2 2 2 36 62 518 578
60 2 2 2 36 64 63 562
61 2 2 2 36 562 63 579
62 2 2 2 36 65 64 514
63 2 2 2 36 514 64 562
64 2 2 2 36 66 65 552
65 2 2 2 36 65 514 552
66 2 2 2 36 67 66 509
67 2 2 2 36 509 66 552
68 2 2 2 36 68 67 564
69 2 2 2 36 67 509 564
70 2 2 2 36 69 68 566
71 2 2 2 36 68 564 566
72 2 2 2 36 70 69 512
73 2 2 2 36 512 69 566
74 2 2 2 36 71 70 553
75 2 2 2 36 70 512 553
76 2 2 2 36 72 71 516
77 2 2 2 36 516 71 553
78 2 2 2 36 72 516 580
79 2 2 2 36 507 547 548
80 2 2 2 36 547 507 560
81 2 2 2 36 507 548 574
82 2 2 2 36 560 507 575
83 2 2 2 36 545 508 546
84 2 2 2 36 508 545 557
85 2 2 2 36 546 508 576
86 2 2 2 36 508 557 573
87 2 2 2 36 509 552 569
88 2 2 2 36 564 509 565
89 2 2 2 36 565 509 569
90 2 2 2 36 519 510 520
91 2 2 2 36 520 510 521
92 2 2 2 36 521 510 551
93 2 2 2 36 511 535 550
94 2 2 2 36 535 511 554
95 2 2 2 36 511 549 554
96 2 2 2 36 553 512 568
97 2 2 2 36 512 566 567
98 2 2 2 36 512 567 568
99 2 2 2 36 551 513 559
100 2 2 2 36 513 558 559
101 2 2 2 36 558 513 563
102 2 2 2 36 552 514 571
103 2 2 2 36 514 562 572
104 2 2 2 36 571 514 572
105 2 2 2 36 515 550 555
106 2 2 2 36 515 555 556
107 2 2 2 36 515 556 577
108 2 2 2 36 516 553 570
109 2 2 2 36 561 516 570
110 2 2 2 36 516 561 580
111 2 2 2 36 517 548 572
112 2 2 2 36 548 517 574
113 2 2 2 36 562 517 572
114 2 2 2 36 517 562 579
115 2 2 2 36 518 557 558
116 2 2 2 36 557 518 573
117 2 2 2 36 518 558 563
118 2 2 2 36 518 563 578
119 2 2 2 36 519 520 536
120 2 2 2 36 519 536 549
121 2 2 2 36 520 521 522
122 2 2 2 36 520 522 523
123 2 2 2 36 520 523 536
124 2 2 2 36 522 521 537
125 2 2 2 36 537 521 559
126 2 2 2 36 521 551 559
127 2 2 2 36 523 522 524
128 2 2 2 36 524 522 525
129 2 2 2 36 525 522 537
130 2 2 2 36 523 524 526
131 2 2 2 36 523 526 527
132 2 2 2 36 523 527 536
133 2 2 2 36 524 525 542
134 2 2 2 36 526 524 532
135 2 2 2 36 532 524 542
136 2 2 2 36 525 537 538
137 2 2 2 36 525 538 540
138 2 2 2 36 525 540 542
139 2 2 2 36 527 526 528
140 2 2 2 36 528 526 544
141 2 2 2 36 526 532 544
142 2 2 2 36 527 528 529
143 2 2 2 36 527 529 554
144 2 2 2 36 536 527 554
145 2 2 2 36 529 528 530
146 2 2 2 36 530 528 533
147 2 2 2 36 533 528 544
148 2 2 2 36 529 530 531
149 2 2 2 36 529 531 535
150 2 2 2 36 529 535 554
151 2 2 2 36 531 530 547
152 2 2 2 36 530 533 534
153 2 2 2 36 530 534 547
154 2 2 2 36 535 531 555
155 2 2 2 36 531 547 560
156 2 2 2 36 555 531 560
157 2 2 2 36 532 542 543
158 2 2 2 36 532 543 565
159 2 2 2 36 544 532 565
160 2 2 2 36 534 533 571
161 2 2 2 36 533 544 569
162 2 2 2 36 533 569 571
163 2 2 2 36 547 534 548
164 2 2 2 36 548 534 572
165 2 2 2 36 534 571 572
166 2 2 2 36 550 535 555
167 2 2 2 36 549 536 554
168 2 2 2 36 538 537 539
169 2 2 2 36 539 537 559
170 2 2 2 36 538 539 545
171 2 2 2 36 540 538 541
172 2 2 2 36 541 538 545
173 2 2 2 36 545 539 557
174 2 2 2 36 557 539 558
175 2 2 2 36 558 539 559
176 2 2 2 36 540 541 568
177 2 2 2 36 542 540 567
178 2 2 2 36 567 540 568
179 2 2 2 36 541 545 546
180 2 2 2 36 541 546 570
181 2 2 2 36 568 541 570
182 2 2 2 36 543 542 567
183 2 2 2 36 543 564 565
184 2 2 2 36 564 543 566
185 2 2 2 36 566 543 567
186 2 2 2 36 544 565 569
187 2 2 2 36 546 561 570
188 2 2 2 36 561 546 576
189 2 2 2 36 569 552 571
190 2 2 2 36 553 568 570
191 2 2 2 36 556 555 560
192 2 2 2 36 556 560 575
193 2 2 2 37 1 46 632
194 2 2 2 37 86 1 632
195 2 2 2 37 41 2 631
196 2 2 2 37 2 73 631
197 2 2 2 37 79 5 633
198 2 2 2 37 5 80 633
199 2 2 2 37 85 6 630
200 2 2 2 37 6 92 630
201 2 2 2 37 42 41 589
202 2 2 2 37 589 41 631
203 2 2 2 37 43 42 611
204 2 2 2 37 42 589 611
205 2 2 2 37 44 43 581
206 2 2 2 37 581 43 611
207 2 2 2 37 45 44 591
208 2 2 2 37 44 581 591
209 2 2 2 37 46 45 590
210 2 2 2 37 590 45 591
211 2 2 2 37 46 590 632
212 2 2 2 37 73 74 619
213 2 2 2 37 73 619 631
214 2 2 2 37 74 75 586
215 2 2 2 37 74 586 619
216 2 2 2 37 75 76 614
217 2 2 2 37 586 75 614
218 2 2 2 37 76 77 582
219 2 2 2 37 76 582 614
220 2 2 2 37 77 78 615
221 2 2 2 37 582 77 615
222 2 2 2 37 78 79 620
223 2 2 2 37 615 78 620
224 2 2 2 37 620 79 633
225 2 2 2 37 80 81 588
226 2 2 2 37 80 588 633
227 2 2 2 37 81 82 621
228 2 2 2 37 588 81 621
229 2 2 2 37 82 83 584
230 2 2 2 37 82 584 621
231 2 2 2 37 83 84 623
232 2 2 2 37 584 83 623
233 2 2 2 37 84 85 587
234 2 2 2 37 84 587 623
235 2 2 2 37 587 85 630
236 2 2 2 37 87 86 617
237 2 2 2 37 617 86 632
238 2 2 2 37 88 87 585
239 2 2 2 37 585 87 617
240 2 2 2 37 89 88 612
241 2 2 2 37 88 585 612
242 2 2 2 37 90 89 583
243 2 2 2 37 583 89 612
244 2 2 2 37 91 90 613
245 2 2 2 37 90 583 613
246 2 2 2 37 92 91 618
247 2 2 2 37 91 613 618
248 2 2 2 37 92 618 630
249 2 2 2 37 591 581 592
250 2 2 2 37 592 581 593
251 2 2 2 37 593 581 611
252 2 2 2 37 582 605 614
253 2 2 2 37 605 582 629
254 2 2 2 37 582 615 629
255 2 2 2 37 606 583 612
256 2 2 2 37 583 606 625
257 2 2 2 37 613 583 625
258 2 2 2 37 584 603 622
259 2 2 2 37 603 584 623
260 2 2 2 37 584 609 621
261 2 2 2 37 609 584 622
262 2 2 2 37 610 585 617
263 2 2 2 37 585 610 624
264 2 2 2 37 612 585 624
265 2 2 2 37 586 614 626
266 2 2 2 37 586 616 619
267 2 2 2 37 616 586 626
268 2 2 2 37 587 603 623
269 2 2 2 37 603 587 628
270 2 2 2 37 587 618 628
271 2 2 2 37 618 587 630
272 2 2 2 37 609 588 621
273 2 2 2 37 588 609 627
274 2 2 2 37 620 588 627
275 2 2 2 37 588 620 633
276 2 2 2 37 611 589 616
277 2 2 2 37 616 589 619
278 2 2 2 37 619 589 631
279 2 2 2 37 590 591 610
280 2 2 2 37 590 610 617
281 2 2 2 37 590 617 632
282 2 2 2 37 591 592 610
283 2 2 2 37 592 593 594
284 2 2 2 37 592 594 595
285 2 2 2 37 592 595 610
286 2 2 2 37 594 593 604
287 2 2 2 37 604 593 616
288 2 2 2 37 593 611 616
289 2 2 2 37 595 594 596
290 2 2 2 37 596 594 597
291 2 2 2 37 597 594 604
292 2 2 2 37 595 596 606
293 2 2 2 37 595 606 624
294 2 2 2 37 610 595 624
295 2 2 2 37 596 597 598
296 2 2 2 37 596 598 599
297 2 2 2 37 596 599 606
298 2 2 2 37 598 597 607
299 2 2 2 37 597 604 605
300 2 2 2 37 597 605 607
301 2 2 2 37 599 598 600
302 2 2 2 37 600 598 601
303 2 2 2 37 601 598 607
304 2 2 2 37 599 600 602
305 2 2 2 37 599 602 625
306 2 2 2 37 606 599 625
307 2 2 2 37 600 601 622
308 2 2 2 37 602 600 603
309 2 2 2 37 603 600 622
310 2 2 2 37 601 607 608
311 2 2 2 37 601 608 609
312 2 2 2 37 601 609 622
313 2 2 2 37 602 603 628
314 2 2 2 37 602 613 625
315 2 2 2 37 613 602 628
316 2 2 2 37 605 604 626
317 2 2 2 37 604 616 626
318 2 2 2 37 607 605 629
319 2 2 2 37 614 605 626
320 2 2 2 37 606 612 624
321 2 2 2 37 608 607 629
322 2 2 2 37 609 608 627
323 2 2 2 37 608 615 627
324 2 2 2 37 615 608 629
325 2 2 2 37 618 613 628
326 2 2 2 37 615 620 627
327 2 2 2 38 1 716 47
328 2 2 2 38 86 716 1
329 2 2 2 38 56 718 3
330 2 2 2 38 3 718 93
331 2 2 2 38 6 714 92
332 2 2 2 38 100 714 6
333 2 2 2 38 99 717 7
334 2 2 2 38 7 717 109
335 2 2 2 38 47 705 48
336 2 2 2 38 47 716 705
337 2 2 2 38 48 642 49
338 2 2 2 38 48 705 642
339 2 2 2 38 49 709 50
340 2 2 2 38 642 709 49
341 2 2 2 38 50 634 51
342 2 2 2 38 50 709 634
343 2 2 2 38 51 706 52
344 2 2 2 38 634 706 51
345 2 2 2 38 52 704 53
346 2 2 2 38 52 706 704
347 2 2 2 38 53 639 54
348 2 2 2 38 53 704 639
349 2 2 2 38 54 702 55
350 2 2 2 38 639 702 54
351 2 2 2 38 55 645 56
352 2 2 2 38 55 702 645
353 2 2 2 38 645 718 56
354 2 2 2 38 87 712 86
355 2 2 2 38 712 716 86
356 2 2 2 38 88 641 87
357 2 2 2 38 641 712 87
358 2 2 2 38 89 701 88
359 2 2 2 38 88 701 641
360 2 2 2 38 90 637 89
361 2 2 2 38 637 701 89
362 2 2 2 38 91 711 90
363 2 2 2 38 90 711 637
364 2 2 2 38 92 688 91
365 2 2 2 38 688 711 91
366 2 2 2 38 92 714 688
367 2 2 2 38 93 699 94
368 2 2 2 38 93 718 699
369 2 2 2 38 94 693 95
370 2 2 2 38 94 699 693
371 2 2 2 38 95 636 96
372 2 2 2 38 95 693 636
373 2 2 2 38 96 694 97
374 2 2 2 38 636 694 96
375 2 2 2 38 97 640 98
376 2 2 2 38 97 694 640
377 2 2 2 38 98 700 99
378 2 2 2 38 640 700 98
379 2 2 2 38 700 717 99
380 2 2 2 38 101 644 100
381 2 2 2 38 644 714 100
382 2 2 2 38 102 646 101
383 2 2 2 38 101 646 644
384 2 2 2 38 103 638 102
385 2 2 2 38 638 646 102
386 2 2 2 38 104 689 103
387 2 2 2 38 103 689 638
388 2 2 2 38 105 691 104
389 2 2 2 38 104 691 689
390 2 2 2 38 106 635 105
391 2 2 2 38 635 691 105
392 2 2 2 38 107 695 106
393 2 2 2 38 106 695 635
394 2 2 2 38 108 643 107
395 2 2 2 38 643 695 107
396 2 2 2 38 109 690 108
397 2 2 2 38 108 690 643
398 2 2 2 38 109 717 690
399 2 2 2 38 673 707 634
400 2 2 2 38 634 709 673
401 2 2 2 38 682 706 634
402 2 2 2 38 634 707 682
403 2 2 2 38 680 692 635
404 2 2 2 38 635 695 680
405 2 2 2 38 635 692 691
406 2 2 2 38 686 694 636
407 2 2 2 38 636 713 686
408 2 2 2 38 693 713 636
409 2 2 2 38 637 677 674
410 2 2 2 38 674 701 637
411 2 2 2 38 637 696 677
412 2 2 2 38 637 711 696
413 2 2 2 38 638 647 646
414 2 2 2 38 638 648 647
415 2 2 2 38 638 689 648
416 2 2 2 38 676 702 639
417 2 2 2 38 639 703 676
418 2 2 2 38 683 703 639
419 2 2 2 38 639 704 683
420 2 2 2 38 694 708 640
421 2 2 2 38 698 700 640
422 2 2 2 38 640 708 698
423 2 2 2 38 641 674 672
424 2 2 2 38 672 675 641
425 2 2 2 38 641 701 674
426 2 2 2 38 675 712 641
427 2 2 2 38 673 709 642
428 2 2 2 38 642 710 673
429 2 2 2 38 642 705 675
430 2 2 2 38 675 710 642
431 2 2 2 38 690 698 643
432 2 2 2 38 643 697 695
433 2 2 2 38 643 698 697
434 2 2 2 38 646 687 644
435 2 2 2 38 687 688 644
436 2 2 2 38 688 714 644
437 2 2 2 38 645 702 676
438 2 2 2 38 676 715 645
439 2 2 2 38 645 715 699
440 2 2 2 38 699 718 645
441 2 2 2 38 647 687 646
442 2 2 2 38 648 649 647
443 2 2 2 38 649 663 647
444 2 2 2 38 663 687 647
445 2 2 2 38 648 650 649
446 2 2 2 38 648 664 650
447 2 2 2 38 648 689 664
448 2 2 2 38 650 651 649
449 2 2 2 38 651 684 649
450 2 2 2 38 649 684 663
451 2 2 2 38 650 652 651
452 2 2 2 38 650 678 652
453 2 2 2 38 664 678 650
454 2 2 2 38 652 653 651
455 2 2 2 38 653 658 651
456 2 2 2 38 658 684 651
457 2 2 2 38 652 654 653
458 2 2 2 38 652 655 654
459 2 2 2 38 652 678 655
460 2 2 2 38 654 681 653
461 2 2 2 38 653 669 658
462 2 2 2 38 653 681 669
463 2 2 2 38 655 656 654
464 2 2 2 38 656 661 654
465 2 2 2 38 661 681 654
466 2 2 2 38 655 657 656
467 2 2 2 38 655 679 657
468 2 2 2 38 678 679 655
469 2 2 2 38 657 659 656
470 2 2 2 38 659 685 656
471 2 2 2 38 656 685 661
472 2 2 2 38 657 660 659
473 2 2 2 38 657 662 660
474 2 2 2 38 657 679 662
475 2 2 2 38 669 670 658
476 2 2 2 38 670 671 658
477 2 2 2 38 671 684 658
478 2 2 2 38 660 665 659
479 2 2 2 38 665 666 659
480 2 2 2 38 666 685 659
481 2 2 2 38 662 668 660
482 2 2 2 38 660 686 665
483 2 2 2 38 668 686 660
484 2 2 2 38 661 682 681
485 2 2 2 38 661 683 682
486 2 2 2 38 661 685 683
487 2 2 2 38 662 697 668
488 2 2 2 38 679 680 662
489 2 2 2 38 680 697 662
490 2 2 2 38 663 684 677
491 2 2 2 38 677 696 663
492 2 2 2 38 663 696 687
493 2 2 2 38 664 692 678
494 2 2 2 38 689 691 664
495 2 2 2 38 691 692 664
496 2 2 2 38 665 667 666
497 2 2 2 38 665 713 667
498 2 2 2 38 686 713 665
499 2 2 2 38 667 676 666
500 2 2 2 38 676 703 666
501 2 2 2 38 666 703 685
502 2 2 2 38 667 715 676
503 2 2 2 38 667 713 693
504 2 2 2 38 693 715 667
505 2 2 2 38 668 708 686
506 2 2 2 38 697 698 668
507 2 2 2 38 698 708 668
508 2 2 2 38 669 673 670
509 2 2 2 38 669 707 673
510 2 2 2 38 681 707 669
511 2 2 2 38 670 672 671
512 2 2 2 38 670 710 672
513 2 2 2 38 673 710 670
514 2 2 2 38 672 674 671
515 2 2 2 38 674 677 671
516 2 2 2 38 677 684 671
517 2 2 2 38 672 710 675
518 2 2 2 38 705 716 675
519 2 2 2 38 675 716 712
520 2 2 2 38 678 692 679
521 2 2 2 38 679 692 680
522 2 2 2 38 695 697 680
523 2 2 2 38 682 707 681
524 2 2 2 38 683 704 682
525 2 2 2 38 704 706 682
526 2 2 2 38 685 703 683
527 2 2 2 38 686 708 694
528 2 2 2 38 687 696 688
529 2 2 2 38 696 711 688
530 2 2 2 38 690 700 698
531 2 2 2 38 690 717 700
532 2 2 2 38 699 715 693
533 2 2 2 39 3 770 62
534 2 2 2 39 93 770 3
535 2 2 2 39 57 769 4
536 2 2 2 39 4 769 110
537 2 2 2 39 7 768 99
538 2 2 2 39 122 768 7
539 2 2 2 39 116 771 8
540 2 2 2 39 8 771 117
541 2 2 2 39 58 727 57
542 2 2 2 39 727 769 57
543 2 2 2 39 59 749 58
544 2 2 2 39 58 749 727
545 2 2 2 39 60 719 59
546 2 2 2 39 719 749 59
547 2 2 2 39 61 729 60
548 2 2 2 39 60 729 719
549 2 2 2 39 62 728 61
550 2 2 2 39 728 729 61
551 2 2 2 39 62 770 728
552 2 2 2 39 94 755 93
553 2 2 2 39 755 770 93
554 2 2 2 39 95 723 94
555 2 2 2 39 723 755 94
556 2 2 2 39 96 750 95
557 2 2 2 39 95 750 723
558 2 2 2 39 97 721 96
559 2 2 2 39 721 750 96
560 2 2 2 39 98 751 97
561 2 2 2 39 97 751 721
562 2 2 2 39 99 756 98
563 2 2 2 39 98 756 751
564 2 2 2 39 99 768 756
565 2 2 2 39 110 757 111
566 2 2 2 39 110 769 757
567 2 2 2 39 111 724 112
568 2 2 2 39 111 757 724
569 2 2 2 39 112 752 113
570 2 2 2 39 724 752 112
571 2 2 2 39 113 720 114
572 2 2 2 39 113 752 720
573 2 2 2 39 114 753 115
574 2 2 2 39 720 753 114
575 2 2 2 39 115 758 116
576 2 2 2 39 753 758 115
577 2 2 2 39 758 771 116
578 2 2 2 39 117 726 118
579 2 2 2 39 117 771 726
580 2 2 2 39 118 759 119
581 2 2 2 39 726 759 118
582 2 2 2 39 119 722 120
583 2 2 2 39 119 759 722
584 2 2 2 39 120 761 121
585 2 2 2 39 722 761 120
586 2 2 2 39 121 725 122
587 2 2 2 39 121 761 725
588 2 2 2 39 725 768 122
589 2 2 2 39 729 730 719
590 2 2 2 39 730 731 719
591 2 2 2 39 731 749 719
592 2 2 2 39 720 752 743
593 2 2 2 39 743 767 720
594 2 2 2 39 720 767 753
595 2 2 2 39 744 750 721
596 2 2 2 39 721 763 744
597 2 2 2 39 751 763 721
598 2 2 2 39 722 760 741
599 2 2 2 39 741 761 722
600 2 2 2 39 722 759 747
601 2 2 2 39 747 760 722
602 2 2 2 39 748 755 723
603 2 2 2 39 723 762 748
604 2 2 2 39 750 762 723
605 2 2 2 39 724 764 752
606 2 2 2 39 724 757 754
607 2 2 2 39 754 764 724
608 2 2 2 39 725 761 741
609 2 2 2 39 741 766 725
610 2 2 2 39 725 766 756
611 2 2 2 39 756 768 725
612 2 2 2 39 747 759 726
613 2 2 2 39 726 765 747
614 2 2 2 39 758 765 726
615 2 2 2 39 726 771 758
616 2 2 2 39 749 754 727
617 2 2 2 39 754 757 727
618 2 2 2 39 757 769 727
619 2 2 2 39 728 748 729
620 2 2 2 39 728 755 748
621 2 2 2 39 728 770 755
622 2 2 2 39 729 748 730
623 2 2 2 39 730 732 731
624 2 2 2 39 730 733 732
625 2 2 2 39 730 748 733
626 2 2 2 39 732 742 731
627 2 2 2 39 742 754 731
628 2 2 2 39 731 754 749
629 2 2 2 39 733 734 732
630 2 2 2 39 734 735 732
631 2 2 2 39 735 742 732
632 2 2 2 39 733 744 734
633 2 2 2 39 733 762 744
634 2 2 2 39 748 762 733
635 2 2 2 39 734 736 735
636 2 2 2 39 734 737 736
637 2 2 2 39 734 744 737
638 2 2 2 39 736 745 735
639 2 2 2 39 735 743 742
640 2 2 2 39 735 745 743
641 2 2 2 39 737 738 736
642 2 2 2 39 738 739 736
643 2 2 2 39 739 745 736
644 2 2 2 39 737 740 738
645 2 2 2 39 737 763 740
646 2 2 2 39 744 763 737
647 2 2 2 39 738 760 739
648 2 2 2 39 740 741 738
649 2 2 2 39 741 760 738
650 2 2 2 39 739 746 745
651 2 2 2 39 739 747 746
652 2 2 2 39 739 760 747
653 2 2 2 39 740 766 741
654 2 2 2 39 740 763 751
655 2 2 2 39 751 766 740
656 2 2 2 39 743 764 742
657 2 2 2 39 742 764 754
658 2 2 2 39 745 767 743
659 2 2 2 39 752 764 743
660 2 2 2 39 744 762 750
661 2 2 2 39 746 767 745
662 2 2 2 39 747 765 746
663 2 2 2 39 746 765 753
664 2 2 2 39 753 767 746
665 2 2 2 39 756 766 751
666 2 2 2 39 753 765 758
667 2 2 2 40 2 63 851
668 2 2 2 40 73 2 851
669 2 2 2 40 72 4 855
670 2 2 2 40 4 110 855
671 2 2 2 40 5 79 854
672 2 2 2 40 123 5 854
673 2 2 2 40 116 8 853
674 2 2 2 40 8 132 853
675 2 2 2 40 63 64 841
676 2 2 2 40 63 841 851
677 2 2 2 40 64 65 780
678 2 2 2 40 64 780 841
679 2 2 2 40 65 66 843
680 2 2 2 40 780 65 843
681 2 2 2 40 66 67 772
682 2 2 2 40 66 772 843
683 2 2 2 40 67 68 845
684 2 2 2 40 772 67 845
685 2 2 2 40 68 69 846
686 2 2 2 40 845 68 846
687 2 2 2 40 69 70 777
688 2 2 2 40 69 777 846
689 2 2 2 40 70 71 848
690 2 2 2 40 777 70 848
691 2 2 2 40 71 72 783
692 2 2 2 40 71 783 848
693 2 2 2 40 783 72 855
694 2 2 2 40 74 73 856
695 2 2 2 40 73 851 856
696 2 2 2 40 75 74 779
697 2 2 2 40 779 74 856
698 2 2 2 40 76 75 850
699 2 2 2 40 75 779 850
700 2 2 2 40 77 76 774
701 2 2 2 40 774 76 850
702 2 2 2 40 78 77 830
703 2 2 2 40 77 774 830
704 2 2 2 40 79 78 836
705 2 2 2 40 78 830 836
706 2 2 2 40 79 836 854
707 2 2 2 40 110 111 837
708 2 2 2 40 110 837 855
709 2 2 2 40 111 112 831
710 2 2 2 40 111 831 837
711 2 2 2 40 112 113 775
712 2 2 2 40 112 775 831
713 2 2 2 40 113 114 829
714 2 2 2 40 775 113 829
715 2 2 2 40 114 115 778
716 2 2 2 40 114 778 829
717 2 2 2 40 115 116 838
718 2 2 2 40 778 115 838
719 2 2 2 40 838 116 853
720 2 2 2 40 124 123 782
721 2 2 2 40 782 123 854
722 2 2 2 40 125 124 834
723 2 2 2 40 124 782 834
724 2 2 2 40 126 125 776
725 2 2 2 40 776 125 834
726 2 2 2 40 127 126 832
727 2 2 2 40 126 776 832
728 2 2 2 40 128 127 828
729 2 2 2 40 828 127 832
730 2 2 2 40 129 128 773
731 2 2 2 40 773 128 828
732 2 2 2 40 130 129 826
733 2 2 2 40 129 773 826
734 2 2 2 40 131 130 781
735 2 2 2 40 781 130 826
736 2 2 2 40 132 131 784
737 2 2 2 40 131 781 784
738 2 2 2 40 132 784 853
739 2 2 2 40 772 817 844
740 2 2 2 40 817 772 845
741 2 2 2 40 772 821 843
742 2 2 2 40 821 772 844
743 2 2 2 40 773 813 827
744 2 2 2 40 813 773 828
745 2 2 2 40 826 773 827
746 2 2 2 40 774 823 825
747 2 2 2 40 823 774 850
748 2 2 2 40 774 825 849
749 2 2 2 40 830 774 849
750 2 2 2 40 811 775 829
751 2 2 2 40 775 811 840
752 2 2 2 40 831 775 840
753 2 2 2 40 776 810 833
754 2 2 2 40 810 776 834
755 2 2 2 40 832 776 833
756 2 2 2 40 777 809 847
757 2 2 2 40 809 777 848
758 2 2 2 40 777 816 846
759 2 2 2 40 816 777 847
760 2 2 2 40 785 778 838
761 2 2 2 40 778 785 839
762 2 2 2 40 829 778 839
763 2 2 2 40 779 822 823
764 2 2 2 40 822 779 824
765 2 2 2 40 779 823 850
766 2 2 2 40 824 779 856
767 2 2 2 40 780 821 842
768 2 2 2 40 821 780 843
769 2 2 2 40 780 824 841
770 2 2 2 40 824 780 842
771 2 2 2 40 784 781 785
772 2 2 2 40 785 781 786
773 2 2 2 40 786 781 826
774 2 2 2 40 834 782 835
775 2 2 2 40 835 782 836
776 2 2 2 40 836 782 854
777 2 2 2 40 783 809 848
778 2 2 2 40 809 783 852
779 2 2 2 40 783 837 852
780 2 2 2 40 837 783 855
781 2 2 2 40 784 785 838
782 2 2 2 40 784 838 853
783 2 2 2 40 785 786 787
784 2 2 2 40 785 787 839
785 2 2 2 40 787 786 788
786 2 2 2 40 788 786 827
787 2 2 2 40 786 826 827
788 2 2 2 40 787 788 789
789 2 2 2 40 787 789 811
790 2 2 2 40 787 811 839
791 2 2 2 40 789 788 790
792 2 2 2 40 790 788 812
793 2 2 2 40 812 788 827
794 2 2 2 40 789 790 791
795 2 2 2 40 789 791 803
796 2 2 2 40 789 803 811
797 2 2 2 40 791 790 792
798 2 2 2 40 792 790 793
799 2 2 2 40 793 790 812
800 2 2 2 40 791 792 815
801 2 2 2 40 803 791 807
802 2 2 2 40 807 791 815
803 2 2 2 40 792 793 794
804 2 2 2 40 792 794 799
805 2 2 2 40 792 799 815
806 2 2 2 40 794 793 795
807 2 2 2 40 795 793 801
808 2 2 2 40 801 793 812
809 2 2 2 40 794 795 796
810 2 2 2 40 794 796 818
811 2 2 2 40 799 794 818
812 2 2 2 40 796 795 797
813 2 2 2 40 797 795 819
814 2 2 2 40 795 801 819
815 2 2 2 40 796 797 798
816 2 2 2 40 796 798 806
817 2 2 2 40 796 806 818
818 2 2 2 40 798 797 800
819 2 2 2 40 800 797 804
820 2 2 2 40 804 797 819
821 2 2 2 40 798 800 802
822 2 2 2 40 798 802 820
823 2 2 2 40 806 798 820
824 2 2 2 40 815 799 816
825 2 2 2 40 816 799 817
826 2 2 2 40 817 799 818
827 2 2 2 40 802 800 825
828 2 2 2 40 800 804 805
829 2 2 2 40 800 805 825
830 2 2 2 40 801 812 813
831 2 2 2 40 801 813 814
832 2 2 2 40 801 814 819
833 2 2 2 40 820 802 822
834 2 2 2 40 822 802 823
835 2 2 2 40 823 802 825
836 2 2 2 40 803 807 808
837 2 2 2 40 803 808 840
838 2 2 2 40 811 803 840
839 2 2 2 40 805 804 810
840 2 2 2 40 810 804 833
841 2 2 2 40 804 819 833
842 2 2 2 40 805 810 835
843 2 2 2 40 825 805 849
844 2 2 2 40 805 835 849
845 2 2 2 40 818 806 844
846 2 2 2 40 806 820 821
847 2 2 2 40 806 821 844
848 2 2 2 40 808 807 809
849 2 2 2 40 809 807 847
850 2 2 2 40 807 815 847
851 2 2 2 40 808 809 852
852 2 2 2 40 808 831 840
853 2 2 2 40 831 808 852
854 2 2 2 40 810 834 835
855 2 2 2 40 811 829 839
856 2 2 2 40 813 812 827
857 2 2 2 40 814 813 828
858 2 2 2 40 819 814 833
859 2 2 2 40 814 828 832
860 2 2 2 40 814 832 833
861 2 2 2 40 815 816 847
862 2 2 2 40 816 817 845
863 2 2 2 40 816 845 846
864 2 2 2 40 817 818 844
865 2 2 2 40 821 820 842
866 2 2 2 40 820 822 842
867 2 2 2 40 822 824 842
868 2 2 2 40 841 824 851
869 2 2 2 40 851 824 856
870 2 2 2 40 830 835 836
871 2 2 2 40 835 830 849
872 2 2 2 40 837 831 852
873 2 2 2 41 5 929 80
874 2 2 2 41 123 929 5
875 2 2 2 41 85 927 6
876 2 2 2 41 6 927 100
877 2 2 2 41 109 928 7
878 2 2 2 41 7 928 122
879 2 2 2 41 117 930 8
880 2 2 2 41 8 930 132
881 2 2 2 41 80 867 81
882 2 2 2 41 80 929 867
883 2 2 2 41 81 924 82
884 2 2 2 41 867 924 81
885 2 2 2 41 82 857 83
886 2 2 2 41 82 924 857
887 2 2 2 41 83 925 84
888 2 2 2 41 857 925 83
889 2 2 2 41 84 906 85
890 2 2 2 41 84 925 906
891 2 2 2 41 906 927 85
892 2 2 2 41 100 865 101
893 2 2 2 41 100 927 865
894 2 2 2 41 101 900 102
895 2 2 2 41 865 900 101
896 2 2 2 41 102 861 103
897 2 2 2 41 102 900 861
898 2 2 2 41 103 899 104
899 2 2 2 41 861 899 103
900 2 2 2 41 104 869 105
901 2 2 2 41 104 899 869
902 2 2 2 41 105 860 106
903 2 2 2 41 105 869 860
904 2 2 2 41 106 901 107
905 2 2 2 41 860 901 106
906 2 2 2 41 107 863 108
907 2 2 2 41 107 901 863
908 2 2 2 41 108 913 109
909 2 2 2 41 863 913 108
910 2 2 2 41 913 928 109
911 2 2 2 41 118 911 117
912 2 2 2 41 911 930 117
913 2 2 2 41 119 926 118
914 2 2 2 41 118 926 911
915 2 2 2 41 120 858 119
916 2 2 2 41 858 926 119
917 2 2 2 41 121 923 120
918 2 2 2 41 120 923 858
919 2 2 2 41 122 868 121
920 2 2 2 41 868 923 121
921 2 2 2 41 122 928 868
922 2 2 2 41 124 912 123
923 2 2 2 41 912 929 123
924 2 2 2 41 125 864 124
925 2 2 2 41 864 912 124
926 2 2 2 41 126 902 125
927 2 2 2 41 125 902 864
928 2 2 2 41 127 859 126
929 2 2 2 41 859 902 126
930 2 2 2 41 128 914 127
931 2 2 2 41 127 914 859
932 2 2 2 41 129 916 128
933 2 2 2 41 128 916 914
934 2 2 2 41 130 862 129
935 2 2 2 41 862 916 129
936 2 2 2 41 131 903 130
937 2 2 2 41 130 903 862
938 2 2 2 41 132 866 131
939 2 2 2 41 866 903 131
940 2 2 2 41 132 930 866
941 2 2 2 41 857 898 897
942 2 2 2 41 897 910 857
943 2 2 2 41 857 924 898
944 2 2 2 41 910 925 857
945 2 2 2 41 895 896 858
946 2 2 2 41 858 907 895
947 2 2 2 41 896 926 858
948 2 2 2 41 858 923 907
949 2 2 2 41 859 919 902
950 2 2 2 41 914 915 859
951 2 2 2 41 915 919 859
952 2 2 2 41 869 870 860
953 2 2 2 41 870 871 860
954 2 2 2 41 871 901 860
955 2 2 2 41 861 900 885
956 2 2 2 41 885 904 861
957 2 2 2 41 861 904 899
958 2 2 2 41 903 918 862
959 2 2 2 41 862 917 916
960 2 2 2 41 862 918 917
961 2 2 2 41 901 909 863
962 2 2 2 41 863 909 908
963 2 2 2 41 908 913 863
964 2 2 2 41 902 921 864
965 2 2 2 41 864 922 912
966 2 2 2 41 921 922 864
967 2 2 2 41 865 905 900
968 2 2 2 41 865 906 905
969 2 2 2 41 865 927 906
970 2 2 2 41 866 920 903
971 2 2 2 41 911 920 866
972 2 2 2 41 866 930 911
973 2 2 2 41 867 922 898
974 2 2 2 41 898 924 867
975 2 2 2 41 912 922 867
976 2 2 2 41 867 929 912
977 2 2 2 41 868 908 907
978 2 2 2 41 907 923 868
979 2 2 2 41 868 913 908
980 2 2 2 41 868 928 913
981 2 2 2 41 869 886 870
982 2 2 2 41 869 899 886
983 2 2 2 41 870 872 871
984 2 2 2 41 870 873 872
985 2 2 2 41 870 886 873
986 2 2 2 41 872 887 871
987 2 2 2 41 887 909 871
988 2 2 2 41 871 909 901
989 2 2 2 41 873 874 872
990 2 2 2 41 874 875 872
991 2 2 2 41 875 887 872
992 2 2 2 41 873 876 874
993 2 2 2 41 873 877 876
994 2 2 2 41 873 886 877
995 2 2 2 41 874 892 875
996 2 2 2 41 876 882 874
997 2 2 2 41 882 892 874
998 2 2 2 41 875 888 887
999 2 2 2 41 875 890 888
1000 2 2 2 41 875 892 890
1001 2 2 2 41 877 878 876
1002 2 2 2 41 878 894 876
1003 2 2 2 41 876 894 882
1004 2 2 2 41 877 879 878
1005 2 2 2 41 877 904 879
1006 2 2 2 41 886 904 877
1007 2 2 2 41 879 880 878
1008 2 2 2 41 880 883 878
1009 2 2 2 41 883 894 878
1010 2 2 2 41 879 881 880
1011 2 2 2 41 879 885 881
1012 2 2 2 41 879 904 885
1013 2 2 2 41 881 897 880
1014 2 2 2 41 880 884 883
1015 2 2 2 41 880 897 884
1016 2 2 2 41 885 905 881
1017 2 2 2 41 881 910 897
1018 2 2 2 41 905 910 881
1019 2 2 2 41 882 893 892
1020 2 2 2 41 882 915 893
1021 2 2 2 41 894 915 882
1022 2 2 2 41 884 921 883
1023 2 2 2 41 883 919 894
1024 2 2 2 41 883 921 919
1025 2 2 2 41 897 898 884
1026 2 2 2 41 898 922 884
1027 2 2 2 41 884 922 921
1028 2 2 2 41 900 905 885
1029 2 2 2 41 899 904 886
1030 2 2 2 41 888 889 887
1031 2 2 2 41 889 909 887
1032 2 2 2 41 888 895 889
1033 2 2 2 41 890 891 888
1034 2 2 2 41 891 895 888
1035 2 2 2 41 895 907 889
1036 2 2 2 41 907 908 889
1037 2 2 2 41 908 909 889
1038 2 2 2 41 890 918 891
1039 2 2 2 41 892 917 890
1040 2 2 2 41 917 918 890
1041 2 2 2 41 891 896 895
1042 2 2 2 41 891 920 896
1043 2 2 2 41 918 920 891
1044 2 2 2 41 893 917 892
1045 2 2 2 41 893 915 914
1046 2 2 2 41 914 916 893
1047 2 2 2 41 916 917 893
1048 2 2 2 41 894 919 915
1049 2 2 2 41 896 920 911
1050 2 2 2 41 911 926 896
1051 2 2 2 41 919 921 902
1052 2 2 2 41 903 920 918
1053 2 2 2 41 906 910 905
1054 2 2 2 41 906 925 910
1055 2 2 2 42 10 9 157
1056 2 2 2 42 207 10 157
1057 2 2 2 42 15 11 12
1058 2 2 2 42 16 11 15
1059 2 2 2 42 16 133 11
1060 2 2 2 42 12 182 15
1061 2 2 2 42 14 158 13
1062 2 2 2 42 158 14 183
1063 2 2 2 42 182 206 15
1064 2 2 2 42 16 230 133
1065 2 2 2 42 230 134 133
1066 2 2 2 42 135 134 229
1067 2 2 2 42 230 229 134
1068 2 2 2 42 136 135 228
1069 2 2 2 42 229 228 135
1070 2 2 2 42 137 136 227
1071 2 2 2 42 228 227 136
1072 2 2 2 42 138 137 226
1073 2 2 2 42 227 226 137
1074 2 2 2 42 139 138 225
1075 2 2 2 42 226 225 138
1076 2 2 2 42 140 139 224
1077 2 2 2 42 225 224 139
1078 2 2 2 42 141 140 223
1079 2 2 2 42 224 223 140
1080 2 2 2 42 142 141 222
1081 2 2 2 42 223 222 141
1082 2 2 2 42 143 142 221
1083 2 2 2 42 222 221 142
1084 2 2 2 42 144 143 220
1085 2 2 2 42 221 220 143
1086 2 2 2 42 145 144 219
1087 2 2 2 42 220 219 144
1088 2 2 2 42 146 145 218
1089 2 2 2 42 219 218 145
1090 2 2 2 42 217 147 146
1091 2 2 2 42 218 217 146
1092 2 2 2 42 148 147 216
1093 2 2 2 42 217 216 147
1094 2 2 2 42 149 148 215
1095 2 2 2 42 216 215 148
1096 2 2 2 42 150 149 214
1097 2 2 2 42 215 214 149
1098 2 2 2 42 151 150 213
1099 2 2 2 42 214 213 150
1100 2 2 2 42 152 151 212
1101 2 2 2 42 213 212 151
1102 2 2 2 42 153 152 211
1103 2 2 2 42 212 211 152
1104 2 2 2 42 154 153 210
1105 2 2 2 42 211 210 153
1106 2 2 2 42 155 154 209
1107 2 2 2 42 210 209 154
1108 2 2 2 42 156 155 208
1109 2 2 2 42 209 208 155
1110 2 2 2 42 156 207 157
1111 2 2 2 42 208 207 156
1112 2 2 2 42 159 158 183
1113 2 2 2 42 160 159 184
1114 2 2 2 42 159 183 184
1115 2 2 2 42 161 160 185
1116 2 2 2 42 160 184 185
1117 2 2 2 42 162 161 186
1118 2 2 2 42 161 185 186
1119 2 2 2 42 163 162 187
1120 2 2 2 42 162 186 187
1121 2 2 2 42 164 163 188
1122 2 2 2 42 163 187 188
1123 2 2 2 42 165 164 189
1124 2 2 2 42 164 188 189
1125 2 2 2 42 166 165 190
1126 2 2 2 42 165 189 190
1127 2 2 2 42 167 166 191
1128 2 2 2 42 166 190 191
1129 2 2 2 42 168 167 192
1130 2 2 2 42 167 191 192
1131 2 2 2 42 169 168 193
1132 2 2 2 42 168 192 193
1133 2 2 2 42 170 169 194
1134 2 2 2 42 169 193 194
1135 2 2 2 42 171 170 195
1136 2 2 2 42 170 194 195
1137 2 2 2 42 172 171 196
1138 2 2 2 42 171 195 196
1139 2 2 2 42 173 172 197
1140 2 2 2 42 172 196 197
1141 2 2 2 42 174 173 198
1142 2 2 2 42 173 197 198
1143 2 2 2 42 175 174 199
1144 2 2 2 42 174 198 199
1145 2 2 2 42 176 175 200
1146 2 2 2 42 175 199 200
1147 2 2 2 42 177 176 201
1148 2 2 2 42 176 200 201
1149 2 2 2 42 178 177 202
1150 2 2 2 42 177 201 202
1151 2 2 2 42 178 203 179
1152 2 2 2 42 178 202 203
1153 2 2 2 42 179 204 180
1154 2 2 2 42 179 203 204
1155 2 2 2 42 180 205 181
1156 2 2 2 42 180 204 205
1157 2 2 2 42 181 206 182
1158 2 2 2 42 181 205 206
1159 2 2 2 43 231 9 10
1160 2 2 2 43 235 231 10
1161 2 2 2 43 18 17 234
1162 2 2 2 43 18 234 238
1163 2 2 2 43 236 232 231
1164 2 2 2 43 236 231 235
1165 2 2 2 43 233 232 236
1166 2 2 2 43 234 233 238
1167 2 2 2 43 236 237 233
1168 2 2 2 43 233 237 238
1169 2 2 2 44 9 1054 157
1170 2 2 2 44 231 1054 9
1171 2 2 2 44 133 1055 11
1172 2 2 2 44 11 1055 264
1173 2 2 2 44 17 1056 234
1174 2 2 2 44 263 1056 17
1175 2 2 2 44 19 1053 239
1176 2 2 2 44 267 1053 19
1177 2 2 2 44 134 1028 133
1178 2 2 2 44 1028 1055 133
1179 2 2 2 44 135 952 134
1180 2 2 2 44 952 1028 134
1181 2 2 2 44 136 988 135
1182 2 2 2 44 135 988 952
1183 2 2 2 44 137 933 136
1184 2 2 2 44 933 988 136
1185 2 2 2 44 138 1011 137
1186 2 2 2 44 137 1011 933
1187 2 2 2 44 139 935 138
1188 2 2 2 44 935 1011 138
1189 2 2 2 44 140 989 139
1190 2 2 2 44 139 989 935
1191 2 2 2 44 141 934 140
1192 2 2 2 44 934 989 140
1193 2 2 2 44 142 980 141
1194 2 2 2 44 141 980 934
1195 2 2 2 44 143 1014 142
1196 2 2 2 44 142 1014 980
1197 2 2 2 44 144 938 143
1198 2 2 2 44 938 1014 143
1199 2 2 2 44 145 990 144
1200 2 2 2 44 144 990 938
1201 2 2 2 44 146 939 145
1202 2 2 2 44 939 990 145
1203 2 2 2 44 147 1010 146
1204 2 2 2 44 146 1010 939
1205 2 2 2 44 148 1015 147
1206 2 2 2 44 147 1015 1010
1207 2 2 2 44 149 936 148
1208 2 2 2 44 936 1015 148
1209 2 2 2 44 150 1000 149
1210 2 2 2 44 149 1000 936
1211 2 2 2 44 151 931 150
1212 2 2 2 44 931 1000 150
1213 2 2 2 44 152 1007 151
1214 2 2 2 44 151 1007 931
1215 2 2 2 44 153 932 152
1216 2 2 2 44 932 1007 152
1217 2 2 2 44 154 1052 153
1218 2 2 2 44 153 1052 932
1219 2 2 2 44 155 937 154
1220 2 2 2 44 937 1052 154
1221 2 2 2 44 156 1042 155
1222 2 2 2 44 155 1042 937
1223 2 2 2 44 157 954 156
1224 2 2 2 44 954 1042 156
1225 2 2 2 44 157 1054 954
1226 2 2 2 44 232 1023 231
1227 2 2 2 44 1023 1054 231
1228 2 2 2 44 233 951 232
1229 2 2 2 44 951 1023 232
1230 2 2 2 44 234 955 233
1231 2 2 2 44 233 955 951
1232 2 2 2 44 234 1056 955
1233 2 2 2 44 239 953 240
1234 2 2 2 44 239 1053 953
1235 2 2 2 44 240 1041 241
1236 2 2 2 44 953 1041 240
1237 2 2 2 44 241 942 242
1238 2 2 2 44 241 1041 942
1239 2 2 2 44 242 1051 243
1240 2 2 2 44 942 1051 242
1241 2 2 2 44 243 944 244
1242 2 2 2 44 243 1051 944
1243 2 2 2 44 244 979 245
1244 2 2 2 44 944 979 244
1245 2 2 2 44 245 950 246
1246 2 2 2 44 245 979 950
1247 2 2 2 44 246 1013 247
1248 2 2 2 44 950 1013 246
1249 2 2 2 44 247 941 248
1250 2 2 2 44 247 1013 941
1251 2 2 2 44 248 1012 249
1252 2 2 2 44 941 1012 248
1253 2 2 2 44 249 1008 250
1254 2 2 2 44 249 1012 1008
1255 2 2 2 44 250 947 251
1256 2 2 2 44 250 1008 947
1257 2 2 2 44 251 1017 252
1258 2 2 2 44 947 1017 251
1259 2 2 2 44 252 1029 253
1260 2 2 2 44 1017 1029 252
1261 2 2 2 44 253 948 254
1262 2 2 2 44 253 1029 948
1263 2 2 2 44 254 1006 255
1264 2 2 2 44 948 1006 254
1265 2 2 2 44 255 945 256
1266 2 2 2 44 255 1006 945
1267 2 2 2 44 256 1002 257
1268 2 2 2 44 945 1002 256
1269 2 2 2 44 257 943 258
1270 2 2 2 44 257 1002 943
1271 2 2 2 44 258 1005 259
1272 2 2 2 44 943 1005 258
1273 2 2 2 44 259 946 260
1274 2 2 2 44 259 1005 946
1275 2 2 2 44 260 1009 261
1276 2 2 2 44 946 1009 260
1277 2 2 2 44 261 949 262
1278 2 2 2 44 261 1009 949
1279 2 2 2 44 262 1027 263
1280 2 2 2 44 949 1027 262
1281 2 2 2 44 1027 1056 263
1282 2 2 2 44 264 967 265
1283 2 2 2 44 264 1055 967
1284 2 2 2 44 265 940 266
1285 2 2 2 44 265 967 940
1286 2 2 2 44 266 1022 267
1287 2 2 2 44 940 1022 266
1288 2 2 2 44 1022 1053 267
1289 2 2 2 44 931 1001 1000
1290 2 2 2 44 931 1024 1001
1291 2 2 2 44 1007 1024 931
1292 2 2 2 44 963 964 932
1293 2 2 2 44 932 1052 963
1294 2 2 2 44 964 1050 932
1295 2 2 2 44 932 1050 1007
1296 2 2 2 44 933 1058 988
1297 2 2 2 44 1011 1046 933
1298 2 2 2 44 1046 1058 933
1299 2 2 2 44 980 981 934
1300 2 2 2 44 981 983 934
1301 2 2 2 44 983 989 934
1302 2 2 2 44 989 1016 935
1303 2 2 2 44 935 1048 1011
1304 2 2 2 44 1016 1048 935
1305 2 2 2 44 1000 1018 936
1306 2 2 2 44 936 1035 1015
1307 2 2 2 44 1018 1035 936
1308 2 2 2 44 959 960 937
1309 2 2 2 44 937 1042 959
1310 2 2 2 44 960 963 937
1311 2 2 2 44 963 1052 937
1312 2 2 2 44 990 999 938
1313 2 2 2 44 999 1030 938
1314 2 2 2 44 938 1030 1014
1315 2 2 2 44 939 991 990
1316 2 2 2 44 939 992 991
1317 2 2 2 44 939 1010 992
1318 2 2 2 44 967 968 940
1319 2 2 2 44 968 969 940
1320 2 2 2 44 969 1022 940
1321 2 2 2 44 941 1031 1012
1322 2 2 2 44 1013 1025 941
1323 2 2 2 44 1025 1031 941
1324 2 2 2 44 971 972 942
1325 2 2 2 44 942 1041 971
1326 2 2 2 44 972 975 942
1327 2 2 2 44 975 1051 942
1328 2 2 2 44 1002 1019 943
1329 2 2 2 44 943 1047 1005
1330 2 2 2 44 1019 1047 943
1331 2 2 2 44 975 976 944
1332 2 2 2 44 944 1051 975
1333 2 2 2 44 976 1049 944
1334 2 2 2 44 944 1049 979
1335 2 2 2 44 945 1003 1002
1336 2 2 2 44 945 1004 1003
1337 2 2 2 44 945 1006 1004
1338 2 2 2 44 1005 1045 946
1339 2 2 2 44 946 1057 1009
1340 2 2 2 44 1045 1057 946
1341 2 2 2 44 1008 1033 947
1342 2 2 2 44 947 1026 1017
1343 2 2 2 44 947 1033 1026
1344 2 2 2 44 948 1039 1006
1345 2 2 2 44 1029 1034 948
1346 2 2 2 44 1034 1039 948
1347 2 2 2 44 956 1027 949
1348 2 2 2 44 949 1043 956
1349 2 2 2 44 1009 1043 949
1350 2 2 2 44 979 1038 950
1351 2 2 2 44 950 1032 1013
1352 2 2 2 44 950 1038 1032
1353 2 2 2 44 955 956 951
1354 2 2 2 44 956 957 951
1355 2 2 2 44 957 1023 951
1356 2 2 2 44 968 1028 952
1357 2 2 2 44 952 1044 968
1358 2 2 2 44 988 1044 952
1359 2 2 2 44 969 971 953
1360 2 2 2 44 953 1022 969
1361 2 2 2 44 971 1041 953
1362 2 2 2 44 953 1053 1022
1363 2 2 2 44 957 959 954
1364 2 2 2 44 954 1023 957
1365 2 2 2 44 959 1042 954
1366 2 2 2 44 954 1054 1023
1367 2 2 2 44 955 1027 956
1368 2 2 2 44 955 1056 1027
1369 2 2 2 44 956 958 957
1370 2 2 2 44 956 1043 958
1371 2 2 2 44 958 959 957
1372 2 2 2 44 958 960 959
1373 2 2 2 44 958 961 960
1374 2 2 2 44 958 1043 961
1375 2 2 2 44 961 962 960
1376 2 2 2 44 962 963 960
1377 2 2 2 44 961 1045 962
1378 2 2 2 44 1043 1057 961
1379 2 2 2 44 961 1057 1045
1380 2 2 2 44 962 964 963
1381 2 2 2 44 962 965 964
1382 2 2 2 44 962 1045 965
1383 2 2 2 44 965 966 964
1384 2 2 2 44 966 1050 964
1385 2 2 2 44 965 1047 966
1386 2 2 2 44 965 1045 1005
1387 2 2 2 44 1005 1047 965
1388 2 2 2 44 1019 1021 966
1389 2 2 2 44 966 1047 1019
1390 2 2 2 44 1021 1024 966
1391 2 2 2 44 1024 1050 966
1392 2 2 2 44 967 1028 968
1393 2 2 2 44 967 1055 1028
1394 2 2 2 44 968 970 969
1395 2 2 2 44 968 1044 970
1396 2 2 2 44 970 971 969
1397 2 2 2 44 970 972 971
1398 2 2 2 44 970 973 972
1399 2 2 2 44 970 1044 973
1400 2 2 2 44 973 974 972
1401 2 2 2 44 974 975 972
1402 2 2 2 44 973 1046 974
1403 2 2 2 44 1044 1058 973
1404 2 2 2 44 973 1058 1046
1405 2 2 2 44 974 976 975
1406 2 2 2 44 974 977 976
1407 2 2 2 44 974 1046 977
1408 2 2 2 44 977 978 976
1409 2 2 2 44 978 1049 976
1410 2 2 2 44 977 1048 978
1411 2 2 2 44 977 1046 1011
1412 2 2 2 44 1011 1048 977
1413 2 2 2 44 978 1016 985
1414 2 2 2 44 985 1038 978
1415 2 2 2 44 978 1048 1016
1416 2 2 2 44 1038 1049 978
1417 2 2 2 44 979 1049 1038
1418 2 2 2 44 980 982 981
1419 2 2 2 44 980 1014 982
1420 2 2 2 44 982 986 981
1421 2 2 2 44 981 984 983
1422 2 2 2 44 981 986 984
1423 2 2 2 44 982 987 986
1424 2 2 2 44 982 1030 987
1425 2 2 2 44 1014 1030 982
1426 2 2 2 44 984 985 983
1427 2 2 2 44 985 1016 983
1428 2 2 2 44 983 1016 989
1429 2 2 2 44 984 1032 985
1430 2 2 2 44 986 1025 984
1431 2 2 2 44 1025 1032 984
1432 2 2 2 44 1032 1038 985
1433 2 2 2 44 987 1031 986
1434 2 2 2 44 986 1031 1025
1435 2 2 2 44 1030 1036 987
1436 2 2 2 44 987 1037 1031
1437 2 2 2 44 1036 1037 987
1438 2 2 2 44 988 1058 1044
1439 2 2 2 44 991 999 990
1440 2 2 2 44 992 993 991
1441 2 2 2 44 993 995 991
1442 2 2 2 44 995 999 991
1443 2 2 2 44 992 994 993
1444 2 2 2 44 992 997 994
1445 2 2 2 44 992 1010 997
1446 2 2 2 44 994 996 993
1447 2 2 2 44 993 1026 995
1448 2 2 2 44 996 1026 993
1449 2 2 2 44 994 1034 996
1450 2 2 2 44 997 998 994
1451 2 2 2 44 998 1034 994
1452 2 2 2 44 995 1036 999
1453 2 2 2 44 1026 1033 995
1454 2 2 2 44 1033 1036 995
1455 2 2 2 44 1017 1026 996
1456 2 2 2 44 996 1029 1017
1457 2 2 2 44 996 1034 1029
1458 2 2 2 44 997 1035 998
1459 2 2 2 44 1010 1015 997
1460 2 2 2 44 1015 1035 997
1461 2 2 2 44 998 1039 1034
1462 2 2 2 44 1035 1040 998
1463 2 2 2 44 998 1040 1039
1464 2 2 2 44 999 1036 1030
1465 2 2 2 44 1001 1018 1000
1466 2 2 2 44 1001 1020 1018
1467 2 2 2 44 1001 1021 1020
1468 2 2 2 44 1001 1024 1021
1469 2 2 2 44 1003 1019 1002
1470 2 2 2 44 1004 1020 1003
1471 2 2 2 44 1003 1021 1019
1472 2 2 2 44 1020 1021 1003
1473 2 2 2 44 1006 1039 1004
1474 2 2 2 44 1004 1040 1020
1475 2 2 2 44 1039 1040 1004
1476 2 2 2 44 1007 1050 1024
1477 2 2 2 44 1012 1037 1008
1478 2 2 2 44 1008 1037 1033
1479 2 2 2 44 1009 1057 1043
1480 2 2 2 44 1031 1037 1012
1481 2 2 2 44 1013 1032 1025
1482 2 2 2 44 1020 1040 1018
1483 2 2 2 44 1018 1040 1035
1484 2 2 2 44 1033 1037 1036
1485 2 2 2 45 268 12 11
1486 2 2 2 45 268 11 264
1487 2 2 2 45 20 267 19
1488 2 2 2 45 20 271 267
1489 2 2 2 45 265 268 264
1490 2 2 2 45 270 265 266
1491 2 2 2 45 269 268 265
1492 2 2 2 45 270 269 265
1493 2 2 2 45 267 270 266
1494 2 2 2 45 271 270 267
1495 2 2 2 46 182 12 1181
1496 2 2 2 46 12 268 1181
1497 2 2 2 46 13 158 1182
1498 2 2 2 46 272 13 1182
1499 2 2 2 46 271 20 1184
1500 2 2 2 46 20 276 1184
1501 2 2 2 46 21 275 1183
1502 2 2 2 46 300 21 1183
1503 2 2 2 46 158 159 1083
1504 2 2 2 46 158 1083 1182
1505 2 2 2 46 159 160 1169
1506 2 2 2 46 1083 159 1169
1507 2 2 2 46 160 161 1071
1508 2 2 2 46 160 1071 1169
1509 2 2 2 46 161 162 1179
1510 2 2 2 46 1071 161 1179
1511 2 2 2 46 162 163 1077
1512 2 2 2 46 162 1077 1179
1513 2 2 2 46 163 164 1144
1514 2 2 2 46 1077 163 1144
1515 2 2 2 46 164 165 1072
1516 2 2 2 46 164 1072 1144
1517 2 2 2 46 165 166 1142
1518 2 2 2 46 1072 165 1142
1519 2 2 2 46 166 167 1078
1520 2 2 2 46 166 1078 1142
1521 2 2 2 46 167 168 1115
1522 2 2 2 46 1078 167 1115
1523 2 2 2 46 168 169 1066
1524 2 2 2 46 168 1066 1115
1525 2 2 2 46 169 170 1138
1526 2 2 2 46 1066 169 1138
1527 2 2 2 46 170 171 1067
1528 2 2 2 46 170 1067 1138
1529 2 2 2 46 171 172 1139
1530 2 2 2 46 1067 171 1139
1531 2 2 2 46 172 173 1074
1532 2 2 2 46 172 1074 1139
1533 2 2 2 46 173 174 1120
1534 2 2 2 46 1074 173 1120
1535 2 2 2 46 174 175 1135
1536 2 2 2 46 1120 174 1135
1537 2 2 2 46 175 176 1059
1538 2 2 2 46 175 1059 1135
1539 2 2 2 46 176 177 1136
1540 2 2 2 46 1059 176 1136
1541 2 2 2 46 177 178 1060
1542 2 2 2 46 177 1060 1136
1543 2 2 2 46 178 179 1180
1544 2 2 2 46 1060 178 1180
1545 2 2 2 46 179 180 1065
1546 2 2 2 46 179 1065 1180
1547 2 2 2 46 180 181 1170
1548 2 2 2 46 1065 180 1170
1549 2 2 2 46 181 182 1082
1550 2 2 2 46 181 1082 1170
1551 2 2 2 46 1082 182 1181
1552 2 2 2 46 268 269 1148
1553 2 2 2 46 268 1148 1181
1554 2 2 2 46 269 270 1080
1555 2 2 2 46 269 1080 1148
1556 2 2 2 46 270 271 1096
1557 2 2 2 46 1080 270 1096
1558 2 2 2 46 1096 271 1184
1559 2 2 2 46 273 272 1149
1560 2 2 2 46 1149 272 1182
1561 2 2 2 46 274 273 1068
1562 2 2 2 46 1068 273 1149
1563 2 2 2 46 275 274 1084
1564 2 2 2 46 274 1068 1084
1565 2 2 2 46 275 1084 1183
1566 2 2 2 46 276 277 1151
1567 2 2 2 46 276 1151 1184
1568 2 2 2 46 277 278 1069
1569 2 2 2 46 277 1069 1151
1570 2 2 2 46 278 279 1137
1571 2 2 2 46 1069 278 1137
1572 2 2 2 46 279 280 1070
1573 2 2 2 46 279 1070 1137
1574 2 2 2 46 280 281 1128
1575 2 2 2 46 1070 280 1128
1576 2 2 2 46 281 282 1075
1577 2 2 2 46 281 1075 1128
1578 2 2 2 46 282 283 1129
1579 2 2 2 46 1075 282 1129
1580 2 2 2 46 283 284 1131
1581 2 2 2 46 1129 283 1131
1582 2 2 2 46 284 285 1064
1583 2 2 2 46 284 1064 1131
1584 2 2 2 46 285 286 1133
1585 2 2 2 46 1064 285 1133
1586 2 2 2 46 286 287 1079
1587 2 2 2 46 286 1079 1133
1588 2 2 2 46 287 288 1134
1589 2 2 2 46 1079 287 1134
1590 2 2 2 46 288 289 1076
1591 2 2 2 46 288 1076 1134
1592 2 2 2 46 289 290 1141
1593 2 2 2 46 1076 289 1141
1594 2 2 2 46 290 291 1073
1595 2 2 2 46 290 1073 1141
1596 2 2 2 46 291 292 1143
1597 2 2 2 46 1073 291 1143
1598 2 2 2 46 292 293 1063
1599 2 2 2 46 292 1063 1143
1600 2 2 2 46 293 294 1108
1601 2 2 2 46 1063 293 1108
1602 2 2 2 46 294 295 1062
1603 2 2 2 46 294 1062 1108
1604 2 2 2 46 295 296 1140
1605 2 2 2 46 1062 295 1140
1606 2 2 2 46 296 297 1061
1607 2 2 2 46 296 1061 1140
1608 2 2 2 46 297 298 1132
1609 2 2 2 46 1061 297 1132
1610 2 2 2 46 298 299 1081
1611 2 2 2 46 298 1081 1132
1612 2 2 2 46 299 300 1150
1613 2 2 2 46 1081 299 1150
1614 2 2 2 46 1150 300 1183
1615 2 2 2 46 1135 1059 1145
1616 2 2 2 46 1059 1136 1166
1617 2 2 2 46 1145 1059 1166
1618 2 2 2 46 1060 1104 1105
1619 2 2 2 46 1104 1060 1180
1620 2 2 2 46 1060 1105 1178
1621 2 2 2 46 1136 1060 1178
1622 2 2 2 46 1061 1132 1186
1623 2 2 2 46 1140 1061 1174
1624 2 2 2 46 1174 1061 1186
1625 2 2 2 46 1108 1062 1114
1626 2 2 2 46 1114 1062 1176
1627 2 2 2 46 1062 1140 1176
1628 2 2 2 46 1063 1108 1109
1629 2 2 2 46 1063 1109 1110
1630 2 2 2 46 1063 1110 1143
1631 2 2 2 46 1131 1064 1157
1632 2 2 2 46 1064 1133 1153
1633 2 2 2 46 1064 1153 1157
1634 2 2 2 46 1065 1100 1101
1635 2 2 2 46 1100 1065 1170
1636 2 2 2 46 1065 1101 1104
1637 2 2 2 46 1065 1104 1180
1638 2 2 2 46 1115 1066 1116
1639 2 2 2 46 1116 1066 1117
1640 2 2 2 46 1117 1066 1138
1641 2 2 2 46 1138 1067 1146
1642 2 2 2 46 1067 1139 1159
1643 2 2 2 46 1146 1067 1159
1644 2 2 2 46 1084 1068 1085
1645 2 2 2 46 1085 1068 1086
1646 2 2 2 46 1086 1068 1149
1647 2 2 2 46 1069 1097 1151
1648 2 2 2 46 1097 1069 1171
1649 2 2 2 46 1069 1137 1171
1650 2 2 2 46 1070 1128 1173
1651 2 2 2 46 1137 1070 1185
1652 2 2 2 46 1070 1173 1185
1653 2 2 2 46 1088 1071 1089
1654 2 2 2 46 1071 1088 1169
1655 2 2 2 46 1089 1071 1092
1656 2 2 2 46 1092 1071 1179
1657 2 2 2 46 1072 1142 1152
1658 2 2 2 46 1144 1072 1158
1659 2 2 2 46 1072 1152 1158
1660 2 2 2 46 1141 1073 1161
1661 2 2 2 46 1073 1143 1147
1662 2 2 2 46 1073 1147 1161
1663 2 2 2 46 1074 1120 1121
1664 2 2 2 46 1074 1121 1123
1665 2 2 2 46 1074 1123 1139
1666 2 2 2 46 1128 1075 1175
1667 2 2 2 46 1075 1129 1130
1668 2 2 2 46 1075 1130 1175
1669 2 2 2 46 1134 1076 1162
1670 2 2 2 46 1076 1141 1154
1671 2 2 2 46 1076 1154 1162
1672 2 2 2 46 1092 1077 1093
1673 2 2 2 46 1077 1092 1179
1674 2 2 2 46 1093 1077 1177
1675 2 2 2 46 1077 1144 1177
1676 2 2 2 46 1078 1115 1163
1677 2 2 2 46 1142 1078 1155
1678 2 2 2 46 1155 1078 1163
1679 2 2 2 46 1133 1079 1156
1680 2 2 2 46 1079 1134 1164
1681 2 2 2 46 1156 1079 1164
1682 2 2 2 46 1080 1096 1097
1683 2 2 2 46 1080 1097 1098
1684 2 2 2 46 1080 1098 1148
1685 2 2 2 46 1085 1081 1150
1686 2 2 2 46 1081 1085 1172
1687 2 2 2 46 1132 1081 1172
1688 2 2 2 46 1082 1098 1100
1689 2 2 2 46 1098 1082 1148
1690 2 2 2 46 1082 1100 1170
1691 2 2 2 46 1148 1082 1181
1692 2 2 2 46 1086 1083 1088
1693 2 2 2 46 1083 1086 1149
1694 2 2 2 46 1088 1083 1169
1695 2 2 2 46 1083 1149 1182
1696 2 2 2 46 1084 1085 1150
1697 2 2 2 46 1084 1150 1183
1698 2 2 2 46 1085 1086 1087
1699 2 2 2 46 1085 1087 1172
1700 2 2 2 46 1087 1086 1088
1701 2 2 2 46 1087 1088 1089
1702 2 2 2 46 1087 1089 1090
1703 2 2 2 46 1087 1090 1172
1704 2 2 2 46 1090 1089 1091
1705 2 2 2 46 1091 1089 1092
1706 2 2 2 46 1090 1091 1174
1707 2 2 2 46 1172 1090 1186
1708 2 2 2 46 1090 1174 1186
1709 2 2 2 46 1091 1092 1093
1710 2 2 2 46 1091 1093 1094
1711 2 2 2 46 1091 1094 1174
1712 2 2 2 46 1094 1093 1095
1713 2 2 2 46 1095 1093 1177
1714 2 2 2 46 1094 1095 1176
1715 2 2 2 46 1094 1140 1174
1716 2 2 2 46 1140 1094 1176
1717 2 2 2 46 1095 1113 1114
1718 2 2 2 46 1113 1095 1158
1719 2 2 2 46 1095 1114 1176
1720 2 2 2 46 1158 1095 1177
1721 2 2 2 46 1097 1096 1151
1722 2 2 2 46 1151 1096 1184
1723 2 2 2 46 1098 1097 1099
1724 2 2 2 46 1099 1097 1171
1725 2 2 2 46 1098 1099 1100
1726 2 2 2 46 1100 1099 1101
1727 2 2 2 46 1101 1099 1102
1728 2 2 2 46 1102 1099 1171
1729 2 2 2 46 1101 1102 1103
1730 2 2 2 46 1101 1103 1104
1731 2 2 2 46 1103 1102 1173
1732 2 2 2 46 1102 1171 1185
1733 2 2 2 46 1173 1102 1185
1734 2 2 2 46 1104 1103 1105
1735 2 2 2 46 1105 1103 1106
1736 2 2 2 46 1106 1103 1173
1737 2 2 2 46 1105 1106 1107
1738 2 2 2 46 1105 1107 1178
1739 2 2 2 46 1107 1106 1175
1740 2 2 2 46 1128 1106 1173
1741 2 2 2 46 1106 1128 1175
1742 2 2 2 46 1107 1130 1167
1743 2 2 2 46 1130 1107 1175
1744 2 2 2 46 1166 1107 1167
1745 2 2 2 46 1107 1166 1178
1746 2 2 2 46 1109 1108 1114
1747 2 2 2 46 1110 1109 1111
1748 2 2 2 46 1111 1109 1113
1749 2 2 2 46 1113 1109 1114
1750 2 2 2 46 1110 1111 1112
1751 2 2 2 46 1110 1112 1147
1752 2 2 2 46 1143 1110 1147
1753 2 2 2 46 1112 1111 1155
1754 2 2 2 46 1111 1113 1152
1755 2 2 2 46 1111 1152 1155
1756 2 2 2 46 1147 1112 1160
1757 2 2 2 46 1112 1155 1163
1758 2 2 2 46 1160 1112 1163
1759 2 2 2 46 1152 1113 1158
1760 2 2 2 46 1115 1116 1163
1761 2 2 2 46 1116 1117 1118
1762 2 2 2 46 1116 1118 1160
1763 2 2 2 46 1116 1160 1163
1764 2 2 2 46 1118 1117 1119
1765 2 2 2 46 1119 1117 1146
1766 2 2 2 46 1117 1138 1146
1767 2 2 2 46 1118 1119 1154
1768 2 2 2 46 1118 1154 1161
1769 2 2 2 46 1160 1118 1161
1770 2 2 2 46 1119 1146 1168
1771 2 2 2 46 1154 1119 1162
1772 2 2 2 46 1162 1119 1168
1773 2 2 2 46 1121 1120 1122
1774 2 2 2 46 1122 1120 1135
1775 2 2 2 46 1121 1122 1126
1776 2 2 2 46 1123 1121 1124
1777 2 2 2 46 1124 1121 1126
1778 2 2 2 46 1126 1122 1127
1779 2 2 2 46 1127 1122 1145
1780 2 2 2 46 1122 1135 1145
1781 2 2 2 46 1123 1124 1125
1782 2 2 2 46 1123 1125 1159
1783 2 2 2 46 1139 1123 1159
1784 2 2 2 46 1125 1124 1156
1785 2 2 2 46 1124 1126 1153
1786 2 2 2 46 1124 1153 1156
1787 2 2 2 46 1125 1156 1164
1788 2 2 2 46 1159 1125 1168
1789 2 2 2 46 1125 1164 1168
1790 2 2 2 46 1126 1127 1157
1791 2 2 2 46 1153 1126 1157
1792 2 2 2 46 1127 1145 1167
1793 2 2 2 46 1157 1127 1165
1794 2 2 2 46 1165 1127 1167
1795 2 2 2 46 1130 1129 1165
1796 2 2 2 46 1129 1131 1165
1797 2 2 2 46 1130 1165 1167
1798 2 2 2 46 1131 1157 1165
1799 2 2 2 46 1132 1172 1186
1800 2 2 2 46 1153 1133 1156
1801 2 2 2 46 1134 1162 1164
1802 2 2 2 46 1166 1136 1178
1803 2 2 2 46 1171 1137 1185
1804 2 2 2 46 1154 1141 1161
1805 2 2 2 46 1152 1142 1155
1806 2 2 2 46 1144 1158 1177
1807 2 2 2 46 1145 1166 1167
1808 2 2 2 46 1146 1159 1168
1809 2 2 2 46 1147 1160 1161
1810 2 2 2 46 1164 1162 1168
1811 2 2 2 47 301 14 13
1812 2 2 2 47 272 301 13
1813 2 2 2 47 21 22 304
1814 2 2 2 47 304 275 21
1815 2 2 2 47 273 301 272
1816 2 2 2 47 274 303 273
1817 2 2 2 47 273 302 301
1818 2 2 2 47 303 302 273
1819 2 2 2 47 274 275 304
1820 2 2 2 47 304 303 274
1821 2 2 2 48 14 1305 183
1822 2 2 2 48 301 1305 14
1823 2 2 2 48 206 1307 15
1824 2 2 2 48 15 1307 305
1825 2 2 2 48 22 1306 304
1826 2 2 2 48 309 1306 22
1827 2 2 2 48 308 1304 23
1828 2 2 2 48 23 1304 332
1829 2 2 2 48 183 1210 184
1830 2 2 2 48 183 1305 1210
1831 2 2 2 48 184 1211 185
1832 2 2 2 48 1210 1211 184
1833 2 2 2 48 185 1187 186
1834 2 2 2 48 185 1211 1187
1835 2 2 2 48 186 1217 187
1836 2 2 2 48 1187 1217 186
1837 2 2 2 48 187 1188 188
1838 2 2 2 48 187 1217 1188
1839 2 2 2 48 188 1218 189
1840 2 2 2 48 1188 1218 188
1841 2 2 2 48 189 1257 190
1842 2 2 2 48 1218 1257 189
1843 2 2 2 48 190 1189 191
1844 2 2 2 48 190 1257 1189
1845 2 2 2 48 191 1258 192
1846 2 2 2 48 1189 1258 191
1847 2 2 2 48 192 1190 193
1848 2 2 2 48 192 1258 1190
1849 2 2 2 48 193 1259 194
1850 2 2 2 48 1190 1259 193
1851 2 2 2 48 194 1191 195
1852 2 2 2 48 194 1259 1191
1853 2 2 2 48 195 1260 196
1854 2 2 2 48 1191 1260 195
1855 2 2 2 48 196 1192 197
1856 2 2 2 48 196 1260 1192
1857 2 2 2 48 197 1261 198
1858 2 2 2 48 1192 1261 197
1859 2 2 2 48 198 1193 199
1860 2 2 2 48 198 1261 1193
1861 2 2 2 48 199 1262 200
1862 2 2 2 48 1193 1262 199
1863 2 2 2 48 200 1194 201
1864 2 2 2 48 200 1262 1194
1865 2 2 2 48 201 1263 202
1866 2 2 2 48 1194 1263 201
1867 2 2 2 48 202 1195 203
1868 2 2 2 48 202 1263 1195
1869 2 2 2 48 203 1256 204
1870 2 2 2 48 1195 1256 203
1871 2 2 2 48 204 1196 205
1872 2 2 2 48 204 1256 1196
1873 2 2 2 48 205 1255 206
1874 2 2 2 48 1196 1255 205
1875 2 2 2 48 1255 1307 206
1876 2 2 2 48 302 1278 301
1877 2 2 2 48 1278 1305 301
1878 2 2 2 48 303 1207 302
1879 2 2 2 48 1207 1278 302
1880 2 2 2 48 304 1264 303
1881 2 2 2 48 303 1264 1207
1882 2 2 2 48 304 1306 1264
1883 2 2 2 48 305 1280 306
1884 2 2 2 48 305 1307 1280
1885 2 2 2 48 306 1208 307
1886 2 2 2 48 306 1280 1208
1887 2 2 2 48 307 1277 308
1888 2 2 2 48 1208 1277 307
1889 2 2 2 48 1277 1304 308
1890 2 2 2 48 310 1279 309
1891 2 2 2 48 1279 1306 309
1892 2 2 2 48 311 1197 310
1893 2 2 2 48 1197 1279 310
1894 2 2 2 48 312 1265 311
1895 2 2 2 48 311 1265 1197
1896 2 2 2 48 313 1198 312
1897 2 2 2 48 1198 1265 312
1898 2 2 2 48 314 1266 313
1899 2 2 2 48 313 1266 1198
1900 2 2 2 48 315 1199 314
1901 2 2 2 48 1199 1266 314
1902 2 2 2 48 316 1302 315
1903 2 2 2 48 315 1302 1199
1904 2 2 2 48 317 1283 316
1905 2 2 2 48 1283 1302 316
1906 2 2 2 48 318 1200 317
1907 2 2 2 48 1200 1283 317
1908 2 2 2 48 319 1267 318
1909 2 2 2 48 318 1267 1200
1910 2 2 2 48 320 1201 319
1911 2 2 2 48 1201 1267 319
1912 2 2 2 48 321 1268 320
1913 2 2 2 48 320 1268 1201
1914 2 2 2 48 322 1202 321
1915 2 2 2 48 1202 1268 321
1916 2 2 2 48 323 1269 322
1917 2 2 2 48 322 1269 1202
1918 2 2 2 48 324 1203 323
1919 2 2 2 48 1203 1269 323
1920 2 2 2 48 325 1270 324
1921 2 2 2 48 324 1270 1203
1922 2 2 2 48 326 1204 325
1923 2 2 2 48 1204 1270 325
1924 2 2 2 48 327 1271 326
1925 2 2 2 48 326 1271 1204
1926 2 2 2 48 328 1205 327
1927 2 2 2 48 1205 1271 327
1928 2 2 2 48 329 1272 328
1929 2 2 2 48 328 1272 1205
1930 2 2 2 48 330 1206 329
1931 2 2 2 48 1206 1272 329
1932 2 2 2 48 331 1273 330
1933 2 2 2 48 330 1273 1206
1934 2 2 2 48 332 1209 331
1935 2 2 2 48 1209 1273 331
1936 2 2 2 48 332 1304 1209
1937 2 2 2 48 1211 1212 1187
1938 2 2 2 48 1212 1213 1187
1939 2 2 2 48 1213 1217 1187
1940 2 2 2 48 1217 1275 1188
1941 2 2 2 48 1188 1219 1218
1942 2 2 2 48 1188 1275 1219
1943 2 2 2 48 1223 1226 1189
1944 2 2 2 48 1189 1257 1223
1945 2 2 2 48 1226 1258 1189
1946 2 2 2 48 1228 1230 1190
1947 2 2 2 48 1190 1258 1228
1948 2 2 2 48 1230 1259 1190
1949 2 2 2 48 1232 1234 1191
1950 2 2 2 48 1191 1259 1232
1951 2 2 2 48 1234 1260 1191
1952 2 2 2 48 1236 1238 1192
1953 2 2 2 48 1192 1260 1236
1954 2 2 2 48 1238 1261 1192
1955 2 2 2 48 1240 1242 1193
1956 2 2 2 48 1193 1261 1240
1957 2 2 2 48 1242 1262 1193
1958 2 2 2 48 1244 1246 1194
1959 2 2 2 48 1194 1262 1244
1960 2 2 2 48 1246 1263 1194
1961 2 2 2 48 1248 1250 1195
1962 2 2 2 48 1195 1263 1248
1963 2 2 2 48 1250 1256 1195
1964 2 2 2 48 1252 1254 1196
1965 2 2 2 48 1196 1256 1252
1966 2 2 2 48 1254 1255 1196
1967 2 2 2 48 1265 1286 1197
1968 2 2 2 48 1197 1309 1279
1969 2 2 2 48 1286 1309 1197
1970 2 2 2 48 1198 1287 1265
1971 2 2 2 48 1266 1285 1198
1972 2 2 2 48 1285 1287 1198
1973 2 2 2 48 1199 1288 1266
1974 2 2 2 48 1284 1288 1199
1975 2 2 2 48 1199 1302 1284
1976 2 2 2 48 1267 1289 1200
1977 2 2 2 48 1200 1303 1283
1978 2 2 2 48 1289 1303 1200
1979 2 2 2 48 1201 1290 1267
1980 2 2 2 48 1268 1291 1201
1981 2 2 2 48 1201 1291 1290
1982 2 2 2 48 1202 1292 1268
1983 2 2 2 48 1269 1293 1202
1984 2 2 2 48 1202 1293 1292
1985 2 2 2 48 1203 1295 1269
1986 2 2 2 48 1270 1296 1203
1987 2 2 2 48 1203 1296 1295
1988 2 2 2 48 1204 1300 1270
1989 2 2 2 48 1271 1297 1204
1990 2 2 2 48 1297 1300 1204
1991 2 2 2 48 1205 1294 1271
1992 2 2 2 48 1272 1299 1205
1993 2 2 2 48 1205 1299 1294
1994 2 2 2 48 1206 1301 1272
1995 2 2 2 48 1273 1298 1206
1996 2 2 2 48 1298 1301 1206
1997 2 2 2 48 1264 1281 1207
1998 2 2 2 48 1207 1310 1278
1999 2 2 2 48 1281 1310 1207
2000 2 2 2 48 1208 1282 1277
2001 2 2 2 48 1280 1311 1208
2002 2 2 2 48 1208 1311 1282
2003 2 2 2 48 1209 1308 1273
2004 2 2 2 48 1277 1282 1209
2005 2 2 2 48 1209 1304 1277
2006 2 2 2 48 1282 1308 1209
2007 2 2 2 48 1210 1274 1211
2008 2 2 2 48 1210 1278 1274
2009 2 2 2 48 1210 1305 1278
2010 2 2 2 48 1211 1274 1212
2011 2 2 2 48 1212 1214 1213
2012 2 2 2 48 1212 1216 1214
2013 2 2 2 48 1212 1274 1216
2014 2 2 2 48 1214 1215 1213
2015 2 2 2 48 1215 1275 1213
2016 2 2 2 48 1213 1275 1217
2017 2 2 2 48 1214 1287 1215
2018 2 2 2 48 1216 1286 1214
2019 2 2 2 48 1286 1287 1214
2020 2 2 2 48 1215 1276 1275
2021 2 2 2 48 1215 1285 1276
2022 2 2 2 48 1215 1287 1285
2023 2 2 2 48 1274 1310 1216
2024 2 2 2 48 1281 1309 1216
2025 2 2 2 48 1216 1310 1281
2026 2 2 2 48 1216 1309 1286
2027 2 2 2 48 1219 1220 1218
2028 2 2 2 48 1220 1257 1218
2029 2 2 2 48 1219 1221 1220
2030 2 2 2 48 1219 1276 1221
2031 2 2 2 48 1275 1276 1219
2032 2 2 2 48 1221 1222 1220
2033 2 2 2 48 1222 1223 1220
2034 2 2 2 48 1223 1257 1220
2035 2 2 2 48 1221 1284 1222
2036 2 2 2 48 1276 1288 1221
2037 2 2 2 48 1221 1288 1284
2038 2 2 2 48 1222 1224 1223
2039 2 2 2 48 1222 1225 1224
2040 2 2 2 48 1222 1284 1225
2041 2 2 2 48 1224 1226 1223
2042 2 2 2 48 1225 1303 1224
2043 2 2 2 48 1224 1227 1226
2044 2 2 2 48 1224 1303 1227
2045 2 2 2 48 1225 1302 1283
2046 2 2 2 48 1283 1303 1225
2047 2 2 2 48 1284 1302 1225
2048 2 2 2 48 1227 1228 1226
2049 2 2 2 48 1228 1258 1226
2050 2 2 2 48 1227 1229 1228
2051 2 2 2 48 1227 1289 1229
2052 2 2 2 48 1227 1303 1289
2053 2 2 2 48 1229 1230 1228
2054 2 2 2 48 1229 1231 1230
2055 2 2 2 48 1229 1290 1231
2056 2 2 2 48 1289 1290 1229
2057 2 2 2 48 1231 1232 1230
2058 2 2 2 48 1232 1259 1230
2059 2 2 2 48 1231 1233 1232
2060 2 2 2 48 1231 1291 1233
2061 2 2 2 48 1290 1291 1231
2062 2 2 2 48 1233 1234 1232
2063 2 2 2 48 1233 1235 1234
2064 2 2 2 48 1233 1292 1235
2065 2 2 2 48 1291 1292 1233
2066 2 2 2 48 1235 1236 1234
2067 2 2 2 48 1236 1260 1234
2068 2 2 2 48 1235 1237 1236
2069 2 2 2 48 1235 1293 1237
2070 2 2 2 48 1292 1293 1235
2071 2 2 2 48 1237 1238 1236
2072 2 2 2 48 1237 1239 1238
2073 2 2 2 48 1237 1295 1239
2074 2 2 2 48 1293 1295 1237
2075 2 2 2 48 1239 1240 1238
2076 2 2 2 48 1240 1261 1238
2077 2 2 2 48 1239 1241 1240
2078 2 2 2 48 1239 1296 1241
2079 2 2 2 48 1295 1296 1239
2080 2 2 2 48 1241 1242 1240
2081 2 2 2 48 1241 1243 1242
2082 2 2 2 48 1241 1300 1243
2083 2 2 2 48 1296 1300 1241
2084 2 2 2 48 1243 1244 1242
2085 2 2 2 48 1244 1262 1242
2086 2 2 2 48 1243 1245 1244
2087 2 2 2 48 1243 1297 1245
2088 2 2 2 48 1243 1300 1297
2089 2 2 2 48 1245 1246 1244
2090 2 2 2 48 1245 1247 1246
2091 2 2 2 48 1245 1294 1247
2092 2 2 2 48 1245 1297 1294
2093 2 2 2 48 1247 1248 1246
2094 2 2 2 48 1248 1263 1246
2095 2 2 2 48 1247 1249 1248
2096 2 2 2 48 1247 1299 1249
2097 2 2 2 48 1294 1299 1247
2098 2 2 2 48 1249 1250 1248
2099 2 2 2 48 1249 1251 1250
2100 2 2 2 48 1249 1301 1251
2101 2 2 2 48 1299 1301 1249
2102 2 2 2 48 1251 1252 1250
2103 2 2 2 48 1252 1256 1250
2104 2 2 2 48 1251 1253 1252
2105 2 2 2 48 1251 1298 1253
2106 2 2 2 48 1251 1301 1298
2107 2 2 2 48 1253 1254 1252
2108 2 2 2 48 1253 1311 1254
2109 2 2 2 48 1253 1308 1282
2110 2 2 2 48 1282 1311 1253
2111 2 2 2 48 1298 1308 1253
2112 2 2 2 48 1254 1280 1255
2113 2 2 2 48 1254 1311 1280
2114 2 2 2 48 1280 1307 1255
2115 2 2 2 48 1279 1281 1264
2116 2 2 2 48 1264 1306 1279
2117 2 2 2 48 1265 1287 1286
2118 2 2 2 48 1266 1288 1285
2119 2 2 2 48 1267 1290 1289
2120 2 2 2 48 1268 1292 1291
2121 2 2 2 48 1269 1295 1293
2122 2 2 2 48 1270 1300 1296
2123 2 2 2 48 1294 1297 1271
2124 2 2 2 48 1272 1301 1299
2125 2 2 2 48 1273 1308 1298
2126 2 2 2 48 1278 1310 1274
2127 2 2 2 48 1285 1288 1276
2128 2 2 2 48 1279 1309 1281
2129 2 2 2 49 16 15 305
2130 2 2 2 49 305 333 16
2131 2 2 2 49 23 24 336
2132 2 2 2 49 23 336 308
2133 2 2 2 49 306 333 305
2134 2 2 2 49 307 335 306
2135 2 2 2 49 306 334 333
2136 2 2 2 49 335 334 306
2137 2 2 2 49 308 336 307
2138 2 2 2 49 336 335 307
2139 2 2 2 50 10 207 1430
2140 2 2 2 50 235 10 1430
2141 2 2 2 50 230 16 1432
2142 2 2 2 50 16 333 1432
2143 2 2 2 50 18 238 1431
2144 2 2 2 50 337 18 1431
2145 2 2 2 50 336 24 1429
2146 2 2 2 50 24 360 1429
2147 2 2 2 50 207 208 1341
2148 2 2 2 50 207 1341 1430
2149 2 2 2 50 208 209 1329
2150 2 2 2 50 208 1329 1341
2151 2 2 2 50 209 210 1334
2152 2 2 2 50 1329 209 1334
2153 2 2 2 50 210 211 1313
2154 2 2 2 50 210 1313 1334
2155 2 2 2 50 211 212 1343
2156 2 2 2 50 1313 211 1343
2157 2 2 2 50 212 213 1319
2158 2 2 2 50 212 1319 1343
2159 2 2 2 50 213 214 1383
2160 2 2 2 50 1319 213 1383
2161 2 2 2 50 214 215 1314
2162 2 2 2 50 214 1314 1383
2163 2 2 2 50 215 216 1380
2164 2 2 2 50 1314 215 1380
2165 2 2 2 50 216 217 1384
2166 2 2 2 50 1380 216 1384
2167 2 2 2 50 217 218 1315
2168 2 2 2 50 217 1315 1384
2169 2 2 2 50 218 219 1382
2170 2 2 2 50 1315 218 1382
2171 2 2 2 50 219 220 1381
2172 2 2 2 50 219 1381 1382
2173 2 2 2 50 220 221 1322
2174 2 2 2 50 220 1322 1381
2175 2 2 2 50 221 222 1385
2176 2 2 2 50 1322 221 1385
2177 2 2 2 50 222 223 1386
2178 2 2 2 50 1385 222 1386
2179 2 2 2 50 223 224 1316
2180 2 2 2 50 223 1316 1386
2181 2 2 2 50 224 225 1387
2182 2 2 2 50 1316 224 1387
2183 2 2 2 50 225 226 1317
2184 2 2 2 50 225 1317 1387
2185 2 2 2 50 226 227 1388
2186 2 2 2 50 1317 226 1388
2187 2 2 2 50 227 228 1318
2188 2 2 2 50 227 1318 1388
2189 2 2 2 50 228 229 1389
2190 2 2 2 50 1318 228 1389
2191 2 2 2 50 229 230 1333
2192 2 2 2 50 229 1333 1389
2193 2 2 2 50 1333 230 1432
2194 2 2 2 50 236 235 1402
2195 2 2 2 50 1402 235 1430
2196 2 2 2 50 237 236 1331
2197 2 2 2 50 1331 236 1402
2198 2 2 2 50 238 237 1390
2199 2 2 2 50 237 1331 1390
2200 2 2 2 50 238 1390 1431
2201 2 2 2 50 333 334 1401
2202 2 2 2 50 333 1401 1432
2203 2 2 2 50 334 335 1332
2204 2 2 2 50 334 1332 1401
2205 2 2 2 50 335 336 1403
2206 2 2 2 50 1332 335 1403
2207 2 2 2 50 1403 336 1429
2208 2 2 2 50 338 337 1404
2209 2 2 2 50 1404 337 1431
2210 2 2 2 50 339 338 1312
2211 2 2 2 50 1312 338 1404
2212 2 2 2 50 340 339 1408
2213 2 2 2 50 339 1312 1408
2214 2 2 2 50 341 340 1407
2215 2 2 2 50 1407 340 1408
2216 2 2 2 50 342 341 1323
2217 2 2 2 50 1323 341 1407
2218 2 2 2 50 343 342 1392
2219 2 2 2 50 342 1323 1392
2220 2 2 2 50 344 343 1324
2221 2 2 2 50 1324 343 1392
2222 2 2 2 50 345 344 1393
2223 2 2 2 50 344 1324 1393
2224 2 2 2 50 346 345 1325
2225 2 2 2 50 1325 345 1393
2226 2 2 2 50 347 346 1394
2227 2 2 2 50 346 1325 1394
2228 2 2 2 50 348 347 1330
2229 2 2 2 50 1330 347 1394
2230 2 2 2 50 349 348 1395
2231 2 2 2 50 348 1330 1395
2232 2 2 2 50 350 349 1320
2233 2 2 2 50 1320 349 1395
2234 2 2 2 50 351 350 1396
2235 2 2 2 50 350 1320 1396
2236 2 2 2 50 352 351 1321
2237 2 2 2 50 1321 351 1396
2238 2 2 2 50 353 352 1426
2239 2 2 2 50 352 1321 1426
2240 2 2 2 50 354 353 1410
2241 2 2 2 50 1410 353 1426
2242 2 2 2 50 355 354 1326
2243 2 2 2 50 1326 354 1410
2244 2 2 2 50 356 355 1397
2245 2 2 2 50 355 1326 1397
2246 2 2 2 50 357 356 1327
2247 2 2 2 50 1327 356 1397
2248 2 2 2 50 358 357 1398
2249 2 2 2 50 357 1327 1398
2250 2 2 2 50 359 358 1328
2251 2 2 2 50 1328 358 1398
2252 2 2 2 50 360 359 1399
2253 2 2 2 50 359 1328 1399
2254 2 2 2 50 360 1399 1429
2255 2 2 2 50 1391 1312 1404
2256 2 2 2 50 1312 1391 1405
2257 2 2 2 50 1312 1405 1408
2258 2 2 2 50 1334 1313 1335
2259 2 2 2 50 1335 1313 1336
2260 2 2 2 50 1336 1313 1343
2261 2 2 2 50 1348 1314 1350
2262 2 2 2 50 1314 1348 1383
2263 2 2 2 50 1350 1314 1380
2264 2 2 2 50 1354 1315 1356
2265 2 2 2 50 1315 1354 1384
2266 2 2 2 50 1356 1315 1382
2267 2 2 2 50 1366 1316 1369
2268 2 2 2 50 1316 1366 1386
2269 2 2 2 50 1369 1316 1387
2270 2 2 2 50 1371 1317 1373
2271 2 2 2 50 1317 1371 1387
2272 2 2 2 50 1373 1317 1388
2273 2 2 2 50 1375 1318 1377
2274 2 2 2 50 1318 1375 1388
2275 2 2 2 50 1377 1318 1389
2276 2 2 2 50 1343 1319 1344
2277 2 2 2 50 1344 1319 1345
2278 2 2 2 50 1345 1319 1383
2279 2 2 2 50 1320 1395 1418
2280 2 2 2 50 1396 1320 1420
2281 2 2 2 50 1320 1418 1420
2282 2 2 2 50 1321 1396 1417
2283 2 2 2 50 1409 1321 1417
2284 2 2 2 50 1321 1409 1426
2285 2 2 2 50 1360 1322 1362
2286 2 2 2 50 1322 1360 1381
2287 2 2 2 50 1362 1322 1385
2288 2 2 2 50 1392 1323 1411
2289 2 2 2 50 1323 1407 1425
2290 2 2 2 50 1411 1323 1425
2291 2 2 2 50 1324 1392 1412
2292 2 2 2 50 1393 1324 1413
2293 2 2 2 50 1324 1412 1413
2294 2 2 2 50 1325 1393 1416
2295 2 2 2 50 1394 1325 1424
2296 2 2 2 50 1325 1416 1424
2297 2 2 2 50 1397 1326 1421
2298 2 2 2 50 1326 1410 1427
2299 2 2 2 50 1421 1326 1427
2300 2 2 2 50 1327 1397 1423
2301 2 2 2 50 1398 1327 1415
2302 2 2 2 50 1415 1327 1423
2303 2 2 2 50 1328 1398 1414
2304 2 2 2 50 1399 1328 1433
2305 2 2 2 50 1328 1414 1433
2306 2 2 2 50 1329 1334 1400
2307 2 2 2 50 1341 1329 1342
2308 2 2 2 50 1342 1329 1400
2309 2 2 2 50 1330 1394 1419
2310 2 2 2 50 1395 1330 1422
2311 2 2 2 50 1330 1419 1422
2312 2 2 2 50 1390 1331 1391
2313 2 2 2 50 1391 1331 1434
2314 2 2 2 50 1331 1402 1434
2315 2 2 2 50 1401 1332 1435
2316 2 2 2 50 1332 1403 1406
2317 2 2 2 50 1332 1406 1435
2318 2 2 2 50 1333 1379 1389
2319 2 2 2 50 1379 1333 1401
2320 2 2 2 50 1401 1333 1432
2321 2 2 2 50 1334 1335 1400
2322 2 2 2 50 1335 1336 1337
2323 2 2 2 50 1335 1337 1338
2324 2 2 2 50 1335 1338 1400
2325 2 2 2 50 1337 1336 1339
2326 2 2 2 50 1339 1336 1344
2327 2 2 2 50 1336 1343 1344
2328 2 2 2 50 1338 1337 1340
2329 2 2 2 50 1337 1339 1425
2330 2 2 2 50 1340 1337 1425
2331 2 2 2 50 1338 1340 1405
2332 2 2 2 50 1400 1338 1428
2333 2 2 2 50 1338 1405 1428
2334 2 2 2 50 1339 1344 1346
2335 2 2 2 50 1339 1346 1411
2336 2 2 2 50 1339 1411 1425
2337 2 2 2 50 1405 1340 1408
2338 2 2 2 50 1340 1407 1408
2339 2 2 2 50 1407 1340 1425
2340 2 2 2 50 1341 1342 1402
2341 2 2 2 50 1341 1402 1430
2342 2 2 2 50 1342 1400 1428
2343 2 2 2 50 1402 1342 1434
2344 2 2 2 50 1342 1428 1434
2345 2 2 2 50 1344 1345 1346
2346 2 2 2 50 1346 1345 1347
2347 2 2 2 50 1347 1345 1348
2348 2 2 2 50 1348 1345 1383
2349 2 2 2 50 1346 1347 1412
2350 2 2 2 50 1411 1346 1412
2351 2 2 2 50 1347 1348 1349
2352 2 2 2 50 1347 1349 1413
2353 2 2 2 50 1412 1347 1413
2354 2 2 2 50 1349 1348 1350
2355 2 2 2 50 1349 1350 1351
2356 2 2 2 50 1349 1351 1416
2357 2 2 2 50 1413 1349 1416
2358 2 2 2 50 1351 1350 1352
2359 2 2 2 50 1352 1350 1380
2360 2 2 2 50 1351 1352 1353
2361 2 2 2 50 1351 1353 1424
2362 2 2 2 50 1416 1351 1424
2363 2 2 2 50 1353 1352 1354
2364 2 2 2 50 1354 1352 1384
2365 2 2 2 50 1352 1380 1384
2366 2 2 2 50 1353 1354 1355
2367 2 2 2 50 1353 1355 1419
2368 2 2 2 50 1353 1419 1424
2369 2 2 2 50 1355 1354 1356
2370 2 2 2 50 1355 1356 1357
2371 2 2 2 50 1355 1357 1422
2372 2 2 2 50 1419 1355 1422
2373 2 2 2 50 1357 1356 1358
2374 2 2 2 50 1358 1356 1382
2375 2 2 2 50 1357 1358 1359
2376 2 2 2 50 1357 1359 1418
2377 2 2 2 50 1357 1418 1422
2378 2 2 2 50 1359 1358 1360
2379 2 2 2 50 1360 1358 1381
2380 2 2 2 50 1381 1358 1382
2381 2 2 2 50 1359 1360 1361
2382 2 2 2 50 1359 1361 1420
2383 2 2 2 50 1418 1359 1420
2384 2 2 2 50 1361 1360 1362
2385 2 2 2 50 1361 1362 1363
2386 2 2 2 50 1361 1363 1417
2387 2 2 2 50 1361 1417 1420
2388 2 2 2 50 1363 1362 1364
2389 2 2 2 50 1364 1362 1385
2390 2 2 2 50 1363 1364 1365
2391 2 2 2 50 1363 1365 1409
2392 2 2 2 50 1363 1409 1417
2393 2 2 2 50 1365 1364 1366
2394 2 2 2 50 1366 1364 1386
2395 2 2 2 50 1364 1385 1386
2396 2 2 2 50 1365 1366 1367
2397 2 2 2 50 1365 1367 1368
2398 2 2 2 50 1365 1368 1409
2399 2 2 2 50 1367 1366 1369
2400 2 2 2 50 1368 1367 1427
2401 2 2 2 50 1367 1369 1370
2402 2 2 2 50 1367 1370 1427
2403 2 2 2 50 1409 1368 1426
2404 2 2 2 50 1368 1410 1426
2405 2 2 2 50 1410 1368 1427
2406 2 2 2 50 1370 1369 1371
2407 2 2 2 50 1371 1369 1387
2408 2 2 2 50 1370 1371 1372
2409 2 2 2 50 1370 1372 1421
2410 2 2 2 50 1370 1421 1427
2411 2 2 2 50 1372 1371 1373
2412 2 2 2 50 1372 1373 1374
2413 2 2 2 50 1372 1374 1423
2414 2 2 2 50 1421 1372 1423
2415 2 2 2 50 1374 1373 1375
2416 2 2 2 50 1375 1373 1388
2417 2 2 2 50 1374 1375 1376
2418 2 2 2 50 1374 1376 1415
2419 2 2 2 50 1374 1415 1423
2420 2 2 2 50 1376 1375 1377
2421 2 2 2 50 1376 1377 1378
2422 2 2 2 50 1376 1378 1414
2423 2 2 2 50 1376 1414 1415
2424 2 2 2 50 1378 1377 1379
2425 2 2 2 50 1379 1377 1389
2426 2 2 2 50 1378 1379 1435
2427 2 2 2 50 1378 1406 1433
2428 2 2 2 50 1406 1378 1435
2429 2 2 2 50 1414 1378 1433
2430 2 2 2 50 1379 1401 1435
2431 2 2 2 50 1390 1391 1404
2432 2 2 2 50 1390 1404 1431
2433 2 2 2 50 1405 1391 1428
2434 2 2 2 50 1428 1391 1434
2435 2 2 2 50 1392 1411 1412
2436 2 2 2 50 1393 1413 1416
2437 2 2 2 50 1419 1394 1424
2438 2 2 2 50 1418 1395 1422
2439 2 2 2 50 1417 1396 1420
2440 2 2 2 50 1397 1421 1423
2441 2 2 2 50 1414 1398 1415
2442 2 2 2 50 1403 1399 1406
2443 2 2 2 50 1399 1403 1429
2444 2 2 2 50 1406 1399 1433
2445 2 2 2 51 18 263 17
2446 2 2 2 51 337 263 18
2447 2 2 2 51 23 20 19
2448 2 2 2 51 24 23 19
2449 2 2 2 51 24 19 239
2450 2 2 2 51 23 276 20
2451 2 2 2 51 300 22 21
2452 2 2 2 51 300 309 22
2453 2 2 2 51 276 23 332
2454 2 2 2 51 24 239 360
2455 2 2 2 51 240 360 239
2456 2 2 2 51 241 359 240
2457 2 2 2 51 360 240 359
2458 2 2 2 51 242 358 241
2459 2 2 2 51 359 241 358
2460 2 2 2 51 243 357 242
2461 2 2 2 51 358 242 357
2462 2 2 2 51 244 356 243
2463 2 2 2 51 357 243 356
2464 2 2 2 51 245 355 244
2465 2 2 2 51 356 244 355
2466 2 2 2 51 246 354 245
2467 2 2 2 51 355 245 354
2468 2 2 2 51 353 246 247
2469 2 2 2 51 354 246 353
2470 2 2 2 51 248 352 247
2471 2 2 2 51 353 247 352
2472 2 2 2 51 249 351 248
2473 2 2 2 51 352 248 351
2474 2 2 2 51 250 350 249
2475 2 2 2 51 351 249 350
2476 2 2 2 51 251 349 250
2477 2 2 2 51 350 250 349
2478 2 2 2 51 252 348 251
2479 2 2 2 51 349 251 348
2480 2 2 2 51 252 253 347
2481 2 2 2 51 348 252 347
2482 2 2 2 51 253 254 346
2483 2 2 2 51 347 253 346
2484 2 2 2 51 254 255 345
2485 2 2 2 51 346 254 345
2486 2 2 2 51 255 256 344
2487 2 2 2 51 345 255 344
2488 2 2 2 51 256 257 343
2489 2 2 2 51 344 256 343
2490 2 2 2 51 257 258 342
2491 2 2 2 51 343 257 342
2492 2 2 2 51 258 259 341
2493 2 2 2 51 342 258 341
2494 2 2 2 51 259 260 340
2495 2 2 2 51 341 259 340
2496 2 2 2 51 260 261 339
2497 2 2 2 51 340 260 339
2498 2 2 2 51 261 262 338
2499 2 2 2 51 339 261 338
2500 2 2 2 51 262 263 337
2501 2 2 2 51 338 262 337
2502 2 2 2 51 332 277 276
2503 2 2 2 51 331 278 277
2504 2 2 2 51 277 332 331
2505 2 2 2 51 330 279 278
2506 2 2 2 51 278 331 330
2507 2 2 2 51 329 280 279
2508 2 2 2 51 279 330 329
2509 2 2 2 51 328 281 280
2510 2 2 2 51 280 329 328
2511 2 2 2 51 327 282 281
2512 2 2 2 51 281 328 327
2513 2 2 2 51 326 283 282
2514 2 2 2 51 282 327 326
2515 2 2 2 51 325 284 283
2516 2 2 2 51 283 326 325
2517 2 2 2 51 324 285 284
2518 2 2 2 51 284 325 324
2519 2 2 2 51 285 323 286
2520 2 2 2 51 285 324 323
2521 2 2 2 51 322 287 286
2522 2 2 2 51 286 323 322
2523 2 2 2 51 321 288 287
2524 2 2 2 51 287 322 321
2525 2 2 2 51 320 289 288
2526 2 2 2 51 288 321 320
2527 2 2 2 51 319 290 289
2528 2 2 2 51 289 320 319
2529 2 2 2 51 318 291 290
2530 2 2 2 51 290 319 318
2531 2 2 2 51 317 292 291
2532 2 2 2 51 291 318 317
2533 2 2 2 51 316 293 292
2534 2 2 2 51 292 317 316
2535 2 2 2 51 315 294 293
2536 2 2 2 51 293 316 315
2537 2 2 2 51 314 295 294
2538 2 2 2 51 294 315 314
2539 2 2 2 51 313 296 295
2540 2 2 2 51 295 314 313
2541 2 2 2 51 297 296 312
2542 2 2 2 51 296 313 312
2543 2 2 2 51 298 297 311
2544 2 2 2 51 297 312 311
2545 2 2 2 51 299 298 310
2546 2 2 2 51 298 311 310
2547 2 2 2 51 300 299 309
2548 2 2 2 51 299 310 309
2549 2 2 2 52 361 25 26
2550 2 2 2 52 361 26 380
2551 2 2 2 52 398 28 27
2552 2 2 2 52 398 27 379
2553 2 2 2 52 361 380 362
2554 2 2 2 52 362 382 363
2555 2 2 2 52 380 381 362
2556 2 2 2 52 362 381 382
2557 2 2 2 52 363 383 364
2558 2 2 2 52 363 382 383
2559 2 2 2 52 364 384 365
2560 2 2 2 52 364 383 384
2561 2 2 2 52 365 385 366
2562 2 2 2 52 365 384 385
2563 2 2 2 52 366 386 367
2564 2 2 2 52 366 385 386
2565 2 2 2 52 367 387 368
2566 2 2 2 52 367 386 387
2567 2 2 2 52 368 388 369
2568 2 2 2 52 368 387 388
2569 2 2 2 52 369 389 370
2570 2 2 2 52 369 388 389
2571 2 2 2 52 370 390 371
2572 2 2 2 52 370 389 390
2573 2 2 2 52 371 391 372
2574 2 2 2 52 371 390 391
2575 2 2 2 52 372 392 373
2576 2 2 2 52 372 391 392
2577 2 2 2 52 373 392 374
2578 2 2 2 52 374 394 375
2579 2 2 2 52 392 393 374
2580 2 2 2 52 374 393 394
2581 2 2 2 52 375 395 376
2582 2 2 2 52 375 394 395
2583 2 2 2 52 376 395 377
2584 2 2 2 52 377 397 378
2585 2 2 2 52 395 396 377
2586 2 2 2 52 377 396 397
2587 2 2 2 52 378 398 379
2588 2 2 2 52 378 397 398
2589 2 2 2 53 29 26 25
2590 2 2 2 53 30 29 25
2591 2 2 2 54 361 30 25
2592 2 2 2 54 31 379 27
2593 2 2 2 54 399 30 361
2594 2 2 2 54 379 31 406
2595 2 2 2 54 399 361 362
2596 2 2 2 54 363 399 362
2597 2 2 2 54 364 400 363
2598 2 2 2 54 400 399 363
2599 2 2 2 54 365 400 364
2600 2 2 2 54 400 365 366
2601 2 2 2 54 366 367 401
2602 2 2 2 54 400 366 401
2603 2 2 2 54 367 368 401
2604 2 2 2 54 369 402 368
2605 2 2 2 54 368 402 401
2606 2 2 2 54 369 370 1437
2607 2 2 2 54 402 369 1437
2608 2 2 2 54 370 371 1436
2609 2 2 2 54 370 1436 1437
2610 2 2 2 54 371 372 403
2611 2 2 2 54 371 403 1436
2612 2 2 2 54 373 404 372
2613 2 2 2 54 372 404 403
2614 2 2 2 54 374 404 373
2615 2 2 2 54 375 405 374
2616 2 2 2 54 405 404 374
2617 2 2 2 54 376 405 375
2618 2 2 2 54 377 405 376
2619 2 2 2 54 377 378 406
2620 2 2 2 54 405 377 406
2621 2 2 2 54 378 379 406
2622 2 2 2 54 403 402 1436
2623 2 2 2 54 1436 402 1437
2624 2 2 2 55 32 27 28
2625 2 2 2 55 31 27 32
2626 2 2 2 56 380 26 29
2627 2 2 2 56 32 28 398
2628 2 2 2 56 407 380 29
2629 2 2 2 56 32 398 414
2630 2 2 2 56 407 381 380
2631 2 2 2 56 382 381 407
2632 2 2 2 56 383 382 408
2633 2 2 2 56 408 382 407
2634 2 2 2 56 384 383 408
2635 2 2 2 56 385 384 408
2636 2 2 2 56 386 385 409
2637 2 2 2 56 409 385 408
2638 2 2 2 56 387 386 409
2639 2 2 2 56 388 387 410
2640 2 2 2 56 410 387 409
2641 2 2 2 56 388 1439 389
2642 2 2 2 56 410 1439 388
2643 2 2 2 56 389 1438 390
2644 2 2 2 56 389 1439 1438
2645 2 2 2 56 391 390 411
2646 2 2 2 56 390 1438 411
2647 2 2 2 56 392 391 412
2648 2 2 2 56 412 391 411
2649 2 2 2 56 393 392 412
2650 2 2 2 56 413 394 393
2651 2 2 2 56 413 393 412
2652 2 2 2 56 395 394 413
2653 2 2 2 56 413 396 395
2654 2 2 2 56 397 396 414
2655 2 2 2 56 414 396 413
2656 2 2 2 56 398 397 414
2657 2 2 2 56 411 1438 410
2658 2 2 2 56 1438 1439 410
2659 2 2 2 57 30 407 29
2660 2 2 2 57 399 407 30
2661 2 2 2 57 406 31 32
2662 2 2 2 57 406 32 414
2663 2 2 2 57 408 399 400
2664 2 2 2 57 399 408 407
2665 2 2 2 57 401 408 400
2666 2 2 2 57 401 402 410
2667 2 2 2 57 401 409 408
2668 2 2 2 57 401 410 409
2669 2 2 2 57 402 403 411
2670 2 2 2 57 402 411 410
2671 2 2 2 57 403 404 412
2672 2 2 2 57 403 412 411
2673 2 2 2 57 404 405 413
2674 2 2 2 57 404 413 412
2675 2 2 2 57 405 406 413
2676 2 2 2 57 413 406 414
2677 2 2 2 58 415 33 34
2678 2 2 2 58 415 34 434
2679 2 2 2 58 452 36 35
2680 2 2 2 58 452 35 433
2681 2 2 2 58 415 435 416
2682 2 2 2 58 415 434 435
2683 2 2 2 58 416 436 417
2684 2 2 2 58 416 435 436
2685 2 2 2 58 417 437 418
2686 2 2 2 58 417 436 437
2687 2 2 2 58 418 438 419
2688 2 2 2 58 418 437 438
2689 2 2 2 58 419 439 420
2690 2 2 2 58 419 438 439
2691 2 2 2 58 420 439 421
2692 2 2 2 58 421 441 422
2693 2 2 2 58 439 440 421
2694 2 2 2 58 421 440 441
2695 2 2 2 58 422 442 423
2696 2 2 2 58 422 441 442
2697 2 2 2 58 423 443 424
2698 2 2 2 58 423 442 443
2699 2 2 2 58 424 444 425
2700 2 2 2 58 424 443 444
2701 2 2 2 58 425 445 426
2702 2 2 2 58 425 444 445
2703 2 2 2 58 426 446 427
2704 2 2 2 58 426 445 446
2705 2 2 2 58 427 446 428
2706 2 2 2 58 428 448 429
2707 2 2 2 58 446 447 428
2708 2 2 2 58 428 447 448
2709 2 2 2 58 429 449 430
2710 2 2 2 58 429 448 449
2711 2 2 2 58 430 449 431
2712 2 2 2 58 431 451 432
2713 2 2 2 58 449 450 431
2714 2 2 2 58 431 450 451
2715 2 2 2 58 432 452 433
2716 2 2 2 58 432 451 452
2717 2 2 2 59 453 34 33
2718 2 2 2 59 457 453 33
2719 2 2 2 59 38 37 456
2720 2 2 2 59 38 456 460
2721 2 2 2 59 458 454 453
2722 2 2 2 59 458 453 457
2723 2 2 2 59 455 454 458
2724 2 2 2 59 456 455 459
2725 2 2 2 59 459 455 458
2726 2 2 2 59 460 456 459
2727 2 2 2 60 33 415 1536
2728 2 2 2 60 457 33 1536
2729 2 2 2 60 433 35 1537
2730 2 2 2 60 35 461 1537
2731 2 2 2 60 38 460 1535
2732 2 2 2 60 465 38 1535
2733 2 2 2 60 464 39 1534
2734 2 2 2 60 39 483 1534
2735 2 2 2 60 415 416 1511
2736 2 2 2 60 415 1511 1536
2737 2 2 2 60 416 417 1440
2738 2 2 2 60 416 1440 1511
2739 2 2 2 60 417 418 1472
2740 2 2 2 60 1440 417 1472
2741 2 2 2 60 418 419 1441
2742 2 2 2 60 418 1441 1472
2743 2 2 2 60 419 420 1473
2744 2 2 2 60 1441 419 1473
2745 2 2 2 60 420 421 1442
2746 2 2 2 60 420 1442 1473
2747 2 2 2 60 421 422 1475
2748 2 2 2 60 1442 421 1475
2749 2 2 2 60 422 423 1443
2750 2 2 2 60 422 1443 1475
2751 2 2 2 60 423 424 1490
2752 2 2 2 60 1443 423 1490
2753 2 2 2 60 424 425 1444
2754 2 2 2 60 424 1444 1490
2755 2 2 2 60 425 426 1507
2756 2 2 2 60 1444 425 1507
2757 2 2 2 60 426 427 1489
2758 2 2 2 60 426 1489 1507
2759 2 2 2 60 427 428 1445
2760 2 2 2 60 427 1445 1489
2761 2 2 2 60 428 429 1491
2762 2 2 2 60 1445 428 1491
2763 2 2 2 60 429 430 1446
2764 2 2 2 60 429 1446 1491
2765 2 2 2 60 430 431 1496
2766 2 2 2 60 1446 430 1496
2767 2 2 2 60 431 432 1447
2768 2 2 2 60 431 1447 1496
2769 2 2 2 60 432 433 1497
2770 2 2 2 60 1447 432 1497
2771 2 2 2 60 1497 433 1537
2772 2 2 2 60 458 457 1459
2773 2 2 2 60 1459 457 1536
2774 2 2 2 60 459 458 1455
2775 2 2 2 60 1455 458 1459
2776 2 2 2 60 460 459 1510
2777 2 2 2 60 459 1455 1510
2778 2 2 2 60 460 1510 1535
2779 2 2 2 60 461 462 1509
2780 2 2 2 60 461 1509 1537
2781 2 2 2 60 462 463 1456
2782 2 2 2 60 462 1456 1509
2783 2 2 2 60 463 464 1512
2784 2 2 2 60 1456 463 1512
2785 2 2 2 60 1512 464 1534
2786 2 2 2 60 466 465 1458
2787 2 2 2 60 1458 465 1535
2788 2 2 2 60 467 466 1526
2789 2 2 2 60 466 1458 1526
2790 2 2 2 60 468 467 1448
2791 2 2 2 60 1448 467 1526
2792 2 2 2 60 469 468 1530
2793 2 2 2 60 468 1448 1530
2794 2 2 2 60 470 469 1449
2795 2 2 2 60 1449 469 1530
2796 2 2 2 60 471 470 1513
2797 2 2 2 60 470 1449 1513
2798 2 2 2 60 472 471 1450
2799 2 2 2 60 1450 471 1513
2800 2 2 2 60 473 472 1499
2801 2 2 2 60 472 1450 1499
2802 2 2 2 60 474 473 1451
2803 2 2 2 60 1451 473 1499
2804 2 2 2 60 475 474 1500
2805 2 2 2 60 474 1451 1500
2806 2 2 2 60 476 475 1452
2807 2 2 2 60 1452 475 1500
2808 2 2 2 60 477 476 1514
2809 2 2 2 60 476 1452 1514
2810 2 2 2 60 478 477 1523
2811 2 2 2 60 477 1514 1523
2812 2 2 2 60 479 478 1453
2813 2 2 2 60 1453 478 1523
2814 2 2 2 60 480 479 1501
2815 2 2 2 60 479 1453 1501
2816 2 2 2 60 481 480 1454
2817 2 2 2 60 1454 480 1501
2818 2 2 2 60 482 481 1502
2819 2 2 2 60 481 1454 1502
2820 2 2 2 60 483 482 1457
2821 2 2 2 60 1457 482 1502
2822 2 2 2 60 483 1457 1534
2823 2 2 2 60 1440 1460 1511
2824 2 2 2 60 1460 1440 1527
2825 2 2 2 60 1440 1472 1527
2826 2 2 2 60 1472 1441 1531
2827 2 2 2 60 1441 1473 1474
2828 2 2 2 60 1441 1474 1531
2829 2 2 2 60 1473 1442 1528
2830 2 2 2 60 1442 1475 1508
2831 2 2 2 60 1442 1508 1528
2832 2 2 2 60 1475 1443 1476
2833 2 2 2 60 1476 1443 1477
2834 2 2 2 60 1477 1443 1490
2835 2 2 2 60 1480 1444 1482
2836 2 2 2 60 1444 1480 1490
2837 2 2 2 60 1482 1444 1507
2838 2 2 2 60 1445 1486 1489
2839 2 2 2 60 1486 1445 1504
2840 2 2 2 60 1445 1491 1504
2841 2 2 2 60 1491 1446 1492
2842 2 2 2 60 1492 1446 1493
2843 2 2 2 60 1493 1446 1496
2844 2 2 2 60 1496 1447 1505
2845 2 2 2 60 1447 1497 1498
2846 2 2 2 60 1447 1498 1505
2847 2 2 2 60 1448 1463 1464
2848 2 2 2 60 1463 1448 1526
2849 2 2 2 60 1448 1464 1467
2850 2 2 2 60 1448 1467 1530
2851 2 2 2 60 1449 1467 1468
2852 2 2 2 60 1467 1449 1530
2853 2 2 2 60 1449 1468 1469
2854 2 2 2 60 1449 1469 1513
2855 2 2 2 60 1499 1450 1519
2856 2 2 2 60 1450 1513 1532
2857 2 2 2 60 1519 1450 1532
2858 2 2 2 60 1451 1499 1517
2859 2 2 2 60 1500 1451 1522
2860 2 2 2 60 1451 1517 1522
2861 2 2 2 60 1452 1500 1520
2862 2 2 2 60 1514 1452 1525
2863 2 2 2 60 1452 1520 1525
2864 2 2 2 60 1501 1453 1521
2865 2 2 2 60 1453 1516 1521
2866 2 2 2 60 1516 1453 1523
2867 2 2 2 60 1454 1501 1518
2868 2 2 2 60 1502 1454 1524
2869 2 2 2 60 1454 1518 1524
2870 2 2 2 60 1455 1459 1460
2871 2 2 2 60 1455 1460 1461
2872 2 2 2 60 1455 1461 1510
2873 2 2 2 60 1509 1456 1529
2874 2 2 2 60 1456 1512 1529
2875 2 2 2 60 1457 1502 1503
2876 2 2 2 60 1457 1503 1512
2877 2 2 2 60 1457 1512 1534
2878 2 2 2 60 1458 1461 1463
2879 2 2 2 60 1461 1458 1510
2880 2 2 2 60 1458 1463 1526
2881 2 2 2 60 1510 1458 1535
2882 2 2 2 60 1460 1459 1511
2883 2 2 2 60 1511 1459 1536
2884 2 2 2 60 1461 1460 1462
2885 2 2 2 60 1462 1460 1527
2886 2 2 2 60 1461 1462 1463
2887 2 2 2 60 1463 1462 1464
2888 2 2 2 60 1464 1462 1465
2889 2 2 2 60 1465 1462 1527
2890 2 2 2 60 1464 1465 1466
2891 2 2 2 60 1464 1466 1467
2892 2 2 2 60 1466 1465 1531
2893 2 2 2 60 1472 1465 1527
2894 2 2 2 60 1465 1472 1531
2895 2 2 2 60 1467 1466 1468
2896 2 2 2 60 1468 1466 1474
2897 2 2 2 60 1474 1466 1531
2898 2 2 2 60 1469 1468 1470
2899 2 2 2 60 1470 1468 1474
2900 2 2 2 60 1469 1470 1471
2901 2 2 2 60 1469 1471 1532
2902 2 2 2 60 1513 1469 1532
2903 2 2 2 60 1471 1470 1508
2904 2 2 2 60 1470 1474 1528
2905 2 2 2 60 1508 1470 1528
2906 2 2 2 60 1471 1508 1533
2907 2 2 2 60 1532 1471 1533
2908 2 2 2 60 1474 1473 1528
2909 2 2 2 60 1475 1476 1508
2910 2 2 2 60 1476 1477 1478
2911 2 2 2 60 1476 1478 1533
2912 2 2 2 60 1508 1476 1533
2913 2 2 2 60 1478 1477 1479
2914 2 2 2 60 1479 1477 1480
2915 2 2 2 60 1480 1477 1490
2916 2 2 2 60 1478 1479 1517
2917 2 2 2 60 1478 1517 1519
2918 2 2 2 60 1478 1519 1533
2919 2 2 2 60 1479 1480 1481
2920 2 2 2 60 1479 1481 1522
2921 2 2 2 60 1517 1479 1522
2922 2 2 2 60 1481 1480 1482
2923 2 2 2 60 1481 1482 1483
2924 2 2 2 60 1481 1483 1520
2925 2 2 2 60 1481 1520 1522
2926 2 2 2 60 1483 1482 1484
2927 2 2 2 60 1484 1482 1507
2928 2 2 2 60 1483 1484 1485
2929 2 2 2 60 1483 1485 1525
2930 2 2 2 60 1520 1483 1525
2931 2 2 2 60 1485 1484 1486
2932 2 2 2 60 1486 1484 1489
2933 2 2 2 60 1489 1484 1507
2934 2 2 2 60 1485 1486 1487
2935 2 2 2 60 1485 1487 1488
2936 2 2 2 60 1485 1488 1525
2937 2 2 2 60 1487 1486 1504
2938 2 2 2 60 1488 1487 1516
2939 2 2 2 60 1487 1504 1506
2940 2 2 2 60 1487 1506 1516
2941 2 2 2 60 1514 1488 1523
2942 2 2 2 60 1488 1514 1525
2943 2 2 2 60 1488 1516 1523
2944 2 2 2 60 1491 1492 1504
2945 2 2 2 60 1492 1493 1494
2946 2 2 2 60 1492 1494 1506
2947 2 2 2 60 1504 1492 1506
2948 2 2 2 60 1494 1493 1495
2949 2 2 2 60 1495 1493 1505
2950 2 2 2 60 1493 1496 1505
2951 2 2 2 60 1494 1495 1518
2952 2 2 2 60 1506 1494 1521
2953 2 2 2 60 1494 1518 1521
2954 2 2 2 60 1495 1505 1515
2955 2 2 2 60 1495 1515 1524
2956 2 2 2 60 1518 1495 1524
2957 2 2 2 60 1498 1497 1509
2958 2 2 2 60 1509 1497 1537
2959 2 2 2 60 1505 1498 1515
2960 2 2 2 60 1498 1509 1529
2961 2 2 2 60 1515 1498 1529
2962 2 2 2 60 1517 1499 1519
2963 2 2 2 60 1520 1500 1522
2964 2 2 2 60 1518 1501 1521
2965 2 2 2 60 1503 1502 1524
2966 2 2 2 60 1512 1503 1529
2967 2 2 2 60 1515 1503 1524
2968 2 2 2 60 1503 1515 1529
2969 2 2 2 60 1516 1506 1521
2970 2 2 2 60 1519 1532 1533
2971 2 2 2 61 484 35 36
2972 2 2 2 61 484 461 35
2973 2 2 2 61 40 39 464
2974 2 2 2 61 40 464 487
2975 2 2 2 61 461 485 462
2976 2 2 2 61 461 484 485
2977 2 2 2 61 462 486 463
2978 2 2 2 61 462 485 486
2979 2 2 2 61 463 486 464
2980 2 2 2 61 464 486 487
2981 2 2 2 62 34 1631 434
2982 2 2 2 62 453 1631 34
2983 2 2 2 62 452 1633 36
2984 2 2 2 62 36 1633 484
2985 2 2 2 62 37 1632 456
2986 2 2 2 62 488 1632 37
2987 2 2 2 62 487 1630 40
2988 2 2 2 62 40 1630 506
2989 2 2 2 62 434 1556 435
2990 2 2 2 62 434 1631 1556
2991 2 2 2 62 435 1626 436
2992 2 2 2 62 1556 1626 435
2993 2 2 2 62 436 1538 437
2994 2 2 2 62 436 1626 1538
2995 2 2 2 62 437 1624 438
2996 2 2 2 62 1538 1624 437
2997 2 2 2 62 438 1539 439
2998 2 2 2 62 438 1624 1539
2999 2 2 2 62 439 1612 440
3000 2 2 2 62 1539 1612 439
3001 2 2 2 62 440 1552 441
3002 2 2 2 62 440 1612 1552
3003 2 2 2 62 441 1557 442
3004 2 2 2 62 1552 1557 441
3005 2 2 2 62 442 1541 443
3006 2 2 2 62 442 1557 1541
3007 2 2 2 62 443 1564 444
3008 2 2 2 62 1541 1564 443
3009 2 2 2 62 444 1542 445
3010 2 2 2 62 444 1564 1542
3011 2 2 2 62 445 1580 446
3012 2 2 2 62 1542 1580 445
3013 2 2 2 62 446 1543 447
3014 2 2 2 62 446 1580 1543
3015 2 2 2 62 447 1594 448
3016 2 2 2 62 1543 1594 447
3017 2 2 2 62 448 1544 449
3018 2 2 2 62 448 1594 1544
3019 2 2 2 62 449 1595 450
3020 2 2 2 62 1544 1595 449
3021 2 2 2 62 450 1545 451
3022 2 2 2 62 450 1595 1545
3023 2 2 2 62 451 1593 452
3024 2 2 2 62 1545 1593 451
3025 2 2 2 62 1593 1633 452
3026 2 2 2 62 454 1607 453
3027 2 2 2 62 1607 1631 453
3028 2 2 2 62 455 1553 454
3029 2 2 2 62 1553 1607 454
3030 2 2 2 62 456 1565 455
3031 2 2 2 62 455 1565 1553
3032 2 2 2 62 456 1632 1565
3033 2 2 2 62 484 1609 485
3034 2 2 2 62 484 1633 1609
3035 2 2 2 62 485 1554 486
3036 2 2 2 62 485 1609 1554
3037 2 2 2 62 486 1606 487
3038 2 2 2 62 1554 1606 486
3039 2 2 2 62 1606 1630 487
3040 2 2 2 62 489 1608 488
3041 2 2 2 62 1608 1632 488
3042 2 2 2 62 490 1546 489
3043 2 2 2 62 1546 1608 489
3044 2 2 2 62 491 1596 490
3045 2 2 2 62 490 1596 1546
3046 2 2 2 62 492 1547 491
3047 2 2 2 62 1547 1596 491
3048 2 2 2 62 493 1629 492
3049 2 2 2 62 492 1629 1547
3050 2 2 2 62 494 1611 493
3051 2 2 2 62 1611 1629 493
3052 2 2 2 62 495 1540 494
3053 2 2 2 62 1540 1611 494
3054 2 2 2 62 496 1614 495
3055 2 2 2 62 495 1614 1540
3056 2 2 2 62 497 1613 496
3057 2 2 2 62 1613 1614 496
3058 2 2 2 62 498 1548 497
3059 2 2 2 62 1548 1613 497
3060 2 2 2 62 499 1597 498
3061 2 2 2 62 498 1597 1548
3062 2 2 2 62 500 1549 499
3063 2 2 2 62 1549 1597 499
3064 2 2 2 62 501 1598 500
3065 2 2 2 62 500 1598 1549
3066 2 2 2 62 502 1550 501
3067 2 2 2 62 1550 1598 501
3068 2 2 2 62 503 1599 502
3069 2 2 2 62 502 1599 1550
3070 2 2 2 62 504 1551 503
3071 2 2 2 62 1551 1599 503
3072 2 2 2 62 505 1600 504
3073 2 2 2 62 504 1600 1551
3074 2 2 2 62 506 1555 505
3075 2 2 2 62 1555 1600 505
3076 2 2 2 62 506 1630 1555
3077 2 2 2 62 1569 1570 1538
3078 2 2 2 62 1538 1626 1569
3079 2 2 2 62 1570 1573 1538
3080 2 2 2 62 1573 1624 1538
3081 2 2 2 62 1573 1574 1539
3082 2 2 2 62 1539 1624 1573
3083 2 2 2 62 1574 1575 1539
3084 2 2 2 62 1575 1612 1539
3085 2 2 2 62 1540 1605 1578
3086 2 2 2 62 1578 1611 1540
3087 2 2 2 62 1540 1634 1605
3088 2 2 2 62 1614 1634 1540
3089 2 2 2 62 1557 1558 1541
3090 2 2 2 62 1558 1559 1541
3091 2 2 2 62 1559 1564 1541
3092 2 2 2 62 1564 1603 1542
3093 2 2 2 62 1542 1602 1580
3094 2 2 2 62 1542 1603 1602
3095 2 2 2 62 1580 1581 1543
3096 2 2 2 62 1581 1582 1543
3097 2 2 2 62 1582 1594 1543
3098 2 2 2 62 1586 1588 1544
3099 2 2 2 62 1544 1594 1586
3100 2 2 2 62 1588 1595 1544
3101 2 2 2 62 1590 1592 1545
3102 2 2 2 62 1545 1595 1590
3103 2 2 2 62 1592 1593 1545
3104 2 2 2 62 1566 1608 1546
3105 2 2 2 62 1546 1627 1566
3106 2 2 2 62 1596 1627 1546
3107 2 2 2 62 1547 1625 1596
3108 2 2 2 62 1547 1637 1625
3109 2 2 2 62 1629 1637 1547
3110 2 2 2 62 1597 1616 1548
3111 2 2 2 62 1548 1623 1613
3112 2 2 2 62 1616 1623 1548
3113 2 2 2 62 1549 1617 1597
3114 2 2 2 62 1598 1618 1549
3115 2 2 2 62 1549 1618 1617
3116 2 2 2 62 1550 1619 1598
3117 2 2 2 62 1599 1620 1550
3118 2 2 2 62 1550 1620 1619
3119 2 2 2 62 1551 1621 1599
3120 2 2 2 62 1600 1622 1551
3121 2 2 2 62 1551 1622 1621
3122 2 2 2 62 1552 1601 1557
3123 2 2 2 62 1552 1628 1601
3124 2 2 2 62 1612 1628 1552
3125 2 2 2 62 1565 1566 1553
3126 2 2 2 62 1566 1567 1553
3127 2 2 2 62 1567 1607 1553
3128 2 2 2 62 1554 1610 1606
3129 2 2 2 62 1609 1636 1554
3130 2 2 2 62 1554 1636 1610
3131 2 2 2 62 1555 1635 1600
3132 2 2 2 62 1606 1610 1555
3133 2 2 2 62 1555 1630 1606
3134 2 2 2 62 1610 1635 1555
3135 2 2 2 62 1567 1569 1556
3136 2 2 2 62 1556 1607 1567
3137 2 2 2 62 1569 1626 1556
3138 2 2 2 62 1556 1631 1607
3139 2 2 2 62 1557 1601 1558
3140 2 2 2 62 1558 1560 1559
3141 2 2 2 62 1558 1561 1560
3142 2 2 2 62 1558 1601 1561
3143 2 2 2 62 1560 1562 1559
3144 2 2 2 62 1562 1603 1559
3145 2 2 2 62 1559 1603 1564
3146 2 2 2 62 1561 1563 1560
3147 2 2 2 62 1560 1623 1562
3148 2 2 2 62 1563 1623 1560
3149 2 2 2 62 1561 1634 1563
3150 2 2 2 62 1601 1605 1561
3151 2 2 2 62 1605 1634 1561
3152 2 2 2 62 1562 1604 1603
3153 2 2 2 62 1562 1616 1604
3154 2 2 2 62 1562 1623 1616
3155 2 2 2 62 1563 1614 1613
3156 2 2 2 62 1613 1623 1563
3157 2 2 2 62 1563 1634 1614
3158 2 2 2 62 1565 1608 1566
3159 2 2 2 62 1565 1632 1608
3160 2 2 2 62 1566 1568 1567
3161 2 2 2 62 1566 1627 1568
3162 2 2 2 62 1568 1569 1567
3163 2 2 2 62 1568 1570 1569
3164 2 2 2 62 1568 1571 1570
3165 2 2 2 62 1568 1627 1571
3166 2 2 2 62 1571 1572 1570
3167 2 2 2 62 1572 1573 1570
3168 2 2 2 62 1571 1625 1572
3169 2 2 2 62 1596 1625 1571
3170 2 2 2 62 1571 1627 1596
3171 2 2 2 62 1572 1574 1573
3172 2 2 2 62 1572 1615 1574
3173 2 2 2 62 1572 1625 1615
3174 2 2 2 62 1574 1576 1575
3175 2 2 2 62 1574 1615 1576
3176 2 2 2 62 1576 1577 1575
3177 2 2 2 62 1577 1628 1575
3178 2 2 2 62 1575 1628 1612
3179 2 2 2 62 1576 1578 1577
3180 2 2 2 62 1576 1579 1578
3181 2 2 2 62 1576 1615 1579
3182 2 2 2 62 1578 1605 1577
3183 2 2 2 62 1577 1605 1601
3184 2 2 2 62 1601 1628 1577
3185 2 2 2 62 1579 1611 1578
3186 2 2 2 62 1579 1629 1611
3187 2 2 2 62 1615 1637 1579
3188 2 2 2 62 1579 1637 1629
3189 2 2 2 62 1580 1602 1581
3190 2 2 2 62 1581 1583 1582
3191 2 2 2 62 1581 1584 1583
3192 2 2 2 62 1581 1602 1584
3193 2 2 2 62 1583 1585 1582
3194 2 2 2 62 1585 1586 1582
3195 2 2 2 62 1586 1594 1582
3196 2 2 2 62 1584 1618 1583
3197 2 2 2 62 1583 1619 1585
3198 2 2 2 62 1618 1619 1583
3199 2 2 2 62 1602 1604 1584
3200 2 2 2 62 1604 1617 1584
3201 2 2 2 62 1617 1618 1584
3202 2 2 2 62 1585 1587 1586
3203 2 2 2 62 1585 1620 1587
3204 2 2 2 62 1619 1620 1585
3205 2 2 2 62 1587 1588 1586
3206 2 2 2 62 1587 1589 1588
3207 2 2 2 62 1587 1621 1589
3208 2 2 2 62 1620 1621 1587
3209 2 2 2 62 1589 1590 1588
3210 2 2 2 62 1590 1595 1588
3211 2 2 2 62 1589 1591 1590
3212 2 2 2 62 1589 1622 1591
3213 2 2 2 62 1621 1622 1589
3214 2 2 2 62 1591 1592 1590
3215 2 2 2 62 1591 1636 1592
3216 2 2 2 62 1591 1635 1610
3217 2 2 2 62 1610 1636 1591
3218 2 2 2 62 1622 1635 1591
3219 2 2 2 62 1592 1609 1593
3220 2 2 2 62 1592 1636 1609
3221 2 2 2 62 1609 1633 1593
3222 2 2 2 62 1597 1617 1616
3223 2 2 2 62 1598 1619 1618
3224 2 2 2 62 1599 1621 1620
3225 2 2 2 62 1600 1635 1622
3226 2 2 2 62 1603 1604 1602
3227 2 2 2 62 1616 1617 1604
3228 2 2 2 62 1625 1637 1615
3229 2 2 2 63 38 488 37
3230 2 2 2 63 38 465 488
3231 2 2 2 63 506 39 40
3232 2 2 2 63 506 483 39
3233 2 2 2 63 465 466 489
3234 2 2 2 63 465 489 488
3235 2 2 2 63 466 467 490
3236 2 2 2 63 466 490 489
3237 2 2 2 63 467 468 490
3238 2 2 2 63 468 469 492
3239 2 2 2 63 490 468 491
3240 2 2 2 63 468 492 491
3241 2 2 2 63 469 470 493
3242 2 2 2 63 469 493 492
3243 2 2 2 63 470 471 494
3244 2 2 2 63 470 494 493
3245 2 2 2 63 471 472 495
3246 2 2 2 63 471 495 494
3247 2 2 2 63 472 473 496
3248 2 2 2 63 472 496 495
3249 2 2 2 63 473 474 496
3250 2 2 2 63 474 475 498
3251 2 2 2 63 496 474 497
3252 2 2 2 63 474 498 497
3253 2 2 2 63 475 476 499
3254 2 2 2 63 475 499 498
3255 2 2 2 63 476 477 499
3256 2 2 2 63 477 478 501
3257 2 2 2 63 499 477 500
3258 2 2 2 63 477 501 500
3259 2 2 2 63 478 479 502
3260 2 2 2 63 478 502 501
3261 2 2 2 63 479 480 503
3262 2 2 2 63 479 503 502
3263 2 2 2 63 480 481 504
3264 2 2 2 63 480 504 503
3265 2 2 2 63 481 482 505
3266 2 2 2 63 481 505 504
3267 2 2 2 63 482 483 506
3268 2 2 2 63 482 506 505
3269 4 2 1 1 1050 1024 966 1883
3270 4 2 1 1 1466 1467 1468 2096
3271 4 2 1 1 560 1838 575 1896
3272 4 2 1 1 923 1836 761 1839
3273 4 2 1 1 703 1860 1793 2048
3274 4 2 1 1 591 575 1838 1896
3275 4 2 1 1 564 543 1799 1997
3276 4 2 1 1 715 1846 667 2044
3277 4 2 1 1 803 1751 840 1990
3278 4 2 1 1 1768 1786 1696 1915
3279 4 2 1 1 667 1846 1764 2044
3280 4 2 1 1 1696 1786 1768 1938
3281 4 2 1 1 703 1788 1860 2048
3282 4 2 1 1 652 650 1864 2104
3283 4 2 1 1 413 414 1840 1872
3284 4 2 1 1 667 1764 1937 2044
3285 4 2 1 1 564 566 543 1997
3286 4 2 1 1 591 1896 1838 2060
3287 4 2 1 1 761 1839 1836 2074
3288 4 2 1 1 652 1927 1864 2049
3289 4 2 1 1 533 1833 1655 1869
3290 4 2 1 1 1864 1927 1663 2049
3291 4 2 1 1 148 936 149 1792
3292 4 2 1 1 23 276 1651 2022
3293 4 2 1 1 1759 1948 1921 2073
3294 4 2 1 1 533 530 1833 1869
3295 4 2 1 1 1677 1788 1793 1860
3296 4 2 1 1 1768 1696 1840 1915
3297 4 2 1 1 564 1799 845 1997
3298 4 2 1 1 139 989 1794 1874
3299 4 2 1 1 844 1783 1892 2020
3300 4 2 1 1 1655 1676 1833 2003
3301 4 2 1 1 1020 1040 1004 2014
3302 4 2 1 1 814 1826 833 1907
3303 4 2 1 1 833 1826 1901 1907
3304 4 2 1 1 1677 1860 1659 1937
3305 4 2 1 1 1722 1693 1832 1892
3306 4 2 1 1 540 1776 1895 1997
3307 4 2 1 1 936 1015 1035 1884
3308 4 2 1 1 1655 1765 1676 2003
3309 4 2 1 1 526 1922 1655 1931
3310 4 2 1 1 811 839 1759 1991
3311 4 2 1 1 895 1667 889 1839
3312 4 2 1 1 1701 1722 1693 1832
3313 4 2 1 1 477 478 1523 2051
3314 4 2 1 1 803 1837 1751 1990
3315 4 2 1 1 814 1843 1826 1907
3316 4 2 1 1 934 1794 989 1973
3317 4 2 1 1 1761 1838 535 1869
3318 4 2 1 1 1772 1955 1911 1996
3319 4 2 1 1 1772 1787 1955 1996
3320 4 2 1 1 267 1928 266 2071
3321 4 2 1 1 363 468 467 2090
3322 4 2 1 1 919 1930 1714 1945
3323 4 2 1 1 568 1776 540 1997
3324 4 2 1 1 1667 889 1839 2026
3325 4 2 1 1 1050 966 964 1875
3326 4 2 1 1 540 1895 1776 1898
3327 4 2 1 1 1466 1468 1474 2096
3328 4 2 1 1 1722 1771 1693 1892
3329 4 2 1 1 1149 273 1068 1850
3330 4 2 1 1 540 1895 567 1997
3331 4 2 1 1 568 540 567 1997
3332 4 2 1 1 1705 1742 1708 1783
3333 4 2 1 1 1677 1788 1860 1937
3334 4 2 1 1 1667 2016 889 2026
3335 4 2 1 1 526 1931 1655 1947
3336 4 2 1 1 528 1655 526 1922
3337 4 2 1 1 818 844 1783 1892
3338 4 2 1 1 894 1930 919 1945
3339 4 2 1 1 535 1838 1761 1971
3340 4 2 1 1 1667 1915 1840 1948
3341 4 2 1 1 1779 1826 1671 2046
3342 4 2 1 1 564 845 566 1997
3343 4 2 1 1 1034 994 996 2015
3344 4 2 1 1 1768 1826 1779 2046
3345 4 2 1 1 528 526 1655 1947
3346 4 2 1 1 895 2016 1667 2065
3347 4 2 1 1 1771 1892 1722 1950
3348 4 2 1 1 954 957 1023 2101
3349 4 2 1 1 1801 1864 648 1900
3350 4 2 1 1 897 1890 1665 1897
3351 4 2 1 1 427 1445 428 1871
3352 4 2 1 1 811 1759 1837 1991
3353 4 2 1 1 792 1832 1656 1916
3354 4 2 1 1 427 426 1489 1871
3355 4 2 1 1 1529 1503 1512 1925
3356 4 2 1 1 650 648 1864 1900
3357 4 2 1 1 971 1041 942 1827
3358 4 2 1 1 1768 1784 1779 1826
3359 4 2 1 1 889 1667 895 2016
3360 4 2 1 1 984 986 981 1973
3361 4 2 1 1 1759 1991 839 2058
3362 4 2 1 1 988 135 952 2068
3363 4 2 1 1 1677 1793 1788 1881
3364 4 2 1 1 545 1863 1675 1936
3365 4 2 1 1 1801 1864 1663 2061
3366 4 2 1 1 614 582 850 1811
3367 4 2 1 1 257 1002 256 2009
3368 4 2 1 1 614 1811 850 1862
3369 4 2 1 1 545 1675 1863 2008
3370 4 2 1 1 140 934 141 1794
3371 4 2 1 1 650 1900 1864 2104
3372 4 2 1 1 526 1652 523 1922
3373 4 2 1 1 545 1882 1675 1898
3374 4 2 1 1 622 1995 1858 2105
3375 4 2 1 1 673 1761 1854 1911
3376 4 2 1 1 1654 1892 1771 1950
3377 4 2 1 1 799 1832 1799 1892
3378 4 2 1 1 683 1793 703 1860
3379 4 2 1 1 683 703 1793 2048
3380 4 2 1 1 953 1041 971 1827
3381 4 2 1 1 1779 1784 1671 1826
3382 4 2 1 1 818 1783 806 1887
3383 4 2 1 1 895 1667 1839 1868
3384 4 2 1 1 1655 1833 1676 1869
3385 4 2 1 1 545 1675 1882 1936
3386 4 2 1 1 897 1858 1665 1945
3387 4 2 1 1 1027 955 956 1867
3388 4 2 1 1 949 956 1043 1848
3389 4 2 1 1 1654 1826 1690 1861
3390 4 2 1 1 671 1979 1911 1996
3391 4 2 1 1 622 1897 1858 1995
3392 4 2 1 1 1724 1663 1864 2061
3393 4 2 1 1 1759 1921 1837 2073
3394 4 2 1 1 919 1907 1714 1930
3395 4 2 1 1 1911 1955 1658 1996
3396 4 2 1 1 1677 1793 1679 1860
3397 4 2 1 1 897 1665 880 1945
3398 4 2 1 1 725 761 1836 2074
3399 4 2 1 1 725 761 923 1836
3400 4 2 1 1 1722 1892 1832 1950
3401 4 2 1 1 545 1898 1675 2008
3402 4 2 1 1 819 833 1826 1901
3403 4 2 1 1 883 894 919 1945
3404 4 2 1 1 526 1652 1922 1931
3405 4 2 1 1 1714 1907 919 1945
3406 4 2 1 1 811 1837 1759 1889
3407 4 2 1 1 881 1890 897 1897
3408 4 2 1 1 269 1148 1080 1831
3409 4 2 1 1 1654 1771 1671 1950
3410 4 2 1 1 864 1835 834 1844
3411 4 2 1 1 540 1776 568 1898
3412 4 2 1 1 803 1916 1837 1990
3413 4 2 1 1 673 1854 670 1911
3414 4 2 1 1 1835 1858 884 1945
3415 4 2 1 1 814 819 833 1826
3416 4 2 1 1 1930 1945 894 2019
3417 4 2 1 1 656 1860 1661 1865
3418 4 2 1 1 1671 1771 1722 1950
3419 4 2 1 1 591 2060 1838 2107
3420 4 2 1 1 1659 1677 1680 1860
3421 4 2 1 1 348 389 1642 1646
3422 4 2 1 1 1663 1864 1801 1900
3423 4 2 1 1 667 713 1937 2025
3424 4 2 1 1 591 1838 575 2107
3425 4 2 1 1 850 582 774 1811
3426 4 2 1 1 879 904 1841 2061
3427 4 2 1 1 895 888 2016 2065
3428 4 2 1 1 792 815 1832 1916
3429 4 2 1 1 665 1937 713 2021
3430 4 2 1 1 531 535 1838 1869
3431 4 2 1 1 736 1822 1660 1921
3432 4 2 1 1 895 1667 1868 2065
3433 4 2 1 1 580 855 769 1825
3434 4 2 1 1 899 638 689 1801
3435 4 2 1 1 1676 1765 1655 1869
3436 4 2 1 1 703 1860 1788 1937
3437 4 2 1 1 1811 1845 605 1913
3438 4 2 1 1 1784 1826 1768 1843
3439 4 2 1 1 656 1661 654 1865
3440 4 2 1 1 1835 1844 922 1858
3441 4 2 1 1 1663 1841 1801 2061
3442 4 2 1 1 800 1976 1924 2017
3443 4 2 1 1 1002 945 256 2009
3444 4 2 1 1 1761 673 1854 1998
3445 4 2 1 1 673 1761 1911 1971
3446 4 2 1 1 605 1845 1811 1862
3447 4 2 1 1 535 1971 1761 1998
3448 4 2 1 1 1660 1935 1870 2024
3449 4 2 1 1 1656 1722 1832 1950
3450 4 2 1 1 853 930 771 1816
3451 4 2 1 1 889 895 888 2016
3452 4 2 1 1 1033 995 1036 2013
3453 4 2 1 1 1654 1826 795 1950
3454 4 2 1 1 899 1801 689 1900
3455 4 2 1 1 884 1835 922 1858
3456 4 2 1 1 1716 1736 1703 1854
3457 4 2 1 1 1801 1841 904 2061
3458 4 2 1 1 999 995 991 2013
3459 4 2 1 1 968 940 969 2068
3460 4 2 1 1 791 792 1656 1916
3461 4 2 1 1 822 1862 1902 1970
3462 4 2 1 1 1489 426 1507 1871
3463 4 2 1 1 526 523 527 1922
3464 4 2 1 1 992 994 997 2013
3465 4 2 1 1 622 1823 1897 1995
3466 4 2 1 1 1037 1036 987 1817
3467 4 2 1 1 1742 1800 1676 1833
3468 4 2 1 1 793 1950 1826 2046
3469 4 2 1 1 1490 423 1443 1940
3470 4 2 1 1 1838 1896 560 2055
3471 4 2 1 1 922 1835 864 1844
3472 4 2 1 1 1030 982 987 1817
3473 4 2 1 1 761 923 1839 2078
3474 4 2 1 1 638 899 861 1801
3475 4 2 1 1 978 985 1016 1973
3476 4 2 1 1 1689 1703 1795 1854
3477 4 2 1 1 531 1869 1838 2055
3478 4 2 1 1 35 461 1082 2041
3479 4 2 1 1 1656 1832 792 1950
3480 4 2 1 1 1876 1914 827 1938
3481 4 2 1 1 1678 1665 1890 1917
3482 4 2 1 1 1793 1860 1788 2048
3483 4 2 1 1 1057 961 1045 1875
3484 4 2 1 1 793 795 1826 1950
3485 4 2 1 1 818 1887 796 1892
3486 4 2 1 1 1507 1444 1482 1790
3487 4 2 1 1 1887 1976 800 2017
3488 4 2 1 1 1799 1892 1783 2020
3489 4 2 1 1 1011 1874 935 1920
3490 4 2 1 1 741 1839 761 2074
3491 4 2 1 1 690 1836 913 2098
3492 4 2 1 1 1654 1730 1729 1750
3493 4 2 1 1 793 1826 801 2046
3494 4 2 1 1 1788 1937 1677 2024
3495 4 2 1 1 1742 1783 1705 1887
3496 4 2 1 1 1660 1870 1755 2024
3497 4 2 1 1 1690 1654 1729 1750
3498 4 2 1 1 1660 1822 736 1929
3499 4 2 1 1 1665 1858 897 1897
3500 4 2 1 1 652 1927 678 2104
3501 4 2 1 1 246 1013 950 1873
3502 4 2 1 1 652 678 650 2104
3503 4 2 1 1 1664 1924 1976 2017
3504 4 2 1 1 649 1864 1801 1888
3505 4 2 1 1 795 1826 1654 2017
3506 4 2 1 1 1675 1755 1870 2024
3507 4 2 1 1 1751 1889 840 1994
3508 4 2 1 1 667 1937 1764 2025
3509 4 2 1 1 540 1653 525 1895
3510 4 2 1 1 796 1887 1654 1892
3511 4 2 1 1 591 590 2060 2107
3512 4 2 1 1 648 1801 649 1864
3513 4 2 1 1 533 1655 1833 1947
3514 4 2 1 1 580 516 855 1825
3515 4 2 1 1 1844 1926 627 1995
3516 4 2 1 1 811 787 839 1991
3517 4 2 1 1 739 1822 736 1921
3518 4 2 1 1 907 1836 923 1839
3519 4 2 1 1 887 2016 1789 2026
3520 4 2 1 1 850 1811 823 1862
3521 4 2 1 1 254 948 253 2011
3522 4 2 1 1 817 844 1892 2020
3523 4 2 1 1 1837 1916 1751 1990
3524 4 2 1 1 1667 1721 1840 1915
3525 4 2 1 1 1456 1512 463 1925
3526 4 2 1 1 1826 1714 1901 1907
3527 4 2 1 1 840 1990 1751 1994
3528 4 2 1 1 1862 1970 822 2056
3529 4 2 1 1 793 795 801 1826
3530 4 2 1 1 1864 1900 1663 2104
3531 4 2 1 1 540 525 542 1895
3532 4 2 1 1 593 1845 1800 1896
3533 4 2 1 1 533 528 1655 1947
3534 4 2 1 1 822 1902 1862 1976
3535 4 2 1 1 1506 1516 1521 2051
3536 4 2 1 1 656 661 1860 1865
3537 4 2 1 1 611 517 574 1800
3538 4 2 1 1 1660 1921 1725 2073
3539 4 2 1 1 582 774 1811 1926
3540 4 2 1 1 745 739 736 1921
3541 4 2 1 1 1676 1845 1754 1899
3542 4 2 1 1 1736 1854 1668 1865
3543 4 2 1 1 616 1800 1845 1862
3544 4 2 1 1 845 1799 816 1997
3545 4 2 1 1 1788 1863 1677 2008
3546 4 2 1 1 1677 1863 1788 2024
3547 4 2 1 1 1761 1869 535 1998
3548 4 2 1 1 847 1997 1776 2045
3549 4 2 1 1 1768 1843 1826 2046
3550 4 2 1 1 543 1895 1799 1997
3551 4 2 1 1 683 703 685 1860
3552 4 2 1 1 1678 1890 1762 1917
3553 4 2 1 1 853 771 758 1816
3554 4 2 1 1 778 1816 758 2058
3555 4 2 1 1 757 1825 837 1994
3556 4 2 1 1 912 864 834 1844
3557 4 2 1 1 1677 2008 1863 2024
3558 4 2 1 1 1826 1843 1714 1907
3559 4 2 1 1 1768 1786 1914 1938
3560 4 2 1 1 879 1841 1982 2061
3561 4 2 1 1 707 1854 1795 1865
3562 4 2 1 1 1655 1922 1652 1931
3563 4 2 1 1 1801 1841 1663 1900
3564 4 2 1 1 1890 1897 905 2075
3565 4 2 1 1 1953 1972 1749 2021
3566 4 2 1 1 1886 1911 672 1979
3567 4 2 1 1 1822 1921 739 1986
3568 4 2 1 1 1935 1980 762 2025
3569 4 2 1 1 767 1921 1759 1986
3570 4 2 1 1 1058 973 1046 2067
3571 4 2 1 1 1700 1702 1793 1860
3572 4 2 1 1 1655 1922 1869 1988
3573 4 2 1 1 1924 2057 1752 2080
3574 4 2 1 1 523 1922 1652 1983
3575 4 2 1 1 271 1096 1184 1831
3576 4 2 1 1 21 300 1183 2062
3577 4 2 1 1 1826 1901 1861 2017
3578 4 2 1 1 251 1017 947 2013
3579 4 2 1 1 1762 1897 1890 2075
3580 4 2 1 1 1764 1846 748 1935
3581 4 2 1 1 799 816 1799 1832
3582 4 2 1 1 1821 2057 1924 2080
3583 4 2 1 1 917 1977 1915 2040
3584 4 2 1 1 909 887 1789 2026
3585 4 2 1 1 1678 1955 1917 1996
3586 4 2 1 1 931 150 1000 1750
3587 4 2 1 1 1921 1994 1751 2077
3588 4 2 1 1 845 846 566 1997
3589 4 2 1 1 1051 944 975 2047
3590 4 2 1 1 673 1911 670 1971
3591 4 2 1 1 1693 1771 1722 1794
3592 4 2 1 1 1725 1921 1660 1948
3593 4 2 1 1 591 575 556 2107
3594 4 2 1 1 739 1921 745 1986
3595 4 2 1 1 1084 274 275 1850
3596 4 2 1 1 1762 1890 905 2075
3597 4 2 1 1 1657 1754 1845 1899
3598 4 2 1 1 1676 1800 1742 1845
3599 4 2 1 1 1772 1911 1886 1979
3600 4 2 1 1 1799 1832 816 1997
3601 4 2 1 1 811 1837 787 1991
3602 4 2 1 1 765 753 758 1816
3603 4 2 1 1 1655 1869 1765 1988
3604 4 2 1 1 818 844 806 1783
3605 4 2 1 1 671 1996 1658 2052
3606 4 2 1 1 791 815 792 1916
3607 4 2 1 1 597 1845 1657 1913
3608 4 2 1 1 593 1845 1896 1899
3609 4 2 1 1 1664 1861 1901 2017
3610 4 2 1 1 521 1793 520 1881
3611 4 2 1 1 818 817 844 1892
3612 4 2 1 1 748 1935 1846 1936
3613 4 2 1 1 1858 1897 1823 1995
3614 4 2 1 1 748 1935 762 2025
3615 4 2 1 1 1793 1881 521 2048
3616 4 2 1 1 521 520 1793 2048
3617 4 2 1 1 611 1800 574 1896
3618 4 2 1 1 649 1801 647 1888
3619 4 2 1 1 889 2016 887 2026
3620 4 2 1 1 1868 2065 1786 2099
3621 4 2 1 1 1702 1679 1793 1860
3622 4 2 1 1 933 136 988 1920
3623 4 2 1 1 822 1902 842 1970
3624 4 2 1 1 1915 1977 1768 2040
3625 4 2 1 1 758 1816 753 2058
3626 4 2 1 1 857 1897 1858 2105
3627 4 2 1 1 796 795 794 1654
3628 4 2 1 1 1700 1767 1717 1860
3629 4 2 1 1 767 1986 1759 2058
3630 4 2 1 1 897 884 1858 1945
3631 4 2 1 1 1657 1845 597 1899
3632 4 2 1 1 1816 1759 1868 1986
3633 4 2 1 1 520 1881 1793 1983
3634 4 2 1 1 1761 1971 673 1998
3635 4 2 1 1 1696 1768 1876 1938
3636 4 2 1 1 748 1764 1935 2025
3637 4 2 1 1 962 1045 961 1875
3638 4 2 1 1 1675 1870 1755 2073
3639 4 2 1 1 847 1776 1832 1916
3640 4 2 1 1 526 523 1652 1931
3641 4 2 1 1 1759 1696 1837 1938
3642 4 2 1 1 1689 1854 1795 1988
3643 4 2 1 1 555 1838 535 1971
3644 4 2 1 1 748 1846 1764 2025
3645 4 2 1 1 1882 1898 541 2039
3646 4 2 1 1 1700 1717 1702 1860
3647 4 2 1 1 597 605 1845 1913
3648 4 2 1 1 834 1844 1835 2093
3649 4 2 1 1 1714 1945 1930 2019
3650 4 2 1 1 1784 1843 1768 1930
3651 4 2 1 1 647 649 648 1801
3652 4 2 1 1 1811 1752 1924 2057
3653 4 2 1 1 580 769 727 1825
3654 4 2 1 1 734 1870 1660 1980
3655 4 2 1 1 517 1800 589 2056
3656 4 2 1 1 545 541 1882 1898
3657 4 2 1 1 1789 1667 1949 2026
3658 4 2 1 1 1742 1862 1800 1902
3659 4 2 1 1 707 681 1854 1865
3660 4 2 1 1 1660 1921 1822 1948
3661 4 2 1 1 134 952 135 2068
3662 4 2 1 1 1676 1742 1833 2003
3663 4 2 1 1 1693 1722 1701 1794
3664 4 2 1 1 1762 1665 1897 1917
3665 4 2 1 1 1762 1678 1888 1890
3666 4 2 1 1 540 1653 1895 1898
3667 4 2 1 1 1847 1929 763 1972
3668 4 2 1 1 1886 2060 590 2107
3669 4 2 1 1 1035 1018 936 1884
3670 4 2 1 1 1659 1680 1677 2082
3671 4 2 1 1 234 233 955 1867
3672 4 2 1 1 656 654 661 1865
3673 4 2 1 1 817 1892 1799 2020
3674 4 2 1 1 431 1496 1447 1796
3675 4 2 1 1 1035 1015 997 1884
3676 4 2 1 1 650 664 648 1900
3677 4 2 1 1 15 12 11 2034
3678 4 2 1 1 1664 1976 1887 2017
3679 4 2 1 1 798 1887 800 2017
3680 4 2 1 1 135 988 136 1920
3681 4 2 1 1 671 674 1979 1996
3682 4 2 1 1 650 664 1900 2104
3683 4 2 1 1 796 1654 794 1892
3684 4 2 1 1 1658 1955 1678 1996
3685 4 2 1 1 725 741 761 2074
3686 4 2 1 1 1689 1710 1703 1854
3687 4 2 1 1 767 1759 1921 2058
3688 4 2 1 1 799 1799 817 1892
3689 4 2 1 1 611 589 517 1800
3690 4 2 1 1 745 1921 767 1986
3691 4 2 1 1 798 800 797 2017
3692 4 2 1 1 1914 2040 1768 2046
3693 4 2 1 1 574 1800 548 1896
3694 4 2 1 1 1772 1932 624 2060
3695 4 2 1 1 1862 1902 1742 1976
3696 4 2 1 1 794 1654 795 1950
3697 4 2 1 1 887 871 1789 1893
3698 4 2 1 1 1764 1937 1904 2021
3699 4 2 1 1 858 1839 923 2078
3700 4 2 1 1 765 753 1816 2058
3701 4 2 1 1 234 233 1867 1885
3702 4 2 1 1 725 923 868 1836
3703 4 2 1 1 979 944 244 1873
3704 4 2 1 1 559 1788 1881 2008
3705 4 2 1 1 912 834 782 1844
3706 4 2 1 1 743 1994 1921 2077
3707 4 2 1 1 989 1794 1874 1973
3708 4 2 1 1 738 2074 1929 2078
3709 4 2 1 1 917 1915 1914 2040
3710 4 2 1 1 1652 1865 1793 1983
3711 4 2 1 1 847 1832 1776 1997
3712 4 2 1 1 1652 1674 1793 1865
3713 4 2 1 1 1710 1716 1703 1854
3714 4 2 1 1 850 774 823 1811
3715 4 2 1 1 1768 1914 1786 1915
3716 4 2 1 1 1839 1949 1667 2026
3717 4 2 1 1 1764 1904 1847 2021
3718 4 2 1 1 838 758 778 1816
3719 4 2 1 1 634 1795 549 2059
3720 4 2 1 1 776 864 902 1835
3721 4 2 1 1 137 1011 138 1920
3722 4 2 1 1 827 2040 1914 2046
3723 4 2 1 1 909 887 871 1789
3724 4 2 1 1 528 544 526 1947
3725 4 2 1 1 761 858 923 2078
3726 4 2 1 1 1652 1795 1865 1983
3727 4 2 1 1 1679 1793 1677 1881
3728 4 2 1 1 1783 1892 1799 2086
3729 4 2 1 1 404 373 372 477
3730 4 2 1 1 1759 1696 1938 1948
3731 4 2 1 1 693 715 1846 2025
3732 4 2 1 1 628 1989 1912 2075
3733 4 2 1 1 11 16 15 2034
3734 4 2 1 1 746 745 767 1986
3735 4 2 1 1 1793 1860 661 1865
3736 4 2 1 1 1764 1788 1937 2044
3737 4 2 1 1 909 889 887 2026
3738 4 2 1 1 622 609 1995 2105
3739 4 2 1 1 423 422 1443 1940
3740 4 2 1 1 1714 1826 1784 1843
3741 4 2 1 1 1854 1865 653 2049
3742 4 2 1 1 1754 1676 1899 1952
3743 4 2 1 1 1837 1921 1751 2073
3744 4 2 1 1 1822 738 1929 2078
3745 4 2 1 1 1667 1789 2016 2026
3746 4 2 1 1 529 535 1869 1998
3747 4 2 1 1 668 1972 1953 2021
3748 4 2 1 1 575 581 507 1896
3749 4 2 1 1 860 869 691 1824
3750 4 2 1 1 1664 1730 1861 2017
3751 4 2 1 1 1762 1890 1665 1917
3752 4 2 1 1 1768 1914 1876 1938
3753 4 2 1 1 893 1977 917 2040
3754 4 2 1 1 756 1836 700 1972
3755 4 2 1 1 643 913 863 2098
3756 4 2 1 1 1671 1826 1950 2046
3757 4 2 1 1 1696 1837 1834 1948
3758 4 2 1 1 591 592 1896 2060
3759 4 2 1 1 1655 1708 1765 2003
3760 4 2 1 1 690 913 643 2098
3761 4 2 1 1 517 548 574 1800
3762 4 2 1 1 1012 248 249 1778
3763 4 2 1 1 547 560 1896 2055
3764 4 2 1 1 949 1027 956 1848
3765 4 2 1 1 860 691 635 1824
3766 4 2 1 1 1914 1915 1768 2040
3767 4 2 1 1 930 853 866 1816
3768 4 2 1 1 615 627 1844 1926
3769 4 2 1 1 525 1653 540 1898
3770 4 2 1 1 800 1887 798 1976
3771 4 2 1 1 572 1833 1800 1970
3772 4 2 1 1 880 1945 1665 1982
3773 4 2 1 1 1665 1678 1890 2061
3774 4 2 1 1 879 1982 1890 2061
3775 4 2 1 1 685 1860 703 1937
3776 4 2 1 1 897 880 884 1945
3777 4 2 1 1 1754 1952 1899 1955
3778 4 2 1 1 800 1924 1901 2017
3779 4 2 1 1 1675 1755 2032 2073
3780 4 2 1 1 806 1887 1783 1902
3781 4 2 1 1 550 1971 535 1998
3782 4 2 1 1 671 1911 1658 1996
3783 4 2 1 1 912 922 864 1844
3784 4 2 1 1 1181 1148 268 2042
3785 4 2 1 1 655 1661 656 1951
3786 4 2 1 1 868 923 907 1836
3787 4 2 1 1 1675 1870 1935 2024
3788 4 2 1 1 1846 1935 1863 1936
3789 4 2 1 1 1676 1896 1838 2055
3790 4 2 1 1 529 1869 1922 1998
3791 4 2 1 1 1702 1731 1679 1860
3792 4 2 1 1 988 933 1920 2067
3793 4 2 1 1 1657 1754 1899 1955
3794 4 2 1 1 162 1957 187 2005
3795 4 2 1 1 857 584 1897 2105
3796 4 2 1 1 273 274 1068 1850
3797 4 2 1 1 1837 1889 1751 1921
3798 4 2 1 1 593 594 1845 1899
3799 4 2 1 1 918 2065 891 2099
3800 4 2 1 1 1020 1004 1003 2014
3801 4 2 1 1 1934 1953 1789 1978
3802 4 2 1 1 1672 1855 1662 1951
3803 4 2 1 1 792 791 1656 2064
3804 4 2 1 1 707 669 673 1854
3805 4 2 1 1 1693 1771 1684 1892
3806 4 2 1 1 659 1860 1659 1951
3807 4 2 1 1 605 1811 614 1862
3808 4 2 1 1 1843 1930 893 1977
3809 4 2 1 1 1838 1896 1676 2060
3810 4 2 1 1 1832 1892 792 1950
3811 4 2 1 1 30 1785 1941 1946
3812 4 2 1 1 1002 1003 945 2014
3813 4 2 1 1 893 1843 915 1930
3814 4 2 1 1 1659 1680 1711 1860
3815 4 2 1 1 241 242 942 1827
3816 4 2 1 1 525 1653 1898 2008
3817 4 2 1 1 795 1654 796 2017
3818 4 2 1 1 1671 1950 1876 2046
3819 4 2 1 1 1675 1879 1677 1898
3820 4 2 1 1 661 1793 1865 2059
3821 4 2 1 1 624 1932 1772 1979
3822 4 2 1 1 681 653 1854 1865
3823 4 2 1 1 933 1011 137 1920
3824 4 2 1 1 1755 1870 1660 2073
3825 4 2 1 1 608 627 1926 1995
3826 4 2 1 1 1835 1943 1858 1945
3827 4 2 1 1 1652 1670 1655 1931
3828 4 2 1 1 882 893 915 1930
3829 4 2 1 1 882 893 1930 1977
3830 4 2 1 1 804 800 1901 2017
3831 4 2 1 1 1764 1980 1935 2025
3832 4 2 1 1 559 1863 1788 2008
3833 4 2 1 1 693 667 715 2025
3834 4 2 1 1 757 837 724 1994
3835 4 2 1 1 575 591 581 1896
3836 4 2 1 1 231 1023 232 2101
3837 4 2 1 1 1752 1858 1835 1943
3838 4 2 1 1 1689 1710 1854 1988
3839 4 2 1 1 830 615 1844 1926
3840 4 2 1 1 151 1007 152 1960
3841 4 2 1 1 1724 1841 1663 2061
3842 4 2 1 1 998 1039 1040 2015
3843 4 2 1 1 1039 1004 1040 2014
3844 4 2 1 1 764 1994 743 2077
3845 4 2 1 1 1788 1764 1863 2044
3846 4 2 1 1 668 708 1972 2021
3847 4 2 1 1 1823 1897 1665 1917
3848 4 2 1 1 1752 1844 1835 1858
3849 4 2 1 1 771 930 726 1816
3850 4 2 1 1 270 1096 271 1831
3851 4 2 1 1 1668 1864 1663 2049
3852 4 2 1 1 1661 1860 656 1951
3853 4 2 1 1 1672 1662 1855 1910
3854 4 2 1 1 1696 1759 1837 1948
3855 4 2 1 1 1784 1930 1768 1977
3856 4 2 1 1 1833 1869 530 2055
3857 4 2 1 1 1800 1902 1862 1970
3858 4 2 1 1 525 1881 1653 2008
3859 4 2 1 1 1678 1917 1888 1996
3860 4 2 1 1 765 1816 1986 2058
3861 4 2 1 1 522 1881 520 1983
3862 4 2 1 1 1917 1955 1787 1996
3863 4 2 1 1 559 1881 1788 2048
3864 4 2 1 1 970 968 969 2067
3865 4 2 1 1 1714 1843 1784 1930
3866 4 2 1 1 734 1935 1870 1980
3867 4 2 1 1 1855 1953 1749 2021
3868 4 2 1 1 749 561 1825 1882
3869 4 2 1 1 1776 1895 1653 1898
3870 4 2 1 1 527 1922 523 1983
3871 4 2 1 1 1846 1863 557 1936
3872 4 2 1 1 1659 1937 659 2021
3873 4 2 1 1 818 806 796 1887
3874 4 2 1 1 1677 1675 1898 2008
3875 4 2 1 1 1787 1989 625 2018
3876 4 2 1 1 135 2068 1920 2076
3877 4 2 1 1 446 174 173 1993
3878 4 2 1 1 742 1921 1870 2077
3879 4 2 1 1 615 620 830 1844
3880 4 2 1 1 590 591 556 2107
3881 4 2 1 1 1749 1789 1949 2026
3882 4 2 1 1 668 708 1953 1972
3883 4 2 1 1 778 758 753 2058
3884 4 2 1 1 1846 1863 1764 2044
3885 4 2 1 1 597 1913 1657 2100
3886 4 2 1 1 999 1817 1036 2013
3887 4 2 1 1 787 1837 1938 1991
3888 4 2 1 1 1754 1845 1676 2003
3889 4 2 1 1 671 674 1911 1979
3890 4 2 1 1 1665 1890 1762 1897
3891 4 2 1 1 1661 654 1865 2049
3892 4 2 1 1 660 659 1659 1951
3893 4 2 1 1 1822 1921 1759 1948
3894 4 2 1 1 763 1972 1929 2074
3895 4 2 1 1 921 919 1907 1945
3896 4 2 1 1 1825 1882 546 2039
3897 4 2 1 1 1705 1783 1708 2086
3898 4 2 1 1 1444 1507 425 1974
3899 4 2 1 1 749 576 561 1882
3900 4 2 1 1 1676 1833 1800 2055
3901 4 2 1 1 1490 1444 424 1974
3902 4 2 1 1 1675 1755 2024 2032
3903 4 2 1 1 145 1771 990 2013
3904 4 2 1 1 1811 1845 1742 1862
3905 4 2 1 1 984 1025 986 1973
3906 4 2 1 1 1653 1881 525 2053
3907 4 2 1 1 948 1029 253 2015
3908 4 2 1 1 736 1660 735 1921
3909 4 2 1 1 656 655 654 1661
3910 4 2 1 1 1034 996 1029 2015
3911 4 2 1 1 1714 1861 1826 1901
3912 4 2 1 1 1678 1724 1864 2061
3913 4 2 1 1 835 1926 1844 2093
3914 4 2 1 1 596 1657 597 1899
3915 4 2 1 1 915 1907 919 1930
3916 4 2 1 1 1753 1655 1765 1988
3917 4 2 1 1 697 1953 1934 1978
3918 4 2 1 1 729 1846 518 1936
3919 4 2 1 1 616 1845 604 1862
3920 4 2 1 1 1772 1886 624 1979
3921 4 2 1 1 1652 1793 1679 1881
3922 4 2 1 1 910 905 1890 1897
3923 4 2 1 1 648 689 638 1801
3924 4 2 1 1 1800 1742 1845 1862
3925 4 2 1 1 1786 2065 918 2099
3926 4 2 1 1 837 852 831 1825
3927 4 2 1 1 904 1801 899 1900
3928 4 2 1 1 693 1846 723 2025
3929 4 2 1 1 624 1886 1772 2060
3930 4 2 1 1 1677 1879 1653 1898
3931 4 2 1 1 1664 1976 1924 2057
3932 4 2 1 1 1771 1892 1654 2086
3933 4 2 1 1 693 699 723 1846
3934 4 2 1 1 1825 1990 852 1994
3935 4 2 1 1 1678 1864 1801 2061
3936 4 2 1 1 904 885 1801 1890
3937 4 2 1 1 689 1801 648 1900
3938 4 2 1 1 1678 1762 1888 1917
3939 4 2 1 1 640 756 700 1972
3940 4 2 1 1 681 653 1865 2049
3941 4 2 1 1 816 817 799 1799
3942 4 2 1 1 1795 1922 1689 1988
3943 4 2 1 1 676 667 1937 2044
3944 4 2 1 1 1870 1921 1751 2077
3945 4 2 1 1 1654 1892 1887 2086
3946 4 2 1 1 1924 1943 1821 2080
3947 4 2 1 1 921 1907 1835 1945
3948 4 2 1 1 783 855 516 1825
3949 4 2 1 1 568 1898 1776 2045
3950 4 2 1 1 895 1868 1839 2078
3951 4 2 1 1 1896 1899 1676 2060
3952 4 2 1 1 1675 2032 1879 2073
3953 4 2 1 1 1717 1731 1702 1860
3954 4 2 1 1 580 727 561 1825
3955 4 2 1 1 605 582 614 1811
3956 4 2 1 1 904 1841 1801 1900
3957 4 2 1 1 1764 1863 1846 1935
3958 4 2 1 1 905 1890 1762 1939
3959 4 2 1 1 806 820 1887 1902
3960 4 2 1 1 661 1793 683 1860
3961 4 2 1 1 800 804 1901 1924
3962 4 2 1 1 921 1835 884 1945
3963 4 2 1 1 837 1825 831 1994
3964 4 2 1 1 541 2039 1898 2045
3965 4 2 1 1 1912 1989 1762 2075
3966 4 2 1 1 1789 1672 1893 1978
3967 4 2 1 1 732 1870 734 1935
3968 4 2 1 1 807 847 1776 1990
3969 4 2 1 1 1710 1716 1854 1988
3970 4 2 1 1 1838 1869 1676 2055
3971 4 2 1 1 792 1832 799 1892
3972 4 2 1 1 1752 1811 1913 2057
3973 4 2 1 1 910 905 1897 2075
3974 4 2 1 1 1704 1737 1696 1748
3975 4 2 1 1 1836 1839 907 2026
3976 4 2 1 1 735 1660 734 1870
3977 4 2 1 1 758 838 853 1816
3978 4 2 1 1 921 922 884 1835
3979 4 2 1 1 677 1979 674 1996
3980 4 2 1 1 1714 1733 1945 2019
3981 4 2 1 1 1870 1935 1660 1980
3982 4 2 1 1 823 1862 1811 1976
3983 4 2 1 1 847 777 1997 2045
3984 4 2 1 1 734 1660 736 1929
3985 4 2 1 1 905 1912 1762 2075
3986 4 2 1 1 1759 1948 1938 1991
3987 4 2 1 1 532 1799 543 1895
3988 4 2 1 1 905 1762 1912 1939
3989 4 2 1 1 589 1800 616 2056
3990 4 2 1 1 654 1661 655 2049
3991 4 2 1 1 1843 1907 915 1930
3992 4 2 1 1 731 1882 1870 1935
3993 4 2 1 1 687 1888 1939 1989
3994 4 2 1 1 555 535 550 1971
3995 4 2 1 1 1654 1671 1690 1826
3996 4 2 1 1 1712 1837 1916 2073
3997 4 2 1 1 573 729 518 1936
3998 4 2 1 1 1761 1838 1772 1971
3999 4 2 1 1 727 749 561 1825
4000 4 2 1 1 920 918 891 2099
4001 4 2 1 1 1799 1895 532 1931
4002 4 2 1 1 1656 1950 792 2064
4003 4 2 1 1 546 1882 541 2039
4004 4 2 1 1 1474 1531 1466 1853
4005 4 2 1 1 858 895 1839 2078
4006 4 2 1 1 831 1825 852 1994
4007 4 2 1 1 528 1869 1655 1922
4008 4 2 1 1 1772 1838 1676 2060
4009 4 2 1 1 1759 1889 1837 1921
4010 4 2 1 1 853 784 866 1816
4011 4 2 1 1 904 879 885 1890
4012 4 2 1 1 597 598 1913 2100
4013 4 2 1 1 1938 1948 1786 1991
4014 4 2 1 1 1659 1860 659 1937
4015 4 2 1 1 1676 1869 1833 2055
4016 4 2 1 1 1799 1895 1832 1997
4017 4 2 1 1 871 909 1789 1934
4018 4 2 1 1 823 822 1862 1976
4019 4 2 1 1 570 1825 546 2039
4020 4 2 1 1 1752 2057 1913 2080
4021 4 2 1 1 932 152 1007 1960
4022 4 2 1 1 522 521 520 1881
4023 4 2 1 1 1869 1952 1765 1988
4024 4 2 1 1 836 830 620 1844
4025 4 2 1 1 767 746 1986 2058
4026 4 2 1 1 873 2085 1695 2092
4027 4 2 1 1 642 1971 550 1998
4028 4 2 1 1 1759 1948 1868 1986
4029 4 2 1 1 1752 1943 1924 2080
4030 4 2 1 1 1789 1953 1934 2098
4031 4 2 1 1 659 660 1659 2021
4032 4 2 1 1 1793 1881 1652 1983
4033 4 2 1 1 1696 1768 1840 1876
4034 4 2 1 1 755 723 699 1846
4035 4 2 1 1 871 1789 1893 1934
4036 4 2 1 1 734 1660 1929 1980
4037 4 2 1 1 638 1801 861 1939
4038 4 2 1 1 1052 153 932 1960
4039 4 2 1 1 1712 1916 1879 2073
4040 4 2 1 1 1665 1678 1741 1917
4041 4 2 1 1 671 677 674 1996
4042 4 2 1 1 744 1929 1847 1980
4043 4 2 1 1 873 874 1695 2085
4044 4 2 1 1 414 1737 1840 1872
4045 4 2 1 1 1869 1922 1761 1988
4046 4 2 1 1 1664 1924 1821 2057
4047 4 2 1 1 568 541 1898 2045
4048 4 2 1 1 794 1892 1654 1950
4049 4 2 1 1 1507 426 425 1974
4050 4 2 1 1 1674 1682 1793 1865
4051 4 2 1 1 1751 1916 1837 2073
4052 4 2 1 1 423 1490 424 1974
4053 4 2 1 1 877 879 904 1841
4054 4 2 1 1 595 624 1932 2060
4055 4 2 1 1 1879 1916 1751 2073
4056 4 2 1 1 804 797 800 2017
4057 4 2 1 1 1652 1931 523 2053
4058 4 2 1 1 531 535 555 1838
4059 4 2 1 1 1772 1838 1761 1952
4060 4 2 1 1 1676 1838 1772 1952
4061 4 2 1 1 1789 1893 1934 1978
4062 4 2 1 1 1690 1861 1826 2010
4063 4 2 1 1 1749 1949 1839 2026
4064 4 2 1 1 153 1052 154 1960
4065 4 2 1 1 887 1893 1789 2016
4066 4 2 1 1 1888 1989 696 1996
4067 4 2 1 1 1788 1863 559 2044
4068 4 2 1 1 1824 1893 1672 1978
4069 4 2 1 1 864 776 834 1835
4070 4 2 1 1 1038 985 978 1973
4071 4 2 1 1 269 1080 270 1831
4072 4 2 1 1 1444 1490 1480 1790
4073 4 2 1 1 1759 1938 1837 1991
4074 4 2 1 1 1669 1832 1799 1895
4075 4 2 1 1 971 1827 942 2047
4076 4 2 1 1 1754 1676 1952 2007
4077 4 2 1 1 617 712 1886 2107
4078 4 2 1 1 1914 1938 1786 2099
4079 4 2 1 1 830 1844 835 1926
4080 4 2 1 1 1838 1971 555 2107
4081 4 2 1 1 847 807 1776 1916
4082 4 2 1 1 1762 1939 1888 1989
4083 4 2 1 1 879 1841 877 1982
4084 4 2 1 1 793 1876 1950 2046
4085 4 2 1 1 518 1846 557 1936
4086 4 2 1 1 1772 1676 1899 2060
4087 4 2 1 1 858 761 722 2078
4088 4 2 1 1 507 560 575 1896
4089 4 2 1 1 1776 1997 568 2045
4090 4 2 1 1 845 1799 564 2020
4091 4 2 1 1 803 840 808 1990
4092 4 2 1 1 1032 1013 1025 1973
4093 4 2 1 1 845 816 846 1997
4094 4 2 1 1 1934 1953 697 2098
4095 4 2 1 1 734 735 736 1660
4096 4 2 1 1 659 656 1860 1951
4097 4 2 1 1 741 761 1839 2078
4098 4 2 1 1 861 899 904 1801
4099 4 2 1 1 1845 1913 1811 2057
4100 4 2 1 1 1751 1916 1879 1990
4101 4 2 1 1 847 1776 809 2045
4102 4 2 1 1 1776 1653 1895 2089
4103 4 2 1 1 1776 1916 807 1990
4104 4 2 1 1 625 583 1787 1979
4105 4 2 1 1 1811 1862 1742 1976
4106 4 2 1 1 1888 1917 1787 1996
4107 4 2 1 1 1709 1722 1701 1832
4108 4 2 1 1 610 590 1886 2060
4109 4 2 1 1 1742 1845 1811 2057
4110 4 2 1 1 748 1846 729 1936
4111 4 2 1 1 1655 1689 1652 1922
4112 4 2 1 1 902 776 1835 1907
4113 4 2 1 1 873 874 876 1695
4114 4 2 1 1 984 981 983 1973
4115 4 2 1 1 522 1881 1983 2053
4116 4 2 1 1 682 1865 1795 2059
4117 4 2 1 1 615 627 620 1844
4118 4 2 1 1 545 541 546 1882
4119 4 2 1 1 1724 1841 1798 1981
4120 4 2 1 1 1882 1935 731 1936
4121 4 2 1 1 687 1939 1912 1989
4122 4 2 1 1 1789 1934 909 2098
4123 4 2 1 1 923 858 907 1839
4124 4 2 1 1 871 870 1824 1893
4125 4 2 1 1 1824 1934 1893 1978
4126 4 2 1 1 1733 1982 1945 2019
4127 4 2 1 1 1653 1677 1898 2008
4128 4 2 1 1 583 1787 637 1989
4129 4 2 1 1 1843 1977 893 2040
4130 4 2 1 1 998 994 1034 2015
4131 4 2 1 1 665 659 1937 2021
4132 4 2 1 1 1776 1879 1916 1990
4133 4 2 1 1 743 1921 742 2077
4134 4 2 1 1 893 892 917 1977
4135 4 2 1 1 847 1832 815 1916
4136 4 2 1 1 135 988 1920 2068
4137 4 2 1 1 1788 1677 1881 2008
4138 4 2 1 1 756 751 1836 1972
4139 4 2 1 1 737 1929 744 1980
4140 4 2 1 1 871 1893 1824 1934
4141 4 2 1 1 232 2091 231 2101
4142 4 2 1 1 682 707 1795 1865
4143 4 2 1 1 1652 1983 1881 2053
4144 4 2 1 1 920 1868 1816 2099
4145 4 2 1 1 533 1947 1833 1987
4146 4 2 1 1 660 1951 1659 2021
4147 4 2 1 1 536 1795 554 1922
4148 4 2 1 1 1924 1976 1811 2057
4149 4 2 1 1 1752 1926 1844 1995
4150 4 2 1 1 1655 1670 1652 1689
4151 4 2 1 1 1483 1481 1520 1790
4152 4 2 1 1 622 1897 1823 2018
4153 4 2 1 1 611 593 1800 1896
4154 4 2 1 1 1761 1922 1795 1988
4155 4 2 1 1 824 822 1970 2056
4156 4 2 1 1 785 1991 1816 2058
4157 4 2 1 1 1492 1491 1504 1871
4158 4 2 1 1 1761 1772 1911 1971
4159 4 2 1 1 519 634 549 2059
4160 4 2 1 1 1855 1789 1953 1978
4161 4 2 1 1 756 751 766 1836
4162 4 2 1 1 583 625 1787 1989
4163 4 2 1 1 570 546 541 2039
4164 4 2 1 1 1789 1749 1949 2106
4165 4 2 1 1 892 1915 917 1977
4166 4 2 1 1 1786 1914 918 1915
4167 4 2 1 1 666 685 703 1937
4168 4 2 1 1 1705 1745 1742 1887
4169 4 2 1 1 1665 1858 1943 1945
4170 4 2 1 1 582 1811 605 1926
4171 4 2 1 1 565 1799 532 1947
4172 4 2 1 1 1675 1898 1882 2039
4173 4 2 1 1 625 1787 606 1979
4174 4 2 1 1 1507 1482 1484 1871
4175 4 2 1 1 427 1489 1445 1871
4176 4 2 1 1 823 802 822 1976
4177 4 2 1 1 1799 1931 532 1947
4178 4 2 1 1 1838 1869 1761 1952
4179 4 2 1 1 1676 1869 1838 1952
4180 4 2 1 1 673 669 670 1854
4181 4 2 1 1 873 1695 876 2019
4182 4 2 1 1 1676 1765 1869 1952
4183 4 2 1 1 668 1953 1855 2021
4184 4 2 1 1 870 871 1824 1934
4185 4 2 1 1 1522 1451 1500 1866
4186 4 2 1 1 1676 1896 1845 1899
4187 4 2 1 1 517 1970 1800 2056
4188 4 2 1 1 1751 1921 1889 1994
4189 4 2 1 1 1660 1870 735 1921
4190 4 2 1 1 1800 1970 1862 2056
4191 4 2 1 1 1028 133 2069 2076
4192 4 2 1 1 571 1833 572 1970
4193 4 2 1 1 771 726 758 1816
4194 4 2 1 1 1888 1890 1678 2061
4195 4 2 1 1 404 1852 405 2066
4196 4 2 1 1 580 561 516 1825
4197 4 2 1 1 952 1044 988 2068
4198 4 2 1 1 691 1824 869 1900
4199 4 2 1 1 881 910 1890 1897
4200 4 2 1 1 570 2039 541 2045
4201 4 2 1 1 1661 1711 1734 1860
4202 4 2 1 1 1659 1662 1855 1951
4203 4 2 1 1 655 1927 1661 1951
4204 4 2 1 1 1667 1840 1726 1948
4205 4 2 1 1 1530 1449 1467 2096
4206 4 2 1 1 559 1881 537 2008
4207 4 2 1 1 546 1825 561 1882
4208 4 2 1 1 1675 1756 1879 2032
4209 4 2 1 1 1659 1904 1937 2021
4210 4 2 1 1 1671 1696 1656 1704
4211 4 2 1 1 1664 1742 1976 2057
4212 4 2 1 1 1659 1855 1662 2106
4213 4 2 1 1 1742 1800 1833 1902
4214 4 2 1 1 1724 1981 1798 2097
4215 4 2 1 1 834 835 1844 2093
4216 4 2 1 1 1795 1922 536 1983
4217 4 2 1 1 1654 1887 796 2017
4218 4 2 1 1 597 1657 596 2100
4219 4 2 1 1 649 1864 1888 1996
4220 4 2 1 1 1754 2003 1676 2007
4221 4 2 1 1 611 616 589 1800
4222 4 2 1 1 873 1695 2019 2092
4223 4 2 1 1 622 584 609 2105
4224 4 2 1 1 820 1902 822 1976
4225 4 2 1 1 976 975 944 2047
4226 4 2 1 1 576 546 561 1882
4227 4 2 1 1 1663 1707 1668 2049
4228 4 2 1 1 791 1916 1656 2064
4229 4 2 1 1 555 1971 550 2107
4230 4 2 1 1 661 683 685 1860
4231 4 2 1 1 1663 1927 1707 2049
4232 4 2 1 1 928 717 768 1836
4233 4 2 1 1 548 1800 572 2055
4234 4 2 1 1 1662 1758 1672 1951
4235 4 2 1 1 1725 1660 1822 1948
4236 4 2 1 1 1149 1068 1086 1850
4237 4 2 1 1 634 519 706 2059
4238 4 2 1 1 594 597 1845 1899
4239 4 2 1 1 1761 1922 1869 1998
4240 4 2 1 1 1671 1826 1654 1950
4241 4 2 1 1 1656 1704 1696 1748
4242 4 2 1 1 757 727 769 1825
4243 4 2 1 1 820 1887 1902 1976
4244 4 2 1 1 913 1836 908 2026
4245 4 2 1 1 1788 1863 1764 2024
4246 4 2 1 1 1768 1930 1843 1977
4247 4 2 1 1 876 1695 874 1977
4248 4 2 1 1 693 715 699 1846
4249 4 2 1 1 240 953 239 2028
4250 4 2 1 1 663 1888 696 1996
4251 4 2 1 1 1675 2024 1756 2032
4252 4 2 1 1 12 2042 268 2043
4253 4 2 1 1 788 1876 827 1938
4254 4 2 1 1 1665 1943 1858 2080
4255 4 2 1 1 756 640 751 1972
4256 4 2 1 1 876 1930 1695 1977
4257 4 2 1 1 827 1876 812 2046
4258 4 2 1 1 592 1899 1896 2060
4259 4 2 1 1 1745 1961 1780 2102
4260 4 2 1 1 783 837 855 1825
4261 4 2 1 1 571 1833 1970 1987
4262 4 2 1 1 1663 1824 1672 1927
4263 4 2 1 1 837 831 724 1994
4264 4 2 1 1 904 886 1841 1900
4265 4 2 1 1 596 1657 1899 1932
4266 4 2 1 1 1789 1949 1910 2106
4267 4 2 1 1 1663 1841 1724 1981
4268 4 2 1 1 518 729 728 1846
4269 4 2 1 1 21 1183 275 1856
4270 4 2 1 1 1787 696 1989 1996
4271 4 2 1 1 669 707 681 1854
4272 4 2 1 1 1789 1855 1749 2106
4273 4 2 1 1 672 1911 1886 1971
4274 4 2 1 1 809 1776 847 1990
4275 4 2 1 1 1671 1784 1779 2054
4276 4 2 1 1 803 811 840 1889
4277 4 2 1 1 1493 1505 1496 1880
4278 4 2 1 1 637 1787 583 1979
4279 4 2 1 1 1800 1845 1676 1896
4280 4 2 1 1 1032 950 1013 1873
4281 4 2 1 1 1494 1492 1506 1880
4282 4 2 1 1 790 792 1950 2064
4283 4 2 1 1 1671 1704 1656 1722
4284 4 2 1 1 697 1855 1953 1978
4285 4 2 1 1 1787 1888 1762 1917
4286 4 2 1 1 1672 1824 1663 1981
4287 4 2 1 1 1656 1722 1704 1748
4288 4 2 1 1 1737 1738 1696 1748
4289 4 2 1 1 786 1938 1914 2099
4290 4 2 1 1 1786 1915 918 2065
4291 4 2 1 1 1793 2048 520 2059
4292 4 2 1 1 910 905 881 1890
4293 4 2 1 1 1761 1952 1869 1988
4294 4 2 1 1 1696 1704 1671 1840
4295 4 2 1 1 626 605 614 1862
4296 4 2 1 1 1912 1939 1762 1989
4297 4 2 1 1 1749 1904 1847 1929
4298 4 2 1 1 672 641 1886 1979
4299 4 2 1 1 1672 1721 1893 1981
4300 4 2 1 1 1668 1865 1854 2049
4301 4 2 1 1 616 604 626 1862
4302 4 2 1 1 1672 1852 1721 1981
4303 4 2 1 1 1891 1917 1681 1955
4304 4 2 1 1 1823 1913 601 2100
4305 4 2 1 1 1696 1840 1671 1876
4306 4 2 1 1 658 1911 1854 2052
4307 4 2 1 1 1678 1681 1891 1917
4308 4 2 1 1 536 1922 527 1983
4309 4 2 1 1 1801 1864 1678 1888
4310 4 2 1 1 1675 2039 1870 2073
4311 4 2 1 1 1694 1736 1691 1865
4312 4 2 1 1 1677 1675 2008 2024
4313 4 2 1 1 1863 2008 1675 2024
4314 4 2 1 1 565 543 532 1799
4315 4 2 1 1 1046 977 1011 1874
4316 4 2 1 1 1670 1719 1947 2086
4317 4 2 1 1 1824 1927 1663 2104
4318 4 2 1 1 946 1009 1057 1769
4319 4 2 1 1 646 638 861 1939
4320 4 2 1 1 1662 1855 1910 2106
4321 4 2 1 1 1482 1481 1483 1790
4322 4 2 1 1 1444 1480 1482 1790
4323 4 2 1 1 533 544 528 1947
4324 4 2 1 1 406 414 32 1852
4325 4 2 1 1 406 32 31 1852
4326 4 2 1 1 404 413 405 1852
4327 4 2 1 1 133 1028 134 2076
4328 4 2 1 1 828 859 914 1843
4329 4 2 1 1 1787 1989 1888 1996
4330 4 2 1 1 1477 1480 1490 1790
4331 4 2 1 1 778 785 1816 2058
4332 4 2 1 1 1681 1917 1678 1955
4333 4 2 1 1 31 406 1852 1906
4334 4 2 1 1 1742 1676 1845 2003
4335 4 2 1 1 944 979 1049 1873
4336 4 2 1 1 598 601 1913 2100
4337 4 2 1 1 1011 933 1874 1920
4338 4 2 1 1 572 1800 517 1970
4339 4 2 1 1 1182 13 272 1781
4340 4 2 1 1 615 608 627 1926
4341 4 2 1 1 1741 1943 1733 1945
4342 4 2 1 1 404 412 413 1852
4343 4 2 1 1 692 1934 1824 1978
4344 4 2 1 1 768 717 756 1836
4345 4 2 1 1 1787 1979 677 1996
4346 4 2 1 1 647 1801 638 1939
4347 4 2 1 1 652 2049 1864 2052
4348 4 2 1 1 869 1900 1824 2092
4349 4 2 1 1 723 1846 748 2025
4350 4 2 1 1 557 1846 558 1863
4351 4 2 1 1 661 683 1793 2059
4352 4 2 1 1 1664 1745 1742 2057
4353 4 2 1 1 900 646 861 1939
4354 4 2 1 1 1722 1832 1709 2089
4355 4 2 1 1 1671 1840 1779 1876
4356 4 2 1 1 676 715 667 2044
4357 4 2 1 1 1779 1784 1768 1977
4358 4 2 1 1 1473 1528 1442 1940
4359 4 2 1 1 1446 1492 1493 1796
4360 4 2 1 1 674 672 1911 1979
4361 4 2 1 1 1687 1701 1693 1832
4362 4 2 1 1 922 1858 1844 2105
4363 4 2 1 1 549 554 536 1795
4364 4 2 1 1 376 281 377 327
4365 4 2 1 1 1691 1865 1736 1974
4366 4 2 1 1 1783 1887 1742 1902
4367 4 2 1 1 1721 1672 1893 1910
4368 4 2 1 1 1691 1685 1865 1974
4369 4 2 1 1 1772 1899 1676 1952
4370 4 2 1 1 1783 1833 1655 1947
4371 4 2 1 1 551 559 2044 2048
4372 4 2 1 1 11 1055 133 2069
4373 4 2 1 1 665 667 713 1937
4374 4 2 1 1 1678 1864 1658 1996
4375 4 2 1 1 832 859 828 1843
4376 4 2 1 1 394 413 393 1872
4377 4 2 1 1 427 1767 428 1993
4378 4 2 1 1 606 1787 625 1932
4379 4 2 1 1 565 564 543 1799
4380 4 2 1 1 858 895 907 1839
4381 4 2 1 1 549 554 1795 1998
4382 4 2 1 1 908 1836 907 2026
4383 4 2 1 1 743 1889 1921 1994
4384 4 2 1 1 1734 1865 1688 1974
4385 4 2 1 1 1801 1890 1888 2061
4386 4 2 1 1 817 816 845 1799
4387 4 2 1 1 1733 1943 1714 1945
4388 4 2 1 1 1665 1741 1733 1945
4389 4 2 1 1 1844 1926 1752 2093
4390 4 2 1 1 824 822 842 1970
4391 4 2 1 1 1522 1520 1481 1790
4392 4 2 1 1 1522 1479 1517 1790
4393 4 2 1 1 17 1891 1867 2063
4394 4 2 1 1 1742 1833 1783 1902
4395 4 2 1 1 733 762 1935 1980
4396 4 2 1 1 1938 1991 1786 2099
4397 4 2 1 1 1761 1911 1772 1952
4398 4 2 1 1 1723 1917 1891 1955
4399 4 2 1 1 1665 1943 1741 1945
4400 4 2 1 1 548 572 534 2055
4401 4 2 1 1 1523 1453 1516 2051
4402 4 2 1 1 593 1896 592 1899
4403 4 2 1 1 849 1926 835 2093
4404 4 2 1 1 726 930 911 1816
4405 4 2 1 1 736 1822 738 1929
4406 4 2 1 1 1685 1688 1865 1974
4407 4 2 1 1 635 860 1824 1934
4408 4 2 1 1 682 1795 634 2059
4409 4 2 1 1 1868 1948 1822 1986
4410 4 2 1 1 1762 1888 1787 1989
4411 4 2 1 1 1479 1478 1517 1940
4412 4 2 1 1 703 1788 639 2044
4413 4 2 1 1 764 743 742 2077
4414 4 2 1 1 17 234 1867 1885
4415 4 2 1 1 512 568 1997 2045
4416 4 2 1 1 870 1824 860 1934
4417 4 2 1 1 1055 1028 133 2069
4418 4 2 1 1 649 684 1864 1996
4419 4 2 1 1 1749 1929 1847 1972
4420 4 2 1 1 1858 1943 1752 2080
4421 4 2 1 1 570 1825 2039 2045
4422 4 2 1 1 534 572 571 1833
4423 4 2 1 1 972 971 942 2047
4424 4 2 1 1 1879 1916 1712 2089
4425 4 2 1 1 810 1901 1835 1907
4426 4 2 1 1 732 731 1870 1935
4427 4 2 1 1 658 670 1854 1911
4428 4 2 1 1 1098 1080 1148 1831
4429 4 2 1 1 652 1864 651 2052
4430 4 2 1 1 1050 1007 1024 1750
4431 4 2 1 1 803 1837 811 1889
4432 4 2 1 1 941 248 1012 1778
4433 4 2 1 1 789 1938 1837 2064
4434 4 2 1 1 1677 1680 2081 2082
4435 4 2 1 1 611 593 616 1800
4436 4 2 1 1 520 1983 1793 2059
4437 4 2 1 1 1825 754 1882 2077
4438 4 2 1 1 23 24 19 2022
4439 4 2 1 1 1762 1917 1897 2018
4440 4 2 1 1 1897 1917 1823 2018
4441 4 2 1 1 1669 1687 1693 1832
4442 4 2 1 1 1653 1879 1776 1898
4443 4 2 1 1 1865 1983 1795 2059
4444 4 2 1 1 1723 1891 1681 1955
4445 4 2 1 1 1672 1721 1852 1910
4446 4 2 1 1 1675 1879 2039 2073
4447 4 2 1 1 527 528 526 1922
4448 4 2 1 1 1845 2003 1754 2057
4449 4 2 1 1 1678 1888 1864 1996
4450 4 2 1 1 551 559 513 2044
4451 4 2 1 1 1024 1001 1021 1883
4452 4 2 1 1 857 897 1858 1897
4453 4 2 1 1 974 1046 973 2047
4454 4 2 1 1 1751 1870 2039 2073
4455 4 2 1 1 946 1057 1045 1875
4456 4 2 1 1 754 749 1825 1882
4457 4 2 1 1 1864 1996 684 2052
4458 4 2 1 1 633 929 854 1844
4459 4 2 1 1 564 1799 565 2020
4460 4 2 1 1 740 763 1929 2074
4461 4 2 1 1 1523 1488 1514 1871
4462 4 2 1 1 1677 2081 2024 2082
4463 4 2 1 1 1759 1921 1822 1986
4464 4 2 1 1 659 657 656 1951
4465 4 2 1 1 1822 1839 1667 1868
4466 4 2 1 1 608 629 1913 1926
4467 4 2 1 1 1652 1881 1679 2053
4468 4 2 1 1 602 625 1989 2018
4469 4 2 1 1 1656 1696 1671 1876
4470 4 2 1 1 19 1894 1726 2023
4471 4 2 1 1 1742 1745 1664 1887
4472 4 2 1 1 573 518 557 1936
4473 4 2 1 1 1653 1776 1879 2089
4474 4 2 1 1 1689 1795 1652 1922
4475 4 2 1 1 1002 945 2009 2014
4476 4 2 1 1 1816 1868 1786 2099
4477 4 2 1 1 948 253 2011 2015
4478 4 2 1 1 792 815 799 1832
4479 4 2 1 1 1664 1742 1887 1976
4480 4 2 1 1 634 549 1795 1998
4481 4 2 1 1 610 591 590 2060
4482 4 2 1 1 19 20 23 2022
4483 4 2 1 1 1779 1840 1768 1876
4484 4 2 1 1 692 680 1934 1978
4485 4 2 1 1 902 864 921 1835
4486 4 2 1 1 1704 1696 1737 1840
4487 4 2 1 1 812 827 788 1876
4488 4 2 1 1 861 1801 885 1939
4489 4 2 1 1 921 883 919 1945
4490 4 2 1 1 1670 1719 1655 1947
4491 4 2 1 1 633 854 620 1844
4492 4 2 1 1 559 521 1881 2048
4493 4 2 1 1 1009 949 1043 1848
4494 4 2 1 1 767 1921 1889 2058
4495 4 2 1 1 810 833 1901 1907
4496 4 2 1 1 1663 1900 1841 2092
4497 4 2 1 1 634 1795 707 1998
4498 4 2 1 1 1664 1821 1924 1943
4499 4 2 1 1 736 739 738 1822
4500 4 2 1 1 858 1868 895 2078
4501 4 2 1 1 558 559 1863 2044
4502 4 2 1 1 1736 1865 1734 1974
4503 4 2 1 1 806 1783 821 1902
4504 4 2 1 1 1837 1916 803 2064
4505 4 2 1 1 774 825 1811 1926
4506 4 2 1 1 1664 1821 1745 2057
4507 4 2 1 1 1682 1700 1652 1793
4508 4 2 1 1 661 1865 682 2059
4509 4 2 1 1 581 591 592 1896
4510 4 2 1 1 1788 2044 559 2048
4511 4 2 1 1 1870 1882 1675 1935
4512 4 2 1 1 1789 1910 1855 2106
4513 4 2 1 1 413 396 414 1872
4514 4 2 1 1 1868 2078 896 2079
4515 4 2 1 1 791 803 1916 2064
4516 4 2 1 1 1868 1948 1786 2065
4517 4 2 1 1 677 696 1787 1996
4518 4 2 1 1 1678 1665 1741 2061
4519 4 2 1 1 1665 1917 1891 2080
4520 4 2 1 1 677 1787 637 1979
4521 4 2 1 1 1754 1657 1845 2057
4522 4 2 1 1 1835 1844 1752 2093
4523 4 2 1 1 538 525 1898 2008
4524 4 2 1 1 866 911 930 1816
4525 4 2 1 1 249 250 1008 1673
4526 4 2 1 1 1667 1948 1868 2065
4527 4 2 1 1 1657 1932 596 2100
4528 4 2 1 1 696 637 1787 1989
4529 4 2 1 1 246 1872 1013 1873
4530 4 2 1 1 1725 1851 1909 2106
4531 4 2 1 1 608 1926 1913 1995
4532 4 2 1 1 1721 1981 1695 2085
4533 4 2 1 1 533 569 1947 1987
4534 4 2 1 1 1761 1854 1795 1998
4535 4 2 1 1 542 1931 1895 2053
4536 4 2 1 1 967 940 968 2068
4537 4 2 1 1 517 572 548 1800
4538 4 2 1 1 1443 1477 1490 1940
4539 4 2 1 1 554 529 1922 1998
4540 4 2 1 1 158 13 1182 1781
4541 4 2 1 1 807 809 847 1990
4542 4 2 1 1 523 1983 1652 2053
4543 4 2 1 1 813 2040 827 2046
4544 4 2 1 1 786 1991 1938 2099
4545 4 2 1 1 1663 1841 1981 2092
4546 4 2 1 1 603 1897 622 2018
4547 4 2 1 1 582 605 629 1926
4548 4 2 1 1 870 860 871 1934
4549 4 2 1 1 1674 1688 1682 1865
4550 4 2 1 1 948 254 1006 2011
4551 4 2 1 1 1665 1823 1917 2080
4552 4 2 1 1 834 835 782 1844
4553 4 2 1 1 698 1836 690 1953
4554 4 2 1 1 1657 1913 1845 2057
4555 4 2 1 1 692 635 1824 1934
4556 4 2 1 1 730 731 1935 1936
4557 4 2 1 1 844 821 1783 2020
4558 4 2 1 1 768 725 928 1836
4559 4 2 1 1 1795 1854 1761 1988
4560 4 2 1 1 1764 1937 1788 2024
4561 4 2 1 1 554 1922 1795 1998
4562 4 2 1 1 676 1937 1788 2044
4563 4 2 1 1 1667 1910 1789 1949
4564 4 2 1 1 1474 1468 1470 2096
4565 4 2 1 1 857 924 621 2105
4566 4 2 1 1 1721 1726 1667 1840
4567 4 2 1 1 1839 1929 1822 1949
4568 4 2 1 1 877 1982 1841 2019
4569 4 2 1 1 673 670 710 1971
4570 4 2 1 1 1525 1483 1520 1859
4571 4 2 1 1 918 1914 917 1915
4572 4 2 1 1 1664 1901 1861 1943
4573 4 2 1 1 1736 1865 1668 2049
4574 4 2 1 1 727 754 749 1825
4575 4 2 1 1 524 523 1931 2053
4576 4 2 1 1 1901 1924 1664 2017
4577 4 2 1 1 1756 2032 2024 2081
4578 4 2 1 1 928 690 717 1836
4579 4 2 1 1 1661 1865 1736 2049
4580 4 2 1 1 523 522 1983 2053
4581 4 2 1 1 1013 246 247 1778
4582 4 2 1 1 931 1024 1007 1750
4583 4 2 1 1 559 521 537 1881
4584 4 2 1 1 882 1930 876 1977
4585 4 2 1 1 1678 1740 1658 1864
4586 4 2 1 1 1687 1832 1669 1895
4587 4 2 1 1 756 717 700 1836
4588 4 2 1 1 544 1931 526 1947
4589 4 2 1 1 849 830 835 1926
4590 4 2 1 1 1705 1887 1783 2086
4591 4 2 1 1 748 733 762 1935
4592 4 2 1 1 559 539 1863 2008
4593 4 2 1 1 1654 1705 1730 1750
4594 4 2 1 1 968 969 2067 2068
4595 4 2 1 1 1826 1843 814 2046
4596 4 2 1 1 718 578 770 1846
4597 4 2 1 1 551 2044 639 2048
4598 4 2 1 1 1839 1868 1822 2078
4599 4 2 1 1 681 653 669 1854
4600 4 2 1 1 634 682 707 1795
4601 4 2 1 1 1855 1910 1789 1978
4602 4 2 1 1 1786 1938 1696 1948
4603 4 2 1 1 181 1082 182 2041
4604 4 2 1 1 1721 1813 1695 1981
4605 4 2 1 1 869 886 1900 2092
4606 4 2 1 1 1937 2024 1904 2082
4607 4 2 1 1 894 915 919 1930
4608 4 2 1 1 1899 1952 1772 1955
4609 4 2 1 1 1886 1911 1772 1971
4610 4 2 1 1 869 1824 870 2092
4611 4 2 1 1 918 1914 1786 2099
4612 4 2 1 1 1885 1965 1955 1975
4613 4 2 1 1 632 617 590 2107
4614 4 2 1 1 1659 1937 1904 2082
4615 4 2 1 1 741 2074 738 2078
4616 4 2 1 1 616 1800 1862 2056
4617 4 2 1 1 862 826 1914 2099
4618 4 2 1 1 677 696 637 1787
4619 4 2 1 1 1082 182 2041 2042
4620 4 2 1 1 777 847 809 2045
4621 4 2 1 1 1789 1893 1672 1910
4622 4 2 1 1 1038 978 1049 1873
4623 4 2 1 1 902 1835 921 1907
4624 4 2 1 1 703 639 1788 2048
4625 4 2 1 1 907 895 889 1839
4626 4 2 1 1 765 1986 746 2058
4627 4 2 1 1 823 774 825 1811
4628 4 2 1 1 1904 1949 1929 2106
4629 4 2 1 1 1652 1698 1694 1795
4630 4 2 1 1 639 2044 1788 2048
4631 4 2 1 1 922 921 864 1835
4632 4 2 1 1 1493 1496 1446 1796
4633 4 2 1 1 1911 1952 1658 1955
4634 4 2 1 1 1724 1842 1981 2097
4635 4 2 1 1 777 512 1997 2045
4636 4 2 1 1 1016 985 983 1973
4637 4 2 1 1 1446 1491 1492 1796
4638 4 2 1 1 673 1971 642 1998
4639 4 2 1 1 876 1695 1930 2019
4640 4 2 1 1 1714 1907 1843 1930
4641 4 2 1 1 512 848 553 2045
4642 4 2 1 1 792 790 791 2064
4643 4 2 1 1 1749 1929 1839 1949
4644 4 2 1 1 1721 1893 1981 2085
4645 4 2 1 1 1465 1464 1466 1984
4646 4 2 1 1 1787 1932 606 1979
4647 4 2 1 1 11 264 2069 2071
4648 4 2 1 1 527 536 554 1922
4649 4 2 1 1 1899 1932 1772 2060
4650 4 2 1 1 597 605 604 1845
4651 4 2 1 1 1048 1011 977 1874
4652 4 2 1 1 821 1987 1783 2020
4653 4 2 1 1 1661 1927 655 2049
4654 4 2 1 1 1466 1464 1467 1933
4655 4 2 1 1 735 1870 742 1921
4656 4 2 1 1 860 870 869 1824
4657 4 2 1 1 275 1885 21 1975
4658 4 2 1 1 718 563 578 1846
4659 4 2 1 1 1755 2024 2032 2081
4660 4 2 1 1 1665 1741 1891 1917
4661 4 2 1 1 787 1837 789 1938
4662 4 2 1 1 593 594 604 1845
4663 4 2 1 1 1755 1904 1660 2024
4664 4 2 1 1 1496 431 430 1796
4665 4 2 1 1 687 696 1888 1989
4666 4 2 1 1 682 681 707 1865
4667 4 2 1 1 1695 2085 1981 2092
4668 4 2 1 1 1667 1789 1910 2016
4669 4 2 1 1 858 896 1868 2078
4670 4 2 1 1 857 1858 898 2105
4671 4 2 1 1 840 808 1990 1994
4672 4 2 1 1 809 1776 1990 2045
4673 4 2 1 1 858 896 2078 2079
4674 4 2 1 1 691 692 635 1824
4675 4 2 1 1 594 593 592 1899
4676 4 2 1 1 659 1860 685 1937
4677 4 2 1 1 624 1886 585 1979
4678 4 2 1 1 1674 1682 1652 1793
4679 4 2 1 1 534 1833 530 2055
4680 4 2 1 1 1772 1952 1911 1955
4681 4 2 1 1 958 957 959 1770
4682 4 2 1 1 928 913 690 1836
4683 4 2 1 1 988 1044 1058 2067
4684 4 2 1 1 625 606 583 1979
4685 4 2 1 1 628 602 1989 2018
4686 4 2 1 1 825 1924 1811 1926
4687 4 2 1 1 1836 1953 698 1972
4688 4 2 1 1 1898 2039 1776 2045
4689 4 2 1 1 748 728 729 1846
4690 4 2 1 1 708 698 1953 1972
4691 4 2 1 1 1793 1983 1865 2059
4692 4 2 1 1 534 533 530 1833
4693 4 2 1 1 819 1901 1826 2017
4694 4 2 1 1 557 518 558 1846
4695 4 2 1 1 868 907 908 1836
4696 4 2 1 1 1751 1990 1879 2039
4697 4 2 1 1 1981 2085 1893 2092
4698 4 2 1 1 1847 1904 1749 2106
4699 4 2 1 1 1669 1895 1799 1931
4700 4 2 1 1 529 1869 528 1922
4701 4 2 1 1 1816 1868 920 2079
4702 4 2 1 1 514 843 552 1987
4703 4 2 1 1 1437 474 473 1744
4704 4 2 1 1 1798 1841 1695 1981
4705 4 2 1 1 428 1491 429 1796
4706 4 2 1 1 624 606 1932 1979
4707 4 2 1 1 1672 1910 1855 1978
4708 4 2 1 1 1724 1842 1663 1981
4709 4 2 1 1 1742 1902 1887 1976
4710 4 2 1 1 965 962 964 1875
4711 4 2 1 1 853 838 784 1816
4712 4 2 1 1 1863 1935 1764 2024
4713 4 2 1 1 1668 1658 1740 1864
4714 4 2 1 1 1904 1929 1749 2106
4715 4 2 1 1 1776 1895 1832 2089
4716 4 2 1 1 526 524 523 1931
4717 4 2 1 1 362 466 465 1942
4718 4 2 1 1 413 395 396 1872
4719 4 2 1 1 1955 1965 1666 1975
4720 4 2 1 1 545 1863 539 2008
4721 4 2 1 1 31 1852 1726 1906
4722 4 2 1 1 703 676 1788 2044
4723 4 2 1 1 873 872 2085 2092
4724 4 2 1 1 817 1799 845 2020
4725 4 2 1 1 1879 1990 1776 2039
4726 4 2 1 1 1784 1826 1714 1861
4727 4 2 1 1 1835 1907 1714 1945
4728 4 2 1 1 660 657 659 1951
4729 4 2 1 1 1051 975 942 2047
4730 4 2 1 1 734 1929 737 1980
4731 4 2 1 1 882 876 874 1977
4732 4 2 1 1 1658 1668 1774 1854
4733 4 2 1 1 1312 1405 1391 1309
4734 4 2 1 1 1658 1681 1678 1955
4735 4 2 1 1 446 447 174 1993
4736 4 2 1 1 477 1523 1514 1859
4737 4 2 1 1 821 806 844 1783
4738 4 2 1 1 1847 1929 1904 1980
4739 4 2 1 1 1671 1817 1771 2013
4740 4 2 1 1 529 535 531 1869
4741 4 2 1 1 1500 1520 1522 1859
4742 4 2 1 1 653 1854 2049 2052
4743 4 2 1 1 660 1855 1951 2021
4744 4 2 1 1 1741 1665 1891 2080
4745 4 2 1 1 1861 1901 1714 1943
4746 4 2 1 1 1672 1927 1824 1978
4747 4 2 1 1 1677 1756 1653 1879
4748 4 2 1 1 988 2067 1920 2068
4749 4 2 1 1 1668 1658 1864 2052
4750 4 2 1 1 474 1500 1451 1866
4751 4 2 1 1 812 1876 793 2046
4752 4 2 1 1 766 725 1836 2074
4753 4 2 1 1 1839 1929 1749 2074
4754 4 2 1 1 1675 1935 1882 1936
4755 4 2 1 1 601 1913 1823 1995
4756 4 2 1 1 705 515 550 2107
4757 4 2 1 1 852 1990 1825 2045
4758 4 2 1 1 1929 1972 1749 2074
4759 4 2 1 1 1656 1832 1722 2089
4760 4 2 1 1 934 980 1794 1817
4761 4 2 1 1 897 898 857 1858
4762 4 2 1 1 1658 1854 1774 1988
4763 4 2 1 1 947 1026 1033 2013
4764 4 2 1 1 666 659 685 1937
4765 4 2 1 1 1768 1977 1843 2040
4766 4 2 1 1 859 1843 832 1907
4767 4 2 1 1 508 576 719 1882
4768 4 2 1 1 991 993 992 2013
4769 4 2 1 1 1801 1888 1678 2061
4770 4 2 1 1 1012 1037 1031 1817
4771 4 2 1 1 595 1932 1899 2060
4772 4 2 1 1 1046 2047 1874 2067
4773 4 2 1 1 1833 1902 1800 1970
4774 4 2 1 1 15 2033 12 2034
4775 4 2 1 1 647 1888 1801 1939
4776 4 2 1 1 1529 1498 1515 1880
4777 4 2 1 1 1811 1924 825 1976
4778 4 2 1 1 647 648 638 1801
4779 4 2 1 1 689 691 869 1900
4780 4 2 1 1 617 1886 590 2107
4781 4 2 1 1 730 1935 748 1936
4782 4 2 1 1 1012 1778 1008 1817
4783 4 2 1 1 1451 1522 1517 1866
4784 4 2 1 1 838 778 785 1816
4785 4 2 1 1 475 403 476 1744
4786 4 2 1 1 1663 1707 1672 1744
4787 4 2 1 1 831 852 1990 1994
4788 4 2 1 1 171 444 172 1969
4789 4 2 1 1 1788 1881 1793 2048
4790 4 2 1 1 839 1991 785 2058
4791 4 2 1 1 1904 1937 1764 2024
4792 4 2 1 1 1475 422 421 1940
4793 4 2 1 1 1787 1917 2018 2100
4794 4 2 1 1 1759 1822 1948 1986
4795 4 2 1 1 1672 1663 1744 1981
4796 4 2 1 1 1824 1900 691 2104
4797 4 2 1 1 1823 1858 1665 1897
4798 4 2 1 1 971 972 970 2067
4799 4 2 1 1 1009 1057 1769 1848
4800 4 2 1 1 1801 1890 885 1939
4801 4 2 1 1 1491 1445 1504 1871
4802 4 2 1 1 1504 1506 1492 1871
4803 4 2 1 1 790 1950 1876 2064
4804 4 2 1 1 1672 1789 1910 1978
4805 4 2 1 1 956 957 958 1849
4806 4 2 1 1 536 527 523 1983
4807 4 2 1 1 1789 1749 1855 1953
4808 4 2 1 1 9 231 2091 2101
4809 4 2 1 1 1482 1483 1484 1871
4810 4 2 1 1 692 680 635 1934
4811 4 2 1 1 1661 1734 1736 1865
4812 4 2 1 1 680 697 1934 1978
4813 4 2 1 1 1660 1822 1929 1949
4814 4 2 1 1 716 632 577 2107
4815 4 2 1 1 841 1970 562 2056
4816 4 2 1 1 1675 1935 1863 2024
4817 4 2 1 1 548 1896 1800 2055
4818 4 2 1 1 982 981 986 1817
4819 4 2 1 1 718 770 755 1846
4820 4 2 1 1 583 637 711 1989
4821 4 2 1 1 516 783 1825 2045
4822 4 2 1 1 1489 1507 1484 1871
4823 4 2 1 1 1854 1911 1658 2052
4824 4 2 1 1 798 1887 820 1976
4825 4 2 1 1 796 794 818 1892
4826 4 2 1 1 409 386 387 2011
4827 4 2 1 1 542 532 1895 1931
4828 4 2 1 1 1787 1762 1989 2018
4829 4 2 1 1 1695 1977 1779 2085
4830 4 2 1 1 1721 1695 1779 2085
4831 4 2 1 1 632 590 577 2107
4832 4 2 1 1 1749 1953 1789 2026
4833 4 2 1 1 1494 1506 1521 1880
4834 4 2 1 1 899 689 869 1900
4835 4 2 1 1 1675 1882 1870 2039
4836 4 2 1 1 1482 1480 1481 1790
4837 4 2 1 1 551 513 639 2044
4838 4 2 1 1 513 702 639 2044
4839 4 2 1 1 1184 1096 1151 1831
4840 4 2 1 1 944 1049 976 1874
4841 4 2 1 1 847 816 1832 1997
4842 4 2 1 1 1652 1922 1795 1983
4843 4 2 1 1 918 1915 890 2065
4844 4 2 1 1 1477 1479 1480 1790
4845 4 2 1 1 759 926 722 2079
4846 4 2 1 1 873 2019 877 2092
4847 4 2 1 1 585 1886 641 1979
4848 4 2 1 1 849 1924 1926 2093
4849 4 2 1 1 657 655 656 1951
4850 4 2 1 1 1660 1725 1822 1949
4851 4 2 1 1 780 1970 1902 1987
4852 4 2 1 1 444 445 172 1969
4853 4 2 1 1 1759 1986 1816 2058
4854 4 2 1 1 1787 1917 1762 2018
4855 4 2 1 1 793 1876 790 1950
4856 4 2 1 1 1665 1858 1823 2080
4857 4 2 1 1 1721 1779 1977 2085
4858 4 2 1 1 718 755 699 1846
4859 4 2 1 1 965 964 966 1875
4860 4 2 1 1 562 1970 517 2056
4861 4 2 1 1 658 670 669 1854
4862 4 2 1 1 1672 1707 1663 1927
4863 4 2 1 1 1824 1893 870 2092
4864 4 2 1 1 810 1835 776 1907
4865 4 2 1 1 1765 1952 1676 2007
4866 4 2 1 1 851 841 562 2056
4867 4 2 1 1 646 647 638 1939
4868 4 2 1 1 1671 1654 1690 1884
4869 4 2 1 1 858 896 895 1868
4870 4 2 1 1 1013 247 941 1778
4871 4 2 1 1 1832 1895 1776 1997
4872 4 2 1 1 1795 1922 1761 1998
4873 4 2 1 1 865 644 900 1939
4874 4 2 1 1 890 918 917 1915
4875 4 2 1 1 713 1847 686 2021
4876 4 2 1 1 780 514 1970 1987
4877 4 2 1 1 770 578 728 1846
4878 4 2 1 1 709 673 642 1998
4879 4 2 1 1 459 458 1850 1984
4880 4 2 1 1 849 1924 825 1926
4881 4 2 1 1 652 650 651 1864
4882 4 2 1 1 557 1863 545 1936
4883 4 2 1 1 1658 1996 1864 2052
4884 4 2 1 1 1824 692 1978 2104
4885 4 2 1 1 765 746 753 2058
4886 4 2 1 1 1816 1991 1759 2058
4887 4 2 1 1 1667 1839 1822 1949
4888 4 2 1 1 698 690 643 1953
4889 4 2 1 1 832 1843 814 1907
4890 4 2 1 1 684 651 1864 2052
4891 4 2 1 1 918 862 1914 2099
4892 4 2 1 1 650 648 649 1864
4893 4 2 1 1 614 850 779 1862
4894 4 2 1 1 1675 1756 1677 1879
4895 4 2 1 1 40 39 27 277
4896 4 2 1 1 594 596 597 1899
4897 4 2 1 1 1712 1834 1696 1837
4898 4 2 1 1 649 1888 663 1996
4899 4 2 1 1 904 899 886 1900
4900 4 2 1 1 937 1052 963 1770
4901 4 2 1 1 261 1009 260 1848
4902 4 2 1 1 836 620 854 1844
4903 4 2 1 1 561 546 570 1825
4904 4 2 1 1 646 900 644 1939
4905 4 2 1 1 735 734 732 1870
4906 4 2 1 1 188 1957 163 1966
4907 4 2 1 1 1893 2085 872 2092
4908 4 2 1 1 915 1843 859 1907
4909 4 2 1 1 852 1825 783 2045
4910 4 2 1 1 662 1855 697 1978
4911 4 2 1 1 692 1824 691 2104
4912 4 2 1 1 786 827 1914 1938
4913 4 2 1 1 782 854 929 1844
4914 4 2 1 1 1838 1886 1772 1971
4915 4 2 1 1 861 904 885 1801
4916 4 2 1 1 512 777 848 2045
4917 4 2 1 1 1901 1924 804 2093
4918 4 2 1 1 1826 1861 1784 2010
4919 4 2 1 1 1672 1711 1661 1951
4920 4 2 1 1 1672 1661 1927 1951
4921 4 2 1 1 1765 1676 2003 2007
4922 4 2 1 1 1787 1932 1917 2100
4923 4 2 1 1 1768 1840 1779 1915
4924 4 2 1 1 843 552 1987 2020
4925 4 2 1 1 549 709 511 1998
4926 4 2 1 1 1714 1784 1733 1930
4927 4 2 1 1 571 1970 514 1987
4928 4 2 1 1 510 520 2048 2059
4929 4 2 1 1 1033 1817 1008 2013
4930 4 2 1 1 1904 1929 1660 1980
4931 4 2 1 1 179 178 451 2037
4932 4 2 1 1 1670 1655 1931 1947
4933 4 2 1 1 1658 1952 1911 1988
4934 4 2 1 1 268 1148 269 2043
4935 4 2 1 1 1522 1481 1479 1790
4936 4 2 1 1 206 16 230 2034
4937 4 2 1 1 738 739 760 1822
4938 4 2 1 1 877 2019 1841 2092
4939 4 2 1 1 1039 2014 1040 2015
4940 4 2 1 1 672 674 641 1979
4941 4 2 1 1 579 589 631 2056
4942 4 2 1 1 801 1826 814 2046
4943 4 2 1 1 259 1005 258 1769
4944 4 2 1 1 1667 1822 1868 1948
4945 4 2 1 1 907 1839 889 2026
4946 4 2 1 1 671 674 672 1911
4947 4 2 1 1 1662 1711 1758 1951
4948 4 2 1 1 1492 1494 1493 1880
4949 4 2 1 1 1935 1980 1764 2024
4950 4 2 1 1 1657 1899 1932 1955
4951 4 2 1 1 1733 1798 1724 1841
4952 4 2 1 1 1018 1040 1020 1884
4953 4 2 1 1 588 929 633 1844
4954 4 2 1 1 814 801 819 1826
4955 4 2 1 1 826 773 916 1914
4956 4 2 1 1 807 1916 803 1990
4957 4 2 1 1 806 820 798 1887
4958 4 2 1 1 562 517 579 2056
4959 4 2 1 1 425 424 1444 1974
4960 4 2 1 1 240 1827 953 2028
4961 4 2 1 1 636 750 1847 2025
4962 4 2 1 1 1833 1947 1783 1987
4963 4 2 1 1 663 687 696 1888
4964 4 2 1 1 802 820 822 1976
4965 4 2 1 1 712 675 1886 2107
4966 4 2 1 1 542 524 1931 2053
4967 4 2 1 1 537 1881 525 2008
4968 4 2 1 1 446 427 428 1993
4969 4 2 1 1 429 430 449 1993
4970 4 2 1 1 428 447 446 1993
4971 4 2 1 1 782 929 912 1844
4972 4 2 1 1 749 719 576 1882
4973 4 2 1 1 273 1149 272 1781
4974 4 2 1 1 1888 1890 1801 1939
4975 4 2 1 1 1479 1477 1478 1940
4976 4 2 1 1 1512 1503 1457 1925
4977 4 2 1 1 1662 1659 1711 1951
4978 4 2 1 1 738 1822 760 2078
4979 4 2 1 1 104 869 689 691
4980 4 2 1 1 1893 1910 1789 2016
4981 4 2 1 1 1902 1970 1833 1987
4982 4 2 1 1 265 940 967 2069
4983 4 2 1 1 868 928 725 1836
4984 4 2 1 1 1672 1661 1711 1747
4985 4 2 1 1 597 596 598 2100
4986 4 2 1 1 862 826 916 1914
4987 4 2 1 1 821 1902 1783 1987
4988 4 2 1 1 755 748 723 1846
4989 4 2 1 1 1742 2003 1845 2057
4990 4 2 1 1 741 1839 2074 2078
4991 4 2 1 1 598 601 607 1913
4992 4 2 1 1 1762 1890 1888 1939
4993 4 2 1 1 731 1870 1882 2077
4994 4 2 1 1 554 535 529 1998
4995 4 2 1 1 691 105 869 860
4996 4 2 1 1 607 597 598 1913
4997 4 2 1 1 1870 2039 1882 2077
4998 4 2 1 1 866 1816 784 2099
4999 4 2 1 1 954 959 957 1908
5000 4 2 1 1 660 1855 662 1951
5001 4 2 1 1 1879 2032 1878 2070
5002 4 2 1 1 718 645 563 1846
5003 4 2 1 1 746 739 745 1986
5004 4 2 1 1 458 459 1455 1984
5005 4 2 1 1 1721 1779 1915 1977
5006 4 2 1 1 1676 1800 1896 2055
5007 4 2 1 1 538 525 540 1898
5008 4 2 1 1 1784 1798 1733 1930
5009 4 2 1 1 899 638 103 689
5010 4 2 1 1 480 376 481 1954
5011 4 2 1 1 1659 1951 1855 2021
5012 4 2 1 1 1733 1930 1798 2019
5013 4 2 1 1 649 684 651 1864
5014 4 2 1 1 914 915 893 1843
5015 4 2 1 1 1847 1749 2021 2106
5016 4 2 1 1 691 635 105 860
5017 4 2 1 1 265 264 268 2072
5018 4 2 1 1 265 268 269 2072
5019 4 2 1 1 1714 1930 1733 2019
5020 4 2 1 1 1847 1749 1972 2021
5021 4 2 1 1 679 1978 692 2104
5022 4 2 1 1 1670 1947 1799 2086
5023 4 2 1 1 1670 1931 1799 1947
5024 4 2 1 1 1751 2039 1870 2077
5025 4 2 1 1 1704 1779 1671 1840
5026 4 2 1 1 830 836 835 1844
5027 4 2 1 1 1050 966 1875 1883
5028 4 2 1 1 1733 1841 1724 2061
5029 4 2 1 1 175 448 176 1993
5030 4 2 1 1 1678 1681 1797 1891
5031 4 2 1 1 638 102 646 861
5032 4 2 1 1 206 15 16 2034
5033 4 2 1 1 694 636 721 1847
5034 4 2 1 1 1745 1780 2003 2102
5035 4 2 1 1 780 843 514 1987
5036 4 2 1 1 449 448 429 1993
5037 4 2 1 1 1505 1515 1498 1880
5038 4 2 1 1 562 579 851 2056
5039 4 2 1 1 600 622 1823 2018
5040 4 2 1 1 750 721 636 1847
5041 4 2 1 1 641 701 612 1979
5042 4 2 1 1 156 954 2101 2103
5043 4 2 1 1 865 1912 644 1939
5044 4 2 1 1 1953 2026 1836 2098
5045 4 2 1 1 862 781 826 2099
5046 4 2 1 1 914 1843 893 2040
5047 4 2 1 1 508 545 1882 1936
5048 4 2 1 1 104 869 899 689
5049 4 2 1 1 1824 1978 1927 2104
5050 4 2 1 1 1751 2039 1879 2073
5051 4 2 1 1 1028 2068 134 2076
5052 4 2 1 1 767 743 1889 1921
5053 4 2 1 1 31 1726 1905 1906
5054 4 2 1 1 102 900 646 861
5055 4 2 1 1 1657 1823 1723 1917
5056 4 2 1 1 1749 1836 2026 2074
5057 4 2 1 1 886 877 904 1841
5058 4 2 1 1 618 1912 628 1989
5059 4 2 1 1 740 763 737 1929
5060 4 2 1 1 1749 2026 1839 2074
5061 4 2 1 1 679 1927 1978 2104
5062 4 2 1 1 874 1977 1695 2085
5063 4 2 1 1 794 792 1892 1950
5064 4 2 1 1 1749 1953 1836 1972
5065 4 2 1 1 627 1844 1995 2105
5066 4 2 1 1 659 665 660 2021
5067 4 2 1 1 1653 1881 1677 2008
5068 4 2 1 1 1904 1725 1949 2106
5069 4 2 1 1 1712 1834 1837 2073
5070 4 2 1 1 783 852 837 1825
5071 4 2 1 1 786 1914 826 2099
5072 4 2 1 1 545 538 1898 2008
5073 4 2 1 1 805 804 1924 2093
5074 4 2 1 1 778 839 785 2058
5075 4 2 1 1 861 885 900 1939
5076 4 2 1 1 722 926 858 2079
5077 4 2 1 1 944 243 244 1737
5078 4 2 1 1 1668 1854 1658 2052
5079 4 2 1 1 789 1837 803 2064
5080 4 2 1 1 734 736 737 1929
5081 4 2 1 1 1946 2062 300 2063
5082 4 2 1 1 1656 1712 1696 1837
5083 4 2 1 1 1789 909 2026 2098
5084 4 2 1 1 584 857 621 2105
5085 4 2 1 1 1721 1915 1667 2016
5086 4 2 1 1 781 862 903 2099
5087 4 2 1 1 861 638 103 899
5088 4 2 1 1 922 898 1858 2105
5089 4 2 1 1 1672 1661 1747 1927
5090 4 2 1 1 167 441 168 1968
5091 4 2 1 1 380 407 29 1769
5092 4 2 1 1 766 741 725 2074
5093 4 2 1 1 269 1831 270 2043
5094 4 2 1 1 741 738 760 2078
5095 4 2 1 1 694 1847 721 1972
5096 4 2 1 1 530 1869 531 2055
5097 4 2 1 1 686 1972 708 2021
5098 4 2 1 1 597 607 605 1913
5099 4 2 1 1 583 711 613 1989
5100 4 2 1 1 743 735 742 1921
5101 4 2 1 1 884 922 898 1858
5102 4 2 1 1 1662 1672 1758 1910
5103 4 2 1 1 732 730 731 1935
5104 4 2 1 1 408 400 399 1944
5105 4 2 1 1 791 789 803 2064
5106 4 2 1 1 558 1863 1846 2044
5107 4 2 1 1 1929 1949 1749 2106
5108 4 2 1 1 1901 1943 1924 2093
5109 4 2 1 1 574 507 581 1896
5110 4 2 1 1 869 870 886 2092
5111 4 2 1 1 1525 1514 1488 1871
5112 4 2 1 1 740 1972 763 2074
5113 4 2 1 1 255 256 945 2009
5114 4 2 1 1 303 274 273 2091
5115 4 2 1 1 139 1874 1794 1920
5116 4 2 1 1 1772 1932 1899 1955
5117 4 2 1 1 808 831 852 1990
5118 4 2 1 1 1787 1932 1772 1955
5119 4 2 1 1 703 639 676 2044
5120 4 2 1 1 819 1826 795 2017
5121 4 2 1 1 1841 1900 886 2092
5122 4 2 1 1 399 407 408 1944
5123 4 2 1 1 1721 1852 1813 1981
5124 4 2 1 1 819 801 795 1826
5125 4 2 1 1 741 722 761 2078
5126 4 2 1 1 1674 1685 1688 1865
5127 4 2 1 1 808 807 803 1990
5128 4 2 1 1 1479 1481 1480 1790
5129 4 2 1 1 787 811 789 1837
5130 4 2 1 1 1656 1837 1696 2064
5131 4 2 1 1 1904 1764 1980 2024
5132 4 2 1 1 32 1726 31 1852
5133 4 2 1 1 1864 2049 1668 2052
5134 4 2 1 1 155 1042 156 2103
5135 4 2 1 1 804 1901 819 2017
5136 4 2 1 1 1478 1519 1517 1940
5137 4 2 1 1 667 666 676 1937
5138 4 2 1 1 1021 1001 1020 1883
5139 4 2 1 1 1653 1687 1669 1895
5140 4 2 1 1 722 858 2078 2079
5141 4 2 1 1 1811 1924 1752 1926
5142 4 2 1 1 568 570 541 2045
5143 4 2 1 1 1672 1893 1824 1981
5144 4 2 1 1 1714 1835 1901 1907
5145 4 2 1 1 241 942 1041 1827
5146 4 2 1 1 1834 1948 1725 2023
5147 4 2 1 1 1658 1911 1854 1988
5148 4 2 1 1 1005 943 258 1875
5149 4 2 1 1 712 716 675 2107
5150 4 2 1 1 916 826 129 773
5151 4 2 1 1 1687 1709 1701 1832
5152 4 2 1 1 1659 1860 1711 1951
5153 4 2 1 1 517 589 579 2056
5154 4 2 1 1 1772 1932 1787 1979
5155 4 2 1 1 828 127 914 859
5156 4 2 1 1 902 776 125 864
5157 4 2 1 1 1667 2016 1915 2065
5158 4 2 1 1 756 725 768 1836
5159 4 2 1 1 1751 1990 1825 1994
5160 4 2 1 1 1708 1753 1655 1765
5161 4 2 1 1 739 760 1822 2078
5162 4 2 1 1 273 302 303 2091
5163 4 2 1 1 794 792 799 1892
5164 4 2 1 1 1652 1679 1669 2053
5165 4 2 1 1 1044 2067 988 2068
5166 4 2 1 1 1663 1668 1724 1864
5167 4 2 1 1 826 129 862 916
5168 4 2 1 1 1905 1906 1726 1910
5169 4 2 1 1 1681 1955 1666 1975
5170 4 2 1 1 673 634 707 1998
5171 4 2 1 1 816 815 847 1832
5172 4 2 1 1 542 532 543 1895
5173 4 2 1 1 402 1437 369 473
5174 4 2 1 1 1751 1921 1870 2073
5175 4 2 1 1 1657 1932 1917 1955
5176 4 2 1 1 628 603 2018 2075
5177 4 2 1 1 636 1847 713 2025
5178 4 2 1 1 607 608 629 1913
5179 4 2 1 1 444 425 445 1969
5180 4 2 1 1 426 445 425 1969
5181 4 2 1 1 670 1911 710 1971
5182 4 2 1 1 1712 1837 1656 1916
5183 4 2 1 1 594 597 604 1845
5184 4 2 1 1 550 1971 642 2107
5185 4 2 1 1 441 440 421 1967
5186 4 2 1 1 732 734 733 1935
5187 4 2 1 1 847 815 807 1916
5188 4 2 1 1 900 865 101 644
5189 4 2 1 1 656 661 685 1860
5190 4 2 1 1 1523 1516 1488 1871
5191 4 2 1 1 660 662 657 1951
5192 4 2 1 1 733 1935 734 1980
5193 4 2 1 1 430 1446 1496 1796
5194 4 2 1 1 905 1912 865 1939
5195 4 2 1 1 1752 1913 1811 1926
5196 4 2 1 1 53 510 551 2048
5197 4 2 1 1 646 900 101 644
5198 4 2 1 1 1751 1994 1825 2077
5199 4 2 1 1 1721 1779 1695 1813
5200 4 2 1 1 726 765 758 1816
5201 4 2 1 1 428 1796 429 1993
5202 4 2 1 1 1695 1798 1930 2019
5203 4 2 1 1 1661 1711 1860 1951
5204 4 2 1 1 267 266 1894 2071
5205 4 2 1 1 266 267 1022 1928
5206 4 2 1 1 622 603 584 1897
5207 4 2 1 1 693 713 667 2025
5208 4 2 1 1 1889 1921 1759 2058
5209 4 2 1 1 1021 966 1024 1883
5210 4 2 1 1 1653 1720 1713 2089
5211 4 2 1 1 1839 2026 1836 2074
5212 4 2 1 1 683 2048 1793 2059
5213 4 2 1 1 831 1990 808 1994
5214 4 2 1 1 828 832 127 859
5215 4 2 1 1 800 825 1924 1976
5216 4 2 1 1 1799 1947 565 2020
5217 4 2 1 1 1675 1863 1935 1936
5218 4 2 1 1 1019 1002 943 1883
5219 4 2 1 1 644 1912 687 1939
5220 4 2 1 1 1913 1926 1752 1995
5221 4 2 1 1 806 821 820 1902
5222 4 2 1 1 622 601 1823 1995
5223 4 2 1 1 832 814 833 1907
5224 4 2 1 1 1027 1056 955 1867
5225 4 2 1 1 821 843 1987 2020
5226 4 2 1 1 1707 1927 1661 2049
5227 4 2 1 1 1037 987 1031 1817
5228 4 2 1 1 429 1491 1446 1796
5229 4 2 1 1 1695 1784 1779 1977
5230 4 2 1 1 387 409 2011 2012
5231 4 2 1 1 1657 1723 1823 2080
5232 4 2 1 1 669 1854 653 2052
5233 4 2 1 1 1657 1917 1932 2100
5234 4 2 1 1 813 1843 828 2040
5235 4 2 1 1 301 272 13 2091
5236 4 2 1 1 763 721 1847 1972
5237 4 2 1 1 574 581 611 1896
5238 4 2 1 1 686 1847 1972 2021
5239 4 2 1 1 421 422 441 1967
5240 4 2 1 1 1678 1891 1741 1917
5241 4 2 1 1 873 872 874 2085
5242 4 2 1 1 521 510 520 2048
5243 4 2 1 1 1033 1026 995 2013
5244 4 2 1 1 432 1447 1497 1782
5245 4 2 1 1 814 828 813 1843
5246 4 2 1 1 1721 1910 1893 2016
5247 4 2 1 1 600 1823 601 2100
5248 4 2 1 1 642 705 550 2107
5249 4 2 1 1 1695 1841 1798 2019
5250 4 2 1 1 450 178 177 1992
5251 4 2 1 1 915 914 859 1843
5252 4 2 1 1 1695 1798 1784 1930
5253 4 2 1 1 558 559 539 1863
5254 4 2 1 1 14 158 183 2002
5255 4 2 1 1 954 1023 1054 2101
5256 4 2 1 1 1752 1844 1858 1995
5257 4 2 1 1 679 1927 655 1951
5258 4 2 1 1 528 529 530 1869
5259 4 2 1 1 634 709 549 1998
5260 4 2 1 1 539 545 557 1863
5261 4 2 1 1 813 814 1843 2046
5262 4 2 1 1 165 439 166 1967
5263 4 2 1 1 309 1946 2063 2087
5264 4 2 1 1 1768 1915 1779 1977
5265 4 2 1 1 982 986 987 1817
5266 4 2 1 1 603 1897 2018 2075
5267 4 2 1 1 532 1931 544 1947
5268 4 2 1 1 669 658 1854 2052
5269 4 2 1 1 236 232 233 2091
5270 4 2 1 1 1048 978 1016 1874
5271 4 2 1 1 896 920 1868 2079
5272 4 2 1 1 1799 1947 1783 2086
5273 4 2 1 1 739 1822 1986 2078
5274 4 2 1 1 1082 1181 182 2042
5275 4 2 1 1 669 653 658 2052
5276 4 2 1 1 516 1825 570 2045
5277 4 2 1 1 231 10 9 2091
5278 4 2 1 1 1858 1995 1823 2080
5279 4 2 1 1 1752 1995 1858 2080
5280 4 2 1 1 1901 1835 1943 2093
5281 4 2 1 1 1663 1900 1824 2104
5282 4 2 1 1 584 1897 603 2075
5283 4 2 1 1 688 687 1912 1989
5284 4 2 1 1 727 757 754 1825
5285 4 2 1 1 152 932 153 1960
5286 4 2 1 1 1033 1036 1817 2013
5287 4 2 1 1 1053 953 1022 1830
5288 4 2 1 1 396 1737 414 1872
5289 4 2 1 1 614 779 586 1862
5290 4 2 1 1 885 1890 905 1939
5291 4 2 1 1 27 277 39 1905
5292 4 2 1 1 915 859 919 1907
5293 4 2 1 1 550 535 511 1998
5294 4 2 1 1 994 992 993 2013
5295 4 2 1 1 13 14 301 2091
5296 4 2 1 1 163 437 164 1966
5297 4 2 1 1 1686 1670 1799 2086
5298 4 2 1 1 833 810 776 1907
5299 4 2 1 1 1026 947 1017 2013
5300 4 2 1 1 793 812 790 1876
5301 4 2 1 1 870 1893 872 2092
5302 4 2 1 1 222 199 223 1993
5303 4 2 1 1 199 222 198 1993
5304 4 2 1 1 1523 478 1453 2051
5305 4 2 1 1 509 772 564 2020
5306 4 2 1 1 1151 487 277 464
5307 4 2 1 1 1704 1873 1874 1973
5308 4 2 1 1 995 993 991 2013
5309 4 2 1 1 1705 1708 1780 1803
5310 4 2 1 1 302 236 237 2091
5311 4 2 1 1 237 303 302 2091
5312 4 2 1 1 700 717 690 1836
5313 4 2 1 1 890 1915 875 2016
5314 4 2 1 1 570 516 561 1825
5315 4 2 1 1 1870 1921 1660 2073
5316 4 2 1 1 542 567 540 1895
5317 4 2 1 1 1835 1901 810 2093
5318 4 2 1 1 233 237 236 2091
5319 4 2 1 1 1847 2021 1904 2106
5320 4 2 1 1 1672 1808 1852 1981
5321 4 2 1 1 765 1986 1816 2079
5322 4 2 1 1 1823 1723 1917 2080
5323 4 2 1 1 1657 1823 1917 2100
5324 4 2 1 1 800 802 825 1976
5325 4 2 1 1 810 834 776 1835
5326 4 2 1 1 679 655 657 1951
5327 4 2 1 1 719 508 1882 1936
5328 4 2 1 1 1667 1910 1721 2016
5329 4 2 1 1 1752 1924 1943 2093
5330 4 2 1 1 1843 2040 813 2046
5331 4 2 1 1 1855 1951 1672 1978
5332 4 2 1 1 1750 1654 1792 1884
5333 4 2 1 1 629 605 607 1913
5334 4 2 1 1 612 585 641 1979
5335 4 2 1 1 902 921 919 1907
5336 4 2 1 1 812 793 801 2046
5337 4 2 1 1 686 1847 694 1972
5338 4 2 1 1 1776 1916 1879 2089
5339 4 2 1 1 1656 1696 1738 1748
5340 4 2 1 1 728 578 518 1846
5341 4 2 1 1 533 1833 571 1987
5342 4 2 1 1 1841 2019 1695 2092
5343 4 2 1 1 1668 2049 1854 2052
5344 4 2 1 1 941 1012 1031 1817
5345 4 2 1 1 679 1951 662 1978
5346 4 2 1 1 309 1946 300 2063
5347 4 2 1 1 682 634 706 2059
5348 4 2 1 1 780 1902 821 1987
5349 4 2 1 1 679 657 662 1951
5350 4 2 1 1 1725 1948 1822 1949
5351 4 2 1 1 413 412 393 1872
5352 4 2 1 1 997 1884 1010 2013
5353 4 2 1 1 731 719 1882 1936
5354 4 2 1 1 996 1017 1029 2013
5355 4 2 1 1 1467 1449 1468 2096
5356 4 2 1 1 1672 1758 1711 1951
5357 4 2 1 1 723 748 762 2025
5358 4 2 1 1 1018 1035 1040 1884
5359 4 2 1 1 1675 1677 1756 2024
5360 4 2 1 1 1779 1840 1721 1915
5361 4 2 1 1 871 872 870 1893
5362 4 2 1 1 560 1838 555 2107
5363 4 2 1 1 1672 1747 1707 1927
5364 4 2 1 1 661 682 683 2059
5365 4 2 1 1 136 933 137 1920
5366 4 2 1 1 649 663 684 1996
5367 4 2 1 1 1013 941 1025 1817
5368 4 2 1 1 274 275 1850 1975
5369 4 2 1 1 509 552 772 2020
5370 4 2 1 1 1725 1894 1834 2023
5371 4 2 1 1 2032 2070 1879 2073
5372 4 2 1 1 866 131 903 2099
5373 4 2 1 1 918 903 862 2099
5374 4 2 1 1 1695 1930 1784 1977
5375 4 2 1 1 14 10 235 2091
5376 4 2 1 1 235 10 231 2091
5377 4 2 1 1 565 532 544 1947
5378 4 2 1 1 602 599 625 2018
5379 4 2 1 1 1876 1950 1656 2064
5380 4 2 1 1 726 1816 911 2079
5381 4 2 1 1 20 271 1184 1757
5382 4 2 1 1 408 409 401 2097
5383 4 2 1 1 401 400 408 2097
5384 4 2 1 1 1915 2016 890 2065
5385 4 2 1 1 583 613 625 1989
5386 4 2 1 1 601 600 622 1823
5387 4 2 1 1 595 624 606 1932
5388 4 2 1 1 1761 1911 1952 1988
5389 4 2 1 1 620 588 633 1844
5390 4 2 1 1 411 391 412 1778
5391 4 2 1 1 433 452 432 2037
5392 4 2 1 1 875 1915 892 2085
5393 4 2 1 1 677 663 696 1996
5394 4 2 1 1 681 1865 654 2049
5395 4 2 1 1 220 219 195 1969
5396 4 2 1 1 196 220 195 1969
5397 4 2 1 1 1837 1938 1696 2064
5398 4 2 1 1 520 523 522 1983
5399 4 2 1 1 688 1912 618 1989
5400 4 2 1 1 21 1183 1856 2062
5401 4 2 1 1 156 954 157 2101
5402 4 2 1 1 1891 1917 1723 2080
5403 4 2 1 1 402 410 411 2097
5404 4 2 1 1 411 403 402 2097
5405 4 2 1 1 794 795 793 1950
5406 4 2 1 1 623 584 603 2075
5407 4 2 1 1 687 1888 647 1939
5408 4 2 1 1 547 560 507 1896
5409 4 2 1 1 1013 246 1778 1872
5410 4 2 1 1 730 748 729 1936
5411 4 2 1 1 871 901 909 1934
5412 4 2 1 1 901 909 1934 2098
5413 4 2 1 1 606 625 599 1932
5414 4 2 1 1 541 540 568 1898
5415 4 2 1 1 277 1905 27 2027
5416 4 2 1 1 1749 1836 1953 2026
5417 4 2 1 1 819 804 833 1901
5418 4 2 1 1 832 828 814 1843
5419 4 2 1 1 972 971 2047 2067
5420 4 2 1 1 1035 997 998 1884
5421 4 2 1 1 843 772 552 2020
5422 4 2 1 1 1854 1911 1761 1988
5423 4 2 1 1 130 903 781 862
5424 4 2 1 1 662 1951 1855 1978
5425 4 2 1 1 530 531 547 2055
5426 4 2 1 1 53 704 510 2048
5427 4 2 1 1 1725 2082 1851 2106
5428 4 2 1 1 822 820 842 1902
5429 4 2 1 1 828 1843 914 2040
5430 4 2 1 1 955 1056 234 1867
5431 4 2 1 1 804 810 1901 2093
5432 4 2 1 1 167 440 441 1967
5433 4 2 1 1 862 781 130 826
5434 4 2 1 1 896 920 891 1868
5435 4 2 1 1 231 1054 1023 2101
5436 4 2 1 1 542 524 532 1931
5437 4 2 1 1 877 1841 886 2092
5438 4 2 1 1 1664 1887 1705 2017
5439 4 2 1 1 967 940 2068 2069
5440 4 2 1 1 916 1914 773 2040
5441 4 2 1 1 736 735 745 1921
5442 4 2 1 1 474 1436 475 1744
5443 4 2 1 1 810 834 1835 2093
5444 4 2 1 1 652 655 1927 2049
5445 4 2 1 1 866 784 131 2099
5446 4 2 1 1 608 1913 607 1995
5447 4 2 1 1 1726 1725 1948 2023
5448 4 2 1 1 887 872 1893 2016
5449 4 2 1 1 784 1816 785 2099
5450 4 2 1 1 1910 1949 1909 2106
5451 4 2 1 1 1838 2060 1886 2107
5452 4 2 1 1 920 1816 866 2099
5453 4 2 1 1 804 819 797 2017
5454 4 2 1 1 977 1046 974 1874
5455 4 2 1 1 432 452 451 2037
5456 4 2 1 1 1443 422 1475 1940
5457 4 2 1 1 579 631 851 2056
5458 4 2 1 1 710 642 673 1971
5459 4 2 1 1 1678 1724 1740 1864
5460 4 2 1 1 1893 2016 872 2085
5461 4 2 1 1 973 2047 1046 2067
5462 4 2 1 1 850 823 779 1862
5463 4 2 1 1 1705 1887 1654 2017
5464 4 2 1 1 636 686 713 1847
5465 4 2 1 1 1453 1521 1516 2051
5466 4 2 1 1 867 929 588 1844
5467 4 2 1 1 416 436 435 2005
5468 4 2 1 1 928 868 913 1836
5469 4 2 1 1 652 653 2049 2052
5470 4 2 1 1 233 232 1849 2091
5471 4 2 1 1 767 1889 720 2058
5472 4 2 1 1 1730 1664 1861 1943
5473 4 2 1 1 731 1882 754 2077
5474 4 2 1 1 601 607 1913 1995
5475 4 2 1 1 643 913 108 863
5476 4 2 1 1 1437 1436 474 1744
5477 4 2 1 1 773 1914 827 2040
5478 4 2 1 1 911 866 920 1816
5479 4 2 1 1 898 897 884 1858
5480 4 2 1 1 1752 1943 1835 2093
5481 4 2 1 1 772 67 509 564
5482 4 2 1 1 1917 1932 1787 1955
5483 4 2 1 1 652 651 653 2052
5484 4 2 1 1 590 556 577 2107
5485 4 2 1 1 1707 1747 1661 1927
5486 4 2 1 1 966 1019 1047 1883
5487 4 2 1 1 563 558 1846 2044
5488 4 2 1 1 1665 1945 1733 1982
5489 4 2 1 1 1964 1965 1952 2007
5490 4 2 1 1 1657 1823 1913 2080
5491 4 2 1 1 1714 1901 1835 1943
5492 4 2 1 1 235 301 14 2091
5493 4 2 1 1 1653 1756 1718 1879
5494 4 2 1 1 1672 1744 1707 1923
5495 4 2 1 1 813 827 812 2046
5496 4 2 1 1 1752 1926 1924 2093
5497 4 2 1 1 668 708 698 1953
5498 4 2 1 1 379 483 482 1906
5499 4 2 1 1 429 1446 430 1796
5500 4 2 1 1 1798 1841 1733 2019
5501 4 2 1 1 672 1886 675 1971
5502 4 2 1 1 752 1889 743 1994
5503 4 2 1 1 453 1086 457 1083
5504 4 2 1 1 1475 421 1442 1940
5505 4 2 1 1 677 637 674 1979
5506 4 2 1 1 512 553 568 2045
5507 4 2 1 1 555 560 531 1838
5508 4 2 1 1 790 1876 788 2064
5509 4 2 1 1 1009 946 260 1769
5510 4 2 1 1 439 419 420 1966
5511 4 2 1 1 934 1817 1794 1973
5512 4 2 1 1 1657 1913 1823 2100
5513 4 2 1 1 873 876 877 2019
5514 4 2 1 1 790 812 788 1876
5515 4 2 1 1 765 1816 726 2079
5516 4 2 1 1 522 525 1881 2053
5517 4 2 1 1 1714 1943 1835 1945
5518 4 2 1 1 1721 1977 1915 2085
5519 4 2 1 1 508 545 546 1882
5520 4 2 1 1 106 860 635 1934
5521 4 2 1 1 1915 875 2016 2085
5522 4 2 1 1 864 776 125 834
5523 4 2 1 1 106 901 860 1934
5524 4 2 1 1 1742 1811 1976 2057
5525 4 2 1 1 17 18 1891 2063
5526 4 2 1 1 701 583 612 1979
5527 4 2 1 1 234 17 18 1885
5528 4 2 1 1 1672 1852 1808 1910
5529 4 2 1 1 695 1934 697 2098
5530 4 2 1 1 881 897 910 1897
5531 4 2 1 1 1652 1682 1669 1700
5532 4 2 1 1 1749 1972 1836 2074
5533 4 2 1 1 1667 1822 1948 1949
5534 4 2 1 1 637 583 701 1979
5535 4 2 1 1 404 373 477 478
5536 4 2 1 1 809 1990 852 2045
5537 4 2 1 1 267 1053 1022 1830
5538 4 2 1 1 857 898 924 2105
5539 4 2 1 1 537 522 525 1881
5540 4 2 1 1 1664 1924 1901 1943
5541 4 2 1 1 486 1098 463 1097
5542 4 2 1 1 533 569 544 1947
5543 4 2 1 1 613 688 618 1989
5544 4 2 1 1 159 1083 33 1781
5545 4 2 1 1 711 688 613 1989
5546 4 2 1 1 953 969 1022 1828
5547 4 2 1 1 2042 2043 12 2081
5548 4 2 1 1 960 959 937 1770
5549 4 2 1 1 750 744 1847 2025
5550 4 2 1 1 1722 1771 1671 1817
5551 4 2 1 1 1741 1944 1797 2061
5552 4 2 1 1 911 1816 920 2079
5553 4 2 1 1 1678 1681 1658 1740
5554 4 2 1 1 438 419 439 1966
5555 4 2 1 1 545 538 541 1898
5556 4 2 1 1 1744 1981 1842 2097
5557 4 2 1 1 1952 1965 1754 2007
5558 4 2 1 1 126 902 859 1907
5559 4 2 1 1 18 238 234 1885
5560 4 2 1 1 1744 1663 1842 1981
5561 4 2 1 1 1669 1679 1653 2053
5562 4 2 1 1 1150 456 1085 460
5563 4 2 1 1 1716 1791 1736 1853
5564 4 2 1 1 665 713 686 2021
5565 4 2 1 1 126 859 832 1907
5566 4 2 1 1 544 532 526 1931
5567 4 2 1 1 126 776 902 1907
5568 4 2 1 1 158 1083 159 1781
5569 4 2 1 1 577 515 705 2107
5570 4 2 1 1 379 482 378 1906
5571 4 2 1 1 304 21 275 1885
5572 4 2 1 1 403 411 412 1813
5573 4 2 1 1 412 404 403 1813
5574 4 2 1 1 1783 1947 1799 2020
5575 4 2 1 1 1656 1876 1671 1950
5576 4 2 1 1 940 1022 969 1928
5577 4 2 1 1 1151 487 464 1097
5578 4 2 1 1 106 695 901 1934
5579 4 2 1 1 772 845 564 2020
5580 4 2 1 1 277 40 464 487
5581 4 2 1 1 1149 1781 273 1850
5582 4 2 1 1 1654 1792 1771 2086
5583 4 2 1 1 1818 1712 1879 2070
5584 4 2 1 1 108 690 913 643
5585 4 2 1 1 764 724 1994 2077
5586 4 2 1 1 106 635 695 1934
5587 4 2 1 1 126 832 776 1907
5588 4 2 1 1 1654 1750 1690 1884
5589 4 2 1 1 456 38 299 37
5590 4 2 1 1 658 671 670 1911
5591 4 2 1 1 784 838 785 1816
5592 4 2 1 1 1741 1797 1678 2061
5593 4 2 1 1 1785 1797 30 1941
5594 4 2 1 1 33 453 159 34
5595 4 2 1 1 775 720 752 1889
5596 4 2 1 1 1751 1825 1990 2039
5597 4 2 1 1 1681 21 1856 2062
5598 4 2 1 1 1695 1798 1981 2097
5599 4 2 1 1 1656 1916 1837 2064
5600 4 2 1 1 725 756 766 1836
5601 4 2 1 1 516 553 783 2045
5602 4 2 1 1 1772 1886 1838 2060
5603 4 2 1 1 738 740 1929 2074
5604 4 2 1 1 953 240 1041 1827
5605 4 2 1 1 743 720 767 1889
5606 4 2 1 1 389 1439 388 2012
5607 4 2 1 1 1656 1916 1832 2089
5608 4 2 1 1 1776 1832 1916 2089
5609 4 2 1 1 613 618 628 1989
5610 4 2 1 1 763 721 744 1847
5611 4 2 1 1 487 1151 277 1069
5612 4 2 1 1 567 1895 543 1997
5613 4 2 1 1 1656 1671 1722 1950
5614 4 2 1 1 1705 1664 1745 1887
5615 4 2 1 1 691 1900 664 2104
5616 4 2 1 1 1669 1931 1652 2053
5617 4 2 1 1 53 551 639 2048
5618 4 2 1 1 879 881 1890 1982
5619 4 2 1 1 858 926 896 2079
5620 4 2 1 1 877 878 1982 2019
5621 4 2 1 1 1760 1819 1680 2036
5622 4 2 1 1 694 686 636 1847
5623 4 2 1 1 1915 1977 892 2085
5624 4 2 1 1 709 49 511 550
5625 4 2 1 1 957 951 1023 1849
5626 4 2 1 1 304 22 21 1885
5627 4 2 1 1 22 304 238 1885
5628 4 2 1 1 663 649 647 1888
5629 4 2 1 1 799 815 816 1832
5630 4 2 1 1 1696 1737 1840 2029
5631 4 2 1 1 598 600 601 2100
5632 4 2 1 1 1673 1784 1671 2054
5633 4 2 1 1 1797 1944 1820 2061
5634 4 2 1 1 961 1057 1043 1770
5635 4 2 1 1 569 1947 1987 2020
5636 4 2 1 1 533 534 571 1833
5637 4 2 1 1 809 848 777 2045
5638 4 2 1 1 1695 1981 1841 2092
5639 4 2 1 1 559 537 539 2008
5640 4 2 1 1 875 872 2016 2085
5641 4 2 1 1 1751 1825 2039 2077
5642 4 2 1 1 679 1927 1951 1978
5643 4 2 1 1 1818 1879 1878 2070
5644 4 2 1 1 912 864 124 834
5645 4 2 1 1 895 1868 891 2065
5646 4 2 1 1 887 875 872 2016
5647 4 2 1 1 1876 1938 788 2064
5648 4 2 1 1 1441 1531 1474 1853
5649 4 2 1 1 527 529 528 1922
5650 4 2 1 1 718 699 645 1846
5651 4 2 1 1 890 892 875 1915
5652 4 2 1 1 459 1086 455 1085
5653 4 2 1 1 770 728 755 1846
5654 4 2 1 1 362 465 361 1942
5655 4 2 1 1 477 501 373 500
5656 4 2 1 1 869 886 899 1900
5657 4 2 1 1 1510 1455 459 1984
5658 4 2 1 1 880 883 1945 1982
5659 4 2 1 1 1713 1722 1709 2089
5660 4 2 1 1 1666 1955 1952 1965
5661 4 2 1 1 779 856 586 2056
5662 4 2 1 1 507 43 574 581
5663 4 2 1 1 1677 1756 2024 2081
5664 4 2 1 1 744 721 750 1847
5665 4 2 1 1 1038 978 1873 1973
5666 4 2 1 1 572 517 562 1970
5667 4 2 1 1 840 831 808 1994
5668 4 2 1 1 905 906 1912 2075
5669 4 2 1 1 276 2022 1905 2027
5670 4 2 1 1 238 18 22 1885
5671 4 2 1 1 936 1792 148 1884
5672 4 2 1 1 659 656 685 1860
5673 4 2 1 1 458 453 1086 457
5674 4 2 1 1 453 458 1086 454
5675 4 2 1 1 922 1844 867 2105
5676 4 2 1 1 1710 1727 1716 1988
5677 4 2 1 1 613 602 625 1989
5678 4 2 1 1 40 39 277 464
5679 4 2 1 1 1797 1820 1678 2061
5680 4 2 1 1 1032 1873 1013 1973
5681 4 2 1 1 868 908 913 1836
5682 4 2 1 1 1085 1150 460 1850
5683 4 2 1 1 400 401 2083 2097
5684 4 2 1 1 577 705 716 2107
5685 4 2 1 1 1715 1719 1670 2086
5686 4 2 1 1 405 479 480 376
5687 4 2 1 1 1098 486 463 462
5688 4 2 1 1 782 836 854 1844
5689 4 2 1 1 924 82 857 621
5690 4 2 1 1 30 1941 1797 1942
5691 4 2 1 1 1733 1784 1714 1861
5692 4 2 1 1 810 833 804 1901
5693 4 2 1 1 1042 937 959 1908
5694 4 2 1 1 610 1886 624 2060
5695 4 2 1 1 626 586 616 1862
5696 4 2 1 1 1749 1855 2021 2106
5697 4 2 1 1 1841 2019 1982 2061
5698 4 2 1 1 436 162 435 2005
5699 4 2 1 1 569 565 1947 2020
5700 4 2 1 1 410 2010 2012 2054
5701 4 2 1 1 786 788 827 1938
5702 4 2 1 1 612 624 585 1979
5703 4 2 1 1 849 805 1924 2093
5704 4 2 1 1 179 451 452 2037
5705 4 2 1 1 1668 1707 1663 1724
5706 4 2 1 1 1878 1879 1756 2032
5707 4 2 1 1 813 773 827 2040
5708 4 2 1 1 600 603 622 2018
5709 4 2 1 1 705 642 675 2107
5710 4 2 1 1 680 697 695 1934
5711 4 2 1 1 697 1855 668 1953
5712 4 2 1 1 264 1055 11 2069
5713 4 2 1 1 888 890 2016 2065
5714 4 2 1 1 1847 1904 1764 1980
5715 4 2 1 1 843 780 821 1987
5716 4 2 1 1 550 705 48 515
5717 4 2 1 1 585 617 712 1886
5718 4 2 1 1 508 576 59 719
5719 4 2 1 1 501 477 373 478
5720 4 2 1 1 585 712 641 1886
5721 4 2 1 1 917 1914 916 2040
5722 4 2 1 1 1703 1736 1716 1791
5723 4 2 1 1 754 731 749 1882
5724 4 2 1 1 1662 1909 1851 2106
5725 4 2 1 1 451 450 431 1918
5726 4 2 1 1 584 621 609 2105
5727 4 2 1 1 1027 956 1848 1867
5728 4 2 1 1 38 488 25 37
5729 4 2 1 1 680 662 697 1978
5730 4 2 1 1 616 1862 586 2056
5731 4 2 1 1 790 792 793 1950
5732 4 2 1 1 617 610 590 1886
5733 4 2 1 1 879 877 878 1982
5734 4 2 1 1 1473 420 419 1853
5735 4 2 1 1 1672 1744 1923 1981
5736 4 2 1 1 1668 1740 1658 1774
5737 4 2 1 1 384 408 383 2009
5738 4 2 1 1 912 929 867 1844
5739 4 2 1 1 511 549 50 709
5740 4 2 1 1 563 1846 645 2044
5741 4 2 1 1 821 772 843 2020
5742 4 2 1 1 708 686 694 1972
5743 4 2 1 1 518 563 558 1846
5744 4 2 1 1 1861 1943 1741 2088
5745 4 2 1 1 705 675 716 2107
5746 4 2 1 1 965 1045 962 1875
5747 4 2 1 1 887 872 871 1893
5748 4 2 1 1 783 553 848 2045
5749 4 2 1 1 678 1927 679 2104
5750 4 2 1 1 1520 1452 1525 1859
5751 4 2 1 1 512 568 567 1997
5752 4 2 1 1 400 1798 2083 2084
5753 4 2 1 1 1982 2019 1733 2061
5754 4 2 1 1 1952 1955 1754 1965
5755 4 2 1 1 556 560 555 2107
5756 4 2 1 1 954 1042 959 1908
5757 4 2 1 1 752 775 1889 1994
5758 4 2 1 1 486 1098 485 462
5759 4 2 1 1 642 1971 675 2107
5760 4 2 1 1 782 912 124 834
5761 4 2 1 1 681 654 653 2049
5762 4 2 1 1 829 720 775 1889
5763 4 2 1 1 1909 1949 1725 2106
5764 4 2 1 1 678 652 655 1927
5765 4 2 1 1 1701 1722 1709 1794
5766 4 2 1 1 923 761 120 858
5767 4 2 1 1 912 867 922 1844
5768 4 2 1 1 569 1987 552 2020
5769 4 2 1 1 455 1086 458 454
5770 4 2 1 1 563 518 578 1846
5771 4 2 1 1 431 432 451 1918
5772 4 2 1 1 779 586 1862 2056
5773 4 2 1 1 83 623 925 857
5774 4 2 1 1 1762 2018 1897 2075
5775 4 2 1 1 763 740 751 1972
5776 4 2 1 1 529 527 554 1922
5777 4 2 1 1 880 878 883 1982
5778 4 2 1 1 509 569 552 2020
5779 4 2 1 1 752 720 743 1889
5780 4 2 1 1 673 709 634 1998
5781 4 2 1 1 538 537 525 2008
5782 4 2 1 1 267 271 20 1894
5783 4 2 1 1 267 20 19 1894
5784 4 2 1 1 270 265 269 1894
5785 4 2 1 1 266 265 270 1894
5786 4 2 1 1 564 772 67 845
5787 4 2 1 1 1662 1910 1909 2106
5788 4 2 1 1 1841 1733 2019 2061
5789 4 2 1 1 9 2101 2091 2102
5790 4 2 1 1 1658 1952 1666 1955
5791 4 2 1 1 720 1889 829 2058
5792 4 2 1 1 1668 1740 1724 1864
5793 4 2 1 1 654 681 661 1865
5794 4 2 1 1 1852 1906 406 1954
5795 4 2 1 1 165 438 439 1966
5796 4 2 1 1 683 704 2048 2059
5797 4 2 1 1 948 2011 1006 2015
5798 4 2 1 1 1005 259 946 1769
5799 4 2 1 1 613 628 602 1989
5800 4 2 1 1 786 826 781 2099
5801 4 2 1 1 811 803 789 1837
5802 4 2 1 1 1672 1707 1747 1923
5803 4 2 1 1 1656 1696 1876 2064
5804 4 2 1 1 601 608 607 1995
5805 4 2 1 1 461 485 1098 462
5806 4 2 1 1 697 662 668 1855
5807 4 2 1 1 514 571 572 1970
5808 4 2 1 1 780 842 1902 1970
5809 4 2 1 1 809 852 783 2045
5810 4 2 1 1 881 905 885 1890
5811 4 2 1 1 1098 1082 484 461
5812 4 2 1 1 480 504 376 503
5813 4 2 1 1 479 502 503 376
5814 4 2 1 1 480 479 503 376
5815 4 2 1 1 504 480 376 481
5816 4 2 1 1 1681 1723 1885 1891
5817 4 2 1 1 751 1972 740 2074
5818 4 2 1 1 1783 1902 1833 1987
5819 4 2 1 1 731 730 719 1936
5820 4 2 1 1 1658 1666 1952 1988
5821 4 2 1 1 1816 1991 785 2099
5822 4 2 1 1 340 339 380 1640
5823 4 2 1 1 959 960 958 1770
5824 4 2 1 1 1519 1450 1499 2096
5825 4 2 1 1 53 639 704 2048
5826 4 2 1 1 1002 257 943 1729
5827 4 2 1 1 581 507 44 575
5828 4 2 1 1 1486 1445 1489 1871
5829 4 2 1 1 489 466 465 362
5830 4 2 1 1 489 465 488 362
5831 4 2 1 1 1858 1995 1844 2105
5832 4 2 1 1 1086 459 455 458
5833 4 2 1 1 888 890 875 2016
5834 4 2 1 1 1023 951 232 1849
5835 4 2 1 1 614 586 626 1862
5836 4 2 1 1 488 38 25 465
5837 4 2 1 1 710 1911 672 1971
5838 4 2 1 1 978 1016 1874 1973
5839 4 2 1 1 611 574 43 581
5840 4 2 1 1 1028 2069 2068 2076
5841 4 2 1 1 1666 1681 1658 1955
5842 4 2 1 1 562 841 64 1970
5843 4 2 1 1 963 960 937 1770
5844 4 2 1 1 546 576 508 1882
5845 4 2 1 1 1051 942 242 1737
5846 4 2 1 1 1463 1458 1526 1984
5847 4 2 1 1 1151 1097 464 1831
5848 4 2 1 1 739 1986 747 2078
5849 4 2 1 1 463 1098 462 1831
5850 4 2 1 1 509 564 565 2020
5851 4 2 1 1 645 1846 715 2044
5852 4 2 1 1 437 436 417 1957
5853 4 2 1 1 1667 1726 1721 1910
5854 4 2 1 1 708 640 698 1972
5855 4 2 1 1 704 510 2048 2059
5856 4 2 1 1 1086 459 458 1850
5857 4 2 1 1 1517 1519 1499 1866
5858 4 2 1 1 1653 1879 1718 2089
5859 4 2 1 1 552 514 65 843
5860 4 2 1 1 1447 1498 1497 1782
5861 4 2 1 1 602 628 603 2018
5862 4 2 1 1 944 1051 243 1737
5863 4 2 1 1 28 358 398 1644
5864 4 2 1 1 721 97 694 1972
5865 4 2 1 1 450 451 178 1918
5866 4 2 1 1 525 524 542 2053
5867 4 2 1 1 1473 1441 1474 1853
5868 4 2 1 1 1905 1726 1909 1910
5869 4 2 1 1 800 805 804 1924
5870 4 2 1 1 781 903 131 2099
5871 4 2 1 1 661 681 682 1865
5872 4 2 1 1 698 700 690 1836
5873 4 2 1 1 696 711 637 1989
5874 4 2 1 1 472 495 367 471
5875 4 2 1 1 1034 1029 948 2015
5876 4 2 1 1 731 742 1870 2077
5877 4 2 1 1 678 679 692 2104
5878 4 2 1 1 901 695 107 2098
5879 4 2 1 1 781 131 784 2099
5880 4 2 1 1 405 375 479 376
5881 4 2 1 1 764 754 724 2077
5882 4 2 1 1 1659 1904 2021 2106
5883 4 2 1 1 740 737 738 1929
5884 4 2 1 1 879 880 881 1982
5885 4 2 1 1 1657 1917 1723 1955
5886 4 2 1 1 1666 1952 1964 1965
5887 4 2 1 1 848 70 512 553
5888 4 2 1 1 275 1856 1850 1975
5889 4 2 1 1 905 865 900 1939
5890 4 2 1 1 896 891 895 1868
5891 4 2 1 1 2033 2042 12 2081
5892 4 2 1 1 844 772 821 2020
5893 4 2 1 1 1340 1405 1408 1286
5894 4 2 1 1 664 689 648 1900
5895 4 2 1 1 20 1757 276 2022
5896 4 2 1 1 619 586 856 2056
5897 4 2 1 1 665 659 666 1937
5898 4 2 1 1 1525 1485 1483 1871
5899 4 2 1 1 1696 1738 1830 1834
5900 4 2 1 1 945 1006 255 2014
5901 4 2 1 1 703 683 639 2048
5902 4 2 1 1 1506 1487 1516 1871
5903 4 2 1 1 789 788 1938 2064
5904 4 2 1 1 806 798 796 1887
5905 4 2 1 1 663 647 687 1888
5906 4 2 1 1 1733 1798 1784 1861
5907 4 2 1 1 409 410 2010 2012
5908 4 2 1 1 613 711 91 688
5909 4 2 1 1 842 821 780 1902
5910 4 2 1 1 917 918 862 1914
5911 4 2 1 1 1667 1948 1726 1949
5912 4 2 1 1 2024 2081 1755 2082
5913 4 2 1 1 569 533 571 1987
5914 4 2 1 1 49 709 642 550
5915 4 2 1 1 744 1980 1847 2025
5916 4 2 1 1 402 473 369 2094
5917 4 2 1 1 827 826 786 1914
5918 4 2 1 1 1913 2057 1657 2080
5919 4 2 1 1 719 60 508 1936
5920 4 2 1 1 646 644 687 1939
5921 4 2 1 1 427 428 1767 1796
5922 4 2 1 1 795 796 797 2017
5923 4 2 1 1 945 1003 1004 2014
5924 4 2 1 1 961 1043 958 1770
5925 4 2 1 1 890 917 892 1915
5926 4 2 1 1 774 849 825 1926
5927 4 2 1 1 749 59 576 719
5928 4 2 1 1 547 1896 548 2055
5929 4 2 1 1 811 839 829 2058
5930 4 2 1 1 1667 1726 1910 1949
5931 4 2 1 1 825 849 805 1924
5932 4 2 1 1 802 800 798 1976
5933 4 2 1 1 1786 1991 1816 2099
5934 4 2 1 1 964 962 963 1770
5935 4 2 1 1 75 614 850 779
5936 4 2 1 1 944 1873 1049 1874
5937 4 2 1 1 97 640 694 1972
5938 4 2 1 1 134 1028 952 2068
5939 4 2 1 1 559 558 513 2044
5940 4 2 1 1 513 563 55 2044
5941 4 2 1 1 12 2032 11 2034
5942 4 2 1 1 811 829 1889 2058
5943 4 2 1 1 562 64 514 1970
5944 4 2 1 1 1493 1495 1505 1880
5945 4 2 1 1 485 461 1098 484
5946 4 2 1 1 944 1737 244 1873
5947 4 2 1 1 77 615 830 1926
5948 4 2 1 1 728 748 755 1846
5949 4 2 1 1 804 805 810 2093
5950 4 2 1 1 905 906 865 1912
5951 4 2 1 1 178 1918 202 1992
5952 4 2 1 1 734 737 744 1980
5953 4 2 1 1 687 644 688 1912
5954 4 2 1 1 119 722 759 926
5955 4 2 1 1 818 799 817 1892
5956 4 2 1 1 826 827 773 1914
5957 4 2 1 1 247 248 941 1778
5958 4 2 1 1 574 548 507 1896
5959 4 2 1 1 837 724 111 757
5960 4 2 1 1 300 1856 1183 2062
5961 4 2 1 1 715 645 699 1846
5962 4 2 1 1 692 691 664 2104
5963 4 2 1 1 894 876 1930 2019
5964 4 2 1 1 627 1995 609 2105
5965 4 2 1 1 1909 1910 1726 1949
5966 4 2 1 1 957 956 951 1849
5967 4 2 1 1 409 2010 2009 2011
5968 4 2 1 1 522 537 521 1881
5969 4 2 1 1 1879 2070 1712 2073
5970 4 2 1 1 949 262 1027 1848
5971 4 2 1 1 77 830 774 1926
5972 4 2 1 1 596 1899 595 1932
5973 4 2 1 1 830 615 78 620
5974 4 2 1 1 688 91 613 618
5975 4 2 1 1 163 436 437 1957
5976 4 2 1 1 417 418 437 1957
5977 4 2 1 1 835 836 782 1844
5978 4 2 1 1 1904 2024 1755 2082
5979 4 2 1 1 513 55 702 2044
5980 4 2 1 1 775 840 1889 1994
5981 4 2 1 1 640 751 98 756
5982 4 2 1 1 998 1034 1039 2015
5983 4 2 1 1 739 747 760 2078
5984 4 2 1 1 475 403 372 476
5985 4 2 1 1 1437 473 402 1744
5986 4 2 1 1 1404 1309 1312 1391
5987 4 2 1 1 1823 1995 1913 2080
5988 4 2 1 1 1696 2023 1830 2029
5989 4 2 1 1 77 774 582 1926
5990 4 2 1 1 927 587 630 1912
5991 4 2 1 1 387 410 409 2012
5992 4 2 1 1 516 71 783 553
5993 4 2 1 1 756 98 640 700
5994 4 2 1 1 1514 476 477 1859
5995 4 2 1 1 481 376 377 1954
5996 4 2 1 1 569 565 544 1947
5997 4 2 1 1 1665 1982 1733 2061
5998 4 2 1 1 398 28 32 1827
5999 4 2 1 1 798 820 802 1976
6000 4 2 1 1 984 1032 1025 1973
6001 4 2 1 1 732 731 742 1870
6002 4 2 1 1 1847 1980 1764 2025
6003 4 2 1 1 60 573 508 1936
6004 4 2 1 1 766 751 740 2074
6005 4 2 1 1 77 582 615 1926
6006 4 2 1 1 901 107 863 2098
6007 4 2 1 1 549 634 50 709
6008 4 2 1 1 1083 457 33 1781
6009 4 2 1 1 600 2018 1823 2100
6010 4 2 1 1 807 815 791 1916
6011 4 2 1 1 714 644 865 1912
6012 4 2 1 1 494 367 495 471
6013 4 2 1 1 475 1500 474 1859
6014 4 2 1 1 778 758 115 753
6015 4 2 1 1 396 244 1737 1872
6016 4 2 1 1 566 567 543 1997
6017 4 2 1 1 379 330 27 1644
6018 4 2 1 1 1656 1712 1916 2089
6019 4 2 1 1 309 299 300 1946
6020 4 2 1 1 822 779 823 1862
6021 4 2 1 1 721 751 97 1972
6022 4 2 1 1 83 623 857 584
6023 4 2 1 1 1904 2082 1725 2106
6024 4 2 1 1 1913 1995 1752 2080
6025 4 2 1 1 1653 1679 1677 1881
6026 4 2 1 1 1778 1013 1873 1973
6027 4 2 1 1 1696 1738 1737 2029
6028 4 2 1 1 831 724 111 837
6029 4 2 1 1 893 917 916 2040
6030 4 2 1 1 1006 1004 1039 2014
6031 4 2 1 1 946 1045 1005 1875
6032 4 2 1 1 879 881 885 1890
6033 4 2 1 1 1653 1718 1720 2089
6034 4 2 1 1 1733 1741 1665 2061
6035 4 2 1 1 675 1971 1886 2107
6036 4 2 1 1 737 736 738 1929
6037 4 2 1 1 552 571 514 1987
6038 4 2 1 1 1679 1881 1653 2053
6039 4 2 1 1 502 479 375 376
6040 4 2 1 1 391 392 412 1778
6041 4 2 1 1 873 877 886 2092
6042 4 2 1 1 665 666 667 1937
6043 4 2 1 1 858 761 120 722
6044 4 2 1 1 948 1006 1039 2015
6045 4 2 1 1 20 1184 276 1757
6046 4 2 1 1 968 970 1044 2067
6047 4 2 1 1 916 917 862 1914
6048 4 2 1 1 44 581 575 591
6049 4 2 1 1 914 128 828 2040
6050 4 2 1 1 937 1908 1042 2103
6051 4 2 1 1 687 647 646 1939
6052 4 2 1 1 1705 1654 1887 2086
6053 4 2 1 1 453 159 34 1169
6054 4 2 1 1 588 620 627 1844
6055 4 2 1 1 882 894 876 1930
6056 4 2 1 1 836 830 78 620
6057 4 2 1 1 32 2027 2023 2028
6058 4 2 1 1 474 1451 473 1866
6059 4 2 1 1 953 1830 1053 2028
6060 4 2 1 1 588 1844 627 2105
6061 4 2 1 1 1698 1736 1703 1791
6062 4 2 1 1 610 585 624 1886
6063 4 2 1 1 1150 456 299 1081
6064 4 2 1 1 848 783 71 553
6065 4 2 1 1 641 675 672 1886
6066 4 2 1 1 1726 1948 1725 1949
6067 4 2 1 1 519 536 520 1983
6068 4 2 1 1 1514 1525 1452 1859
6069 4 2 1 1 997 998 1884 2015
6070 4 2 1 1 629 608 615 1926
6071 4 2 1 1 680 692 679 1978
6072 4 2 1 1 714 865 927 1912
6073 4 2 1 1 1452 1520 1500 1859
6074 4 2 1 1 1675 1879 1898 2039
6075 4 2 1 1 520 519 1983 2059
6076 4 2 1 1 1778 1013 1872 1873
6077 4 2 1 1 38 1856 1941 1942
6078 4 2 1 1 642 705 48 550
6079 4 2 1 1 945 255 2009 2014
6080 4 2 1 1 261 949 1009 1848
6081 4 2 1 1 97 751 640 1972
6082 4 2 1 1 338 26 310 2087
6083 4 2 1 1 216 193 217 1968
6084 4 2 1 1 216 192 193 1968
6085 4 2 1 1 1690 1729 1861 2010
6086 4 2 1 1 668 1855 660 2021
6087 4 2 1 1 1723 1657 2057 2080
6088 4 2 1 1 60 719 729 1936
6089 4 2 1 1 1665 1890 1982 2061
6090 4 2 1 1 788 787 789 1938
6091 4 2 1 1 1722 1794 1771 1817
6092 4 2 1 1 399 1944 400 2084
6093 4 2 1 1 1483 1485 1484 1871
6094 4 2 1 1 548 547 507 1896
6095 4 2 1 1 785 1991 786 2099
6096 4 2 1 1 1658 1774 1666 1988
6097 4 2 1 1 693 699 94 723
6098 4 2 1 1 522 523 524 2053
6099 4 2 1 1 628 1912 587 2075
6100 4 2 1 1 474 496 1437 473
6101 4 2 1 1 1673 1817 1671 2013
6102 4 2 1 1 1696 1938 1876 2064
6103 4 2 1 1 531 530 529 1869
6104 4 2 1 1 1730 1943 1861 2088
6105 4 2 1 1 1085 460 459 1850
6106 4 2 1 1 1084 1183 1150 1856
6107 4 2 1 1 1486 1504 1445 1871
6108 4 2 1 1 55 563 645 2044
6109 4 2 1 1 676 639 702 2044
6110 4 2 1 1 567 542 543 1895
6111 4 2 1 1 1724 1944 1733 2061
6112 4 2 1 1 1489 1484 1486 1871
6113 4 2 1 1 752 743 764 1994
6114 4 2 1 1 867 1844 588 2105
6115 4 2 1 1 954 1054 157 2101
6116 4 2 1 1 722 119 858 926
6117 4 2 1 1 1768 2040 1843 2046
6118 4 2 1 1 1754 1955 1885 1965
6119 4 2 1 1 95 750 636 2025
6120 4 2 1 1 432 1497 433 1782
6121 4 2 1 1 55 645 702 2044
6122 4 2 1 1 413 1840 414 1852
6123 4 2 1 1 75 614 779 586
6124 4 2 1 1 1776 1898 1879 2039
6125 4 2 1 1 975 972 942 2047
6126 4 2 1 1 662 660 668 1855
6127 4 2 1 1 433 35 452 2037
6128 4 2 1 1 1451 1517 1499 1866
6129 4 2 1 1 128 914 916 2040
6130 4 2 1 1 1506 1504 1487 1871
6131 4 2 1 1 1726 1906 1852 1910
6132 4 2 1 1 1783 1987 1947 2020
6133 4 2 1 1 584 857 82 621
6134 4 2 1 1 1755 2070 2032 2073
6135 4 2 1 1 650 649 651 1864
6136 4 2 1 1 583 711 90 613
6137 4 2 1 1 38 299 37 1946
6138 4 2 1 1 545 539 538 2008
6139 4 2 1 1 221 220 196 1903
6140 4 2 1 1 196 197 221 1903
6141 4 2 1 1 1672 1951 1927 1978
6142 4 2 1 1 885 905 900 1939
6143 4 2 1 1 714 630 618 1912
6144 4 2 1 1 755 94 699 723
6145 4 2 1 1 581 592 593 1896
6146 4 2 1 1 95 723 750 2025
6147 4 2 1 1 1745 2003 1742 2057
6148 4 2 1 1 1032 1038 950 1873
6149 4 2 1 1 1084 1068 274 1850
6150 4 2 1 1 773 828 128 2040
6151 4 2 1 1 838 758 115 778
6152 4 2 1 1 966 1047 965 1875
6153 4 2 1 1 880 883 884 1945
6154 4 2 1 1 254 255 1006 2011
6155 4 2 1 1 1040 1035 998 1884
6156 4 2 1 1 60 729 573 1936
6157 4 2 1 1 857 910 897 1897
6158 4 2 1 1 277 40 487 1069
6159 4 2 1 1 668 686 708 2021
6160 4 2 1 1 767 745 743 1921
6161 4 2 1 1 1689 1727 1710 1988
6162 4 2 1 1 889 888 887 2016
6163 4 2 1 1 514 780 65 843
6164 4 2 1 1 95 693 723 2025
6165 4 2 1 1 1741 1943 1665 2080
6166 4 2 1 1 994 993 996 2013
6167 4 2 1 1 901 1934 695 2098
6168 4 2 1 1 1688 1767 1734 1974
6169 4 2 1 1 688 696 687 1989
6170 4 2 1 1 986 1031 987 1817
6171 4 2 1 1 1882 2039 1825 2077
6172 4 2 1 1 979 245 950 1873
6173 4 2 1 1 1516 1487 1488 1871
6174 4 2 1 1 1721 1915 2016 2085
6175 4 2 1 1 1808 1906 1852 1954
6176 4 2 1 1 641 674 701 1979
6177 4 2 1 1 457 1086 458 1781
6178 4 2 1 1 883 921 884 1945
6179 4 2 1 1 471 470 401 2094
6180 4 2 1 1 415 416 435 2005
6181 4 2 1 1 643 107 695 2098
6182 4 2 1 1 36 452 35 2037
6183 4 2 1 1 95 636 693 2025
6184 4 2 1 1 1488 1485 1525 1871
6185 4 2 1 1 310 26 25 2087
6186 4 2 1 1 993 995 1026 2013
6187 4 2 1 1 710 672 675 1971
6188 4 2 1 1 263 1056 1027 1867
6189 4 2 1 1 1097 463 464 1831
6190 4 2 1 1 1169 453 159 1083
6191 4 2 1 1 612 583 606 1979
6192 4 2 1 1 512 777 70 848
6193 4 2 1 1 637 711 90 583
6194 4 2 1 1 1741 1733 1861 1944
6195 4 2 1 1 891 918 890 2065
6196 4 2 1 1 68 564 845 566
6197 4 2 1 1 1678 1797 1741 1891
6198 4 2 1 1 689 664 691 1900
6199 4 2 1 1 1494 1521 1518 1880
6200 4 2 1 1 710 670 672 1911
6201 4 2 1 1 21 1885 1681 1975
6202 4 2 1 1 1438 389 390 1673
6203 4 2 1 1 463 1097 1098 1831
6204 4 2 1 1 882 915 894 1930
6205 4 2 1 1 566 846 69 1997
6206 4 2 1 1 873 870 872 2092
6207 4 2 1 1 1707 1724 1668 1773
6208 4 2 1 1 976 944 1874 2047
6209 4 2 1 1 410 2054 411 2097
6210 4 2 1 1 810 835 834 2093
6211 4 2 1 1 1042 1908 954 2103
6212 4 2 1 1 1086 1085 459 1850
6213 4 2 1 1 408 384 385 2009
6214 4 2 1 1 765 747 1986 2079
6215 4 2 1 1 1017 996 1026 2013
6216 4 2 1 1 1493 1494 1495 1880
6217 4 2 1 1 1704 1840 1737 1872
6218 4 2 1 1 773 128 916 2040
6219 4 2 1 1 566 69 512 1997
6220 4 2 1 1 985 1038 1032 1973
6221 4 2 1 1 927 906 587 1912
6222 4 2 1 1 508 557 545 1936
6223 4 2 1 1 414 32 1852 2029
6224 4 2 1 1 846 68 845 566
6225 4 2 1 1 1958 1960 154 2103
6226 4 2 1 1 1776 2039 1990 2045
6227 4 2 1 1 1512 464 463 1925
6228 4 2 1 1 135 1920 1919 2076
6229 4 2 1 1 1724 1820 1944 2061
6230 4 2 1 1 733 748 730 1935
6231 4 2 1 1 595 1899 592 2060
6232 4 2 1 1 1737 1872 244 1873
6233 4 2 1 1 983 985 984 1973
6234 4 2 1 1 9 2001 157 2101
6235 4 2 1 1 435 434 415 2005
6236 4 2 1 1 22 300 21 2062
6237 4 2 1 1 643 863 107 2098
6238 4 2 1 1 819 795 797 2017
6239 4 2 1 1 817 845 772 2020
6240 4 2 1 1 1515 1505 1495 1880
6241 4 2 1 1 719 749 731 1882
6242 4 2 1 1 637 89 701 583
6243 4 2 1 1 1755 2072 2043 2081
6244 4 2 1 1 943 1005 1047 1875
6245 4 2 1 1 1477 1443 1476 1940
6246 4 2 1 1 1824 1981 1893 2092
6247 4 2 1 1 941 1031 1025 1817
6248 4 2 1 1 1096 270 1080 1831
6249 4 2 1 1 791 803 807 1916
6250 4 2 1 1 752 112 775 1994
6251 4 2 1 1 1020 1884 1040 2014
6252 4 2 1 1 1818 1879 1712 2089
6253 4 2 1 1 19 1726 2022 2023
6254 4 2 1 1 960 961 958 1770
6255 4 2 1 1 89 612 701 583
6256 4 2 1 1 973 1058 1044 2067
6257 4 2 1 1 1868 1986 1822 2078
6258 4 2 1 1 618 688 714 1912
6259 4 2 1 1 747 2078 1986 2079
6260 4 2 1 1 1708 2003 1780 2102
6261 4 2 1 1 299 1856 300 1946
6262 4 2 1 1 908 907 889 2026
6263 4 2 1 1 895 891 888 2065
6264 4 2 1 1 1182 272 1149 1781
6265 4 2 1 1 411 390 391 1673
6266 4 2 1 1 11 2069 2034 2070
6267 4 2 1 1 1779 1813 1721 1852
6268 4 2 1 1 951 233 232 1849
6269 4 2 1 1 841 780 64 1970
6270 4 2 1 1 894 878 876 2019
6271 4 2 1 1 349 348 389 1642
6272 4 2 1 1 1704 1874 1722 1973
6273 4 2 1 1 1724 1798 1733 1944
6274 4 2 1 1 1695 1981 1813 2097
6275 4 2 1 1 1725 1909 1726 1949
6276 4 2 1 1 12 2043 268 2072
6277 4 2 1 1 767 753 746 2058
6278 4 2 1 1 1952 1964 1765 1988
6279 4 2 1 1 25 38 37 1946
6280 4 2 1 1 892 893 882 1977
6281 4 2 1 1 1002 1019 1003 1883
6282 4 2 1 1 412 413 1852 2054
6283 4 2 1 1 787 1938 786 1991
6284 4 2 1 1 1825 1990 2039 2045
6285 4 2 1 1 639 683 704 2048
6286 4 2 1 1 461 462 1098 1777
6287 4 2 1 1 592 595 594 1899
6288 4 2 1 1 966 1021 1019 1883
6289 4 2 1 1 762 1980 744 2025
6290 4 2 1 1 585 712 87 641
6291 4 2 1 1 1456 463 462 1782
6292 4 2 1 1 643 697 1953 2098
6293 4 2 1 1 265 2069 264 2071
6294 4 2 1 1 1941 1946 1785 2062
6295 4 2 1 1 606 624 612 1979
6296 4 2 1 1 1021 1020 1003 1883
6297 4 2 1 1 714 927 630 1912
6298 4 2 1 1 264 2071 11 2072
6299 4 2 1 1 824 1970 841 2056
6300 4 2 1 1 252 253 1029 2012
6301 4 2 1 1 268 2043 269 2072
6302 4 2 1 1 156 157 207 2001
6303 4 2 1 1 1085 1084 1150 1850
6304 4 2 1 1 362 399 466 1942
6305 4 2 1 1 1723 2057 1821 2080
6306 4 2 1 1 1760 1815 1680 1819
6307 4 2 1 1 121 725 761 923
6308 4 2 1 1 249 1673 1008 1778
6309 4 2 1 1 908 2026 909 2098
6310 4 2 1 1 539 557 558 1863
6311 4 2 1 1 112 752 724 1994
6312 4 2 1 1 1666 1658 1681 1740
6313 4 2 1 1 874 892 1977 2085
6314 4 2 1 1 976 974 975 2047
6315 4 2 1 1 217 193 218 1968
6316 4 2 1 1 193 194 218 1968
6317 4 2 1 1 901 871 860 1934
6318 4 2 1 1 1725 1726 1894 2023
6319 4 2 1 1 407 1729 408 2010
6320 4 2 1 1 794 799 818 1892
6321 4 2 1 1 461 1777 1082 2041
6322 4 2 1 1 146 1792 1771 2013
6323 4 2 1 1 1528 1508 1442 1940
6324 4 2 1 1 809 783 848 2045
6325 4 2 1 1 405 376 480 1954
6326 4 2 1 1 592 591 610 2060
6327 4 2 1 1 1785 1741 1891 2088
6328 4 2 1 1 851 619 856 2056
6329 4 2 1 1 482 406 378 1906
6330 4 2 1 1 996 2013 1029 2015
6331 4 2 1 1 742 735 732 1870
6332 4 2 1 1 457 1083 1086 1781
6333 4 2 1 1 1151 1096 1097 1831
6334 4 2 1 1 32 1827 28 2028
6335 4 2 1 1 1724 1678 1820 2061
6336 4 2 1 1 299 38 1856 1946
6337 4 2 1 1 480 479 405 2066
6338 4 2 1 1 496 369 1437 473
6339 4 2 1 1 1666 1658 1740 1774
6340 4 2 1 1 1878 2034 2031 2070
6341 4 2 1 1 1441 1473 419 1853
6342 4 2 1 1 658 651 684 2052
6343 4 2 1 1 619 851 631 2056
6344 4 2 1 1 449 430 431 1992
6345 4 2 1 1 431 450 449 1992
6346 4 2 1 1 412 1778 393 1872
6347 4 2 1 1 780 514 64 1970
6348 4 2 1 1 1986 2078 1868 2079
6349 4 2 1 1 674 637 701 1979
6350 4 2 1 1 540 541 538 1898
6351 4 2 1 1 953 971 969 1828
6352 4 2 1 1 898 922 867 2105
6353 4 2 1 1 473 402 1744 2094
6354 4 2 1 1 671 684 677 1996
6355 4 2 1 1 532 524 526 1931
6356 4 2 1 1 956 955 951 1849
6357 4 2 1 1 1756 1878 1818 1879
6358 4 2 1 1 175 174 447 1993
6359 4 2 1 1 911 920 896 2079
6360 4 2 1 1 133 16 11 2034
6361 4 2 1 1 404 1813 1852 2066
6362 4 2 1 1 381 407 380 1769
6363 4 2 1 1 1670 1694 1652 1698
6364 4 2 1 1 404 478 477 2066
6365 4 2 1 1 1816 1986 1868 2079
6366 4 2 1 1 760 722 741 2078
6367 4 2 1 1 963 962 960 1770
6368 4 2 1 1 273 1781 272 1975
6369 4 2 1 1 1765 1964 1952 2007
6370 4 2 1 1 257 1729 1002 2009
6371 4 2 1 1 310 337 338 2087
6372 4 2 1 1 1467 1464 1448 1933
6373 4 2 1 1 977 974 976 1874
6374 4 2 1 1 159 33 34 1999
6375 4 2 1 1 159 183 158 1999
6376 4 2 1 1 1478 1533 1519 1940
6377 4 2 1 1 337 263 262 2087
6378 4 2 1 1 1508 1528 1470 1940
6379 4 2 1 1 652 654 655 2049
6380 4 2 1 1 1821 1943 1891 2080
6381 4 2 1 1 1741 1944 1861 2088
6382 4 2 1 1 853 866 132 930
6383 4 2 1 1 382 383 408 1729
6384 4 2 1 1 1733 1944 1741 2061
6385 4 2 1 1 986 1817 981 1973
6386 4 2 1 1 1886 1971 1838 2107
6387 4 2 1 1 180 452 36 2037
6388 4 2 1 1 1463 1448 1464 1933
6389 4 2 1 1 628 618 587 1912
6390 4 2 1 1 464 1831 463 1925
6391 4 2 1 1 1730 1821 1664 1943
6392 4 2 1 1 1465 1462 1464 1984
6393 4 2 1 1 675 641 712 1886
6394 4 2 1 1 1741 1891 1943 2080
6395 4 2 1 1 738 741 740 2074
6396 4 2 1 1 813 801 814 2046
6397 4 2 1 1 1007 1750 1050 1960
6398 4 2 1 1 611 581 593 1896
6399 4 2 1 1 617 712 87 585
6400 4 2 1 1 276 1757 277 1905
6401 4 2 1 1 415 1511 416 1812
6402 4 2 1 1 920 866 903 2099
6403 4 2 1 1 889 909 908 2026
6404 4 2 1 1 1659 2021 1855 2106
6405 4 2 1 1 1779 1784 1695 1813
6406 4 2 1 1 367 471 401 2094
6407 4 2 1 1 599 596 1932 2100
6408 4 2 1 1 781 785 786 2099
6409 4 2 1 1 1050 1750 1024 1883
6410 4 2 1 1 1745 1821 2003 2057
6411 4 2 1 1 1689 1753 1727 1988
6412 4 2 1 1 378 482 377 406
6413 4 2 1 1 1666 1964 1952 1988
6414 4 2 1 1 516 570 553 2045
6415 4 2 1 1 781 784 785 2099
6416 4 2 1 1 1083 158 1182 1781
6417 4 2 1 1 832 833 776 1907
6418 4 2 1 1 671 672 670 1911
6419 4 2 1 1 435 161 434 2005
6420 4 2 1 1 1672 1923 1808 1981
6421 4 2 1 1 1662 1758 1906 1910
6422 4 2 1 1 1660 1755 1725 1904
6423 4 2 1 1 415 1956 416 2005
6424 4 2 1 1 635 680 695 1934
6425 4 2 1 1 112 724 831 1994
6426 4 2 1 1 12 2033 182 2042
6427 4 2 1 1 403 475 1436 1744
6428 4 2 1 1 679 678 655 1927
6429 4 2 1 1 596 594 595 1899
6430 4 2 1 1 1662 1851 2082 2106
6431 4 2 1 1 20 276 23 2022
6432 4 2 1 1 515 555 550 2107
6433 4 2 1 1 774 850 76 582
6434 4 2 1 1 928 768 122 725
6435 4 2 1 1 596 595 606 1932
6436 4 2 1 1 908 909 863 2098
6437 4 2 1 1 1013 1817 1025 1973
6438 4 2 1 1 484 1098 485 1100
6439 4 2 1 1 718 563 56 578
6440 4 2 1 1 112 831 775 1994
6441 4 2 1 1 266 1022 940 1928
6442 4 2 1 1 207 157 10 2002
6443 4 2 1 1 1654 1705 1792 2086
6444 4 2 1 1 393 352 392 1643
6445 4 2 1 1 1007 931 1750 1960
6446 4 2 1 1 100 865 714 644
6447 4 2 1 1 622 609 601 1995
6448 4 2 1 1 273 274 1850 1975
6449 4 2 1 1 946 1769 1057 1875
6450 4 2 1 1 794 793 792 1950
6451 4 2 1 1 1829 1919 1763 1920
6452 4 2 1 1 1148 1777 268 2042
6453 4 2 1 1 1149 1086 1781 1850
6454 4 2 1 1 1086 458 1781 1850
6455 4 2 1 1 569 509 565 2020
6456 4 2 1 1 855 580 72 516
6457 4 2 1 1 694 636 96 721
6458 4 2 1 1 650 678 664 2104
6459 4 2 1 1 549 511 554 1998
6460 4 2 1 1 563 513 558 2044
6461 4 2 1 1 840 811 775 1889
6462 4 2 1 1 414 406 413 1852
6463 4 2 1 1 405 413 406 1852
6464 4 2 1 1 1852 1906 1808 1910
6465 4 2 1 1 752 775 113 720
6466 4 2 1 1 619 631 589 2056
6467 4 2 1 1 1671 1779 1704 2054
6468 4 2 1 1 12 15 182 2033
6469 4 2 1 1 270 1831 271 1851
6470 4 2 1 1 903 918 920 2099
6471 4 2 1 1 930 726 117 771
6472 4 2 1 1 461 1098 1082 1777
6473 4 2 1 1 926 759 118 2079
6474 4 2 1 1 978 1048 977 1874
6475 4 2 1 1 1745 1806 1780 1961
6476 4 2 1 1 763 751 721 1972
6477 4 2 1 1 1708 1765 2003 2102
6478 4 2 1 1 1151 277 276 1757
6479 4 2 1 1 720 829 114 2058
6480 4 2 1 1 52 519 510 2059
6481 4 2 1 1 636 750 96 721
6482 4 2 1 1 1510 459 460 1857
6483 4 2 1 1 12 2033 2032 2034
6484 4 2 1 1 698 643 697 1953
6485 4 2 1 1 1028 1055 967 2069
6486 4 2 1 1 779 824 856 2056
6487 4 2 1 1 1436 497 474 498
6488 4 2 1 1 233 234 238 1885
6489 4 2 1 1 269 270 1894 2043
6490 4 2 1 1 1510 1458 1461 1984
6491 4 2 1 1 600 599 2018 2100
6492 4 2 1 1 1808 1906 1758 1910
6493 4 2 1 1 277 1757 39 1905
6494 4 2 1 1 1081 299 37 456
6495 4 2 1 1 743 745 735 1921
6496 4 2 1 1 1503 1925 1529 2050
6497 4 2 1 1 1476 1478 1477 1940
6498 4 2 1 1 231 9 1054 2101
6499 4 2 1 1 234 1056 17 1867
6500 4 2 1 1 808 809 807 1990
6501 4 2 1 1 1526 466 467 1933
6502 4 2 1 1 476 1514 1452 1859
6503 4 2 1 1 927 100 865 714
6504 4 2 1 1 1006 2011 255 2014
6505 4 2 1 1 1038 1049 979 1873
6506 4 2 1 1 1452 1500 475 1859
6507 4 2 1 1 1051 1737 944 2047
6508 4 2 1 1 779 856 74 586
6509 4 2 1 1 407 382 408 1729
6510 4 2 1 1 919 859 902 1907
6511 4 2 1 1 720 114 753 2058
6512 4 2 1 1 1823 2018 1917 2100
6513 4 2 1 1 238 237 233 1885
6514 4 2 1 1 854 620 79 633
6515 4 2 1 1 116 853 771 758
6516 4 2 1 1 14 2002 10 2007
6517 4 2 1 1 114 778 753 2058
6518 4 2 1 1 777 69 846 1997
6519 4 2 1 1 488 297 489 362
6520 4 2 1 1 636 713 693 2025
6521 4 2 1 1 642 710 675 1971
6522 4 2 1 1 443 171 170 1969
6523 4 2 1 1 777 512 69 1997
6524 4 2 1 1 1181 268 12 2042
6525 4 2 1 1 905 910 906 2075
6526 4 2 1 1 404 1813 412 1852
6527 4 2 1 1 725 121 868 923
6528 4 2 1 1 418 419 438 1966
6529 4 2 1 1 380 1769 29 1848
6530 4 2 1 1 953 1827 1830 2028
6531 4 2 1 1 1659 1680 1662 1711
6532 4 2 1 1 1754 2003 1821 2057
6533 4 2 1 1 559 551 521 2048
6534 4 2 1 1 304 275 274 1885
6535 4 2 1 1 1713 1732 1722 2089
6536 4 2 1 1 426 427 446 1903
6537 4 2 1 1 402 1436 1437 1744
6538 4 2 1 1 1002 1883 1003 2014
6539 4 2 1 1 874 875 892 2085
6540 4 2 1 1 480 405 1954 2066
6541 4 2 1 1 498 474 1436 475
6542 4 2 1 1 817 772 844 2020
6543 4 2 1 1 453 1086 1088 454
6544 4 2 1 1 1511 1459 1460 1984
6545 4 2 1 1 587 1912 906 2075
6546 4 2 1 1 1028 967 968 2068
6547 4 2 1 1 473 1866 472 2094
6548 4 2 1 1 1730 1821 1943 2088
6549 4 2 1 1 438 437 418 1966
6550 4 2 1 1 720 775 113 829
6551 4 2 1 1 1150 38 460 1856
6552 4 2 1 1 1020 1003 1883 2014
6553 4 2 1 1 265 967 264 2069
6554 4 2 1 1 486 1097 464 487
6555 4 2 1 1 1097 486 464 463
6556 4 2 1 1 13 2002 14 2007
6557 4 2 1 1 299 38 1150 1856
6558 4 2 1 1 825 805 800 1924
6559 4 2 1 1 242 1737 942 1827
6560 4 2 1 1 610 617 585 1886
6561 4 2 1 1 427 426 1871 1974
6562 4 2 1 1 19 1053 267 1830
6563 4 2 1 1 238 304 303 1885
6564 4 2 1 1 1451 1499 473 1866
6565 4 2 1 1 829 775 811 1889
6566 4 2 1 1 784 866 132 853
6567 4 2 1 1 1757 1905 276 2022
6568 4 2 1 1 1721 2016 1893 2085
6569 4 2 1 1 32 1726 1852 2029
6570 4 2 1 1 850 614 76 582
6571 4 2 1 1 274 303 304 1885
6572 4 2 1 1 1436 370 497 498
6573 4 2 1 1 1267 319 1394 1641
6574 4 2 1 1 1394 319 347 1641
6575 4 2 1 1 1271 354 1326 1647
6576 4 2 1 1 354 1271 326 1647
6577 4 2 1 1 1696 1712 1738 1834
6578 4 2 1 1 446 445 426 1903
6579 4 2 1 1 1470 1471 1508 1940
6580 4 2 1 1 856 619 74 586
6581 4 2 1 1 926 118 911 2079
6582 4 2 1 1 643 695 697 2098
6583 4 2 1 1 456 459 1085 460
6584 4 2 1 1 326 327 355 1647
6585 4 2 1 1 355 354 326 1647
6586 4 2 1 1 347 1201 1330 1641
6587 4 2 1 1 1201 347 319 1641
6588 4 2 1 1 960 962 961 1770
6589 4 2 1 1 1745 1705 1780 1806
6590 4 2 1 1 257 258 943 1729
6591 4 2 1 1 1149 1086 1083 1781
6592 4 2 1 1 337 310 309 2087
6593 4 2 1 1 892 882 874 1977
6594 4 2 1 1 602 600 599 2018
6595 4 2 1 1 233 951 955 1849
6596 4 2 1 1 488 25 37 298
6597 4 2 1 1 1729 407 1769 1861
6598 4 2 1 1 303 237 238 1885
6599 4 2 1 1 17 1885 1867 1891
6600 4 2 1 1 1148 1082 1098 1777
6601 4 2 1 1 616 586 619 2056
6602 4 2 1 1 403 1813 404 1923
6603 4 2 1 1 820 821 842 1902
6604 4 2 1 1 404 1923 1813 2066
6605 4 2 1 1 1706 1715 1670 2086
6606 4 2 1 1 164 437 438 1966
6607 4 2 1 1 273 274 1975 2091
6608 4 2 1 1 974 1874 1046 2047
6609 4 2 1 1 773 813 828 2040
6610 4 2 1 1 993 1026 996 2013
6611 4 2 1 1 788 786 787 1938
6612 4 2 1 1 1086 1068 1085 1850
6613 4 2 1 1 380 29 26 1848
6614 4 2 1 1 414 397 398 1737
6615 4 2 1 1 273 1975 272 2091
6616 4 2 1 1 1755 1725 1904 2082
6617 4 2 1 1 443 444 171 1969
6618 4 2 1 1 421 440 439 1967
6619 4 2 1 1 439 420 421 1967
6620 4 2 1 1 224 201 225 1992
6621 4 2 1 1 200 201 224 1992
6622 4 2 1 1 750 762 744 2025
6623 4 2 1 1 114 829 778 2058
6624 4 2 1 1 189 214 213 1966
6625 4 2 1 1 189 190 214 1966
6626 4 2 1 1 630 85 587 927
6627 4 2 1 1 1660 1725 1755 2073
6628 4 2 1 1 972 974 973 2047
6629 4 2 1 1 1677 1718 1653 1756
6630 4 2 1 1 925 623 84 2075
6631 4 2 1 1 520 510 519 2059
6632 4 2 1 1 1499 1450 472 1866
6633 4 2 1 1 1466 1474 1853 2096
6634 4 2 1 1 851 824 841 2056
6635 4 2 1 1 1018 1020 1883 1884
6636 4 2 1 1 973 970 972 2067
6637 4 2 1 1 1098 1097 1080 1831
6638 4 2 1 1 633 588 80 929
6639 4 2 1 1 536 523 520 1983
6640 4 2 1 1 1653 1679 1669 1687
6641 4 2 1 1 459 456 1085 455
6642 4 2 1 1 52 706 519 2059
6643 4 2 1 1 327 1326 355 1647
6644 4 2 1 1 327 1271 1326 1647
6645 4 2 1 1 1267 1330 1201 1641
6646 4 2 1 1 1330 1267 1394 1641
6647 4 2 1 1 486 1098 1099 485
6648 4 2 1 1 986 1025 1031 1817
6649 4 2 1 1 426 1969 425 1974
6650 4 2 1 1 424 1969 423 1974
6651 4 2 1 1 13 272 1781 1965
6652 4 2 1 1 1486 1487 1504 1871
6653 4 2 1 1 449 450 177 1992
6654 4 2 1 1 1484 1485 1486 1871
6655 4 2 1 1 407 408 1944 2010
6656 4 2 1 1 759 726 118 2079
6657 4 2 1 1 370 1436 371 498
6658 4 2 1 1 2033 2041 182 2042
6659 4 2 1 1 38 1941 1856 1946
6660 4 2 1 1 994 2013 996 2015
6661 4 2 1 1 1670 1691 1652 1694
6662 4 2 1 1 442 441 422 1968
6663 4 2 1 1 422 423 442 1968
6664 4 2 1 1 645 563 56 718
6665 4 2 1 1 243 1051 242 1737
6666 4 2 1 1 949 261 262 1848
6667 4 2 1 1 418 1441 419 1853
6668 4 2 1 1 619 589 616 2056
6669 4 2 1 1 405 1852 406 1954
6670 4 2 1 1 1476 1443 1475 1940
6671 4 2 1 1 1656 1696 1712 1738
6672 4 2 1 1 547 548 534 2055
6673 4 2 1 1 606 599 596 1932
6674 4 2 1 1 472 471 367 2094
6675 4 2 1 1 1511 1460 1440 1985
6676 4 2 1 1 1151 487 1097 1069
6677 4 2 1 1 408 1798 400 1944
6678 4 2 1 1 783 855 72 516
6679 4 2 1 1 1878 2031 1818 2070
6680 4 2 1 1 411 1438 390 1673
6681 4 2 1 1 978 976 1049 1874
6682 4 2 1 1 271 1184 1757 1831
6683 4 2 1 1 270 271 267 1894
6684 4 2 1 1 267 266 270 1894
6685 4 2 1 1 500 286 1133 285
6686 4 2 1 1 623 587 84 2075
6687 4 2 1 1 26 261 380 1848
6688 4 2 1 1 1098 1777 462 1831
6689 4 2 1 1 587 618 630 1912
6690 4 2 1 1 1670 1689 1655 1719
6691 4 2 1 1 580 769 57 727
6692 4 2 1 1 522 524 525 2053
6693 4 2 1 1 717 928 109 690
6694 4 2 1 1 299 1150 300 1856
6695 4 2 1 1 1098 1148 1777 1831
6696 4 2 1 1 1487 1485 1488 1871
6697 4 2 1 1 621 924 81 2105
6698 4 2 1 1 868 928 122 725
6699 4 2 1 1 38 25 465 1942
6700 4 2 1 1 696 688 711 1989
6701 4 2 1 1 733 730 732 1935
6702 4 2 1 1 366 401 367 471
6703 4 2 1 1 373 404 374 478
6704 4 2 1 1 878 877 876 2019
6705 4 2 1 1 679 662 680 1978
6706 4 2 1 1 911 118 726 2079
6707 4 2 1 1 379 40 39 27
6708 4 2 1 1 1100 1098 1082 484
6709 4 2 1 1 697 668 698 1953
6710 4 2 1 1 1458 1463 1461 1984
6711 4 2 1 1 847 777 816 1997
6712 4 2 1 1 952 968 1044 2068
6713 4 2 1 1 1508 1475 1442 1940
6714 4 2 1 1 854 123 782 929
6715 4 2 1 1 183 207 10 2002
6716 4 2 1 1 422 1940 423 1974
6717 4 2 1 1 547 534 530 2055
6718 4 2 1 1 1082 2041 1777 2042
6719 4 2 1 1 924 867 81 2105
6720 4 2 1 1 830 849 774 1926
6721 4 2 1 1 1818 1829 1712 2070
6722 4 2 1 1 1654 1705 1750 1792
6723 4 2 1 1 690 928 109 913
6724 4 2 1 1 704 52 510 2059
6725 4 2 1 1 505 379 482 378
6726 4 2 1 1 1694 1736 1698 1791
6727 4 2 1 1 117 911 726 930
6728 4 2 1 1 1518 1495 1494 1880
6729 4 2 1 1 36 2035 35 2041
6730 4 2 1 1 26 1848 29 2087
6731 4 2 1 1 411 1813 403 2097
6732 4 2 1 1 266 1928 265 2071
6733 4 2 1 1 123 912 782 929
6734 4 2 1 1 1527 1462 1465 1984
6735 4 2 1 1 158 13 1781 1964
6736 4 2 1 1 1056 263 17 1867
6737 4 2 1 1 554 511 535 1998
6738 4 2 1 1 260 946 259 1769
6739 4 2 1 1 775 831 840 1994
6740 4 2 1 1 1704 1872 1778 2054
6741 4 2 1 1 20 271 1757 1851
6742 4 2 1 1 483 506 379 482
6743 4 2 1 1 1463 1464 1462 1984
6744 4 2 1 1 676 645 715 2044
6745 4 2 1 1 765 726 747 2079
6746 4 2 1 1 1024 1750 931 1883
6747 4 2 1 1 499 372 477 476
6748 4 2 1 1 372 499 475 476
6749 4 2 1 1 500 372 477 499
6750 4 2 1 1 945 1004 1006 2014
6751 4 2 1 1 1463 1526 1448 1933
6752 4 2 1 1 506 379 39 483
6753 4 2 1 1 808 852 809 1990
6754 4 2 1 1 458 1812 1781 1850
6755 4 2 1 1 34 33 415 2004
6756 4 2 1 1 769 110 757 855
6757 4 2 1 1 916 914 893 2040
6758 4 2 1 1 183 10 14 2002
6759 4 2 1 1 273 272 301 2091
6760 4 2 1 1 1672 1808 1758 1910
6761 4 2 1 1 1813 1981 1744 2097
6762 4 2 1 1 366 401 471 470
6763 4 2 1 1 1657 1723 1754 1955
6764 4 2 1 1 187 210 186 2005
6765 4 2 1 1 187 211 210 2005
6766 4 2 1 1 615 582 629 1926
6767 4 2 1 1 1006 2014 1039 2015
6768 4 2 1 1 465 361 488 362
6769 4 2 1 1 465 25 488 361
6770 4 2 1 1 476 1452 475 1859
6771 4 2 1 1 1521 1501 1518 2051
6772 4 2 1 1 953 1827 971 1828
6773 4 2 1 1 427 428 1796 1871
6774 4 2 1 1 227 203 228 2037
6775 4 2 1 1 203 204 228 2037
6776 4 2 1 1 79 836 620 854
6777 4 2 1 1 167 166 440 1967
6778 4 2 1 1 1754 1821 1745 2091
6779 4 2 1 1 1052 963 1770 1960
6780 4 2 1 1 1051 942 1737 2047
6781 4 2 1 1 477 373 372 500
6782 4 2 1 1 627 608 609 1995
6783 4 2 1 1 1524 1502 1503 2050
6784 4 2 1 1 267 1894 1928 2071
6785 4 2 1 1 1495 1524 1515 1880
6786 4 2 1 1 1034 948 1039 2015
6787 4 2 1 1 84 906 925 2075
6788 4 2 1 1 447 448 175 1993
6789 4 2 1 1 34 434 160 2004
6790 4 2 1 1 954 1908 957 2101
6791 4 2 1 1 440 166 439 1967
6792 4 2 1 1 1087 1086 455 454
6793 4 2 1 1 168 442 169 1968
6794 4 2 1 1 372 499 498 475
6795 4 2 1 1 1680 1831 1777 2043
6796 4 2 1 1 1672 1747 1711 1758
6797 4 2 1 1 301 302 273 2091
6798 4 2 1 1 110 837 757 855
6799 4 2 1 1 57 580 727 561
6800 4 2 1 1 1725 1834 1755 2073
6801 4 2 1 1 624 595 610 2060
6802 4 2 1 1 570 568 553 2045
6803 4 2 1 1 232 236 231 2091
6804 4 2 1 1 653 651 658 2052
6805 4 2 1 1 163 162 436 1957
6806 4 2 1 1 40 379 39 506
6807 4 2 1 1 398 27 28 1644
6808 4 2 1 1 415 434 34 2004
6809 4 2 1 1 1029 2012 253 2015
6810 4 2 1 1 1531 1441 1472 1985
6811 4 2 1 1 460 459 1850 1857
6812 4 2 1 1 906 587 85 927
6813 4 2 1 1 168 441 442 1968
6814 4 2 1 1 552 569 571 1987
6815 4 2 1 1 599 598 596 2100
6816 4 2 1 1 587 906 84 2075
6817 4 2 1 1 20 1909 1757 2022
6818 4 2 1 1 81 867 588 2105
6819 4 2 1 1 164 438 165 1966
6820 4 2 1 1 1755 1894 1851 2043
6821 4 2 1 1 1724 1798 1944 2084
6822 4 2 1 1 839 787 785 1991
6823 4 2 1 1 32 28 2027 2028
6824 4 2 1 1 116 853 758 838
6825 4 2 1 1 482 506 379 505
6826 4 2 1 1 1467 1448 1530 1933
6827 4 2 1 1 1465 1531 1472 1985
6828 4 2 1 1 413 1779 1840 1852
6829 4 2 1 1 890 888 891 2065
6830 4 2 1 1 157 1054 9 2101
6831 4 2 1 1 453 1086 1083 1088
6832 4 2 1 1 631 579 41 589
6833 4 2 1 1 927 865 906 1912
6834 4 2 1 1 81 588 621 2105
6835 4 2 1 1 1704 1722 1817 1973
6836 4 2 1 1 1518 1454 1524 1880
6837 4 2 1 1 1519 1533 1532 2096
6838 4 2 1 1 510 521 551 2048
6839 4 2 1 1 600 602 603 2018
6840 4 2 1 1 368 402 369 2094
6841 4 2 1 1 1813 1923 1744 1981
6842 4 2 1 1 403 1436 402 1744
6843 4 2 1 1 609 588 627 2105
6844 4 2 1 1 462 1782 463 1831
6845 4 2 1 1 780 824 842 1970
6846 4 2 1 1 879 878 880 1982
6847 4 2 1 1 229 206 230 2038
6848 4 2 1 1 206 229 205 2038
6849 4 2 1 1 677 684 663 1996
6850 4 2 1 1 760 747 722 2078
6851 4 2 1 1 184 185 209 2006
6852 4 2 1 1 208 184 209 2006
6853 4 2 1 1 473 1499 472 1866
6854 4 2 1 1 266 940 265 1928
6855 4 2 1 1 1789 2026 1953 2098
6856 4 2 1 1 824 780 841 1970
6857 4 2 1 1 410 388 1439 2012
6858 4 2 1 1 1663 1707 1744 1842
6859 4 2 1 1 813 812 801 2046
6860 4 2 1 1 1150 460 1850 1856
6861 4 2 1 1 382 407 381 1769
6862 4 2 1 1 556 515 577 2107
6863 4 2 1 1 1794 1722 1874 1973
6864 4 2 1 1 2011 2014 1006 2015
6865 4 2 1 1 1656 1738 1712 1748
6866 4 2 1 1 588 867 80 929
6867 4 2 1 1 1038 979 950 1873
6868 4 2 1 1 1678 1740 1724 1820
6869 4 2 1 1 968 2067 1044 2068
6870 4 2 1 1 1663 1724 1707 1842
6871 4 2 1 1 236 235 231 2091
6872 4 2 1 1 10 2007 9 2091
6873 4 2 1 1 746 747 739 1986
6874 4 2 1 1 777 846 816 1997
6875 4 2 1 1 255 2011 2009 2014
6876 4 2 1 1 1829 2069 2034 2076
6877 4 2 1 1 508 573 557 1936
6878 4 2 1 1 13 2007 14 2091
6879 4 2 1 1 1725 1894 1851 2082
6880 4 2 1 1 232 1849 2091 2101
6881 4 2 1 1 236 302 301 2091
6882 4 2 1 1 272 1965 13 2091
6883 4 2 1 1 688 644 714 1912
6884 4 2 1 1 578 728 62 770
6885 4 2 1 1 495 368 496 472
6886 4 2 1 1 240 241 1041 1827
6887 4 2 1 1 887 888 875 2016
6888 4 2 1 1 603 628 587 2075
6889 4 2 1 1 653 654 652 2049
6890 4 2 1 1 1487 1486 1485 1871
6891 4 2 1 1 744 762 733 1980
6892 4 2 1 1 1656 1722 1712 2089
6893 4 2 1 1 1678 1681 1740 1857
6894 4 2 1 1 1005 258 1769 1875
6895 4 2 1 1 176 449 177 1992
6896 4 2 1 1 362 361 399 1942
6897 4 2 1 1 444 443 424 1969
6898 4 2 1 1 424 425 444 1969
6899 4 2 1 1 787 786 785 1991
6900 4 2 1 1 379 378 406 1906
6901 4 2 1 1 1498 1529 1509 1782
6902 4 2 1 1 1098 486 1099 1097
6903 4 2 1 1 537 538 539 2008
6904 4 2 1 1 385 409 408 2009
6905 4 2 1 1 14 2007 10 2091
6906 4 2 1 1 428 448 447 1993
6907 4 2 1 1 52 704 706 2059
6908 4 2 1 1 886 870 873 2092
6909 4 2 1 1 1184 1151 276 1757
6910 4 2 1 1 965 1005 1045 1875
6911 4 2 1 1 1509 1529 1456 1782
6912 4 2 1 1 1455 1510 1461 1984
6913 4 2 1 1 162 161 435 2005
6914 4 2 1 1 367 368 495 472
6915 4 2 1 1 1905 2022 1726 2027
6916 4 2 1 1 1829 1818 2031 2070
6917 4 2 1 1 514 572 562 1970
6918 4 2 1 1 765 747 746 1986
6919 4 2 1 1 1021 1003 1019 1883
6920 4 2 1 1 874 872 875 2085
6921 4 2 1 1 900 101 102 646
6922 4 2 1 1 104 105 869 691
6923 4 2 1 1 235 236 301 2091
6924 4 2 1 1 1851 1755 2043 2082
6925 4 2 1 1 107 106 695 901
6926 4 2 1 1 1671 1704 1778 2054
6927 4 2 1 1 1466 1933 1467 2096
6928 4 2 1 1 408 2009 409 2010
6929 4 2 1 1 1712 2070 1834 2073
6930 4 2 1 1 1678 1797 1681 1857
6931 4 2 1 1 1745 1821 1754 2003
6932 4 2 1 1 731 754 742 2077
6933 4 2 1 1 396 397 414 1737
6934 4 2 1 1 668 660 686 2021
6935 4 2 1 1 1724 1944 1820 2084
6936 4 2 1 1 150 1792 1960 1966
6937 4 2 1 1 1723 1885 1754 1955
6938 4 2 1 1 789 791 790 2064
6939 4 2 1 1 517 41 579 589
6940 4 2 1 1 265 2071 264 2072
6941 4 2 1 1 694 640 708 1972
6942 4 2 1 1 504 505 481 377
6943 4 2 1 1 505 482 481 377
6944 4 2 1 1 985 1032 984 1973
6945 4 2 1 1 1721 1726 1852 1910
6946 4 2 1 1 429 448 428 1993
6947 4 2 1 1 1763 1829 1814 1919
6948 4 2 1 1 9 2091 2007 2102
6949 4 2 1 1 1724 1740 1668 1773
6950 4 2 1 1 13 1964 2002 2007
6951 4 2 1 1 13 1964 158 2002
6952 4 2 1 1 744 733 734 1980
6953 4 2 1 1 20 271 1851 1894
6954 4 2 1 1 635 106 105 860
6955 4 2 1 1 86 712 617 632
6956 4 2 1 1 1723 1657 1754 2057
6957 4 2 1 1 139 1920 1794 1992
6958 4 2 1 1 1150 456 1081 1085
6959 4 2 1 1 638 103 102 861
6960 4 2 1 1 730 729 719 1936
6961 4 2 1 1 1460 1527 1440 1985
6962 4 2 1 1 377 505 482 378
6963 4 2 1 1 1490 423 1940 1974
6964 4 2 1 1 978 1049 1873 1874
6965 4 2 1 1 1765 1959 1753 1988
6966 4 2 1 1 975 974 972 2047
6967 4 2 1 1 1057 1043 1770 1848
6968 4 2 1 1 1849 1867 233 1885
6969 4 2 1 1 179 452 180 2037
6970 4 2 1 1 405 377 376 1954
6971 4 2 1 1 899 103 104 689
6972 4 2 1 1 901 863 909 2098
6973 4 2 1 1 477 1523 1859 2051
6974 4 2 1 1 176 1992 200 1993
6975 4 2 1 1 30 1942 1797 1944
6976 4 2 1 1 1495 1518 1524 1880
6977 4 2 1 1 1274 1212 1216 1428
6978 4 2 1 1 686 660 665 2021
6979 4 2 1 1 1470 1468 1469 2096
6980 4 2 1 1 712 86 716 632
6981 4 2 1 1 619 73 851 856
6982 4 2 1 1 789 790 788 2064
6983 4 2 1 1 1755 2081 2043 2082
6984 4 2 1 1 1507 1871 426 1974
6985 4 2 1 1 504 481 376 377
6986 4 2 1 1 965 1047 1005 1875
6987 4 2 1 1 2032 2033 12 2081
6988 4 2 1 1 1659 2082 1904 2106
6989 4 2 1 1 1084 1150 1850 1856
6990 4 2 1 1 468 490 363 467
6991 4 2 1 1 1661 1734 1707 1736
6992 4 2 1 1 688 714 92 618
6993 4 2 1 1 1457 482 483 1925
6994 4 2 1 1 282 502 376 503
6995 4 2 1 1 957 1849 1023 2101
6996 4 2 1 1 566 512 567 1997
6997 4 2 1 1 767 720 753 2058
6998 4 2 1 1 977 976 978 1874
6999 4 2 1 1 62 518 728 578
7000 4 2 1 1 1704 1722 1671 1817
7001 4 2 1 1 851 856 824 2056
7002 4 2 1 1 1497 1537 433 1782
7003 4 2 1 1 46 577 632 590
7004 4 2 1 1 433 1537 35 1782
7005 4 2 1 1 1704 1671 1778 1817
7006 4 2 1 1 865 100 101 644
7007 4 2 1 1 1851 1894 1725 1909
7008 4 2 1 1 405 1852 1808 2066
7009 4 2 1 1 1747 1758 1672 1808
7010 4 2 1 1 1478 1476 1533 1940
7011 4 2 1 1 47 705 577 515
7012 4 2 1 1 849 835 805 2093
7013 4 2 1 1 500 286 499 1133
7014 4 2 1 1 469 493 366 492
7015 4 2 1 1 374 479 502 478
7016 4 2 1 1 478 502 374 501
7017 4 2 1 1 1662 2082 1659 2106
7018 4 2 1 1 2043 2072 12 2081
7019 4 2 1 1 478 1923 477 2066
7020 4 2 1 1 1723 1754 1821 2057
7021 4 2 1 1 600 598 599 2100
7022 4 2 1 1 1183 300 1150 1856
7023 4 2 1 1 1678 1820 1797 1857
7024 4 2 1 1 1662 1680 1659 2082
7025 4 2 1 1 12 182 1181 2042
7026 4 2 1 1 1454 480 481 2050
7027 4 2 1 1 714 630 92 618
7028 4 2 1 1 59 60 508 719
7029 4 2 1 1 380 340 1640 1649
7030 4 2 1 1 832 126 127 859
7031 4 2 1 1 766 740 741 2074
7032 4 2 1 1 1807 1765 1964 1988
7033 4 2 1 1 942 1827 1737 2047
7034 4 2 1 1 31 1905 1726 2027
7035 4 2 1 1 320 389 348 1646
7036 4 2 1 1 479 375 405 2066
7037 4 2 1 1 507 44 43 581
7038 4 2 1 1 1038 1873 1032 1973
7039 4 2 1 1 1459 1455 1460 1984
7040 4 2 1 1 373 501 478 374
7041 4 2 1 1 489 466 362 1639
7042 4 2 1 1 1444 1790 1507 1974
7043 4 2 1 1 125 126 776 902
7044 4 2 1 1 409 2010 410 2097
7045 4 2 1 1 1086 1087 455 1085
7046 4 2 1 1 267 1834 1830 1928
7047 4 2 1 1 862 130 129 826
7048 4 2 1 1 1732 1739 1722 2089
7049 4 2 1 1 268 264 11 2072
7050 4 2 1 1 268 11 12 2072
7051 4 2 1 1 610 595 592 2060
7052 4 2 1 1 577 46 556 590
7053 4 2 1 1 370 496 369 1437
7054 4 2 1 1 257 383 1729 2009
7055 4 2 1 1 1670 1686 1691 1694
7056 4 2 1 1 1534 1512 1457 1925
7057 4 2 1 1 1678 1740 1820 1857
7058 4 2 1 1 1028 967 2068 2069
7059 4 2 1 1 682 704 683 2059
7060 4 2 1 1 1080 1097 1096 1831
7061 4 2 1 1 14 13 158 2002
7062 4 2 1 1 249 391 1673 1778
7063 4 2 1 1 1068 1084 1085 1850
7064 4 2 1 1 1674 1683 1684 1766
7065 4 2 1 1 414 1840 1737 2029
7066 4 2 1 1 458 1459 457 1812
7067 4 2 1 1 716 47 705 577
7068 4 2 1 1 1182 1149 1083 1781
7069 4 2 1 1 287 497 1134 288
7070 4 2 1 1 115 114 778 753
7071 4 2 1 1 207 2001 157 2002
7072 4 2 1 1 78 77 615 830
7073 4 2 1 1 941 1778 1012 1817
7074 4 2 1 1 1686 1691 1694 1766
7075 4 2 1 1 944 1737 1873 1874
7076 4 2 1 1 1779 1852 413 2054
7077 4 2 1 1 1691 1736 1694 1791
7078 4 2 1 1 1453 478 479 2051
7079 4 2 1 1 266 265 1894 2071
7080 4 2 1 1 1498 1509 1497 1782
7081 4 2 1 1 108 107 643 863
7082 4 2 1 1 30 1797 1785 1944
7083 4 2 1 1 1679 1713 1653 1720
7084 4 2 1 1 171 170 1067 443
7085 4 2 1 1 1798 400 1944 2084
7086 4 2 1 1 268 1777 1148 2043
7087 4 2 1 1 129 128 916 773
7088 4 2 1 1 1533 1471 1532 2096
7089 4 2 1 1 515 556 555 2107
7090 4 2 1 1 284 500 373 501
7091 4 2 1 1 433 432 2036 2037
7092 4 2 1 1 408 1729 383 2009
7093 4 2 1 1 1009 1769 260 1848
7094 4 2 1 1 253 2012 2011 2015
7095 4 2 1 1 952 1028 968 2068
7096 4 2 1 1 233 1849 1885 2091
7097 4 2 1 1 29 30 1785 1944
7098 4 2 1 1 30 399 1942 1944
7099 4 2 1 1 281 503 376 504
7100 4 2 1 1 678 692 664 2104
7101 4 2 1 1 399 466 1942 2084
7102 4 2 1 1 970 973 1044 2067
7103 4 2 1 1 1055 264 967 2069
7104 4 2 1 1 1458 1510 1535 1857
7105 4 2 1 1 493 469 366 470
7106 4 2 1 1 1730 1867 1821 2088
7107 4 2 1 1 363 467 2084 2090
7108 4 2 1 1 1533 1508 1471 1940
7109 4 2 1 1 1928 2070 2069 2071
7110 4 2 1 1 1050 1750 1875 1960
7111 4 2 1 1 401 2094 2083 2097
7112 4 2 1 1 764 724 752 1994
7113 4 2 1 1 1677 1679 1653 1718
7114 4 2 1 1 851 631 73 619
7115 4 2 1 1 702 645 676 2044
7116 4 2 1 1 953 1828 1022 1830
7117 4 2 1 1 471 366 494 367
7118 4 2 1 1 751 98 97 640
7119 4 2 1 1 94 95 693 723
7120 4 2 1 1 490 468 363 491
7121 4 2 1 1 39 483 379 1906
7122 4 2 1 1 1502 1524 1454 2050
7123 4 2 1 1 1656 1712 1722 1748
7124 4 2 1 1 1707 1724 1773 1842
7125 4 2 1 1 423 1969 1968 1974
7126 4 2 1 1 1459 1511 1536 1812
7127 4 2 1 1 609 608 601 1995
7128 4 2 1 1 1448 1526 467 1933
7129 4 2 1 1 914 128 127 828
7130 4 2 1 1 375 479 502 374
7131 4 2 1 1 1074 446 1120 173
7132 4 2 1 1 1532 1450 1519 2096
7133 4 2 1 1 724 111 112 831
7134 4 2 1 1 973 972 2047 2067
7135 4 2 1 1 154 2006 1958 2103
7136 4 2 1 1 1067 170 1138 443
7137 4 2 1 1 805 835 810 2093
7138 4 2 1 1 747 726 759 2079
7139 4 2 1 1 1530 1448 468 1933
7140 4 2 1 1 1454 1518 1501 2051
7141 4 2 1 1 778 829 839 2058
7142 4 2 1 1 1511 1440 416 1985
7143 4 2 1 1 495 289 290 1614
7144 4 2 1 1 364 363 2084 2090
7145 4 2 1 1 1134 497 1076 288
7146 4 2 1 1 428 1767 1796 1993
7147 4 2 1 1 896 926 911 2079
7148 4 2 1 1 1673 1671 1778 2054
7149 4 2 1 1 470 2083 401 2094
7150 4 2 1 1 287 497 498 1134
7151 4 2 1 1 39 379 27 1906
7152 4 2 1 1 171 1067 1139 444
7153 4 2 1 1 1453 1501 1521 2051
7154 4 2 1 1 87 88 585 641
7155 4 2 1 1 1673 1778 1671 1817
7156 4 2 1 1 1013 1778 941 1817
7157 4 2 1 1 1737 1874 944 2047
7158 4 2 1 1 54 53 551 639
7159 4 2 1 1 774 76 77 582
7160 4 2 1 1 1449 1469 1468 2096
7161 4 2 1 1 1757 1909 1905 2022
7162 4 2 1 1 1729 1750 1730 1770
7163 4 2 1 1 998 1040 1884 2015
7164 4 2 1 1 465 466 1458 1857
7165 4 2 1 1 1564 1138 443 1067
7166 4 2 1 1 443 444 1067 171
7167 4 2 1 1 274 1885 275 1975
7168 4 2 1 1 1614 289 290 1141
7169 4 2 1 1 478 477 1923 2051
7170 4 2 1 1 1680 2041 2033 2042
7171 4 2 1 1 1829 1818 1919 2031
7172 4 2 1 1 495 289 1614 496
7173 4 2 1 1 898 867 924 2105
7174 4 2 1 1 1680 1851 1831 2043
7175 4 2 1 1 1730 1750 1705 1770
7176 4 2 1 1 273 1850 1781 1975
7177 4 2 1 1 1726 1905 1909 2022
7178 4 2 1 1 421 1791 422 1967
7179 4 2 1 1 1784 1861 1798 2010
7180 4 2 1 1 1216 1286 1309 1405
7181 4 2 1 1 470 1513 1449 2096
7182 4 2 1 1 903 131 130 781
7183 4 2 1 1 1139 1564 1067 1159
7184 4 2 1 1 1139 1564 1159 1542
7185 4 2 1 1 497 289 1076 288
7186 4 2 1 1 470 494 366 493
7187 4 2 1 1 494 470 366 471
7188 4 2 1 1 1475 1508 1476 1940
7189 4 2 1 1 1139 1564 444 1067
7190 4 2 1 1 1146 1603 1159 1564
7191 4 2 1 1 497 1134 1076 1548
7192 4 2 1 1 1680 2033 2030 2081
7193 4 2 1 1 1597 286 498 1079
7194 4 2 1 1 927 630 6 714
7195 4 2 1 1 443 169 1138 1541
7196 4 2 1 1 1138 1564 1146 1067
7197 4 2 1 1 1138 1564 1541 1146
7198 4 2 1 1 1507 1790 1482 1871
7199 4 2 1 1 1713 1720 1732 2089
7200 4 2 1 1 370 321 349 1642
7201 4 2 1 1 7 768 928 717
7202 4 2 1 1 3 718 578 770
7203 4 2 1 1 1813 1923 1852 2066
7204 4 2 1 1 1919 2038 135 2076
7205 4 2 1 1 172 444 1139 1542
7206 4 2 1 1 497 287 370 288
7207 4 2 1 1 31 27 1905 2027
7208 4 2 1 1 1138 1066 1541 169
7209 4 2 1 1 287 1079 1134 498
7210 4 2 1 1 1503 1502 1457 2050
7211 4 2 1 1 4 769 580 855
7212 4 2 1 1 1074 1542 172 1139
7213 4 2 1 1 446 1074 1580 445
7214 4 2 1 1 361 465 25 1942
7215 4 2 1 1 29 25 26 2087
7216 4 2 1 1 5 854 633 929
7217 4 2 1 1 125 124 864 834
7218 4 2 1 1 964 1875 1770 1960
7219 4 2 1 1 500 1133 499 1549
7220 4 2 1 1 1736 1791 1691 1974
7221 4 2 1 1 971 1828 1827 2047
7222 4 2 1 1 1603 1168 1146 1159
7223 4 2 1 1 762 750 723 2025
7224 4 2 1 1 85 84 587 906
7225 4 2 1 1 1728 1705 1792 1803
7226 4 2 1 1 170 169 1138 443
7227 4 2 1 1 925 906 910 2075
7228 4 2 1 1 1535 1510 460 1857
7229 4 2 1 1 446 1074 1120 1580
7230 4 2 1 1 1794 1817 1722 1973
7231 4 2 1 1 1023 1849 232 2101
7232 4 2 1 1 621 588 609 2105
7233 4 2 1 1 48 49 642 550
7234 4 2 1 1 637 90 89 583
7235 4 2 1 1 764 742 754 2077
7236 4 2 1 1 1534 464 1512 1925
7237 4 2 1 1 1050 1875 1750 1883
7238 4 2 1 1 1662 1711 1680 1782
7239 4 2 1 1 444 172 1139 171
7240 4 2 1 1 387 2011 253 2012
7241 4 2 1 1 410 2012 1673 2054
7242 4 2 1 1 374 392 373 1643
7243 4 2 1 1 930 8 853 771
7244 4 2 1 1 287 286 1079 498
7245 4 2 1 1 587 623 603 2075
7246 4 2 1 1 498 1548 1079 1134
7247 4 2 1 1 1745 2091 1849 2101
7248 4 2 1 1 1726 1840 1721 1852
7249 4 2 1 1 1074 1602 1542 1123
7250 4 2 1 1 1597 286 1079 1133
7251 4 2 1 1 2 579 631 851
7252 4 2 1 1 720 113 114 829
7253 4 2 1 1 1146 1603 1564 1559
7254 4 2 1 1 444 443 1067 1564
7255 4 2 1 1 779 74 75 586
7256 4 2 1 1 56 55 563 645
7257 4 2 1 1 978 1874 1873 1973
7258 4 2 1 1 1138 1564 443 1541
7259 4 2 1 1 29 407 30 1944
7260 4 2 1 1 1159 1542 1564 1603
7261 4 2 1 1 1602 1074 1542 1580
7262 4 2 1 1 1808 1954 405 2066
7263 4 2 1 1 868 122 121 725
7264 4 2 1 1 497 1134 1548 498
7265 4 2 1 1 432 1782 433 2036
7266 4 2 1 1 497 289 370 496
7267 4 2 1 1 634 50 51 549
7268 4 2 1 1 472 471 2094 2095
7269 4 2 1 1 858 120 119 722
7270 4 2 1 1 35 2036 1782 2041
7271 4 2 1 1 1564 1139 444 1542
7272 4 2 1 1 30 407 399 1944
7273 4 2 1 1 1025 1817 986 1973
7274 4 2 1 1 400 2083 1798 2097
7275 4 2 1 1 1490 1790 1444 1974
7276 4 2 1 1 867 80 81 588
7277 4 2 1 1 33 1962 415 2004
7278 4 2 1 1 411 1673 391 1778
7279 4 2 1 1 1692 1697 1686 2086
7280 4 2 1 1 82 83 857 584
7281 4 2 1 1 1603 1168 1559 1146
7282 4 2 1 1 1785 2063 1946 2087
7283 4 2 1 1 418 1853 419 1956
7284 4 2 1 1 1541 1146 1564 1559
7285 4 2 1 1 441 1967 422 1968
7286 4 2 1 1 962 1770 964 1875
7287 4 2 1 1 370 349 389 1642
7288 4 2 1 1 2030 2032 2033 2034
7289 4 2 1 1 408 409 1798 2010
7290 4 2 1 1 750 96 95 636
7291 4 2 1 1 1123 1603 1542 1159
7292 4 2 1 1 96 97 694 721
7293 4 2 1 1 382 1729 407 1769
7294 4 2 1 1 711 91 90 613
7295 4 2 1 1 1542 1074 172 445
7296 4 2 1 1 1066 1541 169 442
7297 4 2 1 1 1757 1662 1905 1909
7298 4 2 1 1 42 41 517 589
7299 4 2 1 1 476 475 1744 1859
7300 4 2 1 1 1074 1602 1121 1580
7301 4 2 1 1 267 1830 1022 1928
7302 4 2 1 1 269 2043 1894 2072
7303 4 2 1 1 1121 1602 1124 1584
7304 4 2 1 1 1074 1602 1123 1121
7305 4 2 1 1 65 64 780 514
7306 4 2 1 1 1123 1139 1159 1542
7307 4 2 1 1 11 2032 12 2072
7308 4 2 1 1 132 131 866 784
7309 4 2 1 1 200 1992 224 1993
7310 4 2 1 1 408 1729 2009 2010
7311 4 2 1 1 287 497 370 498
7312 4 2 1 1 286 1597 498 499
7313 4 2 1 1 408 1798 409 2097
7314 4 2 1 1 443 169 1541 442
7315 4 2 1 1 1146 1159 1067 1564
7316 4 2 1 1 1125 1123 1603 1602
7317 4 2 1 1 118 117 911 726
7318 4 2 1 1 1584 1121 1602 1581
7319 4 2 1 1 966 1047 1875 1883
7320 4 2 1 1 400 1798 408 2097
7321 4 2 1 1 1831 1851 270 2043
7322 4 2 1 1 783 72 71 516
7323 4 2 1 1 172 444 1542 445
7324 4 2 1 1 1527 1465 1472 1985
7325 4 2 1 1 976 1874 974 2047
7326 4 2 1 1 688 92 91 618
7327 4 2 1 1 556 46 45 590
7328 4 2 1 1 1472 1441 418 1985
7329 4 2 1 1 297 488 361 362
7330 4 2 1 1 1562 1125 1168 1603
7331 4 2 1 1 1122 1581 1126 1583
7332 4 2 1 1 1138 1117 1146 1541
7333 4 2 1 1 1117 1541 1559 1146
7334 4 2 1 1 1584 1126 1121 1581
7335 4 2 1 1 1563 1623 1076 1154
7336 4 2 1 1 1470 1469 1471 2096
7337 4 2 1 1 1602 1603 1125 1604
7338 4 2 1 1 222 1903 198 1993
7339 4 2 1 1 690 109 108 913
7340 4 2 1 1 1583 1122 1581 1582
7341 4 2 1 1 1548 498 1079 1597
7342 4 2 1 1 1120 1581 1122 1543
7343 4 2 1 1 1597 286 1133 499
7344 4 2 1 1 1562 1604 1164 1125
7345 4 2 1 1 1076 1134 1162 1623
7346 4 2 1 1 206 2034 230 2038
7347 4 2 1 1 1666 1774 1964 1988
7348 4 2 1 1 1121 1120 1580 1581
7349 4 2 1 1 727 58 57 561
7350 4 2 1 1 439 1966 420 1967
7351 4 2 1 1 467 468 1448 1933
7352 4 2 1 1 242 398 1737 1827
7353 4 2 1 1 1124 1126 1121 1584
7354 4 2 1 1 66 67 509 772
7355 4 2 1 1 1124 1604 1602 1125
7356 4 2 1 1 1738 1696 1830 2029
7357 4 2 1 1 1108 1063 1109 1637
7358 4 2 1 1 1581 1120 1580 1543
7359 4 2 1 1 1066 1117 1138 1541
7360 4 2 1 1 370 289 369 496
7361 4 2 1 1 1560 1562 1162 1119
7362 4 2 1 1 1581 1120 1122 1121
7363 4 2 1 1 1511 415 1536 1812
7364 4 2 1 1 1462 1461 1463 1984
7365 4 2 1 1 1562 1125 1603 1604
7366 4 2 1 1 775 113 112 752
7367 4 2 1 1 488 25 298 361
7368 4 2 1 1 946 1005 1769 1875
7369 4 2 1 1 495 494 1073 291
7370 4 2 1 1 1124 1123 1125 1602
7371 4 2 1 1 11 2069 2070 2071
7372 4 2 1 1 61 62 518 728
7373 4 2 1 1 1968 1969 1691 1974
7374 4 2 1 1 495 291 367 494
7375 4 2 1 1 289 497 1076 1613
7376 4 2 1 1 1726 1725 1894 1909
7377 4 2 1 1 1562 1119 1559 1168
7378 4 2 1 1 158 1964 1781 1999
7379 4 2 1 1 1164 1125 1168 1562
7380 4 2 1 1 379 279 329 378
7381 4 2 1 1 284 500 1598 1064
7382 4 2 1 1 469 2090 2083 2095
7383 4 2 1 1 1002 1729 943 1883
7384 4 2 1 1 1965 1975 1885 2091
7385 4 2 1 1 407 1769 1861 2088
7386 4 2 1 1 1508 1533 1476 1940
7387 4 2 1 1 1123 1074 1139 1542
7388 4 2 1 1 1154 1076 1162 1623
7389 4 2 1 1 1076 1134 1623 1548
7390 4 2 1 1 777 70 69 512
7391 4 2 1 1 1603 1123 1542 1602
7392 4 2 1 1 168 442 1066 169
7393 4 2 1 1 912 124 123 782
7394 4 2 1 1 1548 1076 497 1613
7395 4 2 1 1 1579 1109 1110 1063
7396 4 2 1 1 9 2001 2101 2102
7397 4 2 1 1 1543 1122 1135 1582
7398 4 2 1 1 1709 1722 1713 1794
7399 4 2 1 1 370 287 498 371
7400 4 2 1 1 1582 1135 1543 1594
7401 4 2 1 1 425 1969 424 1974
7402 4 2 1 1 1928 2068 940 2069
7403 4 2 1 1 411 412 1813 2054
7404 4 2 1 1 513 55 54 702
7405 4 2 1 1 471 1450 1513 2096
7406 4 2 1 1 1562 1119 1560 1559
7407 4 2 1 1 1057 1770 961 1875
7408 4 2 1 1 1542 1074 445 1580
7409 4 2 1 1 407 29 1769 2088
7410 4 2 1 1 1807 1964 1959 1988
7411 4 2 1 1 1168 1603 1559 1562
7412 4 2 1 1 430 1992 449 1993
7413 4 2 1 1 1079 1156 1164 1616
7414 4 2 1 1 35 1537 461 1782
7415 4 2 1 1 1125 1123 1159 1603
7416 4 2 1 1 1582 1145 1135 1594
7417 4 2 1 1 1272 1397 328 1205
7418 4 2 1 1 356 1272 1327 1397
7419 4 2 1 1 1327 357 1398 1206
7420 4 2 1 1 188 1343 1188 187
7421 4 2 1 1 210 185 209 1334
7422 4 2 1 1 347 1201 348 1330
7423 4 2 1 1 1201 1395 348 1330
7424 4 2 1 1 318 1325 345 1200
7425 4 2 1 1 329 358 1206 330
7426 4 2 1 1 1200 1267 318 1325
7427 4 2 1 1 349 1202 321 322
7428 4 2 1 1 1206 358 357 1398
7429 4 2 1 1 347 1201 319 348
7430 4 2 1 1 318 1394 1325 1267
7431 4 2 1 1 320 319 1201 348
7432 4 2 1 1 1325 318 345 346
7433 4 2 1 1 356 1272 1397 328
7434 4 2 1 1 1200 345 318 317
7435 4 2 1 1 358 329 1206 357
7436 4 2 1 1 1205 327 1271 1326
7437 4 2 1 1 321 1395 1202 349
7438 4 2 1 1 319 318 1267 1394
7439 4 2 1 1 348 1268 1201 320
7440 4 2 1 1 1397 327 1326 355
7441 4 2 1 1 1395 321 1202 1268
7442 4 2 1 1 346 347 1394 318
7443 4 2 1 1 1394 318 1325 346
7444 4 2 1 1 319 1394 347 318
7445 4 2 1 1 1268 348 1201 1395
7446 4 2 1 1 328 355 1397 356
7447 4 2 1 1 355 328 1397 327
7448 4 2 1 1 327 1397 1326 1205
7449 4 2 1 1 356 1272 357 1327
7450 4 2 1 1 1272 356 357 328
7451 4 2 1 1 357 1272 1206 1327
7452 4 2 1 1 1272 328 357 329
7453 4 2 1 1 327 1397 1205 328
7454 4 2 1 1 357 1272 329 1206
7455 4 2 1 1 193 218 1259 217
7456 4 2 1 1 1195 1317 226 1388
7457 4 2 1 1 193 194 1259 218
7458 4 2 1 1 203 1388 226 227
7459 4 2 1 1 203 226 1195 202
7460 4 2 1 1 1388 203 226 1195
7461 4 2 1 1 1256 228 203 204
7462 4 2 1 1 218 217 1315 1259
7463 4 2 1 1 1317 1195 226 1263
7464 4 2 1 1 1195 226 1263 202
7465 4 2 1 1 226 225 1317 1263
7466 4 2 1 1 220 1192 221 196
7467 4 2 1 1 1192 221 196 197
7468 4 2 1 1 188 1343 1319 1188
7469 4 2 1 1 1343 188 1319 212
7470 4 2 1 1 1382 1259 194 218
7471 4 2 1 1 1259 1382 1315 218
7472 4 2 1 1 1259 1382 194 1191
7473 4 2 1 1 1382 194 1191 195
7474 4 2 1 1 210 1187 185 1334
7475 4 2 1 1 1187 210 185 186
7476 4 2 1 1 1217 210 1187 186
7477 4 2 1 1 1334 1217 210 1187
7478 4 2 1 1 1334 1217 1313 210
7479 4 2 1 1 1343 1217 1188 187
7480 4 2 1 1 1217 1343 211 187
7481 4 2 1 1 1384 1259 217 193
7482 4 2 1 1 1259 1384 217 1315
7483 4 2 1 1 1384 1259 193 1190
7484 4 2 1 1 211 210 1217 187
7485 4 2 1 1 186 187 1217 210
7486 4 2 1 1 1343 1217 211 1313
7487 4 2 1 1 1381 1192 220 1260
7488 4 2 1 1 217 216 1384 193
7489 4 2 1 1 192 193 1384 216
7490 4 2 1 1 1343 1217 1275 1188
7491 4 2 1 1 211 210 1313 1217
7492 4 2 1 1 1217 1343 1275 1313
7493 4 2 1 1 192 193 1190 1384
7494 4 2 1 1 1382 195 1260 219
7495 4 2 1 1 195 1382 1260 1191
7496 4 2 1 1 196 1192 1260 220
7497 4 2 1 1 1313 1336 1343 1275
7498 4 2 1 1 1381 219 1382 1260
7499 4 2 1 1 195 220 1260 219
7500 4 2 1 1 195 220 196 1260
7501 4 2 1 1 191 1314 1189 190
7502 4 2 1 1 1381 1192 1260 1236
7503 4 2 1 1 220 219 1381 1260
7504 4 2 1 1 224 1262 223 1316
7505 4 2 1 1 1360 1235 1358 1359
7506 4 2 1 1 1358 1357 1359 1235
7507 4 2 1 1 1360 1234 1235 1236
7508 4 2 1 1 1217 1334 1213 1187
7509 4 2 1 1 1275 1313 1213 1217
7510 4 2 1 1 1334 1217 1213 1313
7511 4 2 1 1 1359 1237 1360 1235
7512 4 2 1 1 1234 1360 1235 1358
7513 4 2 1 1 1319 189 1383 213
7514 4 2 1 1 1192 220 221 1322
7515 4 2 1 1 1192 1381 220 1322
7516 4 2 1 1 1237 1360 1235 1236
7517 4 2 1 1 188 1319 1218 1188
7518 4 2 1 1 189 1319 1218 188
7519 4 2 1 1 1381 1192 1236 1322
7520 4 2 1 1 1360 1322 1381 1236
7521 4 2 1 1 1236 1381 1360 1234
7522 4 2 1 1 1383 189 214 213
7523 4 2 1 1 1345 1218 1383 1319
7524 4 2 1 1 1234 1356 1382 1358
7525 4 2 1 1 1358 1360 1381 1234
7526 4 2 1 1 1236 1234 1260 1381
7527 4 2 1 1 197 1385 1192 221
7528 4 2 1 1 189 1319 1383 1218
7529 4 2 1 1 1257 1345 1218 1383
7530 4 2 1 1 1385 197 1192 1261
7531 4 2 1 1 1314 191 1258 215
7532 4 2 1 1 1260 1382 1234 1191
7533 4 2 1 1 224 1262 1387 200
7534 4 2 1 1 1382 1260 1234 1381
7535 4 2 1 1 1677 1775 1756 1877
7536 4 2 1 1 409 2009 385 2011
7537 4 2 1 1 349 1202 322 1320
7538 4 2 1 1 349 1395 1202 1320
7539 4 2 1 1 322 349 1320 350
7540 4 2 1 1 191 1314 1258 1189
7541 4 2 1 1 1262 224 1387 1316
7542 4 2 1 1 1569 1538 1570 1177
7543 4 2 1 1 221 1322 1385 1192
7544 4 2 1 1 215 1314 1380 1258
7545 4 2 1 1 1387 1262 1194 200
7546 4 2 1 1 1257 214 189 190
7547 4 2 1 1 189 1383 214 1257
7548 4 2 1 1 99 98 756 700
7549 4 2 1 1 1382 1234 1358 1381
7550 4 2 1 1 1356 1357 1358 1233
7551 4 2 1 1 1345 1219 1218 1344
7552 4 2 1 1 1258 1384 216 192
7553 4 2 1 1 1258 1384 192 1190
7554 4 2 1 1 1234 1356 1358 1233
7555 4 2 1 1 1263 1387 201 225
7556 4 2 1 1 1263 1387 225 1317
7557 4 2 1 1 1314 214 1257 190
7558 4 2 1 1 189 1383 1257 1218
7559 4 2 1 1 1344 1275 1188 1343
7560 4 2 1 1 1344 1275 1343 1336
7561 4 2 1 1 1358 1357 1235 1233
7562 4 2 1 1 190 1257 1314 1189
7563 4 2 1 1 1192 1385 1362 1322
7564 4 2 1 1 1314 214 1383 1257
7565 4 2 1 1 1362 1261 1192 1238
7566 4 2 1 1 1385 1192 1362 1261
7567 4 2 1 1 1384 1258 216 1380
7568 4 2 1 1 1362 1236 1237 1238
7569 4 2 1 1 1236 1362 1237 1360
7570 4 2 1 1 1362 1237 1239 1238
7571 4 2 1 1 1192 1362 1238 1236
7572 4 2 1 1 201 1387 224 225
7573 4 2 1 1 200 201 1387 224
7574 4 2 1 1 198 1386 1385 222
7575 4 2 1 1 1523 1516 1871 2051
7576 4 2 1 1 1387 1263 201 1194
7577 4 2 1 1 1233 1235 1358 1234
7578 4 2 1 1 1218 1345 1344 1319
7579 4 2 1 1 1238 1364 1261 1240
7580 4 2 1 1 1386 198 1385 1193
7581 4 2 1 1 1275 1344 1188 1219
7582 4 2 1 1 1680 1851 2043 2082
7583 4 2 1 1 1192 1362 1236 1322
7584 4 2 1 1 1236 1362 1360 1322
7585 4 2 1 1 1562 1560 1162 1623
7586 4 2 1 1 1193 198 1385 1261
7587 4 2 1 1 197 198 1261 1385
7588 4 2 1 1 1257 1348 1345 1383
7589 4 2 1 1 1315 1354 1356 1230
7590 4 2 1 1 1373 1250 1195 1248
7591 4 2 1 1 1356 1234 1382 1232
7592 4 2 1 1 216 215 1380 1258
7593 4 2 1 1 1345 1257 1218 1220
7594 4 2 1 1 199 222 223 1386
7595 4 2 1 1 199 222 1386 198
7596 4 2 1 1 200 201 1194 1387
7597 4 2 1 1 1344 1188 1319 1343
7598 4 2 1 1 1219 1345 1218 1220
7599 4 2 1 1 1228 1384 1230 1354
7600 4 2 1 1 1263 1371 1373 1248
7601 4 2 1 1 1262 223 1386 199
7602 4 2 1 1 1344 1218 1319 1188
7603 4 2 1 1 1228 1384 1354 1352
7604 4 2 1 1 223 1262 1386 1316
7605 4 2 1 1 1263 1371 1248 1246
7606 4 2 1 1 1122 1145 1135 1582
7607 4 2 1 1 1234 1356 1233 1232
7608 4 2 1 1 1259 1384 1230 1190
7609 4 2 1 1 1384 1259 1230 1315
7610 4 2 1 1 1373 1263 1195 1317
7611 4 2 1 1 1317 1373 1388 1195
7612 4 2 1 1 1384 1258 1228 1190
7613 4 2 1 1 1234 1382 1232 1191
7614 4 2 1 1 1387 1263 1371 1317
7615 4 2 1 1 1590 1588 1595 1178
7616 4 2 1 1 1258 1384 1228 1380
7617 4 2 1 1 1384 1228 1230 1190
7618 4 2 1 1 1263 1387 1371 1194
7619 4 2 1 1 1195 203 1256 1318
7620 4 2 1 1 203 1318 227 228
7621 4 2 1 1 1388 203 1318 227
7622 4 2 1 1 1388 203 1195 1318
7623 4 2 1 1 228 1256 203 1318
7624 4 2 1 1 1371 1263 1373 1317
7625 4 2 1 1 198 1386 199 1193
7626 4 2 1 1 1238 1364 1362 1261
7627 4 2 1 1 1230 1356 1315 1232
7628 4 2 1 1 1195 1373 1375 1250
7629 4 2 1 1 1509 1456 462 1782
7630 4 2 1 1 1193 199 1262 1386
7631 4 2 1 1 1344 1218 1188 1219
7632 4 2 1 1 1604 1562 1164 1616
7633 4 2 1 1 1259 1382 1232 1315
7634 4 2 1 1 1382 1259 1232 1191
7635 4 2 1 1 1348 1220 1257 1345
7636 4 2 1 1 1380 1228 1226 1352
7637 4 2 1 1 1232 1230 1259 1315
7638 4 2 1 1 1373 1195 1375 1388
7639 4 2 1 1 1562 1119 1168 1162
7640 4 2 1 1 1258 1314 1226 1189
7641 4 2 1 1 1371 1194 1369 1246
7642 4 2 1 1 959 1770 957 1908
7643 4 2 1 1 1549 500 1064 1598
7644 4 2 1 1 1230 1384 1315 1354
7645 4 2 1 1 1373 1263 1248 1195
7646 4 2 1 1 1262 1387 1369 1316
7647 4 2 1 1 1362 1261 1364 1385
7648 4 2 1 1 1348 1257 1314 1383
7649 4 2 1 1 1314 1258 1226 1380
7650 4 2 1 1 1586 1059 1594 1544
7651 4 2 1 1 1387 1262 1369 1194
7652 4 2 1 1 1384 1228 1380 1352
7653 4 2 1 1 185 1334 1211 209
7654 4 2 1 1 1334 185 1211 1187
7655 4 2 1 1 1263 1371 1246 1194
7656 4 2 1 1 1315 1356 1382 1232
7657 4 2 1 1 1250 1195 1256 1375
7658 4 2 1 1 1580 1602 1121 1581
7659 4 2 1 1 1226 1380 1352 1350
7660 4 2 1 1 1193 1366 1386 1262
7661 4 2 1 1 1228 1380 1226 1258
7662 4 2 1 1 1194 1369 1246 1244
7663 4 2 1 1 1262 1366 1386 1316
7664 4 2 1 1 1257 1314 1189 1223
7665 4 2 1 1 1194 1371 1369 1387
7666 4 2 1 1 1257 1348 1314 1223
7667 4 2 1 1 184 209 1211 208
7668 4 2 1 1 209 184 1211 185
7669 4 2 1 1 146 1771 1792 1968
7670 4 2 1 1 1334 1211 209 1329
7671 4 2 1 1 174 1543 1135 447
7672 4 2 1 1 1151 464 1757 1831
7673 4 2 1 1 577 716 1 632
7674 4 2 1 1 1193 1366 1262 1242
7675 4 2 1 1 1262 1366 1369 1244
7676 4 2 1 1 40 27 379 278
7677 4 2 1 1 1318 1195 1375 1256
7678 4 2 1 1 1195 1318 1375 1388
7679 4 2 1 1 1220 1348 1257 1223
7680 4 2 1 1 1380 1226 1314 1350
7681 4 2 1 1 1366 1193 1364 1242
7682 4 2 1 1 1314 1223 1350 1226
7683 4 2 1 1 1184 1151 1757 1831
7684 4 2 1 1 1194 1244 1262 1369
7685 4 2 1 1 1193 1366 1364 1386
7686 4 2 1 1 1366 1262 1369 1316
7687 4 2 1 1 1223 1189 1226 1314
7688 4 2 1 1 1120 174 446 1543
7689 4 2 1 1 1231 1357 1356 1233
7690 4 2 1 1 1784 1813 1779 2054
7691 4 2 1 1 1598 284 1064 1131
7692 4 2 1 1 1193 1385 1364 1261
7693 4 2 1 1 1679 1653 1718 1720
7694 4 2 1 1 379 505 279 378
7695 4 2 1 1 1211 209 1329 208
7696 4 2 1 1 1581 1122 1543 1582
7697 4 2 1 1 1366 1262 1242 1244
7698 4 2 1 1 1275 1335 1313 1336
7699 4 2 1 1 1359 1237 1361 1360
7700 4 2 1 1 1335 1275 1313 1213
7701 4 2 1 1 500 284 1598 501
7702 4 2 1 1 1193 1385 1386 1364
7703 4 2 1 1 1334 1213 1335 1313
7704 4 2 1 1 1223 1314 1350 1348
7705 4 2 1 1 1356 1355 1357 1231
7706 4 2 1 1 1372 1249 1248 1247
7707 4 2 1 1 1229 1355 1354 1231
7708 4 2 1 1 1248 1372 1374 1249
7709 4 2 1 1 1354 1353 1355 1229
7710 4 2 1 1 1229 1351 1352 1353
7711 4 2 1 1 1351 1229 1352 1227
7712 4 2 1 1 1133 1597 499 1549
7713 4 2 1 1 1193 1364 1242 1240
7714 4 2 1 1 1372 1246 1370 1247
7715 4 2 1 1 1233 1232 1356 1231
7716 4 2 1 1 1193 1240 1261 1364
7717 4 2 1 1 1246 1370 1247 1245
7718 4 2 1 1 1548 1164 1623 1616
7719 4 2 1 1 1237 1360 1362 1361
7720 4 2 1 1 1362 1237 1361 1239
7721 4 2 1 1 1756 2030 2032 2081
7722 4 2 1 1 265 1928 940 2069
7723 4 2 1 1 1405 1312 1408 1286
7724 4 2 1 1 167 1967 441 1968
7725 4 2 1 1 411 1778 412 2054
7726 4 2 1 1 2031 2034 1829 2070
7727 4 2 1 1 1246 1372 1371 1248
7728 4 2 1 1 1248 1372 1371 1373
7729 4 2 1 1 1229 1352 1228 1354
7730 4 2 1 1 1228 1354 1230 1229
7731 4 2 1 1 1374 1250 1373 1248
7732 4 2 1 1 1230 1231 1354 1356
7733 4 2 1 1 1370 1246 1369 1244
7734 4 2 1 1 1350 1226 1227 1352
7735 4 2 1 1 1246 1370 1369 1371
7736 4 2 1 1 1226 1352 1228 1227
7737 4 2 1 1 1125 1168 1603 1159
7738 4 2 1 1 1602 1121 1124 1123
7739 4 2 1 1 1460 1462 1527 1984
7740 4 2 1 1 1584 1126 1581 1583
7741 4 2 1 1 1543 174 446 447
7742 4 2 1 1 1852 1923 1808 2066
7743 4 2 1 1 1230 1232 1231 1356
7744 4 2 1 1 1250 1374 1373 1375
7745 4 2 1 1 1582 1127 1583 1122
7746 4 2 1 1 1329 1210 208 1341
7747 4 2 1 1 1664 1730 1705 1745
7748 4 2 1 1 1120 1121 1580 1074
7749 4 2 1 1 1231 1354 1229 1230
7750 4 2 1 1 1372 1248 1374 1373
7751 4 2 1 1 1227 1229 1352 1228
7752 4 2 1 1 1246 1372 1370 1371
7753 4 2 1 1 198 1903 173 1993
7754 4 2 1 1 1598 284 1131 501
7755 4 2 1 1 268 2042 1777 2043
7756 4 2 1 1 1152 1155 1142 1539
7757 4 2 1 1 447 1135 175 1594
7758 4 2 1 1 1162 1154 1623 1560
7759 4 2 1 1 1576 1109 1110 1579
7760 4 2 1 1 53 52 510 704
7761 4 2 1 1 1597 1156 1133 1079
7762 4 2 1 1 1687 1809 1700 1903
7763 4 2 1 1 1680 1819 1815 1877
7764 4 2 1 1 398 32 414 2029
7765 4 2 1 1 1594 1145 1059 1586
7766 4 2 1 1 1119 1154 1162 1560
7767 4 2 1 1 1224 1351 1350 1227
7768 4 2 1 1 1374 1250 1248 1249
7769 4 2 1 1 1354 1355 1356 1231
7770 4 2 1 1 1246 1372 1248 1247
7771 4 2 1 1 1352 1353 1354 1229
7772 4 2 1 1 204 1389 1256 228
7773 4 2 1 1 1126 1127 1122 1583
7774 4 2 1 1 1246 1370 1245 1244
7775 4 2 1 1 1210 1329 208 1211
7776 4 2 1 1 1350 1351 1352 1227
7777 4 2 1 1 1167 1585 1620 1587
7778 4 2 1 1 1604 1124 1602 1584
7779 4 2 1 1 1597 1156 1079 1616
7780 4 2 1 1 1362 1361 1363 1239
7781 4 2 1 1 1105 1589 1591 1590
7782 4 2 1 1 111 110 837 757
7783 4 2 1 1 1362 1239 1363 1238
7784 4 2 1 1 1220 1348 1222 1345
7785 4 2 1 1 1348 1222 1345 1347
7786 4 2 1 1 1456 463 1782 1925
7787 4 2 1 1 1210 208 184 1211
7788 4 2 1 1 322 1320 1396 350
7789 4 2 1 1 1506 1521 1880 2051
7790 4 2 1 1 1117 1119 1146 1559
7791 4 2 1 1 1365 1242 1364 1240
7792 4 2 1 1 368 472 367 2094
7793 4 2 1 1 1548 1079 1616 1597
7794 4 2 1 1 1167 1127 1586 1145
7795 4 2 1 1 1389 1256 228 1318
7796 4 2 1 1 1389 204 1256 1196
7797 4 2 1 1 284 500 1064 285
7798 4 2 1 1 1581 1122 1126 1121
7799 4 2 1 1 1558 1066 1541 1117
7800 4 2 1 1 1120 446 1580 1543
7801 4 2 1 1 1350 1349 1351 1224
7802 4 2 1 1 229 206 1333 230
7803 4 2 1 1 206 229 1333 205
7804 4 2 1 1 205 206 1255 1333
7805 4 2 1 1 208 183 1341 1210
7806 4 2 1 1 1220 1348 1223 1222
7807 4 2 1 1 1135 1543 1594 447
7808 4 2 1 1 431 1810 1796 2036
7809 4 2 1 1 1226 1350 1227 1224
7810 4 2 1 1 1778 1817 1013 1973
7811 4 2 1 1 1242 1365 1364 1366
7812 4 2 1 1 1244 1370 1367 1369
7813 4 2 1 1 1276 1344 1346 1339
7814 4 2 1 1 183 208 1341 207
7815 4 2 1 1 1365 1242 1240 1241
7816 4 2 1 1 706 704 682 2059
7817 4 2 1 1 1377 1250 1256 1375
7818 4 2 1 1 183 208 184 1210
7819 4 2 1 1 1344 1275 1276 1219
7820 4 2 1 1 1543 174 1135 1120
7821 4 2 1 1 1275 1344 1276 1336
7822 4 2 1 1 359 27 28 2027
7823 4 2 1 1 1244 1366 1367 1242
7824 4 2 1 1 1828 2067 969 2068
7825 4 2 1 1 1348 1224 1350 1223
7826 4 2 1 1 1252 1379 1378 1377
7827 4 2 1 1 1506 1871 1516 2051
7828 4 2 1 1 1156 1597 1133 1617
7829 4 2 1 1 1779 1721 1840 1852
7830 4 2 1 1 1785 2062 1946 2063
7831 4 2 1 1 1244 1366 1369 1367
7832 4 2 1 1 1256 1377 1375 1318
7833 4 2 1 1 1344 1276 1336 1339
7834 4 2 1 1 1167 1585 1586 1127
7835 4 2 1 1 1168 1119 1559 1146
7836 4 2 1 1 1223 1350 1226 1224
7837 4 2 1 1 1605 1577 1601 1160
7838 4 2 1 1 469 1933 2090 2095
7839 4 2 1 1 78 79 836 620
7840 4 2 1 1 1141 1154 1161 1634
7841 4 2 1 1 1141 1076 1154 1563
7842 4 2 1 1 631 73 2 851
7843 4 2 1 1 1594 175 447 448
7844 4 2 1 1 1222 1348 1224 1349
7845 4 2 1 1 283 1550 1131 501
7846 4 2 1 1 1367 1244 1242 1243
7847 4 2 1 1 955 1849 956 1867
7848 4 2 1 1 1348 1224 1349 1350
7849 4 2 1 1 706 51 52 519
7850 4 2 1 1 1242 1365 1367 1243
7851 4 2 1 1 1794 1874 1722 1920
7852 4 2 1 1 1594 1059 1135 175
7853 4 2 1 1 1582 1145 1594 1586
7854 4 2 1 1 174 1120 446 173
7855 4 2 1 1 331 277 27 2027
7856 4 2 1 1 350 323 1396 322
7857 4 2 1 1 323 350 1396 351
7858 4 2 1 1 1348 1222 1347 1349
7859 4 2 1 1 758 115 116 838
7860 4 2 1 1 1623 1563 1076 1613
7861 4 2 1 1 1160 1147 1577 1112
7862 4 2 1 1 1131 1598 501 1550
7863 4 2 1 1 1379 1252 1378 1254
7864 4 2 1 1 1242 1365 1243 1241
7865 4 2 1 1 1076 1141 289 1613
7866 4 2 1 1 1623 1154 1563 1560
7867 4 2 1 1 1348 1222 1224 1223
7868 4 2 1 1 1162 1164 1168 1562
7869 4 2 1 1 841 64 63 562
7870 4 2 1 1 495 494 1540 1073
7871 4 2 1 1 579 2 63 851
7872 4 2 1 1 410 387 388 2012
7873 4 2 1 1 1109 1576 1110 1111
7874 4 2 1 1 1271 354 1410 1326
7875 4 2 1 1 1271 354 326 1410
7876 4 2 1 1 345 1200 1283 317
7877 4 2 1 1 1135 1120 1122 1543
7878 4 2 1 1 1238 1364 1363 1362
7879 4 2 1 1 487 1097 1171 486
7880 4 2 1 1 168 167 1115 441
7881 4 2 1 1 1213 1334 1400 1187
7882 4 2 1 1 1365 1242 1367 1366
7883 4 2 1 1 612 88 89 701
7884 4 2 1 1 1364 1238 1363 1240
7885 4 2 1 1 323 322 1269 1396
7886 4 2 1 1 1219 1345 1221 1344
7887 4 2 1 1 927 6 100 714
7888 4 2 1 1 278 379 40 506
7889 4 2 1 1 289 290 368 495
7890 4 2 1 1 1389 204 1196 205
7891 4 2 1 1 205 1333 1389 229
7892 4 2 1 1 11 2034 2032 2070
7893 4 2 1 1 304 303 1264 1390
7894 4 2 1 1 1177 1570 1573 1538
7895 4 2 1 1 431 1918 450 1992
7896 4 2 1 1 342 1199 1266 314
7897 4 2 1 1 1321 323 1396 351
7898 4 2 1 1 1219 1345 1220 1221
7899 4 2 1 1 326 1204 1271 1410
7900 4 2 1 1 1156 1125 1164 1604
7901 4 2 1 1 1706 1792 1715 2086
7902 4 2 1 1 1492 1871 1506 1880
7903 4 2 1 1 403 1744 402 2097
7904 4 2 1 1 1558 1559 1119 1117
7905 4 2 1 1 505 379 279 506
7906 4 2 1 1 1729 1770 1769 1875
7907 4 2 1 1 448 1059 1594 175
7908 4 2 1 1 175 174 1135 447
7909 4 2 1 1 699 93 94 755
7910 4 2 1 1 166 440 1078 167
7911 4 2 1 1 1250 1377 1256 1252
7912 4 2 1 1 1256 1377 1196 1252
7913 4 2 1 1 1576 1109 1579 1615
7914 4 2 1 1 1059 448 1594 1544
7915 4 2 1 1 1180 451 1545 1593
7916 4 2 1 1 1376 1252 1378 1377
7917 4 2 1 1 1345 1221 1344 1346
7918 4 2 1 1 479 2051 478 2066
7919 4 2 1 1 288 289 370 497
7920 4 2 1 1 1241 1240 1363 1239
7921 4 2 1 1 1239 1238 1240 1363
7922 4 2 1 1 283 1550 1129 1131
7923 4 2 1 1 1334 1213 1400 1335
7924 4 2 1 1 283 1550 501 502
7925 4 2 1 1 1119 1118 1154 1560
7926 4 2 1 1 411 2054 1813 2097
7927 4 2 1 1 1321 324 1270 1203
7928 4 2 1 1 343 1324 1392 1199
7929 4 2 1 1 1404 1309 1391 1279
7930 4 2 1 1 1302 1393 344 1324
7931 4 2 1 1 1204 325 1270 1426
7932 4 2 1 1 769 4 110 855
7933 4 2 1 1 1455 1461 1460 1984
7934 4 2 1 1 36 35 2035 2037
7935 4 2 1 1 1729 1769 1730 1861
7936 4 2 1 1 1127 1582 1583 1585
7937 4 2 1 1 1589 1105 1591 1106
7938 4 2 1 1 768 7 99 717
7939 4 2 1 1 3 93 718 770
7940 4 2 1 1 1302 343 1199 1324
7941 4 2 1 1 324 1321 1270 1426
7942 4 2 1 1 937 1052 1770 1908
7943 4 2 1 1 1559 1558 1119 1560
7944 4 2 1 1 1253 1252 1254 1378
7945 4 2 1 1 1022 1828 969 1928
7946 4 2 1 1 50 49 511 709
7947 4 2 1 1 1302 1393 1283 344
7948 4 2 1 1 325 1410 1426 1204
7949 4 2 1 1 1280 334 333 306
7950 4 2 1 1 1345 1221 1346 1347
7951 4 2 1 1 705 47 48 515
7952 4 2 1 1 1705 1803 1780 1806
7953 4 2 1 1 1557 1558 1601 1116
7954 4 2 1 1 289 497 1613 496
7955 4 2 1 1 74 73 619 856
7956 4 2 1 1 1568 1091 1566 1567
7957 4 2 1 1 415 1812 416 1956
7958 4 2 1 1 1167 1585 1165 1620
7959 4 2 1 1 1705 1958 1908 1960
7960 4 2 1 1 341 342 1323 1266
7961 4 2 1 1 1573 1539 1574 1152
7962 4 2 1 1 326 325 1204 1410
7963 4 2 1 1 344 345 1393 1283
7964 4 2 1 1 1156 1616 1604 1164
7965 4 2 1 1 214 1966 190 1967
7966 4 2 1 1 402 368 401 2094
7967 4 2 1 1 165 1966 439 1967
7968 4 2 1 1 1374 1250 1376 1375
7969 4 2 1 1 430 1796 431 1810
7970 4 2 1 1 1133 1153 1156 1617
7971 4 2 1 1 331 27 359 2027
7972 4 2 1 1 1464 1933 1466 1984
7973 4 2 1 1 1059 448 1544 176
7974 4 2 1 1 343 344 1324 1302
7975 4 2 1 1 325 324 1270 1426
7976 4 2 1 1 1020 1883 1884 2014
7977 4 2 1 1 1618 1157 1064 1153
7978 4 2 1 1 1545 178 450 451
7979 4 2 1 1 342 343 1392 1199
7980 4 2 1 1 324 323 1203 1321
7981 4 2 1 1 1108 1629 293 1063
7982 4 2 1 1 1157 1618 1064 1598
7983 4 2 1 1 1275 1276 1337 1336
7984 4 2 1 1 1797 1941 1785 2062
7985 4 2 1 1 1591 1590 1592 1105
7986 4 2 1 1 1550 283 1129 502
7987 4 2 1 1 176 448 1544 449
7988 4 2 1 1 502 282 1599 503
7989 4 2 1 1 1336 1339 1276 1337
7990 4 2 1 1 437 1957 418 1966
7991 4 2 1 1 2007 2091 1754 2102
7992 4 2 1 1 1129 1550 502 1599
7993 4 2 1 1 314 343 1199 315
7994 4 2 1 1 314 343 342 1199
7995 4 2 1 1 323 324 351 1321
7996 4 2 1 1 351 324 352 1321
7997 4 2 1 1 1215 1213 1275 1337
7998 4 2 1 1 1281 1391 1390 1331
7999 4 2 1 1 480 2051 479 2066
8000 4 2 1 1 375 374 405 2066
8001 4 2 1 1 400 366 365 2083
8002 4 2 1 1 1680 2036 1877 2041
8003 4 2 1 1 1829 2034 2031 2076
8004 4 2 1 1 506 505 1555 279
8005 4 2 1 1 1335 1275 1337 1336
8006 4 2 1 1 1335 1275 1213 1337
8007 4 2 1 1 165 1142 439 1539
8008 4 2 1 1 1483 1790 1520 1859
8009 4 2 1 1 1071 1088 1089 1607
8010 4 2 1 1 1136 1544 1588 1595
8011 4 2 1 1 1492 1796 1491 1871
8012 4 2 1 1 1588 1544 1166 1586
8013 4 2 1 1 1215 1275 1276 1337
8014 4 2 1 1 1404 1309 1279 1312
8015 4 2 1 1 427 1903 1767 1993
8016 4 2 1 1 928 109 7 717
8017 4 2 1 1 854 5 123 929
8018 4 2 1 1 1723 1821 1891 2080
8019 4 2 1 1 494 1540 1143 1611
8020 4 2 1 1 374 478 404 2066
8021 4 2 1 1 1680 2042 2033 2081
8022 4 2 1 1 439 1612 1539 1142
8023 4 2 1 1 1060 450 1595 1545
8024 4 2 1 1 1089 1092 1071 1607
8025 4 2 1 1 283 1131 284 501
8026 4 2 1 1 1558 1066 1117 1116
8027 4 2 1 1 1187 1212 1400 1213
8028 4 2 1 1 2035 2036 35 2041
8029 4 2 1 1 1561 1160 1605 1601
8030 4 2 1 1 1661 1707 1734 1747
8031 4 2 1 1 407 1861 1729 2010
8032 4 2 1 1 1549 1153 1064 1133
8033 4 2 1 1 304 303 1390 238
8034 4 2 1 1 1376 1252 1251 1378
8035 4 2 1 1 1251 1252 1253 1378
8036 4 2 1 1 334 1208 1280 1332
8037 4 2 1 1 495 1073 290 291
8038 4 2 1 1 1114 1572 1113 1095
8039 4 2 1 1 374 479 478 2066
8040 4 2 1 1 1118 1119 1117 1558
8041 4 2 1 1 718 56 3 578
8042 4 2 1 1 325 354 353 1410
8043 4 2 1 1 325 354 1410 326
8044 4 2 1 1 1549 1153 1133 1617
8045 4 2 1 1 317 316 1283 345
8046 4 2 1 1 316 345 344 1283
8047 4 2 1 1 71 70 848 553
8048 4 2 1 1 1375 1376 1377 1250
8049 4 2 1 1 364 2084 400 2090
8050 4 2 1 1 422 1791 421 1940
8051 4 2 1 1 1104 1636 1103 1101
8052 4 2 1 1 1153 1549 1064 1618
8053 4 2 1 1 502 282 1129 1599
8054 4 2 1 1 446 173 1903 1993
8055 4 2 1 1 1113 1111 1615 1109
8056 4 2 1 1 1840 1852 1726 2029
8057 4 2 1 1 1597 1133 1617 1549
8058 4 2 1 1 324 1321 1426 352
8059 4 2 1 1 343 1302 1199 315
8060 4 2 1 1 1586 1167 1588 1587
8061 4 2 1 1 1118 1560 1119 1558
8062 4 2 1 1 439 165 1539 438
8063 4 2 1 1 1785 1797 1741 1944
8064 4 2 1 1 1792 1803 1705 1960
8065 4 2 1 1 27 398 379 1644
8066 4 2 1 1 1167 1585 1587 1586
8067 4 2 1 1 1160 1561 1161 1118
8068 4 2 1 1 1106 1105 1107 1589
8069 4 2 1 1 1059 448 176 175
8070 4 2 1 1 358 359 1328 330
8071 4 2 1 1 301 236 1402 302
8072 4 2 1 1 1141 1634 1563 1154
8073 4 2 1 1 1124 1604 1156 1617
8074 4 2 1 1 1212 1338 1216 1428
8075 4 2 1 1 1555 279 1137 1630
8076 4 2 1 1 311 310 1197 339
8077 4 2 1 1 310 1197 339 338
8078 4 2 1 1 324 353 1426 325
8079 4 2 1 1 352 353 1426 324
8080 4 2 1 1 343 316 344 1302
8081 4 2 1 1 343 316 1302 315
8082 4 2 1 1 404 477 1923 2066
8083 4 2 1 1 1114 1637 1108 1109
8084 4 2 1 1 412 1852 1813 2054
8085 4 2 1 1 1707 1859 1747 1923
8086 4 2 1 1 8 116 853 771
8087 4 2 1 1 482 1906 483 1925
8088 4 2 1 1 1410 325 1426 353
8089 4 2 1 1 1283 316 1302 344
8090 4 2 1 1 465 1458 1535 1857
8091 4 2 1 1 1821 1849 1745 2091
8092 4 2 1 1 430 1810 431 1992
8093 4 2 1 1 1551 1128 1600 504
8094 4 2 1 1 358 1273 1328 1398
8095 4 2 1 1 1541 1117 1559 1558
8096 4 2 1 1 1128 504 280 1600
8097 4 2 1 1 1595 1060 177 450
8098 4 2 1 1 1707 1744 1859 1923
8099 4 2 1 1 1747 1808 1672 1923
8100 4 2 1 1 17 18 1885 1891
8101 4 2 1 1 1085 456 1172 455
8102 4 2 1 1 1757 1662 1831 1925
8103 4 2 1 1 1332 334 1208 335
8104 4 2 1 1 442 168 1066 1557
8105 4 2 1 1 853 132 8 930
8106 4 2 1 1 957 1770 958 1849
8107 4 2 1 1 854 79 5 633
8108 4 2 1 1 1063 493 293 292
8109 4 2 1 1 1566 1553 1567 1091
8110 4 2 1 1 1548 1623 1076 1613
8111 4 2 1 1 1604 1124 1156 1125
8112 4 2 1 1 1575 1155 1152 1539
8113 4 2 1 1 1059 1135 1145 1594
8114 4 2 1 1 1127 1582 1145 1122
8115 4 2 1 1 1407 312 313 1198
8116 4 2 1 1 312 1407 313 340
8117 4 2 1 1 340 341 1407 313
8118 4 2 1 1 43 42 574 611
8119 4 2 1 1 1328 331 1209 1273
8120 4 2 1 1 1565 1553 1566 1090
8121 4 2 1 1 1377 1196 1379 1389
8122 4 2 1 1 1589 1105 1107 1590
8123 4 2 1 1 1585 1167 1165 1127
8124 4 2 1 1 434 2004 415 2005
8125 4 2 1 1 1211 1187 1212 1400
8126 4 2 1 1 1207 1402 236 302
8127 4 2 1 1 358 1206 1273 1398
8128 4 2 1 1 1206 358 1273 330
8129 4 2 1 1 312 1407 1265 1198
8130 4 2 1 1 1157 1131 1598 1064
8131 4 2 1 1 493 1063 293 1629
8132 4 2 1 1 1705 1803 1958 1960
8133 4 2 1 1 1097 487 1171 1069
8134 4 2 1 1 283 282 1129 502
8135 4 2 1 1 1556 1092 1569 1567
8136 4 2 1 1 1390 238 303 237
8137 4 2 1 1 279 1555 1137 1070
8138 4 2 1 1 196 1903 220 1969
8139 4 2 1 1 1155 1577 1163 1628
8140 4 2 1 1 1377 1196 1252 1379
8141 4 2 1 1 1618 1157 1126 1583
8142 4 2 1 1 1153 1617 1124 1156
8143 4 2 1 1 1157 1618 1126 1153
8144 4 2 1 1 1477 1790 1490 1940
8145 4 2 1 1 427 1796 1767 1974
8146 4 2 1 1 331 1328 330 1273
8147 4 2 1 1 1252 1376 1250 1377
8148 4 2 1 1 1166 1059 1586 1544
8149 4 2 1 1 1597 1156 1616 1617
8150 4 2 1 1 1108 492 294 293
8151 4 2 1 1 1126 1584 1153 1618
8152 4 2 1 1 552 65 66 843
8153 4 2 1 1 1414 1298 1378 1376
8154 4 2 1 1 76 75 614 850
8155 4 2 1 1 1576 1111 1112 1110
8156 4 2 1 1 1141 1076 1563 1613
8157 4 2 1 1 398 1827 32 2029
8158 4 2 1 1 1549 1064 1618 1598
8159 4 2 1 1 576 58 59 749
8160 4 2 1 1 1634 1561 1154 1161
8161 4 2 1 1 1145 1166 1059 1586
8162 4 2 1 1 336 335 1403 1277
8163 4 2 1 1 334 1280 333 1401
8164 4 2 1 1 1599 1075 1551 503
8165 4 2 1 1 401 470 366 2083
8166 4 2 1 1 1104 1101 1065 1609
8167 4 2 1 1 1214 1213 1215 1337
8168 4 2 1 1 1124 1604 1617 1584
8169 4 2 1 1 1705 1803 1806 1958
8170 4 2 1 1 1131 1157 1598 1619
8171 4 2 1 1 1078 1628 1155 1163
8172 4 2 1 1 1540 1147 1143 1578
8173 4 2 1 1 1280 333 305 306
8174 4 2 1 1 1555 279 505 1070
8175 4 2 1 1 1196 1379 1254 1252
8176 4 2 1 1 1574 1539 1575 1152
8177 4 2 1 1 1127 1583 1157 1619
8178 4 2 1 1 1008 1778 1673 1817
8179 4 2 1 1 278 487 1630 40
8180 4 2 1 1 1338 1212 1216 1214
8181 4 2 1 1 165 164 1072 438
8182 4 2 1 1 1143 1540 1578 1611
8183 4 2 1 1 1154 1561 1560 1118
8184 4 2 1 1 1617 1153 1124 1584
8185 4 2 1 1 310 1404 309 1279
8186 4 2 1 1 1116 1163 1601 1115
8187 4 2 1 1 1618 1126 1584 1583
8188 4 2 1 1 1136 1060 177 1595
8189 4 2 1 1 1208 334 1280 306
8190 4 2 1 1 1092 1077 1179 1626
8191 4 2 1 1 415 33 1812 1962
8192 4 2 1 1 1616 1156 1604 1617
8193 4 2 1 1 1541 1066 1557 442
8194 4 2 1 1 18 22 1885 1891
8195 4 2 1 1 22 21 1885 1891
8196 4 2 1 1 441 167 1115 1552
8197 4 2 1 1 1112 1111 1575 1155
8198 4 2 1 1 298 456 37 1632
8199 4 2 1 1 177 449 1595 450
8200 4 2 1 1 1060 1595 1590 1545
8201 4 2 1 1 494 292 1143 291
8202 4 2 1 1 1586 1167 1166 1588
8203 4 2 1 1 1544 1136 1588 1166
8204 4 2 1 1 433 2036 35 2037
8205 4 2 1 1 236 301 1402 235
8206 4 2 1 1 67 68 564 845
8207 4 2 1 1 1765 1807 1959 1988
8208 4 2 1 1 580 72 4 855
8209 4 2 1 1 290 1614 1141 1073
8210 4 2 1 1 150 1792 1750 1960
8211 4 2 1 1 1211 1334 1400 1329
8212 4 2 1 1 470 471 1513 2095
8213 4 2 1 1 1583 1619 1127 1585
8214 4 2 1 1 1812 1850 458 1984
8215 4 2 1 1 1493 1496 1796 1880
8216 4 2 1 1 1492 1493 1796 1880
8217 4 2 1 1 1334 1211 1400 1187
8218 4 2 1 1 469 366 470 2083
8219 4 2 1 1 769 57 4 580
8220 4 2 1 1 1460 1461 1462 1984
8221 4 2 1 1 1178 1060 1595 1590
8222 4 2 1 1 80 5 633 929
8223 4 2 1 1 1745 1821 1664 1849
8224 4 2 1 1 1482 1790 1483 1871
8225 4 2 1 1 1544 1136 449 1595
8226 4 2 1 1 446 1903 427 1993
8227 4 2 1 1 178 177 1060 450
8228 4 2 1 1 1547 491 1596 1062
8229 4 2 1 1 1277 336 307 308
8230 4 2 1 1 1328 331 330 359
8231 4 2 1 1 1557 1115 168 1066
8232 4 2 1 1 20 1894 1851 1909
8233 4 2 1 1 1821 1754 1885 2091
8234 4 2 1 1 768 122 7 928
8235 4 2 1 1 578 62 3 770
8236 4 2 1 1 1111 1576 1112 1575
8237 4 2 1 1 1128 1551 1075 281
8238 4 2 1 1 1593 179 451 452
8239 4 2 1 1 1691 1968 1766 1969
8240 4 2 1 1 1577 1155 1163 1112
8241 4 2 1 1 1399 331 332 1209
8242 4 2 1 1 427 1734 1796 1974
8243 4 2 1 1 1584 1126 1153 1124
8244 4 2 1 1 1598 1131 1619 1550
8245 4 2 1 1 1115 1557 168 441
8246 4 2 1 1 1399 331 1328 359
8247 4 2 1 1 1060 1592 1545 1105
8248 4 2 1 1 302 237 1207 303
8249 4 2 1 1 237 302 1207 236
8250 4 2 1 1 504 1128 280 281
8251 4 2 1 1 1552 167 1078 440
8252 4 2 1 1 1208 334 306 335
8253 4 2 1 1 1331 1402 236 1207
8254 4 2 1 1 417 1956 418 1957
8255 4 2 1 1 1737 1704 1873 1874
8256 4 2 1 1 306 307 1208 335
8257 4 2 1 1 1551 1128 504 281
8258 4 2 1 1 1754 1965 1885 2091
8259 4 2 1 1 1376 1252 1250 1251
8260 4 2 1 1 405 406 377 1954
8261 4 2 1 1 379 406 31 1906
8262 4 2 1 1 479 374 375 2066
8263 4 2 1 1 1680 2043 2081 2082
8264 4 2 1 1 296 363 362 313
8265 4 2 1 1 712 87 86 617
8266 4 2 1 1 442 168 1557 441
8267 4 2 1 1 30 399 361 1942
8268 4 2 1 1 450 1918 178 1992
8269 4 2 1 1 1545 1105 1592 1590
8270 4 2 1 1 1576 1109 1615 1111
8271 4 2 1 1 1459 1536 457 1812
8272 4 2 1 1 1346 1288 1412 1221
8273 4 2 1 1 1537 1497 1509 1782
8274 4 2 1 1 167 1552 1078 1115
8275 4 2 1 1 302 301 1278 1402
8276 4 2 1 1 1154 1118 1161 1561
8277 4 2 1 1 1565 1566 1608 1186
8278 4 2 1 1 1600 1070 1555 505
8279 4 2 1 1 303 1264 1390 1207
8280 4 2 1 1 1583 1127 1157 1126
8281 4 2 1 1 1157 1618 1598 1619
8282 4 2 1 1 158 1999 183 2002
8283 4 2 1 1 403 1744 1813 1923
8284 4 2 1 1 1059 1136 176 1544
8285 4 2 1 1 1296 1363 1241 1365
8286 4 2 1 1 1661 1734 1711 1747
8287 4 2 1 1 1827 1830 2028 2029
8288 4 2 1 1 1152 1111 1155 1575
8289 4 2 1 1 456 1085 1172 1081
8290 4 2 1 1 1367 1370 1243 1427
8291 4 2 1 1 1346 1288 1276 1411
8292 4 2 1 1 450 1060 178 1545
8293 4 2 1 1 1144 1158 1538 1177
8294 4 2 1 1 1118 1116 1558 1117
8295 4 2 1 1 336 335 1277 307
8296 4 2 1 1 1243 1245 1427 1370
8297 4 2 1 1 476 1744 403 1923
8298 4 2 1 1 1370 1247 1421 1372
8299 4 2 1 1 1247 1370 1421 1245
8300 4 2 1 1 1249 1423 1247 1372
8301 4 2 1 1 1229 1351 1289 1227
8302 4 2 1 1 1249 1423 1372 1374
8303 4 2 1 1 1290 1353 1229 1355
8304 4 2 1 1 1229 1355 1231 1290
8305 4 2 1 1 1339 1346 1276 1411
8306 4 2 1 1 1172 1087 1085 455
8307 4 2 1 1 1229 1351 1353 1289
8308 4 2 1 1 846 69 68 566
8309 4 2 1 1 1274 1400 1211 1212
8310 4 2 1 1 1670 1686 1694 1698
8311 4 2 1 1 163 1538 437 436
8312 4 2 1 1 930 117 8 771
8313 4 2 1 1 1576 1577 1578 1112
8314 4 2 1 1 1556 435 161 434
8315 4 2 1 1 1276 1411 1285 1339
8316 4 2 1 1 1549 1153 1617 1618
8317 4 2 1 1 1346 1288 1411 1412
8318 4 2 1 1 1115 1557 1116 1066
8319 4 2 1 1 1160 1118 1116 1601
8320 4 2 1 1 1200 1393 1303 1416
8321 4 2 1 1 1204 1326 1427 1297
8322 4 2 1 1 436 1077 162 163
8323 4 2 1 1 1418 1291 1268 1292
8324 4 2 1 1 1395 1418 1422 1291
8325 4 2 1 1 1291 1418 1268 1395
8326 4 2 1 1 1202 1268 1292 1418
8327 4 2 1 1 1393 1200 1325 1416
8328 4 2 1 1 1272 1397 1423 1327
8329 4 2 1 1 1267 1419 1394 1424
8330 4 2 1 1 1325 1267 1394 1424
8331 4 2 1 1 1330 1267 1419 1394
8332 4 2 1 1 1202 1395 1268 1418
8333 4 2 1 1 1267 1290 1330 1419
8334 4 2 1 1 1268 1201 1291 1395
8335 4 2 1 1 1395 1291 1330 1201
8336 4 2 1 1 1422 1290 1419 1330
8337 4 2 1 1 1290 1267 1330 1201
8338 4 2 1 1 1291 1395 1330 1422
8339 4 2 1 1 1299 1301 1272 1423
8340 4 2 1 1 1299 1397 1423 1272
8341 4 2 1 1 1291 1290 1422 1330
8342 4 2 1 1 1327 1301 1423 1272
8343 4 2 1 1 1201 1290 1291 1330
8344 4 2 1 1 1299 1397 1294 1423
8345 4 2 1 1 1326 1294 1297 1271
8346 4 2 1 1 1299 1397 1272 1205
8347 4 2 1 1 1204 1326 1297 1271
8348 4 2 1 1 1327 1398 1301 1206
8349 4 2 1 1 1301 1327 1206 1272
8350 4 2 1 1 1294 1326 1397 1205
8351 4 2 1 1 1294 1326 1205 1271
8352 4 2 1 1 1397 1299 1294 1205
8353 4 2 1 1 1301 1327 1423 1415
8354 4 2 1 1 1398 1327 1301 1415
8355 4 2 1 1 1423 1249 1301 1415
8356 4 2 1 1 1249 1423 1301 1299
8357 4 2 1 1 1423 1247 1294 1299
8358 4 2 1 1 1423 1249 1247 1299
8359 4 2 1 1 1289 1267 1419 1290
8360 4 2 1 1 1267 1289 1419 1424
8361 4 2 1 1 1325 1289 1267 1424
8362 4 2 1 1 1289 1325 1267 1200
8363 4 2 1 1 1416 1289 1200 1325
8364 4 2 1 1 1416 1289 1325 1424
8365 4 2 1 1 1294 1326 1297 1421
8366 4 2 1 1 1294 1397 1421 1423
8367 4 2 1 1 1326 1294 1397 1421
8368 4 2 1 1 1247 1423 1294 1421
8369 4 2 1 1 1297 1421 1245 1294
8370 4 2 1 1 1245 1421 1247 1294
8371 4 2 1 1 1418 1291 1357 1422
8372 4 2 1 1 1291 1418 1357 1292
8373 4 2 1 1 1357 1292 1418 1359
8374 4 2 1 1 1290 1355 1422 1419
8375 4 2 1 1 1290 1355 1291 1422
8376 4 2 1 1 1357 1291 1355 1422
8377 4 2 1 1 1419 1353 1424 1289
8378 4 2 1 1 1419 1353 1289 1290
8379 4 2 1 1 1355 1353 1419 1290
8380 4 2 1 1 1421 1297 1245 1427
8381 4 2 1 1 1289 1416 1200 1303
8382 4 2 1 1 1297 1421 1326 1427
8383 4 2 1 1 1289 1416 1351 1424
8384 4 2 1 1 1289 1351 1353 1424
8385 4 2 1 1 1293 1359 1292 1235
8386 4 2 1 1 1357 1235 1292 1359
8387 4 2 1 1 1416 1289 1351 1303
8388 4 2 1 1 1293 1359 1235 1237
8389 4 2 1 1 1066 1558 1541 1557
8390 4 2 1 1 1245 1243 1427 1297
8391 4 2 1 1 1288 1412 1221 1284
8392 4 2 1 1 1202 1395 1418 1320
8393 4 2 1 1 1379 1196 1255 1333
8394 4 2 1 1 1222 1413 1284 1347
8395 4 2 1 1 1291 1292 1357 1233
8396 4 2 1 1 1235 1357 1292 1233
8397 4 2 1 1 1349 1303 1416 1351
8398 4 2 1 1 172 1903 196 1969
8399 4 2 1 1 1288 1346 1276 1221
8400 4 2 1 1 1413 1284 1347 1412
8401 4 2 1 1 1326 1204 1427 1410
8402 4 2 1 1 1393 1200 1303 1283
8403 4 2 1 1 962 961 1770 1875
8404 4 2 1 1 440 166 1078 1612
8405 4 2 1 1 1725 1755 1894 2082
8406 4 2 1 1 577 1 46 632
8407 4 2 1 1 1158 1573 1538 1177
8408 4 2 1 1 1540 1147 1161 1073
8409 4 2 1 1 630 6 85 927
8410 4 2 1 1 1129 1075 1599 282
8411 4 2 1 1 337 310 338 1404
8412 4 2 1 1 1561 1154 1560 1563
8413 4 2 1 1 1163 1601 1115 1552
8414 4 2 1 1 1269 1202 1293 1420
8415 4 2 1 1 1292 1293 1202 1420
8416 4 2 1 1 1418 1420 1292 1202
8417 4 2 1 1 1295 1420 1269 1293
8418 4 2 1 1 1359 1418 1420 1292
8419 4 2 1 1 1359 1293 1292 1420
8420 4 2 1 1 1365 1363 1409 1296
8421 4 2 1 1 1417 1239 1361 1295
8422 4 2 1 1 1618 1157 1583 1619
8423 4 2 1 1 1827 1828 953 1830
8424 4 2 1 1 1207 1402 302 1278
8425 4 2 1 1 1269 1320 1202 1420
8426 4 2 1 1 1418 1320 1420 1202
8427 4 2 1 1 1411 1276 1285 1288
8428 4 2 1 1 1130 1589 1587 1621
8429 4 2 1 1 1378 1251 1298 1253
8430 4 2 1 1 1251 1378 1298 1376
8431 4 2 1 1 1561 1634 1154 1563
8432 4 2 1 1 1635 1070 1600 1128
8433 4 2 1 1 13 1965 1964 2007
8434 4 2 1 1 441 167 1552 440
8435 4 2 1 1 1107 1167 1587 1588
8436 4 2 1 1 1097 1099 1171 486
8437 4 2 1 1 1300 1409 1365 1368
8438 4 2 1 1 1611 1063 1110 1143
8439 4 2 1 1 1296 1417 1295 1239
8440 4 2 1 1 1420 1295 1269 1417
8441 4 2 1 1 1413 1222 1284 1225
8442 4 2 1 1 1503 1457 1925 2050
8443 4 2 1 1 1423 1247 1372 1421
8444 4 2 1 1 1249 1423 1374 1415
8445 4 2 1 1 1290 1231 1291 1355
8446 4 2 1 1 1289 1229 1290 1353
8447 4 2 1 1 1421 1245 1370 1427
8448 4 2 1 1 1289 1351 1303 1227
8449 4 2 1 1 1060 1592 1105 1104
8450 4 2 1 1 1686 1694 1698 1766
8451 4 2 1 1 471 470 2094 2095
8452 4 2 1 1 1339 1215 1285 1276
8453 4 2 1 1 1221 1412 1346 1347
8454 4 2 1 1 1075 1599 282 503
8455 4 2 1 1 1293 1295 1361 1237
8456 4 2 1 1 1293 1361 1359 1237
8457 4 2 1 1 1237 1239 1295 1361
8458 4 2 1 1 1587 1107 1588 1589
8459 4 2 1 1 1140 490 1596 1546
8460 4 2 1 1 1130 1589 1107 1587
8461 4 2 1 1 1063 1611 1110 1579
8462 4 2 1 1 409 385 386 2011
8463 4 2 1 1 1153 1584 1617 1618
8464 4 2 1 1 163 1957 437 1966
8465 4 2 1 1 1851 1894 1755 2082
8466 4 2 1 1 1331 1207 236 237
8467 4 2 1 1 61 60 729 573
8468 4 2 1 1 1520 1790 1522 1859
8469 4 2 1 1 1920 2068 1829 2076
8470 4 2 1 1 1070 1128 280 1600
8471 4 2 1 1 1834 2070 1755 2073
8472 4 2 1 1 716 1 47 577
8473 4 2 1 1 1158 1570 1573 1177
8474 4 2 1 1 1420 1295 1361 1293
8475 4 2 1 1 1361 1293 1359 1420
8476 4 2 1 1 1239 1417 1361 1363
8477 4 2 1 1 1522 1790 1517 1866
8478 4 2 1 1 1363 1296 1241 1239
8479 4 2 1 1 1546 1174 1061 1608
8480 4 2 1 1 1552 1163 1601 1628
8481 4 2 1 1 1522 1500 1859 1866
8482 4 2 1 1 1632 1081 298 456
8483 4 2 1 1 1596 295 491 490
8484 4 2 1 1 1203 1396 1269 1417
8485 4 2 1 1 1142 1072 1539 165
8486 4 2 1 1 1280 334 1332 1401
8487 4 2 1 1 1179 1092 1626 1556
8488 4 2 1 1 1396 1320 1269 1420
8489 4 2 1 1 1753 1805 1774 1988
8490 4 2 1 1 1544 1136 176 449
8491 4 2 1 1 1379 1196 1333 1389
8492 4 2 1 1 1167 1620 1130 1587
8493 4 2 1 1 405 1808 1852 1954
8494 4 2 1 1 716 86 1 632
8495 4 2 1 1 1165 1619 1131 1550
8496 4 2 1 1 1212 1213 1214 1338
8497 4 2 1 1 1167 1107 1587 1130
8498 4 2 1 1 1199 1266 1288 1392
8499 4 2 1 1 1750 1792 1705 1960
8500 4 2 1 1 630 92 6 714
8501 4 2 1 1 1399 331 1209 1328
8502 4 2 1 1 579 41 2 631
8503 4 2 1 1 1368 1409 1426 1270
8504 4 2 1 1 1730 1664 1821 1849
8505 4 2 1 1 1284 1225 1302 1324
8506 4 2 1 1 1147 1540 1143 1073
8507 4 2 1 1 1091 1094 1093 1568
8508 4 2 1 1 1110 1143 1147 1578
8509 4 2 1 1 270 1851 271 1894
8510 4 2 1 1 1321 1396 1203 1417
8511 4 2 1 1 1704 1748 1722 1874
8512 4 2 1 1 1112 1147 1577 1578
8513 4 2 1 1 1142 165 439 166
8514 4 2 1 1 1540 1147 1578 1605
8515 4 2 1 1 298 456 1081 37
8516 4 2 1 1 1118 1160 1561 1601
8517 4 2 1 1 237 1390 1207 303
8518 4 2 1 1 295 1596 491 1062
8519 4 2 1 1 1420 1295 1417 1361
8520 4 2 1 1 1243 1365 1300 1241
8521 4 2 1 1 1147 1112 1110 1578
8522 4 2 1 1 1700 1687 1702 1809
8523 4 2 1 1 1619 1165 1131 1157
8524 4 2 1 1 1566 1553 1091 1090
8525 4 2 1 1 1128 1070 1173 1635
8526 4 2 1 1 1396 1417 1420 1269
8527 4 2 1 1 1113 1095 1572 1158
8528 4 2 1 1 1222 1413 1347 1349
8529 4 2 1 1 1060 1592 1104 1545
8530 4 2 1 1 1850 1856 460 1857
8531 4 2 1 1 1204 1426 1368 1410
8532 4 2 1 1 1302 1393 1225 1283
8533 4 2 1 1 1296 1417 1203 1295
8534 4 2 1 1 420 1791 421 1967
8535 4 2 1 1 1323 1411 1285 1288
8536 4 2 1 1 1288 1412 1392 1411
8537 4 2 1 1 1203 1269 1295 1417
8538 4 2 1 1 166 1612 1142 1078
8539 4 2 1 1 1797 1942 1820 1944
8540 4 2 1 1 32 31 1726 2027
8541 4 2 1 1 207 1305 183 10
8542 4 2 1 1 206 1432 230 16
8543 4 2 1 1 452 1065 179 180
8544 4 2 1 1 1100 1065 1101 1609
8545 4 2 1 1 456 455 1565 1172
8546 4 2 1 1 1686 1699 1670 2086
8547 4 2 1 1 271 1831 1757 1851
8548 4 2 1 1 1426 1204 1368 1270
8549 4 2 1 1 1077 436 162 1626
8550 4 2 1 1 1393 1302 1225 1324
8551 4 2 1 1 1392 1323 1266 1288
8552 4 2 1 1 1147 1160 1577 1605
8553 4 2 1 1 408 1798 1944 2010
8554 4 2 1 1 1563 1613 1614 1141
8555 4 2 1 1 1095 1568 1093 1094
8556 4 2 1 1 1008 1817 1673 2013
8557 4 2 1 1 278 1069 487 40
8558 4 2 1 1 1216 1214 1286 1405
8559 4 2 1 1 1099 1101 1102 1554
8560 4 2 1 1 1479 1517 1790 1940
8561 4 2 1 1 1412 1288 1392 1284
8562 4 2 1 1 1619 1165 1127 1585
8563 4 2 1 1 163 1538 1077 1144
8564 4 2 1 1 1107 1178 1588 1590
8565 4 2 1 1 1534 1457 483 1925
8566 4 2 1 1 1550 1129 1620 1599
8567 4 2 1 1 1630 1555 279 506
8568 4 2 1 1 1828 2047 971 2067
8569 4 2 1 1 212 1957 188 1966
8570 4 2 1 1 1632 1081 1132 298
8571 4 2 1 1 1417 1296 1203 1409
8572 4 2 1 1 1425 1287 1407 1198
8573 4 2 1 1 1266 1198 1285 1323
8574 4 2 1 1 435 1556 161 1179
8575 4 2 1 1 295 1596 1062 1140
8576 4 2 1 1 1699 1706 1670 2086
8577 4 2 1 1 1608 488 297 489
8578 4 2 1 1 1113 1152 1158 1573
8579 4 2 1 1 1165 1619 1127 1157
8580 4 2 1 1 1285 1411 1425 1339
8581 4 2 1 1 1253 1435 1254 1311
8582 4 2 1 1 1612 1155 1142 1078
8583 4 2 1 1 163 1538 436 1077
8584 4 2 1 1 463 1831 1782 1925
8585 4 2 1 1 1409 1321 1426 1270
8586 4 2 1 1 1199 1284 1302 1324
8587 4 2 1 1 403 1813 1744 2097
8588 4 2 1 1 1400 1211 1342 1274
8589 4 2 1 1 943 1729 258 1875
8590 4 2 1 1 1118 1560 1558 1561
8591 4 2 1 1 1211 1400 1342 1329
8592 4 2 1 1 1558 1066 1116 1557
8593 4 2 1 1 1215 1339 1285 1425
8594 4 2 1 1 1063 292 1143 1611
8595 4 2 1 1 503 281 1551 504
8596 4 2 1 1 1297 1368 1243 1427
8597 4 2 1 1 1285 1288 1266 1323
8598 4 2 1 1 1409 1321 1270 1203
8599 4 2 1 1 1199 1284 1324 1392
8600 4 2 1 1 1730 1745 1664 1849
8601 4 2 1 1 1416 1349 1225 1303
8602 4 2 1 1 233 1849 955 1867
8603 4 2 1 1 1140 490 296 295
8604 4 2 1 1 312 1408 311 1265
8605 4 2 1 1 1107 1167 1588 1166
8606 4 2 1 1 1040 2014 1884 2015
8607 4 2 1 1 1284 1199 1288 1392
8608 4 2 1 1 1323 1392 1411 1288
8609 4 2 1 1 1409 1300 1270 1368
8610 4 2 1 1 1413 1284 1324 1225
8611 4 2 1 1 1196 1379 1255 1254
8612 4 2 1 1 1798 1861 1733 1944
8613 4 2 1 1 1321 1409 1417 1203
8614 4 2 1 1 466 467 1933 2084
8615 4 2 1 1 1698 1686 1766 1802
8616 4 2 1 1 1106 1635 1128 1173
8617 4 2 1 1 1454 1501 480 2051
8618 4 2 1 1 1609 1100 484 485
8619 4 2 1 1 575 45 44 591
8620 4 2 1 1 179 1593 451 1180
8621 4 2 1 1 299 298 1081 37
8622 4 2 1 1 277 1069 278 40
8623 4 2 1 1 1368 1297 1243 1300
8624 4 2 1 1 1113 1109 1615 1114
8625 4 2 1 1 1112 1160 1163 1577
8626 4 2 1 1 1349 1416 1225 1413
8627 4 2 1 1 1567 1089 1092 1091
8628 4 2 1 1 1539 1072 1152 1573
8629 4 2 1 1 1057 1770 1769 1848
8630 4 2 1 1 1625 1113 1572 1615
8631 4 2 1 1 1367 1368 1427 1243
8632 4 2 1 1 1523 1514 1859 1871
8633 4 2 1 1 1303 1349 1225 1224
8634 4 2 1 1 1813 2054 1784 2097
8635 4 2 1 1 1679 1718 1677 1735
8636 4 2 1 1 469 2083 470 2095
8637 4 2 1 1 1920 2067 1748 2068
8638 4 2 1 1 1161 1147 1605 1160
8639 4 2 1 1 336 1304 23 308
8640 4 2 1 1 1810 1992 430 1993
8641 4 2 1 1 1576 1575 1577 1112
8642 4 2 1 1 1306 238 22 304
8643 4 2 1 1 265 1928 2069 2071
8644 4 2 1 1 1287 1285 1198 1425
8645 4 2 1 1 1687 1701 1809 1903
8646 4 2 1 1 485 486 1554 1099
8647 4 2 1 1 1255 1401 1379 1333
8648 4 2 1 1 1331 237 1390 1207
8649 4 2 1 1 292 494 1143 1611
8650 4 2 1 1 1284 1413 1324 1412
8651 4 2 1 1 206 1432 16 1307
8652 4 2 1 1 1307 16 206 15
8653 4 2 1 1 10 1305 183 14
8654 4 2 1 1 1431 22 18 337
8655 4 2 1 1 1431 22 337 1306
8656 4 2 1 1 207 1305 10 1430
8657 4 2 1 1 1300 1409 1270 1296
8658 4 2 1 1 479 1501 1453 2051
8659 4 2 1 1 1285 1287 1215 1425
8660 4 2 1 1 492 1108 1629 293
8661 4 2 1 1 295 1596 1140 490
8662 4 2 1 1 1415 1376 1249 1301
8663 4 2 1 1 1407 1265 1198 1287
8664 4 2 1 1 1278 1434 1274 1310
8665 4 2 1 1 307 1277 1208 335
8666 4 2 1 1 1690 2009 2010 2011
8667 4 2 1 1 414 1852 1840 2029
8668 4 2 1 1 436 1077 1538 1626
8669 4 2 1 1 487 1171 1606 486
8670 4 2 1 1 1687 1693 1701 1903
8671 4 2 1 1 1588 1107 1590 1589
8672 4 2 1 1 1576 1578 1579 1110
8673 4 2 1 1 2000 2001 1908 2103
8674 4 2 1 1 1376 1415 1249 1374
8675 4 2 1 1 1469 1449 1513 2096
8676 4 2 1 1 1270 1203 1296 1409
8677 4 2 1 1 1392 1324 1412 1284
8678 4 2 1 1 407 1944 1861 2010
8679 4 2 1 1 1209 1282 1277 1403
8680 4 2 1 1 1550 1165 1129 1131
8681 4 2 1 1 1814 1829 1818 1919
8682 4 2 1 1 1072 1539 165 438
8683 4 2 1 1 1103 1106 1591 1105
8684 4 2 1 1 1208 1277 1282 1403
8685 4 2 1 1 1323 1425 1198 1285
8686 4 2 1 1 1174 1546 1566 1608
8687 4 2 1 1 438 164 1072 1624
8688 4 2 1 1 1599 1130 1075 1129
8689 4 2 1 1 1620 1167 1130 1165
8690 4 2 1 1 1599 1130 1129 1620
8691 4 2 1 1 454 455 1087 1553
8692 4 2 1 1 1155 1577 1628 1575
8693 4 2 1 1 1109 1625 1637 1615
8694 4 2 1 1 202 1918 226 1992
8695 4 2 1 1 290 1614 1073 495
8696 4 2 1 1 1545 1104 1180 1593
8697 4 2 1 1 1104 1065 1180 1593
8698 4 2 1 1 1204 1270 1300 1368
8699 4 2 1 1 161 160 1071 434
8700 4 2 1 1 1324 1393 1413 1225
8701 4 2 1 1 164 1624 1144 1072
8702 4 2 1 1 1568 1095 1093 1570
8703 4 2 1 1 1670 1698 1703 1802
8704 4 2 1 1 1323 1411 1425 1285
8705 4 2 1 1 1311 1401 1435 1254
8706 4 2 1 1 485 1554 1609 1101
8707 4 2 1 1 2030 2033 2032 2081
8708 4 2 1 1 1278 1210 1342 1341
8709 4 2 1 1 1908 2101 954 2103
8710 4 2 1 1 1283 1225 1303 1393
8711 4 2 1 1 1368 1410 1427 1204
8712 4 2 1 1 936 1750 1792 1884
8713 4 2 1 1 1209 1282 1403 1406
8714 4 2 1 1 1152 1111 1575 1574
8715 4 2 1 1 1092 1607 1567 1556
8716 4 2 1 1 1114 1095 1176 1571
8717 4 2 1 1 1095 1568 1571 1570
8718 4 2 1 1 1329 1341 1342 1210
8719 4 2 1 1 1332 1208 1282 1403
8720 4 2 1 1 1547 1596 1625 1062
8721 4 2 1 1 445 1903 172 1969
8722 4 2 1 1 1680 1782 1777 1831
8723 4 2 1 1 1171 1099 1554 486
8724 4 2 1 1 1210 1211 1342 1329
8725 4 2 1 1 1662 1906 1758 1925
8726 4 2 1 1 1670 1703 1689 1802
8727 4 2 1 1 395 413 394 1872
8728 4 2 1 1 1606 1171 1554 486
8729 4 2 1 1 1572 1114 1571 1095
8730 4 2 1 1 1282 1332 1403 1406
8731 4 2 1 1 1530 1467 1933 2096
8732 4 2 1 1 1431 22 238 18
8733 4 2 1 1 22 1431 238 1306
8734 4 2 1 1 24 1304 336 1429
8735 4 2 1 1 24 1304 23 336
8736 4 2 1 1 1415 1298 1301 1398
8737 4 2 1 1 1298 1301 1398 1206
8738 4 2 1 1 1568 1569 1570 1093
8739 4 2 1 1 461 1509 462 1782
8740 4 2 1 1 449 177 1595 1136
8741 4 2 1 1 1298 1415 1414 1398
8742 4 2 1 1 1339 1337 1425 1215
8743 4 2 1 1 280 504 377 505
8744 4 2 1 1 475 474 1744 1859
8745 4 2 1 1 1413 1416 1225 1393
8746 4 2 1 1 1368 1297 1300 1204
8747 4 2 1 1 1964 1999 158 2002
8748 4 2 1 1 267 1894 1834 1928
8749 4 2 1 1 32 1726 2023 2027
8750 4 2 1 1 337 310 1404 309
8751 4 2 1 1 1626 1092 1569 1556
8752 4 2 1 1 1589 1591 1622 1106
8753 4 2 1 1 368 367 401 2094
8754 4 2 1 1 364 363 400 2084
8755 4 2 1 1 492 1108 294 1547
8756 4 2 1 1 1561 1160 1161 1605
8757 4 2 1 1 401 402 2094 2097
8758 4 2 1 1 1099 1171 1554 1102
8759 4 2 1 1 13 1781 1964 1965
8760 4 2 1 1 1225 1303 1393 1416
8761 4 2 1 1 1062 294 1108 1547
8762 4 2 1 1 1368 1297 1204 1427
8763 4 2 1 1 1621 1599 1075 1551
8764 4 2 1 1 1109 1579 1637 1063
8765 4 2 1 1 1115 1557 441 1552
8766 4 2 1 1 474 473 1744 1866
8767 4 2 1 1 1589 1130 1175 1621
8768 4 2 1 1 460 38 1535 1857
8769 4 2 1 1 1165 1619 1550 1620
8770 4 2 1 1 1088 1083 453 1169
8771 4 2 1 1 294 491 364 2090
8772 4 2 1 1 1626 1092 1077 1569
8773 4 2 1 1 1106 1635 1622 1128
8774 4 2 1 1 1707 1736 1734 1790
8775 4 2 1 1 1311 1401 1332 1435
8776 4 2 1 1 1454 481 1502 2050
8777 4 2 1 1 2032 12 2072 2081
8778 4 2 1 1 1399 1308 1433 1328
8779 4 2 1 1 1697 1699 1686 2086
8780 4 2 1 1 504 280 1600 505
8781 4 2 1 1 1092 1071 1607 1556
8782 4 2 1 1 1614 1073 495 1540
8783 4 2 1 1 1578 1576 1112 1110
8784 4 2 1 1 1781 1965 272 1975
8785 4 2 1 1 1089 1087 454 1088
8786 4 2 1 1 1105 1545 1060 1590
8787 4 2 1 1 1619 1165 1585 1620
8788 4 2 1 1 377 280 505 378
8789 4 2 1 1 1165 1550 1129 1620
8790 4 2 1 1 1595 1136 1178 1588
8791 4 2 1 1 1401 1254 1255 1379
8792 4 2 1 1 1158 1152 1072 1573
8793 4 2 1 1 1606 1555 1610 1185
8794 4 2 1 1 1132 1608 297 1061
8795 4 2 1 1 1158 1570 1572 1573
8796 4 2 1 1 458 457 1781 1812
8797 4 2 1 1 1435 1253 1406 1311
8798 4 2 1 1 1629 1108 1637 1063
8799 4 2 1 1 1399 1308 1406 1433
8800 4 2 1 1 1750 1770 1729 1875
8801 4 2 1 1 296 1061 1546 1140
8802 4 2 1 1 1425 1323 1198 1407
8803 4 2 1 1 1298 1398 1273 1206
8804 4 2 1 1 1398 1273 1328 1414
8805 4 2 1 1 1174 1627 1140 1094
8806 4 2 1 1 505 1070 280 1600
8807 4 2 1 1 1338 1400 1428 1212
8808 4 2 1 1 143 1794 1771 1903
8809 4 2 1 1 1569 1092 1077 1093
8810 4 2 1 1 1525 1483 1859 1871
8811 4 2 1 1 1502 482 1457 2050
8812 4 2 1 1 1130 1589 1175 1107
8813 4 2 1 1 1545 1104 1593 1592
8814 4 2 1 1 1398 1298 1273 1414
8815 4 2 1 1 1072 1539 1152 1142
8816 4 2 1 1 1105 1592 1103 1104
8817 4 2 1 1 484 1065 1609 1633
8818 4 2 1 1 1078 1552 440 1612
8819 4 2 1 1 465 466 1857 1942
8820 4 2 1 1 1104 1545 1180 1060
8821 4 2 1 1 1253 1433 1308 1298
8822 4 2 1 1 1615 1114 1625 1113
8823 4 2 1 1 1636 1104 1609 1101
8824 4 2 1 1 1114 1637 1625 1108
8825 4 2 1 1 1573 1574 1113 1152
8826 4 2 1 1 432 451 1918 2037
8827 4 2 1 1 1572 1574 1615 1113
8828 4 2 1 1 1631 453 34 1169
8829 4 2 1 1 426 1903 445 1969
8830 4 2 1 1 1599 1130 1620 1621
8831 4 2 1 1 296 490 1546 489
8832 4 2 1 1 1666 1774 1812 1964
8833 4 2 1 1 1167 1586 1166 1145
8834 4 2 1 1 338 339 1312 1197
8835 4 2 1 1 13 1965 2007 2091
8836 4 2 1 1 1173 1102 1103 1610
8837 4 2 1 1 337 1306 22 309
8838 4 2 1 1 427 1796 1734 1871
8839 4 2 1 1 503 281 1075 1551
8840 4 2 1 1 1601 1160 1163 1116
8841 4 2 1 1 1210 1278 1342 1274
8842 4 2 1 1 1099 1101 485 1100
8843 4 2 1 1 1176 1625 1571 1596
8844 4 2 1 1 1538 163 437 1144
8845 4 2 1 1 1060 1178 1595 1136
8846 4 2 1 1 449 177 1136 176
8847 4 2 1 1 1136 1166 1544 1059
8848 4 2 1 1 1305 10 235 14
8849 4 2 1 1 1305 10 1430 235
8850 4 2 1 1 1415 1298 1376 1301
8851 4 2 1 1 1129 1130 1165 1620
8852 4 2 1 1 1249 1251 1301 1376
8853 4 2 1 1 1172 1553 455 1565
8854 4 2 1 1 1607 1088 454 453
8855 4 2 1 1 490 1140 296 1546
8856 4 2 1 1 1894 2043 1755 2072
8857 4 2 1 1 1415 1298 1414 1376
8858 4 2 1 1 1529 1782 1498 1880
8859 4 2 1 1 178 451 1545 1180
8860 4 2 1 1 1029 2013 2012 2015
8861 4 2 1 1 1407 1340 1287 1425
8862 4 2 1 1 452 1065 1593 179
8863 4 2 1 1 1170 1100 1082 484
8864 4 2 1 1 409 410 401 2097
8865 4 2 1 1 1071 1556 161 434
8866 4 2 1 1 1722 1874 1748 1920
8867 4 2 1 1 1071 453 1607 1631
8868 4 2 1 1 1577 1147 1605 1578
8869 4 2 1 1 1538 1144 437 1624
8870 4 2 1 1 1065 484 1609 1100
8871 4 2 1 1 1130 1599 1075 1621
8872 4 2 1 1 459 1850 1857 1984
8873 4 2 1 1 1210 1211 1274 1342
8874 4 2 1 1 298 297 1132 488
8875 4 2 1 1 1166 1136 1588 1178
8876 4 2 1 1 1253 1433 1406 1308
8877 4 2 1 1 1102 1101 1103 1636
8878 4 2 1 1 401 410 402 2097
8879 4 2 1 1 1254 1435 1378 1379
8880 4 2 1 1 1147 1540 1161 1605
8881 4 2 1 1 164 163 1144 437
8882 4 2 1 1 166 1612 440 439
8883 4 2 1 1 1573 1144 1072 1158
8884 4 2 1 1 1070 1635 1600 1555
8885 4 2 1 1 1332 1280 1311 1208
8886 4 2 1 1 1662 1758 1711 1782
8887 4 2 1 1 282 281 1075 503
8888 4 2 1 1 1851 1894 270 2043
8889 4 2 1 1 1104 1636 1609 1592
8890 4 2 1 1 1253 1406 1311 1282
8891 4 2 1 1 1171 1102 1606 1554
8892 4 2 1 1 1279 1264 1281 1390
8893 4 2 1 1 398 414 1737 2029
8894 4 2 1 1 1539 1573 1624 1072
8895 4 2 1 1 1342 1341 1402 1278
8896 4 2 1 1 1111 1152 1113 1574
8897 4 2 1 1 1571 1596 1627 1176
8898 4 2 1 1 1254 1401 1255 1280
8899 4 2 1 1 81 82 924 621
8900 4 2 1 1 1538 1077 1177 1569
8901 4 2 1 1 16 1307 305 15
8902 4 2 1 1 1307 16 305 1432
8903 4 2 1 1 1612 166 1142 439
8904 4 2 1 1 1628 1078 1155 1612
8905 4 2 1 1 358 1273 330 1328
8906 4 2 1 1 1722 1748 1829 1920
8907 4 2 1 1 1407 1340 1265 1287
8908 4 2 1 1 1170 36 180 1633
8909 4 2 1 1 1111 1574 1615 1576
8910 4 2 1 1 1172 1553 1087 455
8911 4 2 1 1 1573 1144 1158 1538
8912 4 2 1 1 1160 1601 1163 1577
8913 4 2 1 1 1593 179 1065 1180
8914 4 2 1 1 1179 1071 1556 161
8915 4 2 1 1 1964 1765 2002 2007
8916 4 2 1 1 1571 1570 1572 1095
8917 4 2 1 1 1114 1572 1571 1625
8918 4 2 1 1 1186 1174 1608 1061
8919 4 2 1 1 480 1954 2051 2066
8920 4 2 1 1 29 407 1944 2088
8921 4 2 1 1 292 494 1611 493
8922 4 2 1 1 311 1197 1265 1408
8923 4 2 1 1 1018 1883 1750 1884
8924 4 2 1 1 1723 1821 1754 1885
8925 4 2 1 1 493 1063 1611 292
8926 4 2 1 1 1633 36 180 452
8927 4 2 1 1 1132 1608 488 297
8928 4 2 1 1 385 2009 255 2011
8929 4 2 1 1 1626 1077 1538 1569
8930 4 2 1 1 1071 453 1169 1088
8931 4 2 1 1 1574 1575 1576 1111
8932 4 2 1 1 1435 1253 1254 1378
8933 4 2 1 1 1057 1769 1770 1875
8934 4 2 1 1 492 491 294 2090
8935 4 2 1 1 1282 1209 1308 1406
8936 4 2 1 1 1758 1906 1808 1954
8937 4 2 1 1 1601 1577 1628 1163
8938 4 2 1 1 1434 1342 1278 1274
8939 4 2 1 1 1479 1790 1477 1940
8940 4 2 1 1 118 119 759 926
8941 4 2 1 1 937 1770 959 1908
8942 4 2 1 1 20 1851 1757 1909
8943 4 2 1 1 1180 1060 1545 178
8944 4 2 1 1 1620 1130 1587 1621
8945 4 2 1 1 1540 1161 1605 1634
8946 4 2 1 1 1095 1568 1094 1571
8947 4 2 1 1 427 1871 1734 1974
8948 4 2 1 1 1340 1407 1265 1408
8949 4 2 1 1 1574 1573 1113 1572
8950 4 2 1 1 453 1071 1607 1088
8951 4 2 1 1 1829 2069 1928 2070
8952 4 2 1 1 1632 37 298 488
8953 4 2 1 1 1738 1827 1737 2029
8954 4 2 1 1 1553 1172 1087 1090
8955 4 2 1 1 416 1440 417 1985
8956 4 2 1 1 1592 1105 1103 1591
8957 4 2 1 1 1573 1538 1624 1144
8958 4 2 1 1 1089 1087 1090 1553
8959 4 2 1 1 1401 1254 1379 1435
8960 4 2 1 1 461 1537 1509 1782
8961 4 2 1 1 1170 484 36 1633
8962 4 2 1 1 400 365 364 2090
8963 4 2 1 1 1342 1434 1278 1402
8964 4 2 1 1 309 1306 1279 1404
8965 4 2 1 1 1065 1609 1593 1104
8966 4 2 1 1 500 284 373 285
8967 4 2 1 1 433 1782 35 2036
8968 4 2 1 1 293 493 1629 492
8969 4 2 1 1 33 1812 1962 1999
8970 4 2 1 1 1178 1107 1105 1590
8971 4 2 1 1 492 366 293 493
8972 4 2 1 1 1065 452 1593 1633
8973 4 2 1 1 1579 1578 1611 1110
8974 4 2 1 1 1433 1298 1378 1414
8975 4 2 1 1 1432 1401 305 1307
8976 4 2 1 1 34 160 1631 1169
8977 4 2 1 1 400 2083 365 2090
8978 4 2 1 1 493 1063 1629 1611
8979 4 2 1 1 393 412 392 1778
8980 4 2 1 1 1073 1634 1161 1540
8981 4 2 1 1 233 1885 237 2091
8982 4 2 1 1 492 1108 1547 1629
8983 4 2 1 1 1636 1592 1103 1591
8984 4 2 1 1 1178 1107 1588 1166
8985 4 2 1 1 454 1089 1607 1553
8986 4 2 1 1 1471 1469 1532 2096
8987 4 2 1 1 33 34 1999 2004
8988 4 2 1 1 14 1305 301 235
8989 4 2 1 1 480 1954 481 2050
8990 4 2 1 1 11 2071 2070 2072
8991 4 2 1 1 1101 1099 485 1554
8992 4 2 1 1 1279 1391 1390 1281
8993 4 2 1 1 1114 1637 1109 1625
8994 4 2 1 1 1106 1128 1622 1175
8995 4 2 1 1 473 1744 1866 2094
8996 4 2 1 1 1071 1092 1179 1556
8997 4 2 1 1 418 417 1472 1985
8998 4 2 1 1 303 1885 274 2091
8999 4 2 1 1 490 363 467 1639
9000 4 2 1 1 1282 1308 1253 1406
9001 4 2 1 1 1310 1331 1278 1434
9002 4 2 1 1 1073 1614 1634 1540
9003 4 2 1 1 297 296 1061 489
9004 4 2 1 1 452 1065 180 1633
9005 4 2 1 1 1791 420 1966 1967
9006 4 2 1 1 434 1071 1556 1631
9007 4 2 1 1 1179 1626 435 1556
9008 4 2 1 1 1251 1298 1301 1376
9009 4 2 1 1 1450 1532 1513 2096
9010 4 2 1 1 1570 1158 1572 1095
9011 4 2 1 1 474 1859 1500 1866
9012 4 2 1 1 376 281 504 377
9013 4 2 1 1 1722 1732 1713 1794
9014 4 2 1 1 1171 1137 1630 1606
9015 4 2 1 1 1144 1573 1072 1624
9016 4 2 1 1 434 34 160 1631
9017 4 2 1 1 1406 1403 1209 1399
9018 4 2 1 1 1634 1141 1563 1614
9019 4 2 1 1 1065 180 1633 1170
9020 4 2 1 1 1175 1622 1621 1551
9021 4 2 1 1 1172 1553 1565 1090
9022 4 2 1 1 237 1885 303 2091
9023 4 2 1 1 1567 1089 1553 1607
9024 4 2 1 1 1155 1577 1575 1112
9025 4 2 1 1 1091 1567 1093 1092
9026 4 2 1 1 489 1061 297 1608
9027 4 2 1 1 1432 333 16 305
9028 4 2 1 1 1608 1061 1546 489
9029 4 2 1 1 1554 1606 1610 1102
9030 4 2 1 1 1536 415 33 1812
9031 4 2 1 1 235 1402 1430 1305
9032 4 2 1 1 160 1071 1631 1169
9033 4 2 1 1 1104 1592 1609 1593
9034 4 2 1 1 1535 38 465 1857
9035 4 2 1 1 1567 1089 1607 1092
9036 4 2 1 1 1077 1538 1177 1144
9037 4 2 1 1 1171 1630 487 1606
9038 4 2 1 1 464 1757 1831 1925
9039 4 2 1 1 462 1777 1782 1831
9040 4 2 1 1 1086 1087 1088 454
9041 4 2 1 1 178 1918 451 2037
9042 4 2 1 1 1753 1774 1805 1956
9043 4 2 1 1 295 364 491 363
9044 4 2 1 1 438 1072 1539 1624
9045 4 2 1 1 1070 505 280 279
9046 4 2 1 1 1668 1736 1707 1773
9047 4 2 1 1 1781 1812 1681 1850
9048 4 2 1 1 1391 1279 1390 1404
9049 4 2 1 1 1531 1853 1441 1985
9050 4 2 1 1 1753 1804 1774 1956
9051 4 2 1 1 1637 1625 1108 1547
9052 4 2 1 1 1060 1105 1590 1178
9053 4 2 1 1 1140 1094 1627 1176
9054 4 2 1 1 1311 1401 1254 1280
9055 4 2 1 1 153 1960 1958 2005
9056 4 2 1 1 415 1812 1956 1962
9057 4 2 1 1 1625 1109 1114 1615
9058 4 2 1 1 1077 1179 1626 162
9059 4 2 1 1 484 1065 1170 1100
9060 4 2 1 1 491 295 363 490
9061 4 2 1 1 1090 1089 1553 1091
9062 4 2 1 1 1435 1253 1378 1406
9063 4 2 1 1 372 500 286 499
9064 4 2 1 1 487 1137 1630 1171
9065 4 2 1 1 120 121 761 923
9066 4 2 1 1 401 366 400 2083
9067 4 2 1 1 374 404 405 2066
9068 4 2 1 1 283 501 374 502
9069 4 2 1 1 1102 1173 1185 1610
9070 4 2 1 1 1171 1185 1137 1606
9071 4 2 1 1 1566 1186 1174 1608
9072 4 2 1 1 291 368 495 367
9073 4 2 1 1 1095 1093 1570 1177
9074 4 2 1 1 1611 1063 1629 1579
9075 4 2 1 1 1207 1278 1310 1331
9076 4 2 1 1 1527 1472 1440 1985
9077 4 2 1 1 1589 1175 1622 1621
9078 4 2 1 1 1114 1572 1625 1113
9079 4 2 1 1 1428 1405 1216 1391
9080 4 2 1 1 1095 1094 1176 1571
9081 4 2 1 1 398 1737 1827 2029
9082 4 2 1 1 1401 1432 305 333
9083 4 2 1 1 305 1280 1307 1401
9084 4 2 1 1 1674 1682 1688 1766
9085 4 2 1 1 1519 1866 1517 1940
9086 4 2 1 1 1111 1113 1615 1574
9087 4 2 1 1 1662 1851 1680 2082
9088 4 2 1 1 1627 1174 1546 1566
9089 4 2 1 1 1110 1143 1578 1611
9090 4 2 1 1 272 1975 1965 2091
9091 4 2 1 1 1738 1737 1827 1828
9092 4 2 1 1 1569 1567 1093 1568
9093 4 2 1 1 1340 1214 1337 1338
9094 4 2 1 1 492 491 1547 294
9095 4 2 1 1 1401 1311 1332 1280
9096 4 2 1 1 40 278 506 1630
9097 4 2 1 1 1928 1834 2070 2071
9098 4 2 1 1 1253 1433 1298 1378
9099 4 2 1 1 2023 2028 1830 2029
9100 4 2 1 1 1567 1091 1093 1568
9101 4 2 1 1 295 294 1062 491
9102 4 2 1 1 1100 1098 485 1099
9103 4 2 1 1 1596 1546 1627 1140
9104 4 2 1 1 1174 1546 1061 1140
9105 4 2 1 1 1158 1113 1573 1572
9106 4 2 1 1 1596 1114 1625 1062
9107 4 2 1 1 1062 294 1547 491
9108 4 2 1 1 27 379 31 1906
9109 4 2 1 1 1718 1746 1739 2089
9110 4 2 1 1 422 1967 1791 1968
9111 4 2 1 1 1737 1748 1704 1874
9112 4 2 1 1 286 498 372 499
9113 4 2 1 1 1867 1885 1821 1891
9114 4 2 1 1 1433 1298 1273 1308
9115 4 2 1 1 1088 1089 1607 454
9116 4 2 1 1 1069 1137 487 1171
9117 4 2 1 1 1402 235 301 1305
9118 4 2 1 1 258 1729 382 1769
9119 4 2 1 1 1132 456 1632 1172
9120 4 2 1 1 1176 1625 1596 1114
9121 4 2 1 1 1087 1089 454 1553
9122 4 2 1 1 434 160 1071 1631
9123 4 2 1 1 368 289 496 369
9124 4 2 1 1 361 25 30 1942
9125 4 2 1 1 1062 1114 1176 1596
9126 4 2 1 1 1791 1968 1691 1974
9127 4 2 1 1 1308 1399 1406 1209
9128 4 2 1 1 84 83 623 925
9129 4 2 1 1 1635 1591 1610 1173
9130 4 2 1 1 436 1957 162 2005
9131 4 2 1 1 1155 1628 1612 1575
9132 4 2 1 1 1278 301 1305 1402
9133 4 2 1 1 1791 1967 1802 1968
9134 4 2 1 1 1101 1100 1609 485
9135 4 2 1 1 1406 1311 1332 1435
9136 4 2 1 1 1132 1081 456 1172
9137 4 2 1 1 1608 1132 488 1632
9138 4 2 1 1 1624 164 1144 437
9139 4 2 1 1 311 1197 1408 339
9140 4 2 1 1 162 1626 436 435
9141 4 2 1 1 39 1906 1905 1925
9142 4 2 1 1 1827 1828 1737 2047
9143 4 2 1 1 1433 1253 1406 1378
9144 4 2 1 1 29 1848 1769 2088
9145 4 2 1 1 1128 1551 1175 1075
9146 4 2 1 1 1089 1567 1553 1091
9147 4 2 1 1 1610 1591 1636 1103
9148 4 2 1 1 494 366 493 292
9149 4 2 1 1 1204 1326 1271 1410
9150 4 2 1 1 1101 1102 1554 1636
9151 4 2 1 1 1186 1172 1132 1565
9152 4 2 1 1 406 1906 482 1954
9153 4 2 1 1 1525 1859 1514 1871
9154 4 2 1 1 956 1849 1848 1867
9155 4 2 1 1 1579 1629 1637 1063
9156 4 2 1 1 1061 296 1546 489
9157 4 2 1 1 1094 1568 1566 1627
9158 4 2 1 1 11 2070 2032 2072
9159 4 2 1 1 1214 1215 1287 1340
9160 4 2 1 1 457 1536 33 1812
9161 4 2 1 1 1712 1722 1748 1829
9162 4 2 1 1 1753 1959 1805 1988
9163 4 2 1 1 206 1333 1432 1255
9164 4 2 1 1 392 374 393 1643
9165 4 2 1 1 1333 206 1432 230
9166 4 2 1 1 1210 183 1341 1305
9167 4 2 1 1 1610 1555 1635 1173
9168 4 2 1 1 184 2004 160 2006
9169 4 2 1 1 207 1305 1341 183
9170 4 2 1 1 477 1859 476 1923
9171 4 2 1 1 438 164 1624 437
9172 4 2 1 1 1128 1551 1600 1622
9173 4 2 1 1 1306 1390 304 1264
9174 4 2 1 1 1552 1078 1628 1612
9175 4 2 1 1 494 366 292 367
9176 4 2 1 1 1071 453 1631 1169
9177 4 2 1 1 1757 39 1905 1925
9178 4 2 1 1 289 495 368 496
9179 4 2 1 1 1821 1730 1849 1867
9180 4 2 1 1 1158 1570 1177 1095
9181 4 2 1 1 501 373 284 374
9182 4 2 1 1 1214 1337 1215 1340
9183 4 2 1 1 1579 1109 1637 1615
9184 4 2 1 1 2003 2007 1754 2102
9185 4 2 1 1 479 480 1501 2051
9186 4 2 1 1 1755 2032 2072 2081
9187 4 2 1 1 374 283 502 375
9188 4 2 1 1 1172 1132 1565 1632
9189 4 2 1 1 1280 333 1401 305
9190 4 2 1 1 1278 1331 1402 1434
9191 4 2 1 1 1175 1589 1106 1107
9192 4 2 1 1 1090 1174 1091 1566
9193 4 2 1 1 388 320 389 348
9194 4 2 1 1 321 371 370 349
9195 4 2 1 1 1208 1282 1311 1332
9196 4 2 1 1 1311 1406 1332 1282
9197 4 2 1 1 1565 1632 456 1172
9198 4 2 1 1 340 313 381 341
9199 4 2 1 1 312 313 381 340
9200 4 2 1 1 1161 1634 1561 1605
9201 4 2 1 1 1408 1286 1197 1265
9202 4 2 1 1 1636 1101 1609 1554
9203 4 2 1 1 2001 2101 1908 2103
9204 4 2 1 1 1103 1591 1173 1610
9205 4 2 1 1 402 1744 2094 2097
9206 4 2 1 1 1668 1740 1774 1853
9207 4 2 1 1 1670 1706 1699 1802
9208 4 2 1 1 1821 1885 1849 2091
9209 4 2 1 1 1104 1636 1592 1103
9210 4 2 1 1 1405 1338 1428 1216
9211 4 2 1 1 336 1429 1277 1403
9212 4 2 1 1 1265 1286 1287 1340
9213 4 2 1 1 1093 1077 1569 1177
9214 4 2 1 1 1305 207 1341 1430
9215 4 2 1 1 330 359 28 358
9216 4 2 1 1 1510 459 1857 1984
9217 4 2 1 1 1255 1432 206 1307
9218 4 2 1 1 1433 1273 1414 1328
9219 4 2 1 1 1090 1186 1566 1565
9220 4 2 1 1 348 347 388 319
9221 4 2 1 1 350 349 371 322
9222 4 2 1 1 348 319 388 320
9223 4 2 1 1 322 349 371 321
9224 4 2 1 1 328 329 397 357
9225 4 2 1 1 356 357 328 397
9226 4 2 1 1 399 400 363 2084
9227 4 2 1 1 346 345 386 318
9228 4 2 1 1 317 318 386 345
9229 4 2 1 1 323 324 373 351
9230 4 2 1 1 351 324 373 352
9231 4 2 1 1 1635 1070 1173 1555
9232 4 2 1 1 1298 1433 1273 1414
9233 4 2 1 1 238 1306 1390 304
9234 4 2 1 1 187 1957 211 2005
9235 4 2 1 1 2022 2023 1726 2027
9236 4 2 1 1 1820 1942 466 2084
9237 4 2 1 1 1215 1339 1337 1276
9238 4 2 1 1 1673 1690 2012 2013
9239 4 2 1 1 492 469 468 2090
9240 4 2 1 1 1304 336 1277 308
9241 4 2 1 1 1175 1621 1075 1551
9242 4 2 1 1 1171 1102 1185 1606
9243 4 2 1 1 1635 1106 1622 1591
9244 4 2 1 1 1309 1216 1391 1281
9245 4 2 1 1 369 370 389 320
9246 4 2 1 1 390 370 349 389
9247 4 2 1 1 369 389 388 320
9248 4 2 1 1 349 371 370 390
9249 4 2 1 1 23 1651 24 2022
9250 4 2 1 1 1108 1629 1637 1547
9251 4 2 1 1 464 1534 39 1925
9252 4 2 1 1 1668 1773 1740 1853
9253 4 2 1 1 160 159 1169 34
9254 4 2 1 1 181 180 1170 36
9255 4 2 1 1 2034 2069 1829 2070
9256 4 2 1 1 1216 1338 1214 1405
9257 4 2 1 1 1662 1831 1680 1851
9258 4 2 1 1 1265 1286 1340 1408
9259 4 2 1 1 1130 1175 1621 1075
9260 4 2 1 1 26 310 339 338
9261 4 2 1 1 339 310 25 311
9262 4 2 1 1 291 292 367 494
9263 4 2 1 1 1458 1933 1526 1984
9264 4 2 1 1 1919 2037 135 2038
9265 4 2 1 1 1705 1745 1730 1770
9266 4 2 1 1 1627 1174 1566 1094
9267 4 2 1 1 1306 238 1390 1431
9268 4 2 1 1 1729 1730 1769 1770
9269 4 2 1 1 359 27 330 28
9270 4 2 1 1 354 355 326 395
9271 4 2 1 1 326 327 376 355
9272 4 2 1 1 364 343 314 315
9273 4 2 1 1 343 364 314 342
9274 4 2 1 1 1630 1185 1555 1606
9275 4 2 1 1 179 178 1180 451
9276 4 2 1 1 1286 1214 1287 1340
9277 4 2 1 1 1821 1867 1849 1885
9278 4 2 1 1 1782 1529 1925 2050
9279 4 2 1 1 161 1179 162 435
9280 4 2 1 1 1769 1730 1861 2088
9281 4 2 1 1 1304 336 1429 1277
9282 4 2 1 1 1591 1103 1173 1106
9283 4 2 1 1 1861 1944 407 2088
9284 4 2 1 1 1589 1175 1106 1622
9285 4 2 1 1 957 1908 1849 2101
9286 4 2 1 1 1874 2047 1748 2067
9287 4 2 1 1 1632 1081 456 1132
9288 4 2 1 1 32 1827 2028 2029
9289 4 2 1 1 1551 1128 1175 1622
9290 4 2 1 1 1569 1570 1093 1177
9291 4 2 1 1 1741 1797 1785 1891
9292 4 2 1 1 1469 1513 1532 2096
9293 4 2 1 1 1766 1802 1792 1968
9294 4 2 1 1 1022 1830 1828 1928
9295 4 2 1 1 1632 1186 1132 1565
9296 4 2 1 1 1908 1960 1958 2103
9297 4 2 1 1 1186 1090 1566 1174
9298 4 2 1 1 1610 1173 1185 1555
9299 4 2 1 1 2032 2034 1878 2070
9300 4 2 1 1 481 482 1502 2050
9301 4 2 1 1 310 26 339 25
9302 4 2 1 1 1094 1568 1627 1571
9303 4 2 1 1 1668 1736 1773 1853
9304 4 2 1 1 1401 1255 1432 1333
9305 4 2 1 1 1090 1172 1186 1565
9306 4 2 1 1 1741 1785 1944 2088
9307 4 2 1 1 461 462 1777 1782
9308 4 2 1 1 343 316 365 344
9309 4 2 1 1 316 343 365 315
9310 4 2 1 1 394 325 354 353
9311 4 2 1 1 326 394 325 354
9312 4 2 1 1 460 1856 38 1857
9313 4 2 1 1 400 2084 2083 2090
9314 4 2 1 1 330 331 27 359
9315 4 2 1 1 411 1673 1778 2054
9316 4 2 1 1 1770 1908 1052 1960
9317 4 2 1 1 2083 2094 1842 2097
9318 4 2 1 1 2083 2094 470 2095
9319 4 2 1 1 1341 1430 1402 1305
9320 4 2 1 1 28 330 358 1644
9321 4 2 1 1 1440 1472 417 1985
9322 4 2 1 1 1802 1967 1792 1968
9323 4 2 1 1 1207 1310 1281 1331
9324 4 2 1 1 343 365 315 364
9325 4 2 1 1 326 395 394 354
9326 4 2 1 1 1608 1132 1632 1186
9327 4 2 1 1 330 379 27 278
9328 4 2 1 1 422 1791 1940 1974
9329 4 2 1 1 1062 1140 1596 1176
9330 4 2 1 1 29 1944 1785 2088
9331 4 2 1 1 1429 1209 1403 1399
9332 4 2 1 1 492 468 491 2090
9333 4 2 1 1 1596 1627 1176 1140
9334 4 2 1 1 1630 1185 1606 1137
9335 4 2 1 1 1782 1831 1662 1925
9336 4 2 1 1 1608 1132 1186 1061
9337 4 2 1 1 1610 1636 1554 1102
9338 4 2 1 1 488 1132 298 1632
9339 4 2 1 1 1569 1092 1093 1567
9340 4 2 1 1 1401 1255 1307 1432
9341 4 2 1 1 1197 1408 339 1312
9342 4 2 1 1 1626 1179 435 162
9343 4 2 1 1 1713 1720 1679 1809
9344 4 2 1 1 1781 1850 1681 1975
9345 4 2 1 1 1766 1792 1771 1968
9346 4 2 1 1 355 326 395 376
9347 4 2 1 1 484 1065 1633 1170
9348 4 2 1 1 483 39 1534 1925
9349 4 2 1 1 1434 1342 1274 1428
9350 4 2 1 1 32 2023 1726 2029
9351 4 2 1 1 1627 1174 1140 1546
9352 4 2 1 1 1519 1499 1866 2096
9353 4 2 1 1 1137 1555 1185 1070
9354 4 2 1 1 1632 1186 1565 1608
9355 4 2 1 1 32 2028 2023 2029
9356 4 2 1 1 1694 1691 1791 1968
9357 4 2 1 1 1207 1278 1331 1402
9358 4 2 1 1 35 2036 2035 2037
9359 4 2 1 1 1685 1691 1969 1974
9360 4 2 1 1 472 2094 1866 2095
9361 4 2 1 1 27 330 28 1644
9362 4 2 1 1 1878 2032 2030 2034
9363 4 2 1 1 1919 1920 1829 2076
9364 4 2 1 1 1556 1071 1607 1631
9365 4 2 1 1 1690 2009 1729 2010
9366 4 2 1 1 1635 1622 1128 1600
9367 4 2 1 1 1216 1281 1310 1391
9368 4 2 1 1 1463 1526 1933 1984
9369 4 2 1 1 1176 1625 1114 1571
9370 4 2 1 1 1521 1518 1880 2051
9371 4 2 1 1 1712 1928 1834 2070
9372 4 2 1 1 1511 416 1812 1985
9373 4 2 1 1 415 2004 1805 2005
9374 4 2 1 1 1834 1755 2070 2071
9375 4 2 1 1 1197 1279 1309 1312
9376 4 2 1 1 1828 1748 2067 2068
9377 4 2 1 1 1391 1279 1309 1281
9378 4 2 1 1 1630 1185 1137 1555
9379 4 2 1 1 478 2051 1923 2066
9380 4 2 1 1 1280 1255 1307 1401
9381 4 2 1 1 375 326 376 395
9382 4 2 1 1 364 343 384 383
9383 4 2 1 1 1765 2002 2007 2102
9384 4 2 1 1 1685 1969 1688 1974
9385 4 2 1 1 337 1306 1404 1431
9386 4 2 1 1 1712 1829 1928 2070
9387 4 2 1 1 1737 1748 1874 2047
9388 4 2 1 1 409 1798 2010 2097
9389 4 2 1 1 324 373 352 1643
9390 4 2 1 1 1286 1408 1197 1312
9391 4 2 1 1 1103 1636 1610 1102
9392 4 2 1 1 418 1957 1956 1966
9393 4 2 1 1 1729 1875 943 1883
9394 4 2 1 1 361 339 311 1640
9395 4 2 1 1 1734 1747 1707 1790
9396 4 2 1 1 457 33 1781 1812
9397 4 2 1 1 1216 1310 1434 1391
9398 4 2 1 1 394 326 325 375
9399 4 2 1 1 1704 1872 1737 1873
9400 4 2 1 1 1861 1944 1798 2010
9401 4 2 1 1 1834 1928 1894 2071
9402 4 2 1 1 1698 1802 1766 1968
9403 4 2 1 1 1610 1185 1102 1606
9404 4 2 1 1 1698 1766 1694 1968
9405 4 2 1 1 27 32 28 2027
9406 4 2 1 1 1680 2043 2042 2081
9407 4 2 1 1 343 365 364 384
9408 4 2 1 1 395 375 326 394
9409 4 2 1 1 1698 1694 1791 1968
9410 4 2 1 1 1690 1729 2009 2014
9411 4 2 1 1 1286 1197 1309 1312
9412 4 2 1 1 1106 1635 1173 1591
9413 4 2 1 1 1885 1975 274 2091
9414 4 2 1 1 1434 1428 1216 1391
9415 4 2 1 1 1609 1065 1593 1633
9416 4 2 1 1 432 1918 2036 2037
9417 4 2 1 1 1689 1727 1719 1802
9418 4 2 1 1 1766 1968 1771 1969
9419 4 2 1 1 1463 1933 1464 1984
9420 4 2 1 1 352 373 392 1643
9421 4 2 1 1 1666 1812 1774 1984
9422 4 2 1 1 1729 1769 258 1875
9423 4 2 1 1 1666 1681 1812 1984
9424 4 2 1 1 1306 337 1404 309
9425 4 2 1 1 1507 1790 1871 1974
9426 4 2 1 1 1694 1766 1691 1968
9427 4 2 1 1 1698 1791 1802 1968
9428 4 2 1 1 1738 1830 1827 2029
9429 4 2 1 1 1070 1173 1555 1185
9430 4 2 1 1 1771 1794 1693 1903
9431 4 2 1 1 1511 1984 1460 1985
9432 4 2 1 1 1450 1866 1499 2096
9433 4 2 1 1 1782 1796 1447 1880
9434 4 2 1 1 1813 1852 1779 2054
9435 4 2 1 1 1519 1940 1533 2096
9436 4 2 1 1 1701 1693 1794 1903
9437 4 2 1 1 1740 1773 1724 1933
9438 4 2 1 1 1450 472 1866 2096
9439 4 2 1 1 278 277 40 27
9440 4 2 1 1 1691 1766 1685 1969
9441 4 2 1 1 1470 1471 1940 2096
9442 4 2 1 1 1739 1920 1918 1992
9443 4 2 1 1 1490 1940 1790 1974
9444 4 2 1 1 36 2037 2035 2038
9445 4 2 1 1 1662 1757 1831 1851
9446 4 2 1 1 1306 1390 1404 1431
9447 4 2 1 1 1738 1748 1737 1828
9448 4 2 1 1 281 282 376 503
9449 4 2 1 1 1441 1853 418 1985
9450 4 2 1 1 1803 1960 1792 1966
9451 4 2 1 1 1848 2087 1867 2088
9452 4 2 1 1 1511 1812 1459 1984
9453 4 2 1 1 1216 1309 1391 1405
9454 4 2 1 1 1711 1747 1734 1796
9455 4 2 1 1 1730 1770 1745 1849
9456 4 2 1 1 29 2087 1848 2088
9457 4 2 1 1 297 296 489 362
9458 4 2 1 1 1523 1871 1859 2051
9459 4 2 1 1 1680 1662 1782 1831
9460 4 2 1 1 1784 2010 1798 2097
9461 4 2 1 1 1765 2007 2003 2102
9462 4 2 1 1 279 280 378 505
9463 4 2 1 1 415 1805 1956 2005
9464 4 2 1 1 2070 2071 1755 2072
9465 4 2 1 1 1527 1984 1465 1985
9466 4 2 1 1 2001 2002 1963 2102
9467 4 2 1 1 1769 1848 1730 2088
9468 4 2 1 1 464 39 1757 1925
9469 4 2 1 1 1524 1880 1454 2050
9470 4 2 1 1 1753 1765 1708 1959
9471 4 2 1 1 1689 1710 1727 1802
9472 4 2 1 1 2068 2069 1829 2076
9473 4 2 1 1 1685 1766 1688 1969
9474 4 2 1 1 415 1956 1805 1962
9475 4 2 1 1 1681 1850 1812 1984
9476 4 2 1 1 33 1999 1962 2004
9477 4 2 1 1 1737 1828 1748 2047
9478 4 2 1 1 415 1962 1805 2004
9479 4 2 1 1 2031 2038 1919 2076
9480 4 2 1 1 1723 1821 1885 1891
9481 4 2 1 1 1510 1857 1458 1984
9482 4 2 1 1 1711 1758 1747 1880
9483 4 2 1 1 1782 1880 1529 2050
9484 4 2 1 1 1859 1923 477 2051
9485 4 2 1 1 1474 1940 1853 2096
9486 4 2 1 1 2032 2070 1755 2072
9487 4 2 1 1 418 1956 417 1985
9488 4 2 1 1 1328 1308 1433 1273
9489 4 2 1 1 1679 1720 1718 1735
9490 4 2 1 1 1707 1744 1842 1866
9491 4 2 1 1 1094 1627 1176 1571
9492 4 2 1 1 1405 1312 1286 1309
9493 4 2 1 1 1819 1877 1680 2036
9494 4 2 1 1 340 381 312 380
9495 4 2 1 1 1820 1857 466 1942
9496 4 2 1 1 1766 1771 1693 1903
9497 4 2 1 1 1758 1808 1747 2051
9498 4 2 1 1 1770 1875 1750 1960
9499 4 2 1 1 1782 2036 1680 2041
9500 4 2 1 1 397 329 398 357
9501 4 2 1 1 339 25 361 311
9502 4 2 1 1 1770 1849 957 1908
9503 4 2 1 1 364 295 491 294
9504 4 2 1 1 368 291 495 290
9505 4 2 1 1 1712 1738 1834 1928
9506 4 2 1 1 381 362 312 380
9507 4 2 1 1 1758 1747 1880 2051
9508 4 2 1 1 298 361 25 311
9509 4 2 1 1 339 26 261 380
9510 4 2 1 1 329 330 379 358
9511 4 2 1 1 358 398 329 357
9512 4 2 1 1 1738 1830 1834 1928
9513 4 2 1 1 470 2095 1513 2096
9514 4 2 1 1 1767 1796 1734 1974
9515 4 2 1 1 1850 1856 1681 1975
9516 4 2 1 1 329 397 398 378
9517 4 2 1 1 25 339 361 26
9518 4 2 1 1 1750 1875 1729 1883
9519 4 2 1 1 1958 2006 2000 2103
9520 4 2 1 1 476 1859 1744 1923
9521 4 2 1 1 1707 1842 1773 1866
9522 4 2 1 1 38 465 1857 1942
9523 4 2 1 1 469 1933 2095 2096
9524 4 2 1 1 1454 1880 1518 2051
9525 4 2 1 1 1877 2036 2035 2041
9526 4 2 1 1 38 1857 1856 1942
9527 4 2 1 1 1963 2002 1765 2102
9528 4 2 1 1 1690 2014 2011 2015
9529 4 2 1 1 1812 1964 1962 1999
9530 4 2 1 1 1704 1778 1872 1873
9531 4 2 1 1 1680 1777 2041 2042
9532 4 2 1 1 319 388 368 347
9533 4 2 1 1 372 350 371 322
9534 4 2 1 1 386 318 387 346
9535 4 2 1 1 373 351 372 323
9536 4 2 1 1 1724 1773 1842 1933
9537 4 2 1 1 1802 1727 1957 1966
9538 4 2 1 1 1702 1679 1731 1809
9539 4 2 1 1 1728 1708 1803 1957
9540 4 2 1 1 1771 1903 1766 1969
9541 4 2 1 1 1681 1740 1857 1984
9542 4 2 1 1 1705 1908 1770 1960
9543 4 2 1 1 1705 1770 1750 1960
9544 4 2 1 1 1796 1871 1492 1880
9545 4 2 1 1 1747 1790 1734 1871
9546 4 2 1 1 1681 1857 1850 1984
9547 4 2 1 1 482 1954 1906 2050
9548 4 2 1 1 368 347 318 319
9549 4 2 1 1 346 347 318 387
9550 4 2 1 1 351 350 372 323
9551 4 2 1 1 323 350 372 322
9552 4 2 1 1 1756 2030 1878 2032
9553 4 2 1 1 29 1785 2087 2088
9554 4 2 1 1 416 417 1956 1985
9555 4 2 1 1 1728 1802 1957 1966
9556 4 2 1 1 350 391 371 390
9557 4 2 1 1 1707 1790 1747 1859
9558 4 2 1 1 386 318 367 387
9559 4 2 1 1 351 373 372 392
9560 4 2 1 1 1791 1853 420 1940
9561 4 2 1 1 1794 1992 1809 1993
9562 4 2 1 1 1794 1809 1701 1903
9563 4 2 1 1 381 313 382 341
9564 4 2 1 1 1506 1880 1871 2051
9565 4 2 1 1 1690 1750 1729 1883
9566 4 2 1 1 1690 1884 1883 2014
9567 4 2 1 1 1780 1803 1708 1957
9568 4 2 1 1 1804 1853 1774 1956
9569 4 2 1 1 466 1933 1820 2084
9570 4 2 1 1 1958 1960 1957 2005
9571 4 2 1 1 419 1853 1804 1956
9572 4 2 1 1 1810 1918 431 1992
9573 4 2 1 1 483 1906 39 1925
9574 4 2 1 1 396 328 397 356
9575 4 2 1 1 1745 1770 1705 1908
9576 4 2 1 1 1842 2094 2083 2095
9577 4 2 1 1 1728 1957 1803 1966
9578 4 2 1 1 1724 1933 1842 2084
9579 4 2 1 1 1755 1834 1725 1894
9580 4 2 1 1 381 313 362 382
9581 4 2 1 1 1918 1920 1919 2037
9582 4 2 1 1 312 380 297 1649
9583 4 2 1 1 1533 1940 1471 2096
9584 4 2 1 1 471 1513 2095 2096
9585 4 2 1 1 328 396 355 356
9586 4 2 1 1 328 355 377 327
9587 4 2 1 1 1707 1773 1736 1790
9588 4 2 1 1 1829 2031 1919 2076
9589 4 2 1 1 1690 1883 1729 2014
9590 4 2 1 1 376 377 355 327
9591 4 2 1 1 1842 2094 1744 2097
9592 4 2 1 1 1690 2009 2011 2014
9593 4 2 1 1 1753 1780 1708 1957
9594 4 2 1 1 416 1956 1812 1985
9595 4 2 1 1 482 1925 1457 2050
9596 4 2 1 1 1701 1709 1687 1809
9597 4 2 1 1 1460 1984 1527 1985
9598 4 2 1 1 1712 1748 1738 1829
9599 4 2 1 1 501 283 374 284
9600 4 2 1 1 317 386 366 345
9601 4 2 1 1 2030 2034 2033 2038
9602 4 2 1 1 1808 1758 2050 2051
9603 4 2 1 1 1829 1920 1748 2068
9604 4 2 1 1 1777 1782 1680 2041
9605 4 2 1 1 1790 1859 1483 1871
9606 4 2 1 1 1809 1903 1794 1993
9607 4 2 1 1 1802 1966 1792 1967
9608 4 2 1 1 1829 2068 1928 2069
9609 4 2 1 1 385 316 345 344
9610 4 2 1 1 345 316 366 317
9611 4 2 1 1 1666 1681 1781 1812
9612 4 2 1 1 1754 2007 1965 2091
9613 4 2 1 1 481 1954 482 2050
9614 4 2 1 1 395 377 355 376
9615 4 2 1 1 1743 1809 1918 1992
9616 4 2 1 1 1522 1859 1790 1866
9617 4 2 1 1 317 386 367 366
9618 4 2 1 1 1736 1790 1773 1940
9619 4 2 1 1 339 361 380 1640
9620 4 2 1 1 330 379 358 1644
9621 4 2 1 1 1866 2094 1842 2095
9622 4 2 1 1 1734 1796 1747 1871
9623 4 2 1 1 1454 480 2050 2051
9624 4 2 1 1 312 340 380 1649
9625 4 2 1 1 1739 1918 1809 1992
9626 4 2 1 1 344 365 385 316
9627 4 2 1 1 325 393 353 394
9628 4 2 1 1 482 1906 1925 2050
9629 4 2 1 1 1894 1755 2071 2072
9630 4 2 1 1 298 297 488 361
9631 4 2 1 1 1692 1686 1697 1766
9632 4 2 1 1 1711 1747 1796 1880
9633 4 2 1 1 2033 2035 2038 2041
9634 4 2 1 1 1957 1960 1803 1966
9635 4 2 1 1 1834 1894 1755 2071
9636 4 2 1 1 366 293 493 292
9637 4 2 1 1 1791 1966 1802 1967
9638 4 2 1 1 1734 1790 1736 1974
9639 4 2 1 1 1828 1928 1829 2068
9640 4 2 1 1 474 1744 1859 1866
9641 4 2 1 1 1958 2000 1908 2103
9642 4 2 1 1 1517 1866 1790 1940
9643 4 2 1 1 1738 1828 1827 1830
9644 4 2 1 1 1666 1965 1781 1975
9645 4 2 1 1 418 1853 1956 1985
9646 4 2 1 1 1666 1781 1681 1975
9647 4 2 1 1 1724 1820 1933 2084
9648 4 2 1 1 279 278 506 379
9649 4 2 1 1 1769 1770 1730 1848
9650 4 2 1 1 1712 1829 1738 1928
9651 4 2 1 1 1880 2050 1758 2051
9652 4 2 1 1 1808 2051 1954 2066
9653 4 2 1 1 1747 1859 1790 1871
9654 4 2 1 1 1740 1853 1773 1984
9655 4 2 1 1 1748 1828 1738 1829
9656 4 2 1 1 344 365 384 385
9657 4 2 1 1 325 394 375 374
9658 4 2 1 1 1730 1848 1867 2088
9659 4 2 1 1 1740 1724 1820 1933
9660 4 2 1 1 1807 1964 1765 2002
9661 4 2 1 1 2011 2012 1690 2015
9662 4 2 1 1 1758 1782 1662 1925
9663 4 2 1 1 1842 1866 1744 2094
9664 4 2 1 1 1804 1957 1727 1966
9665 4 2 1 1 1774 1853 1740 1984
9666 4 2 1 1 1684 1693 1766 1771
9667 4 2 1 1 1674 1688 1685 1766
9668 4 2 1 1 2035 2037 1815 2038
9669 4 2 1 1 378 329 379 398
9670 4 2 1 1 339 361 26 380
9671 4 2 1 1 1682 1700 1767 1903
9672 4 2 1 1 1689 1703 1710 1802
9673 4 2 1 1 1738 1829 1828 1928
9674 4 2 1 1 1773 1790 1707 1866
9675 4 2 1 1 1809 1992 1810 1993
9676 4 2 1 1 358 379 329 398
9677 4 2 1 1 1959 2005 2004 2006
9678 4 2 1 1 1519 1866 1940 2096
9679 4 2 1 1 1681 1856 1850 1857
9680 4 2 1 1 1780 1957 1753 2005
9681 4 2 1 1 1745 1849 1770 1908
9682 4 2 1 1 1711 1796 1782 1880
9683 4 2 1 1 1740 1773 1933 1984
9684 4 2 1 1 1680 1777 2042 2043
9685 4 2 1 1 1666 1964 1781 1965
9686 4 2 1 1 480 1954 2050 2051
9687 4 2 1 1 280 281 377 504
9688 4 2 1 1 466 1857 1820 1933
9689 4 2 1 1 2034 2038 2031 2076
9690 4 2 1 1 1963 2001 1999 2002
9691 4 2 1 1 388 387 368 347
9692 4 2 1 1 350 372 371 391
9693 4 2 1 1 1750 1883 1690 1884
9694 4 2 1 1 31 32 27 2027
9695 4 2 1 1 1736 1940 1791 1974
9696 4 2 1 1 387 318 367 368
9697 4 2 1 1 392 372 351 391
9698 4 2 1 1 1709 1701 1794 1809
9699 4 2 1 1 1744 1707 1859 1866
9700 4 2 1 1 1758 1782 1925 2050
9701 4 2 1 1 1700 1809 1767 1903
9702 4 2 1 1 347 368 318 387
9703 4 2 1 1 1790 1866 1773 1940
9704 4 2 1 1 1702 1731 1717 1809
9705 4 2 1 1 472 2095 1866 2096
9706 4 2 1 1 1767 1809 1717 1993
9707 4 2 1 1 313 382 341 1650
9708 4 2 1 1 1828 1829 1748 2068
9709 4 2 1 1 1703 1698 1791 1802
9710 4 2 1 1 1757 1851 1662 1909
9711 4 2 1 1 2000 2006 2001 2103
9712 4 2 1 1 1807 1999 1964 2002
9713 4 2 1 1 490 296 295 363
9714 4 2 1 1 1747 1871 1796 1880
9715 4 2 1 1 1760 1746 1775 1918
9716 4 2 1 1 1711 1782 1758 1880
9717 4 2 1 1 328 396 397 377
9718 4 2 1 1 362 313 363 382
9719 4 2 1 1 1878 2030 1756 2038
9720 4 2 1 1 1773 1853 1736 1940
9721 4 2 1 1 1808 1758 1954 2050
9722 4 2 1 1 1857 1933 1458 1984
9723 4 2 1 1 1739 1763 1918 1920
9724 4 2 1 1 395 377 396 355
9725 4 2 1 1 1781 1666 1812 1964
9726 4 2 1 1 328 396 377 355
9727 4 2 1 1 1797 1857 1820 1942
9728 4 2 1 1 1767 1903 1809 1993
9729 4 2 1 1 1923 2051 1808 2066
9730 4 2 1 1 358 379 398 1644
9731 4 2 1 1 1746 1718 1760 1775
9732 4 2 1 1 1747 1808 1923 2051
9733 4 2 1 1 1780 2005 1959 2006
9734 4 2 1 1 1690 1884 2014 2015
9735 4 2 1 1 1511 1812 1984 1985
9736 4 2 1 1 1842 1933 1773 2095
9737 4 2 1 1 1848 1849 1730 1867
9738 4 2 1 1 1763 1919 1918 1920
9739 4 2 1 1 1700 1702 1717 1809
9740 4 2 1 1 1765 1961 1807 1963
9741 4 2 1 1 1743 1918 1810 1992
9742 4 2 1 1 1790 1940 1736 1974
9743 4 2 1 1 1853 1940 1773 2096
9744 4 2 1 1 1730 1848 1770 1849
9745 4 2 1 1 386 366 345 385
9746 4 2 1 1 1957 1958 1803 1960
9747 4 2 1 1 1774 1956 1853 1985
9748 4 2 1 1 1859 1871 1747 2051
9749 4 2 1 1 1758 1880 1782 2050
9750 4 2 1 1 316 385 345 366
9751 4 2 1 1 1780 1753 1805 2005
9752 4 2 1 1 1753 1708 1780 1959
9753 4 2 1 1 1716 1703 1791 1802
9754 4 2 1 1 366 365 316 385
9755 4 2 1 1 325 393 394 374
9756 4 2 1 1 1849 1908 1745 2101
9757 4 2 1 1 1731 1735 1743 1809
9758 4 2 1 1 1710 1716 1727 1802
9759 4 2 1 1 1748 2047 1828 2067
9760 4 2 1 1 1734 1871 1790 1974
9761 4 2 1 1 1780 1806 2005 2006
9762 4 2 1 1 1747 1923 1859 2051
9763 4 2 1 1 1806 1958 1957 2005
9764 4 2 1 1 1962 1964 1807 1999
9765 4 2 1 1 1878 2034 2030 2038
9766 4 2 1 1 1454 2050 1880 2051
9767 4 2 1 1 1713 1794 1732 1809
9768 4 2 1 1 1728 1792 1715 1802
9769 4 2 1 1 1963 1999 2001 2006
9770 4 2 1 1 1814 1918 1919 2037
9771 4 2 1 1 1736 1853 1791 1940
9772 4 2 1 1 1918 1819 2036 2037
9773 4 2 1 1 1780 1807 1765 1961
9774 4 2 1 1 1808 2050 1954 2051
9775 4 2 1 1 1956 1957 1804 1966
9776 4 2 1 1 1790 1859 1707 1866
9777 4 2 1 1 1715 1792 1706 1802
9778 4 2 1 1 1773 2095 1933 2096
9779 4 2 1 1 1709 1794 1713 1809
9780 4 2 1 1 1828 1830 1738 1928
9781 4 2 1 1 1812 1956 1774 1985
9782 4 2 1 1 1807 1962 1959 1964
9783 4 2 1 1 1820 1857 1740 1933
9784 4 2 1 1 1773 1866 1842 2095
9785 4 2 1 1 1780 1805 1959 2005
9786 4 2 1 1 1806 1958 2005 2006
9787 4 2 1 1 1780 1959 1961 2006
9788 4 2 1 1 1871 1880 1747 2051
9789 4 2 1 1 1717 1767 1700 1809
9790 4 2 1 1 1703 1716 1710 1802
9791 4 2 1 1 1753 1727 1804 1957
9792 4 2 1 1 2035 2036 1819 2037
9793 4 2 1 1 1774 1853 1984 1985
9794 4 2 1 1 1805 2004 1959 2005
9795 4 2 1 1 1807 1961 1959 2006
9796 4 2 1 1 1753 1780 1805 1959
9797 4 2 1 1 1807 1963 1961 2006
9798 4 2 1 1 1715 1719 1728 1802
9799 4 2 1 1 1775 1818 1756 2038
9800 4 2 1 1 1961 2000 1958 2006
9801 4 2 1 1 1713 1732 1720 1809
9802 4 2 1 1 2030 2033 2035 2038
9803 4 2 1 1 1819 2035 1877 2036
9804 4 2 1 1 1963 1999 1807 2002
9805 4 2 1 1 1773 1866 2095 2096
9806 4 2 1 1 1780 1806 1957 2005
9807 4 2 1 1 1803 1957 1806 1958
9808 4 2 1 1 1818 1919 2031 2038
9809 4 2 1 1 1806 1961 1958 2006
9810 4 2 1 1 1819 1815 2035 2037
9811 4 2 1 1 1765 1963 1807 2002
9812 4 2 1 1 1756 1818 1878 2038
9813 4 2 1 1 1780 1959 1807 1961
9814 4 2 1 1 1780 1961 1806 2006
9815 4 2 1 1 1760 1810 1918 2036
9816 4 2 1 1 1753 1804 1956 1957
9817 4 2 1 1 1760 1918 1819 2036
9818 4 2 1 1 1814 1918 1763 1919
9819 4 2 1 1 1773 1940 1866 2096
9820 4 2 1 1 1740 1933 1857 1984
9821 4 2 1 1 1807 1999 1963 2006
9822 4 2 1 1 1780 1806 1803 1957
9823 4 2 1 1 1819 1918 1815 2037
9824 4 2 1 1 1812 1774 1984 1985
9825 4 2 1 1 1878 2031 2034 2038
9826 4 2 1 1 1807 2004 1999 2006
9827 4 2 1 1 1743 1760 1810 1918
9828 4 2 1 1 1807 1962 1999 2004
9829 4 2 1 1 1760 1775 1815 1918
9830 4 2 1 1 1815 1819 1760 1918
9831 4 2 1 1 1818 2031 1878 2038
9832 4 2 1 1 1815 1877 1819 2035
9833 4 2 1 1 1807 1959 2004 2006
9834 4 2 1 1 1805 1962 1959 2004
9835 4 2 1 1 1807 1959 1962 2004
9836 4 2 1 1 490 467 466 1639
9837 4 2 1 1 366 293 292 316
9838 4 2 1 1 347 1330 1394 1641
9839 4 2 1 1 284 283 374 325
9840 4 2 1 1 327 326 1271 1647
9841 4 2 1 1 298 297 361 311
9842 4 2 1 1 310 311 298 25
9843 4 2 1 1 366 293 316 365
9844 4 2 1 1 490 466 489 1639
9845 4 2 1 1 22 18 337 1638
9846 4 2 1 1 337 18 263 1638
9847 4 2 1 1 338 339 26 261
9848 4 2 1 1 315 316 293 365
9849 4 2 1 1 291 368 318 290
9850 4 2 1 1 297 296 362 312
9851 4 2 1 1 311 312 297 1649
9852 4 2 1 1 345 346 386 254
9853 4 2 1 1 322 323 286 372
9854 4 2 1 1 290 289 368 319
9855 4 2 1 1 289 288 370 320
9856 4 2 1 1 367 292 317 366
9857 4 2 1 1 292 291 367 317
9858 4 2 1 1 319 318 368 290
9859 4 2 1 1 291 368 367 318
9860 4 2 1 1 316 317 292 366
9861 4 2 1 1 330 329 379 279
9862 4 2 1 1 355 356 396 244
9863 4 2 1 1 282 281 376 327
9864 4 2 1 1 281 280 377 328
9865 4 2 1 1 280 279 378 329
9866 4 2 1 1 327 328 281 377
9867 4 2 1 1 285 284 373 324
9868 4 2 1 1 288 287 370 321
9869 4 2 1 1 394 353 354 246
9870 4 2 1 1 325 326 283 375
9871 4 2 1 1 352 353 393 247
9872 4 2 1 1 354 355 395 245
9873 4 2 1 1 356 357 397 243
9874 4 2 1 1 326 327 282 376
9875 4 2 1 1 357 358 398 242
9876 4 2 1 1 358 359 28 241
9877 4 2 1 1 331 330 27 278
9878 4 2 1 1 1201 319 1267 1641
9879 4 2 1 1 339 340 380 260
9880 4 2 1 1 348 349 389 251
9881 4 2 1 1 346 347 387 253
9882 4 2 1 1 344 345 385 255
9883 4 2 1 1 314 315 294 364
9884 4 2 1 1 332 23 276 1651
9885 4 2 1 1 381 340 341 259
9886 4 2 1 1 341 342 382 258
9887 4 2 1 1 354 355 1326 1647
9888 4 2 1 1 278 277 27 331
9889 4 2 1 1 322 321 371 287
9890 4 2 1 1 279 278 379 330
9891 4 2 1 1 370 289 320 369
9892 4 2 1 1 296 363 313 295
9893 4 2 1 1 374 283 375 325
9894 4 2 1 1 295 364 314 294
9895 4 2 1 1 324 323 373 285
9896 4 2 1 1 347 348 388 252
9897 4 2 1 1 370 287 371 321
9898 4 2 1 1 144 990 145 1771
9899 4 2 1 1 143 938 144 1771
9900 4 2 1 1 990 144 938 1771
9901 4 2 1 1 1012 249 1008 1778
9902 4 2 1 1 140 989 934 1794
9903 4 2 1 1 141 934 980 1794
9904 4 2 1 1 139 989 140 1794
9905 4 2 1 1 141 980 142 1794
9906 4 2 1 1 1012 1008 1037 1817
9907 4 2 1 1 1030 987 1036 1817
9908 4 2 1 1 1037 1033 1036 1817
9909 4 2 1 1 1033 1037 1008 1817
9910 4 2 1 1 1036 999 1030 1817
9911 4 2 1 1 982 1030 1014 1817
9912 4 2 1 1 982 1014 980 1817
9913 4 2 1 1 981 982 980 1817
9914 4 2 1 1 1030 999 938 1817
9915 4 2 1 1 938 1014 1030 1817
9916 4 2 1 1 1009 1043 1057 1848
9917 4 2 1 1 935 1011 1048 1874
9918 4 2 1 1 1016 935 1048 1874
9919 4 2 1 1 1046 1011 933 1874
9920 4 2 1 1 935 1016 989 1874
9921 4 2 1 1 139 935 989 1874
9922 4 2 1 1 1018 1020 1001 1883
9923 4 2 1 1 1024 931 1001 1883
9924 4 2 1 1 1010 997 1015 1884
9925 4 2 1 1 936 148 1015 1884
9926 4 2 1 1 1015 147 1010 1884
9927 4 2 1 1 173 197 172 1903
9928 4 2 1 1 197 173 198 1903
9929 4 2 1 1 196 172 197 1903
9930 4 2 1 1 222 142 221 1903
9931 4 2 1 1 221 143 220 1903
9932 4 2 1 1 138 1011 935 1920
9933 4 2 1 1 138 935 139 1920
9934 4 2 1 1 935 1874 139 1920
9935 4 2 1 1 212 152 211 1957
9936 4 2 1 1 163 187 162 1957
9937 4 2 1 1 187 163 188 1957
9938 4 2 1 1 1007 151 931 1960
9939 4 2 1 1 932 1007 1050 1960
9940 4 2 1 1 1052 932 963 1960
9941 4 2 1 1 165 189 164 1966
9942 4 2 1 1 188 164 189 1966
9943 4 2 1 1 189 165 190 1966
9944 4 2 1 1 164 188 163 1966
9945 4 2 1 1 214 150 213 1966
9946 4 2 1 1 213 151 212 1966
9947 4 2 1 1 167 191 166 1967
9948 4 2 1 1 190 166 191 1967
9949 4 2 1 1 166 190 165 1967
9950 4 2 1 1 190 1966 165 1967
9951 4 2 1 1 215 149 214 1967
9952 4 2 1 1 216 148 215 1967
9953 4 2 1 1 169 193 168 1968
9954 4 2 1 1 192 168 193 1968
9955 4 2 1 1 193 169 194 1968
9956 4 2 1 1 168 192 167 1968
9957 4 2 1 1 218 146 217 1968
9958 4 2 1 1 217 147 216 1968
9959 4 2 1 1 171 195 170 1969
9960 4 2 1 1 172 196 171 1969
9961 4 2 1 1 220 144 219 1969
9962 4 2 1 1 195 171 196 1969
9963 4 2 1 1 934 983 981 1973
9964 4 2 1 1 983 934 989 1973
9965 4 2 1 1 983 989 1016 1973
9966 4 2 1 1 989 1874 1016 1973
9967 4 2 1 1 177 201 176 1992
9968 4 2 1 1 201 177 202 1992
9969 4 2 1 1 178 202 177 1992
9970 4 2 1 1 200 176 201 1992
9971 4 2 1 1 226 138 225 1992
9972 4 2 1 1 225 139 224 1992
9973 4 2 1 1 176 200 175 1993
9974 4 2 1 1 175 199 174 1993
9975 4 2 1 1 174 198 173 1993
9976 4 2 1 1 198 174 199 1993
9977 4 2 1 1 223 141 222 1993
9978 4 2 1 1 199 175 200 1993
9979 4 2 1 1 162 186 161 2005
9980 4 2 1 1 186 162 187 2005
9981 4 2 1 1 211 153 210 2005
9982 4 2 1 1 184 160 185 2006
9983 4 2 1 1 209 155 208 2006
9984 4 2 1 1 1033 1008 947 2013
9985 4 2 1 1 992 997 1010 2013
9986 4 2 1 1 992 939 991 2013
9987 4 2 1 1 939 992 1010 2013
9988 4 2 1 1 999 1036 995 2013
9989 4 2 1 1 939 990 991 2013
9990 4 2 1 1 1010 146 939 2013
9991 4 2 1 1 939 145 990 2013
9992 4 2 1 1 990 999 991 2013
9993 4 2 1 1 997 994 998 2015
9994 4 2 1 1 332 277 331 2027
9995 4 2 1 1 359 240 360 2027
9996 4 2 1 1 953 1053 239 2028
9997 4 2 1 1 16 133 230 2034
9998 4 2 1 1 179 203 178 2037
9999 4 2 1 1 203 179 204 2037
10000 4 2 1 1 228 136 227 2037
10001 4 2 1 1 180 204 179 2037
10002 4 2 1 1 230 134 229 2038
10003 4 2 1 1 205 181 206 2038
10004 4 2 1 1 933 1058 1046 2067
10005 4 2 1 1 988 1058 933 2067
10006 4 2 1 1 134 2068 135 2076
10007 4 2 1 1 337 262 338 2087
10008 4 2 1 1 937 1042 155 2103
10009 4 2 1 1 156 1042 954 2103
10010 4 2 1 1 154 937 155 2103
10011 4 2 1 1 1927 1864 2104 652
10012 4 2 1 1 1927 2104 1864 1663
10013 4 2 1 1 1865 1734 1860 1661
10014 4 2 1 1 1865 1860 1734 1767
10015 4 2 1 1 1869 533 528 1655
10016 4 2 1 1 1869 528 533 530
10017 4 2 1 1 2073 1948 1837 1759
10018 4 2 1 1 2073 1837 1948 1834
10019 4 2 1 1 1846 667 2025 715
10020 4 2 1 1 1846 2025 667 1764
10021 4 2 1 1 1861 1729 1654 1730
10022 4 2 1 1 1861 1654 1729 1690
10023 4 2 1 1 1996 1772 1979 1911
10024 4 2 1 1 1996 1979 1772 1787
10025 4 2 1 1 1948 2073 1725 1921
10026 4 2 1 1 1725 2073 1948 1834
10027 4 2 1 1 1854 1795 1736 1703
10028 4 2 1 1 1854 1736 1795 1865
10029 4 2 1 1 1698 1736 1795 1703
10030 4 2 1 1 1783 1892 1887 818
10031 4 2 1 1 1783 1887 1892 2086
10032 4 2 1 1 277 276 2027 332
10033 4 2 1 1 277 2027 276 1905
10034 4 2 1 1 1915 1696 1948 1786
10035 4 2 1 1 1915 1948 1696 1840
10036 4 2 1 1 1982 881 1665 880
10037 4 2 1 1 1982 1665 881 1890
10038 4 2 1 1 897 1665 881 880
10039 4 2 1 1 897 881 1665 1890
10040 4 2 1 1 1779 2046 1876 1768
10041 4 2 1 1 1876 2046 1779 1671
10042 4 2 1 1 1861 2017 1654 1826
10043 4 2 1 1 1654 2017 1861 1730
10044 4 2 1 1 1470 1474 1940 1528
10045 4 2 1 1 1470 1940 1474 2096
10046 4 2 1 1 2107 575 560 1838
10047 4 2 1 1 2107 560 575 556
10048 4 2 1 1 183 184 2006 159
10049 4 2 1 1 2006 1999 183 159
10050 4 2 1 1 1960 964 1050 932
10051 4 2 1 1 1960 1050 964 1875
10052 4 2 1 1 2058 811 1759 1889
10053 4 2 1 1 2058 1759 811 839
10054 4 2 1 1 1890 904 2061 1801
10055 4 2 1 1 1890 2061 904 879
10056 4 2 1 1 1895 525 2053 1653
10057 4 2 1 1 1895 2053 525 542
10058 4 2 1 1 2003 1655 1742 1833
10059 4 2 1 1 2003 1742 1655 1708
10060 4 2 1 1 1783 1742 1655 1833
10061 4 2 1 1 1783 1655 1742 1708
10062 4 2 1 1 549 2059 1983 519
10063 4 2 1 1 1983 2059 549 1795
10064 4 2 1 1 1983 536 549 519
10065 4 2 1 1 549 536 1983 1795
10066 4 2 1 1 1897 2105 622 1858
10067 4 2 1 1 622 2105 1897 584
10068 4 2 1 1 313 1650 363 382
10069 4 2 1 1 1648 363 1650 382
10070 4 2 1 1 1832 1892 1669 1799
10071 4 2 1 1 1832 1669 1892 1693
10072 4 2 1 1 2055 560 531 547
10073 4 2 1 1 2055 531 560 1838
10074 4 2 1 1 2013 146 145 1771
10075 4 2 1 1 2013 145 146 939
10076 4 2 1 1 671 2052 1911 658
10077 4 2 1 1 1911 2052 671 1658
10078 4 2 1 1 2052 671 684 658
10079 4 2 1 1 2052 684 671 1996
10080 4 2 1 1 372 477 1923 404
10081 4 2 1 1 1923 477 372 476
10082 4 2 1 1 1923 403 372 404
10083 4 2 1 1 372 403 1923 476
10084 4 2 1 1 1465 1531 1984 1466
10085 4 2 1 1 1465 1984 1531 1985
10086 4 2 1 1 1853 1984 1531 1466
10087 4 2 1 1 1853 1531 1984 1985
10088 4 2 1 1 707 1998 1854 673
10089 4 2 1 1 1854 1998 707 1795
10090 4 2 1 1 342 1648 364 314
10091 4 2 1 1 713 2021 2025 1847
10092 4 2 1 1 713 2025 2021 1937
10093 4 2 1 1 1764 2025 2021 1847
10094 4 2 1 1 1764 2021 2025 1937
10095 4 2 1 1 1929 2078 1839 1822
10096 4 2 1 1 1839 2078 1929 2074
10097 4 2 1 1 1914 2046 1876 827
10098 4 2 1 1 1876 2046 1914 1768
10099 4 2 1 1 2075 1989 2018 628
10100 4 2 1 1 2075 2018 1989 1762
10101 4 2 1 1 1854 1988 1853 1774
10102 4 2 1 1 1854 1668 1853 1736
10103 4 2 1 1 1853 1668 1854 1774
10104 4 2 1 1 1727 1988 1853 1716
10105 4 2 1 1 2017 798 796 797
10106 4 2 1 1 2017 796 798 1887
10107 4 2 1 1 2098 913 2026 1836
10108 4 2 1 1 1860 1735 1679 1677
10109 4 2 1 1 1860 1679 1735 1731
10110 4 2 1 1 256 257 384 343
10111 4 2 1 1 256 384 257 2009
10112 4 2 1 1 383 384 257 343
10113 4 2 1 1 383 257 384 2009
10114 4 2 1 1 1845 616 593 1800
10115 4 2 1 1 1845 593 616 604
10116 4 2 1 1 2098 690 1953 643
10117 4 2 1 1 2098 1953 690 1836
10118 4 2 1 1 1865 1694 1652 1691
10119 4 2 1 1 1865 1652 1694 1795
10120 4 2 1 1 2023 1834 1696 1830
10121 4 2 1 1 2023 1696 1834 1948
10122 4 2 1 1 1910 1905 1662 1909
10123 4 2 1 1 1910 1662 1905 1906
10124 4 2 1 1 1889 803 1751 840
10125 4 2 1 1 1889 1751 803 1837
10126 4 2 1 1 1966 151 150 213
10127 4 2 1 1 1966 150 151 1960
10128 4 2 1 1 2013 1884 146 1792
10129 4 2 1 1 2013 146 1884 1010
10130 4 2 1 1 147 146 1884 1792
10131 4 2 1 1 147 1884 146 1010
10132 4 2 1 1 1980 2024 1660 1904
10133 4 2 1 1 1660 2024 1980 1935
10134 4 2 1 1 2055 572 1833 1800
10135 4 2 1 1 2055 1833 572 534
10136 4 2 1 1 1865 1767 1688 1682
10137 4 2 1 1 1865 1688 1767 1734
10138 4 2 1 1 389 1439 1673 1438
10139 4 2 1 1 389 1673 1439 2012
10140 4 2 1 1 410 1673 1439 1438
10141 4 2 1 1 410 1439 1673 2012
10142 4 2 1 1 891 2099 1868 920
10143 4 2 1 1 1868 2099 891 2065
10144 4 2 1 1 1926 605 1913 1811
10145 4 2 1 1 1926 1913 605 629
10146 4 2 1 1 2034 133 2069 11
10147 4 2 1 1 2034 2069 133 2076
10148 4 2 1 1 700 1972 698 640
10149 4 2 1 1 698 1972 700 1836
10150 4 2 1 1 1994 757 2077 724
10151 4 2 1 1 1994 2077 757 1825
10152 4 2 1 1 754 2077 757 724
10153 4 2 1 1 754 757 2077 1825
10154 4 2 1 1 1929 744 763 737
10155 4 2 1 1 1929 763 744 1847
10156 4 2 1 1 1860 1711 1717 1731
10157 4 2 1 1 1726 2029 1948 1840
10158 4 2 1 1 1726 1948 2029 2023
10159 4 2 1 1 1696 1948 2029 1840
10160 4 2 1 1 1696 2029 1948 2023
10161 4 2 1 1 1711 1731 1743 1810
10162 4 2 1 1 2003 1780 1742 1708
10163 4 2 1 1 2003 1742 1780 1745
10164 4 2 1 1 1705 1742 1780 1708
10165 4 2 1 1 1705 1780 1742 1745
10166 4 2 1 1 1992 138 139 1920
10167 4 2 1 1 1992 139 138 225
10168 4 2 1 1 703 1937 676 666
10169 4 2 1 1 676 1937 703 1788
10170 4 2 1 1 1946 2062 1856 300
10171 4 2 1 1 1856 2062 1946 1941
10172 4 2 1 1 1640 339 1408 340
10173 4 2 1 1 1640 1408 339 311
10174 4 2 1 1 312 1649 1408 340
10175 4 2 1 1 312 1408 1649 311
10176 4 2 1 1 1649 1640 1408 340
10177 4 2 1 1 1649 1408 1640 311
10178 4 2 1 1 1703 1795 1652 1689
10179 4 2 1 1 1652 1795 1703 1698
10180 4 2 1 1 1652 1670 1703 1689
10181 4 2 1 1 1703 1670 1652 1698
10182 4 2 1 1 1816 1991 1868 1759
10183 4 2 1 1 1816 1868 1991 1786
10184 4 2 1 1 1948 1868 1991 1759
10185 4 2 1 1 1948 1991 1868 1786
10186 4 2 1 1 410 411 1673 1438
10187 4 2 1 1 1673 411 410 2054
10188 4 2 1 1 431 2036 1782 432
10189 4 2 1 1 1782 2036 431 1796
10190 4 2 1 1 1782 1447 431 432
10191 4 2 1 1 431 1447 1782 1796
10192 4 2 1 1 1862 604 605 1845
10193 4 2 1 1 1862 605 604 626
10194 4 2 1 1 313 1650 1266 314
10195 4 2 1 1 313 1266 1650 341
10196 4 2 1 1 2100 1787 599 2018
10197 4 2 1 1 2100 599 1787 1932
10198 4 2 1 1 625 599 1787 2018
10199 4 2 1 1 625 1787 599 1932
10200 4 2 1 1 1885 1681 1955 1723
10201 4 2 1 1 1885 1955 1681 1975
10202 4 2 1 1 394 246 393 353
10203 4 2 1 1 394 393 246 1872
10204 4 2 1 1 1778 246 393 1872
10205 4 2 1 1 709 550 1998 642
10206 4 2 1 1 1998 550 709 511
10207 4 2 1 1 1968 146 147 1792
10208 4 2 1 1 1968 147 146 217
10209 4 2 1 1 464 277 1757 39
10210 4 2 1 1 464 1757 277 1151
10211 4 2 1 1 2092 1663 1824 1981
10212 4 2 1 1 2092 1824 1663 1900
10213 4 2 1 1 21 1891 1681 1885
10214 4 2 1 1 156 2001 2101 157
10215 4 2 1 1 156 2101 2001 2103
10216 4 2 1 1 1872 412 2054 413
10217 4 2 1 1 1872 2054 412 1778
10218 4 2 1 1 1947 2086 1655 1783
10219 4 2 1 1 1947 1655 2086 1719
10220 4 2 1 1 1708 1655 2086 1783
10221 4 2 1 1 1708 2086 1655 1719
10222 4 2 1 1 1853 1727 1791 1804
10223 4 2 1 1 1853 1791 1727 1716
10224 4 2 1 1 1802 1727 1791 1716
10225 4 2 1 1 1872 2054 1779 413
10226 4 2 1 1 1779 2054 1872 1704
10227 4 2 1 1 1779 1840 1872 413
10228 4 2 1 1 1872 1840 1779 1704
10229 4 2 1 1 2023 1834 19 1894
10230 4 2 1 1 2023 19 1834 1830
10231 4 2 1 1 267 19 1834 1894
10232 4 2 1 1 267 1834 19 1830
10233 4 2 1 1 925 2075 857 623
10234 4 2 1 1 584 857 2075 623
10235 4 2 1 1 584 2075 857 1897
10236 4 2 1 1 1976 823 825 1811
10237 4 2 1 1 1976 825 823 802
10238 4 2 1 1 1873 246 245 950
10239 4 2 1 1 1873 245 246 1872
10240 4 2 1 1 2065 1948 1915 1667
10241 4 2 1 1 2065 1915 1948 1786
10242 4 2 1 1 1949 1660 1904 1929
10243 4 2 1 1 1949 1904 1660 1725
10244 4 2 1 1 2082 1937 1677 1659
10245 4 2 1 1 2082 1677 1937 2024
10246 4 2 1 1 2074 751 1836 766
10247 4 2 1 1 2074 1836 751 1972
10248 4 2 1 1 1796 2036 1711 1782
10249 4 2 1 1 1796 1711 2036 1810
10250 4 2 1 1 1680 1711 2036 1782
10251 4 2 1 1 1865 1685 1652 1674
10252 4 2 1 1 1865 1652 1685 1691
10253 4 2 1 1 1686 1685 1766 1674
10254 4 2 1 1 1686 1766 1685 1691
10255 4 2 1 1 183 208 2006 184
10256 4 2 1 1 183 207 2006 208
10257 4 2 1 1 2103 156 2006 2001
10258 4 2 1 1 2006 207 156 208
10259 4 2 1 1 2006 156 207 2001
10260 4 2 1 1 1389 204 229 228
10261 4 2 1 1 1389 229 204 205
10262 4 2 1 1 2019 1982 894 878
10263 4 2 1 1 2019 894 1982 1945
10264 4 2 1 1 883 894 1982 878
10265 4 2 1 1 883 1982 894 1945
10266 4 2 1 1 519 634 51 549
10267 4 2 1 1 519 51 634 706
10268 4 2 1 1 717 756 99 768
10269 4 2 1 1 717 99 756 700
10270 4 2 1 1 1884 147 148 1015
10271 4 2 1 1 1884 148 147 1792
10272 4 2 1 1 2098 908 913 863
10273 4 2 1 1 2098 913 908 2026
10274 4 2 1 1 1943 1733 1861 1741
10275 4 2 1 1 1943 1861 1733 1714
10276 4 2 1 1 2072 265 1894 269
10277 4 2 1 1 2072 1894 265 2071
10278 4 2 1 1 2056 822 779 824
10279 4 2 1 1 2056 779 822 1862
10280 4 2 1 1 1969 144 1903 220
10281 4 2 1 1 1969 1903 144 1771
10282 4 2 1 1 143 1903 144 220
10283 4 2 1 1 143 144 1903 1771
10284 4 2 1 1 513 639 54 551
10285 4 2 1 1 54 639 513 702
10286 4 2 1 1 423 443 1969 424
10287 4 2 1 1 1728 1708 1705 1803
10288 4 2 1 1 159 1781 1999 158
10289 4 2 1 1 1999 1781 159 33
10290 4 2 1 1 250 390 249 350
10291 4 2 1 1 250 249 390 1673
10292 4 2 1 1 391 249 390 350
10293 4 2 1 1 391 390 249 1673
10294 4 2 1 1 484 1082 35 461
10295 4 2 1 1 388 389 252 348
10296 4 2 1 1 388 252 389 2012
10297 4 2 1 1 251 252 389 348
10298 4 2 1 1 1931 1799 1684 1683
10299 4 2 1 1 1652 1931 1684 1683
10300 4 2 1 1 1674 1652 1684 1683
10301 4 2 1 1 1702 1793 1652 1700
10302 4 2 1 1 1652 1793 1702 1679
10303 4 2 1 1 1702 1652 1669 1700
10304 4 2 1 1 1669 1652 1702 1679
10305 4 2 1 1 1702 1669 1687 1700
10306 4 2 1 1 1687 1669 1702 1679
10307 4 2 1 1 1960 2103 1052 154
10308 4 2 1 1 1960 1052 2103 1908
10309 4 2 1 1 937 1052 2103 154
10310 4 2 1 1 937 2103 1052 1908
10311 4 2 1 1 1993 430 1796 429
10312 4 2 1 1 1993 1796 430 1810
10313 4 2 1 1 611 517 42 574
10314 4 2 1 1 611 42 517 589
10315 4 2 1 1 33 1083 453 457
10316 4 2 1 1 453 1083 33 159
10317 4 2 1 1 364 1648 383 363
10318 4 2 1 1 364 383 1648 342
10319 4 2 1 1 382 383 1648 363
10320 4 2 1 1 382 1648 383 342
10321 4 2 1 1 1993 224 199 223
10322 4 2 1 1 1993 199 224 200
10323 4 2 1 1 1262 199 224 223
10324 4 2 1 1 1262 224 199 200
10325 4 2 1 1 1968 146 145 218
10326 4 2 1 1 1968 145 146 1771
10327 4 2 1 1 396 244 395 355
10328 4 2 1 1 396 395 244 1872
10329 4 2 1 1 245 395 244 355
10330 4 2 1 1 245 244 395 1872
10331 4 2 1 1 1736 2049 1707 1661
10332 4 2 1 1 1707 2049 1736 1668
10333 4 2 1 1 1705 2017 1730 1664
10334 4 2 1 1 1730 2017 1705 1654
10335 4 2 1 1 1993 141 1903 1794
10336 4 2 1 1 1993 1903 141 222
10337 4 2 1 1 142 1903 141 1794
10338 4 2 1 1 142 141 1903 222
10339 4 2 1 1 289 1614 1613 1141
10340 4 2 1 1 289 1613 1614 496
10341 4 2 1 1 1931 1799 1686 1670
10342 4 2 1 1 1652 1931 1686 1670
10343 4 2 1 1 1029 252 2013 1017
10344 4 2 1 1 1029 2013 252 2012
10345 4 2 1 1 251 2013 252 1017
10346 4 2 1 1 612 641 88 701
10347 4 2 1 1 88 641 612 585
10348 4 2 1 1 456 38 1150 299
10349 4 2 1 1 456 1150 38 460
10350 4 2 1 1 2089 1653 1709 1713
10351 4 2 1 1 1679 1653 1709 1687
10352 4 2 1 1 1679 1709 1653 1713
10353 4 2 1 1 309 337 1638 22
10354 4 2 1 1 300 309 1638 22
10355 4 2 1 1 1638 309 300 2063
10356 4 2 1 1 2062 300 1638 22
10357 4 2 1 1 1638 300 2062 2063
10358 4 2 1 1 248 249 391 351
10359 4 2 1 1 391 249 248 1778
10360 4 2 1 1 391 392 248 351
10361 4 2 1 1 248 392 391 1778
10362 4 2 1 1 722 2079 747 759
10363 4 2 1 1 747 2079 722 2078
10364 4 2 1 1 757 855 1825 769
10365 4 2 1 1 1825 855 757 837
10366 4 2 1 1 1956 416 1957 417
10367 4 2 1 1 1956 1957 416 2005
10368 4 2 1 1 436 1957 416 417
10369 4 2 1 1 436 416 1957 2005
10370 4 2 1 1 473 2094 368 369
10371 4 2 1 1 368 2094 473 472
10372 4 2 1 1 368 496 473 369
10373 4 2 1 1 473 496 368 472
10374 4 2 1 1 1799 2086 1692 1686
10375 4 2 1 1 1692 1799 1931 1683
10376 4 2 1 1 1931 1799 1692 1686
10377 4 2 1 1 1692 1931 1652 1683
10378 4 2 1 1 1652 1931 1692 1686
10379 4 2 1 1 1692 1652 1674 1683
10380 4 2 1 1 1674 1652 1692 1686
10381 4 2 1 1 1692 1674 1766 1683
10382 4 2 1 1 1766 1674 1692 1686
10383 4 2 1 1 2037 178 202 203
10384 4 2 1 1 2037 202 178 1918
10385 4 2 1 1 226 2037 202 203
10386 4 2 1 1 226 202 2037 1918
10387 4 2 1 1 227 2037 226 203
10388 4 2 1 1 772 552 66 843
10389 4 2 1 1 772 66 552 509
10390 4 2 1 1 1933 469 468 1530
10391 4 2 1 1 1933 468 469 2090
10392 4 2 1 1 1873 245 244 979
10393 4 2 1 1 1873 244 245 1872
10394 4 2 1 1 2041 36 1082 35
10395 4 2 1 1 2041 1082 36 181
10396 4 2 1 1 484 1082 36 35
10397 4 2 1 1 1903 143 142 221
10398 4 2 1 1 1903 142 143 1794
10399 4 2 1 1 749 561 58 727
10400 4 2 1 1 749 58 561 576
10401 4 2 1 1 390 250 389 349
10402 4 2 1 1 390 389 250 1673
10403 4 2 1 1 251 389 250 349
10404 4 2 1 1 251 250 389 1673
10405 4 2 1 1 2034 2038 134 230
10406 4 2 1 1 134 2038 2034 2076
10407 4 2 1 1 134 133 2034 230
10408 4 2 1 1 2034 133 134 2076
10409 4 2 1 1 1960 150 931 1750
10410 4 2 1 1 1960 931 150 151
10411 4 2 1 1 1856 1084 275 1850
10412 4 2 1 1 1856 275 1084 1183
10413 4 2 1 1 189 1966 212 188
10414 4 2 1 1 212 1966 189 213
10415 4 2 1 1 212 1319 189 188
10416 4 2 1 1 189 1319 212 213
10417 4 2 1 1 1992 226 201 225
10418 4 2 1 1 1992 201 226 202
10419 4 2 1 1 1263 201 226 225
10420 4 2 1 1 1263 226 201 202
10421 4 2 1 1 729 518 61 573
10422 4 2 1 1 61 518 729 728
10423 4 2 1 1 2011 2012 2010 1690
10424 4 2 1 1 2010 2012 2011 409
10425 4 2 1 1 2015 997 2013 1884
10426 4 2 1 1 2015 2013 997 994
10427 4 2 1 1 2041 182 2038 2033
10428 4 2 1 1 1903 221 198 197
10429 4 2 1 1 1903 198 221 222
10430 4 2 1 1 1385 198 221 197
10431 4 2 1 1 1385 221 198 222
10432 4 2 1 1 1967 214 191 190
10433 4 2 1 1 1967 191 214 215
10434 4 2 1 1 1314 191 214 190
10435 4 2 1 1 1314 214 191 215
10436 4 2 1 1 562 851 63 841
10437 4 2 1 1 562 63 851 579
10438 4 2 1 1 1967 1968 148 1792
10439 4 2 1 1 1967 148 1968 216
10440 4 2 1 1 147 148 1968 1792
10441 4 2 1 1 147 1968 148 216
10442 4 2 1 1 936 1750 1018 1000
10443 4 2 1 1 936 1018 1750 1884
10444 4 2 1 1 311 361 1649 297
10445 4 2 1 1 311 1649 361 1640
10446 4 2 1 1 380 1649 361 297
10447 4 2 1 1 380 361 1649 1640
10448 4 2 1 1 21 1975 1856 275
10449 4 2 1 1 1856 1975 21 1681
10450 4 2 1 1 1967 1966 149 214
10451 4 2 1 1 1967 149 1966 1792
10452 4 2 1 1 150 149 1966 214
10453 4 2 1 1 150 1966 149 1792
10454 4 2 1 1 556 591 45 575
10455 4 2 1 1 45 591 556 590
10456 4 2 1 1 1960 964 963 1770
10457 4 2 1 1 1960 963 964 932
10458 4 2 1 1 1992 139 140 1794
10459 4 2 1 1 1992 140 139 224
10460 4 2 1 1 2036 431 1918 432
10461 4 2 1 1 2036 1918 431 1810
10462 4 2 1 1 244 396 243 356
10463 4 2 1 1 244 243 396 1737
10464 4 2 1 1 397 243 396 356
10465 4 2 1 1 397 396 243 1737
10466 4 2 1 1 2041 461 1782 35
10467 4 2 1 1 2041 1782 461 1777
10468 4 2 1 1 632 712 2107 716
10469 4 2 1 1 632 2107 712 617
10470 4 2 1 1 1867 2088 1891 1821
10471 4 2 1 1 218 1968 219 145
10472 4 2 1 1 219 1968 144 145
10473 4 2 1 1 219 144 1968 1969
10474 4 2 1 1 144 1968 1771 145
10475 4 2 1 1 144 1771 1968 1969
10476 4 2 1 1 134 2038 135 229
10477 4 2 1 1 135 2038 134 2076
10478 4 2 1 1 1891 1943 2088 1741
10479 4 2 1 1 2088 1943 1891 1821
10480 4 2 1 1 2006 155 154 209
10481 4 2 1 1 2006 154 155 2103
10482 4 2 1 1 1903 173 445 172
10483 4 2 1 1 1903 445 173 446
10484 4 2 1 1 1074 445 173 172
10485 4 2 1 1 1074 173 445 446
10486 4 2 1 1 360 24 2027 239
10487 4 2 1 1 2013 1690 1671 1673
10488 4 2 1 1 2013 1671 1690 1884
10489 4 2 1 1 2083 2097 2084 1798
10490 4 2 1 1 2083 2084 2097 1842
10491 4 2 1 1 1724 2084 2097 1798
10492 4 2 1 1 1724 2097 2084 1842
10493 4 2 1 1 1967 216 191 215
10494 4 2 1 1 1258 191 216 215
10495 4 2 1 1 1258 216 191 192
10496 4 2 1 1 718 755 93 699
10497 4 2 1 1 93 755 718 770
10498 4 2 1 1 498 372 403 371
10499 4 2 1 1 403 372 498 475
10500 4 2 1 1 403 1436 498 371
10501 4 2 1 1 498 1436 403 475
10502 4 2 1 1 497 1436 1437 370
10503 4 2 1 1 1437 1436 497 474
10504 4 2 1 1 1437 496 497 370
10505 4 2 1 1 497 496 1437 474
10506 4 2 1 1 2005 153 1957 211
10507 4 2 1 1 2005 1957 153 1960
10508 4 2 1 1 152 1957 153 211
10509 4 2 1 1 152 153 1957 1960
10510 4 2 1 1 1905 1925 1662 1757
10511 4 2 1 1 1662 1925 1905 1906
10512 4 2 1 1 1957 187 212 188
10513 4 2 1 1 1957 212 187 211
10514 4 2 1 1 1343 212 187 188
10515 4 2 1 1 1343 187 212 211
10516 4 2 1 1 1992 224 223 140
10517 4 2 1 1 1992 223 224 1993
10518 4 2 1 1 141 1992 223 140
10519 4 2 1 1 141 223 1992 1993
10520 4 2 1 1 1794 1992 141 140
10521 4 2 1 1 1794 141 1992 1993
10522 4 2 1 1 2027 239 240 360
10523 4 2 1 1 2027 240 239 2028
10524 4 2 1 1 1966 1957 151 212
10525 4 2 1 1 1966 151 1957 1960
10526 4 2 1 1 152 151 1957 212
10527 4 2 1 1 152 1957 151 1960
10528 4 2 1 1 1018 1883 1000 1750
10529 4 2 1 1 1018 1000 1883 1001
10530 4 2 1 1 931 1000 1883 1750
10531 4 2 1 1 931 1883 1000 1001
10532 4 2 1 1 2023 2028 19 1830
10533 4 2 1 1 1053 19 2028 1830
10534 4 2 1 1 1053 2028 19 239
10535 4 2 1 1 2054 2010 2097 410
10536 4 2 1 1 2054 2097 2010 1784
10537 4 2 1 1 1746 2089 1818 1814
10538 4 2 1 1 2090 467 1933 468
10539 4 2 1 1 2090 1933 467 2084
10540 4 2 1 1 18 17 1638 2063
10541 4 2 1 1 18 1638 17 263
10542 4 2 1 1 2087 1638 337 263
10543 4 2 1 1 1918 1992 138 226
10544 4 2 1 1 138 1992 1918 1920
10545 4 2 1 1 138 137 1918 226
10546 4 2 1 1 1918 137 138 1920
10547 4 2 1 1 1967 149 148 215
10548 4 2 1 1 1967 148 149 1792
10549 4 2 1 1 247 393 246 353
10550 4 2 1 1 247 246 393 1778
10551 4 2 1 1 388 252 253 347
10552 4 2 1 1 253 252 388 2012
10553 4 2 1 1 253 387 388 347
10554 4 2 1 1 388 387 253 2012
10555 4 2 1 1 2042 1148 1082 1181
10556 4 2 1 1 2042 1082 1148 1777
10557 4 2 1 1 1852 1923 1981 1808
10558 4 2 1 1 1981 1923 1852 1813
10559 4 2 1 1 1974 422 1968 423
10560 4 2 1 1 1974 1968 422 1791
10561 4 2 1 1 2007 9 2002 10
10562 4 2 1 1 2007 2002 9 2102
10563 4 2 1 1 2001 9 2002 2102
10564 4 2 1 1 2054 2010 1673 1784
10565 4 2 1 1 2054 1673 2010 2012
10566 4 2 1 1 1690 2010 1673 2012
10567 4 2 1 1 2043 1148 1831 1777
10568 4 2 1 1 2043 1831 1148 269
10569 4 2 1 1 2096 469 470 2095
10570 4 2 1 1 2096 470 469 1449
10571 4 2 1 1 491 363 2090 468
10572 4 2 1 1 491 2090 363 364
10573 4 2 1 1 2037 135 1920 1919
10574 4 2 1 1 1958 153 154 1960
10575 4 2 1 1 2102 2091 1745 2101
10576 4 2 1 1 366 492 2090 469
10577 4 2 1 1 2090 2083 366 469
10578 4 2 1 1 366 2083 2090 365
10579 4 2 1 1 204 2037 229 228
10580 4 2 1 1 135 229 2037 228
10581 4 2 1 1 135 2037 229 2038
10582 4 2 1 1 219 1968 195 1969
10583 4 2 1 1 423 1969 442 1968
10584 4 2 1 1 423 442 1969 443
10585 4 2 1 1 1880 1496 1447 1505
10586 4 2 1 1 1880 1447 1496 1796
10587 4 2 1 1 1874 2067 933 1046
10588 4 2 1 1 1871 428 1491 1445
10589 4 2 1 1 1871 1491 428 1796
10590 4 2 1 1 2097 1695 1784 1813
10591 4 2 1 1 2097 1784 1695 1798
10592 4 2 1 1 1774 1964 1962 1812
10593 4 2 1 1 1774 1956 1962 1805
10594 4 2 1 1 1962 1956 1774 1812
10595 4 2 1 1 1880 1447 1498 1505
10596 4 2 1 1 1880 1498 1447 1782
10597 4 2 1 1 2014 1729 1002 1883
10598 4 2 1 1 2014 1002 1729 2009
10599 4 2 1 1 2050 1524 1515 1503
10600 4 2 1 1 1515 1524 2050 1880
10601 4 2 1 1 1515 1529 2050 1503
10602 4 2 1 1 2050 1529 1515 1880
10603 4 2 1 1 969 2067 971 970
10604 4 2 1 1 971 2067 969 1828
10605 4 2 1 1 1164 1623 1562 1162
10606 4 2 1 1 1164 1562 1623 1616
10607 4 2 1 1 420 1940 1473 1442
10608 4 2 1 1 1473 1940 420 1853
10609 4 2 1 1 1601 1118 1558 1561
10610 4 2 1 1 1601 1558 1118 1116
10611 4 2 1 1 1940 420 421 1442
10612 4 2 1 1 1940 421 420 1791
10613 4 2 1 1 1925 1456 1529 1782
10614 4 2 1 1 1925 1529 1456 1512
10615 4 2 1 1 1993 449 176 1992
10616 4 2 1 1 1993 176 449 448
10617 4 2 1 1 1883 1047 943 1019
10618 4 2 1 1 1883 943 1047 1875
10619 4 2 1 1 167 1968 191 1967
10620 4 2 1 1 167 191 1968 192
10621 4 2 1 1 216 191 1968 1967
10622 4 2 1 1 216 1968 191 192
10623 4 2 1 1 419 1956 1966 418
10624 4 2 1 1 1966 1956 419 1804
10625 4 2 1 1 1548 1164 1079 1134
10626 4 2 1 1 1548 1079 1164 1616
10627 4 2 1 1 1920 2067 1874 1748
10628 4 2 1 1 1874 2067 1920 933
10629 4 2 1 1 1203 1396 323 1269
10630 4 2 1 1 1203 323 1396 1321
10631 4 2 1 1 1266 1392 342 1323
10632 4 2 1 1 1266 342 1392 1199
10633 4 2 1 1 1903 1682 1693 1766
10634 4 2 1 1 1539 1155 1612 1575
10635 4 2 1 1 1539 1612 1155 1142
10636 4 2 1 1 393 247 392 352
10637 4 2 1 1 393 392 247 1778
10638 4 2 1 1 248 392 247 352
10639 4 2 1 1 248 247 392 1778
10640 4 2 1 1 1849 1848 1043 956
10641 4 2 1 1 1043 1848 1849 1770
10642 4 2 1 1 1043 958 1849 956
10643 4 2 1 1 1849 958 1043 1770
10644 4 2 1 1 1073 494 1143 291
10645 4 2 1 1 1073 1143 494 1540
10646 4 2 1 1 1754 2102 1745 2003
10647 4 2 1 1 1745 2102 1754 2091
10648 4 2 1 1 27 1906 1905 39
10649 4 2 1 1 1905 1906 27 31
10650 4 2 1 1 2006 159 2004 1999
10651 4 2 1 1 2006 2004 159 184
10652 4 2 1 1 160 159 2004 184
10653 4 2 1 1 1774 1962 1988 1805
10654 4 2 1 1 1774 1988 1962 1964
10655 4 2 1 1 1959 1988 1962 1805
10656 4 2 1 1 1959 1962 1988 1964
10657 4 2 1 1 969 1928 2068 940
10658 4 2 1 1 2068 1928 969 1828
10659 4 2 1 1 1940 1473 1474 1853
10660 4 2 1 1 1940 1474 1473 1528
10661 4 2 1 1 1115 1601 1557 1552
10662 4 2 1 1 1115 1557 1601 1116
10663 4 2 1 1 1323 1407 1266 1198
10664 4 2 1 1 1323 1266 1407 341
10665 4 2 1 1 313 1266 1407 1198
10666 4 2 1 1 313 1407 1266 341
10667 4 2 1 1 1802 1686 1670 1698
10668 4 2 1 1 1802 1670 1686 1699
10669 4 2 1 1 1127 1586 1582 1585
10670 4 2 1 1 1127 1582 1586 1145
10671 4 2 1 1 1208 1403 335 1277
10672 4 2 1 1 335 1403 1208 1332
10673 4 2 1 1 1796 1717 1993 1767
10674 4 2 1 1 1222 1345 1221 1220
10675 4 2 1 1 1222 1221 1345 1347
10676 4 2 1 1 1213 1338 1337 1214
10677 4 2 1 1 1213 1337 1338 1335
10678 4 2 1 1 487 1137 278 1630
10679 4 2 1 1 487 278 1137 1069
10680 4 2 1 1 2096 1530 469 1933
10681 4 2 1 1 2096 469 1530 1449
10682 4 2 1 1 279 1630 278 1137
10683 4 2 1 1 279 278 1630 506
10684 4 2 1 1 1809 1709 1679 1713
10685 4 2 1 1 1792 1697 1802 1766
10686 4 2 1 1 1686 1697 1802 1699
10687 4 2 1 1 1686 1802 1697 1766
10688 4 2 1 1 1634 1141 1073 1161
10689 4 2 1 1 1634 1073 1141 1614
10690 4 2 1 1 1370 1243 1244 1367
10691 4 2 1 1 1370 1244 1243 1245
10692 4 2 1 1 1623 1134 1164 1548
10693 4 2 1 1 1623 1164 1134 1162
10694 4 2 1 1 1351 1224 1303 1227
10695 4 2 1 1 1351 1303 1224 1349
10696 4 2 1 1 2089 1732 1718 1720
10697 4 2 1 1 2089 1718 1732 1739
10698 4 2 1 1 1718 1732 1735 1720
10699 4 2 1 1 1718 1735 1732 1739
10700 4 2 1 1 1735 1732 1809 1720
10701 4 2 1 1 1735 1809 1732 1739
10702 4 2 1 1 1240 1365 1363 1364
10703 4 2 1 1 1240 1363 1365 1241
10704 4 2 1 1 24 1651 2027 2022
10705 4 2 1 1 276 2027 1651 2022
10706 4 2 1 1 1256 1389 1377 1318
10707 4 2 1 1 1256 1377 1389 1196
10708 4 2 1 1 1973 1778 1704 1873
10709 4 2 1 1 1973 1704 1778 1817
10710 4 2 1 1 1365 1296 1300 1241
10711 4 2 1 1 1365 1300 1296 1409
10712 4 2 1 1 1753 1719 1689 1727
10713 4 2 1 1 1221 1344 1276 1219
10714 4 2 1 1 1221 1276 1344 1346
10715 4 2 1 1 1296 1363 1417 1239
10716 4 2 1 1 1296 1417 1363 1409
10717 4 2 1 1 377 1954 482 481
10718 4 2 1 1 482 1954 377 406
10719 4 2 1 1 1213 1400 1338 1212
10720 4 2 1 1 1213 1338 1400 1335
10721 4 2 1 1 1775 1718 1677 1756
10722 4 2 1 1 1984 458 1459 1455
10723 4 2 1 1 1984 1459 458 1812
10724 4 2 1 1 1552 1163 1078 1115
10725 4 2 1 1 1078 1163 1552 1628
10726 4 2 1 1 1094 1566 1091 1174
10727 4 2 1 1 1094 1091 1566 1568
10728 4 2 1 1 1200 1393 345 1283
10729 4 2 1 1 1200 345 1393 1325
10730 4 2 1 1 1196 1333 205 1255
10731 4 2 1 1 1196 205 1333 1389
10732 4 2 1 1 1357 1231 1291 1233
10733 4 2 1 1 1357 1291 1231 1355
10734 4 2 1 1 1269 1320 322 1202
10735 4 2 1 1 1269 322 1320 1396
10736 4 2 1 1 1108 1625 1062 1547
10737 4 2 1 1 1108 1062 1625 1114
10738 4 2 1 1 1400 1274 1428 1212
10739 4 2 1 1 1400 1428 1274 1342
10740 4 2 1 1 362 297 380 361
10741 4 2 1 1 362 380 297 312
10742 4 2 1 1 2027 332 1651 1645
10743 4 2 1 1 2027 1651 332 276
10744 4 2 1 1 1933 1458 466 1857
10745 4 2 1 1 1933 466 1458 1526
10746 4 2 1 1 1249 1376 1250 1251
10747 4 2 1 1 1249 1250 1376 1374
10748 4 2 1 1 312 1408 1407 340
10749 4 2 1 1 312 1407 1408 1265
10750 4 2 1 1 1328 1209 1308 1273
10751 4 2 1 1 1328 1308 1209 1399
10752 4 2 1 1 1243 1368 1365 1367
10753 4 2 1 1 1243 1365 1368 1300
10754 4 2 1 1 1225 1349 1222 1224
10755 4 2 1 1 1225 1222 1349 1413
10756 4 2 1 1 1347 1284 1221 1412
10757 4 2 1 1 1347 1221 1284 1222
10758 4 2 1 1 2038 2041 36 181
10759 4 2 1 1 36 2041 2038 2035
10760 4 2 1 1 1207 1390 1281 1264
10761 4 2 1 1 1281 1390 1207 1331
10762 4 2 1 1 1277 1429 1209 1403
10763 4 2 1 1 1209 1429 1277 1304
10764 4 2 1 1 1404 338 1279 310
10765 4 2 1 1 1404 1279 338 1312
10766 4 2 1 1 1197 1279 338 310
10767 4 2 1 1 1197 338 1279 1312
10768 4 2 1 1 1429 1209 332 1304
10769 4 2 1 1 1429 332 1209 1399
10770 4 2 1 1 1753 1728 1708 1719
10771 4 2 1 1 1753 1708 1728 1957
10772 4 2 1 1 1216 1434 1274 1428
10773 4 2 1 1 1216 1274 1434 1310
10774 4 2 1 1 1278 1341 1305 1210
10775 4 2 1 1 1278 1305 1341 1402
10776 4 2 1 1 1984 1666 1740 1774
10777 4 2 1 1 1984 1740 1666 1681
10778 4 2 1 1 1214 1405 1340 1286
10779 4 2 1 1 1340 1405 1214 1338
10780 4 2 1 1 1942 2084 1944 399
10781 4 2 1 1 1944 2084 1942 1820
10782 4 2 1 1 1215 1340 1425 1287
10783 4 2 1 1 1215 1425 1340 1337
10784 4 2 1 1 2096 471 472 2095
10785 4 2 1 1 2096 472 471 1450
10786 4 2 1 1 1279 1390 1306 1264
10787 4 2 1 1 1279 1306 1390 1404
10788 4 2 1 1 1809 1735 1679 1731
10789 4 2 1 1 1809 1679 1735 1720
10790 4 2 1 1 2027 359 1645 360
10791 4 2 1 1 1399 1645 1429 332
10792 4 2 1 1 1399 1429 1645 360
10793 4 2 1 1 359 1399 1645 360
10794 4 2 1 1 1391 1310 1331 1281
10795 4 2 1 1 1391 1331 1310 1434
10796 4 2 1 1 1682 1766 1767 1688
10797 4 2 1 1 1682 1767 1766 1903
10798 4 2 1 1 1974 1767 1969 1688
10799 4 2 1 1 1767 1766 1969 1688
10800 4 2 1 1 1767 1969 1766 1903
10801 4 2 1 1 1690 2015 2013 1884
10802 4 2 1 1 2013 2015 1690 2012
10803 4 2 1 1 1718 1760 1677 1735
10804 4 2 1 1 1718 1677 1760 1775
10805 4 2 1 1 1743 1809 1810 1731
10806 4 2 1 1 1743 1810 1809 1992
10807 4 2 1 1 1959 1765 1780 1807
10808 4 2 1 1 1959 1780 1765 1708
10809 4 2 1 1 1966 1728 1792 1803
10810 4 2 1 1 1966 1792 1728 1802
10811 4 2 1 1 2005 1753 1956 1957
10812 4 2 1 1 2005 1956 1753 1805
10813 4 2 1 1 1683 1766 1771 1684
10814 4 2 1 1 1771 1766 1683 1692
10815 4 2 1 1 2035 2030 1756 1877
10816 4 2 1 1 2035 1756 2030 2038
10817 4 2 1 1 1775 2035 1756 1877
10818 4 2 1 1 1775 1756 2035 2038
10819 4 2 1 1 1815 2035 1775 1877
10820 4 2 1 1 1815 1775 2035 2038
10821 4 2 1 1 1966 1727 1791 1802
10822 4 2 1 1 1966 1791 1727 1804
10823 4 2 1 1 1646 1642 370 389
10824 4 2 1 1 370 320 1646 389
10825 4 2 1 1 2050 1906 1758 1954
10826 4 2 1 1 2050 1758 1906 1925
10827 4 2 1 1 1815 2038 1918 1775
10828 4 2 1 1 1815 1918 2038 2037
10829 4 2 1 1 1651 1429 1645 332
10830 4 2 1 1 1304 1651 1429 24
10831 4 2 1 1 1304 1429 1651 332
10832 4 2 1 1 23 1651 1304 24
10833 4 2 1 1 23 1304 1651 332
10834 4 2 1 1 370 1646 321 1642
10835 4 2 1 1 466 1639 399 362
10836 4 2 1 1 363 399 1639 362
10837 4 2 1 1 323 372 285 286
10838 4 2 1 1 323 285 372 373
10839 4 2 1 1 500 285 372 286
10840 4 2 1 1 500 372 285 373
10841 4 2 1 1 363 1650 314 1648
10842 4 2 1 1 363 364 314 295
10843 4 2 1 1 314 364 363 1648
10844 4 2 1 1 321 320 370 288
10845 4 2 1 1 321 370 320 1646
10846 4 2 1 1 326 375 282 283
10847 4 2 1 1 326 282 375 376
10848 4 2 1 1 502 282 375 283
10849 4 2 1 1 502 375 282 376
10850 4 2 1 1 349 1642 1395 348
10851 4 2 1 1 349 1395 1642 321
10852 4 2 1 1 1646 320 1268 348
10853 4 2 1 1 1646 1268 320 321
10854 4 2 1 1 1395 1646 1268 348
10855 4 2 1 1 1395 1268 1646 321
10856 4 2 1 1 1642 1646 1395 348
10857 4 2 1 1 1642 1395 1646 321
10858 4 2 1 1 314 313 363 295
10859 4 2 1 1 314 363 313 1650
10860 4 2 1 1 317 318 367 386
10861 4 2 1 1 317 367 318 291
10862 4 2 1 1 351 350 391 372
10863 4 2 1 1 351 391 350 249
10864 4 2 1 1 1133 500 1064 1549
10865 4 2 1 1 1133 1064 500 285
10866 4 2 1 1 322 371 286 287
10867 4 2 1 1 322 286 371 372
10868 4 2 1 1 498 286 371 287
10869 4 2 1 1 498 371 286 372
10870 4 2 1 1 352 351 392 373
10871 4 2 1 1 392 351 352 248
10872 4 2 1 1 490 1639 296 363
10873 4 2 1 1 490 296 1639 489
10874 4 2 1 1 362 296 1639 363
10875 4 2 1 1 362 1639 296 489
10876 4 2 1 1 374 1643 325 393
10877 4 2 1 1 344 343 384 365
10878 4 2 1 1 344 384 343 256
10879 4 2 1 1 368 289 388 319
10880 4 2 1 1 368 388 289 369
10881 4 2 1 1 320 388 289 319
10882 4 2 1 1 320 289 388 369
10883 4 2 1 1 312 313 362 381
10884 4 2 1 1 312 362 313 296
10885 4 2 1 1 1650 1266 342 341
10886 4 2 1 1 342 382 1650 341
10887 4 2 1 1 1650 382 342 1648
10888 4 2 1 1 342 343 383 257
10889 4 2 1 1 342 383 343 364
10890 4 2 1 1 350 349 390 371
10891 4 2 1 1 350 390 349 250
10892 4 2 1 1 329 328 378 280
10893 4 2 1 1 329 378 328 397
10894 4 2 1 1 377 378 328 280
10895 4 2 1 1 377 328 378 397
10896 4 2 1 1 257 258 383 342
10897 4 2 1 1 257 383 258 1729
10898 4 2 1 1 382 383 258 342
10899 4 2 1 1 382 258 383 1729
10900 4 2 1 1 242 243 397 357
10901 4 2 1 1 397 243 242 1737
10902 4 2 1 1 397 398 242 357
10903 4 2 1 1 242 398 397 1737
10904 4 2 1 1 260 380 381 340
10905 4 2 1 1 381 380 260 1769
10906 4 2 1 1 381 259 260 340
10907 4 2 1 1 260 259 381 1769
10908 4 2 1 1 258 259 382 341
10909 4 2 1 1 258 382 259 1769
10910 4 2 1 1 381 382 259 341
10911 4 2 1 1 381 259 382 1769
10912 4 2 1 1 28 241 398 358
10913 4 2 1 1 28 398 241 1827
10914 4 2 1 1 242 398 241 358
10915 4 2 1 1 242 241 398 1827
10916 4 2 1 1 26 261 2087 338
10917 4 2 1 1 26 2087 261 1848
10918 4 2 1 1 262 2087 261 338
10919 4 2 1 1 262 261 2087 1848
10920 4 2 1 1 395 245 394 354
10921 4 2 1 1 395 394 245 1872
10922 4 2 1 1 246 394 245 354
10923 4 2 1 1 246 245 394 1872
10924 4 2 1 1 226 137 2037 227
10925 4 2 1 1 226 2037 137 1918
10926 4 2 1 1 136 2037 137 227
10927 4 2 1 1 136 135 2037 228
10928 4 2 1 1 136 2037 135 1920
10929 4 2 1 1 195 170 1968 194
10930 4 2 1 1 195 1968 170 1969
10931 4 2 1 1 169 1968 170 194
10932 4 2 1 1 981 934 1817 980
10933 4 2 1 1 981 1817 934 1973
10934 4 2 1 1 2005 185 186 161
10935 4 2 1 1 256 384 385 344
10936 4 2 1 1 385 384 256 2009
10937 4 2 1 1 385 255 256 344
10938 4 2 1 1 256 255 385 2009
10939 4 2 1 1 255 385 386 345
10940 4 2 1 1 386 385 255 2011
10941 4 2 1 1 386 254 255 345
10942 4 2 1 1 255 254 386 2011
10943 4 2 1 1 254 386 387 346
10944 4 2 1 1 387 386 254 2011
10945 4 2 1 1 387 253 254 346
10946 4 2 1 1 254 253 387 2011
10947 4 2 1 1 182 181 2038 206
10948 4 2 1 1 2038 181 182 2041
10949 4 2 1 1 262 1848 1867 1027
10950 4 2 1 1 1867 1848 262 2087
10951 4 2 1 1 1867 263 262 1027
10952 4 2 1 1 262 263 1867 2087
10953 4 2 1 1 294 293 365 315
10954 4 2 1 1 365 364 294 315
10955 4 2 1 1 294 364 365 2090
10956 4 2 1 1 294 492 365 293
10957 4 2 1 1 294 365 492 2090
10958 4 2 1 1 366 365 492 293
10959 4 2 1 1 366 492 365 2090
10960 4 2 1 1 156 155 2006 208
10961 4 2 1 1 156 2006 155 2103
10962 4 2 1 1 1794 1817 143 1771
10963 4 2 1 1 938 143 1817 1771
10964 4 2 1 1 938 1817 143 1014
10965 4 2 1 1 1767 1682 1860 1700
10966 4 2 1 1 1767 1860 1682 1865
10967 4 2 1 1 1793 1860 1682 1700
10968 4 2 1 1 1793 1682 1860 1865
10969 4 2 1 1 15 2033 2038 182
10970 4 2 1 1 2038 2033 15 2034
10971 4 2 1 1 2038 206 15 182
10972 4 2 1 1 15 206 2038 2034
10973 4 2 1 1 1853 1716 1854 1736
10974 4 2 1 1 1853 1854 1716 1988
10975 4 2 1 1 1795 1694 1736 1698
10976 4 2 1 1 1795 1736 1694 1865
10977 4 2 1 1 1909 2022 1894 1726
10978 4 2 1 1 1909 1894 2022 20
10979 4 2 1 1 19 1894 2022 1726
10980 4 2 1 1 19 2022 1894 20
10981 4 2 1 1 1689 1988 1655 1753
10982 4 2 1 1 1655 1988 1689 1922
10983 4 2 1 1 2053 1669 1895 1653
10984 4 2 1 1 2053 1895 1669 1931
10985 4 2 1 1 250 1008 2013 947
10986 4 2 1 1 2013 1008 250 1673
10987 4 2 1 1 2013 251 250 947
10988 4 2 1 1 250 251 2013 1673
10989 4 2 1 1 185 210 2005 186
10990 4 2 1 1 185 209 2005 210
10991 4 2 1 1 185 2005 209 2006
10992 4 2 1 1 1958 154 2005 2006
10993 4 2 1 1 2005 209 154 210
10994 4 2 1 1 2005 154 209 2006
10995 4 2 1 1 1832 1709 1895 1687
10996 4 2 1 1 1832 1895 1709 2089
10997 4 2 1 1 1653 1895 1709 1687
10998 4 2 1 1 1653 1709 1895 2089
10999 4 2 1 1 2022 19 2027 24
11000 4 2 1 1 2022 2027 19 2023
11001 4 2 1 1 239 2027 19 24
11002 4 2 1 1 2087 2063 2088 1785
11003 4 2 1 1 2087 2088 2063 1867
11004 4 2 1 1 1891 2088 2063 1785
11005 4 2 1 1 1891 2063 2088 1867
11006 4 2 1 1 1877 1815 1677 1775
11007 4 2 1 1 1877 1677 1815 1680
11008 4 2 1 1 1760 1677 1815 1775
11009 4 2 1 1 1760 1815 1677 1680
11010 4 2 1 1 2087 309 1638 2063
11011 4 2 1 1 2087 1638 309 337
11012 4 2 1 1 1753 1655 1719 1708
11013 4 2 1 1 1753 1719 1655 1689
11014 4 2 1 1 1745 2000 1961 2102
11015 4 2 1 1 2000 2101 1745 1908
11016 4 2 1 1 1745 2101 2000 2102
11017 4 2 1 1 2000 2001 2101 1908
11018 4 2 1 1 2101 2001 2000 2102
11019 4 2 1 1 2102 1961 2001 2000
11020 4 2 1 1 2102 2001 1961 1963
11021 4 2 1 1 2006 2001 1961 2000
11022 4 2 1 1 2006 1961 2001 1963
11023 4 2 1 1 1961 1958 1745 1806
11024 4 2 1 1 1705 1958 1745 1908
11025 4 2 1 1 1705 1745 1958 1806
11026 4 2 1 1 1677 1877 2030 1680
11027 4 2 1 1 2030 1877 1677 1756
11028 4 2 1 1 2030 2081 1677 1680
11029 4 2 1 1 1677 2081 2030 1756
11030 4 2 1 1 2086 1697 1706 1792
11031 4 2 1 1 2086 1706 1697 1699
11032 4 2 1 1 1802 1706 1697 1792
11033 4 2 1 1 1802 1697 1706 1699
11034 4 2 1 1 2000 1958 1745 1961
11035 4 2 1 1 2000 1745 1958 1908
11036 4 2 1 1 2013 1792 1671 1884
11037 4 2 1 1 2013 1671 1792 1771
11038 4 2 1 1 1654 1671 1792 1884
11039 4 2 1 1 1654 1792 1671 1771
11040 4 2 1 1 1715 1705 1792 1728
11041 4 2 1 1 1792 1705 1715 2086
11042 4 2 1 1 1719 1708 1705 1728
11043 4 2 1 1 1705 1708 1719 2086
11044 4 2 1 1 1715 1719 1705 1728
11045 4 2 1 1 1705 1719 1715 2086
11046 4 2 1 1 1903 1700 1693 1682
11047 4 2 1 1 1903 1693 1700 1687
11048 4 2 1 1 1669 1693 1700 1682
11049 4 2 1 1 1669 1700 1693 1687
11050 4 2 1 1 1814 2089 1739 1746
11051 4 2 1 1 1739 2089 1814 1763
11052 4 2 1 1 1739 1918 1814 1746
11053 4 2 1 1 1814 1918 1739 1763
11054 4 2 1 1 1715 1670 1802 1706
11055 4 2 1 1 1942 1941 1857 1856
11056 4 2 1 1 1942 1857 1941 1797
11057 4 2 1 1 1857 1941 1681 1856
11058 4 2 1 1 1857 1681 1941 1797
11059 4 2 1 1 1681 1941 2062 1856
11060 4 2 1 1 1681 2062 1941 1797
11061 4 2 1 1 1809 1687 1679 1709
11062 4 2 1 1 1809 1679 1687 1702
11063 4 2 1 1 1999 1812 1781 33
11064 4 2 1 1 1999 1781 1812 1964
11065 4 2 1 1 1809 1739 1794 1732
11066 4 2 1 1 1722 1794 1739 1732
11067 4 2 1 1 1722 1739 1794 1920
11068 4 2 1 1 1853 420 1804 1791
11069 4 2 1 1 1853 1804 420 419
11070 4 2 1 1 1966 1804 420 1791
11071 4 2 1 1 1966 420 1804 419
11072 4 2 1 1 1719 1802 1670 1689
11073 4 2 1 1 1670 1802 1719 1715
11074 4 2 1 1 2083 1842 1933 2084
11075 4 2 1 1 1933 1842 2083 2095
11076 4 2 1 1 1933 2090 2083 2084
11077 4 2 1 1 2083 2090 1933 2095
11078 4 2 1 1 1746 1739 1760 1718
11079 4 2 1 1 1746 1760 1739 1918
11080 4 2 1 1 1735 1760 1739 1718
11081 4 2 1 1 325 1643 353 393
11082 4 2 1 1 325 353 1643 324
11083 4 2 1 1 352 353 1643 393
11084 4 2 1 1 352 1643 353 324
11085 4 2 1 1 1809 1743 1739 1735
11086 4 2 1 1 1809 1739 1743 1918
11087 4 2 1 1 1760 1739 1743 1735
11088 4 2 1 1 1760 1743 1739 1918
11089 4 2 1 1 1466 1984 2096 1853
11090 4 2 1 1 1466 2096 1984 1933
11091 4 2 1 1 1773 2096 1984 1853
11092 4 2 1 1 1773 1984 2096 1933
11093 4 2 1 1 2030 2035 2041 1877
11094 4 2 1 1 2041 2035 2030 2033
11095 4 2 1 1 2041 1680 2030 1877
11096 4 2 1 1 2030 1680 2041 2033
11097 4 2 1 1 1818 1919 2037 1814
11098 4 2 1 1 2037 1919 1818 2038
11099 4 2 1 1 1818 2037 1918 1814
11100 4 2 1 1 1918 2037 1818 2038
11101 4 2 1 1 1775 1918 1818 2038
11102 4 2 1 1 298 1946 37 299
11103 4 2 1 1 37 1946 298 25
11104 4 2 1 1 310 309 1946 299
11105 4 2 1 1 298 310 1946 299
11106 4 2 1 1 1946 310 298 25
11107 4 2 1 1 142 143 1817 1014
11108 4 2 1 1 1817 143 142 1794
11109 4 2 1 1 1817 980 142 1014
11110 4 2 1 1 142 980 1817 1794
11111 4 2 1 1 1817 1771 990 938
11112 4 2 1 1 990 1771 1817 2013
11113 4 2 1 1 990 999 1817 938
11114 4 2 1 1 1817 999 990 2013
11115 4 2 1 1 2037 181 36 180
11116 4 2 1 1 2037 36 181 2038
11117 4 2 1 1 204 205 2037 180
11118 4 2 1 1 205 181 2037 180
11119 4 2 1 1 205 2037 181 2038
11120 4 2 1 1 1652 1682 1693 1669
11121 4 2 1 1 1892 1693 1799 1684
11122 4 2 1 1 1799 1693 1892 1669
11123 4 2 1 1 1693 1931 1799 1684
11124 4 2 1 1 1799 1931 1693 1669
11125 4 2 1 1 1693 1652 1931 1684
11126 4 2 1 1 1931 1652 1693 1669
11127 4 2 1 1 1735 1680 1677 1860
11128 4 2 1 1 1677 1680 1735 1760
11129 4 2 1 1 1680 1743 1735 1760
11130 4 2 1 1 1683 1771 1892 1684
11131 4 2 1 1 1892 1799 1683 1684
11132 4 2 1 1 1734 1711 1767 1860
11133 4 2 1 1 1734 1767 1711 1796
11134 4 2 1 1 1717 1767 1711 1860
11135 4 2 1 1 1717 1711 1767 1796
11136 4 2 1 1 1711 1731 1796 1717
11137 4 2 1 1 1796 1731 1711 1810
11138 4 2 1 1 1731 1993 1796 1717
11139 4 2 1 1 1796 1993 1731 1810
11140 4 2 1 1 1731 1809 1993 1717
11141 4 2 1 1 1993 1809 1731 1810
11142 4 2 1 1 2036 1810 1680 1760
11143 4 2 1 1 2036 1680 1810 1711
11144 4 2 1 1 1743 1680 1810 1760
11145 4 2 1 1 1743 1810 1680 1711
11146 4 2 1 1 1680 1711 1735 1743
11147 4 2 1 1 1680 1735 1711 1860
11148 4 2 1 1 1731 1735 1711 1743
11149 4 2 1 1 1731 1711 1735 1860
11150 4 2 1 1 9 157 2002 10
11151 4 2 1 1 9 2002 157 2001
11152 4 2 1 1 1765 2102 1961 1963
11153 4 2 1 1 1780 2102 1765 1708
11154 4 2 1 1 1780 1765 2102 1961
11155 4 2 1 1 314 1650 342 1648
11156 4 2 1 1 314 342 1650 1266
11157 4 2 1 1 1753 1727 1774 1804
11158 4 2 1 1 1753 1774 1727 1988
11159 4 2 1 1 1853 1774 1727 1804
11160 4 2 1 1 1853 1727 1774 1988
11161 4 2 1 1 2075 857 910 925
11162 4 2 1 1 2075 910 857 1897
11163 4 2 1 1 1686 1652 1685 1674
11164 4 2 1 1 1691 1652 1686 1670
11165 4 2 1 1 1691 1686 1652 1685
11166 4 2 1 1 229 205 2037 204
11167 4 2 1 1 2037 205 229 2038
11168 4 2 1 1 2063 22 18 1891
11169 4 2 1 1 1785 1797 2063 1891
11170 4 2 1 1 1785 2063 1797 2062
11171 4 2 1 1 1681 21 1797 1891
11172 4 2 1 1 1681 1797 21 2062
11173 4 2 1 1 21 22 2063 1891
11174 4 2 1 1 21 2063 22 2062
11175 4 2 1 1 1797 21 2063 1891
11176 4 2 1 1 1797 2063 21 2062
11177 4 2 1 1 22 1638 2063 18
11178 4 2 1 1 22 2063 1638 2062
11179 4 2 1 1 1692 1799 1892 2086
11180 4 2 1 1 1892 1799 1692 1683
11181 4 2 1 1 1892 1771 1692 2086
11182 4 2 1 1 1692 1771 1892 1683
11183 4 2 1 1 1082 36 1170 484
11184 4 2 1 1 1082 1170 36 181
11185 4 2 1 1 380 260 261 339
11186 4 2 1 1 1848 260 380 1769
11187 4 2 1 1 1848 380 260 261
11188 4 2 1 1 2087 310 1946 25
11189 4 2 1 1 2087 1946 310 309
11190 4 2 1 1 374 325 324 284
11191 4 2 1 1 324 325 374 1643
11192 4 2 1 1 324 373 374 284
11193 4 2 1 1 374 373 324 1643
11194 4 2 1 1 1766 1697 1771 1792
11195 4 2 1 1 1766 1771 1697 1692
11196 4 2 1 1 2086 1771 1697 1792
11197 4 2 1 1 2086 1697 1771 1692
11198 4 2 1 1 1429 360 1651 1645
11199 4 2 1 1 1429 1651 360 24
11200 4 2 1 1 2027 1651 360 1645
11201 4 2 1 1 2027 360 1651 24
11202 4 2 1 1 2006 183 2001 207
11203 4 2 1 1 2006 2001 183 1999
11204 4 2 1 1 2002 2001 183 207
11205 4 2 1 1 2002 183 2001 1999
11206 4 2 1 1 2028 19 2027 2023
11207 4 2 1 1 2028 2027 19 239
11208 4 2 1 1 1746 2089 1879 1818
11209 4 2 1 1 1746 1879 2089 1718
11210 4 2 1 1 1756 1746 1879 1818
11211 4 2 1 1 1756 1879 1746 1718
11212 4 2 1 1 1775 1746 1756 1818
11213 4 2 1 1 1775 1756 1746 1718
11214 4 2 1 1 1638 2063 1867 2087
11215 4 2 1 1 1867 2063 1638 17
11216 4 2 1 1 1867 263 1638 2087
11217 4 2 1 1 1638 263 1867 17
11218 4 2 1 1 1739 1763 1722 2089
11219 4 2 1 1 1739 1722 1763 1920
11220 4 2 1 1 1829 1763 1722 1920
11221 4 2 1 1 2010 1673 1826 1690
11222 4 2 1 1 2010 1826 1673 1784
11223 4 2 1 1 1671 1826 1673 1690
11224 4 2 1 1 1671 1673 1826 1784
11225 4 2 1 1 1814 1818 1712 2089
11226 4 2 1 1 1814 1712 1818 1829
11227 4 2 1 1 1722 1763 1712 2089
11228 4 2 1 1 1722 1712 1763 1829
11229 4 2 1 1 1763 1814 1712 2089
11230 4 2 1 1 1763 1712 1814 1829
11231 4 2 1 1 241 28 240 359
11232 4 2 1 1 2027 28 240 2028
11233 4 2 1 1 2027 240 28 359
11234 4 2 1 1 1766 1693 1674 1682
11235 4 2 1 1 1766 1674 1693 1684
11236 4 2 1 1 1652 1674 1693 1682
11237 4 2 1 1 1652 1693 1674 1684
11238 4 2 1 1 153 154 2005 1958
11239 4 2 1 1 153 2005 154 210
11240 4 2 1 1 194 1382 219 195
11241 4 2 1 1 219 1382 194 218
11242 4 2 1 1 219 1968 194 195
11243 4 2 1 1 194 1968 219 218
11244 4 2 1 1 2013 251 2012 1673
11245 4 2 1 1 2013 2012 251 252
11246 4 2 1 1 389 2012 251 1673
11247 4 2 1 1 389 251 2012 252
11248 4 2 1 1 29 25 1946 30
11249 4 2 1 1 1946 25 29 2087
11250 4 2 1 1 1946 1785 29 30
11251 4 2 1 1 29 1785 1946 2087
11252 4 2 1 1 159 2004 34 160
11253 4 2 1 1 159 34 2004 1999
11254 4 2 1 1 25 1942 1941 30
11255 4 2 1 1 1941 1942 25 38
11256 4 2 1 1 1941 1946 25 30
11257 4 2 1 1 25 1946 1941 38
11258 4 2 1 1 1719 1727 1728 1802
11259 4 2 1 1 1719 1728 1727 1753
11260 4 2 1 1 1957 1728 1727 1802
11261 4 2 1 1 1957 1727 1728 1753
11262 4 2 1 1 1645 2027 331 359
11263 4 2 1 1 331 2027 1645 332
11264 4 2 1 1 331 1399 1645 359
11265 4 2 1 1 1645 1399 331 332
11266 4 2 1 1 427 1767 426 1974
11267 4 2 1 1 427 426 1767 1903
11268 4 2 1 1 1969 426 1767 1974
11269 4 2 1 1 1969 1767 426 1903
11270 4 2 1 1 1818 1746 1918 1775
11271 4 2 1 1 1918 1746 1818 1814
11272 4 2 1 1 1992 1739 1794 1809
11273 4 2 1 1 1992 1794 1739 1920
11274 4 2 1 1 1639 363 2084 399
11275 4 2 1 1 2084 363 1639 467
11276 4 2 1 1 2084 466 1639 399
11277 4 2 1 1 1639 466 2084 467
11278 4 2 1 1 936 149 1750 1000
11279 4 2 1 1 936 1750 149 1792
11280 4 2 1 1 150 1750 149 1000
11281 4 2 1 1 150 149 1750 1792
11282 4 2 1 1 1827 28 240 241
11283 4 2 1 1 1827 240 28 2028
11284 4 2 1 1 2037 137 1920 136
11285 4 2 1 1 2037 1920 137 1918
11286 4 2 1 1 442 1968 443 169
11287 4 2 1 1 442 443 1968 1969
11288 4 2 1 1 170 443 1968 169
11289 4 2 1 1 170 1968 443 1969
11290 4 2 1 1 185 2004 2006 160
11291 4 2 1 1 2006 2004 185 2005
11292 4 2 1 1 161 434 2004 160
11293 4 2 1 1 2004 434 161 2005
11294 4 2 1 1 185 161 2004 160
11295 4 2 1 1 2004 161 185 2005
$EndElements
