time v(acsrc) v(acn) i(Vac) v(load) v(vb) i(Lboost) v(vd) v(sw) v(gate) v(q) v(en) v(fault) v(vcomp) v(icomp) v(xu.raw) v(xu.pwm_hold) v(pwm) v(pwm_input) v(xdriver.driver_req) v(xdriver.drv_delay) v(xu.phase) v(xu.blank) v(isense) v(xu.ov) v(xu.fault) v(xu.pcl_hold) v(xu.pcl_request) v(disable) v(xu.m1) v(xu.m2) v(acsrc,acn) i(Vchannel) i(Vbody) v(f2ctl) v(standby_req) v(arm) v(permit) i(Vf2sense) i(Vdboost1sense) i(Vdboost2sense) v(fault_inject)
2.00000000000000007e-10 1.17466059216389170e-5 -1.04889694025716761e-6 -1.04367887190313360e-6 1.93251650085667688e-36 1.01711394801255537e-26 6.05078803691958927e-19 1.17300284986784290e-28 2.65983784180706608e-19 2.45587229922786185e-21 0.00000000000000000e0 6.77700898058125211e-20 0.00000000000000000e0 -1.26311482995295501e-289 2.22057735011102833e-3 0.00000000000000000e0 0.00000000000000000e0 0.00000000000000000e0 0.00000000000000000e0 1.10226841734909461e-46 2.35405923721815540e-24 2.00000000000000007e-10 0.00000000000000000e0 3.98946854538726955e-24 4.99999999499999936e-9 5.00000000000000000e0 0.00000000000000000e0 0.00000000000000000e0 5.07224345735286856e-9 6.80000000000000049e-2 0.00000000000000000e0 1.27955028618960853e-5 2.65983784180706347e-31 -1.21775065822658545e-25 5.00000000000000000e0 5.00000000000000000e0 0.00000000000000000e0 0.00000000000000000e0 -6.70255946342584609e-25 5.47123613397269814e-24 5.47123613396985491e-24 0.00000000000000000e0
2.00159598510353944e-10 1.17559789620558088e-5 -1.04973461582021311e-6 -1.04451159033227051e-6 1.93405986622388121e-36 1.01792624557439620e-26 6.05562400675031281e-19 1.17466356679501134e-28 2.66196203767240559e-19 2.45783360438382235e-21 0.00000000000000000e0 6.77700898058125211e-20 0.00000000000000000e0 -1.26311482976064096e-289 2.22234935324960468e-3 0.00000000000000000e0 0.00000000000000000e0 0.00000000000000000e0 0.00000000000000000e0 1.10314801933619038e-46 2.35593925917795515e-24 2.00159598510353944e-10 0.00000000000000000e0 3.99228053570522605e-24 4.99999999499999936e-9 5.00000000000000000e0 0.00000000000000000e0 0.00000000000000000e0 5.07629429979480687e-9 6.80000000000000049e-2 0.00000000000000000e0 1.28057135778760215e-5 2.66196203767240290e-31 -6.65987159274891713e-26 5.00000000000000000e0 5.00000000000000000e0 0.00000000000000000e0 0.00000000000000000e0 -6.70786406604297389e-25 9.96614253156023521e-24 9.96614253568200771e-24 0.00000000000000000e0
2.00478795531061790e-10 1.17747237151871281e-5 -1.05141129464877864e-6 -1.04617676817602768e-6 1.93714906210931687e-36 1.01955213814598694e-26 6.06531036948890383e-19 1.18120016830235243e-28 2.66621368089974301e-19 2.46175921666057117e-21 0.00000000000000000e0 6.77700898058125211e-20 0.00000000000000000e0 -1.26311482937601286e-289 2.22589335743187625e-3 0.00000000000000000e0 0.00000000000000000e0 0.00000000000000000e0 0.00000000000000000e0 1.10490722331038115e-46 2.35970230583672902e-24 2.00478795531061790e-10 0.00000000000000000e0 3.99687679292838797e-24 4.99999999499999936e-9 5.00000000000000000e0 0.00000000000000000e0 0.00000000000000000e0 5.08440244451825867e-9 6.80000000000000049e-2 0.00000000000000000e0 1.28261350098359073e-5 2.66621368089974032e-31 -1.91506770588373176e-24 5.00000000000000000e0 5.00000000000000000e0 0.00000000000000000e0 0.00000000000000000e0 -6.71826757641975648e-25 2.99095176363098074e-23 2.99095176282852071e-23 0.00000000000000000e0
2.01117189572477509e-10 1.18122052593487462e-5 -1.05477261440691888e-6 -1.04950557018442062e-6 1.94334226836127376e-36 1.02281172038447834e-26 6.08477767709261680e-19 1.23010882343671630e-28 2.67473582066399205e-19 2.46962784666111355e-21 0.00000000000000000e0 6.77700898058125211e-20 0.00000000000000000e0 -1.26311482860675688e-289 2.23298135322714999e-3 0.00000000000000000e0 0.00000000000000000e0 0.00000000000000000e0 0.00000000000000000e0 1.10842563125876326e-46 2.36724644219111533e-24 2.01117189572477509e-10 0.00000000000000000e0 4.00729901215971460e-24 4.99999999499999936e-9 5.00000000000000000e0 0.00000000000000000e0 0.00000000000000000e0 5.10065749246455137e-9 6.80000000000000049e-2 0.00000000000000000e0 1.28669778737556655e-5 2.67473582066398916e-31 -5.89901977766002879e-24 5.00000000000000000e0 5.00000000000000000e0 0.00000000000000000e0 0.00000000000000000e0 -6.73673754766740880e-25 1.21109525732957844e-22 1.21109525722353851e-22 0.00000000000000000e0
2.02393977655308947e-10 1.18871365220288502e-5 -1.06152707956633406e-6 -1.05615696430414190e-6 1.95578817457074060e-36 1.02936219733807393e-26 6.12410840727033651e-19 1.55950113392046311e-28 2.69185239310011403e-19 2.48543184266876624e-21 0.00000000000000000e0 6.77700898058125211e-20 0.00000000000000000e0 -1.26311482706824446e-289 2.24715729454076770e-3 0.00000000000000000e0 0.00000000000000000e0 0.00000000000000000e0 0.00000000000000000e0 1.11546244715552709e-46 2.38240714412534236e-24 2.02393977655308947e-10 0.00000000000000000e0 4.03285694551675114e-24 4.99999999499999936e-9 5.00000000000000000e0 0.00000000000000000e0 0.00000000000000000e0 5.13332261697422574e-9 6.80000000000000049e-2 0.00000000000000000e0 1.29486636015951836e-5 2.69185239310011148e-31 -1.13662935003027827e-23 5.00000000000000000e0 5.00000000000000000e0 0.00000000000000000e0 0.00000000000000000e0 -6.75844790665912932e-25 3.89026227364620781e-22 3.89026227360441569e-22 0.00000000000000000e0
2.04947553820971798e-10 1.20368719440453558e-5 -1.07516311322887721e-6 -1.06943495198478139e-6 1.98091984825441270e-36 1.04258939401620390e-26 6.20433689527710536e-19 3.32064619530388476e-28 2.72637262136919466e-19 2.51730484453568590e-21 0.00000000000000000e0 6.77700898058125211e-20 0.00000000000000000e0 -1.26311482399121963e-289 2.27550897606147587e-3 0.00000000000000000e0 0.00000000000000000e0 0.00000000000000000e0 0.00000000000000000e0 1.12953607894905476e-46 2.41302029151215678e-24 2.04947553820971798e-10 0.00000000000000000e0 4.08335311720425532e-24 4.99999999499999936e-9 5.00000000000000000e0 0.00000000000000000e0 0.00000000000000000e0 5.19927293742084200e-9 6.80000000000000049e-2 0.00000000000000000e0 1.31120350572742333e-5 2.72637262136919193e-31 -2.24891440671186506e-23 5.00000000000000000e0 5.00000000000000000e0 0.00000000000000000e0 0.00000000000000000e0 -6.72921954708776719e-25 9.75861642121966411e-22 9.75861642119066607e-22 0.00000000000000000e0
2.10054706152297499e-10 1.23358359503031453e-5 -1.10294201832916845e-6 -1.09589203195074235e-6 2.03215773256071235e-36 1.06955670155095916e-26 6.37124521182064838e-19 1.12892162400959764e-27 2.79660469171661256e-19 2.58215088285377768e-21 0.00000000000000000e0 6.77700898058125211e-20 0.00000000000000000e0 -1.26311481783716950e-289 2.33221153468630071e-3 0.00000000000000000e0 0.00000000000000000e0 0.00000000000000000e0 0.00000000000000000e0 1.15768334253611030e-46 2.47543024173784273e-24 2.10054706152297499e-10 0.00000000000000000e0 4.19399034438707654e-24 4.99999999499999936e-9 5.00000000000000000e0 0.00000000000000000e0 0.00000000000000000e0 5.33365351973754474e-9 6.80000000000000049e-2 0.00000000000000000e0 1.34387779686323140e-5 2.79660469171660949e-31 -4.66689769935979875e-23 5.00000000000000000e0 5.00000000000000000e0 0.00000000000000000e0 0.00000000000000000e0 -6.37776359433332899e-25 2.11283058735494037e-21 2.11283058736001173e-21 0.00000000000000000e0
2.20269010814948902e-10 1.29317491632107527e-5 -1.16051462813773419e-6 -1.14841306006027342e-6 2.13865238569569263e-36 1.12560651900107192e-26 6.73225208419838879e-19 4.53935706465126135e-27 2.94219546182074054e-19 2.71657592827438376e-21 0.00000000000000000e0 6.77700898058125211e-20 0.00000000000000000e0 -1.26311480552907040e-289 2.44561343434565159e-3 0.00000000000000000e0 0.00000000000000000e0 0.00000000000000000e0 0.00000000000000000e0 1.21397786971022195e-46 2.60512739957952112e-24 2.20269010814948902e-10 0.00000000000000000e0 4.42115884085661750e-24 4.99999999499999936e-9 5.00000000000000000e0 0.00000000000000000e0 0.00000000000000000e0 5.61233169647291006e-9 6.80000000000000049e-2 0.00000000000000000e0 1.40922637913484874e-5 2.94219546182073799e-31 -1.00396756693864263e-22 5.00000000000000000e0 5.00000000000000000e0 0.00000000000000000e0 0.00000000000000000e0 -4.47780541690630616e-25 4.49761230125687634e-21 4.49761230125942142e-21 0.00000000000000000e0
2.40697620140251732e-10 1.41156157007224257e-5 -1.28361973605840430e-6 -1.25190196546400641e-6 2.36868319757643589e-36 1.24667536738236091e-26 7.57600961538875591e-19 1.97165023813012295e-26 3.25674703239883770e-19 3.00700377504417330e-21 0.00000000000000000e0 6.77700898058125211e-20 0.00000000000000000e0 -1.26311478091287218e-289 2.67240436391175552e-3 0.00000000000000000e0 0.00000000000000000e0 0.00000000000000000e0 0.00000000000000000e0 1.32656692405844390e-46 2.88531849681693348e-24 2.40697620140251732e-10 0.00000000000000000e0 4.90058784977517805e-24 4.99999999499999936e-9 5.00000000000000000e0 0.00000000000000000e0 0.00000000000000000e0 6.20933408069130015e-9 6.80000000000000049e-2 0.00000000000000000e0 1.53992354367808289e-5 3.25674703239883467e-31 -2.28835588244799053e-22 5.00000000000000000e0 5.00000000000000000e0 0.00000000000000000e0 0.00000000000000000e0 4.83316580498508009e-25 1.02125344082788895e-20 1.02125344082790806e-20 0.00000000000000000e0
2.81554838790857342e-10 1.64522862011987752e-5 -1.56089252644673338e-6 -1.45281877711476504e-6 2.90464022089395245e-36 1.52875801128728122e-26 9.87617449358887928e-19 9.54346928441991742e-26 4.00705054764252823e-19 3.69978301231566793e-21 0.00000000000000000e0 6.77700898058125211e-20 0.00000000000000000e0 -1.26311473168047781e-289 3.12593474890192390e-3 0.00000000000000000e0 0.00000000000000000e0 0.00000000000000000e0 0.00000000000000000e0 1.55174503275488954e-46 3.54197168423757753e-24 2.81554838790857342e-10 0.00000000000000000e0 5.95717674482721447e-24 4.99999999499999936e-9 5.00000000000000000e0 0.00000000000000000e0 0.00000000000000000e0 7.56174700787474511e-9 6.80000000000000049e-2 0.00000000000000000e0 1.80131787276455088e-5 4.00705054764252463e-31 -5.93388049214989582e-22 5.00000000000000000e0 5.00000000000000000e0 0.00000000000000000e0 0.00000000000000000e0 5.34314084875509117e-24 2.64845107419380218e-20 2.64845107419374741e-20 0.00000000000000000e0
3.63269276092068561e-10 2.10073249595058007e-5 -2.23374034986906050e-6 -1.83156898866757305e-6 4.34192459322506296e-36 2.28522347055264668e-26 1.82369333384045401e-18 2.06925065028467918e-25 6.48260925373862098e-19 5.98596824843542022e-21 0.00000000000000000e0 6.77700898058125211e-20 0.00000000000000000e0 -1.26311463321569543e-289 4.03278966125432490e-3 0.00000000000000000e0 0.00000000000000000e0 0.00000000000000000e0 0.00000000000000000e0 2.00210125014777887e-46 5.43932657710498636e-24 3.63269276092068561e-10 0.00000000000000000e0 7.79963175013365259e-24 4.99999999499999936e-9 5.00000000000000000e0 0.00000000000000000e0 0.00000000000000000e0 1.08988006104915368e-8 6.80000000000000049e-2 0.00000000000000000e0 2.32410653093748616e-5 6.48260925373861487e-31 -1.08150248907191024e-23 5.00000000000000000e0 5.00000000000000000e0 0.00000000000000000e0 0.00000000000000000e0 1.22715220215294314e-23 5.39221271943197592e-22 5.39221271943344952e-22 0.00000000000000000e0
3.71496063288429006e-10 2.14573824574352876e-5 -2.31001224751576214e-6 -1.86803585965959165e-6 4.51581147137818259e-36 2.37674288012430902e-26 1.94074574103926851e-18 2.15726020910946757e-25 6.81910264537887589e-19 6.29674533189536054e-21 0.00000000000000000e0 6.77700898058125211e-20 0.00000000000000000e0 -1.26311462330252986e-289 4.12407413976447704e-3 0.00000000000000000e0 0.00000000000000000e0 0.00000000000000000e0 0.00000000000000000e0 2.04744188866177786e-46 5.68162813852265448e-24 3.71496063288429006e-10 0.00000000000000000e0 7.94158058681832481e-24 4.99999999499999936e-9 5.00000000000000000e0 0.00000000000000000e0 0.00000000000000000e0 1.12814223614396598e-8 6.80000000000000049e-2 0.00000000000000000e0 2.37673947049510502e-5 6.81910264537887030e-31 -2.24008536887765786e-22 5.00000000000000000e0 5.00000000000000000e0 0.00000000000000000e0 0.00000000000000000e0 1.27972394739802442e-23 2.06552061513780748e-20 2.06552061513768560e-20 0.00000000000000000e0
3.75046294179305931e-10 2.16511405425906539e-5 -2.34338910998342396e-6 -1.88368280067176545e-6 4.59271598272834977e-36 2.41721893873735043e-26 1.99371812325714880e-18 2.20811205403439444e-25 6.97038680546347713e-19 6.43646852976173789e-21 0.00000000000000000e0 6.77700898058125211e-20 0.00000000000000000e0 -1.26311461902455037e-289 4.16346666321242790e-3 0.00000000000000000e0 0.00000000000000000e0 0.00000000000000000e0 0.00000000000000000e0 2.06700842558833232e-46 5.79003328914220503e-24 3.75046294179305931e-10 0.00000000000000000e0 7.99621574301891935e-24 4.99999999499999936e-9 5.00000000000000000e0 0.00000000000000000e0 0.00000000000000000e0 1.14491724806201666e-8 6.80000000000000049e-2 0.00000000000000000e0 2.39945296525740791e-5 6.97038680546347071e-31 -4.99079233223974050e-23 5.00000000000000000e0 5.00000000000000000e0 0.00000000000000000e0 0.00000000000000000e0 1.31092677344043964e-23 7.71833998959610870e-21 7.71833998959702352e-21 0.00000000000000000e0
3.76028678845228212e-10 2.17047063669239210e-5 -2.35267381467162050e-6 -1.88800290779391215e-6 4.61419727317652599e-36 2.42852488108064388e-26 2.00864570456777392e-18 2.21395525428409261e-25 7.01334207741333958e-19 6.47614177384118330e-21 0.00000000000000000e0 6.77700898058125211e-20 0.00000000000000000e0 -1.26311461784079023e-289 4.17436687994523180e-3 0.00000000000000000e0 0.00000000000000000e0 0.00000000000000000e0 0.00000000000000000e0 2.07242268354300320e-46 5.82045335893780160e-24 3.76028678845228212e-10 0.00000000000000000e0 8.01005148515109652e-24 4.99999999499999936e-9 5.00000000000000000e0 0.00000000000000000e0 0.00000000000000000e0 1.14958708229814739e-8 6.80000000000000049e-2 0.00000000000000000e0 2.40573801815955423e-5 7.01334207741333265e-31 -1.31999443804787757e-23 5.00000000000000000e0 5.00000000000000000e0 0.00000000000000000e0 0.00000000000000000e0 1.31406851078401875e-23 4.07177713259878829e-21 4.07177713259233943e-21 0.00000000000000000e0
3.77993448177072723e-10 2.18117744788366992e-5 -2.37130676080175525e-6 -1.89663072459853618e-6 4.65742320156551331e-36 2.45127536971074926e-26 2.03885873528238166e-18 2.21940639292428470e-25 7.10049705988101711e-19 6.55663811142940732e-21 0.00000000000000000e0 6.77700898058125211e-20 0.00000000000000000e0 -1.26311461547326995e-289 4.19616719443120789e-3 0.00000000000000000e0 0.00000000000000000e0 0.00000000000000000e0 0.00000000000000000e0 2.08325119945234495e-46 5.88186062695131126e-24 3.77993448177072723e-10 0.00000000000000000e0 8.04090684076033816e-24 4.99999999499999936e-9 5.00000000000000000e0 0.00000000000000000e0 0.00000000000000000e0 1.15896318339305715e-8 6.80000000000000049e-2 0.00000000000000000e0 2.41830812396384553e-5 7.10049705988101114e-31 -1.24823910573412539e-22 5.00000000000000000e0 5.00000000000000000e0 0.00000000000000000e0 0.00000000000000000e0 1.31618590396880668e-23 1.43476938629844159e-21 1.43476938630107093e-21 0.00000000000000000e0
3.78191255807115145e-10 2.18225491141834571e-5 -2.37318736593655989e-6 -1.89749843437275387e-6 4.66179455568252129e-36 2.45357608240434853e-26 2.04192727137403724e-18 2.21969131970407467e-25 7.10935525476757427e-19 6.56481956621770814e-21 0.00000000000000000e0 6.77700898058125211e-20 0.00000000000000000e0 -1.26311461523491428e-289 4.19836198198367695e-3 0.00000000000000000e0 0.00000000000000000e0 0.00000000000000000e0 0.00000000000000000e0 2.08434138496887670e-46 5.88808507840609268e-24 3.78191255807115145e-10 0.00000000000000000e0 8.04547361599949875e-24 4.99999999499999936e-9 5.00000000000000000e0 0.00000000000000000e0 0.00000000000000000e0 1.15990983514597332e-8 6.80000000000000049e-2 0.00000000000000000e0 2.41957364801200174e-5 7.10935525476756764e-31 -8.93425120030888003e-23 5.00000000000000000e0 5.00000000000000000e0 0.00000000000000000e0 0.00000000000000000e0 1.31622247430909319e-23 1.43043139652687833e-21 1.43043139652234731e-21 0.00000000000000000e0
3.78280614319256991e-10 2.18274162152525163e-5 -2.37403720035673248e-6 -1.89789036267784452e-6 4.66377046296401305e-36 2.45461603360533143e-26 2.04331516239964387e-18 2.21981768510250886e-25 7.11336147550533074e-19 6.56851972449703906e-21 0.00000000000000000e0 6.77700898058125211e-20 0.00000000000000000e0 -1.26311461512723854e-289 4.19935346469755416e-3 0.00000000000000000e0 0.00000000000000000e0 0.00000000000000000e0 0.00000000000000000e0 2.08483387029765376e-46 5.89089949059521740e-24 3.78280614319256991e-10 0.00000000000000000e0 8.04583472215416926e-24 4.99999999499999936e-9 5.00000000000000000e0 0.00000000000000000e0 0.00000000000000000e0 1.16033764132544417e-8 6.80000000000000049e-2 0.00000000000000000e0 2.42014534156092483e-5 7.11336147550532503e-31 -2.17883311177347956e-23 5.00000000000000000e0 5.00000000000000000e0 0.00000000000000000e0 0.00000000000000000e0 1.31623738782798390e-23 1.38272704236111021e-21 1.38272704235375632e-21 0.00000000000000000e0
3.78321026642969923e-10 2.18296173005708797e-5 -2.37442159505698728e-6 -1.89806760074040916e-6 4.66466430523593513e-36 2.45508647690643224e-26 2.04394312955840298e-18 2.21987291138285339e-25 7.11517430441710469e-19 6.57019405937914466e-21 0.00000000000000000e0 6.77700898058125211e-20 0.00000000000000000e0 -1.26311461507854205e-289 4.19980186194365314e-3 0.00000000000000000e0 0.00000000000000000e0 0.00000000000000000e0 0.00000000000000000e0 2.08505659643815583e-46 5.89217282824041831e-24 3.78321026642969923e-10 0.00000000000000000e0 8.04344531160542517e-24 4.99999999499999936e-9 5.00000000000000000e0 0.00000000000000000e0 0.00000000000000000e0 1.16053114936050423e-8 6.80000000000000049e-2 0.00000000000000000e0 2.42040388956278657e-5 7.11517430441709808e-31 -4.70624701065811102e-25 5.00000000000000000e0 5.00000000000000000e0 0.00000000000000000e0 0.00000000000000000e0 1.31624284246147357e-23 1.33624450565711432e-21 1.33624450573163841e-21 0.00000000000000000e0
3.78371573757179320e-10 2.18323703339677837e-5 -2.37490244038272408e-6 -1.89828927759158736e-6 4.66578251953229889e-36 2.45567501074673562e-26 2.04472882279632759e-18 2.21993854338366208e-25 7.11744271291381834e-19 6.57228916942773832e-21 0.00000000000000000e0 6.77700898058125211e-20 0.00000000000000000e0 -1.26311461501763315e-289 4.20036271024212989e-3 0.00000000000000000e0 0.00000000000000000e0 0.00000000000000000e0 0.00000000000000000e0 2.08533517887606116e-46 5.89376595710953616e-24 3.78371573757179320e-10 0.00000000000000000e0 8.04154533341980641e-24 4.99999999499999936e-9 5.00000000000000000e0 0.00000000000000000e0 0.00000000000000000e0 1.16077321516643786e-8 6.80000000000000049e-2 0.00000000000000000e0 2.42072727743505082e-5 7.11744271291381233e-31 4.73358407413067022e-24 5.00000000000000000e0 5.00000000000000000e0 0.00000000000000000e0 0.00000000000000000e0 1.31624736153932578e-23 1.24781370744885960e-21 1.24781370722791406e-21 0.00000000000000000e0
3.78472667985598063e-10 2.18378762336639699e-5 -2.37586429813180158e-6 -1.89873259846987206e-6 4.66801964879169636e-36 2.45685244719927371e-26 2.04630120144549169e-18 2.22005415171380519e-25 7.12198282833043419e-19 6.57648243719943135e-21 0.00000000000000000e0 6.77700898058125211e-20 0.00000000000000000e0 -1.26311461489581627e-289 4.20148440652409316e-3 0.00000000000000000e0 0.00000000000000000e0 0.00000000000000000e0 0.00000000000000000e0 2.08589234375187339e-46 5.89695374192338028e-24 3.78472667985598063e-10 0.00000000000000000e0 8.04731644753813148e-24 4.99999999499999936e-9 5.00000000000000000e0 0.00000000000000000e0 0.00000000000000000e0 1.16125744322438191e-8 6.80000000000000049e-2 0.00000000000000000e0 2.42137405317957727e-5 7.12198282833042819e-31 -2.94749877933980313e-24 5.00000000000000000e0 5.00000000000000000e0 0.00000000000000000e0 0.00000000000000000e0 1.31624593799591863e-23 1.02961742740925114e-21 1.02961742749990527e-21 0.00000000000000000e0
3.78674856442435549e-10 2.18488873613303923e-5 -2.37778868535591123e-6 -1.89961910927566281e-6 4.67249671090850531e-36 2.45920879568225258e-26 2.04944994523705554e-18 2.22021853902753517e-25 7.13107641709608282e-19 6.58488131530201795e-21 0.00000000000000000e0 6.77700898058125211e-20 0.00000000000000000e0 -1.26311461465218252e-289 4.20372779782805621e-3 0.00000000000000000e0 0.00000000000000000e0 0.00000000000000000e0 0.00000000000000000e0 2.08700667350349511e-46 5.90333542735325901e-24 3.78674856442435549e-10 0.00000000000000000e0 8.05799594847615052e-24 4.99999999499999936e-9 5.00000000000000000e0 0.00000000000000000e0 0.00000000000000000e0 1.16222628512245764e-8 6.80000000000000049e-2 0.00000000000000000e0 2.42266760466863053e-5 7.13107641709607675e-31 -1.36753265529976149e-23 5.00000000000000000e0 5.00000000000000000e0 0.00000000000000000e0 0.00000000000000000e0 1.31619843963953992e-23 5.93364101587313731e-22 5.93364101672915957e-22 0.00000000000000000e0
3.79079233356110573e-10 2.18709069314029928e-5 -2.38164014506437835e-6 -1.90139160687311686e-6 4.68146205699050722e-36 2.46392739888420272e-26 2.05576312978328811e-18 2.22033322895681870e-25 7.14931485912365931e-19 6.60172643760660874e-21 0.00000000000000000e0 6.77700898058125211e-20 0.00000000000000000e0 -1.26311461416491365e-289 4.20821457539612229e-3 0.00000000000000000e0 0.00000000000000000e0 0.00000000000000000e0 0.00000000000000000e0 2.08923533300674013e-46 5.91612331959560970e-24 3.79079233356110573e-10 0.00000000000000000e0 8.06662677532665807e-24 4.99999999499999936e-9 5.00000000000000000e0 0.00000000000000000e0 0.00000000000000000e0 1.16416551203039821e-8 6.80000000000000049e-2 0.00000000000000000e0 2.42525470764673703e-5 7.14931485912365328e-31 -2.58219148429954916e-23 5.00000000000000000e0 5.00000000000000000e0 0.00000000000000000e0 0.00000000000000000e0 1.31596032604559891e-23 -1.86330188278415969e-23 -1.86330187765238012e-23 0.00000000000000000e0
3.79887987183460570e-10 2.19149353345071700e-5 -2.38935380152232749e-6 -1.90493450713835361e-6 4.69943769633011612e-36 2.47338826169632065e-26 2.06845144993094827e-18 2.22022813585696994e-25 7.18597490424087229e-19 6.63558589781025738e-21 0.00000000000000000e0 6.77700898058125211e-20 0.00000000000000000e0 -1.26311461319037658e-289 4.21718811037284647e-3 0.00000000000000000e0 0.00000000000000000e0 0.00000000000000000e0 0.00000000000000000e0 2.09369265201323092e-46 5.94179761134808272e-24 3.79887987183460570e-10 0.00000000000000000e0 8.08157060365475355e-24 4.99999999499999936e-9 5.00000000000000000e0 0.00000000000000000e0 0.00000000000000000e0 1.16805013815775036e-8 6.80000000000000049e-2 0.00000000000000000e0 2.43042891360294970e-5 7.18597490424086548e-31 -4.54224277727756811e-23 5.00000000000000000e0 5.00000000000000000e0 0.00000000000000000e0 0.00000000000000000e0 1.31525953979155858e-23 -2.25500962147400569e-22 -2.25500962049844083e-22 0.00000000000000000e0
3.81505494838160614e-10 2.20029492361867955e-5 -2.40482401896696723e-6 -1.91201193611282877e-6 4.73556924332233260e-36 2.49240486538004804e-26 2.09407640809187649e-18 2.22111831430728940e-25 7.25992723765210620e-19 6.70388883487181388e-21 0.00000000000000000e0 6.77700898058125211e-20 0.00000000000000000e0 -1.26311461124130199e-289 4.23513509968897160e-3 0.00000000000000000e0 0.00000000000000000e0 0.00000000000000000e0 0.00000000000000000e0 2.10260729002621252e-46 5.99354315420691628e-24 3.81505494838160614e-10 0.00000000000000000e0 8.09950729390457071e-24 4.99999999499999936e-9 5.00000000000000000e0 0.00000000000000000e0 0.00000000000000000e0 1.17584407857290864e-8 6.80000000000000049e-2 0.00000000000000000e0 2.44077732551537640e-5 7.25992723765209906e-31 -7.82737062407279995e-23 5.00000000000000000e0 5.00000000000000000e0 0.00000000000000000e0 0.00000000000000000e0 1.31458521851285635e-23 1.32832251457248561e-21 1.32832251462447405e-21 0.00000000000000000e0
3.84740510147560651e-10 2.21788057595882360e-5 -2.43593573381406322e-6 -1.92613337355709347e-6 4.80855725460813429e-36 2.53081960816934744e-26 2.14633242267115077e-18 2.23268967783448540e-25 7.41017112121053745e-19 6.84265527440592407e-21 0.00000000000000000e0 6.77700898058125211e-20 0.00000000000000000e0 -1.26311460734315328e-289 4.27102875577434638e-3 0.00000000000000000e0 0.00000000000000000e0 0.00000000000000000e0 0.00000000000000000e0 2.12043656605217494e-46 6.09864341282265551e-24 3.84740510147560651e-10 0.00000000000000000e0 8.15357524554525385e-24 4.99999999499999936e-9 5.00000000000000000e0 0.00000000000000000e0 0.00000000000000000e0 1.19153070336224349e-8 6.80000000000000049e-2 0.00000000000000000e0 2.46147414934022979e-5 7.41017112121053108e-31 -1.44651732434755199e-22 5.00000000000000000e0 5.00000000000000000e0 0.00000000000000000e0 0.00000000000000000e0 1.31973847801170051e-23 5.76713391420021668e-21 5.76713391419742258e-21 0.00000000000000000e0
3.91210540766360776e-10 2.25298363820859551e-5 -2.49884158781339546e-6 -1.95424309204298428e-6 4.95746371105352349e-36 2.60919142736602193e-26 2.25495255987135185e-18 2.29627112091435616e-25 7.72032233740120706e-19 7.12911364318639222e-21 0.00000000000000000e0 6.77700898058125211e-20 0.00000000000000000e0 -1.26311459954685584e-289 4.34281477777692573e-3 0.00000000000000000e0 0.00000000000000000e0 0.00000000000000000e0 0.00000000000000000e0 2.15609511810409978e-46 6.31545295874284948e-24 3.91210540766360776e-10 0.00000000000000000e0 8.26491689216717488e-24 4.99999999499999936e-9 5.00000000000000000e0 0.00000000000000000e0 0.00000000000000000e0 1.22329885932570196e-8 6.80000000000000049e-2 0.00000000000000000e0 2.50286779698993489e-5 7.72032233740119943e-31 -2.98725319438990651e-22 5.00000000000000000e0 5.00000000000000000e0 0.00000000000000000e0 0.00000000000000000e0 1.35690131878516939e-23 1.37038476674322139e-20 1.37038476674078719e-20 0.00000000000000000e0
4.04150602003961026e-10 2.32291893139959616e-5 -2.62736160889750605e-6 -2.00993407581967639e-6 5.26724445314237089e-36 2.77223392323323554e-26 2.48947772323227066e-18 2.57709288516385786e-25 8.38266385989865138e-19 7.74086041019943143e-21 0.00000000000000000e0 6.77700898058125211e-20 0.00000000000000000e0 -1.26311458395426006e-289 4.48638166126396482e-3 0.00000000000000000e0 0.00000000000000000e0 0.00000000000000000e0 0.00000000000000000e0 2.22741222220794945e-46 6.77699325009821329e-24 4.04150602003961026e-10 0.00000000000000000e0 8.41465472608392175e-24 4.99999999499999936e-9 5.00000000000000000e0 0.00000000000000000e0 0.00000000000000000e0 1.28841424135848506e-8 6.80000000000000049e-2 0.00000000000000000e0 2.58565509228934677e-5 8.38266385989864373e-31 -6.49852228609554711e-22 5.00000000000000000e0 5.00000000000000000e0 0.00000000000000000e0 0.00000000000000000e0 1.53324632856035620e-23 2.92800359837015222e-20 2.92800359836941495e-20 0.00000000000000000e0
4.30030724479161526e-10 2.46172305882385346e-5 -2.89506624064315335e-6 -2.11923513995599321e-6 5.93664649158810804e-36 3.12455078564003733e-26 3.03491540804863384e-18 3.82527093821123125e-25 9.89896586592080972e-19 9.14134902381022305e-21 0.00000000000000000e0 6.77700898058125211e-20 0.00000000000000000e0 -1.26311455276906919e-289 4.77349478740212493e-3 0.00000000000000000e0 0.00000000000000000e0 0.00000000000000000e0 0.00000000000000000e0 2.37004643041564879e-46 7.82518421763482117e-24 4.30030724479161526e-10 0.00000000000000000e0 8.42160345901939700e-24 4.99999999499999936e-9 5.00000000000000000e0 0.00000000000000000e0 0.00000000000000000e0 1.42495684521101617e-8 6.80000000000000049e-2 0.00000000000000000e0 2.75122968288816884e-5 9.89896586592080104e-31 -1.48110222080329952e-21 5.00000000000000000e0 5.00000000000000000e0 0.00000000000000000e0 0.00000000000000000e0 2.34187723976481835e-23 6.62331900739315062e-20 6.62331900739338414e-20 0.00000000000000000e0
4.81790969429562526e-10 2.73519667387763449e-5 -3.47182190208179669e-6 -2.32976964379995593e-6 7.49058142380177103e-36 3.94241127643420095e-26 4.49398956285433906e-18 9.98006458908928674e-25 1.39107854326581971e-18 1.28468174093456052e-20 0.00000000000000000e0 6.77700898058125211e-20 0.00000000000000000e0 -1.26311449039868789e-289 5.34763848622617569e-3 0.00000000000000000e0 0.00000000000000000e0 0.00000000000000000e0 0.00000000000000000e0 2.65531484683104981e-46 1.05565673764439356e-23 4.81790969429562526e-10 0.00000000000000000e0 6.91490779872707961e-24 4.99999999499999936e-9 5.00000000000000000e0 0.00000000000000000e0 0.00000000000000000e0 1.72325393219452372e-8 6.80000000000000049e-2 0.00000000000000000e0 3.08237886408581433e-5 1.39107854326581833e-30 -3.78438969243904351e-21 5.00000000000000000e0 5.00000000000000000e0 0.00000000000000000e0 0.00000000000000000e0 6.39054897429724362e-23 1.69251618838292486e-19 1.69251618838292895e-19 0.00000000000000000e0
5.85311459330364422e-10 3.26659821015285533e-5 -4.78079016328241522e-6 -2.72050542321166625e-6 1.15854520095045331e-35 6.09760632195040492e-26 9.47913638492637972e-18 4.70416297468087835e-24 2.81762645087292841e-18 2.60230400034491260e-20 0.00000000000000000e0 6.77700898058125211e-20 0.00000000000000000e0 -1.26311436565793510e-289 6.49559574917942147e-3 0.00000000000000000e0 0.00000000000000000e0 0.00000000000000000e0 0.00000000000000000e0 3.22585167966184951e-46 2.02186190932566720e-23 5.85311459330364422e-10 0.00000000000000000e0 -6.60993535383472102e-24 4.99999999499999936e-9 5.00000000000000000e0 0.00000000000000000e0 0.00000000000000000e0 2.42041250614059245e-8 6.80000000000000049e-2 0.00000000000000000e0 3.74467722648109719e-5 2.81762645087292582e-30 -1.20788254264803956e-20 5.00000000000000000e0 5.00000000000000000e0 0.00000000000000000e0 0.00000000000000000e0 3.09545794097424972e-22 5.39798628233518419e-19 5.39798628233519190e-19 0.00000000000000000e0
7.92352439131968216e-10 4.27434247573302951e-5 -7.94931475538620691e-6 -3.39454426625821685e-6 2.47438552008932948e-35 1.30230816871550665e-25 3.39912436819242094e-17 3.59631906238147130e-23 1.13324545503156904e-17 1.04658323187411680e-19 0.00000000000000000e0 6.77700898058125211e-20 0.00000000000000000e0 -1.26311411617646643e-289 8.79019036894736379e-3 0.00000000000000000e0 0.00000000000000000e0 0.00000000000000000e0 0.00000000000000000e0 4.36692534532344736e-46 8.51750982563721209e-23 7.92352439131968216e-10 0.00000000000000000e0 -1.50270297133203427e-22 4.99999999499999936e-9 5.00000000000000000e0 0.00000000000000000e0 0.00000000000000000e0 4.21473381053592076e-8 6.80000000000000049e-2 0.00000000000000000e0 5.06927395127165003e-5 1.13324545503156797e-29 -5.46953071702585088e-20 5.00000000000000000e0 5.00000000000000000e0 0.00000000000000000e0 0.00000000000000000e0 2.38886398712954450e-21 2.45095271354441437e-18 2.45095271354441398e-18 0.00000000000000000e0
1.20643439873517580e-9 6.11582194261029653e-5 -1.60264545824235448e-5 -4.40308671026238847e-6 7.94089217428251436e-35 4.17941693462699189e-25 2.14961720687762742e-16 4.42149626303749994e-22 1.06734380233175523e-16 9.85149106923465130e-19 0.00000000000000000e0 6.77700898058125211e-20 0.00000000000000000e0 -1.26311361721367582e-289 1.33741050406932793e-2 0.00000000000000000e0 0.00000000000000000e0 0.00000000000000000e0 0.00000000000000000e0 6.64907267664664462e-46 1.16411304746503623e-21 1.20643439873517580e-9 0.00000000000000000e0 -2.26139659261634150e-21 4.99999999499999936e-9 5.00000000000000000e0 0.00000000000000000e0 0.00000000000000000e0 9.38554763828197915e-8 6.80000000000000049e-2 0.00000000000000000e0 7.71846740085265067e-5 1.06734380233175416e-28 -3.78645958910522038e-19 5.00000000000000000e0 5.00000000000000000e0 0.00000000000000000e0 0.00000000000000000e0 2.94487789740191516e-20 1.69874288362787099e-17 1.69874288362787037e-17 0.00000000000000000e0
1.68960996856076983e-9 8.05111751283554909e-5 -2.75858708126747134e-5 -5.16340786287599164e-6 2.11569270924086800e-34 1.11352247875939450e-24 8.85746842740286758e-16 2.50270597876617950e-21 5.99903907629274120e-16 5.53368570726511261e-18 0.00000000000000000e0 6.77700898058125211e-20 0.00000000000000000e0 -1.26311303499433026e-289 1.87140110132757928e-2 0.00000000000000000e0 0.00000000000000000e0 0.00000000000000000e0 0.00000000000000000e0 9.31201852991366651e-46 8.66173823637986061e-21 1.68960996856076983e-9 0.00000000000000000e0 -1.38307806148386611e-20 4.99999999499999936e-9 5.00000000000000000e0 0.00000000000000000e0 0.00000000000000000e0 1.80464902209340021e-7 6.80000000000000049e-2 0.00000000000000000e0 1.08097045941030201e-4 5.99903907629273524e-28 -2.50003747918158359e-18 5.00000000000000000e0 5.00000000000000000e0 0.00000000000000000e0 0.00000000000000000e0 1.66772830419161347e-19 6.75500003615761296e-17 6.75500003615761296e-17 0.00000000000000000e0
2.23503921691852475e-9 1.00615813230214396e-4 -4.23764402524236033e-5 -5.68180355571345315e-6 4.93761902276266657e-34 2.59874685457937619e-24 2.79512564907553126e-15 1.10402471899804809e-20 2.43056085674128545e-15 2.24046802651534833e-17 0.00000000000000000e0 6.77700898058125211e-20 0.00000000000000000e0 -1.26311237776055469e-289 2.47304547315166101e-2 0.00000000000000000e0 0.00000000000000000e0 0.00000000000000000e0 0.00000000000000000e0 1.23180657017297135e-45 4.47557418259203094e-20 2.23503921691852475e-9 0.00000000000000000e0 -5.84157819450565977e-20 4.99999999499999936e-9 5.00000000000000000e0 0.00000000000000000e0 0.00000000000000000e0 3.11532499321022413e-7 6.80000000000000049e-2 0.00000000000000000e0 1.42992253482637999e-4 2.43056085674128315e-27 -3.54389312496124775e-18 5.00000000000000000e0 5.00000000000000000e0 0.00000000000000000e0 0.00000000000000000e0 7.35843229541726871e-19 2.42828427448924196e-16 2.42828427448924245e-16 0.00000000000000000e0
2.82552631743553580e-9 1.21145051099103931e-4 -5.96250993064075788e-5 -6.00177449257765453e-6 1.03691147126197572e-33 5.45742879715257316e-24 7.14138021538119658e-15 3.52218371385169246e-20 7.81257218648506247e-15 7.19634268633671382e-17 0.00000000000000000e0 6.77700898058125211e-20 0.00000000000000000e0 -1.26311166623315259e-289 3.12302298069721367e-2 0.00000000000000000e0 0.00000000000000000e0 0.00000000000000000e0 0.00000000000000000e0 1.55724421104894222e-45 1.76049221030850705e-19 2.82552631743553580e-9 0.00000000000000000e0 -1.89825245006434557e-19 4.99999999499999936e-9 5.00000000000000000e0 0.00000000000000000e0 0.00000000000000000e0 4.92321349699204179e-7 6.80000000000000049e-2 0.00000000000000000e0 1.80770150405511524e-4 7.81257218648505418e-27 -1.45319877122369638e-17 5.00000000000000000e0 5.00000000000000000e0 0.00000000000000000e0 0.00000000000000000e0 2.34775864731465163e-18 5.69561706369891197e-16 5.69561706369890704e-16 0.00000000000000000e0
3.54742418251100410e-9 1.45294733559941762e-4 -8.16606478383855039e-5 -6.20787979877023086e-6 2.23149699342728901e-33 1.17447210202698607e-23 1.73301573554811180e-14 1.08745093251370056e-19 2.39837744797911550e-14 2.20707507177102095e-16 0.00000000000000000e0 6.77700898058125211e-20 0.00000000000000000e0 -1.26311079635845004e-289 3.91572198825163309e-2 0.00000000000000000e0 0.00000000000000000e0 0.00000000000000000e0 0.00000000000000000e0 1.95510681966115543e-45 6.70462274027041917e-19 3.54742418251100410e-9 0.00000000000000000e0 -5.87025972644608813e-19 4.99999999499999936e-9 5.00000000000000000e0 0.00000000000000000e0 0.00000000000000000e0 7.66790946536568574e-7 6.80000000000000049e-2 0.00000000000000000e0 2.26955381398327266e-4 2.39837744797911296e-26 -3.07433469983096549e-17 5.00000000000000000e0 5.00000000000000000e0 0.00000000000000000e0 0.00000000000000000e0 7.24888990202332022e-18 1.45181062600136416e-15 1.45181062600136416e-15 0.00000000000000000e0
4.40338944022651929e-9 1.73250149601271187e-4 -1.08467761320906670e-4 -6.31966085518889577e-6 4.90014859815752470e-33 2.57902557846765955e-23 3.91625142938248842e-14 3.08736644575909880e-19 6.82983127206044291e-14 6.27766432401485861e-16 0.00000000000000000e0 6.77700898058125211e-20 0.00000000000000000e0 -1.26310976493558682e-289 4.85289517894789135e-2 0.00000000000000000e0 0.00000000000000000e0 0.00000000000000000e0 0.00000000000000000e0 2.42685855462510055e-45 2.35574772114286210e-18 4.40338944022651929e-9 0.00000000000000000e0 -1.67603848488314269e-18 4.99999999499999936e-9 5.00000000000000000e0 0.00000000000000000e0 0.00000000000000000e0 1.16607523999207316e-6 6.80000000000000049e-2 0.00000000000000000e0 2.81717910922177871e-4 6.82983127206043705e-26 -7.27654742749783152e-17 5.00000000000000000e0 5.00000000000000000e0 0.00000000000000000e0 0.00000000000000000e0 2.05807236213416818e-17 3.18826474177970668e-15 3.18826474177970668e-15 0.00000000000000000e0
5.55343375983578492e-9 2.10328455087157272e-4 -1.44966432749228658e-4 -6.37575947556184592e-6 1.24266956702730796e-32 6.54036614349165908e-23 9.13999237540947088e-14 9.30297637702228065e-19 2.05854915114752838e-13 1.88893124934183824e-15 0.00000000000000000e0 6.77700898058125211e-20 0.00000000000000000e0 -1.26310837915402781e-289 6.10737997447384148e-2 0.00000000000000000e0 0.00000000000000000e0 0.00000000000000000e0 0.00000000000000000e0 3.06068732065361180e-45 8.99259782789461115e-18 5.55343375983578492e-9 0.00000000000000000e0 -5.05864606638781906e-18 4.99999999499999936e-9 5.00000000000000000e0 0.00000000000000000e0 0.00000000000000000e0 1.82366723597160148e-6 6.80000000000000049e-2 0.00000000000000000e0 3.55294887836385929e-4 2.05854915114752638e-25 -1.66064570387169502e-16 5.00000000000000000e0 5.00000000000000000e0 0.00000000000000000e0 0.00000000000000000e0 6.20154822693862098e-17 7.55427978848725133e-15 7.55427978848724502e-15 0.00000000000000000e0
7.22743060783061354e-9 2.63983435144463834e-4 -1.98409609988224080e-4 -6.39552829446565080e-6 4.02410861586983410e-32 2.11795190349179736e-22 2.31582914075200004e-13 3.16797550367128319e-18 7.01058774927318817e-13 6.41617248606806149e-15 0.00000000000000000e0 6.77700898058125211e-20 0.00000000000000000e0 -1.26310636202234385e-289 7.92387964931325350e-2 0.00000000000000000e0 0.00000000000000000e0 0.00000000000000000e0 0.00000000000000000e0 3.98328424879692880e-45 4.02958996515789983e-17 7.22743060783061354e-9 0.00000000000000000e0 -1.72280468518501021e-17 4.99999999499999936e-9 5.00000000000000000e0 0.00000000000000000e0 0.00000000000000000e0 3.01590928027269632e-6 6.80000000000000049e-2 0.00000000000000000e0 4.62393045132687914e-4 7.01058774927318219e-25 -4.25964841389184192e-16 5.00000000000000000e0 5.00000000000000000e0 0.00000000000000000e0 0.00000000000000000e0 2.11184247232062296e-16 1.90495274727520610e-14 1.90495274727520578e-14 0.00000000000000000e0
9.94183970981754280e-9 3.50837548807978448e-4 -2.85216643487944653e-4 -6.39807458783841695e-6 1.92666573406659324e-31 1.01403459706982089e-21 6.86225554265297104e-13 1.34594402516394689e-17 2.98268323217899251e-12 2.71747057711757492e-14 0.00000000000000000e0 6.77700898058125211e-20 0.00000000000000000e0 -1.26310309122219766e-289 1.08455418210060217e-1 0.00000000000000000e0 0.00000000000000000e0 0.00000000000000000e0 0.00000000000000000e0 5.47928796123948242e-45 2.39261674667492477e-16 9.94183970981754280e-9 0.00000000000000000e0 -7.31626032678205077e-17 4.99999999499999936e-9 5.00000000000000000e0 0.00000000000000000e0 0.00000000000000000e0 5.49452263209507480e-6 6.80000000000000049e-2 0.00000000000000000e0 6.36054192295923155e-4 2.98268323217898995e-24 -1.25593977319748408e-15 5.00000000000000000e0 5.00000000000000000e0 0.00000000000000000e0 0.00000000000000000e0 8.97228414469493286e-16 5.65747933568530893e-14 5.65747933568531019e-14 0.00000000000000000e0
1.50064090883361894e-8 5.12874234256873200e-4 -4.47198517920952107e-4 -6.39764150471696866e-6 1.67644604586332962e-30 8.82340024306239134e-21 2.66295726546897481e-12 8.32289482936866910e-17 1.85166006965660179e-11 1.67166893770905655e-13 0.00000000000000000e0 6.77700898058125211e-20 0.00000000000000000e0 -1.26309698855596825e-289 1.62190072664861351e-1 0.00000000000000000e0 0.00000000000000000e0 0.00000000000000000e0 0.00000000000000000e0 8.27054539794670090e-45 2.25748506605089725e-15 1.50064090883361894e-8 0.00000000000000000e0 -4.52050356898527731e-16 4.99999999499999936e-9 5.00000000000000000e0 0.00000000000000000e0 0.00000000000000000e0 1.16854971009981811e-5 6.80000000000000049e-2 0.00000000000000000e0 9.60072752177825307e-4 1.85166006965660019e-23 -4.88069365622395178e-15 5.00000000000000000e0 5.00000000000000000e0 0.00000000000000000e0 0.00000000000000000e0 5.54800832622957571e-15 2.19412626271511273e-13 2.19412626271511222e-13 0.00000000000000000e0
1.96329325155346053e-8 6.60910410163340046e-4 -5.95155810774864228e-4 -6.39783103763801042e-6 6.22741165517919941e-30 3.27758508229600404e-20 6.21827822352398043e-12 2.51632953458846644e-16 5.61451731905876606e-11 5.03643708241018061e-13 0.00000000000000000e0 6.77700898058125211e-20 0.00000000000000000e0 -1.26309141374880016e-289 2.10403641215043263e-1 0.00000000000000000e0 0.00000000000000000e0 0.00000000000000000e0 0.00000000000000000e0 1.08203807259099534e-44 8.35309649704887434e-15 1.96329325155346053e-8 0.00000000000000000e0 -1.36449488406915943e-15 4.99999999499999936e-9 5.00000000000000000e0 0.00000000000000000e0 0.00000000000000000e0 1.88660734564242745e-5 6.80000000000000049e-2 0.00000000000000000e0 1.25606622093820427e-3 5.61451731905876030e-23 -1.13924044355008836e-14 5.00000000000000000e0 5.00000000000000000e0 0.00000000000000000e0 0.00000000000000000e0 1.67733451738682485e-14 5.12461855817559811e-13 5.12461855817559609e-13 0.00000000000000000e0
2.00000000000000004e-8 6.72655884838918800e-4 -6.06894401338567489e-4 -6.39781628368083985e-6 6.78709148551067876e-30 3.57215341410538204e-20 6.58593818163798170e-12 2.70871417125961891e-16 6.04493065612169672e-11 5.42026140640070255e-13 0.00000000000000000e0 6.77700898058125211e-20 0.00000000000000000e0 -1.26309097144571886e-289 2.14193546928061029e-1 0.00000000000000000e0 0.00000000000000000e0 0.00000000000000000e0 0.00000000000000000e0 1.10226841734909464e-44 9.09725629290436548e-15 2.00000000000000004e-8 0.00000000000000000e0 -1.46861263022731021e-15 4.99999999499999936e-9 5.00000000000000000e0 0.00000000000000000e0 0.00000000000000000e0 1.94908576112126278e-5 6.80000000000000049e-2 0.00000000000000000e0 1.27955028617748618e-3 6.04493065612169057e-23 -1.20685691550784748e-14 5.00000000000000000e0 5.00000000000000000e0 0.00000000000000000e0 0.00000000000000000e0 1.80557130394547231e-14 5.42695314749537588e-13 5.42695314749540415e-13 0.00000000000000000e0
2.01000000000000013e-8 6.75855715478820016e-4 -6.10092322129431866e-4 -6.39781331792342589e-6 6.94823591414963185e-30 3.65696627129989293e-20 6.68912988726305772e-12 2.76346371473698378e-16 6.16744473812788676e-11 5.52946558618333924e-13 0.00000000000000000e0 6.77700898058125211e-20 0.00000000000000000e0 -1.26309085094935764e-289 2.15224945096543774e-1 0.00000000000000000e0 0.00000000000000000e0 0.00000000000000000e0 0.00000000000000000e0 1.10777975943584046e-44 9.31117747058741702e-15 2.01000000000000013e-8 0.00000000000000000e0 -1.49832610777921529e-15 4.99999999499999936e-9 5.00000000000000000e0 0.00000000000000000e0 0.00000000000000000e0 1.96625942364420854e-5 6.80000000000000049e-2 0.00000000000000000e0 1.28594803760825188e-3 6.16744473812788089e-23 -1.22570006740265891e-14 5.00000000000000000e0 5.00000000000000000e0 0.00000000000000000e0 0.00000000000000000e0 1.84206534540656939e-14 5.51230807583629138e-13 5.51230807583634489e-13 0.00000000000000000e0
2.02999999999999998e-8 6.82255394855777299e-4 -6.16488145613999046e-4 -6.39780794252971935e-6 7.27690995202508936e-30 3.82995260705668527e-20 6.89768468683499851e-12 2.87466379247796156e-16 6.41629146183102991e-11 5.75124160978012974e-13 0.00000000000000000e0 6.77700898058125211e-20 0.00000000000000000e0 -1.26309060995665821e-289 2.17286977717723678e-1 0.00000000000000000e0 0.00000000000000000e0 0.00000000000000000e0 0.00000000000000000e0 1.11880244360933112e-44 9.74723553773721266e-15 2.02999999999999998e-8 0.00000000000000000e0 -1.55844639551580851e-15 4.99999999499999936e-9 5.00000000000000000e0 0.00000000000000000e0 0.00000000000000000e0 2.00071314886711577e-5 6.80000000000000049e-2 0.00000000000000000e0 1.29874354046977634e-3 6.41629146183102418e-23 -1.26418205397844855e-14 5.00000000000000000e0 5.00000000000000000e0 0.00000000000000000e0 0.00000000000000000e0 1.91618719814483718e-14 5.68441225671082634e-13 5.68441225671074455e-13 0.00000000000000000e0
2.07000000000000001e-8 6.95054828688122317e-4 -6.29279717504681812e-4 -6.39779998392242186e-6 7.97375112456313827e-30 4.19671111898850101e-20 7.32795739763143367e-12 3.10746586727816052e-16 6.93738600516457912e-11 6.21542226368889773e-13 0.00000000000000000e0 6.77700898058125211e-20 0.00000000000000000e0 -1.26309012797139742e-289 2.21406464057149643e-1 0.00000000000000000e0 0.00000000000000000e0 0.00000000000000000e0 0.00000000000000000e0 1.14084781195631305e-44 1.06700562752797036e-14 2.07000000000000001e-8 0.00000000000000000e0 -1.68458614118408173e-15 4.99999999499999936e-9 5.00000000000000000e0 0.00000000000000000e0 0.00000000000000000e0 2.07025353753479761e-5 6.80000000000000049e-2 0.00000000000000000e0 1.32433454619280402e-3 6.93738600516457204e-23 -1.34227366805187288e-14 5.00000000000000000e0 5.00000000000000000e0 0.00000000000000000e0 0.00000000000000000e0 2.07136413077750778e-14 6.03866802194325485e-13 6.03866802194327403e-13 0.00000000000000000e0
2.09999999999999994e-8 7.04654467081369438e-4 -6.38873333403685933e-4 -6.39779593869863050e-6 8.53225112371331900e-30 4.49065848701812970e-20 7.66232704466332961e-12 3.29140299311767479e-16 7.34921392702937732e-11 6.58206528107073339e-13 0.00000000000000000e0 6.77700898058125211e-20 0.00000000000000000e0 -1.26308976648257305e-289 2.24492075979351557e-1 0.00000000000000000e0 0.00000000000000000e0 0.00000000000000000e0 0.00000000000000000e0 1.15738183821654954e-44 1.14081005462741074e-14 2.09999999999999994e-8 0.00000000000000000e0 -1.78416573109642943e-15 4.99999999499999936e-9 5.00000000000000000e0 0.00000000000000000e0 0.00000000000000000e0 2.12295671387651359e-5 6.80000000000000049e-2 0.00000000000000000e0 1.34352780048505537e-3 7.34921392702937013e-23 -1.40454954769537213e-14 5.00000000000000000e0 5.00000000000000000e0 0.00000000000000000e0 0.00000000000000000e0 2.19396928484598209e-14 6.31444896459557204e-13 6.31444896459555689e-13 0.00000000000000000e0
2.10800000000000008e-8 7.07214379618879363e-4 -6.41431622010773649e-4 -6.39779511178543980e-6 8.68773235004682670e-30 4.57249071141973493e-20 7.75356392251631648e-12 3.34213374001642631e-16 7.46282182757690371e-11 6.68317118769254645e-13 0.00000000000000000e0 6.77700898058125211e-20 0.00000000000000000e0 -1.26308967008557430e-289 2.25314205103765264e-1 0.00000000000000000e0 0.00000000000000000e0 0.00000000000000000e0 0.00000000000000000e0 1.16179091188594590e-44 1.16132720774604279e-14 2.10800000000000008e-8 0.00000000000000000e0 -1.81191726102018822e-15 4.99999999499999936e-9 5.00000000000000000e0 0.00000000000000000e0 0.00000000000000000e0 2.13710574859568983e-5 6.80000000000000049e-2 0.00000000000000000e0 1.34864600162965301e-3 7.46282182757689516e-23 -1.42045880878380378e-14 5.00000000000000000e0 5.00000000000000000e0 0.00000000000000000e0 0.00000000000000000e0 2.22778432729685618e-14 6.38931915040770048e-13 6.38931915040772370e-13 0.00000000000000000e0
2.12400000000000003e-8 7.12334215156086646e-4 -6.46548188762757423e-4 -6.39779359664846559e-6 9.00340405274649969e-30 4.73863371287218246e-20 7.93749635123767502e-12 3.44479618039593874e-16 7.69273088609447387e-11 6.88775298592312205e-13 0.00000000000000000e0 6.77700898058125211e-20 0.00000000000000000e0 -1.26308947729159184e-289 2.26957976309272530e-1 0.00000000000000000e0 0.00000000000000000e0 0.00000000000000000e0 0.00000000000000000e0 1.17060905922473862e-44 1.20296125581331707e-14 2.12400000000000003e-8 0.00000000000000000e0 -1.86742964993931699e-15 4.99999999499999936e-9 5.00000000000000000e0 0.00000000000000000e0 0.00000000000000000e0 2.16546915118973482e-5 6.80000000000000049e-2 0.00000000000000000e0 1.35888240391884418e-3 7.69273088609446614e-23 -1.45454081288002689e-14 5.00000000000000000e0 5.00000000000000000e0 0.00000000000000000e0 0.00000000000000000e0 2.29621487801643470e-14 6.54135781786754759e-13 6.54135781786782426e-13 0.00000000000000000e0
2.15599999999999992e-8 7.22573928775244981e-4 -6.56781279721966888e-4 -6.39779128629473434e-6 9.66366556264831838e-30 5.08613977078127140e-20 8.31418217591182735e-12 3.65741305009950854e-16 8.16897923082971684e-11 7.31136985906084686e-13 0.00000000000000000e0 6.77700898058125211e-20 0.00000000000000000e0 -1.26308909170371463e-289 2.30242598191050113e-1 0.00000000000000000e0 0.00000000000000000e0 0.00000000000000000e0 0.00000000000000000e0 1.18824535390232432e-44 1.28990570184132551e-14 2.15599999999999992e-8 0.00000000000000000e0 -1.98212153427231967e-15 4.99999999499999936e-9 5.00000000000000000e0 0.00000000000000000e0 0.00000000000000000e0 2.22258526849155969e-5 6.80000000000000049e-2 0.00000000000000000e0 1.37935520849721176e-3 8.16897923082970929e-23 -1.52331984390981523e-14 5.00000000000000000e0 5.00000000000000000e0 0.00000000000000000e0 0.00000000000000000e0 2.43793629074828700e-14 6.85101856509458992e-13 6.85101856509457478e-13 0.00000000000000000e0
2.22000000000000003e-8 7.43053521738268287e-4 -6.77247295915617818e-4 -6.39778869007028364e-6 1.11066996525561841e-29 5.84563139719287234e-20 9.10352668896179959e-12 4.11299004730986134e-16 9.18981227929630738e-11 8.21866067341438607e-13 0.00000000000000000e0 6.77700898058125211e-20 0.00000000000000000e0 -1.26308832052831385e-289 2.36800177124009859e-1 0.00000000000000000e0 0.00000000000000000e0 0.00000000000000000e0 0.00000000000000000e0 1.22351794325749546e-44 1.47929892338341882e-14 2.22000000000000003e-8 0.00000000000000000e0 -2.22890101659906977e-15 4.99999999499999936e-9 5.00000000000000000e0 0.00000000000000000e0 0.00000000000000000e0 2.33834825351466795e-5 6.80000000000000049e-2 0.00000000000000000e0 1.42030081765388621e-3 9.18981227929629830e-23 -1.66818318697922247e-14 5.00000000000000000e0 5.00000000000000000e0 0.00000000000000000e0 0.00000000000000000e0 2.74160365611342829e-14 7.50237179607141281e-13 7.50237179607150874e-13 0.00000000000000000e0
2.34799999999999992e-8 7.84013350050402147e-4 -7.18178685916583495e-4 -6.39778770670325000e-6 1.45413902573388711e-29 7.65336329479038761e-20 1.08316136298622805e-11 5.15503565497811605e-16 1.15265549237750244e-10 1.02920723706219955e-12 0.00000000000000000e0 6.77700898058125211e-20 0.00000000000000000e0 -1.26308677817892722e-289 2.49868813590464423e-1 0.00000000000000000e0 0.00000000000000000e0 0.00000000000000000e0 0.00000000000000000e0 1.29406312196783701e-44 1.92685962089504693e-14 2.34799999999999992e-8 0.00000000000000000e0 -2.79328539799987958e-15 4.99999999499999936e-9 5.00000000000000000e0 0.00000000000000000e0 0.00000000000000000e0 2.57579172221353147e-5 6.80000000000000049e-2 0.00000000000000000e0 1.50219203596698575e-3 1.15265549237750140e-22 -1.98454091038541331e-14 5.00000000000000000e0 5.00000000000000000e0 0.00000000000000000e0 0.00000000000000000e0 3.43618021243242534e-14 8.92566040599141658e-13 8.92566040599137518e-13 0.00000000000000000e0
2.60399999999999969e-8 8.65935511361666304e-4 -8.00038961230445595e-4 -6.39779089503262482e-6 2.41394544117767903e-29 1.27049760086122570e-19 1.49293368467200839e-11 7.84379338008344589e-16 1.75657564449732005e-10 1.56320879025561596e-12 0.00000000000000000e0 6.77700898058125211e-20 0.00000000000000000e0 -1.26308369348580730e-289 2.75821098451893343e-1 0.00000000000000000e0 0.00000000000000000e0 0.00000000000000000e0 0.00000000000000000e0 1.43515347938852134e-44 3.15711152262684428e-14 2.60399999999999969e-8 0.00000000000000000e0 -4.24777612404128598e-15 4.99999999499999936e-9 5.00000000000000000e0 0.00000000000000000e0 0.00000000000000000e0 3.07280247834502363e-5 6.80000000000000049e-2 0.00000000000000000e0 1.66597447259211190e-3 1.75657564449731822e-22 -2.73573856303625496e-14 5.00000000000000000e0 5.00000000000000000e0 0.00000000000000000e0 0.00000000000000000e0 5.22834858832172361e-14 1.23034265847602735e-12 1.23034265847602714e-12 0.00000000000000000e0
3.11599999999999958e-8 1.02978971334532154e-3 -9.63749632492245608e-4 -6.39779949399271047e-6 5.96914385160500138e-29 3.14165465933638916e-19 2.60409536587413354e-11 1.63657407630566453e-15 3.67749685069365029e-10 3.24897883993148074e-12 0.00000000000000000e0 6.77700898058125211e-20 0.00000000000000000e0 -1.26307752412218158e-289 3.26994403323944582e-1 0.00000000000000000e0 0.00000000000000000e0 0.00000000000000000e0 0.00000000000000000e0 1.71733419422988902e-44 7.53718959739453989e-14 3.11599999999999958e-8 0.00000000000000000e0 -8.85396391922992748e-15 4.99999999499999936e-9 5.00000000000000000e0 0.00000000000000000e0 0.00000000000000000e0 4.14434767339537353e-5 6.80000000000000049e-2 0.00000000000000000e0 1.99353934583756725e-3 3.67749685069364735e-22 -4.77154068507288343e-14 5.00000000000000000e0 5.00000000000000000e0 0.00000000000000000e0 0.00000000000000000e0 1.09083994055982064e-13 2.14593792487228587e-12 2.14593792487228547e-12 0.00000000000000000e0
3.57927599791972128e-8 1.17806215597972904e-3 -1.11186965769567909e-3 -6.39780708606724896e-6 1.19378217733863960e-28 6.28306409244978087e-19 3.98954236412473488e-11 2.87277042882174656e-15 6.47472606488332595e-10 5.68395179595660471e-12 0.00000000000000000e0 6.77700898058125211e-20 0.00000000000000000e0 -1.26307194188627222e-289 3.72468690816030013e-1 0.00000000000000000e0 0.00000000000000000e0 0.00000000000000000e0 0.00000000000000000e0 1.97266144474128678e-44 1.45878819654226024e-13 3.57927599791972128e-8 0.00000000000000000e0 -1.55262874239381488e-14 4.99999999499999936e-9 5.00000000000000000e0 0.00000000000000000e0 0.00000000000000000e0 5.19048855382748731e-5 6.80000000000000049e-2 0.00000000000000000e0 2.28993181367540813e-3 6.47472606488332048e-22 -7.31069411198529552e-14 5.00000000000000000e0 5.00000000000000000e0 0.00000000000000000e0 0.00000000000000000e0 1.91476141494166796e-13 3.28773431583962644e-12 3.28773431583963169e-12 0.00000000000000000e0
4.01617757002883507e-8 1.31790313928828321e-3 -1.25154744017288901e-3 -6.39781433204103522e-6 2.12137233749820950e-28 1.11651175679014223e-18 5.67816081392732924e-11 4.57595042624791845e-15 1.03425222200677820e-9 9.02557763227706069e-12 0.00000000000000000e0 6.77700898058125211e-20 0.00000000000000000e0 -1.26306667747115732e-289 4.14644954585478676e-1 0.00000000000000000e0 0.00000000000000000e0 0.00000000000000000e0 0.00000000000000000e0 2.21345284695430786e-44 2.51206571256096980e-13 4.01617757002883507e-8 0.00000000000000000e0 -2.47070212339962032e-14 4.99999999499999936e-9 5.00000000000000000e0 0.00000000000000000e0 0.00000000000000000e0 6.23133597757732715e-5 6.80000000000000049e-2 0.00000000000000000e0 2.56945057946117222e-3 1.03425222200677715e-21 -1.04048486665356505e-13 5.00000000000000000e0 5.00000000000000000e0 0.00000000000000000e0 0.00000000000000000e0 3.04988927632741892e-13 4.67916213637928664e-12 4.67916213637929149e-12 0.00000000000000000e0
4.48917808229897370e-8 1.46930901088694285e-3 -1.40275553895684302e-3 -6.39782215097837309e-6 3.70236387358611352e-28 1.94861256541555933e-18 7.97909206408394043e-11 7.17101135129162119e-15 1.62577988737883945e-9 1.40965347646264045e-11 0.00000000000000000e0 6.77700898058125211e-20 0.00000000000000000e0 -1.26306097810912541e-289 4.59543317054269096e-1 0.00000000000000000e0 0.00000000000000000e0 0.00000000000000000e0 0.00000000000000000e0 2.47413960998696693e-44 4.23500605778872839e-13 4.48917808229897370e-8 0.00000000000000000e0 -3.86784994543577144e-14 4.99999999499999936e-9 5.00000000000000000e0 0.00000000000000000e0 0.00000000000000000e0 7.40679158924339645e-5 6.80000000000000049e-2 0.00000000000000000e0 2.87206454984378565e-3 1.62577988737883775e-21 -1.46218771675776351e-13 5.00000000000000000e0 5.00000000000000000e0 0.00000000000000000e0 0.00000000000000000e0 4.77937515915080347e-13 6.57533507242557171e-12 6.57533507242556040e-12 0.00000000000000000e0
4.94714610391092960e-8 1.61591336808808764e-3 -1.54914773826894626e-3 -6.39782974280484612e-6 6.01510798461266489e-28 3.16584630829238730e-18 1.07264315949782392e-10 1.05993672025271386e-14 2.41019995363189798e-9 2.07689184903539616e-11 0.00000000000000000e0 6.77700898058125211e-20 0.00000000000000000e0 -1.26305545990377809e-289 5.02271606902241707e-1 0.00000000000000000e0 0.00000000000000000e0 0.00000000000000000e0 0.00000000000000000e0 2.72654145317632039e-44 6.65501245092425835e-13 4.94714610391092960e-8 0.00000000000000000e0 -5.71122140670043698e-14 4.99999999499999936e-9 5.00000000000000000e0 0.00000000000000000e0 0.00000000000000000e0 8.58470027359203565e-5 6.80000000000000049e-2 0.00000000000000000e0 3.16506110635703369e-3 2.41019995363189578e-21 -1.96564836967628308e-13 5.00000000000000000e0 5.00000000000000000e0 0.00000000000000000e0 0.00000000000000000e0 7.06413423747923075e-13 8.83915173400715448e-12 8.83915173400717226e-12 0.00000000000000000e0
5.42084315599065657e-8 1.76756345496478198e-3 -1.70055725061223095e-3 -6.39783760259405448e-6 9.49818773727599100e-28 4.99904617846349801e-18 1.41611840225405442e-10 1.52994217662626580e-14 3.48969664339452753e-9 2.98795613690479128e-11 0.00000000000000000e0 6.77700898058125211e-20 0.00000000000000000e0 -1.26304975219961827e-289 5.45711528946639546e-1 0.00000000000000000e0 0.00000000000000000e0 0.00000000000000000e0 0.00000000000000000e0 2.98761210312574759e-44 1.01548216551267647e-12 5.42084315599065657e-8 0.00000000000000000e0 -8.23523758563442754e-14 4.99999999499999936e-9 5.00000000000000000e0 0.00000000000000000e0 0.00000000000000000e0 9.83677461580717056e-5 6.80000000000000049e-2 0.00000000000000000e0 3.46812070557701293e-3 3.48969664339452519e-21 -2.59517528434938250e-13 5.00000000000000000e0 5.00000000000000000e0 0.00000000000000000e0 0.00000000000000000e0 1.01962818133894648e-12 1.16695645935697976e-11 1.16695645935697847e-11 0.00000000000000000e0
5.47261520484739538e-8 1.78413848317298166e-3 -1.71710469236268097e-3 -6.39783846304118470e-6 9.95647247901691152e-28 5.24024867416244293e-18 1.45749572438737165e-10 1.58914180701146350e-14 3.62592202167561825e-9 3.10248119976437685e-11 0.00000000000000000e0 6.77700898058125211e-20 7.52572574384597552e-39 -1.26304912838573512e-289 5.50413078509790044e-1 0.00000000000000000e0 0.00000000000000000e0 0.00000000000000000e0 0.00000000000000000e0 3.01614545030386477e-44 1.06065343027747278e-12 5.47261520484739538e-8 0.00000000000000000e0 -8.55294062312024676e-14 4.99999999499999936e-9 5.00000000000000000e0 0.00000000000000000e0 0.00000000000000000e0 9.97547542227232646e-5 6.80000000000000049e-2 0.00000000000000000e0 3.50124317553566263e-3 3.62592202167561499e-21 -2.67097460904239243e-13 5.00000000000000000e0 5.00000000000000000e0 0.00000000000000000e0 0.00000000000000000e0 1.05907852142936475e-12 1.20104357893774858e-11 1.20104357893773614e-11 0.00000000000000000e0
5.49427079706891699e-8 1.79107164502712523e-3 -1.72402624011790432e-3 -6.39783882295207051e-6 1.01533471213668310e-27 5.34386690699787726e-18 1.47503789788848098e-10 1.61440450874193017e-14 3.68407162359489081e-9 3.15133818479486456e-11 0.00000000000000000e0 6.77700898058125211e-20 -3.36670565025072079e-37 -1.26304886745238135e-289 5.52377004083763001e-1 0.00000000000000000e0 0.00000000000000000e0 0.00000000000000000e0 0.00000000000000000e0 3.02808058798625230e-44 1.07999928233574284e-12 5.49427079706891699e-8 0.00000000000000000e0 -8.68852965943758042e-14 4.99999999499999936e-9 5.00000000000000000e0 0.00000000000000000e0 0.00000000000000000e0 1.00335895136713214e-4 6.80000000000000049e-2 0.00000000000000000e0 3.51509788514502933e-3 3.68407162359488728e-21 -2.70315406740783440e-13 5.00000000000000000e0 5.00000000000000000e0 0.00000000000000000e0 0.00000000000000000e0 1.07591341470082020e-12 1.21550890971199723e-11 1.21550890971197575e-11 0.00000000000000000e0
5.49752058054446388e-8 1.79211208372348236e-3 -1.72506493210919593e-3 -6.39783887695834913e-6 1.01831590743689524e-27 5.35955740858092298e-18 1.47768239090917381e-10 1.61822132996882131e-14 3.69285800059283723e-9 3.15871893253996927e-11 0.00000000000000000e0 6.77700898058125211e-20 4.71012673488401745e0 -1.26304882829497581e-289 5.52671588013374238e-1 0.00000000000000000e0 0.00000000000000000e0 0.00000000000000000e0 0.00000000000000000e0 3.02987165483041007e-44 1.08292570025306461e-12 5.49752058054446388e-8 0.00000000000000000e0 -8.70902411938471676e-14 4.99999999499999936e-9 5.00000000000000000e0 0.00000000000000000e0 0.00000000000000000e0 1.00423153997568451e-4 6.80000000000000049e-2 0.00000000000000000e0 3.51717701583267829e-3 3.69285800059283369e-21 -2.70799867493955565e-13 5.00000000000000000e0 5.00000000000000000e0 0.00000000000000000e0 0.00000000000000000e0 1.07845691615197561e-12 1.21768947438278943e-11 1.21768947438296116e-11 0.00000000000000000e0
5.49838433867040354e-8 1.79238862142407866e-3 -1.72534100538710355e-3 -6.39783889129410394e-6 1.01910945971547910e-27 5.36373399952163114e-18 1.47838579690896833e-10 1.61923695164788603e-14 3.69519596712913346e-9 3.16068280762326282e-11 0.00000000000000000e0 6.77700898058125211e-20 5.18087357503699586e0 -1.26304881788735140e-289 5.52749879346348560e-1 0.00000000000000000e0 0.00000000000000000e0 0.00000000000000000e0 0.00000000000000000e0 3.03034770148163734e-44 1.08370453691639208e-12 5.49838433867040354e-8 0.00000000000000000e0 -8.71448252829424359e-14 4.99999999499999936e-9 5.00000000000000000e0 0.00000000000000000e0 0.00000000000000000e0 1.00446348620232678e-4 6.80000000000000049e-2 0.00000000000000000e0 3.51772962681118221e-3 3.69519596712912974e-21 -2.70898866103734605e-13 5.00000000000000000e0 5.00000000000000000e0 0.00000000000000000e0 0.00000000000000000e0 1.07913371883195590e-12 1.21830815977348066e-11 1.21830815977326514e-11 0.00000000000000000e0
5.49884099211606424e-8 1.79253482196615847e-3 -1.72548696036850329e-3 -6.39783889889045804e-6 1.01952919738492006e-27 5.36594314515068764e-18 1.47875776463658026e-10 1.61977405295148043e-14 3.69643247144693149e-9 3.16172145213550966e-11 0.00000000000000000e0 6.77700898058125211e-20 4.92930544023032091e0 -1.26304881238502665e-289 5.52791269559293030e-1 0.00000000000000000e0 0.00000000000000000e0 0.00000000000000000e0 0.00000000000000000e0 3.03059937881704980e-44 1.08411646810966488e-12 5.49884099211606424e-8 0.00000000000000000e0 -8.71737543106225913e-14 4.99999999499999936e-9 5.00000000000000000e0 0.00000000000000000e0 0.00000000000000000e0 1.00458611564382977e-4 6.80000000000000049e-2 0.00000000000000000e0 3.51802178233466198e-3 3.69643247144692772e-21 -2.71058887084327830e-13 5.00000000000000000e0 5.00000000000000000e0 0.00000000000000000e0 0.00000000000000000e0 1.07949163909131033e-12 1.21843633320822149e-11 1.21843633320993918e-11 0.00000000000000000e0
5.49900909062752922e-8 1.79258863978986791e-3 -1.72554068779399647e-3 -6.39783890167902602e-6 1.01968374182668190e-27 5.36675653694958870e-18 1.47889470512662540e-10 1.61997179817066154e-14 3.69688771904925827e-9 3.16210385111605970e-11 0.00000000000000000e0 6.77700898058125211e-20 4.99387321160573983e0 -1.26304881035956799e-289 5.52806505517228541e-1 0.00000000000000000e0 0.00000000000000000e0 0.00000000000000000e0 0.00000000000000000e0 3.03069202365714570e-44 1.08426813427972581e-12 5.49900909062752922e-8 0.00000000000000000e0 -8.71843744438675660e-14 4.99999999499999936e-9 5.00000000000000000e0 0.00000000000000000e0 0.00000000000000000e0 1.00463125734854986e-4 6.80000000000000049e-2 0.00000000000000000e0 3.51812932758386460e-3 3.69688771904925471e-21 -2.70998700467314600e-13 5.00000000000000000e0 5.00000000000000000e0 0.00000000000000000e0 0.00000000000000000e0 1.07962341501131100e-12 1.21872228670037443e-11 1.21872228669981430e-11 0.00000000000000000e0
5.49914845161737333e-8 1.79263325711184079e-3 -1.72558523016922349e-3 -6.39783890402003536e-6 1.01981188017734510e-27 5.36743094932162864e-18 1.47900824112564998e-10 1.62013576408438333e-14 3.69726516532844391e-9 3.16242089722537414e-11 0.00000000000000000e0 6.77700898058125211e-20 4.99890522954971317e0 -1.26304880868037429e-289 5.52819136718250115e-1 0.00000000000000000e0 0.00000000000000000e0 0.00000000000000000e0 0.00000000000000000e0 3.03076883026600442e-44 1.08439388452615505e-12 5.49914845161737333e-8 0.00000000000000000e0 -8.71930527983250256e-14 4.99999999499999936e-9 5.00000000000000000e0 0.00000000000000000e0 0.00000000000000000e0 1.00466868204619143e-4 6.80000000000000049e-2 0.00000000000000000e0 3.51821848728106450e-3 3.69726516532844005e-21 -2.71231303246496385e-13 5.00000000000000000e0 5.00000000000000000e0 0.00000000000000000e0 0.00000000000000000e0 1.07973268065963419e-12 1.21882505299320589e-11 1.21882505299709122e-11 0.00000000000000000e0
5.49930664976554173e-8 1.79268390527266477e-3 -1.72563579325126079e-3 -6.39783890664553934e-6 1.01995735442990352e-27 5.36819660328260764e-18 1.47913713056287625e-10 1.62032193701231656e-14 3.69769365333907564e-9 3.16278081529178744e-11 0.00000000000000000e0 6.77700898058125211e-20 4.99987223989742269e0 -1.26304880677420704e-289 5.52833475175533162e-1 0.00000000000000000e0 0.00000000000000000e0 0.00000000000000000e0 0.00000000000000000e0 3.03085601867720854e-44 1.08453664579782093e-12 5.49930664976554173e-8 0.00000000000000000e0 -8.72028427075284652e-14 4.99999999499999936e-9 5.00000000000000000e0 0.00000000000000000e0 0.00000000000000000e0 1.00471116565165107e-4 6.80000000000000049e-2 0.00000000000000000e0 3.51831969852392555e-3 3.69769365333907187e-21 -2.70722242212416558e-13 5.00000000000000000e0 5.00000000000000000e0 0.00000000000000000e0 0.00000000000000000e0 1.07985674490132550e-12 1.21928534836586105e-11 1.21928534836274119e-11 0.00000000000000000e0
5.49949173769465232e-8 1.79274316237225590e-3 -1.72569495080797538e-3 -6.39783890973508185e-6 1.02012757689237254e-27 5.36909251097998315e-18 1.47928793746466908e-10 1.62053979410613459e-14 3.69819501345148701e-9 3.16320194205534616e-11 0.00000000000000000e0 6.77700898058125211e-20 4.99999505264236355e0 -1.26304880454403874e-289 5.52850250710043789e-1 0.00000000000000000e0 0.00000000000000000e0 0.00000000000000000e0 0.00000000000000000e0 3.03095802696655413e-44 1.08470369132656106e-12 5.49949173769465232e-8 0.00000000000000000e0 -8.72145757245648837e-14 4.99999999499999936e-9 5.00000000000000000e0 0.00000000000000000e0 0.00000000000000000e0 1.00476087080359408e-4 6.80000000000000049e-2 0.00000000000000000e0 3.51843811318023128e-3 3.69819501345148394e-21 -2.70979026251413968e-13 5.00000000000000000e0 5.00000000000000000e0 0.00000000000000000e0 0.00000000000000000e0 1.08000192323669120e-12 1.21925960319245927e-11 1.21925960318705691e-11 0.00000000000000000e0
5.49986191355287285e-8 1.79286167657626591e-3 -1.72581326591657812e-3 -6.39783891587426823e-6 1.02046809033103343e-27 5.37088468697327600e-18 1.47958958181176237e-10 1.62097550782234989e-14 3.69919791377346292e-9 3.16404434524260973e-11 0.00000000000000000e0 6.77700898058125211e-20 5.00000147659852523e0 -1.26304880008370237e-289 5.52883801434073452e-1 0.00000000000000000e0 0.00000000000000000e0 0.00000000000000000e0 0.00000000000000000e0 3.03116204354524430e-44 1.08503784180016077e-12 5.49986191355287285e-8 0.00000000000000000e0 -8.72386446423643931e-14 4.99999999499999936e-9 5.00000000000000000e0 0.00000000000000000e0 0.00000000000000000e0 1.00486028234320250e-4 6.80000000000000049e-2 0.00000000000000000e0 3.51867494249284403e-3 3.69919791377345979e-21 -2.71302396438466676e-13 5.00000000000000000e0 5.00000000000000000e0 0.00000000000000000e0 0.00000000000000000e0 1.08029227956910168e-12 1.21930460370457694e-11 1.21930460370146305e-11 0.00000000000000000e0
5.50060226526931391e-8 1.79309870500438833e-3 -1.72604989611368055e-3 -6.39783892825065287e-6 1.02114939130645703e-27 5.37447048158144981e-18 1.48019299268992142e-10 1.62184714211179768e-14 3.70120435286358776e-9 3.16572967446744195e-11 0.00000000000000000e0 6.77700898058125211e-20 4.99999915150625718e0 -1.26304879116303098e-289 5.52950901502188508e-1 0.00000000000000000e0 0.00000000000000000e0 0.00000000000000000e0 0.00000000000000000e0 3.03157007670262565e-44 1.08570638046854531e-12 5.50060226526931391e-8 0.00000000000000000e0 -8.72858799782146499e-14 4.99999999499999936e-9 5.00000000000000000e0 0.00000000000000000e0 0.00000000000000000e0 1.00505911036435013e-4 6.80000000000000049e-2 0.00000000000000000e0 3.51914860111806910e-3 3.70120435286358376e-21 -2.71060352383783830e-13 5.00000000000000000e0 5.00000000000000000e0 0.00000000000000000e0 0.00000000000000000e0 1.08087313004242658e-12 1.21985638287306099e-11 1.21985638287525463e-11 0.00000000000000000e0
5.50208296870219602e-8 1.79357276193688924e-3 -1.72652315643162914e-3 -6.39783895291755333e-6 1.02251309012006814e-27 5.38164784375971403e-18 1.48140030326016123e-10 1.62359132718333737e-14 3.70521974335409644e-9 3.16910238583012718e-11 0.00000000000000000e0 6.77700898058125211e-20 5.00000064655597676e0 -1.26304877332168844e-289 5.53085096118831387e-1 0.00000000000000000e0 0.00000000000000000e0 0.00000000000000000e0 0.00000000000000000e0 3.03238614301738884e-44 1.08704440910246540e-12 5.50208296870219602e-8 0.00000000000000000e0 -8.73782082535578146e-14 4.99999999499999936e-9 5.00000000000000000e0 0.00000000000000000e0 0.00000000000000000e0 1.00545678616671070e-4 6.80000000000000049e-2 0.00000000000000000e0 3.52009591836851838e-3 3.70521974335409345e-21 -2.71692138192711608e-13 5.00000000000000000e0 5.00000000000000000e0 0.00000000000000000e0 0.00000000000000000e0 1.08203544159930748e-12 1.22061729776110303e-11 1.22061729776389751e-11 0.00000000000000000e0
5.50504437556796024e-8 1.79452087611152553e-3 -1.72746967675789075e-3 -6.39783900217849588e-6 1.02524487952307007e-27 5.39602568272561360e-18 1.48381688028250985e-10 1.62708394526474788e-14 3.71326033223443784e-9 3.17585579597403279e-11 0.00000000000000000e0 6.77700898058125211e-20 4.99999943525013180e0 -1.26304873763900358e-289 5.53353463275280455e-1 0.00000000000000000e0 0.00000000000000000e0 0.00000000000000000e0 0.00000000000000000e0 3.03401827564691522e-44 1.08972427466664336e-12 5.50504437556796024e-8 0.00000000000000000e0 -8.75643919712692813e-14 4.99999999499999936e-9 5.00000000000000000e0 0.00000000000000000e0 0.00000000000000000e0 1.00625221675049227e-4 6.80000000000000049e-2 0.00000000000000000e0 3.52199055286941606e-3 3.71326033223443359e-21 -2.71714214110199170e-13 5.00000000000000000e0 5.00000000000000000e0 0.00000000000000000e0 0.00000000000000000e0 1.08436289513098358e-12 1.22287104754125424e-11 1.22287104754068846e-11 0.00000000000000000e0
5.51096718929948934e-8 1.79641710570057483e-3 -1.72936271617063681e-3 -6.39783910064400246e-6 1.03072606078615386e-27 5.42487400516837851e-18 1.48865786287341823e-10 1.63408604279048842e-14 3.72938086067704516e-9 3.18939466756828088e-11 0.00000000000000000e0 6.77700898058125211e-20 5.00000052785507521e0 -1.26304866627363682e-289 5.53890109292936139e-1 0.00000000000000000e0 0.00000000000000000e0 0.00000000000000000e0 0.00000000000000000e0 3.03728254090596797e-44 1.09509926361836780e-12 5.51096718929948934e-8 0.00000000000000000e0 -8.79405534216229394e-14 4.99999999499999936e-9 5.00000000000000000e0 0.00000000000000000e0 0.00000000000000000e0 1.00784339334536777e-4 6.80000000000000049e-2 0.00000000000000000e0 3.52577982187121143e-3 3.72938086067704191e-21 -2.73006199705965406e-13 5.00000000000000000e0 5.00000000000000000e0 0.00000000000000000e0 0.00000000000000000e0 1.08902903692664762e-12 1.22660374072420053e-11 1.22660374072401183e-11 0.00000000000000000e0
5.52281281676254754e-8 1.80020956983467000e-3 -1.73314879004012891e-3 -6.39783929753251490e-6 1.04175911553368292e-27 5.48294271437693264e-18 1.49837118237144281e-10 1.64815768290051183e-14 3.76177981583166219e-9 3.21660100611767669e-11 0.00000000000000000e0 6.77700898058125211e-20 4.99999948967344565e0 -1.26304852354291447e-289 5.54963048244101587e-1 0.00000000000000000e0 0.00000000000000000e0 0.00000000000000000e0 0.00000000000000000e0 3.04381107142407497e-44 1.10591047056527567e-12 5.52281281676254754e-8 0.00000000000000000e0 -8.86960992315851563e-14 4.99999999499999936e-9 5.00000000000000000e0 0.00000000000000000e0 0.00000000000000000e0 1.01102700434418130e-4 6.80000000000000049e-2 0.00000000000000000e0 3.53335835987479870e-3 3.76177981583165822e-21 -2.74397943622836477e-13 5.00000000000000000e0 5.00000000000000000e0 0.00000000000000000e0 0.00000000000000000e0 1.09840625908604954e-12 1.23484667651314856e-11 1.23484667651324162e-11 0.00000000000000000e0
5.54650407168866329e-8 1.80779451792284040e-3 -1.74072091795911005e-3 -6.39783969131908076e-6 1.06411026640797039e-27 5.60058035057974393e-18 1.51792355951957185e-10 1.67657273802816076e-14 3.82721248254295870e-9 3.27153044274048118e-11 0.00000000000000000e0 6.77700898058125211e-20 5.00000050178239874e0 -1.26304823808151852e-289 5.57107514584044061e-1 0.00000000000000000e0 0.00000000000000000e0 0.00000000000000000e0 0.00000000000000000e0 3.05686813246028649e-44 1.12777938624064187e-12 5.54650407168866329e-8 0.00000000000000000e0 -9.02201259668564908e-14 4.99999999499999936e-9 5.00000000000000000e0 0.00000000000000000e0 0.00000000000000000e0 1.01739922655540751e-4 6.80000000000000049e-2 0.00000000000000000e0 3.54851543588195067e-3 3.82721248254295470e-21 -2.78367978056268176e-13 5.00000000000000000e0 5.00000000000000000e0 0.00000000000000000e0 0.00000000000000000e0 1.11734178666206845e-12 1.25073300488574493e-11 1.25073300488575075e-11 0.00000000000000000e0
5.59388658154089478e-8 1.82296449330294238e-3 -1.75586509459322681e-3 -6.39784047886619162e-6 1.10997108091438047e-27 5.84195305855407894e-18 1.55753383093527244e-10 1.73450045146971539e-14 3.96064459302509551e-9 3.38347759998673848e-11 0.00000000000000000e0 6.77700898058125211e-20 4.99999950243581015e0 -1.26304766715892030e-289 5.61390807201852304e-1 0.00000000000000000e0 0.00000000000000000e0 0.00000000000000000e0 0.00000000000000000e0 3.08298225453270952e-44 1.17251598322084610e-12 5.59388658154089478e-8 0.00000000000000000e0 -9.33270541601869461e-14 4.99999999499999936e-9 5.00000000000000000e0 0.00000000000000000e0 0.00000000000000000e0 1.03016342648114883e-4 6.80000000000000049e-2 0.00000000000000000e0 3.57882958789616920e-3 3.96064459302509137e-21 -2.85241790530746675e-13 5.00000000000000000e0 5.00000000000000000e0 0.00000000000000000e0 0.00000000000000000e0 1.15594417077590669e-12 1.28358974337068034e-11 1.28358974337066693e-11 0.00000000000000000e0
5.68865160124535843e-8 1.85330476027937576e-3 -1.78615313164488831e-3 -6.39784205441317616e-6 1.20647629248142221e-27 6.34987522479290942e-18 1.63879691616856516e-10 1.85483864669016753e-14 4.23799665419789303e-9 3.61589320136906001e-11 0.00000000000000000e0 6.77700898058125211e-20 5.00000049546841119e0 -1.26304652531449969e-289 5.69934881591409814e-1 0.00000000000000000e0 0.00000000000000000e0 0.00000000000000000e0 0.00000000000000000e0 3.13521049867755808e-44 1.26608746145739221e-12 5.68865160124535843e-8 0.00000000000000000e0 -9.97814980590017347e-14 4.99999999499999936e-9 5.00000000000000000e0 0.00000000000000000e0 0.00000000000000000e0 1.05576892984280942e-4 6.80000000000000049e-2 0.00000000000000000e0 3.63945789192426407e-3 4.23799665419788887e-21 -3.00519639228255362e-13 5.00000000000000000e0 5.00000000000000000e0 0.00000000000000000e0 0.00000000000000000e0 1.23613577277845885e-12 1.35033470482843629e-11 1.35033470482845536e-11 0.00000000000000000e0
5.87818164065428507e-8 1.91398655420012124e-3 -1.84672794577892875e-3 -6.39784520721498051e-6 1.41986208733438381e-27 7.47295835581135631e-18 1.80965636242085713e-10 2.11419030915523790e-14 4.83645261143252754e-9 4.11617651328281467e-11 0.00000000000000000e0 6.77700898058125211e-20 4.99999950557616479e0 -1.26304424162875673e-289 5.86933380649190317e-1 0.00000000000000000e0 0.00000000000000000e0 0.00000000000000000e0 0.00000000000000000e0 3.23966698696725121e-44 1.47046763213625853e-12 5.87818164065428507e-8 0.00000000000000000e0 -1.13686853342803228e-13 4.99999999499999936e-9 5.00000000000000000e0 0.00000000000000000e0 0.00000000000000000e0 1.10727368154124250e-4 6.80000000000000049e-2 0.00000000000000000e0 3.76071449997904999e-3 4.83645261143252296e-21 -3.31450867100205952e-13 5.00000000000000000e0 5.00000000000000000e0 0.00000000000000000e0 0.00000000000000000e0 1.40896200887977118e-12 1.49133920028720519e-11 1.49133920028721166e-11 0.00000000000000000e0
6.25724171947213767e-8 2.03535514137840982e-3 -1.96787257470439894e-3 -6.39785152106026045e-6 1.93880091278976369e-27 1.02042153324112424e-17 2.18600187962051156e-10 2.71373733109607786e-14 6.22327962930925357e-9 5.26978506149244090e-11 0.00000000000000000e0 6.77700898058125211e-20 5.00000049390237322e0 -1.26303967426966618e-289 6.20574904485684309e-1 0.00000000000000000e0 0.00000000000000000e0 0.00000000000000000e0 0.00000000000000000e0 3.44857996354664096e-44 1.95521784017248100e-12 6.25724171947213767e-8 0.00000000000000000e0 -1.45808097460624864e-13 4.99999999499999936e-9 5.00000000000000000e0 0.00000000000000000e0 0.00000000000000000e0 1.21135079345255990e-4 6.80000000000000049e-2 0.00000000000000000e0 4.00322771608280920e-3 6.22327962930924656e-21 -4.00812810114015086e-13 5.00000000000000000e0 5.00000000000000000e0 0.00000000000000000e0 0.00000000000000000e0 1.80847793970855790e-12 1.80123453185977644e-11 1.80123453185977354e-11 0.00000000000000000e0
6.71842230616581384e-8 2.18302620168100980e-3 -2.11525339015798848e-3 -6.39785922001111229e-6 2.76466436370601095e-27 1.45508650749015651e-17 2.70929117435668108e-10 3.60427006840691118e-14 8.29042084196479179e-9 6.97713723324311821e-11 0.00000000000000000e0 6.77700898058125211e-20 4.99999950652582204e0 -1.26303411744895378e-289 6.60873137088121121e-1 0.00000000000000000e0 0.00000000000000000e0 0.00000000000000000e0 0.00000000000000000e0 3.70275236125012319e-44 2.69990190829490551e-12 6.71842230616581384e-8 0.00000000000000000e0 -1.93463453522227705e-13 4.99999999499999936e-9 5.00000000000000000e0 0.00000000000000000e0 0.00000000000000000e0 1.33965866715799684e-4 6.80000000000000049e-2 0.00000000000000000e0 4.29827959183899828e-3 8.29042084196478354e-21 -4.96341731317795058e-13 5.00000000000000000e0 5.00000000000000000e0 0.00000000000000000e0 0.00000000000000000e0 2.40187665459961408e-12 2.23263325962646314e-11 2.23263325962646379e-11 0.00000000000000000e0
7.22187221177010551e-8 2.34424293992814602e-3 -2.27613138719866834e-3 -6.39786764900819593e-6 3.96433197883140415e-27 2.08649051557085637e-17 3.36780013087755410e-10 4.80629860418935860e-14 1.10917640396288618e-8 9.27236296224585536e-11 0.00000000000000000e0 6.77700898058125211e-20 5.00000049308226036e0 -1.26302805134803099e-289 7.04086298837295455e-1 0.00000000000000000e0 0.00000000000000000e0 0.00000000000000000e0 0.00000000000000000e0 3.98022082658261983e-44 3.73995836491397032e-12 7.22187221177010551e-8 0.00000000000000000e0 -2.57703531524447179e-13 4.99999999499999936e-9 5.00000000000000000e0 0.00000000000000000e0 0.00000000000000000e0 1.48148859308526372e-4 6.80000000000000049e-2 0.00000000000000000e0 4.62037432712681436e-3 1.10917640396288511e-20 -6.17427808742701477e-13 5.00000000000000000e0 5.00000000000000000e0 0.00000000000000000e0 0.00000000000000000e0 3.20280807578252564e-12 2.77501572307604928e-11 2.77501572307605187e-11 0.00000000000000000e0
7.67950258416800350e-8 2.49079689206199977e-3 -2.42235797193467812e-3 -6.39787533652375062e-6 5.38244953307365956e-27 2.83286817584017108e-17 4.05028047545137937e-10 6.13482366147970558e-14 1.42000056524695849e-8 1.17991581818534972e-10 0.00000000000000000e0 6.77700898058125211e-20 4.99999950734853904e0 -1.26302253735496218e-289 7.42673355779422839e-1 0.00000000000000000e0 0.00000000000000000e0 0.00000000000000000e0 0.00000000000000000e0 4.23243657973957438e-44 4.92419848113225691e-12 7.67950258416800350e-8 0.00000000000000000e0 -3.28612714221885953e-13 4.99999999499999936e-9 5.00000000000000000e0 0.00000000000000000e0 0.00000000000000000e0 1.61173214905894265e-4 6.80000000000000049e-2 0.00000000000000000e0 4.91315486399667746e-3 1.42000056524695706e-20 -7.42143717546285533e-13 5.00000000000000000e0 5.00000000000000000e0 0.00000000000000000e0 0.00000000000000000e0 4.08799386220257651e-12 3.33756860377616896e-11 3.33756860377618318e-11 0.00000000000000000e0
8.15266566880168139e-8 2.64233465199084985e-3 -2.57353819204967542e-3 -6.39788331275280286e-6 7.24612556659260809e-27 3.81375029893124870e-17 4.84500918394854156e-10 7.77566726230644258e-14 1.80536676292654522e-8 1.49080394258650251e-10 0.00000000000000000e0 6.77700898058125211e-20 5.00000049223516108e0 -1.26301683623341210e-289 7.81888395902785693e-1 0.00000000000000000e0 0.00000000000000000e0 0.00000000000000000e0 0.00000000000000000e0 4.49321294196316479e-44 6.42543207142306949e-12 8.15266566880168139e-8 0.00000000000000000e0 -4.16081905406309874e-13 4.99999999499999936e-9 5.00000000000000000e0 0.00000000000000000e0 0.00000000000000000e0 1.74748119357211792e-4 6.80000000000000049e-2 0.00000000000000000e0 5.21587284404052484e-3 1.80536676292654352e-20 -8.88208417626263026e-13 5.00000000000000000e0 5.00000000000000000e0 0.00000000000000000e0 0.00000000000000000e0 5.18123567467167490e-12 3.99217311726456287e-11 3.99217311726456029e-11 0.00000000000000000e0
8.60693095780347490e-8 2.78782902020464343e-3 -2.71867146396496126e-3 -6.39789100127970134e-6 9.48514256852514511e-27 4.99218030017227479e-17 5.69761789180433603e-10 9.63562530254891735e-14 2.24385252090015655e-8 1.84188284399390282e-10 0.00000000000000000e0 6.77700898058125211e-20 4.99999950819808081e0 -1.26301136283481348e-289 8.18896005996350373e-1 0.00000000000000000e0 0.00000000000000000e0 0.00000000000000000e0 0.00000000000000000e0 4.74357408254548266e-44 8.16714327487178594e-12 8.60693095780347490e-8 0.00000000000000000e0 -5.15109728229683541e-13 4.99999999499999936e-9 5.00000000000000000e0 0.00000000000000000e0 0.00000000000000000e0 1.87867273265793764e-4 6.80000000000000049e-2 0.00000000000000000e0 5.50650048416960469e-3 2.24385252090015433e-20 -1.04412043156647014e-12 5.00000000000000000e0 5.00000000000000000e0 0.00000000000000000e0 0.00000000000000000e0 6.42042208149916313e-12 4.69488387064600691e-11 4.69488387064600885e-11 0.00000000000000000e0
9.07945622372474296e-8 2.93918083081458337e-3 -2.86962957280766963e-3 -6.39789903348134126e-6 1.23651164284605044e-26 6.50795601621572441e-17 6.68227126866473176e-10 1.18988317262478787e-13 2.77944361083249531e-8 2.26747372862172550e-10 0.00000000000000000e0 6.77700898058125211e-20 5.00000049138577651e0 -1.26300566944870207e-289 8.56736247099080805e-1 0.00000000000000000e0 0.00000000000000000e0 0.00000000000000000e0 0.00000000000000000e0 5.00399892105773217e-44 1.03316033629470580e-11 9.07945622372474296e-8 0.00000000000000000e0 -6.35456455129217803e-13 4.99999999499999936e-9 5.00000000000000000e0 0.00000000000000000e0 0.00000000000000000e0 2.01588261477513248e-4 6.80000000000000049e-2 0.00000000000000000e0 5.80881040362225300e-3 2.77944361083249273e-20 -1.22501250237974801e-12 5.00000000000000000e0 5.00000000000000000e0 0.00000000000000000e0 0.00000000000000000e0 7.92821584682110890e-12 5.50595358844890859e-11 5.50595358844890601e-11 0.00000000000000000e0
9.53800244881098484e-8 3.08606369298908495e-3 -3.01611318722260456e-3 -6.39790686636151906e-6 1.57837381058876000e-26 8.30723058362447881e-17 7.73732180058420941e-10 1.44471641848816041e-13 3.38481544662732700e-8 2.74489552199938963e-10 0.00000000000000000e0 6.77700898058125211e-20 4.99999950904268342e0 -1.26300014451851161e-289 8.92829223183858156e-1 0.00000000000000000e0 0.00000000000000000e0 0.00000000000000000e0 0.00000000000000000e0 5.25671943196133677e-44 1.28157430061326143e-11 9.53800244881098484e-8 0.00000000000000000e0 -7.70797621724244564e-13 4.99999999499999936e-9 5.00000000000000000e0 0.00000000000000000e0 0.00000000000000000e0 2.14964101492567440e-4 6.80000000000000049e-2 0.00000000000000000e0 6.10217688021168908e-3 3.38481544662732373e-20 -1.41804933761886947e-12 5.00000000000000000e0 5.00000000000000000e0 0.00000000000000000e0 0.00000000000000000e0 9.62590463619865412e-12 6.37543758564580612e-11 6.37543758564579837e-11 0.00000000000000000e0
1.00086197635306713e-7 3.23682176181274133e-3 -3.16644437806222782e-3 -6.39791494742511513e-6 2.00320380531677281e-26 1.05431779247230610e-16 8.92639155109569264e-10 1.74580363835971795e-13 4.10280868738072578e-8 3.30687881524939811e-10 0.00000000000000000e0 6.77700898058125211e-20 5.00000049054020579e0 -1.26299447417136513e-289 9.29240451898647679e-1 0.00000000000000000e0 0.00000000000000000e0 0.00000000000000000e0 0.00000000000000000e0 5.51609273329791078e-44 1.58021666059870557e-11 1.00086197635306713e-7 0.00000000000000000e0 -9.30505527707203496e-13 4.99999999499999936e-9 5.00000000000000000e0 0.00000000000000000e0 0.00000000000000000e0 2.28743977173412067e-4 6.80000000000000049e-2 0.00000000000000000e0 6.40326613987496872e-3 4.10280868738072127e-20 -1.63643138319365140e-12 5.00000000000000000e0 5.00000000000000000e0 0.00000000000000000e0 0.00000000000000000e0 1.16316621371149714e-11 7.35490281007106889e-11 7.35490281007107147e-11 0.00000000000000000e0
1.04686647381573645e-7 3.38420121406209778e-3 -3.31339026506541519e-3 -6.39792289289405069e-6 2.50140714560568020e-26 1.31653007688470930e-16 1.01967371914543649e-9 2.08227325896721625e-13 4.90825123424061869e-8 3.93259003689895172e-10 0.00000000000000000e0 6.77700898058125211e-20 4.99999950988612341e0 -1.26298893123225139e-289 9.64225458767742793e-1 0.00000000000000000e0 0.00000000000000000e0 0.00000000000000000e0 0.00000000000000000e0 5.76963925634349668e-44 1.91926588137938026e-11 1.04686647381573645e-7 0.00000000000000000e0 -1.10876139856076189e-12 4.99999999499999936e-9 5.00000000000000000e0 0.00000000000000000e0 0.00000000000000000e0 2.42257033880137690e-4 6.80000000000000049e-2 0.00000000000000000e0 6.69759147912751297e-3 4.90825123424061415e-20 -1.86895515442409409e-12 5.00000000000000000e0 5.00000000000000000e0 0.00000000000000000e0 0.00000000000000000e0 1.38730448592688766e-11 8.40173954105044700e-11 8.40173954105047802e-11 0.00000000000000000e0
1.09376107413255494e-7 3.53444020807304081e-3 -3.46317126709086128e-3 -6.39793104192411255e-6 3.10548759556007700e-26 1.63446715586848417e-16 1.16055080569306243e-9 2.47180351785145743e-13 5.84429055990451414e-8 4.65431843461397235e-10 0.00000000000000000e0 6.77700898058125211e-20 5.00000048969599842e0 -1.26298328107246074e-289 9.99279132631998634e-1 0.00000000000000000e0 0.00000000000000000e0 0.00000000000000000e0 0.00000000000000000e0 6.02809144071068600e-44 2.31747938370290154e-11 1.09376107413255494e-7 0.00000000000000000e0 -1.31487363835439993e-12 4.99999999499999936e-9 5.00000000000000000e0 0.00000000000000000e0 0.00000000000000000e0 2.56068090159083082e-4 6.80000000000000049e-2 0.00000000000000000e0 6.99761147516390208e-3 5.84429055990450906e-20 -2.12763569651790238e-12 5.00000000000000000e0 5.00000000000000000e0 0.00000000000000000e0 0.00000000000000000e0 1.64677936713039270e-11 9.56218349426590204e-11 9.56218349426589428e-11 0.00000000000000000e0
1.13989498072184792e-7 3.68224976079801515e-3 -3.61051498100113232e-3 -6.39793911280314709e-6 3.80698654500087936e-26 2.00367712932852990e-16 1.31072566099876805e-9 2.90450525176021136e-13 6.88806430996480481e-8 5.45311336882595766e-10 0.00000000000000000e0 6.77700898058125211e-20 4.99999951072840343e0 -1.26297772259057146e-289 1.03317512975198489e0 0.00000000000000000e0 0.00000000000000000e0 0.00000000000000000e0 0.00000000000000000e0 6.28235118172224102e-44 2.76569145689656445e-11 1.13989498072184792e-7 0.00000000000000000e0 -1.54354774460630090e-12 4.99999999499999936e-9 5.00000000000000000e0 0.00000000000000000e0 0.00000000000000000e0 2.69685581330947224e-4 6.80000000000000049e-2 0.00000000000000000e0 7.29276474179914747e-3 6.88806430996479832e-20 -2.40260603831742825e-12 5.00000000000000000e0 5.00000000000000000e0 0.00000000000000000e0 0.00000000000000000e0 1.93500104975392178e-11 1.07996342702070744e-10 1.07996342702070550e-10 0.00000000000000000e0
1.18667956614365199e-7 3.83215149766050027e-3 -3.75992939217941868e-3 -6.39794735569909623e-6 4.64075016131283073e-26 2.44250008536556498e-16 1.47511273109442742e-9 3.39726177200877366e-13 8.08127827294796638e-8 6.35947208255466308e-10 0.00000000000000000e0 6.77700898058125211e-20 5.00000048885345638e0 -1.26297208573610445e-289 1.06696280198639970e0 0.00000000000000000e0 0.00000000000000000e0 0.00000000000000000e0 0.00000000000000000e0 6.54019703636836852e-44 3.28230546587887232e-11 1.18667956614365199e-7 0.00000000000000000e0 -1.80363942690680242e-12 4.99999999499999936e-9 5.00000000000000000e0 0.00000000000000000e0 0.00000000000000000e0 2.83521281732160508e-4 6.80000000000000049e-2 0.00000000000000000e0 7.59208088983991895e-3 8.08127827294795880e-20 -2.70441541623041824e-12 5.00000000000000000e0 5.00000000000000000e0 0.00000000000000000e0 0.00000000000000000e0 2.26321284794893890e-11 1.21537328172524450e-10 1.21537328172524786e-10 0.00000000000000000e0
1.23290833665216046e-7 3.98027945470973664e-3 -3.90756161749434509e-3 -6.39795556336975046e-6 5.60006654501679200e-26 2.94740344530568666e-16 1.64984532527957733e-9 3.94133226904528886e-13 9.40382501628903170e-8 7.35660268698359532e-10 0.00000000000000000e0 6.77700898058125211e-20 4.99999951156934763e0 -1.26296651587388787e-289 1.09977887959785781e0 0.00000000000000000e0 0.00000000000000000e0 0.00000000000000000e0 0.00000000000000000e0 6.79497960489040980e-44 3.85906464381295407e-11 1.23290833665216046e-7 0.00000000000000000e0 -2.09046306717300552e-12 4.99999999499999936e-9 5.00000000000000000e0 0.00000000000000000e0 0.00000000000000000e0 2.97214663492481623e-4 6.80000000000000049e-2 0.00000000000000000e0 7.88784107220408259e-3 9.40382501628902307e-20 -3.02443887551448548e-12 5.00000000000000000e0 5.00000000000000000e0 0.00000000000000000e0 0.00000000000000000e0 2.62558991039998863e-11 1.35934641545790622e-10 1.35934641545790570e-10 0.00000000000000000e0
1.27961099617569504e-7 4.12993273569888311e-3 -4.05670034296583618e-3 -6.39796392209318610e-6 6.72169962675559134e-26 3.53773664633300778e-16 1.83910816667523209e-9 4.55263613744067106e-13 1.08955412168546134e-7 8.47292518125389151e-10 0.00000000000000000e0 6.77700898058125211e-20 5.00000048801249974e0 -1.26296088894022707e-289 1.13236570709812523e0 0.00000000000000000e0 0.00000000000000000e0 0.00000000000000000e0 0.00000000000000000e0 7.05237393788540894e-44 4.51371603759216974e-11 1.27961099617569504e-7 0.00000000000000000e0 -2.41233584991167608e-12 4.99999999499999936e-9 5.00000000000000000e0 0.00000000000000000e0 0.00000000000000000e0 3.11067443796732540e-4 6.80000000000000049e-2 0.00000000000000000e0 8.18663307866471929e-3 1.08955412168546029e-19 -3.37188867641423381e-12 5.00000000000000000e0 5.00000000000000000e0 0.00000000000000000e0 0.00000000000000000e0 3.03273226719622567e-11 1.51524579540957015e-10 1.51524579540958230e-10 0.00000000000000000e0
1.32590844715259783e-7 4.27829409399102870e-3 -4.20453856755316577e-3 -6.39797227982782934e-6 8.00137026132505274e-26 4.21124750676069139e-16 2.03966848019752835e-9 5.22374269607140429e-13 1.25395200918992264e-7 9.69406822364119584e-10 0.00000000000000000e0 6.77700898058125211e-20 4.99999951240895069e0 -1.26295531085256445e-289 1.16411818036889647e0 0.00000000000000000e0 0.00000000000000000e0 0.00000000000000000e0 0.00000000000000000e0 7.30753502796344940e-44 5.23915976880277765e-11 1.32590844715259783e-7 0.00000000000000000e0 -2.76526421655292558e-12 4.99999999499999936e-9 5.00000000000000000e0 0.00000000000000000e0 0.00000000000000000e0 3.24816269573240915e-4 6.80000000000000049e-2 0.00000000000000000e0 8.48283266154419360e-3 1.25395200918992132e-19 -3.73930209324601217e-12 5.00000000000000000e0 5.00000000000000000e0 0.00000000000000000e0 0.00000000000000000e0 3.47968763237642933e-11 1.68049216154764346e-10 1.68049216154764527e-10 0.00000000000000000e0
1.37255160852830324e-7 4.42776954917121351e-3 -4.35347446442221810e-3 -6.39798077594136427e-6 9.47732304386466206e-26 4.98806476087650214e-16 2.25504221210358546e-9 5.96946537492122212e-13 1.43733594215791270e-7 1.10461433773550609e-9 0.00000000000000000e0 6.77700898058125211e-20 5.00000048717308321e0 -1.26294969113736713e-289 1.19556188961976995e0 0.00000000000000000e0 0.00000000000000000e0 0.00000000000000000e0 0.00000000000000000e0 7.56460144631223591e-44 6.05222621777011965e-11 1.37255160852830324e-7 0.00000000000000000e0 -3.15695245018270190e-12 4.99999999499999936e-9 5.00000000000000000e0 0.00000000000000000e0 0.00000000000000000e0 3.38681869289866400e-4 6.80000000000000049e-2 0.00000000000000000e0 8.78124401359343248e-3 1.43733594215791139e-19 -4.13466571260348496e-12 5.00000000000000000e0 5.00000000000000000e0 0.00000000000000000e0 0.00000000000000000e0 3.97631820677356379e-11 1.85789740233674378e-10 1.85789740233674456e-10 0.00000000000000000e0
1.41889937664748352e-7 4.57630428337732747e-3 -4.50146122961134210e-3 -6.39798929911658543e-6 1.11482053648717746e-25 5.86747650894207114e-16 2.48255602133234417e-9 6.78371058971019885e-13 1.63834771769917454e-7 1.25172121618599836e-9 0.00000000000000000e0 6.77700898058125211e-20 4.99999951324718506e0 -1.26294410703686611e-289 1.22627299463398254e0 0.00000000000000000e0 0.00000000000000000e0 0.00000000000000000e0 0.00000000000000000e0 7.82003985137419332e-44 6.94706965456313587e-11 1.41889937664748352e-7 0.00000000000000000e0 -3.58410910602393680e-12 4.99999999499999936e-9 5.00000000000000000e0 0.00000000000000000e0 0.00000000000000000e0 3.52471836751119599e-4 6.80000000000000049e-2 0.00000000000000000e0 9.07776551298867043e-3 1.63834771769917289e-19 -4.55154232162423789e-12 5.00000000000000000e0 5.00000000000000000e0 0.00000000000000000e0 0.00000000000000000e0 4.51856207546750454e-11 2.04534320443759085e-10 2.04534320443758904e-10 0.00000000000000000e0
1.46549924365962770e-7 4.72565256560565725e-3 -4.65024731280129847e-3 -6.39799795406487126e-6 1.30533904402965403e-25 6.87020549619825515e-16 2.72512770267196437e-9 7.68011993795804436e-13 1.86050411260748489e-7 1.41309895779361393e-9 0.00000000000000000e0 6.77700898058125211e-20 5.00000048633517835e0 -1.26293849258773818e-289 1.25662420257437701e0 0.00000000000000000e0 0.00000000000000000e0 0.00000000000000000e0 0.00000000000000000e0 8.07686765967496493e-44 7.93943710832362056e-11 1.46549924365962770e-7 0.00000000000000000e0 -4.05379483457668172e-12 4.99999999499999936e-9 5.00000000000000000e0 0.00000000000000000e0 0.00000000000000000e0 3.66347481613503738e-4 6.80000000000000049e-2 0.00000000000000000e0 9.37589987840695485e-3 1.86050411260748326e-19 -4.99682206477731717e-12 5.00000000000000000e0 5.00000000000000000e0 0.00000000000000000e0 0.00000000000000000e0 5.11549982164123060e-11 2.24514870077537806e-10 2.24514870077538607e-10 0.00000000000000000e0
1.51188372861421353e-7 4.87431584813504543e-3 -4.79834043479650512e-3 -6.39800665919870726e-6 1.51948364428735677e-25 7.99728233987399311e-16 2.98056744929796291e-9 8.65390609676785274e-13 2.10277764993673187e-7 1.58778786409939228e-9 0.00000000000000000e0 6.77700898058125211e-20 4.99999951408403476e0 -1.26293290411309277e-289 1.28631934755331345e0 0.00000000000000000e0 0.00000000000000000e0 0.00000000000000000e0 0.00000000000000000e0 8.33250842377718736e-44 9.02475903653609105e-11 1.51188372861421353e-7 0.00000000000000000e0 -4.56340018362687969e-12 4.99999999499999936e-9 5.00000000000000000e0 0.00000000000000000e0 0.00000000000000000e0 3.80168308902748171e-4 6.80000000000000049e-2 0.00000000000000000e0 9.67265628293155141e-3 2.10277764993672987e-19 -5.46495472280524866e-12 5.00000000000000000e0 5.00000000000000000e0 0.00000000000000000e0 0.00000000000000000e0 5.76393920961865249e-11 2.45559379289374261e-10 2.45559379289373847e-10 0.00000000000000000e0
1.55845204877968234e-7 5.02357329685692352e-3 -4.94701552255107872e-3 -6.39801549376720069e-6 1.76127914326281180e-25 9.26989022946028937e-16 3.25126874482496380e-9 9.71753447286635289e-13 2.36843782385452854e-7 1.77792223272956719e-9 0.00000000000000000e0 6.77700898058125211e-20 5.00000048549876563e0 -1.26292729351458866e-289 1.31562338804025347e0 0.00000000000000000e0 0.00000000000000000e0 0.00000000000000000e0 0.00000000000000000e0 8.58916236661417375e-44 1.02176139900367605e-10 1.55845204877968234e-7 0.00000000000000000e0 -5.11934181360274900e-12 4.99999999499999936e-9 5.00000000000000000e0 0.00000000000000000e0 0.00000000000000000e0 3.94052143763066489e-4 6.80000000000000049e-2 0.00000000000000000e0 9.97058881940800223e-3 2.36843782385452623e-19 -5.96186944393860263e-12 5.00000000000000000e0 5.00000000000000000e0 0.00000000000000000e0 0.00000000000000000e0 6.47217638842459552e-11 2.67856579105516105e-10 2.67856579105515071e-10 0.00000000000000000e0
1.60486333005544164e-7 5.17233203976856862e-3 -5.09518462030564365e-3 -6.39802439845321702e-6 2.03127855726616918e-25 1.06909397771163803e-15 3.53545007246694203e-9 1.08674433382985996e-12 2.65677356396386086e-7 1.98275871306234642e-9 0.00000000000000000e0 6.77700898058125211e-20 4.99999951491948647e0 -1.26292170186110496e-289 1.34433002537435620e0 0.00000000000000000e0 0.00000000000000000e0 0.00000000000000000e0 0.00000000000000000e0 8.84495081440904572e-44 1.15146632367584206e-10 1.60486333005544164e-7 0.00000000000000000e0 -5.71964672815420800e-12 4.99999999499999936e-9 5.00000000000000000e0 0.00000000000000000e0 0.00000000000000000e0 4.07896423786261060e-4 6.80000000000000049e-2 0.00000000000000000e0 1.02675166600742114e-2 2.65677356396385794e-19 -6.48276412285372975e-12 5.00000000000000000e0 5.00000000000000000e0 0.00000000000000000e0 0.00000000000000000e0 7.23783493234765620e-11 2.91268076267830762e-10 2.91268076267829315e-10 0.00000000000000000e0
1.65140866638145596e-7 5.32152475873950460e-3 -5.24377739285743390e-3 -6.39803343343084419e-6 2.33357696587079940e-25 1.22819840332325210e-15 3.83505149073839283e-9 1.21149568991854381e-12 2.97081252068546882e-7 2.20420384525432326e-9 0.00000000000000000e0 6.77700898058125211e-20 5.00000048466382552e0 -1.26291609408148465e-289 1.37262822581339572e0 0.00000000000000000e0 0.00000000000000000e0 0.00000000000000000e0 0.00000000000000000e0 9.10147808544433421e-44 1.29292896483963619e-10 1.65140866638145596e-7 0.00000000000000000e0 -6.37011099117327360e-12 4.99999999499999936e-9 5.00000000000000000e0 0.00000000000000000e0 0.00000000000000000e0 4.21787167775848030e-4 6.80000000000000049e-2 0.00000000000000000e0 1.05653021515969385e-2 2.97081252068546547e-19 -7.03273736313562799e-12 5.00000000000000000e0 5.00000000000000000e0 0.00000000000000000e0 0.00000000000000000e0 8.06844994343480342e-11 3.15945273066451590e-10 3.15945273066448540e-10 0.00000000000000000e0
1.69783950003060897e-7 5.47035441022944869e-3 -5.39200067319454013e-3 -6.39804255569975666e-6 2.66909951673983452e-25 1.40478921960366508e-15 4.14862915212618392e-9 1.34576256116916068e-12 3.31013702985418364e-7 2.44170741768407453e-9 0.00000000000000000e0 6.77700898058125211e-20 4.99999951575353130e0 -1.26291050012196557e-289 1.40037492101266636e0 0.00000000000000000e0 0.00000000000000000e0 0.00000000000000000e0 0.00000000000000000e0 9.35737429305758988e-44 1.44592914572221062e-10 1.69783950003060897e-7 0.00000000000000000e0 -7.06933578541312130e-12 4.99999999499999936e-9 5.00000000000000000e0 0.00000000000000000e0 0.00000000000000000e0 4.35649513315226184e-4 6.80000000000000049e-2 0.00000000000000000e0 1.08623550834239888e-2 3.31013702985418072e-19 -7.60760590294208049e-12 5.00000000000000000e0 5.00000000000000000e0 0.00000000000000000e0 0.00000000000000000e0 8.96238514633038124e-11 3.41777573043876448e-10 3.41777573043876861e-10 0.00000000000000000e0
1.74436808638479467e-7 5.61950101291152065e-3 -5.54053239981327269e-3 -6.39805181143482393e-6 3.04200149424762647e-25 1.60105341832926678e-15 4.47773519693974648e-9 1.49056934300219218e-12 3.67754499030612574e-7 2.69696210039617485e-9 0.00000000000000000e0 6.77700898058125211e-20 5.00000048383034734e0 -1.26290489441013070e-289 1.42770546465782644e0 0.00000000000000000e0 0.00000000000000000e0 0.00000000000000000e0 0.00000000000000000e0 9.61380924926818354e-44 1.61168709668094880e-10 1.74436808638479467e-7 0.00000000000000000e0 -7.82252779974112693e-12 4.99999999499999936e-9 5.00000000000000000e0 0.00000000000000000e0 0.00000000000000000e0 4.49546233215176278e-4 6.80000000000000049e-2 0.00000000000000000e0 1.11600334127247933e-2 3.67754499030612193e-19 -8.21175742626818326e-12 5.00000000000000000e0 5.00000000000000000e0 0.00000000000000000e0 0.00000000000000000e0 9.92645526389241981e-11 3.68884426775399603e-10 3.68884426775400379e-10 0.00000000000000000e0
1.79081318363806927e-7 5.76838325572519121e-3 -5.68879434375248530e-3 -6.39806116974409034e-6 3.45358542256513734e-25 1.81767653853753611e-15 4.82119960932124989e-9 1.64576905122006558e-12 4.07288369277547871e-7 2.96958478042890741e-9 0.00000000000000000e0 6.77700898058125211e-20 4.99999951658616304e0 -1.26289929878180092e-289 1.45452125782228414e0 0.00000000000000000e0 0.00000000000000000e0 0.00000000000000000e0 0.00000000000000000e0 9.86978406848314278e-44 1.79008376731422647e-10 1.79081318363806927e-7 0.00000000000000000e0 -8.62879021194631179e-12 4.99999999499999936e-9 5.00000000000000000e0 0.00000000000000000e0 0.00000000000000000e0 4.63422685982468755e-4 6.80000000000000049e-2 0.00000000000000000e0 1.14571775994776765e-2 4.07288369277547464e-19 -8.84151128650227709e-12 5.00000000000000000e0 5.00000000000000000e0 0.00000000000000000e0 0.00000000000000000e0 1.09596758312101880e-10 3.97177795421955085e-10 3.97177795421953741e-10 0.00000000000000000e0
1.83732956130959917e-7 5.91749691088454439e-3 -5.83728090970774514e-3 -6.39807066647735123e-6 3.90806232754730245e-25 2.05687490962622877e-15 5.18024524403721428e-9 1.81228557420448531e-12 4.49873723396323801e-7 3.26107039303850743e-9 0.00000000000000000e0 6.77700898058125211e-20 5.00000048299832223e0 -1.26289369459059084e-289 1.48091980980284177e0 0.00000000000000000e0 0.00000000000000000e0 0.00000000000000000e0 0.00000000000000000e0 1.01261517384671936e-43 1.98222560542064321e-10 1.83732956130959917e-7 0.00000000000000000e0 -9.49278538732637138e-12 4.99999999499999936e-9 5.00000000000000000e0 0.00000000000000000e0 0.00000000000000000e0 4.77324663932039879e-4 6.80000000000000049e-2 0.00000000000000000e0 1.17547778205922895e-2 4.49873723396323405e-19 -9.50065118146932281e-12 5.00000000000000000e0 5.00000000000000000e0 0.00000000000000000e0 0.00000000000000000e0 1.20681913286323945e-10 4.26750002860078814e-10 4.26750002860079486e-10 0.00000000000000000e0
1.88378506275658379e-7 6.06641798667344277e-3 -5.98557058404551763e-3 -6.39808027938851276e-6 4.40710922556334300e-25 2.31953117178983885e-15 5.55391976615025283e-9 1.99005578679319486e-12 4.95518644117042520e-7 3.57117594095114373e-9 0.00000000000000000e0 6.77700898058125211e-20 4.99999951741737991e0 -1.26288809775845125e-289 1.50683377603465685e0 0.00000000000000000e0 0.00000000000000000e0 0.00000000000000000e0 0.00000000000000000e0 1.03821838987528249e-43 2.18808026906002552e-10 1.88378506275658379e-7 0.00000000000000000e0 -1.04140430803995342e-11 4.99999999499999936e-9 5.00000000000000000e0 0.00000000000000000e0 0.00000000000000000e0 4.91212283143259475e-4 6.80000000000000049e-2 0.00000000000000000e0 1.20519885707189613e-2 4.95518644117042015e-19 -1.01858954561387010e-11 5.00000000000000000e0 5.00000000000000000e0 0.00000000000000000e0 0.00000000000000000e0 1.32515750374760342e-10 4.57530939387216559e-10 4.57530939387219867e-10 0.00000000000000000e0
1.93029254084953615e-7 6.21550790033634486e-3 -6.13402395413263548e-3 -6.39809003652458408e-6 4.95499247778416588e-25 2.60789077827663920e-15 5.94316800242235008e-9 2.17991113167424490e-12 5.44461928534387579e-7 3.90121541807439567e-9 0.00000000000000000e0 6.77700898058125211e-20 5.00000048216774129e0 -1.26288249468916895e-289 1.53233393213634983e0 0.00000000000000000e0 0.00000000000000000e0 0.00000000000000000e0 0.00000000000000000e0 1.06385025201149055e-43 2.40864629448502174e-10 1.93029254084953615e-7 0.00000000000000000e0 -1.13967223236890379e-11 4.99999999499999936e-9 5.00000000000000000e0 0.00000000000000000e0 0.00000000000000000e0 5.05118937374925982e-4 6.80000000000000049e-2 0.00000000000000000e0 1.23495318544689803e-2 5.44461928534387106e-19 -1.09005188419556393e-11 5.00000000000000000e0 5.00000000000000000e0 0.00000000000000000e0 0.00000000000000000e0 1.45153549393064554e-10 4.89590036514015055e-10 4.89590036514016399e-10 0.00000000000000000e0
1.97675563062955624e-7 6.36445738216851690e-3 -6.28233377062060311e-3 -6.39809992257489579e-6 5.55375415189362673e-25 2.92302850155202108e-15 6.34720700426318167e-9 2.38185815106625182e-12 5.96731766894824317e-7 4.25105939917881253e-9 0.00000000000000000e0 6.77700898058125211e-20 4.99999951824717748e0 -1.26287689699248593e-289 1.55737488041935457e0 0.00000000000000000e0 0.00000000000000000e0 0.00000000000000000e0 0.00000000000000000e0 1.08945765022997595e-43 2.64396284750400144e-10 1.97675563062955624e-7 0.00000000000000000e0 -1.24407052559656648e-11 4.99999999499999936e-9 5.00000000000000000e0 0.00000000000000000e0 0.00000000000000000e0 5.19015511615382279e-4 6.80000000000000049e-2 0.00000000000000000e0 1.26467911527891191e-2 5.96731766894823671e-19 -1.16415496594406762e-11 5.00000000000000000e0 5.00000000000000000e0 0.00000000000000000e0 0.00000000000000000e0 1.58595674837646668e-10 5.22871126583060864e-10 5.22871126583061691e-10 0.00000000000000000e0
2.02325662080621442e-7 6.51352987751032623e-3 -6.43076305087637683e-3 -6.39810995953574158e-6 6.20771814507885185e-25 3.26722007697806227e-15 6.76674757240589757e-9 2.59664381933753503e-12 6.52549128084704158e-7 4.62185729134308171e-9 0.00000000000000000e0 6.77700898058125211e-20 5.00000048133859742e0 -1.26287129475456494e-289 1.58200849258070786e0 0.00000000000000000e0 0.00000000000000000e0 0.00000000000000000e0 0.00000000000000000e0 1.11508593665357193e-43 2.89492713686408853e-10 2.02325662080621442e-7 0.00000000000000000e0 -1.35496947255962778e-11 4.99999999499999936e-9 5.00000000000000000e0 0.00000000000000000e0 0.00000000000000000e0 5.32926349791888461e-4 6.80000000000000049e-2 0.00000000000000000e0 1.29442929283867039e-2 6.52549128084703626e-19 -1.24118342939179281e-11 5.00000000000000000e0 5.00000000000000000e0 0.00000000000000000e0 0.00000000000000000e0 1.72891773284037142e-10 5.57424363577041238e-10 5.57424363577041859e-10 0.00000000000000000e0
2.07021959011474513e-7 6.66408456023290414e-3 -6.58066577135453610e-3 -6.39812024565145077e-6 6.92717748408951916e-25 3.64588288705562269e-15 7.20583762559667854e-9 2.82682497832517106e-12 7.12611327212872690e-7 5.01785164776979421e-9 0.00000000000000000e0 6.77700898058125211e-20 4.99999951907120010e0 -1.26286563688463923e-289 1.60645995003247144e0 0.00000000000000000e0 0.00000000000000000e0 0.00000000000000000e0 0.00000000000000000e0 1.14096883558043576e-43 3.16455997629628629e-10 2.07021959011474513e-7 0.00000000000000000e0 -1.47367035782040745e-11 4.99999999499999936e-9 5.00000000000000000e0 0.00000000000000000e0 0.00000000000000000e0 5.46978120769176608e-4 6.80000000000000049e-2 0.00000000000000000e0 1.32447503315874411e-2 7.12611327212871921e-19 -1.32172667698765584e-11 5.00000000000000000e0 5.00000000000000000e0 0.00000000000000000e0 0.00000000000000000e0 1.88211939695874379e-10 5.93591468325208704e-10 5.93591468325208601e-10 0.00000000000000000e0
2.12273536447942809e-7 6.83244147062029954e-3 -6.74829173050671589e-3 -6.39813192903140870e-6 7.80640467652685328e-25 4.10863404105793182e-15 7.71509248067271618e-9 3.10049197663537745e-12 7.84332898567920305e-7 5.48691030936262339e-9 0.00000000000000000e0 6.77700898058125211e-20 5.00000048056262703e0 -1.26285931006983205e-289 1.63330364489212410e0 0.00000000000000000e0 0.00000000000000000e0 0.00000000000000000e0 0.00000000000000000e0 1.16991207532784655e-43 3.48591699674472590e-10 2.12273536447942809e-7 0.00000000000000000e0 -1.61460930995329569e-11 4.99999999499999936e-9 5.00000000000000000e0 0.00000000000000000e0 0.00000000000000000e0 5.62694323305397513e-4 6.80000000000000049e-2 0.00000000000000000e0 1.35807332011270154e-2 7.84332898567919592e-19 -1.41522868671096698e-11 5.00000000000000000e0 5.00000000000000000e0 0.00000000000000000e0 0.00000000000000000e0 2.06425556172954650e-10 6.35532805166864830e-10 6.35532805166859143e-10 0.00000000000000000e0
2.17847924990739917e-7 7.01114773275451908e-3 -6.92622098996366863e-3 -6.39814455210066524e-6 8.83150265715333016e-25 4.64815929412174489e-15 8.27662267601576490e-9 3.41034350253229368e-12 8.65925585518955485e-7 6.01584737798027845e-9 0.00000000000000000e0 6.77700898058125211e-20 4.99999951978208479e0 -1.26285259438446716e-289 1.66123199586821979e0 0.00000000000000000e0 0.00000000000000000e0 0.00000000000000000e0 0.00000000000000000e0 1.20063443751163613e-43 3.85063653017504145e-10 2.17847924990739917e-7 0.00000000000000000e0 -1.77395333523456697e-11 4.99999999499999936e-9 5.00000000000000000e0 0.00000000000000000e0 0.00000000000000000e0 5.79379742559148268e-4 6.80000000000000049e-2 0.00000000000000000e0 1.39373687227181877e-2 8.65925585518954755e-19 -1.51825427584732363e-11 5.00000000000000000e0 5.00000000000000000e0 0.00000000000000000e0 0.00000000000000000e0 2.27046356215878136e-10 6.81783102421566748e-10 6.81783102421573573e-10 0.00000000000000000e0
2.24068001318924814e-7 7.21055369952033291e-3 -7.12476004410973057e-3 -6.39815890894623873e-6 1.00947137013738977e-24 5.31300721225889101e-15 8.92849196625682485e-9 3.78037310590649866e-12 9.63876078649191501e-7 6.64473311647406065e-9 0.00000000000000000e0 6.77700898058125211e-20 5.00000047990919594e0 -1.26284510085578904e-289 1.69172241367713339e0 0.00000000000000000e0 0.00000000000000000e0 0.00000000000000000e0 0.00000000000000000e0 1.23491540596193049e-43 4.28719952103344241e-10 2.24068001318924814e-7 0.00000000000000000e0 -1.96394431034365779e-11 4.99999999499999936e-9 5.00000000000000000e0 0.00000000000000000e0 0.00000000000000000e0 5.98001335539556124e-4 6.80000000000000049e-2 0.00000000000000000e0 1.43353137436300626e-2 9.63876078649190447e-19 -1.63794602820215181e-11 5.00000000000000000e0 5.00000000000000000e0 0.00000000000000000e0 0.00000000000000000e0 2.51670673246282677e-10 7.35468710188024654e-10 7.35468710188021966e-10 0.00000000000000000e0
2.30748711571720380e-7 7.42472591627888097e-3 -7.33800306157595967e-3 -6.39817466599815199e-6 1.16017471601230077e-24 6.10618271701438912e-15 9.65803471282070790e-9 4.20724682140001673e-12 1.07752573496173224e-6 7.36673948963997847e-9 0.00000000000000000e0 6.77700898058125211e-20 4.99999952037805873e0 -1.26283705243596817e-289 1.72369801962235969e0 0.00000000000000000e0 0.00000000000000000e0 0.00000000000000000e0 0.00000000000000000e0 1.27173508554751495e-43 4.79193844433707336e-10 2.30748711571720380e-7 0.00000000000000000e0 -2.18274284851879086e-11 4.99999999499999936e-9 5.00000000000000000e0 0.00000000000000000e0 0.00000000000000000e0 6.18005673754423160e-4 6.80000000000000049e-2 0.00000000000000000e0 1.47627289778548415e-2 1.07752573496173116e-18 -1.77182856266465995e-11 5.00000000000000000e0 5.00000000000000000e0 0.00000000000000000e0 0.00000000000000000e0 2.80076042578866790e-10 7.95554509559168815e-10 7.95554509559174191e-10 0.00000000000000000e0
2.38274421307140233e-7 7.66598495339535467e-3 -7.57822022486465043e-3 -6.39819283932557825e-6 1.35002211853639337e-24 7.10537957259419786e-15 1.05157690929752486e-8 4.72584327616896116e-12 1.21648126381736162e-6 8.23922596460088619e-9 0.00000000000000000e0 6.77700898058125211e-20 5.00000047936708558e0 -1.26282798608547554e-289 1.75878341586322340e0 0.00000000000000000e0 0.00000000000000000e0 0.00000000000000000e0 0.00000000000000000e0 1.31321184634496449e-43 5.40639493007246973e-10 2.38274421307140233e-7 0.00000000000000000e0 -2.44804586553054982e-11 4.99999999499999936e-9 5.00000000000000000e0 0.00000000000000000e0 0.00000000000000000e0 6.40544353508747176e-4 6.80000000000000049e-2 0.00000000000000000e0 1.52442051782600042e-2 1.21648126381736035e-18 -1.92933370632867641e-11 5.00000000000000000e0 5.00000000000000000e0 0.00000000000000000e0 0.00000000000000000e0 3.14582526439757789e-10 8.66192255076070217e-10 8.66192255076065357e-10 0.00000000000000000e0
2.46545931335919030e-7 7.93114825497659437e-3 -7.84224757230056295e-3 -6.39821335948059788e-6 1.58520727707857119e-24 8.34319619673558260e-15 1.15015119699171014e-8 5.34346529751927137e-12 1.38316057459353660e-6 9.27217235696459251e-9 0.00000000000000000e0 6.77700898058125211e-20 4.99999952086467392e0 -1.26281802133182192e-289 1.79623469770362054e0 0.00000000000000000e0 0.00000000000000000e0 0.00000000000000000e0 0.00000000000000000e0 1.35879896768751030e-43 6.13955353806348396e-10 2.46545931335919030e-7 0.00000000000000000e0 -2.76333290709934142e-11 4.99999999499999936e-9 5.00000000000000000e0 0.00000000000000000e0 0.00000000000000000e0 6.65321115461352253e-4 6.80000000000000049e-2 0.00000000000000000e0 1.57733958272771591e-2 1.38316057459353521e-18 -2.11028050851463959e-11 5.00000000000000000e0 5.00000000000000000e0 0.00000000000000000e0 0.00000000000000000e0 3.55674806754835778e-10 9.47374582419470141e-10 9.47374582419475105e-10 0.00000000000000000e0
2.56032199703900559e-7 8.23524535260227245e-3 -8.14505834220733034e-3 -6.39823760723717827e-6 1.89212658011036518e-24 9.95856094984141813e-15 1.26859121559537858e-8 6.11527247184899951e-12 1.59315607936992202e-6 1.05543752294173933e-8 0.00000000000000000e0 6.77700898058125211e-20 5.00000047893333388e0 -1.26280659324603789e-289 1.83779803191964719e0 0.00000000000000000e0 0.00000000000000000e0 0.00000000000000000e0 0.00000000000000000e0 1.41108103779012925e-43 7.05722849671123222e-10 2.56032199703900559e-7 0.00000000000000000e0 -3.15637500859793293e-11 4.99999999499999936e-9 5.00000000000000000e0 0.00000000000000000e0 0.00000000000000000e0 6.93741701577073560e-4 6.80000000000000049e-2 0.00000000000000000e0 1.63803036948096045e-2 1.59315607936992055e-18 -2.32780368668110325e-11 5.00000000000000000e0 5.00000000000000000e0 0.00000000000000000e0 0.00000000000000000e0 4.07020927393277212e-10 1.04491044509415598e-9 1.04491044509415557e-9 0.00000000000000000e0
2.66765922178734781e-7 8.57931771354679233e-3 -8.48770286115562572e-3 -6.39826601205734091e-6 2.29179051512655254e-24 1.20620553450631194e-14 1.40928660953858901e-8 7.07307165119145716e-12 1.85621727326805775e-6 1.21334410439553770e-8 0.00000000000000000e0 6.77700898058125211e-20 4.99999952124511005e0 -1.26279366247994320e-289 1.88310033637641050e0 0.00000000000000000e0 0.00000000000000000e0 0.00000000000000000e0 0.00000000000000000e0 1.47023825421312865e-43 8.19750918877306478e-10 2.66765922178734781e-7 0.00000000000000000e0 -3.64277901856304070e-11 4.99999999499999936e-9 5.00000000000000000e0 0.00000000000000000e0 0.00000000000000000e0 7.25905333730292204e-4 6.80000000000000049e-2 0.00000000000000000e0 1.70670205747024198e-2 1.85621727326805584e-18 -2.58615208382901266e-11 5.00000000000000000e0 5.00000000000000000e0 0.00000000000000000e0 0.00000000000000000e0 4.70733973056426253e-10 1.16077474818111356e-9 1.16077474818110901e-9 0.00000000000000000e0
2.79433144647397689e-7 8.98534517549221499e-3 -8.89209280166450983e-3 -6.39830087560688821e-6 2.84233254566232800e-24 1.49596449800124807e-14 1.58396292750166582e-8 8.32258429657512887e-12 2.20321711355341582e-6 1.41751359950808263e-8 0.00000000000000000e0 6.77700898058125211e-20 5.00000047860373442e0 -1.26277840262375690e-289 1.93429937963104126e0 0.00000000000000000e0 0.00000000000000000e0 0.00000000000000000e0 0.00000000000000000e0 1.54005165052683871e-43 9.68626722318176213e-10 2.79433144647397689e-7 0.00000000000000000e0 -4.27526198206885120e-11 4.99999999499999936e-9 5.00000000000000000e0 0.00000000000000000e0 0.00000000000000000e0 7.63869352746874165e-4 6.80000000000000049e-2 0.00000000000000000e0 1.78774379771567266e-2 2.20321711355341359e-18 -2.90703731376033706e-11 5.00000000000000000e0 5.00000000000000000e0 0.00000000000000000e0 0.00000000000000000e0 5.53841643439674434e-10 1.30461294097518057e-9 1.30461294097517416e-9 0.00000000000000000e0
2.94382854655513182e-7 9.46449364852855815e-3 -9.36938960899911730e-3 -6.39834397713617831e-6 3.61417008427124756e-24 1.90219478155681070e-14 1.80123570423402892e-8 9.96824224630400721e-12 2.66635395605862130e-6 1.68357163238695571e-8 0.00000000000000000e0 6.77700898058125211e-20 4.99999952152430538e0 -1.26276039335470081e-289 1.99171688951586234e0 0.00000000000000000e0 0.00000000000000000e0 0.00000000000000000e0 0.00000000000000000e0 1.62244461647920553e-43 1.16471965210811940e-9 2.94382854655513182e-7 0.00000000000000000e0 -5.10502938786605618e-11 4.99999999499999936e-9 5.00000000000000000e0 0.00000000000000000e0 0.00000000000000000e0 8.08681773424343346e-4 6.80000000000000049e-2 0.00000000000000000e0 1.88338832575276754e-2 2.66635395605861876e-18 -3.30617131055429472e-11 5.00000000000000000e0 5.00000000000000000e0 0.00000000000000000e0 0.00000000000000000e0 6.63281353232562716e-10 1.48352447082660233e-9 1.48352447082660026e-9 0.00000000000000000e0
3.12903645697765721e-7 1.00580248689251025e-2 -9.96077255476550752e-3 -6.39840033238303629e-6 4.77659074586757489e-24 2.51399512988164593e-14 2.08521041713491309e-8 1.22702978252785093e-11 3.32505666413944499e-6 2.05091733635415158e-8 0.00000000000000000e0 6.77700898058125211e-20 5.00000047837236750e0 -1.26273808251520690e-289 2.05858709775237703e0 0.00000000000000000e0 0.00000000000000000e0 0.00000000000000000e0 0.00000000000000000e0 1.72451903163018998e-43 1.43874932406818932e-9 3.12903645697765721e-7 0.00000000000000000e0 -6.26018345909474403e-11 4.99999999499999936e-9 5.00000000000000000e0 0.00000000000000000e0 0.00000000000000000e0 8.64208005956415472e-4 6.80000000000000049e-2 0.00000000000000000e0 2.00187974236906083e-2 3.32505666413944197e-18 -3.82807031543938183e-11 5.00000000000000000e0 5.00000000000000000e0 0.00000000000000000e0 0.00000000000000000e0 8.16343858265312843e-10 1.71734398425742492e-9 1.71734398425742286e-9 0.00000000000000000e0
3.31768763898933010e-7 1.06624948195776243e-2 -1.05632459648641232e-2 -6.39846138162508682e-6 6.22399393271389088e-24 3.27578628099813155e-14 2.38867902855033869e-8 1.49191902041532509e-11 4.09739125430785558e-6 2.46745312957126819e-8 0.00000000000000000e0 6.77700898058125211e-20 4.99999952172905182e0 -1.26271535729182576e-289 2.12214399224659633e0 0.00000000000000000e0 0.00000000000000000e0 0.00000000000000000e0 0.00000000000000000e0 1.82849115154371202e-43 1.75333619092822988e-9 3.31768763898933010e-7 0.00000000000000000e0 -7.58217561306162086e-11 4.99999999499999936e-9 5.00000000000000000e0 0.00000000000000000e0 0.00000000000000000e0 9.20774952848426426e-4 6.80000000000000049e-2 0.00000000000000000e0 2.12257407844417476e-2 4.09739125430785105e-18 -4.38590213131640994e-11 5.00000000000000000e0 5.00000000000000000e0 0.00000000000000000e0 0.00000000000000000e0 9.92428822756218090e-10 1.96720357086133859e-9 1.96720357086134025e-9 0.00000000000000000e0
3.50518818803272570e-7 1.12631704090655951e-2 -1.11621522713992137e-2 -6.39852543021096620e-6 7.95785266991766006e-24 4.18834351127876472e-14 2.70133235760492789e-8 1.78564846400855797e-11 4.97069529984910956e-6 2.92243769930249039e-8 0.00000000000000000e0 6.77700898058125211e-20 5.00000047816892756e0 -1.26269277108104768e-289 2.18106066956593381e0 0.00000000000000000e0 0.00000000000000000e0 0.00000000000000000e0 0.00000000000000000e0 1.93182911826678700e-43 2.10094978210592255e-9 3.50518818803272570e-7 0.00000000000000000e0 -9.03990865898804294e-11 4.99999999499999936e-9 5.00000000000000000e0 0.00000000000000000e0 0.00000000000000000e0 9.77003363086814463e-4 6.80000000000000049e-2 0.00000000000000000e0 2.24253226804648070e-2 4.97069529984910482e-18 -4.96090770636497782e-11 5.00000000000000000e0 5.00000000000000000e0 0.00000000000000000e0 0.00000000000000000e0 1.18764008033151950e-9 2.22460477535899496e-9 2.22460477535900365e-9 0.00000000000000000e0
3.68811621029488005e-7 1.18490858610888327e-2 -1.17465648248036413e-2 -6.39859130384390351e-6 9.96348725968544709e-24 5.24394066398868975e-14 3.01368274427763831e-8 2.10105381384499018e-11 5.92728475832395280e-6 3.40363206181935869e-8 0.00000000000000000e0 6.77700898058125211e-20 4.99999952193561903e0 -1.26267073606387405e-289 2.23472675713562285e0 0.00000000000000000e0 0.00000000000000000e0 0.00000000000000000e0 0.00000000000000000e0 2.03264700906063887e-43 2.47252597562036178e-9 3.68811621029488005e-7 0.00000000000000000e0 -1.05963473363305515e-10 4.99999999499999936e-9 5.00000000000000000e0 0.00000000000000000e0 0.00000000000000000e0 1.03186535197268567e-3 6.80000000000000049e-2 0.00000000000000000e0 2.35956506858924740e-2 5.92728475832394719e-18 -5.53551158285274444e-11 5.00000000000000000e0 5.00000000000000000e0 0.00000000000000000e0 0.00000000000000000e0 1.39720658212066780e-9 2.48174386079197868e-9 2.48174386079197786e-9 0.00000000000000000e0
3.87283043130818083e-7 1.24406054368635909e-2 -1.23368009088288284e-2 -6.39866087817630991e-6 1.23332079494070078e-23 6.49116207986858805e-14 3.33296054022585253e-8 2.44753503419702461e-11 6.99993047421731551e-6 3.92408403923690099e-8 0.00000000000000000e0 6.77700898058125211e-20 5.00000047796086733e0 -1.26264848627644251e-289 2.28534952683300174e0 0.00000000000000000e0 0.00000000000000000e0 0.00000000000000000e0 0.00000000000000000e0 2.13444933508973979e-43 2.87846274220527903e-9 3.87283043130818083e-7 0.00000000000000000e0 -1.22961822510617131e-10 4.99999999499999936e-9 5.00000000000000000e0 0.00000000000000000e0 0.00000000000000000e0 1.08726676032380731e-3 6.80000000000000049e-2 0.00000000000000000e0 2.47774063456924210e-2 6.99993047421730982e-18 -6.12320081723401344e-11 5.00000000000000000e0 5.00000000000000000e0 0.00000000000000000e0 0.00000000000000000e0 1.62736258141143727e-9 2.74456352938514516e-9 2.74456352938515261e-9 0.00000000000000000e0
4.05631154659201238e-7 1.30280578527482097e-2 -1.29232150476898729e-2 -6.39873306951949106e-6 1.50577879897556075e-23 7.92515157506136233e-14 3.65049046534864589e-8 2.81820861740278622e-11 8.17228034057154811e-6 4.47199969436316400e-8 0.00000000000000000e0 6.77700898058125211e-20 4.99999952214331955e0 -1.26262638541140790e-289 2.33231838484377407e0 0.00000000000000000e0 0.00000000000000000e0 0.00000000000000000e0 0.00000000000000000e0 2.23557205436841781e-43 3.30992797848302692e-9 4.05631154659201238e-7 0.00000000000000000e0 -1.41037180784052668e-10 4.99999999499999936e-9 5.00000000000000000e0 0.00000000000000000e0 0.00000000000000000e0 1.14230119474789606e-3 6.80000000000000049e-2 0.00000000000000000e0 2.59512729004380827e-2 8.17228034057153954e-18 -6.70789191452813165e-11 5.00000000000000000e0 5.00000000000000000e0 0.00000000000000000e0 0.00000000000000000e0 1.87352231055181685e-9 3.00592932630068482e-9 3.00592932630069268e-9 0.00000000000000000e0
4.24130761447630054e-7 1.36202426394748041e-2 -1.35145891045106818e-2 -6.39880853690877327e-6 1.82056867334977970e-23 9.58194038787204193e-14 3.96748537097664397e-8 3.21687516608676592e-11 9.46166264406902047e-6 5.05154061211270777e-8 0.00000000000000000e0 6.77700898058125211e-20 5.00000047775336842e0 -1.26260410245757664e-289 2.37655063564617164e0 0.00000000000000000e0 0.00000000000000000e0 0.00000000000000000e0 0.00000000000000000e0 2.33752971584972881e-43 3.77051567893630375e-9 4.24130761447630054e-7 0.00000000000000000e0 -1.60355189138998846e-10 4.99999999499999936e-9 5.00000000000000000e0 0.00000000000000000e0 0.00000000000000000e0 1.19779227721450053e-3 6.80000000000000049e-2 0.00000000000000000e0 2.71348317439854859e-2 9.46166264406901086e-18 -7.29201036864772226e-11 5.00000000000000000e0 5.00000000000000000e0 0.00000000000000000e0 0.00000000000000000e0 2.13819548379926252e-9 3.26682990813490851e-9 3.26682990813489858e-9 0.00000000000000000e0
4.42510648233834011e-7 1.42084822214943295e-2 -1.41022489766697619e-2 -6.39888608863076191e-6 2.17561666885197021e-23 1.14506140487649348e-13 4.27585944552549724e-8 3.63555728432758484e-11 1.08478109422331998e-5 5.64968924451832835e-8 0.00000000000000000e0 6.77700898058125211e-20 4.99999952235059286e0 -1.26258196409733528e-289 2.41759412236524707e0 0.00000000000000000e0 0.00000000000000000e0 0.00000000000000000e0 0.00000000000000000e0 2.43882755944415162e-43 4.25014628690855439e-9 4.42510648233834011e-7 0.00000000000000000e0 -1.80509670885117747e-10 4.99999999499999936e-9 5.00000000000000000e0 0.00000000000000000e0 0.00000000000000000e0 1.25292598078376128e-3 6.80000000000000049e-2 0.00000000000000000e0 2.83107311981640915e-2 1.08478109422331898e-17 -7.86054180495722541e-11 5.00000000000000000e0 5.00000000000000000e0 0.00000000000000000e0 0.00000000000000000e0 2.41607111351921354e-9 3.52061743169009307e-9 3.52061743169009389e-9 0.00000000000000000e0
4.60987785065415361e-7 1.47997285158995955e-2 -1.46931239511599691e-2 -6.39896614828411314e-6 2.57725052346521495e-23 1.35644764418678564e-13 4.57594355666321491e-8 4.07656395129681871e-11 1.23440931709068577e-5 6.26838652402057530e-8 0.00000000000000000e0 6.77700898058125211e-20 5.00000047754601518e0 -1.26255970899205827e-289 2.45613175401701467e0 0.00000000000000000e0 0.00000000000000000e0 0.00000000000000000e0 0.00000000000000000e0 2.54066138130660035e-43 4.75057755063893498e-9 4.60987785065415361e-7 0.00000000000000000e0 -2.01592539311475814e-10 4.99999999499999936e-9 5.00000000000000000e0 0.00000000000000000e0 0.00000000000000000e0 1.30835274978493318e-3 6.80000000000000049e-2 0.00000000000000000e0 2.94928524670595646e-2 1.23440931709068453e-17 -8.41428630539547405e-11 5.00000000000000000e0 5.00000000000000000e0 0.00000000000000000e0 0.00000000000000000e0 2.70866631656996744e-9 3.76755502433321491e-9 3.76755502433321574e-9 0.00000000000000000e0
4.79378552700136718e-7 1.53881163763316519e-2 -1.52813316717539810e-2 -6.39904772684052325e-6 3.02342520557905735e-23 1.59127642429132010e-13 4.86167821274397146e-8 4.53264642669902247e-11 1.39318834513299741e-5 6.89614316414433533e-8 0.00000000000000000e0 6.77700898058125211e-20 4.99999952255784041e0 -1.26253755830543964e-289 2.49195668206209886e0 0.00000000000000000e0 0.00000000000000000e0 0.00000000000000000e0 0.00000000000000000e0 2.64201919297939649e-43 5.26267666802257069e-9 4.79378552700136718e-7 0.00000000000000000e0 -2.23238133473561855e-10 4.99999999499999936e-9 5.00000000000000000e0 0.00000000000000000e0 0.00000000000000000e0 1.36352147287456668e-3 6.80000000000000049e-2 0.00000000000000000e0 3.06694480480856346e-2 1.39318834513299632e-17 -8.94194498945966064e-11 5.00000000000000000e0 5.00000000000000000e0 0.00000000000000000e0 0.00000000000000000e0 3.01115577497073938e-9 4.00266398048046482e-9 4.00266398048044745e-9 0.00000000000000000e0
4.97842835338732476e-7 1.59787745273114769e-2 -1.58719724074564833e-2 -6.39913102262745781e-6 3.51957599069562686e-23 1.85240841650755085e-13 5.13275727727186413e-8 5.00458142073138906e-11 1.56200097116822195e-5 7.53278727396397146e-8 0.00000000000000000e0 6.77700898058125211e-20 5.00000047733874009e0 -1.26251531946517599e-289 2.52555115070290181e0 0.00000000000000000e0 0.00000000000000000e0 0.00000000000000000e0 0.00000000000000000e0 2.74378217098705303e-43 5.78640525090936495e-9 4.97842835338732476e-7 0.00000000000000000e0 -2.45464800840781921e-10 4.99999999499999936e-9 5.00000000000000000e0 0.00000000000000000e0 0.00000000000000000e0 1.41891153522292124e-3 6.80000000000000049e-2 0.00000000000000000e0 3.18507469347679567e-2 1.56200097116822043e-17 -9.44313936197866583e-11 5.00000000000000000e0 5.00000000000000000e0 0.00000000000000000e0 0.00000000000000000e0 3.32403822437754233e-9 4.22568373953772799e-9 4.22568373953774122e-9 0.00000000000000000e0
5.00000000000000083e-7 1.60477757564283854e-2 -1.59409812088820747e-2 -6.39914104588745758e-6 3.58074271445451836e-23 1.88460142901834722e-13 5.16329920545192564e-8 5.06051430117691527e-11 1.58231796147838590e-5 7.60737542925794119e-8 0.00000000000000000e0 6.77700898058125211e-20 4.99999952354556232e0 -1.26251272134809323e-289 2.52932667690819413e0 0.00000000000000000e0 0.00000000000000000e0 0.00000000000000000e0 0.00000000000000000e0 2.75567104337273658e-43 5.84805125881787134e-9 5.00000000000000083e-7 0.00000000000000000e0 -2.48087514480117980e-10 4.99999999499999936e-9 5.00000000000000000e0 0.00000000000000000e0 0.00000000000000000e0 1.42538274926917860e-3 6.80000000000000049e-2 0.00000000000000000e0 3.19887569653104636e-2 1.58231796147838415e-17 -9.49960245882576615e-11 5.00000000000000000e0 5.00000000000000000e0 0.00000000000000000e0 0.00000000000000000e0 3.36111219125782141e-9 4.25081141321275254e-9 4.25081141321301228e-9 0.00000000000000000e0
5.01840199131880839e-7 1.61066363294357154e-2 -1.59998520000677220e-2 -6.39914844872968569e-6 3.63370651319363786e-23 1.91247711257054839e-13 5.18905651560483917e-8 5.10838880974872887e-11 1.59978767295287615e-5 7.67100005749419334e-8 0.00000000000000000e0 6.77700898058125211e-20 4.99999999974122655e0 -1.26251050499457866e-289 2.53251285997942110e0 0.00000000000000000e0 0.00000000000000000e0 0.00000000000000000e0 0.00000000000000000e0 2.76581301029626467e-43 5.90070576959713695e-9 5.01840199131880839e-7 0.00000000000000000e0 -2.50329443753954163e-10 4.99999999499999936e-9 5.00000000000000000e0 0.00000000000000000e0 0.00000000000000000e0 1.43090311721599415e-3 6.80000000000000049e-2 0.00000000000000000e0 3.21064883295034409e-2 1.59978767295287471e-17 -9.54728230063219108e-11 5.00000000000000000e0 5.00000000000000000e0 0.00000000000000000e0 0.00000000000000000e0 3.39284269241534901e-9 4.27199940105099661e-9 4.27199940105094449e-9 0.00000000000000000e0
5.05520597395642351e-7 1.62243580107672945e-2 -1.61175930470756554e-2 -6.39916648149940759e-6 3.74062667520486917e-23 1.96875088206083604e-13 5.24019218743176383e-8 5.20432878587788404e-11 1.63489911617607763e-5 7.79822635674024013e-8 0.00000000000000000e0 6.77700898058125211e-20 5.00000000025849367e0 -1.26250607229533598e-289 2.53884208893068353e0 0.00000000000000000e0 0.00000000000000000e0 0.00000000000000000e0 0.00000000000000000e0 2.78609694414331846e-43 6.00608373631786642e-9 5.05520597395642351e-7 0.00000000000000000e0 -2.54818515973723110e-10 4.99999999499999936e-9 5.00000000000000000e0 0.00000000000000000e0 0.00000000000000000e0 1.44194386444489522e-3 6.80000000000000049e-2 0.00000000000000000e0 3.23419510578429464e-2 1.63489911617607615e-17 -9.64191296216673918e-11 5.00000000000000000e0 5.00000000000000000e0 0.00000000000000000e0 0.00000000000000000e0 3.45642751803818395e-9 4.31406512745463724e-9 4.31406512745461408e-9 0.00000000000000000e0
5.12881393923165481e-7 1.64597945018747395e-2 -1.63530820124597985e-2 -6.39919970750468803e-6 3.96044383364561636e-23 2.08444412336742159e-13 5.34014101715888982e-8 5.39727056660795624e-11 1.70613846943677525e-5 8.05240486102349895e-8 0.00000000000000000e0 6.77700898058125211e-20 4.99999999974164755e0 -1.26249720694357099e-289 2.55124520428703860e0 0.00000000000000000e0 0.00000000000000000e0 0.00000000000000000e0 0.00000000000000000e0 2.82666481183742605e-43 6.21714009883131987e-9 5.12881393923165481e-7 0.00000000000000000e0 -2.63823609725947854e-10 4.99999999499999936e-9 5.00000000000000000e0 0.00000000000000000e0 0.00000000000000000e0 1.46402542363853320e-3 6.80000000000000049e-2 0.00000000000000000e0 3.28128765143345380e-2 1.70613846943677372e-17 -9.82695467640773268e-11 5.00000000000000000e0 5.00000000000000000e0 0.00000000000000000e0 0.00000000000000000e0 3.58428408358285458e-9 4.39628250436502301e-9 4.39628250436505940e-9 0.00000000000000000e0
5.26243656360992637e-7 1.68871691762793145e-2 -1.67805916579790056e-2 -6.39926132853241292e-6 4.37999217330090252e-23 2.30525903901742170e-13 5.51331334583280529e-8 5.75047435088659383e-11 1.83879673076151128e-5 8.51182184403141212e-8 0.00000000000000000e0 6.77700898058125211e-20 5.00000000025827607e0 -1.26248111357857703e-289 2.57291773151769254e0 0.00000000000000000e0 0.00000000000000000e0 0.00000000000000000e0 0.00000000000000000e0 2.90030881118516058e-43 6.60040823709871692e-9 5.26243656360992637e-7 0.00000000000000000e0 -2.80228460395767240e-10 4.99999999499999936e-9 5.00000000000000000e0 0.00000000000000000e0 0.00000000000000000e0 1.50411090042107116e-3 6.80000000000000049e-2 0.00000000000000000e0 3.36677608342583201e-2 1.83879673076150961e-17 -1.01478266283963532e-10 5.00000000000000000e0 5.00000000000000000e0 0.00000000000000000e0 0.00000000000000000e0 3.81828117366428005e-9 4.53872098703934097e-9 4.53872098703936165e-9 0.00000000000000000e0
5.43655844662476218e-7 1.74440473588963682e-2 -1.73377019789230404e-2 -6.39934150771515053e-6 4.96667829698374885e-23 2.61404120943548317e-13 5.72211780631421146e-8 6.21455480642455175e-11 2.01773997569192922e-5 9.10366827190681671e-8 0.00000000000000000e0 6.77700898058125211e-20 4.99999999974178344e0 -1.26246014283451850e-289 2.59959973465687311e0 0.00000000000000000e0 0.00000000000000000e0 0.00000000000000000e0 0.00000000000000000e0 2.99627333739346487e-43 7.09760502322434631e-9 5.43655844662476218e-7 0.00000000000000000e0 -3.01621205984362796e-10 4.99999999499999936e-9 5.00000000000000000e0 0.00000000000000000e0 0.00000000000000000e0 1.55634608065773950e-3 6.80000000000000049e-2 0.00000000000000000e0 3.47817493378194120e-2 2.01773997569192715e-17 -1.05352786691630625e-10 5.00000000000000000e0 5.00000000000000000e0 0.00000000000000000e0 0.00000000000000000e0 4.12560959622013084e-9 4.71044354909822798e-9 4.71044354909823046e-9 0.00000000000000000e0
5.61818128197670672e-7 1.80248977705382042e-2 -1.79188292968178869e-2 -6.39942568869678041e-6 5.62708300810902091e-23 2.96162263640956125e-13 5.91855656963836526e-8 6.70035237446837956e-11 2.21111682232418438e-5 9.70842572271890498e-8 0.00000000000000000e0 6.77700898058125211e-20 5.00000000025815883e0 -1.26243826906852333e-289 2.62565732887721248e0 0.00000000000000000e0 0.00000000000000000e0 0.00000000000000000e0 0.00000000000000000e0 3.09637189503238592e-43 7.60977573327511324e-9 5.61818128197670672e-7 0.00000000000000000e0 -3.23809602055152016e-10 4.99999999499999936e-9 5.00000000000000000e0 0.00000000000000000e0 0.00000000000000000e0 1.61083180143692514e-3 6.80000000000000049e-2 0.00000000000000000e0 3.59437270673560877e-2 2.21111682232418215e-17 -1.09005186271583151e-10 5.00000000000000000e0 5.00000000000000000e0 0.00000000000000000e0 0.00000000000000000e0 4.44715743206952328e-9 4.87196576945877082e-9 4.87196576945872450e-9 0.00000000000000000e0
5.81099219534562766e-7 1.86415318657093439e-2 -1.85357514699265001e-2 -6.39951448193343264e-6 6.38226910712951753e-23 3.35908900439060492e-13 6.10234972022473203e-8 7.21430724287562091e-11 2.42310294297194974e-5 1.03310123296495293e-7 0.00000000000000000e0 6.77700898058125211e-20 4.99999999974189446e0 -1.26241504828013337e-289 2.65146808967358227e0 0.00000000000000000e0 0.00000000000000000e0 0.00000000000000000e0 0.00000000000000000e0 3.20263658519578376e-43 8.14160042541496820e-9 5.81099219534562766e-7 0.00000000000000000e0 -3.47041339227793497e-10 4.99999999499999936e-9 5.00000000000000000e0 0.00000000000000000e0 0.00000000000000000e0 1.66867414915180677e-3 6.80000000000000049e-2 0.00000000000000000e0 3.71772833356358440e-2 2.42310294297194731e-17 -1.12431639028150626e-10 5.00000000000000000e0 5.00000000000000000e0 0.00000000000000000e0 0.00000000000000000e0 4.78714423522114345e-9 5.02305375446528917e-9 5.02305375446531729e-9 0.00000000000000000e0
5.99214591943714672e-7 1.92209087908966313e-2 -1.91153510135812499e-2 -6.39959771508991082e-6 7.14219590412543998e-23 3.75905047656971465e-13 6.25148526187739462e-8 7.69221942082035744e-11 2.62778057254078977e-5 1.08931670315924873e-7 0.00000000000000000e0 6.77700898058125211e-20 5.00000000025804869e0 -1.26239323179093186e-289 2.67409346666250869e0 0.00000000000000000e0 0.00000000000000000e0 0.00000000000000000e0 0.00000000000000000e0 3.30247659957141085e-43 8.62601332655190529e-9 5.99214591943714672e-7 0.00000000000000000e0 -3.68404148893428660e-10 4.99999999499999936e-9 5.00000000000000000e0 0.00000000000000000e0 0.00000000000000000e0 1.72301959553242861e-3 6.80000000000000049e-2 0.00000000000000000e0 3.83362598044778846e-2 2.62778057254078703e-17 -1.15221626581382962e-10 5.00000000000000000e0 5.00000000000000000e0 0.00000000000000000e0 0.00000000000000000e0 5.10308594403644009e-9 5.14561476026709878e-9 5.14561476026705163e-9 0.00000000000000000e0
6.17943293966414903e-7 1.98199488091249515e-2 -1.97145267654700515e-2 -6.39968266978596656e-6 7.97843777545460753e-23 4.19917777735290063e-13 6.38189109118578494e-8 8.17792076712378759e-11 2.84416766656696104e-5 1.14468277179061642e-7 0.00000000000000000e0 6.77700898058125211e-20 4.99999999974200637e0 -1.26237067706057335e-289 2.69594237590247499e0 0.00000000000000000e0 0.00000000000000000e0 0.00000000000000000e0 0.00000000000000000e0 3.40569688325923278e-43 9.10729529490603477e-9 6.17943293966414903e-7 0.00000000000000000e0 -3.89858863717079262e-10 4.99999999499999936e-9 5.00000000000000000e0 0.00000000000000000e0 0.00000000000000000e0 1.77920516415418055e-3 6.80000000000000049e-2 0.00000000000000000e0 3.95344755745950030e-2 2.84416766656695894e-17 -1.17672361667466569e-10 5.00000000000000000e0 5.00000000000000000e0 0.00000000000000000e0 0.00000000000000000e0 5.42395265956683936e-9 5.25274363791745150e-9 5.25274363791741097e-9 0.00000000000000000e0
6.36064070259707117e-7 2.03996105061250259e-2 -2.02941872606827375e-2 -6.39976417445009549e-6 8.83548477975881425e-23 4.65025514812502979e-13 6.48575275439716946e-8 8.63691819334757191e-11 3.05740490026030505e-5 1.19525092061803411e-7 0.00000000000000000e0 6.77700898058125211e-20 5.00000000025793589e0 -1.26234885483102385e-289 2.71568634681548682e0 0.00000000000000000e0 0.00000000000000000e0 0.00000000000000000e0 0.00000000000000000e0 3.50556668028895302e-43 9.55080913803855658e-9 6.36064070259707117e-7 0.00000000000000000e0 -4.09875541393786532e-10 4.99999999499999936e-9 5.00000000000000000e0 0.00000000000000000e0 0.00000000000000000e0 1.83356709062671482e-3 6.80000000000000049e-2 0.00000000000000000e0 4.06937977668077600e-2 3.05740490026030191e-17 -1.19636434711157064e-10 5.00000000000000000e0 5.00000000000000000e0 0.00000000000000000e0 0.00000000000000000e0 5.72694376124421434e-9 5.33802476900916965e-9 5.33802476900922259e-9 0.00000000000000000e0
6.54740602570444991e-7 2.09971392983916878e-2 -2.08915365462073246e-2 -6.39984682505867486e-6 9.76680855373880390e-23 5.14042555557605157e-13 6.57109679804826817e-8 9.09607023861358908e-11 3.28040494325456894e-5 1.24399497341229397e-7 0.00000000000000000e0 6.77700898058125211e-20 4.99999999974211917e0 -1.26232636371858449e-289 2.73469553307259305e0 0.00000000000000000e0 0.00000000000000000e0 0.00000000000000000e0 0.00000000000000000e0 3.60849943884758587e-43 9.98221606818170435e-9 6.54740602570444991e-7 0.00000000000000000e0 -4.29623179679966263e-10 4.99999999499999936e-9 5.00000000000000000e0 0.00000000000000000e0 0.00000000000000000e0 1.88959636624581808e-3 6.80000000000000049e-2 0.00000000000000000e0 4.18886758445990159e-2 3.28040494325456551e-17 -1.21264654992807466e-10 5.00000000000000000e0 5.00000000000000000e0 0.00000000000000000e0 0.00000000000000000e0 6.02977732203855259e-9 5.40805472639044099e-9 5.40805472639039301e-9 0.00000000000000000e0
6.72967826248559832e-7 2.15803989420177839e-2 -2.14744093297480516e-2 -6.39992652193277500e-6 1.07211625248905865e-22 5.64271711943558325e-13 6.63481149895816799e-8 9.52838084652310309e-11 3.50051625081657591e-5 1.28806455778507907e-7 0.00000000000000000e0 6.77700898058125211e-20 5.00000000025782398e0 -1.26230441407025308e-289 2.75202096492676329e0 0.00000000000000000e0 0.00000000000000000e0 0.00000000000000000e0 0.00000000000000000e0 3.70895590382930174e-43 1.03758741762998851e-8 6.72967826248559832e-7 0.00000000000000000e0 -4.47938408680984470e-10 4.99999999499999936e-9 5.00000000000000000e0 0.00000000000000000e0 0.00000000000000000e0 1.94427779482980127e-3 6.80000000000000049e-2 0.00000000000000000e0 4.30548082717658320e-2 3.50051625081657240e-17 -1.22496323132675758e-10 5.00000000000000000e0 5.00000000000000000e0 0.00000000000000000e0 0.00000000000000000e0 6.31463578355249820e-9 5.46028697910290666e-9 5.46028697910284545e-9 0.00000000000000000e0
6.91579874725632184e-7 2.21760982492408242e-2 -2.20694625809044823e-2 -6.40000656179640082e-6 1.17401596675048774e-22 6.17903140512395211e-13 6.68210597141961208e-8 9.95187785928713528e-11 3.72715545094336935e-5 1.32936900487394116e-7 0.00000000000000000e0 6.77700898058125211e-20 4.99999999974223108e0 -1.26228200140101098e-289 2.76854548434829573e0 0.00000000000000000e0 0.00000000000000000e0 0.00000000000000000e0 0.00000000000000000e0 3.81153326992153862e-43 1.07482756818047743e-8 6.91579874725632184e-7 0.00000000000000000e0 -4.65590610512367066e-10 4.99999999499999936e-9 5.00000000000000000e0 0.00000000000000000e0 0.00000000000000000e0 2.00011374870848755e-3 6.80000000000000049e-2 0.00000000000000000e0 4.42455608301453029e-2 3.72715545094336667e-17 -1.23429659562261983e-10 5.00000000000000000e0 5.00000000000000000e0 0.00000000000000000e0 0.00000000000000000e0 6.59339169682393069e-9 5.49900271096333372e-9 5.49900271096332132e-9 0.00000000000000000e0
7.09858657621054328e-7 2.27612693160916917e-2 -2.26537225674989171e-2 -6.40008423488658273e-6 1.27827568133908331e-22 6.72776674516818870e-13 6.71357627937245151e-8 1.03488254209992022e-10 3.95104471653879083e-5 1.36625945745017180e-7 0.00000000000000000e0 6.77700898058125211e-20 5.00000000025771296e0 -1.26225999043848201e-289 2.78370173592504688e0 0.00000000000000000e0 0.00000000000000000e0 0.00000000000000000e0 0.00000000000000000e0 3.91227389538756041e-43 1.10839767887684004e-8 7.09858657621054328e-7 0.00000000000000000e0 -4.81847477552002910e-10 4.99999999499999936e-9 5.00000000000000000e0 0.00000000000000000e0 0.00000000000000000e0 2.05494995206800899e-3 6.80000000000000049e-2 0.00000000000000000e0 4.54149918835906052e-2 3.95104471653878711e-17 -1.24072806488419826e-10 5.00000000000000000e0 5.00000000000000000e0 0.00000000000000000e0 0.00000000000000000e0 6.85436516903168084e-9 5.52470376124171510e-9 5.52470376069516957e-9 0.00000000000000000e0
7.28419872933017451e-7 2.33556351340322883e-2 -2.32468571241382510e-2 -6.40016207623106403e-6 1.38818074639566411e-22 7.30621445610220243e-13 6.73326057250313587e-8 1.07317975790193811e-10 4.17925349448605260e-5 1.40003716454464771e-7 0.00000000000000000e0 6.77700898058125211e-20 4.99999999974234210e0 -1.26223763976922605e-289 2.79807709368724611e0 0.00000000000000000e0 0.00000000000000000e0 0.00000000000000000e0 0.00000000000000000e0 4.01457110251753114e-43 1.13941186076536498e-8 7.28419872933017451e-7 0.00000000000000000e0 -4.97238558035651731e-10 4.99999999499999936e-9 5.00000000000000000e0 0.00000000000000000e0 0.00000000000000000e0 2.11063348398097704e-3 6.80000000000000049e-2 0.00000000000000000e0 4.66024922581705359e-2 4.17925349448604870e-17 -1.24501863760861361e-10 5.00000000000000000e0 5.00000000000000000e0 0.00000000000000000e0 0.00000000000000000e0 7.10582362297224003e-9 5.54071006795997377e-9 5.54071006795993489e-9 0.00000000000000000e0
7.46739734523458754e-7 2.39424332955653733e-2 -2.38321181243424003e-2 -6.40023832380876012e-6 1.50043351369079768e-22 7.89701849460989559e-13 6.74366825900070411e-8 1.10895619002616938e-10 4.40499131135910167e-5 1.42986032784964164e-7 0.00000000000000000e0 6.77700898058125211e-20 5.00000000025760105e0 -1.26221558011674783e-289 2.81132827799959362e0 0.00000000000000000e0 0.00000000000000000e0 0.00000000000000000e0 0.00000000000000000e0 4.11553812672427964e-43 1.16702442301134851e-8 7.46739734523458754e-7 0.00000000000000000e0 -5.11329529554289347e-10 4.99999999499999936e-9 5.00000000000000000e0 0.00000000000000000e0 0.00000000000000000e0 2.16559298194217648e-3 6.80000000000000049e-2 0.00000000000000000e0 4.77745514199077737e-2 4.40499131135909813e-17 -1.24760710967818584e-10 5.00000000000000000e0 5.00000000000000000e0 0.00000000000000000e0 0.00000000000000000e0 7.34039447687706337e-9 5.54909533884704725e-9 5.54909533884706379e-9 0.00000000000000000e0
7.65265780562586116e-7 2.45360052369336563e-2 -2.44237965104000497e-2 -6.40031498931603604e-6 1.61754974396455861e-22 8.51341970669417390e-13 6.74846275598755916e-8 1.14310583052375019e-10 4.63352007514230088e-5 1.45667438017359335e-7 0.00000000000000000e0 6.77700898058125211e-20 4.99999999974245402e0 -1.26219327258193630e-289 2.82384458241493430e0 0.00000000000000000e0 0.00000000000000000e0 0.00000000000000000e0 0.00000000000000000e0 4.21764150396070714e-43 1.19202769733881033e-8 7.65265780562586116e-7 0.00000000000000000e0 -5.24497580578935410e-10 4.99999999499999936e-9 5.00000000000000000e0 0.00000000000000000e0 0.00000000000000000e0 2.22117105237594438e-3 6.80000000000000049e-2 0.00000000000000000e0 4.89598017473337060e-2 4.63352007514229593e-17 -1.24918052152586886e-10 5.00000000000000000e0 5.00000000000000000e0 0.00000000000000000e0 0.00000000000000000e0 7.56394940544704010e-9 5.55287293692894509e-9 5.55287293692898480e-9 0.00000000000000000e0
7.83615657010847362e-7 2.51241044814695391e-2 -2.50096766988725204e-2 -6.40039099550349100e-6 1.73691387216086280e-22 9.14165196047829773e-13 6.75097418211711128e-8 1.17498227134283207e-10 4.85999176487470288e-5 1.48019470371775262e-7 0.00000000000000000e0 6.77700898058125211e-20 5.00000000025748914e0 -1.26217117756489695e-289 2.83542309361275136e0 0.00000000000000000e0 0.00000000000000000e0 0.00000000000000000e0 0.00000000000000000e0 4.31877395031658798e-43 1.21407039966925705e-8 7.83615657010847362e-7 0.00000000000000000e0 -5.36522316058488537e-10 4.99999999499999936e-9 5.00000000000000000e0 0.00000000000000000e0 0.00000000000000000e0 2.27622063013623206e-3 6.80000000000000049e-2 0.00000000000000000e0 5.01337811803420630e-2 4.85999176487469834e-17 -1.25033347062894478e-10 5.00000000000000000e0 5.00000000000000000e0 0.00000000000000000e0 0.00000000000000000e0 7.77227079588235977e-9 5.55478946133610398e-9 5.55478946133607337e-9 0.00000000000000000e0
8.02115797196442332e-7 2.57171930972065962e-2 -2.56001810137119375e-2 -6.40046802459492969e-6 1.86044079103678207e-22 9.79179363889613658e-13 6.75480524024357629e-8 1.20526958924760406e-10 5.08841944402612241e-5 1.50119685507006280e-7 0.00000000000000000e0 6.77700898058125211e-20 4.99999999974256593e0 -1.26214890200765834e-289 2.84632620937012204e0 0.00000000000000000e0 0.00000000000000000e0 0.00000000000000000e0 0.00000000000000000e0 4.42073455153215101e-43 1.23378709399830500e-8 8.02115797196442332e-7 0.00000000000000000e0 -5.47698618710989289e-10 4.99999999499999936e-9 5.00000000000000000e0 0.00000000000000000e0 0.00000000000000000e0 2.33172101072901027e-3 6.80000000000000049e-2 0.00000000000000000e0 5.13173741109185372e-2 5.08841944402611718e-17 -1.25173809948839378e-10 5.00000000000000000e0 5.00000000000000000e0 0.00000000000000000e0 0.00000000000000000e0 7.96985197072472026e-9 5.55780933541695931e-9 5.55780933541714873e-9 0.00000000000000000e0
8.20487500888057076e-7 2.63063339272936493e-2 -2.61864160644659921e-2 -6.40054548346757901e-6 1.98609081398393338e-22 1.04531095492699515e-12 6.76337492581981132e-8 1.23366464604225798e-10 5.31546458966220887e-5 1.51976568988386738e-7 0.00000000000000000e0 6.77700898058125211e-20 5.00000000025737723e0 -1.26212678148690143e-289 2.85643864640070122e0 0.00000000000000000e0 0.00000000000000000e0 0.00000000000000000e0 0.00000000000000000e0 4.52198729529296206e-43 1.25116540833889365e-8 8.20487500888057076e-7 0.00000000000000000e0 -5.57955894300374070e-10 4.99999999499999936e-9 5.00000000000000000e0 0.00000000000000000e0 0.00000000000000000e0 2.38683609138995402e-3 6.80000000000000049e-2 0.00000000000000000e0 5.24927499917596380e-2 5.31546458966220415e-17 -1.25400960554845109e-10 5.00000000000000000e0 5.00000000000000000e0 0.00000000000000000e0 0.00000000000000000e0 8.15474357661992054e-9 5.56475005745644619e-9 5.56475005745638663e-9 0.00000000000000000e0
8.38968803793909105e-7 2.68991540532056393e-2 -2.67759837018241402e-2 -6.40062483003855931e-6 2.11531940196840750e-22 1.11332600124753596e-12 6.78019915334318969e-8 1.26073819647865897e-10 5.54428918676008717e-5 1.53660832920224364e-7 0.00000000000000000e0 6.77700898058125211e-20 4.99999999974267872e0 -1.26210452939420690e-289 2.86594013140167680e0 0.00000000000000000e0 0.00000000000000000e0 0.00000000000000000e0 0.00000000000000000e0 4.62384407781587571e-43 1.26677649969202519e-8 8.38968803793909105e-7 0.00000000000000000e0 -5.67548742736049742e-10 4.99999999499999936e-9 5.00000000000000000e0 0.00000000000000000e0 0.00000000000000000e0 2.44227997672074844e-3 6.80000000000000049e-2 0.00000000000000000e0 5.36751377550297795e-2 5.54428918676008154e-17 -1.25780159128962575e-10 5.00000000000000000e0 5.00000000000000000e0 0.00000000000000000e0 0.00000000000000000e0 8.33069957644122331e-9 5.57850497071212613e-9 5.57850497071227089e-9 0.00000000000000000e0
8.57356469287864357e-7 2.74891256045069823e-2 -2.73624092226406115e-2 -6.40070579450979782e-6 2.24656560341111242e-22 1.18240294938839988e-12 6.80829991266811867e-8 1.28642563211170157e-10 5.77270654054853403e-5 1.55203647177632717e-7 0.00000000000000000e0 6.77700898058125211e-20 5.00000000025726532e0 -1.26208239043361432e-289 2.87476929498203271e0 0.00000000000000000e0 0.00000000000000000e0 0.00000000000000000e0 0.00000000000000000e0 4.72518479252971068e-43 1.28082711270680744e-8 8.57356469287864357e-7 0.00000000000000000e0 -5.76506688597677758e-10 4.99999999499999936e-9 5.00000000000000000e0 0.00000000000000000e0 0.00000000000000000e0 2.49744295548873663e-3 6.80000000000000049e-2 0.00000000000000000e0 5.48515348271475939e-2 5.77270654054852798e-17 -1.26365988922297862e-10 5.00000000000000000e0 5.00000000000000000e0 0.00000000000000000e0 0.00000000000000000e0 8.49734401745211834e-9 5.60156290942794399e-9 5.60156290942789436e-9 0.00000000000000000e0
8.75824056222494233e-7 2.80818052270072442e-2 -2.79512398444570279e-2 -6.40078965721824211e-6 2.38094686131801886e-22 1.25312992724757846e-12 6.85090258666151244e-8 1.31123972949500515e-10 6.00330834790833797e-5 1.56673135340200516e-7 0.00000000000000000e0 6.77700898058125211e-20 4.99999999974278975e0 -1.26206015563782787e-289 2.88305163396073150e0 0.00000000000000000e0 0.00000000000000000e0 0.00000000000000000e0 0.00000000000000000e0 4.82696598164316674e-43 1.29386945638005526e-8 8.75824056222494233e-7 0.00000000000000000e0 -5.85065988182769653e-10 4.99999999499999936e-9 5.00000000000000000e0 0.00000000000000000e0 0.00000000000000000e0 2.55284570281042638e-3 6.80000000000000049e-2 0.00000000000000000e0 5.60330450714642686e-2 6.00330834790833094e-17 -1.27218307941868080e-10 5.00000000000000000e0 5.00000000000000000e0 0.00000000000000000e0 0.00000000000000000e0 8.65805620148352879e-9 5.63657793567620774e-9 5.63657793567622345e-9 0.00000000000000000e0
8.94223368911585551e-7 2.86724226899168592e-2 -2.85377646068769517e-2 -6.40087634244668191e-6 2.51729897837784608e-22 1.32489419939796481e-12 6.91031232191441950e-8 1.33527267866602136e-10 6.23477255233593179e-5 1.58112255819377327e-7 0.00000000000000000e0 6.77700898058125211e-20 5.00000000025715430e0 -1.26203800343338106e-289 2.89075855446130481e0 0.00000000000000000e0 0.00000000000000000e0 0.00000000000000000e0 0.00000000000000000e0 4.92837088803374537e-43 1.30623670291217431e-8 8.94223368911585551e-7 0.00000000000000000e0 -5.93317806017174712e-10 4.99999999499999936e-9 5.00000000000000000e0 0.00000000000000000e0 0.00000000000000000e0 2.60804363076480453e-3 6.80000000000000049e-2 0.00000000000000000e0 5.72101872967938074e-2 6.23477255233592489e-17 -1.28378826642939529e-10 5.00000000000000000e0 5.00000000000000000e0 0.00000000000000000e0 0.00000000000000000e0 8.81349157781361186e-9 5.68544730090717602e-9 5.68544730090709165e-9 0.00000000000000000e0
9.12680961198795280e-7 2.92650235737701159e-2 -2.91260345292015631e-2 -6.40096695805891791e-6 2.65650061920608464e-22 1.39815822090043145e-12 6.98919777134460683e-8 1.35900337633886648e-10 6.46930356744152571e-5 1.59586726482786939e-7 0.00000000000000000e0 6.77700898058125211e-20 4.99999999974290166e0 -1.26201578145302844e-289 2.89797963656482072e0 0.00000000000000000e0 0.00000000000000000e0 0.00000000000000000e0 0.00000000000000000e0 5.03009699322623266e-43 1.31847062956788293e-8 9.12680961198795280e-7 0.00000000000000000e0 -6.01487261266925598e-10 4.99999999499999936e-9 5.00000000000000000e0 0.00000000000000000e0 0.00000000000000000e0 2.66341640005037916e-3 6.80000000000000049e-2 0.00000000000000000e0 5.83910581029716824e-2 6.46930356744151891e-17 -1.29897082573105955e-10 5.00000000000000000e0 5.00000000000000000e0 0.00000000000000000e0 0.00000000000000000e0 8.96681196086574752e-9 5.75036636695161530e-9 5.75036636695152845e-9 0.00000000000000000e0
9.31088772706818502e-7 2.98561200800928697e-2 -2.97126239759146794e-2 -6.40106151765518216e-6 2.79771472121641644e-22 1.47248143249893814e-12 7.08894604119224006e-8 1.38261557436200161e-10 6.70620926436246538e-5 1.61142791313007220e-7 0.00000000000000000e0 6.77700898058125211e-20 5.00000000025704239e0 -1.26199361979610287e-289 2.90470580185618088e0 0.00000000000000000e0 0.00000000000000000e0 0.00000000000000000e0 0.00000000000000000e0 5.13154873951527867e-43 1.33095739493657746e-8 9.31088772706818502e-7 0.00000000000000000e0 -6.09696662653179627e-10 4.99999999499999936e-9 5.00000000000000000e0 0.00000000000000000e0 0.00000000000000000e0 2.71863982899577536e-3 6.80000000000000049e-2 0.00000000000000000e0 5.95687440560075526e-2 6.70620926436245815e-17 -1.31798164154894998e-10 5.00000000000000000e0 5.00000000000000000e0 0.00000000000000000e0 0.00000000000000000e0 9.11927173358008292e-9 5.83247551154102234e-9 5.83247551154100166e-9 0.00000000000000000e0
9.49539081900838564e-7 3.04486552704231923e-2 -3.03004936318894968e-2 -6.40116093970910516e-6 2.94165792755636449e-22 1.54824101479751561e-12 7.21142111425346851e-8 1.40655655177857339e-10 6.94741228915657312e-5 1.62841462863810186e-7 0.00000000000000000e0 6.77700898058125211e-20 4.99999999974301268e0 -1.26197140736585167e-289 2.91100253906342621e0 0.00000000000000000e0 0.00000000000000000e0 0.00000000000000000e0 0.00000000000000000e0 5.23323470508974932e-43 1.34421359641193907e-8 9.49539081900838564e-7 0.00000000000000000e0 -6.18157360130443167e-10 4.99999999499999936e-9 5.00000000000000000e0 0.00000000000000000e0 0.00000000000000000e0 2.77399075251148416e-3 6.80000000000000049e-2 0.00000000000000000e0 6.07491489023126857e-2 6.94741228915656747e-17 -1.34116783205068396e-10 5.00000000000000000e0 5.00000000000000000e0 0.00000000000000000e0 0.00000000000000000e0 9.27382761087065590e-9 5.93330718031711862e-9 5.93330718031714591e-9 0.00000000000000000e0
9.67953093801346828e-7 3.10400776634559977e-2 -3.08871538717628395e-2 -6.40126523904216427e-6 3.08776079877513886e-22 1.62513726282200703e-12 7.35698528195349578e-8 1.43104866838599563e-10 7.19265599170648907e-5 1.64725569412336605e-7 0.00000000000000000e0 6.77700898058125211e-20 5.00000000025693048e0 -1.26194923902418095e-289 2.91687202037971183e0 0.00000000000000000e0 0.00000000000000000e0 0.00000000000000000e0 0.00000000000000000e0 5.33472062386285287e-43 1.35861930771824531e-8 9.67953093801346828e-7 0.00000000000000000e0 -6.26998273114486848e-10 4.99999999499999936e-9 5.00000000000000000e0 0.00000000000000000e0 0.00000000000000000e0 2.82923278532548573e-3 6.80000000000000049e-2 0.00000000000000000e0 6.19272315352188407e-2 7.19265599170648298e-17 -1.36859397069756646e-10 5.00000000000000000e0 5.00000000000000000e0 0.00000000000000000e0 0.00000000000000000e0 9.43198197171850352e-9 6.05315729280908916e-9 6.05315729280907924e-9 0.00000000000000000e0
9.86914521180960625e-7 3.16491143263802968e-2 -3.14912221179851279e-2 -6.40137826610209792e-6 3.24083986969506610e-22 1.70570519490043462e-12 7.53160557354621895e-8 1.45722633595410760e-10 7.45074460622269875e-5 1.66911351002592087e-7 0.00000000000000000e0 6.77700898058125211e-20 4.99999999974312281e0 -1.26192641206477807e-289 2.92251185551528980e0 0.00000000000000000e0 0.00000000000000000e0 0.00000000000000000e0 0.00000000000000000e0 5.43922353660488376e-43 1.37511564153609346e-8 9.86914521180960625e-7 0.00000000000000000e0 -6.36682312946663397e-10 4.99999999499999936e-9 5.00000000000000000e0 0.00000000000000000e0 0.00000000000000000e0 2.88611706542548111e-3 6.80000000000000049e-2 0.00000000000000000e0 6.31403364443654247e-2 7.45074460622269389e-17 -1.40138010785931308e-10 5.00000000000000000e0 5.00000000000000000e0 0.00000000000000000e0 0.00000000000000000e0 9.60112856003402164e-9 6.19693641381732214e-9 6.19693641381736267e-9 0.00000000000000000e0
1.00769881618449780e-6 3.23167107671131146e-2 -3.21533531142663490e-2 -6.40150905409364590e-6 3.41184854051488054e-22 1.79570975850691150e-12 7.75157069585345079e-8 1.48741837120894943e-10 7.74114782801835053e-5 1.69645740481674675e-7 0.00000000000000000e0 6.77700898058125211e-20 5.00000000025682745e0 -1.26190139109729949e-289 2.92825572697744141e0 0.00000000000000000e0 0.00000000000000000e0 0.00000000000000000e0 0.00000000000000000e0 5.55377289640121435e-43 1.39561803028327848e-8 1.00769881618449780e-6 0.00000000000000000e0 -6.48159863228495299e-10 4.99999999499999936e-9 5.00000000000000000e0 0.00000000000000000e0 0.00000000000000000e0 2.94846994902245134e-3 6.80000000000000049e-2 0.00000000000000000e0 6.44700638813794635e-2 7.74114782801834253e-17 -1.44256878630022032e-10 5.00000000000000000e0 5.00000000000000000e0 0.00000000000000000e0 0.00000000000000000e0 9.79640849082586889e-9 6.37805378232806282e-9 6.37805378232811576e-9 0.00000000000000000e0
1.03068514200353894e-6 3.30550131758298171e-2 -3.28856585860024114e-2 -6.40166238419226374e-6 3.60513165351848081e-22 1.89743771273866093e-12 8.02829334423976719e-8 1.52308266836947738e-10 8.07276357864395019e-5 1.73138213947430522e-7 0.00000000000000000e0 6.77700898058125211e-20 4.99999999974321696e0 -1.26187371981496652e-289 2.93411426086970861e0 0.00000000000000000e0 0.00000000000000000e0 0.00000000000000000e0 0.00000000000000000e0 5.68045840130733933e-43 1.42178436511344510e-8 1.03068514200353894e-6 0.00000000000000000e0 -6.62116874362047521e-10 4.99999999499999936e-9 5.00000000000000000e0 0.00000000000000000e0 0.00000000000000000e0 3.01742892565289326e-3 6.80000000000000049e-2 0.00000000000000000e0 6.59406717618322286e-2 8.07276357864394243e-17 -1.49427660368306628e-10 5.00000000000000000e0 5.00000000000000000e0 0.00000000000000000e0 0.00000000000000000e0 1.00273886082806065e-8 6.60590248169655529e-9 6.60590248169659913e-9 0.00000000000000000e0
1.05649171046953785e-6 3.38838232791597443e-2 -3.37078884582031960e-2 -6.40184547182065522e-6 3.82774104056071118e-22 2.01460054804630626e-12 8.37758199724035515e-8 1.56650008181294779e-10 8.45984574265323401e-5 1.77703269587210497e-7 0.00000000000000000e0 6.77700898058125211e-20 5.00000000025674307e0 -1.26184265420590895e-289 2.94012438847359459e0 0.00000000000000000e0 0.00000000000000000e0 0.00000000000000000e0 0.00000000000000000e0 5.82268722820847890e-43 1.45613660907396483e-8 1.05649171046953785e-6 0.00000000000000000e0 -6.79609637678376310e-10 4.99999999499999936e-9 5.00000000000000000e0 0.00000000000000000e0 0.00000000000000000e0 3.09484863077500848e-3 6.80000000000000049e-2 0.00000000000000000e0 6.75917117373629472e-2 8.45984574265322654e-17 -1.55944036178936289e-10 5.00000000000000000e0 5.00000000000000000e0 0.00000000000000000e0 0.00000000000000000e0 1.03090271755498979e-8 6.89349187197461351e-9 6.89349187197474834e-9 0.00000000000000000e0
1.08567808828422568e-6 3.48210239256985313e-2 -3.46379595637094917e-2 -6.40206621424499467e-6 4.08733569883082658e-22 2.15122931558285279e-12 8.81515393507333572e-8 1.62049188782374380e-10 8.91863230759570017e-5 1.83734777676276858e-7 0.00000000000000000e0 6.77700898058125211e-20 4.99999999974329157e0 -1.26180752094883336e-289 2.94626491568229021e0 0.00000000000000000e0 0.00000000000000000e0 0.00000000000000000e0 0.00000000000000000e0 5.98354334061822226e-43 1.50192209531135414e-8 1.08567808828422568e-6 0.00000000000000000e0 -7.01964381226962787e-10 4.99999999499999936e-9 5.00000000000000000e0 0.00000000000000000e0 0.00000000000000000e0 3.18240776446510314e-3 6.80000000000000049e-2 0.00000000000000000e0 6.94589834894080160e-2 8.91863230759569214e-17 -1.64098600634343047e-10 5.00000000000000000e0 5.00000000000000000e0 0.00000000000000000e0 0.00000000000000000e0 1.06598639644527673e-8 7.25375117193960757e-9 7.25375117193960261e-9 0.00000000000000000e0
1.11932293326123840e-6 3.59011121825447213e-2 -3.57103846718822143e-2 -6.40233742282836360e-6 4.39802263428568060e-22 2.31474875532700244e-12 9.36263226193122000e-8 1.68970334295471511e-10 9.47781923951344034e-5 1.91840533850707168e-7 0.00000000000000000e0 6.77700898058125211e-20 5.00000000025667735e0 -1.26176702200282997e-289 2.95256814876292006e0 0.00000000000000000e0 0.00000000000000000e0 0.00000000000000000e0 0.00000000000000000e0 6.16897159074205962e-43 1.56422112954397846e-8 1.11932293326123840e-6 0.00000000000000000e0 -7.31305948340102436e-10 4.99999999499999936e-9 5.00000000000000000e0 0.00000000000000000e0 0.00000000000000000e0 3.28334230013533398e-3 6.80000000000000049e-2 0.00000000000000000e0 7.16114968544269426e-2 9.47781923951343177e-17 -1.74295741643567195e-10 5.00000000000000000e0 5.00000000000000000e0 0.00000000000000000e0 0.00000000000000000e0 1.11103723693429688e-8 7.70446346030047687e-9 7.70446346030027834e-9 0.00000000000000000e0
1.15890925104686424e-6 3.71714798437671676e-2 -3.69726509897001648e-2 -6.40267632853741553e-6 4.78112069579950615e-22 2.51637931405679939e-12 1.00413517020419182e-7 1.78087325570614599e-10 1.01801539140839784e-4 2.02859334125364315e-7 0.00000000000000000e0 6.77700898058125211e-20 4.99999999974334930e0 -1.26171937285744025e-289 2.95904743330988840e0 0.00000000000000000e0 0.00000000000000000e0 0.00000000000000000e0 0.00000000000000000e0 6.38714533001325950e-43 1.65024506897560473e-8 1.15890925104686424e-6 0.00000000000000000e0 -7.70669769515847565e-10 4.99999999499999936e-9 5.00000000000000000e0 0.00000000000000000e0 0.00000000000000000e0 3.40210125470252625e-3 6.80000000000000049e-2 0.00000000000000000e0 7.41441308334673255e-2 1.01801539140839685e-16 -1.86938777781620423e-10 5.00000000000000000e0 5.00000000000000000e0 0.00000000000000000e0 0.00000000000000000e0 1.17047297504371868e-8 8.26315935025946632e-9 8.26315935025956889e-9 0.00000000000000000e0
1.20683829595596851e-6 3.87088668448102927e-2 -3.85016448402400943e-2 -6.40310770311236510e-6 5.27341625593712528e-22 2.77548224049424991e-12 1.08671054557750051e-7 1.90428954186957099e-10 1.10964501117524148e-4 2.17965074106655805e-7 0.00000000000000000e0 6.77700898058125211e-20 5.00000000025663027e0 -1.26166168417199103e-289 2.96572448873019567e0 0.00000000000000000e0 0.00000000000000000e0 0.00000000000000000e0 0.00000000000000000e0 6.65129869239831999e-43 1.77042862709034632e-8 1.20683829595596851e-6 0.00000000000000000e0 -8.24548048378071606e-10 4.99999999499999936e-9 5.00000000000000000e0 0.00000000000000000e0 0.00000000000000000e0 3.54588839110040214e-3 6.80000000000000049e-2 0.00000000000000000e0 7.72105116850503870e-2 1.10964501117524047e-16 -2.02337892524857828e-10 5.00000000000000000e0 5.00000000000000000e0 0.00000000000000000e0 0.00000000000000000e0 1.25102314630975242e-8 8.94278035562619603e-9 8.94278035562620264e-9 0.00000000000000000e0
1.26504944060024582e-6 4.05751257779195310e-2 -4.03595898422435886e-2 -6.40364710452479002e-6 5.91776818480441617e-22 3.11461483469936452e-12 1.17967726843169074e-7 2.06900204416714095e-10 1.23027510319715657e-4 2.37904046707790226e-7 0.00000000000000000e0 6.77700898058125211e-20 4.99999999974338749e0 -1.26159162322465093e-289 2.97239509913973388e0 0.00000000000000000e0 0.00000000000000000e0 0.00000000000000000e0 0.00000000000000000e0 6.97212022379395213e-43 1.93267220422714694e-8 1.26504944060024582e-6 0.00000000000000000e0 -8.96542449241880741e-10 4.99999999499999936e-9 5.00000000000000000e0 0.00000000000000000e0 0.00000000000000000e0 3.72052182709475604e-3 6.80000000000000049e-2 0.00000000000000000e0 8.09347156201631196e-2 1.23027510319715542e-16 -2.19726251559975853e-10 5.00000000000000000e0 5.00000000000000000e0 0.00000000000000000e0 0.00000000000000000e0 1.35857059721343157e-8 9.70773739116832393e-9 9.70773739116828754e-9 0.00000000000000000e0
