Info    : Running '/opt/homebrew/bin/gmsh -3 local.geo -format msh2 -o local.msh -nt 1' [Gmsh 4.15.2-git, 1 node, max. 1 thread]
Info    : Started on Wed Sep 16 14:13:55 2026
Info    : Reading 'local.geo'...
Info    : Done reading 'local.geo'
Info    : Meshing 1D...
Info    : [  0%] Meshing curve 1 (Line)
Info    : [ 10%] Meshing curve 2 (Line)
Info    : [ 10%] Meshing curve 3 (Line)
Info    : [ 10%] Meshing curve 4 (Line)
Info    : [ 10%] Meshing curve 5 (Line)
Info    : [ 10%] Meshing curve 6 (Line)
Info    : [ 10%] Meshing curve 7 (Line)
Info    : [ 10%] Meshing curve 8 (Line)
Info    : [ 10%] Meshing curve 9 (Line)
Info    : [ 10%] Meshing curve 10 (Line)
Info    : [ 10%] Meshing curve 11 (Line)
Info    : [ 10%] Meshing curve 12 (Line)
Info    : [ 10%] Meshing curve 13 (Line)
Info    : [ 10%] Meshing curve 14 (Line)
Info    : [ 10%] Meshing curve 15 (Line)
Info    : [ 10%] Meshing curve 16 (Line)
Info    : [ 10%] Meshing curve 17 (Line)
Info    : [ 10%] Meshing curve 18 (Line)
Info    : [ 10%] Meshing curve 19 (Line)
Info    : [ 10%] Meshing curve 20 (Line)
Info    : [ 10%] Meshing curve 21 (Line)
Info    : [ 10%] Meshing curve 22 (Line)
Info    : [ 10%] Meshing curve 23 (Line)
Info    : [ 10%] Meshing curve 24 (Line)
Info    : [ 10%] Meshing curve 25 (Line)
Info    : [ 10%] Meshing curve 26 (Line)
Info    : [ 10%] Meshing curve 27 (Line)
Info    : [ 10%] Meshing curve 28 (Line)
Info    : [ 10%] Meshing curve 29 (Line)
Info    : [ 10%] Meshing curve 30 (Line)
Info    : [ 10%] Meshing curve 31 (Line)
Info    : [ 10%] Meshing curve 32 (Line)
Info    : [ 10%] Meshing curve 33 (Line)
Info    : [ 10%] Meshing curve 34 (Line)
Info    : [ 10%] Meshing curve 35 (Line)
Info    : [ 10%] Meshing curve 36 (Line)
Info    : [ 10%] Meshing curve 37 (Circle)
Info    : [ 20%] Meshing curve 38 (Line)
Info    : [ 20%] Meshing curve 39 (Circle)
Info    : [ 20%] Meshing curve 40 (Circle)
Info    : [ 20%] Meshing curve 41 (Line)
Info    : [ 20%] Meshing curve 42 (Circle)
Info    : [ 20%] Meshing curve 43 (Line)
Info    : [ 20%] Meshing curve 44 (Line)
Info    : [ 20%] Meshing curve 45 (Line)
Info    : [ 20%] Meshing curve 46 (Line)
Info    : [ 20%] Meshing curve 47 (Line)
Info    : [ 20%] Meshing curve 48 (Line)
Info    : [ 20%] Meshing curve 49 (Line)
Info    : [ 20%] Meshing curve 50 (Line)
Info    : [ 20%] Meshing curve 51 (Line)
Info    : [ 20%] Meshing curve 52 (Line)
Info    : [ 20%] Meshing curve 53 (Line)
Info    : [ 20%] Meshing curve 54 (Line)
Info    : [ 20%] Meshing curve 55 (Circle)
Info    : [ 20%] Meshing curve 56 (Line)
Info    : [ 20%] Meshing curve 57 (Circle)
Info    : [ 20%] Meshing curve 58 (Circle)
Info    : [ 20%] Meshing curve 59 (Line)
Info    : [ 20%] Meshing curve 60 (Circle)
Info    : [ 20%] Meshing curve 61 (Line)
Info    : [ 20%] Meshing curve 62 (Line)
Info    : [ 20%] Meshing curve 63 (Line)
Info    : [ 20%] Meshing curve 64 (Line)
Info    : [ 20%] Meshing curve 65 (Line)
Info    : [ 20%] Meshing curve 66 (Line)
Info    : [ 20%] Meshing curve 67 (Line)
Info    : [ 20%] Meshing curve 68 (Line)
Info    : [ 20%] Meshing curve 69 (Line)
Info    : [ 20%] Meshing curve 70 (Line)
Info    : [ 20%] Meshing curve 71 (Line)
Info    : [ 20%] Meshing curve 72 (Line)
Info    : [ 20%] Meshing curve 73 (Circle)
Info    : [ 20%] Meshing curve 74 (Line)
Info    : [ 30%] Meshing curve 75 (Circle)
Info    : [ 30%] Meshing curve 76 (Circle)
Info    : [ 30%] Meshing curve 77 (Line)
Info    : [ 30%] Meshing curve 78 (Circle)
Info    : [ 30%] Meshing curve 79 (Line)
Info    : [ 30%] Meshing curve 80 (Line)
Info    : [ 30%] Meshing curve 81 (Line)
Info    : [ 30%] Meshing curve 82 (Line)
Info    : [ 30%] Meshing curve 83 (Line)
Info    : [ 30%] Meshing curve 84 (Line)
Info    : [ 30%] Meshing curve 85 (Line)
Info    : [ 30%] Meshing curve 86 (Line)
Info    : [ 30%] Meshing curve 87 (Line)
Info    : [ 30%] Meshing curve 88 (Line)
Info    : [ 30%] Meshing curve 89 (Line)
Info    : [ 30%] Meshing curve 90 (Line)
Info    : [ 30%] Meshing curve 91 (Circle)
Info    : [ 30%] Meshing curve 92 (Line)
Info    : [ 30%] Meshing curve 93 (Circle)
Info    : [ 30%] Meshing curve 94 (Circle)
Info    : [ 30%] Meshing curve 95 (Line)
Info    : [ 30%] Meshing curve 96 (Circle)
Info    : [ 30%] Meshing curve 97 (Line)
Info    : [ 30%] Meshing curve 98 (Line)
Info    : [ 30%] Meshing curve 99 (Line)
Info    : [ 30%] Meshing curve 100 (Line)
Info    : [ 30%] Meshing curve 101 (Line)
Info    : [ 30%] Meshing curve 102 (Line)
Info    : [ 30%] Meshing curve 103 (Line)
Info    : [ 30%] Meshing curve 104 (Line)
Info    : [ 30%] Meshing curve 105 (Line)
Info    : [ 30%] Meshing curve 106 (Line)
Info    : [ 30%] Meshing curve 107 (Line)
Info    : [ 30%] Meshing curve 108 (Line)
Info    : [ 30%] Meshing curve 109 (Circle)
Info    : [ 30%] Meshing curve 110 (Line)
Info    : [ 30%] Meshing curve 111 (Circle)
Info    : [ 40%] Meshing curve 112 (Circle)
Info    : [ 40%] Meshing curve 113 (Line)
Info    : [ 40%] Meshing curve 114 (Circle)
Info    : [ 40%] Meshing curve 115 (Line)
Info    : [ 40%] Meshing curve 116 (Line)
Info    : [ 40%] Meshing curve 117 (Line)
Info    : [ 40%] Meshing curve 118 (Line)
Info    : [ 40%] Meshing curve 119 (Line)
Info    : [ 40%] Meshing curve 120 (Line)
Info    : [ 40%] Meshing curve 121 (Line)
Info    : [ 40%] Meshing curve 122 (Line)
Info    : [ 40%] Meshing curve 123 (Line)
Info    : [ 40%] Meshing curve 124 (Line)
Info    : [ 40%] Meshing curve 125 (Line)
Info    : [ 40%] Meshing curve 126 (Line)
Info    : [ 40%] Meshing curve 127 (Circle)
Info    : [ 40%] Meshing curve 128 (Line)
Info    : [ 40%] Meshing curve 129 (Circle)
Info    : [ 40%] Meshing curve 130 (Circle)
Info    : [ 40%] Meshing curve 131 (Line)
Info    : [ 40%] Meshing curve 132 (Circle)
Info    : [ 40%] Meshing curve 133 (Line)
Info    : [ 40%] Meshing curve 134 (Line)
Info    : [ 40%] Meshing curve 135 (Line)
Info    : [ 40%] Meshing curve 136 (Line)
Info    : [ 40%] Meshing curve 137 (Line)
Info    : [ 40%] Meshing curve 138 (Line)
Info    : [ 40%] Meshing curve 139 (Line)
Info    : [ 40%] Meshing curve 140 (Line)
Info    : [ 40%] Meshing curve 141 (Line)
Info    : [ 40%] Meshing curve 142 (Line)
Info    : [ 40%] Meshing curve 143 (Line)
Info    : [ 40%] Meshing curve 144 (Line)
Info    : [ 40%] Meshing curve 145 (Circle)
Info    : [ 40%] Meshing curve 146 (Line)
Info    : [ 40%] Meshing curve 147 (Circle)
Info    : [ 40%] Meshing curve 148 (Circle)
Info    : [ 50%] Meshing curve 149 (Line)
Info    : [ 50%] Meshing curve 150 (Circle)
Info    : [ 50%] Meshing curve 151 (Circle)
Info    : [ 50%] Meshing curve 152 (Line)
Info    : [ 50%] Meshing curve 153 (Circle)
Info    : [ 50%] Meshing curve 154 (Circle)
Info    : [ 50%] Meshing curve 155 (Line)
Info    : [ 50%] Meshing curve 156 (Circle)
Info    : [ 50%] Meshing curve 157 (Circle)
Info    : [ 50%] Meshing curve 158 (Line)
Info    : [ 50%] Meshing curve 159 (Circle)
Info    : [ 50%] Meshing curve 160 (Circle)
Info    : [ 50%] Meshing curve 161 (Line)
Info    : [ 50%] Meshing curve 162 (Circle)
Info    : [ 50%] Meshing curve 163 (Circle)
Info    : [ 50%] Meshing curve 164 (Line)
Info    : [ 50%] Meshing curve 165 (Circle)
Info    : [ 50%] Meshing curve 166 (Circle)
Info    : [ 50%] Meshing curve 167 (Line)
Info    : [ 50%] Meshing curve 168 (Circle)
Info    : [ 50%] Meshing curve 169 (Circle)
Info    : [ 50%] Meshing curve 170 (Line)
Info    : [ 50%] Meshing curve 171 (Circle)
Info    : [ 50%] Meshing curve 172 (Circle)
Info    : [ 50%] Meshing curve 173 (Line)
Info    : [ 50%] Meshing curve 174 (Circle)
Info    : [ 50%] Meshing curve 175 (Circle)
Info    : [ 50%] Meshing curve 176 (Line)
Info    : [ 50%] Meshing curve 177 (Circle)
Info    : [ 50%] Meshing curve 178 (Circle)
Info    : [ 50%] Meshing curve 179 (Line)
Info    : [ 50%] Meshing curve 180 (Circle)
Info    : [ 50%] Meshing curve 181 (Circle)
Info    : [ 50%] Meshing curve 182 (Line)
Info    : [ 50%] Meshing curve 183 (Circle)
Info    : [ 50%] Meshing curve 184 (Circle)
Info    : [ 50%] Meshing curve 185 (Line)
Info    : [ 60%] Meshing curve 186 (Circle)
Info    : [ 60%] Meshing curve 187 (Line)
Info    : [ 60%] Meshing curve 188 (Line)
Info    : [ 60%] Meshing curve 189 (Line)
Info    : [ 60%] Meshing curve 190 (Line)
Info    : [ 60%] Meshing curve 191 (Line)
Info    : [ 60%] Meshing curve 192 (Line)
Info    : [ 60%] Meshing curve 193 (Line)
Info    : [ 60%] Meshing curve 194 (Line)
Info    : [ 60%] Meshing curve 195 (Line)
Info    : [ 60%] Meshing curve 196 (Line)
Info    : [ 60%] Meshing curve 197 (Line)
Info    : [ 60%] Meshing curve 198 (Line)
Info    : [ 60%] Meshing curve 199 (Circle)
Info    : [ 60%] Meshing curve 200 (Line)
Info    : [ 60%] Meshing curve 201 (Circle)
Info    : [ 60%] Meshing curve 202 (Circle)
Info    : [ 60%] Meshing curve 203 (Line)
Info    : [ 60%] Meshing curve 204 (Circle)
Info    : [ 60%] Meshing curve 205 (Circle)
Info    : [ 60%] Meshing curve 206 (Line)
Info    : [ 60%] Meshing curve 207 (Circle)
Info    : [ 60%] Meshing curve 208 (Circle)
Info    : [ 60%] Meshing curve 209 (Line)
Info    : [ 60%] Meshing curve 210 (Circle)
Info    : [ 60%] Meshing curve 211 (Circle)
Info    : [ 60%] Meshing curve 212 (Line)
Info    : [ 60%] Meshing curve 213 (Circle)
Info    : [ 60%] Meshing curve 214 (Circle)
Info    : [ 60%] Meshing curve 215 (Line)
Info    : [ 60%] Meshing curve 216 (Circle)
Info    : [ 60%] Meshing curve 217 (Circle)
Info    : [ 60%] Meshing curve 218 (Line)
Info    : [ 60%] Meshing curve 219 (Circle)
Info    : [ 60%] Meshing curve 220 (Circle)
Info    : [ 60%] Meshing curve 221 (Line)
Info    : [ 60%] Meshing curve 222 (Circle)
Info    : [ 70%] Meshing curve 223 (Circle)
Info    : [ 70%] Meshing curve 224 (Line)
Info    : [ 70%] Meshing curve 225 (Circle)
Info    : [ 70%] Meshing curve 226 (Circle)
Info    : [ 70%] Meshing curve 227 (Line)
Info    : [ 70%] Meshing curve 228 (Circle)
Info    : [ 70%] Meshing curve 229 (Circle)
Info    : [ 70%] Meshing curve 230 (Line)
Info    : [ 70%] Meshing curve 231 (Circle)
Info    : [ 70%] Meshing curve 232 (Circle)
Info    : [ 70%] Meshing curve 233 (Line)
Info    : [ 70%] Meshing curve 234 (Circle)
Info    : [ 70%] Meshing curve 235 (Line)
Info    : [ 70%] Meshing curve 236 (Line)
Info    : [ 70%] Meshing curve 237 (Line)
Info    : [ 70%] Meshing curve 238 (Line)
Info    : [ 70%] Meshing curve 239 (Line)
Info    : [ 70%] Meshing curve 240 (Line)
Info    : [ 70%] Meshing curve 241 (Line)
Info    : [ 70%] Meshing curve 242 (Line)
Info    : [ 70%] Meshing curve 243 (Line)
Info    : [ 70%] Meshing curve 244 (Line)
Info    : [ 70%] Meshing curve 245 (Line)
Info    : [ 70%] Meshing curve 246 (Line)
Info    : [ 70%] Meshing curve 247 (Circle)
Info    : [ 70%] Meshing curve 248 (Line)
Info    : [ 70%] Meshing curve 249 (Circle)
Info    : [ 70%] Meshing curve 250 (Circle)
Info    : [ 70%] Meshing curve 251 (Line)
Info    : [ 70%] Meshing curve 252 (Circle)
Info    : [ 70%] Meshing curve 253 (Line)
Info    : [ 70%] Meshing curve 254 (Line)
Info    : [ 70%] Meshing curve 255 (Line)
Info    : [ 70%] Meshing curve 256 (Line)
Info    : [ 70%] Meshing curve 257 (Line)
Info    : [ 70%] Meshing curve 258 (Line)
Info    : [ 70%] Meshing curve 259 (Line)
Info    : [ 80%] Meshing curve 260 (Line)
Info    : [ 80%] Meshing curve 261 (Line)
Info    : [ 80%] Meshing curve 262 (Line)
Info    : [ 80%] Meshing curve 263 (Line)
Info    : [ 80%] Meshing curve 264 (Line)
Info    : [ 80%] Meshing curve 265 (Circle)
Info    : [ 80%] Meshing curve 266 (Line)
Info    : [ 80%] Meshing curve 267 (Circle)
Info    : [ 80%] Meshing curve 268 (Circle)
Info    : [ 80%] Meshing curve 269 (Line)
Info    : [ 80%] Meshing curve 270 (Circle)
Info    : [ 80%] Meshing curve 271 (Line)
Info    : [ 80%] Meshing curve 272 (Line)
Info    : [ 80%] Meshing curve 273 (Line)
Info    : [ 80%] Meshing curve 274 (Line)
Info    : [ 80%] Meshing curve 275 (Line)
Info    : [ 80%] Meshing curve 276 (Line)
Info    : [ 80%] Meshing curve 277 (Line)
Info    : [ 80%] Meshing curve 278 (Line)
Info    : [ 80%] Meshing curve 279 (Line)
Info    : [ 80%] Meshing curve 280 (Line)
Info    : [ 80%] Meshing curve 281 (Line)
Info    : [ 80%] Meshing curve 282 (Line)
Info    : [ 80%] Meshing curve 283 (Circle)
Info    : [ 80%] Meshing curve 284 (Line)
Info    : [ 80%] Meshing curve 285 (Circle)
Info    : [ 80%] Meshing curve 286 (Circle)
Info    : [ 80%] Meshing curve 287 (Line)
Info    : [ 80%] Meshing curve 288 (Circle)
Info    : [ 80%] Meshing curve 289 (Circle)
Info    : [ 80%] Meshing curve 290 (Line)
Info    : [ 80%] Meshing curve 291 (Circle)
Info    : [ 80%] Meshing curve 292 (Circle)
Info    : [ 80%] Meshing curve 293 (Line)
Info    : [ 80%] Meshing curve 294 (Circle)
Info    : [ 80%] Meshing curve 295 (Circle)
Info    : [ 80%] Meshing curve 296 (Line)
Info    : [ 90%] Meshing curve 297 (Circle)
Info    : [ 90%] Meshing curve 298 (Circle)
Info    : [ 90%] Meshing curve 299 (Line)
Info    : [ 90%] Meshing curve 300 (Circle)
Info    : [ 90%] Meshing curve 301 (Circle)
Info    : [ 90%] Meshing curve 302 (Line)
Info    : [ 90%] Meshing curve 303 (Circle)
Info    : [ 90%] Meshing curve 304 (Circle)
Info    : [ 90%] Meshing curve 305 (Line)
Info    : [ 90%] Meshing curve 306 (Circle)
Info    : [ 90%] Meshing curve 307 (Circle)
Info    : [ 90%] Meshing curve 308 (Line)
Info    : [ 90%] Meshing curve 309 (Circle)
Info    : [ 90%] Meshing curve 310 (Circle)
Info    : [ 90%] Meshing curve 311 (Line)
Info    : [ 90%] Meshing curve 312 (Circle)
Info    : [ 90%] Meshing curve 313 (Circle)
Info    : [ 90%] Meshing curve 314 (Line)
Info    : [ 90%] Meshing curve 315 (Circle)
Info    : [ 90%] Meshing curve 316 (Circle)
Info    : [ 90%] Meshing curve 317 (Line)
Info    : [ 90%] Meshing curve 318 (Circle)
Info    : [ 90%] Meshing curve 319 (Circle)
Info    : [ 90%] Meshing curve 320 (Line)
Info    : [ 90%] Meshing curve 321 (Circle)
Info    : [ 90%] Meshing curve 322 (Circle)
Info    : [ 90%] Meshing curve 323 (Line)
Info    : [ 90%] Meshing curve 324 (Circle)
Info    : [ 90%] Meshing curve 100000 (Line)
Info    : [ 90%] Meshing curve 100001 (Line)
Info    : [ 90%] Meshing curve 100002 (Line)
Info    : [ 90%] Meshing curve 100003 (Line)
Info    : [ 90%] Meshing curve 100005 (Line)
Info    : [ 90%] Meshing curve 100008 (Line)
Info    : [ 90%] Meshing curve 100010 (Line)
Info    : [ 90%] Meshing curve 100011 (Line)
Info    : [ 90%] Meshing curve 100012 (Line)
Info    : [100%] Meshing curve 100013 (Line)
Info    : [100%] Meshing curve 100014 (Line)
Info    : [100%] Meshing curve 100015 (Line)
Info    : [100%] Meshing curve 100016 (Line)
Info    : [100%] Meshing curve 100018 (Line)
Info    : [100%] Meshing curve 100021 (Line)
Info    : [100%] Meshing curve 100024 (Line)
Info    : [100%] Meshing curve 100025 (Line)
Info    : [100%] Meshing curve 100026 (Line)
Info    : [100%] Meshing curve 100027 (Line)
Info    : [100%] Meshing curve 100028 (Line)
Info    : [100%] Meshing curve 100029 (Line)
Info    : [100%] Meshing curve 100030 (Line)
Info    : [100%] Meshing curve 100031 (Line)
Info    : [100%] Meshing curve 100032 (Line)
Info    : [100%] Meshing curve 100033 (Line)
Info    : [100%] Meshing curve 100034 (Line)
Info    : [100%] Meshing curve 100035 (Line)
Info    : [100%] Meshing curve 100036 (Line)
Info    : [100%] Meshing curve 100037 (Line)
Info    : [100%] Meshing curve 100038 (Line)
Info    : [100%] Meshing curve 100040 (Line)
Info    : [100%] Meshing curve 100042 (Line)
Info    : [100%] Meshing curve 100044 (Line)
Info    : [100%] Meshing curve 100046 (Line)
Info    : [100%] Meshing curve 100050 (Line)
Info    : [100%] Meshing curve 100052 (Line)
Info    : [100%] Meshing curve 100053 (Line)
Info    : [100%] Meshing curve 100054 (Line)
Info    : [100%] Meshing curve 100055 (Line)
Info    : [100%] Meshing curve 100056 (Line)
Info    : [100%] Meshing curve 100057 (Line)
Info    : [100%] Meshing curve 100058 (Line)
Info    : [100%] Meshing curve 100059 (Line)
Info    : [100%] Meshing curve 100060 (Line)
Info    : [100%] Meshing curve 100061 (Line)
Info    : [100%] Meshing curve 100063 (Line)
Info    : Done meshing 1D (Wall 0.0145168s, CPU 0.013444s)
Info    : Meshing 2D...
Info    : [  0%] Meshing surface 1 (Plane, Frontal-Delaunay)
Info    : [ 10%] Meshing surface 2 (Plane, Frontal-Delaunay)
Info    : [ 10%] Meshing surface 3 (Plane, Frontal-Delaunay)
Info    : [ 10%] Meshing surface 4 (Plane, Frontal-Delaunay)
Info    : [ 10%] Meshing surface 5 (Plane, Frontal-Delaunay)
Info    : [ 10%] Meshing surface 6 (Plane, Frontal-Delaunay)
Info    : [ 10%] Meshing surface 7 (Plane, Frontal-Delaunay)
Info    : [ 10%] Meshing surface 8 (Plane, Frontal-Delaunay)
Info    : [ 10%] Meshing surface 9 (Plane, Frontal-Delaunay)
Info    : [ 10%] Meshing surface 10 (Plane, Frontal-Delaunay)
Info    : [ 10%] Meshing surface 11 (Plane, Frontal-Delaunay)
Info    : [ 10%] Meshing surface 12 (Plane, Frontal-Delaunay)
Info    : [ 10%] Meshing surface 13 (Plane, Frontal-Delaunay)
Info    : [ 10%] Meshing surface 14 (Plane, Frontal-Delaunay)
Info    : [ 10%] Meshing surface 15 (Plane, Frontal-Delaunay)
Info    : [ 10%] Meshing surface 16 (Plane, Frontal-Delaunay)
Info    : [ 10%] Meshing surface 17 (Plane, Frontal-Delaunay)
Info    : [ 10%] Meshing surface 18 (Plane, Frontal-Delaunay)
Info    : [ 10%] Meshing surface 19 (Cylinder, Frontal-Delaunay)
Info    : [ 10%] Meshing surface 20 (Plane, Frontal-Delaunay)
Info    : [ 10%] Meshing surface 21 (Plane, Frontal-Delaunay)
Info    : [ 10%] Meshing surface 22 (Cylinder, Frontal-Delaunay)
Info    : [ 10%] Meshing surface 23 (Plane, Frontal-Delaunay)
Info    : [ 10%] Meshing surface 24 (Plane, Frontal-Delaunay)
Info    : [ 10%] Meshing surface 25 (Plane, Frontal-Delaunay)
Info    : [ 20%] Meshing surface 26 (Plane, Frontal-Delaunay)
Info    : [ 20%] Meshing surface 27 (Plane, Frontal-Delaunay)
Info    : [ 20%] Meshing surface 28 (Plane, Frontal-Delaunay)
Info    : [ 20%] Meshing surface 29 (Plane, Frontal-Delaunay)
Info    : [ 20%] Meshing surface 30 (Plane, Frontal-Delaunay)
Info    : [ 20%] Meshing surface 31 (Cylinder, Frontal-Delaunay)
Info    : [ 20%] Meshing surface 32 (Plane, Frontal-Delaunay)
Info    : [ 20%] Meshing surface 33 (Plane, Frontal-Delaunay)
Info    : [ 20%] Meshing surface 34 (Cylinder, Frontal-Delaunay)
Info    : [ 20%] Meshing surface 35 (Plane, Frontal-Delaunay)
Info    : [ 20%] Meshing surface 36 (Plane, Frontal-Delaunay)
Info    : [ 20%] Meshing surface 37 (Plane, Frontal-Delaunay)
Info    : [ 20%] Meshing surface 38 (Plane, Frontal-Delaunay)
Info    : [ 20%] Meshing surface 39 (Plane, Frontal-Delaunay)
Info    : [ 20%] Meshing surface 40 (Plane, Frontal-Delaunay)
Info    : [ 20%] Meshing surface 41 (Plane, Frontal-Delaunay)
Info    : [ 20%] Meshing surface 42 (Plane, Frontal-Delaunay)
Info    : [ 20%] Meshing surface 43 (Cylinder, Frontal-Delaunay)
Info    : [ 20%] Meshing surface 44 (Plane, Frontal-Delaunay)
Info    : [ 20%] Meshing surface 45 (Plane, Frontal-Delaunay)
Info    : [ 20%] Meshing surface 46 (Cylinder, Frontal-Delaunay)
Info    : [ 20%] Meshing surface 47 (Plane, Frontal-Delaunay)
Info    : [ 20%] Meshing surface 48 (Plane, Frontal-Delaunay)
Info    : [ 20%] Meshing surface 49 (Plane, Frontal-Delaunay)
Info    : [ 20%] Meshing surface 50 (Plane, Frontal-Delaunay)
Info    : [ 30%] Meshing surface 51 (Plane, Frontal-Delaunay)
Info    : [ 30%] Meshing surface 52 (Plane, Frontal-Delaunay)
Info    : [ 30%] Meshing surface 53 (Plane, Frontal-Delaunay)
Info    : [ 30%] Meshing surface 54 (Plane, Frontal-Delaunay)
Info    : [ 30%] Meshing surface 55 (Cylinder, Frontal-Delaunay)
Info    : [ 30%] Meshing surface 56 (Plane, Frontal-Delaunay)
Info    : [ 30%] Meshing surface 57 (Plane, Frontal-Delaunay)
Info    : [ 30%] Meshing surface 58 (Cylinder, Frontal-Delaunay)
Info    : [ 30%] Meshing surface 59 (Plane, Frontal-Delaunay)
Info    : [ 30%] Meshing surface 60 (Plane, Frontal-Delaunay)
Info    : [ 30%] Meshing surface 61 (Plane, Frontal-Delaunay)
Info    : [ 30%] Meshing surface 62 (Plane, Frontal-Delaunay)
Info    : [ 30%] Meshing surface 63 (Plane, Frontal-Delaunay)
Info    : [ 30%] Meshing surface 64 (Plane, Frontal-Delaunay)
Info    : [ 30%] Meshing surface 65 (Plane, Frontal-Delaunay)
Info    : [ 30%] Meshing surface 66 (Plane, Frontal-Delaunay)
Info    : [ 30%] Meshing surface 67 (Cylinder, Frontal-Delaunay)
Info    : [ 30%] Meshing surface 68 (Plane, Frontal-Delaunay)
Info    : [ 30%] Meshing surface 69 (Plane, Frontal-Delaunay)
Info    : [ 30%] Meshing surface 70 (Cylinder, Frontal-Delaunay)
Info    : [ 30%] Meshing surface 71 (Plane, Frontal-Delaunay)
Info    : [ 30%] Meshing surface 72 (Plane, Frontal-Delaunay)
Info    : [ 30%] Meshing surface 73 (Plane, Frontal-Delaunay)
Info    : [ 30%] Meshing surface 74 (Plane, Frontal-Delaunay)
Info    : [ 40%] Meshing surface 75 (Plane, Frontal-Delaunay)
Info    : [ 40%] Meshing surface 76 (Plane, Frontal-Delaunay)
Info    : [ 40%] Meshing surface 77 (Plane, Frontal-Delaunay)
Info    : [ 40%] Meshing surface 78 (Plane, Frontal-Delaunay)
Info    : [ 40%] Meshing surface 79 (Cylinder, Frontal-Delaunay)
Info    : [ 40%] Meshing surface 80 (Plane, Frontal-Delaunay)
Info    : [ 40%] Meshing surface 81 (Plane, Frontal-Delaunay)
Info    : [ 40%] Meshing surface 82 (Cylinder, Frontal-Delaunay)
Info    : [ 40%] Meshing surface 83 (Plane, Frontal-Delaunay)
Info    : [ 40%] Meshing surface 84 (Plane, Frontal-Delaunay)
Info    : [ 40%] Meshing surface 85 (Plane, Frontal-Delaunay)
Info    : [ 40%] Meshing surface 86 (Plane, Frontal-Delaunay)
Info    : [ 40%] Meshing surface 87 (Plane, Frontal-Delaunay)
Info    : [ 40%] Meshing surface 88 (Plane, Frontal-Delaunay)
Info    : [ 40%] Meshing surface 89 (Plane, Frontal-Delaunay)
Info    : [ 40%] Meshing surface 90 (Plane, Frontal-Delaunay)
Info    : [ 40%] Meshing surface 91 (Cylinder, Frontal-Delaunay)
Info    : [ 40%] Meshing surface 92 (Plane, Frontal-Delaunay)
Info    : [ 40%] Meshing surface 93 (Plane, Frontal-Delaunay)
Info    : [ 40%] Meshing surface 94 (Cylinder, Frontal-Delaunay)
Info    : [ 40%] Meshing surface 95 (Plane, Frontal-Delaunay)
Info    : [ 40%] Meshing surface 96 (Plane, Frontal-Delaunay)
Info    : [ 40%] Meshing surface 97 (Cylinder, Frontal-Delaunay)
Info    : [ 40%] Meshing surface 98 (Plane, Frontal-Delaunay)
Info    : [ 40%] Meshing surface 99 (Plane, Frontal-Delaunay)
Info    : [ 50%] Meshing surface 100 (Cylinder, Frontal-Delaunay)
Info    : [ 50%] Meshing surface 101 (Plane, Frontal-Delaunay)
Info    : [ 50%] Meshing surface 102 (Plane, Frontal-Delaunay)
Info    : [ 50%] Meshing surface 103 (Cylinder, Frontal-Delaunay)
Info    : [ 50%] Meshing surface 104 (Plane, Frontal-Delaunay)
Info    : [ 50%] Meshing surface 105 (Plane, Frontal-Delaunay)
Info    : [ 50%] Meshing surface 106 (Cylinder, Frontal-Delaunay)
Info    : [ 50%] Meshing surface 107 (Plane, Frontal-Delaunay)
Info    : [ 50%] Meshing surface 108 (Plane, Frontal-Delaunay)
Info    : [ 50%] Meshing surface 109 (Cylinder, Frontal-Delaunay)
Info    : [ 50%] Meshing surface 110 (Plane, Frontal-Delaunay)
Info    : [ 50%] Meshing surface 111 (Plane, Frontal-Delaunay)
Info    : [ 50%] Meshing surface 112 (Cylinder, Frontal-Delaunay)
Info    : [ 50%] Meshing surface 113 (Plane, Frontal-Delaunay)
Info    : [ 50%] Meshing surface 114 (Plane, Frontal-Delaunay)
Info    : [ 50%] Meshing surface 115 (Cylinder, Frontal-Delaunay)
Info    : [ 50%] Meshing surface 116 (Plane, Frontal-Delaunay)
Info    : [ 50%] Meshing surface 117 (Plane, Frontal-Delaunay)
Info    : [ 50%] Meshing surface 118 (Cylinder, Frontal-Delaunay)
Info    : [ 50%] Meshing surface 119 (Plane, Frontal-Delaunay)
Info    : [ 50%] Meshing surface 120 (Plane, Frontal-Delaunay)
Info    : [ 50%] Meshing surface 121 (Cylinder, Frontal-Delaunay)
Info    : [ 50%] Meshing surface 122 (Plane, Frontal-Delaunay)
Info    : [ 50%] Meshing surface 123 (Plane, Frontal-Delaunay)
Info    : [ 60%] Meshing surface 124 (Cylinder, Frontal-Delaunay)
Info    : [ 60%] Meshing surface 125 (Plane, Frontal-Delaunay)
Info    : [ 60%] Meshing surface 126 (Plane, Frontal-Delaunay)
Info    : [ 60%] Meshing surface 127 (Cylinder, Frontal-Delaunay)
Info    : [ 60%] Meshing surface 128 (Plane, Frontal-Delaunay)
Info    : [ 60%] Meshing surface 129 (Plane, Frontal-Delaunay)
Info    : [ 60%] Meshing surface 130 (Cylinder, Frontal-Delaunay)
Info    : [ 60%] Meshing surface 131 (Plane, Frontal-Delaunay)
Info    : [ 60%] Meshing surface 132 (Plane, Frontal-Delaunay)
Info    : [ 60%] Meshing surface 133 (Plane, Frontal-Delaunay)
Info    : [ 60%] Meshing surface 134 (Plane, Frontal-Delaunay)
Info    : [ 60%] Meshing surface 135 (Plane, Frontal-Delaunay)
Info    : [ 60%] Meshing surface 136 (Plane, Frontal-Delaunay)
Info    : [ 60%] Meshing surface 137 (Plane, Frontal-Delaunay)
Info    : [ 60%] Meshing surface 138 (Plane, Frontal-Delaunay)
Info    : [ 60%] Meshing surface 139 (Cylinder, Frontal-Delaunay)
Info    : [ 60%] Meshing surface 140 (Plane, Frontal-Delaunay)
Info    : [ 60%] Meshing surface 141 (Plane, Frontal-Delaunay)
Info    : [ 60%] Meshing surface 142 (Cylinder, Frontal-Delaunay)
Info    : [ 60%] Meshing surface 143 (Plane, Frontal-Delaunay)
Info    : [ 60%] Meshing surface 144 (Plane, Frontal-Delaunay)
Info    : [ 60%] Meshing surface 145 (Cylinder, Frontal-Delaunay)
Info    : [ 60%] Meshing surface 146 (Plane, Frontal-Delaunay)
Info    : [ 60%] Meshing surface 147 (Plane, Frontal-Delaunay)
Info    : [ 60%] Meshing surface 148 (Cylinder, Frontal-Delaunay)
Info    : [ 70%] Meshing surface 149 (Plane, Frontal-Delaunay)
Info    : [ 70%] Meshing surface 150 (Plane, Frontal-Delaunay)
Info    : [ 70%] Meshing surface 151 (Cylinder, Frontal-Delaunay)
Info    : [ 70%] Meshing surface 152 (Plane, Frontal-Delaunay)
Info    : [ 70%] Meshing surface 153 (Plane, Frontal-Delaunay)
Info    : [ 70%] Meshing surface 154 (Cylinder, Frontal-Delaunay)
Info    : [ 70%] Meshing surface 155 (Plane, Frontal-Delaunay)
Info    : [ 70%] Meshing surface 156 (Plane, Frontal-Delaunay)
Info    : [ 70%] Meshing surface 157 (Cylinder, Frontal-Delaunay)
Info    : [ 70%] Meshing surface 158 (Plane, Frontal-Delaunay)
Info    : [ 70%] Meshing surface 159 (Plane, Frontal-Delaunay)
Info    : [ 70%] Meshing surface 160 (Cylinder, Frontal-Delaunay)
Info    : [ 70%] Meshing surface 161 (Plane, Frontal-Delaunay)
Info    : [ 70%] Meshing surface 162 (Plane, Frontal-Delaunay)
Info    : [ 70%] Meshing surface 163 (Cylinder, Frontal-Delaunay)
Info    : [ 70%] Meshing surface 164 (Plane, Frontal-Delaunay)
Info    : [ 70%] Meshing surface 165 (Plane, Frontal-Delaunay)
Info    : [ 70%] Meshing surface 166 (Cylinder, Frontal-Delaunay)
Info    : [ 70%] Meshing surface 167 (Plane, Frontal-Delaunay)
Info    : [ 70%] Meshing surface 168 (Plane, Frontal-Delaunay)
Info    : [ 70%] Meshing surface 169 (Cylinder, Frontal-Delaunay)
Info    : [ 70%] Meshing surface 170 (Plane, Frontal-Delaunay)
Info    : [ 70%] Meshing surface 171 (Plane, Frontal-Delaunay)
Info    : [ 70%] Meshing surface 172 (Cylinder, Frontal-Delaunay)
Info    : [ 70%] Meshing surface 173 (Plane, Frontal-Delaunay)
Info    : [ 80%] Meshing surface 174 (Plane, Frontal-Delaunay)
Info    : [ 80%] Meshing surface 175 (Plane, Frontal-Delaunay)
Info    : [ 80%] Meshing surface 176 (Plane, Frontal-Delaunay)
Info    : [ 80%] Meshing surface 177 (Plane, Frontal-Delaunay)
Info    : [ 80%] Meshing surface 178 (Plane, Frontal-Delaunay)
Info    : [ 80%] Meshing surface 179 (Plane, Frontal-Delaunay)
Info    : [ 80%] Meshing surface 180 (Plane, Frontal-Delaunay)
Info    : [ 80%] Meshing surface 181 (Cylinder, Frontal-Delaunay)
Info    : [ 80%] Meshing surface 182 (Plane, Frontal-Delaunay)
Info    : [ 80%] Meshing surface 183 (Plane, Frontal-Delaunay)
Info    : [ 80%] Meshing surface 184 (Cylinder, Frontal-Delaunay)
Info    : [ 80%] Meshing surface 185 (Plane, Frontal-Delaunay)
Info    : [ 80%] Meshing surface 186 (Plane, Frontal-Delaunay)
Info    : [ 80%] Meshing surface 187 (Plane, Frontal-Delaunay)
Info    : [ 80%] Meshing surface 188 (Plane, Frontal-Delaunay)
Info    : [ 80%] Meshing surface 189 (Plane, Frontal-Delaunay)
Info    : [ 80%] Meshing surface 190 (Plane, Frontal-Delaunay)
Info    : [ 80%] Meshing surface 191 (Plane, Frontal-Delaunay)
Info    : [ 80%] Meshing surface 192 (Plane, Frontal-Delaunay)
Info    : [ 80%] Meshing surface 193 (Cylinder, Frontal-Delaunay)
Info    : [ 80%] Meshing surface 194 (Plane, Frontal-Delaunay)
Info    : [ 80%] Meshing surface 195 (Plane, Frontal-Delaunay)
Info    : [ 80%] Meshing surface 196 (Cylinder, Frontal-Delaunay)
Info    : [ 80%] Meshing surface 197 (Plane, Frontal-Delaunay)
Info    : [ 90%] Meshing surface 198 (Plane, Frontal-Delaunay)
Info    : [ 90%] Meshing surface 199 (Plane, Frontal-Delaunay)
Info    : [ 90%] Meshing surface 200 (Plane, Frontal-Delaunay)
Info    : [ 90%] Meshing surface 201 (Plane, Frontal-Delaunay)
Info    : [ 90%] Meshing surface 202 (Plane, Frontal-Delaunay)
Info    : [ 90%] Meshing surface 203 (Plane, Frontal-Delaunay)
Info    : [ 90%] Meshing surface 204 (Plane, Frontal-Delaunay)
Info    : [ 90%] Meshing surface 205 (Cylinder, Frontal-Delaunay)
Info    : [ 90%] Meshing surface 206 (Plane, Frontal-Delaunay)
Info    : [ 90%] Meshing surface 207 (Plane, Frontal-Delaunay)
Info    : [ 90%] Meshing surface 208 (Cylinder, Frontal-Delaunay)
Info    : [ 90%] Meshing surface 209 (Plane, Frontal-Delaunay)
Info    : [ 90%] Meshing surface 210 (Plane, Frontal-Delaunay)
Info    : [ 90%] Meshing surface 211 (Cylinder, Frontal-Delaunay)
Info    : [ 90%] Meshing surface 212 (Plane, Frontal-Delaunay)
Info    : [ 90%] Meshing surface 213 (Plane, Frontal-Delaunay)
Info    : [ 90%] Meshing surface 214 (Cylinder, Frontal-Delaunay)
Info    : [ 90%] Meshing surface 215 (Plane, Frontal-Delaunay)
Info    : [ 90%] Meshing surface 216 (Plane, Frontal-Delaunay)
Info    : [ 90%] Meshing surface 217 (Cylinder, Frontal-Delaunay)
Info    : [ 90%] Meshing surface 218 (Plane, Frontal-Delaunay)
Info    : [ 90%] Meshing surface 219 (Plane, Frontal-Delaunay)
Info    : [ 90%] Meshing surface 220 (Cylinder, Frontal-Delaunay)
Info    : [ 90%] Meshing surface 221 (Plane, Frontal-Delaunay)
Info    : [ 90%] Meshing surface 222 (Plane, Frontal-Delaunay)
Info    : [100%] Meshing surface 223 (Cylinder, Frontal-Delaunay)
Info    : [100%] Meshing surface 224 (Plane, Frontal-Delaunay)
Info    : [100%] Meshing surface 225 (Plane, Frontal-Delaunay)
Info    : [100%] Meshing surface 226 (Cylinder, Frontal-Delaunay)
Info    : [100%] Meshing surface 227 (Plane, Frontal-Delaunay)
Info    : [100%] Meshing surface 228 (Plane, Frontal-Delaunay)
Info    : [100%] Meshing surface 229 (Cylinder, Frontal-Delaunay)
Info    : [100%] Meshing surface 230 (Plane, Frontal-Delaunay)
Info    : [100%] Meshing surface 231 (Plane, Frontal-Delaunay)
Info    : [100%] Meshing surface 232 (Cylinder, Frontal-Delaunay)
Info    : [100%] Meshing surface 233 (Plane, Frontal-Delaunay)
Info    : [100%] Meshing surface 234 (Plane, Frontal-Delaunay)
Info    : [100%] Meshing surface 235 (Cylinder, Frontal-Delaunay)
Info    : [100%] Meshing surface 236 (Plane, Frontal-Delaunay)
Info    : [100%] Meshing surface 237 (Plane, Frontal-Delaunay)
Info    : [100%] Meshing surface 238 (Cylinder, Frontal-Delaunay)
Info    : [100%] Meshing surface 239 (Plane, Frontal-Delaunay)
Info    : [100%] Meshing surface 240 (Plane, Frontal-Delaunay)
Info    : [100%] Meshing surface 241 (Cylinder, Frontal-Delaunay)
Info    : [100%] Meshing surface 242 (Plane, Frontal-Delaunay)
Info    : [100%] Meshing surface 243 (Plane, Frontal-Delaunay)
Info    : [100%] Meshing surface 244 (Cylinder, Frontal-Delaunay)
Info    : [100%] Meshing surface 245 (Plane, Frontal-Delaunay)
Info    : [100%] Meshing surface 246 (Plane, Frontal-Delaunay)
Info    : Done meshing 2D (Wall 0.256851s, CPU 0.247s)
Info    : Meshing 3D...
Info    : 3D Meshing 69 volumes with 69 connected components
Info    : Tetrahedrizing 114 nodes...
Info    : Done tetrahedrizing 122 nodes (Wall 0.000575s, CPU 0.00051s)
Info    : Reconstructing mesh...
Info    :  - Creating surface mesh
Info    :  - Identifying boundary edges
Info    :  - Recovering boundary
Info    :  - Added 3 Steiner points
Info    : Done reconstructing mesh (Wall 0.00404529s, CPU 0.003745s)
Info    : Found volume 100
Info    : It. 0 - 0 nodes created - worst tet radius 4.00047 (nodes removed 0 0)
Info    : 3D refinement terminated (10653 nodes total):
Info    :  - 0 Delaunay cavities modified for star shapeness
Info    :  - 6 nodes could not be inserted
Info    :  - 279 tetrahedra created in 1.09579e-05 sec. (25460986 tets/s)
Info    : 5 node relocations
Info    : Tetrahedrizing 114 nodes...
Info    : Done tetrahedrizing 122 nodes (Wall 0.000515834s, CPU 0.000501s)
Info    : Reconstructing mesh...
Info    :  - Creating surface mesh
Info    :  - Identifying boundary edges
Info    :  - Recovering boundary
Info    :  - Added 1 Steiner point
Info    : Done reconstructing mesh (Wall 0.00202621s, CPU 0.001968s)
Info    : Found volume 101
Info    : It. 0 - 0 nodes created - worst tet radius 3.47826 (nodes removed 0 0)
Info    : 3D refinement terminated (10651 nodes total):
Info    :  - 0 Delaunay cavities modified for star shapeness
Info    :  - 2 nodes could not be inserted
Info    :  - 269 tetrahedra created in 6.33299e-06 sec. (42475963 tets/s)
Info    : 2 node relocations
Info    : Tetrahedrizing 22 nodes...
Info    : Done tetrahedrizing 30 nodes (Wall 7.92919e-05s, CPU 7.6e-05s)
Info    : Reconstructing mesh...
Info    :  - Creating surface mesh
Info    :  - Identifying boundary edges
Info    :  - Recovering boundary
Info    :  - Added 1 Steiner point
Info    : Done reconstructing mesh (Wall 0.00106458s, CPU 0.001052s)
Info    : Found volume 102
Info    : It. 0 - 0 nodes created - worst tet radius 1.87352 (nodes removed 0 0)
Info    : 3D refinement terminated (10651 nodes total):
Info    :  - 0 Delaunay cavities modified for star shapeness
Info    :  - 2 nodes could not be inserted
Info    :  - 41 tetrahedra created in 6.83311e-06 sec. (6000192 tets/s)
Info    : 2 node relocations
Info    : Tetrahedrizing 172 nodes...
Info    : Done tetrahedrizing 180 nodes (Wall 0.000879042s, CPU 0.000874s)
Info    : Reconstructing mesh...
Info    :  - Creating surface mesh
Info    :  - Identifying boundary edges
Info    :  - Recovering boundary
Info    :  - Added 2 Steiner points
Info    : Done reconstructing mesh (Wall 0.00346071s, CPU 0.003421s)
Info    : Found volume 103
Info    : It. 0 - 0 nodes created - worst tet radius 1.31711 (nodes removed 0 0)
Info    : 3D refinement terminated (10655 nodes total):
Info    :  - 0 Delaunay cavities modified for star shapeness
Info    :  - 4 nodes could not be inserted
Info    :  - 468 tetrahedra created in 9.66659e-05 sec. (4841416 tets/s)
Info    : 2 node relocations
Info    : Tetrahedrizing 172 nodes...
Info    : Done tetrahedrizing 180 nodes (Wall 0.00088025s, CPU 0.000872s)
Info    : Reconstructing mesh...
Info    :  - Creating surface mesh
Info    :  - Identifying boundary edges
Info    :  - Recovering boundary
Info    : Done reconstructing mesh (Wall 0.00190908s, CPU 0.001835s)
Info    : Found volume 104
Info    : It. 0 - 0 nodes created - worst tet radius 0.80558 (nodes removed 0 0)
Info    : 3D refinement terminated (10650 nodes total):
Info    :  - 0 Delaunay cavities modified for star shapeness
Info    :  - 0 nodes could not be inserted
Info    :  - 439 tetrahedra created in 1.42911e-05 sec. (30718322 tets/s)
Info    : 0 node relocations
Info    : Tetrahedrizing 72 nodes...
Info    : Done tetrahedrizing 80 nodes (Wall 0.000337167s, CPU 0.000334s)
Info    : Reconstructing mesh...
Info    :  - Creating surface mesh
Info    :  - Identifying boundary edges
Info    :  - Recovering boundary
Info    : Done reconstructing mesh (Wall 0.000830667s, CPU 0.000809s)
Info    : Found volume 105
Info    : It. 0 - 0 nodes created - worst tet radius 0.577901 (nodes removed 0 0)
Info    : 3D refinement terminated (10650 nodes total):
Info    :  - 0 Delaunay cavities modified for star shapeness
Info    :  - 0 nodes could not be inserted
Info    :  - 156 tetrahedra created in 2.1125e-05 sec. (7384630 tets/s)
Info    : 0 node relocations
Info    : Tetrahedrizing 148 nodes...
Info    : Done tetrahedrizing 156 nodes (Wall 0.00116233s, CPU 0.00091s)
Info    : Reconstructing mesh...
Info    :  - Creating surface mesh
Info    :  - Identifying boundary edges
Info    :  - Recovering boundary
Info    :  - Added 4 Steiner points
Info    : Done reconstructing mesh (Wall 0.00570992s, CPU 0.005104s)
Info    : Found volume 106
Info    : It. 0 - 0 nodes created - worst tet radius 2.80104 (nodes removed 0 0)
Info    : 3D refinement terminated (10654 nodes total):
Info    :  - 0 Delaunay cavities modified for star shapeness
Info    :  - 8 nodes could not be inserted
Info    :  - 386 tetrahedra created in 2.69581e-05 sec. (14318536 tets/s)
Info    : 7 node relocations
Info    : Tetrahedrizing 148 nodes...
Info    : Done tetrahedrizing 156 nodes (Wall 0.000787333s, CPU 0.000785s)
Info    : Reconstructing mesh...
Info    :  - Creating surface mesh
Info    :  - Identifying boundary edges
Info    :  - Recovering boundary
Info    :  - Added 4 Steiner points
Info    : Done reconstructing mesh (Wall 0.0052225s, CPU 0.005157s)
Info    : Found volume 107
Info    : It. 0 - 0 nodes created - worst tet radius 2.65081 (nodes removed 0 0)
Info    : 3D refinement terminated (10654 nodes total):
Info    :  - 0 Delaunay cavities modified for star shapeness
Info    :  - 8 nodes could not be inserted
Info    :  - 386 tetrahedra created in 1.71671e-05 sec. (22484909 tets/s)
Info    : 6 node relocations
Info    : Tetrahedrizing 34 nodes...
Info    : Done tetrahedrizing 42 nodes (Wall 0.000134542s, CPU 0.000131s)
Info    : Reconstructing mesh...
Info    :  - Creating surface mesh
Info    :  - Identifying boundary edges
Info    :  - Recovering boundary
Info    : Done reconstructing mesh (Wall 0.000377417s, CPU 0.000341s)
Info    : Found volume 108
Info    : It. 0 - 0 nodes created - worst tet radius 0.579666 (nodes removed 0 0)
Info    : 3D refinement terminated (10650 nodes total):
Info    :  - 0 Delaunay cavities modified for star shapeness
Info    :  - 0 nodes could not be inserted
Info    :  - 60 tetrahedra created in 1.16669e-05 sec. (5142749 tets/s)
Info    : 0 node relocations
Info    : Tetrahedrizing 172 nodes...
Info    : Done tetrahedrizing 180 nodes (Wall 0.000889208s, CPU 0.000881s)
Info    : Reconstructing mesh...
Info    :  - Creating surface mesh
Info    :  - Identifying boundary edges
Info    :  - Recovering boundary
Info    : Done reconstructing mesh (Wall 0.00186504s, CPU 0.001828s)
Info    : Found volume 109
Info    : It. 0 - 0 nodes created - worst tet radius 0.741204 (nodes removed 0 0)
Info    : 3D refinement terminated (10650 nodes total):
Info    :  - 0 Delaunay cavities modified for star shapeness
Info    :  - 0 nodes could not be inserted
Info    :  - 445 tetrahedra created in 8.12509e-06 sec. (54768617 tets/s)
Info    : 0 node relocations
Info    : Tetrahedrizing 172 nodes...
Info    : Done tetrahedrizing 180 nodes (Wall 0.000883958s, CPU 0.000884s)
Info    : Reconstructing mesh...
Info    :  - Creating surface mesh
Info    :  - Identifying boundary edges
Info    :  - Recovering boundary
Info    : Done reconstructing mesh (Wall 0.00182046s, CPU 0.001806s)
Info    : Found volume 110
Info    : It. 0 - 0 nodes created - worst tet radius 0.741204 (nodes removed 0 0)
Info    : 3D refinement terminated (10650 nodes total):
Info    :  - 0 Delaunay cavities modified for star shapeness
Info    :  - 0 nodes could not be inserted
Info    :  - 445 tetrahedra created in 9.41707e-06 sec. (47254622 tets/s)
Info    : 0 node relocations
Info    : Tetrahedrizing 70 nodes...
Info    : Done tetrahedrizing 78 nodes (Wall 0.000309958s, CPU 0.000309s)
Info    : Reconstructing mesh...
Info    :  - Creating surface mesh
Info    :  - Identifying boundary edges
Info    :  - Recovering boundary
Info    :  - Added 2 Steiner points
Info    : Done reconstructing mesh (Wall 0.00242333s, CPU 0.002399s)
Info    : Found volume 111
Info    : It. 0 - 0 nodes created - worst tet radius 2.53431 (nodes removed 0 0)
Info    : 3D refinement terminated (10652 nodes total):
Info    :  - 0 Delaunay cavities modified for star shapeness
Info    :  - 4 nodes could not be inserted
Info    :  - 142 tetrahedra created in 7.54092e-06 sec. (18830596 tets/s)
Info    : 3 node relocations
Info    : Tetrahedrizing 172 nodes...
Info    : Done tetrahedrizing 180 nodes (Wall 0.000922917s, CPU 0.000923s)
Info    : Reconstructing mesh...
Info    :  - Creating surface mesh
Info    :  - Identifying boundary edges
Info    :  - Recovering boundary
Info    : Done reconstructing mesh (Wall 0.00188104s, CPU 0.001861s)
Info    : Found volume 112
Info    : It. 0 - 0 nodes created - worst tet radius 0.741204 (nodes removed 0 0)
Info    : 3D refinement terminated (10650 nodes total):
Info    :  - 0 Delaunay cavities modified for star shapeness
Info    :  - 0 nodes could not be inserted
Info    :  - 445 tetrahedra created in 6.62496e-06 sec. (67170185 tets/s)
Info    : 0 node relocations
Info    : Tetrahedrizing 172 nodes...
Info    : Done tetrahedrizing 180 nodes (Wall 0.000870084s, CPU 0.00087s)
Info    : Reconstructing mesh...
Info    :  - Creating surface mesh
Info    :  - Identifying boundary edges
Info    :  - Recovering boundary
Info    : Done reconstructing mesh (Wall 0.00182329s, CPU 0.001814s)
Info    : Found volume 113
Info    : It. 0 - 0 nodes created - worst tet radius 0.741204 (nodes removed 0 0)
Info    : 3D refinement terminated (10650 nodes total):
Info    :  - 0 Delaunay cavities modified for star shapeness
Info    :  - 0 nodes could not be inserted
Info    :  - 445 tetrahedra created in 1.04581e-05 sec. (42550937 tets/s)
Info    : 0 node relocations
Info    : Tetrahedrizing 28 nodes...
Info    : Done tetrahedrizing 36 nodes (Wall 0.000107833s, CPU 0.000101s)
Info    : Reconstructing mesh...
Info    :  - Creating surface mesh
Info    :  - Identifying boundary edges
Info    :  - Recovering boundary
Info    : Done reconstructing mesh (Wall 0.000276666s, CPU 0.00026s)
Info    : Found volume 114
Info    : It. 0 - 0 nodes created - worst tet radius 0.686719 (nodes removed 0 0)
Info    : 3D refinement terminated (10650 nodes total):
Info    :  - 0 Delaunay cavities modified for star shapeness
Info    :  - 0 nodes could not be inserted
Info    :  - 48 tetrahedra created in 3.33297e-06 sec. (14401566 tets/s)
Info    : 0 node relocations
Info    : Tetrahedrizing 172 nodes...
Info    : Done tetrahedrizing 180 nodes (Wall 0.000862458s, CPU 0.00086s)
Info    : Reconstructing mesh...
Info    :  - Creating surface mesh
Info    :  - Identifying boundary edges
Info    :  - Recovering boundary
Info    :  - Added 2 Steiner points
Info    : Done reconstructing mesh (Wall 0.00340592s, CPU 0.003386s)
Info    : Found volume 115
Info    : It. 0 - 0 nodes created - worst tet radius 1.187 (nodes removed 0 0)
Info    : 3D refinement terminated (10658 nodes total):
Info    :  - 0 Delaunay cavities modified for star shapeness
Info    :  - 2 nodes could not be inserted
Info    :  - 489 tetrahedra created in 0.000135542 sec. (3607734 tets/s)
Info    : 1 node relocations
Info    : Tetrahedrizing 172 nodes...
Info    : Done tetrahedrizing 180 nodes (Wall 0.00085875s, CPU 0.000858s)
Info    : Reconstructing mesh...
Info    :  - Creating surface mesh
Info    :  - Identifying boundary edges
Info    :  - Recovering boundary
Info    :  - Added 1 Steiner point
Info    : Done reconstructing mesh (Wall 0.002669s, CPU 0.002648s)
Info    : Found volume 116
Info    : It. 0 - 0 nodes created - worst tet radius 1.24656 (nodes removed 0 0)
Info    : 3D refinement terminated (10654 nodes total):
Info    :  - 0 Delaunay cavities modified for star shapeness
Info    :  - 2 nodes could not be inserted
Info    :  - 461 tetrahedra created in 6.63749e-05 sec. (6945397 tets/s)
Info    : 1 node relocations
Info    : Tetrahedrizing 46 nodes...
Info    : Done tetrahedrizing 54 nodes (Wall 0.000178084s, CPU 0.000178s)
Info    : Reconstructing mesh...
Info    :  - Creating surface mesh
Info    :  - Identifying boundary edges
Info    :  - Recovering boundary
Info    : Done reconstructing mesh (Wall 0.000445458s, CPU 0.000435s)
Info    : Found volume 117
Info    : It. 0 - 0 nodes created - worst tet radius 0.662723 (nodes removed 0 0)
Info    : 3D refinement terminated (10650 nodes total):
Info    :  - 0 Delaunay cavities modified for star shapeness
Info    :  - 0 nodes could not be inserted
Info    :  - 84 tetrahedra created in 3.08291e-06 sec. (27246979 tets/s)
Info    : 0 node relocations
Info    : Tetrahedrizing 172 nodes...
Info    : Done tetrahedrizing 180 nodes (Wall 0.000859625s, CPU 0.00086s)
Info    : Reconstructing mesh...
Info    :  - Creating surface mesh
Info    :  - Identifying boundary edges
Info    :  - Recovering boundary
Info    :  - Added 1 Steiner point
Info    : Done reconstructing mesh (Wall 0.00263225s, CPU 0.002622s)
Info    : Found volume 118
Info    : It. 0 - 0 nodes created - worst tet radius 1.24248 (nodes removed 0 0)
Info    : 3D refinement terminated (10653 nodes total):
Info    :  - 0 Delaunay cavities modified for star shapeness
Info    :  - 2 nodes could not be inserted
Info    :  - 460 tetrahedra created in 6.0542e-05 sec. (7598028 tets/s)
Info    : 1 node relocations
Info    : Tetrahedrizing 172 nodes...
Info    : Done tetrahedrizing 180 nodes (Wall 0.000856417s, CPU 0.000846s)
Info    : Reconstructing mesh...
Info    :  - Creating surface mesh
Info    :  - Identifying boundary edges
Info    :  - Recovering boundary
Info    :  - Added 1 Steiner point
Info    : Done reconstructing mesh (Wall 0.00256787s, CPU 0.002544s)
Info    : Found volume 119
Info    : It. 0 - 0 nodes created - worst tet radius 1.26294 (nodes removed 0 0)
Info    : 3D refinement terminated (10654 nodes total):
Info    :  - 0 Delaunay cavities modified for star shapeness
Info    :  - 0 nodes could not be inserted
Info    :  - 462 tetrahedra created in 6.67919e-05 sec. (6917007 tets/s)
Info    : 0 node relocations
Info    : Tetrahedrizing 136 nodes...
Info    : Done tetrahedrizing 144 nodes (Wall 0.000600917s, CPU 0.000601s)
Info    : Reconstructing mesh...
Info    :  - Creating surface mesh
Info    :  - Identifying boundary edges
Info    :  - Recovering boundary
Info    : Done reconstructing mesh (Wall 0.00133113s, CPU 0.001319s)
Info    : Found volume 120
Info    : It. 0 - 0 nodes created - worst tet radius 1.09689 (nodes removed 0 0)
Info    : 3D refinement terminated (10650 nodes total):
Info    :  - 0 Delaunay cavities modified for star shapeness
Info    :  - 5 nodes could not be inserted
Info    :  - 349 tetrahedra created in 9.83407e-06 sec. (35488874 tets/s)
Info    : 0 node relocations
Info    : Tetrahedrizing 148 nodes...
Info    : Done tetrahedrizing 156 nodes (Wall 0.000702708s, CPU 0.000703s)
Info    : Reconstructing mesh...
Info    :  - Creating surface mesh
Info    :  - Identifying boundary edges
Info    :  - Recovering boundary
Info    :  - Added 9 Steiner points
Info    : Done reconstructing mesh (Wall 0.00865383s, CPU 0.008624s)
Info    : Found volume 121
Info    : It. 0 - 0 nodes created - worst tet radius 3.65793 (nodes removed 0 0)
Info    : 3D refinement terminated (10659 nodes total):
Info    :  - 0 Delaunay cavities modified for star shapeness
Info    :  - 18 nodes could not be inserted
Info    :  - 411 tetrahedra created in 1.81671e-05 sec. (22623342 tets/s)
Info    : 17 node relocations
Info    : Tetrahedrizing 148 nodes...
Info    : Done tetrahedrizing 156 nodes (Wall 0.000707875s, CPU 0.000699s)
Info    : Reconstructing mesh...
Info    :  - Creating surface mesh
Info    :  - Identifying boundary edges
Info    :  - Recovering boundary
Info    :  - Added 4 Steiner points
Info    : Done reconstructing mesh (Wall 0.00490608s, CPU 0.004886s)
Info    : Found volume 122
Info    : It. 0 - 0 nodes created - worst tet radius 3.57203 (nodes removed 0 0)
Info    : 3D refinement terminated (10654 nodes total):
Info    :  - 0 Delaunay cavities modified for star shapeness
Info    :  - 8 nodes could not be inserted
Info    :  - 386 tetrahedra created in 1.0042e-05 sec. (38438612 tets/s)
Info    : 6 node relocations
Info    : Tetrahedrizing 149 nodes...
Info    : Done tetrahedrizing 157 nodes (Wall 0.000730667s, CPU 0.00073s)
Info    : Reconstructing mesh...
Info    :  - Creating surface mesh
Info    :  - Identifying boundary edges
Info    :  - Recovering boundary
Info    :  - Added 2 Steiner points
Info    : Done reconstructing mesh (Wall 0.00310288s, CPU 0.003092s)
Info    : Found volume 123
Info    : It. 0 - 0 nodes created - worst tet radius 1.01419 (nodes removed 0 0)
Info    : 3D refinement terminated (10652 nodes total):
Info    :  - 0 Delaunay cavities modified for star shapeness
Info    :  - 1 nodes could not be inserted
Info    :  - 379 tetrahedra created in 6.95814e-06 sec. (54468549 tets/s)
Info    : 1 node relocations
Info    : Tetrahedrizing 150 nodes...
Info    : Done tetrahedrizing 158 nodes (Wall 0.000735459s, CPU 0.000735s)
Info    : Reconstructing mesh...
Info    :  - Creating surface mesh
Info    :  - Identifying boundary edges
Info    :  - Recovering boundary
Info    :  - Added 5 Steiner points
Info    : Done reconstructing mesh (Wall 0.00567288s, CPU 0.00565s)
Info    : Found volume 124
Info    : It. 0 - 0 nodes created - worst tet radius 1.03993 (nodes removed 0 0)
Info    : 3D refinement terminated (10655 nodes total):
Info    :  - 0 Delaunay cavities modified for star shapeness
Info    :  - 4 nodes could not be inserted
Info    :  - 397 tetrahedra created in 1.07498e-05 sec. (36930951 tets/s)
Info    : 3 node relocations
Info    : Tetrahedrizing 150 nodes...
Info    : Done tetrahedrizing 158 nodes (Wall 0.000725958s, CPU 0.000723s)
Info    : Reconstructing mesh...
Info    :  - Creating surface mesh
Info    :  - Identifying boundary edges
Info    :  - Recovering boundary
Info    :  - Added 3 Steiner points
Info    : Done reconstructing mesh (Wall 0.00373454s, CPU 0.003718s)
Info    : Found volume 125
Info    : It. 0 - 0 nodes created - worst tet radius 1.01106 (nodes removed 0 0)
Info    : 3D refinement terminated (10653 nodes total):
Info    :  - 0 Delaunay cavities modified for star shapeness
Info    :  - 2 nodes could not be inserted
Info    :  - 387 tetrahedra created in 7.00005e-06 sec. (55285293 tets/s)
Info    : 2 node relocations
Info    : Tetrahedrizing 149 nodes...
Info    : Done tetrahedrizing 157 nodes (Wall 0.00073975s, CPU 0.000736s)
Info    : Reconstructing mesh...
Info    :  - Creating surface mesh
Info    :  - Identifying boundary edges
Info    :  - Recovering boundary
Info    :  - Added 2 Steiner points
Info    : Done reconstructing mesh (Wall 0.00318946s, CPU 0.003176s)
Info    : Found volume 126
Info    : It. 0 - 0 nodes created - worst tet radius 1.00285 (nodes removed 0 0)
Info    : 3D refinement terminated (10652 nodes total):
Info    :  - 0 Delaunay cavities modified for star shapeness
Info    :  - 2 nodes could not be inserted
Info    :  - 379 tetrahedra created in 7.16606e-06 sec. (52888186 tets/s)
Info    : 1 node relocations
Info    : Tetrahedrizing 149 nodes...
Info    : Done tetrahedrizing 157 nodes (Wall 0.000737125s, CPU 0.000737s)
Info    : Reconstructing mesh...
Info    :  - Creating surface mesh
Info    :  - Identifying boundary edges
Info    :  - Recovering boundary
Info    : Done reconstructing mesh (Wall 0.00158083s, CPU 0.001572s)
Info    : Found volume 127
Info    : It. 0 - 0 nodes created - worst tet radius 0.829553 (nodes removed 0 0)
Info    : 3D refinement terminated (10650 nodes total):
Info    :  - 0 Delaunay cavities modified for star shapeness
Info    :  - 0 nodes could not be inserted
Info    :  - 369 tetrahedra created in 5.29201e-06 sec. (69727789 tets/s)
Info    : 0 node relocations
Info    : Tetrahedrizing 149 nodes...
Info    : Done tetrahedrizing 157 nodes (Wall 0.000718625s, CPU 0.000715s)
Info    : Reconstructing mesh...
Info    :  - Creating surface mesh
Info    :  - Identifying boundary edges
Info    :  - Recovering boundary
Info    :  - Added 4 Steiner points
Info    : Done reconstructing mesh (Wall 0.00471554s, CPU 0.004702s)
Info    : Found volume 128
Info    : It. 0 - 0 nodes created - worst tet radius 1.03138 (nodes removed 0 0)
Info    : 3D refinement terminated (10654 nodes total):
Info    :  - 0 Delaunay cavities modified for star shapeness
Info    :  - 2 nodes could not be inserted
Info    :  - 389 tetrahedra created in 1.00001e-05 sec. (38899703 tets/s)
Info    : 2 node relocations
Info    : Tetrahedrizing 149 nodes...
Info    : Done tetrahedrizing 157 nodes (Wall 0.000732125s, CPU 0.000728s)
Info    : Reconstructing mesh...
Info    :  - Creating surface mesh
Info    :  - Identifying boundary edges
Info    :  - Recovering boundary
Info    :  - Added 2 Steiner points
Info    : Done reconstructing mesh (Wall 0.00325554s, CPU 0.003241s)
Info    : Found volume 129
Info    : It. 0 - 0 nodes created - worst tet radius 0.985194 (nodes removed 0 0)
Info    : 3D refinement terminated (10652 nodes total):
Info    :  - 0 Delaunay cavities modified for star shapeness
Info    :  - 0 nodes could not be inserted
Info    :  - 379 tetrahedra created in 1.08751e-05 sec. (34850402 tets/s)
Info    : 0 node relocations
Info    : Tetrahedrizing 149 nodes...
Info    : Done tetrahedrizing 157 nodes (Wall 0.000725792s, CPU 0.000726s)
Info    : Reconstructing mesh...
Info    :  - Creating surface mesh
Info    :  - Identifying boundary edges
Info    :  - Recovering boundary
Info    :  - Added 1 Steiner point
Info    : Done reconstructing mesh (Wall 0.00241687s, CPU 0.002403s)
Info    : Found volume 130
Info    : It. 0 - 0 nodes created - worst tet radius 0.894432 (nodes removed 0 0)
Info    : 3D refinement terminated (10651 nodes total):
Info    :  - 0 Delaunay cavities modified for star shapeness
Info    :  - 0 nodes could not be inserted
Info    :  - 374 tetrahedra created in 5.29201e-06 sec. (70672610 tets/s)
Info    : 0 node relocations
Info    : Tetrahedrizing 149 nodes...
Info    : Done tetrahedrizing 157 nodes (Wall 0.0007365s, CPU 0.000736s)
Info    : Reconstructing mesh...
Info    :  - Creating surface mesh
Info    :  - Identifying boundary edges
Info    :  - Recovering boundary
Info    :  - Added 2 Steiner points
Info    : Done reconstructing mesh (Wall 0.0032945s, CPU 0.003284s)
Info    : Found volume 131
Info    : It. 0 - 0 nodes created - worst tet radius 1.00553 (nodes removed 0 0)
Info    : 3D refinement terminated (10652 nodes total):
Info    :  - 0 Delaunay cavities modified for star shapeness
Info    :  - 2 nodes could not be inserted
Info    :  - 379 tetrahedra created in 6.83288e-06 sec. (55467087 tets/s)
Info    : 2 node relocations
Info    : Tetrahedrizing 149 nodes...
Info    : Done tetrahedrizing 157 nodes (Wall 0.00071775s, CPU 0.000717s)
Info    : Reconstructing mesh...
Info    :  - Creating surface mesh
Info    :  - Identifying boundary edges
Info    :  - Recovering boundary
Info    :  - Added 2 Steiner points
Info    : Done reconstructing mesh (Wall 0.00310563s, CPU 0.003063s)
Info    : Found volume 132
Info    : It. 0 - 0 nodes created - worst tet radius 1.00461 (nodes removed 0 0)
Info    : 3D refinement terminated (10652 nodes total):
Info    :  - 0 Delaunay cavities modified for star shapeness
Info    :  - 2 nodes could not be inserted
Info    :  - 379 tetrahedra created in 6.91693e-06 sec. (54793072 tets/s)
Info    : 1 node relocations
Info    : Tetrahedrizing 149 nodes...
Info    : Done tetrahedrizing 157 nodes (Wall 0.000715042s, CPU 0.000715s)
Info    : Reconstructing mesh...
Info    :  - Creating surface mesh
Info    :  - Identifying boundary edges
Info    :  - Recovering boundary
Info    :  - Added 1 Steiner point
Info    : Done reconstructing mesh (Wall 0.00237246s, CPU 0.002354s)
Info    : Found volume 133
Info    : It. 0 - 0 nodes created - worst tet radius 0.950989 (nodes removed 0 0)
Info    : 3D refinement terminated (10651 nodes total):
Info    :  - 0 Delaunay cavities modified for star shapeness
Info    :  - 0 nodes could not be inserted
Info    :  - 374 tetrahedra created in 5.49993e-06 sec. (68000921 tets/s)
Info    : 0 node relocations
Info    : Tetrahedrizing 148 nodes...
Info    : Done tetrahedrizing 156 nodes (Wall 0.00071425s, CPU 0.000714s)
Info    : Reconstructing mesh...
Info    :  - Creating surface mesh
Info    :  - Identifying boundary edges
Info    :  - Recovering boundary
Info    :  - Added 3 Steiner points
Info    : Done reconstructing mesh (Wall 0.00397846s, CPU 0.003968s)
Info    : Found volume 134
Info    : It. 0 - 0 nodes created - worst tet radius 0.901696 (nodes removed 0 0)
Info    : 3D refinement terminated (10653 nodes total):
Info    :  - 0 Delaunay cavities modified for star shapeness
Info    :  - 0 nodes could not be inserted
Info    :  - 381 tetrahedra created in 5.24987e-06 sec. (72573289 tets/s)
Info    : 0 node relocations
Info    : Tetrahedrizing 648 nodes...
Info    : Done tetrahedrizing 656 nodes (Wall 0.00387746s, CPU 0.003849s)
Info    : Reconstructing mesh...
Info    :  - Creating surface mesh
Info    :  - Identifying boundary edges
Info    :  - Recovering boundary
Info    :  - Added 13 Steiner points
Info    : Done reconstructing mesh (Wall 0.0186095s, CPU 0.018407s)
Info    : Found volume 135
Info    : It. 0 - 0 nodes created - worst tet radius 4.2875 (nodes removed 0 0)
Info    : 3D refinement terminated (10663 nodes total):
Info    :  - 0 Delaunay cavities modified for star shapeness
Info    :  - 26 nodes could not be inserted
Info    :  - 1799 tetrahedra created in 3.69591e-05 sec. (48675466 tets/s)
Info    : 22 node relocations
Info    : Tetrahedrizing 172 nodes...
Info    : Done tetrahedrizing 180 nodes (Wall 0.0008785s, CPU 0.000878s)
Info    : Reconstructing mesh...
Info    :  - Creating surface mesh
Info    :  - Identifying boundary edges
Info    :  - Recovering boundary
Info    : Done reconstructing mesh (Wall 0.00181113s, CPU 0.001802s)
Info    : Found volume 136
Info    : It. 0 - 0 nodes created - worst tet radius 0.741204 (nodes removed 0 0)
Info    : 3D refinement terminated (10650 nodes total):
Info    :  - 0 Delaunay cavities modified for star shapeness
Info    :  - 0 nodes could not be inserted
Info    :  - 445 tetrahedra created in 6.33416e-06 sec. (70254013 tets/s)
Info    : 0 node relocations
Info    : Tetrahedrizing 172 nodes...
Info    : Done tetrahedrizing 180 nodes (Wall 0.000879625s, CPU 0.000874s)
Info    : Reconstructing mesh...
Info    :  - Creating surface mesh
Info    :  - Identifying boundary edges
Info    :  - Recovering boundary
Info    :  - Added 1 Steiner point
Info    : Done reconstructing mesh (Wall 0.00264854s, CPU 0.002632s)
Info    : Found volume 137
Info    : It. 0 - 0 nodes created - worst tet radius 0.882921 (nodes removed 0 0)
Info    : 3D refinement terminated (10651 nodes total):
Info    :  - 0 Delaunay cavities modified for star shapeness
Info    :  - 0 nodes could not be inserted
Info    :  - 450 tetrahedra created in 6.16605e-06 sec. (72980224 tets/s)
Info    : 0 node relocations
Info    : Tetrahedrizing 172 nodes...
Info    : Done tetrahedrizing 180 nodes (Wall 0.000870583s, CPU 0.000865s)
Info    : Reconstructing mesh...
Info    :  - Creating surface mesh
Info    :  - Identifying boundary edges
Info    :  - Recovering boundary
Info    :  - Added 3 Steiner points
Info    : Done reconstructing mesh (Wall 0.00428904s, CPU 0.004241s)
Info    : Found volume 138
Info    : It. 0 - 0 nodes created - worst tet radius 0.840741 (nodes removed 0 0)
Info    : 3D refinement terminated (10653 nodes total):
Info    :  - 0 Delaunay cavities modified for star shapeness
Info    :  - 0 nodes could not be inserted
Info    :  - 460 tetrahedra created in 6.6252e-06 sec. (69431908 tets/s)
Info    : 0 node relocations
Info    : Tetrahedrizing 172 nodes...
Info    : Done tetrahedrizing 180 nodes (Wall 0.000877458s, CPU 0.000877s)
Info    : Reconstructing mesh...
Info    :  - Creating surface mesh
Info    :  - Identifying boundary edges
Info    :  - Recovering boundary
Info    :  - Added 1 Steiner point
Info    : Done reconstructing mesh (Wall 0.00263617s, CPU 0.002625s)
Info    : Found volume 139
Info    : It. 0 - 0 nodes created - worst tet radius 0.856612 (nodes removed 0 0)
Info    : 3D refinement terminated (10651 nodes total):
Info    :  - 0 Delaunay cavities modified for star shapeness
Info    :  - 0 nodes could not be inserted
Info    :  - 450 tetrahedra created in 9.33302e-06 sec. (48215923 tets/s)
Info    : 0 node relocations
Info    : Tetrahedrizing 172 nodes...
Info    : Done tetrahedrizing 180 nodes (Wall 0.000893208s, CPU 0.000887s)
Info    : Reconstructing mesh...
Info    :  - Creating surface mesh
Info    :  - Identifying boundary edges
Info    :  - Recovering boundary
Info    :  - Added 1 Steiner point
Info    : Done reconstructing mesh (Wall 0.00265146s, CPU 0.002635s)
Info    : Found volume 140
Info    : It. 0 - 0 nodes created - worst tet radius 0.834797 (nodes removed 0 0)
Info    : 3D refinement terminated (10651 nodes total):
Info    :  - 0 Delaunay cavities modified for star shapeness
Info    :  - 0 nodes could not be inserted
Info    :  - 450 tetrahedra created in 6.16582e-06 sec. (72982980 tets/s)
Info    : 0 node relocations
Info    : Tetrahedrizing 172 nodes...
Info    : Done tetrahedrizing 180 nodes (Wall 0.000891417s, CPU 0.000883s)
Info    : Reconstructing mesh...
Info    :  - Creating surface mesh
Info    :  - Identifying boundary edges
Info    :  - Recovering boundary
Info    :  - Added 2 Steiner points
Info    : Done reconstructing mesh (Wall 0.00356892s, CPU 0.003534s)
Info    : Found volume 141
Info    : It. 0 - 0 nodes created - worst tet radius 0.872563 (nodes removed 0 0)
Info    : 3D refinement terminated (10652 nodes total):
Info    :  - 0 Delaunay cavities modified for star shapeness
Info    :  - 0 nodes could not be inserted
Info    :  - 455 tetrahedra created in 6.49993e-06 sec. (70000720 tets/s)
Info    : 0 node relocations
Info    : Tetrahedrizing 172 nodes...
Info    : Done tetrahedrizing 180 nodes (Wall 0.000866458s, CPU 0.00086s)
Info    : Reconstructing mesh...
Info    :  - Creating surface mesh
Info    :  - Identifying boundary edges
Info    :  - Recovering boundary
Info    : Done reconstructing mesh (Wall 0.00174808s, CPU 0.001733s)
Info    : Found volume 142
Info    : It. 0 - 0 nodes created - worst tet radius 0.705425 (nodes removed 0 0)
Info    : 3D refinement terminated (10650 nodes total):
Info    :  - 0 Delaunay cavities modified for star shapeness
Info    :  - 0 nodes could not be inserted
Info    :  - 453 tetrahedra created in 6.0841e-06 sec. (74456399 tets/s)
Info    : 0 node relocations
Info    : Tetrahedrizing 172 nodes...
Info    : Done tetrahedrizing 180 nodes (Wall 0.000876875s, CPU 0.000869s)
Info    : Reconstructing mesh...
Info    :  - Creating surface mesh
Info    :  - Identifying boundary edges
Info    :  - Recovering boundary
Info    : Done reconstructing mesh (Wall 0.00183342s, CPU 0.001812s)
Info    : Found volume 143
Info    : It. 0 - 0 nodes created - worst tet radius 0.741204 (nodes removed 0 0)
Info    : 3D refinement terminated (10650 nodes total):
Info    :  - 0 Delaunay cavities modified for star shapeness
Info    :  - 0 nodes could not be inserted
Info    :  - 445 tetrahedra created in 8.167e-06 sec. (54487568 tets/s)
Info    : 0 node relocations
Info    : Tetrahedrizing 172 nodes...
Info    : Done tetrahedrizing 180 nodes (Wall 0.000888s, CPU 0.000888s)
Info    : Reconstructing mesh...
Info    :  - Creating surface mesh
Info    :  - Identifying boundary edges
Info    :  - Recovering boundary
Info    :  - Added 1 Steiner point
Info    : Done reconstructing mesh (Wall 0.00258612s, CPU 0.002575s)
Info    : Found volume 144
Info    : It. 0 - 0 nodes created - worst tet radius 0.888262 (nodes removed 0 0)
Info    : 3D refinement terminated (10651 nodes total):
Info    :  - 0 Delaunay cavities modified for star shapeness
Info    :  - 0 nodes could not be inserted
Info    :  - 450 tetrahedra created in 8.33301e-06 sec. (54002103 tets/s)
Info    : 0 node relocations
Info    : Tetrahedrizing 172 nodes...
Info    : Done tetrahedrizing 180 nodes (Wall 0.000905625s, CPU 0.000905s)
Info    : Reconstructing mesh...
Info    :  - Creating surface mesh
Info    :  - Identifying boundary edges
Info    :  - Recovering boundary
Info    : Done reconstructing mesh (Wall 0.00185483s, CPU 0.001836s)
Info    : Found volume 145
Info    : It. 0 - 0 nodes created - worst tet radius 0.741204 (nodes removed 0 0)
Info    : 3D refinement terminated (10650 nodes total):
Info    :  - 0 Delaunay cavities modified for star shapeness
Info    :  - 0 nodes could not be inserted
Info    :  - 445 tetrahedra created in 5.91693e-06 sec. (75207982 tets/s)
Info    : 0 node relocations
Info    : Tetrahedrizing 172 nodes...
Info    : Done tetrahedrizing 180 nodes (Wall 0.00085625s, CPU 0.000853s)
Info    : Reconstructing mesh...
Info    :  - Creating surface mesh
Info    :  - Identifying boundary edges
Info    :  - Recovering boundary
Info    : Done reconstructing mesh (Wall 0.00181396s, CPU 0.001798s)
Info    : Found volume 146
Info    : It. 0 - 0 nodes created - worst tet radius 0.741204 (nodes removed 0 0)
Info    : 3D refinement terminated (10650 nodes total):
Info    :  - 0 Delaunay cavities modified for star shapeness
Info    :  - 0 nodes could not be inserted
Info    :  - 445 tetrahedra created in 5.95907e-06 sec. (74676113 tets/s)
Info    : 0 node relocations
Info    : Tetrahedrizing 172 nodes...
Info    : Done tetrahedrizing 180 nodes (Wall 0.000893459s, CPU 0.000893s)
Info    : Reconstructing mesh...
Info    :  - Creating surface mesh
Info    :  - Identifying boundary edges
Info    :  - Recovering boundary
Info    :  - Added 1 Steiner point
Info    : Done reconstructing mesh (Wall 0.00267121s, CPU 0.002647s)
Info    : Found volume 147
Info    : It. 0 - 0 nodes created - worst tet radius 0.866014 (nodes removed 0 0)
Info    : 3D refinement terminated (10651 nodes total):
Info    :  - 0 Delaunay cavities modified for star shapeness
Info    :  - 0 nodes could not be inserted
Info    :  - 450 tetrahedra created in 6.00005e-06 sec. (74999428 tets/s)
Info    : 0 node relocations
Info    : Tetrahedrizing 166 nodes...
Info    : Done tetrahedrizing 174 nodes (Wall 0.000758625s, CPU 0.000754s)
Info    : Reconstructing mesh...
Info    :  - Creating surface mesh
Info    :  - Identifying boundary edges
Info    :  - Recovering boundary
Info    :  - Added 5 Steiner points
Info    : Done reconstructing mesh (Wall 0.00579575s, CPU 0.005782s)
Info    : Found volume 148
Info    : It. 0 - 0 nodes created - worst tet radius 4.02135 (nodes removed 0 0)
Info    : 3D refinement terminated (10655 nodes total):
Info    :  - 0 Delaunay cavities modified for star shapeness
Info    :  - 10 nodes could not be inserted
Info    :  - 427 tetrahedra created in 1.46669e-05 sec. (29113106 tets/s)
Info    : 10 node relocations
Info    : Tetrahedrizing 148 nodes...
Info    : Done tetrahedrizing 156 nodes (Wall 0.000680583s, CPU 0.00068s)
Info    : Reconstructing mesh...
Info    :  - Creating surface mesh
Info    :  - Identifying boundary edges
Info    :  - Recovering boundary
Info    : Done reconstructing mesh (Wall 0.00143696s, CPU 0.001428s)
Info    : Found volume 149
Info    : It. 0 - 0 nodes created - worst tet radius 1.87081 (nodes removed 0 0)
Info    : 3D refinement terminated (10650 nodes total):
Info    :  - 0 Delaunay cavities modified for star shapeness
Info    :  - 62 nodes could not be inserted
Info    :  - 397 tetrahedra created in 5.13331e-05 sec. (7733800 tets/s)
Info    : 0 node relocations
Info    : Tetrahedrizing 148 nodes...
Info    : Done tetrahedrizing 156 nodes (Wall 0.000697s, CPU 0.000697s)
Info    : Reconstructing mesh...
Info    :  - Creating surface mesh
Info    :  - Identifying boundary edges
Info    :  - Recovering boundary
Info    :  - Added 3 Steiner points
Info    : Done reconstructing mesh (Wall 0.00394033s, CPU 0.003929s)
Info    : Found volume 150
Info    : It. 0 - 0 nodes created - worst tet radius 3.99286 (nodes removed 0 0)
Info    : 3D refinement terminated (10653 nodes total):
Info    :  - 0 Delaunay cavities modified for star shapeness
Info    :  - 6 nodes could not be inserted
Info    :  - 381 tetrahedra created in 1.2167e-05 sec. (31314130 tets/s)
Info    : 5 node relocations
Info    : Tetrahedrizing 102 nodes...
Info    : Done tetrahedrizing 110 nodes (Wall 0.000414084s, CPU 0.000414s)
Info    : Reconstructing mesh...
Info    :  - Creating surface mesh
Info    :  - Identifying boundary edges
Info    :  - Recovering boundary
Info    : Done reconstructing mesh (Wall 0.000972792s, CPU 0.000951s)
Info    : Found volume 151
Info    : It. 0 - 0 nodes created - worst tet radius 0.771531 (nodes removed 0 0)
Info    : 3D refinement terminated (10650 nodes total):
Info    :  - 0 Delaunay cavities modified for star shapeness
Info    :  - 0 nodes could not be inserted
Info    :  - 247 tetrahedra created in 4.49992e-06 sec. (54889890 tets/s)
Info    : 0 node relocations
Info    : Tetrahedrizing 148 nodes...
Info    : Done tetrahedrizing 156 nodes (Wall 0.000684417s, CPU 0.000684s)
Info    : Reconstructing mesh...
Info    :  - Creating surface mesh
Info    :  - Identifying boundary edges
Info    :  - Recovering boundary
Info    : Done reconstructing mesh (Wall 0.00144454s, CPU 0.001435s)
Info    : Found volume 152
Info    : It. 0 - 0 nodes created - worst tet radius 1.87081 (nodes removed 0 0)
Info    : 3D refinement terminated (10650 nodes total):
Info    :  - 0 Delaunay cavities modified for star shapeness
Info    :  - 62 nodes could not be inserted
Info    :  - 397 tetrahedra created in 5.08751e-05 sec. (7803420 tets/s)
Info    : 0 node relocations
Info    : Tetrahedrizing 148 nodes...
Info    : Done tetrahedrizing 156 nodes (Wall 0.000699541s, CPU 0.000699s)
Info    : Reconstructing mesh...
Info    :  - Creating surface mesh
Info    :  - Identifying boundary edges
Info    :  - Recovering boundary
Info    :  - Added 3 Steiner points
Info    : Done reconstructing mesh (Wall 0.00370717s, CPU 0.003691s)
Info    : Found volume 153
Info    : It. 0 - 0 nodes created - worst tet radius 3.84692 (nodes removed 0 0)
Info    : 3D refinement terminated (10653 nodes total):
Info    :  - 0 Delaunay cavities modified for star shapeness
Info    :  - 6 nodes could not be inserted
Info    :  - 381 tetrahedra created in 9.33302e-06 sec. (40822815 tets/s)
Info    : 4 node relocations
Info    : Tetrahedrizing 254 nodes...
Info    : Done tetrahedrizing 262 nodes (Wall 0.00134554s, CPU 0.001343s)
Info    : Reconstructing mesh...
Info    :  - Creating surface mesh
Info    :  - Identifying boundary edges
Info    :  - Recovering boundary
Info    :  - Added 3 Steiner points
Info    : Done reconstructing mesh (Wall 0.00520058s, CPU 0.005177s)
Info    : Found volume 154
Info    : It. 0 - 0 nodes created - worst tet radius 3.80555 (nodes removed 0 0)
Info    : 3D refinement terminated (10653 nodes total):
Info    :  - 0 Delaunay cavities modified for star shapeness
Info    :  - 6 nodes could not be inserted
Info    :  - 657 tetrahedra created in 1.50001e-05 sec. (43799666 tets/s)
Info    : 6 node relocations
Info    : Tetrahedrizing 148 nodes...
Info    : Done tetrahedrizing 156 nodes (Wall 0.000689875s, CPU 0.00069s)
Info    : Reconstructing mesh...
Info    :  - Creating surface mesh
Info    :  - Identifying boundary edges
Info    :  - Recovering boundary
Info    : Done reconstructing mesh (Wall 0.00144896s, CPU 0.00144s)
Info    : Found volume 155
Info    : It. 0 - 0 nodes created - worst tet radius 1.93653 (nodes removed 0 0)
Info    : 3D refinement terminated (10650 nodes total):
Info    :  - 0 Delaunay cavities modified for star shapeness
Info    :  - 96 nodes could not be inserted
Info    :  - 398 tetrahedra created in 8.15841e-05 sec. (4878402 tets/s)
Info    : 0 node relocations
Info    : Tetrahedrizing 148 nodes...
Info    : Done tetrahedrizing 156 nodes (Wall 0.000697083s, CPU 0.000697s)
Info    : Reconstructing mesh...
Info    :  - Creating surface mesh
Info    :  - Identifying boundary edges
Info    :  - Recovering boundary
Info    :  - Added 4 Steiner points
Info    : Done reconstructing mesh (Wall 0.00454121s, CPU 0.004521s)
Info    : Found volume 156
Info    : It. 0 - 0 nodes created - worst tet radius 3.72241 (nodes removed 0 0)
Info    : 3D refinement terminated (10654 nodes total):
Info    :  - 0 Delaunay cavities modified for star shapeness
Info    :  - 8 nodes could not be inserted
Info    :  - 386 tetrahedra created in 9.6669e-06 sec. (39930089 tets/s)
Info    : 6 node relocations
Info    : Tetrahedrizing 150 nodes...
Info    : Done tetrahedrizing 158 nodes (Wall 0.000697125s, CPU 0.000697s)
Info    : Reconstructing mesh...
Info    :  - Creating surface mesh
Info    :  - Identifying boundary edges
Info    :  - Recovering boundary
Info    :  - Added 2 Steiner points
Info    : Done reconstructing mesh (Wall 0.00311896s, CPU 0.003108s)
Info    : Found volume 157
Info    : It. 0 - 0 nodes created - worst tet radius 1.04902 (nodes removed 0 0)
Info    : 3D refinement terminated (10652 nodes total):
Info    :  - 0 Delaunay cavities modified for star shapeness
Info    :  - 4 nodes could not be inserted
Info    :  - 382 tetrahedra created in 7.70902e-06 sec. (49552325 tets/s)
Info    : 3 node relocations
Info    : Tetrahedrizing 148 nodes...
Info    : Done tetrahedrizing 156 nodes (Wall 0.00069775s, CPU 0.000697s)
Info    : Reconstructing mesh...
Info    :  - Creating surface mesh
Info    :  - Identifying boundary edges
Info    :  - Recovering boundary
Info    :  - Added 2 Steiner points
Info    : Done reconstructing mesh (Wall 0.00302925s, CPU 0.003019s)
Info    : Found volume 158
Info    : It. 0 - 0 nodes created - worst tet radius 0.960836 (nodes removed 0 0)
Info    : 3D refinement terminated (10652 nodes total):
Info    :  - 0 Delaunay cavities modified for star shapeness
Info    :  - 0 nodes could not be inserted
Info    :  - 376 tetrahedra created in 5.16698e-06 sec. (72769813 tets/s)
Info    : 0 node relocations
Info    : Tetrahedrizing 150 nodes...
Info    : Done tetrahedrizing 158 nodes (Wall 0.000698417s, CPU 0.000695s)
Info    : Reconstructing mesh...
Info    :  - Creating surface mesh
Info    :  - Identifying boundary edges
Info    :  - Recovering boundary
Info    :  - Added 5 Steiner points
Info    : Done reconstructing mesh (Wall 0.00536371s, CPU 0.005348s)
Info    : Found volume 159
Info    : It. 0 - 0 nodes created - worst tet radius 1.06681 (nodes removed 0 0)
Info    : 3D refinement terminated (10655 nodes total):
Info    :  - 0 Delaunay cavities modified for star shapeness
Info    :  - 6 nodes could not be inserted
Info    :  - 397 tetrahedra created in 9.08412e-06 sec. (43702635 tets/s)
Info    : 5 node relocations
Info    : Tetrahedrizing 150 nodes...
Info    : Done tetrahedrizing 158 nodes (Wall 0.00069775s, CPU 0.000694s)
Info    : Reconstructing mesh...
Info    :  - Creating surface mesh
Info    :  - Identifying boundary edges
Info    :  - Recovering boundary
Info    :  - Added 2 Steiner points
Info    : Done reconstructing mesh (Wall 0.00314271s, CPU 0.003125s)
Info    : Found volume 160
Info    : It. 0 - 0 nodes created - worst tet radius 0.961053 (nodes removed 0 0)
Info    : 3D refinement terminated (10652 nodes total):
Info    :  - 0 Delaunay cavities modified for star shapeness
Info    :  - 0 nodes could not be inserted
Info    :  - 382 tetrahedra created in 8.24989e-06 sec. (46303657 tets/s)
Info    : 0 node relocations
Info    : Tetrahedrizing 150 nodes...
Info    : Done tetrahedrizing 158 nodes (Wall 0.000700458s, CPU 0.0007s)
Info    : Reconstructing mesh...
Info    :  - Creating surface mesh
Info    :  - Identifying boundary edges
Info    :  - Recovering boundary
Info    :  - Added 2 Steiner points
Info    : Done reconstructing mesh (Wall 0.00305933s, CPU 0.003049s)
Info    : Found volume 161
Info    : It. 0 - 0 nodes created - worst tet radius 1.03993 (nodes removed 0 0)
Info    : 3D refinement terminated (10652 nodes total):
Info    :  - 0 Delaunay cavities modified for star shapeness
Info    :  - 3 nodes could not be inserted
Info    :  - 382 tetrahedra created in 7.16583e-06 sec. (53308558 tets/s)
Info    : 3 node relocations
Info    : Tetrahedrizing 149 nodes...
Info    : Done tetrahedrizing 157 nodes (Wall 0.00069975s, CPU 0.000699s)
Info    : Reconstructing mesh...
Info    :  - Creating surface mesh
Info    :  - Identifying boundary edges
Info    :  - Recovering boundary
Info    :  - Added 3 Steiner points
Info    : Done reconstructing mesh (Wall 0.00412838s, CPU 0.004112s)
Info    : Found volume 162
Info    : It. 0 - 0 nodes created - worst tet radius 0.993318 (nodes removed 0 0)
Info    : 3D refinement terminated (10653 nodes total):
Info    :  - 0 Delaunay cavities modified for star shapeness
Info    :  - 0 nodes could not be inserted
Info    :  - 384 tetrahedra created in 5.37513e-06 sec. (71440156 tets/s)
Info    : 0 node relocations
Info    : Tetrahedrizing 150 nodes...
Info    : Done tetrahedrizing 158 nodes (Wall 0.000708375s, CPU 0.000708s)
Info    : Reconstructing mesh...
Info    :  - Creating surface mesh
Info    :  - Identifying boundary edges
Info    :  - Recovering boundary
Info    :  - Added 4 Steiner points
Info    : Done reconstructing mesh (Wall 0.00469363s, CPU 0.004682s)
Info    : Found volume 163
Info    : It. 0 - 0 nodes created - worst tet radius 1.06206 (nodes removed 0 0)
Info    : 3D refinement terminated (10654 nodes total):
Info    :  - 0 Delaunay cavities modified for star shapeness
Info    :  - 4 nodes could not be inserted
Info    :  - 392 tetrahedra created in 1.19999e-05 sec. (32667051 tets/s)
Info    : 3 node relocations
Info    : Tetrahedrizing 149 nodes...
Info    : Done tetrahedrizing 157 nodes (Wall 0.000714333s, CPU 0.000714s)
Info    : Reconstructing mesh...
Info    :  - Creating surface mesh
Info    :  - Identifying boundary edges
Info    :  - Recovering boundary
Info    :  - Added 1 Steiner point
Info    : Done reconstructing mesh (Wall 0.00222587s, CPU 0.002216s)
Info    : Found volume 164
Info    : It. 0 - 0 nodes created - worst tet radius 0.87345 (nodes removed 0 0)
Info    : 3D refinement terminated (10651 nodes total):
Info    :  - 0 Delaunay cavities modified for star shapeness
Info    :  - 0 nodes could not be inserted
Info    :  - 374 tetrahedra created in 5.2501e-06 sec. (71236762 tets/s)
Info    : 0 node relocations
Info    : Tetrahedrizing 148 nodes...
Info    : Done tetrahedrizing 156 nodes (Wall 0.000697208s, CPU 0.000697s)
Info    : Reconstructing mesh...
Info    :  - Creating surface mesh
Info    :  - Identifying boundary edges
Info    :  - Recovering boundary
Info    : Done reconstructing mesh (Wall 0.00154637s, CPU 0.001535s)
Info    : Found volume 165
Info    : It. 0 - 0 nodes created - worst tet radius 0.604889 (nodes removed 0 0)
Info    : 3D refinement terminated (10650 nodes total):
Info    :  - 0 Delaunay cavities modified for star shapeness
Info    :  - 0 nodes could not be inserted
Info    :  - 366 tetrahedra created in 5.04195e-06 sec. (72590996 tets/s)
Info    : 0 node relocations
Info    : Tetrahedrizing 150 nodes...
Info    : Done tetrahedrizing 158 nodes (Wall 0.000696417s, CPU 0.000696s)
Info    : Reconstructing mesh...
Info    :  - Creating surface mesh
Info    :  - Identifying boundary edges
Info    :  - Recovering boundary
Info    :  - Added 3 Steiner points
Info    : Done reconstructing mesh (Wall 0.00399979s, CPU 0.003989s)
Info    : Found volume 166
Info    : It. 0 - 0 nodes created - worst tet radius 1.03961 (nodes removed 0 0)
Info    : 3D refinement terminated (10653 nodes total):
Info    :  - 0 Delaunay cavities modified for star shapeness
Info    :  - 4 nodes could not be inserted
Info    :  - 387 tetrahedra created in 1.09999e-05 sec. (35182294 tets/s)
Info    : 3 node relocations
Info    : Tetrahedrizing 149 nodes...
Info    : Done tetrahedrizing 157 nodes (Wall 0.000707334s, CPU 0.000704s)
Info    : Reconstructing mesh...
Info    :  - Creating surface mesh
Info    :  - Identifying boundary edges
Info    :  - Recovering boundary
Info    :  - Added 3 Steiner points
Info    : Done reconstructing mesh (Wall 0.003818s, CPU 0.003804s)
Info    : Found volume 167
Info    : It. 0 - 0 nodes created - worst tet radius 1.00432 (nodes removed 0 0)
Info    : 3D refinement terminated (10653 nodes total):
Info    :  - 0 Delaunay cavities modified for star shapeness
Info    :  - 2 nodes could not be inserted
Info    :  - 384 tetrahedra created in 6.83405e-06 sec. (56189269 tets/s)
Info    : 2 node relocations
Info    : Tetrahedrizing 148 nodes...
Info    : Done tetrahedrizing 156 nodes (Wall 0.000712083s, CPU 0.000712s)
Info    : Reconstructing mesh...
Info    :  - Creating surface mesh
Info    :  - Identifying boundary edges
Info    :  - Recovering boundary
Info    :  - Added 2 Steiner points
Info    : Done reconstructing mesh (Wall 0.00314025s, CPU 0.003129s)
Info    : Found volume 168
Info    : It. 0 - 0 nodes created - worst tet radius 0.87345 (nodes removed 0 0)
Info    : 3D refinement terminated (10652 nodes total):
Info    :  - 0 Delaunay cavities modified for star shapeness
Info    :  - 0 nodes could not be inserted
Info    :  - 376 tetrahedra created in 6.91693e-06 sec. (54359354 tets/s)
Info    : 0 node relocations
Info    : Done meshing 3D (Wall 1.38531s, CPU 1.3773s)
Info    : Optimizing mesh...
Info    : Optimizing volume 100
Info    : Optimization starts (volume = 1.2985e-09) with worst = 0.0191008 / average = 0.222833:
Info    : 0.00 < quality < 0.10 :         6 elements
Info    : 0.10 < quality < 0.20 :        24 elements
Info    : 0.20 < quality < 0.30 :       249 elements
Info    : 0.30 < quality < 0.40 :         0 elements
Info    : 0.40 < quality < 0.50 :         0 elements
Info    : 0.50 < quality < 0.60 :         0 elements
Info    : 0.60 < quality < 0.70 :         0 elements
Info    : 0.70 < quality < 0.80 :         0 elements
Info    : 0.80 < quality < 0.90 :         0 elements
Info    : 0.90 < quality < 1.00 :         0 elements
Info    : 22 edge swaps, 3 node relocations (volume = 1.2985e-09): worst = 0.0191008 / average = 0.222863 (Wall 0.00120583s, CPU 0.001184s)
Info    : 29 edge swaps, 5 node relocations (volume = 1.2985e-09): worst = 0.0191008 / average = 0.222863 (Wall 0.0024855s, CPU 0.002458s)
Info    : No ill-shaped tets in the mesh :-)
Info    : 0.00 < quality < 0.10 :         6 elements
Info    : 0.10 < quality < 0.20 :        23 elements
Info    : 0.20 < quality < 0.30 :       229 elements
Info    : 0.30 < quality < 0.40 :         0 elements
Info    : 0.40 < quality < 0.50 :         0 elements
Info    : 0.50 < quality < 0.60 :         0 elements
Info    : 0.60 < quality < 0.70 :         0 elements
Info    : 0.70 < quality < 0.80 :         0 elements
Info    : 0.80 < quality < 0.90 :         0 elements
Info    : 0.90 < quality < 1.00 :         0 elements
Info    : Optimizing volume 101
Info    : Optimization starts (volume = 1.2985e-09) with worst = 0.0211655 / average = 0.226598:
Info    : 0.00 < quality < 0.10 :         2 elements
Info    : 0.10 < quality < 0.20 :        15 elements
Info    : 0.20 < quality < 0.30 :       252 elements
Info    : 0.30 < quality < 0.40 :         0 elements
Info    : 0.40 < quality < 0.50 :         0 elements
Info    : 0.50 < quality < 0.60 :         0 elements
Info    : 0.60 < quality < 0.70 :         0 elements
Info    : 0.70 < quality < 0.80 :         0 elements
Info    : 0.80 < quality < 0.90 :         0 elements
Info    : 0.90 < quality < 1.00 :         0 elements
Info    : 29 edge swaps, 1 node relocations (volume = 1.2985e-09): worst = 0.0211655 / average = 0.22662 (Wall 0.00111692s, CPU 0.0011s)
Info    : 31 edge swaps, 5 node relocations (volume = 1.2985e-09): worst = 0.0211655 / average = 0.22662 (Wall 0.00233579s, CPU 0.002314s)
Info    : No ill-shaped tets in the mesh :-)
Info    : 0.00 < quality < 0.10 :         2 elements
Info    : 0.10 < quality < 0.20 :        13 elements
Info    : 0.20 < quality < 0.30 :       246 elements
Info    : 0.30 < quality < 0.40 :         0 elements
Info    : 0.40 < quality < 0.50 :         0 elements
Info    : 0.50 < quality < 0.60 :         0 elements
Info    : 0.60 < quality < 0.70 :         0 elements
Info    : 0.70 < quality < 0.80 :         0 elements
Info    : 0.80 < quality < 0.90 :         0 elements
Info    : 0.90 < quality < 1.00 :         0 elements
Info    : Optimizing volume 102
Info    : Optimization starts (volume = 8.12997e-11) with worst = 0.0474518 / average = 0.247383:
Info    : 0.00 < quality < 0.10 :         2 elements
Info    : 0.10 < quality < 0.20 :         5 elements
Info    : 0.20 < quality < 0.30 :        19 elements
Info    : 0.30 < quality < 0.40 :        15 elements
Info    : 0.40 < quality < 0.50 :         0 elements
Info    : 0.50 < quality < 0.60 :         0 elements
Info    : 0.60 < quality < 0.70 :         0 elements
Info    : 0.70 < quality < 0.80 :         0 elements
Info    : 0.80 < quality < 0.90 :         0 elements
Info    : 0.90 < quality < 1.00 :         0 elements
Info    : 4 edge swaps, 1 node relocations (volume = 8.12997e-11): worst = 0.0474518 / average = 0.247777 (Wall 0.000109708s, CPU 9.7e-05s)
Info    : No ill-shaped tets in the mesh :-)
Info    : 0.00 < quality < 0.10 :         2 elements
Info    : 0.10 < quality < 0.20 :         1 elements
Info    : 0.20 < quality < 0.30 :        23 elements
Info    : 0.30 < quality < 0.40 :        15 elements
Info    : 0.40 < quality < 0.50 :         0 elements
Info    : 0.50 < quality < 0.60 :         0 elements
Info    : 0.60 < quality < 0.70 :         0 elements
Info    : 0.70 < quality < 0.80 :         0 elements
Info    : 0.80 < quality < 0.90 :         0 elements
Info    : 0.90 < quality < 1.00 :         0 elements
Info    : Optimizing volume 103
Info    : Optimization starts (volume = 1.36293e-11) with worst = 0.0878226 / average = 0.752624:
Info    : 0.00 < quality < 0.10 :         1 elements
Info    : 0.10 < quality < 0.20 :         0 elements
Info    : 0.20 < quality < 0.30 :         4 elements
Info    : 0.30 < quality < 0.40 :         4 elements
Info    : 0.40 < quality < 0.50 :         0 elements
Info    : 0.50 < quality < 0.60 :        34 elements
Info    : 0.60 < quality < 0.70 :        69 elements
Info    : 0.70 < quality < 0.80 :       196 elements
Info    : 0.80 < quality < 0.90 :       140 elements
Info    : 0.90 < quality < 1.00 :        20 elements
Info    : 3 edge swaps, 0 node relocations (volume = 1.36293e-11): worst = 0.364039 / average = 0.756357 (Wall 7.1292e-05s, CPU 5.8e-05s)
Info    : No ill-shaped tets in the mesh :-)
Info    : 0.00 < quality < 0.10 :         0 elements
Info    : 0.10 < quality < 0.20 :         0 elements
Info    : 0.20 < quality < 0.30 :         0 elements
Info    : 0.30 < quality < 0.40 :         4 elements
Info    : 0.40 < quality < 0.50 :         0 elements
Info    : 0.50 < quality < 0.60 :        36 elements
Info    : 0.60 < quality < 0.70 :        73 elements
Info    : 0.70 < quality < 0.80 :       197 elements
Info    : 0.80 < quality < 0.90 :       139 elements
Info    : 0.90 < quality < 1.00 :        20 elements
Info    : Optimizing volume 104
Info    : Optimization starts (volume = 1.36293e-11) with worst = 0.0878141 / average = 0.748301:
Info    : 0.00 < quality < 0.10 :         1 elements
Info    : 0.10 < quality < 0.20 :         0 elements
Info    : 0.20 < quality < 0.30 :         0 elements
Info    : 0.30 < quality < 0.40 :         0 elements
Info    : 0.40 < quality < 0.50 :         0 elements
Info    : 0.50 < quality < 0.60 :        40 elements
Info    : 0.60 < quality < 0.70 :        73 elements
Info    : 0.70 < quality < 0.80 :       195 elements
Info    : 0.80 < quality < 0.90 :       122 elements
Info    : 0.90 < quality < 1.00 :         8 elements
Info    : 1 edge swaps, 0 node relocations (volume = 1.36293e-11): worst = 0.508889 / average = 0.748543 (Wall 4.60411e-05s, CPU 3.3e-05s)
Info    : No ill-shaped tets in the mesh :-)
Info    : 0.00 < quality < 0.10 :         0 elements
Info    : 0.10 < quality < 0.20 :         0 elements
Info    : 0.20 < quality < 0.30 :         0 elements
Info    : 0.30 < quality < 0.40 :         0 elements
Info    : 0.40 < quality < 0.50 :         0 elements
Info    : 0.50 < quality < 0.60 :        41 elements
Info    : 0.60 < quality < 0.70 :        74 elements
Info    : 0.70 < quality < 0.80 :       195 elements
Info    : 0.80 < quality < 0.90 :       121 elements
Info    : 0.90 < quality < 1.00 :         8 elements
Info    : Optimizing volume 105
Info    : Optimization starts (volume = 8.96e-10) with worst = 0.179572 / average = 0.212301:
Info    : 0.00 < quality < 0.10 :         0 elements
Info    : 0.10 < quality < 0.20 :        34 elements
Info    : 0.20 < quality < 0.30 :       122 elements
Info    : 0.30 < quality < 0.40 :         0 elements
Info    : 0.40 < quality < 0.50 :         0 elements
Info    : 0.50 < quality < 0.60 :         0 elements
Info    : 0.60 < quality < 0.70 :         0 elements
Info    : 0.70 < quality < 0.80 :         0 elements
Info    : 0.80 < quality < 0.90 :         0 elements
Info    : 0.90 < quality < 1.00 :         0 elements
Info    : 12 edge swaps, 0 node relocations (volume = 8.96e-10): worst = 0.179572 / average = 0.21233 (Wall 0.000605375s, CPU 0.000588s)
Info    : 14 edge swaps, 0 node relocations (volume = 8.96e-10): worst = 0.179572 / average = 0.212331 (Wall 0.00129233s, CPU 0.001264s)
Info    : No ill-shaped tets in the mesh :-)
Info    : 0.00 < quality < 0.10 :         0 elements
Info    : 0.10 < quality < 0.20 :        33 elements
Info    : 0.20 < quality < 0.30 :       116 elements
Info    : 0.30 < quality < 0.40 :         0 elements
Info    : 0.40 < quality < 0.50 :         0 elements
Info    : 0.50 < quality < 0.60 :         0 elements
Info    : 0.60 < quality < 0.70 :         0 elements
Info    : 0.70 < quality < 0.80 :         0 elements
Info    : 0.80 < quality < 0.90 :         0 elements
Info    : 0.90 < quality < 1.00 :         0 elements
Info    : Optimizing volume 106
Info    : Optimization starts (volume = 8.69632e-10) with worst = 0.0393829 / average = 0.303318:
Info    : 0.00 < quality < 0.10 :         8 elements
Info    : 0.10 < quality < 0.20 :         2 elements
Info    : 0.20 < quality < 0.30 :       131 elements
Info    : 0.30 < quality < 0.40 :       245 elements
Info    : 0.40 < quality < 0.50 :         0 elements
Info    : 0.50 < quality < 0.60 :         0 elements
Info    : 0.60 < quality < 0.70 :         0 elements
Info    : 0.70 < quality < 0.80 :         0 elements
Info    : 0.80 < quality < 0.90 :         0 elements
Info    : 0.90 < quality < 1.00 :         0 elements
Info    : 22 edge swaps, 3 node relocations (volume = 8.69632e-10): worst = 0.0393829 / average = 0.303338 (Wall 0.000699666s, CPU 0.000684s)
Info    : 28 edge swaps, 5 node relocations (volume = 8.69632e-10): worst = 0.0393829 / average = 0.303337 (Wall 0.00140921s, CPU 0.001388s)
Info    : No ill-shaped tets in the mesh :-)
Info    : 0.00 < quality < 0.10 :         8 elements
Info    : 0.10 < quality < 0.20 :         2 elements
Info    : 0.20 < quality < 0.30 :       117 elements
Info    : 0.30 < quality < 0.40 :       235 elements
Info    : 0.40 < quality < 0.50 :         0 elements
Info    : 0.50 < quality < 0.60 :         0 elements
Info    : 0.60 < quality < 0.70 :         0 elements
Info    : 0.70 < quality < 0.80 :         0 elements
Info    : 0.80 < quality < 0.90 :         0 elements
Info    : 0.90 < quality < 1.00 :         0 elements
Info    : Optimizing volume 107
Info    : Optimization starts (volume = 8.69632e-10) with worst = 0.0372776 / average = 0.3032:
Info    : 0.00 < quality < 0.10 :         8 elements
Info    : 0.10 < quality < 0.20 :         2 elements
Info    : 0.20 < quality < 0.30 :       129 elements
Info    : 0.30 < quality < 0.40 :       247 elements
Info    : 0.40 < quality < 0.50 :         0 elements
Info    : 0.50 < quality < 0.60 :         0 elements
Info    : 0.60 < quality < 0.70 :         0 elements
Info    : 0.70 < quality < 0.80 :         0 elements
Info    : 0.80 < quality < 0.90 :         0 elements
Info    : 0.90 < quality < 1.00 :         0 elements
Info    : 23 edge swaps, 6 node relocations (volume = 8.69632e-10): worst = 0.0372776 / average = 0.30321 (Wall 0.000724416s, CPU 0.000707s)
Info    : 29 edge swaps, 7 node relocations (volume = 8.69632e-10): worst = 0.0372776 / average = 0.30322 (Wall 0.00140021s, CPU 0.001381s)
Info    : No ill-shaped tets in the mesh :-)
Info    : 0.00 < quality < 0.10 :         8 elements
Info    : 0.10 < quality < 0.20 :         2 elements
Info    : 0.20 < quality < 0.30 :       118 elements
Info    : 0.30 < quality < 0.40 :       238 elements
Info    : 0.40 < quality < 0.50 :         0 elements
Info    : 0.50 < quality < 0.60 :         0 elements
Info    : 0.60 < quality < 0.70 :         0 elements
Info    : 0.70 < quality < 0.80 :         0 elements
Info    : 0.80 < quality < 0.90 :         0 elements
Info    : 0.90 < quality < 1.00 :         0 elements
Info    : Optimizing volume 108
Info    : Optimization starts (volume = 1.82151e-10) with worst = 0.224662 / average = 0.270733:
Info    : 0.00 < quality < 0.10 :         0 elements
Info    : 0.10 < quality < 0.20 :         0 elements
Info    : 0.20 < quality < 0.30 :        60 elements
Info    : 0.30 < quality < 0.40 :         0 elements
Info    : 0.40 < quality < 0.50 :         0 elements
Info    : 0.50 < quality < 0.60 :         0 elements
Info    : 0.60 < quality < 0.70 :         0 elements
Info    : 0.70 < quality < 0.80 :         0 elements
Info    : 0.80 < quality < 0.90 :         0 elements
Info    : 0.90 < quality < 1.00 :         0 elements
Info    : 3 edge swaps, 0 node relocations (volume = 1.82151e-10): worst = 0.224662 / average = 0.270776 (Wall 0.000225042s, CPU 0.000212s)
Info    : No ill-shaped tets in the mesh :-)
Info    : 0.00 < quality < 0.10 :         0 elements
Info    : 0.10 < quality < 0.20 :         0 elements
Info    : 0.20 < quality < 0.30 :        60 elements
Info    : 0.30 < quality < 0.40 :         0 elements
Info    : 0.40 < quality < 0.50 :         0 elements
Info    : 0.50 < quality < 0.60 :         0 elements
Info    : 0.60 < quality < 0.70 :         0 elements
Info    : 0.70 < quality < 0.80 :         0 elements
Info    : 0.80 < quality < 0.90 :         0 elements
Info    : 0.90 < quality < 1.00 :         0 elements
Info    : Optimizing volume 109
Info    : Optimization starts (volume = 3.49854e-11) with worst = 0.394494 / average = 0.717918:
Info    : 0.00 < quality < 0.10 :         0 elements
Info    : 0.10 < quality < 0.20 :         0 elements
Info    : 0.20 < quality < 0.30 :         0 elements
Info    : 0.30 < quality < 0.40 :         2 elements
Info    : 0.40 < quality < 0.50 :        14 elements
Info    : 0.50 < quality < 0.60 :        18 elements
Info    : 0.60 < quality < 0.70 :       111 elements
Info    : 0.70 < quality < 0.80 :       259 elements
Info    : 0.80 < quality < 0.90 :        41 elements
Info    : 0.90 < quality < 1.00 :         0 elements
Info    : No ill-shaped tets in the mesh :-)
Info    : 0.00 < quality < 0.10 :         0 elements
Info    : 0.10 < quality < 0.20 :         0 elements
Info    : 0.20 < quality < 0.30 :         0 elements
Info    : 0.30 < quality < 0.40 :         2 elements
Info    : 0.40 < quality < 0.50 :        14 elements
Info    : 0.50 < quality < 0.60 :        18 elements
Info    : 0.60 < quality < 0.70 :       111 elements
Info    : 0.70 < quality < 0.80 :       259 elements
Info    : 0.80 < quality < 0.90 :        41 elements
Info    : 0.90 < quality < 1.00 :         0 elements
Info    : Optimizing volume 110
Info    : Optimization starts (volume = 3.49854e-11) with worst = 0.394494 / average = 0.718396:
Info    : 0.00 < quality < 0.10 :         0 elements
Info    : 0.10 < quality < 0.20 :         0 elements
Info    : 0.20 < quality < 0.30 :         0 elements
Info    : 0.30 < quality < 0.40 :         2 elements
Info    : 0.40 < quality < 0.50 :        14 elements
Info    : 0.50 < quality < 0.60 :        18 elements
Info    : 0.60 < quality < 0.70 :       105 elements
Info    : 0.70 < quality < 0.80 :       266 elements
Info    : 0.80 < quality < 0.90 :        40 elements
Info    : 0.90 < quality < 1.00 :         0 elements
Info    : No ill-shaped tets in the mesh :-)
Info    : 0.00 < quality < 0.10 :         0 elements
Info    : 0.10 < quality < 0.20 :         0 elements
Info    : 0.20 < quality < 0.30 :         0 elements
Info    : 0.30 < quality < 0.40 :         2 elements
Info    : 0.40 < quality < 0.50 :        14 elements
Info    : 0.50 < quality < 0.60 :        18 elements
Info    : 0.60 < quality < 0.70 :       105 elements
Info    : 0.70 < quality < 0.80 :       266 elements
Info    : 0.80 < quality < 0.90 :        40 elements
Info    : 0.90 < quality < 1.00 :         0 elements
Info    : Optimizing volume 111
Info    : Optimization starts (volume = 4.872e-10) with worst = 0.0257107 / average = 0.223212:
Info    : 0.00 < quality < 0.10 :         4 elements
Info    : 0.10 < quality < 0.20 :         4 elements
Info    : 0.20 < quality < 0.30 :       134 elements
Info    : 0.30 < quality < 0.40 :         0 elements
Info    : 0.40 < quality < 0.50 :         0 elements
Info    : 0.50 < quality < 0.60 :         0 elements
Info    : 0.60 < quality < 0.70 :         0 elements
Info    : 0.70 < quality < 0.80 :         0 elements
Info    : 0.80 < quality < 0.90 :         0 elements
Info    : 0.90 < quality < 1.00 :         0 elements
Info    : 15 edge swaps, 2 node relocations (volume = 4.872e-10): worst = 0.0257107 / average = 0.223306 (Wall 0.00055425s, CPU 0.000541s)
Info    : 16 edge swaps, 3 node relocations (volume = 4.872e-10): worst = 0.0257107 / average = 0.223306 (Wall 0.00113833s, CPU 0.001124s)
Info    : No ill-shaped tets in the mesh :-)
Info    : 0.00 < quality < 0.10 :         4 elements
Info    : 0.10 < quality < 0.20 :         4 elements
Info    : 0.20 < quality < 0.30 :       130 elements
Info    : 0.30 < quality < 0.40 :         0 elements
Info    : 0.40 < quality < 0.50 :         0 elements
Info    : 0.50 < quality < 0.60 :         0 elements
Info    : 0.60 < quality < 0.70 :         0 elements
Info    : 0.70 < quality < 0.80 :         0 elements
Info    : 0.80 < quality < 0.90 :         0 elements
Info    : 0.90 < quality < 1.00 :         0 elements
Info    : Optimizing volume 112
Info    : Optimization starts (volume = 3.49854e-11) with worst = 0.394494 / average = 0.718437:
Info    : 0.00 < quality < 0.10 :         0 elements
Info    : 0.10 < quality < 0.20 :         0 elements
Info    : 0.20 < quality < 0.30 :         0 elements
Info    : 0.30 < quality < 0.40 :         2 elements
Info    : 0.40 < quality < 0.50 :        14 elements
Info    : 0.50 < quality < 0.60 :        18 elements
Info    : 0.60 < quality < 0.70 :       108 elements
Info    : 0.70 < quality < 0.80 :       265 elements
Info    : 0.80 < quality < 0.90 :        38 elements
Info    : 0.90 < quality < 1.00 :         0 elements
Info    : No ill-shaped tets in the mesh :-)
Info    : 0.00 < quality < 0.10 :         0 elements
Info    : 0.10 < quality < 0.20 :         0 elements
Info    : 0.20 < quality < 0.30 :         0 elements
Info    : 0.30 < quality < 0.40 :         2 elements
Info    : 0.40 < quality < 0.50 :        14 elements
Info    : 0.50 < quality < 0.60 :        18 elements
Info    : 0.60 < quality < 0.70 :       108 elements
Info    : 0.70 < quality < 0.80 :       265 elements
Info    : 0.80 < quality < 0.90 :        38 elements
Info    : 0.90 < quality < 1.00 :         0 elements
Info    : Optimizing volume 113
Info    : Optimization starts (volume = 3.49854e-11) with worst = 0.394494 / average = 0.718033:
Info    : 0.00 < quality < 0.10 :         0 elements
Info    : 0.10 < quality < 0.20 :         0 elements
Info    : 0.20 < quality < 0.30 :         0 elements
Info    : 0.30 < quality < 0.40 :         2 elements
Info    : 0.40 < quality < 0.50 :        14 elements
Info    : 0.50 < quality < 0.60 :        18 elements
Info    : 0.60 < quality < 0.70 :       106 elements
Info    : 0.70 < quality < 0.80 :       266 elements
Info    : 0.80 < quality < 0.90 :        39 elements
Info    : 0.90 < quality < 1.00 :         0 elements
Info    : No ill-shaped tets in the mesh :-)
Info    : 0.00 < quality < 0.10 :         0 elements
Info    : 0.10 < quality < 0.20 :         0 elements
Info    : 0.20 < quality < 0.30 :         0 elements
Info    : 0.30 < quality < 0.40 :         2 elements
Info    : 0.40 < quality < 0.50 :        14 elements
Info    : 0.50 < quality < 0.60 :        18 elements
Info    : 0.60 < quality < 0.70 :       106 elements
Info    : 0.70 < quality < 0.80 :       266 elements
Info    : 0.80 < quality < 0.90 :        39 elements
Info    : 0.90 < quality < 1.00 :         0 elements
Info    : Optimizing volume 114
Info    : Optimization starts (volume = 1.07625e-10) with worst = 0.199134 / average = 0.263206:
Info    : 0.00 < quality < 0.10 :         0 elements
Info    : 0.10 < quality < 0.20 :         5 elements
Info    : 0.20 < quality < 0.30 :        19 elements
Info    : 0.30 < quality < 0.40 :        24 elements
Info    : 0.40 < quality < 0.50 :         0 elements
Info    : 0.50 < quality < 0.60 :         0 elements
Info    : 0.60 < quality < 0.70 :         0 elements
Info    : 0.70 < quality < 0.80 :         0 elements
Info    : 0.80 < quality < 0.90 :         0 elements
Info    : 0.90 < quality < 1.00 :         0 elements
Info    : 4 edge swaps, 0 node relocations (volume = 1.07625e-10): worst = 0.199134 / average = 0.263545 (Wall 8.8291e-05s, CPU 7.5e-05s)
Info    : No ill-shaped tets in the mesh :-)
Info    : 0.00 < quality < 0.10 :         0 elements
Info    : 0.10 < quality < 0.20 :         1 elements
Info    : 0.20 < quality < 0.30 :        23 elements
Info    : 0.30 < quality < 0.40 :        24 elements
Info    : 0.40 < quality < 0.50 :         0 elements
Info    : 0.50 < quality < 0.60 :         0 elements
Info    : 0.60 < quality < 0.70 :         0 elements
Info    : 0.70 < quality < 0.80 :         0 elements
Info    : 0.80 < quality < 0.90 :         0 elements
Info    : 0.90 < quality < 1.00 :         0 elements
Info    : Optimizing volume 115
Info    : Optimization starts (volume = 1.36293e-11) with worst = 0.0878226 / average = 0.757565:
Info    : 0.00 < quality < 0.10 :         1 elements
Info    : 0.10 < quality < 0.20 :         0 elements
Info    : 0.20 < quality < 0.30 :         3 elements
Info    : 0.30 < quality < 0.40 :         3 elements
Info    : 0.40 < quality < 0.50 :         2 elements
Info    : 0.50 < quality < 0.60 :        35 elements
Info    : 0.60 < quality < 0.70 :        72 elements
Info    : 0.70 < quality < 0.80 :       182 elements
Info    : 0.80 < quality < 0.90 :       167 elements
Info    : 0.90 < quality < 1.00 :        24 elements
Info    : 3 edge swaps, 1 node relocations (volume = 1.36293e-11): worst = 0.254664 / average = 0.759837 (Wall 8.12919e-05s, CPU 6.3e-05s)
Info    : 4 edge swaps, 1 node relocations (volume = 1.36293e-11): worst = 0.278704 / average = 0.759232 (Wall 0.000112417s, CPU 9.2e-05s)
Info    : 5 edge swaps, 1 node relocations (volume = 1.36293e-11): worst = 0.374396 / average = 0.760551 (Wall 0.000138459s, CPU 0.000117s)
Info    : No ill-shaped tets in the mesh :-)
Info    : 0.00 < quality < 0.10 :         0 elements
Info    : 0.10 < quality < 0.20 :         0 elements
Info    : 0.20 < quality < 0.30 :         0 elements
Info    : 0.30 < quality < 0.40 :         2 elements
Info    : 0.40 < quality < 0.50 :         5 elements
Info    : 0.50 < quality < 0.60 :        35 elements
Info    : 0.60 < quality < 0.70 :        74 elements
Info    : 0.70 < quality < 0.80 :       180 elements
Info    : 0.80 < quality < 0.90 :       165 elements
Info    : 0.90 < quality < 1.00 :        26 elements
Info    : Optimizing volume 116
Info    : Optimization starts (volume = 1.36293e-11) with worst = 0.549688 / average = 0.757322:
Info    : 0.00 < quality < 0.10 :         0 elements
Info    : 0.10 < quality < 0.20 :         0 elements
Info    : 0.20 < quality < 0.30 :         0 elements
Info    : 0.30 < quality < 0.40 :         0 elements
Info    : 0.40 < quality < 0.50 :         0 elements
Info    : 0.50 < quality < 0.60 :        36 elements
Info    : 0.60 < quality < 0.70 :        76 elements
Info    : 0.70 < quality < 0.80 :       195 elements
Info    : 0.80 < quality < 0.90 :       137 elements
Info    : 0.90 < quality < 1.00 :        17 elements
Info    : No ill-shaped tets in the mesh :-)
Info    : 0.00 < quality < 0.10 :         0 elements
Info    : 0.10 < quality < 0.20 :         0 elements
Info    : 0.20 < quality < 0.30 :         0 elements
Info    : 0.30 < quality < 0.40 :         0 elements
Info    : 0.40 < quality < 0.50 :         0 elements
Info    : 0.50 < quality < 0.60 :        36 elements
Info    : 0.60 < quality < 0.70 :        76 elements
Info    : 0.70 < quality < 0.80 :       195 elements
Info    : 0.80 < quality < 0.90 :       137 elements
Info    : 0.90 < quality < 1.00 :        17 elements
Info    : Optimizing volume 117
Info    : Optimization starts (volume = 1.75e-10) with worst = 0.219724 / average = 0.276905:
Info    : 0.00 < quality < 0.10 :         0 elements
Info    : 0.10 < quality < 0.20 :         0 elements
Info    : 0.20 < quality < 0.30 :        42 elements
Info    : 0.30 < quality < 0.40 :        42 elements
Info    : 0.40 < quality < 0.50 :         0 elements
Info    : 0.50 < quality < 0.60 :         0 elements
Info    : 0.60 < quality < 0.70 :         0 elements
Info    : 0.70 < quality < 0.80 :         0 elements
Info    : 0.80 < quality < 0.90 :         0 elements
Info    : 0.90 < quality < 1.00 :         0 elements
Info    : 8 edge swaps, 0 node relocations (volume = 1.75e-10): worst = 0.219724 / average = 0.27729 (Wall 0.00015625s, CPU 0.000143s)
Info    : No ill-shaped tets in the mesh :-)
Info    : 0.00 < quality < 0.10 :         0 elements
Info    : 0.10 < quality < 0.20 :         0 elements
Info    : 0.20 < quality < 0.30 :        42 elements
Info    : 0.30 < quality < 0.40 :        42 elements
Info    : 0.40 < quality < 0.50 :         0 elements
Info    : 0.50 < quality < 0.60 :         0 elements
Info    : 0.60 < quality < 0.70 :         0 elements
Info    : 0.70 < quality < 0.80 :         0 elements
Info    : 0.80 < quality < 0.90 :         0 elements
Info    : 0.90 < quality < 1.00 :         0 elements
Info    : Optimizing volume 118
Info    : Optimization starts (volume = 1.36293e-11) with worst = 0.0878226 / average = 0.744981:
Info    : 0.00 < quality < 0.10 :         1 elements
Info    : 0.10 < quality < 0.20 :         0 elements
Info    : 0.20 < quality < 0.30 :         0 elements
Info    : 0.30 < quality < 0.40 :         0 elements
Info    : 0.40 < quality < 0.50 :         2 elements
Info    : 0.50 < quality < 0.60 :        47 elements
Info    : 0.60 < quality < 0.70 :        79 elements
Info    : 0.70 < quality < 0.80 :       195 elements
Info    : 0.80 < quality < 0.90 :       124 elements
Info    : 0.90 < quality < 1.00 :        12 elements
Info    : 1 edge swaps, 0 node relocations (volume = 1.36293e-11): worst = 0.405957 / average = 0.745212 (Wall 4.78332e-05s, CPU 3.5e-05s)
Info    : No ill-shaped tets in the mesh :-)
Info    : 0.00 < quality < 0.10 :         0 elements
Info    : 0.10 < quality < 0.20 :         0 elements
Info    : 0.20 < quality < 0.30 :         0 elements
Info    : 0.30 < quality < 0.40 :         0 elements
Info    : 0.40 < quality < 0.50 :         2 elements
Info    : 0.50 < quality < 0.60 :        48 elements
Info    : 0.60 < quality < 0.70 :        80 elements
Info    : 0.70 < quality < 0.80 :       195 elements
Info    : 0.80 < quality < 0.90 :       123 elements
Info    : 0.90 < quality < 1.00 :        12 elements
Info    : Optimizing volume 119
Info    : Optimization starts (volume = 1.36293e-11) with worst = 0.0878226 / average = 0.757567:
Info    : 0.00 < quality < 0.10 :         1 elements
Info    : 0.10 < quality < 0.20 :         0 elements
Info    : 0.20 < quality < 0.30 :         0 elements
Info    : 0.30 < quality < 0.40 :         0 elements
Info    : 0.40 < quality < 0.50 :         0 elements
Info    : 0.50 < quality < 0.60 :        39 elements
Info    : 0.60 < quality < 0.70 :        67 elements
Info    : 0.70 < quality < 0.80 :       189 elements
Info    : 0.80 < quality < 0.90 :       149 elements
Info    : 0.90 < quality < 1.00 :        17 elements
Info    : 1 edge swaps, 0 node relocations (volume = 1.36293e-11): worst = 0.508889 / average = 0.757797 (Wall 4.725e-05s, CPU 3.4e-05s)
Info    : No ill-shaped tets in the mesh :-)
Info    : 0.00 < quality < 0.10 :         0 elements
Info    : 0.10 < quality < 0.20 :         0 elements
Info    : 0.20 < quality < 0.30 :         0 elements
Info    : 0.30 < quality < 0.40 :         0 elements
Info    : 0.40 < quality < 0.50 :         0 elements
Info    : 0.50 < quality < 0.60 :        40 elements
Info    : 0.60 < quality < 0.70 :        68 elements
Info    : 0.70 < quality < 0.80 :       189 elements
Info    : 0.80 < quality < 0.90 :       148 elements
Info    : 0.90 < quality < 1.00 :        17 elements
Info    : Optimizing volume 120
Info    : Optimization starts (volume = 1.5582e-09) with worst = 0.00266019 / average = 0.215427:
Info    : 0.00 < quality < 0.10 :        18 elements
Info    : 0.10 < quality < 0.20 :        26 elements
Info    : 0.20 < quality < 0.30 :       305 elements
Info    : 0.30 < quality < 0.40 :         0 elements
Info    : 0.40 < quality < 0.50 :         0 elements
Info    : 0.50 < quality < 0.60 :         0 elements
Info    : 0.60 < quality < 0.70 :         0 elements
Info    : 0.70 < quality < 0.80 :         0 elements
Info    : 0.80 < quality < 0.90 :         0 elements
Info    : 0.90 < quality < 1.00 :         0 elements
Info    : 44 edge swaps, 0 node relocations (volume = 1.5582e-09): worst = 0.0538007 / average = 0.225376 (Wall 0.00132958s, CPU 0.001313s)
Info    : 46 edge swaps, 0 node relocations (volume = 1.5582e-09): worst = 0.0538007 / average = 0.225367 (Wall 0.00273133s, CPU 0.002711s)
Info    : No ill-shaped tets in the mesh :-)
Info    : 0.00 < quality < 0.10 :         2 elements
Info    : 0.10 < quality < 0.20 :        21 elements
Info    : 0.20 < quality < 0.30 :       297 elements
Info    : 0.30 < quality < 0.40 :         0 elements
Info    : 0.40 < quality < 0.50 :         0 elements
Info    : 0.50 < quality < 0.60 :         0 elements
Info    : 0.60 < quality < 0.70 :         0 elements
Info    : 0.70 < quality < 0.80 :         0 elements
Info    : 0.80 < quality < 0.90 :         0 elements
Info    : 0.90 < quality < 1.00 :         0 elements
Info    : Optimizing volume 121
Info    : Optimization starts (volume = 1.52675e-09) with worst = 0.0208557 / average = 0.231805:
Info    : 0.00 < quality < 0.10 :        18 elements
Info    : 0.10 < quality < 0.20 :        20 elements
Info    : 0.20 < quality < 0.30 :       369 elements
Info    : 0.30 < quality < 0.40 :         4 elements
Info    : 0.40 < quality < 0.50 :         0 elements
Info    : 0.50 < quality < 0.60 :         0 elements
Info    : 0.60 < quality < 0.70 :         0 elements
Info    : 0.70 < quality < 0.80 :         0 elements
Info    : 0.80 < quality < 0.90 :         0 elements
Info    : 0.90 < quality < 1.00 :         0 elements
Info    : 45 edge swaps, 19 node relocations (volume = 1.52675e-09): worst = 0.0208557 / average = 0.231845 (Wall 0.00182212s, CPU 0.001796s)
Info    : 57 edge swaps, 31 node relocations (volume = 1.52675e-09): worst = 0.0208557 / average = 0.231849 (Wall 0.00378292s, CPU 0.003752s)
Info    : No ill-shaped tets in the mesh :-)
Info    : 0.00 < quality < 0.10 :        18 elements
Info    : 0.10 < quality < 0.20 :        19 elements
Info    : 0.20 < quality < 0.30 :       334 elements
Info    : 0.30 < quality < 0.40 :         2 elements
Info    : 0.40 < quality < 0.50 :         0 elements
Info    : 0.50 < quality < 0.60 :         0 elements
Info    : 0.60 < quality < 0.70 :         0 elements
Info    : 0.70 < quality < 0.80 :         0 elements
Info    : 0.80 < quality < 0.90 :         0 elements
Info    : 0.90 < quality < 1.00 :         0 elements
Info    : Optimizing volume 122
Info    : Optimization starts (volume = 1.52675e-09) with worst = 0.0217694 / average = 0.239298:
Info    : 0.00 < quality < 0.10 :         8 elements
Info    : 0.10 < quality < 0.20 :         8 elements
Info    : 0.20 < quality < 0.30 :       366 elements
Info    : 0.30 < quality < 0.40 :         4 elements
Info    : 0.40 < quality < 0.50 :         0 elements
Info    : 0.50 < quality < 0.60 :         0 elements
Info    : 0.60 < quality < 0.70 :         0 elements
Info    : 0.70 < quality < 0.80 :         0 elements
Info    : 0.80 < quality < 0.90 :         0 elements
Info    : 0.90 < quality < 1.00 :         0 elements
Info    : 38 edge swaps, 3 node relocations (volume = 1.52675e-09): worst = 0.0217694 / average = 0.239352 (Wall 0.00160479s, CPU 0.001588s)
Info    : 40 edge swaps, 4 node relocations (volume = 1.52675e-09): worst = 0.0217694 / average = 0.239351 (Wall 0.003405s, CPU 0.003383s)
Info    : No ill-shaped tets in the mesh :-)
Info    : 0.00 < quality < 0.10 :         8 elements
Info    : 0.10 < quality < 0.20 :         8 elements
Info    : 0.20 < quality < 0.30 :       358 elements
Info    : 0.30 < quality < 0.40 :         4 elements
Info    : 0.40 < quality < 0.50 :         0 elements
Info    : 0.50 < quality < 0.60 :         0 elements
Info    : 0.60 < quality < 0.70 :         0 elements
Info    : 0.70 < quality < 0.80 :         0 elements
Info    : 0.80 < quality < 0.90 :         0 elements
Info    : 0.90 < quality < 1.00 :         0 elements
Info    : Optimizing volume 123
Info    : Optimization starts (volume = 1.06555e-10) with worst = 0.258636 / average = 0.626138:
Info    : 0.00 < quality < 0.10 :         0 elements
Info    : 0.10 < quality < 0.20 :         0 elements
Info    : 0.20 < quality < 0.30 :         4 elements
Info    : 0.30 < quality < 0.40 :         5 elements
Info    : 0.40 < quality < 0.50 :         9 elements
Info    : 0.50 < quality < 0.60 :        33 elements
Info    : 0.60 < quality < 0.70 :       318 elements
Info    : 0.70 < quality < 0.80 :        10 elements
Info    : 0.80 < quality < 0.90 :         0 elements
Info    : 0.90 < quality < 1.00 :         0 elements
Info    : No ill-shaped tets in the mesh :-)
Info    : 0.00 < quality < 0.10 :         0 elements
Info    : 0.10 < quality < 0.20 :         0 elements
Info    : 0.20 < quality < 0.30 :         4 elements
Info    : 0.30 < quality < 0.40 :         5 elements
Info    : 0.40 < quality < 0.50 :         9 elements
Info    : 0.50 < quality < 0.60 :        33 elements
Info    : 0.60 < quality < 0.70 :       318 elements
Info    : 0.70 < quality < 0.80 :        10 elements
Info    : 0.80 < quality < 0.90 :         0 elements
Info    : 0.90 < quality < 1.00 :         0 elements
Info    : Optimizing volume 124
Info    : Optimization starts (volume = 1.06581e-10) with worst = 0.266053 / average = 0.609919:
Info    : 0.00 < quality < 0.10 :         0 elements
Info    : 0.10 < quality < 0.20 :         0 elements
Info    : 0.20 < quality < 0.30 :         8 elements
Info    : 0.30 < quality < 0.40 :        15 elements
Info    : 0.40 < quality < 0.50 :        21 elements
Info    : 0.50 < quality < 0.60 :        34 elements
Info    : 0.60 < quality < 0.70 :       310 elements
Info    : 0.70 < quality < 0.80 :         9 elements
Info    : 0.80 < quality < 0.90 :         0 elements
Info    : 0.90 < quality < 1.00 :         0 elements
Info    : No ill-shaped tets in the mesh :-)
Info    : 0.00 < quality < 0.10 :         0 elements
Info    : 0.10 < quality < 0.20 :         0 elements
Info    : 0.20 < quality < 0.30 :         8 elements
Info    : 0.30 < quality < 0.40 :        15 elements
Info    : 0.40 < quality < 0.50 :        21 elements
Info    : 0.50 < quality < 0.60 :        34 elements
Info    : 0.60 < quality < 0.70 :       310 elements
Info    : 0.70 < quality < 0.80 :         9 elements
Info    : 0.80 < quality < 0.90 :         0 elements
Info    : 0.90 < quality < 1.00 :         0 elements
Info    : Optimizing volume 125
Info    : Optimization starts (volume = 1.06581e-10) with worst = 0.282225 / average = 0.620082:
Info    : 0.00 < quality < 0.10 :         0 elements
Info    : 0.10 < quality < 0.20 :         0 elements
Info    : 0.20 < quality < 0.30 :         4 elements
Info    : 0.30 < quality < 0.40 :        13 elements
Info    : 0.40 < quality < 0.50 :        11 elements
Info    : 0.50 < quality < 0.60 :        33 elements
Info    : 0.60 < quality < 0.70 :       315 elements
Info    : 0.70 < quality < 0.80 :        11 elements
Info    : 0.80 < quality < 0.90 :         0 elements
Info    : 0.90 < quality < 1.00 :         0 elements
Info    : No ill-shaped tets in the mesh :-)
Info    : 0.00 < quality < 0.10 :         0 elements
Info    : 0.10 < quality < 0.20 :         0 elements
Info    : 0.20 < quality < 0.30 :         4 elements
Info    : 0.30 < quality < 0.40 :        13 elements
Info    : 0.40 < quality < 0.50 :        11 elements
Info    : 0.50 < quality < 0.60 :        33 elements
Info    : 0.60 < quality < 0.70 :       315 elements
Info    : 0.70 < quality < 0.80 :        11 elements
Info    : 0.80 < quality < 0.90 :         0 elements
Info    : 0.90 < quality < 1.00 :         0 elements
Info    : Optimizing volume 126
Info    : Optimization starts (volume = 1.06555e-10) with worst = 0.257435 / average = 0.627016:
Info    : 0.00 < quality < 0.10 :         0 elements
Info    : 0.10 < quality < 0.20 :         0 elements
Info    : 0.20 < quality < 0.30 :         2 elements
Info    : 0.30 < quality < 0.40 :         8 elements
Info    : 0.40 < quality < 0.50 :         8 elements
Info    : 0.50 < quality < 0.60 :        32 elements
Info    : 0.60 < quality < 0.70 :       319 elements
Info    : 0.70 < quality < 0.80 :        10 elements
Info    : 0.80 < quality < 0.90 :         0 elements
Info    : 0.90 < quality < 1.00 :         0 elements
Info    : No ill-shaped tets in the mesh :-)
Info    : 0.00 < quality < 0.10 :         0 elements
Info    : 0.10 < quality < 0.20 :         0 elements
Info    : 0.20 < quality < 0.30 :         2 elements
Info    : 0.30 < quality < 0.40 :         8 elements
Info    : 0.40 < quality < 0.50 :         8 elements
Info    : 0.50 < quality < 0.60 :        32 elements
Info    : 0.60 < quality < 0.70 :       319 elements
Info    : 0.70 < quality < 0.80 :        10 elements
Info    : 0.80 < quality < 0.90 :         0 elements
Info    : 0.90 < quality < 1.00 :         0 elements
Info    : Optimizing volume 127
Info    : Optimization starts (volume = 1.06555e-10) with worst = 0.315596 / average = 0.637196:
Info    : 0.00 < quality < 0.10 :         0 elements
Info    : 0.10 < quality < 0.20 :         0 elements
Info    : 0.20 < quality < 0.30 :         0 elements
Info    : 0.30 < quality < 0.40 :         2 elements
Info    : 0.40 < quality < 0.50 :         0 elements
Info    : 0.50 < quality < 0.60 :        32 elements
Info    : 0.60 < quality < 0.70 :       326 elements
Info    : 0.70 < quality < 0.80 :         9 elements
Info    : 0.80 < quality < 0.90 :         0 elements
Info    : 0.90 < quality < 1.00 :         0 elements
Info    : No ill-shaped tets in the mesh :-)
Info    : 0.00 < quality < 0.10 :         0 elements
Info    : 0.10 < quality < 0.20 :         0 elements
Info    : 0.20 < quality < 0.30 :         0 elements
Info    : 0.30 < quality < 0.40 :         2 elements
Info    : 0.40 < quality < 0.50 :         0 elements
Info    : 0.50 < quality < 0.60 :        32 elements
Info    : 0.60 < quality < 0.70 :       326 elements
Info    : 0.70 < quality < 0.80 :         9 elements
Info    : 0.80 < quality < 0.90 :         0 elements
Info    : 0.90 < quality < 1.00 :         0 elements
Info    : Optimizing volume 128
Info    : Optimization starts (volume = 1.06555e-10) with worst = 0.251678 / average = 0.616302:
Info    : 0.00 < quality < 0.10 :         0 elements
Info    : 0.10 < quality < 0.20 :         0 elements
Info    : 0.20 < quality < 0.30 :         6 elements
Info    : 0.30 < quality < 0.40 :        12 elements
Info    : 0.40 < quality < 0.50 :        16 elements
Info    : 0.50 < quality < 0.60 :        33 elements
Info    : 0.60 < quality < 0.70 :       316 elements
Info    : 0.70 < quality < 0.80 :         6 elements
Info    : 0.80 < quality < 0.90 :         0 elements
Info    : 0.90 < quality < 1.00 :         0 elements
Info    : No ill-shaped tets in the mesh :-)
Info    : 0.00 < quality < 0.10 :         0 elements
Info    : 0.10 < quality < 0.20 :         0 elements
Info    : 0.20 < quality < 0.30 :         6 elements
Info    : 0.30 < quality < 0.40 :        12 elements
Info    : 0.40 < quality < 0.50 :        16 elements
Info    : 0.50 < quality < 0.60 :        33 elements
Info    : 0.60 < quality < 0.70 :       316 elements
Info    : 0.70 < quality < 0.80 :         6 elements
Info    : 0.80 < quality < 0.90 :         0 elements
Info    : 0.90 < quality < 1.00 :         0 elements
Info    : Optimizing volume 129
Info    : Optimization starts (volume = 1.06555e-10) with worst = 0.276061 / average = 0.627209:
Info    : 0.00 < quality < 0.10 :         0 elements
Info    : 0.10 < quality < 0.20 :         0 elements
Info    : 0.20 < quality < 0.30 :         2 elements
Info    : 0.30 < quality < 0.40 :         8 elements
Info    : 0.40 < quality < 0.50 :         8 elements
Info    : 0.50 < quality < 0.60 :        33 elements
Info    : 0.60 < quality < 0.70 :       321 elements
Info    : 0.70 < quality < 0.80 :         7 elements
Info    : 0.80 < quality < 0.90 :         0 elements
Info    : 0.90 < quality < 1.00 :         0 elements
Info    : No ill-shaped tets in the mesh :-)
Info    : 0.00 < quality < 0.10 :         0 elements
Info    : 0.10 < quality < 0.20 :         0 elements
Info    : 0.20 < quality < 0.30 :         2 elements
Info    : 0.30 < quality < 0.40 :         8 elements
Info    : 0.40 < quality < 0.50 :         8 elements
Info    : 0.50 < quality < 0.60 :        33 elements
Info    : 0.60 < quality < 0.70 :       321 elements
Info    : 0.70 < quality < 0.80 :         7 elements
Info    : 0.80 < quality < 0.90 :         0 elements
Info    : 0.90 < quality < 1.00 :         0 elements
Info    : Optimizing volume 130
Info    : Optimization starts (volume = 1.06555e-10) with worst = 0.314069 / average = 0.632927:
Info    : 0.00 < quality < 0.10 :         0 elements
Info    : 0.10 < quality < 0.20 :         0 elements
Info    : 0.20 < quality < 0.30 :         0 elements
Info    : 0.30 < quality < 0.40 :         6 elements
Info    : 0.40 < quality < 0.50 :         4 elements
Info    : 0.50 < quality < 0.60 :        31 elements
Info    : 0.60 < quality < 0.70 :       321 elements
Info    : 0.70 < quality < 0.80 :        12 elements
Info    : 0.80 < quality < 0.90 :         0 elements
Info    : 0.90 < quality < 1.00 :         0 elements
Info    : No ill-shaped tets in the mesh :-)
Info    : 0.00 < quality < 0.10 :         0 elements
Info    : 0.10 < quality < 0.20 :         0 elements
Info    : 0.20 < quality < 0.30 :         0 elements
Info    : 0.30 < quality < 0.40 :         6 elements
Info    : 0.40 < quality < 0.50 :         4 elements
Info    : 0.50 < quality < 0.60 :        31 elements
Info    : 0.60 < quality < 0.70 :       321 elements
Info    : 0.70 < quality < 0.80 :        12 elements
Info    : 0.80 < quality < 0.90 :         0 elements
Info    : 0.90 < quality < 1.00 :         0 elements
Info    : Optimizing volume 131
Info    : Optimization starts (volume = 1.06555e-10) with worst = 0.275668 / average = 0.627079:
Info    : 0.00 < quality < 0.10 :         0 elements
Info    : 0.10 < quality < 0.20 :         0 elements
Info    : 0.20 < quality < 0.30 :         4 elements
Info    : 0.30 < quality < 0.40 :         5 elements
Info    : 0.40 < quality < 0.50 :         9 elements
Info    : 0.50 < quality < 0.60 :        35 elements
Info    : 0.60 < quality < 0.70 :       316 elements
Info    : 0.70 < quality < 0.80 :        10 elements
Info    : 0.80 < quality < 0.90 :         0 elements
Info    : 0.90 < quality < 1.00 :         0 elements
Info    : No ill-shaped tets in the mesh :-)
Info    : 0.00 < quality < 0.10 :         0 elements
Info    : 0.10 < quality < 0.20 :         0 elements
Info    : 0.20 < quality < 0.30 :         4 elements
Info    : 0.30 < quality < 0.40 :         5 elements
Info    : 0.40 < quality < 0.50 :         9 elements
Info    : 0.50 < quality < 0.60 :        35 elements
Info    : 0.60 < quality < 0.70 :       316 elements
Info    : 0.70 < quality < 0.80 :        10 elements
Info    : 0.80 < quality < 0.90 :         0 elements
Info    : 0.90 < quality < 1.00 :         0 elements
Info    : Optimizing volume 132
Info    : Optimization starts (volume = 1.06555e-10) with worst = 0.257435 / average = 0.626371:
Info    : 0.00 < quality < 0.10 :         0 elements
Info    : 0.10 < quality < 0.20 :         0 elements
Info    : 0.20 < quality < 0.30 :         2 elements
Info    : 0.30 < quality < 0.40 :         8 elements
Info    : 0.40 < quality < 0.50 :         8 elements
Info    : 0.50 < quality < 0.60 :        34 elements
Info    : 0.60 < quality < 0.70 :       319 elements
Info    : 0.70 < quality < 0.80 :         8 elements
Info    : 0.80 < quality < 0.90 :         0 elements
Info    : 0.90 < quality < 1.00 :         0 elements
Info    : No ill-shaped tets in the mesh :-)
Info    : 0.00 < quality < 0.10 :         0 elements
Info    : 0.10 < quality < 0.20 :         0 elements
Info    : 0.20 < quality < 0.30 :         2 elements
Info    : 0.30 < quality < 0.40 :         8 elements
Info    : 0.40 < quality < 0.50 :         8 elements
Info    : 0.50 < quality < 0.60 :        34 elements
Info    : 0.60 < quality < 0.70 :       319 elements
Info    : 0.70 < quality < 0.80 :         8 elements
Info    : 0.80 < quality < 0.90 :         0 elements
Info    : 0.90 < quality < 1.00 :         0 elements
Info    : Optimizing volume 133
Info    : Optimization starts (volume = 1.06555e-10) with worst = 0.300587 / average = 0.632306:
Info    : 0.00 < quality < 0.10 :         0 elements
Info    : 0.10 < quality < 0.20 :         0 elements
Info    : 0.20 < quality < 0.30 :         0 elements
Info    : 0.30 < quality < 0.40 :         6 elements
Info    : 0.40 < quality < 0.50 :         4 elements
Info    : 0.50 < quality < 0.60 :        35 elements
Info    : 0.60 < quality < 0.70 :       318 elements
Info    : 0.70 < quality < 0.80 :        11 elements
Info    : 0.80 < quality < 0.90 :         0 elements
Info    : 0.90 < quality < 1.00 :         0 elements
Info    : No ill-shaped tets in the mesh :-)
Info    : 0.00 < quality < 0.10 :         0 elements
Info    : 0.10 < quality < 0.20 :         0 elements
Info    : 0.20 < quality < 0.30 :         0 elements
Info    : 0.30 < quality < 0.40 :         6 elements
Info    : 0.40 < quality < 0.50 :         4 elements
Info    : 0.50 < quality < 0.60 :        35 elements
Info    : 0.60 < quality < 0.70 :       318 elements
Info    : 0.70 < quality < 0.80 :        11 elements
Info    : 0.80 < quality < 0.90 :         0 elements
Info    : 0.90 < quality < 1.00 :         0 elements
Info    : Optimizing volume 134
Info    : Optimization starts (volume = 1.0653e-10) with worst = 0.266537 / average = 0.623263:
Info    : 0.00 < quality < 0.10 :         0 elements
Info    : 0.10 < quality < 0.20 :         0 elements
Info    : 0.20 < quality < 0.30 :         3 elements
Info    : 0.30 < quality < 0.40 :        11 elements
Info    : 0.40 < quality < 0.50 :         8 elements
Info    : 0.50 < quality < 0.60 :        33 elements
Info    : 0.60 < quality < 0.70 :       318 elements
Info    : 0.70 < quality < 0.80 :         8 elements
Info    : 0.80 < quality < 0.90 :         0 elements
Info    : 0.90 < quality < 1.00 :         0 elements
Info    : 1 edge swaps, 0 node relocations (volume = 1.0653e-10): worst = 0.266537 / average = 0.623862 (Wall 4.8375e-05s, CPU 3.5e-05s)
Info    : No ill-shaped tets in the mesh :-)
Info    : 0.00 < quality < 0.10 :         0 elements
Info    : 0.10 < quality < 0.20 :         0 elements
Info    : 0.20 < quality < 0.30 :         2 elements
Info    : 0.30 < quality < 0.40 :        11 elements
Info    : 0.40 < quality < 0.50 :         9 elements
Info    : 0.50 < quality < 0.60 :        32 elements
Info    : 0.60 < quality < 0.70 :       319 elements
Info    : 0.70 < quality < 0.80 :         8 elements
Info    : 0.80 < quality < 0.90 :         0 elements
Info    : 0.90 < quality < 1.00 :         0 elements
Info    : Optimizing volume 135
Info    : Optimization starts (volume = 1.064e-08) with worst = 0.0161094 / average = 0.204993:
Info    : 0.00 < quality < 0.10 :        26 elements
Info    : 0.10 < quality < 0.20 :       248 elements
Info    : 0.20 < quality < 0.30 :      1525 elements
Info    : 0.30 < quality < 0.40 :         0 elements
Info    : 0.40 < quality < 0.50 :         0 elements
Info    : 0.50 < quality < 0.60 :         0 elements
Info    : 0.60 < quality < 0.70 :         0 elements
Info    : 0.70 < quality < 0.80 :         0 elements
Info    : 0.80 < quality < 0.90 :         0 elements
Info    : 0.90 < quality < 1.00 :         0 elements
Info    : 199 edge swaps, 38 node relocations (volume = 1.064e-08): worst = 0.0161094 / average = 0.205005 (Wall 0.00790754s, CPU 0.00785s)
Info    : 239 edge swaps, 56 node relocations (volume = 1.064e-08): worst = 0.0161094 / average = 0.205007 (Wall 0.0168878s, CPU 0.01682s)
Info    : No ill-shaped tets in the mesh :-)
Info    : 0.00 < quality < 0.10 :        26 elements
Info    : 0.10 < quality < 0.20 :       230 elements
Info    : 0.20 < quality < 0.30 :      1419 elements
Info    : 0.30 < quality < 0.40 :         0 elements
Info    : 0.40 < quality < 0.50 :         0 elements
Info    : 0.50 < quality < 0.60 :         0 elements
Info    : 0.60 < quality < 0.70 :         0 elements
Info    : 0.70 < quality < 0.80 :         0 elements
Info    : 0.80 < quality < 0.90 :         0 elements
Info    : 0.90 < quality < 1.00 :         0 elements
Info    : Optimizing volume 136
Info    : Optimization starts (volume = 3.49854e-11) with worst = 0.394494 / average = 0.718091:
Info    : 0.00 < quality < 0.10 :         0 elements
Info    : 0.10 < quality < 0.20 :         0 elements
Info    : 0.20 < quality < 0.30 :         0 elements
Info    : 0.30 < quality < 0.40 :         2 elements
Info    : 0.40 < quality < 0.50 :        14 elements
Info    : 0.50 < quality < 0.60 :        18 elements
Info    : 0.60 < quality < 0.70 :       111 elements
Info    : 0.70 < quality < 0.80 :       260 elements
Info    : 0.80 < quality < 0.90 :        40 elements
Info    : 0.90 < quality < 1.00 :         0 elements
Info    : No ill-shaped tets in the mesh :-)
Info    : 0.00 < quality < 0.10 :         0 elements
Info    : 0.10 < quality < 0.20 :         0 elements
Info    : 0.20 < quality < 0.30 :         0 elements
Info    : 0.30 < quality < 0.40 :         2 elements
Info    : 0.40 < quality < 0.50 :        14 elements
Info    : 0.50 < quality < 0.60 :        18 elements
Info    : 0.60 < quality < 0.70 :       111 elements
Info    : 0.70 < quality < 0.80 :       260 elements
Info    : 0.80 < quality < 0.90 :        40 elements
Info    : 0.90 < quality < 1.00 :         0 elements
Info    : Optimizing volume 137
Info    : Optimization starts (volume = 3.49854e-11) with worst = 0.355792 / average = 0.713023:
Info    : 0.00 < quality < 0.10 :         0 elements
Info    : 0.10 < quality < 0.20 :         0 elements
Info    : 0.20 < quality < 0.30 :         0 elements
Info    : 0.30 < quality < 0.40 :         8 elements
Info    : 0.40 < quality < 0.50 :        14 elements
Info    : 0.50 < quality < 0.60 :        18 elements
Info    : 0.60 < quality < 0.70 :       106 elements
Info    : 0.70 < quality < 0.80 :       261 elements
Info    : 0.80 < quality < 0.90 :        43 elements
Info    : 0.90 < quality < 1.00 :         0 elements
Info    : No ill-shaped tets in the mesh :-)
Info    : 0.00 < quality < 0.10 :         0 elements
Info    : 0.10 < quality < 0.20 :         0 elements
Info    : 0.20 < quality < 0.30 :         0 elements
Info    : 0.30 < quality < 0.40 :         8 elements
Info    : 0.40 < quality < 0.50 :        14 elements
Info    : 0.50 < quality < 0.60 :        18 elements
Info    : 0.60 < quality < 0.70 :       106 elements
Info    : 0.70 < quality < 0.80 :       261 elements
Info    : 0.80 < quality < 0.90 :        43 elements
Info    : 0.90 < quality < 1.00 :         0 elements
Info    : Optimizing volume 138
Info    : Optimization starts (volume = 3.49854e-11) with worst = 0.373389 / average = 0.703089:
Info    : 0.00 < quality < 0.10 :         0 elements
Info    : 0.10 < quality < 0.20 :         0 elements
Info    : 0.20 < quality < 0.30 :         0 elements
Info    : 0.30 < quality < 0.40 :        11 elements
Info    : 0.40 < quality < 0.50 :        23 elements
Info    : 0.50 < quality < 0.60 :        21 elements
Info    : 0.60 < quality < 0.70 :       113 elements
Info    : 0.70 < quality < 0.80 :       249 elements
Info    : 0.80 < quality < 0.90 :        43 elements
Info    : 0.90 < quality < 1.00 :         0 elements
Info    : No ill-shaped tets in the mesh :-)
Info    : 0.00 < quality < 0.10 :         0 elements
Info    : 0.10 < quality < 0.20 :         0 elements
Info    : 0.20 < quality < 0.30 :         0 elements
Info    : 0.30 < quality < 0.40 :        11 elements
Info    : 0.40 < quality < 0.50 :        23 elements
Info    : 0.50 < quality < 0.60 :        21 elements
Info    : 0.60 < quality < 0.70 :       113 elements
Info    : 0.70 < quality < 0.80 :       249 elements
Info    : 0.80 < quality < 0.90 :        43 elements
Info    : 0.90 < quality < 1.00 :         0 elements
Info    : Optimizing volume 139
Info    : Optimization starts (volume = 3.49854e-11) with worst = 0.352259 / average = 0.71326:
Info    : 0.00 < quality < 0.10 :         0 elements
Info    : 0.10 < quality < 0.20 :         0 elements
Info    : 0.20 < quality < 0.30 :         0 elements
Info    : 0.30 < quality < 0.40 :         5 elements
Info    : 0.40 < quality < 0.50 :        17 elements
Info    : 0.50 < quality < 0.60 :        19 elements
Info    : 0.60 < quality < 0.70 :       109 elements
Info    : 0.70 < quality < 0.80 :       262 elements
Info    : 0.80 < quality < 0.90 :        38 elements
Info    : 0.90 < quality < 1.00 :         0 elements
Info    : No ill-shaped tets in the mesh :-)
Info    : 0.00 < quality < 0.10 :         0 elements
Info    : 0.10 < quality < 0.20 :         0 elements
Info    : 0.20 < quality < 0.30 :         0 elements
Info    : 0.30 < quality < 0.40 :         5 elements
Info    : 0.40 < quality < 0.50 :        17 elements
Info    : 0.50 < quality < 0.60 :        19 elements
Info    : 0.60 < quality < 0.70 :       109 elements
Info    : 0.70 < quality < 0.80 :       262 elements
Info    : 0.80 < quality < 0.90 :        38 elements
Info    : 0.90 < quality < 1.00 :         0 elements
Info    : Optimizing volume 140
Info    : Optimization starts (volume = 3.49854e-11) with worst = 0.336383 / average = 0.712431:
Info    : 0.00 < quality < 0.10 :         0 elements
Info    : 0.10 < quality < 0.20 :         0 elements
Info    : 0.20 < quality < 0.30 :         0 elements
Info    : 0.30 < quality < 0.40 :         6 elements
Info    : 0.40 < quality < 0.50 :        16 elements
Info    : 0.50 < quality < 0.60 :        18 elements
Info    : 0.60 < quality < 0.70 :       110 elements
Info    : 0.70 < quality < 0.80 :       257 elements
Info    : 0.80 < quality < 0.90 :        43 elements
Info    : 0.90 < quality < 1.00 :         0 elements
Info    : No ill-shaped tets in the mesh :-)
Info    : 0.00 < quality < 0.10 :         0 elements
Info    : 0.10 < quality < 0.20 :         0 elements
Info    : 0.20 < quality < 0.30 :         0 elements
Info    : 0.30 < quality < 0.40 :         6 elements
Info    : 0.40 < quality < 0.50 :        16 elements
Info    : 0.50 < quality < 0.60 :        18 elements
Info    : 0.60 < quality < 0.70 :       110 elements
Info    : 0.70 < quality < 0.80 :       257 elements
Info    : 0.80 < quality < 0.90 :        43 elements
Info    : 0.90 < quality < 1.00 :         0 elements
Info    : Optimizing volume 141
Info    : Optimization starts (volume = 3.49854e-11) with worst = 0.316825 / average = 0.707852:
Info    : 0.00 < quality < 0.10 :         0 elements
Info    : 0.10 < quality < 0.20 :         0 elements
Info    : 0.20 < quality < 0.30 :         0 elements
Info    : 0.30 < quality < 0.40 :         8 elements
Info    : 0.40 < quality < 0.50 :        20 elements
Info    : 0.50 < quality < 0.60 :        20 elements
Info    : 0.60 < quality < 0.70 :       109 elements
Info    : 0.70 < quality < 0.80 :       257 elements
Info    : 0.80 < quality < 0.90 :        41 elements
Info    : 0.90 < quality < 1.00 :         0 elements
Info    : No ill-shaped tets in the mesh :-)
Info    : 0.00 < quality < 0.10 :         0 elements
Info    : 0.10 < quality < 0.20 :         0 elements
Info    : 0.20 < quality < 0.30 :         0 elements
Info    : 0.30 < quality < 0.40 :         8 elements
Info    : 0.40 < quality < 0.50 :        20 elements
Info    : 0.50 < quality < 0.60 :        20 elements
Info    : 0.60 < quality < 0.70 :       109 elements
Info    : 0.70 < quality < 0.80 :       257 elements
Info    : 0.80 < quality < 0.90 :        41 elements
Info    : 0.90 < quality < 1.00 :         0 elements
Info    : Optimizing volume 142
Info    : Optimization starts (volume = 3.49854e-11) with worst = 0.0236152 / average = 0.772991:
Info    : 0.00 < quality < 0.10 :         1 elements
Info    : 0.10 < quality < 0.20 :         1 elements
Info    : 0.20 < quality < 0.30 :         4 elements
Info    : 0.30 < quality < 0.40 :         3 elements
Info    : 0.40 < quality < 0.50 :         6 elements
Info    : 0.50 < quality < 0.60 :        26 elements
Info    : 0.60 < quality < 0.70 :        97 elements
Info    : 0.70 < quality < 0.80 :        91 elements
Info    : 0.80 < quality < 0.90 :       121 elements
Info    : 0.90 < quality < 1.00 :       103 elements
Info    : 6 edge swaps, 0 node relocations (volume = 3.49854e-11): worst = 0.349813 / average = 0.781936 (Wall 7.5917e-05s, CPU 6.3e-05s)
Info    : No ill-shaped tets in the mesh :-)
Info    : 0.00 < quality < 0.10 :         0 elements
Info    : 0.10 < quality < 0.20 :         0 elements
Info    : 0.20 < quality < 0.30 :         0 elements
Info    : 0.30 < quality < 0.40 :         3 elements
Info    : 0.40 < quality < 0.50 :         6 elements
Info    : 0.50 < quality < 0.60 :        24 elements
Info    : 0.60 < quality < 0.70 :        97 elements
Info    : 0.70 < quality < 0.80 :        92 elements
Info    : 0.80 < quality < 0.90 :       122 elements
Info    : 0.90 < quality < 1.00 :       103 elements
Info    : Optimizing volume 143
Info    : Optimization starts (volume = 3.49854e-11) with worst = 0.394494 / average = 0.718014:
Info    : 0.00 < quality < 0.10 :         0 elements
Info    : 0.10 < quality < 0.20 :         0 elements
Info    : 0.20 < quality < 0.30 :         0 elements
Info    : 0.30 < quality < 0.40 :         2 elements
Info    : 0.40 < quality < 0.50 :        14 elements
Info    : 0.50 < quality < 0.60 :        18 elements
Info    : 0.60 < quality < 0.70 :       108 elements
Info    : 0.70 < quality < 0.80 :       263 elements
Info    : 0.80 < quality < 0.90 :        40 elements
Info    : 0.90 < quality < 1.00 :         0 elements
Info    : No ill-shaped tets in the mesh :-)
Info    : 0.00 < quality < 0.10 :         0 elements
Info    : 0.10 < quality < 0.20 :         0 elements
Info    : 0.20 < quality < 0.30 :         0 elements
Info    : 0.30 < quality < 0.40 :         2 elements
Info    : 0.40 < quality < 0.50 :        14 elements
Info    : 0.50 < quality < 0.60 :        18 elements
Info    : 0.60 < quality < 0.70 :       108 elements
Info    : 0.70 < quality < 0.80 :       263 elements
Info    : 0.80 < quality < 0.90 :        40 elements
Info    : 0.90 < quality < 1.00 :         0 elements
Info    : Optimizing volume 144
Info    : Optimization starts (volume = 3.49854e-11) with worst = 0.353246 / average = 0.712779:
Info    : 0.00 < quality < 0.10 :         0 elements
Info    : 0.10 < quality < 0.20 :         0 elements
Info    : 0.20 < quality < 0.30 :         0 elements
Info    : 0.30 < quality < 0.40 :         6 elements
Info    : 0.40 < quality < 0.50 :        16 elements
Info    : 0.50 < quality < 0.60 :        18 elements
Info    : 0.60 < quality < 0.70 :       109 elements
Info    : 0.70 < quality < 0.80 :       259 elements
Info    : 0.80 < quality < 0.90 :        42 elements
Info    : 0.90 < quality < 1.00 :         0 elements
Info    : No ill-shaped tets in the mesh :-)
Info    : 0.00 < quality < 0.10 :         0 elements
Info    : 0.10 < quality < 0.20 :         0 elements
Info    : 0.20 < quality < 0.30 :         0 elements
Info    : 0.30 < quality < 0.40 :         6 elements
Info    : 0.40 < quality < 0.50 :        16 elements
Info    : 0.50 < quality < 0.60 :        18 elements
Info    : 0.60 < quality < 0.70 :       109 elements
Info    : 0.70 < quality < 0.80 :       259 elements
Info    : 0.80 < quality < 0.90 :        42 elements
Info    : 0.90 < quality < 1.00 :         0 elements
Info    : Optimizing volume 145
Info    : Optimization starts (volume = 3.49854e-11) with worst = 0.394494 / average = 0.717665:
Info    : 0.00 < quality < 0.10 :         0 elements
Info    : 0.10 < quality < 0.20 :         0 elements
Info    : 0.20 < quality < 0.30 :         0 elements
Info    : 0.30 < quality < 0.40 :         2 elements
Info    : 0.40 < quality < 0.50 :        14 elements
Info    : 0.50 < quality < 0.60 :        18 elements
Info    : 0.60 < quality < 0.70 :       110 elements
Info    : 0.70 < quality < 0.80 :       263 elements
Info    : 0.80 < quality < 0.90 :        38 elements
Info    : 0.90 < quality < 1.00 :         0 elements
Info    : No ill-shaped tets in the mesh :-)
Info    : 0.00 < quality < 0.10 :         0 elements
Info    : 0.10 < quality < 0.20 :         0 elements
Info    : 0.20 < quality < 0.30 :         0 elements
Info    : 0.30 < quality < 0.40 :         2 elements
Info    : 0.40 < quality < 0.50 :        14 elements
Info    : 0.50 < quality < 0.60 :        18 elements
Info    : 0.60 < quality < 0.70 :       110 elements
Info    : 0.70 < quality < 0.80 :       263 elements
Info    : 0.80 < quality < 0.90 :        38 elements
Info    : 0.90 < quality < 1.00 :         0 elements
Info    : Optimizing volume 146
Info    : Optimization starts (volume = 3.49854e-11) with worst = 0.394494 / average = 0.718033:
Info    : 0.00 < quality < 0.10 :         0 elements
Info    : 0.10 < quality < 0.20 :         0 elements
Info    : 0.20 < quality < 0.30 :         0 elements
Info    : 0.30 < quality < 0.40 :         2 elements
Info    : 0.40 < quality < 0.50 :        14 elements
Info    : 0.50 < quality < 0.60 :        18 elements
Info    : 0.60 < quality < 0.70 :       109 elements
Info    : 0.70 < quality < 0.80 :       262 elements
Info    : 0.80 < quality < 0.90 :        40 elements
Info    : 0.90 < quality < 1.00 :         0 elements
Info    : No ill-shaped tets in the mesh :-)
Info    : 0.00 < quality < 0.10 :         0 elements
Info    : 0.10 < quality < 0.20 :         0 elements
Info    : 0.20 < quality < 0.30 :         0 elements
Info    : 0.30 < quality < 0.40 :         2 elements
Info    : 0.40 < quality < 0.50 :        14 elements
Info    : 0.50 < quality < 0.60 :        18 elements
Info    : 0.60 < quality < 0.70 :       109 elements
Info    : 0.70 < quality < 0.80 :       262 elements
Info    : 0.80 < quality < 0.90 :        40 elements
Info    : 0.90 < quality < 1.00 :         0 elements
Info    : Optimizing volume 147
Info    : Optimization starts (volume = 3.49854e-11) with worst = 0.381 / average = 0.712619:
Info    : 0.00 < quality < 0.10 :         0 elements
Info    : 0.10 < quality < 0.20 :         0 elements
Info    : 0.20 < quality < 0.30 :         0 elements
Info    : 0.30 < quality < 0.40 :         6 elements
Info    : 0.40 < quality < 0.50 :        16 elements
Info    : 0.50 < quality < 0.60 :        18 elements
Info    : 0.60 < quality < 0.70 :       113 elements
Info    : 0.70 < quality < 0.80 :       258 elements
Info    : 0.80 < quality < 0.90 :        39 elements
Info    : 0.90 < quality < 1.00 :         0 elements
Info    : No ill-shaped tets in the mesh :-)
Info    : 0.00 < quality < 0.10 :         0 elements
Info    : 0.10 < quality < 0.20 :         0 elements
Info    : 0.20 < quality < 0.30 :         0 elements
Info    : 0.30 < quality < 0.40 :         6 elements
Info    : 0.40 < quality < 0.50 :        16 elements
Info    : 0.50 < quality < 0.60 :        18 elements
Info    : 0.60 < quality < 0.70 :       113 elements
Info    : 0.70 < quality < 0.80 :       258 elements
Info    : 0.80 < quality < 0.90 :        39 elements
Info    : 0.90 < quality < 1.00 :         0 elements
Info    : Optimizing volume 148
Info    : Optimization starts (volume = 2.19246e-09) with worst = 0.0186329 / average = 0.212753:
Info    : 0.00 < quality < 0.10 :        10 elements
Info    : 0.10 < quality < 0.20 :        28 elements
Info    : 0.20 < quality < 0.30 :       389 elements
Info    : 0.30 < quality < 0.40 :         0 elements
Info    : 0.40 < quality < 0.50 :         0 elements
Info    : 0.50 < quality < 0.60 :         0 elements
Info    : 0.60 < quality < 0.70 :         0 elements
Info    : 0.70 < quality < 0.80 :         0 elements
Info    : 0.80 < quality < 0.90 :         0 elements
Info    : 0.90 < quality < 1.00 :         0 elements
Info    : 42 edge swaps, 15 node relocations (volume = 2.19246e-09): worst = 0.0186329 / average = 0.212767 (Wall 0.00183992s, CPU 0.001824s)
Info    : 49 edge swaps, 23 node relocations (volume = 2.19246e-09): worst = 0.0186329 / average = 0.21277 (Wall 0.00391392s, CPU 0.003896s)
Info    : No ill-shaped tets in the mesh :-)
Info    : 0.00 < quality < 0.10 :        10 elements
Info    : 0.10 < quality < 0.20 :        23 elements
Info    : 0.20 < quality < 0.30 :       369 elements
Info    : 0.30 < quality < 0.40 :         0 elements
Info    : 0.40 < quality < 0.50 :         0 elements
Info    : 0.50 < quality < 0.60 :         0 elements
Info    : 0.60 < quality < 0.70 :         0 elements
Info    : 0.70 < quality < 0.80 :         0 elements
Info    : 0.80 < quality < 0.90 :         0 elements
Info    : 0.90 < quality < 1.00 :         0 elements
Info    : Optimizing volume 149
Info    : Optimization starts (volume = 1.95667e-09) with worst = 0.0156566 / average = 0.174632:
Info    : 0.00 < quality < 0.10 :        54 elements
Info    : 0.10 < quality < 0.20 :       168 elements
Info    : 0.20 < quality < 0.30 :       175 elements
Info    : 0.30 < quality < 0.40 :         0 elements
Info    : 0.40 < quality < 0.50 :         0 elements
Info    : 0.50 < quality < 0.60 :         0 elements
Info    : 0.60 < quality < 0.70 :         0 elements
Info    : 0.70 < quality < 0.80 :         0 elements
Info    : 0.80 < quality < 0.90 :         0 elements
Info    : 0.90 < quality < 1.00 :         0 elements
Info    : 50 edge swaps, 0 node relocations (volume = 1.95667e-09): worst = 0.0619947 / average = 0.176685 (Wall 0.00147488s, CPU 0.001445s)
Info    : 51 edge swaps, 0 node relocations (volume = 1.95667e-09): worst = 0.0619947 / average = 0.176816 (Wall 0.00304154s, CPU 0.003009s)
Info    : No ill-shaped tets in the mesh :-)
Info    : 0.00 < quality < 0.10 :        37 elements
Info    : 0.10 < quality < 0.20 :       174 elements
Info    : 0.20 < quality < 0.30 :       157 elements
Info    : 0.30 < quality < 0.40 :         0 elements
Info    : 0.40 < quality < 0.50 :         0 elements
Info    : 0.50 < quality < 0.60 :         0 elements
Info    : 0.60 < quality < 0.70 :         0 elements
Info    : 0.70 < quality < 0.80 :         0 elements
Info    : 0.80 < quality < 0.90 :         0 elements
Info    : 0.90 < quality < 1.00 :         0 elements
Info    : Optimizing volume 150
Info    : Optimization starts (volume = 1.95667e-09) with worst = 0.0179344 / average = 0.21603:
Info    : 0.00 < quality < 0.10 :         6 elements
Info    : 0.10 < quality < 0.20 :        36 elements
Info    : 0.20 < quality < 0.30 :       339 elements
Info    : 0.30 < quality < 0.40 :         0 elements
Info    : 0.40 < quality < 0.50 :         0 elements
Info    : 0.50 < quality < 0.60 :         0 elements
Info    : 0.60 < quality < 0.70 :         0 elements
Info    : 0.70 < quality < 0.80 :         0 elements
Info    : 0.80 < quality < 0.90 :         0 elements
Info    : 0.90 < quality < 1.00 :         0 elements
Info    : 39 edge swaps, 7 node relocations (volume = 1.95667e-09): worst = 0.0179344 / average = 0.216061 (Wall 0.00164383s, CPU 0.00162s)
Info    : 44 edge swaps, 17 node relocations (volume = 1.95667e-09): worst = 0.0179344 / average = 0.216062 (Wall 0.00343675s, CPU 0.003403s)
Info    : No ill-shaped tets in the mesh :-)
Info    : 0.00 < quality < 0.10 :         6 elements
Info    : 0.10 < quality < 0.20 :        36 elements
Info    : 0.20 < quality < 0.30 :       322 elements
Info    : 0.30 < quality < 0.40 :         0 elements
Info    : 0.40 < quality < 0.50 :         0 elements
Info    : 0.50 < quality < 0.60 :         0 elements
Info    : 0.60 < quality < 0.70 :         0 elements
Info    : 0.70 < quality < 0.80 :         0 elements
Info    : 0.80 < quality < 0.90 :         0 elements
Info    : 0.90 < quality < 1.00 :         0 elements
Info    : Optimizing volume 151
Info    : Optimization starts (volume = 1.134e-09) with worst = 0.00253608 / average = 0.215101:
Info    : 0.00 < quality < 0.10 :        18 elements
Info    : 0.10 < quality < 0.20 :         9 elements
Info    : 0.20 < quality < 0.30 :       220 elements
Info    : 0.30 < quality < 0.40 :         0 elements
Info    : 0.40 < quality < 0.50 :         0 elements
Info    : 0.50 < quality < 0.60 :         0 elements
Info    : 0.60 < quality < 0.70 :         0 elements
Info    : 0.70 < quality < 0.80 :         0 elements
Info    : 0.80 < quality < 0.90 :         0 elements
Info    : 0.90 < quality < 1.00 :         0 elements
Info    : 36 edge swaps, 0 node relocations (volume = 1.134e-09): worst = 0.0805261 / average = 0.227897 (Wall 0.000890959s, CPU 0.000874s)
Info    : 37 edge swaps, 0 node relocations (volume = 1.134e-09): worst = 0.0805261 / average = 0.227894 (Wall 0.00185808s, CPU 0.00184s)
Info    : No ill-shaped tets in the mesh :-)
Info    : 0.00 < quality < 0.10 :         2 elements
Info    : 0.10 < quality < 0.20 :         7 elements
Info    : 0.20 < quality < 0.30 :       217 elements
Info    : 0.30 < quality < 0.40 :         0 elements
Info    : 0.40 < quality < 0.50 :         0 elements
Info    : 0.50 < quality < 0.60 :         0 elements
Info    : 0.60 < quality < 0.70 :         0 elements
Info    : 0.70 < quality < 0.80 :         0 elements
Info    : 0.80 < quality < 0.90 :         0 elements
Info    : 0.90 < quality < 1.00 :         0 elements
Info    : Optimizing volume 152
Info    : Optimization starts (volume = 1.95667e-09) with worst = 0.0156566 / average = 0.174632:
Info    : 0.00 < quality < 0.10 :        54 elements
Info    : 0.10 < quality < 0.20 :       168 elements
Info    : 0.20 < quality < 0.30 :       175 elements
Info    : 0.30 < quality < 0.40 :         0 elements
Info    : 0.40 < quality < 0.50 :         0 elements
Info    : 0.50 < quality < 0.60 :         0 elements
Info    : 0.60 < quality < 0.70 :         0 elements
Info    : 0.70 < quality < 0.80 :         0 elements
Info    : 0.80 < quality < 0.90 :         0 elements
Info    : 0.90 < quality < 1.00 :         0 elements
Info    : 51 edge swaps, 0 node relocations (volume = 1.95667e-09): worst = 0.0619947 / average = 0.176811 (Wall 0.00144717s, CPU 0.00143s)
Info    : No ill-shaped tets in the mesh :-)
Info    : 0.00 < quality < 0.10 :        37 elements
Info    : 0.10 < quality < 0.20 :       175 elements
Info    : 0.20 < quality < 0.30 :       157 elements
Info    : 0.30 < quality < 0.40 :         0 elements
Info    : 0.40 < quality < 0.50 :         0 elements
Info    : 0.50 < quality < 0.60 :         0 elements
Info    : 0.60 < quality < 0.70 :         0 elements
Info    : 0.70 < quality < 0.80 :         0 elements
Info    : 0.80 < quality < 0.90 :         0 elements
Info    : 0.90 < quality < 1.00 :         0 elements
Info    : Optimizing volume 153
Info    : Optimization starts (volume = 1.95667e-09) with worst = 0.0168005 / average = 0.21637:
Info    : 0.00 < quality < 0.10 :         6 elements
Info    : 0.10 < quality < 0.20 :        34 elements
Info    : 0.20 < quality < 0.30 :       341 elements
Info    : 0.30 < quality < 0.40 :         0 elements
Info    : 0.40 < quality < 0.50 :         0 elements
Info    : 0.50 < quality < 0.60 :         0 elements
Info    : 0.60 < quality < 0.70 :         0 elements
Info    : 0.70 < quality < 0.80 :         0 elements
Info    : 0.80 < quality < 0.90 :         0 elements
Info    : 0.90 < quality < 1.00 :         0 elements
Info    : 45 edge swaps, 3 node relocations (volume = 1.95667e-09): worst = 0.0168005 / average = 0.216401 (Wall 0.00161654s, CPU 0.0016s)
Info    : 49 edge swaps, 4 node relocations (volume = 1.95667e-09): worst = 0.0168005 / average = 0.216404 (Wall 0.00344279s, CPU 0.003421s)
Info    : No ill-shaped tets in the mesh :-)
Info    : 0.00 < quality < 0.10 :         6 elements
Info    : 0.10 < quality < 0.20 :        34 elements
Info    : 0.20 < quality < 0.30 :       326 elements
Info    : 0.30 < quality < 0.40 :         0 elements
Info    : 0.40 < quality < 0.50 :         0 elements
Info    : 0.50 < quality < 0.60 :         0 elements
Info    : 0.60 < quality < 0.70 :         0 elements
Info    : 0.70 < quality < 0.80 :         0 elements
Info    : 0.80 < quality < 0.90 :         0 elements
Info    : 0.90 < quality < 1.00 :         0 elements
Info    : Optimizing volume 154
Info    : Optimization starts (volume = 3.57e-09) with worst = 0.0193503 / average = 0.2147:
Info    : 0.00 < quality < 0.10 :         6 elements
Info    : 0.10 < quality < 0.20 :        56 elements
Info    : 0.20 < quality < 0.30 :       595 elements
Info    : 0.30 < quality < 0.40 :         0 elements
Info    : 0.40 < quality < 0.50 :         0 elements
Info    : 0.50 < quality < 0.60 :         0 elements
Info    : 0.60 < quality < 0.70 :         0 elements
Info    : 0.70 < quality < 0.80 :         0 elements
Info    : 0.80 < quality < 0.90 :         0 elements
Info    : 0.90 < quality < 1.00 :         0 elements
Info    : 69 edge swaps, 6 node relocations (volume = 3.57e-09): worst = 0.0193503 / average = 0.21472 (Wall 0.00265696s, CPU 0.002632s)
Info    : 77 edge swaps, 6 node relocations (volume = 3.57e-09): worst = 0.0193503 / average = 0.214721 (Wall 0.00579846s, CPU 0.005768s)
Info    : No ill-shaped tets in the mesh :-)
Info    : 0.00 < quality < 0.10 :         6 elements
Info    : 0.10 < quality < 0.20 :        51 elements
Info    : 0.20 < quality < 0.30 :       573 elements
Info    : 0.30 < quality < 0.40 :         0 elements
Info    : 0.40 < quality < 0.50 :         0 elements
Info    : 0.50 < quality < 0.60 :         0 elements
Info    : 0.60 < quality < 0.70 :         0 elements
Info    : 0.70 < quality < 0.80 :         0 elements
Info    : 0.80 < quality < 0.90 :         0 elements
Info    : 0.90 < quality < 1.00 :         0 elements
Info    : Optimizing volume 155
Info    : Optimization starts (volume = 1.95667e-09) with worst = 0.0530338 / average = 0.167092:
Info    : 0.00 < quality < 0.10 :        60 elements
Info    : 0.10 < quality < 0.20 :       191 elements
Info    : 0.20 < quality < 0.30 :       146 elements
Info    : 0.30 < quality < 0.40 :         1 elements
Info    : 0.40 < quality < 0.50 :         0 elements
Info    : 0.50 < quality < 0.60 :         0 elements
Info    : 0.60 < quality < 0.70 :         0 elements
Info    : 0.70 < quality < 0.80 :         0 elements
Info    : 0.80 < quality < 0.90 :         0 elements
Info    : 0.90 < quality < 1.00 :         0 elements
Info    : 48 edge swaps, 0 node relocations (volume = 1.95667e-09): worst = 0.0618504 / average = 0.167044 (Wall 0.00145821s, CPU 0.001442s)
Info    : 49 edge swaps, 0 node relocations (volume = 1.95667e-09): worst = 0.0618504 / average = 0.167021 (Wall 0.00302138s, CPU 0.003003s)
Info    : No ill-shaped tets in the mesh :-)
Info    : 0.00 < quality < 0.10 :        53 elements
Info    : 0.10 < quality < 0.20 :       189 elements
Info    : 0.20 < quality < 0.30 :       125 elements
Info    : 0.30 < quality < 0.40 :         0 elements
Info    : 0.40 < quality < 0.50 :         0 elements
Info    : 0.50 < quality < 0.60 :         0 elements
Info    : 0.60 < quality < 0.70 :         0 elements
Info    : 0.70 < quality < 0.80 :         0 elements
Info    : 0.80 < quality < 0.90 :         0 elements
Info    : 0.90 < quality < 1.00 :         0 elements
Info    : Optimizing volume 156
Info    : Optimization starts (volume = 1.95667e-09) with worst = 0.0186046 / average = 0.214793:
Info    : 0.00 < quality < 0.10 :         8 elements
Info    : 0.10 < quality < 0.20 :        38 elements
Info    : 0.20 < quality < 0.30 :       340 elements
Info    : 0.30 < quality < 0.40 :         0 elements
Info    : 0.40 < quality < 0.50 :         0 elements
Info    : 0.50 < quality < 0.60 :         0 elements
Info    : 0.60 < quality < 0.70 :         0 elements
Info    : 0.70 < quality < 0.80 :         0 elements
Info    : 0.80 < quality < 0.90 :         0 elements
Info    : 0.90 < quality < 1.00 :         0 elements
Info    : 40 edge swaps, 8 node relocations (volume = 1.95667e-09): worst = 0.0186046 / average = 0.214813 (Wall 0.00162512s, CPU 0.001603s)
Info    : 47 edge swaps, 11 node relocations (volume = 1.95667e-09): worst = 0.0186046 / average = 0.214821 (Wall 0.00344571s, CPU 0.003419s)
Info    : No ill-shaped tets in the mesh :-)
Info    : 0.00 < quality < 0.10 :         8 elements
Info    : 0.10 < quality < 0.20 :        34 elements
Info    : 0.20 < quality < 0.30 :       320 elements
Info    : 0.30 < quality < 0.40 :         0 elements
Info    : 0.40 < quality < 0.50 :         0 elements
Info    : 0.50 < quality < 0.60 :         0 elements
Info    : 0.60 < quality < 0.70 :         0 elements
Info    : 0.70 < quality < 0.80 :         0 elements
Info    : 0.80 < quality < 0.90 :         0 elements
Info    : 0.90 < quality < 1.00 :         0 elements
Info    : Optimizing volume 157
Info    : Optimization starts (volume = 1.06581e-10) with worst = 0.270379 / average = 0.624901:
Info    : 0.00 < quality < 0.10 :         0 elements
Info    : 0.10 < quality < 0.20 :         0 elements
Info    : 0.20 < quality < 0.30 :         4 elements
Info    : 0.30 < quality < 0.40 :         4 elements
Info    : 0.40 < quality < 0.50 :        12 elements
Info    : 0.50 < quality < 0.60 :        32 elements
Info    : 0.60 < quality < 0.70 :       320 elements
Info    : 0.70 < quality < 0.80 :        10 elements
Info    : 0.80 < quality < 0.90 :         0 elements
Info    : 0.90 < quality < 1.00 :         0 elements
Info    : No ill-shaped tets in the mesh :-)
Info    : 0.00 < quality < 0.10 :         0 elements
Info    : 0.10 < quality < 0.20 :         0 elements
Info    : 0.20 < quality < 0.30 :         4 elements
Info    : 0.30 < quality < 0.40 :         4 elements
Info    : 0.40 < quality < 0.50 :        12 elements
Info    : 0.50 < quality < 0.60 :        32 elements
Info    : 0.60 < quality < 0.70 :       320 elements
Info    : 0.70 < quality < 0.80 :        10 elements
Info    : 0.80 < quality < 0.90 :         0 elements
Info    : 0.90 < quality < 1.00 :         0 elements
Info    : Optimizing volume 158
Info    : Optimization starts (volume = 1.0653e-10) with worst = 0.253237 / average = 0.628662:
Info    : 0.00 < quality < 0.10 :         0 elements
Info    : 0.10 < quality < 0.20 :         0 elements
Info    : 0.20 < quality < 0.30 :         2 elements
Info    : 0.30 < quality < 0.40 :         8 elements
Info    : 0.40 < quality < 0.50 :         4 elements
Info    : 0.50 < quality < 0.60 :        32 elements
Info    : 0.60 < quality < 0.70 :       321 elements
Info    : 0.70 < quality < 0.80 :         9 elements
Info    : 0.80 < quality < 0.90 :         0 elements
Info    : 0.90 < quality < 1.00 :         0 elements
Info    : No ill-shaped tets in the mesh :-)
Info    : 0.00 < quality < 0.10 :         0 elements
Info    : 0.10 < quality < 0.20 :         0 elements
Info    : 0.20 < quality < 0.30 :         2 elements
Info    : 0.30 < quality < 0.40 :         8 elements
Info    : 0.40 < quality < 0.50 :         4 elements
Info    : 0.50 < quality < 0.60 :        32 elements
Info    : 0.60 < quality < 0.70 :       321 elements
Info    : 0.70 < quality < 0.80 :         9 elements
Info    : 0.80 < quality < 0.90 :         0 elements
Info    : 0.90 < quality < 1.00 :         0 elements
Info    : Optimizing volume 159
Info    : Optimization starts (volume = 1.06581e-10) with worst = 0.2244 / average = 0.609826:
Info    : 0.00 < quality < 0.10 :         0 elements
Info    : 0.10 < quality < 0.20 :         0 elements
Info    : 0.20 < quality < 0.30 :         6 elements
Info    : 0.30 < quality < 0.40 :        18 elements
Info    : 0.40 < quality < 0.50 :        19 elements
Info    : 0.50 < quality < 0.60 :        29 elements
Info    : 0.60 < quality < 0.70 :       313 elements
Info    : 0.70 < quality < 0.80 :        12 elements
Info    : 0.80 < quality < 0.90 :         0 elements
Info    : 0.90 < quality < 1.00 :         0 elements
Info    : No ill-shaped tets in the mesh :-)
Info    : 0.00 < quality < 0.10 :         0 elements
Info    : 0.10 < quality < 0.20 :         0 elements
Info    : 0.20 < quality < 0.30 :         6 elements
Info    : 0.30 < quality < 0.40 :        18 elements
Info    : 0.40 < quality < 0.50 :        19 elements
Info    : 0.50 < quality < 0.60 :        29 elements
Info    : 0.60 < quality < 0.70 :       313 elements
Info    : 0.70 < quality < 0.80 :        12 elements
Info    : 0.80 < quality < 0.90 :         0 elements
Info    : 0.90 < quality < 1.00 :         0 elements
Info    : Optimizing volume 160
Info    : Optimization starts (volume = 1.06581e-10) with worst = 0.293444 / average = 0.625127:
Info    : 0.00 < quality < 0.10 :         0 elements
Info    : 0.10 < quality < 0.20 :         0 elements
Info    : 0.20 < quality < 0.30 :         2 elements
Info    : 0.30 < quality < 0.40 :         9 elements
Info    : 0.40 < quality < 0.50 :         9 elements
Info    : 0.50 < quality < 0.60 :        34 elements
Info    : 0.60 < quality < 0.70 :       317 elements
Info    : 0.70 < quality < 0.80 :        11 elements
Info    : 0.80 < quality < 0.90 :         0 elements
Info    : 0.90 < quality < 1.00 :         0 elements
Info    : No ill-shaped tets in the mesh :-)
Info    : 0.00 < quality < 0.10 :         0 elements
Info    : 0.10 < quality < 0.20 :         0 elements
Info    : 0.20 < quality < 0.30 :         2 elements
Info    : 0.30 < quality < 0.40 :         9 elements
Info    : 0.40 < quality < 0.50 :         9 elements
Info    : 0.50 < quality < 0.60 :        34 elements
Info    : 0.60 < quality < 0.70 :       317 elements
Info    : 0.70 < quality < 0.80 :        11 elements
Info    : 0.80 < quality < 0.90 :         0 elements
Info    : 0.90 < quality < 1.00 :         0 elements
Info    : Optimizing volume 161
Info    : Optimization starts (volume = 1.06581e-10) with worst = 0.271019 / average = 0.62466:
Info    : 0.00 < quality < 0.10 :         0 elements
Info    : 0.10 < quality < 0.20 :         0 elements
Info    : 0.20 < quality < 0.30 :         4 elements
Info    : 0.30 < quality < 0.40 :         7 elements
Info    : 0.40 < quality < 0.50 :         9 elements
Info    : 0.50 < quality < 0.60 :        34 elements
Info    : 0.60 < quality < 0.70 :       316 elements
Info    : 0.70 < quality < 0.80 :        12 elements
Info    : 0.80 < quality < 0.90 :         0 elements
Info    : 0.90 < quality < 1.00 :         0 elements
Info    : No ill-shaped tets in the mesh :-)
Info    : 0.00 < quality < 0.10 :         0 elements
Info    : 0.10 < quality < 0.20 :         0 elements
Info    : 0.20 < quality < 0.30 :         4 elements
Info    : 0.30 < quality < 0.40 :         7 elements
Info    : 0.40 < quality < 0.50 :         9 elements
Info    : 0.50 < quality < 0.60 :        34 elements
Info    : 0.60 < quality < 0.70 :       316 elements
Info    : 0.70 < quality < 0.80 :        12 elements
Info    : 0.80 < quality < 0.90 :         0 elements
Info    : 0.90 < quality < 1.00 :         0 elements
Info    : Optimizing volume 162
Info    : Optimization starts (volume = 1.06555e-10) with worst = 0.267953 / average = 0.622288:
Info    : 0.00 < quality < 0.10 :         0 elements
Info    : 0.10 < quality < 0.20 :         0 elements
Info    : 0.20 < quality < 0.30 :         2 elements
Info    : 0.30 < quality < 0.40 :         9 elements
Info    : 0.40 < quality < 0.50 :        15 elements
Info    : 0.50 < quality < 0.60 :        30 elements
Info    : 0.60 < quality < 0.70 :       318 elements
Info    : 0.70 < quality < 0.80 :        10 elements
Info    : 0.80 < quality < 0.90 :         0 elements
Info    : 0.90 < quality < 1.00 :         0 elements
Info    : No ill-shaped tets in the mesh :-)
Info    : 0.00 < quality < 0.10 :         0 elements
Info    : 0.10 < quality < 0.20 :         0 elements
Info    : 0.20 < quality < 0.30 :         2 elements
Info    : 0.30 < quality < 0.40 :         9 elements
Info    : 0.40 < quality < 0.50 :        15 elements
Info    : 0.50 < quality < 0.60 :        30 elements
Info    : 0.60 < quality < 0.70 :       318 elements
Info    : 0.70 < quality < 0.80 :        10 elements
Info    : 0.80 < quality < 0.90 :         0 elements
Info    : 0.90 < quality < 1.00 :         0 elements
Info    : Optimizing volume 163
Info    : Optimization starts (volume = 1.06581e-10) with worst = 0.2372 / average = 0.615058:
Info    : 0.00 < quality < 0.10 :         0 elements
Info    : 0.10 < quality < 0.20 :         0 elements
Info    : 0.20 < quality < 0.30 :         7 elements
Info    : 0.30 < quality < 0.40 :        18 elements
Info    : 0.40 < quality < 0.50 :         9 elements
Info    : 0.50 < quality < 0.60 :        28 elements
Info    : 0.60 < quality < 0.70 :       318 elements
Info    : 0.70 < quality < 0.80 :        12 elements
Info    : 0.80 < quality < 0.90 :         0 elements
Info    : 0.90 < quality < 1.00 :         0 elements
Info    : 1 edge swaps, 1 node relocations (volume = 1.06581e-10): worst = 0.241487 / average = 0.615169 (Wall 6.60829e-05s, CPU 4.9e-05s)
Info    : No ill-shaped tets in the mesh :-)
Info    : 0.00 < quality < 0.10 :         0 elements
Info    : 0.10 < quality < 0.20 :         0 elements
Info    : 0.20 < quality < 0.30 :         6 elements
Info    : 0.30 < quality < 0.40 :        19 elements
Info    : 0.40 < quality < 0.50 :         9 elements
Info    : 0.50 < quality < 0.60 :        28 elements
Info    : 0.60 < quality < 0.70 :       319 elements
Info    : 0.70 < quality < 0.80 :        12 elements
Info    : 0.80 < quality < 0.90 :         0 elements
Info    : 0.90 < quality < 1.00 :         0 elements
Info    : Optimizing volume 164
Info    : Optimization starts (volume = 1.06555e-10) with worst = 0.272929 / average = 0.632241:
Info    : 0.00 < quality < 0.10 :         0 elements
Info    : 0.10 < quality < 0.20 :         0 elements
Info    : 0.20 < quality < 0.30 :         3 elements
Info    : 0.30 < quality < 0.40 :         5 elements
Info    : 0.40 < quality < 0.50 :         0 elements
Info    : 0.50 < quality < 0.60 :        33 elements
Info    : 0.60 < quality < 0.70 :       323 elements
Info    : 0.70 < quality < 0.80 :        10 elements
Info    : 0.80 < quality < 0.90 :         0 elements
Info    : 0.90 < quality < 1.00 :         0 elements
Info    : 1 edge swaps, 0 node relocations (volume = 1.06555e-10): worst = 0.272929 / average = 0.632798 (Wall 4.77498e-05s, CPU 3.4e-05s)
Info    : No ill-shaped tets in the mesh :-)
Info    : 0.00 < quality < 0.10 :         0 elements
Info    : 0.10 < quality < 0.20 :         0 elements
Info    : 0.20 < quality < 0.30 :         2 elements
Info    : 0.30 < quality < 0.40 :         5 elements
Info    : 0.40 < quality < 0.50 :         1 elements
Info    : 0.50 < quality < 0.60 :        33 elements
Info    : 0.60 < quality < 0.70 :       323 elements
Info    : 0.70 < quality < 0.80 :        10 elements
Info    : 0.80 < quality < 0.90 :         0 elements
Info    : 0.90 < quality < 1.00 :         0 elements
Info    : Optimizing volume 165
Info    : Optimization starts (volume = 1.0653e-10) with worst = 0.5485 / average = 0.639362:
Info    : 0.00 < quality < 0.10 :         0 elements
Info    : 0.10 < quality < 0.20 :         0 elements
Info    : 0.20 < quality < 0.30 :         0 elements
Info    : 0.30 < quality < 0.40 :         0 elements
Info    : 0.40 < quality < 0.50 :         0 elements
Info    : 0.50 < quality < 0.60 :        30 elements
Info    : 0.60 < quality < 0.70 :       328 elements
Info    : 0.70 < quality < 0.80 :         8 elements
Info    : 0.80 < quality < 0.90 :         0 elements
Info    : 0.90 < quality < 1.00 :         0 elements
Info    : No ill-shaped tets in the mesh :-)
Info    : 0.00 < quality < 0.10 :         0 elements
Info    : 0.10 < quality < 0.20 :         0 elements
Info    : 0.20 < quality < 0.30 :         0 elements
Info    : 0.30 < quality < 0.40 :         0 elements
Info    : 0.40 < quality < 0.50 :         0 elements
Info    : 0.50 < quality < 0.60 :        30 elements
Info    : 0.60 < quality < 0.70 :       328 elements
Info    : 0.70 < quality < 0.80 :         8 elements
Info    : 0.80 < quality < 0.90 :         0 elements
Info    : 0.90 < quality < 1.00 :         0 elements
Info    : Optimizing volume 166
Info    : Optimization starts (volume = 1.06581e-10) with worst = 0.260778 / average = 0.619605:
Info    : 0.00 < quality < 0.10 :         0 elements
Info    : 0.10 < quality < 0.20 :         0 elements
Info    : 0.20 < quality < 0.30 :         6 elements
Info    : 0.30 < quality < 0.40 :         6 elements
Info    : 0.40 < quality < 0.50 :        16 elements
Info    : 0.50 < quality < 0.60 :        32 elements
Info    : 0.60 < quality < 0.70 :       315 elements
Info    : 0.70 < quality < 0.80 :        12 elements
Info    : 0.80 < quality < 0.90 :         0 elements
Info    : 0.90 < quality < 1.00 :         0 elements
Info    : No ill-shaped tets in the mesh :-)
Info    : 0.00 < quality < 0.10 :         0 elements
Info    : 0.10 < quality < 0.20 :         0 elements
Info    : 0.20 < quality < 0.30 :         6 elements
Info    : 0.30 < quality < 0.40 :         6 elements
Info    : 0.40 < quality < 0.50 :        16 elements
Info    : 0.50 < quality < 0.60 :        32 elements
Info    : 0.60 < quality < 0.70 :       315 elements
Info    : 0.70 < quality < 0.80 :        12 elements
Info    : 0.80 < quality < 0.90 :         0 elements
Info    : 0.90 < quality < 1.00 :         0 elements
Info    : Optimizing volume 167
Info    : Optimization starts (volume = 1.06555e-10) with worst = 0.258636 / average = 0.621711:
Info    : 0.00 < quality < 0.10 :         0 elements
Info    : 0.10 < quality < 0.20 :         0 elements
Info    : 0.20 < quality < 0.30 :         4 elements
Info    : 0.30 < quality < 0.40 :         8 elements
Info    : 0.40 < quality < 0.50 :        14 elements
Info    : 0.50 < quality < 0.60 :        34 elements
Info    : 0.60 < quality < 0.70 :       315 elements
Info    : 0.70 < quality < 0.80 :         9 elements
Info    : 0.80 < quality < 0.90 :         0 elements
Info    : 0.90 < quality < 1.00 :         0 elements
Info    : No ill-shaped tets in the mesh :-)
Info    : 0.00 < quality < 0.10 :         0 elements
Info    : 0.10 < quality < 0.20 :         0 elements
Info    : 0.20 < quality < 0.30 :         4 elements
Info    : 0.30 < quality < 0.40 :         8 elements
Info    : 0.40 < quality < 0.50 :        14 elements
Info    : 0.50 < quality < 0.60 :        34 elements
Info    : 0.60 < quality < 0.70 :       315 elements
Info    : 0.70 < quality < 0.80 :         9 elements
Info    : 0.80 < quality < 0.90 :         0 elements
Info    : 0.90 < quality < 1.00 :         0 elements
Info    : Optimizing volume 168
Info    : Optimization starts (volume = 1.0653e-10) with worst = 0.272929 / average = 0.628147:
Info    : 0.00 < quality < 0.10 :         0 elements
Info    : 0.10 < quality < 0.20 :         0 elements
Info    : 0.20 < quality < 0.30 :         3 elements
Info    : 0.30 < quality < 0.40 :         7 elements
Info    : 0.40 < quality < 0.50 :         4 elements
Info    : 0.50 < quality < 0.60 :        36 elements
Info    : 0.60 < quality < 0.70 :       317 elements
Info    : 0.70 < quality < 0.80 :         9 elements
Info    : 0.80 < quality < 0.90 :         0 elements
Info    : 0.90 < quality < 1.00 :         0 elements
Info    : 1 edge swaps, 0 node relocations (volume = 1.0653e-10): worst = 0.272929 / average = 0.627973 (Wall 5.1708e-05s, CPU 3.8e-05s)
Info    : No ill-shaped tets in the mesh :-)
Info    : 0.00 < quality < 0.10 :         0 elements
Info    : 0.10 < quality < 0.20 :         0 elements
Info    : 0.20 < quality < 0.30 :         2 elements
Info    : 0.30 < quality < 0.40 :         8 elements
Info    : 0.40 < quality < 0.50 :         4 elements
Info    : 0.50 < quality < 0.60 :        38 elements
Info    : 0.60 < quality < 0.70 :       316 elements
Info    : 0.70 < quality < 0.80 :         9 elements
Info    : 0.80 < quality < 0.90 :         0 elements
Info    : 0.90 < quality < 1.00 :         0 elements
Info    : Done optimizing mesh (Wall 0.082273s, CPU 0.08002s)
Info    : 11237 nodes 52609 elements
Info    : Writing 'local.msh'...
Info    : Done writing 'local.msh'
Info    : Stopped on Wed Sep 16 14:13:57 2026 (From start: Wall 1.81206s, CPU 1.83906s)

--- stderr ---
Error   : Union failed - BOPAlgo_AlertTooFewArguments 
Error   : 'local.geo', line 49: Could not apply boolean operator
Error   : Could not create line
Error   : 'local.geo', line 518: Could not add line
Error   : Could not create line
Error   : 'local.geo', line 520: Could not add line
Error   : Could not create line
Error   : 'local.geo', line 521: Could not add line
Error   : Could not create line
Error   : 'local.geo', line 523: Could not add line
Error   : Could not create line
Error   : 'local.geo', line 531: Could not add line
Error   : Could not create line
Error   : 'local.geo', line 533: Could not add line
Error   : Could not create line
Error   : 'local.geo', line 534: Could not add line
Error   : Could not create line
Error   : 'local.geo', line 536: Could not add line
Error   : Could not create line
Error   : 'local.geo', line 537: Could not add line
Error   : Could not create line
Error   : 'local.geo', line 553: Could not add line
Error   : Could not create line
Error   : 'local.geo', line 555: Could not add line
Error   : Could not create line
Error   : 'local.geo', line 557: Could not add line
Error   : Could not create line
Error   : 'local.geo', line 559: Could not add line
Error   : Could not create line
Error   : 'local.geo', line 561: Could not add line
Error   : Could not create line
Error   : 'local.geo', line 562: Could not add line
Error   : Could not create line
Error   : 'local.geo', line 563: Could not add line
Error   : Could not create line
Error   : 'local.geo', line 565: Could not add line
Error   : Could not create line
Error   : 'local.geo', line 576: Could not add line
Error   : Could not create line
Error   : 'local.geo', line 578: Could not add line
Error   : Could not create line
Error   : 'local.geo', line 579: Could not add line
Error   : Too many errors: aborting parser...
