{
  "grid_build_time_ms": 4.0978193283081055e-05,
  "route_time_s": 1.4489889997057617,
  "memory_usage_mb": 415.6875,
  "completion_rate": 100.0
}