n_components,epochs,total_time_s,ms_per_epoch
50,8000,4.528634786605835,0.5660793483257294
100,8000,5.443860054016113,0.6804825067520142
200,8000,9.384680032730103,1.1730850040912628
