{
  "Q1": [
    35.32,
    74.91
  ],
  "Q2": [
    35.32,
    74.95
  ],
  "J_AC_IN": [
    35.2,
    75.0
  ],
  "D1": [
    35.32,
    75.14
  ],
  "D2": [
    35.43,
    75.0
  ],
  "C_BUS1": [
    35.32,
    75.06
  ],
  "C_BUS2": [
    35.32,
    75.1
  ],
  "J_COIL": [
    35.32,
    75.03
  ],
  "C_BOOT": [
    35.32,
    74.98
  ],
  "R_GATE_H": [
    35.32,
    75.0
  ],
  "R_GATE_L": [
    35.32,
    74.88
  ],
  "U_GATE": [
    50.0,
    69.32999999999997
  ],
  "U_MCU": [
    59.55000000000001,
    75.0
  ],
  "J_USB": [
    59.48000000000001,
    74.98
  ],
  "J_DEBUG": [
    59.44000000000001,
    75.0
  ],
  "R_BURDEN": [
    59.48000000000001,
    75.02
  ],
  "C_CT_FILT": [
    59.48000000000001,
    75.0
  ],
  "U_CT": [
    50.04,
    84.47499999999998
  ],
  "U_OPAMP_CT": [
    50.04,
    84.56499999999998
  ],
  "MAX31865": [
    49.96,
    84.52499999999999
  ],
  "J_NTC": [
    50.04,
    84.52499999999999
  ],
  "U_BUCK": [
    50.0,
    78.52499999999996
  ],
  "U_LDO_5V": [
    50.05,
    78.52499999999996
  ],
  "U_LDO_3V3": [
    49.95,
    78.52499999999996
  ],
  "C_VCC": [
    49.99999999999999,
    74.99999999999999
  ],
  "C_MCU_1": [
    50.029999999999994,
    74.99999999999999
  ],
  "C_MCU_2": [
    50.029999999999994,
    75.00999999999999
  ],
  "C_MCU_3": [
    50.029999999999994,
    75.01999999999998
  ],
  "C_MCU_4": [
    50.029999999999994,
    74.98999999999998
  ]
}