{
  "geometric": {
    "overlap_count": 2,
    "overlap_area_mm2": 6.340026331870696e-05,
    "zone_violation_count": 8,
    "zone_violation_max_mm": 4.5,
    "boundary_violation_count": 0,
    "min_hv_lv_clearance_mm": 1000.0
  },
  "emi": {
    "gate_loop_area_mm2": 34.451656341552734,
    "power_loop_area_mm2": 0.0,
    "total_loop_area_mm2": 34.451656341552734
  },
  "thermal": {
    "max_junction_temp_c": 152.33279418945312,
    "thermal_margin_c": -2.332794189453125,
    "edge_distance_avg_mm": 19.817699432373047
  },
  "routability": {
    "completion_pct": 99.76047904191617,
    "overflow_cells": 72,
    "max_congestion": 1.100000023841858,
    "total_wirelength_mm": 774.6181030273438
  }
}