{
  "geometric": {
    "overlap_count": 1,
    "overlap_area_mm2": 1.999175294301636e-06,
    "zone_violation_count": 3,
    "zone_violation_max_mm": 4.5,
    "boundary_violation_count": 0,
    "min_hv_lv_clearance_mm": 1000.0
  },
  "emi": {
    "gate_loop_area_mm2": 48.064453125,
    "power_loop_area_mm2": 0.0,
    "total_loop_area_mm2": 48.064453125
  },
  "thermal": {
    "max_junction_temp_c": 173.34921264648438,
    "thermal_margin_c": -23.349212646484375,
    "edge_distance_avg_mm": 29.748655319213867
  },
  "routability": {
    "completion_pct": 98.89098893768414,
    "overflow_cells": 224,
    "max_congestion": 1.399999976158142,
    "total_wirelength_mm": 843.6780395507812
  }
}