scenario,force_n,island_rate_n_mm,bias_um,residual_force_n,observed_um,actual_cap_load,thermal_contact,old_plunger_loaded,candidate_mechanical_permission,false_mechanical_permission,false_thermal_permission
clean_loaded,0.080,1.600,-30.000,0.000,20.000,true,true,true,false,false,false
clean_loaded,0.080,1.600,-30.000,0.005,20.000,true,true,true,false,false,false
clean_loaded,0.080,1.600,-30.000,0.010,20.000,true,true,true,false,false,false
clean_loaded,0.080,1.600,-30.000,0.030,20.000,true,true,true,false,false,false
clean_loaded,0.080,1.600,-15.000,0.000,35.000,true,true,true,true,false,false
clean_loaded,0.080,1.600,-15.000,0.005,35.000,true,true,true,true,false,false
clean_loaded,0.080,1.600,-15.000,0.010,35.000,true,true,true,true,false,false
clean_loaded,0.080,1.600,-15.000,0.030,35.000,true,true,true,true,false,false
clean_loaded,0.080,1.600,0.000,0.000,50.000,true,true,true,true,false,false
clean_loaded,0.080,1.600,0.000,0.005,50.000,true,true,true,true,false,false
clean_loaded,0.080,1.600,0.000,0.010,50.000,true,true,true,true,false,false
clean_loaded,0.080,1.600,0.000,0.030,50.000,true,true,true,true,false,false
clean_loaded,0.080,1.600,15.000,0.000,65.000,true,true,true,true,false,false
clean_loaded,0.080,1.600,15.000,0.005,65.000,true,true,true,true,false,false
clean_loaded,0.080,1.600,15.000,0.010,65.000,true,true,true,true,false,false
clean_loaded,0.080,1.600,15.000,0.030,65.000,true,true,true,true,false,false
clean_loaded,0.080,1.600,30.000,0.000,80.000,true,true,true,true,false,false
clean_loaded,0.080,1.600,30.000,0.005,80.000,true,true,true,true,false,false
clean_loaded,0.080,1.600,30.000,0.010,80.000,true,true,true,true,false,false
clean_loaded,0.080,1.600,30.000,0.030,80.000,true,true,true,true,false,false
clean_loaded,0.080,2.000,-30.000,0.000,10.000,true,true,true,false,false,false
clean_loaded,0.080,2.000,-30.000,0.005,10.000,true,true,true,false,false,false
clean_loaded,0.080,2.000,-30.000,0.010,10.000,true,true,true,false,false,false
clean_loaded,0.080,2.000,-30.000,0.030,10.000,true,true,true,false,false,false
clean_loaded,0.080,2.000,-15.000,0.000,25.000,true,true,true,true,false,false
clean_loaded,0.080,2.000,-15.000,0.005,25.000,true,true,true,true,false,false
clean_loaded,0.080,2.000,-15.000,0.010,25.000,true,true,true,true,false,false
clean_loaded,0.080,2.000,-15.000,0.030,25.000,true,true,true,true,false,false
clean_loaded,0.080,2.000,0.000,0.000,40.000,true,true,true,true,false,false
clean_loaded,0.080,2.000,0.000,0.005,40.000,true,true,true,true,false,false
clean_loaded,0.080,2.000,0.000,0.010,40.000,true,true,true,true,false,false
clean_loaded,0.080,2.000,0.000,0.030,40.000,true,true,true,true,false,false
clean_loaded,0.080,2.000,15.000,0.000,55.000,true,true,true,true,false,false
clean_loaded,0.080,2.000,15.000,0.005,55.000,true,true,true,true,false,false
clean_loaded,0.080,2.000,15.000,0.010,55.000,true,true,true,true,false,false
clean_loaded,0.080,2.000,15.000,0.030,55.000,true,true,true,true,false,false
clean_loaded,0.080,2.000,30.000,0.000,70.000,true,true,true,true,false,false
clean_loaded,0.080,2.000,30.000,0.005,70.000,true,true,true,true,false,false
clean_loaded,0.080,2.000,30.000,0.010,70.000,true,true,true,true,false,false
clean_loaded,0.080,2.000,30.000,0.030,70.000,true,true,true,true,false,false
clean_loaded,0.080,2.400,-30.000,0.000,3.333,true,true,true,false,false,false
clean_loaded,0.080,2.400,-30.000,0.005,3.333,true,true,true,false,false,false
clean_loaded,0.080,2.400,-30.000,0.010,3.333,true,true,true,false,false,false
clean_loaded,0.080,2.400,-30.000,0.030,3.333,true,true,true,false,false,false
clean_loaded,0.080,2.400,-15.000,0.000,18.333,true,true,true,false,false,false
clean_loaded,0.080,2.400,-15.000,0.005,18.333,true,true,true,false,false,false
clean_loaded,0.080,2.400,-15.000,0.010,18.333,true,true,true,false,false,false
clean_loaded,0.080,2.400,-15.000,0.030,18.333,true,true,true,false,false,false
clean_loaded,0.080,2.400,0.000,0.000,33.333,true,true,true,true,false,false
clean_loaded,0.080,2.400,0.000,0.005,33.333,true,true,true,true,false,false
clean_loaded,0.080,2.400,0.000,0.010,33.333,true,true,true,true,false,false
clean_loaded,0.080,2.400,0.000,0.030,33.333,true,true,true,true,false,false
clean_loaded,0.080,2.400,15.000,0.000,48.333,true,true,true,true,false,false
clean_loaded,0.080,2.400,15.000,0.005,48.333,true,true,true,true,false,false
clean_loaded,0.080,2.400,15.000,0.010,48.333,true,true,true,true,false,false
clean_loaded,0.080,2.400,15.000,0.030,48.333,true,true,true,true,false,false
clean_loaded,0.080,2.400,30.000,0.000,63.333,true,true,true,true,false,false
clean_loaded,0.080,2.400,30.000,0.005,63.333,true,true,true,true,false,false
clean_loaded,0.080,2.400,30.000,0.010,63.333,true,true,true,true,false,false
clean_loaded,0.080,2.400,30.000,0.030,63.333,true,true,true,true,false,false
clean_loaded,0.100,1.600,-30.000,0.000,32.500,true,true,true,true,false,false
clean_loaded,0.100,1.600,-30.000,0.005,32.500,true,true,true,true,false,false
clean_loaded,0.100,1.600,-30.000,0.010,32.500,true,true,true,true,false,false
clean_loaded,0.100,1.600,-30.000,0.030,32.500,true,true,true,true,false,false
clean_loaded,0.100,1.600,-15.000,0.000,47.500,true,true,true,true,false,false
clean_loaded,0.100,1.600,-15.000,0.005,47.500,true,true,true,true,false,false
clean_loaded,0.100,1.600,-15.000,0.010,47.500,true,true,true,true,false,false
clean_loaded,0.100,1.600,-15.000,0.030,47.500,true,true,true,true,false,false
clean_loaded,0.100,1.600,0.000,0.000,62.500,true,true,true,true,false,false
clean_loaded,0.100,1.600,0.000,0.005,62.500,true,true,true,true,false,false
clean_loaded,0.100,1.600,0.000,0.010,62.500,true,true,true,true,false,false
clean_loaded,0.100,1.600,0.000,0.030,62.500,true,true,true,true,false,false
clean_loaded,0.100,1.600,15.000,0.000,77.500,true,true,true,true,false,false
clean_loaded,0.100,1.600,15.000,0.005,77.500,true,true,true,true,false,false
clean_loaded,0.100,1.600,15.000,0.010,77.500,true,true,true,true,false,false
clean_loaded,0.100,1.600,15.000,0.030,77.500,true,true,true,true,false,false
clean_loaded,0.100,1.600,30.000,0.000,92.500,true,true,true,true,false,false
clean_loaded,0.100,1.600,30.000,0.005,92.500,true,true,true,true,false,false
clean_loaded,0.100,1.600,30.000,0.010,92.500,true,true,true,true,false,false
clean_loaded,0.100,1.600,30.000,0.030,92.500,true,true,true,true,false,false
clean_loaded,0.100,2.000,-30.000,0.000,20.000,true,true,true,false,false,false
clean_loaded,0.100,2.000,-30.000,0.005,20.000,true,true,true,false,false,false
clean_loaded,0.100,2.000,-30.000,0.010,20.000,true,true,true,false,false,false
clean_loaded,0.100,2.000,-30.000,0.030,20.000,true,true,true,false,false,false
clean_loaded,0.100,2.000,-15.000,0.000,35.000,true,true,true,true,false,false
clean_loaded,0.100,2.000,-15.000,0.005,35.000,true,true,true,true,false,false
clean_loaded,0.100,2.000,-15.000,0.010,35.000,true,true,true,true,false,false
clean_loaded,0.100,2.000,-15.000,0.030,35.000,true,true,true,true,false,false
clean_loaded,0.100,2.000,0.000,0.000,50.000,true,true,true,true,false,false
clean_loaded,0.100,2.000,0.000,0.005,50.000,true,true,true,true,false,false
clean_loaded,0.100,2.000,0.000,0.010,50.000,true,true,true,true,false,false
clean_loaded,0.100,2.000,0.000,0.030,50.000,true,true,true,true,false,false
clean_loaded,0.100,2.000,15.000,0.000,65.000,true,true,true,true,false,false
clean_loaded,0.100,2.000,15.000,0.005,65.000,true,true,true,true,false,false
clean_loaded,0.100,2.000,15.000,0.010,65.000,true,true,true,true,false,false
clean_loaded,0.100,2.000,15.000,0.030,65.000,true,true,true,true,false,false
clean_loaded,0.100,2.000,30.000,0.000,80.000,true,true,true,true,false,false
clean_loaded,0.100,2.000,30.000,0.005,80.000,true,true,true,true,false,false
clean_loaded,0.100,2.000,30.000,0.010,80.000,true,true,true,true,false,false
clean_loaded,0.100,2.000,30.000,0.030,80.000,true,true,true,true,false,false
clean_loaded,0.100,2.400,-30.000,0.000,11.667,true,true,true,false,false,false
clean_loaded,0.100,2.400,-30.000,0.005,11.667,true,true,true,false,false,false
clean_loaded,0.100,2.400,-30.000,0.010,11.667,true,true,true,false,false,false
clean_loaded,0.100,2.400,-30.000,0.030,11.667,true,true,true,false,false,false
clean_loaded,0.100,2.400,-15.000,0.000,26.667,true,true,true,true,false,false
clean_loaded,0.100,2.400,-15.000,0.005,26.667,true,true,true,true,false,false
clean_loaded,0.100,2.400,-15.000,0.010,26.667,true,true,true,true,false,false
clean_loaded,0.100,2.400,-15.000,0.030,26.667,true,true,true,true,false,false
clean_loaded,0.100,2.400,0.000,0.000,41.667,true,true,true,true,false,false
clean_loaded,0.100,2.400,0.000,0.005,41.667,true,true,true,true,false,false
clean_loaded,0.100,2.400,0.000,0.010,41.667,true,true,true,true,false,false
clean_loaded,0.100,2.400,0.000,0.030,41.667,true,true,true,true,false,false
clean_loaded,0.100,2.400,15.000,0.000,56.667,true,true,true,true,false,false
clean_loaded,0.100,2.400,15.000,0.005,56.667,true,true,true,true,false,false
clean_loaded,0.100,2.400,15.000,0.010,56.667,true,true,true,true,false,false
clean_loaded,0.100,2.400,15.000,0.030,56.667,true,true,true,true,false,false
clean_loaded,0.100,2.400,30.000,0.000,71.667,true,true,true,true,false,false
clean_loaded,0.100,2.400,30.000,0.005,71.667,true,true,true,true,false,false
clean_loaded,0.100,2.400,30.000,0.010,71.667,true,true,true,true,false,false
clean_loaded,0.100,2.400,30.000,0.030,71.667,true,true,true,true,false,false
clean_loaded,0.120,1.600,-30.000,0.000,45.000,true,true,true,true,false,false
clean_loaded,0.120,1.600,-30.000,0.005,45.000,true,true,true,true,false,false
clean_loaded,0.120,1.600,-30.000,0.010,45.000,true,true,true,true,false,false
clean_loaded,0.120,1.600,-30.000,0.030,45.000,true,true,true,true,false,false
clean_loaded,0.120,1.600,-15.000,0.000,60.000,true,true,true,true,false,false
clean_loaded,0.120,1.600,-15.000,0.005,60.000,true,true,true,true,false,false
clean_loaded,0.120,1.600,-15.000,0.010,60.000,true,true,true,true,false,false
clean_loaded,0.120,1.600,-15.000,0.030,60.000,true,true,true,true,false,false
clean_loaded,0.120,1.600,0.000,0.000,75.000,true,true,true,true,false,false
clean_loaded,0.120,1.600,0.000,0.005,75.000,true,true,true,true,false,false
clean_loaded,0.120,1.600,0.000,0.010,75.000,true,true,true,true,false,false
clean_loaded,0.120,1.600,0.000,0.030,75.000,true,true,true,true,false,false
clean_loaded,0.120,1.600,15.000,0.000,90.000,true,true,true,true,false,false
clean_loaded,0.120,1.600,15.000,0.005,90.000,true,true,true,true,false,false
clean_loaded,0.120,1.600,15.000,0.010,90.000,true,true,true,true,false,false
clean_loaded,0.120,1.600,15.000,0.030,90.000,true,true,true,true,false,false
clean_loaded,0.120,1.600,30.000,0.000,105.000,true,true,true,true,false,false
clean_loaded,0.120,1.600,30.000,0.005,105.000,true,true,true,true,false,false
clean_loaded,0.120,1.600,30.000,0.010,105.000,true,true,true,true,false,false
clean_loaded,0.120,1.600,30.000,0.030,105.000,true,true,true,true,false,false
clean_loaded,0.120,2.000,-30.000,0.000,30.000,true,true,true,true,false,false
clean_loaded,0.120,2.000,-30.000,0.005,30.000,true,true,true,true,false,false
clean_loaded,0.120,2.000,-30.000,0.010,30.000,true,true,true,true,false,false
clean_loaded,0.120,2.000,-30.000,0.030,30.000,true,true,true,true,false,false
clean_loaded,0.120,2.000,-15.000,0.000,45.000,true,true,true,true,false,false
clean_loaded,0.120,2.000,-15.000,0.005,45.000,true,true,true,true,false,false
clean_loaded,0.120,2.000,-15.000,0.010,45.000,true,true,true,true,false,false
clean_loaded,0.120,2.000,-15.000,0.030,45.000,true,true,true,true,false,false
clean_loaded,0.120,2.000,0.000,0.000,60.000,true,true,true,true,false,false
clean_loaded,0.120,2.000,0.000,0.005,60.000,true,true,true,true,false,false
clean_loaded,0.120,2.000,0.000,0.010,60.000,true,true,true,true,false,false
clean_loaded,0.120,2.000,0.000,0.030,60.000,true,true,true,true,false,false
clean_loaded,0.120,2.000,15.000,0.000,75.000,true,true,true,true,false,false
clean_loaded,0.120,2.000,15.000,0.005,75.000,true,true,true,true,false,false
clean_loaded,0.120,2.000,15.000,0.010,75.000,true,true,true,true,false,false
clean_loaded,0.120,2.000,15.000,0.030,75.000,true,true,true,true,false,false
clean_loaded,0.120,2.000,30.000,0.000,90.000,true,true,true,true,false,false
clean_loaded,0.120,2.000,30.000,0.005,90.000,true,true,true,true,false,false
clean_loaded,0.120,2.000,30.000,0.010,90.000,true,true,true,true,false,false
clean_loaded,0.120,2.000,30.000,0.030,90.000,true,true,true,true,false,false
clean_loaded,0.120,2.400,-30.000,0.000,20.000,true,true,true,false,false,false
clean_loaded,0.120,2.400,-30.000,0.005,20.000,true,true,true,false,false,false
clean_loaded,0.120,2.400,-30.000,0.010,20.000,true,true,true,false,false,false
clean_loaded,0.120,2.400,-30.000,0.030,20.000,true,true,true,false,false,false
clean_loaded,0.120,2.400,-15.000,0.000,35.000,true,true,true,true,false,false
clean_loaded,0.120,2.400,-15.000,0.005,35.000,true,true,true,true,false,false
clean_loaded,0.120,2.400,-15.000,0.010,35.000,true,true,true,true,false,false
clean_loaded,0.120,2.400,-15.000,0.030,35.000,true,true,true,true,false,false
clean_loaded,0.120,2.400,0.000,0.000,50.000,true,true,true,true,false,false
clean_loaded,0.120,2.400,0.000,0.005,50.000,true,true,true,true,false,false
clean_loaded,0.120,2.400,0.000,0.010,50.000,true,true,true,true,false,false
clean_loaded,0.120,2.400,0.000,0.030,50.000,true,true,true,true,false,false
clean_loaded,0.120,2.400,15.000,0.000,65.000,true,true,true,true,false,false
clean_loaded,0.120,2.400,15.000,0.005,65.000,true,true,true,true,false,false
clean_loaded,0.120,2.400,15.000,0.010,65.000,true,true,true,true,false,false
clean_loaded,0.120,2.400,15.000,0.030,65.000,true,true,true,true,false,false
clean_loaded,0.120,2.400,30.000,0.000,80.000,true,true,true,true,false,false
clean_loaded,0.120,2.400,30.000,0.005,80.000,true,true,true,true,false,false
clean_loaded,0.120,2.400,30.000,0.010,80.000,true,true,true,true,false,false
clean_loaded,0.120,2.400,30.000,0.030,80.000,true,true,true,true,false,false
clean_loaded,0.180,1.600,-30.000,0.000,82.500,true,true,true,true,false,false
clean_loaded,0.180,1.600,-30.000,0.005,82.500,true,true,true,true,false,false
clean_loaded,0.180,1.600,-30.000,0.010,82.500,true,true,true,true,false,false
clean_loaded,0.180,1.600,-30.000,0.030,82.500,true,true,true,true,false,false
clean_loaded,0.180,1.600,-15.000,0.000,97.500,true,true,true,true,false,false
clean_loaded,0.180,1.600,-15.000,0.005,97.500,true,true,true,true,false,false
clean_loaded,0.180,1.600,-15.000,0.010,97.500,true,true,true,true,false,false
clean_loaded,0.180,1.600,-15.000,0.030,97.500,true,true,true,true,false,false
clean_loaded,0.180,1.600,0.000,0.000,112.500,true,true,true,true,false,false
clean_loaded,0.180,1.600,0.000,0.005,112.500,true,true,true,true,false,false
clean_loaded,0.180,1.600,0.000,0.010,112.500,true,true,true,true,false,false
clean_loaded,0.180,1.600,0.000,0.030,112.500,true,true,true,true,false,false
clean_loaded,0.180,1.600,15.000,0.000,127.500,true,true,true,true,false,false
clean_loaded,0.180,1.600,15.000,0.005,127.500,true,true,true,true,false,false
clean_loaded,0.180,1.600,15.000,0.010,127.500,true,true,true,true,false,false
clean_loaded,0.180,1.600,15.000,0.030,127.500,true,true,true,true,false,false
clean_loaded,0.180,1.600,30.000,0.000,142.500,true,true,true,true,false,false
clean_loaded,0.180,1.600,30.000,0.005,142.500,true,true,true,true,false,false
clean_loaded,0.180,1.600,30.000,0.010,142.500,true,true,true,true,false,false
clean_loaded,0.180,1.600,30.000,0.030,142.500,true,true,true,true,false,false
clean_loaded,0.180,2.000,-30.000,0.000,60.000,true,true,true,true,false,false
clean_loaded,0.180,2.000,-30.000,0.005,60.000,true,true,true,true,false,false
clean_loaded,0.180,2.000,-30.000,0.010,60.000,true,true,true,true,false,false
clean_loaded,0.180,2.000,-30.000,0.030,60.000,true,true,true,true,false,false
clean_loaded,0.180,2.000,-15.000,0.000,75.000,true,true,true,true,false,false
clean_loaded,0.180,2.000,-15.000,0.005,75.000,true,true,true,true,false,false
clean_loaded,0.180,2.000,-15.000,0.010,75.000,true,true,true,true,false,false
clean_loaded,0.180,2.000,-15.000,0.030,75.000,true,true,true,true,false,false
clean_loaded,0.180,2.000,0.000,0.000,90.000,true,true,true,true,false,false
clean_loaded,0.180,2.000,0.000,0.005,90.000,true,true,true,true,false,false
clean_loaded,0.180,2.000,0.000,0.010,90.000,true,true,true,true,false,false
clean_loaded,0.180,2.000,0.000,0.030,90.000,true,true,true,true,false,false
clean_loaded,0.180,2.000,15.000,0.000,105.000,true,true,true,true,false,false
clean_loaded,0.180,2.000,15.000,0.005,105.000,true,true,true,true,false,false
clean_loaded,0.180,2.000,15.000,0.010,105.000,true,true,true,true,false,false
clean_loaded,0.180,2.000,15.000,0.030,105.000,true,true,true,true,false,false
clean_loaded,0.180,2.000,30.000,0.000,120.000,true,true,true,true,false,false
clean_loaded,0.180,2.000,30.000,0.005,120.000,true,true,true,true,false,false
clean_loaded,0.180,2.000,30.000,0.010,120.000,true,true,true,true,false,false
clean_loaded,0.180,2.000,30.000,0.030,120.000,true,true,true,true,false,false
clean_loaded,0.180,2.400,-30.000,0.000,45.000,true,true,true,true,false,false
clean_loaded,0.180,2.400,-30.000,0.005,45.000,true,true,true,true,false,false
clean_loaded,0.180,2.400,-30.000,0.010,45.000,true,true,true,true,false,false
clean_loaded,0.180,2.400,-30.000,0.030,45.000,true,true,true,true,false,false
clean_loaded,0.180,2.400,-15.000,0.000,60.000,true,true,true,true,false,false
clean_loaded,0.180,2.400,-15.000,0.005,60.000,true,true,true,true,false,false
clean_loaded,0.180,2.400,-15.000,0.010,60.000,true,true,true,true,false,false
clean_loaded,0.180,2.400,-15.000,0.030,60.000,true,true,true,true,false,false
clean_loaded,0.180,2.400,0.000,0.000,75.000,true,true,true,true,false,false
clean_loaded,0.180,2.400,0.000,0.005,75.000,true,true,true,true,false,false
clean_loaded,0.180,2.400,0.000,0.010,75.000,true,true,true,true,false,false
clean_loaded,0.180,2.400,0.000,0.030,75.000,true,true,true,true,false,false
clean_loaded,0.180,2.400,15.000,0.000,90.000,true,true,true,true,false,false
clean_loaded,0.180,2.400,15.000,0.005,90.000,true,true,true,true,false,false
clean_loaded,0.180,2.400,15.000,0.010,90.000,true,true,true,true,false,false
clean_loaded,0.180,2.400,15.000,0.030,90.000,true,true,true,true,false,false
clean_loaded,0.180,2.400,30.000,0.000,105.000,true,true,true,true,false,false
clean_loaded,0.180,2.400,30.000,0.005,105.000,true,true,true,true,false,false
clean_loaded,0.180,2.400,30.000,0.010,105.000,true,true,true,true,false,false
clean_loaded,0.180,2.400,30.000,0.030,105.000,true,true,true,true,false,false
clean_loaded,0.280,1.600,-30.000,0.000,145.000,true,true,true,true,false,false
clean_loaded,0.280,1.600,-30.000,0.005,145.000,true,true,true,true,false,false
clean_loaded,0.280,1.600,-30.000,0.010,145.000,true,true,true,true,false,false
clean_loaded,0.280,1.600,-30.000,0.030,145.000,true,true,true,true,false,false
clean_loaded,0.280,1.600,-15.000,0.000,160.000,true,true,true,true,false,false
clean_loaded,0.280,1.600,-15.000,0.005,160.000,true,true,true,true,false,false
clean_loaded,0.280,1.600,-15.000,0.010,160.000,true,true,true,true,false,false
clean_loaded,0.280,1.600,-15.000,0.030,160.000,true,true,true,true,false,false
clean_loaded,0.280,1.600,0.000,0.000,175.000,true,true,true,true,false,false
clean_loaded,0.280,1.600,0.000,0.005,175.000,true,true,true,true,false,false
clean_loaded,0.280,1.600,0.000,0.010,175.000,true,true,true,true,false,false
clean_loaded,0.280,1.600,0.000,0.030,175.000,true,true,true,true,false,false
clean_loaded,0.280,1.600,15.000,0.000,190.000,true,true,true,true,false,false
clean_loaded,0.280,1.600,15.000,0.005,190.000,true,true,true,true,false,false
clean_loaded,0.280,1.600,15.000,0.010,190.000,true,true,true,true,false,false
clean_loaded,0.280,1.600,15.000,0.030,190.000,true,true,true,true,false,false
clean_loaded,0.280,1.600,30.000,0.000,205.000,true,true,true,true,false,false
clean_loaded,0.280,1.600,30.000,0.005,205.000,true,true,true,true,false,false
clean_loaded,0.280,1.600,30.000,0.010,205.000,true,true,true,true,false,false
clean_loaded,0.280,1.600,30.000,0.030,205.000,true,true,true,true,false,false
clean_loaded,0.280,2.000,-30.000,0.000,110.000,true,true,true,true,false,false
clean_loaded,0.280,2.000,-30.000,0.005,110.000,true,true,true,true,false,false
clean_loaded,0.280,2.000,-30.000,0.010,110.000,true,true,true,true,false,false
clean_loaded,0.280,2.000,-30.000,0.030,110.000,true,true,true,true,false,false
clean_loaded,0.280,2.000,-15.000,0.000,125.000,true,true,true,true,false,false
clean_loaded,0.280,2.000,-15.000,0.005,125.000,true,true,true,true,false,false
clean_loaded,0.280,2.000,-15.000,0.010,125.000,true,true,true,true,false,false
clean_loaded,0.280,2.000,-15.000,0.030,125.000,true,true,true,true,false,false
clean_loaded,0.280,2.000,0.000,0.000,140.000,true,true,true,true,false,false
clean_loaded,0.280,2.000,0.000,0.005,140.000,true,true,true,true,false,false
clean_loaded,0.280,2.000,0.000,0.010,140.000,true,true,true,true,false,false
clean_loaded,0.280,2.000,0.000,0.030,140.000,true,true,true,true,false,false
clean_loaded,0.280,2.000,15.000,0.000,155.000,true,true,true,true,false,false
clean_loaded,0.280,2.000,15.000,0.005,155.000,true,true,true,true,false,false
clean_loaded,0.280,2.000,15.000,0.010,155.000,true,true,true,true,false,false
clean_loaded,0.280,2.000,15.000,0.030,155.000,true,true,true,true,false,false
clean_loaded,0.280,2.000,30.000,0.000,170.000,true,true,true,true,false,false
clean_loaded,0.280,2.000,30.000,0.005,170.000,true,true,true,true,false,false
clean_loaded,0.280,2.000,30.000,0.010,170.000,true,true,true,true,false,false
clean_loaded,0.280,2.000,30.000,0.030,170.000,true,true,true,true,false,false
clean_loaded,0.280,2.400,-30.000,0.000,86.667,true,true,true,true,false,false
clean_loaded,0.280,2.400,-30.000,0.005,86.667,true,true,true,true,false,false
clean_loaded,0.280,2.400,-30.000,0.010,86.667,true,true,true,true,false,false
clean_loaded,0.280,2.400,-30.000,0.030,86.667,true,true,true,true,false,false
clean_loaded,0.280,2.400,-15.000,0.000,101.667,true,true,true,true,false,false
clean_loaded,0.280,2.400,-15.000,0.005,101.667,true,true,true,true,false,false
clean_loaded,0.280,2.400,-15.000,0.010,101.667,true,true,true,true,false,false
clean_loaded,0.280,2.400,-15.000,0.030,101.667,true,true,true,true,false,false
clean_loaded,0.280,2.400,0.000,0.000,116.667,true,true,true,true,false,false
clean_loaded,0.280,2.400,0.000,0.005,116.667,true,true,true,true,false,false
clean_loaded,0.280,2.400,0.000,0.010,116.667,true,true,true,true,false,false
clean_loaded,0.280,2.400,0.000,0.030,116.667,true,true,true,true,false,false
clean_loaded,0.280,2.400,15.000,0.000,131.667,true,true,true,true,false,false
clean_loaded,0.280,2.400,15.000,0.005,131.667,true,true,true,true,false,false
clean_loaded,0.280,2.400,15.000,0.010,131.667,true,true,true,true,false,false
clean_loaded,0.280,2.400,15.000,0.030,131.667,true,true,true,true,false,false
clean_loaded,0.280,2.400,30.000,0.000,146.667,true,true,true,true,false,false
clean_loaded,0.280,2.400,30.000,0.005,146.667,true,true,true,true,false,false
clean_loaded,0.280,2.400,30.000,0.010,146.667,true,true,true,true,false,false
clean_loaded,0.280,2.400,30.000,0.030,146.667,true,true,true,true,false,false
released,0.080,1.600,-30.000,0.000,-30.000,false,false,false,false,false,false
released,0.080,1.600,-30.000,0.005,-26.875,false,false,false,false,false,false
released,0.080,1.600,-30.000,0.010,-23.750,false,false,false,false,false,false
released,0.080,1.600,-30.000,0.030,-11.250,false,false,false,false,false,false
released,0.080,1.600,-15.000,0.000,-15.000,false,false,false,false,false,false
released,0.080,1.600,-15.000,0.005,-11.875,false,false,false,false,false,false
released,0.080,1.600,-15.000,0.010,-8.750,false,false,false,false,false,false
released,0.080,1.600,-15.000,0.030,3.750,false,false,false,false,false,false
released,0.080,1.600,0.000,0.000,0.000,false,false,false,false,false,false
released,0.080,1.600,0.000,0.005,3.125,false,false,false,false,false,false
released,0.080,1.600,0.000,0.010,6.250,false,false,false,false,false,false
released,0.080,1.600,0.000,0.030,18.750,false,false,false,false,false,false
released,0.080,1.600,15.000,0.000,15.000,false,false,false,false,false,false
released,0.080,1.600,15.000,0.005,18.125,false,false,false,false,false,false
released,0.080,1.600,15.000,0.010,21.250,false,false,false,false,false,false
released,0.080,1.600,15.000,0.030,33.750,false,false,false,true,true,true
released,0.080,1.600,30.000,0.000,30.000,false,false,false,true,true,true
released,0.080,1.600,30.000,0.005,33.125,false,false,false,true,true,true
released,0.080,1.600,30.000,0.010,36.250,false,false,false,true,true,true
released,0.080,1.600,30.000,0.030,48.750,false,false,false,true,true,true
released,0.080,2.000,-30.000,0.000,-30.000,false,false,false,false,false,false
released,0.080,2.000,-30.000,0.005,-27.500,false,false,false,false,false,false
released,0.080,2.000,-30.000,0.010,-25.000,false,false,false,false,false,false
released,0.080,2.000,-30.000,0.030,-15.000,false,false,false,false,false,false
released,0.080,2.000,-15.000,0.000,-15.000,false,false,false,false,false,false
released,0.080,2.000,-15.000,0.005,-12.500,false,false,false,false,false,false
released,0.080,2.000,-15.000,0.010,-10.000,false,false,false,false,false,false
released,0.080,2.000,-15.000,0.030,0.000,false,false,false,false,false,false
released,0.080,2.000,0.000,0.000,0.000,false,false,false,false,false,false
released,0.080,2.000,0.000,0.005,2.500,false,false,false,false,false,false
released,0.080,2.000,0.000,0.010,5.000,false,false,false,false,false,false
released,0.080,2.000,0.000,0.030,15.000,false,false,false,false,false,false
released,0.080,2.000,15.000,0.000,15.000,false,false,false,false,false,false
released,0.080,2.000,15.000,0.005,17.500,false,false,false,false,false,false
released,0.080,2.000,15.000,0.010,20.000,false,false,false,false,false,false
released,0.080,2.000,15.000,0.030,30.000,false,false,false,true,true,true
released,0.080,2.000,30.000,0.000,30.000,false,false,false,true,true,true
released,0.080,2.000,30.000,0.005,32.500,false,false,false,true,true,true
released,0.080,2.000,30.000,0.010,35.000,false,false,false,true,true,true
released,0.080,2.000,30.000,0.030,45.000,false,false,false,true,true,true
released,0.080,2.400,-30.000,0.000,-30.000,false,false,false,false,false,false
released,0.080,2.400,-30.000,0.005,-27.917,false,false,false,false,false,false
released,0.080,2.400,-30.000,0.010,-25.833,false,false,false,false,false,false
released,0.080,2.400,-30.000,0.030,-17.500,false,false,false,false,false,false
released,0.080,2.400,-15.000,0.000,-15.000,false,false,false,false,false,false
released,0.080,2.400,-15.000,0.005,-12.917,false,false,false,false,false,false
released,0.080,2.400,-15.000,0.010,-10.833,false,false,false,false,false,false
released,0.080,2.400,-15.000,0.030,-2.500,false,false,false,false,false,false
released,0.080,2.400,0.000,0.000,0.000,false,false,false,false,false,false
released,0.080,2.400,0.000,0.005,2.083,false,false,false,false,false,false
released,0.080,2.400,0.000,0.010,4.167,false,false,false,false,false,false
released,0.080,2.400,0.000,0.030,12.500,false,false,false,false,false,false
released,0.080,2.400,15.000,0.000,15.000,false,false,false,false,false,false
released,0.080,2.400,15.000,0.005,17.083,false,false,false,false,false,false
released,0.080,2.400,15.000,0.010,19.167,false,false,false,false,false,false
released,0.080,2.400,15.000,0.030,27.500,false,false,false,true,true,true
released,0.080,2.400,30.000,0.000,30.000,false,false,false,true,true,true
released,0.080,2.400,30.000,0.005,32.083,false,false,false,true,true,true
released,0.080,2.400,30.000,0.010,34.167,false,false,false,true,true,true
released,0.080,2.400,30.000,0.030,42.500,false,false,false,true,true,true
released,0.100,1.600,-30.000,0.000,-30.000,false,false,false,false,false,false
released,0.100,1.600,-30.000,0.005,-26.875,false,false,false,false,false,false
released,0.100,1.600,-30.000,0.010,-23.750,false,false,false,false,false,false
released,0.100,1.600,-30.000,0.030,-11.250,false,false,false,false,false,false
released,0.100,1.600,-15.000,0.000,-15.000,false,false,false,false,false,false
released,0.100,1.600,-15.000,0.005,-11.875,false,false,false,false,false,false
released,0.100,1.600,-15.000,0.010,-8.750,false,false,false,false,false,false
released,0.100,1.600,-15.000,0.030,3.750,false,false,false,false,false,false
released,0.100,1.600,0.000,0.000,0.000,false,false,false,false,false,false
released,0.100,1.600,0.000,0.005,3.125,false,false,false,false,false,false
released,0.100,1.600,0.000,0.010,6.250,false,false,false,false,false,false
released,0.100,1.600,0.000,0.030,18.750,false,false,false,false,false,false
released,0.100,1.600,15.000,0.000,15.000,false,false,false,false,false,false
released,0.100,1.600,15.000,0.005,18.125,false,false,false,false,false,false
released,0.100,1.600,15.000,0.010,21.250,false,false,false,false,false,false
released,0.100,1.600,15.000,0.030,33.750,false,false,false,true,true,true
released,0.100,1.600,30.000,0.000,30.000,false,false,false,true,true,true
released,0.100,1.600,30.000,0.005,33.125,false,false,false,true,true,true
released,0.100,1.600,30.000,0.010,36.250,false,false,false,true,true,true
released,0.100,1.600,30.000,0.030,48.750,false,false,false,true,true,true
released,0.100,2.000,-30.000,0.000,-30.000,false,false,false,false,false,false
released,0.100,2.000,-30.000,0.005,-27.500,false,false,false,false,false,false
released,0.100,2.000,-30.000,0.010,-25.000,false,false,false,false,false,false
released,0.100,2.000,-30.000,0.030,-15.000,false,false,false,false,false,false
released,0.100,2.000,-15.000,0.000,-15.000,false,false,false,false,false,false
released,0.100,2.000,-15.000,0.005,-12.500,false,false,false,false,false,false
released,0.100,2.000,-15.000,0.010,-10.000,false,false,false,false,false,false
released,0.100,2.000,-15.000,0.030,0.000,false,false,false,false,false,false
released,0.100,2.000,0.000,0.000,0.000,false,false,false,false,false,false
released,0.100,2.000,0.000,0.005,2.500,false,false,false,false,false,false
released,0.100,2.000,0.000,0.010,5.000,false,false,false,false,false,false
released,0.100,2.000,0.000,0.030,15.000,false,false,false,false,false,false
released,0.100,2.000,15.000,0.000,15.000,false,false,false,false,false,false
released,0.100,2.000,15.000,0.005,17.500,false,false,false,false,false,false
released,0.100,2.000,15.000,0.010,20.000,false,false,false,false,false,false
released,0.100,2.000,15.000,0.030,30.000,false,false,false,true,true,true
released,0.100,2.000,30.000,0.000,30.000,false,false,false,true,true,true
released,0.100,2.000,30.000,0.005,32.500,false,false,false,true,true,true
released,0.100,2.000,30.000,0.010,35.000,false,false,false,true,true,true
released,0.100,2.000,30.000,0.030,45.000,false,false,false,true,true,true
released,0.100,2.400,-30.000,0.000,-30.000,false,false,false,false,false,false
released,0.100,2.400,-30.000,0.005,-27.917,false,false,false,false,false,false
released,0.100,2.400,-30.000,0.010,-25.833,false,false,false,false,false,false
released,0.100,2.400,-30.000,0.030,-17.500,false,false,false,false,false,false
released,0.100,2.400,-15.000,0.000,-15.000,false,false,false,false,false,false
released,0.100,2.400,-15.000,0.005,-12.917,false,false,false,false,false,false
released,0.100,2.400,-15.000,0.010,-10.833,false,false,false,false,false,false
released,0.100,2.400,-15.000,0.030,-2.500,false,false,false,false,false,false
released,0.100,2.400,0.000,0.000,0.000,false,false,false,false,false,false
released,0.100,2.400,0.000,0.005,2.083,false,false,false,false,false,false
released,0.100,2.400,0.000,0.010,4.167,false,false,false,false,false,false
released,0.100,2.400,0.000,0.030,12.500,false,false,false,false,false,false
released,0.100,2.400,15.000,0.000,15.000,false,false,false,false,false,false
released,0.100,2.400,15.000,0.005,17.083,false,false,false,false,false,false
released,0.100,2.400,15.000,0.010,19.167,false,false,false,false,false,false
released,0.100,2.400,15.000,0.030,27.500,false,false,false,true,true,true
released,0.100,2.400,30.000,0.000,30.000,false,false,false,true,true,true
released,0.100,2.400,30.000,0.005,32.083,false,false,false,true,true,true
released,0.100,2.400,30.000,0.010,34.167,false,false,false,true,true,true
released,0.100,2.400,30.000,0.030,42.500,false,false,false,true,true,true
released,0.120,1.600,-30.000,0.000,-30.000,false,false,false,false,false,false
released,0.120,1.600,-30.000,0.005,-26.875,false,false,false,false,false,false
released,0.120,1.600,-30.000,0.010,-23.750,false,false,false,false,false,false
released,0.120,1.600,-30.000,0.030,-11.250,false,false,false,false,false,false
released,0.120,1.600,-15.000,0.000,-15.000,false,false,false,false,false,false
released,0.120,1.600,-15.000,0.005,-11.875,false,false,false,false,false,false
released,0.120,1.600,-15.000,0.010,-8.750,false,false,false,false,false,false
released,0.120,1.600,-15.000,0.030,3.750,false,false,false,false,false,false
released,0.120,1.600,0.000,0.000,0.000,false,false,false,false,false,false
released,0.120,1.600,0.000,0.005,3.125,false,false,false,false,false,false
released,0.120,1.600,0.000,0.010,6.250,false,false,false,false,false,false
released,0.120,1.600,0.000,0.030,18.750,false,false,false,false,false,false
released,0.120,1.600,15.000,0.000,15.000,false,false,false,false,false,false
released,0.120,1.600,15.000,0.005,18.125,false,false,false,false,false,false
released,0.120,1.600,15.000,0.010,21.250,false,false,false,false,false,false
released,0.120,1.600,15.000,0.030,33.750,false,false,false,true,true,true
released,0.120,1.600,30.000,0.000,30.000,false,false,false,true,true,true
released,0.120,1.600,30.000,0.005,33.125,false,false,false,true,true,true
released,0.120,1.600,30.000,0.010,36.250,false,false,false,true,true,true
released,0.120,1.600,30.000,0.030,48.750,false,false,false,true,true,true
released,0.120,2.000,-30.000,0.000,-30.000,false,false,false,false,false,false
released,0.120,2.000,-30.000,0.005,-27.500,false,false,false,false,false,false
released,0.120,2.000,-30.000,0.010,-25.000,false,false,false,false,false,false
released,0.120,2.000,-30.000,0.030,-15.000,false,false,false,false,false,false
released,0.120,2.000,-15.000,0.000,-15.000,false,false,false,false,false,false
released,0.120,2.000,-15.000,0.005,-12.500,false,false,false,false,false,false
released,0.120,2.000,-15.000,0.010,-10.000,false,false,false,false,false,false
released,0.120,2.000,-15.000,0.030,0.000,false,false,false,false,false,false
released,0.120,2.000,0.000,0.000,0.000,false,false,false,false,false,false
released,0.120,2.000,0.000,0.005,2.500,false,false,false,false,false,false
released,0.120,2.000,0.000,0.010,5.000,false,false,false,false,false,false
released,0.120,2.000,0.000,0.030,15.000,false,false,false,false,false,false
released,0.120,2.000,15.000,0.000,15.000,false,false,false,false,false,false
released,0.120,2.000,15.000,0.005,17.500,false,false,false,false,false,false
released,0.120,2.000,15.000,0.010,20.000,false,false,false,false,false,false
released,0.120,2.000,15.000,0.030,30.000,false,false,false,true,true,true
released,0.120,2.000,30.000,0.000,30.000,false,false,false,true,true,true
released,0.120,2.000,30.000,0.005,32.500,false,false,false,true,true,true
released,0.120,2.000,30.000,0.010,35.000,false,false,false,true,true,true
released,0.120,2.000,30.000,0.030,45.000,false,false,false,true,true,true
released,0.120,2.400,-30.000,0.000,-30.000,false,false,false,false,false,false
released,0.120,2.400,-30.000,0.005,-27.917,false,false,false,false,false,false
released,0.120,2.400,-30.000,0.010,-25.833,false,false,false,false,false,false
released,0.120,2.400,-30.000,0.030,-17.500,false,false,false,false,false,false
released,0.120,2.400,-15.000,0.000,-15.000,false,false,false,false,false,false
released,0.120,2.400,-15.000,0.005,-12.917,false,false,false,false,false,false
released,0.120,2.400,-15.000,0.010,-10.833,false,false,false,false,false,false
released,0.120,2.400,-15.000,0.030,-2.500,false,false,false,false,false,false
released,0.120,2.400,0.000,0.000,0.000,false,false,false,false,false,false
released,0.120,2.400,0.000,0.005,2.083,false,false,false,false,false,false
released,0.120,2.400,0.000,0.010,4.167,false,false,false,false,false,false
released,0.120,2.400,0.000,0.030,12.500,false,false,false,false,false,false
released,0.120,2.400,15.000,0.000,15.000,false,false,false,false,false,false
released,0.120,2.400,15.000,0.005,17.083,false,false,false,false,false,false
released,0.120,2.400,15.000,0.010,19.167,false,false,false,false,false,false
released,0.120,2.400,15.000,0.030,27.500,false,false,false,true,true,true
released,0.120,2.400,30.000,0.000,30.000,false,false,false,true,true,true
released,0.120,2.400,30.000,0.005,32.083,false,false,false,true,true,true
released,0.120,2.400,30.000,0.010,34.167,false,false,false,true,true,true
released,0.120,2.400,30.000,0.030,42.500,false,false,false,true,true,true
released,0.180,1.600,-30.000,0.000,-30.000,false,false,false,false,false,false
released,0.180,1.600,-30.000,0.005,-26.875,false,false,false,false,false,false
released,0.180,1.600,-30.000,0.010,-23.750,false,false,false,false,false,false
released,0.180,1.600,-30.000,0.030,-11.250,false,false,false,false,false,false
released,0.180,1.600,-15.000,0.000,-15.000,false,false,false,false,false,false
released,0.180,1.600,-15.000,0.005,-11.875,false,false,false,false,false,false
released,0.180,1.600,-15.000,0.010,-8.750,false,false,false,false,false,false
released,0.180,1.600,-15.000,0.030,3.750,false,false,false,false,false,false
released,0.180,1.600,0.000,0.000,0.000,false,false,false,false,false,false
released,0.180,1.600,0.000,0.005,3.125,false,false,false,false,false,false
released,0.180,1.600,0.000,0.010,6.250,false,false,false,false,false,false
released,0.180,1.600,0.000,0.030,18.750,false,false,false,false,false,false
released,0.180,1.600,15.000,0.000,15.000,false,false,false,false,false,false
released,0.180,1.600,15.000,0.005,18.125,false,false,false,false,false,false
released,0.180,1.600,15.000,0.010,21.250,false,false,false,false,false,false
released,0.180,1.600,15.000,0.030,33.750,false,false,false,true,true,true
released,0.180,1.600,30.000,0.000,30.000,false,false,false,true,true,true
released,0.180,1.600,30.000,0.005,33.125,false,false,false,true,true,true
released,0.180,1.600,30.000,0.010,36.250,false,false,false,true,true,true
released,0.180,1.600,30.000,0.030,48.750,false,false,false,true,true,true
released,0.180,2.000,-30.000,0.000,-30.000,false,false,false,false,false,false
released,0.180,2.000,-30.000,0.005,-27.500,false,false,false,false,false,false
released,0.180,2.000,-30.000,0.010,-25.000,false,false,false,false,false,false
released,0.180,2.000,-30.000,0.030,-15.000,false,false,false,false,false,false
released,0.180,2.000,-15.000,0.000,-15.000,false,false,false,false,false,false
released,0.180,2.000,-15.000,0.005,-12.500,false,false,false,false,false,false
released,0.180,2.000,-15.000,0.010,-10.000,false,false,false,false,false,false
released,0.180,2.000,-15.000,0.030,0.000,false,false,false,false,false,false
released,0.180,2.000,0.000,0.000,0.000,false,false,false,false,false,false
released,0.180,2.000,0.000,0.005,2.500,false,false,false,false,false,false
released,0.180,2.000,0.000,0.010,5.000,false,false,false,false,false,false
released,0.180,2.000,0.000,0.030,15.000,false,false,false,false,false,false
released,0.180,2.000,15.000,0.000,15.000,false,false,false,false,false,false
released,0.180,2.000,15.000,0.005,17.500,false,false,false,false,false,false
released,0.180,2.000,15.000,0.010,20.000,false,false,false,false,false,false
released,0.180,2.000,15.000,0.030,30.000,false,false,false,true,true,true
released,0.180,2.000,30.000,0.000,30.000,false,false,false,true,true,true
released,0.180,2.000,30.000,0.005,32.500,false,false,false,true,true,true
released,0.180,2.000,30.000,0.010,35.000,false,false,false,true,true,true
released,0.180,2.000,30.000,0.030,45.000,false,false,false,true,true,true
released,0.180,2.400,-30.000,0.000,-30.000,false,false,false,false,false,false
released,0.180,2.400,-30.000,0.005,-27.917,false,false,false,false,false,false
released,0.180,2.400,-30.000,0.010,-25.833,false,false,false,false,false,false
released,0.180,2.400,-30.000,0.030,-17.500,false,false,false,false,false,false
released,0.180,2.400,-15.000,0.000,-15.000,false,false,false,false,false,false
released,0.180,2.400,-15.000,0.005,-12.917,false,false,false,false,false,false
released,0.180,2.400,-15.000,0.010,-10.833,false,false,false,false,false,false
released,0.180,2.400,-15.000,0.030,-2.500,false,false,false,false,false,false
released,0.180,2.400,0.000,0.000,0.000,false,false,false,false,false,false
released,0.180,2.400,0.000,0.005,2.083,false,false,false,false,false,false
released,0.180,2.400,0.000,0.010,4.167,false,false,false,false,false,false
released,0.180,2.400,0.000,0.030,12.500,false,false,false,false,false,false
released,0.180,2.400,15.000,0.000,15.000,false,false,false,false,false,false
released,0.180,2.400,15.000,0.005,17.083,false,false,false,false,false,false
released,0.180,2.400,15.000,0.010,19.167,false,false,false,false,false,false
released,0.180,2.400,15.000,0.030,27.500,false,false,false,true,true,true
released,0.180,2.400,30.000,0.000,30.000,false,false,false,true,true,true
released,0.180,2.400,30.000,0.005,32.083,false,false,false,true,true,true
released,0.180,2.400,30.000,0.010,34.167,false,false,false,true,true,true
released,0.180,2.400,30.000,0.030,42.500,false,false,false,true,true,true
released,0.280,1.600,-30.000,0.000,-30.000,false,false,false,false,false,false
released,0.280,1.600,-30.000,0.005,-26.875,false,false,false,false,false,false
released,0.280,1.600,-30.000,0.010,-23.750,false,false,false,false,false,false
released,0.280,1.600,-30.000,0.030,-11.250,false,false,false,false,false,false
released,0.280,1.600,-15.000,0.000,-15.000,false,false,false,false,false,false
released,0.280,1.600,-15.000,0.005,-11.875,false,false,false,false,false,false
released,0.280,1.600,-15.000,0.010,-8.750,false,false,false,false,false,false
released,0.280,1.600,-15.000,0.030,3.750,false,false,false,false,false,false
released,0.280,1.600,0.000,0.000,0.000,false,false,false,false,false,false
released,0.280,1.600,0.000,0.005,3.125,false,false,false,false,false,false
released,0.280,1.600,0.000,0.010,6.250,false,false,false,false,false,false
released,0.280,1.600,0.000,0.030,18.750,false,false,false,false,false,false
released,0.280,1.600,15.000,0.000,15.000,false,false,false,false,false,false
released,0.280,1.600,15.000,0.005,18.125,false,false,false,false,false,false
released,0.280,1.600,15.000,0.010,21.250,false,false,false,false,false,false
released,0.280,1.600,15.000,0.030,33.750,false,false,false,true,true,true
released,0.280,1.600,30.000,0.000,30.000,false,false,false,true,true,true
released,0.280,1.600,30.000,0.005,33.125,false,false,false,true,true,true
released,0.280,1.600,30.000,0.010,36.250,false,false,false,true,true,true
released,0.280,1.600,30.000,0.030,48.750,false,false,false,true,true,true
released,0.280,2.000,-30.000,0.000,-30.000,false,false,false,false,false,false
released,0.280,2.000,-30.000,0.005,-27.500,false,false,false,false,false,false
released,0.280,2.000,-30.000,0.010,-25.000,false,false,false,false,false,false
released,0.280,2.000,-30.000,0.030,-15.000,false,false,false,false,false,false
released,0.280,2.000,-15.000,0.000,-15.000,false,false,false,false,false,false
released,0.280,2.000,-15.000,0.005,-12.500,false,false,false,false,false,false
released,0.280,2.000,-15.000,0.010,-10.000,false,false,false,false,false,false
released,0.280,2.000,-15.000,0.030,0.000,false,false,false,false,false,false
released,0.280,2.000,0.000,0.000,0.000,false,false,false,false,false,false
released,0.280,2.000,0.000,0.005,2.500,false,false,false,false,false,false
released,0.280,2.000,0.000,0.010,5.000,false,false,false,false,false,false
released,0.280,2.000,0.000,0.030,15.000,false,false,false,false,false,false
released,0.280,2.000,15.000,0.000,15.000,false,false,false,false,false,false
released,0.280,2.000,15.000,0.005,17.500,false,false,false,false,false,false
released,0.280,2.000,15.000,0.010,20.000,false,false,false,false,false,false
released,0.280,2.000,15.000,0.030,30.000,false,false,false,true,true,true
released,0.280,2.000,30.000,0.000,30.000,false,false,false,true,true,true
released,0.280,2.000,30.000,0.005,32.500,false,false,false,true,true,true
released,0.280,2.000,30.000,0.010,35.000,false,false,false,true,true,true
released,0.280,2.000,30.000,0.030,45.000,false,false,false,true,true,true
released,0.280,2.400,-30.000,0.000,-30.000,false,false,false,false,false,false
released,0.280,2.400,-30.000,0.005,-27.917,false,false,false,false,false,false
released,0.280,2.400,-30.000,0.010,-25.833,false,false,false,false,false,false
released,0.280,2.400,-30.000,0.030,-17.500,false,false,false,false,false,false
released,0.280,2.400,-15.000,0.000,-15.000,false,false,false,false,false,false
released,0.280,2.400,-15.000,0.005,-12.917,false,false,false,false,false,false
released,0.280,2.400,-15.000,0.010,-10.833,false,false,false,false,false,false
released,0.280,2.400,-15.000,0.030,-2.500,false,false,false,false,false,false
released,0.280,2.400,0.000,0.000,0.000,false,false,false,false,false,false
released,0.280,2.400,0.000,0.005,2.083,false,false,false,false,false,false
released,0.280,2.400,0.000,0.010,4.167,false,false,false,false,false,false
released,0.280,2.400,0.000,0.030,12.500,false,false,false,false,false,false
released,0.280,2.400,15.000,0.000,15.000,false,false,false,false,false,false
released,0.280,2.400,15.000,0.005,17.083,false,false,false,false,false,false
released,0.280,2.400,15.000,0.010,19.167,false,false,false,false,false,false
released,0.280,2.400,15.000,0.030,27.500,false,false,false,true,true,true
released,0.280,2.400,30.000,0.000,30.000,false,false,false,true,true,true
released,0.280,2.400,30.000,0.005,32.083,false,false,false,true,true,true
released,0.280,2.400,30.000,0.010,34.167,false,false,false,true,true,true
released,0.280,2.400,30.000,0.030,42.500,false,false,false,true,true,true
guide_jam_pan_removed,0.080,1.600,-30.000,0.000,-30.000,false,false,true,false,false,false
guide_jam_pan_removed,0.080,1.600,-30.000,0.005,-26.875,false,false,true,false,false,false
guide_jam_pan_removed,0.080,1.600,-30.000,0.010,-23.750,false,false,true,false,false,false
guide_jam_pan_removed,0.080,1.600,-30.000,0.030,-11.250,false,false,true,false,false,false
guide_jam_pan_removed,0.080,1.600,-15.000,0.000,-15.000,false,false,true,false,false,false
guide_jam_pan_removed,0.080,1.600,-15.000,0.005,-11.875,false,false,true,false,false,false
guide_jam_pan_removed,0.080,1.600,-15.000,0.010,-8.750,false,false,true,false,false,false
guide_jam_pan_removed,0.080,1.600,-15.000,0.030,3.750,false,false,true,false,false,false
guide_jam_pan_removed,0.080,1.600,0.000,0.000,0.000,false,false,true,false,false,false
guide_jam_pan_removed,0.080,1.600,0.000,0.005,3.125,false,false,true,false,false,false
guide_jam_pan_removed,0.080,1.600,0.000,0.010,6.250,false,false,true,false,false,false
guide_jam_pan_removed,0.080,1.600,0.000,0.030,18.750,false,false,true,false,false,false
guide_jam_pan_removed,0.080,1.600,15.000,0.000,15.000,false,false,true,false,false,false
guide_jam_pan_removed,0.080,1.600,15.000,0.005,18.125,false,false,true,false,false,false
guide_jam_pan_removed,0.080,1.600,15.000,0.010,21.250,false,false,true,false,false,false
guide_jam_pan_removed,0.080,1.600,15.000,0.030,33.750,false,false,true,true,true,true
guide_jam_pan_removed,0.080,1.600,30.000,0.000,30.000,false,false,true,true,true,true
guide_jam_pan_removed,0.080,1.600,30.000,0.005,33.125,false,false,true,true,true,true
guide_jam_pan_removed,0.080,1.600,30.000,0.010,36.250,false,false,true,true,true,true
guide_jam_pan_removed,0.080,1.600,30.000,0.030,48.750,false,false,true,true,true,true
guide_jam_pan_removed,0.080,2.000,-30.000,0.000,-30.000,false,false,true,false,false,false
guide_jam_pan_removed,0.080,2.000,-30.000,0.005,-27.500,false,false,true,false,false,false
guide_jam_pan_removed,0.080,2.000,-30.000,0.010,-25.000,false,false,true,false,false,false
guide_jam_pan_removed,0.080,2.000,-30.000,0.030,-15.000,false,false,true,false,false,false
guide_jam_pan_removed,0.080,2.000,-15.000,0.000,-15.000,false,false,true,false,false,false
guide_jam_pan_removed,0.080,2.000,-15.000,0.005,-12.500,false,false,true,false,false,false
guide_jam_pan_removed,0.080,2.000,-15.000,0.010,-10.000,false,false,true,false,false,false
guide_jam_pan_removed,0.080,2.000,-15.000,0.030,0.000,false,false,true,false,false,false
guide_jam_pan_removed,0.080,2.000,0.000,0.000,0.000,false,false,true,false,false,false
guide_jam_pan_removed,0.080,2.000,0.000,0.005,2.500,false,false,true,false,false,false
guide_jam_pan_removed,0.080,2.000,0.000,0.010,5.000,false,false,true,false,false,false
guide_jam_pan_removed,0.080,2.000,0.000,0.030,15.000,false,false,true,false,false,false
guide_jam_pan_removed,0.080,2.000,15.000,0.000,15.000,false,false,true,false,false,false
guide_jam_pan_removed,0.080,2.000,15.000,0.005,17.500,false,false,true,false,false,false
guide_jam_pan_removed,0.080,2.000,15.000,0.010,20.000,false,false,true,false,false,false
guide_jam_pan_removed,0.080,2.000,15.000,0.030,30.000,false,false,true,true,true,true
guide_jam_pan_removed,0.080,2.000,30.000,0.000,30.000,false,false,true,true,true,true
guide_jam_pan_removed,0.080,2.000,30.000,0.005,32.500,false,false,true,true,true,true
guide_jam_pan_removed,0.080,2.000,30.000,0.010,35.000,false,false,true,true,true,true
guide_jam_pan_removed,0.080,2.000,30.000,0.030,45.000,false,false,true,true,true,true
guide_jam_pan_removed,0.080,2.400,-30.000,0.000,-30.000,false,false,true,false,false,false
guide_jam_pan_removed,0.080,2.400,-30.000,0.005,-27.917,false,false,true,false,false,false
guide_jam_pan_removed,0.080,2.400,-30.000,0.010,-25.833,false,false,true,false,false,false
guide_jam_pan_removed,0.080,2.400,-30.000,0.030,-17.500,false,false,true,false,false,false
guide_jam_pan_removed,0.080,2.400,-15.000,0.000,-15.000,false,false,true,false,false,false
guide_jam_pan_removed,0.080,2.400,-15.000,0.005,-12.917,false,false,true,false,false,false
guide_jam_pan_removed,0.080,2.400,-15.000,0.010,-10.833,false,false,true,false,false,false
guide_jam_pan_removed,0.080,2.400,-15.000,0.030,-2.500,false,false,true,false,false,false
guide_jam_pan_removed,0.080,2.400,0.000,0.000,0.000,false,false,true,false,false,false
guide_jam_pan_removed,0.080,2.400,0.000,0.005,2.083,false,false,true,false,false,false
guide_jam_pan_removed,0.080,2.400,0.000,0.010,4.167,false,false,true,false,false,false
guide_jam_pan_removed,0.080,2.400,0.000,0.030,12.500,false,false,true,false,false,false
guide_jam_pan_removed,0.080,2.400,15.000,0.000,15.000,false,false,true,false,false,false
guide_jam_pan_removed,0.080,2.400,15.000,0.005,17.083,false,false,true,false,false,false
guide_jam_pan_removed,0.080,2.400,15.000,0.010,19.167,false,false,true,false,false,false
guide_jam_pan_removed,0.080,2.400,15.000,0.030,27.500,false,false,true,true,true,true
guide_jam_pan_removed,0.080,2.400,30.000,0.000,30.000,false,false,true,true,true,true
guide_jam_pan_removed,0.080,2.400,30.000,0.005,32.083,false,false,true,true,true,true
guide_jam_pan_removed,0.080,2.400,30.000,0.010,34.167,false,false,true,true,true,true
guide_jam_pan_removed,0.080,2.400,30.000,0.030,42.500,false,false,true,true,true,true
guide_jam_pan_removed,0.100,1.600,-30.000,0.000,-30.000,false,false,true,false,false,false
guide_jam_pan_removed,0.100,1.600,-30.000,0.005,-26.875,false,false,true,false,false,false
guide_jam_pan_removed,0.100,1.600,-30.000,0.010,-23.750,false,false,true,false,false,false
guide_jam_pan_removed,0.100,1.600,-30.000,0.030,-11.250,false,false,true,false,false,false
guide_jam_pan_removed,0.100,1.600,-15.000,0.000,-15.000,false,false,true,false,false,false
guide_jam_pan_removed,0.100,1.600,-15.000,0.005,-11.875,false,false,true,false,false,false
guide_jam_pan_removed,0.100,1.600,-15.000,0.010,-8.750,false,false,true,false,false,false
guide_jam_pan_removed,0.100,1.600,-15.000,0.030,3.750,false,false,true,false,false,false
guide_jam_pan_removed,0.100,1.600,0.000,0.000,0.000,false,false,true,false,false,false
guide_jam_pan_removed,0.100,1.600,0.000,0.005,3.125,false,false,true,false,false,false
guide_jam_pan_removed,0.100,1.600,0.000,0.010,6.250,false,false,true,false,false,false
guide_jam_pan_removed,0.100,1.600,0.000,0.030,18.750,false,false,true,false,false,false
guide_jam_pan_removed,0.100,1.600,15.000,0.000,15.000,false,false,true,false,false,false
guide_jam_pan_removed,0.100,1.600,15.000,0.005,18.125,false,false,true,false,false,false
guide_jam_pan_removed,0.100,1.600,15.000,0.010,21.250,false,false,true,false,false,false
guide_jam_pan_removed,0.100,1.600,15.000,0.030,33.750,false,false,true,true,true,true
guide_jam_pan_removed,0.100,1.600,30.000,0.000,30.000,false,false,true,true,true,true
guide_jam_pan_removed,0.100,1.600,30.000,0.005,33.125,false,false,true,true,true,true
guide_jam_pan_removed,0.100,1.600,30.000,0.010,36.250,false,false,true,true,true,true
guide_jam_pan_removed,0.100,1.600,30.000,0.030,48.750,false,false,true,true,true,true
guide_jam_pan_removed,0.100,2.000,-30.000,0.000,-30.000,false,false,true,false,false,false
guide_jam_pan_removed,0.100,2.000,-30.000,0.005,-27.500,false,false,true,false,false,false
guide_jam_pan_removed,0.100,2.000,-30.000,0.010,-25.000,false,false,true,false,false,false
guide_jam_pan_removed,0.100,2.000,-30.000,0.030,-15.000,false,false,true,false,false,false
guide_jam_pan_removed,0.100,2.000,-15.000,0.000,-15.000,false,false,true,false,false,false
guide_jam_pan_removed,0.100,2.000,-15.000,0.005,-12.500,false,false,true,false,false,false
guide_jam_pan_removed,0.100,2.000,-15.000,0.010,-10.000,false,false,true,false,false,false
guide_jam_pan_removed,0.100,2.000,-15.000,0.030,0.000,false,false,true,false,false,false
guide_jam_pan_removed,0.100,2.000,0.000,0.000,0.000,false,false,true,false,false,false
guide_jam_pan_removed,0.100,2.000,0.000,0.005,2.500,false,false,true,false,false,false
guide_jam_pan_removed,0.100,2.000,0.000,0.010,5.000,false,false,true,false,false,false
guide_jam_pan_removed,0.100,2.000,0.000,0.030,15.000,false,false,true,false,false,false
guide_jam_pan_removed,0.100,2.000,15.000,0.000,15.000,false,false,true,false,false,false
guide_jam_pan_removed,0.100,2.000,15.000,0.005,17.500,false,false,true,false,false,false
guide_jam_pan_removed,0.100,2.000,15.000,0.010,20.000,false,false,true,false,false,false
guide_jam_pan_removed,0.100,2.000,15.000,0.030,30.000,false,false,true,true,true,true
guide_jam_pan_removed,0.100,2.000,30.000,0.000,30.000,false,false,true,true,true,true
guide_jam_pan_removed,0.100,2.000,30.000,0.005,32.500,false,false,true,true,true,true
guide_jam_pan_removed,0.100,2.000,30.000,0.010,35.000,false,false,true,true,true,true
guide_jam_pan_removed,0.100,2.000,30.000,0.030,45.000,false,false,true,true,true,true
guide_jam_pan_removed,0.100,2.400,-30.000,0.000,-30.000,false,false,true,false,false,false
guide_jam_pan_removed,0.100,2.400,-30.000,0.005,-27.917,false,false,true,false,false,false
guide_jam_pan_removed,0.100,2.400,-30.000,0.010,-25.833,false,false,true,false,false,false
guide_jam_pan_removed,0.100,2.400,-30.000,0.030,-17.500,false,false,true,false,false,false
guide_jam_pan_removed,0.100,2.400,-15.000,0.000,-15.000,false,false,true,false,false,false
guide_jam_pan_removed,0.100,2.400,-15.000,0.005,-12.917,false,false,true,false,false,false
guide_jam_pan_removed,0.100,2.400,-15.000,0.010,-10.833,false,false,true,false,false,false
guide_jam_pan_removed,0.100,2.400,-15.000,0.030,-2.500,false,false,true,false,false,false
guide_jam_pan_removed,0.100,2.400,0.000,0.000,0.000,false,false,true,false,false,false
guide_jam_pan_removed,0.100,2.400,0.000,0.005,2.083,false,false,true,false,false,false
guide_jam_pan_removed,0.100,2.400,0.000,0.010,4.167,false,false,true,false,false,false
guide_jam_pan_removed,0.100,2.400,0.000,0.030,12.500,false,false,true,false,false,false
guide_jam_pan_removed,0.100,2.400,15.000,0.000,15.000,false,false,true,false,false,false
guide_jam_pan_removed,0.100,2.400,15.000,0.005,17.083,false,false,true,false,false,false
guide_jam_pan_removed,0.100,2.400,15.000,0.010,19.167,false,false,true,false,false,false
guide_jam_pan_removed,0.100,2.400,15.000,0.030,27.500,false,false,true,true,true,true
guide_jam_pan_removed,0.100,2.400,30.000,0.000,30.000,false,false,true,true,true,true
guide_jam_pan_removed,0.100,2.400,30.000,0.005,32.083,false,false,true,true,true,true
guide_jam_pan_removed,0.100,2.400,30.000,0.010,34.167,false,false,true,true,true,true
guide_jam_pan_removed,0.100,2.400,30.000,0.030,42.500,false,false,true,true,true,true
guide_jam_pan_removed,0.120,1.600,-30.000,0.000,-30.000,false,false,true,false,false,false
guide_jam_pan_removed,0.120,1.600,-30.000,0.005,-26.875,false,false,true,false,false,false
guide_jam_pan_removed,0.120,1.600,-30.000,0.010,-23.750,false,false,true,false,false,false
guide_jam_pan_removed,0.120,1.600,-30.000,0.030,-11.250,false,false,true,false,false,false
guide_jam_pan_removed,0.120,1.600,-15.000,0.000,-15.000,false,false,true,false,false,false
guide_jam_pan_removed,0.120,1.600,-15.000,0.005,-11.875,false,false,true,false,false,false
guide_jam_pan_removed,0.120,1.600,-15.000,0.010,-8.750,false,false,true,false,false,false
guide_jam_pan_removed,0.120,1.600,-15.000,0.030,3.750,false,false,true,false,false,false
guide_jam_pan_removed,0.120,1.600,0.000,0.000,0.000,false,false,true,false,false,false
guide_jam_pan_removed,0.120,1.600,0.000,0.005,3.125,false,false,true,false,false,false
guide_jam_pan_removed,0.120,1.600,0.000,0.010,6.250,false,false,true,false,false,false
guide_jam_pan_removed,0.120,1.600,0.000,0.030,18.750,false,false,true,false,false,false
guide_jam_pan_removed,0.120,1.600,15.000,0.000,15.000,false,false,true,false,false,false
guide_jam_pan_removed,0.120,1.600,15.000,0.005,18.125,false,false,true,false,false,false
guide_jam_pan_removed,0.120,1.600,15.000,0.010,21.250,false,false,true,false,false,false
guide_jam_pan_removed,0.120,1.600,15.000,0.030,33.750,false,false,true,true,true,true
guide_jam_pan_removed,0.120,1.600,30.000,0.000,30.000,false,false,true,true,true,true
guide_jam_pan_removed,0.120,1.600,30.000,0.005,33.125,false,false,true,true,true,true
guide_jam_pan_removed,0.120,1.600,30.000,0.010,36.250,false,false,true,true,true,true
guide_jam_pan_removed,0.120,1.600,30.000,0.030,48.750,false,false,true,true,true,true
guide_jam_pan_removed,0.120,2.000,-30.000,0.000,-30.000,false,false,true,false,false,false
guide_jam_pan_removed,0.120,2.000,-30.000,0.005,-27.500,false,false,true,false,false,false
guide_jam_pan_removed,0.120,2.000,-30.000,0.010,-25.000,false,false,true,false,false,false
guide_jam_pan_removed,0.120,2.000,-30.000,0.030,-15.000,false,false,true,false,false,false
guide_jam_pan_removed,0.120,2.000,-15.000,0.000,-15.000,false,false,true,false,false,false
guide_jam_pan_removed,0.120,2.000,-15.000,0.005,-12.500,false,false,true,false,false,false
guide_jam_pan_removed,0.120,2.000,-15.000,0.010,-10.000,false,false,true,false,false,false
guide_jam_pan_removed,0.120,2.000,-15.000,0.030,0.000,false,false,true,false,false,false
guide_jam_pan_removed,0.120,2.000,0.000,0.000,0.000,false,false,true,false,false,false
guide_jam_pan_removed,0.120,2.000,0.000,0.005,2.500,false,false,true,false,false,false
guide_jam_pan_removed,0.120,2.000,0.000,0.010,5.000,false,false,true,false,false,false
guide_jam_pan_removed,0.120,2.000,0.000,0.030,15.000,false,false,true,false,false,false
guide_jam_pan_removed,0.120,2.000,15.000,0.000,15.000,false,false,true,false,false,false
guide_jam_pan_removed,0.120,2.000,15.000,0.005,17.500,false,false,true,false,false,false
guide_jam_pan_removed,0.120,2.000,15.000,0.010,20.000,false,false,true,false,false,false
guide_jam_pan_removed,0.120,2.000,15.000,0.030,30.000,false,false,true,true,true,true
guide_jam_pan_removed,0.120,2.000,30.000,0.000,30.000,false,false,true,true,true,true
guide_jam_pan_removed,0.120,2.000,30.000,0.005,32.500,false,false,true,true,true,true
guide_jam_pan_removed,0.120,2.000,30.000,0.010,35.000,false,false,true,true,true,true
guide_jam_pan_removed,0.120,2.000,30.000,0.030,45.000,false,false,true,true,true,true
guide_jam_pan_removed,0.120,2.400,-30.000,0.000,-30.000,false,false,true,false,false,false
guide_jam_pan_removed,0.120,2.400,-30.000,0.005,-27.917,false,false,true,false,false,false
guide_jam_pan_removed,0.120,2.400,-30.000,0.010,-25.833,false,false,true,false,false,false
guide_jam_pan_removed,0.120,2.400,-30.000,0.030,-17.500,false,false,true,false,false,false
guide_jam_pan_removed,0.120,2.400,-15.000,0.000,-15.000,false,false,true,false,false,false
guide_jam_pan_removed,0.120,2.400,-15.000,0.005,-12.917,false,false,true,false,false,false
guide_jam_pan_removed,0.120,2.400,-15.000,0.010,-10.833,false,false,true,false,false,false
guide_jam_pan_removed,0.120,2.400,-15.000,0.030,-2.500,false,false,true,false,false,false
guide_jam_pan_removed,0.120,2.400,0.000,0.000,0.000,false,false,true,false,false,false
guide_jam_pan_removed,0.120,2.400,0.000,0.005,2.083,false,false,true,false,false,false
guide_jam_pan_removed,0.120,2.400,0.000,0.010,4.167,false,false,true,false,false,false
guide_jam_pan_removed,0.120,2.400,0.000,0.030,12.500,false,false,true,false,false,false
guide_jam_pan_removed,0.120,2.400,15.000,0.000,15.000,false,false,true,false,false,false
guide_jam_pan_removed,0.120,2.400,15.000,0.005,17.083,false,false,true,false,false,false
guide_jam_pan_removed,0.120,2.400,15.000,0.010,19.167,false,false,true,false,false,false
guide_jam_pan_removed,0.120,2.400,15.000,0.030,27.500,false,false,true,true,true,true
guide_jam_pan_removed,0.120,2.400,30.000,0.000,30.000,false,false,true,true,true,true
guide_jam_pan_removed,0.120,2.400,30.000,0.005,32.083,false,false,true,true,true,true
guide_jam_pan_removed,0.120,2.400,30.000,0.010,34.167,false,false,true,true,true,true
guide_jam_pan_removed,0.120,2.400,30.000,0.030,42.500,false,false,true,true,true,true
guide_jam_pan_removed,0.180,1.600,-30.000,0.000,-30.000,false,false,true,false,false,false
guide_jam_pan_removed,0.180,1.600,-30.000,0.005,-26.875,false,false,true,false,false,false
guide_jam_pan_removed,0.180,1.600,-30.000,0.010,-23.750,false,false,true,false,false,false
guide_jam_pan_removed,0.180,1.600,-30.000,0.030,-11.250,false,false,true,false,false,false
guide_jam_pan_removed,0.180,1.600,-15.000,0.000,-15.000,false,false,true,false,false,false
guide_jam_pan_removed,0.180,1.600,-15.000,0.005,-11.875,false,false,true,false,false,false
guide_jam_pan_removed,0.180,1.600,-15.000,0.010,-8.750,false,false,true,false,false,false
guide_jam_pan_removed,0.180,1.600,-15.000,0.030,3.750,false,false,true,false,false,false
guide_jam_pan_removed,0.180,1.600,0.000,0.000,0.000,false,false,true,false,false,false
guide_jam_pan_removed,0.180,1.600,0.000,0.005,3.125,false,false,true,false,false,false
guide_jam_pan_removed,0.180,1.600,0.000,0.010,6.250,false,false,true,false,false,false
guide_jam_pan_removed,0.180,1.600,0.000,0.030,18.750,false,false,true,false,false,false
guide_jam_pan_removed,0.180,1.600,15.000,0.000,15.000,false,false,true,false,false,false
guide_jam_pan_removed,0.180,1.600,15.000,0.005,18.125,false,false,true,false,false,false
guide_jam_pan_removed,0.180,1.600,15.000,0.010,21.250,false,false,true,false,false,false
guide_jam_pan_removed,0.180,1.600,15.000,0.030,33.750,false,false,true,true,true,true
guide_jam_pan_removed,0.180,1.600,30.000,0.000,30.000,false,false,true,true,true,true
guide_jam_pan_removed,0.180,1.600,30.000,0.005,33.125,false,false,true,true,true,true
guide_jam_pan_removed,0.180,1.600,30.000,0.010,36.250,false,false,true,true,true,true
guide_jam_pan_removed,0.180,1.600,30.000,0.030,48.750,false,false,true,true,true,true
guide_jam_pan_removed,0.180,2.000,-30.000,0.000,-30.000,false,false,true,false,false,false
guide_jam_pan_removed,0.180,2.000,-30.000,0.005,-27.500,false,false,true,false,false,false
guide_jam_pan_removed,0.180,2.000,-30.000,0.010,-25.000,false,false,true,false,false,false
guide_jam_pan_removed,0.180,2.000,-30.000,0.030,-15.000,false,false,true,false,false,false
guide_jam_pan_removed,0.180,2.000,-15.000,0.000,-15.000,false,false,true,false,false,false
guide_jam_pan_removed,0.180,2.000,-15.000,0.005,-12.500,false,false,true,false,false,false
guide_jam_pan_removed,0.180,2.000,-15.000,0.010,-10.000,false,false,true,false,false,false
guide_jam_pan_removed,0.180,2.000,-15.000,0.030,0.000,false,false,true,false,false,false
guide_jam_pan_removed,0.180,2.000,0.000,0.000,0.000,false,false,true,false,false,false
guide_jam_pan_removed,0.180,2.000,0.000,0.005,2.500,false,false,true,false,false,false
guide_jam_pan_removed,0.180,2.000,0.000,0.010,5.000,false,false,true,false,false,false
guide_jam_pan_removed,0.180,2.000,0.000,0.030,15.000,false,false,true,false,false,false
guide_jam_pan_removed,0.180,2.000,15.000,0.000,15.000,false,false,true,false,false,false
guide_jam_pan_removed,0.180,2.000,15.000,0.005,17.500,false,false,true,false,false,false
guide_jam_pan_removed,0.180,2.000,15.000,0.010,20.000,false,false,true,false,false,false
guide_jam_pan_removed,0.180,2.000,15.000,0.030,30.000,false,false,true,true,true,true
guide_jam_pan_removed,0.180,2.000,30.000,0.000,30.000,false,false,true,true,true,true
guide_jam_pan_removed,0.180,2.000,30.000,0.005,32.500,false,false,true,true,true,true
guide_jam_pan_removed,0.180,2.000,30.000,0.010,35.000,false,false,true,true,true,true
guide_jam_pan_removed,0.180,2.000,30.000,0.030,45.000,false,false,true,true,true,true
guide_jam_pan_removed,0.180,2.400,-30.000,0.000,-30.000,false,false,true,false,false,false
guide_jam_pan_removed,0.180,2.400,-30.000,0.005,-27.917,false,false,true,false,false,false
guide_jam_pan_removed,0.180,2.400,-30.000,0.010,-25.833,false,false,true,false,false,false
guide_jam_pan_removed,0.180,2.400,-30.000,0.030,-17.500,false,false,true,false,false,false
guide_jam_pan_removed,0.180,2.400,-15.000,0.000,-15.000,false,false,true,false,false,false
guide_jam_pan_removed,0.180,2.400,-15.000,0.005,-12.917,false,false,true,false,false,false
guide_jam_pan_removed,0.180,2.400,-15.000,0.010,-10.833,false,false,true,false,false,false
guide_jam_pan_removed,0.180,2.400,-15.000,0.030,-2.500,false,false,true,false,false,false
guide_jam_pan_removed,0.180,2.400,0.000,0.000,0.000,false,false,true,false,false,false
guide_jam_pan_removed,0.180,2.400,0.000,0.005,2.083,false,false,true,false,false,false
guide_jam_pan_removed,0.180,2.400,0.000,0.010,4.167,false,false,true,false,false,false
guide_jam_pan_removed,0.180,2.400,0.000,0.030,12.500,false,false,true,false,false,false
guide_jam_pan_removed,0.180,2.400,15.000,0.000,15.000,false,false,true,false,false,false
guide_jam_pan_removed,0.180,2.400,15.000,0.005,17.083,false,false,true,false,false,false
guide_jam_pan_removed,0.180,2.400,15.000,0.010,19.167,false,false,true,false,false,false
guide_jam_pan_removed,0.180,2.400,15.000,0.030,27.500,false,false,true,true,true,true
guide_jam_pan_removed,0.180,2.400,30.000,0.000,30.000,false,false,true,true,true,true
guide_jam_pan_removed,0.180,2.400,30.000,0.005,32.083,false,false,true,true,true,true
guide_jam_pan_removed,0.180,2.400,30.000,0.010,34.167,false,false,true,true,true,true
guide_jam_pan_removed,0.180,2.400,30.000,0.030,42.500,false,false,true,true,true,true
guide_jam_pan_removed,0.280,1.600,-30.000,0.000,-30.000,false,false,true,false,false,false
guide_jam_pan_removed,0.280,1.600,-30.000,0.005,-26.875,false,false,true,false,false,false
guide_jam_pan_removed,0.280,1.600,-30.000,0.010,-23.750,false,false,true,false,false,false
guide_jam_pan_removed,0.280,1.600,-30.000,0.030,-11.250,false,false,true,false,false,false
guide_jam_pan_removed,0.280,1.600,-15.000,0.000,-15.000,false,false,true,false,false,false
guide_jam_pan_removed,0.280,1.600,-15.000,0.005,-11.875,false,false,true,false,false,false
guide_jam_pan_removed,0.280,1.600,-15.000,0.010,-8.750,false,false,true,false,false,false
guide_jam_pan_removed,0.280,1.600,-15.000,0.030,3.750,false,false,true,false,false,false
guide_jam_pan_removed,0.280,1.600,0.000,0.000,0.000,false,false,true,false,false,false
guide_jam_pan_removed,0.280,1.600,0.000,0.005,3.125,false,false,true,false,false,false
guide_jam_pan_removed,0.280,1.600,0.000,0.010,6.250,false,false,true,false,false,false
guide_jam_pan_removed,0.280,1.600,0.000,0.030,18.750,false,false,true,false,false,false
guide_jam_pan_removed,0.280,1.600,15.000,0.000,15.000,false,false,true,false,false,false
guide_jam_pan_removed,0.280,1.600,15.000,0.005,18.125,false,false,true,false,false,false
guide_jam_pan_removed,0.280,1.600,15.000,0.010,21.250,false,false,true,false,false,false
guide_jam_pan_removed,0.280,1.600,15.000,0.030,33.750,false,false,true,true,true,true
guide_jam_pan_removed,0.280,1.600,30.000,0.000,30.000,false,false,true,true,true,true
guide_jam_pan_removed,0.280,1.600,30.000,0.005,33.125,false,false,true,true,true,true
guide_jam_pan_removed,0.280,1.600,30.000,0.010,36.250,false,false,true,true,true,true
guide_jam_pan_removed,0.280,1.600,30.000,0.030,48.750,false,false,true,true,true,true
guide_jam_pan_removed,0.280,2.000,-30.000,0.000,-30.000,false,false,true,false,false,false
guide_jam_pan_removed,0.280,2.000,-30.000,0.005,-27.500,false,false,true,false,false,false
guide_jam_pan_removed,0.280,2.000,-30.000,0.010,-25.000,false,false,true,false,false,false
guide_jam_pan_removed,0.280,2.000,-30.000,0.030,-15.000,false,false,true,false,false,false
guide_jam_pan_removed,0.280,2.000,-15.000,0.000,-15.000,false,false,true,false,false,false
guide_jam_pan_removed,0.280,2.000,-15.000,0.005,-12.500,false,false,true,false,false,false
guide_jam_pan_removed,0.280,2.000,-15.000,0.010,-10.000,false,false,true,false,false,false
guide_jam_pan_removed,0.280,2.000,-15.000,0.030,0.000,false,false,true,false,false,false
guide_jam_pan_removed,0.280,2.000,0.000,0.000,0.000,false,false,true,false,false,false
guide_jam_pan_removed,0.280,2.000,0.000,0.005,2.500,false,false,true,false,false,false
guide_jam_pan_removed,0.280,2.000,0.000,0.010,5.000,false,false,true,false,false,false
guide_jam_pan_removed,0.280,2.000,0.000,0.030,15.000,false,false,true,false,false,false
guide_jam_pan_removed,0.280,2.000,15.000,0.000,15.000,false,false,true,false,false,false
guide_jam_pan_removed,0.280,2.000,15.000,0.005,17.500,false,false,true,false,false,false
guide_jam_pan_removed,0.280,2.000,15.000,0.010,20.000,false,false,true,false,false,false
guide_jam_pan_removed,0.280,2.000,15.000,0.030,30.000,false,false,true,true,true,true
guide_jam_pan_removed,0.280,2.000,30.000,0.000,30.000,false,false,true,true,true,true
guide_jam_pan_removed,0.280,2.000,30.000,0.005,32.500,false,false,true,true,true,true
guide_jam_pan_removed,0.280,2.000,30.000,0.010,35.000,false,false,true,true,true,true
guide_jam_pan_removed,0.280,2.000,30.000,0.030,45.000,false,false,true,true,true,true
guide_jam_pan_removed,0.280,2.400,-30.000,0.000,-30.000,false,false,true,false,false,false
guide_jam_pan_removed,0.280,2.400,-30.000,0.005,-27.917,false,false,true,false,false,false
guide_jam_pan_removed,0.280,2.400,-30.000,0.010,-25.833,false,false,true,false,false,false
guide_jam_pan_removed,0.280,2.400,-30.000,0.030,-17.500,false,false,true,false,false,false
guide_jam_pan_removed,0.280,2.400,-15.000,0.000,-15.000,false,false,true,false,false,false
guide_jam_pan_removed,0.280,2.400,-15.000,0.005,-12.917,false,false,true,false,false,false
guide_jam_pan_removed,0.280,2.400,-15.000,0.010,-10.833,false,false,true,false,false,false
guide_jam_pan_removed,0.280,2.400,-15.000,0.030,-2.500,false,false,true,false,false,false
guide_jam_pan_removed,0.280,2.400,0.000,0.000,0.000,false,false,true,false,false,false
guide_jam_pan_removed,0.280,2.400,0.000,0.005,2.083,false,false,true,false,false,false
guide_jam_pan_removed,0.280,2.400,0.000,0.010,4.167,false,false,true,false,false,false
guide_jam_pan_removed,0.280,2.400,0.000,0.030,12.500,false,false,true,false,false,false
guide_jam_pan_removed,0.280,2.400,15.000,0.000,15.000,false,false,true,false,false,false
guide_jam_pan_removed,0.280,2.400,15.000,0.005,17.083,false,false,true,false,false,false
guide_jam_pan_removed,0.280,2.400,15.000,0.010,19.167,false,false,true,false,false,false
guide_jam_pan_removed,0.280,2.400,15.000,0.030,27.500,false,false,true,true,true,true
guide_jam_pan_removed,0.280,2.400,30.000,0.000,30.000,false,false,true,true,true,true
guide_jam_pan_removed,0.280,2.400,30.000,0.005,32.083,false,false,true,true,true,true
guide_jam_pan_removed,0.280,2.400,30.000,0.010,34.167,false,false,true,true,true,true
guide_jam_pan_removed,0.280,2.400,30.000,0.030,42.500,false,false,true,true,true,true
seal_jam_pan_removed,0.080,1.600,-30.000,0.000,-30.000,false,false,true,false,false,false
seal_jam_pan_removed,0.080,1.600,-30.000,0.005,-26.875,false,false,true,false,false,false
seal_jam_pan_removed,0.080,1.600,-30.000,0.010,-23.750,false,false,true,false,false,false
seal_jam_pan_removed,0.080,1.600,-30.000,0.030,-11.250,false,false,true,false,false,false
seal_jam_pan_removed,0.080,1.600,-15.000,0.000,-15.000,false,false,true,false,false,false
seal_jam_pan_removed,0.080,1.600,-15.000,0.005,-11.875,false,false,true,false,false,false
seal_jam_pan_removed,0.080,1.600,-15.000,0.010,-8.750,false,false,true,false,false,false
seal_jam_pan_removed,0.080,1.600,-15.000,0.030,3.750,false,false,true,false,false,false
seal_jam_pan_removed,0.080,1.600,0.000,0.000,0.000,false,false,true,false,false,false
seal_jam_pan_removed,0.080,1.600,0.000,0.005,3.125,false,false,true,false,false,false
seal_jam_pan_removed,0.080,1.600,0.000,0.010,6.250,false,false,true,false,false,false
seal_jam_pan_removed,0.080,1.600,0.000,0.030,18.750,false,false,true,false,false,false
seal_jam_pan_removed,0.080,1.600,15.000,0.000,15.000,false,false,true,false,false,false
seal_jam_pan_removed,0.080,1.600,15.000,0.005,18.125,false,false,true,false,false,false
seal_jam_pan_removed,0.080,1.600,15.000,0.010,21.250,false,false,true,false,false,false
seal_jam_pan_removed,0.080,1.600,15.000,0.030,33.750,false,false,true,true,true,true
seal_jam_pan_removed,0.080,1.600,30.000,0.000,30.000,false,false,true,true,true,true
seal_jam_pan_removed,0.080,1.600,30.000,0.005,33.125,false,false,true,true,true,true
seal_jam_pan_removed,0.080,1.600,30.000,0.010,36.250,false,false,true,true,true,true
seal_jam_pan_removed,0.080,1.600,30.000,0.030,48.750,false,false,true,true,true,true
seal_jam_pan_removed,0.080,2.000,-30.000,0.000,-30.000,false,false,true,false,false,false
seal_jam_pan_removed,0.080,2.000,-30.000,0.005,-27.500,false,false,true,false,false,false
seal_jam_pan_removed,0.080,2.000,-30.000,0.010,-25.000,false,false,true,false,false,false
seal_jam_pan_removed,0.080,2.000,-30.000,0.030,-15.000,false,false,true,false,false,false
seal_jam_pan_removed,0.080,2.000,-15.000,0.000,-15.000,false,false,true,false,false,false
seal_jam_pan_removed,0.080,2.000,-15.000,0.005,-12.500,false,false,true,false,false,false
seal_jam_pan_removed,0.080,2.000,-15.000,0.010,-10.000,false,false,true,false,false,false
seal_jam_pan_removed,0.080,2.000,-15.000,0.030,0.000,false,false,true,false,false,false
seal_jam_pan_removed,0.080,2.000,0.000,0.000,0.000,false,false,true,false,false,false
seal_jam_pan_removed,0.080,2.000,0.000,0.005,2.500,false,false,true,false,false,false
seal_jam_pan_removed,0.080,2.000,0.000,0.010,5.000,false,false,true,false,false,false
seal_jam_pan_removed,0.080,2.000,0.000,0.030,15.000,false,false,true,false,false,false
seal_jam_pan_removed,0.080,2.000,15.000,0.000,15.000,false,false,true,false,false,false
seal_jam_pan_removed,0.080,2.000,15.000,0.005,17.500,false,false,true,false,false,false
seal_jam_pan_removed,0.080,2.000,15.000,0.010,20.000,false,false,true,false,false,false
seal_jam_pan_removed,0.080,2.000,15.000,0.030,30.000,false,false,true,true,true,true
seal_jam_pan_removed,0.080,2.000,30.000,0.000,30.000,false,false,true,true,true,true
seal_jam_pan_removed,0.080,2.000,30.000,0.005,32.500,false,false,true,true,true,true
seal_jam_pan_removed,0.080,2.000,30.000,0.010,35.000,false,false,true,true,true,true
seal_jam_pan_removed,0.080,2.000,30.000,0.030,45.000,false,false,true,true,true,true
seal_jam_pan_removed,0.080,2.400,-30.000,0.000,-30.000,false,false,true,false,false,false
seal_jam_pan_removed,0.080,2.400,-30.000,0.005,-27.917,false,false,true,false,false,false
seal_jam_pan_removed,0.080,2.400,-30.000,0.010,-25.833,false,false,true,false,false,false
seal_jam_pan_removed,0.080,2.400,-30.000,0.030,-17.500,false,false,true,false,false,false
seal_jam_pan_removed,0.080,2.400,-15.000,0.000,-15.000,false,false,true,false,false,false
seal_jam_pan_removed,0.080,2.400,-15.000,0.005,-12.917,false,false,true,false,false,false
seal_jam_pan_removed,0.080,2.400,-15.000,0.010,-10.833,false,false,true,false,false,false
seal_jam_pan_removed,0.080,2.400,-15.000,0.030,-2.500,false,false,true,false,false,false
seal_jam_pan_removed,0.080,2.400,0.000,0.000,0.000,false,false,true,false,false,false
seal_jam_pan_removed,0.080,2.400,0.000,0.005,2.083,false,false,true,false,false,false
seal_jam_pan_removed,0.080,2.400,0.000,0.010,4.167,false,false,true,false,false,false
seal_jam_pan_removed,0.080,2.400,0.000,0.030,12.500,false,false,true,false,false,false
seal_jam_pan_removed,0.080,2.400,15.000,0.000,15.000,false,false,true,false,false,false
seal_jam_pan_removed,0.080,2.400,15.000,0.005,17.083,false,false,true,false,false,false
seal_jam_pan_removed,0.080,2.400,15.000,0.010,19.167,false,false,true,false,false,false
seal_jam_pan_removed,0.080,2.400,15.000,0.030,27.500,false,false,true,true,true,true
seal_jam_pan_removed,0.080,2.400,30.000,0.000,30.000,false,false,true,true,true,true
seal_jam_pan_removed,0.080,2.400,30.000,0.005,32.083,false,false,true,true,true,true
seal_jam_pan_removed,0.080,2.400,30.000,0.010,34.167,false,false,true,true,true,true
seal_jam_pan_removed,0.080,2.400,30.000,0.030,42.500,false,false,true,true,true,true
seal_jam_pan_removed,0.100,1.600,-30.000,0.000,-30.000,false,false,true,false,false,false
seal_jam_pan_removed,0.100,1.600,-30.000,0.005,-26.875,false,false,true,false,false,false
seal_jam_pan_removed,0.100,1.600,-30.000,0.010,-23.750,false,false,true,false,false,false
seal_jam_pan_removed,0.100,1.600,-30.000,0.030,-11.250,false,false,true,false,false,false
seal_jam_pan_removed,0.100,1.600,-15.000,0.000,-15.000,false,false,true,false,false,false
seal_jam_pan_removed,0.100,1.600,-15.000,0.005,-11.875,false,false,true,false,false,false
seal_jam_pan_removed,0.100,1.600,-15.000,0.010,-8.750,false,false,true,false,false,false
seal_jam_pan_removed,0.100,1.600,-15.000,0.030,3.750,false,false,true,false,false,false
seal_jam_pan_removed,0.100,1.600,0.000,0.000,0.000,false,false,true,false,false,false
seal_jam_pan_removed,0.100,1.600,0.000,0.005,3.125,false,false,true,false,false,false
seal_jam_pan_removed,0.100,1.600,0.000,0.010,6.250,false,false,true,false,false,false
seal_jam_pan_removed,0.100,1.600,0.000,0.030,18.750,false,false,true,false,false,false
seal_jam_pan_removed,0.100,1.600,15.000,0.000,15.000,false,false,true,false,false,false
seal_jam_pan_removed,0.100,1.600,15.000,0.005,18.125,false,false,true,false,false,false
seal_jam_pan_removed,0.100,1.600,15.000,0.010,21.250,false,false,true,false,false,false
seal_jam_pan_removed,0.100,1.600,15.000,0.030,33.750,false,false,true,true,true,true
seal_jam_pan_removed,0.100,1.600,30.000,0.000,30.000,false,false,true,true,true,true
seal_jam_pan_removed,0.100,1.600,30.000,0.005,33.125,false,false,true,true,true,true
seal_jam_pan_removed,0.100,1.600,30.000,0.010,36.250,false,false,true,true,true,true
seal_jam_pan_removed,0.100,1.600,30.000,0.030,48.750,false,false,true,true,true,true
seal_jam_pan_removed,0.100,2.000,-30.000,0.000,-30.000,false,false,true,false,false,false
seal_jam_pan_removed,0.100,2.000,-30.000,0.005,-27.500,false,false,true,false,false,false
seal_jam_pan_removed,0.100,2.000,-30.000,0.010,-25.000,false,false,true,false,false,false
seal_jam_pan_removed,0.100,2.000,-30.000,0.030,-15.000,false,false,true,false,false,false
seal_jam_pan_removed,0.100,2.000,-15.000,0.000,-15.000,false,false,true,false,false,false
seal_jam_pan_removed,0.100,2.000,-15.000,0.005,-12.500,false,false,true,false,false,false
seal_jam_pan_removed,0.100,2.000,-15.000,0.010,-10.000,false,false,true,false,false,false
seal_jam_pan_removed,0.100,2.000,-15.000,0.030,0.000,false,false,true,false,false,false
seal_jam_pan_removed,0.100,2.000,0.000,0.000,0.000,false,false,true,false,false,false
seal_jam_pan_removed,0.100,2.000,0.000,0.005,2.500,false,false,true,false,false,false
seal_jam_pan_removed,0.100,2.000,0.000,0.010,5.000,false,false,true,false,false,false
seal_jam_pan_removed,0.100,2.000,0.000,0.030,15.000,false,false,true,false,false,false
seal_jam_pan_removed,0.100,2.000,15.000,0.000,15.000,false,false,true,false,false,false
seal_jam_pan_removed,0.100,2.000,15.000,0.005,17.500,false,false,true,false,false,false
seal_jam_pan_removed,0.100,2.000,15.000,0.010,20.000,false,false,true,false,false,false
seal_jam_pan_removed,0.100,2.000,15.000,0.030,30.000,false,false,true,true,true,true
seal_jam_pan_removed,0.100,2.000,30.000,0.000,30.000,false,false,true,true,true,true
seal_jam_pan_removed,0.100,2.000,30.000,0.005,32.500,false,false,true,true,true,true
seal_jam_pan_removed,0.100,2.000,30.000,0.010,35.000,false,false,true,true,true,true
seal_jam_pan_removed,0.100,2.000,30.000,0.030,45.000,false,false,true,true,true,true
seal_jam_pan_removed,0.100,2.400,-30.000,0.000,-30.000,false,false,true,false,false,false
seal_jam_pan_removed,0.100,2.400,-30.000,0.005,-27.917,false,false,true,false,false,false
seal_jam_pan_removed,0.100,2.400,-30.000,0.010,-25.833,false,false,true,false,false,false
seal_jam_pan_removed,0.100,2.400,-30.000,0.030,-17.500,false,false,true,false,false,false
seal_jam_pan_removed,0.100,2.400,-15.000,0.000,-15.000,false,false,true,false,false,false
seal_jam_pan_removed,0.100,2.400,-15.000,0.005,-12.917,false,false,true,false,false,false
seal_jam_pan_removed,0.100,2.400,-15.000,0.010,-10.833,false,false,true,false,false,false
seal_jam_pan_removed,0.100,2.400,-15.000,0.030,-2.500,false,false,true,false,false,false
seal_jam_pan_removed,0.100,2.400,0.000,0.000,0.000,false,false,true,false,false,false
seal_jam_pan_removed,0.100,2.400,0.000,0.005,2.083,false,false,true,false,false,false
seal_jam_pan_removed,0.100,2.400,0.000,0.010,4.167,false,false,true,false,false,false
seal_jam_pan_removed,0.100,2.400,0.000,0.030,12.500,false,false,true,false,false,false
seal_jam_pan_removed,0.100,2.400,15.000,0.000,15.000,false,false,true,false,false,false
seal_jam_pan_removed,0.100,2.400,15.000,0.005,17.083,false,false,true,false,false,false
seal_jam_pan_removed,0.100,2.400,15.000,0.010,19.167,false,false,true,false,false,false
seal_jam_pan_removed,0.100,2.400,15.000,0.030,27.500,false,false,true,true,true,true
seal_jam_pan_removed,0.100,2.400,30.000,0.000,30.000,false,false,true,true,true,true
seal_jam_pan_removed,0.100,2.400,30.000,0.005,32.083,false,false,true,true,true,true
seal_jam_pan_removed,0.100,2.400,30.000,0.010,34.167,false,false,true,true,true,true
seal_jam_pan_removed,0.100,2.400,30.000,0.030,42.500,false,false,true,true,true,true
seal_jam_pan_removed,0.120,1.600,-30.000,0.000,-30.000,false,false,true,false,false,false
seal_jam_pan_removed,0.120,1.600,-30.000,0.005,-26.875,false,false,true,false,false,false
seal_jam_pan_removed,0.120,1.600,-30.000,0.010,-23.750,false,false,true,false,false,false
seal_jam_pan_removed,0.120,1.600,-30.000,0.030,-11.250,false,false,true,false,false,false
seal_jam_pan_removed,0.120,1.600,-15.000,0.000,-15.000,false,false,true,false,false,false
seal_jam_pan_removed,0.120,1.600,-15.000,0.005,-11.875,false,false,true,false,false,false
seal_jam_pan_removed,0.120,1.600,-15.000,0.010,-8.750,false,false,true,false,false,false
seal_jam_pan_removed,0.120,1.600,-15.000,0.030,3.750,false,false,true,false,false,false
seal_jam_pan_removed,0.120,1.600,0.000,0.000,0.000,false,false,true,false,false,false
seal_jam_pan_removed,0.120,1.600,0.000,0.005,3.125,false,false,true,false,false,false
seal_jam_pan_removed,0.120,1.600,0.000,0.010,6.250,false,false,true,false,false,false
seal_jam_pan_removed,0.120,1.600,0.000,0.030,18.750,false,false,true,false,false,false
seal_jam_pan_removed,0.120,1.600,15.000,0.000,15.000,false,false,true,false,false,false
seal_jam_pan_removed,0.120,1.600,15.000,0.005,18.125,false,false,true,false,false,false
seal_jam_pan_removed,0.120,1.600,15.000,0.010,21.250,false,false,true,false,false,false
seal_jam_pan_removed,0.120,1.600,15.000,0.030,33.750,false,false,true,true,true,true
seal_jam_pan_removed,0.120,1.600,30.000,0.000,30.000,false,false,true,true,true,true
seal_jam_pan_removed,0.120,1.600,30.000,0.005,33.125,false,false,true,true,true,true
seal_jam_pan_removed,0.120,1.600,30.000,0.010,36.250,false,false,true,true,true,true
seal_jam_pan_removed,0.120,1.600,30.000,0.030,48.750,false,false,true,true,true,true
seal_jam_pan_removed,0.120,2.000,-30.000,0.000,-30.000,false,false,true,false,false,false
seal_jam_pan_removed,0.120,2.000,-30.000,0.005,-27.500,false,false,true,false,false,false
seal_jam_pan_removed,0.120,2.000,-30.000,0.010,-25.000,false,false,true,false,false,false
seal_jam_pan_removed,0.120,2.000,-30.000,0.030,-15.000,false,false,true,false,false,false
seal_jam_pan_removed,0.120,2.000,-15.000,0.000,-15.000,false,false,true,false,false,false
seal_jam_pan_removed,0.120,2.000,-15.000,0.005,-12.500,false,false,true,false,false,false
seal_jam_pan_removed,0.120,2.000,-15.000,0.010,-10.000,false,false,true,false,false,false
seal_jam_pan_removed,0.120,2.000,-15.000,0.030,0.000,false,false,true,false,false,false
seal_jam_pan_removed,0.120,2.000,0.000,0.000,0.000,false,false,true,false,false,false
seal_jam_pan_removed,0.120,2.000,0.000,0.005,2.500,false,false,true,false,false,false
seal_jam_pan_removed,0.120,2.000,0.000,0.010,5.000,false,false,true,false,false,false
seal_jam_pan_removed,0.120,2.000,0.000,0.030,15.000,false,false,true,false,false,false
seal_jam_pan_removed,0.120,2.000,15.000,0.000,15.000,false,false,true,false,false,false
seal_jam_pan_removed,0.120,2.000,15.000,0.005,17.500,false,false,true,false,false,false
seal_jam_pan_removed,0.120,2.000,15.000,0.010,20.000,false,false,true,false,false,false
seal_jam_pan_removed,0.120,2.000,15.000,0.030,30.000,false,false,true,true,true,true
seal_jam_pan_removed,0.120,2.000,30.000,0.000,30.000,false,false,true,true,true,true
seal_jam_pan_removed,0.120,2.000,30.000,0.005,32.500,false,false,true,true,true,true
seal_jam_pan_removed,0.120,2.000,30.000,0.010,35.000,false,false,true,true,true,true
seal_jam_pan_removed,0.120,2.000,30.000,0.030,45.000,false,false,true,true,true,true
seal_jam_pan_removed,0.120,2.400,-30.000,0.000,-30.000,false,false,true,false,false,false
seal_jam_pan_removed,0.120,2.400,-30.000,0.005,-27.917,false,false,true,false,false,false
seal_jam_pan_removed,0.120,2.400,-30.000,0.010,-25.833,false,false,true,false,false,false
seal_jam_pan_removed,0.120,2.400,-30.000,0.030,-17.500,false,false,true,false,false,false
seal_jam_pan_removed,0.120,2.400,-15.000,0.000,-15.000,false,false,true,false,false,false
seal_jam_pan_removed,0.120,2.400,-15.000,0.005,-12.917,false,false,true,false,false,false
seal_jam_pan_removed,0.120,2.400,-15.000,0.010,-10.833,false,false,true,false,false,false
seal_jam_pan_removed,0.120,2.400,-15.000,0.030,-2.500,false,false,true,false,false,false
seal_jam_pan_removed,0.120,2.400,0.000,0.000,0.000,false,false,true,false,false,false
seal_jam_pan_removed,0.120,2.400,0.000,0.005,2.083,false,false,true,false,false,false
seal_jam_pan_removed,0.120,2.400,0.000,0.010,4.167,false,false,true,false,false,false
seal_jam_pan_removed,0.120,2.400,0.000,0.030,12.500,false,false,true,false,false,false
seal_jam_pan_removed,0.120,2.400,15.000,0.000,15.000,false,false,true,false,false,false
seal_jam_pan_removed,0.120,2.400,15.000,0.005,17.083,false,false,true,false,false,false
seal_jam_pan_removed,0.120,2.400,15.000,0.010,19.167,false,false,true,false,false,false
seal_jam_pan_removed,0.120,2.400,15.000,0.030,27.500,false,false,true,true,true,true
seal_jam_pan_removed,0.120,2.400,30.000,0.000,30.000,false,false,true,true,true,true
seal_jam_pan_removed,0.120,2.400,30.000,0.005,32.083,false,false,true,true,true,true
seal_jam_pan_removed,0.120,2.400,30.000,0.010,34.167,false,false,true,true,true,true
seal_jam_pan_removed,0.120,2.400,30.000,0.030,42.500,false,false,true,true,true,true
seal_jam_pan_removed,0.180,1.600,-30.000,0.000,-30.000,false,false,true,false,false,false
seal_jam_pan_removed,0.180,1.600,-30.000,0.005,-26.875,false,false,true,false,false,false
seal_jam_pan_removed,0.180,1.600,-30.000,0.010,-23.750,false,false,true,false,false,false
seal_jam_pan_removed,0.180,1.600,-30.000,0.030,-11.250,false,false,true,false,false,false
seal_jam_pan_removed,0.180,1.600,-15.000,0.000,-15.000,false,false,true,false,false,false
seal_jam_pan_removed,0.180,1.600,-15.000,0.005,-11.875,false,false,true,false,false,false
seal_jam_pan_removed,0.180,1.600,-15.000,0.010,-8.750,false,false,true,false,false,false
seal_jam_pan_removed,0.180,1.600,-15.000,0.030,3.750,false,false,true,false,false,false
seal_jam_pan_removed,0.180,1.600,0.000,0.000,0.000,false,false,true,false,false,false
seal_jam_pan_removed,0.180,1.600,0.000,0.005,3.125,false,false,true,false,false,false
seal_jam_pan_removed,0.180,1.600,0.000,0.010,6.250,false,false,true,false,false,false
seal_jam_pan_removed,0.180,1.600,0.000,0.030,18.750,false,false,true,false,false,false
seal_jam_pan_removed,0.180,1.600,15.000,0.000,15.000,false,false,true,false,false,false
seal_jam_pan_removed,0.180,1.600,15.000,0.005,18.125,false,false,true,false,false,false
seal_jam_pan_removed,0.180,1.600,15.000,0.010,21.250,false,false,true,false,false,false
seal_jam_pan_removed,0.180,1.600,15.000,0.030,33.750,false,false,true,true,true,true
seal_jam_pan_removed,0.180,1.600,30.000,0.000,30.000,false,false,true,true,true,true
seal_jam_pan_removed,0.180,1.600,30.000,0.005,33.125,false,false,true,true,true,true
seal_jam_pan_removed,0.180,1.600,30.000,0.010,36.250,false,false,true,true,true,true
seal_jam_pan_removed,0.180,1.600,30.000,0.030,48.750,false,false,true,true,true,true
seal_jam_pan_removed,0.180,2.000,-30.000,0.000,-30.000,false,false,true,false,false,false
seal_jam_pan_removed,0.180,2.000,-30.000,0.005,-27.500,false,false,true,false,false,false
seal_jam_pan_removed,0.180,2.000,-30.000,0.010,-25.000,false,false,true,false,false,false
seal_jam_pan_removed,0.180,2.000,-30.000,0.030,-15.000,false,false,true,false,false,false
seal_jam_pan_removed,0.180,2.000,-15.000,0.000,-15.000,false,false,true,false,false,false
seal_jam_pan_removed,0.180,2.000,-15.000,0.005,-12.500,false,false,true,false,false,false
seal_jam_pan_removed,0.180,2.000,-15.000,0.010,-10.000,false,false,true,false,false,false
seal_jam_pan_removed,0.180,2.000,-15.000,0.030,0.000,false,false,true,false,false,false
seal_jam_pan_removed,0.180,2.000,0.000,0.000,0.000,false,false,true,false,false,false
seal_jam_pan_removed,0.180,2.000,0.000,0.005,2.500,false,false,true,false,false,false
seal_jam_pan_removed,0.180,2.000,0.000,0.010,5.000,false,false,true,false,false,false
seal_jam_pan_removed,0.180,2.000,0.000,0.030,15.000,false,false,true,false,false,false
seal_jam_pan_removed,0.180,2.000,15.000,0.000,15.000,false,false,true,false,false,false
seal_jam_pan_removed,0.180,2.000,15.000,0.005,17.500,false,false,true,false,false,false
seal_jam_pan_removed,0.180,2.000,15.000,0.010,20.000,false,false,true,false,false,false
seal_jam_pan_removed,0.180,2.000,15.000,0.030,30.000,false,false,true,true,true,true
seal_jam_pan_removed,0.180,2.000,30.000,0.000,30.000,false,false,true,true,true,true
seal_jam_pan_removed,0.180,2.000,30.000,0.005,32.500,false,false,true,true,true,true
seal_jam_pan_removed,0.180,2.000,30.000,0.010,35.000,false,false,true,true,true,true
seal_jam_pan_removed,0.180,2.000,30.000,0.030,45.000,false,false,true,true,true,true
seal_jam_pan_removed,0.180,2.400,-30.000,0.000,-30.000,false,false,true,false,false,false
seal_jam_pan_removed,0.180,2.400,-30.000,0.005,-27.917,false,false,true,false,false,false
seal_jam_pan_removed,0.180,2.400,-30.000,0.010,-25.833,false,false,true,false,false,false
seal_jam_pan_removed,0.180,2.400,-30.000,0.030,-17.500,false,false,true,false,false,false
seal_jam_pan_removed,0.180,2.400,-15.000,0.000,-15.000,false,false,true,false,false,false
seal_jam_pan_removed,0.180,2.400,-15.000,0.005,-12.917,false,false,true,false,false,false
seal_jam_pan_removed,0.180,2.400,-15.000,0.010,-10.833,false,false,true,false,false,false
seal_jam_pan_removed,0.180,2.400,-15.000,0.030,-2.500,false,false,true,false,false,false
seal_jam_pan_removed,0.180,2.400,0.000,0.000,0.000,false,false,true,false,false,false
seal_jam_pan_removed,0.180,2.400,0.000,0.005,2.083,false,false,true,false,false,false
seal_jam_pan_removed,0.180,2.400,0.000,0.010,4.167,false,false,true,false,false,false
seal_jam_pan_removed,0.180,2.400,0.000,0.030,12.500,false,false,true,false,false,false
seal_jam_pan_removed,0.180,2.400,15.000,0.000,15.000,false,false,true,false,false,false
seal_jam_pan_removed,0.180,2.400,15.000,0.005,17.083,false,false,true,false,false,false
seal_jam_pan_removed,0.180,2.400,15.000,0.010,19.167,false,false,true,false,false,false
seal_jam_pan_removed,0.180,2.400,15.000,0.030,27.500,false,false,true,true,true,true
seal_jam_pan_removed,0.180,2.400,30.000,0.000,30.000,false,false,true,true,true,true
seal_jam_pan_removed,0.180,2.400,30.000,0.005,32.083,false,false,true,true,true,true
seal_jam_pan_removed,0.180,2.400,30.000,0.010,34.167,false,false,true,true,true,true
seal_jam_pan_removed,0.180,2.400,30.000,0.030,42.500,false,false,true,true,true,true
seal_jam_pan_removed,0.280,1.600,-30.000,0.000,-30.000,false,false,true,false,false,false
seal_jam_pan_removed,0.280,1.600,-30.000,0.005,-26.875,false,false,true,false,false,false
seal_jam_pan_removed,0.280,1.600,-30.000,0.010,-23.750,false,false,true,false,false,false
seal_jam_pan_removed,0.280,1.600,-30.000,0.030,-11.250,false,false,true,false,false,false
seal_jam_pan_removed,0.280,1.600,-15.000,0.000,-15.000,false,false,true,false,false,false
seal_jam_pan_removed,0.280,1.600,-15.000,0.005,-11.875,false,false,true,false,false,false
seal_jam_pan_removed,0.280,1.600,-15.000,0.010,-8.750,false,false,true,false,false,false
seal_jam_pan_removed,0.280,1.600,-15.000,0.030,3.750,false,false,true,false,false,false
seal_jam_pan_removed,0.280,1.600,0.000,0.000,0.000,false,false,true,false,false,false
seal_jam_pan_removed,0.280,1.600,0.000,0.005,3.125,false,false,true,false,false,false
seal_jam_pan_removed,0.280,1.600,0.000,0.010,6.250,false,false,true,false,false,false
seal_jam_pan_removed,0.280,1.600,0.000,0.030,18.750,false,false,true,false,false,false
seal_jam_pan_removed,0.280,1.600,15.000,0.000,15.000,false,false,true,false,false,false
seal_jam_pan_removed,0.280,1.600,15.000,0.005,18.125,false,false,true,false,false,false
seal_jam_pan_removed,0.280,1.600,15.000,0.010,21.250,false,false,true,false,false,false
seal_jam_pan_removed,0.280,1.600,15.000,0.030,33.750,false,false,true,true,true,true
seal_jam_pan_removed,0.280,1.600,30.000,0.000,30.000,false,false,true,true,true,true
seal_jam_pan_removed,0.280,1.600,30.000,0.005,33.125,false,false,true,true,true,true
seal_jam_pan_removed,0.280,1.600,30.000,0.010,36.250,false,false,true,true,true,true
seal_jam_pan_removed,0.280,1.600,30.000,0.030,48.750,false,false,true,true,true,true
seal_jam_pan_removed,0.280,2.000,-30.000,0.000,-30.000,false,false,true,false,false,false
seal_jam_pan_removed,0.280,2.000,-30.000,0.005,-27.500,false,false,true,false,false,false
seal_jam_pan_removed,0.280,2.000,-30.000,0.010,-25.000,false,false,true,false,false,false
seal_jam_pan_removed,0.280,2.000,-30.000,0.030,-15.000,false,false,true,false,false,false
seal_jam_pan_removed,0.280,2.000,-15.000,0.000,-15.000,false,false,true,false,false,false
seal_jam_pan_removed,0.280,2.000,-15.000,0.005,-12.500,false,false,true,false,false,false
seal_jam_pan_removed,0.280,2.000,-15.000,0.010,-10.000,false,false,true,false,false,false
seal_jam_pan_removed,0.280,2.000,-15.000,0.030,0.000,false,false,true,false,false,false
seal_jam_pan_removed,0.280,2.000,0.000,0.000,0.000,false,false,true,false,false,false
seal_jam_pan_removed,0.280,2.000,0.000,0.005,2.500,false,false,true,false,false,false
seal_jam_pan_removed,0.280,2.000,0.000,0.010,5.000,false,false,true,false,false,false
seal_jam_pan_removed,0.280,2.000,0.000,0.030,15.000,false,false,true,false,false,false
seal_jam_pan_removed,0.280,2.000,15.000,0.000,15.000,false,false,true,false,false,false
seal_jam_pan_removed,0.280,2.000,15.000,0.005,17.500,false,false,true,false,false,false
seal_jam_pan_removed,0.280,2.000,15.000,0.010,20.000,false,false,true,false,false,false
seal_jam_pan_removed,0.280,2.000,15.000,0.030,30.000,false,false,true,true,true,true
seal_jam_pan_removed,0.280,2.000,30.000,0.000,30.000,false,false,true,true,true,true
seal_jam_pan_removed,0.280,2.000,30.000,0.005,32.500,false,false,true,true,true,true
seal_jam_pan_removed,0.280,2.000,30.000,0.010,35.000,false,false,true,true,true,true
seal_jam_pan_removed,0.280,2.000,30.000,0.030,45.000,false,false,true,true,true,true
seal_jam_pan_removed,0.280,2.400,-30.000,0.000,-30.000,false,false,true,false,false,false
seal_jam_pan_removed,0.280,2.400,-30.000,0.005,-27.917,false,false,true,false,false,false
seal_jam_pan_removed,0.280,2.400,-30.000,0.010,-25.833,false,false,true,false,false,false
seal_jam_pan_removed,0.280,2.400,-30.000,0.030,-17.500,false,false,true,false,false,false
seal_jam_pan_removed,0.280,2.400,-15.000,0.000,-15.000,false,false,true,false,false,false
seal_jam_pan_removed,0.280,2.400,-15.000,0.005,-12.917,false,false,true,false,false,false
seal_jam_pan_removed,0.280,2.400,-15.000,0.010,-10.833,false,false,true,false,false,false
seal_jam_pan_removed,0.280,2.400,-15.000,0.030,-2.500,false,false,true,false,false,false
seal_jam_pan_removed,0.280,2.400,0.000,0.000,0.000,false,false,true,false,false,false
seal_jam_pan_removed,0.280,2.400,0.000,0.005,2.083,false,false,true,false,false,false
seal_jam_pan_removed,0.280,2.400,0.000,0.010,4.167,false,false,true,false,false,false
seal_jam_pan_removed,0.280,2.400,0.000,0.030,12.500,false,false,true,false,false,false
seal_jam_pan_removed,0.280,2.400,15.000,0.000,15.000,false,false,true,false,false,false
seal_jam_pan_removed,0.280,2.400,15.000,0.005,17.083,false,false,true,false,false,false
seal_jam_pan_removed,0.280,2.400,15.000,0.010,19.167,false,false,true,false,false,false
seal_jam_pan_removed,0.280,2.400,15.000,0.030,27.500,false,false,true,true,true,true
seal_jam_pan_removed,0.280,2.400,30.000,0.000,30.000,false,false,true,true,true,true
seal_jam_pan_removed,0.280,2.400,30.000,0.005,32.083,false,false,true,true,true,true
seal_jam_pan_removed,0.280,2.400,30.000,0.010,34.167,false,false,true,true,true,true
seal_jam_pan_removed,0.280,2.400,30.000,0.030,42.500,false,false,true,true,true,true
island_jam_pan_removed,0.080,1.600,-30.000,0.000,20.000,false,false,true,false,false,false
island_jam_pan_removed,0.080,1.600,-30.000,0.005,20.000,false,false,true,false,false,false
island_jam_pan_removed,0.080,1.600,-30.000,0.010,20.000,false,false,true,false,false,false
island_jam_pan_removed,0.080,1.600,-30.000,0.030,20.000,false,false,true,false,false,false
island_jam_pan_removed,0.080,1.600,-15.000,0.000,35.000,false,false,true,true,true,true
island_jam_pan_removed,0.080,1.600,-15.000,0.005,35.000,false,false,true,true,true,true
island_jam_pan_removed,0.080,1.600,-15.000,0.010,35.000,false,false,true,true,true,true
island_jam_pan_removed,0.080,1.600,-15.000,0.030,35.000,false,false,true,true,true,true
island_jam_pan_removed,0.080,1.600,0.000,0.000,50.000,false,false,true,true,true,true
island_jam_pan_removed,0.080,1.600,0.000,0.005,50.000,false,false,true,true,true,true
island_jam_pan_removed,0.080,1.600,0.000,0.010,50.000,false,false,true,true,true,true
island_jam_pan_removed,0.080,1.600,0.000,0.030,50.000,false,false,true,true,true,true
island_jam_pan_removed,0.080,1.600,15.000,0.000,65.000,false,false,true,true,true,true
island_jam_pan_removed,0.080,1.600,15.000,0.005,65.000,false,false,true,true,true,true
island_jam_pan_removed,0.080,1.600,15.000,0.010,65.000,false,false,true,true,true,true
island_jam_pan_removed,0.080,1.600,15.000,0.030,65.000,false,false,true,true,true,true
island_jam_pan_removed,0.080,1.600,30.000,0.000,80.000,false,false,true,true,true,true
island_jam_pan_removed,0.080,1.600,30.000,0.005,80.000,false,false,true,true,true,true
island_jam_pan_removed,0.080,1.600,30.000,0.010,80.000,false,false,true,true,true,true
island_jam_pan_removed,0.080,1.600,30.000,0.030,80.000,false,false,true,true,true,true
island_jam_pan_removed,0.080,2.000,-30.000,0.000,10.000,false,false,true,false,false,false
island_jam_pan_removed,0.080,2.000,-30.000,0.005,10.000,false,false,true,false,false,false
island_jam_pan_removed,0.080,2.000,-30.000,0.010,10.000,false,false,true,false,false,false
island_jam_pan_removed,0.080,2.000,-30.000,0.030,10.000,false,false,true,false,false,false
island_jam_pan_removed,0.080,2.000,-15.000,0.000,25.000,false,false,true,true,true,true
island_jam_pan_removed,0.080,2.000,-15.000,0.005,25.000,false,false,true,true,true,true
island_jam_pan_removed,0.080,2.000,-15.000,0.010,25.000,false,false,true,true,true,true
island_jam_pan_removed,0.080,2.000,-15.000,0.030,25.000,false,false,true,true,true,true
island_jam_pan_removed,0.080,2.000,0.000,0.000,40.000,false,false,true,true,true,true
island_jam_pan_removed,0.080,2.000,0.000,0.005,40.000,false,false,true,true,true,true
island_jam_pan_removed,0.080,2.000,0.000,0.010,40.000,false,false,true,true,true,true
island_jam_pan_removed,0.080,2.000,0.000,0.030,40.000,false,false,true,true,true,true
island_jam_pan_removed,0.080,2.000,15.000,0.000,55.000,false,false,true,true,true,true
island_jam_pan_removed,0.080,2.000,15.000,0.005,55.000,false,false,true,true,true,true
island_jam_pan_removed,0.080,2.000,15.000,0.010,55.000,false,false,true,true,true,true
island_jam_pan_removed,0.080,2.000,15.000,0.030,55.000,false,false,true,true,true,true
island_jam_pan_removed,0.080,2.000,30.000,0.000,70.000,false,false,true,true,true,true
island_jam_pan_removed,0.080,2.000,30.000,0.005,70.000,false,false,true,true,true,true
island_jam_pan_removed,0.080,2.000,30.000,0.010,70.000,false,false,true,true,true,true
island_jam_pan_removed,0.080,2.000,30.000,0.030,70.000,false,false,true,true,true,true
island_jam_pan_removed,0.080,2.400,-30.000,0.000,3.333,false,false,true,false,false,false
island_jam_pan_removed,0.080,2.400,-30.000,0.005,3.333,false,false,true,false,false,false
island_jam_pan_removed,0.080,2.400,-30.000,0.010,3.333,false,false,true,false,false,false
island_jam_pan_removed,0.080,2.400,-30.000,0.030,3.333,false,false,true,false,false,false
island_jam_pan_removed,0.080,2.400,-15.000,0.000,18.333,false,false,true,false,false,false
island_jam_pan_removed,0.080,2.400,-15.000,0.005,18.333,false,false,true,false,false,false
island_jam_pan_removed,0.080,2.400,-15.000,0.010,18.333,false,false,true,false,false,false
island_jam_pan_removed,0.080,2.400,-15.000,0.030,18.333,false,false,true,false,false,false
island_jam_pan_removed,0.080,2.400,0.000,0.000,33.333,false,false,true,true,true,true
island_jam_pan_removed,0.080,2.400,0.000,0.005,33.333,false,false,true,true,true,true
island_jam_pan_removed,0.080,2.400,0.000,0.010,33.333,false,false,true,true,true,true
island_jam_pan_removed,0.080,2.400,0.000,0.030,33.333,false,false,true,true,true,true
island_jam_pan_removed,0.080,2.400,15.000,0.000,48.333,false,false,true,true,true,true
island_jam_pan_removed,0.080,2.400,15.000,0.005,48.333,false,false,true,true,true,true
island_jam_pan_removed,0.080,2.400,15.000,0.010,48.333,false,false,true,true,true,true
island_jam_pan_removed,0.080,2.400,15.000,0.030,48.333,false,false,true,true,true,true
island_jam_pan_removed,0.080,2.400,30.000,0.000,63.333,false,false,true,true,true,true
island_jam_pan_removed,0.080,2.400,30.000,0.005,63.333,false,false,true,true,true,true
island_jam_pan_removed,0.080,2.400,30.000,0.010,63.333,false,false,true,true,true,true
island_jam_pan_removed,0.080,2.400,30.000,0.030,63.333,false,false,true,true,true,true
island_jam_pan_removed,0.100,1.600,-30.000,0.000,32.500,false,false,true,true,true,true
island_jam_pan_removed,0.100,1.600,-30.000,0.005,32.500,false,false,true,true,true,true
island_jam_pan_removed,0.100,1.600,-30.000,0.010,32.500,false,false,true,true,true,true
island_jam_pan_removed,0.100,1.600,-30.000,0.030,32.500,false,false,true,true,true,true
island_jam_pan_removed,0.100,1.600,-15.000,0.000,47.500,false,false,true,true,true,true
island_jam_pan_removed,0.100,1.600,-15.000,0.005,47.500,false,false,true,true,true,true
island_jam_pan_removed,0.100,1.600,-15.000,0.010,47.500,false,false,true,true,true,true
island_jam_pan_removed,0.100,1.600,-15.000,0.030,47.500,false,false,true,true,true,true
island_jam_pan_removed,0.100,1.600,0.000,0.000,62.500,false,false,true,true,true,true
island_jam_pan_removed,0.100,1.600,0.000,0.005,62.500,false,false,true,true,true,true
island_jam_pan_removed,0.100,1.600,0.000,0.010,62.500,false,false,true,true,true,true
island_jam_pan_removed,0.100,1.600,0.000,0.030,62.500,false,false,true,true,true,true
island_jam_pan_removed,0.100,1.600,15.000,0.000,77.500,false,false,true,true,true,true
island_jam_pan_removed,0.100,1.600,15.000,0.005,77.500,false,false,true,true,true,true
island_jam_pan_removed,0.100,1.600,15.000,0.010,77.500,false,false,true,true,true,true
island_jam_pan_removed,0.100,1.600,15.000,0.030,77.500,false,false,true,true,true,true
island_jam_pan_removed,0.100,1.600,30.000,0.000,92.500,false,false,true,true,true,true
island_jam_pan_removed,0.100,1.600,30.000,0.005,92.500,false,false,true,true,true,true
island_jam_pan_removed,0.100,1.600,30.000,0.010,92.500,false,false,true,true,true,true
island_jam_pan_removed,0.100,1.600,30.000,0.030,92.500,false,false,true,true,true,true
island_jam_pan_removed,0.100,2.000,-30.000,0.000,20.000,false,false,true,false,false,false
island_jam_pan_removed,0.100,2.000,-30.000,0.005,20.000,false,false,true,false,false,false
island_jam_pan_removed,0.100,2.000,-30.000,0.010,20.000,false,false,true,false,false,false
island_jam_pan_removed,0.100,2.000,-30.000,0.030,20.000,false,false,true,false,false,false
island_jam_pan_removed,0.100,2.000,-15.000,0.000,35.000,false,false,true,true,true,true
island_jam_pan_removed,0.100,2.000,-15.000,0.005,35.000,false,false,true,true,true,true
island_jam_pan_removed,0.100,2.000,-15.000,0.010,35.000,false,false,true,true,true,true
island_jam_pan_removed,0.100,2.000,-15.000,0.030,35.000,false,false,true,true,true,true
island_jam_pan_removed,0.100,2.000,0.000,0.000,50.000,false,false,true,true,true,true
island_jam_pan_removed,0.100,2.000,0.000,0.005,50.000,false,false,true,true,true,true
island_jam_pan_removed,0.100,2.000,0.000,0.010,50.000,false,false,true,true,true,true
island_jam_pan_removed,0.100,2.000,0.000,0.030,50.000,false,false,true,true,true,true
island_jam_pan_removed,0.100,2.000,15.000,0.000,65.000,false,false,true,true,true,true
island_jam_pan_removed,0.100,2.000,15.000,0.005,65.000,false,false,true,true,true,true
island_jam_pan_removed,0.100,2.000,15.000,0.010,65.000,false,false,true,true,true,true
island_jam_pan_removed,0.100,2.000,15.000,0.030,65.000,false,false,true,true,true,true
island_jam_pan_removed,0.100,2.000,30.000,0.000,80.000,false,false,true,true,true,true
island_jam_pan_removed,0.100,2.000,30.000,0.005,80.000,false,false,true,true,true,true
island_jam_pan_removed,0.100,2.000,30.000,0.010,80.000,false,false,true,true,true,true
island_jam_pan_removed,0.100,2.000,30.000,0.030,80.000,false,false,true,true,true,true
island_jam_pan_removed,0.100,2.400,-30.000,0.000,11.667,false,false,true,false,false,false
island_jam_pan_removed,0.100,2.400,-30.000,0.005,11.667,false,false,true,false,false,false
island_jam_pan_removed,0.100,2.400,-30.000,0.010,11.667,false,false,true,false,false,false
island_jam_pan_removed,0.100,2.400,-30.000,0.030,11.667,false,false,true,false,false,false
island_jam_pan_removed,0.100,2.400,-15.000,0.000,26.667,false,false,true,true,true,true
island_jam_pan_removed,0.100,2.400,-15.000,0.005,26.667,false,false,true,true,true,true
island_jam_pan_removed,0.100,2.400,-15.000,0.010,26.667,false,false,true,true,true,true
island_jam_pan_removed,0.100,2.400,-15.000,0.030,26.667,false,false,true,true,true,true
island_jam_pan_removed,0.100,2.400,0.000,0.000,41.667,false,false,true,true,true,true
island_jam_pan_removed,0.100,2.400,0.000,0.005,41.667,false,false,true,true,true,true
island_jam_pan_removed,0.100,2.400,0.000,0.010,41.667,false,false,true,true,true,true
island_jam_pan_removed,0.100,2.400,0.000,0.030,41.667,false,false,true,true,true,true
island_jam_pan_removed,0.100,2.400,15.000,0.000,56.667,false,false,true,true,true,true
island_jam_pan_removed,0.100,2.400,15.000,0.005,56.667,false,false,true,true,true,true
island_jam_pan_removed,0.100,2.400,15.000,0.010,56.667,false,false,true,true,true,true
island_jam_pan_removed,0.100,2.400,15.000,0.030,56.667,false,false,true,true,true,true
island_jam_pan_removed,0.100,2.400,30.000,0.000,71.667,false,false,true,true,true,true
island_jam_pan_removed,0.100,2.400,30.000,0.005,71.667,false,false,true,true,true,true
island_jam_pan_removed,0.100,2.400,30.000,0.010,71.667,false,false,true,true,true,true
island_jam_pan_removed,0.100,2.400,30.000,0.030,71.667,false,false,true,true,true,true
island_jam_pan_removed,0.120,1.600,-30.000,0.000,45.000,false,false,true,true,true,true
island_jam_pan_removed,0.120,1.600,-30.000,0.005,45.000,false,false,true,true,true,true
island_jam_pan_removed,0.120,1.600,-30.000,0.010,45.000,false,false,true,true,true,true
island_jam_pan_removed,0.120,1.600,-30.000,0.030,45.000,false,false,true,true,true,true
island_jam_pan_removed,0.120,1.600,-15.000,0.000,60.000,false,false,true,true,true,true
island_jam_pan_removed,0.120,1.600,-15.000,0.005,60.000,false,false,true,true,true,true
island_jam_pan_removed,0.120,1.600,-15.000,0.010,60.000,false,false,true,true,true,true
island_jam_pan_removed,0.120,1.600,-15.000,0.030,60.000,false,false,true,true,true,true
island_jam_pan_removed,0.120,1.600,0.000,0.000,75.000,false,false,true,true,true,true
island_jam_pan_removed,0.120,1.600,0.000,0.005,75.000,false,false,true,true,true,true
island_jam_pan_removed,0.120,1.600,0.000,0.010,75.000,false,false,true,true,true,true
island_jam_pan_removed,0.120,1.600,0.000,0.030,75.000,false,false,true,true,true,true
island_jam_pan_removed,0.120,1.600,15.000,0.000,90.000,false,false,true,true,true,true
island_jam_pan_removed,0.120,1.600,15.000,0.005,90.000,false,false,true,true,true,true
island_jam_pan_removed,0.120,1.600,15.000,0.010,90.000,false,false,true,true,true,true
island_jam_pan_removed,0.120,1.600,15.000,0.030,90.000,false,false,true,true,true,true
island_jam_pan_removed,0.120,1.600,30.000,0.000,105.000,false,false,true,true,true,true
island_jam_pan_removed,0.120,1.600,30.000,0.005,105.000,false,false,true,true,true,true
island_jam_pan_removed,0.120,1.600,30.000,0.010,105.000,false,false,true,true,true,true
island_jam_pan_removed,0.120,1.600,30.000,0.030,105.000,false,false,true,true,true,true
island_jam_pan_removed,0.120,2.000,-30.000,0.000,30.000,false,false,true,true,true,true
island_jam_pan_removed,0.120,2.000,-30.000,0.005,30.000,false,false,true,true,true,true
island_jam_pan_removed,0.120,2.000,-30.000,0.010,30.000,false,false,true,true,true,true
island_jam_pan_removed,0.120,2.000,-30.000,0.030,30.000,false,false,true,true,true,true
island_jam_pan_removed,0.120,2.000,-15.000,0.000,45.000,false,false,true,true,true,true
island_jam_pan_removed,0.120,2.000,-15.000,0.005,45.000,false,false,true,true,true,true
island_jam_pan_removed,0.120,2.000,-15.000,0.010,45.000,false,false,true,true,true,true
island_jam_pan_removed,0.120,2.000,-15.000,0.030,45.000,false,false,true,true,true,true
island_jam_pan_removed,0.120,2.000,0.000,0.000,60.000,false,false,true,true,true,true
island_jam_pan_removed,0.120,2.000,0.000,0.005,60.000,false,false,true,true,true,true
island_jam_pan_removed,0.120,2.000,0.000,0.010,60.000,false,false,true,true,true,true
island_jam_pan_removed,0.120,2.000,0.000,0.030,60.000,false,false,true,true,true,true
island_jam_pan_removed,0.120,2.000,15.000,0.000,75.000,false,false,true,true,true,true
island_jam_pan_removed,0.120,2.000,15.000,0.005,75.000,false,false,true,true,true,true
island_jam_pan_removed,0.120,2.000,15.000,0.010,75.000,false,false,true,true,true,true
island_jam_pan_removed,0.120,2.000,15.000,0.030,75.000,false,false,true,true,true,true
island_jam_pan_removed,0.120,2.000,30.000,0.000,90.000,false,false,true,true,true,true
island_jam_pan_removed,0.120,2.000,30.000,0.005,90.000,false,false,true,true,true,true
island_jam_pan_removed,0.120,2.000,30.000,0.010,90.000,false,false,true,true,true,true
island_jam_pan_removed,0.120,2.000,30.000,0.030,90.000,false,false,true,true,true,true
island_jam_pan_removed,0.120,2.400,-30.000,0.000,20.000,false,false,true,false,false,false
island_jam_pan_removed,0.120,2.400,-30.000,0.005,20.000,false,false,true,false,false,false
island_jam_pan_removed,0.120,2.400,-30.000,0.010,20.000,false,false,true,false,false,false
island_jam_pan_removed,0.120,2.400,-30.000,0.030,20.000,false,false,true,false,false,false
island_jam_pan_removed,0.120,2.400,-15.000,0.000,35.000,false,false,true,true,true,true
island_jam_pan_removed,0.120,2.400,-15.000,0.005,35.000,false,false,true,true,true,true
island_jam_pan_removed,0.120,2.400,-15.000,0.010,35.000,false,false,true,true,true,true
island_jam_pan_removed,0.120,2.400,-15.000,0.030,35.000,false,false,true,true,true,true
island_jam_pan_removed,0.120,2.400,0.000,0.000,50.000,false,false,true,true,true,true
island_jam_pan_removed,0.120,2.400,0.000,0.005,50.000,false,false,true,true,true,true
island_jam_pan_removed,0.120,2.400,0.000,0.010,50.000,false,false,true,true,true,true
island_jam_pan_removed,0.120,2.400,0.000,0.030,50.000,false,false,true,true,true,true
island_jam_pan_removed,0.120,2.400,15.000,0.000,65.000,false,false,true,true,true,true
island_jam_pan_removed,0.120,2.400,15.000,0.005,65.000,false,false,true,true,true,true
island_jam_pan_removed,0.120,2.400,15.000,0.010,65.000,false,false,true,true,true,true
island_jam_pan_removed,0.120,2.400,15.000,0.030,65.000,false,false,true,true,true,true
island_jam_pan_removed,0.120,2.400,30.000,0.000,80.000,false,false,true,true,true,true
island_jam_pan_removed,0.120,2.400,30.000,0.005,80.000,false,false,true,true,true,true
island_jam_pan_removed,0.120,2.400,30.000,0.010,80.000,false,false,true,true,true,true
island_jam_pan_removed,0.120,2.400,30.000,0.030,80.000,false,false,true,true,true,true
island_jam_pan_removed,0.180,1.600,-30.000,0.000,82.500,false,false,true,true,true,true
island_jam_pan_removed,0.180,1.600,-30.000,0.005,82.500,false,false,true,true,true,true
island_jam_pan_removed,0.180,1.600,-30.000,0.010,82.500,false,false,true,true,true,true
island_jam_pan_removed,0.180,1.600,-30.000,0.030,82.500,false,false,true,true,true,true
island_jam_pan_removed,0.180,1.600,-15.000,0.000,97.500,false,false,true,true,true,true
island_jam_pan_removed,0.180,1.600,-15.000,0.005,97.500,false,false,true,true,true,true
island_jam_pan_removed,0.180,1.600,-15.000,0.010,97.500,false,false,true,true,true,true
island_jam_pan_removed,0.180,1.600,-15.000,0.030,97.500,false,false,true,true,true,true
island_jam_pan_removed,0.180,1.600,0.000,0.000,112.500,false,false,true,true,true,true
island_jam_pan_removed,0.180,1.600,0.000,0.005,112.500,false,false,true,true,true,true
island_jam_pan_removed,0.180,1.600,0.000,0.010,112.500,false,false,true,true,true,true
island_jam_pan_removed,0.180,1.600,0.000,0.030,112.500,false,false,true,true,true,true
island_jam_pan_removed,0.180,1.600,15.000,0.000,127.500,false,false,true,true,true,true
island_jam_pan_removed,0.180,1.600,15.000,0.005,127.500,false,false,true,true,true,true
island_jam_pan_removed,0.180,1.600,15.000,0.010,127.500,false,false,true,true,true,true
island_jam_pan_removed,0.180,1.600,15.000,0.030,127.500,false,false,true,true,true,true
island_jam_pan_removed,0.180,1.600,30.000,0.000,142.500,false,false,true,true,true,true
island_jam_pan_removed,0.180,1.600,30.000,0.005,142.500,false,false,true,true,true,true
island_jam_pan_removed,0.180,1.600,30.000,0.010,142.500,false,false,true,true,true,true
island_jam_pan_removed,0.180,1.600,30.000,0.030,142.500,false,false,true,true,true,true
island_jam_pan_removed,0.180,2.000,-30.000,0.000,60.000,false,false,true,true,true,true
island_jam_pan_removed,0.180,2.000,-30.000,0.005,60.000,false,false,true,true,true,true
island_jam_pan_removed,0.180,2.000,-30.000,0.010,60.000,false,false,true,true,true,true
island_jam_pan_removed,0.180,2.000,-30.000,0.030,60.000,false,false,true,true,true,true
island_jam_pan_removed,0.180,2.000,-15.000,0.000,75.000,false,false,true,true,true,true
island_jam_pan_removed,0.180,2.000,-15.000,0.005,75.000,false,false,true,true,true,true
island_jam_pan_removed,0.180,2.000,-15.000,0.010,75.000,false,false,true,true,true,true
island_jam_pan_removed,0.180,2.000,-15.000,0.030,75.000,false,false,true,true,true,true
island_jam_pan_removed,0.180,2.000,0.000,0.000,90.000,false,false,true,true,true,true
island_jam_pan_removed,0.180,2.000,0.000,0.005,90.000,false,false,true,true,true,true
island_jam_pan_removed,0.180,2.000,0.000,0.010,90.000,false,false,true,true,true,true
island_jam_pan_removed,0.180,2.000,0.000,0.030,90.000,false,false,true,true,true,true
island_jam_pan_removed,0.180,2.000,15.000,0.000,105.000,false,false,true,true,true,true
island_jam_pan_removed,0.180,2.000,15.000,0.005,105.000,false,false,true,true,true,true
island_jam_pan_removed,0.180,2.000,15.000,0.010,105.000,false,false,true,true,true,true
island_jam_pan_removed,0.180,2.000,15.000,0.030,105.000,false,false,true,true,true,true
island_jam_pan_removed,0.180,2.000,30.000,0.000,120.000,false,false,true,true,true,true
island_jam_pan_removed,0.180,2.000,30.000,0.005,120.000,false,false,true,true,true,true
island_jam_pan_removed,0.180,2.000,30.000,0.010,120.000,false,false,true,true,true,true
island_jam_pan_removed,0.180,2.000,30.000,0.030,120.000,false,false,true,true,true,true
island_jam_pan_removed,0.180,2.400,-30.000,0.000,45.000,false,false,true,true,true,true
island_jam_pan_removed,0.180,2.400,-30.000,0.005,45.000,false,false,true,true,true,true
island_jam_pan_removed,0.180,2.400,-30.000,0.010,45.000,false,false,true,true,true,true
island_jam_pan_removed,0.180,2.400,-30.000,0.030,45.000,false,false,true,true,true,true
island_jam_pan_removed,0.180,2.400,-15.000,0.000,60.000,false,false,true,true,true,true
island_jam_pan_removed,0.180,2.400,-15.000,0.005,60.000,false,false,true,true,true,true
island_jam_pan_removed,0.180,2.400,-15.000,0.010,60.000,false,false,true,true,true,true
island_jam_pan_removed,0.180,2.400,-15.000,0.030,60.000,false,false,true,true,true,true
island_jam_pan_removed,0.180,2.400,0.000,0.000,75.000,false,false,true,true,true,true
island_jam_pan_removed,0.180,2.400,0.000,0.005,75.000,false,false,true,true,true,true
island_jam_pan_removed,0.180,2.400,0.000,0.010,75.000,false,false,true,true,true,true
island_jam_pan_removed,0.180,2.400,0.000,0.030,75.000,false,false,true,true,true,true
island_jam_pan_removed,0.180,2.400,15.000,0.000,90.000,false,false,true,true,true,true
island_jam_pan_removed,0.180,2.400,15.000,0.005,90.000,false,false,true,true,true,true
island_jam_pan_removed,0.180,2.400,15.000,0.010,90.000,false,false,true,true,true,true
island_jam_pan_removed,0.180,2.400,15.000,0.030,90.000,false,false,true,true,true,true
island_jam_pan_removed,0.180,2.400,30.000,0.000,105.000,false,false,true,true,true,true
island_jam_pan_removed,0.180,2.400,30.000,0.005,105.000,false,false,true,true,true,true
island_jam_pan_removed,0.180,2.400,30.000,0.010,105.000,false,false,true,true,true,true
island_jam_pan_removed,0.180,2.400,30.000,0.030,105.000,false,false,true,true,true,true
island_jam_pan_removed,0.280,1.600,-30.000,0.000,145.000,false,false,true,true,true,true
island_jam_pan_removed,0.280,1.600,-30.000,0.005,145.000,false,false,true,true,true,true
island_jam_pan_removed,0.280,1.600,-30.000,0.010,145.000,false,false,true,true,true,true
island_jam_pan_removed,0.280,1.600,-30.000,0.030,145.000,false,false,true,true,true,true
island_jam_pan_removed,0.280,1.600,-15.000,0.000,160.000,false,false,true,true,true,true
island_jam_pan_removed,0.280,1.600,-15.000,0.005,160.000,false,false,true,true,true,true
island_jam_pan_removed,0.280,1.600,-15.000,0.010,160.000,false,false,true,true,true,true
island_jam_pan_removed,0.280,1.600,-15.000,0.030,160.000,false,false,true,true,true,true
island_jam_pan_removed,0.280,1.600,0.000,0.000,175.000,false,false,true,true,true,true
island_jam_pan_removed,0.280,1.600,0.000,0.005,175.000,false,false,true,true,true,true
island_jam_pan_removed,0.280,1.600,0.000,0.010,175.000,false,false,true,true,true,true
island_jam_pan_removed,0.280,1.600,0.000,0.030,175.000,false,false,true,true,true,true
island_jam_pan_removed,0.280,1.600,15.000,0.000,190.000,false,false,true,true,true,true
island_jam_pan_removed,0.280,1.600,15.000,0.005,190.000,false,false,true,true,true,true
island_jam_pan_removed,0.280,1.600,15.000,0.010,190.000,false,false,true,true,true,true
island_jam_pan_removed,0.280,1.600,15.000,0.030,190.000,false,false,true,true,true,true
island_jam_pan_removed,0.280,1.600,30.000,0.000,205.000,false,false,true,true,true,true
island_jam_pan_removed,0.280,1.600,30.000,0.005,205.000,false,false,true,true,true,true
island_jam_pan_removed,0.280,1.600,30.000,0.010,205.000,false,false,true,true,true,true
island_jam_pan_removed,0.280,1.600,30.000,0.030,205.000,false,false,true,true,true,true
island_jam_pan_removed,0.280,2.000,-30.000,0.000,110.000,false,false,true,true,true,true
island_jam_pan_removed,0.280,2.000,-30.000,0.005,110.000,false,false,true,true,true,true
island_jam_pan_removed,0.280,2.000,-30.000,0.010,110.000,false,false,true,true,true,true
island_jam_pan_removed,0.280,2.000,-30.000,0.030,110.000,false,false,true,true,true,true
island_jam_pan_removed,0.280,2.000,-15.000,0.000,125.000,false,false,true,true,true,true
island_jam_pan_removed,0.280,2.000,-15.000,0.005,125.000,false,false,true,true,true,true
island_jam_pan_removed,0.280,2.000,-15.000,0.010,125.000,false,false,true,true,true,true
island_jam_pan_removed,0.280,2.000,-15.000,0.030,125.000,false,false,true,true,true,true
island_jam_pan_removed,0.280,2.000,0.000,0.000,140.000,false,false,true,true,true,true
island_jam_pan_removed,0.280,2.000,0.000,0.005,140.000,false,false,true,true,true,true
island_jam_pan_removed,0.280,2.000,0.000,0.010,140.000,false,false,true,true,true,true
island_jam_pan_removed,0.280,2.000,0.000,0.030,140.000,false,false,true,true,true,true
island_jam_pan_removed,0.280,2.000,15.000,0.000,155.000,false,false,true,true,true,true
island_jam_pan_removed,0.280,2.000,15.000,0.005,155.000,false,false,true,true,true,true
island_jam_pan_removed,0.280,2.000,15.000,0.010,155.000,false,false,true,true,true,true
island_jam_pan_removed,0.280,2.000,15.000,0.030,155.000,false,false,true,true,true,true
island_jam_pan_removed,0.280,2.000,30.000,0.000,170.000,false,false,true,true,true,true
island_jam_pan_removed,0.280,2.000,30.000,0.005,170.000,false,false,true,true,true,true
island_jam_pan_removed,0.280,2.000,30.000,0.010,170.000,false,false,true,true,true,true
island_jam_pan_removed,0.280,2.000,30.000,0.030,170.000,false,false,true,true,true,true
island_jam_pan_removed,0.280,2.400,-30.000,0.000,86.667,false,false,true,true,true,true
island_jam_pan_removed,0.280,2.400,-30.000,0.005,86.667,false,false,true,true,true,true
island_jam_pan_removed,0.280,2.400,-30.000,0.010,86.667,false,false,true,true,true,true
island_jam_pan_removed,0.280,2.400,-30.000,0.030,86.667,false,false,true,true,true,true
island_jam_pan_removed,0.280,2.400,-15.000,0.000,101.667,false,false,true,true,true,true
island_jam_pan_removed,0.280,2.400,-15.000,0.005,101.667,false,false,true,true,true,true
island_jam_pan_removed,0.280,2.400,-15.000,0.010,101.667,false,false,true,true,true,true
island_jam_pan_removed,0.280,2.400,-15.000,0.030,101.667,false,false,true,true,true,true
island_jam_pan_removed,0.280,2.400,0.000,0.000,116.667,false,false,true,true,true,true
island_jam_pan_removed,0.280,2.400,0.000,0.005,116.667,false,false,true,true,true,true
island_jam_pan_removed,0.280,2.400,0.000,0.010,116.667,false,false,true,true,true,true
island_jam_pan_removed,0.280,2.400,0.000,0.030,116.667,false,false,true,true,true,true
island_jam_pan_removed,0.280,2.400,15.000,0.000,131.667,false,false,true,true,true,true
island_jam_pan_removed,0.280,2.400,15.000,0.005,131.667,false,false,true,true,true,true
island_jam_pan_removed,0.280,2.400,15.000,0.010,131.667,false,false,true,true,true,true
island_jam_pan_removed,0.280,2.400,15.000,0.030,131.667,false,false,true,true,true,true
island_jam_pan_removed,0.280,2.400,30.000,0.000,146.667,false,false,true,true,true,true
island_jam_pan_removed,0.280,2.400,30.000,0.005,146.667,false,false,true,true,true,true
island_jam_pan_removed,0.280,2.400,30.000,0.010,146.667,false,false,true,true,true,true
island_jam_pan_removed,0.280,2.400,30.000,0.030,146.667,false,false,true,true,true,true
insulating_debris,0.080,1.600,-30.000,0.000,20.000,true,false,true,false,false,false
insulating_debris,0.080,1.600,-30.000,0.005,20.000,true,false,true,false,false,false
insulating_debris,0.080,1.600,-30.000,0.010,20.000,true,false,true,false,false,false
insulating_debris,0.080,1.600,-30.000,0.030,20.000,true,false,true,false,false,false
insulating_debris,0.080,1.600,-15.000,0.000,35.000,true,false,true,true,false,true
insulating_debris,0.080,1.600,-15.000,0.005,35.000,true,false,true,true,false,true
insulating_debris,0.080,1.600,-15.000,0.010,35.000,true,false,true,true,false,true
insulating_debris,0.080,1.600,-15.000,0.030,35.000,true,false,true,true,false,true
insulating_debris,0.080,1.600,0.000,0.000,50.000,true,false,true,true,false,true
insulating_debris,0.080,1.600,0.000,0.005,50.000,true,false,true,true,false,true
insulating_debris,0.080,1.600,0.000,0.010,50.000,true,false,true,true,false,true
insulating_debris,0.080,1.600,0.000,0.030,50.000,true,false,true,true,false,true
insulating_debris,0.080,1.600,15.000,0.000,65.000,true,false,true,true,false,true
insulating_debris,0.080,1.600,15.000,0.005,65.000,true,false,true,true,false,true
insulating_debris,0.080,1.600,15.000,0.010,65.000,true,false,true,true,false,true
insulating_debris,0.080,1.600,15.000,0.030,65.000,true,false,true,true,false,true
insulating_debris,0.080,1.600,30.000,0.000,80.000,true,false,true,true,false,true
insulating_debris,0.080,1.600,30.000,0.005,80.000,true,false,true,true,false,true
insulating_debris,0.080,1.600,30.000,0.010,80.000,true,false,true,true,false,true
insulating_debris,0.080,1.600,30.000,0.030,80.000,true,false,true,true,false,true
insulating_debris,0.080,2.000,-30.000,0.000,10.000,true,false,true,false,false,false
insulating_debris,0.080,2.000,-30.000,0.005,10.000,true,false,true,false,false,false
insulating_debris,0.080,2.000,-30.000,0.010,10.000,true,false,true,false,false,false
insulating_debris,0.080,2.000,-30.000,0.030,10.000,true,false,true,false,false,false
insulating_debris,0.080,2.000,-15.000,0.000,25.000,true,false,true,true,false,true
insulating_debris,0.080,2.000,-15.000,0.005,25.000,true,false,true,true,false,true
insulating_debris,0.080,2.000,-15.000,0.010,25.000,true,false,true,true,false,true
insulating_debris,0.080,2.000,-15.000,0.030,25.000,true,false,true,true,false,true
insulating_debris,0.080,2.000,0.000,0.000,40.000,true,false,true,true,false,true
insulating_debris,0.080,2.000,0.000,0.005,40.000,true,false,true,true,false,true
insulating_debris,0.080,2.000,0.000,0.010,40.000,true,false,true,true,false,true
insulating_debris,0.080,2.000,0.000,0.030,40.000,true,false,true,true,false,true
insulating_debris,0.080,2.000,15.000,0.000,55.000,true,false,true,true,false,true
insulating_debris,0.080,2.000,15.000,0.005,55.000,true,false,true,true,false,true
insulating_debris,0.080,2.000,15.000,0.010,55.000,true,false,true,true,false,true
insulating_debris,0.080,2.000,15.000,0.030,55.000,true,false,true,true,false,true
insulating_debris,0.080,2.000,30.000,0.000,70.000,true,false,true,true,false,true
insulating_debris,0.080,2.000,30.000,0.005,70.000,true,false,true,true,false,true
insulating_debris,0.080,2.000,30.000,0.010,70.000,true,false,true,true,false,true
insulating_debris,0.080,2.000,30.000,0.030,70.000,true,false,true,true,false,true
insulating_debris,0.080,2.400,-30.000,0.000,3.333,true,false,true,false,false,false
insulating_debris,0.080,2.400,-30.000,0.005,3.333,true,false,true,false,false,false
insulating_debris,0.080,2.400,-30.000,0.010,3.333,true,false,true,false,false,false
insulating_debris,0.080,2.400,-30.000,0.030,3.333,true,false,true,false,false,false
insulating_debris,0.080,2.400,-15.000,0.000,18.333,true,false,true,false,false,false
insulating_debris,0.080,2.400,-15.000,0.005,18.333,true,false,true,false,false,false
insulating_debris,0.080,2.400,-15.000,0.010,18.333,true,false,true,false,false,false
insulating_debris,0.080,2.400,-15.000,0.030,18.333,true,false,true,false,false,false
insulating_debris,0.080,2.400,0.000,0.000,33.333,true,false,true,true,false,true
insulating_debris,0.080,2.400,0.000,0.005,33.333,true,false,true,true,false,true
insulating_debris,0.080,2.400,0.000,0.010,33.333,true,false,true,true,false,true
insulating_debris,0.080,2.400,0.000,0.030,33.333,true,false,true,true,false,true
insulating_debris,0.080,2.400,15.000,0.000,48.333,true,false,true,true,false,true
insulating_debris,0.080,2.400,15.000,0.005,48.333,true,false,true,true,false,true
insulating_debris,0.080,2.400,15.000,0.010,48.333,true,false,true,true,false,true
insulating_debris,0.080,2.400,15.000,0.030,48.333,true,false,true,true,false,true
insulating_debris,0.080,2.400,30.000,0.000,63.333,true,false,true,true,false,true
insulating_debris,0.080,2.400,30.000,0.005,63.333,true,false,true,true,false,true
insulating_debris,0.080,2.400,30.000,0.010,63.333,true,false,true,true,false,true
insulating_debris,0.080,2.400,30.000,0.030,63.333,true,false,true,true,false,true
insulating_debris,0.100,1.600,-30.000,0.000,32.500,true,false,true,true,false,true
insulating_debris,0.100,1.600,-30.000,0.005,32.500,true,false,true,true,false,true
insulating_debris,0.100,1.600,-30.000,0.010,32.500,true,false,true,true,false,true
insulating_debris,0.100,1.600,-30.000,0.030,32.500,true,false,true,true,false,true
insulating_debris,0.100,1.600,-15.000,0.000,47.500,true,false,true,true,false,true
insulating_debris,0.100,1.600,-15.000,0.005,47.500,true,false,true,true,false,true
insulating_debris,0.100,1.600,-15.000,0.010,47.500,true,false,true,true,false,true
insulating_debris,0.100,1.600,-15.000,0.030,47.500,true,false,true,true,false,true
insulating_debris,0.100,1.600,0.000,0.000,62.500,true,false,true,true,false,true
insulating_debris,0.100,1.600,0.000,0.005,62.500,true,false,true,true,false,true
insulating_debris,0.100,1.600,0.000,0.010,62.500,true,false,true,true,false,true
insulating_debris,0.100,1.600,0.000,0.030,62.500,true,false,true,true,false,true
insulating_debris,0.100,1.600,15.000,0.000,77.500,true,false,true,true,false,true
insulating_debris,0.100,1.600,15.000,0.005,77.500,true,false,true,true,false,true
insulating_debris,0.100,1.600,15.000,0.010,77.500,true,false,true,true,false,true
insulating_debris,0.100,1.600,15.000,0.030,77.500,true,false,true,true,false,true
insulating_debris,0.100,1.600,30.000,0.000,92.500,true,false,true,true,false,true
insulating_debris,0.100,1.600,30.000,0.005,92.500,true,false,true,true,false,true
insulating_debris,0.100,1.600,30.000,0.010,92.500,true,false,true,true,false,true
insulating_debris,0.100,1.600,30.000,0.030,92.500,true,false,true,true,false,true
insulating_debris,0.100,2.000,-30.000,0.000,20.000,true,false,true,false,false,false
insulating_debris,0.100,2.000,-30.000,0.005,20.000,true,false,true,false,false,false
insulating_debris,0.100,2.000,-30.000,0.010,20.000,true,false,true,false,false,false
insulating_debris,0.100,2.000,-30.000,0.030,20.000,true,false,true,false,false,false
insulating_debris,0.100,2.000,-15.000,0.000,35.000,true,false,true,true,false,true
insulating_debris,0.100,2.000,-15.000,0.005,35.000,true,false,true,true,false,true
insulating_debris,0.100,2.000,-15.000,0.010,35.000,true,false,true,true,false,true
insulating_debris,0.100,2.000,-15.000,0.030,35.000,true,false,true,true,false,true
insulating_debris,0.100,2.000,0.000,0.000,50.000,true,false,true,true,false,true
insulating_debris,0.100,2.000,0.000,0.005,50.000,true,false,true,true,false,true
insulating_debris,0.100,2.000,0.000,0.010,50.000,true,false,true,true,false,true
insulating_debris,0.100,2.000,0.000,0.030,50.000,true,false,true,true,false,true
insulating_debris,0.100,2.000,15.000,0.000,65.000,true,false,true,true,false,true
insulating_debris,0.100,2.000,15.000,0.005,65.000,true,false,true,true,false,true
insulating_debris,0.100,2.000,15.000,0.010,65.000,true,false,true,true,false,true
insulating_debris,0.100,2.000,15.000,0.030,65.000,true,false,true,true,false,true
insulating_debris,0.100,2.000,30.000,0.000,80.000,true,false,true,true,false,true
insulating_debris,0.100,2.000,30.000,0.005,80.000,true,false,true,true,false,true
insulating_debris,0.100,2.000,30.000,0.010,80.000,true,false,true,true,false,true
insulating_debris,0.100,2.000,30.000,0.030,80.000,true,false,true,true,false,true
insulating_debris,0.100,2.400,-30.000,0.000,11.667,true,false,true,false,false,false
insulating_debris,0.100,2.400,-30.000,0.005,11.667,true,false,true,false,false,false
insulating_debris,0.100,2.400,-30.000,0.010,11.667,true,false,true,false,false,false
insulating_debris,0.100,2.400,-30.000,0.030,11.667,true,false,true,false,false,false
insulating_debris,0.100,2.400,-15.000,0.000,26.667,true,false,true,true,false,true
insulating_debris,0.100,2.400,-15.000,0.005,26.667,true,false,true,true,false,true
insulating_debris,0.100,2.400,-15.000,0.010,26.667,true,false,true,true,false,true
insulating_debris,0.100,2.400,-15.000,0.030,26.667,true,false,true,true,false,true
insulating_debris,0.100,2.400,0.000,0.000,41.667,true,false,true,true,false,true
insulating_debris,0.100,2.400,0.000,0.005,41.667,true,false,true,true,false,true
insulating_debris,0.100,2.400,0.000,0.010,41.667,true,false,true,true,false,true
insulating_debris,0.100,2.400,0.000,0.030,41.667,true,false,true,true,false,true
insulating_debris,0.100,2.400,15.000,0.000,56.667,true,false,true,true,false,true
insulating_debris,0.100,2.400,15.000,0.005,56.667,true,false,true,true,false,true
insulating_debris,0.100,2.400,15.000,0.010,56.667,true,false,true,true,false,true
insulating_debris,0.100,2.400,15.000,0.030,56.667,true,false,true,true,false,true
insulating_debris,0.100,2.400,30.000,0.000,71.667,true,false,true,true,false,true
insulating_debris,0.100,2.400,30.000,0.005,71.667,true,false,true,true,false,true
insulating_debris,0.100,2.400,30.000,0.010,71.667,true,false,true,true,false,true
insulating_debris,0.100,2.400,30.000,0.030,71.667,true,false,true,true,false,true
insulating_debris,0.120,1.600,-30.000,0.000,45.000,true,false,true,true,false,true
insulating_debris,0.120,1.600,-30.000,0.005,45.000,true,false,true,true,false,true
insulating_debris,0.120,1.600,-30.000,0.010,45.000,true,false,true,true,false,true
insulating_debris,0.120,1.600,-30.000,0.030,45.000,true,false,true,true,false,true
insulating_debris,0.120,1.600,-15.000,0.000,60.000,true,false,true,true,false,true
insulating_debris,0.120,1.600,-15.000,0.005,60.000,true,false,true,true,false,true
insulating_debris,0.120,1.600,-15.000,0.010,60.000,true,false,true,true,false,true
insulating_debris,0.120,1.600,-15.000,0.030,60.000,true,false,true,true,false,true
insulating_debris,0.120,1.600,0.000,0.000,75.000,true,false,true,true,false,true
insulating_debris,0.120,1.600,0.000,0.005,75.000,true,false,true,true,false,true
insulating_debris,0.120,1.600,0.000,0.010,75.000,true,false,true,true,false,true
insulating_debris,0.120,1.600,0.000,0.030,75.000,true,false,true,true,false,true
insulating_debris,0.120,1.600,15.000,0.000,90.000,true,false,true,true,false,true
insulating_debris,0.120,1.600,15.000,0.005,90.000,true,false,true,true,false,true
insulating_debris,0.120,1.600,15.000,0.010,90.000,true,false,true,true,false,true
insulating_debris,0.120,1.600,15.000,0.030,90.000,true,false,true,true,false,true
insulating_debris,0.120,1.600,30.000,0.000,105.000,true,false,true,true,false,true
insulating_debris,0.120,1.600,30.000,0.005,105.000,true,false,true,true,false,true
insulating_debris,0.120,1.600,30.000,0.010,105.000,true,false,true,true,false,true
insulating_debris,0.120,1.600,30.000,0.030,105.000,true,false,true,true,false,true
insulating_debris,0.120,2.000,-30.000,0.000,30.000,true,false,true,true,false,true
insulating_debris,0.120,2.000,-30.000,0.005,30.000,true,false,true,true,false,true
insulating_debris,0.120,2.000,-30.000,0.010,30.000,true,false,true,true,false,true
insulating_debris,0.120,2.000,-30.000,0.030,30.000,true,false,true,true,false,true
insulating_debris,0.120,2.000,-15.000,0.000,45.000,true,false,true,true,false,true
insulating_debris,0.120,2.000,-15.000,0.005,45.000,true,false,true,true,false,true
insulating_debris,0.120,2.000,-15.000,0.010,45.000,true,false,true,true,false,true
insulating_debris,0.120,2.000,-15.000,0.030,45.000,true,false,true,true,false,true
insulating_debris,0.120,2.000,0.000,0.000,60.000,true,false,true,true,false,true
insulating_debris,0.120,2.000,0.000,0.005,60.000,true,false,true,true,false,true
insulating_debris,0.120,2.000,0.000,0.010,60.000,true,false,true,true,false,true
insulating_debris,0.120,2.000,0.000,0.030,60.000,true,false,true,true,false,true
insulating_debris,0.120,2.000,15.000,0.000,75.000,true,false,true,true,false,true
insulating_debris,0.120,2.000,15.000,0.005,75.000,true,false,true,true,false,true
insulating_debris,0.120,2.000,15.000,0.010,75.000,true,false,true,true,false,true
insulating_debris,0.120,2.000,15.000,0.030,75.000,true,false,true,true,false,true
insulating_debris,0.120,2.000,30.000,0.000,90.000,true,false,true,true,false,true
insulating_debris,0.120,2.000,30.000,0.005,90.000,true,false,true,true,false,true
insulating_debris,0.120,2.000,30.000,0.010,90.000,true,false,true,true,false,true
insulating_debris,0.120,2.000,30.000,0.030,90.000,true,false,true,true,false,true
insulating_debris,0.120,2.400,-30.000,0.000,20.000,true,false,true,false,false,false
insulating_debris,0.120,2.400,-30.000,0.005,20.000,true,false,true,false,false,false
insulating_debris,0.120,2.400,-30.000,0.010,20.000,true,false,true,false,false,false
insulating_debris,0.120,2.400,-30.000,0.030,20.000,true,false,true,false,false,false
insulating_debris,0.120,2.400,-15.000,0.000,35.000,true,false,true,true,false,true
insulating_debris,0.120,2.400,-15.000,0.005,35.000,true,false,true,true,false,true
insulating_debris,0.120,2.400,-15.000,0.010,35.000,true,false,true,true,false,true
insulating_debris,0.120,2.400,-15.000,0.030,35.000,true,false,true,true,false,true
insulating_debris,0.120,2.400,0.000,0.000,50.000,true,false,true,true,false,true
insulating_debris,0.120,2.400,0.000,0.005,50.000,true,false,true,true,false,true
insulating_debris,0.120,2.400,0.000,0.010,50.000,true,false,true,true,false,true
insulating_debris,0.120,2.400,0.000,0.030,50.000,true,false,true,true,false,true
insulating_debris,0.120,2.400,15.000,0.000,65.000,true,false,true,true,false,true
insulating_debris,0.120,2.400,15.000,0.005,65.000,true,false,true,true,false,true
insulating_debris,0.120,2.400,15.000,0.010,65.000,true,false,true,true,false,true
insulating_debris,0.120,2.400,15.000,0.030,65.000,true,false,true,true,false,true
insulating_debris,0.120,2.400,30.000,0.000,80.000,true,false,true,true,false,true
insulating_debris,0.120,2.400,30.000,0.005,80.000,true,false,true,true,false,true
insulating_debris,0.120,2.400,30.000,0.010,80.000,true,false,true,true,false,true
insulating_debris,0.120,2.400,30.000,0.030,80.000,true,false,true,true,false,true
insulating_debris,0.180,1.600,-30.000,0.000,82.500,true,false,true,true,false,true
insulating_debris,0.180,1.600,-30.000,0.005,82.500,true,false,true,true,false,true
insulating_debris,0.180,1.600,-30.000,0.010,82.500,true,false,true,true,false,true
insulating_debris,0.180,1.600,-30.000,0.030,82.500,true,false,true,true,false,true
insulating_debris,0.180,1.600,-15.000,0.000,97.500,true,false,true,true,false,true
insulating_debris,0.180,1.600,-15.000,0.005,97.500,true,false,true,true,false,true
insulating_debris,0.180,1.600,-15.000,0.010,97.500,true,false,true,true,false,true
insulating_debris,0.180,1.600,-15.000,0.030,97.500,true,false,true,true,false,true
insulating_debris,0.180,1.600,0.000,0.000,112.500,true,false,true,true,false,true
insulating_debris,0.180,1.600,0.000,0.005,112.500,true,false,true,true,false,true
insulating_debris,0.180,1.600,0.000,0.010,112.500,true,false,true,true,false,true
insulating_debris,0.180,1.600,0.000,0.030,112.500,true,false,true,true,false,true
insulating_debris,0.180,1.600,15.000,0.000,127.500,true,false,true,true,false,true
insulating_debris,0.180,1.600,15.000,0.005,127.500,true,false,true,true,false,true
insulating_debris,0.180,1.600,15.000,0.010,127.500,true,false,true,true,false,true
insulating_debris,0.180,1.600,15.000,0.030,127.500,true,false,true,true,false,true
insulating_debris,0.180,1.600,30.000,0.000,142.500,true,false,true,true,false,true
insulating_debris,0.180,1.600,30.000,0.005,142.500,true,false,true,true,false,true
insulating_debris,0.180,1.600,30.000,0.010,142.500,true,false,true,true,false,true
insulating_debris,0.180,1.600,30.000,0.030,142.500,true,false,true,true,false,true
insulating_debris,0.180,2.000,-30.000,0.000,60.000,true,false,true,true,false,true
insulating_debris,0.180,2.000,-30.000,0.005,60.000,true,false,true,true,false,true
insulating_debris,0.180,2.000,-30.000,0.010,60.000,true,false,true,true,false,true
insulating_debris,0.180,2.000,-30.000,0.030,60.000,true,false,true,true,false,true
insulating_debris,0.180,2.000,-15.000,0.000,75.000,true,false,true,true,false,true
insulating_debris,0.180,2.000,-15.000,0.005,75.000,true,false,true,true,false,true
insulating_debris,0.180,2.000,-15.000,0.010,75.000,true,false,true,true,false,true
insulating_debris,0.180,2.000,-15.000,0.030,75.000,true,false,true,true,false,true
insulating_debris,0.180,2.000,0.000,0.000,90.000,true,false,true,true,false,true
insulating_debris,0.180,2.000,0.000,0.005,90.000,true,false,true,true,false,true
insulating_debris,0.180,2.000,0.000,0.010,90.000,true,false,true,true,false,true
insulating_debris,0.180,2.000,0.000,0.030,90.000,true,false,true,true,false,true
insulating_debris,0.180,2.000,15.000,0.000,105.000,true,false,true,true,false,true
insulating_debris,0.180,2.000,15.000,0.005,105.000,true,false,true,true,false,true
insulating_debris,0.180,2.000,15.000,0.010,105.000,true,false,true,true,false,true
insulating_debris,0.180,2.000,15.000,0.030,105.000,true,false,true,true,false,true
insulating_debris,0.180,2.000,30.000,0.000,120.000,true,false,true,true,false,true
insulating_debris,0.180,2.000,30.000,0.005,120.000,true,false,true,true,false,true
insulating_debris,0.180,2.000,30.000,0.010,120.000,true,false,true,true,false,true
insulating_debris,0.180,2.000,30.000,0.030,120.000,true,false,true,true,false,true
insulating_debris,0.180,2.400,-30.000,0.000,45.000,true,false,true,true,false,true
insulating_debris,0.180,2.400,-30.000,0.005,45.000,true,false,true,true,false,true
insulating_debris,0.180,2.400,-30.000,0.010,45.000,true,false,true,true,false,true
insulating_debris,0.180,2.400,-30.000,0.030,45.000,true,false,true,true,false,true
insulating_debris,0.180,2.400,-15.000,0.000,60.000,true,false,true,true,false,true
insulating_debris,0.180,2.400,-15.000,0.005,60.000,true,false,true,true,false,true
insulating_debris,0.180,2.400,-15.000,0.010,60.000,true,false,true,true,false,true
insulating_debris,0.180,2.400,-15.000,0.030,60.000,true,false,true,true,false,true
insulating_debris,0.180,2.400,0.000,0.000,75.000,true,false,true,true,false,true
insulating_debris,0.180,2.400,0.000,0.005,75.000,true,false,true,true,false,true
insulating_debris,0.180,2.400,0.000,0.010,75.000,true,false,true,true,false,true
insulating_debris,0.180,2.400,0.000,0.030,75.000,true,false,true,true,false,true
insulating_debris,0.180,2.400,15.000,0.000,90.000,true,false,true,true,false,true
insulating_debris,0.180,2.400,15.000,0.005,90.000,true,false,true,true,false,true
insulating_debris,0.180,2.400,15.000,0.010,90.000,true,false,true,true,false,true
insulating_debris,0.180,2.400,15.000,0.030,90.000,true,false,true,true,false,true
insulating_debris,0.180,2.400,30.000,0.000,105.000,true,false,true,true,false,true
insulating_debris,0.180,2.400,30.000,0.005,105.000,true,false,true,true,false,true
insulating_debris,0.180,2.400,30.000,0.010,105.000,true,false,true,true,false,true
insulating_debris,0.180,2.400,30.000,0.030,105.000,true,false,true,true,false,true
insulating_debris,0.280,1.600,-30.000,0.000,145.000,true,false,true,true,false,true
insulating_debris,0.280,1.600,-30.000,0.005,145.000,true,false,true,true,false,true
insulating_debris,0.280,1.600,-30.000,0.010,145.000,true,false,true,true,false,true
insulating_debris,0.280,1.600,-30.000,0.030,145.000,true,false,true,true,false,true
insulating_debris,0.280,1.600,-15.000,0.000,160.000,true,false,true,true,false,true
insulating_debris,0.280,1.600,-15.000,0.005,160.000,true,false,true,true,false,true
insulating_debris,0.280,1.600,-15.000,0.010,160.000,true,false,true,true,false,true
insulating_debris,0.280,1.600,-15.000,0.030,160.000,true,false,true,true,false,true
insulating_debris,0.280,1.600,0.000,0.000,175.000,true,false,true,true,false,true
insulating_debris,0.280,1.600,0.000,0.005,175.000,true,false,true,true,false,true
insulating_debris,0.280,1.600,0.000,0.010,175.000,true,false,true,true,false,true
insulating_debris,0.280,1.600,0.000,0.030,175.000,true,false,true,true,false,true
insulating_debris,0.280,1.600,15.000,0.000,190.000,true,false,true,true,false,true
insulating_debris,0.280,1.600,15.000,0.005,190.000,true,false,true,true,false,true
insulating_debris,0.280,1.600,15.000,0.010,190.000,true,false,true,true,false,true
insulating_debris,0.280,1.600,15.000,0.030,190.000,true,false,true,true,false,true
insulating_debris,0.280,1.600,30.000,0.000,205.000,true,false,true,true,false,true
insulating_debris,0.280,1.600,30.000,0.005,205.000,true,false,true,true,false,true
insulating_debris,0.280,1.600,30.000,0.010,205.000,true,false,true,true,false,true
insulating_debris,0.280,1.600,30.000,0.030,205.000,true,false,true,true,false,true
insulating_debris,0.280,2.000,-30.000,0.000,110.000,true,false,true,true,false,true
insulating_debris,0.280,2.000,-30.000,0.005,110.000,true,false,true,true,false,true
insulating_debris,0.280,2.000,-30.000,0.010,110.000,true,false,true,true,false,true
insulating_debris,0.280,2.000,-30.000,0.030,110.000,true,false,true,true,false,true
insulating_debris,0.280,2.000,-15.000,0.000,125.000,true,false,true,true,false,true
insulating_debris,0.280,2.000,-15.000,0.005,125.000,true,false,true,true,false,true
insulating_debris,0.280,2.000,-15.000,0.010,125.000,true,false,true,true,false,true
insulating_debris,0.280,2.000,-15.000,0.030,125.000,true,false,true,true,false,true
insulating_debris,0.280,2.000,0.000,0.000,140.000,true,false,true,true,false,true
insulating_debris,0.280,2.000,0.000,0.005,140.000,true,false,true,true,false,true
insulating_debris,0.280,2.000,0.000,0.010,140.000,true,false,true,true,false,true
insulating_debris,0.280,2.000,0.000,0.030,140.000,true,false,true,true,false,true
insulating_debris,0.280,2.000,15.000,0.000,155.000,true,false,true,true,false,true
insulating_debris,0.280,2.000,15.000,0.005,155.000,true,false,true,true,false,true
insulating_debris,0.280,2.000,15.000,0.010,155.000,true,false,true,true,false,true
insulating_debris,0.280,2.000,15.000,0.030,155.000,true,false,true,true,false,true
insulating_debris,0.280,2.000,30.000,0.000,170.000,true,false,true,true,false,true
insulating_debris,0.280,2.000,30.000,0.005,170.000,true,false,true,true,false,true
insulating_debris,0.280,2.000,30.000,0.010,170.000,true,false,true,true,false,true
insulating_debris,0.280,2.000,30.000,0.030,170.000,true,false,true,true,false,true
insulating_debris,0.280,2.400,-30.000,0.000,86.667,true,false,true,true,false,true
insulating_debris,0.280,2.400,-30.000,0.005,86.667,true,false,true,true,false,true
insulating_debris,0.280,2.400,-30.000,0.010,86.667,true,false,true,true,false,true
insulating_debris,0.280,2.400,-30.000,0.030,86.667,true,false,true,true,false,true
insulating_debris,0.280,2.400,-15.000,0.000,101.667,true,false,true,true,false,true
insulating_debris,0.280,2.400,-15.000,0.005,101.667,true,false,true,true,false,true
insulating_debris,0.280,2.400,-15.000,0.010,101.667,true,false,true,true,false,true
insulating_debris,0.280,2.400,-15.000,0.030,101.667,true,false,true,true,false,true
insulating_debris,0.280,2.400,0.000,0.000,116.667,true,false,true,true,false,true
insulating_debris,0.280,2.400,0.000,0.005,116.667,true,false,true,true,false,true
insulating_debris,0.280,2.400,0.000,0.010,116.667,true,false,true,true,false,true
insulating_debris,0.280,2.400,0.000,0.030,116.667,true,false,true,true,false,true
insulating_debris,0.280,2.400,15.000,0.000,131.667,true,false,true,true,false,true
insulating_debris,0.280,2.400,15.000,0.005,131.667,true,false,true,true,false,true
insulating_debris,0.280,2.400,15.000,0.010,131.667,true,false,true,true,false,true
insulating_debris,0.280,2.400,15.000,0.030,131.667,true,false,true,true,false,true
insulating_debris,0.280,2.400,30.000,0.000,146.667,true,false,true,true,false,true
insulating_debris,0.280,2.400,30.000,0.005,146.667,true,false,true,true,false,true
insulating_debris,0.280,2.400,30.000,0.010,146.667,true,false,true,true,false,true
insulating_debris,0.280,2.400,30.000,0.030,146.667,true,false,true,true,false,true
overload_stop,0.080,1.600,-30.000,0.000,220.000,true,true,true,false,false,false
overload_stop,0.080,1.600,-30.000,0.005,220.000,true,true,true,false,false,false
overload_stop,0.080,1.600,-30.000,0.010,220.000,true,true,true,false,false,false
overload_stop,0.080,1.600,-30.000,0.030,220.000,true,true,true,false,false,false
overload_stop,0.080,1.600,-15.000,0.000,235.000,true,true,true,false,false,false
overload_stop,0.080,1.600,-15.000,0.005,235.000,true,true,true,false,false,false
overload_stop,0.080,1.600,-15.000,0.010,235.000,true,true,true,false,false,false
overload_stop,0.080,1.600,-15.000,0.030,235.000,true,true,true,false,false,false
overload_stop,0.080,1.600,0.000,0.000,250.000,true,true,true,false,false,false
overload_stop,0.080,1.600,0.000,0.005,250.000,true,true,true,false,false,false
overload_stop,0.080,1.600,0.000,0.010,250.000,true,true,true,false,false,false
overload_stop,0.080,1.600,0.000,0.030,250.000,true,true,true,false,false,false
overload_stop,0.080,1.600,15.000,0.000,265.000,true,true,true,false,false,false
overload_stop,0.080,1.600,15.000,0.005,265.000,true,true,true,false,false,false
overload_stop,0.080,1.600,15.000,0.010,265.000,true,true,true,false,false,false
overload_stop,0.080,1.600,15.000,0.030,265.000,true,true,true,false,false,false
overload_stop,0.080,1.600,30.000,0.000,280.000,true,true,true,false,false,false
overload_stop,0.080,1.600,30.000,0.005,280.000,true,true,true,false,false,false
overload_stop,0.080,1.600,30.000,0.010,280.000,true,true,true,false,false,false
overload_stop,0.080,1.600,30.000,0.030,280.000,true,true,true,false,false,false
overload_stop,0.080,2.000,-30.000,0.000,220.000,true,true,true,false,false,false
overload_stop,0.080,2.000,-30.000,0.005,220.000,true,true,true,false,false,false
overload_stop,0.080,2.000,-30.000,0.010,220.000,true,true,true,false,false,false
overload_stop,0.080,2.000,-30.000,0.030,220.000,true,true,true,false,false,false
overload_stop,0.080,2.000,-15.000,0.000,235.000,true,true,true,false,false,false
overload_stop,0.080,2.000,-15.000,0.005,235.000,true,true,true,false,false,false
overload_stop,0.080,2.000,-15.000,0.010,235.000,true,true,true,false,false,false
overload_stop,0.080,2.000,-15.000,0.030,235.000,true,true,true,false,false,false
overload_stop,0.080,2.000,0.000,0.000,250.000,true,true,true,false,false,false
overload_stop,0.080,2.000,0.000,0.005,250.000,true,true,true,false,false,false
overload_stop,0.080,2.000,0.000,0.010,250.000,true,true,true,false,false,false
overload_stop,0.080,2.000,0.000,0.030,250.000,true,true,true,false,false,false
overload_stop,0.080,2.000,15.000,0.000,265.000,true,true,true,false,false,false
overload_stop,0.080,2.000,15.000,0.005,265.000,true,true,true,false,false,false
overload_stop,0.080,2.000,15.000,0.010,265.000,true,true,true,false,false,false
overload_stop,0.080,2.000,15.000,0.030,265.000,true,true,true,false,false,false
overload_stop,0.080,2.000,30.000,0.000,280.000,true,true,true,false,false,false
overload_stop,0.080,2.000,30.000,0.005,280.000,true,true,true,false,false,false
overload_stop,0.080,2.000,30.000,0.010,280.000,true,true,true,false,false,false
overload_stop,0.080,2.000,30.000,0.030,280.000,true,true,true,false,false,false
overload_stop,0.080,2.400,-30.000,0.000,220.000,true,true,true,false,false,false
overload_stop,0.080,2.400,-30.000,0.005,220.000,true,true,true,false,false,false
overload_stop,0.080,2.400,-30.000,0.010,220.000,true,true,true,false,false,false
overload_stop,0.080,2.400,-30.000,0.030,220.000,true,true,true,false,false,false
overload_stop,0.080,2.400,-15.000,0.000,235.000,true,true,true,false,false,false
overload_stop,0.080,2.400,-15.000,0.005,235.000,true,true,true,false,false,false
overload_stop,0.080,2.400,-15.000,0.010,235.000,true,true,true,false,false,false
overload_stop,0.080,2.400,-15.000,0.030,235.000,true,true,true,false,false,false
overload_stop,0.080,2.400,0.000,0.000,250.000,true,true,true,false,false,false
overload_stop,0.080,2.400,0.000,0.005,250.000,true,true,true,false,false,false
overload_stop,0.080,2.400,0.000,0.010,250.000,true,true,true,false,false,false
overload_stop,0.080,2.400,0.000,0.030,250.000,true,true,true,false,false,false
overload_stop,0.080,2.400,15.000,0.000,265.000,true,true,true,false,false,false
overload_stop,0.080,2.400,15.000,0.005,265.000,true,true,true,false,false,false
overload_stop,0.080,2.400,15.000,0.010,265.000,true,true,true,false,false,false
overload_stop,0.080,2.400,15.000,0.030,265.000,true,true,true,false,false,false
overload_stop,0.080,2.400,30.000,0.000,280.000,true,true,true,false,false,false
overload_stop,0.080,2.400,30.000,0.005,280.000,true,true,true,false,false,false
overload_stop,0.080,2.400,30.000,0.010,280.000,true,true,true,false,false,false
overload_stop,0.080,2.400,30.000,0.030,280.000,true,true,true,false,false,false
overload_stop,0.100,1.600,-30.000,0.000,220.000,true,true,true,false,false,false
overload_stop,0.100,1.600,-30.000,0.005,220.000,true,true,true,false,false,false
overload_stop,0.100,1.600,-30.000,0.010,220.000,true,true,true,false,false,false
overload_stop,0.100,1.600,-30.000,0.030,220.000,true,true,true,false,false,false
overload_stop,0.100,1.600,-15.000,0.000,235.000,true,true,true,false,false,false
overload_stop,0.100,1.600,-15.000,0.005,235.000,true,true,true,false,false,false
overload_stop,0.100,1.600,-15.000,0.010,235.000,true,true,true,false,false,false
overload_stop,0.100,1.600,-15.000,0.030,235.000,true,true,true,false,false,false
overload_stop,0.100,1.600,0.000,0.000,250.000,true,true,true,false,false,false
overload_stop,0.100,1.600,0.000,0.005,250.000,true,true,true,false,false,false
overload_stop,0.100,1.600,0.000,0.010,250.000,true,true,true,false,false,false
overload_stop,0.100,1.600,0.000,0.030,250.000,true,true,true,false,false,false
overload_stop,0.100,1.600,15.000,0.000,265.000,true,true,true,false,false,false
overload_stop,0.100,1.600,15.000,0.005,265.000,true,true,true,false,false,false
overload_stop,0.100,1.600,15.000,0.010,265.000,true,true,true,false,false,false
overload_stop,0.100,1.600,15.000,0.030,265.000,true,true,true,false,false,false
overload_stop,0.100,1.600,30.000,0.000,280.000,true,true,true,false,false,false
overload_stop,0.100,1.600,30.000,0.005,280.000,true,true,true,false,false,false
overload_stop,0.100,1.600,30.000,0.010,280.000,true,true,true,false,false,false
overload_stop,0.100,1.600,30.000,0.030,280.000,true,true,true,false,false,false
overload_stop,0.100,2.000,-30.000,0.000,220.000,true,true,true,false,false,false
overload_stop,0.100,2.000,-30.000,0.005,220.000,true,true,true,false,false,false
overload_stop,0.100,2.000,-30.000,0.010,220.000,true,true,true,false,false,false
overload_stop,0.100,2.000,-30.000,0.030,220.000,true,true,true,false,false,false
overload_stop,0.100,2.000,-15.000,0.000,235.000,true,true,true,false,false,false
overload_stop,0.100,2.000,-15.000,0.005,235.000,true,true,true,false,false,false
overload_stop,0.100,2.000,-15.000,0.010,235.000,true,true,true,false,false,false
overload_stop,0.100,2.000,-15.000,0.030,235.000,true,true,true,false,false,false
overload_stop,0.100,2.000,0.000,0.000,250.000,true,true,true,false,false,false
overload_stop,0.100,2.000,0.000,0.005,250.000,true,true,true,false,false,false
overload_stop,0.100,2.000,0.000,0.010,250.000,true,true,true,false,false,false
overload_stop,0.100,2.000,0.000,0.030,250.000,true,true,true,false,false,false
overload_stop,0.100,2.000,15.000,0.000,265.000,true,true,true,false,false,false
overload_stop,0.100,2.000,15.000,0.005,265.000,true,true,true,false,false,false
overload_stop,0.100,2.000,15.000,0.010,265.000,true,true,true,false,false,false
overload_stop,0.100,2.000,15.000,0.030,265.000,true,true,true,false,false,false
overload_stop,0.100,2.000,30.000,0.000,280.000,true,true,true,false,false,false
overload_stop,0.100,2.000,30.000,0.005,280.000,true,true,true,false,false,false
overload_stop,0.100,2.000,30.000,0.010,280.000,true,true,true,false,false,false
overload_stop,0.100,2.000,30.000,0.030,280.000,true,true,true,false,false,false
overload_stop,0.100,2.400,-30.000,0.000,220.000,true,true,true,false,false,false
overload_stop,0.100,2.400,-30.000,0.005,220.000,true,true,true,false,false,false
overload_stop,0.100,2.400,-30.000,0.010,220.000,true,true,true,false,false,false
overload_stop,0.100,2.400,-30.000,0.030,220.000,true,true,true,false,false,false
overload_stop,0.100,2.400,-15.000,0.000,235.000,true,true,true,false,false,false
overload_stop,0.100,2.400,-15.000,0.005,235.000,true,true,true,false,false,false
overload_stop,0.100,2.400,-15.000,0.010,235.000,true,true,true,false,false,false
overload_stop,0.100,2.400,-15.000,0.030,235.000,true,true,true,false,false,false
overload_stop,0.100,2.400,0.000,0.000,250.000,true,true,true,false,false,false
overload_stop,0.100,2.400,0.000,0.005,250.000,true,true,true,false,false,false
overload_stop,0.100,2.400,0.000,0.010,250.000,true,true,true,false,false,false
overload_stop,0.100,2.400,0.000,0.030,250.000,true,true,true,false,false,false
overload_stop,0.100,2.400,15.000,0.000,265.000,true,true,true,false,false,false
overload_stop,0.100,2.400,15.000,0.005,265.000,true,true,true,false,false,false
overload_stop,0.100,2.400,15.000,0.010,265.000,true,true,true,false,false,false
overload_stop,0.100,2.400,15.000,0.030,265.000,true,true,true,false,false,false
overload_stop,0.100,2.400,30.000,0.000,280.000,true,true,true,false,false,false
overload_stop,0.100,2.400,30.000,0.005,280.000,true,true,true,false,false,false
overload_stop,0.100,2.400,30.000,0.010,280.000,true,true,true,false,false,false
overload_stop,0.100,2.400,30.000,0.030,280.000,true,true,true,false,false,false
overload_stop,0.120,1.600,-30.000,0.000,220.000,true,true,true,false,false,false
overload_stop,0.120,1.600,-30.000,0.005,220.000,true,true,true,false,false,false
overload_stop,0.120,1.600,-30.000,0.010,220.000,true,true,true,false,false,false
overload_stop,0.120,1.600,-30.000,0.030,220.000,true,true,true,false,false,false
overload_stop,0.120,1.600,-15.000,0.000,235.000,true,true,true,false,false,false
overload_stop,0.120,1.600,-15.000,0.005,235.000,true,true,true,false,false,false
overload_stop,0.120,1.600,-15.000,0.010,235.000,true,true,true,false,false,false
overload_stop,0.120,1.600,-15.000,0.030,235.000,true,true,true,false,false,false
overload_stop,0.120,1.600,0.000,0.000,250.000,true,true,true,false,false,false
overload_stop,0.120,1.600,0.000,0.005,250.000,true,true,true,false,false,false
overload_stop,0.120,1.600,0.000,0.010,250.000,true,true,true,false,false,false
overload_stop,0.120,1.600,0.000,0.030,250.000,true,true,true,false,false,false
overload_stop,0.120,1.600,15.000,0.000,265.000,true,true,true,false,false,false
overload_stop,0.120,1.600,15.000,0.005,265.000,true,true,true,false,false,false
overload_stop,0.120,1.600,15.000,0.010,265.000,true,true,true,false,false,false
overload_stop,0.120,1.600,15.000,0.030,265.000,true,true,true,false,false,false
overload_stop,0.120,1.600,30.000,0.000,280.000,true,true,true,false,false,false
overload_stop,0.120,1.600,30.000,0.005,280.000,true,true,true,false,false,false
overload_stop,0.120,1.600,30.000,0.010,280.000,true,true,true,false,false,false
overload_stop,0.120,1.600,30.000,0.030,280.000,true,true,true,false,false,false
overload_stop,0.120,2.000,-30.000,0.000,220.000,true,true,true,false,false,false
overload_stop,0.120,2.000,-30.000,0.005,220.000,true,true,true,false,false,false
overload_stop,0.120,2.000,-30.000,0.010,220.000,true,true,true,false,false,false
overload_stop,0.120,2.000,-30.000,0.030,220.000,true,true,true,false,false,false
overload_stop,0.120,2.000,-15.000,0.000,235.000,true,true,true,false,false,false
overload_stop,0.120,2.000,-15.000,0.005,235.000,true,true,true,false,false,false
overload_stop,0.120,2.000,-15.000,0.010,235.000,true,true,true,false,false,false
overload_stop,0.120,2.000,-15.000,0.030,235.000,true,true,true,false,false,false
overload_stop,0.120,2.000,0.000,0.000,250.000,true,true,true,false,false,false
overload_stop,0.120,2.000,0.000,0.005,250.000,true,true,true,false,false,false
overload_stop,0.120,2.000,0.000,0.010,250.000,true,true,true,false,false,false
overload_stop,0.120,2.000,0.000,0.030,250.000,true,true,true,false,false,false
overload_stop,0.120,2.000,15.000,0.000,265.000,true,true,true,false,false,false
overload_stop,0.120,2.000,15.000,0.005,265.000,true,true,true,false,false,false
overload_stop,0.120,2.000,15.000,0.010,265.000,true,true,true,false,false,false
overload_stop,0.120,2.000,15.000,0.030,265.000,true,true,true,false,false,false
overload_stop,0.120,2.000,30.000,0.000,280.000,true,true,true,false,false,false
overload_stop,0.120,2.000,30.000,0.005,280.000,true,true,true,false,false,false
overload_stop,0.120,2.000,30.000,0.010,280.000,true,true,true,false,false,false
overload_stop,0.120,2.000,30.000,0.030,280.000,true,true,true,false,false,false
overload_stop,0.120,2.400,-30.000,0.000,220.000,true,true,true,false,false,false
overload_stop,0.120,2.400,-30.000,0.005,220.000,true,true,true,false,false,false
overload_stop,0.120,2.400,-30.000,0.010,220.000,true,true,true,false,false,false
overload_stop,0.120,2.400,-30.000,0.030,220.000,true,true,true,false,false,false
overload_stop,0.120,2.400,-15.000,0.000,235.000,true,true,true,false,false,false
overload_stop,0.120,2.400,-15.000,0.005,235.000,true,true,true,false,false,false
overload_stop,0.120,2.400,-15.000,0.010,235.000,true,true,true,false,false,false
overload_stop,0.120,2.400,-15.000,0.030,235.000,true,true,true,false,false,false
overload_stop,0.120,2.400,0.000,0.000,250.000,true,true,true,false,false,false
overload_stop,0.120,2.400,0.000,0.005,250.000,true,true,true,false,false,false
overload_stop,0.120,2.400,0.000,0.010,250.000,true,true,true,false,false,false
overload_stop,0.120,2.400,0.000,0.030,250.000,true,true,true,false,false,false
overload_stop,0.120,2.400,15.000,0.000,265.000,true,true,true,false,false,false
overload_stop,0.120,2.400,15.000,0.005,265.000,true,true,true,false,false,false
overload_stop,0.120,2.400,15.000,0.010,265.000,true,true,true,false,false,false
overload_stop,0.120,2.400,15.000,0.030,265.000,true,true,true,false,false,false
overload_stop,0.120,2.400,30.000,0.000,280.000,true,true,true,false,false,false
overload_stop,0.120,2.400,30.000,0.005,280.000,true,true,true,false,false,false
overload_stop,0.120,2.400,30.000,0.010,280.000,true,true,true,false,false,false
overload_stop,0.120,2.400,30.000,0.030,280.000,true,true,true,false,false,false
overload_stop,0.180,1.600,-30.000,0.000,220.000,true,true,true,false,false,false
overload_stop,0.180,1.600,-30.000,0.005,220.000,true,true,true,false,false,false
overload_stop,0.180,1.600,-30.000,0.010,220.000,true,true,true,false,false,false
overload_stop,0.180,1.600,-30.000,0.030,220.000,true,true,true,false,false,false
overload_stop,0.180,1.600,-15.000,0.000,235.000,true,true,true,false,false,false
overload_stop,0.180,1.600,-15.000,0.005,235.000,true,true,true,false,false,false
overload_stop,0.180,1.600,-15.000,0.010,235.000,true,true,true,false,false,false
overload_stop,0.180,1.600,-15.000,0.030,235.000,true,true,true,false,false,false
overload_stop,0.180,1.600,0.000,0.000,250.000,true,true,true,false,false,false
overload_stop,0.180,1.600,0.000,0.005,250.000,true,true,true,false,false,false
overload_stop,0.180,1.600,0.000,0.010,250.000,true,true,true,false,false,false
overload_stop,0.180,1.600,0.000,0.030,250.000,true,true,true,false,false,false
overload_stop,0.180,1.600,15.000,0.000,265.000,true,true,true,false,false,false
overload_stop,0.180,1.600,15.000,0.005,265.000,true,true,true,false,false,false
overload_stop,0.180,1.600,15.000,0.010,265.000,true,true,true,false,false,false
overload_stop,0.180,1.600,15.000,0.030,265.000,true,true,true,false,false,false
overload_stop,0.180,1.600,30.000,0.000,280.000,true,true,true,false,false,false
overload_stop,0.180,1.600,30.000,0.005,280.000,true,true,true,false,false,false
overload_stop,0.180,1.600,30.000,0.010,280.000,true,true,true,false,false,false
overload_stop,0.180,1.600,30.000,0.030,280.000,true,true,true,false,false,false
overload_stop,0.180,2.000,-30.000,0.000,220.000,true,true,true,false,false,false
overload_stop,0.180,2.000,-30.000,0.005,220.000,true,true,true,false,false,false
overload_stop,0.180,2.000,-30.000,0.010,220.000,true,true,true,false,false,false
overload_stop,0.180,2.000,-30.000,0.030,220.000,true,true,true,false,false,false
overload_stop,0.180,2.000,-15.000,0.000,235.000,true,true,true,false,false,false
overload_stop,0.180,2.000,-15.000,0.005,235.000,true,true,true,false,false,false
overload_stop,0.180,2.000,-15.000,0.010,235.000,true,true,true,false,false,false
overload_stop,0.180,2.000,-15.000,0.030,235.000,true,true,true,false,false,false
overload_stop,0.180,2.000,0.000,0.000,250.000,true,true,true,false,false,false
overload_stop,0.180,2.000,0.000,0.005,250.000,true,true,true,false,false,false
overload_stop,0.180,2.000,0.000,0.010,250.000,true,true,true,false,false,false
overload_stop,0.180,2.000,0.000,0.030,250.000,true,true,true,false,false,false
overload_stop,0.180,2.000,15.000,0.000,265.000,true,true,true,false,false,false
overload_stop,0.180,2.000,15.000,0.005,265.000,true,true,true,false,false,false
overload_stop,0.180,2.000,15.000,0.010,265.000,true,true,true,false,false,false
overload_stop,0.180,2.000,15.000,0.030,265.000,true,true,true,false,false,false
overload_stop,0.180,2.000,30.000,0.000,280.000,true,true,true,false,false,false
overload_stop,0.180,2.000,30.000,0.005,280.000,true,true,true,false,false,false
overload_stop,0.180,2.000,30.000,0.010,280.000,true,true,true,false,false,false
overload_stop,0.180,2.000,30.000,0.030,280.000,true,true,true,false,false,false
overload_stop,0.180,2.400,-30.000,0.000,220.000,true,true,true,false,false,false
overload_stop,0.180,2.400,-30.000,0.005,220.000,true,true,true,false,false,false
overload_stop,0.180,2.400,-30.000,0.010,220.000,true,true,true,false,false,false
overload_stop,0.180,2.400,-30.000,0.030,220.000,true,true,true,false,false,false
overload_stop,0.180,2.400,-15.000,0.000,235.000,true,true,true,false,false,false
overload_stop,0.180,2.400,-15.000,0.005,235.000,true,true,true,false,false,false
overload_stop,0.180,2.400,-15.000,0.010,235.000,true,true,true,false,false,false
overload_stop,0.180,2.400,-15.000,0.030,235.000,true,true,true,false,false,false
overload_stop,0.180,2.400,0.000,0.000,250.000,true,true,true,false,false,false
overload_stop,0.180,2.400,0.000,0.005,250.000,true,true,true,false,false,false
overload_stop,0.180,2.400,0.000,0.010,250.000,true,true,true,false,false,false
overload_stop,0.180,2.400,0.000,0.030,250.000,true,true,true,false,false,false
overload_stop,0.180,2.400,15.000,0.000,265.000,true,true,true,false,false,false
overload_stop,0.180,2.400,15.000,0.005,265.000,true,true,true,false,false,false
overload_stop,0.180,2.400,15.000,0.010,265.000,true,true,true,false,false,false
overload_stop,0.180,2.400,15.000,0.030,265.000,true,true,true,false,false,false
overload_stop,0.180,2.400,30.000,0.000,280.000,true,true,true,false,false,false
overload_stop,0.180,2.400,30.000,0.005,280.000,true,true,true,false,false,false
overload_stop,0.180,2.400,30.000,0.010,280.000,true,true,true,false,false,false
overload_stop,0.180,2.400,30.000,0.030,280.000,true,true,true,false,false,false
overload_stop,0.280,1.600,-30.000,0.000,220.000,true,true,true,false,false,false
overload_stop,0.280,1.600,-30.000,0.005,220.000,true,true,true,false,false,false
overload_stop,0.280,1.600,-30.000,0.010,220.000,true,true,true,false,false,false
overload_stop,0.280,1.600,-30.000,0.030,220.000,true,true,true,false,false,false
overload_stop,0.280,1.600,-15.000,0.000,235.000,true,true,true,false,false,false
overload_stop,0.280,1.600,-15.000,0.005,235.000,true,true,true,false,false,false
overload_stop,0.280,1.600,-15.000,0.010,235.000,true,true,true,false,false,false
overload_stop,0.280,1.600,-15.000,0.030,235.000,true,true,true,false,false,false
overload_stop,0.280,1.600,0.000,0.000,250.000,true,true,true,false,false,false
overload_stop,0.280,1.600,0.000,0.005,250.000,true,true,true,false,false,false
overload_stop,0.280,1.600,0.000,0.010,250.000,true,true,true,false,false,false
overload_stop,0.280,1.600,0.000,0.030,250.000,true,true,true,false,false,false
overload_stop,0.280,1.600,15.000,0.000,265.000,true,true,true,false,false,false
overload_stop,0.280,1.600,15.000,0.005,265.000,true,true,true,false,false,false
overload_stop,0.280,1.600,15.000,0.010,265.000,true,true,true,false,false,false
overload_stop,0.280,1.600,15.000,0.030,265.000,true,true,true,false,false,false
overload_stop,0.280,1.600,30.000,0.000,280.000,true,true,true,false,false,false
overload_stop,0.280,1.600,30.000,0.005,280.000,true,true,true,false,false,false
overload_stop,0.280,1.600,30.000,0.010,280.000,true,true,true,false,false,false
overload_stop,0.280,1.600,30.000,0.030,280.000,true,true,true,false,false,false
overload_stop,0.280,2.000,-30.000,0.000,220.000,true,true,true,false,false,false
overload_stop,0.280,2.000,-30.000,0.005,220.000,true,true,true,false,false,false
overload_stop,0.280,2.000,-30.000,0.010,220.000,true,true,true,false,false,false
overload_stop,0.280,2.000,-30.000,0.030,220.000,true,true,true,false,false,false
overload_stop,0.280,2.000,-15.000,0.000,235.000,true,true,true,false,false,false
overload_stop,0.280,2.000,-15.000,0.005,235.000,true,true,true,false,false,false
overload_stop,0.280,2.000,-15.000,0.010,235.000,true,true,true,false,false,false
overload_stop,0.280,2.000,-15.000,0.030,235.000,true,true,true,false,false,false
overload_stop,0.280,2.000,0.000,0.000,250.000,true,true,true,false,false,false
overload_stop,0.280,2.000,0.000,0.005,250.000,true,true,true,false,false,false
overload_stop,0.280,2.000,0.000,0.010,250.000,true,true,true,false,false,false
overload_stop,0.280,2.000,0.000,0.030,250.000,true,true,true,false,false,false
overload_stop,0.280,2.000,15.000,0.000,265.000,true,true,true,false,false,false
overload_stop,0.280,2.000,15.000,0.005,265.000,true,true,true,false,false,false
overload_stop,0.280,2.000,15.000,0.010,265.000,true,true,true,false,false,false
overload_stop,0.280,2.000,15.000,0.030,265.000,true,true,true,false,false,false
overload_stop,0.280,2.000,30.000,0.000,280.000,true,true,true,false,false,false
overload_stop,0.280,2.000,30.000,0.005,280.000,true,true,true,false,false,false
overload_stop,0.280,2.000,30.000,0.010,280.000,true,true,true,false,false,false
overload_stop,0.280,2.000,30.000,0.030,280.000,true,true,true,false,false,false
overload_stop,0.280,2.400,-30.000,0.000,220.000,true,true,true,false,false,false
overload_stop,0.280,2.400,-30.000,0.005,220.000,true,true,true,false,false,false
overload_stop,0.280,2.400,-30.000,0.010,220.000,true,true,true,false,false,false
overload_stop,0.280,2.400,-30.000,0.030,220.000,true,true,true,false,false,false
overload_stop,0.280,2.400,-15.000,0.000,235.000,true,true,true,false,false,false
overload_stop,0.280,2.400,-15.000,0.005,235.000,true,true,true,false,false,false
overload_stop,0.280,2.400,-15.000,0.010,235.000,true,true,true,false,false,false
overload_stop,0.280,2.400,-15.000,0.030,235.000,true,true,true,false,false,false
overload_stop,0.280,2.400,0.000,0.000,250.000,true,true,true,false,false,false
overload_stop,0.280,2.400,0.000,0.005,250.000,true,true,true,false,false,false
overload_stop,0.280,2.400,0.000,0.010,250.000,true,true,true,false,false,false
overload_stop,0.280,2.400,0.000,0.030,250.000,true,true,true,false,false,false
overload_stop,0.280,2.400,15.000,0.000,265.000,true,true,true,false,false,false
overload_stop,0.280,2.400,15.000,0.005,265.000,true,true,true,false,false,false
overload_stop,0.280,2.400,15.000,0.010,265.000,true,true,true,false,false,false
overload_stop,0.280,2.400,15.000,0.030,265.000,true,true,true,false,false,false
overload_stop,0.280,2.400,30.000,0.000,280.000,true,true,true,false,false,false
overload_stop,0.280,2.400,30.000,0.005,280.000,true,true,true,false,false,false
overload_stop,0.280,2.400,30.000,0.010,280.000,true,true,true,false,false,false
overload_stop,0.280,2.400,30.000,0.030,280.000,true,true,true,false,false,false
witness_rod_seized,0.080,1.600,-30.000,0.000,20.000,false,false,true,false,false,false
witness_rod_seized,0.080,1.600,-30.000,0.005,20.000,false,false,true,false,false,false
witness_rod_seized,0.080,1.600,-30.000,0.010,20.000,false,false,true,false,false,false
witness_rod_seized,0.080,1.600,-30.000,0.030,20.000,false,false,true,false,false,false
witness_rod_seized,0.080,1.600,-15.000,0.000,35.000,false,false,true,true,true,true
witness_rod_seized,0.080,1.600,-15.000,0.005,35.000,false,false,true,true,true,true
witness_rod_seized,0.080,1.600,-15.000,0.010,35.000,false,false,true,true,true,true
witness_rod_seized,0.080,1.600,-15.000,0.030,35.000,false,false,true,true,true,true
witness_rod_seized,0.080,1.600,0.000,0.000,50.000,false,false,true,true,true,true
witness_rod_seized,0.080,1.600,0.000,0.005,50.000,false,false,true,true,true,true
witness_rod_seized,0.080,1.600,0.000,0.010,50.000,false,false,true,true,true,true
witness_rod_seized,0.080,1.600,0.000,0.030,50.000,false,false,true,true,true,true
witness_rod_seized,0.080,1.600,15.000,0.000,65.000,false,false,true,true,true,true
witness_rod_seized,0.080,1.600,15.000,0.005,65.000,false,false,true,true,true,true
witness_rod_seized,0.080,1.600,15.000,0.010,65.000,false,false,true,true,true,true
witness_rod_seized,0.080,1.600,15.000,0.030,65.000,false,false,true,true,true,true
witness_rod_seized,0.080,1.600,30.000,0.000,80.000,false,false,true,true,true,true
witness_rod_seized,0.080,1.600,30.000,0.005,80.000,false,false,true,true,true,true
witness_rod_seized,0.080,1.600,30.000,0.010,80.000,false,false,true,true,true,true
witness_rod_seized,0.080,1.600,30.000,0.030,80.000,false,false,true,true,true,true
witness_rod_seized,0.080,2.000,-30.000,0.000,10.000,false,false,true,false,false,false
witness_rod_seized,0.080,2.000,-30.000,0.005,10.000,false,false,true,false,false,false
witness_rod_seized,0.080,2.000,-30.000,0.010,10.000,false,false,true,false,false,false
witness_rod_seized,0.080,2.000,-30.000,0.030,10.000,false,false,true,false,false,false
witness_rod_seized,0.080,2.000,-15.000,0.000,25.000,false,false,true,true,true,true
witness_rod_seized,0.080,2.000,-15.000,0.005,25.000,false,false,true,true,true,true
witness_rod_seized,0.080,2.000,-15.000,0.010,25.000,false,false,true,true,true,true
witness_rod_seized,0.080,2.000,-15.000,0.030,25.000,false,false,true,true,true,true
witness_rod_seized,0.080,2.000,0.000,0.000,40.000,false,false,true,true,true,true
witness_rod_seized,0.080,2.000,0.000,0.005,40.000,false,false,true,true,true,true
witness_rod_seized,0.080,2.000,0.000,0.010,40.000,false,false,true,true,true,true
witness_rod_seized,0.080,2.000,0.000,0.030,40.000,false,false,true,true,true,true
witness_rod_seized,0.080,2.000,15.000,0.000,55.000,false,false,true,true,true,true
witness_rod_seized,0.080,2.000,15.000,0.005,55.000,false,false,true,true,true,true
witness_rod_seized,0.080,2.000,15.000,0.010,55.000,false,false,true,true,true,true
witness_rod_seized,0.080,2.000,15.000,0.030,55.000,false,false,true,true,true,true
witness_rod_seized,0.080,2.000,30.000,0.000,70.000,false,false,true,true,true,true
witness_rod_seized,0.080,2.000,30.000,0.005,70.000,false,false,true,true,true,true
witness_rod_seized,0.080,2.000,30.000,0.010,70.000,false,false,true,true,true,true
witness_rod_seized,0.080,2.000,30.000,0.030,70.000,false,false,true,true,true,true
witness_rod_seized,0.080,2.400,-30.000,0.000,3.333,false,false,true,false,false,false
witness_rod_seized,0.080,2.400,-30.000,0.005,3.333,false,false,true,false,false,false
witness_rod_seized,0.080,2.400,-30.000,0.010,3.333,false,false,true,false,false,false
witness_rod_seized,0.080,2.400,-30.000,0.030,3.333,false,false,true,false,false,false
witness_rod_seized,0.080,2.400,-15.000,0.000,18.333,false,false,true,false,false,false
witness_rod_seized,0.080,2.400,-15.000,0.005,18.333,false,false,true,false,false,false
witness_rod_seized,0.080,2.400,-15.000,0.010,18.333,false,false,true,false,false,false
witness_rod_seized,0.080,2.400,-15.000,0.030,18.333,false,false,true,false,false,false
witness_rod_seized,0.080,2.400,0.000,0.000,33.333,false,false,true,true,true,true
witness_rod_seized,0.080,2.400,0.000,0.005,33.333,false,false,true,true,true,true
witness_rod_seized,0.080,2.400,0.000,0.010,33.333,false,false,true,true,true,true
witness_rod_seized,0.080,2.400,0.000,0.030,33.333,false,false,true,true,true,true
witness_rod_seized,0.080,2.400,15.000,0.000,48.333,false,false,true,true,true,true
witness_rod_seized,0.080,2.400,15.000,0.005,48.333,false,false,true,true,true,true
witness_rod_seized,0.080,2.400,15.000,0.010,48.333,false,false,true,true,true,true
witness_rod_seized,0.080,2.400,15.000,0.030,48.333,false,false,true,true,true,true
witness_rod_seized,0.080,2.400,30.000,0.000,63.333,false,false,true,true,true,true
witness_rod_seized,0.080,2.400,30.000,0.005,63.333,false,false,true,true,true,true
witness_rod_seized,0.080,2.400,30.000,0.010,63.333,false,false,true,true,true,true
witness_rod_seized,0.080,2.400,30.000,0.030,63.333,false,false,true,true,true,true
witness_rod_seized,0.100,1.600,-30.000,0.000,32.500,false,false,true,true,true,true
witness_rod_seized,0.100,1.600,-30.000,0.005,32.500,false,false,true,true,true,true
witness_rod_seized,0.100,1.600,-30.000,0.010,32.500,false,false,true,true,true,true
witness_rod_seized,0.100,1.600,-30.000,0.030,32.500,false,false,true,true,true,true
witness_rod_seized,0.100,1.600,-15.000,0.000,47.500,false,false,true,true,true,true
witness_rod_seized,0.100,1.600,-15.000,0.005,47.500,false,false,true,true,true,true
witness_rod_seized,0.100,1.600,-15.000,0.010,47.500,false,false,true,true,true,true
witness_rod_seized,0.100,1.600,-15.000,0.030,47.500,false,false,true,true,true,true
witness_rod_seized,0.100,1.600,0.000,0.000,62.500,false,false,true,true,true,true
witness_rod_seized,0.100,1.600,0.000,0.005,62.500,false,false,true,true,true,true
witness_rod_seized,0.100,1.600,0.000,0.010,62.500,false,false,true,true,true,true
witness_rod_seized,0.100,1.600,0.000,0.030,62.500,false,false,true,true,true,true
witness_rod_seized,0.100,1.600,15.000,0.000,77.500,false,false,true,true,true,true
witness_rod_seized,0.100,1.600,15.000,0.005,77.500,false,false,true,true,true,true
witness_rod_seized,0.100,1.600,15.000,0.010,77.500,false,false,true,true,true,true
witness_rod_seized,0.100,1.600,15.000,0.030,77.500,false,false,true,true,true,true
witness_rod_seized,0.100,1.600,30.000,0.000,92.500,false,false,true,true,true,true
witness_rod_seized,0.100,1.600,30.000,0.005,92.500,false,false,true,true,true,true
witness_rod_seized,0.100,1.600,30.000,0.010,92.500,false,false,true,true,true,true
witness_rod_seized,0.100,1.600,30.000,0.030,92.500,false,false,true,true,true,true
witness_rod_seized,0.100,2.000,-30.000,0.000,20.000,false,false,true,false,false,false
witness_rod_seized,0.100,2.000,-30.000,0.005,20.000,false,false,true,false,false,false
witness_rod_seized,0.100,2.000,-30.000,0.010,20.000,false,false,true,false,false,false
witness_rod_seized,0.100,2.000,-30.000,0.030,20.000,false,false,true,false,false,false
witness_rod_seized,0.100,2.000,-15.000,0.000,35.000,false,false,true,true,true,true
witness_rod_seized,0.100,2.000,-15.000,0.005,35.000,false,false,true,true,true,true
witness_rod_seized,0.100,2.000,-15.000,0.010,35.000,false,false,true,true,true,true
witness_rod_seized,0.100,2.000,-15.000,0.030,35.000,false,false,true,true,true,true
witness_rod_seized,0.100,2.000,0.000,0.000,50.000,false,false,true,true,true,true
witness_rod_seized,0.100,2.000,0.000,0.005,50.000,false,false,true,true,true,true
witness_rod_seized,0.100,2.000,0.000,0.010,50.000,false,false,true,true,true,true
witness_rod_seized,0.100,2.000,0.000,0.030,50.000,false,false,true,true,true,true
witness_rod_seized,0.100,2.000,15.000,0.000,65.000,false,false,true,true,true,true
witness_rod_seized,0.100,2.000,15.000,0.005,65.000,false,false,true,true,true,true
witness_rod_seized,0.100,2.000,15.000,0.010,65.000,false,false,true,true,true,true
witness_rod_seized,0.100,2.000,15.000,0.030,65.000,false,false,true,true,true,true
witness_rod_seized,0.100,2.000,30.000,0.000,80.000,false,false,true,true,true,true
witness_rod_seized,0.100,2.000,30.000,0.005,80.000,false,false,true,true,true,true
witness_rod_seized,0.100,2.000,30.000,0.010,80.000,false,false,true,true,true,true
witness_rod_seized,0.100,2.000,30.000,0.030,80.000,false,false,true,true,true,true
witness_rod_seized,0.100,2.400,-30.000,0.000,11.667,false,false,true,false,false,false
witness_rod_seized,0.100,2.400,-30.000,0.005,11.667,false,false,true,false,false,false
witness_rod_seized,0.100,2.400,-30.000,0.010,11.667,false,false,true,false,false,false
witness_rod_seized,0.100,2.400,-30.000,0.030,11.667,false,false,true,false,false,false
witness_rod_seized,0.100,2.400,-15.000,0.000,26.667,false,false,true,true,true,true
witness_rod_seized,0.100,2.400,-15.000,0.005,26.667,false,false,true,true,true,true
witness_rod_seized,0.100,2.400,-15.000,0.010,26.667,false,false,true,true,true,true
witness_rod_seized,0.100,2.400,-15.000,0.030,26.667,false,false,true,true,true,true
witness_rod_seized,0.100,2.400,0.000,0.000,41.667,false,false,true,true,true,true
witness_rod_seized,0.100,2.400,0.000,0.005,41.667,false,false,true,true,true,true
witness_rod_seized,0.100,2.400,0.000,0.010,41.667,false,false,true,true,true,true
witness_rod_seized,0.100,2.400,0.000,0.030,41.667,false,false,true,true,true,true
witness_rod_seized,0.100,2.400,15.000,0.000,56.667,false,false,true,true,true,true
witness_rod_seized,0.100,2.400,15.000,0.005,56.667,false,false,true,true,true,true
witness_rod_seized,0.100,2.400,15.000,0.010,56.667,false,false,true,true,true,true
witness_rod_seized,0.100,2.400,15.000,0.030,56.667,false,false,true,true,true,true
witness_rod_seized,0.100,2.400,30.000,0.000,71.667,false,false,true,true,true,true
witness_rod_seized,0.100,2.400,30.000,0.005,71.667,false,false,true,true,true,true
witness_rod_seized,0.100,2.400,30.000,0.010,71.667,false,false,true,true,true,true
witness_rod_seized,0.100,2.400,30.000,0.030,71.667,false,false,true,true,true,true
witness_rod_seized,0.120,1.600,-30.000,0.000,45.000,false,false,true,true,true,true
witness_rod_seized,0.120,1.600,-30.000,0.005,45.000,false,false,true,true,true,true
witness_rod_seized,0.120,1.600,-30.000,0.010,45.000,false,false,true,true,true,true
witness_rod_seized,0.120,1.600,-30.000,0.030,45.000,false,false,true,true,true,true
witness_rod_seized,0.120,1.600,-15.000,0.000,60.000,false,false,true,true,true,true
witness_rod_seized,0.120,1.600,-15.000,0.005,60.000,false,false,true,true,true,true
witness_rod_seized,0.120,1.600,-15.000,0.010,60.000,false,false,true,true,true,true
witness_rod_seized,0.120,1.600,-15.000,0.030,60.000,false,false,true,true,true,true
witness_rod_seized,0.120,1.600,0.000,0.000,75.000,false,false,true,true,true,true
witness_rod_seized,0.120,1.600,0.000,0.005,75.000,false,false,true,true,true,true
witness_rod_seized,0.120,1.600,0.000,0.010,75.000,false,false,true,true,true,true
witness_rod_seized,0.120,1.600,0.000,0.030,75.000,false,false,true,true,true,true
witness_rod_seized,0.120,1.600,15.000,0.000,90.000,false,false,true,true,true,true
witness_rod_seized,0.120,1.600,15.000,0.005,90.000,false,false,true,true,true,true
witness_rod_seized,0.120,1.600,15.000,0.010,90.000,false,false,true,true,true,true
witness_rod_seized,0.120,1.600,15.000,0.030,90.000,false,false,true,true,true,true
witness_rod_seized,0.120,1.600,30.000,0.000,105.000,false,false,true,true,true,true
witness_rod_seized,0.120,1.600,30.000,0.005,105.000,false,false,true,true,true,true
witness_rod_seized,0.120,1.600,30.000,0.010,105.000,false,false,true,true,true,true
witness_rod_seized,0.120,1.600,30.000,0.030,105.000,false,false,true,true,true,true
witness_rod_seized,0.120,2.000,-30.000,0.000,30.000,false,false,true,true,true,true
witness_rod_seized,0.120,2.000,-30.000,0.005,30.000,false,false,true,true,true,true
witness_rod_seized,0.120,2.000,-30.000,0.010,30.000,false,false,true,true,true,true
witness_rod_seized,0.120,2.000,-30.000,0.030,30.000,false,false,true,true,true,true
witness_rod_seized,0.120,2.000,-15.000,0.000,45.000,false,false,true,true,true,true
witness_rod_seized,0.120,2.000,-15.000,0.005,45.000,false,false,true,true,true,true
witness_rod_seized,0.120,2.000,-15.000,0.010,45.000,false,false,true,true,true,true
witness_rod_seized,0.120,2.000,-15.000,0.030,45.000,false,false,true,true,true,true
witness_rod_seized,0.120,2.000,0.000,0.000,60.000,false,false,true,true,true,true
witness_rod_seized,0.120,2.000,0.000,0.005,60.000,false,false,true,true,true,true
witness_rod_seized,0.120,2.000,0.000,0.010,60.000,false,false,true,true,true,true
witness_rod_seized,0.120,2.000,0.000,0.030,60.000,false,false,true,true,true,true
witness_rod_seized,0.120,2.000,15.000,0.000,75.000,false,false,true,true,true,true
witness_rod_seized,0.120,2.000,15.000,0.005,75.000,false,false,true,true,true,true
witness_rod_seized,0.120,2.000,15.000,0.010,75.000,false,false,true,true,true,true
witness_rod_seized,0.120,2.000,15.000,0.030,75.000,false,false,true,true,true,true
witness_rod_seized,0.120,2.000,30.000,0.000,90.000,false,false,true,true,true,true
witness_rod_seized,0.120,2.000,30.000,0.005,90.000,false,false,true,true,true,true
witness_rod_seized,0.120,2.000,30.000,0.010,90.000,false,false,true,true,true,true
witness_rod_seized,0.120,2.000,30.000,0.030,90.000,false,false,true,true,true,true
witness_rod_seized,0.120,2.400,-30.000,0.000,20.000,false,false,true,false,false,false
witness_rod_seized,0.120,2.400,-30.000,0.005,20.000,false,false,true,false,false,false
witness_rod_seized,0.120,2.400,-30.000,0.010,20.000,false,false,true,false,false,false
witness_rod_seized,0.120,2.400,-30.000,0.030,20.000,false,false,true,false,false,false
witness_rod_seized,0.120,2.400,-15.000,0.000,35.000,false,false,true,true,true,true
witness_rod_seized,0.120,2.400,-15.000,0.005,35.000,false,false,true,true,true,true
witness_rod_seized,0.120,2.400,-15.000,0.010,35.000,false,false,true,true,true,true
witness_rod_seized,0.120,2.400,-15.000,0.030,35.000,false,false,true,true,true,true
witness_rod_seized,0.120,2.400,0.000,0.000,50.000,false,false,true,true,true,true
witness_rod_seized,0.120,2.400,0.000,0.005,50.000,false,false,true,true,true,true
witness_rod_seized,0.120,2.400,0.000,0.010,50.000,false,false,true,true,true,true
witness_rod_seized,0.120,2.400,0.000,0.030,50.000,false,false,true,true,true,true
witness_rod_seized,0.120,2.400,15.000,0.000,65.000,false,false,true,true,true,true
witness_rod_seized,0.120,2.400,15.000,0.005,65.000,false,false,true,true,true,true
witness_rod_seized,0.120,2.400,15.000,0.010,65.000,false,false,true,true,true,true
witness_rod_seized,0.120,2.400,15.000,0.030,65.000,false,false,true,true,true,true
witness_rod_seized,0.120,2.400,30.000,0.000,80.000,false,false,true,true,true,true
witness_rod_seized,0.120,2.400,30.000,0.005,80.000,false,false,true,true,true,true
witness_rod_seized,0.120,2.400,30.000,0.010,80.000,false,false,true,true,true,true
witness_rod_seized,0.120,2.400,30.000,0.030,80.000,false,false,true,true,true,true
witness_rod_seized,0.180,1.600,-30.000,0.000,82.500,false,false,true,true,true,true
witness_rod_seized,0.180,1.600,-30.000,0.005,82.500,false,false,true,true,true,true
witness_rod_seized,0.180,1.600,-30.000,0.010,82.500,false,false,true,true,true,true
witness_rod_seized,0.180,1.600,-30.000,0.030,82.500,false,false,true,true,true,true
witness_rod_seized,0.180,1.600,-15.000,0.000,97.500,false,false,true,true,true,true
witness_rod_seized,0.180,1.600,-15.000,0.005,97.500,false,false,true,true,true,true
witness_rod_seized,0.180,1.600,-15.000,0.010,97.500,false,false,true,true,true,true
witness_rod_seized,0.180,1.600,-15.000,0.030,97.500,false,false,true,true,true,true
witness_rod_seized,0.180,1.600,0.000,0.000,112.500,false,false,true,true,true,true
witness_rod_seized,0.180,1.600,0.000,0.005,112.500,false,false,true,true,true,true
witness_rod_seized,0.180,1.600,0.000,0.010,112.500,false,false,true,true,true,true
witness_rod_seized,0.180,1.600,0.000,0.030,112.500,false,false,true,true,true,true
witness_rod_seized,0.180,1.600,15.000,0.000,127.500,false,false,true,true,true,true
witness_rod_seized,0.180,1.600,15.000,0.005,127.500,false,false,true,true,true,true
witness_rod_seized,0.180,1.600,15.000,0.010,127.500,false,false,true,true,true,true
witness_rod_seized,0.180,1.600,15.000,0.030,127.500,false,false,true,true,true,true
witness_rod_seized,0.180,1.600,30.000,0.000,142.500,false,false,true,true,true,true
witness_rod_seized,0.180,1.600,30.000,0.005,142.500,false,false,true,true,true,true
witness_rod_seized,0.180,1.600,30.000,0.010,142.500,false,false,true,true,true,true
witness_rod_seized,0.180,1.600,30.000,0.030,142.500,false,false,true,true,true,true
witness_rod_seized,0.180,2.000,-30.000,0.000,60.000,false,false,true,true,true,true
witness_rod_seized,0.180,2.000,-30.000,0.005,60.000,false,false,true,true,true,true
witness_rod_seized,0.180,2.000,-30.000,0.010,60.000,false,false,true,true,true,true
witness_rod_seized,0.180,2.000,-30.000,0.030,60.000,false,false,true,true,true,true
witness_rod_seized,0.180,2.000,-15.000,0.000,75.000,false,false,true,true,true,true
witness_rod_seized,0.180,2.000,-15.000,0.005,75.000,false,false,true,true,true,true
witness_rod_seized,0.180,2.000,-15.000,0.010,75.000,false,false,true,true,true,true
witness_rod_seized,0.180,2.000,-15.000,0.030,75.000,false,false,true,true,true,true
witness_rod_seized,0.180,2.000,0.000,0.000,90.000,false,false,true,true,true,true
witness_rod_seized,0.180,2.000,0.000,0.005,90.000,false,false,true,true,true,true
witness_rod_seized,0.180,2.000,0.000,0.010,90.000,false,false,true,true,true,true
witness_rod_seized,0.180,2.000,0.000,0.030,90.000,false,false,true,true,true,true
witness_rod_seized,0.180,2.000,15.000,0.000,105.000,false,false,true,true,true,true
witness_rod_seized,0.180,2.000,15.000,0.005,105.000,false,false,true,true,true,true
witness_rod_seized,0.180,2.000,15.000,0.010,105.000,false,false,true,true,true,true
witness_rod_seized,0.180,2.000,15.000,0.030,105.000,false,false,true,true,true,true
witness_rod_seized,0.180,2.000,30.000,0.000,120.000,false,false,true,true,true,true
witness_rod_seized,0.180,2.000,30.000,0.005,120.000,false,false,true,true,true,true
witness_rod_seized,0.180,2.000,30.000,0.010,120.000,false,false,true,true,true,true
witness_rod_seized,0.180,2.000,30.000,0.030,120.000,false,false,true,true,true,true
witness_rod_seized,0.180,2.400,-30.000,0.000,45.000,false,false,true,true,true,true
witness_rod_seized,0.180,2.400,-30.000,0.005,45.000,false,false,true,true,true,true
witness_rod_seized,0.180,2.400,-30.000,0.010,45.000,false,false,true,true,true,true
witness_rod_seized,0.180,2.400,-30.000,0.030,45.000,false,false,true,true,true,true
witness_rod_seized,0.180,2.400,-15.000,0.000,60.000,false,false,true,true,true,true
witness_rod_seized,0.180,2.400,-15.000,0.005,60.000,false,false,true,true,true,true
witness_rod_seized,0.180,2.400,-15.000,0.010,60.000,false,false,true,true,true,true
witness_rod_seized,0.180,2.400,-15.000,0.030,60.000,false,false,true,true,true,true
witness_rod_seized,0.180,2.400,0.000,0.000,75.000,false,false,true,true,true,true
witness_rod_seized,0.180,2.400,0.000,0.005,75.000,false,false,true,true,true,true
witness_rod_seized,0.180,2.400,0.000,0.010,75.000,false,false,true,true,true,true
witness_rod_seized,0.180,2.400,0.000,0.030,75.000,false,false,true,true,true,true
witness_rod_seized,0.180,2.400,15.000,0.000,90.000,false,false,true,true,true,true
witness_rod_seized,0.180,2.400,15.000,0.005,90.000,false,false,true,true,true,true
witness_rod_seized,0.180,2.400,15.000,0.010,90.000,false,false,true,true,true,true
witness_rod_seized,0.180,2.400,15.000,0.030,90.000,false,false,true,true,true,true
witness_rod_seized,0.180,2.400,30.000,0.000,105.000,false,false,true,true,true,true
witness_rod_seized,0.180,2.400,30.000,0.005,105.000,false,false,true,true,true,true
witness_rod_seized,0.180,2.400,30.000,0.010,105.000,false,false,true,true,true,true
witness_rod_seized,0.180,2.400,30.000,0.030,105.000,false,false,true,true,true,true
witness_rod_seized,0.280,1.600,-30.000,0.000,145.000,false,false,true,true,true,true
witness_rod_seized,0.280,1.600,-30.000,0.005,145.000,false,false,true,true,true,true
witness_rod_seized,0.280,1.600,-30.000,0.010,145.000,false,false,true,true,true,true
witness_rod_seized,0.280,1.600,-30.000,0.030,145.000,false,false,true,true,true,true
witness_rod_seized,0.280,1.600,-15.000,0.000,160.000,false,false,true,true,true,true
witness_rod_seized,0.280,1.600,-15.000,0.005,160.000,false,false,true,true,true,true
witness_rod_seized,0.280,1.600,-15.000,0.010,160.000,false,false,true,true,true,true
witness_rod_seized,0.280,1.600,-15.000,0.030,160.000,false,false,true,true,true,true
witness_rod_seized,0.280,1.600,0.000,0.000,175.000,false,false,true,true,true,true
witness_rod_seized,0.280,1.600,0.000,0.005,175.000,false,false,true,true,true,true
witness_rod_seized,0.280,1.600,0.000,0.010,175.000,false,false,true,true,true,true
witness_rod_seized,0.280,1.600,0.000,0.030,175.000,false,false,true,true,true,true
witness_rod_seized,0.280,1.600,15.000,0.000,190.000,false,false,true,true,true,true
witness_rod_seized,0.280,1.600,15.000,0.005,190.000,false,false,true,true,true,true
witness_rod_seized,0.280,1.600,15.000,0.010,190.000,false,false,true,true,true,true
witness_rod_seized,0.280,1.600,15.000,0.030,190.000,false,false,true,true,true,true
witness_rod_seized,0.280,1.600,30.000,0.000,205.000,false,false,true,true,true,true
witness_rod_seized,0.280,1.600,30.000,0.005,205.000,false,false,true,true,true,true
witness_rod_seized,0.280,1.600,30.000,0.010,205.000,false,false,true,true,true,true
witness_rod_seized,0.280,1.600,30.000,0.030,205.000,false,false,true,true,true,true
witness_rod_seized,0.280,2.000,-30.000,0.000,110.000,false,false,true,true,true,true
witness_rod_seized,0.280,2.000,-30.000,0.005,110.000,false,false,true,true,true,true
witness_rod_seized,0.280,2.000,-30.000,0.010,110.000,false,false,true,true,true,true
witness_rod_seized,0.280,2.000,-30.000,0.030,110.000,false,false,true,true,true,true
witness_rod_seized,0.280,2.000,-15.000,0.000,125.000,false,false,true,true,true,true
witness_rod_seized,0.280,2.000,-15.000,0.005,125.000,false,false,true,true,true,true
witness_rod_seized,0.280,2.000,-15.000,0.010,125.000,false,false,true,true,true,true
witness_rod_seized,0.280,2.000,-15.000,0.030,125.000,false,false,true,true,true,true
witness_rod_seized,0.280,2.000,0.000,0.000,140.000,false,false,true,true,true,true
witness_rod_seized,0.280,2.000,0.000,0.005,140.000,false,false,true,true,true,true
witness_rod_seized,0.280,2.000,0.000,0.010,140.000,false,false,true,true,true,true
witness_rod_seized,0.280,2.000,0.000,0.030,140.000,false,false,true,true,true,true
witness_rod_seized,0.280,2.000,15.000,0.000,155.000,false,false,true,true,true,true
witness_rod_seized,0.280,2.000,15.000,0.005,155.000,false,false,true,true,true,true
witness_rod_seized,0.280,2.000,15.000,0.010,155.000,false,false,true,true,true,true
witness_rod_seized,0.280,2.000,15.000,0.030,155.000,false,false,true,true,true,true
witness_rod_seized,0.280,2.000,30.000,0.000,170.000,false,false,true,true,true,true
witness_rod_seized,0.280,2.000,30.000,0.005,170.000,false,false,true,true,true,true
witness_rod_seized,0.280,2.000,30.000,0.010,170.000,false,false,true,true,true,true
witness_rod_seized,0.280,2.000,30.000,0.030,170.000,false,false,true,true,true,true
witness_rod_seized,0.280,2.400,-30.000,0.000,86.667,false,false,true,true,true,true
witness_rod_seized,0.280,2.400,-30.000,0.005,86.667,false,false,true,true,true,true
witness_rod_seized,0.280,2.400,-30.000,0.010,86.667,false,false,true,true,true,true
witness_rod_seized,0.280,2.400,-30.000,0.030,86.667,false,false,true,true,true,true
witness_rod_seized,0.280,2.400,-15.000,0.000,101.667,false,false,true,true,true,true
witness_rod_seized,0.280,2.400,-15.000,0.005,101.667,false,false,true,true,true,true
witness_rod_seized,0.280,2.400,-15.000,0.010,101.667,false,false,true,true,true,true
witness_rod_seized,0.280,2.400,-15.000,0.030,101.667,false,false,true,true,true,true
witness_rod_seized,0.280,2.400,0.000,0.000,116.667,false,false,true,true,true,true
witness_rod_seized,0.280,2.400,0.000,0.005,116.667,false,false,true,true,true,true
witness_rod_seized,0.280,2.400,0.000,0.010,116.667,false,false,true,true,true,true
witness_rod_seized,0.280,2.400,0.000,0.030,116.667,false,false,true,true,true,true
witness_rod_seized,0.280,2.400,15.000,0.000,131.667,false,false,true,true,true,true
witness_rod_seized,0.280,2.400,15.000,0.005,131.667,false,false,true,true,true,true
witness_rod_seized,0.280,2.400,15.000,0.010,131.667,false,false,true,true,true,true
witness_rod_seized,0.280,2.400,15.000,0.030,131.667,false,false,true,true,true,true
witness_rod_seized,0.280,2.400,30.000,0.000,146.667,false,false,true,true,true,true
witness_rod_seized,0.280,2.400,30.000,0.005,146.667,false,false,true,true,true,true
witness_rod_seized,0.280,2.400,30.000,0.010,146.667,false,false,true,true,true,true
witness_rod_seized,0.280,2.400,30.000,0.030,146.667,false,false,true,true,true,true
sensor_frozen_fresh,0.080,1.600,-30.000,0.000,20.000,false,false,true,false,false,false
sensor_frozen_fresh,0.080,1.600,-30.000,0.005,20.000,false,false,true,false,false,false
sensor_frozen_fresh,0.080,1.600,-30.000,0.010,20.000,false,false,true,false,false,false
sensor_frozen_fresh,0.080,1.600,-30.000,0.030,20.000,false,false,true,false,false,false
sensor_frozen_fresh,0.080,1.600,-15.000,0.000,35.000,false,false,true,true,true,true
sensor_frozen_fresh,0.080,1.600,-15.000,0.005,35.000,false,false,true,true,true,true
sensor_frozen_fresh,0.080,1.600,-15.000,0.010,35.000,false,false,true,true,true,true
sensor_frozen_fresh,0.080,1.600,-15.000,0.030,35.000,false,false,true,true,true,true
sensor_frozen_fresh,0.080,1.600,0.000,0.000,50.000,false,false,true,true,true,true
sensor_frozen_fresh,0.080,1.600,0.000,0.005,50.000,false,false,true,true,true,true
sensor_frozen_fresh,0.080,1.600,0.000,0.010,50.000,false,false,true,true,true,true
sensor_frozen_fresh,0.080,1.600,0.000,0.030,50.000,false,false,true,true,true,true
sensor_frozen_fresh,0.080,1.600,15.000,0.000,65.000,false,false,true,true,true,true
sensor_frozen_fresh,0.080,1.600,15.000,0.005,65.000,false,false,true,true,true,true
sensor_frozen_fresh,0.080,1.600,15.000,0.010,65.000,false,false,true,true,true,true
sensor_frozen_fresh,0.080,1.600,15.000,0.030,65.000,false,false,true,true,true,true
sensor_frozen_fresh,0.080,1.600,30.000,0.000,80.000,false,false,true,true,true,true
sensor_frozen_fresh,0.080,1.600,30.000,0.005,80.000,false,false,true,true,true,true
sensor_frozen_fresh,0.080,1.600,30.000,0.010,80.000,false,false,true,true,true,true
sensor_frozen_fresh,0.080,1.600,30.000,0.030,80.000,false,false,true,true,true,true
sensor_frozen_fresh,0.080,2.000,-30.000,0.000,10.000,false,false,true,false,false,false
sensor_frozen_fresh,0.080,2.000,-30.000,0.005,10.000,false,false,true,false,false,false
sensor_frozen_fresh,0.080,2.000,-30.000,0.010,10.000,false,false,true,false,false,false
sensor_frozen_fresh,0.080,2.000,-30.000,0.030,10.000,false,false,true,false,false,false
sensor_frozen_fresh,0.080,2.000,-15.000,0.000,25.000,false,false,true,true,true,true
sensor_frozen_fresh,0.080,2.000,-15.000,0.005,25.000,false,false,true,true,true,true
sensor_frozen_fresh,0.080,2.000,-15.000,0.010,25.000,false,false,true,true,true,true
sensor_frozen_fresh,0.080,2.000,-15.000,0.030,25.000,false,false,true,true,true,true
sensor_frozen_fresh,0.080,2.000,0.000,0.000,40.000,false,false,true,true,true,true
sensor_frozen_fresh,0.080,2.000,0.000,0.005,40.000,false,false,true,true,true,true
sensor_frozen_fresh,0.080,2.000,0.000,0.010,40.000,false,false,true,true,true,true
sensor_frozen_fresh,0.080,2.000,0.000,0.030,40.000,false,false,true,true,true,true
sensor_frozen_fresh,0.080,2.000,15.000,0.000,55.000,false,false,true,true,true,true
sensor_frozen_fresh,0.080,2.000,15.000,0.005,55.000,false,false,true,true,true,true
sensor_frozen_fresh,0.080,2.000,15.000,0.010,55.000,false,false,true,true,true,true
sensor_frozen_fresh,0.080,2.000,15.000,0.030,55.000,false,false,true,true,true,true
sensor_frozen_fresh,0.080,2.000,30.000,0.000,70.000,false,false,true,true,true,true
sensor_frozen_fresh,0.080,2.000,30.000,0.005,70.000,false,false,true,true,true,true
sensor_frozen_fresh,0.080,2.000,30.000,0.010,70.000,false,false,true,true,true,true
sensor_frozen_fresh,0.080,2.000,30.000,0.030,70.000,false,false,true,true,true,true
sensor_frozen_fresh,0.080,2.400,-30.000,0.000,3.333,false,false,true,false,false,false
sensor_frozen_fresh,0.080,2.400,-30.000,0.005,3.333,false,false,true,false,false,false
sensor_frozen_fresh,0.080,2.400,-30.000,0.010,3.333,false,false,true,false,false,false
sensor_frozen_fresh,0.080,2.400,-30.000,0.030,3.333,false,false,true,false,false,false
sensor_frozen_fresh,0.080,2.400,-15.000,0.000,18.333,false,false,true,false,false,false
sensor_frozen_fresh,0.080,2.400,-15.000,0.005,18.333,false,false,true,false,false,false
sensor_frozen_fresh,0.080,2.400,-15.000,0.010,18.333,false,false,true,false,false,false
sensor_frozen_fresh,0.080,2.400,-15.000,0.030,18.333,false,false,true,false,false,false
sensor_frozen_fresh,0.080,2.400,0.000,0.000,33.333,false,false,true,true,true,true
sensor_frozen_fresh,0.080,2.400,0.000,0.005,33.333,false,false,true,true,true,true
sensor_frozen_fresh,0.080,2.400,0.000,0.010,33.333,false,false,true,true,true,true
sensor_frozen_fresh,0.080,2.400,0.000,0.030,33.333,false,false,true,true,true,true
sensor_frozen_fresh,0.080,2.400,15.000,0.000,48.333,false,false,true,true,true,true
sensor_frozen_fresh,0.080,2.400,15.000,0.005,48.333,false,false,true,true,true,true
sensor_frozen_fresh,0.080,2.400,15.000,0.010,48.333,false,false,true,true,true,true
sensor_frozen_fresh,0.080,2.400,15.000,0.030,48.333,false,false,true,true,true,true
sensor_frozen_fresh,0.080,2.400,30.000,0.000,63.333,false,false,true,true,true,true
sensor_frozen_fresh,0.080,2.400,30.000,0.005,63.333,false,false,true,true,true,true
sensor_frozen_fresh,0.080,2.400,30.000,0.010,63.333,false,false,true,true,true,true
sensor_frozen_fresh,0.080,2.400,30.000,0.030,63.333,false,false,true,true,true,true
sensor_frozen_fresh,0.100,1.600,-30.000,0.000,32.500,false,false,true,true,true,true
sensor_frozen_fresh,0.100,1.600,-30.000,0.005,32.500,false,false,true,true,true,true
sensor_frozen_fresh,0.100,1.600,-30.000,0.010,32.500,false,false,true,true,true,true
sensor_frozen_fresh,0.100,1.600,-30.000,0.030,32.500,false,false,true,true,true,true
sensor_frozen_fresh,0.100,1.600,-15.000,0.000,47.500,false,false,true,true,true,true
sensor_frozen_fresh,0.100,1.600,-15.000,0.005,47.500,false,false,true,true,true,true
sensor_frozen_fresh,0.100,1.600,-15.000,0.010,47.500,false,false,true,true,true,true
sensor_frozen_fresh,0.100,1.600,-15.000,0.030,47.500,false,false,true,true,true,true
sensor_frozen_fresh,0.100,1.600,0.000,0.000,62.500,false,false,true,true,true,true
sensor_frozen_fresh,0.100,1.600,0.000,0.005,62.500,false,false,true,true,true,true
sensor_frozen_fresh,0.100,1.600,0.000,0.010,62.500,false,false,true,true,true,true
sensor_frozen_fresh,0.100,1.600,0.000,0.030,62.500,false,false,true,true,true,true
sensor_frozen_fresh,0.100,1.600,15.000,0.000,77.500,false,false,true,true,true,true
sensor_frozen_fresh,0.100,1.600,15.000,0.005,77.500,false,false,true,true,true,true
sensor_frozen_fresh,0.100,1.600,15.000,0.010,77.500,false,false,true,true,true,true
sensor_frozen_fresh,0.100,1.600,15.000,0.030,77.500,false,false,true,true,true,true
sensor_frozen_fresh,0.100,1.600,30.000,0.000,92.500,false,false,true,true,true,true
sensor_frozen_fresh,0.100,1.600,30.000,0.005,92.500,false,false,true,true,true,true
sensor_frozen_fresh,0.100,1.600,30.000,0.010,92.500,false,false,true,true,true,true
sensor_frozen_fresh,0.100,1.600,30.000,0.030,92.500,false,false,true,true,true,true
sensor_frozen_fresh,0.100,2.000,-30.000,0.000,20.000,false,false,true,false,false,false
sensor_frozen_fresh,0.100,2.000,-30.000,0.005,20.000,false,false,true,false,false,false
sensor_frozen_fresh,0.100,2.000,-30.000,0.010,20.000,false,false,true,false,false,false
sensor_frozen_fresh,0.100,2.000,-30.000,0.030,20.000,false,false,true,false,false,false
sensor_frozen_fresh,0.100,2.000,-15.000,0.000,35.000,false,false,true,true,true,true
sensor_frozen_fresh,0.100,2.000,-15.000,0.005,35.000,false,false,true,true,true,true
sensor_frozen_fresh,0.100,2.000,-15.000,0.010,35.000,false,false,true,true,true,true
sensor_frozen_fresh,0.100,2.000,-15.000,0.030,35.000,false,false,true,true,true,true
sensor_frozen_fresh,0.100,2.000,0.000,0.000,50.000,false,false,true,true,true,true
sensor_frozen_fresh,0.100,2.000,0.000,0.005,50.000,false,false,true,true,true,true
sensor_frozen_fresh,0.100,2.000,0.000,0.010,50.000,false,false,true,true,true,true
sensor_frozen_fresh,0.100,2.000,0.000,0.030,50.000,false,false,true,true,true,true
sensor_frozen_fresh,0.100,2.000,15.000,0.000,65.000,false,false,true,true,true,true
sensor_frozen_fresh,0.100,2.000,15.000,0.005,65.000,false,false,true,true,true,true
sensor_frozen_fresh,0.100,2.000,15.000,0.010,65.000,false,false,true,true,true,true
sensor_frozen_fresh,0.100,2.000,15.000,0.030,65.000,false,false,true,true,true,true
sensor_frozen_fresh,0.100,2.000,30.000,0.000,80.000,false,false,true,true,true,true
sensor_frozen_fresh,0.100,2.000,30.000,0.005,80.000,false,false,true,true,true,true
sensor_frozen_fresh,0.100,2.000,30.000,0.010,80.000,false,false,true,true,true,true
sensor_frozen_fresh,0.100,2.000,30.000,0.030,80.000,false,false,true,true,true,true
sensor_frozen_fresh,0.100,2.400,-30.000,0.000,11.667,false,false,true,false,false,false
sensor_frozen_fresh,0.100,2.400,-30.000,0.005,11.667,false,false,true,false,false,false
sensor_frozen_fresh,0.100,2.400,-30.000,0.010,11.667,false,false,true,false,false,false
sensor_frozen_fresh,0.100,2.400,-30.000,0.030,11.667,false,false,true,false,false,false
sensor_frozen_fresh,0.100,2.400,-15.000,0.000,26.667,false,false,true,true,true,true
sensor_frozen_fresh,0.100,2.400,-15.000,0.005,26.667,false,false,true,true,true,true
sensor_frozen_fresh,0.100,2.400,-15.000,0.010,26.667,false,false,true,true,true,true
sensor_frozen_fresh,0.100,2.400,-15.000,0.030,26.667,false,false,true,true,true,true
sensor_frozen_fresh,0.100,2.400,0.000,0.000,41.667,false,false,true,true,true,true
sensor_frozen_fresh,0.100,2.400,0.000,0.005,41.667,false,false,true,true,true,true
sensor_frozen_fresh,0.100,2.400,0.000,0.010,41.667,false,false,true,true,true,true
sensor_frozen_fresh,0.100,2.400,0.000,0.030,41.667,false,false,true,true,true,true
sensor_frozen_fresh,0.100,2.400,15.000,0.000,56.667,false,false,true,true,true,true
sensor_frozen_fresh,0.100,2.400,15.000,0.005,56.667,false,false,true,true,true,true
sensor_frozen_fresh,0.100,2.400,15.000,0.010,56.667,false,false,true,true,true,true
sensor_frozen_fresh,0.100,2.400,15.000,0.030,56.667,false,false,true,true,true,true
sensor_frozen_fresh,0.100,2.400,30.000,0.000,71.667,false,false,true,true,true,true
sensor_frozen_fresh,0.100,2.400,30.000,0.005,71.667,false,false,true,true,true,true
sensor_frozen_fresh,0.100,2.400,30.000,0.010,71.667,false,false,true,true,true,true
sensor_frozen_fresh,0.100,2.400,30.000,0.030,71.667,false,false,true,true,true,true
sensor_frozen_fresh,0.120,1.600,-30.000,0.000,45.000,false,false,true,true,true,true
sensor_frozen_fresh,0.120,1.600,-30.000,0.005,45.000,false,false,true,true,true,true
sensor_frozen_fresh,0.120,1.600,-30.000,0.010,45.000,false,false,true,true,true,true
sensor_frozen_fresh,0.120,1.600,-30.000,0.030,45.000,false,false,true,true,true,true
sensor_frozen_fresh,0.120,1.600,-15.000,0.000,60.000,false,false,true,true,true,true
sensor_frozen_fresh,0.120,1.600,-15.000,0.005,60.000,false,false,true,true,true,true
sensor_frozen_fresh,0.120,1.600,-15.000,0.010,60.000,false,false,true,true,true,true
sensor_frozen_fresh,0.120,1.600,-15.000,0.030,60.000,false,false,true,true,true,true
sensor_frozen_fresh,0.120,1.600,0.000,0.000,75.000,false,false,true,true,true,true
sensor_frozen_fresh,0.120,1.600,0.000,0.005,75.000,false,false,true,true,true,true
sensor_frozen_fresh,0.120,1.600,0.000,0.010,75.000,false,false,true,true,true,true
sensor_frozen_fresh,0.120,1.600,0.000,0.030,75.000,false,false,true,true,true,true
sensor_frozen_fresh,0.120,1.600,15.000,0.000,90.000,false,false,true,true,true,true
sensor_frozen_fresh,0.120,1.600,15.000,0.005,90.000,false,false,true,true,true,true
sensor_frozen_fresh,0.120,1.600,15.000,0.010,90.000,false,false,true,true,true,true
sensor_frozen_fresh,0.120,1.600,15.000,0.030,90.000,false,false,true,true,true,true
sensor_frozen_fresh,0.120,1.600,30.000,0.000,105.000,false,false,true,true,true,true
sensor_frozen_fresh,0.120,1.600,30.000,0.005,105.000,false,false,true,true,true,true
sensor_frozen_fresh,0.120,1.600,30.000,0.010,105.000,false,false,true,true,true,true
sensor_frozen_fresh,0.120,1.600,30.000,0.030,105.000,false,false,true,true,true,true
sensor_frozen_fresh,0.120,2.000,-30.000,0.000,30.000,false,false,true,true,true,true
sensor_frozen_fresh,0.120,2.000,-30.000,0.005,30.000,false,false,true,true,true,true
sensor_frozen_fresh,0.120,2.000,-30.000,0.010,30.000,false,false,true,true,true,true
sensor_frozen_fresh,0.120,2.000,-30.000,0.030,30.000,false,false,true,true,true,true
sensor_frozen_fresh,0.120,2.000,-15.000,0.000,45.000,false,false,true,true,true,true
sensor_frozen_fresh,0.120,2.000,-15.000,0.005,45.000,false,false,true,true,true,true
sensor_frozen_fresh,0.120,2.000,-15.000,0.010,45.000,false,false,true,true,true,true
sensor_frozen_fresh,0.120,2.000,-15.000,0.030,45.000,false,false,true,true,true,true
sensor_frozen_fresh,0.120,2.000,0.000,0.000,60.000,false,false,true,true,true,true
sensor_frozen_fresh,0.120,2.000,0.000,0.005,60.000,false,false,true,true,true,true
sensor_frozen_fresh,0.120,2.000,0.000,0.010,60.000,false,false,true,true,true,true
sensor_frozen_fresh,0.120,2.000,0.000,0.030,60.000,false,false,true,true,true,true
sensor_frozen_fresh,0.120,2.000,15.000,0.000,75.000,false,false,true,true,true,true
sensor_frozen_fresh,0.120,2.000,15.000,0.005,75.000,false,false,true,true,true,true
sensor_frozen_fresh,0.120,2.000,15.000,0.010,75.000,false,false,true,true,true,true
sensor_frozen_fresh,0.120,2.000,15.000,0.030,75.000,false,false,true,true,true,true
sensor_frozen_fresh,0.120,2.000,30.000,0.000,90.000,false,false,true,true,true,true
sensor_frozen_fresh,0.120,2.000,30.000,0.005,90.000,false,false,true,true,true,true
sensor_frozen_fresh,0.120,2.000,30.000,0.010,90.000,false,false,true,true,true,true
sensor_frozen_fresh,0.120,2.000,30.000,0.030,90.000,false,false,true,true,true,true
sensor_frozen_fresh,0.120,2.400,-30.000,0.000,20.000,false,false,true,false,false,false
sensor_frozen_fresh,0.120,2.400,-30.000,0.005,20.000,false,false,true,false,false,false
sensor_frozen_fresh,0.120,2.400,-30.000,0.010,20.000,false,false,true,false,false,false
sensor_frozen_fresh,0.120,2.400,-30.000,0.030,20.000,false,false,true,false,false,false
sensor_frozen_fresh,0.120,2.400,-15.000,0.000,35.000,false,false,true,true,true,true
sensor_frozen_fresh,0.120,2.400,-15.000,0.005,35.000,false,false,true,true,true,true
sensor_frozen_fresh,0.120,2.400,-15.000,0.010,35.000,false,false,true,true,true,true
sensor_frozen_fresh,0.120,2.400,-15.000,0.030,35.000,false,false,true,true,true,true
sensor_frozen_fresh,0.120,2.400,0.000,0.000,50.000,false,false,true,true,true,true
sensor_frozen_fresh,0.120,2.400,0.000,0.005,50.000,false,false,true,true,true,true
sensor_frozen_fresh,0.120,2.400,0.000,0.010,50.000,false,false,true,true,true,true
sensor_frozen_fresh,0.120,2.400,0.000,0.030,50.000,false,false,true,true,true,true
sensor_frozen_fresh,0.120,2.400,15.000,0.000,65.000,false,false,true,true,true,true
sensor_frozen_fresh,0.120,2.400,15.000,0.005,65.000,false,false,true,true,true,true
sensor_frozen_fresh,0.120,2.400,15.000,0.010,65.000,false,false,true,true,true,true
sensor_frozen_fresh,0.120,2.400,15.000,0.030,65.000,false,false,true,true,true,true
sensor_frozen_fresh,0.120,2.400,30.000,0.000,80.000,false,false,true,true,true,true
sensor_frozen_fresh,0.120,2.400,30.000,0.005,80.000,false,false,true,true,true,true
sensor_frozen_fresh,0.120,2.400,30.000,0.010,80.000,false,false,true,true,true,true
sensor_frozen_fresh,0.120,2.400,30.000,0.030,80.000,false,false,true,true,true,true
sensor_frozen_fresh,0.180,1.600,-30.000,0.000,82.500,false,false,true,true,true,true
sensor_frozen_fresh,0.180,1.600,-30.000,0.005,82.500,false,false,true,true,true,true
sensor_frozen_fresh,0.180,1.600,-30.000,0.010,82.500,false,false,true,true,true,true
sensor_frozen_fresh,0.180,1.600,-30.000,0.030,82.500,false,false,true,true,true,true
sensor_frozen_fresh,0.180,1.600,-15.000,0.000,97.500,false,false,true,true,true,true
sensor_frozen_fresh,0.180,1.600,-15.000,0.005,97.500,false,false,true,true,true,true
sensor_frozen_fresh,0.180,1.600,-15.000,0.010,97.500,false,false,true,true,true,true
sensor_frozen_fresh,0.180,1.600,-15.000,0.030,97.500,false,false,true,true,true,true
sensor_frozen_fresh,0.180,1.600,0.000,0.000,112.500,false,false,true,true,true,true
sensor_frozen_fresh,0.180,1.600,0.000,0.005,112.500,false,false,true,true,true,true
sensor_frozen_fresh,0.180,1.600,0.000,0.010,112.500,false,false,true,true,true,true
sensor_frozen_fresh,0.180,1.600,0.000,0.030,112.500,false,false,true,true,true,true
sensor_frozen_fresh,0.180,1.600,15.000,0.000,127.500,false,false,true,true,true,true
sensor_frozen_fresh,0.180,1.600,15.000,0.005,127.500,false,false,true,true,true,true
sensor_frozen_fresh,0.180,1.600,15.000,0.010,127.500,false,false,true,true,true,true
sensor_frozen_fresh,0.180,1.600,15.000,0.030,127.500,false,false,true,true,true,true
sensor_frozen_fresh,0.180,1.600,30.000,0.000,142.500,false,false,true,true,true,true
sensor_frozen_fresh,0.180,1.600,30.000,0.005,142.500,false,false,true,true,true,true
sensor_frozen_fresh,0.180,1.600,30.000,0.010,142.500,false,false,true,true,true,true
sensor_frozen_fresh,0.180,1.600,30.000,0.030,142.500,false,false,true,true,true,true
sensor_frozen_fresh,0.180,2.000,-30.000,0.000,60.000,false,false,true,true,true,true
sensor_frozen_fresh,0.180,2.000,-30.000,0.005,60.000,false,false,true,true,true,true
sensor_frozen_fresh,0.180,2.000,-30.000,0.010,60.000,false,false,true,true,true,true
sensor_frozen_fresh,0.180,2.000,-30.000,0.030,60.000,false,false,true,true,true,true
sensor_frozen_fresh,0.180,2.000,-15.000,0.000,75.000,false,false,true,true,true,true
sensor_frozen_fresh,0.180,2.000,-15.000,0.005,75.000,false,false,true,true,true,true
sensor_frozen_fresh,0.180,2.000,-15.000,0.010,75.000,false,false,true,true,true,true
sensor_frozen_fresh,0.180,2.000,-15.000,0.030,75.000,false,false,true,true,true,true
sensor_frozen_fresh,0.180,2.000,0.000,0.000,90.000,false,false,true,true,true,true
sensor_frozen_fresh,0.180,2.000,0.000,0.005,90.000,false,false,true,true,true,true
sensor_frozen_fresh,0.180,2.000,0.000,0.010,90.000,false,false,true,true,true,true
sensor_frozen_fresh,0.180,2.000,0.000,0.030,90.000,false,false,true,true,true,true
sensor_frozen_fresh,0.180,2.000,15.000,0.000,105.000,false,false,true,true,true,true
sensor_frozen_fresh,0.180,2.000,15.000,0.005,105.000,false,false,true,true,true,true
sensor_frozen_fresh,0.180,2.000,15.000,0.010,105.000,false,false,true,true,true,true
sensor_frozen_fresh,0.180,2.000,15.000,0.030,105.000,false,false,true,true,true,true
sensor_frozen_fresh,0.180,2.000,30.000,0.000,120.000,false,false,true,true,true,true
sensor_frozen_fresh,0.180,2.000,30.000,0.005,120.000,false,false,true,true,true,true
sensor_frozen_fresh,0.180,2.000,30.000,0.010,120.000,false,false,true,true,true,true
sensor_frozen_fresh,0.180,2.000,30.000,0.030,120.000,false,false,true,true,true,true
sensor_frozen_fresh,0.180,2.400,-30.000,0.000,45.000,false,false,true,true,true,true
sensor_frozen_fresh,0.180,2.400,-30.000,0.005,45.000,false,false,true,true,true,true
sensor_frozen_fresh,0.180,2.400,-30.000,0.010,45.000,false,false,true,true,true,true
sensor_frozen_fresh,0.180,2.400,-30.000,0.030,45.000,false,false,true,true,true,true
sensor_frozen_fresh,0.180,2.400,-15.000,0.000,60.000,false,false,true,true,true,true
sensor_frozen_fresh,0.180,2.400,-15.000,0.005,60.000,false,false,true,true,true,true
sensor_frozen_fresh,0.180,2.400,-15.000,0.010,60.000,false,false,true,true,true,true
sensor_frozen_fresh,0.180,2.400,-15.000,0.030,60.000,false,false,true,true,true,true
sensor_frozen_fresh,0.180,2.400,0.000,0.000,75.000,false,false,true,true,true,true
sensor_frozen_fresh,0.180,2.400,0.000,0.005,75.000,false,false,true,true,true,true
sensor_frozen_fresh,0.180,2.400,0.000,0.010,75.000,false,false,true,true,true,true
sensor_frozen_fresh,0.180,2.400,0.000,0.030,75.000,false,false,true,true,true,true
sensor_frozen_fresh,0.180,2.400,15.000,0.000,90.000,false,false,true,true,true,true
sensor_frozen_fresh,0.180,2.400,15.000,0.005,90.000,false,false,true,true,true,true
sensor_frozen_fresh,0.180,2.400,15.000,0.010,90.000,false,false,true,true,true,true
sensor_frozen_fresh,0.180,2.400,15.000,0.030,90.000,false,false,true,true,true,true
sensor_frozen_fresh,0.180,2.400,30.000,0.000,105.000,false,false,true,true,true,true
sensor_frozen_fresh,0.180,2.400,30.000,0.005,105.000,false,false,true,true,true,true
sensor_frozen_fresh,0.180,2.400,30.000,0.010,105.000,false,false,true,true,true,true
sensor_frozen_fresh,0.180,2.400,30.000,0.030,105.000,false,false,true,true,true,true
sensor_frozen_fresh,0.280,1.600,-30.000,0.000,145.000,false,false,true,true,true,true
sensor_frozen_fresh,0.280,1.600,-30.000,0.005,145.000,false,false,true,true,true,true
sensor_frozen_fresh,0.280,1.600,-30.000,0.010,145.000,false,false,true,true,true,true
sensor_frozen_fresh,0.280,1.600,-30.000,0.030,145.000,false,false,true,true,true,true
sensor_frozen_fresh,0.280,1.600,-15.000,0.000,160.000,false,false,true,true,true,true
sensor_frozen_fresh,0.280,1.600,-15.000,0.005,160.000,false,false,true,true,true,true
sensor_frozen_fresh,0.280,1.600,-15.000,0.010,160.000,false,false,true,true,true,true
sensor_frozen_fresh,0.280,1.600,-15.000,0.030,160.000,false,false,true,true,true,true
sensor_frozen_fresh,0.280,1.600,0.000,0.000,175.000,false,false,true,true,true,true
sensor_frozen_fresh,0.280,1.600,0.000,0.005,175.000,false,false,true,true,true,true
sensor_frozen_fresh,0.280,1.600,0.000,0.010,175.000,false,false,true,true,true,true
sensor_frozen_fresh,0.280,1.600,0.000,0.030,175.000,false,false,true,true,true,true
sensor_frozen_fresh,0.280,1.600,15.000,0.000,190.000,false,false,true,true,true,true
sensor_frozen_fresh,0.280,1.600,15.000,0.005,190.000,false,false,true,true,true,true
sensor_frozen_fresh,0.280,1.600,15.000,0.010,190.000,false,false,true,true,true,true
sensor_frozen_fresh,0.280,1.600,15.000,0.030,190.000,false,false,true,true,true,true
sensor_frozen_fresh,0.280,1.600,30.000,0.000,205.000,false,false,true,true,true,true
sensor_frozen_fresh,0.280,1.600,30.000,0.005,205.000,false,false,true,true,true,true
sensor_frozen_fresh,0.280,1.600,30.000,0.010,205.000,false,false,true,true,true,true
sensor_frozen_fresh,0.280,1.600,30.000,0.030,205.000,false,false,true,true,true,true
sensor_frozen_fresh,0.280,2.000,-30.000,0.000,110.000,false,false,true,true,true,true
sensor_frozen_fresh,0.280,2.000,-30.000,0.005,110.000,false,false,true,true,true,true
sensor_frozen_fresh,0.280,2.000,-30.000,0.010,110.000,false,false,true,true,true,true
sensor_frozen_fresh,0.280,2.000,-30.000,0.030,110.000,false,false,true,true,true,true
sensor_frozen_fresh,0.280,2.000,-15.000,0.000,125.000,false,false,true,true,true,true
sensor_frozen_fresh,0.280,2.000,-15.000,0.005,125.000,false,false,true,true,true,true
sensor_frozen_fresh,0.280,2.000,-15.000,0.010,125.000,false,false,true,true,true,true
sensor_frozen_fresh,0.280,2.000,-15.000,0.030,125.000,false,false,true,true,true,true
sensor_frozen_fresh,0.280,2.000,0.000,0.000,140.000,false,false,true,true,true,true
sensor_frozen_fresh,0.280,2.000,0.000,0.005,140.000,false,false,true,true,true,true
sensor_frozen_fresh,0.280,2.000,0.000,0.010,140.000,false,false,true,true,true,true
sensor_frozen_fresh,0.280,2.000,0.000,0.030,140.000,false,false,true,true,true,true
sensor_frozen_fresh,0.280,2.000,15.000,0.000,155.000,false,false,true,true,true,true
sensor_frozen_fresh,0.280,2.000,15.000,0.005,155.000,false,false,true,true,true,true
sensor_frozen_fresh,0.280,2.000,15.000,0.010,155.000,false,false,true,true,true,true
sensor_frozen_fresh,0.280,2.000,15.000,0.030,155.000,false,false,true,true,true,true
sensor_frozen_fresh,0.280,2.000,30.000,0.000,170.000,false,false,true,true,true,true
sensor_frozen_fresh,0.280,2.000,30.000,0.005,170.000,false,false,true,true,true,true
sensor_frozen_fresh,0.280,2.000,30.000,0.010,170.000,false,false,true,true,true,true
sensor_frozen_fresh,0.280,2.000,30.000,0.030,170.000,false,false,true,true,true,true
sensor_frozen_fresh,0.280,2.400,-30.000,0.000,86.667,false,false,true,true,true,true
sensor_frozen_fresh,0.280,2.400,-30.000,0.005,86.667,false,false,true,true,true,true
sensor_frozen_fresh,0.280,2.400,-30.000,0.010,86.667,false,false,true,true,true,true
sensor_frozen_fresh,0.280,2.400,-30.000,0.030,86.667,false,false,true,true,true,true
sensor_frozen_fresh,0.280,2.400,-15.000,0.000,101.667,false,false,true,true,true,true
sensor_frozen_fresh,0.280,2.400,-15.000,0.005,101.667,false,false,true,true,true,true
sensor_frozen_fresh,0.280,2.400,-15.000,0.010,101.667,false,false,true,true,true,true
sensor_frozen_fresh,0.280,2.400,-15.000,0.030,101.667,false,false,true,true,true,true
sensor_frozen_fresh,0.280,2.400,0.000,0.000,116.667,false,false,true,true,true,true
sensor_frozen_fresh,0.280,2.400,0.000,0.005,116.667,false,false,true,true,true,true
sensor_frozen_fresh,0.280,2.400,0.000,0.010,116.667,false,false,true,true,true,true
sensor_frozen_fresh,0.280,2.400,0.000,0.030,116.667,false,false,true,true,true,true
sensor_frozen_fresh,0.280,2.400,15.000,0.000,131.667,false,false,true,true,true,true
sensor_frozen_fresh,0.280,2.400,15.000,0.005,131.667,false,false,true,true,true,true
sensor_frozen_fresh,0.280,2.400,15.000,0.010,131.667,false,false,true,true,true,true
sensor_frozen_fresh,0.280,2.400,15.000,0.030,131.667,false,false,true,true,true,true
sensor_frozen_fresh,0.280,2.400,30.000,0.000,146.667,false,false,true,true,true,true
sensor_frozen_fresh,0.280,2.400,30.000,0.005,146.667,false,false,true,true,true,true
sensor_frozen_fresh,0.280,2.400,30.000,0.010,146.667,false,false,true,true,true,true
sensor_frozen_fresh,0.280,2.400,30.000,0.030,146.667,false,false,true,true,true,true
sensor_stale,0.080,1.600,-30.000,0.000,20.000,false,false,true,false,false,false
sensor_stale,0.080,1.600,-30.000,0.005,20.000,false,false,true,false,false,false
sensor_stale,0.080,1.600,-30.000,0.010,20.000,false,false,true,false,false,false
sensor_stale,0.080,1.600,-30.000,0.030,20.000,false,false,true,false,false,false
sensor_stale,0.080,1.600,-15.000,0.000,35.000,false,false,true,false,false,false
sensor_stale,0.080,1.600,-15.000,0.005,35.000,false,false,true,false,false,false
sensor_stale,0.080,1.600,-15.000,0.010,35.000,false,false,true,false,false,false
sensor_stale,0.080,1.600,-15.000,0.030,35.000,false,false,true,false,false,false
sensor_stale,0.080,1.600,0.000,0.000,50.000,false,false,true,false,false,false
sensor_stale,0.080,1.600,0.000,0.005,50.000,false,false,true,false,false,false
sensor_stale,0.080,1.600,0.000,0.010,50.000,false,false,true,false,false,false
sensor_stale,0.080,1.600,0.000,0.030,50.000,false,false,true,false,false,false
sensor_stale,0.080,1.600,15.000,0.000,65.000,false,false,true,false,false,false
sensor_stale,0.080,1.600,15.000,0.005,65.000,false,false,true,false,false,false
sensor_stale,0.080,1.600,15.000,0.010,65.000,false,false,true,false,false,false
sensor_stale,0.080,1.600,15.000,0.030,65.000,false,false,true,false,false,false
sensor_stale,0.080,1.600,30.000,0.000,80.000,false,false,true,false,false,false
sensor_stale,0.080,1.600,30.000,0.005,80.000,false,false,true,false,false,false
sensor_stale,0.080,1.600,30.000,0.010,80.000,false,false,true,false,false,false
sensor_stale,0.080,1.600,30.000,0.030,80.000,false,false,true,false,false,false
sensor_stale,0.080,2.000,-30.000,0.000,10.000,false,false,true,false,false,false
sensor_stale,0.080,2.000,-30.000,0.005,10.000,false,false,true,false,false,false
sensor_stale,0.080,2.000,-30.000,0.010,10.000,false,false,true,false,false,false
sensor_stale,0.080,2.000,-30.000,0.030,10.000,false,false,true,false,false,false
sensor_stale,0.080,2.000,-15.000,0.000,25.000,false,false,true,false,false,false
sensor_stale,0.080,2.000,-15.000,0.005,25.000,false,false,true,false,false,false
sensor_stale,0.080,2.000,-15.000,0.010,25.000,false,false,true,false,false,false
sensor_stale,0.080,2.000,-15.000,0.030,25.000,false,false,true,false,false,false
sensor_stale,0.080,2.000,0.000,0.000,40.000,false,false,true,false,false,false
sensor_stale,0.080,2.000,0.000,0.005,40.000,false,false,true,false,false,false
sensor_stale,0.080,2.000,0.000,0.010,40.000,false,false,true,false,false,false
sensor_stale,0.080,2.000,0.000,0.030,40.000,false,false,true,false,false,false
sensor_stale,0.080,2.000,15.000,0.000,55.000,false,false,true,false,false,false
sensor_stale,0.080,2.000,15.000,0.005,55.000,false,false,true,false,false,false
sensor_stale,0.080,2.000,15.000,0.010,55.000,false,false,true,false,false,false
sensor_stale,0.080,2.000,15.000,0.030,55.000,false,false,true,false,false,false
sensor_stale,0.080,2.000,30.000,0.000,70.000,false,false,true,false,false,false
sensor_stale,0.080,2.000,30.000,0.005,70.000,false,false,true,false,false,false
sensor_stale,0.080,2.000,30.000,0.010,70.000,false,false,true,false,false,false
sensor_stale,0.080,2.000,30.000,0.030,70.000,false,false,true,false,false,false
sensor_stale,0.080,2.400,-30.000,0.000,3.333,false,false,true,false,false,false
sensor_stale,0.080,2.400,-30.000,0.005,3.333,false,false,true,false,false,false
sensor_stale,0.080,2.400,-30.000,0.010,3.333,false,false,true,false,false,false
sensor_stale,0.080,2.400,-30.000,0.030,3.333,false,false,true,false,false,false
sensor_stale,0.080,2.400,-15.000,0.000,18.333,false,false,true,false,false,false
sensor_stale,0.080,2.400,-15.000,0.005,18.333,false,false,true,false,false,false
sensor_stale,0.080,2.400,-15.000,0.010,18.333,false,false,true,false,false,false
sensor_stale,0.080,2.400,-15.000,0.030,18.333,false,false,true,false,false,false
sensor_stale,0.080,2.400,0.000,0.000,33.333,false,false,true,false,false,false
sensor_stale,0.080,2.400,0.000,0.005,33.333,false,false,true,false,false,false
sensor_stale,0.080,2.400,0.000,0.010,33.333,false,false,true,false,false,false
sensor_stale,0.080,2.400,0.000,0.030,33.333,false,false,true,false,false,false
sensor_stale,0.080,2.400,15.000,0.000,48.333,false,false,true,false,false,false
sensor_stale,0.080,2.400,15.000,0.005,48.333,false,false,true,false,false,false
sensor_stale,0.080,2.400,15.000,0.010,48.333,false,false,true,false,false,false
sensor_stale,0.080,2.400,15.000,0.030,48.333,false,false,true,false,false,false
sensor_stale,0.080,2.400,30.000,0.000,63.333,false,false,true,false,false,false
sensor_stale,0.080,2.400,30.000,0.005,63.333,false,false,true,false,false,false
sensor_stale,0.080,2.400,30.000,0.010,63.333,false,false,true,false,false,false
sensor_stale,0.080,2.400,30.000,0.030,63.333,false,false,true,false,false,false
sensor_stale,0.100,1.600,-30.000,0.000,32.500,false,false,true,false,false,false
sensor_stale,0.100,1.600,-30.000,0.005,32.500,false,false,true,false,false,false
sensor_stale,0.100,1.600,-30.000,0.010,32.500,false,false,true,false,false,false
sensor_stale,0.100,1.600,-30.000,0.030,32.500,false,false,true,false,false,false
sensor_stale,0.100,1.600,-15.000,0.000,47.500,false,false,true,false,false,false
sensor_stale,0.100,1.600,-15.000,0.005,47.500,false,false,true,false,false,false
sensor_stale,0.100,1.600,-15.000,0.010,47.500,false,false,true,false,false,false
sensor_stale,0.100,1.600,-15.000,0.030,47.500,false,false,true,false,false,false
sensor_stale,0.100,1.600,0.000,0.000,62.500,false,false,true,false,false,false
sensor_stale,0.100,1.600,0.000,0.005,62.500,false,false,true,false,false,false
sensor_stale,0.100,1.600,0.000,0.010,62.500,false,false,true,false,false,false
sensor_stale,0.100,1.600,0.000,0.030,62.500,false,false,true,false,false,false
sensor_stale,0.100,1.600,15.000,0.000,77.500,false,false,true,false,false,false
sensor_stale,0.100,1.600,15.000,0.005,77.500,false,false,true,false,false,false
sensor_stale,0.100,1.600,15.000,0.010,77.500,false,false,true,false,false,false
sensor_stale,0.100,1.600,15.000,0.030,77.500,false,false,true,false,false,false
sensor_stale,0.100,1.600,30.000,0.000,92.500,false,false,true,false,false,false
sensor_stale,0.100,1.600,30.000,0.005,92.500,false,false,true,false,false,false
sensor_stale,0.100,1.600,30.000,0.010,92.500,false,false,true,false,false,false
sensor_stale,0.100,1.600,30.000,0.030,92.500,false,false,true,false,false,false
sensor_stale,0.100,2.000,-30.000,0.000,20.000,false,false,true,false,false,false
sensor_stale,0.100,2.000,-30.000,0.005,20.000,false,false,true,false,false,false
sensor_stale,0.100,2.000,-30.000,0.010,20.000,false,false,true,false,false,false
sensor_stale,0.100,2.000,-30.000,0.030,20.000,false,false,true,false,false,false
sensor_stale,0.100,2.000,-15.000,0.000,35.000,false,false,true,false,false,false
sensor_stale,0.100,2.000,-15.000,0.005,35.000,false,false,true,false,false,false
sensor_stale,0.100,2.000,-15.000,0.010,35.000,false,false,true,false,false,false
sensor_stale,0.100,2.000,-15.000,0.030,35.000,false,false,true,false,false,false
sensor_stale,0.100,2.000,0.000,0.000,50.000,false,false,true,false,false,false
sensor_stale,0.100,2.000,0.000,0.005,50.000,false,false,true,false,false,false
sensor_stale,0.100,2.000,0.000,0.010,50.000,false,false,true,false,false,false
sensor_stale,0.100,2.000,0.000,0.030,50.000,false,false,true,false,false,false
sensor_stale,0.100,2.000,15.000,0.000,65.000,false,false,true,false,false,false
sensor_stale,0.100,2.000,15.000,0.005,65.000,false,false,true,false,false,false
sensor_stale,0.100,2.000,15.000,0.010,65.000,false,false,true,false,false,false
sensor_stale,0.100,2.000,15.000,0.030,65.000,false,false,true,false,false,false
sensor_stale,0.100,2.000,30.000,0.000,80.000,false,false,true,false,false,false
sensor_stale,0.100,2.000,30.000,0.005,80.000,false,false,true,false,false,false
sensor_stale,0.100,2.000,30.000,0.010,80.000,false,false,true,false,false,false
sensor_stale,0.100,2.000,30.000,0.030,80.000,false,false,true,false,false,false
sensor_stale,0.100,2.400,-30.000,0.000,11.667,false,false,true,false,false,false
sensor_stale,0.100,2.400,-30.000,0.005,11.667,false,false,true,false,false,false
sensor_stale,0.100,2.400,-30.000,0.010,11.667,false,false,true,false,false,false
sensor_stale,0.100,2.400,-30.000,0.030,11.667,false,false,true,false,false,false
sensor_stale,0.100,2.400,-15.000,0.000,26.667,false,false,true,false,false,false
sensor_stale,0.100,2.400,-15.000,0.005,26.667,false,false,true,false,false,false
sensor_stale,0.100,2.400,-15.000,0.010,26.667,false,false,true,false,false,false
sensor_stale,0.100,2.400,-15.000,0.030,26.667,false,false,true,false,false,false
sensor_stale,0.100,2.400,0.000,0.000,41.667,false,false,true,false,false,false
sensor_stale,0.100,2.400,0.000,0.005,41.667,false,false,true,false,false,false
sensor_stale,0.100,2.400,0.000,0.010,41.667,false,false,true,false,false,false
sensor_stale,0.100,2.400,0.000,0.030,41.667,false,false,true,false,false,false
sensor_stale,0.100,2.400,15.000,0.000,56.667,false,false,true,false,false,false
sensor_stale,0.100,2.400,15.000,0.005,56.667,false,false,true,false,false,false
sensor_stale,0.100,2.400,15.000,0.010,56.667,false,false,true,false,false,false
sensor_stale,0.100,2.400,15.000,0.030,56.667,false,false,true,false,false,false
sensor_stale,0.100,2.400,30.000,0.000,71.667,false,false,true,false,false,false
sensor_stale,0.100,2.400,30.000,0.005,71.667,false,false,true,false,false,false
sensor_stale,0.100,2.400,30.000,0.010,71.667,false,false,true,false,false,false
sensor_stale,0.100,2.400,30.000,0.030,71.667,false,false,true,false,false,false
sensor_stale,0.120,1.600,-30.000,0.000,45.000,false,false,true,false,false,false
sensor_stale,0.120,1.600,-30.000,0.005,45.000,false,false,true,false,false,false
sensor_stale,0.120,1.600,-30.000,0.010,45.000,false,false,true,false,false,false
sensor_stale,0.120,1.600,-30.000,0.030,45.000,false,false,true,false,false,false
sensor_stale,0.120,1.600,-15.000,0.000,60.000,false,false,true,false,false,false
sensor_stale,0.120,1.600,-15.000,0.005,60.000,false,false,true,false,false,false
sensor_stale,0.120,1.600,-15.000,0.010,60.000,false,false,true,false,false,false
sensor_stale,0.120,1.600,-15.000,0.030,60.000,false,false,true,false,false,false
sensor_stale,0.120,1.600,0.000,0.000,75.000,false,false,true,false,false,false
sensor_stale,0.120,1.600,0.000,0.005,75.000,false,false,true,false,false,false
sensor_stale,0.120,1.600,0.000,0.010,75.000,false,false,true,false,false,false
sensor_stale,0.120,1.600,0.000,0.030,75.000,false,false,true,false,false,false
sensor_stale,0.120,1.600,15.000,0.000,90.000,false,false,true,false,false,false
sensor_stale,0.120,1.600,15.000,0.005,90.000,false,false,true,false,false,false
sensor_stale,0.120,1.600,15.000,0.010,90.000,false,false,true,false,false,false
sensor_stale,0.120,1.600,15.000,0.030,90.000,false,false,true,false,false,false
sensor_stale,0.120,1.600,30.000,0.000,105.000,false,false,true,false,false,false
sensor_stale,0.120,1.600,30.000,0.005,105.000,false,false,true,false,false,false
sensor_stale,0.120,1.600,30.000,0.010,105.000,false,false,true,false,false,false
sensor_stale,0.120,1.600,30.000,0.030,105.000,false,false,true,false,false,false
sensor_stale,0.120,2.000,-30.000,0.000,30.000,false,false,true,false,false,false
sensor_stale,0.120,2.000,-30.000,0.005,30.000,false,false,true,false,false,false
sensor_stale,0.120,2.000,-30.000,0.010,30.000,false,false,true,false,false,false
sensor_stale,0.120,2.000,-30.000,0.030,30.000,false,false,true,false,false,false
sensor_stale,0.120,2.000,-15.000,0.000,45.000,false,false,true,false,false,false
sensor_stale,0.120,2.000,-15.000,0.005,45.000,false,false,true,false,false,false
sensor_stale,0.120,2.000,-15.000,0.010,45.000,false,false,true,false,false,false
sensor_stale,0.120,2.000,-15.000,0.030,45.000,false,false,true,false,false,false
sensor_stale,0.120,2.000,0.000,0.000,60.000,false,false,true,false,false,false
sensor_stale,0.120,2.000,0.000,0.005,60.000,false,false,true,false,false,false
sensor_stale,0.120,2.000,0.000,0.010,60.000,false,false,true,false,false,false
sensor_stale,0.120,2.000,0.000,0.030,60.000,false,false,true,false,false,false
sensor_stale,0.120,2.000,15.000,0.000,75.000,false,false,true,false,false,false
sensor_stale,0.120,2.000,15.000,0.005,75.000,false,false,true,false,false,false
sensor_stale,0.120,2.000,15.000,0.010,75.000,false,false,true,false,false,false
sensor_stale,0.120,2.000,15.000,0.030,75.000,false,false,true,false,false,false
sensor_stale,0.120,2.000,30.000,0.000,90.000,false,false,true,false,false,false
sensor_stale,0.120,2.000,30.000,0.005,90.000,false,false,true,false,false,false
sensor_stale,0.120,2.000,30.000,0.010,90.000,false,false,true,false,false,false
sensor_stale,0.120,2.000,30.000,0.030,90.000,false,false,true,false,false,false
sensor_stale,0.120,2.400,-30.000,0.000,20.000,false,false,true,false,false,false
sensor_stale,0.120,2.400,-30.000,0.005,20.000,false,false,true,false,false,false
sensor_stale,0.120,2.400,-30.000,0.010,20.000,false,false,true,false,false,false
sensor_stale,0.120,2.400,-30.000,0.030,20.000,false,false,true,false,false,false
sensor_stale,0.120,2.400,-15.000,0.000,35.000,false,false,true,false,false,false
sensor_stale,0.120,2.400,-15.000,0.005,35.000,false,false,true,false,false,false
sensor_stale,0.120,2.400,-15.000,0.010,35.000,false,false,true,false,false,false
sensor_stale,0.120,2.400,-15.000,0.030,35.000,false,false,true,false,false,false
sensor_stale,0.120,2.400,0.000,0.000,50.000,false,false,true,false,false,false
sensor_stale,0.120,2.400,0.000,0.005,50.000,false,false,true,false,false,false
sensor_stale,0.120,2.400,0.000,0.010,50.000,false,false,true,false,false,false
sensor_stale,0.120,2.400,0.000,0.030,50.000,false,false,true,false,false,false
sensor_stale,0.120,2.400,15.000,0.000,65.000,false,false,true,false,false,false
sensor_stale,0.120,2.400,15.000,0.005,65.000,false,false,true,false,false,false
sensor_stale,0.120,2.400,15.000,0.010,65.000,false,false,true,false,false,false
sensor_stale,0.120,2.400,15.000,0.030,65.000,false,false,true,false,false,false
sensor_stale,0.120,2.400,30.000,0.000,80.000,false,false,true,false,false,false
sensor_stale,0.120,2.400,30.000,0.005,80.000,false,false,true,false,false,false
sensor_stale,0.120,2.400,30.000,0.010,80.000,false,false,true,false,false,false
sensor_stale,0.120,2.400,30.000,0.030,80.000,false,false,true,false,false,false
sensor_stale,0.180,1.600,-30.000,0.000,82.500,false,false,true,false,false,false
sensor_stale,0.180,1.600,-30.000,0.005,82.500,false,false,true,false,false,false
sensor_stale,0.180,1.600,-30.000,0.010,82.500,false,false,true,false,false,false
sensor_stale,0.180,1.600,-30.000,0.030,82.500,false,false,true,false,false,false
sensor_stale,0.180,1.600,-15.000,0.000,97.500,false,false,true,false,false,false
sensor_stale,0.180,1.600,-15.000,0.005,97.500,false,false,true,false,false,false
sensor_stale,0.180,1.600,-15.000,0.010,97.500,false,false,true,false,false,false
sensor_stale,0.180,1.600,-15.000,0.030,97.500,false,false,true,false,false,false
sensor_stale,0.180,1.600,0.000,0.000,112.500,false,false,true,false,false,false
sensor_stale,0.180,1.600,0.000,0.005,112.500,false,false,true,false,false,false
sensor_stale,0.180,1.600,0.000,0.010,112.500,false,false,true,false,false,false
sensor_stale,0.180,1.600,0.000,0.030,112.500,false,false,true,false,false,false
sensor_stale,0.180,1.600,15.000,0.000,127.500,false,false,true,false,false,false
sensor_stale,0.180,1.600,15.000,0.005,127.500,false,false,true,false,false,false
sensor_stale,0.180,1.600,15.000,0.010,127.500,false,false,true,false,false,false
sensor_stale,0.180,1.600,15.000,0.030,127.500,false,false,true,false,false,false
sensor_stale,0.180,1.600,30.000,0.000,142.500,false,false,true,false,false,false
sensor_stale,0.180,1.600,30.000,0.005,142.500,false,false,true,false,false,false
sensor_stale,0.180,1.600,30.000,0.010,142.500,false,false,true,false,false,false
sensor_stale,0.180,1.600,30.000,0.030,142.500,false,false,true,false,false,false
sensor_stale,0.180,2.000,-30.000,0.000,60.000,false,false,true,false,false,false
sensor_stale,0.180,2.000,-30.000,0.005,60.000,false,false,true,false,false,false
sensor_stale,0.180,2.000,-30.000,0.010,60.000,false,false,true,false,false,false
sensor_stale,0.180,2.000,-30.000,0.030,60.000,false,false,true,false,false,false
sensor_stale,0.180,2.000,-15.000,0.000,75.000,false,false,true,false,false,false
sensor_stale,0.180,2.000,-15.000,0.005,75.000,false,false,true,false,false,false
sensor_stale,0.180,2.000,-15.000,0.010,75.000,false,false,true,false,false,false
sensor_stale,0.180,2.000,-15.000,0.030,75.000,false,false,true,false,false,false
sensor_stale,0.180,2.000,0.000,0.000,90.000,false,false,true,false,false,false
sensor_stale,0.180,2.000,0.000,0.005,90.000,false,false,true,false,false,false
sensor_stale,0.180,2.000,0.000,0.010,90.000,false,false,true,false,false,false
sensor_stale,0.180,2.000,0.000,0.030,90.000,false,false,true,false,false,false
sensor_stale,0.180,2.000,15.000,0.000,105.000,false,false,true,false,false,false
sensor_stale,0.180,2.000,15.000,0.005,105.000,false,false,true,false,false,false
sensor_stale,0.180,2.000,15.000,0.010,105.000,false,false,true,false,false,false
sensor_stale,0.180,2.000,15.000,0.030,105.000,false,false,true,false,false,false
sensor_stale,0.180,2.000,30.000,0.000,120.000,false,false,true,false,false,false
sensor_stale,0.180,2.000,30.000,0.005,120.000,false,false,true,false,false,false
sensor_stale,0.180,2.000,30.000,0.010,120.000,false,false,true,false,false,false
sensor_stale,0.180,2.000,30.000,0.030,120.000,false,false,true,false,false,false
sensor_stale,0.180,2.400,-30.000,0.000,45.000,false,false,true,false,false,false
sensor_stale,0.180,2.400,-30.000,0.005,45.000,false,false,true,false,false,false
sensor_stale,0.180,2.400,-30.000,0.010,45.000,false,false,true,false,false,false
sensor_stale,0.180,2.400,-30.000,0.030,45.000,false,false,true,false,false,false
sensor_stale,0.180,2.400,-15.000,0.000,60.000,false,false,true,false,false,false
sensor_stale,0.180,2.400,-15.000,0.005,60.000,false,false,true,false,false,false
sensor_stale,0.180,2.400,-15.000,0.010,60.000,false,false,true,false,false,false
sensor_stale,0.180,2.400,-15.000,0.030,60.000,false,false,true,false,false,false
sensor_stale,0.180,2.400,0.000,0.000,75.000,false,false,true,false,false,false
sensor_stale,0.180,2.400,0.000,0.005,75.000,false,false,true,false,false,false
sensor_stale,0.180,2.400,0.000,0.010,75.000,false,false,true,false,false,false
sensor_stale,0.180,2.400,0.000,0.030,75.000,false,false,true,false,false,false
sensor_stale,0.180,2.400,15.000,0.000,90.000,false,false,true,false,false,false
sensor_stale,0.180,2.400,15.000,0.005,90.000,false,false,true,false,false,false
sensor_stale,0.180,2.400,15.000,0.010,90.000,false,false,true,false,false,false
sensor_stale,0.180,2.400,15.000,0.030,90.000,false,false,true,false,false,false
sensor_stale,0.180,2.400,30.000,0.000,105.000,false,false,true,false,false,false
sensor_stale,0.180,2.400,30.000,0.005,105.000,false,false,true,false,false,false
sensor_stale,0.180,2.400,30.000,0.010,105.000,false,false,true,false,false,false
sensor_stale,0.180,2.400,30.000,0.030,105.000,false,false,true,false,false,false
sensor_stale,0.280,1.600,-30.000,0.000,145.000,false,false,true,false,false,false
sensor_stale,0.280,1.600,-30.000,0.005,145.000,false,false,true,false,false,false
sensor_stale,0.280,1.600,-30.000,0.010,145.000,false,false,true,false,false,false
sensor_stale,0.280,1.600,-30.000,0.030,145.000,false,false,true,false,false,false
sensor_stale,0.280,1.600,-15.000,0.000,160.000,false,false,true,false,false,false
sensor_stale,0.280,1.600,-15.000,0.005,160.000,false,false,true,false,false,false
sensor_stale,0.280,1.600,-15.000,0.010,160.000,false,false,true,false,false,false
sensor_stale,0.280,1.600,-15.000,0.030,160.000,false,false,true,false,false,false
sensor_stale,0.280,1.600,0.000,0.000,175.000,false,false,true,false,false,false
sensor_stale,0.280,1.600,0.000,0.005,175.000,false,false,true,false,false,false
sensor_stale,0.280,1.600,0.000,0.010,175.000,false,false,true,false,false,false
sensor_stale,0.280,1.600,0.000,0.030,175.000,false,false,true,false,false,false
sensor_stale,0.280,1.600,15.000,0.000,190.000,false,false,true,false,false,false
sensor_stale,0.280,1.600,15.000,0.005,190.000,false,false,true,false,false,false
sensor_stale,0.280,1.600,15.000,0.010,190.000,false,false,true,false,false,false
sensor_stale,0.280,1.600,15.000,0.030,190.000,false,false,true,false,false,false
sensor_stale,0.280,1.600,30.000,0.000,205.000,false,false,true,false,false,false
sensor_stale,0.280,1.600,30.000,0.005,205.000,false,false,true,false,false,false
sensor_stale,0.280,1.600,30.000,0.010,205.000,false,false,true,false,false,false
sensor_stale,0.280,1.600,30.000,0.030,205.000,false,false,true,false,false,false
sensor_stale,0.280,2.000,-30.000,0.000,110.000,false,false,true,false,false,false
sensor_stale,0.280,2.000,-30.000,0.005,110.000,false,false,true,false,false,false
sensor_stale,0.280,2.000,-30.000,0.010,110.000,false,false,true,false,false,false
sensor_stale,0.280,2.000,-30.000,0.030,110.000,false,false,true,false,false,false
sensor_stale,0.280,2.000,-15.000,0.000,125.000,false,false,true,false,false,false
sensor_stale,0.280,2.000,-15.000,0.005,125.000,false,false,true,false,false,false
sensor_stale,0.280,2.000,-15.000,0.010,125.000,false,false,true,false,false,false
sensor_stale,0.280,2.000,-15.000,0.030,125.000,false,false,true,false,false,false
sensor_stale,0.280,2.000,0.000,0.000,140.000,false,false,true,false,false,false
sensor_stale,0.280,2.000,0.000,0.005,140.000,false,false,true,false,false,false
sensor_stale,0.280,2.000,0.000,0.010,140.000,false,false,true,false,false,false
sensor_stale,0.280,2.000,0.000,0.030,140.000,false,false,true,false,false,false
sensor_stale,0.280,2.000,15.000,0.000,155.000,false,false,true,false,false,false
sensor_stale,0.280,2.000,15.000,0.005,155.000,false,false,true,false,false,false
sensor_stale,0.280,2.000,15.000,0.010,155.000,false,false,true,false,false,false
sensor_stale,0.280,2.000,15.000,0.030,155.000,false,false,true,false,false,false
sensor_stale,0.280,2.000,30.000,0.000,170.000,false,false,true,false,false,false
sensor_stale,0.280,2.000,30.000,0.005,170.000,false,false,true,false,false,false
sensor_stale,0.280,2.000,30.000,0.010,170.000,false,false,true,false,false,false
sensor_stale,0.280,2.000,30.000,0.030,170.000,false,false,true,false,false,false
sensor_stale,0.280,2.400,-30.000,0.000,86.667,false,false,true,false,false,false
sensor_stale,0.280,2.400,-30.000,0.005,86.667,false,false,true,false,false,false
sensor_stale,0.280,2.400,-30.000,0.010,86.667,false,false,true,false,false,false
sensor_stale,0.280,2.400,-30.000,0.030,86.667,false,false,true,false,false,false
sensor_stale,0.280,2.400,-15.000,0.000,101.667,false,false,true,false,false,false
sensor_stale,0.280,2.400,-15.000,0.005,101.667,false,false,true,false,false,false
sensor_stale,0.280,2.400,-15.000,0.010,101.667,false,false,true,false,false,false
sensor_stale,0.280,2.400,-15.000,0.030,101.667,false,false,true,false,false,false
sensor_stale,0.280,2.400,0.000,0.000,116.667,false,false,true,false,false,false
sensor_stale,0.280,2.400,0.000,0.005,116.667,false,false,true,false,false,false
sensor_stale,0.280,2.400,0.000,0.010,116.667,false,false,true,false,false,false
sensor_stale,0.280,2.400,0.000,0.030,116.667,false,false,true,false,false,false
sensor_stale,0.280,2.400,15.000,0.000,131.667,false,false,true,false,false,false
sensor_stale,0.280,2.400,15.000,0.005,131.667,false,false,true,false,false,false
sensor_stale,0.280,2.400,15.000,0.010,131.667,false,false,true,false,false,false
sensor_stale,0.280,2.400,15.000,0.030,131.667,false,false,true,false,false,false
sensor_stale,0.280,2.400,30.000,0.000,146.667,false,false,true,false,false,false
sensor_stale,0.280,2.400,30.000,0.005,146.667,false,false,true,false,false,false
sensor_stale,0.280,2.400,30.000,0.010,146.667,false,false,true,false,false,false
sensor_stale,0.280,2.400,30.000,0.030,146.667,false,false,true,false,false,false
optical_blocked,0.080,1.600,-30.000,0.000,20.000,false,false,true,false,false,false
optical_blocked,0.080,1.600,-30.000,0.005,20.000,false,false,true,false,false,false
optical_blocked,0.080,1.600,-30.000,0.010,20.000,false,false,true,false,false,false
optical_blocked,0.080,1.600,-30.000,0.030,20.000,false,false,true,false,false,false
optical_blocked,0.080,1.600,-15.000,0.000,35.000,false,false,true,false,false,false
optical_blocked,0.080,1.600,-15.000,0.005,35.000,false,false,true,false,false,false
optical_blocked,0.080,1.600,-15.000,0.010,35.000,false,false,true,false,false,false
optical_blocked,0.080,1.600,-15.000,0.030,35.000,false,false,true,false,false,false
optical_blocked,0.080,1.600,0.000,0.000,50.000,false,false,true,false,false,false
optical_blocked,0.080,1.600,0.000,0.005,50.000,false,false,true,false,false,false
optical_blocked,0.080,1.600,0.000,0.010,50.000,false,false,true,false,false,false
optical_blocked,0.080,1.600,0.000,0.030,50.000,false,false,true,false,false,false
optical_blocked,0.080,1.600,15.000,0.000,65.000,false,false,true,false,false,false
optical_blocked,0.080,1.600,15.000,0.005,65.000,false,false,true,false,false,false
optical_blocked,0.080,1.600,15.000,0.010,65.000,false,false,true,false,false,false
optical_blocked,0.080,1.600,15.000,0.030,65.000,false,false,true,false,false,false
optical_blocked,0.080,1.600,30.000,0.000,80.000,false,false,true,false,false,false
optical_blocked,0.080,1.600,30.000,0.005,80.000,false,false,true,false,false,false
optical_blocked,0.080,1.600,30.000,0.010,80.000,false,false,true,false,false,false
optical_blocked,0.080,1.600,30.000,0.030,80.000,false,false,true,false,false,false
optical_blocked,0.080,2.000,-30.000,0.000,10.000,false,false,true,false,false,false
optical_blocked,0.080,2.000,-30.000,0.005,10.000,false,false,true,false,false,false
optical_blocked,0.080,2.000,-30.000,0.010,10.000,false,false,true,false,false,false
optical_blocked,0.080,2.000,-30.000,0.030,10.000,false,false,true,false,false,false
optical_blocked,0.080,2.000,-15.000,0.000,25.000,false,false,true,false,false,false
optical_blocked,0.080,2.000,-15.000,0.005,25.000,false,false,true,false,false,false
optical_blocked,0.080,2.000,-15.000,0.010,25.000,false,false,true,false,false,false
optical_blocked,0.080,2.000,-15.000,0.030,25.000,false,false,true,false,false,false
optical_blocked,0.080,2.000,0.000,0.000,40.000,false,false,true,false,false,false
optical_blocked,0.080,2.000,0.000,0.005,40.000,false,false,true,false,false,false
optical_blocked,0.080,2.000,0.000,0.010,40.000,false,false,true,false,false,false
optical_blocked,0.080,2.000,0.000,0.030,40.000,false,false,true,false,false,false
optical_blocked,0.080,2.000,15.000,0.000,55.000,false,false,true,false,false,false
optical_blocked,0.080,2.000,15.000,0.005,55.000,false,false,true,false,false,false
optical_blocked,0.080,2.000,15.000,0.010,55.000,false,false,true,false,false,false
optical_blocked,0.080,2.000,15.000,0.030,55.000,false,false,true,false,false,false
optical_blocked,0.080,2.000,30.000,0.000,70.000,false,false,true,false,false,false
optical_blocked,0.080,2.000,30.000,0.005,70.000,false,false,true,false,false,false
optical_blocked,0.080,2.000,30.000,0.010,70.000,false,false,true,false,false,false
optical_blocked,0.080,2.000,30.000,0.030,70.000,false,false,true,false,false,false
optical_blocked,0.080,2.400,-30.000,0.000,3.333,false,false,true,false,false,false
optical_blocked,0.080,2.400,-30.000,0.005,3.333,false,false,true,false,false,false
optical_blocked,0.080,2.400,-30.000,0.010,3.333,false,false,true,false,false,false
optical_blocked,0.080,2.400,-30.000,0.030,3.333,false,false,true,false,false,false
optical_blocked,0.080,2.400,-15.000,0.000,18.333,false,false,true,false,false,false
optical_blocked,0.080,2.400,-15.000,0.005,18.333,false,false,true,false,false,false
optical_blocked,0.080,2.400,-15.000,0.010,18.333,false,false,true,false,false,false
optical_blocked,0.080,2.400,-15.000,0.030,18.333,false,false,true,false,false,false
optical_blocked,0.080,2.400,0.000,0.000,33.333,false,false,true,false,false,false
optical_blocked,0.080,2.400,0.000,0.005,33.333,false,false,true,false,false,false
optical_blocked,0.080,2.400,0.000,0.010,33.333,false,false,true,false,false,false
optical_blocked,0.080,2.400,0.000,0.030,33.333,false,false,true,false,false,false
optical_blocked,0.080,2.400,15.000,0.000,48.333,false,false,true,false,false,false
optical_blocked,0.080,2.400,15.000,0.005,48.333,false,false,true,false,false,false
optical_blocked,0.080,2.400,15.000,0.010,48.333,false,false,true,false,false,false
optical_blocked,0.080,2.400,15.000,0.030,48.333,false,false,true,false,false,false
optical_blocked,0.080,2.400,30.000,0.000,63.333,false,false,true,false,false,false
optical_blocked,0.080,2.400,30.000,0.005,63.333,false,false,true,false,false,false
optical_blocked,0.080,2.400,30.000,0.010,63.333,false,false,true,false,false,false
optical_blocked,0.080,2.400,30.000,0.030,63.333,false,false,true,false,false,false
optical_blocked,0.100,1.600,-30.000,0.000,32.500,false,false,true,false,false,false
optical_blocked,0.100,1.600,-30.000,0.005,32.500,false,false,true,false,false,false
optical_blocked,0.100,1.600,-30.000,0.010,32.500,false,false,true,false,false,false
optical_blocked,0.100,1.600,-30.000,0.030,32.500,false,false,true,false,false,false
optical_blocked,0.100,1.600,-15.000,0.000,47.500,false,false,true,false,false,false
optical_blocked,0.100,1.600,-15.000,0.005,47.500,false,false,true,false,false,false
optical_blocked,0.100,1.600,-15.000,0.010,47.500,false,false,true,false,false,false
optical_blocked,0.100,1.600,-15.000,0.030,47.500,false,false,true,false,false,false
optical_blocked,0.100,1.600,0.000,0.000,62.500,false,false,true,false,false,false
optical_blocked,0.100,1.600,0.000,0.005,62.500,false,false,true,false,false,false
optical_blocked,0.100,1.600,0.000,0.010,62.500,false,false,true,false,false,false
optical_blocked,0.100,1.600,0.000,0.030,62.500,false,false,true,false,false,false
optical_blocked,0.100,1.600,15.000,0.000,77.500,false,false,true,false,false,false
optical_blocked,0.100,1.600,15.000,0.005,77.500,false,false,true,false,false,false
optical_blocked,0.100,1.600,15.000,0.010,77.500,false,false,true,false,false,false
optical_blocked,0.100,1.600,15.000,0.030,77.500,false,false,true,false,false,false
optical_blocked,0.100,1.600,30.000,0.000,92.500,false,false,true,false,false,false
optical_blocked,0.100,1.600,30.000,0.005,92.500,false,false,true,false,false,false
optical_blocked,0.100,1.600,30.000,0.010,92.500,false,false,true,false,false,false
optical_blocked,0.100,1.600,30.000,0.030,92.500,false,false,true,false,false,false
optical_blocked,0.100,2.000,-30.000,0.000,20.000,false,false,true,false,false,false
optical_blocked,0.100,2.000,-30.000,0.005,20.000,false,false,true,false,false,false
optical_blocked,0.100,2.000,-30.000,0.010,20.000,false,false,true,false,false,false
optical_blocked,0.100,2.000,-30.000,0.030,20.000,false,false,true,false,false,false
optical_blocked,0.100,2.000,-15.000,0.000,35.000,false,false,true,false,false,false
optical_blocked,0.100,2.000,-15.000,0.005,35.000,false,false,true,false,false,false
optical_blocked,0.100,2.000,-15.000,0.010,35.000,false,false,true,false,false,false
optical_blocked,0.100,2.000,-15.000,0.030,35.000,false,false,true,false,false,false
optical_blocked,0.100,2.000,0.000,0.000,50.000,false,false,true,false,false,false
optical_blocked,0.100,2.000,0.000,0.005,50.000,false,false,true,false,false,false
optical_blocked,0.100,2.000,0.000,0.010,50.000,false,false,true,false,false,false
optical_blocked,0.100,2.000,0.000,0.030,50.000,false,false,true,false,false,false
optical_blocked,0.100,2.000,15.000,0.000,65.000,false,false,true,false,false,false
optical_blocked,0.100,2.000,15.000,0.005,65.000,false,false,true,false,false,false
optical_blocked,0.100,2.000,15.000,0.010,65.000,false,false,true,false,false,false
optical_blocked,0.100,2.000,15.000,0.030,65.000,false,false,true,false,false,false
optical_blocked,0.100,2.000,30.000,0.000,80.000,false,false,true,false,false,false
optical_blocked,0.100,2.000,30.000,0.005,80.000,false,false,true,false,false,false
optical_blocked,0.100,2.000,30.000,0.010,80.000,false,false,true,false,false,false
optical_blocked,0.100,2.000,30.000,0.030,80.000,false,false,true,false,false,false
optical_blocked,0.100,2.400,-30.000,0.000,11.667,false,false,true,false,false,false
optical_blocked,0.100,2.400,-30.000,0.005,11.667,false,false,true,false,false,false
optical_blocked,0.100,2.400,-30.000,0.010,11.667,false,false,true,false,false,false
optical_blocked,0.100,2.400,-30.000,0.030,11.667,false,false,true,false,false,false
optical_blocked,0.100,2.400,-15.000,0.000,26.667,false,false,true,false,false,false
optical_blocked,0.100,2.400,-15.000,0.005,26.667,false,false,true,false,false,false
optical_blocked,0.100,2.400,-15.000,0.010,26.667,false,false,true,false,false,false
optical_blocked,0.100,2.400,-15.000,0.030,26.667,false,false,true,false,false,false
optical_blocked,0.100,2.400,0.000,0.000,41.667,false,false,true,false,false,false
optical_blocked,0.100,2.400,0.000,0.005,41.667,false,false,true,false,false,false
optical_blocked,0.100,2.400,0.000,0.010,41.667,false,false,true,false,false,false
optical_blocked,0.100,2.400,0.000,0.030,41.667,false,false,true,false,false,false
optical_blocked,0.100,2.400,15.000,0.000,56.667,false,false,true,false,false,false
optical_blocked,0.100,2.400,15.000,0.005,56.667,false,false,true,false,false,false
optical_blocked,0.100,2.400,15.000,0.010,56.667,false,false,true,false,false,false
optical_blocked,0.100,2.400,15.000,0.030,56.667,false,false,true,false,false,false
optical_blocked,0.100,2.400,30.000,0.000,71.667,false,false,true,false,false,false
optical_blocked,0.100,2.400,30.000,0.005,71.667,false,false,true,false,false,false
optical_blocked,0.100,2.400,30.000,0.010,71.667,false,false,true,false,false,false
optical_blocked,0.100,2.400,30.000,0.030,71.667,false,false,true,false,false,false
optical_blocked,0.120,1.600,-30.000,0.000,45.000,false,false,true,false,false,false
optical_blocked,0.120,1.600,-30.000,0.005,45.000,false,false,true,false,false,false
optical_blocked,0.120,1.600,-30.000,0.010,45.000,false,false,true,false,false,false
optical_blocked,0.120,1.600,-30.000,0.030,45.000,false,false,true,false,false,false
optical_blocked,0.120,1.600,-15.000,0.000,60.000,false,false,true,false,false,false
optical_blocked,0.120,1.600,-15.000,0.005,60.000,false,false,true,false,false,false
optical_blocked,0.120,1.600,-15.000,0.010,60.000,false,false,true,false,false,false
optical_blocked,0.120,1.600,-15.000,0.030,60.000,false,false,true,false,false,false
optical_blocked,0.120,1.600,0.000,0.000,75.000,false,false,true,false,false,false
optical_blocked,0.120,1.600,0.000,0.005,75.000,false,false,true,false,false,false
optical_blocked,0.120,1.600,0.000,0.010,75.000,false,false,true,false,false,false
optical_blocked,0.120,1.600,0.000,0.030,75.000,false,false,true,false,false,false
optical_blocked,0.120,1.600,15.000,0.000,90.000,false,false,true,false,false,false
optical_blocked,0.120,1.600,15.000,0.005,90.000,false,false,true,false,false,false
optical_blocked,0.120,1.600,15.000,0.010,90.000,false,false,true,false,false,false
optical_blocked,0.120,1.600,15.000,0.030,90.000,false,false,true,false,false,false
optical_blocked,0.120,1.600,30.000,0.000,105.000,false,false,true,false,false,false
optical_blocked,0.120,1.600,30.000,0.005,105.000,false,false,true,false,false,false
optical_blocked,0.120,1.600,30.000,0.010,105.000,false,false,true,false,false,false
optical_blocked,0.120,1.600,30.000,0.030,105.000,false,false,true,false,false,false
optical_blocked,0.120,2.000,-30.000,0.000,30.000,false,false,true,false,false,false
optical_blocked,0.120,2.000,-30.000,0.005,30.000,false,false,true,false,false,false
optical_blocked,0.120,2.000,-30.000,0.010,30.000,false,false,true,false,false,false
optical_blocked,0.120,2.000,-30.000,0.030,30.000,false,false,true,false,false,false
optical_blocked,0.120,2.000,-15.000,0.000,45.000,false,false,true,false,false,false
optical_blocked,0.120,2.000,-15.000,0.005,45.000,false,false,true,false,false,false
optical_blocked,0.120,2.000,-15.000,0.010,45.000,false,false,true,false,false,false
optical_blocked,0.120,2.000,-15.000,0.030,45.000,false,false,true,false,false,false
optical_blocked,0.120,2.000,0.000,0.000,60.000,false,false,true,false,false,false
optical_blocked,0.120,2.000,0.000,0.005,60.000,false,false,true,false,false,false
optical_blocked,0.120,2.000,0.000,0.010,60.000,false,false,true,false,false,false
optical_blocked,0.120,2.000,0.000,0.030,60.000,false,false,true,false,false,false
optical_blocked,0.120,2.000,15.000,0.000,75.000,false,false,true,false,false,false
optical_blocked,0.120,2.000,15.000,0.005,75.000,false,false,true,false,false,false
optical_blocked,0.120,2.000,15.000,0.010,75.000,false,false,true,false,false,false
optical_blocked,0.120,2.000,15.000,0.030,75.000,false,false,true,false,false,false
optical_blocked,0.120,2.000,30.000,0.000,90.000,false,false,true,false,false,false
optical_blocked,0.120,2.000,30.000,0.005,90.000,false,false,true,false,false,false
optical_blocked,0.120,2.000,30.000,0.010,90.000,false,false,true,false,false,false
optical_blocked,0.120,2.000,30.000,0.030,90.000,false,false,true,false,false,false
optical_blocked,0.120,2.400,-30.000,0.000,20.000,false,false,true,false,false,false
optical_blocked,0.120,2.400,-30.000,0.005,20.000,false,false,true,false,false,false
optical_blocked,0.120,2.400,-30.000,0.010,20.000,false,false,true,false,false,false
optical_blocked,0.120,2.400,-30.000,0.030,20.000,false,false,true,false,false,false
optical_blocked,0.120,2.400,-15.000,0.000,35.000,false,false,true,false,false,false
optical_blocked,0.120,2.400,-15.000,0.005,35.000,false,false,true,false,false,false
optical_blocked,0.120,2.400,-15.000,0.010,35.000,false,false,true,false,false,false
optical_blocked,0.120,2.400,-15.000,0.030,35.000,false,false,true,false,false,false
optical_blocked,0.120,2.400,0.000,0.000,50.000,false,false,true,false,false,false
optical_blocked,0.120,2.400,0.000,0.005,50.000,false,false,true,false,false,false
optical_blocked,0.120,2.400,0.000,0.010,50.000,false,false,true,false,false,false
optical_blocked,0.120,2.400,0.000,0.030,50.000,false,false,true,false,false,false
optical_blocked,0.120,2.400,15.000,0.000,65.000,false,false,true,false,false,false
optical_blocked,0.120,2.400,15.000,0.005,65.000,false,false,true,false,false,false
optical_blocked,0.120,2.400,15.000,0.010,65.000,false,false,true,false,false,false
optical_blocked,0.120,2.400,15.000,0.030,65.000,false,false,true,false,false,false
optical_blocked,0.120,2.400,30.000,0.000,80.000,false,false,true,false,false,false
optical_blocked,0.120,2.400,30.000,0.005,80.000,false,false,true,false,false,false
optical_blocked,0.120,2.400,30.000,0.010,80.000,false,false,true,false,false,false
optical_blocked,0.120,2.400,30.000,0.030,80.000,false,false,true,false,false,false
optical_blocked,0.180,1.600,-30.000,0.000,82.500,false,false,true,false,false,false
optical_blocked,0.180,1.600,-30.000,0.005,82.500,false,false,true,false,false,false
optical_blocked,0.180,1.600,-30.000,0.010,82.500,false,false,true,false,false,false
optical_blocked,0.180,1.600,-30.000,0.030,82.500,false,false,true,false,false,false
optical_blocked,0.180,1.600,-15.000,0.000,97.500,false,false,true,false,false,false
optical_blocked,0.180,1.600,-15.000,0.005,97.500,false,false,true,false,false,false
optical_blocked,0.180,1.600,-15.000,0.010,97.500,false,false,true,false,false,false
optical_blocked,0.180,1.600,-15.000,0.030,97.500,false,false,true,false,false,false
optical_blocked,0.180,1.600,0.000,0.000,112.500,false,false,true,false,false,false
optical_blocked,0.180,1.600,0.000,0.005,112.500,false,false,true,false,false,false
optical_blocked,0.180,1.600,0.000,0.010,112.500,false,false,true,false,false,false
optical_blocked,0.180,1.600,0.000,0.030,112.500,false,false,true,false,false,false
optical_blocked,0.180,1.600,15.000,0.000,127.500,false,false,true,false,false,false
optical_blocked,0.180,1.600,15.000,0.005,127.500,false,false,true,false,false,false
optical_blocked,0.180,1.600,15.000,0.010,127.500,false,false,true,false,false,false
optical_blocked,0.180,1.600,15.000,0.030,127.500,false,false,true,false,false,false
optical_blocked,0.180,1.600,30.000,0.000,142.500,false,false,true,false,false,false
optical_blocked,0.180,1.600,30.000,0.005,142.500,false,false,true,false,false,false
optical_blocked,0.180,1.600,30.000,0.010,142.500,false,false,true,false,false,false
optical_blocked,0.180,1.600,30.000,0.030,142.500,false,false,true,false,false,false
optical_blocked,0.180,2.000,-30.000,0.000,60.000,false,false,true,false,false,false
optical_blocked,0.180,2.000,-30.000,0.005,60.000,false,false,true,false,false,false
optical_blocked,0.180,2.000,-30.000,0.010,60.000,false,false,true,false,false,false
optical_blocked,0.180,2.000,-30.000,0.030,60.000,false,false,true,false,false,false
optical_blocked,0.180,2.000,-15.000,0.000,75.000,false,false,true,false,false,false
optical_blocked,0.180,2.000,-15.000,0.005,75.000,false,false,true,false,false,false
optical_blocked,0.180,2.000,-15.000,0.010,75.000,false,false,true,false,false,false
optical_blocked,0.180,2.000,-15.000,0.030,75.000,false,false,true,false,false,false
optical_blocked,0.180,2.000,0.000,0.000,90.000,false,false,true,false,false,false
optical_blocked,0.180,2.000,0.000,0.005,90.000,false,false,true,false,false,false
optical_blocked,0.180,2.000,0.000,0.010,90.000,false,false,true,false,false,false
optical_blocked,0.180,2.000,0.000,0.030,90.000,false,false,true,false,false,false
optical_blocked,0.180,2.000,15.000,0.000,105.000,false,false,true,false,false,false
optical_blocked,0.180,2.000,15.000,0.005,105.000,false,false,true,false,false,false
optical_blocked,0.180,2.000,15.000,0.010,105.000,false,false,true,false,false,false
optical_blocked,0.180,2.000,15.000,0.030,105.000,false,false,true,false,false,false
optical_blocked,0.180,2.000,30.000,0.000,120.000,false,false,true,false,false,false
optical_blocked,0.180,2.000,30.000,0.005,120.000,false,false,true,false,false,false
optical_blocked,0.180,2.000,30.000,0.010,120.000,false,false,true,false,false,false
optical_blocked,0.180,2.000,30.000,0.030,120.000,false,false,true,false,false,false
optical_blocked,0.180,2.400,-30.000,0.000,45.000,false,false,true,false,false,false
optical_blocked,0.180,2.400,-30.000,0.005,45.000,false,false,true,false,false,false
optical_blocked,0.180,2.400,-30.000,0.010,45.000,false,false,true,false,false,false
optical_blocked,0.180,2.400,-30.000,0.030,45.000,false,false,true,false,false,false
optical_blocked,0.180,2.400,-15.000,0.000,60.000,false,false,true,false,false,false
optical_blocked,0.180,2.400,-15.000,0.005,60.000,false,false,true,false,false,false
optical_blocked,0.180,2.400,-15.000,0.010,60.000,false,false,true,false,false,false
optical_blocked,0.180,2.400,-15.000,0.030,60.000,false,false,true,false,false,false
optical_blocked,0.180,2.400,0.000,0.000,75.000,false,false,true,false,false,false
optical_blocked,0.180,2.400,0.000,0.005,75.000,false,false,true,false,false,false
optical_blocked,0.180,2.400,0.000,0.010,75.000,false,false,true,false,false,false
optical_blocked,0.180,2.400,0.000,0.030,75.000,false,false,true,false,false,false
optical_blocked,0.180,2.400,15.000,0.000,90.000,false,false,true,false,false,false
optical_blocked,0.180,2.400,15.000,0.005,90.000,false,false,true,false,false,false
optical_blocked,0.180,2.400,15.000,0.010,90.000,false,false,true,false,false,false
optical_blocked,0.180,2.400,15.000,0.030,90.000,false,false,true,false,false,false
optical_blocked,0.180,2.400,30.000,0.000,105.000,false,false,true,false,false,false
optical_blocked,0.180,2.400,30.000,0.005,105.000,false,false,true,false,false,false
optical_blocked,0.180,2.400,30.000,0.010,105.000,false,false,true,false,false,false
optical_blocked,0.180,2.400,30.000,0.030,105.000,false,false,true,false,false,false
optical_blocked,0.280,1.600,-30.000,0.000,145.000,false,false,true,false,false,false
optical_blocked,0.280,1.600,-30.000,0.005,145.000,false,false,true,false,false,false
optical_blocked,0.280,1.600,-30.000,0.010,145.000,false,false,true,false,false,false
optical_blocked,0.280,1.600,-30.000,0.030,145.000,false,false,true,false,false,false
optical_blocked,0.280,1.600,-15.000,0.000,160.000,false,false,true,false,false,false
optical_blocked,0.280,1.600,-15.000,0.005,160.000,false,false,true,false,false,false
optical_blocked,0.280,1.600,-15.000,0.010,160.000,false,false,true,false,false,false
optical_blocked,0.280,1.600,-15.000,0.030,160.000,false,false,true,false,false,false
optical_blocked,0.280,1.600,0.000,0.000,175.000,false,false,true,false,false,false
optical_blocked,0.280,1.600,0.000,0.005,175.000,false,false,true,false,false,false
optical_blocked,0.280,1.600,0.000,0.010,175.000,false,false,true,false,false,false
optical_blocked,0.280,1.600,0.000,0.030,175.000,false,false,true,false,false,false
optical_blocked,0.280,1.600,15.000,0.000,190.000,false,false,true,false,false,false
optical_blocked,0.280,1.600,15.000,0.005,190.000,false,false,true,false,false,false
optical_blocked,0.280,1.600,15.000,0.010,190.000,false,false,true,false,false,false
optical_blocked,0.280,1.600,15.000,0.030,190.000,false,false,true,false,false,false
optical_blocked,0.280,1.600,30.000,0.000,205.000,false,false,true,false,false,false
optical_blocked,0.280,1.600,30.000,0.005,205.000,false,false,true,false,false,false
optical_blocked,0.280,1.600,30.000,0.010,205.000,false,false,true,false,false,false
optical_blocked,0.280,1.600,30.000,0.030,205.000,false,false,true,false,false,false
optical_blocked,0.280,2.000,-30.000,0.000,110.000,false,false,true,false,false,false
optical_blocked,0.280,2.000,-30.000,0.005,110.000,false,false,true,false,false,false
optical_blocked,0.280,2.000,-30.000,0.010,110.000,false,false,true,false,false,false
optical_blocked,0.280,2.000,-30.000,0.030,110.000,false,false,true,false,false,false
optical_blocked,0.280,2.000,-15.000,0.000,125.000,false,false,true,false,false,false
optical_blocked,0.280,2.000,-15.000,0.005,125.000,false,false,true,false,false,false
optical_blocked,0.280,2.000,-15.000,0.010,125.000,false,false,true,false,false,false
optical_blocked,0.280,2.000,-15.000,0.030,125.000,false,false,true,false,false,false
optical_blocked,0.280,2.000,0.000,0.000,140.000,false,false,true,false,false,false
optical_blocked,0.280,2.000,0.000,0.005,140.000,false,false,true,false,false,false
optical_blocked,0.280,2.000,0.000,0.010,140.000,false,false,true,false,false,false
optical_blocked,0.280,2.000,0.000,0.030,140.000,false,false,true,false,false,false
optical_blocked,0.280,2.000,15.000,0.000,155.000,false,false,true,false,false,false
optical_blocked,0.280,2.000,15.000,0.005,155.000,false,false,true,false,false,false
optical_blocked,0.280,2.000,15.000,0.010,155.000,false,false,true,false,false,false
optical_blocked,0.280,2.000,15.000,0.030,155.000,false,false,true,false,false,false
optical_blocked,0.280,2.000,30.000,0.000,170.000,false,false,true,false,false,false
optical_blocked,0.280,2.000,30.000,0.005,170.000,false,false,true,false,false,false
optical_blocked,0.280,2.000,30.000,0.010,170.000,false,false,true,false,false,false
optical_blocked,0.280,2.000,30.000,0.030,170.000,false,false,true,false,false,false
optical_blocked,0.280,2.400,-30.000,0.000,86.667,false,false,true,false,false,false
optical_blocked,0.280,2.400,-30.000,0.005,86.667,false,false,true,false,false,false
optical_blocked,0.280,2.400,-30.000,0.010,86.667,false,false,true,false,false,false
optical_blocked,0.280,2.400,-30.000,0.030,86.667,false,false,true,false,false,false
optical_blocked,0.280,2.400,-15.000,0.000,101.667,false,false,true,false,false,false
optical_blocked,0.280,2.400,-15.000,0.005,101.667,false,false,true,false,false,false
optical_blocked,0.280,2.400,-15.000,0.010,101.667,false,false,true,false,false,false
optical_blocked,0.280,2.400,-15.000,0.030,101.667,false,false,true,false,false,false
optical_blocked,0.280,2.400,0.000,0.000,116.667,false,false,true,false,false,false
optical_blocked,0.280,2.400,0.000,0.005,116.667,false,false,true,false,false,false
optical_blocked,0.280,2.400,0.000,0.010,116.667,false,false,true,false,false,false
optical_blocked,0.280,2.400,0.000,0.030,116.667,false,false,true,false,false,false
optical_blocked,0.280,2.400,15.000,0.000,131.667,false,false,true,false,false,false
optical_blocked,0.280,2.400,15.000,0.005,131.667,false,false,true,false,false,false
optical_blocked,0.280,2.400,15.000,0.010,131.667,false,false,true,false,false,false
optical_blocked,0.280,2.400,15.000,0.030,131.667,false,false,true,false,false,false
optical_blocked,0.280,2.400,30.000,0.000,146.667,false,false,true,false,false,false
optical_blocked,0.280,2.400,30.000,0.005,146.667,false,false,true,false,false,false
optical_blocked,0.280,2.400,30.000,0.010,146.667,false,false,true,false,false,false
optical_blocked,0.280,2.400,30.000,0.030,146.667,false,false,true,false,false,false
reference_shift,0.080,1.600,-30.000,0.000,70.000,false,false,false,true,true,true
reference_shift,0.080,1.600,-30.000,0.005,70.000,false,false,false,true,true,true
reference_shift,0.080,1.600,-30.000,0.010,70.000,false,false,false,true,true,true
reference_shift,0.080,1.600,-30.000,0.030,70.000,false,false,false,true,true,true
reference_shift,0.080,1.600,-15.000,0.000,85.000,false,false,false,true,true,true
reference_shift,0.080,1.600,-15.000,0.005,85.000,false,false,false,true,true,true
reference_shift,0.080,1.600,-15.000,0.010,85.000,false,false,false,true,true,true
reference_shift,0.080,1.600,-15.000,0.030,85.000,false,false,false,true,true,true
reference_shift,0.080,1.600,0.000,0.000,100.000,false,false,false,true,true,true
reference_shift,0.080,1.600,0.000,0.005,100.000,false,false,false,true,true,true
reference_shift,0.080,1.600,0.000,0.010,100.000,false,false,false,true,true,true
reference_shift,0.080,1.600,0.000,0.030,100.000,false,false,false,true,true,true
reference_shift,0.080,1.600,15.000,0.000,115.000,false,false,false,true,true,true
reference_shift,0.080,1.600,15.000,0.005,115.000,false,false,false,true,true,true
reference_shift,0.080,1.600,15.000,0.010,115.000,false,false,false,true,true,true
reference_shift,0.080,1.600,15.000,0.030,115.000,false,false,false,true,true,true
reference_shift,0.080,1.600,30.000,0.000,130.000,false,false,false,true,true,true
reference_shift,0.080,1.600,30.000,0.005,130.000,false,false,false,true,true,true
reference_shift,0.080,1.600,30.000,0.010,130.000,false,false,false,true,true,true
reference_shift,0.080,1.600,30.000,0.030,130.000,false,false,false,true,true,true
reference_shift,0.080,2.000,-30.000,0.000,70.000,false,false,false,true,true,true
reference_shift,0.080,2.000,-30.000,0.005,70.000,false,false,false,true,true,true
reference_shift,0.080,2.000,-30.000,0.010,70.000,false,false,false,true,true,true
reference_shift,0.080,2.000,-30.000,0.030,70.000,false,false,false,true,true,true
reference_shift,0.080,2.000,-15.000,0.000,85.000,false,false,false,true,true,true
reference_shift,0.080,2.000,-15.000,0.005,85.000,false,false,false,true,true,true
reference_shift,0.080,2.000,-15.000,0.010,85.000,false,false,false,true,true,true
reference_shift,0.080,2.000,-15.000,0.030,85.000,false,false,false,true,true,true
reference_shift,0.080,2.000,0.000,0.000,100.000,false,false,false,true,true,true
reference_shift,0.080,2.000,0.000,0.005,100.000,false,false,false,true,true,true
reference_shift,0.080,2.000,0.000,0.010,100.000,false,false,false,true,true,true
reference_shift,0.080,2.000,0.000,0.030,100.000,false,false,false,true,true,true
reference_shift,0.080,2.000,15.000,0.000,115.000,false,false,false,true,true,true
reference_shift,0.080,2.000,15.000,0.005,115.000,false,false,false,true,true,true
reference_shift,0.080,2.000,15.000,0.010,115.000,false,false,false,true,true,true
reference_shift,0.080,2.000,15.000,0.030,115.000,false,false,false,true,true,true
reference_shift,0.080,2.000,30.000,0.000,130.000,false,false,false,true,true,true
reference_shift,0.080,2.000,30.000,0.005,130.000,false,false,false,true,true,true
reference_shift,0.080,2.000,30.000,0.010,130.000,false,false,false,true,true,true
reference_shift,0.080,2.000,30.000,0.030,130.000,false,false,false,true,true,true
reference_shift,0.080,2.400,-30.000,0.000,70.000,false,false,false,true,true,true
reference_shift,0.080,2.400,-30.000,0.005,70.000,false,false,false,true,true,true
reference_shift,0.080,2.400,-30.000,0.010,70.000,false,false,false,true,true,true
reference_shift,0.080,2.400,-30.000,0.030,70.000,false,false,false,true,true,true
reference_shift,0.080,2.400,-15.000,0.000,85.000,false,false,false,true,true,true
reference_shift,0.080,2.400,-15.000,0.005,85.000,false,false,false,true,true,true
reference_shift,0.080,2.400,-15.000,0.010,85.000,false,false,false,true,true,true
reference_shift,0.080,2.400,-15.000,0.030,85.000,false,false,false,true,true,true
reference_shift,0.080,2.400,0.000,0.000,100.000,false,false,false,true,true,true
reference_shift,0.080,2.400,0.000,0.005,100.000,false,false,false,true,true,true
reference_shift,0.080,2.400,0.000,0.010,100.000,false,false,false,true,true,true
reference_shift,0.080,2.400,0.000,0.030,100.000,false,false,false,true,true,true
reference_shift,0.080,2.400,15.000,0.000,115.000,false,false,false,true,true,true
reference_shift,0.080,2.400,15.000,0.005,115.000,false,false,false,true,true,true
reference_shift,0.080,2.400,15.000,0.010,115.000,false,false,false,true,true,true
reference_shift,0.080,2.400,15.000,0.030,115.000,false,false,false,true,true,true
reference_shift,0.080,2.400,30.000,0.000,130.000,false,false,false,true,true,true
reference_shift,0.080,2.400,30.000,0.005,130.000,false,false,false,true,true,true
reference_shift,0.080,2.400,30.000,0.010,130.000,false,false,false,true,true,true
reference_shift,0.080,2.400,30.000,0.030,130.000,false,false,false,true,true,true
reference_shift,0.100,1.600,-30.000,0.000,70.000,false,false,false,true,true,true
reference_shift,0.100,1.600,-30.000,0.005,70.000,false,false,false,true,true,true
reference_shift,0.100,1.600,-30.000,0.010,70.000,false,false,false,true,true,true
reference_shift,0.100,1.600,-30.000,0.030,70.000,false,false,false,true,true,true
reference_shift,0.100,1.600,-15.000,0.000,85.000,false,false,false,true,true,true
reference_shift,0.100,1.600,-15.000,0.005,85.000,false,false,false,true,true,true
reference_shift,0.100,1.600,-15.000,0.010,85.000,false,false,false,true,true,true
reference_shift,0.100,1.600,-15.000,0.030,85.000,false,false,false,true,true,true
reference_shift,0.100,1.600,0.000,0.000,100.000,false,false,false,true,true,true
reference_shift,0.100,1.600,0.000,0.005,100.000,false,false,false,true,true,true
reference_shift,0.100,1.600,0.000,0.010,100.000,false,false,false,true,true,true
reference_shift,0.100,1.600,0.000,0.030,100.000,false,false,false,true,true,true
reference_shift,0.100,1.600,15.000,0.000,115.000,false,false,false,true,true,true
reference_shift,0.100,1.600,15.000,0.005,115.000,false,false,false,true,true,true
reference_shift,0.100,1.600,15.000,0.010,115.000,false,false,false,true,true,true
reference_shift,0.100,1.600,15.000,0.030,115.000,false,false,false,true,true,true
reference_shift,0.100,1.600,30.000,0.000,130.000,false,false,false,true,true,true
reference_shift,0.100,1.600,30.000,0.005,130.000,false,false,false,true,true,true
reference_shift,0.100,1.600,30.000,0.010,130.000,false,false,false,true,true,true
reference_shift,0.100,1.600,30.000,0.030,130.000,false,false,false,true,true,true
reference_shift,0.100,2.000,-30.000,0.000,70.000,false,false,false,true,true,true
reference_shift,0.100,2.000,-30.000,0.005,70.000,false,false,false,true,true,true
reference_shift,0.100,2.000,-30.000,0.010,70.000,false,false,false,true,true,true
reference_shift,0.100,2.000,-30.000,0.030,70.000,false,false,false,true,true,true
reference_shift,0.100,2.000,-15.000,0.000,85.000,false,false,false,true,true,true
reference_shift,0.100,2.000,-15.000,0.005,85.000,false,false,false,true,true,true
reference_shift,0.100,2.000,-15.000,0.010,85.000,false,false,false,true,true,true
reference_shift,0.100,2.000,-15.000,0.030,85.000,false,false,false,true,true,true
reference_shift,0.100,2.000,0.000,0.000,100.000,false,false,false,true,true,true
reference_shift,0.100,2.000,0.000,0.005,100.000,false,false,false,true,true,true
reference_shift,0.100,2.000,0.000,0.010,100.000,false,false,false,true,true,true
reference_shift,0.100,2.000,0.000,0.030,100.000,false,false,false,true,true,true
reference_shift,0.100,2.000,15.000,0.000,115.000,false,false,false,true,true,true
reference_shift,0.100,2.000,15.000,0.005,115.000,false,false,false,true,true,true
reference_shift,0.100,2.000,15.000,0.010,115.000,false,false,false,true,true,true
reference_shift,0.100,2.000,15.000,0.030,115.000,false,false,false,true,true,true
reference_shift,0.100,2.000,30.000,0.000,130.000,false,false,false,true,true,true
reference_shift,0.100,2.000,30.000,0.005,130.000,false,false,false,true,true,true
reference_shift,0.100,2.000,30.000,0.010,130.000,false,false,false,true,true,true
reference_shift,0.100,2.000,30.000,0.030,130.000,false,false,false,true,true,true
reference_shift,0.100,2.400,-30.000,0.000,70.000,false,false,false,true,true,true
reference_shift,0.100,2.400,-30.000,0.005,70.000,false,false,false,true,true,true
reference_shift,0.100,2.400,-30.000,0.010,70.000,false,false,false,true,true,true
reference_shift,0.100,2.400,-30.000,0.030,70.000,false,false,false,true,true,true
reference_shift,0.100,2.400,-15.000,0.000,85.000,false,false,false,true,true,true
reference_shift,0.100,2.400,-15.000,0.005,85.000,false,false,false,true,true,true
reference_shift,0.100,2.400,-15.000,0.010,85.000,false,false,false,true,true,true
reference_shift,0.100,2.400,-15.000,0.030,85.000,false,false,false,true,true,true
reference_shift,0.100,2.400,0.000,0.000,100.000,false,false,false,true,true,true
reference_shift,0.100,2.400,0.000,0.005,100.000,false,false,false,true,true,true
reference_shift,0.100,2.400,0.000,0.010,100.000,false,false,false,true,true,true
reference_shift,0.100,2.400,0.000,0.030,100.000,false,false,false,true,true,true
reference_shift,0.100,2.400,15.000,0.000,115.000,false,false,false,true,true,true
reference_shift,0.100,2.400,15.000,0.005,115.000,false,false,false,true,true,true
reference_shift,0.100,2.400,15.000,0.010,115.000,false,false,false,true,true,true
reference_shift,0.100,2.400,15.000,0.030,115.000,false,false,false,true,true,true
reference_shift,0.100,2.400,30.000,0.000,130.000,false,false,false,true,true,true
reference_shift,0.100,2.400,30.000,0.005,130.000,false,false,false,true,true,true
reference_shift,0.100,2.400,30.000,0.010,130.000,false,false,false,true,true,true
reference_shift,0.100,2.400,30.000,0.030,130.000,false,false,false,true,true,true
reference_shift,0.120,1.600,-30.000,0.000,70.000,false,false,false,true,true,true
reference_shift,0.120,1.600,-30.000,0.005,70.000,false,false,false,true,true,true
reference_shift,0.120,1.600,-30.000,0.010,70.000,false,false,false,true,true,true
reference_shift,0.120,1.600,-30.000,0.030,70.000,false,false,false,true,true,true
reference_shift,0.120,1.600,-15.000,0.000,85.000,false,false,false,true,true,true
reference_shift,0.120,1.600,-15.000,0.005,85.000,false,false,false,true,true,true
reference_shift,0.120,1.600,-15.000,0.010,85.000,false,false,false,true,true,true
reference_shift,0.120,1.600,-15.000,0.030,85.000,false,false,false,true,true,true
reference_shift,0.120,1.600,0.000,0.000,100.000,false,false,false,true,true,true
reference_shift,0.120,1.600,0.000,0.005,100.000,false,false,false,true,true,true
reference_shift,0.120,1.600,0.000,0.010,100.000,false,false,false,true,true,true
reference_shift,0.120,1.600,0.000,0.030,100.000,false,false,false,true,true,true
reference_shift,0.120,1.600,15.000,0.000,115.000,false,false,false,true,true,true
reference_shift,0.120,1.600,15.000,0.005,115.000,false,false,false,true,true,true
reference_shift,0.120,1.600,15.000,0.010,115.000,false,false,false,true,true,true
reference_shift,0.120,1.600,15.000,0.030,115.000,false,false,false,true,true,true
reference_shift,0.120,1.600,30.000,0.000,130.000,false,false,false,true,true,true
reference_shift,0.120,1.600,30.000,0.005,130.000,false,false,false,true,true,true
reference_shift,0.120,1.600,30.000,0.010,130.000,false,false,false,true,true,true
reference_shift,0.120,1.600,30.000,0.030,130.000,false,false,false,true,true,true
reference_shift,0.120,2.000,-30.000,0.000,70.000,false,false,false,true,true,true
reference_shift,0.120,2.000,-30.000,0.005,70.000,false,false,false,true,true,true
reference_shift,0.120,2.000,-30.000,0.010,70.000,false,false,false,true,true,true
reference_shift,0.120,2.000,-30.000,0.030,70.000,false,false,false,true,true,true
reference_shift,0.120,2.000,-15.000,0.000,85.000,false,false,false,true,true,true
reference_shift,0.120,2.000,-15.000,0.005,85.000,false,false,false,true,true,true
reference_shift,0.120,2.000,-15.000,0.010,85.000,false,false,false,true,true,true
reference_shift,0.120,2.000,-15.000,0.030,85.000,false,false,false,true,true,true
reference_shift,0.120,2.000,0.000,0.000,100.000,false,false,false,true,true,true
reference_shift,0.120,2.000,0.000,0.005,100.000,false,false,false,true,true,true
reference_shift,0.120,2.000,0.000,0.010,100.000,false,false,false,true,true,true
reference_shift,0.120,2.000,0.000,0.030,100.000,false,false,false,true,true,true
reference_shift,0.120,2.000,15.000,0.000,115.000,false,false,false,true,true,true
reference_shift,0.120,2.000,15.000,0.005,115.000,false,false,false,true,true,true
reference_shift,0.120,2.000,15.000,0.010,115.000,false,false,false,true,true,true
reference_shift,0.120,2.000,15.000,0.030,115.000,false,false,false,true,true,true
reference_shift,0.120,2.000,30.000,0.000,130.000,false,false,false,true,true,true
reference_shift,0.120,2.000,30.000,0.005,130.000,false,false,false,true,true,true
reference_shift,0.120,2.000,30.000,0.010,130.000,false,false,false,true,true,true
reference_shift,0.120,2.000,30.000,0.030,130.000,false,false,false,true,true,true
reference_shift,0.120,2.400,-30.000,0.000,70.000,false,false,false,true,true,true
reference_shift,0.120,2.400,-30.000,0.005,70.000,false,false,false,true,true,true
reference_shift,0.120,2.400,-30.000,0.010,70.000,false,false,false,true,true,true
reference_shift,0.120,2.400,-30.000,0.030,70.000,false,false,false,true,true,true
reference_shift,0.120,2.400,-15.000,0.000,85.000,false,false,false,true,true,true
reference_shift,0.120,2.400,-15.000,0.005,85.000,false,false,false,true,true,true
reference_shift,0.120,2.400,-15.000,0.010,85.000,false,false,false,true,true,true
reference_shift,0.120,2.400,-15.000,0.030,85.000,false,false,false,true,true,true
reference_shift,0.120,2.400,0.000,0.000,100.000,false,false,false,true,true,true
reference_shift,0.120,2.400,0.000,0.005,100.000,false,false,false,true,true,true
reference_shift,0.120,2.400,0.000,0.010,100.000,false,false,false,true,true,true
reference_shift,0.120,2.400,0.000,0.030,100.000,false,false,false,true,true,true
reference_shift,0.120,2.400,15.000,0.000,115.000,false,false,false,true,true,true
reference_shift,0.120,2.400,15.000,0.005,115.000,false,false,false,true,true,true
reference_shift,0.120,2.400,15.000,0.010,115.000,false,false,false,true,true,true
reference_shift,0.120,2.400,15.000,0.030,115.000,false,false,false,true,true,true
reference_shift,0.120,2.400,30.000,0.000,130.000,false,false,false,true,true,true
reference_shift,0.120,2.400,30.000,0.005,130.000,false,false,false,true,true,true
reference_shift,0.120,2.400,30.000,0.010,130.000,false,false,false,true,true,true
reference_shift,0.120,2.400,30.000,0.030,130.000,false,false,false,true,true,true
reference_shift,0.180,1.600,-30.000,0.000,70.000,false,false,false,true,true,true
reference_shift,0.180,1.600,-30.000,0.005,70.000,false,false,false,true,true,true
reference_shift,0.180,1.600,-30.000,0.010,70.000,false,false,false,true,true,true
reference_shift,0.180,1.600,-30.000,0.030,70.000,false,false,false,true,true,true
reference_shift,0.180,1.600,-15.000,0.000,85.000,false,false,false,true,true,true
reference_shift,0.180,1.600,-15.000,0.005,85.000,false,false,false,true,true,true
reference_shift,0.180,1.600,-15.000,0.010,85.000,false,false,false,true,true,true
reference_shift,0.180,1.600,-15.000,0.030,85.000,false,false,false,true,true,true
reference_shift,0.180,1.600,0.000,0.000,100.000,false,false,false,true,true,true
reference_shift,0.180,1.600,0.000,0.005,100.000,false,false,false,true,true,true
reference_shift,0.180,1.600,0.000,0.010,100.000,false,false,false,true,true,true
reference_shift,0.180,1.600,0.000,0.030,100.000,false,false,false,true,true,true
reference_shift,0.180,1.600,15.000,0.000,115.000,false,false,false,true,true,true
reference_shift,0.180,1.600,15.000,0.005,115.000,false,false,false,true,true,true
reference_shift,0.180,1.600,15.000,0.010,115.000,false,false,false,true,true,true
reference_shift,0.180,1.600,15.000,0.030,115.000,false,false,false,true,true,true
reference_shift,0.180,1.600,30.000,0.000,130.000,false,false,false,true,true,true
reference_shift,0.180,1.600,30.000,0.005,130.000,false,false,false,true,true,true
reference_shift,0.180,1.600,30.000,0.010,130.000,false,false,false,true,true,true
reference_shift,0.180,1.600,30.000,0.030,130.000,false,false,false,true,true,true
reference_shift,0.180,2.000,-30.000,0.000,70.000,false,false,false,true,true,true
reference_shift,0.180,2.000,-30.000,0.005,70.000,false,false,false,true,true,true
reference_shift,0.180,2.000,-30.000,0.010,70.000,false,false,false,true,true,true
reference_shift,0.180,2.000,-30.000,0.030,70.000,false,false,false,true,true,true
reference_shift,0.180,2.000,-15.000,0.000,85.000,false,false,false,true,true,true
reference_shift,0.180,2.000,-15.000,0.005,85.000,false,false,false,true,true,true
reference_shift,0.180,2.000,-15.000,0.010,85.000,false,false,false,true,true,true
reference_shift,0.180,2.000,-15.000,0.030,85.000,false,false,false,true,true,true
reference_shift,0.180,2.000,0.000,0.000,100.000,false,false,false,true,true,true
reference_shift,0.180,2.000,0.000,0.005,100.000,false,false,false,true,true,true
reference_shift,0.180,2.000,0.000,0.010,100.000,false,false,false,true,true,true
reference_shift,0.180,2.000,0.000,0.030,100.000,false,false,false,true,true,true
reference_shift,0.180,2.000,15.000,0.000,115.000,false,false,false,true,true,true
reference_shift,0.180,2.000,15.000,0.005,115.000,false,false,false,true,true,true
reference_shift,0.180,2.000,15.000,0.010,115.000,false,false,false,true,true,true
reference_shift,0.180,2.000,15.000,0.030,115.000,false,false,false,true,true,true
reference_shift,0.180,2.000,30.000,0.000,130.000,false,false,false,true,true,true
reference_shift,0.180,2.000,30.000,0.005,130.000,false,false,false,true,true,true
reference_shift,0.180,2.000,30.000,0.010,130.000,false,false,false,true,true,true
reference_shift,0.180,2.000,30.000,0.030,130.000,false,false,false,true,true,true
reference_shift,0.180,2.400,-30.000,0.000,70.000,false,false,false,true,true,true
reference_shift,0.180,2.400,-30.000,0.005,70.000,false,false,false,true,true,true
reference_shift,0.180,2.400,-30.000,0.010,70.000,false,false,false,true,true,true
reference_shift,0.180,2.400,-30.000,0.030,70.000,false,false,false,true,true,true
reference_shift,0.180,2.400,-15.000,0.000,85.000,false,false,false,true,true,true
reference_shift,0.180,2.400,-15.000,0.005,85.000,false,false,false,true,true,true
reference_shift,0.180,2.400,-15.000,0.010,85.000,false,false,false,true,true,true
reference_shift,0.180,2.400,-15.000,0.030,85.000,false,false,false,true,true,true
reference_shift,0.180,2.400,0.000,0.000,100.000,false,false,false,true,true,true
reference_shift,0.180,2.400,0.000,0.005,100.000,false,false,false,true,true,true
reference_shift,0.180,2.400,0.000,0.010,100.000,false,false,false,true,true,true
reference_shift,0.180,2.400,0.000,0.030,100.000,false,false,false,true,true,true
reference_shift,0.180,2.400,15.000,0.000,115.000,false,false,false,true,true,true
reference_shift,0.180,2.400,15.000,0.005,115.000,false,false,false,true,true,true
reference_shift,0.180,2.400,15.000,0.010,115.000,false,false,false,true,true,true
reference_shift,0.180,2.400,15.000,0.030,115.000,false,false,false,true,true,true
reference_shift,0.180,2.400,30.000,0.000,130.000,false,false,false,true,true,true
reference_shift,0.180,2.400,30.000,0.005,130.000,false,false,false,true,true,true
reference_shift,0.180,2.400,30.000,0.010,130.000,false,false,false,true,true,true
reference_shift,0.180,2.400,30.000,0.030,130.000,false,false,false,true,true,true
reference_shift,0.280,1.600,-30.000,0.000,70.000,false,false,false,true,true,true
reference_shift,0.280,1.600,-30.000,0.005,70.000,false,false,false,true,true,true
reference_shift,0.280,1.600,-30.000,0.010,70.000,false,false,false,true,true,true
reference_shift,0.280,1.600,-30.000,0.030,70.000,false,false,false,true,true,true
reference_shift,0.280,1.600,-15.000,0.000,85.000,false,false,false,true,true,true
reference_shift,0.280,1.600,-15.000,0.005,85.000,false,false,false,true,true,true
reference_shift,0.280,1.600,-15.000,0.010,85.000,false,false,false,true,true,true
reference_shift,0.280,1.600,-15.000,0.030,85.000,false,false,false,true,true,true
reference_shift,0.280,1.600,0.000,0.000,100.000,false,false,false,true,true,true
reference_shift,0.280,1.600,0.000,0.005,100.000,false,false,false,true,true,true
reference_shift,0.280,1.600,0.000,0.010,100.000,false,false,false,true,true,true
reference_shift,0.280,1.600,0.000,0.030,100.000,false,false,false,true,true,true
reference_shift,0.280,1.600,15.000,0.000,115.000,false,false,false,true,true,true
reference_shift,0.280,1.600,15.000,0.005,115.000,false,false,false,true,true,true
reference_shift,0.280,1.600,15.000,0.010,115.000,false,false,false,true,true,true
reference_shift,0.280,1.600,15.000,0.030,115.000,false,false,false,true,true,true
reference_shift,0.280,1.600,30.000,0.000,130.000,false,false,false,true,true,true
reference_shift,0.280,1.600,30.000,0.005,130.000,false,false,false,true,true,true
reference_shift,0.280,1.600,30.000,0.010,130.000,false,false,false,true,true,true
reference_shift,0.280,1.600,30.000,0.030,130.000,false,false,false,true,true,true
reference_shift,0.280,2.000,-30.000,0.000,70.000,false,false,false,true,true,true
reference_shift,0.280,2.000,-30.000,0.005,70.000,false,false,false,true,true,true
reference_shift,0.280,2.000,-30.000,0.010,70.000,false,false,false,true,true,true
reference_shift,0.280,2.000,-30.000,0.030,70.000,false,false,false,true,true,true
reference_shift,0.280,2.000,-15.000,0.000,85.000,false,false,false,true,true,true
reference_shift,0.280,2.000,-15.000,0.005,85.000,false,false,false,true,true,true
reference_shift,0.280,2.000,-15.000,0.010,85.000,false,false,false,true,true,true
reference_shift,0.280,2.000,-15.000,0.030,85.000,false,false,false,true,true,true
reference_shift,0.280,2.000,0.000,0.000,100.000,false,false,false,true,true,true
reference_shift,0.280,2.000,0.000,0.005,100.000,false,false,false,true,true,true
reference_shift,0.280,2.000,0.000,0.010,100.000,false,false,false,true,true,true
reference_shift,0.280,2.000,0.000,0.030,100.000,false,false,false,true,true,true
reference_shift,0.280,2.000,15.000,0.000,115.000,false,false,false,true,true,true
reference_shift,0.280,2.000,15.000,0.005,115.000,false,false,false,true,true,true
reference_shift,0.280,2.000,15.000,0.010,115.000,false,false,false,true,true,true
reference_shift,0.280,2.000,15.000,0.030,115.000,false,false,false,true,true,true
reference_shift,0.280,2.000,30.000,0.000,130.000,false,false,false,true,true,true
reference_shift,0.280,2.000,30.000,0.005,130.000,false,false,false,true,true,true
reference_shift,0.280,2.000,30.000,0.010,130.000,false,false,false,true,true,true
reference_shift,0.280,2.000,30.000,0.030,130.000,false,false,false,true,true,true
reference_shift,0.280,2.400,-30.000,0.000,70.000,false,false,false,true,true,true
reference_shift,0.280,2.400,-30.000,0.005,70.000,false,false,false,true,true,true
reference_shift,0.280,2.400,-30.000,0.010,70.000,false,false,false,true,true,true
reference_shift,0.280,2.400,-30.000,0.030,70.000,false,false,false,true,true,true
reference_shift,0.280,2.400,-15.000,0.000,85.000,false,false,false,true,true,true
reference_shift,0.280,2.400,-15.000,0.005,85.000,false,false,false,true,true,true
reference_shift,0.280,2.400,-15.000,0.010,85.000,false,false,false,true,true,true
reference_shift,0.280,2.400,-15.000,0.030,85.000,false,false,false,true,true,true
reference_shift,0.280,2.400,0.000,0.000,100.000,false,false,false,true,true,true
reference_shift,0.280,2.400,0.000,0.005,100.000,false,false,false,true,true,true
reference_shift,0.280,2.400,0.000,0.010,100.000,false,false,false,true,true,true
reference_shift,0.280,2.400,0.000,0.030,100.000,false,false,false,true,true,true
reference_shift,0.280,2.400,15.000,0.000,115.000,false,false,false,true,true,true
reference_shift,0.280,2.400,15.000,0.005,115.000,false,false,false,true,true,true
reference_shift,0.280,2.400,15.000,0.010,115.000,false,false,false,true,true,true
reference_shift,0.280,2.400,15.000,0.030,115.000,false,false,false,true,true,true
reference_shift,0.280,2.400,30.000,0.000,130.000,false,false,false,true,true,true
reference_shift,0.280,2.400,30.000,0.005,130.000,false,false,false,true,true,true
reference_shift,0.280,2.400,30.000,0.010,130.000,false,false,false,true,true,true
reference_shift,0.280,2.400,30.000,0.030,130.000,false,false,false,true,true,true
