ELMER SOLVER (v 26.2) STARTED AT: 2026/09/14 09:58:15
ParCommInit: Initialize #PEs: 1
MAIN: 
MAIN: =============================================================
MAIN: ElmerSolver finite element software, Welcome!
MAIN: This program is free software licensed under (L)GPL
MAIN: Copyright 1st April 1995 - , CSC - IT Center for Science Ltd.
MAIN: Webpage http://www.csc.fi/elmer, Email elmeradm@csc.fi
MAIN: Version: 26.2-unknown (Rev: a19504a, Compiled: 2026-09-12)
MAIN:  Running one task without MPI parallelization.
MAIN:  Running with just one thread per task.
MAIN: =============================================================
MAIN: 
MAIN: 
MAIN: -------------------------------------
MAIN: Reading Model: case.sif
LoadInputFile: Scanning input file: case.sif
LoadInputFile: Scanning only size info
LoadInputFile: First time visiting
LoadInputFile: Reading base load of sif file
CheckKeyword: Found keyword type assuming suffix 1 for: variable 2
CheckKeyword: Found keyword type assuming suffix 1 for: variable 2
CheckKeyword: Found keyword type assuming suffix 1 for: operator 2
CheckKeyword: Found keyword type assuming suffix 1 for: operator 2
CheckKeyword: Found keyword type assuming suffix 1 for: variable 3
CheckKeyword: Found keyword type assuming suffix 1 for: variable 3
CheckKeyword: Found keyword type assuming suffix 1 for: operator 3
CheckKeyword: Found keyword type assuming suffix 1 for: operator 3
CheckKeyword: Found keyword type assuming suffix 1 for: variable 4
CheckKeyword: Found keyword type assuming suffix 1 for: variable 4
CheckKeyword: Found keyword type assuming suffix 1 for: operator 4
CheckKeyword: Found keyword type assuming suffix 1 for: operator 4
CheckKeyword: Found keyword type assuming suffix 1 for: variable 5
CheckKeyword: Found keyword type assuming suffix 1 for: variable 5
CheckKeyword: Found keyword type assuming suffix 1 for: operator 5
CheckKeyword: Found keyword type assuming suffix 1 for: operator 5
LoadInputFile: Loading input file: case.sif
LoadInputFile: Reading base load of sif file
CheckKeyword: Found keyword type assuming suffix 1 for: variable 2
CheckKeyword: Found keyword type assuming suffix 1 for: variable 2
CheckKeyword: Found keyword type assuming suffix 1 for: operator 2
CheckKeyword: Found keyword type assuming suffix 1 for: operator 2
CheckKeyword: Found keyword type assuming suffix 1 for: variable 3
CheckKeyword: Found keyword type assuming suffix 1 for: variable 3
CheckKeyword: Found keyword type assuming suffix 1 for: operator 3
CheckKeyword: Found keyword type assuming suffix 1 for: operator 3
CheckKeyword: Found keyword type assuming suffix 1 for: variable 4
CheckKeyword: Found keyword type assuming suffix 1 for: variable 4
CheckKeyword: Found keyword type assuming suffix 1 for: operator 4
CheckKeyword: Found keyword type assuming suffix 1 for: operator 4
CheckKeyword: Found keyword type assuming suffix 1 for: variable 5
CheckKeyword: Found keyword type assuming suffix 1 for: variable 5
CheckKeyword: Found keyword type assuming suffix 1 for: operator 5
CheckKeyword: Found keyword type assuming suffix 1 for: operator 5
LoadInputFile: Number of BCs: 3
LoadInputFile: Number of Body Forces: 1
LoadInputFile: Number of Initial Conditions: 1
LoadInputFile: Number of Materials: 2
LoadInputFile: Number of Equations: 2
LoadInputFile: Number of Solvers: 3
LoadInputFile: Number of Bodies: 2
Loading user function library: [StatCurrentSolve]...[StatCurrentSolver_Init0]
Loading user function library: [StatCurrentSolve]...[StatCurrentSolver_Init0]
Loading user function library: [HeatSolve]...[HeatSolver_Init0]
Loading user function library: [HeatSolve]...[HeatSolver_Init0]
Loading user function library: [SaveData]...[SaveScalars_Init0]
Loading user function library: [SaveData]...[SaveScalars_Init0]
LoadMesh: Loading serial mesh!
ElmerMeshReader: Performing step: 1
ElmerMeshReader: Base mesh name: ./neck
ReadHeaderFile: Reading header info from file: ./neck/mesh.header
InitializeMesh: Number of nodes in mesh: 10828
InitializeMesh: Number of bulk elements in mesh: 50904
InitializeMesh: Number of boundary elements in mesh: 10186
InitializeMesh: Initial number of max element nodes: 4
ElmerMeshReader: Performing step: 2
ReadNodesFile: Reading nodes from file: ./neck/mesh.nodes
SetMeshDimension: Dimension of mesh is: 3
SetMeshDimension: Max dimension of mesh is: 3
ElmerMeshReader: Performing step: 3
ReadElementsFile: Reading bulk elements from file: ./neck/mesh.elements
ElmerMeshReader: Performing step: 4
ReadBoundaryFile: Reading boundary elements from file: ./neck/mesh.boundary
PermuteNodeNumbering: Performing node mapping
MapBodiesAndBCs: Remapping bodies
MapBodiesAndBCs: Minimum initial body index: 1
MapBodiesAndBCs: Maximum initial body index: 2
MapBodiesAndBCs: Remapping boundaries
MapBodiesAndBCs: Minimum initial boundary index: 11
MapBodiesAndBCs: Maximum initial boundary index: 13
ElmerMeshReader: Performing step: 5
ElmerMeshReader: Performing step: 6
LoadMesh: Loading mesh done
LoadMesh: Preparing mesh done
LoadMesh: Elapsed REAL time:     0.0304 (s)
MeshStabParams: Computing stabilization parameters
MeshStabParams: Elapsed REAL time:     0.0053 (s)
LoadModel: Defined radition solver by Equation name "heat equation"
MAIN: -------------------------------------
AddVtuOutputSolverHack: Adding ResultOutputSolver to write VTU output in file: neck
AppendNewSolver: Increasing number of solvers to: 4
AddMeshCoordinates: Setting mesh coordinates and time
AddSolvers: Setting up 4 solvers
AddSolvers: Setting up solver 1: stat current
AddEquationBasics: Using procedure: StatCurrentSolve StatCurrentSolver
AddEquationBasics: Setting up solver: stat current
Loading user function library: [StatCurrentSolve]...[StatCurrentSolver_Init]
Loading user function library: [StatCurrentSolve]...[StatCurrentSolver_bulk]
Loading user function library: [StatCurrentSolve]...[StatCurrentSolver_bulk]
Loading user function library: [StatCurrentSolve]...[StatCurrentSolver]
AddEquationBasics: Creating standard variable: potential
OptimizeBandwidth: ---------------------------------------------------------
OptimizeBandwidth: Computing matrix structure for: stat current
OptimizeBandwidth: Initial bandwidth for stat current: 1707
OptimizeBandwidth: Optimized bandwidth for stat current: 50
OptimizeBandwidth: ---------------------------------------------------------
AddSolvers: Setting up solver 2: heat equation
AddEquationBasics: Setting up keywords internally for legacy solver: heat equation
AddEquationBasics: Using procedure: HeatSolve HeatSolver
AddEquationBasics: Setting up solver: heat equation
Loading user function library: [HeatSolve]...[HeatSolver_Init]
Loading user function library: [HeatSolve]...[HeatSolver_bulk]
Loading user function library: [HeatSolve]...[HeatSolver_bulk]
Loading user function library: [HeatSolve]...[HeatSolver]
AddEquationBasics: Creating standard variable: temperature
OptimizeBandwidth: ---------------------------------------------------------
OptimizeBandwidth: Computing matrix structure for: heat equation
OptimizeBandwidth: Initial bandwidth for heat equation: 10717
OptimizeBandwidth: Optimized bandwidth for heat equation: 391
OptimizeBandwidth: ---------------------------------------------------------
AddSolvers: Setting up solver 3: savescalars
AddEquationBasics: Using procedure: SaveData SaveScalars
AddEquationBasics: Setting up solver: savescalars
Loading user function library: [SaveData]...[SaveScalars_Init]
Loading user function library: [SaveData]...[SaveScalars_bulk]
Loading user function library: [SaveData]...[SaveScalars_bulk]
Loading user function library: [SaveData]...[SaveScalars]
AddSolvers: Setting up solver 4: internalvtuoutputsolver
AddEquationBasics: Using procedure: ResultOutputSolve ResultOutputSolver
AddEquationBasics: Setting up solver: internalvtuoutputsolver
Loading user function library: [ResultOutputSolve]...[ResultOutputSolver_Init]
Loading user function library: [ResultOutputSolve]...[ResultOutputSolver_Init]
Loading user function library: [ResultOutputSolve]...[ResultOutputSolver_bulk]
Loading user function library: [ResultOutputSolve]...[ResultOutputSolver_bulk]
Loading user function library: [ResultOutputSolve]...[ResultOutputSolver]
AddEquationBasics: Creating global variable: vtu_internal_dummy
AddTimeEtc: Setting time and other global variables
MAIN: Random seed initialized to: 314159265
SetInitialConditions: Setting up initial conditions (if any)
MAIN: Number of timesteps to be saved: 30
MAIN: 
MAIN: -------------------------------------
MAIN:  Steady state iteration:            1
MAIN: -------------------------------------
MAIN: 
SingleSolver: Attempting to call solver: 1
SingleSolver: Solver Equation string is: stat current
StatCurrentSolve: -------------------------------------
StatCurrentSolve: STAT CURRENT SOLVER:
StatCurrentSolve: -------------------------------------
DefaultStart: Starting solver: stat current
StatElecSolve: Starting Assembly...
DefUtils::DefaultDirichletBCs: Setting Dirichlet boundary conditions
EnforceDirichletConditions: Enforcing total of 28 Dirichlet conditions.
EnforceDirichletConditions: Applying Dirichlet conditions using scaled diagonal
ScaleLinearSystem: Creating > DiagScaling < vector of size 1732
EnforceDirichletConditions: Dirichlet conditions enforced for dofs: 28
StatCurrentSolve:  Assembly (s)          :  0.13032899999999997
DefaultSolve: Solving linear system with default routines
SolveSystem: Solving linear system
SolveLinearSystem: Assuming real valued linear system
SolveLinearSystem: Assuming serial linear system
ScaleLinearSystem: Creating > DiagScaling < vector of size 1732
SolveLinearSystem: Serial linear System Solver: direct
DirectSolver: Using direct method: umfpack
ComputeNorm: Computing norm of solution
ComputeChange: NS (ITER=1) (NRM,RELC): ( 0.11968687E-01  2.0000000     ) :: stat current
StatCurrentSolve:  Solve (s)             :   3.1859999999999666E-003
StatCurrentSolve:  Total Heating Power   :  0.27420862001833796
DefaultFinish: Finished solver: stat current
ComputeNorm: Computing norm of solution
ComputeChange: SS (ITER=1) (NRM,RELC): ( 0.11968687E-01  2.0000000     ) :: stat current
SingleSolver: Attempting to call solver: 2
SingleSolver: Solver Equation string is: heat equation
HeatSolver: -------------------------------------------
HeatSolver: Solving the energy equation for temperature
DefaultStart: Starting solver: heat equation
HeatSolve: 
HeatSolve: 
HeatSolve: -------------------------------------
HeatSolve:  TEMPERATURE ITERATION           1
HeatSolve: -------------------------------------
HeatSolve: 
HeatSolve: Starting Assembly...
HeatSolve: Assembly:
DefaultFinishBulkAssembly: Saving bulk values for: heat equation
HeatSolve: Assembly done
DefUtils::DefaultDirichletBCs: Setting Dirichlet boundary conditions
EnforceDirichletConditions: No Dirichlet conditions to enforce, exiting!
DefaultSolve: Solving linear system with default routines
SolveSystem: Solving linear system
SolveLinearSystem: Assuming real valued linear system
SolveLinearSystem: Assuming serial linear system
ScaleLinearSystem: Creating > DiagScaling < vector of size 10828
SolveLinearSystem: Serial linear System Solver: direct
DirectSolver: Using direct method: umfpack
SolveLinearSystem: Calculating nodal loads for: temperature
CalculateLoads: Computing boundary fluxes from nodal loads
WARNING:: CalculateLoads: Boundary 1 includes inseparable dofs!
CalculateLoads: temperature Flux over BC 1: -6.77399E-02
WARNING:: CalculateLoads: Boundary 2 includes inseparable dofs!
CalculateLoads: temperature Flux over BC 2: -4.57021E-02
WARNING:: CalculateLoads: Boundary 3 includes inseparable dofs!
CalculateLoads: temperature Flux over BC 3: -1.60767E-01
CalculateLoads: temperature Flux over all BCs: -2.74209E-01
ComputeNorm: Computing norm of solution
ComputeChange: NS (ITER=1) (NRM,RELC): (  466.70000      2.0000000     ) :: heat equation
HeatSolve: iter:    1 Assembly: (s)    0.72    0.72
HeatSolve: iter:    1 Solve:    (s)    0.21    0.21
HeatSolve:  Result Norm   :    466.69999989725397
HeatSolve:  Relative Change :    2.0000000000000000
DefaultFinish: Finished solver: heat equation
ComputeNorm: Computing norm of solution
ComputeChange: SS (ITER=1) (NRM,RELC): (  466.70000      2.0000000     ) :: heat equation
SingleSolver: Attempting to call solver: 0
SingleSolver: Solver Equation string is: internalvtuoutputsolver
ResultOutputSolver: -------------------------------------
ResultOutputSolver: Saving with prefix: neck
ResultOutputSolver: Dimension of mesh is: 3
ResultOutputSolver: Working on mesh 1: neck with 10828 nodes
ResultOutputSolver: Creating list for saving - if not present
CreateListForSaving: Field Variables for Saving
CreateListForSaving: Scalar Field 1: potential
CreateListForSaving: Scalar Field 2: joule heating
CreateListForSaving: Scalar Field 3: temperature
CreateListForSaving: Scalar Field 4: temperature loads
CreateListForSaving: Vector Field 1: volume current
ResultOutputSolver: Saving in unstructured VTK XML (.vtu) format
VtuOutputSolver: Saving results in VTK XML format with prefix: neck
VtuOutputSolver: Saving number of partitions: 1
SolverOutputDirectory: Creating directory: neck
VtuOutputSolver: Full filename base is: neck/neck
GenerateSaveMask: Number of active elements 61090 out of 61090
GenerateSaveMask: Number of geometry nodes 10828 out of 10828
VtuOutputSolver: Total number of elements to save: 61090
VtuOutputSolver: Total number of geometry nodes to save: 10828
VtuOutputSolver: Total number of dof nodes to save: 10828
VtuOutputSolver: Setting offset for boundary entities: 100
VtuOutputSolver: Writing the vtu file: neck/neck_t0001.vtu
AscBinWriteInit: Initializing buffered ascii/binary writing
AscBinWriteInit: Writing in binary
AscBinWriteInit: Writing in double precision
AscBinWriteInit: Writing to unit number: 58
AscBinWriteInit: Size of buffer is: 10828
WriteVtuFile: Writing nodal fields
WriteVtuFile: Saving 1-component variable: potential
WriteVtuFile: Saving 1-component variable: joule heating
WriteVtuFile: Saving 1-component variable: temperature
WriteVtuFile: Saving 1-component variable: temperature loads
WriteVtuFile: Saving 3-component variable: volume current
WriteVtuFile: Number of nodal fields written: 5
WriteVtuFile: Writing elemental fields
WriteVtuFile: Number of elemental fields written: 0
WriteVtuFile: Writing entity IDs for bodies and boundaries
WriteVtuFile: Writing coordinates for each used node
WriteVtuFile: Writing the elemental connectivity data
WriteVtuFile: Writing nodal fields
WriteVtuFile: Saving 1-component variable: potential
WriteVtuFile: Saving 1-component variable: joule heating
WriteVtuFile: Saving 1-component variable: temperature
WriteVtuFile: Saving 1-component variable: temperature loads
WriteVtuFile: Saving 3-component variable: volume current
WriteVtuFile: Writing elemental fields
AscBinWriteFree: Terminating buffered ascii/binary writing
VtuOutputSolver: All done for now
ResultOutputSolver: -------------------------------------
MAIN: 
MAIN: -------------------------------------
MAIN:  Steady state iteration:            2
MAIN: -------------------------------------
MAIN: 
SingleSolver: Attempting to call solver: 1
SingleSolver: Solver Equation string is: stat current
StatCurrentSolve: -------------------------------------
StatCurrentSolve: STAT CURRENT SOLVER:
StatCurrentSolve: -------------------------------------
DefaultStart: Starting solver: stat current
StatElecSolve: Starting Assembly...
DefUtils::DefaultDirichletBCs: Setting Dirichlet boundary conditions
EnforceDirichletConditions: Enforcing total of 28 Dirichlet conditions.
EnforceDirichletConditions: Applying Dirichlet conditions using scaled diagonal
ScaleLinearSystem: Creating > DiagScaling < vector of size 1732
EnforceDirichletConditions: Dirichlet conditions enforced for dofs: 28
StatCurrentSolve:  Assembly (s)          :  0.12313299999999994
DefaultSolve: Solving linear system with default routines
SolveSystem: Solving linear system
SolveLinearSystem: Assuming real valued linear system
SolveLinearSystem: Assuming serial linear system
ScaleLinearSystem: Creating > DiagScaling < vector of size 1732
SolveLinearSystem: Serial linear System Solver: direct
DirectSolver: Using direct method: umfpack
ComputeNorm: Computing norm of solution
ComputeChange: NS (ITER=1) (NRM,RELC): ( 0.17576074E-01 0.37958592     ) :: stat current
StatCurrentSolve:  Solve (s)             :   3.1490000000000684E-003
StatCurrentSolve:  Total Heating Power   :  0.40234258254303534
DefaultFinish: Finished solver: stat current
ComputeNorm: Computing norm of solution
ComputeChange: SS (ITER=2) (NRM,RELC): ( 0.17576074E-01 0.37958592     ) :: stat current
SingleSolver: Attempting to call solver: 2
SingleSolver: Solver Equation string is: heat equation
HeatSolver: -------------------------------------------
HeatSolver: Solving the energy equation for temperature
DefaultStart: Starting solver: heat equation
HeatSolve: 
HeatSolve: 
HeatSolve: -------------------------------------
HeatSolve:  TEMPERATURE ITERATION           1
HeatSolve: -------------------------------------
HeatSolve: 
HeatSolve: Starting Assembly...
HeatSolve: Assembly:
DefaultFinishBulkAssembly: Saving bulk values for: heat equation
HeatSolve: Assembly done
DefUtils::DefaultDirichletBCs: Setting Dirichlet boundary conditions
EnforceDirichletConditions: No Dirichlet conditions to enforce, exiting!
DefaultSolve: Solving linear system with default routines
SolveSystem: Solving linear system
SolveLinearSystem: Assuming real valued linear system
SolveLinearSystem: Assuming serial linear system
ScaleLinearSystem: Creating > DiagScaling < vector of size 10828
SolveLinearSystem: Serial linear System Solver: direct
DirectSolver: Using direct method: umfpack
SolveLinearSystem: Calculating nodal loads for: temperature
CalculateLoads: Computing boundary fluxes from nodal loads
WARNING:: CalculateLoads: Boundary 1 includes inseparable dofs!
CalculateLoads: temperature Flux over BC 1: -1.05343E-01
WARNING:: CalculateLoads: Boundary 2 includes inseparable dofs!
CalculateLoads: temperature Flux over BC 2: -6.49281E-02
WARNING:: CalculateLoads: Boundary 3 includes inseparable dofs!
CalculateLoads: temperature Flux over BC 3: -2.32071E-01
CalculateLoads: temperature Flux over all BCs: -4.02343E-01
ComputeNorm: Computing norm of solution
ComputeChange: NS (ITER=1) (NRM,RELC): (  505.82828     0.80467132E-01 ) :: heat equation
HeatSolve: iter:    1 Assembly: (s)    0.67    0.67
HeatSolve: iter:    1 Solve:    (s)    0.21    0.21
HeatSolve:  Result Norm   :    505.82828086989423
HeatSolve:  Relative Change :    8.0467132414442796E-002
DefaultFinish: Finished solver: heat equation
ComputeNorm: Computing norm of solution
ComputeChange: SS (ITER=2) (NRM,RELC): (  505.82828     0.80467132E-01 ) :: heat equation
SingleSolver: Attempting to call solver: 0
SingleSolver: Solver Equation string is: internalvtuoutputsolver
ResultOutputSolver: -------------------------------------
ResultOutputSolver: Dimension of mesh is: 3
ResultOutputSolver: Working on mesh 1: neck with 10828 nodes
ResultOutputSolver: Saving in unstructured VTK XML (.vtu) format
VtuOutputSolver: Full filename base is: neck/neck
GenerateSaveMask: Number of active elements 61090 out of 61090
GenerateSaveMask: Number of geometry nodes 10828 out of 10828
VtuOutputSolver: Setting offset for boundary entities: 100
VtuOutputSolver: Writing the vtu file: neck/neck_t0002.vtu
AscBinWriteInit: Initializing buffered ascii/binary writing
AscBinWriteInit: Writing in binary
AscBinWriteInit: Writing in double precision
AscBinWriteInit: Writing to unit number: 58
AscBinWriteInit: Size of buffer is: 10828
WriteVtuFile: Writing nodal fields
WriteVtuFile: Saving 1-component variable: potential
WriteVtuFile: Saving 1-component variable: joule heating
WriteVtuFile: Saving 1-component variable: temperature
WriteVtuFile: Saving 1-component variable: temperature loads
WriteVtuFile: Saving 3-component variable: volume current
WriteVtuFile: Number of nodal fields written: 5
WriteVtuFile: Writing elemental fields
WriteVtuFile: Number of elemental fields written: 0
WriteVtuFile: Writing entity IDs for bodies and boundaries
WriteVtuFile: Writing coordinates for each used node
WriteVtuFile: Writing the elemental connectivity data
WriteVtuFile: Writing nodal fields
WriteVtuFile: Saving 1-component variable: potential
WriteVtuFile: Saving 1-component variable: joule heating
WriteVtuFile: Saving 1-component variable: temperature
WriteVtuFile: Saving 1-component variable: temperature loads
WriteVtuFile: Saving 3-component variable: volume current
WriteVtuFile: Writing elemental fields
AscBinWriteFree: Terminating buffered ascii/binary writing
VtuOutputSolver: All done for now
ResultOutputSolver: -------------------------------------
MAIN: 
MAIN: -------------------------------------
MAIN:  Steady state iteration:            3
MAIN: -------------------------------------
MAIN: 
SingleSolver: Attempting to call solver: 1
SingleSolver: Solver Equation string is: stat current
StatCurrentSolve: -------------------------------------
StatCurrentSolve: STAT CURRENT SOLVER:
StatCurrentSolve: -------------------------------------
DefaultStart: Starting solver: stat current
StatElecSolve: Starting Assembly...
DefUtils::DefaultDirichletBCs: Setting Dirichlet boundary conditions
EnforceDirichletConditions: Enforcing total of 28 Dirichlet conditions.
EnforceDirichletConditions: Applying Dirichlet conditions using scaled diagonal
ScaleLinearSystem: Creating > DiagScaling < vector of size 1732
EnforceDirichletConditions: Dirichlet conditions enforced for dofs: 28
StatCurrentSolve:  Assembly (s)          :  0.12173400000000001
DefaultSolve: Solving linear system with default routines
SolveSystem: Solving linear system
SolveLinearSystem: Assuming real valued linear system
SolveLinearSystem: Assuming serial linear system
ScaleLinearSystem: Creating > DiagScaling < vector of size 1732
SolveLinearSystem: Serial linear System Solver: direct
DirectSolver: Using direct method: umfpack
ComputeNorm: Computing norm of solution
ComputeChange: NS (ITER=1) (NRM,RELC): ( 0.19236607E-01 0.90215252E-01 ) :: stat current
StatCurrentSolve:  Solve (s)             :   2.9449999999999754E-003
StatCurrentSolve:  Total Heating Power   :  0.44013861899442119
DefaultFinish: Finished solver: stat current
ComputeNorm: Computing norm of solution
ComputeChange: SS (ITER=3) (NRM,RELC): ( 0.19236607E-01 0.90215252E-01 ) :: stat current
SingleSolver: Attempting to call solver: 2
SingleSolver: Solver Equation string is: heat equation
HeatSolver: -------------------------------------------
HeatSolver: Solving the energy equation for temperature
DefaultStart: Starting solver: heat equation
HeatSolve: 
HeatSolve: 
HeatSolve: -------------------------------------
HeatSolve:  TEMPERATURE ITERATION           1
HeatSolve: -------------------------------------
HeatSolve: 
HeatSolve: Starting Assembly...
HeatSolve: Assembly:
DefaultFinishBulkAssembly: Saving bulk values for: heat equation
HeatSolve: Assembly done
DefUtils::DefaultDirichletBCs: Setting Dirichlet boundary conditions
EnforceDirichletConditions: No Dirichlet conditions to enforce, exiting!
DefaultSolve: Solving linear system with default routines
SolveSystem: Solving linear system
SolveLinearSystem: Assuming real valued linear system
SolveLinearSystem: Assuming serial linear system
ScaleLinearSystem: Creating > DiagScaling < vector of size 10828
SolveLinearSystem: Serial linear System Solver: direct
DirectSolver: Using direct method: umfpack
SolveLinearSystem: Calculating nodal loads for: temperature
CalculateLoads: Computing boundary fluxes from nodal loads
WARNING:: CalculateLoads: Boundary 1 includes inseparable dofs!
CalculateLoads: temperature Flux over BC 1: -1.16428E-01
WARNING:: CalculateLoads: Boundary 2 includes inseparable dofs!
CalculateLoads: temperature Flux over BC 2: -7.06063E-02
WARNING:: CalculateLoads: Boundary 3 includes inseparable dofs!
CalculateLoads: temperature Flux over BC 3: -2.53105E-01
CalculateLoads: temperature Flux over all BCs: -4.40139E-01
ComputeNorm: Computing norm of solution
ComputeChange: NS (ITER=1) (NRM,RELC): (  517.37401     0.22567837E-01 ) :: heat equation
HeatSolve: iter:    1 Assembly: (s)    0.67    0.67
HeatSolve: iter:    1 Solve:    (s)    0.21    0.21
HeatSolve:  Result Norm   :    517.37401234301785
HeatSolve:  Relative Change :    2.2567837366488663E-002
DefaultFinish: Finished solver: heat equation
ComputeNorm: Computing norm of solution
ComputeChange: SS (ITER=3) (NRM,RELC): (  517.37401     0.22567837E-01 ) :: heat equation
SingleSolver: Attempting to call solver: 0
SingleSolver: Solver Equation string is: internalvtuoutputsolver
ResultOutputSolver: -------------------------------------
ResultOutputSolver: Dimension of mesh is: 3
ResultOutputSolver: Working on mesh 1: neck with 10828 nodes
ResultOutputSolver: Saving in unstructured VTK XML (.vtu) format
VtuOutputSolver: Full filename base is: neck/neck
GenerateSaveMask: Number of active elements 61090 out of 61090
GenerateSaveMask: Number of geometry nodes 10828 out of 10828
VtuOutputSolver: Setting offset for boundary entities: 100
VtuOutputSolver: Writing the vtu file: neck/neck_t0003.vtu
AscBinWriteInit: Initializing buffered ascii/binary writing
AscBinWriteInit: Writing in binary
AscBinWriteInit: Writing in double precision
AscBinWriteInit: Writing to unit number: 58
AscBinWriteInit: Size of buffer is: 10828
WriteVtuFile: Writing nodal fields
WriteVtuFile: Saving 1-component variable: potential
WriteVtuFile: Saving 1-component variable: joule heating
WriteVtuFile: Saving 1-component variable: temperature
WriteVtuFile: Saving 1-component variable: temperature loads
WriteVtuFile: Saving 3-component variable: volume current
WriteVtuFile: Number of nodal fields written: 5
WriteVtuFile: Writing elemental fields
WriteVtuFile: Number of elemental fields written: 0
WriteVtuFile: Writing entity IDs for bodies and boundaries
WriteVtuFile: Writing coordinates for each used node
WriteVtuFile: Writing the elemental connectivity data
WriteVtuFile: Writing nodal fields
WriteVtuFile: Saving 1-component variable: potential
WriteVtuFile: Saving 1-component variable: joule heating
WriteVtuFile: Saving 1-component variable: temperature
WriteVtuFile: Saving 1-component variable: temperature loads
WriteVtuFile: Saving 3-component variable: volume current
WriteVtuFile: Writing elemental fields
AscBinWriteFree: Terminating buffered ascii/binary writing
VtuOutputSolver: All done for now
ResultOutputSolver: -------------------------------------
MAIN: 
MAIN: -------------------------------------
MAIN:  Steady state iteration:            4
MAIN: -------------------------------------
MAIN: 
SingleSolver: Attempting to call solver: 1
SingleSolver: Solver Equation string is: stat current
StatCurrentSolve: -------------------------------------
StatCurrentSolve: STAT CURRENT SOLVER:
StatCurrentSolve: -------------------------------------
DefaultStart: Starting solver: stat current
StatElecSolve: Starting Assembly...
DefUtils::DefaultDirichletBCs: Setting Dirichlet boundary conditions
EnforceDirichletConditions: Enforcing total of 28 Dirichlet conditions.
EnforceDirichletConditions: Applying Dirichlet conditions using scaled diagonal
ScaleLinearSystem: Creating > DiagScaling < vector of size 1732
EnforceDirichletConditions: Dirichlet conditions enforced for dofs: 28
StatCurrentSolve:  Assembly (s)          :  0.12406300000000003
DefaultSolve: Solving linear system with default routines
SolveSystem: Solving linear system
SolveLinearSystem: Assuming real valued linear system
SolveLinearSystem: Assuming serial linear system
ScaleLinearSystem: Creating > DiagScaling < vector of size 1732
SolveLinearSystem: Serial linear System Solver: direct
DirectSolver: Using direct method: umfpack
ComputeNorm: Computing norm of solution
ComputeChange: NS (ITER=1) (NRM,RELC): ( 0.19726726E-01 0.25157997E-01 ) :: stat current
StatCurrentSolve:  Solve (s)             :   3.0739999999997991E-003
StatCurrentSolve:  Total Heating Power   :  0.45129246410303675
DefaultFinish: Finished solver: stat current
ComputeNorm: Computing norm of solution
ComputeChange: SS (ITER=4) (NRM,RELC): ( 0.19726726E-01 0.25157997E-01 ) :: stat current
SingleSolver: Attempting to call solver: 2
SingleSolver: Solver Equation string is: heat equation
HeatSolver: -------------------------------------------
HeatSolver: Solving the energy equation for temperature
DefaultStart: Starting solver: heat equation
HeatSolve: 
HeatSolve: 
HeatSolve: -------------------------------------
HeatSolve:  TEMPERATURE ITERATION           1
HeatSolve: -------------------------------------
HeatSolve: 
HeatSolve: Starting Assembly...
HeatSolve: Assembly:
DefaultFinishBulkAssembly: Saving bulk values for: heat equation
HeatSolve: Assembly done
DefUtils::DefaultDirichletBCs: Setting Dirichlet boundary conditions
EnforceDirichletConditions: No Dirichlet conditions to enforce, exiting!
DefaultSolve: Solving linear system with default routines
SolveSystem: Solving linear system
SolveLinearSystem: Assuming real valued linear system
SolveLinearSystem: Assuming serial linear system
ScaleLinearSystem: Creating > DiagScaling < vector of size 10828
SolveLinearSystem: Serial linear System Solver: direct
DirectSolver: Using direct method: umfpack
SolveLinearSystem: Calculating nodal loads for: temperature
CalculateLoads: Computing boundary fluxes from nodal loads
WARNING:: CalculateLoads: Boundary 1 includes inseparable dofs!
CalculateLoads: temperature Flux over BC 1: -1.19699E-01
WARNING:: CalculateLoads: Boundary 2 includes inseparable dofs!
CalculateLoads: temperature Flux over BC 2: -7.22820E-02
WARNING:: CalculateLoads: Boundary 3 includes inseparable dofs!
CalculateLoads: temperature Flux over BC 3: -2.59312E-01
CalculateLoads: temperature Flux over all BCs: -4.51292E-01
ComputeNorm: Computing norm of solution
ComputeChange: NS (ITER=1) (NRM,RELC): (  520.78132     0.65641515E-02 ) :: heat equation
HeatSolve: iter:    1 Assembly: (s)    0.67    0.67
HeatSolve: iter:    1 Solve:    (s)    0.21    0.21
HeatSolve:  Result Norm   :    520.78131676109081
HeatSolve:  Relative Change :    6.5641514762792520E-003
DefaultFinish: Finished solver: heat equation
ComputeNorm: Computing norm of solution
ComputeChange: SS (ITER=4) (NRM,RELC): (  520.78132     0.65641515E-02 ) :: heat equation
SingleSolver: Attempting to call solver: 0
SingleSolver: Solver Equation string is: internalvtuoutputsolver
ResultOutputSolver: -------------------------------------
ResultOutputSolver: Dimension of mesh is: 3
ResultOutputSolver: Working on mesh 1: neck with 10828 nodes
ResultOutputSolver: Saving in unstructured VTK XML (.vtu) format
VtuOutputSolver: Full filename base is: neck/neck
GenerateSaveMask: Number of active elements 61090 out of 61090
GenerateSaveMask: Number of geometry nodes 10828 out of 10828
VtuOutputSolver: Setting offset for boundary entities: 100
VtuOutputSolver: Writing the vtu file: neck/neck_t0004.vtu
AscBinWriteInit: Initializing buffered ascii/binary writing
AscBinWriteInit: Writing in binary
AscBinWriteInit: Writing in double precision
AscBinWriteInit: Writing to unit number: 58
AscBinWriteInit: Size of buffer is: 10828
WriteVtuFile: Writing nodal fields
WriteVtuFile: Saving 1-component variable: potential
WriteVtuFile: Saving 1-component variable: joule heating
WriteVtuFile: Saving 1-component variable: temperature
WriteVtuFile: Saving 1-component variable: temperature loads
WriteVtuFile: Saving 3-component variable: volume current
WriteVtuFile: Number of nodal fields written: 5
WriteVtuFile: Writing elemental fields
WriteVtuFile: Number of elemental fields written: 0
WriteVtuFile: Writing entity IDs for bodies and boundaries
WriteVtuFile: Writing coordinates for each used node
WriteVtuFile: Writing the elemental connectivity data
WriteVtuFile: Writing nodal fields
WriteVtuFile: Saving 1-component variable: potential
WriteVtuFile: Saving 1-component variable: joule heating
WriteVtuFile: Saving 1-component variable: temperature
WriteVtuFile: Saving 1-component variable: temperature loads
WriteVtuFile: Saving 3-component variable: volume current
WriteVtuFile: Writing elemental fields
AscBinWriteFree: Terminating buffered ascii/binary writing
VtuOutputSolver: All done for now
ResultOutputSolver: -------------------------------------
MAIN: 
MAIN: -------------------------------------
MAIN:  Steady state iteration:            5
MAIN: -------------------------------------
MAIN: 
SingleSolver: Attempting to call solver: 1
SingleSolver: Solver Equation string is: stat current
StatCurrentSolve: -------------------------------------
StatCurrentSolve: STAT CURRENT SOLVER:
StatCurrentSolve: -------------------------------------
DefaultStart: Starting solver: stat current
StatElecSolve: Starting Assembly...
DefUtils::DefaultDirichletBCs: Setting Dirichlet boundary conditions
EnforceDirichletConditions: Enforcing total of 28 Dirichlet conditions.
EnforceDirichletConditions: Applying Dirichlet conditions using scaled diagonal
ScaleLinearSystem: Creating > DiagScaling < vector of size 1732
EnforceDirichletConditions: Dirichlet conditions enforced for dofs: 28
StatCurrentSolve:  Assembly (s)          :  0.11993399999999976
DefaultSolve: Solving linear system with default routines
SolveSystem: Solving linear system
SolveLinearSystem: Assuming real valued linear system
SolveLinearSystem: Assuming serial linear system
ScaleLinearSystem: Creating > DiagScaling < vector of size 1732
SolveLinearSystem: Serial linear System Solver: direct
DirectSolver: Using direct method: umfpack
ComputeNorm: Computing norm of solution
ComputeChange: NS (ITER=1) (NRM,RELC): ( 0.19871367E-01 0.73054498E-02 ) :: stat current
StatCurrentSolve:  Solve (s)             :   3.2249999999995893E-003
StatCurrentSolve:  Total Heating Power   :  0.45458408533362155
DefaultFinish: Finished solver: stat current
ComputeNorm: Computing norm of solution
ComputeChange: SS (ITER=5) (NRM,RELC): ( 0.19871367E-01 0.73054498E-02 ) :: stat current
SingleSolver: Attempting to call solver: 2
SingleSolver: Solver Equation string is: heat equation
HeatSolver: -------------------------------------------
HeatSolver: Solving the energy equation for temperature
DefaultStart: Starting solver: heat equation
HeatSolve: 
HeatSolve: 
HeatSolve: -------------------------------------
HeatSolve:  TEMPERATURE ITERATION           1
HeatSolve: -------------------------------------
HeatSolve: 
HeatSolve: Starting Assembly...
HeatSolve: Assembly:
DefaultFinishBulkAssembly: Saving bulk values for: heat equation
HeatSolve: Assembly done
DefUtils::DefaultDirichletBCs: Setting Dirichlet boundary conditions
EnforceDirichletConditions: No Dirichlet conditions to enforce, exiting!
DefaultSolve: Solving linear system with default routines
SolveSystem: Solving linear system
SolveLinearSystem: Assuming real valued linear system
SolveLinearSystem: Assuming serial linear system
ScaleLinearSystem: Creating > DiagScaling < vector of size 10828
SolveLinearSystem: Serial linear System Solver: direct
DirectSolver: Using direct method: umfpack
SolveLinearSystem: Calculating nodal loads for: temperature
CalculateLoads: Computing boundary fluxes from nodal loads
WARNING:: CalculateLoads: Boundary 1 includes inseparable dofs!
CalculateLoads: temperature Flux over BC 1: -1.20664E-01
WARNING:: CalculateLoads: Boundary 2 includes inseparable dofs!
CalculateLoads: temperature Flux over BC 2: -7.27766E-02
WARNING:: CalculateLoads: Boundary 3 includes inseparable dofs!
CalculateLoads: temperature Flux over BC 3: -2.61144E-01
CalculateLoads: temperature Flux over all BCs: -4.54584E-01
ComputeNorm: Computing norm of solution
ComputeChange: NS (ITER=1) (NRM,RELC): (  521.78685     0.19289631E-02 ) :: heat equation
HeatSolve: iter:    1 Assembly: (s)    0.68    0.68
HeatSolve: iter:    1 Solve:    (s)    0.21    0.21
HeatSolve:  Result Norm   :    521.78685453010939
HeatSolve:  Relative Change :    1.9289631061213948E-003
DefaultFinish: Finished solver: heat equation
ComputeNorm: Computing norm of solution
ComputeChange: SS (ITER=5) (NRM,RELC): (  521.78685     0.19289631E-02 ) :: heat equation
SingleSolver: Attempting to call solver: 0
SingleSolver: Solver Equation string is: internalvtuoutputsolver
ResultOutputSolver: -------------------------------------
ResultOutputSolver: Dimension of mesh is: 3
ResultOutputSolver: Working on mesh 1: neck with 10828 nodes
ResultOutputSolver: Saving in unstructured VTK XML (.vtu) format
VtuOutputSolver: Full filename base is: neck/neck
GenerateSaveMask: Number of active elements 61090 out of 61090
GenerateSaveMask: Number of geometry nodes 10828 out of 10828
VtuOutputSolver: Setting offset for boundary entities: 100
VtuOutputSolver: Writing the vtu file: neck/neck_t0005.vtu
AscBinWriteInit: Initializing buffered ascii/binary writing
AscBinWriteInit: Writing in binary
AscBinWriteInit: Writing in double precision
AscBinWriteInit: Writing to unit number: 58
AscBinWriteInit: Size of buffer is: 10828
WriteVtuFile: Writing nodal fields
WriteVtuFile: Saving 1-component variable: potential
WriteVtuFile: Saving 1-component variable: joule heating
WriteVtuFile: Saving 1-component variable: temperature
WriteVtuFile: Saving 1-component variable: temperature loads
WriteVtuFile: Saving 3-component variable: volume current
WriteVtuFile: Number of nodal fields written: 5
WriteVtuFile: Writing elemental fields
WriteVtuFile: Number of elemental fields written: 0
WriteVtuFile: Writing entity IDs for bodies and boundaries
WriteVtuFile: Writing coordinates for each used node
WriteVtuFile: Writing the elemental connectivity data
WriteVtuFile: Writing nodal fields
WriteVtuFile: Saving 1-component variable: potential
WriteVtuFile: Saving 1-component variable: joule heating
WriteVtuFile: Saving 1-component variable: temperature
WriteVtuFile: Saving 1-component variable: temperature loads
WriteVtuFile: Saving 3-component variable: volume current
WriteVtuFile: Writing elemental fields
AscBinWriteFree: Terminating buffered ascii/binary writing
VtuOutputSolver: All done for now
ResultOutputSolver: -------------------------------------
MAIN: 
MAIN: -------------------------------------
MAIN:  Steady state iteration:            6
MAIN: -------------------------------------
MAIN: 
SingleSolver: Attempting to call solver: 1
SingleSolver: Solver Equation string is: stat current
StatCurrentSolve: -------------------------------------
StatCurrentSolve: STAT CURRENT SOLVER:
StatCurrentSolve: -------------------------------------
DefaultStart: Starting solver: stat current
StatElecSolve: Starting Assembly...
DefUtils::DefaultDirichletBCs: Setting Dirichlet boundary conditions
EnforceDirichletConditions: Enforcing total of 28 Dirichlet conditions.
EnforceDirichletConditions: Applying Dirichlet conditions using scaled diagonal
ScaleLinearSystem: Creating > DiagScaling < vector of size 1732
EnforceDirichletConditions: Dirichlet conditions enforced for dofs: 28
StatCurrentSolve:  Assembly (s)          :  0.12531499999999962
DefaultSolve: Solving linear system with default routines
SolveSystem: Solving linear system
SolveLinearSystem: Assuming real valued linear system
SolveLinearSystem: Assuming serial linear system
ScaleLinearSystem: Creating > DiagScaling < vector of size 1732
SolveLinearSystem: Serial linear System Solver: direct
DirectSolver: Using direct method: umfpack
ComputeNorm: Computing norm of solution
ComputeChange: NS (ITER=1) (NRM,RELC): ( 0.19914053E-01 0.21457697E-02 ) :: stat current
StatCurrentSolve:  Solve (s)             :   3.2529999999999504E-003
StatCurrentSolve:  Total Heating Power   :  0.45555547932595958
DefaultFinish: Finished solver: stat current
ComputeNorm: Computing norm of solution
ComputeChange: SS (ITER=6) (NRM,RELC): ( 0.19914053E-01 0.21457697E-02 ) :: stat current
SingleSolver: Attempting to call solver: 2
SingleSolver: Solver Equation string is: heat equation
HeatSolver: -------------------------------------------
HeatSolver: Solving the energy equation for temperature
DefaultStart: Starting solver: heat equation
HeatSolve: 
HeatSolve: 
HeatSolve: -------------------------------------
HeatSolve:  TEMPERATURE ITERATION           1
HeatSolve: -------------------------------------
HeatSolve: 
HeatSolve: Starting Assembly...
HeatSolve: Assembly:
DefaultFinishBulkAssembly: Saving bulk values for: heat equation
HeatSolve: Assembly done
DefUtils::DefaultDirichletBCs: Setting Dirichlet boundary conditions
EnforceDirichletConditions: No Dirichlet conditions to enforce, exiting!
DefaultSolve: Solving linear system with default routines
SolveSystem: Solving linear system
SolveLinearSystem: Assuming real valued linear system
SolveLinearSystem: Assuming serial linear system
ScaleLinearSystem: Creating > DiagScaling < vector of size 10828
SolveLinearSystem: Serial linear System Solver: direct
DirectSolver: Using direct method: umfpack
SolveLinearSystem: Calculating nodal loads for: temperature
CalculateLoads: Computing boundary fluxes from nodal loads
WARNING:: CalculateLoads: Boundary 1 includes inseparable dofs!
CalculateLoads: temperature Flux over BC 1: -1.20949E-01
WARNING:: CalculateLoads: Boundary 2 includes inseparable dofs!
CalculateLoads: temperature Flux over BC 2: -7.29225E-02
WARNING:: CalculateLoads: Boundary 3 includes inseparable dofs!
CalculateLoads: temperature Flux over BC 3: -2.61684E-01
CalculateLoads: temperature Flux over all BCs: -4.55555E-01
ComputeNorm: Computing norm of solution
ComputeChange: NS (ITER=1) (NRM,RELC): (  522.08360     0.56854905E-03 ) :: heat equation
HeatSolve: iter:    1 Assembly: (s)    0.67    0.67
HeatSolve: iter:    1 Solve:    (s)    0.21    0.21
HeatSolve:  Result Norm   :    522.08360030894096
HeatSolve:  Relative Change :    5.6854905214712311E-004
DefaultFinish: Finished solver: heat equation
ComputeNorm: Computing norm of solution
ComputeChange: SS (ITER=6) (NRM,RELC): (  522.08360     0.56854905E-03 ) :: heat equation
SingleSolver: Attempting to call solver: 0
SingleSolver: Solver Equation string is: internalvtuoutputsolver
ResultOutputSolver: -------------------------------------
ResultOutputSolver: Dimension of mesh is: 3
ResultOutputSolver: Working on mesh 1: neck with 10828 nodes
ResultOutputSolver: Saving in unstructured VTK XML (.vtu) format
VtuOutputSolver: Full filename base is: neck/neck
GenerateSaveMask: Number of active elements 61090 out of 61090
GenerateSaveMask: Number of geometry nodes 10828 out of 10828
VtuOutputSolver: Setting offset for boundary entities: 100
VtuOutputSolver: Writing the vtu file: neck/neck_t0006.vtu
AscBinWriteInit: Initializing buffered ascii/binary writing
AscBinWriteInit: Writing in binary
AscBinWriteInit: Writing in double precision
AscBinWriteInit: Writing to unit number: 58
AscBinWriteInit: Size of buffer is: 10828
WriteVtuFile: Writing nodal fields
WriteVtuFile: Saving 1-component variable: potential
WriteVtuFile: Saving 1-component variable: joule heating
WriteVtuFile: Saving 1-component variable: temperature
WriteVtuFile: Saving 1-component variable: temperature loads
WriteVtuFile: Saving 3-component variable: volume current
WriteVtuFile: Number of nodal fields written: 5
WriteVtuFile: Writing elemental fields
WriteVtuFile: Number of elemental fields written: 0
WriteVtuFile: Writing entity IDs for bodies and boundaries
WriteVtuFile: Writing coordinates for each used node
WriteVtuFile: Writing the elemental connectivity data
WriteVtuFile: Writing nodal fields
WriteVtuFile: Saving 1-component variable: potential
WriteVtuFile: Saving 1-component variable: joule heating
WriteVtuFile: Saving 1-component variable: temperature
WriteVtuFile: Saving 1-component variable: temperature loads
WriteVtuFile: Saving 3-component variable: volume current
WriteVtuFile: Writing elemental fields
AscBinWriteFree: Terminating buffered ascii/binary writing
VtuOutputSolver: All done for now
ResultOutputSolver: -------------------------------------
MAIN: 
MAIN: -------------------------------------
MAIN:  Steady state iteration:            7
MAIN: -------------------------------------
MAIN: 
SingleSolver: Attempting to call solver: 1
SingleSolver: Solver Equation string is: stat current
StatCurrentSolve: -------------------------------------
StatCurrentSolve: STAT CURRENT SOLVER:
StatCurrentSolve: -------------------------------------
DefaultStart: Starting solver: stat current
StatElecSolve: Starting Assembly...
DefUtils::DefaultDirichletBCs: Setting Dirichlet boundary conditions
EnforceDirichletConditions: Enforcing total of 28 Dirichlet conditions.
EnforceDirichletConditions: Applying Dirichlet conditions using scaled diagonal
ScaleLinearSystem: Creating > DiagScaling < vector of size 1732
EnforceDirichletConditions: Dirichlet conditions enforced for dofs: 28
StatCurrentSolve:  Assembly (s)          :  0.12412100000000059
DefaultSolve: Solving linear system with default routines
SolveSystem: Solving linear system
SolveLinearSystem: Assuming real valued linear system
SolveLinearSystem: Assuming serial linear system
ScaleLinearSystem: Creating > DiagScaling < vector of size 1732
SolveLinearSystem: Serial linear System Solver: direct
DirectSolver: Using direct method: umfpack
ComputeNorm: Computing norm of solution
ComputeChange: NS (ITER=1) (NRM,RELC): ( 0.19926649E-01 0.63236186E-03 ) :: stat current
StatCurrentSolve:  Solve (s)             :   3.2250000000004775E-003
StatCurrentSolve:  Total Heating Power   :  0.45584214847318077
DefaultFinish: Finished solver: stat current
ComputeNorm: Computing norm of solution
ComputeChange: SS (ITER=7) (NRM,RELC): ( 0.19926649E-01 0.63236186E-03 ) :: stat current
SingleSolver: Attempting to call solver: 2
SingleSolver: Solver Equation string is: heat equation
HeatSolver: -------------------------------------------
HeatSolver: Solving the energy equation for temperature
DefaultStart: Starting solver: heat equation
HeatSolve: 
HeatSolve: 
HeatSolve: -------------------------------------
HeatSolve:  TEMPERATURE ITERATION           1
HeatSolve: -------------------------------------
HeatSolve: 
HeatSolve: Starting Assembly...
HeatSolve: Assembly:
DefaultFinishBulkAssembly: Saving bulk values for: heat equation
HeatSolve: Assembly done
DefUtils::DefaultDirichletBCs: Setting Dirichlet boundary conditions
EnforceDirichletConditions: No Dirichlet conditions to enforce, exiting!
DefaultSolve: Solving linear system with default routines
SolveSystem: Solving linear system
SolveLinearSystem: Assuming real valued linear system
SolveLinearSystem: Assuming serial linear system
ScaleLinearSystem: Creating > DiagScaling < vector of size 10828
SolveLinearSystem: Serial linear System Solver: direct
DirectSolver: Using direct method: umfpack
SolveLinearSystem: Calculating nodal loads for: temperature
CalculateLoads: Computing boundary fluxes from nodal loads
WARNING:: CalculateLoads: Boundary 1 includes inseparable dofs!
CalculateLoads: temperature Flux over BC 1: -1.21033E-01
WARNING:: CalculateLoads: Boundary 2 includes inseparable dofs!
CalculateLoads: temperature Flux over BC 2: -7.29656E-02
WARNING:: CalculateLoads: Boundary 3 includes inseparable dofs!
CalculateLoads: temperature Flux over BC 3: -2.61844E-01
CalculateLoads: temperature Flux over all BCs: -4.55842E-01
ComputeNorm: Computing norm of solution
ComputeChange: NS (ITER=1) (NRM,RELC): (  522.17117     0.16772345E-03 ) :: heat equation
HeatSolve: iter:    1 Assembly: (s)    0.67    0.67
HeatSolve: iter:    1 Solve:    (s)    0.21    0.21
HeatSolve:  Result Norm   :    522.17117331688587
HeatSolve:  Relative Change :    1.6772345246906213E-004
DefaultFinish: Finished solver: heat equation
ComputeNorm: Computing norm of solution
ComputeChange: SS (ITER=7) (NRM,RELC): (  522.17117     0.16772345E-03 ) :: heat equation
SingleSolver: Attempting to call solver: 0
SingleSolver: Solver Equation string is: internalvtuoutputsolver
ResultOutputSolver: -------------------------------------
ResultOutputSolver: Dimension of mesh is: 3
ResultOutputSolver: Working on mesh 1: neck with 10828 nodes
ResultOutputSolver: Saving in unstructured VTK XML (.vtu) format
VtuOutputSolver: Full filename base is: neck/neck
GenerateSaveMask: Number of active elements 61090 out of 61090
GenerateSaveMask: Number of geometry nodes 10828 out of 10828
VtuOutputSolver: Setting offset for boundary entities: 100
VtuOutputSolver: Writing the vtu file: neck/neck_t0007.vtu
AscBinWriteInit: Initializing buffered ascii/binary writing
AscBinWriteInit: Writing in binary
AscBinWriteInit: Writing in double precision
AscBinWriteInit: Writing to unit number: 58
AscBinWriteInit: Size of buffer is: 10828
WriteVtuFile: Writing nodal fields
WriteVtuFile: Saving 1-component variable: potential
WriteVtuFile: Saving 1-component variable: joule heating
WriteVtuFile: Saving 1-component variable: temperature
WriteVtuFile: Saving 1-component variable: temperature loads
WriteVtuFile: Saving 3-component variable: volume current
WriteVtuFile: Number of nodal fields written: 5
WriteVtuFile: Writing elemental fields
WriteVtuFile: Number of elemental fields written: 0
WriteVtuFile: Writing entity IDs for bodies and boundaries
WriteVtuFile: Writing coordinates for each used node
WriteVtuFile: Writing the elemental connectivity data
WriteVtuFile: Writing nodal fields
WriteVtuFile: Saving 1-component variable: potential
WriteVtuFile: Saving 1-component variable: joule heating
WriteVtuFile: Saving 1-component variable: temperature
WriteVtuFile: Saving 1-component variable: temperature loads
WriteVtuFile: Saving 3-component variable: volume current
WriteVtuFile: Writing elemental fields
AscBinWriteFree: Terminating buffered ascii/binary writing
VtuOutputSolver: All done for now
ResultOutputSolver: -------------------------------------
MAIN: 
MAIN: -------------------------------------
MAIN:  Steady state iteration:            8
MAIN: -------------------------------------
MAIN: 
SingleSolver: Attempting to call solver: 1
SingleSolver: Solver Equation string is: stat current
StatCurrentSolve: -------------------------------------
StatCurrentSolve: STAT CURRENT SOLVER:
StatCurrentSolve: -------------------------------------
DefaultStart: Starting solver: stat current
StatElecSolve: Starting Assembly...
DefUtils::DefaultDirichletBCs: Setting Dirichlet boundary conditions
EnforceDirichletConditions: Enforcing total of 28 Dirichlet conditions.
EnforceDirichletConditions: Applying Dirichlet conditions using scaled diagonal
ScaleLinearSystem: Creating > DiagScaling < vector of size 1732
EnforceDirichletConditions: Dirichlet conditions enforced for dofs: 28
StatCurrentSolve:  Assembly (s)          :  0.12377299999999991
DefaultSolve: Solving linear system with default routines
SolveSystem: Solving linear system
SolveLinearSystem: Assuming real valued linear system
SolveLinearSystem: Assuming serial linear system
ScaleLinearSystem: Creating > DiagScaling < vector of size 1732
SolveLinearSystem: Serial linear System Solver: direct
DirectSolver: Using direct method: umfpack
ComputeNorm: Computing norm of solution
ComputeChange: NS (ITER=1) (NRM,RELC): ( 0.19930367E-01 0.18654056E-03 ) :: stat current
StatCurrentSolve:  Solve (s)             :   3.2479999999992515E-003
StatCurrentSolve:  Total Heating Power   :  0.45592674766604224
DefaultFinish: Finished solver: stat current
ComputeNorm: Computing norm of solution
ComputeChange: SS (ITER=8) (NRM,RELC): ( 0.19930367E-01 0.18654056E-03 ) :: stat current
SingleSolver: Attempting to call solver: 2
SingleSolver: Solver Equation string is: heat equation
HeatSolver: -------------------------------------------
HeatSolver: Solving the energy equation for temperature
DefaultStart: Starting solver: heat equation
HeatSolve: 
HeatSolve: 
HeatSolve: -------------------------------------
HeatSolve:  TEMPERATURE ITERATION           1
HeatSolve: -------------------------------------
HeatSolve: 
HeatSolve: Starting Assembly...
HeatSolve: Assembly:
DefaultFinishBulkAssembly: Saving bulk values for: heat equation
HeatSolve: Assembly done
DefUtils::DefaultDirichletBCs: Setting Dirichlet boundary conditions
EnforceDirichletConditions: No Dirichlet conditions to enforce, exiting!
DefaultSolve: Solving linear system with default routines
SolveSystem: Solving linear system
SolveLinearSystem: Assuming real valued linear system
SolveLinearSystem: Assuming serial linear system
ScaleLinearSystem: Creating > DiagScaling < vector of size 10828
SolveLinearSystem: Serial linear System Solver: direct
DirectSolver: Using direct method: umfpack
SolveLinearSystem: Calculating nodal loads for: temperature
CalculateLoads: Computing boundary fluxes from nodal loads
WARNING:: CalculateLoads: Boundary 1 includes inseparable dofs!
CalculateLoads: temperature Flux over BC 1: -1.21058E-01
WARNING:: CalculateLoads: Boundary 2 includes inseparable dofs!
CalculateLoads: temperature Flux over BC 2: -7.29783E-02
WARNING:: CalculateLoads: Boundary 3 includes inseparable dofs!
CalculateLoads: temperature Flux over BC 3: -2.61891E-01
CalculateLoads: temperature Flux over all BCs: -4.55927E-01
ComputeNorm: Computing norm of solution
ComputeChange: NS (ITER=1) (NRM,RELC): (  522.19702     0.49491651E-04 ) :: heat equation
HeatSolve: iter:    1 Assembly: (s)    0.68    0.68
HeatSolve: iter:    1 Solve:    (s)    0.21    0.21
HeatSolve:  Result Norm   :    522.19701707005152
HeatSolve:  Relative Change :    4.9491651322835446E-005
DefaultFinish: Finished solver: heat equation
ComputeNorm: Computing norm of solution
ComputeChange: SS (ITER=8) (NRM,RELC): (  522.19702     0.49491651E-04 ) :: heat equation
SingleSolver: Attempting to call solver: 0
SingleSolver: Solver Equation string is: internalvtuoutputsolver
ResultOutputSolver: -------------------------------------
ResultOutputSolver: Dimension of mesh is: 3
ResultOutputSolver: Working on mesh 1: neck with 10828 nodes
ResultOutputSolver: Saving in unstructured VTK XML (.vtu) format
VtuOutputSolver: Full filename base is: neck/neck
GenerateSaveMask: Number of active elements 61090 out of 61090
GenerateSaveMask: Number of geometry nodes 10828 out of 10828
VtuOutputSolver: Setting offset for boundary entities: 100
VtuOutputSolver: Writing the vtu file: neck/neck_t0008.vtu
AscBinWriteInit: Initializing buffered ascii/binary writing
AscBinWriteInit: Writing in binary
AscBinWriteInit: Writing in double precision
AscBinWriteInit: Writing to unit number: 58
AscBinWriteInit: Size of buffer is: 10828
WriteVtuFile: Writing nodal fields
WriteVtuFile: Saving 1-component variable: potential
WriteVtuFile: Saving 1-component variable: joule heating
WriteVtuFile: Saving 1-component variable: temperature
WriteVtuFile: Saving 1-component variable: temperature loads
WriteVtuFile: Saving 3-component variable: volume current
WriteVtuFile: Number of nodal fields written: 5
WriteVtuFile: Writing elemental fields
WriteVtuFile: Number of elemental fields written: 0
WriteVtuFile: Writing entity IDs for bodies and boundaries
WriteVtuFile: Writing coordinates for each used node
WriteVtuFile: Writing the elemental connectivity data
WriteVtuFile: Writing nodal fields
WriteVtuFile: Saving 1-component variable: potential
WriteVtuFile: Saving 1-component variable: joule heating
WriteVtuFile: Saving 1-component variable: temperature
WriteVtuFile: Saving 1-component variable: temperature loads
WriteVtuFile: Saving 3-component variable: volume current
WriteVtuFile: Writing elemental fields
AscBinWriteFree: Terminating buffered ascii/binary writing
VtuOutputSolver: All done for now
ResultOutputSolver: -------------------------------------
MAIN: 
MAIN: -------------------------------------
MAIN:  Steady state iteration:            9
MAIN: -------------------------------------
MAIN: 
SingleSolver: Attempting to call solver: 1
SingleSolver: Solver Equation string is: stat current
StatCurrentSolve: -------------------------------------
StatCurrentSolve: STAT CURRENT SOLVER:
StatCurrentSolve: -------------------------------------
DefaultStart: Starting solver: stat current
StatElecSolve: Starting Assembly...
DefUtils::DefaultDirichletBCs: Setting Dirichlet boundary conditions
EnforceDirichletConditions: Enforcing total of 28 Dirichlet conditions.
EnforceDirichletConditions: Applying Dirichlet conditions using scaled diagonal
ScaleLinearSystem: Creating > DiagScaling < vector of size 1732
EnforceDirichletConditions: Dirichlet conditions enforced for dofs: 28
StatCurrentSolve:  Assembly (s)          :  0.12525099999999867
DefaultSolve: Solving linear system with default routines
SolveSystem: Solving linear system
SolveLinearSystem: Assuming real valued linear system
SolveLinearSystem: Assuming serial linear system
ScaleLinearSystem: Creating > DiagScaling < vector of size 1732
SolveLinearSystem: Serial linear System Solver: direct
DirectSolver: Using direct method: umfpack
ComputeNorm: Computing norm of solution
ComputeChange: NS (ITER=1) (NRM,RELC): ( 0.19931464E-01 0.55043675E-04 ) :: stat current
StatCurrentSolve:  Solve (s)             :   3.2560000000003697E-003
StatCurrentSolve:  Total Heating Power   :  0.45595171396670475
DefaultFinish: Finished solver: stat current
ComputeNorm: Computing norm of solution
ComputeChange: SS (ITER=9) (NRM,RELC): ( 0.19931464E-01 0.55043675E-04 ) :: stat current
SingleSolver: Attempting to call solver: 2
SingleSolver: Solver Equation string is: heat equation
HeatSolver: -------------------------------------------
HeatSolver: Solving the energy equation for temperature
DefaultStart: Starting solver: heat equation
HeatSolve: 
HeatSolve: 
HeatSolve: -------------------------------------
HeatSolve:  TEMPERATURE ITERATION           1
HeatSolve: -------------------------------------
HeatSolve: 
HeatSolve: Starting Assembly...
HeatSolve: Assembly:
DefaultFinishBulkAssembly: Saving bulk values for: heat equation
HeatSolve: Assembly done
DefUtils::DefaultDirichletBCs: Setting Dirichlet boundary conditions
EnforceDirichletConditions: No Dirichlet conditions to enforce, exiting!
DefaultSolve: Solving linear system with default routines
SolveSystem: Solving linear system
SolveLinearSystem: Assuming real valued linear system
SolveLinearSystem: Assuming serial linear system
ScaleLinearSystem: Creating > DiagScaling < vector of size 10828
SolveLinearSystem: Serial linear System Solver: direct
DirectSolver: Using direct method: umfpack
SolveLinearSystem: Calculating nodal loads for: temperature
CalculateLoads: Computing boundary fluxes from nodal loads
WARNING:: CalculateLoads: Boundary 1 includes inseparable dofs!
CalculateLoads: temperature Flux over BC 1: -1.21065E-01
WARNING:: CalculateLoads: Boundary 2 includes inseparable dofs!
CalculateLoads: temperature Flux over BC 2: -7.29820E-02
WARNING:: CalculateLoads: Boundary 3 includes inseparable dofs!
CalculateLoads: temperature Flux over BC 3: -2.61905E-01
CalculateLoads: temperature Flux over all BCs: -4.55952E-01
ComputeNorm: Computing norm of solution
ComputeChange: NS (ITER=1) (NRM,RELC): (  522.20464     0.14605150E-04 ) :: heat equation
HeatSolve: iter:    1 Assembly: (s)    0.67    0.67
HeatSolve: iter:    1 Solve:    (s)    0.21    0.21
HeatSolve:  Result Norm   :    522.20464389134850
HeatSolve:  Relative Change :    1.4605149689172427E-005
DefaultFinish: Finished solver: heat equation
ComputeNorm: Computing norm of solution
ComputeChange: SS (ITER=9) (NRM,RELC): (  522.20464     0.14605150E-04 ) :: heat equation
SingleSolver: Attempting to call solver: 0
SingleSolver: Solver Equation string is: internalvtuoutputsolver
ResultOutputSolver: -------------------------------------
ResultOutputSolver: Dimension of mesh is: 3
ResultOutputSolver: Working on mesh 1: neck with 10828 nodes
ResultOutputSolver: Saving in unstructured VTK XML (.vtu) format
VtuOutputSolver: Full filename base is: neck/neck
GenerateSaveMask: Number of active elements 61090 out of 61090
GenerateSaveMask: Number of geometry nodes 10828 out of 10828
VtuOutputSolver: Setting offset for boundary entities: 100
VtuOutputSolver: Writing the vtu file: neck/neck_t0009.vtu
AscBinWriteInit: Initializing buffered ascii/binary writing
AscBinWriteInit: Writing in binary
AscBinWriteInit: Writing in double precision
AscBinWriteInit: Writing to unit number: 58
AscBinWriteInit: Size of buffer is: 10828
WriteVtuFile: Writing nodal fields
WriteVtuFile: Saving 1-component variable: potential
WriteVtuFile: Saving 1-component variable: joule heating
WriteVtuFile: Saving 1-component variable: temperature
WriteVtuFile: Saving 1-component variable: temperature loads
WriteVtuFile: Saving 3-component variable: volume current
WriteVtuFile: Number of nodal fields written: 5
WriteVtuFile: Writing elemental fields
WriteVtuFile: Number of elemental fields written: 0
WriteVtuFile: Writing entity IDs for bodies and boundaries
WriteVtuFile: Writing coordinates for each used node
WriteVtuFile: Writing the elemental connectivity data
WriteVtuFile: Writing nodal fields
WriteVtuFile: Saving 1-component variable: potential
WriteVtuFile: Saving 1-component variable: joule heating
WriteVtuFile: Saving 1-component variable: temperature
WriteVtuFile: Saving 1-component variable: temperature loads
WriteVtuFile: Saving 3-component variable: volume current
WriteVtuFile: Writing elemental fields
AscBinWriteFree: Terminating buffered ascii/binary writing
VtuOutputSolver: All done for now
ResultOutputSolver: -------------------------------------
MAIN: 
MAIN: -------------------------------------
MAIN:  Steady state iteration:           10
MAIN: -------------------------------------
MAIN: 
SingleSolver: Attempting to call solver: 1
SingleSolver: Solver Equation string is: stat current
StatCurrentSolve: -------------------------------------
StatCurrentSolve: STAT CURRENT SOLVER:
StatCurrentSolve: -------------------------------------
DefaultStart: Starting solver: stat current
StatElecSolve: Starting Assembly...
DefUtils::DefaultDirichletBCs: Setting Dirichlet boundary conditions
EnforceDirichletConditions: Enforcing total of 28 Dirichlet conditions.
EnforceDirichletConditions: Applying Dirichlet conditions using scaled diagonal
ScaleLinearSystem: Creating > DiagScaling < vector of size 1732
EnforceDirichletConditions: Dirichlet conditions enforced for dofs: 28
StatCurrentSolve:  Assembly (s)          :  0.12092200000000020
DefaultSolve: Solving linear system with default routines
SolveSystem: Solving linear system
SolveLinearSystem: Assuming real valued linear system
SolveLinearSystem: Assuming serial linear system
ScaleLinearSystem: Creating > DiagScaling < vector of size 1732
SolveLinearSystem: Serial linear System Solver: direct
DirectSolver: Using direct method: umfpack
ComputeNorm: Computing norm of solution
ComputeChange: NS (ITER=1) (NRM,RELC): ( 0.19931788E-01 0.16243334E-04 ) :: stat current
StatCurrentSolve:  Solve (s)             :   3.1220000000011794E-003
StatCurrentSolve:  Total Heating Power   :  0.45595908167723737
DefaultFinish: Finished solver: stat current
ComputeNorm: Computing norm of solution
ComputeChange: SS (ITER=10) (NRM,RELC): ( 0.19931788E-01 0.16243334E-04 ) :: stat current
SingleSolver: Attempting to call solver: 2
SingleSolver: Solver Equation string is: heat equation
HeatSolver: -------------------------------------------
HeatSolver: Solving the energy equation for temperature
DefaultStart: Starting solver: heat equation
HeatSolve: 
HeatSolve: 
HeatSolve: -------------------------------------
HeatSolve:  TEMPERATURE ITERATION           1
HeatSolve: -------------------------------------
HeatSolve: 
HeatSolve: Starting Assembly...
HeatSolve: Assembly:
DefaultFinishBulkAssembly: Saving bulk values for: heat equation
HeatSolve: Assembly done
DefUtils::DefaultDirichletBCs: Setting Dirichlet boundary conditions
EnforceDirichletConditions: No Dirichlet conditions to enforce, exiting!
DefaultSolve: Solving linear system with default routines
SolveSystem: Solving linear system
SolveLinearSystem: Assuming real valued linear system
SolveLinearSystem: Assuming serial linear system
ScaleLinearSystem: Creating > DiagScaling < vector of size 10828
SolveLinearSystem: Serial linear System Solver: direct
DirectSolver: Using direct method: umfpack
SolveLinearSystem: Calculating nodal loads for: temperature
CalculateLoads: Computing boundary fluxes from nodal loads
WARNING:: CalculateLoads: Boundary 1 includes inseparable dofs!
CalculateLoads: temperature Flux over BC 1: -1.21067E-01
WARNING:: CalculateLoads: Boundary 2 includes inseparable dofs!
CalculateLoads: temperature Flux over BC 2: -7.29831E-02
WARNING:: CalculateLoads: Boundary 3 includes inseparable dofs!
CalculateLoads: temperature Flux over BC 3: -2.61909E-01
CalculateLoads: temperature Flux over all BCs: -4.55959E-01
ComputeNorm: Computing norm of solution
ComputeChange: NS (ITER=1) (NRM,RELC): (  522.20689     0.43100300E-05 ) :: heat equation
HeatSolve: iter:    1 Assembly: (s)    0.65    0.65
HeatSolve: iter:    1 Solve:    (s)    0.20    0.20
HeatSolve:  Result Norm   :    522.20689461385962
HeatSolve:  Relative Change :    4.3100299606849190E-006
DefaultFinish: Finished solver: heat equation
ComputeNorm: Computing norm of solution
ComputeChange: SS (ITER=10) (NRM,RELC): (  522.20689     0.43100300E-05 ) :: heat equation
SingleSolver: Attempting to call solver: 0
SingleSolver: Solver Equation string is: internalvtuoutputsolver
ResultOutputSolver: -------------------------------------
ResultOutputSolver: Dimension of mesh is: 3
ResultOutputSolver: Working on mesh 1: neck with 10828 nodes
ResultOutputSolver: Saving in unstructured VTK XML (.vtu) format
VtuOutputSolver: Full filename base is: neck/neck
GenerateSaveMask: Number of active elements 61090 out of 61090
GenerateSaveMask: Number of geometry nodes 10828 out of 10828
VtuOutputSolver: Setting offset for boundary entities: 100
VtuOutputSolver: Writing the vtu file: neck/neck_t0010.vtu
AscBinWriteInit: Initializing buffered ascii/binary writing
AscBinWriteInit: Writing in binary
AscBinWriteInit: Writing in double precision
AscBinWriteInit: Writing to unit number: 58
AscBinWriteInit: Size of buffer is: 10828
WriteVtuFile: Writing nodal fields
WriteVtuFile: Saving 1-component variable: potential
WriteVtuFile: Saving 1-component variable: joule heating
WriteVtuFile: Saving 1-component variable: temperature
WriteVtuFile: Saving 1-component variable: temperature loads
WriteVtuFile: Saving 3-component variable: volume current
WriteVtuFile: Number of nodal fields written: 5
WriteVtuFile: Writing elemental fields
WriteVtuFile: Number of elemental fields written: 0
WriteVtuFile: Writing entity IDs for bodies and boundaries
WriteVtuFile: Writing coordinates for each used node
WriteVtuFile: Writing the elemental connectivity data
WriteVtuFile: Writing nodal fields
WriteVtuFile: Saving 1-component variable: potential
WriteVtuFile: Saving 1-component variable: joule heating
WriteVtuFile: Saving 1-component variable: temperature
WriteVtuFile: Saving 1-component variable: temperature loads
WriteVtuFile: Saving 3-component variable: volume current
WriteVtuFile: Writing elemental fields
AscBinWriteFree: Terminating buffered ascii/binary writing
VtuOutputSolver: All done for now
ResultOutputSolver: -------------------------------------
MAIN: 
MAIN: -------------------------------------
MAIN:  Steady state iteration:           11
MAIN: -------------------------------------
MAIN: 
SingleSolver: Attempting to call solver: 1
SingleSolver: Solver Equation string is: stat current
StatCurrentSolve: -------------------------------------
StatCurrentSolve: STAT CURRENT SOLVER:
StatCurrentSolve: -------------------------------------
DefaultStart: Starting solver: stat current
StatElecSolve: Starting Assembly...
DefUtils::DefaultDirichletBCs: Setting Dirichlet boundary conditions
EnforceDirichletConditions: Enforcing total of 28 Dirichlet conditions.
EnforceDirichletConditions: Applying Dirichlet conditions using scaled diagonal
ScaleLinearSystem: Creating > DiagScaling < vector of size 1732
EnforceDirichletConditions: Dirichlet conditions enforced for dofs: 28
StatCurrentSolve:  Assembly (s)          :  0.11953699999999934
DefaultSolve: Solving linear system with default routines
SolveSystem: Solving linear system
SolveLinearSystem: Assuming real valued linear system
SolveLinearSystem: Assuming serial linear system
ScaleLinearSystem: Creating > DiagScaling < vector of size 1732
SolveLinearSystem: Serial linear System Solver: direct
DirectSolver: Using direct method: umfpack
ComputeNorm: Computing norm of solution
ComputeChange: NS (ITER=1) (NRM,RELC): ( 0.19931883E-01 0.47934651E-05 ) :: stat current
StatCurrentSolve:  Solve (s)             :   3.0020000000003932E-003
StatCurrentSolve:  Total Heating Power   :  0.45596125594034698
DefaultFinish: Finished solver: stat current
ComputeNorm: Computing norm of solution
ComputeChange: SS (ITER=11) (NRM,RELC): ( 0.19931883E-01 0.47934651E-05 ) :: stat current
SingleSolver: Attempting to call solver: 2
SingleSolver: Solver Equation string is: heat equation
HeatSolver: -------------------------------------------
HeatSolver: Solving the energy equation for temperature
DefaultStart: Starting solver: heat equation
HeatSolve: 
HeatSolve: 
HeatSolve: -------------------------------------
HeatSolve:  TEMPERATURE ITERATION           1
HeatSolve: -------------------------------------
HeatSolve: 
HeatSolve: Starting Assembly...
HeatSolve: Assembly:
DefaultFinishBulkAssembly: Saving bulk values for: heat equation
HeatSolve: Assembly done
DefUtils::DefaultDirichletBCs: Setting Dirichlet boundary conditions
EnforceDirichletConditions: No Dirichlet conditions to enforce, exiting!
DefaultSolve: Solving linear system with default routines
SolveSystem: Solving linear system
SolveLinearSystem: Assuming real valued linear system
SolveLinearSystem: Assuming serial linear system
ScaleLinearSystem: Creating > DiagScaling < vector of size 10828
SolveLinearSystem: Serial linear System Solver: direct
DirectSolver: Using direct method: umfpack
SolveLinearSystem: Calculating nodal loads for: temperature
CalculateLoads: Computing boundary fluxes from nodal loads
WARNING:: CalculateLoads: Boundary 1 includes inseparable dofs!
CalculateLoads: temperature Flux over BC 1: -1.21068E-01
WARNING:: CalculateLoads: Boundary 2 includes inseparable dofs!
CalculateLoads: temperature Flux over BC 2: -7.29835E-02
WARNING:: CalculateLoads: Boundary 3 includes inseparable dofs!
CalculateLoads: temperature Flux over BC 3: -2.61910E-01
CalculateLoads: temperature Flux over all BCs: -4.55961E-01
ComputeNorm: Computing norm of solution
ComputeChange: NS (ITER=1) (NRM,RELC): (  522.20756     0.12719165E-05 ) :: heat equation
HeatSolve: iter:    1 Assembly: (s)    0.66    0.66
HeatSolve: iter:    1 Solve:    (s)    0.20    0.20
HeatSolve:  Result Norm   :    522.20755881787045
HeatSolve:  Relative Change :    1.2719165435701205E-006
DefaultFinish: Finished solver: heat equation
ComputeNorm: Computing norm of solution
ComputeChange: SS (ITER=11) (NRM,RELC): (  522.20756     0.12719165E-05 ) :: heat equation
SingleSolver: Attempting to call solver: 0
SingleSolver: Solver Equation string is: internalvtuoutputsolver
ResultOutputSolver: -------------------------------------
ResultOutputSolver: Dimension of mesh is: 3
ResultOutputSolver: Working on mesh 1: neck with 10828 nodes
ResultOutputSolver: Saving in unstructured VTK XML (.vtu) format
VtuOutputSolver: Full filename base is: neck/neck
GenerateSaveMask: Number of active elements 61090 out of 61090
GenerateSaveMask: Number of geometry nodes 10828 out of 10828
VtuOutputSolver: Setting offset for boundary entities: 100
VtuOutputSolver: Writing the vtu file: neck/neck_t0011.vtu
AscBinWriteInit: Initializing buffered ascii/binary writing
AscBinWriteInit: Writing in binary
AscBinWriteInit: Writing in double precision
AscBinWriteInit: Writing to unit number: 58
AscBinWriteInit: Size of buffer is: 10828
WriteVtuFile: Writing nodal fields
WriteVtuFile: Saving 1-component variable: potential
WriteVtuFile: Saving 1-component variable: joule heating
WriteVtuFile: Saving 1-component variable: temperature
WriteVtuFile: Saving 1-component variable: temperature loads
WriteVtuFile: Saving 3-component variable: volume current
WriteVtuFile: Number of nodal fields written: 5
WriteVtuFile: Writing elemental fields
WriteVtuFile: Number of elemental fields written: 0
WriteVtuFile: Writing entity IDs for bodies and boundaries
WriteVtuFile: Writing coordinates for each used node
WriteVtuFile: Writing the elemental connectivity data
WriteVtuFile: Writing nodal fields
WriteVtuFile: Saving 1-component variable: potential
WriteVtuFile: Saving 1-component variable: joule heating
WriteVtuFile: Saving 1-component variable: temperature
WriteVtuFile: Saving 1-component variable: temperature loads
WriteVtuFile: Saving 3-component variable: volume current
WriteVtuFile: Writing elemental fields
AscBinWriteFree: Terminating buffered ascii/binary writing
VtuOutputSolver: All done for now
ResultOutputSolver: -------------------------------------
MAIN: 
MAIN: -------------------------------------
MAIN:  Steady state iteration:           12
MAIN: -------------------------------------
MAIN: 
SingleSolver: Attempting to call solver: 1
SingleSolver: Solver Equation string is: stat current
StatCurrentSolve: -------------------------------------
StatCurrentSolve: STAT CURRENT SOLVER:
StatCurrentSolve: -------------------------------------
DefaultStart: Starting solver: stat current
StatElecSolve: Starting Assembly...
DefUtils::DefaultDirichletBCs: Setting Dirichlet boundary conditions
EnforceDirichletConditions: Enforcing total of 28 Dirichlet conditions.
EnforceDirichletConditions: Applying Dirichlet conditions using scaled diagonal
ScaleLinearSystem: Creating > DiagScaling < vector of size 1732
EnforceDirichletConditions: Dirichlet conditions enforced for dofs: 28
StatCurrentSolve:  Assembly (s)          :  0.12007500000000171
DefaultSolve: Solving linear system with default routines
SolveSystem: Solving linear system
SolveLinearSystem: Assuming real valued linear system
SolveLinearSystem: Assuming serial linear system
ScaleLinearSystem: Creating > DiagScaling < vector of size 1732
SolveLinearSystem: Serial linear System Solver: direct
DirectSolver: Using direct method: umfpack
ComputeNorm: Computing norm of solution
ComputeChange: NS (ITER=1) (NRM,RELC): ( 0.19931911E-01 0.14146901E-05 ) :: stat current
StatCurrentSolve:  Solve (s)             :   3.1189999999998719E-003
StatCurrentSolve:  Total Heating Power   :  0.45596189768149786
DefaultFinish: Finished solver: stat current
ComputeNorm: Computing norm of solution
ComputeChange: SS (ITER=12) (NRM,RELC): ( 0.19931911E-01 0.14146901E-05 ) :: stat current
SingleSolver: Attempting to call solver: 2
SingleSolver: Solver Equation string is: heat equation
HeatSolver: -------------------------------------------
HeatSolver: Solving the energy equation for temperature
DefaultStart: Starting solver: heat equation
HeatSolve: 
HeatSolve: 
HeatSolve: -------------------------------------
HeatSolve:  TEMPERATURE ITERATION           1
HeatSolve: -------------------------------------
HeatSolve: 
HeatSolve: Starting Assembly...
HeatSolve: Assembly:
DefaultFinishBulkAssembly: Saving bulk values for: heat equation
HeatSolve: Assembly done
DefUtils::DefaultDirichletBCs: Setting Dirichlet boundary conditions
EnforceDirichletConditions: No Dirichlet conditions to enforce, exiting!
DefaultSolve: Solving linear system with default routines
SolveSystem: Solving linear system
SolveLinearSystem: Assuming real valued linear system
SolveLinearSystem: Assuming serial linear system
ScaleLinearSystem: Creating > DiagScaling < vector of size 10828
SolveLinearSystem: Serial linear System Solver: direct
DirectSolver: Using direct method: umfpack
SolveLinearSystem: Calculating nodal loads for: temperature
CalculateLoads: Computing boundary fluxes from nodal loads
WARNING:: CalculateLoads: Boundary 1 includes inseparable dofs!
CalculateLoads: temperature Flux over BC 1: -1.21068E-01
WARNING:: CalculateLoads: Boundary 2 includes inseparable dofs!
CalculateLoads: temperature Flux over BC 2: -7.29836E-02
WARNING:: CalculateLoads: Boundary 3 includes inseparable dofs!
CalculateLoads: temperature Flux over BC 3: -2.61910E-01
CalculateLoads: temperature Flux over all BCs: -4.55962E-01
ComputeNorm: Computing norm of solution
ComputeChange: NS (ITER=1) (NRM,RELC): (  522.20775     0.37541006E-06 ) :: heat equation
HeatSolve: iter:    1 Assembly: (s)    0.65    0.65
HeatSolve: iter:    1 Solve:    (s)    0.20    0.20
HeatSolve:  Result Norm   :    522.20775485987610
HeatSolve:  Relative Change :    3.7541005591824543E-007
DefaultFinish: Finished solver: heat equation
ComputeNorm: Computing norm of solution
ComputeChange: SS (ITER=12) (NRM,RELC): (  522.20775     0.37541006E-06 ) :: heat equation
SingleSolver: Attempting to call solver: 0
SingleSolver: Solver Equation string is: internalvtuoutputsolver
ResultOutputSolver: -------------------------------------
ResultOutputSolver: Dimension of mesh is: 3
ResultOutputSolver: Working on mesh 1: neck with 10828 nodes
ResultOutputSolver: Saving in unstructured VTK XML (.vtu) format
VtuOutputSolver: Full filename base is: neck/neck
GenerateSaveMask: Number of active elements 61090 out of 61090
GenerateSaveMask: Number of geometry nodes 10828 out of 10828
VtuOutputSolver: Setting offset for boundary entities: 100
VtuOutputSolver: Writing the vtu file: neck/neck_t0012.vtu
AscBinWriteInit: Initializing buffered ascii/binary writing
AscBinWriteInit: Writing in binary
AscBinWriteInit: Writing in double precision
AscBinWriteInit: Writing to unit number: 58
AscBinWriteInit: Size of buffer is: 10828
WriteVtuFile: Writing nodal fields
WriteVtuFile: Saving 1-component variable: potential
WriteVtuFile: Saving 1-component variable: joule heating
WriteVtuFile: Saving 1-component variable: temperature
WriteVtuFile: Saving 1-component variable: temperature loads
WriteVtuFile: Saving 3-component variable: volume current
WriteVtuFile: Number of nodal fields written: 5
WriteVtuFile: Writing elemental fields
WriteVtuFile: Number of elemental fields written: 0
WriteVtuFile: Writing entity IDs for bodies and boundaries
WriteVtuFile: Writing coordinates for each used node
WriteVtuFile: Writing the elemental connectivity data
WriteVtuFile: Writing nodal fields
WriteVtuFile: Saving 1-component variable: potential
WriteVtuFile: Saving 1-component variable: joule heating
WriteVtuFile: Saving 1-component variable: temperature
WriteVtuFile: Saving 1-component variable: temperature loads
WriteVtuFile: Saving 3-component variable: volume current
WriteVtuFile: Writing elemental fields
AscBinWriteFree: Terminating buffered ascii/binary writing
VtuOutputSolver: All done for now
ResultOutputSolver: -------------------------------------
MAIN: 
MAIN: -------------------------------------
MAIN:  Steady state iteration:           13
MAIN: -------------------------------------
MAIN: 
SingleSolver: Attempting to call solver: 1
SingleSolver: Solver Equation string is: stat current
StatCurrentSolve: -------------------------------------
StatCurrentSolve: STAT CURRENT SOLVER:
StatCurrentSolve: -------------------------------------
DefaultStart: Starting solver: stat current
StatElecSolve: Starting Assembly...
DefUtils::DefaultDirichletBCs: Setting Dirichlet boundary conditions
EnforceDirichletConditions: Enforcing total of 28 Dirichlet conditions.
EnforceDirichletConditions: Applying Dirichlet conditions using scaled diagonal
ScaleLinearSystem: Creating > DiagScaling < vector of size 1732
EnforceDirichletConditions: Dirichlet conditions enforced for dofs: 28
StatCurrentSolve:  Assembly (s)          :  0.12091299999999983
DefaultSolve: Solving linear system with default routines
SolveSystem: Solving linear system
SolveLinearSystem: Assuming real valued linear system
SolveLinearSystem: Assuming serial linear system
ScaleLinearSystem: Creating > DiagScaling < vector of size 1732
SolveLinearSystem: Serial linear System Solver: direct
DirectSolver: Using direct method: umfpack
ComputeNorm: Computing norm of solution
ComputeChange: NS (ITER=1) (NRM,RELC): ( 0.19931920E-01 0.41753288E-06 ) :: stat current
StatCurrentSolve:  Solve (s)             :   3.0599999999996186E-003
StatCurrentSolve:  Total Heating Power   :  0.45596208707762781
DefaultFinish: Finished solver: stat current
ComputeNorm: Computing norm of solution
ComputeChange: SS (ITER=13) (NRM,RELC): ( 0.19931920E-01 0.41753288E-06 ) :: stat current
SingleSolver: Attempting to call solver: 2
SingleSolver: Solver Equation string is: heat equation
HeatSolver: -------------------------------------------
HeatSolver: Solving the energy equation for temperature
DefaultStart: Starting solver: heat equation
HeatSolve: 
HeatSolve: 
HeatSolve: -------------------------------------
HeatSolve:  TEMPERATURE ITERATION           1
HeatSolve: -------------------------------------
HeatSolve: 
HeatSolve: Starting Assembly...
HeatSolve: Assembly:
DefaultFinishBulkAssembly: Saving bulk values for: heat equation
HeatSolve: Assembly done
DefUtils::DefaultDirichletBCs: Setting Dirichlet boundary conditions
EnforceDirichletConditions: No Dirichlet conditions to enforce, exiting!
DefaultSolve: Solving linear system with default routines
SolveSystem: Solving linear system
SolveLinearSystem: Assuming real valued linear system
SolveLinearSystem: Assuming serial linear system
ScaleLinearSystem: Creating > DiagScaling < vector of size 10828
SolveLinearSystem: Serial linear System Solver: direct
DirectSolver: Using direct method: umfpack
SolveLinearSystem: Calculating nodal loads for: temperature
CalculateLoads: Computing boundary fluxes from nodal loads
WARNING:: CalculateLoads: Boundary 1 includes inseparable dofs!
CalculateLoads: temperature Flux over BC 1: -1.21068E-01
WARNING:: CalculateLoads: Boundary 2 includes inseparable dofs!
CalculateLoads: temperature Flux over BC 2: -7.29836E-02
WARNING:: CalculateLoads: Boundary 3 includes inseparable dofs!
CalculateLoads: temperature Flux over BC 3: -2.61910E-01
CalculateLoads: temperature Flux over all BCs: -4.55962E-01
ComputeNorm: Computing norm of solution
ComputeChange: NS (ITER=1) (NRM,RELC): (  522.20781     0.11079422E-06 ) :: heat equation
HeatSolve: iter:    1 Assembly: (s)    0.66    0.66
HeatSolve: iter:    1 Solve:    (s)    0.20    0.20
HeatSolve:  Result Norm   :    522.20781271748194
HeatSolve:  Relative Change :    1.1079422336258334E-007
DefaultFinish: Finished solver: heat equation
ComputeNorm: Computing norm of solution
ComputeChange: SS (ITER=13) (NRM,RELC): (  522.20781     0.11079422E-06 ) :: heat equation
SingleSolver: Attempting to call solver: 0
SingleSolver: Solver Equation string is: internalvtuoutputsolver
ResultOutputSolver: -------------------------------------
ResultOutputSolver: Dimension of mesh is: 3
ResultOutputSolver: Working on mesh 1: neck with 10828 nodes
ResultOutputSolver: Saving in unstructured VTK XML (.vtu) format
VtuOutputSolver: Full filename base is: neck/neck
GenerateSaveMask: Number of active elements 61090 out of 61090
GenerateSaveMask: Number of geometry nodes 10828 out of 10828
VtuOutputSolver: Setting offset for boundary entities: 100
VtuOutputSolver: Writing the vtu file: neck/neck_t0013.vtu
AscBinWriteInit: Initializing buffered ascii/binary writing
AscBinWriteInit: Writing in binary
AscBinWriteInit: Writing in double precision
AscBinWriteInit: Writing to unit number: 58
AscBinWriteInit: Size of buffer is: 10828
WriteVtuFile: Writing nodal fields
WriteVtuFile: Saving 1-component variable: potential
WriteVtuFile: Saving 1-component variable: joule heating
WriteVtuFile: Saving 1-component variable: temperature
WriteVtuFile: Saving 1-component variable: temperature loads
WriteVtuFile: Saving 3-component variable: volume current
WriteVtuFile: Number of nodal fields written: 5
WriteVtuFile: Writing elemental fields
WriteVtuFile: Number of elemental fields written: 0
WriteVtuFile: Writing entity IDs for bodies and boundaries
WriteVtuFile: Writing coordinates for each used node
WriteVtuFile: Writing the elemental connectivity data
WriteVtuFile: Writing nodal fields
WriteVtuFile: Saving 1-component variable: potential
WriteVtuFile: Saving 1-component variable: joule heating
WriteVtuFile: Saving 1-component variable: temperature
WriteVtuFile: Saving 1-component variable: temperature loads
WriteVtuFile: Saving 3-component variable: volume current
WriteVtuFile: Writing elemental fields
AscBinWriteFree: Terminating buffered ascii/binary writing
VtuOutputSolver: All done for now
ResultOutputSolver: -------------------------------------
MAIN: 
MAIN: -------------------------------------
MAIN:  Steady state iteration:           14
MAIN: -------------------------------------
MAIN: 
SingleSolver: Attempting to call solver: 1
SingleSolver: Solver Equation string is: stat current
StatCurrentSolve: -------------------------------------
StatCurrentSolve: STAT CURRENT SOLVER:
StatCurrentSolve: -------------------------------------
DefaultStart: Starting solver: stat current
StatElecSolve: Starting Assembly...
DefUtils::DefaultDirichletBCs: Setting Dirichlet boundary conditions
EnforceDirichletConditions: Enforcing total of 28 Dirichlet conditions.
EnforceDirichletConditions: Applying Dirichlet conditions using scaled diagonal
ScaleLinearSystem: Creating > DiagScaling < vector of size 1732
EnforceDirichletConditions: Dirichlet conditions enforced for dofs: 28
StatCurrentSolve:  Assembly (s)          :  0.11918200000000034
DefaultSolve: Solving linear system with default routines
SolveSystem: Solving linear system
SolveLinearSystem: Assuming real valued linear system
SolveLinearSystem: Assuming serial linear system
ScaleLinearSystem: Creating > DiagScaling < vector of size 1732
SolveLinearSystem: Serial linear System Solver: direct
DirectSolver: Using direct method: umfpack
ComputeNorm: Computing norm of solution
ComputeChange: NS (ITER=1) (NRM,RELC): ( 0.19931922E-01 0.12320545E-06 ) :: stat current
StatCurrentSolve:  Solve (s)             :   3.1110000000005300E-003
StatCurrentSolve:  Total Heating Power   :  0.45596214295489468
DefaultFinish: Finished solver: stat current
ComputeNorm: Computing norm of solution
ComputeChange: SS (ITER=14) (NRM,RELC): ( 0.19931922E-01 0.12320545E-06 ) :: stat current
SingleSolver: Attempting to call solver: 2
SingleSolver: Solver Equation string is: heat equation
HeatSolver: -------------------------------------------
HeatSolver: Solving the energy equation for temperature
DefaultStart: Starting solver: heat equation
HeatSolve: 
HeatSolve: 
HeatSolve: -------------------------------------
HeatSolve:  TEMPERATURE ITERATION           1
HeatSolve: -------------------------------------
HeatSolve: 
HeatSolve: Starting Assembly...
HeatSolve: Assembly:
DefaultFinishBulkAssembly: Saving bulk values for: heat equation
HeatSolve: Assembly done
DefUtils::DefaultDirichletBCs: Setting Dirichlet boundary conditions
EnforceDirichletConditions: No Dirichlet conditions to enforce, exiting!
DefaultSolve: Solving linear system with default routines
SolveSystem: Solving linear system
SolveLinearSystem: Assuming real valued linear system
SolveLinearSystem: Assuming serial linear system
ScaleLinearSystem: Creating > DiagScaling < vector of size 10828
SolveLinearSystem: Serial linear System Solver: direct
DirectSolver: Using direct method: umfpack
SolveLinearSystem: Calculating nodal loads for: temperature
CalculateLoads: Computing boundary fluxes from nodal loads
WARNING:: CalculateLoads: Boundary 1 includes inseparable dofs!
CalculateLoads: temperature Flux over BC 1: -1.21068E-01
WARNING:: CalculateLoads: Boundary 2 includes inseparable dofs!
CalculateLoads: temperature Flux over BC 2: -7.29836E-02
WARNING:: CalculateLoads: Boundary 3 includes inseparable dofs!
CalculateLoads: temperature Flux over BC 3: -2.61911E-01
CalculateLoads: temperature Flux over all BCs: -4.55962E-01
ComputeNorm: Computing norm of solution
ComputeChange: NS (ITER=1) (NRM,RELC): (  522.20783     0.32687484E-07 ) :: heat equation
HeatSolve: iter:    1 Assembly: (s)    0.66    0.66
HeatSolve: iter:    1 Solve:    (s)    0.21    0.21
HeatSolve:  Result Norm   :    522.20782978714169
HeatSolve:  Relative Change :    3.2687483896676845E-008
DefaultFinish: Finished solver: heat equation
ComputeNorm: Computing norm of solution
ComputeChange: SS (ITER=14) (NRM,RELC): (  522.20783     0.32687484E-07 ) :: heat equation
SingleSolver: Attempting to call solver: 0
SingleSolver: Solver Equation string is: internalvtuoutputsolver
ResultOutputSolver: -------------------------------------
ResultOutputSolver: Dimension of mesh is: 3
ResultOutputSolver: Working on mesh 1: neck with 10828 nodes
ResultOutputSolver: Saving in unstructured VTK XML (.vtu) format
VtuOutputSolver: Full filename base is: neck/neck
GenerateSaveMask: Number of active elements 61090 out of 61090
GenerateSaveMask: Number of geometry nodes 10828 out of 10828
VtuOutputSolver: Setting offset for boundary entities: 100
VtuOutputSolver: Writing the vtu file: neck/neck_t0014.vtu
AscBinWriteInit: Initializing buffered ascii/binary writing
AscBinWriteInit: Writing in binary
AscBinWriteInit: Writing in double precision
AscBinWriteInit: Writing to unit number: 58
AscBinWriteInit: Size of buffer is: 10828
WriteVtuFile: Writing nodal fields
WriteVtuFile: Saving 1-component variable: potential
WriteVtuFile: Saving 1-component variable: joule heating
WriteVtuFile: Saving 1-component variable: temperature
WriteVtuFile: Saving 1-component variable: temperature loads
WriteVtuFile: Saving 3-component variable: volume current
WriteVtuFile: Number of nodal fields written: 5
WriteVtuFile: Writing elemental fields
WriteVtuFile: Number of elemental fields written: 0
WriteVtuFile: Writing entity IDs for bodies and boundaries
WriteVtuFile: Writing coordinates for each used node
WriteVtuFile: Writing the elemental connectivity data
WriteVtuFile: Writing nodal fields
WriteVtuFile: Saving 1-component variable: potential
WriteVtuFile: Saving 1-component variable: joule heating
WriteVtuFile: Saving 1-component variable: temperature
WriteVtuFile: Saving 1-component variable: temperature loads
WriteVtuFile: Saving 3-component variable: volume current
WriteVtuFile: Writing elemental fields
AscBinWriteFree: Terminating buffered ascii/binary writing
VtuOutputSolver: All done for now
ResultOutputSolver: -------------------------------------
MAIN: 
MAIN: -------------------------------------
MAIN:  Steady state iteration:           15
MAIN: -------------------------------------
MAIN: 
SingleSolver: Attempting to call solver: 1
SingleSolver: Solver Equation string is: stat current
StatCurrentSolve: -------------------------------------
StatCurrentSolve: STAT CURRENT SOLVER:
StatCurrentSolve: -------------------------------------
DefaultStart: Starting solver: stat current
StatElecSolve: Starting Assembly...
DefUtils::DefaultDirichletBCs: Setting Dirichlet boundary conditions
EnforceDirichletConditions: Enforcing total of 28 Dirichlet conditions.
EnforceDirichletConditions: Applying Dirichlet conditions using scaled diagonal
ScaleLinearSystem: Creating > DiagScaling < vector of size 1732
EnforceDirichletConditions: Dirichlet conditions enforced for dofs: 28
StatCurrentSolve:  Assembly (s)          :  0.12402499999999961
DefaultSolve: Solving linear system with default routines
SolveSystem: Solving linear system
SolveLinearSystem: Assuming real valued linear system
SolveLinearSystem: Assuming serial linear system
ScaleLinearSystem: Creating > DiagScaling < vector of size 1732
SolveLinearSystem: Serial linear System Solver: direct
DirectSolver: Using direct method: umfpack
ComputeNorm: Computing norm of solution
ComputeChange: NS (ITER=1) (NRM,RELC): ( 0.19931923E-01 0.36345665E-07 ) :: stat current
StatCurrentSolve:  Solve (s)             :   3.0350000000005650E-003
StatCurrentSolve:  Total Heating Power   :  0.45596215943716839
DefaultFinish: Finished solver: stat current
ComputeNorm: Computing norm of solution
ComputeChange: SS (ITER=15) (NRM,RELC): ( 0.19931923E-01 0.36345665E-07 ) :: stat current
SingleSolver: Attempting to call solver: 2
SingleSolver: Solver Equation string is: heat equation
HeatSolver: -------------------------------------------
HeatSolver: Solving the energy equation for temperature
DefaultStart: Starting solver: heat equation
HeatSolve: 
HeatSolve: 
HeatSolve: -------------------------------------
HeatSolve:  TEMPERATURE ITERATION           1
HeatSolve: -------------------------------------
HeatSolve: 
HeatSolve: Starting Assembly...
HeatSolve: Assembly:
DefaultFinishBulkAssembly: Saving bulk values for: heat equation
HeatSolve: Assembly done
DefUtils::DefaultDirichletBCs: Setting Dirichlet boundary conditions
EnforceDirichletConditions: No Dirichlet conditions to enforce, exiting!
DefaultSolve: Solving linear system with default routines
SolveSystem: Solving linear system
SolveLinearSystem: Assuming real valued linear system
SolveLinearSystem: Assuming serial linear system
ScaleLinearSystem: Creating > DiagScaling < vector of size 10828
SolveLinearSystem: Serial linear System Solver: direct
DirectSolver: Using direct method: umfpack
SolveLinearSystem: Calculating nodal loads for: temperature
CalculateLoads: Computing boundary fluxes from nodal loads
WARNING:: CalculateLoads: Boundary 1 includes inseparable dofs!
CalculateLoads: temperature Flux over BC 1: -1.21068E-01
WARNING:: CalculateLoads: Boundary 2 includes inseparable dofs!
CalculateLoads: temperature Flux over BC 2: -7.29836E-02
WARNING:: CalculateLoads: Boundary 3 includes inseparable dofs!
CalculateLoads: temperature Flux over BC 3: -2.61911E-01
CalculateLoads: temperature Flux over all BCs: -4.55962E-01
ComputeNorm: Computing norm of solution
ComputeChange: NS (ITER=1) (NRM,RELC): (  522.20783     0.96419189E-08 ) :: heat equation
HeatSolve: iter:    1 Assembly: (s)    0.67    0.67
HeatSolve: iter:    1 Solve:    (s)    0.20    0.20
HeatSolve:  Result Norm   :    522.20783482222726
HeatSolve:  Relative Change :    9.6419188932209755E-009
DefaultFinish: Finished solver: heat equation
ComputeNorm: Computing norm of solution
ComputeChange: SS (ITER=15) (NRM,RELC): (  522.20783     0.96419189E-08 ) :: heat equation
SingleSolver: Attempting to call solver: 0
SingleSolver: Solver Equation string is: internalvtuoutputsolver
ResultOutputSolver: -------------------------------------
ResultOutputSolver: Dimension of mesh is: 3
ResultOutputSolver: Working on mesh 1: neck with 10828 nodes
ResultOutputSolver: Saving in unstructured VTK XML (.vtu) format
VtuOutputSolver: Full filename base is: neck/neck
GenerateSaveMask: Number of active elements 61090 out of 61090
GenerateSaveMask: Number of geometry nodes 10828 out of 10828
VtuOutputSolver: Setting offset for boundary entities: 100
VtuOutputSolver: Writing the vtu file: neck/neck_t0015.vtu
AscBinWriteInit: Initializing buffered ascii/binary writing
AscBinWriteInit: Writing in binary
AscBinWriteInit: Writing in double precision
AscBinWriteInit: Writing to unit number: 58
AscBinWriteInit: Size of buffer is: 10828
WriteVtuFile: Writing nodal fields
WriteVtuFile: Saving 1-component variable: potential
WriteVtuFile: Saving 1-component variable: joule heating
WriteVtuFile: Saving 1-component variable: temperature
WriteVtuFile: Saving 1-component variable: temperature loads
WriteVtuFile: Saving 3-component variable: volume current
WriteVtuFile: Number of nodal fields written: 5
WriteVtuFile: Writing elemental fields
WriteVtuFile: Number of elemental fields written: 0
WriteVtuFile: Writing entity IDs for bodies and boundaries
WriteVtuFile: Writing coordinates for each used node
WriteVtuFile: Writing the elemental connectivity data
WriteVtuFile: Writing nodal fields
WriteVtuFile: Saving 1-component variable: potential
WriteVtuFile: Saving 1-component variable: joule heating
WriteVtuFile: Saving 1-component variable: temperature
WriteVtuFile: Saving 1-component variable: temperature loads
WriteVtuFile: Saving 3-component variable: volume current
WriteVtuFile: Writing elemental fields
AscBinWriteFree: Terminating buffered ascii/binary writing
VtuOutputSolver: All done for now
ResultOutputSolver: -------------------------------------
MAIN: 
MAIN: -------------------------------------
MAIN:  Steady state iteration:           16
MAIN: -------------------------------------
MAIN: 
SingleSolver: Attempting to call solver: 1
SingleSolver: Solver Equation string is: stat current
StatCurrentSolve: -------------------------------------
StatCurrentSolve: STAT CURRENT SOLVER:
StatCurrentSolve: -------------------------------------
DefaultStart: Starting solver: stat current
StatElecSolve: Starting Assembly...
DefUtils::DefaultDirichletBCs: Setting Dirichlet boundary conditions
EnforceDirichletConditions: Enforcing total of 28 Dirichlet conditions.
EnforceDirichletConditions: Applying Dirichlet conditions using scaled diagonal
ScaleLinearSystem: Creating > DiagScaling < vector of size 1732
EnforceDirichletConditions: Dirichlet conditions enforced for dofs: 28
StatCurrentSolve:  Assembly (s)          :  0.12052999999999869
DefaultSolve: Solving linear system with default routines
SolveSystem: Solving linear system
SolveLinearSystem: Assuming real valued linear system
SolveLinearSystem: Assuming serial linear system
ScaleLinearSystem: Creating > DiagScaling < vector of size 1732
SolveLinearSystem: Serial linear System Solver: direct
DirectSolver: Using direct method: umfpack
ComputeNorm: Computing norm of solution
ComputeChange: NS (ITER=1) (NRM,RELC): ( 0.19931923E-01 0.10743176E-07 ) :: stat current
StatCurrentSolve:  Solve (s)             :   2.9509999999994818E-003
StatCurrentSolve:  Total Heating Power   :  0.45596216431941994
DefaultFinish: Finished solver: stat current
ComputeNorm: Computing norm of solution
ComputeChange: SS (ITER=16) (NRM,RELC): ( 0.19931923E-01 0.10743176E-07 ) :: stat current
SingleSolver: Attempting to call solver: 2
SingleSolver: Solver Equation string is: heat equation
HeatSolver: -------------------------------------------
HeatSolver: Solving the energy equation for temperature
DefaultStart: Starting solver: heat equation
HeatSolve: 
HeatSolve: 
HeatSolve: -------------------------------------
HeatSolve:  TEMPERATURE ITERATION           1
HeatSolve: -------------------------------------
HeatSolve: 
HeatSolve: Starting Assembly...
HeatSolve: Assembly:
DefaultFinishBulkAssembly: Saving bulk values for: heat equation
HeatSolve: Assembly done
DefUtils::DefaultDirichletBCs: Setting Dirichlet boundary conditions
EnforceDirichletConditions: No Dirichlet conditions to enforce, exiting!
DefaultSolve: Solving linear system with default routines
SolveSystem: Solving linear system
SolveLinearSystem: Assuming real valued linear system
SolveLinearSystem: Assuming serial linear system
ScaleLinearSystem: Creating > DiagScaling < vector of size 10828
SolveLinearSystem: Serial linear System Solver: direct
DirectSolver: Using direct method: umfpack
SolveLinearSystem: Calculating nodal loads for: temperature
CalculateLoads: Computing boundary fluxes from nodal loads
WARNING:: CalculateLoads: Boundary 1 includes inseparable dofs!
CalculateLoads: temperature Flux over BC 1: -1.21068E-01
WARNING:: CalculateLoads: Boundary 2 includes inseparable dofs!
CalculateLoads: temperature Flux over BC 2: -7.29836E-02
WARNING:: CalculateLoads: Boundary 3 includes inseparable dofs!
CalculateLoads: temperature Flux over BC 3: -2.61911E-01
CalculateLoads: temperature Flux over all BCs: -4.55962E-01
ComputeNorm: Computing norm of solution
ComputeChange: NS (ITER=1) (NRM,RELC): (  522.20784     0.28560307E-08 ) :: heat equation
HeatSolve: iter:    1 Assembly: (s)    0.66    0.66
HeatSolve: iter:    1 Solve:    (s)    0.21    0.21
HeatSolve:  Result Norm   :    522.20783631366885
HeatSolve:  Relative Change :    2.8560306694817879E-009
DefaultFinish: Finished solver: heat equation
ComputeNorm: Computing norm of solution
ComputeChange: SS (ITER=16) (NRM,RELC): (  522.20784     0.28560307E-08 ) :: heat equation
SingleSolver: Attempting to call solver: 0
SingleSolver: Solver Equation string is: internalvtuoutputsolver
ResultOutputSolver: -------------------------------------
ResultOutputSolver: Dimension of mesh is: 3
ResultOutputSolver: Working on mesh 1: neck with 10828 nodes
ResultOutputSolver: Saving in unstructured VTK XML (.vtu) format
VtuOutputSolver: Full filename base is: neck/neck
GenerateSaveMask: Number of active elements 61090 out of 61090
GenerateSaveMask: Number of geometry nodes 10828 out of 10828
VtuOutputSolver: Setting offset for boundary entities: 100
VtuOutputSolver: Writing the vtu file: neck/neck_t0016.vtu
AscBinWriteInit: Initializing buffered ascii/binary writing
AscBinWriteInit: Writing in binary
AscBinWriteInit: Writing in double precision
AscBinWriteInit: Writing to unit number: 58
AscBinWriteInit: Size of buffer is: 10828
WriteVtuFile: Writing nodal fields
WriteVtuFile: Saving 1-component variable: potential
WriteVtuFile: Saving 1-component variable: joule heating
WriteVtuFile: Saving 1-component variable: temperature
WriteVtuFile: Saving 1-component variable: temperature loads
WriteVtuFile: Saving 3-component variable: volume current
WriteVtuFile: Number of nodal fields written: 5
WriteVtuFile: Writing elemental fields
WriteVtuFile: Number of elemental fields written: 0
WriteVtuFile: Writing entity IDs for bodies and boundaries
WriteVtuFile: Writing coordinates for each used node
WriteVtuFile: Writing the elemental connectivity data
WriteVtuFile: Writing nodal fields
WriteVtuFile: Saving 1-component variable: potential
WriteVtuFile: Saving 1-component variable: joule heating
WriteVtuFile: Saving 1-component variable: temperature
WriteVtuFile: Saving 1-component variable: temperature loads
WriteVtuFile: Saving 3-component variable: volume current
WriteVtuFile: Writing elemental fields
AscBinWriteFree: Terminating buffered ascii/binary writing
VtuOutputSolver: All done for now
ResultOutputSolver: -------------------------------------
MAIN: 
MAIN: -------------------------------------
MAIN:  Steady state iteration:           17
MAIN: -------------------------------------
MAIN: 
SingleSolver: Attempting to call solver: 1
SingleSolver: Solver Equation string is: stat current
StatCurrentSolve: -------------------------------------
StatCurrentSolve: STAT CURRENT SOLVER:
StatCurrentSolve: -------------------------------------
DefaultStart: Starting solver: stat current
StatElecSolve: Starting Assembly...
DefUtils::DefaultDirichletBCs: Setting Dirichlet boundary conditions
EnforceDirichletConditions: Enforcing total of 28 Dirichlet conditions.
EnforceDirichletConditions: Applying Dirichlet conditions using scaled diagonal
ScaleLinearSystem: Creating > DiagScaling < vector of size 1732
EnforceDirichletConditions: Dirichlet conditions enforced for dofs: 28
StatCurrentSolve:  Assembly (s)          :  0.12468000000000146
DefaultSolve: Solving linear system with default routines
SolveSystem: Solving linear system
SolveLinearSystem: Assuming real valued linear system
SolveLinearSystem: Assuming serial linear system
ScaleLinearSystem: Creating > DiagScaling < vector of size 1732
SolveLinearSystem: Serial linear System Solver: direct
DirectSolver: Using direct method: umfpack
ComputeNorm: Computing norm of solution
ComputeChange: NS (ITER=1) (NRM,RELC): ( 0.19931923E-01 0.31784826E-08 ) :: stat current
StatCurrentSolve:  Solve (s)             :   3.0789999999996098E-003
StatCurrentSolve:  Total Heating Power   :  0.45596216576237353
DefaultFinish: Finished solver: stat current
ComputeNorm: Computing norm of solution
ComputeChange: SS (ITER=17) (NRM,RELC): ( 0.19931923E-01 0.31784826E-08 ) :: stat current
SingleSolver: Attempting to call solver: 2
SingleSolver: Solver Equation string is: heat equation
HeatSolver: -------------------------------------------
HeatSolver: Solving the energy equation for temperature
DefaultStart: Starting solver: heat equation
HeatSolve: 
HeatSolve: 
HeatSolve: -------------------------------------
HeatSolve:  TEMPERATURE ITERATION           1
HeatSolve: -------------------------------------
HeatSolve: 
HeatSolve: Starting Assembly...
HeatSolve: Assembly:
DefaultFinishBulkAssembly: Saving bulk values for: heat equation
HeatSolve: Assembly done
DefUtils::DefaultDirichletBCs: Setting Dirichlet boundary conditions
EnforceDirichletConditions: No Dirichlet conditions to enforce, exiting!
DefaultSolve: Solving linear system with default routines
SolveSystem: Solving linear system
SolveLinearSystem: Assuming real valued linear system
SolveLinearSystem: Assuming serial linear system
ScaleLinearSystem: Creating > DiagScaling < vector of size 10828
SolveLinearSystem: Serial linear System Solver: direct
DirectSolver: Using direct method: umfpack
SolveLinearSystem: Calculating nodal loads for: temperature
CalculateLoads: Computing boundary fluxes from nodal loads
WARNING:: CalculateLoads: Boundary 1 includes inseparable dofs!
CalculateLoads: temperature Flux over BC 1: -1.21068E-01
WARNING:: CalculateLoads: Boundary 2 includes inseparable dofs!
CalculateLoads: temperature Flux over BC 2: -7.29836E-02
WARNING:: CalculateLoads: Boundary 3 includes inseparable dofs!
CalculateLoads: temperature Flux over BC 3: -2.61911E-01
CalculateLoads: temperature Flux over all BCs: -4.55962E-01
ComputeNorm: Computing norm of solution
ComputeChange: NS (ITER=1) (NRM,RELC): (  522.20784     0.84409556E-09 ) :: heat equation
HeatSolve: iter:    1 Assembly: (s)    0.67    0.67
HeatSolve: iter:    1 Solve:    (s)    0.20    0.20
HeatSolve:  Result Norm   :    522.20783675446216
HeatSolve:  Relative Change :    8.4409555716983316E-010
DefaultFinish: Finished solver: heat equation
ComputeNorm: Computing norm of solution
ComputeChange: SS (ITER=17) (NRM,RELC): (  522.20784     0.84409556E-09 ) :: heat equation
SingleSolver: Attempting to call solver: 0
SingleSolver: Solver Equation string is: internalvtuoutputsolver
ResultOutputSolver: -------------------------------------
ResultOutputSolver: Dimension of mesh is: 3
ResultOutputSolver: Working on mesh 1: neck with 10828 nodes
ResultOutputSolver: Saving in unstructured VTK XML (.vtu) format
VtuOutputSolver: Full filename base is: neck/neck
GenerateSaveMask: Number of active elements 61090 out of 61090
GenerateSaveMask: Number of geometry nodes 10828 out of 10828
VtuOutputSolver: Setting offset for boundary entities: 100
VtuOutputSolver: Writing the vtu file: neck/neck_t0017.vtu
AscBinWriteInit: Initializing buffered ascii/binary writing
AscBinWriteInit: Writing in binary
AscBinWriteInit: Writing in double precision
AscBinWriteInit: Writing to unit number: 58
AscBinWriteInit: Size of buffer is: 10828
WriteVtuFile: Writing nodal fields
WriteVtuFile: Saving 1-component variable: potential
WriteVtuFile: Saving 1-component variable: joule heating
WriteVtuFile: Saving 1-component variable: temperature
WriteVtuFile: Saving 1-component variable: temperature loads
WriteVtuFile: Saving 3-component variable: volume current
WriteVtuFile: Number of nodal fields written: 5
WriteVtuFile: Writing elemental fields
WriteVtuFile: Number of elemental fields written: 0
WriteVtuFile: Writing entity IDs for bodies and boundaries
WriteVtuFile: Writing coordinates for each used node
WriteVtuFile: Writing the elemental connectivity data
WriteVtuFile: Writing nodal fields
WriteVtuFile: Saving 1-component variable: potential
WriteVtuFile: Saving 1-component variable: joule heating
WriteVtuFile: Saving 1-component variable: temperature
WriteVtuFile: Saving 1-component variable: temperature loads
WriteVtuFile: Saving 3-component variable: volume current
WriteVtuFile: Writing elemental fields
AscBinWriteFree: Terminating buffered ascii/binary writing
VtuOutputSolver: All done for now
ResultOutputSolver: -------------------------------------
SingleSolver: Attempting to call solver: 3
SingleSolver: Solver Equation string is: savescalars
SaveScalars: -----------------------------------------
SaveScalars: Saving scalar values of various kinds
SaveScalars: Performed 5 reduction operations
SaveScalars: Found 4 result scalars in simulation section
SaveScalars: Found 15 values to save in total
SaveScalars: Saving names of values to file: ./scalars.dat.names
SaveScalars: Saving values to file: ./scalars.dat
SaveScalars: -----------------------------------------
ReloadInputFile: Reloading input file
LoadInputFile: Loading input file:
MAIN: Reporting unused list entries for sif improvement!
MAIN: If you do not want these lines undefine > DEVEL_LISTUSAGE < !
   Unused keywords:
MAIN: *** Elmer Solver: ALL DONE ***
Loading user function library: [StatCurrentSolve]...[StatCurrentSolver_Finalize]
Loading user function library: [StatCurrentSolve]...[StatCurrentSolver_Finalize]
Loading user function library: [HeatSolve]...[HeatSolver_Finalize]
Loading user function library: [HeatSolve]...[HeatSolver_Finalize]
Loading user function library: [SaveData]...[SaveScalars_Finalize]
Loading user function library: [SaveData]...[SaveScalars_Finalize]
Loading user function library: [ResultOutputSolve]...[ResultOutputSolver_Finalize]
Loading user function library: [ResultOutputSolve]...[ResultOutputSolver_Finalize]
MAIN: The end
SOLVER TOTAL TIME(CPU,REAL):        19.54       21.26
ELMER SOLVER FINISHED AT: 2026/09/14 09:58:36

--- stderr ---
