status=SCHEMA_AND_EVIDENCE_OK
planned_kind=DiodeShort
declared_mutation_s=6.54166666666699981e-1
observed_injection_s=6.54166666170675426e-1
prefault_rows=424465
original_rows=32309024
equal_time_groups=46
equal_time_raw_rows=200
logic_changes=0
equal_group_cap=1024
equal_group_row_cap=4096
detector_rise_s=6.57287927001830030e-1
latch_off_s=6.57288691666700009e-1
channel_peak_after_injection_a=3.54141942233256032e2
channel_last_above_0.10a_after_injection_s=6.57288237473901193e-1
channel_peak_after_detector_a=2.31156210461483170e2
channel_last_above_0.10a_after_detector_s=6.57288237473901193e-1
channel_peak_after_latch_a=1.42894758149266813e-10
channel_last_above_0.10a_after_latch_s=none
body_peak_after_injection_a=1.62054254721500598e2
lboost_peak_after_injection_a=7.85157619000814861e1
f2_branch_peak_after_injection_a=2.29126675524141405e2
dboost1_branch_peak_after_injection_a=3.26500480860684067e5
dboost2_branch_peak_after_injection_a=9.09584640269840747e3
equal_group_time_s=5.09904583149746404e-1 threshold_crossing=false left=row_index=23174520:5.09904583149746293e-1,-2.19157710461130062e0,9.25567537451237570e1,4.16637372168305387e0,3.77323372959361564e2,3.77353161646700414e2,4.16636210225066428e0,3.77421978153118630e2,3.78657518223488353e2,-1.10475909239621093e-5,5.00000000000000000e0,4.99999999999999378e0,0.00000000000000000e0,2.87930395083789925e0,2.58173731470845214e0,5.00000000000000000e0,8.09855515981894314e-1,2.42956654794568294e0,2.20000120483270534e0,1.49999999999999716e1,-2.57765194871577310e-7,1.94425332711301024e-6,-6.40121578063895931e-26,-4.51798396041372119e-2,4.99999999499999936e-9,0.00000000000000000e0,0.00000000000000000e0,0.00000000000000000e0,1.04086116764480027e-1,5.00222136612262447e-1,1.37519011399991764e0,-9.47483308497350549e1,3.78657518223488010e-10,1.24773644972551395e-9,5.00000000000000000e0,0.00000000000000000e0,5.00000000000000000e0,5.00000000000000000e0,4.58776709454772025e0,2.08319278324841273e0,2.08319270823478053e0,0.00000000000000000e0 group=row_index=23174521:5.09904583149746404e-1,-2.19157710526578908e0,9.25567537444732409e1,4.16637372154236640e0,3.77323372959361677e2,3.77353161646700528e2,4.16636210213947589e0,3.77421978153117266e2,3.78657518223484658e2,-1.10475909527131282e-5,5.00000000000000000e0,4.99999999999999378e0,0.00000000000000000e0,2.87930395083789969e0,2.58173731470795786e0,5.00000000000000000e0,8.09856071093406626e-1,2.42956821328021988e0,2.20000271281279769e0,1.49999999999999716e1,-2.01993259742731548e-7,1.94425332722403255e-6,-6.40076953593241870e-26,-4.51798396030252819e-2,4.99999999499999936e-9,0.00000000000000000e0,0.00000000000000000e0,0.00000000000000000e0,1.04086116764480305e-1,5.00222136612262669e-1,1.37519011399991808e0,-9.47483308497390340e1,3.78657518223484236e-10,1.23856356488844619e-9,5.00000000000000000e0,0.00000000000000000e0,5.00000000000000000e0,5.00000000000000000e0,4.58776709444919106e0,2.08319271101755765e0,2.08319267504840067e0,0.00000000000000000e0;row_index=23174522:5.09904583149746404e-1,-2.19157710542484496e0,9.25567537443142072e1,4.16637372147311602e0,3.77323372959361791e2,3.77353161646700642e2,4.16636210207970414e0,3.77421978153116527e2,3.78657518223482839e2,-1.10475909658570890e-5,5.00000000000000000e0,4.99999999999999378e0,0.00000000000000000e0,2.87930395083789969e0,2.58173731470769230e0,5.00000000000000000e0,8.09856071093406626e-1,2.42956821328021988e0,2.20000271281279769e0,1.49999999999999716e1,-1.72011908073361685e-7,1.94425332722403255e-6,-6.40052966076146900e-26,-4.51798396024275586e-2,4.99999999499999936e-9,0.00000000000000000e0,0.00000000000000000e0,0.00000000000000000e0,1.04086116764479791e-1,5.00222136612262669e-1,1.37519011399991808e0,-9.47483308497390482e1,3.78657518223482478e-10,1.26612095627515763e-9,5.00000000000000000e0,0.00000000000000000e0,5.00000000000000000e0,5.00000000000000000e0,4.58776709439234764e0,2.08319279595205176e0,2.08319267631205207e0,0.00000000000000000e0;row_index=23174523:5.09904583149746404e-1,-2.19157710284483365e0,9.25567537468942021e1,4.16637372140231133e0,3.77323372959361905e2,3.77353161646700755e2,4.16636210200484047e0,3.77421978153115504e2,3.78657518223480679e2,-1.10475909821001706e-5,5.00000000000000000e0,4.99999999999999378e0,0.00000000000000000e0,2.87930395083789969e0,2.58173731470735968e0,5.00000000000000000e0,8.09856071093406626e-1,2.42956821328021988e0,2.20000271281279769e0,1.49999999999999716e1,-1.34461071942250960e-7,1.94425332722403255e-6,-6.40022923624489162e-26,-4.51798396016789144e-2,4.99999999499999936e-9,0.00000000000000000e0,0.00000000000000000e0,0.00000000000000000e0,1.04086116764478306e-1,5.00222136612262558e-1,1.37519011399991831e0,-9.47483308497390340e1,3.78657518223480307e-10,1.23341427394025787e-9,5.00000000000000000e0,0.00000000000000000e0,5.00000000000000000e0,5.00000000000000000e0,4.58776709431655672e0,2.08319270750538799e0,2.08319269080585867e0,0.00000000000000000e0 right=row_index=23174524:5.09904583149746515e-1,-2.19157710644799852e0,9.25567537432950616e1,4.16637372127209371e0,3.77323372959362018e2,3.77353161646700869e2,4.16636210185511491e0,3.77421978153113514e2,3.78657518223476018e2,-1.10475910182585942e-5,5.00000000000000000e0,4.99999999999999378e0,0.00000000000000000e0,2.87930395083790103e0,2.58173731470669532e0,5.00000000000000000e0,8.09856626204918939e-1,2.42956987861475682e0,2.20000422079289004e0,1.49999999999999716e1,-5.93593999876809224e-8,1.94425332733505485e-6,-6.39962842951422679e-26,-4.51798396001816191e-2,4.99999999499999936e-9,0.00000000000000000e0,0.00000000000000000e0,0.00000000000000000e0,1.04086116764478154e-1,5.00222136612263002e-1,1.37519011399991986e0,-9.47483308497430556e1,3.78657518223475654e-10,1.19386663600647256e-9,5.00000000000000000e0,0.00000000000000000e0,5.00000000000000000e0,5.00000000000000000e0,4.58776709417634265e0,2.08319271963345720e0,2.08319271340051904e0,0.00000000000000000e0
equal_group_time_s=5.09927824809373154e-1 threshold_crossing=false left=row_index=23175720:5.09927824809373043e-1,-2.21724757420771823e0,9.37610472837074838e1,4.24440487881462403e0,3.77315745103762538e2,3.77345533188902266e2,4.24439338944201694e0,3.77415483611005016e2,3.78652475902387380e2,-1.23841820671591213e-5,5.00000000000000000e0,4.99999999999999378e0,0.00000000000000000e0,2.87940450460704600e0,2.61334558169835551e0,5.00000000000000000e0,8.09853850647357376e-1,2.42956155194207213e0,2.19999668089242784e0,1.49999999999999716e1,-3.61075597833545447e-7,1.94937271968953496e-6,7.93165148800765963e-27,-4.59454151530751739e-2,4.99999999499999936e-9,0.00000000000000000e0,0.00000000000000000e0,0.00000000000000000e0,1.04086116764477557e-1,5.00253609942005295e-1,1.37530635259247158e0,-9.59782948579152020e1,3.78652475902387040e-10,1.24594761652165669e-9,5.00000000000000000e0,0.00000000000000000e0,5.00000000000000000e0,5.00000000000000000e0,4.66336147351664021e0,2.12220823398882708e0,2.12220821636979018e0,0.00000000000000000e0 group=row_index=23175721:5.09927824809373154e-1,-2.21724757398078021e0,9.37610472839423892e1,4.24440487869455296e0,3.77315745103762708e2,3.77345533188902436e2,4.24439338928408727e0,3.77415483611002969e2,3.78652475902382378e2,-1.23841821045576080e-5,5.00000000000000000e0,4.99999999999999378e0,0.00000000000000000e0,2.87940450460704644e0,2.61334558169764009e0,5.00000000000000000e0,8.09854405758869689e-1,2.42956321727660907e0,2.19999818887252019e0,1.49999999999999716e1,-2.81524963605380482e-7,1.94937271980055726e-6,7.93086281729599396e-27,-4.59454151514958331e-2,4.99999999499999936e-9,0.00000000000000000e0,0.00000000000000000e0,0.00000000000000000e0,1.04086116764476835e-1,5.00253609942005517e-1,1.37530635259247225e0,-9.59782948579231743e1,3.78652475902381973e-10,1.26056110506770504e-9,5.00000000000000000e0,0.00000000000000000e0,5.00000000000000000e0,5.00000000000000000e0,4.66336147336884732e0,2.12220819946494244e0,2.12220818952150392e0,0.00000000000000000e0;row_index=23175722:5.09927824809373154e-1,-2.21724757496454705e0,9.37610472829586428e1,4.24440487858539850e0,3.77315745103762822e2,3.77345533188902550e2,4.24439338920092712e0,3.77415483611001832e2,3.78652475902379877e2,-1.23841821234160207e-5,5.00000000000000000e0,4.99999999999999378e0,0.00000000000000000e0,2.87940450460704600e0,2.61334558169726350e0,5.00000000000000000e0,8.09854405758869689e-1,2.42956321727660907e0,2.19999818887252019e0,1.49999999999999716e1,-2.39636287840807597e-7,1.94937271980055726e-6,7.93044756146791293e-27,-4.59454151506641997e-2,4.99999999499999936e-9,0.00000000000000000e0,0.00000000000000000e0,0.00000000000000000e0,1.04086116764476655e-1,5.00253609942005406e-1,1.37530635259247180e0,-9.59782948579231885e1,3.78652475902379440e-10,1.27375670516008226e-9,5.00000000000000000e0,0.00000000000000000e0,5.00000000000000000e0,5.00000000000000000e0,4.66336147328547668e0,2.12220818318511473e0,2.12220820789359355e0,0.00000000000000000e0 right=row_index=23175723:5.09927824809373265e-1,-2.21724757503960879e0,9.37610472828875459e1,4.24440487843691017e0,3.77315745103762993e2,3.77345533188902721e2,4.24439338909284203e0,3.77415483611000241e2,3.78652475902376580e2,-1.23841821468263189e-5,5.00000000000000000e0,4.99999999999999378e0,0.00000000000000000e0,2.87940450460704511e0,2.61334558169677411e0,5.00000000000000000e0,8.09854960870382001e-1,2.42956488261114600e0,2.19999969685261254e0,1.49999999999999716e1,-1.85193402833839177e-7,1.94937271991157957e-6,7.92990788424343305e-27,-4.59454151495833144e-2,4.99999999499999936e-9,0.00000000000000000e0,0.00000000000000000e0,0.00000000000000000e0,1.04086116764476877e-1,5.00253609942005184e-1,1.37530635259247047e0,-9.59782948579271533e1,3.78652475902376183e-10,1.23913400495625868e-9,5.00000000000000000e0,0.00000000000000000e0,5.00000000000000000e0,5.00000000000000000e0,4.66336147316800087e0,2.12220819825675910e0,2.12220820011912714e0,0.00000000000000000e0
equal_group_time_s=5.15086342368483274e-1 threshold_crossing=false left=row_index=23441516:5.15086342368483163e-1,-2.10419500826008399e0,9.31252342203500376e1,3.90107526022412632e0,3.80073342364173129e2,3.80103348154359708e2,3.90106576122627757e0,3.80168295547710329e2,3.81398800244122697e2,-1.65130984459275262e-5,5.00000000000000000e0,4.99999999999999378e0,0.00000000000000000e0,2.87827206134892144e0,2.60966265117626506e0,5.00000000000000000e0,8.09854960870382001e-1,2.42956488261114600e0,2.19999969685261254e0,1.49999999999999716e1,-7.32994053033378960e-7,1.95499986643810075e-6,2.66806122142845798e-25,-4.25531449999637726e-2,4.99999999499999936e-9,0.00000000000000000e0,0.00000000000000000e0,0.00000000000000000e0,1.04086116764473033e-1,4.99899155202212397e-1,1.37399754967192833e0,-9.52294292286101154e1,3.81398800244122326e-10,1.23574796833634856e-9,5.00000000000000000e0,0.00000000000000000e0,5.00000000000000000e0,5.00000000000000000e0,4.32982622337476641e0,1.95054489422959221e0,1.95054489003422904e0,0.00000000000000000e0 group=row_index=23441517:5.15086342368483274e-1,-2.10419500892320199e0,9.31252342196789158e1,3.90107526006689120e0,3.80073342364173357e2,3.80103348154359935e2,3.90106576106020775e0,3.80168295547708112e2,3.81398800244117524e2,-1.65130984817925884e-5,5.00000000000000000e0,4.99999999999999378e0,0.00000000000000000e0,2.87827206134892188e0,2.60966265117522633e0,5.00000000000000000e0,8.09855515981894314e-1,2.42956654794568294e0,2.20000120483270534e0,1.49999999999999716e1,-6.50317364297195627e-7,1.95499986654912306e-6,2.66778550257801781e-25,-4.25531449983031357e-2,4.99999999499999936e-9,0.00000000000000000e0,0.00000000000000000e0,0.00000000000000000e0,1.04086116764473463e-1,4.99899155202212508e-1,1.37399754967192878e0,-9.52294292286021147e1,3.81398800244117104e-10,1.22112326670374162e-9,5.00000000000000000e0,0.00000000000000000e0,5.00000000000000000e0,5.00000000000000000e0,4.32982622321181587e0,1.95054487049585767e0,1.95054488799095438e0,0.00000000000000000e0;row_index=23441518:5.15086342368483274e-1,-2.10419500859556807e0,9.31252342200065328e1,3.90107525995418847e0,3.80073342364173357e2,3.80103348154359935e2,3.90106576097661994e0,3.80168295547707032e2,3.81398800244114909e2,-1.65130984995516743e-5,5.00000000000000000e0,4.99999999999999378e0,0.00000000000000000e0,2.87827206134892188e0,2.60966265117470275e0,5.00000000000000000e0,8.09855515981894314e-1,2.42956654794568294e0,2.20000120483270534e0,1.49999999999999716e1,-6.08703681056105030e-7,1.95499986654912306e-6,2.66764673570353458e-25,-4.25531449974672835e-2,4.99999999499999936e-9,0.00000000000000000e0,0.00000000000000000e0,0.00000000000000000e0,1.04086116764472533e-1,4.99899155202212564e-1,1.37399754967192878e0,-9.52294292286021005e1,3.81398800244114571e-10,1.21564967771627474e-9,5.00000000000000000e0,0.00000000000000000e0,5.00000000000000000e0,5.00000000000000000e0,4.32982622313981391e0,1.95054488328299636e0,1.95054488072823751e0,0.00000000000000000e0 right=row_index=23441519:5.15086342368483385e-1,-2.10419500779741941e0,9.31252342207967416e1,3.90107525986788062e0,3.80073342364173413e2,3.80103348154359992e2,3.90106576086850909e0,3.80168295547705554e2,3.81398800244111385e2,-1.65130985235408705e-5,5.00000000000000000e0,4.99999999999999378e0,0.00000000000000000e0,2.87827206134892144e0,2.60966265117402507e0,5.00000000000000000e0,8.09856071093406626e-1,2.42956821328021988e0,2.20000271281279769e0,1.49999999999999716e1,-5.54881587554136990e-7,1.95499986666014536e-6,2.66746726881517067e-25,-4.25531449963862177e-2,4.99999999499999936e-9,0.00000000000000000e0,0.00000000000000000e0,0.00000000000000000e0,1.04086116764470465e-1,4.99899155202212453e-1,1.37399754967192833e0,-9.52294292285941566e1,3.81398800244111004e-10,1.22978017282755831e-9,5.00000000000000000e0,0.00000000000000000e0,5.00000000000000000e0,5.00000000000000000e0,4.32982622303749576e0,1.95054494944204948e0,1.95054488275166249e0,0.00000000000000000e0
equal_group_time_s=5.15101821300637752e-1 threshold_crossing=false left=row_index=23442329:5.15101821300637641e-1,-2.09498908865183653e0,9.23131316351454956e1,3.87315588926324939e0,3.80067667506903319e2,3.80097672849074854e2,3.87314632132365189e0,3.80162212122924757e2,3.81392177540044770e2,-1.22602792908127800e-5,5.00000000000000000e0,4.99999999999999378e0,0.00000000000000000e0,2.87821700095013799e0,2.59005684735847685e0,5.00000000000000000e0,8.09850519978283501e-1,2.42955155993485050e0,2.19998763301187283e0,1.49999999999999716e1,-3.11540726318546257e-7,1.94290519817119645e-6,6.77153121284341275e-27,-4.22837067373562497e-2,4.99999999499999936e-9,0.00000000000000000e0,0.00000000000000000e0,0.00000000000000000e0,1.04086116764476377e-1,4.99881921297393172e-1,1.37393393039261524e0,-9.44081207237973388e1,3.81392177540044377e-10,1.30572287795045895e-9,5.00000000000000000e0,0.00000000000000000e0,5.00000000000000000e0,5.00000000000000000e0,4.30261825666017739e0,1.93658524458038062e0,1.93658521639803149e0,0.00000000000000000e0 group=row_index=23442330:5.15101821300637752e-1,-2.09498908925761285e0,9.23131316345357078e1,3.87315588912976061e0,3.80067667506903547e2,3.80097672849075082e2,3.87314632115854485e0,3.80162212122922483e2,3.81392177540039427e2,-1.22602793309975172e-5,5.00000000000000000e0,4.99999999999999378e0,0.00000000000000000e0,2.87821700095013844e0,2.59005684735747410e0,5.00000000000000000e0,8.09851075089795813e-1,2.42955322526938744e0,2.19998914099196519e0,1.49999999999999716e1,-2.29570890813306355e-7,1.94290519828221875e-6,6.77083742172468245e-27,-4.22837067357052718e-2,4.99999999499999936e-9,0.00000000000000000e0,0.00000000000000000e0,0.00000000000000000e0,1.04086116764476003e-1,4.99881921297393339e-1,1.37393393039261591e0,-9.44081207237933171e1,3.81392177540039000e-10,1.30714622028015583e-9,5.00000000000000000e0,0.00000000000000000e0,5.00000000000000000e0,5.00000000000000000e0,4.30261825649343699e0,1.93658525884729160e0,1.93658521833521768e0,0.00000000000000000e0;row_index=23442331:5.15101821300637752e-1,-2.09498908925243210e0,9.23131316345408806e1,3.87315588894303531e0,3.80067667506903547e2,3.80097672849075082e2,3.87314632107178625e0,3.80162212122921346e2,3.81392177540036641e2,-1.22602793523193101e-5,5.00000000000000000e0,4.99999999999999378e0,0.00000000000000000e0,2.87821700095013888e0,2.59005684735694697e0,5.00000000000000000e0,8.09851075089795813e-1,2.42955322526938744e0,2.19998914099196519e0,1.49999999999999716e1,-1.86498225414595763e-7,1.94290519828221875e-6,6.77047288399820003e-27,-4.22837067348377296e-2,4.99999999499999936e-9,0.00000000000000000e0,0.00000000000000000e0,0.00000000000000000e0,1.04086116764475753e-1,4.99881921297393450e-1,1.37393393039261635e0,-9.44081207237933171e1,3.81392177540036312e-10,1.30581233963296295e-9,5.00000000000000000e0,0.00000000000000000e0,5.00000000000000000e0,5.00000000000000000e0,4.30261825641764517e0,1.93658517516407125e0,1.93658520082545671e0,0.00000000000000000e0 right=row_index=23442332:5.15101821300637863e-1,-2.09498908918750759e0,9.23131316345977808e1,3.87315588884974993e0,3.80067667506903490e2,3.80097672849075025e2,3.87314632095870381e0,3.80162212122919982e2,3.81392177540032947e2,-1.22602793807565693e-5,5.00000000000000000e0,4.99999999999999378e0,0.00000000000000000e0,2.87821700095013933e0,2.59005684735626041e0,5.00000000000000000e0,8.09851630201308126e-1,2.42955489060392438e0,2.19999064897205754e0,1.49999999999999716e1,-1.30356838047963772e-7,1.94290519839324105e-6,6.76999777096326835e-27,-4.22837067337069675e-2,4.99999999499999936e-9,0.00000000000000000e0,0.00000000000000000e0,0.00000000000000000e0,1.04086116764476461e-1,4.99881921297393561e-1,1.37393393039261702e0,-9.44081207237852880e1,3.81392177540032537e-10,1.29725818683619083e-9,5.00000000000000000e0,0.00000000000000000e0,5.00000000000000000e0,5.00000000000000000e0,4.30261825633048556e0,1.93658529037597238e0,1.93658523612291211e0,0.00000000000000000e0
equal_group_time_s=5.18238759120075443e-1 threshold_crossing=false left=row_index=23587328:5.18238759120075332e-1,9.38496729543299892e1,-9.43378452408692003e-1,-4.18949211820580558e0,3.77781218101128786e2,3.77811042934136708e2,4.18948048759144953e0,3.77880216467713296e2,3.79116188093000062e2,-1.23635408693762556e-5,5.00000000000000000e0,4.99999999999999378e0,0.00000000000000000e0,2.88018813353907976e0,2.59217043820853110e0,5.00000000000000000e0,8.09855515981894314e-1,2.42956654794568294e0,2.20000120483270534e0,1.49999999999999716e1,-3.48917408690309986e-7,1.94779303652747871e-6,-4.55775210296174158e-24,-4.54162277464235098e-2,4.99999999499999936e-9,0.00000000000000000e0,0.00000000000000000e0,0.00000000000000000e0,1.04086116764484038e-1,5.00498885797732052e-1,1.37621238375703303e0,9.47930514067386838e1,3.79116188092999685e-10,1.24143288240260247e-9,5.00000000000000000e0,0.00000000000000000e0,5.00000000000000000e0,5.00000000000000000e0,4.61156890510589346e0,2.09475190818481982e0,2.09475190000858280e0,0.00000000000000000e0 group=row_index=23587329:5.18238759120075443e-1,9.38496729545982333e1,-9.43378452144430280e-1,-4.18949211801651700e0,3.77781218101128900e2,3.77811042934136822e2,4.18948048743001689e0,3.77880216467711193e2,3.79116188092994889e2,-1.23635409077412713e-5,5.00000000000000000e0,4.99999999999999378e0,0.00000000000000000e0,2.88018813353908021e0,2.59217043820780813e0,5.00000000000000000e0,8.09856071093406626e-1,2.42956821328021988e0,2.20000271281279769e0,1.49999999999999716e1,-2.68062412206965719e-7,1.94779303663850101e-6,-4.55729147992703576e-24,-4.54162277448091206e-2,4.99999999499999936e-9,0.00000000000000000e0,0.00000000000000000e0,0.00000000000000000e0,1.04086116764483524e-1,5.00498885797732163e-1,1.37621238375703370e0,9.47930514067426628e1,3.79116188092994464e-10,1.26504516764745334e-9,5.00000000000000000e0,0.00000000000000000e0,5.00000000000000000e0,5.00000000000000000e0,4.61156890495810057e0,2.09475186113832779e0,2.09475187499859317e0,0.00000000000000000e0;row_index=23587330:5.18238759120075443e-1,9.38496729547419051e1,-9.43378452000761869e-1,-4.18949211787747799e0,3.77781218101129014e2,3.77811042934136935e2,4.18948048734510703e0,3.77880216467710056e2,3.79116188092992218e2,-1.23635409279979439e-5,5.00000000000000000e0,4.99999999999999378e0,0.00000000000000000e0,2.88018813353908021e0,2.59217043820742798e0,5.00000000000000000e0,8.09856071093406626e-1,2.42956821328021988e0,2.20000271281279769e0,1.49999999999999716e1,-2.25534765753107246e-7,1.94779303663850101e-6,-4.55704922275131674e-24,-4.54162277439599874e-2,4.99999999499999936e-9,0.00000000000000000e0,0.00000000000000000e0,0.00000000000000000e0,1.04086116764483053e-1,5.00498885797732274e-1,1.37621238375703370e0,9.47930514067426628e1,3.79116188092991827e-10,1.25484008825822312e-9,5.00000000000000000e0,0.00000000000000000e0,5.00000000000000000e0,5.00000000000000000e0,4.61156890487472992e0,2.09475187393558882e0,2.09475190411445000e0,0.00000000000000000e0 right=row_index=23587331:5.18238759120075554e-1,9.38496729536459497e1,-9.43378453104738335e-1,-4.18949211779408870e0,3.77781218101129184e2,3.77811042934137106e2,4.18948048723457944e0,3.77880216467708578e2,3.79116188092988750e2,-1.23635409536526034e-5,5.00000000000000000e0,4.99999999999999378e0,0.00000000000000000e0,2.88018813353907976e0,2.59217043820693327e0,5.00000000000000000e0,8.09856626204918939e-1,2.42956987861475682e0,2.20000422079289004e0,1.49999999999999716e1,-1.70175603804281782e-7,1.94779303674952331e-6,-4.55673389061013888e-24,-4.54162277428546632e-2,4.99999999499999936e-9,0.00000000000000000e0,0.00000000000000000e0,0.00000000000000000e0,1.04086116764482817e-1,5.00498885797732052e-1,1.37621238375703325e0,9.47930514067506920e1,3.79116188092988363e-10,1.24059312925459161e-9,5.00000000000000000e0,0.00000000000000000e0,5.00000000000000000e0,5.00000000000000000e0,4.61156890476483294e0,2.09475191629205781e0,2.09475190114374454e0,0.00000000000000000e0
equal_group_time_s=5.26565165799687374e-1 threshold_crossing=false left=row_index=23999475:5.26565165799687263e-1,-2.16653264425240266e0,9.22586228971046864e1,4.09028528085554388e0,3.78213296210493297e2,3.78243155154930946e2,4.09027359201184915e0,3.78310852526814017e2,3.79544964302935171e2,-4.71231200653059277e-6,5.00000000000000000e0,4.99999999999999378e0,0.00000000000000000e0,2.88096779743307962e0,2.56441593225104292e0,5.00000000000000000e0,8.09851075089795813e-1,2.42955322526938744e0,2.19998914099196519e0,1.49999999999999716e1,3.75868049331263475e-7,1.92755544026201875e-6,1.90548474010696297e-25,-4.44332942123586913e-2,4.99999999499999936e-9,0.00000000000000000e0,0.00000000000000000e0,0.00000000000000000e0,1.04086116764471159e-1,5.00742920596554009e-1,1.37711412662876342e0,-9.44251555413570856e1,3.79544964302934748e-10,1.25395186222402295e-9,5.00000000000000000e0,0.00000000000000000e0,5.00000000000000000e0,5.00000000000000000e0,4.51315812553806062e0,2.04514857046155374e0,2.04514854755498554e0,0.00000000000000000e0 group=row_index=23999476:5.26565165799687374e-1,-2.16653264425670322e0,9.22586228971043880e1,4.09028528066639563e0,3.78213296210493354e2,3.78243155154931003e2,4.09027359185543027e0,3.78310852526811914e2,3.79544964302930225e2,-4.71231204937779083e-6,5.00000000000000000e0,4.99999999999999378e0,0.00000000000000000e0,2.88096779743308007e0,2.56441593225032616e0,5.00000000000000000e0,8.09851630201308126e-1,2.42955489060392438e0,2.19999064897205754e0,1.49999999999999716e1,4.54004899894893060e-7,1.92755544037304105e-6,1.90529863846391873e-25,-4.44332942107945328e-2,4.99999999499999936e-9,0.00000000000000000e0,0.00000000000000000e0,0.00000000000000000e0,1.04086116764470910e-1,5.00742920596554120e-1,1.37711412662876431e0,-9.44251555413610930e1,3.79544964302929888e-10,1.23177679599405722e-9,5.00000000000000000e0,0.00000000000000000e0,5.00000000000000000e0,5.00000000000000000e0,4.51315812539405670e0,2.04514857786589710e0,2.04514852654697732e0,0.00000000000000000e0;row_index=23999477:5.26565165799687374e-1,-2.16653264385346755e0,9.22586228975076210e1,4.09028528062225760e0,3.78213296210493354e2,3.78243155154931003e2,4.09027359177283056e0,3.78310852526810891e2,3.79544964302927553e2,-4.71231207211179176e-6,5.00000000000000000e0,4.99999999999999378e0,0.00000000000000000e0,2.88096779743308007e0,2.56441593224994779e0,5.00000000000000000e0,8.09851630201308126e-1,2.42955489060392438e0,2.19999064897205754e0,1.49999999999999716e1,4.95266320766412727e-7,1.92755544037304105e-6,1.90520037183059900e-25,-4.44332942099685616e-2,4.99999999499999936e-9,0.00000000000000000e0,0.00000000000000000e0,0.00000000000000000e0,1.04086116764470771e-1,5.00742920596554120e-1,1.37711412662876431e0,-9.44251555413610930e1,3.79544964302927200e-10,1.23357526856300945e-9,5.00000000000000000e0,0.00000000000000000e0,5.00000000000000000e0,5.00000000000000000e0,4.51315812532584459e0,2.04514855280740537e0,2.04514851819261434e0,0.00000000000000000e0 right=row_index=23999478:5.26565165799687485e-1,-2.16653264328379080e0,9.22586228980853349e1,4.09028528046841267e0,3.78213296210493354e2,3.78243155154931003e2,4.09027359166590543e0,3.78310852526809526e2,3.79544964302924086e2,-4.71231210292939571e-6,5.00000000000000000e0,4.99999999999999378e0,0.00000000000000000e0,2.88096779743308007e0,2.56441593224945752e0,5.00000000000000000e0,8.09852185312820438e-1,2.42955655593846132e0,2.19999215695215034e0,1.49999999999999716e1,5.48678931969528788e-7,1.92755544048406335e-6,1.90507317390996493e-25,-4.44332942088993404e-2,4.99999999499999936e-9,0.00000000000000000e0,0.00000000000000000e0,0.00000000000000000e0,1.04086116764471479e-1,5.00742920596554120e-1,1.37711412662876431e0,-9.44251555413691221e1,3.79544964302923736e-10,1.23025723255475199e-9,5.00000000000000000e0,0.00000000000000000e0,5.00000000000000000e0,5.00000000000000000e0,4.51315812523489512e0,2.04514858327817928e0,2.04514855252442507e0,0.00000000000000000e0
equal_group_time_s=5.26580672095010804e-1 threshold_crossing=false left=row_index=24000300:5.26580672095010693e-1,-2.19639004774934632e0,9.30514560539250795e1,4.18100063312654235e0,3.78207967355096173e2,3.78237825878834713e2,4.18098903372101116e0,3.78306867252609777e2,3.79542680495305774e2,-1.04569191179588383e-5,5.00000000000000000e0,4.99999999999999378e0,0.00000000000000000e0,2.88103392393951774e0,2.58529799984166386e0,5.00000000000000000e0,8.09855515981894314e-1,2.42956654794568294e0,2.20000120483270534e0,1.49999999999999716e1,-2.00717517207776579e-7,1.94282394094802413e-6,8.21289993245817548e-26,-4.53308842802351494e-2,4.99999999499999936e-9,0.00000000000000000e0,0.00000000000000000e0,0.00000000000000000e0,1.04086116764482497e-1,5.00763618193069138e-1,1.37719062074247112e0,-9.52478461016744262e1,3.79542680495305370e-10,1.20437785392886872e-9,5.00000000000000000e0,0.00000000000000000e0,5.00000000000000000e0,5.00000000000000000e0,4.60275825167097263e0,2.09050618246434849e0,2.09050618362591401e0,0.00000000000000000e0 group=row_index=24000301:5.26580672095010804e-1,-2.19639004778968339e0,9.30514560538887707e1,4.18100063297127900e0,3.78207967355096230e2,3.78237825878834769e2,4.18098903360760854e0,3.78306867252608470e2,3.79542680495302136e2,-1.04569191462188051e-5,5.00000000000000000e0,4.99999999999999378e0,0.00000000000000000e0,2.88103392393951729e0,2.58529799984116115e0,5.00000000000000000e0,8.09856071093406626e-1,2.42956821328021988e0,2.20000271281279769e0,1.49999999999999716e1,-1.43913267772648356e-7,1.94282394105904643e-6,8.21231679361106851e-26,-4.53308842791010844e-2,4.99999999499999936e-9,0.00000000000000000e0,0.00000000000000000e0,0.00000000000000000e0,1.04086116764481165e-1,5.00763618193068916e-1,1.37719062074247023e0,-9.52478461016784479e1,3.79542680495301751e-10,1.19042369137868158e-9,5.00000000000000000e0,0.00000000000000000e0,5.00000000000000000e0,5.00000000000000000e0,4.60275825158002316e0,2.09050618560430745e0,2.09050615110515059e0,0.00000000000000000e0;row_index=24000302:5.26580672095010804e-1,-2.19639004591278297e0,9.30514560557656552e1,4.18100063304449954e0,3.78207967355096173e2,3.78237825878834713e2,4.18098903354680385e0,3.78306867252607674e2,3.79542680495300203e2,-1.04569191605757425e-5,5.00000000000000000e0,4.99999999999999378e0,0.00000000000000000e0,2.88103392393951685e0,2.58529799984089159e0,5.00000000000000000e0,8.09856071093406626e-1,2.42956821328021988e0,2.20000271281279769e0,1.49999999999999716e1,-1.13455900408286293e-7,1.94282394105904643e-6,8.21200414260889029e-26,-4.53308842784930222e-2,4.99999999499999936e-9,0.00000000000000000e0,0.00000000000000000e0,0.00000000000000000e0,1.04086116764480929e-1,5.00763618193068694e-1,1.37719062074247023e0,-9.52478461016784337e1,3.79542680495299839e-10,1.17935979648664039e-9,5.00000000000000000e0,0.00000000000000000e0,5.00000000000000000e0,5.00000000000000000e0,4.60275825153075857e0,2.09050614269740187e0,2.09050617325696741e0,0.00000000000000000e0;row_index=24000303:5.26580672095010804e-1,-2.19639004662017134e0,9.30514560550582814e1,4.18100063287224710e0,3.78207967355096173e2,3.78237825878834713e2,4.18098903347045336e0,3.78306867252606594e2,3.79542680495297816e2,-1.04569191774652441e-5,5.00000000000000000e0,4.99999999999999378e0,0.00000000000000000e0,2.88103392393951729e0,2.58529799984055275e0,5.00000000000000000e0,8.09856071093406626e-1,2.42956821328021988e0,2.20000271281279769e0,1.49999999999999716e1,-7.52112518479103360e-8,1.94282394105904643e-6,8.21161157045480758e-26,-4.53308842777295079e-2,4.99999999499999936e-9,0.00000000000000000e0,0.00000000000000000e0,0.00000000000000000e0,1.04086116764480749e-1,5.00763618193068916e-1,1.37719062074247045e0,-9.52478461016784479e1,3.79542680495297460e-10,1.19430960003984825e-9,5.00000000000000000e0,0.00000000000000000e0,5.00000000000000000e0,5.00000000000000000e0,4.60275825145875750e0,2.09050627374392661e0,2.09050619917991165e0,0.00000000000000000e0 right=row_index=24000304:5.26580672095010915e-1,-2.19639004659456738e0,9.30514560550918617e1,4.18100063275340617e0,3.78207967355096343e2,3.78237825878834883e2,4.18098903331775240e0,3.78306867252604491e2,3.79542680495292927e2,-1.04569192145389885e-5,5.00000000000000000e0,4.99999999999999378e0,0.00000000000000000e0,2.88103392393951641e0,2.58529799983987507e0,5.00000000000000000e0,8.09856626204918939e-1,2.42956987861475682e0,2.20000422079289004e0,1.49999999999999716e1,1.27804495371716996e-9,1.94282394117006874e-6,8.21082648244564118e-26,-4.53308842762024794e-2,4.99999999499999936e-9,0.00000000000000000e0,0.00000000000000000e0,0.00000000000000000e0,1.04086116764479597e-1,5.00763618193068694e-1,1.37719062074246934e0,-9.52478461016864344e1,3.79542680495292549e-10,1.17807229615936025e-9,5.00000000000000000e0,0.00000000000000000e0,5.00000000000000000e0,5.00000000000000000e0,4.60275825130717475e0,2.09050617009651374e0,2.09050615825470443e0,0.00000000000000000e0
equal_group_time_s=5.26588415234414464e-1 threshold_crossing=false left=row_index=24000713:5.26588415234414353e-1,-2.21150139808018498e0,9.34459422727424993e1,4.22693457352972235e0,3.78205387449173713e2,3.78235245769235462e2,4.22692301820943683e0,3.78304955913568108e2,3.79541624148885887e2,-9.24264826222670771e-6,5.00000000000000000e0,4.99999999999999378e0,0.00000000000000000e0,2.88106701915826546e0,2.59710597464233617e0,5.00000000000000000e0,8.09852740424332751e-1,2.42955822127299825e0,2.19999366493224269e0,1.49999999999999716e1,-9.15421837411830933e-8,1.94044993329089976e-6,-9.14852612992473779e-28,-4.57853814566106798e-2,4.99999999499999936e-9,0.00000000000000000e0,0.00000000000000000e0,0.00000000000000000e0,1.04086116764479125e-1,5.00773976996537140e-1,1.37722890557424216e0,-9.56574436708226870e1,3.79541624148885553e-10,1.22836952535827201e-9,5.00000000000000000e0,0.00000000000000000e0,5.00000000000000000e0,5.00000000000000000e0,4.64734295550973364e0,2.11347316623042447e0,2.11347309379542070e0,0.00000000000000000e0 group=row_index=24000714:5.26588415234414464e-1,-2.21150140026598274e0,9.34459422705646716e1,4.22693457346217372e0,3.78205387449173998e2,3.78235245769235746e2,4.22692301809613902e0,3.78304955913566744e2,3.79541624148882363e2,-9.24264829032305315e-6,5.00000000000000000e0,4.99999999999999378e0,0.00000000000000000e0,2.88106701915826591e0,2.59710597464184101e0,5.00000000000000000e0,8.09853295535845064e-1,2.42955988660753519e0,2.19999517291233504e0,1.49999999999999716e1,-3.47126907934133612e-8,1.94044993340192207e-6,-9.14787627034683476e-28,-4.57853814554776972e-2,4.99999999499999936e-9,0.00000000000000000e0,0.00000000000000000e0,0.00000000000000000e0,1.04086116764479444e-1,5.00773976996537140e-1,1.37722890557424282e0,-9.56574436708306592e1,3.79541624148881986e-10,1.22733264749019646e-9,5.00000000000000000e0,0.00000000000000000e0,5.00000000000000000e0,5.00000000000000000e0,4.64734295539983577e0,2.11347313135170545e0,2.11347307258571959e0,0.00000000000000000e0;row_index=24000715:5.26588415234414464e-1,-2.21150140121924066e0,9.34459422696114075e1,4.22693457343553192e0,3.78205387449174054e2,3.78235245769235803e2,4.22692301803539205e0,3.78304955913565948e2,3.79541624148880317e2,-9.24264830610601118e-6,5.00000000000000000e0,4.99999999999999378e0,0.00000000000000000e0,2.88106701915826635e0,2.59710597464157589e0,5.00000000000000000e0,8.09853295535845064e-1,2.42955988660753519e0,2.19999517291233504e0,1.49999999999999716e1,-4.24222944376746165e-9,1.94044993340192207e-6,-9.14752785195019607e-28,-4.57853814548702248e-2,4.99999999499999936e-9,0.00000000000000000e0,0.00000000000000000e0,0.00000000000000000e0,1.04086116764479653e-1,5.00773976996537362e-1,1.37722890557424327e0,-9.56574436708306450e1,3.79541624148879918e-10,1.25579821586996380e-9,5.00000000000000000e0,0.00000000000000000e0,5.00000000000000000e0,5.00000000000000000e0,4.64734295534299235e0,2.11347320275948913e0,2.11347309631289493e0,0.00000000000000000e0;row_index=24000716:5.26588415234414464e-1,-2.21150139906725585e0,9.34459422717633856e1,4.22693457333336209e0,3.78205387449174111e2,3.78235245769235860e2,4.22692301795911085e0,3.78304955913564925e2,3.79541624148877702e2,-9.24264832692542542e-6,5.00000000000000000e0,4.99999999999999378e0,0.00000000000000000e0,2.88106701915826724e0,2.59710597464124326e0,5.00000000000000000e0,8.09853295535845064e-1,2.42955988660753519e0,2.19999517291233504e0,1.49999999999999716e1,3.40206852012397945e-8,1.94044993340192207e-6,-9.14709034854104709e-28,-4.57853814541073836e-2,4.99999999499999936e-9,0.00000000000000000e0,0.00000000000000000e0,0.00000000000000000e0,1.04086116764478986e-1,5.00773976996537584e-1,1.37722890557424416e0,-9.56574436708306450e1,3.79541624148877281e-10,1.33597302620821642e-9,5.00000000000000000e0,0.00000000000000000e0,5.00000000000000000e0,5.00000000000000000e0,4.64734295527099128e0,2.11347317109151289e0,2.11347310787671772e0,0.00000000000000000e0 right=row_index=24000717:5.26588415234414575e-1,-2.21150139953114255e0,9.34459422713035224e1,4.22693457319315424e0,3.78205387449174452e2,3.78235245769236201e2,4.22692301780654578e0,3.78304955913562878e2,3.79541624148872756e2,-9.24264836624047322e-6,5.00000000000000000e0,4.99999999999999378e0,0.00000000000000000e0,2.88106701915826724e0,2.59710597464057713e0,5.00000000000000000e0,8.09853850647357376e-1,2.42956155194207213e0,2.19999668089242784e0,1.49999999999999716e1,1.10546514171825187e-7,1.94044993351294437e-6,-9.14621540449533306e-28,-4.57853814525816943e-2,4.99999999499999936e-9,0.00000000000000000e0,0.00000000000000000e0,0.00000000000000000e0,1.04086116764478487e-1,5.00773976996537584e-1,1.37722890557424438e0,-9.56574436708346667e1,3.79541624148872370e-10,1.30734931424087814e-9,5.00000000000000000e0,0.00000000000000000e0,5.00000000000000000e0,5.00000000000000000e0,4.64734295511182971e0,2.11347312190492076e0,2.11347308920448818e0,0.00000000000000000e0
equal_group_time_s=5.31785644011994574e-1 threshold_crossing=false left=row_index=24268382:5.31785644011994463e-1,-2.07662952465656048e0,9.14174405488656276e1,3.81749401482780826e0,3.80912578767649279e2,3.80942650813341402e2,3.81748433633444773e0,3.81006391696237415e2,3.82235276330283284e2,-7.46052938483713436e-6,5.00000000000000000e0,4.99999999999999378e0,0.00000000000000000e0,2.87975012113455886e0,2.58304362619829009e0,5.00000000000000000e0,8.09849409755258876e-1,2.42954822926577663e0,2.19998461705168769e0,1.49999999999999716e1,1.47263444899232235e-7,1.92972849322181617e-6,1.50991028269214202e-25,-4.17482442151211539e-2,4.99999999499999936e-9,0.00000000000000000e0,0.00000000000000000e0,0.00000000000000000e0,1.04086116764475989e-1,5.00361787915116873e-1,1.37570591737977055e0,-9.34940700735221810e1,3.82235276330282934e-10,1.43248463495965206e-9,5.00000000000000000e0,0.00000000000000000e0,5.00000000000000000e0,5.00000000000000000e0,4.24939219306755511e0,1.90875432874491646e0,1.90875433451331222e0,0.00000000000000000e0 group=row_index=24268383:5.31785644011994574e-1,-2.07662952440230120e0,9.14174405491158666e1,3.81749401466258576e0,3.80912578767649336e2,3.80942650813341459e2,3.81748433617006322e0,3.81006391696235312e2,3.82235276330277884e2,-7.46052942932138791e-6,5.00000000000000000e0,4.99999999999999378e0,0.00000000000000000e0,2.87975012113455975e0,2.58304362619726247e0,5.00000000000000000e0,8.09849964866771188e-1,2.42954989460031356e0,2.19998612503178004e0,1.49999999999999716e1,2.28388868237058256e-7,1.92972849333283847e-6,1.50975717530758425e-25,-4.17482442134774617e-2,4.99999999499999936e-9,0.00000000000000000e0,0.00000000000000000e0,0.00000000000000000e0,1.04086116764475600e-1,5.00361787915117207e-1,1.37570591737977166e0,-9.34940700735181736e1,3.82235276330277505e-10,1.42709822537963290e-9,5.00000000000000000e0,0.00000000000000000e0,5.00000000000000000e0,5.00000000000000000e0,4.24939219292355119e0,1.90875432713614090e0,1.90875434375517905e0,0.00000000000000000e0;row_index=24268384:5.31785644011994574e-1,-2.07662952533725020e0,9.14174405481809060e1,3.81749401458000026e0,3.80912578767649450e2,3.80942650813341572e2,3.81748433608361992e0,3.81006391696234118e2,3.82235276330275099e2,-7.46052945268847058e-6,5.00000000000000000e0,4.99999999999999378e0,0.00000000000000000e0,2.87975012113455930e0,2.58304362619672290e0,5.00000000000000000e0,8.09849964866771188e-1,2.42954989460031356e0,2.19998612503178004e0,1.49999999999999716e1,2.71048812955668219e-7,1.92972849333283847e-6,1.50967666975191242e-25,-4.17482442126131184e-2,4.99999999499999936e-9,0.00000000000000000e0,0.00000000000000000e0,0.00000000000000000e0,1.04086116764475933e-1,5.00361787915117096e-1,1.37570591737977099e0,-9.34940700735181593e1,3.82235276330274714e-10,1.40634600501928582e-9,5.00000000000000000e0,0.00000000000000000e0,5.00000000000000000e0,5.00000000000000000e0,4.24939219283639158e0,1.90875432629514497e0,1.90875434995768045e0,0.00000000000000000e0 right=row_index=24268385:5.31785644011994685e-1,-2.07662952533207701e0,9.14174405481780354e1,3.81749401441999492e0,3.80912578767649620e2,3.80942650813341743e2,3.81748433597105974e0,3.81006391696232640e2,3.82235276330271461e2,-7.46052948353041827e-6,5.00000000000000000e0,4.99999999999999378e0,0.00000000000000000e0,2.87975012113455797e0,2.58304362619602035e0,5.00000000000000000e0,8.09850519978283501e-1,2.42955155993485050e0,2.19998763301187283e0,1.49999999999999716e1,3.26597796671079824e-7,1.92972849344386077e-6,1.50957184712820888e-25,-4.17482442114876298e-2,4.99999999499999936e-9,0.00000000000000000e0,0.00000000000000000e0,0.00000000000000000e0,1.04086116764476516e-1,5.00361787915116762e-1,1.37570591737976966e0,-9.34940700735101160e1,3.82235276330271095e-10,1.37407363396801810e-9,5.00000000000000000e0,0.00000000000000000e0,5.00000000000000000e0,5.00000000000000000e0,4.24939219272649460e0,1.90875438137348574e0,1.90875430912610566e0,0.00000000000000000e0
equal_group_time_s=5.34907095910603037e-1 threshold_crossing=false left=row_index=24412638:5.34907095910602925e-1,9.39390147766761885e1,-9.42645420829081093e-1,-4.16446407650107631e0,3.78623771989463194e2,3.78653663339883394e2,4.16445242333746890e0,3.78722474572924966e2,3.79957978947062372e2,-9.44723704379240415e-6,5.00000000000000000e0,4.99999999999999378e0,0.00000000000000000e0,2.88175908396789193e0,2.57627748828389258e0,5.00000000000000000e0,8.09854405758869689e-1,2.42956321727660907e0,2.19999818887252019e0,1.49999999999999716e1,-7.27847649948377651e-8,1.93972232498396124e-6,-3.59246667440059637e-29,-4.51749910534494648e-2,4.99999999499999936e-9,0.00000000000000000e0,0.00000000000000000e0,0.00000000000000000e0,1.04086116764471201e-1,5.00990593281950169e-1,1.37802961396932222e0,9.48816601975052691e1,3.79957978947061942e-10,1.25022071420598440e-9,5.00000000000000000e0,0.00000000000000000e0,5.00000000000000000e0,5.00000000000000000e0,4.58741553610479968e0,2.08223789654672498e0,2.08223790485272886e0,0.00000000000000000e0 group=row_index=24412639:5.34907095910603037e-1,9.39390147768317689e1,-9.42645420681518798e-1,-4.16446407637005223e0,3.78623771989463307e2,3.78653663339883508e2,4.16445242317841657e0,3.78722474572922863e2,3.79957978947057484e2,-9.44723708206834920e-6,5.00000000000000000e0,4.99999999999999378e0,0.00000000000000000e0,2.88175908396789238e0,2.57627748828319714e0,5.00000000000000000e0,8.09854960870382001e-1,2.42956488261114600e0,2.19999969685261254e0,1.49999999999999716e1,6.67234823470351005e-9,1.93972232509498355e-6,-3.59210988331036806e-29,-4.51749910518589176e-2,4.99999999499999936e-9,0.00000000000000000e0,0.00000000000000000e0,0.00000000000000000e0,1.04086116764472131e-1,5.00990593281950392e-1,1.37802961396932244e0,9.48816601975132841e1,3.79957978947057134e-10,1.20873299208559706e-9,5.00000000000000000e0,0.00000000000000000e0,5.00000000000000000e0,5.00000000000000000e0,4.58741553595700680e0,2.08223791292340588e0,2.08223789385239622e0,0.00000000000000000e0;row_index=24412640:5.34907095910603037e-1,9.39390147763483583e1,-9.42645421164942321e-1,-4.16446407625267057e0,3.78623771989463421e2,3.78653663339883622e2,4.16445242309465868e0,3.78722474572921840e2,3.79957978947054869e2,-9.44723710203550091e-6,5.00000000000000000e0,4.99999999999999378e0,0.00000000000000000e0,2.88175908396789238e0,2.57627748828283076e0,5.00000000000000000e0,8.09854960870382001e-1,2.42956488261114600e0,2.19999969685261254e0,1.49999999999999716e1,4.85151558708179842e-8,1.93972232509498355e-6,-3.59192200825892747e-29,-4.51749910510213168e-2,4.99999999499999936e-9,0.00000000000000000e0,0.00000000000000000e0,0.00000000000000000e0,1.04086116764472089e-1,5.00990593281950392e-1,1.37802961396932244e0,9.48816601975132983e1,3.79957978947054549e-10,1.21771690280244330e-9,5.00000000000000000e0,0.00000000000000000e0,5.00000000000000000e0,5.00000000000000000e0,4.58741553588121587e0,2.08223798516054170e0,2.08223790929375685e0,0.00000000000000000e0 right=row_index=24412641:5.34907095910603148e-1,9.39390147769684773e1,-9.42645420548820834e-1,-4.16446407614881764e0,3.78623771989463535e2,3.78653663339883735e2,4.16445242298580887e0,3.78722474572920532e2,3.79957978947051402e2,-9.44723712986233402e-6,5.00000000000000000e0,4.99999999999999378e0,0.00000000000000000e0,2.88175908396789238e0,2.57627748828235426e0,5.00000000000000000e0,8.09855515981894314e-1,2.42956654794568294e0,2.20000120483270534e0,1.49999999999999716e1,1.02892300123626995e-7,1.93972232520600585e-6,-3.59167786846438503e-29,-4.51749910499327917e-2,4.99999999499999936e-9,0.00000000000000000e0,0.00000000000000000e0,0.00000000000000000e0,1.04086116764471923e-1,5.00990593281950281e-1,1.37802961396932266e0,9.48816601975172915e1,3.79957978947050982e-10,1.19739922323325862e-9,5.00000000000000000e0,0.00000000000000000e0,5.00000000000000000e0,5.00000000000000000e0,4.58741553578647654e0,2.08223788985013725e0,2.08223788864447057e0,0.00000000000000000e0
equal_group_time_s=5.43233512244392869e-1 threshold_crossing=false left=row_index=24824627:5.43233512244392758e-1,-2.19598986874657198e0,9.23184430806487626e1,4.17978441024127623e0,3.79020922258547103e2,3.79050844962935912e2,4.17977270469101647e0,3.79119889082357815e2,3.80355679627761333e2,-5.14948502680786201e-6,5.00000000000000000e0,4.99999999999999378e0,0.00000000000000000e0,2.88247060505374719e0,2.57349293498200504e0,5.00000000000000000e0,8.09852740424332751e-1,2.42955822127299825e0,2.19999366493224269e0,1.49999999999999716e1,3.18039306822816518e-7,1.92913890662005372e-6,-1.86560952629619195e-25,-4.53375439363970026e-2,4.99999999499999936e-9,0.00000000000000000e0,0.00000000000000000e0,0.00000000000000000e0,1.04086116764472505e-1,5.01213299381822797e-1,1.37885307557765335e0,-9.45144329493953279e1,3.80355679627760976e-10,1.29346251618146924e-9,5.00000000000000000e0,0.00000000000000000e0,5.00000000000000000e0,5.00000000000000000e0,4.60294129479355796e0,2.08989808532375942e0,2.08989805251183469e0,0.00000000000000000e0 group=row_index=24824628:5.43233512244392869e-1,-2.19598986960729237e0,9.23184430797920470e1,4.17978441009564072e0,3.79020922258547330e2,3.79050844962936139e2,4.17977270455265870e0,3.79119889082355940e2,3.80355679627757013e2,-5.14948506328786173e-6,5.00000000000000000e0,4.99999999999999378e0,0.00000000000000000e0,2.88247060505374808e0,2.57349293498141751e0,5.00000000000000000e0,8.09853295535845064e-1,2.42955988660753519e0,2.19999517291233504e0,1.49999999999999716e1,3.86973536539250548e-7,1.92913890673107602e-6,-1.86544877776816837e-25,-4.53375439350134427e-2,4.99999999499999936e-9,0.00000000000000000e0,0.00000000000000000e0,0.00000000000000000e0,1.04086116764473144e-1,5.01213299381823130e-1,1.37885307557765446e0,-9.45144329493993354e1,3.80355679627756633e-10,1.27495972617217720e-9,5.00000000000000000e0,0.00000000000000000e0,5.00000000000000000e0,5.00000000000000000e0,4.60294129465334390e0,2.08989812836035371e0,2.08989806317463023e0,0.00000000000000000e0;row_index=24824629:5.43233512244392869e-1,-2.19598986818772834e0,9.23184430812116119e1,4.17978441004911527e0,3.79020922258547444e2,3.79050844962936253e2,4.17977270447913885e0,3.79119889082354973e2,3.80355679627754739e2,-5.14948508293716941e-6,5.00000000000000000e0,4.99999999999999378e0,0.00000000000000000e0,2.88247060505374808e0,2.57349293498110621e0,5.00000000000000000e0,8.09853295535845064e-1,2.42955988660753519e0,2.19999517291233504e0,1.49999999999999716e1,4.23603583564903566e-7,1.92913890673107602e-6,-1.86536336537283060e-25,-4.53375439342782460e-2,4.99999999499999936e-9,0.00000000000000000e0,0.00000000000000000e0,0.00000000000000000e0,1.04086116764473380e-1,5.01213299381823130e-1,1.37885307557765446e0,-9.45144329493993354e1,3.80355679627754358e-10,1.25465722494624177e-9,5.00000000000000000e0,0.00000000000000000e0,5.00000000000000000e0,5.00000000000000000e0,4.60294129458134194e0,2.08989805086162228e0,2.08989808397586652e0,0.00000000000000000e0 right=row_index=24824630:5.43233512244392980e-1,-2.19598987016610492e0,9.23184430792412627e1,4.17978440996362099e0,3.79020922258547500e2,3.79050844962936310e2,4.17977270438492710e0,3.79119889082353836e2,3.80355679627751670e2,-5.14948511077034087e-6,5.00000000000000000e0,4.99999999999999378e0,0.00000000000000000e0,2.88247060505374808e0,2.57349293498070653e0,5.00000000000000000e0,8.09853850647357376e-1,2.42956155194207213e0,2.19999668089242784e0,1.49999999999999716e1,4.70542728117819503e-7,1.92913890684209832e-6,-1.86525392037582675e-25,-4.53375439333361455e-2,4.99999999499999936e-9,0.00000000000000000e0,0.00000000000000000e0,0.00000000000000000e0,1.04086116764472714e-1,5.01213299381823241e-1,1.37885307557765424e0,-9.45144329494073645e1,3.80355679627751308e-10,1.22573937452432209e-9,5.00000000000000000e0,0.00000000000000000e0,5.00000000000000000e0,5.00000000000000000e0,4.60294129450176115e0,2.08989806268957690e0,2.08989806470253958e0,0.00000000000000000e0
equal_group_time_s=5.48430766712065476e-1 threshold_crossing=false left=row_index=25092239:5.48430766712065365e-1,-2.09256661526468113e0,9.25487039218904783e1,3.86581011314523604e0,3.81696307467465374e2,3.81726441386475926e2,3.86580050426696786e0,3.81790906989647169e2,3.83020730208918451e2,-1.29816854921747201e-5,5.00000000000000000e0,4.99999999999999378e0,0.00000000000000000e0,2.88133013666714799e0,2.59486034576308944e0,5.00000000000000000e0,8.09852740424332751e-1,2.42955822127299825e0,2.19999366493224269e0,1.49999999999999716e1,-3.76163102226056342e-7,1.94410755904872445e-6,-3.82811867585927976e-27,-4.22273151358743826e-2,4.99999999499999936e-9,0.00000000000000000e0,0.00000000000000000e0,0.00000000000000000e0,1.04086116764475947e-1,5.00856332776817514e-1,1.37753330108912775e0,-9.46412705371551652e1,3.83020730208918093e-10,1.34624290752155330e-9,5.00000000000000000e0,0.00000000000000000e0,5.00000000000000000e0,5.00000000000000000e0,4.29770687808286311e0,1.93291236672380684e0,1.93291235775480241e0,0.00000000000000000e0 group=row_index=25092240:5.48430766712065476e-1,-2.09256661582607739e0,9.25487039213210636e1,3.86581011293383181e0,3.81696307467465431e2,3.81726441386475983e2,3.86580050410015152e0,3.81790906989644782e2,3.83020730208912767e2,-1.29816855349617661e-5,5.00000000000000000e0,4.99999999999999378e0,0.00000000000000000e0,2.88133013666714755e0,2.59486034576205382e0,5.00000000000000000e0,8.09853295535845064e-1,2.42955988660753519e0,2.19999517291233504e0,1.49999999999999716e1,-2.93740486176394556e-7,1.94410755915974676e-6,-3.82772429170945057e-27,-4.22273151342063210e-2,4.99999999499999936e-9,0.00000000000000000e0,0.00000000000000000e0,0.00000000000000000e0,1.04086116764476225e-1,5.00856332776817181e-1,1.37753330108912730e0,-9.46412705371471361e1,3.83020730208912355e-10,1.37998263776271757e-9,5.00000000000000000e0,0.00000000000000000e0,5.00000000000000000e0,5.00000000000000000e0,4.29770687791991257e0,1.93291237996739640e0,1.93291237714154929e0,0.00000000000000000e0;row_index=25092241:5.48430766712065476e-1,-2.09256661540412026e0,9.25487039217430407e1,3.86581011290472798e0,3.81696307467465545e2,3.81726441386476097e2,3.86580050401252828e0,3.81790906989643418e2,3.83020730208909868e2,-1.29816855569836029e-5,5.00000000000000000e0,4.99999999999999378e0,0.00000000000000000e0,2.88133013666714710e0,2.59486034576150937e0,5.00000000000000000e0,8.09853295535845064e-1,2.42955988660753519e0,2.19999517291233504e0,1.49999999999999716e1,-2.50446752918298057e-7,1.94410755915974676e-6,-3.82751715170907926e-27,-4.22273151333301400e-2,4.99999999499999936e-9,0.00000000000000000e0,0.00000000000000000e0,0.00000000000000000e0,1.04086116764475961e-1,5.00856332776817181e-1,1.37753330108912686e0,-9.46412705371471645e1,3.83020730208909511e-10,1.42403681997549237e-9,5.00000000000000000e0,0.00000000000000000e0,5.00000000000000000e0,5.00000000000000000e0,4.29770687782138339e0,1.93291236119942167e0,1.93291239353934041e0,0.00000000000000000e0 right=row_index=25092242:5.48430766712065587e-1,-2.09256661556939649e0,9.25487039215737468e1,3.86581011277646169e0,3.81696307467465715e2,3.81726441386476267e2,3.86580050389826058e0,3.81790906989641826e2,3.83020730208906116e2,-1.29816855837089679e-5,5.00000000000000000e0,4.99999999999999378e0,0.00000000000000000e0,2.88133013666714666e0,2.59486034576079927e0,5.00000000000000000e0,8.09853850647357376e-1,2.42956155194207213e0,2.19999668089242784e0,1.49999999999999716e1,-1.93987910968192217e-7,1.94410755927076906e-6,-3.82724703974116256e-27,-4.22273151321875123e-2,4.99999999499999936e-9,0.00000000000000000e0,0.00000000000000000e0,0.00000000000000000e0,1.04086116764475739e-1,5.00856332776817070e-1,1.37753330108912642e0,-9.46412705371431429e1,3.83020730208905686e-10,1.46037103269140917e-9,5.00000000000000000e0,0.00000000000000000e0,5.00000000000000000e0,5.00000000000000000e0,4.29770687770390758e0,1.93291237099429969e0,1.93291239342711263e0,0.00000000000000000e0
equal_group_time_s=5.48438508152558346e-1 threshold_crossing=false left=row_index=25092652:5.48438508152558235e-1,-2.08530817383807898e0,9.21444509870491686e1,3.84380256364539985e0,3.81693387288536201e2,3.81723520977006331e2,3.84379291946418622e0,3.81787665288508435e2,3.83017061701131126e2,-1.15708656062753353e-5,5.00000000000000000e0,4.99999999999999378e0,0.00000000000000000e0,2.88130284872294817e0,2.58422467787114085e0,5.00000000000000000e0,8.09855515981894314e-1,2.42956654794568294e0,2.20000120483270534e0,1.49999999999999716e1,-2.48420552682906061e-7,1.94003464060177322e-6,-5.43809648390767288e-28,-4.20121014681527488e-2,4.99999999499999936e-9,0.00000000000000000e0,0.00000000000000000e0,0.00000000000000000e0,1.04086116764458253e-1,5.00847791650282925e-1,1.37750173063537140e0,-9.42297591608872409e1,3.83017061701130762e-10,1.32396144232582286e-9,5.00000000000000000e0,0.00000000000000000e0,5.00000000000000000e0,5.00000000000000000e0,4.27628743347365070e0,1.92190865503249420e0,1.92190861534624613e0,0.00000000000000000e0 group=row_index=25092653:5.48438508152558346e-1,-2.08530817417979275e0,9.21444509867074402e1,3.84380256350143679e0,3.81693387288536258e2,3.81723520977006388e2,3.84379291931039946e0,3.81787665288506219e2,3.83017061701126011e2,-1.15708656441037809e-5,5.00000000000000000e0,4.99999999999999378e0,0.00000000000000000e0,2.88130284872294862e0,2.58422467787019539e0,5.00000000000000000e0,8.09856071093406626e-1,2.42956821328021988e0,2.20000271281279769e0,1.49999999999999716e1,-1.72539916065878459e-7,1.94003464071279552e-6,-5.43758070056164918e-28,-4.20121014666149858e-2,4.99999999499999936e-9,0.00000000000000000e0,0.00000000000000000e0,0.00000000000000000e0,1.04086116764458197e-1,5.00847791650282814e-1,1.37750173063537185e0,-9.42297591608872267e1,3.83017061701125644e-10,1.33471440495735585e-9,5.00000000000000000e0,0.00000000000000000e0,5.00000000000000000e0,5.00000000000000000e0,4.27628743332206795e0,1.92190867783329034e0,1.92190862886968739e0,0.00000000000000000e0;row_index=25092654:5.48438508152558346e-1,-2.08530817570768923e0,9.21444509851795601e1,3.84380256336974124e0,3.81693387288536258e2,3.81723520977006388e2,3.84379291922916355e0,3.81787665288505195e2,3.83017061701123339e2,-1.15708656646244873e-5,5.00000000000000000e0,4.99999999999999378e0,0.00000000000000000e0,2.88130284872294906e0,2.58422467786969623e0,5.00000000000000000e0,8.09856071093406626e-1,2.42956821328021988e0,2.20000271281279769e0,1.49999999999999716e1,-1.32456935618463630e-7,1.94003464071279552e-6,-5.43730826431947372e-28,-4.20121014658026912e-2,4.99999999499999936e-9,0.00000000000000000e0,0.00000000000000000e0,0.00000000000000000e0,1.04086116764457753e-1,5.00847791650283036e-1,1.37750173063537229e0,-9.42297591608872551e1,3.83017061701122955e-10,1.31428149106254137e-9,5.00000000000000000e0,0.00000000000000000e0,5.00000000000000000e0,5.00000000000000000e0,4.27628743325385585e0,1.92190870145826831e0,1.92190859258187863e0,0.00000000000000000e0 right=row_index=25092655:5.48438508152558457e-1,-2.08530817500520360e0,9.21444509858740304e1,3.84380256337052462e0,3.81693387288536371e2,3.81723520977006501e2,3.84379291912406185e0,3.81787665288503888e2,3.83017061701119871e2,-1.15708656908033365e-5,5.00000000000000000e0,4.99999999999999378e0,0.00000000000000000e0,2.88130284872294951e0,2.58422467786904964e0,5.00000000000000000e0,8.09856626204918939e-1,2.42956987861475682e0,2.20000422079289004e0,1.49999999999999716e1,-8.05985035988670271e-8,1.94003464082381782e-6,-5.43695581286973034e-28,-4.20121014647517471e-2,4.99999999499999936e-9,0.00000000000000000e0,0.00000000000000000e0,0.00000000000000000e0,1.04086116764456324e-1,5.00847791650283258e-1,1.37750173063537296e0,-9.42297591608792402e1,3.83017061701119543e-10,1.33140790812120901e-9,5.00000000000000000e0,0.00000000000000000e0,5.00000000000000000e0,5.00000000000000000e0,4.27628743315911741e0,1.92190866986389586e0,1.92190862769309456e0,0.00000000000000000e0
equal_group_time_s=5.48446233501722835e-1 threshold_crossing=false left=row_index=25093058:5.48446233501722724e-1,-2.08401658799220746e0,9.17342864711495878e1,3.83988688347850537e0,3.81690418096391568e2,3.81720551550451773e2,3.83987720472851857e0,3.81784623905861679e2,3.83013944254359444e2,-2.99652534849913118e-6,5.00000000000000000e0,4.99999999999999378e0,0.00000000000000000e0,2.88127572340011806e0,2.57387923855253087e0,5.00000000000000000e0,8.09852185312820438e-1,2.42955655593846132e0,2.19999215695215034e0,1.49999999999999716e1,5.47491719043556740e-7,1.91987039366292578e-6,1.75150696648715640e-25,-4.19777493003487684e-2,4.99999999499999936e-9,0.00000000000000000e0,0.00000000000000000e0,0.00000000000000000e0,1.04086116764478626e-1,5.00839301424237049e-1,1.37747034868296669e0,-9.38183030591417975e1,3.83013944254359078e-10,1.40280002560448556e-9,5.00000000000000000e0,0.00000000000000000e0,5.00000000000000000e0,5.00000000000000000e0,4.27149036066036114e0,1.91995077975441064e0,1.91995076259492836e0,0.00000000000000000e0 group=row_index=25093059:5.48446233501722835e-1,-2.08401658718601901e0,9.17342864719477404e1,3.83988688329040162e0,3.81690418096391795e2,3.81720551550452001e2,3.83987720458329740e0,3.81784623905859632e2,3.83013944254354612e2,-2.99652539096338988e-6,5.00000000000000000e0,4.99999999999999378e0,0.00000000000000000e0,2.88127572340011806e0,2.57387923855165868e0,5.00000000000000000e0,8.09852740424332751e-1,2.42955822127299825e0,2.19999366493224269e0,1.49999999999999716e1,6.19046087838844595e-7,1.91987039377394808e-6,1.75135031351413477e-25,-4.19777492988967216e-2,4.99999999499999936e-9,0.00000000000000000e0,0.00000000000000000e0,0.00000000000000000e0,1.04086116764478570e-1,5.00839301424236938e-1,1.37747034868296692e0,-9.38183030591337541e1,3.83013944254354270e-10,1.38091837810620105e-9,5.00000000000000000e0,0.00000000000000000e0,5.00000000000000000e0,5.00000000000000000e0,4.27149036050877839e0,1.91995074526695397e0,1.91995075214050304e0,0.00000000000000000e0;row_index=25093060:5.48446233501722835e-1,-2.08401658740612250e0,9.17342864717276285e1,3.83988688323908178e0,3.81690418096391966e2,3.81720551550452171e2,3.83987720450099124e0,3.81784623905858439e2,3.83013944254351941e2,-2.99652541504147751e-6,5.00000000000000000e0,4.99999999999999378e0,0.00000000000000000e0,2.88127572340011806e0,2.57387923855116485e0,5.00000000000000000e0,8.09852740424332751e-1,2.42955822127299825e0,2.19999366493224269e0,1.49999999999999716e1,6.59600696869746017e-7,1.91987039377394808e-6,1.75126153409960261e-25,-4.19777492980737479e-2,4.99999999499999936e-9,0.00000000000000000e0,0.00000000000000000e0,0.00000000000000000e0,1.04086116764478445e-1,5.00839301424237049e-1,1.37747034868296692e0,-9.38183030591337541e1,3.83013944254351582e-10,1.33656041371666802e-9,5.00000000000000000e0,0.00000000000000000e0,5.00000000000000000e0,5.00000000000000000e0,4.27149036041782892e0,1.91995071345373214e0,1.91995074261127030e0,0.00000000000000000e0 right=row_index=25093061:5.48446233501722946e-1,-2.08401658779021837e0,9.17342864713395159e1,3.83988688305459824e0,3.81690418096392136e2,3.81720551550452342e2,3.83987720440194247e0,3.81784623905857131e2,3.83013944254348701e2,-2.99652544460713754e-6,5.00000000000000000e0,4.99999999999999378e0,0.00000000000000000e0,2.88127572340011762e0,2.57387923855057066e0,5.00000000000000000e0,8.09853295535845064e-1,2.42955988660753519e0,2.19999517291233504e0,1.49999999999999716e1,7.08404971125563208e-7,1.91987039388497038e-6,1.75115470104078643e-25,-4.19777492970833666e-2,4.99999999499999936e-9,0.00000000000000000e0,0.00000000000000000e0,0.00000000000000000e0,1.04086116764478168e-1,5.00839301424236827e-1,1.37747034868296625e0,-9.38183030591297324e1,3.83013944254348377e-10,1.30534837758919582e-9,5.00000000000000000e0,0.00000000000000000e0,5.00000000000000000e0,5.00000000000000000e0,4.27149036031930063e0,1.91995079796612300e0,1.91995075095652767e0,0.00000000000000000e0
equal_group_time_s=5.48453992632455645e-1 threshold_crossing=false left=row_index=25093463:5.48453992632455534e-1,-2.07299069773373335e0,9.13312560470558452e1,3.80646489320310177e0,3.81687438255765301e2,3.81717571474574925e2,3.80645517784848186e0,3.81781174016853186e2,3.83009843593298456e2,-9.24216156875352446e-6,5.00000000000000000e0,4.99999999999999378e0,0.00000000000000000e0,2.88124858684360996e0,2.56482339844126450e0,5.00000000000000000e0,8.09853850647357376e-1,2.42956155194207213e0,2.19999668089242784e0,1.49999999999999716e1,-3.84088990043374052e-8,1.93348771515555740e-6,6.22196761981025326e-24,-4.16485229077300720e-2,4.99999999499999936e-9,0.00000000000000000e0,0.00000000000000000e0,0.00000000000000000e0,1.04086116764485939e-1,5.00830807682049794e-1,1.37743895409173889e0,-9.34042467447895746e1,3.83009843593298083e-10,1.34074064369252890e-9,5.00000000000000000e0,0.00000000000000000e0,5.00000000000000000e0,5.00000000000000000e0,4.24016948521739323e0,1.90323984170296812e0,1.90323982908258182e0,0.00000000000000000e0 group=row_index=25093464:5.48453992632455645e-1,-2.07299069805457270e0,9.13312560467350067e1,3.80646489306241698e0,3.81687438255765414e2,3.81717571474575038e2,3.80645517770634534e0,3.81781174016851139e2,3.83009843593293567e2,-9.24216160849294254e-6,5.00000000000000000e0,4.99999999999999378e0,0.00000000000000000e0,2.88124858684360996e0,2.56482339844040697e0,5.00000000000000000e0,8.09854405758869689e-1,2.42956321727660907e0,2.19999818887252019e0,1.49999999999999716e1,3.15305912021354378e-8,1.93348771526657970e-6,6.22142369200192885e-24,-4.16485229063088408e-2,4.99999999499999936e-9,0.00000000000000000e0,0.00000000000000000e0,0.00000000000000000e0,1.04086116764485176e-1,5.00830807682050017e-1,1.37743895409173822e0,-9.34042467447895746e1,3.83009843593293172e-10,1.36015243701144857e-9,5.00000000000000000e0,0.00000000000000000e0,5.00000000000000000e0,5.00000000000000000e0,4.24016948507339020e0,1.90323986313092086e0,1.90323981926649521e0,0.00000000000000000e0;row_index=25093465:5.48453992632455645e-1,-2.07299069717295836e0,9.13312560476166198e1,3.80646489291869550e0,3.81687438255765528e2,3.81717571474575152e2,3.80645517763299202e0,3.81781174016850116e2,3.83009843593291123e2,-9.24216162802834123e-6,5.00000000000000000e0,4.99999999999999378e0,0.00000000000000000e0,2.88124858684361040e0,2.56482339843996510e0,5.00000000000000000e0,8.09854405758869689e-1,2.42956321727660907e0,2.19999818887252019e0,1.49999999999999716e1,6.76245398130955866e-8,1.93348771526657970e-6,6.22114300363338214e-24,-4.16485229055753858e-2,4.99999999499999936e-9,0.00000000000000000e0,0.00000000000000000e0,0.00000000000000000e0,1.04086116764484843e-1,5.00830807682050017e-1,1.37743895409173911e0,-9.34042467447895746e1,3.83009843593290691e-10,1.35964638690676141e-9,5.00000000000000000e0,0.00000000000000000e0,5.00000000000000000e0,5.00000000000000000e0,4.24016948499759927e0,1.90323985294856524e0,1.90323978225808621e0,0.00000000000000000e0 right=row_index=25093466:5.48453992632455756e-1,-2.07299069684797654e0,9.13312560479375861e1,3.80646489280224376e0,3.81687438255765642e2,3.81717571474575266e2,3.80645517753999441e0,3.81781174016848865e2,3.83009843593288053e2,-9.24216165182255043e-6,5.00000000000000000e0,4.99999999999999378e0,0.00000000000000000e0,2.88124858684361129e0,2.56482339843940466e0,5.00000000000000000e0,8.09854960870382001e-1,2.42956488261114600e0,2.19999969685261254e0,1.49999999999999716e1,1.13384856193846123e-7,1.93348771537760200e-6,6.22078716194813069e-24,-4.16485229046454908e-2,4.99999999499999936e-9,0.00000000000000000e0,0.00000000000000000e0,0.00000000000000000e0,1.04086116764484246e-1,5.00830807682050350e-1,1.37743895409174000e0,-9.34042467447855671e1,3.83009843593287692e-10,1.34573435391842571e-9,5.00000000000000000e0,0.00000000000000000e0,5.00000000000000000e0,5.00000000000000000e0,4.24016948490664980e0,1.90323981528892650e0,1.90323978656090964e0,0.00000000000000000e0
equal_group_time_s=5.51590937200902798e-1 threshold_crossing=false left=row_index=25238164:5.51590937200902687e-1,9.48467357952974197e1,-9.43939371498202284e-1,-4.20867566746369448e0,3.79387023740290147e2,3.79416975347427467e2,4.20866408214556564e0,3.79486445503373147e2,3.80722774394660689e2,-1.12718256114698467e-5,5.00000000000000000e0,4.99999999999999378e0,0.00000000000000000e0,2.88336316886171140e0,2.61165189061268688e0,5.00000000000000000e0,8.09854960870382001e-1,2.42956488261114600e0,2.19999969685261254e0,1.49999999999999716e1,-2.70966805616167925e-7,1.94512456297424308e-6,-3.34720151830410894e-22,-4.56155820050036312e-2,4.99999999499999936e-9,0.00000000000000000e0,0.00000000000000000e0,0.00000000000000000e0,1.04086116764484718e-1,5.01492671853715710e-1,1.37988641037328597e0,9.57906751667956229e1,3.80722774394660294e-10,1.27109205149605130e-9,5.00000000000000000e0,0.00000000000000000e0,5.00000000000000000e0,5.00000000000000000e0,4.63134372971201991e0,2.10434367865009131e0,2.10434369281268596e0,0.00000000000000000e0 group=row_index=25238165:5.51590937200902798e-1,9.48467357959975317e1,-9.43939370802069466e-1,-4.20867566731050147e0,3.79387023740290374e2,3.79416975347427694e2,4.20866408202132281e0,3.79486445503371556e2,3.80722774394656767e2,-1.12718256405460094e-5,5.00000000000000000e0,4.99999999999999378e0,0.00000000000000000e0,2.88336316886171273e0,2.61165189061209935e0,5.00000000000000000e0,8.09855515981894314e-1,2.42956654794568294e0,2.20000120483270534e0,1.49999999999999716e1,-2.08872212769601054e-7,1.94512456308526538e-6,-3.34694172447894591e-22,-4.56155820037611875e-2,4.99999999499999936e-9,0.00000000000000000e0,0.00000000000000000e0,0.00000000000000000e0,1.04086116764484496e-1,5.01492671853716154e-1,1.37988641037328730e0,9.57906751667996019e1,3.80722774394656417e-10,1.23745802394995023e-9,5.00000000000000000e0,0.00000000000000000e0,5.00000000000000000e0,5.00000000000000000e0,4.63134372959075336e0,2.10434369727915005e0,2.10434368600072519e0,0.00000000000000000e0;row_index=25238166:5.51590937200902798e-1,9.48467357971932614e1,-9.43939369606360046e-1,-4.20867566727793019e0,3.79387023740290431e2,3.79416975347427751e2,4.20866408195494124e0,3.79486445503370703e2,3.80722774394654834e2,-1.12718256552429221e-5,5.00000000000000000e0,4.99999999999999378e0,0.00000000000000000e0,2.88336316886171229e0,2.61165189061178582e0,5.00000000000000000e0,8.09855515981894314e-1,2.42956654794568294e0,2.20000120483270534e0,1.49999999999999716e1,-1.75695954122614536e-7,1.94512456308526538e-6,-3.34680292859395004e-22,-4.56155820030973713e-2,4.99999999499999936e-9,0.00000000000000000e0,0.00000000000000000e0,0.00000000000000000e0,1.04086116764484787e-1,5.01492671853715932e-1,1.37988641037328663e0,9.57906751667996161e1,3.80722774394654452e-10,1.19620419814565624e-9,5.00000000000000000e0,0.00000000000000000e0,5.00000000000000000e0,5.00000000000000000e0,4.63134372953012097e0,2.10434360840533863e0,2.10434364701945276e0,0.00000000000000000e0;row_index=25238167:5.51590937200902798e-1,9.48467357959356718e1,-9.43939370863941085e-1,-4.20867566707767082e0,3.79387023740290431e2,3.79416975347427751e2,4.20866408187079344e0,3.79486445503369680e2,3.80722774394652333e2,-1.12718256731994581e-5,5.00000000000000000e0,4.99999999999999378e0,0.00000000000000000e0,2.88336316886171140e0,2.61165189061138880e0,5.00000000000000000e0,8.09855515981894314e-1,2.42956654794568294e0,2.20000120483270534e0,1.49999999999999716e1,-1.33640498064156159e-7,1.94512456308526538e-6,-3.34662699405391462e-22,-4.56155820022558847e-2,4.99999999499999936e-9,0.00000000000000000e0,0.00000000000000000e0,0.00000000000000000e0,1.04086116764484690e-1,5.01492671853715710e-1,1.37988641037328597e0,9.57906751667996161e1,3.80722774394651919e-10,1.18137812069372785e-9,5.00000000000000000e0,0.00000000000000000e0,5.00000000000000000e0,5.00000000000000000e0,4.63134372946190886e0,2.10434376722126437e0,2.10434368644358250e0,0.00000000000000000e0 right=row_index=25238168:5.51590937200902909e-1,9.48467357962154551e1,-9.43939370592118188e-1,-4.20867566703282137e0,3.79387023740290488e2,3.79416975347427808e2,4.20866408170249695e0,3.79486445503367349e2,3.80722774394646876e2,-1.12718257128860671e-5,5.00000000000000000e0,4.99999999999999378e0,0.00000000000000000e0,2.88336316886171229e0,2.61165189061059388e0,5.00000000000000000e0,8.09856071093406626e-1,2.42956821328021988e0,2.20000271281279769e0,1.49999999999999716e1,-4.95295863331291390e-8,1.94512456319628768e-6,-3.34627515271866501e-22,-4.56155820005728907e-2,4.99999999499999936e-9,0.00000000000000000e0,0.00000000000000000e0,0.00000000000000000e0,1.04086116764484010e-1,5.01492671853715821e-1,1.37988641037328685e0,9.57906751668075742e1,3.80722774394646491e-10,1.27384858994596321e-9,5.00000000000000000e0,0.00000000000000000e0,5.00000000000000000e0,5.00000000000000000e0,4.63134372930274729e0,2.10434371843733592e0,2.10434368000580019e0,0.00000000000000000e0
equal_group_time_s=5.56795896457760287e-1 threshold_crossing=false left=row_index=25506356:5.56795896457760175e-1,9.20142313605842759e1,-9.31733010555734764e-1,-3.79768796485376470e0,3.82054452386146011e2,3.82084614579755396e2,3.79767819667338591e0,3.82148090061853850e2,3.83376588278223437e2,-3.19194908100558697e-6,5.00000000000000000e0,4.99999999999999378e0,0.00000000000000000e0,2.88199499965694450e0,2.56009755897282076e0,5.00000000000000000e0,8.09854405758869689e-1,2.42956321727660907e0,2.19999818887252019e0,1.49999999999999716e1,5.33193146455485987e-7,1.91936898885636253e-6,6.85356316992308737e-27,-4.15706912973531906e-2,4.99999999499999936e-9,0.00000000000000000e0,0.00000000000000000e0,0.00000000000000000e0,1.04086116764480388e-1,5.01064434892623645e-1,1.37830261799293519e0,9.29459643711400076e1,3.83376588278223071e-10,1.35793099066887101e-9,5.00000000000000000e0,0.00000000000000000e0,5.00000000000000000e0,5.00000000000000000e0,4.23169880656359965e0,1.89885139866883779e0,1.89885134415048240e0,0.00000000000000000e0 group=row_index=25506357:5.56795896457760287e-1,9.20142313610005829e1,-9.31733010135434525e-1,-3.79768796471159931e0,3.82054452386146181e2,3.82084614579755566e2,3.79767819653432337e0,3.82148090061851917e2,3.83376588278219003e2,-3.19194911972908602e-6,5.00000000000000000e0,4.99999999999999378e0,0.00000000000000000e0,2.88199499965694450e0,2.56009755897198765e0,5.00000000000000000e0,8.09854960870382001e-1,2.42956488261114600e0,2.19999969685261254e0,1.49999999999999716e1,6.01428049173770155e-7,1.91936898896738484e-6,6.85297862954623096e-27,-4.15706912959627334e-2,4.99999999499999936e-9,0.00000000000000000e0,0.00000000000000000e0,0.00000000000000000e0,1.04086116764479389e-1,5.01064434892623645e-1,1.37830261799293519e0,9.29459643711360144e1,3.83376588278218625e-10,1.36498489288004131e-9,5.00000000000000000e0,0.00000000000000000e0,5.00000000000000000e0,5.00000000000000000e0,4.23169880642338647e0,1.89885141031455840e0,1.89885135466159460e0,0.00000000000000000e0;row_index=25506358:5.56795896457760287e-1,9.20142313603793127e1,-9.31733010756654489e-1,-3.79768796458722591e0,3.82054452386146238e2,3.82084614579755623e2,3.79767819645537186e0,3.82148090061850837e2,3.83376588278216389e2,-3.19194914306386200e-6,5.00000000000000000e0,4.99999999999999378e0,0.00000000000000000e0,2.88199499965694450e0,2.56009755897151470e0,5.00000000000000000e0,8.09854960870382001e-1,2.42956488261114600e0,2.19999969685261254e0,1.49999999999999716e1,6.40167555471707320e-7,1.91936898896738484e-6,6.85264678629850560e-27,-4.15706912951733162e-2,4.99999999499999936e-9,0.00000000000000000e0,0.00000000000000000e0,0.00000000000000000e0,1.04086116764479472e-1,5.01064434892623645e-1,1.37830261799293519e0,9.29459643711359718e1,3.83376588278215989e-10,1.38570423731447951e-9,5.00000000000000000e0,0.00000000000000000e0,5.00000000000000000e0,5.00000000000000000e0,4.23169880634759465e0,1.89885140830849042e0,1.89885130659138124e0,0.00000000000000000e0 right=row_index=25506359:5.56795896457760398e-1,9.20142313612104630e1,-9.31733009917452226e-1,-3.79768796453134883e0,3.82054452386146295e2,3.82084614579755680e2,3.79767819636044823e0,3.82148090061849473e2,3.83376588278213092e2,-3.19194917311623861e-6,5.00000000000000000e0,4.99999999999999378e0,0.00000000000000000e0,2.88199499965694450e0,2.56009755897094538e0,5.00000000000000000e0,8.09855515981894314e-1,2.42956654794568294e0,2.20000120483270534e0,1.49999999999999716e1,6.86744424526751183e-7,1.91936898907840714e-6,6.85224782934533284e-27,-4.15706912942241866e-2,4.99999999499999936e-9,0.00000000000000000e0,0.00000000000000000e0,0.00000000000000000e0,1.04086116764479389e-1,5.01064434892623645e-1,1.37830261799293519e0,9.29459643711279142e1,3.83376588278212783e-10,1.41737410894031003e-9,5.00000000000000000e0,0.00000000000000000e0,5.00000000000000000e0,5.00000000000000000e0,4.23169880625285622e0,1.89885140213250359e0,1.89885137484410293e0,0.00000000000000000e0
equal_group_time_s=5.68236036691927682e-1 threshold_crossing=false left=row_index=26061969:5.68236036691927571e-1,9.37068168260625072e1,-9.41715016019327944e-1,-4.13276584050259999e0,3.80112446888871489e2,3.80142455766257399e2,4.13275410714956148e0,3.80210834333698699e2,3.81445745051576068e2,-8.47207132630430179e-6,5.00000000000000000e0,4.99999999999999378e0,0.00000000000000000e0,2.88461419185577750e0,2.57594970010882207e0,5.00000000000000000e0,8.09855515981894314e-1,2.42956654794568294e0,2.20000120483270534e0,1.49999999999999716e1,2.28839489553119234e-8,1.93629458278277156e-6,1.31384462364938732e-22,-4.48789136369093580e-2,4.99999999499999936e-9,0.00000000000000000e0,0.00000000000000000e0,0.00000000000000000e0,1.04086116764467732e-1,5.01884242050858354e-1,1.38133539029294750e0,9.46485318420818373e1,3.81445745051575672e-10,1.31311604577268055e-9,5.00000000000000000e0,0.00000000000000000e0,5.00000000000000000e0,5.00000000000000000e0,4.55857116275334828e0,2.06638888847194524e0,2.06638885023616270e0,0.00000000000000000e0 group=row_index=26061970:5.68236036691927682e-1,9.37068168261995709e1,-9.41715015886278817e-1,-4.13276584036441363e0,3.80112446888871659e2,3.80142455766257569e2,4.13275410699328827e0,3.80210834333696369e2,3.81445745051570839e2,-8.47207136931497636e-6,5.00000000000000000e0,4.99999999999999378e0,0.00000000000000000e0,2.88461419185577750e0,2.57594970010810975e0,5.00000000000000000e0,8.09856071093406626e-1,2.42956821328021988e0,2.20000271281279769e0,1.49999999999999716e1,1.00491823121168993e-7,1.93629458289379386e-6,1.31371717396392631e-22,-4.48789136353466220e-2,4.99999999499999936e-9,0.00000000000000000e0,0.00000000000000000e0,0.00000000000000000e0,1.04086116764467398e-1,5.01884242050858354e-1,1.38133539029294750e0,9.46485318420858448e1,3.81445745051570450e-10,1.35634889105528434e-9,5.00000000000000000e0,0.00000000000000000e0,5.00000000000000000e0,5.00000000000000000e0,4.55857116258660788e0,2.06638890812647258e0,2.06638885265637473e0,0.00000000000000000e0;row_index=26061971:5.68236036691927682e-1,9.37068168267007309e1,-9.41715015385114373e-1,-4.13276584020132987e0,3.80112446888871773e2,3.80142455766257683e2,4.13275410691086176e0,3.80210834333695175e2,3.81445745051568167e2,-8.47207139079157636e-6,5.00000000000000000e0,4.99999999999999378e0,0.00000000000000000e0,2.88461419185577705e0,2.57594970010773450e0,5.00000000000000000e0,8.09856071093406626e-1,2.42956821328021988e0,2.20000271281279769e0,1.49999999999999716e1,1.41426113769049190e-7,1.93629458289379386e-6,1.31364995557880901e-22,-4.48789136345223647e-2,4.99999999499999936e-9,0.00000000000000000e0,0.00000000000000000e0,0.00000000000000000e0,1.04086116764467024e-1,5.01884242050858242e-1,1.38133539029294705e0,9.46485318420858448e1,3.81445745051567814e-10,1.38309394225753244e-9,5.00000000000000000e0,0.00000000000000000e0,5.00000000000000000e0,5.00000000000000000e0,4.55857116249944738e0,2.06638885065785782e0,2.06638886560350654e0,0.00000000000000000e0 right=row_index=26061972:5.68236036691927793e-1,9.37068168261207290e1,-9.41715015973124681e-1,-4.13276584006484882e0,3.80112446888871887e2,3.80142455766257797e2,4.13275410680398636e0,3.80210834333693583e2,3.81445745051564700e2,-8.47207141841478275e-6,5.00000000000000000e0,4.99999999999999378e0,0.00000000000000000e0,2.88461419185577617e0,2.57594970010724778e0,5.00000000000000000e0,8.09856626204918939e-1,2.42956987861475682e0,2.20000422079289004e0,1.49999999999999716e1,1.94502077982296345e-7,1.93629458300481616e-6,1.31356280441675044e-22,-4.48789136334536223e-2,4.99999999499999936e-9,0.00000000000000000e0,0.00000000000000000e0,0.00000000000000000e0,1.04086116764466205e-1,5.01884242050858020e-1,1.38133539029294594e0,9.46485318420938597e1,3.81445745051564350e-10,1.40331307032594474e-9,5.00000000000000000e0,0.00000000000000000e0,5.00000000000000000e0,5.00000000000000000e0,4.55857116238576054e0,2.06638890569094125e0,2.06638885145890017e0,0.00000000000000000e0
equal_group_time_s=5.68259276877527308e-1 threshold_crossing=false left=row_index=26063152:5.68259276877527197e-1,9.49352890427169172e1,-9.43720825236818994e-1,-4.20119804754574488e0,3.80104480435060054e2,3.80134488683515428e2,4.20118644488291171e0,3.80203857136994202e2,3.81440046859345330e2,-9.37138823438624624e-6,5.00000000000000000e0,4.99999999999999378e0,0.00000000000000000e0,2.88471254255900567e0,2.60192257713528985e0,5.00000000000000000e0,8.09854405758869689e-1,2.42956321727660907e0,2.19999818887252019e0,1.49999999999999716e1,-8.49217264832025408e-8,1.93993994834773531e-6,-3.70505237630659449e-29,-4.55484311927444110e-2,4.99999999499999936e-9,0.00000000000000000e0,0.00000000000000000e0,0.00000000000000000e0,1.04086116764493225e-1,5.01915025820968919e-1,1.38144933586040453e0,9.58790098679537408e1,3.81440046859344979e-10,1.26601765329311315e-9,5.00000000000000000e0,0.00000000000000000e0,5.00000000000000000e0,5.00000000000000000e0,4.62456356525156842e0,2.10060495569624184e0,2.10060490360352281e0,0.00000000000000000e0 group=row_index=26063153:5.68259276877527308e-1,9.49352890425688116e1,-9.43720825392888374e-1,-4.20119804732848934e0,3.80104480435060225e2,3.80134488683515599e2,4.20118644474338510e0,3.80203857136992269e2,3.81440046859340953e2,-9.37138826779679677e-6,5.00000000000000000e0,4.99999999999999378e0,0.00000000000000000e0,2.88471254255900611e0,2.60192257713464459e0,5.00000000000000000e0,8.09854960870382001e-1,2.42956488261114600e0,2.19999969685261254e0,1.49999999999999716e1,-1.53395629766096120e-8,1.93993994845875761e-6,-3.70473013335313262e-29,-4.55484311913491383e-2,4.99999999499999936e-9,0.00000000000000000e0,0.00000000000000000e0,0.00000000000000000e0,1.04086116764493031e-1,5.01915025820968919e-1,1.38144933586040519e0,9.58790098679616989e1,3.81440046859340533e-10,1.28178786752042147e-9,5.00000000000000000e0,0.00000000000000000e0,5.00000000000000000e0,5.00000000000000000e0,4.62456356511135436e0,2.10060486063376528e0,2.10060487836037346e0,0.00000000000000000e0;row_index=26063154:5.68259276877527308e-1,9.49352890423689644e1,-9.43720825592717860e-1,-4.20119804725436552e0,3.80104480435060282e2,3.80134488683515656e2,4.20118644467158653e0,3.80203857136991303e2,3.81440046859338736e2,-9.37138828427542296e-6,5.00000000000000000e0,4.99999999999999378e0,0.00000000000000000e0,2.88471254255900522e0,2.60192257713431285e0,5.00000000000000000e0,8.09854960870382001e-1,2.42956488261114600e0,2.19999969685261254e0,1.49999999999999716e1,2.04663922931589719e-8,1.93993994845875761e-6,-3.70456432280251115e-29,-4.55484311906311501e-2,4.99999999499999936e-9,0.00000000000000000e0,0.00000000000000000e0,0.00000000000000000e0,1.04086116764492961e-1,5.01915025820968808e-1,1.38144933586040386e0,9.58790098679616847e1,3.81440046859338310e-10,1.29929279091445291e-9,5.00000000000000000e0,0.00000000000000000e0,5.00000000000000000e0,5.00000000000000000e0,4.62456356504314225e0,2.10060487436628840e0,2.10060488681567792e0,0.00000000000000000e0 right=row_index=26063155:5.68259276877527419e-1,9.49352890422478453e1,-9.43720825717833556e-1,-4.20119804712908262e0,3.80104480435060339e2,3.80134488683515713e2,4.20118644458052426e0,3.80203857136989996e2,3.81440046859335894e2,-9.37138830657957923e-6,5.00000000000000000e0,4.99999999999999378e0,0.00000000000000000e0,2.88471254255900522e0,2.60192257713389230e0,5.00000000000000000e0,8.09855515981894314e-1,2.42956654794568294e0,2.20000120483270534e0,1.49999999999999716e1,6.58789971719142499e-8,1.93993994856977992e-6,-3.70435403636364266e-29,-4.55484311897205174e-2,4.99999999499999936e-9,0.00000000000000000e0,0.00000000000000000e0,0.00000000000000000e0,1.04086116764493100e-1,5.01915025820968586e-1,1.38144933586040364e0,9.58790098679656779e1,3.81440046859335518e-10,1.34219389834819280e-9,5.00000000000000000e0,0.00000000000000000e0,5.00000000000000000e0,5.00000000000000000e0,4.62456356495219278e0,2.10060491040576514e0,2.10060490057517590e0,0.00000000000000000e0
equal_group_time_s=5.73425537437441846e-1 threshold_crossing=false left=row_index=26329263:5.73425537437441735e-1,9.39832841109700610e1,-9.35502776922760848e-1,-3.92313376610263731e0,3.82756896492520866e2,3.82787114142243922e2,3.92312414448956215e0,3.82852447962980079e2,3.84083377421420266e2,-1.23942679061198013e-5,5.00000000000000000e0,4.99999999999999378e0,0.00000000000000000e0,2.88339711492644613e0,2.60896465589327953e0,5.00000000000000000e0,8.09854405758869689e-1,2.42956321727660907e0,2.19999818887252019e0,1.49999999999999716e1,-3.57092383498757714e-7,1.94305448808496095e-6,2.90302913325022932e-27,-4.28104202333150358e-2,4.99999999499999936e-9,0.00000000000000000e0,0.00000000000000000e0,0.00000000000000000e0,1.04086116764486772e-1,5.01503296971977819e-1,1.37992571789268270e0,9.49187868878928214e1,3.84083377421419840e-10,1.35710956043334564e-9,5.00000000000000000e0,0.00000000000000000e0,5.00000000000000000e0,5.00000000000000000e0,4.35558804907714148e0,1.96157418296505037e0,1.96157418467503275e0,0.00000000000000000e0 group=row_index=26329264:5.73425537437441846e-1,9.39832841106535000e1,-9.35502777235337146e-1,-3.92313376596194985e0,3.82756896492521093e2,3.82787114142244150e2,3.92312414433360024e0,3.82852447962977806e2,3.84083377421415207e2,-1.23942679434406404e-5,5.00000000000000000e0,4.99999999999999378e0,0.00000000000000000e0,2.88339711492644568e0,2.60896465589232207e0,5.00000000000000000e0,8.09854960870382001e-1,2.42956488261114600e0,2.19999969685261254e0,1.49999999999999716e1,-2.80245525023578755e-7,1.94305448819598325e-6,2.90275028579239953e-27,-4.28104202317555055e-2,4.99999999499999936e-9,0.00000000000000000e0,0.00000000000000000e0,0.00000000000000000e0,1.04086116764486911e-1,5.01503296971977597e-1,1.37992571789268204e0,9.49187868878888423e1,3.84083377421414774e-10,1.37528776125143686e-9,5.00000000000000000e0,0.00000000000000000e0,5.00000000000000000e0,5.00000000000000000e0,4.35558804891040108e0,1.96157413962294469e0,1.96157414875724423e0,0.00000000000000000e0;row_index=26329265:5.73425537437441846e-1,9.39832841098725140e1,-9.35502778016293224e-1,-3.92313376584957041e0,3.82756896492521207e2,3.82787114142244263e2,3.92312414426820677e0,3.82852447962976953e2,3.84083377421412990e2,-1.23942679611540679e-5,5.00000000000000000e0,4.99999999999999378e0,0.00000000000000000e0,2.88339711492644524e0,2.60896465589192106e0,5.00000000000000000e0,8.09854960870382001e-1,2.42956488261114600e0,2.19999969685261254e0,1.49999999999999716e1,-2.48024596043793419e-7,1.94305448819598325e-6,2.90263337650168633e-27,-4.28104202311016188e-2,4.99999999499999936e-9,0.00000000000000000e0,0.00000000000000000e0,0.00000000000000000e0,1.04086116764486855e-1,5.01503296971977486e-1,1.37992571789268181e0,9.49187868878888139e1,3.84083377421412602e-10,1.36331318303436259e-9,5.00000000000000000e0,0.00000000000000000e0,5.00000000000000000e0,5.00000000000000000e0,4.35558804884597883e0,1.96157415538392543e0,1.96157412663740205e0,0.00000000000000000e0;row_index=26329266:5.73425537437441846e-1,9.39832841107816677e1,-9.35502777107145578e-1,-3.92313376583541640e0,3.82756896492521321e2,3.82787114142244377e2,3.92312414418089705e0,3.82852447962975987e2,3.84083377421410034e2,-1.23942679833713592e-5,5.00000000000000000e0,4.99999999999999378e0,0.00000000000000000e0,2.88339711492644435e0,2.60896465589138549e0,5.00000000000000000e0,8.09854960870382001e-1,2.42956488261114600e0,2.19999969685261254e0,1.49999999999999716e1,-2.05004933464342320e-7,1.94305448819598325e-6,2.90247729280363999e-27,-4.28104202302285741e-2,4.99999999499999936e-9,0.00000000000000000e0,0.00000000000000000e0,0.00000000000000000e0,1.04086116764486744e-1,5.01503296971977264e-1,1.37992571789268070e0,9.49187868878888139e1,3.84083377421409655e-10,1.38103539329797195e-9,5.00000000000000000e0,0.00000000000000000e0,5.00000000000000000e0,5.00000000000000000e0,4.35558804877397687e0,1.96157419622248264e0,1.96157417936644918e0,0.00000000000000000e0 right=row_index=26329267:5.73425537437441957e-1,9.39832841107561734e1,-9.35502777124648466e-1,-3.92313376567932437e0,3.82756896492521378e2,3.82787114142244434e2,3.92312414400627896e0,3.82852447962973770e2,3.84083377421404464e2,-1.23942680232696654e-5,5.00000000000000000e0,4.99999999999999378e0,0.00000000000000000e0,2.88339711492644302e0,2.60896465589031301e0,5.00000000000000000e0,8.09855515981894314e-1,2.42956654794568294e0,2.20000120483270534e0,1.49999999999999716e1,-1.18965608709227611e-7,1.94305448830700556e-6,2.90216515058619971e-27,-4.28104202284824917e-2,4.99999999499999936e-9,0.00000000000000000e0,0.00000000000000000e0,0.00000000000000000e0,1.04086116764487077e-1,5.01503296971976598e-1,1.37992571789267893e0,9.49187868878808274e1,3.84083377421404072e-10,1.34846780200923527e-9,5.00000000000000000e0,0.00000000000000000e0,5.00000000000000000e0,5.00000000000000000e0,4.35558804862239413e0,1.96157414376897266e0,1.96157415137843927e0,0.00000000000000000e0
equal_group_time_s=5.73448752778621396e-1 threshold_crossing=false left=row_index=26330445:5.73448752778621285e-1,9.27510637428692633e1,-9.32889088220795526e-1,-3.83601328330723845e0,3.82748112182086800e2,3.82778329138311676e2,3.83600355417724614e0,3.82842375189709742e2,3.84071620256440383e2,-4.09371132274168372e-6,5.00000000000000000e0,4.99999999999999378e0,0.00000000000000000e0,2.88331533588220612e0,2.57889556315227519e0,5.00000000000000000e0,8.09854960870382001e-1,2.42956488261114600e0,2.19999969685261254e0,1.49999999999999716e1,4.47043192296285822e-7,1.92185543357314970e-6,-1.32862681856716201e-22,-4.19536139047113482e-2,4.99999999499999936e-9,0.00000000000000000e0,0.00000000000000000e0,0.00000000000000000e0,1.04086116764474337e-1,5.01477700131130577e-1,1.37983102358463872e0,9.36839528310900533e1,3.84071620256439977e-10,1.38062919792181042e-9,5.00000000000000000e0,0.00000000000000000e0,5.00000000000000000e0,5.00000000000000000e0,4.26973675987104251e0,1.91801400375393505e0,1.91801398781939891e0,0.00000000000000000e0 group=row_index=26330446:5.73448752778621396e-1,9.27510637422755053e1,-9.32889088806510669e-1,-3.83601328317462276e0,3.82748112182086857e2,3.82778329138311733e2,3.83600355403356730e0,3.82842375189707639e2,3.84071620256435608e2,-4.09371136472801001e-6,5.00000000000000000e0,4.99999999999999378e0,0.00000000000000000e0,2.88331533588220612e0,2.57889556315139767e0,5.00000000000000000e0,8.09855515981894314e-1,2.42956654794568294e0,2.20000120483270534e0,1.49999999999999716e1,5.17550693577031982e-7,1.92185543368417200e-6,-1.32850972602369896e-22,-4.19536139032747057e-2,4.99999999499999936e-9,0.00000000000000000e0,0.00000000000000000e0,0.00000000000000000e0,1.04086116764474323e-1,5.01477700131130577e-1,1.37983102358463872e0,9.36839528310820100e1,3.84071620256435221e-10,1.35507811620934697e-9,5.00000000000000000e0,0.00000000000000000e0,5.00000000000000000e0,5.00000000000000000e0,4.26973675972703859e0,1.91801396058808726e0,1.91801397926969108e0,0.00000000000000000e0;row_index=26330447:5.73448752778621396e-1,9.27510637420062523e1,-9.32889089075786826e-1,-3.83601328308867551e0,3.82748112182086800e2,3.82778329138311676e2,3.83600355395753878e0,3.82842375189706729e2,3.84071620256433164e2,-4.09371138672051745e-6,5.00000000000000000e0,4.99999999999999378e0,0.00000000000000000e0,2.88331533588220568e0,2.57889556315093404e0,5.00000000000000000e0,8.09855515981894314e-1,2.42956654794568294e0,2.20000120483270534e0,1.49999999999999716e1,5.54860053494399275e-7,1.92185543368417200e-6,-1.32844777015505197e-22,-4.19536139025144875e-2,4.99999999499999936e-9,0.00000000000000000e0,0.00000000000000000e0,0.00000000000000000e0,1.04086116764473935e-1,5.01477700131130355e-1,1.37983102358463827e0,9.36839528310820384e1,3.84071620256432739e-10,1.37622537288057518e-9,5.00000000000000000e0,0.00000000000000000e0,5.00000000000000000e0,5.00000000000000000e0,4.26973675967019517e0,1.91801402492288786e0,1.91801398235037834e0,0.00000000000000000e0 right=row_index=26330448:5.73448752778621507e-1,9.27510637416325778e1,-9.32889089445443132e-1,-3.83601328301642752e0,3.82748112182086743e2,3.82778329138311619e2,3.83600355386495329e0,3.82842375189705706e2,3.84071620256430151e2,-4.09371141241303251e-6,5.00000000000000000e0,4.99999999999999378e0,0.00000000000000000e0,2.88331533588220479e0,2.57889556315036916e0,5.00000000000000000e0,8.09856071093406626e-1,2.42956821328021988e0,2.20000271281279769e0,1.49999999999999716e1,6.00294360740871844e-7,1.92185543379519430e-6,-1.32837232591217128e-22,-4.19536139015887211e-2,4.99999999499999936e-9,0.00000000000000000e0,0.00000000000000000e0,0.00000000000000000e0,1.04086116764473699e-1,5.01477700131130022e-1,1.37983102358463716e0,9.36839528310780167e1,3.84071620256429793e-10,1.39200544617820867e-9,5.00000000000000000e0,0.00000000000000000e0,5.00000000000000000e0,5.00000000000000000e0,4.26973675960577292e0,1.91801403438077256e0,1.91801401093506318e0,0.00000000000000000e0
equal_group_time_s=5.76585694349402988e-1 threshold_crossing=false left=row_index=26475109:5.76585694349402877e-1,-2.20450496782978300e0,9.33091016919274807e1,4.20566578948871328e0,3.80437653658600652e2,3.80467688210205210e2,4.20565413705225843e0,3.80537128320794011e2,3.81773401207916606e2,-5.59210335265337293e-6,5.00000000000000000e0,4.99999999999999378e0,0.00000000000000000e0,2.88534391871113671e0,2.58765037888150662e0,5.00000000000000000e0,8.09855515981894314e-1,2.42956654794568294e0,2.20000120483270534e0,1.49999999999999716e1,2.80446016109397694e-7,1.93049461583161275e-6,-1.88706660979196713e-27,-4.56016079594553508e-2,4.99999999499999936e-9,0.00000000000000000e0,0.00000000000000000e0,0.00000000000000000e0,1.04086116764474865e-1,5.02112646556585829e-1,1.38218093735460612e0,-9.55136066597572579e1,3.81773401207916198e-10,1.29959438117286862e-9,5.00000000000000000e0,0.00000000000000000e0,5.00000000000000000e0,5.00000000000000000e0,4.62934070592003444e0,2.10283875104916262e0,2.10283874998563514e0,0.00000000000000000e0 group=row_index=26475110:5.76585694349402988e-1,-2.20450496782733651e0,9.33091016919339182e1,4.20566578937269764e0,3.80437653658600937e2,3.80467688210205495e2,4.20565413690716472e0,3.80537128320792135e2,3.81773401207911775e2,-5.59210339395409211e-6,5.00000000000000000e0,4.99999999999999378e0,0.00000000000000000e0,2.88534391871113760e0,2.58765037888087290e0,5.00000000000000000e0,8.09856071093406626e-1,2.42956821328021988e0,2.20000271281279769e0,1.49999999999999716e1,3.52629500247914038e-7,1.93049461594263505e-6,-1.88689634866018315e-27,-4.56016079580044281e-2,4.99999999499999936e-9,0.00000000000000000e0,0.00000000000000000e0,0.00000000000000000e0,1.04086116764474754e-1,5.02112646556586051e-1,1.38218093735460679e0,-9.55136066597612512e1,3.81773401207911390e-10,1.31952981794227668e-9,5.00000000000000000e0,0.00000000000000000e0,5.00000000000000000e0,5.00000000000000000e0,4.62934070577603052e0,2.10283883395660665e0,2.10283877710517730e0,0.00000000000000000e0;row_index=26475111:5.76585694349402988e-1,-2.20450496969789844e0,9.33091016900633718e1,4.20566578922957746e0,3.80437653658600993e2,3.80467688210205552e2,4.20565413683027600e0,3.80537128320791226e2,3.81773401207909330e2,-5.59210341364178648e-6,5.00000000000000000e0,4.99999999999999378e0,0.00000000000000000e0,2.88534391871113760e0,2.58765037888053628e0,5.00000000000000000e0,8.09856071093406626e-1,2.42956821328021988e0,2.20000271281279769e0,1.49999999999999716e1,3.90880819527162307e-7,1.93049461594263505e-6,-1.88680613046818997e-27,-4.56016079572355501e-2,4.99999999499999936e-9,0.00000000000000000e0,0.00000000000000000e0,0.00000000000000000e0,1.04086116764475392e-1,5.02112646556586051e-1,1.38218093735460679e0,-9.55136066597612654e1,3.81773401207908909e-10,1.33051196727770753e-9,5.00000000000000000e0,0.00000000000000000e0,5.00000000000000000e0,5.00000000000000000e0,4.62934070571160827e0,2.10283873193945281e0,2.10283874529956627e0,0.00000000000000000e0 right=row_index=26475112:5.76585694349403100e-1,-2.20450496794443174e0,9.33091016918247931e1,4.20566578909390909e0,3.80437653658600937e2,3.80467688210205495e2,4.20565413673128941e0,3.80537128320789975e2,3.81773401207906204e2,-5.59210344002170351e-6,5.00000000000000000e0,4.99999999999999378e0,0.00000000000000000e0,2.88534391871113760e0,2.58765037888010285e0,5.00000000000000000e0,8.09856626204918939e-1,2.42956987861475682e0,2.20000422079289004e0,1.49999999999999716e1,4.40125705296885520e-7,1.93049461605365735e-6,-1.88668998959487841e-27,-4.56016079562457030e-2,4.99999999499999936e-9,0.00000000000000000e0,0.00000000000000000e0,0.00000000000000000e0,1.04086116764475628e-1,5.02112646556586162e-1,1.38218093735460679e0,-9.55136066597692235e1,3.81773401207905859e-10,1.33455102981060764e-9,5.00000000000000000e0,0.00000000000000000e0,5.00000000000000000e0,5.00000000000000000e0,4.62934070563202749e0,2.10283871921188181e0,2.10283873508576713e0,0.00000000000000000e0
equal_group_time_s=5.76593442769343101e-1 threshold_crossing=false left=row_index=26475510:5.76593442769342990e-1,-2.22136369933835987e0,9.37015909341916284e1,4.25692051566482377e0,3.80435035444439336e2,3.80465069789342806e2,4.25690890749749773e0,3.80535263865402783e2,3.81772487933939317e2,-6.53039481650811984e-6,5.00000000000000000e0,4.99999999999999378e0,0.00000000000000000e0,2.88537679994769070e0,2.60007676460218429e0,5.00000000000000000e0,8.09855515981894314e-1,2.42956654794568294e0,2.20000120483270534e0,1.49999999999999716e1,1.69092227343530933e-7,1.93340114451601153e-6,3.19257327474525637e-27,-4.61093874550613306e-2,4.99999999499999936e-9,0.00000000000000000e0,0.00000000000000000e0,0.00000000000000000e0,1.04086116764472922e-1,5.02122938383627204e-1,1.38221904350043001e0,-9.59229546335299830e1,3.81772487933938983e-10,1.23225194429427829e-9,5.00000000000000000e0,0.00000000000000000e0,5.00000000000000000e0,5.00000000000000000e0,4.67960507066512399e0,2.12846611622033244e0,2.12846607086692385e0,0.00000000000000000e0 group=row_index=26475511:5.76593442769343101e-1,-2.22136369814739565e0,9.37015909353905840e1,4.25692051550233685e0,3.80435035444439507e2,3.80465069789342976e2,4.25690890738295202e0,3.80535263865401248e2,3.81772487933935565e2,-6.53039484688461699e-6,5.00000000000000000e0,4.99999999999999378e0,0.00000000000000000e0,2.88537679994769025e0,2.60007676460169224e0,5.00000000000000000e0,8.09856071093406626e-1,2.42956821328021988e0,2.20000271281279769e0,1.49999999999999716e1,2.26155144292423986e-7,1.93340114462703383e-6,3.19234556092469299e-27,-4.61093874539158788e-2,4.99999999499999936e-9,0.00000000000000000e0,0.00000000000000000e0,0.00000000000000000e0,1.04086116764473241e-1,5.02122938383626982e-1,1.38221904350042957e0,-9.59229546335379837e1,3.81772487933935158e-10,1.27350905901353008e-9,5.00000000000000000e0,0.00000000000000000e0,5.00000000000000000e0,5.00000000000000000e0,4.67960507055143715e0,2.12846618386058628e0,2.12846611259899410e0,0.00000000000000000e0;row_index=26475512:5.76593442769343101e-1,-2.22136369767097319e0,9.37015909358669887e1,4.25692051535261573e0,3.80435035444439563e2,3.80465069789343033e2,4.25690890732154337e0,3.80535263865400395e2,3.81772487933933689e2,-6.53039486216494058e-6,5.00000000000000000e0,4.99999999999999378e0,0.00000000000000000e0,2.88537679994769025e0,2.60007676460142800e0,5.00000000000000000e0,8.09856071093406626e-1,2.42956821328021988e0,2.20000271281279769e0,1.49999999999999716e1,2.56746623788934109e-7,1.93340114462703383e-6,3.19222349003445801e-27,-4.61093874533018006e-2,4.99999999499999936e-9,0.00000000000000000e0,0.00000000000000000e0,0.00000000000000000e0,1.04086116764473588e-1,5.02122938383626982e-1,1.38221904350042935e0,-9.59229546335379553e1,3.81772487933933348e-10,1.30652333335240906e-9,5.00000000000000000e0,0.00000000000000000e0,5.00000000000000000e0,5.00000000000000000e0,4.67960507049080388e0,2.12846613043989707e0,2.12846607448398473e0,0.00000000000000000e0;row_index=26475513:5.76593442769343101e-1,-2.22136370147202333e0,9.37015909320659404e1,4.25692051539777605e0,3.80435035444439734e2,3.80465069789343204e2,4.25690890724439619e0,3.80535263865399372e2,3.81772487933931188e2,-6.53039488269975429e-6,5.00000000000000000e0,4.99999999999999378e0,0.00000000000000000e0,2.88537679994769025e0,2.60007676460109671e0,5.00000000000000000e0,8.09856071093406626e-1,2.42956821328021988e0,2.20000271281279769e0,1.49999999999999716e1,2.95178401957181267e-7,1.93340114462703383e-6,3.19207014017746286e-27,-4.61093874525303482e-2,4.99999999499999936e-9,0.00000000000000000e0,0.00000000000000000e0,0.00000000000000000e0,1.04086116764473505e-1,5.02122938383626982e-1,1.38221904350042935e0,-9.59229546335379695e1,3.81772487933930763e-10,1.31235351435155840e-9,5.00000000000000000e0,0.00000000000000000e0,5.00000000000000000e0,5.00000000000000000e0,4.67960507041122309e0,2.12846616074898431e0,2.12846605585594162e0,0.00000000000000000e0 right=row_index=26475514:5.76593442769343212e-1,-2.22136369914228915e0,9.37015909343996327e1,4.25692051526575010e0,3.80435035444440018e2,3.80465069789343488e2,4.25690890709010450e0,3.80535263865397440e2,3.81772487933926129e2,-6.53039492739405677e-6,5.00000000000000000e0,4.99999999999999378e0,0.00000000000000000e0,2.88537679994769070e0,2.60007676460043546e0,5.00000000000000000e0,8.09856626204918939e-1,2.42956987861475682e0,2.20000422079289004e0,1.49999999999999716e1,3.72041957971420735e-7,1.93340114473805613e-6,3.19176346256306661e-27,-4.61093874509874366e-2,4.99999999499999936e-9,0.00000000000000000e0,0.00000000000000000e0,0.00000000000000000e0,1.04086116764472825e-1,5.02122938383627093e-1,1.38221904350043001e0,-9.59229546335419201e1,3.81772487933925800e-10,1.28060214457922464e-9,5.00000000000000000e0,0.00000000000000000e0,5.00000000000000000e0,5.00000000000000000e0,4.67960507026343020e0,2.12846608521019487e0,2.12846609618327465e0,0.00000000000000000e0
equal_group_time_s=5.76601201313038714e-1 threshold_crossing=false left=row_index=26475919:5.76601201313038603e-1,-2.23601366206142504e0,9.40960036904636468e1,4.30147394676982753e0,3.80432483404727520e2,3.80462517548154153e2,4.30146238233071188e0,3.80533378248851193e2,3.81771424867641201e2,-1.14601784386052820e-5,5.00000000000000000e0,4.99999999999999378e0,0.00000000000000000e0,2.88540977098163243e0,2.61379209831983417e0,5.00000000000000000e0,8.09853295535845064e-1,2.42955988660753519e0,2.19999517291233504e0,1.49999999999999716e1,-2.92701002468291432e-7,1.94643142881201214e-6,-1.12401030822771734e-24,-4.65502091806624940e-2,4.99999999499999936e-9,0.00000000000000000e0,0.00000000000000000e0,0.00000000000000000e0,1.04086116764472533e-1,5.02133258317251086e-1,1.38225725424009926e0,-9.63320173525250709e1,3.81771424867640819e-10,1.25673762875919655e-9,5.00000000000000000e0,0.00000000000000000e0,5.00000000000000000e0,5.00000000000000000e0,4.72404671313597646e0,2.15074283521264142e0,2.15074279840636917e0,0.00000000000000000e0 group=row_index=26475920:5.76601201313038714e-1,-2.23601366260453149e0,9.40960036899245154e1,4.30147394666451266e0,3.80432483404727577e2,3.80462517548154210e2,4.30146238220692823e0,3.80533378248849544e2,3.81771424867637279e2,-1.14601784683864217e-5,5.00000000000000000e0,4.99999999999999378e0,0.00000000000000000e0,2.88540977098163287e0,2.61379209831930570e0,5.00000000000000000e0,8.09853850647357376e-1,2.42956155194207213e0,2.19999668089242784e0,1.49999999999999716e1,-2.30951916884066315e-7,1.94643142892303445e-6,-1.12392355331059146e-24,-4.65502091794246231e-2,4.99999999499999936e-9,0.00000000000000000e0,0.00000000000000000e0,0.00000000000000000e0,1.04086116764472783e-1,5.02133258317251197e-1,1.38225725424009993e0,-9.63320173525290500e1,3.81771424867636942e-10,1.29684505159920730e-9,5.00000000000000000e0,0.00000000000000000e0,5.00000000000000000e0,5.00000000000000000e0,4.72404671302228962e0,2.15074281368740738e0,2.15074278244421713e0,0.00000000000000000e0;row_index=26475921:5.76601201313038714e-1,-2.23601366184674255e0,9.40960036906822950e1,4.30147394647988435e0,3.80432483404727634e2,3.80462517548154267e2,4.30146238214077581e0,3.80533378248848692e2,3.81771424867635176e2,-1.14601784836671468e-5,5.00000000000000000e0,4.99999999999999378e0,0.00000000000000000e0,2.88540977098163287e0,2.61379209831902326e0,5.00000000000000000e0,8.09853850647357376e-1,2.42956155194207213e0,2.19999668089242784e0,1.49999999999999716e1,-1.97951816627987043e-7,1.94643142892303445e-6,-1.12387719227686949e-24,-4.65502091787630759e-2,4.99999999499999936e-9,0.00000000000000000e0,0.00000000000000000e0,0.00000000000000000e0,1.04086116764472367e-1,5.02133258317251197e-1,1.38225725424009993e0,-9.63320173525290357e1,3.81771424867634822e-10,1.31697231969447903e-9,5.00000000000000000e0,0.00000000000000000e0,5.00000000000000000e0,5.00000000000000000e0,4.72404671296165724e0,2.15074280038676990e0,2.15074280987777122e0,0.00000000000000000e0;row_index=26475922:5.76601201313038714e-1,-2.23601366170864235e0,9.40960036908204103e1,4.30147394649173354e0,3.80432483404727634e2,3.80462517548154267e2,4.30146238205696907e0,3.80533378248847555e2,3.81771424867632447e2,-1.14601785042392308e-5,5.00000000000000000e0,4.99999999999999378e0,0.00000000000000000e0,2.88540977098163243e0,2.61379209831866488e0,5.00000000000000000e0,8.09853850647357376e-1,2.42956155194207213e0,2.19999668089242784e0,1.49999999999999716e1,-1.56144266298533199e-7,1.94643142892303445e-6,-1.12381846061783798e-24,-4.65502091779249616e-2,4.99999999499999936e-9,0.00000000000000000e0,0.00000000000000000e0,0.00000000000000000e0,1.04086116764471590e-1,5.02133258317250974e-1,1.38225725424009926e0,-9.63320173525290500e1,3.81771424867632031e-10,1.28063172793063462e-9,5.00000000000000000e0,0.00000000000000000e0,5.00000000000000000e0,5.00000000000000000e0,4.72404671288586542e0,2.15074284305588970e0,2.15074278082904247e0,0.00000000000000000e0 right=row_index=26475923:5.76601201313038825e-1,-2.23601366270984814e0,9.40960036898271142e1,4.30147394635870217e0,3.80432483404727748e2,3.80462517548154381e2,4.30146238188935204e0,3.80533378248845111e2,3.81771424867626934e2,-1.14601785465621706e-5,5.00000000000000000e0,4.99999999999999378e0,0.00000000000000000e0,2.88540977098163198e0,2.61379209831794901e0,5.00000000000000000e0,8.09854405758869689e-1,2.42956321727660907e0,2.19999818887252019e0,1.49999999999999716e1,-7.25291660209793456e-8,1.94643142903405675e-6,-1.12370100650714522e-24,-4.65502091762487538e-2,4.99999999499999936e-9,0.00000000000000000e0,0.00000000000000000e0,0.00000000000000000e0,1.04086116764472034e-1,5.02133258317250974e-1,1.38225725424009882e0,-9.63320173525369654e1,3.81771424867626602e-10,1.29031262740861767e-9,5.00000000000000000e0,0.00000000000000000e0,5.00000000000000000e0,5.00000000000000000e0,4.72404671271533516e0,2.15074278294650956e0,2.15074277171300077e0,0.00000000000000000e0
equal_group_time_s=5.81767450444855450e-1 threshold_crossing=false left=row_index=26742177:5.81767450444855339e-1,-2.08605401184600758e0,9.23772182398830211e1,3.84606375909278331e0,3.83074813753384035e2,3.83105056501838192e2,3.84605408361870582e0,3.83169259809074447e2,3.84398700130309351e2,-1.06017381696338393e-5,5.00000000000000000e0,4.99999999999999378e0,0.00000000000000000e0,2.88408240536098948e0,2.59356624922444601e0,5.00000000000000000e0,8.09854405758869689e-1,2.42956321727660907e0,2.19999818887252019e0,1.49999999999999716e1,-1.77603714929053214e-7,1.93811787074782416e-6,3.93013969099248025e-26,-4.20487650109543018e-2,4.99999999499999936e-9,0.00000000000000000e0,0.00000000000000000e0,0.00000000000000000e0,1.04086116764477168e-1,5.01717792877989788e-1,1.38071936309662369e0,-9.44632722517290233e1,3.84398700130309004e-10,1.33383827882973569e-9,5.00000000000000000e0,0.00000000000000000e0,5.00000000000000000e0,5.00000000000000000e0,4.28022048241700759e0,1.92303928301730220e0,1.92303925755887040e0,0.00000000000000000e0 group=row_index=26742178:5.81767450444855450e-1,-2.08605401070361340e0,9.23772182410214242e1,3.84606375892303820e0,3.83074813753384205e2,3.83105056501838362e2,3.84605408347217548e0,3.83169259809072514e2,3.84398700130304690e2,-1.06017382050772639e-5,5.00000000000000000e0,4.99999999999999378e0,0.00000000000000000e0,2.88408240536098948e0,2.59356624922352319e0,5.00000000000000000e0,8.09854960870382001e-1,2.42956488261114600e0,2.19999969685261254e0,1.49999999999999716e1,-1.05586698796428401e-7,1.93811787085884646e-6,3.92978591073035405e-26,-4.20487650094891127e-2,4.99999999499999936e-9,0.00000000000000000e0,0.00000000000000000e0,0.00000000000000000e0,1.04086116764476710e-1,5.01717792877989788e-1,1.38071936309662369e0,-9.44632722517250443e1,3.84398700130304351e-10,1.33664333010287541e-9,5.00000000000000000e0,0.00000000000000000e0,5.00000000000000000e0,5.00000000000000000e0,4.28022048227679441e0,1.92303924074269750e0,1.92303925684364008e0,0.00000000000000000e0;row_index=26742179:5.81767450444855450e-1,-2.08605401197467355e0,9.23772182397503627e1,3.84606375883684493e0,3.83074813753384262e2,3.83105056501838419e2,3.84605408340587607e0,3.83169259809071718e2,3.84398700130302529e2,-1.06017382222185985e-5,5.00000000000000000e0,4.99999999999999378e0,0.00000000000000000e0,2.88408240536098903e0,2.59356624922310486e0,5.00000000000000000e0,8.09854960870382001e-1,2.42956488261114600e0,2.19999969685261254e0,1.49999999999999716e1,-7.30019042764544446e-8,1.93811787085884646e-6,3.92962584989781635e-26,-4.20487650088261639e-2,4.99999999499999936e-9,0.00000000000000000e0,0.00000000000000000e0,0.00000000000000000e0,1.04086116764476586e-1,5.01717792877989677e-1,1.38071936309662302e0,-9.44632722517250301e1,3.84398700130302128e-10,1.32134598355580551e-9,5.00000000000000000e0,0.00000000000000000e0,5.00000000000000000e0,5.00000000000000000e0,4.28022048221995099e0,1.92303926505878264e0,1.92303927671105535e0,0.00000000000000000e0;row_index=26742180:5.81767450444855450e-1,-2.08605401065338869e0,9.23772182410716454e1,3.84606375876698792e0,3.83074813753384376e2,3.83105056501838533e2,3.84605408331961618e0,3.83169259809070581e2,3.84398700130299630e2,-1.06017382458163248e-5,5.00000000000000000e0,4.99999999999999378e0,0.00000000000000000e0,2.88408240536098814e0,2.59356624922256085e0,5.00000000000000000e0,8.09854960870382001e-1,2.42956488261114600e0,2.19999969685261254e0,1.49999999999999716e1,-3.06073430322220110e-8,1.93811787085884646e-6,3.92941761194811761e-26,-4.20487650079636038e-2,4.99999999499999936e-9,0.00000000000000000e0,0.00000000000000000e0,0.00000000000000000e0,1.04086116764476197e-1,5.01717792877989344e-1,1.38071936309662213e0,-9.44632722517250301e1,3.84398700130299233e-10,1.31685857731795457e-9,5.00000000000000000e0,0.00000000000000000e0,5.00000000000000000e0,5.00000000000000000e0,4.28022048213658035e0,1.92303926415157744e0,1.92303922374286351e0,0.00000000000000000e0 right=row_index=26742181:5.81767450444855561e-1,-2.08605401099136589e0,9.23772182407256537e1,3.84606375855700211e0,3.83074813753384603e2,3.83105056501838760e2,3.84605408314709729e0,3.83169259809068137e2,3.84398700130293832e2,-1.06017382916346866e-5,5.00000000000000000e0,4.99999999999999378e0,0.00000000000000000e0,2.88408240536098859e0,2.59356624922147327e0,5.00000000000000000e0,8.09855515981894314e-1,2.42956654794568294e0,2.20000120483270534e0,1.49999999999999716e1,5.41817790641045461e-8,1.93811787096986876e-6,3.92900116915255583e-26,-4.20487650062385115e-2,4.99999999499999936e-9,0.00000000000000000e0,0.00000000000000000e0,0.00000000000000000e0,1.04086116764475836e-1,5.01717792877989344e-1,1.38071936309662258e0,-9.44632722517170151e1,3.84398700130293442e-10,1.27489187472667523e-9,5.00000000000000000e0,0.00000000000000000e0,5.00000000000000000e0,5.00000000000000000e0,4.28022048195847127e0,1.92303927117398654e0,1.92303922904990321e0,0.00000000000000000e0
equal_group_time_s=5.84919875805479661e-1 threshold_crossing=false left=row_index=26887884:5.84919875805479550e-1,9.46137453286437591e1,-9.44707324870019849e-1,-4.23498471345675398e0,3.80755106785531666e2,3.80785166399225204e2,4.23497305525887224e0,3.80855058927319590e2,3.82091876563391395e2,-9.26278486454219914e-6,5.00000000000000000e0,4.99999999999999378e0,0.00000000000000000e0,2.88605885700339249e0,2.59104430132948593e0,5.00000000000000000e0,8.09852740424332751e-1,2.42955822127299825e0,2.19999366493224269e0,1.49999999999999716e1,-5.40658202388500014e-8,1.93952007288000772e-6,2.25240479283573463e-27,-4.58983603104904936e-2,4.99999999499999936e-9,0.00000000000000000e0,0.00000000000000000e0,0.00000000000000000e0,1.04086116764471673e-1,5.02336422242061875e-1,1.38300959955260572e0,9.55584526535137826e1,3.82091876563391002e-10,1.25606257829494234e-9,5.00000000000000000e0,0.00000000000000000e0,5.00000000000000000e0,5.00000000000000000e0,4.65950187295902651e0,2.11749821311727038e0,2.11749820927532273e0,0.00000000000000000e0 group=row_index=26887885:5.84919875805479661e-1,9.46137453290390340e1,-9.44707324478723853e-1,-4.23498471320601766e0,3.80755106785531780e2,3.80785166399225318e2,4.23497305509678590e0,3.80855058927317430e2,3.82091876563386450e2,-9.26278490412783161e-6,5.00000000000000000e0,4.99999999999999378e0,0.00000000000000000e0,2.88605885700339337e0,2.59104430132879449e0,5.00000000000000000e0,8.09853295535845064e-1,2.42955988660753519e0,2.19999517291233504e0,1.49999999999999716e1,2.64923708818387706e-8,1.93952007299103002e-6,2.25217799217265880e-27,-4.58983603088696096e-2,4.99999999499999936e-9,0.00000000000000000e0,0.00000000000000000e0,0.00000000000000000e0,1.04086116764471548e-1,5.02336422242062208e-1,1.38300959955260683e0,9.55584526535177616e1,3.82091876563386091e-10,1.23154596414894372e-9,5.00000000000000000e0,0.00000000000000000e0,5.00000000000000000e0,5.00000000000000000e0,4.65950187280744466e0,2.11749820969352109e0,2.11749819842013665e0,0.00000000000000000e0;row_index=26887886:5.84919875805479661e-1,9.46137453290293422e1,-9.44707324488409550e-1,-4.23498471314962899e0,3.80755106785531837e2,3.80785166399225375e2,4.23497305501151100e0,3.80855058927316293e2,3.82091876563383835e2,-9.26278492381001772e-6,5.00000000000000000e0,4.99999999999999378e0,0.00000000000000000e0,2.88605885700339426e0,2.59104430132843033e0,5.00000000000000000e0,8.09853295535845064e-1,2.42955988660753519e0,2.19999517291233504e0,1.49999999999999716e1,6.88747449487109650e-8,1.93952007299103002e-6,2.25205867951335666e-27,-4.58983603080168404e-2,4.99999999499999936e-9,0.00000000000000000e0,0.00000000000000000e0,0.00000000000000000e0,1.04086116764471645e-1,5.02336422242062430e-1,1.38300959955260772e0,9.55584526535177474e1,3.82091876563383506e-10,1.21952484973031104e-9,5.00000000000000000e0,0.00000000000000000e0,5.00000000000000000e0,5.00000000000000000e0,4.65950187272786387e0,2.11749825969406080e0,2.11749819828703822e0,0.00000000000000000e0 right=row_index=26887887:5.84919875805479772e-1,9.46137453284809737e1,-9.44707325044734425e-1,-4.23498471304588975e0,3.80755106785531893e2,3.80785166399225432e2,4.23497305490054554e0,3.80855058927314815e2,3.82091876563380310e2,-9.26278495159536316e-6,5.00000000000000000e0,4.99999999999999378e0,0.00000000000000000e0,2.88605885700339471e0,2.59104430132795649e0,5.00000000000000000e0,8.09853850647357376e-1,2.42956155194207213e0,2.19999668089242784e0,1.49999999999999716e1,1.24025511975325591e-7,1.93952007310205232e-6,2.25190343140038023e-27,-4.58983603069071724e-2,4.99999999499999936e-9,0.00000000000000000e0,0.00000000000000000e0,0.00000000000000000e0,1.04086116764471132e-1,5.02336422242062652e-1,1.38300959955260816e0,9.55584526535257055e1,3.82091876563379990e-10,1.20725946904638477e-9,5.00000000000000000e0,0.00000000000000000e0,5.00000000000000000e0,5.00000000000000000e0,4.65950187262554572e0,2.11749822204384008e0,2.11749823097071932e0,0.00000000000000000e0
equal_group_time_s=5.93246301544144372e-1 threshold_crossing=false left=row_index=27299990:5.93246301544144261e-1,-2.18397665905180682e0,9.30089408606263106e1,4.14327832014133879e0,3.81064711969225300e2,3.81094796025433368e2,4.14326660909441280e0,3.81163343019132924e2,3.82398450854624684e2,-9.27507729635665948e-6,5.00000000000000000e0,4.99999999999999378e0,0.00000000000000000e0,2.88669804473786762e0,2.58024792610384290e0,5.00000000000000000e0,8.09854405758869689e-1,2.42956321727660907e0,2.19999818887252019e0,1.49999999999999716e1,-6.85783046223391257e-8,1.93834152939498239e-6,-2.68473046490001839e-22,-4.49891017926430936e-2,4.99999999499999936e-9,0.00000000000000000e0,0.00000000000000000e0,0.00000000000000000e0,1.04086116764484399e-1,5.02536488002952586e-1,1.38375067194932178e0,-9.51929175196781188e1,3.82398450854624258e-10,1.23297717546889286e-9,5.00000000000000000e0,0.00000000000000000e0,5.00000000000000000e0,5.00000000000000000e0,4.56979957997039854e0,2.07164513401042560e0,2.07164510377503452e0,0.00000000000000000e0 group=row_index=27299991:5.93246301544144372e-1,-2.18397665985651868e0,9.30089408598255716e1,4.14327831995852947e0,3.81064711969225527e2,3.81094796025433595e2,4.14326660895444476e0,3.81163343019131105e2,3.82398450854620194e2,-9.27507733212025906e-6,5.00000000000000000e0,4.99999999999999378e0,0.00000000000000000e0,2.88669804473786762e0,2.58024792610319986e0,5.00000000000000000e0,8.09854960870382001e-1,2.42956488261114600e0,2.19999969685261254e0,1.49999999999999716e1,8.34079742289068860e-10,1.93834152950600469e-6,-2.68449753306403872e-22,-4.49891017912434077e-2,4.99999999499999936e-9,0.00000000000000000e0,0.00000000000000000e0,0.00000000000000000e0,1.04086116764483122e-1,5.02536488002952475e-1,1.38375067194932178e0,-9.51929175196820836e1,3.82398450854619863e-10,1.25388428722745550e-9,5.00000000000000000e0,0.00000000000000000e0,5.00000000000000000e0,5.00000000000000000e0,4.56979957983397433e0,2.07164514247243980e0,2.07164510650246170e0,0.00000000000000000e0;row_index=27299992:5.93246301544144372e-1,-2.18397665869785085e0,9.30089408609842394e1,4.14327831991020901e0,3.81064711969225527e2,3.81094796025433595e2,4.14326660888252363e0,3.81163343019130366e2,3.82398450854618034e2,-9.27507734991197267e-6,5.00000000000000000e0,4.99999999999999378e0,0.00000000000000000e0,2.88669804473786762e0,2.58024792610286902e0,5.00000000000000000e0,8.09854960870382001e-1,2.42956488261114600e0,2.19999969685261254e0,1.49999999999999716e1,3.65003748328386233e-8,1.93834152950600469e-6,-2.68437785312350645e-22,-4.49891017905241913e-2,4.99999999499999936e-9,0.00000000000000000e0,0.00000000000000000e0,0.00000000000000000e0,1.04086116764482747e-1,5.02536488002952586e-1,1.38375067194932155e0,-9.51929175196820836e1,3.82398450854617640e-10,1.21432897703389668e-9,5.00000000000000000e0,0.00000000000000000e0,5.00000000000000000e0,5.00000000000000000e0,4.56979957978470974e0,2.07164504308918573e0,2.07164506235660539e0,0.00000000000000000e0 right=row_index=27299993:5.93246301544144483e-1,-2.18397666007522551e0,9.30089408596148672e1,4.14327831981081474e0,3.81064711969225471e2,3.81094796025433538e2,4.14326660879128550e0,3.81163343019129286e2,3.82398450854615305e2,-9.27507737141936909e-6,5.00000000000000000e0,4.99999999999999378e0,0.00000000000000000e0,2.88669804473786717e0,2.58024792610244935e0,5.00000000000000000e0,8.09855515981894314e-1,2.42956654794568294e0,2.20000120483270534e0,1.49999999999999716e1,8.17454197109960079e-8,1.93834152961702699e-6,-2.68422603891180243e-22,-4.49891017896118101e-2,4.99999999499999936e-9,0.00000000000000000e0,0.00000000000000000e0,0.00000000000000000e0,1.04086116764483025e-1,5.02536488002952475e-1,1.38375067194932111e0,-9.51929175196900985e1,3.82398450854614952e-10,1.24984647721712890e-9,5.00000000000000000e0,0.00000000000000000e0,5.00000000000000000e0,5.00000000000000000e0,4.56979957971649764e0,2.07164515842271157e0,2.07164506816916294e0,0.00000000000000000e0
equal_group_time_s=5.93261796156432597e-1 threshold_crossing=false left=row_index=27300805:5.93261796156432486e-1,-2.20987986943212400e0,9.38020756166223322e1,4.22200494171743301e0,3.81059382371249001e2,3.81089466006699297e2,4.22199331873691452e0,3.81159165413543747e2,3.82395742100326629e2,-1.02023445900477819e-5,5.00000000000000000e0,4.99999999999999378e0,0.00000000000000000e0,2.88676354029481752e0,2.59994038661319715e0,5.00000000000000000e0,8.09854960870382001e-1,2.42956488261114600e0,2.19999969685261254e0,1.49999999999999716e1,-1.70213335297527616e-7,1.94192699487505394e-6,3.24506662725330254e-29,-4.57666881442727602e-2,4.99999999499999936e-9,0.00000000000000000e0,0.00000000000000000e0,0.00000000000000000e0,1.04086116764486286e-1,5.02556988112277891e-1,1.38382661851881994e0,-9.60119554860544611e1,3.82395742100326232e-10,1.28108984784437262e-9,5.00000000000000000e0,0.00000000000000000e0,5.00000000000000000e0,5.00000000000000000e0,4.64662712296330938e0,2.11100835904214534e0,2.11100835527423270e0,0.00000000000000000e0 group=row_index=27300806:5.93261796156432597e-1,-2.20987987002732789e0,9.38020756160350828e1,4.22200494160221229e0,3.81059382371249171e2,3.81089466006699467e2,4.22199331861487170e0,3.81159165413542041e2,3.82395742100322821e2,-1.02023446187617295e-5,5.00000000000000000e0,4.99999999999999378e0,0.00000000000000000e0,2.88676354029481796e0,2.59994038661264870e0,5.00000000000000000e0,8.09855515981894314e-1,2.42956654794568294e0,2.20000120483270534e0,1.49999999999999716e1,-1.09524592075861964e-7,1.94192699498607624e-6,3.24482046280861846e-29,-4.57666881430523129e-2,4.99999999499999936e-9,0.00000000000000000e0,0.00000000000000000e0,0.00000000000000000e0,1.04086116764487327e-1,5.02556988112278114e-1,1.38382661851882038e0,-9.60119554860624049e1,3.82395742100322458e-10,1.24146176492599885e-9,5.00000000000000000e0,0.00000000000000000e0,5.00000000000000000e0,5.00000000000000000e0,4.64662712283825385e0,2.11100835863452918e0,2.11100836446453588e0,0.00000000000000000e0;row_index=27300807:5.93261796156432597e-1,-2.20987986940795622e0,9.38020756166544487e1,4.22200494153716743e0,3.81059382371249171e2,3.81089466006699467e2,4.22199331854959947e0,3.81159165413541189e2,3.82395742100320604e2,-1.02023446369239879e-5,5.00000000000000000e0,4.99999999999999378e0,0.00000000000000000e0,2.88676354029481841e0,2.59994038661235516e0,5.00000000000000000e0,8.09855515981894314e-1,2.42956654794568294e0,2.20000120483270534e0,1.49999999999999716e1,-7.70662571369478395e-8,1.94192699498607624e-6,3.24468881363531893e-29,-4.57666881423995642e-2,4.99999999499999936e-9,0.00000000000000000e0,0.00000000000000000e0,0.00000000000000000e0,1.04086116764487008e-1,5.02556988112278114e-1,1.38382661851882061e0,-9.60119554860624049e1,3.82395742100320235e-10,1.25859443279573500e-9,5.00000000000000000e0,0.00000000000000000e0,5.00000000000000000e0,5.00000000000000000e0,4.64662712278141043e0,2.11100844359975737e0,2.11100839294531761e0,0.00000000000000000e0;row_index=27300808:5.93261796156432597e-1,-2.20987986955908688e0,9.38020756165033163e1,4.22200494141289173e0,3.81059382371249114e2,3.81089466006699411e2,4.22199331846705839e0,3.81159165413540279e2,3.82395742100317761e2,-1.02023446602456713e-5,5.00000000000000000e0,4.99999999999999378e0,0.00000000000000000e0,2.88676354029481841e0,2.59994038661198434e0,5.00000000000000000e0,8.09855515981894314e-1,2.42956654794568294e0,2.20000120483270534e0,1.49999999999999716e1,-3.60203147714652951e-8,1.94192699498607624e-6,3.24452234125879630e-29,-4.57666881415741064e-2,4.99999999499999936e-9,0.00000000000000000e0,0.00000000000000000e0,0.00000000000000000e0,1.04086116764485745e-1,5.02556988112278225e-1,1.38382661851882083e0,-9.60119554860624049e1,3.82395742100317340e-10,1.30591177510995654e-9,5.00000000000000000e0,0.00000000000000000e0,5.00000000000000000e0,5.00000000000000000e0,4.64662712272456702e0,2.11100837850813328e0,2.11100836429265071e0,0.00000000000000000e0 right=row_index=27300809:5.93261796156432708e-1,-2.20987986995294783e0,9.38020756161134273e1,4.22200494126931059e0,3.81059382371249114e2,3.81089466006699411e2,4.22199331830197355e0,3.81159165413538119e2,3.82395742100312475e2,-1.02023447016444116e-5,5.00000000000000000e0,4.99999999999999378e0,0.00000000000000000e0,2.88676354029481841e0,2.59994038661124227e0,5.00000000000000000e0,8.09856071093406626e-1,2.42956821328021988e0,2.20000271281279769e0,1.49999999999999716e1,4.60715695919135343e-8,1.94192699509709854e-6,3.24418942212824627e-29,-4.57666881399232187e-2,4.99999999499999936e-9,0.00000000000000000e0,0.00000000000000000e0,0.00000000000000000e0,1.04086116764485134e-1,5.02556988112278225e-1,1.38382661851882083e0,-9.60119554860663698e1,3.82395742100312067e-10,1.29632514684472650e-9,5.00000000000000000e0,0.00000000000000000e0,5.00000000000000000e0,5.00000000000000000e0,4.64662712258056398e0,2.11100833391824594e0,2.11100833730777726e0,0.00000000000000000e0
equal_group_time_s=5.98412572655691255e-1 threshold_crossing=false left=row_index=27565748:5.98412572655691144e-1,-2.11690796870361275e0,9.34883234561169871e1,3.93964055199086882e0,3.83702591758063647e2,3.83732884067939267e2,3.93963095304213073e0,3.83798479311700135e2,3.85029725877629232e2,-1.57355452040703914e-5,5.00000000000000000e0,4.99999999999999378e0,0.00000000000000000e0,2.88536940150621213e0,2.61357492199781616e0,5.00000000000000000e0,8.09852740424332751e-1,2.42955822127299825e0,2.19999366493224269e0,1.49999999999999716e1,-6.62860496340966860e-7,1.95200770147785363e-6,1.45715444640828574e-24,-4.29788183039597690e-2,4.99999999499999936e-9,0.00000000000000000e0,0.00000000000000000e0,0.00000000000000000e0,1.04086116764479389e-1,5.02120622671444417e-1,1.38221046938262582e0,-9.56052314248206017e1,3.85029725877628888e-10,1.27467752462174522e-9,5.00000000000000000e0,0.00000000000000000e0,5.00000000000000000e0,5.00000000000000000e0,4.37301625072450406e0,1.96982759551343678e0,1.96982757723903723e0,0.00000000000000000e0 group=row_index=27565749:5.98412572655691255e-1,-2.11690796803623904e0,9.34883234567803783e1,3.93964055183676987e0,3.83702591758063761e2,3.83732884067939381e2,3.93963095289975174e0,3.83798479311698259e2,3.85029725877624628e2,-1.57355452368126126e-5,5.00000000000000000e0,4.99999999999999378e0,0.00000000000000000e0,2.88536940150621168e0,2.61357492199694175e0,5.00000000000000000e0,8.09853295535845064e-1,2.42955988660753519e0,2.19999517291233504e0,1.49999999999999716e1,-5.92770345528715386e-7,1.95200770158887593e-6,1.45702678677561010e-24,-4.29788183025360468e-2,4.99999999499999936e-9,0.00000000000000000e0,0.00000000000000000e0,0.00000000000000000e0,1.04086116764479250e-1,5.02120622671444417e-1,1.38221046938262515e0,-9.56052314248166226e1,3.85029725877624287e-10,1.25152254344977471e-9,5.00000000000000000e0,0.00000000000000000e0,5.00000000000000000e0,5.00000000000000000e0,4.37301625059186971e0,1.96982759876168245e0,1.96982758062039820e0,0.00000000000000000e0;row_index=27565750:5.98412572655691255e-1,-2.11690796953157667e0,9.34883234552850269e1,3.93964055176393746e0,3.83702591758063875e2,3.83732884067939494e2,3.93963095282731235e0,3.83798479311697406e2,3.85029725877622298e2,-1.57355452538197704e-5,5.00000000000000000e0,4.99999999999999378e0,0.00000000000000000e0,2.88536940150621080e0,2.61357492199649677e0,5.00000000000000000e0,8.09853295535845064e-1,2.42955988660753519e0,2.19999517291233504e0,1.49999999999999716e1,-5.57109835648733244e-7,1.95200770158887593e-6,1.45696184032199046e-24,-4.29788183018116610e-2,4.99999999499999936e-9,0.00000000000000000e0,0.00000000000000000e0,0.00000000000000000e0,1.04086116764479930e-1,5.02120622671443972e-1,1.38221046938262471e0,-9.56052314248166084e1,3.85029725877621960e-10,1.25699761316379938e-9,5.00000000000000000e0,0.00000000000000000e0,5.00000000000000000e0,5.00000000000000000e0,4.37301625052744747e0,1.96982758643047995e0,1.96982756241192236e0,0.00000000000000000e0 right=row_index=27565751:5.98412572655691366e-1,-2.11690796802004311e0,9.34883234567885921e1,3.93964055160795112e0,3.83702591758063988e2,3.83732884067939608e2,3.93963095273457498e0,3.83798479311696383e2,3.85029725877619228e2,-1.57355452768180363e-5,5.00000000000000000e0,4.99999999999999378e0,0.00000000000000000e0,2.88536940150620991e0,2.61357492199592656e0,5.00000000000000000e0,8.09853850647357376e-1,2.42956155194207213e0,2.19999668089242784e0,1.49999999999999716e1,-5.11456688254442455e-7,1.95200770169989823e-6,1.45687869907252480e-24,-4.29788183008842986e-2,4.99999999499999936e-9,0.00000000000000000e0,0.00000000000000000e0,0.00000000000000000e0,1.04086116764479347e-1,5.02120622671443750e-1,1.38221046938262315e0,-9.56052314248086361e1,3.85029725877618807e-10,1.29290468052664471e-9,5.00000000000000000e0,0.00000000000000000e0,5.00000000000000000e0,5.00000000000000000e0,4.37301625045165565e0,1.96982759460508028e0,1.96982759509790295e0,0.00000000000000000e0
equal_group_time_s=6.06746748051645413e-1 threshold_crossing=false left=row_index=27977861:6.06746748051645302e-1,9.46252900028090096e1,-9.35426022171380156e-1,-3.92056605117534218e0,3.83978729102394993e2,3.84009043212587244e2,3.92055643757525241e0,3.84074366541104723e2,3.85305246616234740e2,-1.69699272040847269e-5,5.00000000000000000e0,4.99999999999999378e0,0.00000000000000000e0,2.88587712480028902e0,2.61029067339061616e0,5.00000000000000000e0,8.09854960870382001e-1,2.42956488261114600e0,2.19999969685261254e0,1.49999999999999716e1,-7.71531430723127512e-7,1.95497303612235385e-6,-1.20405866549398085e-26,-4.27919298082773542e-2,4.99999999499999936e-9,0.00000000000000000e0,0.00000000000000000e0,0.00000000000000000e0,1.04086116764479347e-1,5.02279540062490537e-1,1.38279893600652404e0,9.55607160249803940e1,3.85305246616234351e-10,1.34224036513916857e-9,5.00000000000000000e0,0.00000000000000000e0,5.00000000000000000e0,5.00000000000000000e0,4.35488856783194933e0,1.96029036409034751e0,1.96029035612187763e0,0.00000000000000000e0 group=row_index=27977862:6.06746748051645413e-1,9.46252900028997459e1,-9.35426022076670916e-1,-3.92056605094978750e0,3.83978729102395164e2,3.84009043212587414e2,3.92055643740618143e0,3.84074366541102393e2,3.85305246616229113e2,-1.69699272430733655e-5,5.00000000000000000e0,4.99999999999999378e0,0.00000000000000000e0,2.88587712480028946e0,2.61029067338956855e0,5.00000000000000000e0,8.09855515981894314e-1,2.42956654794568294e0,2.20000120483270534e0,1.49999999999999716e1,-6.88390513634818524e-7,1.95497303623337615e-6,-1.20393353881262458e-26,-4.27919298065867204e-2,4.99999999499999936e-9,0.00000000000000000e0,0.00000000000000000e0,0.00000000000000000e0,1.04086116764479736e-1,5.02279540062490648e-1,1.38279893600652448e0,9.55607160249764149e1,3.85305246616228716e-10,1.31772876549661291e-9,5.00000000000000000e0,0.00000000000000000e0,5.00000000000000000e0,5.00000000000000000e0,4.35488856766520893e0,1.96029039722806009e0,1.96029034976403249e0,0.00000000000000000e0;row_index=27977863:6.06746748051645413e-1,9.46252900030842596e1,-9.35426021892152626e-1,-3.92056605097053534e0,3.83978729102395164e2,3.84009043212587414e2,3.92055643732056236e0,3.84074366541101313e2,3.85305246616226327e2,-1.69699272622575268e-5,5.00000000000000000e0,4.99999999999999378e0,0.00000000000000000e0,2.88587712480028857e0,2.61029067338903742e0,5.00000000000000000e0,8.09855515981894314e-1,2.42956654794568294e0,2.20000120483270534e0,1.49999999999999716e1,-6.46287102158472633e-7,1.95497303623337615e-6,-1.20387017834002231e-26,-4.27919298057305580e-2,4.99999999499999936e-9,0.00000000000000000e0,0.00000000000000000e0,0.00000000000000000e0,1.04086116764480166e-1,5.02279540062490315e-1,1.38279893600652359e0,9.55607160249764149e1,3.85305246616225976e-10,1.35741969845835615e-9,5.00000000000000000e0,0.00000000000000000e0,5.00000000000000000e0,5.00000000000000000e0,4.35488856759320697e0,1.96029033810193831e0,1.96029036772573262e0,0.00000000000000000e0 right=row_index=27977864:6.06746748051645524e-1,9.46252900036119229e1,-9.35426021356548953e-1,-3.92056605082274245e0,3.83978729102395164e2,3.84009043212587414e2,3.92055643721057701e0,3.84074366541099948e2,3.85305246616222803e2,-1.69699272867894034e-5,5.00000000000000000e0,4.99999999999999378e0,0.00000000000000000e0,2.88587712480028769e0,2.61029067338835441e0,5.00000000000000000e0,8.09856071093406626e-1,2.42956821328021988e0,2.20000271281279769e0,1.49999999999999716e1,-5.92201357343402372e-7,1.95497303634439845e-6,-1.20378879081743734e-26,-4.27919298046307434e-2,4.99999999499999936e-9,0.00000000000000000e0,0.00000000000000000e0,0.00000000000000000e0,1.04086116764480832e-1,5.02279540062490093e-1,1.38279893600652226e0,9.55607160249684711e1,3.85305246616222409e-10,1.31135382306779315e-9,5.00000000000000000e0,0.00000000000000000e0,5.00000000000000000e0,5.00000000000000000e0,4.35488856750225750e0,1.96029032203996567e0,1.96029032324537766e0,0.00000000000000000e0
equal_group_time_s=6.15080915687252316e-1 threshold_crossing=false left=row_index=28390199:6.15080915687252205e-1,-2.12050349097150415e0,9.33960978853261707e1,3.95054977434168642e0,3.84259059972289663e2,3.84289396213866382e2,3.95054014831308287e0,3.84355166849817067e2,3.85586622640127018e2,-1.51092608298803658e-5,5.00000000000000000e0,4.99999999999999378e0,0.00000000000000000e0,2.88645852172914363e0,2.61280082327980745e0,5.00000000000000000e0,8.09854405758869689e-1,2.42956321727660907e0,2.19999818887252019e0,1.49999999999999716e1,-6.05735506163135184e-7,1.95017802340213819e-6,-1.45584665007227192e-24,-4.30958524169105517e-2,4.99999999499999936e-9,0.00000000000000000e0,0.00000000000000000e0,0.00000000000000000e0,1.04086116764472811e-1,5.02461517301221905e-1,1.38347294641654917e0,-9.55166013762976718e1,3.85586622640126627e-10,1.37555833918045530e-9,5.00000000000000000e0,0.00000000000000000e0,5.00000000000000000e0,5.00000000000000000e0,4.38470906337897759e0,1.97528221479294253e0,1.97528217729262745e0,0.00000000000000000e0 group=row_index=28390200:6.15080915687252316e-1,-2.12050349054999421e0,9.33960978857436999e1,3.95054977414893571e0,3.84259059972289776e2,3.84289396213866496e2,3.95054014818199040e0,3.84355166849815305e2,3.85586622640122698e2,-1.51092608605598077e-5,5.00000000000000000e0,4.99999999999999378e0,0.00000000000000000e0,2.88645852172914408e0,2.61280082327901031e0,5.00000000000000000e0,8.09854960870382001e-1,2.42956488261114600e0,2.19999969685261254e0,1.49999999999999716e1,-5.41344729558984310e-7,1.95017802351316050e-6,-1.45572947591149561e-24,-4.30958524155996975e-2,4.99999999499999936e-9,0.00000000000000000e0,0.00000000000000000e0,0.00000000000000000e0,1.04086116764472741e-1,5.02461517301222238e-1,1.38347294641655005e0,-9.55166013762936927e1,3.85586622640122336e-10,1.35328376326181873e-9,5.00000000000000000e0,0.00000000000000000e0,5.00000000000000000e0,5.00000000000000000e0,4.38470906325392207e0,1.97528222077890647e0,1.97528217942608908e0,0.00000000000000000e0;row_index=28390201:6.15080915687252316e-1,-2.12050349154748341e0,9.33960978847461973e1,3.95054977412208519e0,3.84259059972289776e2,3.84289396213866496e2,3.95054014811537746e0,3.84355166849814566e2,3.85586622640120709e2,-1.51092608744055912e-5,5.00000000000000000e0,4.99999999999999378e0,0.00000000000000000e0,2.88645852172914408e0,2.61280082327860530e0,5.00000000000000000e0,8.09854960870382001e-1,2.42956488261114600e0,2.19999969685261254e0,1.49999999999999716e1,-5.08625642816827265e-7,1.95017802351316050e-6,-1.45566993945205899e-24,-4.30958524149336122e-2,4.99999999499999936e-9,0.00000000000000000e0,0.00000000000000000e0,0.00000000000000000e0,1.04086116764472533e-1,5.02461517301222127e-1,1.38347294641655005e0,-9.55166013762936785e1,3.85586622640120320e-10,1.36849419400873847e-9,5.00000000000000000e0,0.00000000000000000e0,5.00000000000000000e0,5.00000000000000000e0,4.38470906320465836e0,1.97528220488500406e0,1.97528214053549211e0,0.00000000000000000e0;row_index=28390202:6.15080915687252316e-1,-2.12050349187436193e0,9.33960978844193050e1,3.95054977402809993e0,3.84259059972289776e2,3.84289396213866496e2,3.95054014803002040e0,3.84355166849813600e2,3.85586622640118037e2,-1.51092608919573776e-5,5.00000000000000000e0,4.99999999999999378e0,0.00000000000000000e0,2.88645852172914408e0,2.61280082327808660e0,5.00000000000000000e0,8.09854960870382001e-1,2.42956488261114600e0,2.19999969685261254e0,1.49999999999999716e1,-4.66699055996160804e-7,1.95017802351316050e-6,-1.45559365235669127e-24,-4.30958524140800867e-2,4.99999999499999936e-9,0.00000000000000000e0,0.00000000000000000e0,0.00000000000000000e0,1.04086116764472089e-1,5.02461517301222127e-1,1.38347294641655005e0,-9.55166013762936643e1,3.85586622640117631e-10,1.39153298085666763e-9,5.00000000000000000e0,0.00000000000000000e0,5.00000000000000000e0,5.00000000000000000e0,4.38470906314023523e0,1.97528227004527057e0,1.97528220771032226e0,0.00000000000000000e0 right=row_index=28390203:6.15080915687252427e-1,-2.12050349096777335e0,9.33960978853179427e1,3.95054977386497708e0,3.84259059972289776e2,3.84289396213866496e2,3.95054014785930629e0,3.84355166849811269e2,3.85586622640112239e2,-1.51092609333129244e-5,5.00000000000000000e0,4.99999999999999378e0,0.00000000000000000e0,2.88645852172914408e0,2.61280082327704921e0,5.00000000000000000e0,8.09855515981894314e-1,2.42956654794568294e0,2.20000120483270534e0,1.49999999999999716e1,-3.82845882738356828e-7,1.95017802362418280e-6,-1.45544109015954417e-24,-4.30958524123730077e-2,4.99999999499999936e-9,0.00000000000000000e0,0.00000000000000000e0,0.00000000000000000e0,1.04086116764471340e-1,5.02461517301222127e-1,1.38347294641655005e0,-9.55166013762857204e1,3.85586622640111893e-10,1.38947004657727777e-9,5.00000000000000000e0,0.00000000000000000e0,5.00000000000000000e0,5.00000000000000000e0,4.38470906298486351e0,1.97528218745617723e0,1.97528220030241020e0,0.00000000000000000e0
equal_group_time_s=6.23422818623552200e-1 threshold_crossing=false left=row_index=28802899:6.23422818623552089e-1,9.41270254701461795e1,-9.35902531262310489e-1,-3.93651574941935678e0,3.84507589767555089e2,3.84537945629905096e2,3.93650607627692350e0,3.84603507801532487e2,3.85834694386922024e2,-9.39453089859823107e-6,5.00000000000000000e0,4.99999999999999378e0,0.00000000000000000e0,2.88702176749449357e0,2.60476630727678282e0,5.00000000000000000e0,8.09850519978283501e-1,2.42955155993485050e0,2.19998763301187283e0,1.49999999999999716e1,-4.12468402290927336e-8,1.93517029245526828e-6,-3.51347726036207894e-27,-4.29639173315937359e-2,4.99999999499999936e-9,0.00000000000000000e0,0.00000000000000000e0,0.00000000000000000e0,1.04086116764477377e-1,5.02637813225776497e-1,1.38412607089199802e0,9.50629280014084941e1,3.85834694386921624e-10,1.30710891015261105e-9,5.00000000000000000e0,0.00000000000000000e0,5.00000000000000000e0,5.00000000000000000e0,4.37081144182608750e0,1.96826519034095937e0,1.96826518034013898e0,0.00000000000000000e0 group=row_index=28802900:6.23422818623552200e-1,9.41270254702835842e1,-9.35902531120900605e-1,-3.93651574925723935e0,3.84507589767555089e2,3.84537945629905096e2,3.93650607611790848e0,3.84603507801530270e2,3.85834694386916851e2,-9.39453094039905968e-6,5.00000000000000000e0,4.99999999999999378e0,0.00000000000000000e0,2.88702176749449357e0,2.60476630727582537e0,5.00000000000000000e0,8.09851075089795813e-1,2.42955322526938744e0,2.19998914099196519e0,1.49999999999999716e1,3.66743798068581148e-8,1.93517029256629058e-6,-3.51313505896475062e-27,-4.29639173300037161e-2,4.99999999499999936e-9,0.00000000000000000e0,0.00000000000000000e0,0.00000000000000000e0,1.04086116764477224e-1,5.02637813225776386e-1,1.38412607089199802e0,9.50629280014044866e1,3.85834694386916506e-10,1.32066512212070407e-9,5.00000000000000000e0,0.00000000000000000e0,5.00000000000000000e0,5.00000000000000000e0,4.37081144167829461e0,1.96826518469431377e0,1.96826518488602997e0,0.00000000000000000e0;row_index=28802901:6.23422818623552200e-1,9.41270254699596478e1,-9.35902531444832708e-1,-3.93651574908670909e0,3.84507589767555089e2,3.84537945629905096e2,3.93650607603405867e0,3.84603507801529190e2,3.85834694386914236e2,-9.39453096098718310e-6,5.00000000000000000e0,4.99999999999999378e0,0.00000000000000000e0,2.88702176749449357e0,2.60476630727531999e0,5.00000000000000000e0,8.09851075089795813e-1,2.42955322526938744e0,2.19998914099196519e0,1.49999999999999716e1,7.77628242164930349e-8,1.93517029256629058e-6,-3.51295462701905182e-27,-4.29639173291652826e-2,4.99999999499999936e-9,0.00000000000000000e0,0.00000000000000000e0,0.00000000000000000e0,1.04086116764476364e-1,5.02637813225776608e-1,1.38412607089199824e0,9.50629280014044866e1,3.85834694386913870e-10,1.35076969888929826e-9,5.00000000000000000e0,0.00000000000000000e0,5.00000000000000000e0,5.00000000000000000e0,4.37081144160629265e0,1.96826525323537838e0,1.96826518490837032e0,0.00000000000000000e0 right=row_index=28802902:6.23422818623552311e-1,9.41270254692170880e1,-9.35902532179422653e-1,-3.93651574900906098e0,3.84507589767555203e2,3.84537945629905209e2,3.93650607592529589e0,3.84603507801527712e2,3.85834694386910940e2,-9.39453098621625425e-6,5.00000000000000000e0,4.99999999999999378e0,0.00000000000000000e0,2.88702176749449357e0,2.60476630727466452e0,5.00000000000000000e0,8.09851630201308126e-1,2.42955489060392438e0,2.19999064897205754e0,1.49999999999999716e1,1.31059437304201698e-7,1.93517029267731289e-6,-3.51272059907007190e-27,-4.29639173280777359e-2,4.99999999499999936e-9,0.00000000000000000e0,0.00000000000000000e0,0.00000000000000000e0,1.04086116764475572e-1,5.02637813225776497e-1,1.38412607089199824e0,9.50629280013965143e1,3.85834694386910509e-10,1.27795116544067658e-9,5.00000000000000000e0,0.00000000000000000e0,5.00000000000000000e0,5.00000000000000000e0,4.37081144150018552e0,1.96826519356948504e0,1.96826519694645641e0,0.00000000000000000e0
equal_group_time_s=6.26613979042801250e-1 threshold_crossing=false left=row_index=28950415:6.26613979042801139e-1,-2.22625043212761353e0,9.47776640835416799e1,4.27178060977569274e0,3.82161164677879469e2,3.82191335296143450e2,4.27176905027289777e0,3.82261778545412142e2,3.83499277401531742e2,-1.07543481877332088e-5,5.00000000000000000e0,4.99999999999999378e0,0.00000000000000000e0,2.88905450363114857e0,2.62154892466905487e0,5.00000000000000000e0,8.09853850647357376e-1,2.42956155194207213e0,2.19999668089242784e0,1.49999999999999716e1,-2.27937603961824628e-7,1.94406406262004339e-6,-4.52559621364499687e-26,-4.62660503772268916e-2,4.99999999499999936e-9,0.00000000000000000e0,0.00000000000000000e0,0.00000000000000000e0,1.04086116764472714e-1,5.03274059636549476e-1,1.38648445832278622e0,-9.70039145156692939e1,3.83499277401531393e-10,1.20570871050647939e-9,5.00000000000000000e0,0.00000000000000000e0,5.00000000000000000e0,5.00000000000000000e0,4.69621661791279621e0,2.13589620297074045e0,2.13589620446412276e0,0.00000000000000000e0 group=row_index=28950416:6.26613979042801250e-1,-2.22625043344901119e0,9.47776640822282417e1,4.27178060977980856e0,3.82161164677879754e2,3.82191335296143734e2,4.27176905015798081e0,3.82261778545410721e2,3.83499277401527934e2,-1.07543482165702862e-5,5.00000000000000000e0,4.99999999999999378e0,0.00000000000000000e0,2.88905450363114946e0,2.62154892466852552e0,5.00000000000000000e0,8.09854405758869689e-1,2.42956321727660907e0,2.19999818887252019e0,1.49999999999999716e1,-1.70818852227077339e-7,1.94406406273106569e-6,-4.52527310465513751e-26,-4.62660503760777136e-2,4.99999999499999936e-9,0.00000000000000000e0,0.00000000000000000e0,0.00000000000000000e0,1.04086116764472630e-1,5.03274059636549809e-1,1.38648445832278733e0,-9.70039145156772520e1,3.83499277401527567e-10,1.23061926237843879e-9,5.00000000000000000e0,0.00000000000000000e0,5.00000000000000000e0,5.00000000000000000e0,4.69621661779910937e0,2.13589621124778040e0,2.13589616183983066e0,0.00000000000000000e0;row_index=28950417:6.26613979042801250e-1,-2.22625043318585947e0,9.47776640824913699e1,4.27178060966109729e0,3.82161164677879810e2,3.82191335296143791e2,4.27176905009637675e0,3.82261778545409982e2,3.83499277401525944e2,-1.07543482315355406e-5,5.00000000000000000e0,4.99999999999999378e0,0.00000000000000000e0,2.88905450363114991e0,2.62154892466824174e0,5.00000000000000000e0,8.09854405758869689e-1,2.42956321727660907e0,2.19999818887252019e0,1.49999999999999716e1,-1.40198441375083534e-7,1.94406406273106569e-6,-4.52509990080843764e-26,-4.62660503754616578e-2,4.99999999499999936e-9,0.00000000000000000e0,0.00000000000000000e0,0.00000000000000000e0,1.04086116764472450e-1,5.03274059636550031e-1,1.38648445832278799e0,-9.70039145156772236e1,3.83499277401525551e-10,1.25366317584126747e-9,5.00000000000000000e0,0.00000000000000000e0,5.00000000000000000e0,5.00000000000000000e0,4.69621661774605581e0,2.13589613510119802e0,2.13589615496789031e0,0.00000000000000000e0;row_index=28950418:6.26613979042801250e-1,-2.22625043346855600e0,9.47776640822086875e1,4.27178060962553818e0,3.82161164677879810e2,3.82191335296143791e2,4.27176905001897644e0,3.82261778545409186e2,3.83499277401523500e2,-1.07543482502443588e-5,5.00000000000000000e0,4.99999999999999378e0,0.00000000000000000e0,2.88905450363114946e0,2.62154892466788514e0,5.00000000000000000e0,8.09854405758869689e-1,2.42956321727660907e0,2.19999818887252019e0,1.49999999999999716e1,-1.01726282114595959e-7,1.94406406273106569e-6,-4.52488229307350001e-26,-4.62660503746876242e-2,4.99999999499999936e-9,0.00000000000000000e0,0.00000000000000000e0,0.00000000000000000e0,1.04086116764472561e-1,5.03274059636549809e-1,1.38648445832278733e0,-9.70039145156772378e1,3.83499277401523121e-10,1.28675470776258627e-9,5.00000000000000000e0,0.00000000000000000e0,5.00000000000000000e0,5.00000000000000000e0,4.69621661769300225e0,2.13589625497854207e0,2.13589614984043852e0,0.00000000000000000e0 right=row_index=28950419:6.26613979042801361e-1,-2.22625043201637629e0,9.47776640836648170e1,4.27178060938497239e0,3.82161164677880038e2,3.82191335296144018e2,4.27176904986417671e0,3.82261778545407424e2,3.83499277401518441e2,-1.07543482879278077e-5,5.00000000000000000e0,4.99999999999999378e0,0.00000000000000000e0,2.88905450363114857e0,2.62154892466717238e0,5.00000000000000000e0,8.09854960870382001e-1,2.42956488261114600e0,2.19999969685261254e0,1.49999999999999716e1,-2.47819639165536243e-8,1.94406406284208799e-6,-4.52444710899651634e-26,-4.62660503731395570e-2,4.99999999499999936e-9,0.00000000000000000e0,0.00000000000000000e0,0.00000000000000000e0,1.04086116764472228e-1,5.03274059636549698e-1,1.38648445832278600e0,-9.70039145156811884e1,3.83499277401518054e-10,1.26320177797113669e-9,5.00000000000000000e0,0.00000000000000000e0,5.00000000000000000e0,5.00000000000000000e0,4.69621661756036701e0,2.13589620368393796e0,2.13589618316069707e0,0.00000000000000000e0
equal_group_time_s=6.31749251744192275e-1 threshold_crossing=false left=row_index=29214946:6.31749251744192164e-1,-2.12897868565459891e0,9.32993234821228441e1,3.97626802152269843e0,3.84762367913737876e2,3.84792743890152053e2,3.97625837122853332e0,3.84858900353376612e2,3.86090848294721070e2,-1.16864354825670413e-5,5.00000000000000000e0,4.99999999999999378e0,0.00000000000000000e0,2.88767165917926505e0,2.61476598781671488e0,5.00000000000000000e0,8.09854960870382001e-1,2.42956488261114600e0,2.19999969685261254e0,1.49999999999999716e1,-2.68139485403260212e-7,1.94137372422353849e-6,9.10159723599955522e-24,-4.33603365918291545e-2,4.99999999499999936e-9,0.00000000000000000e0,0.00000000000000000e0,0.00000000000000000e0,1.04086116764478515e-1,5.02841229323109928e-1,1.38487985913968670e0,-9.54283021677774457e1,3.86090848294720710e-10,1.35648203943974358e-9,5.00000000000000000e0,0.00000000000000000e0,5.00000000000000000e0,5.00000000000000000e0,4.41043088163723951e0,1.98814132815359290e0,1.98814129687771080e0,0.00000000000000000e0 group=row_index=29214947:6.31749251744192275e-1,-2.12897868686426195e0,9.32993234809052154e1,3.97626802144355196e0,3.84762367913738046e2,3.84792743890152224e2,3.97625837108193503e0,3.84858900353374509e2,3.86090848294716352e2,-1.16864355180705730e-5,5.00000000000000000e0,4.99999999999999378e0,0.00000000000000000e0,2.88767165917926505e0,2.61476598781583913e0,5.00000000000000000e0,8.09855515981894314e-1,2.42956654794568294e0,2.20000120483270534e0,1.49999999999999716e1,-1.96280021659313140e-7,1.94137372433456079e-6,9.10077972780078149e-24,-4.33603365903632645e-2,4.99999999499999936e-9,0.00000000000000000e0,0.00000000000000000e0,0.00000000000000000e0,1.04086116764478834e-1,5.02841229323109928e-1,1.38487985913968670e0,-9.54283021677694734e1,3.86090848294716006e-10,1.31501437879214039e-9,5.00000000000000000e0,0.00000000000000000e0,5.00000000000000000e0,5.00000000000000000e0,4.41043088148565765e0,1.98814130894604291e0,1.98814127351707581e0,0.00000000000000000e0;row_index=29214948:6.31749251744192275e-1,-2.12897868564207604e0,9.32993234821273916e1,3.97626802125632928e0,3.84762367913738160e2,3.84792743890152337e2,3.97625837100422830e0,3.84858900353373485e2,3.86090848294713908e2,-1.16864355373455633e-5,5.00000000000000000e0,4.99999999999999378e0,0.00000000000000000e0,2.88767165917926460e0,2.61476598781537550e0,5.00000000000000000e0,8.09855515981894314e-1,2.42956654794568294e0,2.20000120483270534e0,1.49999999999999716e1,-1.58189875426983789e-7,1.94137372433456079e-6,9.10034642555269216e-24,-4.33603365895862611e-2,4.99999999499999936e-9,0.00000000000000000e0,0.00000000000000000e0,0.00000000000000000e0,1.04086116764478639e-1,5.02841229323109817e-1,1.38487985913968603e0,-9.54283021677694734e1,3.86090848294713524e-10,1.29623900849477737e-9,5.00000000000000000e0,0.00000000000000000e0,5.00000000000000000e0,5.00000000000000000e0,4.41043088140986583e0,1.98814136695378529e0,1.98814132073932859e0,0.00000000000000000e0 right=row_index=29214949:6.31749251744192386e-1,-2.12897868688289238e0,9.32993234808825775e1,3.97626802121716683e0,3.84762367913738331e2,3.84792743890152508e2,3.97625837090423273e0,3.84858900353372178e2,3.86090848294710895e2,-1.16864355616495864e-5,5.00000000000000000e0,4.99999999999999378e0,0.00000000000000000e0,2.88767165917926327e0,2.61476598781477865e0,5.00000000000000000e0,8.09856071093406626e-1,2.42956821328021988e0,2.20000271281279769e0,1.49999999999999716e1,-1.09174541101853263e-7,1.94137372444558309e-6,9.09978887194589278e-24,-4.33603365885864012e-2,4.99999999499999936e-9,0.00000000000000000e0,0.00000000000000000e0,0.00000000000000000e0,1.04086116764478140e-1,5.02841229323109484e-1,1.38487985913968448e0,-9.54283021677654659e1,3.86090848294710526e-10,1.26870718531588604e-9,5.00000000000000000e0,0.00000000000000000e0,5.00000000000000000e0,5.00000000000000000e0,4.41043088131133754e0,1.98814134778669493e0,1.98814128388339695e0,0.00000000000000000e0
equal_group_time_s=6.34917164878095686e-1 threshold_crossing=false left=row_index=29361589:6.34917164878095575e-1,9.44715332181628469e1,-9.43540074520136218e-1,-4.19501679182513953e0,3.82421493898984806e2,3.82451685069555708e2,4.19500505644070376e0,3.82521028452883058e2,3.83757103048504462e2,-9.69409605949388656e-6,5.00000000000000000e0,4.99999999999999378e0,0.00000000000000000e0,2.88951390578544753e0,2.59164853824006824e0,5.00000000000000000e0,8.09851630201308126e-1,2.42955489060392438e0,2.19999064897205754e0,1.49999999999999716e1,-1.04146397975211091e-7,1.93952238292105505e-6,6.27998768621103390e-22,-4.55206512170618638e-2,4.99999999499999936e-9,0.00000000000000000e0,0.00000000000000000e0,0.00000000000000000e0,1.04086116764484038e-1,5.03417852510845143e-1,1.38701773639364845e0,9.54150732926829761e1,3.83757103048504077e-10,1.28274179432794852e-9,5.00000000000000000e0,0.00000000000000000e0,5.00000000000000000e0,5.00000000000000000e0,4.62289222182334925e0,2.09751431719391812e0,2.09751433298051682e0,0.00000000000000000e0 group=row_index=29361590:6.34917164878095686e-1,9.44715332185433141e1,-9.43540074143662255e-1,-4.19501679170463149e0,3.82421493898984920e2,3.82451685069555822e2,4.19500505630202802e0,3.82521028452881069e2,3.83757103048500028e2,-9.69409609467626908e-6,5.00000000000000000e0,4.99999999999999378e0,0.00000000000000000e0,2.88951390578544931e0,2.59164853823944119e0,5.00000000000000000e0,8.09852185312820438e-1,2.42955655593846132e0,2.19999215695215034e0,1.49999999999999716e1,-3.56482216696496007e-8,1.93952238303207736e-6,6.27944999957161508e-22,-4.55206512156751050e-2,4.99999999499999936e-9,0.00000000000000000e0,0.00000000000000000e0,0.00000000000000000e0,1.04086116764484024e-1,5.03417852510845698e-1,1.38701773639365089e0,9.54150732926869694e1,3.83757103048499683e-10,1.29530353380956756e-9,5.00000000000000000e0,0.00000000000000000e0,5.00000000000000000e0,5.00000000000000000e0,4.62289222168313607e0,2.09751434599074837e0,2.09751432988490238e0,0.00000000000000000e0;row_index=29361591:6.34917164878095686e-1,9.44715332168835147e1,-9.43540075803497191e-1,-4.19501679169076169e0,3.82421493898984920e2,3.82451685069555822e2,4.19500505622831188e0,3.82521028452880103e2,3.83757103048497811e2,-9.69409611159031425e-6,5.00000000000000000e0,4.99999999999999378e0,0.00000000000000000e0,2.88951390578544975e0,2.59164853823910812e0,5.00000000000000000e0,8.09852185312820438e-1,2.42955655593846132e0,2.19999215695215034e0,1.49999999999999716e1,7.63365804535803661e-10,1.93952238303207736e-6,6.27916420013050647e-22,-4.55206512149379447e-2,4.99999999499999936e-9,0.00000000000000000e0,0.00000000000000000e0,0.00000000000000000e0,1.04086116764483760e-1,5.03417852510845698e-1,1.38701773639365156e0,9.54150732926870120e1,3.83757103048497460e-10,1.28290259779025564e-9,5.00000000000000000e0,0.00000000000000000e0,5.00000000000000000e0,5.00000000000000000e0,4.62289222161871294e0,2.09751441169836017e0,2.09751436634022204e0,0.00000000000000000e0 right=row_index=29361592:6.34917164878095797e-1,9.44715332176625679e1,-9.43540075024425495e-1,-4.19501679153262330e0,3.82421493898984977e2,3.82451685069555879e2,4.19500505613391095e0,3.82521028452878966e2,3.83757103048494912e2,-9.69409613425649918e-6,5.00000000000000000e0,4.99999999999999378e0,0.00000000000000000e0,2.88951390578544931e0,2.59164853823868224e0,5.00000000000000000e0,8.09852740424332751e-1,2.42955822127299825e0,2.19999366493224269e0,1.49999999999999716e1,4.73924157321072408e-8,1.93952238314309966e-6,6.27879822144789981e-22,-4.55206512139939151e-2,4.99999999499999936e-9,0.00000000000000000e0,0.00000000000000000e0,0.00000000000000000e0,1.04086116764482858e-1,5.03417852510845587e-1,1.38701773639365089e0,9.54150732926869978e1,3.83757103048494565e-10,1.25109105111238814e-9,5.00000000000000000e0,0.00000000000000000e0,5.00000000000000000e0,5.00000000000000000e0,4.62289222153913215e0,2.09751436412466541e0,2.09751433603172277e0,0.00000000000000000e0
equal_group_time_s=6.34932655171012383e-1 threshold_crossing=false left=row_index=29362389:6.34932655171012272e-1,9.52877704863872594e1,-9.45228608219546018e-1,-4.25287246878781389e0,3.82416191203332744e2,3.82446381955269828e2,4.25286082043483660e0,3.82516563062156081e2,3.83753712202133329e2,-8.96966401256376328e-6,5.00000000000000000e0,4.99999999999999378e0,0.00000000000000000e0,2.88957906794268604e0,2.61139052269045502e0,5.00000000000000000e0,8.09855515981894314e-1,2.42956654794568294e0,2.20000120483270534e0,1.49999999999999716e1,-5.30426912910862519e-8,1.93878847687400935e-6,2.93778386332558471e-24,-4.60894013716700718e-2,4.99999999499999936e-9,0.00000000000000000e0,0.00000000000000000e0,0.00000000000000000e0,1.04086116764478126e-1,5.03438248266060873e-1,1.38709338550367134e0,9.62329990946068108e1,3.83753712202132921e-10,1.34375772840248091e-9,5.00000000000000000e0,0.00000000000000000e0,5.00000000000000000e0,5.00000000000000000e0,4.67874045908350489e0,2.12644212787545372e0,2.12644212833304991e0,0.00000000000000000e0 group=row_index=29362390:6.34932655171012383e-1,9.52877704862003867e1,-9.45228608410383253e-1,-4.25287246859920742e0,3.82416191203332914e2,3.82446381955269999e2,4.25286082031557733e0,3.82516563062154489e2,3.83753712202129577e2,-8.96966404208037969e-6,5.00000000000000000e0,4.99999999999999378e0,0.00000000000000000e0,2.88957906794268604e0,2.61139052268991412e0,5.00000000000000000e0,8.09856071093406626e-1,2.42956821328021988e0,2.20000271281279769e0,1.49999999999999716e1,6.02732167851756275e-9,1.93878847698503165e-6,2.93756695265860061e-24,-4.60894013704774702e-2,4.99999999499999936e-9,0.00000000000000000e0,0.00000000000000000e0,0.00000000000000000e0,1.04086116764476655e-1,5.03438248266060762e-1,1.38709338550367134e0,9.62329990946107756e1,3.83753712202129199e-10,1.34480359071305224e-9,5.00000000000000000e0,0.00000000000000000e0,5.00000000000000000e0,5.00000000000000000e0,4.67874045896602819e0,2.12644215757937172e0,2.12644210223363261e0,0.00000000000000000e0;row_index=29362391:6.34932655171012383e-1,9.52877704864943809e1,-9.45228608116390090e-1,-4.25287246863098289e0,3.82416191203332971e2,3.82446381955270056e2,4.25286082025172263e0,3.82516563062153637e2,3.83753712202127588e2,-8.96966405788889440e-6,5.00000000000000000e0,4.99999999999999378e0,0.00000000000000000e0,2.88957906794268604e0,2.61139052268962502e0,5.00000000000000000e0,8.09856071093406626e-1,2.42956821328021988e0,2.20000271281279769e0,1.49999999999999716e1,3.76550810068716852e-8,1.93878847698503165e-6,2.93745081912201794e-24,-4.60894013698389116e-2,4.99999999499999936e-9,0.00000000000000000e0,0.00000000000000000e0,0.00000000000000000e0,1.04086116764476475e-1,5.03438248266060873e-1,1.38709338550367089e0,9.62329990946107756e1,3.83753712202127234e-10,1.34775472769047761e-9,5.00000000000000000e0,0.00000000000000000e0,5.00000000000000000e0,5.00000000000000000e0,4.67874045890539492e0,2.12644226601986031e0,2.12644212512373754e0,0.00000000000000000e0;row_index=29362392:6.34932655171012383e-1,9.52877704863246464e1,-9.45228608286132088e-1,-4.25287246852337830e0,3.82416191203333028e2,3.82446381955270112e2,4.25286082017120481e0,3.82516563062152500e2,3.83753712202124916e2,-8.96966407880079447e-6,5.00000000000000000e0,4.99999999999999378e0,0.00000000000000000e0,2.88957906794268604e0,2.61139052268926042e0,5.00000000000000000e0,8.09856071093406626e-1,2.42956821328021988e0,2.20000271281279769e0,1.49999999999999716e1,7.75359122230934686e-8,1.93878847698503165e-6,2.93730438778791665e-24,-4.60894013690337292e-2,4.99999999499999936e-9,0.00000000000000000e0,0.00000000000000000e0,0.00000000000000000e0,1.04086116764476405e-1,5.03438248266060873e-1,1.38709338550367089e0,9.62329990946107756e1,3.83753712202124546e-10,1.37549472587360243e-9,5.00000000000000000e0,0.00000000000000000e0,5.00000000000000000e0,5.00000000000000000e0,4.67874045882581413e0,2.12644208353614150e0,2.12644210295697400e0,0.00000000000000000e0 right=row_index=29362393:6.34932655171012494e-1,9.52877704869561910e1,-9.45228607662502718e-1,-4.25287246836273880e0,3.82416191203333199e2,3.82446381955270283e2,4.25286082001017007e0,3.82516563062150340e2,3.83753712202119686e2,-8.96966411914636288e-6,5.00000000000000000e0,4.99999999999999378e0,0.00000000000000000e0,2.88957906794268649e0,2.61139052268853078e0,5.00000000000000000e0,8.09856626204918939e-1,2.42956987861475682e0,2.20000422079289004e0,1.49999999999999716e1,1.57297574308522963e-7,1.93878847709605395e-6,2.93701154701788705e-24,-4.60894013674233924e-2,4.99999999499999936e-9,0.00000000000000000e0,0.00000000000000000e0,0.00000000000000000e0,1.04086116764475267e-1,5.03438248266060984e-1,1.38709338550367156e0,9.62329990946186911e1,3.83753712202119324e-10,1.43473112838397646e-9,5.00000000000000000e0,0.00000000000000000e0,5.00000000000000000e0,5.00000000000000000e0,4.67874045867044241e0,2.12644209437416398e0,2.12644211244820491e0,0.00000000000000000e0
equal_group_time_s=6.40067945388511306e-1 threshold_crossing=false left=row_index=29626915:6.40067945388511195e-1,9.52634163357505912e1,-9.37932700337273939e-1,-4.00470770294174372e0,3.85009821575881062e2,3.85040217088110694e2,4.00469810849551777e0,3.85106796874687120e2,3.86339287282962118e2,-1.61123802833308678e-5,5.00000000000000000e0,4.99999999999999378e0,0.00000000000000000e0,2.88829352749536250e0,2.62575641238325863e0,5.00000000000000000e0,8.09854960870382001e-1,2.42956488261114600e0,2.19999969685261254e0,1.49999999999999716e1,-6.95149701435734926e-7,1.95361424648599069e-6,6.32785746280300834e-23,-4.36385362366531818e-2,4.99999999499999936e-9,0.00000000000000000e0,0.00000000000000000e0,0.00000000000000000e0,1.04086116764475239e-1,5.03035874106048442e-1,1.38560133610994041e0,9.62013490360878620e1,3.86339287282961727e-10,1.30385524370016290e-9,5.00000000000000000e0,0.00000000000000000e0,5.00000000000000000e0,5.00000000000000000e0,4.43865243842841117e0,2.00236115335050080e0,2.00236115768467249e0,0.00000000000000000e0 group=row_index=29626916:6.40067945388511306e-1,9.52634163356395476e1,-9.37932700440385236e-1,-4.00470770271573429e0,3.85009821575881119e2,3.85040217088110751e2,4.00469810830172790e0,3.85106796874684449e2,3.86339287282955866e2,-1.61123803279103982e-5,5.00000000000000000e0,4.99999999999999378e0,0.00000000000000000e0,2.88829352749536250e0,2.62575641238209379e0,5.00000000000000000e0,8.09855515981894314e-1,2.42956654794568294e0,2.20000120483270534e0,1.49999999999999716e1,-5.99990689583096289e-7,1.95361424659701299e-6,6.32710481669898996e-23,-4.36385362347153638e-2,4.99999999499999936e-9,0.00000000000000000e0,0.00000000000000000e0,0.00000000000000000e0,1.04086116764475531e-1,5.03035874106048331e-1,1.38560133610994041e0,9.62013490360799324e1,3.86339287282955471e-10,1.27776987708032035e-9,5.00000000000000000e0,0.00000000000000000e0,5.00000000000000000e0,5.00000000000000000e0,4.43865243824651223e0,2.00236114089103134e0,2.00236115029281736e0,0.00000000000000000e0;row_index=29626917:6.40067945388511306e-1,9.52634163343067826e1,-9.37932701773147248e-1,-4.00470770256600872e0,3.85009821575881119e2,3.85040217088110751e2,4.00469810822045247e0,3.85106796874683425e2,3.86339287282953194e2,-1.61123803456031784e-5,5.00000000000000000e0,4.99999999999999378e0,0.00000000000000000e0,2.88829352749536206e0,2.62575641238160529e0,5.00000000000000000e0,8.09855515981894314e-1,2.42956654794568294e0,2.20000120483270534e0,1.49999999999999716e1,-5.60081136223394472e-7,1.95361424659701299e-6,6.32678918464532391e-23,-4.36385362339026528e-2,4.99999999499999936e-9,0.00000000000000000e0,0.00000000000000000e0,0.00000000000000000e0,1.04086116764475461e-1,5.03035874106048331e-1,1.38560133610993974e0,9.62013490360799324e1,3.86339287282952783e-10,1.27782127140653141e-9,5.00000000000000000e0,0.00000000000000000e0,5.00000000000000000e0,5.00000000000000000e0,4.43865243817830013e0,2.00236114548759847e0,2.00236115033590600e0,0.00000000000000000e0 right=row_index=29626918:6.40067945388511417e-1,9.52634163359871025e1,-9.37932700084875948e-1,-4.00470770242895924e0,3.85009821575881176e2,3.85040217088110808e2,4.00469810811145965e0,3.85106796874682118e2,3.86339287282949613e2,-1.61123803700950344e-5,5.00000000000000000e0,4.99999999999999378e0,0.00000000000000000e0,2.88829352749536117e0,2.62575641238094981e0,5.00000000000000000e0,8.09856071093406626e-1,2.42956821328021988e0,2.20000271281279769e0,1.49999999999999716e1,-5.06561389423721946e-7,1.95361424670803530e-6,6.32636593858390380e-23,-4.36385362328127815e-2,4.99999999499999936e-9,0.00000000000000000e0,0.00000000000000000e0,0.00000000000000000e0,1.04086116764474906e-1,5.03035874106048109e-1,1.38560133610993930e0,9.62013490360719743e1,3.86339287282949216e-10,1.30330471211309422e-9,5.00000000000000000e0,0.00000000000000000e0,5.00000000000000000e0,5.00000000000000000e0,4.43865243808735066e0,2.00236116398154884e0,2.00236115523062796e0,0.00000000000000000e0
equal_group_time_s=6.40098906580496729e-1 threshold_crossing=false left=row_index=29628487:6.40098906580496618e-1,9.36281050156468666e1,-9.34916603909348831e-1,-3.90353860655955032e0,3.84998273859743961e2,3.85028668460311792e2,3.90352887206547683e0,3.85093762457996036e2,3.86324314649897417e2,-8.71242248588316731e-6,5.00000000000000000e0,4.99999999999999378e0,0.00000000000000000e0,2.88818322616624323e0,2.59198395685422067e0,5.00000000000000000e0,8.09855515981894314e-1,2.42956654794568294e0,2.20000120483270534e0,1.49999999999999716e1,1.46396272219873782e-8,1.93275258641989467e-6,1.33305491989852687e-26,-4.26460952852461828e-2,4.99999999499999936e-9,0.00000000000000000e0,0.00000000000000000e0,0.00000000000000000e0,1.04086116764485384e-1,5.03001349790034080e-1,1.38547335339927624e0,9.45630216195562099e1,3.86324314649897053e-10,1.30423359239342872e-9,5.00000000000000000e0,0.00000000000000000e0,5.00000000000000000e0,5.00000000000000000e0,4.33959984561624879e0,1.95177669847896174e0,1.95177665737635753e0,0.00000000000000000e0 group=row_index=29628488:6.40098906580496729e-1,9.36281050151077920e1,-9.34916604444407273e-1,-3.90353860646314388e0,3.84998273859743961e2,3.85028668460311792e2,3.90352887192505982e0,3.85093762457993932e2,3.86324314649892983e2,-8.71242252133712384e-6,5.00000000000000000e0,4.99999999999999378e0,0.00000000000000000e0,2.88818322616624323e0,2.59198395685337957e0,5.00000000000000000e0,8.09856071093406626e-1,2.42956821328021988e0,2.20000271281279769e0,1.49999999999999716e1,8.32194427261665611e-8,1.93275258653091697e-6,1.33294064896443185e-26,-4.26460952838421323e-2,4.99999999499999936e-9,0.00000000000000000e0,0.00000000000000000e0,0.00000000000000000e0,1.04086116764485190e-1,5.03001349790034191e-1,1.38547335339927669e0,9.45630216195522024e1,3.86324314649892607e-10,1.25786516761208892e-9,5.00000000000000000e0,0.00000000000000000e0,5.00000000000000000e0,5.00000000000000000e0,4.33959984547603561e0,1.95177672080840447e0,1.95177665567622927e0,0.00000000000000000e0;row_index=29628489:6.40098906580496729e-1,9.36281050151579137e1,-9.34916604394305462e-1,-3.90353860628761140e0,3.84998273859744017e2,3.85028668460311849e2,3.90352887185042352e0,3.85093762457992909e2,3.86324314649890539e2,-8.71242254133874302e-6,5.00000000000000000e0,4.99999999999999378e0,0.00000000000000000e0,2.88818322616624323e0,2.59198395685293237e0,5.00000000000000000e0,8.09856071093406626e-1,2.42956821328021988e0,2.20000271281279769e0,1.49999999999999716e1,1.19671947367369790e-7,1.93275258653091697e-6,1.33287991406299820e-26,-4.26460952830958126e-2,4.99999999499999936e-9,0.00000000000000000e0,0.00000000000000000e0,0.00000000000000000e0,1.04086116764484635e-1,5.03001349790034191e-1,1.38547335339927646e0,9.45630216195522166e1,3.86324314649890125e-10,1.26474575169867897e-9,5.00000000000000000e0,0.00000000000000000e0,5.00000000000000000e0,5.00000000000000000e0,4.33959984540403365e0,1.95177666845776776e0,1.95177661905146183e0,0.00000000000000000e0 right=row_index=29628490:6.40098906580496840e-1,9.36281050159007719e1,-9.34916603643436317e-1,-3.90353860615960002e0,3.84998273859744131e2,3.85028668460311962e2,3.90352887175483110e0,3.85093762457991772e2,3.86324314649887356e2,-8.71242256773893717e-6,5.00000000000000000e0,4.99999999999999378e0,0.00000000000000000e0,2.88818322616624235e0,2.59198395685235994e0,5.00000000000000000e0,8.09856626204918939e-1,2.42956987861475682e0,2.20000422079289004e0,1.49999999999999716e1,1.66359066381491188e-7,1.93275258664193927e-6,1.33280213092377737e-26,-4.26460952821399453e-2,4.99999999499999936e-9,0.00000000000000000e0,0.00000000000000000e0,0.00000000000000000e0,1.04086116764484121e-1,5.03001349790033747e-1,1.38547335339927535e0,9.45630216195442017e1,3.86324314649886972e-10,1.26060634649317227e-9,5.00000000000000000e0,0.00000000000000000e0,5.00000000000000000e0,5.00000000000000000e0,4.33959984532066301e0,1.95177665611858719e0,1.95177664516526095e0,0.00000000000000000e0
equal_group_time_s=6.43259073629275813e-1 threshold_crossing=false left=row_index=29774337:6.43259073629275702e-1,-2.22676634514681249e0,9.36415140770176180e1,4.27334954186198335e0,3.82658293882665134e2,3.82688503747971595e2,4.27333784779627912e0,3.82758992816497653e2,3.83996520658397117e2,-5.50460037347920653e-6,5.00000000000000000e0,4.99999999999999378e0,0.00000000000000000e0,2.89009414987443725e0,2.59908920414942735e0,5.00000000000000000e0,8.09854960870382001e-1,2.42956488261114600e0,2.19999969685261254e0,1.49999999999999716e1,2.69605332601930303e-7,1.93032953210714453e-6,1.81831464713242244e-25,-4.63016350233369026e-2,4.99999999499999936e-9,0.00000000000000000e0,0.00000000000000000e0,0.00000000000000000e0,1.04086116764478084e-1,5.03599468910698955e-1,1.38769143538867734e0,-9.58682804221644318e1,3.83996520658396761e-10,1.21063777549080553e-9,5.00000000000000000e0,0.00000000000000000e0,5.00000000000000000e0,5.00000000000000000e0,4.69927123507053146e0,2.13668066709123172e0,2.13668061169349599e0,0.00000000000000000e0 group=row_index=29774338:6.43259073629275813e-1,-2.22676634520033279e0,9.36415140769720580e1,4.27334954178692605e0,3.82658293882665191e2,3.82688503747971652e2,4.27333784768390057e0,3.82758992816496175e2,3.83996520658393479e2,-5.50460040399814074e-6,5.00000000000000000e0,4.99999999999999378e0,0.00000000000000000e0,2.89009414987443769e0,2.59908920414895217e0,5.00000000000000000e0,8.09855515981894314e-1,2.42956654794568294e0,2.20000120483270534e0,1.49999999999999716e1,3.25150059848047453e-7,1.93032953221816683e-6,1.81818840426915542e-25,-4.63016350222131209e-2,4.99999999499999936e-9,0.00000000000000000e0,0.00000000000000000e0,0.00000000000000000e0,1.04086116764477599e-1,5.03599468910699066e-1,1.38769143538867756e0,-9.58682804221723899e1,3.83996520658393142e-10,1.22534855034733052e-9,5.00000000000000000e0,0.00000000000000000e0,5.00000000000000000e0,5.00000000000000000e0,4.69927123496821331e0,2.13668066470199802e0,2.13668061474473658e0,0.00000000000000000e0;row_index=29774339:6.43259073629275813e-1,-2.22676634746983781e0,9.36415140747025703e1,4.27334954171636650e0,3.82658293882665248e2,3.82688503747971708e2,4.27333784762344049e0,3.82758992816495436e2,3.83996520658391546e2,-5.50460042051690782e-6,5.00000000000000000e0,4.99999999999999378e0,0.00000000000000000e0,2.89009414987443725e0,2.59908920414869682e0,5.00000000000000000e0,8.09855515981894314e-1,2.42956654794568294e0,2.20000120483270534e0,1.49999999999999716e1,3.55033178063340023e-7,1.93032953221816683e-6,1.81812048910987956e-25,-4.63016350216085282e-2,4.99999999499999936e-9,0.00000000000000000e0,0.00000000000000000e0,0.00000000000000000e0,1.04086116764477418e-1,5.03599468910698733e-1,1.38769143538867712e0,-9.58682804221724041e1,3.83996520658391177e-10,1.25202376915743324e-9,5.00000000000000000e0,0.00000000000000000e0,5.00000000000000000e0,5.00000000000000000e0,4.69927123491515886e0,2.13668061338812620e0,2.13668063701288435e0,0.00000000000000000e0;row_index=29774340:6.43259073629275813e-1,-2.22676634427067022e0,9.36415140779017321e1,4.27334954165196734e0,3.82658293882665305e2,3.82688503747971765e2,4.27333784754776236e0,3.82758992816494469e2,3.83996520658389215e2,-5.50460044105935160e-6,5.00000000000000000e0,4.99999999999999378e0,0.00000000000000000e0,2.89009414987443591e0,2.59908920414837707e0,5.00000000000000000e0,8.09855515981894314e-1,2.42956654794568294e0,2.20000120483270534e0,1.49999999999999716e1,3.92437672334727580e-7,1.93032953221816683e-6,1.81803548374519793e-25,-4.63016350208517655e-2,4.99999999499999936e-9,0.00000000000000000e0,0.00000000000000000e0,0.00000000000000000e0,1.04086116764478015e-1,5.03599468910698400e-1,1.38769143538867556e0,-9.58682804221724041e1,3.83996520658388851e-10,1.27563667099471571e-9,5.00000000000000000e0,0.00000000000000000e0,5.00000000000000000e0,5.00000000000000000e0,4.69927123484694675e0,2.13668067291818220e0,2.13668059830554036e0,0.00000000000000000e0 right=row_index=29774341:6.43259073629275924e-1,-2.22676634533808970e0,9.36415140768382912e1,4.27334954150656365e0,3.82658293882665419e2,3.82688503747971879e2,4.27333784739640699e0,3.82758992816492480e2,3.83996520658384441e2,-5.50460048042521206e-6,5.00000000000000000e0,4.99999999999999378e0,0.00000000000000000e0,2.89009414987443414e0,2.59908920414773625e0,5.00000000000000000e0,8.09856071093406626e-1,2.42956821328021988e0,2.20000271281279769e0,1.49999999999999716e1,4.67246660572245519e-7,1.93032953232918913e-6,1.81786548493871223e-25,-4.63016350193382192e-2,4.99999999499999936e-9,0.00000000000000000e0,0.00000000000000000e0,0.00000000000000000e0,1.04086116764479680e-1,5.03599468910697845e-1,1.38769143538867379e0,-9.58682804221763831e1,3.83996520658384094e-10,1.28726130911315423e-9,5.00000000000000000e0,0.00000000000000000e0,5.00000000000000000e0,5.00000000000000000e0,4.69927123470673358e0,2.13668067970223552e0,2.13668064079777720e0,0.00000000000000000e0
equal_group_time_s=6.48425345168631262e-1 threshold_crossing=false left=row_index=30040275:6.48425345168631151e-1,-2.10280892550267984e0,9.28261745976885493e1,3.89687121228958233e0,3.85232802237271699e2,3.85263215353237740e2,3.89686149922764047e0,3.85328220866255151e2,3.86558644482948523e2,-1.34391207209046333e-5,5.00000000000000000e0,4.99999999999999378e0,0.00000000000000000e0,2.88871053238227038e0,2.59724782812589972e0,5.00000000000000000e0,8.09854960870382001e-1,2.42956488261114600e0,2.19999969685261254e0,1.49999999999999716e1,-4.12466735424601419e-7,1.94442351275636582e-6,1.83359158443237301e-29,-4.25778780973300047e-2,4.99999999499999936e-9,0.00000000000000000e0,0.00000000000000000e0,0.00000000000000000e0,1.04086116764476239e-1,5.03166396635650659e-1,1.38608524059240135e0,-9.49289835231912349e1,3.86558644482948186e-10,1.31680097407250300e-9,5.00000000000000000e0,0.00000000000000000e0,5.00000000000000000e0,5.00000000000000000e0,4.33370086782739872e0,1.94844299635787976e0,1.94844298089978007e0,0.00000000000000000e0 group=row_index=30040276:6.48425345168631262e-1,-2.10280892525519647e0,9.28261745979320523e1,3.89687121209798626e0,3.85232802237271699e2,3.85263215353237740e2,3.89686149905855350e0,3.85328220866252821e2,3.86558644482942952e2,-1.34391207623071752e-5,5.00000000000000000e0,4.99999999999999378e0,0.00000000000000000e0,2.88871053238227038e0,2.59724782812486366e0,5.00000000000000000e0,8.09855515981894314e-1,2.42956654794568294e0,2.20000120483270534e0,1.49999999999999716e1,-3.29847057431013533e-7,1.94442351286738813e-6,1.83340223076692618e-29,-4.25778780956392253e-2,4.99999999499999936e-9,0.00000000000000000e0,0.00000000000000000e0,0.00000000000000000e0,1.04086116764475878e-1,5.03166396635650770e-1,1.38608524059240135e0,-9.49289835231872416e1,3.86558644482942550e-10,1.33745180281004765e-9,5.00000000000000000e0,0.00000000000000000e0,5.00000000000000000e0,5.00000000000000000e0,4.33370086767202700e0,1.94844302377950607e0,1.94844297993972715e0,0.00000000000000000e0;row_index=30040277:6.48425345168631262e-1,-2.10280892559312793e0,9.28261745975940897e1,3.89687121204053710e0,3.85232802237271642e2,3.85263215353237683e2,3.89686149896975298e0,3.85328220866251627e2,3.86558644482940110e2,-1.34391207839802665e-5,5.00000000000000000e0,4.99999999999999378e0,0.00000000000000000e0,2.88871053238227038e0,2.59724782812432009e0,5.00000000000000000e0,8.09855515981894314e-1,2.42956654794568294e0,2.20000120483270534e0,1.49999999999999716e1,-2.86457160630266158e-7,1.94442351286738813e-6,1.83330279454065117e-29,-4.25778780947512689e-2,4.99999999499999936e-9,0.00000000000000000e0,0.00000000000000000e0,0.00000000000000000e0,1.04086116764476252e-1,5.03166396635650659e-1,1.38608524059240157e0,-9.49289835231872132e1,3.86558644482939759e-10,1.33518715633891700e-9,5.00000000000000000e0,0.00000000000000000e0,5.00000000000000000e0,5.00000000000000000e0,4.33370086759623518e0,1.94844304422594794e0,1.94844298826203732e0,0.00000000000000000e0 right=row_index=30040278:6.48425345168631373e-1,-2.10280892416809984e0,9.28261745990111251e1,3.89687121191565211e0,3.85232802237271642e2,3.85263215353237683e2,3.89686149885392208e0,3.85328220866250092e2,3.86558644482936245e2,-1.34391208122679177e-5,5.00000000000000000e0,4.99999999999999378e0,0.00000000000000000e0,2.88871053238226994e0,2.59724782812361044e0,5.00000000000000000e0,8.09856071093406626e-1,2.42956821328021988e0,2.20000271281279769e0,1.49999999999999716e1,-2.29860196817258936e-7,1.94442351297841043e-6,1.83317309990532333e-29,-4.25778780935930218e-2,4.99999999499999936e-9,0.00000000000000000e0,0.00000000000000000e0,0.00000000000000000e0,1.04086116764476391e-1,5.03166396635650659e-1,1.38608524059240068e0,-9.49289835231792267e1,3.86558644482935881e-10,1.32833126677848593e-9,5.00000000000000000e0,0.00000000000000000e0,5.00000000000000000e0,5.00000000000000000e0,4.33370086749391703e0,1.94844297424820811e0,1.94844297130292365e0,0.00000000000000000e0
equal_group_time_s=6.48440813153734474e-1 threshold_crossing=false left=row_index=30041065:6.48440813153734363e-1,-2.08231550505385954e0,9.20247616002735356e1,3.83472992839728910e0,3.85226802141091241e2,3.85257214783365498e2,3.83472014326795518e0,3.85321291071580561e2,3.86550511190770749e2,-4.14812235153560902e-6,5.00000000000000000e0,4.99999999999999378e0,0.00000000000000000e0,2.88865585754281140e0,2.57556858603512318e0,5.00000000000000000e0,8.09853295535845064e-1,2.42955988660753519e0,2.19999517291233504e0,1.49999999999999716e1,4.48114513946225872e-7,1.92138179322398628e-6,8.78755550457331702e-25,-4.19659455501809608e-2,4.99999999499999936e-9,0.00000000000000000e0,0.00000000000000000e0,0.00000000000000000e0,1.04086116764470576e-1,5.03149283410900039e-1,1.38602178952147925e0,-9.41070771053273916e1,3.86550511190770406e-10,1.36570052891380622e-9,5.00000000000000000e0,0.00000000000000000e0,5.00000000000000000e0,5.00000000000000000e0,4.27175254767083423e0,1.91737237383197434e0,1.91737236554522661e0,0.00000000000000000e0 group=row_index=30041066:6.48440813153734474e-1,-2.08231550599001869e0,9.20247615993333739e1,3.83472992826679882e0,3.85226802141091412e2,3.85257214783365669e2,3.83472014313287479e0,3.85321291071578742e2,3.86550511190766201e2,-4.14812239076563673e-6,5.00000000000000000e0,4.99999999999999378e0,0.00000000000000000e0,2.88865585754281140e0,2.57556858603429895e0,5.00000000000000000e0,8.09853850647357376e-1,2.42956155194207213e0,2.19999668089242784e0,1.49999999999999716e1,5.13941298229407073e-7,1.92138179333500858e-6,8.78683246362628665e-25,-4.19659455488302982e-2,4.99999999499999936e-9,0.00000000000000000e0,0.00000000000000000e0,0.00000000000000000e0,1.04086116764470937e-1,5.03149283410899928e-1,1.38602178952147859e0,-9.41070771053233983e1,3.86550511190765805e-10,1.35853073404796136e-9,5.00000000000000000e0,0.00000000000000000e0,5.00000000000000000e0,5.00000000000000000e0,4.27175254753819900e0,1.91737239920696445e0,1.91737237231326141e0,0.00000000000000000e0;row_index=30041067:6.48440813153734474e-1,-2.08231550494059325e0,9.20247616003828028e1,3.83472992820077785e0,3.85226802141091525e2,3.85257214783365782e2,3.83472014305778286e0,3.85321291071577718e2,3.86550511190763586e2,-4.14812241368185816e-6,5.00000000000000000e0,4.99999999999999378e0,0.00000000000000000e0,2.88865585754281140e0,2.57556858603384109e0,5.00000000000000000e0,8.09853850647357376e-1,2.42956155194207213e0,2.19999668089242784e0,1.49999999999999716e1,5.50535008086889912e-7,1.92138179333500858e-6,8.78643054429577216e-25,-4.19659455480794544e-2,4.99999999499999936e-9,0.00000000000000000e0,0.00000000000000000e0,0.00000000000000000e0,1.04086116764470576e-1,5.03149283410900039e-1,1.38602178952147903e0,-9.41070771053233983e1,3.86550511190763168e-10,1.40900501719610962e-9,5.00000000000000000e0,0.00000000000000000e0,5.00000000000000000e0,5.00000000000000000e0,4.27175254746240807e0,1.91737245320317728e0,1.91737234821292901e0,0.00000000000000000e0 right=row_index=30041068:6.48440813153734585e-1,-2.08231550475982763e0,9.20247616005635649e1,3.83472992810158697e0,3.85226802141091582e2,3.85257214783365839e2,3.83472014296637020e0,3.85321291071576468e2,3.86550511190760517e2,-4.14812243949396750e-6,5.00000000000000000e0,4.99999999999999378e0,0.00000000000000000e0,2.88865585754281096e0,2.57556858603328331e0,5.00000000000000000e0,8.09854405758869689e-1,2.42956321727660907e0,2.19999818887252019e0,1.49999999999999716e1,5.95081741850195737e-7,1.92138179344603088e-6,8.78594129940676964e-25,-4.19659455471654355e-2,4.99999999499999936e-9,0.00000000000000000e0,0.00000000000000000e0,0.00000000000000000e0,1.04086116764469980e-1,5.03149283410899817e-1,1.38602178952147814e0,-9.41070771053233983e1,3.86550511190760170e-10,1.45729261566817789e-9,5.00000000000000000e0,0.00000000000000000e0,5.00000000000000000e0,5.00000000000000000e0,4.27175254737524845e0,1.91737242034781019e0,1.91737234070688189e0,0.00000000000000000e0
equal_group_time_s=6.51593256698378975e-1 threshold_crossing=false left=row_index=30186533:6.51593256698378864e-1,9.49697249099258158e1,-9.43409197445093883e-1,-4.19054285967570195e0,3.82887510606638557e2,3.82917738568002221e2,4.19053115880185700e0,3.82987016728799176e2,3.84223007946877487e2,-1.02356245016615358e-5,5.00000000000000000e0,4.99999999999999378e0,0.00000000000000000e0,2.89059264503426316e0,2.58884842849872454e0,5.00000000000000000e0,8.09850519978283501e-1,2.42955155993485050e0,2.19998763301187283e0,1.49999999999999716e1,-1.51557467135646991e-7,1.94096801564569432e-6,-3.83961694543409713e-26,-4.54755067742195415e-2,4.99999999499999936e-9,0.00000000000000000e0,0.00000000000000000e0,0.00000000000000000e0,1.04086116764472228e-1,5.03755497895724491e-1,1.38827034948949279e0,9.59131341073709081e1,3.84223007946877088e-10,1.20981090765321612e-9,5.00000000000000000e0,0.00000000000000000e0,5.00000000000000000e0,5.00000000000000000e0,4.61854405313033567e0,2.09527734723468262e0,2.09527736179692070e0,0.00000000000000000e0 group=row_index=30186534:6.51593256698378975e-1,9.49697249092937881e1,-9.43409198081088252e-1,-4.19054285954342731e0,3.82887510606638671e2,3.82917738568002335e2,4.19053115865705017e0,3.82987016728797016e2,3.84223007946872883e2,-1.02356245381044152e-5,5.00000000000000000e0,4.99999999999999378e0,0.00000000000000000e0,2.89059264503426405e0,2.58884842849807040e0,5.00000000000000000e0,8.09851075089795813e-1,2.42955322526938744e0,2.19998914099196519e0,1.49999999999999716e1,-8.00213974470025497e-8,1.94096801575671662e-6,-3.83927362188396864e-26,-4.54755067727714499e-2,4.99999999499999936e-9,0.00000000000000000e0,0.00000000000000000e0,0.00000000000000000e0,1.04086116764472519e-1,5.03755497895724602e-1,1.38827034948949368e0,9.59131341073748729e1,3.84223007946872487e-10,1.22499006296914742e-9,5.00000000000000000e0,0.00000000000000000e0,5.00000000000000000e0,5.00000000000000000e0,4.61854405297875381e0,2.09527739504137323e0,2.09527734333291749e0,0.00000000000000000e0;row_index=30186535:6.51593256698378975e-1,9.49697249109707968e1,-9.43409196404082384e-1,-4.19054285946992877e0,3.82887510606638784e2,3.82917738568002449e2,4.19053115858027247e0,3.82987016728795879e2,3.84223007946870382e2,-1.02356245579261178e-5,5.00000000000000000e0,4.99999999999999378e0,0.00000000000000000e0,2.89059264503426450e0,2.58884842849772312e0,5.00000000000000000e0,8.09851075089795813e-1,2.42955322526938744e0,2.19998914099196519e0,1.49999999999999716e1,-4.20922207834055739e-8,1.94096801575671662e-6,-3.83909160057910447e-26,-4.54755067720036613e-2,4.99999999499999936e-9,0.00000000000000000e0,0.00000000000000000e0,0.00000000000000000e0,1.04086116764472492e-1,5.03755497895724935e-1,1.38827034948949435e0,9.59131341073748729e1,3.84223007946870057e-10,1.24941716241995822e-9,5.00000000000000000e0,0.00000000000000000e0,5.00000000000000000e0,5.00000000000000000e0,4.61854405289538317e0,2.09527739338008523e0,2.09527736281364652e0,0.00000000000000000e0 right=row_index=30186536:6.51593256698379086e-1,9.49697249087241886e1,-9.43409198650694392e-1,-4.19054285934680593e0,3.82887510606638841e2,3.82917738568002505e2,4.19053115848151592e0,3.82987016728794572e2,3.84223007946867199e2,-1.02356245829334544e-5,5.00000000000000000e0,4.99999999999999378e0,0.00000000000000000e0,2.89059264503426450e0,2.58884842849727637e0,5.00000000000000000e0,8.09851630201308126e-1,2.42955489060392438e0,2.19999064897205754e0,1.49999999999999716e1,6.69392336858787479e-9,1.94096801586773893e-6,-3.83885748960794219e-26,-4.54755067710160901e-2,4.99999999499999936e-9,0.00000000000000000e0,0.00000000000000000e0,0.00000000000000000e0,1.04086116764472880e-1,5.03755497895724824e-1,1.38827034948949435e0,9.59131341073748871e1,3.84223007946866852e-10,1.28094791106980034e-9,5.00000000000000000e0,0.00000000000000000e0,5.00000000000000000e0,5.00000000000000000e0,4.61854405280443370e0,2.09527734586858694e0,2.09527733404806282e0,0.00000000000000000e0
equal_group_time_s=6.51608747930111587e-1 threshold_crossing=false left=row_index=30187320:6.51608747930111476e-1,9.57835010122009010e1,-9.45614770620887279e-1,-4.26613880273117729e0,3.82882221686431365e2,3.82912449230248683e2,4.26612718894027765e0,3.82982829434989355e2,3.84220224017965620e2,-9.83269321176997237e-6,5.00000000000000000e0,4.99999999999999378e0,0.00000000000000000e0,2.89065771501314339e0,2.60998580481416509e0,5.00000000000000000e0,8.09854960870382001e-1,2.42956488261114600e0,2.19999969685261254e0,1.49999999999999716e1,-1.25855513737709944e-7,1.94117292562356880e-6,-3.83339859138618925e-25,-4.62217799811261501e-2,4.99999999499999936e-9,0.00000000000000000e0,0.00000000000000000e0,0.00000000000000000e0,1.04086116764474726e-1,5.03775864799113848e-1,1.38834592568766069e0,9.67291157828217933e1,3.84220224017965192e-10,1.28776825031953475e-9,5.00000000000000000e0,0.00000000000000000e0,5.00000000000000000e0,5.00000000000000000e0,4.69201364937816834e0,2.13307527437725497e0,2.13307528810399427e0,0.00000000000000000e0 group=row_index=30187321:6.51608747930111587e-1,9.57835010116091325e1,-9.45614771216624961e-1,-4.26613880261419354e0,3.82882221686431535e2,3.82912449230248853e2,4.26612718879906083e0,3.82982829434987423e2,3.84220224017961129e2,-9.83269324745757108e-6,5.00000000000000000e0,4.99999999999999378e0,0.00000000000000000e0,2.89065771501314384e0,2.60998580481353581e0,5.00000000000000000e0,8.09855515981894314e-1,2.42956654794568294e0,2.20000120483270534e0,1.49999999999999716e1,-5.59040112332300876e-8,1.94117292573459110e-6,-3.83306341603323442e-25,-4.62217799797139742e-2,4.99999999499999936e-9,0.00000000000000000e0,0.00000000000000000e0,0.00000000000000000e0,1.04086116764475101e-1,5.03775864799114070e-1,1.38834592568766113e0,9.67291157828257582e1,3.84220224017960694e-10,1.29552192027098578e-9,5.00000000000000000e0,0.00000000000000000e0,5.00000000000000000e0,5.00000000000000000e0,4.69201364923795516e0,2.13307530052512018e0,2.13307529445880828e0,0.00000000000000000e0;row_index=30187322:6.51608747930111587e-1,9.57835010125569823e1,-9.45614770268757177e-1,-4.26613880252739364e0,3.82882221686431649e2,3.82912449230248967e2,4.26612718872617602e0,3.82982829434986400e2,3.84220224017958856e2,-9.83269326622666245e-6,5.00000000000000000e0,4.99999999999999378e0,0.00000000000000000e0,2.89065771501314295e0,2.60998580481321119e0,5.00000000000000000e0,8.09855515981894314e-1,2.42956654794568294e0,2.20000120483270534e0,1.49999999999999716e1,-1.98005105250459545e-8,1.94117292573459110e-6,-3.83289043616694410e-25,-4.62217799789851197e-2,4.99999999499999936e-9,0.00000000000000000e0,0.00000000000000000e0,0.00000000000000000e0,1.04086116764475239e-1,5.03775864799113848e-1,1.38834592568766024e0,9.67291157828257440e1,3.84220224017958471e-10,1.27299974062793010e-9,5.00000000000000000e0,0.00000000000000000e0,5.00000000000000000e0,5.00000000000000000e0,4.69201364916216335e0,2.13307530318295058e0,2.13307527270298491e0,0.00000000000000000e0 right=row_index=30187323:6.51608747930111698e-1,9.57835010124052957e1,-9.45614770428373719e-1,-4.26613880244798338e0,3.82882221686431762e2,3.82912449230249081e2,4.26612718863377172e0,3.82982829434985149e2,3.84220224017955957e2,-9.83269328908490702e-6,5.00000000000000000e0,4.99999999999999378e0,0.00000000000000000e0,2.89065771501314295e0,2.60998580481279996e0,5.00000000000000000e0,8.09856071093406626e-1,2.42956821328021988e0,2.20000271281279769e0,1.49999999999999716e1,2.59713868902107913e-8,1.94117292584561341e-6,-3.83267114409239925e-25,-4.62217799780610741e-2,4.99999999499999936e-9,0.00000000000000000e0,0.00000000000000000e0,0.00000000000000000e0,1.04086116764474906e-1,5.03775864799113737e-1,1.38834592568766002e0,9.67291157828336736e1,3.84220224017955628e-10,1.25082275276712602e-9,5.00000000000000000e0,0.00000000000000000e0,5.00000000000000000e0,5.00000000000000000e0,4.69201364907121388e0,2.13307537514458856e0,2.13307532942702904e0,0.00000000000000000e0
equal_group_time_s=6.54166666666699981e-1 threshold_crossing=false left=row_index=30640185:6.54166666634161675e-1,1.68625606324042195e2,-1.08002116072920784e0,-9.44475265674111597e0,3.84345869435654379e2,3.84376212530609791e2,9.44474673020847000e0,3.84394144007218642e2,3.84049893479306093e2,1.76518766047916316e1,5.00000000000000000e0,4.99999999999999378e0,0.00000000000000000e0,2.89722614554737135e0,4.57733401709843690e0,5.00000000000000000e0,5.00000000000000000e0,1.50000000000000000e1,1.35826771653543314e1,1.49999999999999716e1,1.49242394201100552e1,3.84045122814313800e-6,4.97520308467628070e-1,-9.33468353678423013e-2,4.99999999499999936e-9,0.00000000000000000e0,0.00000000000000000e0,0.00000000000000000e0,1.04086116764477626e-1,5.05831783556327297e-1,1.39598548151003721e0,1.69705627484771412e2,3.53683860527455579e2,1.46657401822431943e1,5.00000000000000000e0,0.00000000000000000e0,5.00000000000000000e0,5.00000000000000000e0,1.19543177392339817e0,-3.44251298318360227e2,-7.70405714629650643e-4,4.83730846848171137e0 group=row_index=30640186:6.54166666666699981e-1,1.68625607280284981e2,-1.08002020448643976e0,-9.44471298963321715e0,3.84345869423349939e2,3.84376212518304385e2,9.44470706428338858e0,3.84393576403298198e2,3.84049392885253781e2,1.76512012333208439e1,5.00000000000000000e0,4.99999999999999378e0,0.00000000000000000e0,2.89722614551425206e0,4.57733349767100162e0,5.00000000000000000e0,5.00000000000000000e0,1.50000000000000000e1,1.35826771653543314e1,1.49999999999999716e1,1.49248006248121072e1,3.84048376644852141e-6,4.97552846773011481e-1,-9.33469977643812537e-2,4.99999999499999936e-9,0.00000000000000000e0,0.00000000000000000e0,0.00000000000000000e0,1.04086116764477932e-1,5.05831783545961033e-1,1.39598548147146406e0,1.69705627484771412e2,3.53649750857904735e2,-1.46648203368307168e1,5.00000000000000000e0,0.00000000000000000e0,5.00000000000000000e0,5.00000000000000000e0,1.15759233292086128e0,-3.44182652775864085e2,8.65268507092716325e-4,5.00000000000000000e0;row_index=30640187:6.54166666666699981e-1,1.68625607278313424e2,-1.08002020645799357e0,-9.44471298969779127e0,3.84345869423349995e2,3.84376212518304442e2,9.44470706426985451e0,3.84393576403104646e2,3.84049392534411481e2,1.76512012298477856e1,5.00000000000000000e0,4.99999999999999378e0,0.00000000000000000e0,2.89722614551425206e0,4.57733349767082309e0,5.00000000000000000e0,5.00000000000000000e0,1.50000000000000000e1,1.35826771653543314e1,1.49999999999999716e1,1.49248006250033942e1,3.84048376644852141e-6,4.97552846784113711e-1,-9.33469977644366539e-2,4.99999999499999936e-9,0.00000000000000000e0,0.00000000000000000e0,0.00000000000000000e0,1.04086116764477821e-1,5.05831783545960922e-1,1.39598548147146428e0,1.69705627484771412e2,3.53649750682505726e2,-1.43521748806754559e1,5.00000000000000000e0,0.00000000000000000e0,5.00000000000000000e0,5.00000000000000000e0,1.15759232001361556e0,-3.44183020806320997e2,8.47779204555499494e-4,5.00000000000000000e0;row_index=30640188:6.54166666666699981e-1,1.68625607283238367e2,-1.08002020153304312e0,-9.44471298972098339e0,3.84345869423350109e2,3.84376212518304555e2,9.44470706424278639e0,3.84393576402717429e2,3.84049391847678805e2,1.76512012230399371e1,5.00000000000000000e0,4.99999999999999378e0,0.00000000000000000e0,2.89722614551425206e0,4.57733349767046782e0,5.00000000000000000e0,5.00000000000000000e0,1.50000000000000000e1,1.35826771653543314e1,1.49999999999999716e1,1.49248006253859664e1,3.84048376644852141e-6,4.97552846806318172e-1,-9.33469977645474819e-2,4.99999999499999936e-9,0.00000000000000000e0,0.00000000000000000e0,0.00000000000000000e0,1.04086116764477377e-1,5.05831783545960922e-1,1.39598548147146428e0,1.69705627484771412e2,3.53649750338682907e2,-1.37402106173490210e1,5.00000000000000000e0,0.00000000000000000e0,5.00000000000000000e0,5.00000000000000000e0,1.15759229419154508e0,-3.44183741489819965e2,8.13441428300718384e-4,5.00000000000000000e0;row_index=30640189:6.54166666666699981e-1,1.68625607282375853e2,-1.08002020239556251e0,-9.44471298942573867e0,3.84345869423350223e2,3.84376212518304669e2,9.44470706418864658e0,3.84393576401943051e2,3.84049390560180029e2,1.76512012102191669e1,5.00000000000000000e0,4.99999999999999378e0,0.00000000000000000e0,2.89722614551425162e0,4.57733349766975817e0,5.00000000000000000e0,5.00000000000000000e0,1.50000000000000000e1,1.35826771653543314e1,1.49999999999999716e1,1.49248006261511001e1,3.84048376644852141e-6,4.97552846850727037e-1,-9.33469977647691240e-2,4.99999999499999936e-9,0.00000000000000000e0,0.00000000000000000e0,0.00000000000000000e0,1.04086116764477002e-1,5.05831783545960811e-1,1.39598548147146384e0,1.69705627484771412e2,3.53649749691183956e2,-1.25929152199856844e1,5.00000000000000000e0,0.00000000000000000e0,5.00000000000000000e0,5.00000000000000000e0,1.15759224255877302e0,-3.44185092690320914e2,7.48982486072770717e-4,5.00000000000000000e0 right=row_index=30640190:6.54166666666700092e-1,1.68625607282199837e2,-1.08002020257158327e0,-9.44471298942744397e0,3.84345869423350280e2,3.84376212518304726e2,9.44470706408037231e0,3.84393576400393954e2,3.84049388294600647e2,1.76512011874388079e1,5.00000000000000000e0,4.99999999999999378e0,0.00000000000000000e0,2.89722614551425028e0,4.57733349766834063e0,5.00000000000000000e0,5.00000000000000000e0,1.50000000000000000e1,1.35826771653543314e1,1.49999999999999716e1,1.49248006276813765e1,3.84048376655954371e-6,4.97552846939544935e-1,-9.33469977652122973e-2,4.99999999499999936e-9,0.00000000000000000e0,0.00000000000000000e0,0.00000000000000000e0,1.04086116764477113e-1,5.05831783545960256e-1,1.39598548147146206e0,1.69705627484771412e2,3.53649748540687256e2,-1.05741634068478305e1,5.00000000000000000e0,0.00000000000000000e0,5.00000000000000000e0,5.00000000000000000e0,1.15759213928186000e0,-3.44187470092110004e2,6.35749917354664143e-4,5.00000000000000000e0
equal_group_time_s=6.54189104134661026e-1 threshold_crossing=false left=row_index=30646403:6.54189104134660915e-1,2.82992518687363770e2,1.13292962389301479e2,-1.25938751093599421e-2,3.83042200779709674e2,3.83072440953455384e2,5.63024029040615007e-2,3.83072540880785937e2,3.83072597182034258e2,7.99307328178568545e-7,5.00000000000000000e0,4.99999999999999378e0,0.00000000000000000e0,2.89722780935940039e0,4.16283427607052658e0,5.00000000000000000e0,8.09852185312820438e-1,2.42955655593846132e0,2.19999215695215034e0,1.49999999999999716e1,6.78196768227928731e-8,3.04141149332082250e-6,2.52188954740956621e-29,8.99178658113454754e-7,4.99999999499999936e-9,0.00000000000000000e0,0.00000000000000000e0,0.00000000000000000e0,1.04086116764473366e-1,5.05832304329492333e-1,1.39598741929821513e0,1.69699556298062305e2,3.83072597182033833e-10,-1.55211095938686981e-9,5.00000000000000000e0,0.00000000000000000e0,5.00000000000000000e0,5.00000000000000000e0,6.66182203682789530e-3,5.63012504926446375e-2,-7.92920987880406707e-10,5.00000000000000000e0 group=row_index=30646404:6.54189104134661026e-1,2.82992518417560518e2,1.13292962119498213e2,-1.25938749961278518e-2,3.83042200779709731e2,3.83072440953455441e2,5.63024029094382206e-2,3.83072540880786221e2,3.83072597182034315e2,7.99307328057567877e-7,5.00000000000000000e0,4.99999999999999378e0,0.00000000000000000e0,2.89722780935940083e0,4.16283427606916945e0,5.00000000000000000e0,8.09852740424332751e-1,2.42955822127299825e0,2.19999366493224269e0,1.49999999999999716e1,1.26436413513789193e-7,3.04141149343184480e-6,2.52170477300899555e-29,8.99178470682426749e-7,4.99999999499999936e-9,0.00000000000000000e0,0.00000000000000000e0,0.00000000000000000e0,1.04086116764472852e-1,5.05832304329492555e-1,1.39598741929821579e0,1.69699556298062305e2,3.83072597182033936e-10,-1.50770741126393528e-9,5.00000000000000000e0,0.00000000000000000e0,5.00000000000000000e0,5.00000000000000000e0,6.66182205198614062e-3,5.63011742706670051e-2,-1.30948473773354168e-8,5.00000000000000000e0;row_index=30646405:6.54189104134661026e-1,2.82992518273058579e2,1.13292961974996246e2,-1.25938748321914318e-2,3.83042200779709788e2,3.83072440953455498e2,5.63024029123179240e-2,3.83072540880786278e2,3.83072597182034258e2,7.99307326926088137e-7,5.00000000000000000e0,4.99999999999999378e0,0.00000000000000000e0,2.89722780935940127e0,4.16283427606844292e0,5.00000000000000000e0,8.09852740424332751e-1,2.42955822127299825e0,2.19999366493224269e0,1.49999999999999716e1,1.57830790719869490e-7,3.04141149343184480e-6,2.52160581576158223e-29,8.99178370296762756e-7,4.99999999499999936e-9,0.00000000000000000e0,0.00000000000000000e0,0.00000000000000000e0,1.04086116764472325e-1,5.05832304329492555e-1,1.39598741929821601e0,1.69699556298062333e2,3.83072597182033884e-10,-1.48872254196415747e-9,5.00000000000000000e0,0.00000000000000000e0,5.00000000000000000e0,5.00000000000000000e0,6.66182205198614062e-3,5.63012117243804414e-2,3.75636308559302137e-8,5.00000000000000000e0;row_index=30646406:6.54189104134661026e-1,2.82992518091113311e2,1.13292961793050978e2,-1.25938747141844942e-2,3.83042200779709788e2,3.83072440953455498e2,5.63024029159460912e-2,3.83072540880786448e2,3.83072597182034144e2,7.99307325388232906e-7,5.00000000000000000e0,4.99999999999999378e0,0.00000000000000000e0,2.89722780935940127e0,4.16283427606752809e0,5.00000000000000000e0,8.09852740424332751e-1,2.42955822127299825e0,2.19999366493224269e0,1.49999999999999716e1,1.97384814374046736e-7,3.04141149343184480e-6,2.52148114427250815e-29,8.99178243820087626e-7,4.99999999499999936e-9,0.00000000000000000e0,0.00000000000000000e0,0.00000000000000000e0,1.04086116764471132e-1,5.05832304329492555e-1,1.39598741929821601e0,1.69699556298062333e2,3.83072597182033729e-10,-1.46384533323834256e-9,5.00000000000000000e0,0.00000000000000000e0,5.00000000000000000e0,5.00000000000000000e0,6.66182206335482439e-3,5.63012544290809255e-2,2.29704605164493660e-8,5.00000000000000000e0 right=row_index=30646407:6.54189104134661137e-1,2.82992517727072880e2,1.13292961429010617e2,-1.25938750368277397e-2,3.83042200779709674e2,3.83072440953455384e2,5.63024029232023979e-2,3.83072540880786789e2,3.83072597182034144e2,7.99307325572573850e-7,5.00000000000000000e0,4.99999999999999378e0,0.00000000000000000e0,2.89722780935940127e0,4.16283427606569667e0,5.00000000000000000e0,8.09853295535845064e-1,2.42955988660753519e0,2.19999517291233504e0,1.49999999999999716e1,2.76492861341051104e-7,3.04141149354286711e-6,2.52123181978566807e-29,8.99177990866774635e-7,4.99999999499999936e-9,0.00000000000000000e0,0.00000000000000000e0,0.00000000000000000e0,1.04086116764470202e-1,5.05832304329492555e-1,1.39598741929821601e0,1.69699556298062248e2,3.83072597182033729e-10,-1.52903213483473091e-9,5.00000000000000000e0,0.00000000000000000e0,5.00000000000000000e0,5.00000000000000000e0,6.66182209367131416e-3,5.63012904079307902e-2,4.13020981297539030e-9,5.00000000000000000e0
equal_group_time_s=6.54212038581070465e-1 threshold_crossing=false left=row_index=30653215:6.54212038581070354e-1,2.94431431930777649e2,1.24750629608807174e2,1.00034475970005587e-2,3.81614060219959811e2,3.81644187645766578e2,-4.75540207529047340e-2,3.81644004067046126e2,3.81643956513749572e2,1.61059959582745738e-6,5.00000000000000000e0,4.99999999999999378e0,0.00000000000000000e0,2.89731593181420122e0,3.73812230549586522e0,5.00000000000000000e0,8.09854960870382001e-1,2.42956488261114600e0,2.19999969685261254e0,1.49999999999999716e1,2.44696859050756599e-7,2.73931766869850435e-6,0.00000000000000000e0,3.53678046301350989e-5,4.99999999499999936e-9,0.00000000000000000e0,0.00000000000000000e0,0.00000000000000000e0,1.04086116764478889e-1,5.05859886657844982e-1,1.39609005459958802e0,1.69680802321970475e2,3.81643956513749182e-10,-1.25484995155721263e-9,5.00000000000000000e0,0.00000000000000000e0,5.00000000000000000e0,5.00000000000000000e0,-1.22385813635143385e-2,-4.75532931025731895e-2,7.15782446723451297e-9,5.00000000000000000e0 group=row_index=30653216:6.54212038581070465e-1,2.94431432268083597e2,1.24750629946113179e2,1.00034475292432035e-2,3.81614060219959867e2,3.81644187645766635e2,-4.75540207311114585e-2,3.81644004067045842e2,3.81643956513749345e2,1.61059959266764459e-6,5.00000000000000000e0,4.99999999999999378e0,0.00000000000000000e0,2.89731593181420166e0,3.73812230549392943e0,5.00000000000000000e0,8.09855515981894314e-1,2.42956654794568294e0,2.20000120483270534e0,1.49999999999999716e1,3.28289773720592429e-7,2.73931766880952665e-6,0.00000000000000000e0,3.53678048387724733e-5,4.99999999499999936e-9,0.00000000000000000e0,0.00000000000000000e0,0.00000000000000000e0,1.04086116764479361e-1,5.05859886657845204e-1,1.39609005459958890e0,1.69680802321970418e2,3.81643956513748924e-10,-1.28391593283055303e-9,5.00000000000000000e0,0.00000000000000000e0,5.00000000000000000e0,5.00000000000000000e0,-1.22385813862517061e-2,-4.75532760518150993e-2,1.50520275701432668e-8,5.00000000000000000e0;row_index=30653217:6.54212038581070465e-1,2.94431432441137929e2,1.24750630119167582e2,1.00034474703534215e-2,3.81614060219959867e2,3.81644187645766635e2,-4.75540207199326645e-2,3.81644004067045728e2,3.81643956513749231e2,1.61059959175275986e-6,5.00000000000000000e0,4.99999999999999378e0,0.00000000000000000e0,2.89731593181420166e0,3.73812230549293689e0,5.00000000000000000e0,8.09855515981894314e-1,2.42956654794568294e0,2.20000120483270534e0,1.49999999999999716e1,3.71168477351516068e-7,2.73931766880952665e-6,0.00000000000000000e0,3.53678049457923282e-5,4.99999999499999936e-9,0.00000000000000000e0,0.00000000000000000e0,0.00000000000000000e0,1.04086116764479278e-1,5.05859886657845204e-1,1.39609005459958846e0,1.69680802321970361e2,3.81643956513748820e-10,-1.27173845022792995e-9,5.00000000000000000e0,0.00000000000000000e0,5.00000000000000000e0,5.00000000000000000e0,-1.22385813938308274e-2,-4.75533193023675790e-2,1.20399653933719237e-8,5.00000000000000000e0 right=row_index=30653218:6.54212038581070576e-1,2.94431432669892615e2,1.24750630347922367e2,1.00034475440224924e-2,3.81614060219959867e2,3.81644187645766635e2,-4.75540207051326283e-2,3.81644004067045728e2,3.81643956513749004e2,1.61059958978991770e-6,5.00000000000000000e0,4.99999999999999378e0,0.00000000000000000e0,2.89731593181420211e0,3.73812230549162283e0,5.00000000000000000e0,8.09856071093406626e-1,2.42956821328021988e0,2.20000271281279769e0,1.49999999999999716e1,4.27937245240719211e-7,2.73931766892054895e-6,0.00000000000000000e0,3.53678050874800287e-5,4.99999999499999936e-9,0.00000000000000000e0,0.00000000000000000e0,0.00000000000000000e0,1.04086116764479250e-1,5.05859886657845315e-1,1.39609005459958890e0,1.69680802321970248e2,3.81643956513748665e-10,-1.25388936803606476e-9,5.00000000000000000e0,0.00000000000000000e0,5.00000000000000000e0,5.00000000000000000e0,-1.22385813938308274e-2,-4.75533777009062089e-2,-5.73697504159833960e-9,5.00000000000000000e0
