 time            v(out)          i(Lboost)       v(anode)       
 5.00000000e-11  3.89617856e+02  2.32317770e+01  3.90436887e+02 
 5.00001401e-11  3.89617856e+02  2.32317770e+01  3.90436889e+02 
 5.00004203e-11  3.89617856e+02  2.32317770e+01  3.90436892e+02 
 5.00009808e-11  3.89617856e+02  2.32317770e+01  3.90436898e+02 
 5.00021017e-11  3.89617856e+02  2.32317770e+01  3.90436910e+02 
 5.00043436e-11  3.89617856e+02  2.32317770e+01  3.90436932e+02 
 5.00088272e-11  3.89617857e+02  2.32317770e+01  3.90436969e+02 
 5.00177946e-11  3.89617857e+02  2.32317770e+01  3.90437025e+02 
 5.00259284e-11  3.89617857e+02  2.32317770e+01  3.90437059e+02 
 5.00368891e-11  3.89617858e+02  2.32317770e+01  3.90437088e+02 
 5.00473267e-11  3.89617858e+02  2.32317769e+01  3.90437104e+02 
 5.00609495e-11  3.89617859e+02  2.32317769e+01  3.90437115e+02 
 5.00753705e-11  3.89617860e+02  2.32317769e+01  3.90437121e+02 
 5.00947507e-11  3.89617861e+02  2.32317769e+01  3.90437125e+02 
 5.01176575e-11  3.89617862e+02  2.32317769e+01  3.90437127e+02 
 5.01508005e-11  3.89617864e+02  2.32317768e+01  3.90437128e+02 
 5.01969571e-11  3.89617866e+02  2.32317768e+01  3.90437130e+02 
 5.02802500e-11  3.89617870e+02  2.32317767e+01  3.90437134e+02 
 5.04468360e-11  3.89617878e+02  2.32317765e+01  3.90437143e+02 
 5.07800079e-11  3.89617895e+02  2.32317760e+01  3.90437159e+02 
 5.14108959e-11  3.89617926e+02  2.32317753e+01  3.90437190e+02 
 5.26726718e-11  3.89617988e+02  2.32317737e+01  3.90437253e+02 
 5.51962237e-11  3.89618113e+02  2.32317706e+01  3.90437377e+02 
 6.02433276e-11  3.89618362e+02  2.32317644e+01  3.90437627e+02 
 7.03375353e-11  3.89618861e+02  2.32317521e+01  3.90438126e+02 
 9.05259506e-11  3.89619859e+02  2.32317273e+01  3.90439124e+02 
 1.30902781e-10  3.89621855e+02  2.32316778e+01  3.90441119e+02 
 2.11656443e-10  3.89625847e+02  2.32315788e+01  3.90445111e+02 
 3.73163766e-10  3.89633830e+02  2.32313807e+01  3.90453093e+02 
 6.96178412e-10  3.89649796e+02  2.32309845e+01  3.90469059e+02 
 1.34220770e-09  3.89681727e+02  2.32301922e+01  3.90500988e+02 
 2.63426629e-09  3.89745586e+02  2.32286070e+01  3.90564844e+02 
 5.00000000e-09  3.89862499e+02  2.32257035e+01  3.90681751e+02 
 5.25841172e-09  3.89875269e+02  2.32253863e+01  3.90694520e+02 
 5.77523515e-09  3.89900808e+02  2.32247517e+01  3.90720057e+02 
 6.80888202e-09  3.89951883e+02  2.32234824e+01  3.90771130e+02 
 8.87617575e-09  3.90054026e+02  2.32209429e+01  3.90873268e+02 
 1.30107632e-08  3.90258278e+02  2.32158603e+01  3.91077509e+02 
 1.80107632e-08  3.90505223e+02  2.32097077e+01  3.91324440e+02 
 2.30107632e-08  3.90752102e+02  2.32035482e+01  3.91571306e+02 
 2.80107632e-08  3.90998915e+02  2.31973818e+01  3.91818107e+02 
 3.30107632e-08  3.91245663e+02  2.31912086e+01  3.92064841e+02 
 3.80107632e-08  3.91492345e+02  2.31850285e+01  3.92311510e+02 
 4.30107632e-08  3.91738961e+02  2.31788416e+01  3.92558114e+02 
 4.80107632e-08  3.91985512e+02  2.31726478e+01  3.92804651e+02 
 5.30107632e-08  3.92231996e+02  2.31664472e+01  3.93051122e+02 
 5.80107632e-08  3.92478415e+02  2.31602397e+01  3.93297528e+02 
 6.30107632e-08  3.92724767e+02  2.31540254e+01  3.93543867e+02 
 6.80107632e-08  3.92971053e+02  2.31478043e+01  3.93790140e+02 
 7.30107632e-08  3.93217274e+02  2.31415763e+01  3.94036347e+02 
 7.80107632e-08  3.93463427e+02  2.31353415e+01  3.94282488e+02 
 8.30107632e-08  3.93709515e+02  2.31290998e+01  3.94528562e+02 
 8.80107632e-08  3.93955536e+02  2.31228513e+01  3.94774570e+02 
 9.30107632e-08  3.94201490e+02  2.31165960e+01  3.95020511e+02 
 9.80107632e-08  3.94447378e+02  2.31103338e+01  3.95266386e+02 
 1.03010763e-07  3.94693199e+02  2.31040648e+01  3.95512194e+02 
 1.08010763e-07  3.94938954e+02  2.30977890e+01  3.95757935e+02 
 1.13010763e-07  3.95184642e+02  2.30915064e+01  3.96003609e+02 
 1.18010763e-07  3.95430263e+02  2.30852169e+01  3.96249217e+02 
 1.23010763e-07  3.95675816e+02  2.30789206e+01  3.96494757e+02 
 1.28010763e-07  3.95921303e+02  2.30726175e+01  3.96740231e+02 
 1.33010763e-07  3.96166723e+02  2.30663076e+01  3.96985637e+02 
 1.38010763e-07  3.96412076e+02  2.30599908e+01  3.97230976e+02 
 1.43010763e-07  3.96657361e+02  2.30536673e+01  3.97476248e+02 
 1.48010763e-07  3.96902579e+02  2.30473369e+01  3.97721453e+02 
 1.53010763e-07  3.97147730e+02  2.30409997e+01  3.97966590e+02 
 1.58010763e-07  3.97392813e+02  2.30346557e+01  3.98211660e+02 
 1.63010763e-07  3.97637829e+02  2.30283050e+01  3.98456662e+02 
 1.68010763e-07  3.97882777e+02  2.30219474e+01  3.98701597e+02 
 1.73010763e-07  3.98127658e+02  2.30155830e+01  3.98946464e+02 
 1.78010763e-07  3.98372470e+02  2.30092118e+01  3.99191263e+02 
 1.83010763e-07  3.98617215e+02  2.30028338e+01  3.99435995e+02 
 1.88010763e-07  3.98861892e+02  2.29964490e+01  3.99680658e+02 
 1.93010763e-07  3.99106501e+02  2.29900574e+01  3.99925253e+02 
 1.98010763e-07  3.99351042e+02  2.29836590e+01  4.00169781e+02 
 2.03010763e-07  3.99595515e+02  2.29772538e+01  4.00414240e+02 
 2.08010763e-07  3.99839920e+02  2.29708418e+01  4.00658631e+02 
 2.13010763e-07  4.00084256e+02  2.29644231e+01  4.00902954e+02 
 2.18010763e-07  4.00328525e+02  2.29579975e+01  4.01147209e+02 
 2.23010763e-07  4.00572724e+02  2.29515652e+01  4.01391395e+02 
 2.28010763e-07  4.00816856e+02  2.29451261e+01  4.01635512e+02 
 2.33010763e-07  4.01060918e+02  2.29386802e+01  4.01879561e+02 
 2.38010763e-07  4.01304913e+02  2.29322276e+01  4.02123542e+02 
 2.43010763e-07  4.01548838e+02  2.29257681e+01  4.02367454e+02 
 2.48010763e-07  4.01792695e+02  2.29193019e+01  4.02611297e+02 
 2.53010763e-07  4.02036483e+02  2.29128289e+01  4.02855071e+02 
 2.58010763e-07  4.02280202e+02  2.29063492e+01  4.03098776e+02 
 2.63010763e-07  4.02523852e+02  2.28998626e+01  4.03342412e+02 
 2.68010763e-07  4.02767433e+02  2.28933693e+01  4.03585979e+02 
 2.73010763e-07  4.03010945e+02  2.28868693e+01  4.03829477e+02 
 2.78010763e-07  4.03254387e+02  2.28803625e+01  4.04072906e+02 
 2.83010763e-07  4.03497761e+02  2.28738489e+01  4.04316266e+02 
 2.88010763e-07  4.03741065e+02  2.28673285e+01  4.04559556e+02 
 2.93010763e-07  4.03984300e+02  2.28608015e+01  4.04802777e+02 
 2.98010763e-07  4.04227465e+02  2.28542676e+01  4.05045928e+02 
 3.03010763e-07  4.04470561e+02  2.28477270e+01  4.05289010e+02 
 3.08010763e-07  4.04713587e+02  2.28411796e+01  4.05532022e+02 
 3.13010763e-07  4.04956543e+02  2.28346255e+01  4.05774964e+02 
 3.18010763e-07  4.05199430e+02  2.28280647e+01  4.06017837e+02 
 3.23010763e-07  4.05442247e+02  2.28214971e+01  4.06260640e+02 
 3.28010763e-07  4.05684993e+02  2.28149227e+01  4.06503373e+02 
 3.33010763e-07  4.05927670e+02  2.28083416e+01  4.06746036e+02 
 3.38010763e-07  4.06170277e+02  2.28017538e+01  4.06988628e+02 
 3.43010763e-07  4.06412814e+02  2.27951593e+01  4.07231151e+02 
 3.48010763e-07  4.06655281e+02  2.27885580e+01  4.07473604e+02 
 3.53010763e-07  4.06897677e+02  2.27819499e+01  4.07715986e+02 
 3.58010763e-07  4.07140003e+02  2.27753352e+01  4.07958298e+02 
 3.63010763e-07  4.07382258e+02  2.27687137e+01  4.08200539e+02 
 3.68010763e-07  4.07624443e+02  2.27620854e+01  4.08442710e+02 
 3.73010763e-07  4.07866558e+02  2.27554505e+01  4.08684810e+02 
 3.78010763e-07  4.08108602e+02  2.27488088e+01  4.08926840e+02 
 3.83010763e-07  4.08350575e+02  2.27421604e+01  4.09168799e+02 
 3.88010763e-07  4.08592478e+02  2.27355053e+01  4.09410687e+02 
 3.93010763e-07  4.08834309e+02  2.27288435e+01  4.09652505e+02 
 3.98010763e-07  4.09076070e+02  2.27221749e+01  4.09894251e+02 
 4.03010763e-07  4.09317760e+02  2.27154997e+01  4.10135927e+02 
 4.08010763e-07  4.09559378e+02  2.27088177e+01  4.10377531e+02 
 4.13010763e-07  4.09800926e+02  2.27021290e+01  4.10619064e+02 
 4.18010763e-07  4.10042402e+02  2.26954336e+01  4.10860526e+02 
 4.23010763e-07  4.10283807e+02  2.26887315e+01  4.11101917e+02 
 4.28010763e-07  4.10525141e+02  2.26820227e+01  4.11343237e+02 
 4.33010763e-07  4.10766404e+02  2.26753072e+01  4.11584485e+02 
 4.38010763e-07  4.11007595e+02  2.26685850e+01  4.11825661e+02 
 4.43010763e-07  4.11248714e+02  2.26618561e+01  4.12066766e+02 
 4.48010763e-07  4.11489762e+02  2.26551205e+01  4.12307799e+02 
 4.53010763e-07  4.11730738e+02  2.26483782e+01  4.12548761e+02 
 4.58010763e-07  4.11971642e+02  2.26416292e+01  4.12789651e+02 
 4.63010763e-07  4.12212474e+02  2.26348735e+01  4.13030469e+02 
 4.68010763e-07  4.12453235e+02  2.26281112e+01  4.13271215e+02 
 4.73010763e-07  4.12693923e+02  2.26213421e+01  4.13511889e+02 
 4.78010763e-07  4.12934540e+02  2.26145664e+01  4.13752491e+02 
 4.83010763e-07  4.13175084e+02  2.26077840e+01  4.13993021e+02 
 4.88010763e-07  4.13415557e+02  2.26009949e+01  4.14233478e+02 
 4.93010763e-07  4.13655957e+02  2.25941991e+01  4.14473864e+02 
 4.98010763e-07  4.13896284e+02  2.25873966e+01  4.14714177e+02 
 5.03010763e-07  4.14136539e+02  2.25805875e+01  4.14954417e+02 
 5.08010763e-07  4.14376722e+02  2.25737717e+01  4.15194585e+02 
 5.13010763e-07  4.14616832e+02  2.25669492e+01  4.15434681e+02 
 5.18010763e-07  4.14856870e+02  2.25601201e+01  4.15674704e+02 
 5.23010763e-07  4.15096835e+02  2.25532843e+01  4.15914654e+02 
 5.28010763e-07  4.15336727e+02  2.25464418e+01  4.16154532e+02 
 5.33010763e-07  4.15576546e+02  2.25395927e+01  4.16394336e+02 
 5.38010763e-07  4.15816293e+02  2.25327369e+01  4.16634068e+02 
 5.43010763e-07  4.16055966e+02  2.25258744e+01  4.16873727e+02 
 5.48010763e-07  4.16295567e+02  2.25190053e+01  4.17113312e+02 
 5.53010763e-07  4.16535094e+02  2.25121296e+01  4.17352825e+02 
 5.58010763e-07  4.16774548e+02  2.25052472e+01  4.17592264e+02 
 5.63010763e-07  4.17013929e+02  2.24983581e+01  4.17831630e+02 
 5.68010763e-07  4.17253236e+02  2.24914624e+01  4.18070923e+02 
 5.73010763e-07  4.17492470e+02  2.24845600e+01  4.18310142e+02 
 5.78010763e-07  4.17731631e+02  2.24776510e+01  4.18549288e+02 
 5.83010763e-07  4.17970718e+02  2.24707354e+01  4.18788360e+02 
 5.88010763e-07  4.18209732e+02  2.24638131e+01  4.19027359e+02 
 5.93010763e-07  4.18448672e+02  2.24568842e+01  4.19266284e+02 
 5.98010763e-07  4.18687538e+02  2.24499486e+01  4.19505135e+02 
 6.03010763e-07  4.18926330e+02  2.24430064e+01  4.19743912e+02 
 6.08010763e-07  4.19165049e+02  2.24360576e+01  4.19982616e+02 
 6.13010763e-07  4.19403693e+02  2.24291021e+01  4.20221245e+02 
 6.18010763e-07  4.19642263e+02  2.24221401e+01  4.20459801e+02 
 6.23010763e-07  4.19880760e+02  2.24151714e+01  4.20698282e+02 
 6.28010763e-07  4.20119182e+02  2.24081960e+01  4.20936689e+02 
 6.33010763e-07  4.20357530e+02  2.24012141e+01  4.21175022e+02 
 6.38010763e-07  4.20595803e+02  2.23942255e+01  4.21413281e+02 
 6.43010763e-07  4.20834003e+02  2.23872303e+01  4.21651465e+02 
 6.48010763e-07  4.21072127e+02  2.23802285e+01  4.21889574e+02 
 6.53010763e-07  4.21310178e+02  2.23732201e+01  4.22127610e+02 
 6.58010763e-07  4.21548153e+02  2.23662051e+01  4.22365570e+02 
 6.63010763e-07  4.21786054e+02  2.23591834e+01  4.22603456e+02 
 6.68010763e-07  4.22023880e+02  2.23521552e+01  4.22841267e+02 
 6.73010763e-07  4.22261632e+02  2.23451204e+01  4.23079003e+02 
 6.78010763e-07  4.22499308e+02  2.23380789e+01  4.23316665e+02 
 6.83010763e-07  4.22736910e+02  2.23310309e+01  4.23554251e+02 
 6.88010763e-07  4.22974437e+02  2.23239762e+01  4.23791762e+02 
 6.93010763e-07  4.23211888e+02  2.23169150e+01  4.24029199e+02 
 6.98010763e-07  4.23449265e+02  2.23098471e+01  4.24266560e+02 
 7.03010763e-07  4.23686566e+02  2.23027727e+01  4.24503846e+02 
 7.08010763e-07  4.23923792e+02  2.22956917e+01  4.24741056e+02 
 7.13010763e-07  4.24160942e+02  2.22886041e+01  4.24978191e+02 
 7.18010763e-07  4.24398017e+02  2.22815099e+01  4.25215251e+02 
 7.23010763e-07  4.24635017e+02  2.22744091e+01  4.25452235e+02 
 7.28010763e-07  4.24871941e+02  2.22673017e+01  4.25689144e+02 
 7.33010763e-07  4.25108789e+02  2.22601878e+01  4.25925977e+02 
 7.38010763e-07  4.25345562e+02  2.22530673e+01  4.26162734e+02 
 7.43010763e-07  4.25582259e+02  2.22459402e+01  4.26399416e+02 
 7.48010763e-07  4.25818879e+02  2.22388065e+01  4.26636021e+02 
 7.53010763e-07  4.26055425e+02  2.22316663e+01  4.26872551e+02 
 7.58010763e-07  4.26291894e+02  2.22245194e+01  4.27109004e+02 
 7.63010763e-07  4.26528287e+02  2.22173661e+01  4.27345382e+02 
 7.68010763e-07  4.26764603e+02  2.22102061e+01  4.27581683e+02 
 7.73010763e-07  4.27000844e+02  2.22030396e+01  4.27817908e+02 
 7.78010763e-07  4.27237008e+02  2.21958666e+01  4.28054057e+02 
 7.83010763e-07  4.27473096e+02  2.21886869e+01  4.28290130e+02 
 7.88010763e-07  4.27709108e+02  2.21815008e+01  4.28526126e+02 
 7.93010763e-07  4.27945043e+02  2.21743080e+01  4.28762045e+02 
 7.98010763e-07  4.28180902e+02  2.21671087e+01  4.28997888e+02 
 8.03010763e-07  4.28416684e+02  2.21599029e+01  4.29233655e+02 
 8.08010763e-07  4.28652389e+02  2.21526905e+01  4.29469344e+02 
 8.13010763e-07  4.28888018e+02  2.21454716e+01  4.29704957e+02 
 8.18010763e-07  4.29123569e+02  2.21382461e+01  4.29940493e+02 
 8.23010763e-07  4.29359044e+02  2.21310141e+01  4.30175952e+02 
 8.28010763e-07  4.29594442e+02  2.21237755e+01  4.30411334e+02 
 8.33010763e-07  4.29829763e+02  2.21165304e+01  4.30646639e+02 
 8.38010763e-07  4.30065006e+02  2.21092788e+01  4.30881867e+02 
 8.43010763e-07  4.30300173e+02  2.21020207e+01  4.31117018e+02 
 8.48010763e-07  4.30535262e+02  2.20947560e+01  4.31352091e+02 
 8.53010763e-07  4.30770274e+02  2.20874847e+01  4.31587088e+02 
 8.58010763e-07  4.31005208e+02  2.20802070e+01  4.31822006e+02 
 8.63010763e-07  4.31240065e+02  2.20729227e+01  4.32056848e+02 
 8.68010763e-07  4.31474845e+02  2.20656319e+01  4.32291611e+02 
 8.73010763e-07  4.31709547e+02  2.20583346e+01  4.32526297e+02 
 8.78010763e-07  4.31944171e+02  2.20510308e+01  4.32760906e+02 
 8.83010763e-07  4.32178718e+02  2.20437204e+01  4.32995436e+02 
 8.88010763e-07  4.32413186e+02  2.20364036e+01  4.33229889e+02 
 8.93010763e-07  4.32647577e+02  2.20290802e+01  4.33464264e+02 
 8.98010763e-07  4.32881890e+02  2.20217503e+01  4.33698561e+02 
 9.03010763e-07  4.33116125e+02  2.20144139e+01  4.33932780e+02 
 9.08010763e-07  4.33350282e+02  2.20070710e+01  4.34166921e+02 
 9.13010763e-07  4.33584361e+02  2.19997216e+01  4.34400984e+02 
 9.18010763e-07  4.33818361e+02  2.19923657e+01  4.34634968e+02 
 9.23010763e-07  4.34052283e+02  2.19850033e+01  4.34868874e+02 
 9.28010763e-07  4.34286127e+02  2.19776344e+01  4.35102702e+02 
 9.33010763e-07  4.34519892e+02  2.19702591e+01  4.35336451e+02 
 9.38010763e-07  4.34753579e+02  2.19628772e+01  4.35570122e+02 
 9.43010763e-07  4.34987187e+02  2.19554888e+01  4.35803714e+02 
 9.48010763e-07  4.35220717e+02  2.19480940e+01  4.36037228e+02 
 9.53010763e-07  4.35454168e+02  2.19406926e+01  4.36270663e+02 
 9.58010763e-07  4.35687540e+02  2.19332848e+01  4.36504019e+02 
 9.63010763e-07  4.35920834e+02  2.19258705e+01  4.36737296e+02 
 9.68010763e-07  4.36154048e+02  2.19184497e+01  4.36970494e+02 
 9.73010763e-07  4.36387184e+02  2.19110224e+01  4.37203613e+02 
 9.78010763e-07  4.36620240e+02  2.19035887e+01  4.37436654e+02 
 9.83010763e-07  4.36853217e+02  2.18961485e+01  4.37669615e+02 
 9.88010763e-07  4.37086115e+02  2.18887018e+01  4.37902497e+02 
 9.93010763e-07  4.37318934e+02  2.18812487e+01  4.38135299e+02 
 9.98010763e-07  4.37551674e+02  2.18737891e+01  4.38368022e+02 
 1.00301076e-06  4.37784334e+02  2.18663230e+01  4.38600666e+02 
 1.00801076e-06  4.38016915e+02  2.18588504e+01  4.38833231e+02 
 1.01301076e-06  4.38249416e+02  2.18513715e+01  4.39065716e+02 
 1.01801076e-06  4.38481837e+02  2.18438860e+01  4.39298121e+02 
 1.02301076e-06  4.38714179e+02  2.18363941e+01  4.39530446e+02 
 1.02801076e-06  4.38946442e+02  2.18288957e+01  4.39762692e+02 
 1.03301076e-06  4.39178624e+02  2.18213909e+01  4.39994858e+02 
 1.03801076e-06  4.39410726e+02  2.18138797e+01  4.40226944e+02 
 1.04301076e-06  4.39642749e+02  2.18063620e+01  4.40458950e+02 
 1.04801076e-06  4.39874691e+02  2.17988378e+01  4.40690876e+02 
 1.05301076e-06  4.40106554e+02  2.17913072e+01  4.40922722e+02 
 1.05801076e-06  4.40338336e+02  2.17837702e+01  4.41154488e+02 
 1.06301076e-06  4.40570038e+02  2.17762267e+01  4.41386174e+02 
 1.06801076e-06  4.40801660e+02  2.17686768e+01  4.41617779e+02 
 1.07301076e-06  4.41033202e+02  2.17611205e+01  4.41849304e+02 
 1.07801076e-06  4.41264663e+02  2.17535578e+01  4.42080748e+02 
 1.08301076e-06  4.41496043e+02  2.17459886e+01  4.42312112e+02 
 1.08801076e-06  4.41727343e+02  2.17384130e+01  4.42543396e+02 
 1.09301076e-06  4.41958563e+02  2.17308309e+01  4.42774599e+02 
 1.09801076e-06  4.42189701e+02  2.17232425e+01  4.43005721e+02 
 1.10301076e-06  4.42420759e+02  2.17156476e+01  4.43236762e+02 
 1.10801076e-06  4.42651736e+02  2.17080463e+01  4.43467722e+02 
 1.11301076e-06  4.42882632e+02  2.17004386e+01  4.43698602e+02 
 1.11801076e-06  4.43113448e+02  2.16928245e+01  4.43929400e+02 
 1.12301076e-06  4.43344182e+02  2.16852039e+01  4.44160118e+02 
 1.12801076e-06  4.43574835e+02  2.16775770e+01  4.44390754e+02 
 1.13301076e-06  4.43805407e+02  2.16699436e+01  4.44621309e+02 
 1.13801076e-06  4.44035897e+02  2.16623039e+01  4.44851783e+02 
 1.14301076e-06  4.44266307e+02  2.16546577e+01  4.45082176e+02 
 1.14801076e-06  4.44496635e+02  2.16470052e+01  4.45312487e+02 
 1.15301076e-06  4.44726881e+02  2.16393463e+01  4.45542717e+02 
 1.15801076e-06  4.44957046e+02  2.16316809e+01  4.45772865e+02 
 1.16301076e-06  4.45187130e+02  2.16240092e+01  4.46002931e+02 
 1.16801076e-06  4.45417131e+02  2.16163311e+01  4.46232916e+02 
 1.17301076e-06  4.45647052e+02  2.16086466e+01  4.46462820e+02 
 1.17801076e-06  4.45876890e+02  2.16009557e+01  4.46692641e+02 
 1.18301076e-06  4.46106646e+02  2.15932584e+01  4.46922381e+02 
 1.18801076e-06  4.46336321e+02  2.15855547e+01  4.47152038e+02 
 1.19301076e-06  4.46565913e+02  2.15778447e+01  4.47381614e+02 
 1.19801076e-06  4.46795424e+02  2.15701283e+01  4.47611107e+02 
 1.20301076e-06  4.47024852e+02  2.15624055e+01  4.47840519e+02 
 1.20801076e-06  4.47254198e+02  2.15546764e+01  4.48069848e+02 
 1.21301076e-06  4.47483462e+02  2.15469408e+01  4.48299095e+02 
 1.21801076e-06  4.47712644e+02  2.15391990e+01  4.48528259e+02 
 1.22301076e-06  4.47941743e+02  2.15314507e+01  4.48757341e+02 
 1.22801076e-06  4.48170760e+02  2.15236961e+01  4.48986341e+02 
 1.23301076e-06  4.48399694e+02  2.15159351e+01  4.49215258e+02 
 1.23801076e-06  4.48628546e+02  2.15081678e+01  4.49444093e+02 
 1.24301076e-06  4.48857314e+02  2.15003941e+01  4.49672844e+02 
 1.24801076e-06  4.49086001e+02  2.14926140e+01  4.49901513e+02 
 1.25301076e-06  4.49314604e+02  2.14848276e+01  4.50130100e+02 
 1.25801076e-06  4.49543125e+02  2.14770349e+01  4.50358603e+02 
 1.26301076e-06  4.49771562e+02  2.14692358e+01  4.50587023e+02 
 1.26801076e-06  4.49999917e+02  2.14614304e+01  4.50815361e+02 
 1.27301076e-06  4.50228188e+02  2.14536186e+01  4.51043615e+02 
 1.27801076e-06  4.50456377e+02  2.14458005e+01  4.51271786e+02 
 1.28301076e-06  4.50684482e+02  2.14379761e+01  4.51499874e+02 
 1.28801076e-06  4.50912504e+02  2.14301453e+01  4.51727879e+02 
 1.29301076e-06  4.51140442e+02  2.14223081e+01  4.51955800e+02 
 1.29801076e-06  4.51368297e+02  2.14144647e+01  4.52183638e+02 
 1.30301076e-06  4.51596069e+02  2.14066149e+01  4.52411392e+02 
 1.30801076e-06  4.51823757e+02  2.13987588e+01  4.52639063e+02 
 1.31301076e-06  4.52051362e+02  2.13908964e+01  4.52866650e+02 
 1.31801076e-06  4.52278883e+02  2.13830277e+01  4.53094154e+02 
 1.32301076e-06  4.52506320e+02  2.13751526e+01  4.53321573e+02 
 1.32801076e-06  4.52733673e+02  2.13672712e+01  4.53548909e+02 
 1.33301076e-06  4.52960943e+02  2.13593835e+01  4.53776161e+02 
 1.33801076e-06  4.53188128e+02  2.13514895e+01  4.54003329e+02 
 1.34301076e-06  4.53415229e+02  2.13435892e+01  4.54230413e+02 
 1.34801076e-06  4.53642247e+02  2.13356826e+01  4.54457413e+02 
 1.35301076e-06  4.53869180e+02  2.13277697e+01  4.54684329e+02 
 1.35801076e-06  4.54096029e+02  2.13198505e+01  4.54911160e+02 
 1.36301076e-06  4.54322794e+02  2.13119249e+01  4.55137908e+02 
 1.36801076e-06  4.54549474e+02  2.13039931e+01  4.55364570e+02 
 1.37301076e-06  4.54776070e+02  2.12960550e+01  4.55591149e+02 
 1.37801076e-06  4.55002582e+02  2.12881106e+01  4.55817643e+02 
 1.38301076e-06  4.55229009e+02  2.12801599e+01  4.56044052e+02 
 1.38801076e-06  4.55455351e+02  2.12722029e+01  4.56270377e+02 
 1.39301076e-06  4.55681609e+02  2.12642396e+01  4.56496617e+02 
 1.39801076e-06  4.55907782e+02  2.12562701e+01  4.56722772e+02 
 1.40301076e-06  4.56133870e+02  2.12482942e+01  4.56948842e+02 
 1.40801076e-06  4.56359873e+02  2.12403121e+01  4.57174828e+02 
 1.41301076e-06  4.56585791e+02  2.12323237e+01  4.57400728e+02 
 1.41801076e-06  4.56811624e+02  2.12243290e+01  4.57626544e+02 
 1.42301076e-06  4.57037373e+02  2.12163281e+01  4.57852274e+02 
 1.42801076e-06  4.57263036e+02  2.12083209e+01  4.58077920e+02 
 1.43301076e-06  4.57488613e+02  2.12003074e+01  4.58303480e+02 
 1.43801076e-06  4.57714106e+02  2.11922877e+01  4.58528954e+02 
 1.44301076e-06  4.57939513e+02  2.11842617e+01  4.58754344e+02 
 1.44801076e-06  4.58164835e+02  2.11762294e+01  4.58979648e+02 
 1.45301076e-06  4.58390071e+02  2.11681909e+01  4.59204866e+02 
 1.45801076e-06  4.58615222e+02  2.11601461e+01  4.59429999e+02 
 1.46301076e-06  4.58840287e+02  2.11520951e+01  4.59655046e+02 
 1.46801076e-06  4.59065266e+02  2.11440378e+01  4.59880007e+02 
 1.47301076e-06  4.59290160e+02  2.11359743e+01  4.60104883e+02 
 1.47801076e-06  4.59514968e+02  2.11279046e+01  4.60329673e+02 
 1.48301076e-06  4.59739690e+02  2.11198285e+01  4.60554377e+02 
 1.48801076e-06  4.59964326e+02  2.11117463e+01  4.60778995e+02 
 1.49301076e-06  4.60188876e+02  2.11036578e+01  4.61003527e+02 
 1.49801076e-06  4.60413340e+02  2.10955631e+01  4.61227973e+02 
 1.50301076e-06  4.60637717e+02  2.10874621e+01  4.61452333e+02 
 1.50801076e-06  4.60862009e+02  2.10793549e+01  4.61676606e+02 
 1.51301076e-06  4.61086214e+02  2.10712415e+01  4.61900794e+02 
 1.51801076e-06  4.61310333e+02  2.10631219e+01  4.62124894e+02 
 1.52301076e-06  4.61534366e+02  2.10549960e+01  4.62348909e+02 
 1.52801076e-06  4.61758312e+02  2.10468639e+01  4.62572837e+02 
 1.53301076e-06  4.61982171e+02  2.10387256e+01  4.62796678e+02 
 1.53801076e-06  4.62205944e+02  2.10305811e+01  4.63020433e+02 
 1.54301076e-06  4.62429630e+02  2.10224303e+01  4.63244101e+02 
 1.54801076e-06  4.62653230e+02  2.10142734e+01  4.63467682e+02 
 1.55301076e-06  4.62876743e+02  2.10061102e+01  4.63691177e+02 
 1.55801076e-06  4.63100168e+02  2.09979409e+01  4.63914584e+02 
 1.56301076e-06  4.63323507e+02  2.09897653e+01  4.64137905e+02 
 1.56801076e-06  4.63546759e+02  2.09815835e+01  4.64361138e+02 
 1.57301076e-06  4.63769924e+02  2.09733955e+01  4.64584285e+02 
 1.57801076e-06  4.63993001e+02  2.09652014e+01  4.64807344e+02 
 1.58301076e-06  4.64215992e+02  2.09570010e+01  4.65030316e+02 
 1.58801076e-06  4.64438895e+02  2.09487944e+01  4.65253201e+02 
 1.59301076e-06  4.64661711e+02  2.09405817e+01  4.65475999e+02 
 1.59801076e-06  4.64884439e+02  2.09323628e+01  4.65698709e+02 
 1.60301076e-06  4.65107080e+02  2.09241376e+01  4.65921331e+02 
 1.60801076e-06  4.65329634e+02  2.09159063e+01  4.66143866e+02 
 1.61301076e-06  4.65552099e+02  2.09076688e+01  4.66366313e+02 
 1.61801076e-06  4.65774478e+02  2.08994252e+01  4.66588673e+02 
 1.62301076e-06  4.65996768e+02  2.08911753e+01  4.66810945e+02 
 1.62801076e-06  4.66218971e+02  2.08829193e+01  4.67033129e+02 
 1.63301076e-06  4.66441085e+02  2.08746572e+01  4.67255226e+02 
 1.63801076e-06  4.66663112e+02  2.08663888e+01  4.67477234e+02 
 1.64301076e-06  4.66885051e+02  2.08581143e+01  4.67699154e+02 
 1.64801076e-06  4.67106902e+02  2.08498336e+01  4.67920986e+02 
 1.65301076e-06  4.67328664e+02  2.08415468e+01  4.68142730e+02 
 1.65801076e-06  4.67550339e+02  2.08332538e+01  4.68364386e+02 
 1.66301076e-06  4.67771925e+02  2.08249546e+01  4.68585954e+02 
 1.66801076e-06  4.67993423e+02  2.08166493e+01  4.68807433e+02 
 1.67301076e-06  4.68214832e+02  2.08083379e+01  4.69028824e+02 
 1.67801076e-06  4.68436153e+02  2.08000203e+01  4.69250126e+02 
 1.68301076e-06  4.68657386e+02  2.07916965e+01  4.69471340e+02 
 1.68801076e-06  4.68878530e+02  2.07833666e+01  4.69692465e+02 
 1.69301076e-06  4.69099585e+02  2.07750306e+01  4.69913502e+02 
 1.69801076e-06  4.69320552e+02  2.07666884e+01  4.70134450e+02 
 1.70301076e-06  4.69541430e+02  2.07583401e+01  4.70355309e+02 
 1.70801076e-06  4.69762219e+02  2.07499856e+01  4.70576079e+02 
 1.71301076e-06  4.69982919e+02  2.07416251e+01  4.70796760e+02 
 1.71801076e-06  4.70203530e+02  2.07332584e+01  4.71017353e+02 
 1.72301076e-06  4.70424052e+02  2.07248855e+01  4.71237856e+02 
 1.72801076e-06  4.70644485e+02  2.07165066e+01  4.71458270e+02 
 1.73301076e-06  4.70864828e+02  2.07081215e+01  4.71678595e+02 
 1.73801076e-06  4.71085083e+02  2.06997303e+01  4.71898830e+02 
 1.74301076e-06  4.71305248e+02  2.06913330e+01  4.72118977e+02 
 1.74801076e-06  4.71525324e+02  2.06829296e+01  4.72339034e+02 
 1.75301076e-06  4.71745310e+02  2.06745200e+01  4.72559001e+02 
 1.75801076e-06  4.71965207e+02  2.06661044e+01  4.72778879e+02 
 1.76301076e-06  4.72185015e+02  2.06576826e+01  4.72998668e+02 
 1.76801076e-06  4.72404732e+02  2.06492548e+01  4.73218366e+02 
 1.77301076e-06  4.72624360e+02  2.06408208e+01  4.73437975e+02 
 1.77801076e-06  4.72843899e+02  2.06323807e+01  4.73657495e+02 
 1.78301076e-06  4.73063347e+02  2.06239346e+01  4.73876924e+02 
 1.78801076e-06  4.73282706e+02  2.06154823e+01  4.74096264e+02 
 1.79301076e-06  4.73501974e+02  2.06070240e+01  4.74315513e+02 
 1.79801076e-06  4.73721153e+02  2.05985596e+01  4.74534673e+02 
 1.80301076e-06  4.73940242e+02  2.05900891e+01  4.74753742e+02 
 1.80801076e-06  4.74159240e+02  2.05816125e+01  4.74972721e+02 
 1.81301076e-06  4.74378148e+02  2.05731298e+01  4.75191610e+02 
 1.81801076e-06  4.74596966e+02  2.05646410e+01  4.75410409e+02 
 1.82301076e-06  4.74815694e+02  2.05561462e+01  4.75629118e+02 
 1.82801076e-06  4.75034331e+02  2.05476453e+01  4.75847736e+02 
 1.83301076e-06  4.75252877e+02  2.05391383e+01  4.76066263e+02 
 1.83801076e-06  4.75471334e+02  2.05306252e+01  4.76284700e+02 
 1.84301076e-06  4.75689699e+02  2.05221061e+01  4.76503046e+02 
 1.84801076e-06  4.75907974e+02  2.05135809e+01  4.76721302e+02 
 1.85301076e-06  4.76126158e+02  2.05050497e+01  4.76939467e+02 
 1.85801076e-06  4.76344252e+02  2.04965124e+01  4.77157541e+02 
 1.86301076e-06  4.76562254e+02  2.04879690e+01  4.77375524e+02 
 1.86801076e-06  4.76780166e+02  2.04794196e+01  4.77593416e+02 
 1.87301076e-06  4.76997987e+02  2.04708642e+01  4.77811218e+02 
 1.87801076e-06  4.77215716e+02  2.04623026e+01  4.78028928e+02 
 1.88301076e-06  4.77433355e+02  2.04537351e+01  4.78246547e+02 
 1.88801076e-06  4.77650902e+02  2.04451615e+01  4.78464075e+02 
 1.89301076e-06  4.77868358e+02  2.04365818e+01  4.78681512e+02 
 1.89801076e-06  4.78085723e+02  2.04279962e+01  4.78898857e+02 
 1.90301076e-06  4.78302996e+02  2.04194044e+01  4.79116111e+02 
 1.90801076e-06  4.78520178e+02  2.04108067e+01  4.79333273e+02 
 1.91301076e-06  4.78737269e+02  2.04022029e+01  4.79550344e+02 
 1.91801076e-06  4.78954267e+02  2.03935931e+01  4.79767324e+02 
 1.92301076e-06  4.79171175e+02  2.03849773e+01  4.79984211e+02 
 1.92801076e-06  4.79387990e+02  2.03763554e+01  4.80201007e+02 
 1.93301076e-06  4.79604714e+02  2.03677275e+01  4.80417712e+02 
 1.93801076e-06  4.79821346e+02  2.03590936e+01  4.80634324e+02 
 1.94301076e-06  4.80037886e+02  2.03504537e+01  4.80850844e+02 
 1.94801076e-06  4.80254334e+02  2.03418078e+01  4.81067273e+02 
 1.95301076e-06  4.80470691e+02  2.03331558e+01  4.81283610e+02 
 1.95801076e-06  4.80686955e+02  2.03244979e+01  4.81499854e+02 
 1.96301076e-06  4.80903127e+02  2.03158339e+01  4.81716006e+02 
 1.96801076e-06  4.81119206e+02  2.03071640e+01  4.81932066e+02 
 1.97301076e-06  4.81335194e+02  2.02984880e+01  4.82148034e+02 
 1.97801076e-06  4.81551089e+02  2.02898061e+01  4.82363909e+02 
 1.98301076e-06  4.81766892e+02  2.02811181e+01  4.82579692e+02 
 1.98801076e-06  4.81982602e+02  2.02724242e+01  4.82795383e+02 
 1.99301076e-06  4.82198220e+02  2.02637243e+01  4.83010981e+02 
 1.99801076e-06  4.82413745e+02  2.02550183e+01  4.83226486e+02 
 2.00301076e-06  4.82629178e+02  2.02463064e+01  4.83441899e+02 
 2.00801076e-06  4.82844518e+02  2.02375885e+01  4.83657219e+02 
 2.01301076e-06  4.83059765e+02  2.02288647e+01  4.83872446e+02 
 2.01801076e-06  4.83274919e+02  2.02201348e+01  4.84087581e+02 
 2.02301076e-06  4.83489980e+02  2.02113990e+01  4.84302622e+02 
 2.02801076e-06  4.83704949e+02  2.02026572e+01  4.84517570e+02 
 2.03301076e-06  4.83919824e+02  2.01939095e+01  4.84732426e+02 
 2.03801076e-06  4.84134606e+02  2.01851557e+01  4.84947188e+02 
 2.04301076e-06  4.84349295e+02  2.01763961e+01  4.85161857e+02 
 2.04801076e-06  4.84563891e+02  2.01676304e+01  4.85376433e+02 
 2.05301076e-06  4.84778394e+02  2.01588588e+01  4.85590916e+02 
 2.05801076e-06  4.84992803e+02  2.01500812e+01  4.85805305e+02 
 2.06301076e-06  4.85207119e+02  2.01412977e+01  4.86019601e+02 
 2.06801076e-06  4.85421341e+02  2.01325082e+01  4.86233803e+02 
 2.07301076e-06  4.85635470e+02  2.01237128e+01  4.86447912e+02 
 2.07801076e-06  4.85849505e+02  2.01149114e+01  4.86661927e+02 
 2.08301076e-06  4.86063447e+02  2.01061041e+01  4.86875848e+02 
 2.08801076e-06  4.86277295e+02  2.00972909e+01  4.87089676e+02 
 2.09301076e-06  4.86491049e+02  2.00884717e+01  4.87303410e+02 
 2.09801076e-06  4.86704709e+02  2.00796465e+01  4.87517050e+02 
 2.10301076e-06  4.86918275e+02  2.00708155e+01  4.87730596e+02 
 2.10801076e-06  4.87131747e+02  2.00619785e+01  4.87944048e+02 
 2.11301076e-06  4.87345126e+02  2.00531356e+01  4.88157406e+02 
 2.11801076e-06  4.87558410e+02  2.00442867e+01  4.88370670e+02 
 2.12301076e-06  4.87771600e+02  2.00354320e+01  4.88583839e+02 
 2.12801076e-06  4.87984696e+02  2.00265713e+01  4.88796915e+02 
 2.13301076e-06  4.88197697e+02  2.00177047e+01  4.89009896e+02 
 2.13801076e-06  4.88410604e+02  2.00088322e+01  4.89222783e+02 
 2.14301076e-06  4.88623417e+02  1.99999537e+01  4.89435575e+02 
 2.14801076e-06  4.88836135e+02  1.99910694e+01  4.89648273e+02 
 2.15301076e-06  4.89048759e+02  1.99821791e+01  4.89860876e+02 
 2.15801076e-06  4.89261288e+02  1.99732830e+01  4.90073385e+02 
 2.16301076e-06  4.89473722e+02  1.99643809e+01  4.90285799e+02 
 2.16801076e-06  4.89686062e+02  1.99554730e+01  4.90498118e+02 
 2.17301076e-06  4.89898306e+02  1.99465591e+01  4.90710342e+02 
 2.17801076e-06  4.90110456e+02  1.99376394e+01  4.90922472e+02 
 2.18301076e-06  4.90322511e+02  1.99287138e+01  4.91134506e+02 
 2.18801076e-06  4.90534472e+02  1.99197822e+01  4.91346446e+02 
 2.19301076e-06  4.90746337e+02  1.99108448e+01  4.91558290e+02 
 2.19801076e-06  4.90958106e+02  1.99019015e+01  4.91770040e+02 
 2.20301076e-06  4.91169781e+02  1.98929524e+01  4.91981694e+02 
 2.20801076e-06  4.91381361e+02  1.98839973e+01  4.92193253e+02 
 2.21301076e-06  4.91592845e+02  1.98750364e+01  4.92404716e+02 
 2.21801076e-06  4.91804234e+02  1.98660696e+01  4.92616085e+02 
 2.22301076e-06  4.92015527e+02  1.98570969e+01  4.92827357e+02 
 2.22801076e-06  4.92226725e+02  1.98481184e+01  4.93038535e+02 
 2.23301076e-06  4.92437828e+02  1.98391340e+01  4.93249616e+02 
 2.23801076e-06  4.92648834e+02  1.98301437e+01  4.93460602e+02 
 2.24301076e-06  4.92859745e+02  1.98211476e+01  4.93671493e+02 
 2.24801076e-06  4.93070561e+02  1.98121456e+01  4.93882287e+02 
 2.25301076e-06  4.93281280e+02  1.98031378e+01  4.94092986e+02 
 2.25801076e-06  4.93491904e+02  1.97941241e+01  4.94303589e+02 
 2.26301076e-06  4.93702432e+02  1.97851046e+01  4.94514096e+02 
 2.26801076e-06  4.93912864e+02  1.97760792e+01  4.94724507e+02 
 2.27301076e-06  4.94123199e+02  1.97670480e+01  4.94934822e+02 
 2.27801076e-06  4.94333439e+02  1.97580109e+01  4.95145041e+02 
 2.28301076e-06  4.94543583e+02  1.97489680e+01  4.95355163e+02 
 2.28801076e-06  4.94753630e+02  1.97399193e+01  4.95565190e+02 
 2.29301076e-06  4.94963581e+02  1.97308647e+01  4.95775120e+02 
 2.29801076e-06  4.95173435e+02  1.97218043e+01  4.95984953e+02 
 2.30301076e-06  4.95383194e+02  1.97127381e+01  4.96194691e+02 
 2.30801076e-06  4.95592855e+02  1.97036660e+01  4.96404331e+02 
 2.31301076e-06  4.95802421e+02  1.96945881e+01  4.96613876e+02 
 2.31801076e-06  4.96011889e+02  1.96855044e+01  4.96823323e+02 
 2.32301076e-06  4.96221261e+02  1.96764149e+01  4.97032674e+02 
 2.32801076e-06  4.96430536e+02  1.96673196e+01  4.97241928e+02 
 2.33301076e-06  4.96639715e+02  1.96582185e+01  4.97451085e+02 
 2.33801076e-06  4.96848796e+02  1.96491115e+01  4.97660146e+02 
 2.34301076e-06  4.97057781e+02  1.96399988e+01  4.97869109e+02 
 2.34801076e-06  4.97266668e+02  1.96308802e+01  4.98077976e+02 
 2.35301076e-06  4.97475459e+02  1.96217559e+01  4.98286745e+02 
 2.35801076e-06  4.97684152e+02  1.96126257e+01  4.98495418e+02 
 2.36301076e-06  4.97892749e+02  1.96034898e+01  4.98703993e+02 
 2.36801076e-06  4.98101248e+02  1.95943480e+01  4.98912471e+02 
 2.37301076e-06  4.98309650e+02  1.95852005e+01  4.99120851e+02 
 2.37801076e-06  4.98517954e+02  1.95760472e+01  4.99329135e+02 
 2.38301076e-06  4.98726161e+02  1.95668881e+01  4.99537320e+02 
 2.38801076e-06  4.98934271e+02  1.95577232e+01  4.99745409e+02 
 2.39301076e-06  4.99142283e+02  1.95485526e+01  4.99953399e+02 
 2.39801076e-06  4.99350197e+02  1.95393761e+01  5.00161293e+02 
 2.40301076e-06  4.99558014e+02  1.95301939e+01  5.00369088e+02 
 2.40801076e-06  4.99765733e+02  1.95210059e+01  5.00576786e+02 
 2.41301076e-06  4.99973355e+02  1.95118122e+01  5.00784386e+02 
 2.41801076e-06  5.00180878e+02  1.95026127e+01  5.00991888e+02 
 2.42301076e-06  5.00388304e+02  1.94934074e+01  5.01199292e+02 
 2.42801076e-06  5.00595632e+02  1.94841964e+01  5.01406598e+02 
 2.43301076e-06  5.00802861e+02  1.94749796e+01  5.01613807e+02 
 2.43801076e-06  5.01009993e+02  1.94657570e+01  5.01820917e+02 
 2.44301076e-06  5.01217026e+02  1.94565287e+01  5.02027929e+02 
 2.44801076e-06  5.01423961e+02  1.94472947e+01  5.02234842e+02 
 2.45301076e-06  5.01630798e+02  1.94380549e+01  5.02441658e+02 
 2.45801076e-06  5.01837537e+02  1.94288093e+01  5.02648375e+02 
 2.46301076e-06  5.02044177e+02  1.94195581e+01  5.02854994e+02 
 2.46801076e-06  5.02250719e+02  1.94103010e+01  5.03061514e+02 
 2.47301076e-06  5.02457162e+02  1.94010383e+01  5.03267935e+02 
 2.47801076e-06  5.02663507e+02  1.93917698e+01  5.03474258e+02 
 2.48301076e-06  5.02869753e+02  1.93824956e+01  5.03680483e+02 
 2.48801076e-06  5.03075901e+02  1.93732157e+01  5.03886609e+02 
 2.49301076e-06  5.03281949e+02  1.93639300e+01  5.04092636e+02 
 2.49801076e-06  5.03487899e+02  1.93546386e+01  5.04298564e+02 
 2.50301076e-06  5.03693750e+02  1.93453415e+01  5.04504393e+02 
 2.50801076e-06  5.03899502e+02  1.93360387e+01  5.04710123e+02 
 2.51301076e-06  5.04105155e+02  1.93267301e+01  5.04915754e+02 
 2.51801076e-06  5.04310709e+02  1.93174159e+01  5.05121287e+02 
 2.52301076e-06  5.04516164e+02  1.93080959e+01  5.05326720e+02 
 2.52801076e-06  5.04721519e+02  1.92987703e+01  5.05532053e+02 
 2.53301076e-06  5.04926776e+02  1.92894389e+01  5.05737288e+02 
 2.53801076e-06  5.05131933e+02  1.92801019e+01  5.05942423e+02 
 2.54301076e-06  5.05336991e+02  1.92707591e+01  5.06147459e+02 
 2.54801076e-06  5.05541949e+02  1.92614106e+01  5.06352396e+02 
 2.55301076e-06  5.05746808e+02  1.92520565e+01  5.06557233e+02 
 2.55801076e-06  5.05951567e+02  1.92426967e+01  5.06761970e+02 
 2.56301076e-06  5.06156227e+02  1.92333311e+01  5.06966608e+02 
 2.56801076e-06  5.06360787e+02  1.92239599e+01  5.07171146e+02 
 2.57301076e-06  5.06565247e+02  1.92145831e+01  5.07375584e+02 
 2.57801076e-06  5.06769608e+02  1.92052005e+01  5.07579923e+02 
 2.58301076e-06  5.06973868e+02  1.91958123e+01  5.07784161e+02 
 2.58801076e-06  5.07178029e+02  1.91864184e+01  5.07988300e+02 
 2.59301076e-06  5.07382090e+02  1.91770188e+01  5.08192339e+02 
 2.59801076e-06  5.07586051e+02  1.91676136e+01  5.08396277e+02 
 2.60301076e-06  5.07789912e+02  1.91582027e+01  5.08600116e+02 
 2.60801076e-06  5.07993672e+02  1.91487861e+01  5.08803854e+02 
 2.61301076e-06  5.08197333e+02  1.91393639e+01  5.09007493e+02 
 2.61801076e-06  5.08400893e+02  1.91299360e+01  5.09211031e+02 
 2.62301076e-06  5.08604352e+02  1.91205025e+01  5.09414468e+02 
 2.62801076e-06  5.08807712e+02  1.91110633e+01  5.09617805e+02 
 2.63301076e-06  5.09010971e+02  1.91016184e+01  5.09821042e+02 
 2.63801076e-06  5.09214129e+02  1.90921680e+01  5.10024178e+02 
 2.64301076e-06  5.09417187e+02  1.90827119e+01  5.10227214e+02 
 2.64801076e-06  5.09620144e+02  1.90732501e+01  5.10430149e+02 
 2.65301076e-06  5.09823001e+02  1.90637827e+01  5.10632983e+02 
 2.65801076e-06  5.10025757e+02  1.90543097e+01  5.10835716e+02 
 2.66301076e-06  5.10228412e+02  1.90448311e+01  5.11038349e+02 
 2.66801076e-06  5.10430966e+02  1.90353468e+01  5.11240881e+02 
 2.67301076e-06  5.10633419e+02  1.90258569e+01  5.11443312e+02 
 2.67801076e-06  5.10835771e+02  1.90163614e+01  5.11645641e+02 
 2.68301076e-06  5.11038022e+02  1.90068602e+01  5.11847870e+02 
 2.68801076e-06  5.11240172e+02  1.89973535e+01  5.12049998e+02 
 2.69301076e-06  5.11442221e+02  1.89878411e+01  5.12252024e+02 
 2.69801076e-06  5.11644169e+02  1.89783231e+01  5.12453949e+02 
 2.70301076e-06  5.11846015e+02  1.89687995e+01  5.12655773e+02 
 2.70801076e-06  5.12047760e+02  1.89592703e+01  5.12857496e+02 
 2.71301076e-06  5.12249404e+02  1.89497355e+01  5.13059117e+02 
 2.71801076e-06  5.12450946e+02  1.89401951e+01  5.13260636e+02 
 2.72301076e-06  5.12652387e+02  1.89306491e+01  5.13462054e+02 
 2.72801076e-06  5.12853726e+02  1.89210976e+01  5.13663371e+02 
 2.73301076e-06  5.13054963e+02  1.89115404e+01  5.13864586e+02 
 2.73801076e-06  5.13256099e+02  1.89019776e+01  5.14065699e+02 
 2.74301076e-06  5.13457133e+02  1.88924093e+01  5.14266710e+02 
 2.74801076e-06  5.13658065e+02  1.88828353e+01  5.14467620e+02 
 2.75301076e-06  5.13858895e+02  1.88732558e+01  5.14668427e+02 
 2.75801076e-06  5.14059624e+02  1.88636707e+01  5.14869133e+02 
 2.76301076e-06  5.14260250e+02  1.88540801e+01  5.15069736e+02 
 2.76801076e-06  5.14460774e+02  1.88444838e+01  5.15270238e+02 
 2.77301076e-06  5.14661196e+02  1.88348820e+01  5.15470637e+02 
 2.77801076e-06  5.14861516e+02  1.88252747e+01  5.15670934e+02 
 2.78301076e-06  5.15061734e+02  1.88156618e+01  5.15871129e+02 
 2.78801076e-06  5.15261849e+02  1.88060433e+01  5.16071222e+02 
 2.79301076e-06  5.15461862e+02  1.87964192e+01  5.16271212e+02 
 2.79801076e-06  5.15661773e+02  1.87867896e+01  5.16471100e+02 
 2.80301076e-06  5.15861581e+02  1.87771545e+01  5.16670885e+02 
 2.80801076e-06  5.16061287e+02  1.87675138e+01  5.16870568e+02 
 2.81301076e-06  5.16260890e+02  1.87578675e+01  5.17070148e+02 
 2.81801076e-06  5.16460391e+02  1.87482158e+01  5.17269625e+02 
 2.82301076e-06  5.16659788e+02  1.87385584e+01  5.17469000e+02 
 2.82801076e-06  5.16859083e+02  1.87288956e+01  5.17668272e+02 
 2.83301076e-06  5.17058275e+02  1.87192272e+01  5.17867441e+02 
 2.83801076e-06  5.17257365e+02  1.87095533e+01  5.18066507e+02 
 2.84301076e-06  5.17456351e+02  1.86998738e+01  5.18265471e+02 
 2.84801076e-06  5.17655234e+02  1.86901888e+01  5.18464331e+02 
 2.85301076e-06  5.17854014e+02  1.86804983e+01  5.18663088e+02 
 2.85801076e-06  5.18052692e+02  1.86708023e+01  5.18861742e+02 
 2.86301076e-06  5.18251265e+02  1.86611008e+01  5.19060293e+02 
 2.86801076e-06  5.18449736e+02  1.86513937e+01  5.19258740e+02 
 2.87301076e-06  5.18648104e+02  1.86416811e+01  5.19457085e+02 
 2.87801076e-06  5.18846368e+02  1.86319631e+01  5.19655325e+02 
 2.88301076e-06  5.19044528e+02  1.86222395e+01  5.19853463e+02 
 2.88801076e-06  5.19242585e+02  1.86125104e+01  5.20051497e+02 
 2.89301076e-06  5.19440539e+02  1.86027758e+01  5.20249427e+02 
 2.89801076e-06  5.19638389e+02  1.85930358e+01  5.20447254e+02 
 2.90301076e-06  5.19836136e+02  1.85832902e+01  5.20644977e+02 
 2.90801076e-06  5.20033778e+02  1.85735391e+01  5.20842596e+02 
 2.91301076e-06  5.20231317e+02  1.85637826e+01  5.21040112e+02 
 2.91801076e-06  5.20428752e+02  1.85540206e+01  5.21237524e+02 
 2.92301076e-06  5.20626083e+02  1.85442530e+01  5.21434831e+02 
 2.92801076e-06  5.20823311e+02  1.85344801e+01  5.21632035e+02 
 2.93301076e-06  5.21020434e+02  1.85247016e+01  5.21829135e+02 
 2.93801076e-06  5.21217453e+02  1.85149176e+01  5.22026131e+02 
 2.94301076e-06  5.21414368e+02  1.85051282e+01  5.22223023e+02 
 2.94801076e-06  5.21611179e+02  1.84953333e+01  5.22419810e+02 
 2.95301076e-06  5.21807886e+02  1.84855330e+01  5.22616493e+02 
 2.95801076e-06  5.22004489e+02  1.84757272e+01  5.22813072e+02 
 2.96301076e-06  5.22200987e+02  1.84659159e+01  5.23009547e+02 
 2.96801076e-06  5.22397380e+02  1.84560992e+01  5.23205917e+02 
 2.97301076e-06  5.22593670e+02  1.84462770e+01  5.23402183e+02 
 2.97801076e-06  5.22789854e+02  1.84364494e+01  5.23598344e+02 
 2.98301076e-06  5.22985934e+02  1.84266163e+01  5.23794400e+02 
 2.98801076e-06  5.23181910e+02  1.84167778e+01  5.23990352e+02 
 2.99301076e-06  5.23377781e+02  1.84069338e+01  5.24186199e+02 
 2.99801076e-06  5.23573547e+02  1.83970844e+01  5.24381941e+02 
 3.00301076e-06  5.23769208e+02  1.83872296e+01  5.24577579e+02 
 3.00801076e-06  5.23964764e+02  1.83773693e+01  5.24773112e+02 
 3.01301076e-06  5.24160216e+02  1.83675036e+01  5.24968539e+02 
 3.01801076e-06  5.24355562e+02  1.83576325e+01  5.25163862e+02 
 3.02301076e-06  5.24550804e+02  1.83477559e+01  5.25359080e+02 
 3.02801076e-06  5.24745940e+02  1.83378740e+01  5.25554192e+02 
 3.03301076e-06  5.24940971e+02  1.83279866e+01  5.25749199e+02 
 3.03801076e-06  5.25135897e+02  1.83180938e+01  5.25944101e+02 
 3.04301076e-06  5.25330718e+02  1.83081956e+01  5.26138898e+02 
 3.04801076e-06  5.25525433e+02  1.82982919e+01  5.26333590e+02 
 3.05301076e-06  5.25720043e+02  1.82883829e+01  5.26528176e+02 
 3.05801076e-06  5.25914547e+02  1.82784685e+01  5.26722656e+02 
 3.06301076e-06  5.26108946e+02  1.82685486e+01  5.26917031e+02 
 3.06801076e-06  5.26303240e+02  1.82586234e+01  5.27111301e+02 
 3.07301076e-06  5.26497428e+02  1.82486928e+01  5.27305465e+02 
 3.07801076e-06  5.26691510e+02  1.82387567e+01  5.27499523e+02 
 3.08301076e-06  5.26885486e+02  1.82288153e+01  5.27693475e+02 
 3.08801076e-06  5.27079357e+02  1.82188685e+01  5.27887322e+02 
 3.09301076e-06  5.27273122e+02  1.82089163e+01  5.28081062e+02 
 3.09801076e-06  5.27466781e+02  1.81989588e+01  5.28274697e+02 
 3.10301076e-06  5.27660334e+02  1.81889958e+01  5.28468226e+02 
 3.10801076e-06  5.27853781e+02  1.81790275e+01  5.28661649e+02 
 3.11301076e-06  5.28047121e+02  1.81690538e+01  5.28854966e+02 
 3.11801076e-06  5.28240356e+02  1.81590748e+01  5.29048176e+02 
 3.12301076e-06  5.28433485e+02  1.81490904e+01  5.29241280e+02 
 3.12801076e-06  5.28626507e+02  1.81391006e+01  5.29434278e+02 
 3.13301076e-06  5.28819423e+02  1.81291054e+01  5.29627170e+02 
 3.13801076e-06  5.29012233e+02  1.81191049e+01  5.29819955e+02 
 3.14301076e-06  5.29204936e+02  1.81090991e+01  5.30012634e+02 
 3.14801076e-06  5.29397532e+02  1.80990879e+01  5.30205207e+02 
 3.15301076e-06  5.29590023e+02  1.80890713e+01  5.30397673e+02 
 3.15801076e-06  5.29782406e+02  1.80790495e+01  5.30590032e+02 
 3.16301076e-06  5.29974683e+02  1.80690222e+01  5.30782284e+02 
 3.16801076e-06  5.30166853e+02  1.80589896e+01  5.30974430e+02 
 3.17301076e-06  5.30358917e+02  1.80489517e+01  5.31166469e+02 
 3.17801076e-06  5.30550874e+02  1.80389085e+01  5.31358402e+02 
 3.18301076e-06  5.30742723e+02  1.80288599e+01  5.31550227e+02 
 3.18801076e-06  5.30934466e+02  1.80188060e+01  5.31741945e+02 
 3.19301076e-06  5.31126102e+02  1.80087468e+01  5.31933557e+02 
 3.19801076e-06  5.31317631e+02  1.79986822e+01  5.32125061e+02 
 3.20301076e-06  5.31509053e+02  1.79886124e+01  5.32316458e+02 
 3.20801076e-06  5.31700367e+02  1.79785372e+01  5.32507748e+02 
 3.21301076e-06  5.31891575e+02  1.79684567e+01  5.32698931e+02 
 3.21801076e-06  5.32082675e+02  1.79583709e+01  5.32890007e+02 
 3.22301076e-06  5.32273668e+02  1.79482798e+01  5.33080975e+02 
 3.22801076e-06  5.32464553e+02  1.79381834e+01  5.33271836e+02 
 3.23301076e-06  5.32655331e+02  1.79280817e+01  5.33462589e+02 
 3.23801076e-06  5.32846002e+02  1.79179747e+01  5.33653235e+02 
 3.24301076e-06  5.33036565e+02  1.79078624e+01  5.33843773e+02 
 3.24801076e-06  5.33227020e+02  1.78977448e+01  5.34034204e+02 
 3.25301076e-06  5.33417368e+02  1.78876219e+01  5.34224527e+02 
 3.25801076e-06  5.33607608e+02  1.78774937e+01  5.34414742e+02 
 3.26301076e-06  5.33797740e+02  1.78673603e+01  5.34604849e+02 
 3.26801076e-06  5.33987764e+02  1.78572216e+01  5.34794849e+02 
 3.27301076e-06  5.34177681e+02  1.78470776e+01  5.34984740e+02 
 3.27801076e-06  5.34367489e+02  1.78369283e+01  5.35174524e+02 
 3.28301076e-06  5.34557190e+02  1.78267737e+01  5.35364200e+02 
 3.28801076e-06  5.34746782e+02  1.78166139e+01  5.35553767e+02 
 3.29301076e-06  5.34936267e+02  1.78064488e+01  5.35743227e+02 
 3.29801076e-06  5.35125643e+02  1.77962785e+01  5.35932578e+02 
 3.30301076e-06  5.35314911e+02  1.77861029e+01  5.36121821e+02 
 3.30801076e-06  5.35504070e+02  1.77759220e+01  5.36310956e+02 
 3.31301076e-06  5.35693122e+02  1.77657359e+01  5.36499982e+02 
 3.31801076e-06  5.35882065e+02  1.77555446e+01  5.36688900e+02 
 3.32301076e-06  5.36070899e+02  1.77453480e+01  5.36877709e+02 
 3.32801076e-06  5.36259625e+02  1.77351461e+01  5.37066410e+02 
 3.33301076e-06  5.36448243e+02  1.77249390e+01  5.37255003e+02 
 3.33801076e-06  5.36636752e+02  1.77147267e+01  5.37443486e+02 
 3.34301076e-06  5.36825152e+02  1.77045092e+01  5.37631861e+02 
 3.34801076e-06  5.37013443e+02  1.76942864e+01  5.37820128e+02 
 3.35301076e-06  5.37201626e+02  1.76840584e+01  5.38008285e+02 
 3.35801076e-06  5.37389700e+02  1.76738251e+01  5.38196334e+02 
 3.36301076e-06  5.37577665e+02  1.76635867e+01  5.38384274e+02 
 3.36801076e-06  5.37765521e+02  1.76533430e+01  5.38572104e+02 
 3.37301076e-06  5.37953268e+02  1.76430941e+01  5.38759826e+02 
 3.37801076e-06  5.38140906e+02  1.76328400e+01  5.38947439e+02 
 3.38301076e-06  5.38328434e+02  1.76225807e+01  5.39134942e+02 
 3.38801076e-06  5.38515854e+02  1.76123161e+01  5.39322337e+02 
 3.39301076e-06  5.38703165e+02  1.76020464e+01  5.39509622e+02 
 3.39801076e-06  5.38890366e+02  1.75917715e+01  5.39696797e+02 
 3.40301076e-06  5.39077457e+02  1.75814913e+01  5.39883864e+02 
 3.40801076e-06  5.39264440e+02  1.75712060e+01  5.40070821e+02 
 3.41301076e-06  5.39451313e+02  1.75609155e+01  5.40257668e+02 
 3.41801076e-06  5.39638076e+02  1.75506198e+01  5.40444406e+02 
 3.42301076e-06  5.39824730e+02  1.75403189e+01  5.40631035e+02 
 3.42801076e-06  5.40011275e+02  1.75300128e+01  5.40817554e+02 
 3.43301076e-06  5.40197709e+02  1.75197016e+01  5.41003963e+02 
 3.43801076e-06  5.40384034e+02  1.75093851e+01  5.41190262e+02 
 3.44301076e-06  5.40570249e+02  1.74990635e+01  5.41376452e+02 
 3.44801076e-06  5.40756355e+02  1.74887368e+01  5.41562531e+02 
 3.45301076e-06  5.40942350e+02  1.74784048e+01  5.41748501e+02 
 3.45801076e-06  5.41128235e+02  1.74680677e+01  5.41934361e+02 
 3.46301076e-06  5.41314011e+02  1.74577255e+01  5.42120111e+02 
 3.46801076e-06  5.41499676e+02  1.74473780e+01  5.42305751e+02 
 3.47301076e-06  5.41685232e+02  1.74370254e+01  5.42491280e+02 
 3.47801076e-06  5.41870677e+02  1.74266677e+01  5.42676700e+02 
 3.48301076e-06  5.42056012e+02  1.74163048e+01  5.42862009e+02 
 3.48801076e-06  5.42241236e+02  1.74059368e+01  5.43047208e+02 
 3.49301076e-06  5.42426351e+02  1.73955636e+01  5.43232296e+02 
 3.49801076e-06  5.42611355e+02  1.73851853e+01  5.43417274e+02 
 3.50301076e-06  5.42796248e+02  1.73748019e+01  5.43602142e+02 
 3.50801076e-06  5.42981031e+02  1.73644133e+01  5.43786899e+02 
 3.51301076e-06  5.43165704e+02  1.73540196e+01  5.43971546e+02 
 3.51801076e-06  5.43350266e+02  1.73436208e+01  5.44156082e+02 
 3.52301076e-06  5.43534717e+02  1.73332168e+01  5.44340507e+02 
 3.52801076e-06  5.43719058e+02  1.73228077e+01  5.44524822e+02 
 3.53301076e-06  5.43903287e+02  1.73123935e+01  5.44709026e+02 
 3.53801076e-06  5.44087406e+02  1.73019742e+01  5.44893119e+02 
 3.54301076e-06  5.44271414e+02  1.72915498e+01  5.45077101e+02 
 3.54801076e-06  5.44455312e+02  1.72811202e+01  5.45260972e+02 
 3.55301076e-06  5.44639098e+02  1.72706856e+01  5.45444732e+02 
 3.55801076e-06  5.44822773e+02  1.72602458e+01  5.45628381e+02 
 3.56301076e-06  5.45006337e+02  1.72498010e+01  5.45811919e+02 
 3.56801076e-06  5.45189790e+02  1.72393510e+01  5.45995346e+02 
 3.57301076e-06  5.45373132e+02  1.72288960e+01  5.46178661e+02 
 3.57801076e-06  5.45556362e+02  1.72184359e+01  5.46361866e+02 
 3.58301076e-06  5.45739481e+02  1.72079707e+01  5.46544959e+02 
 3.58801076e-06  5.45922489e+02  1.71975004e+01  5.46727940e+02 
 3.59301076e-06  5.46105385e+02  1.71870250e+01  5.46910810e+02 
 3.59801076e-06  5.46288170e+02  1.71765445e+01  5.47093569e+02 
 3.60301076e-06  5.46470844e+02  1.71660590e+01  5.47276216e+02 
 3.60801076e-06  5.46653406e+02  1.71555684e+01  5.47458752e+02 
 3.61301076e-06  5.46835856e+02  1.71450727e+01  5.47641176e+02 
 3.61801076e-06  5.47018194e+02  1.71345720e+01  5.47823488e+02 
 3.62301076e-06  5.47200421e+02  1.71240662e+01  5.48005688e+02 
 3.62801076e-06  5.47382536e+02  1.71135553e+01  5.48187777e+02 
 3.63301076e-06  5.47564539e+02  1.71030394e+01  5.48369754e+02 
 3.63801076e-06  5.47746431e+02  1.70925184e+01  5.48551618e+02 
 3.64301076e-06  5.47928210e+02  1.70819924e+01  5.48733371e+02 
 3.64801076e-06  5.48109877e+02  1.70714613e+01  5.48915012e+02 
 3.65301076e-06  5.48291432e+02  1.70609252e+01  5.49096541e+02 
 3.65801076e-06  5.48472876e+02  1.70503840e+01  5.49277957e+02 
 3.66301076e-06  5.48654206e+02  1.70398378e+01  5.49459262e+02 
 3.66801076e-06  5.48835425e+02  1.70292866e+01  5.49640454e+02 
 3.67301076e-06  5.49016532e+02  1.70187304e+01  5.49821534e+02 
 3.67801076e-06  5.49197526e+02  1.70081691e+01  5.50002501e+02 
 3.68301076e-06  5.49378408e+02  1.69976028e+01  5.50183356e+02 
 3.68801076e-06  5.49559177e+02  1.69870314e+01  5.50364099e+02 
 3.69301076e-06  5.49739834e+02  1.69764551e+01  5.50544729e+02 
 3.69801076e-06  5.49920378e+02  1.69658737e+01  5.50725247e+02 
 3.70301076e-06  5.50100810e+02  1.69552873e+01  5.50905652e+02 
 3.70801076e-06  5.50281129e+02  1.69446959e+01  5.51085944e+02 
 3.71301076e-06  5.50461335e+02  1.69340995e+01  5.51266124e+02 
 3.71801076e-06  5.50641429e+02  1.69234981e+01  5.51446190e+02 
 3.72301076e-06  5.50821409e+02  1.69128917e+01  5.51626144e+02 
 3.72801076e-06  5.51001277e+02  1.69022803e+01  5.51805985e+02 
 3.73301076e-06  5.51181032e+02  1.68916639e+01  5.51985714e+02 
 3.73801076e-06  5.51360674e+02  1.68810425e+01  5.52165329e+02 
 3.74301076e-06  5.51540203e+02  1.68704162e+01  5.52344831e+02 
 3.74801076e-06  5.51719619e+02  1.68597848e+01  5.52524220e+02 
 3.75301076e-06  5.51898922e+02  1.68491485e+01  5.52703496e+02 
 3.75801076e-06  5.52078112e+02  1.68385072e+01  5.52882658e+02 
 3.76301076e-06  5.52257188e+02  1.68278609e+01  5.53061708e+02 
 3.76801076e-06  5.52436151e+02  1.68172096e+01  5.53240644e+02 
 3.77301076e-06  5.52615001e+02  1.68065534e+01  5.53419467e+02 
 3.77801076e-06  5.52793738e+02  1.67958922e+01  5.53598176e+02 
 3.78301076e-06  5.52972361e+02  1.67852260e+01  5.53776772e+02 
 3.78801076e-06  5.53150870e+02  1.67745549e+01  5.53955254e+02 
 3.79301076e-06  5.53329266e+02  1.67638788e+01  5.54133623e+02 
 3.79801076e-06  5.53507548e+02  1.67531978e+01  5.54311878e+02 
 3.80301076e-06  5.53685717e+02  1.67425118e+01  5.54490020e+02 
 3.80801076e-06  5.53863772e+02  1.67318209e+01  5.54668047e+02 
 3.81301076e-06  5.54041713e+02  1.67211250e+01  5.54845961e+02 
 3.81801076e-06  5.54219540e+02  1.67104242e+01  5.55023761e+02 
 3.82301076e-06  5.54397254e+02  1.66997184e+01  5.55201448e+02 
 3.82801076e-06  5.54574854e+02  1.66890078e+01  5.55379020e+02 
 3.83301076e-06  5.54752339e+02  1.66782921e+01  5.55556478e+02 
 3.83801076e-06  5.54929711e+02  1.66675716e+01  5.55733822e+02 
 3.84301076e-06  5.55106968e+02  1.66568461e+01  5.55911053e+02 
 3.84801076e-06  5.55284112e+02  1.66461157e+01  5.56088169e+02 
 3.85301076e-06  5.55461141e+02  1.66353804e+01  5.56265170e+02 
 3.85801076e-06  5.55638056e+02  1.66246402e+01  5.56442058e+02 
 3.86301076e-06  5.55814857e+02  1.66138951e+01  5.56618831e+02 
 3.86801076e-06  5.55991543e+02  1.66031450e+01  5.56795490e+02 
 3.87301076e-06  5.56168115e+02  1.65923901e+01  5.56972034e+02 
 3.87801076e-06  5.56344572e+02  1.65816302e+01  5.57148464e+02 
 3.88301076e-06  5.56520916e+02  1.65708655e+01  5.57324780e+02 
 3.88801076e-06  5.56697144e+02  1.65600959e+01  5.57500981e+02 
 3.89301076e-06  5.56873258e+02  1.65493213e+01  5.57677067e+02 
 3.89801076e-06  5.57049257e+02  1.65385419e+01  5.57853039e+02 
 3.90301076e-06  5.57225142e+02  1.65277576e+01  5.58028896e+02 
 3.90801076e-06  5.57400912e+02  1.65169684e+01  5.58204638e+02 
 3.91301076e-06  5.57576567e+02  1.65061743e+01  5.58380265e+02 
 3.91801076e-06  5.57752107e+02  1.64953753e+01  5.58555778e+02 
 3.92301076e-06  5.57927532e+02  1.64845715e+01  5.58731175e+02 
 3.92801076e-06  5.58102842e+02  1.64737628e+01  5.58906458e+02 
 3.93301076e-06  5.58278037e+02  1.64629492e+01  5.59081625e+02 
 3.93801076e-06  5.58453118e+02  1.64521308e+01  5.59256677e+02 
 3.94301076e-06  5.58628083e+02  1.64413075e+01  5.59431615e+02 
 3.94801076e-06  5.58802933e+02  1.64304794e+01  5.59606437e+02 
 3.95301076e-06  5.58977667e+02  1.64196464e+01  5.59781144e+02 
 3.95801076e-06  5.59152287e+02  1.64088085e+01  5.59955735e+02 
 3.96301076e-06  5.59326791e+02  1.63979658e+01  5.60130211e+02 
 3.96801076e-06  5.59501180e+02  1.63871183e+01  5.60304572e+02 
 3.97301076e-06  5.59675453e+02  1.63762659e+01  5.60478817e+02 
 3.97801076e-06  5.59849611e+02  1.63654086e+01  5.60652947e+02 
 3.98301076e-06  5.60023653e+02  1.63545466e+01  5.60826961e+02 
 3.98801076e-06  5.60197580e+02  1.63436797e+01  5.61000860e+02 
 3.99301076e-06  5.60371391e+02  1.63328080e+01  5.61174643e+02 
 3.99801076e-06  5.60545086e+02  1.63219314e+01  5.61348310e+02 
 4.00301076e-06  5.60718666e+02  1.63110500e+01  5.61521862e+02 
 4.00801076e-06  5.60892130e+02  1.63001638e+01  5.61695298e+02 
 4.01301076e-06  5.61065478e+02  1.62892728e+01  5.61868617e+02 
 4.01801076e-06  5.61238710e+02  1.62783770e+01  5.62041821e+02 
 4.02301076e-06  5.61411826e+02  1.62674764e+01  5.62214909e+02 
 4.02801076e-06  5.61584827e+02  1.62565710e+01  5.62387881e+02 
 4.03301076e-06  5.61757711e+02  1.62456607e+01  5.62560737e+02 
 4.03801076e-06  5.61930479e+02  1.62347457e+01  5.62733477e+02 
 4.04301076e-06  5.62103131e+02  1.62238258e+01  5.62906101e+02 
 4.04801076e-06  5.62275667e+02  1.62129012e+01  5.63078608e+02 
 4.05301076e-06  5.62448086e+02  1.62019718e+01  5.63250999e+02 
 4.05801076e-06  5.62620389e+02  1.61910376e+01  5.63423274e+02 
 4.06301076e-06  5.62792576e+02  1.61800986e+01  5.63595433e+02 
 4.06801076e-06  5.62964647e+02  1.61691548e+01  5.63767475e+02 
 4.07301076e-06  5.63136601e+02  1.61582063e+01  5.63939400e+02 
 4.07801076e-06  5.63308438e+02  1.61472529e+01  5.64111209e+02 
 4.08301076e-06  5.63480159e+02  1.61362948e+01  5.64282902e+02 
 4.08801076e-06  5.63651764e+02  1.61253320e+01  5.64454478e+02 
 4.09301076e-06  5.63823251e+02  1.61143644e+01  5.64625937e+02 
 4.09801076e-06  5.63994622e+02  1.61033920e+01  5.64797279e+02 
 4.10301076e-06  5.64165877e+02  1.60924148e+01  5.64968505e+02 
 4.10801076e-06  5.64337014e+02  1.60814329e+01  5.65139614e+02 
 4.11301076e-06  5.64508035e+02  1.60704463e+01  5.65310606e+02 
 4.11801076e-06  5.64678939e+02  1.60594549e+01  5.65481481e+02 
 4.12301076e-06  5.64849725e+02  1.60484587e+01  5.65652239e+02 
 4.12801076e-06  5.65020395e+02  1.60374578e+01  5.65822880e+02 
 4.13301076e-06  5.65190948e+02  1.60264522e+01  5.65993404e+02 
 4.13801076e-06  5.65361383e+02  1.60154419e+01  5.66163811e+02 
 4.14301076e-06  5.65531702e+02  1.60044268e+01  5.66334100e+02 
 4.14801076e-06  5.65701903e+02  1.59934069e+01  5.66504273e+02 
 4.15301076e-06  5.65871987e+02  1.59823824e+01  5.66674328e+02 
 4.15801076e-06  5.66041954e+02  1.59713531e+01  5.66844265e+02 
 4.16301076e-06  5.66211803e+02  1.59603191e+01  5.67014086e+02 
 4.16801076e-06  5.66381535e+02  1.59492804e+01  5.67183789e+02 
 4.17301076e-06  5.66551149e+02  1.59382370e+01  5.67353374e+02 
 4.17801076e-06  5.66720646e+02  1.59271889e+01  5.67522842e+02 
 4.18301076e-06  5.66890026e+02  1.59161361e+01  5.67692193e+02 
 4.18801076e-06  5.67059287e+02  1.59050785e+01  5.67861425e+02 
 4.19301076e-06  5.67228431e+02  1.58940163e+01  5.68030540e+02 
 4.19801076e-06  5.67397458e+02  1.58829494e+01  5.68199538e+02 
 4.20301076e-06  5.67566367e+02  1.58718778e+01  5.68368417e+02 
 4.20801076e-06  5.67735157e+02  1.58608015e+01  5.68537179e+02 
 4.21301076e-06  5.67903830e+02  1.58497205e+01  5.68705823e+02 
 4.21801076e-06  5.68072385e+02  1.58386348e+01  5.68874349e+02 
 4.22301076e-06  5.68240823e+02  1.58275444e+01  5.69042757e+02 
 4.22801076e-06  5.68409142e+02  1.58164494e+01  5.69211046e+02 
 4.23301076e-06  5.68577343e+02  1.58053497e+01  5.69379218e+02 
 4.23801076e-06  5.68745426e+02  1.57942453e+01  5.69547272e+02 
 4.24301076e-06  5.68913390e+02  1.57831363e+01  5.69715207e+02 
 4.24801076e-06  5.69081237e+02  1.57720225e+01  5.69883025e+02 
 4.25301076e-06  5.69248965e+02  1.57609042e+01  5.70050724e+02 
 4.25801076e-06  5.69416575e+02  1.57497812e+01  5.70218304e+02 
 4.26301076e-06  5.69584067e+02  1.57386535e+01  5.70385766e+02 
 4.26801076e-06  5.69751440e+02  1.57275212e+01  5.70553110e+02 
 4.27301076e-06  5.69918695e+02  1.57163842e+01  5.70720336e+02 
 4.27801076e-06  5.70085831e+02  1.57052426e+01  5.70887442e+02 
 4.28301076e-06  5.70252849e+02  1.56940963e+01  5.71054431e+02 
 4.28801076e-06  5.70419748e+02  1.56829454e+01  5.71221300e+02 
 4.29301076e-06  5.70586529e+02  1.56717899e+01  5.71388051e+02 
 4.29801076e-06  5.70753191e+02  1.56606297e+01  5.71554683e+02 
 4.30301076e-06  5.70919734e+02  1.56494649e+01  5.71721197e+02 
 4.30801076e-06  5.71086158e+02  1.56382955e+01  5.71887592e+02 
 4.31301076e-06  5.71252463e+02  1.56271215e+01  5.72053867e+02 
 4.31801076e-06  5.71418650e+02  1.56159429e+01  5.72220024e+02 
 4.32301076e-06  5.71584717e+02  1.56047596e+01  5.72386062e+02 
 4.32801076e-06  5.71750666e+02  1.55935717e+01  5.72551981e+02 
 4.33301076e-06  5.71916495e+02  1.55823792e+01  5.72717780e+02 
 4.33801076e-06  5.72082206e+02  1.55711822e+01  5.72883461e+02 
 4.34301076e-06  5.72247797e+02  1.55599805e+01  5.73049023e+02 
 4.34801076e-06  5.72413269e+02  1.55487742e+01  5.73214465e+02 
 4.35301076e-06  5.72578622e+02  1.55375633e+01  5.73379788e+02 
 4.35801076e-06  5.72743856e+02  1.55263479e+01  5.73544991e+02 
 4.36301076e-06  5.72908970e+02  1.55151278e+01  5.73710076e+02 
 4.36801076e-06  5.73073965e+02  1.55039032e+01  5.73875041e+02 
 4.37301076e-06  5.73238840e+02  1.54926740e+01  5.74039886e+02 
 4.37801076e-06  5.73403596e+02  1.54814402e+01  5.74204612e+02 
 4.38301076e-06  5.73568232e+02  1.54702018e+01  5.74369218e+02 
 4.38801076e-06  5.73732749e+02  1.54589589e+01  5.74533705e+02 
 4.39301076e-06  5.73897146e+02  1.54477113e+01  5.74698072e+02 
 4.39801076e-06  5.74061424e+02  1.54364593e+01  5.74862320e+02 
 4.40301076e-06  5.74225581e+02  1.54252026e+01  5.75026447e+02 
 4.40801076e-06  5.74389619e+02  1.54139415e+01  5.75190455e+02 
 4.41301076e-06  5.74553538e+02  1.54026757e+01  5.75354343e+02 
 4.41801076e-06  5.74717336e+02  1.53914054e+01  5.75518111e+02 
 4.42301076e-06  5.74881014e+02  1.53801306e+01  5.75681759e+02 
 4.42801076e-06  5.75044573e+02  1.53688512e+01  5.75845287e+02 
 4.43301076e-06  5.75208011e+02  1.53575673e+01  5.76008696e+02 
 4.43801076e-06  5.75371329e+02  1.53462788e+01  5.76171984e+02 
 4.44301076e-06  5.75534528e+02  1.53349858e+01  5.76335151e+02 
 4.44801076e-06  5.75697606e+02  1.53236883e+01  5.76498199e+02 
 4.45301076e-06  5.75860563e+02  1.53123862e+01  5.76661127e+02 
 4.45801076e-06  5.76023401e+02  1.53010796e+01  5.76823934e+02 
 4.46301076e-06  5.76186118e+02  1.52897685e+01  5.76986621e+02 
 4.46801076e-06  5.76348715e+02  1.52784529e+01  5.77149187e+02 
 4.47301076e-06  5.76511192e+02  1.52671328e+01  5.77311633e+02 
 4.47801076e-06  5.76673548e+02  1.52558081e+01  5.77473959e+02 
 4.48301076e-06  5.76835783e+02  1.52444790e+01  5.77636164e+02 
 4.48801076e-06  5.76997898e+02  1.52331453e+01  5.77798248e+02 
 4.49301076e-06  5.77159893e+02  1.52218072e+01  5.77960212e+02 
 4.49801076e-06  5.77321767e+02  1.52104645e+01  5.78122055e+02 
 4.50301076e-06  5.77483520e+02  1.51991174e+01  5.78283777e+02 
 4.50801076e-06  5.77645152e+02  1.51877658e+01  5.78445379e+02 
 4.51301076e-06  5.77806664e+02  1.51764096e+01  5.78606860e+02 
 4.51801076e-06  5.77968054e+02  1.51650490e+01  5.78768220e+02 
 4.52301076e-06  5.78129324e+02  1.51536839e+01  5.78929459e+02 
 4.52801076e-06  5.78290473e+02  1.51423144e+01  5.79090577e+02 
 4.53301076e-06  5.78451501e+02  1.51309403e+01  5.79251574e+02 
 4.53801076e-06  5.78612408e+02  1.51195618e+01  5.79412450e+02 
 4.54301076e-06  5.78773194e+02  1.51081788e+01  5.79573205e+02 
 4.54801076e-06  5.78933858e+02  1.50967914e+01  5.79733839e+02 
 4.55301076e-06  5.79094402e+02  1.50853995e+01  5.79894352e+02 
 4.55801076e-06  5.79254824e+02  1.50740031e+01  5.80054743e+02 
 4.56301076e-06  5.79415125e+02  1.50626023e+01  5.80215013e+02 
 4.56801076e-06  5.79575305e+02  1.50511971e+01  5.80375162e+02 
 4.57301076e-06  5.79735364e+02  1.50397874e+01  5.80535189e+02 
 4.57801076e-06  5.79895301e+02  1.50283732e+01  5.80695095e+02 
 4.58301076e-06  5.80055116e+02  1.50169546e+01  5.80854880e+02 
 4.58801076e-06  5.80214810e+02  1.50055316e+01  5.81014543e+02 
 4.59301076e-06  5.80374383e+02  1.49941041e+01  5.81174084e+02 
 4.59801076e-06  5.80533834e+02  1.49826722e+01  5.81333504e+02 
 4.60301076e-06  5.80693163e+02  1.49712359e+01  5.81492802e+02 
 4.60801076e-06  5.80852371e+02  1.49597952e+01  5.81651979e+02 
 4.61301076e-06  5.81011456e+02  1.49483500e+01  5.81811033e+02 
 4.61801076e-06  5.81170421e+02  1.49369004e+01  5.81969966e+02 
 4.62301076e-06  5.81329263e+02  1.49254464e+01  5.82128777e+02 
 4.62801076e-06  5.81487983e+02  1.49139880e+01  5.82287466e+02 
 4.63301076e-06  5.81646582e+02  1.49025252e+01  5.82446033e+02 
 4.63801076e-06  5.81805058e+02  1.48910580e+01  5.82604478e+02 
 4.64301076e-06  5.81963413e+02  1.48795864e+01  5.82762801e+02 
 4.64801076e-06  5.82121645e+02  1.48681104e+01  5.82921002e+02 
 4.65301076e-06  5.82279755e+02  1.48566300e+01  5.83079081e+02 
 4.65801076e-06  5.82437743e+02  1.48451452e+01  5.83237038e+02 
 4.66301076e-06  5.82595609e+02  1.48336560e+01  5.83394872e+02 
 4.66801076e-06  5.82753353e+02  1.48221625e+01  5.83552584e+02 
 4.67301076e-06  5.82910975e+02  1.48106645e+01  5.83710174e+02 
 4.67801076e-06  5.83068474e+02  1.47991622e+01  5.83867642e+02 
 4.68301076e-06  5.83225850e+02  1.47876555e+01  5.84024987e+02 
 4.68801076e-06  5.83383105e+02  1.47761445e+01  5.84182209e+02 
 4.69301076e-06  5.83540236e+02  1.47646291e+01  5.84339309e+02 
 4.69801076e-06  5.83697246e+02  1.47531093e+01  5.84496287e+02 
 4.70301076e-06  5.83854132e+02  1.47415851e+01  5.84653142e+02 
 4.70801076e-06  5.84010896e+02  1.47300566e+01  5.84809874e+02 
 4.71301076e-06  5.84167538e+02  1.47185238e+01  5.84966484e+02 
 4.71801076e-06  5.84324056e+02  1.47069866e+01  5.85122971e+02 
 4.72301076e-06  5.84480452e+02  1.46954451e+01  5.85279335e+02 
 4.72801076e-06  5.84636725e+02  1.46838992e+01  5.85435576e+02 
 4.73301076e-06  5.84792876e+02  1.46723490e+01  5.85591694e+02 
 4.73801076e-06  5.84948903e+02  1.46607944e+01  5.85747690e+02 
 4.74301076e-06  5.85104807e+02  1.46492355e+01  5.85903562e+02 
 4.74801076e-06  5.85260589e+02  1.46376723e+01  5.86059311e+02 
 4.75301076e-06  5.85416247e+02  1.46261048e+01  5.86214938e+02 
 4.75801076e-06  5.85571782e+02  1.46145329e+01  5.86370441e+02 
 4.76301076e-06  5.85727195e+02  1.46029567e+01  5.86525821e+02 
 4.76801076e-06  5.85882484e+02  1.45913762e+01  5.86681078e+02 
 4.77301076e-06  5.86037649e+02  1.45797914e+01  5.86836212e+02 
 4.77801076e-06  5.86192692e+02  1.45682023e+01  5.86991222e+02 
 4.78301076e-06  5.86347611e+02  1.45566089e+01  5.87146109e+02 
 4.78801076e-06  5.86502407e+02  1.45450112e+01  5.87300873e+02 
 4.79301076e-06  5.86657079e+02  1.45334092e+01  5.87455513e+02 
 4.79801076e-06  5.86811628e+02  1.45218028e+01  5.87610030e+02 
 4.80301076e-06  5.86966054e+02  1.45101922e+01  5.87764423e+02 
 4.80801076e-06  5.87120356e+02  1.44985774e+01  5.87918692e+02 
 4.81301076e-06  5.87274534e+02  1.44869582e+01  5.88072838e+02 
 4.81801076e-06  5.87428589e+02  1.44753347e+01  5.88226861e+02 
 4.82301076e-06  5.87582520e+02  1.44637070e+01  5.88380759e+02 
 4.82801076e-06  5.87736327e+02  1.44520750e+01  5.88534534e+02 
 4.83301076e-06  5.87890011e+02  1.44404387e+01  5.88688185e+02 
 4.83801076e-06  5.88043571e+02  1.44287982e+01  5.88841713e+02 
 4.84301076e-06  5.88197006e+02  1.44171534e+01  5.88995116e+02 
 4.84801076e-06  5.88350318e+02  1.44055044e+01  5.89148396e+02 
 4.85301076e-06  5.88503507e+02  1.43938510e+01  5.89301551e+02 
 4.85801076e-06  5.88656571e+02  1.43821935e+01  5.89454582e+02 
 4.86301076e-06  5.88809511e+02  1.43705317e+01  5.89607490e+02 
 4.86801076e-06  5.88962327e+02  1.43588656e+01  5.89760273e+02 
 4.87301076e-06  5.89115018e+02  1.43471953e+01  5.89912932e+02 
 4.87801076e-06  5.89267586e+02  1.43355207e+01  5.90065467e+02 
 4.88301076e-06  5.89420029e+02  1.43238420e+01  5.90217878e+02 
 4.88801076e-06  5.89572348e+02  1.43121590e+01  5.90370164e+02 
 4.89301076e-06  5.89724543e+02  1.43004717e+01  5.90522326e+02 
 4.89801076e-06  5.89876614e+02  1.42887803e+01  5.90674364e+02 
 4.90301076e-06  5.90028560e+02  1.42770846e+01  5.90826277e+02 
 4.90801076e-06  5.90180382e+02  1.42653847e+01  5.90978066e+02 
 4.91301076e-06  5.90332079e+02  1.42536806e+01  5.91129730e+02 
 4.91801076e-06  5.90483651e+02  1.42419722e+01  5.91281270e+02 
 4.92301076e-06  5.90635099e+02  1.42302597e+01  5.91432685e+02 
 4.92801076e-06  5.90786423e+02  1.42185429e+01  5.91583975e+02 
 4.93301076e-06  5.90937621e+02  1.42068220e+01  5.91735141e+02 
 4.93801076e-06  5.91088695e+02  1.41950969e+01  5.91886182e+02 
 4.94301076e-06  5.91239645e+02  1.41833675e+01  5.92037098e+02 
 4.94801076e-06  5.91390469e+02  1.41716340e+01  5.92187889e+02 
 4.95301076e-06  5.91541169e+02  1.41598963e+01  5.92338556e+02 
 4.95801076e-06  5.91691744e+02  1.41481544e+01  5.92489097e+02 
 4.96301076e-06  5.91842193e+02  1.41364083e+01  5.92639514e+02 
 4.96801076e-06  5.91992518e+02  1.41246581e+01  5.92789805e+02 
 4.97301076e-06  5.92142718e+02  1.41129037e+01  5.92939972e+02 
 4.97801076e-06  5.92292793e+02  1.41011451e+01  5.93090013e+02 
 4.98301076e-06  5.92442742e+02  1.40893823e+01  5.93239929e+02 
 4.98801076e-06  5.92592567e+02  1.40776154e+01  5.93389720e+02 
 4.99301076e-06  5.92742266e+02  1.40658443e+01  5.93539386e+02 
 4.99801076e-06  5.92891840e+02  1.40540691e+01  5.93688927e+02 
 5.00301076e-06  5.93041289e+02  1.40422897e+01  5.93838342e+02 
 5.00801076e-06  5.93190612e+02  1.40305061e+01  5.93987632e+02 
 5.01301076e-06  5.93339810e+02  1.40187185e+01  5.94136796e+02 
 5.01801076e-06  5.93488883e+02  1.40069266e+01  5.94285835e+02 
 5.02301076e-06  5.93637830e+02  1.39951307e+01  5.94434749e+02 
 5.02801076e-06  5.93786651e+02  1.39833306e+01  5.94583537e+02 
 5.03301076e-06  5.93935347e+02  1.39715264e+01  5.94732199e+02 
 5.03801076e-06  5.94083918e+02  1.39597180e+01  5.94880736e+02 
 5.04301076e-06  5.94232363e+02  1.39479055e+01  5.95029147e+02 
 5.04801076e-06  5.94380682e+02  1.39360889e+01  5.95177432e+02 
 5.05301076e-06  5.94528875e+02  1.39242682e+01  5.95325592e+02 
 5.05801076e-06  5.94676943e+02  1.39124434e+01  5.95473626e+02 
 5.06301076e-06  5.94824884e+02  1.39006144e+01  5.95621534e+02 
 5.06801076e-06  5.94972700e+02  1.38887814e+01  5.95769316e+02 
 5.07301076e-06  5.95120390e+02  1.38769442e+01  5.95916972e+02 
 5.07801076e-06  5.95267954e+02  1.38651030e+01  5.96064502e+02 
 5.08301076e-06  5.95415392e+02  1.38532576e+01  5.96211906e+02 
 5.08801076e-06  5.95562705e+02  1.38414082e+01  5.96359184e+02 
 5.09301076e-06  5.95709890e+02  1.38295546e+01  5.96506336e+02 
 5.09801076e-06  5.95856950e+02  1.38176970e+01  5.96653362e+02 
 5.10301076e-06  5.96003884e+02  1.38058353e+01  5.96800262e+02 
 5.10801076e-06  5.96150691e+02  1.37939696e+01  5.96947035e+02 
 5.11301076e-06  5.96297373e+02  1.37820997e+01  5.97093682e+02 
 5.11801076e-06  5.96443928e+02  1.37702258e+01  5.97240203e+02 
 5.12301076e-06  5.96590356e+02  1.37583478e+01  5.97386597e+02 
 5.12801076e-06  5.96736658e+02  1.37464657e+01  5.97532865e+02 
 5.13301076e-06  5.96882834e+02  1.37345796e+01  5.97679007e+02 
 5.13801076e-06  5.97028883e+02  1.37226894e+01  5.97825022e+02 
 5.14301076e-06  5.97174806e+02  1.37107952e+01  5.97970910e+02 
 5.14801076e-06  5.97320602e+02  1.36988969e+01  5.98116672e+02 
 5.15301076e-06  5.97466272e+02  1.36869946e+01  5.98262307e+02 
 5.15801076e-06  5.97611815e+02  1.36750882e+01  5.98407816e+02 
 5.16301076e-06  5.97757231e+02  1.36631778e+01  5.98553198e+02 
 5.16801076e-06  5.97902521e+02  1.36512634e+01  5.98698453e+02 
 5.17301076e-06  5.98047684e+02  1.36393449e+01  5.98843581e+02 
 5.17801076e-06  5.98192720e+02  1.36274224e+01  5.98988582e+02 
 5.18301076e-06  5.98337629e+02  1.36154958e+01  5.99133457e+02 
 5.18801076e-06  5.98482411e+02  1.36035653e+01  5.99278205e+02 
 5.19301076e-06  5.98627066e+02  1.35916307e+01  5.99422825e+02 
 5.19801076e-06  5.98771595e+02  1.35796921e+01  5.99567319e+02 
 5.20301076e-06  5.98915996e+02  1.35677495e+01  5.99711686e+02 
 5.20801076e-06  5.99060270e+02  1.35558029e+01  5.99855925e+02 
 5.21301076e-06  5.99204417e+02  1.35438522e+01  6.00000037e+02 
 5.21801076e-06  5.99348437e+02  1.35318976e+01  6.00144022e+02 
 5.22301076e-06  5.99492330e+02  1.35199390e+01  6.00287880e+02 
 5.22801076e-06  5.99636095e+02  1.35079764e+01  6.00431611e+02 
 5.23301076e-06  5.99779734e+02  1.34960098e+01  6.00575214e+02 
 5.23801076e-06  5.99923244e+02  1.34840392e+01  6.00718690e+02 
 5.24301076e-06  6.00066628e+02  1.34720646e+01  6.00862039e+02 
 5.24801076e-06  6.00209884e+02  1.34600861e+01  6.01005260e+02 
 5.25301076e-06  6.00353013e+02  1.34481035e+01  6.01148354e+02 
 5.25801076e-06  6.00496014e+02  1.34361170e+01  6.01291320e+02 
 5.26301076e-06  6.00638888e+02  1.34241266e+01  6.01434158e+02 
 5.26801076e-06  6.00781634e+02  1.34121321e+01  6.01576869e+02 
 5.27301076e-06  6.00924252e+02  1.34001337e+01  6.01719453e+02 
 5.27801076e-06  6.01066743e+02  1.33881314e+01  6.01861908e+02 
 5.28301076e-06  6.01209106e+02  1.33761250e+01  6.02004236e+02 
 5.28801076e-06  6.01351341e+02  1.33641148e+01  6.02146436e+02 
 5.29301076e-06  6.01493449e+02  1.33521006e+01  6.02288508e+02 
 5.29801076e-06  6.01635428e+02  1.33400824e+01  6.02430453e+02 
 5.30301076e-06  6.01777280e+02  1.33280603e+01  6.02572269e+02 
 5.30801076e-06  6.01919004e+02  1.33160342e+01  6.02713958e+02 
 5.31301076e-06  6.02060600e+02  1.33040043e+01  6.02855518e+02 
 5.31801076e-06  6.02202068e+02  1.32919704e+01  6.02996951e+02 
 5.32301076e-06  6.02343408e+02  1.32799325e+01  6.03138255e+02 
 5.32801076e-06  6.02484620e+02  1.32678908e+01  6.03279431e+02 
 5.33301076e-06  6.02625703e+02  1.32558451e+01  6.03420480e+02 
 5.33801076e-06  6.02766659e+02  1.32437955e+01  6.03561399e+02 
 5.34301076e-06  6.02907486e+02  1.32317420e+01  6.03702191e+02 
 5.34801076e-06  6.03048185e+02  1.32196846e+01  6.03842855e+02 
 5.35301076e-06  6.03188756e+02  1.32076233e+01  6.03983390e+02 
 5.35801076e-06  6.03329198e+02  1.31955581e+01  6.04123796e+02 
 5.36301076e-06  6.03469513e+02  1.31834889e+01  6.04264075e+02 
 5.36801076e-06  6.03609698e+02  1.31714159e+01  6.04404225e+02 
 5.37301076e-06  6.03749755e+02  1.31593390e+01  6.04544246e+02 
 5.37801076e-06  6.03889684e+02  1.31472582e+01  6.04684139e+02 
 5.38301076e-06  6.04029484e+02  1.31351736e+01  6.04823903e+02 
 5.38801076e-06  6.04169156e+02  1.31230850e+01  6.04963539e+02 
 5.39301076e-06  6.04308699e+02  1.31109926e+01  6.05103046e+02 
 5.39801076e-06  6.04448113e+02  1.30988963e+01  6.05242424e+02 
 5.40301076e-06  6.04587399e+02  1.30867961e+01  6.05381674e+02 
 5.40801076e-06  6.04726555e+02  1.30746920e+01  6.05520795e+02 
 5.41301076e-06  6.04865584e+02  1.30625841e+01  6.05659787e+02 
 5.41801076e-06  6.05004483e+02  1.30504724e+01  6.05798650e+02 
 5.42301076e-06  6.05143253e+02  1.30383567e+01  6.05937384e+02 
 5.42801076e-06  6.05281895e+02  1.30262373e+01  6.06075989e+02 
 5.43301076e-06  6.05420407e+02  1.30141139e+01  6.06214466e+02 
 5.43801076e-06  6.05558791e+02  1.30019868e+01  6.06352813e+02 
 5.44301076e-06  6.05697045e+02  1.29898558e+01  6.06491031e+02 
 5.44801076e-06  6.05835170e+02  1.29777209e+01  6.06629120e+02 
 5.45301076e-06  6.05973167e+02  1.29655822e+01  6.06767080e+02 
 5.45801076e-06  6.06111034e+02  1.29534397e+01  6.06904911e+02 
 5.46301076e-06  6.06248772e+02  1.29412934e+01  6.07042612e+02 
 5.46801076e-06  6.06386380e+02  1.29291432e+01  6.07180185e+02 
 5.47301076e-06  6.06523860e+02  1.29169893e+01  6.07317627e+02 
 5.47801076e-06  6.06661210e+02  1.29048315e+01  6.07454941e+02 
 5.48301076e-06  6.06798431e+02  1.28926699e+01  6.07592125e+02 
 5.48801076e-06  6.06935522e+02  1.28805044e+01  6.07729180e+02 
 5.49301076e-06  6.07072484e+02  1.28683352e+01  6.07866105e+02 
 5.49801076e-06  6.07209316e+02  1.28561622e+01  6.08002901e+02 
 5.50301076e-06  6.07346019e+02  1.28439854e+01  6.08139567e+02 
 5.50801076e-06  6.07482593e+02  1.28318048e+01  6.08276104e+02 
 5.51301076e-06  6.07619036e+02  1.28196204e+01  6.08412511e+02 
 5.51801076e-06  6.07755350e+02  1.28074322e+01  6.08548788e+02 
 5.52301076e-06  6.07891535e+02  1.27952402e+01  6.08684936e+02 
 5.52801076e-06  6.08027590e+02  1.27830444e+01  6.08820954e+02 
 5.53301076e-06  6.08163515e+02  1.27708449e+01  6.08956842e+02 
 5.53801076e-06  6.08299310e+02  1.27586416e+01  6.09092600e+02 
 5.54301076e-06  6.08434975e+02  1.27464345e+01  6.09228228e+02 
 5.54801076e-06  6.08570510e+02  1.27342237e+01  6.09363727e+02 
 5.55301076e-06  6.08705916e+02  1.27220091e+01  6.09499095e+02 
 5.55801076e-06  6.08841191e+02  1.27097907e+01  6.09634333e+02 
 5.56301076e-06  6.08976337e+02  1.26975686e+01  6.09769442e+02 
 5.56801076e-06  6.09111352e+02  1.26853427e+01  6.09904420e+02 
 5.57301076e-06  6.09246238e+02  1.26731131e+01  6.10039268e+02 
 5.57801076e-06  6.09380993e+02  1.26608797e+01  6.10173986e+02 
 5.58301076e-06  6.09515618e+02  1.26486426e+01  6.10308574e+02 
 5.58801076e-06  6.09650113e+02  1.26364018e+01  6.10443032e+02 
 5.59301076e-06  6.09784478e+02  1.26241572e+01  6.10577359e+02 
 5.59801076e-06  6.09918712e+02  1.26119089e+01  6.10711556e+02 
 5.60301076e-06  6.10052816e+02  1.25996569e+01  6.10845623e+02 
 5.60801076e-06  6.10186790e+02  1.25874012e+01  6.10979559e+02 
 5.61301076e-06  6.10320633e+02  1.25751417e+01  6.11113365e+02 
 5.61801076e-06  6.10454346e+02  1.25628785e+01  6.11247041e+02 
 5.62301076e-06  6.10587928e+02  1.25506116e+01  6.11380585e+02 
 5.62801076e-06  6.10721380e+02  1.25383410e+01  6.11514000e+02 
 5.63301076e-06  6.10854702e+02  1.25260667e+01  6.11647283e+02 
 5.63801076e-06  6.10987892e+02  1.25137887e+01  6.11780436e+02 
 5.64301076e-06  6.11120952e+02  1.25015070e+01  6.11913459e+02 
 5.64801076e-06  6.11253882e+02  1.24892216e+01  6.12046350e+02 
 5.65301076e-06  6.11386680e+02  1.24769325e+01  6.12179111e+02 
 5.65801076e-06  6.11519348e+02  1.24646397e+01  6.12311742e+02 
 5.66301076e-06  6.11651886e+02  1.24523433e+01  6.12444241e+02 
 5.66801076e-06  6.11784292e+02  1.24400432e+01  6.12576609e+02 
 5.67301076e-06  6.11916567e+02  1.24277394e+01  6.12708847e+02 
 5.67801076e-06  6.12048712e+02  1.24154319e+01  6.12840953e+02 
 5.68301076e-06  6.12180725e+02  1.24031207e+01  6.12972929e+02 
 5.68801076e-06  6.12312608e+02  1.23908059e+01  6.13104774e+02 
 5.69301076e-06  6.12444359e+02  1.23784874e+01  6.13236487e+02 
 5.69801076e-06  6.12575980e+02  1.23661653e+01  6.13368070e+02 
 5.70301076e-06  6.12707469e+02  1.23538395e+01  6.13499521e+02 
 5.70801076e-06  6.12838828e+02  1.23415101e+01  6.13630841e+02 
 5.71301076e-06  6.12970055e+02  1.23291770e+01  6.13762030e+02 
 5.71801076e-06  6.13101150e+02  1.23168403e+01  6.13893087e+02 
 5.72301076e-06  6.13232115e+02  1.23044999e+01  6.14024014e+02 
 5.72801076e-06  6.13362948e+02  1.22921560e+01  6.14154809e+02 
 5.73301076e-06  6.13493650e+02  1.22798083e+01  6.14285472e+02 
 5.73801076e-06  6.13624221e+02  1.22674571e+01  6.14416004e+02 
 5.74301076e-06  6.13754660e+02  1.22551022e+01  6.14546405e+02 
 5.74801076e-06  6.13884968e+02  1.22427437e+01  6.14676674e+02 
 5.75301076e-06  6.14015144e+02  1.22303816e+01  6.14806812e+02 
 5.75801076e-06  6.14145188e+02  1.22180159e+01  6.14936818e+02 
 5.76301076e-06  6.14275101e+02  1.22056465e+01  6.15066693e+02 
 5.76801076e-06  6.14404883e+02  1.21932736e+01  6.15196435e+02 
 5.77301076e-06  6.14534533e+02  1.21808970e+01  6.15326047e+02 
 5.77801076e-06  6.14664051e+02  1.21685169e+01  6.15455526e+02 
 5.78301076e-06  6.14793437e+02  1.21561332e+01  6.15584874e+02 
 5.78801076e-06  6.14922692e+02  1.21437458e+01  6.15714090e+02 
 5.79301076e-06  6.15051815e+02  1.21313549e+01  6.15843174e+02 
 5.79801076e-06  6.15180806e+02  1.21189604e+01  6.15972126e+02 
 5.80301076e-06  6.15309665e+02  1.21065623e+01  6.16100946e+02 
 5.80801076e-06  6.15438392e+02  1.20941607e+01  6.16229635e+02 
 5.81301076e-06  6.15566988e+02  1.20817555e+01  6.16358191e+02 
 5.81801076e-06  6.15695451e+02  1.20693467e+01  6.16486615e+02 
 5.82301076e-06  6.15823782e+02  1.20569343e+01  6.16614908e+02 
 5.82801076e-06  6.15951981e+02  1.20445184e+01  6.16743068e+02 
 5.83301076e-06  6.16080049e+02  1.20320989e+01  6.16871096e+02 
 5.83801076e-06  6.16207983e+02  1.20196758e+01  6.16998991e+02 
 5.84301076e-06  6.16335786e+02  1.20072493e+01  6.17126755e+02 
 5.84801076e-06  6.16463457e+02  1.19948191e+01  6.17254386e+02 
 5.85301076e-06  6.16590995e+02  1.19823854e+01  6.17381885e+02 
 5.85801076e-06  6.16718401e+02  1.19699482e+01  6.17509252e+02 
 5.86301076e-06  6.16845675e+02  1.19575075e+01  6.17636487e+02 
 5.86801076e-06  6.16972816e+02  1.19450632e+01  6.17763589e+02 
 5.87301076e-06  6.17099825e+02  1.19326154e+01  6.17890558e+02 
 5.87801076e-06  6.17226702e+02  1.19201640e+01  6.18017395e+02 
 5.88301076e-06  6.17353446e+02  1.19077092e+01  6.18144100e+02 
 5.88801076e-06  6.17480057e+02  1.18952508e+01  6.18270671e+02 
 5.89301076e-06  6.17606536e+02  1.18827889e+01  6.18397111e+02 
 5.89801076e-06  6.17732882e+02  1.18703235e+01  6.18523418e+02 
 5.90301076e-06  6.17859096e+02  1.18578546e+01  6.18649592e+02 
 5.90801076e-06  6.17985177e+02  1.18453821e+01  6.18775633e+02 
 5.91301076e-06  6.18111125e+02  1.18329062e+01  6.18901542e+02 
 5.91801076e-06  6.18236941e+02  1.18204268e+01  6.19027317e+02 
 5.92301076e-06  6.18362624e+02  1.18079439e+01  6.19152960e+02 
 5.92801076e-06  6.18488174e+02  1.17954575e+01  6.19278471e+02 
 5.93301076e-06  6.18613591e+02  1.17829676e+01  6.19403848e+02 
 5.93801076e-06  6.18738875e+02  1.17704743e+01  6.19529092e+02 
 5.94301076e-06  6.18864027e+02  1.17579775e+01  6.19654203e+02 
 5.94801076e-06  6.18989045e+02  1.17454772e+01  6.19779182e+02 
 5.95301076e-06  6.19113930e+02  1.17329734e+01  6.19904027e+02 
 5.95801076e-06  6.19238683e+02  1.17204661e+01  6.20028739e+02 
 5.96301076e-06  6.19363302e+02  1.17079554e+01  6.20153318e+02 
 5.96801076e-06  6.19487788e+02  1.16954413e+01  6.20277764e+02 
 5.97301076e-06  6.19612141e+02  1.16829236e+01  6.20402077e+02 
 5.97801076e-06  6.19736361e+02  1.16704026e+01  6.20526257e+02 
 5.98301076e-06  6.19860447e+02  1.16578781e+01  6.20650303e+02 
 5.98801076e-06  6.19984401e+02  1.16453501e+01  6.20774216e+02 
 5.99301076e-06  6.20108221e+02  1.16328187e+01  6.20897996e+02 
 5.99801076e-06  6.20231907e+02  1.16202839e+01  6.21021642e+02 
 6.00301076e-06  6.20355461e+02  1.16077456e+01  6.21145155e+02 
 6.00801076e-06  6.20478881e+02  1.15952039e+01  6.21268534e+02 
 6.01301076e-06  6.20602167e+02  1.15826588e+01  6.21391780e+02 
 6.01801076e-06  6.20725320e+02  1.15701102e+01  6.21514893e+02 
 6.02301076e-06  6.20848340e+02  1.15575583e+01  6.21637872e+02 
 6.02801076e-06  6.20971226e+02  1.15450029e+01  6.21760717e+02 
 6.03301076e-06  6.21093978e+02  1.15324441e+01  6.21883429e+02 
 6.03801076e-06  6.21216597e+02  1.15198819e+01  6.22006007e+02 
 6.04301076e-06  6.21339082e+02  1.15073163e+01  6.22128451e+02 
 6.04801076e-06  6.21461433e+02  1.14947473e+01  6.22250761e+02 
 6.05301076e-06  6.21583651e+02  1.14821749e+01  6.22372938e+02 
 6.05801076e-06  6.21705735e+02  1.14695991e+01  6.22494981e+02 
 6.06301076e-06  6.21827685e+02  1.14570199e+01  6.22616890e+02 
 6.06801076e-06  6.21949501e+02  1.14444374e+01  6.22738666e+02 
 6.07301076e-06  6.22071184e+02  1.14318514e+01  6.22860307e+02 
 6.07801076e-06  6.22192732e+02  1.14192621e+01  6.22981814e+02 
 6.08301076e-06  6.22314147e+02  1.14066694e+01  6.23103188e+02 
 6.08801076e-06  6.22435427e+02  1.13940734e+01  6.23224427e+02 
 6.09301076e-06  6.22556574e+02  1.13814740e+01  6.23345532e+02 
 6.09801076e-06  6.22677586e+02  1.13688712e+01  6.23466503e+02 
 6.10301076e-06  6.22798464e+02  1.13562650e+01  6.23587341e+02 
 6.10801076e-06  6.22919209e+02  1.13436555e+01  6.23708043e+02 
 6.11301076e-06  6.23039819e+02  1.13310427e+01  6.23828612e+02 
 6.11801076e-06  6.23160295e+02  1.13184265e+01  6.23949047e+02 
 6.12301076e-06  6.23280636e+02  1.13058069e+01  6.24069347e+02 
 6.12801076e-06  6.23400844e+02  1.12931840e+01  6.24189513e+02 
 6.13301076e-06  6.23520917e+02  1.12805578e+01  6.24309544e+02 
 6.13801076e-06  6.23640856e+02  1.12679283e+01  6.24429441e+02 
 6.14301076e-06  6.23760660e+02  1.12552954e+01  6.24549204e+02 
 6.14801076e-06  6.23880330e+02  1.12426592e+01  6.24668832e+02 
 6.15301076e-06  6.23999865e+02  1.12300197e+01  6.24788326e+02 
 6.15801076e-06  6.24119266e+02  1.12173768e+01  6.24907685e+02 
 6.16301076e-06  6.24238533e+02  1.12047307e+01  6.25026910e+02 
 6.16801076e-06  6.24357665e+02  1.11920812e+01  6.25146000e+02 
 6.17301076e-06  6.24476662e+02  1.11794284e+01  6.25264956e+02 
 6.17801076e-06  6.24595525e+02  1.11667723e+01  6.25383776e+02 
 6.18301076e-06  6.24714253e+02  1.11541130e+01  6.25502463e+02 
 6.18801076e-06  6.24832847e+02  1.11414503e+01  6.25621014e+02 
 6.19301076e-06  6.24951305e+02  1.11287843e+01  6.25739431e+02 
 6.19801076e-06  6.25069629e+02  1.11161151e+01  6.25857712e+02 
 6.20301076e-06  6.25187818e+02  1.11034426e+01  6.25975859e+02 
 6.20801076e-06  6.25305873e+02  1.10907668e+01  6.26093871e+02 
 6.21301076e-06  6.25423792e+02  1.10780877e+01  6.26211749e+02 
 6.21801076e-06  6.25541577e+02  1.10654053e+01  6.26329491e+02 
 6.22301076e-06  6.25659226e+02  1.10527197e+01  6.26447098e+02 
 6.22801076e-06  6.25776741e+02  1.10400308e+01  6.26564570e+02 
 6.23301076e-06  6.25894120e+02  1.10273386e+01  6.26681907e+02 
 6.23801076e-06  6.26011365e+02  1.10146432e+01  6.26799109e+02 
 6.24301076e-06  6.26128474e+02  1.10019446e+01  6.26916176e+02 
 6.24801076e-06  6.26245449e+02  1.09892426e+01  6.27033108e+02 
 6.25301076e-06  6.26362288e+02  1.09765375e+01  6.27149905e+02 
 6.25801076e-06  6.26478992e+02  1.09638291e+01  6.27266566e+02 
 6.26301076e-06  6.26595561e+02  1.09511174e+01  6.27383092e+02 
 6.26801076e-06  6.26711995e+02  1.09384025e+01  6.27499483e+02 
 6.27301076e-06  6.26828293e+02  1.09256844e+01  6.27615739e+02 
 6.27801076e-06  6.26944456e+02  1.09129631e+01  6.27731859e+02 
 6.28301076e-06  6.27060484e+02  1.09002385e+01  6.27847844e+02 
 6.28801076e-06  6.27176376e+02  1.08875108e+01  6.27963693e+02 
 6.29301076e-06  6.27292133e+02  1.08747798e+01  6.28079407e+02 
 6.29801076e-06  6.27407754e+02  1.08620456e+01  6.28194985e+02 
 6.30301076e-06  6.27523240e+02  1.08493081e+01  6.28310428e+02 
 6.30801076e-06  6.27638590e+02  1.08365675e+01  6.28425735e+02 
 6.31301076e-06  6.27753805e+02  1.08238237e+01  6.28540907e+02 
 6.31801076e-06  6.27868885e+02  1.08110767e+01  6.28655943e+02 
 6.32301076e-06  6.27983828e+02  1.07983265e+01  6.28770843e+02 
 6.32801076e-06  6.28098636e+02  1.07855730e+01  6.28885608e+02 
 6.33301076e-06  6.28213308e+02  1.07728165e+01  6.29000237e+02 
 6.33801076e-06  6.28327845e+02  1.07600567e+01  6.29114730e+02 
 6.34301076e-06  6.28442246e+02  1.07472937e+01  6.29229087e+02 
 6.34801076e-06  6.28556511e+02  1.07345276e+01  6.29343309e+02 
 6.35301076e-06  6.28670640e+02  1.07217583e+01  6.29457394e+02 
 6.35801076e-06  6.28784633e+02  1.07089858e+01  6.29571344e+02 
 6.36301076e-06  6.28898491e+02  1.06962102e+01  6.29685158e+02 
 6.36801076e-06  6.29012212e+02  1.06834314e+01  6.29798836e+02 
 6.37301076e-06  6.29125798e+02  1.06706495e+01  6.29912378e+02 
 6.37801076e-06  6.29239247e+02  1.06578644e+01  6.30025783e+02 
 6.38301076e-06  6.29352561e+02  1.06450761e+01  6.30139053e+02 
 6.38801076e-06  6.29465738e+02  1.06322848e+01  6.30252187e+02 
 6.39301076e-06  6.29578780e+02  1.06194902e+01  6.30365184e+02 
 6.39801076e-06  6.29691685e+02  1.06066926e+01  6.30478045e+02 
 6.40301076e-06  6.29804454e+02  1.05938918e+01  6.30590770e+02 
 6.40801076e-06  6.29917087e+02  1.05810878e+01  6.30703359e+02 
 6.41301076e-06  6.30029583e+02  1.05682808e+01  6.30815811e+02 
 6.41801076e-06  6.30141944e+02  1.05554706e+01  6.30928128e+02 
 6.42301076e-06  6.30254168e+02  1.05426573e+01  6.31040307e+02 
 6.42801076e-06  6.30366256e+02  1.05298409e+01  6.31152351e+02 
 6.43301076e-06  6.30478207e+02  1.05170214e+01  6.31264258e+02 
 6.43801076e-06  6.30590022e+02  1.05041988e+01  6.31376029e+02 
 6.44301076e-06  6.30701700e+02  1.04913730e+01  6.31487663e+02 
 6.44801076e-06  6.30813243e+02  1.04785442e+01  6.31599160e+02 
 6.45301076e-06  6.30924648e+02  1.04657123e+01  6.31710521e+02 
 6.45801076e-06  6.31035917e+02  1.04528773e+01  6.31821746e+02 
 6.46301076e-06  6.31147050e+02  1.04400392e+01  6.31932834e+02 
 6.46801076e-06  6.31258046e+02  1.04271980e+01  6.32043785e+02 
 6.47301076e-06  6.31368905e+02  1.04143537e+01  6.32154600e+02 
 6.47801076e-06  6.31479628e+02  1.04015064e+01  6.32265278e+02 
 6.48301076e-06  6.31590214e+02  1.03886560e+01  6.32375819e+02 
 6.48801076e-06  6.31700663e+02  1.03758025e+01  6.32486223e+02 
 6.49301076e-06  6.31810975e+02  1.03629459e+01  6.32596491e+02 
 6.49801076e-06  6.31921151e+02  1.03500863e+01  6.32706621e+02 
 6.50301076e-06  6.32031190e+02  1.03372237e+01  6.32816615e+02 
 6.50801076e-06  6.32141092e+02  1.03243580e+01  6.32926472e+02 
 6.51301076e-06  6.32250857e+02  1.03114892e+01  6.33036192e+02 
 6.51801076e-06  6.32360485e+02  1.02986174e+01  6.33145775e+02 
 6.52301076e-06  6.32469977e+02  1.02857425e+01  6.33255221e+02 
 6.52801076e-06  6.32579331e+02  1.02728646e+01  6.33364530e+02 
 6.53301076e-06  6.32688548e+02  1.02599837e+01  6.33473702e+02 
 6.53801076e-06  6.32797628e+02  1.02470997e+01  6.33582737e+02 
 6.54301076e-06  6.32906572e+02  1.02342127e+01  6.33691635e+02 
 6.54801076e-06  6.33015378e+02  1.02213227e+01  6.33800395e+02 
 6.55301076e-06  6.33124046e+02  1.02084297e+01  6.33909019e+02 
 6.55801076e-06  6.33232578e+02  1.01955337e+01  6.34017505e+02 
 6.56301076e-06  6.33340973e+02  1.01826346e+01  6.34125854e+02 
 6.56801076e-06  6.33449230e+02  1.01697325e+01  6.34234065e+02 
 6.57301076e-06  6.33557350e+02  1.01568275e+01  6.34342139e+02 
 6.57801076e-06  6.33665333e+02  1.01439194e+01  6.34450076e+02 
 6.58301076e-06  6.33773178e+02  1.01310083e+01  6.34557876e+02 
 6.58801076e-06  6.33880886e+02  1.01180943e+01  6.34665538e+02 
 6.59301076e-06  6.33988457e+02  1.01051772e+01  6.34773063e+02 
 6.59801076e-06  6.34095890e+02  1.00922572e+01  6.34880450e+02 
 6.60301076e-06  6.34203185e+02  1.00793342e+01  6.34987699e+02 
 6.60801076e-06  6.34310344e+02  1.00664082e+01  6.35094811e+02 
 6.61301076e-06  6.34417364e+02  1.00534792e+01  6.35201786e+02 
 6.61801076e-06  6.34524247e+02  1.00405473e+01  6.35308623e+02 
 6.62301076e-06  6.34630993e+02  1.00276124e+01  6.35415322e+02 
 6.62801076e-06  6.34737601e+02  1.00146746e+01  6.35521884e+02 
 6.63301076e-06  6.34844071e+02  1.00017337e+01  6.35628307e+02 
 6.63801076e-06  6.34950404e+02  9.98878997e+00  6.35734594e+02 
 6.64301076e-06  6.35056598e+02  9.97584324e+00  6.35840742e+02 
 6.64801076e-06  6.35162656e+02  9.96289358e+00  6.35946752e+02 
 6.65301076e-06  6.35268575e+02  9.94994096e+00  6.36052625e+02 
 6.65801076e-06  6.35374356e+02  9.93698541e+00  6.36158360e+02 
 6.66301076e-06  6.35480000e+02  9.92402693e+00  6.36263957e+02 
 6.66801076e-06  6.35585506e+02  9.91106551e+00  6.36369416e+02 
 6.67301076e-06  6.35690874e+02  9.89810116e+00  6.36474737e+02 
 6.67801076e-06  6.35796104e+02  9.88513390e+00  6.36579920e+02 
 6.68301076e-06  6.35901196e+02  9.87216371e+00  6.36684965e+02 
 6.68801076e-06  6.36006150e+02  9.85919060e+00  6.36789872e+02 
 6.69301076e-06  6.36110966e+02  9.84621459e+00  6.36894641e+02 
 6.69801076e-06  6.36215644e+02  9.83323566e+00  6.36999272e+02 
 6.70301076e-06  6.36320183e+02  9.82025383e+00  6.37103765e+02 
 6.70801076e-06  6.36424585e+02  9.80726910e+00  6.37208119e+02 
 6.71301076e-06  6.36528849e+02  9.79428148e+00  6.37312336e+02 
 6.71801076e-06  6.36632974e+02  9.78129096e+00  6.37416414e+02 
 6.72301076e-06  6.36736961e+02  9.76829755e+00  6.37520353e+02 
 6.72801076e-06  6.36840810e+02  9.75530125e+00  6.37624155e+02 
 6.73301076e-06  6.36944521e+02  9.74230208e+00  6.37727818e+02 
 6.73801076e-06  6.37048093e+02  9.72930002e+00  6.37831343e+02 
 6.74301076e-06  6.37151527e+02  9.71629510e+00  6.37934729e+02 
 6.74801076e-06  6.37254823e+02  9.70328730e+00  6.38037977e+02 
 6.75301076e-06  6.37357980e+02  9.69027664e+00  6.38141087e+02 
 6.75801076e-06  6.37460999e+02  9.67726311e+00  6.38244058e+02 
 6.76301076e-06  6.37563879e+02  9.66424673e+00  6.38346890e+02 
 6.76801076e-06  6.37666621e+02  9.65122749e+00  6.38449584e+02 
 6.77301076e-06  6.37769224e+02  9.63820540e+00  6.38552140e+02 
 6.77801076e-06  6.37871689e+02  9.62518047e+00  6.38654557e+02 
 6.78301076e-06  6.37974016e+02  9.61215269e+00  6.38756835e+02 
 6.78801076e-06  6.38076203e+02  9.59912207e+00  6.38858974e+02 
 6.79301076e-06  6.38178252e+02  9.58608862e+00  6.38960975e+02 
 6.79801076e-06  6.38280162e+02  9.57305233e+00  6.39062837e+02 
 6.80301076e-06  6.38381934e+02  9.56001322e+00  6.39164561e+02 
 6.80801076e-06  6.38483567e+02  9.54697128e+00  6.39266145e+02 
 6.81301076e-06  6.38585061e+02  9.53392653e+00  6.39367591e+02 
 6.81801076e-06  6.38686416e+02  9.52087896e+00  6.39468898e+02 
 6.82301076e-06  6.38787633e+02  9.50782857e+00  6.39570066e+02 
 6.82801076e-06  6.38888711e+02  9.49477538e+00  6.39671095e+02 
 6.83301076e-06  6.38989649e+02  9.48171938e+00  6.39771985e+02 
 6.83801076e-06  6.39090449e+02  9.46866059e+00  6.39872736e+02 
 6.84301076e-06  6.39191110e+02  9.45559899e+00  6.39973348e+02 
 6.84801076e-06  6.39291632e+02  9.44253460e+00  6.40073821e+02 
 6.85301076e-06  6.39392015e+02  9.42946743e+00  6.40174155e+02 
 6.85801076e-06  6.39492259e+02  9.41639747e+00  6.40274350e+02 
 6.86301076e-06  6.39592364e+02  9.40332473e+00  6.40374406e+02 
 6.86801076e-06  6.39692330e+02  9.39024921e+00  6.40474323e+02 
 6.87301076e-06  6.39792157e+02  9.37717091e+00  6.40574101e+02 
 6.87801076e-06  6.39891844e+02  9.36408985e+00  6.40673739e+02 
 6.88301076e-06  6.39991392e+02  9.35100602e+00  6.40773238e+02 
 6.88801076e-06  6.40090802e+02  9.33791943e+00  6.40872598e+02 
 6.89301076e-06  6.40190072e+02  9.32483008e+00  6.40971819e+02 
 6.89801076e-06  6.40289202e+02  9.31173798e+00  6.41070900e+02 
 6.90301076e-06  6.40388194e+02  9.29864313e+00  6.41169842e+02 
 6.90801076e-06  6.40487046e+02  9.28554553e+00  6.41268644e+02 
 6.91301076e-06  6.40585758e+02  9.27244519e+00  6.41367307e+02 
 6.91801076e-06  6.40684332e+02  9.25934211e+00  6.41465831e+02 
 6.92301076e-06  6.40782766e+02  9.24623629e+00  6.41564215e+02 
 6.92801076e-06  6.40881060e+02  9.23312774e+00  6.41662460e+02 
 6.93301076e-06  6.40979215e+02  9.22001647e+00  6.41760565e+02 
 6.93801076e-06  6.41077231e+02  9.20690247e+00  6.41858531e+02 
 6.94301076e-06  6.41175107e+02  9.19378576e+00  6.41956357e+02 
 6.94801076e-06  6.41272843e+02  9.18066633e+00  6.42054043e+02 
 6.95301076e-06  6.41370440e+02  9.16754418e+00  6.42151590e+02 
 6.95801076e-06  6.41467897e+02  9.15441933e+00  6.42248997e+02 
 6.96301076e-06  6.41565215e+02  9.14129178e+00  6.42346264e+02 
 6.96801076e-06  6.41662393e+02  9.12816152e+00  6.42443392e+02 
 6.97301076e-06  6.41759431e+02  9.11502857e+00  6.42540380e+02 
 6.97801076e-06  6.41856330e+02  9.10189293e+00  6.42637228e+02 
 6.98301076e-06  6.41953088e+02  9.08875460e+00  6.42733936e+02 
 6.98801076e-06  6.42049707e+02  9.07561358e+00  6.42830504e+02 
 6.99301076e-06  6.42146186e+02  9.06246989e+00  6.42926933e+02 
 6.99801076e-06  6.42242526e+02  9.04932351e+00  6.43023222e+02 
 7.00301076e-06  6.42338725e+02  9.03617447e+00  6.43119370e+02 
 7.00801076e-06  6.42434785e+02  9.02302275e+00  6.43215379e+02 
 7.01301076e-06  6.42530704e+02  9.00986837e+00  6.43311248e+02 
 7.01801076e-06  6.42626484e+02  8.99671133e+00  6.43406976e+02 
 7.02301076e-06  6.42722124e+02  8.98355164e+00  6.43502565e+02 
 7.02801076e-06  6.42817623e+02  8.97038929e+00  6.43598014e+02 
 7.03301076e-06  6.42912983e+02  8.95722429e+00  6.43693322e+02 
 7.03801076e-06  6.43008203e+02  8.94405664e+00  6.43788490e+02 
 7.04301076e-06  6.43103282e+02  8.93088635e+00  6.43883519e+02 
 7.04801076e-06  6.43198221e+02  8.91771343e+00  6.43978407e+02 
 7.05301076e-06  6.43293021e+02  8.90453787e+00  6.44073154e+02 
 7.05801076e-06  6.43387680e+02  8.89135968e+00  6.44167762e+02 
 7.06301076e-06  6.43482198e+02  8.87817887e+00  6.44262229e+02 
 7.06801076e-06  6.43576577e+02  8.86499543e+00  6.44356556e+02 
 7.07301076e-06  6.43670815e+02  8.85180937e+00  6.44450743e+02 
 7.07801076e-06  6.43764913e+02  8.83862070e+00  6.44544789e+02 
 7.08301076e-06  6.43858871e+02  8.82542942e+00  6.44638695e+02 
 7.08801076e-06  6.43952688e+02  8.81223554e+00  6.44732460e+02 
 7.09301076e-06  6.44046365e+02  8.79903905e+00  6.44826086e+02 
 7.09801076e-06  6.44139902e+02  8.78583996e+00  6.44919570e+02 
 7.10301076e-06  6.44233298e+02  8.77263828e+00  6.45012914e+02 
 7.10801076e-06  6.44326554e+02  8.75943400e+00  6.45106118e+02 
 7.11301076e-06  6.44419669e+02  8.74622714e+00  6.45199181e+02 
 7.11801076e-06  6.44512644e+02  8.73301770e+00  6.45292103e+02 
 7.12301076e-06  6.44605478e+02  8.71980568e+00  6.45384885e+02 
 7.12801076e-06  6.44698172e+02  8.70659108e+00  6.45477526e+02 
 7.13301076e-06  6.44790725e+02  8.69337391e+00  6.45570026e+02 
 7.13801076e-06  6.44883137e+02  8.68015417e+00  6.45662386e+02 
 7.14301076e-06  6.44975409e+02  8.66693187e+00  6.45754605e+02 
 7.14801076e-06  6.45067540e+02  8.65370701e+00  6.45846684e+02 
 7.15301076e-06  6.45159530e+02  8.64047959e+00  6.45938621e+02 
 7.15801076e-06  6.45251380e+02  8.62724962e+00  6.46030418e+02 
 7.16301076e-06  6.45343089e+02  8.61401711e+00  6.46122074e+02 
 7.16801076e-06  6.45434657e+02  8.60078205e+00  6.46213589e+02 
 7.17301076e-06  6.45526084e+02  8.58754445e+00  6.46304963e+02 
 7.17801076e-06  6.45617370e+02  8.57430431e+00  6.46396196e+02 
 7.18301076e-06  6.45708516e+02  8.56106164e+00  6.46487289e+02 
 7.18801076e-06  6.45799521e+02  8.54781644e+00  6.46578240e+02 
 7.19301076e-06  6.45890384e+02  8.53456872e+00  6.46669051e+02 
 7.19801076e-06  6.45981107e+02  8.52131848e+00  6.46759720e+02 
 7.20301076e-06  6.46071689e+02  8.50806572e+00  6.46850248e+02 
 7.20801076e-06  6.46162130e+02  8.49481045e+00  6.46940635e+02 
 7.21301076e-06  6.46252429e+02  8.48155267e+00  6.47030882e+02 
 7.21801076e-06  6.46342588e+02  8.46829238e+00  6.47120987e+02 
 7.22301076e-06  6.46432606e+02  8.45502960e+00  6.47210950e+02 
 7.22801076e-06  6.46522482e+02  8.44176431e+00  6.47300773e+02 
 7.23301076e-06  6.46612218e+02  8.42849654e+00  6.47390455e+02 
 7.23801076e-06  6.46701812e+02  8.41522627e+00  6.47479995e+02 
 7.24301076e-06  6.46791265e+02  8.40195352e+00  6.47569394e+02 
 7.24801076e-06  6.46880577e+02  8.38867829e+00  6.47658651e+02 
 7.25301076e-06  6.46969748e+02  8.37540058e+00  6.47747768e+02 
 7.25801076e-06  6.47058777e+02  8.36212040e+00  6.47836743e+02 
 7.26301076e-06  6.47147665e+02  8.34883774e+00  6.47925577e+02 
 7.26801076e-06  6.47236412e+02  8.33555263e+00  6.48014269e+02 
 7.27301076e-06  6.47325017e+02  8.32226505e+00  6.48102820e+02 
 7.27801076e-06  6.47413481e+02  8.30897501e+00  6.48191229e+02 
 7.28301076e-06  6.47501804e+02  8.29568252e+00  6.48279497e+02 
 7.28801076e-06  6.47589985e+02  8.28238757e+00  6.48367623e+02 
 7.29301076e-06  6.47678025e+02  8.26909019e+00  6.48455608e+02 
 7.29801076e-06  6.47765923e+02  8.25579036e+00  6.48543452e+02 
 7.30301076e-06  6.47853680e+02  8.24248809e+00  6.48631154e+02 
 7.30801076e-06  6.47941295e+02  8.22918339e+00  6.48718714e+02 
 7.31301076e-06  6.48028769e+02  8.21587626e+00  6.48806132e+02 
 7.31801076e-06  6.48116101e+02  8.20256670e+00  6.48893409e+02 
 7.32301076e-06  6.48203292e+02  8.18925472e+00  6.48980544e+02 
 7.32801076e-06  6.48290341e+02  8.17594032e+00  6.49067538e+02 
 7.33301076e-06  6.48377248e+02  8.16262350e+00  6.49154390e+02 
 7.33801076e-06  6.48464013e+02  8.14930428e+00  6.49241100e+02 
 7.34301076e-06  6.48550637e+02  8.13598265e+00  6.49327668e+02 
 7.34801076e-06  6.48637119e+02  8.12265861e+00  6.49414094e+02 
 7.35301076e-06  6.48723460e+02  8.10933218e+00  6.49500379e+02 
 7.35801076e-06  6.48809658e+02  8.09600335e+00  6.49586522e+02 
 7.36301076e-06  6.48895715e+02  8.08267214e+00  6.49672522e+02 
 7.36801076e-06  6.48981630e+02  8.06933853e+00  6.49758381e+02 
 7.37301076e-06  6.49067403e+02  8.05600254e+00  6.49844098e+02 
 7.37801076e-06  6.49153034e+02  8.04266417e+00  6.49929673e+02 
 7.38301076e-06  6.49238524e+02  8.02932343e+00  6.50015106e+02 
 7.38801076e-06  6.49323871e+02  8.01598032e+00  6.50100397e+02 
 7.39301076e-06  6.49409076e+02  8.00263484e+00  6.50185546e+02 
 7.39801076e-06  6.49494140e+02  7.98928699e+00  6.50270553e+02 
 7.40301076e-06  6.49579061e+02  7.97593679e+00  6.50355418e+02 
 7.40801076e-06  6.49663841e+02  7.96258423e+00  6.50440141e+02 
 7.41301076e-06  6.49748478e+02  7.94922932e+00  6.50524721e+02 
 7.41801076e-06  6.49832973e+02  7.93587206e+00  6.50609159e+02 
 7.42301076e-06  6.49917326e+02  7.92251246e+00  6.50693456e+02 
 7.42801076e-06  6.50001537e+02  7.90915052e+00  6.50777610e+02 
 7.43301076e-06  6.50085606e+02  7.89578624e+00  6.50861621e+02 
 7.43801076e-06  6.50169533e+02  7.88241964e+00  6.50945491e+02 
 7.44301076e-06  6.50253317e+02  7.86905070e+00  6.51029218e+02 
 7.44801076e-06  6.50336959e+02  7.85567944e+00  6.51112803e+02 
 7.45301076e-06  6.50420459e+02  7.84230586e+00  6.51196245e+02 
 7.45801076e-06  6.50503817e+02  7.82892997e+00  6.51279545e+02 
 7.46301076e-06  6.50587032e+02  7.81555176e+00  6.51362703e+02 
 7.46801076e-06  6.50670105e+02  7.80217124e+00  6.51445718e+02 
 7.47301076e-06  6.50753036e+02  7.78878842e+00  6.51528591e+02 
 7.47801076e-06  6.50835824e+02  7.77540331e+00  6.51611321e+02 
 7.48301076e-06  6.50918470e+02  7.76201589e+00  6.51693909e+02 
 7.48801076e-06  6.51000973e+02  7.74862618e+00  6.51776355e+02 
 7.49301076e-06  6.51083334e+02  7.73523419e+00  6.51858657e+02 
 7.49801076e-06  6.51165553e+02  7.72183991e+00  6.51940818e+02 
 7.50301076e-06  6.51247629e+02  7.70844335e+00  6.52022835e+02 
 7.50801076e-06  6.51329562e+02  7.69504451e+00  6.52104710e+02 
 7.51301076e-06  6.51411353e+02  7.68164340e+00  6.52186443e+02 
 7.51801076e-06  6.51493001e+02  7.66824002e+00  6.52268033e+02 
 7.52301076e-06  6.51574507e+02  7.65483438e+00  6.52349480e+02 
 7.52801076e-06  6.51655870e+02  7.64142648e+00  6.52430784e+02 
 7.53301076e-06  6.51737090e+02  7.62801632e+00  6.52511946e+02 
 7.53801076e-06  6.51818168e+02  7.61460391e+00  6.52592964e+02 
 7.54301076e-06  6.51899103e+02  7.60118925e+00  6.52673840e+02 
 7.54801076e-06  6.51979896e+02  7.58777235e+00  6.52754574e+02 
 7.55301076e-06  6.52060545e+02  7.57435320e+00  6.52835164e+02 
 7.55801076e-06  6.52141052e+02  7.56093182e+00  6.52915612e+02 
 7.56301076e-06  6.52221416e+02  7.54750821e+00  6.52995916e+02 
 7.56801076e-06  6.52301637e+02  7.53408237e+00  6.53076078e+02 
 7.57301076e-06  6.52381716e+02  7.52065430e+00  6.53156097e+02 
 7.57801076e-06  6.52461651e+02  7.50722401e+00  6.53235973e+02 
 7.58301076e-06  6.52541444e+02  7.49379151e+00  6.53315706e+02 
 7.58801076e-06  6.52621094e+02  7.48035679e+00  6.53395295e+02 
 7.59301076e-06  6.52700600e+02  7.46691986e+00  6.53474742e+02 
 7.59801076e-06  6.52779964e+02  7.45348073e+00  6.53554046e+02 
 7.60301076e-06  6.52859185e+02  7.44003940e+00  6.53633207e+02 
 7.60801076e-06  6.52938263e+02  7.42659587e+00  6.53712224e+02 
 7.61301076e-06  6.53017198e+02  7.41315015e+00  6.53791099e+02 
 7.61801076e-06  6.53095989e+02  7.39970224e+00  6.53869830e+02 
 7.62301076e-06  6.53174638e+02  7.38625214e+00  6.53948418e+02 
 7.62801076e-06  6.53253144e+02  7.37279986e+00  6.54026863e+02 
 7.63301076e-06  6.53331506e+02  7.35934541e+00  6.54105165e+02 
 7.63801076e-06  6.53409725e+02  7.34588878e+00  6.54183324e+02 
 7.64301076e-06  6.53487802e+02  7.33242998e+00  6.54261339e+02 
 7.64801076e-06  6.53565735e+02  7.31896902e+00  6.54339211e+02 
 7.65301076e-06  6.53643524e+02  7.30550590e+00  6.54416940e+02 
 7.65801076e-06  6.53721171e+02  7.29204062e+00  6.54494525e+02 
 7.66301076e-06  6.53798674e+02  7.27857319e+00  6.54571967e+02 
 7.66801076e-06  6.53876034e+02  7.26510361e+00  6.54649266e+02 
 7.67301076e-06  6.53953251e+02  7.25163188e+00  6.54726421e+02 
 7.67801076e-06  6.54030324e+02  7.23815801e+00  6.54803432e+02 
 7.68301076e-06  6.54107254e+02  7.22468200e+00  6.54880301e+02 
 7.68801076e-06  6.54184041e+02  7.21120387e+00  6.54957026e+02 
 7.69301076e-06  6.54260684e+02  7.19772360e+00  6.55033607e+02 
 7.69801076e-06  6.54337184e+02  7.18424120e+00  6.55110045e+02 
 7.70301076e-06  6.54413540e+02  7.17075669e+00  6.55186339e+02 
 7.70801076e-06  6.54489753e+02  7.15727006e+00  6.55262490e+02 
 7.71301076e-06  6.54565822e+02  7.14378131e+00  6.55338497e+02 
 7.71801076e-06  6.54641748e+02  7.13029046e+00  6.55414361e+02 
 7.72301076e-06  6.54717531e+02  7.11679750e+00  6.55490080e+02 
 7.72801076e-06  6.54793170e+02  7.10330244e+00  6.55565657e+02 
 7.73301076e-06  6.54868665e+02  7.08980528e+00  6.55641089e+02 
 7.73801076e-06  6.54944016e+02  7.07630603e+00  6.55716378e+02 
 7.74301076e-06  6.55019224e+02  7.06280468e+00  6.55791523e+02 
 7.74801076e-06  6.55094289e+02  7.04930126e+00  6.55866525e+02 
 7.75301076e-06  6.55169210e+02  7.03579575e+00  6.55941382e+02 
 7.75801076e-06  6.55243987e+02  7.02228816e+00  6.56016096e+02 
 7.76301076e-06  6.55318620e+02  7.00877851e+00  6.56090666e+02 
 7.76801076e-06  6.55393110e+02  6.99526678e+00  6.56165092e+02 
 7.77301076e-06  6.55467455e+02  6.98175298e+00  6.56239375e+02 
 7.77801076e-06  6.55541657e+02  6.96823713e+00  6.56313513e+02 
 7.78301076e-06  6.55615716e+02  6.95471922e+00  6.56387507e+02 
 7.78801076e-06  6.55689630e+02  6.94119925e+00  6.56461358e+02 
 7.79301076e-06  6.55763401e+02  6.92767724e+00  6.56535065e+02 
 7.79801076e-06  6.55837028e+02  6.91415317e+00  6.56608627e+02 
 7.80301076e-06  6.55910510e+02  6.90062707e+00  6.56682046e+02 
 7.80801076e-06  6.55983849e+02  6.88709893e+00  6.56755321e+02 
 7.81301076e-06  6.56057044e+02  6.87356876e+00  6.56828451e+02 
 7.81801076e-06  6.56130096e+02  6.86003656e+00  6.56901438e+02 
 7.82301076e-06  6.56203003e+02  6.84650233e+00  6.56974281e+02 
 7.82801076e-06  6.56275766e+02  6.83296608e+00  6.57046979e+02 
 7.83301076e-06  6.56348385e+02  6.81942782e+00  6.57119533e+02 
 7.83801076e-06  6.56420860e+02  6.80588754e+00  6.57191943e+02 
 7.84301076e-06  6.56493191e+02  6.79234525e+00  6.57264209e+02 
 7.84801076e-06  6.56565378e+02  6.77880095e+00  6.57336331e+02 
 7.85301076e-06  6.56637421e+02  6.76525466e+00  6.57408309e+02 
 7.85801076e-06  6.56709319e+02  6.75170636e+00  6.57480142e+02 
 7.86301076e-06  6.56781074e+02  6.73815608e+00  6.57551831e+02 
 7.86801076e-06  6.56852684e+02  6.72460380e+00  6.57623376e+02 
 7.87301076e-06  6.56924151e+02  6.71104954e+00  6.57694776e+02 
 7.87801076e-06  6.56995473e+02  6.69749329e+00  6.57766032e+02 
 7.88301076e-06  6.57066651e+02  6.68393507e+00  6.57837144e+02 
 7.88801076e-06  6.57137684e+02  6.67037488e+00  6.57908112e+02 
 7.89301076e-06  6.57208573e+02  6.65681272e+00  6.57978935e+02 
 7.89801076e-06  6.57279318e+02  6.64324859e+00  6.58049614e+02 
 7.90301076e-06  6.57349919e+02  6.62968250e+00  6.58120148e+02 
 7.90801076e-06  6.57420375e+02  6.61611445e+00  6.58190538e+02 
 7.91301076e-06  6.57490687e+02  6.60254445e+00  6.58260783e+02 
 7.91801076e-06  6.57560855e+02  6.58897251e+00  6.58330884e+02 
 7.92301076e-06  6.57630878e+02  6.57539861e+00  6.58400840e+02 
 7.92801076e-06  6.57700757e+02  6.56182278e+00  6.58470652e+02 
 7.93301076e-06  6.57770492e+02  6.54824500e+00  6.58540319e+02 
 7.93801076e-06  6.57840082e+02  6.53466530e+00  6.58609842e+02 
 7.94301076e-06  6.57909527e+02  6.52108366e+00  6.58679220e+02 
 7.94801076e-06  6.57978828e+02  6.50750010e+00  6.58748453e+02 
 7.95301076e-06  6.58047984e+02  6.49391462e+00  6.58817542e+02 
 7.95801076e-06  6.58116996e+02  6.48032722e+00  6.58886486e+02 
 7.96301076e-06  6.58185864e+02  6.46673791e+00  6.58955286e+02 
 7.96801076e-06  6.58254586e+02  6.45314669e+00  6.59023941e+02 
 7.97301076e-06  6.58323165e+02  6.43955356e+00  6.59092451e+02 
 7.97801076e-06  6.58391598e+02  6.42595854e+00  6.59160816e+02 
 7.98301076e-06  6.58459887e+02  6.41236161e+00  6.59229037e+02 
 7.98801076e-06  6.58528031e+02  6.39876279e+00  6.59297112e+02 
 7.99301076e-06  6.58596031e+02  6.38516209e+00  6.59365043e+02 
 7.99801076e-06  6.58663886e+02  6.37155950e+00  6.59432829e+02 
 8.00301076e-06  6.58731596e+02  6.35795503e+00  6.59500471e+02 
 8.00801076e-06  6.58799162e+02  6.34434868e+00  6.59567967e+02 
 8.01301076e-06  6.58866582e+02  6.33074046e+00  6.59635319e+02 
 8.01801076e-06  6.58933858e+02  6.31713036e+00  6.59702525e+02 
 8.02301076e-06  6.59000989e+02  6.30351841e+00  6.59769587e+02 
 8.02801076e-06  6.59067976e+02  6.28990459e+00  6.59836504e+02 
 8.03301076e-06  6.59134817e+02  6.27628892e+00  6.59903275e+02 
 8.03801076e-06  6.59201514e+02  6.26267139e+00  6.59969902e+02 
 8.04301076e-06  6.59268065e+02  6.24905202e+00  6.60036384e+02 
 8.04801076e-06  6.59334472e+02  6.23543080e+00  6.60102721e+02 
 8.05301076e-06  6.59400734e+02  6.22180774e+00  6.60168913e+02 
 8.05801076e-06  6.59466851e+02  6.20818284e+00  6.60234959e+02 
 8.06301076e-06  6.59532823e+02  6.19455612e+00  6.60300861e+02 
 8.06801076e-06  6.59598650e+02  6.18092756e+00  6.60366617e+02 
 8.07301076e-06  6.59664332e+02  6.16729718e+00  6.60432228e+02 
 8.07801076e-06  6.59729869e+02  6.15366497e+00  6.60497695e+02 
 8.08301076e-06  6.59795261e+02  6.14003095e+00  6.60563016e+02 
 8.08801076e-06  6.59860508e+02  6.12639512e+00  6.60628191e+02 
 8.09301076e-06  6.59925610e+02  6.11275748e+00  6.60693222e+02 
 8.09801076e-06  6.59990567e+02  6.09911804e+00  6.60758107e+02 
 8.10301076e-06  6.60055378e+02  6.08547679e+00  6.60822847e+02 
 8.10801076e-06  6.60120045e+02  6.07183375e+00  6.60887442e+02 
 8.11301076e-06  6.60184566e+02  6.05818892e+00  6.60951892e+02 
 8.11801076e-06  6.60248943e+02  6.04454230e+00  6.61016196e+02 
 8.12301076e-06  6.60313174e+02  6.03089389e+00  6.61080355e+02 
 8.12801076e-06  6.60377259e+02  6.01724370e+00  6.61144369e+02 
 8.13301076e-06  6.60441200e+02  6.00359174e+00  6.61208237e+02 
 8.13801076e-06  6.60504995e+02  5.98993801e+00  6.61271960e+02 
 8.14301076e-06  6.60568645e+02  5.97628251e+00  6.61335537e+02 
 8.14801076e-06  6.60632150e+02  5.96262524e+00  6.61398969e+02 
 8.15301076e-06  6.60695510e+02  5.94896621e+00  6.61462256e+02 
 8.15801076e-06  6.60758724e+02  5.93530543e+00  6.61525397e+02 
 8.16301076e-06  6.60821793e+02  5.92164290e+00  6.61588392e+02 
 8.16801076e-06  6.60884716e+02  5.90797861e+00  6.61651242e+02 
 8.17301076e-06  6.60947495e+02  5.89431259e+00  6.61713947e+02 
 8.17801076e-06  6.61010127e+02  5.88064482e+00  6.61776506e+02 
 8.18301076e-06  6.61072615e+02  5.86697532e+00  6.61838919e+02 
 8.18801076e-06  6.61134957e+02  5.85330409e+00  6.61901187e+02 
 8.19301076e-06  6.61197153e+02  5.83963113e+00  6.61963310e+02 
 8.19801076e-06  6.61259204e+02  5.82595644e+00  6.62025286e+02 
 8.20301076e-06  6.61321109e+02  5.81228004e+00  6.62087117e+02 
 8.20801076e-06  6.61382870e+02  5.79860192e+00  6.62148803e+02 
 8.21301076e-06  6.61444484e+02  5.78492209e+00  6.62210343e+02 
 8.21801076e-06  6.61505953e+02  5.77124055e+00  6.62271737e+02 
 8.22301076e-06  6.61567276e+02  5.75755731e+00  6.62332985e+02 
 8.22801076e-06  6.61628454e+02  5.74387237e+00  6.62394087e+02 
 8.23301076e-06  6.61689486e+02  5.73018573e+00  6.62455044e+02 
 8.23801076e-06  6.61750373e+02  5.71649741e+00  6.62515855e+02 
 8.24301076e-06  6.61811114e+02  5.70280739e+00  6.62576521e+02 
 8.24801076e-06  6.61871709e+02  5.68911569e+00  6.62637040e+02 
 8.25301076e-06  6.61932159e+02  5.67542232e+00  6.62697414e+02 
 8.25801076e-06  6.61992463e+02  5.66172726e+00  6.62757641e+02 
 8.26301076e-06  6.62052621e+02  5.64803054e+00  6.62817723e+02 
 8.26801076e-06  6.62112634e+02  5.63433215e+00  6.62877659e+02 
 8.27301076e-06  6.62172501e+02  5.62063210e+00  6.62937450e+02 
 8.27801076e-06  6.62232222e+02  5.60693039e+00  6.62997094e+02 
 8.28301076e-06  6.62291797e+02  5.59322702e+00  6.63056592e+02 
 8.28801076e-06  6.62351226e+02  5.57952201e+00  6.63115945e+02 
 8.29301076e-06  6.62410510e+02  5.56581534e+00  6.63175151e+02 
 8.29801076e-06  6.62469648e+02  5.55210704e+00  6.63234211e+02 
 8.30301076e-06  6.62528640e+02  5.53839709e+00  6.63293126e+02 
 8.30801076e-06  6.62587486e+02  5.52468551e+00  6.63351894e+02 
 8.31301076e-06  6.62646187e+02  5.51097230e+00  6.63410516e+02 
 8.31801076e-06  6.62704741e+02  5.49725747e+00  6.63468993e+02 
 8.32301076e-06  6.62763149e+02  5.48354101e+00  6.63527323e+02 
 8.32801076e-06  6.62821412e+02  5.46982293e+00  6.63585507e+02 
 8.33301076e-06  6.62879529e+02  5.45610324e+00  6.63643545e+02 
 8.33801076e-06  6.62937499e+02  5.44238194e+00  6.63701437e+02 
 8.34301076e-06  6.62995324e+02  5.42865903e+00  6.63759182e+02 
 8.34801076e-06  6.63053003e+02  5.41493453e+00  6.63816782e+02 
 8.35301076e-06  6.63110535e+02  5.40120842e+00  6.63874235e+02 
 8.35801076e-06  6.63167922e+02  5.38748072e+00  6.63931542e+02 
 8.36301076e-06  6.63225163e+02  5.37375143e+00  6.63988703e+02 
 8.36801076e-06  6.63282257e+02  5.36002055e+00  6.64045718e+02 
 8.37301076e-06  6.63339206e+02  5.34628809e+00  6.64102586e+02 
 8.37801076e-06  6.63396008e+02  5.33255406e+00  6.64159308e+02 
 8.38301076e-06  6.63452664e+02  5.31881845e+00  6.64215884e+02 
 8.38801076e-06  6.63509174e+02  5.30508127e+00  6.64272313e+02 
 8.39301076e-06  6.63565538e+02  5.29134253e+00  6.64328596e+02 
 8.39801076e-06  6.63621756e+02  5.27760222e+00  6.64384733e+02 
 8.40301076e-06  6.63677828e+02  5.26386036e+00  6.64440724e+02 
 8.40801076e-06  6.63733753e+02  5.25011694e+00  6.64496568e+02 
 8.41301076e-06  6.63789532e+02  5.23637198e+00  6.64552265e+02 
 8.41801076e-06  6.63845165e+02  5.22262547e+00  6.64607817e+02 
 8.42301076e-06  6.63900652e+02  5.20887741e+00  6.64663221e+02 
 8.42801076e-06  6.63955992e+02  5.19512783e+00  6.64718480e+02 
 8.43301076e-06  6.64011187e+02  5.18137670e+00  6.64773592e+02 
 8.43801076e-06  6.64066234e+02  5.16762405e+00  6.64828557e+02 
 8.44301076e-06  6.64121136e+02  5.15386988e+00  6.64883376e+02 
 8.44801076e-06  6.64175891e+02  5.14011418e+00  6.64938048e+02 
 8.45301076e-06  6.64230500e+02  5.12635697e+00  6.64992574e+02 
 8.45801076e-06  6.64284963e+02  5.11259825e+00  6.65046953e+02 
 8.46301076e-06  6.64339279e+02  5.09883801e+00  6.65101186e+02 
 8.46801076e-06  6.64393448e+02  5.08507627e+00  6.65155272e+02 
 8.47301076e-06  6.64447472e+02  5.07131304e+00  6.65209211e+02 
 8.47801076e-06  6.64501349e+02  5.05754830e+00  6.65263004e+02 
 8.48301076e-06  6.64555079e+02  5.04378207e+00  6.65316651e+02 
 8.48801076e-06  6.64608663e+02  5.03001436e+00  6.65370150e+02 
 8.49301076e-06  6.64662101e+02  5.01624516e+00  6.65423503e+02 
 8.49801076e-06  6.64715392e+02  5.00247448e+00  6.65476709e+02 
 8.50301076e-06  6.64768536e+02  4.98870233e+00  6.65529769e+02 
 8.50801076e-06  6.64821534e+02  4.97492870e+00  6.65582681e+02 
 8.51301076e-06  6.64874386e+02  4.96115361e+00  6.65635447e+02 
 8.51801076e-06  6.64927091e+02  4.94737705e+00  6.65688067e+02 
 8.52301076e-06  6.64979649e+02  4.93359903e+00  6.65740539e+02 
 8.52801076e-06  6.65032061e+02  4.91981956e+00  6.65792865e+02 
 8.53301076e-06  6.65084326e+02  4.90603863e+00  6.65845044e+02 
 8.53801076e-06  6.65136445e+02  4.89225626e+00  6.65897076e+02 
 8.54301076e-06  6.65188417e+02  4.87847244e+00  6.65948961e+02 
 8.54801076e-06  6.65240242e+02  4.86468719e+00  6.66000699e+02 
 8.55301076e-06  6.65291921e+02  4.85090050e+00  6.66052291e+02 
 8.55801076e-06  6.65343453e+02  4.83711238e+00  6.66103735e+02 
 8.56301076e-06  6.65394838e+02  4.82332283e+00  6.66155033e+02 
 8.56801076e-06  6.65446077e+02  4.80953186e+00  6.66206184e+02 
 8.57301076e-06  6.65497168e+02  4.79573947e+00  6.66257187e+02 
 8.57801076e-06  6.65548114e+02  4.78194567e+00  6.66308044e+02 
 8.58301076e-06  6.65598912e+02  4.76815045e+00  6.66358754e+02 
 8.58801076e-06  6.65649564e+02  4.75435383e+00  6.66409317e+02 
 8.59301076e-06  6.65700068e+02  4.74055581e+00  6.66459733e+02 
 8.59801076e-06  6.65750426e+02  4.72675638e+00  6.66510002e+02 
 8.60301076e-06  6.65800638e+02  4.71295557e+00  6.66560124e+02 
 8.60801076e-06  6.65850702e+02  4.69915336e+00  6.66610098e+02 
 8.61301076e-06  6.65900620e+02  4.68534977e+00  6.66659926e+02 
 8.61801076e-06  6.65950390e+02  4.67154479e+00  6.66709607e+02 
 8.62301076e-06  6.66000014e+02  4.65773844e+00  6.66759140e+02 
 8.62801076e-06  6.66049491e+02  4.64393071e+00  6.66808526e+02 
 8.63301076e-06  6.66098821e+02  4.63012162e+00  6.66857766e+02 
 8.63801076e-06  6.66148004e+02  4.61631115e+00  6.66906858e+02 
 8.64301076e-06  6.66197041e+02  4.60249933e+00  6.66955803e+02 
 8.64801076e-06  6.66245930e+02  4.58868615e+00  6.67004600e+02 
 8.65301076e-06  6.66294672e+02  4.57487161e+00  6.67053251e+02 
 8.65801076e-06  6.66343268e+02  4.56105573e+00  6.67101754e+02 
 8.66301076e-06  6.66391716e+02  4.54723850e+00  6.67150110e+02 
 8.66801076e-06  6.66440017e+02  4.53341993e+00  6.67198319e+02 
 8.67301076e-06  6.66488172e+02  4.51960002e+00  6.67246381e+02 
 8.67801076e-06  6.66536179e+02  4.50577878e+00  6.67294295e+02 
 8.68301076e-06  6.66584039e+02  4.49195621e+00  6.67342062e+02 
 8.68801076e-06  6.66631753e+02  4.47813232e+00  6.67389682e+02 
 8.69301076e-06  6.66679319e+02  4.46430710e+00  6.67437154e+02 
 8.69801076e-06  6.66726738e+02  4.45048057e+00  6.67484479e+02 
 8.70301076e-06  6.66774010e+02  4.43665272e+00  6.67531657e+02 
 8.70801076e-06  6.66821135e+02  4.42282357e+00  6.67578687e+02 
 8.71301076e-06  6.66868112e+02  4.40899311e+00  6.67625570e+02 
 8.71801076e-06  6.66914943e+02  4.39516136e+00  6.67672305e+02 
 8.72301076e-06  6.66961626e+02  4.38132830e+00  6.67718893e+02 
 8.72801076e-06  6.67008163e+02  4.36749396e+00  6.67765334e+02 
 8.73301076e-06  6.67054552e+02  4.35365832e+00  6.67811627e+02 
 8.73801076e-06  6.67100794e+02  4.33982140e+00  6.67857773e+02 
 8.74301076e-06  6.67146888e+02  4.32598321e+00  6.67903771e+02 
 8.74801076e-06  6.67192836e+02  4.31214373e+00  6.67949622e+02 
 8.75301076e-06  6.67238636e+02  4.29830299e+00  6.67995325e+02 
 8.75801076e-06  6.67284289e+02  4.28446098e+00  6.68040881e+02 
 8.76301076e-06  6.67329795e+02  4.27061770e+00  6.68086289e+02 
 8.76801076e-06  6.67375153e+02  4.25677317e+00  6.68131550e+02 
 8.77301076e-06  6.67420365e+02  4.24292738e+00  6.68176663e+02 
 8.77801076e-06  6.67465428e+02  4.22908034e+00  6.68221628e+02 
 8.78301076e-06  6.67510345e+02  4.21523205e+00  6.68266446e+02 
 8.78801076e-06  6.67555114e+02  4.20138252e+00  6.68311116e+02 
 8.79301076e-06  6.67599736e+02  4.18753175e+00  6.68355639e+02 
 8.79801076e-06  6.67644211e+02  4.17367974e+00  6.68400014e+02 
 8.80301076e-06  6.67688538e+02  4.15982651e+00  6.68444241e+02 
 8.80801076e-06  6.67732718e+02  4.14597204e+00  6.68488321e+02 
 8.81301076e-06  6.67776750e+02  4.13211636e+00  6.68532253e+02 
 8.81801076e-06  6.67820635e+02  4.11825946e+00  6.68576037e+02 
 8.82301076e-06  6.67864372e+02  4.10440134e+00  6.68619674e+02 
 8.82801076e-06  6.67907963e+02  4.09054202e+00  6.68663162e+02 
 8.83301076e-06  6.67951405e+02  4.07668148e+00  6.68706504e+02 
 8.83801076e-06  6.67994700e+02  4.06281975e+00  6.68749697e+02 
 8.84301076e-06  6.68037848e+02  4.04895682e+00  6.68792742e+02 
 8.84801076e-06  6.68080848e+02  4.03509269e+00  6.68835640e+02 
 8.85301076e-06  6.68123701e+02  4.02122738e+00  6.68878390e+02 
 8.85801076e-06  6.68166406e+02  4.00736088e+00  6.68920992e+02 
 8.86301076e-06  6.68208964e+02  3.99349319e+00  6.68963446e+02 
 8.86801076e-06  6.68251374e+02  3.97962433e+00  6.69005752e+02 
 8.87301076e-06  6.68293637e+02  3.96575430e+00  6.69047911e+02 
 8.87801076e-06  6.68335752e+02  3.95188310e+00  6.69089921e+02 
 8.88301076e-06  6.68377720e+02  3.93801073e+00  6.69131784e+02 
 8.88801076e-06  6.68419540e+02  3.92413721e+00  6.69173499e+02 
 8.89301076e-06  6.68461212e+02  3.91026252e+00  6.69215066e+02 
 8.89801076e-06  6.68502737e+02  3.89638669e+00  6.69256485e+02 
 8.90301076e-06  6.68544114e+02  3.88250970e+00  6.69297756e+02 
 8.90801076e-06  6.68585343e+02  3.86863157e+00  6.69338879e+02 
 8.91301076e-06  6.68626425e+02  3.85475230e+00  6.69379854e+02 
 8.91801076e-06  6.68667359e+02  3.84087190e+00  6.69420681e+02 
 8.92301076e-06  6.68708146e+02  3.82699036e+00  6.69461360e+02 
 8.92801076e-06  6.68748785e+02  3.81310769e+00  6.69501890e+02 
 8.93301076e-06  6.68789276e+02  3.79922390e+00  6.69542273e+02 
 8.93801076e-06  6.68829619e+02  3.78533900e+00  6.69582508e+02 
 8.94301076e-06  6.68869815e+02  3.77145297e+00  6.69622595e+02 
 8.94801076e-06  6.68909863e+02  3.75756583e+00  6.69662534e+02 
 8.95301076e-06  6.68949763e+02  3.74367759e+00  6.69702324e+02 
 8.95801076e-06  6.68989515e+02  3.72978824e+00  6.69741967e+02 
 8.96301076e-06  6.69029120e+02  3.71589780e+00  6.69781461e+02 
 8.96801076e-06  6.69068577e+02  3.70200626e+00  6.69820807e+02 
 8.97301076e-06  6.69107886e+02  3.68811363e+00  6.69860005e+02 
 8.97801076e-06  6.69147048e+02  3.67421991e+00  6.69899055e+02 
 8.98301076e-06  6.69186061e+02  3.66032511e+00  6.69937957e+02 
 8.98801076e-06  6.69224927e+02  3.64642923e+00  6.69976710e+02 
 8.99301076e-06  6.69263645e+02  3.63253227e+00  6.70015315e+02 
 8.99801076e-06  6.69302215e+02  3.61863425e+00  6.70053772e+02 
 9.00301076e-06  6.69340637e+02  3.60473516e+00  6.70092081e+02 
 9.00801076e-06  6.69378911e+02  3.59083500e+00  6.70130241e+02 
 9.01301076e-06  6.69417038e+02  3.57693379e+00  6.70168254e+02 
 9.01801076e-06  6.69455016e+02  3.56303153e+00  6.70206118e+02 
 9.02301076e-06  6.69492847e+02  3.54912822e+00  6.70243833e+02 
 9.02801076e-06  6.69530530e+02  3.53522386e+00  6.70281400e+02 
 9.03301076e-06  6.69568064e+02  3.52131845e+00  6.70318819e+02 
 9.03801076e-06  6.69605451e+02  3.50741202e+00  6.70356090e+02 
 9.04301076e-06  6.69642690e+02  3.49350454e+00  6.70393212e+02 
 9.04801076e-06  6.69679781e+02  3.47959604e+00  6.70430186e+02 
 9.05301076e-06  6.69716724e+02  3.46568652e+00  6.70467012e+02 
 9.05801076e-06  6.69753519e+02  3.45177597e+00  6.70503689e+02 
 9.06301076e-06  6.69790166e+02  3.43786441e+00  6.70540217e+02 
 9.06801076e-06  6.69826665e+02  3.42395183e+00  6.70576598e+02 
 9.07301076e-06  6.69863016e+02  3.41003825e+00  6.70612829e+02 
 9.07801076e-06  6.69899219e+02  3.39612366e+00  6.70648913e+02 
 9.08301076e-06  6.69935274e+02  3.38220807e+00  6.70684847e+02 
 9.08801076e-06  6.69971181e+02  3.36829148e+00  6.70720634e+02 
 9.09301076e-06  6.70006940e+02  3.35437390e+00  6.70756272e+02 
 9.09801076e-06  6.70042551e+02  3.34045534e+00  6.70791761e+02 
 9.10301076e-06  6.70078013e+02  3.32653579e+00  6.70827102e+02 
 9.10801076e-06  6.70113328e+02  3.31261526e+00  6.70862294e+02 
 9.11301076e-06  6.70148494e+02  3.29869376e+00  6.70897338e+02 
 9.11801076e-06  6.70183513e+02  3.28477128e+00  6.70932233e+02 
 9.12301076e-06  6.70218383e+02  3.27084784e+00  6.70966979e+02 
 9.12801076e-06  6.70253105e+02  3.25692343e+00  6.71001577e+02 
 9.13301076e-06  6.70287679e+02  3.24299807e+00  6.71036027e+02 
 9.13801076e-06  6.70322105e+02  3.22907175e+00  6.71070327e+02 
 9.14301076e-06  6.70356383e+02  3.21514448e+00  6.71104479e+02 
 9.14801076e-06  6.70390513e+02  3.20121626e+00  6.71138483e+02 
 9.15301076e-06  6.70424494e+02  3.18728710e+00  6.71172337e+02 
 9.15801076e-06  6.70458327e+02  3.17335700e+00  6.71206043e+02 
 9.16301076e-06  6.70492012e+02  3.15942597e+00  6.71239601e+02 
 9.16801076e-06  6.70525549e+02  3.14549401e+00  6.71273009e+02 
 9.17301076e-06  6.70558938e+02  3.13156112e+00  6.71306269e+02 
 9.17801076e-06  6.70592178e+02  3.11762731e+00  6.71339380e+02 
 9.18301076e-06  6.70625270e+02  3.10369258e+00  6.71372342e+02 
 9.18801076e-06  6.70658214e+02  3.08975694e+00  6.71405156e+02 
 9.19301076e-06  6.70691010e+02  3.07582039e+00  6.71437821e+02 
 9.19801076e-06  6.70723657e+02  3.06188294e+00  6.71470337e+02 
 9.20301076e-06  6.70756156e+02  3.04794458e+00  6.71502704e+02 
 9.20801076e-06  6.70788507e+02  3.03400532e+00  6.71534922e+02 
 9.21301076e-06  6.70820709e+02  3.02006518e+00  6.71566991e+02 
 9.21801076e-06  6.70852764e+02  3.00612414e+00  6.71598912e+02 
 9.22301076e-06  6.70884669e+02  2.99218222e+00  6.71630684e+02 
 9.22801076e-06  6.70916427e+02  2.97823942e+00  6.71662307e+02 
 9.23301076e-06  6.70948036e+02  2.96429574e+00  6.71693780e+02 
 9.23801076e-06  6.70979497e+02  2.95035119e+00  6.71725105e+02 
 9.24301076e-06  6.71010810e+02  2.93640578e+00  6.71756282e+02 
 9.24801076e-06  6.71041974e+02  2.92245949e+00  6.71787309e+02 
 9.25301076e-06  6.71072990e+02  2.90851235e+00  6.71818187e+02 
 9.25801076e-06  6.71103857e+02  2.89456436e+00  6.71848916e+02 
 9.26301076e-06  6.71134576e+02  2.88061551e+00  6.71879496e+02 
 9.26801076e-06  6.71165147e+02  2.86666581e+00  6.71909927e+02 
 9.27301076e-06  6.71195569e+02  2.85271527e+00  6.71940209e+02 
 9.27801076e-06  6.71225843e+02  2.83876390e+00  6.71970342e+02 
 9.28301076e-06  6.71255968e+02  2.82481168e+00  6.72000326e+02 
 9.28801076e-06  6.71285945e+02  2.81085864e+00  6.72030161e+02 
 9.29301076e-06  6.71315774e+02  2.79690477e+00  6.72059847e+02 
 9.29801076e-06  6.71345454e+02  2.78295007e+00  6.72089384e+02 
 9.30301076e-06  6.71374985e+02  2.76899456e+00  6.72118772e+02 
 9.30801076e-06  6.71404369e+02  2.75503824e+00  6.72148010e+02 
 9.31301076e-06  6.71433603e+02  2.74108110e+00  6.72177099e+02 
 9.31801076e-06  6.71462689e+02  2.72712316e+00  6.72206040e+02 
 9.32301076e-06  6.71491627e+02  2.71316442e+00  6.72234831e+02 
 9.32801076e-06  6.71520416e+02  2.69920488e+00  6.72263472e+02 
 9.33301076e-06  6.71549057e+02  2.68524454e+00  6.72291965e+02 
 9.33801076e-06  6.71577549e+02  2.67128342e+00  6.72320308e+02 
 9.34301076e-06  6.71605893e+02  2.65732151e+00  6.72348502e+02 
 9.34801076e-06  6.71634088e+02  2.64335882e+00  6.72376547e+02 
 9.35301076e-06  6.71662135e+02  2.62939535e+00  6.72404443e+02 
 9.35801076e-06  6.71690033e+02  2.61543111e+00  6.72432189e+02 
 9.36301076e-06  6.71717782e+02  2.60146610e+00  6.72459786e+02 
 9.36801076e-06  6.71745383e+02  2.58750033e+00  6.72487234e+02 
 9.37301076e-06  6.71772835e+02  2.57353379e+00  6.72514532e+02 
 9.37801076e-06  6.71800139e+02  2.55956650e+00  6.72541681e+02 
 9.38301076e-06  6.71827294e+02  2.54559846e+00  6.72568681e+02 
 9.38801076e-06  6.71854301e+02  2.53162967e+00  6.72595531e+02 
 9.39301076e-06  6.71881158e+02  2.51766014e+00  6.72622232e+02 
 9.39801076e-06  6.71907868e+02  2.50368986e+00  6.72648783e+02 
 9.40301076e-06  6.71934428e+02  2.48971885e+00  6.72675185e+02 
 9.40801076e-06  6.71960841e+02  2.47574711e+00  6.72701438e+02 
 9.41301076e-06  6.71987104e+02  2.46177465e+00  6.72727541e+02 
 9.41801076e-06  6.72013219e+02  2.44780146e+00  6.72753495e+02 
 9.42301076e-06  6.72039185e+02  2.43382755e+00  6.72779299e+02 
 9.42801076e-06  6.72065002e+02  2.41985292e+00  6.72804953e+02 
 9.43301076e-06  6.72090671e+02  2.40587759e+00  6.72830458e+02 
 9.43801076e-06  6.72116191e+02  2.39190155e+00  6.72855814e+02 
 9.44301076e-06  6.72141563e+02  2.37792480e+00  6.72881019e+02 
 9.44801076e-06  6.72166785e+02  2.36394736e+00  6.72906076e+02 
 9.45301076e-06  6.72191859e+02  2.34996923e+00  6.72930982e+02 
 9.45801076e-06  6.72216785e+02  2.33599040e+00  6.72955739e+02 
 9.46301076e-06  6.72241561e+02  2.32201089e+00  6.72980347e+02 
 9.46801076e-06  6.72266189e+02  2.30803070e+00  6.73004804e+02 
 9.47301076e-06  6.72290668e+02  2.29404983e+00  6.73029112e+02 
 9.47801076e-06  6.72314999e+02  2.28006829e+00  6.73053271e+02 
 9.48301076e-06  6.72339180e+02  2.26608608e+00  6.73077279e+02 
 9.48801076e-06  6.72363213e+02  2.25210320e+00  6.73101138e+02 
 9.49301076e-06  6.72387097e+02  2.23811966e+00  6.73124847e+02 
 9.49801076e-06  6.72410833e+02  2.22413547e+00  6.73148407e+02 
 9.50301076e-06  6.72434419e+02  2.21015063e+00  6.73171816e+02 
 9.50801076e-06  6.72457857e+02  2.19616513e+00  6.73195076e+02 
 9.51301076e-06  6.72481146e+02  2.18217899e+00  6.73218186e+02 
 9.51801076e-06  6.72504287e+02  2.16819222e+00  6.73241146e+02 
 9.52301076e-06  6.72527278e+02  2.15420480e+00  6.73263956e+02 
 9.52801076e-06  6.72550121e+02  2.14021676e+00  6.73286616e+02 
 9.53301076e-06  6.72572815e+02  2.12622808e+00  6.73309126e+02 
 9.53801076e-06  6.72595360e+02  2.11223879e+00  6.73331486e+02 
 9.54301076e-06  6.72617756e+02  2.09824887e+00  6.73353697e+02 
 9.54801076e-06  6.72640003e+02  2.08425834e+00  6.73375757e+02 
 9.55301076e-06  6.72662102e+02  2.07026720e+00  6.73397667e+02 
 9.55801076e-06  6.72684051e+02  2.05627546e+00  6.73419428e+02 
 9.56301076e-06  6.72705852e+02  2.04228311e+00  6.73441038e+02 
 9.56801076e-06  6.72727504e+02  2.02829016e+00  6.73462498e+02 
 9.57301076e-06  6.72749007e+02  2.01429662e+00  6.73483808e+02 
 9.57801076e-06  6.72770362e+02  2.00030249e+00  6.73504968e+02 
 9.58301076e-06  6.72791567e+02  1.98630777e+00  6.73525978e+02 
 9.58801076e-06  6.72812623e+02  1.97231247e+00  6.73546838e+02 
 9.59301076e-06  6.72833531e+02  1.95831660e+00  6.73567547e+02 
 9.59801076e-06  6.72854290e+02  1.94432015e+00  6.73588106e+02 
 9.60301076e-06  6.72874900e+02  1.93032313e+00  6.73608515e+02 
 9.60801076e-06  6.72895360e+02  1.91632555e+00  6.73628774e+02 
 9.61301076e-06  6.72915672e+02  1.90232740e+00  6.73648882e+02 
 9.61801076e-06  6.72935836e+02  1.88832871e+00  6.73668840e+02 
 9.62301076e-06  6.72955850e+02  1.87432945e+00  6.73688648e+02 
 9.62801076e-06  6.72975715e+02  1.86032965e+00  6.73708305e+02 
 9.63301076e-06  6.72995431e+02  1.84632931e+00  6.73727812e+02 
 9.63801076e-06  6.73014998e+02  1.83232842e+00  6.73747168e+02 
 9.64301076e-06  6.73034417e+02  1.81832700e+00  6.73766374e+02 
 9.64801076e-06  6.73053686e+02  1.80432505e+00  6.73785430e+02 
 9.65301076e-06  6.73072807e+02  1.79032258e+00  6.73804335e+02 
 9.65801076e-06  6.73091778e+02  1.77631957e+00  6.73823089e+02 
 9.66301076e-06  6.73110601e+02  1.76231605e+00  6.73841693e+02 
 9.66801076e-06  6.73129274e+02  1.74831202e+00  6.73860146e+02 
 9.67301076e-06  6.73147799e+02  1.73430747e+00  6.73878449e+02 
 9.67801076e-06  6.73166174e+02  1.72030242e+00  6.73896601e+02 
 9.68301076e-06  6.73184401e+02  1.70629687e+00  6.73914602e+02 
 9.68801076e-06  6.73202479e+02  1.69229082e+00  6.73932452e+02 
 9.69301076e-06  6.73220407e+02  1.67828427e+00  6.73950152e+02 
 9.69801076e-06  6.73238187e+02  1.66427724e+00  6.73967701e+02 
 9.70301076e-06  6.73255817e+02  1.65026972e+00  6.73985098e+02 
 9.70801076e-06  6.73273299e+02  1.63626171e+00  6.74002346e+02 
 9.71301076e-06  6.73290631e+02  1.62225324e+00  6.74019442e+02 
 9.71801076e-06  6.73307815e+02  1.60824428e+00  6.74036387e+02 
 9.72301076e-06  6.73324849e+02  1.59423486e+00  6.74053181e+02 
 9.72801076e-06  6.73341735e+02  1.58022498e+00  6.74069824e+02 
 9.73301076e-06  6.73358471e+02  1.56621464e+00  6.74086316e+02 
 9.73801076e-06  6.73375059e+02  1.55220383e+00  6.74102657e+02 
 9.74301076e-06  6.73391497e+02  1.53819258e+00  6.74118847e+02 
 9.74801076e-06  6.73407786e+02  1.52418088e+00  6.74134885e+02 
 9.75301076e-06  6.73423926e+02  1.51016874e+00  6.74150773e+02 
 9.75801076e-06  6.73439917e+02  1.49615616e+00  6.74166509e+02 
 9.76301076e-06  6.73455759e+02  1.48214314e+00  6.74182093e+02 
 9.76801076e-06  6.73471452e+02  1.46812969e+00  6.74197526e+02 
 9.77301076e-06  6.73486996e+02  1.45411581e+00  6.74212808e+02 
 9.77801076e-06  6.73502391e+02  1.44010152e+00  6.74227938e+02 
 9.78301076e-06  6.73517637e+02  1.42608680e+00  6.74242917e+02 
 9.78801076e-06  6.73532733e+02  1.41207167e+00  6.74257744e+02 
 9.79301076e-06  6.73547681e+02  1.39805613e+00  6.74272420e+02 
 9.79801076e-06  6.73562479e+02  1.38404019e+00  6.74286943e+02 
 9.80301076e-06  6.73577128e+02  1.37002384e+00  6.74301315e+02 
 9.80801076e-06  6.73591628e+02  1.35600710e+00  6.74315536e+02 
 9.81301076e-06  6.73605980e+02  1.34198996e+00  6.74329604e+02 
 9.81801076e-06  6.73620181e+02  1.32797244e+00  6.74343520e+02 
 9.82301076e-06  6.73634234e+02  1.31395453e+00  6.74357284e+02 
 9.82801076e-06  6.73648138e+02  1.29993624e+00  6.74370897e+02 
 9.83301076e-06  6.73661892e+02  1.28591757e+00  6.74384357e+02 
 9.83801076e-06  6.73675498e+02  1.27189854e+00  6.74397665e+02 
 9.84301076e-06  6.73688954e+02  1.25787913e+00  6.74410820e+02 
 9.84801076e-06  6.73702261e+02  1.24385936e+00  6.74423823e+02 
 9.85301076e-06  6.73715419e+02  1.22983923e+00  6.74436674e+02 
 9.85801076e-06  6.73728428e+02  1.21581875e+00  6.74449372e+02 
 9.86301076e-06  6.73741288e+02  1.20179792e+00  6.74461918e+02 
 9.86801076e-06  6.73753998e+02  1.18777674e+00  6.74474311e+02 
 9.87301076e-06  6.73766560e+02  1.17375522e+00  6.74486551e+02 
 9.87801076e-06  6.73778972e+02  1.15973336e+00  6.74498638e+02 
 9.88301076e-06  6.73791235e+02  1.14571117e+00  6.74510573e+02 
 9.88801076e-06  6.73803349e+02  1.13168865e+00  6.74522354e+02 
 9.89301076e-06  6.73815313e+02  1.11766580e+00  6.74533982e+02 
 9.89801076e-06  6.73827129e+02  1.10364263e+00  6.74545457e+02 
 9.90301076e-06  6.73838795e+02  1.08961915e+00  6.74556779e+02 
 9.90801076e-06  6.73850312e+02  1.07559535e+00  6.74567947e+02 
 9.91301076e-06  6.73861680e+02  1.06157124e+00  6.74578961e+02 
 9.91801076e-06  6.73872899e+02  1.04754683e+00  6.74589822e+02 
 9.92301076e-06  6.73883968e+02  1.03352213e+00  6.74600529e+02 
 9.92801076e-06  6.73894888e+02  1.01949712e+00  6.74611082e+02 
 9.93301076e-06  6.73905660e+02  1.00547183e+00  6.74621480e+02 
 9.93801076e-06  6.73916282e+02  9.91446245e-01  6.74631725e+02 
 9.94301076e-06  6.73926754e+02  9.77420381e-01  6.74641815e+02 
 9.94801076e-06  6.73937078e+02  9.63394239e-01  6.74651751e+02 
 9.95301076e-06  6.73947252e+02  9.49367823e-01  6.74661532e+02 
 9.95801076e-06  6.73957277e+02  9.35341137e-01  6.74671158e+02 
 9.96301076e-06  6.73967153e+02  9.21314187e-01  6.74680629e+02 
 9.96801076e-06  6.73976879e+02  9.07286975e-01  6.74689944e+02 
 9.97301076e-06  6.73986457e+02  8.93259507e-01  6.74699105e+02 
 9.97801076e-06  6.73995885e+02  8.79231786e-01  6.74708109e+02 
 9.98301076e-06  6.74005164e+02  8.65203818e-01  6.74716958e+02 
 9.98801076e-06  6.74014294e+02  8.51175606e-01  6.74725651e+02 
 9.99301076e-06  6.74023274e+02  8.37147154e-01  6.74734188e+02 
 9.99801076e-06  6.74032105e+02  8.23118468e-01  6.74742568e+02 
 1.00030108e-05  6.74040787e+02  8.09089551e-01  6.74750791e+02 
 1.00080108e-05  6.74049320e+02  7.95060407e-01  6.74758857e+02 
 1.00130108e-05  6.74057703e+02  7.81031042e-01  6.74766766e+02 
 1.00180108e-05  6.74065938e+02  7.67001460e-01  6.74774518e+02 
 1.00230108e-05  6.74074022e+02  7.52971664e-01  6.74782111e+02 
 1.00280108e-05  6.74081958e+02  7.38941659e-01  6.74789546e+02 
 1.00330108e-05  6.74089745e+02  7.24911451e-01  6.74796823e+02 
 1.00380108e-05  6.74097382e+02  7.10881042e-01  6.74803940e+02 
 1.00430108e-05  6.74104870e+02  6.96850438e-01  6.74810899e+02 
 1.00480108e-05  6.74112208e+02  6.82819642e-01  6.74817697e+02 
 1.00530108e-05  6.74119398e+02  6.68788660e-01  6.74824336e+02 
 1.00580108e-05  6.74126438e+02  6.54757496e-01  6.74830813e+02 
 1.00630108e-05  6.74133329e+02  6.40726154e-01  6.74837130e+02 
 1.00680108e-05  6.74140070e+02  6.26694639e-01  6.74843285e+02 
 1.00730108e-05  6.74146663e+02  6.12662956e-01  6.74849277e+02 
 1.00780108e-05  6.74153106e+02  5.98631108e-01  6.74855107e+02 
 1.00830108e-05  6.74159400e+02  5.84599100e-01  6.74860773e+02 
 1.00880108e-05  6.74165544e+02  5.70566938e-01  6.74866275e+02 
 1.00930108e-05  6.74171539e+02  5.56534624e-01  6.74871613e+02 
 1.00980108e-05  6.74177385e+02  5.42502165e-01  6.74876784e+02 
 1.01030108e-05  6.74183082e+02  5.28469565e-01  6.74881789e+02 
 1.01080108e-05  6.74188629e+02  5.14436828e-01  6.74886626e+02 
 1.01130108e-05  6.74194027e+02  5.00403958e-01  6.74891295e+02 
 1.01180108e-05  6.74199276e+02  4.86370962e-01  6.74895794e+02 
 1.01230108e-05  6.74204376e+02  4.72337843e-01  6.74900122e+02 
 1.01280108e-05  6.74209326e+02  4.58304606e-01  6.74904278e+02 
 1.01330108e-05  6.74214127e+02  4.44271256e-01  6.74908261e+02 
 1.01380108e-05  6.74218779e+02  4.30237798e-01  6.74912068e+02 
 1.01430108e-05  6.74223281e+02  4.16204236e-01  6.74915699e+02 
 1.01480108e-05  6.74227634e+02  4.02170577e-01  6.74919151e+02 
 1.01530108e-05  6.74231838e+02  3.88136823e-01  6.74922422e+02 
 1.01580108e-05  6.74235892e+02  3.74102982e-01  6.74925510e+02 
 1.01630108e-05  6.74239797e+02  3.60069057e-01  6.74928412e+02 
 1.01680108e-05  6.74243553e+02  3.46035055e-01  6.74931125e+02 
 1.01730108e-05  6.74247160e+02  3.32000979e-01  6.74933647e+02 
 1.01780108e-05  6.74250617e+02  3.17966837e-01  6.74935973e+02 
 1.01830108e-05  6.74253925e+02  3.03932632e-01  6.74938100e+02 
 1.01880108e-05  6.74257084e+02  2.89898372e-01  6.74940022e+02 
 1.01930108e-05  6.74260093e+02  2.75864061e-01  6.74941733e+02 
 1.01980108e-05  6.74262953e+02  2.61829705e-01  6.74943229e+02 
 1.02030108e-05  6.74265664e+02  2.47795311e-01  6.74944501e+02 
 1.02080108e-05  6.74268225e+02  2.33760885e-01  6.74945540e+02 
 1.02130108e-05  6.74270638e+02  2.19726434e-01  6.74946337e+02 
 1.02179572e-05  6.74272877e+02  2.05842291e-01  6.74946875e+02 
 1.02224967e-05  6.74274804e+02  1.93100418e-01  6.74947136e+02 
 1.02268011e-05  6.74276517e+02  1.81018483e-01  6.74947166e+02 
 1.02308278e-05  6.74278019e+02  1.69715872e-01  6.74946989e+02 
 1.02345966e-05  6.74279338e+02  1.59137224e-01  6.74946633e+02 
 1.02381313e-05  6.74280497e+02  1.49215597e-01  6.74946118e+02 
 1.02414427e-05  6.74281516e+02  1.39921027e-01  6.74945464e+02 
 1.02445457e-05  6.74282411e+02  1.31211193e-01  6.74944688e+02 
 1.02474540e-05  6.74283197e+02  1.23047891e-01  6.74943805e+02 
 1.02501796e-05  6.74283889e+02  1.15397472e-01  6.74942829e+02 
 1.02527342e-05  6.74284497e+02  1.08227083e-01  6.74941770e+02 
 1.02551286e-05  6.74285031e+02  1.01506256e-01  6.74940640e+02 
 1.02573730e-05  6.74285500e+02  9.52066454e-02  6.74939447e+02 
 1.02594769e-05  6.74285913e+02  8.93014364e-02  6.74938198e+02 
 1.02614490e-05  6.74286277e+02  8.37658669e-02  6.74936901e+02 
 1.02632979e-05  6.74286596e+02  7.85763852e-02  6.74935561e+02 
 1.02650312e-05  6.74286877e+02  7.37112063e-02  6.74934185e+02 
 1.02666563e-05  6.74287124e+02  6.91498538e-02  6.74932776e+02 
 1.02681800e-05  6.74287341e+02  6.48731120e-02  6.74931338e+02 
 1.02696087e-05  6.74287532e+02  6.08630460e-02  6.74929876e+02 
 1.02709484e-05  6.74287700e+02  5.71028152e-02  6.74928392e+02 
 1.02722047e-05  6.74287848e+02  5.35766856e-02  6.74926889e+02 
 1.02733828e-05  6.74287978e+02  5.02699351e-02  6.74925370e+02 
 1.02744877e-05  6.74288093e+02  4.71686896e-02  6.74923836e+02 
 1.02755240e-05  6.74288193e+02  4.42600631e-02  6.74922289e+02 
 1.02764960e-05  6.74288282e+02  4.15319032e-02  6.74920731e+02 
 1.02774078e-05  6.74288360e+02  3.89728701e-02  6.74919164e+02 
 1.02782630e-05  6.74288429e+02  3.65723693e-02  6.74917589e+02 
 1.02790654e-05  6.74288490e+02  3.43203559e-02  6.74916006e+02 
 1.02798182e-05  6.74288543e+02  3.22075585e-02  6.74914418e+02 
 1.02805244e-05  6.74288590e+02  3.02252473e-02  6.74912823e+02 
 1.02811872e-05  6.74288631e+02  2.83651361e-02  6.74911224e+02 
 1.02818091e-05  6.74288667e+02  2.66196804e-02  6.74909621e+02 
 1.02823927e-05  6.74288699e+02  2.49815681e-02  6.74908014e+02 
 1.02829405e-05  6.74288728e+02  2.34441225e-02  6.74906404e+02 
 1.02834547e-05  6.74288753e+02  2.20010243e-02  6.74904792e+02 
 1.02839374e-05  6.74288774e+02  2.06462881e-02  6.74903177e+02 
 1.02843905e-05  6.74288794e+02  1.93744363e-02  6.74901559e+02 
 1.02848160e-05  6.74288811e+02  1.81802363e-02  6.74899940e+02 
 1.02852156e-05  6.74288826e+02  1.70587840e-02  6.74898319e+02 
 1.02855908e-05  6.74288839e+02  1.60055340e-02  6.74896696e+02 
 1.02859433e-05  6.74288851e+02  1.50161955e-02  6.74895071e+02 
 1.02862745e-05  6.74288861e+02  1.40867072e-02  6.74893445e+02 
 1.02865857e-05  6.74288870e+02  1.32133414e-02  6.74891817e+02 
 1.02868782e-05  6.74288878e+02  1.23925263e-02  6.74890187e+02 
 1.02871531e-05  6.74288885e+02  1.16209654e-02  6.74888555e+02 
 1.02874116e-05  6.74288891e+02  1.08955168e-02  6.74886922e+02 
 1.02876547e-05  6.74288896e+02  1.02132615e-02  6.74885286e+02 
 1.02878833e-05  6.74288901e+02  9.57149254e-03  6.74883647e+02 
 1.02880985e-05  6.74288906e+02  8.96756710e-03  6.74882006e+02 
 1.02883011e-05  6.74288909e+02  8.39912651e-03  6.74880362e+02 
 1.02884918e-05  6.74288913e+02  7.86388363e-03  6.74878714e+02 
 1.02886714e-05  6.74288915e+02  7.35970349e-03  6.74877063e+02 
 1.02888407e-05  6.74288918e+02  6.88459247e-03  6.74875407e+02 
 1.02890003e-05  6.74288920e+02  6.43667902e-03  6.74873746e+02 
 1.02891508e-05  6.74288922e+02  6.01417630e-03  6.74872079e+02 
 1.02892929e-05  6.74288924e+02  5.61547815e-03  6.74870407e+02 
 1.02894271e-05  6.74288926e+02  5.23898521e-03  6.74868727e+02 
 1.02895538e-05  6.74288927e+02  4.88326960e-03  6.74867039e+02 
 1.02896737e-05  6.74288928e+02  4.54695158e-03  6.74865342e+02 
 1.02897870e-05  6.74288929e+02  4.22875397e-03  6.74863636e+02 
 1.02898944e-05  6.74288930e+02  3.92747635e-03  6.74861918e+02 
 1.02899961e-05  6.74288931e+02  3.64198348e-03  6.74860189e+02 
 1.02900926e-05  6.74288932e+02  3.37121888e-03  6.74858446e+02 
 1.02901842e-05  6.74288932e+02  3.11419832e-03  6.74856688e+02 
 1.02902712e-05  6.74288933e+02  2.86997483e-03  6.74854914e+02 
 1.02903540e-05  6.74288933e+02  2.63770388e-03  6.74853122e+02 
 1.02904328e-05  6.74288934e+02  2.41654074e-03  6.74851311e+02 
 1.02905079e-05  6.74288934e+02  2.20575398e-03  6.74849478e+02 
 1.02905796e-05  6.74288934e+02  2.00459109e-03  6.74847622e+02 
 1.02906480e-05  6.74288935e+02  1.81241544e-03  6.74845740e+02 
 1.02907136e-05  6.74288935e+02  1.62858185e-03  6.74843831e+02 
 1.02907763e-05  6.74288935e+02  1.45250163e-03  6.74841891e+02 
 1.02908365e-05  6.74288935e+02  1.28364397e-03  6.74839919e+02 
 1.02908943e-05  6.74288936e+02  1.12146419e-03  6.74837912e+02 
 1.02909498e-05  6.74288936e+02  9.65512358e-04  6.74835867e+02 
 1.02910034e-05  6.74288936e+02  8.15303779e-04  6.74833780e+02 
 1.02910550e-05  6.74288936e+02  6.70436304e-04  6.74831648e+02 
 1.02911048e-05  6.74288936e+02  5.30496404e-04  6.74829469e+02 
 1.02911531e-05  6.74288936e+02  3.95114808e-04  6.74827237e+02 
 1.02911998e-05  6.74288936e+02  2.63931359e-04  6.74824949e+02 
 1.02912452e-05  6.74288936e+02  1.36610759e-04  6.74822601e+02 
 1.02912893e-05  6.74288936e+02  1.28355341e-05  6.74820188e+02 
 1.02913323e-05  6.74288936e+02 -1.07695358e-04  6.74817705e+02 
 1.02913742e-05  6.74288936e+02 -2.25278419e-04  6.74815145e+02 
 1.02914151e-05  6.74288936e+02 -3.40177714e-04  6.74812504e+02 
 1.02914552e-05  6.74288936e+02 -4.52674948e-04  6.74809773e+02 
 1.02914945e-05  6.74288936e+02 -5.63014668e-04  6.74806947e+02 
 1.02915332e-05  6.74288936e+02 -6.71458528e-04  6.74804017e+02 
 1.02915712e-05  6.74288936e+02 -7.78241370e-04  6.74800973e+02 
 1.02916088e-05  6.74288936e+02 -8.83619151e-04  6.74797807e+02 
 1.02916459e-05  6.74288936e+02 -9.87821150e-04  6.74794507e+02 
 1.02916827e-05  6.74288936e+02 -1.09110019e-03  6.74791060e+02 
 1.02917193e-05  6.74288935e+02 -1.19369451e-03  6.74787454e+02 
 1.02917557e-05  6.74288935e+02 -1.29586668e-03  6.74783671e+02 
 1.02917920e-05  6.74288935e+02 -1.39786282e-03  6.74779694e+02 
 1.02918284e-05  6.74288935e+02 -1.49996634e-03  6.74775503e+02 
 1.02918650e-05  6.74288935e+02 -1.60246447e-03  6.74771075e+02 
 1.02919017e-05  6.74288935e+02 -1.70568186e-03  6.74766381e+02 
 1.02919389e-05  6.74288935e+02 -1.80996255e-03  6.74761390e+02 
 1.02919766e-05  6.74288935e+02 -1.91570311e-03  6.74756063e+02 
 1.02920150e-05  6.74288934e+02 -2.02333464e-03  6.74750355e+02 
 1.02920542e-05  6.74288934e+02 -2.13335450e-03  6.74744211e+02 
 1.02920944e-05  6.74288934e+02 -2.24635327e-03  6.74737563e+02 
 1.02921360e-05  6.74288934e+02 -2.36300467e-03  6.74730330e+02 
 1.02921792e-05  6.74288934e+02 -2.48414626e-03  6.74722407e+02 
 1.02922243e-05  6.74288933e+02 -2.61078192e-03  6.74713662e+02 
 1.02922719e-05  6.74288933e+02 -2.74418144e-03  6.74703923e+02 
 1.02923224e-05  6.74288933e+02 -2.88597322e-03  6.74692959e+02 
 1.02923767e-05  6.74288932e+02 -3.03828618e-03  6.74680457e+02 
 1.02924358e-05  6.74288932e+02 -3.20404695e-03  6.74665971e+02 
 1.02925011e-05  6.74288932e+02 -3.38734929e-03  6.74648849e+02 
 1.02925749e-05  6.74288931e+02 -3.59435577e-03  6.74628068e+02 
 1.02926608e-05  6.74288930e+02 -3.83515148e-03  6.74601888e+02 
 1.02927656e-05  6.74288930e+02 -4.12921410e-03  6.74566848e+02 
 1.02929117e-05  6.74288928e+02 -4.53904236e-03  6.74512040e+02 
 1.02930129e-05  6.74288927e+02 -4.82262412e-03  6.74469767e+02 
 1.02931049e-05  6.74288926e+02 -5.08061182e-03  6.74428021e+02 
 1.02931551e-05  6.74288926e+02 -5.22141273e-03  6.74403854e+02 
 1.02932069e-05  6.74288925e+02 -5.36665772e-03  6.74377866e+02 
 1.02932566e-05  6.74288925e+02 -5.50606780e-03  6.74351881e+02 
 1.02933036e-05  6.74288924e+02 -5.63770268e-03  6.74326385e+02 
 1.02933517e-05  6.74288923e+02 -5.77253108e-03  6.74299276e+02 
 1.02934011e-05  6.74288923e+02 -5.91099914e-03  6.74270362e+02 
 1.02934581e-05  6.74288922e+02 -6.07083049e-03  6.74235594e+02 
 1.02935215e-05  6.74288921e+02 -6.24856012e-03  6.74195125e+02 
 1.02935905e-05  6.74288920e+02 -6.44182730e-03  6.74148884e+02 
 1.02936630e-05  6.74288919e+02 -6.64524468e-03  6.74097606e+02 
 1.02937395e-05  6.74288918e+02 -6.85941438e-03  6.74040609e+02 
 1.02938188e-05  6.74288917e+02 -7.08160370e-03  6.73978084e+02 
 1.02939015e-05  6.74288916e+02 -7.31334924e-03  6.73909029e+02 
 1.02939869e-05  6.74288914e+02 -7.55244797e-03  6.73833491e+02 
 1.02940754e-05  6.74288913e+02 -7.80032027e-03  6.73750372e+02 
 1.02941663e-05  6.74288911e+02 -8.05501071e-03  6.73659632e+02 
 1.02942603e-05  6.74288910e+02 -8.31792990e-03  6.73560021e+02 
 1.02943565e-05  6.74288908e+02 -8.58733531e-03  6.73451394e+02 
 1.02944556e-05  6.74288906e+02 -8.86461997e-03  6.73332322e+02 
 1.02945570e-05  6.74288904e+02 -9.14820167e-03  6.73202544e+02 
 1.02947597e-05  6.74288900e+02 -9.71512969e-03  6.72917217e+02 
 1.02949996e-05  6.74288895e+02 -1.03854450e-02  6.72531427e+02 
 1.02952272e-05  6.74288890e+02 -1.10211191e-02  6.72111959e+02 
 1.02955193e-05  6.74288883e+02 -1.18358364e-02  6.71489129e+02 
 1.02958390e-05  6.74288874e+02 -1.27263213e-02  6.70685237e+02 
 1.02961650e-05  6.74288865e+02 -1.36325641e-02  6.69717415e+02 
 1.02964948e-05  6.74288855e+02 -1.45476655e-02  6.68566478e+02 
 1.02968129e-05  6.74288845e+02 -1.54278952e-02  6.67273792e+02 
 1.02971291e-05  6.74288835e+02 -1.63007071e-02  6.65790531e+02 
 1.02974353e-05  6.74288824e+02 -1.71430534e-02  6.64147153e+02 
 1.02977393e-05  6.74288812e+02 -1.79765797e-02  6.62293849e+02 
 1.02980359e-05  6.74288801e+02 -1.87864746e-02  6.60254283e+02 
 1.02983303e-05  6.74288789e+02 -1.95868763e-02  6.57984309e+02 
 1.02986190e-05  6.74288776e+02 -2.03677680e-02  6.55502606e+02 
 1.02989054e-05  6.74288764e+02 -2.11383842e-02  6.52770792e+02 
 1.02991871e-05  6.74288751e+02 -2.18920063e-02  6.49802821e+02 
 1.02994665e-05  6.74288738e+02 -2.26347605e-02  6.46565249e+02 
 1.02997422e-05  6.74288724e+02 -2.33621487e-02  6.43067713e+02 
 1.03000156e-05  6.74288710e+02 -2.40782483e-02  6.39281009e+02 
 1.03002858e-05  6.74288696e+02 -2.47800213e-02  6.35211058e+02 
 1.03005540e-05  6.74288682e+02 -2.54701648e-02  6.30832303e+02 
 1.03008194e-05  6.74288667e+02 -2.61465962e-02  6.26147565e+02 
 1.03010830e-05  6.74288653e+02 -2.68110735e-02  6.21134384e+02 
 1.03013442e-05  6.74288637e+02 -2.74621377e-02  6.15793046e+02 
 1.03016036e-05  6.74288622e+02 -2.81009029e-02  6.10103690e+02 
 1.03018611e-05  6.74288607e+02 -2.87263150e-02  6.04064561e+02 
 1.03021169e-05  6.74288591e+02 -2.93390417e-02  5.97657963e+02 
 1.03023711e-05  6.74288575e+02 -2.99382878e-02  5.90880525e+02 
 1.03026238e-05  6.74288558e+02 -3.05244079e-02  5.83716344e+02 
 1.03028750e-05  6.74288542e+02 -3.10967687e-02  5.76160792e+02 
 1.03031249e-05  6.74288525e+02 -3.16555010e-02  5.68199445e+02 
 1.03033736e-05  6.74288508e+02 -3.22000679e-02  5.59826713e+02 
 1.03036212e-05  6.74288491e+02 -3.27304372e-02  5.51029389e+02 
 1.03038676e-05  6.74288474e+02 -3.32461240e-02  5.41801157e+02 
 1.03041132e-05  6.74288457e+02 -3.37469734e-02  5.32129806e+02 
 1.03043578e-05  6.74288439e+02 -3.42325224e-02  5.22008476e+02 
 1.03046017e-05  6.74288421e+02 -3.47025202e-02  5.11425762e+02 
 1.03048449e-05  6.74288403e+02 -3.51565044e-02  5.00374398e+02 
 1.03050874e-05  6.74288385e+02 -3.55941452e-02  4.88843615e+02 
 1.03053294e-05  6.74288366e+02 -3.60149654e-02  4.76825823e+02 
 1.03055710e-05  6.74288348e+02 -3.64185663e-02  4.64310732e+02 
 1.03058122e-05  6.74288329e+02 -3.68044435e-02  4.51290470e+02 
 1.03060532e-05  6.74288310e+02 -3.71721338e-02  4.37755060e+02 
 1.03062939e-05  6.74288291e+02 -3.75210950e-02  4.23696330e+02 
 1.03065346e-05  6.74288271e+02 -3.78507995e-02  4.09104436e+02 
 1.03067753e-05  6.74288252e+02 -3.81606564e-02  3.93970829e+02 
 1.03070162e-05  6.74288232e+02 -3.84500694e-02  3.78285575e+02 
 1.03072573e-05  6.74288213e+02 -3.87183863e-02  3.62039585e+02 
 1.03074988e-05  6.74288193e+02 -3.89649335e-02  3.45222543e+02 
 1.03077407e-05  6.74288172e+02 -3.91889820e-02  3.27824549e+02 
 1.03079833e-05  6.74288152e+02 -3.93897658e-02  3.09834490e+02 
 1.03082266e-05  6.74288132e+02 -3.95664580e-02  2.91241220e+02 
 1.03084709e-05  6.74288111e+02 -3.97181772e-02  2.72032230e+02 
 1.03087163e-05  6.74288090e+02 -3.98439685e-02  2.52194427e+02 
 1.03089630e-05  6.74288069e+02 -3.99428000e-02  2.31712988e+02 
 1.03092112e-05  6.74288048e+02 -4.00135436e-02  2.10571757e+02 
 1.03094612e-05  6.74288027e+02 -4.00549611e-02  1.88752130e+02 
 1.03097132e-05  6.74288006e+02 -4.00656805e-02  1.66233032e+02 
 1.03099676e-05  6.74287984e+02 -4.00441676e-02  1.42989624e+02 
 1.03102245e-05  6.74287962e+02 -3.99887327e-02  1.19007489e+02 
 1.03104803e-05  6.74287940e+02 -3.98992213e-02  9.46562548e+01 
 1.03107375e-05  6.74287919e+02 -3.97739913e-02  6.97097019e+01 
 1.03109936e-05  6.74287897e+02 -3.96135495e-02  4.44358497e+01 
 1.03112510e-05  6.74287875e+02 -3.94158662e-02  1.86423656e+01 
 1.03115078e-05  6.74287854e+02 -3.91815576e-02 -7.46981717e+00 
 1.03117657e-05  6.74287832e+02 -3.89085048e-02 -3.40329973e+01 
 1.03120236e-05  6.74287811e+02 -3.85972876e-02 -6.08898890e+01 
 1.03122826e-05  6.74287790e+02 -3.82458630e-02 -8.81250568e+01 
 1.03125418e-05  6.74287769e+02 -3.78546855e-02 -1.15613079e+02 
 1.03128021e-05  6.74287748e+02 -3.74218445e-02 -1.43403048e+02 
 1.03130630e-05  6.74287727e+02 -3.69477067e-02 -1.71387407e+02 
 1.03133252e-05  6.74287707e+02 -3.64301787e-02 -1.99606556e+02 
 1.03135882e-05  6.74287687e+02 -3.58698664e-02 -2.27945170e+02 
 1.03138527e-05  6.74287667e+02 -3.52646413e-02 -2.56429777e+02 
 1.03141183e-05  6.74287647e+02 -3.46148661e-02 -2.84960831e+02 
 1.03143856e-05  6.74287628e+02 -3.39185883e-02 -3.13541547e+02 
 1.03146543e-05  6.74287608e+02 -3.31759047e-02 -3.42083521e+02 
 1.03149249e-05  6.74287590e+02 -3.23850140e-02 -3.70570449e+02 
 1.03151974e-05  6.74287571e+02 -3.15457496e-02 -3.98920272e+02 
 1.03154722e-05  6.74287553e+02 -3.06563988e-02 -4.27100664e+02 
 1.03157492e-05  6.74287535e+02 -2.97165241e-02 -4.55032031e+02 
 1.03160026e-05  6.74287519e+02 -2.88196557e-02 -4.80092846e+02 
 1.03162498e-05  6.74287504e+02 -2.79111384e-02 -5.04038464e+02 
 1.03164781e-05  6.74287491e+02 -2.70430904e-02 -5.25671765e+02 
 1.03167011e-05  6.74287478e+02 -2.61688146e-02 -5.46318797e+02 
 1.03169112e-05  6.74287467e+02 -2.53222820e-02 -5.65289469e+02 
 1.03171170e-05  6.74287456e+02 -2.44715788e-02 -5.83400893e+02 
 1.03173134e-05  6.74287446e+02 -2.36409054e-02 -6.00213298e+02 
 1.03175059e-05  6.74287436e+02 -2.28089340e-02 -6.16229922e+02 
 1.03176911e-05  6.74287428e+02 -2.19928631e-02 -6.31176782e+02 
 1.03178726e-05  6.74287419e+02 -2.11782722e-02 -6.45373259e+02 
 1.03180481e-05  6.74287412e+02 -2.03772381e-02 -6.58655329e+02 
 1.03182200e-05  6.74287404e+02 -1.95799721e-02 -6.71230426e+02 
 1.03183869e-05  6.74287397e+02 -1.87949281e-02 -6.83004597e+02 
 1.03185504e-05  6.74287391e+02 -1.80154966e-02 -6.94115250e+02 
 1.03187095e-05  6.74287385e+02 -1.72476091e-02 -7.04512244e+02 
 1.03188653e-05  6.74287379e+02 -1.64868517e-02 -7.14288810e+02 
 1.03190171e-05  6.74287374e+02 -1.57374078e-02 -7.23421968e+02 
 1.03191657e-05  6.74287369e+02 -1.49963788e-02 -7.31977024e+02 
 1.03193108e-05  6.74287365e+02 -1.42667411e-02 -7.39947692e+02 
 1.03194527e-05  6.74287361e+02 -1.35466411e-02 -7.47381614e+02 
 1.03195912e-05  6.74287357e+02 -1.28382266e-02 -7.54282640e+02 
 1.03197267e-05  6.74287353e+02 -1.21403657e-02 -7.60687236e+02 
 1.03198590e-05  6.74287350e+02 -1.14546416e-02 -7.66605307e+02 
 1.03199882e-05  6.74287347e+02 -1.07804232e-02 -7.72066249e+02 
 1.03201143e-05  6.74287344e+02 -1.01189155e-02 -7.77083503e+02 
 1.03202375e-05  6.74287341e+02 -9.46983820e-03 -7.81681993e+02 
 1.03203575e-05  6.74287339e+02 -8.83414978e-03 -7.85877170e+02 
 1.03204745e-05  6.74287337e+02 -8.21182256e-03 -7.89691129e+02 
 1.03205884e-05  6.74287335e+02 -7.60366363e-03 -7.93140417e+02 
 1.03206992e-05  6.74287333e+02 -7.00983580e-03 -7.96245341e+02 
 1.03208069e-05  6.74287332e+02 -6.43106725e-03 -7.99023014e+02 
 1.03209115e-05  6.74287330e+02 -5.86767711e-03 -8.01492622e+02 
 1.03210128e-05  6.74287329e+02 -5.32037416e-03 -8.03671548e+02 
 1.03211109e-05  6.74287328e+02 -4.78962326e-03 -8.05578284e+02 
 1.03212056e-05  6.74287327e+02 -4.27617038e-03 -8.07230336e+02 
 1.03212968e-05  6.74287326e+02 -3.78063921e-03 -8.08645784e+02 
 1.03213845e-05  6.74287326e+02 -3.30387789e-03 -8.09842200e+02 
 1.03214684e-05  6.74287325e+02 -2.84671366e-03 -8.10837455e+02 
 1.03215485e-05  6.74287325e+02 -2.41018901e-03 -8.11649193e+02 
 1.03216246e-05  6.74287324e+02 -1.99543316e-03 -8.12295234e+02 
 1.03216963e-05  6.74287324e+02 -1.60384477e-03 -8.12793356e+02 
 1.03217635e-05  6.74287324e+02 -1.23707240e-03 -8.13161499e+02 
 1.03218258e-05  6.74287324e+02 -8.97221927e-04 -8.13417718e+02 
 1.03218764e-05  6.74287324e+02 -6.20555583e-04 -8.13566029e+02 
 1.03219177e-05  6.74287324e+02 -3.95209782e-04 -8.13646867e+02 
 1.03219511e-05  6.74287324e+02 -2.12417245e-04 -8.13686090e+02 
 1.03219784e-05  6.74287324e+02 -6.31863368e-05 -8.13700614e+02 
 1.03220057e-05  6.74287324e+02  8.58920497e-05 -8.13699418e+02 
 1.03220340e-05  6.74287324e+02  2.40131802e-04 -8.13681660e+02 
 1.03220697e-05  6.74287324e+02  4.35378718e-04 -8.13635081e+02 
 1.03221121e-05  6.74287324e+02  6.67195854e-04 -8.13544810e+02 
 1.03221616e-05  6.74287324e+02  9.37553984e-04 -8.13391569e+02 
 1.03222166e-05  6.74287324e+02  1.23795193e-03 -8.13160713e+02 
 1.03222771e-05  6.74287324e+02  1.56781692e-03 -8.12833707e+02 
 1.03223419e-05  6.74287324e+02  1.92190769e-03 -8.12397004e+02 
 1.03224113e-05  6.74287325e+02  2.30043678e-03 -8.11831961e+02 
 1.03224847e-05  6.74287325e+02  2.70017634e-03 -8.11124964e+02 
 1.03225620e-05  6.74287326e+02  3.12142423e-03 -8.10257141e+02 
 1.03226430e-05  6.74287326e+02  3.56191277e-03 -8.09214674e+02 
 1.03227276e-05  6.74287327e+02  4.02177837e-03 -8.07978769e+02 
 1.03228156e-05  6.74287328e+02  4.49931886e-03 -8.06535398e+02 
 1.03229070e-05  6.74287329e+02  4.99452221e-03 -8.04865991e+02 
 1.03230015e-05  6.74287330e+02  5.50607319e-03 -8.02956250e+02 
 1.03230993e-05  6.74287331e+02  6.03385261e-03 -8.00787857e+02 
 1.03232002e-05  6.74287332e+02  6.57681723e-03 -7.98346200e+02 
 1.03233041e-05  6.74287334e+02  7.13477083e-03 -7.95613196e+02 
 1.03234109e-05  6.74287335e+02  7.70686107e-03 -7.92573899e+02 
 1.03235207e-05  6.74287337e+02  8.29283563e-03 -7.89210420e+02 
 1.03236334e-05  6.74287339e+02  8.89197598e-03 -7.85507470e+02 
 1.03237490e-05  6.74287342e+02  9.50398854e-03 -7.81447291e+02 
 1.03238674e-05  6.74287344e+02  1.01282483e-02 -7.77014232e+02 
 1.03239887e-05  6.74287347e+02  1.07644306e-02 -7.72190587e+02 
 1.03241128e-05  6.74287350e+02  1.14119752e-02 -7.66960317e+02 
 1.03242397e-05  6.74287353e+02  1.20705335e-02 -7.61305662e+02 
 1.03243695e-05  6.74287356e+02  1.27395885e-02 -7.55210142e+02 
 1.03245022e-05  6.74287360e+02  1.34187725e-02 -7.48655820e+02 
 1.03246377e-05  6.74287364e+02  1.41075966e-02 -7.41625689e+02 
 1.03247762e-05  6.74287368e+02  1.48056764e-02 -7.34101474e+02 
 1.03249176e-05  6.74287373e+02  1.55125402e-02 -7.26065508e+02 
 1.03250620e-05  6.74287378e+02  1.62277883e-02 -7.17498970e+02 
 1.03252095e-05  6.74287383e+02  1.69509581e-02 -7.08383336e+02 
 1.03253602e-05  6.74287388e+02  1.76816359e-02 -6.98698959e+02 
 1.03255140e-05  6.74287394e+02  1.84193622e-02 -6.88426163e+02 
 1.03256712e-05  6.74287401e+02  1.91637108e-02 -6.77544085e+02 
 1.03258317e-05  6.74287407e+02  1.99142214e-02 -6.66031466e+02 
 1.03259958e-05  6.74287414e+02  2.06704567e-02 -6.53865669e+02 
 1.03261636e-05  6.74287422e+02  2.14319547e-02 -6.41023201e+02 
 1.03263352e-05  6.74287430e+02  2.21982699e-02 -6.27478830e+02 
 1.03265108e-05  6.74287438e+02  2.29689401e-02 -6.13205837e+02 
 1.03266906e-05  6.74287447e+02  2.37435171e-02 -5.98175137e+02 
 1.03268749e-05  6.74287457e+02  2.45215452e-02 -5.82355217e+02 
 1.03270640e-05  6.74287467e+02  2.53025842e-02 -5.65711132e+02 
 1.03272581e-05  6.74287477e+02  2.60861988e-02 -5.48204004e+02 
 1.03274577e-05  6.74287488e+02  2.68719792e-02 -5.29789649e+02 
 1.03276632e-05  6.74287500e+02  2.76595409e-02 -5.10417354e+02 
 1.03278753e-05  6.74287513e+02  2.84485493e-02 -4.90027636e+02 
 1.03280945e-05  6.74287527e+02  2.92387363e-02 -4.68549572e+02 
 1.03283217e-05  6.74287541e+02  3.00299427e-02 -4.45896488e+02 
 1.03285579e-05  6.74287556e+02  3.08221704e-02 -4.21959865e+02 
 1.03288047e-05  6.74287573e+02  3.16156820e-02 -3.96599441e+02 
 1.03290637e-05  6.74287590e+02  3.24111616e-02 -3.69627180e+02 
 1.03293377e-05  6.74287609e+02  3.32100217e-02 -3.40778670e+02 
 1.03296103e-05  6.74287629e+02  3.39611809e-02 -3.11809635e+02 
 1.03298832e-05  6.74287649e+02  3.46688761e-02 -2.82621366e+02 
 1.03301519e-05  6.74287669e+02  3.53225258e-02 -2.53746174e+02 
 1.03304195e-05  6.74287689e+02  3.59304850e-02 -2.24928803e+02 
 1.03306839e-05  6.74287709e+02  3.64893665e-02 -1.96433492e+02 
 1.03309475e-05  6.74287730e+02  3.70048254e-02 -1.68075185e+02 
 1.03312089e-05  6.74287751e+02  3.74750519e-02 -1.40048936e+02 
 1.03314696e-05  6.74287772e+02  3.79035821e-02 -1.12241818e+02 
 1.03317287e-05  6.74287793e+02  3.82896059e-02 -8.48015096e+01 
 1.03319870e-05  6.74287814e+02  3.86354415e-02 -5.76638447e+01 
 1.03322440e-05  6.74287835e+02  3.89411705e-02 -3.09223456e+01 
 1.03325005e-05  6.74287856e+02  3.92083068e-02 -4.55195318e+00 
 1.03327560e-05  6.74287878e+02  3.94373436e-02  2.13837435e+01 
 1.03330109e-05  6.74287899e+02  3.96294769e-02  4.68969856e+01 
 1.03332651e-05  6.74287920e+02  3.97853733e-02  7.19410565e+01 
 1.03335189e-05  6.74287942e+02  3.99060402e-02  9.65209245e+01 
 1.03337722e-05  6.74287963e+02  3.99922294e-02  1.20601843e+02 
 1.03340252e-05  6.74287985e+02  4.00448319e-02  1.44184618e+02 
 1.03342778e-05  6.74288007e+02  4.00646372e-02  1.67243503e+02 
 1.03345303e-05  6.74288028e+02  4.00524638e-02  1.89777239e+02 
 1.03347825e-05  6.74288050e+02  4.00091103e-02  2.11766979e+02 
 1.03350347e-05  6.74288071e+02  3.99353484e-02  2.33210812e+02 
 1.03352868e-05  6.74288092e+02  3.98319699e-02  2.54095277e+02 
 1.03355372e-05  6.74288114e+02  3.97007172e-02  2.74281086e+02 
 1.03357856e-05  6.74288134e+02  3.95431463e-02  2.93746755e+02 
 1.03360323e-05  6.74288155e+02  3.93604751e-02  3.12517379e+02 
 1.03362774e-05  6.74288176e+02  3.91539283e-02  3.30606021e+02 
 1.03365212e-05  6.74288196e+02  3.89243735e-02  3.48047236e+02 
 1.03367638e-05  6.74288216e+02  3.86728167e-02  3.64853843e+02 
 1.03370056e-05  6.74288236e+02  3.83999867e-02  3.81051374e+02 
 1.03372466e-05  6.74288255e+02  3.81067583e-02  3.96650529e+02 
 1.03374871e-05  6.74288275e+02  3.77937764e-02  4.11671042e+02 
 1.03377270e-05  6.74288294e+02  3.74618066e-02  4.26123204e+02 
 1.03379666e-05  6.74288313e+02  3.71114256e-02  4.40023507e+02 
 1.03382059e-05  6.74288332e+02  3.67433054e-02  4.53382279e+02 
 1.03384451e-05  6.74288350e+02  3.63579663e-02  4.66213958e+02 
 1.03386843e-05  6.74288369e+02  3.59560020e-02  4.78528915e+02 
 1.03389235e-05  6.74288387e+02  3.55378853e-02  4.90340218e+02 
 1.03391629e-05  6.74288405e+02  3.51041436e-02  5.01658257e+02 
 1.03394025e-05  6.74288423e+02  3.46552080e-02  5.12495191e+02 
 1.03396424e-05  6.74288440e+02  3.41915486e-02  5.22861423e+02 
 1.03398827e-05  6.74288458e+02  3.37135583e-02  5.32768517e+02 
 1.03401235e-05  6.74288475e+02  3.32216563e-02  5.42226897e+02 
 1.03403649e-05  6.74288492e+02  3.27161995e-02  5.51247744e+02 
 1.03406070e-05  6.74288508e+02  3.21975606e-02  5.59841506e+02 
 1.03408497e-05  6.74288525e+02  3.16660616e-02  5.68019126e+02 
 1.03410932e-05  6.74288541e+02  3.11220321e-02  5.75791077e+02 
 1.03413377e-05  6.74288557e+02  3.05657592e-02  5.83168162e+02 
 1.03415830e-05  6.74288573e+02  2.99975312e-02  5.90160884e+02 
 1.03418294e-05  6.74288589e+02  2.94176002e-02  5.96779962e+02 
 1.03420769e-05  6.74288604e+02  2.88262139e-02  6.03035933e+02 
 1.03423256e-05  6.74288619e+02  2.82235882e-02  6.08939472e+02 
 1.03425756e-05  6.74288634e+02  2.76099304e-02  6.14501144e+02 
 1.03428269e-05  6.74288649e+02  2.69854183e-02  6.19731605e+02 
 1.03430796e-05  6.74288663e+02  2.63502177e-02  6.24641444e+02 
 1.03433338e-05  6.74288677e+02  2.57044663e-02  6.29241307e+02 
 1.03435897e-05  6.74288691e+02  2.50482861e-02  6.33541800e+02 
 1.03438473e-05  6.74288704e+02  2.43817716e-02  6.37553562e+02 
 1.03441067e-05  6.74288718e+02  2.37049983e-02  6.41287207e+02 
 1.03443680e-05  6.74288731e+02  2.30180134e-02  6.44753363e+02 
 1.03446313e-05  6.74288743e+02  2.23208419e-02  6.47962637e+02 
 1.03448968e-05  6.74288756e+02  2.16134791e-02  6.50925638e+02 
 1.03451644e-05  6.74288768e+02  2.08958940e-02  6.53652952e+02 
 1.03454345e-05  6.74288780e+02  2.01680239e-02  6.56155154e+02 
 1.03457071e-05  6.74288791e+02  1.94297760e-02  6.58442792e+02 
 1.03459823e-05  6.74288802e+02  1.86810226e-02  6.60526386e+02 
 1.03462603e-05  6.74288813e+02  1.79216017e-02  6.62416421e+02 
 1.03465412e-05  6.74288823e+02  1.71513127e-02  6.64123343e+02 
 1.03468253e-05  6.74288834e+02  1.63699170e-02  6.65657542e+02 
 1.03471127e-05  6.74288843e+02  1.55771342e-02  6.67029354e+02 
 1.03474035e-05  6.74288853e+02  1.47726432e-02  6.68249041e+02 
 1.03476980e-05  6.74288862e+02  1.39560808e-02  6.69326782e+02 
 1.03479965e-05  6.74288870e+02  1.31270451e-02  6.70272657e+02 
 1.03482952e-05  6.74288878e+02  1.22956513e-02  6.71087090e+02 
 1.03485930e-05  6.74288886e+02  1.14655100e-02  6.71781109e+02 
 1.03488885e-05  6.74288893e+02  1.06407944e-02  6.72366188e+02 
 1.03491806e-05  6.74288899e+02  9.82496824e-03  6.72854714e+02 
 1.03494674e-05  6.74288905e+02  9.02299914e-03  6.73258135e+02 
 1.03497466e-05  6.74288910e+02  8.24159345e-03  6.73587114e+02 
 1.03500150e-05  6.74288915e+02  7.49014428e-03  6.73851360e+02 
 1.03502678e-05  6.74288919e+02  6.78202680e-03  6.74059505e+02 
 1.03504624e-05  6.74288921e+02  6.23670808e-03  6.74195946e+02 
 1.03505001e-05  6.74288922e+02  6.13080094e-03  6.74220239e+02 
 1.03505654e-05  6.74288923e+02  5.94797303e-03  6.74260576e+02 
 1.03506281e-05  6.74288923e+02  5.77205699e-03  6.74297533e+02 
 1.03506963e-05  6.74288924e+02  5.58082001e-03  6.74335716e+02 
 1.03507478e-05  6.74288925e+02  5.43648352e-03  6.74363205e+02 
 1.03508174e-05  6.74288926e+02  5.24150305e-03  6.74398585e+02 
 1.03508888e-05  6.74288926e+02  5.04112744e-03  6.74432918e+02 
 1.03509595e-05  6.74288927e+02  4.84300817e-03  6.74464921e+02 
 1.03510347e-05  6.74288928e+02  4.63196726e-03  6.74496969e+02 
 1.03511106e-05  6.74288929e+02  4.41912157e-03  6.74527243e+02 
 1.03511928e-05  6.74288929e+02  4.18858786e-03  6.74557807e+02 
 1.03512772e-05  6.74288930e+02  3.95199253e-03  6.74586873e+02 
 1.03513773e-05  6.74288931e+02  3.67120711e-03  6.74618482e+02 
 1.03515318e-05  6.74288932e+02  3.23789137e-03  6.74661465e+02 
 1.03515689e-05  6.74288932e+02  3.13377260e-03  6.74670791e+02 
 1.03516431e-05  6.74288933e+02  2.92552944e-03  6.74688324e+02 
 1.03516960e-05  6.74288933e+02  2.77715218e-03  6.74699928e+02 
 1.03517471e-05  6.74288933e+02  2.63370594e-03  6.74710457e+02 
 1.03517954e-05  6.74288934e+02  2.49818898e-03  6.74719791e+02 
 1.03518422e-05  6.74288934e+02  2.36680647e-03  6.74728279e+02 
 1.03518877e-05  6.74288934e+02  2.23913975e-03  6.74736003e+02 
 1.03519323e-05  6.74288934e+02  2.11415849e-03  6.74743065e+02 
 1.03519763e-05  6.74288934e+02  1.99063159e-03  6.74749564e+02 
 1.03520235e-05  6.74288935e+02  1.85809999e-03  6.74756003e+02 
 1.03520676e-05  6.74288935e+02  1.73441921e-03  6.74761517e+02 
 1.03521144e-05  6.74288935e+02  1.60308834e-03  6.74766848e+02 
 1.03521604e-05  6.74288935e+02  1.47398782e-03  6.74771564e+02 
 1.03522111e-05  6.74288935e+02  1.33197291e-03  6.74776153e+02 
 1.03522667e-05  6.74288935e+02  1.17577690e-03  6.74780483e+02 
 1.03523446e-05  6.74288936e+02  9.57283232e-04  6.74785299e+02 
 1.03523883e-05  6.74288936e+02  8.34721360e-04  6.74787379e+02 
 1.03524205e-05  6.74288936e+02  7.44260123e-04  6.74788635e+02 
 1.03524506e-05  6.74288936e+02  6.59885692e-04  6.74789596e+02 
 1.03524833e-05  6.74288936e+02  5.68026585e-04  6.74790418e+02 
 1.03525187e-05  6.74288936e+02  4.68851936e-04  6.74791048e+02 
 1.03525583e-05  6.74288936e+02  3.57620760e-04  6.74791445e+02 
 1.03525949e-05  6.74288936e+02  2.54840733e-04  6.74791529e+02 
 1.03526340e-05  6.74288936e+02  1.45078376e-04  6.74791328e+02 
 1.03526708e-05  6.74288936e+02  4.19794170e-05  6.74790872e+02 
 1.03527100e-05  6.74288936e+02 -6.81394668e-05  6.74790106e+02 
 1.03527483e-05  6.74288936e+02 -1.75607196e-04  6.74789087e+02 
 1.03527897e-05  6.74288936e+02 -2.91653747e-04  6.74787693e+02 
 1.03528316e-05  6.74288936e+02 -4.09293708e-04  6.74785972e+02 
 1.03528779e-05  6.74288936e+02 -5.39178974e-04  6.74783717e+02 
 1.03529274e-05  6.74288936e+02 -6.78037728e-04  6.74780896e+02 
 1.03529860e-05  6.74288936e+02 -8.42411474e-04  6.74777008e+02 
 1.03530612e-05  6.74288936e+02 -1.05344721e-03  6.74771132e+02 
 1.03530999e-05  6.74288935e+02 -1.16203137e-03  6.74767715e+02 
 1.03531480e-05  6.74288935e+02 -1.29707405e-03  6.74763083e+02 
 1.03531941e-05  6.74288935e+02 -1.42638707e-03  6.74758240e+02 
 1.03532411e-05  6.74288935e+02 -1.55836163e-03  6.74752875e+02 
 1.03532886e-05  6.74288935e+02 -1.69153115e-03  6.74747019e+02 
 1.03533403e-05  6.74288935e+02 -1.83655785e-03  6.74740117e+02 
 1.03533886e-05  6.74288934e+02 -1.97206693e-03  6.74733161e+02 
 1.03534401e-05  6.74288934e+02 -2.11659003e-03  6.74725185e+02 
 1.03534901e-05  6.74288934e+02 -2.25680113e-03  6.74716879e+02 
 1.03535435e-05  6.74288934e+02 -2.40688226e-03  6.74707351e+02 
 1.03535977e-05  6.74288933e+02 -2.55867200e-03  6.74697023e+02 
 1.03536562e-05  6.74288933e+02 -2.72298369e-03  6.74685036e+02 
 1.03537178e-05  6.74288933e+02 -2.89566284e-03  6.74671505e+02 
 1.03537857e-05  6.74288932e+02 -3.08634957e-03  6.74655415e+02 
 1.03538605e-05  6.74288932e+02 -3.29594763e-03  6.74636288e+02 
 1.03539463e-05  6.74288931e+02 -3.53666854e-03  6.74612385e+02 
 1.03540479e-05  6.74288930e+02 -3.82172337e-03  6.74581282e+02 
 1.03541801e-05  6.74288929e+02 -4.19253297e-03  6.74536021e+02 
 1.03542492e-05  6.74288929e+02 -4.38622752e-03  6.74510099e+02 
 1.03543493e-05  6.74288928e+02 -4.66690564e-03  6.74469607e+02 
 1.03544425e-05  6.74288927e+02 -4.92831994e-03  6.74428626e+02 
 1.03544898e-05  6.74288926e+02 -5.06095272e-03  6.74406573e+02 
 1.03545501e-05  6.74288926e+02 -5.22997950e-03  6.74377195e+02 
 1.03546097e-05  6.74288925e+02 -5.39723867e-03  6.74346676e+02 
 1.03546577e-05  6.74288924e+02 -5.53170405e-03  6.74321063e+02 
 1.03547059e-05  6.74288924e+02 -5.66690275e-03  6.74294313e+02 
 1.03547538e-05  6.74288923e+02 -5.80101216e-03  6.74266767e+02 
 1.03548123e-05  6.74288922e+02 -5.96507977e-03  6.74231656e+02 
 1.03548820e-05  6.74288922e+02 -6.16037102e-03  6.74187774e+02 
 1.03549489e-05  6.74288921e+02 -6.34788010e-03  6.74143427e+02 
 1.03550253e-05  6.74288920e+02 -6.56212057e-03  6.74090002e+02 
 1.03550994e-05  6.74288919e+02 -6.76978062e-03  6.74035299e+02 
 1.03551824e-05  6.74288917e+02 -7.00216094e-03  6.73970537e+02 
 1.03552631e-05  6.74288916e+02 -7.22823403e-03  6.73903783e+02 
 1.03553519e-05  6.74288915e+02 -7.47687033e-03  6.73825905e+02 
 1.03554385e-05  6.74288913e+02 -7.71944349e-03  6.73745219e+02 
 1.03555326e-05  6.74288912e+02 -7.98290337e-03  6.73652073e+02 
 1.03556247e-05  6.74288910e+02 -8.24088945e-03  6.73555039e+02 
 1.03557239e-05  6.74288908e+02 -8.51835163e-03  6.73443936e+02 
 1.03558213e-05  6.74288907e+02 -8.79108113e-03  6.73327587e+02 
 1.03559253e-05  6.74288905e+02 -9.08204219e-03  6.73195269e+02 
 1.03561334e-05  6.74288900e+02 -9.66371756e-03  6.72903665e+02 
 1.03563667e-05  6.74288896e+02 -1.03156508e-02  6.72530155e+02 
 1.03566011e-05  6.74288890e+02 -1.09701860e-02  6.72100213e+02 
 1.03568989e-05  6.74288883e+02 -1.18007767e-02  6.71466054e+02 
 1.03572171e-05  6.74288875e+02 -1.26872225e-02  6.70666175e+02 
 1.03575467e-05  6.74288866e+02 -1.36035119e-02  6.69687787e+02 
 1.03578738e-05  6.74288856e+02 -1.45110014e-02  6.68546712e+02 
 1.03581940e-05  6.74288846e+02 -1.53970672e-02  6.67246248e+02 
 1.03585083e-05  6.74288835e+02 -1.62646274e-02  6.65773039e+02 
 1.03588159e-05  6.74288824e+02 -1.71108665e-02  6.64123741e+02 
 1.03591188e-05  6.74288813e+02 -1.79410876e-02  6.62279828e+02 
 1.03594164e-05  6.74288801e+02 -1.87536540e-02  6.60236100e+02 
 1.03597100e-05  6.74288789e+02 -1.95519573e-02  6.57975039e+02 
 1.03599994e-05  6.74288777e+02 -2.03346857e-02  6.55490981e+02 
 1.03602852e-05  6.74288764e+02 -2.11039652e-02  6.52767821e+02 
 1.03605674e-05  6.74288751e+02 -2.18588662e-02  6.49799259e+02 
 1.03608466e-05  6.74288738e+02 -2.26007836e-02  6.46570251e+02 
 1.03611225e-05  6.74288725e+02 -2.33290836e-02  6.43073794e+02 
 1.03613958e-05  6.74288711e+02 -2.40446810e-02  6.39295715e+02 
 1.03616663e-05  6.74288697e+02 -2.47471252e-02  6.35228410e+02 
 1.03619343e-05  6.74288683e+02 -2.54369936e-02  6.30858483e+02 
 1.03621999e-05  6.74288668e+02 -2.61139396e-02  6.26177861e+02 
 1.03624634e-05  6.74288653e+02 -2.67782984e-02  6.21173840e+02 
 1.03627248e-05  6.74288638e+02 -2.74297771e-02  6.15838002e+02 
 1.03629842e-05  6.74288623e+02 -2.80685342e-02  6.10158251e+02 
 1.03632417e-05  6.74288607e+02 -2.86942991e-02  6.04125927e+02 
 1.03634976e-05  6.74288591e+02 -2.93070978e-02  5.97729477e+02 
 1.03637518e-05  6.74288575e+02 -2.99066615e-02  5.90960083e+02 
 1.03640045e-05  6.74288559e+02 -3.04929141e-02  5.83806675e+02 
 1.03642558e-05  6.74288543e+02 -3.10655756e-02  5.76260353e+02 
 1.03645058e-05  6.74288526e+02 -3.16244885e-02  5.68310473e+02 
 1.03647545e-05  6.74288509e+02 -3.21693524e-02  5.59948112e+02 
 1.03650021e-05  6.74288492e+02 -3.26999426e-02  5.51163005e+02 
 1.03652486e-05  6.74288475e+02 -3.32159323e-02  5.41946247e+02 
 1.03654942e-05  6.74288457e+02 -3.37170385e-02  5.32287910e+02 
 1.03657389e-05  6.74288440e+02 -3.42029036e-02  5.22179131e+02 
 1.03659828e-05  6.74288422e+02 -3.46731920e-02  5.11610268e+02 
 1.03662260e-05  6.74288404e+02 -3.51275112e-02  5.00572509e+02 
 1.03664686e-05  6.74288386e+02 -3.55654758e-02  4.89056446e+02 
 1.03667106e-05  6.74288367e+02 -3.59866549e-02  4.77053301e+02 
 1.03669522e-05  6.74288348e+02 -3.63906134e-02  4.64553828e+02 
 1.03671934e-05  6.74288330e+02 -3.67768775e-02  4.51549245e+02 
 1.03674344e-05  6.74288311e+02 -3.71449608e-02  4.38030379e+02 
 1.03676752e-05  6.74288292e+02 -3.74943410e-02  4.23988362e+02 
 1.03679159e-05  6.74288272e+02 -3.78244762e-02  4.09413966e+02 
 1.03681567e-05  6.74288253e+02 -3.81347884e-02  3.94298115e+02 
 1.03683975e-05  6.74288233e+02 -3.84246728e-02  3.78631346e+02 
 1.03686386e-05  6.74288214e+02 -3.86934859e-02  3.62404174e+02 
 1.03688801e-05  6.74288194e+02 -3.89405491e-02  3.45606647e+02 
 1.03691221e-05  6.74288173e+02 -3.91651395e-02  3.28228569e+02 
 1.03693647e-05  6.74288153e+02 -3.93664889e-02  3.10259113e+02 
 1.03696080e-05  6.74288133e+02 -3.95437746e-02  2.91686917e+02 
 1.03698523e-05  6.74288112e+02 -3.96961151e-02  2.72499699e+02 
 1.03700977e-05  6.74288091e+02 -3.98225591e-02  2.52684222e+02 
 1.03703444e-05  6.74288071e+02 -3.99220758e-02  2.32225850e+02 
 1.03705926e-05  6.74288049e+02 -3.99935404e-02  2.11108342e+02 
 1.03708425e-05  6.74288028e+02 -4.00357178e-02  1.89313268e+02 
 1.03710945e-05  6.74288007e+02 -4.00472397e-02  1.66819526e+02 
 1.03713489e-05  6.74287985e+02 -4.00265764e-02  1.43602461e+02 
 1.03716059e-05  6.74287963e+02 -3.99720136e-02  1.19637649e+02 
 1.03718617e-05  6.74287941e+02 -3.98834135e-02  9.53098890e+01 
 1.03721189e-05  6.74287920e+02 -3.97590969e-02  7.03803240e+01 
 1.03723751e-05  6.74287898e+02 -3.95996196e-02  4.51287094e+01 
 1.03726325e-05  6.74287876e+02 -3.94028981e-02  1.93526765e+01 
 1.03728893e-05  6.74287855e+02 -3.91696076e-02 -6.73833705e+00 
 1.03731473e-05  6.74287833e+02 -3.88975701e-02 -3.32840297e+01 
 1.03734052e-05  6.74287812e+02 -3.85874247e-02 -6.01209373e+01 
 1.03736642e-05  6.74287791e+02 -3.82370716e-02 -8.73390041e+01 
 1.03739234e-05  6.74287770e+02 -3.78470207e-02 -1.14808323e+02 
 1.03741838e-05  6.74287749e+02 -3.74153100e-02 -1.42581927e+02 
 1.03744447e-05  6.74287729e+02 -3.69423561e-02 -1.70548959e+02 
 1.03747069e-05  6.74287708e+02 -3.64260184e-02 -1.98752872e+02 
 1.03749699e-05  6.74287688e+02 -3.58669490e-02 -2.27075768e+02 
 1.03752344e-05  6.74287668e+02 -3.52629781e-02 -2.55546496e+02 
 1.03755000e-05  6.74287648e+02 -3.46145082e-02 -2.84063642e+02 
 1.03757673e-05  6.74287629e+02 -3.39195516e-02 -3.12632171e+02 
 1.03760360e-05  6.74287610e+02 -3.31782389e-02 -3.41162330e+02 
 1.03763067e-05  6.74287591e+02 -3.23887405e-02 -3.69639098e+02 
 1.03765792e-05  6.74287572e+02 -3.15509185e-02 -3.97979477e+02 
 1.03768539e-05  6.74287554e+02 -3.06630354e-02 -4.26152146e+02 
 1.03771309e-05  6.74287536e+02 -2.97246809e-02 -4.54076791e+02 
 1.03773849e-05  6.74287520e+02 -2.88271732e-02 -4.79188600e+02 
 1.03776321e-05  6.74287505e+02 -2.79195198e-02 -5.03141507e+02 
 1.03778608e-05  6.74287492e+02 -2.70509252e-02 -5.24814595e+02 
 1.03780840e-05  6.74287479e+02 -2.61773358e-02 -5.45469454e+02 
 1.03782943e-05  6.74287468e+02 -2.53305282e-02 -5.64467900e+02 
 1.03785003e-05  6.74287457e+02 -2.44803977e-02 -5.82587315e+02 
 1.03786969e-05  6.74287447e+02 -2.36496150e-02 -5.99420477e+02 
 1.03788895e-05  6.74287437e+02 -2.28181065e-02 -6.15445674e+02 
 1.03790749e-05  6.74287429e+02 -2.20020171e-02 -6.30409152e+02 
 1.03792564e-05  6.74287420e+02 -2.11877957e-02 -6.44614619e+02 
 1.03794321e-05  6.74287412e+02 -2.03867938e-02 -6.57910652e+02 
 1.03796041e-05  6.74287405e+02 -1.95898225e-02 -6.70494891e+02 
 1.03797712e-05  6.74287398e+02 -1.88048366e-02 -6.82281226e+02 
 1.03799347e-05  6.74287392e+02 -1.80256393e-02 -6.93400974e+02 
 1.03800939e-05  6.74287386e+02 -1.72578194e-02 -7.03808861e+02 
 1.03802498e-05  6.74287380e+02 -1.64972457e-02 -7.13594347e+02 
 1.03804017e-05  6.74287375e+02 -1.57478671e-02 -7.22737454e+02 
 1.03805505e-05  6.74287370e+02 -1.50069781e-02 -7.31301169e+02 
 1.03806956e-05  6.74287366e+02 -1.42773952e-02 -7.39281043e+02 
 1.03808376e-05  6.74287362e+02 -1.35573962e-02 -7.46723306e+02 
 1.03809762e-05  6.74287358e+02 -1.28490200e-02 -7.53632919e+02 
 1.03811118e-05  6.74287354e+02 -1.21512238e-02 -7.60045495e+02 
 1.03812442e-05  6.74287351e+02 -1.14655170e-02 -7.65971604e+02 
 1.03813735e-05  6.74287348e+02 -1.07913284e-02 -7.71440129e+02 
 1.03814997e-05  6.74287345e+02 -1.01298132e-02 -7.76464908e+02 
 1.03816229e-05  6.74287342e+02 -9.48073124e-03 -7.81070558e+02 
 1.03817430e-05  6.74287340e+02 -8.84500734e-03 -7.85272759e+02 
 1.03818601e-05  6.74287338e+02 -8.22264036e-03 -7.89093425e+02 
 1.03819740e-05  6.74287336e+02 -7.61441470e-03 -7.92549233e+02 
 1.03820850e-05  6.74287334e+02 -7.02051042e-03 -7.95660385e+02 
 1.03821928e-05  6.74287333e+02 -6.44164027e-03 -7.98444062e+02 
 1.03822974e-05  6.74287331e+02 -5.87813428e-03 -8.00919389e+02 
 1.03823988e-05  6.74287330e+02 -5.33069051e-03 -8.03103783e+02 
 1.03824969e-05  6.74287329e+02 -4.79978027e-03 -8.05015697e+02 
 1.03825917e-05  6.74287328e+02 -4.28614158e-03 -8.06672654e+02 
 1.03826831e-05  6.74287327e+02 -3.79040145e-03 -8.08092708e+02 
 1.03827708e-05  6.74287327e+02 -3.31340137e-03 -8.09293435e+02 
 1.03828549e-05  6.74287326e+02 -2.85596914e-03 -8.10292688e+02 
 1.03829351e-05  6.74287326e+02 -2.41914081e-03 -8.11108106e+02 
 1.03830112e-05  6.74287325e+02 -2.00404301e-03 -8.11757496e+02 
 1.03830831e-05  6.74287325e+02 -1.61206619e-03 -8.12258627e+02 
 1.03831504e-05  6.74287325e+02 -1.24485144e-03 -8.12629426e+02 
 1.03832128e-05  6.74287325e+02 -9.04490601e-04 -8.12887932e+02 
 1.03832636e-05  6.74287325e+02 -6.27103428e-04 -8.13038036e+02 
 1.03833050e-05  6.74287325e+02 -4.00867964e-04 -8.13120198e+02 
 1.03833387e-05  6.74287324e+02 -2.17024127e-04 -8.13160329e+02 
 1.03833660e-05  6.74287324e+02 -6.77612991e-05 -8.13175345e+02 
 1.03833933e-05  6.74287324e+02  8.10041164e-05 -8.13174648e+02 
 1.03834215e-05  6.74287324e+02  2.35189982e-04 -8.13157425e+02 
 1.03834569e-05  6.74287325e+02  4.28179459e-04 -8.13112196e+02 
 1.03834992e-05  6.74287325e+02  6.59620392e-04 -8.13023248e+02 
 1.03835484e-05  6.74287325e+02  9.28028585e-04 -8.12872680e+02 
 1.03836034e-05  6.74287325e+02  1.22804263e-03 -8.12644098e+02 
 1.03836636e-05  6.74287325e+02  1.55638741e-03 -8.12320961e+02 
 1.03837284e-05  6.74287325e+02  1.91003794e-03 -8.11887562e+02 
 1.03837976e-05  6.74287326e+02  2.28731239e-03 -8.11327532e+02 
 1.03838709e-05  6.74287326e+02  2.68654364e-03 -8.10624971e+02 
 1.03839481e-05  6.74287326e+02  3.10670694e-03 -8.09763305e+02 
 1.03840289e-05  6.74287327e+02  3.54663601e-03 -8.08726486e+02 
 1.03841134e-05  6.74287328e+02  4.00553621e-03 -8.07497894e+02 
 1.03842013e-05  6.74287328e+02  4.48248401e-03 -8.06061439e+02 
 1.03842926e-05  6.74287329e+02  4.97680884e-03 -8.04400521e+02 
 1.03843871e-05  6.74287330e+02  5.48774694e-03 -8.02499011e+02 
 1.03844848e-05  6.74287332e+02  6.01471267e-03 -8.00340315e+02 
 1.03845856e-05  6.74287333e+02  6.55705365e-03 -7.97908241e+02 
 1.03846894e-05  6.74287334e+02  7.11424307e-03 -7.95186181e+02 
 1.03847962e-05  6.74287336e+02  7.68570579e-03 -7.92157855e+02 
 1.03849059e-05  6.74287338e+02  8.27095516e-03 -7.88806613e+02 
 1.03850185e-05  6.74287340e+02  8.86946928e-03 -7.85116056e+02 
 1.03851340e-05  6.74287342e+02  9.48078843e-03 -7.81069453e+02 
 1.03852523e-05  6.74287345e+02  1.01044271e-02 -7.76650248e+02 
 1.03853735e-05  6.74287347e+02  1.07399430e-02 -7.71841574e+02 
 1.03854976e-05  6.74287350e+02  1.13868746e-02 -7.66626659e+02 
 1.03856244e-05  6.74287354e+02  1.20447903e-02 -7.60988426e+02 
 1.03857542e-05  6.74287357e+02  1.27132431e-02 -7.54909810e+02 
 1.03858867e-05  6.74287361e+02  1.33918063e-02 -7.48373425e+02 
 1.03860222e-05  6.74287365e+02  1.40800410e-02 -7.41361803e+02 
 1.03861606e-05  6.74287369e+02  1.47775209e-02 -7.33857112e+02 
 1.03863019e-05  6.74287373e+02  1.54838097e-02 -7.25841329e+02 
 1.03864463e-05  6.74287378e+02  1.61984785e-02 -7.17295988e+02 
 1.03865937e-05  6.74287383e+02  1.69210894e-02 -7.08202294e+02 
 1.03867442e-05  6.74287389e+02  1.76512085e-02 -6.98540889e+02 
 1.03868980e-05  6.74287395e+02  1.83883937e-02 -6.88291898e+02 
 1.03870550e-05  6.74287401e+02  1.91322042e-02 -6.77434696e+02 
 1.03872155e-05  6.74287408e+02  1.98821927e-02 -6.65947884e+02 
 1.03873795e-05  6.74287415e+02  2.06379115e-02 -6.53809033e+02 
 1.03875471e-05  6.74287422e+02  2.13989075e-02 -6.40994563e+02 
 1.03877186e-05  6.74287430e+02  2.21647279e-02 -6.27479430e+02 
 1.03878941e-05  6.74287439e+02  2.29349170e-02 -6.13236883e+02 
 1.03880738e-05  6.74287448e+02  2.37090213e-02 -5.98238022e+02 
 1.03882580e-05  6.74287457e+02  2.44865891e-02 -5.82451364e+02 
 1.03884469e-05  6.74287467e+02  2.52671767e-02 -5.65842169e+02 
 1.03886409e-05  6.74287478e+02  2.60503512e-02 -5.48371665e+02 
 1.03888404e-05  6.74287489e+02  2.68356993e-02 -5.29995935e+02 
 1.03890457e-05  6.74287501e+02  2.76228374e-02 -5.10664487e+02 
 1.03892575e-05  6.74287513e+02  2.84114272e-02 -4.90318233e+02 
 1.03894765e-05  6.74287527e+02  2.92011991e-02 -4.68886679e+02 
 1.03897035e-05  6.74287541e+02  2.99919879e-02 -4.46283821e+02 
 1.03899395e-05  6.74287556e+02  3.07837895e-02 -4.22402010e+02 
 1.03901858e-05  6.74287573e+02  3.15768545e-02 -3.97102320e+02 
 1.03904445e-05  6.74287590e+02  3.23718488e-02 -3.70198701e+02 
 1.03907180e-05  6.74287609e+02  3.31701514e-02 -3.41430045e+02 
 1.03909910e-05  6.74287629e+02  3.39234670e-02 -3.12439542e+02 
 1.03912637e-05  6.74287649e+02  3.46315903e-02 -2.83296448e+02 
 1.03915328e-05  6.74287669e+02  3.52872189e-02 -2.54397454e+02 
 1.03918002e-05  6.74287689e+02  3.58958802e-02 -2.25611519e+02 
 1.03920650e-05  6.74287709e+02  3.64563821e-02 -1.97099926e+02 
 1.03923285e-05  6.74287730e+02  3.69726801e-02 -1.68763939e+02 
 1.03925902e-05  6.74287751e+02  3.74442981e-02 -1.40726045e+02 
 1.03928508e-05  6.74287772e+02  3.78737539e-02 -1.12933631e+02 
 1.03931100e-05  6.74287793e+02  3.82610224e-02 -8.54840141e+01 
 1.03933683e-05  6.74287814e+02  3.86078283e-02 -5.83548664e+01 
 1.03936255e-05  6.74287835e+02  3.89146987e-02 -3.16052481e+01 
 1.03938819e-05  6.74287856e+02  3.91828173e-02 -5.23866517e+00 
 1.03941375e-05  6.74287877e+02  3.94129205e-02  2.07048588e+01 
 1.03943925e-05  6.74287899e+02  3.96060288e-02  4.62179719e+01 
 1.03946468e-05  6.74287920e+02  3.97629333e-02  7.12700718e+01 
 1.03949006e-05  6.74287942e+02  3.98845560e-02  9.58527282e+01 
 1.03951540e-05  6.74287963e+02  3.99717047e-02  1.19942175e+02 
 1.03954070e-05  6.74287985e+02  4.00252366e-02  1.43530085e+02 
 1.03956597e-05  6.74288006e+02  4.00459589e-02  1.66598169e+02 
 1.03959122e-05  6.74288028e+02  4.00346840e-02  1.89138931e+02 
 1.03961645e-05  6.74288049e+02  3.99922085e-02  2.11138602e+02 
 1.03964167e-05  6.74288071e+02  3.99193117e-02  2.32591020e+02 
 1.03966688e-05  6.74288092e+02  3.98167738e-02  2.53486163e+02 
 1.03969194e-05  6.74288113e+02  3.96862940e-02  2.73688883e+02 
 1.03971679e-05  6.74288134e+02  3.95294939e-02  2.93166921e+02 
 1.03974147e-05  6.74288155e+02  3.93475298e-02  3.11953525e+02 
 1.03976598e-05  6.74288176e+02  3.91416998e-02  3.30054353e+02 
 1.03979036e-05  6.74288196e+02  3.89128071e-02  3.47510109e+02 
 1.03981463e-05  6.74288216e+02  3.86619230e-02  3.64328733e+02 
 1.03983882e-05  6.74288236e+02  3.83897188e-02  3.80539881e+02 
 1.03986292e-05  6.74288255e+02  3.80971248e-02  3.96150993e+02 
 1.03988697e-05  6.74288275e+02  3.77847376e-02  4.11184525e+02 
 1.03991096e-05  6.74288294e+02  3.74533687e-02  4.25648597e+02 
 1.03993493e-05  6.74288313e+02  3.71035554e-02  4.39561497e+02 
 1.03995886e-05  6.74288332e+02  3.67360066e-02  4.52932117e+02 
 1.03998279e-05  6.74288350e+02  3.63512115e-02  4.65776079e+02 
 1.04000670e-05  6.74288369e+02  3.59497926e-02  4.78102805e+02 
 1.04003063e-05  6.74288387e+02  3.55321986e-02  4.89926142e+02 
 1.04005457e-05  6.74288405e+02  3.50989793e-02  5.01255856e+02 
 1.04007853e-05  6.74288423e+02  3.46505473e-02  5.12104612e+02 
 1.04010252e-05  6.74288440e+02  3.41873899e-02  5.22482406e+02 
 1.04012656e-05  6.74288458e+02  3.37098862e-02  5.32401132e+02 
 1.04015064e-05  6.74288475e+02  3.32184683e-02  5.41870943e+02 
 1.04017478e-05  6.74288492e+02  3.27134827e-02  5.50903235e+02 
 1.04019898e-05  6.74288508e+02  3.21953124e-02  5.59508279e+02 
 1.04022325e-05  6.74288525e+02  3.16642715e-02  5.67697153e+02 
 1.04024761e-05  6.74288541e+02  3.11206972e-02  5.75480217e+02 
 1.04027205e-05  6.74288557e+02  3.05648711e-02  5.82868357e+02 
 1.04029658e-05  6.74288573e+02  2.99970874e-02  5.89872000e+02 
 1.04032122e-05  6.74288588e+02  2.94175943e-02  5.96501918e+02 
 1.04034596e-05  6.74288604e+02  2.88266440e-02  6.02768596e+02 
 1.04037083e-05  6.74288619e+02  2.82244498e-02  6.08682743e+02 
 1.04039582e-05  6.74288634e+02  2.76112225e-02  6.14254887e+02 
 1.04042095e-05  6.74288648e+02  2.69871384e-02  6.19495702e+02 
 1.04044622e-05  6.74288663e+02  2.63523662e-02  6.24415752e+02 
 1.04047164e-05  6.74288677e+02  2.57070427e-02  6.29025694e+02 
 1.04049722e-05  6.74288691e+02  2.50512927e-02  6.33336114e+02 
 1.04052297e-05  6.74288704e+02  2.43852103e-02  6.37357656e+02 
 1.04054891e-05  6.74288717e+02  2.37088736e-02  6.41100917e+02 
 1.04057503e-05  6.74288730e+02  2.30223303e-02  6.44576526e+02 
 1.04060135e-05  6.74288743e+02  2.23256077e-02  6.47795079e+02 
 1.04062789e-05  6.74288755e+02  2.16187023e-02  6.50767181e+02 
 1.04065465e-05  6.74288768e+02  2.09015858e-02  6.53503407e+02 
 1.04068165e-05  6.74288779e+02  2.01741973e-02  6.56014328e+02 
 1.04070889e-05  6.74288791e+02  1.94364473e-02  6.58310479e+02 
 1.04073640e-05  6.74288802e+02  1.86882106e-02  6.60402378e+02 
 1.04076419e-05  6.74288813e+02  1.79293292e-02  6.62300497e+02 
 1.04079227e-05  6.74288823e+02  1.71596066e-02  6.64015274e+02 
 1.04082066e-05  6.74288833e+02  1.63788091e-02  6.65557091e+02 
 1.04084938e-05  6.74288843e+02  1.55866620e-02  6.66936271e+02 
 1.04087844e-05  6.74288853e+02  1.47828512e-02  6.68163066e+02 
 1.04090788e-05  6.74288862e+02  1.39670214e-02  6.69247644e+02 
 1.04093769e-05  6.74288870e+02  1.31387807e-02  6.70200073e+02 
 1.04096764e-05  6.74288878e+02  1.23054293e-02  6.71023256e+02 
 1.04099746e-05  6.74288886e+02  1.14745691e-02  6.71723954e+02 
 1.04102711e-05  6.74288893e+02  1.06471759e-02  6.72316280e+02 
 1.04105638e-05  6.74288899e+02  9.82927842e-03  6.72810634e+02 
 1.04108520e-05  6.74288905e+02  9.02357095e-03  6.73219801e+02 
 1.04111328e-05  6.74288910e+02  8.23791916e-03  6.73553699e+02 
 1.04114034e-05  6.74288915e+02  7.48024412e-03  6.73822547e+02 
 1.04116592e-05  6.74288919e+02  6.76380294e-03  6.74034833e+02 
 1.04118606e-05  6.74288921e+02  6.19919199e-03  6.74176819e+02 
 1.04119004e-05  6.74288922e+02  6.08784879e-03  6.74202410e+02 
 1.04119717e-05  6.74288923e+02  5.88807371e-03  6.74246444e+02 
 1.04120406e-05  6.74288924e+02  5.69486272e-03  6.74286807e+02 
 1.04121120e-05  6.74288924e+02  5.49473875e-03  6.74326393e+02 
 1.04121603e-05  6.74288925e+02  5.35932199e-03  6.74351940e+02 
 1.04122346e-05  6.74288926e+02  5.15095345e-03  6.74389366e+02 
 1.04123239e-05  6.74288927e+02  4.90055533e-03  6.74431435e+02 
 1.04124220e-05  6.74288928e+02  4.62536933e-03  6.74474177e+02 
 1.04124814e-05  6.74288928e+02  4.45873258e-03  6.74498359e+02 
 1.04125895e-05  6.74288929e+02  4.15556172e-03  6.74539221e+02 
 1.04126868e-05  6.74288930e+02  3.88267382e-03  6.74572703e+02 
 1.04127709e-05  6.74288931e+02  3.64694790e-03  6.74599232e+02 
 1.04129167e-05  6.74288932e+02  3.23800057e-03  6.74640289e+02 
 1.04130071e-05  6.74288933e+02  2.98431588e-03  6.74662745e+02 
 1.04130980e-05  6.74288933e+02  2.72938998e-03  6.74683101e+02 
 1.04131705e-05  6.74288933e+02  2.52582696e-03  6.74697818e+02 
 1.04132330e-05  6.74288934e+02  2.35067172e-03  6.74709419e+02 
 1.04132895e-05  6.74288934e+02  2.19197870e-03  6.74719097e+02 
 1.04133433e-05  6.74288934e+02  2.04110900e-03  6.74727574e+02 
 1.04133962e-05  6.74288935e+02  1.89278944e-03  6.74735230e+02 
 1.04134543e-05  6.74288935e+02  1.72966268e-03  6.74742880e+02 
 1.04135075e-05  6.74288935e+02  1.58041691e-03  6.74749178e+02 
 1.04135650e-05  6.74288935e+02  1.41911266e-03  6.74755239e+02 
 1.04136220e-05  6.74288935e+02  1.25927379e-03  6.74760486e+02 
 1.04136874e-05  6.74288935e+02  1.07563432e-03  6.74765591e+02 
 1.04137695e-05  6.74288936e+02  8.45259584e-04  6.74770623e+02 
 1.04138070e-05  6.74288936e+02  7.40081487e-04  6.74772419e+02 
 1.04138492e-05  6.74288936e+02  6.21668876e-04  6.74774073e+02 
 1.04138890e-05  6.74288936e+02  5.09885512e-04  6.74775281e+02 
 1.04139305e-05  6.74288936e+02  3.93619566e-04  6.74776180e+02 
 1.04139727e-05  6.74288936e+02  2.75232767e-04  6.74776729e+02 
 1.04140156e-05  6.74288936e+02  1.54852115e-04  6.74776913e+02 
 1.04140618e-05  6.74288936e+02  2.49805724e-05  6.74776697e+02 
 1.04141055e-05  6.74288936e+02 -9.74411383e-05  6.74776108e+02 
 1.04141522e-05  6.74288936e+02 -2.28538090e-04  6.74775067e+02 
 1.04141976e-05  6.74288936e+02 -3.55897732e-04  6.74773657e+02 
 1.04142471e-05  6.74288936e+02 -4.94889490e-04  6.74771672e+02 
 1.04142977e-05  6.74288936e+02 -6.36915865e-04  6.74769168e+02 
 1.04143555e-05  6.74288936e+02 -7.99068541e-04  6.74765720e+02 
 1.04144206e-05  6.74288936e+02 -9.81530468e-04  6.74761085e+02 
 1.04145129e-05  6.74288935e+02 -1.24072442e-03  6.74753106e+02 
 1.04145610e-05  6.74288935e+02 -1.37559554e-03  6.74748291e+02 
 1.04146106e-05  6.74288935e+02 -1.51474814e-03  6.74742836e+02 
 1.04146609e-05  6.74288935e+02 -1.65587115e-03  6.74736786e+02 
 1.04147145e-05  6.74288935e+02 -1.80623728e-03  6.74729753e+02 
 1.04147746e-05  6.74288934e+02 -1.97502912e-03  6.74721115e+02 
 1.04148308e-05  6.74288934e+02 -2.13245937e-03  6.74712331e+02 
 1.04148916e-05  6.74288934e+02 -2.30311967e-03  6.74701989e+02 
 1.04149512e-05  6.74288934e+02 -2.47035827e-03  6.74691004e+02 
 1.04150162e-05  6.74288933e+02 -2.65284187e-03  6.74678026e+02 
 1.04150838e-05  6.74288933e+02 -2.84232379e-03  6.74663420e+02 
 1.04151590e-05  6.74288932e+02 -3.05343472e-03  6.74645742e+02 
 1.04152421e-05  6.74288932e+02 -3.28630769e-03  6.74624460e+02 
 1.04153388e-05  6.74288931e+02 -3.55776207e-03  6.74597189e+02 
 1.04154575e-05  6.74288930e+02 -3.89068574e-03  6.74559939e+02 
 1.04155632e-05  6.74288929e+02 -4.18702677e-03  6.74523052e+02 
 1.04157039e-05  6.74288928e+02 -4.58155771e-03  6.74468134e+02 
 1.04158471e-05  6.74288926e+02 -4.98328295e-03  6.74404905e+02 
 1.04159033e-05  6.74288926e+02 -5.14068102e-03  6.74377987e+02 
 1.04159646e-05  6.74288925e+02 -5.31274440e-03  6.74347116e+02 
 1.04160131e-05  6.74288925e+02 -5.44847306e-03  6.74321666e+02 
 1.04160594e-05  6.74288924e+02 -5.57847766e-03  6.74296355e+02 
 1.04161119e-05  6.74288923e+02 -5.72558490e-03  6.74266585e+02 
 1.04161778e-05  6.74288923e+02 -5.91021539e-03  6.74227470e+02 
 1.04162719e-05  6.74288921e+02 -6.17393068e-03  6.74168092e+02 
 1.04163676e-05  6.74288920e+02 -6.44216165e-03  6.74103263e+02 
 1.04164336e-05  6.74288919e+02 -6.62700806e-03  6.74055862e+02 
 1.04165225e-05  6.74288918e+02 -6.87608369e-03  6.73988315e+02 
 1.04166222e-05  6.74288916e+02 -7.15555830e-03  6.73907272e+02 
 1.04167130e-05  6.74288915e+02 -7.40967250e-03  6.73828522e+02 
 1.04167999e-05  6.74288914e+02 -7.65329550e-03  6.73748275e+02 
 1.04168905e-05  6.74288912e+02 -7.90696110e-03  6.73659551e+02 
 1.04169838e-05  6.74288911e+02 -8.16805674e-03  6.73562464e+02 
 1.04170812e-05  6.74288909e+02 -8.44074388e-03  6.73454527e+02 
 1.04171804e-05  6.74288907e+02 -8.71835802e-03  6.73337442e+02 
 1.04172830e-05  6.74288905e+02 -9.00523919e-03  6.73208440e+02 
 1.04174881e-05  6.74288901e+02 -9.57876458e-03  6.72924491e+02 
 1.04177265e-05  6.74288896e+02 -1.02449137e-02  6.72547231e+02 
 1.04179570e-05  6.74288891e+02 -1.08887108e-02  6.72128996e+02 
 1.04182516e-05  6.74288884e+02 -1.17104001e-02  6.71509618e+02 
 1.04185716e-05  6.74288876e+02 -1.26017001e-02  6.70715625e+02 
 1.04188993e-05  6.74288866e+02 -1.35129356e-02  6.69754767e+02 
 1.04192286e-05  6.74288857e+02 -1.44266486e-02  6.68619682e+02 
 1.04195478e-05  6.74288847e+02 -1.53102376e-02  6.67337668e+02 
 1.04198638e-05  6.74288836e+02 -1.61824064e-02  6.65872883e+02 
 1.04201709e-05  6.74288825e+02 -1.70273938e-02  6.64243272e+02 
 1.04204749e-05  6.74288814e+02 -1.78609510e-02  6.62410634e+02 
 1.04207722e-05  6.74288802e+02 -1.86730162e-02  6.60387965e+02 
 1.04210667e-05  6.74288790e+02 -1.94738482e-02  6.58141001e+02 
 1.04213559e-05  6.74288778e+02 -2.02565743e-02  6.55679420e+02 
 1.04216424e-05  6.74288765e+02 -2.10278641e-02  6.52973097e+02 
 1.04219246e-05  6.74288753e+02 -2.17830936e-02  6.50028497e+02 
 1.04222042e-05  6.74288739e+02 -2.25266825e-02  6.46818988e+02 
 1.04224802e-05  6.74288726e+02 -2.32555325e-02  6.43348055e+02 
 1.04227539e-05  6.74288712e+02 -2.39725810e-02  6.39592055e+02 
 1.04230244e-05  6.74288698e+02 -2.46757286e-02  6.35551912e+02 
 1.04232928e-05  6.74288684e+02 -2.53669088e-02  6.31206563e+02 
 1.04235585e-05  6.74288669e+02 -2.60446697e-02  6.26554806e+02 
 1.04238223e-05  6.74288655e+02 -2.67102575e-02  6.21577781e+02 
 1.04240837e-05  6.74288640e+02 -2.73626377e-02  6.16272561e+02 
 1.04243434e-05  6.74288624e+02 -2.80025812e-02  6.10622149e+02 
 1.04246010e-05  6.74288609e+02 -2.86293199e-02  6.04622239e+02 
 1.04248571e-05  6.74288593e+02 -2.92432917e-02  5.98257399e+02 
 1.04251114e-05  6.74288577e+02 -2.98438943e-02  5.91522246e+02 
 1.04253643e-05  6.74288561e+02 -3.04313289e-02  5.84402654e+02 
 1.04256157e-05  6.74288544e+02 -3.10050921e-02  5.76892416e+02 
 1.04258658e-05  6.74288528e+02 -3.15652128e-02  5.68978499e+02 
 1.04261146e-05  6.74288511e+02 -3.21112417e-02  5.60654078e+02 
 1.04263623e-05  6.74288494e+02 -3.26430793e-02  5.51907026e+02 
 1.04266089e-05  6.74288477e+02 -3.31603000e-02  5.42730069e+02 
 1.04268546e-05  6.74288459e+02 -3.36627050e-02  5.33111832e+02 
 1.04270994e-05  6.74288441e+02 -3.41498714e-02  5.23044714e+02 
 1.04273434e-05  6.74288424e+02 -3.46215202e-02  5.12517956e+02 
 1.04275866e-05  6.74288406e+02 -3.50772164e-02  5.01523718e+02 
 1.04278293e-05  6.74288387e+02 -3.55166127e-02  4.90051731e+02 
 1.04280714e-05  6.74288369e+02 -3.59392510e-02  4.78093968e+02 
 1.04283130e-05  6.74288350e+02 -3.63447219e-02  4.65640523e+02 
 1.04285543e-05  6.74288332e+02 -3.67325348e-02  4.52683193e+02 
 1.04287953e-05  6.74288313e+02 -3.71022209e-02  4.39212300e+02 
 1.04290361e-05  6.74288294e+02 -3.74532482e-02  4.25219426e+02 
 1.04292768e-05  6.74288274e+02 -3.77850870e-02  4.10694966e+02 
 1.04295176e-05  6.74288255e+02 -3.80971544e-02  3.95630192e+02 
 1.04297585e-05  6.74288235e+02 -3.83888549e-02  3.80015367e+02 
 1.04299996e-05  6.74288216e+02 -3.86595433e-02  3.63841287e+02 
 1.04302410e-05  6.74288196e+02 -3.89085487e-02  3.47097804e+02 
 1.04304829e-05  6.74288176e+02 -3.91351490e-02  3.29774961e+02 
 1.04307255e-05  6.74288155e+02 -3.93385828e-02  3.11861808e+02 
 1.04309688e-05  6.74288135e+02 -3.95180309e-02  2.93347200e+02 
 1.04312130e-05  6.74288114e+02 -3.96726189e-02  2.74218805e+02 
 1.04314583e-05  6.74288094e+02 -3.98014010e-02  2.54463601e+02 
 1.04317049e-05  6.74288073e+02 -3.99033549e-02  2.34066988e+02 
 1.04319529e-05  6.74288052e+02 -3.99773645e-02  2.13012972e+02 
 1.04322028e-05  6.74288030e+02 -4.00222055e-02  1.91283261e+02 
 1.04324546e-05  6.74288009e+02 -4.00365226e-02  1.68857086e+02 
 1.04327087e-05  6.74287987e+02 -4.00188019e-02  1.45710084e+02 
 1.04329656e-05  6.74287965e+02 -3.99673192e-02  1.21808237e+02 
 1.04332214e-05  6.74287944e+02 -3.98818092e-02  9.75226758e+01 
 1.04334787e-05  6.74287922e+02 -3.97607174e-02  7.26454431e+01 
 1.04337349e-05  6.74287900e+02 -3.96044484e-02  4.74318345e+01 
 1.04339922e-05  6.74287879e+02 -3.94110897e-02  2.17030630e+01 
 1.04342491e-05  6.74287857e+02 -3.91811484e-02 -4.35162042e+00 
 1.04345071e-05  6.74287836e+02 -3.89126152e-02 -3.08549846e+01 
 1.04347649e-05  6.74287814e+02 -3.86059674e-02 -5.76584675e+01 
 1.04350238e-05  6.74287793e+02 -3.82592601e-02 -8.48397676e+01 
 1.04352831e-05  6.74287772e+02 -3.78728584e-02 -1.12279763e+02 
 1.04355434e-05  6.74287751e+02 -3.74449365e-02 -1.40022680e+02 
 1.04358042e-05  6.74287731e+02 -3.69757904e-02 -1.67965257e+02 
 1.04360664e-05  6.74287710e+02 -3.64633836e-02 -1.96145473e+02 
 1.04363293e-05  6.74287690e+02 -3.59082817e-02 -2.24449975e+02 
 1.04365937e-05  6.74287670e+02 -3.53083959e-02 -2.52904195e+02 
 1.04368592e-05  6.74287650e+02 -3.46640595e-02 -2.81409984e+02 
 1.04371264e-05  6.74287631e+02 -3.39733515e-02 -3.09969966e+02 
 1.04373950e-05  6.74287612e+02 -3.32363458e-02 -3.38496864e+02 
 1.04376655e-05  6.74287593e+02 -3.24512701e-02 -3.66974001e+02 
 1.04379378e-05  6.74287574e+02 -3.16179423e-02 -3.95320244e+02 
 1.04382124e-05  6.74287556e+02 -3.07346742e-02 -4.23503183e+02 
 1.04384892e-05  6.74287538e+02 -2.98010203e-02 -4.51444001e+02 
 1.04387454e-05  6.74287522e+02 -2.88992560e-02 -4.76810916e+02 
 1.04389930e-05  6.74287507e+02 -2.79936526e-02 -5.00832354e+02 
 1.04392234e-05  6.74287494e+02 -2.71212794e-02 -5.22707277e+02 
 1.04394469e-05  6.74287481e+02 -2.62490928e-02 -5.43427259e+02 
 1.04396584e-05  6.74287469e+02 -2.53997182e-02 -5.62572136e+02 
 1.04398646e-05  6.74287458e+02 -2.45505840e-02 -5.80753005e+02 
 1.04400621e-05  6.74287448e+02 -2.37179835e-02 -5.97699274e+02 
 1.04402550e-05  6.74287439e+02 -2.28870654e-02 -6.13784819e+02 
 1.04404411e-05  6.74287430e+02 -2.20695844e-02 -6.28840780e+02 
 1.04406230e-05  6.74287421e+02 -2.12556097e-02 -6.43105291e+02 
 1.04407992e-05  6.74287414e+02 -2.04534702e-02 -6.56479821e+02 
 1.04409715e-05  6.74287406e+02 -1.96564767e-02 -6.69121026e+02 
 1.04411390e-05  6.74287399e+02 -1.88705034e-02 -6.80975754e+02 
 1.04413029e-05  6.74287393e+02 -1.80910735e-02 -6.92149835e+02 
 1.04414625e-05  6.74287387e+02 -1.73223466e-02 -7.02618464e+02 
 1.04416187e-05  6.74287381e+02 -1.65613715e-02 -7.12455335e+02 
 1.04417710e-05  6.74287376e+02 -1.58111183e-02 -7.21653121e+02 
 1.04419200e-05  6.74287371e+02 -1.50696881e-02 -7.30265118e+02 
 1.04420654e-05  6.74287367e+02 -1.43392296e-02 -7.38294644e+02 
 1.04422077e-05  6.74287362e+02 -1.36185696e-02 -7.45782021e+02 
 1.04423467e-05  6.74287358e+02 -1.29092930e-02 -7.52736941e+02 
 1.04424825e-05  6.74287355e+02 -1.22107290e-02 -7.59191452e+02 
 1.04426152e-05  6.74287351e+02 -1.15240798e-02 -7.65158977e+02 
 1.04427448e-05  6.74287348e+02 -1.08490247e-02 -7.70666276e+02 
 1.04428713e-05  6.74287346e+02 -1.01865115e-02 -7.75728883e+02 
 1.04429947e-05  6.74287343e+02 -9.53646804e-03 -7.80370169e+02 
 1.04431151e-05  6.74287341e+02 -8.89967935e-03 -7.84606814e+02 
 1.04432325e-05  6.74287338e+02 -8.27625563e-03 -7.88460010e+02 
 1.04433468e-05  6.74287337e+02 -7.66688760e-03 -7.91947010e+02 
 1.04434580e-05  6.74287335e+02 -7.07182776e-03 -7.95087608e+02 
 1.04435660e-05  6.74287333e+02 -6.49172594e-03 -7.97899313e+02 
 1.04436710e-05  6.74287332e+02 -5.92695799e-03 -8.00401022e+02 
 1.04437727e-05  6.74287331e+02 -5.37817910e-03 -8.02610330e+02 
 1.04438711e-05  6.74287330e+02 -4.84588787e-03 -8.04545571e+02 
 1.04439662e-05  6.74287329e+02 -4.33079186e-03 -8.06224357e+02 
 1.04440579e-05  6.74287328e+02 -3.83353192e-03 -8.07664679e+02 
 1.04441460e-05  6.74287327e+02 -3.35492577e-03 -8.08884156e+02 
 1.04442304e-05  6.74287327e+02 -2.89580386e-03 -8.09900605e+02 
 1.04443109e-05  6.74287326e+02 -2.45717984e-03 -8.10731681e+02 
 1.04443875e-05  6.74287326e+02 -2.04017148e-03 -8.11395166e+02 
 1.04444598e-05  6.74287325e+02 -1.64614109e-03 -8.11908828e+02 
 1.04445275e-05  6.74287325e+02 -1.27670309e-03 -8.12290569e+02 
 1.04445903e-05  6.74287325e+02 -9.33900136e-04 -8.12558412e+02 
 1.04446417e-05  6.74287325e+02 -6.53368076e-04 -8.12715771e+02 
 1.04446839e-05  6.74287325e+02 -4.23425467e-04 -8.12803265e+02 
 1.04447183e-05  6.74287325e+02 -2.35329485e-04 -8.12847048e+02 
 1.04447457e-05  6.74287325e+02 -8.57419325e-05 -8.12864018e+02 
 1.04447728e-05  6.74287325e+02  6.20869428e-05 -8.12865253e+02 
 1.04448010e-05  6.74287325e+02  2.16280869e-04 -8.12850086e+02 
 1.04448348e-05  6.74287325e+02  4.00631343e-04 -8.12809899e+02 
 1.04448770e-05  6.74287325e+02  6.30923771e-04 -8.12725952e+02 
 1.04449248e-05  6.74287325e+02  8.91996496e-04 -8.12585442e+02 
 1.04449796e-05  6.74287325e+02  1.19095011e-03 -8.12365350e+02 
 1.04450388e-05  6.74287325e+02  1.51375502e-03 -8.12056704e+02 
 1.04451034e-05  6.74287326e+02  1.86620030e-03 -8.11635482e+02 
 1.04451719e-05  6.74287326e+02  2.23906406e-03 -8.11094052e+02 
 1.04452449e-05  6.74287326e+02  2.63688548e-03 -8.10407647e+02 
 1.04453214e-05  6.74287327e+02  3.05337865e-03 -8.09568574e+02 
 1.04454020e-05  6.74287327e+02  3.49175490e-03 -8.08552089e+02 
 1.04454860e-05  6.74287328e+02  3.94751703e-03 -8.07350007e+02 
 1.04455736e-05  6.74287329e+02  4.42283511e-03 -8.05938174e+02 
 1.04456644e-05  6.74287330e+02  4.91442092e-03 -8.04307648e+02 
 1.04457586e-05  6.74287331e+02  5.42370048e-03 -8.02435108e+02 
 1.04458558e-05  6.74287332e+02  5.94823406e-03 -8.00310690e+02 
 1.04459563e-05  6.74287333e+02  6.48892141e-03 -7.97911971e+02 
 1.04460597e-05  6.74287335e+02  7.04392131e-03 -7.95228110e+02 
 1.04461661e-05  6.74287336e+02  7.61375942e-03 -7.92237547e+02 
 1.04462755e-05  6.74287338e+02  8.19701689e-03 -7.88928479e+02 
 1.04463878e-05  6.74287340e+02  8.79395279e-03 -7.85280115e+02 
 1.04465029e-05  6.74287342e+02  9.40344633e-03 -7.81279734e+02 
 1.04466209e-05  6.74287345e+02  1.00255660e-02 -7.76907178e+02 
 1.04467418e-05  6.74287348e+02  1.06594008e-02 -7.72148859e+02 
 1.04468655e-05  6.74287350e+02  1.13048822e-02 -7.66985090e+02 
 1.04469920e-05  6.74287354e+02  1.19612464e-02 -7.61401449e+02 
 1.04471214e-05  6.74287357e+02  1.26283253e-02 -7.55378539e+02 
 1.04472536e-05  6.74287361e+02  1.33054568e-02 -7.48901109e+02 
 1.04473887e-05  6.74287365e+02  1.39923998e-02 -7.41949844e+02 
 1.04475268e-05  6.74287369e+02  1.46885616e-02 -7.34508626e+02 
 1.04476678e-05  6.74287373e+02  1.53936461e-02 -7.26557985e+02 
 1.04478117e-05  6.74287378e+02  1.61071067e-02 -7.18080831e+02 
 1.04479588e-05  6.74287383e+02  1.68286052e-02 -7.09057258e+02 
 1.04481089e-05  6.74287389e+02  1.75576244e-02 -6.99469013e+02 
 1.04482623e-05  6.74287395e+02  1.82937930e-02 -6.89295388e+02 
 1.04484190e-05  6.74287401e+02  1.90366118e-02 -6.78516666e+02 
 1.04485790e-05  6.74287407e+02  1.97856832e-02 -6.67110849e+02 
 1.04487426e-05  6.74287414e+02  2.05405183e-02 -6.55056274e+02 
 1.04489098e-05  6.74287422e+02  2.13006997e-02 -6.42328972e+02 
 1.04490808e-05  6.74287430e+02  2.20657452e-02 -6.28904586e+02 
 1.04492558e-05  6.74287438e+02  2.28352239e-02 -6.14756172e+02 
 1.04494350e-05  6.74287447e+02  2.36086614e-02 -5.99855503e+02 
 1.04496187e-05  6.74287456e+02  2.43856231e-02 -5.84171120e+02 
 1.04498070e-05  6.74287466e+02  2.51656493e-02 -5.67669023e+02 
 1.04500003e-05  6.74287477e+02  2.59483177e-02 -5.50310741e+02 
 1.04501991e-05  6.74287488e+02  2.67332021e-02 -5.32053292e+02 
 1.04504037e-05  6.74287500e+02  2.75199228e-02 -5.12846903e+02 
 1.04506147e-05  6.74287512e+02  2.83081278e-02 -4.92633857e+02 
 1.04508328e-05  6.74287526e+02  2.90975431e-02 -4.71345116e+02 
 1.04510588e-05  6.74287540e+02  2.98879833e-02 -4.48897010e+02 
 1.04512936e-05  6.74287555e+02  3.06794242e-02 -4.25184881e+02 
 1.04515386e-05  6.74287571e+02  3.14720744e-02 -4.00074464e+02 
 1.04517957e-05  6.74287588e+02  3.22665390e-02 -3.73386612e+02 
 1.04520672e-05  6.74287607e+02  3.30640826e-02 -3.44871725e+02 
 1.04523417e-05  6.74287627e+02  3.38266351e-02 -3.15763333e+02 
 1.04526135e-05  6.74287647e+02  3.45375398e-02 -2.86746600e+02 
 1.04528840e-05  6.74287667e+02  3.52016322e-02 -2.57721504e+02 
 1.04531508e-05  6.74287687e+02  3.58139783e-02 -2.29011935e+02 
 1.04534166e-05  6.74287707e+02  3.63815117e-02 -2.00402346e+02 
 1.04536797e-05  6.74287728e+02  3.69018985e-02 -1.72110047e+02 
 1.04539421e-05  6.74287748e+02  3.73796056e-02 -1.43991833e+02 
 1.04542025e-05  6.74287769e+02  3.78133793e-02 -1.16215987e+02 
 1.04544622e-05  6.74287790e+02  3.82061079e-02 -8.86954210e+01 
 1.04547203e-05  6.74287811e+02  3.85573127e-02 -6.15611343e+01 
 1.04549779e-05  6.74287833e+02  3.88691813e-02 -3.47458938e+01 
 1.04552343e-05  6.74287854e+02  3.91416666e-02 -8.35802588e+00 
 1.04554901e-05  6.74287875e+02  3.93764160e-02  1.76488984e+01 
 1.04557451e-05  6.74287897e+02  3.95737928e-02  4.31955585e+01 
 1.04559996e-05  6.74287918e+02  3.97350577e-02  6.83104884e+01 
 1.04562534e-05  6.74287940e+02  3.98608118e-02  9.29360417e+01 
 1.04565069e-05  6.74287961e+02  3.99520776e-02  1.17088710e+02 
 1.04567599e-05  6.74287983e+02  4.00095822e-02  1.40726654e+02 
 1.04570127e-05  6.74288004e+02  4.00342055e-02  1.63858837e+02 
 1.04572652e-05  6.74288026e+02  4.00267332e-02  1.86455059e+02 
 1.04575176e-05  6.74288047e+02  3.99879604e-02  2.08519891e+02 
 1.04577698e-05  6.74288069e+02  3.99186915e-02  2.30031826e+02 
 1.04580220e-05  6.74288090e+02  3.98196701e-02  2.50993126e+02 
 1.04582729e-05  6.74288111e+02  3.96923918e-02  2.71290329e+02 
 1.04585215e-05  6.74288132e+02  3.95387761e-02  2.90840549e+02 
 1.04587687e-05  6.74288153e+02  3.93596961e-02  3.09715512e+02 
 1.04590139e-05  6.74288173e+02  3.91567851e-02  3.27886081e+02 
 1.04592580e-05  6.74288194e+02  3.89305505e-02  3.45421789e+02 
 1.04595008e-05  6.74288214e+02  3.86823647e-02  3.62307639e+02 
 1.04597428e-05  6.74288234e+02  3.84126330e-02  3.78592633e+02 
 1.04599839e-05  6.74288253e+02  3.81225427e-02  3.94268896e+02 
 1.04602245e-05  6.74288273e+02  3.78124674e-02  4.09371655e+02 
 1.04604645e-05  6.74288292e+02  3.74834300e-02  4.23898844e+02 
 1.04607042e-05  6.74288311e+02  3.71357872e-02  4.37877187e+02 
 1.04609435e-05  6.74288330e+02  3.67704176e-02  4.51308840e+02 
 1.04611828e-05  6.74288348e+02  3.63876670e-02  4.64214989e+02 
 1.04614220e-05  6.74288367e+02  3.59882919e-02  4.76600619e+02 
 1.04616612e-05  6.74288385e+02  3.55726291e-02  4.88483237e+02 
 1.04619006e-05  6.74288403e+02  3.51413327e-02  4.99869695e+02 
 1.04621402e-05  6.74288421e+02  3.46947294e-02  5.10775056e+02 
 1.04623801e-05  6.74288438e+02  3.42333868e-02  5.21207409e+02 
 1.04626204e-05  6.74288456e+02  3.37576189e-02  5.31180211e+02 
 1.04628612e-05  6.74288473e+02  3.32679192e-02  5.40702373e+02 
 1.04631025e-05  6.74288490e+02  3.27645856e-02  5.49786305e+02 
 1.04633444e-05  6.74288507e+02  3.22480476e-02  5.58441469e+02 
 1.04635871e-05  6.74288523e+02  3.17185833e-02  5.66679599e+02 
 1.04638305e-05  6.74288539e+02  3.11765655e-02  5.74510531e+02 
 1.04640748e-05  6.74288555e+02  3.06222493e-02  5.81945571e+02 
 1.04643201e-05  6.74288571e+02  3.00559561e-02  5.88994808e+02 
 1.04645663e-05  6.74288587e+02  2.94779148e-02  5.95669283e+02 
 1.04648137e-05  6.74288602e+02  2.88883987e-02  6.01979261e+02 
 1.04650622e-05  6.74288617e+02  2.82876074e-02  6.07935619e+02 
 1.04653119e-05  6.74288632e+02  2.76757680e-02  6.13548747e+02 
 1.04655630e-05  6.74288647e+02  2.70530474e-02  6.18829424e+02 
 1.04658156e-05  6.74288661e+02  2.64196271e-02  6.23788123e+02 
 1.04660696e-05  6.74288675e+02  2.57756381e-02  6.28435565e+02 
 1.04663252e-05  6.74288689e+02  2.51212153e-02  6.32782280e+02 
 1.04665825e-05  6.74288703e+02  2.44564496e-02  6.36838949e+02 
 1.04668416e-05  6.74288716e+02  2.37814278e-02  6.40616133e+02 
 1.04671026e-05  6.74288729e+02  2.30961961e-02  6.44124484e+02 
 1.04673656e-05  6.74288742e+02  2.24007897e-02  6.47374573e+02 
 1.04676307e-05  6.74288754e+02  2.16952054e-02  6.50377019e+02 
 1.04678980e-05  6.74288766e+02  2.09794220e-02  6.53142382e+02 
 1.04681677e-05  6.74288778e+02  2.02533808e-02  6.55681240e+02 
 1.04684398e-05  6.74288790e+02  1.95169990e-02  6.58004120e+02 
 1.04687145e-05  6.74288801e+02  1.87701552e-02  6.60121541e+02 
 1.04689920e-05  6.74288812e+02  1.80126986e-02  6.62043971e+02 
 1.04692724e-05  6.74288822e+02  1.72444376e-02  6.63781851e+02 
 1.04695559e-05  6.74288832e+02  1.64651466e-02  6.65345560e+02 
 1.04698427e-05  6.74288842e+02  1.56745575e-02  6.66745424e+02 
 1.04701328e-05  6.74288852e+02  1.48723650e-02  6.67991696e+02 
 1.04704266e-05  6.74288861e+02  1.40582220e-02  6.69094546e+02 
 1.04707243e-05  6.74288869e+02  1.32317463e-02  6.70064045e+02 
 1.04710244e-05  6.74288877e+02  1.23967514e-02  6.70906208e+02 
 1.04713227e-05  6.74288885e+02  1.15657362e-02  6.71622370e+02 
 1.04716202e-05  6.74288892e+02  1.07356986e-02  6.72230076e+02 
 1.04719137e-05  6.74288899e+02  9.91595329e-03  6.72737138e+02 
 1.04722033e-05  6.74288904e+02  9.10619745e-03  6.73158228e+02 
 1.04724857e-05  6.74288910e+02  8.31621322e-03  6.73502137e+02 
 1.04727589e-05  6.74288914e+02  7.55123680e-03  6.73780169e+02 
 1.04730180e-05  6.74288918e+02  6.82560066e-03  6.74000246e+02 
 1.04732273e-05  6.74288921e+02  6.23908724e-03  6.74150793e+02 
 1.04732715e-05  6.74288922e+02  6.11535988e-03  6.74179704e+02 
 1.04733478e-05  6.74288923e+02  5.90128036e-03  6.74227514e+02 
 1.04734203e-05  6.74288924e+02  5.69812343e-03  6.74270382e+02 
 1.04735067e-05  6.74288925e+02  5.45595469e-03  6.74318429e+02 
 1.04735820e-05  6.74288925e+02  5.24483156e-03  6.74357720e+02 
 1.04736781e-05  6.74288926e+02  4.97538207e-03  6.74404513e+02 
 1.04737800e-05  6.74288928e+02  4.68963040e-03  6.74450227e+02 
 1.04738346e-05  6.74288928e+02  4.53666155e-03  6.74473117e+02 
 1.04739310e-05  6.74288929e+02  4.26636472e-03  6.74510989e+02 
 1.04740227e-05  6.74288930e+02  4.00910427e-03  6.74544110e+02 
 1.04741011e-05  6.74288930e+02  3.78930030e-03  6.74570251e+02 
 1.04741933e-05  6.74288931e+02  3.53059518e-03  6.74598587e+02 
 1.04742885e-05  6.74288932e+02  3.26353090e-03  6.74625200e+02 
 1.04744789e-05  6.74288933e+02  2.72936450e-03  6.74670874e+02 
 1.04745396e-05  6.74288933e+02  2.55919038e-03  6.74683406e+02 
 1.04746194e-05  6.74288934e+02  2.33525018e-03  6.74698476e+02 
 1.04746848e-05  6.74288934e+02  2.15188058e-03  6.74709643e+02 
 1.04747457e-05  6.74288934e+02  1.98098088e-03  6.74719118e+02 
 1.04748050e-05  6.74288935e+02  1.81451386e-03  6.74727496e+02 
 1.04748714e-05  6.74288935e+02  1.62828485e-03  6.74735888e+02 
 1.04749314e-05  6.74288935e+02  1.45981056e-03  6.74742597e+02 
 1.04749973e-05  6.74288935e+02  1.27490054e-03  6.74749008e+02 
 1.04750645e-05  6.74288935e+02  1.08652806e-03  6.74754525e+02 
 1.04751476e-05  6.74288936e+02  8.53263606e-04  6.74759961e+02 
 1.04751842e-05  6.74288936e+02  7.50484340e-04  6.74761872e+02 
 1.04752395e-05  6.74288936e+02  5.95324723e-04  6.74764205e+02 
 1.04752890e-05  6.74288936e+02  4.56464637e-04  6.74765738e+02 
 1.04753372e-05  6.74288936e+02  3.21400312e-04  6.74766733e+02 
 1.04753837e-05  6.74288936e+02  1.90684976e-04  6.74767239e+02 
 1.04754307e-05  6.74288936e+02  5.90477385e-05  6.74767299e+02 
 1.04754829e-05  6.74288936e+02 -8.74374294e-05  6.74766845e+02 
 1.04755311e-05  6.74288936e+02 -2.22785502e-04  6.74765943e+02 
 1.04755845e-05  6.74288936e+02 -3.72737320e-04  6.74764409e+02 
 1.04756358e-05  6.74288936e+02 -5.16489245e-04  6.74762415e+02 
 1.04756941e-05  6.74288936e+02 -6.80068703e-04  6.74759525e+02 
 1.04757542e-05  6.74288936e+02 -8.48620467e-04  6.74755853e+02 
 1.04758291e-05  6.74288935e+02 -1.05889875e-03  6.74750279e+02 
 1.04759286e-05  6.74288935e+02 -1.33795940e-03  6.74741147e+02 
 1.04759861e-05  6.74288935e+02 -1.49951651e-03  6.74734933e+02 
 1.04760442e-05  6.74288935e+02 -1.66254912e-03  6.74727955e+02 
 1.04761024e-05  6.74288935e+02 -1.82575565e-03  6.74720239e+02 
 1.04761637e-05  6.74288934e+02 -1.99756477e-03  6.74711306e+02 
 1.04762291e-05  6.74288934e+02 -2.18131912e-03  6.74700805e+02 
 1.04762937e-05  6.74288934e+02 -2.36253690e-03  6.74689461e+02 
 1.04763628e-05  6.74288933e+02 -2.55635736e-03  6.74676209e+02 
 1.04764346e-05  6.74288933e+02 -2.75758121e-03  6.74661185e+02 
 1.04765136e-05  6.74288933e+02 -2.97922693e-03  6.74643091e+02 
 1.04766010e-05  6.74288932e+02 -3.22445509e-03  6.74621111e+02 
 1.04767028e-05  6.74288931e+02 -3.51000225e-03  6.74592805e+02 
 1.04768294e-05  6.74288930e+02 -3.86508695e-03  6.74553315e+02 
 1.04769007e-05  6.74288930e+02 -4.06505241e-03  6.74528870e+02 
 1.04770104e-05  6.74288929e+02 -4.37286243e-03  6.74487967e+02 
 1.04771334e-05  6.74288927e+02 -4.71753100e-03  6.74437197e+02 
 1.04772616e-05  6.74288926e+02 -5.07705118e-03  6.74378271e+02 
 1.04773230e-05  6.74288925e+02 -5.24918188e-03  6.74347772e+02 
 1.04773833e-05  6.74288925e+02 -5.41836630e-03  6.74316287e+02 
 1.04774251e-05  6.74288924e+02 -5.53558510e-03  6.74293570e+02 
 1.04774682e-05  6.74288924e+02 -5.65617682e-03  6.74269408e+02 
 1.04775229e-05  6.74288923e+02 -5.80976472e-03  6.74237443e+02 
 1.04775965e-05  6.74288922e+02 -6.01591717e-03  6.74192375e+02 
 1.04777005e-05  6.74288921e+02 -6.30733964e-03  6.74124258e+02 
 1.04778066e-05  6.74288919e+02 -6.60457886e-03  6.74049186e+02 
 1.04778730e-05  6.74288918e+02 -6.79060639e-03  6.73999180e+02 
 1.04779694e-05  6.74288917e+02 -7.06073563e-03  6.73922227e+02 
 1.04780929e-05  6.74288915e+02 -7.40675308e-03  6.73815770e+02 
 1.04782227e-05  6.74288913e+02 -7.77019099e-03  6.73693826e+02 
 1.04783460e-05  6.74288911e+02 -8.11542916e-03  6.73567740e+02 
 1.04785112e-05  6.74288908e+02 -8.57755926e-03  6.73382227e+02 
 1.04786611e-05  6.74288905e+02 -8.99716107e-03  6.73195949e+02 
 1.04788057e-05  6.74288902e+02 -9.40144004e-03  6.72999184e+02 
 1.04789894e-05  6.74288899e+02 -9.91498968e-03  6.72722834e+02 
 1.04791615e-05  6.74288895e+02 -1.03957226e-02  6.72435274e+02 
 1.04793487e-05  6.74288891e+02 -1.09183553e-02  6.72088329e+02 
 1.04796225e-05  6.74288884e+02 -1.16820455e-02  6.71510905e+02 
 1.04799134e-05  6.74288877e+02 -1.24924858e-02  6.70796490e+02 
 1.04802495e-05  6.74288867e+02 -1.34272013e-02  6.69825819e+02 
 1.04805696e-05  6.74288858e+02 -1.43154745e-02  6.68738832e+02 
 1.04808977e-05  6.74288847e+02 -1.52238532e-02  6.67439921e+02 
 1.04812086e-05  6.74288837e+02 -1.60822901e-02  6.66017265e+02 
 1.04815214e-05  6.74288826e+02 -1.69433524e-02  6.64377665e+02 
 1.04818220e-05  6.74288815e+02 -1.77677573e-02  6.62586631e+02 
 1.04821231e-05  6.74288803e+02 -1.85903094e-02  6.60561326e+02 
 1.04824153e-05  6.74288792e+02 -1.93852768e-02  6.58355154e+02 
 1.04827070e-05  6.74288779e+02 -2.01752513e-02  6.55897095e+02 
 1.04829921e-05  6.74288767e+02 -2.09430092e-02  6.53230554e+02 
 1.04832761e-05  6.74288754e+02 -2.17034488e-02  6.50294961e+02 
 1.04835548e-05  6.74288741e+02 -2.24450666e-02  6.47124523e+02 
 1.04838321e-05  6.74288727e+02 -2.31777845e-02  6.43667647e+02 
 1.04841052e-05  6.74288714e+02 -2.38938983e-02  6.39950424e+02 
 1.04843767e-05  6.74288700e+02 -2.46000250e-02  6.35928982e+02 
 1.04846447e-05  6.74288686e+02 -2.52909682e-02  6.31622508e+02 
 1.04849112e-05  6.74288671e+02 -2.59711236e-02  6.26993697e+02 
 1.04851747e-05  6.74288656e+02 -2.66369524e-02  6.22055993e+02 
 1.04854367e-05  6.74288641e+02 -2.72913482e-02  6.16777600e+02 
 1.04856963e-05  6.74288626e+02 -2.79318678e-02  6.11167253e+02 
 1.04859543e-05  6.74288610e+02 -2.85603829e-02  6.05197726e+02 
 1.04862104e-05  6.74288595e+02 -2.91751729e-02  5.98873948e+02 
 1.04864650e-05  6.74288579e+02 -2.97774092e-02  5.92172450e+02 
 1.04867179e-05  6.74288563e+02 -3.03658442e-02  5.85095124e+02 
 1.04869695e-05  6.74288546e+02 -3.09411654e-02  5.77621571e+02 
 1.04872197e-05  6.74288530e+02 -3.15024312e-02  5.69751289e+02 
 1.04874687e-05  6.74288513e+02 -3.20499903e-02  5.61466373e+02 
 1.04877165e-05  6.74288496e+02 -3.25830950e-02  5.52764457e+02 
 1.04879632e-05  6.74288478e+02 -3.31018529e-02  5.43629651e+02 
 1.04882090e-05  6.74288461e+02 -3.36056339e-02  5.34058149e+02 
 1.04884539e-05  6.74288443e+02 -3.40943707e-02  5.24035682e+02 
 1.04886979e-05  6.74288426e+02 -3.45674987e-02  5.13557336e+02 
 1.04889413e-05  6.74288408e+02 -3.50248190e-02  5.02610130e+02 
 1.04891840e-05  6.74288389e+02 -3.54657966e-02  4.91188296e+02 
 1.04894261e-05  6.74288371e+02 -3.58901294e-02  4.79279852e+02 
 1.04896678e-05  6.74288352e+02 -3.62972863e-02  4.66878353e+02 
 1.04899091e-05  6.74288334e+02 -3.66868792e-02  4.53972564e+02 
 1.04901502e-05  6.74288315e+02 -3.70583613e-02  4.40555462e+02 
 1.04903910e-05  6.74288296e+02 -3.74112679e-02  4.26616317e+02 
 1.04906318e-05  6.74288276e+02 -3.77450207e-02  4.12147557e+02 
 1.04908725e-05  6.74288257e+02 -3.80590809e-02  3.97138701e+02 
 1.04911134e-05  6.74288237e+02 -3.83528237e-02  3.81581573e+02 
 1.04913545e-05  6.74288218e+02 -3.86256333e-02  3.65465648e+02 
 1.04915959e-05  6.74288198e+02 -3.88768227e-02  3.48781985e+02 
 1.04918378e-05  6.74288178e+02 -3.91056899e-02  3.31519649e+02 
 1.04920803e-05  6.74288157e+02 -3.93114665e-02  3.13668638e+02 
 1.04923235e-05  6.74288137e+02 -3.94933480e-02  2.95217098e+02 
 1.04925676e-05  6.74288117e+02 -3.96504596e-02  2.76153467e+02 
 1.04928128e-05  6.74288096e+02 -3.97818677e-02  2.56464247e+02 
 1.04930593e-05  6.74288075e+02 -3.98865551e-02  2.36135492e+02 
 1.04933072e-05  6.74288054e+02 -3.99634181e-02  2.15150947e+02 
 1.04935568e-05  6.74288033e+02 -4.00112428e-02  1.93492937e+02 
 1.04938084e-05  6.74288011e+02 -4.00286888e-02  1.71140654e+02 
 1.04940624e-05  6.74287990e+02 -4.00142596e-02  1.48070411e+02 
 1.04943190e-05  6.74287968e+02 -3.99662557e-02  1.24249440e+02 
 1.04945750e-05  6.74287946e+02 -3.98841920e-02  1.00001652e+02 
 1.04948320e-05  6.74287924e+02 -3.97667587e-02  7.51896259e+01 
 1.04950884e-05  6.74287903e+02 -3.96140518e-02  5.00099174e+01 
 1.04953456e-05  6.74287881e+02 -3.94245087e-02  2.43382189e+01 
 1.04956026e-05  6.74287860e+02 -3.91982813e-02 -1.68271756e+00 
 1.04958604e-05  6.74287838e+02 -3.89337196e-02 -2.81362242e+01 
 1.04961183e-05  6.74287817e+02 -3.86309514e-02 -5.49079150e+01 
 1.04963771e-05  6.74287796e+02 -3.82883675e-02 -8.20468961e+01 
 1.04966363e-05  6.74287775e+02 -3.79060161e-02 -1.09458805e+02 
 1.04968965e-05  6.74287754e+02 -3.74823696e-02 -1.37167240e+02 
 1.04971573e-05  6.74287733e+02 -3.70174531e-02 -1.65086547e+02 
 1.04974194e-05  6.74287713e+02 -3.65094708e-02 -1.93240944e+02 
 1.04976822e-05  6.74287692e+02 -3.59587792e-02 -2.21528518e+02 
 1.04979465e-05  6.74287672e+02 -3.53634817e-02 -2.49965552e+02 
 1.04982119e-05  6.74287653e+02 -3.47237413e-02 -2.78462051e+02 
 1.04984789e-05  6.74287633e+02 -3.40377942e-02 -3.07014279e+02 
 1.04987474e-05  6.74287614e+02 -3.33055801e-02 -3.35540714e+02 
 1.04990177e-05  6.74287595e+02 -3.25254520e-02 -3.64020413e+02 
 1.04992899e-05  6.74287576e+02 -3.16971221e-02 -3.92376395e+02 
 1.04995642e-05  6.74287558e+02 -3.08190085e-02 -4.20573241e+02 
 1.04998409e-05  6.74287540e+02 -2.98905804e-02 -4.48535312e+02 
 1.05000996e-05  6.74287524e+02 -2.89837639e-02 -4.74200664e+02 
 1.05003475e-05  6.74287509e+02 -2.80803805e-02 -4.98302794e+02 
 1.05005800e-05  6.74287495e+02 -2.72035382e-02 -5.20412985e+02 
 1.05008037e-05  6.74287483e+02 -2.63328500e-02 -5.41209059e+02 
 1.05010167e-05  6.74287471e+02 -2.54804233e-02 -5.60524149e+02 
 1.05012232e-05  6.74287460e+02 -2.46323357e-02 -5.78776484e+02 
 1.05014217e-05  6.74287450e+02 -2.37975565e-02 -5.95853982e+02 
 1.05016150e-05  6.74287440e+02 -2.29672288e-02 -6.12009491e+02 
 1.05018018e-05  6.74287431e+02 -2.21480662e-02 -6.27172603e+02 
 1.05019840e-05  6.74287423e+02 -2.13342942e-02 -6.41505436e+02 
 1.05021608e-05  6.74287415e+02 -2.05307704e-02 -6.54970796e+02 
 1.05023335e-05  6.74287407e+02 -1.97336761e-02 -6.67677822e+02 
 1.05025016e-05  6.74287400e+02 -1.89464957e-02 -6.79611595e+02 
 1.05026657e-05  6.74287394e+02 -1.81667281e-02 -6.90848377e+02 
 1.05028258e-05  6.74287388e+02 -1.73968910e-02 -7.01387122e+02 
 1.05029823e-05  6.74287382e+02 -1.66353886e-02 -7.11283224e+02 
 1.05031350e-05  6.74287377e+02 -1.58840667e-02 -7.20544047e+02 
 1.05032844e-05  6.74287372e+02 -1.51419533e-02 -7.29211636e+02 
 1.05034302e-05  6.74287367e+02 -1.44104290e-02 -7.37298332e+02 
 1.05035728e-05  6.74287363e+02 -1.36889527e-02 -7.44837595e+02 
 1.05037121e-05  6.74287359e+02 -1.29785864e-02 -7.51844620e+02 
 1.05038483e-05  6.74287355e+02 -1.22790880e-02 -7.58347309e+02 
 1.05039812e-05  6.74287352e+02 -1.15913055e-02 -7.64362408e+02 
 1.05041111e-05  6.74287349e+02 -1.09152073e-02 -7.69914203e+02 
 1.05042380e-05  6.74287346e+02 -1.02515019e-02 -7.75020214e+02 
 1.05043617e-05  6.74287344e+02 -9.60031097e-03 -7.79702356e+02 
 1.05044824e-05  6.74287341e+02 -8.96225865e-03 -7.83978477e+02 
 1.05046001e-05  6.74287339e+02 -8.33758351e-03 -7.87868930e+02 
 1.05047147e-05  6.74287337e+02 -7.72686817e-03 -7.91391645e+02 
 1.05048262e-05  6.74287335e+02 -7.13044929e-03 -7.94565939e+02 
 1.05049346e-05  6.74287334e+02 -6.54890371e-03 -7.97409706e+02 
 1.05050399e-05  6.74287332e+02 -5.98266093e-03 -7.99941579e+02 
 1.05051419e-05  6.74287331e+02 -5.43232625e-03 -8.02179368e+02 
 1.05052407e-05  6.74287330e+02 -4.89843068e-03 -8.04141262e+02 
 1.05053362e-05  6.74287329e+02 -4.38164645e-03 -8.05844987e+02 
 1.05054282e-05  6.74287328e+02 -3.88263120e-03 -8.07308459e+02 
 1.05055166e-05  6.74287328e+02 -3.40217520e-03 -8.08549351e+02 
 1.05056014e-05  6.74287327e+02 -2.94111312e-03 -8.09585441e+02 
 1.05056824e-05  6.74287326e+02 -2.50043319e-03 -8.10434404e+02 
 1.05057594e-05  6.74287326e+02 -2.08124429e-03 -8.11113999e+02 
 1.05058321e-05  6.74287326e+02 -1.68487763e-03 -8.11641992e+02 
 1.05059003e-05  6.74287326e+02 -1.31291924e-03 -8.12036263e+02 
 1.05059637e-05  6.74287325e+02 -9.67358461e-04 -8.12314818e+02 
 1.05060157e-05  6.74287325e+02 -6.83312656e-04 -8.12480541e+02 
 1.05060586e-05  6.74287325e+02 -4.49251972e-04 -8.12574229e+02 
 1.05060939e-05  6.74287325e+02 -2.56456468e-04 -8.12622312e+02 
 1.05061220e-05  6.74287325e+02 -1.03422030e-04 -8.12641775e+02 
 1.05061491e-05  6.74287325e+02  4.43548902e-05 -8.12644859e+02 
 1.05061774e-05  6.74287325e+02  1.99262879e-04 -8.12631521e+02 
 1.05062097e-05  6.74287325e+02  3.75306609e-04 -8.12595774e+02 
 1.05062517e-05  6.74287325e+02  6.04711577e-04 -8.12516316e+02 
 1.05062983e-05  6.74287325e+02  8.58645378e-04 -8.12384975e+02 
 1.05063529e-05  6.74287326e+02  1.15678805e-03 -8.12172566e+02 
 1.05064111e-05  6.74287326e+02  1.47424684e-03 -8.11877262e+02 
 1.05064756e-05  6.74287326e+02  1.82571577e-03 -8.11467100e+02 
 1.05065433e-05  6.74287326e+02  2.19435436e-03 -8.10942857e+02 
 1.05066161e-05  6.74287327e+02  2.59097054e-03 -8.10271184e+02 
 1.05066920e-05  6.74287327e+02  3.00396866e-03 -8.09453020e+02 
 1.05067723e-05  6.74287328e+02  3.44097911e-03 -8.08455140e+02 
 1.05068557e-05  6.74287328e+02  3.89377013e-03 -8.07277605e+02 
 1.05069431e-05  6.74287329e+02  4.36763329e-03 -8.05888356e+02 
 1.05070334e-05  6.74287330e+02  4.85664047e-03 -8.04285969e+02 
 1.05071273e-05  6.74287331e+02  5.36442689e-03 -8.02440049e+02 
 1.05072241e-05  6.74287332e+02  5.88668315e-03 -8.00347358e+02 
 1.05073243e-05  6.74287333e+02  6.42587456e-03 -7.97979325e+02 
 1.05074273e-05  6.74287335e+02  6.97883458e-03 -7.95330803e+02 
 1.05075335e-05  6.74287336e+02  7.54719910e-03 -7.92375011e+02 
 1.05076425e-05  6.74287338e+02  8.12860935e-03 -7.89104941e+02 
 1.05077545e-05  6.74287340e+02  8.72411213e-03 -7.85495447e+02 
 1.05078693e-05  6.74287343e+02  9.33191983e-03 -7.81537784e+02 
 1.05079870e-05  6.74287345e+02  9.95265989e-03 -7.77208216e+02 
 1.05081075e-05  6.74287348e+02  1.05849485e-02 -7.72496411e+02 
 1.05082309e-05  6.74287350e+02  1.12291138e-02 -7.67379780e+02 
 1.05083571e-05  6.74287354e+02  1.18840565e-02 -7.61846541e+02 
 1.05084862e-05  6.74287357e+02  1.25498902e-02 -7.55874969e+02 
 1.05086181e-05  6.74287360e+02  1.32257150e-02 -7.49451939e+02 
 1.05087529e-05  6.74287364e+02  1.39114895e-02 -7.42556293e+02 
 1.05088906e-05  6.74287369e+02  1.46064530e-02 -7.35173613e+02 
 1.05090313e-05  6.74287373e+02  1.53104509e-02 -7.27282987e+02 
 1.05091749e-05  6.74287378e+02  1.60228178e-02 -7.18868687e+02 
 1.05093216e-05  6.74287383e+02  1.67433160e-02 -7.09909691e+02 
 1.05094714e-05  6.74287388e+02  1.74713442e-02 -7.00388848e+02 
 1.05096244e-05  6.74287394e+02  1.82066026e-02 -6.90284605e+02 
 1.05097807e-05  6.74287400e+02  1.89485325e-02 -6.79578145e+02 
 1.05099404e-05  6.74287407e+02  1.96967870e-02 -6.68246858e+02 
 1.05101035e-05  6.74287414e+02  2.04508356e-02 -6.56269836e+02 
 1.05102703e-05  6.74287421e+02  2.12102964e-02 -6.43622702e+02 
 1.05104409e-05  6.74287429e+02  2.19746578e-02 -6.30281767e+02 
 1.05106155e-05  6.74287437e+02  2.27435141e-02 -6.16219875e+02 
 1.05107942e-05  6.74287446e+02  2.35163697e-02 -6.01409439e+02 
 1.05109773e-05  6.74287456e+02  2.42928070e-02 -5.85818991e+02 
 1.05111651e-05  6.74287465e+02  2.50723510e-02 -5.69415229e+02 
 1.05113579e-05  6.74287476e+02  2.58545899e-02 -5.52159927e+02 
 1.05115560e-05  6.74287487e+02  2.66390846e-02 -5.34010971e+02 
 1.05117599e-05  6.74287499e+02  2.74254604e-02 -5.14919210e+02 
 1.05119702e-05  6.74287511e+02  2.82133518e-02 -4.94828186e+02 
 1.05121874e-05  6.74287524e+02  2.90024824e-02 -4.73670139e+02 
 1.05124124e-05  6.74287538e+02  2.97926474e-02 -4.51363512e+02 
 1.05126462e-05  6.74287553e+02  3.05838062e-02 -4.27806289e+02 
 1.05128900e-05  6.74287569e+02  3.13761297e-02 -4.02868361e+02 
 1.05131456e-05  6.74287587e+02  3.21701705e-02 -3.76376649e+02 
 1.05134153e-05  6.74287605e+02  3.29670935e-02 -3.48091636e+02 
 1.05136912e-05  6.74287625e+02  3.37382787e-02 -3.18873987e+02 
 1.05139621e-05  6.74287645e+02  3.44518187e-02 -2.89971080e+02 
 1.05142339e-05  6.74287665e+02  3.51238158e-02 -2.60829158e+02 
 1.05145003e-05  6.74287685e+02  3.57396197e-02 -2.32187871e+02 
 1.05147669e-05  6.74287705e+02  3.63137164e-02 -2.03487288e+02 
 1.05150297e-05  6.74287726e+02  3.68379266e-02 -1.75233440e+02 
 1.05152927e-05  6.74287746e+02  3.73213160e-02 -1.47040381e+02 
 1.05155529e-05  6.74287767e+02  3.77591190e-02 -1.19278233e+02 
 1.05158130e-05  6.74287788e+02  3.81569416e-02 -9.16913443e+01 
 1.05160710e-05  6.74287809e+02  3.85122467e-02 -6.45509248e+01 
 1.05163290e-05  6.74287830e+02  3.88287771e-02 -3.76741713e+01 
 1.05165853e-05  6.74287852e+02  3.91053302e-02 -1.12653801e+01 
 1.05168414e-05  6.74287873e+02  3.93444116e-02  1.48010578e+01 
 1.05170963e-05  6.74287894e+02  3.95457629e-02  4.03798827e+01 
 1.05173510e-05  6.74287916e+02  3.97110918e-02  6.55538247e+01 
 1.05176048e-05  6.74287937e+02  3.98406917e-02  9.02201124e+01 
 1.05178584e-05  6.74287959e+02  3.99357932e-02  1.14432163e+02 
 1.05181114e-05  6.74287980e+02  3.99969949e-02  1.38117377e+02 
 1.05183643e-05  6.74288002e+02  4.00252513e-02  1.61309749e+02 
 1.05186168e-05  6.74288023e+02  4.00213172e-02  1.83958206e+02 
 1.05188693e-05  6.74288045e+02  3.99859916e-02  2.06084168e+02 
 1.05191215e-05  6.74288066e+02  3.99200975e-02  2.27652061e+02 
 1.05193737e-05  6.74288088e+02  3.98243488e-02  2.48675379e+02 
 1.05196250e-05  6.74288109e+02  3.97000550e-02  2.69061599e+02 
 1.05198737e-05  6.74288130e+02  3.95494028e-02  2.88679533e+02 
 1.05201212e-05  6.74288151e+02  3.93730079e-02  3.07637650e+02 
 1.05203665e-05  6.74288171e+02  3.91728111e-02  3.25873611e+02 
 1.05206108e-05  6.74288192e+02  3.89490478e-02  3.43484453e+02 
 1.05208537e-05  6.74288212e+02  3.87033687e-02  3.60433298e+02 
 1.05210958e-05  6.74288231e+02  3.84359331e-02  3.76787601e+02 
 1.05213370e-05  6.74288251e+02  3.81481670e-02  3.92524872e+02 
 1.05215777e-05  6.74288271e+02  3.78402362e-02  4.07692529e+02 
 1.05218177e-05  6.74288290e+02  3.75133614e-02  4.22278782e+02 
 1.05220575e-05  6.74288309e+02  3.71677301e-02  4.36318409e+02 
 1.05222969e-05  6.74288328e+02  3.68043800e-02  4.49807132e+02 
 1.05225362e-05  6.74288346e+02  3.64235225e-02  4.62771454e+02 
 1.05227753e-05  6.74288365e+02  3.60260397e-02  4.75212121e+02 
 1.05230146e-05  6.74288383e+02  3.56121635e-02  4.87150139e+02 
 1.05232539e-05  6.74288401e+02  3.51826457e-02  4.98589571e+02 
 1.05234935e-05  6.74288419e+02  3.47377327e-02  5.09547778e+02 
 1.05237334e-05  6.74288436e+02  3.42780672e-02  5.20031021e+02 
 1.05239737e-05  6.74288454e+02  3.38039021e-02  5.30054258e+02 
 1.05242144e-05  6.74288471e+02  3.33157887e-02  5.39625207e+02 
 1.05244557e-05  6.74288488e+02  3.28139790e-02  5.48757253e+02 
 1.05246975e-05  6.74288505e+02  3.22989464e-02  5.57459082e+02 
 1.05249401e-05  6.74288521e+02  3.17709351e-02  5.65743059e+02 
 1.05251835e-05  6.74288538e+02  3.12303512e-02  5.73618515e+02 
 1.05254277e-05  6.74288554e+02  3.06774250e-02  5.81097164e+02 
 1.05256728e-05  6.74288570e+02  3.01125034e-02  5.88188769e+02 
 1.05259189e-05  6.74288585e+02  2.95357971e-02  5.94904628e+02 
 1.05261661e-05  6.74288601e+02  2.89475990e-02  6.01254798e+02 
 1.05264145e-05  6.74288616e+02  2.83480961e-02  6.07250321e+02 
 1.05266642e-05  6.74288631e+02  2.77375303e-02  6.12901450e+02 
 1.05269151e-05  6.74288645e+02  2.71160602e-02  6.18219067e+02 
 1.05271675e-05  6.74288660e+02  2.64838789e-02  6.23213560e+02 
 1.05274213e-05  6.74288674e+02  2.58411117e-02  6.27895712e+02 
 1.05276768e-05  6.74288688e+02  2.51879032e-02  6.32275999e+02 
 1.05279339e-05  6.74288701e+02  2.45243411e-02  6.36365140e+02 
 1.05281928e-05  6.74288715e+02  2.38505199e-02  6.40173662e+02 
 1.05284535e-05  6.74288728e+02  2.31664849e-02  6.43712240e+02 
 1.05287163e-05  6.74288740e+02  2.24722778e-02  6.46991421e+02 
 1.05289811e-05  6.74288753e+02  2.17678959e-02  6.50021840e+02 
 1.05292482e-05  6.74288765e+02  2.10533244e-02  6.52814043e+02 
 1.05295176e-05  6.74288777e+02  2.03285061e-02  6.55378615e+02 
 1.05297894e-05  6.74288788e+02  1.95933646e-02  6.57726075e+02 
 1.05300638e-05  6.74288800e+02  1.88477813e-02  6.59866948e+02 
 1.05303410e-05  6.74288810e+02  1.80916118e-02  6.61811699e+02 
 1.05306210e-05  6.74288821e+02  1.73246686e-02  6.63570771e+02 
 1.05309042e-05  6.74288831e+02  1.65467331e-02  6.65154542e+02 
 1.05311905e-05  6.74288841e+02  1.57575425e-02  6.66573343e+02 
 1.05314802e-05  6.74288851e+02  1.49567989e-02  6.67837428e+02 
 1.05317736e-05  6.74288860e+02  1.41441617e-02  6.68956973e+02 
 1.05320707e-05  6.74288868e+02  1.33192566e-02  6.69942053e+02 
 1.05323714e-05  6.74288877e+02  1.24829976e-02  6.70801374e+02 
 1.05326697e-05  6.74288884e+02  1.16519881e-02  6.71531550e+02 
 1.05329680e-05  6.74288891e+02  1.08199080e-02  6.72153125e+02 
 1.05332620e-05  6.74288898e+02  9.99885093e-03  6.72671642e+02 
 1.05335528e-05  6.74288904e+02  9.18592953e-03  6.73103484e+02 
 1.05338364e-05  6.74288909e+02  8.39247467e-03  6.73456469e+02 
 1.05341117e-05  6.74288914e+02  7.62189445e-03  6.73742696e+02 
 1.05343735e-05  6.74288918e+02  6.88875929e-03  6.73969836e+02 
 1.05345888e-05  6.74288921e+02  6.28541991e-03  6.74127716e+02 
 1.05346349e-05  6.74288921e+02  6.15622096e-03  6.74158418e+02 
 1.05347160e-05  6.74288922e+02  5.92909232e-03  6.74209890e+02 
 1.05347929e-05  6.74288923e+02  5.71330001e-03  6.74255945e+02 
 1.05348893e-05  6.74288925e+02  5.44317198e-03  6.74309862e+02 
 1.05349836e-05  6.74288926e+02  5.17873157e-03  6.74358810e+02 
 1.05351043e-05  6.74288927e+02  4.84040308e-03  6.74416207e+02 
 1.05352216e-05  6.74288928e+02  4.51150947e-03  6.74466703e+02 
 1.05353685e-05  6.74288929e+02  4.09949091e-03  6.74523083e+02 
 1.05355204e-05  6.74288931e+02  3.67339583e-03  6.74573909e+02 
 1.05356180e-05  6.74288931e+02  3.39983863e-03  6.74602787e+02 
 1.05357081e-05  6.74288932e+02  3.14694968e-03  6.74627018e+02 
 1.05358090e-05  6.74288933e+02  2.86393027e-03  6.74651455e+02 
 1.05359263e-05  6.74288933e+02  2.53492821e-03  6.74676467e+02 
 1.05360014e-05  6.74288934e+02  2.32414068e-03  6.74690645e+02 
 1.05360780e-05  6.74288934e+02  2.10933816e-03  6.74703658e+02 
 1.05361469e-05  6.74288934e+02  1.91589979e-03  6.74714165e+02 
 1.05362132e-05  6.74288935e+02  1.72988095e-03  6.74723208e+02 
 1.05362850e-05  6.74288935e+02  1.52851395e-03  6.74731842e+02 
 1.05363518e-05  6.74288935e+02  1.34112801e-03  6.74738815e+02 
 1.05364248e-05  6.74288935e+02  1.13621933e-03  6.74745283e+02 
 1.05365045e-05  6.74288936e+02  9.12717607e-04  6.74750983e+02 
 1.05365767e-05  6.74288936e+02  7.10181312e-04  6.74754945e+02 
 1.05366173e-05  6.74288936e+02  5.96177398e-04  6.74756679e+02 
 1.05366667e-05  6.74288936e+02  4.57437237e-04  6.74758313e+02 
 1.05367161e-05  6.74288936e+02  3.19033626e-04  6.74759429e+02 
 1.05367670e-05  6.74288936e+02  1.76129479e-04  6.74760050e+02 
 1.05368185e-05  6.74288936e+02  3.16461541e-05  6.74760135e+02 
 1.05368757e-05  6.74288936e+02 -1.28791285e-04  6.74759599e+02 
 1.05369284e-05  6.74288936e+02 -2.76624361e-04  6.74758523e+02 
 1.05369868e-05  6.74288936e+02 -4.40474564e-04  6.74756684e+02 
 1.05370429e-05  6.74288936e+02 -5.97853611e-04  6.74754279e+02 
 1.05371076e-05  6.74288936e+02 -7.79622280e-04  6.74750724e+02 
 1.05371756e-05  6.74288935e+02 -9.70313028e-04  6.74746093e+02 
 1.05372668e-05  6.74288935e+02 -1.22622711e-03  6.74738409e+02 
 1.05373291e-05  6.74288935e+02 -1.40104137e-03  6.74732172e+02 
 1.05373923e-05  6.74288935e+02 -1.57823269e-03  6.74725014e+02 
 1.05374553e-05  6.74288935e+02 -1.75503847e-03  6.74717012e+02 
 1.05375207e-05  6.74288934e+02 -1.93859905e-03  6.74707771e+02 
 1.05375930e-05  6.74288934e+02 -2.14151293e-03  6.74696418e+02 
 1.05376616e-05  6.74288934e+02 -2.33388415e-03  6.74684516e+02 
 1.05377361e-05  6.74288933e+02 -2.54275368e-03  6.74670299e+02 
 1.05378124e-05  6.74288933e+02 -2.75701726e-03  6.74654265e+02 
 1.05378974e-05  6.74288932e+02 -2.99547419e-03  6.74634631e+02 
 1.05379922e-05  6.74288932e+02 -3.26118566e-03  6.74610439e+02 
 1.05381047e-05  6.74288931e+02 -3.57671860e-03  6.74578391e+02 
 1.05382540e-05  6.74288930e+02 -3.99566077e-03  6.74529930e+02 
 1.05383180e-05  6.74288929e+02 -4.17502170e-03  6.74506999e+02 
 1.05384096e-05  6.74288928e+02 -4.43204156e-03  6.74471735e+02 
 1.05384966e-05  6.74288928e+02 -4.67583140e-03  6.74435556e+02 
 1.05385607e-05  6.74288927e+02 -4.85548781e-03  6.74407116e+02 
 1.05386164e-05  6.74288926e+02 -5.01167902e-03  6.74381120e+02 
 1.05386682e-05  6.74288926e+02 -5.15710867e-03  6.74355818e+02 
 1.05387169e-05  6.74288925e+02 -5.29368810e-03  6.74331065e+02 
 1.05387645e-05  6.74288925e+02 -5.42705403e-03  6.74305945e+02 
 1.05388140e-05  6.74288924e+02 -5.56578888e-03  6.74278790e+02 
 1.05388679e-05  6.74288923e+02 -5.71691152e-03  6.74247990e+02 
 1.05389312e-05  6.74288923e+02 -5.89418839e-03  6.74210191e+02 
 1.05389981e-05  6.74288922e+02 -6.08187282e-03  6.74168141e+02 
 1.05390712e-05  6.74288921e+02 -6.28674914e-03  6.74119767e+02 
 1.05391461e-05  6.74288920e+02 -6.49646921e-03  6.74067472e+02 
 1.05392259e-05  6.74288919e+02 -6.72016391e-03  6.74008468e+02 
 1.05393072e-05  6.74288918e+02 -6.94785168e-03  6.73944849e+02 
 1.05393930e-05  6.74288916e+02 -7.18831840e-03  6.73873586e+02 
 1.05394802e-05  6.74288915e+02 -7.43236092e-03  6.73796793e+02 
 1.05395715e-05  6.74288913e+02 -7.68821590e-03  6.73711226e+02 
 1.05396641e-05  6.74288912e+02 -7.94742887e-03  6.73619007e+02 
 1.05397607e-05  6.74288910e+02 -8.21769836e-03  6.73516646e+02 
 1.05398585e-05  6.74288908e+02 -8.49134557e-03  6.73406234e+02 
 1.05399600e-05  6.74288907e+02 -8.77543382e-03  6.73284047e+02 
 1.05400628e-05  6.74288905e+02 -9.06304686e-03  6.73152104e+02 
 1.05402684e-05  6.74288901e+02 -9.63803005e-03  6.72861793e+02 
 1.05405175e-05  6.74288895e+02 -1.03339700e-02  6.72458842e+02 
 1.05407453e-05  6.74288890e+02 -1.09699378e-02  6.72035924e+02 
 1.05410362e-05  6.74288883e+02 -1.17811405e-02  6.71411785e+02 
 1.05413595e-05  6.74288875e+02 -1.26815499e-02  6.70594003e+02 
 1.05416843e-05  6.74288866e+02 -1.35844954e-02  6.69624216e+02 
 1.05420150e-05  6.74288856e+02 -1.45016603e-02  6.68465231e+02 
 1.05423320e-05  6.74288846e+02 -1.53788305e-02  6.67172012e+02 
 1.05426486e-05  6.74288835e+02 -1.62523715e-02  6.65682914e+02 
 1.05429541e-05  6.74288824e+02 -1.70926716e-02  6.64039481e+02 
 1.05432583e-05  6.74288813e+02 -1.79266669e-02  6.62181594e+02 
 1.05435545e-05  6.74288801e+02 -1.87352346e-02  6.60142384e+02 
 1.05438491e-05  6.74288789e+02 -1.95359463e-02  6.57869097e+02 
 1.05441375e-05  6.74288777e+02 -2.03159477e-02  6.55388360e+02 
 1.05444240e-05  6.74288764e+02 -2.10867535e-02  6.52654609e+02 
 1.05447056e-05  6.74288752e+02 -2.18397654e-02  6.49688377e+02 
 1.05449851e-05  6.74288738e+02 -2.25826310e-02  6.46450296e+02 
 1.05452607e-05  6.74288725e+02 -2.33095989e-02  6.42955391e+02 
 1.05455342e-05  6.74288711e+02 -2.40257642e-02  6.39169628e+02 
 1.05458044e-05  6.74288697e+02 -2.47272498e-02  6.35103304e+02 
 1.05460726e-05  6.74288683e+02 -2.54174353e-02  6.30726959e+02 
 1.05463381e-05  6.74288668e+02 -2.60936750e-02  6.26046937e+02 
 1.05466017e-05  6.74288653e+02 -2.67581854e-02  6.21037651e+02 
 1.05468629e-05  6.74288638e+02 -2.74091296e-02  6.15702200e+02 
 1.05471224e-05  6.74288623e+02 -2.80479296e-02  6.10018239e+02 
 1.05473799e-05  6.74288608e+02 -2.86732775e-02  6.03986244e+02 
 1.05476358e-05  6.74288592e+02 -2.92860482e-02  5.97586555e+02 
 1.05478899e-05  6.74288576e+02 -2.98852762e-02  5.90817563e+02 
 1.05481427e-05  6.74288560e+02 -3.04714553e-02  5.83661823e+02 
 1.05483939e-05  6.74288543e+02 -3.10438381e-02  5.76116087e+02 
 1.05486440e-05  6.74288526e+02 -3.16026490e-02  5.68164729e+02 
 1.05488927e-05  6.74288510e+02 -3.21472747e-02  5.59803236e+02 
 1.05491403e-05  6.74288492e+02 -3.26777459e-02  5.51017465e+02 
 1.05493868e-05  6.74288475e+02 -3.31935270e-02  5.41801940e+02 
 1.05496324e-05  6.74288458e+02 -3.36945053e-02  5.32143724e+02 
 1.05498771e-05  6.74288440e+02 -3.41801841e-02  5.22036610e+02 
 1.05501211e-05  6.74288422e+02 -3.46503410e-02  5.11468634e+02 
 1.05503643e-05  6.74288404e+02 -3.51044915e-02  5.00433032e+02 
 1.05506069e-05  6.74288386e+02 -3.55423250e-02  4.88918608e+02 
 1.05508489e-05  6.74288368e+02 -3.59633499e-02  4.76918161e+02 
 1.05510906e-05  6.74288349e+02 -3.63671803e-02  4.64421072e+02 
 1.05513318e-05  6.74288330e+02 -3.67533030e-02  4.51419770e+02 
 1.05515728e-05  6.74288311e+02 -3.71212634e-02  4.37904029e+02 
 1.05518137e-05  6.74288292e+02 -3.74705140e-02  4.23865908e+02 
 1.05520544e-05  6.74288273e+02 -3.78005330e-02  4.09295378e+02 
 1.05522952e-05  6.74288253e+02 -3.81107267e-02  3.94184068e+02 
 1.05525361e-05  6.74288234e+02 -3.84005031e-02  3.78521905e+02 
 1.05527772e-05  6.74288214e+02 -3.86692087e-02  3.62299941e+02 
 1.05530187e-05  6.74288194e+02 -3.89161730e-02  3.45507758e+02 
 1.05532607e-05  6.74288174e+02 -3.91406670e-02  3.28135571e+02 
 1.05535034e-05  6.74288154e+02 -3.93419274e-02  3.10172198e+02 
 1.05537468e-05  6.74288133e+02 -3.95191282e-02  2.91606585e+02 
 1.05539911e-05  6.74288113e+02 -3.96713904e-02  2.72426181e+02 
 1.05542365e-05  6.74288092e+02 -3.97977609e-02  2.52617979e+02 
 1.05544832e-05  6.74288071e+02 -3.98972102e-02  2.32167139e+02 
 1.05547315e-05  6.74288050e+02 -3.99686128e-02  2.11057589e+02 
 1.05549815e-05  6.74288029e+02 -4.00107339e-02  1.89270737e+02 
 1.05552335e-05  6.74288007e+02 -4.00222048e-02  1.66785605e+02 
 1.05554879e-05  6.74287986e+02 -4.00014956e-02  1.43577406e+02 
 1.05557450e-05  6.74287964e+02 -3.99468934e-02  1.19622467e+02 
 1.05560008e-05  6.74287942e+02 -3.98582602e-02  9.53046525e+01 
 1.05562582e-05  6.74287920e+02 -3.97339192e-02  7.03858814e+01 
 1.05565144e-05  6.74287899e+02 -3.95744242e-02  4.51452134e+01 
 1.05567718e-05  6.74287877e+02 -3.93776950e-02  1.93808524e+01 
 1.05570287e-05  6.74287856e+02 -3.91444042e-02 -6.69825304e+00 
 1.05572868e-05  6.74287834e+02 -3.88723772e-02 -3.32313916e+01 
 1.05575447e-05  6.74287813e+02 -3.85622507e-02 -6.00554499e+01 
 1.05578037e-05  6.74287792e+02 -3.82119283e-02 -8.72600792e+01 
 1.05580630e-05  6.74287771e+02 -3.78219174e-02 -1.14715634e+02 
 1.05583234e-05  6.74287750e+02 -3.73902591e-02 -1.42474930e+02 
 1.05585844e-05  6.74287729e+02 -3.69173675e-02 -1.70427343e+02 
 1.05588467e-05  6.74287709e+02 -3.64011066e-02 -1.98616047e+02 
 1.05591097e-05  6.74287689e+02 -3.58421239e-02 -2.26923468e+02 
 1.05593743e-05  6.74287669e+02 -3.52382547e-02 -2.55378186e+02 
 1.05596400e-05  6.74287649e+02 -3.45898977e-02 -2.83879024e+02 
 1.05599073e-05  6.74287629e+02 -3.38950690e-02 -3.12430782e+02 
 1.05601761e-05  6.74287610e+02 -3.31538969e-02 -3.40943847e+02 
 1.05604468e-05  6.74287591e+02 -3.23645540e-02 -3.69403117e+02 
 1.05607194e-05  6.74287573e+02 -3.15269015e-02 -3.97725660e+02 
 1.05609942e-05  6.74287555e+02 -3.06392029e-02 -4.25880135e+02 
 1.05612713e-05  6.74287537e+02 -2.97010482e-02 -4.53786244e+02 
 1.05615250e-05  6.74287521e+02 -2.88045386e-02 -4.78859125e+02 
 1.05617723e-05  6.74287506e+02 -2.78972979e-02 -5.02791045e+02 
 1.05620009e-05  6.74287493e+02 -2.70296266e-02 -5.24432222e+02 
 1.05622241e-05  6.74287480e+02 -2.61564772e-02 -5.45068461e+02 
 1.05624344e-05  6.74287469e+02 -2.53104568e-02 -5.64041803e+02 
 1.05626403e-05  6.74287458e+02 -2.44607801e-02 -5.82144552e+02 
 1.05628368e-05  6.74287448e+02 -2.36306967e-02 -5.98957088e+02 
 1.05630295e-05  6.74287438e+02 -2.27996600e-02 -6.14967078e+02 
 1.05632148e-05  6.74287430e+02 -2.19842137e-02 -6.29913058e+02 
 1.05633964e-05  6.74287421e+02 -2.11704784e-02 -6.44104626e+02 
 1.05635720e-05  6.74287413e+02 -2.03700801e-02 -6.57385548e+02 
 1.05637441e-05  6.74287406e+02 -1.95736031e-02 -6.69957140e+02 
 1.05639111e-05  6.74287399e+02 -1.87891910e-02 -6.81730289e+02 
 1.05640747e-05  6.74287393e+02 -1.80104912e-02 -6.92838591e+02 
 1.05642338e-05  6.74287387e+02 -1.72432219e-02 -7.03234900e+02 
 1.05643897e-05  6.74287381e+02 -1.64831448e-02 -7.13010082e+02 
 1.05645416e-05  6.74287376e+02 -1.57342977e-02 -7.22142996e+02 
 1.05646904e-05  6.74287371e+02 -1.49939017e-02 -7.30697486e+02 
 1.05648355e-05  6.74287367e+02 -1.42648339e-02 -7.38668385e+02 
 1.05649775e-05  6.74287363e+02 -1.35453220e-02 -7.46102438e+02 
 1.05651161e-05  6.74287359e+02 -1.28374460e-02 -7.53004164e+02 
 1.05652517e-05  6.74287355e+02 -1.21401292e-02 -7.59409482e+02 
 1.05653840e-05  6.74287352e+02 -1.14549088e-02 -7.65328688e+02 
 1.05655134e-05  6.74287349e+02 -1.07811906e-02 -7.70790844e+02 
 1.05656396e-05  6.74287346e+02 -1.01201483e-02 -7.75809617e+02 
 1.05657628e-05  6.74287343e+02 -9.47152656e-03 -7.80409724e+02 
 1.05658828e-05  6.74287341e+02 -8.83626241e-03 -7.84606741e+02 
 1.05659999e-05  6.74287339e+02 -8.21434436e-03 -7.88422634e+02 
 1.05661139e-05  6.74287337e+02 -7.60656515e-03 -7.91874011e+02 
 1.05662248e-05  6.74287335e+02 -7.01309783e-03 -7.94981099e+02 
 1.05663326e-05  6.74287334e+02 -6.43466064e-03 -7.97761037e+02 
 1.05664372e-05  6.74287332e+02 -5.87157894e-03 -8.00232954e+02 
 1.05665387e-05  6.74287331e+02 -5.32455442e-03 -8.02414241e+02 
 1.05666368e-05  6.74287330e+02 -4.79405527e-03 -8.04323347e+02 
 1.05667316e-05  6.74287329e+02 -4.28082196e-03 -8.05977772e+02 
 1.05668229e-05  6.74287328e+02 -3.78547933e-03 -8.07395566e+02 
 1.05669106e-05  6.74287328e+02 -3.30887074e-03 -8.08594285e+02 
 1.05669947e-05  6.74287327e+02 -2.85182248e-03 -8.09591772e+02 
 1.05670749e-05  6.74287327e+02 -2.41537207e-03 -8.10405653e+02 
 1.05671510e-05  6.74287326e+02 -2.00064537e-03 -8.11053723e+02 
 1.05672229e-05  6.74287326e+02 -1.60903423e-03 -8.11553736e+02 
 1.05672902e-05  6.74287326e+02 -1.24217999e-03 -8.11923609e+02 
 1.05673525e-05  6.74287326e+02 -9.02176451e-04 -8.12181369e+02 
 1.05674033e-05  6.74287326e+02 -6.25150546e-04 -8.12330932e+02 
 1.05674447e-05  6.74287326e+02 -3.99279104e-04 -8.12412719e+02 
 1.05674783e-05  6.74287326e+02 -2.15806532e-04 -8.12452605e+02 
 1.05675056e-05  6.74287326e+02 -6.66560241e-05 -8.12467495e+02 
 1.05675329e-05  6.74287326e+02  8.20762945e-05 -8.12466684e+02 
 1.05675611e-05  6.74287326e+02  2.36166095e-04 -8.12449351e+02 
 1.05675966e-05  6.74287326e+02  4.29542308e-04 -8.12403850e+02 
 1.05676390e-05  6.74287326e+02  6.60907391e-04 -8.12314671e+02 
 1.05676882e-05  6.74287326e+02  9.29578189e-04 -8.12163614e+02 
 1.05677432e-05  6.74287326e+02  1.22946963e-03 -8.11934699e+02 
 1.05678035e-05  6.74287326e+02  1.55793525e-03 -8.11610941e+02 
 1.05678683e-05  6.74287326e+02  1.91143846e-03 -8.11177144e+02 
 1.05679376e-05  6.74287327e+02  2.28873770e-03 -8.10616428e+02 
 1.05680109e-05  6.74287327e+02  2.68780529e-03 -8.09913434e+02 
 1.05680881e-05  6.74287327e+02  3.10792373e-03 -8.09051071e+02 
 1.05681690e-05  6.74287328e+02  3.54767220e-03 -8.08013821e+02 
 1.05682536e-05  6.74287329e+02  4.00647249e-03 -8.06784574e+02 
 1.05683415e-05  6.74287329e+02  4.48322124e-03 -8.05347732e+02 
 1.05684328e-05  6.74287330e+02  4.97740098e-03 -8.03686252e+02 
 1.05685274e-05  6.74287331e+02  5.48812061e-03 -8.01784442e+02 
 1.05686251e-05  6.74287333e+02  6.01490294e-03 -7.99625325e+02 
 1.05687259e-05  6.74287334e+02  6.55700563e-03 -7.97193086e+02 
 1.05688297e-05  6.74287335e+02  7.11397860e-03 -7.94470792e+02 
 1.05689365e-05  6.74287337e+02  7.68518310e-03 -7.91442484e+02 
 1.05690463e-05  6.74287339e+02  8.27018685e-03 -7.88091240e+02 
 1.05691589e-05  6.74287341e+02  8.86842293e-03 -7.84400931e+02 
 1.05692745e-05  6.74287343e+02  9.47947021e-03 -7.80354604e+02 
 1.05693928e-05  6.74287346e+02  1.01028114e-02 -7.75935925e+02 
 1.05695141e-05  6.74287348e+02  1.07380315e-02 -7.71127850e+02 
 1.05696381e-05  6.74287351e+02  1.13846467e-02 -7.65913786e+02 
 1.05697650e-05  6.74287355e+02  1.20422444e-02 -7.60276518e+02 
 1.05698948e-05  6.74287358e+02  1.27103623e-02 -7.54199129e+02 
 1.05700274e-05  6.74287362e+02  1.33885869e-02 -7.47664120e+02 
 1.05701629e-05  6.74287366e+02  1.40764686e-02 -7.40654145e+02 
 1.05703013e-05  6.74287370e+02  1.47735906e-02 -7.33151287e+02 
 1.05704427e-05  6.74287374e+02  1.54795089e-02 -7.25137618e+02 
 1.05705871e-05  6.74287379e+02  1.61938014e-02 -7.16594610e+02 
 1.05707345e-05  6.74287384e+02  1.69160249e-02 -7.07503545e+02 
 1.05708851e-05  6.74287390e+02  1.76457502e-02 -6.97845017e+02 
 1.05710389e-05  6.74287396e+02  1.83825315e-02 -6.87599214e+02 
 1.05711960e-05  6.74287402e+02  1.91259316e-02 -6.76745477e+02 
 1.05713565e-05  6.74287409e+02  1.98755003e-02 -6.65262458e+02 
 1.05715205e-05  6.74287416e+02  2.06307924e-02 -6.53127703e+02 
 1.05716882e-05  6.74287423e+02  2.13913532e-02 -6.40317672e+02 
 1.05718598e-05  6.74287431e+02  2.21567315e-02 -6.26807307e+02 
 1.05720353e-05  6.74287440e+02  2.29264703e-02 -6.12569888e+02 
 1.05722151e-05  6.74287449e+02  2.37001173e-02 -5.97576506e+02 
 1.05723993e-05  6.74287458e+02  2.44772201e-02 -5.81795701e+02 
 1.05725883e-05  6.74287468e+02  2.52573357e-02 -5.65192727e+02 
 1.05727823e-05  6.74287479e+02  2.60400305e-02 -5.47728832e+02 
 1.05729818e-05  6.74287490e+02  2.68248922e-02 -5.29360087e+02 
 1.05731872e-05  6.74287502e+02  2.76115364e-02 -5.10036015e+02 
 1.05733991e-05  6.74287514e+02  2.83996255e-02 -4.89697508e+02 
 1.05736182e-05  6.74287528e+02  2.91888893e-02 -4.68274076e+02 
 1.05738452e-05  6.74287542e+02  2.99791633e-02 -4.45679676e+02 
 1.05740812e-05  6.74287557e+02  3.07704431e-02 -4.21806628e+02 
 1.05743277e-05  6.74287574e+02  3.15629799e-02 -3.96515918e+02 
 1.05745865e-05  6.74287591e+02  3.23574402e-02 -3.69621369e+02 
 1.05748601e-05  6.74287610e+02  3.31552048e-02 -3.40861614e+02 
 1.05751331e-05  6.74287630e+02  3.39076780e-02 -3.11892318e+02 
 1.05754058e-05  6.74287650e+02  3.46151886e-02 -2.82762521e+02 
 1.05756750e-05  6.74287670e+02  3.52700453e-02 -2.53884959e+02 
 1.05759425e-05  6.74287690e+02  3.58781117e-02 -2.25113739e+02 
 1.05762072e-05  6.74287710e+02  3.64379327e-02 -1.96622410e+02 
 1.05764708e-05  6.74287731e+02  3.69536649e-02 -1.68301939e+02 
 1.05767325e-05  6.74287752e+02  3.74246730e-02 -1.40283421e+02 
 1.05769932e-05  6.74287772e+02  3.78535948e-02 -1.12507038e+02 
 1.05772524e-05  6.74287793e+02  3.82403110e-02 -8.50761080e+01 
 1.05775108e-05  6.74287815e+02  3.85866167e-02 -5.79632620e+01 
 1.05777680e-05  6.74287836e+02  3.88929848e-02 -3.12316833e+01 
 1.05780245e-05  6.74287857e+02  3.91606381e-02 -4.88142175e+00 
 1.05782802e-05  6.74287878e+02  3.93902831e-02  2.10446827e+01 
 1.05785352e-05  6.74287900e+02  3.95829608e-02  4.65416512e+01 
 1.05787895e-05  6.74287921e+02  3.97394467e-02  7.15769559e+01 
 1.05790434e-05  6.74287943e+02  3.98606724e-02  9.61438012e+01 
 1.05792968e-05  6.74287964e+02  3.99474386e-02  1.20217091e+02 
 1.05795499e-05  6.74287986e+02  4.00006057e-02  1.43789647e+02 
 1.05798026e-05  6.74288007e+02  4.00209783e-02  1.66842233e+02 
 1.05800551e-05  6.74288029e+02  4.00093689e-02  1.89368197e+02 
 1.05803075e-05  6.74288050e+02  3.99665739e-02  2.11353066e+02 
 1.05805598e-05  6.74288072e+02  3.98933707e-02  2.32791326e+02 
 1.05808120e-05  6.74288093e+02  3.97905411e-02  2.53672389e+02 
 1.05810625e-05  6.74288114e+02  3.96598085e-02  2.73858154e+02 
 1.05813110e-05  6.74288135e+02  3.95027601e-02  2.93322094e+02 
 1.05815578e-05  6.74288156e+02  3.93205853e-02  3.12093069e+02 
 1.05818030e-05  6.74288176e+02  3.91145439e-02  3.30180680e+02 
 1.05820469e-05  6.74288197e+02  3.88854733e-02  3.47622383e+02 
 1.05822896e-05  6.74288217e+02  3.86344103e-02  3.64428716e+02 
 1.05825315e-05  6.74288236e+02  3.83620565e-02  3.80627158e+02 
 1.05827726e-05  6.74288256e+02  3.80693128e-02  3.96226878e+02 
 1.05830131e-05  6.74288275e+02  3.77568014e-02  4.11248891e+02 
 1.05832530e-05  6.74288295e+02  3.74253092e-02  4.25702465e+02 
 1.05834927e-05  6.74288314e+02  3.70753944e-02  4.39604934e+02 
 1.05837321e-05  6.74288332e+02  3.67077464e-02  4.52965948e+02 
 1.05839713e-05  6.74288351e+02  3.63228704e-02  4.65800498e+02 
 1.05842105e-05  6.74288369e+02  3.59213738e-02  4.78118504e+02 
 1.05844498e-05  6.74288388e+02  3.55037178e-02  4.89933393e+02 
 1.05846892e-05  6.74288405e+02  3.50704404e-02  5.01255256e+02 
 1.05849289e-05  6.74288423e+02  3.46219639e-02  5.12096484e+02 
 1.05851688e-05  6.74288441e+02  3.41587663e-02  5.22467281e+02 
 1.05854092e-05  6.74288458e+02  3.36812339e-02  5.32379361e+02 
 1.05856500e-05  6.74288475e+02  3.31897922e-02  5.41843011e+02 
 1.05858915e-05  6.74288492e+02  3.26847930e-02  5.50869506e+02 
 1.05861335e-05  6.74288509e+02  3.21666139e-02  5.59469202e+02 
 1.05863763e-05  6.74288525e+02  3.16355732e-02  5.67653098e+02 
 1.05866198e-05  6.74288542e+02  3.10920043e-02  5.75431605e+02 
 1.05868642e-05  6.74288558e+02  3.05361918e-02  5.82815555e+02 
 1.05871096e-05  6.74288573e+02  2.99684269e-02  5.89815408e+02 
 1.05873560e-05  6.74288589e+02  2.93889600e-02  5.96441898e+02 
 1.05876035e-05  6.74288604e+02  2.87980415e-02  6.02705526e+02 
 1.05878522e-05  6.74288619e+02  2.81958862e-02  6.08616976e+02 
 1.05881021e-05  6.74288634e+02  2.75827035e-02  6.14186782e+02 
 1.05883534e-05  6.74288649e+02  2.69586712e-02  6.19425601e+02 
 1.05886061e-05  6.74288663e+02  2.63239569e-02  6.24343998e+02 
 1.05888603e-05  6.74288677e+02  2.56786988e-02  6.28952613e+02 
 1.05891162e-05  6.74288691e+02  2.50230210e-02  6.33262031e+02 
 1.05893737e-05  6.74288705e+02  2.43570191e-02  6.37282882e+02 
 1.05896331e-05  6.74288718e+02  2.36807708e-02  6.41025759e+02 
 1.05898943e-05  6.74288731e+02  2.29943253e-02  6.44501278e+02 
 1.05901575e-05  6.74288743e+02  2.22977104e-02  6.47720027e+02 
 1.05904229e-05  6.74288756e+02  2.15909238e-02  6.50692599e+02 
 1.05906905e-05  6.74288768e+02  2.08739386e-02  6.53429561e+02 
 1.05909604e-05  6.74288780e+02  2.01466958e-02  6.55941470e+02 
 1.05912329e-05  6.74288791e+02  1.94091076e-02  6.58238851e+02 
 1.05915079e-05  6.74288802e+02  1.86610516e-02  6.60332208e+02 
 1.05917858e-05  6.74288813e+02  1.79023727e-02  6.62232000e+02 
 1.05920665e-05  6.74288824e+02  1.71328783e-02  6.63948649e+02 
 1.05923504e-05  6.74288834e+02  1.63523393e-02  6.65492523e+02 
 1.05926375e-05  6.74288843e+02  1.55604870e-02  6.66873927e+02 
 1.05929281e-05  6.74288853e+02  1.47570142e-02  6.68103096e+02 
 1.05932223e-05  6.74288862e+02  1.39415748e-02  6.69190177e+02 
 1.05935203e-05  6.74288870e+02  1.31137880e-02  6.70145214e+02 
 1.05938207e-05  6.74288878e+02  1.22781237e-02  6.70973665e+02 
 1.05941192e-05  6.74288886e+02  1.14462203e-02  6.71677938e+02 
 1.05944168e-05  6.74288893e+02  1.06157373e-02  6.72274879e+02 
 1.05947105e-05  6.74288899e+02  9.79550318e-03  6.72772697e+02 
 1.05950002e-05  6.74288905e+02  8.98563090e-03  6.73185683e+02 
 1.05952825e-05  6.74288910e+02  8.19569872e-03  6.73522714e+02 
 1.05955555e-05  6.74288915e+02  7.43131192e-03  6.73794850e+02 
 1.05958143e-05  6.74288919e+02  6.70640077e-03  6.74010099e+02 
 1.05960226e-05  6.74288922e+02  6.12267473e-03  6.74156750e+02 
 1.05960664e-05  6.74288922e+02  5.99990062e-03  6.74184829e+02 
 1.05961423e-05  6.74288923e+02  5.78722692e-03  6.74231322e+02 
 1.05962144e-05  6.74288924e+02  5.58516772e-03  6.74273058e+02 
 1.05962995e-05  6.74288925e+02  5.34652363e-03  6.74319419e+02 
 1.05963647e-05  6.74288926e+02  5.16377016e-03  6.74352859e+02 
 1.05964451e-05  6.74288927e+02  4.93832290e-03  6.74391746e+02 
 1.05965117e-05  6.74288927e+02  4.75177482e-03  6.74422021e+02 
 1.05965845e-05  6.74288928e+02  4.54745209e-03  6.74453281e+02 
 1.05966550e-05  6.74288929e+02  4.34987428e-03  6.74481691e+02 
 1.05967358e-05  6.74288929e+02  4.12327121e-03  6.74512157e+02 
 1.05968126e-05  6.74288930e+02  3.90793152e-03  6.74539096e+02 
 1.05969015e-05  6.74288931e+02  3.65864171e-03  6.74567935e+02 
 1.05969855e-05  6.74288931e+02  3.42293567e-03  6.74592981e+02 
 1.05970926e-05  6.74288932e+02  3.12251673e-03  6.74621918e+02 
 1.05972049e-05  6.74288933e+02  2.80759749e-03  6.74648826e+02 
 1.05973098e-05  6.74288933e+02  2.51323793e-03  6.74670955e+02 
 1.05973980e-05  6.74288934e+02  2.26591329e-03  6.74687381e+02 
 1.05974791e-05  6.74288934e+02  2.03837642e-03  6.74700802e+02 
 1.05975534e-05  6.74288935e+02  1.82982693e-03  6.74711718e+02 
 1.05976254e-05  6.74288935e+02  1.62775930e-03  6.74721055e+02 
 1.05977017e-05  6.74288935e+02  1.41370577e-03  6.74729641e+02 
 1.05977754e-05  6.74288935e+02  1.20691292e-03  6.74736681e+02 
 1.05978572e-05  6.74288935e+02  9.77292797e-04  6.74743077e+02 
 1.05979586e-05  6.74288936e+02  6.92998999e-04  6.74748960e+02 
 1.05980018e-05  6.74288936e+02  5.71797676e-04  6.74750792e+02 
 1.05980560e-05  6.74288936e+02  4.19771916e-04  6.74752529e+02 
 1.05981074e-05  6.74288936e+02  2.75390757e-04  6.74753605e+02 
 1.05981610e-05  6.74288936e+02  1.24899996e-04  6.74754141e+02 
 1.05982158e-05  6.74288936e+02 -2.87074045e-05  6.74754076e+02 
 1.05982768e-05  6.74288936e+02 -1.99961410e-04  6.74753283e+02 
 1.05983336e-05  6.74288936e+02 -3.59168218e-04  6.74751870e+02 
 1.05983970e-05  6.74288936e+02 -5.37112166e-04  6.74749523e+02 
 1.05984586e-05  6.74288936e+02 -7.10044571e-04  6.74746466e+02 
 1.05985318e-05  6.74288935e+02 -9.15441448e-04  6.74741837e+02 
 1.05986119e-05  6.74288935e+02 -1.14021984e-03  6.74735517e+02 
 1.05987244e-05  6.74288935e+02 -1.45561438e-03  6.74724392e+02 
 1.05987917e-05  6.74288935e+02 -1.64457940e-03  6.74716429e+02 
 1.05988622e-05  6.74288934e+02 -1.84242163e-03  6.74707019e+02 
 1.05989336e-05  6.74288934e+02 -2.04274177e-03  6.74696342e+02 
 1.05990106e-05  6.74288934e+02 -2.25865910e-03  6.74683496e+02 
 1.05990858e-05  6.74288933e+02 -2.46979439e-03  6.74669552e+02 
 1.05991673e-05  6.74288933e+02 -2.69829949e-03  6.74652863e+02 
 1.05992542e-05  6.74288933e+02 -2.94193105e-03  6.74633173e+02 
 1.05993527e-05  6.74288932e+02 -3.21828448e-03  6.74608368e+02 
 1.05994692e-05  6.74288931e+02 -3.54505611e-03  6.74575481e+02 
 1.05996277e-05  6.74288930e+02 -3.98956893e-03  6.74524172e+02 
 1.05997191e-05  6.74288929e+02 -4.24591208e-03  6.74490908e+02 
 1.05998068e-05  6.74288928e+02 -4.49201778e-03  6.74456292e+02 
 1.05998544e-05  6.74288928e+02 -4.62540739e-03  6.74436387e+02 
 1.05999185e-05  6.74288927e+02 -4.80516703e-03  6.74408247e+02 
 1.05999969e-05  6.74288926e+02 -5.02493528e-03  6.74371723e+02 
 1.06000913e-05  6.74288925e+02 -5.28956430e-03  6.74324513e+02 
 1.06001999e-05  6.74288924e+02 -5.59393072e-03  6.74265622e+02 
 1.06003115e-05  6.74288923e+02 -5.90692532e-03  6.74199641e+02 
 1.06003608e-05  6.74288922e+02 -6.04489930e-03  6.74168722e+02 
 1.06004360e-05  6.74288921e+02 -6.25583867e-03  6.74119190e+02 
 1.06005174e-05  6.74288920e+02 -6.48397089e-03  6.74062431e+02 
 1.06006252e-05  6.74288918e+02 -6.78580100e-03  6.73982000e+02 
 1.06007543e-05  6.74288916e+02 -7.14749029e-03  6.73877158e+02 
 1.06008811e-05  6.74288914e+02 -7.50264448e-03  6.73764649e+02 
 1.06010087e-05  6.74288912e+02 -7.85995755e-03  6.73641247e+02 
 1.06011644e-05  6.74288910e+02 -8.29563906e-03  6.73475947e+02 
 1.06013370e-05  6.74288907e+02 -8.77883118e-03  6.73272079e+02 
 1.06014498e-05  6.74288904e+02 -9.09423249e-03  6.73126467e+02 
 1.06015954e-05  6.74288902e+02 -9.50150276e-03  6.72922776e+02 
 1.06017627e-05  6.74288898e+02 -9.96902802e-03  6.72665714e+02 
 1.06019019e-05  6.74288895e+02 -1.03578826e-02  6.72431631e+02 
 1.06021460e-05  6.74288889e+02 -1.10392034e-02  6.71973260e+02 
 1.06023539e-05  6.74288884e+02 -1.16192178e-02  6.71530391e+02 
 1.06025793e-05  6.74288879e+02 -1.22472552e-02  6.70990855e+02 
 1.06028788e-05  6.74288871e+02 -1.30805967e-02  6.70168605e+02 
 1.06031800e-05  6.74288862e+02 -1.39172341e-02  6.69207209e+02 
 1.06035157e-05  6.74288852e+02 -1.48474656e-02  6.67958437e+02 
 1.06038232e-05  6.74288842e+02 -1.56974409e-02  6.66631829e+02 
 1.06041449e-05  6.74288831e+02 -1.65839661e-02  6.65036858e+02 
 1.06044439e-05  6.74288820e+02 -1.74052481e-02  6.63345429e+02 
 1.06047508e-05  6.74288808e+02 -1.82451851e-02  6.61379980e+02 
 1.06050420e-05  6.74288797e+02 -1.90388179e-02  6.59281825e+02 
 1.06053378e-05  6.74288784e+02 -1.98413795e-02  6.56898347e+02 
 1.06056225e-05  6.74288772e+02 -2.06096688e-02  6.54346789e+02 
 1.06059095e-05  6.74288759e+02 -2.13800527e-02  6.51498621e+02 
 1.06061882e-05  6.74288747e+02 -2.21236625e-02  6.48449592e+02 
 1.06064678e-05  6.74288733e+02 -2.28646772e-02  6.45092164e+02 
 1.06067412e-05  6.74288720e+02 -2.35837853e-02  6.41502988e+02 
 1.06070145e-05  6.74288706e+02 -2.42971366e-02  6.37592541e+02 
 1.06072830e-05  6.74288692e+02 -2.49917661e-02  6.33421068e+02 
 1.06075509e-05  6.74288677e+02 -2.56784647e-02  6.28914349e+02 
 1.06078150e-05  6.74288663e+02 -2.63484845e-02  6.24118860e+02 
 1.06080782e-05  6.74288648e+02 -2.70090164e-02  6.18973203e+02 
 1.06083383e-05  6.74288632e+02 -2.76541211e-02  6.13512485e+02 
 1.06085973e-05  6.74288617e+02 -2.82885604e-02  6.07685912e+02 
 1.06088539e-05  6.74288601e+02 -2.89082671e-02  6.01519322e+02 
 1.06091094e-05  6.74288586e+02 -2.95163571e-02  5.94970603e+02 
 1.06093628e-05  6.74288570e+02 -3.01100097e-02  5.88058120e+02 
 1.06096151e-05  6.74288553e+02 -3.06912198e-02  5.80746810e+02 
 1.06098657e-05  6.74288537e+02 -3.12579937e-02  5.73049079e+02 
 1.06101153e-05  6.74288520e+02 -3.18115588e-02  5.64935543e+02 
 1.06103635e-05  6.74288503e+02 -3.23504657e-02  5.56413898e+02 
 1.06106108e-05  6.74288486e+02 -3.28754123e-02  5.47459314e+02 
 1.06108569e-05  6.74288468e+02 -3.33853030e-02  5.38075793e+02 
 1.06111022e-05  6.74288451e+02 -3.38804665e-02  5.28242128e+02 
 1.06113465e-05  6.74288433e+02 -3.43600317e-02  5.17959445e+02 
 1.06115902e-05  6.74288415e+02 -3.48240654e-02  5.07209400e+02 
 1.06118332e-05  6.74288397e+02 -3.52718334e-02  4.95990881e+02 
 1.06120756e-05  6.74288379e+02 -3.57032120e-02  4.84287785e+02 
 1.06123174e-05  6.74288360e+02 -3.61175428e-02  4.72097247e+02 
 1.06125589e-05  6.74288342e+02 -3.65145584e-02  4.59404879e+02 
 1.06128001e-05  6.74288323e+02 -3.68936333e-02  4.46206418e+02 
 1.06130410e-05  6.74288304e+02 -3.72543856e-02  4.32488740e+02 
 1.06132818e-05  6.74288285e+02 -3.75961912e-02  4.18246410e+02 
 1.06135226e-05  6.74288265e+02 -3.79185699e-02  4.03467156e+02 
 1.06137634e-05  6.74288246e+02 -3.82208739e-02  3.88144478e+02 
 1.06140044e-05  6.74288226e+02 -3.85025312e-02  3.72266547e+02 
 1.06142456e-05  6.74288206e+02 -3.87628481e-02  3.55825775e+02 
 1.06144873e-05  6.74288186e+02 -3.90011585e-02  3.38810328e+02 
 1.06147296e-05  6.74288166e+02 -3.92167002e-02  3.21211351e+02 
 1.06149725e-05  6.74288146e+02 -3.94087018e-02  3.03016461e+02 
 1.06152162e-05  6.74288125e+02 -3.95763062e-02  2.84215152e+02 
 1.06154610e-05  6.74288105e+02 -3.97186153e-02  2.64793761e+02 
 1.06157069e-05  6.74288084e+02 -3.98346417e-02  2.44739444e+02 
 1.06159542e-05  6.74288063e+02 -3.99233245e-02  2.24036198e+02 
 1.06162031e-05  6.74288042e+02 -3.99834954e-02  2.02667669e+02 
 1.06164539e-05  6.74288021e+02 -4.00138720e-02  1.80613862e+02 
 1.06167068e-05  6.74287999e+02 -4.00130261e-02  1.57852903e+02 
 1.06169622e-05  6.74287977e+02 -3.99793550e-02  1.34357804e+02 
 1.06172188e-05  6.74287955e+02 -3.99116151e-02  1.10261949e+02 
 1.06174752e-05  6.74287934e+02 -3.98092836e-02  8.57120990e+01 
 1.06177321e-05  6.74287912e+02 -3.96713718e-02  6.06678601e+01 
 1.06179888e-05  6.74287890e+02 -3.94975797e-02  3.52246318e+01 
 1.06182460e-05  6.74287869e+02 -3.92867514e-02  9.33760347e+00 
 1.06185034e-05  6.74287847e+02 -3.90385795e-02 -1.69174478e+01 
 1.06187614e-05  6.74287826e+02 -3.87518720e-02 -4.35641137e+01 
 1.06190197e-05  6.74287805e+02 -3.84262983e-02 -7.05360564e+01 
 1.06192789e-05  6.74287784e+02 -3.80606918e-02 -9.78389105e+01 
 1.06195386e-05  6.74287763e+02 -3.76546727e-02 -1.25412986e+02 
 1.06197992e-05  6.74287742e+02 -3.72071101e-02 -1.53250244e+02 
 1.06200607e-05  6.74287722e+02 -3.67176262e-02 -1.81291187e+02 
 1.06203233e-05  6.74287701e+02 -3.61848488e-02 -2.09531489e+02 
 1.06205869e-05  6.74287681e+02 -3.56086846e-02 -2.37894312e+02 
 1.06208519e-05  6.74287661e+02 -3.49876378e-02 -2.66371886e+02 
 1.06211182e-05  6.74287642e+02 -3.43214824e-02 -2.94892153e+02 
 1.06213861e-05  6.74287622e+02 -3.36087860e-02 -3.23433425e+02 
 1.06216556e-05  6.74287603e+02 -3.28491583e-02 -3.51926573e+02 
 1.06219271e-05  6.74287584e+02 -3.20412133e-02 -3.80337312e+02 
 1.06222005e-05  6.74287566e+02 -3.11843862e-02 -4.08596772e+02 
 1.06224762e-05  6.74287548e+02 -3.02772845e-02 -4.36659645e+02 
 1.06227462e-05  6.74287531e+02 -2.93474869e-02 -4.63658348e+02 
 1.06229957e-05  6.74287516e+02 -2.84528535e-02 -4.88113035e+02 
 1.06232369e-05  6.74287501e+02 -2.75559298e-02 -5.11261896e+02 
 1.06234621e-05  6.74287488e+02 -2.66910749e-02 -5.32385563e+02 
 1.06236810e-05  6.74287476e+02 -2.58249965e-02 -5.52442648e+02 
 1.06238888e-05  6.74287465e+02 -2.49809597e-02 -5.70999260e+02 
 1.06240916e-05  6.74287454e+02 -2.41364255e-02 -5.88644095e+02 
 1.06242861e-05  6.74287444e+02 -2.33082799e-02 -6.05096356e+02 
 1.06244763e-05  6.74287435e+02 -2.24815674e-02 -6.20720133e+02 
 1.06246598e-05  6.74287426e+02 -2.16683678e-02 -6.35342395e+02 
 1.06248393e-05  6.74287418e+02 -2.08586163e-02 -6.49196620e+02 
 1.06250133e-05  6.74287411e+02 -2.00608311e-02 -6.62182306e+02 
 1.06251836e-05  6.74287404e+02 -1.92682193e-02 -6.74453339e+02 
 1.06253491e-05  6.74287397e+02 -1.84867764e-02 -6.85955410e+02 
 1.06255111e-05  6.74287391e+02 -1.77119547e-02 -6.96792492e+02 
 1.06256689e-05  6.74287385e+02 -1.69479936e-02 -7.06939043e+02 
 1.06258233e-05  6.74287379e+02 -1.61918947e-02 -7.16467467e+02 
 1.06259740e-05  6.74287374e+02 -1.54466804e-02 -7.25369949e+02 
 1.06261214e-05  6.74287370e+02 -1.47104215e-02 -7.33698869e+02 
 1.06262652e-05  6.74287365e+02 -1.39853006e-02 -7.41457211e+02 
 1.06264060e-05  6.74287361e+02 -1.32701262e-02 -7.48684636e+02 
 1.06265434e-05  6.74287357e+02 -1.25665056e-02 -7.55390596e+02 
 1.06266777e-05  6.74287354e+02 -1.18737578e-02 -7.61606655e+02 
 1.06268089e-05  6.74287351e+02 -1.11931007e-02 -7.67346059e+02 
 1.06269370e-05  6.74287348e+02 -1.05242096e-02 -7.72635207e+02 
 1.06270621e-05  6.74287345e+02 -9.86804422e-03 -7.77489501e+02 
 1.06271841e-05  6.74287343e+02 -9.22453296e-03 -7.81932045e+02 
 1.06273030e-05  6.74287340e+02 -8.59447184e-03 -7.85979411e+02 
 1.06274189e-05  6.74287338e+02 -7.97797585e-03 -7.89652595e+02 
 1.06275317e-05  6.74287336e+02 -7.37574720e-03 -7.92968766e+02 
 1.06276414e-05  6.74287335e+02 -6.78804785e-03 -7.95947571e+02 
 1.06277480e-05  6.74287333e+02 -6.21554159e-03 -7.98606453e+02 
 1.06278514e-05  6.74287332e+02 -5.65861923e-03 -8.00964202e+02 
 1.06279516e-05  6.74287331e+02 -5.11795478e-03 -8.03038365e+02 
 1.06280484e-05  6.74287330e+02 -4.59406928e-03 -8.04847200e+02 
 1.06281419e-05  6.74287329e+02 -4.08769764e-03 -8.06408285e+02 
 1.06282319e-05  6.74287328e+02 -3.59951457e-03 -8.07739563e+02 
 1.06283182e-05  6.74287328e+02 -3.13037949e-03 -8.08858636e+02 
 1.06284008e-05  6.74287327e+02 -2.68117638e-03 -8.09783298e+02 
 1.06284795e-05  6.74287327e+02 -2.25298711e-03 -8.10531207e+02 
 1.06285540e-05  6.74287326e+02 -1.84702015e-03 -8.11120153e+02 
 1.06286241e-05  6.74287326e+02 -1.46476087e-03 -8.11567935e+02 
 1.06286896e-05  6.74287326e+02 -1.10799831e-03 -8.11892505e+02 
 1.06287499e-05  6.74287326e+02 -7.79035615e-04 -8.12111975e+02 
 1.06287981e-05  6.74287326e+02 -5.16254600e-04 -8.12232301e+02 
 1.06288364e-05  6.74287326e+02 -3.07197530e-04 -8.12293153e+02 
 1.06288665e-05  6.74287326e+02 -1.43107793e-04 -8.12319271e+02 
 1.06288935e-05  6.74287326e+02  4.17603549e-06 -8.12326504e+02 
 1.06289220e-05  6.74287326e+02  1.60038622e-04 -8.12317456e+02 
 1.06289505e-05  6.74287326e+02  3.15431490e-04 -8.12291338e+02 
 1.06289921e-05  6.74287326e+02  5.42213487e-04 -8.12222583e+02 
 1.06290354e-05  6.74287326e+02  7.78552159e-04 -8.12112233e+02 
 1.06290897e-05  6.74287326e+02  1.07473545e-03 -8.11918161e+02 
 1.06291455e-05  6.74287326e+02  1.37910663e-03 -8.11654057e+02 
 1.06292096e-05  6.74287326e+02  1.72825081e-03 -8.11270334e+02 
 1.06292754e-05  6.74287327e+02  2.08656889e-03 -8.10786726e+02 
 1.06293477e-05  6.74287327e+02  2.48028725e-03 -8.10150341e+02 
 1.06294220e-05  6.74287327e+02  2.88476372e-03 -8.09381931e+02 
 1.06295018e-05  6.74287328e+02  3.31848442e-03 -8.08428672e+02 
 1.06295838e-05  6.74287328e+02  3.76404951e-03 -8.07309776e+02 
 1.06296705e-05  6.74287329e+02  4.23441245e-03 -8.05974733e+02 
 1.06297597e-05  6.74287330e+02  4.71716677e-03 -8.04439728e+02 
 1.06298529e-05  6.74287331e+02  5.22136807e-03 -8.02657733e+02 
 1.06299487e-05  6.74287332e+02  5.73811959e-03 -8.00641126e+02 
 1.06300482e-05  6.74287333e+02  6.27372708e-03 -7.98346809e+02 
 1.06301502e-05  6.74287335e+02  6.82177242e-03 -7.95783108e+02 
 1.06302557e-05  6.74287336e+02  7.38661488e-03 -7.92910858e+02 
 1.06303637e-05  6.74287338e+02  7.96358979e-03 -7.89734434e+02 
 1.06304750e-05  6.74287340e+02  8.55567575e-03 -7.86218330e+02 
 1.06305890e-05  6.74287342e+02  9.15944980e-03 -7.82363266e+02 
 1.06307060e-05  6.74287345e+02  9.77690994e-03 -7.78136972e+02 
 1.06308256e-05  6.74287347e+02  1.04055125e-02 -7.73536880e+02 
 1.06309483e-05  6.74287350e+02  1.10465580e-02 -7.68533467e+02 
 1.06310737e-05  6.74287353e+02  1.16981249e-02 -7.63121258e+02 
 1.06312020e-05  6.74287356e+02  1.23610166e-02 -7.57272957e+02 
 1.06313331e-05  6.74287360e+02  1.30337508e-02 -7.50980522e+02 
 1.06314671e-05  6.74287364e+02  1.37167756e-02 -7.44218369e+02 
 1.06316040e-05  6.74287368e+02  1.44089176e-02 -7.36976161e+02 
 1.06317439e-05  6.74287372e+02  1.51103696e-02 -7.29229512e+02 
 1.06318867e-05  6.74287377e+02  1.58201744e-02 -7.20965965e+02 
 1.06320326e-05  6.74287382e+02  1.65383407e-02 -7.12161811e+02 
 1.06321815e-05  6.74287387e+02  1.72640614e-02 -7.02802535e+02 
 1.06323336e-05  6.74287393e+02  1.79972111e-02 -6.92864552e+02 
 1.06324890e-05  6.74287399e+02  1.87370862e-02 -6.82331193e+02 
 1.06326477e-05  6.74287405e+02  1.94834634e-02 -6.71178372e+02 
 1.06328099e-05  6.74287412e+02  2.02357100e-02 -6.59386984e+02 
 1.06329757e-05  6.74287420e+02  2.09935316e-02 -6.46931660e+02 
 1.06331452e-05  6.74287427e+02  2.17563444e-02 -6.33790305e+02 
 1.06333187e-05  6.74287435e+02  2.25238041e-02 -6.19935225e+02 
 1.06334962e-05  6.74287444e+02  2.32953636e-02 -6.05340362e+02 
 1.06336781e-05  6.74287453e+02  2.40706475e-02 -5.89974197e+02 
 1.06338645e-05  6.74287463e+02  2.48491425e-02 -5.73805065e+02 
 1.06340559e-05  6.74287473e+02  2.56304639e-02 -5.56795289e+02 
 1.06342525e-05  6.74287484e+02  2.64141414e-02 -5.38904780e+02 
 1.06344548e-05  6.74287496e+02  2.71998129e-02 -5.20085809e+02 
 1.06346633e-05  6.74287508e+02  2.79870820e-02 -5.00284816e+02 
 1.06348785e-05  6.74287521e+02  2.87756669e-02 -4.79436974e+02 
 1.06351013e-05  6.74287535e+02  2.95653199e-02 -4.57465539e+02 
 1.06353325e-05  6.74287550e+02  3.03559636e-02 -4.34274495e+02 
 1.06355734e-05  6.74287565e+02  3.11476853e-02 -4.09743085e+02 
 1.06358255e-05  6.74287582e+02  3.19409227e-02 -3.83711771e+02 
 1.06360910e-05  6.74287600e+02  3.27366239e-02 -3.55963251e+02 
 1.06363702e-05  6.74287620e+02  3.35289319e-02 -3.26482336e+02 
 1.06366392e-05  6.74287640e+02  3.42490260e-02 -2.97843277e+02 
 1.06369140e-05  6.74287660e+02  3.49403337e-02 -2.68420291e+02 
 1.06371792e-05  6.74287680e+02  3.55646327e-02 -2.39935514e+02 
 1.06374480e-05  6.74287700e+02  3.61547496e-02 -2.11015233e+02 
 1.06377099e-05  6.74287720e+02  3.66883032e-02 -1.82847688e+02 
 1.06379744e-05  6.74287741e+02  3.71855551e-02 -1.54473052e+02 
 1.06382340e-05  6.74287762e+02  3.76331776e-02 -1.26738778e+02 
 1.06384953e-05  6.74287783e+02  3.80434220e-02 -9.89902787e+01 
 1.06387531e-05  6.74287804e+02  3.84087563e-02 -7.18267987e+01 
 1.06390117e-05  6.74287825e+02  3.87365360e-02 -4.48090113e+01 
 1.06392679e-05  6.74287846e+02  3.90230769e-02 -1.83372358e+01 
 1.06395246e-05  6.74287868e+02  3.92726437e-02  7.86795151e+00 
 1.06397794e-05  6.74287889e+02  3.94837083e-02  3.35340959e+01 
 1.06400345e-05  6.74287910e+02  3.96588965e-02  5.88477434e+01 
 1.06402883e-05  6.74287932e+02  3.97978650e-02  8.36196790e+01 
 1.06405422e-05  6.74287953e+02  3.99022850e-02  1.07973935e+02 
 1.06407952e-05  6.74287975e+02  3.99724760e-02  1.31778982e+02 
 1.06410483e-05  6.74287996e+02  4.00095644e-02  1.55116624e+02 
 1.06413008e-05  6.74288018e+02  4.00142232e-02  1.77895776e+02 
 1.06415534e-05  6.74288039e+02  3.99872794e-02  2.00170044e+02 
 1.06418056e-05  6.74288061e+02  3.99295759e-02  2.21876746e+02 
 1.06420579e-05  6.74288082e+02  3.98417838e-02  2.43051023e+02 
 1.06423101e-05  6.74288104e+02  3.97248103e-02  2.63650156e+02 
 1.06425591e-05  6.74288125e+02  3.95813333e-02  2.83438941e+02 
 1.06428073e-05  6.74288145e+02  3.94115163e-02  3.02597918e+02 
 1.06430528e-05  6.74288166e+02  3.92178745e-02  3.20998125e+02 
 1.06432977e-05  6.74288186e+02  3.90001516e-02  3.38791183e+02 
 1.06435407e-05  6.74288206e+02  3.87605205e-02  3.55897018e+02 
 1.06437832e-05  6.74288226e+02  3.84986853e-02  3.72419802e+02 
 1.06440245e-05  6.74288246e+02  3.82165234e-02  3.88308211e+02 
 1.06442654e-05  6.74288266e+02  3.79138124e-02  4.03633888e+02 
 1.06445055e-05  6.74288285e+02  3.75921495e-02  4.18365832e+02 
 1.06447455e-05  6.74288304e+02  3.72514040e-02  4.32554821e+02 
 1.06449849e-05  6.74288323e+02  3.68929182e-02  4.46183858e+02 
 1.06452243e-05  6.74288342e+02  3.65166497e-02  4.59290014e+02 
 1.06454634e-05  6.74288360e+02  3.61237220e-02  4.71865643e+02 
 1.06457027e-05  6.74288378e+02  3.57141683e-02  4.83938713e+02 
 1.06459420e-05  6.74288396e+02  3.52889291e-02  4.95507773e+02 
 1.06461816e-05  6.74288414e+02  3.48480978e-02  5.06594749e+02 
 1.06464213e-05  6.74288432e+02  3.43924633e-02  5.17202290e+02 
 1.06466615e-05  6.74288449e+02  3.39221620e-02  5.27348337e+02 
 1.06469021e-05  6.74288467e+02  3.34378577e-02  5.37038247e+02 
 1.06471432e-05  6.74288484e+02  3.29397150e-02  5.46287348e+02 
 1.06473849e-05  6.74288500e+02  3.24282933e-02  5.55102787e+02 
 1.06476273e-05  6.74288517e+02  3.19037722e-02  5.63498189e+02 
 1.06478705e-05  6.74288533e+02  3.13666234e-02  5.71481887e+02 
 1.06481145e-05  6.74288550e+02  3.08170302e-02  5.79066402e+02 
 1.06483593e-05  6.74288565e+02  3.02553894e-02  5.86260853e+02 
 1.06486052e-05  6.74288581e+02  2.96818784e-02  5.93077055e+02 
 1.06488521e-05  6.74288597e+02  2.90968284e-02  5.99524651e+02 
 1.06491002e-05  6.74288612e+02  2.85004028e-02  6.05615007e+02 
 1.06493495e-05  6.74288627e+02  2.78928739e-02  6.11358111e+02 
 1.06496001e-05  6.74288641e+02  2.72743842e-02  6.16765052e+02 
 1.06498520e-05  6.74288656e+02  2.66451509e-02  6.21846045e+02 
 1.06501055e-05  6.74288670e+02  2.60052894e-02  6.26612003e+02 
 1.06503605e-05  6.74288684e+02  2.53549636e-02  6.31073291e+02 
 1.06506171e-05  6.74288698e+02  2.46942563e-02  6.35240709e+02 
 1.06508755e-05  6.74288711e+02  2.40232782e-02  6.39124714e+02 
 1.06511358e-05  6.74288724e+02  2.33420732e-02  6.42736029e+02 
 1.06513980e-05  6.74288737e+02  2.26506976e-02  6.46085161e+02 
 1.06516622e-05  6.74288750e+02  2.19491502e-02  6.49182773e+02 
 1.06519287e-05  6.74288762e+02  2.12374299e-02  6.52039385e+02 
 1.06521974e-05  6.74288774e+02  2.05154836e-02  6.54665603e+02 
 1.06524685e-05  6.74288785e+02  1.97832482e-02  6.57071932e+02 
 1.06527422e-05  6.74288797e+02  1.90406119e-02  6.59268912e+02 
 1.06530186e-05  6.74288808e+02  1.82874440e-02  6.61267002e+02 
 1.06532979e-05  6.74288818e+02  1.75235660e-02  6.63076657e+02 
 1.06535801e-05  6.74288829e+02  1.67487736e-02  6.64708260e+02 
 1.06538655e-05  6.74288838e+02  1.59628154e-02  6.66172153e+02 
 1.06541543e-05  6.74288848e+02  1.51654087e-02  6.67478601e+02 
 1.06544466e-05  6.74288857e+02  1.43562258e-02  6.68637797e+02 
 1.06547426e-05  6.74288866e+02  1.35349077e-02  6.69659832e+02 
 1.06550425e-05  6.74288874e+02  1.27010587e-02  6.70554695e+02 
 1.06553418e-05  6.74288882e+02  1.18677289e-02  6.71320826e+02 
 1.06556406e-05  6.74288889e+02  1.10346423e-02  6.71973068e+02 
 1.06559363e-05  6.74288896e+02  1.02089790e-02  6.72520423e+02 
 1.06562287e-05  6.74288902e+02  9.39185368e-03  6.72976694e+02 
 1.06565153e-05  6.74288908e+02  8.59048414e-03  6.73351832e+02 
 1.06567941e-05  6.74288913e+02  7.81023559e-03  6.73656943e+02 
 1.06570612e-05  6.74288917e+02  7.06220050e-03  6.73900837e+02 
 1.06573120e-05  6.74288920e+02  6.35949635e-03  6.74092071e+02 
 1.06575012e-05  6.74288923e+02  5.82923521e-03  6.74214902e+02 
 1.06575397e-05  6.74288923e+02  5.72126950e-03  6.74237834e+02 
 1.06575995e-05  6.74288924e+02  5.55381635e-03  6.74272080e+02 
 1.06576558e-05  6.74288925e+02  5.39584715e-03  6.74302954e+02 
 1.06577230e-05  6.74288925e+02  5.20756830e-03  6.74337995e+02 
 1.06577851e-05  6.74288926e+02  5.03332836e-03  6.74368776e+02 
 1.06578523e-05  6.74288927e+02  4.84497620e-03  6.74400330e+02 
 1.06579200e-05  6.74288928e+02  4.65507079e-03  6.74430400e+02 
 1.06579947e-05  6.74288928e+02  4.44574491e-03  6.74461588e+02 
 1.06580686e-05  6.74288929e+02  4.23849763e-03  6.74490521e+02 
 1.06581496e-05  6.74288930e+02  4.01134842e-03  6.74520098e+02 
 1.06582287e-05  6.74288930e+02  3.78937300e-03  6.74546930e+02 
 1.06583172e-05  6.74288931e+02  3.54122700e-03  6.74574603e+02 
 1.06584049e-05  6.74288932e+02  3.29532623e-03  6.74599709e+02 
 1.06585131e-05  6.74288932e+02  2.99180534e-03  6.74627661e+02 
 1.06586371e-05  6.74288933e+02  2.64399416e-03  6.74655766e+02 
 1.06587308e-05  6.74288934e+02  2.38094385e-03  6.74674361e+02 
 1.06588273e-05  6.74288934e+02  2.11030449e-03  6.74691196e+02 
 1.06589090e-05  6.74288934e+02  1.88105960e-03  6.74703692e+02 
 1.06589869e-05  6.74288935e+02  1.66262190e-03  6.74714130e+02 
 1.06590690e-05  6.74288935e+02  1.43231602e-03  6.74723616e+02 
 1.06591472e-05  6.74288935e+02  1.21295516e-03  6.74731229e+02 
 1.06592325e-05  6.74288935e+02  9.73448483e-04  6.74737982e+02 
 1.06593370e-05  6.74288936e+02  6.80202058e-04  6.74744079e+02 
 1.06593867e-05  6.74288936e+02  5.40726267e-04  6.74746151e+02 
 1.06594405e-05  6.74288936e+02  3.90030747e-04  6.74747798e+02 
 1.06594913e-05  6.74288936e+02  2.47457766e-04  6.74748797e+02 
 1.06595455e-05  6.74288936e+02  9.52587429e-05  6.74749269e+02 
 1.06596026e-05  6.74288936e+02 -6.49582012e-05  6.74749110e+02 
 1.06596670e-05  6.74288936e+02 -2.45733548e-04  6.74748129e+02 
 1.06597274e-05  6.74288936e+02 -4.14963925e-04  6.74746444e+02 
 1.06597954e-05  6.74288936e+02 -6.05814853e-04  6.74743656e+02 
 1.06598619e-05  6.74288936e+02 -7.92515851e-04  6.74740018e+02 
 1.06599433e-05  6.74288935e+02 -1.02073494e-03  6.74734338e+02 
 1.06600363e-05  6.74288935e+02 -1.28166227e-03  6.74726156e+02 
 1.06601128e-05  6.74288935e+02 -1.49645011e-03  6.74718041e+02 
 1.06601876e-05  6.74288935e+02 -1.70626414e-03  6.74708878e+02 
 1.06602623e-05  6.74288934e+02 -1.91570242e-03  6.74698481e+02 
 1.06603463e-05  6.74288934e+02 -2.15157785e-03  6.74685230e+02 
 1.06604235e-05  6.74288934e+02 -2.36809896e-03  6.74671579e+02 
 1.06605075e-05  6.74288933e+02 -2.60382340e-03  6.74655044e+02 
 1.06605952e-05  6.74288933e+02 -2.84984784e-03  6.74635853e+02 
 1.06606944e-05  6.74288932e+02 -3.12798516e-03  6.74611681e+02 
 1.06608102e-05  6.74288931e+02 -3.45279935e-03  6.74579963e+02 
 1.06609637e-05  6.74288930e+02 -3.88322214e-03  6.74531786e+02 
 1.06610276e-05  6.74288929e+02 -4.06254492e-03  6.74509523e+02 
 1.06611187e-05  6.74288929e+02 -4.31801688e-03  6.74475461e+02 
 1.06612056e-05  6.74288928e+02 -4.56177879e-03  6.74440281e+02 
 1.06612752e-05  6.74288927e+02 -4.75677346e-03  6.74410171e+02 
 1.06613294e-05  6.74288927e+02 -4.90881173e-03  6.74385433e+02 
 1.06613841e-05  6.74288926e+02 -5.06215433e-03  6.74359329e+02 
 1.06614320e-05  6.74288925e+02 -5.19651252e-03  6.74335478e+02 
 1.06614799e-05  6.74288925e+02 -5.33070395e-03  6.74310717e+02 
 1.06615288e-05  6.74288924e+02 -5.46775596e-03  6.74284435e+02 
 1.06615806e-05  6.74288924e+02 -5.61314721e-03  6.74255427e+02 
 1.06616429e-05  6.74288923e+02 -5.78764106e-03  6.74219035e+02 
 1.06617087e-05  6.74288922e+02 -5.97197611e-03  6.74178662e+02 
 1.06617813e-05  6.74288921e+02 -6.17568158e-03  6.74131656e+02 
 1.06618553e-05  6.74288920e+02 -6.38291588e-03  6.74081162e+02 
 1.06619348e-05  6.74288919e+02 -6.60577094e-03  6.74023730e+02 
 1.06620153e-05  6.74288918e+02 -6.83119630e-03  6.73962196e+02 
 1.06621009e-05  6.74288917e+02 -7.07085471e-03  6.73892815e+02 
 1.06621872e-05  6.74288915e+02 -7.31280148e-03  6.73818448e+02 
 1.06622783e-05  6.74288914e+02 -7.56791161e-03  6.73735111e+02 
 1.06623702e-05  6.74288913e+02 -7.82513991e-03  6.73645727e+02 
 1.06624665e-05  6.74288911e+02 -8.09468368e-03  6.73546018e+02 
 1.06625636e-05  6.74288909e+02 -8.36635769e-03  6.73438957e+02 
 1.06626648e-05  6.74288907e+02 -8.64968721e-03  6.73319938e+02 
 1.06627669e-05  6.74288905e+02 -8.93534395e-03  6.73191950e+02 
 1.06629711e-05  6.74288901e+02 -9.50642349e-03  6.72910398e+02 
 1.06632191e-05  6.74288896e+02 -1.01992471e-02  6.72518744e+02 
 1.06634463e-05  6.74288891e+02 -1.08336640e-02  6.72106777e+02 
 1.06637373e-05  6.74288884e+02 -1.16454467e-02  6.71496523e+02 
 1.06640605e-05  6.74288876e+02 -1.25456744e-02  6.70697036e+02 
 1.06643858e-05  6.74288867e+02 -1.34501069e-02  6.69746372e+02 
 1.06647173e-05  6.74288857e+02 -1.43699901e-02  6.68607532e+02 
 1.06650350e-05  6.74288847e+02 -1.52492174e-02  6.67336267e+02 
 1.06653524e-05  6.74288836e+02 -1.61254178e-02  6.65870042e+02 
 1.06656585e-05  6.74288826e+02 -1.69676940e-02  6.64251577e+02 
 1.06659635e-05  6.74288814e+02 -1.78040091e-02  6.62419722e+02 
 1.06662602e-05  6.74288803e+02 -1.86144336e-02  6.60408651e+02 
 1.06665554e-05  6.74288791e+02 -1.94172256e-02  6.58164646e+02 
 1.06668443e-05  6.74288779e+02 -2.01990051e-02  6.55715234e+02 
 1.06671313e-05  6.74288766e+02 -2.09717367e-02  6.53014009e+02 
 1.06674133e-05  6.74288753e+02 -2.17264756e-02  6.50082276e+02 
 1.06676933e-05  6.74288740e+02 -2.24711675e-02  6.46879950e+02 
 1.06679692e-05  6.74288727e+02 -2.31998321e-02  6.43422707e+02 
 1.06682431e-05  6.74288713e+02 -2.39177638e-02  6.39675911e+02 
 1.06685136e-05  6.74288699e+02 -2.46209344e-02  6.35650397e+02 
 1.06687822e-05  6.74288685e+02 -2.53128576e-02  6.31316205e+02 
 1.06690480e-05  6.74288670e+02 -2.59907878e-02  6.26680120e+02 
 1.06693119e-05  6.74288656e+02 -2.66570325e-02  6.21716143e+02 
 1.06695734e-05  6.74288641e+02 -2.73096886e-02  6.16427730e+02 
 1.06698332e-05  6.74288625e+02 -2.79502403e-02  6.10792199e+02 
 1.06700909e-05  6.74288610e+02 -2.85773361e-02  6.04810310e+02 
 1.06703470e-05  6.74288594e+02 -2.91918937e-02  5.98462132e+02 
 1.06706014e-05  6.74288578e+02 -2.97929192e-02  5.91746279e+02 
 1.06708544e-05  6.74288562e+02 -3.03809361e-02  5.84645087e+02 
 1.06711058e-05  6.74288546e+02 -3.09551787e-02  5.77155484e+02 
 1.06713560e-05  6.74288529e+02 -3.15158923e-02  5.69261665e+02 
 1.06716049e-05  6.74288512e+02 -3.20624524e-02  5.60959256e+02 
 1.06718527e-05  6.74288495e+02 -3.25949045e-02  5.52233971e+02 
 1.06720994e-05  6.74288478e+02 -3.31127063e-02  5.43080438e+02 
 1.06723451e-05  6.74288460e+02 -3.36157559e-02  5.33485609e+02 
 1.06725900e-05  6.74288443e+02 -3.41035535e-02  5.23443357e+02 
 1.06728340e-05  6.74288425e+02 -3.45758846e-02  5.12941629e+02 
 1.06730773e-05  6.74288407e+02 -3.50322638e-02  5.01973723e+02 
 1.06733200e-05  6.74288389e+02 -3.54723868e-02  4.90528374e+02 
 1.06735622e-05  6.74288370e+02 -3.58957627e-02  4.78598431e+02 
 1.06738038e-05  6.74288352e+02 -3.63020109e-02  4.66173227e+02 
 1.06740452e-05  6.74288333e+02 -3.66906200e-02  4.53245228e+02 
 1.06742862e-05  6.74288314e+02 -3.70611404e-02  4.39804180e+02 
 1.06745271e-05  6.74288295e+02 -3.74130272e-02  4.25842179e+02 
 1.06747678e-05  6.74288276e+02 -3.77457638e-02  4.11349182e+02 
 1.06750086e-05  6.74288256e+02 -3.80587599e-02  3.96316861e+02 
 1.06752495e-05  6.74288237e+02 -3.83514290e-02  3.80735151e+02 
 1.06754906e-05  6.74288217e+02 -3.86231222e-02  3.64595157e+02 
 1.06757321e-05  6.74288197e+02 -3.88731752e-02  3.47886494e+02 
 1.06759740e-05  6.74288177e+02 -3.91008648e-02  3.30599453e+02 
 1.06762166e-05  6.74288157e+02 -3.93054351e-02  3.12722918e+02 
 1.06764598e-05  6.74288136e+02 -3.94860679e-02  2.94245951e+02 
 1.06767040e-05  6.74288116e+02 -3.96418933e-02  2.75156117e+02 
 1.06769493e-05  6.74288095e+02 -3.97719685e-02  2.55440582e+02 
 1.06771959e-05  6.74288074e+02 -3.98752764e-02  2.35084703e+02 
 1.06774439e-05  6.74288053e+02 -3.99507055e-02  2.14072676e+02 
 1.06776937e-05  6.74288032e+02 -3.99970380e-02  1.92386237e+02 
 1.06779454e-05  6.74288011e+02 -4.00129255e-02  1.70004835e+02 
 1.06781995e-05  6.74287989e+02 -3.99968630e-02  1.46904230e+02 
 1.06784563e-05  6.74287967e+02 -3.99471389e-02  1.23051210e+02 
 1.06787122e-05  6.74287945e+02 -3.98633760e-02  9.87931067e+01 
 1.06789694e-05  6.74287924e+02 -3.97441457e-02  7.39574764e+01 
 1.06792258e-05  6.74287902e+02 -3.95896959e-02  4.87700771e+01 
 1.06794831e-05  6.74287880e+02 -3.93982920e-02  2.30794956e+01 
 1.06797400e-05  6.74287859e+02 -3.91702618e-02 -2.94838130e+00 
 1.06799980e-05  6.74287837e+02 -3.89037779e-02 -2.94165162e+01 
 1.06802559e-05  6.74287816e+02 -3.85991413e-02 -5.61935218e+01 
 1.06805148e-05  6.74287795e+02 -3.82545771e-02 -8.33427350e+01 
 1.06807741e-05  6.74287774e+02 -3.78702907e-02 -1.10757488e+02 
 1.06810343e-05  6.74287753e+02 -3.74446073e-02 -1.38471637e+02 
 1.06812952e-05  6.74287733e+02 -3.69776860e-02 -1.66390804e+02 
 1.06815574e-05  6.74287712e+02 -3.64676134e-02 -1.94545987e+02 
 1.06818203e-05  6.74287692e+02 -3.59148482e-02 -2.22829696e+02 
 1.06820847e-05  6.74287672e+02 -3.53174005e-02 -2.51262681e+02 
 1.06823502e-05  6.74287652e+02 -3.46755167e-02 -2.79750969e+02 
 1.06826173e-05  6.74287632e+02 -3.39873561e-02 -3.08293961e+02 
 1.06828859e-05  6.74287613e+02 -3.32529252e-02 -3.36807303e+02 
 1.06831564e-05  6.74287594e+02 -3.24705148e-02 -3.65272176e+02 
 1.06834287e-05  6.74287576e+02 -3.16398910e-02 -3.93609520e+02 
 1.06837032e-05  6.74287558e+02 -3.07594164e-02 -4.21785520e+02 
 1.06839800e-05  6.74287540e+02 -2.98286074e-02 -4.49722828e+02 
 1.06842373e-05  6.74287524e+02 -2.89250521e-02 -4.75211434e+02 
 1.06844851e-05  6.74287509e+02 -2.80209145e-02 -4.99257913e+02 
 1.06847165e-05  6.74287495e+02 -2.71469835e-02 -5.21228049e+02 
 1.06849401e-05  6.74287482e+02 -2.62759110e-02 -5.41972634e+02 
 1.06851523e-05  6.74287471e+02 -2.54255926e-02 -5.61185000e+02 
 1.06853587e-05  6.74287460e+02 -2.45773496e-02 -5.79389659e+02 
 1.06855567e-05  6.74287450e+02 -2.37441810e-02 -5.96387070e+02 
 1.06857497e-05  6.74287440e+02 -2.29139334e-02 -6.12496772e+02 
 1.06859362e-05  6.74287431e+02 -2.20960936e-02 -6.27594038e+02 
 1.06861182e-05  6.74287423e+02 -2.12826012e-02 -6.41882873e+02 
 1.06862947e-05  6.74287415e+02 -2.04802235e-02 -6.55292235e+02 
 1.06864673e-05  6.74287407e+02 -1.96835627e-02 -6.67957447e+02 
 1.06866350e-05  6.74287401e+02 -1.88974182e-02 -6.79842483e+02 
 1.06867990e-05  6.74287394e+02 -1.81182018e-02 -6.91039895e+02 
 1.06869589e-05  6.74287388e+02 -1.73493346e-02 -7.01535517e+02 
 1.06871152e-05  6.74287382e+02 -1.65884750e-02 -7.11394821e+02 
 1.06872677e-05  6.74287377e+02 -1.58380874e-02 -7.20617053e+02 
 1.06874169e-05  6.74287372e+02 -1.50966897e-02 -7.29250450e+02 
 1.06875626e-05  6.74287368e+02 -1.43660851e-02 -7.37302362e+02 
 1.06877050e-05  6.74287363e+02 -1.36453845e-02 -7.44810022e+02 
 1.06878441e-05  6.74287360e+02 -1.29359376e-02 -7.51785577e+02 
 1.06879801e-05  6.74287356e+02 -1.22372663e-02 -7.58259205e+02 
 1.06881130e-05  6.74287353e+02 -1.15504132e-02 -7.64245805e+02 
 1.06882427e-05  6.74287349e+02 -1.08751877e-02 -7.69771018e+02 
 1.06883694e-05  6.74287347e+02 -1.02124297e-02 -7.74851257e+02 
 1.06884930e-05  6.74287344e+02 -9.56215398e-03 -7.79509229e+02 
 1.06886136e-05  6.74287342e+02 -8.92507309e-03 -7.83762127e+02 
 1.06887311e-05  6.74287339e+02 -8.30135477e-03 -7.87630755e+02 
 1.06888455e-05  6.74287338e+02 -7.69164087e-03 -7.91132661e+02 
 1.06889569e-05  6.74287336e+02 -7.09622152e-03 -7.94287413e+02 
 1.06890651e-05  6.74287334e+02 -6.51571333e-03 -7.97112683e+02 
 1.06891702e-05  6.74287333e+02 -5.95051617e-03 -7.99627238e+02 
 1.06892721e-05  6.74287332e+02 -5.40126222e-03 -8.01848760e+02 
 1.06893707e-05  6.74287331e+02 -4.86846454e-03 -8.03795508e+02 
 1.06894660e-05  6.74287330e+02 -4.35281409e-03 -8.05485134e+02 
 1.06895578e-05  6.74287329e+02 -3.85495896e-03 -8.06935586e+02 
 1.06896461e-05  6.74287328e+02 -3.37570382e-03 -8.08164496e+02 
 1.06897307e-05  6.74287328e+02 -2.91588043e-03 -8.09189654e+02 
 1.06898115e-05  6.74287327e+02 -2.47649004e-03 -8.10028713e+02 
 1.06898882e-05  6.74287327e+02 -2.05864548e-03 -8.10699435e+02 
 1.06899607e-05  6.74287326e+02 -1.66369373e-03 -8.11219575e+02 
 1.06900287e-05  6.74287326e+02 -1.29323462e-03 -8.11607017e+02 
 1.06900917e-05  6.74287326e+02 -9.49284473e-04 -8.11879763e+02 
 1.06901435e-05  6.74287326e+02 -6.67213375e-04 -8.12040974e+02 
 1.06901860e-05  6.74287326e+02 -4.35417995e-04 -8.12131330e+02 
 1.06902208e-05  6.74287326e+02 -2.45169975e-04 -8.12177103e+02 
 1.06902484e-05  6.74287326e+02 -9.50950592e-05 -8.12195155e+02 
 1.06902754e-05  6.74287326e+02  5.23159147e-05 -8.12197383e+02 
 1.06903036e-05  6.74287326e+02  2.06531383e-04 -8.12183271e+02 
 1.06903366e-05  6.74287326e+02  3.86257532e-04 -8.12145607e+02 
 1.06903787e-05  6.74287326e+02  6.15871797e-04 -8.12064258e+02 
 1.06904258e-05  6.74287326e+02  8.72951033e-04 -8.11928934e+02 
 1.06904805e-05  6.74287326e+02  1.17124906e-03 -8.11713314e+02 
 1.06905392e-05  6.74287326e+02  1.49098895e-03 -8.11412266e+02 
 1.06906037e-05  6.74287327e+02  1.84267373e-03 -8.10997528e+02 
 1.06906717e-05  6.74287327e+02  2.21305125e-03 -8.10465968e+02 
 1.06907446e-05  6.74287327e+02  2.60997850e-03 -8.09788250e+02 
 1.06908208e-05  6.74287328e+02  3.02435951e-03 -8.08961290e+02 
 1.06909013e-05  6.74287328e+02  3.46174464e-03 -8.07955835e+02 
 1.06909849e-05  6.74287329e+02  3.91565989e-03 -8.06768101e+02 
 1.06910724e-05  6.74287330e+02  4.38992774e-03 -8.05369735e+02 
 1.06911630e-05  6.74287331e+02  4.87986257e-03 -8.03755804e+02 
 1.06912570e-05  6.74287332e+02  5.38806008e-03 -8.01899235e+02 
 1.06913540e-05  6.74287333e+02  5.91109090e-03 -7.99793695e+02 
 1.06914543e-05  6.74287334e+02  6.45068380e-03 -7.97413502e+02 
 1.06915575e-05  6.74287336e+02  7.00429588e-03 -7.94750852e+02 
 1.06916638e-05  6.74287337e+02  7.57304094e-03 -7.91781420e+02 
 1.06917730e-05  6.74287339e+02  8.15500253e-03 -7.88495959e+02 
 1.06918851e-05  6.74287341e+02  8.75085703e-03 -7.84871374e+02 
 1.06920001e-05  6.74287343e+02  9.35913063e-03 -7.80897066e+02 
 1.06921180e-05  6.74287346e+02  9.98018812e-03 -7.76550986e+02 
 1.06922386e-05  6.74287348e+02  1.06128681e-02 -7.71821286e+02 
 1.06923622e-05  6.74287351e+02  1.12573125e-02 -7.66686746e+02 
 1.06924885e-05  6.74287354e+02  1.19125797e-02 -7.61134358e+02 
 1.06926177e-05  6.74287358e+02  1.25786512e-02 -7.55143498e+02 
 1.06927498e-05  6.74287361e+02  1.32547390e-02 -7.48700056e+02 
 1.06928848e-05  6.74287365e+02  1.39407081e-02 -7.41783746e+02 
 1.06930226e-05  6.74287369e+02  1.46358767e-02 -7.34379368e+02 
 1.06931634e-05  6.74287374e+02  1.53400241e-02 -7.26466695e+02 
 1.06933072e-05  6.74287379e+02  1.60525406e-02 -7.18029375e+02 
 1.06934541e-05  6.74287384e+02  1.67731416e-02 -7.09046918e+02 
 1.06936041e-05  6.74287389e+02  1.75012655e-02 -6.99501673e+02 
 1.06937573e-05  6.74287395e+02  1.82365790e-02 -6.89372496e+02 
 1.06939137e-05  6.74287401e+02  1.89785516e-02 -6.78640164e+02 
 1.06940736e-05  6.74287408e+02  1.97268126e-02 -6.67282369e+02 
 1.06942369e-05  6.74287415e+02  2.04808511e-02 -6.55277867e+02 
 1.06944039e-05  6.74287422e+02  2.12402689e-02 -6.42602492e+02 
 1.06945747e-05  6.74287430e+02  2.20045680e-02 -6.29232264e+02 
 1.06947495e-05  6.74287438e+02  2.27733312e-02 -6.15140149e+02 
 1.06949284e-05  6.74287447e+02  2.35460728e-02 -6.00298289e+02 
 1.06951118e-05  6.74287457e+02  2.43223673e-02 -5.84675251e+02 
 1.06952998e-05  6.74287466e+02  2.51017468e-02 -5.68237442e+02 
 1.06954929e-05  6.74287477e+02  2.58837945e-02 -5.50946566e+02 
 1.06956913e-05  6.74287488e+02  2.66680773e-02 -5.32760156e+02 
 1.06958955e-05  6.74287500e+02  2.74542176e-02 -5.13628833e+02 
 1.06961061e-05  6.74287512e+02  2.82418561e-02 -4.93495631e+02 
 1.06963238e-05  6.74287526e+02  2.90307166e-02 -4.72292297e+02 
 1.06965492e-05  6.74287540e+02  2.98206024e-02 -4.49936423e+02 
 1.06967834e-05  6.74287555e+02  3.06114791e-02 -4.26324945e+02 
 1.06970278e-05  6.74287571e+02  3.14035326e-02 -4.01326078e+02 
 1.06972840e-05  6.74287588e+02  3.21973361e-02 -3.74764307e+02 
 1.06975545e-05  6.74287607e+02  3.29940943e-02 -3.46396035e+02 
 1.06978299e-05  6.74287626e+02  3.37612397e-02 -3.17237186e+02 
 1.06981012e-05  6.74287646e+02  3.44732790e-02 -2.88299734e+02 
 1.06983725e-05  6.74287666e+02  3.51415781e-02 -2.59219734e+02 
 1.06986390e-05  6.74287686e+02  3.57555719e-02 -2.30562807e+02 
 1.06989054e-05  6.74287707e+02  3.63265687e-02 -2.01913155e+02 
 1.06991683e-05  6.74287727e+02  3.68488480e-02 -1.73655934e+02 
 1.06994311e-05  6.74287748e+02  3.73295391e-02 -1.45506803e+02 
 1.06996914e-05  6.74287769e+02  3.77653542e-02 -1.17751384e+02 
 1.06999514e-05  6.74287790e+02  3.81607540e-02 -9.02045851e+01 
 1.07002095e-05  6.74287811e+02  3.85140691e-02 -6.30788606e+01 
 1.07004674e-05  6.74287832e+02  3.88283847e-02 -3.62398495e+01 
 1.07007237e-05  6.74287853e+02  3.91029867e-02 -9.85157296e+00 
 1.07009798e-05  6.74287875e+02  3.93400168e-02  1.61783621e+01 
 1.07012347e-05  6.74287896e+02  3.95394798e-02  4.17323834e+01 
 1.07014894e-05  6.74287917e+02  3.97028930e-02  6.68704833e+01 
 1.07017432e-05  6.74287939e+02  3.98306806e-02  9.15088413e+01 
 1.07019968e-05  6.74287960e+02  3.99239835e-02  1.15685377e+02 
 1.07022499e-05  6.74287982e+02  3.99834556e-02  1.39340431e+02 
 1.07025028e-05  6.74288003e+02  4.00100181e-02  1.62497466e+02 
 1.07027553e-05  6.74288025e+02  4.00044397e-02  1.85114220e+02 
 1.07030077e-05  6.74288046e+02  3.99675163e-02  2.07204994e+02 
 1.07032600e-05  6.74288068e+02  3.99000634e-02  2.28740180e+02 
 1.07035123e-05  6.74288089e+02  3.98028065e-02  2.49728515e+02 
 1.07037634e-05  6.74288110e+02  3.96771458e-02  2.70066814e+02 
 1.07040121e-05  6.74288131e+02  3.95251395e-02  2.89647481e+02 
 1.07042595e-05  6.74288152e+02  3.93475278e-02  3.08561006e+02 
 1.07045048e-05  6.74288173e+02  3.91461031e-02  3.26761272e+02 
 1.07047490e-05  6.74288193e+02  3.89212324e-02  3.44331893e+02 
 1.07049919e-05  6.74288213e+02  3.86744316e-02  3.61246681e+02 
 1.07052340e-05  6.74288233e+02  3.84059794e-02  3.77564086e+02 
 1.07054751e-05  6.74288252e+02  3.81171856e-02  3.93268756e+02 
 1.07057158e-05  6.74288272e+02  3.78083170e-02  4.08402157e+02 
 1.07059558e-05  6.74288291e+02  3.74804982e-02  4.22957245e+02 
 1.07061956e-05  6.74288310e+02  3.71339988e-02  4.36964865e+02 
 1.07064350e-05  6.74288329e+02  3.67697792e-02  4.50423878e+02 
 1.07066743e-05  6.74288348e+02  3.63881159e-02  4.63358189e+02 
 1.07069135e-05  6.74288366e+02  3.59898299e-02  4.75770612e+02 
 1.07071528e-05  6.74288384e+02  3.55752041e-02  4.87680438e+02 
 1.07073922e-05  6.74288402e+02  3.51449428e-02  4.99093092e+02 
 1.07076318e-05  6.74288420e+02  3.46993313e-02  5.10024809e+02 
 1.07078717e-05  6.74288438e+02  3.42389757e-02  5.20482736e+02 
 1.07081120e-05  6.74288455e+02  3.37641587e-02  5.30481097e+02 
 1.07083527e-05  6.74288472e+02  3.32754034e-02  5.40028186e+02 
 1.07085941e-05  6.74288489e+02  3.27729841e-02  5.49136909e+02 
 1.07088360e-05  6.74288506e+02  3.22573529e-02  5.57816325e+02 
 1.07090786e-05  6.74288522e+02  3.17287704e-02  5.66078489e+02 
 1.07093220e-05  6.74288539e+02  3.11876267e-02  5.73932971e+02 
 1.07095663e-05  6.74288555e+02  3.06341642e-02  5.81391281e+02 
 1.07098115e-05  6.74288571e+02  3.00687174e-02  5.88463336e+02 
 1.07100577e-05  6.74288586e+02  2.94915061e-02  5.95160305e+02 
 1.07103049e-05  6.74288601e+02  2.89028138e-02  6.01492340e+02 
 1.07105534e-05  6.74288617e+02  2.83028337e-02  6.07470397e+02 
 1.07108031e-05  6.74288631e+02  2.76918009e-02  6.13104789e+02 
 1.07110541e-05  6.74288646e+02  2.70698783e-02  6.18406343e+02 
 1.07113065e-05  6.74288660e+02  2.64372536e-02  6.23385483e+02 
 1.07115605e-05  6.74288675e+02  2.57940554e-02  6.28052954e+02 
 1.07118160e-05  6.74288688e+02  2.51404240e-02  6.32419253e+02 
 1.07120732e-05  6.74288702e+02  2.44764494e-02  6.36495073e+02 
 1.07123322e-05  6.74288715e+02  2.38022228e-02  6.40290951e+02 
 1.07125930e-05  6.74288728e+02  2.31177910e-02  6.43817543e+02 
 1.07128559e-05  6.74288741e+02  2.24231934e-02  6.47085401e+02 
 1.07131208e-05  6.74288754e+02  2.17184282e-02  6.50105145e+02 
 1.07133880e-05  6.74288766e+02  2.10034789e-02  6.52887318e+02 
 1.07136575e-05  6.74288777e+02  2.02782892e-02  6.55442493e+02 
 1.07139294e-05  6.74288789e+02  1.95427813e-02  6.57781185e+02 
 1.07142039e-05  6.74288800e+02  1.87968377e-02  6.59913907e+02 
 1.07144812e-05  6.74288811e+02  1.80403135e-02  6.61851114e+02 
 1.07147614e-05  6.74288822e+02  1.72730227e-02  6.63603237e+02 
 1.07150446e-05  6.74288832e+02  1.64947469e-02  6.65180643e+02 
 1.07153310e-05  6.74288842e+02  1.57052257e-02  6.66593650e+02 
 1.07156209e-05  6.74288851e+02  1.49041634e-02  6.67852496e+02 
 1.07159143e-05  6.74288860e+02  1.40912235e-02  6.68967340e+02 
 1.07162115e-05  6.74288869e+02  1.32660366e-02  6.69948240e+02 
 1.07165127e-05  6.74288877e+02  1.24285679e-02  6.70804791e+02 
 1.07168112e-05  6.74288885e+02  1.15968024e-02  6.71532137e+02 
 1.07171100e-05  6.74288892e+02  1.07633042e-02  6.72151715e+02 
 1.07174045e-05  6.74288898e+02  9.94103609e-03  6.72668361e+02 
 1.07176959e-05  6.74288904e+02  9.12651664e-03  6.73098773e+02 
 1.07179802e-05  6.74288909e+02  8.33114548e-03  6.73450649e+02 
 1.07182563e-05  6.74288914e+02  7.55817859e-03  6.73736052e+02 
 1.07185192e-05  6.74288918e+02  6.82190383e-03  6.73962662e+02 
 1.07187368e-05  6.74288921e+02  6.21223360e-03  6.74120949e+02 
 1.07187833e-05  6.74288922e+02  6.08199080e-03  6.74151623e+02 
 1.07188664e-05  6.74288923e+02  5.84891028e-03  6.74203920e+02 
 1.07189459e-05  6.74288924e+02  5.62618887e-03  6.74250893e+02 
 1.07190455e-05  6.74288925e+02  5.34688118e-03  6.74305850e+02 
 1.07191410e-05  6.74288926e+02  5.07920878e-03  6.74354588e+02 
 1.07192440e-05  6.74288927e+02  4.79052066e-03  6.74403066e+02 
 1.07192913e-05  6.74288927e+02  4.65775478e-03  6.74423996e+02 
 1.07193760e-05  6.74288928e+02  4.42040748e-03  6.74459361e+02 
 1.07194548e-05  6.74288929e+02  4.19947503e-03  6.74490003e+02 
 1.07195337e-05  6.74288930e+02  3.97802057e-03  6.74518604e+02 
 1.07196137e-05  6.74288930e+02  3.75359276e-03  6.74545518e+02 
 1.07196993e-05  6.74288931e+02  3.51359398e-03  6.74572087e+02 
 1.07197890e-05  6.74288932e+02  3.26203081e-03  6.74597584e+02 
 1.07198912e-05  6.74288932e+02  2.97545969e-03  6.74623825e+02 
 1.07200154e-05  6.74288933e+02  2.62689639e-03  6.74651907e+02 
 1.07201151e-05  6.74288934e+02  2.34724451e-03  6.74671531e+02 
 1.07202156e-05  6.74288934e+02  2.06542062e-03  6.74688796e+02 
 1.07203016e-05  6.74288934e+02  1.82414266e-03  6.74701639e+02 
 1.07203913e-05  6.74288935e+02  1.57241392e-03  6.74713185e+02 
 1.07204741e-05  6.74288935e+02  1.33994583e-03  6.74722204e+02 
 1.07205595e-05  6.74288935e+02  1.10047518e-03  6.74729877e+02 
 1.07206541e-05  6.74288935e+02  8.35183834e-04  6.74736496e+02 
 1.07207255e-05  6.74288936e+02  6.34666860e-04  6.74740209e+02 
 1.07207767e-05  6.74288936e+02  4.91119741e-04  6.74742192e+02 
 1.07208295e-05  6.74288936e+02  3.42803401e-04  6.74743658e+02 
 1.07208839e-05  6.74288936e+02  1.90216063e-04  6.74744552e+02 
 1.07209418e-05  6.74288936e+02  2.77951832e-05  6.74744827e+02 
 1.07210028e-05  6.74288936e+02 -1.43364839e-04  6.74744367e+02 
 1.07210705e-05  6.74288936e+02 -3.33278371e-04  6.74742962e+02 
 1.07211352e-05  6.74288936e+02 -5.14754970e-04  6.74740743e+02 
 1.07212083e-05  6.74288936e+02 -7.19909251e-04  6.74737202e+02 
 1.07212823e-05  6.74288935e+02 -9.27424310e-04  6.74732499e+02 
 1.07213773e-05  6.74288935e+02 -1.19399236e-03  6.74724784e+02 
 1.07215059e-05  6.74288935e+02 -1.55483503e-03  6.74711270e+02 
 1.07215803e-05  6.74288935e+02 -1.76347646e-03  6.74701794e+02 
 1.07216628e-05  6.74288934e+02 -1.99517724e-03  6.74689796e+02 
 1.07217503e-05  6.74288934e+02 -2.24062604e-03  6.74675338e+02 
 1.07218346e-05  6.74288933e+02 -2.47707738e-03  6.74659649e+02 
 1.07219241e-05  6.74288933e+02 -2.72812156e-03  6.74641029e+02 
 1.07220216e-05  6.74288932e+02 -3.00158382e-03  6.74618350e+02 
 1.07221345e-05  6.74288932e+02 -3.31836430e-03  6.74588809e+02 
 1.07222777e-05  6.74288930e+02 -3.71988908e-03  6.74546030e+02 
 1.07223469e-05  6.74288930e+02 -3.91403116e-03  6.74523084e+02 
 1.07224465e-05  6.74288929e+02 -4.19319615e-03  6.74487367e+02 
 1.07225424e-05  6.74288928e+02 -4.46211565e-03  6.74449784e+02 
 1.07226013e-05  6.74288928e+02 -4.62750932e-03  6.74425049e+02 
 1.07226637e-05  6.74288927e+02 -4.80222621e-03  6.74397527e+02 
 1.07227155e-05  6.74288926e+02 -4.94750027e-03  6.74373520e+02 
 1.07227721e-05  6.74288926e+02 -5.10629552e-03  6.74346076e+02 
 1.07228175e-05  6.74288925e+02 -5.23354144e-03  6.74323153e+02 
 1.07228677e-05  6.74288925e+02 -5.37437440e-03  6.74296790e+02 
 1.07229163e-05  6.74288924e+02 -5.51044115e-03  6.74270302e+02 
 1.07229752e-05  6.74288923e+02 -5.67571080e-03  6.74236747e+02 
 1.07230399e-05  6.74288923e+02 -5.85709563e-03  6.74198121e+02 
 1.07231097e-05  6.74288922e+02 -6.05269697e-03  6.74154283e+02 
 1.07231830e-05  6.74288921e+02 -6.25805109e-03  6.74105728e+02 
 1.07232601e-05  6.74288920e+02 -6.47408412e-03  6.74051740e+02 
 1.07233401e-05  6.74288919e+02 -6.69813784e-03  6.73992466e+02 
 1.07234235e-05  6.74288917e+02 -6.93168115e-03  6.73926972e+02 
 1.07235094e-05  6.74288916e+02 -7.17242030e-03  6.73855323e+02 
 1.07235985e-05  6.74288915e+02 -7.42188173e-03  6.73776446e+02 
 1.07236899e-05  6.74288913e+02 -7.67794570e-03  6.73690350e+02 
 1.07237843e-05  6.74288912e+02 -7.94213984e-03  6.73595814e+02 
 1.07238809e-05  6.74288910e+02 -8.21265549e-03  6.73492722e+02 
 1.07239804e-05  6.74288908e+02 -8.49091729e-03  6.73379708e+02 
 1.07240820e-05  6.74288906e+02 -8.77530813e-03  6.73256541e+02 
 1.07241864e-05  6.74288904e+02 -9.06720513e-03  6.73121661e+02 
 1.07243951e-05  6.74288900e+02 -9.65074689e-03  6.72824568e+02 
 1.07246443e-05  6.74288895e+02 -1.03469814e-02  6.72417902e+02 
 1.07248747e-05  6.74288890e+02 -1.09901468e-02  6.71986318e+02 
 1.07251672e-05  6.74288883e+02 -1.18058835e-02  6.71352603e+02 
 1.07254909e-05  6.74288874e+02 -1.27071580e-02  6.70526184e+02 
 1.07258165e-05  6.74288865e+02 -1.36123465e-02  6.69544969e+02 
 1.07261461e-05  6.74288855e+02 -1.45262240e-02  6.68380185e+02 
 1.07264633e-05  6.74288845e+02 -1.54039937e-02  6.67075845e+02 
 1.07267790e-05  6.74288835e+02 -1.62748208e-02  6.65580517e+02 
 1.07270846e-05  6.74288824e+02 -1.71152997e-02  6.63925630e+02 
 1.07273883e-05  6.74288812e+02 -1.79473515e-02  6.62060386e+02 
 1.07276845e-05  6.74288801e+02 -1.87558765e-02  6.60009279e+02 
 1.07279787e-05  6.74288789e+02 -1.95551326e-02  6.57727552e+02 
 1.07282670e-05  6.74288777e+02 -2.03349248e-02  6.55234536e+02 
 1.07285532e-05  6.74288764e+02 -2.11045791e-02  6.52491370e+02 
 1.07288348e-05  6.74288751e+02 -2.18572667e-02  6.49512505e+02 
 1.07291141e-05  6.74288738e+02 -2.25991797e-02  6.46264114e+02 
 1.07293896e-05  6.74288724e+02 -2.33257474e-02  6.42756221e+02 
 1.07296629e-05  6.74288711e+02 -2.40410919e-02  6.38959323e+02 
 1.07299330e-05  6.74288697e+02 -2.47421265e-02  6.34879649e+02 
 1.07302011e-05  6.74288682e+02 -2.54315781e-02  6.30491409e+02 
 1.07304665e-05  6.74288668e+02 -2.61073309e-02  6.25797669e+02 
 1.07307300e-05  6.74288653e+02 -2.67711630e-02  6.20775790e+02 
 1.07309912e-05  6.74288638e+02 -2.74215930e-02  6.15426253e+02 
 1.07312506e-05  6.74288623e+02 -2.80597484e-02  6.09729060e+02 
 1.07315080e-05  6.74288607e+02 -2.86845596e-02  6.03682610e+02 
 1.07317638e-05  6.74288591e+02 -2.92967036e-02  5.97269105e+02 
 1.07320180e-05  6.74288575e+02 -2.98953747e-02  5.90485297e+02 
 1.07322707e-05  6.74288559e+02 -3.04809335e-02  5.83315205e+02 
 1.07325219e-05  6.74288543e+02 -3.10527395e-02  5.75754299e+02 
 1.07327718e-05  6.74288526e+02 -3.16109278e-02  5.67788099e+02 
 1.07330205e-05  6.74288509e+02 -3.21549566e-02  5.59411094e+02 
 1.07332681e-05  6.74288492e+02 -3.26847963e-02  5.50610035e+02 
 1.07335146e-05  6.74288475e+02 -3.31999589e-02  5.41378668e+02 
 1.07337602e-05  6.74288457e+02 -3.37002913e-02  5.31704755e+02 
 1.07340049e-05  6.74288440e+02 -3.41853283e-02  5.21581486e+02 
 1.07342488e-05  6.74288422e+02 -3.46548204e-02  5.10997436e+02 
 1.07344920e-05  6.74288404e+02 -3.51083039e-02  4.99945379e+02 
 1.07347346e-05  6.74288385e+02 -3.55454496e-02  4.88414534e+02 
 1.07349766e-05  6.74288367e+02 -3.59657797e-02  4.76397344e+02 
 1.07352183e-05  6.74288348e+02 -3.63688957e-02  4.63883511e+02 
 1.07354595e-05  6.74288330e+02 -3.67542930e-02  4.50865186e+02 
 1.07357005e-05  6.74288311e+02 -3.71215086e-02  4.37332391e+02 
 1.07359414e-05  6.74288292e+02 -3.74700000e-02  4.23276971e+02 
 1.07361821e-05  6.74288272e+02 -3.77992399e-02  4.08689081e+02 
 1.07364229e-05  6.74288253e+02 -3.81086370e-02  3.93560186e+02 
 1.07366639e-05  6.74288233e+02 -3.83975953e-02  3.77880347e+02 
 1.07369050e-05  6.74288214e+02 -3.86654625e-02  3.61640488e+02 
 1.07371466e-05  6.74288194e+02 -3.89115647e-02  3.44830284e+02 
 1.07373886e-05  6.74288173e+02 -3.91351730e-02  3.27439842e+02 
 1.07376313e-05  6.74288153e+02 -3.93355210e-02  3.09458040e+02 
 1.07378747e-05  6.74288133e+02 -3.95117816e-02  2.90873728e+02 
 1.07381191e-05  6.74288112e+02 -3.96630729e-02  2.71674380e+02 
 1.07383646e-05  6.74288091e+02 -3.97884396e-02  2.51846894e+02 
 1.07386114e-05  6.74288071e+02 -3.98868487e-02  2.31376417e+02 
 1.07388598e-05  6.74288049e+02 -3.99571713e-02  2.10246766e+02 
 1.07391099e-05  6.74288028e+02 -3.99981677e-02  1.88439293e+02 
 1.07393620e-05  6.74288007e+02 -4.00084640e-02  1.65932868e+02 
 1.07396165e-05  6.74287985e+02 -3.99865237e-02  1.42702577e+02 
 1.07398736e-05  6.74287963e+02 -3.99306705e-02  1.18739340e+02 
 1.07401295e-05  6.74287942e+02 -3.98407421e-02  9.44049937e+01 
 1.07403868e-05  6.74287920e+02 -3.97151170e-02  6.94798558e+01 
 1.07406431e-05  6.74287898e+02 -3.95542782e-02  4.42258620e+01 
 1.07409005e-05  6.74287877e+02 -3.93562248e-02  1.84558875e+01 
 1.07411575e-05  6.74287855e+02 -3.91215440e-02 -7.63360178e+00 
 1.07414156e-05  6.74287834e+02 -3.88481485e-02 -3.41710318e+01 
 1.07416736e-05  6.74287812e+02 -3.85365887e-02 -6.10023901e+01 
 1.07419326e-05  6.74287791e+02 -3.81848521e-02 -8.82094238e+01 
 1.07421920e-05  6.74287770e+02 -3.77933660e-02 -1.15669081e+02 
 1.07424525e-05  6.74287750e+02 -3.73602470e-02 -1.43428445e+02 
 1.07427135e-05  6.74287729e+02 -3.68858372e-02 -1.71381723e+02 
 1.07429759e-05  6.74287708e+02 -3.63680711e-02 -1.99567582e+02 
 1.07432390e-05  6.74287688e+02 -3.58075273e-02 -2.27872363e+02 
 1.07435036e-05  6.74287668e+02 -3.52021049e-02 -2.56321113e+02 
 1.07437694e-05  6.74287649e+02 -3.45521425e-02 -2.84815549e+02 
 1.07440368e-05  6.74287629e+02 -3.38557101e-02 -3.13357841e+02 
 1.07443057e-05  6.74287610e+02 -3.31128858e-02 -3.41860432e+02 
 1.07445765e-05  6.74287591e+02 -3.23218856e-02 -3.70306308e+02 
 1.07448492e-05  6.74287573e+02 -3.14825277e-02 -3.98614023e+02 
 1.07451241e-05  6.74287554e+02 -3.05931141e-02 -4.26750700e+02 
 1.07454013e-05  6.74287537e+02 -2.96531926e-02 -4.54637239e+02 
 1.07456541e-05  6.74287521e+02 -2.87590973e-02 -4.79580508e+02 
 1.07459013e-05  6.74287506e+02 -2.78513169e-02 -5.03469935e+02 
 1.07461291e-05  6.74287493e+02 -2.69858202e-02 -5.25007523e+02 
 1.07463521e-05  6.74287480e+02 -2.61124168e-02 -5.45604165e+02 
 1.07465619e-05  6.74287469e+02 -2.52679923e-02 -5.64500736e+02 
 1.07467677e-05  6.74287458e+02 -2.44182389e-02 -5.82566682e+02 
 1.07469639e-05  6.74287448e+02 -2.35893897e-02 -5.99318914e+02 
 1.07471564e-05  6.74287438e+02 -2.27584548e-02 -6.15293564e+02 
 1.07473414e-05  6.74287430e+02 -2.19440322e-02 -6.30189718e+02 
 1.07475229e-05  6.74287421e+02 -2.11305485e-02 -6.44347407e+02 
 1.07476983e-05  6.74287414e+02 -2.03310438e-02 -6.57585817e+02 
 1.07478702e-05  6.74287406e+02 -1.95349332e-02 -6.70125273e+02 
 1.07480370e-05  6.74287399e+02 -1.87513335e-02 -6.81861344e+02 
 1.07482005e-05  6.74287393e+02 -1.79730875e-02 -6.92939441e+02 
 1.07483595e-05  6.74287387e+02 -1.72065816e-02 -7.03302903e+02 
 1.07485152e-05  6.74287382e+02 -1.64470262e-02 -7.13049895e+02 
 1.07486670e-05  6.74287376e+02 -1.56989161e-02 -7.22153396e+02 
 1.07488156e-05  6.74287372e+02 -1.49590956e-02 -7.30681731e+02 
 1.07489606e-05  6.74287367e+02 -1.42307537e-02 -7.38626119e+02 
 1.07491025e-05  6.74287363e+02 -1.35118616e-02 -7.46036029e+02 
 1.07492410e-05  6.74287359e+02 -1.28047112e-02 -7.52913780e+02 
 1.07493765e-05  6.74287355e+02 -1.21080517e-02 -7.59296928e+02 
 1.07495087e-05  6.74287352e+02 -1.14235641e-02 -7.65194438e+02 
 1.07496379e-05  6.74287349e+02 -1.07505368e-02 -7.70636345e+02 
 1.07497640e-05  6.74287346e+02 -1.00902403e-02 -7.75635518e+02 
 1.07498870e-05  6.74287344e+02 -9.44234065e-03 -7.80217241e+02 
 1.07500070e-05  6.74287341e+02 -8.80784003e-03 -7.84396618e+02 
 1.07501240e-05  6.74287339e+02 -8.18667469e-03 -7.88195938e+02 
 1.07502378e-05  6.74287337e+02 -7.57968102e-03 -7.91631533e+02 
 1.07503486e-05  6.74287336e+02 -6.98699793e-03 -7.94723809e+02 
 1.07504563e-05  6.74287334e+02 -6.40937297e-03 -7.97489744e+02 
 1.07505608e-05  6.74287333e+02 -5.84710966e-03 -7.99948562e+02 
 1.07506621e-05  6.74287332e+02 -5.30092966e-03 -8.02117561e+02 
 1.07507601e-05  6.74287330e+02 -4.77128794e-03 -8.04015239e+02 
 1.07508547e-05  6.74287330e+02 -4.25893897e-03 -8.05659042e+02 
 1.07509459e-05  6.74287329e+02 -3.76450071e-03 -8.07067040e+02 
 1.07510335e-05  6.74287328e+02 -3.28882726e-03 -8.08256760e+02 
 1.07511174e-05  6.74287328e+02 -2.83274310e-03 -8.09246054e+02 
 1.07511975e-05  6.74287327e+02 -2.39729567e-03 -8.10052529e+02 
 1.07512735e-05  6.74287327e+02 -1.98361439e-03 -8.10693983e+02 
 1.07513451e-05  6.74287326e+02 -1.59310336e-03 -8.11188161e+02 
 1.07514122e-05  6.74287326e+02 -1.22741547e-03 -8.11552980e+02 
 1.07514744e-05  6.74287326e+02 -8.88666396e-04 -8.11806467e+02 
 1.07515249e-05  6.74287326e+02 -6.13190787e-04 -8.11952751e+02 
 1.07515660e-05  6.74287326e+02 -3.89106141e-04 -8.12032158e+02 
 1.07515992e-05  6.74287326e+02 -2.07654485e-04 -8.12070440e+02 
 1.07516265e-05  6.74287326e+02 -5.87240789e-05 -8.12084465e+02 
 1.07516539e-05  6.74287326e+02  9.03911134e-05 -8.12082795e+02 
 1.07516821e-05  6.74287326e+02  2.44403977e-04 -8.12064565e+02 
 1.07517182e-05  6.74287326e+02  4.41437957e-04 -8.12016788e+02 
 1.07517607e-05  6.74287326e+02  6.73194011e-04 -8.11925454e+02 
 1.07518106e-05  6.74287326e+02  9.44910631e-04 -8.11769990e+02 
 1.07518656e-05  6.74287326e+02  1.24513321e-03 -8.11537469e+02 
 1.07519263e-05  6.74287326e+02  1.57584356e-03 -8.11207483e+02 
 1.07519913e-05  6.74287327e+02  1.92971570e-03 -8.10768582e+02 
 1.07520609e-05  6.74287327e+02  2.30875184e-03 -8.10199988e+02 
 1.07521343e-05  6.74287327e+02  2.70825502e-03 -8.09490301e+02 
 1.07522118e-05  6.74287328e+02  3.12977248e-03 -8.08618497e+02 
 1.07522929e-05  6.74287328e+02  3.56999958e-03 -8.07572912e+02 
 1.07523776e-05  6.74287329e+02  4.02995255e-03 -8.06332725e+02 
 1.07524657e-05  6.74287330e+02  4.50719639e-03 -8.04885896e+02 
 1.07525572e-05  6.74287331e+02  5.00234124e-03 -8.03212025e+02 
 1.07526519e-05  6.74287332e+02  5.51355315e-03 -8.01298585e+02 
 1.07527498e-05  6.74287333e+02  6.04115388e-03 -7.99125657e+02 
 1.07528508e-05  6.74287335e+02  6.58373264e-03 -7.96680165e+02 
 1.07529548e-05  6.74287336e+02  7.14140592e-03 -7.93942659e+02 
 1.07530618e-05  6.74287338e+02  7.71306087e-03 -7.90899498e+02 
 1.07531717e-05  6.74287340e+02  8.29866706e-03 -7.87531652e+02 
 1.07532845e-05  6.74287342e+02  8.89732125e-03 -7.83824919e+02 
 1.07534002e-05  6.74287344e+02  9.50888738e-03 -7.79760603e+02 
 1.07535187e-05  6.74287346e+02  1.01326096e-02 -7.75323951e+02 
 1.07536401e-05  6.74287349e+02  1.07682750e-02 -7.70496497e+02 
 1.07537643e-05  6.74287352e+02  1.14152307e-02 -7.65262930e+02 
 1.07538914e-05  6.74287355e+02  1.20732073e-02 -7.59604884e+02 
 1.07540213e-05  6.74287359e+02  1.27416224e-02 -7.53506470e+02 
 1.07541541e-05  6.74287362e+02  1.34201644e-02 -7.46949267e+02 
 1.07542897e-05  6.74287366e+02  1.41082983e-02 -7.39916743e+02 
 1.07544283e-05  6.74287371e+02  1.48056793e-02 -7.32390243e+02 
 1.07545699e-05  6.74287375e+02  1.55118032e-02 -7.24352481e+02 
 1.07547144e-05  6.74287380e+02  1.62262985e-02 -7.15784338e+02 
 1.07548620e-05  6.74287385e+02  1.69486794e-02 -7.06667593e+02 
 1.07550128e-05  6.74287391e+02  1.76785525e-02 -6.96982366e+02 
 1.07551668e-05  6.74287397e+02  1.84154419e-02 -6.86709221e+02 
 1.07553240e-05  6.74287403e+02  1.91589356e-02 -6.75827114e+02 
 1.07554847e-05  6.74287410e+02  1.99085620e-02 -6.64314972e+02 
 1.07556490e-05  6.74287417e+02  2.06638938e-02 -6.52150015e+02 
 1.07558169e-05  6.74287424e+02  2.14244611e-02 -6.39308893e+02 
 1.07559886e-05  6.74287432e+02  2.21898253e-02 -6.25766259e+02 
 1.07561644e-05  6.74287441e+02  2.29595189e-02 -6.11495493e+02 
 1.07563444e-05  6.74287450e+02  2.37330988e-02 -5.96467410e+02 
 1.07565289e-05  6.74287459e+02  2.45101051e-02 -5.80650561e+02 
 1.07567181e-05  6.74287469e+02  2.52901018e-02 -5.64009895e+02 
 1.07569124e-05  6.74287480e+02  2.60726507e-02 -5.46506555e+02 
 1.07571122e-05  6.74287491e+02  2.68573451e-02 -5.28096232e+02 
 1.07573180e-05  6.74287503e+02  2.76437986e-02 -5.08728168e+02 
 1.07575302e-05  6.74287516e+02  2.84316798e-02 -4.88342691e+02 
 1.07577497e-05  6.74287529e+02  2.92207197e-02 -4.66868724e+02 
 1.07579772e-05  6.74287543e+02  3.00107626e-02 -4.44219258e+02 
 1.07582138e-05  6.74287559e+02  3.08018121e-02 -4.20285375e+02 
 1.07584608e-05  6.74287575e+02  3.15941370e-02 -3.94926107e+02 
 1.07587203e-05  6.74287593e+02  3.23884291e-02 -3.67952360e+02 
 1.07589947e-05  6.74287612e+02  3.31861180e-02 -3.39097853e+02 
 1.07592672e-05  6.74287631e+02  3.39343634e-02 -3.10190599e+02 
 1.07595404e-05  6.74287651e+02  3.46403448e-02 -2.81020015e+02 
 1.07598089e-05  6.74287671e+02  3.52913246e-02 -2.52207952e+02 
 1.07600767e-05  6.74287691e+02  3.58975165e-02 -2.23416847e+02 
 1.07603411e-05  6.74287712e+02  3.64540859e-02 -1.94979038e+02 
 1.07606049e-05  6.74287732e+02  3.69678037e-02 -1.66652254e+02 
 1.07608663e-05  6.74287753e+02  3.74359800e-02 -1.38679593e+02 
 1.07611272e-05  6.74287774e+02  3.78628186e-02 -1.10908076e+02 
 1.07613862e-05  6.74287795e+02  3.82469916e-02 -8.35187272e+01 
 1.07616447e-05  6.74287816e+02  3.85912058e-02 -5.64195718e+01 
 1.07619018e-05  6.74287837e+02  3.88952480e-02 -2.97269541e+01 
 1.07621584e-05  6.74287859e+02  3.91608475e-02 -3.39679077e+00 
 1.07624139e-05  6.74287880e+02  3.93883363e-02  2.24917058e+01 
 1.07626690e-05  6.74287901e+02  3.95790240e-02  4.79638520e+01 
 1.07629233e-05  6.74287923e+02  3.97334943e-02  7.29622519e+01 
 1.07631772e-05  6.74287944e+02  3.98528082e-02  9.75008125e+01 
 1.07634306e-05  6.74287966e+02  3.99376801e-02  1.21537537e+02 
 1.07636837e-05  6.74287987e+02  3.99890211e-02  1.45079305e+02 
 1.07639364e-05  6.74288009e+02  4.00076080e-02  1.68095493e+02 
 1.07641890e-05  6.74288030e+02  3.99942613e-02  1.90588910e+02 
 1.07644413e-05  6.74288052e+02  3.99497800e-02  2.12537506e+02 
 1.07646936e-05  6.74288073e+02  3.98749290e-02  2.33942047e+02 
 1.07649458e-05  6.74288095e+02  3.97705058e-02  2.54786980e+02 
 1.07651962e-05  6.74288116e+02  3.96383350e-02  2.74923463e+02 
 1.07654448e-05  6.74288137e+02  3.94798551e-02  2.94348909e+02 
 1.07656914e-05  6.74288157e+02  3.92963963e-02  3.13073952e+02 
 1.07659366e-05  6.74288178e+02  3.90890543e-02  3.31124645e+02 
 1.07661804e-05  6.74288198e+02  3.88588110e-02  3.48524830e+02 
 1.07664231e-05  6.74288218e+02  3.86065572e-02  3.65295887e+02 
 1.07666649e-05  6.74288238e+02  3.83331236e-02  3.81456161e+02 
 1.07669060e-05  6.74288257e+02  3.80392866e-02  3.97022062e+02 
 1.07671465e-05  6.74288277e+02  3.77257763e-02  4.12008568e+02 
 1.07673865e-05  6.74288296e+02  3.73932775e-02  4.26429761e+02 
 1.07676261e-05  6.74288315e+02  3.70424355e-02  4.40298989e+02 
 1.07678655e-05  6.74288334e+02  3.66738579e-02  4.53629081e+02 
 1.07681048e-05  6.74288352e+02  3.62881189e-02  4.66432397e+02 
 1.07683440e-05  6.74288371e+02  3.58857614e-02  4.78720952e+02 
 1.07685833e-05  6.74288389e+02  3.54673004e-02  4.90506441e+02 
 1.07688227e-05  6.74288407e+02  3.50332237e-02  5.01800327e+02 
 1.07690624e-05  6.74288424e+02  3.45839948e-02  5.12613867e+02 
 1.07693024e-05  6.74288442e+02  3.41200532e-02  5.22958162e+02 
 1.07695428e-05  6.74288459e+02  3.36418164e-02  5.32844181e+02 
 1.07697837e-05  6.74288476e+02  3.31496803e-02  5.42282797e+02 
 1.07700251e-05  6.74288493e+02  3.26440203e-02  5.51284801e+02 
 1.07702672e-05  6.74288510e+02  3.21251915e-02  5.59860925e+02 
 1.07705100e-05  6.74288526e+02  3.15935296e-02  5.68021856e+02 
 1.07707537e-05  6.74288543e+02  3.10493509e-02  5.75778246e+02 
 1.07709981e-05  6.74288559e+02  3.04929527e-02  5.83140725e+02 
 1.07712436e-05  6.74288574e+02  2.99246136e-02  5.90119907e+02 
 1.07714900e-05  6.74288590e+02  2.93445930e-02  5.96726395e+02 
 1.07717376e-05  6.74288605e+02  2.87531315e-02  6.02970789e+02 
 1.07719863e-05  6.74288620e+02  2.81504507e-02  6.08863684e+02 
 1.07722364e-05  6.74288635e+02  2.75367526e-02  6.14415680e+02 
 1.07724877e-05  6.74288650e+02  2.69122194e-02  6.19637375e+02 
 1.07727405e-05  6.74288664e+02  2.62770132e-02  6.24539372e+02 
 1.07729948e-05  6.74288678e+02  2.56312753e-02  6.29132274e+02 
 1.07732507e-05  6.74288692e+02  2.49751255e-02  6.33426687e+02 
 1.07735084e-05  6.74288705e+02  2.43086614e-02  6.37433217e+02 
 1.07737678e-05  6.74288719e+02  2.36319576e-02  6.41162467e+02 
 1.07740291e-05  6.74288731e+02  2.29450643e-02  6.44625035e+02 
 1.07742925e-05  6.74288744e+02  2.22480067e-02  6.47831514e+02 
 1.07745579e-05  6.74288757e+02  2.15407837e-02  6.50792483e+02 
 1.07748257e-05  6.74288769e+02  2.08233661e-02  6.53518507e+02 
 1.07750957e-05  6.74288780e+02  2.00956956e-02  6.56020133e+02 
 1.07753683e-05  6.74288792e+02  1.93576829e-02  6.58307881e+02 
 1.07756435e-05  6.74288803e+02  1.86092062e-02  6.60392242e+02 
 1.07759214e-05  6.74288814e+02  1.78501098e-02  6.62283670e+02 
 1.07762023e-05  6.74288824e+02  1.70802018e-02  6.63992575e+02 
 1.07764863e-05  6.74288834e+02  1.62992532e-02  6.65529313e+02 
 1.07767735e-05  6.74288844e+02  1.55069971e-02  6.66904177e+02 
 1.07770642e-05  6.74288853e+02  1.47031280e-02  6.68127388e+02 
 1.07773585e-05  6.74288862e+02  1.38873030e-02  6.69209077e+02 
 1.07776567e-05  6.74288871e+02  1.30591459e-02  6.70159271e+02 
 1.07779574e-05  6.74288879e+02  1.22224458e-02  6.70984060e+02 
 1.07782562e-05  6.74288886e+02  1.13898570e-02  6.71684811e+02 
 1.07785543e-05  6.74288893e+02  1.05582092e-02  6.72279007e+02 
 1.07788482e-05  6.74288900e+02  9.73700825e-03  6.72774321e+02 
 1.07791384e-05  6.74288905e+02  8.92583941e-03  6.73185311e+02 
 1.07794212e-05  6.74288911e+02  8.13445040e-03  6.73520693e+02 
 1.07796949e-05  6.74288915e+02  7.36810876e-03  6.73791576e+02 
 1.07799546e-05  6.74288919e+02  6.64089567e-03  6.74005837e+02 
 1.07801647e-05  6.74288922e+02  6.05207547e-03  6.74152459e+02 
 1.07802097e-05  6.74288922e+02  5.92598747e-03  6.74181005e+02 
 1.07802868e-05  6.74288923e+02  5.70985696e-03  6.74227727e+02 
 1.07803597e-05  6.74288924e+02  5.50568429e-03  6.74269392e+02 
 1.07804488e-05  6.74288925e+02  5.25592593e-03  6.74317228e+02 
 1.07805518e-05  6.74288926e+02  4.96691025e-03  6.74368483e+02 
 1.07806538e-05  6.74288927e+02  4.68102993e-03  6.74415075e+02 
 1.07807856e-05  6.74288929e+02  4.31151587e-03  6.74469598e+02 
 1.07809113e-05  6.74288930e+02  3.95888978e-03  6.74516003e+02 
 1.07810585e-05  6.74288931e+02  3.54600789e-03  6.74563827e+02 
 1.07811303e-05  6.74288931e+02  3.34460462e-03  6.74584745e+02 
 1.07812246e-05  6.74288932e+02  3.08019554e-03  6.74609930e+02 
 1.07813565e-05  6.74288933e+02  2.71029849e-03  6.74641028e+02 
 1.07814710e-05  6.74288933e+02  2.38912984e-03  6.74664306e+02 
 1.07815675e-05  6.74288934e+02  2.11824553e-03  6.74681368e+02 
 1.07816660e-05  6.74288934e+02  1.84183569e-03  6.74696440e+02 
 1.07817529e-05  6.74288935e+02  1.59821717e-03  6.74707823e+02 
 1.07818432e-05  6.74288935e+02  1.34471986e-03  6.74717824e+02 
 1.07819319e-05  6.74288935e+02  1.09607089e-03  6.74725845e+02 
 1.07820309e-05  6.74288935e+02  8.18216122e-04  6.74732753e+02 
 1.07821032e-05  6.74288936e+02  6.15283230e-04  6.74736450e+02 
 1.07821566e-05  6.74288936e+02  4.65448967e-04  6.74738460e+02 
 1.07822107e-05  6.74288936e+02  3.13674230e-04  6.74739877e+02 
 1.07822668e-05  6.74288936e+02  1.56419953e-04  6.74740697e+02 
 1.07823269e-05  6.74288936e+02 -1.22115513e-05  6.74740847e+02 
 1.07823908e-05  6.74288936e+02 -1.91665485e-04  6.74740185e+02 
 1.07824615e-05  6.74288936e+02 -3.90072621e-04  6.74738471e+02 
 1.07825301e-05  6.74288936e+02 -5.82489611e-04  6.74735824e+02 
 1.07826081e-05  6.74288935e+02 -8.01354685e-04  6.74731633e+02 
 1.07826890e-05  6.74288935e+02 -1.02821630e-03  6.74725951e+02 
 1.07827993e-05  6.74288935e+02 -1.33758001e-03  6.74715972e+02 
 1.07828879e-05  6.74288935e+02 -1.58622665e-03  6.74706039e+02 
 1.07829735e-05  6.74288934e+02 -1.82636658e-03  6.74694781e+02 
 1.07830594e-05  6.74288934e+02 -2.06732889e-03  6.74681786e+02 
 1.07831496e-05  6.74288934e+02 -2.32044399e-03  6.74666243e+02 
 1.07832385e-05  6.74288933e+02 -2.56997948e-03  6.74648949e+02 
 1.07833345e-05  6.74288933e+02 -2.83914452e-03  6.74628015e+02 
 1.07834419e-05  6.74288932e+02 -3.14054047e-03  6.74601640e+02 
 1.07835722e-05  6.74288931e+02 -3.50580193e-03  6.74565300e+02 
 1.07836645e-05  6.74288930e+02 -3.76465104e-03  6.74536482e+02 
 1.07837832e-05  6.74288929e+02 -4.09755550e-03  6.74495466e+02 
 1.07838569e-05  6.74288929e+02 -4.30437250e-03  6.74467630e+02 
 1.07839356e-05  6.74288928e+02 -4.52506913e-03  6.74435842e+02 
 1.07839869e-05  6.74288927e+02 -4.66893371e-03  6.74413918e+02 
 1.07840529e-05  6.74288927e+02 -4.85381500e-03  6.74384304e+02 
 1.07841150e-05  6.74288926e+02 -5.02791088e-03  6.74354888e+02 
 1.07841614e-05  6.74288926e+02 -5.15812631e-03  6.74331886e+02 
 1.07842094e-05  6.74288925e+02 -5.29265563e-03  6.74307198e+02 
 1.07842568e-05  6.74288924e+02 -5.42561054e-03  6.74281852e+02 
 1.07843102e-05  6.74288924e+02 -5.57514982e-03  6.74252190e+02 
 1.07843724e-05  6.74288923e+02 -5.74964688e-03  6.74215986e+02 
 1.07844396e-05  6.74288922e+02 -5.93781221e-03  6.74174963e+02 
 1.07845120e-05  6.74288921e+02 -6.14079085e-03  6.74128319e+02 
 1.07845871e-05  6.74288920e+02 -6.35113258e-03  6.74077261e+02 
 1.07846663e-05  6.74288919e+02 -6.57313287e-03  6.74020248e+02 
 1.07847477e-05  6.74288918e+02 -6.80136328e-03  6.73958147e+02 
 1.07848330e-05  6.74288917e+02 -7.04024970e-03  6.73889193e+02 
 1.07849203e-05  6.74288916e+02 -7.28480610e-03  6.73814227e+02 
 1.07850112e-05  6.74288914e+02 -7.53914095e-03  6.73731351e+02 
 1.07851039e-05  6.74288913e+02 -7.79876220e-03  6.73641343e+02 
 1.07851999e-05  6.74288911e+02 -8.06758573e-03  6.73542112e+02 
 1.07852978e-05  6.74288909e+02 -8.34147883e-03  6.73434390e+02 
 1.07853988e-05  6.74288907e+02 -8.62415127e-03  6.73315863e+02 
 1.07855016e-05  6.74288906e+02 -8.91184882e-03  6.73187180e+02 
 1.07857073e-05  6.74288901e+02 -9.48700690e-03  6.72903920e+02 
 1.07859542e-05  6.74288896e+02 -1.01768021e-02  6.72514389e+02 
 1.07861830e-05  6.74288891e+02 -1.08157248e-02  6.72099899e+02 
 1.07864753e-05  6.74288884e+02 -1.16309784e-02  6.71487201e+02 
 1.07867984e-05  6.74288876e+02 -1.25308856e-02  6.70688077e+02 
 1.07871245e-05  6.74288867e+02 -1.34375062e-02  6.69735151e+02 
 1.07874554e-05  6.74288857e+02 -1.43557265e-02  6.68598495e+02 
 1.07877735e-05  6.74288847e+02 -1.52361717e-02  6.67325768e+02 
 1.07880905e-05  6.74288837e+02 -1.61111956e-02  6.65861969e+02 
 1.07883969e-05  6.74288826e+02 -1.69542969e-02  6.64242566e+02 
 1.07887016e-05  6.74288815e+02 -1.77898860e-02  6.62413119e+02 
 1.07889986e-05  6.74288803e+02 -1.86008925e-02  6.60401609e+02 
 1.07892936e-05  6.74288791e+02 -1.94032366e-02  6.58160042e+02 
 1.07895826e-05  6.74288779e+02 -2.01854275e-02  6.55710717e+02 
 1.07898695e-05  6.74288766e+02 -2.09578848e-02  6.53012020e+02 
 1.07901516e-05  6.74288754e+02 -2.17129202e-02  6.50080904e+02 
 1.07904316e-05  6.74288740e+02 -2.24574514e-02  6.46881240e+02 
 1.07907076e-05  6.74288727e+02 -2.31863370e-02  6.43425128e+02 
 1.07909815e-05  6.74288713e+02 -2.39041846e-02  6.39681165e+02 
 1.07912520e-05  6.74288699e+02 -2.46075275e-02  6.35657279e+02 
 1.07915206e-05  6.74288685e+02 -2.52994192e-02  6.31326128e+02 
 1.07917864e-05  6.74288671e+02 -2.59774909e-02  6.26692152e+02 
 1.07920503e-05  6.74288656e+02 -2.66437411e-02  6.21731454e+02 
 1.07923118e-05  6.74288641e+02 -2.72965199e-02  6.16445616e+02 
 1.07925716e-05  6.74288626e+02 -2.79371041e-02  6.10813628e+02 
 1.07928294e-05  6.74288610e+02 -2.85643124e-02  6.04834766e+02 
 1.07930855e-05  6.74288594e+02 -2.91789229e-02  5.98490421e+02 
 1.07933399e-05  6.74288578e+02 -2.97800564e-02  5.91778035e+02 
 1.07935929e-05  6.74288562e+02 -3.03681428e-02  5.84680984e+02 
 1.07938444e-05  6.74288546e+02 -3.09424932e-02  5.77195278e+02 
 1.07940946e-05  6.74288529e+02 -3.15032903e-02  5.69305927e+02 
 1.07943435e-05  6.74288512e+02 -3.20499611e-02  5.61007836e+02 
 1.07945913e-05  6.74288495e+02 -3.25825094e-02  5.52287358e+02 
 1.07948380e-05  6.74288478e+02 -3.31004273e-02  5.43138562e+02 
 1.07950838e-05  6.74288461e+02 -3.36035852e-02  5.33548891e+02 
 1.07953286e-05  6.74288443e+02 -3.40915062e-02  5.23511786e+02 
 1.07955727e-05  6.74288425e+02 -3.45639575e-02  5.13015576e+02 
 1.07958160e-05  6.74288407e+02 -3.50204692e-02  5.02053227e+02 
 1.07960587e-05  6.74288389e+02 -3.54607247e-02  4.90613765e+02 
 1.07963009e-05  6.74288371e+02 -3.58842435e-02  4.78689786e+02 
 1.07965426e-05  6.74288352e+02 -3.62906373e-02  4.66270846e+02 
 1.07967839e-05  6.74288333e+02 -3.66794011e-02  4.53349219e+02 
 1.07970250e-05  6.74288314e+02 -3.70500808e-02  4.39914821e+02 
 1.07972658e-05  6.74288295e+02 -3.74021358e-02  4.25959601e+02 
 1.07975066e-05  6.74288276e+02 -3.77350465e-02  4.11473649e+02 
 1.07977474e-05  6.74288257e+02 -3.80482258e-02  3.96448524e+02 
 1.07979883e-05  6.74288237e+02 -3.83410852e-02  3.80874264e+02 
 1.07982294e-05  6.74288217e+02 -3.86129781e-02  3.64741891e+02 
 1.07984709e-05  6.74288197e+02 -3.88632392e-02  3.48041100e+02 
 1.07987128e-05  6.74288177e+02 -3.90911471e-02  3.30762121e+02 
 1.07989554e-05  6.74288157e+02 -3.92959455e-02  3.12893901e+02 
 1.07991987e-05  6.74288137e+02 -3.94768172e-02  2.94425459e+02 
 1.07994429e-05  6.74288116e+02 -3.96328931e-02  2.75344415e+02 
 1.07996881e-05  6.74288095e+02 -3.97632312e-02  2.55637908e+02 
 1.07999347e-05  6.74288075e+02 -3.98668151e-02  2.35291342e+02 
 1.08001827e-05  6.74288054e+02 -3.99425345e-02  2.14288903e+02 
 1.08004325e-05  6.74288032e+02 -3.99891729e-02  1.92612373e+02 
 1.08006842e-05  6.74288011e+02 -4.00053833e-02  1.70241212e+02 
 1.08009383e-05  6.74287989e+02 -3.99896627e-02  1.47151234e+02 
 1.08011950e-05  6.74287967e+02 -3.99403018e-02  1.23309363e+02 
 1.08014510e-05  6.74287946e+02 -3.98569010e-02  9.90580793e+01 
 1.08017082e-05  6.74287924e+02 -3.97380570e-02  7.42322214e+01 
 1.08019646e-05  6.74287902e+02 -3.95839861e-02  4.90514781e+01 
 1.08022219e-05  6.74287881e+02 -3.93929898e-02  2.33700571e+01 
 1.08024789e-05  6.74287859e+02 -3.91653594e-02 -2.65094555e+00 
 1.08027368e-05  6.74287838e+02 -3.88993047e-02 -2.91104359e+01 
 1.08029948e-05  6.74287817e+02 -3.85950909e-02 -5.58805485e+01 
 1.08032537e-05  6.74287795e+02 -3.82509776e-02 -8.30216777e+01 
 1.08035129e-05  6.74287774e+02 -3.78671380e-02 -1.10429697e+02 
 1.08037732e-05  6.74287754e+02 -3.74419275e-02 -1.38136366e+02 
 1.08040341e-05  6.74287733e+02 -3.69754783e-02 -1.66049095e+02 
 1.08042963e-05  6.74287712e+02 -3.64659012e-02 -1.94197484e+02 
 1.08045592e-05  6.74287692e+02 -3.59136340e-02 -2.22475209e+02 
 1.08048236e-05  6.74287672e+02 -3.53167060e-02 -2.50902115e+02 
 1.08050891e-05  6.74287652e+02 -3.46753468e-02 -2.79385037e+02 
 1.08053562e-05  6.74287633e+02 -3.39877321e-02 -3.07922729e+02 
 1.08056248e-05  6.74287614e+02 -3.32538537e-02 -3.36431462e+02 
 1.08058953e-05  6.74287595e+02 -3.24720176e-02 -3.64891916e+02 
 1.08061676e-05  6.74287576e+02 -3.16419758e-02 -3.93225567e+02 
 1.08064421e-05  6.74287558e+02 -3.07621043e-02 -4.21398222e+02 
 1.08067189e-05  6.74287540e+02 -2.98319108e-02 -4.49332860e+02 
 1.08069764e-05  6.74287524e+02 -2.89280836e-02 -4.74842935e+02 
 1.08072242e-05  6.74287509e+02 -2.80242954e-02 -4.98892461e+02 
 1.08074558e-05  6.74287495e+02 -2.71501338e-02 -5.20879228e+02 
 1.08076795e-05  6.74287483e+02 -2.62793403e-02 -5.41627011e+02 
 1.08078918e-05  6.74287471e+02 -2.54289059e-02 -5.60850896e+02 
 1.08080982e-05  6.74287460e+02 -2.45808967e-02 -5.79058784e+02 
 1.08082963e-05  6.74287450e+02 -2.37476818e-02 -5.96064750e+02 
 1.08084894e-05  6.74287440e+02 -2.29176237e-02 -6.12177911e+02 
 1.08086759e-05  6.74287431e+02 -2.20997757e-02 -6.27281995e+02 
 1.08088580e-05  6.74287423e+02 -2.12864350e-02 -6.41574460e+02 
 1.08090346e-05  6.74287415e+02 -2.04840702e-02 -6.54989533e+02 
 1.08092072e-05  6.74287408e+02 -1.96875307e-02 -6.67658440e+02 
 1.08093750e-05  6.74287401e+02 -1.89014101e-02 -6.79548440e+02 
 1.08095391e-05  6.74287394e+02 -1.81222903e-02 -6.90749532e+02 
 1.08096989e-05  6.74287388e+02 -1.73534510e-02 -7.01249591e+02 
 1.08098553e-05  6.74287383e+02 -1.65926675e-02 -7.11112508e+02 
 1.08100079e-05  6.74287377e+02 -1.58423072e-02 -7.20338788e+02 
 1.08101571e-05  6.74287373e+02 -1.51009677e-02 -7.28975694e+02 
 1.08103028e-05  6.74287368e+02 -1.43703863e-02 -7.37031349e+02 
 1.08104453e-05  6.74287364e+02 -1.36497281e-02 -7.44542392e+02 
 1.08105844e-05  6.74287360e+02 -1.29402978e-02 -7.51521438e+02 
 1.08107205e-05  6.74287356e+02 -1.22416540e-02 -7.57998304e+02 
 1.08108533e-05  6.74287353e+02 -1.15548091e-02 -7.63988171e+02 
 1.08109831e-05  6.74287350e+02 -1.08795971e-02 -7.69516463e+02 
 1.08111098e-05  6.74287347e+02 -1.02168373e-02 -7.74599761e+02 
 1.08112334e-05  6.74287344e+02 -9.56656110e-03 -7.79260643e+02 
 1.08113540e-05  6.74287342e+02 -8.92946719e-03 -7.83516397e+02 
 1.08114716e-05  6.74287340e+02 -8.30573417e-03 -7.87387754e+02 
 1.08115860e-05  6.74287338e+02 -7.69599464e-03 -7.90892313e+02 
 1.08116975e-05  6.74287336e+02 -7.10054580e-03 -7.94049600e+02 
 1.08118057e-05  6.74287334e+02 -6.51999799e-03 -7.96877315e+02 
 1.08119109e-05  6.74287333e+02 -5.95475548e-03 -7.99394200e+02 
 1.08120128e-05  6.74287332e+02 -5.40544618e-03 -8.01617952e+02 
 1.08121114e-05  6.74287331e+02 -4.87258565e-03 -8.03566813e+02 
 1.08122067e-05  6.74287330e+02 -4.35686183e-03 -8.05258441e+02 
 1.08122986e-05  6.74287329e+02 -3.85892400e-03 -8.06710776e+02 
 1.08123869e-05  6.74287328e+02 -3.37957429e-03 -8.07941450e+02 
 1.08124716e-05  6.74287328e+02 -2.91964462e-03 -8.08968245e+02 
 1.08125524e-05  6.74287327e+02 -2.48013379e-03 -8.09808814e+02 
 1.08126291e-05  6.74287327e+02 -2.06215358e-03 -8.10480913e+02 
 1.08127017e-05  6.74287327e+02 -1.66704784e-03 -8.11002293e+02 
 1.08127697e-05  6.74287326e+02 -1.29641355e-03 -8.11390831e+02 
 1.08128328e-05  6.74287326e+02 -9.52261611e-04 -8.11664527e+02 
 1.08128846e-05  6.74287326e+02 -6.69907855e-04 -8.11826490e+02 
 1.08129272e-05  6.74287326e+02 -4.37765113e-04 -8.11917408e+02 
 1.08129621e-05  6.74287326e+02 -2.47108589e-04 -8.11963575e+02 
 1.08129898e-05  6.74287326e+02 -9.65406211e-05 -8.11981869e+02 
 1.08130168e-05  6.74287326e+02  5.08999108e-05 -8.11984247e+02 
 1.08130451e-05  6.74287326e+02  2.05201506e-04 -8.11970275e+02 
 1.08130779e-05  6.74287326e+02  3.84235986e-04 -8.11932963e+02 
 1.08131200e-05  6.74287326e+02  6.13757318e-04 -8.11851970e+02 
 1.08131670e-05  6.74287326e+02  8.70220689e-04 -8.11717390e+02 
 1.08132217e-05  6.74287326e+02  1.16841759e-03 -8.11502399e+02 
 1.08132803e-05  6.74287327e+02  1.48767802e-03 -8.11202452e+02 
 1.08133448e-05  6.74287327e+02  1.83923784e-03 -8.10788642e+02 
 1.08134128e-05  6.74287327e+02  2.20921850e-03 -8.10258528e+02 
 1.08134857e-05  6.74287327e+02  2.60599287e-03 -8.09582073e+02 
 1.08135618e-05  6.74287328e+02  3.02002868e-03 -8.08756906e+02 
 1.08136423e-05  6.74287328e+02  3.45723967e-03 -8.07753080e+02 
 1.08137259e-05  6.74287329e+02  3.91084520e-03 -8.06567492e+02 
 1.08138134e-05  6.74287330e+02  4.38492447e-03 -8.05171143e+02 
 1.08139038e-05  6.74287331e+02  4.87457505e-03 -8.03559720e+02 
 1.08139979e-05  6.74287332e+02  5.38257446e-03 -8.01705572e+02 
 1.08140949e-05  6.74287333e+02  5.90533961e-03 -7.99602915e+02 
 1.08141952e-05  6.74287334e+02  6.44472812e-03 -7.97225565e+02 
 1.08142983e-05  6.74287336e+02  6.99808837e-03 -7.94566188e+02 
 1.08144046e-05  6.74287337e+02  7.56662537e-03 -7.91600033e+02 
 1.08145137e-05  6.74287339e+02  8.14834567e-03 -7.88318251e+02 
 1.08146259e-05  6.74287341e+02  8.74399026e-03 -7.84697393e+02 
 1.08147408e-05  6.74287343e+02  9.35203089e-03 -7.80727188e+02 
 1.08148586e-05  6.74287346e+02  9.97287804e-03 -7.76385300e+02 
 1.08149793e-05  6.74287349e+02  1.06053318e-02 -7.71660148e+02 
 1.08151028e-05  6.74287351e+02  1.12495666e-02 -7.66530280e+02 
 1.08152291e-05  6.74287355e+02  1.19046134e-02 -7.60982905e+02 
 1.08153583e-05  6.74287358e+02  1.25704768e-02 -7.54997214e+02 
 1.08154904e-05  6.74287361e+02  1.32463495e-02 -7.48559273e+02 
 1.08156253e-05  6.74287365e+02  1.39321128e-02 -7.41648650e+02 
 1.08157632e-05  6.74287370e+02  1.46270713e-02 -7.34250286e+02 
 1.08159040e-05  6.74287374e+02  1.53310158e-02 -7.26343841e+02 
 1.08160477e-05  6.74287379e+02  1.60433271e-02 -7.17913077e+02 
 1.08161946e-05  6.74287384e+02  1.67637289e-02 -7.08937417e+02 
 1.08163445e-05  6.74287389e+02  1.74916525e-02 -6.99399305e+02 
 1.08164977e-05  6.74287395e+02  1.82267707e-02 -6.89277530e+02 
 1.08166541e-05  6.74287401e+02  1.89685480e-02 -6.78552948e+02 
 1.08168140e-05  6.74287408e+02  1.97166182e-02 -6.67203204e+02 
 1.08169773e-05  6.74287415e+02  2.04704669e-02 -6.55207122e+02 
 1.08171442e-05  6.74287422e+02  2.12296987e-02 -6.42540506e+02 
 1.08173150e-05  6.74287430e+02  2.19938135e-02 -6.29179435e+02 
 1.08174897e-05  6.74287439e+02  2.27623958e-02 -6.15096865e+02 
 1.08176686e-05  6.74287447e+02  2.35349586e-02 -6.00264994e+02 
 1.08178520e-05  6.74287457e+02  2.43110775e-02 -5.84652396e+02 
 1.08180400e-05  6.74287467e+02  2.50902836e-02 -5.68225542e+02 
 1.08182330e-05  6.74287477e+02  2.58721607e-02 -5.50946165e+02 
 1.08184314e-05  6.74287488e+02  2.66562749e-02 -5.32771875e+02 
 1.08186356e-05  6.74287500e+02  2.74422488e-02 -5.13653356e+02 
 1.08188461e-05  6.74287512e+02  2.82297220e-02 -4.93533757e+02 
 1.08190637e-05  6.74287526e+02  2.90184179e-02 -4.72344946e+02 
 1.08192890e-05  6.74287540e+02  2.98081383e-02 -4.50004703e+02 
 1.08195232e-05  6.74287555e+02  3.05988470e-02 -4.26410207e+02 
 1.08197675e-05  6.74287571e+02  3.13907267e-02 -4.01430040e+02 
 1.08200236e-05  6.74287588e+02  3.21843456e-02 -3.74889227e+02 
 1.08202939e-05  6.74287607e+02  3.29808996e-02 -3.46545054e+02 
 1.08205694e-05  6.74287626e+02  3.37486297e-02 -3.17381660e+02 
 1.08208407e-05  6.74287646e+02  3.44607516e-02 -2.88458547e+02 
 1.08211121e-05  6.74287666e+02  3.51295855e-02 -2.59373373e+02 
 1.08213786e-05  6.74287686e+02  3.57437442e-02 -2.30726874e+02 
 1.08216450e-05  6.74287707e+02  3.63151749e-02 -2.02074134e+02 
 1.08219080e-05  6.74287727e+02  3.68376609e-02 -1.73824778e+02 
 1.08221708e-05  6.74287748e+02  3.73187222e-02 -1.45673839e+02 
 1.08224311e-05  6.74287769e+02  3.77547723e-02 -1.17924079e+02 
 1.08226912e-05  6.74287790e+02  3.81505024e-02 -9.03760969e+01 
 1.08229493e-05  6.74287811e+02  3.85040683e-02 -6.32542371e+01 
 1.08232072e-05  6.74287832e+02  3.88186872e-02 -3.64143158e+01 
 1.08234635e-05  6.74287853e+02  3.90935465e-02 -1.00285144e+01 
 1.08237196e-05  6.74287875e+02  3.93308607e-02  1.60023035e+01 
 1.08239746e-05  6.74287896e+02  3.95305817e-02  4.15549609e+01 
 1.08242293e-05  6.74287917e+02  3.96942645e-02  6.66940631e+01 
 1.08244831e-05  6.74287939e+02  3.98223070e-02  9.13319565e+01 
 1.08247368e-05  6.74287960e+02  3.99158679e-02  1.15509700e+02 
 1.08249898e-05  6.74287982e+02  3.99755897e-02  1.39165034e+02 
 1.08252428e-05  6.74288003e+02  4.00024000e-02  1.62323533e+02 
 1.08254953e-05  6.74288025e+02  3.99970645e-02  1.84941172e+02 
 1.08257478e-05  6.74288046e+02  3.99603795e-02  2.07033713e+02 
 1.08260000e-05  6.74288068e+02  3.98931620e-02  2.28570276e+02 
 1.08262523e-05  6.74288089e+02  3.97961343e-02  2.49560691e+02 
 1.08265035e-05  6.74288110e+02  3.96706865e-02  2.69902713e+02 
 1.08267522e-05  6.74288131e+02  3.95188919e-02  2.89485971e+02 
 1.08269996e-05  6.74288152e+02  3.93414764e-02  3.08403043e+02 
 1.08272449e-05  6.74288173e+02  3.91402500e-02  3.26605904e+02 
 1.08274892e-05  6.74288193e+02  3.89155642e-02  3.44179758e+02 
 1.08277321e-05  6.74288213e+02  3.86689510e-02  3.61097158e+02 
 1.08279742e-05  6.74288233e+02  3.84006749e-02  3.77417621e+02 
 1.08282154e-05  6.74288252e+02  3.81120595e-02  3.93124954e+02 
 1.08284561e-05  6.74288272e+02  3.78033596e-02  4.08261324e+02 
 1.08286961e-05  6.74288291e+02  3.74757112e-02  4.22819130e+02 
 1.08289359e-05  6.74288310e+02  3.71293741e-02  4.36829679e+02 
 1.08291753e-05  6.74288329e+02  3.67653179e-02  4.50291461e+02 
 1.08294146e-05  6.74288348e+02  3.63838113e-02  4.63228687e+02 
 1.08296538e-05  6.74288366e+02  3.59856827e-02  4.75643925e+02 
 1.08298931e-05  6.74288384e+02  3.55712088e-02  4.87556668e+02 
 1.08301325e-05  6.74288402e+02  3.51410995e-02  4.98972179e+02 
 1.08303721e-05  6.74288420e+02  3.46956354e-02  5.09906821e+02 
 1.08306120e-05  6.74288438e+02  3.42354271e-02  5.20367640e+02 
 1.08308523e-05  6.74288455e+02  3.37607537e-02  5.30368940e+02 
 1.08310931e-05  6.74288472e+02  3.32721416e-02  5.39918948e+02 
 1.08313344e-05  6.74288489e+02  3.27698624e-02  5.49030623e+02 
 1.08315763e-05  6.74288506e+02  3.22543709e-02  5.57712978e+02 
 1.08318190e-05  6.74288522e+02  3.17259257e-02  5.65978102e+02 
 1.08320623e-05  6.74288539e+02  3.11849189e-02  5.73835536e+02 
 1.08323066e-05  6.74288555e+02  3.06315913e-02  5.81296811e+02 
 1.08325518e-05  6.74288570e+02  3.00662791e-02  5.88371823e+02 
 1.08327980e-05  6.74288586e+02  2.94892010e-02  5.95071753e+02 
 1.08330453e-05  6.74288601e+02  2.89006417e-02  6.01406740e+02 
 1.08332937e-05  6.74288617e+02  2.83007939e-02  6.07387748e+02 
 1.08335434e-05  6.74288631e+02  2.76898934e-02  6.13025079e+02 
 1.08337944e-05  6.74288646e+02  2.70681029e-02  6.18329565e+02 
 1.08340468e-05  6.74288660e+02  2.64356109e-02  6.23311621e+02 
 1.08343007e-05  6.74288675e+02  2.57925457e-02  6.27981996e+02 
 1.08345563e-05  6.74288688e+02  2.51390486e-02  6.32351178e+02 
 1.08348134e-05  6.74288702e+02  2.44752094e-02  6.36429864e+02 
 1.08350724e-05  6.74288715e+02  2.38011201e-02  6.40228583e+02 
 1.08353332e-05  6.74288728e+02  2.31168277e-02  6.43757992e+02 
 1.08355961e-05  6.74288741e+02  2.24223723e-02  6.47028638e+02 
 1.08358610e-05  6.74288753e+02  2.17177527e-02  6.50051138e+02 
 1.08361281e-05  6.74288766e+02  2.10029531e-02  6.52836033e+02 
 1.08363976e-05  6.74288777e+02  2.02779179e-02  6.55393893e+02 
 1.08366695e-05  6.74288789e+02  1.95425706e-02  6.57735228e+02 
 1.08369440e-05  6.74288800e+02  1.87967944e-02  6.59870549e+02 
 1.08372212e-05  6.74288811e+02  1.80404458e-02  6.61810308e+02 
 1.08375013e-05  6.74288821e+02  1.72733402e-02  6.63564930e+02 
 1.08377845e-05  6.74288832e+02  1.64952613e-02  6.65144780e+02 
 1.08380709e-05  6.74288841e+02  1.57059504e-02  6.66560170e+02 
 1.08383606e-05  6.74288851e+02  1.49051145e-02  6.67821334e+02 
 1.08386540e-05  6.74288860e+02  1.40924200e-02  6.68938427e+02 
 1.08389512e-05  6.74288869e+02  1.32675011e-02  6.69921500e+02 
 1.08392523e-05  6.74288877e+02  1.24299616e-02  6.70780489e+02 
 1.08395512e-05  6.74288884e+02  1.15975367e-02  6.71510537e+02 
 1.08398502e-05  6.74288892e+02  1.07634204e-02  6.72132460e+02 
 1.08401450e-05  6.74288898e+02  9.94015843e-03  6.72651358e+02 
 1.08404368e-05  6.74288904e+02  9.12442295e-03  6.73083792e+02 
 1.08407217e-05  6.74288909e+02  8.32755590e-03  6.73437455e+02 
 1.08409986e-05  6.74288914e+02  7.55243504e-03  6.73724534e+02 
 1.08412625e-05  6.74288918e+02  6.81337404e-03  6.73952630e+02 
 1.08414822e-05  6.74288921e+02  6.19768661e-03  6.74112779e+02 
 1.08416552e-05  6.74288923e+02  5.71284287e-03  6.74221860e+02 
 1.08416937e-05  6.74288924e+02  5.60499103e-03  6.74244235e+02 
 1.08417544e-05  6.74288924e+02  5.43491232e-03  6.74278189e+02 
 1.08418106e-05  6.74288925e+02  5.27721041e-03  6.74308256e+02 
 1.08418919e-05  6.74288926e+02  5.04938544e-03  6.74349371e+02 
 1.08419765e-05  6.74288927e+02  4.81232919e-03  6.74389352e+02 
 1.08420342e-05  6.74288927e+02  4.65028573e-03  6.74415101e+02 
 1.08421336e-05  6.74288928e+02  4.37167421e-03  6.74456501e+02 
 1.08422271e-05  6.74288929e+02  4.10942654e-03  6.74492294e+02 
 1.08422971e-05  6.74288930e+02  3.91321318e-03  6.74517149e+02 
 1.08423913e-05  6.74288931e+02  3.64894574e-03  6.74548135e+02 
 1.08424893e-05  6.74288931e+02  3.37416056e-03  6.74577454e+02 
 1.08425728e-05  6.74288932e+02  3.13989934e-03  6.74600216e+02 
 1.08426818e-05  6.74288933e+02  2.83427226e-03  6.74626963e+02 
 1.08427876e-05  6.74288933e+02  2.53736924e-03  6.74649887e+02 
 1.08429145e-05  6.74288934e+02  2.18124915e-03  6.74673592e+02 
 1.08430034e-05  6.74288934e+02  1.93197016e-03  6.74687820e+02 
 1.08430979e-05  6.74288935e+02  1.66694414e-03  6.74700881e+02 
 1.08431945e-05  6.74288935e+02  1.39580504e-03  6.74712099e+02 
 1.08432873e-05  6.74288935e+02  1.13554350e-03  6.74720876e+02 
 1.08433856e-05  6.74288935e+02  8.59581990e-04  6.74728097e+02 
 1.08434860e-05  6.74288935e+02  5.78051152e-04  6.74733293e+02 
 1.08435430e-05  6.74288936e+02  4.17967034e-04  6.74735283e+02 
 1.08435981e-05  6.74288936e+02  2.63526893e-04  6.74736548e+02 
 1.08436528e-05  6.74288936e+02  1.10133860e-04  6.74737173e+02 
 1.08437135e-05  6.74288936e+02 -6.02780945e-05  6.74737136e+02 
 1.08437803e-05  6.74288936e+02 -2.47665678e-04  6.74736209e+02 
 1.08438531e-05  6.74288936e+02 -4.52042458e-04  6.74734146e+02 
 1.08439266e-05  6.74288935e+02 -6.58192756e-04  6.74730952e+02 
 1.08440093e-05  6.74288935e+02 -8.90178406e-04  6.74726012e+02 
 1.08440999e-05  6.74288935e+02 -1.14448790e-03  6.74718943e+02 
 1.08442330e-05  6.74288935e+02 -1.51770909e-03  6.74705366e+02 
 1.08443126e-05  6.74288934e+02 -1.74129641e-03  6.74695353e+02 
 1.08444131e-05  6.74288934e+02 -2.02304197e-03  6.74680661e+02 
 1.08445058e-05  6.74288934e+02 -2.28323782e-03  6.74664965e+02 
 1.08445994e-05  6.74288933e+02 -2.54570201e-03  6.74646982e+02 
 1.08446973e-05  6.74288933e+02 -2.82046897e-03  6.74625748e+02 
 1.08448090e-05  6.74288932e+02 -3.13375372e-03  6.74598394e+02 
 1.08449465e-05  6.74288931e+02 -3.51944010e-03  6.74559866e+02 
 1.08450205e-05  6.74288930e+02 -3.72701934e-03  6.74536791e+02 
 1.08451274e-05  6.74288929e+02 -4.02675077e-03  6.74500432e+02 
 1.08452301e-05  6.74288929e+02 -4.31484546e-03  6.74461929e+02 
 1.08452815e-05  6.74288928e+02 -4.45874601e-03  6.74441331e+02 
 1.08453501e-05  6.74288927e+02 -4.65123563e-03  6.74412299e+02 
 1.08454218e-05  6.74288927e+02 -4.85224836e-03  6.74380114e+02 
 1.08454837e-05  6.74288926e+02 -5.02569464e-03  6.74350753e+02 
 1.08455293e-05  6.74288926e+02 -5.15348679e-03  6.74328147e+02 
 1.08455754e-05  6.74288925e+02 -5.28293468e-03  6.74304383e+02 
 1.08456224e-05  6.74288924e+02 -5.41474430e-03  6.74279270e+02 
 1.08456809e-05  6.74288924e+02 -5.57870548e-03  6.74246704e+02 
 1.08457624e-05  6.74288923e+02 -5.80691291e-03  6.74198849e+02 
 1.08458602e-05  6.74288922e+02 -6.08117270e-03  6.74137275e+02 
 1.08459496e-05  6.74288920e+02 -6.33170996e-03  6.74076960e+02 
 1.08460255e-05  6.74288919e+02 -6.54441050e-03  6.74022561e+02 
 1.08461054e-05  6.74288918e+02 -6.76801946e-03  6.73962073e+02 
 1.08461871e-05  6.74288917e+02 -6.99705322e-03  6.73896463e+02 
 1.08462756e-05  6.74288916e+02 -7.24476903e-03  6.73821158e+02 
 1.08463648e-05  6.74288914e+02 -7.49469612e-03  6.73740396e+02 
 1.08464590e-05  6.74288913e+02 -7.75855166e-03  6.73649675e+02 
 1.08465535e-05  6.74288911e+02 -8.02298746e-03  6.73552859e+02 
 1.08466526e-05  6.74288909e+02 -8.30038040e-03  6.73444650e+02 
 1.08467521e-05  6.74288908e+02 -8.57879319e-03  6.73328860e+02 
 1.08468561e-05  6.74288906e+02 -8.86960699e-03  6.73199844e+02 
 1.08470640e-05  6.74288902e+02 -9.45099413e-03  6.72915516e+02 
 1.08473047e-05  6.74288897e+02 -1.01238364e-02  6.72538591e+02 
 1.08475374e-05  6.74288892e+02 -1.07733753e-02  6.72120741e+02 
 1.08478332e-05  6.74288884e+02 -1.15986457e-02  6.71504296e+02 
 1.08481547e-05  6.74288876e+02 -1.24940095e-02  6.70713516e+02 
 1.08484832e-05  6.74288867e+02 -1.34074517e-02  6.69758248e+02 
 1.08488125e-05  6.74288857e+02 -1.43212199e-02  6.68632414e+02 
 1.08491322e-05  6.74288847e+02 -1.52060806e-02  6.67359128e+02 
 1.08494481e-05  6.74288837e+02 -1.60783215e-02  6.65906277e+02 
 1.08497556e-05  6.74288826e+02 -1.69244749e-02  6.64287801e+02 
 1.08500597e-05  6.74288815e+02 -1.77584249e-02  6.62469210e+02 
 1.08503574e-05  6.74288803e+02 -1.85715968e-02  6.60460098e+02 
 1.08506521e-05  6.74288791e+02 -1.93730043e-02  6.58229412e+02 
 1.08509416e-05  6.74288779e+02 -2.01567663e-02  6.55783948e+02 
 1.08512283e-05  6.74288767e+02 -2.09287333e-02  6.53096261e+02 
 1.08515108e-05  6.74288754e+02 -2.16849453e-02  6.50170409e+02 
 1.08517906e-05  6.74288741e+02 -2.24292788e-02  6.46981967e+02 
 1.08520669e-05  6.74288727e+02 -2.31590806e-02  6.43532444e+02 
 1.08523407e-05  6.74288714e+02 -2.38769258e-02  6.39799996e+02 
 1.08526115e-05  6.74288700e+02 -2.45810138e-02  6.35783941e+02 
 1.08528801e-05  6.74288686e+02 -2.52730361e-02  6.31464670e+02 
 1.08531460e-05  6.74288671e+02 -2.59517418e-02  6.26839688e+02 
 1.08534099e-05  6.74288656e+02 -2.66182154e-02  6.21891302e+02 
 1.08536716e-05  6.74288641e+02 -2.72715580e-02  6.16615549e+02 
 1.08539314e-05  6.74288626e+02 -2.79124327e-02  6.10996361e+02 
 1.08541892e-05  6.74288611e+02 -2.85401630e-02  6.05028611e+02 
 1.08544454e-05  6.74288595e+02 -2.91551149e-02  5.98697600e+02 
 1.08546999e-05  6.74288579e+02 -2.97567485e-02  5.91997295e+02 
 1.08549529e-05  6.74288563e+02 -3.03452171e-02  5.84914147e+02 
 1.08552045e-05  6.74288546e+02 -3.09200598e-02  5.77441441e+02 
 1.08554547e-05  6.74288530e+02 -3.14812743e-02  5.69566591e+02 
 1.08557037e-05  6.74288513e+02 -3.20284403e-02  5.61282376e+02 
 1.08559515e-05  6.74288496e+02 -3.25614379e-02  5.52577018e+02 
 1.08561982e-05  6.74288479e+02 -3.30798616e-02  5.43442933e+02 
 1.08564440e-05  6.74288461e+02 -3.35834997e-02  5.33869018e+02 
 1.08566889e-05  6.74288444e+02 -3.40719435e-02  5.23847431e+02 
 1.08569330e-05  6.74288426e+02 -3.45449062e-02  5.13367622e+02 
 1.08571764e-05  6.74288408e+02 -3.50019628e-02  5.02421570e+02 
 1.08574191e-05  6.74288390e+02 -3.54427617e-02  4.90999165e+02 
 1.08576613e-05  6.74288371e+02 -3.58668523e-02  4.79092242e+02 
 1.08579030e-05  6.74288353e+02 -3.62738234e-02  4.66691023e+02 
 1.08581443e-05  6.74288334e+02 -3.66631901e-02  4.53787198e+02 
 1.08583854e-05  6.74288315e+02 -3.70344836e-02  4.40371194e+02 
 1.08586263e-05  6.74288296e+02 -3.73871767e-02  4.26434518e+02 
 1.08588670e-05  6.74288277e+02 -3.77207410e-02  4.11967651e+02 
 1.08591078e-05  6.74288257e+02 -3.80345980e-02  3.96961818e+02 
 1.08593487e-05  6.74288238e+02 -3.83281545e-02  3.81407357e+02 
 1.08595898e-05  6.74288218e+02 -3.86007698e-02  3.65295045e+02 
 1.08598313e-05  6.74288198e+02 -3.88517764e-02  3.48614809e+02 
 1.08600732e-05  6.74288178e+02 -3.90804571e-02  3.31356700e+02 
 1.08603158e-05  6.74288158e+02 -3.92860551e-02  3.13509856e+02 
 1.08605590e-05  6.74288137e+02 -3.94677570e-02  2.95063170e+02 
 1.08608032e-05  6.74288117e+02 -3.96246944e-02  2.76004423e+02 
 1.08610484e-05  6.74288096e+02 -3.97559289e-02  2.56320677e+02 
 1.08612950e-05  6.74288075e+02 -3.98604462e-02  2.35997487e+02 
 1.08615429e-05  6.74288054e+02 -3.99371401e-02  2.15019013e+02 
 1.08617926e-05  6.74288033e+02 -3.99847976e-02  1.93367192e+02 
 1.08620443e-05  6.74288012e+02 -4.00020769e-02  1.71021517e+02 
 1.08622983e-05  6.74287990e+02 -3.99874807e-02  1.47957991e+02 
 1.08625550e-05  6.74287968e+02 -3.99393083e-02  1.24144002e+02 
 1.08628110e-05  6.74287947e+02 -3.98570862e-02  9.99058962e+01 
 1.08630681e-05  6.74287925e+02 -3.97394929e-02  7.51026110e+01 
 1.08633246e-05  6.74287903e+02 -3.95866407e-02  4.99337487e+01 
 1.08635818e-05  6.74287882e+02 -3.93969493e-02  2.42721385e+01 
 1.08638389e-05  6.74287860e+02 -3.91705898e-02 -1.73701447e+00 
 1.08640967e-05  6.74287839e+02 -3.89058939e-02 -2.81791355e+01 
 1.08643547e-05  6.74287817e+02 -3.86030080e-02 -5.49380432e+01 
 1.08646136e-05  6.74287796e+02 -3.82603060e-02 -8.20643596e+01 
 1.08648728e-05  6.74287775e+02 -3.78778532e-02 -1.09462416e+02 
 1.08651331e-05  6.74287754e+02 -3.74541065e-02 -1.37156934e+02 
 1.08653940e-05  6.74287734e+02 -3.69891060e-02 -1.65061321e+02 
 1.08656561e-05  6.74287713e+02 -3.64810444e-02 -1.93200493e+02 
 1.08659190e-05  6.74287693e+02 -3.59302881e-02 -2.21472035e+02 
 1.08661834e-05  6.74287673e+02 -3.53349323e-02 -2.49892642e+02 
 1.08664488e-05  6.74287653e+02 -3.46951482e-02 -2.78371973e+02 
 1.08667159e-05  6.74287634e+02 -3.40091656e-02 -3.06906566e+02 
 1.08669844e-05  6.74287614e+02 -3.32769292e-02 -3.35414728e+02 
 1.08672548e-05  6.74287596e+02 -3.24967892e-02 -3.63875609e+02 
 1.08675271e-05  6.74287577e+02 -3.16684613e-02 -3.92212131e+02 
 1.08678015e-05  6.74287559e+02 -3.07903585e-02 -4.20389039e+02 
 1.08680782e-05  6.74287541e+02 -2.98619561e-02 -4.48330508e+02 
 1.08683367e-05  6.74287525e+02 -2.89564183e-02 -4.73942104e+02 
 1.08685846e-05  6.74287510e+02 -2.80533986e-02 -4.98018746e+02 
 1.08688169e-05  6.74287496e+02 -2.71777264e-02 -5.20085442e+02 
 1.08690406e-05  6.74287483e+02 -2.63074561e-02 -5.40858792e+02 
 1.08692535e-05  6.74287472e+02 -2.54559947e-02 -5.60140396e+02 
 1.08694600e-05  6.74287461e+02 -2.46083550e-02 -5.78372301e+02 
 1.08696584e-05  6.74287450e+02 -2.37744109e-02 -5.95422704e+02 
 1.08698516e-05  6.74287441e+02 -2.29445670e-02 -6.11559401e+02 
 1.08700384e-05  6.74287432e+02 -2.21261590e-02 -6.26699735e+02 
 1.08702206e-05  6.74287423e+02 -2.13129001e-02 -6.41015210e+02 
 1.08703974e-05  6.74287416e+02 -2.05100765e-02 -6.54460992e+02 
 1.08705701e-05  6.74287408e+02 -1.97135152e-02 -6.67152088e+02 
 1.08707381e-05  6.74287401e+02 -1.89269959e-02 -6.79068803e+02 
 1.08709023e-05  6.74287395e+02 -1.81477733e-02 -6.90291049e+02 
 1.08710623e-05  6.74287389e+02 -1.73785680e-02 -7.00814805e+02 
 1.08712188e-05  6.74287383e+02 -1.66176169e-02 -7.10697718e+02 
 1.08713715e-05  6.74287378e+02 -1.58669044e-02 -7.19945304e+02 
 1.08715208e-05  6.74287373e+02 -1.51253439e-02 -7.28600989e+02 
 1.08716666e-05  6.74287368e+02 -1.43944111e-02 -7.36675974e+02 
 1.08718092e-05  6.74287364e+02 -1.36734861e-02 -7.44204556e+02 
 1.08719485e-05  6.74287360e+02 -1.29636958e-02 -7.51201225e+02 
 1.08720846e-05  6.74287356e+02 -1.22647448e-02 -7.57694385e+02 
 1.08722176e-05  6.74287353e+02 -1.15775248e-02 -7.63700351e+02 
 1.08723475e-05  6.74287350e+02 -1.09019681e-02 -7.69243701e+02 
 1.08724743e-05  6.74287347e+02 -1.02388129e-02 -7.74341694e+02 
 1.08725981e-05  6.74287344e+02 -9.58815616e-03 -7.79016410e+02 
 1.08727188e-05  6.74287342e+02 -8.95064203e-03 -7.83285537e+02 
 1.08728364e-05  6.74287340e+02 -8.32649277e-03 -7.87169517e+02 
 1.08729510e-05  6.74287338e+02 -7.71630420e-03 -7.90686181e+02 
 1.08730625e-05  6.74287336e+02 -7.12040207e-03 -7.93854893e+02 
 1.08731709e-05  6.74287335e+02 -6.53937198e-03 -7.96693482e+02 
 1.08732761e-05  6.74287333e+02 -5.97363636e-03 -7.99220601e+02 
 1.08733782e-05  6.74287332e+02 -5.42380626e-03 -8.01454019e+02 
 1.08734769e-05  6.74287331e+02 -4.89040813e-03 -8.03411929e+02 
 1.08735724e-05  6.74287330e+02 -4.37411803e-03 -8.05112028e+02 
 1.08736643e-05  6.74287329e+02 -3.87559082e-03 -8.06572228e+02 
 1.08737528e-05  6.74287328e+02 -3.39561942e-03 -8.07810182e+02 
 1.08738376e-05  6.74287328e+02 -2.93503712e-03 -8.08843656e+02 
 1.08739185e-05  6.74287327e+02 -2.49483409e-03 -8.09690311e+02 
 1.08739954e-05  6.74287327e+02 -2.07611914e-03 -8.10367894e+02 
 1.08740681e-05  6.74287327e+02 -1.68022554e-03 -8.10894156e+02 
 1.08741363e-05  6.74287327e+02 -1.30874073e-03 -8.11286967e+02 
 1.08741996e-05  6.74287326e+02 -9.63657561e-04 -8.11564317e+02 
 1.08742516e-05  6.74287326e+02 -6.80116741e-04 -8.11729138e+02 
 1.08742945e-05  6.74287326e+02 -4.46582424e-04 -8.11822179e+02 
 1.08743297e-05  6.74287326e+02 -2.54338066e-04 -8.11869824e+02 
 1.08743577e-05  6.74287326e+02 -1.01902412e-04 -8.11889024e+02 
 1.08743847e-05  6.74287326e+02  4.57271539e-05 -8.11891956e+02 
 1.08744131e-05  6.74287326e+02  2.00427100e-04 -8.11878491e+02 
 1.08744455e-05  6.74287326e+02  3.77018441e-04 -8.11842434e+02 
 1.08744875e-05  6.74287326e+02  6.06329616e-04 -8.11762698e+02 
 1.08745342e-05  6.74287326e+02  8.60672461e-04 -8.11630750e+02 
 1.08745889e-05  6.74287326e+02  1.15867179e-03 -8.11417922e+02 
 1.08746471e-05  6.74287327e+02  1.47635112e-03 -8.11121812e+02 
 1.08747116e-05  6.74287327e+02  1.82765682e-03 -8.10711126e+02 
 1.08747793e-05  6.74287327e+02  2.19639099e-03 -8.10185957e+02 
 1.08748522e-05  6.74287328e+02  2.59283496e-03 -8.09513680e+02 
 1.08749282e-05  6.74287328e+02  3.00584041e-03 -8.08694530e+02 
 1.08750086e-05  6.74287329e+02  3.44266669e-03 -8.07696001e+02 
 1.08750920e-05  6.74287329e+02  3.89539657e-03 -8.06517479e+02 
 1.08751794e-05  6.74287330e+02  4.36905961e-03 -8.05127577e+02 
 1.08752697e-05  6.74287331e+02  4.85795008e-03 -8.03524258e+02 
 1.08753637e-05  6.74287332e+02  5.36551798e-03 -8.01677728e+02 
 1.08754606e-05  6.74287333e+02  5.88761133e-03 -7.99584210e+02 
 1.08755608e-05  6.74287334e+02  6.42656433e-03 -7.97215660e+02 
 1.08756638e-05  6.74287336e+02  6.97932202e-03 -7.94566468e+02 
 1.08757700e-05  6.74287337e+02  7.54742746e-03 -7.91610301e+02 
 1.08758791e-05  6.74287339e+02  8.12860103e-03 -7.88339764e+02 
 1.08759911e-05  6.74287341e+02  8.72382372e-03 -7.84730089e+02 
 1.08761059e-05  6.74287343e+02  9.33136415e-03 -7.80772211e+02 
 1.08762237e-05  6.74287346e+02  9.95180322e-03 -7.76442706e+02 
 1.08763442e-05  6.74287349e+02  1.05837969e-02 -7.71730984e+02 
 1.08764677e-05  6.74287351e+02  1.12276404e-02 -7.66614711e+02 
 1.08765939e-05  6.74287355e+02  1.18822628e-02 -7.61081900e+02 
 1.08767230e-05  6.74287358e+02  1.25477542e-02 -7.55111033e+02 
 1.08768550e-05  6.74287361e+02  1.32232351e-02 -7.48688822e+02 
 1.08769898e-05  6.74287365e+02  1.39086475e-02 -7.41794276e+02 
 1.08771276e-05  6.74287370e+02  1.46032449e-02 -7.34412851e+02 
 1.08772683e-05  6.74287374e+02  1.53068612e-02 -7.26523770e+02 
 1.08774120e-05  6.74287379e+02  1.60188411e-02 -7.18111207e+02 
 1.08775587e-05  6.74287384e+02  1.67389386e-02 -7.09154248e+02 
 1.08777086e-05  6.74287389e+02  1.74665598e-02 -6.99635668e+02 
 1.08778616e-05  6.74287395e+02  1.82013990e-02 -6.89534002e+02 
 1.08780179e-05  6.74287401e+02  1.89429028e-02 -6.78830374e+02 
 1.08781777e-05  6.74287408e+02  1.96907202e-02 -6.67502245e+02 
 1.08783409e-05  6.74287415e+02  2.04443243e-02 -6.55528666e+02 
 1.08785077e-05  6.74287422e+02  2.12033303e-02 -6.42885315e+02 
 1.08786784e-05  6.74287430e+02  2.19672294e-02 -6.29548472e+02 
 1.08788530e-05  6.74287438e+02  2.27356138e-02 -6.15491022e+02 
 1.08790317e-05  6.74287447e+02  2.35079897e-02 -6.00685357e+02 
 1.08792149e-05  6.74287457e+02  2.42839384e-02 -5.85100041e+02 
 1.08794028e-05  6.74287466e+02  2.50629858e-02 -5.68701752e+02 
 1.08795956e-05  6.74287477e+02  2.58447195e-02 -5.51452285e+02 
 1.08797938e-05  6.74287488e+02  2.66287012e-02 -5.33309506e+02 
 1.08799978e-05  6.74287500e+02  2.74145555e-02 -5.14224272e+02 
 1.08802082e-05  6.74287512e+02  2.82019178e-02 -4.94140094e+02 
 1.08804255e-05  6.74287525e+02  2.89905111e-02 -4.72989203e+02 
 1.08806506e-05  6.74287539e+02  2.97801315e-02 -4.50689981e+02 
 1.08808844e-05  6.74287554e+02  3.05707382e-02 -4.27140359e+02 
 1.08811283e-05  6.74287570e+02  3.13625032e-02 -4.02210097e+02 
 1.08813840e-05  6.74287588e+02  3.21559800e-02 -3.75725937e+02 
 1.08816539e-05  6.74287606e+02  3.29523363e-02 -3.47448014e+02 
 1.08819298e-05  6.74287626e+02  3.37225200e-02 -3.18254146e+02 
 1.08822008e-05  6.74287646e+02  3.44353761e-02 -2.89364246e+02 
 1.08824726e-05  6.74287666e+02  3.51064563e-02 -2.60246419e+02 
 1.08827390e-05  6.74287686e+02  3.57215863e-02 -2.31620125e+02 
 1.08830056e-05  6.74287706e+02  3.62948801e-02 -2.02942099e+02 
 1.08832685e-05  6.74287727e+02  3.68184434e-02 -1.74704433e+02 
 1.08835315e-05  6.74287747e+02  3.73011164e-02 -1.46532810e+02 
 1.08837917e-05  6.74287768e+02  3.77383043e-02 -1.18787656e+02 
 1.08840519e-05  6.74287789e+02  3.81354790e-02 -9.12214029e+01 
 1.08843100e-05  6.74287810e+02  3.84902045e-02 -6.40984667e+01 
 1.08845680e-05  6.74287831e+02  3.88061454e-02 -3.72416229e+01 
 1.08848243e-05  6.74287853e+02  3.90821565e-02 -1.08504899e+01 
 1.08850805e-05  6.74287874e+02  3.93206994e-02  1.51967035e+01 
 1.08853354e-05  6.74287895e+02  3.95215468e-02  4.07579324e+01 
 1.08855902e-05  6.74287917e+02  3.96863828e-02  6.59132934e+01 
 1.08858440e-05  6.74287938e+02  3.98155162e-02  9.05622436e+01 
 1.08860977e-05  6.74287960e+02  3.99101659e-02  1.14756379e+02 
 1.08863508e-05  6.74287981e+02  3.99709371e-02  1.38424662e+02 
 1.08866038e-05  6.74288003e+02  3.99987793e-02  1.61599823e+02 
 1.08868563e-05  6.74288024e+02  3.99944488e-02  1.84231875e+02 
 1.08871088e-05  6.74288046e+02  3.99587434e-02  2.06341366e+02 
 1.08873610e-05  6.74288067e+02  3.98924849e-02  2.27893455e+02 
 1.08876133e-05  6.74288089e+02  3.97963879e-02  2.48901083e+02 
 1.08878647e-05  6.74288110e+02  3.96717893e-02  2.69268082e+02 
 1.08881134e-05  6.74288131e+02  3.95208382e-02  2.88870214e+02 
 1.08883609e-05  6.74288152e+02  3.93441872e-02  3.07810615e+02 
 1.08886062e-05  6.74288172e+02  3.91437339e-02  3.26031727e+02 
 1.08888506e-05  6.74288192e+02  3.89197523e-02  3.43626650e+02 
 1.08890934e-05  6.74288212e+02  3.86738537e-02  3.60561655e+02 
 1.08893357e-05  6.74288232e+02  3.84062324e-02  3.76901555e+02 
 1.08895768e-05  6.74288252e+02  3.81182802e-02  3.92625961e+02 
 1.08898175e-05  6.74288271e+02  3.78101925e-02  4.07780541e+02 
 1.08900576e-05  6.74288290e+02  3.74831618e-02  4.22354901e+02 
 1.08902974e-05  6.74288310e+02  3.71373996e-02  4.36382659e+02 
 1.08905368e-05  6.74288328e+02  3.67739209e-02  4.49860460e+02 
 1.08907762e-05  6.74288347e+02  3.63929559e-02  4.62814039e+02 
 1.08910154e-05  6.74288365e+02  3.59953689e-02  4.75244749e+02 
 1.08912547e-05  6.74288384e+02  3.55814068e-02  4.87173085e+02 
 1.08914940e-05  6.74288402e+02  3.51518072e-02  4.98603510e+02 
 1.08917337e-05  6.74288419e+02  3.47068278e-02  5.09553048e+02 
 1.08919735e-05  6.74288437e+02  3.42471007e-02  5.20028217e+02 
 1.08922138e-05  6.74288454e+02  3.37728875e-02  5.30043754e+02 
 1.08924546e-05  6.74288472e+02  3.32847311e-02  5.39607542e+02 
 1.08926959e-05  6.74288489e+02  3.27828900e-02  5.48732820e+02 
 1.08929378e-05  6.74288505e+02  3.22678315e-02  5.57428379e+02 
 1.08931804e-05  6.74288522e+02  3.17398045e-02  5.65706488e+02 
 1.08934238e-05  6.74288538e+02  3.11992107e-02  5.73576542e+02 
 1.08936680e-05  6.74288554e+02  3.06462837e-02  5.81050190e+02 
 1.08939132e-05  6.74288570e+02  3.00813670e-02  5.88137234e+02 
 1.08941593e-05  6.74288586e+02  2.95046742e-02  5.94848929e+02 
 1.08944066e-05  6.74288601e+02  2.89164955e-02  6.01195353e+02 
 1.08946550e-05  6.74288616e+02  2.83170200e-02  6.07187516e+02 
 1.08949046e-05  6.74288631e+02  2.77064879e-02  6.12835683e+02 
 1.08951556e-05  6.74288646e+02  2.70850593e-02  6.18150714e+02 
 1.08954080e-05  6.74288660e+02  2.64529261e-02  6.23143000e+02 
 1.08956618e-05  6.74288674e+02  2.58102151e-02  6.27823306e+02 
 1.08959173e-05  6.74288688e+02  2.51570702e-02  6.32202105e+02 
 1.08961744e-05  6.74288702e+02  2.44935804e-02  6.36290105e+02 
 1.08964333e-05  6.74288715e+02  2.38198400e-02  6.40097824e+02 
 1.08966941e-05  6.74288728e+02  2.31358955e-02  6.43635926e+02 
 1.08969569e-05  6.74288741e+02  2.24417894e-02  6.46914950e+02 
 1.08972217e-05  6.74288753e+02  2.17375201e-02  6.49945518e+02 
 1.08974887e-05  6.74288765e+02  2.10230740e-02  6.52738166e+02 
 1.08977581e-05  6.74288777e+02  2.02983960e-02  6.55303466e+02 
 1.08980299e-05  6.74288789e+02  1.95634113e-02  6.57651926e+02 
 1.08983043e-05  6.74288800e+02  1.88180041e-02  6.59794056e+02 
 1.08985815e-05  6.74288811e+02  1.80620330e-02  6.61740306e+02 
 1.08988615e-05  6.74288821e+02  1.72953145e-02  6.63501106e+02 
 1.08991445e-05  6.74288831e+02  1.65176345e-02  6.65086815e+02 
 1.08994308e-05  6.74288841e+02  1.57287360e-02  6.66507749e+02 
 1.08997205e-05  6.74288851e+02  1.49283284e-02  6.67774140e+02 
 1.09000137e-05  6.74288860e+02  1.41160801e-02  6.68896143e+02 
 1.09003107e-05  6.74288868e+02  1.32916281e-02  6.69883812e+02 
 1.09006117e-05  6.74288877e+02  1.24545785e-02  6.70747082e+02 
 1.09009108e-05  6.74288884e+02  1.16215556e-02  6.71481914e+02 
 1.09012099e-05  6.74288891e+02  1.07873308e-02  6.72107683e+02 
 1.09015050e-05  6.74288898e+02  9.96310715e-03  6.72630436e+02 
 1.09017971e-05  6.74288904e+02  9.14674179e-03  6.73065980e+02 
 1.09020825e-05  6.74288909e+02  8.34839637e-03  6.73422614e+02 
 1.09023599e-05  6.74288914e+02  7.57178869e-03  6.73712127e+02 
 1.09026248e-05  6.74288918e+02  6.83012498e-03  6.73942496e+02 
 1.09028463e-05  6.74288921e+02  6.20935895e-03  6.74104899e+02 
 1.09030222e-05  6.74288923e+02  5.71650539e-03  6.74216259e+02 
 1.09030607e-05  6.74288924e+02  5.60856965e-03  6.74238725e+02 
 1.09031242e-05  6.74288924e+02  5.43047429e-03  6.74274358e+02 
 1.09031838e-05  6.74288925e+02  5.26353562e-03  6.74306179e+02 
 1.09032662e-05  6.74288926e+02  5.03257139e-03  6.74347777e+02 
 1.09033570e-05  6.74288927e+02  4.77786055e-03  6.74390517e+02 
 1.09034112e-05  6.74288927e+02  4.62597855e-03  6.74414498e+02 
 1.09035015e-05  6.74288928e+02  4.37276400e-03  6.74452083e+02 
 1.09035993e-05  6.74288929e+02  4.09845822e-03  6.74489560e+02 
 1.09036649e-05  6.74288930e+02  3.91452490e-03  6.74512884e+02 
 1.09037663e-05  6.74288931e+02  3.63006371e-03  6.74546227e+02 
 1.09038956e-05  6.74288932e+02  3.26745368e-03  6.74584164e+02 
 1.09040429e-05  6.74288932e+02  2.85432318e-03  6.74621517e+02 
 1.09041446e-05  6.74288933e+02  2.56915969e-03  6.74643850e+02 
 1.09042433e-05  6.74288934e+02  2.29221511e-03  6.74662973e+02 
 1.09043914e-05  6.74288934e+02  1.87660858e-03  6.74687137e+02 
 1.09044721e-05  6.74288935e+02  1.65039962e-03  6.74698081e+02 
 1.09045621e-05  6.74288935e+02  1.39775790e-03  6.74708522e+02 
 1.09046655e-05  6.74288935e+02  1.10763316e-03  6.74718244e+02 
 1.09047783e-05  6.74288935e+02  7.91077338e-04  6.74726151e+02 
 1.09048600e-05  6.74288935e+02  5.61877101e-04  6.74730147e+02 
 1.09049129e-05  6.74288936e+02  4.13620919e-04  6.74731968e+02 
 1.09049710e-05  6.74288936e+02  2.50434581e-04  6.74733287e+02 
 1.09050326e-05  6.74288936e+02  7.75986818e-05  6.74733907e+02 
 1.09050996e-05  6.74288936e+02 -1.10401801e-04  6.74733680e+02 
 1.09051772e-05  6.74288936e+02 -3.28097113e-04  6.74732248e+02 
 1.09052490e-05  6.74288935e+02 -5.29359714e-04  6.74729811e+02 
 1.09053339e-05  6.74288935e+02 -7.67613222e-04  6.74725539e+02 
 1.09054156e-05  6.74288935e+02 -9.96860857e-04  6.74719998e+02 
 1.09055325e-05  6.74288935e+02 -1.32483368e-03  6.74709592e+02 
 1.09056460e-05  6.74288935e+02 -1.64327749e-03  6.74696621e+02 
 1.09057360e-05  6.74288934e+02 -1.89572185e-03  6.74684265e+02 
 1.09058341e-05  6.74288934e+02 -2.17111233e-03  6.74668618e+02 
 1.09059314e-05  6.74288933e+02 -2.44381209e-03  6.74650813e+02 
 1.09060317e-05  6.74288933e+02 -2.72530063e-03  6.74629922e+02 
 1.09061409e-05  6.74288932e+02 -3.03148599e-03  6.74604169e+02 
 1.09062716e-05  6.74288931e+02 -3.39822951e-03  6.74568948e+02 
 1.09063646e-05  6.74288930e+02 -3.65907476e-03  6.74540837e+02 
 1.09064854e-05  6.74288930e+02 -3.99774581e-03  6.74500322e+02 
 1.09065665e-05  6.74288929e+02 -4.22511823e-03  6.74470444e+02 
 1.09066468e-05  6.74288928e+02 -4.45033518e-03  6.74438624e+02 
 1.09066984e-05  6.74288928e+02 -4.59507148e-03  6.74416961e+02 
 1.09067634e-05  6.74288927e+02 -4.77727379e-03  6.74388293e+02 
 1.09068267e-05  6.74288926e+02 -4.95486776e-03  6.74358805e+02 
 1.09068737e-05  6.74288926e+02 -5.08669822e-03  6.74335896e+02 
 1.09069218e-05  6.74288925e+02 -5.22152753e-03  6.74311543e+02 
 1.09069691e-05  6.74288925e+02 -5.35413496e-03  6.74286657e+02 
 1.09070202e-05  6.74288924e+02 -5.49730239e-03  6.74258722e+02 
 1.09070817e-05  6.74288923e+02 -5.66977274e-03  6.74223556e+02 
 1.09071474e-05  6.74288923e+02 -5.85386443e-03  6.74184136e+02 
 1.09072197e-05  6.74288922e+02 -6.05656391e-03  6.74138400e+02 
 1.09072937e-05  6.74288921e+02 -6.26375307e-03  6.74089028e+02 
 1.09073729e-05  6.74288920e+02 -6.48567938e-03  6.74033086e+02 
 1.09074533e-05  6.74288918e+02 -6.71101333e-03  6.73972912e+02 
 1.09075386e-05  6.74288917e+02 -6.94985736e-03  6.73905257e+02 
 1.09076249e-05  6.74288916e+02 -7.19171054e-03  6.73832510e+02 
 1.09077157e-05  6.74288915e+02 -7.44602731e-03  6.73751200e+02 
 1.09078076e-05  6.74288913e+02 -7.70313056e-03  6.73663748e+02 
 1.09079036e-05  6.74288911e+02 -7.97186866e-03  6.73566426e+02 
 1.09080006e-05  6.74288910e+02 -8.24336001e-03  6.73461673e+02 
 1.09081015e-05  6.74288908e+02 -8.52586182e-03  6.73345469e+02 
 1.09082035e-05  6.74288906e+02 -8.81126550e-03  6.73220241e+02 
 1.09084076e-05  6.74288902e+02 -9.38184413e-03  6.72944691e+02 
 1.09086541e-05  6.74288897e+02 -1.00709553e-02  6.72563108e+02 
 1.09088819e-05  6.74288892e+02 -1.07069022e-02  6.72158498e+02 
 1.09091738e-05  6.74288885e+02 -1.15212134e-02  6.71558187e+02 
 1.09094969e-05  6.74288877e+02 -1.24213130e-02  6.70773686e+02 
 1.09098230e-05  6.74288868e+02 -1.33283177e-02  6.69837348e+02 
 1.09101550e-05  6.74288858e+02 -1.42494502e-02  6.68716400e+02 
 1.09104734e-05  6.74288848e+02 -1.51311200e-02  6.67462370e+02 
 1.09107913e-05  6.74288838e+02 -1.60088062e-02  6.66016531e+02 
 1.09110981e-05  6.74288827e+02 -1.68532277e-02  6.64418164e+02 
 1.09114035e-05  6.74288816e+02 -1.76910296e-02  6.62609350e+02 
 1.09117008e-05  6.74288804e+02 -1.85033579e-02  6.60621355e+02 
 1.09119964e-05  6.74288792e+02 -1.93076114e-02  6.58403152e+02 
 1.09122857e-05  6.74288780e+02 -2.00911273e-02  6.55979830e+02 
 1.09125731e-05  6.74288768e+02 -2.08652995e-02  6.53307207e+02 
 1.09128555e-05  6.74288755e+02 -2.16216629e-02  6.50404575e+02 
 1.09131359e-05  6.74288742e+02 -2.23677825e-02  6.47233668e+02 
 1.09134122e-05  6.74288729e+02 -2.30980005e-02  6.43808521e+02 
 1.09136864e-05  6.74288715e+02 -2.38173572e-02  6.40095971e+02 
 1.09139572e-05  6.74288701e+02 -2.45220419e-02  6.36105528e+02 
 1.09142261e-05  6.74288687e+02 -2.52153985e-02  6.31808414e+02 
 1.09144921e-05  6.74288672e+02 -2.58948288e-02  6.27210348e+02 
 1.09147563e-05  6.74288657e+02 -2.65625267e-02  6.22286275e+02 
 1.09150181e-05  6.74288643e+02 -2.72166893e-02  6.17038801e+02 
 1.09152781e-05  6.74288627e+02 -2.78587256e-02  6.11445988e+02 
 1.09155360e-05  6.74288612e+02 -2.84873518e-02  6.05507924e+02 
 1.09157924e-05  6.74288596e+02 -2.91034360e-02  5.99205262e+02 
 1.09160470e-05  6.74288580e+02 -2.97060308e-02  5.92536084e+02 
 1.09163001e-05  6.74288564e+02 -3.02956272e-02  5.85483181e+02 
 1.09165518e-05  6.74288548e+02 -3.08714912e-02  5.78043065e+02 
 1.09168021e-05  6.74288531e+02 -3.14338474e-02  5.70200283e+02 
 1.09170512e-05  6.74288514e+02 -3.19820932e-02  5.61950134e+02 
 1.09172991e-05  6.74288497e+02 -3.25162612e-02  5.53278604e+02 
 1.09175459e-05  6.74288480e+02 -3.30358245e-02  5.44180067e+02 
 1.09177918e-05  6.74288463e+02 -3.35406735e-02  5.34641683e+02 
 1.09180367e-05  6.74288445e+02 -3.40303194e-02  5.24657126e+02 
 1.09182809e-05  6.74288427e+02 -3.45045436e-02  5.14214503e+02 
 1.09185243e-05  6.74288409e+02 -3.49628690e-02  5.03306960e+02 
 1.09187671e-05  6.74288391e+02 -3.54049895e-02  4.91923356e+02 
 1.09190093e-05  6.74288373e+02 -3.58304207e-02  4.80056423e+02 
 1.09192511e-05  6.74288354e+02 -3.62387821e-02  4.67695591e+02 
 1.09194924e-05  6.74288335e+02 -3.66295675e-02  4.54833241e+02 
 1.09197335e-05  6.74288317e+02 -3.70023288e-02  4.41459197e+02 
 1.09199744e-05  6.74288298e+02 -3.73565261e-02  4.27565499e+02 
 1.09202152e-05  6.74288278e+02 -3.76916450e-02  4.13142170e+02 
 1.09204560e-05  6.74288259e+02 -3.80071002e-02  3.98180850e+02 
 1.09206969e-05  6.74288239e+02 -3.83023085e-02  3.82671542e+02 
 1.09209380e-05  6.74288220e+02 -3.85766263e-02  3.66605345e+02 
 1.09211794e-05  6.74288200e+02 -3.88293937e-02  3.49971949e+02 
 1.09214213e-05  6.74288180e+02 -3.90598937e-02  3.32761669e+02 
 1.09216638e-05  6.74288160e+02 -3.92673760e-02  3.14963484e+02 
 1.09219070e-05  6.74288139e+02 -3.94510296e-02  2.96566521e+02 
 1.09221511e-05  6.74288119e+02 -3.96099927e-02  2.77558477e+02 
 1.09223962e-05  6.74288098e+02 -3.97433315e-02  2.57926638e+02 
 1.09226427e-05  6.74288077e+02 -3.98500394e-02  2.37656555e+02 
 1.09228905e-05  6.74288056e+02 -3.99290174e-02  2.16732635e+02 
 1.09231401e-05  6.74288035e+02 -3.99790623e-02  1.95136907e+02 
 1.09233916e-05  6.74288013e+02 -3.99988434e-02  1.72849177e+02 
 1.09236454e-05  6.74287992e+02 -3.99868772e-02  1.49845683e+02 
 1.09239018e-05  6.74287970e+02 -3.99414825e-02  1.26095063e+02 
 1.09241580e-05  6.74287948e+02 -3.98620193e-02  1.01885984e+02 
 1.09244150e-05  6.74287927e+02 -3.97473480e-02  7.71335240e+01 
 1.09246715e-05  6.74287905e+02 -3.95973452e-02  5.19905021e+01 
 1.09249287e-05  6.74287883e+02 -3.94107000e-02  2.63731333e+01 
 1.09251857e-05  6.74287862e+02 -3.91873084e-02  3.89588411e-01 
 1.09254435e-05  6.74287840e+02 -3.89257812e-02 -2.60141532e+01 
 1.09257015e-05  6.74287819e+02 -3.86259925e-02 -5.27491205e+01 
 1.09259603e-05  6.74287798e+02 -3.82865785e-02 -7.98431710e+01 
 1.09262196e-05  6.74287777e+02 -3.79073561e-02 -1.07220353e+02 
 1.09264797e-05  6.74287756e+02 -3.74870164e-02 -1.34888940e+02 
 1.09267406e-05  6.74287735e+02 -3.70253860e-02 -1.62776413e+02 
 1.09270026e-05  6.74287715e+02 -3.65208484e-02 -1.90896634e+02 
 1.09272654e-05  6.74287695e+02 -3.59736027e-02 -2.19156441e+02 
 1.09275297e-05  6.74287675e+02 -3.53818983e-02 -2.47565093e+02 
 1.09277950e-05  6.74287655e+02 -3.47457700e-02 -2.76038845e+02 
 1.09280620e-05  6.74287635e+02 -3.40635728e-02 -3.04569109e+02 
 1.09283304e-05  6.74287616e+02 -3.33351448e-02 -3.33078808e+02 
 1.09286007e-05  6.74287597e+02 -3.25589351e-02 -3.61543685e+02 
 1.09288728e-05  6.74287578e+02 -3.17345779e-02 -3.89889903e+02 
 1.09291470e-05  6.74287560e+02 -3.08605644e-02 -4.18079996e+02 
 1.09294235e-05  6.74287542e+02 -2.99363110e-02 -4.46040398e+02 
 1.09296841e-05  6.74287526e+02 -2.90265329e-02 -4.71899278e+02 
 1.09299323e-05  6.74287511e+02 -2.81252357e-02 -4.96042920e+02 
 1.09301662e-05  6.74287497e+02 -2.72458245e-02 -5.18303928e+02 
 1.09303902e-05  6.74287484e+02 -2.63767014e-02 -5.39140118e+02 
 1.09306042e-05  6.74287473e+02 -2.55226753e-02 -5.58561975e+02 
 1.09308110e-05  6.74287462e+02 -2.46758233e-02 -5.76852701e+02 
 1.09310102e-05  6.74287451e+02 -2.38400366e-02 -5.94011056e+02 
 1.09312037e-05  6.74287442e+02 -2.30106145e-02 -6.10205215e+02 
 1.09313911e-05  6.74287433e+02 -2.21907752e-02 -6.25433582e+02 
 1.09315736e-05  6.74287424e+02 -2.13776261e-02 -6.39805091e+02 
 1.09317509e-05  6.74287416e+02 -2.05736179e-02 -6.53325417e+02 
 1.09319238e-05  6.74287409e+02 -1.97769222e-02 -6.66070439e+02 
 1.09320922e-05  6.74287402e+02 -1.89893663e-02 -6.78051955e+02 
 1.09322567e-05  6.74287395e+02 -1.82098191e-02 -6.89325520e+02 
 1.09324171e-05  6.74287389e+02 -1.74396596e-02 -6.99906695e+02 
 1.09325738e-05  6.74287384e+02 -1.66782324e-02 -7.09838042e+02 
 1.09327268e-05  6.74287378e+02 -1.59266027e-02 -7.19137194e+02 
 1.09328764e-05  6.74287373e+02 -1.51844417e-02 -7.27838295e+02 
 1.09330225e-05  6.74287369e+02 -1.44525972e-02 -7.35959996e+02 
 1.09331654e-05  6.74287364e+02 -1.37309662e-02 -7.43530928e+02 
 1.09333049e-05  6.74287360e+02 -1.30202480e-02 -7.50570128e+02 
 1.09334413e-05  6.74287357e+02 -1.23204979e-02 -7.57102575e+02 
 1.09335746e-05  6.74287353e+02 -1.16323176e-02 -7.63147332e+02 
 1.09337047e-05  6.74287350e+02 -1.09558763e-02 -7.68726935e+02 
 1.09338318e-05  6.74287347e+02 -1.02917164e-02 -7.73860283e+02 
 1.09339558e-05  6.74287345e+02 -9.64009344e-03 -7.78568255e+02 
 1.09340767e-05  6.74287342e+02 -9.00151996e-03 -7.82869508e+02 
 1.09341946e-05  6.74287340e+02 -8.37632344e-03 -7.86783789e+02 
 1.09343095e-05  6.74287338e+02 -7.76501126e-03 -7.90329492e+02 
 1.09344212e-05  6.74287336e+02 -7.16797814e-03 -7.93525586e+02 
 1.09345299e-05  6.74287335e+02 -6.58575004e-03 -7.96390224e+02 
 1.09346354e-05  6.74287333e+02 -6.01879349e-03 -7.98941838e+02 
 1.09347377e-05  6.74287332e+02 -5.46767881e-03 -8.01198379e+02 
 1.09348367e-05  6.74287331e+02 -4.93295919e-03 -8.03177920e+02 
 1.09349324e-05  6.74287330e+02 -4.41528194e-03 -8.04898255e+02 
 1.09350247e-05  6.74287329e+02 -3.91531600e-03 -8.06377236e+02 
 1.09351134e-05  6.74287329e+02 -3.43383212e-03 -8.07632562e+02 
 1.09351985e-05  6.74287328e+02 -2.97166748e-03 -8.08681970e+02 
 1.09352798e-05  6.74287328e+02 -2.52979201e-03 -8.09543137e+02 
 1.09353570e-05  6.74287327e+02 -2.10930800e-03 -8.10233794e+02 
 1.09354301e-05  6.74287327e+02 -1.71152416e-03 -8.10771694e+02 
 1.09354986e-05  6.74287327e+02 -1.33800637e-03 -8.11174689e+02 
 1.09355624e-05  6.74287327e+02 -9.90706070e-04 -8.11460760e+02 
 1.09356149e-05  6.74287326e+02 -7.04365814e-04 -8.11632414e+02 
 1.09356583e-05  6.74287326e+02 -4.67566810e-04 -8.11730550e+02 
 1.09356943e-05  6.74287326e+02 -2.71612780e-04 -8.11781768e+02 
 1.09357230e-05  6.74287326e+02 -1.14838606e-04 -8.11803191e+02 
 1.09357502e-05  6.74287326e+02  3.32290654e-05 -8.11807464e+02 
 1.09357787e-05  6.74287326e+02  1.88857114e-04 -8.11795241e+02 
 1.09358100e-05  6.74287326e+02  3.59510511e-04 -8.11762150e+02 
 1.09358520e-05  6.74287326e+02  5.88320548e-04 -8.11685458e+02 
 1.09358977e-05  6.74287326e+02  8.37505848e-04 -8.11559807e+02 
 1.09359523e-05  6.74287327e+02  1.13505840e-03 -8.11352211e+02 
 1.09360099e-05  6.74287327e+02  1.44890235e-03 -8.11065333e+02 
 1.09360743e-05  6.74287327e+02  1.79962726e-03 -8.10662196e+02 
 1.09361414e-05  6.74287327e+02  2.16535078e-03 -8.10148946e+02 
 1.09362141e-05  6.74287328e+02  2.56103083e-03 -8.09486755e+02 
 1.09362896e-05  6.74287328e+02  2.97156062e-03 -8.08682115e+02 
 1.09363699e-05  6.74287329e+02  3.40749460e-03 -8.07696354e+02 
 1.09364529e-05  6.74287329e+02  3.85813261e-03 -8.06534864e+02 
 1.09365401e-05  6.74287330e+02  4.33083092e-03 -8.05160487e+02 
 1.09366302e-05  6.74287331e+02  4.81791700e-03 -8.03576681e+02 
 1.09367239e-05  6.74287332e+02  5.32448721e-03 -8.01748471e+02 
 1.09368205e-05  6.74287333e+02  5.84499665e-03 -7.99676936e+02 
 1.09369205e-05  6.74287334e+02  6.38294619e-03 -7.97329519e+02 
 1.09370233e-05  6.74287336e+02  6.93429334e-03 -7.94704790e+02 
 1.09371293e-05  6.74287337e+02  7.50140866e-03 -7.91772579e+02 
 1.09372380e-05  6.74287339e+02  8.08131214e-03 -7.88529013e+02 
 1.09373499e-05  6.74287341e+02  8.67557178e-03 -7.84946120e+02 
 1.09374645e-05  6.74287343e+02  9.28195948e-03 -7.81017759e+02 
 1.09375820e-05  6.74287346e+02  9.90147250e-03 -7.76717872e+02 
 1.09377023e-05  6.74287348e+02  1.05324146e-02 -7.72038261e+02 
 1.09378256e-05  6.74287351e+02  1.11753764e-02 -7.66954456e+02 
 1.09379516e-05  6.74287354e+02  1.18290373e-02 -7.61456411e+02 
 1.09380805e-05  6.74287358e+02  1.24936969e-02 -7.55520891e+02 
 1.09382122e-05  6.74287361e+02  1.31682988e-02 -7.49136173e+02 
 1.09383468e-05  6.74287365e+02  1.38529337e-02 -7.42279903e+02 
 1.09384843e-05  6.74287369e+02  1.45467300e-02 -7.34938789e+02 
 1.09386248e-05  6.74287374e+02  1.52496267e-02 -7.27090986e+02 
 1.09387682e-05  6.74287379e+02  1.59608801e-02 -7.18721670e+02 
 1.09389147e-05  6.74287384e+02  1.66803191e-02 -7.09809103e+02 
 1.09390643e-05  6.74287389e+02  1.74072872e-02 -7.00336862e+02 
 1.09392171e-05  6.74287395e+02  1.81415317e-02 -6.90282857e+02 
 1.09393732e-05  6.74287401e+02  1.88824550e-02 -6.79628870e+02 
 1.09395327e-05  6.74287407e+02  1.96297438e-02 -6.68351904e+02 
 1.09396956e-05  6.74287414e+02  2.03828400e-02 -6.56431559e+02 
 1.09398621e-05  6.74287422e+02  2.11413856e-02 -6.43843201e+02 
 1.09400325e-05  6.74287430e+02  2.19048497e-02 -6.30563594e+02 
 1.09402068e-05  6.74287438e+02  2.26728430e-02 -6.16565452e+02 
 1.09403852e-05  6.74287447e+02  2.34448563e-02 -6.01821624e+02 
 1.09405680e-05  6.74287456e+02  2.42204834e-02 -5.86300651e+02 
 1.09407555e-05  6.74287466e+02  2.49992390e-02 -5.69969695e+02 
 1.09409479e-05  6.74287476e+02  2.57807185e-02 -5.52790708e+02 
 1.09411457e-05  6.74287487e+02  2.65644744e-02 -5.34722153e+02 
 1.09413492e-05  6.74287499e+02  2.73501352e-02 -5.15715301e+02 
 1.09415590e-05  6.74287511e+02  2.81373268e-02 -4.95714521e+02 
 1.09417758e-05  6.74287524e+02  2.89257708e-02 -4.74652901e+02 
 1.09420002e-05  6.74287538e+02  2.97152503e-02 -4.52450255e+02 
 1.09422333e-05  6.74287553e+02  3.05057137e-02 -4.29006284e+02 
 1.09424764e-05  6.74287569e+02  3.12973078e-02 -4.04193542e+02 
 1.09427311e-05  6.74287586e+02  3.20905515e-02 -3.77842818e+02 
 1.09429997e-05  6.74287605e+02  3.28865468e-02 -3.49720944e+02 
 1.09432765e-05  6.74287625e+02  3.36627899e-02 -3.20450341e+02 
 1.09435470e-05  6.74287644e+02  3.43775301e-02 -2.91636986e+02 
 1.09438196e-05  6.74287664e+02  3.50541541e-02 -2.62437265e+02 
 1.09440857e-05  6.74287684e+02  3.56717303e-02 -2.33856278e+02 
 1.09443530e-05  6.74287705e+02  3.62496278e-02 -2.05114155e+02 
 1.09446156e-05  6.74287725e+02  3.67758838e-02 -1.76901366e+02 
 1.09448790e-05  6.74287746e+02  3.72625429e-02 -1.48676748e+02 
 1.09451391e-05  6.74287767e+02  3.77025612e-02 -1.20939507e+02 
 1.09453996e-05  6.74287788e+02  3.81033092e-02 -9.33260968e+01 
 1.09456576e-05  6.74287809e+02  3.84609107e-02 -6.61974617e+01 
 1.09459158e-05  6.74287830e+02  3.87801206e-02 -3.92967778e+01 
 1.09461721e-05  6.74287851e+02  3.90589823e-02 -1.28897811e+01 
 1.09464285e-05  6.74287872e+02  3.93005617e-02  1.31998660e+01 
 1.09466834e-05  6.74287894e+02  3.95041925e-02  3.87846786e+01 
 1.09469382e-05  6.74287915e+02  3.96718758e-02  6.39821270e+01 
 1.09471921e-05  6.74287937e+02  3.98037009e-02  8.86605326e+01 
 1.09474459e-05  6.74287958e+02  3.99010366e-02  1.12896983e+02 
 1.09476989e-05  6.74287980e+02  3.99643943e-02  1.36599199e+02 
 1.09479519e-05  6.74288001e+02  3.99947792e-02  1.59817184e+02 
 1.09482044e-05  6.74288023e+02  3.99929230e-02  1.82486536e+02 
 1.09484570e-05  6.74288044e+02  3.99596290e-02  2.04639482e+02 
 1.09487092e-05  6.74288066e+02  3.98957297e-02  2.26231368e+02 
 1.09489616e-05  6.74288087e+02  3.98019210e-02  2.47283022e+02 
 1.09492132e-05  6.74288108e+02  3.96794110e-02  2.67713210e+02 
 1.09494620e-05  6.74288129e+02  3.95305308e-02  2.87363363e+02 
 1.09497097e-05  6.74288150e+02  3.93557564e-02  3.06362740e+02 
 1.09499551e-05  6.74288170e+02  3.91571978e-02  3.24630182e+02 
 1.09501996e-05  6.74288191e+02  3.89349409e-02  3.42278339e+02 
 1.09504425e-05  6.74288211e+02  3.86907904e-02  3.59257927e+02 
 1.09506848e-05  6.74288231e+02  3.84247693e-02  3.75646879e+02 
 1.09509260e-05  6.74288250e+02  3.81384361e-02  3.91414414e+02 
 1.09511668e-05  6.74288270e+02  3.78318412e-02  4.06614868e+02 
 1.09514069e-05  6.74288289e+02  3.75063152e-02  4.21230934e+02 
 1.09516467e-05  6.74288308e+02  3.71619514e-02  4.35301957e+02 
 1.09518861e-05  6.74288327e+02  3.67998762e-02  4.48820007e+02 
 1.09521255e-05  6.74288346e+02  3.64202258e-02  4.61814601e+02 
 1.09523647e-05  6.74288364e+02  3.60239523e-02  4.74284076e+02 
 1.09526040e-05  6.74288382e+02  3.56112292e-02  4.86251418e+02 
 1.09528434e-05  6.74288400e+02  3.51828627e-02  4.97719107e+02 
 1.09530830e-05  6.74288418e+02  3.47390540e-02  5.08705800e+02 
 1.09533228e-05  6.74288436e+02  3.42804882e-02  5.19216718e+02 
 1.09535631e-05  6.74288453e+02  3.38073836e-02  5.29267664e+02 
 1.09538038e-05  6.74288470e+02  3.33203241e-02  5.38865673e+02 
 1.09540451e-05  6.74288487e+02  3.28195358e-02  5.48024680e+02 
 1.09542869e-05  6.74288504e+02  3.23055167e-02  5.56752923e+02 
 1.09545295e-05  6.74288521e+02  3.17784921e-02  5.65063120e+02 
 1.09547728e-05  6.74288537e+02  3.12388868e-02  5.72964311e+02 
 1.09550170e-05  6.74288553e+02  3.06869173e-02  5.80468432e+02 
 1.09552620e-05  6.74288569e+02  3.01229447e-02  5.87585055e+02 
 1.09555081e-05  6.74288584e+02  2.95471700e-02  5.94325620e+02 
 1.09557553e-05  6.74288600e+02  2.89598971e-02  6.00700057e+02 
 1.09560036e-05  6.74288615e+02  2.83613061e-02  6.06719492e+02 
 1.09562531e-05  6.74288630e+02  2.77516478e-02  6.12394096e+02 
 1.09565040e-05  6.74288644e+02  2.71310759e-02  6.17734802e+02 
 1.09567563e-05  6.74288659e+02  2.64997910e-02  6.22751941e+02 
 1.09570100e-05  6.74288673e+02  2.58579155e-02  6.27456325e+02 
 1.09572653e-05  6.74288687e+02  2.52056001e-02  6.31858387e+02 
 1.09575223e-05  6.74288700e+02  2.45429313e-02  6.35968863e+02 
 1.09577811e-05  6.74288714e+02  2.38700091e-02  6.39798250e+02 
 1.09580417e-05  6.74288727e+02  2.31868788e-02  6.43357226e+02 
 1.09583043e-05  6.74288740e+02  2.24935874e-02  6.46656318e+02 
 1.09585690e-05  6.74288752e+02  2.17901337e-02  6.49706157e+02 
 1.09588359e-05  6.74288764e+02  2.10765082e-02  6.52517271e+02 
 1.09591051e-05  6.74288776e+02  2.03526566e-02  6.55100239e+02 
 1.09593767e-05  6.74288788e+02  1.96185083e-02  6.57465563e+02 
 1.09596509e-05  6.74288799e+02  1.88739491e-02  6.59623761e+02 
 1.09599278e-05  6.74288810e+02  1.81188417e-02  6.61585280e+02 
 1.09602076e-05  6.74288820e+02  1.73530049e-02  6.63360552e+02 
 1.09604904e-05  6.74288831e+02  1.65762289e-02  6.64959941e+02 
 1.09607764e-05  6.74288840e+02  1.57882598e-02  6.66393763e+02 
 1.09610657e-05  6.74288850e+02  1.49888112e-02  6.67672255e+02 
 1.09613587e-05  6.74288859e+02  1.41775550e-02  6.68805579e+02 
 1.09616554e-05  6.74288868e+02  1.33541323e-02  6.69803792e+02 
 1.09619560e-05  6.74288876e+02  1.25181525e-02  6.70676838e+02 
 1.09622554e-05  6.74288884e+02  1.16842465e-02  6.71422141e+02 
 1.09625546e-05  6.74288891e+02  1.08499676e-02  6.72056500e+02 
 1.09628503e-05  6.74288897e+02  1.00243036e-02  6.72587567e+02 
 1.09631428e-05  6.74288903e+02  9.20682445e-03  6.73030037e+02 
 1.09634290e-05  6.74288909e+02  8.40620814e-03  6.73392993e+02 
 1.09637074e-05  6.74288913e+02  7.62693722e-03  6.73687855e+02 
 1.09639738e-05  6.74288918e+02  6.88103053e-03  6.73922997e+02 
 1.09642234e-05  6.74288921e+02  6.18172755e-03  6.74106885e+02 
 1.09644095e-05  6.74288923e+02  5.66017218e-03  6.74223651e+02 
 1.09644483e-05  6.74288924e+02  5.55142755e-03  6.74245982e+02 
 1.09645051e-05  6.74288924e+02  5.39215468e-03  6.74277493e+02 
 1.09645578e-05  6.74288925e+02  5.24433756e-03  6.74305501e+02 
 1.09646243e-05  6.74288926e+02  5.05793649e-03  6.74339174e+02 
 1.09647051e-05  6.74288927e+02  4.83138419e-03  6.74377717e+02 
 1.09647721e-05  6.74288927e+02  4.64352403e-03  6.74407767e+02 
 1.09648588e-05  6.74288928e+02  4.40041657e-03  6.74444189e+02 
 1.09649201e-05  6.74288929e+02  4.22849551e-03  6.74468327e+02 
 1.09650106e-05  6.74288930e+02  3.97482665e-03  6.74501596e+02 
 1.09651025e-05  6.74288930e+02  3.71700123e-03  6.74532659e+02 
 1.09651801e-05  6.74288931e+02  3.49927014e-03  6.74556825e+02 
 1.09652725e-05  6.74288932e+02  3.24031140e-03  6.74583206e+02 
 1.09653581e-05  6.74288932e+02  3.00012681e-03  6.74605475e+02 
 1.09654736e-05  6.74288933e+02  2.67623028e-03  6.74632301e+02 
 1.09655774e-05  6.74288933e+02  2.38484211e-03  6.74653425e+02 
 1.09657102e-05  6.74288934e+02  2.01246196e-03  6.74676462e+02 
 1.09658013e-05  6.74288934e+02  1.75696900e-03  6.74689794e+02 
 1.09658967e-05  6.74288935e+02  1.48908238e-03  6.74701681e+02 
 1.09660007e-05  6.74288935e+02  1.19735598e-03  6.74712254e+02 
 1.09661091e-05  6.74288935e+02  8.93363630e-04  6.74720702e+02 
 1.09662381e-05  6.74288935e+02  5.31413754e-04  6.74727420e+02 
 1.09663259e-05  6.74288935e+02  2.84888194e-04  6.74729950e+02 
 1.09663717e-05  6.74288936e+02  1.56372582e-04  6.74730619e+02 
 1.09664282e-05  6.74288936e+02 -2.07730222e-06  6.74730835e+02 
 1.09664947e-05  6.74288936e+02 -1.88535895e-04  6.74730234e+02 
 1.09665684e-05  6.74288935e+02 -3.95458227e-04  6.74728488e+02 
 1.09666470e-05  6.74288935e+02 -6.15955927e-04  6.74725377e+02 
 1.09667321e-05  6.74288935e+02 -8.54533080e-04  6.74720551e+02 
 1.09668284e-05  6.74288935e+02 -1.12488292e-03  6.74713228e+02 
 1.09669557e-05  6.74288935e+02 -1.48194305e-03  6.74700472e+02 
 1.09670567e-05  6.74288934e+02 -1.76546855e-03  6.74687768e+02 
 1.09671610e-05  6.74288934e+02 -2.05781852e-03  6.74672193e+02 
 1.09672593e-05  6.74288933e+02 -2.33378982e-03  6.74655097e+02 
 1.09673609e-05  6.74288933e+02 -2.61858677e-03  6.74634918e+02 
 1.09674705e-05  6.74288932e+02 -2.92603528e-03  6.74610113e+02 
 1.09675990e-05  6.74288931e+02 -3.28659432e-03  6.74576820e+02 
 1.09677353e-05  6.74288930e+02 -3.66881480e-03  6.74536275e+02 
 1.09678182e-05  6.74288930e+02 -3.90130494e-03  6.74508811e+02 
 1.09679241e-05  6.74288929e+02 -4.19821515e-03  6.74470485e+02 
 1.09680254e-05  6.74288928e+02 -4.48238485e-03  6.74430214e+02 
 1.09680761e-05  6.74288927e+02 -4.62454277e-03  6.74408688e+02 
 1.09681357e-05  6.74288927e+02 -4.79155133e-03  6.74382181e+02 
 1.09681920e-05  6.74288926e+02 -4.94943991e-03  6.74355876e+02 
 1.09682403e-05  6.74288926e+02 -5.08504270e-03  6.74332287e+02 
 1.09682882e-05  6.74288925e+02 -5.21926892e-03  6.74308007e+02 
 1.09683370e-05  6.74288925e+02 -5.35600839e-03  6.74282296e+02 
 1.09683899e-05  6.74288924e+02 -5.50424062e-03  6.74253279e+02 
 1.09684526e-05  6.74288923e+02 -5.68001880e-03  6.74217283e+02 
 1.09685192e-05  6.74288922e+02 -5.86660177e-03  6.74177127e+02 
 1.09685921e-05  6.74288922e+02 -6.07095124e-03  6.74130763e+02 
 1.09686667e-05  6.74288921e+02 -6.27995768e-03  6.74080664e+02 
 1.09687464e-05  6.74288919e+02 -6.50335674e-03  6.74024000e+02 
 1.09688274e-05  6.74288918e+02 -6.73035759e-03  6.73962985e+02 
 1.09689131e-05  6.74288917e+02 -6.97049316e-03  6.73894504e+02 
 1.09690000e-05  6.74288916e+02 -7.21386035e-03  6.73820788e+02 
 1.09690913e-05  6.74288914e+02 -7.46934017e-03  6.73738517e+02 
 1.09691836e-05  6.74288913e+02 -7.72786976e-03  6.73649930e+02 
 1.09692800e-05  6.74288911e+02 -7.99770116e-03  6.73551474e+02 
 1.09693775e-05  6.74288910e+02 -8.27053944e-03  6.73445391e+02 
 1.09694788e-05  6.74288908e+02 -8.55410842e-03  6.73327833e+02 
 1.09695813e-05  6.74288906e+02 -8.84077949e-03  6.73201047e+02 
 1.09697862e-05  6.74288902e+02 -9.41388900e-03  6.72922014e+02 
 1.09700343e-05  6.74288897e+02 -1.01070947e-02  6.72534871e+02 
 1.09702623e-05  6.74288892e+02 -1.07438245e-02  6.72126219e+02 
 1.09705541e-05  6.74288885e+02 -1.15576748e-02  6.71521192e+02 
 1.09708777e-05  6.74288876e+02 -1.24590906e-02  6.70729157e+02 
 1.09712036e-05  6.74288868e+02 -1.33653403e-02  6.69786296e+02 
 1.09715353e-05  6.74288858e+02 -1.42857367e-02  6.68658039e+02 
 1.09718534e-05  6.74288848e+02 -1.51664293e-02  6.67396789e+02 
 1.09721710e-05  6.74288837e+02 -1.60432578e-02  6.65943041e+02 
 1.09724776e-05  6.74288827e+02 -1.68868293e-02  6.64336571e+02 
 1.09727828e-05  6.74288815e+02 -1.77238820e-02  6.62518976e+02 
 1.09730798e-05  6.74288804e+02 -1.85354746e-02  6.60521931e+02 
 1.09733752e-05  6.74288792e+02 -1.93390569e-02  6.58294049e+02 
 1.09736644e-05  6.74288780e+02 -2.01219074e-02  6.55860753e+02 
 1.09739516e-05  6.74288767e+02 -2.08954563e-02  6.53177571e+02 
 1.09742339e-05  6.74288754e+02 -2.16511994e-02  6.50264064e+02 
 1.09745141e-05  6.74288741e+02 -2.23967269e-02  6.47081733e+02 
 1.09747903e-05  6.74288728e+02 -2.31263541e-02  6.43644827e+02 
 1.09750644e-05  6.74288714e+02 -2.38451382e-02  6.39920000e+02 
 1.09753351e-05  6.74288700e+02 -2.45492501e-02  6.35916930e+02 
 1.09756039e-05  6.74288686e+02 -2.52420446e-02  6.31606697e+02 
 1.09758698e-05  6.74288672e+02 -2.59209107e-02  6.26995154e+02 
 1.09761339e-05  6.74288657e+02 -2.65880497e-02  6.22057135e+02 
 1.09763956e-05  6.74288642e+02 -2.72416494e-02  6.16795352e+02 
 1.09766555e-05  6.74288627e+02 -2.78831234e-02  6.11187780e+02 
 1.09769134e-05  6.74288611e+02 -2.85111817e-02  6.05234593e+02 
 1.09771697e-05  6.74288595e+02 -2.91266952e-02  5.98916376e+02 
 1.09774242e-05  6.74288580e+02 -2.97287119e-02  5.92231280e+02 
 1.09776773e-05  6.74288563e+02 -3.03177242e-02  5.85162045e+02 
 1.09779289e-05  6.74288547e+02 -3.08929952e-02  5.77705234e+02 
 1.09781792e-05  6.74288530e+02 -3.14547500e-02  5.69845360e+02 
 1.09784282e-05  6.74288514e+02 -3.20023837e-02  5.61577761e+02 
 1.09786761e-05  6.74288497e+02 -3.25359289e-02  5.52888396e+02 
 1.09789228e-05  6.74288479e+02 -3.30548571e-02  5.43771672e+02 
 1.09791687e-05  6.74288462e+02 -3.35590585e-02  5.34214728e+02 
 1.09794136e-05  6.74288444e+02 -3.40480426e-02  5.24211264e+02 
 1.09796577e-05  6.74288426e+02 -3.45215906e-02  5.13749373e+02 
 1.09799011e-05  6.74288409e+02 -3.49792239e-02  5.02822220e+02 
 1.09801438e-05  6.74288390e+02 -3.54206360e-02  4.91418654e+02 
 1.09803860e-05  6.74288372e+02 -3.58453412e-02  4.79531421e+02 
 1.09806278e-05  6.74288353e+02 -3.62529582e-02  4.67149942e+02 
 1.09808691e-05  6.74288335e+02 -3.66429798e-02  4.54266610e+02 
 1.09811102e-05  6.74288316e+02 -3.70149569e-02  4.40871239e+02 
 1.09813511e-05  6.74288297e+02 -3.73683484e-02  4.26955875e+02 
 1.09815919e-05  6.74288278e+02 -3.77026388e-02  4.12510533e+02 
 1.09818327e-05  6.74288258e+02 -3.80172415e-02  3.97526854e+02 
 1.09820736e-05  6.74288239e+02 -3.83115720e-02  3.81994828e+02 
 1.09823147e-05  6.74288219e+02 -3.85849851e-02  3.65905549e+02 
 1.09825562e-05  6.74288199e+02 -3.88368195e-02  3.49248690e+02 
 1.09827981e-05  6.74288179e+02 -3.90663561e-02  3.32014552e+02 
 1.09830406e-05  6.74288159e+02 -3.92728429e-02  3.14192090e+02 
 1.09832838e-05  6.74288138e+02 -3.94554664e-02  2.95770403e+02 
 1.09835280e-05  6.74288118e+02 -3.96133622e-02  2.76737148e+02 
 1.09837732e-05  6.74288097e+02 -3.97455937e-02  2.57079569e+02 
 1.09840197e-05  6.74288076e+02 -3.98511506e-02  2.36783154e+02 
 1.09842676e-05  6.74288055e+02 -3.99289298e-02  2.15832236e+02 
 1.09845172e-05  6.74288034e+02 -3.99777233e-02  1.94208748e+02 
 1.09847688e-05  6.74288013e+02 -3.99961945e-02  1.71892374e+02 
 1.09850227e-05  6.74287991e+02 -3.99828528e-02  1.48859190e+02 
 1.09852793e-05  6.74287969e+02 -3.99360067e-02  1.25077212e+02 
 1.09855354e-05  6.74287947e+02 -3.98551024e-02  1.00854792e+02 
 1.09857925e-05  6.74287926e+02 -3.97389068e-02  7.60776698e+01 
 1.09860490e-05  6.74287904e+02 -3.95874186e-02  5.09231320e+01 
 1.09863062e-05  6.74287882e+02 -3.93991871e-02  2.52846955e+01 
 1.09865633e-05  6.74287861e+02 -3.91742516e-02 -7.10098040e-01 
 1.09868211e-05  6.74287840e+02 -3.89110775e-02 -2.71316953e+01 
 1.09870791e-05  6.74287818e+02 -3.86096809e-02 -5.38768935e+01 
 1.09873379e-05  6.74287797e+02 -3.82685614e-02 -8.09854578e+01 
 1.09875972e-05  6.74287776e+02 -3.78876656e-02 -1.08371124e+02 
 1.09878574e-05  6.74287755e+02 -3.74655622e-02 -1.36050776e+02 
 1.09881183e-05  6.74287735e+02 -3.70021895e-02 -1.63944531e+02 
 1.09883804e-05  6.74287714e+02 -3.64958316e-02 -1.92072029e+02 
 1.09886433e-05  6.74287694e+02 -3.59467746e-02 -2.20335280e+02 
 1.09889076e-05  6.74287674e+02 -3.53531882e-02 -2.48747420e+02 
 1.09891730e-05  6.74287654e+02 -3.47151773e-02 -2.77221292e+02 
 1.09894400e-05  6.74287635e+02 -3.40310333e-02 -3.05750927e+02 
 1.09897085e-05  6.74287615e+02 -3.33006480e-02 -3.34256917e+02 
 1.09899789e-05  6.74287596e+02 -3.25224209e-02 -3.62716713e+02 
 1.09902510e-05  6.74287578e+02 -3.16960268e-02 -3.91054858e+02 
 1.09905254e-05  6.74287560e+02 -3.08199186e-02 -4.19234960e+02 
 1.09908020e-05  6.74287542e+02 -2.98935410e-02 -4.47182362e+02 
 1.09910614e-05  6.74287525e+02 -2.89861571e-02 -4.72905102e+02 
 1.09913095e-05  6.74287510e+02 -2.80840351e-02 -4.97010254e+02 
 1.09915426e-05  6.74287497e+02 -2.72067395e-02 -5.19164191e+02 
 1.09917664e-05  6.74287484e+02 -2.63370949e-02 -5.39964497e+02 
 1.09919798e-05  6.74287472e+02 -2.54845452e-02 -5.59308813e+02 
 1.09921864e-05  6.74287461e+02 -2.46373607e-02 -5.77566099e+02 
 1.09923853e-05  6.74287451e+02 -2.38026569e-02 -5.94664603e+02 
 1.09925786e-05  6.74287441e+02 -2.29730956e-02 -6.10826278e+02 
 1.09927657e-05  6.74287432e+02 -2.21541142e-02 -6.26005753e+02 
 1.09929480e-05  6.74287424e+02 -2.13409909e-02 -6.40345739e+02 
 1.09931250e-05  6.74287416e+02 -2.05377046e-02 -6.53824635e+02 
 1.09932978e-05  6.74287409e+02 -1.97411633e-02 -6.66539441e+02 
 1.09934660e-05  6.74287402e+02 -1.89542465e-02 -6.78484946e+02 
 1.09936303e-05  6.74287395e+02 -1.81749533e-02 -6.89729852e+02 
 1.09937906e-05  6.74287389e+02 -1.74053857e-02 -7.00279145e+02 
 1.09939472e-05  6.74287383e+02 -1.66442913e-02 -7.10183528e+02 
 1.09941000e-05  6.74287378e+02 -1.58932306e-02 -7.19454090e+02 
 1.09942495e-05  6.74287373e+02 -1.51514665e-02 -7.28129981e+02 
 1.09943954e-05  6.74287369e+02 -1.44201851e-02 -7.36225828e+02 
 1.09945381e-05  6.74287364e+02 -1.36990048e-02 -7.43773318e+02 
 1.09946776e-05  6.74287360e+02 -1.29888555e-02 -7.50789030e+02 
 1.09948138e-05  6.74287357e+02 -1.22896032e-02 -7.57299792e+02 
 1.09949469e-05  6.74287353e+02 -1.16020060e-02 -7.63323178e+02 
 1.09950769e-05  6.74287350e+02 -1.09261054e-02 -7.68882826e+02 
 1.09952039e-05  6.74287347e+02 -1.02625493e-02 -7.73996745e+02 
 1.09953277e-05  6.74287345e+02 -9.61150759e-03 -7.78686463e+02 
 1.09954486e-05  6.74287342e+02 -8.97356392e-03 -7.82970108e+02 
 1.09955663e-05  6.74287340e+02 -8.34898881e-03 -7.86867803e+02 
 1.09956810e-05  6.74287338e+02 -7.73833739e-03 -7.90397634e+02 
 1.09957927e-05  6.74287336e+02 -7.14196707e-03 -7.93578782e+02 
 1.09959012e-05  6.74287335e+02 -6.56043596e-03 -7.96429221e+02 
 1.09960065e-05  6.74287333e+02 -5.99418662e-03 -7.98967503e+02 
 1.09961087e-05  6.74287332e+02 -5.44381139e-03 -8.01211475e+02 
 1.09962076e-05  6.74287331e+02 -4.90984888e-03 -8.03179275e+02 
 1.09963032e-05  6.74287330e+02 -4.39296177e-03 -8.04888642e+02 
 1.09963953e-05  6.74287329e+02 -3.89381136e-03 -8.06357458e+02 
 1.09964839e-05  6.74287329e+02 -3.41318011e-03 -8.07603394e+02 
 1.09965688e-05  6.74287328e+02 -2.95190301e-03 -8.08644201e+02 
 1.09966499e-05  6.74287328e+02 -2.51096057e-03 -8.09497546e+02 
 1.09967270e-05  6.74287327e+02 -2.09145845e-03 -8.10181164e+02 
 1.09967998e-05  6.74287327e+02 -1.69471814e-03 -8.10712807e+02 
 1.09968682e-05  6.74287327e+02 -1.32231676e-03 -8.11110333e+02 
 1.09969317e-05  6.74287327e+02 -9.76227297e-04 -8.11391727e+02 
 1.09969839e-05  6.74287327e+02 -6.91398226e-04 -8.11559718e+02 
 1.09970271e-05  6.74287326e+02 -4.56350242e-04 -8.11655123e+02 
 1.09970626e-05  6.74287326e+02 -2.62376991e-04 -8.11704423e+02 
 1.09970910e-05  6.74287326e+02 -1.07908902e-04 -8.11724649e+02 
 1.09971181e-05  6.74287326e+02  3.99146172e-05 -8.11728203e+02 
 1.09971465e-05  6.74287326e+02  1.95038287e-04 -8.11715314e+02 
 1.09971784e-05  6.74287326e+02  3.68861877e-04 -8.11680651e+02 
 1.09972204e-05  6.74287326e+02  5.97919099e-04 -8.11602336e+02 
 1.09972666e-05  6.74287327e+02  8.49849922e-04 -8.11473339e+02 
 1.09973213e-05  6.74287327e+02  1.14761049e-03 -8.11262964e+02 
 1.09973792e-05  6.74287327e+02  1.46348334e-03 -8.10971181e+02 
 1.09974437e-05  6.74287327e+02  1.81448310e-03 -8.10564045e+02 
 1.09975111e-05  6.74287327e+02  2.18178680e-03 -8.10044473e+02 
 1.09975839e-05  6.74287328e+02  2.57783572e-03 -8.09376954e+02 
 1.09976597e-05  6.74287328e+02  2.98965328e-03 -8.08564636e+02 
 1.09977400e-05  6.74287329e+02  3.42602095e-03 -8.07572147e+02 
 1.09978233e-05  6.74287329e+02  3.87773603e-03 -8.06401668e+02 
 1.09979106e-05  6.74287330e+02  4.35090311e-03 -8.05019133e+02 
 1.09980008e-05  6.74287331e+02  4.83890779e-03 -8.03425056e+02 
 1.09980947e-05  6.74287332e+02  5.34596082e-03 -8.01587244e+02 
 1.09981914e-05  6.74287333e+02  5.86726670e-03 -7.99504173e+02 
 1.09982915e-05  6.74287334e+02  6.40569877e-03 -7.97145708e+02 
 1.09983944e-05  6.74287336e+02  6.95774584e-03 -7.94508180e+02 
 1.09985005e-05  6.74287338e+02  7.52533336e-03 -7.91563479e+02 
 1.09986094e-05  6.74287339e+02  8.10585818e-03 -7.88305845e+02 
 1.09987214e-05  6.74287341e+02  8.70057250e-03 -7.84709026e+02 
 1.09988361e-05  6.74287344e+02  9.30751553e-03 -7.80765315e+02 
 1.09989538e-05  6.74287346e+02  9.92746059e-03 -7.76450070e+02 
 1.09990742e-05  6.74287349e+02  1.05589009e-02 -7.71753811e+02 
 1.09991976e-05  6.74287351e+02  1.12022684e-02 -7.66653217e+02 
 1.09993237e-05  6.74287355e+02  1.18563765e-02 -7.61137201e+02 
 1.09994527e-05  6.74287358e+02  1.25214125e-02 -7.55183453e+02 
 1.09995846e-05  6.74287362e+02  1.31964150e-02 -7.48779412e+02 
 1.09997193e-05  6.74287365e+02  1.38813948e-02 -7.41903459e+02 
 1.09998569e-05  6.74287370e+02  1.45755476e-02 -7.34541630e+02 
 1.09999976e-05  6.74287374e+02  1.52787559e-02 -7.26672658e+02 
 1.10000000e-05  6.74287374e+02  1.52909443e-02 -7.26532577e+02 
