 time            v(out)          i(Lboost)       v(anode)       
 1.00000000e-10  4.00004255e+02  1.99998810e+01  4.00816276e+02 
 1.00000280e-10  4.00004255e+02  1.99998810e+01  4.00816278e+02 
 1.00000840e-10  4.00004255e+02  1.99998810e+01  4.00816281e+02 
 1.00001961e-10  4.00004255e+02  1.99998810e+01  4.00816287e+02 
 1.00004202e-10  4.00004255e+02  1.99998810e+01  4.00816299e+02 
 1.00008684e-10  4.00004256e+02  1.99998810e+01  4.00816319e+02 
 1.00017649e-10  4.00004256e+02  1.99998810e+01  4.00816350e+02 
 1.00030393e-10  4.00004257e+02  1.99998810e+01  4.00816379e+02 
 1.00043410e-10  4.00004257e+02  1.99998810e+01  4.00816396e+02 
 1.00059655e-10  4.00004258e+02  1.99998810e+01  4.00816408e+02 
 1.00077061e-10  4.00004259e+02  1.99998809e+01  4.00816414e+02 
 1.00099612e-10  4.00004260e+02  1.99998809e+01  4.00816418e+02 
 1.00126689e-10  4.00004261e+02  1.99998809e+01  4.00816419e+02 
 1.00165243e-10  4.00004262e+02  1.99998808e+01  4.00816421e+02 
 1.00220150e-10  4.00004265e+02  1.99998808e+01  4.00816423e+02 
 1.00319629e-10  4.00004269e+02  1.99998807e+01  4.00816427e+02 
 1.00518586e-10  4.00004277e+02  1.99998804e+01  4.00816435e+02 
 1.00916500e-10  4.00004294e+02  1.99998799e+01  4.00816452e+02 
 1.01679499e-10  4.00004327e+02  1.99998790e+01  4.00816485e+02 
 1.03205496e-10  4.00004392e+02  1.99998772e+01  4.00816550e+02 
 1.06257491e-10  4.00004522e+02  1.99998736e+01  4.00816680e+02 
 1.12361482e-10  4.00004781e+02  1.99998663e+01  4.00816939e+02 
 1.24569462e-10  4.00005301e+02  1.99998518e+01  4.00817459e+02 
 1.48985423e-10  4.00006340e+02  1.99998228e+01  4.00818498e+02 
 1.97817345e-10  4.00008418e+02  1.99997647e+01  4.00820576e+02 
 2.95481190e-10  4.00012574e+02  1.99996485e+01  4.00824731e+02 
 4.90808879e-10  4.00020885e+02  1.99994161e+01  4.00833042e+02 
 8.81464257e-10  4.00037508e+02  1.99989513e+01  4.00849664e+02 
 1.66277501e-09  4.00070753e+02  1.99980216e+01  4.00882907e+02 
 3.22539652e-09  4.00137238e+02  1.99961617e+01  4.00949387e+02 
 6.35063955e-09  4.00270189e+02  1.99924402e+01  4.01082330e+02 
 1.00000000e-08  4.00425405e+02  1.99880917e+01  4.01237536e+02 
 1.06250486e-08  4.00451986e+02  1.99873466e+01  4.01264116e+02 
 1.18751458e-08  4.00505146e+02  1.99858561e+01  4.01317272e+02 
 1.43753402e-08  4.00611454e+02  1.99828739e+01  4.01423573e+02 
 1.93757291e-08  4.00824022e+02  1.99769053e+01  4.01636127e+02 
 2.93757291e-08  4.01248935e+02  1.99649512e+01  4.02061013e+02 
 3.93757291e-08  4.01673594e+02  1.99529736e+01  4.02485644e+02 
 4.93757291e-08  4.02097997e+02  1.99409724e+01  4.02910020e+02 
 5.93757291e-08  4.02522145e+02  1.99289477e+01  4.03334140e+02 
 6.93757291e-08  4.02946037e+02  1.99168993e+01  4.03758005e+02 
 7.93757291e-08  4.03369672e+02  1.99048275e+01  4.04181612e+02 
 8.93757291e-08  4.03793050e+02  1.98927321e+01  4.04604962e+02 
 9.93757291e-08  4.04216171e+02  1.98806132e+01  4.05028055e+02 
 1.09375729e-07  4.04639033e+02  1.98684708e+01  4.05450890e+02 
 1.19375729e-07  4.05061637e+02  1.98563049e+01  4.05873466e+02 
 1.29375729e-07  4.05483982e+02  1.98441155e+01  4.06295782e+02 
 1.39375729e-07  4.05906067e+02  1.98319027e+01  4.06717839e+02 
 1.49375729e-07  4.06327892e+02  1.98196665e+01  4.07139636e+02 
 1.59375729e-07  4.06749457e+02  1.98074068e+01  4.07561172e+02 
 1.69375729e-07  4.07170760e+02  1.97951237e+01  4.07982447e+02 
 1.79375729e-07  4.07591802e+02  1.97828172e+01  4.08403461e+02 
 1.89375729e-07  4.08012582e+02  1.97704874e+01  4.08824212e+02 
 1.99375729e-07  4.08433099e+02  1.97581341e+01  4.09244701e+02 
 2.09375729e-07  4.08853353e+02  1.97457575e+01  4.09664926e+02 
 2.19375729e-07  4.09273343e+02  1.97333576e+01  4.10084888e+02 
 2.29375729e-07  4.09693070e+02  1.97209344e+01  4.10504586e+02 
 2.39375729e-07  4.10112532e+02  1.97084878e+01  4.10924019e+02 
 2.49375729e-07  4.10531728e+02  1.96960180e+01  4.11343187e+02 
 2.59375729e-07  4.10950659e+02  1.96835248e+01  4.11762089e+02 
 2.69375729e-07  4.11369325e+02  1.96710084e+01  4.12180725e+02 
 2.79375729e-07  4.11787723e+02  1.96584688e+01  4.12599095e+02 
 2.89375729e-07  4.12205855e+02  1.96459059e+01  4.13017197e+02 
 2.99375729e-07  4.12623719e+02  1.96333198e+01  4.13435032e+02 
 3.09375729e-07  4.13041315e+02  1.96207105e+01  4.13852599e+02 
 3.19375729e-07  4.13458642e+02  1.96080780e+01  4.14269897e+02 
 3.29375729e-07  4.13875700e+02  1.95954223e+01  4.14686926e+02 
 3.39375729e-07  4.14292489e+02  1.95827435e+01  4.15103685e+02 
 3.49375729e-07  4.14709008e+02  1.95700415e+01  4.15520175e+02 
 3.59375729e-07  4.15125257e+02  1.95573164e+01  4.15936393e+02 
 3.69375729e-07  4.15541234e+02  1.95445682e+01  4.16352341e+02 
 3.79375729e-07  4.15956940e+02  1.95317968e+01  4.16768017e+02 
 3.89375729e-07  4.16372374e+02  1.95190024e+01  4.17183421e+02 
 3.99375729e-07  4.16787535e+02  1.95061849e+01  4.17598553e+02 
 4.09375729e-07  4.17202424e+02  1.94933444e+01  4.18013412e+02 
 4.19375729e-07  4.17617039e+02  1.94804808e+01  4.18427997e+02 
 4.29375729e-07  4.18031380e+02  1.94675942e+01  4.18842308e+02 
 4.39375729e-07  4.18445446e+02  1.94546846e+01  4.19256345e+02 
 4.49375729e-07  4.18859238e+02  1.94417520e+01  4.19670106e+02 
 4.59375729e-07  4.19272755e+02  1.94287964e+01  4.20083592e+02 
 4.69375729e-07  4.19685995e+02  1.94158178e+01  4.20496803e+02 
 4.79375729e-07  4.20098959e+02  1.94028163e+01  4.20909736e+02 
 4.89375729e-07  4.20511646e+02  1.93897919e+01  4.21322393e+02 
 4.99375729e-07  4.20924056e+02  1.93767445e+01  4.21734772e+02 
 5.09375729e-07  4.21336188e+02  1.93636743e+01  4.22146874e+02 
 5.19375729e-07  4.21748042e+02  1.93505812e+01  4.22558697e+02 
 5.29375729e-07  4.22159617e+02  1.93374651e+01  4.22970241e+02 
 5.39375729e-07  4.22570912e+02  1.93243263e+01  4.23381506e+02 
 5.49375729e-07  4.22981928e+02  1.93111646e+01  4.23792491e+02 
 5.59375729e-07  4.23392663e+02  1.92979800e+01  4.24203196e+02 
 5.69375729e-07  4.23803118e+02  1.92847727e+01  4.24613619e+02 
 5.79375729e-07  4.24213291e+02  1.92715426e+01  4.25023762e+02 
 5.89375729e-07  4.24623183e+02  1.92582896e+01  4.25433622e+02 
 5.99375729e-07  4.25032793e+02  1.92450140e+01  4.25843201e+02 
 6.09375729e-07  4.25442119e+02  1.92317155e+01  4.26252496e+02 
 6.19375729e-07  4.25851163e+02  1.92183944e+01  4.26661509e+02 
 6.29375729e-07  4.26259923e+02  1.92050505e+01  4.27070237e+02 
 6.39375729e-07  4.26668399e+02  1.91916840e+01  4.27478682e+02 
 6.49375729e-07  4.27076590e+02  1.91782947e+01  4.27886842e+02 
 6.59375729e-07  4.27484496e+02  1.91648828e+01  4.28294716e+02 
 6.69375729e-07  4.27892116e+02  1.91514482e+01  4.28702305e+02 
 6.79375729e-07  4.28299451e+02  1.91379910e+01  4.29109608e+02 
 6.89375729e-07  4.28706498e+02  1.91245112e+01  4.29516624e+02 
 6.99375729e-07  4.29113259e+02  1.91110088e+01  4.29923353e+02 
 7.09375729e-07  4.29519732e+02  1.90974837e+01  4.30329794e+02 
 7.19375729e-07  4.29925918e+02  1.90839362e+01  4.30735947e+02 
 7.29375729e-07  4.30331814e+02  1.90703660e+01  4.31141812e+02 
 7.39375729e-07  4.30737422e+02  1.90567733e+01  4.31547388e+02 
 7.49375729e-07  4.31142740e+02  1.90431581e+01  4.31952674e+02 
 7.59375729e-07  4.31547769e+02  1.90295204e+01  4.32357670e+02 
 7.69375729e-07  4.31952507e+02  1.90158602e+01  4.32762376e+02 
 7.79375729e-07  4.32356954e+02  1.90021775e+01  4.33166791e+02 
 7.89375729e-07  4.32761110e+02  1.89884724e+01  4.33570914e+02 
 7.99375729e-07  4.33164973e+02  1.89747448e+01  4.33974746e+02 
 8.09375729e-07  4.33568545e+02  1.89609948e+01  4.34378285e+02 
 8.19375729e-07  4.33971824e+02  1.89472223e+01  4.34781531e+02 
 8.29375729e-07  4.34374809e+02  1.89334275e+01  4.35184484e+02 
 8.39375729e-07  4.34777501e+02  1.89196103e+01  4.35587143e+02 
 8.49375729e-07  4.35179899e+02  1.89057708e+01  4.35989508e+02 
 8.59375729e-07  4.35582002e+02  1.88919089e+01  4.36391578e+02 
 8.69375729e-07  4.35983809e+02  1.88780246e+01  4.36793352e+02 
 8.79375729e-07  4.36385321e+02  1.88641181e+01  4.37194831e+02 
 8.89375729e-07  4.36786537e+02  1.88501892e+01  4.37596014e+02 
 8.99375729e-07  4.37187456e+02  1.88362381e+01  4.37996901e+02 
 9.09375729e-07  4.37588079e+02  1.88222647e+01  4.38397490e+02 
 9.19375729e-07  4.37988403e+02  1.88082691e+01  4.38797781e+02 
 9.29375729e-07  4.38388430e+02  1.87942512e+01  4.39197774e+02 
 9.39375729e-07  4.38788158e+02  1.87802112e+01  4.39597469e+02 
 9.49375729e-07  4.39187588e+02  1.87661489e+01  4.39996865e+02 
 9.59375729e-07  4.39586717e+02  1.87520644e+01  4.40395961e+02 
 9.69375729e-07  4.39985547e+02  1.87379578e+01  4.40794758e+02 
 9.79375729e-07  4.40384077e+02  1.87238291e+01  4.41193254e+02 
 9.89375729e-07  4.40782306e+02  1.87096782e+01  4.41591449e+02 
 9.99375729e-07  4.41180233e+02  1.86955052e+01  4.41989342e+02 
 1.00937573e-06  4.41577858e+02  1.86813101e+01  4.42386934e+02 
 1.01937573e-06  4.41975182e+02  1.86670929e+01  4.42784223e+02 
 1.02937573e-06  4.42372202e+02  1.86528536e+01  4.43181210e+02 
 1.03937573e-06  4.42768920e+02  1.86385923e+01  4.43577893e+02 
 1.04937573e-06  4.43165333e+02  1.86243090e+01  4.43974273e+02 
 1.05937573e-06  4.43561443e+02  1.86100037e+01  4.44370348e+02 
 1.06937573e-06  4.43957248e+02  1.85956763e+01  4.44766119e+02 
 1.07937573e-06  4.44352748e+02  1.85813270e+01  4.45161585e+02 
 1.08937573e-06  4.44747942e+02  1.85669558e+01  4.45556745e+02 
 1.09937573e-06  4.45142831e+02  1.85525625e+01  4.45951599e+02 
 1.10937573e-06  4.45537413e+02  1.85381474e+01  4.46346146e+02 
 1.11937573e-06  4.45931688e+02  1.85237103e+01  4.46740386e+02 
 1.12937573e-06  4.46325655e+02  1.85092514e+01  4.47134319e+02 
 1.13937573e-06  4.46719315e+02  1.84947706e+01  4.47527944e+02 
 1.14937573e-06  4.47112666e+02  1.84802679e+01  4.47921261e+02 
 1.15937573e-06  4.47505709e+02  1.84657434e+01  4.48314269e+02 
 1.16937573e-06  4.47898442e+02  1.84511970e+01  4.48706967e+02 
 1.17937573e-06  4.48290866e+02  1.84366288e+01  4.49099355e+02 
 1.18937573e-06  4.48682979e+02  1.84220389e+01  4.49491434e+02 
 1.19937573e-06  4.49074782e+02  1.84074272e+01  4.49883201e+02 
 1.20937573e-06  4.49466273e+02  1.83927937e+01  4.50274658e+02 
 1.21937573e-06  4.49857453e+02  1.83781385e+01  4.50665802e+02 
 1.22937573e-06  4.50248321e+02  1.83634615e+01  4.51056635e+02 
 1.23937573e-06  4.50638877e+02  1.83487629e+01  4.51447155e+02 
 1.24937573e-06  4.51029119e+02  1.83340425e+01  4.51837362e+02 
 1.25937573e-06  4.51419048e+02  1.83193005e+01  4.52227256e+02 
 1.26937573e-06  4.51808663e+02  1.83045369e+01  4.52616835e+02 
 1.27937573e-06  4.52197964e+02  1.82897516e+01  4.53006100e+02 
 1.28937573e-06  4.52586950e+02  1.82749447e+01  4.53395051e+02 
 1.29937573e-06  4.52975621e+02  1.82601162e+01  4.53783686e+02 
 1.30937573e-06  4.53363976e+02  1.82452661e+01  4.54172005e+02 
 1.31937573e-06  4.53752015e+02  1.82303944e+01  4.54560008e+02 
 1.32937573e-06  4.54139737e+02  1.82155012e+01  4.54947694e+02 
 1.33937573e-06  4.54527142e+02  1.82005865e+01  4.55335063e+02 
 1.34937573e-06  4.54914230e+02  1.81856503e+01  4.55722114e+02 
 1.35937573e-06  4.55300999e+02  1.81706925e+01  4.56108847e+02 
 1.36937573e-06  4.55687450e+02  1.81557133e+01  4.56495262e+02 
 1.37937573e-06  4.56073582e+02  1.81407127e+01  4.56881358e+02 
 1.38937573e-06  4.56459395e+02  1.81256906e+01  4.57267134e+02 
 1.39937573e-06  4.56844888e+02  1.81106470e+01  4.57652590e+02 
 1.40937573e-06  4.57230060e+02  1.80955821e+01  4.58037726e+02 
 1.41937573e-06  4.57614912e+02  1.80804958e+01  4.58422541e+02 
 1.42937573e-06  4.57999443e+02  1.80653881e+01  4.58807035e+02 
 1.43937573e-06  4.58383652e+02  1.80502590e+01  4.59191207e+02 
 1.44937573e-06  4.58767538e+02  1.80351086e+01  4.59575057e+02 
 1.45937573e-06  4.59151103e+02  1.80199369e+01  4.59958584e+02 
 1.46937573e-06  4.59534344e+02  1.80047439e+01  4.60341789e+02 
 1.47937573e-06  4.59917261e+02  1.79895297e+01  4.60724669e+02 
 1.48937573e-06  4.60299855e+02  1.79742941e+01  4.61107226e+02 
 1.49937573e-06  4.60682125e+02  1.79590373e+01  4.61489458e+02 
 1.50937573e-06  4.61064069e+02  1.79437593e+01  4.61871365e+02 
 1.51937573e-06  4.61445688e+02  1.79284601e+01  4.62252947e+02 
 1.52937573e-06  4.61826982e+02  1.79131397e+01  4.62634203e+02 
 1.53937573e-06  4.62207949e+02  1.78977981e+01  4.63015133e+02 
 1.54937573e-06  4.62588590e+02  1.78824354e+01  4.63395736e+02 
 1.55937573e-06  4.62968903e+02  1.78670515e+01  4.63776012e+02 
 1.56937573e-06  4.63348889e+02  1.78516466e+01  4.64155960e+02 
 1.57937573e-06  4.63728547e+02  1.78362205e+01  4.64535581e+02 
 1.58937573e-06  4.64107877e+02  1.78207733e+01  4.64914872e+02 
 1.59937573e-06  4.64486878e+02  1.78053051e+01  4.65293835e+02 
 1.60937573e-06  4.64865549e+02  1.77898158e+01  4.65672468e+02 
 1.61937573e-06  4.65243891e+02  1.77743055e+01  4.66050772e+02 
 1.62937573e-06  4.65621902e+02  1.77587742e+01  4.66428745e+02 
 1.63937573e-06  4.65999583e+02  1.77432219e+01  4.66806388e+02 
 1.64937573e-06  4.66376932e+02  1.77276486e+01  4.67183699e+02 
 1.65937573e-06  4.66753950e+02  1.77120544e+01  4.67560679e+02 
 1.66937573e-06  4.67130636e+02  1.76964393e+01  4.67937326e+02 
 1.67937573e-06  4.67506990e+02  1.76808032e+01  4.68313641e+02 
 1.68937573e-06  4.67883011e+02  1.76651462e+01  4.68689623e+02 
 1.69937573e-06  4.68258698e+02  1.76494684e+01  4.69065272e+02 
 1.70937573e-06  4.68634051e+02  1.76337697e+01  4.69440587e+02 
 1.71937573e-06  4.69009071e+02  1.76180502e+01  4.69815567e+02 
 1.72937573e-06  4.69383755e+02  1.76023098e+01  4.70190213e+02 
 1.73937573e-06  4.69758105e+02  1.75865486e+01  4.70564523e+02 
 1.74937573e-06  4.70132118e+02  1.75707667e+01  4.70938498e+02 
 1.75937573e-06  4.70505796e+02  1.75549639e+01  4.71312137e+02 
 1.76937573e-06  4.70879138e+02  1.75391405e+01  4.71685439e+02 
 1.77937573e-06  4.71252142e+02  1.75232963e+01  4.72058405e+02 
 1.78937573e-06  4.71624810e+02  1.75074313e+01  4.72431033e+02 
 1.79937573e-06  4.71997139e+02  1.74915457e+01  4.72803323e+02 
 1.80937573e-06  4.72369130e+02  1.74756395e+01  4.73175274e+02 
 1.81937573e-06  4.72740783e+02  1.74597125e+01  4.73546888e+02 
 1.82937573e-06  4.73112096e+02  1.74437650e+01  4.73918161e+02 
 1.83937573e-06  4.73483070e+02  1.74277968e+01  4.74289096e+02 
 1.84937573e-06  4.73853704e+02  1.74118080e+01  4.74659690e+02 
 1.85937573e-06  4.74223998e+02  1.73957986e+01  4.75029944e+02 
 1.86937573e-06  4.74593950e+02  1.73797687e+01  4.75399857e+02 
 1.87937573e-06  4.74963562e+02  1.73637182e+01  4.75769428e+02 
 1.88937573e-06  4.75332832e+02  1.73476472e+01  4.76138658e+02 
 1.89937573e-06  4.75701759e+02  1.73315558e+01  4.76507545e+02 
 1.90937573e-06  4.76070344e+02  1.73154438e+01  4.76876090e+02 
 1.91937573e-06  4.76438586e+02  1.72993113e+01  4.77244292e+02 
 1.92937573e-06  4.76806485e+02  1.72831585e+01  4.77612150e+02 
 1.93937573e-06  4.77174039e+02  1.72669851e+01  4.77979664e+02 
 1.94937573e-06  4.77541250e+02  1.72507914e+01  4.78346834e+02 
 1.95937573e-06  4.77908115e+02  1.72345773e+01  4.78713659e+02 
 1.96937573e-06  4.78274635e+02  1.72183428e+01  4.79080139e+02 
 1.97937573e-06  4.78640810e+02  1.72020880e+01  4.79446273e+02 
 1.98937573e-06  4.79006639e+02  1.71858128e+01  4.79812061e+02 
 1.99937573e-06  4.79372121e+02  1.71695174e+01  4.80177502e+02 
 2.00937573e-06  4.79737256e+02  1.71532016e+01  4.80542596e+02 
 2.01937573e-06  4.80102044e+02  1.71368656e+01  4.80907343e+02 
 2.02937573e-06  4.80466484e+02  1.71205093e+01  4.81271742e+02 
 2.03937573e-06  4.80830576e+02  1.71041328e+01  4.81635793e+02 
 2.04937573e-06  4.81194319e+02  1.70877360e+01  4.81999495e+02 
 2.05937573e-06  4.81557713e+02  1.70713191e+01  4.82362848e+02 
 2.06937573e-06  4.81920758e+02  1.70548820e+01  4.82725851e+02 
 2.07937573e-06  4.82283452e+02  1.70384247e+01  4.83088504e+02 
 2.08937573e-06  4.82645797e+02  1.70219473e+01  4.83450807e+02 
 2.09937573e-06  4.83007790e+02  1.70054497e+01  4.83812759e+02 
 2.10937573e-06  4.83369432e+02  1.69889321e+01  4.84174359e+02 
 2.11937573e-06  4.83730723e+02  1.69723944e+01  4.84535608e+02 
 2.12937573e-06  4.84091661e+02  1.69558366e+01  4.84896505e+02 
 2.13937573e-06  4.84452247e+02  1.69392588e+01  4.85257049e+02 
 2.14937573e-06  4.84812481e+02  1.69226610e+01  4.85617240e+02 
 2.15937573e-06  4.85172360e+02  1.69060432e+01  4.85977078e+02 
 2.16937573e-06  4.85531886e+02  1.68894054e+01  4.86336562e+02 
 2.17937573e-06  4.85891058e+02  1.68727476e+01  4.86695691e+02 
 2.18937573e-06  4.86249875e+02  1.68560699e+01  4.87054466e+02 
 2.19937573e-06  4.86608337e+02  1.68393723e+01  4.87412886e+02 
 2.20937573e-06  4.86966444e+02  1.68226547e+01  4.87770950e+02 
 2.21937573e-06  4.87324194e+02  1.68059173e+01  4.88128658e+02 
 2.22937573e-06  4.87681589e+02  1.67891600e+01  4.88486010e+02 
 2.23937573e-06  4.88038626e+02  1.67723829e+01  4.88843005e+02 
 2.24937573e-06  4.88395307e+02  1.67555860e+01  4.89199643e+02 
 2.25937573e-06  4.88751629e+02  1.67387692e+01  4.89555923e+02 
 2.26937573e-06  4.89107594e+02  1.67219327e+01  4.89911845e+02 
 2.27937573e-06  4.89463201e+02  1.67050764e+01  4.90267408e+02 
 2.28937573e-06  4.89818448e+02  1.66882003e+01  4.90622612e+02 
 2.29937573e-06  4.90173336e+02  1.66713046e+01  4.90977458e+02 
 2.30937573e-06  4.90527865e+02  1.66543891e+01  4.91331943e+02 
 2.31937573e-06  4.90882033e+02  1.66374540e+01  4.91686068e+02 
 2.32937573e-06  4.91235841e+02  1.66204991e+01  4.92039833e+02 
 2.33937573e-06  4.91589288e+02  1.66035247e+01  4.92393236e+02 
 2.34937573e-06  4.91942374e+02  1.65865306e+01  4.92746278e+02 
 2.35937573e-06  4.92295098e+02  1.65695169e+01  4.93098959e+02 
 2.36937573e-06  4.92647459e+02  1.65524836e+01  4.93451277e+02 
 2.37937573e-06  4.92999458e+02  1.65354308e+01  4.93803232e+02 
 2.38937573e-06  4.93351094e+02  1.65183584e+01  4.94154824e+02 
 2.39937573e-06  4.93702367e+02  1.65012665e+01  4.94506053e+02 
 2.40937573e-06  4.94053275e+02  1.64841551e+01  4.94856917e+02 
 2.41937573e-06  4.94403820e+02  1.64670243e+01  4.95207418e+02 
 2.42937573e-06  4.94753999e+02  1.64498739e+01  4.95557553e+02 
 2.43937573e-06  4.95103814e+02  1.64327041e+01  4.95907324e+02 
 2.44937573e-06  4.95453263e+02  1.64155149e+01  4.96256728e+02 
 2.45937573e-06  4.95802346e+02  1.63983063e+01  4.96605767e+02 
 2.46937573e-06  4.96151063e+02  1.63810783e+01  4.96954440e+02 
 2.47937573e-06  4.96499413e+02  1.63638310e+01  4.97302745e+02 
 2.48937573e-06  4.96847396e+02  1.63465643e+01  4.97650683e+02 
 2.49937573e-06  4.97195011e+02  1.63292783e+01  4.97998254e+02 
 2.50937573e-06  4.97542258e+02  1.63119730e+01  4.98345456e+02 
 2.51937573e-06  4.97889137e+02  1.62946484e+01  4.98692290e+02 
 2.52937573e-06  4.98235647e+02  1.62773045e+01  4.99038756e+02 
 2.53937573e-06  4.98581788e+02  1.62599414e+01  4.99384851e+02 
 2.54937573e-06  4.98927559e+02  1.62425591e+01  4.99730578e+02 
 2.55937573e-06  4.99272960e+02  1.62251576e+01  5.00075934e+02 
 2.56937573e-06  4.99617991e+02  1.62077370e+01  5.00420919e+02 
 2.57937573e-06  4.99962651e+02  1.61902971e+01  5.00765534e+02 
 2.58937573e-06  5.00306939e+02  1.61728382e+01  5.01109777e+02 
 2.59937573e-06  5.00650856e+02  1.61553601e+01  5.01453648e+02 
 2.60937573e-06  5.00994401e+02  1.61378629e+01  5.01797148e+02 
 2.61937573e-06  5.01337573e+02  1.61203467e+01  5.02140274e+02 
 2.62937573e-06  5.01680373e+02  1.61028114e+01  5.02483028e+02 
 2.63937573e-06  5.02022799e+02  1.60852570e+01  5.02825408e+02 
 2.64937573e-06  5.02364851e+02  1.60676837e+01  5.03167415e+02 
 2.65937573e-06  5.02706530e+02  1.60500914e+01  5.03509048e+02 
 2.66937573e-06  5.03047834e+02  1.60324801e+01  5.03850305e+02 
 2.67937573e-06  5.03388763e+02  1.60148498e+01  5.04191188e+02 
 2.68937573e-06  5.03729316e+02  1.59972007e+01  5.04531696e+02 
 2.69937573e-06  5.04069494e+02  1.59795326e+01  5.04871827e+02 
 2.70937573e-06  5.04409296e+02  1.59618456e+01  5.05211583e+02 
 2.71937573e-06  5.04748721e+02  1.59441398e+01  5.05550962e+02 
 2.72937573e-06  5.05087769e+02  1.59264151e+01  5.05889964e+02 
 2.73937573e-06  5.05426441e+02  1.59086716e+01  5.06228588e+02 
 2.74937573e-06  5.05764734e+02  1.58909093e+01  5.06566835e+02 
 2.75937573e-06  5.06102649e+02  1.58731282e+01  5.06904703e+02 
 2.76937573e-06  5.06440186e+02  1.58553284e+01  5.07242193e+02 
 2.77937573e-06  5.06777343e+02  1.58375098e+01  5.07579304e+02 
 2.78937573e-06  5.07114122e+02  1.58196725e+01  5.07916035e+02 
 2.79937573e-06  5.07450521e+02  1.58018165e+01  5.08252387e+02 
 2.80937573e-06  5.07786539e+02  1.57839418e+01  5.08588358e+02 
 2.81937573e-06  5.08122177e+02  1.57660485e+01  5.08923949e+02 
 2.82937573e-06  5.08457435e+02  1.57481365e+01  5.09259159e+02 
 2.83937573e-06  5.08792310e+02  1.57302060e+01  5.09593988e+02 
 2.84937573e-06  5.09126805e+02  1.57122568e+01  5.09928434e+02 
 2.85937573e-06  5.09460917e+02  1.56942891e+01  5.10262499e+02 
 2.86937573e-06  5.09794646e+02  1.56763028e+01  5.10596181e+02 
 2.87937573e-06  5.10127993e+02  1.56582980e+01  5.10929480e+02 
 2.88937573e-06  5.10460956e+02  1.56402747e+01  5.11262395e+02 
 2.89937573e-06  5.10793536e+02  1.56222329e+01  5.11594927e+02 
 2.90937573e-06  5.11125732e+02  1.56041726e+01  5.11927075e+02 
 2.91937573e-06  5.11457543e+02  1.55860939e+01  5.12258838e+02 
 2.92937573e-06  5.11788970e+02  1.55679968e+01  5.12590216e+02 
 2.93937573e-06  5.12120011e+02  1.55498813e+01  5.12921209e+02 
 2.94937573e-06  5.12450666e+02  1.55317473e+01  5.13251817e+02 
 2.95937573e-06  5.12780936e+02  1.55135951e+01  5.13582038e+02 
 2.96937573e-06  5.13110819e+02  1.54954245e+01  5.13911872e+02 
 2.97937573e-06  5.13440315e+02  1.54772356e+01  5.14241320e+02 
 2.98937573e-06  5.13769424e+02  1.54590284e+01  5.14570380e+02 
 2.99937573e-06  5.14098146e+02  1.54408029e+01  5.14899053e+02 
 3.00937573e-06  5.14426479e+02  1.54225592e+01  5.15227338e+02 
 3.01937573e-06  5.14754424e+02  1.54042973e+01  5.15555234e+02 
 3.02937573e-06  5.15081981e+02  1.53860171e+01  5.15882742e+02 
 3.03937573e-06  5.15409148e+02  1.53677188e+01  5.16209860e+02 
 3.04937573e-06  5.15735926e+02  1.53494023e+01  5.16536589e+02 
 3.05937573e-06  5.16062314e+02  1.53310676e+01  5.16862927e+02 
 3.06937573e-06  5.16388311e+02  1.53127149e+01  5.17188875e+02 
 3.07937573e-06  5.16713918e+02  1.52943440e+01  5.17514433e+02 
 3.08937573e-06  5.17039134e+02  1.52759551e+01  5.17839599e+02 
 3.09937573e-06  5.17363959e+02  1.52575481e+01  5.18164374e+02 
 3.10937573e-06  5.17688391e+02  1.52391231e+01  5.18488757e+02 
 3.11937573e-06  5.18012432e+02  1.52206801e+01  5.18812748e+02 
 3.12937573e-06  5.18336079e+02  1.52022191e+01  5.19136345e+02 
 3.13937573e-06  5.18659334e+02  1.51837401e+01  5.19459550e+02 
 3.14937573e-06  5.18982196e+02  1.51652432e+01  5.19782362e+02 
 3.15937573e-06  5.19304663e+02  1.51467283e+01  5.20104779e+02 
 3.16937573e-06  5.19626737e+02  1.51281956e+01  5.20426803e+02 
 3.17937573e-06  5.19948416e+02  1.51096449e+01  5.20748431e+02 
 3.18937573e-06  5.20269700e+02  1.50910764e+01  5.21069665e+02 
 3.19937573e-06  5.20590589e+02  1.50724901e+01  5.21390504e+02 
 3.20937573e-06  5.20911082e+02  1.50538860e+01  5.21710946e+02 
 3.21937573e-06  5.21231179e+02  1.50352641e+01  5.22030993e+02 
 3.22937573e-06  5.21550880e+02  1.50166244e+01  5.22350643e+02 
 3.23937573e-06  5.21870184e+02  1.49979669e+01  5.22669896e+02 
 3.24937573e-06  5.22189091e+02  1.49792918e+01  5.22988752e+02 
 3.25937573e-06  5.22507601e+02  1.49605989e+01  5.23307211e+02 
 3.26937573e-06  5.22825712e+02  1.49418883e+01  5.23625271e+02 
 3.27937573e-06  5.23143425e+02  1.49231601e+01  5.23942933e+02 
 3.28937573e-06  5.23460740e+02  1.49044143e+01  5.24260196e+02 
 3.29937573e-06  5.23777655e+02  1.48856508e+01  5.24577061e+02 
 3.30937573e-06  5.24094171e+02  1.48668698e+01  5.24893525e+02 
 3.31937573e-06  5.24410288e+02  1.48480711e+01  5.25209590e+02 
 3.32937573e-06  5.24726004e+02  1.48292550e+01  5.25525255e+02 
 3.33937573e-06  5.25041319e+02  1.48104213e+01  5.25840518e+02 
 3.34937573e-06  5.25356234e+02  1.47915700e+01  5.26155381e+02 
 3.35937573e-06  5.25670748e+02  1.47727014e+01  5.26469843e+02 
 3.36937573e-06  5.25984859e+02  1.47538152e+01  5.26783903e+02 
 3.37937573e-06  5.26298569e+02  1.47349116e+01  5.27097560e+02 
 3.38937573e-06  5.26611877e+02  1.47159906e+01  5.27410816e+02 
 3.39937573e-06  5.26924781e+02  1.46970523e+01  5.27723668e+02 
 3.40937573e-06  5.27237283e+02  1.46780965e+01  5.28036117e+02 
 3.41937573e-06  5.27549381e+02  1.46591234e+01  5.28348163e+02 
 3.42937573e-06  5.27861075e+02  1.46401330e+01  5.28659804e+02 
 3.43937573e-06  5.28172365e+02  1.46211252e+01  5.28971042e+02 
 3.44937573e-06  5.28483250e+02  1.46021002e+01  5.29281874e+02 
 3.45937573e-06  5.28793730e+02  1.45830580e+01  5.29592302e+02 
 3.46937573e-06  5.29103805e+02  1.45639985e+01  5.29902324e+02 
 3.47937573e-06  5.29413475e+02  1.45449218e+01  5.30211940e+02 
 3.48937573e-06  5.29722738e+02  1.45258279e+01  5.30521150e+02 
 3.49937573e-06  5.30031594e+02  1.45067168e+01  5.30829954e+02 
 3.50937573e-06  5.30340044e+02  1.44875886e+01  5.31138351e+02 
 3.51937573e-06  5.30648087e+02  1.44684432e+01  5.31446340e+02 
 3.52937573e-06  5.30955723e+02  1.44492808e+01  5.31753922e+02 
 3.53937573e-06  5.31262950e+02  1.44301013e+01  5.32061096e+02 
 3.54937573e-06  5.31569769e+02  1.44109047e+01  5.32367861e+02 
 3.55937573e-06  5.31876180e+02  1.43916911e+01  5.32674218e+02 
 3.56937573e-06  5.32182181e+02  1.43724605e+01  5.32980166e+02 
 3.57937573e-06  5.32487773e+02  1.43532129e+01  5.33285704e+02 
 3.58937573e-06  5.32792956e+02  1.43339484e+01  5.33590832e+02 
 3.59937573e-06  5.33097728e+02  1.43146669e+01  5.33895551e+02 
 3.60937573e-06  5.33402090e+02  1.42953685e+01  5.34199859e+02 
 3.61937573e-06  5.33706041e+02  1.42760532e+01  5.34503755e+02 
 3.62937573e-06  5.34009581e+02  1.42567210e+01  5.34807241e+02 
 3.63937573e-06  5.34312710e+02  1.42373720e+01  5.35110315e+02 
 3.64937573e-06  5.34615427e+02  1.42180061e+01  5.35412977e+02 
 3.65937573e-06  5.34917731e+02  1.41986234e+01  5.35715227e+02 
 3.66937573e-06  5.35219623e+02  1.41792240e+01  5.36017064e+02 
 3.67937573e-06  5.35521102e+02  1.41598078e+01  5.36318488e+02 
 3.68937573e-06  5.35822168e+02  1.41403749e+01  5.36619499e+02 
 3.69937573e-06  5.36122820e+02  1.41209252e+01  5.36920096e+02 
 3.70937573e-06  5.36423058e+02  1.41014589e+01  5.37220279e+02 
 3.71937573e-06  5.36722881e+02  1.40819759e+01  5.37520047e+02 
 3.72937573e-06  5.37022290e+02  1.40624763e+01  5.37819401e+02 
 3.73937573e-06  5.37321284e+02  1.40429600e+01  5.38118340e+02 
 3.74937573e-06  5.37619863e+02  1.40234272e+01  5.38416863e+02 
 3.75937573e-06  5.37918026e+02  1.40038778e+01  5.38714970e+02 
 3.76937573e-06  5.38215772e+02  1.39843118e+01  5.39012661e+02 
 3.77937573e-06  5.38513102e+02  1.39647293e+01  5.39309935e+02 
 3.78937573e-06  5.38810016e+02  1.39451303e+01  5.39606792e+02 
 3.79937573e-06  5.39106512e+02  1.39255148e+01  5.39903232e+02 
 3.80937573e-06  5.39402590e+02  1.39058829e+01  5.40199255e+02 
 3.81937573e-06  5.39698251e+02  1.38862345e+01  5.40494859e+02 
 3.82937573e-06  5.39993494e+02  1.38665697e+01  5.40790046e+02 
 3.83937573e-06  5.40288318e+02  1.38468885e+01  5.41084813e+02 
 3.84937573e-06  5.40582723e+02  1.38271910e+01  5.41379162e+02 
 3.85937573e-06  5.40876708e+02  1.38074771e+01  5.41673091e+02 
 3.86937573e-06  5.41170274e+02  1.37877469e+01  5.41966600e+02 
 3.87937573e-06  5.41463421e+02  1.37680004e+01  5.42259689e+02 
 3.88937573e-06  5.41756146e+02  1.37482377e+01  5.42552358e+02 
 3.89937573e-06  5.42048452e+02  1.37284586e+01  5.42844607e+02 
 3.90937573e-06  5.42340336e+02  1.37086634e+01  5.43136434e+02 
 3.91937573e-06  5.42631799e+02  1.36888520e+01  5.43427839e+02 
 3.92937573e-06  5.42922840e+02  1.36690244e+01  5.43718823e+02 
 3.93937573e-06  5.43213459e+02  1.36491806e+01  5.44009385e+02 
 3.94937573e-06  5.43503656e+02  1.36293207e+01  5.44299524e+02 
 3.95937573e-06  5.43793430e+02  1.36094447e+01  5.44589240e+02 
 3.96937573e-06  5.44082781e+02  1.35895526e+01  5.44878534e+02 
 3.97937573e-06  5.44371708e+02  1.35696445e+01  5.45167403e+02 
 3.98937573e-06  5.44660212e+02  1.35497203e+01  5.45455849e+02 
 3.99937573e-06  5.44948292e+02  1.35297801e+01  5.45743871e+02 
 4.00937573e-06  5.45235947e+02  1.35098239e+01  5.46031468e+02 
 4.01937573e-06  5.45523177e+02  1.34898517e+01  5.46318640e+02 
 4.02937573e-06  5.45809983e+02  1.34698636e+01  5.46605387e+02 
 4.03937573e-06  5.46096363e+02  1.34498596e+01  5.46891709e+02 
 4.04937573e-06  5.46382317e+02  1.34298397e+01  5.47177604e+02 
 4.05937573e-06  5.46667845e+02  1.34098039e+01  5.47463074e+02 
 4.06937573e-06  5.46952947e+02  1.33897523e+01  5.47748117e+02 
 4.07937573e-06  5.47237621e+02  1.33696849e+01  5.48032733e+02 
 4.08937573e-06  5.47521869e+02  1.33496016e+01  5.48316921e+02 
 4.09937573e-06  5.47805689e+02  1.33295026e+01  5.48600682e+02 
 4.10937573e-06  5.48089082e+02  1.33093878e+01  5.48884016e+02 
 4.11937573e-06  5.48372046e+02  1.32892573e+01  5.49166920e+02 
 4.12937573e-06  5.48654582e+02  1.32691111e+01  5.49449397e+02 
 4.13937573e-06  5.48936688e+02  1.32489492e+01  5.49731444e+02 
 4.14937573e-06  5.49218366e+02  1.32287716e+01  5.50013063e+02 
 4.15937573e-06  5.49499615e+02  1.32085784e+01  5.50294251e+02 
 4.16937573e-06  5.49780433e+02  1.31883696e+01  5.50575010e+02 
 4.17937573e-06  5.50060821e+02  1.31681453e+01  5.50855338e+02 
 4.18937573e-06  5.50340779e+02  1.31479053e+01  5.51135236e+02 
 4.19937573e-06  5.50620306e+02  1.31276498e+01  5.51414703e+02 
 4.20937573e-06  5.50899402e+02  1.31073788e+01  5.51693739e+02 
 4.21937573e-06  5.51178067e+02  1.30870923e+01  5.51972343e+02 
 4.22937573e-06  5.51456300e+02  1.30667904e+01  5.52250515e+02 
 4.23937573e-06  5.51734100e+02  1.30464730e+01  5.52528255e+02 
 4.24937573e-06  5.52011468e+02  1.30261402e+01  5.52805563e+02 
 4.25937573e-06  5.52288404e+02  1.30057920e+01  5.53082437e+02 
 4.26937573e-06  5.52564906e+02  1.29854284e+01  5.53358879e+02 
 4.27937573e-06  5.52840975e+02  1.29650495e+01  5.53634887e+02 
 4.28937573e-06  5.53116610e+02  1.29446552e+01  5.53910460e+02 
 4.29937573e-06  5.53391811e+02  1.29242457e+01  5.54185600e+02 
 4.30937573e-06  5.53666577e+02  1.29038209e+01  5.54460306e+02 
 4.31937573e-06  5.53940909e+02  1.28833808e+01  5.54734576e+02 
 4.32937573e-06  5.54214806e+02  1.28629255e+01  5.55008411e+02 
 4.33937573e-06  5.54488268e+02  1.28424550e+01  5.55281811e+02 
 4.34937573e-06  5.54761293e+02  1.28219694e+01  5.55554775e+02 
 4.35937573e-06  5.55033883e+02  1.28014686e+01  5.55827303e+02 
 4.36937573e-06  5.55306036e+02  1.27809526e+01  5.56099394e+02 
 4.37937573e-06  5.55577753e+02  1.27604216e+01  5.56371049e+02 
 4.38937573e-06  5.55849033e+02  1.27398754e+01  5.56642266e+02 
 4.39937573e-06  5.56119875e+02  1.27193142e+01  5.56913046e+02 
 4.40937573e-06  5.56390280e+02  1.26987380e+01  5.57183388e+02 
 4.41937573e-06  5.56660247e+02  1.26781468e+01  5.57453293e+02 
 4.42937573e-06  5.56929775e+02  1.26575406e+01  5.57722758e+02 
 4.43937573e-06  5.57198865e+02  1.26369194e+01  5.57991785e+02 
 4.44937573e-06  5.57467516e+02  1.26162833e+01  5.58260374e+02 
 4.45937573e-06  5.57735728e+02  1.25956323e+01  5.58528522e+02 
 4.46937573e-06  5.58003500e+02  1.25749664e+01  5.58796231e+02 
 4.47937573e-06  5.58270832e+02  1.25542857e+01  5.59063501e+02 
 4.48937573e-06  5.58537725e+02  1.25335901e+01  5.59330329e+02 
 4.49937573e-06  5.58804176e+02  1.25128797e+01  5.59596718e+02 
 4.50937573e-06  5.59070187e+02  1.24921545e+01  5.59862665e+02 
 4.51937573e-06  5.59335757e+02  1.24714145e+01  5.60128171e+02 
 4.52937573e-06  5.59600885e+02  1.24506599e+01  5.60393236e+02 
 4.53937573e-06  5.59865572e+02  1.24298905e+01  5.60657858e+02 
 4.54937573e-06  5.60129817e+02  1.24091064e+01  5.60922039e+02 
 4.55937573e-06  5.60393619e+02  1.23883076e+01  5.61185777e+02 
 4.56937573e-06  5.60656978e+02  1.23674942e+01  5.61449072e+02 
 4.57937573e-06  5.60919895e+02  1.23466662e+01  5.61711924e+02 
 4.58937573e-06  5.61182368e+02  1.23258236e+01  5.61974333e+02 
 4.59937573e-06  5.61444398e+02  1.23049664e+01  5.62236298e+02 
 4.60937573e-06  5.61705983e+02  1.22840947e+01  5.62497819e+02 
 4.61937573e-06  5.61967125e+02  1.22632085e+01  5.62758895e+02 
 4.62937573e-06  5.62227822e+02  1.22423078e+01  5.63019527e+02 
 4.63937573e-06  5.62488074e+02  1.22213926e+01  5.63279714e+02 
 4.64937573e-06  5.62747881e+02  1.22004630e+01  5.63539456e+02 
 4.65937573e-06  5.63007242e+02  1.21795189e+01  5.63798752e+02 
 4.66937573e-06  5.63266158e+02  1.21585605e+01  5.64057602e+02 
 4.67937573e-06  5.63524627e+02  1.21375877e+01  5.64316006e+02 
 4.68937573e-06  5.63782651e+02  1.21166005e+01  5.64573963e+02 
 4.69937573e-06  5.64040227e+02  1.20955991e+01  5.64831474e+02 
 4.70937573e-06  5.64297357e+02  1.20745833e+01  5.65088537e+02 
 4.71937573e-06  5.64554039e+02  1.20535533e+01  5.65345154e+02 
 4.72937573e-06  5.64810273e+02  1.20325090e+01  5.65601322e+02 
 4.73937573e-06  5.65066060e+02  1.20114505e+01  5.65857042e+02 
 4.74937573e-06  5.65321399e+02  1.19903778e+01  5.66112314e+02 
 4.75937573e-06  5.65576289e+02  1.19692910e+01  5.66367138e+02 
 4.76937573e-06  5.65830730e+02  1.19481900e+01  5.66621512e+02 
 4.77937573e-06  5.66084722e+02  1.19270748e+01  5.66875437e+02 
 4.78937573e-06  5.66338265e+02  1.19059456e+01  5.67128913e+02 
 4.79937573e-06  5.66591358e+02  1.18848023e+01  5.67381939e+02 
 4.80937573e-06  5.66844001e+02  1.18636450e+01  5.67634515e+02 
 4.81937573e-06  5.67096193e+02  1.18424737e+01  5.67886640e+02 
 4.82937573e-06  5.67347935e+02  1.18212883e+01  5.68138315e+02 
 4.83937573e-06  5.67599227e+02  1.18000890e+01  5.68389538e+02 
 4.84937573e-06  5.67850067e+02  1.17788758e+01  5.68640310e+02 
 4.85937573e-06  5.68100455e+02  1.17576486e+01  5.68890631e+02 
 4.86937573e-06  5.68350392e+02  1.17364075e+01  5.69140500e+02 
 4.87937573e-06  5.68599876e+02  1.17151526e+01  5.69389916e+02 
 4.88937573e-06  5.68848909e+02  1.16938838e+01  5.69638880e+02 
 4.89937573e-06  5.69097488e+02  1.16726012e+01  5.69887391e+02 
 4.90937573e-06  5.69345615e+02  1.16513048e+01  5.70135449e+02 
 4.91937573e-06  5.69593288e+02  1.16299946e+01  5.70383054e+02 
 4.92937573e-06  5.69840508e+02  1.16086707e+01  5.70630205e+02 
 4.93937573e-06  5.70087274e+02  1.15873331e+01  5.70876902e+02 
 4.94937573e-06  5.70333586e+02  1.15659818e+01  5.71123145e+02 
 4.95937573e-06  5.70579443e+02  1.15446168e+01  5.71368933e+02 
 4.96937573e-06  5.70824846e+02  1.15232382e+01  5.71614266e+02 
 4.97937573e-06  5.71069793e+02  1.15018459e+01  5.71859144e+02 
 4.98937573e-06  5.71314286e+02  1.14804401e+01  5.72103567e+02 
 4.99937573e-06  5.71558322e+02  1.14590207e+01  5.72347534e+02 
 5.00937573e-06  5.71801903e+02  1.14375877e+01  5.72591045e+02 
 5.01937573e-06  5.72045028e+02  1.14161413e+01  5.72834100e+02 
 5.02937573e-06  5.72287696e+02  1.13946813e+01  5.73076698e+02 
 5.03937573e-06  5.72529908e+02  1.13732079e+01  5.73318839e+02 
 5.04937573e-06  5.72771662e+02  1.13517211e+01  5.73560523e+02 
 5.05937573e-06  5.73012959e+02  1.13302208e+01  5.73801750e+02 
 5.06937573e-06  5.73253799e+02  1.13087071e+01  5.74042519e+02 
 5.07937573e-06  5.73494181e+02  1.12871801e+01  5.74282830e+02 
 5.08937573e-06  5.73734104e+02  1.12656397e+01  5.74522682e+02 
 5.09937573e-06  5.73973569e+02  1.12440861e+01  5.74762076e+02 
 5.10937573e-06  5.74212576e+02  1.12225191e+01  5.75001012e+02 
 5.11937573e-06  5.74451123e+02  1.12009389e+01  5.75239488e+02 
 5.12937573e-06  5.74689211e+02  1.11793454e+01  5.75477504e+02 
 5.13937573e-06  5.74926839e+02  1.11577388e+01  5.75715061e+02 
 5.14937573e-06  5.75164008e+02  1.11361189e+01  5.75952158e+02 
 5.15937573e-06  5.75400717e+02  1.11144859e+01  5.76188794e+02 
 5.16937573e-06  5.75636965e+02  1.10928398e+01  5.76424970e+02 
 5.17937573e-06  5.75872752e+02  1.10711805e+01  5.76660685e+02 
 5.18937573e-06  5.76108078e+02  1.10495082e+01  5.76895940e+02 
 5.19937573e-06  5.76342944e+02  1.10278228e+01  5.77130732e+02 
 5.20937573e-06  5.76577347e+02  1.10061244e+01  5.77365063e+02 
 5.21937573e-06  5.76811289e+02  1.09844130e+01  5.77598932e+02 
 5.22937573e-06  5.77044769e+02  1.09626885e+01  5.77832339e+02 
 5.23937573e-06  5.77277786e+02  1.09409512e+01  5.78065283e+02 
 5.24937573e-06  5.77510341e+02  1.09192009e+01  5.78297765e+02 
 5.25937573e-06  5.77742433e+02  1.08974377e+01  5.78529783e+02 
 5.26937573e-06  5.77974061e+02  1.08756616e+01  5.78761338e+02 
 5.27937573e-06  5.78205227e+02  1.08538727e+01  5.78992430e+02 
 5.28937573e-06  5.78435928e+02  1.08320710e+01  5.79223058e+02 
 5.29937573e-06  5.78666165e+02  1.08102564e+01  5.79453221e+02 
 5.30937573e-06  5.78895939e+02  1.07884291e+01  5.79682920e+02 
 5.31937573e-06  5.79125247e+02  1.07665890e+01  5.79912155e+02 
 5.32937573e-06  5.79354091e+02  1.07447362e+01  5.80140924e+02 
 5.33937573e-06  5.79582470e+02  1.07228708e+01  5.80369228e+02 
 5.34937573e-06  5.79810383e+02  1.07009926e+01  5.80597067e+02 
 5.35937573e-06  5.80037831e+02  1.06791018e+01  5.80824440e+02 
 5.36937573e-06  5.80264813e+02  1.06571984e+01  5.81051347e+02 
 5.37937573e-06  5.80491329e+02  1.06352824e+01  5.81277787e+02 
 5.38937573e-06  5.80717378e+02  1.06133538e+01  5.81503761e+02 
 5.39937573e-06  5.80942960e+02  1.05914127e+01  5.81729268e+02 
 5.40937573e-06  5.81168076e+02  1.05694590e+01  5.81954308e+02 
 5.41937573e-06  5.81392724e+02  1.05474929e+01  5.82178881e+02 
 5.42937573e-06  5.81616905e+02  1.05255143e+01  5.82402986e+02 
 5.43937573e-06  5.81840618e+02  1.05035233e+01  5.82626623e+02 
 5.44937573e-06  5.82063863e+02  1.04815198e+01  5.82849791e+02 
 5.45937573e-06  5.82286640e+02  1.04595040e+01  5.83072492e+02 
 5.46937573e-06  5.82508948e+02  1.04374758e+01  5.83294724e+02 
 5.47937573e-06  5.82730788e+02  1.04154353e+01  5.83516486e+02 
 5.48937573e-06  5.82952158e+02  1.03933825e+01  5.83737780e+02 
 5.49937573e-06  5.83173059e+02  1.03713174e+01  5.83958604e+02 
 5.50937573e-06  5.83393490e+02  1.03492400e+01  5.84178958e+02 
 5.51937573e-06  5.83613452e+02  1.03271504e+01  5.84398842e+02 
 5.52937573e-06  5.83832943e+02  1.03050486e+01  5.84618256e+02 
 5.53937573e-06  5.84051964e+02  1.02829347e+01  5.84837199e+02 
 5.54937573e-06  5.84270515e+02  1.02608086e+01  5.85055672e+02 
 5.55937573e-06  5.84488594e+02  1.02386703e+01  5.85273673e+02 
 5.56937573e-06  5.84706203e+02  1.02165200e+01  5.85491203e+02 
 5.57937573e-06  5.84923340e+02  1.01943576e+01  5.85708262e+02 
 5.58937573e-06  5.85140005e+02  1.01721831e+01  5.85924849e+02 
 5.59937573e-06  5.85356198e+02  1.01499966e+01  5.86140964e+02 
 5.60937573e-06  5.85571919e+02  1.01277982e+01  5.86356606e+02 
 5.61937573e-06  5.85787168e+02  1.01055877e+01  5.86571776e+02 
 5.62937573e-06  5.86001944e+02  1.00833653e+01  5.86786472e+02 
 5.63937573e-06  5.86216247e+02  1.00611310e+01  5.87000696e+02 
 5.64937573e-06  5.86430077e+02  1.00388849e+01  5.87214447e+02 
 5.65937573e-06  5.86643434e+02  1.00166268e+01  5.87427723e+02 
 5.66937573e-06  5.86856316e+02  9.99435694e+00  5.87640526e+02 
 5.67937573e-06  5.87068725e+02  9.97207525e+00  5.87852855e+02 
 5.68937573e-06  5.87280660e+02  9.94978178e+00  5.88064709e+02 
 5.69937573e-06  5.87492120e+02  9.92747655e+00  5.88276089e+02 
 5.70937573e-06  5.87703105e+02  9.90515959e+00  5.88486994e+02 
 5.71937573e-06  5.87913616e+02  9.88283093e+00  5.88697424e+02 
 5.72937573e-06  5.88123651e+02  9.86049060e+00  5.88907378e+02 
 5.73937573e-06  5.88333211e+02  9.83813861e+00  5.89116857e+02 
 5.74937573e-06  5.88542295e+02  9.81577499e+00  5.89325860e+02 
 5.75937573e-06  5.88750903e+02  9.79339978e+00  5.89534387e+02 
 5.76937573e-06  5.88959035e+02  9.77101300e+00  5.89742437e+02 
 5.77937573e-06  5.89166691e+02  9.74861467e+00  5.89950011e+02 
 5.78937573e-06  5.89373870e+02  9.72620482e+00  5.90157108e+02 
 5.79937573e-06  5.89580571e+02  9.70378348e+00  5.90363728e+02 
 5.80937573e-06  5.89786796e+02  9.68135068e+00  5.90569870e+02 
 5.81937573e-06  5.89992544e+02  9.65890643e+00  5.90775535e+02 
 5.82937573e-06  5.90197813e+02  9.63645078e+00  5.90980722e+02 
 5.83937573e-06  5.90402605e+02  9.61398373e+00  5.91185431e+02 
 5.84937573e-06  5.90606919e+02  9.59150533e+00  5.91389662e+02 
 5.85937573e-06  5.90810754e+02  9.56901560e+00  5.91593414e+02 
 5.86937573e-06  5.91014111e+02  9.54651456e+00  5.91796687e+02 
 5.87937573e-06  5.91216988e+02  9.52400223e+00  5.91999481e+02 
 5.88937573e-06  5.91419387e+02  9.50147866e+00  5.92201796e+02 
 5.89937573e-06  5.91621306e+02  9.47894386e+00  5.92403632e+02 
 5.90937573e-06  5.91822746e+02  9.45639786e+00  5.92604987e+02 
 5.91937573e-06  5.92023706e+02  9.43384069e+00  5.92805863e+02 
 5.92937573e-06  5.92224186e+02  9.41127237e+00  5.93006258e+02 
 5.93937573e-06  5.92424186e+02  9.38869293e+00  5.93206173e+02 
 5.94937573e-06  5.92623705e+02  9.36610240e+00  5.93405607e+02 
 5.95937573e-06  5.92822743e+02  9.34350080e+00  5.93604560e+02 
 5.96937573e-06  5.93021300e+02  9.32088816e+00  5.93803032e+02 
 5.97937573e-06  5.93219376e+02  9.29826451e+00  5.94001023e+02 
 5.98937573e-06  5.93416971e+02  9.27562987e+00  5.94198532e+02 
 5.99937573e-06  5.93614084e+02  9.25298428e+00  5.94395559e+02 
 6.00937573e-06  5.93810714e+02  9.23032775e+00  5.94592104e+02 
 6.01937573e-06  5.94006863e+02  9.20766031e+00  5.94788166e+02 
 6.02937573e-06  5.94202530e+02  9.18498200e+00  5.94983746e+02 
 6.03937573e-06  5.94397713e+02  9.16229283e+00  5.95178843e+02 
 6.04937573e-06  5.94592414e+02  9.13959284e+00  5.95373457e+02 
 6.05937573e-06  5.94786632e+02  9.11688205e+00  5.95567588e+02 
 6.06937573e-06  5.94980366e+02  9.09416049e+00  5.95761235e+02 
 6.07937573e-06  5.95173617e+02  9.07142819e+00  5.95954398e+02 
 6.08937573e-06  5.95366384e+02  9.04868516e+00  5.96147078e+02 
 6.09937573e-06  5.95558667e+02  9.02593145e+00  5.96339273e+02 
 6.10937573e-06  5.95750466e+02  9.00316707e+00  5.96530984e+02 
 6.11937573e-06  5.95941781e+02  8.98039205e+00  5.96722210e+02 
 6.12937573e-06  5.96132610e+02  8.95760643e+00  5.96912951e+02 
 6.13937573e-06  5.96322955e+02  8.93481022e+00  5.97103207e+02 
 6.14937573e-06  5.96512815e+02  8.91200345e+00  5.97292978e+02 
 6.15937573e-06  5.96702189e+02  8.88918616e+00  5.97482263e+02 
 6.16937573e-06  5.96891078e+02  8.86635836e+00  5.97671062e+02 
 6.17937573e-06  5.97079481e+02  8.84352009e+00  5.97859376e+02 
 6.18937573e-06  5.97267398e+02  8.82067137e+00  5.98047203e+02 
 6.19937573e-06  5.97454828e+02  8.79781222e+00  5.98234544e+02 
 6.20937573e-06  5.97641772e+02  8.77494269e+00  5.98421397e+02 
 6.21937573e-06  5.97828230e+02  8.75206278e+00  5.98607765e+02 
 6.22937573e-06  5.98014200e+02  8.72917254e+00  5.98793644e+02 
 6.23937573e-06  5.98199684e+02  8.70627198e+00  5.98979037e+02 
 6.24937573e-06  5.98384680e+02  8.68336114e+00  5.99163942e+02 
 6.25937573e-06  5.98569188e+02  8.66044004e+00  5.99348359e+02 
 6.26937573e-06  5.98753209e+02  8.63750870e+00  5.99532288e+02 
 6.27937573e-06  5.98936742e+02  8.61456716e+00  5.99715729e+02 
 6.28937573e-06  5.99119786e+02  8.59161545e+00  5.99898682e+02 
 6.29937573e-06  5.99302342e+02  8.56865358e+00  6.00081146e+02 
 6.30937573e-06  5.99484409e+02  8.54568159e+00  6.00263120e+02 
 6.31937573e-06  5.99665988e+02  8.52269950e+00  6.00444606e+02 
 6.32937573e-06  5.99847077e+02  8.49970735e+00  6.00625603e+02 
 6.33937573e-06  6.00027677e+02  8.47670515e+00  6.00806110e+02 
 6.34937573e-06  6.00207788e+02  8.45369294e+00  6.00986127e+02 
 6.35937573e-06  6.00387409e+02  8.43067074e+00  6.01165654e+02 
 6.36937573e-06  6.00566540e+02  8.40763858e+00  6.01344691e+02 
 6.37937573e-06  6.00745180e+02  8.38459649e+00  6.01523238e+02 
 6.38937573e-06  6.00923331e+02  8.36154449e+00  6.01701294e+02 
 6.39937573e-06  6.01100991e+02  8.33848262e+00  6.01878860e+02 
 6.40937573e-06  6.01278160e+02  8.31541089e+00  6.02055934e+02 
 6.41937573e-06  6.01454838e+02  8.29232934e+00  6.02232517e+02 
 6.42937573e-06  6.01631025e+02  8.26923799e+00  6.02408609e+02 
 6.43937573e-06  6.01806720e+02  8.24613688e+00  6.02584209e+02 
 6.44937573e-06  6.01981924e+02  8.22302602e+00  6.02759317e+02 
 6.45937573e-06  6.02156636e+02  8.19990545e+00  6.02933933e+02 
 6.46937573e-06  6.02330856e+02  8.17677519e+00  6.03108056e+02 
 6.47937573e-06  6.02504583e+02  8.15363527e+00  6.03281688e+02 
 6.48937573e-06  6.02677819e+02  8.13048571e+00  6.03454826e+02 
 6.49937573e-06  6.02850561e+02  8.10732656e+00  6.03627472e+02 
 6.50937573e-06  6.03022811e+02  8.08415782e+00  6.03799625e+02 
 6.51937573e-06  6.03194568e+02  8.06097954e+00  6.03971284e+02 
 6.52937573e-06  6.03365831e+02  8.03779173e+00  6.04142450e+02 
 6.53937573e-06  6.03536601e+02  8.01459442e+00  6.04313122e+02 
 6.54937573e-06  6.03706878e+02  7.99138765e+00  6.04483300e+02 
 6.55937573e-06  6.03876660e+02  7.96817144e+00  6.04652984e+02 
 6.56937573e-06  6.04045949e+02  7.94494581e+00  6.04822174e+02 
 6.57937573e-06  6.04214743e+02  7.92171080e+00  6.04990869e+02 
 6.58937573e-06  6.04383042e+02  7.89846643e+00  6.05159069e+02 
 6.59937573e-06  6.04550848e+02  7.87521273e+00  6.05326775e+02 
 6.60937573e-06  6.04718158e+02  7.85194973e+00  6.05493985e+02 
 6.61937573e-06  6.04884973e+02  7.82867745e+00  6.05660700e+02 
 6.62937573e-06  6.05051293e+02  7.80539592e+00  6.05826920e+02 
 6.63937573e-06  6.05217117e+02  7.78210517e+00  6.05992644e+02 
 6.64937573e-06  6.05382446e+02  7.75880523e+00  6.06157872e+02 
 6.65937573e-06  6.05547279e+02  7.73549612e+00  6.06322603e+02 
 6.66937573e-06  6.05711616e+02  7.71217788e+00  6.06486839e+02 
 6.67937573e-06  6.05875456e+02  7.68885052e+00  6.06650578e+02 
 6.68937573e-06  6.06038801e+02  7.66551409e+00  6.06813820e+02 
 6.69937573e-06  6.06201648e+02  7.64216859e+00  6.06976566e+02 
 6.70937573e-06  6.06363999e+02  7.61881407e+00  6.07138814e+02 
 6.71937573e-06  6.06525853e+02  7.59545055e+00  6.07300565e+02 
 6.72937573e-06  6.06687210e+02  7.57207806e+00  6.07461819e+02 
 6.73937573e-06  6.06848069e+02  7.54869662e+00  6.07622574e+02 
 6.74937573e-06  6.07008431e+02  7.52530626e+00  6.07782832e+02 
 6.75937573e-06  6.07168295e+02  7.50190702e+00  6.07942592e+02 
 6.76937573e-06  6.07327661e+02  7.47849891e+00  6.08101854e+02 
 6.77937573e-06  6.07486528e+02  7.45508197e+00  6.08260617e+02 
 6.78937573e-06  6.07644898e+02  7.43165623e+00  6.08418882e+02 
 6.79937573e-06  6.07802769e+02  7.40822170e+00  6.08576648e+02 
 6.80937573e-06  6.07960141e+02  7.38477843e+00  6.08733915e+02 
 6.81937573e-06  6.08117015e+02  7.36132643e+00  6.08890683e+02 
 6.82937573e-06  6.08273389e+02  7.33786573e+00  6.09046951e+02 
 6.83937573e-06  6.08429264e+02  7.31439637e+00  6.09202720e+02 
 6.84937573e-06  6.08584640e+02  7.29091837e+00  6.09357989e+02 
 6.85937573e-06  6.08739516e+02  7.26743175e+00  6.09512758e+02 
 6.86937573e-06  6.08893892e+02  7.24393656e+00  6.09667027e+02 
 6.87937573e-06  6.09047768e+02  7.22043280e+00  6.09820795e+02 
 6.88937573e-06  6.09201144e+02  7.19692052e+00  6.09974064e+02 
 6.89937573e-06  6.09354020e+02  7.17339973e+00  6.10126831e+02 
 6.90937573e-06  6.09506395e+02  7.14987047e+00  6.10279098e+02 
 6.91937573e-06  6.09658269e+02  7.12633277e+00  6.10430863e+02 
 6.92937573e-06  6.09809643e+02  7.10278665e+00  6.10582128e+02 
 6.93937573e-06  6.09960516e+02  7.07923214e+00  6.10732891e+02 
 6.94937573e-06  6.10110887e+02  7.05566926e+00  6.10883152e+02 
 6.95937573e-06  6.10260757e+02  7.03209806e+00  6.11032912e+02 
 6.96937573e-06  6.10410125e+02  7.00851855e+00  6.11182170e+02 
 6.97937573e-06  6.10558991e+02  6.98493076e+00  6.11330925e+02 
 6.98937573e-06  6.10707356e+02  6.96133471e+00  6.11479179e+02 
 6.99937573e-06  6.10855218e+02  6.93773045e+00  6.11626930e+02 
 7.00937573e-06  6.11002578e+02  6.91411799e+00  6.11774178e+02 
 7.01937573e-06  6.11149436e+02  6.89049737e+00  6.11920923e+02 
 7.02937573e-06  6.11295791e+02  6.86686861e+00  6.12067166e+02 
 7.03937573e-06  6.11441643e+02  6.84323173e+00  6.12212905e+02 
 7.04937573e-06  6.11586992e+02  6.81958678e+00  6.12358141e+02 
 7.05937573e-06  6.11731838e+02  6.79593377e+00  6.12502873e+02 
 7.06937573e-06  6.11876180e+02  6.77227273e+00  6.12647102e+02 
 7.07937573e-06  6.12020019e+02  6.74860369e+00  6.12790827e+02 
 7.08937573e-06  6.12163355e+02  6.72492669e+00  6.12934048e+02 
 7.09937573e-06  6.12306186e+02  6.70124174e+00  6.13076764e+02 
 7.10937573e-06  6.12448514e+02  6.67754887e+00  6.13218976e+02 
 7.11937573e-06  6.12590337e+02  6.65384812e+00  6.13360684e+02 
 7.12937573e-06  6.12731656e+02  6.63013951e+00  6.13501887e+02 
 7.13937573e-06  6.12872471e+02  6.60642307e+00  6.13642585e+02 
 7.14937573e-06  6.13012780e+02  6.58269883e+00  6.13782778e+02 
 7.15937573e-06  6.13152585e+02  6.55896681e+00  6.13922466e+02 
 7.16937573e-06  6.13291885e+02  6.53522705e+00  6.14061648e+02 
 7.17937573e-06  6.13430680e+02  6.51147957e+00  6.14200325e+02 
 7.18937573e-06  6.13568969e+02  6.48772440e+00  6.14338496e+02 
 7.19937573e-06  6.13706753e+02  6.46396156e+00  6.14476161e+02 
 7.20937573e-06  6.13844031e+02  6.44019109e+00  6.14613320e+02 
 7.21937573e-06  6.13980804e+02  6.41641302e+00  6.14749973e+02 
 7.22937573e-06  6.14117070e+02  6.39262737e+00  6.14886120e+02 
 7.23937573e-06  6.14252830e+02  6.36883417e+00  6.15021760e+02 
 7.24937573e-06  6.14388084e+02  6.34503344e+00  6.15156893e+02 
 7.25937573e-06  6.14522831e+02  6.32122523e+00  6.15291519e+02 
 7.26937573e-06  6.14657072e+02  6.29740955e+00  6.15425639e+02 
 7.27937573e-06  6.14790806e+02  6.27358643e+00  6.15559251e+02 
 7.28937573e-06  6.14924033e+02  6.24975590e+00  6.15692355e+02 
 7.29937573e-06  6.15056753e+02  6.22591799e+00  6.15824953e+02 
 7.30937573e-06  6.15188966e+02  6.20207273e+00  6.15957042e+02 
 7.31937573e-06  6.15320671e+02  6.17822015e+00  6.16088624e+02 
 7.32937573e-06  6.15451868e+02  6.15436027e+00  6.16219698e+02 
 7.33937573e-06  6.15582558e+02  6.13049312e+00  6.16350263e+02 
 7.34937573e-06  6.15712740e+02  6.10661873e+00  6.16480320e+02 
 7.35937573e-06  6.15842414e+02  6.08273714e+00  6.16609869e+02 
 7.36937573e-06  6.15971580e+02  6.05884835e+00  6.16738909e+02 
 7.37937573e-06  6.16100238e+02  6.03495242e+00  6.16867440e+02 
 7.38937573e-06  6.16228386e+02  6.01104935e+00  6.16995463e+02 
 7.39937573e-06  6.16356027e+02  5.98713919e+00  6.17122976e+02 
 7.40937573e-06  6.16483158e+02  5.96322196e+00  6.17249980e+02 
 7.41937573e-06  6.16609781e+02  5.93929769e+00  6.17376475e+02 
 7.42937573e-06  6.16735894e+02  5.91536640e+00  6.17502460e+02 
 7.43937573e-06  6.16861498e+02  5.89142813e+00  6.17627935e+02 
 7.44937573e-06  6.16986593e+02  5.86748290e+00  6.17752901e+02 
 7.45937573e-06  6.17111178e+02  5.84353075e+00  6.17877356e+02 
 7.46937573e-06  6.17235254e+02  5.81957169e+00  6.18001301e+02 
 7.47937573e-06  6.17358819e+02  5.79560576e+00  6.18124736e+02 
 7.48937573e-06  6.17481875e+02  5.77163299e+00  6.18247661e+02 
 7.49937573e-06  6.17604421e+02  5.74765341e+00  6.18370075e+02 
 7.50937573e-06  6.17726456e+02  5.72366703e+00  6.18491978e+02 
 7.51937573e-06  6.17847981e+02  5.69967390e+00  6.18613370e+02 
 7.52937573e-06  6.17968995e+02  5.67567404e+00  6.18734251e+02 
 7.53937573e-06  6.18089499e+02  5.65166748e+00  6.18854621e+02 
 7.54937573e-06  6.18209491e+02  5.62765425e+00  6.18974480e+02 
 7.55937573e-06  6.18328973e+02  5.60363437e+00  6.19093827e+02 
 7.56937573e-06  6.18447944e+02  5.57960787e+00  6.19212662e+02 
 7.57937573e-06  6.18566403e+02  5.55557479e+00  6.19330986e+02 
 7.58937573e-06  6.18684351e+02  5.53153514e+00  6.19448798e+02 
 7.59937573e-06  6.18801788e+02  5.50748897e+00  6.19566097e+02 
 7.60937573e-06  6.18918712e+02  5.48343629e+00  6.19682885e+02 
 7.61937573e-06  6.19035125e+02  5.45937714e+00  6.19799160e+02 
 7.62937573e-06  6.19151026e+02  5.43531155e+00  6.19914923e+02 
 7.63937573e-06  6.19266415e+02  5.41123953e+00  6.20030172e+02 
 7.64937573e-06  6.19381291e+02  5.38716113e+00  6.20144910e+02 
 7.65937573e-06  6.19495656e+02  5.36307637e+00  6.20259134e+02 
 7.66937573e-06  6.19609507e+02  5.33898528e+00  6.20372845e+02 
 7.67937573e-06  6.19722846e+02  5.31488788e+00  6.20486043e+02 
 7.68937573e-06  6.19835673e+02  5.29078421e+00  6.20598728e+02 
 7.69937573e-06  6.19947986e+02  5.26667430e+00  6.20710899e+02 
 7.70937573e-06  6.20059786e+02  5.24255816e+00  6.20822556e+02 
 7.71937573e-06  6.20171073e+02  5.21843584e+00  6.20933700e+02 
 7.72937573e-06  6.20281847e+02  5.19430736e+00  6.21044330e+02 
 7.73937573e-06  6.20392108e+02  5.17017274e+00  6.21154445e+02 
 7.74937573e-06  6.20501854e+02  5.14603202e+00  6.21264047e+02 
 7.75937573e-06  6.20611088e+02  5.12188523e+00  6.21373134e+02 
 7.76937573e-06  6.20719807e+02  5.09773239e+00  6.21481707e+02 
 7.77937573e-06  6.20828012e+02  5.07357354e+00  6.21589766e+02 
 7.78937573e-06  6.20935704e+02  5.04940869e+00  6.21697309e+02 
 7.79937573e-06  6.21042881e+02  5.02523788e+00  6.21804338e+02 
 7.80937573e-06  6.21149543e+02  5.00106115e+00  6.21910852e+02 
 7.81937573e-06  6.21255692e+02  4.97687851e+00  6.22016851e+02 
 7.82937573e-06  6.21361325e+02  4.95268999e+00  6.22122334e+02 
 7.83937573e-06  6.21466444e+02  4.92849563e+00  6.22227302e+02 
 7.84937573e-06  6.21571048e+02  4.90429545e+00  6.22331755e+02 
 7.85937573e-06  6.21675137e+02  4.88008948e+00  6.22435692e+02 
 7.86937573e-06  6.21778712e+02  4.85587776e+00  6.22539113e+02 
 7.87937573e-06  6.21881770e+02  4.83166030e+00  6.22642018e+02 
 7.88937573e-06  6.21984314e+02  4.80743714e+00  6.22744408e+02 
 7.89937573e-06  6.22086342e+02  4.78320830e+00  6.22846281e+02 
 7.90937573e-06  6.22187855e+02  4.75897382e+00  6.22947638e+02 
 7.91937573e-06  6.22288852e+02  4.73473373e+00  6.23048478e+02 
 7.92937573e-06  6.22389333e+02  4.71048804e+00  6.23148802e+02 
 7.93937573e-06  6.22489298e+02  4.68623680e+00  6.23248610e+02 
 7.94937573e-06  6.22588747e+02  4.66198002e+00  6.23347900e+02 
 7.95937573e-06  6.22687680e+02  4.63771775e+00  6.23446674e+02 
 7.96937573e-06  6.22786096e+02  4.61345000e+00  6.23544931e+02 
 7.97937573e-06  6.22883997e+02  4.58917681e+00  6.23642670e+02 
 7.98937573e-06  6.22981380e+02  4.56489820e+00  6.23739893e+02 
 7.99937573e-06  6.23078248e+02  4.54061420e+00  6.23836597e+02 
 8.00937573e-06  6.23174598e+02  4.51632485e+00  6.23932785e+02 
 8.01937573e-06  6.23270431e+02  4.49203016e+00  6.24028455e+02 
 8.02937573e-06  6.23365748e+02  4.46773018e+00  6.24123606e+02 
 8.03937573e-06  6.23460548e+02  4.44342492e+00  6.24218241e+02 
 8.04937573e-06  6.23554830e+02  4.41911443e+00  6.24312357e+02 
 8.05937573e-06  6.23648595e+02  4.39479871e+00  6.24405955e+02 
 8.06937573e-06  6.23741842e+02  4.37047781e+00  6.24499034e+02 
 8.07937573e-06  6.23834572e+02  4.34615176e+00  6.24591596e+02 
 8.08937573e-06  6.23926785e+02  4.32182058e+00  6.24683639e+02 
 8.09937573e-06  6.24018480e+02  4.29748429e+00  6.24775163e+02 
 8.10937573e-06  6.24109656e+02  4.27314294e+00  6.24866169e+02 
 8.11937573e-06  6.24200315e+02  4.24879655e+00  6.24956655e+02 
 8.12937573e-06  6.24290456e+02  4.22444514e+00  6.25046623e+02 
 8.13937573e-06  6.24380079e+02  4.20008875e+00  6.25136072e+02 
 8.14937573e-06  6.24469183e+02  4.17572740e+00  6.25225002e+02 
 8.15937573e-06  6.24557769e+02  4.15136113e+00  6.25313412e+02 
 8.16937573e-06  6.24645837e+02  4.12698996e+00  6.25401303e+02 
 8.17937573e-06  6.24733386e+02  4.10261393e+00  6.25488674e+02 
 8.18937573e-06  6.24820416e+02  4.07823305e+00  6.25575526e+02 
 8.19937573e-06  6.24906928e+02  4.05384736e+00  6.25661858e+02 
 8.20937573e-06  6.24992920e+02  4.02945689e+00  6.25747670e+02 
 8.21937573e-06  6.25078394e+02  4.00506167e+00  6.25832962e+02 
 8.22937573e-06  6.25163348e+02  3.98066173e+00  6.25917734e+02 
 8.23937573e-06  6.25247783e+02  3.95625708e+00  6.26001986e+02 
 8.24937573e-06  6.25331699e+02  3.93184778e+00  6.26085717e+02 
 8.25937573e-06  6.25415096e+02  3.90743383e+00  6.26168928e+02 
 8.26937573e-06  6.25497973e+02  3.88301528e+00  6.26251619e+02 
 8.27937573e-06  6.25580331e+02  3.85859215e+00  6.26333789e+02 
 8.28937573e-06  6.25662168e+02  3.83416446e+00  6.26415438e+02 
 8.29937573e-06  6.25743486e+02  3.80973226e+00  6.26496566e+02 
 8.30937573e-06  6.25824285e+02  3.78529556e+00  6.26577173e+02 
 8.31937573e-06  6.25904563e+02  3.76085440e+00  6.26657260e+02 
 8.32937573e-06  6.25984321e+02  3.73640881e+00  6.26736825e+02 
 8.33937573e-06  6.26063559e+02  3.71195881e+00  6.26815868e+02 
 8.34937573e-06  6.26142276e+02  3.68750443e+00  6.26894390e+02 
 8.35937573e-06  6.26220474e+02  3.66304570e+00  6.26972391e+02 
 8.36937573e-06  6.26298151e+02  3.63858266e+00  6.27049870e+02 
 8.37937573e-06  6.26375307e+02  3.61411532e+00  6.27126828e+02 
 8.38937573e-06  6.26451943e+02  3.58964372e+00  6.27203263e+02 
 8.39937573e-06  6.26528058e+02  3.56516790e+00  6.27279177e+02 
 8.40937573e-06  6.26603652e+02  3.54068787e+00  6.27354568e+02 
 8.41937573e-06  6.26678725e+02  3.51620366e+00  6.27429438e+02 
 8.42937573e-06  6.26753278e+02  3.49171531e+00  6.27503785e+02 
 8.43937573e-06  6.26827309e+02  3.46722285e+00  6.27577609e+02 
 8.44937573e-06  6.26900819e+02  3.44272629e+00  6.27650911e+02 
 8.45937573e-06  6.26973808e+02  3.41822568e+00  6.27723691e+02 
 8.46937573e-06  6.27046275e+02  3.39372105e+00  6.27795948e+02 
 8.47937573e-06  6.27118221e+02  3.36921241e+00  6.27867682e+02 
 8.48937573e-06  6.27189646e+02  3.34469980e+00  6.27938893e+02 
 8.49937573e-06  6.27260549e+02  3.32018325e+00  6.28009581e+02 
 8.50937573e-06  6.27330930e+02  3.29566278e+00  6.28079747e+02 
 8.51937573e-06  6.27400790e+02  3.27113844e+00  6.28149388e+02 
 8.52937573e-06  6.27470127e+02  3.24661024e+00  6.28218507e+02 
 8.53937573e-06  6.27538943e+02  3.22207821e+00  6.28287102e+02 
 8.54937573e-06  6.27607237e+02  3.19754239e+00  6.28355174e+02 
 8.55937573e-06  6.27675009e+02  3.17300280e+00  6.28422722e+02 
 8.56937573e-06  6.27742258e+02  3.14845947e+00  6.28489746e+02 
 8.57937573e-06  6.27808986e+02  3.12391243e+00  6.28556246e+02 
 8.58937573e-06  6.27875191e+02  3.09936171e+00  6.28622222e+02 
 8.59937573e-06  6.27940873e+02  3.07480734e+00  6.28687675e+02 
 8.60937573e-06  6.28006033e+02  3.05024935e+00  6.28752603e+02 
 8.61937573e-06  6.28070671e+02  3.02568777e+00  6.28817007e+02 
 8.62937573e-06  6.28134786e+02  3.00112263e+00  6.28880886e+02 
 8.63937573e-06  6.28198378e+02  2.97655395e+00  6.28944242e+02 
 8.64937573e-06  6.28261448e+02  2.95198176e+00  6.29007072e+02 
 8.65937573e-06  6.28323995e+02  2.92740610e+00  6.29069378e+02 
 8.66937573e-06  6.28386018e+02  2.90282699e+00  6.29131159e+02 
 8.67937573e-06  6.28447519e+02  2.87824446e+00  6.29192415e+02 
 8.68937573e-06  6.28508497e+02  2.85365855e+00  6.29253146e+02 
 8.69937573e-06  6.28568951e+02  2.82906928e+00  6.29313353e+02 
 8.70937573e-06  6.28628883e+02  2.80447667e+00  6.29373033e+02 
 8.71937573e-06  6.28688291e+02  2.77988077e+00  6.29432189e+02 
 8.72937573e-06  6.28747175e+02  2.75528159e+00  6.29490819e+02 
 8.73937573e-06  6.28805537e+02  2.73067917e+00  6.29548924e+02 
 8.74937573e-06  6.28863374e+02  2.70607354e+00  6.29606503e+02 
 8.75937573e-06  6.28920689e+02  2.68146472e+00  6.29663556e+02 
 8.76937573e-06  6.28977479e+02  2.65685275e+00  6.29720084e+02 
 8.77937573e-06  6.29033746e+02  2.63223765e+00  6.29776085e+02 
 8.78937573e-06  6.29089489e+02  2.60761946e+00  6.29831561e+02 
 8.79937573e-06  6.29144709e+02  2.58299819e+00  6.29886510e+02 
 8.80937573e-06  6.29199404e+02  2.55837389e+00  6.29940933e+02 
 8.81937573e-06  6.29253575e+02  2.53374659e+00  6.29994830e+02 
 8.82937573e-06  6.29307223e+02  2.50911630e+00  6.30048200e+02 
 8.83937573e-06  6.29360346e+02  2.48448306e+00  6.30101044e+02 
 8.84937573e-06  6.29412946e+02  2.45984690e+00  6.30153360e+02 
 8.85937573e-06  6.29465021e+02  2.43520785e+00  6.30205150e+02 
 8.86937573e-06  6.29516571e+02  2.41056593e+00  6.30256413e+02 
 8.87937573e-06  6.29567598e+02  2.38592118e+00  6.30307150e+02 
 8.88937573e-06  6.29618100e+02  2.36127363e+00  6.30357358e+02 
 8.89937573e-06  6.29668077e+02  2.33662331e+00  6.30407040e+02 
 8.90937573e-06  6.29717531e+02  2.31197023e+00  6.30456194e+02 
 8.91937573e-06  6.29766459e+02  2.28731445e+00  6.30504821e+02 
 8.92937573e-06  6.29814863e+02  2.26265597e+00  6.30552919e+02 
 8.93937573e-06  6.29862742e+02  2.23799484e+00  6.30600491e+02 
 8.94937573e-06  6.29910097e+02  2.21333108e+00  6.30647534e+02 
 8.95937573e-06  6.29956926e+02  2.18866472e+00  6.30694049e+02 
 8.96937573e-06  6.30003231e+02  2.16399579e+00  6.30740036e+02 
 8.97937573e-06  6.30049011e+02  2.13932432e+00  6.30785495e+02 
 8.98937573e-06  6.30094266e+02  2.11465034e+00  6.30830425e+02 
 8.99937573e-06  6.30138996e+02  2.08997388e+00  6.30874827e+02 
 9.00937573e-06  6.30183201e+02  2.06529497e+00  6.30918700e+02 
 9.01937573e-06  6.30226881e+02  2.04061363e+00  6.30962044e+02 
 9.02937573e-06  6.30270036e+02  2.01592990e+00  6.31004859e+02 
 9.03937573e-06  6.30312665e+02  1.99124381e+00  6.31047146e+02 
 9.04937573e-06  6.30354770e+02  1.96655538e+00  6.31088902e+02 
 9.05937573e-06  6.30396349e+02  1.94186465e+00  6.31130130e+02 
 9.06937573e-06  6.30437402e+02  1.91717164e+00  6.31170828e+02 
 9.07937573e-06  6.30477930e+02  1.89247638e+00  6.31210996e+02 
 9.08937573e-06  6.30517933e+02  1.86777891e+00  6.31250634e+02 
 9.09937573e-06  6.30557410e+02  1.84307925e+00  6.31289742e+02 
 9.10937573e-06  6.30596362e+02  1.81837743e+00  6.31328320e+02 
 9.11937573e-06  6.30634788e+02  1.79367349e+00  6.31366368e+02 
 9.12937573e-06  6.30672688e+02  1.76896744e+00  6.31403885e+02 
 9.13937573e-06  6.30710063e+02  1.74425933e+00  6.31440871e+02 
 9.14937573e-06  6.30746912e+02  1.71954918e+00  6.31477326e+02 
 9.15937573e-06  6.30783235e+02  1.69483701e+00  6.31513250e+02 
 9.16937573e-06  6.30819033e+02  1.67012287e+00  6.31548643e+02 
 9.17937573e-06  6.30854304e+02  1.64540677e+00  6.31583504e+02 
 9.18937573e-06  6.30889050e+02  1.62068875e+00  6.31617834e+02 
 9.19937573e-06  6.30923270e+02  1.59596884e+00  6.31651631e+02 
 9.20937573e-06  6.30956964e+02  1.57124706e+00  6.31684897e+02 
 9.21937573e-06  6.30990131e+02  1.54652346e+00  6.31717629e+02 
 9.22937573e-06  6.31022773e+02  1.52179804e+00  6.31749829e+02 
 9.23937573e-06  6.31054889e+02  1.49707086e+00  6.31781497e+02 
 9.24937573e-06  6.31086478e+02  1.47234193e+00  6.31812631e+02 
 9.25937573e-06  6.31117542e+02  1.44761128e+00  6.31843231e+02 
 9.26937573e-06  6.31148079e+02  1.42287895e+00  6.31873298e+02 
 9.27937573e-06  6.31178090e+02  1.39814497e+00  6.31902830e+02 
 9.28937573e-06  6.31207574e+02  1.37340936e+00  6.31931828e+02 
 9.29937573e-06  6.31236532e+02  1.34867215e+00  6.31960292e+02 
 9.30937573e-06  6.31264964e+02  1.32393338e+00  6.31988220e+02 
 9.31937573e-06  6.31292870e+02  1.29919306e+00  6.32015613e+02 
 9.32937573e-06  6.31320249e+02  1.27445125e+00  6.32042470e+02 
 9.33937573e-06  6.31347102e+02  1.24970795e+00  6.32068791e+02 
 9.34937573e-06  6.31373428e+02  1.22496321e+00  6.32094576e+02 
 9.35937573e-06  6.31399228e+02  1.20021705e+00  6.32119823e+02 
 9.36937573e-06  6.31424501e+02  1.17546950e+00  6.32144532e+02 
 9.37937573e-06  6.31449248e+02  1.15072060e+00  6.32168704e+02 
 9.38937573e-06  6.31473468e+02  1.12597036e+00  6.32192337e+02 
 9.39937573e-06  6.31497162e+02  1.10121883e+00  6.32215431e+02 
 9.40937573e-06  6.31520328e+02  1.07646603e+00  6.32237985e+02 
 9.41937573e-06  6.31542969e+02  1.05171200e+00  6.32259999e+02 
 9.42937573e-06  6.31565082e+02  1.02695675e+00  6.32281471e+02 
 9.43937573e-06  6.31586669e+02  1.00220033e+00  6.32302402e+02 
 9.44937573e-06  6.31607729e+02  9.77442759e-01  6.32322790e+02 
 9.45937573e-06  6.31628262e+02  9.52684071e-01  6.32342635e+02 
 9.46937573e-06  6.31648269e+02  9.27924295e-01  6.32361936e+02 
 9.47937573e-06  6.31667748e+02  9.03163463e-01  6.32380691e+02 
 9.48937573e-06  6.31686701e+02  8.78401603e-01  6.32398900e+02 
 9.49937573e-06  6.31705127e+02  8.53638747e-01  6.32416562e+02 
 9.50937573e-06  6.31723026e+02  8.28874926e-01  6.32433675e+02 
 9.51937573e-06  6.31740398e+02  8.04110169e-01  6.32450237e+02 
 9.52937573e-06  6.31757244e+02  7.79344507e-01  6.32466249e+02 
 9.53937573e-06  6.31773562e+02  7.54577971e-01  6.32481707e+02 
 9.54937573e-06  6.31789353e+02  7.29810591e-01  6.32496611e+02 
 9.55937573e-06  6.31804618e+02  7.05042399e-01  6.32510957e+02 
 9.56937573e-06  6.31819355e+02  6.80273426e-01  6.32524745e+02 
 9.57937573e-06  6.31833565e+02  6.55503702e-01  6.32537971e+02 
 9.58937573e-06  6.31847249e+02  6.30733259e-01  6.32550633e+02 
 9.59937573e-06  6.31860405e+02  6.05962129e-01  6.32562729e+02 
 9.60937573e-06  6.31873034e+02  5.81190342e-01  6.32574253e+02 
 9.61937573e-06  6.31885137e+02  5.56417931e-01  6.32585204e+02 
 9.62937573e-06  6.31896712e+02  5.31644928e-01  6.32595577e+02 
 9.63937573e-06  6.31907760e+02  5.06871365e-01  6.32605366e+02 
 9.64937573e-06  6.31918281e+02  4.82097274e-01  6.32614566e+02 
 9.65937573e-06  6.31928275e+02  4.57322689e-01  6.32623170e+02 
 9.66937573e-06  6.31937741e+02  4.32547643e-01  6.32631172e+02 
 9.67937573e-06  6.31946681e+02  4.07772170e-01  6.32638561e+02 
 9.68937573e-06  6.31955093e+02  3.82996303e-01  6.32645327e+02 
 9.69916949e-06  6.31962821e+02  3.58731064e-01  6.32651338e+02 
 9.70819280e-06  6.31969494e+02  3.36374448e-01  6.32656324e+02 
 9.71673097e-06  6.31975412e+02  3.15219606e-01  6.32660541e+02 
 9.72471660e-06  6.31980600e+02  2.95433604e-01  6.32664033e+02 
 9.73218940e-06  6.31985150e+02  2.76918121e-01  6.32666890e+02 
 9.73919469e-06  6.31989148e+02  2.59560886e-01  6.32669197e+02 
 9.74575499e-06  6.31992658e+02  2.43306131e-01  6.32671017e+02 
 9.75190038e-06  6.31995739e+02  2.28079396e-01  6.32672412e+02 
 9.75765799e-06  6.31998446e+02  2.13813410e-01  6.32673434e+02 
 9.76305184e-06  6.32000823e+02  2.00448739e-01  6.32674129e+02 
 9.76810540e-06  6.32002911e+02  1.87927173e-01  6.32674536e+02 
 9.77284032e-06  6.32004745e+02  1.76195147e-01  6.32674691e+02 
 9.77727685e-06  6.32006357e+02  1.65202449e-01  6.32674625e+02 
 9.78143398e-06  6.32007772e+02  1.54902051e-01  6.32674365e+02 
 9.78532948e-06  6.32009016e+02  1.45249900e-01  6.32673936e+02 
 9.78897998e-06  6.32010109e+02  1.36204830e-01  6.32673357e+02 
 9.79240102e-06  6.32011070e+02  1.27728323e-01  6.32672647e+02 
 9.79560718e-06  6.32011914e+02  1.19784244e-01  6.32671823e+02 
 9.79861209e-06  6.32012656e+02  1.12338829e-01  6.32670898e+02 
 9.80142847e-06  6.32013308e+02  1.05360535e-01  6.32669885e+02 
 9.80406833e-06  6.32013882e+02  9.88196559e-02  6.32668794e+02 
 9.80654280e-06  6.32014386e+02  9.26885940e-02  6.32667636e+02 
 9.80886235e-06  6.32014829e+02  8.69413666e-02  6.32666418e+02 
 9.81103680e-06  6.32015219e+02  8.15536938e-02  6.32665148e+02 
 9.81307531e-06  6.32015562e+02  7.65028660e-02  6.32663833e+02 
 9.81498645e-06  6.32015863e+02  7.17676093e-02  6.32662478e+02 
 9.81677830e-06  6.32016128e+02  6.73279411e-02  6.32661087e+02 
 9.81845835e-06  6.32016361e+02  6.31653043e-02  6.32659667e+02 
 9.82003369e-06  6.32016567e+02  5.92621123e-02  6.32658219e+02 
 9.82151089e-06  6.32016747e+02  5.56021071e-02  6.32656748e+02 
 9.82289615e-06  6.32016906e+02  5.21698885e-02  6.32655256e+02 
 9.82419525e-06  6.32017046e+02  4.89511629e-02  6.32653747e+02 
 9.82541362e-06  6.32017169e+02  4.59324659e-02  6.32652222e+02 
 9.82655634e-06  6.32017277e+02  4.31012144e-02  6.32650684e+02 
 9.82762817e-06  6.32017372e+02  4.04456260e-02  6.32649134e+02 
 9.82863357e-06  6.32017456e+02  3.79546285e-02  6.32647573e+02 
 9.82957669e-06  6.32017530e+02  3.56179211e-02  6.32646003e+02 
 9.83046147e-06  6.32017595e+02  3.34257855e-02  6.32644426e+02 
 9.83129157e-06  6.32017652e+02  3.13691301e-02  6.32642842e+02 
 9.83207042e-06  6.32017702e+02  2.94394810e-02  6.32641252e+02 
 9.83280123e-06  6.32017747e+02  2.76288299e-02  6.32639656e+02 
 9.83348702e-06  6.32017786e+02  2.59297425e-02  6.32638057e+02 
 9.83413061e-06  6.32017820e+02  2.43352054e-02  6.32636453e+02 
 9.83473466e-06  6.32017851e+02  2.28386309e-02  6.32634846e+02 
 9.83530165e-06  6.32017877e+02  2.14339088e-02  6.32633236e+02 
 9.83583388e-06  6.32017901e+02  2.01152765e-02  6.32631624e+02 
 9.83633357e-06  6.32017921e+02  1.88772953e-02  6.32630009e+02 
 9.83680272e-06  6.32017940e+02  1.77149478e-02  6.32628392e+02 
 9.83724330e-06  6.32017956e+02  1.66234297e-02  6.32626773e+02 
 9.83765705e-06  6.32017970e+02  1.55983529e-02  6.32625152e+02 
 9.83804569e-06  6.32017983e+02  1.46354918e-02  6.32623529e+02 
 9.83841080e-06  6.32017994e+02  1.37309595e-02  6.32621905e+02 
 9.83875384e-06  6.32018003e+02  1.28810724e-02  6.32620279e+02 
 9.83907622e-06  6.32018012e+02  1.20823823e-02  6.32618652e+02 
 9.83937923e-06  6.32018019e+02  1.13316896e-02  6.32617023e+02 
 9.83966412e-06  6.32018026e+02  1.06259084e-02  6.32615391e+02 
 9.83993200e-06  6.32018032e+02  9.96224041e-03  6.32613758e+02 
 9.84018397e-06  6.32018037e+02  9.33800675e-03  6.32612122e+02 
 9.84042105e-06  6.32018042e+02  8.75067381e-03  6.32610484e+02 
 9.84064415e-06  6.32018046e+02  8.19794770e-03  6.32608843e+02 
 9.84085421e-06  6.32018049e+02  7.67756160e-03  6.32607199e+02 
 9.84105203e-06  6.32018052e+02  7.18748347e-03  6.32605551e+02 
 9.84123840e-06  6.32018055e+02  6.72575169e-03  6.32603899e+02 
 9.84141408e-06  6.32018057e+02  6.29055019e-03  6.32602242e+02 
 9.84157973e-06  6.32018060e+02  5.88015961e-03  6.32600580e+02 
 9.84173602e-06  6.32018062e+02  5.49296839e-03  6.32598912e+02 
 9.84188356e-06  6.32018063e+02  5.12747298e-03  6.32597238e+02 
 9.84202291e-06  6.32018065e+02  4.78226037e-03  6.32595556e+02 
 9.84215461e-06  6.32018066e+02  4.45599599e-03  6.32593866e+02 
 9.84227917e-06  6.32018067e+02  4.14741521e-03  6.32592167e+02 
 9.84239706e-06  6.32018068e+02  3.85537128e-03  6.32590457e+02 
 9.84250872e-06  6.32018069e+02  3.57876335e-03  6.32588736e+02 
 9.84261457e-06  6.32018070e+02  3.31653570e-03  6.32587003e+02 
 9.84271499e-06  6.32018070e+02  3.06775285e-03  6.32585256e+02 
 9.84281037e-06  6.32018071e+02  2.83149006e-03  6.32583493e+02 
 9.84290102e-06  6.32018072e+02  2.60691721e-03  6.32581714e+02 
 9.84298729e-06  6.32018072e+02  2.39321261e-03  6.32579915e+02 
 9.84306946e-06  6.32018072e+02  2.18965644e-03  6.32578097e+02 
 9.84314782e-06  6.32018073e+02  1.99553684e-03  6.32576257e+02 
 9.84322263e-06  6.32018073e+02  1.81021180e-03  6.32574392e+02 
 9.84329415e-06  6.32018073e+02  1.63305459e-03  6.32572501e+02 
 9.84336259e-06  6.32018074e+02  1.46351229e-03  6.32570582e+02 
 9.84342818e-06  6.32018074e+02  1.30102965e-03  6.32568632e+02 
 9.84349112e-06  6.32018074e+02  1.14512226e-03  6.32566648e+02 
 9.84355160e-06  6.32018074e+02  9.95298187e-04  6.32564627e+02 
 9.84360979e-06  6.32018074e+02  8.51144306e-04  6.32562568e+02 
 9.84366588e-06  6.32018074e+02  7.12215608e-04  6.32560465e+02 
 9.84372000e-06  6.32018074e+02  5.78150184e-04  6.32558317e+02 
 9.84377231e-06  6.32018074e+02  4.48561387e-04  6.32556120e+02 
 9.84382295e-06  6.32018074e+02  3.23114805e-04  6.32553869e+02 
 9.84387206e-06  6.32018074e+02  2.01482510e-04  6.32551560e+02 
 9.84391975e-06  6.32018074e+02  8.33540106e-05  6.32549190e+02 
 9.84396614e-06  6.32018074e+02 -3.15586889e-05  6.32546752e+02 
 9.84401134e-06  6.32018074e+02 -1.43539897e-04  6.32544242e+02 
 9.84405547e-06  6.32018074e+02 -2.52849810e-04  6.32541654e+02 
 9.84409863e-06  6.32018074e+02 -3.59750778e-04  6.32538981e+02 
 9.84414091e-06  6.32018074e+02 -4.64482244e-04  6.32536218e+02 
 9.84418242e-06  6.32018074e+02 -5.67287346e-04  6.32533355e+02 
 9.84422324e-06  6.32018074e+02 -6.68397393e-04  6.32530385e+02 
 9.84426346e-06  6.32018074e+02 -7.68043493e-04  6.32527299e+02 
 9.84430319e-06  6.32018074e+02 -8.66449408e-04  6.32524086e+02 
 9.84434252e-06  6.32018074e+02 -9.63845558e-04  6.32520735e+02 
 9.84438152e-06  6.32018074e+02 -1.06045584e-03  6.32517233e+02 
 9.84442030e-06  6.32018074e+02 -1.15651650e-03  6.32513565e+02 
 9.84445896e-06  6.32018074e+02 -1.25226602e-03  6.32509715e+02 
 9.84449759e-06  6.32018074e+02 -1.34794229e-03  6.32505664e+02 
 9.84453630e-06  6.32018074e+02 -1.44381970e-03  6.32501391e+02 
 9.84457520e-06  6.32018073e+02 -1.54017645e-03  6.32496872e+02 
 9.84461442e-06  6.32018073e+02 -1.63732226e-03  6.32492076e+02 
 9.84465411e-06  6.32018073e+02 -1.73560420e-03  6.32486970e+02 
 9.84469440e-06  6.32018073e+02 -1.83539070e-03  6.32481513e+02 
 9.84473547e-06  6.32018073e+02 -1.93711658e-03  6.32475657e+02 
 9.84477753e-06  6.32018073e+02 -2.04127718e-03  6.32469342e+02 
 9.84482080e-06  6.32018073e+02 -2.14844480e-03  6.32462497e+02 
 9.84486557e-06  6.32018072e+02 -2.25931044e-03  6.32455032e+02 
 9.84491216e-06  6.32018072e+02 -2.37470226e-03  6.32446834e+02 
 9.84496100e-06  6.32018072e+02 -2.49564758e-03  6.32437758e+02 
 9.84501260e-06  6.32018072e+02 -2.62344219e-03  6.32427614e+02 
 9.84506765e-06  6.32018071e+02 -2.75975550e-03  6.32416147e+02 
 9.84512704e-06  6.32018071e+02 -2.90683516e-03  6.32403000e+02 
 9.84519202e-06  6.32018070e+02 -3.06773860e-03  6.32387670e+02 
 9.84526438e-06  6.32018070e+02 -3.24689988e-03  6.32369393e+02 
 9.84534686e-06  6.32018069e+02 -3.45112614e-03  6.32346950e+02 
 9.84544417e-06  6.32018069e+02 -3.69205926e-03  6.32318174e+02 
 9.84556663e-06  6.32018068e+02 -3.99523213e-03  6.32278246e+02 
 9.84565764e-06  6.32018067e+02 -4.22050837e-03  6.32245745e+02 
 9.84578630e-06  6.32018066e+02 -4.53899007e-03  6.32195433e+02 
 9.84592900e-06  6.32018064e+02 -4.89214233e-03  6.32133285e+02 
 9.84607326e-06  6.32018063e+02 -5.24914565e-03  6.32063155e+02 
 9.84611452e-06  6.32018062e+02 -5.35121341e-03  6.32041671e+02 
 9.84615210e-06  6.32018062e+02 -5.44421137e-03  6.32021521e+02 
 9.84618327e-06  6.32018061e+02 -5.52131151e-03  6.32004391e+02 
 9.84621599e-06  6.32018061e+02 -5.60226567e-03  6.31985985e+02 
 9.84627518e-06  6.32018060e+02 -5.74869598e-03  6.31951574e+02 
 9.84634874e-06  6.32018059e+02 -5.93065493e-03  6.31906751e+02 
 9.84643221e-06  6.32018058e+02 -6.13711698e-03  6.31853021e+02 
 9.84650753e-06  6.32018057e+02 -6.32338117e-03  6.31801823e+02 
 9.84659383e-06  6.32018056e+02 -6.53677476e-03  6.31739858e+02 
 9.84667566e-06  6.32018055e+02 -6.73909917e-03  6.31677709e+02 
 9.84676840e-06  6.32018054e+02 -6.96834663e-03  6.31603118e+02 
 9.84685715e-06  6.32018052e+02 -7.18771146e-03  6.31527409e+02 
 9.84695574e-06  6.32018051e+02 -7.43134402e-03  6.31438129e+02 
 9.84705060e-06  6.32018049e+02 -7.66569868e-03  6.31346852e+02 
 9.84715451e-06  6.32018047e+02 -7.92235776e-03  6.31240525e+02 
 9.84725514e-06  6.32018046e+02 -8.17087468e-03  6.31130931e+02 
 9.84736417e-06  6.32018044e+02 -8.44004450e-03  6.31004497e+02 
 9.84758222e-06  6.32018040e+02 -8.97813705e-03  6.30726012e+02 
 9.84782923e-06  6.32018035e+02 -9.58724047e-03  6.30365734e+02 
 9.84806912e-06  6.32018030e+02 -1.01782534e-02  6.29965597e+02 
 9.84837017e-06  6.32018023e+02 -1.09191656e-02  6.29385539e+02 
 9.84869543e-06  6.32018015e+02 -1.17184214e-02  6.28650009e+02 
 9.84902861e-06  6.32018007e+02 -1.25356386e-02  6.27764763e+02 
 9.84936663e-06  6.32017997e+02 -1.33629107e-02  6.26713647e+02 
 9.84969262e-06  6.32017988e+02 -1.41587150e-02  6.25537021e+02 
 9.85001743e-06  6.32017978e+02 -1.49493291e-02  6.24188247e+02 
 9.85033173e-06  6.32017968e+02 -1.57119054e-02  6.22698446e+02 
 9.85064426e-06  6.32017957e+02 -1.64674045e-02  6.21019974e+02 
 9.85094900e-06  6.32017946e+02 -1.72011219e-02  6.19177242e+02 
 9.85125179e-06  6.32017935e+02 -1.79268279e-02  6.17128141e+02 
 9.85154856e-06  6.32017923e+02 -1.86345954e-02  6.14892052e+02 
 9.85184320e-06  6.32017911e+02 -1.93334369e-02  6.12432534e+02 
 9.85213302e-06  6.32017899e+02 -2.00166917e-02  6.09764263e+02 
 9.85242065e-06  6.32017887e+02 -2.06903412e-02  6.06855655e+02 
 9.85270431e-06  6.32017874e+02 -2.13499230e-02  6.03717126e+02 
 9.85298583e-06  6.32017861e+02 -2.19994189e-02  6.00321247e+02 
 9.85326404e-06  6.32017848e+02 -2.26358149e-02  5.96674777e+02 
 9.85354021e-06  6.32017834e+02 -2.32617464e-02  5.92753847e+02 
 9.85381357e-06  6.32017821e+02 -2.38751492e-02  5.88562172e+02 
 9.85408504e-06  6.32017807e+02 -2.44777436e-02  5.84078893e+02 
 9.85435410e-06  6.32017792e+02 -2.50680871e-02  5.79305235e+02 
 9.85462141e-06  6.32017778e+02 -2.56472732e-02  5.74222860e+02 
 9.85488666e-06  6.32017763e+02 -2.62142643e-02  5.68830988e+02 
 9.85515032e-06  6.32017748e+02 -2.67697203e-02  5.63113374e+02 
 9.85541220e-06  6.32017733e+02 -2.73128641e-02  5.57067649e+02 
 9.85567266e-06  6.32017718e+02 -2.78440522e-02  5.50679295e+02 
 9.85593158e-06  6.32017703e+02 -2.83626711e-02  5.43944704e+02 
 9.85618924e-06  6.32017687e+02 -2.88688619e-02  5.36850777e+02 
 9.85644558e-06  6.32017671e+02 -2.93621097e-02  5.29392956e+02 
 9.85670083e-06  6.32017655e+02 -2.98423987e-02  5.21559303e+02 
 9.85695497e-06  6.32017639e+02 -3.03092694e-02  5.13344540e+02 
 9.85720817e-06  6.32017622e+02 -3.07625884e-02  5.04737675e+02 
 9.85746046e-06  6.32017606e+02 -3.12019212e-02  4.95732888e+02 
 9.85771198e-06  6.32017589e+02 -3.16270434e-02  4.86319951e+02 
 9.85796276e-06  6.32017572e+02 -3.20375243e-02  4.76492631e+02 
 9.85821295e-06  6.32017555e+02 -3.24330648e-02  4.66241301e+02 
 9.85846258e-06  6.32017537e+02 -3.28132230e-02  4.55559403e+02 
 9.85871179e-06  6.32017520e+02 -3.31776351e-02  4.44437757e+02 
 9.85896064e-06  6.32017502e+02 -3.35258355e-02  4.32869519e+02 
 9.85920925e-06  6.32017484e+02 -3.38574005e-02  4.20845805e+02 
 9.85945769e-06  6.32017466e+02 -3.41718305e-02  4.08359471e+02 
 9.85970608e-06  6.32017448e+02 -3.44686418e-02  3.95401761e+02 
 9.85995452e-06  6.32017430e+02 -3.47472905e-02  3.81965164e+02 
 9.86020313e-06  6.32017412e+02 -3.50072291e-02  3.68040840e+02 
 9.86045200e-06  6.32017393e+02 -3.52478575e-02  3.53620769e+02 
 9.86070128e-06  6.32017374e+02 -3.54685562e-02  3.38695757e+02 
 9.86095109e-06  6.32017355e+02 -3.56686539e-02  3.23257025e+02 
 9.86120158e-06  6.32017336e+02 -3.58474453e-02  3.07294645e+02 
 9.86145289e-06  6.32017317e+02 -3.60041681e-02  2.90798682e+02 
 9.86170521e-06  6.32017298e+02 -3.61380091e-02  2.73757917e+02 
 9.86195870e-06  6.32017278e+02 -3.62480866e-02  2.56160618e+02 
 9.86221358e-06  6.32017258e+02 -3.63334464e-02  2.37993430e+02 
 9.86247007e-06  6.32017239e+02 -3.63930441e-02  2.19241787e+02 
 9.86272844e-06  6.32017219e+02 -3.64257318e-02  1.99888843e+02 
 9.86298898e-06  6.32017198e+02 -3.64302350e-02  1.79915474e+02 
 9.86325202e-06  6.32017178e+02 -3.64051259e-02  1.59299062e+02 
 9.86351662e-06  6.32017158e+02 -3.63491540e-02  1.38122118e+02 
 9.86378077e-06  6.32017137e+02 -3.62619256e-02  1.16562592e+02 
 9.86404567e-06  6.32017117e+02 -3.61423883e-02  9.45435103e+01 
 9.86431015e-06  6.32017096e+02 -3.59904531e-02  7.21868206e+01 
 9.86457534e-06  6.32017076e+02 -3.58048694e-02  4.94203797e+01 
 9.86484048e-06  6.32017056e+02 -3.55855686e-02  2.63384286e+01 
 9.86510642e-06  6.32017036e+02 -3.53312555e-02  2.89603241e+00 
 9.86537260e-06  6.32017016e+02 -3.50418371e-02 -2.08284507e+01 
 9.86563966e-06  6.32016996e+02 -3.47160529e-02 -4.48575892e+01 
 9.86590724e-06  6.32016977e+02 -3.43537480e-02 -6.91244665e+01 
 9.86617582e-06  6.32016957e+02 -3.39537166e-02 -9.36348095e+01 
 9.86644514e-06  6.32016938e+02 -3.35157885e-02 -1.18325582e+02 
 9.86671574e-06  6.32016919e+02 -3.30385409e-02 -1.43203758e+02 
 9.86698726e-06  6.32016900e+02 -3.25220656e-02 -1.68192361e+02 
 9.86726025e-06  6.32016881e+02 -3.19648441e-02 -1.93293224e+02 
 9.86753448e-06  6.32016863e+02 -3.13668217e-02 -2.18436232e+02 
 9.86781040e-06  6.32016844e+02 -3.07265645e-02 -2.43608747e+02 
 9.86808792e-06  6.32016826e+02 -3.00438451e-02 -2.68745234e+02 
 9.86836742e-06  6.32016809e+02 -2.93172999e-02 -2.93820234e+02 
 9.86864889e-06  6.32016791e+02 -2.85465200e-02 -3.18770046e+02 
 9.86893270e-06  6.32016774e+02 -2.77301642e-02 -3.43558239e+02 
 9.86921724e-06  6.32016758e+02 -2.68728407e-02 -3.67976647e+02 
 9.86947528e-06  6.32016743e+02 -2.60623079e-02 -3.89693835e+02 
 9.86972867e-06  6.32016730e+02 -2.52364139e-02 -4.10577034e+02 
 9.86996155e-06  6.32016717e+02 -2.44517036e-02 -4.29345742e+02 
 9.87019047e-06  6.32016706e+02 -2.36569178e-02 -4.47365161e+02 
 9.87040533e-06  6.32016695e+02 -2.28903660e-02 -4.63860132e+02 
 9.87061678e-06  6.32016685e+02 -2.21170272e-02 -4.79672079e+02 
 9.87081798e-06  6.32016675e+02 -2.13641124e-02 -4.94308247e+02 
 9.87101583e-06  6.32016667e+02 -2.06080379e-02 -5.08289256e+02 
 9.87120575e-06  6.32016658e+02 -1.98680115e-02 -5.21308639e+02 
 9.87139229e-06  6.32016651e+02 -1.91280038e-02 -5.33696582e+02 
 9.87157241e-06  6.32016644e+02 -1.84014469e-02 -5.45268148e+02 
 9.87174916e-06  6.32016637e+02 -1.76774247e-02 -5.56236605e+02 
 9.87192054e-06  6.32016630e+02 -1.69653086e-02 -5.66494010e+02 
 9.87208859e-06  6.32016625e+02 -1.62577032e-02 -5.76180361e+02 
 9.87225199e-06  6.32016619e+02 -1.55611574e-02 -5.85235862e+02 
 9.87241213e-06  6.32016614e+02 -1.48707081e-02 -5.93754324e+02 
 9.87256814e-06  6.32016609e+02 -1.41909498e-02 -6.01705857e+02 
 9.87272094e-06  6.32016604e+02 -1.35185984e-02 -6.09155136e+02 
 9.87286997e-06  6.32016600e+02 -1.28568993e-02 -6.16090705e+02 
 9.87301585e-06  6.32016596e+02 -1.22037264e-02 -6.22558860e+02 
 9.87315821e-06  6.32016593e+02 -1.15613984e-02 -6.28559393e+02 
 9.87329747e-06  6.32016589e+02 -1.09285883e-02 -6.34127015e+02 
 9.87343338e-06  6.32016586e+02 -1.03069834e-02 -6.39268281e+02 
 9.87356620e-06  6.32016584e+02 -9.69580991e-03 -6.44010612e+02 
 9.87369577e-06  6.32016581e+02 -9.09633060e-03 -6.48364555e+02 
 9.87382227e-06  6.32016579e+02 -8.50815779e-03 -6.52352950e+02 
 9.87394555e-06  6.32016576e+02 -7.93227572e-03 -6.55988645e+02 
 9.87406574e-06  6.32016574e+02 -7.36857209e-03 -6.59291605e+02 
 9.87418272e-06  6.32016573e+02 -6.81785727e-03 -6.62275965e+02 
 9.87429654e-06  6.32016571e+02 -6.28022369e-03 -6.64959892e+02 
 9.87440711e-06  6.32016570e+02 -5.75638611e-03 -6.67358210e+02 
 9.87451443e-06  6.32016568e+02 -5.24660118e-03 -6.69487967e+02 
 9.87461840e-06  6.32016567e+02 -4.75155105e-03 -6.71364341e+02 
 9.87471898e-06  6.32016566e+02 -4.27164095e-03 -6.73003697e+02 
 9.87481607e-06  6.32016566e+02 -3.80757856e-03 -6.74421386e+02 
 9.87490959e-06  6.32016565e+02 -3.35992647e-03 -6.75633375e+02 
 9.87499939e-06  6.32016564e+02 -2.92948263e-03 -6.76655112e+02 
 9.87508535e-06  6.32016564e+02 -2.51700718e-03 -6.77502363e+02 
 9.87516729e-06  6.32016563e+02 -2.12347883e-03 -6.78190664e+02 
 9.87524501e-06  6.32016563e+02 -1.74994862e-03 -6.78735734e+02 
 9.87531825e-06  6.32016563e+02 -1.39773397e-03 -6.79153243e+02 
 9.87538671e-06  6.32016563e+02 -1.06838842e-03 -6.79459026e+02 
 9.87544998e-06  6.32016562e+02 -7.63915656e-04 -6.79669019e+02 
 9.87550103e-06  6.32016562e+02 -5.18197557e-04 -6.79787586e+02 
 9.87554216e-06  6.32016562e+02 -3.20187681e-04 -6.79850061e+02 
 9.87557504e-06  6.32016562e+02 -1.61901571e-04 -6.79878777e+02 
 9.87560308e-06  6.32016562e+02 -2.69219605e-05 -6.79888368e+02 
 9.87563163e-06  6.32016562e+02  1.10516201e-04 -6.79884044e+02 
 9.87566073e-06  6.32016562e+02  2.50640775e-04 -6.79864999e+02 
 9.87570057e-06  6.32016562e+02  4.42402940e-04 -6.79814983e+02 
 9.87574472e-06  6.32016562e+02  6.54940461e-04 -6.79727206e+02 
 9.87579828e-06  6.32016563e+02  9.12690938e-04 -6.79575122e+02 
 9.87585538e-06  6.32016563e+02  1.18748557e-03 -6.79357868e+02 
 9.87591960e-06  6.32016563e+02  1.49637758e-03 -6.79045720e+02 
 9.87598695e-06  6.32016563e+02  1.82020863e-03 -6.78641216e+02 
 9.87606004e-06  6.32016563e+02  2.17148732e-03 -6.78112917e+02 
 9.87613618e-06  6.32016564e+02  2.53713621e-03 -6.77463944e+02 
 9.87621723e-06  6.32016564e+02  2.92603147e-03 -6.76662654e+02 
 9.87630128e-06  6.32016565e+02  3.32894900e-03 -6.75711502e+02 
 9.87638966e-06  6.32016565e+02  3.75207398e-03 -6.74579820e+02 
 9.87648100e-06  6.32016566e+02  4.18879399e-03 -6.73268695e+02 
 9.87657624e-06  6.32016567e+02  4.64338511e-03 -6.71749053e+02 
 9.87667441e-06  6.32016568e+02  5.11106485e-03 -6.70020212e+02 
 9.87677617e-06  6.32016569e+02  5.59476213e-03 -6.68054924e+02 
 9.87688081e-06  6.32016571e+02  6.09098579e-03 -6.65850588e+02 
 9.87698880e-06  6.32016572e+02  6.60171080e-03 -6.63381796e+02 
 9.87709966e-06  6.32016574e+02  7.12435881e-03 -6.60644051e+02 
 9.87721371e-06  6.32016575e+02  7.66022746e-03 -6.57613657e+02 
 9.87733060e-06  6.32016577e+02  8.20738415e-03 -6.54284336e+02 
 9.87745057e-06  6.32016580e+02  8.76664494e-03 -6.50633896e+02 
 9.87757338e-06  6.32016582e+02  9.33653382e-03 -6.46654434e+02 
 9.87769921e-06  6.32016585e+02  9.91752367e-03 -6.42325008e+02 
 9.87782789e-06  6.32016587e+02  1.05084610e-02 -6.37636243e+02 
 9.87795957e-06  6.32016590e+02  1.11095730e-02 -6.32568177e+02 
 9.87809413e-06  6.32016594e+02  1.17199331e-02 -6.27110091e+02 
 9.87823170e-06  6.32016597e+02  1.23395920e-02 -6.21242717e+02 
 9.87837222e-06  6.32016601e+02  1.29677815e-02 -6.14954077e+02 
 9.87851579e-06  6.32016605e+02  1.36044244e-02 -6.08225299e+02 
 9.87866239e-06  6.32016609e+02  1.42488621e-02 -6.01043165e+02 
 9.87881214e-06  6.32016614e+02  1.49009238e-02 -5.93388876e+02 
 9.87896504e-06  6.32016619e+02  1.55600256e-02 -5.85247920e+02 
 9.87912121e-06  6.32016624e+02  1.62259275e-02 -5.76601200e+02 
 9.87928070e-06  6.32016630e+02  1.68980959e-02 -5.67432740e+02 
 9.87944363e-06  6.32016636e+02  1.75762387e-02 -5.57722698e+02 
 9.87961010e-06  6.32016642e+02  1.82598555e-02 -5.47453322e+02 
 9.87978026e-06  6.32016649e+02  1.89486158e-02 -5.36603436e+02 
 9.87995422e-06  6.32016656e+02  1.96420417e-02 -5.25152983e+02 
 9.88013219e-06  6.32016664e+02  2.03397751e-02 -5.13078633e+02 
 9.88031434e-06  6.32016672e+02  2.10413553e-02 -5.00357163e+02 
 9.88050090e-06  6.32016680e+02  2.17464085e-02 -4.86961874e+02 
 9.88069213e-06  6.32016689e+02  2.24544920e-02 -4.72864974e+02 
 9.88088834e-06  6.32016699e+02  2.31652313e-02 -4.58034488e+02 
 9.88108987e-06  6.32016709e+02  2.38782124e-02 -4.42435691e+02 
 9.88129714e-06  6.32016719e+02  2.45930842e-02 -4.26028145e+02 
 9.88151064e-06  6.32016731e+02  2.53094891e-02 -4.08766023e+02 
 9.88173098e-06  6.32016743e+02  2.60271454e-02 -3.90594686e+02 
 9.88195888e-06  6.32016756e+02  2.67458153e-02 -3.71449290e+02 
 9.88219527e-06  6.32016769e+02  2.74653875e-02 -3.51249644e+02 
 9.88244128e-06  6.32016784e+02  2.81858962e-02 -3.29895213e+02 
 9.88269845e-06  6.32016799e+02  2.89076505e-02 -3.07254664e+02 
 9.88296883e-06  6.32016816e+02  2.96313759e-02 -2.83150714e+02 
 9.88325535e-06  6.32016834e+02  3.03585554e-02 -2.57330768e+02 
 9.88353381e-06  6.32016853e+02  3.10257780e-02 -2.32018964e+02 
 9.88381706e-06  6.32016872e+02  3.16641850e-02 -2.06111165e+02 
 9.88409164e-06  6.32016890e+02  3.22440752e-02 -1.80895291e+02 
 9.88436878e-06  6.32016909e+02  3.27903510e-02 -1.55396068e+02 
 9.88463973e-06  6.32016928e+02  3.32864990e-02 -1.30467981e+02 
 9.88491246e-06  6.32016948e+02  3.37480523e-02 -1.05426345e+02 
 9.88518078e-06  6.32016967e+02  3.41652126e-02 -8.08813576e+01 
 9.88545021e-06  6.32016987e+02  3.45474050e-02 -5.63690103e+01 
 9.88571637e-06  6.32017007e+02  3.48890683e-02 -3.23264693e+01 
 9.88598321e-06  6.32017026e+02  3.51960893e-02 -8.43126605e+00 
 9.88624760e-06  6.32017046e+02  3.54655349e-02  1.50022736e+01 
 9.88651235e-06  6.32017066e+02  3.57010783e-02  3.81946675e+01 
 9.88677527e-06  6.32017086e+02  3.59014690e-02  6.09253997e+01 
 9.88703839e-06  6.32017107e+02  3.60690149e-02  8.33425478e+01 
 9.88730016e-06  6.32017127e+02  3.62034568e-02  1.05291970e+02 
 9.88756203e-06  6.32017147e+02  3.63062926e-02  1.26871954e+02 
 9.88782294e-06  6.32017167e+02  3.63778248e-02  1.47975002e+02 
 9.88808392e-06  6.32017187e+02  3.64190848e-02  1.68665738e+02 
 9.88834423e-06  6.32017207e+02  3.64306762e-02  1.88869422e+02 
 9.88860463e-06  6.32017228e+02  3.64133715e-02  2.08628258e+02 
 9.88886461e-06  6.32017248e+02  3.63679205e-02  2.27890609e+02 
 9.88912470e-06  6.32017268e+02  3.62949583e-02  2.46683994e+02 
 9.88938459e-06  6.32017288e+02  3.61952909e-02  2.64973141e+02 
 9.88964251e-06  6.32017308e+02  3.60706224e-02  2.82631930e+02 
 9.88989860e-06  6.32017327e+02  3.59221613e-02  2.99671583e+02 
 9.89015277e-06  6.32017347e+02  3.57511854e-02  3.16091844e+02 
 9.89040544e-06  6.32017366e+02  3.55585772e-02  3.31924851e+02 
 9.89065675e-06  6.32017385e+02  3.53453088e-02  3.47183476e+02 
 9.89090701e-06  6.32017404e+02  3.51120923e-02  3.61892574e+02 
 9.89115633e-06  6.32017422e+02  3.48597557e-02  3.76062830e+02 
 9.89140494e-06  6.32017440e+02  3.45889234e-02  3.89712764e+02 
 9.89165292e-06  6.32017459e+02  3.43003202e-02  4.02851987e+02 
 9.89190046e-06  6.32017477e+02  3.39945020e-02  4.15495622e+02 
 9.89214763e-06  6.32017494e+02  3.36721049e-02  4.27653072e+02 
 9.89239459e-06  6.32017512e+02  3.33336279e-02  4.39337443e+02 
 9.89264141e-06  6.32017529e+02  3.29796319e-02  4.50558075e+02 
 9.89288823e-06  6.32017547e+02  3.26105686e-02  4.61326745e+02 
 9.89313511e-06  6.32017564e+02  3.22269360e-02  4.71652745e+02 
 9.89338218e-06  6.32017581e+02  3.18291448e-02  4.81546961e+02 
 9.89362950e-06  6.32017597e+02  3.14176390e-02  4.91018652e+02 
 9.89387717e-06  6.32017614e+02  3.09927927e-02  5.00078122e+02 
 9.89412527e-06  6.32017630e+02  3.05550022e-02  5.08734610e+02 
 9.89437388e-06  6.32017646e+02  3.01046077e-02  5.16998044e+02 
 9.89462310e-06  6.32017662e+02  2.96419625e-02  5.24877660e+02 
 9.89487299e-06  6.32017677e+02  2.91673740e-02  5.32383148e+02 
 9.89512363e-06  6.32017693e+02  2.86811560e-02  5.39523754e+02 
 9.89537511e-06  6.32017708e+02  2.81835838e-02  5.46309022e+02 
 9.89562750e-06  6.32017723e+02  2.76749335e-02  5.52748214e+02 
 9.89588088e-06  6.32017738e+02  2.71554486e-02  5.58850790e+02 
 9.89613534e-06  6.32017752e+02  2.66253686e-02  5.64626035e+02 
 9.89639095e-06  6.32017767e+02  2.60849042e-02  5.70083362e+02 
 9.89664780e-06  6.32017781e+02  2.55342587e-02  5.75232078e+02 
 9.89690596e-06  6.32017795e+02  2.49736091e-02  5.80081573e+02 
 9.89716554e-06  6.32017808e+02  2.44031218e-02  5.84641175e+02 
 9.89742660e-06  6.32017822e+02  2.38229380e-02  5.88920264e+02 
 9.89768925e-06  6.32017835e+02  2.32331858e-02  5.92928183e+02 
 9.89795358e-06  6.32017848e+02  2.26339688e-02  5.96674306e+02 
 9.89821968e-06  6.32017860e+02  2.20253742e-02  6.00167981e+02 
 9.89848765e-06  6.32017873e+02  2.14074648e-02  6.03418577e+02 
 9.89875761e-06  6.32017885e+02  2.07802840e-02  6.06435440e+02 
 9.89902966e-06  6.32017897e+02  2.01438498e-02  6.09227921e+02 
 9.89930392e-06  6.32017908e+02  1.94981581e-02  6.11805351e+02 
 9.89958050e-06  6.32017920e+02  1.88431773e-02  6.14177057e+02 
 9.89985955e-06  6.32017931e+02  1.81788508e-02  6.16352338e+02 
 9.90014118e-06  6.32017941e+02  1.75050922e-02  6.18340478e+02 
 9.90042555e-06  6.32017952e+02  1.68217865e-02  6.20150728e+02 
 9.90071281e-06  6.32017962e+02  1.61287867e-02  6.21792307e+02 
 9.90100311e-06  6.32017971e+02  1.54259137e-02  6.23274395e+02 
 9.90129663e-06  6.32017981e+02  1.47129542e-02  6.24606120e+02 
 9.90159354e-06  6.32017990e+02  1.39896606e-02  6.25796555e+02 
 9.90189404e-06  6.32017999e+02  1.32557505e-02  6.26854705e+02 
 9.90219833e-06  6.32018007e+02  1.25109089e-02  6.27789493e+02 
 9.90250427e-06  6.32018015e+02  1.17605243e-02  6.28603983e+02 
 9.90280874e-06  6.32018022e+02  1.10124569e-02  6.29302298e+02 
 9.90311201e-06  6.32018029e+02  1.02662574e-02  6.29898221e+02 
 9.90341171e-06  6.32018035e+02  9.52789992e-03  6.30400140e+02 
 9.90370741e-06  6.32018041e+02  8.79865829e-03  6.30820185e+02 
 9.90399641e-06  6.32018046e+02  8.08532120e-03  6.31166992e+02 
 9.90427658e-06  6.32018051e+02  7.39326306e-03  6.31450249e+02 
 9.90454372e-06  6.32018055e+02  6.73300612e-03  6.31677609e+02 
 9.90476566e-06  6.32018058e+02  6.18423776e-03  6.31838430e+02 
 9.90481641e-06  6.32018059e+02  6.05873720e-03  6.31871929e+02 
 9.90490594e-06  6.32018060e+02  5.83727820e-03  6.31928238e+02 
 9.90499028e-06  6.32018061e+02  5.62863332e-03  6.31978136e+02 
 9.90506186e-06  6.32018062e+02  5.45155819e-03  6.32018183e+02 
 9.90513184e-06  6.32018062e+02  5.27841558e-03  6.32055374e+02 
 9.90518279e-06  6.32018063e+02  5.15232960e-03  6.32081274e+02 
 9.90525142e-06  6.32018064e+02  4.98249504e-03  6.32114635e+02 
 9.90534183e-06  6.32018065e+02  4.75875426e-03  6.32156007e+02 
 9.90546466e-06  6.32018066e+02  4.45474980e-03  6.32207752e+02 
 9.90559734e-06  6.32018067e+02  4.12632775e-03  6.32258199e+02 
 9.90567322e-06  6.32018068e+02  3.93848116e-03  6.32284642e+02 
 9.90577156e-06  6.32018069e+02  3.69502248e-03  6.32316438e+02 
 9.90588825e-06  6.32018069e+02  3.40612660e-03  6.32350716e+02 
 9.90609802e-06  6.32018071e+02  2.88671283e-03  6.32403553e+02 
 9.90612356e-06  6.32018071e+02  2.82345967e-03  6.32409250e+02 
 9.90617465e-06  6.32018071e+02  2.69695094e-03  6.32420185e+02 
 9.90622706e-06  6.32018072e+02  2.56715501e-03  6.32430776e+02 
 9.90627945e-06  6.32018072e+02  2.43743036e-03  6.32440736e+02 
 9.90633043e-06  6.32018072e+02  2.31116689e-03  6.32449838e+02 
 9.90637985e-06  6.32018072e+02  2.18876564e-03  6.32458111e+02 
 9.90642787e-06  6.32018073e+02  2.06985240e-03  6.32465632e+02 
 9.90647491e-06  6.32018073e+02  1.95334325e-03  6.32472511e+02 
 9.90652644e-06  6.32018073e+02  1.82572153e-03  6.32479491e+02 
 9.90657308e-06  6.32018073e+02  1.71020852e-03  6.32485310e+02 
 9.90662289e-06  6.32018073e+02  1.58684093e-03  6.32491000e+02 
 9.90667037e-06  6.32018074e+02  1.46926082e-03  6.32495922e+02 
 9.90672193e-06  6.32018074e+02  1.34153704e-03  6.32500713e+02 
 9.90677552e-06  6.32018074e+02  1.20880388e-03  6.32505084e+02 
 9.90684014e-06  6.32018074e+02  1.04876088e-03  6.32509537e+02 
 9.90688623e-06  6.32018074e+02  9.34613250e-04  6.32512174e+02 
 9.90692362e-06  6.32018074e+02  8.42001394e-04  6.32513991e+02 
 9.90695839e-06  6.32018074e+02  7.55880168e-04  6.32515424e+02 
 9.90699405e-06  6.32018074e+02  6.67549521e-04  6.32516643e+02 
 9.90703128e-06  6.32018074e+02  5.75325712e-04  6.32517650e+02 
 9.90706947e-06  6.32018074e+02  4.80733029e-04  6.32518407e+02 
 9.90710803e-06  6.32018074e+02  3.85242300e-04  6.32518896e+02 
 9.90714991e-06  6.32018074e+02  2.81501051e-04  6.32519122e+02 
 9.90718866e-06  6.32018074e+02  1.85507094e-04  6.32519055e+02 
 9.90722998e-06  6.32018074e+02  8.31650757e-05  6.32518701e+02 
 9.90726924e-06  6.32018074e+02 -1.40665310e-05  6.32518100e+02 
 9.90731128e-06  6.32018074e+02 -1.18194304e-04  6.32517178e+02 
 9.90735273e-06  6.32018074e+02 -2.20871455e-04  6.32515993e+02 
 9.90739768e-06  6.32018074e+02 -3.32198057e-04  6.32514404e+02 
 9.90744377e-06  6.32018074e+02 -4.46368414e-04  6.32512450e+02 
 9.90749520e-06  6.32018074e+02 -5.73742381e-04  6.32509886e+02 
 9.90755148e-06  6.32018074e+02 -7.13152231e-04  6.32506617e+02 
 9.90762141e-06  6.32018074e+02 -8.86347042e-04  6.32501876e+02 
 9.90768735e-06  6.32018074e+02 -1.04967156e-03  6.32496704e+02 
 9.90773670e-06  6.32018074e+02 -1.17190629e-03  6.32492377e+02 
 9.90778352e-06  6.32018074e+02 -1.28785123e-03  6.32487905e+02 
 9.90783081e-06  6.32018074e+02 -1.40498057e-03  6.32483012e+02 
 9.90787997e-06  6.32018073e+02 -1.52674214e-03  6.32477517e+02 
 9.90793580e-06  6.32018073e+02 -1.66501680e-03  6.32470755e+02 
 9.90798651e-06  6.32018073e+02 -1.79060381e-03  6.32464118e+02 
 9.90804163e-06  6.32018073e+02 -1.92710415e-03  6.32456354e+02 
 9.90809375e-06  6.32018073e+02 -2.05617252e-03  6.32448468e+02 
 9.90815009e-06  6.32018072e+02 -2.19571165e-03  6.32439328e+02 
 9.90820602e-06  6.32018072e+02 -2.33422616e-03  6.32429606e+02 
 9.90826685e-06  6.32018072e+02 -2.48484072e-03  6.32418277e+02 
 9.90832981e-06  6.32018071e+02 -2.64076085e-03  6.32405692e+02 
 9.90839926e-06  6.32018071e+02 -2.81273503e-03  6.32390768e+02 
 9.90847444e-06  6.32018071e+02 -2.99890251e-03  6.32373337e+02 
 9.90855995e-06  6.32018070e+02 -3.21062916e-03  6.32351838e+02 
 9.90865876e-06  6.32018069e+02 -3.45526729e-03  6.32324685e+02 
 9.90878080e-06  6.32018068e+02 -3.75738894e-03  6.32287557e+02 
 9.90890155e-06  6.32018067e+02 -4.05631604e-03  6.32246684e+02 
 9.90900725e-06  6.32018066e+02 -4.31794400e-03  6.32207330e+02 
 9.90910128e-06  6.32018066e+02 -4.55068081e-03  6.32169354e+02 
 9.90915222e-06  6.32018065e+02 -4.67676265e-03  6.32147563e+02 
 9.90921611e-06  6.32018064e+02 -4.83486922e-03  6.32118984e+02 
 9.90928496e-06  6.32018064e+02 -5.00525081e-03  6.32086577e+02 
 9.90934818e-06  6.32018063e+02 -5.16167797e-03  6.32055302e+02 
 9.90939767e-06  6.32018062e+02 -5.28413139e-03  6.32029773e+02 
 9.90944845e-06  6.32018062e+02 -5.40974882e-03  6.32002600e+02 
 9.90950579e-06  6.32018061e+02 -5.55161763e-03  6.31970681e+02 
 9.90958002e-06  6.32018060e+02 -5.73524269e-03  6.31927371e+02 
 9.90966983e-06  6.32018059e+02 -5.95739250e-03  6.31871846e+02 
 9.90974976e-06  6.32018058e+02 -6.15507038e-03  6.31819437e+02 
 9.90983186e-06  6.32018057e+02 -6.35809117e-03  6.31762542e+02 
 9.90991446e-06  6.32018056e+02 -6.56232449e-03  6.31702040e+02 
 9.91000346e-06  6.32018055e+02 -6.78233611e-03  6.31633041e+02 
 9.91009374e-06  6.32018053e+02 -7.00547706e-03  6.31558833e+02 
 9.91018934e-06  6.32018052e+02 -7.24174406e-03  6.31475409e+02 
 9.91028565e-06  6.32018050e+02 -7.47971814e-03  6.31386106e+02 
 9.91038675e-06  6.32018049e+02 -7.72946622e-03  6.31286420e+02 
 9.91048860e-06  6.32018047e+02 -7.98101368e-03  6.31179544e+02 
 9.91059500e-06  6.32018045e+02 -8.24373478e-03  6.31060650e+02 
 9.91080781e-06  6.32018041e+02 -8.76895057e-03  6.30799205e+02 
 9.91105976e-06  6.32018036e+02 -9.39033651e-03  6.30445369e+02 
 9.91129427e-06  6.32018032e+02 -9.96822810e-03  6.30068413e+02 
 9.91159150e-06  6.32018025e+02 -1.06999149e-02  6.29517298e+02 
 9.91191836e-06  6.32018017e+02 -1.15033872e-02  6.28805445e+02 
 9.91224968e-06  6.32018009e+02 -1.23163608e-02  6.27956646e+02 
 9.91259117e-06  6.32018000e+02 -1.31525082e-02  6.26931046e+02 
 9.91291678e-06  6.32017990e+02 -1.39478061e-02  6.25793879e+02 
 9.91324437e-06  6.32017980e+02 -1.47457116e-02  6.24475466e+02 
 9.91355874e-06  6.32017970e+02 -1.55089778e-02  6.23029051e+02 
 9.91387335e-06  6.32017960e+02 -1.62701282e-02  6.21386692e+02 
 9.91417837e-06  6.32017949e+02 -1.70051591e-02  6.19591641e+02 
 9.91448275e-06  6.32017938e+02 -1.77354530e-02  6.17584458e+02 
 9.91477992e-06  6.32017926e+02 -1.84449542e-02  6.15400400e+02 
 9.91507584e-06  6.32017914e+02 -1.91477063e-02  6.12988497e+02 
 9.91536611e-06  6.32017902e+02 -1.98329785e-02  6.10376651e+02 
 9.91565479e-06  6.32017890e+02 -2.05100996e-02  6.07521256e+02 
 9.91593893e-06  6.32017877e+02 -2.11718937e-02  6.04443603e+02 
 9.91622132e-06  6.32017864e+02 -2.18245812e-02  6.01106432e+02 
 9.91650000e-06  6.32017851e+02 -2.24633340e-02  5.97525347e+02 
 9.91677691e-06  6.32017838e+02 -2.30922894e-02  5.93668511e+02 
 9.91705073e-06  6.32017824e+02 -2.37081681e-02  5.89546768e+02 
 9.91732282e-06  6.32017810e+02 -2.43137001e-02  5.85132858e+02 
 9.91759232e-06  6.32017796e+02 -2.49066285e-02  5.80433704e+02 
 9.91786017e-06  6.32017782e+02 -2.54887269e-02  5.75425861e+02 
 9.91812582e-06  6.32017767e+02 -2.60584117e-02  5.70113073e+02 
 9.91838996e-06  6.32017752e+02 -2.66168014e-02  5.64475045e+02 
 9.91865220e-06  6.32017737e+02 -2.71627536e-02  5.58512975e+02 
 9.91891307e-06  6.32017722e+02 -2.76969341e-02  5.52209154e+02 
 9.91917232e-06  6.32017707e+02 -2.82184858e-02  5.45562769e+02 
 9.91943034e-06  6.32017691e+02 -2.87277585e-02  5.38558218e+02 
 9.91968698e-06  6.32017675e+02 -2.92240758e-02  5.31193123e+02 
 9.91994253e-06  6.32017659e+02 -2.97075629e-02  5.23453593e+02 
 9.92019693e-06  6.32017643e+02 -3.01776538e-02  5.15336038e+02 
 9.92045039e-06  6.32017627e+02 -3.06343109e-02  5.06827952e+02 
 9.92070289e-06  6.32017610e+02 -3.10770303e-02  4.97924818e+02 
 9.92095463e-06  6.32017593e+02 -3.15056528e-02  4.88615236e+02 
 9.92120559e-06  6.32017576e+02 -3.19197036e-02  4.78893979e+02 
 9.92145595e-06  6.32017559e+02 -3.23189285e-02  4.68750518e+02 
 9.92170572e-06  6.32017542e+02 -3.27028583e-02  4.58179070e+02 
 9.92195506e-06  6.32017525e+02 -3.30711609e-02  4.47169769e+02 
 9.92220401e-06  6.32017507e+02 -3.34233551e-02  4.35716370e+02 
 9.92245269e-06  6.32017489e+02 -3.37590400e-02  4.23809472e+02 
 9.92270118e-06  6.32017471e+02 -3.40777086e-02  4.11442405e+02 
 9.92294961e-06  6.32017453e+02 -3.43788949e-02  3.98606032e+02 
 9.92319805e-06  6.32017435e+02 -3.46620531e-02  3.85293226e+02 
 9.92344663e-06  6.32017417e+02 -3.49266506e-02  3.71494886e+02 
 9.92369545e-06  6.32017398e+02 -3.51720902e-02  3.57203317e+02 
 9.92394465e-06  6.32017379e+02 -3.53977659e-02  3.42409172e+02 
 9.92419434e-06  6.32017360e+02 -3.56030134e-02  3.27103976e+02 
 9.92444467e-06  6.32017341e+02 -3.57871415e-02  3.11277753e+02 
 9.92469580e-06  6.32017322e+02 -3.59493990e-02  2.94920885e+02 
 9.92494788e-06  6.32017303e+02 -3.60889891e-02  2.78022231e+02 
 9.92520109e-06  6.32017284e+02 -3.62050462e-02  2.60570433e+02 
 9.92545564e-06  6.32017264e+02 -3.62966366e-02  2.42552370e+02 
 9.92571174e-06  6.32017244e+02 -3.63627390e-02  2.23953984e+02 
 9.92596966e-06  6.32017224e+02 -3.64022338e-02  2.04758889e+02 
 9.92622966e-06  6.32017204e+02 -3.64138799e-02  1.84948717e+02 
 9.92649209e-06  6.32017184e+02 -3.63962908e-02  1.64501679e+02 
 9.92675705e-06  6.32017163e+02 -3.63479646e-02  1.43413699e+02 
 9.92702087e-06  6.32017143e+02 -3.62687013e-02  1.21993815e+02 
 9.92728610e-06  6.32017122e+02 -3.61570777e-02  1.00055768e+02 
 9.92755031e-06  6.32017102e+02 -3.60134724e-02  7.78230343e+01 
 9.92781570e-06  6.32017082e+02 -3.58361248e-02  5.51367023e+01 
 9.92808060e-06  6.32017062e+02 -3.56255112e-02  3.21645754e+01 
 9.92834661e-06  6.32017042e+02 -3.53797888e-02  8.79779999e+00 
 9.92861256e-06  6.32017022e+02 -3.50994062e-02 -1.48318266e+01 
 9.92887961e-06  6.32017002e+02 -3.47825820e-02 -3.87932931e+01 
 9.92914696e-06  6.32016982e+02 -3.44296599e-02 -6.29810521e+01 
 9.92941544e-06  6.32016963e+02 -3.40389688e-02 -8.74344786e+01 
 9.92968454e-06  6.32016943e+02 -3.36107062e-02 -1.12066619e+02 
 9.92995487e-06  6.32016924e+02 -3.31433680e-02 -1.36891943e+02 
 9.93022620e-06  6.32016905e+02 -3.26368088e-02 -1.61845124e+02 
 9.93049886e-06  6.32016886e+02 -3.20898859e-02 -1.86910835e+02 
 9.93077281e-06  6.32016868e+02 -3.15021871e-02 -2.12035650e+02 
 9.93104835e-06  6.32016849e+02 -3.08726269e-02 -2.37193232e+02 
 9.93132551e-06  6.32016831e+02 -3.02006720e-02 -2.62330864e+02 
 9.93160455e-06  6.32016814e+02 -2.94852469e-02 -2.87413488e+02 
 9.93188556e-06  6.32016796e+02 -2.87257030e-02 -3.12386619e+02 
 9.93216883e-06  6.32016779e+02 -2.79209320e-02 -3.37207402e+02 
 9.93245449e-06  6.32016763e+02 -2.70701468e-02 -3.61818165e+02 
 9.93271768e-06  6.32016748e+02 -2.62520546e-02 -3.84065482e+02 
 9.93297296e-06  6.32016734e+02 -2.54277694e-02 -4.05204896e+02 
 9.93320992e-06  6.32016721e+02 -2.46361043e-02 -4.24399528e+02 
 9.93344032e-06  6.32016709e+02 -2.38423871e-02 -4.42633181e+02 
 9.93365806e-06  6.32016698e+02 -2.30711098e-02 -4.59444899e+02 
 9.93387070e-06  6.32016688e+02 -2.22985062e-02 -4.75442746e+02 
 9.93407407e-06  6.32016679e+02 -2.15421388e-02 -4.90331069e+02 
 9.93427299e-06  6.32016670e+02 -2.07862534e-02 -5.04483044e+02 
 9.93446464e-06  6.32016661e+02 -2.00434334e-02 -5.17714261e+02 
 9.93465218e-06  6.32016653e+02 -1.93030888e-02 -5.30262024e+02 
 9.93483375e-06  6.32016646e+02 -1.85740978e-02 -5.42017319e+02 
 9.93501145e-06  6.32016639e+02 -1.78493007e-02 -5.53135363e+02 
 9.93518407e-06  6.32016633e+02 -1.71349368e-02 -5.63555495e+02 
 9.93535303e-06  6.32016627e+02 -1.64261941e-02 -5.73381654e+02 
 9.93551753e-06  6.32016621e+02 -1.57274718e-02 -5.82583397e+02 
 9.93567854e-06  6.32016616e+02 -1.50355776e-02 -5.91232273e+02 
 9.93583553e-06  6.32016611e+02 -1.43536352e-02 -5.99316519e+02 
 9.93598918e-06  6.32016606e+02 -1.36795700e-02 -6.06887164e+02 
 9.93613913e-06  6.32016602e+02 -1.30156242e-02 -6.13943875e+02 
 9.93628583e-06  6.32016598e+02 -1.23604945e-02 -6.20524662e+02 
 9.93642906e-06  6.32016594e+02 -1.17158182e-02 -6.26636081e+02 
 9.93656912e-06  6.32016591e+02 -1.10808249e-02 -6.32307871e+02 
 9.93670586e-06  6.32016588e+02 -1.04567406e-02 -6.37550662e+02 
 9.93683948e-06  6.32016585e+02 -9.84316590e-03 -6.42388929e+02 
 9.93696986e-06  6.32016582e+02 -9.24105215e-03 -6.46835649e+02 
 9.93709715e-06  6.32016580e+02 -8.65026143e-03 -6.50911941e+02 
 9.93722124e-06  6.32016578e+02 -8.07156808e-03 -6.54632086e+02 
 9.93734222e-06  6.32016576e+02 -7.50502428e-03 -6.58015063e+02 
 9.93746001e-06  6.32016574e+02 -6.95129874e-03 -6.61075834e+02 
 9.93757464e-06  6.32016572e+02 -6.41058985e-03 -6.63832016e+02 
 9.93768604e-06  6.32016571e+02 -5.88351578e-03 -6.66298901e+02 
 9.93779418e-06  6.32016570e+02 -5.37039853e-03 -6.68493238e+02 
 9.93789901e-06  6.32016568e+02 -4.87185251e-03 -6.70430459e+02 
 9.93800046e-06  6.32016567e+02 -4.38831926e-03 -6.72126772e+02 
 9.93809844e-06  6.32016567e+02 -3.92045546e-03 -6.73597660e+02 
 9.93819287e-06  6.32016566e+02 -3.46883768e-03 -6.74859006e+02 
 9.93828362e-06  6.32016565e+02 -3.03421985e-03 -6.75926319e+02 
 9.93837057e-06  6.32016565e+02 -2.61735575e-03 -6.76815316e+02 
 9.93845354e-06  6.32016564e+02 -2.21917671e-03 -6.77541550e+02 
 9.93853235e-06  6.32016564e+02 -1.84070264e-03 -6.78120702e+02 
 9.93860674e-06  6.32016564e+02 -1.48318411e-03 -6.78568431e+02 
 9.93867644e-06  6.32016563e+02 -1.14810002e-03 -6.78900524e+02 
 9.93874106e-06  6.32016563e+02 -8.37328041e-04 -6.79132872e+02 
 9.93879383e-06  6.32016563e+02 -5.83472634e-04 -6.79268672e+02 
 9.93883699e-06  6.32016563e+02 -3.75853225e-04 -6.79343658e+02 
 9.93887219e-06  6.32016563e+02 -2.06511091e-04 -6.79380785e+02 
 9.93890043e-06  6.32016563e+02 -7.05972247e-05 -6.79394963e+02 
 9.93892845e-06  6.32016563e+02  6.42200955e-05 -6.79395286e+02 
 9.93895760e-06  6.32016563e+02  2.04451285e-04 -6.79381102e+02 
 9.93899319e-06  6.32016563e+02  3.75676768e-04 -6.79343705e+02 
 9.93903682e-06  6.32016563e+02  5.85592987e-04 -6.79267734e+02 
 9.93908681e-06  6.32016563e+02  8.26060443e-04 -6.79139920e+02 
 9.93914343e-06  6.32016563e+02  1.09838175e-03 -6.78942572e+02 
 9.93920497e-06  6.32016564e+02  1.39424953e-03 -6.78664804e+02 
 9.93927176e-06  6.32016564e+02  1.71527969e-03 -6.78288726e+02 
 9.93934273e-06  6.32016564e+02  2.05620663e-03 -6.77804158e+02 
 9.93941821e-06  6.32016564e+02  2.41858963e-03 -6.77192784e+02 
 9.93949749e-06  6.32016565e+02  2.79888926e-03 -6.76444301e+02 
 9.93958081e-06  6.32016565e+02  3.19821444e-03 -6.75540356e+02 
 9.93966767e-06  6.32016566e+02  3.61400728e-03 -6.74470383e+02 
 9.93975824e-06  6.32016567e+02  4.04696121e-03 -6.73216302e+02 
 9.93985215e-06  6.32016568e+02  4.49516886e-03 -6.71767184e+02 
 9.93994950e-06  6.32016569e+02  4.95902102e-03 -6.70105340e+02 
 9.94005005e-06  6.32016570e+02  5.43706599e-03 -6.68219397e+02 
 9.94015387e-06  6.32016571e+02  5.92947984e-03 -6.66092075e+02 
 9.94026075e-06  6.32016572e+02  6.43513172e-03 -6.63711523e+02 
 9.94037077e-06  6.32016574e+02  6.95404447e-03 -6.61060843e+02 
 9.94048377e-06  6.32016576e+02  7.48531305e-03 -6.58127702e+02 
 9.94059981e-06  6.32016578e+02  8.02885015e-03 -6.54895528e+02 
 9.94071879e-06  6.32016580e+02  8.58390969e-03 -6.51351511e+02 
 9.94084074e-06  6.32016582e+02  9.15032489e-03 -6.47479322e+02 
 9.94096560e-06  6.32016585e+02  9.72746092e-03 -6.43265678e+02 
 9.94109341e-06  6.32016587e+02  1.03150930e-02 -6.38694392e+02 
 9.94122413e-06  6.32016590e+02  1.09126635e-02 -6.33751697e+02 
 9.94135781e-06  6.32016593e+02  1.15199045e-02 -6.28421427e+02 
 9.94149442e-06  6.32016597e+02  1.21363107e-02 -6.22689291e+02 
 9.94163402e-06  6.32016601e+02  1.27615812e-02 -6.16539005e+02 
 9.94177662e-06  6.32016604e+02  1.33952455e-02 -6.09955681e+02 
 9.94192228e-06  6.32016609e+02  1.40369763e-02 -6.02922738e+02 
 9.94207103e-06  6.32016613e+02  1.46863250e-02 -5.95424568e+02 
 9.94222294e-06  6.32016618e+02  1.53429428e-02 -5.87444071e+02 
 9.94237807e-06  6.32016623e+02  1.60063932e-02 -5.78964724e+02 
 9.94253652e-06  6.32016629e+02  1.66763095e-02 -5.69968611e+02 
 9.94269836e-06  6.32016635e+02  1.73522613e-02 -5.60437997e+02 
 9.94286371e-06  6.32016641e+02  1.80338664e-02 -5.50353737e+02 
 9.94303269e-06  6.32016648e+02  1.87206969e-02 -5.39696439e+02 
 9.94320545e-06  6.32016655e+02  1.94123582e-02 -5.28445140e+02 
 9.94338214e-06  6.32016662e+02  2.01084235e-02 -5.16578106e+02 
 9.94356295e-06  6.32016670e+02  2.08084903e-02 -5.04071678e+02 
 9.94374810e-06  6.32016678e+02  2.15121355e-02 -4.90900721e+02 
 9.94393784e-06  6.32016687e+02  2.22189562e-02 -4.77037515e+02 
 9.94413244e-06  6.32016696e+02  2.29285405e-02 -4.62451816e+02 
 9.94433225e-06  6.32016706e+02  2.36404990e-02 -4.47109623e+02 
 9.94453767e-06  6.32016717e+02  2.43544488e-02 -4.30972709e+02 
 9.94474915e-06  6.32016728e+02  2.50700420e-02 -4.13996961e+02 
 9.94496726e-06  6.32016740e+02  2.57869628e-02 -3.96131014e+02 
 9.94519268e-06  6.32016752e+02  2.65049623e-02 -3.77313511e+02 
 9.94542627e-06  6.32016766e+02  2.72238780e-02 -3.57469880e+02 
 9.94566910e-06  6.32016780e+02  2.79436937e-02 -3.36506828e+02 
 9.94592255e-06  6.32016795e+02  2.86646121e-02 -3.14304377e+02 
 9.94618848e-06  6.32016811e+02  2.93872027e-02 -2.90702217e+02 
 9.94646948e-06  6.32016829e+02  3.01126531e-02 -2.65476344e+02 
 9.94675195e-06  6.32016848e+02  3.08020144e-02 -2.39881419e+02 
 9.94703267e-06  6.32016866e+02  3.14471994e-02 -2.14266119e+02 
 9.94731101e-06  6.32016885e+02  3.20474051e-02 -1.88747560e+02 
 9.94758652e-06  6.32016904e+02  3.26026289e-02 -1.63422939e+02 
 9.94786015e-06  6.32016923e+02  3.31156903e-02 -1.38258177e+02 
 9.94813175e-06  6.32016942e+02  3.35871639e-02 -1.13313997e+02 
 9.94840198e-06  6.32016962e+02  3.40189893e-02 -8.85741577e+01 
 9.94867069e-06  6.32016981e+02  3.44116456e-02 -6.40954745e+01 
 9.94893828e-06  6.32017001e+02  3.47665068e-02 -3.98775563e+01 
 9.94920460e-06  6.32017021e+02  3.50840856e-02 -1.59722436e+01 
 9.94947009e-06  6.32017041e+02  3.53656544e-02  7.62725022e+00 
 9.94973452e-06  6.32017061e+02  3.56117024e-02  3.08691105e+01 
 9.94999826e-06  6.32017081e+02  3.58233331e-02  5.37582804e+01 
 9.95026118e-06  6.32017101e+02  3.60011614e-02  7.62548413e+01 
 9.95052356e-06  6.32017121e+02  3.61461297e-02  9.83593311e+01 
 9.95078531e-06  6.32017141e+02  3.62589240e-02  1.20041452e+02 
 9.95104667e-06  6.32017161e+02  3.63403805e-02  1.41298989e+02 
 9.95130757e-06  6.32017181e+02  3.63912171e-02  1.62109045e+02 
 9.95156821e-06  6.32017202e+02  3.64122019e-02  1.82468153e+02 
 9.95182855e-06  6.32017222e+02  3.64040615e-02  2.02359211e+02 
 9.95208875e-06  6.32017242e+02  3.63675189e-02  2.21778568e+02 
 9.95234880e-06  6.32017262e+02  3.63032954e-02  2.40713704e+02 
 9.95260883e-06  6.32017282e+02  3.62120828e-02  2.59161461e+02 
 9.95286780e-06  6.32017302e+02  3.60951081e-02  2.77042397e+02 
 9.95312421e-06  6.32017322e+02  3.59542980e-02  2.94253980e+02 
 9.95337927e-06  6.32017341e+02  3.57902534e-02  3.10882248e+02 
 9.95363220e-06  6.32017360e+02  3.56046563e-02  3.26881102e+02 
 9.95388414e-06  6.32017379e+02  3.53977757e-02  3.42328246e+02 
 9.95413458e-06  6.32017398e+02  3.51710371e-02  3.57196979e+02 
 9.95438435e-06  6.32017417e+02  3.49246398e-02  3.71541495e+02 
 9.95463308e-06  6.32017435e+02  3.46598151e-02  3.85345885e+02 
 9.95488137e-06  6.32017453e+02  3.43767617e-02  3.98648484e+02 
 9.95512898e-06  6.32017471e+02  3.40765346e-02  4.11441518e+02 
 9.95537635e-06  6.32017489e+02  3.37593440e-02  4.23753357e+02 
 9.95562334e-06  6.32017507e+02  3.34260890e-02  4.35581968e+02 
 9.95587027e-06  6.32017524e+02  3.30769935e-02  4.46949204e+02 
 9.95611706e-06  6.32017542e+02  3.27128239e-02  4.57856869e+02 
 9.95636396e-06  6.32017559e+02  3.23338161e-02  4.68322484e+02 
 9.95661095e-06  6.32017576e+02  3.19406254e-02  4.78350389e+02 
 9.95685823e-06  6.32017592e+02  3.15334948e-02  4.87955236e+02 
 9.95710577e-06  6.32017609e+02  3.11129868e-02  4.97143040e+02 
 9.95735376e-06  6.32017625e+02  3.06793454e-02  5.05926562e+02 
 9.95760221e-06  6.32017641e+02  3.02330548e-02  5.14312932e+02 
 9.95785125e-06  6.32017657e+02  2.97743542e-02  5.22313675e+02 
 9.95810092e-06  6.32017673e+02  2.93036609e-02  5.29936661e+02 
 9.95835134e-06  6.32017688e+02  2.88212040e-02  5.37192613e+02 
 9.95860255e-06  6.32017703e+02  2.83273425e-02  5.44089897e+02 
 9.95885466e-06  6.32017719e+02  2.78222907e-02  5.50638726e+02 
 9.95910772e-06  6.32017733e+02  2.73063556e-02  5.56847798e+02 
 9.95936184e-06  6.32017748e+02  2.67797323e-02  5.62727001e+02 
 9.95961708e-06  6.32017762e+02  2.62426802e-02  5.68285262e+02 
 9.95987353e-06  6.32017777e+02  2.56953713e-02  5.73532268e+02 
 9.96013127e-06  6.32017790e+02  2.51380204e-02  5.78477097e+02 
 9.96039039e-06  6.32017804e+02  2.45707723e-02  5.83129315e+02 
 9.96065096e-06  6.32017818e+02  2.39937983e-02  5.87498102e+02 
 9.96091310e-06  6.32017831e+02  2.34072125e-02  5.91592947e+02 
 9.96117687e-06  6.32017844e+02  2.28111427e-02  5.95423100e+02 
 9.96144239e-06  6.32017857e+02  2.22056685e-02  5.98997997e+02 
 9.96170975e-06  6.32017869e+02  2.15908724e-02  6.02326926e+02 
 9.96197905e-06  6.32017881e+02  2.09667953e-02  6.05419288e+02 
 9.96225040e-06  6.32017893e+02  2.03334725e-02  6.08284384e+02 
 9.96252392e-06  6.32017905e+02  1.96909010e-02  6.10931578e+02 
 9.96279972e-06  6.32017916e+02  1.90390654e-02  6.13370164e+02 
 9.96307793e-06  6.32017927e+02  1.83779135e-02  6.15609465e+02 
 9.96335868e-06  6.32017938e+02  1.77073746e-02  6.17658746e+02 
 9.96364212e-06  6.32017948e+02  1.70273414e-02  6.19527271e+02 
 9.96392838e-06  6.32017959e+02  1.63376829e-02  6.21224254e+02 
 9.96421763e-06  6.32017968e+02  1.56382305e-02  6.22758883e+02 
 9.96451003e-06  6.32017978e+02  1.49287880e-02  6.24140289e+02 
 9.96480576e-06  6.32017987e+02  1.42091210e-02  6.25377557e+02 
 9.96510499e-06  6.32017996e+02  1.34789653e-02  6.26479698e+02 
 9.96540793e-06  6.32018004e+02  1.27380212e-02  6.27455654e+02 
 9.96571477e-06  6.32018012e+02  1.19859622e-02  6.28314268e+02 
 9.96601959e-06  6.32018020e+02  1.12375108e-02  6.29050574e+02 
 9.96632461e-06  6.32018027e+02  1.04873887e-02  6.29683074e+02 
 9.96662576e-06  6.32018034e+02  9.74580548e-03  6.30216233e+02 
 9.96692426e-06  6.32018039e+02  9.00992712e-03  6.30665203e+02 
 9.96721644e-06  6.32018045e+02  8.28897583e-03  6.31036873e+02 
 9.96750153e-06  6.32018050e+02  7.58495755e-03  6.31342567e+02 
 9.96777508e-06  6.32018054e+02  6.90902322e-03  6.31589346e+02 
 9.96803344e-06  6.32018058e+02  6.27030866e-03  6.31785595e+02 
 9.96823512e-06  6.32018060e+02  5.77151978e-03  6.31916718e+02 
 9.96827843e-06  6.32018061e+02  5.66438727e-03  6.31942555e+02 
 9.96835171e-06  6.32018061e+02  5.48308741e-03  6.31984503e+02 
 9.96842106e-06  6.32018062e+02  5.31152859e-03  6.32022205e+02 
 9.96850426e-06  6.32018063e+02  5.10565368e-03  6.32064987e+02 
 9.96857294e-06  6.32018064e+02  4.93570622e-03  6.32098356e+02 
 9.96866491e-06  6.32018065e+02  4.70813041e-03  6.32140393e+02 
 9.96875570e-06  6.32018066e+02  4.48342477e-03  6.32179053e+02 
 9.96882410e-06  6.32018066e+02  4.31413647e-03  6.32206388e+02 
 9.96891108e-06  6.32018067e+02  4.09884295e-03  6.32239019e+02 
 9.96898619e-06  6.32018068e+02  3.91289244e-03  6.32265354e+02 
 9.96908532e-06  6.32018069e+02  3.66748687e-03  6.32297602e+02 
 9.96916889e-06  6.32018069e+02  3.46060528e-03  6.32322662e+02 
 9.96929977e-06  6.32018070e+02  3.13656160e-03  6.32358201e+02 
 9.96935696e-06  6.32018071e+02  2.99494099e-03  6.32372366e+02 
 9.96947136e-06  6.32018071e+02  2.71168698e-03  6.32398316e+02 
 9.96954131e-06  6.32018072e+02  2.53845312e-03  6.32412671e+02 
 9.96961166e-06  6.32018072e+02  2.36425251e-03  6.32425983e+02 
 9.96967547e-06  6.32018072e+02  2.20622384e-03  6.32437107e+02 
 9.96973536e-06  6.32018073e+02  2.05791132e-03  6.32446738e+02 
 9.96979279e-06  6.32018073e+02  1.91568264e-03  6.32455248e+02 
 9.96984920e-06  6.32018073e+02  1.77597974e-03  6.32462923e+02 
 9.96991074e-06  6.32018073e+02  1.62356315e-03  6.32470531e+02 
 9.96996732e-06  6.32018073e+02  1.48343100e-03  6.32476828e+02 
 9.97002821e-06  6.32018074e+02  1.33264300e-03  6.32482861e+02 
 9.97008875e-06  6.32018074e+02  1.18270005e-03  6.32488103e+02 
 9.97015813e-06  6.32018074e+02  1.01085221e-03  6.32493194e+02 
 9.97024529e-06  6.32018074e+02  7.94992018e-04  6.32498221e+02 
 9.97028494e-06  6.32018074e+02  6.96778863e-04  6.32500012e+02 
 9.97032988e-06  6.32018074e+02  5.85464899e-04  6.32501672e+02 
 9.97037228e-06  6.32018074e+02  4.80446915e-04  6.32502885e+02 
 9.97041633e-06  6.32018074e+02  3.71363796e-04  6.32503788e+02 
 9.97046112e-06  6.32018074e+02  2.60422284e-04  6.32504339e+02 
 9.97050664e-06  6.32018074e+02  1.47669223e-04  6.32504528e+02 
 9.97055578e-06  6.32018074e+02  2.59707405e-05  6.32504320e+02 
 9.97060206e-06  6.32018074e+02 -8.86691113e-05  6.32503738e+02 
 9.97065164e-06  6.32018074e+02 -2.11465023e-04  6.32502708e+02 
 9.97069977e-06  6.32018074e+02 -3.30685402e-04  6.32501310e+02 
 9.97075230e-06  6.32018074e+02 -4.60784252e-04  6.32499343e+02 
 9.97080593e-06  6.32018074e+02 -5.93602303e-04  6.32496861e+02 
 9.97086709e-06  6.32018074e+02 -7.45104718e-04  6.32493447e+02 
 9.97093575e-06  6.32018074e+02 -9.15147528e-04  6.32488872e+02 
 9.97103241e-06  6.32018074e+02 -1.15455555e-03  6.32481075e+02 
 9.97108143e-06  6.32018074e+02 -1.27595235e-03  6.32476504e+02 
 9.97113529e-06  6.32018074e+02 -1.40933440e-03  6.32470989e+02 
 9.97118936e-06  6.32018073e+02 -1.54325829e-03  6.32464922e+02 
 9.97124654e-06  6.32018073e+02 -1.68485566e-03  6.32457916e+02 
 9.97131059e-06  6.32018073e+02 -1.84347738e-03  6.32449324e+02 
 9.97137005e-06  6.32018073e+02 -1.99074931e-03  6.32440625e+02 
 9.97143455e-06  6.32018072e+02 -2.15046382e-03  6.32430380e+02 
 9.97149757e-06  6.32018072e+02 -2.30653587e-03  6.32419528e+02 
 9.97156635e-06  6.32018072e+02 -2.47685335e-03  6.32406709e+02 
 9.97163758e-06  6.32018071e+02 -2.65324892e-03  6.32392322e+02 
 9.97171689e-06  6.32018071e+02 -2.84962442e-03  6.32374932e+02 
 9.97180410e-06  6.32018070e+02 -3.06556846e-03  6.32354075e+02 
 9.97190548e-06  6.32018070e+02 -3.31657119e-03  6.32327451e+02 
 9.97202887e-06  6.32018069e+02 -3.62203336e-03  6.32291423e+02 
 9.97216169e-06  6.32018068e+02 -3.95085253e-03  6.32247925e+02 
 9.97223427e-06  6.32018067e+02 -4.13050906e-03  6.32221975e+02 
 9.97234346e-06  6.32018066e+02 -4.40077063e-03  6.32179879e+02 
 9.97244858e-06  6.32018065e+02 -4.66091090e-03  6.32135714e+02 
 9.97250287e-06  6.32018065e+02 -4.79526651e-03  6.32111438e+02 
 9.97256530e-06  6.32018064e+02 -4.94974877e-03  6.32082244e+02 
 9.97261740e-06  6.32018063e+02 -5.07868588e-03  6.32056797e+02 
 9.97266622e-06  6.32018063e+02 -5.19947420e-03  6.32032042e+02 
 9.97271678e-06  6.32018062e+02 -5.32455991e-03  6.32005448e+02 
 9.97277802e-06  6.32018062e+02 -5.47607271e-03  6.31971893e+02 
 9.97285920e-06  6.32018061e+02 -5.67688355e-03  6.31925080e+02 
 9.97297350e-06  6.32018059e+02 -5.95959810e-03  6.31854452e+02 
 9.97308252e-06  6.32018058e+02 -6.22920193e-03  6.31781685e+02 
 9.97315443e-06  6.32018057e+02 -6.40700110e-03  6.31730656e+02 
 9.97325053e-06  6.32018055e+02 -6.64459300e-03  6.31658519e+02 
 9.97336455e-06  6.32018054e+02 -6.92643268e-03  6.31566819e+02 
 9.97350221e-06  6.32018052e+02 -7.26663786e-03  6.31446760e+02 
 9.97362492e-06  6.32018050e+02 -7.56981474e-03  6.31330595e+02 
 9.97377187e-06  6.32018047e+02 -7.93276535e-03  6.31179410e+02 
 9.97392184e-06  6.32018045e+02 -8.30302354e-03  6.31010665e+02 
 9.97408646e-06  6.32018042e+02 -8.70929682e-03  6.30807417e+02 
 9.97425199e-06  6.32018039e+02 -9.11762143e-03  6.30582659e+02 
 9.97440986e-06  6.32018036e+02 -9.50684958e-03  6.30347888e+02 
 9.97462533e-06  6.32018031e+02 -1.00377132e-02  6.29992771e+02 
 9.97482667e-06  6.32018027e+02 -1.05333760e-02  6.29621859e+02 
 9.97503766e-06  6.32018022e+02 -1.10523198e-02  6.29189241e+02 
 9.97533779e-06  6.32018014e+02 -1.17895642e-02  6.28489140e+02 
 9.97563761e-06  6.32018007e+02 -1.25247575e-02  6.27680257e+02 
 9.97598485e-06  6.32017997e+02 -1.33743977e-02  6.26590847e+02 
 9.97630062e-06  6.32017988e+02 -1.41450409e-02  6.25442194e+02 
 9.97663462e-06  6.32017978e+02 -1.49578254e-02  6.24045455e+02 
 9.97694278e-06  6.32017968e+02 -1.57052709e-02  6.22574483e+02 
 9.97726089e-06  6.32017957e+02 -1.64740235e-02  6.20855003e+02 
 9.97756117e-06  6.32017946e+02 -1.71967110e-02  6.19028146e+02 
 9.97786739e-06  6.32017934e+02 -1.79303820e-02  6.16944248e+02 
 9.97816103e-06  6.32017923e+02 -1.86303822e-02  6.14720247e+02 
 9.97845792e-06  6.32017911e+02 -1.93342355e-02  6.12230290e+02 
 9.97874558e-06  6.32017899e+02 -2.00121030e-02  6.09570101e+02 
 9.97903471e-06  6.32017886e+02 -2.06889167e-02  6.06634570e+02 
 9.97931689e-06  6.32017874e+02 -2.13447170e-02  6.03500580e+02 
 9.97959941e-06  6.32017861e+02 -2.19961559e-02  6.00080798e+02 
 9.97987659e-06  6.32017848e+02 -2.26298396e-02  5.96435901e+02 
 9.98015343e-06  6.32017834e+02 -2.32568992e-02  5.92493647e+02 
 9.98042608e-06  6.32017820e+02 -2.38683052e-02  5.88301102e+02 
 9.98069799e-06  6.32017806e+02 -2.44714826e-02  5.83798667e+02 
 9.98096655e-06  6.32017792e+02 -2.50603097e-02  5.79022160e+02 
 9.98123416e-06  6.32017778e+02 -2.56397126e-02  5.73922439e+02 
 9.98149906e-06  6.32017763e+02 -2.62055094e-02  5.68526143e+02 
 9.98176293e-06  6.32017748e+02 -2.67609346e-02  5.62792690e+02 
 9.98202456e-06  6.32017733e+02 -2.73030993e-02  5.56741316e+02 
 9.98228515e-06  6.32017718e+02 -2.78340878e-02  5.50338384e+02 
 9.98254390e-06  6.32017703e+02 -2.83518701e-02  5.43597216e+02 
 9.98280166e-06  6.32017687e+02 -2.88577447e-02  5.36489772e+02 
 9.98305789e-06  6.32017671e+02 -2.93502488e-02  5.29024697e+02 
 9.98331321e-06  6.32017655e+02 -2.98301399e-02  5.21178430e+02 
 9.98356727e-06  6.32017639e+02 -3.02963258e-02  5.12955945e+02 
 9.98382053e-06  6.32017622e+02 -3.07491880e-02  5.04337247e+02 
 9.98407277e-06  6.32017606e+02 -3.11878714e-02  4.95324444e+02 
 9.98432433e-06  6.32017589e+02 -3.16124928e-02  4.85900360e+02 
 9.98457509e-06  6.32017572e+02 -3.20223433e-02  4.76064873e+02 
 9.98482532e-06  6.32017555e+02 -3.24173486e-02  4.65803011e+02 
 9.98507495e-06  6.32017537e+02 -3.27968839e-02  4.55112910e+02 
 9.98532420e-06  6.32017520e+02 -3.31607322e-02  4.43981293e+02 
 9.98557306e-06  6.32017502e+02 -3.35083088e-02  4.32404909e+02 
 9.98582171e-06  6.32017485e+02 -3.38392846e-02  4.20371739e+02 
 9.98607018e-06  6.32017467e+02 -3.41530833e-02  4.07877387e+02 
 9.98631862e-06  6.32017448e+02 -3.44492814e-02  3.94910700e+02 
 9.98656709e-06  6.32017430e+02 -3.47272861e-02  3.81466260e+02 
 9.98681575e-06  6.32017412e+02 -3.49865874e-02  3.67533399e+02 
 9.98706467e-06  6.32017393e+02 -3.52265543e-02  3.53105685e+02 
 9.98731402e-06  6.32017374e+02 -3.54465899e-02  3.38172530e+02 
 9.98756388e-06  6.32017355e+02 -3.56460040e-02  3.22726354e+02 
 9.98781445e-06  6.32017336e+02 -3.58241036e-02  3.06756161e+02 
 9.98806583e-06  6.32017317e+02 -3.59801149e-02  2.90252915e+02 
 9.98831823e-06  6.32017298e+02 -3.61132309e-02  2.73204575e+02 
 9.98857181e-06  6.32017278e+02 -3.62225624e-02  2.55600067e+02 
 9.98882679e-06  6.32017259e+02 -3.63071568e-02  2.37425394e+02 
 9.98908339e-06  6.32017239e+02 -3.63659646e-02  2.18666458e+02 
 9.98934188e-06  6.32017219e+02 -3.63978361e-02  1.99305886e+02 
 9.98960255e-06  6.32017199e+02 -3.64014920e-02  1.79324861e+02 
 9.98986574e-06  6.32017178e+02 -3.63754997e-02  1.58700295e+02 
 9.99013037e-06  6.32017158e+02 -3.63186433e-02  1.37525507e+02 
 9.99039463e-06  6.32017137e+02 -3.62304996e-02  1.15962444e+02 
 9.99065957e-06  6.32017117e+02 -3.61100672e-02  9.39474766e+01 
 9.99092414e-06  6.32017097e+02 -3.59571959e-02  7.15901806e+01 
 9.99118939e-06  6.32017077e+02 -3.57707019e-02  4.88289769e+01 
 9.99145463e-06  6.32017056e+02 -3.55504474e-02  2.57491253e+01 
 9.99172063e-06  6.32017036e+02 -3.52952072e-02  2.31348699e+00 
 9.99198692e-06  6.32017016e+02 -3.50048206e-02 -2.14061197e+01 
 9.99225405e-06  6.32016997e+02 -3.46780932e-02 -4.54266018e+01 
 9.99252174e-06  6.32016977e+02 -3.43148080e-02 -6.96857751e+01 
 9.99279040e-06  6.32016958e+02 -3.39138183e-02 -9.41852587e+01 
 9.99305983e-06  6.32016938e+02 -3.34748978e-02 -1.18865521e+02 
 9.99333053e-06  6.32016919e+02 -3.29966796e-02 -1.43730248e+02 
 9.99360216e-06  6.32016900e+02 -3.24792022e-02 -1.68705332e+02 
 9.99387526e-06  6.32016881e+02 -3.19209956e-02 -1.93790096e+02 
 9.99414961e-06  6.32016863e+02 -3.13219607e-02 -2.18916469e+02 
 9.99442565e-06  6.32016845e+02 -3.06807043e-02 -2.44069959e+02 
 9.99470331e-06  6.32016827e+02 -2.99969610e-02 -2.69186531e+02 
 9.99498294e-06  6.32016809e+02 -2.92694015e-02 -2.94239326e+02 
 9.99526456e-06  6.32016792e+02 -2.84975835e-02 -3.19165751e+02 
 9.99554852e-06  6.32016775e+02 -2.76801939e-02 -3.43928333e+02 
 9.99583198e-06  6.32016759e+02 -2.68256440e-02 -3.68214583e+02 
 9.99608993e-06  6.32016744e+02 -2.60150673e-02 -3.89888254e+02 
 9.99634251e-06  6.32016730e+02 -2.51916024e-02 -4.10669059e+02 
 9.99657532e-06  6.32016718e+02 -2.44070374e-02 -4.29398915e+02 
 9.99680372e-06  6.32016706e+02 -2.36140637e-02 -4.47344227e+02 
 9.99701852e-06  6.32016696e+02 -2.28477712e-02 -4.63804053e+02 
 9.99722960e-06  6.32016686e+02 -2.20758693e-02 -4.79558681e+02 
 9.99743074e-06  6.32016676e+02 -2.13233445e-02 -4.94161679e+02 
 9.99762831e-06  6.32016668e+02 -2.05684886e-02 -5.08095846e+02 
 9.99781816e-06  6.32016659e+02 -1.98289662e-02 -5.21083789e+02 
 9.99800449e-06  6.32016652e+02 -1.90900395e-02 -5.33432139e+02 
 9.99818454e-06  6.32016645e+02 -1.83640735e-02 -5.44974150e+02 
 9.99836112e-06  6.32016638e+02 -1.76410419e-02 -5.55908385e+02 
 9.99853242e-06  6.32016631e+02 -1.69295806e-02 -5.66138241e+02 
 9.99870033e-06  6.32016626e+02 -1.62229062e-02 -5.75794551e+02 
 9.99886365e-06  6.32016620e+02 -1.55270619e-02 -5.84824553e+02 
 9.99902367e-06  6.32016615e+02 -1.48375048e-02 -5.93316366e+02 
 9.99917960e-06  6.32016610e+02 -1.41584825e-02 -6.01244439e+02 
 9.99933230e-06  6.32016606e+02 -1.34869983e-02 -6.08669927e+02 
 9.99948125e-06  6.32016601e+02 -1.28260608e-02 -6.15584028e+02 
 9.99962703e-06  6.32016598e+02 -1.21737395e-02 -6.22030879e+02 
 9.99976931e-06  6.32016594e+02 -1.15321923e-02 -6.28011872e+02 
 9.99990848e-06  6.32016591e+02 -1.09002247e-02 -6.33560406e+02 
 1.00000443e-05  6.32016588e+02 -1.02794154e-02 -6.38683988e+02 
 1.00001770e-05  6.32016585e+02 -9.66908001e-03 -6.43409244e+02 
 1.00003065e-05  6.32016582e+02 -9.07040801e-03 -6.47747282e+02 
 1.00004329e-05  6.32016580e+02 -8.48307220e-03 -6.51720460e+02 
 1.00005562e-05  6.32016578e+02 -7.90800762e-03 -6.55341951e+02 
 1.00006763e-05  6.32016576e+02 -7.34514259e-03 -6.58631430e+02 
 1.00007931e-05  6.32016574e+02 -6.79525488e-03 -6.61603211e+02 
 1.00009069e-05  6.32016572e+02 -6.25846415e-03 -6.64275288e+02 
 1.00010174e-05  6.32016571e+02 -5.73546387e-03 -6.66662579e+02 
 1.00011246e-05  6.32016570e+02 -5.22652900e-03 -6.68782030e+02 
 1.00012285e-05  6.32016569e+02 -4.73232828e-03 -6.70648862e+02 
 1.00013290e-05  6.32016568e+02 -4.25327941e-03 -6.72279377e+02 
 1.00014259e-05  6.32016567e+02 -3.79008211e-03 -6.73688943e+02 
 1.00015194e-05  6.32016566e+02 -3.34330802e-03 -6.74893488e+02 
 1.00016091e-05  6.32016565e+02 -2.91375124e-03 -6.75908462e+02 
 1.00016949e-05  6.32016565e+02 -2.50217937e-03 -6.76749603e+02 
 1.00017767e-05  6.32016565e+02 -2.10957096e-03 -6.77432442e+02 
 1.00018543e-05  6.32016564e+02 -1.73698477e-03 -6.77972681e+02 
 1.00019274e-05  6.32016564e+02 -1.38574274e-03 -6.78385982e+02 
 1.00019957e-05  6.32016564e+02 -1.05740985e-03 -6.78688165e+02 
 1.00020588e-05  6.32016564e+02 -7.54003426e-04 -6.78895160e+02 
 1.00021097e-05  6.32016564e+02 -5.09553247e-04 -6.79011478e+02 
 1.00021505e-05  6.32016564e+02 -3.12972501e-04 -6.79072365e+02 
 1.00021831e-05  6.32016564e+02 -1.56282774e-04 -6.79100051e+02 
 1.00022111e-05  6.32016564e+02 -2.15463483e-05 -6.79109073e+02 
 1.00022398e-05  6.32016564e+02  1.16169249e-04 -6.79104166e+02 
 1.00022689e-05  6.32016564e+02  2.56157521e-04 -6.79084539e+02 
 1.00023092e-05  6.32016564e+02  4.50251123e-04 -6.79032908e+02 
 1.00023534e-05  6.32016564e+02  6.62917122e-04 -6.78943757e+02 
 1.00024074e-05  6.32016564e+02  9.22530257e-04 -6.78788738e+02 
 1.00024646e-05  6.32016564e+02  1.19739540e-03 -6.78569251e+02 
 1.00025291e-05  6.32016564e+02  1.50759728e-03 -6.78253119e+02 
 1.00025966e-05  6.32016564e+02  1.83149952e-03 -6.77845529e+02 
 1.00026699e-05  6.32016565e+02  2.18373396e-03 -6.77312340e+02 
 1.00027462e-05  6.32016565e+02  2.54947586e-03 -6.76659406e+02 
 1.00028274e-05  6.32016566e+02  2.93908605e-03 -6.75852405e+02 
 1.00029116e-05  6.32016566e+02  3.34210576e-03 -6.74896421e+02 
 1.00030002e-05  6.32016567e+02  3.76576649e-03 -6.73758285e+02 
 1.00030916e-05  6.32016568e+02  4.20258250e-03 -6.72441487e+02 
 1.00031870e-05  6.32016568e+02  4.65757018e-03 -6.70914712e+02 
 1.00032853e-05  6.32016569e+02  5.12532855e-03 -6.69179399e+02 
 1.00033872e-05  6.32016571e+02  5.60931102e-03 -6.67206352e+02 
 1.00034920e-05  6.32016572e+02  6.10558820e-03 -6.64994795e+02 
 1.00036001e-05  6.32016573e+02  6.61650690e-03 -6.62517665e+02 
 1.00037111e-05  6.32016575e+02  7.13917798e-03 -6.59772003e+02 
 1.00038253e-05  6.32016577e+02  7.67516295e-03 -6.56732732e+02 
 1.00039423e-05  6.32016579e+02  8.22230869e-03 -6.53394852e+02 
 1.00040624e-05  6.32016581e+02  8.78161849e-03 -6.49735034e+02 
 1.00041853e-05  6.32016583e+02  9.35145998e-03 -6.45746421e+02 
 1.00043113e-05  6.32016586e+02  9.93243895e-03 -6.41407150e+02 
 1.00044401e-05  6.32016589e+02  1.05232908e-02 -6.36708693e+02 
 1.00045719e-05  6.32016592e+02  1.11243374e-02 -6.31630345e+02 
 1.00047066e-05  6.32016595e+02  1.17345731e-02 -6.26162069e+02 
 1.00048443e-05  6.32016599e+02  1.23541157e-02 -6.20284002e+02 
 1.00049850e-05  6.32016602e+02  1.29821411e-02 -6.13984709e+02 
 1.00051287e-05  6.32016606e+02  1.36186196e-02 -6.07244845e+02 
 1.00052754e-05  6.32016611e+02  1.42628531e-02 -6.00051623e+02 
 1.00054253e-05  6.32016615e+02  1.49147043e-02 -5.92385867e+02 
 1.00055784e-05  6.32016620e+02  1.55735615e-02 -5.84233399e+02 
 1.00057347e-05  6.32016626e+02  1.62392083e-02 -5.75574826e+02 
 1.00058943e-05  6.32016631e+02  1.69110912e-02 -5.66394428e+02 
 1.00060574e-05  6.32016637e+02  1.75889352e-02 -5.56672123e+02 
 1.00062240e-05  6.32016644e+02  1.82722257e-02 -5.46390351e+02 
 1.00063943e-05  6.32016650e+02  1.89606443e-02 -5.35527737e+02 
 1.00065685e-05  6.32016658e+02  1.96537028e-02 -5.24064362e+02 
 1.00067466e-05  6.32016665e+02  2.03510521e-02 -5.11976721e+02 
 1.00069290e-05  6.32016673e+02  2.10522242e-02 -4.99241674e+02 
 1.00071157e-05  6.32016682e+02  2.17568514e-02 -4.85832361e+02 
 1.00073072e-05  6.32016691e+02  2.24644865e-02 -4.71721012e+02 
 1.00075036e-05  6.32016700e+02  2.31747592e-02 -4.56875480e+02 
 1.00077053e-05  6.32016710e+02  2.38872530e-02 -4.41260992e+02 
 1.00079129e-05  6.32016721e+02  2.46016200e-02 -4.24836891e+02 
 1.00081266e-05  6.32016732e+02  2.53175015e-02 -4.07557196e+02 
 1.00083473e-05  6.32016744e+02  2.60346195e-02 -3.89366940e+02 
 1.00085755e-05  6.32016757e+02  2.67527371e-02 -3.70200935e+02 
 1.00088122e-05  6.32016771e+02  2.74717482e-02 -3.49978410e+02 
 1.00090587e-05  6.32016785e+02  2.81916922e-02 -3.28598073e+02 
 1.00093163e-05  6.32016801e+02  2.89128893e-02 -3.05927376e+02 
 1.00095872e-05  6.32016818e+02  2.96360815e-02 -2.81787181e+02 
 1.00098744e-05  6.32016836e+02  3.03627844e-02 -2.55921686e+02 
 1.00101525e-05  6.32016854e+02  3.10269874e-02 -2.30661077e+02 
 1.00104361e-05  6.32016873e+02  3.16640425e-02 -2.04741295e+02 
 1.00107104e-05  6.32016892e+02  3.22411602e-02 -1.79578704e+02 
 1.00109878e-05  6.32016911e+02  3.27859032e-02 -1.54080238e+02 
 1.00112585e-05  6.32016930e+02  3.32796935e-02 -1.29197931e+02 
 1.00115314e-05  6.32016950e+02  3.37396577e-02 -1.04165233e+02 
 1.00117996e-05  6.32016969e+02  3.41547485e-02 -7.96610468e+01 
 1.00120692e-05  6.32016989e+02  3.45353390e-02 -5.51642425e+01 
 1.00123352e-05  6.32017008e+02  3.48751378e-02 -3.11596160e+01 
 1.00126022e-05  6.32017028e+02  3.51805823e-02 -7.28483652e+00 
 1.00128665e-05  6.32017048e+02  3.54483234e-02  1.61127159e+01 
 1.00131314e-05  6.32017068e+02  3.56823399e-02  3.92811401e+01 
 1.00133943e-05  6.32017088e+02  3.58811566e-02  6.19772136e+01 
 1.00136575e-05  6.32017108e+02  3.60472397e-02  8.43679389e+01 
 1.00139193e-05  6.32017128e+02  3.61802183e-02  1.06283669e+02 
 1.00141812e-05  6.32017149e+02  3.62816630e-02  1.27835619e+02 
 1.00144422e-05  6.32017169e+02  3.63518288e-02  1.48905732e+02 
 1.00147032e-05  6.32017189e+02  3.63917723e-02  1.69567428e+02 
 1.00149636e-05  6.32017209e+02  3.64020847e-02  1.89738861e+02 
 1.00152240e-05  6.32017229e+02  3.63835382e-02  2.09468171e+02 
 1.00154841e-05  6.32017249e+02  3.63368881e-02  2.28698925e+02 
 1.00157442e-05  6.32017269e+02  3.62627574e-02  2.47462660e+02 
 1.00160042e-05  6.32017290e+02  3.61619653e-02  2.65720922e+02 
 1.00162620e-05  6.32017309e+02  3.60362938e-02  2.83339706e+02 
 1.00165181e-05  6.32017329e+02  3.58868343e-02  3.00347253e+02 
 1.00167722e-05  6.32017348e+02  3.57149745e-02  3.16730338e+02 
 1.00170250e-05  6.32017367e+02  3.55214706e-02  3.32532798e+02 
 1.00172762e-05  6.32017386e+02  3.53074061e-02  3.47757836e+02 
 1.00175265e-05  6.32017405e+02  3.50733813e-02  3.62438018e+02 
 1.00177758e-05  6.32017424e+02  3.48203226e-02  3.76577545e+02 
 1.00180245e-05  6.32017442e+02  3.45487602e-02  3.90200076e+02 
 1.00182724e-05  6.32017460e+02  3.42595004e-02  4.03310939e+02 
 1.00185200e-05  6.32017478e+02  3.39530221e-02  4.15928673e+02 
 1.00187672e-05  6.32017496e+02  3.36300268e-02  4.28059850e+02 
 1.00190142e-05  6.32017513e+02  3.32909520e-02  4.39719831e+02 
 1.00192611e-05  6.32017531e+02  3.29364104e-02  4.50916088e+02 
 1.00195079e-05  6.32017548e+02  3.25668052e-02  4.61661879e+02 
 1.00197548e-05  6.32017565e+02  3.21826747e-02  4.71965264e+02 
 1.00200020e-05  6.32017582e+02  3.17843920e-02  4.81838103e+02 
 1.00202493e-05  6.32017598e+02  3.13724319e-02  4.91288844e+02 
 1.00204970e-05  6.32017615e+02  3.09471396e-02  5.00328423e+02 
 1.00207452e-05  6.32017631e+02  3.05089347e-02  5.08965551e+02 
 1.00209939e-05  6.32017647e+02  3.00581352e-02  5.17210562e+02 
 1.00212431e-05  6.32017663e+02  2.95951121e-02  5.25072350e+02 
 1.00214931e-05  6.32017679e+02  2.91201560e-02  5.32560864e+02 
 1.00217438e-05  6.32017694e+02  2.86335935e-02  5.39685126e+02 
 1.00219953e-05  6.32017709e+02  2.81356875e-02  5.46454846e+02 
 1.00222478e-05  6.32017724e+02  2.76267237e-02  5.52879138e+02 
 1.00225012e-05  6.32017739e+02  2.71069358e-02  5.58967567e+02 
 1.00227557e-05  6.32017753e+02  2.65765705e-02  5.64729320e+02 
 1.00230114e-05  6.32017768e+02  2.60358314e-02  5.70173873e+02 
 1.00232683e-05  6.32017782e+02  2.54849269e-02  5.75310469e+02 
 1.00235265e-05  6.32017796e+02  2.49240286e-02  5.80148535e+02 
 1.00237862e-05  6.32017809e+02  2.43533067e-02  5.84697355e+02 
 1.00240473e-05  6.32017823e+02  2.37728986e-02  5.88966329e+02 
 1.00243100e-05  6.32017836e+02  2.31829350e-02  5.92964767e+02 
 1.00245744e-05  6.32017849e+02  2.25835169e-02  5.96702053e+02 
 1.00248406e-05  6.32017861e+02  2.19747335e-02  6.00187512e+02 
 1.00251086e-05  6.32017874e+02  2.13566458e-02  6.03430513e+02 
 1.00253787e-05  6.32017886e+02  2.07292992e-02  6.06440381e+02 
 1.00256508e-05  6.32017897e+02  2.00927106e-02  6.09226465e+02 
 1.00259251e-05  6.32017909e+02  1.94468775e-02  6.11798079e+02 
 1.00262017e-05  6.32017920e+02  1.87917685e-02  6.14164540e+02 
 1.00264808e-05  6.32017931e+02  1.81273288e-02  6.16335131e+02 
 1.00267625e-05  6.32017942e+02  1.74534731e-02  6.18319124e+02 
 1.00270469e-05  6.32017952e+02  1.67700890e-02  6.20125753e+02 
 1.00273342e-05  6.32017962e+02  1.60770317e-02  6.21764223e+02 
 1.00276246e-05  6.32017972e+02  1.53741262e-02  6.23243692e+02 
 1.00279181e-05  6.32017981e+02  1.46611632e-02  6.24573273e+02 
 1.00282150e-05  6.32017990e+02  1.39379016e-02  6.25762015e+02 
 1.00285155e-05  6.32017999e+02  1.32040663e-02  6.26818901e+02 
 1.00288198e-05  6.32018007e+02  1.24593523e-02  6.27752829e+02 
 1.00291267e-05  6.32018015e+02  1.17067597e-02  6.28569249e+02 
 1.00294316e-05  6.32018023e+02  1.09575365e-02  6.29268305e+02 
 1.00297361e-05  6.32018029e+02  1.02085199e-02  6.29866227e+02 
 1.00300366e-05  6.32018036e+02  9.46804355e-03  6.30369369e+02 
 1.00303338e-05  6.32018042e+02  8.73517932e-03  6.30791284e+02 
 1.00306243e-05  6.32018047e+02  8.01812605e-03  6.31139623e+02 
 1.00309068e-05  6.32018051e+02  7.32060157e-03  6.31424739e+02 
 1.00311766e-05  6.32018055e+02  6.65371468e-03  6.31653843e+02 
 1.00314041e-05  6.32018058e+02  6.09124794e-03  6.31817911e+02 
 1.00315871e-05  6.32018061e+02  5.63863900e-03  6.31932611e+02 
 1.00316292e-05  6.32018061e+02  5.53439573e-03  6.31957001e+02 
 1.00317017e-05  6.32018062e+02  5.35510151e-03  6.31997261e+02 
 1.00317697e-05  6.32018063e+02  5.18676395e-03  6.32033176e+02 
 1.00318516e-05  6.32018064e+02  4.98413687e-03  6.32074075e+02 
 1.00319048e-05  6.32018064e+02  4.85252644e-03  6.32099321e+02 
 1.00320005e-05  6.32018065e+02  4.61582973e-03  6.32142214e+02 
 1.00320907e-05  6.32018066e+02  4.39240009e-03  6.32179859e+02 
 1.00321630e-05  6.32018067e+02  4.21343150e-03  6.32208105e+02 
 1.00322564e-05  6.32018068e+02  3.98239219e-03  6.32242166e+02 
 1.00323369e-05  6.32018068e+02  3.78302623e-03  6.32269469e+02 
 1.00324328e-05  6.32018069e+02  3.54572943e-03  6.32299554e+02 
 1.00325204e-05  6.32018070e+02  3.32869450e-03  6.32324871e+02 
 1.00326432e-05  6.32018070e+02  3.02485484e-03  6.32356952e+02 
 1.00327820e-05  6.32018071e+02  2.68099615e-03  6.32388771e+02 
 1.00328642e-05  6.32018072e+02  2.47758124e-03  6.32405454e+02 
 1.00329582e-05  6.32018072e+02  2.24482389e-03  6.32422669e+02 
 1.00330315e-05  6.32018073e+02  2.06332170e-03  6.32434743e+02 
 1.00330984e-05  6.32018073e+02  1.89748398e-03  6.32444765e+02 
 1.00331622e-05  6.32018073e+02  1.73964251e-03  6.32453423e+02 
 1.00332257e-05  6.32018073e+02  1.58229479e-03  6.32461210e+02 
 1.00332934e-05  6.32018074e+02  1.41454901e-03  6.32468596e+02 
 1.00333590e-05  6.32018074e+02  1.25213857e-03  6.32474856e+02 
 1.00334308e-05  6.32018074e+02  1.07424788e-03  6.32480718e+02 
 1.00335109e-05  6.32018074e+02  8.76064696e-04  6.32486042e+02 
 1.00335745e-05  6.32018074e+02  7.18430429e-04  6.32489382e+02 
 1.00336188e-05  6.32018074e+02  6.08721644e-04  6.32491244e+02 
 1.00336650e-05  6.32018074e+02  4.94247565e-04  6.32492790e+02 
 1.00337118e-05  6.32018074e+02  3.78415686e-04  6.32493945e+02 
 1.00337605e-05  6.32018074e+02  2.57771495e-04  6.32494718e+02 
 1.00338104e-05  6.32018074e+02  1.34201532e-04  6.32495060e+02 
 1.00338667e-05  6.32018074e+02 -5.24922899e-06  6.32494910e+02 
 1.00339177e-05  6.32018074e+02 -1.31462386e-04  6.32494290e+02 
 1.00339740e-05  6.32018074e+02 -2.71097153e-04  6.32493075e+02 
 1.00340269e-05  6.32018074e+02 -4.01969454e-04  6.32491436e+02 
 1.00340865e-05  6.32018074e+02 -5.49772036e-04  6.32489007e+02 
 1.00341463e-05  6.32018074e+02 -6.97681091e-04  6.32485963e+02 
 1.00342180e-05  6.32018074e+02 -8.75235605e-04  6.32481497e+02 
 1.00343006e-05  6.32018074e+02 -1.08003253e-03  6.32475231e+02 
 1.00343681e-05  6.32018074e+02 -1.24712234e-03  6.32469219e+02 
 1.00344289e-05  6.32018074e+02 -1.39760369e-03  6.32463097e+02 
 1.00344894e-05  6.32018073e+02 -1.54740344e-03  6.32456322e+02 
 1.00345518e-05  6.32018073e+02 -1.70215595e-03  6.32448592e+02 
 1.00346242e-05  6.32018073e+02 -1.88132812e-03  6.32438687e+02 
 1.00346895e-05  6.32018073e+02 -2.04292804e-03  6.32428850e+02 
 1.00347616e-05  6.32018072e+02 -2.22158551e-03  6.32416945e+02 
 1.00348319e-05  6.32018072e+02 -2.39579696e-03  6.32404263e+02 
 1.00349100e-05  6.32018071e+02 -2.58895380e-03  6.32388921e+02 
 1.00349921e-05  6.32018071e+02 -2.79241595e-03  6.32371254e+02 
 1.00350856e-05  6.32018070e+02 -3.02383289e-03  6.32349205e+02 
 1.00351929e-05  6.32018070e+02 -3.28947668e-03  6.32321218e+02 
 1.00353264e-05  6.32018069e+02 -3.62008765e-03  6.32282178e+02 
 1.00354068e-05  6.32018068e+02 -3.81904280e-03  6.32256312e+02 
 1.00355257e-05  6.32018067e+02 -4.11339743e-03  6.32214596e+02 
 1.00356635e-05  6.32018066e+02 -4.45448057e-03  6.32160816e+02 
 1.00357883e-05  6.32018065e+02 -4.76338990e-03  6.32106732e+02 
 1.00359132e-05  6.32018063e+02 -5.07227770e-03  6.32047195e+02 
 1.00359575e-05  6.32018063e+02 -5.18201773e-03  6.32024659e+02 
 1.00359984e-05  6.32018062e+02 -5.28317774e-03  6.32003221e+02 
 1.00360429e-05  6.32018062e+02 -5.39333346e-03  6.31979134e+02 
 1.00360905e-05  6.32018061e+02 -5.51097494e-03  6.31952539e+02 
 1.00361689e-05  6.32018060e+02 -5.70490920e-03  6.31906672e+02 
 1.00362645e-05  6.32018059e+02 -5.94146983e-03  6.31847182e+02 
 1.00363649e-05  6.32018058e+02 -6.18975464e-03  6.31780363e+02 
 1.00364400e-05  6.32018057e+02 -6.37536983e-03  6.31727341e+02 
 1.00365322e-05  6.32018056e+02 -6.60337047e-03  6.31658457e+02 
 1.00366153e-05  6.32018054e+02 -6.80878676e-03  6.31592704e+02 
 1.00367153e-05  6.32018053e+02 -7.05597938e-03  6.31508729e+02 
 1.00368061e-05  6.32018052e+02 -7.28033109e-03  6.31427719e+02 
 1.00369116e-05  6.32018050e+02 -7.54101173e-03  6.31327587e+02 
 1.00370083e-05  6.32018048e+02 -7.77984013e-03  6.31229918e+02 
 1.00371186e-05  6.32018046e+02 -8.05206966e-03  6.31111329e+02 
 1.00373391e-05  6.32018043e+02 -8.59629389e-03  6.30849483e+02 
 1.00375713e-05  6.32018038e+02 -9.16905523e-03  6.30535122e+02 
 1.00378188e-05  6.32018033e+02 -9.77918008e-03  6.30151831e+02 
 1.00381495e-05  6.32018026e+02 -1.05934556e-02  6.29553094e+02 
 1.00384590e-05  6.32018019e+02 -1.13542165e-02  6.28892168e+02 
 1.00388125e-05  6.32018010e+02 -1.22217665e-02  6.28002336e+02 
 1.00391384e-05  6.32018001e+02 -1.30198965e-02  6.27038877e+02 
 1.00394779e-05  6.32017991e+02 -1.38491953e-02  6.25871778e+02 
 1.00397952e-05  6.32017982e+02 -1.46223400e-02  6.24613094e+02 
 1.00401188e-05  6.32017972e+02 -1.54081570e-02  6.23145647e+02 
 1.00404268e-05  6.32017961e+02 -1.61537250e-02  6.21559102e+02 
 1.00407381e-05  6.32017950e+02 -1.69040982e-02  6.19751408e+02 
 1.00410383e-05  6.32017939e+02 -1.76245788e-02  6.17796818e+02 
 1.00413397e-05  6.32017928e+02 -1.83446807e-02  6.15608225e+02 
 1.00416329e-05  6.32017916e+02 -1.90413316e-02  6.13246428e+02 
 1.00419262e-05  6.32017904e+02 -1.97340803e-02  6.10637630e+02 
 1.00422131e-05  6.32017892e+02 -2.04075447e-02  6.07830508e+02 
 1.00424993e-05  6.32017879e+02 -2.10747561e-02  6.04762850e+02 
 1.00427806e-05  6.32017866e+02 -2.17254174e-02  6.01472754e+02 
 1.00430608e-05  6.32017853e+02 -2.23682282e-02  5.97907971e+02 
 1.00433370e-05  6.32017840e+02 -2.29962561e-02  5.94097616e+02 
 1.00436120e-05  6.32017826e+02 -2.36152975e-02  5.89997888e+02 
 1.00438837e-05  6.32017812e+02 -2.42206519e-02  5.85630412e+02 
 1.00441540e-05  6.32017798e+02 -2.48161590e-02  5.80958447e+02 
 1.00444216e-05  6.32017784e+02 -2.53986005e-02  5.75997468e+02 
 1.00446879e-05  6.32017769e+02 -2.59704903e-02  5.70716570e+02 
 1.00449519e-05  6.32017755e+02 -2.65295940e-02  5.65126241e+02 
 1.00452147e-05  6.32017740e+02 -2.70775217e-02  5.59200352e+02 
 1.00454755e-05  6.32017724e+02 -2.76126893e-02  5.52945400e+02 
 1.00457351e-05  6.32017709e+02 -2.81360870e-02  5.46339138e+02 
 1.00459932e-05  6.32017693e+02 -2.86465571e-02  5.39384900e+02 
 1.00462501e-05  6.32017678e+02 -2.91446608e-02  5.32063575e+02 
 1.00465057e-05  6.32017662e+02 -2.96295164e-02  5.24376018e+02 
 1.00467603e-05  6.32017646e+02 -3.01013847e-02  5.16305636e+02 
 1.00470139e-05  6.32017629e+02 -3.05595580e-02  5.07851356e+02 
 1.00472666e-05  6.32017613e+02 -3.10040829e-02  4.98998596e+02 
 1.00475184e-05  6.32017596e+02 -3.14343566e-02  4.89744787e+02 
 1.00477695e-05  6.32017579e+02 -3.18502695e-02  4.80076943e+02 
 1.00480199e-05  6.32017562e+02 -3.22512756e-02  4.69991333e+02 
 1.00482698e-05  6.32017545e+02 -3.26371470e-02  4.59476211e+02 
 1.00485192e-05  6.32017527e+02 -3.30073613e-02  4.48526930e+02 
 1.00487682e-05  6.32017510e+02 -3.33615960e-02  4.37132678e+02 
 1.00490169e-05  6.32017492e+02 -3.36993279e-02  4.25288057e+02 
 1.00492655e-05  6.32017474e+02 -3.40201537e-02  4.12982910e+02 
 1.00495139e-05  6.32017456e+02 -3.43235305e-02  4.00211163e+02 
 1.00497624e-05  6.32017438e+02 -3.46089801e-02  3.86963042e+02 
 1.00500110e-05  6.32017419e+02 -3.48759234e-02  3.73231793e+02 
 1.00502598e-05  6.32017401e+02 -3.51238071e-02  3.59007725e+02 
 1.00505089e-05  6.32017382e+02 -3.53519991e-02  3.44283296e+02 
 1.00507586e-05  6.32017363e+02 -3.55598643e-02  3.29048542e+02 
 1.00510089e-05  6.32017344e+02 -3.57466990e-02  3.13294894e+02 
 1.00512599e-05  6.32017325e+02 -3.59117726e-02  2.97011646e+02 
 1.00515119e-05  6.32017306e+02 -3.60542854e-02  2.80188776e+02 
 1.00517650e-05  6.32017286e+02 -3.61733880e-02  2.62814172e+02 
 1.00520194e-05  6.32017267e+02 -3.62681514e-02  2.44875645e+02 
 1.00522753e-05  6.32017247e+02 -3.63375698e-02  2.26358673e+02 
 1.00525330e-05  6.32017227e+02 -3.63805351e-02  2.07247718e+02 
 1.00527928e-05  6.32017207e+02 -3.63958243e-02  1.87524238e+02 
 1.00530549e-05  6.32017187e+02 -3.63820709e-02  1.67167321e+02 
 1.00533198e-05  6.32017166e+02 -3.63377221e-02  1.46147659e+02 
 1.00535837e-05  6.32017146e+02 -3.62625096e-02  1.24791267e+02 
 1.00538489e-05  6.32017125e+02 -3.61550359e-02  1.02912201e+02 
 1.00541132e-05  6.32017105e+02 -3.60156544e-02  8.07368250e+01 
 1.00543786e-05  6.32017085e+02 -3.58426346e-02  5.81057098e+01 
 1.00546435e-05  6.32017065e+02 -3.56364333e-02  3.51869601e+01 
 1.00549095e-05  6.32017045e+02 -3.53952270e-02  1.18710084e+01 
 1.00551754e-05  6.32017025e+02 -3.51194496e-02 -1.17103182e+01 
 1.00554424e-05  6.32017005e+02 -3.48073330e-02 -3.56265546e+01 
 1.00557097e-05  6.32016985e+02 -3.44592115e-02 -5.97721445e+01 
 1.00559781e-05  6.32016966e+02 -3.40734237e-02 -8.41869112e+01 
 1.00562471e-05  6.32016946e+02 -3.36501614e-02 -1.08783967e+02 
 1.00565174e-05  6.32016927e+02 -3.31879319e-02 -1.33577948e+02 
 1.00567886e-05  6.32016908e+02 -3.26865727e-02 -1.58504455e+02 
 1.00570611e-05  6.32016889e+02 -3.21449680e-02 -1.83547388e+02 
 1.00573350e-05  6.32016871e+02 -3.15626853e-02 -2.08654529e+02 
 1.00576103e-05  6.32016852e+02 -3.09386629e-02 -2.33799045e+02 
 1.00578873e-05  6.32016834e+02 -3.02723525e-02 -2.58929195e+02 
 1.00581662e-05  6.32016817e+02 -2.95626996e-02 -2.84009675e+02 
 1.00584470e-05  6.32016799e+02 -2.88090448e-02 -3.08986856e+02 
 1.00587300e-05  6.32016782e+02 -2.80103019e-02 -3.33817764e+02 
 1.00590154e-05  6.32016765e+02 -2.71656752e-02 -3.58445571e+02 
 1.00592818e-05  6.32016750e+02 -2.63421157e-02 -3.81013083e+02 
 1.00595376e-05  6.32016736e+02 -2.55205707e-02 -4.02235634e+02 
 1.00597771e-05  6.32016723e+02 -2.47240759e-02 -4.21682653e+02 
 1.00600080e-05  6.32016711e+02 -2.39322634e-02 -4.39995370e+02 
 1.00602275e-05  6.32016700e+02 -2.31577395e-02 -4.56989290e+02 
 1.00604406e-05  6.32016690e+02 -2.23865160e-02 -4.73061803e+02 
 1.00606453e-05  6.32016680e+02 -2.16278775e-02 -4.88090331e+02 
 1.00608446e-05  6.32016671e+02 -2.08728470e-02 -5.02315828e+02 
 1.00610373e-05  6.32016663e+02 -2.01283095e-02 -5.15661393e+02 
 1.00612252e-05  6.32016655e+02 -1.93883737e-02 -5.28281286e+02 
 1.00614076e-05  6.32016648e+02 -1.86579942e-02 -5.40133475e+02 
 1.00615858e-05  6.32016641e+02 -1.79332560e-02 -5.51321266e+02 
 1.00617591e-05  6.32016634e+02 -1.72176974e-02 -5.61825741e+02 
 1.00619285e-05  6.32016628e+02 -1.65087393e-02 -5.71718545e+02 
 1.00620936e-05  6.32016623e+02 -1.58089254e-02 -5.80995169e+02 
 1.00622550e-05  6.32016617e+02 -1.51165955e-02 -5.89707176e+02 
 1.00624126e-05  6.32016612e+02 -1.44336020e-02 -5.97858834e+02 
 1.00625666e-05  6.32016608e+02 -1.37589182e-02 -6.05488882e+02 
 1.00627171e-05  6.32016603e+02 -1.30939185e-02 -6.12606834e+02 
 1.00628642e-05  6.32016599e+02 -1.24380132e-02 -6.19243201e+02 
 1.00630079e-05  6.32016596e+02 -1.17922493e-02 -6.25410541e+02 
 1.00631484e-05  6.32016592e+02 -1.11563403e-02 -6.31134063e+02 
 1.00632855e-05  6.32016589e+02 -1.05311124e-02 -6.36428018e+02 
 1.00634196e-05  6.32016586e+02 -9.91649218e-03 -6.41314178e+02 
 1.00635504e-05  6.32016584e+02 -9.31316120e-03 -6.45807678e+02 
 1.00636781e-05  6.32016581e+02 -8.72119984e-03 -6.49928048e+02 
 1.00638026e-05  6.32016579e+02 -8.14120090e-03 -6.53690837e+02 
 1.00639240e-05  6.32016577e+02 -7.57336134e-03 -6.57114103e+02 
 1.00640422e-05  6.32016575e+02 -7.01822789e-03 -6.60213541e+02 
 1.00641572e-05  6.32016573e+02 -6.47609348e-03 -6.63006245e+02 
 1.00642691e-05  6.32016572e+02 -5.94749402e-03 -6.65507921e+02 
 1.00643776e-05  6.32016571e+02 -5.43281167e-03 -6.67735027e+02 
 1.00644829e-05  6.32016569e+02 -4.93260458e-03 -6.69703223e+02 
 1.00645848e-05  6.32016568e+02 -4.44735046e-03 -6.71428556e+02 
 1.00646832e-05  6.32016567e+02 -3.97766586e-03 -6.72926627e+02 
 1.00647781e-05  6.32016567e+02 -3.52414608e-03 -6.74213233e+02 
 1.00648694e-05  6.32016566e+02 -3.08751371e-03 -6.75303938e+02 
 1.00649568e-05  6.32016566e+02 -2.66852682e-03 -6.76214411e+02 
 1.00650403e-05  6.32016565e+02 -2.26808748e-03 -6.76960223e+02 
 1.00651197e-05  6.32016565e+02 -1.88720488e-03 -6.77557023e+02 
 1.00651947e-05  6.32016564e+02 -1.52709357e-03 -6.78020466e+02 
 1.00652650e-05  6.32016564e+02 -1.18919912e-03 -6.78366308e+02 
 1.00653303e-05  6.32016564e+02 -8.75337160e-04 -6.78610416e+02 
 1.00653839e-05  6.32016564e+02 -6.17503599e-04 -6.78755396e+02 
 1.00654281e-05  6.32016564e+02 -4.05195687e-04 -6.78837172e+02 
 1.00654644e-05  6.32016564e+02 -2.30481467e-04 -6.78879000e+02 
 1.00654932e-05  6.32016564e+02 -9.20237666e-05 -6.78895816e+02 
 1.00655211e-05  6.32016564e+02  4.22763475e-05 -6.78898332e+02 
 1.00655504e-05  6.32016564e+02  1.82982703e-04 -6.78886395e+02 
 1.00655839e-05  6.32016564e+02  3.43975641e-04 -6.78854443e+02 
 1.00656273e-05  6.32016564e+02  5.52647056e-04 -6.78783975e+02 
 1.00656755e-05  6.32016564e+02  7.84342249e-04 -6.78667294e+02 
 1.00657319e-05  6.32016564e+02  1.05550932e-03 -6.78479352e+02 
 1.00657921e-05  6.32016564e+02  1.34476256e-03 -6.78217764e+02 
 1.00658586e-05  6.32016565e+02  1.66443904e-03 -6.77855231e+02 
 1.00659285e-05  6.32016565e+02  2.00010216e-03 -6.77391521e+02 
 1.00660037e-05  6.32016565e+02  2.36085853e-03 -6.76798188e+02 
 1.00660821e-05  6.32016566e+02  2.73677476e-03 -6.76075113e+02 
 1.00661651e-05  6.32016566e+02  3.13428084e-03 -6.75193953e+02 
 1.00662512e-05  6.32016567e+02  3.54632103e-03 -6.74153855e+02 
 1.00663414e-05  6.32016567e+02  3.97734784e-03 -6.72927442e+02 
 1.00664346e-05  6.32016568e+02  4.42227438e-03 -6.71512631e+02 
 1.00665316e-05  6.32016569e+02  4.88415207e-03 -6.69883420e+02 
 1.00666316e-05  6.32016570e+02  5.35927727e-03 -6.68036227e+02 
 1.00667350e-05  6.32016572e+02  5.84971163e-03 -6.65946556e+02 
 1.00668413e-05  6.32016573e+02  6.35272809e-03 -6.63609243e+02 
 1.00669509e-05  6.32016574e+02  6.86968659e-03 -6.61001268e+02 
 1.00670634e-05  6.32016576e+02  7.39855014e-03 -6.58115927e+02 
 1.00671791e-05  6.32016578e+02  7.94018009e-03 -6.54931545e+02 
 1.00672976e-05  6.32016580e+02  8.49302748e-03 -6.51439978e+02 
 1.00674191e-05  6.32016582e+02  9.05759863e-03 -6.47620708e+02 
 1.00675435e-05  6.32016585e+02  9.63268940e-03 -6.43464272e+02 
 1.00676709e-05  6.32016588e+02  1.02185525e-02 -6.38951088e+02 
 1.00678012e-05  6.32016591e+02  1.08142269e-02 -6.34070484e+02 
 1.00679344e-05  6.32016594e+02  1.14197832e-02 -6.28803576e+02 
 1.00680706e-05  6.32016597e+02  1.20344307e-02 -6.23138566e+02 
 1.00682097e-05  6.32016601e+02  1.26581085e-02 -6.17057016e+02 
 1.00683518e-05  6.32016605e+02  1.32901440e-02 -6.10546036e+02 
 1.00684971e-05  6.32016609e+02  1.39303803e-02 -6.03587362e+02 
 1.00686453e-05  6.32016613e+02  1.45782260e-02 -5.96166986e+02 
 1.00687968e-05  6.32016618e+02  1.52334529e-02 -5.88266513e+02 
 1.00689514e-05  6.32016623e+02  1.58955242e-02 -5.79870711e+02 
 1.00691093e-05  6.32016629e+02  1.65641584e-02 -5.70960687e+02 
 1.00692707e-05  6.32016635e+02  1.72388544e-02 -5.61519766e+02 
 1.00694355e-05  6.32016641e+02  1.79192906e-02 -5.51528098e+02 
 1.00696039e-05  6.32016647e+02  1.86049891e-02 -5.40967185e+02 
 1.00697761e-05  6.32016654e+02  1.92955983e-02 -5.29815599e+02 
 1.00699522e-05  6.32016662e+02  1.99906561e-02 -5.18052403e+02 
 1.00701323e-05  6.32016669e+02  2.06897901e-02 -5.05653703e+02 
 1.00703168e-05  6.32016678e+02  2.13925518e-02 -4.92595137e+02 
 1.00705058e-05  6.32016686e+02  2.20985590e-02 -4.78848995e+02 
 1.00706997e-05  6.32016696e+02  2.28073807e-02 -4.64385876e+02 
 1.00708987e-05  6.32016705e+02  2.35186408e-02 -4.49172100e+02 
 1.00711032e-05  6.32016716e+02  2.42319405e-02 -4.33170497e+02 
 1.00713137e-05  6.32016727e+02  2.49469374e-02 -4.16337737e+02 
 1.00715308e-05  6.32016738e+02  2.56632994e-02 -3.98623991e+02 
 1.00717550e-05  6.32016751e+02  2.63807736e-02 -3.79969497e+02 
 1.00719873e-05  6.32016764e+02  2.70991739e-02 -3.60302266e+02 
 1.00722286e-05  6.32016778e+02  2.78184620e-02 -3.39532283e+02 
 1.00724803e-05  6.32016793e+02  2.85387934e-02 -3.17544675e+02 
 1.00727442e-05  6.32016809e+02  2.92606701e-02 -2.94186637e+02 
 1.00730226e-05  6.32016827e+02  2.99851526e-02 -2.69246606e+02 
 1.00733071e-05  6.32016845e+02  3.06851435e-02 -2.43524065e+02 
 1.00735866e-05  6.32016864e+02  3.13334590e-02 -2.18053102e+02 
 1.00738668e-05  6.32016883e+02  3.19434002e-02 -1.92397709e+02 
 1.00741416e-05  6.32016902e+02  3.25028034e-02 -1.67161809e+02 
 1.00744165e-05  6.32016921e+02  3.30239390e-02 -1.41891553e+02 
 1.00746876e-05  6.32016940e+02  3.35000650e-02 -1.16999664e+02 
 1.00749588e-05  6.32016959e+02  3.39388760e-02 -9.21739125e+01 
 1.00752272e-05  6.32016979e+02  3.43364564e-02 -6.77172366e+01 
 1.00754955e-05  6.32016998e+02  3.46975792e-02 -4.34236934e+01 
 1.00757616e-05  6.32017018e+02  3.50201831e-02 -1.95160897e+01 
 1.00760276e-05  6.32017038e+02  3.53074838e-02  4.15327917e+00 
 1.00762920e-05  6.32017058e+02  3.55585271e-02  2.74156008e+01 
 1.00765561e-05  6.32017078e+02  3.57754871e-02  5.03723438e+01 
 1.00768190e-05  6.32017098e+02  3.59582039e-02  7.29032244e+01 
 1.00770816e-05  6.32017118e+02  3.61081757e-02  9.50748387e+01 
 1.00773434e-05  6.32017138e+02  3.62257064e-02  1.16801904e+02 
 1.00776050e-05  6.32017159e+02  3.63118895e-02  1.38127200e+02 
 1.00778659e-05  6.32017179e+02  3.63672846e-02  1.58990341e+02 
 1.00781267e-05  6.32017199e+02  3.63927505e-02  1.79418412e+02 
 1.00783870e-05  6.32017219e+02  3.63889770e-02  1.99368802e+02 
 1.00786474e-05  6.32017239e+02  3.63566902e-02  2.18858483e+02 
 1.00789074e-05  6.32017259e+02  3.62966361e-02  2.37857693e+02 
 1.00791675e-05  6.32017279e+02  3.62094672e-02  2.56377108e+02 
 1.00794270e-05  6.32017299e+02  3.60961888e-02  2.74361730e+02 
 1.00796836e-05  6.32017319e+02  3.59590468e-02  2.91651917e+02 
 1.00799391e-05  6.32017339e+02  3.57983338e-02  3.08377127e+02 
 1.00801922e-05  6.32017358e+02  3.56161020e-02  3.24452001e+02 
 1.00804445e-05  6.32017377e+02  3.54122930e-02  3.39986775e+02 
 1.00806950e-05  6.32017396e+02  3.51886684e-02  3.54928871e+02 
 1.00809450e-05  6.32017414e+02  3.49451302e-02  3.69354312e+02 
 1.00811938e-05  6.32017433e+02  3.46831984e-02  3.83229907e+02 
 1.00814423e-05  6.32017451e+02  3.44028204e-02  3.96608407e+02 
 1.00816900e-05  6.32017469e+02  3.41052908e-02  4.09470539e+02 
 1.00819374e-05  6.32017487e+02  3.37906147e-02  4.21854198e+02 
 1.00821845e-05  6.32017505e+02  3.34598841e-02  4.33749741e+02 
 1.00824315e-05  6.32017522e+02  3.31131601e-02  4.45185309e+02 
 1.00826782e-05  6.32017539e+02  3.27513612e-02  4.56157689e+02 
 1.00829252e-05  6.32017556e+02  3.23745962e-02  4.66688541e+02 
 1.00831722e-05  6.32017573e+02  3.19836391e-02  4.76778907e+02 
 1.00834194e-05  6.32017590e+02  3.15786350e-02  4.86446151e+02 
 1.00836669e-05  6.32017607e+02  3.11602379e-02  4.95694129e+02 
 1.00839149e-05  6.32017623e+02  3.07286178e-02  5.04537373e+02 
 1.00841632e-05  6.32017639e+02  3.02843286e-02  5.12981600e+02 
 1.00844122e-05  6.32017655e+02  2.98275542e-02  5.21039487e+02 
 1.00846618e-05  6.32017671e+02  2.93587651e-02  5.28717984e+02 
 1.00849121e-05  6.32017686e+02  2.88781492e-02  5.36028559e+02 
 1.00851632e-05  6.32017701e+02  2.83861061e-02  5.42978980e+02 
 1.00854152e-05  6.32017717e+02  2.78828199e-02  5.49579936e+02 
 1.00856681e-05  6.32017731e+02  2.73686286e-02  5.55839741e+02 
 1.00859221e-05  6.32017746e+02  2.68437054e-02  5.61768585e+02 
 1.00861772e-05  6.32017760e+02  2.63083337e-02  5.67375145e+02 
 1.00864334e-05  6.32017775e+02  2.57626701e-02  5.72669299e+02 
 1.00866910e-05  6.32017789e+02  2.52069476e-02  5.77659965e+02 
 1.00869499e-05  6.32017802e+02  2.46413008e-02  5.82356826e+02 
 1.00872102e-05  6.32017816e+02  2.40659155e-02  5.86768959e+02 
 1.00874721e-05  6.32017829e+02  2.34808992e-02  5.90905925e+02 
 1.00877356e-05  6.32017842e+02  2.28863914e-02  5.94776904e+02 
 1.00880009e-05  6.32017855e+02  2.22824681e-02  5.98391379e+02 
 1.00882679e-05  6.32017867e+02  2.16692218e-02  6.01758590e+02 
 1.00885369e-05  6.32017880e+02  2.10466921e-02  6.04887964e+02 
 1.00888080e-05  6.32017891e+02  2.04149232e-02  6.07788773e+02 
 1.00890811e-05  6.32017903e+02  1.97739127e-02  6.10470394e+02 
 1.00893565e-05  6.32017915e+02  1.91236538e-02  6.12942102e+02 
 1.00896343e-05  6.32017926e+02  1.84640966e-02  6.15213224e+02 
 1.00899147e-05  6.32017936e+02  1.77951791e-02  6.17293014e+02 
 1.00901976e-05  6.32017947e+02  1.71167981e-02  6.19190738e+02 
 1.00904834e-05  6.32017957e+02  1.64288316e-02  6.20915599e+02 
 1.00907721e-05  6.32017967e+02  1.57311173e-02  6.22476788e+02 
 1.00910640e-05  6.32017977e+02  1.50234686e-02  6.23883429e+02 
 1.00913591e-05  6.32017986e+02  1.43056597e-02  6.25144607e+02 
 1.00916577e-05  6.32017995e+02  1.35774375e-02  6.26269330e+02 
 1.00919600e-05  6.32018003e+02  1.28385125e-02  6.27266538e+02 
 1.00922661e-05  6.32018011e+02  1.20885712e-02  6.28145078e+02 
 1.00925720e-05  6.32018019e+02  1.13375555e-02  6.28904077e+02 
 1.00928774e-05  6.32018026e+02  1.05868937e-02  6.29554958e+02 
 1.00931802e-05  6.32018033e+02  9.84145035e-03  6.30106596e+02 
 1.00934798e-05  6.32018039e+02  9.10283520e-03  6.30570799e+02 
 1.00937744e-05  6.32018044e+02  8.37614794e-03  6.30956941e+02 
 1.00940621e-05  6.32018049e+02  7.66592827e-03  6.31274875e+02 
 1.00943396e-05  6.32018053e+02  6.98022531e-03  6.31532892e+02 
 1.00946031e-05  6.32018057e+02  6.32883295e-03  6.31738908e+02 
 1.00948164e-05  6.32018060e+02  5.80127359e-03  6.31881061e+02 
 1.00948670e-05  6.32018060e+02  5.67616676e-03  6.31911804e+02 
 1.00949491e-05  6.32018061e+02  5.47309837e-03  6.31959417e+02 
 1.00950241e-05  6.32018062e+02  5.28752867e-03  6.32000537e+02 
 1.00950911e-05  6.32018063e+02  5.12176286e-03  6.32035411e+02 
 1.00951812e-05  6.32018064e+02  4.89895285e-03  6.32079630e+02 
 1.00952636e-05  6.32018065e+02  4.69501677e-03  6.32117539e+02 
 1.00953336e-05  6.32018066e+02  4.52164363e-03  6.32147918e+02 
 1.00954096e-05  6.32018066e+02  4.33362896e-03  6.32179013e+02 
 1.00954846e-05  6.32018067e+02  4.14799798e-03  6.32207896e+02 
 1.00955697e-05  6.32018068e+02  3.93749688e-03  6.32238549e+02 
 1.00956518e-05  6.32018068e+02  3.73425721e-03  6.32266109e+02 
 1.00957453e-05  6.32018069e+02  3.50264558e-03  6.32295182e+02 
 1.00958356e-05  6.32018070e+02  3.27921551e-03  6.32320970e+02 
 1.00959493e-05  6.32018070e+02  2.99769948e-03  6.32350448e+02 
 1.00960779e-05  6.32018071e+02  2.67927892e-03  6.32379940e+02 
 1.00961750e-05  6.32018072e+02  2.43889026e-03  6.32399621e+02 
 1.00962767e-05  6.32018072e+02  2.18702585e-03  6.32417955e+02 
 1.00963569e-05  6.32018073e+02  1.98843591e-03  6.32430813e+02 
 1.00964307e-05  6.32018073e+02  1.80561504e-03  6.32441436e+02 
 1.00965012e-05  6.32018073e+02  1.63106128e-03  6.32450513e+02 
 1.00965774e-05  6.32018073e+02  1.44222160e-03  6.32459181e+02 
 1.00966482e-05  6.32018074e+02  1.26686782e-03  6.32466172e+02 
 1.00967255e-05  6.32018074e+02  1.07548110e-03  6.32472657e+02 
 1.00968093e-05  6.32018074e+02  8.67855246e-04  6.32478360e+02 
 1.00968922e-05  6.32018074e+02  6.62655235e-04  6.32482656e+02 
 1.00969349e-05  6.32018074e+02  5.56741310e-04  6.32484359e+02 
 1.00969878e-05  6.32018074e+02  4.25813934e-04  6.32485987e+02 
 1.00970401e-05  6.32018074e+02  2.96415796e-04  6.32487084e+02 
 1.00970941e-05  6.32018074e+02  1.62520063e-04  6.32487690e+02 
 1.00971488e-05  6.32018074e+02  2.70758411e-05  6.32487763e+02 
 1.00972094e-05  6.32018074e+02 -1.22889526e-04  6.32487218e+02 
 1.00972653e-05  6.32018074e+02 -2.61557718e-04  6.32486134e+02 
 1.00973272e-05  6.32018074e+02 -4.14851029e-04  6.32484292e+02 
 1.00973869e-05  6.32018074e+02 -5.62569019e-04  6.32481881e+02 
 1.00974556e-05  6.32018074e+02 -7.32799479e-04  6.32478328e+02 
 1.00975279e-05  6.32018074e+02 -9.11901415e-04  6.32473690e+02 
 1.00976248e-05  6.32018074e+02 -1.15190229e-03  6.32466008e+02 
 1.00976904e-05  6.32018074e+02 -1.31431787e-03  6.32459837e+02 
 1.00977573e-05  6.32018073e+02 -1.47989017e-03  6.32452720e+02 
 1.00978241e-05  6.32018073e+02 -1.64527765e-03  6.32444758e+02 
 1.00978934e-05  6.32018073e+02 -1.81711004e-03  6.32435560e+02 
 1.00979702e-05  6.32018073e+02 -2.00722868e-03  6.32424251e+02 
 1.00980429e-05  6.32018072e+02 -2.18730044e-03  6.32412409e+02 
 1.00981219e-05  6.32018072e+02 -2.38285951e-03  6.32398262e+02 
 1.00982028e-05  6.32018071e+02 -2.58322671e-03  6.32382330e+02 
 1.00982928e-05  6.32018071e+02 -2.80614715e-03  6.32362832e+02 
 1.00983930e-05  6.32018070e+02 -3.05421693e-03  6.32338850e+02 
 1.00985119e-05  6.32018070e+02 -3.34837184e-03  6.32307143e+02 
 1.00986688e-05  6.32018068e+02 -3.73679553e-03  6.32259515e+02 
 1.00987375e-05  6.32018068e+02 -3.90692732e-03  6.32236468e+02 
 1.00988363e-05  6.32018067e+02 -4.15153473e-03  6.32200872e+02 
 1.00989305e-05  6.32018066e+02 -4.38475897e-03  6.32164112e+02 
 1.00989985e-05  6.32018065e+02 -4.55306285e-03  6.32135798e+02 
 1.00990576e-05  6.32018065e+02 -4.69911647e-03  6.32109967e+02 
 1.00991123e-05  6.32018064e+02 -4.83460076e-03  6.32084925e+02 
 1.00991641e-05  6.32018064e+02 -4.96281083e-03  6.32060245e+02 
 1.00992145e-05  6.32018063e+02 -5.08738491e-03  6.32035324e+02 
 1.00992670e-05  6.32018063e+02 -5.21735542e-03  6.32008309e+02 
 1.00993240e-05  6.32018062e+02 -5.35840344e-03  6.31977788e+02 
 1.00993910e-05  6.32018061e+02 -5.52423054e-03  6.31940253e+02 
 1.00994620e-05  6.32018060e+02 -5.69963139e-03  6.31898544e+02 
 1.00995395e-05  6.32018059e+02 -5.89138581e-03  6.31850498e+02 
 1.00996188e-05  6.32018058e+02 -6.08751068e-03  6.31798611e+02 
 1.00997035e-05  6.32018057e+02 -6.29692309e-03  6.31740015e+02 
 1.00997896e-05  6.32018056e+02 -6.50988350e-03  6.31676902e+02 
 1.00998807e-05  6.32018055e+02 -6.73493019e-03  6.31606177e+02 
 1.00999730e-05  6.32018053e+02 -6.96319043e-03  6.31530022e+02 
 1.01000699e-05  6.32018052e+02 -7.20256240e-03  6.31445157e+02 
 1.01001680e-05  6.32018050e+02 -7.44497405e-03  6.31353751e+02 
 1.01002703e-05  6.32018049e+02 -7.69777213e-03  6.31252292e+02 
 1.01003739e-05  6.32018047e+02 -7.95361206e-03  6.31142926e+02 
 1.01004815e-05  6.32018045e+02 -8.21922087e-03  6.31021916e+02 
 1.01006967e-05  6.32018041e+02 -8.75020538e-03  6.30755662e+02 
 1.01009552e-05  6.32018036e+02 -9.38773929e-03  6.30389273e+02 
 1.01011899e-05  6.32018032e+02 -9.96611297e-03  6.30008085e+02 
 1.01014864e-05  6.32018025e+02 -1.06959248e-02  6.29453178e+02 
 1.01018158e-05  6.32018017e+02 -1.15054776e-02  6.28729396e+02 
 1.01021463e-05  6.32018009e+02 -1.23163163e-02  6.27875434e+02 
 1.01024883e-05  6.32018000e+02 -1.31535152e-02  6.26840406e+02 
 1.01028130e-05  6.32017990e+02 -1.39463206e-02  6.25698674e+02 
 1.01031407e-05  6.32017980e+02 -1.47443168e-02  6.24371633e+02 
 1.01034544e-05  6.32017970e+02 -1.55057412e-02  6.22920308e+02 
 1.01037690e-05  6.32017960e+02 -1.62668142e-02  6.21269456e+02 
 1.01040736e-05  6.32017949e+02 -1.70005191e-02  6.19469004e+02 
 1.01043780e-05  6.32017938e+02 -1.77306428e-02  6.17453435e+02 
 1.01046748e-05  6.32017926e+02 -1.84391387e-02  6.15263601e+02 
 1.01049707e-05  6.32017914e+02 -1.91416491e-02  6.12843478e+02 
 1.01052608e-05  6.32017902e+02 -1.98261223e-02  6.10225585e+02 
 1.01055494e-05  6.32017890e+02 -2.05029544e-02  6.07362162e+02 
 1.01058334e-05  6.32017877e+02 -2.11640881e-02  6.04278275e+02 
 1.01061158e-05  6.32017864e+02 -2.18164577e-02  6.00933279e+02 
 1.01063943e-05  6.32017851e+02 -2.24546445e-02  5.97345841e+02 
 1.01066712e-05  6.32017838e+02 -2.30832644e-02  5.93481395e+02 
 1.01069449e-05  6.32017824e+02 -2.36986416e-02  5.89353244e+02 
 1.01072170e-05  6.32017810e+02 -2.43038273e-02  5.84931948e+02 
 1.01074864e-05  6.32017796e+02 -2.48962981e-02  5.80226392e+02 
 1.01077543e-05  6.32017782e+02 -2.54780432e-02  5.75211400e+02 
 1.01080199e-05  6.32017767e+02 -2.60472998e-02  5.69892270e+02 
 1.01082840e-05  6.32017752e+02 -2.66053313e-02  5.64247343e+02 
 1.01085462e-05  6.32017738e+02 -2.71508747e-02  5.58279042e+02 
 1.01088071e-05  6.32017722e+02 -2.76846931e-02  5.51968587e+02 
 1.01090663e-05  6.32017707e+02 -2.82058484e-02  5.45316127e+02 
 1.01093243e-05  6.32017691e+02 -2.87147552e-02  5.38305225e+02 
 1.01095809e-05  6.32017675e+02 -2.92106832e-02  5.30934252e+02 
 1.01098365e-05  6.32017659e+02 -2.96938008e-02  5.23188670e+02 
 1.01100909e-05  6.32017643e+02 -3.01635057e-02  5.15065473e+02 
 1.01103443e-05  6.32017627e+02 -3.06197892e-02  5.06551654e+02 
 1.01105969e-05  6.32017610e+02 -3.10621232e-02  4.97643148e+02 
 1.01108486e-05  6.32017594e+02 -3.14903675e-02  4.88328169e+02 
 1.01110996e-05  6.32017577e+02 -3.19040313e-02  4.78601840e+02 
 1.01113499e-05  6.32017560e+02 -3.23028729e-02  4.68453337e+02 
 1.01115997e-05  6.32017542e+02 -3.26864124e-02  4.57877145e+02 
 1.01118491e-05  6.32017525e+02 -3.30543258e-02  4.46863171e+02 
 1.01120981e-05  6.32017507e+02 -3.34061249e-02  4.35405377e+02 
 1.01123468e-05  6.32017489e+02 -3.37414139e-02  4.23494190e+02 
 1.01125953e-05  6.32017472e+02 -3.40596813e-02  4.11123096e+02 
 1.01128438e-05  6.32017453e+02 -3.43604640e-02  3.98282825e+02 
 1.01130922e-05  6.32017435e+02 -3.46432135e-02  3.84966369e+02 
 1.01133408e-05  6.32017417e+02 -3.49073986e-02  3.71164524e+02 
 1.01135897e-05  6.32017398e+02 -3.51524202e-02  3.56869684e+02 
 1.01138389e-05  6.32017380e+02 -3.53776732e-02  3.42072421e+02 
 1.01140887e-05  6.32017361e+02 -3.55824917e-02  3.26764321e+02 
 1.01143391e-05  6.32017342e+02 -3.57661846e-02  3.10935345e+02 
 1.01145903e-05  6.32017323e+02 -3.59279995e-02  2.94575913e+02 
 1.01148424e-05  6.32017303e+02 -3.60671391e-02  2.77674825e+02 
 1.01150957e-05  6.32017284e+02 -3.61827363e-02  2.60220745e+02 
 1.01153503e-05  6.32017264e+02 -3.62738567e-02  2.42200494e+02 
 1.01156065e-05  6.32017244e+02 -3.63394772e-02  2.23600009e+02 
 1.01158645e-05  6.32017224e+02 -3.63784764e-02  2.04402840e+02 
 1.01161246e-05  6.32017204e+02 -3.63896109e-02  1.84590584e+02 
 1.01163871e-05  6.32017184e+02 -3.63714912e-02  1.64141365e+02 
 1.01166521e-05  6.32017163e+02 -3.63226312e-02  1.43057247e+02 
 1.01169160e-05  6.32017143e+02 -3.62428212e-02  1.21638115e+02 
 1.01171813e-05  6.32017123e+02 -3.61306615e-02  9.97053483e+01 
 1.01174456e-05  6.32017102e+02 -3.59865014e-02  7.74753425e+01 
 1.01177110e-05  6.32017082e+02 -3.58086139e-02  5.47952249e+01 
 1.01179760e-05  6.32017062e+02 -3.55974399e-02  3.18276648e+01 
 1.01182420e-05  6.32017042e+02 -3.53511734e-02  8.46826262e+00 
 1.01185081e-05  6.32017022e+02 -3.50702272e-02 -1.51549181e+01 
 1.01187752e-05  6.32017002e+02 -3.47528555e-02 -3.91076313e+01 
 1.01190426e-05  6.32016983e+02 -3.43993686e-02 -6.32870375e+01 
 1.01193112e-05  6.32016963e+02 -3.40081275e-02 -8.77301629e+01 
 1.01195804e-05  6.32016944e+02 -3.35793004e-02 -1.12352012e+02 
 1.01198508e-05  6.32016924e+02 -3.31114100e-02 -1.37165391e+02 
 1.01201222e-05  6.32016905e+02 -3.26042889e-02 -1.62106204e+02 
 1.01203949e-05  6.32016887e+02 -3.20568127e-02 -1.87158171e+02 
 1.01206690e-05  6.32016868e+02 -3.14685538e-02 -2.12268570e+02 
 1.01209446e-05  6.32016850e+02 -3.08384398e-02 -2.37410458e+02 
 1.01212218e-05  6.32016832e+02 -3.01659261e-02 -2.62531560e+02 
 1.01215010e-05  6.32016814e+02 -2.94499479e-02 -2.87596358e+02 
 1.01217821e-05  6.32016797e+02 -2.86898437e-02 -3.12550793e+02 
 1.01220655e-05  6.32016780e+02 -2.78845190e-02 -3.37351494e+02 
 1.01223513e-05  6.32016763e+02 -2.70331694e-02 -3.61941268e+02 
 1.01226139e-05  6.32016748e+02 -2.62168127e-02 -3.84108955e+02 
 1.01228691e-05  6.32016734e+02 -2.53926179e-02 -4.05216554e+02 
 1.01231056e-05  6.32016722e+02 -2.46025312e-02 -4.24347092e+02 
 1.01233360e-05  6.32016710e+02 -2.38090397e-02 -4.42551799e+02 
 1.01235534e-05  6.32016699e+02 -2.30390008e-02 -4.59315070e+02 
 1.01237660e-05  6.32016689e+02 -2.22667042e-02 -4.75286491e+02 
 1.01239691e-05  6.32016679e+02 -2.15113608e-02 -4.90136163e+02 
 1.01241680e-05  6.32016670e+02 -2.07558680e-02 -5.04263338e+02 
 1.01243595e-05  6.32016662e+02 -2.00139438e-02 -5.17462322e+02 
 1.01245470e-05  6.32016654e+02 -1.92740630e-02 -5.29986797e+02 
 1.01247284e-05  6.32016647e+02 -1.85458850e-02 -5.41714480e+02 
 1.01249061e-05  6.32016640e+02 -1.78216041e-02 -5.52810818e+02 
 1.01250786e-05  6.32016634e+02 -1.71079976e-02 -5.63206874e+02 
 1.01252475e-05  6.32016628e+02 -1.63998089e-02 -5.73012947e+02 
 1.01254119e-05  6.32016622e+02 -1.57018066e-02 -5.82193445e+02 
 1.01255729e-05  6.32016617e+02 -1.50104933e-02 -5.90823847e+02 
 1.01257298e-05  6.32016612e+02 -1.43292456e-02 -5.98889201e+02 
 1.01258834e-05  6.32016607e+02 -1.36557803e-02 -6.06442946e+02 
 1.01260333e-05  6.32016603e+02 -1.29925122e-02 -6.13482786e+02 
 1.01261799e-05  6.32016599e+02 -1.23379959e-02 -6.20048192e+02 
 1.01263231e-05  6.32016595e+02 -1.16939859e-02 -6.26144522e+02 
 1.01264631e-05  6.32016592e+02 -1.10596154e-02 -6.31802389e+02 
 1.01265998e-05  6.32016589e+02 -1.04361898e-02 -6.37031696e+02 
 1.01267333e-05  6.32016586e+02 -9.82324463e-03 -6.41857434e+02 
 1.01268637e-05  6.32016583e+02 -9.22178461e-03 -6.46292140e+02 
 1.01269909e-05  6.32016581e+02 -8.63162827e-03 -6.50357231e+02 
 1.01271149e-05  6.32016579e+02 -8.05358576e-03 -6.54066722e+02 
 1.01272358e-05  6.32016577e+02 -7.48768025e-03 -6.57439760e+02 
 1.01273536e-05  6.32016575e+02 -6.93460433e-03 -6.60491149e+02 
 1.01274682e-05  6.32016573e+02 -6.39453735e-03 -6.63238594e+02 
 1.01275795e-05  6.32016572e+02 -5.86811341e-03 -6.65697291e+02 
 1.01276876e-05  6.32016571e+02 -5.35564222e-03 -6.67884033e+02 
 1.01277923e-05  6.32016569e+02 -4.85774887e-03 -6.69814195e+02 
 1.01278937e-05  6.32016568e+02 -4.37486736e-03 -6.71503999e+02 
 1.01279916e-05  6.32016568e+02 -3.90766163e-03 -6.72968894e+02 
 1.01280860e-05  6.32016567e+02 -3.45670411e-03 -6.74224766e+02 
 1.01281767e-05  6.32016566e+02 -3.02275409e-03 -6.75287098e+02 
 1.01282636e-05  6.32016566e+02 -2.60656379e-03 -6.76171603e+02 
 1.01283464e-05  6.32016565e+02 -2.20906930e-03 -6.76893817e+02 
 1.01284252e-05  6.32016565e+02 -1.83129151e-03 -6.77469415e+02 
 1.01284995e-05  6.32016565e+02 -1.47448676e-03 -6.77914040e+02 
 1.01285691e-05  6.32016564e+02 -1.14013865e-03 -6.78243474e+02 
 1.01286336e-05  6.32016564e+02 -8.30134775e-04 -6.78473595e+02 
 1.01286862e-05  6.32016564e+02 -5.77165537e-04 -6.78607704e+02 
 1.01287292e-05  6.32016564e+02 -3.70526326e-04 -6.78681468e+02 
 1.01287642e-05  6.32016564e+02 -2.02260208e-04 -6.78717771e+02 
 1.01287924e-05  6.32016564e+02 -6.65154664e-05 -6.78731513e+02 
 1.01288205e-05  6.32016564e+02  6.84183443e-05 -6.78731416e+02 
 1.01288496e-05  6.32016564e+02  2.08548664e-04 -6.78716796e+02 
 1.01288856e-05  6.32016564e+02  3.81587222e-04 -6.78678332e+02 
 1.01289293e-05  6.32016564e+02  5.91612553e-04 -6.78601338e+02 
 1.01289796e-05  6.32016564e+02  8.33551864e-04 -6.78471444e+02 
 1.01290363e-05  6.32016564e+02  1.10591906e-03 -6.78272418e+02 
 1.01290981e-05  6.32016565e+02  1.40281789e-03 -6.77991735e+02 
 1.01291650e-05  6.32016565e+02  1.72389183e-03 -6.77613331e+02 
 1.01292362e-05  6.32016565e+02  2.06556545e-03 -6.77125130e+02 
 1.01293117e-05  6.32016565e+02  2.42800871e-03 -6.76510764e+02 
 1.01293912e-05  6.32016566e+02  2.80886155e-03 -6.75758007e+02 
 1.01294746e-05  6.32016566e+02  3.20825284e-03 -6.74850410e+02 
 1.01295616e-05  6.32016567e+02  3.62445472e-03 -6.73775584e+02 
 1.01296522e-05  6.32016568e+02  4.05746816e-03 -6.72517216e+02 
 1.01297463e-05  6.32016569e+02  4.50597263e-03 -6.71062724e+02 
 1.01298437e-05  6.32016570e+02  4.96986881e-03 -6.69395994e+02 
 1.01299444e-05  6.32016571e+02  5.44812072e-03 -6.67504203e+02 
 1.01300483e-05  6.32016572e+02  5.94055710e-03 -6.65371436e+02 
 1.01301553e-05  6.32016573e+02  6.44634197e-03 -6.62984603e+02 
 1.01302654e-05  6.32016575e+02  6.96525178e-03 -6.60327964e+02 
 1.01303785e-05  6.32016577e+02  7.49659067e-03 -6.57388146e+02 
 1.01304947e-05  6.32016579e+02  8.04009669e-03 -6.54149544e+02 
 1.01306138e-05  6.32016581e+02  8.59517215e-03 -6.50598488e+02 
 1.01307358e-05  6.32016583e+02  9.16152634e-03 -6.46719445e+02 
 1.01308608e-05  6.32016586e+02  9.73862986e-03 -6.42498433e+02 
 1.01309887e-05  6.32016588e+02  1.03261699e-02 -6.37919910e+02 
 1.01311195e-05  6.32016591e+02  1.09236637e-02 -6.32969544e+02 
 1.01312533e-05  6.32016595e+02  1.15307809e-02 -6.27631692e+02 
 1.01313900e-05  6.32016598e+02  1.21470694e-02 -6.21891610e+02 
 1.01315297e-05  6.32016602e+02  1.27721841e-02 -6.15733428e+02 
 1.01316724e-05  6.32016606e+02  1.34056920e-02 -6.09141900e+02 
 1.01318182e-05  6.32016610e+02  1.40472345e-02 -6.02100775e+02 
 1.01319671e-05  6.32016614e+02  1.46963897e-02 -5.94594159e+02 
 1.01321191e-05  6.32016619e+02  1.53527866e-02 -5.86605210e+02 
 1.01322743e-05  6.32016624e+02  1.60160076e-02 -5.78117179e+02 
 1.01324329e-05  6.32016630e+02  1.66856703e-02 -5.69112346e+02 
 1.01325949e-05  6.32016636e+02  1.73613577e-02 -5.59572797e+02 
 1.01327603e-05  6.32016642e+02  1.80426764e-02 -5.49479535e+02 
 1.01329294e-05  6.32016649e+02  1.87292081e-02 -5.38813020e+02 
 1.01331023e-05  6.32016656e+02  1.94205501e-02 -5.27552394e+02 
 1.01332792e-05  6.32016663e+02  2.01162827e-02 -5.15675796e+02 
 1.01334601e-05  6.32016671e+02  2.08159977e-02 -5.03159633e+02 
 1.01336454e-05  6.32016679e+02  2.15192767e-02 -4.89978649e+02 
 1.01338353e-05  6.32016688e+02  2.22257132e-02 -4.76105150e+02 
 1.01340301e-05  6.32016698e+02  2.29348987e-02 -4.61508763e+02 
 1.01342301e-05  6.32016707e+02  2.36464416e-02 -4.46155462e+02 
 1.01344357e-05  6.32016718e+02  2.43599617e-02 -4.30006863e+02 
 1.01346474e-05  6.32016729e+02  2.50751098e-02 -4.13018751e+02 
 1.01348657e-05  6.32016741e+02  2.57915732e-02 -3.95139527e+02 
 1.01350914e-05  6.32016753e+02  2.65091029e-02 -3.76307606e+02 
 1.01353252e-05  6.32016767e+02  2.72275406e-02 -3.56448011e+02 
 1.01355684e-05  6.32016781e+02  2.79468728e-02 -3.35466944e+02 
 1.01358222e-05  6.32016796e+02  2.86673098e-02 -3.13243606e+02 
 1.01360885e-05  6.32016813e+02  2.93894316e-02 -2.89616472e+02 
 1.01363700e-05  6.32016831e+02  3.01144463e-02 -2.64359465e+02 
 1.01366522e-05  6.32016849e+02  3.08014262e-02 -2.38804465e+02 
 1.01369332e-05  6.32016868e+02  3.14455201e-02 -2.13182606e+02 
 1.01372113e-05  6.32016886e+02  3.20435432e-02 -1.87705520e+02 
 1.01374870e-05  6.32016905e+02  3.25975472e-02 -1.62383660e+02 
 1.01377605e-05  6.32016924e+02  3.31087544e-02 -1.37254747e+02 
 1.01380322e-05  6.32016944e+02  3.35789724e-02 -1.12319310e+02 
 1.01383023e-05  6.32016963e+02  3.40091710e-02 -8.76116266e+01 
 1.01385711e-05  6.32016983e+02  3.44005675e-02 -6.31465015e+01 
 1.01388387e-05  6.32017002e+02  3.47539645e-02 -3.89585644e+01 
 1.01391051e-05  6.32017022e+02  3.50703055e-02 -1.50705018e+01 
 1.01393706e-05  6.32017042e+02  3.53505373e-02  8.50049206e+00 
 1.01396351e-05  6.32017062e+02  3.55953892e-02  3.17225414e+01 
 1.01398988e-05  6.32017082e+02  3.58057860e-02  5.45841737e+01 
 1.01401618e-05  6.32017102e+02  3.59824704e-02  7.70591713e+01 
 1.01404242e-05  6.32017122e+02  3.61262924e-02  9.91368313e+01 
 1.01406860e-05  6.32017142e+02  3.62380004e-02  1.20796250e+02 
 1.01409474e-05  6.32017162e+02  3.63183877e-02  1.42027544e+02 
 1.01412083e-05  6.32017183e+02  3.63681973e-02  1.62814218e+02 
 1.01414690e-05  6.32017203e+02  3.63881824e-02  1.83147622e+02 
 1.01417294e-05  6.32017223e+02  3.63790743e-02  2.03014971e+02 
 1.01419897e-05  6.32017243e+02  3.63415956e-02  2.22409185e+02 
 1.01422498e-05  6.32017263e+02  3.62764624e-02  2.41320586e+02 
 1.01425099e-05  6.32017283e+02  3.61843727e-02  2.59743785e+02 
 1.01427688e-05  6.32017303e+02  3.60666120e-02  2.77592594e+02 
 1.01430252e-05  6.32017323e+02  3.59250236e-02  2.94778610e+02 
 1.01432802e-05  6.32017342e+02  3.57602888e-02  3.11377082e+02 
 1.01435332e-05  6.32017361e+02  3.55739952e-02  3.27351622e+02 
 1.01437851e-05  6.32017380e+02  3.53664956e-02  3.42771910e+02 
 1.01440355e-05  6.32017399e+02  3.51391302e-02  3.57617647e+02 
 1.01442853e-05  6.32017418e+02  3.48921738e-02  3.71937644e+02 
 1.01445341e-05  6.32017436e+02  3.46267846e-02  3.85720262e+02 
 1.01447824e-05  6.32017454e+02  3.43432246e-02  3.99000279e+02 
 1.01450300e-05  6.32017472e+02  3.40424887e-02  4.11772757e+02 
 1.01452774e-05  6.32017490e+02  3.37248385e-02  4.24063715e+02 
 1.01455244e-05  6.32017508e+02  3.33911244e-02  4.35872994e+02 
 1.01457714e-05  6.32017525e+02  3.30416113e-02  4.47220894e+02 
 1.01460182e-05  6.32017543e+02  3.26770274e-02  4.58110450e+02 
 1.01462651e-05  6.32017560e+02  3.22976401e-02  4.68558161e+02 
 1.01465122e-05  6.32017577e+02  3.19040753e-02  4.78569174e+02 
 1.01467595e-05  6.32017593e+02  3.14966001e-02  4.88157467e+02 
 1.01470070e-05  6.32017610e+02  3.10757542e-02  4.97329582e+02 
 1.01472551e-05  6.32017626e+02  3.06418001e-02  5.06097840e+02 
 1.01475036e-05  6.32017642e+02  3.01952044e-02  5.14469710e+02 
 1.01477526e-05  6.32017658e+02  2.97362204e-02  5.22456428e+02 
 1.01480024e-05  6.32017674e+02  2.92652518e-02  5.30066085e+02 
 1.01482528e-05  6.32017689e+02  2.87825384e-02  5.37309213e+02 
 1.01485041e-05  6.32017704e+02  2.82884288e-02  5.44194319e+02 
 1.01487562e-05  6.32017719e+02  2.77831451e-02  5.50731491e+02 
 1.01490094e-05  6.32017734e+02  2.72669867e-02  5.56929514e+02 
 1.01492635e-05  6.32017749e+02  2.67401544e-02  5.62798196e+02 
 1.01495188e-05  6.32017763e+02  2.62029018e-02  5.68346516e+02 
 1.01497753e-05  6.32017777e+02  2.56554052e-02  5.73584106e+02 
 1.01500331e-05  6.32017791e+02  2.50978748e-02  5.78520077e+02 
 1.01502923e-05  6.32017805e+02  2.45304589e-02  5.83163955e+02 
 1.01505529e-05  6.32017818e+02  2.39533254e-02  5.87524940e+02 
 1.01508151e-05  6.32017832e+02  2.33665908e-02  5.91612492e+02 
 1.01510789e-05  6.32017845e+02  2.27703807e-02  5.95435868e+02 
 1.01513445e-05  6.32017857e+02  2.21647763e-02  5.99004486e+02 
 1.01516119e-05  6.32017870e+02  2.15498589e-02  6.02327634e+02 
 1.01518812e-05  6.32017882e+02  2.09256708e-02  6.05414696e+02 
 1.01521526e-05  6.32017894e+02  2.02922467e-02  6.08274971e+02 
 1.01524262e-05  6.32017905e+02  1.96495849e-02  6.10917807e+02 
 1.01527020e-05  6.32017917e+02  1.89976701e-02  6.13352492e+02 
 1.01529803e-05  6.32017928e+02  1.83364517e-02  6.15588334e+02 
 1.01532611e-05  6.32017938e+02  1.76658599e-02  6.17634589e+02 
 1.01535446e-05  6.32017949e+02  1.69857896e-02  6.19500508e+02 
 1.01538308e-05  6.32017959e+02  1.62961116e-02  6.21195290e+02 
 1.01541201e-05  6.32017969e+02  1.55966608e-02  6.22728110e+02 
 1.01544125e-05  6.32017978e+02  1.48872441e-02  6.24108081e+02 
 1.01547082e-05  6.32017988e+02  1.41676325e-02  6.25344272e+02 
 1.01550075e-05  6.32017996e+02  1.34375674e-02  6.26445675e+02 
 1.01553104e-05  6.32018005e+02  1.26967572e-02  6.27421211e+02 
 1.01556172e-05  6.32018013e+02  1.19448855e-02  6.28279701e+02 
 1.01559229e-05  6.32018020e+02  1.11942671e-02  6.29018347e+02 
 1.01562283e-05  6.32018027e+02  1.04431214e-02  6.29651943e+02 
 1.01565307e-05  6.32018034e+02  9.69870459e-03  6.30187362e+02 
 1.01568300e-05  6.32018040e+02  8.96073311e-03  6.30637772e+02 
 1.01571237e-05  6.32018045e+02  8.23612307e-03  6.31011411e+02 
 1.01574104e-05  6.32018050e+02  7.52829926e-03  6.31318709e+02 
 1.01576862e-05  6.32018054e+02  6.84663865e-03  6.31567366e+02 
 1.01579475e-05  6.32018058e+02  6.20087917e-03  6.31765359e+02 
 1.01581556e-05  6.32018060e+02  5.68615775e-03  6.31899989e+02 
 1.01582031e-05  6.32018061e+02  5.56858196e-03  6.31928096e+02 
 1.01582814e-05  6.32018062e+02  5.37494152e-03  6.31972357e+02 
 1.01583540e-05  6.32018063e+02  5.19534898e-03  6.32011225e+02 
 1.01584495e-05  6.32018064e+02  4.95905278e-03  6.32059296e+02 
 1.01585371e-05  6.32018065e+02  4.74219306e-03  6.32100473e+02 
 1.01586590e-05  6.32018066e+02  4.44064369e-03  6.32153291e+02 
 1.01587739e-05  6.32018067e+02  4.15624006e-03  6.32198623e+02 
 1.01589084e-05  6.32018068e+02  3.82329477e-03  6.32246497e+02 
 1.01589938e-05  6.32018069e+02  3.61186708e-03  6.32274140e+02 
 1.01591041e-05  6.32018069e+02  3.33892374e-03  6.32306827e+02 
 1.01592273e-05  6.32018070e+02  3.03390275e-03  6.32339555e+02 
 1.01593297e-05  6.32018071e+02  2.78032562e-03  6.32363860e+02 
 1.01594685e-05  6.32018072e+02  2.43661633e-03  6.32392812e+02 
 1.01595556e-05  6.32018072e+02  2.22090705e-03  6.32408734e+02 
 1.01596545e-05  6.32018073e+02  1.97607508e-03  6.32424784e+02 
 1.01597355e-05  6.32018073e+02  1.77538050e-03  6.32436382e+02 
 1.01598124e-05  6.32018073e+02  1.58493998e-03  6.32446118e+02 
 1.01598944e-05  6.32018073e+02  1.38195433e-03  6.32455162e+02 
 1.01599715e-05  6.32018074e+02  1.19087008e-03  6.32462438e+02 
 1.01600559e-05  6.32018074e+02  9.81963882e-04  6.32469041e+02 
 1.01601532e-05  6.32018074e+02  7.40897568e-04  6.32474936e+02 
 1.01601973e-05  6.32018074e+02  6.31695903e-04  6.32477007e+02 
 1.01602628e-05  6.32018074e+02  4.69634333e-04  6.32479399e+02 
 1.01603222e-05  6.32018074e+02  3.22407700e-04  6.32480877e+02 
 1.01603805e-05  6.32018074e+02  1.77957092e-04  6.32481692e+02 
 1.01604375e-05  6.32018074e+02  3.69344568e-05  6.32481887e+02 
 1.01604956e-05  6.32018074e+02 -1.06957726e-04  6.32481480e+02 
 1.01605596e-05  6.32018074e+02 -2.65672197e-04  6.32480330e+02 
 1.01606206e-05  6.32018074e+02 -4.16621855e-04  6.32478556e+02 
 1.01606890e-05  6.32018074e+02 -5.85999735e-04  6.32475778e+02 
 1.01607574e-05  6.32018074e+02 -7.55482080e-04  6.32472166e+02 
 1.01608405e-05  6.32018074e+02 -9.61294669e-04  6.32466649e+02 
 1.01609389e-05  6.32018074e+02 -1.20497939e-03  6.32458491e+02 
 1.01610090e-05  6.32018073e+02 -1.37847101e-03  6.32451586e+02 
 1.01610819e-05  6.32018073e+02 -1.55911161e-03  6.32443402e+02 
 1.01611551e-05  6.32018073e+02 -1.74031038e-03  6.32434148e+02 
 1.01612311e-05  6.32018073e+02 -1.92857666e-03  6.32423394e+02 
 1.01613121e-05  6.32018072e+02 -2.12918441e-03  6.32410619e+02 
 1.01613923e-05  6.32018072e+02 -2.32785868e-03  6.32396583e+02 
 1.01614788e-05  6.32018072e+02 -2.54192964e-03  6.32379865e+02 
 1.01615714e-05  6.32018071e+02 -2.77125457e-03  6.32360051e+02 
 1.01616764e-05  6.32018070e+02 -3.03127887e-03  6.32335101e+02 
 1.01618010e-05  6.32018069e+02 -3.33968747e-03  6.32301916e+02 
 1.01619722e-05  6.32018068e+02 -3.76338522e-03  6.32249568e+02 
 1.01621607e-05  6.32018067e+02 -4.23014966e-03  6.32182109e+02 
 1.01622121e-05  6.32018066e+02 -4.35735883e-03  6.32161812e+02 
 1.01622826e-05  6.32018065e+02 -4.53166645e-03  6.32132602e+02 
 1.01623554e-05  6.32018065e+02 -4.71200283e-03  6.32100626e+02 
 1.01624272e-05  6.32018064e+02 -4.88967951e-03  6.32067311e+02 
 1.01624762e-05  6.32018063e+02 -5.01081545e-03  6.32043534e+02 
 1.01625251e-05  6.32018063e+02 -5.13185840e-03  6.32018887e+02 
 1.01625766e-05  6.32018062e+02 -5.25932175e-03  6.31991951e+02 
 1.01626565e-05  6.32018061e+02 -5.45691939e-03  6.31948141e+02 
 1.01627378e-05  6.32018061e+02 -5.65799885e-03  6.31900902e+02 
 1.01628106e-05  6.32018060e+02 -5.83813731e-03  6.31856216e+02 
 1.01628921e-05  6.32018059e+02 -6.03948625e-03  6.31803515e+02 
 1.01629722e-05  6.32018058e+02 -6.23759059e-03  6.31748714e+02 
 1.01630613e-05  6.32018056e+02 -6.45802198e-03  6.31684154e+02 
 1.01631489e-05  6.32018055e+02 -6.67448656e-03  6.31616924e+02 
 1.01632442e-05  6.32018054e+02 -6.91018865e-03  6.31539208e+02 
 1.01633379e-05  6.32018052e+02 -7.14159234e-03  6.31458124e+02 
 1.01634387e-05  6.32018051e+02 -7.39064070e-03  6.31365312e+02 
 1.01635380e-05  6.32018049e+02 -7.63602736e-03  6.31267973e+02 
 1.01636440e-05  6.32018047e+02 -7.89785183e-03  6.31157354e+02 
 1.01637489e-05  6.32018046e+02 -8.15667530e-03  6.31040806e+02 
 1.01638599e-05  6.32018044e+02 -8.43084478e-03  6.30909155e+02 
 1.01640821e-05  6.32018040e+02 -8.97892152e-03  6.30618987e+02 
 1.01643456e-05  6.32018034e+02 -9.62849423e-03  6.30224256e+02 
 1.01645841e-05  6.32018029e+02 -1.02158831e-02  6.29814735e+02 
 1.01648817e-05  6.32018023e+02 -1.09480932e-02  6.29226253e+02 
 1.01652127e-05  6.32018015e+02 -1.17612316e-02  6.28459014e+02 
 1.01655430e-05  6.32018006e+02 -1.25709380e-02  6.27560748e+02 
 1.01658823e-05  6.32017997e+02 -1.34008625e-02  6.26483020e+02 
 1.01662057e-05  6.32017987e+02 -1.41899968e-02  6.25292650e+02 
 1.01665309e-05  6.32017977e+02 -1.49809991e-02  6.23918303e+02 
 1.01668434e-05  6.32017967e+02 -1.57386840e-02  6.22412882e+02 
 1.01671560e-05  6.32017956e+02 -1.64939892e-02  6.20708529e+02 
 1.01674595e-05  6.32017945e+02 -1.72240923e-02  6.18848143e+02 
 1.01677623e-05  6.32017934e+02 -1.79492668e-02  6.16772759e+02 
 1.01680581e-05  6.32017922e+02 -1.86542246e-02  6.14517230e+02 
 1.01683527e-05  6.32017911e+02 -1.93522983e-02  6.12031105e+02 
 1.01686419e-05  6.32017898e+02 -2.00332660e-02  6.09341841e+02 
 1.01689294e-05  6.32017886e+02 -2.07059926e-02  6.06406335e+02 
 1.01692125e-05  6.32017873e+02 -2.13636368e-02  6.03245445e+02 
 1.01694939e-05  6.32017860e+02 -2.20121096e-02  5.99822380e+02 
 1.01697717e-05  6.32017847e+02 -2.26468025e-02  5.96152354e+02 
 1.01700478e-05  6.32017834e+02 -2.32716441e-02  5.92203953e+02 
 1.01703208e-05  6.32017820e+02 -2.38834991e-02  5.87987684e+02 
 1.01705922e-05  6.32017806e+02 -2.44849560e-02  5.83476659e+02 
 1.01708610e-05  6.32017792e+02 -2.50738520e-02  5.78677518e+02 
 1.01711282e-05  6.32017777e+02 -2.56518635e-02  5.73567139e+02 
 1.01713933e-05  6.32017763e+02 -2.62174682e-02  5.68149032e+02 
 1.01716569e-05  6.32017748e+02 -2.67717174e-02  5.62403180e+02 
 1.01719186e-05  6.32017733e+02 -2.73135079e-02  5.56330593e+02 
 1.01721790e-05  6.32017718e+02 -2.78434584e-02  5.49913795e+02 
 1.01724378e-05  6.32017702e+02 -2.83607365e-02  5.43151830e+02 
 1.01726954e-05  6.32017686e+02 -2.88656581e-02  5.36029292e+02 
 1.01729517e-05  6.32017671e+02 -2.93575618e-02  5.28543690e+02 
 1.01732069e-05  6.32017654e+02 -2.98365483e-02  5.20681298e+02 
 1.01734609e-05  6.32017638e+02 -3.03020595e-02  5.12438443e+02 
 1.01737141e-05  6.32017622e+02 -3.07540394e-02  5.03802753e+02 
 1.01739664e-05  6.32017605e+02 -3.11919877e-02  4.94769650e+02 
 1.01742179e-05  6.32017588e+02 -3.16157307e-02  4.85327844e+02 
 1.01744687e-05  6.32017571e+02 -3.20247937e-02  4.75472061e+02 
 1.01747189e-05  6.32017554e+02 -3.24189108e-02  4.65191857e+02 
 1.01749685e-05  6.32017537e+02 -3.27976106e-02  4.54481411e+02 
 1.01752177e-05  6.32017519e+02 -3.31605502e-02  4.43330920e+02 
 1.01754666e-05  6.32017502e+02 -3.35072447e-02  4.31734100e+02 
 1.01757153e-05  6.32017484e+02 -3.38372830e-02  4.19681590e+02 
 1.01759638e-05  6.32017466e+02 -3.41501523e-02  4.07166672e+02 
 1.01762122e-05  6.32017448e+02 -3.44453765e-02  3.94180219e+02 
 1.01764607e-05  6.32017430e+02 -3.47224022e-02  3.80715039e+02 
 1.01767094e-05  6.32017411e+02 -3.49806858e-02  3.66762001e+02 
 1.01769584e-05  6.32017393e+02 -3.52196203e-02  3.52313317e+02 
 1.01772078e-05  6.32017374e+02 -3.54385869e-02  3.37359557e+02 
 1.01774577e-05  6.32017355e+02 -3.56369089e-02  3.21892099e+02 
 1.01777084e-05  6.32017336e+02 -3.58138796e-02  3.05900814e+02 
 1.01779598e-05  6.32017317e+02 -3.59687313e-02  2.89375853e+02 
 1.01782123e-05  6.32017297e+02 -3.61006476e-02  2.72305809e+02 
 1.01784660e-05  6.32017278e+02 -3.62087406e-02  2.54678965e+02 
 1.01787211e-05  6.32017258e+02 -3.62920506e-02  2.36481762e+02 
 1.01789778e-05  6.32017238e+02 -3.63495252e-02  2.17699568e+02 
 1.01792364e-05  6.32017218e+02 -3.63800080e-02  1.98315279e+02 
 1.01794973e-05  6.32017198e+02 -3.63822131e-02  1.78309590e+02 
 1.01797606e-05  6.32017178e+02 -3.63546992e-02  1.57659510e+02 
 1.01800253e-05  6.32017157e+02 -3.62963112e-02  1.36476124e+02 
 1.01802896e-05  6.32017137e+02 -3.62065727e-02  1.14894441e+02 
 1.01805546e-05  6.32017117e+02 -3.60845700e-02  9.28732587e+01 
 1.01808192e-05  6.32017096e+02 -3.59300472e-02  7.05013224e+01 
 1.01810845e-05  6.32017076e+02 -3.57419340e-02  4.77348417e+01 
 1.01813498e-05  6.32017056e+02 -3.55199740e-02  2.46439747e+01 
 1.01816159e-05  6.32017036e+02 -3.52630611e-02  1.20470139e+00 
 1.01818823e-05  6.32017016e+02 -3.49709184e-02 -2.25221393e+01 
 1.01821495e-05  6.32016996e+02 -3.46424636e-02 -4.65439332e+01 
 1.01824173e-05  6.32016977e+02 -3.42773736e-02 -7.08064327e+01 
 1.01826860e-05  6.32016957e+02 -3.38746011e-02 -9.53043627e+01 
 1.01829555e-05  6.32016938e+02 -3.34338255e-02 -1.19984004e+02 
 1.01832263e-05  6.32016919e+02 -3.29537717e-02 -1.44843630e+02 
 1.01834981e-05  6.32016900e+02 -3.24343896e-02 -1.69813811e+02 
 1.01837713e-05  6.32016881e+02 -3.18742895e-02 -1.94889717e+02 
 1.01840458e-05  6.32016863e+02 -3.12732986e-02 -2.20006593e+02 
 1.01843219e-05  6.32016844e+02 -3.06300883e-02 -2.45146994e+02 
 1.01845997e-05  6.32016827e+02 -2.99443340e-02 -2.70249136e+02 
 1.01848795e-05  6.32016809e+02 -2.92147560e-02 -2.95284109e+02 
 1.01851613e-05  6.32016792e+02 -2.84408657e-02 -3.20190788e+02 
 1.01854454e-05  6.32016775e+02 -2.76213872e-02 -3.44930250e+02 
 1.01857273e-05  6.32016758e+02 -2.67703344e-02 -3.69037121e+02 
 1.01859850e-05  6.32016744e+02 -2.59591537e-02 -3.90659385e+02 
 1.01862364e-05  6.32016730e+02 -2.51387215e-02 -4.11302026e+02 
 1.01864690e-05  6.32016718e+02 -2.43538629e-02 -4.29985480e+02 
 1.01866966e-05  6.32016707e+02 -2.35630497e-02 -4.47832225e+02 
 1.01869113e-05  6.32016696e+02 -2.27966543e-02 -4.64249673e+02 
 1.01871218e-05  6.32016686e+02 -2.20263849e-02 -4.79928966e+02 
 1.01873228e-05  6.32016677e+02 -2.12739675e-02 -4.94491335e+02 
 1.01875200e-05  6.32016668e+02 -2.05204415e-02 -5.08364407e+02 
 1.01877097e-05  6.32016660e+02 -1.97812099e-02 -5.21313263e+02 
 1.01878956e-05  6.32016652e+02 -1.90434273e-02 -5.33610173e+02 
 1.01880755e-05  6.32016645e+02 -1.83178947e-02 -5.45114974e+02 
 1.01882518e-05  6.32016638e+02 -1.75958898e-02 -5.56004782e+02 
 1.01884230e-05  6.32016632e+02 -1.68849703e-02 -5.66199568e+02 
 1.01885907e-05  6.32016626e+02 -1.61792500e-02 -5.75816804e+02 
 1.01887538e-05  6.32016621e+02 -1.54840311e-02 -5.84814012e+02 
 1.01889137e-05  6.32016615e+02 -1.47953859e-02 -5.93271022e+02 
 1.01890694e-05  6.32016611e+02 -1.41170544e-02 -6.01168626e+02 
 1.01892220e-05  6.32016606e+02 -1.34464608e-02 -6.08562861e+02 
 1.01893708e-05  6.32016602e+02 -1.27862668e-02 -6.15448810e+02 
 1.01895164e-05  6.32016598e+02 -1.21348289e-02 -6.21867468e+02 
 1.01896585e-05  6.32016595e+02 -1.14940691e-02 -6.27822586e+02 
 1.01897975e-05  6.32016591e+02 -1.08629879e-02 -6.33345647e+02 
 1.01899332e-05  6.32016588e+02 -1.02430040e-02 -6.38445574e+02 
 1.01900658e-05  6.32016585e+02 -9.63356505e-03 -6.43147836e+02 
 1.01901951e-05  6.32016583e+02 -9.03575303e-03 -6.47464374e+02 
 1.01903214e-05  6.32016580e+02 -8.44932948e-03 -6.51416858e+02 
 1.01904444e-05  6.32016578e+02 -7.87515778e-03 -6.55018940e+02 
 1.01905644e-05  6.32016576e+02 -7.31322589e-03 -6.58289889e+02 
 1.01906811e-05  6.32016575e+02 -6.76426417e-03 -6.61244289e+02 
 1.01907947e-05  6.32016573e+02 -6.22843242e-03 -6.63899895e+02 
 1.01909050e-05  6.32016572e+02 -5.70639338e-03 -6.66271773e+02 
 1.01910121e-05  6.32016570e+02 -5.19844909e-03 -6.68376729e+02 
 1.01911158e-05  6.32016569e+02 -4.70524906e-03 -6.70230060e+02 
 1.01912162e-05  6.32016568e+02 -4.22722983e-03 -6.71847989e+02 
 1.01913130e-05  6.32016568e+02 -3.76507995e-03 -6.73245918e+02 
 1.01914062e-05  6.32016567e+02 -3.31938507e-03 -6.74439729e+02 
 1.01914957e-05  6.32016566e+02 -2.89093437e-03 -6.75444886e+02 
 1.01915814e-05  6.32016566e+02 -2.48050726e-03 -6.76277100e+02 
 1.01916630e-05  6.32016565e+02 -2.08908324e-03 -6.76951905e+02 
 1.01917404e-05  6.32016565e+02 -1.71773384e-03 -6.77484988e+02 
 1.01918132e-05  6.32016565e+02 -1.36778937e-03 -6.77892011e+02 
 1.01918813e-05  6.32016565e+02 -1.04083413e-03 -6.78188787e+02 
 1.01919441e-05  6.32016565e+02 -7.38908859e-04 -6.78391249e+02 
 1.01919946e-05  6.32016564e+02 -4.96306400e-04 -6.78504143e+02 
 1.01920351e-05  6.32016564e+02 -3.01867202e-04 -6.78562607e+02 
 1.01920672e-05  6.32016564e+02 -1.47618445e-04 -6.78588724e+02 
 1.01920951e-05  6.32016564e+02 -1.31803237e-05 -6.78596866e+02 
 1.01921263e-05  6.32016564e+02  1.36470735e-04 -6.78589916e+02 
 1.01921550e-05  6.32016564e+02  2.74748421e-04 -6.78568495e+02 
 1.01921981e-05  6.32016564e+02  4.81698093e-04 -6.78509521e+02 
 1.01922420e-05  6.32016564e+02  6.92841858e-04 -6.78416091e+02 
 1.01922980e-05  6.32016565e+02  9.62020857e-04 -6.78248253e+02 
 1.01923550e-05  6.32016565e+02  1.23592638e-03 -6.78021387e+02 
 1.01924211e-05  6.32016565e+02  1.55314853e-03 -6.77687907e+02 
 1.01924885e-05  6.32016565e+02  1.87679022e-03 -6.77269380e+02 
 1.01925630e-05  6.32016565e+02  2.23440515e-03 -6.76714856e+02 
 1.01926394e-05  6.32016566e+02  2.60043760e-03 -6.76047059e+02 
 1.01927216e-05  6.32016566e+02  2.99430938e-03 -6.75215044e+02 
 1.01928059e-05  6.32016567e+02  3.39799221e-03 -6.74240057e+02 
 1.01928953e-05  6.32016568e+02  3.82510977e-03 -6.73073424e+02 
 1.01929870e-05  6.32016568e+02  4.26282306e-03 -6.71733391e+02 
 1.01930831e-05  6.32016569e+02  4.72067154e-03 -6.70174745e+02 
 1.01931817e-05  6.32016570e+02  5.18946221e-03 -6.68411942e+02 
 1.01932842e-05  6.32016572e+02  5.67585344e-03 -6.66403699e+02 
 1.01933893e-05  6.32016573e+02  6.17322726e-03 -6.64160421e+02 
 1.01934980e-05  6.32016574e+02  6.68620310e-03 -6.61644771e+02 
 1.01936093e-05  6.32016576e+02  7.20998481e-03 -6.58863205e+02 
 1.01937240e-05  6.32016578e+02  7.74774570e-03 -6.55782067e+02 
 1.01938414e-05  6.32016580e+02  8.29598000e-03 -6.52404154e+02 
 1.01939620e-05  6.32016582e+02  8.85683414e-03 -6.48699078e+02 
 1.01940853e-05  6.32016584e+02  9.42771632e-03 -6.44666354e+02 
 1.01942117e-05  6.32016587e+02  1.00100429e-02 -6.40278375e+02 
 1.01943409e-05  6.32016590e+02  1.06018690e-02 -6.35531762e+02 
 1.01944732e-05  6.32016593e+02  1.12040907e-02 -6.30401183e+02 
 1.01946083e-05  6.32016596e+02  1.18152202e-02 -6.24880718e+02 
 1.01947465e-05  6.32016600e+02  1.24357824e-02 -6.18946802e+02 
 1.01948875e-05  6.32016604e+02  1.30646111e-02 -6.12591264e+02 
 1.01950317e-05  6.32016608e+02  1.37019649e-02 -6.05791812e+02 
 1.01951789e-05  6.32016612e+02  1.43469031e-02 -5.98538220e+02 
 1.01953292e-05  6.32016617e+02  1.49994926e-02 -5.90808973e+02 
 1.01954827e-05  6.32016622e+02  1.56589497e-02 -5.82591882e+02 
 1.01956395e-05  6.32016627e+02  1.63252022e-02 -5.73865692e+02 
 1.01957996e-05  6.32016633e+02  1.69975752e-02 -5.64616203e+02 
 1.01959632e-05  6.32016639e+02  1.76758950e-02 -5.54821842e+02 
 1.01961304e-05  6.32016645e+02  1.83595614e-02 -5.44466181e+02 
 1.01963013e-05  6.32016652e+02  1.90483275e-02 -5.33526625e+02 
 1.01964760e-05  6.32016659e+02  1.97416445e-02 -5.21984057e+02 
 1.01966547e-05  6.32016667e+02  2.04392140e-02 -5.09813933e+02 
 1.01968377e-05  6.32016675e+02  2.11405255e-02 -4.96993625e+02 
 1.01970251e-05  6.32016684e+02  2.18452475e-02 -4.83495321e+02 
 1.01972172e-05  6.32016693e+02  2.25529035e-02 -4.69291464e+02 
 1.01974144e-05  6.32016702e+02  2.32631498e-02 -4.54348941e+02 
 1.01976169e-05  6.32016712e+02  2.39755508e-02 -4.38632843e+02 
 1.01978253e-05  6.32016723e+02  2.46897800e-02 -4.22101373e+02 
 1.01980400e-05  6.32016735e+02  2.54054688e-02 -4.04707918e+02 
 1.01982617e-05  6.32016747e+02  2.61223597e-02 -3.86395913e+02 
 1.01984911e-05  6.32016760e+02  2.68402171e-02 -3.67098680e+02 
 1.01987291e-05  6.32016774e+02  2.75589620e-02 -3.46732766e+02 
 1.01989770e-05  6.32016788e+02  2.82786554e-02 -3.25193571e+02 
 1.01992364e-05  6.32016804e+02  2.89996703e-02 -3.02343101e+02 
 1.01995094e-05  6.32016821e+02  2.97228233e-02 -2.77994090e+02 
 1.01997980e-05  6.32016840e+02  3.04470003e-02 -2.51979806e+02 
 1.02000752e-05  6.32016858e+02  3.11028572e-02 -2.26798878e+02 
 1.02003593e-05  6.32016877e+02  3.17349056e-02 -2.00832126e+02 
 1.02006325e-05  6.32016895e+02  3.23040587e-02 -1.75767782e+02 
 1.02009102e-05  6.32016915e+02  3.28435365e-02 -1.50253925e+02 
 1.02011802e-05  6.32016934e+02  3.33303736e-02 -1.25456152e+02 
 1.02014534e-05  6.32016953e+02  3.37850578e-02 -1.00428850e+02 
 1.02017211e-05  6.32016972e+02  3.41938880e-02 -7.60018153e+01 
 1.02019908e-05  6.32016992e+02  3.45692350e-02 -5.15287284e+01 
 1.02022565e-05  6.32017012e+02  3.49032662e-02 -2.75989528e+01 
 1.02025236e-05  6.32017032e+02  3.52035780e-02 -3.76231723e+00 
 1.02027877e-05  6.32017052e+02  3.54659466e-02  1.95609756e+01 
 1.02030526e-05  6.32017072e+02  3.56949895e-02  4.26799201e+01 
 1.02033153e-05  6.32017092e+02  3.58887651e-02  6.53013108e+01 
 1.02035786e-05  6.32017112e+02  3.60500650e-02  8.76339368e+01 
 1.02038402e-05  6.32017132e+02  3.61782911e-02  1.09474040e+02 
 1.02041022e-05  6.32017152e+02  3.62751587e-02  1.30961368e+02 
 1.02043631e-05  6.32017172e+02  3.63408317e-02  1.51954732e+02 
 1.02046242e-05  6.32017192e+02  3.63764111e-02  1.72546957e+02 
 1.02048845e-05  6.32017213e+02  3.63824702e-02  1.92640562e+02 
 1.02051450e-05  6.32017233e+02  3.63597736e-02  2.12296869e+02 
 1.02054051e-05  6.32017253e+02  3.63090951e-02  2.31448944e+02 
 1.02056653e-05  6.32017273e+02  3.62310260e-02  2.50137261e+02 
 1.02059253e-05  6.32017293e+02  3.61264193e-02  2.68316312e+02 
 1.02061827e-05  6.32017313e+02  3.59973228e-02  2.85825411e+02 
 1.02064387e-05  6.32017332e+02  3.58444298e-02  3.02748044e+02 
 1.02066925e-05  6.32017351e+02  3.56694984e-02  3.19028832e+02 
 1.02069451e-05  6.32017371e+02  3.54728632e-02  3.34749491e+02 
 1.02071961e-05  6.32017389e+02  3.52559793e-02  3.49881897e+02 
 1.02074464e-05  6.32017408e+02  3.50190773e-02  3.64483590e+02 
 1.02076956e-05  6.32017427e+02  3.47634099e-02  3.78537769e+02 
 1.02079442e-05  6.32017445e+02  3.44891959e-02  3.92084753e+02 
 1.02081921e-05  6.32017463e+02  3.41975118e-02  4.05116003e+02 
 1.02084397e-05  6.32017481e+02  3.38885823e-02  4.17661127e+02 
 1.02086868e-05  6.32017499e+02  3.35633263e-02  4.29717542e+02 
 1.02089338e-05  6.32017516e+02  3.32219784e-02  4.41307920e+02 
 1.02091807e-05  6.32017534e+02  3.28653227e-02  4.52433697e+02 
 1.02094276e-05  6.32017551e+02  3.24936033e-02  4.63112939e+02 
 1.02096745e-05  6.32017568e+02  3.21074911e-02  4.73349740e+02 
 1.02099217e-05  6.32017585e+02  3.17072362e-02  4.83159109e+02 
 1.02101691e-05  6.32017601e+02  3.12934148e-02  4.92546897e+02 
 1.02104169e-05  6.32017618e+02  3.08662777e-02  5.01526097e+02 
 1.02106652e-05  6.32017634e+02  3.04263212e-02  5.10103724e+02 
 1.02109140e-05  6.32017650e+02  2.99737911e-02  5.18291452e+02 
 1.02111633e-05  6.32017665e+02  2.95091158e-02  5.26097070e+02 
 1.02114134e-05  6.32017681e+02  2.90325313e-02  5.33531395e+02 
 1.02116642e-05  6.32017696e+02  2.85444066e-02  5.40602734e+02 
 1.02119159e-05  6.32017712e+02  2.80449631e-02  5.47321355e+02 
 1.02121685e-05  6.32017727e+02  2.75345177e-02  5.53695914e+02 
 1.02124221e-05  6.32017741e+02  2.70132727e-02  5.59736329e+02 
 1.02126768e-05  6.32017756e+02  2.64814973e-02  5.65451493e+02 
 1.02129327e-05  6.32017770e+02  2.59393712e-02  5.70851108e+02 
 1.02131898e-05  6.32017784e+02  2.53871190e-02  5.75944226e+02 
 1.02134482e-05  6.32017798e+02  2.48248939e-02  5.80740418e+02 
 1.02137081e-05  6.32017811e+02  2.42528773e-02  5.85248844e+02 
 1.02139694e-05  6.32017825e+02  2.36711927e-02  5.89478991e+02 
 1.02142324e-05  6.32017838e+02  2.30799783e-02  5.93440091e+02 
 1.02144970e-05  6.32017851e+02  2.24793240e-02  5.97141580e+02 
 1.02147634e-05  6.32017863e+02  2.18693240e-02  6.00592730e+02 
 1.02150318e-05  6.32017875e+02  2.12500306e-02  6.03802938e+02 
 1.02153021e-05  6.32017888e+02  2.06214918e-02  6.06781495e+02 
 1.02155745e-05  6.32017899e+02  1.99837177e-02  6.09537762e+02 
 1.02158491e-05  6.32017911e+02  1.93367073e-02  6.12081026e+02 
 1.02161261e-05  6.32017922e+02  1.86804233e-02  6.14420607e+02 
 1.02164055e-05  6.32017933e+02  1.80148114e-02  6.16565768e+02 
 1.02166875e-05  6.32017944e+02  1.73397815e-02  6.18525775e+02 
 1.02169723e-05  6.32017954e+02  1.66552215e-02  6.20309842e+02 
 1.02172600e-05  6.32017964e+02  1.59609829e-02  6.21927163e+02 
 1.02175507e-05  6.32017973e+02  1.52568908e-02  6.23386875e+02 
 1.02178446e-05  6.32017983e+02  1.45427341e-02  6.24698074e+02 
 1.02181420e-05  6.32017992e+02  1.38182726e-02  6.25869786e+02 
 1.02184429e-05  6.32018000e+02  1.30832320e-02  6.26910971e+02 
 1.02187476e-05  6.32018009e+02  1.23373116e-02  6.27830497e+02 
 1.02190548e-05  6.32018016e+02  1.15836945e-02  6.28633669e+02 
 1.02193602e-05  6.32018024e+02  1.08334218e-02  6.29321018e+02 
 1.02196649e-05  6.32018030e+02  1.00834976e-02  6.29908475e+02 
 1.02199659e-05  6.32018037e+02  9.34213022e-03  6.30402518e+02 
 1.02202633e-05  6.32018042e+02  8.60852649e-03  6.30816477e+02 
 1.02205541e-05  6.32018047e+02  7.89075066e-03  6.31158040e+02 
 1.02208367e-05  6.32018052e+02  7.19275567e-03  6.31437340e+02 
 1.02211068e-05  6.32018056e+02  6.52523909e-03  6.31661675e+02 
 1.02213597e-05  6.32018059e+02  5.89993047e-03  6.31838486e+02 
 1.02215485e-05  6.32018062e+02  5.43286821e-03  6.31951837e+02 
 1.02215913e-05  6.32018062e+02  5.32721333e-03  6.31975433e+02 
 1.02216465e-05  6.32018063e+02  5.19061795e-03  6.32004872e+02 
 1.02217015e-05  6.32018063e+02  5.05452511e-03  6.32033037e+02 
 1.02217651e-05  6.32018064e+02  4.89704591e-03  6.32064219e+02 
 1.02218276e-05  6.32018065e+02  4.74242355e-03  6.32093407e+02 
 1.02219018e-05  6.32018065e+02  4.55887135e-03  6.32126282e+02 
 1.02219723e-05  6.32018066e+02  4.38426421e-03  6.32155828e+02 
 1.02220547e-05  6.32018067e+02  4.18039788e-03  6.32188273e+02 
 1.02221304e-05  6.32018067e+02  3.99293909e-03  6.32216230e+02 
 1.02222199e-05  6.32018068e+02  3.77137721e-03  6.32247047e+02 
 1.02223005e-05  6.32018069e+02  3.57202395e-03  6.32272795e+02 
 1.02223991e-05  6.32018069e+02  3.32794230e-03  6.32301873e+02 
 1.02224872e-05  6.32018070e+02  3.10979237e-03  6.32325677e+02 
 1.02226102e-05  6.32018071e+02  2.80531504e-03  6.32355613e+02 
 1.02227241e-05  6.32018072e+02  2.52321411e-03  6.32380087e+02 
 1.02228335e-05  6.32018072e+02  2.25225374e-03  6.32400773e+02 
 1.02229292e-05  6.32018072e+02  2.01523861e-03  6.32416689e+02 
 1.02230169e-05  6.32018073e+02  1.79815724e-03  6.32429537e+02 
 1.02230997e-05  6.32018073e+02  1.59311068e-03  6.32440195e+02 
 1.02231874e-05  6.32018073e+02  1.37599571e-03  6.32449947e+02 
 1.02232697e-05  6.32018074e+02  1.17201107e-03  6.32457700e+02 
 1.02233590e-05  6.32018074e+02  9.51033379e-04  6.32464584e+02 
 1.02234640e-05  6.32018074e+02  6.90839699e-04  6.32470708e+02 
 1.02235192e-05  6.32018074e+02  5.54290599e-04  6.32473076e+02 
 1.02235774e-05  6.32018074e+02  4.09966166e-04  6.32474955e+02 
 1.02236313e-05  6.32018074e+02  2.76586003e-04  6.32476127e+02 
 1.02236878e-05  6.32018074e+02  1.36569235e-04  6.32476781e+02 
 1.02237471e-05  6.32018074e+02 -1.03179354e-05  6.32476838e+02 
 1.02238097e-05  6.32018074e+02 -1.65377430e-04  6.32476205e+02 
 1.02238772e-05  6.32018074e+02 -3.32407522e-04  6.32474732e+02 
 1.02239437e-05  6.32018074e+02 -4.97105851e-04  6.32472480e+02 
 1.02240170e-05  6.32018074e+02 -6.78663190e-04  6.32469077e+02 
 1.02240938e-05  6.32018074e+02 -8.68879537e-04  6.32464470e+02 
 1.02241894e-05  6.32018074e+02 -1.10570360e-03  6.32457228e+02 
 1.02243117e-05  6.32018073e+02 -1.40853331e-03  6.32445480e+02 
 1.02243885e-05  6.32018073e+02 -1.59869890e-03  6.32436634e+02 
 1.02244695e-05  6.32018073e+02 -1.79929859e-03  6.32426037e+02 
 1.02245593e-05  6.32018072e+02 -2.02163694e-03  6.32412724e+02 
 1.02246416e-05  6.32018072e+02 -2.22559441e-03  6.32399017e+02 
 1.02247308e-05  6.32018072e+02 -2.44642288e-03  6.32382503e+02 
 1.02248241e-05  6.32018071e+02 -2.67738905e-03  6.32363302e+02 
 1.02249295e-05  6.32018071e+02 -2.93832421e-03  6.32339136e+02 
 1.02250527e-05  6.32018070e+02 -3.24328563e-03  6.32307406e+02 
 1.02252163e-05  6.32018069e+02 -3.64844965e-03  6.32259081e+02 
 1.02252845e-05  6.32018068e+02 -3.81717977e-03  6.32236754e+02 
 1.02253811e-05  6.32018067e+02 -4.05621596e-03  6.32202791e+02 
 1.02254724e-05  6.32018066e+02 -4.28230169e-03  6.32168043e+02 
 1.02255444e-05  6.32018066e+02 -4.46038139e-03  6.32138797e+02 
 1.02256028e-05  6.32018065e+02 -4.60511822e-03  6.32113763e+02 
 1.02256604e-05  6.32018065e+02 -4.74756881e-03  6.32087983e+02 
 1.02257119e-05  6.32018064e+02 -4.87499526e-03  6.32063935e+02 
 1.02257626e-05  6.32018063e+02 -5.00030540e-03  6.32039352e+02 
 1.02258146e-05  6.32018063e+02 -5.12908067e-03  6.32013099e+02 
 1.02258697e-05  6.32018062e+02 -5.26533409e-03  6.31984200e+02 
 1.02259359e-05  6.32018062e+02 -5.42906514e-03  6.31947902e+02 
 1.02260057e-05  6.32018061e+02 -5.60170950e-03  6.31907710e+02 
 1.02260829e-05  6.32018060e+02 -5.79268924e-03  6.31860873e+02 
 1.02261613e-05  6.32018059e+02 -5.98673606e-03  6.31810628e+02 
 1.02262458e-05  6.32018058e+02 -6.19559300e-03  6.31753437e+02 
 1.02263312e-05  6.32018057e+02 -6.40666199e-03  6.31692224e+02 
 1.02264220e-05  6.32018055e+02 -6.63119993e-03  6.31623173e+02 
 1.02265136e-05  6.32018054e+02 -6.85772956e-03  6.31549218e+02 
 1.02266103e-05  6.32018053e+02 -7.09660304e-03  6.31466349e+02 
 1.02267077e-05  6.32018051e+02 -7.33738123e-03  6.31377510e+02 
 1.02268099e-05  6.32018049e+02 -7.58965589e-03  6.31278438e+02 
 1.02269128e-05  6.32018048e+02 -7.84390863e-03  6.31172086e+02 
 1.02270202e-05  6.32018046e+02 -8.10896132e-03  6.31053924e+02 
 1.02272349e-05  6.32018042e+02 -8.63883952e-03  6.30793885e+02 
 1.02274907e-05  6.32018037e+02 -9.26977431e-03  6.30439140e+02 
 1.02277261e-05  6.32018032e+02 -9.84979973e-03  6.30065133e+02 
 1.02280237e-05  6.32018026e+02 -1.05823689e-02  6.29519601e+02 
 1.02283525e-05  6.32018018e+02 -1.13906724e-02  6.28811269e+02 
 1.02286840e-05  6.32018010e+02 -1.22041685e-02  6.27970859e+02 
 1.02290263e-05  6.32018001e+02 -1.30423106e-02  6.26953499e+02 
 1.02293519e-05  6.32017991e+02 -1.38376806e-02  6.25827932e+02 
 1.02296801e-05  6.32017982e+02 -1.46370056e-02  6.24520655e+02 
 1.02299945e-05  6.32017972e+02 -1.54006421e-02  6.23088131e+02 
 1.02303096e-05  6.32017961e+02 -1.61630793e-02  6.21459375e+02 
 1.02306148e-05  6.32017950e+02 -1.68987115e-02  6.19680470e+02 
 1.02309197e-05  6.32017939e+02 -1.76301959e-02  6.17689432e+02 
 1.02312171e-05  6.32017928e+02 -1.83404263e-02  6.15523906e+02 
 1.02315134e-05  6.32017916e+02 -1.90442928e-02  6.13130780e+02 
 1.02318039e-05  6.32017904e+02 -1.97303726e-02  6.10539937e+02 
 1.02320929e-05  6.32017892e+02 -2.04085591e-02  6.07705995e+02 
 1.02323772e-05  6.32017879e+02 -2.10712175e-02  6.04651872e+02 
 1.02326599e-05  6.32017866e+02 -2.17249457e-02  6.01338851e+02 
 1.02329389e-05  6.32017853e+02 -2.23646098e-02  5.97783862e+02 
 1.02332160e-05  6.32017840e+02 -2.29946007e-02  5.93953885e+02 
 1.02334901e-05  6.32017826e+02 -2.36114348e-02  5.89860837e+02 
 1.02337624e-05  6.32017812e+02 -2.42180130e-02  5.85476502e+02 
 1.02340321e-05  6.32017798e+02 -2.48119419e-02  5.80808664e+02 
 1.02343002e-05  6.32017784e+02 -2.53951106e-02  5.75833114e+02 
 1.02345660e-05  6.32017769e+02 -2.59658444e-02  5.70554279e+02 
 1.02348304e-05  6.32017755e+02 -2.65253403e-02  5.64951258e+02 
 1.02350928e-05  6.32017740e+02 -2.70723950e-02  5.59025790e+02 
 1.02353539e-05  6.32017724e+02 -2.76077280e-02  5.52759683e+02 
 1.02356133e-05  6.32017709e+02 -2.81304420e-02  5.46152552e+02 
 1.02358715e-05  6.32017693e+02 -2.86409232e-02  5.39188415e+02 
 1.02361283e-05  6.32017678e+02 -2.91384691e-02  5.31865226e+02 
 1.02363840e-05  6.32017662e+02 -2.96232300e-02  5.24168799e+02 
 1.02366385e-05  6.32017645e+02 -3.00946231e-02  5.16095802e+02 
 1.02368921e-05  6.32017629e+02 -3.05526284e-02  5.07633497e+02 
 1.02371447e-05  6.32017613e+02 -3.09967314e-02  4.98777568e+02 
 1.02373966e-05  6.32017596e+02 -3.14267855e-02  4.89516438e+02 
 1.02376477e-05  6.32017579e+02 -3.18423097e-02  4.79845033e+02 
 1.02378981e-05  6.32017562e+02 -3.22430589e-02  4.69752690e+02 
 1.02381480e-05  6.32017545e+02 -3.26285609e-02  4.59233746e+02 
 1.02383974e-05  6.32017527e+02 -3.29984903e-02  4.48278233e+02 
 1.02386464e-05  6.32017510e+02 -3.33523652e-02  4.36880002e+02 
 1.02388952e-05  6.32017492e+02 -3.36897902e-02  4.25029579e+02 
 1.02391437e-05  6.32017474e+02 -3.40102588e-02  4.12720374e+02 
 1.02393922e-05  6.32017456e+02 -3.43133101e-02  3.99943201e+02 
 1.02396407e-05  6.32017438e+02 -3.45984002e-02  3.86691003e+02 
 1.02398893e-05  6.32017419e+02 -3.48650012e-02  3.72954655e+02 
 1.02401381e-05  6.32017401e+02 -3.51125188e-02  3.58726532e+02 
 1.02403873e-05  6.32017382e+02 -3.53403522e-02  3.43997285e+02 
 1.02406370e-05  6.32017363e+02 -3.55478413e-02  3.28758518e+02 
 1.02408873e-05  6.32017344e+02 -3.57343004e-02  3.13000284e+02 
 1.02411384e-05  6.32017325e+02 -3.58989840e-02  2.96713063e+02 
 1.02413904e-05  6.32017306e+02 -3.60411024e-02  2.79885779e+02 
 1.02416436e-05  6.32017287e+02 -3.61597973e-02  2.62507209e+02 
 1.02418980e-05  6.32017267e+02 -3.62541442e-02  2.44564358e+02 
 1.02421540e-05  6.32017247e+02 -3.63231321e-02  2.26043359e+02 
 1.02424118e-05  6.32017227e+02 -3.63656536e-02  2.06928043e+02 
 1.02426716e-05  6.32017207e+02 -3.63804824e-02  1.87200342e+02 
 1.02429338e-05  6.32017187e+02 -3.63662499e-02  1.66838832e+02 
 1.02431989e-05  6.32017166e+02 -3.63213997e-02  1.45814376e+02 
 1.02434627e-05  6.32017146e+02 -3.62456961e-02  1.24459489e+02 
 1.02437280e-05  6.32017126e+02 -3.61377059e-02  1.02578399e+02 
 1.02439923e-05  6.32017105e+02 -3.59978277e-02  8.04056376e+01 
 1.02442577e-05  6.32017085e+02 -3.58242808e-02  5.77741914e+01 
 1.02445227e-05  6.32017065e+02 -3.56175735e-02  3.48586503e+01 
 1.02447887e-05  6.32017045e+02 -3.53758306e-02  1.15439107e+01 
 1.02450547e-05  6.32017025e+02 -3.50995372e-02 -1.20333871e+01 
 1.02453217e-05  6.32017005e+02 -3.47868764e-02 -3.59468222e+01 
 1.02455891e-05  6.32016985e+02 -3.44382291e-02 -6.00873451e+01 
 1.02458575e-05  6.32016966e+02 -3.40518908e-02 -8.44976984e+01 
 1.02461266e-05  6.32016946e+02 -3.36280936e-02 -1.09088468e+02 
 1.02463969e-05  6.32016927e+02 -3.31653070e-02 -1.33876433e+02 
 1.02466682e-05  6.32016908e+02 -3.26634056e-02 -1.58795216e+02 
 1.02469408e-05  6.32016889e+02 -3.21212378e-02 -1.83830454e+02 
 1.02472147e-05  6.32016871e+02 -3.15384045e-02 -2.08928371e+02 
 1.02474901e-05  6.32016853e+02 -3.09138128e-02 -2.34063429e+02 
 1.02477672e-05  6.32016835e+02 -3.02469428e-02 -2.59182721e+02 
 1.02480461e-05  6.32016817e+02 -2.95367138e-02 -2.84251881e+02 
 1.02483270e-05  6.32016799e+02 -2.87824891e-02 -3.09216439e+02 
 1.02486101e-05  6.32016782e+02 -2.79831622e-02 -3.34034035e+02 
 1.02488956e-05  6.32016766e+02 -2.71379535e-02 -3.58647288e+02 
 1.02491615e-05  6.32016750e+02 -2.63157520e-02 -3.81149880e+02 
 1.02494172e-05  6.32016736e+02 -2.54941750e-02 -4.02348395e+02 
 1.02496564e-05  6.32016724e+02 -2.46989055e-02 -4.21743574e+02 
 1.02498872e-05  6.32016712e+02 -2.39071765e-02 -4.40034399e+02 
 1.02501064e-05  6.32016701e+02 -2.31335907e-02 -4.56989624e+02 
 1.02503194e-05  6.32016690e+02 -2.23625209e-02 -4.73042120e+02 
 1.02505239e-05  6.32016681e+02 -2.16046410e-02 -4.88040062e+02 
 1.02507232e-05  6.32016672e+02 -2.08498382e-02 -5.02246666e+02 
 1.02509157e-05  6.32016663e+02 -2.01059534e-02 -5.15566870e+02 
 1.02511037e-05  6.32016656e+02 -1.93663076e-02 -5.28168913e+02 
 1.02512860e-05  6.32016648e+02 -1.86365136e-02 -5.39999444e+02 
 1.02514640e-05  6.32016641e+02 -1.79121122e-02 -5.51170507e+02 
 1.02516373e-05  6.32016635e+02 -1.71970950e-02 -5.61656123e+02 
 1.02518066e-05  6.32016629e+02 -1.64885082e-02 -5.71533371e+02 
 1.02519716e-05  6.32016623e+02 -1.57892068e-02 -5.80793350e+02 
 1.02521330e-05  6.32016618e+02 -1.50972736e-02 -5.89490982e+02 
 1.02522905e-05  6.32016613e+02 -1.44147743e-02 -5.97627816e+02 
 1.02524445e-05  6.32016608e+02 -1.37405061e-02 -6.05244655e+02 
 1.02525949e-05  6.32016604e+02 -1.30759892e-02 -6.12349335e+02 
 1.02527420e-05  6.32016600e+02 -1.24205139e-02 -6.18973627e+02 
 1.02528856e-05  6.32016596e+02 -1.17752262e-02 -6.25129059e+02 
 1.02530260e-05  6.32016593e+02 -1.11397583e-02 -6.30841598e+02 
 1.02531632e-05  6.32016590e+02 -1.05150032e-02 -6.36124872e+02 
 1.02532971e-05  6.32016587e+02 -9.90083294e-03 -6.41001098e+02 
 1.02534279e-05  6.32016584e+02 -9.29797397e-03 -6.45485039e+02 
 1.02535555e-05  6.32016582e+02 -8.70647003e-03 -6.49596483e+02 
 1.02536800e-05  6.32016579e+02 -8.12694409e-03 -6.53350753e+02 
 1.02538013e-05  6.32016577e+02 -7.55956875e-03 -6.56766054e+02 
 1.02539195e-05  6.32016576e+02 -7.00491086e-03 -6.59857950e+02 
 1.02540345e-05  6.32016574e+02 -6.46324739e-03 -6.62643611e+02 
 1.02541463e-05  6.32016572e+02 -5.93512771e-03 -6.65138665e+02 
 1.02542548e-05  6.32016571e+02 -5.42092370e-03 -6.67359611e+02 
 1.02543600e-05  6.32016570e+02 -4.92120252e-03 -6.69322059e+02 
 1.02544618e-05  6.32016569e+02 -4.43643552e-03 -6.71042076e+02 
 1.02545602e-05  6.32016568e+02 -3.96724566e-03 -6.72535233e+02 
 1.02546551e-05  6.32016567e+02 -3.51422453e-03 -6.73817334e+02 
 1.02547462e-05  6.32016567e+02 -3.07809956e-03 -6.74903922e+02 
 1.02548336e-05  6.32016566e+02 -2.65962734e-03 -6.75810667e+02 
 1.02549170e-05  6.32016566e+02 -2.25971424e-03 -6.76553125e+02 
 1.02549963e-05  6.32016565e+02 -1.87937024e-03 -6.77146946e+02 
 1.02550712e-05  6.32016565e+02 -1.51981480e-03 -6.77607771e+02 
 1.02551415e-05  6.32016565e+02 -1.18249752e-03 -6.77951356e+02 
 1.02552067e-05  6.32016565e+02 -8.69242232e-04 -6.78193560e+02 
 1.02552602e-05  6.32016565e+02 -6.12117998e-04 -6.78337076e+02 
 1.02553042e-05  6.32016565e+02 -4.00601159e-04 -6.78417779e+02 
 1.02553404e-05  6.32016565e+02 -2.26759169e-04 -6.78458866e+02 
 1.02553690e-05  6.32016565e+02 -8.92970922e-05 -6.78475233e+02 
 1.02553969e-05  6.32016565e+02  4.48484054e-05 -6.78477479e+02 
 1.02554261e-05  6.32016565e+02  1.85292568e-04 -6.78465302e+02 
 1.02554598e-05  6.32016565e+02  3.47437412e-04 -6.78432759e+02 
 1.02555033e-05  6.32016565e+02  5.56120568e-04 -6.78361718e+02 
 1.02555517e-05  6.32016565e+02  7.88774435e-04 -6.78243823e+02 
 1.02556081e-05  6.32016565e+02  1.05991871e-03 -6.78054932e+02 
 1.02556685e-05  6.32016565e+02  1.34983445e-03 -6.77791622e+02 
 1.02557350e-05  6.32016565e+02  1.66949466e-03 -6.77427768e+02 
 1.02558051e-05  6.32016565e+02  2.00563175e-03 -6.76961906e+02 
 1.02558803e-05  6.32016566e+02  2.36639170e-03 -6.76366864e+02 
 1.02559588e-05  6.32016566e+02  2.74265535e-03 -6.75641256e+02 
 1.02560418e-05  6.32016567e+02  3.14017568e-03 -6.74757998e+02 
 1.02561280e-05  6.32016567e+02  3.55246950e-03 -6.73715028e+02 
 1.02562183e-05  6.32016568e+02  3.98351124e-03 -6.72486144e+02 
 1.02563116e-05  6.32016569e+02  4.42861867e-03 -6.71068160e+02 
 1.02564086e-05  6.32016570e+02  4.89050496e-03 -6.69436126e+02 
 1.02565087e-05  6.32016571e+02  5.36575308e-03 -6.67585489e+02 
 1.02566122e-05  6.32016572e+02  5.85618512e-03 -6.65492669e+02 
 1.02567186e-05  6.32016574e+02  6.35927716e-03 -6.63151667e+02 
 1.02568282e-05  6.32016575e+02  6.87621921e-03 -6.60540246e+02 
 1.02569408e-05  6.32016577e+02  7.40511855e-03 -6.57650996e+02 
 1.02570565e-05  6.32016579e+02  7.94671586e-03 -6.54462898e+02 
 1.02571751e-05  6.32016581e+02  8.49956466e-03 -6.50967225e+02 
 1.02572967e-05  6.32016583e+02  9.06408563e-03 -6.47143997e+02 
 1.02574211e-05  6.32016586e+02  9.63914737e-03 -6.42983277e+02 
 1.02575486e-05  6.32016588e+02  1.02249419e-02 -6.38465921e+02 
 1.02576789e-05  6.32016591e+02  1.08205597e-02 -6.33580874e+02 
 1.02578122e-05  6.32016594e+02  1.14260284e-02 -6.28309606e+02 
 1.02579484e-05  6.32016598e+02  1.20405938e-02 -6.22640010e+02 
 1.02580876e-05  6.32016601e+02  1.26641646e-02 -6.16553932e+02 
 1.02582298e-05  6.32016605e+02  1.32960941e-02 -6.10038238e+02 
 1.02583751e-05  6.32016610e+02  1.39362040e-02 -6.03074886e+02 
 1.02585234e-05  6.32016614e+02  1.45839208e-02 -5.95649678e+02 
 1.02586749e-05  6.32016619e+02  1.52390015e-02 -5.87744391e+02 
 1.02588297e-05  6.32016624e+02  1.59009219e-02 -5.79343642e+02 
 1.02589877e-05  6.32016629e+02  1.65693900e-02 -5.70428673e+02 
 1.02591491e-05  6.32016635e+02  1.72439138e-02 -5.60982686e+02 
 1.02593140e-05  6.32016641e+02  1.79241641e-02 -5.50985935e+02 
 1.02594825e-05  6.32016648e+02  1.86096693e-02 -5.40419823e+02 
 1.02596547e-05  6.32016655e+02  1.93000727e-02 -5.29262995e+02 
 1.02598309e-05  6.32016662e+02  1.99949166e-02 -5.17494432e+02 
 1.02600111e-05  6.32016670e+02  2.06938249e-02 -5.05090287e+02 
 1.02601957e-05  6.32016678e+02  2.13963524e-02 -4.92026122e+02 
 1.02603848e-05  6.32016687e+02  2.21021142e-02 -4.78274250e+02 
 1.02605788e-05  6.32016696e+02  2.28106820e-02 -4.63805192e+02 
 1.02607779e-05  6.32016706e+02  2.35216776e-02 -4.48585260e+02 
 1.02609825e-05  6.32016717e+02  2.42347043e-02 -4.32577189e+02 
 1.02611932e-05  6.32016728e+02  2.49494188e-02 -4.15737598e+02 
 1.02614103e-05  6.32016739e+02  2.56654907e-02 -3.98016525e+02 
 1.02616347e-05  6.32016752e+02  2.63826670e-02 -3.79354080e+02 
 1.02618672e-05  6.32016765e+02  2.71007639e-02 -3.59678052e+02 
 1.02621087e-05  6.32016779e+02  2.78197446e-02 -3.38898143e+02 
 1.02623606e-05  6.32016794e+02  2.85397688e-02 -3.16899030e+02 
 1.02626247e-05  6.32016810e+02  2.92613440e-02 -2.93527243e+02 
 1.02629034e-05  6.32016828e+02  2.99855417e-02 -2.68570095e+02 
 1.02631877e-05  6.32016846e+02  3.06840988e-02 -2.42871582e+02 
 1.02634674e-05  6.32016865e+02  3.13317467e-02 -2.17397716e+02 
 1.02637474e-05  6.32016884e+02  3.19403752e-02 -1.91767238e+02 
 1.02640223e-05  6.32016902e+02  3.24990384e-02 -1.66533813e+02 
 1.02642972e-05  6.32016921e+02  3.30190590e-02 -1.41285178e+02 
 1.02645684e-05  6.32016941e+02  3.34944263e-02 -1.16399229e+02 
 1.02648395e-05  6.32016960e+02  3.39322591e-02 -9.15929424e+01 
 1.02651080e-05  6.32016980e+02  3.43290806e-02 -6.71449688e+01 
 1.02653762e-05  6.32016999e+02  3.46893229e-02 -4.28696469e+01 
 1.02656424e-05  6.32017019e+02  3.50111827e-02 -1.89728587e+01 
 1.02659084e-05  6.32017039e+02  3.52976796e-02  4.67915185e+00 
 1.02661728e-05  6.32017059e+02  3.55480047e-02  2.79291826e+01 
 1.02664369e-05  6.32017079e+02  3.57642234e-02  5.08691409e+01 
 1.02666998e-05  6.32017099e+02  3.59462541e-02  7.33867274e+01 
 1.02669625e-05  6.32017119e+02  3.60955378e-02  9.55419841e+01 
 1.02672243e-05  6.32017139e+02  3.62124174e-02  1.17255112e+02 
 1.02674859e-05  6.32017159e+02  3.62979591e-02  1.38564407e+02 
 1.02677468e-05  6.32017180e+02  3.63527391e-02  1.59413251e+02 
 1.02680077e-05  6.32017200e+02  3.63776058e-02  1.79825642e+02 
 1.02682681e-05  6.32017220e+02  3.63732532e-02  1.99761586e+02 
 1.02685284e-05  6.32017240e+02  3.63404059e-02  2.19235924e+02 
 1.02687885e-05  6.32017260e+02  3.62798075e-02  2.38220706e+02 
 1.02690486e-05  6.32017280e+02  3.61921141e-02  2.56725147e+02 
 1.02693081e-05  6.32017300e+02  3.60783640e-02  2.74690217e+02 
 1.02695647e-05  6.32017320e+02  3.59407567e-02  2.91964831e+02 
 1.02698202e-05  6.32017339e+02  3.57796303e-02  3.08671915e+02 
 1.02700733e-05  6.32017358e+02  3.55969829e-02  3.24731995e+02 
 1.02703256e-05  6.32017377e+02  3.53928042e-02  3.40250445e+02 
 1.02705761e-05  6.32017396e+02  3.51688062e-02  3.55178565e+02 
 1.02708261e-05  6.32017415e+02  3.49249349e-02  3.69589115e+02 
 1.02710749e-05  6.32017433e+02  3.46626675e-02  3.83451491e+02 
 1.02713234e-05  6.32017452e+02  3.43819886e-02  3.96816288e+02 
 1.02715711e-05  6.32017470e+02  3.40841571e-02  4.09665953e+02 
 1.02718186e-05  6.32017488e+02  3.37692086e-02  4.22036954e+02 
 1.02720656e-05  6.32017505e+02  3.34382064e-02  4.33920785e+02 
 1.02723126e-05  6.32017523e+02  3.30912356e-02  4.45344644e+02 
 1.02725594e-05  6.32017540e+02  3.27291921e-02  4.56306066e+02 
 1.02728064e-05  6.32017557e+02  3.23522036e-02  4.66826090e+02 
 1.02730534e-05  6.32017574e+02  3.19610263e-02  4.76906246e+02 
 1.02733007e-05  6.32017591e+02  3.15558199e-02  4.86563492e+02 
 1.02735482e-05  6.32017607e+02  3.11372248e-02  4.95802001e+02 
 1.02737962e-05  6.32017623e+02  3.07054217e-02  5.04636038e+02 
 1.02740446e-05  6.32017640e+02  3.02609545e-02  5.13071528e+02 
 1.02742936e-05  6.32017655e+02  2.98040150e-02  5.21120970e+02 
 1.02745432e-05  6.32017671e+02  2.93350659e-02  5.28791448e+02 
 1.02747935e-05  6.32017687e+02  2.88543013e-02  5.36094314e+02 
 1.02750447e-05  6.32017702e+02  2.83621148e-02  5.43037423e+02 
 1.02752967e-05  6.32017717e+02  2.78586949e-02  5.49631388e+02 
 1.02755496e-05  6.32017732e+02  2.73443753e-02  5.55884573e+02 
 1.02758036e-05  6.32017747e+02  2.68193326e-02  5.61807122e+02 
 1.02760587e-05  6.32017761e+02  2.62838465e-02  5.67407741e+02 
 1.02763150e-05  6.32017775e+02  2.57380763e-02  5.72696277e+02 
 1.02765726e-05  6.32017789e+02  2.51822524e-02  5.77681665e+02 
 1.02768315e-05  6.32017803e+02  2.46165113e-02  5.82373566e+02 
 1.02770919e-05  6.32017816e+02  2.40410368e-02  5.86781067e+02 
 1.02773538e-05  6.32017829e+02  2.34559381e-02  5.90913713e+02 
 1.02776174e-05  6.32017842e+02  2.28613530e-02  5.94780688e+02 
 1.02778827e-05  6.32017855e+02  2.22573588e-02  5.98391462e+02 
 1.02781498e-05  6.32017868e+02  2.16440472e-02  6.01755277e+02 
 1.02784188e-05  6.32017880e+02  2.10214586e-02  6.04881548e+02 
 1.02786898e-05  6.32017892e+02  2.03896368e-02  6.07779545e+02 
 1.02789630e-05  6.32017903e+02  1.97485806e-02  6.10458637e+02 
 1.02792385e-05  6.32017915e+02  1.90982828e-02  6.12928094e+02 
 1.02795163e-05  6.32017926e+02  1.84386949e-02  6.15197235e+02 
 1.02797966e-05  6.32017937e+02  1.77697552e-02  6.17275306e+02 
 1.02800796e-05  6.32017947e+02  1.70913622e-02  6.19171565e+02 
 1.02803654e-05  6.32017957e+02  1.64033947e-02  6.20895210e+02 
 1.02806541e-05  6.32017967e+02  1.57056928e-02  6.22455418e+02 
 1.02809460e-05  6.32017977e+02  1.49980718e-02  6.23861306e+02 
 1.02812411e-05  6.32017986e+02  1.42803092e-02  6.25121946e+02 
 1.02815397e-05  6.32017995e+02  1.35521553e-02  6.26246336e+02 
 1.02818419e-05  6.32018003e+02  1.28133259e-02  6.27243403e+02 
 1.02821480e-05  6.32018011e+02  1.20635133e-02  6.28121979e+02 
 1.02824545e-05  6.32018019e+02  1.13111698e-02  6.28882573e+02 
 1.02827601e-05  6.32018026e+02  1.05598618e-02  6.29534270e+02 
 1.02830636e-05  6.32018033e+02  9.81268127e-03  6.30087432e+02 
 1.02833639e-05  6.32018039e+02  9.07276225e-03  6.30552646e+02 
 1.02836593e-05  6.32018044e+02  8.34387486e-03  6.30940089e+02 
 1.02839479e-05  6.32018049e+02  7.63131476e-03  6.31259114e+02 
 1.02842269e-05  6.32018053e+02  6.94213633e-03  6.31518369e+02 
 1.02844921e-05  6.32018057e+02  6.28648441e-03  6.31725524e+02 
 1.02847092e-05  6.32018060e+02  5.74965322e-03  6.31869789e+02 
 1.02847607e-05  6.32018061e+02  5.62239935e-03  6.31900926e+02 
 1.02848462e-05  6.32018062e+02  5.41077785e-03  6.31950256e+02 
 1.02849249e-05  6.32018063e+02  5.21618475e-03  6.31993012e+02 
 1.02849889e-05  6.32018063e+02  5.05776926e-03  6.32026045e+02 
 1.02850604e-05  6.32018064e+02  4.88092139e-03  6.32061108e+02 
 1.02851359e-05  6.32018065e+02  4.69411894e-03  6.32096139e+02 
 1.02851986e-05  6.32018065e+02  4.53881285e-03  6.32123750e+02 
 1.02852775e-05  6.32018066e+02  4.34370397e-03  6.32156558e+02 
 1.02853483e-05  6.32018067e+02  4.16857056e-03  6.32184287e+02 
 1.02854368e-05  6.32018068e+02  3.94944373e-03  6.32216779e+02 
 1.02855124e-05  6.32018068e+02  3.76223615e-03  6.32242673e+02 
 1.02856093e-05  6.32018069e+02  3.52229222e-03  6.32273452e+02 
 1.02856895e-05  6.32018069e+02  3.32390088e-03  6.32296938e+02 
 1.02858000e-05  6.32018070e+02  3.05022879e-03  6.32326548e+02 
 1.02858897e-05  6.32018071e+02  2.82815152e-03  6.32348299e+02 
 1.02860590e-05  6.32018072e+02  2.40908510e-03  6.32384080e+02 
 1.02861506e-05  6.32018072e+02  2.18229564e-03  6.32400700e+02 
 1.02862456e-05  6.32018073e+02  1.94684475e-03  6.32416002e+02 
 1.02863395e-05  6.32018073e+02  1.71429923e-03  6.32429222e+02 
 1.02864255e-05  6.32018073e+02  1.50135753e-03  6.32439718e+02 
 1.02865171e-05  6.32018074e+02  1.27446300e-03  6.32449247e+02 
 1.02866058e-05  6.32018074e+02  1.05489882e-03  6.32456873e+02 
 1.02867052e-05  6.32018074e+02  8.08626017e-04  6.32463597e+02 
 1.02867959e-05  6.32018074e+02  5.84182168e-04  6.32468066e+02 
 1.02868433e-05  6.32018074e+02  4.66695498e-04  6.32469784e+02 
 1.02869043e-05  6.32018074e+02  3.15673047e-04  6.32471371e+02 
 1.02869660e-05  6.32018074e+02  1.62786616e-04  6.32472274e+02 
 1.02870307e-05  6.32018074e+02  2.67786487e-06  6.32472468e+02 
 1.02870969e-05  6.32018074e+02 -1.61285291e-04  6.32471876e+02 
 1.02871684e-05  6.32018074e+02 -3.38479901e-04  6.32470342e+02 
 1.02872378e-05  6.32018074e+02 -5.10268199e-04  6.32467970e+02 
 1.02873153e-05  6.32018074e+02 -7.02244522e-04  6.32464288e+02 
 1.02873957e-05  6.32018074e+02 -9.01282954e-04  6.32459313e+02 
 1.02874991e-05  6.32018074e+02 -1.15737333e-03  6.32451158e+02 
 1.02876113e-05  6.32018073e+02 -1.43538041e-03  6.32440018e+02 
 1.02876944e-05  6.32018073e+02 -1.64106334e-03  6.32430198e+02 
 1.02877805e-05  6.32018073e+02 -1.85433513e-03  6.32418555e+02 
 1.02878734e-05  6.32018072e+02 -2.08425577e-03  6.32404283e+02 
 1.02879617e-05  6.32018072e+02 -2.30293078e-03  6.32388996e+02 
 1.02880563e-05  6.32018071e+02 -2.53717092e-03  6.32370697e+02 
 1.02881585e-05  6.32018071e+02 -2.79018959e-03  6.32348607e+02 
 1.02882763e-05  6.32018070e+02 -3.08188689e-03  6.32320006e+02 
 1.02884231e-05  6.32018069e+02 -3.44541199e-03  6.32279400e+02 
 1.02884998e-05  6.32018069e+02 -3.63536155e-03  6.32255869e+02 
 1.02886104e-05  6.32018068e+02 -3.90907138e-03  6.32219022e+02 
 1.02887172e-05  6.32018067e+02 -4.17338665e-03  6.32179984e+02 
 1.02887732e-05  6.32018066e+02 -4.31197054e-03  6.32158095e+02 
 1.02888425e-05  6.32018066e+02 -4.48354129e-03  6.32129590e+02 
 1.02889080e-05  6.32018065e+02 -4.64545956e-03  6.32101216e+02 
 1.02889621e-05  6.32018064e+02 -4.77941894e-03  6.32076626e+02 
 1.02890138e-05  6.32018064e+02 -4.90728359e-03  6.32052185e+02 
 1.02890640e-05  6.32018063e+02 -5.03161898e-03  6.32027486e+02 
 1.02891168e-05  6.32018063e+02 -5.16218475e-03  6.32000534e+02 
 1.02891773e-05  6.32018062e+02 -5.31176473e-03  6.31968343e+02 
 1.02892454e-05  6.32018061e+02 -5.48031691e-03  6.31930335e+02 
 1.02893188e-05  6.32018060e+02 -5.66184522e-03  6.31887276e+02 
 1.02893967e-05  6.32018059e+02 -5.85446193e-03  6.31839088e+02 
 1.02894779e-05  6.32018058e+02 -6.05547944e-03  6.31785944e+02 
 1.02895629e-05  6.32018057e+02 -6.26543999e-03  6.31727198e+02 
 1.02896508e-05  6.32018056e+02 -6.48284923e-03  6.31662730e+02 
 1.02897420e-05  6.32018055e+02 -6.70839779e-03  6.31591766e+02 
 1.02898360e-05  6.32018053e+02 -6.94071529e-03  6.31514129e+02 
 1.02899331e-05  6.32018052e+02 -7.18053179e-03  6.31428927e+02 
 1.02900327e-05  6.32018050e+02 -7.42669157e-03  6.31335873e+02 
 1.02901352e-05  6.32018049e+02 -7.67989253e-03  6.31233958e+02 
 1.02902402e-05  6.32018047e+02 -7.93917832e-03  6.31122759e+02 
 1.02903480e-05  6.32018045e+02 -8.20523878e-03  6.31001113e+02 
 1.02905635e-05  6.32018041e+02 -8.73712497e-03  6.30733477e+02 
 1.02907970e-05  6.32018037e+02 -9.31294073e-03  6.30403857e+02 
 1.02910443e-05  6.32018032e+02 -9.92212620e-03  6.30005271e+02 
 1.02913786e-05  6.32018024e+02 -1.07448730e-02  6.29375835e+02 
 1.02916881e-05  6.32018017e+02 -1.15054563e-02  6.28689064e+02 
 1.02920437e-05  6.32018008e+02 -1.23777023e-02  6.27760484e+02 
 1.02923663e-05  6.32017999e+02 -1.31673958e-02  6.26773124e+02 
 1.02927062e-05  6.32017990e+02 -1.39971832e-02  6.25566269e+02 
 1.02930207e-05  6.32017980e+02 -1.47629145e-02  6.24280468e+02 
 1.02933443e-05  6.32017969e+02 -1.55480496e-02  6.22770995e+02 
 1.02936503e-05  6.32017959e+02 -1.62878899e-02  6.21152667e+02 
 1.02939613e-05  6.32017948e+02 -1.70370412e-02  6.19300194e+02 
 1.02942599e-05  6.32017937e+02 -1.77529470e-02  6.17309133e+02 
 1.02945611e-05  6.32017925e+02 -1.84714587e-02  6.15072994e+02 
 1.02948530e-05  6.32017914e+02 -1.91642810e-02  6.12670255e+02 
 1.02951459e-05  6.32017902e+02 -1.98551910e-02  6.10011131e+02 
 1.02954319e-05  6.32017889e+02 -2.05253206e-02  6.07158791e+02 
 1.02957177e-05  6.32017877e+02 -2.11905279e-02  6.04037982e+02 
 1.02959982e-05  6.32017864e+02 -2.18381800e-02  6.00698566e+02 
 1.02962780e-05  6.32017851e+02 -2.24788701e-02  5.97077764e+02 
 1.02965536e-05  6.32017837e+02 -2.31040964e-02  5.93214160e+02 
 1.02968282e-05  6.32017824e+02 -2.37209255e-02  5.89055516e+02 
 1.02970993e-05  6.32017810e+02 -2.43236010e-02  5.84631025e+02 
 1.02973693e-05  6.32017796e+02 -2.49168147e-02  5.79897239e+02 
 1.02976365e-05  6.32017781e+02 -2.54966379e-02  5.74875637e+02 
 1.02979024e-05  6.32017767e+02 -2.60661554e-02  5.69530016e+02 
 1.02981661e-05  6.32017752e+02 -2.66226543e-02  5.63875605e+02 
 1.02984285e-05  6.32017737e+02 -2.71681271e-02  5.57882114e+02 
 1.02986890e-05  6.32017722e+02 -2.77006673e-02  5.51559760e+02 
 1.02989484e-05  6.32017706e+02 -2.82215205e-02  5.44883048e+02 
 1.02992062e-05  6.32017691e+02 -2.87293119e-02  5.37858220e+02 
 1.02994629e-05  6.32017675e+02 -2.92247722e-02  5.30463641e+02 
 1.02997183e-05  6.32017659e+02 -2.97068738e-02  5.22702427e+02 
 1.02999727e-05  6.32017643e+02 -3.01759892e-02  5.14556036e+02 
 1.03002261e-05  6.32017626e+02 -3.06313124e-02  5.06025144e+02 
 1.03004786e-05  6.32017610e+02 -3.10729631e-02  4.97093669e+02 
 1.03007303e-05  6.32017593e+02 -3.15002720e-02  4.87760394e+02 
 1.03009813e-05  6.32017576e+02 -3.19131765e-02  4.78011178e+02 
 1.03012316e-05  6.32017559e+02 -3.23110856e-02  4.67843330e+02 
 1.03014814e-05  6.32017542e+02 -3.26938004e-02  4.57244216e+02 
 1.03017307e-05  6.32017524e+02 -3.30607679e-02  4.46209987e+02 
 1.03019797e-05  6.32017506e+02 -3.34116826e-02  4.34729146e+02 
 1.03022284e-05  6.32017489e+02 -3.37459998e-02  4.22796896e+02 
 1.03024770e-05  6.32017471e+02 -3.40633252e-02  4.10402550e+02 
 1.03027254e-05  6.32017453e+02 -3.43630998e-02  3.97540482e+02 
 1.03029739e-05  6.32017434e+02 -3.46448488e-02  3.84200496e+02 
 1.03032226e-05  6.32017416e+02 -3.49079803e-02  3.70376158e+02 
 1.03034715e-05  6.32017397e+02 -3.51519401e-02  3.56057430e+02 
 1.03037208e-05  6.32017379e+02 -3.53760848e-02  3.41236977e+02 
 1.03039706e-05  6.32017360e+02 -3.55797747e-02  3.25904531e+02 
 1.03042210e-05  6.32017341e+02 -3.57622948e-02  3.10051625e+02 
 1.03044723e-05  6.32017322e+02 -3.59229063e-02  2.93667253e+02 
 1.03047245e-05  6.32017302e+02 -3.60607970e-02  2.76741385e+02 
 1.03049779e-05  6.32017283e+02 -3.61751050e-02  2.59261573e+02 
 1.03052326e-05  6.32017263e+02 -3.62648855e-02  2.41215486e+02 
 1.03054889e-05  6.32017244e+02 -3.63291148e-02  2.22588174e+02 
 1.03057470e-05  6.32017224e+02 -3.63666631e-02  2.03363765e+02 
 1.03060073e-05  6.32017203e+02 -3.63762814e-02  1.83523105e+02 
 1.03062700e-05  6.32017183e+02 -3.63565712e-02  1.63044651e+02 
 1.03065349e-05  6.32017163e+02 -3.63060947e-02  1.41948264e+02 
 1.03067989e-05  6.32017142e+02 -3.62246094e-02  1.20506683e+02 
 1.03070642e-05  6.32017122e+02 -3.61107873e-02  9.85639170e+01 
 1.03073286e-05  6.32017102e+02 -3.59648862e-02  7.63153219e+01 
 1.03075940e-05  6.32017081e+02 -3.57852808e-02  5.36259977e+01 
 1.03078591e-05  6.32017061e+02 -3.55723030e-02  3.06433682e+01 
 1.03081251e-05  6.32017041e+02 -3.53242575e-02  7.27629048e+00 
 1.03083913e-05  6.32017021e+02 -3.50414478e-02 -1.63582677e+01 
 1.03086584e-05  6.32017001e+02 -3.47222341e-02 -4.03164260e+01 
 1.03089259e-05  6.32016982e+02 -3.43668255e-02 -6.45033670e+01 
 1.03091946e-05  6.32016962e+02 -3.39736783e-02 -8.89491242e+01 
 1.03094638e-05  6.32016943e+02 -3.35429469e-02 -1.13570331e+02 
 1.03097344e-05  6.32016924e+02 -3.30728993e-02 -1.38392793e+02 
 1.03100058e-05  6.32016905e+02 -3.25639282e-02 -1.63323497e+02 
 1.03102787e-05  6.32016886e+02 -3.20142446e-02 -1.88378673e+02 
 1.03105528e-05  6.32016868e+02 -3.14240486e-02 -2.13476724e+02 
 1.03108286e-05  6.32016849e+02 -3.07916834e-02 -2.38615510e+02 
 1.03111059e-05  6.32016831e+02 -3.01171330e-02 -2.63721455e+02 
 1.03113853e-05  6.32016814e+02 -2.93988550e-02 -2.88776724e+02 
 1.03116665e-05  6.32016796e+02 -2.86366153e-02 -3.13712074e+02 
 1.03119501e-05  6.32016779e+02 -2.78289323e-02 -3.38496654e+02 
 1.03122360e-05  6.32016763e+02 -2.69753430e-02 -3.63062499e+02 
 1.03124972e-05  6.32016748e+02 -2.61618811e-02 -3.85075217e+02 
 1.03127522e-05  6.32016734e+02 -2.53369719e-02 -4.06131451e+02 
 1.03129876e-05  6.32016721e+02 -2.45495014e-02 -4.25138010e+02 
 1.03132178e-05  6.32016710e+02 -2.37556414e-02 -4.43295220e+02 
 1.03134344e-05  6.32016699e+02 -2.29875029e-02 -4.59966820e+02 
 1.03136469e-05  6.32016689e+02 -2.22150522e-02 -4.75894291e+02 
 1.03138495e-05  6.32016679e+02 -2.14611640e-02 -4.90672046e+02 
 1.03140482e-05  6.32016670e+02 -2.07057365e-02 -5.04757081e+02 
 1.03142392e-05  6.32016662e+02 -1.99650104e-02 -5.17896661e+02 
 1.03144265e-05  6.32016654e+02 -1.92253807e-02 -5.30380738e+02 
 1.03146076e-05  6.32016647e+02 -1.84982436e-02 -5.42057718e+02 
 1.03147851e-05  6.32016640e+02 -1.77743574e-02 -5.53115711e+02 
 1.03149573e-05  6.32016634e+02 -1.70616947e-02 -5.63467514e+02 
 1.03151260e-05  6.32016628e+02 -1.63540107e-02 -5.73237511e+02 
 1.03152902e-05  6.32016622e+02 -1.56568950e-02 -5.82378763e+02 
 1.03154510e-05  6.32016617e+02 -1.49661727e-02 -5.90975455e+02 
 1.03156077e-05  6.32016612e+02 -1.42857821e-02 -5.99005622e+02 
 1.03157611e-05  6.32016607e+02 -1.36129770e-02 -6.06528047e+02 
 1.03159108e-05  6.32016603e+02 -1.29505557e-02 -6.13536123e+02 
 1.03160573e-05  6.32016599e+02 -1.22967572e-02 -6.20072576e+02 
 1.03162002e-05  6.32016596e+02 -1.16535967e-02 -6.26140134e+02 
 1.03163401e-05  6.32016592e+02 -1.10199936e-02 -6.31771368e+02 
 1.03164766e-05  6.32016589e+02 -1.03974299e-02 -6.36974594e+02 
 1.03166100e-05  6.32016586e+02 -9.78529682e-03 -6.41775962e+02 
 1.03167401e-05  6.32016584e+02 -9.18471819e-03 -6.46187062e+02 
 1.03168672e-05  6.32016581e+02 -8.59541600e-03 -6.50229988e+02 
 1.03169911e-05  6.32016579e+02 -8.01828030e-03 -6.53918193e+02 
 1.03171118e-05  6.32016577e+02 -7.45327037e-03 -6.57271211e+02 
 1.03172294e-05  6.32016575e+02 -6.90113233e-03 -6.60303518e+02 
 1.03173438e-05  6.32016574e+02 -6.36200375e-03 -6.63033032e+02 
 1.03174549e-05  6.32016572e+02 -5.83655475e-03 -6.65474762e+02 
 1.03175628e-05  6.32016571e+02 -5.32506838e-03 -6.67645613e+02 
 1.03176674e-05  6.32016570e+02 -4.82819427e-03 -6.69560853e+02 
 1.03177686e-05  6.32016569e+02 -4.34635028e-03 -6.71236763e+02 
 1.03178663e-05  6.32016568e+02 -3.88021782e-03 -6.72688728e+02 
 1.03179605e-05  6.32016567e+02 -3.43036085e-03 -6.73932662e+02 
 1.03180510e-05  6.32016567e+02 -2.99755222e-03 -6.74984015e+02 
 1.03181376e-05  6.32016566e+02 -2.58254199e-03 -6.75858510e+02 
 1.03182203e-05  6.32016566e+02 -2.18627895e-03 -6.76571663e+02 
 1.03182988e-05  6.32016565e+02 -1.80978843e-03 -6.77139155e+02 
 1.03183728e-05  6.32016565e+02 -1.45434253e-03 -6.77576620e+02 
 1.03184422e-05  6.32016565e+02 -1.12143950e-03 -6.77899842e+02 
 1.03185064e-05  6.32016565e+02 -8.12994714e-04 -6.78124702e+02 
 1.03185586e-05  6.32016565e+02 -5.61963380e-04 -6.78254760e+02 
 1.03186011e-05  6.32016565e+02 -3.57564910e-04 -6.78325575e+02 
 1.03186356e-05  6.32016565e+02 -1.91837820e-04 -6.78359880e+02 
 1.03186638e-05  6.32016565e+02 -5.63546467e-05 -6.78372548e+02 
 1.03186920e-05  6.32016565e+02  7.90678392e-05 -6.78371389e+02 
 1.03187211e-05  6.32016565e+02  2.19117842e-04 -6.78355654e+02 
 1.03187581e-05  6.32016565e+02  3.96886532e-04 -6.78314395e+02 
 1.03188020e-05  6.32016565e+02  6.07442249e-04 -6.78234715e+02 
 1.03188531e-05  6.32016565e+02  8.53337992e-04 -6.78099359e+02 
 1.03189099e-05  6.32016565e+02  1.12616194e-03 -6.77895826e+02 
 1.03189724e-05  6.32016565e+02  1.42599059e-03 -6.77607382e+02 
 1.03190394e-05  6.32016565e+02  1.74757597e-03 -6.77222580e+02 
 1.03191110e-05  6.32016566e+02  2.09152927e-03 -6.76724530e+02 
 1.03191868e-05  6.32016566e+02  2.45457527e-03 -6.76101753e+02 
 1.03192666e-05  6.32016566e+02  2.83727631e-03 -6.75337155e+02 
 1.03193502e-05  6.32016567e+02  3.23733037e-03 -6.74419061e+02 
 1.03194376e-05  6.32016568e+02  3.65506674e-03 -6.73330476e+02 
 1.03195285e-05  6.32016568e+02  4.08876819e-03 -6.72059504e+02 
 1.03196228e-05  6.32016569e+02  4.53856894e-03 -6.70589388e+02 
 1.03197205e-05  6.32016570e+02  5.00315313e-03 -6.68907948e+02 
 1.03198214e-05  6.32016571e+02  5.48251548e-03 -6.66998701e+02 
 1.03199255e-05  6.32016573e+02  5.97562236e-03 -6.64849135e+02 
 1.03200328e-05  6.32016574e+02  6.48236858e-03 -6.62443029e+02 
 1.03201431e-05  6.32016576e+02  7.00191892e-03 -6.59767525e+02 
 1.03202565e-05  6.32016577e+02  7.53409598e-03 -6.56806623e+02 
 1.03203729e-05  6.32016579e+02  8.07820378e-03 -6.53547114e+02 
 1.03204922e-05  6.32016581e+02  8.63401242e-03 -6.49973158e+02 
 1.03206144e-05  6.32016584e+02  9.20092333e-03 -6.46071189e+02 
 1.03207397e-05  6.32016586e+02  9.77866785e-03 -6.41825451e+02 
 1.03208678e-05  6.32016589e+02  1.03667150e-02 -6.37221996e+02 
 1.03209988e-05  6.32016592e+02  1.09647666e-02 -6.32245059e+02 
 1.03211328e-05  6.32016595e+02  1.15723377e-02 -6.26880272e+02 
 1.03212698e-05  6.32016599e+02  1.21891071e-02 -6.21111742e+02 
 1.03214097e-05  6.32016602e+02  1.28146197e-02 -6.14924612e+02 
 1.03215527e-05  6.32016606e+02  1.34485355e-02 -6.08302715e+02 
 1.03216987e-05  6.32016611e+02  1.40904181e-02 -6.01230593e+02 
 1.03218478e-05  6.32016615e+02  1.47399108e-02 -5.93691619e+02 
 1.03220001e-05  6.32016620e+02  1.53965875e-02 -5.85669563e+02 
 1.03221556e-05  6.32016625e+02  1.60600772e-02 -5.77147087e+02 
 1.03223144e-05  6.32016631e+02  1.67299581e-02 -5.68106935e+02 
 1.03224766e-05  6.32016637e+02  1.74058460e-02 -5.58530712e+02 
 1.03226424e-05  6.32016643e+02  1.80873198e-02 -5.48399760e+02 
 1.03228118e-05  6.32016650e+02  1.87739841e-02 -5.37694133e+02 
 1.03229849e-05  6.32016657e+02  1.94654169e-02 -5.26393201e+02 
 1.03231621e-05  6.32016664e+02  2.01612145e-02 -5.14474745e+02 
 1.03233434e-05  6.32016672e+02  2.08609552e-02 -5.01915291e+02 
 1.03235290e-05  6.32016680e+02  2.15642322e-02 -4.88689240e+02 
 1.03237193e-05  6.32016689e+02  2.22706297e-02 -4.74768901e+02 
 1.03239144e-05  6.32016699e+02  2.29797479e-02 -4.60123525e+02 
 1.03241148e-05  6.32016709e+02  2.36911893e-02 -4.44718946e+02 
 1.03243209e-05  6.32016719e+02  2.44045811e-02 -4.28516302e+02 
 1.03245331e-05  6.32016730e+02  2.51195716e-02 -4.11471024e+02 
 1.03247519e-05  6.32016742e+02  2.58358554e-02 -3.93530808e+02 
 1.03249782e-05  6.32016755e+02  2.65531859e-02 -3.74633330e+02 
 1.03252127e-05  6.32016768e+02  2.72714154e-02 -3.54702407e+02 
 1.03254566e-05  6.32016783e+02  2.79905411e-02 -3.33642695e+02 
 1.03257113e-05  6.32016798e+02  2.87107957e-02 -3.11330965e+02 
 1.03259786e-05  6.32016815e+02  2.94327916e-02 -2.87602072e+02 
 1.03262614e-05  6.32016832e+02  3.01577988e-02 -2.62223867e+02 
 1.03265427e-05  6.32016851e+02  3.08393938e-02 -2.36743521e+02 
 1.03268243e-05  6.32016869e+02  3.14815962e-02 -2.11067762e+02 
 1.03271016e-05  6.32016888e+02  3.20746820e-02 -1.85669658e+02 
 1.03273777e-05  6.32016907e+02  3.26263403e-02 -1.60320072e+02 
 1.03276506e-05  6.32016926e+02  3.31334138e-02 -1.35255190e+02 
 1.03279226e-05  6.32016946e+02  3.36010984e-02 -1.10309034e+02 
 1.03281923e-05  6.32016965e+02  3.40277006e-02 -8.56558652e+01 
 1.03284614e-05  6.32016984e+02  3.44164687e-02 -6.11940253e+01 
 1.03287286e-05  6.32017004e+02  3.47666365e-02 -3.70553604e+01 
 1.03289952e-05  6.32017024e+02  3.50803324e-02 -1.31816855e+01 
 1.03292604e-05  6.32017044e+02  3.53576103e-02  1.03432144e+01 
 1.03295250e-05  6.32017064e+02  3.55998599e-02  3.35427589e+01 
 1.03297886e-05  6.32017084e+02  3.58075173e-02  5.63598972e+01 
 1.03300517e-05  6.32017104e+02  3.59816762e-02  7.88063687e+01 
 1.03303140e-05  6.32017124e+02  3.61229359e-02  1.00840305e+02 
 1.03305759e-05  6.32017144e+02  3.62322144e-02  1.22466752e+02 
 1.03308372e-05  6.32017164e+02  3.63101918e-02  1.43654622e+02 
 1.03310982e-05  6.32017185e+02  3.63576782e-02  1.64405070e+02 
 1.03313589e-05  6.32017205e+02  3.63753894e-02  1.84695127e+02 
 1.03316193e-05  6.32017225e+02  3.63640686e-02  2.04523942e+02 
 1.03318796e-05  6.32017245e+02  3.63244410e-02  2.23874795e+02 
 1.03321397e-05  6.32017265e+02  3.62572068e-02  2.42746087e+02 
 1.03323998e-05  6.32017285e+02  3.61630848e-02  2.61125959e+02 
 1.03326585e-05  6.32017305e+02  3.60434829e-02  2.78915215e+02 
 1.03329149e-05  6.32017325e+02  3.59000655e-02  2.96054888e+02 
 1.03331697e-05  6.32017344e+02  3.57336844e-02  3.12597827e+02 
 1.03334226e-05  6.32017363e+02  3.55457262e-02  3.28527880e+02 
 1.03336744e-05  6.32017382e+02  3.53367212e-02  3.43897976e+02 
 1.03339249e-05  6.32017401e+02  3.51078292e-02  3.58701155e+02 
 1.03341746e-05  6.32017419e+02  3.48594844e-02  3.72974987e+02 
 1.03344233e-05  6.32017438e+02  3.45926908e-02  3.86716738e+02 
 1.03346716e-05  6.32017456e+02  3.43078443e-02  3.99953760e+02 
 1.03349192e-05  6.32017474e+02  3.40058125e-02  4.12687038e+02 
 1.03351666e-05  6.32017492e+02  3.36869657e-02  4.24937686e+02 
 1.03354136e-05  6.32017509e+02  3.33520523e-02  4.36709457e+02 
 1.03356606e-05  6.32017527e+02  3.30014230e-02  4.48019413e+02 
 1.03359074e-05  6.32017544e+02  3.26357258e-02  4.58873170e+02 
 1.03361544e-05  6.32017561e+02  3.22552950e-02  4.69285092e+02 
 1.03364014e-05  6.32017578e+02  3.18606939e-02  4.79262020e+02 
 1.03366488e-05  6.32017595e+02  3.14522412e-02  4.88816531e+02 
 1.03368964e-05  6.32017611e+02  3.10304282e-02  4.97956276e+02 
 1.03371445e-05  6.32017627e+02  3.05955565e-02  5.06692660e+02 
 1.03373930e-05  6.32017643e+02  3.01480559e-02  5.15033872e+02 
 1.03376422e-05  6.32017659e+02  2.96882088e-02  5.22990552e+02 
 1.03378919e-05  6.32017675e+02  2.92163910e-02  5.30571258e+02 
 1.03381425e-05  6.32017690e+02  2.87328638e-02  5.37786137e+02 
 1.03383938e-05  6.32017706e+02  2.82379548e-02  5.44643995e+02 
 1.03386460e-05  6.32017721e+02  2.77319018e-02  5.51154670e+02 
 1.03388992e-05  6.32017735e+02  2.72149882e-02  5.57327140e+02 
 1.03391535e-05  6.32017750e+02  2.66874261e-02  5.63171052e+02 
 1.03394089e-05  6.32017764e+02  2.61494572e-02  5.68695505e+02 
 1.03396655e-05  6.32017779e+02  2.56012657e-02  5.73910028e+02 
 1.03399234e-05  6.32017792e+02  2.50430528e-02  5.78823808e+02 
 1.03401827e-05  6.32017806e+02  2.44749721e-02  5.83446306e+02 
 1.03404434e-05  6.32017819e+02  2.38971847e-02  5.87786764e+02 
 1.03407057e-05  6.32017833e+02  2.33098109e-02  5.91854603e+02 
 1.03409697e-05  6.32017846e+02  2.27129706e-02  5.95659104e+02 
 1.03412354e-05  6.32017858e+02  2.21067477e-02  5.99209657e+02 
 1.03415029e-05  6.32017871e+02  2.14912192e-02  6.02515564e+02 
 1.03417724e-05  6.32017883e+02  2.08664287e-02  6.05586189e+02 
 1.03420440e-05  6.32017895e+02  2.02324076e-02  6.08430836e+02 
 1.03423177e-05  6.32017906e+02  1.95891551e-02  6.11058840e+02 
 1.03425937e-05  6.32017918e+02  1.89366530e-02  6.13479489e+02 
 1.03428721e-05  6.32017929e+02  1.82748513e-02  6.15702077e+02 
 1.03431531e-05  6.32017939e+02  1.76036781e-02  6.17735857e+02 
 1.03434367e-05  6.32017950e+02  1.69230285e-02  6.19590067e+02 
 1.03437232e-05  6.32017960e+02  1.62327721e-02  6.21273900e+02 
 1.03440126e-05  6.32017970e+02  1.55327440e-02  6.22796517e+02 
 1.03443052e-05  6.32017979e+02  1.48227509e-02  6.24167024e+02 
 1.03446012e-05  6.32017988e+02  1.41025648e-02  6.25394472e+02 
 1.03449006e-05  6.32017997e+02  1.33719286e-02  6.26487842e+02 
 1.03452037e-05  6.32018005e+02  1.26305534e-02  6.27456036e+02 
 1.03455107e-05  6.32018013e+02  1.18781268e-02  6.28307858e+02 
 1.03458167e-05  6.32018021e+02  1.11266922e-02  6.29040840e+02 
 1.03461225e-05  6.32018028e+02  1.03748203e-02  6.29669332e+02 
 1.03464251e-05  6.32018034e+02  9.62953654e-03  6.30200393e+02 
 1.03467248e-05  6.32018040e+02  8.89078077e-03  6.30646957e+02 
 1.03470189e-05  6.32018045e+02  8.16525701e-03  6.31017360e+02 
 1.03473059e-05  6.32018050e+02  7.45644595e-03  6.31321925e+02 
 1.03475823e-05  6.32018054e+02  6.77360650e-03  6.31568339e+02 
 1.03478441e-05  6.32018058e+02  6.12635437e-03  6.31764542e+02 
 1.03480534e-05  6.32018061e+02  5.60869886e-03  6.31898280e+02 
 1.03481018e-05  6.32018061e+02  5.48893779e-03  6.31926531e+02 
 1.03481810e-05  6.32018062e+02  5.29298469e-03  6.31970693e+02 
 1.03482542e-05  6.32018063e+02  5.11206106e-03  6.32009271e+02 
 1.03483350e-05  6.32018064e+02  4.91214203e-03  6.32049540e+02 
 1.03483837e-05  6.32018064e+02  4.79147636e-03  6.32072687e+02 
 1.03484642e-05  6.32018065e+02  4.59240544e-03  6.32109033e+02 
 1.03485505e-05  6.32018066e+02  4.37870488e-03  6.32145591e+02 
 1.03486194e-05  6.32018067e+02  4.20827520e-03  6.32172991e+02 
 1.03487087e-05  6.32018067e+02  3.98726386e-03  6.32206297e+02 
 1.03487805e-05  6.32018068e+02  3.80954483e-03  6.32231322e+02 
 1.03488786e-05  6.32018069e+02  3.56681410e-03  6.32263076e+02 
 1.03489550e-05  6.32018069e+02  3.37765061e-03  6.32285956e+02 
 1.03490661e-05  6.32018070e+02  3.10258488e-03  6.32316438e+02 
 1.03491595e-05  6.32018071e+02  2.87136083e-03  6.32339613e+02 
 1.03493087e-05  6.32018071e+02  2.50173191e-03  6.32372248e+02 
 1.03493645e-05  6.32018072e+02  2.36364511e-03  6.32383101e+02 
 1.03494761e-05  6.32018072e+02  2.08746198e-03  6.32402711e+02 
 1.03495773e-05  6.32018073e+02  1.83682370e-03  6.32418161e+02 
 1.03496666e-05  6.32018073e+02  1.61571246e-03  6.32429995e+02 
 1.03497620e-05  6.32018073e+02  1.37935408e-03  6.32440830e+02 
 1.03498545e-05  6.32018074e+02  1.15035759e-03  6.32449578e+02 
 1.03499520e-05  6.32018074e+02  9.08704845e-04  6.32456978e+02 
 1.03500700e-05  6.32018074e+02  6.16511226e-04  6.32463467e+02 
 1.03501266e-05  6.32018074e+02  4.76344482e-04  6.32465637e+02 
 1.03501883e-05  6.32018074e+02  3.23508660e-04  6.32467317e+02 
 1.03502466e-05  6.32018074e+02  1.79136079e-04  6.32468251e+02 
 1.03503092e-05  6.32018074e+02  2.42050696e-05  6.32468555e+02 
 1.03503757e-05  6.32018074e+02 -1.40571216e-04  6.32468090e+02 
 1.03504509e-05  6.32018074e+02 -3.26674440e-04  6.32466594e+02 
 1.03505223e-05  6.32018074e+02 -5.03643421e-04  6.32464218e+02 
 1.03506044e-05  6.32018074e+02 -7.06915367e-04  6.32460340e+02 
 1.03506868e-05  6.32018074e+02 -9.11092794e-04  6.32455200e+02 
 1.03507970e-05  6.32018074e+02 -1.18391585e-03  6.32446355e+02 
 1.03509133e-05  6.32018073e+02 -1.47190408e-03  6.32434509e+02 
 1.03510005e-05  6.32018073e+02 -1.68791848e-03  6.32423879e+02 
 1.03511022e-05  6.32018073e+02 -1.93964608e-03  6.32409541e+02 
 1.03511940e-05  6.32018072e+02 -2.16699380e-03  6.32394725e+02 
 1.03512897e-05  6.32018072e+02 -2.40403634e-03  6.32377319e+02 
 1.03513906e-05  6.32018071e+02 -2.65376684e-03  6.32356734e+02 
 1.03515047e-05  6.32018070e+02 -2.93640049e-03  6.32330531e+02 
 1.03516416e-05  6.32018070e+02 -3.27525070e-03  6.32294837e+02 
 1.03517510e-05  6.32018069e+02 -3.54607481e-03  6.32262762e+02 
 1.03518868e-05  6.32018068e+02 -3.88216398e-03  6.32218308e+02 
 1.03519580e-05  6.32018067e+02 -4.05840286e-03  6.32192829e+02 
 1.03520499e-05  6.32018066e+02 -4.28596528e-03  6.32157615e+02 
 1.03521331e-05  6.32018065e+02 -4.49190544e-03  6.32123404e+02 
 1.03521835e-05  6.32018065e+02 -4.61649644e-03  6.32101585e+02 
 1.03522420e-05  6.32018064e+02 -4.76119750e-03  6.32075149e+02 
 1.03522916e-05  6.32018064e+02 -4.88392080e-03  6.32051779e+02 
 1.03523435e-05  6.32018063e+02 -5.01238319e-03  6.32026360e+02 
 1.03523954e-05  6.32018063e+02 -5.14088387e-03  6.31999928e+02 
 1.03524571e-05  6.32018062e+02 -5.29340268e-03  6.31967215e+02 
 1.03525247e-05  6.32018061e+02 -5.46074124e-03  6.31929597e+02 
 1.03525990e-05  6.32018060e+02 -5.64456100e-03  6.31886121e+02 
 1.03526763e-05  6.32018060e+02 -5.83576331e-03  6.31838417e+02 
 1.03527585e-05  6.32018058e+02 -6.03888062e-03  6.31784858e+02 
 1.03528428e-05  6.32018057e+02 -6.24753113e-03  6.31726621e+02 
 1.03529315e-05  6.32018056e+02 -6.46682843e-03  6.31661748e+02 
 1.03530223e-05  6.32018055e+02 -6.69115662e-03  6.31591328e+02 
 1.03531170e-05  6.32018054e+02 -6.92522296e-03  6.31513277e+02 
 1.03532136e-05  6.32018052e+02 -7.16391874e-03  6.31428650e+02 
 1.03533139e-05  6.32018051e+02 -7.41167842e-03  6.31335181e+02 
 1.03534160e-05  6.32018049e+02 -7.66386491e-03  6.31233870e+02 
 1.03535216e-05  6.32018047e+02 -7.92460741e-03  6.31122257e+02 
 1.03536290e-05  6.32018045e+02 -8.18971125e-03  6.31001268e+02 
 1.03538437e-05  6.32018041e+02 -8.71968640e-03  6.30735169e+02 
 1.03540759e-05  6.32018037e+02 -9.29233854e-03  6.30408254e+02 
 1.03543235e-05  6.32018032e+02 -9.90243431e-03  6.30010245e+02 
 1.03546570e-05  6.32018025e+02 -1.07232019e-02  6.29384214e+02 
 1.03549671e-05  6.32018017e+02 -1.14852901e-02  6.28698145e+02 
 1.03553223e-05  6.32018008e+02 -1.23565614e-02  6.27773285e+02 
 1.03556454e-05  6.32018000e+02 -1.31474319e-02  6.26787231e+02 
 1.03559851e-05  6.32017990e+02 -1.39767168e-02  6.25584361e+02 
 1.03563000e-05  6.32017980e+02 -1.47433045e-02  6.24300487e+02 
 1.03566234e-05  6.32017970e+02 -1.55282013e-02  6.22795270e+02 
 1.03569296e-05  6.32017959e+02 -1.62686854e-02  6.21179488e+02 
 1.03572406e-05  6.32017948e+02 -1.70177602e-02  6.19331573e+02 
 1.03575394e-05  6.32017937e+02 -1.77341703e-02  6.17343674e+02 
 1.03578406e-05  6.32017926e+02 -1.84527076e-02  6.15112420e+02 
 1.03581327e-05  6.32017914e+02 -1.91459412e-02  6.12713450e+02 
 1.03584256e-05  6.32017902e+02 -1.98369432e-02  6.10059562e+02 
 1.03587116e-05  6.32017890e+02 -2.05074222e-02  6.07211587e+02 
 1.03589975e-05  6.32017877e+02 -2.11727658e-02  6.04096385e+02 
 1.03592781e-05  6.32017864e+02 -2.18207272e-02  6.00761916e+02 
 1.03595579e-05  6.32017851e+02 -2.24615844e-02  5.97147110e+02 
 1.03598336e-05  6.32017838e+02 -2.30870950e-02  5.93289018e+02 
 1.03601082e-05  6.32017824e+02 -2.37041141e-02  5.89136776e+02 
 1.03603794e-05  6.32017810e+02 -2.43070596e-02  5.84718348e+02 
 1.03606494e-05  6.32017796e+02 -2.49004814e-02  5.79991380e+02 
 1.03609166e-05  6.32017782e+02 -2.54805680e-02  5.74976377e+02 
 1.03611826e-05  6.32017767e+02 -2.60503092e-02  5.69638001e+02 
 1.03614463e-05  6.32017752e+02 -2.66070709e-02  5.63990711e+02 
 1.03617088e-05  6.32017737e+02 -2.71527819e-02  5.58004898e+02 
 1.03619694e-05  6.32017722e+02 -2.76855887e-02  5.51690175e+02 
 1.03622288e-05  6.32017707e+02 -2.82066941e-02  5.45021580e+02 
 1.03624866e-05  6.32017691e+02 -2.87147593e-02  5.38004880e+02 
 1.03627433e-05  6.32017675e+02 -2.92104866e-02  5.30618858e+02 
 1.03629987e-05  6.32017659e+02 -2.96928722e-02  5.22866260e+02 
 1.03632532e-05  6.32017643e+02 -3.01622699e-02  5.14728867e+02 
 1.03635066e-05  6.32017627e+02 -3.06178897e-02  5.06207070e+02 
 1.03637591e-05  6.32017610e+02 -3.10598391e-02  4.97285035e+02 
 1.03640108e-05  6.32017593e+02 -3.14874597e-02  4.87961326e+02 
 1.03642618e-05  6.32017576e+02 -3.19006807e-02  4.78221991e+02 
 1.03645122e-05  6.32017559e+02 -3.22989186e-02  4.68064174e+02 
 1.03647620e-05  6.32017542e+02 -3.26819693e-02  4.57475385e+02 
 1.03650113e-05  6.32017525e+02 -3.30492849e-02  4.46451647e+02 
 1.03652603e-05  6.32017507e+02 -3.34005567e-02  4.34981576e+02 
 1.03655090e-05  6.32017489e+02 -3.37352435e-02  4.23060278e+02 
 1.03657576e-05  6.32017471e+02 -3.40529491e-02  4.10677153e+02 
 1.03660061e-05  6.32017453e+02 -3.43531172e-02  3.97826502e+02 
 1.03662546e-05  6.32017435e+02 -3.46352722e-02  3.84498198e+02 
 1.03665032e-05  6.32017417e+02 -3.48988239e-02  3.70685753e+02 
 1.03667521e-05  6.32017398e+02 -3.51432180e-02  3.56379186e+02 
 1.03670014e-05  6.32017379e+02 -3.53678127e-02  3.41571127e+02 
 1.03672512e-05  6.32017360e+02 -3.55719687e-02  3.26251352e+02 
 1.03675016e-05  6.32017341e+02 -3.57549726e-02  3.10411374e+02 
 1.03677529e-05  6.32017322e+02 -3.59160863e-02  2.94040231e+02 
 1.03680051e-05  6.32017303e+02 -3.60544992e-02  2.77127886e+02 
 1.03682584e-05  6.32017284e+02 -3.61693510e-02  2.59661937e+02 
 1.03685131e-05  6.32017264e+02 -3.62596987e-02  2.41630064e+02 
 1.03687694e-05  6.32017244e+02 -3.63245206e-02  2.23017371e+02 
 1.03690275e-05  6.32017224e+02 -3.63626897e-02  2.03808021e+02 
 1.03692877e-05  6.32017204e+02 -3.63729597e-02  1.83982934e+02 
 1.03695503e-05  6.32017184e+02 -3.63539361e-02  1.63520633e+02 
 1.03698153e-05  6.32017163e+02 -3.63041596e-02  1.42433127e+02 
 1.03700793e-05  6.32017143e+02 -3.62234032e-02  1.21005064e+02 
 1.03703446e-05  6.32017122e+02 -3.61103068e-02  9.90705210e+01 
 1.03706089e-05  6.32017102e+02 -3.59651693e-02  7.68340795e+01 
 1.03708744e-05  6.32017082e+02 -3.57863202e-02  5.41529476e+01 
 1.03711394e-05  6.32017062e+02 -3.55741401e-02  3.11812477e+01 
 1.03714055e-05  6.32017042e+02 -3.53268848e-02  7.82201328e+00 
 1.03716717e-05  6.32017022e+02 -3.50449062e-02 -1.58029227e+01 
 1.03719388e-05  6.32017002e+02 -3.47265180e-02 -3.97539027e+01 
 1.03722063e-05  6.32016982e+02 -3.43719740e-02 -6.39325993e+01 
 1.03724749e-05  6.32016963e+02 -3.39796887e-02 -8.83721152e+01 
 1.03727442e-05  6.32016943e+02 -3.35497803e-02 -1.12990697e+02 
 1.03730147e-05  6.32016924e+02 -3.30808169e-02 -1.37798370e+02 
 1.03732861e-05  6.32016905e+02 -3.25725921e-02 -1.62733140e+02 
 1.03735590e-05  6.32016887e+02 -3.20240149e-02 -1.87776966e+02 
 1.03738331e-05  6.32016868e+02 -3.14346266e-02 -2.12878529e+02 
 1.03741088e-05  6.32016850e+02 -3.08033829e-02 -2.38009566e+02 
 1.03743862e-05  6.32016832e+02 -3.01297123e-02 -2.63118830e+02 
 1.03746654e-05  6.32016814e+02 -2.94125732e-02 -2.88169817e+02 
 1.03749467e-05  6.32016797e+02 -2.86512821e-02 -3.13109161e+02 
 1.03752302e-05  6.32016780e+02 -2.78447618e-02 -3.37892791e+02 
 1.03755161e-05  6.32016763e+02 -2.69921905e-02 -3.62463945e+02 
 1.03757778e-05  6.32016748e+02 -2.61778560e-02 -3.84530117e+02 
 1.03760329e-05  6.32016734e+02 -2.53533836e-02 -4.05602366e+02 
 1.03762687e-05  6.32016722e+02 -2.45651235e-02 -4.24651639e+02 
 1.03764990e-05  6.32016710e+02 -2.37715672e-02 -4.42823691e+02 
 1.03767160e-05  6.32016699e+02 -2.30028967e-02 -4.59526433e+02 
 1.03769285e-05  6.32016689e+02 -2.22306665e-02 -4.75467695e+02 
 1.03771313e-05  6.32016680e+02 -2.14764049e-02 -4.90269622e+02 
 1.03773301e-05  6.32016671e+02 -2.07211121e-02 -5.04368056e+02 
 1.03775213e-05  6.32016662e+02 -1.99801016e-02 -5.17527493e+02 
 1.03777087e-05  6.32016655e+02 -1.92405327e-02 -5.30024594e+02 
 1.03778899e-05  6.32016647e+02 -1.85131634e-02 -5.41718498e+02 
 1.03780675e-05  6.32016640e+02 -1.77892798e-02 -5.52789009e+02 
 1.03782398e-05  6.32016634e+02 -1.70764151e-02 -5.63155609e+02 
 1.03784087e-05  6.32016628e+02 -1.63686876e-02 -5.72937521e+02 
 1.03785729e-05  6.32016622e+02 -1.56713853e-02 -5.82091956e+02 
 1.03787338e-05  6.32016617e+02 -1.49805821e-02 -5.90699905e+02 
 1.03788906e-05  6.32016612e+02 -1.43000100e-02 -5.98741969e+02 
 1.03790441e-05  6.32016608e+02 -1.36270928e-02 -6.06274969e+02 
 1.03791938e-05  6.32016603e+02 -1.29644879e-02 -6.13293872e+02 
 1.03793404e-05  6.32016600e+02 -1.23105501e-02 -6.19840208e+02 
 1.03794835e-05  6.32016596e+02 -1.16671989e-02 -6.25917664e+02 
 1.03796234e-05  6.32016593e+02 -1.10334322e-02 -6.31558091e+02 
 1.03797599e-05  6.32016589e+02 -1.04106668e-02 -6.36770380e+02 
 1.03798934e-05  6.32016587e+02 -9.79834719e-03 -6.41580254e+02 
 1.03800236e-05  6.32016584e+02 -9.19755318e-03 -6.45999644e+02 
 1.03801508e-05  6.32016581e+02 -8.60804219e-03 -6.50050394e+02 
 1.03802747e-05  6.32016579e+02 -8.03067483e-03 -6.53746159e+02 
 1.03803956e-05  6.32016577e+02 -7.46543376e-03 -6.57106325e+02 
 1.03805132e-05  6.32016576e+02 -6.91304527e-03 -6.60145486e+02 
 1.03806277e-05  6.32016574e+02 -6.37366228e-03 -6.62881478e+02 
 1.03807389e-05  6.32016572e+02 -5.84794135e-03 -6.65329373e+02 
 1.03808469e-05  6.32016571e+02 -5.33617539e-03 -6.67506033e+02 
 1.03809515e-05  6.32016570e+02 -4.83900464e-03 -6.69426759e+02 
 1.03810528e-05  6.32016569e+02 -4.35685284e-03 -6.71107808e+02 
 1.03811506e-05  6.32016568e+02 -3.89039466e-03 -6.72564585e+02 
 1.03812449e-05  6.32016567e+02 -3.44019693e-03 -6.73812987e+02 
 1.03813354e-05  6.32016567e+02 -3.00702726e-03 -6.74868475e+02 
 1.03814222e-05  6.32016566e+02 -2.59163603e-03 -6.75746763e+02 
 1.03815049e-05  6.32016566e+02 -2.19496698e-03 -6.76463370e+02 
 1.03815835e-05  6.32016566e+02 -1.81804313e-03 -6.77033971e+02 
 1.03816577e-05  6.32016565e+02 -1.46213016e-03 -6.77474199e+02 
 1.03817271e-05  6.32016565e+02 -1.12871980e-03 -6.77799833e+02 
 1.03817914e-05  6.32016565e+02 -8.19715870e-04 -6.78026748e+02 
 1.03818439e-05  6.32016565e+02 -5.67958138e-04 -6.78158399e+02 
 1.03818866e-05  6.32016565e+02 -3.62699384e-04 -6.78230379e+02 
 1.03819213e-05  6.32016565e+02 -1.95981616e-04 -6.78265474e+02 
 1.03819495e-05  6.32016565e+02 -6.04230659e-05 -6.78278570e+02 
 1.03819776e-05  6.32016565e+02  7.47673010e-05 -6.78277838e+02 
 1.03820068e-05  6.32016565e+02  2.14818046e-04 -6.78262557e+02 
 1.03820434e-05  6.32016565e+02  3.90652033e-04 -6.78222441e+02 
 1.03820871e-05  6.32016565e+02  6.00947797e-04 -6.78143863e+02 
 1.03821380e-05  6.32016565e+02  8.45204711e-04 -6.78010746e+02 
 1.03821947e-05  6.32016565e+02  1.11778286e-03 -6.77809078e+02 
 1.03822569e-05  6.32016565e+02  1.41637096e-03 -6.77523835e+02 
 1.03823238e-05  6.32016565e+02  1.73767759e-03 -6.77141707e+02 
 1.03823953e-05  6.32016566e+02  2.08064016e-03 -6.76647751e+02 
 1.03824710e-05  6.32016566e+02  2.44336156e-03 -6.76028519e+02 
 1.03825507e-05  6.32016567e+02  2.82523549e-03 -6.75268884e+02 
 1.03826342e-05  6.32016567e+02  3.22493251e-03 -6.74355253e+02 
 1.03827214e-05  6.32016568e+02  3.64195922e-03 -6.73272488e+02 
 1.03828122e-05  6.32016569e+02  4.07528578e-03 -6.72006920e+02 
 1.03829065e-05  6.32016569e+02  4.52446471e-03 -6.70543475e+02 
 1.03830040e-05  6.32016570e+02  4.98866690e-03 -6.68868395e+02 
 1.03831049e-05  6.32016571e+02  5.46747489e-03 -6.66966672e+02 
 1.03832089e-05  6.32016573e+02  5.96020018e-03 -6.64824432e+02 
 1.03833161e-05  6.32016574e+02  6.46644532e-03 -6.62426715e+02 
 1.03834263e-05  6.32016576e+02  6.98561990e-03 -6.59759509e+02 
 1.03835396e-05  6.32016577e+02  7.51733923e-03 -6.56807873e+02 
 1.03836559e-05  6.32016579e+02  8.06108104e-03 -6.53557640e+02 
 1.03837751e-05  6.32016582e+02  8.61646836e-03 -6.49993846e+02 
 1.03838973e-05  6.32016584e+02  9.18302594e-03 -6.46102139e+02 
 1.03840224e-05  6.32016586e+02  9.76038080e-03 -6.41867479e+02 
 1.03841505e-05  6.32016589e+02  1.03480894e-02 -6.37275283e+02 
 1.03842814e-05  6.32016592e+02  1.09457798e-02 -6.32310365e+02 
 1.03844153e-05  6.32016595e+02  1.15530290e-02 -6.26957849e+02 
 1.03845522e-05  6.32016599e+02  1.21694633e-02 -6.21202307e+02 
 1.03846921e-05  6.32016602e+02  1.27946719e-02 -6.15028483e+02 
 1.03848349e-05  6.32016606e+02  1.34282776e-02 -6.08420581e+02 
 1.03849808e-05  6.32016611e+02  1.40698752e-02 -6.01362830e+02 
 1.03851298e-05  6.32016615e+02  1.47190820e-02 -5.93838902e+02 
 1.03852820e-05  6.32016620e+02  1.53754939e-02 -5.85832327e+02 
 1.03854374e-05  6.32016625e+02  1.60387215e-02 -5.77326007e+02 
 1.03855962e-05  6.32016631e+02  1.67083586e-02 -5.68302507e+02 
 1.03857583e-05  6.32016637e+02  1.73840082e-02 -5.58743629e+02 
 1.03859239e-05  6.32016643e+02  1.80652601e-02 -5.48630586e+02 
 1.03860932e-05  6.32016650e+02  1.87517099e-02 -5.37943600e+02 
 1.03862663e-05  6.32016657e+02  1.94429435e-02 -5.26661956e+02 
 1.03864433e-05  6.32016664e+02  2.01385506e-02 -5.14763587e+02 
 1.03866245e-05  6.32016672e+02  2.08381151e-02 -5.02224979e+02 
 1.03868100e-05  6.32016680e+02  2.15412255e-02 -4.89020679e+02 
 1.03870001e-05  6.32016689e+02  2.22474697e-02 -4.75123005e+02 
 1.03871951e-05  6.32016699e+02  2.29564446e-02 -4.60501371e+02 
 1.03873954e-05  6.32016709e+02  2.36677549e-02 -4.45121678e+02 
 1.03876012e-05  6.32016719e+02  2.43810248e-02 -4.28945274e+02 
 1.03878132e-05  6.32016730e+02  2.50959035e-02 -4.11927749e+02 
 1.03880319e-05  6.32016742e+02  2.58120826e-02 -3.94017106e+02 
 1.03882579e-05  6.32016755e+02  2.65293144e-02 -3.75151345e+02 
 1.03884922e-05  6.32016768e+02  2.72474464e-02 -3.55254807e+02 
 1.03887358e-05  6.32016782e+02  2.79664712e-02 -3.34232816e+02 
 1.03889901e-05  6.32016798e+02  2.86866118e-02 -3.11963193e+02 
 1.03892570e-05  6.32016814e+02  2.94084663e-02 -2.88282349e+02 
 1.03895393e-05  6.32016832e+02  3.01332779e-02 -2.62960740e+02 
 1.03898210e-05  6.32016850e+02  3.08169296e-02 -2.37455045e+02 
 1.03901023e-05  6.32016869e+02  3.14597376e-02 -2.11807791e+02 
 1.03903800e-05  6.32016888e+02  3.20547096e-02 -1.86382518e+02 
 1.03906559e-05  6.32016907e+02  3.26071806e-02 -1.61050384e+02 
 1.03909291e-05  6.32016926e+02  3.31158204e-02 -1.35964518e+02 
 1.03912010e-05  6.32016945e+02  3.35844113e-02 -1.11028598e+02 
 1.03914710e-05  6.32016964e+02  3.40123701e-02 -8.63583166e+01 
 1.03917399e-05  6.32016984e+02  3.44020979e-02 -6.19007375e+01 
 1.03920073e-05  6.32017004e+02  3.47534822e-02 -3.77470224e+01 
 1.03922738e-05  6.32017023e+02  3.50681575e-02 -1.38728132e+01 
 1.03925392e-05  6.32017043e+02  3.53465493e-02  9.66595960e+00 
 1.03928038e-05  6.32017063e+02  3.55897723e-02  3.28696049e+01 
 1.03930674e-05  6.32017083e+02  3.57984655e-02  5.57001306e+01 
 1.03933305e-05  6.32017103e+02  3.59735768e-02  7.81534129e+01 
 1.03935928e-05  6.32017123e+02  3.61158091e-02  1.00200616e+02 
 1.03938547e-05  6.32017144e+02  3.62260100e-02  1.21835947e+02 
 1.03941161e-05  6.32017164e+02  3.63049062e-02  1.43037176e+02 
 1.03943771e-05  6.32017184e+02  3.63532801e-02  1.63798095e+02 
 1.03946378e-05  6.32017204e+02  3.63718625e-02  1.84101716e+02 
 1.03948982e-05  6.32017224e+02  3.63613917e-02  2.03942224e+02 
 1.03951585e-05  6.32017244e+02  3.63225915e-02  2.23306877e+02 
 1.03954187e-05  6.32017264e+02  3.62561685e-02  2.42190771e+02 
 1.03956788e-05  6.32017285e+02  3.61628326e-02  2.60584710e+02 
 1.03959375e-05  6.32017304e+02  3.60439469e-02  2.78394077e+02 
 1.03961940e-05  6.32017324e+02  3.59012421e-02  2.95549122e+02 
 1.03964489e-05  6.32017343e+02  3.57355072e-02  3.12110884e+02 
 1.03967018e-05  6.32017363e+02  3.55482030e-02  3.28055801e+02 
 1.03969537e-05  6.32017382e+02  3.53397944e-02  3.43442943e+02 
 1.03972042e-05  6.32017400e+02  3.51115076e-02  3.58260465e+02 
 1.03974539e-05  6.32017419e+02  3.48637183e-02  3.72550057e+02 
 1.03977027e-05  6.32017437e+02  3.45974870e-02  3.86305725e+02 
 1.03979509e-05  6.32017456e+02  3.43131605e-02  3.99557539e+02 
 1.03981986e-05  6.32017474e+02  3.40116532e-02  4.12304317e+02 
 1.03984460e-05  6.32017491e+02  3.36932952e-02  4.24568967e+02 
 1.03986930e-05  6.32017509e+02  3.33588726e-02  4.36353809e+02 
 1.03989400e-05  6.32017526e+02  3.30087045e-02  4.47677091e+02 
 1.03991868e-05  6.32017544e+02  3.26434682e-02  4.58543480e+02 
 1.03994338e-05  6.32017561e+02  3.22634736e-02  4.68968124e+02 
 1.03996809e-05  6.32017578e+02  3.18693068e-02  4.78957240e+02 
 1.03999282e-05  6.32017594e+02  3.14612677e-02  4.88523918e+02 
 1.04001758e-05  6.32017611e+02  3.10398652e-02  4.97675401e+02 
 1.04004239e-05  6.32017627e+02  3.06053867e-02  5.06423426e+02 
 1.04006724e-05  6.32017643e+02  3.01582753e-02  5.14775918e+02 
 1.04009215e-05  6.32017659e+02  2.96988029e-02  5.22743735e+02 
 1.04011713e-05  6.32017675e+02  2.92273554e-02  5.30335259e+02 
 1.04014218e-05  6.32017690e+02  2.87441864e-02  5.37560779e+02 
 1.04016731e-05  6.32017705e+02  2.82496311e-02  5.44428987e+02 
 1.04019253e-05  6.32017720e+02  2.77439217e-02  5.50949812e+02 
 1.04021785e-05  6.32017735e+02  2.72273473e-02  5.57132159e+02 
 1.04024327e-05  6.32017750e+02  2.67001161e-02  5.62985732e+02 
 1.04026881e-05  6.32017764e+02  2.61624742e-02  5.68519583e+02 
 1.04029447e-05  6.32017778e+02  2.56146030e-02  5.73743277e+02 
 1.04032025e-05  6.32017792e+02  2.50567070e-02  5.78665971e+02 
 1.04034618e-05  6.32017806e+02  2.44889381e-02  5.83297146e+02 
 1.04037225e-05  6.32017819e+02  2.39114600e-02  5.87646029e+02 
 1.04039847e-05  6.32017832e+02  2.33243919e-02  5.91722050e+02 
 1.04042486e-05  6.32017845e+02  2.27278559e-02  5.95534479e+02 
 1.04045143e-05  6.32017858e+02  2.21219352e-02  5.99092715e+02 
 1.04047817e-05  6.32017870e+02  2.15067086e-02  6.02406051e+02 
 1.04050512e-05  6.32017882e+02  2.08822198e-02  6.05483855e+02 
 1.04053227e-05  6.32017894e+02  2.02485016e-02  6.08335426e+02 
 1.04055963e-05  6.32017906e+02  1.96055534e-02  6.10970102e+02 
 1.04058722e-05  6.32017917e+02  1.89533588e-02  6.13397166e+02 
 1.04061506e-05  6.32017928e+02  1.82918682e-02  6.15625914e+02 
 1.04064315e-05  6.32017939e+02  1.76210113e-02  6.17665597e+02 
 1.04067150e-05  6.32017949e+02  1.69406841e-02  6.19525453e+02 
 1.04070014e-05  6.32017960e+02  1.62507577e-02  6.21214674e+02 
 1.04072908e-05  6.32017969e+02  1.55510688e-02  6.22742421e+02 
 1.04075832e-05  6.32017979e+02  1.48414257e-02  6.24117798e+02 
 1.04078791e-05  6.32017988e+02  1.41216021e-02  6.25349857e+02 
 1.04081784e-05  6.32017997e+02  1.33913428e-02  6.26447578e+02 
 1.04084813e-05  6.32018005e+02  1.26503611e-02  6.27419863e+02 
 1.04087882e-05  6.32018013e+02  1.18983469e-02  6.28275517e+02 
 1.04090944e-05  6.32018021e+02  1.11464202e-02  6.29012852e+02 
 1.04094002e-05  6.32018028e+02  1.03944472e-02  6.29644869e+02 
 1.04097032e-05  6.32018034e+02  9.64843622e-03  6.30179457e+02 
 1.04100031e-05  6.32018040e+02  8.90917201e-03  6.30628927e+02 
 1.04102976e-05  6.32018045e+02  8.18248132e-03  6.31002126e+02 
 1.04105852e-05  6.32018050e+02  7.47248483e-03  6.31309020e+02 
 1.04108623e-05  6.32018054e+02  6.78777517e-03  6.31557570e+02 
 1.04111251e-05  6.32018058e+02  6.13816660e-03  6.31755605e+02 
 1.04113365e-05  6.32018061e+02  5.61526867e-03  6.31891362e+02 
 1.04113864e-05  6.32018061e+02  5.49195363e-03  6.31920562e+02 
 1.04114673e-05  6.32018062e+02  5.29163915e-03  6.31965829e+02 
 1.04115416e-05  6.32018063e+02  5.10803176e-03  6.32005046e+02 
 1.04116127e-05  6.32018064e+02  4.93209460e-03  6.32040659e+02 
 1.04116787e-05  6.32018064e+02  4.76866482e-03  6.32072077e+02 
 1.04117399e-05  6.32018065e+02  4.61718844e-03  6.32099813e+02 
 1.04118122e-05  6.32018066e+02  4.43841561e-03  6.32130891e+02 
 1.04118842e-05  6.32018066e+02  4.26018540e-03  6.32160150e+02 
 1.04119662e-05  6.32018067e+02  4.05712994e-03  6.32191464e+02 
 1.04120442e-05  6.32018068e+02  3.86417350e-03  6.32219299e+02 
 1.04121330e-05  6.32018068e+02  3.64439063e-03  6.32248816e+02 
 1.04122159e-05  6.32018069e+02  3.43924350e-03  6.32274347e+02 
 1.04123130e-05  6.32018070e+02  3.19882672e-03  6.32301887e+02 
 1.04124035e-05  6.32018070e+02  2.97466862e-03  6.32325346e+02 
 1.04125206e-05  6.32018071e+02  2.68484516e-03  6.32352643e+02 
 1.04126326e-05  6.32018072e+02  2.40744128e-03  6.32375708e+02 
 1.04127669e-05  6.32018072e+02  2.07501530e-03  6.32399585e+02 
 1.04128621e-05  6.32018073e+02  1.83906274e-03  6.32414140e+02 
 1.04129632e-05  6.32018073e+02  1.58875413e-03  6.32427483e+02 
 1.04130657e-05  6.32018073e+02  1.33489159e-03  6.32438870e+02 
 1.04131635e-05  6.32018074e+02  1.09266227e-03  6.32447768e+02 
 1.04132664e-05  6.32018074e+02  8.37993909e-04  6.32455095e+02 
 1.04134017e-05  6.32018074e+02  5.02802486e-04  6.32461639e+02 
 1.04134882e-05  6.32018074e+02  2.88542796e-04  6.32464005e+02 
 1.04135368e-05  6.32018074e+02  1.68379413e-04  6.32464719e+02 
 1.04135918e-05  6.32018074e+02  3.20808526e-05  6.32465000e+02 
 1.04136558e-05  6.32018074e+02 -1.26499048e-04  6.32464625e+02 
 1.04137300e-05  6.32018074e+02 -3.10087617e-04  6.32463253e+02 
 1.04138047e-05  6.32018074e+02 -4.95206053e-04  6.32460852e+02 
 1.04138884e-05  6.32018074e+02 -7.02425647e-04  6.32456949e+02 
 1.04139756e-05  6.32018074e+02 -9.18325800e-04  6.32451508e+02 
 1.04140875e-05  6.32018074e+02 -1.19563918e-03  6.32442429e+02 
 1.04142118e-05  6.32018073e+02 -1.50345263e-03  6.32429532e+02 
 1.04143016e-05  6.32018073e+02 -1.72577567e-03  6.32418313e+02 
 1.04144045e-05  6.32018072e+02 -1.98055516e-03  6.32403424e+02 
 1.04145019e-05  6.32018072e+02 -2.22174686e-03  6.32387256e+02 
 1.04146026e-05  6.32018071e+02 -2.47105481e-03  6.32368344e+02 
 1.04147102e-05  6.32018071e+02 -2.73744179e-03  6.32345561e+02 
 1.04148346e-05  6.32018070e+02 -3.04558512e-03  6.32315726e+02 
 1.04149949e-05  6.32018069e+02 -3.44242625e-03  6.32271482e+02 
 1.04150660e-05  6.32018068e+02 -3.61827057e-03  6.32249658e+02 
 1.04151679e-05  6.32018068e+02 -3.87056942e-03  6.32215841e+02 
 1.04152672e-05  6.32018067e+02 -4.11628544e-03  6.32179943e+02 
 1.04153440e-05  6.32018066e+02 -4.30643918e-03  6.32150060e+02 
 1.04154032e-05  6.32018066e+02 -4.45293129e-03  6.32125739e+02 
 1.04154631e-05  6.32018065e+02 -4.60127166e-03  6.32099920e+02 
 1.04155170e-05  6.32018064e+02 -4.73445307e-03  6.32075689e+02 
 1.04155689e-05  6.32018064e+02 -4.86287943e-03  6.32051356e+02 
 1.04156202e-05  6.32018063e+02 -4.99002153e-03  6.32026305e+02 
 1.04156734e-05  6.32018063e+02 -5.12145639e-03  6.31999377e+02 
 1.04157346e-05  6.32018062e+02 -5.27289423e-03  6.31967014e+02 
 1.04158028e-05  6.32018061e+02 -5.44155230e-03  6.31929235e+02 
 1.04158767e-05  6.32018061e+02 -5.62433006e-03  6.31886155e+02 
 1.04159545e-05  6.32018060e+02 -5.81687604e-03  6.31838278e+02 
 1.04160363e-05  6.32018059e+02 -6.01905530e-03  6.31785142e+02 
 1.04161212e-05  6.32018057e+02 -6.22896675e-03  6.31726742e+02 
 1.04162095e-05  6.32018056e+02 -6.44739312e-03  6.31662327e+02 
 1.04163007e-05  6.32018055e+02 -6.67286081e-03  6.31591765e+02 
 1.04163951e-05  6.32018054e+02 -6.90610832e-03  6.31514219e+02 
 1.04164921e-05  6.32018052e+02 -7.14584724e-03  6.31429471e+02 
 1.04165921e-05  6.32018051e+02 -7.39284886e-03  6.31336555e+02 
 1.04166946e-05  6.32018049e+02 -7.64597897e-03  6.31235153e+02 
 1.04167999e-05  6.32018047e+02 -7.90601865e-03  6.31124149e+02 
 1.04169076e-05  6.32018045e+02 -8.17200176e-03  6.31003090e+02 
 1.04171231e-05  6.32018042e+02 -8.70373447e-03  6.30736747e+02 
 1.04173563e-05  6.32018037e+02 -9.27887649e-03  6.30409028e+02 
 1.04176039e-05  6.32018032e+02 -9.88891134e-03  6.30011697e+02 
 1.04179381e-05  6.32018025e+02 -1.07113976e-02  6.29385245e+02 
 1.04182480e-05  6.32018017e+02 -1.14730126e-02  6.28700492e+02 
 1.04186036e-05  6.32018008e+02 -1.23452605e-02  6.27775749e+02 
 1.04189265e-05  6.32018000e+02 -1.31356337e-02  6.26791503e+02 
 1.04192664e-05  6.32017990e+02 -1.39655380e-02  6.25589166e+02 
 1.04195811e-05  6.32017980e+02 -1.47318265e-02  6.24307282e+02 
 1.04199047e-05  6.32017970e+02 -1.55171641e-02  6.22802940e+02 
 1.04202109e-05  6.32017959e+02 -1.62574922e-02  6.21189299e+02 
 1.04205220e-05  6.32017948e+02 -1.70068944e-02  6.19342601e+02 
 1.04208208e-05  6.32017937e+02 -1.77232376e-02  6.17357014e+02 
 1.04211220e-05  6.32017926e+02 -1.84420270e-02  6.15127322e+02 
 1.04214141e-05  6.32017914e+02 -1.91352510e-02  6.12730854e+02 
 1.04217071e-05  6.32017902e+02 -1.98264557e-02  6.10078870e+02 
 1.04219931e-05  6.32017890e+02 -2.04969634e-02  6.07233598e+02 
 1.04222791e-05  6.32017877e+02 -2.11624778e-02  6.04120636e+02 
 1.04225597e-05  6.32017864e+02 -2.18104942e-02  6.00789083e+02 
 1.04228396e-05  6.32017851e+02 -2.24515022e-02  5.97176845e+02 
 1.04231152e-05  6.32017838e+02 -2.30770865e-02  5.93321893e+02 
 1.04233898e-05  6.32017824e+02 -2.36942443e-02  5.89172539e+02 
 1.04236611e-05  6.32017810e+02 -2.42972776e-02  5.84757484e+02 
 1.04239311e-05  6.32017796e+02 -2.48908318e-02  5.80033717e+02 
 1.04241984e-05  6.32017782e+02 -2.54710175e-02  5.75022329e+02 
 1.04244644e-05  6.32017767e+02 -2.60408886e-02  5.69687461e+02 
 1.04247281e-05  6.32017752e+02 -2.65977589e-02  5.64044034e+02 
 1.04249906e-05  6.32017737e+02 -2.71436004e-02  5.58062027e+02 
 1.04252512e-05  6.32017722e+02 -2.76765246e-02  5.51751420e+02 
 1.04255106e-05  6.32017707e+02 -2.81977635e-02  5.45086926e+02 
 1.04257684e-05  6.32017691e+02 -2.87059547e-02  5.38074599e+02 
 1.04260252e-05  6.32017675e+02 -2.92018200e-02  5.30692967e+02 
 1.04262806e-05  6.32017659e+02 -2.96843402e-02  5.22945001e+02 
 1.04265351e-05  6.32017643e+02 -3.01538822e-02  5.14812282e+02 
 1.04267885e-05  6.32017627e+02 -3.06096456e-02  5.06295378e+02 
 1.04270411e-05  6.32017610e+02 -3.10517469e-02  4.97378300e+02 
 1.04272928e-05  6.32017593e+02 -3.14795206e-02  4.88059745e+02 
 1.04275438e-05  6.32017577e+02 -3.18929022e-02  4.78325646e+02 
 1.04277941e-05  6.32017559e+02 -3.22913035e-02  4.68173247e+02 
 1.04280440e-05  6.32017542e+02 -3.26745247e-02  4.57589970e+02 
 1.04282933e-05  6.32017525e+02 -3.30420149e-02  4.46571916e+02 
 1.04285423e-05  6.32017507e+02 -3.33934683e-02  4.35107634e+02 
 1.04287910e-05  6.32017489e+02 -3.37283419e-02  4.23192289e+02 
 1.04290396e-05  6.32017471e+02 -3.40462414e-02  4.10815230e+02 
 1.04292881e-05  6.32017453e+02 -3.43466096e-02  3.97970805e+02 
 1.04295366e-05  6.32017435e+02 -3.46289722e-02  3.84648850e+02 
 1.04297852e-05  6.32017417e+02 -3.48927387e-02  3.70842914e+02 
 1.04300341e-05  6.32017398e+02 -3.51373558e-02  3.56542987e+02 
 1.04302834e-05  6.32017380e+02 -3.53621815e-02  3.41741731e+02 
 1.04305332e-05  6.32017361e+02 -3.55665778e-02  3.26428903e+02 
 1.04307836e-05  6.32017342e+02 -3.57498310e-02  3.10596042e+02 
 1.04310349e-05  6.32017323e+02 -3.59112044e-02  2.94232178e+02 
 1.04312870e-05  6.32017303e+02 -3.60498876e-02  2.77327298e+02 
 1.04315404e-05  6.32017284e+02 -3.61650213e-02  2.59868998e+02 
 1.04317951e-05  6.32017264e+02 -3.62556635e-02  2.41844988e+02 
 1.04320513e-05  6.32017244e+02 -3.63207937e-02  2.23240378e+02 
 1.04323094e-05  6.32017224e+02 -3.63592859e-02  2.04039366e+02 
 1.04325696e-05  6.32017204e+02 -3.63698958e-02  1.84222896e+02 
 1.04328322e-05  6.32017184e+02 -3.63512306e-02  1.63769540e+02 
 1.04330972e-05  6.32017164e+02 -3.63018201e-02  1.42687210e+02 
 1.04333612e-05  6.32017143e+02 -3.62214449e-02  1.21266760e+02 
 1.04336265e-05  6.32017123e+02 -3.61087288e-02  9.93370903e+01 
 1.04338909e-05  6.32017102e+02 -3.59639916e-02  7.71075973e+01 
 1.04341563e-05  6.32017082e+02 -3.57855398e-02  5.44313746e+01 
 1.04344214e-05  6.32017062e+02 -3.55737789e-02  3.14660270e+01 
 1.04346875e-05  6.32017042e+02 -3.53269396e-02  8.11155634e+00 
 1.04349536e-05  6.32017022e+02 -3.50453989e-02 -1.55076602e+01 
 1.04352207e-05  6.32017002e+02 -3.47274461e-02 -3.94541842e+01 
 1.04354882e-05  6.32016983e+02 -3.43733587e-02 -6.36278390e+01 
 1.04357569e-05  6.32016963e+02 -3.39815292e-02 -8.80633374e+01 
 1.04360261e-05  6.32016944e+02 -3.35520964e-02 -1.12677608e+02 
 1.04362966e-05  6.32016925e+02 -3.30836101e-02 -1.37481810e+02 
 1.04365681e-05  6.32016906e+02 -3.25758802e-02 -1.62413089e+02 
 1.04368409e-05  6.32016887e+02 -3.20278019e-02 -1.87454132e+02 
 1.04371150e-05  6.32016868e+02 -3.14389296e-02 -2.12553056e+02 
 1.04373907e-05  6.32016850e+02 -3.08082075e-02 -2.37682136e+02 
 1.04376681e-05  6.32016832e+02 -3.01350749e-02 -2.62789723e+02 
 1.04379473e-05  6.32016814e+02 -2.94184818e-02 -2.87839690e+02 
 1.04382285e-05  6.32016797e+02 -2.86577528e-02 -3.12778427e+02 
 1.04385120e-05  6.32016780e+02 -2.78518035e-02 -3.37562160e+02 
 1.04387979e-05  6.32016763e+02 -2.69998218e-02 -3.62133882e+02 
 1.04390599e-05  6.32016749e+02 -2.61850444e-02 -3.84227212e+02 
 1.04393151e-05  6.32016735e+02 -2.53608531e-02 -4.05306049e+02 
 1.04395511e-05  6.32016722e+02 -2.45722016e-02 -4.24376783e+02 
 1.04397814e-05  6.32016710e+02 -2.37788484e-02 -4.42555224e+02 
 1.04399985e-05  6.32016699e+02 -2.30099225e-02 -4.59273446e+02 
 1.04402111e-05  6.32016689e+02 -2.22378461e-02 -4.75220819e+02 
 1.04404140e-05  6.32016680e+02 -2.14834133e-02 -4.90034643e+02 
 1.04406129e-05  6.32016671e+02 -2.07282257e-02 -5.04139164e+02 
 1.04408042e-05  6.32016663e+02 -1.99870915e-02 -5.17308299e+02 
 1.04409916e-05  6.32016655e+02 -1.92475868e-02 -5.29811424e+02 
 1.04411729e-05  6.32016647e+02 -1.85201217e-02 -5.41513548e+02 
 1.04413505e-05  6.32016641e+02 -1.77962700e-02 -5.52589924e+02 
 1.04415229e-05  6.32016634e+02 -1.70833256e-02 -5.62963691e+02 
 1.04416918e-05  6.32016628e+02 -1.63756046e-02 -5.72751238e+02 
 1.04418561e-05  6.32016623e+02 -1.56782306e-02 -5.81912048e+02 
 1.04420170e-05  6.32016617e+02 -1.49874133e-02 -5.90525364e+02 
 1.04421739e-05  6.32016612e+02 -1.43067719e-02 -5.98573185e+02 
 1.04423274e-05  6.32016608e+02 -1.36338233e-02 -6.06111256e+02 
 1.04424772e-05  6.32016604e+02 -1.29711478e-02 -6.13135407e+02 
 1.04426238e-05  6.32016600e+02 -1.23171635e-02 -6.19686511e+02 
 1.04427669e-05  6.32016596e+02 -1.16737376e-02 -6.25768777e+02 
 1.04429069e-05  6.32016593e+02 -1.10399108e-02 -6.31413660e+02 
 1.04430435e-05  6.32016590e+02 -1.04170646e-02 -6.36630367e+02 
 1.04431770e-05  6.32016587e+02 -9.80467217e-03 -6.41444384e+02 
 1.04433073e-05  6.32016584e+02 -9.20378955e-03 -6.45867830e+02 
 1.04434344e-05  6.32016582e+02 -8.61419342e-03 -6.49922409e+02 
 1.04435584e-05  6.32016579e+02 -8.03672836e-03 -6.53621885e+02 
 1.04436793e-05  6.32016577e+02 -7.47138971e-03 -6.56985566e+02 
 1.04437969e-05  6.32016576e+02 -6.91889308e-03 -6.60028106e+02 
 1.04439115e-05  6.32016574e+02 -6.37939956e-03 -6.62767295e+02 
 1.04440227e-05  6.32016573e+02 -5.85355855e-03 -6.65218243e+02 
 1.04441308e-05  6.32016571e+02 -5.34166815e-03 -6.67397783e+02 
 1.04442355e-05  6.32016570e+02 -4.84436365e-03 -6.69321236e+02 
 1.04443368e-05  6.32016569e+02 -4.36207191e-03 -6.71004845e+02 
 1.04444346e-05  6.32016568e+02 -3.89546400e-03 -6.72464023e+02 
 1.04445289e-05  6.32016568e+02 -3.44510839e-03 -6.73714661e+02 
 1.04446195e-05  6.32016567e+02 -3.01176968e-03 -6.74772222e+02 
 1.04447063e-05  6.32016566e+02 -2.59619876e-03 -6.75652415e+02 
 1.04447891e-05  6.32016566e+02 -2.19933645e-03 -6.76370762e+02 
 1.04448678e-05  6.32016566e+02 -1.82220485e-03 -6.76942932e+02 
 1.04449420e-05  6.32016565e+02 -1.46606599e-03 -6.77384558e+02 
 1.04450115e-05  6.32016565e+02 -1.13240852e-03 -6.77711414e+02 
 1.04450759e-05  6.32016565e+02 -8.23130155e-04 -6.77939375e+02 
 1.04451284e-05  6.32016565e+02 -5.71010950e-04 -6.78071838e+02 
 1.04451712e-05  6.32016565e+02 -3.65321036e-04 -6.78144413e+02 
 1.04452060e-05  6.32016565e+02 -1.98104564e-04 -6.78179915e+02 
 1.04452342e-05  6.32016565e+02 -6.25128818e-05 -6.78193230e+02 
 1.04452623e-05  6.32016565e+02  7.25558171e-05 -6.78192718e+02 
 1.04452914e-05  6.32016565e+02  2.12601584e-04 -6.78177670e+02 
 1.04453278e-05  6.32016565e+02  3.87431369e-04 -6.78138139e+02 
 1.04453716e-05  6.32016565e+02  5.97585138e-04 -6.78060130e+02 
 1.04454222e-05  6.32016565e+02  8.40987130e-04 -6.77928166e+02 
 1.04454790e-05  6.32016565e+02  1.11342892e-03 -6.77727466e+02 
 1.04455410e-05  6.32016565e+02  1.41136576e-03 -6.77443879e+02 
 1.04456079e-05  6.32016566e+02  1.73251725e-03 -6.77063142e+02 
 1.04456793e-05  6.32016566e+02  2.07495606e-03 -6.76571312e+02 
 1.04457549e-05  6.32016566e+02  2.43749704e-03 -6.75953932e+02 
 1.04458346e-05  6.32016567e+02  2.81893039e-03 -6.75196883e+02 
 1.04459181e-05  6.32016567e+02  3.21842888e-03 -6.74285589e+02 
 1.04460052e-05  6.32016568e+02  3.63507434e-03 -6.73205865e+02 
 1.04460960e-05  6.32016569e+02  4.06819197e-03 -6.71943134e+02 
 1.04461901e-05  6.32016569e+02  4.51703389e-03 -6.70483186e+02 
 1.04462877e-05  6.32016570e+02  4.98102238e-03 -6.68811454e+02 
 1.04463885e-05  6.32016572e+02  5.45952714e-03 -6.66913688e+02 
 1.04464925e-05  6.32016573e+02  5.95203793e-03 -6.64775313e+02 
 1.04465996e-05  6.32016574e+02  6.45800636e-03 -6.62382019e+02 
 1.04467098e-05  6.32016576e+02  6.97696849e-03 -6.59719202e+02 
 1.04468230e-05  6.32016578e+02  7.50843255e-03 -6.56772466e+02 
 1.04469392e-05  6.32016579e+02  8.05196604e-03 -6.53527151e+02 
 1.04470584e-05  6.32016582e+02  8.60711605e-03 -6.49968746e+02 
 1.04471806e-05  6.32016584e+02  9.17347100e-03 -6.46082493e+02 
 1.04473056e-05  6.32016586e+02  9.75060409e-03 -6.41853722e+02 
 1.04474336e-05  6.32016589e+02  1.03381169e-02 -6.37267524e+02 
 1.04475646e-05  6.32016592e+02  1.09355995e-02 -6.32309011e+02 
 1.04476984e-05  6.32016595e+02  1.15426606e-02 -6.26963047e+02 
 1.04478353e-05  6.32016599e+02  1.21588999e-02 -6.21214446e+02 
 1.04479751e-05  6.32016602e+02  1.27839291e-02 -6.15047742e+02 
 1.04481179e-05  6.32016606e+02  1.34173519e-02 -6.08447335e+02 
 1.04482638e-05  6.32016611e+02  1.40587792e-02 -6.01397293e+02 
 1.04484127e-05  6.32016615e+02  1.47078149e-02 -5.93881441e+02 
 1.04485649e-05  6.32016620e+02  1.53640665e-02 -5.85883188e+02 
 1.04487202e-05  6.32016625e+02  1.60271347e-02 -5.77385560e+02 
 1.04488789e-05  6.32016631e+02  1.66966217e-02 -5.68371028e+02 
 1.04490410e-05  6.32016637e+02  1.73721236e-02 -5.58821500e+02 
 1.04492066e-05  6.32016643e+02  1.80532362e-02 -5.48718120e+02 
 1.04493758e-05  6.32016650e+02  1.87395502e-02 -5.38041201e+02 
 1.04495488e-05  6.32016657e+02  1.94306556e-02 -5.26769984e+02 
 1.04497258e-05  6.32016664e+02  2.01261387e-02 -5.14882480e+02 
 1.04499069e-05  6.32016672e+02  2.08255864e-02 -5.02355156e+02 
 1.04500923e-05  6.32016680e+02  2.15285847e-02 -4.89162637e+02 
 1.04502824e-05  6.32016689e+02  2.22347236e-02 -4.75277244e+02 
 1.04504773e-05  6.32016699e+02  2.29435979e-02 -4.60668479e+02 
 1.04506775e-05  6.32016708e+02  2.36548138e-02 -4.45302279e+02 
 1.04508833e-05  6.32016719e+02  2.43679938e-02 -4.29140102e+02 
 1.04510951e-05  6.32016730e+02  2.50827877e-02 -4.12137620e+02 
 1.04513137e-05  6.32016742e+02  2.57988852e-02 -3.94243000e+02 
 1.04515396e-05  6.32016754e+02  2.65160383e-02 -3.75394411e+02 
 1.04517737e-05  6.32016768e+02  2.72340920e-02 -3.55516467e+02 
 1.04520172e-05  6.32016782e+02  2.79530365e-02 -3.34514842e+02 
 1.04522713e-05  6.32016797e+02  2.86730895e-02 -3.12267902e+02 
 1.04525381e-05  6.32016814e+02  2.93948419e-02 -2.88612867e+02 
 1.04528201e-05  6.32016832e+02  3.01195230e-02 -2.63321544e+02 
 1.04531020e-05  6.32016850e+02  3.08042185e-02 -2.37803576e+02 
 1.04533832e-05  6.32016869e+02  3.14473166e-02 -2.12171975e+02 
 1.04536610e-05  6.32016887e+02  3.20432452e-02 -1.86733493e+02 
 1.04539369e-05  6.32016906e+02  3.25961158e-02 -1.61411282e+02 
 1.04542102e-05  6.32016926e+02  3.31055483e-02 -1.36315397e+02 
 1.04544821e-05  6.32016945e+02  3.35745896e-02 -1.11385627e+02 
 1.04547521e-05  6.32016964e+02  3.40032336e-02 -8.67073311e+01 
 1.04550210e-05  6.32016984e+02  3.43934414e-02 -6.22527768e+01 
 1.04552885e-05  6.32017003e+02  3.47454400e-02 -3.80920975e+01 
 1.04555550e-05  6.32017023e+02  3.50606074e-02 -1.42184018e+01 
 1.04558204e-05  6.32017043e+02  3.53395619e-02  9.32675931e+00 
 1.04560850e-05  6.32017063e+02  3.55832756e-02  3.25317641e+01 
 1.04563487e-05  6.32017083e+02  3.57924926e-02  5.53684605e+01 
 1.04566118e-05  6.32017103e+02  3.59680850e-02  7.78245362e+01 
 1.04568741e-05  6.32017123e+02  3.61108099e-02  9.98778890e+01 
 1.04571360e-05  6.32017143e+02  3.62214779e-02  1.21517117e+02 
 1.04573974e-05  6.32017164e+02  3.63008402e-02  1.42724587e+02 
 1.04576584e-05  6.32017184e+02  3.63496643e-02  1.63490260e+02 
 1.04579191e-05  6.32017204e+02  3.63686892e-02  1.83800270e+02 
 1.04581796e-05  6.32017224e+02  3.63586504e-02  2.03646200e+02 
 1.04584399e-05  6.32017244e+02  3.63202711e-02  2.23017392e+02 
 1.04587000e-05  6.32017264e+02  3.62542611e-02  2.41907248e+02 
 1.04589601e-05  6.32017284e+02  3.61613259e-02  2.60307878e+02 
 1.04592190e-05  6.32017304e+02  3.60428058e-02  2.78127054e+02 
 1.04594754e-05  6.32017324e+02  3.59004651e-02  2.95289491e+02 
 1.04597304e-05  6.32017343e+02  3.57350609e-02  3.11860440e+02 
 1.04599834e-05  6.32017362e+02  3.55480917e-02  3.27812531e+02 
 1.04602352e-05  6.32017381e+02  3.53399891e-02  3.43207991e+02 
 1.04604857e-05  6.32017400e+02  3.51120133e-02  3.58032463e+02 
 1.04607355e-05  6.32017419e+02  3.48645097e-02  3.72329757e+02 
 1.04609843e-05  6.32017437e+02  3.45985682e-02  3.86092198e+02 
 1.04612326e-05  6.32017455e+02  3.43145101e-02  3.99351257e+02 
 1.04614802e-05  6.32017473e+02  3.40132738e-02  4.12104635e+02 
 1.04617276e-05  6.32017491e+02  3.36951689e-02  4.24376165e+02 
 1.04619747e-05  6.32017509e+02  3.33610008e-02  4.36167428e+02 
 1.04622216e-05  6.32017526e+02  3.30110722e-02  4.47497281e+02 
 1.04624685e-05  6.32017543e+02  3.26460757e-02  4.58369906e+02 
 1.04627155e-05  6.32017560e+02  3.22663084e-02  4.68800850e+02 
 1.04629625e-05  6.32017577e+02  3.18723684e-02  4.78796011e+02 
 1.04632098e-05  6.32017594e+02  3.14645455e-02  4.88368741e+02 
 1.04634575e-05  6.32017610e+02  3.10433581e-02  4.97526073e+02 
 1.04637055e-05  6.32017627e+02  3.06090859e-02  5.06279917e+02 
 1.04639541e-05  6.32017643e+02  3.01621791e-02  5.14638060e+02 
 1.04642032e-05  6.32017659e+02  2.97029041e-02  5.22611471e+02 
 1.04644529e-05  6.32017674e+02  2.92316521e-02  5.30208443e+02 
 1.04647034e-05  6.32017690e+02  2.87486724e-02  5.37439335e+02 
 1.04649547e-05  6.32017705e+02  2.82543045e-02  5.44312784e+02 
 1.04652069e-05  6.32017720e+02  2.77487774e-02  5.50838762e+02 
 1.04654601e-05  6.32017735e+02  2.72323834e-02  5.57026139e+02 
 1.04657143e-05  6.32017749e+02  2.67053285e-02  5.62884644e+02 
 1.04659696e-05  6.32017764e+02  2.61678612e-02  5.68423308e+02 
 1.04662262e-05  6.32017778e+02  2.56201613e-02  5.73651714e+02 
 1.04664840e-05  6.32017792e+02  2.50624352e-02  5.78579001e+02 
 1.04667432e-05  6.32017805e+02  2.44948339e-02  5.83214662e+02 
 1.04670039e-05  6.32017819e+02  2.39175224e-02  5.87567914e+02 
 1.04672662e-05  6.32017832e+02  2.33306193e-02  5.91648192e+02 
 1.04675300e-05  6.32017845e+02  2.27342479e-02  5.95464762e+02 
 1.04677957e-05  6.32017858e+02  2.21284912e-02  5.99027023e+02 
 1.04680631e-05  6.32017870e+02  2.15134289e-02  6.02344265e+02 
 1.04683325e-05  6.32017882e+02  2.08891046e-02  6.05425859e+02 
 1.04686040e-05  6.32017894e+02  2.02555521e-02  6.08281099e+02 
 1.04688776e-05  6.32017906e+02  1.96127711e-02  6.10919324e+02 
 1.04691535e-05  6.32017917e+02  1.89607459e-02  6.13349816e+02 
 1.04694318e-05  6.32017928e+02  1.82994274e-02  6.15581870e+02 
 1.04697126e-05  6.32017939e+02  1.76287460e-02  6.17624734e+02 
 1.04699961e-05  6.32017949e+02  1.69485987e-02  6.19487647e+02 
 1.04702824e-05  6.32017959e+02  1.62588573e-02  6.21179799e+02 
 1.04705717e-05  6.32017969e+02  1.55593595e-02  6.22710351e+02 
 1.04708642e-05  6.32017979e+02  1.48499148e-02  6.24088405e+02 
 1.04711599e-05  6.32017988e+02  1.41302981e-02  6.25323012e+02 
 1.04714591e-05  6.32017997e+02  1.34002556e-02  6.26423151e+02 
 1.04717620e-05  6.32018005e+02  1.26595022e-02  6.27397724e+02 
 1.04720688e-05  6.32018013e+02  1.19077293e-02  6.28255534e+02 
 1.04723752e-05  6.32018020e+02  1.11554067e-02  6.28995453e+02 
 1.04726811e-05  6.32018027e+02  1.04033491e-02  6.29629494e+02 
 1.04729843e-05  6.32018034e+02  9.65677901e-03  6.30166194e+02 
 1.04732844e-05  6.32018040e+02  8.91707714e-03  6.30617403e+02 
 1.04735792e-05  6.32018045e+02  8.18964961e-03  6.30992228e+02 
 1.04738671e-05  6.32018050e+02  7.47878837e-03  6.31300525e+02 
 1.04741447e-05  6.32018054e+02  6.79277912e-03  6.31550365e+02 
 1.04744083e-05  6.32018058e+02  6.14135171e-03  6.31749566e+02 
 1.04746213e-05  6.32018061e+02  5.61441273e-03  6.31886706e+02 
 1.04746722e-05  6.32018061e+02  5.48870614e-03  6.31916520e+02 
 1.04747543e-05  6.32018062e+02  5.28561741e-03  6.31962453e+02 
 1.04748291e-05  6.32018063e+02  5.10040458e-03  6.32002023e+02 
 1.04748954e-05  6.32018064e+02  4.93643904e-03  6.32035272e+02 
 1.04749845e-05  6.32018065e+02  4.71599619e-03  6.32077439e+02 
 1.04750678e-05  6.32018065e+02  4.50983176e-03  6.32114346e+02 
 1.04751321e-05  6.32018066e+02  4.35070695e-03  6.32141226e+02 
 1.04752139e-05  6.32018067e+02  4.14834146e-03  6.32173464e+02 
 1.04752912e-05  6.32018067e+02  3.95692893e-03  6.32202024e+02 
 1.04753772e-05  6.32018068e+02  3.74408983e-03  6.32231662e+02 
 1.04754590e-05  6.32018069e+02  3.54157913e-03  6.32257871e+02 
 1.04755523e-05  6.32018069e+02  3.31054553e-03  6.32285496e+02 
 1.04756407e-05  6.32018070e+02  3.09167582e-03  6.32309521e+02 
 1.04757472e-05  6.32018071e+02  2.82804922e-03  6.32335805e+02 
 1.04758504e-05  6.32018071e+02  2.57269119e-03  6.32358616e+02 
 1.04760426e-05  6.32018072e+02  2.09677670e-03  6.32394553e+02 
 1.04761286e-05  6.32018073e+02  1.88380398e-03  6.32407981e+02 
 1.04762180e-05  6.32018073e+02  1.66237773e-03  6.32420272e+02 
 1.04763394e-05  6.32018073e+02  1.36164007e-03  6.32434317e+02 
 1.04764405e-05  6.32018074e+02  1.11128865e-03  6.32443739e+02 
 1.04765437e-05  6.32018074e+02  8.55668684e-04  6.32451281e+02 
 1.04766737e-05  6.32018074e+02  5.33788987e-04  6.32457856e+02 
 1.04767448e-05  6.32018074e+02  3.57782512e-04  6.32460093e+02 
 1.04768065e-05  6.32018074e+02  2.04851275e-04  6.32461267e+02 
 1.04768631e-05  6.32018074e+02  6.47242023e-05  6.32461719e+02 
 1.04769267e-05  6.32018074e+02 -9.26396027e-05  6.32461521e+02 
 1.04769991e-05  6.32018074e+02 -2.71937347e-04  6.32460390e+02 
 1.04770784e-05  6.32018074e+02 -4.68352802e-04  6.32458046e+02 
 1.04771606e-05  6.32018074e+02 -6.72041712e-04  6.32454392e+02 
 1.04772534e-05  6.32018074e+02 -9.01887792e-04  6.32448764e+02 
 1.04773597e-05  6.32018074e+02 -1.16497504e-03  6.32440334e+02 
 1.04775349e-05  6.32018073e+02 -1.59907015e-03  6.32421659e+02 
 1.04776152e-05  6.32018073e+02 -1.79793065e-03  6.32411049e+02 
 1.04777137e-05  6.32018072e+02 -2.04174661e-03  6.32396208e+02 
 1.04778222e-05  6.32018072e+02 -2.31035788e-03  6.32377441e+02 
 1.04779349e-05  6.32018071e+02 -2.58940308e-03  6.32355146e+02 
 1.04780501e-05  6.32018071e+02 -2.87470023e-03  6.32329267e+02 
 1.04781834e-05  6.32018070e+02 -3.20459615e-03  6.32295246e+02 
 1.04782884e-05  6.32018069e+02 -3.46469159e-03  6.32265156e+02 
 1.04784318e-05  6.32018068e+02 -3.81953336e-03  6.32219181e+02 
 1.04785777e-05  6.32018067e+02 -4.18078159e-03  6.32166159e+02 
 1.04786414e-05  6.32018066e+02 -4.33832357e-03  6.32140950e+02 
 1.04787223e-05  6.32018065e+02 -4.53856923e-03  6.32106994e+02 
 1.04788064e-05  6.32018064e+02 -4.74660767e-03  6.32069359e+02 
 1.04788885e-05  6.32018064e+02 -4.94980317e-03  6.32030183e+02 
 1.04789337e-05  6.32018063e+02 -5.06154556e-03  6.32007585e+02 
 1.04789917e-05  6.32018062e+02 -5.20518802e-03  6.31977402e+02 
 1.04790590e-05  6.32018062e+02 -5.37161893e-03  6.31940791e+02 
 1.04791592e-05  6.32018061e+02 -5.61947000e-03  6.31882880e+02 
 1.04792617e-05  6.32018059e+02 -5.87307191e-03  6.31819237e+02 
 1.04793342e-05  6.32018058e+02 -6.05227633e-03  6.31771461e+02 
 1.04794277e-05  6.32018057e+02 -6.28335698e-03  6.31706274e+02 
 1.04795217e-05  6.32018056e+02 -6.51572971e-03  6.31636478e+02 
 1.04796122e-05  6.32018055e+02 -6.73940730e-03  6.31565088e+02 
 1.04797083e-05  6.32018053e+02 -6.97711905e-03  6.31484488e+02 
 1.04798047e-05  6.32018052e+02 -7.21514731e-03  6.31398671e+02 
 1.04799069e-05  6.32018050e+02 -7.46777371e-03  6.31301732e+02 
 1.04800092e-05  6.32018048e+02 -7.72033613e-03  6.31198495e+02 
 1.04801167e-05  6.32018047e+02 -7.98587261e-03  6.31082804e+02 
 1.04802243e-05  6.32018045e+02 -8.25138239e-03  6.30959432e+02 
 1.04804394e-05  6.32018041e+02 -8.78216454e-03  6.30688186e+02 
 1.04806696e-05  6.32018036e+02 -9.34970288e-03  6.30358796e+02 
 1.04809194e-05  6.32018031e+02 -9.96527054e-03  6.29950755e+02 
 1.04812512e-05  6.32018024e+02 -1.07817755e-02  6.29318322e+02 
 1.04815632e-05  6.32018017e+02 -1.15483738e-02  6.28617957e+02 
 1.04819172e-05  6.32018008e+02 -1.24164755e-02  6.27683308e+02 
 1.04822405e-05  6.32017999e+02 -1.32075410e-02  6.26683829e+02 
 1.04825791e-05  6.32017989e+02 -1.40339929e-02  6.25470008e+02 
 1.04828938e-05  6.32017979e+02 -1.48000384e-02  6.24171932e+02 
 1.04832164e-05  6.32017969e+02 -1.55827586e-02  6.22654203e+02 
 1.04835225e-05  6.32017958e+02 -1.63225683e-02  6.21022931e+02 
 1.04838329e-05  6.32017947e+02 -1.70699264e-02  6.19160841e+02 
 1.04841315e-05  6.32017936e+02 -1.77855939e-02  6.17156126e+02 
 1.04844322e-05  6.32017925e+02 -1.85026987e-02  6.14909087e+02 
 1.04847241e-05  6.32017913e+02 -1.91951396e-02  6.12492010e+02 
 1.04850166e-05  6.32017901e+02 -1.98848903e-02  6.09820780e+02 
 1.04853025e-05  6.32017889e+02 -2.05545426e-02  6.06953426e+02 
 1.04855881e-05  6.32017876e+02 -2.12187529e-02  6.03819368e+02 
 1.04858685e-05  6.32017863e+02 -2.18658629e-02  6.00464257e+02 
 1.04861481e-05  6.32017850e+02 -2.25056618e-02  5.96829125e+02 
 1.04864235e-05  6.32017836e+02 -2.31303001e-02  5.92949138e+02 
 1.04866979e-05  6.32017823e+02 -2.37463050e-02  5.88775141e+02 
 1.04869690e-05  6.32017809e+02 -2.43483575e-02  5.84333577e+02 
 1.04872388e-05  6.32017795e+02 -2.49407868e-02  5.79583468e+02 
 1.04875059e-05  6.32017780e+02 -2.55199576e-02  5.74544104e+02 
 1.04877718e-05  6.32017766e+02 -2.60887109e-02  5.69181245e+02 
 1.04880353e-05  6.32017751e+02 -2.66445306e-02  5.63508385e+02 
 1.04882977e-05  6.32017736e+02 -2.71892450e-02  5.57496790e+02 
 1.04885581e-05  6.32017721e+02 -2.77210796e-02  5.51155309e+02 
 1.04888174e-05  6.32017705e+02 -2.82411692e-02  5.44459672e+02 
 1.04890751e-05  6.32017690e+02 -2.87482275e-02  5.37415050e+02 
 1.04893318e-05  6.32017674e+02 -2.92429108e-02  5.30000767e+02 
 1.04895871e-05  6.32017658e+02 -2.97242499e-02  5.22219105e+02 
 1.04898415e-05  6.32017642e+02 -3.01925675e-02  5.14052269e+02 
 1.04900948e-05  6.32017625e+02 -3.06470964e-02  5.05500292e+02 
 1.04903473e-05  6.32017609e+02 -3.10879228e-02  4.96547667e+02 
 1.04905989e-05  6.32017592e+02 -3.15144027e-02  4.87192683e+02 
 1.04908499e-05  6.32017575e+02 -3.19264509e-02  4.77421642e+02 
 1.04911002e-05  6.32017558e+02 -3.23234930e-02  4.67231473e+02 
 1.04913500e-05  6.32017541e+02 -3.27053146e-02  4.56609886e+02 
 1.04915993e-05  6.32017523e+02 -3.30713733e-02  4.45552734e+02 
 1.04918483e-05  6.32017506e+02 -3.34213529e-02  4.34048786e+02 
 1.04920970e-05  6.32017488e+02 -3.37547152e-02  4.22093015e+02 
 1.04923456e-05  6.32017470e+02 -3.40710584e-02  4.09674934e+02 
 1.04925940e-05  6.32017452e+02 -3.43698271e-02  3.96788739e+02 
 1.04928426e-05  6.32017434e+02 -3.46505412e-02  3.83424381e+02 
 1.04930912e-05  6.32017415e+02 -3.49126103e-02  3.69575284e+02 
 1.04933402e-05  6.32017397e+02 -3.51554758e-02  3.55231516e+02 
 1.04935895e-05  6.32017378e+02 -3.53784944e-02  3.40385625e+02 
 1.04938393e-05  6.32017359e+02 -3.55810228e-02  3.25027408e+02 
 1.04940898e-05  6.32017340e+02 -3.57623447e-02  3.09148296e+02 
 1.04943411e-05  6.32017321e+02 -3.59217178e-02  2.92737313e+02 
 1.04945934e-05  6.32017302e+02 -3.60583271e-02  2.75784326e+02 
 1.04948469e-05  6.32017282e+02 -3.61713068e-02  2.58276880e+02 
 1.04951017e-05  6.32017262e+02 -3.62597081e-02  2.40202527e+02 
 1.04953581e-05  6.32017243e+02 -3.63225020e-02  2.21546261e+02 
 1.04956164e-05  6.32017223e+02 -3.63585529e-02  2.02292059e+02 
 1.04958768e-05  6.32017203e+02 -3.63666041e-02  1.82420640e+02 
 1.04961396e-05  6.32017182e+02 -3.63452482e-02  1.61910238e+02 
 1.04964046e-05  6.32017162e+02 -3.62931013e-02  1.40799726e+02 
 1.04966687e-05  6.32017141e+02 -3.62098809e-02  1.19333147e+02 
 1.04969339e-05  6.32017121e+02 -3.60943385e-02  9.73784419e+01 
 1.04971983e-05  6.32017101e+02 -3.59466317e-02  7.51087305e+01 
 1.04974638e-05  6.32017080e+02 -3.57652455e-02  5.24081163e+01 
 1.04977289e-05  6.32017060e+02 -3.55503941e-02  2.94079110e+01 
 1.04979950e-05  6.32017040e+02 -3.53005011e-02  6.03095651e+00 
 1.04982612e-05  6.32017020e+02 -3.50157527e-02 -1.76174688e+01 
 1.04985284e-05  6.32017001e+02 -3.46946225e-02 -4.15833394e+01 
 1.04987960e-05  6.32016981e+02 -3.43372116e-02 -6.57802885e+01 
 1.04990647e-05  6.32016961e+02 -3.39420776e-02 -9.02309989e+01 
 1.04993340e-05  6.32016942e+02 -3.35092778e-02 -1.14858293e+02 
 1.04996047e-05  6.32016923e+02 -3.30371748e-02 -1.39682192e+02 
 1.04998762e-05  6.32016904e+02 -3.25260692e-02 -1.64614690e+02 
 1.05001492e-05  6.32016885e+02 -3.19742560e-02 -1.89667528e+02 
 1.05004234e-05  6.32016867e+02 -3.13818565e-02 -2.14762741e+02 
 1.05006993e-05  6.32016849e+02 -3.07472845e-02 -2.39894870e+02 
 1.05009768e-05  6.32016831e+02 -3.00704572e-02 -2.64992940e+02 
 1.05012562e-05  6.32016813e+02 -2.93498903e-02 -2.90036672e+02 
 1.05015376e-05  6.32016796e+02 -2.85852931e-02 -3.14958671e+02 
 1.05018213e-05  6.32016779e+02 -2.77752305e-02 -3.39726264e+02 
 1.05021074e-05  6.32016762e+02 -2.69191936e-02 -3.64272710e+02 
 1.05023671e-05  6.32016747e+02 -2.61086040e-02 -3.86130710e+02 
 1.05026220e-05  6.32016733e+02 -2.52828236e-02 -4.07138575e+02 
 1.05028563e-05  6.32016721e+02 -2.44979376e-02 -4.26021476e+02 
 1.05030863e-05  6.32016709e+02 -2.37036098e-02 -4.44132634e+02 
 1.05033021e-05  6.32016699e+02 -2.29373071e-02 -4.60713508e+02 
 1.05035144e-05  6.32016688e+02 -2.21646106e-02 -4.76598219e+02 
 1.05037164e-05  6.32016679e+02 -2.14121127e-02 -4.91304861e+02 
 1.05039149e-05  6.32016670e+02 -2.06566705e-02 -5.05348643e+02 
 1.05041055e-05  6.32016662e+02 -1.99170807e-02 -5.18429462e+02 
 1.05042927e-05  6.32016654e+02 -1.91776297e-02 -5.30873833e+02 
 1.05044734e-05  6.32016647e+02 -1.84514734e-02 -5.42500648e+02 
 1.05046507e-05  6.32016640e+02 -1.77279147e-02 -5.53520851e+02 
 1.05048226e-05  6.32016634e+02 -1.70161372e-02 -5.63828849e+02 
 1.05049912e-05  6.32016628e+02 -1.63088951e-02 -5.73563217e+02 
 1.05051551e-05  6.32016622e+02 -1.56126095e-02 -5.82665590e+02 
 1.05053157e-05  6.32016617e+02 -1.49224191e-02 -5.91228925e+02 
 1.05054721e-05  6.32016612e+02 -1.42428314e-02 -5.99224197e+02 
 1.05056254e-05  6.32016608e+02 -1.35706311e-02 -6.06715571e+02 
 1.05057748e-05  6.32016603e+02 -1.29090048e-02 -6.13692108e+02 
 1.05059211e-05  6.32016599e+02 -1.22558721e-02 -6.20199806e+02 
 1.05060639e-05  6.32016596e+02 -1.16135121e-02 -6.26238753e+02 
 1.05062036e-05  6.32016592e+02 -1.09806280e-02 -6.31843492e+02 
 1.05063399e-05  6.32016589e+02 -1.03588802e-02 -6.37020742e+02 
 1.05064731e-05  6.32016587e+02 -9.74751413e-03 -6.41797825e+02 
 1.05066031e-05  6.32016584e+02 -9.14777419e-03 -6.46185377e+02 
 1.05067300e-05  6.32016582e+02 -8.55928466e-03 -6.50206176e+02 
 1.05068537e-05  6.32016579e+02 -7.98301665e-03 -6.53873112e+02 
 1.05069743e-05  6.32016577e+02 -7.41886459e-03 -6.57206110e+02 
 1.05070916e-05  6.32016576e+02 -6.86762901e-03 -6.60219317e+02 
 1.05072058e-05  6.32016574e+02 -6.32940517e-03 -6.62930871e+02 
 1.05073168e-05  6.32016573e+02 -5.80489969e-03 -6.65355589e+02 
 1.05074245e-05  6.32016571e+02 -5.29436883e-03 -6.67510496e+02 
 1.05075289e-05  6.32016570e+02 -4.79848702e-03 -6.69410752e+02 
 1.05076299e-05  6.32016569e+02 -4.31765608e-03 -6.71072697e+02 
 1.05077275e-05  6.32016568e+02 -3.85257503e-03 -6.72511658e+02 
 1.05078214e-05  6.32016568e+02 -3.40379950e-03 -6.73743577e+02 
 1.05079117e-05  6.32016567e+02 -2.97211621e-03 -6.74783871e+02 
 1.05079981e-05  6.32016566e+02 -2.55827334e-03 -6.75648276e+02 
 1.05080805e-05  6.32016566e+02 -2.16323278e-03 -6.76352293e+02 
 1.05081588e-05  6.32016566e+02 -1.78802466e-03 -6.76911607e+02 
 1.05082326e-05  6.32016565e+02 -1.43393774e-03 -6.77341847e+02 
 1.05083016e-05  6.32016565e+02 -1.10248564e-03 -6.77658801e+02 
 1.05083655e-05  6.32016565e+02 -7.95613179e-04 -6.77878354e+02 
 1.05084173e-05  6.32016565e+02 -5.46557670e-04 -6.78004335e+02 
 1.05084594e-05  6.32016565e+02 -3.44457879e-04 -6.78072197e+02 
 1.05084934e-05  6.32016565e+02 -1.81348555e-04 -6.78104516e+02 
 1.05085215e-05  6.32016565e+02 -4.61277983e-05 -6.78116106e+02 
 1.05085498e-05  6.32016565e+02  8.98425143e-05 -6.78113866e+02 
 1.05085789e-05  6.32016565e+02  2.29819691e-04 -6.78097004e+02 
 1.05086169e-05  6.32016565e+02  4.12324165e-04 -6.78052839e+02 
 1.05086609e-05  6.32016565e+02  6.23421921e-04 -6.77970438e+02 
 1.05087129e-05  6.32016565e+02  8.73273184e-04 -6.77829494e+02 
 1.05087698e-05  6.32016565e+02  1.14658032e-03 -6.77621400e+02 
 1.05088329e-05  6.32016565e+02  1.44934901e-03 -6.77325068e+02 
 1.05089000e-05  6.32016566e+02  1.77147615e-03 -6.76933791e+02 
 1.05089722e-05  6.32016566e+02  2.11772836e-03 -6.76425754e+02 
 1.05090481e-05  6.32016566e+02  2.48140976e-03 -6.75794460e+02 
 1.05091284e-05  6.32016567e+02  2.86598499e-03 -6.75017863e+02 
 1.05092121e-05  6.32016567e+02  3.26673725e-03 -6.74089134e+02 
 1.05092999e-05  6.32016568e+02  3.68603961e-03 -6.72986607e+02 
 1.05093909e-05  6.32016569e+02  4.12046757e-03 -6.71702850e+02 
 1.05094856e-05  6.32016570e+02  4.57160078e-03 -6.70216894e+02 
 1.05095834e-05  6.32016571e+02  5.03691454e-03 -6.68520519e+02 
 1.05096847e-05  6.32016572e+02  5.51742753e-03 -6.66593554e+02 
 1.05097890e-05  6.32016573e+02  6.01124932e-03 -6.64426913e+02 
 1.05098966e-05  6.32016575e+02  6.51900071e-03 -6.62001222e+02 
 1.05100071e-05  6.32016576e+02  7.03923876e-03 -6.59306519e+02 
 1.05101207e-05  6.32016578e+02  7.57230105e-03 -6.56324162e+02 
 1.05102373e-05  6.32016580e+02  8.11706039e-03 -6.53043348e+02 
 1.05103568e-05  6.32016582e+02  8.67365217e-03 -6.49446056e+02 
 1.05104793e-05  6.32016584e+02  9.24117200e-03 -6.45520691e+02 
 1.05106047e-05  6.32016587e+02  9.81961023e-03 -6.41249716e+02 
 1.05107331e-05  6.32016590e+02  1.04082189e-02 -6.36620781e+02 
 1.05108644e-05  6.32016593e+02  1.10068835e-02 -6.31616680e+02 
 1.05109986e-05  6.32016596e+02  1.16149651e-02 -6.26224325e+02 
 1.05111358e-05  6.32016599e+02  1.22322727e-02 -6.20426665e+02 
 1.05112759e-05  6.32016603e+02  1.28582420e-02 -6.14209858e+02 
 1.05114191e-05  6.32016607e+02  1.34926251e-02 -6.07556813e+02 
 1.05115654e-05  6.32016611e+02  1.41349081e-02 -6.00452864e+02 
 1.05117147e-05  6.32016616e+02  1.47847996e-02 -5.92880646e+02 
 1.05118672e-05  6.32016621e+02  1.54418187e-02 -5.84824543e+02 
 1.05120230e-05  6.32016626e+02  1.61056401e-02 -5.76266620e+02 
 1.05121820e-05  6.32016632e+02  1.67758033e-02 -5.67190087e+02 
 1.05123445e-05  6.32016638e+02  1.74519564e-02 -5.57576063e+02 
 1.05125106e-05  6.32016644e+02  1.81336509e-02 -5.47406224e+02 
 1.05126803e-05  6.32016651e+02  1.88205142e-02 -5.36660219e+02 
 1.05128537e-05  6.32016658e+02  1.95121048e-02 -5.25317639e+02 
 1.05130312e-05  6.32016665e+02  2.02080352e-02 -5.13355904e+02 
 1.05132128e-05  6.32016673e+02  2.09078701e-02 -5.00751655e+02 
 1.05133988e-05  6.32016681e+02  2.16112144e-02 -4.87478942e+02 
 1.05135894e-05  6.32016690e+02  2.23176429e-02 -4.73510071e+02 
 1.05137849e-05  6.32016700e+02  2.30267645e-02 -4.58813911e+02 
 1.05139858e-05  6.32016710e+02  2.37381760e-02 -4.43356145e+02 
 1.05141923e-05  6.32016720e+02  2.44515118e-02 -4.27097420e+02 
 1.05144049e-05  6.32016732e+02  2.51664179e-02 -4.09992798e+02 
 1.05146243e-05  6.32016743e+02  2.58825967e-02 -3.91989250e+02 
 1.05148511e-05  6.32016756e+02  2.65998036e-02 -3.73023683e+02 
 1.05150863e-05  6.32016770e+02  2.73179025e-02 -3.53018667e+02 
 1.05153310e-05  6.32016784e+02  2.80369014e-02 -3.31877254e+02 
 1.05155865e-05  6.32016799e+02  2.87570565e-02 -3.09473688e+02 
 1.05158549e-05  6.32016816e+02  2.94790145e-02 -2.85639051e+02 
 1.05161390e-05  6.32016834e+02  3.02041106e-02 -2.60134825e+02 
 1.05164194e-05  6.32016852e+02  3.08803706e-02 -2.34727690e+02 
 1.05167016e-05  6.32016871e+02  3.15207477e-02 -2.08994501e+02 
 1.05169780e-05  6.32016890e+02  3.21089394e-02 -1.83674018e+02 
 1.05172545e-05  6.32016909e+02  3.26583050e-02 -1.58293635e+02 
 1.05175269e-05  6.32016928e+02  3.31612838e-02 -1.33291252e+02 
 1.05177992e-05  6.32016947e+02  3.36264777e-02 -1.08331665e+02 
 1.05180685e-05  6.32016967e+02  3.40495193e-02 -8.37313333e+01 
 1.05183377e-05  6.32016986e+02  3.44356939e-02 -5.92703751e+01 
 1.05186047e-05  6.32017006e+02  3.47826647e-02 -3.51792425e+01 
 1.05188714e-05  6.32017026e+02  3.50937446e-02 -1.13177810e+01 
 1.05191364e-05  6.32017046e+02  3.53680971e-02  1.21627722e+01 
 1.05194011e-05  6.32017066e+02  3.56077691e-02  3.53418140e+01 
 1.05196646e-05  6.32017086e+02  3.58127118e-02  5.81161658e+01 
 1.05199277e-05  6.32017106e+02  3.59843662e-02  8.05359691e+01 
 1.05201899e-05  6.32017126e+02  3.61230846e-02  1.02527824e+02 
 1.05204518e-05  6.32017146e+02  3.62299516e-02  1.24123036e+02 
 1.05207131e-05  6.32017166e+02  3.63055368e-02  1.45269032e+02 
 1.05209741e-05  6.32017186e+02  3.63507150e-02  1.65984886e+02 
 1.05212348e-05  6.32017206e+02  3.63661672e-02  1.86233048e+02 
 1.05214952e-05  6.32017227e+02  3.63526463e-02  2.06024836e+02 
 1.05217555e-05  6.32017247e+02  3.63108819e-02  2.25333693e+02 
 1.05220157e-05  6.32017267e+02  3.62415568e-02  2.44166260e+02 
 1.05222758e-05  6.32017287e+02  3.61454124e-02  2.62504110e+02 
 1.05225342e-05  6.32017307e+02  3.60239790e-02  2.80235450e+02 
 1.05227906e-05  6.32017326e+02  3.58787397e-02  2.97330074e+02 
 1.05230452e-05  6.32017346e+02  3.57107181e-02  3.13818957e+02 
 1.05232981e-05  6.32017365e+02  3.55210991e-02  3.29705714e+02 
 1.05235497e-05  6.32017384e+02  3.53105909e-02  3.45026912e+02 
 1.05238002e-05  6.32017402e+02  3.50801733e-02  3.59788616e+02 
 1.05240498e-05  6.32017421e+02  3.48304392e-02  3.74017418e+02 
 1.05242985e-05  6.32017439e+02  3.45622395e-02  3.87719280e+02 
 1.05245467e-05  6.32017458e+02  3.42761029e-02  4.00914304e+02 
 1.05247944e-05  6.32017476e+02  3.39727713e-02  4.13609257e+02 
 1.05250417e-05  6.32017493e+02  3.36527222e-02  4.25820463e+02 
 1.05252888e-05  6.32017511e+02  3.33166033e-02  4.37555498e+02 
 1.05255357e-05  6.32017528e+02  3.29648503e-02  4.48828264e+02 
 1.05257826e-05  6.32017546e+02  3.25980315e-02  4.59646891e+02 
 1.05260295e-05  6.32017563e+02  3.22165478e-02  4.70023666e+02 
 1.05262766e-05  6.32017579e+02  3.18209005e-02  4.79967079e+02 
 1.05265240e-05  6.32017596e+02  3.14114591e-02  4.89488345e+02 
 1.05267717e-05  6.32017612e+02  3.09886673e-02  4.98596194e+02 
 1.05270198e-05  6.32017629e+02  3.05528654e-02  5.07301138e+02 
 1.05272684e-05  6.32017645e+02  3.01044466e-02  5.15612073e+02 
 1.05275176e-05  6.32017661e+02  2.96437223e-02  5.23539057e+02 
 1.05277674e-05  6.32017676e+02  2.91710405e-02  5.31091102e+02 
 1.05280180e-05  6.32017692e+02  2.86866841e-02  5.38277981e+02 
 1.05282694e-05  6.32017707e+02  2.81909595e-02  5.45108793e+02 
 1.05285217e-05  6.32017722e+02  2.76841203e-02  5.51593133e+02 
 1.05287750e-05  6.32017737e+02  2.71664338e-02  5.57740169e+02 
 1.05290294e-05  6.32017751e+02  2.66381237e-02  5.63559389e+02 
 1.05292849e-05  6.32017766e+02  2.60994194e-02  5.69060014e+02 
 1.05295416e-05  6.32017780e+02  2.55505133e-02  5.74251472e+02 
 1.05297996e-05  6.32017794e+02  2.49915971e-02  5.79143025e+02 
 1.05300589e-05  6.32017807e+02  2.44228304e-02  5.83744068e+02 
 1.05303198e-05  6.32017821e+02  2.38443668e-02  5.88063893e+02 
 1.05305822e-05  6.32017834e+02  2.32563305e-02  5.92111875e+02 
 1.05308463e-05  6.32017847e+02  2.26588358e-02  5.95897325e+02 
 1.05311122e-05  6.32017859e+02  2.20519691e-02  5.99429606e+02 
 1.05313798e-05  6.32017872e+02  2.14358027e-02  6.02718034e+02 
 1.05316495e-05  6.32017884e+02  2.08103818e-02  6.05771955e+02 
 1.05319212e-05  6.32017896e+02  2.01757342e-02  6.08600681e+02 
 1.05321951e-05  6.32017907e+02  1.95318596e-02  6.11213532e+02 
 1.05324712e-05  6.32017918e+02  1.88787370e-02  6.13619797e+02 
 1.05327498e-05  6.32017929e+02  1.82163165e-02  6.15828762e+02 
 1.05330310e-05  6.32017940e+02  1.75445237e-02  6.17849675e+02 
 1.05333148e-05  6.32017951e+02  1.68632537e-02  6.19691765e+02 
 1.05336015e-05  6.32017961e+02  1.61723741e-02  6.21364221e+02 
 1.05338911e-05  6.32017970e+02  1.54717201e-02  6.22876191e+02 
 1.05341840e-05  6.32017980e+02  1.47610972e-02  6.24236773e+02 
 1.05344801e-05  6.32017989e+02  1.40402779e-02  6.25455008e+02 
 1.05347797e-05  6.32017998e+02  1.33090049e-02  6.26539864e+02 
 1.05350831e-05  6.32018006e+02  1.25669914e-02  6.27500228e+02 
 1.05353903e-05  6.32018014e+02  1.18139272e-02  6.28344890e+02 
 1.05356965e-05  6.32018021e+02  1.10619650e-02  6.29071380e+02 
 1.05360024e-05  6.32018028e+02  1.03096202e-02  6.29694068e+02 
 1.05363053e-05  6.32018035e+02  9.56386235e-03  6.30220062e+02 
 1.05366051e-05  6.32018041e+02  8.82476898e-03  6.30662146e+02 
 1.05368993e-05  6.32018046e+02  8.09881696e-03  6.31028761e+02 
 1.05371864e-05  6.32018051e+02  7.38980782e-03  6.31330014e+02 
 1.05374629e-05  6.32018055e+02  6.70669365e-03  6.31573690e+02 
 1.05377247e-05  6.32018058e+02  6.05937176e-03  6.31767577e+02 
 1.05379340e-05  6.32018061e+02  5.54173081e-03  6.31899662e+02 
 1.05379827e-05  6.32018061e+02  5.42147699e-03  6.31927670e+02 
 1.05380620e-05  6.32018062e+02  5.22523696e-03  6.31971324e+02 
 1.05381351e-05  6.32018063e+02  5.04428139e-03  6.32009399e+02 
 1.05382146e-05  6.32018064e+02  4.84765291e-03  6.32048492e+02 
 1.05382639e-05  6.32018064e+02  4.72570700e-03  6.32071583e+02 
 1.05383467e-05  6.32018065e+02  4.52085192e-03  6.32108455e+02 
 1.05384313e-05  6.32018066e+02  4.31149772e-03  6.32143740e+02 
 1.05385021e-05  6.32018067e+02  4.13614345e-03  6.32171501e+02 
 1.05385864e-05  6.32018067e+02  3.92745942e-03  6.32202493e+02 
 1.05386623e-05  6.32018068e+02  3.73967735e-03  6.32228548e+02 
 1.05387552e-05  6.32018069e+02  3.50967562e-03  6.32258193e+02 
 1.05388364e-05  6.32018069e+02  3.30861325e-03  6.32282140e+02 
 1.05389396e-05  6.32018070e+02  3.05319584e-03  6.32310027e+02 
 1.05390277e-05  6.32018071e+02  2.83502878e-03  6.32331691e+02 
 1.05391570e-05  6.32018071e+02  2.51500256e-03  6.32360040e+02 
 1.05392568e-05  6.32018072e+02  2.26783463e-03  6.32379259e+02 
 1.05393883e-05  6.32018072e+02  1.94210779e-03  6.32401184e+02 
 1.05394906e-05  6.32018073e+02  1.68888642e-03  6.32415653e+02 
 1.05395965e-05  6.32018073e+02  1.42674219e-03  6.32428336e+02 
 1.05397021e-05  6.32018073e+02  1.16505233e-03  6.32438730e+02 
 1.05398119e-05  6.32018074e+02  8.93344565e-04  6.32447181e+02 
 1.05399411e-05  6.32018074e+02  5.73381541e-04  6.32454145e+02 
 1.05400058e-05  6.32018074e+02  4.13058807e-04  6.32456435e+02 
 1.05400694e-05  6.32018074e+02  2.55543290e-04  6.32457917e+02 
 1.05401293e-05  6.32018074e+02  1.07102199e-04  6.32458620e+02 
 1.05401962e-05  6.32018074e+02 -5.84047270e-05  6.32458619e+02 
 1.05402705e-05  6.32018074e+02 -2.42476251e-04  6.32457647e+02 
 1.05403537e-05  6.32018074e+02 -4.48570567e-04  6.32455351e+02 
 1.05404368e-05  6.32018074e+02 -6.54449176e-04  6.32451780e+02 
 1.05405334e-05  6.32018074e+02 -8.93640905e-04  6.32446017e+02 
 1.05406384e-05  6.32018073e+02 -1.15351301e-03  6.32437761e+02 
 1.05408183e-05  6.32018073e+02 -1.59912125e-03  6.32418637e+02 
 1.05409012e-05  6.32018073e+02 -1.80444507e-03  6.32407635e+02 
 1.05410002e-05  6.32018072e+02 -2.04967389e-03  6.32392613e+02 
 1.05411146e-05  6.32018072e+02 -2.33277403e-03  6.32372632e+02 
 1.05412360e-05  6.32018071e+02 -2.63341392e-03  6.32348179e+02 
 1.05413571e-05  6.32018070e+02 -2.93326951e-03  6.32320307e+02 
 1.05414934e-05  6.32018069e+02 -3.27073087e-03  6.32284546e+02 
 1.05415787e-05  6.32018069e+02 -3.48194597e-03  6.32259669e+02 
 1.05417061e-05  6.32018068e+02 -3.79733693e-03  6.32218751e+02 
 1.05418277e-05  6.32018067e+02 -4.09807028e-03  6.32175299e+02 
 1.05418754e-05  6.32018066e+02 -4.21627930e-03  6.32156974e+02 
 1.05419431e-05  6.32018066e+02 -4.38385420e-03  6.32129743e+02 
 1.05420220e-05  6.32018065e+02 -4.57901497e-03  6.32096121e+02 
 1.05421140e-05  6.32018064e+02 -4.80666372e-03  6.32054201e+02 
 1.05421902e-05  6.32018063e+02 -4.99517451e-03  6.32017195e+02 
 1.05422769e-05  6.32018062e+02 -5.20982406e-03  6.31972416e+02 
 1.05423700e-05  6.32018061e+02 -5.44005429e-03  6.31921127e+02 
 1.05424513e-05  6.32018060e+02 -5.64118523e-03  6.31873434e+02 
 1.05425242e-05  6.32018059e+02 -5.82152891e-03  6.31828285e+02 
 1.05426052e-05  6.32018058e+02 -6.02174656e-03  6.31775416e+02 
 1.05426883e-05  6.32018057e+02 -6.22714368e-03  6.31718058e+02 
 1.05427788e-05  6.32018056e+02 -6.45086069e-03  6.31651835e+02 
 1.05428694e-05  6.32018055e+02 -6.67482980e-03  6.31581449e+02 
 1.05429658e-05  6.32018053e+02 -6.91322027e-03  6.31501833e+02 
 1.05430621e-05  6.32018052e+02 -7.15113620e-03  6.31417319e+02 
 1.05431639e-05  6.32018050e+02 -7.40254556e-03  6.31322263e+02 
 1.05432657e-05  6.32018049e+02 -7.65395065e-03  6.31221017e+02 
 1.05433726e-05  6.32018047e+02 -7.91806959e-03  6.31107654e+02 
 1.05434798e-05  6.32018045e+02 -8.18254866e-03  6.30986598e+02 
 1.05436940e-05  6.32018041e+02 -8.71127475e-03  6.30720456e+02 
 1.05439243e-05  6.32018037e+02 -9.27911198e-03  6.30395766e+02 
 1.05441732e-05  6.32018032e+02 -9.89246338e-03  6.29995124e+02 
 1.05445054e-05  6.32018025e+02 -1.07100329e-02  6.29370868e+02 
 1.05448169e-05  6.32018017e+02 -1.14755065e-02  6.28681130e+02 
 1.05451714e-05  6.32018008e+02 -1.23448581e-02  6.27757515e+02 
 1.05454950e-05  6.32018000e+02 -1.31370574e-02  6.26769167e+02 
 1.05458341e-05  6.32017990e+02 -1.39649661e-02  6.25567693e+02 
 1.05461493e-05  6.32017980e+02 -1.47322994e-02  6.24282145e+02 
 1.05464724e-05  6.32017970e+02 -1.55163129e-02  6.22778291e+02 
 1.05467788e-05  6.32017959e+02 -1.62572963e-02  6.21161247e+02 
 1.05470896e-05  6.32017948e+02 -1.70058091e-02  6.19314663e+02 
 1.05473886e-05  6.32017937e+02 -1.77225611e-02  6.17325909e+02 
 1.05476896e-05  6.32017926e+02 -1.84407352e-02  6.15096010e+02 
 1.05479818e-05  6.32017914e+02 -1.91342029e-02  6.12696606e+02 
 1.05482746e-05  6.32017902e+02 -1.98249690e-02  6.10044145e+02 
 1.05485607e-05  6.32017890e+02 -2.04956105e-02  6.07196153e+02 
 1.05488466e-05  6.32017877e+02 -2.11608029e-02  6.04082491e+02 
 1.05491272e-05  6.32017864e+02 -2.18088802e-02  6.00748416e+02 
 1.05494070e-05  6.32017851e+02 -2.24496437e-02  5.97135297e+02 
 1.05496827e-05  6.32017838e+02 -2.30752403e-02  5.93277998e+02 
 1.05499573e-05  6.32017824e+02 -2.36922055e-02  5.89127622e+02 
 1.05502285e-05  6.32017810e+02 -2.42952188e-02  5.84710377e+02 
 1.05504985e-05  6.32017796e+02 -2.48886152e-02  5.79985482e+02 
 1.05507658e-05  6.32017782e+02 -2.54687590e-02  5.74972045e+02 
 1.05510318e-05  6.32017767e+02 -2.60384958e-02  5.69635974e+02 
 1.05512955e-05  6.32017752e+02 -2.65953095e-02  5.63990623e+02 
 1.05515580e-05  6.32017737e+02 -2.71410321e-02  5.58007368e+02 
 1.05518186e-05  6.32017722e+02 -2.76738896e-02  5.51694953e+02 
 1.05520780e-05  6.32017707e+02 -2.81950199e-02  5.45029187e+02 
 1.05523358e-05  6.32017691e+02 -2.87031373e-02  5.38015159e+02 
 1.05525926e-05  6.32017675e+02 -2.91989006e-02  5.30632252e+02 
 1.05528480e-05  6.32017659e+02 -2.96813418e-02  5.22882687e+02 
 1.05531025e-05  6.32017643e+02 -3.01507859e-02  5.14748710e+02 
 1.05533559e-05  6.32017627e+02 -3.06064665e-02  5.06230305e+02 
 1.05536085e-05  6.32017610e+02 -3.10484721e-02  4.97311998e+02 
 1.05538602e-05  6.32017593e+02 -3.14761599e-02  4.87992038e+02 
 1.05541112e-05  6.32017577e+02 -3.18894468e-02  4.78256753e+02 
 1.05543615e-05  6.32017559e+02 -3.22877596e-02  4.68103043e+02 
 1.05546114e-05  6.32017542e+02 -3.26708863e-02  4.57518635e+02 
 1.05548607e-05  6.32017525e+02 -3.30382855e-02  4.46499364e+02 
 1.05551097e-05  6.32017507e+02 -3.33896437e-02  4.35034013e+02 
 1.05553585e-05  6.32017489e+02 -3.37244241e-02  4.23117545e+02 
 1.05556070e-05  6.32017471e+02 -3.40422272e-02  4.10739487e+02 
 1.05558555e-05  6.32017453e+02 -3.43424999e-02  3.97894032e+02 
 1.05561040e-05  6.32017435e+02 -3.46247644e-02  3.84571152e+02 
 1.05563527e-05  6.32017417e+02 -3.48884328e-02  3.70764277e+02 
 1.05566016e-05  6.32017398e+02 -3.51329496e-02  3.56463502e+02 
 1.05568509e-05  6.32017380e+02 -3.53576745e-02  3.41661394e+02 
 1.05571007e-05  6.32017361e+02 -3.55619677e-02  3.26347791e+02 
 1.05573511e-05  6.32017342e+02 -3.57451167e-02  3.10514162e+02 
 1.05576024e-05  6.32017323e+02 -3.59063837e-02  2.94149590e+02 
 1.05578546e-05  6.32017303e+02 -3.60449587e-02  2.77244011e+02 
 1.05581079e-05  6.32017284e+02 -3.61599818e-02  2.59785060e+02 
 1.05583626e-05  6.32017264e+02 -3.62505108e-02  2.41760400e+02 
 1.05586189e-05  6.32017244e+02 -3.63155248e-02  2.23155170e+02 
 1.05588770e-05  6.32017224e+02 -3.63538975e-02  2.03953528e+02 
 1.05591372e-05  6.32017204e+02 -3.63643837e-02  1.84136429e+02 
 1.05593998e-05  6.32017184e+02 -3.63455902e-02  1.63682407e+02 
 1.05596649e-05  6.32017164e+02 -3.62960506e-02  1.42600884e+02 
 1.05599289e-05  6.32017143e+02 -3.62155430e-02  1.21180467e+02 
 1.05601942e-05  6.32017123e+02 -3.61026971e-02  9.92519412e+01 
 1.05604585e-05  6.32017103e+02 -3.59578253e-02  7.70229401e+01 
 1.05607240e-05  6.32017082e+02 -3.57792426e-02  5.43480692e+01 
 1.05609891e-05  6.32017062e+02 -3.55673454e-02  3.13836518e+01 
 1.05612552e-05  6.32017042e+02 -3.53203739e-02  8.03080260e+00 
 1.05615213e-05  6.32017022e+02 -3.50386958e-02 -1.55870430e+01 
 1.05617885e-05  6.32017002e+02 -3.47206097e-02 -3.95316261e+01 
 1.05620560e-05  6.32016983e+02 -3.43663843e-02 -6.37034568e+01 
 1.05623247e-05  6.32016963e+02 -3.39744205e-02 -8.81366547e+01 
 1.05625939e-05  6.32016944e+02 -3.35448497e-02 -1.12748634e+02 
 1.05628644e-05  6.32016925e+02 -3.30762280e-02 -1.37550155e+02 
 1.05631359e-05  6.32016906e+02 -3.25683603e-02 -1.62478652e+02 
 1.05634088e-05  6.32016887e+02 -3.20201460e-02 -1.87516591e+02 
 1.05636829e-05  6.32016868e+02 -3.14311358e-02 -2.12612251e+02 
 1.05639586e-05  6.32016850e+02 -3.08002772e-02 -2.37737761e+02 
 1.05642360e-05  6.32016832e+02 -3.01270072e-02 -2.62841560e+02 
 1.05645153e-05  6.32016815e+02 -2.94102763e-02 -2.87887485e+02 
 1.05647965e-05  6.32016797e+02 -2.86494101e-02 -3.12821889e+02 
 1.05650800e-05  6.32016780e+02 -2.78433224e-02 -3.37601040e+02 
 1.05653659e-05  6.32016763e+02 -2.69912011e-02 -3.62167912e+02 
 1.05656278e-05  6.32016749e+02 -2.61768267e-02 -3.84242624e+02 
 1.05658830e-05  6.32016735e+02 -2.53526513e-02 -4.05314037e+02 
 1.05661189e-05  6.32016722e+02 -2.45643668e-02 -4.24369766e+02 
 1.05663492e-05  6.32016710e+02 -2.37710620e-02 -4.42541443e+02 
 1.05665662e-05  6.32016700e+02 -2.30024237e-02 -4.59248316e+02 
 1.05667788e-05  6.32016689e+02 -2.22304153e-02 -4.75189508e+02 
 1.05669817e-05  6.32016680e+02 -2.14762197e-02 -4.89994274e+02 
 1.05671805e-05  6.32016671e+02 -2.07211206e-02 -5.04092989e+02 
 1.05673718e-05  6.32016663e+02 -1.99801937e-02 -5.17254568e+02 
 1.05675592e-05  6.32016655e+02 -1.92407945e-02 -5.29752237e+02 
 1.05677405e-05  6.32016648e+02 -1.85135174e-02 -5.41447886e+02 
 1.05679181e-05  6.32016641e+02 -1.77897838e-02 -5.52519172e+02 
 1.05680904e-05  6.32016634e+02 -1.70770144e-02 -5.62887291e+02 
 1.05682593e-05  6.32016628e+02 -1.63694206e-02 -5.72670125e+02 
 1.05684236e-05  6.32016623e+02 -1.56722130e-02 -5.81825949e+02 
 1.05685845e-05  6.32016617e+02 -1.49815294e-02 -5.90434927e+02 
 1.05687413e-05  6.32016613e+02 -1.43010487e-02 -5.98478311e+02 
 1.05688948e-05  6.32016608e+02 -1.36282384e-02 -6.06012413e+02 
 1.05690446e-05  6.32016604e+02 -1.29657197e-02 -6.13032599e+02 
 1.05691912e-05  6.32016600e+02 -1.23118771e-02 -6.19580087e+02 
 1.05693343e-05  6.32016596e+02 -1.16686055e-02 -6.25658804e+02 
 1.05694742e-05  6.32016593e+02 -1.10349227e-02 -6.31300413e+02 
 1.05696108e-05  6.32016590e+02 -1.04122294e-02 -6.36513946e+02 
 1.05697443e-05  6.32016587e+02 -9.79998271e-03 -6.41325014e+02 
 1.05698746e-05  6.32016584e+02 -9.19925189e-03 -6.45745630e+02 
 1.05700017e-05  6.32016582e+02 -8.60980299e-03 -6.49797570e+02 
 1.05701257e-05  6.32016580e+02 -8.03248918e-03 -6.53494534e+02 
 1.05702466e-05  6.32016578e+02 -7.46729888e-03 -6.56855872e+02 
 1.05703642e-05  6.32016576e+02 -6.91495342e-03 -6.59896198e+02 
 1.05704787e-05  6.32016574e+02 -6.37560935e-03 -6.62633326e+02 
 1.05705900e-05  6.32016573e+02 -5.84991992e-03 -6.65082340e+02 
 1.05706980e-05  6.32016571e+02 -5.33818020e-03 -6.67260085e+02 
 1.05708027e-05  6.32016570e+02 -4.84102812e-03 -6.69181870e+02 
 1.05709040e-05  6.32016569e+02 -4.35888865e-03 -6.70863941e+02 
 1.05710018e-05  6.32016568e+02 -3.89243474e-03 -6.72321701e+02 
 1.05710961e-05  6.32016568e+02 -3.44223371e-03 -6.73571044e+02 
 1.05711867e-05  6.32016567e+02 -3.00905165e-03 -6.74627425e+02 
 1.05712734e-05  6.32016567e+02 -2.59363887e-03 -6.75506555e+02 
 1.05713562e-05  6.32016566e+02 -2.19693753e-03 -6.76223949e+02 
 1.05714349e-05  6.32016566e+02 -1.81996982e-03 -6.76795277e+02 
 1.05715090e-05  6.32016566e+02 -1.46399934e-03 -6.77236167e+02 
 1.05715785e-05  6.32016565e+02 -1.13051579e-03 -6.77562393e+02 
 1.05716429e-05  6.32016565e+02 -8.21419375e-04 -6.77789826e+02 
 1.05716953e-05  6.32016565e+02 -5.69511348e-04 -6.77921889e+02 
 1.05717381e-05  6.32016565e+02 -3.64055919e-04 -6.77994176e+02 
 1.05717729e-05  6.32016565e+02 -1.97097665e-04 -6.78029483e+02 
 1.05718011e-05  6.32016565e+02 -6.15458776e-05 -6.78042695e+02 
 1.05718292e-05  6.32016565e+02  7.35535123e-05 -6.78042084e+02 
 1.05718583e-05  6.32016565e+02  2.13575944e-04 -6.78026932e+02 
 1.05718948e-05  6.32016565e+02  3.88833148e-04 -6.77987142e+02 
 1.05719386e-05  6.32016565e+02  5.99013475e-04 -6.77908890e+02 
 1.05719893e-05  6.32016565e+02  8.42762083e-04 -6.77776429e+02 
 1.05720461e-05  6.32016565e+02  1.11521640e-03 -6.77575331e+02 
 1.05721082e-05  6.32016566e+02  1.41339671e-03 -6.77291049e+02 
 1.05721751e-05  6.32016566e+02  1.73456037e-03 -6.76909759e+02 
 1.05722466e-05  6.32016566e+02  2.07717620e-03 -6.76417064e+02 
 1.05723222e-05  6.32016566e+02  2.43973330e-03 -6.75798973e+02 
 1.05724019e-05  6.32016567e+02  2.82129847e-03 -6.75040908e+02 
 1.05724854e-05  6.32016567e+02  3.22081459e-03 -6.74128744e+02 
 1.05725726e-05  6.32016568e+02  3.63755820e-03 -6.73047866e+02 
 1.05726633e-05  6.32016569e+02  4.07069207e-03 -6.71784114e+02 
 1.05727575e-05  6.32016570e+02  4.51960600e-03 -6.70322887e+02 
 1.05728551e-05  6.32016571e+02  4.98360720e-03 -6.68649991e+02 
 1.05729559e-05  6.32016572e+02  5.46216305e-03 -6.66750830e+02 
 1.05730599e-05  6.32016573e+02  5.95468165e-03 -6.64611157e+02 
 1.05731671e-05  6.32016574e+02  6.46068393e-03 -6.62216364e+02 
 1.05732773e-05  6.32016576e+02  6.97964802e-03 -6.59552124e+02 
 1.05733906e-05  6.32016578e+02  7.51113135e-03 -6.56603792e+02 
 1.05735068e-05  6.32016580e+02  8.05466031e-03 -6.53356940e+02 
 1.05736260e-05  6.32016582e+02  8.60981691e-03 -6.49796850e+02 
 1.05737482e-05  6.32016584e+02  9.17616043e-03 -6.45908955e+02 
 1.05738733e-05  6.32016587e+02  9.75328884e-03 -6.41678418e+02 
 1.05740013e-05  6.32016589e+02  1.03407831e-02 -6.37090483e+02 
 1.05741323e-05  6.32016592e+02  1.09382506e-02 -6.32130129e+02 
 1.05742662e-05  6.32016596e+02  1.15452858e-02 -6.26782342e+02 
 1.05744030e-05  6.32016599e+02  1.21615006e-02 -6.21031829e+02 
 1.05745428e-05  6.32016603e+02  1.27864964e-02 -6.14863222e+02 
 1.05746857e-05  6.32016607e+02  1.34198856e-02 -6.08260838e+02 
 1.05748316e-05  6.32016611e+02  1.40612720e-02 -6.01208819e+02 
 1.05749806e-05  6.32016615e+02  1.47102656e-02 -5.93690927e+02 
 1.05751327e-05  6.32016620e+02  1.53664686e-02 -5.85690627e+02 
 1.05752881e-05  6.32016626e+02  1.60294863e-02 -5.77190895e+02 
 1.05754468e-05  6.32016631e+02  1.66989172e-02 -5.68174248e+02 
 1.05756089e-05  6.32016637e+02  1.73743604e-02 -5.58622550e+02 
 1.05757745e-05  6.32016643e+02  1.80554092e-02 -5.48516981e+02 
 1.05759438e-05  6.32016650e+02  1.87416565e-02 -5.37837817e+02 
 1.05761169e-05  6.32016657e+02  1.94326904e-02 -5.26564325e+02 
 1.05762939e-05  6.32016664e+02  2.01280989e-02 -5.14674487e+02 
 1.05764750e-05  6.32016672e+02  2.08274675e-02 -5.02144782e+02 
 1.05766605e-05  6.32016681e+02  2.15303834e-02 -4.88949810e+02 
 1.05768506e-05  6.32016689e+02  2.22364357e-02 -4.75061894e+02 
 1.05770455e-05  6.32016699e+02  2.29452200e-02 -4.60450509e+02 
 1.05772457e-05  6.32016709e+02  2.36563419e-02 -4.45081584e+02 
 1.05774516e-05  6.32016719e+02  2.43694246e-02 -4.28916537e+02 
 1.05776635e-05  6.32016730e+02  2.50841177e-02 -4.11911018e+02 
 1.05778821e-05  6.32016742e+02  2.58001116e-02 -3.94013137e+02 
 1.05781081e-05  6.32016755e+02  2.65171581e-02 -3.75161007e+02 
 1.05783423e-05  6.32016768e+02  2.72351034e-02 -3.55279145e+02 
 1.05785858e-05  6.32016782e+02  2.79539383e-02 -3.34273103e+02 
 1.05788400e-05  6.32016798e+02  2.86738825e-02 -3.12021047e+02 
 1.05791068e-05  6.32016814e+02  2.93955292e-02 -2.88359906e+02 
 1.05793890e-05  6.32016832e+02  3.01201127e-02 -2.63060981e+02 
 1.05796708e-05  6.32016850e+02  3.08042491e-02 -2.37552360e+02 
 1.05799521e-05  6.32016869e+02  3.14470937e-02 -2.11919013e+02 
 1.05802299e-05  6.32016888e+02  3.20425104e-02 -1.86490221e+02 
 1.05805058e-05  6.32016907e+02  3.25950963e-02 -1.61168487e+02 
 1.05807790e-05  6.32016926e+02  3.31040939e-02 -1.36080961e+02 
 1.05810510e-05  6.32016945e+02  3.35728415e-02 -1.11153102e+02 
 1.05813210e-05  6.32016964e+02  3.40011042e-02 -8.64822839e+01 
 1.05815899e-05  6.32016984e+02  3.43910169e-02 -6.20307855e+01 
 1.05818574e-05  6.32017004e+02  3.47426721e-02 -3.78770741e+01 
 1.05821239e-05  6.32017023e+02  3.50575494e-02 -1.40073207e+01 
 1.05823893e-05  6.32017043e+02  3.53361903e-02  9.53122469e+00 
 1.05826539e-05  6.32017063e+02  3.55796233e-02  3.27316756e+01 
 1.05829176e-05  6.32017083e+02  3.57885508e-02  5.55619799e+01 
 1.05831807e-05  6.32017103e+02  3.59638748e-02  7.80130835e+01 
 1.05834431e-05  6.32017124e+02  3.61063306e-02  1.00060207e+02 
 1.05837049e-05  6.32017144e+02  3.62167435e-02  1.21694184e+02 
 1.05839663e-05  6.32017164e+02  3.62958547e-02  1.42895551e+02 
 1.05842274e-05  6.32017184e+02  3.63444375e-02  1.63655823e+02 
 1.05844881e-05  6.32017204e+02  3.63632276e-02  1.83959848e+02 
 1.05847486e-05  6.32017224e+02  3.63529613e-02  2.03800279e+02 
 1.05850088e-05  6.32017244e+02  3.63143619e-02  2.23165637e+02 
 1.05852690e-05  6.32017264e+02  3.62481381e-02  2.42049952e+02 
 1.05855291e-05  6.32017285e+02  3.61549965e-02  2.60444896e+02 
 1.05857880e-05  6.32017304e+02  3.60362918e-02  2.78256572e+02 
 1.05860444e-05  6.32017324e+02  3.58937679e-02  2.95413076e+02 
 1.05862994e-05  6.32017343e+02  3.57282015e-02  3.11977071e+02 
 1.05865523e-05  6.32017363e+02  3.55410681e-02  3.27923514e+02 
 1.05868042e-05  6.32017382e+02  3.53328199e-02  3.43312707e+02 
 1.05870547e-05  6.32017400e+02  3.51046962e-02  3.58131831e+02 
 1.05873045e-05  6.32017419e+02  3.48570610e-02  3.72423404e+02 
 1.05875533e-05  6.32017437e+02  3.45909862e-02  3.86180776e+02 
 1.05878016e-05  6.32017456e+02  3.43068086e-02  3.99434565e+02 
 1.05880492e-05  6.32017474e+02  3.40054520e-02  4.12183153e+02 
 1.05882966e-05  6.32017491e+02  3.36872385e-02  4.24449808e+02 
 1.05885437e-05  6.32017509e+02  3.33529618e-02  4.36236562e+02 
 1.05887907e-05  6.32017526e+02  3.30029344e-02  4.47561899e+02 
 1.05890375e-05  6.32017544e+02  3.26378397e-02  4.58430296e+02 
 1.05892845e-05  6.32017561e+02  3.22579825e-02  4.68857056e+02 
 1.05895316e-05  6.32017578e+02  3.18639536e-02  4.78848270e+02 
 1.05897789e-05  6.32017594e+02  3.14560490e-02  4.88417128e+02 
 1.05900265e-05  6.32017611e+02  3.10347812e-02  4.97570791e+02 
 1.05902746e-05  6.32017627e+02  3.06004347e-02  5.06321061e+02 
 1.05905231e-05  6.32017643e+02  3.01534552e-02  5.14675810e+02 
 1.05907723e-05  6.32017659e+02  2.96941126e-02  5.22645934e+02 
 1.05910220e-05  6.32017674e+02  2.92227949e-02  5.30239782e+02 
 1.05912725e-05  6.32017690e+02  2.87397540e-02  5.37467666e+02 
 1.05915239e-05  6.32017705e+02  2.82453266e-02  5.44338256e+02 
 1.05917761e-05  6.32017720e+02  2.77397440e-02  5.50861496e+02 
 1.05920292e-05  6.32017735e+02  2.72232965e-02  5.57046276e+02 
 1.05922835e-05  6.32017750e+02  2.66961914e-02  5.62902305e+02 
 1.05925388e-05  6.32017764e+02  2.61586757e-02  5.68438629e+02 
 1.05927954e-05  6.32017778e+02  2.56109305e-02  5.73664815e+02 
 1.05930532e-05  6.32017792e+02  2.50531612e-02  5.78590011e+02 
 1.05933124e-05  6.32017806e+02  2.44855192e-02  5.83223702e+02 
 1.05935731e-05  6.32017819e+02  2.39081689e-02  5.87575107e+02 
 1.05938354e-05  6.32017832e+02  2.33212296e-02  5.91653658e+02 
 1.05940993e-05  6.32017845e+02  2.27248239e-02  5.95468620e+02 
 1.05943649e-05  6.32017858e+02  2.21190352e-02  5.99029388e+02 
 1.05946324e-05  6.32017870e+02  2.15039431e-02  6.02345253e+02 
 1.05949018e-05  6.32017882e+02  2.08795913e-02  6.05425580e+02 
 1.05951732e-05  6.32017894e+02  2.02460136e-02  6.08279666e+02 
 1.05954469e-05  6.32017906e+02  1.96032098e-02  6.10916843e+02 
 1.05957228e-05  6.32017917e+02  1.89511645e-02  6.13346393e+02 
 1.05960011e-05  6.32017928e+02  1.82898286e-02  6.15577608e+02 
 1.05962819e-05  6.32017939e+02  1.76191332e-02  6.17619734e+02 
 1.05965654e-05  6.32017949e+02  1.69389753e-02  6.19482007e+02 
 1.05968518e-05  6.32017959e+02  1.62492275e-02  6.21173612e+02 
 1.05971411e-05  6.32017969e+02  1.55497280e-02  6.22703708e+02 
 1.05974335e-05  6.32017979e+02  1.48402873e-02  6.24081393e+02 
 1.05977293e-05  6.32017988e+02  1.41206812e-02  6.25315715e+02 
 1.05980285e-05  6.32017997e+02  1.33906575e-02  6.26415648e+02 
 1.05983314e-05  6.32018005e+02  1.26499328e-02  6.27390088e+02 
 1.05986381e-05  6.32018013e+02  1.18982009e-02  6.28247834e+02 
 1.05989448e-05  6.32018020e+02  1.11453890e-02  6.28988248e+02 
 1.05992507e-05  6.32018027e+02  1.03930667e-02  6.29622533e+02 
 1.05995542e-05  6.32018034e+02  9.64590065e-03  6.30159682e+02 
 1.05998545e-05  6.32018040e+02  8.90570982e-03  6.30611203e+02 
 1.06001496e-05  6.32018045e+02  8.17747672e-03  6.30986439e+02 
 1.06004379e-05  6.32018050e+02  7.46571000e-03  6.31295098e+02 
 1.06007160e-05  6.32018054e+02  6.77847682e-03  6.31545317e+02 
 1.06009802e-05  6.32018058e+02  6.12548763e-03  6.31744887e+02 
 1.06011946e-05  6.32018061e+02  5.59517507e-03  6.31882741e+02 
 1.06012463e-05  6.32018061e+02  5.46748168e-03  6.31912967e+02 
 1.06013295e-05  6.32018062e+02  5.26148516e-03  6.31959433e+02 
 1.06014052e-05  6.32018063e+02  5.07423702e-03  6.31999299e+02 
 1.06014679e-05  6.32018064e+02  4.91906150e-03  6.32030687e+02 
 1.06015453e-05  6.32018064e+02  4.72763890e-03  6.32067420e+02 
 1.06016370e-05  6.32018065e+02  4.50073207e-03  6.32108230e+02 
 1.06017335e-05  6.32018066e+02  4.26182515e-03  6.32148131e+02 
 1.06017957e-05  6.32018067e+02  4.10808870e-03  6.32172211e+02 
 1.06018922e-05  6.32018068e+02  3.86920677e-03  6.32207249e+02 
 1.06020102e-05  6.32018069e+02  3.57719522e-03  6.32246324e+02 
 1.06021632e-05  6.32018070e+02  3.19835420e-03  6.32291212e+02 
 1.06023471e-05  6.32018071e+02  2.74314784e-03  6.32337063e+02 
 1.06024064e-05  6.32018071e+02  2.59627759e-03  6.32350071e+02 
 1.06025007e-05  6.32018072e+02  2.36266335e-03  6.32369053e+02 
 1.06026261e-05  6.32018072e+02  2.05213718e-03  6.32391154e+02 
 1.06028679e-05  6.32018073e+02  1.45356071e-03  6.32424219e+02 
 1.06029142e-05  6.32018073e+02  1.33879886e-03  6.32429170e+02 
 1.06030069e-05  6.32018073e+02  1.10927153e-03  6.32437778e+02 
 1.06031041e-05  6.32018074e+02  8.68597045e-04  6.32444983e+02 
 1.06031826e-05  6.32018074e+02  6.74029379e-04  6.32449467e+02 
 1.06032568e-05  6.32018074e+02  4.90354675e-04  6.32452616e+02 
 1.06033200e-05  6.32018074e+02  3.33940169e-04  6.32454475e+02 
 1.06033832e-05  6.32018074e+02  1.77305708e-04  6.32455586e+02 
 1.06034493e-05  6.32018074e+02  1.36832126e-05  6.32455950e+02 
 1.06035213e-05  6.32018074e+02 -1.64680344e-04  6.32455423e+02 
 1.06036009e-05  6.32018074e+02 -3.61705433e-04  6.32453726e+02 
 1.06036879e-05  6.32018074e+02 -5.77388009e-04  6.32450524e+02 
 1.06037786e-05  6.32018074e+02 -8.01891410e-04  6.32445692e+02 
 1.06038862e-05  6.32018074e+02 -1.06831760e-03  6.32437951e+02 
 1.06040190e-05  6.32018073e+02 -1.39726451e-03  6.32425323e+02 
 1.06041286e-05  6.32018073e+02 -1.66863344e-03  6.32412274e+02 
 1.06042427e-05  6.32018072e+02 -1.95124183e-03  6.32396064e+02 
 1.06043505e-05  6.32018072e+02 -2.21816852e-03  6.32378201e+02 
 1.06044613e-05  6.32018071e+02 -2.49255236e-03  6.32357147e+02 
 1.06045826e-05  6.32018071e+02 -2.79283736e-03  6.32330833e+02 
 1.06047296e-05  6.32018070e+02 -3.15675175e-03  6.32294113e+02 
 1.06048032e-05  6.32018069e+02 -3.33898023e-03  6.32273630e+02 
 1.06049190e-05  6.32018068e+02 -3.62563993e-03  6.32238433e+02 
 1.06050464e-05  6.32018067e+02 -3.94084484e-03  6.32195320e+02 
 1.06051912e-05  6.32018066e+02 -4.29933902e-03  6.32140310e+02 
 1.06052483e-05  6.32018066e+02 -4.44053252e-03  6.32116797e+02 
 1.06053236e-05  6.32018065e+02 -4.62690088e-03  6.32084091e+02 
 1.06054014e-05  6.32018064e+02 -4.81933514e-03  6.32048256e+02 
 1.06054741e-05  6.32018063e+02 -4.99926390e-03  6.32012779e+02 
 1.06055220e-05  6.32018063e+02 -5.11775332e-03  6.31988342e+02 
 1.06055888e-05  6.32018062e+02 -5.28303190e-03  6.31952784e+02 
 1.06056706e-05  6.32018061e+02 -5.48533494e-03  6.31906851e+02 
 1.06057856e-05  6.32018060e+02 -5.76988887e-03  6.31837556e+02 
 1.06059026e-05  6.32018058e+02 -6.05917527e-03  6.31761192e+02 
 1.06060181e-05  6.32018057e+02 -6.34485579e-03  6.31679577e+02 
 1.06061688e-05  6.32018055e+02 -6.71726309e-03  6.31563342e+02 
 1.06063155e-05  6.32018052e+02 -7.07981602e-03  6.31438739e+02 
 1.06064493e-05  6.32018050e+02 -7.41047781e-03  6.31314548e+02 
 1.06065787e-05  6.32018048e+02 -7.72995210e-03  6.31184366e+02 
 1.06068374e-05  6.32018044e+02 -8.36859430e-03  6.30891564e+02 
 1.06070442e-05  6.32018040e+02 -8.87881717e-03  6.30623538e+02 
 1.06072793e-05  6.32018035e+02 -9.45834384e-03  6.30278422e+02 
 1.06075786e-05  6.32018029e+02 -1.01954804e-02  6.29770000e+02 
 1.06078896e-05  6.32018022e+02 -1.09606767e-02  6.29149888e+02 
 1.06082319e-05  6.32018014e+02 -1.18012169e-02  6.28345855e+02 
 1.06085647e-05  6.32018005e+02 -1.26167644e-02  6.27426512e+02 
 1.06089022e-05  6.32017996e+02 -1.34421450e-02  6.26338278e+02 
 1.06092256e-05  6.32017986e+02 -1.42309731e-02  6.25131659e+02 
 1.06095489e-05  6.32017976e+02 -1.50170592e-02  6.23748291e+02 
 1.06098614e-05  6.32017966e+02 -1.57745641e-02  6.22225443e+02 
 1.06101729e-05  6.32017955e+02 -1.65266923e-02  6.20509582e+02 
 1.06104764e-05  6.32017945e+02 -1.72566402e-02  6.18630472e+02 
 1.06107784e-05  6.32017933e+02 -1.79795312e-02  6.16541585e+02 
 1.06110743e-05  6.32017922e+02 -1.86841259e-02  6.14266621e+02 
 1.06113683e-05  6.32017910e+02 -1.93803865e-02  6.11765457e+02 
 1.06116574e-05  6.32017898e+02 -2.00608087e-02  6.09056222e+02 
 1.06119445e-05  6.32017885e+02 -2.07320216e-02  6.06104310e+02 
 1.06122275e-05  6.32017872e+02 -2.13890003e-02  6.02922912e+02 
 1.06125086e-05  6.32017859e+02 -2.20361604e-02  5.99482171e+02 
 1.06127863e-05  6.32017846e+02 -2.26701086e-02  5.95791079e+02 
 1.06130621e-05  6.32017833e+02 -2.32937704e-02  5.91823832e+02 
 1.06133351e-05  6.32017819e+02 -2.39048251e-02  5.87585931e+02 
 1.06136062e-05  6.32017805e+02 -2.45051868e-02  5.83054988e+02 
 1.06138749e-05  6.32017791e+02 -2.50932397e-02  5.78233647e+02 
 1.06141420e-05  6.32017777e+02 -2.56702067e-02  5.73102369e+02 
 1.06144069e-05  6.32017762e+02 -2.62349326e-02  5.67661498e+02 
 1.06146704e-05  6.32017747e+02 -2.67881636e-02  5.61893851e+02 
 1.06149320e-05  6.32017732e+02 -2.73290428e-02  5.55797946e+02 
 1.06151923e-05  6.32017717e+02 -2.78579835e-02  5.49358538e+02 
 1.06154511e-05  6.32017701e+02 -2.83743183e-02  5.42572716e+02 
 1.06157086e-05  6.32017686e+02 -2.88782252e-02  5.35426822e+02 
 1.06159648e-05  6.32017670e+02 -2.93691525e-02  5.27916843e+02 
 1.06162199e-05  6.32017654e+02 -2.98471086e-02  5.20030415e+02 
 1.06164740e-05  6.32017637e+02 -3.03116084e-02  5.11762685e+02 
 1.06167271e-05  6.32017621e+02 -3.07625339e-02  5.03102339e+02 
 1.06169793e-05  6.32017604e+02 -3.11994328e-02  4.94043887e+02 
 1.06172308e-05  6.32017587e+02 -3.16220900e-02  4.84576856e+02 
 1.06174816e-05  6.32017570e+02 -3.20300623e-02  4.74695271e+02 
 1.06177317e-05  6.32017553e+02 -3.24230558e-02  4.64389320e+02 
 1.06179814e-05  6.32017536e+02 -3.28006194e-02  4.53652639e+02 
 1.06182306e-05  6.32017519e+02 -3.31623917e-02  4.42475910e+02 
 1.06184795e-05  6.32017501e+02 -3.35079001e-02  4.30852435e+02 
 1.06187282e-05  6.32017483e+02 -3.38367211e-02  4.18773219e+02 
 1.06189767e-05  6.32017465e+02 -3.41483492e-02  4.06231226e+02 
 1.06192252e-05  6.32017447e+02 -3.44422996e-02  3.93217604e+02 
 1.06194737e-05  6.32017429e+02 -3.47180228e-02  3.79724912e+02 
 1.06197225e-05  6.32017410e+02 -3.49749689e-02  3.65744222e+02 
 1.06199715e-05  6.32017392e+02 -3.52125321e-02  3.51267546e+02 
 1.06202210e-05  6.32017373e+02 -3.54300888e-02  3.36285596e+02 
 1.06204710e-05  6.32017354e+02 -3.56269617e-02  3.20789583e+02 
 1.06207217e-05  6.32017335e+02 -3.58024394e-02  3.04769464e+02 
 1.06209733e-05  6.32017316e+02 -3.59557522e-02  2.88215239e+02 
 1.06212259e-05  6.32017296e+02 -3.60860789e-02  2.71115535e+02 
 1.06214797e-05  6.32017277e+02 -3.61925276e-02  2.53458479e+02 
 1.06217349e-05  6.32017257e+02 -3.62741327e-02  2.35230487e+02 
 1.06219918e-05  6.32017237e+02 -3.63298360e-02  2.16416743e+02 
 1.06222506e-05  6.32017217e+02 -3.63584730e-02  1.97000038e+02 
 1.06225117e-05  6.32017197e+02 -3.63587485e-02  1.76960820e+02 
 1.06227753e-05  6.32017177e+02 -3.63292095e-02  1.56275872e+02 
 1.06230398e-05  6.32017156e+02 -3.62687867e-02  1.35080385e+02 
 1.06233044e-05  6.32017136e+02 -3.61769254e-02  1.13472990e+02 
 1.06235693e-05  6.32017116e+02 -3.60528356e-02  9.14428266e+01 
 1.06238341e-05  6.32017095e+02 -3.58961132e-02  6.90504084e+01 
 1.06240994e-05  6.32017075e+02 -3.57058461e-02  4.62760908e+01 
 1.06243649e-05  6.32017055e+02 -3.54816133e-02  2.31695296e+01 
 1.06246309e-05  6.32017035e+02 -3.52224733e-02 -2.75495827e-01 
 1.06248975e-05  6.32017015e+02 -3.49279891e-02 -2.40130488e+01 
 1.06251647e-05  6.32016995e+02 -3.45972323e-02 -4.80375928e+01 
 1.06254326e-05  6.32016976e+02 -3.42297344e-02 -7.23056494e+01 
 1.06257015e-05  6.32016956e+02 -3.38245839e-02 -9.68025990e+01 
 1.06259712e-05  6.32016937e+02 -3.33813314e-02 -1.21482600e+02 
 1.06262420e-05  6.32016918e+02 -3.28988272e-02 -1.46336602e+02 
 1.06265140e-05  6.32016899e+02 -3.23769000e-02 -1.71301498e+02 
 1.06267873e-05  6.32016880e+02 -3.18142702e-02 -1.96366837e+02 
 1.06270620e-05  6.32016862e+02 -3.12106630e-02 -2.21472395e+02 
 1.06273383e-05  6.32016844e+02 -3.05648407e-02 -2.46596626e+02 
 1.06276163e-05  6.32016826e+02 -2.98763939e-02 -2.71680951e+02 
 1.06278962e-05  6.32016808e+02 -2.91441156e-02 -2.96693497e+02 
 1.06281782e-05  6.32016791e+02 -2.83674479e-02 -3.21575337e+02 
 1.06284626e-05  6.32016774e+02 -2.75451712e-02 -3.46285406e+02 
 1.06287423e-05  6.32016758e+02 -2.66986055e-02 -3.70160543e+02 
 1.06289999e-05  6.32016744e+02 -2.58865841e-02 -3.91716160e+02 
 1.06292496e-05  6.32016730e+02 -2.50700540e-02 -4.12179772e+02 
 1.06294821e-05  6.32016718e+02 -2.42847699e-02 -4.30802857e+02 
 1.06297086e-05  6.32016706e+02 -2.34967341e-02 -4.48521578e+02 
 1.06299231e-05  6.32016696e+02 -2.27301684e-02 -4.64883777e+02 
 1.06301328e-05  6.32016686e+02 -2.19619941e-02 -4.80465065e+02 
 1.06303336e-05  6.32016677e+02 -2.12096850e-02 -4.94974409e+02 
 1.06305302e-05  6.32016668e+02 -2.04578631e-02 -5.08767908e+02 
 1.06307197e-05  6.32016660e+02 -1.97189820e-02 -5.21665725e+02 
 1.06309053e-05  6.32016652e+02 -1.89826636e-02 -5.33895576e+02 
 1.06310850e-05  6.32016645e+02 -1.82576696e-02 -5.45351766e+02 
 1.06312609e-05  6.32016638e+02 -1.75369778e-02 -5.56183609e+02 
 1.06314318e-05  6.32016632e+02 -1.68267405e-02 -5.66332561e+02 
 1.06315992e-05  6.32016626e+02 -1.61222408e-02 -5.75898774e+02 
 1.06317622e-05  6.32016621e+02 -1.54278147e-02 -5.84853104e+02 
 1.06319217e-05  6.32016616e+02 -1.47403370e-02 -5.93264632e+02 
 1.06320773e-05  6.32016611e+02 -1.40628857e-02 -6.01122374e+02 
 1.06322296e-05  6.32016607e+02 -1.33934335e-02 -6.08475738e+02 
 1.06323782e-05  6.32016602e+02 -1.27341903e-02 -6.15324836e+02 
 1.06325236e-05  6.32016599e+02 -1.20838865e-02 -6.21706599e+02 
 1.06326655e-05  6.32016595e+02 -1.14441367e-02 -6.27627826e+02 
 1.06328043e-05  6.32016592e+02 -1.08141953e-02 -6.33117529e+02 
 1.06329398e-05  6.32016589e+02 -1.01952731e-02 -6.38186454e+02 
 1.06330722e-05  6.32016586e+02 -9.58698917e-03 -6.42858581e+02 
 1.06332013e-05  6.32016583e+02 -8.99028593e-03 -6.47146927e+02 
 1.06333274e-05  6.32016581e+02 -8.40504033e-03 -6.51072271e+02 
 1.06334502e-05  6.32016579e+02 -7.83202258e-03 -6.54648886e+02 
 1.06335700e-05  6.32016577e+02 -7.27129812e-03 -6.57895517e+02 
 1.06336865e-05  6.32016575e+02 -6.72353606e-03 -6.60827098e+02 
 1.06337999e-05  6.32016574e+02 -6.18894800e-03 -6.63461076e+02 
 1.06339100e-05  6.32016572e+02 -5.66815711e-03 -6.65812707e+02 
 1.06340169e-05  6.32016571e+02 -5.16150059e-03 -6.67898619e+02 
 1.06341204e-05  6.32016570e+02 -4.66960316e-03 -6.69734208e+02 
 1.06342205e-05  6.32016569e+02 -4.19292582e-03 -6.71335592e+02 
 1.06343171e-05  6.32016568e+02 -3.73214303e-03 -6.72718221e+02 
 1.06344101e-05  6.32016568e+02 -3.28785845e-03 -6.73897918e+02 
 1.06344993e-05  6.32016567e+02 -2.86085548e-03 -6.74890164e+02 
 1.06345847e-05  6.32016567e+02 -2.45192886e-03 -6.75710639e+02 
 1.06346661e-05  6.32016566e+02 -2.06205992e-03 -6.76374880e+02 
 1.06347432e-05  6.32016566e+02 -1.69233711e-03 -6.76898555e+02 
 1.06348157e-05  6.32016566e+02 -1.34410257e-03 -6.77297329e+02 
 1.06348835e-05  6.32016565e+02 -1.01896671e-03 -6.77587006e+02 
 1.06349459e-05  6.32016565e+02 -7.19002581e-04 -6.77783524e+02 
 1.06349959e-05  6.32016565e+02 -4.78865160e-04 -6.77891943e+02 
 1.06350358e-05  6.32016565e+02 -2.87295450e-04 -6.77947260e+02 
 1.06350672e-05  6.32016565e+02 -1.36330892e-04 -6.77971362e+02 
 1.06350951e-05  6.32016565e+02 -2.29586375e-06 -6.77978364e+02 
 1.06351250e-05  6.32016565e+02  1.40955927e-04 -6.77970878e+02 
 1.06351539e-05  6.32016565e+02  2.80055285e-04 -6.77948806e+02 
 1.06351968e-05  6.32016565e+02  4.86172221e-04 -6.77889281e+02 
 1.06352411e-05  6.32016565e+02  6.98888749e-04 -6.77794266e+02 
 1.06352972e-05  6.32016565e+02  9.67945880e-04 -6.77625210e+02 
 1.06353544e-05  6.32016566e+02  1.24300159e-03 -6.77395932e+02 
 1.06354205e-05  6.32016566e+02  1.56011891e-03 -6.77060721e+02 
 1.06354882e-05  6.32016566e+02  1.88454497e-03 -6.76639173e+02 
 1.06355627e-05  6.32016566e+02  2.24208702e-03 -6.76082407e+02 
 1.06356392e-05  6.32016567e+02  2.60868081e-03 -6.75411052e+02 
 1.06357215e-05  6.32016567e+02  3.00251500e-03 -6.74576257e+02 
 1.06358060e-05  6.32016568e+02  3.40660486e-03 -6.73597231e+02 
 1.06358954e-05  6.32016568e+02  3.83370230e-03 -6.72427285e+02 
 1.06359873e-05  6.32016569e+02  4.27170480e-03 -6.71082789e+02 
 1.06360835e-05  6.32016570e+02  4.72953503e-03 -6.69520329e+02 
 1.06361822e-05  6.32016571e+02  5.19852167e-03 -6.67752689e+02 
 1.06362847e-05  6.32016572e+02  5.68488630e-03 -6.65740164e+02 
 1.06363899e-05  6.32016574e+02  6.18238080e-03 -6.63491717e+02 
 1.06364987e-05  6.32016575e+02  6.69531486e-03 -6.60971361e+02 
 1.06366101e-05  6.32016577e+02  7.21915471e-03 -6.58184330e+02 
 1.06367249e-05  6.32016579e+02  7.75685414e-03 -6.55098102e+02 
 1.06368424e-05  6.32016581e+02  8.30509344e-03 -6.51714460e+02 
 1.06369631e-05  6.32016583e+02  8.86586333e-03 -6.48003954e+02 
 1.06370865e-05  6.32016585e+02  9.43670408e-03 -6.43965267e+02 
 1.06372130e-05  6.32016588e+02  1.00189216e-02 -6.39571559e+02 
 1.06373423e-05  6.32016591e+02  1.06106647e-02 -6.34818777e+02 
 1.06374746e-05  6.32016594e+02  1.12127513e-02 -6.29682208e+02 
 1.06376098e-05  6.32016597e+02  1.18237599e-02 -6.24155391e+02 
 1.06377481e-05  6.32016601e+02  1.24441599e-02 -6.18215260e+02 
 1.06378892e-05  6.32016605e+02  1.30728324e-02 -6.11853210e+02 
 1.06380335e-05  6.32016609e+02  1.37099964e-02 -6.05047345e+02 
 1.06381808e-05  6.32016613e+02  1.43547449e-02 -5.97787098e+02 
 1.06383312e-05  6.32016618e+02  1.50071168e-02 -5.90051263e+02 
 1.06384848e-05  6.32016623e+02  1.56663521e-02 -5.81827381e+02 
 1.06386417e-05  6.32016628e+02  1.63323590e-02 -5.73094438e+02 
 1.06388019e-05  6.32016634e+02  1.70044789e-02 -5.63838022e+02 
 1.06389656e-05  6.32016640e+02  1.76825248e-02 -5.54036742e+02 
 1.06391329e-05  6.32016646e+02  1.83659079e-02 -5.43674000e+02 
 1.06393039e-05  6.32016653e+02  1.90543715e-02 -5.32727335e+02 
 1.06394787e-05  6.32016660e+02  1.97473755e-02 -5.21177490e+02 
 1.06396576e-05  6.32016668e+02  2.04446143e-02 -5.09000015e+02 
 1.06398406e-05  6.32016676e+02  2.11455834e-02 -4.96172156e+02 
 1.06400282e-05  6.32016685e+02  2.18499466e-02 -4.82666155e+02 
 1.06402205e-05  6.32016694e+02  2.25572316e-02 -4.68454334e+02 
 1.06404178e-05  6.32016703e+02  2.32670915e-02 -4.53503591e+02 
 1.06406205e-05  6.32016713e+02  2.39790942e-02 -4.37778879e+02 
 1.06408290e-05  6.32016724e+02  2.46929108e-02 -4.21238351e+02 
 1.06410439e-05  6.32016736e+02  2.54081759e-02 -4.03835214e+02 
 1.06412658e-05  6.32016748e+02  2.61246312e-02 -3.85512755e+02 
 1.06414954e-05  6.32016761e+02  2.68420444e-02 -3.66204005e+02 
 1.06417337e-05  6.32016775e+02  2.75603379e-02 -3.45825173e+02 
 1.06419819e-05  6.32016789e+02  2.82795778e-02 -3.24271101e+02 
 1.06422415e-05  6.32016805e+02  2.90001435e-02 -3.01403002e+02 
 1.06425149e-05  6.32016822e+02  2.97228643e-02 -2.77032284e+02 
 1.06428034e-05  6.32016841e+02  3.04449950e-02 -2.51051662e+02 
 1.06430807e-05  6.32016859e+02  3.10998928e-02 -2.25868060e+02 
 1.06433646e-05  6.32016878e+02  3.17300719e-02 -1.99936155e+02 
 1.06436380e-05  6.32016896e+02  3.22981698e-02 -1.74876370e+02 
 1.06439156e-05  6.32016916e+02  3.28360619e-02 -1.49392883e+02 
 1.06441857e-05  6.32016935e+02  3.33218227e-02 -1.24604276e+02 
 1.06444588e-05  6.32016954e+02  3.37751173e-02 -9.96044396e+01 
 1.06447266e-05  6.32016973e+02  3.41828731e-02 -7.51902987e+01 
 1.06449963e-05  6.32016993e+02  3.45569705e-02 -5.07429886e+01 
 1.06452621e-05  6.32017013e+02  3.48899497e-02 -2.68289666e+01 
 1.06455291e-05  6.32017033e+02  3.51891216e-02 -3.01695799e+00 
 1.06457933e-05  6.32017053e+02  3.54504757e-02  2.02885861e+01 
 1.06460582e-05  6.32017073e+02  3.56784683e-02  4.33836771e+01 
 1.06463210e-05  6.32017093e+02  3.58712751e-02  6.59859585e+01 
 1.06465843e-05  6.32017113e+02  3.60316008e-02  8.82953173e+01 
 1.06468460e-05  6.32017133e+02  3.61589079e-02  1.10115444e+02 
 1.06471080e-05  6.32017153e+02  3.62548685e-02  1.31580001e+02 
 1.06473689e-05  6.32017173e+02  3.63196737e-02  1.52552904e+02 
 1.06476301e-05  6.32017193e+02  3.63544063e-02  1.73122819e+02 
 1.06478904e-05  6.32017214e+02  3.63596487e-02  1.93195769e+02 
 1.06481510e-05  6.32017234e+02  3.63361606e-02  2.12830251e+02 
 1.06484111e-05  6.32017254e+02  3.62847151e-02  2.31961727e+02 
 1.06486714e-05  6.32017274e+02  3.62059056e-02  2.50628757e+02 
 1.06489314e-05  6.32017294e+02  3.61005799e-02  2.68787415e+02 
 1.06491887e-05  6.32017314e+02  3.59708550e-02  2.86269088e+02 
 1.06494448e-05  6.32017333e+02  3.58173266e-02  3.03170424e+02 
 1.06496985e-05  6.32017352e+02  3.56418445e-02  3.19425894e+02 
 1.06499512e-05  6.32017371e+02  3.54446419e-02  3.35126206e+02 
 1.06502022e-05  6.32017390e+02  3.52272643e-02  3.50235823e+02 
 1.06504525e-05  6.32017409e+02  3.49898533e-02  3.64818223e+02 
 1.06507017e-05  6.32017428e+02  3.47337405e-02  3.78851639e+02 
 1.06509503e-05  6.32017446e+02  3.44590700e-02  3.92380345e+02 
 1.06511982e-05  6.32017464e+02  3.41669833e-02  4.05392521e+02 
 1.06514459e-05  6.32017482e+02  3.38576442e-02  4.17920399e+02 
 1.06516930e-05  6.32017500e+02  3.35320240e-02  4.29959229e+02 
 1.06519401e-05  6.32017517e+02  3.31903086e-02  4.41533413e+02 
 1.06521869e-05  6.32017534e+02  3.28333232e-02  4.52642957e+02 
 1.06524339e-05  6.32017552e+02  3.24612740e-02  4.63307066e+02 
 1.06526809e-05  6.32017569e+02  3.20748637e-02  4.73528889e+02 
 1.06529281e-05  6.32017585e+02  3.16743130e-02  4.83324184e+02 
 1.06531755e-05  6.32017602e+02  3.12602224e-02  4.92698179e+02 
 1.06534234e-05  6.32017618e+02  3.08328201e-02  5.01664355e+02 
 1.06536716e-05  6.32017634e+02  3.03926208e-02  5.10229319e+02 
 1.06539204e-05  6.32017650e+02  2.99398534e-02  5.18405061e+02 
 1.06541698e-05  6.32017666e+02  2.94749598e-02  5.26199103e+02 
 1.06544200e-05  6.32017682e+02  2.89981630e-02  5.33622466e+02 
 1.06546708e-05  6.32017697e+02  2.85098426e-02  5.40683281e+02 
 1.06549226e-05  6.32017712e+02  2.80102100e-02  5.47391945e+02 
 1.06551752e-05  6.32017727e+02  2.74995896e-02  5.53756998e+02 
 1.06554288e-05  6.32017742e+02  2.69781766e-02  5.59788442e+02 
 1.06556836e-05  6.32017756e+02  2.64462457e-02  5.65495092e+02 
 1.06559395e-05  6.32017771e+02  2.59039712e-02  5.70886701e+02 
 1.06561966e-05  6.32017785e+02  2.53515816e-02  5.75972269e+02 
 1.06564551e-05  6.32017798e+02  2.47892264e-02  5.80761395e+02 
 1.06567150e-05  6.32017812e+02  2.42170899e-02  5.85263206e+02 
 1.06569764e-05  6.32017825e+02  2.36352926e-02  5.89487204e+02 
 1.06572394e-05  6.32017838e+02  2.30439751e-02  5.93442596e+02 
 1.06575041e-05  6.32017851e+02  2.24432253e-02  5.97138823e+02 
 1.06577706e-05  6.32017864e+02  2.18331394e-02  6.00585141e+02 
 1.06580389e-05  6.32017876e+02  2.12137680e-02  6.03790945e+02 
 1.06583093e-05  6.32017888e+02  2.05851613e-02  6.06765512e+02 
 1.06585817e-05  6.32017900e+02  1.99473284e-02  6.09518199e+02 
 1.06588564e-05  6.32017911e+02  1.93002701e-02  6.12058281e+02 
 1.06591334e-05  6.32017922e+02  1.86439491e-02  6.14395069e+02 
 1.06594128e-05  6.32017933e+02  1.79783131e-02  6.16537813e+02 
 1.06596949e-05  6.32017944e+02  1.73032731e-02  6.18495770e+02 
 1.06599797e-05  6.32017954e+02  1.66187192e-02  6.20278140e+02 
 1.06602674e-05  6.32017964e+02  1.59245052e-02  6.21894105e+02 
 1.06605581e-05  6.32017974e+02  1.52204598e-02  6.23352788e+02 
 1.06608520e-05  6.32017983e+02  1.45063754e-02  6.24663270e+02 
 1.06611493e-05  6.32017992e+02  1.37820177e-02  6.25834558e+02 
 1.06614502e-05  6.32018000e+02  1.30471184e-02  6.26875596e+02 
 1.06617549e-05  6.32018009e+02  1.23013854e-02  6.27795230e+02 
 1.06620629e-05  6.32018016e+02  1.15458955e-02  6.28600835e+02 
 1.06623686e-05  6.32018024e+02  1.07947449e-02  6.29289426e+02 
 1.06626744e-05  6.32018031e+02  1.00424629e-02  6.29879151e+02 
 1.06629760e-05  6.32018037e+02  9.29933153e-03  6.30374725e+02 
 1.06632747e-05  6.32018042e+02  8.56266065e-03  6.30790685e+02 
 1.06635668e-05  6.32018048e+02  7.84184923e-03  6.31133839e+02 
 1.06638513e-05  6.32018052e+02  7.13911405e-03  6.31415023e+02 
 1.06641236e-05  6.32018056e+02  6.46616309e-03  6.31640976e+02 
 1.06643799e-05  6.32018059e+02  5.83250711e-03  6.31819708e+02 
 1.06645763e-05  6.32018062e+02  5.34668204e-03  6.31936887e+02 
 1.06646194e-05  6.32018062e+02  5.24022454e-03  6.31960445e+02 
 1.06646880e-05  6.32018063e+02  5.07041847e-03  6.31996525e+02 
 1.06647522e-05  6.32018064e+02  4.91164140e-03  6.32028644e+02 
 1.06648358e-05  6.32018064e+02  4.70478812e-03  6.32068226e+02 
 1.06649384e-05  6.32018065e+02  4.45091749e-03  6.32113452e+02 
 1.06650571e-05  6.32018067e+02  4.15718261e-03  6.32161396e+02 
 1.06651107e-05  6.32018067e+02  4.02433571e-03  6.32181600e+02 
 1.06652018e-05  6.32018068e+02  3.79889543e-03  6.32213870e+02 
 1.06653030e-05  6.32018069e+02  3.54834363e-03  6.32246875e+02 
 1.06654143e-05  6.32018069e+02  3.27286542e-03  6.32279851e+02 
 1.06654900e-05  6.32018070e+02  3.08558957e-03  6.32300372e+02 
 1.06656040e-05  6.32018071e+02  2.80334404e-03  6.32328531e+02 
 1.06657699e-05  6.32018072e+02  2.39250990e-03  6.32363872e+02 
 1.06658802e-05  6.32018072e+02  2.11947282e-03  6.32383836e+02 
 1.06659815e-05  6.32018072e+02  1.86854581e-03  6.32399814e+02 
 1.06661119e-05  6.32018073e+02  1.54563510e-03  6.32417161e+02 
 1.06662202e-05  6.32018073e+02  1.27748716e-03  6.32428900e+02 
 1.06663283e-05  6.32018074e+02  1.00982123e-03  6.32438274e+02 
 1.06664505e-05  6.32018074e+02  7.07193870e-04  6.32446116e+02 
 1.06665472e-05  6.32018074e+02  4.67582551e-04  6.32450288e+02 
 1.06666182e-05  6.32018074e+02  2.91867824e-04  6.32452218e+02 
 1.06666776e-05  6.32018074e+02  1.44797557e-04  6.32453105e+02 
 1.06667391e-05  6.32018074e+02 -7.67235599e-06  6.32453330e+02 
 1.06668102e-05  6.32018074e+02 -1.83699562e-04  6.32452712e+02 
 1.06669001e-05  6.32018074e+02 -4.06229591e-04  6.32450591e+02 
 1.06669826e-05  6.32018074e+02 -6.10660035e-04  6.32447320e+02 
 1.06670900e-05  6.32018074e+02 -8.76580911e-04  6.32441157e+02 
 1.06671897e-05  6.32018073e+02 -1.12354358e-03  6.32433475e+02 
 1.06673892e-05  6.32018073e+02 -1.61745258e-03  6.32412298e+02 
 1.06674859e-05  6.32018072e+02 -1.85684921e-03  6.32399134e+02 
 1.06675804e-05  6.32018072e+02 -2.09102121e-03  6.32384347e+02 
 1.06677008e-05  6.32018072e+02 -2.38896969e-03  6.32362701e+02 
 1.06678617e-05  6.32018071e+02 -2.78747199e-03  6.32328547e+02 
 1.06680459e-05  6.32018069e+02 -3.24354563e-03  6.32281668e+02 
 1.06682450e-05  6.32018068e+02 -3.73623412e-03  6.32220895e+02 
 1.06684492e-05  6.32018066e+02 -4.24168201e-03  6.32146558e+02 
 1.06685057e-05  6.32018066e+02 -4.38153689e-03  6.32123667e+02 
 1.06685646e-05  6.32018065e+02 -4.52733706e-03  6.32098675e+02 
 1.06686126e-05  6.32018065e+02 -4.64604183e-03  6.32077457e+02 
 1.06686727e-05  6.32018064e+02 -4.79472316e-03  6.32049747e+02 
 1.06687323e-05  6.32018063e+02 -4.94222640e-03  6.32020976e+02 
 1.06688040e-05  6.32018063e+02 -5.11959824e-03  6.31984635e+02 
 1.06688955e-05  6.32018062e+02 -5.34600584e-03  6.31935377e+02 
 1.06690023e-05  6.32018060e+02 -5.61013122e-03  6.31873659e+02 
 1.06690895e-05  6.32018059e+02 -5.82574783e-03  6.31819712e+02 
 1.06691865e-05  6.32018058e+02 -6.06577419e-03  6.31755706e+02 
 1.06692614e-05  6.32018057e+02 -6.25095860e-03  6.31703353e+02 
 1.06693569e-05  6.32018056e+02 -6.48697272e-03  6.31632714e+02 
 1.06694499e-05  6.32018055e+02 -6.71695615e-03  6.31559473e+02 
 1.06695473e-05  6.32018053e+02 -6.95750556e-03  6.31477996e+02 
 1.06696442e-05  6.32018052e+02 -7.19711496e-03  6.31391652e+02 
 1.06697466e-05  6.32018050e+02 -7.45008798e-03  6.31294610e+02 
 1.06698493e-05  6.32018048e+02 -7.70364848e-03  6.31190984e+02 
 1.06699571e-05  6.32018047e+02 -7.96968755e-03  6.31075080e+02 
 1.06700651e-05  6.32018045e+02 -8.23635527e-03  6.30951159e+02 
 1.06702811e-05  6.32018041e+02 -8.76945112e-03  6.30678616e+02 
 1.06705120e-05  6.32018036e+02 -9.33859830e-03  6.30348047e+02 
 1.06707625e-05  6.32018031e+02 -9.95595376e-03  6.29938420e+02 
 1.06710947e-05  6.32018024e+02 -1.07733039e-02  6.29304640e+02 
 1.06714071e-05  6.32018017e+02 -1.15409410e-02  6.28602543e+02 
 1.06717612e-05  6.32018008e+02 -1.24092940e-02  6.27666616e+02 
 1.06720844e-05  6.32017999e+02 -1.32000672e-02  6.26666584e+02 
 1.06724230e-05  6.32017989e+02 -1.40264861e-02  6.25451882e+02 
 1.06727376e-05  6.32017979e+02 -1.47922258e-02  6.24153510e+02 
 1.06730602e-05  6.32017969e+02 -1.55749196e-02  6.22635063e+02 
 1.06733662e-05  6.32017958e+02 -1.63145287e-02  6.21003566e+02 
 1.06736766e-05  6.32017947e+02 -1.70618735e-02  6.19140905e+02 
 1.06739752e-05  6.32017936e+02 -1.77774067e-02  6.17136057e+02 
 1.06742759e-05  6.32017925e+02 -1.84944988e-02  6.14888624e+02 
 1.06745678e-05  6.32017913e+02 -1.91868451e-02  6.12471538e+02 
 1.06748603e-05  6.32017901e+02 -1.98765821e-02  6.09800108e+02 
 1.06751462e-05  6.32017889e+02 -2.05461662e-02  6.06932888e+02 
 1.06754317e-05  6.32017876e+02 -2.12103629e-02  6.03798834e+02 
 1.06757121e-05  6.32017863e+02 -2.18574234e-02  6.00444017e+02 
 1.06759917e-05  6.32017850e+02 -2.24972098e-02  5.96809096e+02 
 1.06762672e-05  6.32017837e+02 -2.31218122e-02  5.92929576e+02 
 1.06765416e-05  6.32017823e+02 -2.37378067e-02  5.88756003e+02 
 1.06768127e-05  6.32017809e+02 -2.43398336e-02  5.84315092e+02 
 1.06770825e-05  6.32017795e+02 -2.49322550e-02  5.79565627e+02 
 1.06773496e-05  6.32017781e+02 -2.55114082e-02  5.74527111e+02 
 1.06776155e-05  6.32017766e+02 -2.60801566e-02  5.69165120e+02 
 1.06778790e-05  6.32017751e+02 -2.66359655e-02  5.63493314e+02 
 1.06781414e-05  6.32017736e+02 -2.71806783e-02  5.57482814e+02 
 1.06784019e-05  6.32017721e+02 -2.77125080e-02  5.51142603e+02 
 1.06786612e-05  6.32017705e+02 -2.82325997e-02  5.44448294e+02 
 1.06789189e-05  6.32017690e+02 -2.87396586e-02  5.37405163e+02 
 1.06791756e-05  6.32017674e+02 -2.92343479e-02  5.29992445e+02 
 1.06794309e-05  6.32017658e+02 -2.97156930e-02  5.22212504e+02 
 1.06796853e-05  6.32017642e+02 -3.01840210e-02  5.14047475e+02 
 1.06799386e-05  6.32017625e+02 -3.06385612e-02  5.05497453e+02 
 1.06801911e-05  6.32017609e+02 -3.10794028e-02  4.96546881e+02 
 1.06804428e-05  6.32017592e+02 -3.15058995e-02  4.87194094e+02 
 1.06806937e-05  6.32017575e+02 -3.19179680e-02  4.77425355e+02 
 1.06809440e-05  6.32017558e+02 -3.23150325e-02  4.67237630e+02 
 1.06811939e-05  6.32017541e+02 -3.26968802e-02  4.56618598e+02 
 1.06814432e-05  6.32017523e+02 -3.30629674e-02  4.45564143e+02 
 1.06816922e-05  6.32017506e+02 -3.34129791e-02  4.34063008e+02 
 1.06819409e-05  6.32017488e+02 -3.37463765e-02  4.22110190e+02 
 1.06821894e-05  6.32017470e+02 -3.40627584e-02  4.09695185e+02 
 1.06824379e-05  6.32017452e+02 -3.43615693e-02  3.96812205e+02 
 1.06826865e-05  6.32017434e+02 -3.46423295e-02  3.83451190e+02 
 1.06829351e-05  6.32017415e+02 -3.49044483e-02  3.69605577e+02 
 1.06831841e-05  6.32017397e+02 -3.51473678e-02  3.55265425e+02 
 1.06834334e-05  6.32017378e+02 -3.53704446e-02  3.40423294e+02 
 1.06836833e-05  6.32017359e+02 -3.55730359e-02  3.25068974e+02 
 1.06839338e-05  6.32017340e+02 -3.57544253e-02  3.09193906e+02 
 1.06841851e-05  6.32017321e+02 -3.59138708e-02  2.92787110e+02 
 1.06844374e-05  6.32017302e+02 -3.60505578e-02  2.75838462e+02 
 1.06846909e-05  6.32017282e+02 -3.61636209e-02  2.58335506e+02 
 1.06849457e-05  6.32017263e+02 -3.62521114e-02  2.40265805e+02 
 1.06852021e-05  6.32017243e+02 -3.63150009e-02  2.21614352e+02 
 1.06854604e-05  6.32017223e+02 -3.63511542e-02  2.02365135e+02 
 1.06857208e-05  6.32017203e+02 -3.63593151e-02  1.82498881e+02 
 1.06859837e-05  6.32017182e+02 -3.63380769e-02  1.61993835e+02 
 1.06862486e-05  6.32017162e+02 -3.62860517e-02  1.40887552e+02 
 1.06865127e-05  6.32017142e+02 -3.62029603e-02  1.19426088e+02 
 1.06867779e-05  6.32017121e+02 -3.60875487e-02  9.74757373e+01 
 1.06870424e-05  6.32017101e+02 -3.59399814e-02  7.52111373e+01 
 1.06873079e-05  6.32017081e+02 -3.57587362e-02  5.25150927e+01 
 1.06875730e-05  6.32017061e+02 -3.55440354e-02  2.95200194e+01 
 1.06878392e-05  6.32017041e+02 -3.52942946e-02  6.14779259e+00 
 1.06881054e-05  6.32017021e+02 -3.50097084e-02 -1.74955044e+01 
 1.06883726e-05  6.32017001e+02 -3.46887425e-02 -4.14565476e+01 
 1.06886402e-05  6.32016981e+02 -3.43315056e-02 -6.56483919e+01 
 1.06889089e-05  6.32016962e+02 -3.39365485e-02 -9.00942262e+01 
 1.06891782e-05  6.32016942e+02 -3.35039354e-02 -1.14716456e+02 
 1.06894489e-05  6.32016923e+02 -3.30320226e-02 -1.39535491e+02 
 1.06897204e-05  6.32016904e+02 -3.25211167e-02 -1.64463010e+02 
 1.06899935e-05  6.32016886e+02 -3.19695078e-02 -1.89511031e+02 
 1.06902677e-05  6.32016867e+02 -3.13773223e-02 -2.14601372e+02 
 1.06905436e-05  6.32016849e+02 -3.07429690e-02 -2.39728805e+02 
 1.06908211e-05  6.32016831e+02 -3.00663703e-02 -2.64822170e+02 
 1.06911005e-05  6.32016813e+02 -2.93460383e-02 -2.89861345e+02 
 1.06913819e-05  6.32016796e+02 -2.85816853e-02 -3.14778858e+02 
 1.06916657e-05  6.32016779e+02 -2.77718746e-02 -3.39542111e+02 
 1.06919518e-05  6.32016762e+02 -2.69160972e-02 -3.64084386e+02 
 1.06922115e-05  6.32016748e+02 -2.61055975e-02 -3.85942726e+02 
 1.06924664e-05  6.32016734e+02 -2.52800189e-02 -4.06947969e+02 
 1.06927007e-05  6.32016721e+02 -2.44952221e-02 -4.25830880e+02 
 1.06929307e-05  6.32016709e+02 -2.37010751e-02 -4.43939900e+02 
 1.06931466e-05  6.32016699e+02 -2.29348763e-02 -4.60520294e+02 
 1.06933589e-05  6.32016689e+02 -2.21623466e-02 -4.76403228e+02 
 1.06935610e-05  6.32016679e+02 -2.14099607e-02 -4.91109189e+02 
 1.06937595e-05  6.32016670e+02 -2.06546724e-02 -5.05151532e+02 
 1.06939501e-05  6.32016662e+02 -1.99151975e-02 -5.18231637e+02 
 1.06941373e-05  6.32016654e+02 -1.91758894e-02 -5.30674855e+02 
 1.06943180e-05  6.32016647e+02 -1.84498481e-02 -5.42301000e+02 
 1.06944954e-05  6.32016640e+02 -1.77264228e-02 -5.53320292e+02 
 1.06946673e-05  6.32016634e+02 -1.70147586e-02 -5.63627705e+02 
 1.06948359e-05  6.32016628e+02 -1.63076415e-02 -5.73361363e+02 
 1.06949998e-05  6.32016622e+02 -1.56114663e-02 -5.82463256e+02 
 1.06951604e-05  6.32016617e+02 -1.49213934e-02 -5.91026056e+02 
 1.06953169e-05  6.32016612e+02 -1.42419123e-02 -5.99020957e+02 
 1.06954701e-05  6.32016608e+02 -1.35698224e-02 -6.06511949e+02 
 1.06956196e-05  6.32016604e+02 -1.29082980e-02 -6.13488224e+02 
 1.06957659e-05  6.32016600e+02 -1.22552689e-02 -6.19995672e+02 
 1.06959087e-05  6.32016596e+02 -1.16130057e-02 -6.26034462e+02 
 1.06960484e-05  6.32016593e+02 -1.09802183e-02 -6.31639066e+02 
 1.06961847e-05  6.32016590e+02 -1.03585616e-02 -6.36816252e+02 
 1.06963180e-05  6.32016587e+02 -9.74728554e-03 -6.41593302e+02 
 1.06964480e-05  6.32016584e+02 -9.14763060e-03 -6.45980874e+02 
 1.06965749e-05  6.32016582e+02 -8.55922403e-03 -6.50001724e+02 
 1.06966986e-05  6.32016580e+02 -7.98303444e-03 -6.53668754e+02 
 1.06968191e-05  6.32016578e+02 -7.41895807e-03 -6.57001873e+02 
 1.06969365e-05  6.32016576e+02 -6.86779386e-03 -6.60015234e+02 
 1.06970508e-05  6.32016574e+02 -6.32963810e-03 -6.62726965e+02 
 1.06971618e-05  6.32016573e+02 -5.80519631e-03 -6.65151885e+02 
 1.06972695e-05  6.32016571e+02 -5.29472536e-03 -6.67307012e+02 
 1.06973739e-05  6.32016570e+02 -4.79889893e-03 -6.69207503e+02 
 1.06974749e-05  6.32016569e+02 -4.31811902e-03 -6.70869696e+02 
 1.06975724e-05  6.32016569e+02 -3.85308409e-03 -6.72308914e+02 
 1.06976664e-05  6.32016568e+02 -3.40434977e-03 -6.73541094e+02 
 1.06977567e-05  6.32016567e+02 -2.97270218e-03 -6.74581652e+02 
 1.06978431e-05  6.32016567e+02 -2.55888923e-03 -6.75446318e+02 
 1.06979256e-05  6.32016566e+02 -2.16387217e-03 -6.76150591e+02 
 1.06980038e-05  6.32016566e+02 -1.78868059e-03 -6.76710151e+02 
 1.06980776e-05  6.32016566e+02 -1.43460227e-03 -6.77140624e+02 
 1.06981467e-05  6.32016566e+02 -1.10314977e-03 -6.77457794e+02 
 1.06982106e-05  6.32016565e+02 -7.96266045e-04 -6.77677541e+02 
 1.06982625e-05  6.32016565e+02 -5.47168188e-04 -6.77803683e+02 
 1.06983046e-05  6.32016565e+02 -3.45001088e-04 -6.77871665e+02 
 1.06983385e-05  6.32016565e+02 -1.81801244e-04 -6.77904068e+02 
 1.06983667e-05  6.32016565e+02 -4.65957071e-05 -6.77915706e+02 
 1.06983950e-05  6.32016565e+02  8.93201075e-05 -6.77913517e+02 
 1.06984241e-05  6.32016565e+02  2.29272118e-04 -6.77896712e+02 
 1.06984621e-05  6.32016565e+02  4.11518874e-04 -6.77852695e+02 
 1.06985060e-05  6.32016565e+02  6.22548385e-04 -6.77770442e+02 
 1.06985580e-05  6.32016565e+02  8.72164793e-04 -6.77629795e+02 
 1.06986149e-05  6.32016566e+02  1.14539349e-03 -6.77421965e+02 
 1.06986779e-05  6.32016566e+02  1.44796363e-03 -6.77126075e+02 
 1.06987451e-05  6.32016566e+02  1.76999959e-03 -6.76735196e+02 
 1.06988172e-05  6.32016566e+02  2.11607410e-03 -6.76227750e+02 
 1.06988931e-05  6.32016567e+02  2.47965142e-03 -6.75597008e+02 
 1.06989734e-05  6.32016567e+02  2.86406080e-03 -6.74821163e+02 
 1.06990571e-05  6.32016568e+02  3.26469844e-03 -6.73893157e+02 
 1.06991449e-05  6.32016568e+02  3.68384211e-03 -6.72791550e+02 
 1.06992359e-05  6.32016569e+02  4.11814719e-03 -6.71508705e+02 
 1.06993306e-05  6.32016570e+02  4.56912598e-03 -6.70023851e+02 
 1.06994284e-05  6.32016571e+02  5.03431038e-03 -6.68328588e+02 
 1.06995297e-05  6.32016572e+02  5.51467127e-03 -6.66402923e+02 
 1.06996340e-05  6.32016573e+02  6.00835853e-03 -6.64237609e+02 
 1.06997415e-05  6.32016575e+02  6.51595890e-03 -6.61813426e+02 
 1.06998520e-05  6.32016576e+02  7.03605819e-03 -6.59120278e+02 
 1.06999656e-05  6.32016578e+02  7.56896971e-03 -6.56139653e+02 
 1.07000822e-05  6.32016580e+02  8.11358681e-03 -6.52860636e+02 
 1.07002018e-05  6.32016582e+02  8.67002765e-03 -6.49265315e+02 
 1.07003242e-05  6.32016585e+02  9.23740239e-03 -6.45342003e+02 
 1.07004497e-05  6.32016587e+02  9.81568918e-03 -6.41073253e+02 
 1.07005780e-05  6.32016590e+02  1.04041504e-02 -6.36446641e+02 
 1.07007093e-05  6.32016593e+02  1.10026630e-02 -6.31445036e+02 
 1.07008435e-05  6.32016596e+02  1.16105953e-02 -6.26055289e+02 
 1.07009807e-05  6.32016600e+02  1.22277502e-02 -6.20260413e+02 
 1.07011208e-05  6.32016603e+02  1.28535688e-02 -6.14046516e+02 
 1.07012640e-05  6.32016607e+02  1.34877987e-02 -6.07396558e+02 
 1.07014102e-05  6.32016612e+02  1.41299299e-02 -6.00295840e+02 
 1.07015596e-05  6.32016616e+02  1.47796678e-02 -5.92727036e+02 
 1.07017121e-05  6.32016621e+02  1.54365342e-02 -5.84674503e+02 
 1.07018678e-05  6.32016626e+02  1.61002019e-02 -5.76120342e+02 
 1.07020269e-05  6.32016632e+02  1.67702119e-02 -5.67047743e+02 
 1.07021894e-05  6.32016638e+02  1.74462113e-02 -5.57437853e+02 
 1.07023554e-05  6.32016644e+02  1.81277525e-02 -5.47272340e+02 
 1.07025251e-05  6.32016651e+02  1.88144620e-02 -5.36530875e+02 
 1.07026986e-05  6.32016658e+02  1.95058995e-02 -5.25193046e+02 
 1.07028760e-05  6.32016665e+02  2.02016765e-02 -5.13236296e+02 
 1.07030576e-05  6.32016673e+02  2.09013585e-02 -5.00637267e+02 
 1.07032436e-05  6.32016682e+02  2.16045498e-02 -4.87370034e+02 
 1.07034342e-05  6.32016691e+02  2.23108257e-02 -4.73406912e+02 
 1.07036297e-05  6.32016700e+02  2.30197947e-02 -4.58716796e+02 
 1.07038305e-05  6.32016710e+02  2.37310539e-02 -4.43265391e+02 
 1.07040370e-05  6.32016721e+02  2.44442372e-02 -4.27013378e+02 
 1.07042496e-05  6.32016732e+02  2.51589907e-02 -4.09915854e+02 
 1.07044690e-05  6.32016744e+02  2.58750163e-02 -3.91919842e+02 
 1.07046958e-05  6.32016756e+02  2.65920692e-02 -3.72962313e+02 
 1.07049310e-05  6.32016770e+02  2.73100124e-02 -3.52965927e+02 
 1.07051756e-05  6.32016784e+02  2.80288530e-02 -3.31833855e+02 
 1.07054311e-05  6.32016800e+02  2.87488455e-02 -3.09440517e+02 
 1.07056995e-05  6.32016816e+02  2.94706340e-02 -2.85617262e+02 
 1.07059834e-05  6.32016834e+02  3.01955489e-02 -2.60126009e+02 
 1.07062640e-05  6.32016852e+02  3.08719681e-02 -2.34719572e+02 
 1.07065461e-05  6.32016871e+02  3.15122947e-02 -2.08995180e+02 
 1.07068226e-05  6.32016890e+02  3.21006329e-02 -1.83675109e+02 
 1.07070991e-05  6.32016909e+02  3.26499914e-02 -1.58301817e+02 
 1.07073715e-05  6.32016928e+02  3.31530813e-02 -1.33300705e+02 
 1.07076438e-05  6.32016947e+02  3.36182935e-02 -1.08347057e+02 
 1.07079132e-05  6.32016967e+02  3.40414261e-02 -8.37484941e+01 
 1.07081824e-05  6.32016986e+02  3.44276376e-02 -5.92924801e+01 
 1.07084494e-05  6.32017006e+02  3.47746885e-02 -3.52033365e+01 
 1.07087161e-05  6.32017026e+02  3.50858182e-02 -1.13459776e+01 
 1.07089812e-05  6.32017046e+02  3.53602448e-02  1.21325251e+01 
 1.07092459e-05  6.32017066e+02  3.55999748e-02  3.53081305e+01 
 1.07095094e-05  6.32017086e+02  3.58049887e-02  5.80804986e+01 
 1.07097725e-05  6.32017106e+02  3.59767064e-02  8.04974171e+01 
 1.07100348e-05  6.32017126e+02  3.61154949e-02  1.02487431e+02 
 1.07102967e-05  6.32017146e+02  3.62224285e-02  1.24080223e+02 
 1.07105580e-05  6.32017166e+02  3.62980833e-02  1.45224567e+02 
 1.07108191e-05  6.32017186e+02  3.63433301e-02  1.65938418e+02 
 1.07110797e-05  6.32017206e+02  3.63588518e-02  1.86185118e+02 
 1.07113402e-05  6.32017227e+02  3.63454005e-02  2.05975296e+02 
 1.07116004e-05  6.32017247e+02  3.63037055e-02  2.25282900e+02 
 1.07118607e-05  6.32017267e+02  3.62344502e-02  2.44114198e+02 
 1.07121208e-05  6.32017287e+02  3.61383751e-02  2.62451018e+02 
 1.07123792e-05  6.32017307e+02  3.60170078e-02  2.80181753e+02 
 1.07126356e-05  6.32017326e+02  3.58718355e-02  2.97275593e+02 
 1.07128903e-05  6.32017346e+02  3.57038783e-02  3.13763968e+02 
 1.07131432e-05  6.32017365e+02  3.55143252e-02  3.29650080e+02 
 1.07133948e-05  6.32017384e+02  3.53038809e-02  3.44970841e+02 
 1.07136453e-05  6.32017402e+02  3.50735288e-02  3.59732045e+02 
 1.07138949e-05  6.32017421e+02  3.48238585e-02  3.73960517e+02 
 1.07141437e-05  6.32017439e+02  3.45557241e-02  3.87662035e+02 
 1.07143919e-05  6.32017458e+02  3.42696515e-02  4.00856853e+02 
 1.07146395e-05  6.32017476e+02  3.39663852e-02  4.13551616e+02 
 1.07148869e-05  6.32017493e+02  3.36464004e-02  4.25762748e+02 
 1.07151339e-05  6.32017511e+02  3.33103468e-02  4.37497744e+02 
 1.07153809e-05  6.32017528e+02  3.29586585e-02  4.48770572e+02 
 1.07156278e-05  6.32017546e+02  3.25919053e-02  4.59589307e+02 
 1.07158747e-05  6.32017563e+02  3.22104866e-02  4.69966279e+02 
 1.07161218e-05  6.32017579e+02  3.18149051e-02  4.79909942e+02 
 1.07163692e-05  6.32017596e+02  3.14055292e-02  4.89431539e+02 
 1.07166169e-05  6.32017612e+02  3.09828037e-02  4.98539774e+02 
 1.07168650e-05  6.32017629e+02  3.05470677e-02  5.07245178e+02 
 1.07171136e-05  6.32017645e+02  3.00987155e-02  5.15556629e+02 
 1.07173628e-05  6.32017661e+02  2.96380577e-02  5.23484196e+02 
 1.07176127e-05  6.32017676e+02  2.91654431e-02  5.31036880e+02 
 1.07178633e-05  6.32017692e+02  2.86811539e-02  5.38224461e+02 
 1.07181147e-05  6.32017707e+02  2.81854970e-02  5.45056029e+02 
 1.07183670e-05  6.32017722e+02  2.76787259e-02  5.51541182e+02 
 1.07186203e-05  6.32017737e+02  2.71611082e-02  5.57689082e+02 
 1.07188746e-05  6.32017751e+02  2.66328673e-02  5.63509219e+02 
 1.07191301e-05  6.32017766e+02  2.60942329e-02  5.69010810e+02 
 1.07193868e-05  6.32017780e+02  2.55453974e-02  5.74203281e+02 
 1.07196448e-05  6.32017793e+02  2.49865528e-02  5.79095892e+02 
 1.07199042e-05  6.32017807e+02  2.44178587e-02  5.83698037e+02 
 1.07201651e-05  6.32017821e+02  2.38394688e-02  5.88019003e+02 
 1.07204275e-05  6.32017834e+02  2.32515077e-02  5.92068166e+02 
 1.07206916e-05  6.32017847e+02  2.26540898e-02  5.95854834e+02 
 1.07209574e-05  6.32017859e+02  2.20473017e-02  5.99388365e+02 
 1.07212251e-05  6.32017872e+02  2.14312162e-02  6.02678074e+02 
 1.07214947e-05  6.32017884e+02  2.08058787e-02  6.05733305e+02 
 1.07217664e-05  6.32017896e+02  2.01713173e-02  6.08563367e+02 
 1.07220403e-05  6.32017907e+02  1.95275324e-02  6.11177576e+02 
 1.07223164e-05  6.32017918e+02  1.88745035e-02  6.13585220e+02 
 1.07225950e-05  6.32017929e+02  1.82121813e-02  6.15795579e+02 
 1.07228761e-05  6.32017940e+02  1.75404923e-02  6.17817900e+02 
 1.07231599e-05  6.32017950e+02  1.68593325e-02  6.19661409e+02 
 1.07234466e-05  6.32017961e+02  1.61685704e-02  6.21335288e+02 
 1.07237362e-05  6.32017970e+02  1.54680429e-02  6.22848685e+02 
 1.07240290e-05  6.32017980e+02  1.47575567e-02  6.24210692e+02 
 1.07243251e-05  6.32017989e+02  1.40368865e-02  6.25430344e+02 
 1.07246246e-05  6.32017997e+02  1.33057771e-02  6.26516606e+02 
 1.07249279e-05  6.32018006e+02  1.25639447e-02  6.27478360e+02 
 1.07252351e-05  6.32018014e+02  1.18110824e-02  6.28324389e+02 
 1.07255416e-05  6.32018021e+02  1.10584334e-02  6.29053011e+02 
 1.07258477e-05  6.32018028e+02  1.03056845e-02  6.29677344e+02 
 1.07261509e-05  6.32018035e+02  9.55906252e-03  6.30205097e+02 
 1.07264511e-05  6.32018040e+02  8.81909084e-03  6.30648688e+02 
 1.07267458e-05  6.32018046e+02  8.09194218e-03  6.31016722e+02 
 1.07270335e-05  6.32018050e+02  7.38134718e-03  6.31319291e+02 
 1.07273108e-05  6.32018055e+02  6.69621113e-03  6.31564154e+02 
 1.07275738e-05  6.32018058e+02  6.04607057e-03  6.31759172e+02 
 1.07277856e-05  6.32018061e+02  5.52228915e-03  6.31892875e+02 
 1.07278358e-05  6.32018061e+02  5.39813970e-03  6.31921760e+02 
 1.07279170e-05  6.32018062e+02  5.19719214e-03  6.31966360e+02 
 1.07279914e-05  6.32018063e+02  5.01335999e-03  6.32004907e+02 
 1.07280610e-05  6.32018064e+02  4.84114418e-03  6.32039137e+02 
 1.07281326e-05  6.32018065e+02  4.66400527e-03  6.32072513e+02 
 1.07281913e-05  6.32018065e+02  4.51862124e-03  6.32098563e+02 
 1.07282667e-05  6.32018066e+02  4.33207298e-03  6.32130275e+02 
 1.07283371e-05  6.32018066e+02  4.15787536e-03  6.32158207e+02 
 1.07284221e-05  6.32018067e+02  3.94738875e-03  6.32189872e+02 
 1.07284976e-05  6.32018068e+02  3.76049656e-03  6.32216145e+02 
 1.07285901e-05  6.32018069e+02  3.53167796e-03  6.32246047e+02 
 1.07286697e-05  6.32018069e+02  3.33448403e-03  6.32269891e+02 
 1.07287711e-05  6.32018070e+02  3.08358422e-03  6.32297761e+02 
 1.07288562e-05  6.32018070e+02  2.87291142e-03  6.32319112e+02 
 1.07289756e-05  6.32018071e+02  2.57727804e-03  6.32346054e+02 
 1.07290698e-05  6.32018072e+02  2.34410090e-03  6.32364916e+02 
 1.07292236e-05  6.32018072e+02  1.96309576e-03  6.32391417e+02 
 1.07292812e-05  6.32018072e+02  1.82042494e-03  6.32400006e+02 
 1.07293965e-05  6.32018073e+02  1.53507565e-03  6.32415082e+02 
 1.07295792e-05  6.32018073e+02  1.08254987e-03  6.32433427e+02 
 1.07296774e-05  6.32018074e+02  8.39286256e-04  6.32440546e+02 
 1.07297761e-05  6.32018074e+02  5.95075849e-04  6.32445809e+02 
 1.07298537e-05  6.32018074e+02  4.02837874e-04  6.32448643e+02 
 1.07299263e-05  6.32018074e+02  2.23114920e-04  6.32450261e+02 
 1.07299943e-05  6.32018074e+02  5.45386258e-05  6.32450881e+02 
 1.07300657e-05  6.32018074e+02 -1.22233477e-04  6.32450601e+02 
 1.07301445e-05  6.32018074e+02 -3.17405960e-04  6.32449191e+02 
 1.07302374e-05  6.32018074e+02 -5.47453752e-04  6.32446045e+02 
 1.07303280e-05  6.32018074e+02 -7.71814430e-04  6.32441422e+02 
 1.07304450e-05  6.32018073e+02 -1.06168102e-03  6.32433149e+02 
 1.07305687e-05  6.32018073e+02 -1.36798773e-03  6.32421531e+02 
 1.07306973e-05  6.32018073e+02 -1.68644480e-03  6.32406223e+02 
 1.07308067e-05  6.32018072e+02 -1.95728043e-03  6.32390517e+02 
 1.07309185e-05  6.32018072e+02 -2.23411387e-03  6.32371810e+02 
 1.07310396e-05  6.32018071e+02 -2.53400645e-03  6.32348385e+02 
 1.07311776e-05  6.32018070e+02 -2.87559880e-03  6.32317502e+02 
 1.07313480e-05  6.32018069e+02 -3.29737073e-03  6.32272813e+02 
 1.07314173e-05  6.32018069e+02 -3.46897719e-03  6.32252432e+02 
 1.07315159e-05  6.32018068e+02 -3.71313104e-03  6.32221127e+02 
 1.07316182e-05  6.32018067e+02 -3.96637900e-03  6.32185672e+02 
 1.07317483e-05  6.32018066e+02 -4.28835091e-03  6.32135969e+02 
 1.07318713e-05  6.32018065e+02 -4.59275067e-03  6.32083930e+02 
 1.07319272e-05  6.32018064e+02 -4.73084975e-03  6.32058616e+02 
 1.07319890e-05  6.32018064e+02 -4.88386252e-03  6.32029275e+02 
 1.07320476e-05  6.32018063e+02 -5.02890306e-03  6.32000171e+02 
 1.07321039e-05  6.32018062e+02 -5.16824830e-03  6.31970991e+02 
 1.07321703e-05  6.32018062e+02 -5.33234911e-03  6.31935049e+02 
 1.07322455e-05  6.32018061e+02 -5.51849991e-03  6.31892141e+02 
 1.07323217e-05  6.32018060e+02 -5.70691241e-03  6.31846316e+02 
 1.07324047e-05  6.32018059e+02 -5.91202555e-03  6.31793579e+02 
 1.07324880e-05  6.32018058e+02 -6.11802305e-03  6.31737503e+02 
 1.07325774e-05  6.32018057e+02 -6.33915331e-03  6.31673688e+02 
 1.07326672e-05  6.32018055e+02 -6.56102491e-03  6.31605730e+02 
 1.07327625e-05  6.32018054e+02 -6.79676828e-03  6.31529013e+02 
 1.07328582e-05  6.32018053e+02 -7.03316345e-03  6.31447203e+02 
 1.07329591e-05  6.32018051e+02 -7.28241082e-03  6.31355403e+02 
 1.07330603e-05  6.32018050e+02 -7.53240406e-03  6.31257338e+02 
 1.07331664e-05  6.32018048e+02 -7.79442093e-03  6.31147805e+02 
 1.07332729e-05  6.32018046e+02 -8.05744980e-03  6.31030555e+02 
 1.07333841e-05  6.32018044e+02 -8.33179647e-03  6.30900083e+02 
 1.07336064e-05  6.32018040e+02 -8.88022979e-03  6.30612521e+02 
 1.07338433e-05  6.32018035e+02 -9.46435107e-03  6.30263649e+02 
 1.07340954e-05  6.32018030e+02 -1.00853821e-02  6.29839442e+02 
 1.07344306e-05  6.32018023e+02 -1.09098284e-02  6.29181289e+02 
 1.07347424e-05  6.32018015e+02 -1.16758771e-02  6.28460409e+02 
 1.07350977e-05  6.32018006e+02 -1.25468742e-02  6.27495499e+02 
 1.07354185e-05  6.32017997e+02 -1.33315248e-02  6.26477011e+02 
 1.07357573e-05  6.32017987e+02 -1.41580713e-02  6.25231874e+02 
 1.07360700e-05  6.32017978e+02 -1.49186174e-02  6.23911894e+02 
 1.07363926e-05  6.32017967e+02 -1.57006905e-02  6.22360755e+02 
 1.07366971e-05  6.32017957e+02 -1.64362319e-02  6.20703698e+02 
 1.07370073e-05  6.32017946e+02 -1.71825562e-02  6.18805833e+02 
 1.07373047e-05  6.32017934e+02 -1.78947715e-02  6.16771494e+02 
 1.07376051e-05  6.32017923e+02 -1.86105677e-02  6.14486317e+02 
 1.07378961e-05  6.32017911e+02 -1.93000839e-02  6.12035944e+02 
 1.07381883e-05  6.32017899e+02 -1.99883406e-02  6.09324189e+02 
 1.07384734e-05  6.32017887e+02 -2.06554175e-02  6.06420005e+02 
 1.07387587e-05  6.32017874e+02 -2.13180095e-02  6.03242990e+02 
 1.07390385e-05  6.32017861e+02 -2.19627735e-02  5.99847644e+02 
 1.07393178e-05  6.32017848e+02 -2.26008644e-02  5.96167082e+02 
 1.07395927e-05  6.32017834e+02 -2.32233005e-02  5.92243580e+02 
 1.07398668e-05  6.32017821e+02 -2.38375250e-02  5.88021653e+02 
 1.07401374e-05  6.32017807e+02 -2.44374571e-02  5.83533416e+02 
 1.07404070e-05  6.32017792e+02 -2.50280404e-02  5.78732868e+02 
 1.07406737e-05  6.32017778e+02 -2.56051265e-02  5.73643790e+02 
 1.07409393e-05  6.32017763e+02 -2.61719684e-02  5.68227983e+02 
 1.07412026e-05  6.32017749e+02 -2.67257044e-02  5.62502480e+02 
 1.07414647e-05  6.32017734e+02 -2.72684382e-02  5.56435440e+02 
 1.07417249e-05  6.32017718e+02 -2.77981627e-02  5.50038492e+02 
 1.07419840e-05  6.32017703e+02 -2.83161962e-02  5.43284939e+02 
 1.07422415e-05  6.32017687e+02 -2.88210958e-02  5.36182122e+02 
 1.07424980e-05  6.32017671e+02 -2.93136396e-02  5.28707483e+02 
 1.07427531e-05  6.32017655e+02 -2.97927529e-02  5.20864992e+02 
 1.07430074e-05  6.32017639e+02 -3.02588386e-02  5.12635397e+02 
 1.07432605e-05  6.32017623e+02 -3.07110583e-02  5.04020037e+02 
 1.07435129e-05  6.32017606e+02 -3.11495503e-02  4.95002288e+02 
 1.07437644e-05  6.32017589e+02 -3.15736227e-02  4.85581443e+02 
 1.07440153e-05  6.32017572e+02 -3.19832233e-02  4.75742947e+02 
 1.07442655e-05  6.32017555e+02 -3.23777452e-02  4.65484500e+02 
 1.07445152e-05  6.32017538e+02 -3.27569944e-02  4.54793151e+02 
 1.07447645e-05  6.32017520e+02 -3.31204059e-02  4.43665346e+02 
 1.07450134e-05  6.32017503e+02 -3.34676754e-02  4.32089342e+02 
 1.07452621e-05  6.32017485e+02 -3.37982486e-02  4.20060560e+02 
 1.07455106e-05  6.32017467e+02 -3.41117295e-02  4.07568113e+02 
 1.07457591e-05  6.32017449e+02 -3.44075508e-02  3.94606527e+02 
 1.07460077e-05  6.32017431e+02 -3.46852340e-02  3.81165437e+02 
 1.07462564e-05  6.32017412e+02 -3.49441788e-02  3.67238499e+02 
 1.07465054e-05  6.32017394e+02 -3.51838251e-02  3.52815516e+02 
 1.07467548e-05  6.32017375e+02 -3.54035206e-02  3.37889183e+02 
 1.07470048e-05  6.32017356e+02 -3.56026178e-02  3.22449059e+02 
 1.07472554e-05  6.32017337e+02 -3.57803911e-02  3.06486638e+02 
 1.07475069e-05  6.32017318e+02 -3.59360908e-02  2.89990707e+02 
 1.07477594e-05  6.32017299e+02 -3.60688916e-02  2.72951106e+02 
 1.07480131e-05  6.32017279e+02 -3.61779169e-02  2.55355105e+02 
 1.07482681e-05  6.32017259e+02 -3.62622046e-02  2.37190119e+02 
 1.07485249e-05  6.32017240e+02 -3.63207102e-02  2.18440782e+02 
 1.07487835e-05  6.32017220e+02 -3.63522795e-02  1.99090774e+02 
 1.07490443e-05  6.32017199e+02 -3.63556335e-02  1.79120290e+02 
 1.07493076e-05  6.32017179e+02 -3.63293374e-02  1.58507008e+02 
 1.07495723e-05  6.32017159e+02 -3.62721873e-02  1.37347384e+02 
 1.07498367e-05  6.32017138e+02 -3.61837518e-02  1.15798388e+02 
 1.07501017e-05  6.32017118e+02 -3.60630459e-02  9.38005329e+01 
 1.07503664e-05  6.32017098e+02 -3.59099011e-02  7.14594936e+01 
 1.07506318e-05  6.32017077e+02 -3.57231554e-02  4.87170478e+01 
 1.07508971e-05  6.32017057e+02 -3.55026493e-02  2.56555587e+01 
 1.07511632e-05  6.32017037e+02 -3.52471812e-02  2.24040242e+00 
 1.07514297e-05  6.32017017e+02 -3.49565689e-02 -2.14587270e+01 
 1.07516969e-05  6.32016998e+02 -3.46296402e-02 -4.54569115e+01 
 1.07519647e-05  6.32016978e+02 -3.42661586e-02 -6.96935066e+01 
 1.07522335e-05  6.32016958e+02 -3.38649968e-02 -9.41688284e+01 
 1.07525031e-05  6.32016939e+02 -3.34259114e-02 -1.18824483e+02 
 1.07527739e-05  6.32016920e+02 -3.29475550e-02 -1.43663052e+02 
 1.07530456e-05  6.32016901e+02 -3.24299472e-02 -1.68611492e+02 
 1.07533189e-05  6.32016882e+02 -3.18716372e-02 -1.93668187e+02 
 1.07535934e-05  6.32016864e+02 -3.12725095e-02 -2.18765862e+02 
 1.07538695e-05  6.32016846e+02 -3.06311859e-02 -2.43889391e+02 
 1.07541473e-05  6.32016828e+02 -2.99473895e-02 -2.68975224e+02 
 1.07544271e-05  6.32016810e+02 -2.92198009e-02 -2.93996140e+02 
 1.07547089e-05  6.32016793e+02 -2.84479701e-02 -3.18889837e+02 
 1.07549930e-05  6.32016776e+02 -2.76305909e-02 -3.43618597e+02 
 1.07552759e-05  6.32016760e+02 -2.67784583e-02 -3.67804794e+02 
 1.07555338e-05  6.32016745e+02 -2.59684936e-02 -3.89435569e+02 
 1.07557859e-05  6.32016732e+02 -2.51471934e-02 -4.10137364e+02 
 1.07560187e-05  6.32016719e+02 -2.43633276e-02 -4.28829370e+02 
 1.07562469e-05  6.32016708e+02 -2.35720987e-02 -4.46715405e+02 
 1.07564617e-05  6.32016697e+02 -2.28065530e-02 -4.63141397e+02 
 1.07566726e-05  6.32016687e+02 -2.20361358e-02 -4.78848890e+02 
 1.07568737e-05  6.32016678e+02 -2.12844210e-02 -4.93420711e+02 
 1.07570711e-05  6.32016669e+02 -2.05308919e-02 -5.07315689e+02 
 1.07572610e-05  6.32016661e+02 -1.97922337e-02 -5.20274786e+02 
 1.07574472e-05  6.32016653e+02 -1.90545288e-02 -5.32589701e+02 
 1.07576273e-05  6.32016646e+02 -1.83294647e-02 -5.44105167e+02 
 1.07578038e-05  6.32016639e+02 -1.76075801e-02 -5.55010420e+02 
 1.07579751e-05  6.32016633e+02 -1.68970441e-02 -5.65216004e+02 
 1.07581429e-05  6.32016627e+02 -1.61914617e-02 -5.74846933e+02 
 1.07583062e-05  6.32016622e+02 -1.54965552e-02 -5.83854872e+02 
 1.07584662e-05  6.32016616e+02 -1.48080480e-02 -5.92324324e+02 
 1.07586221e-05  6.32016612e+02 -1.41299679e-02 -6.00232458e+02 
 1.07587748e-05  6.32016607e+02 -1.34595002e-02 -6.07638189e+02 
 1.07589237e-05  6.32016603e+02 -1.27995031e-02 -6.14534373e+02 
 1.07590695e-05  6.32016599e+02 -1.21481702e-02 -6.20963766e+02 
 1.07592117e-05  6.32016596e+02 -1.15075571e-02 -6.26928756e+02 
 1.07593509e-05  6.32016592e+02 -1.08765534e-02 -6.32461894e+02 
 1.07594867e-05  6.32016589e+02 -1.02566685e-02 -6.37571277e+02 
 1.07596194e-05  6.32016586e+02 -9.64727441e-03 -6.42283012e+02 
 1.07597489e-05  6.32016584e+02 -9.04951428e-03 -6.46608545e+02 
 1.07598752e-05  6.32016581e+02 -8.46309859e-03 -6.50569918e+02 
 1.07599984e-05  6.32016579e+02 -7.88893125e-03 -6.54180491e+02 
 1.07601185e-05  6.32016577e+02 -7.32696578e-03 -6.57459744e+02 
 1.07602354e-05  6.32016576e+02 -6.77795928e-03 -6.60422088e+02 
 1.07603491e-05  6.32016574e+02 -6.24204799e-03 -6.63085397e+02 
 1.07604595e-05  6.32016573e+02 -5.71991179e-03 -6.65464633e+02 
 1.07605667e-05  6.32016571e+02 -5.21183657e-03 -6.67576661e+02 
 1.07606706e-05  6.32016570e+02 -4.71848229e-03 -6.69436718e+02 
 1.07607710e-05  6.32016569e+02 -4.24027387e-03 -6.71061053e+02 
 1.07608680e-05  6.32016568e+02 -3.77790554e-03 -6.72465030e+02 
 1.07609614e-05  6.32016568e+02 -3.33195385e-03 -6.73664538e+02 
 1.07610510e-05  6.32016567e+02 -2.90320976e-03 -6.74675014e+02 
 1.07611368e-05  6.32016567e+02 -2.49244456e-03 -6.75512168e+02 
 1.07612186e-05  6.32016566e+02 -2.10063561e-03 -6.76191511e+02 
 1.07612961e-05  6.32016566e+02 -1.72884514e-03 -6.76728721e+02 
 1.07613692e-05  6.32016566e+02 -1.37839612e-03 -6.77139440e+02 
 1.07614374e-05  6.32016566e+02 -1.05085849e-03 -6.77439466e+02 
 1.07615004e-05  6.32016565e+02 -7.48254825e-04 -6.77644711e+02 
 1.07615512e-05  6.32016565e+02 -5.04664971e-04 -6.77759755e+02 
 1.07615919e-05  6.32016565e+02 -3.08990078e-04 -6.77819766e+02 
 1.07616243e-05  6.32016565e+02 -1.53261702e-04 -6.77846898e+02 
 1.07616523e-05  6.32016565e+02 -1.87632086e-05 -6.77855618e+02 
 1.07616841e-05  6.32016565e+02  1.33940900e-04 -6.77848989e+02 
 1.07617128e-05  6.32016565e+02  2.71690927e-04 -6.77827927e+02 
 1.07617559e-05  6.32016565e+02  4.78753928e-04 -6.77769356e+02 
 1.07617997e-05  6.32016565e+02  6.88915694e-04 -6.77676851e+02 
 1.07618557e-05  6.32016566e+02  9.57806539e-04 -6.77509922e+02 
 1.07619126e-05  6.32016566e+02  1.23086991e-03 -6.77284579e+02 
 1.07619786e-05  6.32016566e+02  1.54776712e-03 -6.76952498e+02 
 1.07620459e-05  6.32016566e+02  1.87069282e-03 -6.76536057e+02 
 1.07621204e-05  6.32016566e+02  2.22793911e-03 -6.75983483e+02 
 1.07621967e-05  6.32016567e+02  2.59331910e-03 -6.75318372e+02 
 1.07622789e-05  6.32016567e+02  2.98677650e-03 -6.74488940e+02 
 1.07623632e-05  6.32016568e+02  3.38984222e-03 -6.73517284e+02 
 1.07624526e-05  6.32016569e+02  3.81650906e-03 -6.72353930e+02 
 1.07625442e-05  6.32016569e+02  4.25362721e-03 -6.71017914e+02 
 1.07626403e-05  6.32016570e+02  4.71099722e-03 -6.69463300e+02 
 1.07627389e-05  6.32016571e+02  5.17920614e-03 -6.67705248e+02 
 1.07628413e-05  6.32016572e+02  5.66509735e-03 -6.65701838e+02 
 1.07629464e-05  6.32016574e+02  6.16189694e-03 -6.63464094e+02 
 1.07630551e-05  6.32016575e+02  6.67435564e-03 -6.60954132e+02 
 1.07631664e-05  6.32016577e+02  7.19756671e-03 -6.58178933e+02 
 1.07632810e-05  6.32016579e+02  7.73479676e-03 -6.55104387e+02 
 1.07633984e-05  6.32016581e+02  8.28246155e-03 -6.51733729e+02 
 1.07635190e-05  6.32016583e+02  8.84277380e-03 -6.48036200e+02 
 1.07636422e-05  6.32016585e+02  9.41308610e-03 -6.44011677e+02 
 1.07637687e-05  6.32016588e+02  9.99486192e-03 -6.39632253e+02 
 1.07638978e-05  6.32016591e+02  1.05861169e-02 -6.34894845e+02 
 1.07640301e-05  6.32016594e+02  1.11877809e-02 -6.29773884e+02 
 1.07641651e-05  6.32016597e+02  1.17983380e-02 -6.24263690e+02 
 1.07643033e-05  6.32016601e+02  1.24183370e-02 -6.18340515e+02 
 1.07644443e-05  6.32016605e+02  1.30465920e-02 -6.11996382e+02 
 1.07645885e-05  6.32016609e+02  1.36833786e-02 -6.05208857e+02 
 1.07647356e-05  6.32016613e+02  1.43277423e-02 -5.97967875e+02 
 1.07648860e-05  6.32016618e+02  1.49797620e-02 -5.90251816e+02 
 1.07650394e-05  6.32016623e+02  1.56386442e-02 -5.82048622e+02 
 1.07651962e-05  6.32016628e+02  1.63043256e-02 -5.73336961e+02 
 1.07653563e-05  6.32016634e+02  1.69761240e-02 -5.64102749e+02 
 1.07655199e-05  6.32016640e+02  1.76538723e-02 -5.54324360e+02 
 1.07656870e-05  6.32016646e+02  1.83369653e-02 -5.43985465e+02 
 1.07658578e-05  6.32016653e+02  1.90251604e-02 -5.33063443e+02 
 1.07660325e-05  6.32016660e+02  1.97179058e-02 -5.21539268e+02 
 1.07662112e-05  6.32016668e+02  2.04149058e-02 -5.09388394e+02 
 1.07663941e-05  6.32016676e+02  2.11156478e-02 -4.96588282e+02 
 1.07665815e-05  6.32016684e+02  2.18198023e-02 -4.83111145e+02 
 1.07667736e-05  6.32016693e+02  2.25268911e-02 -4.68929526e+02 
 1.07669707e-05  6.32016703e+02  2.32365716e-02 -4.54010371e+02 
 1.07671732e-05  6.32016713e+02  2.39484070e-02 -4.38318894e+02 
 1.07673815e-05  6.32016724e+02  2.46620709e-02 -4.21813408e+02 
 1.07675961e-05  6.32016735e+02  2.53771934e-02 -4.04447477e+02 
 1.07678177e-05  6.32016747e+02  2.60935162e-02 -3.86164727e+02 
 1.07680470e-05  6.32016760e+02  2.68108013e-02 -3.66898771e+02 
 1.07682849e-05  6.32016774e+02  2.75289672e-02 -3.46566515e+02 
 1.07685327e-05  6.32016789e+02  2.82480698e-02 -3.25063896e+02 
 1.07687919e-05  6.32016805e+02  2.89684752e-02 -3.02253684e+02 
 1.07690647e-05  6.32016822e+02  2.96909875e-02 -2.77949820e+02 
 1.07693537e-05  6.32016840e+02  3.04157669e-02 -2.51939350e+02 
 1.07696307e-05  6.32016858e+02  3.10714469e-02 -2.26789717e+02 
 1.07699151e-05  6.32016877e+02  3.17040431e-02 -2.00825828e+02 
 1.07701883e-05  6.32016896e+02  3.22731728e-02 -1.75787005e+02 
 1.07704662e-05  6.32016915e+02  3.28130626e-02 -1.50278956e+02 
 1.07707362e-05  6.32016934e+02  3.32999656e-02 -1.25502798e+02 
 1.07710095e-05  6.32016954e+02  3.37549849e-02 -1.00482969e+02 
 1.07712772e-05  6.32016973e+02  3.41639471e-02 -7.60741492e+01 
 1.07715471e-05  6.32016993e+02  3.45395888e-02 -5.16091717e+01 
 1.07718129e-05  6.32017012e+02  3.48737984e-02 -2.76947203e+01 
 1.07720800e-05  6.32017032e+02  3.51743832e-02 -3.86628387e+00 
 1.07723442e-05  6.32017052e+02  3.54369606e-02  1.94440391e+01 
 1.07726092e-05  6.32017072e+02  3.56662661e-02  4.25551070e+01 
 1.07728720e-05  6.32017092e+02  3.58602707e-02  6.51655169e+01 
 1.07731353e-05  6.32017112e+02  3.60218286e-02  8.74908270e+01 
 1.07733970e-05  6.32017132e+02  3.61502970e-02  1.09321666e+02 
 1.07736591e-05  6.32017152e+02  3.62474212e-02  1.30802403e+02 
 1.07739200e-05  6.32017172e+02  3.63133449e-02  1.51788014e+02 
 1.07741812e-05  6.32017193e+02  3.63491805e-02  1.72374457e+02 
 1.07744416e-05  6.32017213e+02  3.63554949e-02  1.92461663e+02 
 1.07747022e-05  6.32017233e+02  3.63330544e-02  2.12113062e+02 
 1.07749623e-05  6.32017253e+02  3.62826331e-02  2.31259976e+02 
 1.07752226e-05  6.32017273e+02  3.62048191e-02  2.49944253e+02 
 1.07754826e-05  6.32017293e+02  3.61004690e-02  2.68119273e+02 
 1.07757401e-05  6.32017313e+02  3.59716134e-02  2.85626414e+02 
 1.07759962e-05  6.32017332e+02  3.58189693e-02  3.02546006e+02 
 1.07762500e-05  6.32017352e+02  3.56442729e-02  3.18825111e+02 
 1.07765027e-05  6.32017371e+02  3.54478829e-02  3.34543322e+02 
 1.07767538e-05  6.32017390e+02  3.52312329e-02  3.49674277e+02 
 1.07770041e-05  6.32017408e+02  3.49945743e-02  3.64274115e+02 
 1.07772533e-05  6.32017427e+02  3.47391412e-02  3.78327208e+02 
 1.07775020e-05  6.32017445e+02  3.44651697e-02  3.91872941e+02 
 1.07777500e-05  6.32017463e+02  3.41737208e-02  4.04903548e+02 
 1.07779976e-05  6.32017481e+02  3.38650336e-02  4.17448012e+02 
 1.07782448e-05  6.32017499e+02  3.35400142e-02  4.29504261e+02 
 1.07784918e-05  6.32017516e+02  3.31989088e-02  4.41094550e+02 
 1.07787387e-05  6.32017534e+02  3.28424913e-02  4.52220651e+02 
 1.07789857e-05  6.32017551e+02  3.24710149e-02  4.62900355e+02 
 1.07792326e-05  6.32017568e+02  3.20851427e-02  4.73137972e+02 
 1.07794798e-05  6.32017585e+02  3.16851317e-02  4.82948332e+02 
 1.07797273e-05  6.32017601e+02  3.12715522e-02  4.92337421e+02 
 1.07799751e-05  6.32017618e+02  3.08446600e-02  5.01318116e+02 
 1.07802234e-05  6.32017634e+02  3.04049473e-02  5.09897517e+02 
 1.07804722e-05  6.32017650e+02  2.99526637e-02  5.18087220e+02 
 1.07807216e-05  6.32017666e+02  2.94882345e-02  5.25895066e+02 
 1.07809716e-05  6.32017681e+02  2.90118984e-02  5.33331819e+02 
 1.07812225e-05  6.32017696e+02  2.85240224e-02  5.40405819e+02 
 1.07814742e-05  6.32017712e+02  2.80248300e-02  5.47127296e+02 
 1.07817268e-05  6.32017727e+02  2.75146365e-02  5.53504923e+02 
 1.07819804e-05  6.32017741e+02  2.69936462e-02  5.59548593e+02 
 1.07822351e-05  6.32017756e+02  2.64621270e-02  5.65267206e+02 
 1.07824910e-05  6.32017770e+02  2.59202603e-02  5.70670445e+02 
 1.07827481e-05  6.32017784e+02  2.53682699e-02  5.75767364e+02 
 1.07830065e-05  6.32017798e+02  2.48063105e-02  5.80567519e+02 
 1.07832663e-05  6.32017811e+02  2.42345633e-02  5.85080066e+02 
 1.07835277e-05  6.32017825e+02  2.36531530e-02  5.89314482e+02 
 1.07837906e-05  6.32017838e+02  2.30622180e-02  5.93279992e+02 
 1.07840552e-05  6.32017851e+02  2.24618495e-02  5.96986020e+02 
 1.07843216e-05  6.32017863e+02  2.18521425e-02  6.00441832e+02 
 1.07845899e-05  6.32017875e+02  2.12331505e-02  6.03656814e+02 
 1.07848602e-05  6.32017887e+02  2.06049229e-02  6.06640247e+02 
 1.07851325e-05  6.32017899e+02  1.99674715e-02  6.09401482e+02 
 1.07854071e-05  6.32017911e+02  1.93207969e-02  6.11949795e+02 
 1.07856840e-05  6.32017922e+02  1.86648643e-02  6.14294496e+02 
 1.07859634e-05  6.32017933e+02  1.79996218e-02  6.16444834e+02 
 1.07862453e-05  6.32017943e+02  1.73249825e-02  6.18410064e+02 
 1.07865300e-05  6.32017954e+02  1.66408378e-02  6.20199387e+02 
 1.07868176e-05  6.32017964e+02  1.59470435e-02  6.21821982e+02 
 1.07871081e-05  6.32017973e+02  1.52434301e-02  6.23286971e+02 
 1.07874019e-05  6.32017983e+02  1.45297924e-02  6.24603435e+02 
 1.07876991e-05  6.32017992e+02  1.38058980e-02  6.25780383e+02 
 1.07879998e-05  6.32018000e+02  1.30714816e-02  6.26826754e+02 
 1.07883043e-05  6.32018008e+02  1.23262535e-02  6.27751399e+02 
 1.07886125e-05  6.32018016e+02  1.15702875e-02  6.28562682e+02 
 1.07889184e-05  6.32018023e+02  1.08190068e-02  6.29255977e+02 
 1.07892244e-05  6.32018030e+02  1.00659999e-02  6.29850344e+02 
 1.07895263e-05  6.32018036e+02  9.32229383e-03  6.30349828e+02 
 1.07898255e-05  6.32018042e+02  8.58454237e-03  6.30769440e+02 
 1.07901181e-05  6.32018047e+02  7.86237197e-03  6.31115788e+02 
 1.07904034e-05  6.32018052e+02  7.15782824e-03  6.31399791e+02 
 1.07906767e-05  6.32018056e+02  6.48226109e-03  6.31628272e+02 
 1.07909344e-05  6.32018059e+02  5.84517575e-03  6.31809205e+02 
 1.07911341e-05  6.32018062e+02  5.35132008e-03  6.31928987e+02 
 1.07911773e-05  6.32018062e+02  5.24458884e-03  6.31952713e+02 
 1.07912495e-05  6.32018063e+02  5.06594499e-03  6.31990794e+02 
 1.07913177e-05  6.32018064e+02  4.89715105e-03  6.32024954e+02 
 1.07914028e-05  6.32018064e+02  4.68663571e-03  6.32065171e+02 
 1.07914970e-05  6.32018065e+02  4.45355640e-03  6.32106732e+02 
 1.07915537e-05  6.32018066e+02  4.31318722e-03  6.32130315e+02 
 1.07916496e-05  6.32018067e+02  4.07591191e-03  6.32167804e+02 
 1.07917501e-05  6.32018068e+02  3.82700452e-03  6.32204057e+02 
 1.07918213e-05  6.32018068e+02  3.65094943e-03  6.32227876e+02 
 1.07919259e-05  6.32018069e+02  3.39197749e-03  6.32260290e+02 
 1.07920527e-05  6.32018070e+02  3.07806796e-03  6.32295585e+02 
 1.07921927e-05  6.32018071e+02  2.73138162e-03  6.32329756e+02 
 1.07922717e-05  6.32018071e+02  2.53590378e-03  6.32346900e+02 
 1.07923897e-05  6.32018072e+02  2.24361510e-03  6.32369812e+02 
 1.07925539e-05  6.32018072e+02  1.83694271e-03  6.32396504e+02 
 1.07926097e-05  6.32018073e+02  1.69895665e-03  6.32404236e+02 
 1.07927211e-05  6.32018073e+02  1.42297787e-03  6.32417757e+02 
 1.07928636e-05  6.32018073e+02  1.07009809e-03  6.32431372e+02 
 1.07930262e-05  6.32018074e+02  6.67351377e-04  6.32442023e+02 
 1.07931628e-05  6.32018074e+02  3.29293968e-04  6.32447038e+02 
 1.07932265e-05  6.32018074e+02  1.71437928e-04  6.32448168e+02 
 1.07932873e-05  6.32018074e+02  2.08864407e-05  6.32448533e+02 
 1.07933535e-05  6.32018074e+02 -1.43008899e-04  6.32448145e+02 
 1.07934429e-05  6.32018074e+02 -3.64437527e-04  6.32446325e+02 
 1.07935257e-05  6.32018074e+02 -5.69455281e-04  6.32443308e+02 
 1.07936369e-05  6.32018074e+02 -8.45032817e-04  6.32437224e+02 
 1.07937371e-05  6.32018073e+02 -1.09305752e-03  6.32429733e+02 
 1.07939042e-05  6.32018073e+02 -1.50688493e-03  6.32412880e+02 
 1.07940097e-05  6.32018073e+02 -1.76804010e-03  6.32399346e+02 
 1.07941178e-05  6.32018072e+02 -2.03578314e-03  6.32383050e+02 
 1.07942405e-05  6.32018072e+02 -2.33954583e-03  6.32361477e+02 
 1.07943857e-05  6.32018071e+02 -2.69905703e-03  6.32331503e+02 
 1.07945441e-05  6.32018070e+02 -3.09120548e-03  6.32292992e+02 
 1.07947211e-05  6.32018069e+02 -3.52939167e-03  6.32242261e+02 
 1.07947872e-05  6.32018068e+02 -3.69297543e-03  6.32221102e+02 
 1.07948764e-05  6.32018067e+02 -3.91373454e-03  6.32190533e+02 
 1.07949744e-05  6.32018066e+02 -4.15632890e-03  6.32154165e+02 
 1.07950711e-05  6.32018066e+02 -4.39567267e-03  6.32115302e+02 
 1.07951145e-05  6.32018065e+02 -4.50320282e-03  6.32096839e+02 
 1.07951731e-05  6.32018065e+02 -4.64800502e-03  6.32070960e+02 
 1.07952324e-05  6.32018064e+02 -4.79474055e-03  6.32043516e+02 
 1.07952958e-05  6.32018063e+02 -4.95171139e-03  6.32012755e+02 
 1.07953515e-05  6.32018063e+02 -5.08942828e-03  6.31984538e+02 
 1.07954173e-05  6.32018062e+02 -5.25236191e-03  6.31949625e+02 
 1.07954859e-05  6.32018061e+02 -5.42186409e-03  6.31911489e+02 
 1.07955635e-05  6.32018060e+02 -5.61388682e-03  6.31865968e+02 
 1.07956416e-05  6.32018059e+02 -5.80715162e-03  6.31817572e+02 
 1.07957268e-05  6.32018058e+02 -6.01782641e-03  6.31761749e+02 
 1.07958119e-05  6.32018057e+02 -6.22822098e-03  6.31702673e+02 
 1.07959034e-05  6.32018056e+02 -6.45429692e-03  6.31635326e+02 
 1.07959947e-05  6.32018055e+02 -6.68006383e-03  6.31563896e+02 
 1.07960919e-05  6.32018053e+02 -6.92030480e-03  6.31483093e+02 
 1.07961891e-05  6.32018052e+02 -7.16030926e-03  6.31397205e+02 
 1.07962917e-05  6.32018050e+02 -7.41375748e-03  6.31300634e+02 
 1.07963943e-05  6.32018049e+02 -7.66719034e-03  6.31197746e+02 
 1.07965020e-05  6.32018047e+02 -7.93321131e-03  6.31082609e+02 
 1.07966099e-05  6.32018045e+02 -8.19959800e-03  6.30959626e+02 
 1.07968257e-05  6.32018041e+02 -8.73213386e-03  6.30689145e+02 
 1.07970564e-05  6.32018037e+02 -9.30083815e-03  6.30360982e+02 
 1.07973069e-05  6.32018032e+02 -9.91814661e-03  6.29954017e+02 
 1.07976391e-05  6.32018024e+02 -1.07355786e-02  6.29324139e+02 
 1.07979517e-05  6.32018017e+02 -1.15035232e-02  6.28626012e+02 
 1.07983059e-05  6.32018008e+02 -1.23722162e-02  6.27695175e+02 
 1.07986293e-05  6.32017999e+02 -1.31636689e-02  6.26699868e+02 
 1.07989680e-05  6.32017989e+02 -1.39905447e-02  6.25490980e+02 
 1.07992829e-05  6.32017980e+02 -1.47569333e-02  6.24198153e+02 
 1.07996057e-05  6.32017969e+02 -1.55400863e-02  6.22686270e+02 
 1.07999119e-05  6.32017959e+02 -1.62802764e-02  6.21061198e+02 
 1.08002224e-05  6.32017948e+02 -1.70280697e-02  6.19205894e+02 
 1.08005211e-05  6.32017937e+02 -1.77441331e-02  6.17208368e+02 
 1.08008220e-05  6.32017925e+02 -1.84616656e-02  6.14969102e+02 
 1.08011140e-05  6.32017914e+02 -1.91545076e-02  6.12560236e+02 
 1.08014067e-05  6.32017901e+02 -1.98446798e-02  6.09897793e+02 
 1.08016926e-05  6.32017889e+02 -2.05147370e-02  6.07039685e+02 
 1.08019783e-05  6.32017876e+02 -2.11793668e-02  6.03915443e+02 
 1.08022589e-05  6.32017864e+02 -2.18268872e-02  6.00570625e+02 
 1.08025386e-05  6.32017850e+02 -2.24671081e-02  5.96946346e+02 
 1.08028141e-05  6.32017837e+02 -2.30921649e-02  5.93077703e+02 
 1.08030886e-05  6.32017823e+02 -2.37085985e-02  5.88915604e+02 
 1.08033598e-05  6.32017810e+02 -2.43110805e-02  5.84486438e+02 
 1.08036297e-05  6.32017795e+02 -2.49039494e-02  5.79749276e+02 
 1.08038969e-05  6.32017781e+02 -2.54835638e-02  5.74723365e+02 
 1.08041628e-05  6.32017767e+02 -2.60527714e-02  5.69374504e+02 
 1.08044265e-05  6.32017752e+02 -2.66090521e-02  5.63716152e+02 
 1.08046889e-05  6.32017737e+02 -2.71542391e-02  5.57719602e+02 
 1.08049494e-05  6.32017722e+02 -2.76865554e-02  5.51393681e+02 
 1.08052088e-05  6.32017706e+02 -2.82071395e-02  5.44714137e+02 
 1.08054666e-05  6.32017691e+02 -2.87147034e-02  5.37686122e+02 
 1.08057233e-05  6.32017675e+02 -2.92099064e-02  5.30288975e+02 
 1.08059787e-05  6.32017659e+02 -2.96917785e-02  5.22524965e+02 
 1.08062331e-05  6.32017643e+02 -3.01606446e-02  5.14376305e+02 
 1.08064865e-05  6.32017626e+02 -3.06157371e-02  5.05843016e+02 
 1.08067390e-05  6.32017610e+02 -3.10571442e-02  4.96909603e+02 
 1.08069907e-05  6.32017593e+02 -3.14842219e-02  4.87574343e+02 
 1.08072417e-05  6.32017576e+02 -3.18968866e-02  4.77823545e+02 
 1.08074920e-05  6.32017559e+02 -3.22945642e-02  4.67654134e+02 
 1.08077419e-05  6.32017542e+02 -3.26770420e-02  4.57053822e+02 
 1.08079912e-05  6.32017524e+02 -3.30437778e-02  4.46018461e+02 
 1.08082402e-05  6.32017507e+02 -3.33944573e-02  4.34536824e+02 
 1.08084890e-05  6.32017489e+02 -3.37285428e-02  4.22603885e+02 
 1.08087375e-05  6.32017471e+02 -3.40456340e-02  4.10209162e+02 
 1.08089860e-05  6.32017453e+02 -3.43451766e-02  3.97346854e+02 
 1.08092346e-05  6.32017435e+02 -3.46266920e-02  3.84006922e+02 
 1.08094832e-05  6.32017416e+02 -3.48895911e-02  3.70182797e+02 
 1.08097322e-05  6.32017398e+02 -3.51333172e-02  3.55864560e+02 
 1.08099815e-05  6.32017379e+02 -3.53572285e-02  3.41044773e+02 
 1.08102313e-05  6.32017360e+02 -3.55606839e-02  3.25713254e+02 
 1.08104818e-05  6.32017341e+02 -3.57429690e-02  3.09861456e+02 
 1.08107331e-05  6.32017322e+02 -3.59033441e-02  2.93478435e+02 
 1.08109854e-05  6.32017303e+02 -3.60409970e-02  2.76554097e+02 
 1.08112388e-05  6.32017283e+02 -3.61550651e-02  2.59076032e+02 
 1.08114936e-05  6.32017264e+02 -3.62446034e-02  2.41031856e+02 
 1.08117499e-05  6.32017244e+02 -3.63085871e-02  2.22406637e+02 
 1.08120081e-05  6.32017224e+02 -3.63458857e-02  2.03184450e+02 
 1.08122684e-05  6.32017204e+02 -3.63552489e-02  1.83346138e+02 
 1.08125312e-05  6.32017183e+02 -3.63352769e-02  1.62870094e+02 
 1.08127962e-05  6.32017163e+02 -3.62845403e-02  1.41779296e+02 
 1.08130603e-05  6.32017143e+02 -3.62027911e-02  1.20341892e+02 
 1.08133256e-05  6.32017122e+02 -3.60887139e-02  9.84057269e+01 
 1.08135900e-05  6.32017102e+02 -3.59425513e-02  7.61625916e+01 
 1.08138555e-05  6.32017082e+02 -3.57626956e-02  5.34806290e+01 
 1.08141206e-05  6.32017061e+02 -3.55494606e-02  3.05046763e+01 
 1.08143867e-05  6.32017041e+02 -3.53011701e-02  7.14582434e+00 
 1.08146529e-05  6.32017022e+02 -3.50181094e-02 -1.64808324e+01 
 1.08149201e-05  6.32017002e+02 -3.46986571e-02 -4.04297948e+01 
 1.08151877e-05  6.32016982e+02 -3.43430054e-02 -6.46076067e+01 
 1.08154564e-05  6.32016963e+02 -3.39496271e-02 -8.90431287e+01 
 1.08157257e-05  6.32016943e+02 -3.35186613e-02 -1.13654006e+02 
 1.08159963e-05  6.32016924e+02 -3.30483923e-02 -1.38465071e+02 
 1.08162678e-05  6.32016905e+02 -3.25391965e-02 -1.63384224e+02 
 1.08165408e-05  6.32016886e+02 -3.19893014e-02 -1.88426848e+02 
 1.08168150e-05  6.32016868e+02 -3.13988915e-02 -2.13512103e+02 
 1.08170908e-05  6.32016850e+02 -3.07663252e-02 -2.38637155e+02 
 1.08173682e-05  6.32016832e+02 -3.00915728e-02 -2.63728998e+02 
 1.08176476e-05  6.32016814e+02 -2.93731040e-02 -2.88769318e+02 
 1.08179290e-05  6.32016797e+02 -2.86106738e-02 -3.13689261e+02 
 1.08182126e-05  6.32016780e+02 -2.78028099e-02 -3.38457632e+02 
 1.08184986e-05  6.32016763e+02 -2.69490427e-02 -3.63006672e+02 
 1.08187594e-05  6.32016748e+02 -2.61367580e-02 -3.84968569e+02 
 1.08190145e-05  6.32016734e+02 -2.53120544e-02 -4.06002163e+02 
 1.08192496e-05  6.32016722e+02 -2.45256633e-02 -4.24967488e+02 
 1.08194798e-05  6.32016710e+02 -2.37320820e-02 -4.43104263e+02 
 1.08196962e-05  6.32016699e+02 -2.29648174e-02 -4.59744229e+02 
 1.08199087e-05  6.32016689e+02 -2.21926883e-02 -4.75653164e+02 
 1.08201111e-05  6.32016680e+02 -2.14395432e-02 -4.90405402e+02 
 1.08203098e-05  6.32016671e+02 -2.06844837e-02 -5.04473209e+02 
 1.08205008e-05  6.32016663e+02 -1.99444208e-02 -5.17591368e+02 
 1.08206881e-05  6.32016655e+02 -1.92051971e-02 -5.30059418e+02 
 1.08208691e-05  6.32016648e+02 -1.84786704e-02 -5.41717984e+02 
 1.08210466e-05  6.32016641e+02 -1.77552175e-02 -5.52761162e+02 
 1.08212187e-05  6.32016634e+02 -1.70431285e-02 -5.63096894e+02 
 1.08213874e-05  6.32016628e+02 -1.63358961e-02 -5.72853284e+02 
 1.08215515e-05  6.32016623e+02 -1.56393281e-02 -5.81980371e+02 
 1.08217123e-05  6.32016618e+02 -1.49490693e-02 -5.90564636e+02 
 1.08218690e-05  6.32016613e+02 -1.42692076e-02 -5.98582241e+02 
 1.08220224e-05  6.32016608e+02 -1.35968733e-02 -6.06093375e+02 
 1.08221720e-05  6.32016604e+02 -1.29349666e-02 -6.13090280e+02 
 1.08223185e-05  6.32016600e+02 -1.22816427e-02 -6.19616530e+02 
 1.08224614e-05  6.32016596e+02 -1.16389860e-02 -6.25674148e+02 
 1.08226012e-05  6.32016593e+02 -1.10058588e-02 -6.31296215e+02 
 1.08227377e-05  6.32016590e+02 -1.03837901e-02 -6.36490613e+02 
 1.08228711e-05  6.32016587e+02 -9.77213238e-03 -6.41283794e+02 
 1.08230012e-05  6.32016584e+02 -9.17204123e-03 -6.45687084e+02 
 1.08231282e-05  6.32016582e+02 -8.58321267e-03 -6.49722749e+02 
 1.08232521e-05  6.32016580e+02 -8.00655799e-03 -6.53404084e+02 
 1.08233728e-05  6.32016578e+02 -7.44201912e-03 -6.56750716e+02 
 1.08234903e-05  6.32016576e+02 -6.89035638e-03 -6.59777024e+02 
 1.08236047e-05  6.32016574e+02 -6.35169590e-03 -6.62500976e+02 
 1.08237158e-05  6.32016573e+02 -5.82671717e-03 -6.64937520e+02 
 1.08238237e-05  6.32016572e+02 -5.31569591e-03 -6.67103585e+02 
 1.08239283e-05  6.32016571e+02 -4.81928796e-03 -6.69014400e+02 
 1.08240294e-05  6.32016570e+02 -4.33790658e-03 -6.70686253e+02 
 1.08241271e-05  6.32016569e+02 -3.87223742e-03 -6.72134504e+02 
 1.08242212e-05  6.32016568e+02 -3.42284180e-03 -6.73375066e+02 
 1.08243117e-05  6.32016567e+02 -2.99049565e-03 -6.74423370e+02 
 1.08243983e-05  6.32016567e+02 -2.57594787e-03 -6.75295135e+02 
 1.08244809e-05  6.32016566e+02 -2.18015002e-03 -6.76005863e+02 
 1.08245593e-05  6.32016566e+02 -1.80412759e-03 -6.76571225e+02 
 1.08246333e-05  6.32016566e+02 -1.44915595e-03 -6.77006847e+02 
 1.08247026e-05  6.32016566e+02 -1.11673572e-03 -6.77328503e+02 
 1.08247668e-05  6.32016566e+02 -8.08787807e-04 -6.77552066e+02 
 1.08248189e-05  6.32016565e+02 -5.58311743e-04 -6.77681152e+02 
 1.08248614e-05  6.32016565e+02 -3.54514930e-04 -6.77751275e+02 
 1.08248957e-05  6.32016565e+02 -1.89438900e-04 -6.77785121e+02 
 1.08249239e-05  6.32016565e+02 -5.40800343e-05 -6.77797545e+02 
 1.08249521e-05  6.32016565e+02  8.13911527e-05 -6.77796150e+02 
 1.08249813e-05  6.32016565e+02  2.21355579e-04 -6.77780178e+02 
 1.08250185e-05  6.32016565e+02  4.00078972e-04 -6.77738312e+02 
 1.08250623e-05  6.32016565e+02  6.10649533e-04 -6.77658083e+02 
 1.08251137e-05  6.32016566e+02  8.57295273e-04 -6.77521587e+02 
 1.08251705e-05  6.32016566e+02  1.13008921e-03 -6.77317174e+02 
 1.08252331e-05  6.32016566e+02  1.43041677e-03 -6.77027175e+02 
 1.08253001e-05  6.32016566e+02  1.75196067e-03 -6.76641180e+02 
 1.08253719e-05  6.32016566e+02  2.09624922e-03 -6.76141237e+02 
 1.08254477e-05  6.32016567e+02  2.45925369e-03 -6.75516960e+02 
 1.08255277e-05  6.32016567e+02  2.84217681e-03 -6.74750184e+02 
 1.08256113e-05  6.32016568e+02  3.24218465e-03 -6.73830301e+02 
 1.08256988e-05  6.32016568e+02  3.66005748e-03 -6.72739304e+02 
 1.08257897e-05  6.32016569e+02  4.09370207e-03 -6.71466280e+02 
 1.08258841e-05  6.32016570e+02  4.54357158e-03 -6.69993562e+02 
 1.08259818e-05  6.32016571e+02  5.00808400e-03 -6.68309843e+02 
 1.08260829e-05  6.32016572e+02  5.48746007e-03 -6.66397842e+02 
 1.08261870e-05  6.32016573e+02  5.98047747e-03 -6.64245807e+02 
 1.08262944e-05  6.32016575e+02  6.48719141e-03 -6.61836833e+02 
 1.08264048e-05  6.32016576e+02  7.00663289e-03 -6.59158708e+02 
 1.08265182e-05  6.32016578e+02  7.53873823e-03 -6.56194858e+02 
 1.08266346e-05  6.32016580e+02  8.08271661e-03 -6.52932614e+02 
 1.08267540e-05  6.32016582e+02  8.63841882e-03 -6.49355665e+02 
 1.08268763e-05  6.32016584e+02  9.20517915e-03 -6.45450885e+02 
 1.08270016e-05  6.32016587e+02  9.78278612e-03 -6.41202139e+02 
 1.08271298e-05  6.32016590e+02  1.03706612e-02 -6.36595836e+02 
 1.08272609e-05  6.32016593e+02  1.09685468e-02 -6.31615905e+02 
 1.08273950e-05  6.32016596e+02  1.15759242e-02 -6.26248268e+02 
 1.08275320e-05  6.32016599e+02  1.21925010e-02 -6.20476789e+02 
 1.08276720e-05  6.32016603e+02  1.28177984e-02 -6.14286841e+02 
 1.08278150e-05  6.32016607e+02  1.34514967e-02 -6.07662065e+02 
 1.08279611e-05  6.32016611e+02  1.40931424e-02 -6.00587186e+02 
 1.08281102e-05  6.32016616e+02  1.47423937e-02 -5.93045427e+02 
 1.08282626e-05  6.32016621e+02  1.53988125e-02 -5.85020702e+02 
 1.08284181e-05  6.32016626e+02  1.60620377e-02 -5.76495553e+02 
 1.08285770e-05  6.32016632e+02  1.67316394e-02 -5.67452839e+02 
 1.08287393e-05  6.32016638e+02  1.74072406e-02 -5.57874069e+02 
 1.08289052e-05  6.32016644e+02  1.80884141e-02 -5.47740671e+02 
 1.08290746e-05  6.32016650e+02  1.87747699e-02 -5.37032625e+02 
 1.08292479e-05  6.32016657e+02  1.94658816e-02 -5.25729361e+02 
 1.08294251e-05  6.32016665e+02  2.01613493e-02 -5.13808601e+02 
 1.08296065e-05  6.32016673e+02  2.08607484e-02 -5.01246909e+02 
 1.08297922e-05  6.32016681e+02  2.15636746e-02 -4.88018631e+02 
 1.08299826e-05  6.32016690e+02  2.22697101e-02 -4.74096095e+02 
 1.08301778e-05  6.32016700e+02  2.29784571e-02 -4.59448493e+02 
 1.08303783e-05  6.32016709e+02  2.36895168e-02 -4.44041654e+02 
 1.08305845e-05  6.32016720e+02  2.44025178e-02 -4.27836642e+02 
 1.08307968e-05  6.32016731e+02  2.51171077e-02 -4.10788845e+02 
 1.08310158e-05  6.32016743e+02  2.58329827e-02 -3.92845851e+02 
 1.08312422e-05  6.32016756e+02  2.65498961e-02 -3.73945225e+02 
 1.08314769e-05  6.32016769e+02  2.72677021e-02 -3.54010592e+02 
 1.08317209e-05  6.32016783e+02  2.79863992e-02 -3.32946361e+02 
 1.08319758e-05  6.32016799e+02  2.87062239e-02 -3.10628893e+02 
 1.08322434e-05  6.32016815e+02  2.94277936e-02 -2.86892432e+02 
 1.08325264e-05  6.32016833e+02  3.01523886e-02 -2.61503764e+02 
 1.08328076e-05  6.32016852e+02  3.08325879e-02 -2.36049619e+02 
 1.08330894e-05  6.32016870e+02  3.14740572e-02 -2.10376134e+02 
 1.08333665e-05  6.32016889e+02  3.20658636e-02 -1.85005003e+02 
 1.08336428e-05  6.32016908e+02  3.26167387e-02 -1.59662415e+02 
 1.08339156e-05  6.32016927e+02  3.31227138e-02 -1.34621562e+02 
 1.08341877e-05  6.32016946e+02  3.35896115e-02 -1.09685370e+02 
 1.08344574e-05  6.32016966e+02  3.40152446e-02 -8.50542248e+01 
 1.08347265e-05  6.32016985e+02  3.44032364e-02 -6.06047258e+01 
 1.08349938e-05  6.32017005e+02  3.47525306e-02 -3.64868211e+01 
 1.08352604e-05  6.32017025e+02  3.50654736e-02 -1.26272486e+01 
 1.08355257e-05  6.32017045e+02  3.53419544e-02  1.08778208e+01 
 1.08357903e-05  6.32017065e+02  3.55834839e-02  3.40621134e+01 
 1.08360539e-05  6.32017085e+02  3.57904079e-02  5.68601050e+01 
 1.08363171e-05  6.32017105e+02  3.59638840e-02  7.92906148e+01 
 1.08365794e-05  6.32017125e+02  3.61044652e-02  1.01305974e+02 
 1.08368413e-05  6.32017145e+02  3.62131003e-02  1.22916088e+02 
 1.08371027e-05  6.32017165e+02  3.62904479e-02  1.44085893e+02 
 1.08373637e-05  6.32017185e+02  3.63373303e-02  1.64819893e+02 
 1.08376244e-05  6.32017205e+02  3.63544561e-02  1.85092390e+02 
 1.08378849e-05  6.32017226e+02  3.63425699e-02  2.04904856e+02 
 1.08381452e-05  6.32017246e+02  3.63023974e-02  2.24238633e+02 
 1.08384054e-05  6.32017266e+02  3.62346348e-02  2.43093850e+02 
 1.08386655e-05  6.32017286e+02  3.61400055e-02  2.61457200e+02 
 1.08389242e-05  6.32017306e+02  3.60199529e-02  2.79225574e+02 
 1.08391806e-05  6.32017325e+02  3.58760898e-02  2.96348295e+02 
 1.08394354e-05  6.32017345e+02  3.57093175e-02  3.12871889e+02 
 1.08396884e-05  6.32017364e+02  3.55209650e-02  3.28785904e+02 
 1.08399402e-05  6.32017383e+02  3.53116135e-02  3.44138566e+02 
 1.08401907e-05  6.32017402e+02  3.50823712e-02  3.58926666e+02 
 1.08404403e-05  6.32017420e+02  3.48337179e-02  3.73184621e+02 
 1.08406891e-05  6.32017438e+02  3.45666135e-02  3.86912197e+02 
 1.08409374e-05  6.32017457e+02  3.42814920e-02  4.00134662e+02 
 1.08411851e-05  6.32017475e+02  3.39791850e-02  4.12854664e+02 
 1.08414325e-05  6.32017492e+02  3.36600933e-02  4.25091934e+02 
 1.08416795e-05  6.32017510e+02  3.33249364e-02  4.36851327e+02 
 1.08419265e-05  6.32017527e+02  3.29740894e-02  4.48148992e+02 
 1.08421734e-05  6.32017545e+02  3.26081773e-02  4.58991265e+02 
 1.08424204e-05  6.32017562e+02  3.22275534e-02  4.69391911e+02 
 1.08426674e-05  6.32017579e+02  3.18327633e-02  4.79358240e+02 
 1.08429148e-05  6.32017595e+02  3.14241400e-02  4.88902436e+02 
 1.08431625e-05  6.32017612e+02  3.10021613e-02  4.98032456e+02 
 1.08434106e-05  6.32017628e+02  3.05671398e-02  5.06759444e+02 
 1.08436592e-05  6.32017644e+02  3.01194948e-02  5.15091789e+02 
 1.08439083e-05  6.32017660e+02  2.96595169e-02  5.23039960e+02 
 1.08441581e-05  6.32017675e+02  2.91875742e-02  5.30612640e+02 
 1.08444087e-05  6.32017691e+02  2.87039340e-02  5.37819865e+02 
 1.08446601e-05  6.32017706e+02  2.82089178e-02  5.44670520e+02 
 1.08449123e-05  6.32017721e+02  2.77027683e-02  5.51174370e+02 
 1.08451656e-05  6.32017736e+02  2.71857640e-02  5.57340443e+02 
 1.08454199e-05  6.32017750e+02  2.66581208e-02  5.63178333e+02 
 1.08456753e-05  6.32017765e+02  2.61200768e-02  5.68697172e+02 
 1.08459319e-05  6.32017779e+02  2.55718188e-02  5.73906454e+02 
 1.08461898e-05  6.32017793e+02  2.50135455e-02  5.78815381e+02 
 1.08464492e-05  6.32017806e+02  2.44454126e-02  5.83433390e+02 
 1.08467099e-05  6.32017820e+02  2.38675793e-02  5.87769734e+02 
 1.08469723e-05  6.32017833e+02  2.32801674e-02  5.91833812e+02 
 1.08472362e-05  6.32017846e+02  2.26832957e-02  5.95634910e+02 
 1.08475020e-05  6.32017858e+02  2.20770495e-02  5.99182403e+02 
 1.08477695e-05  6.32017871e+02  2.14615049e-02  6.02485590e+02 
 1.08480391e-05  6.32017883e+02  2.08367070e-02  6.05553825e+02 
 1.08483106e-05  6.32017895e+02  2.02026868e-02  6.08396406e+02 
 1.08485844e-05  6.32017906e+02  1.95594450e-02  6.11022657e+02 
 1.08488604e-05  6.32017918e+02  1.89069638e-02  6.13441859e+02 
 1.08491388e-05  6.32017929e+02  1.82451949e-02  6.15663295e+02 
 1.08494198e-05  6.32017939e+02  1.75740673e-02  6.17696208e+02 
 1.08497034e-05  6.32017950e+02  1.68934785e-02  6.19549826e+02 
 1.08499899e-05  6.32017960e+02  1.62032999e-02  6.21233330e+02 
 1.08502794e-05  6.32017970e+02  1.55033701e-02  6.22755869e+02 
 1.08505719e-05  6.32017979e+02  1.47934991e-02  6.24126534e+02 
 1.08508678e-05  6.32017988e+02  1.40734636e-02  6.25354363e+02 
 1.08511672e-05  6.32017997e+02  1.33430121e-02  6.26448319e+02 
 1.08514702e-05  6.32018005e+02  1.26018631e-02  6.27417288e+02 
 1.08517771e-05  6.32018013e+02  1.18497135e-02  6.28270055e+02 
 1.08520840e-05  6.32018021e+02  1.10963511e-02  6.29006158e+02 
 1.08523902e-05  6.32018028e+02  1.03435184e-02  6.29636586e+02 
 1.08526938e-05  6.32018034e+02  9.59579037e-03  6.30170393e+02 
 1.08529943e-05  6.32018040e+02  8.85504032e-03  6.30619002e+02 
 1.08532897e-05  6.32018045e+02  8.12618584e-03  6.30991762e+02 
 1.08535783e-05  6.32018050e+02  7.41381483e-03  6.31298296e+02 
 1.08538567e-05  6.32018054e+02  6.72588131e-03  6.31546753e+02 
 1.08541212e-05  6.32018058e+02  6.07194794e-03  6.31744916e+02 
 1.08543364e-05  6.32018061e+02  5.53988592e-03  6.31881963e+02 
 1.08543882e-05  6.32018061e+02  5.41165434e-03  6.31912023e+02 
 1.08544722e-05  6.32018062e+02  5.20399222e-03  6.31958392e+02 
 1.08545486e-05  6.32018063e+02  5.01502010e-03  6.31998191e+02 
 1.08546106e-05  6.32018064e+02  4.86151457e-03  6.32028900e+02 
 1.08546849e-05  6.32018064e+02  4.67778530e-03  6.32063814e+02 
 1.08547796e-05  6.32018065e+02  4.44323883e-03  6.32105577e+02 
 1.08548873e-05  6.32018066e+02  4.17693455e-03  6.32149350e+02 
 1.08549446e-05  6.32018067e+02  4.03495517e-03  6.32171167e+02 
 1.08550423e-05  6.32018068e+02  3.79325253e-03  6.32205981e+02 
 1.08551476e-05  6.32018068e+02  3.53264171e-03  6.32240367e+02 
 1.08552265e-05  6.32018069e+02  3.33727970e-03  6.32264093e+02 
 1.08553362e-05  6.32018070e+02  3.06556549e-03  6.32294300e+02 
 1.08554437e-05  6.32018070e+02  2.79940431e-03  6.32320876e+02 
 1.08555389e-05  6.32018071e+02  2.56387250e-03  6.32342017e+02 
 1.08556740e-05  6.32018072e+02  2.22932381e-03  6.32368381e+02 
 1.08557452e-05  6.32018072e+02  2.05297785e-03  6.32380611e+02 
 1.08558745e-05  6.32018073e+02  1.73294070e-03  6.32399979e+02 
 1.08559962e-05  6.32018073e+02  1.43138939e-03  6.32415005e+02 
 1.08561221e-05  6.32018073e+02  1.11980360e-03  6.32427351e+02 
 1.08562377e-05  6.32018074e+02  8.33415953e-04  6.32435926e+02 
 1.08563803e-05  6.32018074e+02  4.80264473e-04  6.32442930e+02 
 1.08565086e-05  6.32018074e+02  1.62606950e-04  6.32445923e+02 
 1.08565965e-05  6.32018074e+02 -5.51256845e-05  6.32446183e+02 
 1.08566555e-05  6.32018074e+02 -2.01236206e-04  6.32445544e+02 
 1.08567201e-05  6.32018074e+02 -3.61202323e-04  6.32444098e+02 
 1.08568042e-05  6.32018074e+02 -5.69432619e-04  6.32441046e+02 
 1.08568961e-05  6.32018074e+02 -7.97011521e-04  6.32436187e+02 
 1.08570156e-05  6.32018073e+02 -1.09290334e-03  6.32427464e+02 
 1.08571569e-05  6.32018073e+02 -1.44296074e-03  6.32413550e+02 
 1.08574396e-05  6.32018072e+02 -2.14303190e-03  6.32373493e+02 
 1.08574872e-05  6.32018072e+02 -2.26080881e-03  6.32365055e+02 
 1.08575823e-05  6.32018071e+02 -2.49635572e-03  6.32346639e+02 
 1.08576700e-05  6.32018071e+02 -2.71329826e-03  6.32327806e+02 
 1.08577839e-05  6.32018070e+02 -2.99535570e-03  6.32300526e+02 
 1.08578590e-05  6.32018069e+02 -3.18140794e-03  6.32280731e+02 
 1.08579643e-05  6.32018069e+02 -3.44195047e-03  6.32250500e+02 
 1.08580355e-05  6.32018068e+02 -3.61833807e-03  6.32228304e+02 
 1.08581262e-05  6.32018067e+02 -3.84281925e-03  6.32197952e+02 
 1.08581886e-05  6.32018067e+02 -3.99728540e-03  6.32175647e+02 
 1.08582710e-05  6.32018066e+02 -4.20122074e-03  6.32144360e+02 
 1.08583333e-05  6.32018066e+02 -4.35518527e-03  6.32119304e+02 
 1.08583996e-05  6.32018065e+02 -4.51943241e-03  6.32091166e+02 
 1.08584495e-05  6.32018065e+02 -4.64282344e-03  6.32069042e+02 
 1.08585022e-05  6.32018064e+02 -4.77332808e-03  6.32044697e+02 
 1.08585525e-05  6.32018064e+02 -4.89763764e-03  6.32020580e+02 
 1.08586065e-05  6.32018063e+02 -5.03137323e-03  6.31993598e+02 
 1.08586698e-05  6.32018062e+02 -5.18785225e-03  6.31960624e+02 
 1.08587392e-05  6.32018061e+02 -5.35966248e-03  6.31922623e+02 
 1.08588145e-05  6.32018061e+02 -5.54585871e-03  6.31879241e+02 
 1.08588931e-05  6.32018060e+02 -5.74020854e-03  6.31831429e+02 
 1.08589759e-05  6.32018059e+02 -5.94502478e-03  6.31778132e+02 
 1.08590614e-05  6.32018058e+02 -6.15645278e-03  6.31719852e+02 
 1.08591508e-05  6.32018056e+02 -6.37731058e-03  6.31655283e+02 
 1.08592425e-05  6.32018055e+02 -6.60412809e-03  6.31584873e+02 
 1.08593378e-05  6.32018054e+02 -6.83958054e-03  6.31507189e+02 
 1.08594353e-05  6.32018052e+02 -7.08054788e-03  6.31422615e+02 
 1.08595361e-05  6.32018051e+02 -7.32952813e-03  6.31329586e+02 
 1.08596390e-05  6.32018049e+02 -7.58378239e-03  6.31228382e+02 
 1.08597451e-05  6.32018047e+02 -7.84562653e-03  6.31117282e+02 
 1.08598532e-05  6.32018046e+02 -8.11263006e-03  6.30996453e+02 
 1.08600695e-05  6.32018042e+02 -8.64640312e-03  6.30730536e+02 
 1.08603028e-05  6.32018037e+02 -9.22165869e-03  6.30404475e+02 
 1.08605517e-05  6.32018032e+02 -9.83487736e-03  6.30007058e+02 
 1.08608860e-05  6.32018025e+02 -1.06576310e-02  6.29383364e+02 
 1.08611969e-05  6.32018018e+02 -1.14217448e-02  6.28699489e+02 
 1.08615526e-05  6.32018009e+02 -1.22943630e-02  6.27778395e+02 
 1.08618758e-05  6.32018000e+02 -1.30852632e-02  6.26797793e+02 
 1.08622158e-05  6.32017990e+02 -1.39153638e-02  6.25600422e+02 
 1.08625306e-05  6.32017981e+02 -1.46820119e-02  6.24323530e+02 
 1.08628543e-05  6.32017970e+02 -1.54676391e-02  6.22825163e+02 
 1.08631606e-05  6.32017960e+02 -1.62083646e-02  6.21217604e+02 
 1.08634719e-05  6.32017949e+02 -1.69581184e-02  6.19377908e+02 
 1.08637708e-05  6.32017938e+02 -1.76748760e-02  6.17399536e+02 
 1.08640722e-05  6.32017926e+02 -1.83940432e-02  6.15177946e+02 
 1.08643644e-05  6.32017915e+02 -1.90876850e-02  6.12789873e+02 
 1.08646575e-05  6.32017903e+02 -1.97792820e-02  6.10147132e+02 
 1.08649437e-05  6.32017890e+02 -2.04502101e-02  6.07311461e+02 
 1.08652297e-05  6.32017878e+02 -2.11161291e-02  6.04208909e+02 
 1.08655104e-05  6.32017865e+02 -2.17645710e-02  6.00888177e+02 
 1.08657904e-05  6.32017852e+02 -2.24059963e-02  5.97287534e+02 
 1.08660662e-05  6.32017838e+02 -2.30320149e-02  5.93444634e+02 
 1.08663409e-05  6.32017825e+02 -2.36496044e-02  5.89308075e+02 
 1.08666123e-05  6.32017811e+02 -2.42530843e-02  5.84906307e+02 
 1.08668824e-05  6.32017797e+02 -2.48470871e-02  5.80196547e+02 
 1.08671498e-05  6.32017782e+02 -2.54277353e-02  5.75199687e+02 
 1.08674159e-05  6.32017768e+02 -2.59980749e-02  5.69880044e+02 
 1.08676797e-05  6.32017753e+02 -2.65554277e-02  5.64252386e+02 
 1.08679423e-05  6.32017738e+02 -2.71017604e-02  5.58286830e+02 
 1.08682029e-05  6.32017723e+02 -2.76351906e-02  5.51993233e+02 
 1.08684624e-05  6.32017708e+02 -2.81569470e-02  5.45346415e+02 
 1.08687203e-05  6.32017692e+02 -2.86656713e-02  5.38352338e+02 
 1.08689772e-05  6.32017676e+02 -2.91620838e-02  5.30989610e+02 
 1.08692326e-05  6.32017660e+02 -2.96451681e-02  5.23261131e+02 
 1.08694872e-05  6.32017644e+02 -3.01152903e-02  5.15148545e+02 
 1.08697406e-05  6.32017628e+02 -3.05716526e-02  5.06652362e+02 
 1.08699933e-05  6.32017611e+02 -3.10143710e-02  4.97756643e+02 
 1.08702450e-05  6.32017594e+02 -3.14427821e-02  4.88460043e+02 
 1.08704961e-05  6.32017578e+02 -3.18568216e-02  4.78748529e+02 
 1.08707465e-05  6.32017560e+02 -3.22559030e-02  4.68619317e+02 
 1.08709964e-05  6.32017543e+02 -3.26398270e-02  4.58059856e+02 
 1.08712458e-05  6.32017526e+02 -3.30080443e-02  4.47066224e+02 
 1.08714948e-05  6.32017508e+02 -3.33602499e-02  4.35626994e+02 
 1.08717436e-05  6.32017490e+02 -3.36959023e-02  4.23737316e+02 
 1.08719921e-05  6.32017473e+02 -3.40146085e-02  4.11386561e+02 
 1.08722406e-05  6.32017454e+02 -3.43158127e-02  3.98569067e+02 
 1.08724892e-05  6.32017436e+02 -3.45990420e-02  3.85274690e+02 
 1.08727378e-05  6.32017418e+02 -3.48637076e-02  3.71496980e+02 
 1.08729867e-05  6.32017399e+02 -3.51092581e-02  3.57225950e+02 
 1.08732360e-05  6.32017381e+02 -3.53350534e-02  3.42454268e+02 
 1.08734858e-05  6.32017362e+02 -3.55404575e-02  3.27171722e+02 
 1.08737362e-05  6.32017343e+02 -3.57247593e-02  3.11369869e+02 
 1.08739874e-05  6.32017324e+02 -3.58872247e-02  2.95037778e+02 
 1.08742396e-05  6.32017304e+02 -3.60270465e-02  2.78165473e+02 
 1.08744929e-05  6.32017285e+02 -3.61433688e-02  2.60740607e+02 
 1.08747476e-05  6.32017265e+02 -3.62352537e-02  2.42750948e+02 
 1.08750038e-05  6.32017246e+02 -3.63016853e-02  2.24181694e+02 
 1.08752618e-05  6.32017226e+02 -3.63415434e-02  2.05017144e+02 
 1.08755219e-05  6.32017206e+02 -3.63535902e-02  1.85238375e+02 
 1.08757844e-05  6.32017185e+02 -3.63364412e-02  1.64824129e+02 
 1.08760495e-05  6.32017165e+02 -3.62885816e-02  1.43765085e+02 
 1.08763135e-05  6.32017144e+02 -3.62098220e-02  1.22378223e+02 
 1.08765789e-05  6.32017124e+02 -3.60987197e-02  1.00470703e+02 
 1.08768432e-05  6.32017104e+02 -3.59556814e-02  7.82720983e+01 
 1.08771087e-05  6.32017084e+02 -3.57789176e-02  5.56182541e+01 
 1.08773738e-05  6.32017063e+02 -3.55689380e-02  3.26814046e+01 
 1.08776399e-05  6.32017043e+02 -3.53238684e-02  9.34882286e+00 
 1.08779060e-05  6.32017023e+02 -3.50441907e-02 -1.42444772e+01 
 1.08781732e-05  6.32017004e+02 -3.47280934e-02 -3.81703061e+01 
 1.08784407e-05  6.32016984e+02 -3.43759512e-02 -6.23207971e+01 
 1.08787093e-05  6.32016964e+02 -3.39860660e-02 -8.67373751e+01 
 1.08789785e-05  6.32016945e+02 -3.35586630e-02 -1.11331434e+02 
 1.08792490e-05  6.32016926e+02 -3.30922144e-02 -1.36118950e+02 
 1.08795205e-05  6.32016907e+02 -3.25865995e-02 -1.61033382e+02 
 1.08797933e-05  6.32016888e+02 -3.20406547e-02 -1.86060569e+02 
 1.08800674e-05  6.32016870e+02 -3.14539894e-02 -2.11146196e+02 
 1.08803430e-05  6.32016851e+02 -3.08255012e-02 -2.36264776e+02 
 1.08806203e-05  6.32016833e+02 -3.01546735e-02 -2.61363041e+02 
 1.08808995e-05  6.32016816e+02 -2.94404199e-02 -2.86406461e+02 
 1.08811807e-05  6.32016798e+02 -2.86821020e-02 -3.11340315e+02 
 1.08814641e-05  6.32016781e+02 -2.78786068e-02 -3.36122029e+02 
 1.08817499e-05  6.32016765e+02 -2.70291528e-02 -3.60693886e+02 
 1.08820131e-05  6.32016750e+02 -2.62126128e-02 -3.82898328e+02 
 1.08822685e-05  6.32016736e+02 -2.53896670e-02 -4.04002585e+02 
 1.08825055e-05  6.32016723e+02 -2.45994651e-02 -4.23160871e+02 
 1.08827360e-05  6.32016711e+02 -2.38070310e-02 -4.41364126e+02 
 1.08829538e-05  6.32016700e+02 -2.30371194e-02 -4.58145137e+02 
 1.08831665e-05  6.32016690e+02 -2.22657557e-02 -4.74116358e+02 
 1.08833699e-05  6.32016681e+02 -2.15106848e-02 -4.88978218e+02 
 1.08835689e-05  6.32016672e+02 -2.07560066e-02 -5.03106661e+02 
 1.08837607e-05  6.32016663e+02 -2.00144298e-02 -5.16314835e+02 
 1.08839483e-05  6.32016656e+02 -1.92752622e-02 -5.28841782e+02 
 1.08841299e-05  6.32016648e+02 -1.85474686e-02 -5.40576948e+02 
 1.08843077e-05  6.32016641e+02 -1.78238180e-02 -5.51676627e+02 
 1.08844803e-05  6.32016635e+02 -1.71106096e-02 -5.62079183e+02 
 1.08846494e-05  6.32016629e+02 -1.64029821e-02 -5.71889215e+02 
 1.08848139e-05  6.32016623e+02 -1.57053755e-02 -5.81075656e+02 
 1.08849750e-05  6.32016618e+02 -1.50145638e-02 -5.89710454e+02 
 1.08851321e-05  6.32016613e+02 -1.43336983e-02 -5.97781445e+02 
 1.08852858e-05  6.32016609e+02 -1.36606812e-02 -6.05339892e+02 
 1.08854358e-05  6.32016604e+02 -1.29977737e-02 -6.12385203e+02 
 1.08855825e-05  6.32016600e+02 -1.23436564e-02 -6.18955515e+02 
 1.08857258e-05  6.32016597e+02 -1.16999792e-02 -6.25057216e+02 
 1.08858659e-05  6.32016593e+02 -1.10659608e-02 -6.30720109e+02 
 1.08860027e-05  6.32016590e+02 -1.04428355e-02 -6.35954711e+02 
 1.08861364e-05  6.32016587e+02 -9.83019631e-03 -6.40785522e+02 
 1.08862668e-05  6.32016585e+02 -9.22900003e-03 -6.45225437e+02 
 1.08863942e-05  6.32016582e+02 -8.63910341e-03 -6.49295581e+02 
 1.08865183e-05  6.32016580e+02 -8.06128428e-03 -6.53010171e+02 
 1.08866394e-05  6.32016578e+02 -7.49559098e-03 -6.56388177e+02 
 1.08867572e-05  6.32016576e+02 -6.94269425e-03 -6.59444514e+02 
 1.08868719e-05  6.32016575e+02 -6.40278969e-03 -6.62196777e+02 
 1.08869833e-05  6.32016573e+02 -5.87649642e-03 -6.64660221e+02 
 1.08870915e-05  6.32016572e+02 -5.36413434e-03 -6.66851570e+02 
 1.08871964e-05  6.32016571e+02 -4.86631799e-03 -6.68786221e+02 
 1.08872979e-05  6.32016570e+02 -4.38348712e-03 -6.70480355e+02 
 1.08873959e-05  6.32016569e+02 -3.91629797e-03 -6.71949423e+02 
 1.08874904e-05  6.32016568e+02 -3.46532533e-03 -6.73209280e+02 
 1.08875812e-05  6.32016567e+02 -3.03132218e-03 -6.74275402e+02 
 1.08876682e-05  6.32016567e+02 -2.61504019e-03 -6.75163478e+02 
 1.08877512e-05  6.32016567e+02 -2.21740914e-03 -6.75889031e+02 
 1.08878301e-05  6.32016566e+02 -1.83944615e-03 -6.76467712e+02 
 1.08879045e-05  6.32016566e+02 -1.48239927e-03 -6.76915149e+02 
 1.08879742e-05  6.32016566e+02 -1.14774325e-03 -6.77247099e+02 
 1.08880389e-05  6.32016566e+02 -8.37351037e-04 -6.77479422e+02 
 1.08880917e-05  6.32016565e+02 -5.83753241e-04 -6.77615287e+02 
 1.08881349e-05  6.32016565e+02 -3.76292642e-04 -6.77690368e+02 
 1.08881702e-05  6.32016565e+02 -2.07023923e-04 -6.77727586e+02 
 1.08881984e-05  6.32016565e+02 -7.13101656e-05 -6.77741825e+02 
 1.08882265e-05  6.32016565e+02  6.32514516e-05 -6.77742233e+02 
 1.08882556e-05  6.32016565e+02  2.03261279e-04 -6.77728167e+02 
 1.08882911e-05  6.32016565e+02  3.73819387e-04 -6.77691064e+02 
 1.08883348e-05  6.32016565e+02  5.83350993e-04 -6.77615459e+02 
 1.08883847e-05  6.32016566e+02  8.23101298e-04 -6.77488333e+02 
 1.08884413e-05  6.32016566e+02  1.09494344e-03 -6.77291736e+02 
 1.08885028e-05  6.32016566e+02  1.39008904e-03 -6.77015137e+02 
 1.08885696e-05  6.32016566e+02  1.71055630e-03 -6.76640312e+02 
 1.08886406e-05  6.32016566e+02  2.05074167e-03 -6.76157487e+02 
 1.08887161e-05  6.32016567e+02  2.41248686e-03 -6.75547988e+02 
 1.08887953e-05  6.32016567e+02  2.79201660e-03 -6.74801926e+02 
 1.08888787e-05  6.32016568e+02  3.19063890e-03 -6.73900596e+02 
 1.08889655e-05  6.32016568e+02  3.60562998e-03 -6.72833826e+02 
 1.08890561e-05  6.32016569e+02  4.03782418e-03 -6.71583213e+02 
 1.08891500e-05  6.32016570e+02  4.48519692e-03 -6.70138189e+02 
 1.08892474e-05  6.32016571e+02  4.94823883e-03 -6.68480779e+02 
 1.08893480e-05  6.32016572e+02  5.42541539e-03 -6.66599930e+02 
 1.08894518e-05  6.32016573e+02  5.91697359e-03 -6.64478118e+02 
 1.08895587e-05  6.32016575e+02  6.42172404e-03 -6.62103771e+02 
 1.08896687e-05  6.32016576e+02  6.93973995e-03 -6.59459788e+02 
 1.08897817e-05  6.32016578e+02  7.47007489e-03 -6.56534076e+02 
 1.08898978e-05  6.32016580e+02  8.01267749e-03 -6.53309899e+02 
 1.08900168e-05  6.32016582e+02  8.56677243e-03 -6.49774649e+02 
 1.08901388e-05  6.32016584e+02  9.13221854e-03 -6.45911869e+02 
 1.08902636e-05  6.32016587e+02  9.70836046e-03 -6.41708447e+02 
 1.08903915e-05  6.32016589e+02  1.02949917e-02 -6.37148097e+02 
 1.08905222e-05  6.32016592e+02  1.08915401e-02 -6.32217198e+02 
 1.08906559e-05  6.32016596e+02  1.14977508e-02 -6.26899510e+02 
 1.08907926e-05  6.32016599e+02  1.21131086e-02 -6.21180867e+02 
 1.08909322e-05  6.32016603e+02  1.27373219e-02 -6.15044932e+02 
 1.08910748e-05  6.32016607e+02  1.33699132e-02 -6.08476924e+02 
 1.08912205e-05  6.32016611e+02  1.40105622e-02 -6.01460230e+02 
 1.08913693e-05  6.32016615e+02  1.46588150e-02 -5.93979336e+02 
 1.08915212e-05  6.32016620e+02  1.53143280e-02 -5.86017125e+02 
 1.08916763e-05  6.32016625e+02  1.59766616e-02 -5.77557159e+02 
 1.08918348e-05  6.32016631e+02  1.66454524e-02 -5.68581519e+02 
 1.08919967e-05  6.32016637e+02  1.73202680e-02 -5.59072549e+02 
 1.08921621e-05  6.32016643e+02  1.80007287e-02 -5.49011117e+02 
 1.08923311e-05  6.32016650e+02  1.86864051e-02 -5.38377908e+02 
 1.08925038e-05  6.32016657e+02  1.93769046e-02 -5.27151986e+02 
 1.08926806e-05  6.32016664e+02  2.00717994e-02 -5.15311699e+02 
 1.08928614e-05  6.32016672e+02  2.07706884e-02 -5.02833430e+02 
 1.08930466e-05  6.32016680e+02  2.14731476e-02 -4.89692135e+02 
 1.08932363e-05  6.32016689e+02  2.21787751e-02 -4.75860160e+02 
 1.08934309e-05  6.32016698e+02  2.28871582e-02 -4.61307370e+02 
 1.08936308e-05  6.32016708e+02  2.35979081e-02 -4.45999864e+02 
 1.08938362e-05  6.32016719e+02  2.43106410e-02 -4.29899560e+02 
 1.08940477e-05  6.32016730e+02  2.50250084e-02 -4.12962495e+02 
 1.08942658e-05  6.32016742e+02  2.57406933e-02 -3.95137516e+02 
 1.08944912e-05  6.32016754e+02  2.64574454e-02 -3.76363515e+02 
 1.08947248e-05  6.32016767e+02  2.71750992e-02 -3.56566260e+02 
 1.08949676e-05  6.32016782e+02  2.78936347e-02 -3.35652907e+02 
 1.08952209e-05  6.32016797e+02  2.86132483e-02 -3.13504115e+02 
 1.08954868e-05  6.32016813e+02  2.93344998e-02 -2.89960506e+02 
 1.08957677e-05  6.32016831e+02  3.00585601e-02 -2.64799536e+02 
 1.08960505e-05  6.32016849e+02  3.07476381e-02 -2.39231638e+02 
 1.08963312e-05  6.32016868e+02  3.13919019e-02 -2.13668702e+02 
 1.08966099e-05  6.32016887e+02  3.19918489e-02 -1.88176207e+02 
 1.08968854e-05  6.32016906e+02  3.25463569e-02 -1.62898344e+02 
 1.08971593e-05  6.32016925e+02  3.30591114e-02 -1.37761980e+02 
 1.08974310e-05  6.32016944e+02  3.35300111e-02 -1.12860575e+02 
 1.08977014e-05  6.32016963e+02  3.39615237e-02 -8.81502509e+01 
 1.08979702e-05  6.32016983e+02  3.43537216e-02 -6.37107483e+01 
 1.08982380e-05  6.32017002e+02  3.47082903e-02 -3.95224425e+01 
 1.08985045e-05  6.32017022e+02  3.50255044e-02 -1.56530734e+01 
 1.08987701e-05  6.32017042e+02  3.53068129e-02  7.91730628e+00 
 1.08990347e-05  6.32017062e+02  3.55525720e-02  3.11260429e+01 
 1.08992986e-05  6.32017082e+02  3.57639810e-02  5.39870868e+01 
 1.08995616e-05  6.32017102e+02  3.59415833e-02  7.64530884e+01 
 1.08998242e-05  6.32017122e+02  3.60863703e-02  9.85307515e+01 
 1.09000861e-05  6.32017142e+02  3.61989923e-02  1.20184705e+02 
 1.09003476e-05  6.32017163e+02  3.62803070e-02  1.41416941e+02 
 1.09006086e-05  6.32017183e+02  3.63310174e-02  1.62201084e+02 
 1.09008694e-05  6.32017203e+02  3.63518979e-02  1.82536569e+02 
 1.09011299e-05  6.32017223e+02  3.63436710e-02  2.02403899e+02 
 1.09013902e-05  6.32017243e+02  3.63070582e-02  2.21801398e+02 
 1.09016504e-05  6.32017263e+02  3.62427824e-02  2.40714913e+02 
 1.09019106e-05  6.32017283e+02  3.61515297e-02  2.59142658e+02 
 1.09021697e-05  6.32017303e+02  3.60345489e-02  2.77001778e+02 
 1.09024262e-05  6.32017323e+02  3.58937391e-02  2.94194310e+02 
 1.09026814e-05  6.32017342e+02  3.57297291e-02  3.10802717e+02 
 1.09029344e-05  6.32017361e+02  3.55441704e-02  3.26784041e+02 
 1.09031865e-05  6.32017380e+02  3.53373598e-02  3.42213433e+02 
 1.09034370e-05  6.32017399e+02  3.51106951e-02  3.57066263e+02 
 1.09036869e-05  6.32017418e+02  3.48644003e-02  3.71395012e+02 
 1.09039357e-05  6.32017436e+02  3.45996826e-02  3.85185144e+02 
 1.09041841e-05  6.32017454e+02  3.43167613e-02  3.98473856e+02 
 1.09044318e-05  6.32017472e+02  3.40166719e-02  4.11254280e+02 
 1.09046792e-05  6.32017490e+02  3.36996410e-02  4.23554033e+02 
 1.09049263e-05  6.32017508e+02  3.33665518e-02  4.35371673e+02 
 1.09051733e-05  6.32017525e+02  3.30176414e-02  4.46728553e+02 
 1.09054202e-05  6.32017542e+02  3.26536635e-02  4.57626861e+02 
 1.09056672e-05  6.32017560e+02  3.22748642e-02  4.68083786e+02 
 1.09059142e-05  6.32017576e+02  3.18818893e-02  4.78103915e+02 
 1.09061616e-05  6.32017593e+02  3.14749891e-02  4.87701676e+02 
 1.09064092e-05  6.32017610e+02  3.10547190e-02  4.96883243e+02 
 1.09066572e-05  6.32017626e+02  3.06213286e-02  5.05661226e+02 
 1.09069057e-05  6.32017642e+02  3.01752966e-02  5.14042852e+02 
 1.09071548e-05  6.32017658e+02  2.97168667e-02  5.22039541e+02 
 1.09074046e-05  6.32017673e+02  2.92464519e-02  5.29659222e+02 
 1.09076550e-05  6.32017689e+02  2.87642847e-02  5.36912547e+02 
 1.09079063e-05  6.32017704e+02  2.82707210e-02  5.43807912e+02 
 1.09081584e-05  6.32017719e+02  2.77659778e-02  5.50355478e+02 
 1.09084115e-05  6.32017734e+02  2.72503599e-02  5.56563957e+02 
 1.09086657e-05  6.32017749e+02  2.67240646e-02  5.62443198e+02 
 1.09089210e-05  6.32017763e+02  2.61873499e-02  5.68002130e+02 
 1.09091774e-05  6.32017777e+02  2.56403898e-02  5.73250408e+02 
 1.09094352e-05  6.32017791e+02  2.50833982e-02  5.78197105e+02 
 1.09096943e-05  6.32017805e+02  2.45165218e-02  5.82851759e+02 
 1.09099549e-05  6.32017818e+02  2.39399319e-02  5.87223542e+02 
 1.09102171e-05  6.32017831e+02  2.33537446e-02  5.91321915e+02 
 1.09104808e-05  6.32017844e+02  2.27580882e-02  5.95156114e+02 
 1.09107463e-05  6.32017857e+02  2.21530444e-02  5.98735553e+02 
 1.09110136e-05  6.32017869e+02  2.15386974e-02  6.02069500e+02 
 1.09112829e-05  6.32017881e+02  2.09150907e-02  6.05167333e+02 
 1.09115542e-05  6.32017893e+02  2.02822621e-02  6.08038331e+02 
 1.09118277e-05  6.32017905e+02  1.96402120e-02  6.10691834e+02 
 1.09121034e-05  6.32017916e+02  1.89889290e-02  6.13137112e+02 
 1.09123815e-05  6.32017927e+02  1.83283656e-02  6.15383461e+02 
 1.09126621e-05  6.32017938e+02  1.76584567e-02  6.17440117e+02 
 1.09129454e-05  6.32017949e+02  1.69791019e-02  6.19316318e+02 
 1.09132315e-05  6.32017959e+02  1.62901780e-02  6.21021244e+02 
 1.09135206e-05  6.32017968e+02  1.55915267e-02  6.22564052e+02 
 1.09138127e-05  6.32017978e+02  1.48829633e-02  6.23953835e+02 
 1.09141082e-05  6.32017987e+02  1.41642681e-02  6.25199642e+02 
 1.09144071e-05  6.32017996e+02  1.34351947e-02  6.26310441e+02 
 1.09147097e-05  6.32018004e+02  1.26954652e-02  6.27295129e+02 
 1.09150160e-05  6.32018012e+02  1.19447802e-02  6.28162503e+02 
 1.09153233e-05  6.32018020e+02  1.11905911e-02  6.28914084e+02 
 1.09156294e-05  6.32018027e+02  1.04379421e-02  6.29557356e+02 
 1.09159338e-05  6.32018033e+02  9.68867677e-03  6.30103665e+02 
 1.09162347e-05  6.32018039e+02  8.94704059e-03  6.30562665e+02 
 1.09165311e-05  6.32018045e+02  8.21576380e-03  6.30945080e+02 
 1.09168207e-05  6.32018050e+02  7.50082699e-03  6.31259761e+02 
 1.09171009e-05  6.32018054e+02  6.80856518e-03  6.31515549e+02 
 1.09173677e-05  6.32018058e+02  6.14902675e-03  6.31719975e+02 
 1.09175879e-05  6.32018060e+02  5.60456194e-03  6.31863214e+02 
 1.09176400e-05  6.32018061e+02  5.47580059e-03  6.31894003e+02 
 1.09177285e-05  6.32018062e+02  5.25677990e-03  6.31943819e+02 
 1.09178105e-05  6.32018063e+02  5.05384392e-03  6.31987208e+02 
 1.09178739e-05  6.32018063e+02  4.89707325e-03  6.32018972e+02 
 1.09179382e-05  6.32018064e+02  4.73810128e-03  6.32049674e+02 
 1.09179919e-05  6.32018065e+02  4.60520360e-03  6.32074209e+02 
 1.09180630e-05  6.32018065e+02  4.42911542e-03  6.32105181e+02 
 1.09181449e-05  6.32018066e+02  4.22648127e-03  6.32138728e+02 
 1.09182158e-05  6.32018067e+02  4.05095577e-03  6.32166040e+02 
 1.09183022e-05  6.32018067e+02  3.83713867e-03  6.32197203e+02 
 1.09183775e-05  6.32018068e+02  3.65078724e-03  6.32222544e+02 
 1.09184717e-05  6.32018069e+02  3.41751434e-03  6.32251976e+02 
 1.09185514e-05  6.32018069e+02  3.22025525e-03  6.32274951e+02 
 1.09186552e-05  6.32018070e+02  2.96326323e-03  6.32302364e+02 
 1.09187401e-05  6.32018071e+02  2.75328164e-03  6.32322728e+02 
 1.09188630e-05  6.32018071e+02  2.44883181e-03  6.32349146e+02 
 1.09189541e-05  6.32018072e+02  2.22322936e-03  6.32366440e+02 
 1.09191036e-05  6.32018072e+02  1.85318378e-03  6.32390789e+02 
 1.09191667e-05  6.32018073e+02  1.69677867e-03  6.32399628e+02 
 1.09192893e-05  6.32018073e+02  1.39339053e-03  6.32414394e+02 
 1.09194645e-05  6.32018073e+02  9.59510388e-04  6.32430231e+02 
 1.09195527e-05  6.32018074e+02  7.40985831e-04  6.32435910e+02 
 1.09196635e-05  6.32018074e+02  4.66718611e-04  6.32440909e+02 
 1.09197533e-05  6.32018074e+02  2.44337915e-04  6.32443245e+02 
 1.09198254e-05  6.32018074e+02  6.57942566e-05  6.32444018e+02 
 1.09198898e-05  6.32018074e+02 -9.38411427e-05  6.32443882e+02 
 1.09199612e-05  6.32018074e+02 -2.70496980e-04  6.32442823e+02 
 1.09200476e-05  6.32018074e+02 -4.84546154e-04  6.32440262e+02 
 1.09201466e-05  6.32018074e+02 -7.29828426e-04  6.32435599e+02 
 1.09202574e-05  6.32018073e+02 -1.00412804e-03  6.32428174e+02 
 1.09204024e-05  6.32018073e+02 -1.36309759e-03  6.32414860e+02 
 1.09206445e-05  6.32018072e+02 -1.96260516e-03  6.32383166e+02 
 1.09206952e-05  6.32018072e+02 -2.08812121e-03  6.32374956e+02 
 1.09207965e-05  6.32018071e+02 -2.33914605e-03  6.32356828e+02 
 1.09208889e-05  6.32018071e+02 -2.56795988e-03  6.32338260e+02 
 1.09210148e-05  6.32018070e+02 -2.87964020e-03  6.32309696e+02 
 1.09210864e-05  6.32018070e+02 -3.05668658e-03  6.32291718e+02 
 1.09212010e-05  6.32018069e+02 -3.34051456e-03  6.32260130e+02 
 1.09213039e-05  6.32018068e+02 -3.59526675e-03  6.32228743e+02 
 1.09213724e-05  6.32018068e+02 -3.76481137e-03  6.32206190e+02 
 1.09214509e-05  6.32018067e+02 -3.95904081e-03  6.32178654e+02 
 1.09215146e-05  6.32018067e+02 -4.11669062e-03  6.32154924e+02 
 1.09215882e-05  6.32018066e+02 -4.29878737e-03  6.32125921e+02 
 1.09216451e-05  6.32018065e+02 -4.43967744e-03  6.32102270e+02 
 1.09217087e-05  6.32018065e+02 -4.59703543e-03  6.32074567e+02 
 1.09217564e-05  6.32018064e+02 -4.71503291e-03  6.32052877e+02 
 1.09218097e-05  6.32018064e+02 -4.84697799e-03  6.32027666e+02 
 1.09218608e-05  6.32018063e+02 -4.97328949e-03  6.32002561e+02 
 1.09219225e-05  6.32018063e+02 -5.12598556e-03  6.31970910e+02 
 1.09219925e-05  6.32018062e+02 -5.29925363e-03  6.31933216e+02 
 1.09220652e-05  6.32018061e+02 -5.47910070e-03  6.31892020e+02 
 1.09221440e-05  6.32018060e+02 -5.67394993e-03  6.31844919e+02 
 1.09222246e-05  6.32018059e+02 -5.87311561e-03  6.31794017e+02 
 1.09223104e-05  6.32018058e+02 -6.08541270e-03  6.31736564e+02 
 1.09223977e-05  6.32018057e+02 -6.30125737e-03  6.31674628e+02 
 1.09224898e-05  6.32018055e+02 -6.52896133e-03  6.31605267e+02 
 1.09225832e-05  6.32018054e+02 -6.75983167e-03  6.31530537e+02 
 1.09226810e-05  6.32018053e+02 -7.00156256e-03  6.31447318e+02 
 1.09227801e-05  6.32018051e+02 -7.24629418e-03  6.31357640e+02 
 1.09228833e-05  6.32018050e+02 -7.50118164e-03  6.31258155e+02 
 1.09229877e-05  6.32018048e+02 -7.75905471e-03  6.31150880e+02 
 1.09230960e-05  6.32018046e+02 -8.02651826e-03  6.31032226e+02 
 1.09233127e-05  6.32018042e+02 -8.56121507e-03  6.30770934e+02 
 1.09235742e-05  6.32018037e+02 -9.20613885e-03  6.30409191e+02 
 1.09238099e-05  6.32018033e+02 -9.78686551e-03  6.30035172e+02 
 1.09241070e-05  6.32018026e+02 -1.05183042e-02  6.29491385e+02 
 1.09244382e-05  6.32018018e+02 -1.13322691e-02  6.28779248e+02 
 1.09247694e-05  6.32018010e+02 -1.21448244e-02  6.27941143e+02 
 1.09251122e-05  6.32018001e+02 -1.29842455e-02  6.26924199e+02 
 1.09254374e-05  6.32017992e+02 -1.37786416e-02  6.25802516e+02 
 1.09257658e-05  6.32017982e+02 -1.45785928e-02  6.24497513e+02 
 1.09260801e-05  6.32017972e+02 -1.53417036e-02  6.23069889e+02 
 1.09263955e-05  6.32017961e+02 -1.61046797e-02  6.21444729e+02 
 1.09267006e-05  6.32017951e+02 -1.68401059e-02  6.19671727e+02 
 1.09270056e-05  6.32017939e+02 -1.75720718e-02  6.17685645e+02 
 1.09273030e-05  6.32017928e+02 -1.82822835e-02  6.15527149e+02 
 1.09275995e-05  6.32017916e+02 -1.89865829e-02  6.13140416e+02 
 1.09278900e-05  6.32017904e+02 -1.96727623e-02  6.10557821e+02 
 1.09281792e-05  6.32017892e+02 -2.03513506e-02  6.07731745e+02 
 1.09284636e-05  6.32017880e+02 -2.10141905e-02  6.04687149e+02 
 1.09287464e-05  6.32017867e+02 -2.16683050e-02  6.01383490e+02 
 1.09290254e-05  6.32017854e+02 -2.23082111e-02  5.97839357e+02 
 1.09293027e-05  6.32017840e+02 -2.29385847e-02  5.94020256e+02 
 1.09295769e-05  6.32017827e+02 -2.35557085e-02  5.89939435e+02 
 1.09298493e-05  6.32017813e+02 -2.41626750e-02  5.85567499e+02 
 1.09301191e-05  6.32017799e+02 -2.47569342e-02  5.80913297e+02 
 1.09303873e-05  6.32017785e+02 -2.53405040e-02  5.75951680e+02 
 1.09306532e-05  6.32017770e+02 -2.59116050e-02  5.70687921e+02 
 1.09309177e-05  6.32017755e+02 -2.64715209e-02  5.65100375e+02 
 1.09311802e-05  6.32017740e+02 -2.70189786e-02  5.59191446e+02 
 1.09314413e-05  6.32017725e+02 -2.75547559e-02  5.52942363e+02 
 1.09317008e-05  6.32017710e+02 -2.80779090e-02  5.46353258e+02 
 1.09319591e-05  6.32017694e+02 -2.85888636e-02  5.39407697e+02 
 1.09322160e-05  6.32017679e+02 -2.90868862e-02  5.32104038e+02 
 1.09324717e-05  6.32017663e+02 -2.95721542e-02  5.24427743e+02 
 1.09327264e-05  6.32017646e+02 -3.00440642e-02  5.16375796e+02 
 1.09329800e-05  6.32017630e+02 -3.05026146e-02  5.07935184e+02 
 1.09332327e-05  6.32017614e+02 -3.09472777e-02  4.99101838e+02 
 1.09334846e-05  6.32017597e+02 -3.13779193e-02  4.89863966e+02 
 1.09337358e-05  6.32017580e+02 -3.17940502e-02  4.80216689e+02 
 1.09339863e-05  6.32017563e+02 -3.21954340e-02  4.70149178e+02 
 1.09342362e-05  6.32017546e+02 -3.25815933e-02  4.59655919e+02 
 1.09344857e-05  6.32017528e+02 -3.29522092e-02  4.48726820e+02 
 1.09347348e-05  6.32017511e+02 -3.33067967e-02  4.37355849e+02 
 1.09349836e-05  6.32017493e+02 -3.36449652e-02  4.25533439e+02 
 1.09352322e-05  6.32017475e+02 -3.39662070e-02  4.13253090e+02 
 1.09354807e-05  6.32017457e+02 -3.42700646e-02  4.00505552e+02 
 1.09357292e-05  6.32017439e+02 -3.45559942e-02  3.87283840e+02 
 1.09359779e-05  6.32017421e+02 -3.48234709e-02  3.73578785e+02 
 1.09362267e-05  6.32017402e+02 -3.50719013e-02  3.59382826e+02 
 1.09364759e-05  6.32017383e+02 -3.53006875e-02  3.44686588e+02 
 1.09367256e-05  6.32017365e+02 -3.55091708e-02  3.29481734e+02 
 1.09369760e-05  6.32017346e+02 -3.56966689e-02  3.13758312e+02 
 1.09372271e-05  6.32017327e+02 -3.58624385e-02  2.97506862e+02 
 1.09374791e-05  6.32017307e+02 -3.60056933e-02  2.80716326e+02 
 1.09377322e-05  6.32017288e+02 -3.61255784e-02  2.63375553e+02 
 1.09379866e-05  6.32017268e+02 -3.62211737e-02  2.45471592e+02 
 1.09382426e-05  6.32017249e+02 -3.62914727e-02  2.26990673e+02 
 1.09385003e-05  6.32017229e+02 -3.63353739e-02  2.07916714e+02 
 1.09387601e-05  6.32017209e+02 -3.63516576e-02  1.88231785e+02 
 1.09390223e-05  6.32017188e+02 -3.63389631e-02  1.67914617e+02 
 1.09392872e-05  6.32017168e+02 -3.62957458e-02  1.46936748e+02 
 1.09395512e-05  6.32017148e+02 -3.62216679e-02  1.25609469e+02 
 1.09398165e-05  6.32017127e+02 -3.61154108e-02  1.03768745e+02 
 1.09400809e-05  6.32017107e+02 -3.59772303e-02  8.16227094e+01 
 1.09403463e-05  6.32017087e+02 -3.58055082e-02  5.90288112e+01 
 1.09406113e-05  6.32017066e+02 -3.56005890e-02  3.61407489e+01 
 1.09408774e-05  6.32017046e+02 -3.53607642e-02  1.28611454e+01 
 1.09411434e-05  6.32017026e+02 -3.50863574e-02 -1.06887490e+01 
 1.09414105e-05  6.32017007e+02 -3.47757081e-02 -3.45696461e+01 
 1.09416779e-05  6.32016987e+02 -3.44290504e-02 -5.86836462e+01 
 1.09419464e-05  6.32016967e+02 -3.40448184e-02 -8.30642251e+01 
 1.09422155e-05  6.32016948e+02 -3.36231175e-02 -1.07630016e+02 
 1.09424858e-05  6.32016929e+02 -3.31625373e-02 -1.32391101e+02 
 1.09427571e-05  6.32016910e+02 -3.26628405e-02 -1.57287191e+02 
 1.09430297e-05  6.32016891e+02 -3.21229826e-02 -1.82298814e+02 
 1.09433036e-05  6.32016872e+02 -3.15424698e-02 -2.07376741e+02 
 1.09435790e-05  6.32016854e+02 -3.09202972e-02 -2.32491848e+02 
 1.09438561e-05  6.32016836e+02 -3.02558690e-02 -2.57594485e+02 
 1.09441350e-05  6.32016818e+02 -2.95481765e-02 -2.82647800e+02 
 1.09444158e-05  6.32016801e+02 -2.87965222e-02 -3.07599696e+02 
 1.09446989e-05  6.32016784e+02 -2.79998587e-02 -3.32406110e+02 
 1.09449843e-05  6.32016767e+02 -2.71573613e-02 -3.57011331e+02 
 1.09452515e-05  6.32016752e+02 -2.63337318e-02 -3.79615294e+02 
 1.09455074e-05  6.32016738e+02 -2.55136352e-02 -4.00831076e+02 
 1.09457475e-05  6.32016725e+02 -2.47171424e-02 -4.20304978e+02 
 1.09459785e-05  6.32016713e+02 -2.39265744e-02 -4.38613214e+02 
 1.09461985e-05  6.32016702e+02 -2.31523102e-02 -4.55623425e+02 
 1.09464116e-05  6.32016692e+02 -2.23821978e-02 -4.71693065e+02 
 1.09466166e-05  6.32016682e+02 -2.16239710e-02 -4.86732161e+02 
 1.09468161e-05  6.32016673e+02 -2.08699245e-02 -5.00956621e+02 
 1.09470090e-05  6.32016665e+02 -2.01258754e-02 -5.14309788e+02 
 1.09471972e-05  6.32016657e+02 -1.93868137e-02 -5.26930189e+02 
 1.09473798e-05  6.32016649e+02 -1.86569587e-02 -5.38788392e+02 
 1.09475580e-05  6.32016642e+02 -1.79330036e-02 -5.49977862e+02 
 1.09477315e-05  6.32016636e+02 -1.72179807e-02 -5.60487523e+02 
 1.09479011e-05  6.32016630e+02 -1.65097294e-02 -5.70382887e+02 
 1.09480663e-05  6.32016624e+02 -1.58104455e-02 -5.79664311e+02 
 1.09482279e-05  6.32016619e+02 -1.51187560e-02 -5.88379551e+02 
 1.09483856e-05  6.32016614e+02 -1.44362749e-02 -5.96535874e+02 
 1.09485398e-05  6.32016609e+02 -1.37621717e-02 -6.04169671e+02 
 1.09486904e-05  6.32016605e+02 -1.30976580e-02 -6.11292287e+02 
 1.09488376e-05  6.32016601e+02 -1.24422777e-02 -6.17932795e+02 
 1.09489814e-05  6.32016597e+02 -1.17969668e-02 -6.24104858e+02 
 1.09491220e-05  6.32016594e+02 -1.11615296e-02 -6.29832808e+02 
 1.09492593e-05  6.32016591e+02 -1.05367166e-02 -6.35131556e+02 
 1.09493935e-05  6.32016588e+02 -9.92251560e-03 -6.40022341e+02 
 1.09495244e-05  6.32016585e+02 -9.31955696e-03 -6.44520684e+02 
 1.09496522e-05  6.32016583e+02 -8.72796199e-03 -6.48645792e+02 
 1.09497768e-05  6.32016580e+02 -8.14828879e-03 -6.52413431e+02 
 1.09498984e-05  6.32016578e+02 -7.58076129e-03 -6.55841466e+02 
 1.09500167e-05  6.32016577e+02 -7.02590268e-03 -6.58945709e+02 
 1.09501318e-05  6.32016575e+02 -6.48402336e-03 -6.61743134e+02 
 1.09502438e-05  6.32016573e+02 -5.95564313e-03 -6.64249506e+02 
 1.09503525e-05  6.32016572e+02 -5.44115501e-03 -6.66481206e+02 
 1.09504579e-05  6.32016571e+02 -4.94110584e-03 -6.68453916e+02 
 1.09505599e-05  6.32016570e+02 -4.45597945e-03 -6.70183634e+02 
 1.09506585e-05  6.32016569e+02 -3.98638409e-03 -6.71685964e+02 
 1.09507535e-05  6.32016568e+02 -3.53291766e-03 -6.72976665e+02 
 1.09508449e-05  6.32016568e+02 -3.09629575e-03 -6.74071293e+02 
 1.09509324e-05  6.32016567e+02 -2.67727613e-03 -6.74985485e+02 
 1.09510161e-05  6.32016567e+02 -2.27675378e-03 -6.75734797e+02 
 1.09510956e-05  6.32016566e+02 -1.89573437e-03 -6.76334852e+02 
 1.09511707e-05  6.32016566e+02 -1.53542330e-03 -6.76801283e+02 
 1.09512412e-05  6.32016566e+02 -1.19725727e-03 -6.77149821e+02 
 1.09513067e-05  6.32016566e+02 -8.83036455e-04 -6.77396305e+02 
 1.09513605e-05  6.32016566e+02 -6.24590162e-04 -6.77543207e+02 
 1.09514049e-05  6.32016566e+02 -4.11465828e-04 -6.77626449e+02 
 1.09514415e-05  6.32016565e+02 -2.35746800e-04 -6.77669320e+02 
 1.09514706e-05  6.32016565e+02 -9.60359406e-05 -6.77686793e+02 
 1.09514985e-05  6.32016565e+02  3.82561416e-05 -6.77689718e+02 
 1.09515279e-05  6.32016565e+02  1.79105697e-04 -6.77678176e+02 
 1.09515610e-05  6.32016565e+02  3.38037590e-04 -6.77647192e+02 
 1.09516043e-05  6.32016566e+02  5.46314917e-04 -6.77577755e+02 
 1.09516522e-05  6.32016566e+02  7.76117777e-04 -6.77463180e+02 
 1.09517086e-05  6.32016566e+02  1.04683392e-03 -6.77277101e+02 
 1.09517686e-05  6.32016566e+02  1.33454730e-03 -6.77018712e+02 
 1.09518351e-05  6.32016566e+02  1.65367558e-03 -6.76658991e+02 
 1.09519048e-05  6.32016566e+02  1.98800617e-03 -6.76199576e+02 
 1.09519800e-05  6.32016567e+02  2.34811002e-03 -6.75610147e+02 
 1.09520582e-05  6.32016567e+02  2.72281640e-03 -6.74892513e+02 
 1.09521411e-05  6.32016568e+02  3.11958753e-03 -6.74016471e+02 
 1.09522271e-05  6.32016568e+02  3.53049754e-03 -6.72983019e+02 
 1.09523173e-05  6.32016569e+02  3.96072814e-03 -6.71763039e+02 
 1.09524104e-05  6.32016570e+02  4.40457747e-03 -6.70356143e+02 
 1.09525074e-05  6.32016571e+02  4.86561305e-03 -6.68734772e+02 
 1.09526072e-05  6.32016572e+02  5.33969586e-03 -6.66896840e+02 
 1.09527106e-05  6.32016573e+02  5.82925332e-03 -6.64816498e+02 
 1.09528169e-05  6.32016574e+02  6.33124989e-03 -6.62489875e+02 
 1.09529264e-05  6.32016576e+02  6.84730489e-03 -6.59892802e+02 
 1.09530389e-05  6.32016578e+02  7.37516283e-03 -6.57019667e+02 
 1.09531544e-05  6.32016580e+02  7.91586907e-03 -6.53847841e+02 
 1.09532729e-05  6.32016582e+02  8.46771978e-03 -6.50370087e+02 
 1.09533944e-05  6.32016584e+02  9.03135189e-03 -6.46565110e+02 
 1.09535187e-05  6.32016586e+02  9.60545162e-03 -6.42424192e+02 
 1.09536460e-05  6.32016589e+02  1.01903644e-02 -6.37927124e+02 
 1.09537763e-05  6.32016592e+02  1.07850515e-02 -6.33063843e+02 
 1.09539094e-05  6.32016595e+02  1.13896495e-02 -6.27814967e+02 
 1.09540455e-05  6.32016598e+02  1.20033126e-02 -6.22169192e+02 
 1.09541847e-05  6.32016602e+02  1.26260270e-02 -6.16107689e+02 
 1.09543267e-05  6.32016606e+02  1.32570810e-02 -6.09617972e+02 
 1.09544719e-05  6.32016610e+02  1.38963514e-02 -6.02681471e+02 
 1.09546201e-05  6.32016615e+02  1.45432190e-02 -5.95284512e+02 
 1.09547715e-05  6.32016619e+02  1.51974797e-02 -5.87408467e+02 
 1.09549261e-05  6.32016625e+02  1.58585771e-02 -5.79038379e+02 
 1.09550840e-05  6.32016630e+02  1.65262469e-02 -5.70155187e+02 
 1.09552452e-05  6.32016636e+02  1.71999744e-02 -5.60742444e+02 
 1.09554100e-05  6.32016642e+02  1.78794501e-02 -5.50780189e+02 
 1.09555783e-05  6.32016648e+02  1.85641865e-02 -5.40250123e+02 
 1.09557504e-05  6.32016655e+02  1.92538407e-02 -5.29130755e+02 
 1.09559264e-05  6.32016663e+02  1.99479438e-02 -5.17401330e+02 
 1.09561065e-05  6.32016671e+02  2.06461297e-02 -5.05037942e+02 
 1.09562909e-05  6.32016679e+02  2.13479448e-02 -4.92016408e+02 
 1.09564798e-05  6.32016687e+02  2.20530112e-02 -4.78309061e+02 
 1.09566736e-05  6.32016697e+02  2.27608944e-02 -4.63886701e+02 
 1.09568725e-05  6.32016706e+02  2.34712206e-02 -4.48715757e+02 
 1.09570769e-05  6.32016717e+02  2.41835880e-02 -4.32759316e+02 
 1.09572872e-05  6.32016728e+02  2.48976549e-02 -4.15974258e+02 
 1.09575041e-05  6.32016739e+02  2.56130860e-02 -3.98311123e+02 
 1.09577282e-05  6.32016752e+02  2.63296267e-02 -3.79710542e+02 
 1.09579603e-05  6.32016765e+02  2.70470857e-02 -3.60101133e+02 
 1.09582014e-05  6.32016779e+02  2.77654193e-02 -3.39393642e+02 
 1.09584528e-05  6.32016794e+02  2.84847720e-02 -3.17474354e+02 
 1.09587163e-05  6.32016810e+02  2.92056300e-02 -2.94192141e+02 
 1.09589943e-05  6.32016828e+02  2.99290252e-02 -2.69338152e+02 
 1.09592792e-05  6.32016846e+02  3.06304050e-02 -2.43615643e+02 
 1.09595586e-05  6.32016865e+02  3.12785577e-02 -2.18201613e+02 
 1.09598393e-05  6.32016883e+02  3.18897693e-02 -1.92544266e+02 
 1.09601140e-05  6.32016902e+02  3.24493041e-02 -1.67353365e+02 
 1.09603893e-05  6.32016921e+02  3.29714285e-02 -1.42087340e+02 
 1.09606604e-05  6.32016940e+02  3.34478519e-02 -1.17232439e+02 
 1.09609319e-05  6.32016960e+02  3.38874854e-02 -9.24145212e+01 
 1.09612003e-05  6.32016979e+02  3.42854818e-02 -6.79879688e+01 
 1.09614688e-05  6.32016999e+02  3.46473336e-02 -4.37038005e+01 
 1.09617350e-05  6.32017019e+02  3.49704325e-02 -1.98205584e+01 
 1.09620012e-05  6.32017039e+02  3.52584055e-02  3.83896849e+00 
 1.09622656e-05  6.32017059e+02  3.55099913e-02  2.70815240e+01 
 1.09625299e-05  6.32017079e+02  3.57275905e-02  5.00287916e+01 
 1.09627929e-05  6.32017099e+02  3.59108774e-02  7.25437012e+01 
 1.09630557e-05  6.32017119e+02  3.60614678e-02  9.47066866e+01 
 1.09633175e-05  6.32017139e+02  3.61795830e-02  1.16420987e+02 
 1.09635792e-05  6.32017159e+02  3.62663709e-02  1.37738802e+02 
 1.09638402e-05  6.32017179e+02  3.63223560e-02  1.58591961e+02 
 1.09641012e-05  6.32017199e+02  3.63484160e-02  1.79013860e+02 
 1.09643616e-05  6.32017219e+02  3.63452316e-02  1.98956696e+02 
 1.09646221e-05  6.32017240e+02  3.63135291e-02  2.18441643e+02 
 1.09648822e-05  6.32017260e+02  3.62540583e-02  2.37435456e+02 
 1.09651425e-05  6.32017280e+02  3.61674633e-02  2.55951604e+02 
 1.09654021e-05  6.32017300e+02  3.60547299e-02  2.73936680e+02 
 1.09656588e-05  6.32017319e+02  3.59181335e-02  2.91225333e+02 
 1.09659145e-05  6.32017339e+02  3.57579387e-02  3.07951307e+02 
 1.09661676e-05  6.32017358e+02  3.55762337e-02  3.24025321e+02 
 1.09664200e-05  6.32017377e+02  3.53729284e-02  3.39560894e+02 
 1.09666707e-05  6.32017396e+02  3.51498174e-02  3.54502861e+02 
 1.09669208e-05  6.32017415e+02  3.49067735e-02  3.68929450e+02 
 1.09671697e-05  6.32017433e+02  3.46453451e-02  3.82805731e+02 
 1.09674182e-05  6.32017451e+02  3.43654547e-02  3.96185911e+02 
 1.09676659e-05  6.32017469e+02  3.40684203e-02  4.09049556e+02 
 1.09679135e-05  6.32017487e+02  3.37542269e-02  4.21435518e+02 
 1.09681606e-05  6.32017505e+02  3.34239851e-02  4.33333382e+02 
 1.09684076e-05  6.32017522e+02  3.30777399e-02  4.44771920e+02 
 1.09686545e-05  6.32017539e+02  3.27164247e-02  4.55747404e+02 
 1.09689015e-05  6.32017557e+02  3.23401357e-02  4.66281909e+02 
 1.09691485e-05  6.32017573e+02  3.19496583e-02  4.76376133e+02 
 1.09693958e-05  6.32017590e+02  3.15451280e-02  4.86047710e+02 
 1.09696433e-05  6.32017607e+02  3.11272077e-02  4.95300268e+02 
 1.09698913e-05  6.32017623e+02  3.06960598e-02  5.04148509e+02 
 1.09701397e-05  6.32017639e+02  3.02522454e-02  5.12597999e+02 
 1.09703887e-05  6.32017655e+02  2.97959426e-02  5.20661522e+02 
 1.09706383e-05  6.32017671e+02  2.93276274e-02  5.28345926e+02 
 1.09708887e-05  6.32017686e+02  2.88474835e-02  5.35662744e+02 
 1.09711398e-05  6.32017701e+02  2.83559148e-02  5.42619673e+02 
 1.09713918e-05  6.32017717e+02  2.78531023e-02  5.49227441e+02 
 1.09716447e-05  6.32017731e+02  2.73393875e-02  5.55494311e+02 
 1.09718987e-05  6.32017746e+02  2.68149416e-02  5.61430494e+02 
 1.09721538e-05  6.32017760e+02  2.62800508e-02  5.67044629e+02 
 1.09724100e-05  6.32017775e+02  2.57348703e-02  5.72346602e+02 
 1.09726676e-05  6.32017789e+02  2.51796358e-02  5.77345302e+02 
 1.09729264e-05  6.32017802e+02  2.46144813e-02  5.82050413e+02 
 1.09731868e-05  6.32017816e+02  2.40395948e-02  5.86470988e+02 
 1.09734486e-05  6.32017829e+02  2.34550841e-02  5.90616582e+02 
 1.09737121e-05  6.32017842e+02  2.28610908e-02  5.94496355e+02 
 1.09739773e-05  6.32017855e+02  2.22576918e-02  5.98119779e+02 
 1.09742443e-05  6.32017867e+02  2.16449822e-02  6.01496078e+02 
 1.09745132e-05  6.32017879e+02  2.10230032e-02  6.04634664e+02 
 1.09747841e-05  6.32017891e+02  2.03918018e-02  6.07544790e+02 
 1.09750572e-05  6.32017903e+02  1.97513782e-02  6.10235818e+02 
 1.09753325e-05  6.32017914e+02  1.91017292e-02  6.12717005e+02 
 1.09756102e-05  6.32017925e+02  1.84428088e-02  6.14997661e+02 
 1.09758904e-05  6.32017936e+02  1.77745596e-02  6.17087016e+02 
 1.09761732e-05  6.32017947e+02  1.70968838e-02  6.18994321e+02 
 1.09764588e-05  6.32017957e+02  1.64096659e-02  6.20728754e+02 
 1.09767473e-05  6.32017967e+02  1.57127512e-02  6.22299484e+02 
 1.09770389e-05  6.32017976e+02  1.50059625e-02  6.23715609e+02 
 1.09773338e-05  6.32017985e+02  1.42890846e-02  6.24986189e+02 
 1.09776320e-05  6.32017994e+02  1.35618779e-02  6.26120203e+02 
 1.09779339e-05  6.32018003e+02  1.28240690e-02  6.27126562e+02 
 1.09782396e-05  6.32018011e+02  1.20753639e-02  6.28014078e+02 
 1.09785474e-05  6.32018019e+02  1.13201470e-02  6.28787004e+02 
 1.09788535e-05  6.32018026e+02  1.05678431e-02  6.29447967e+02 
 1.09791586e-05  6.32018032e+02  9.81676792e-03  6.30011446e+02 
 1.09794601e-05  6.32018038e+02  9.07400684e-03  6.30484845e+02 
 1.09797577e-05  6.32018044e+02  8.33984969e-03  6.30880520e+02 
 1.09800486e-05  6.32018049e+02  7.62163690e-03  6.31206508e+02 
 1.09803310e-05  6.32018053e+02  6.92402633e-03  6.31472399e+02 
 1.09806007e-05  6.32018057e+02  6.25748768e-03  6.31685472e+02 
 1.09808270e-05  6.32018060e+02  5.69783904e-03  6.31837079e+02 
 1.09808795e-05  6.32018060e+02  5.56811623e-03  6.31868972e+02 
 1.09809736e-05  6.32018062e+02  5.33536511e-03  6.31923311e+02 
 1.09810627e-05  6.32018063e+02  5.11495110e-03  6.31971487e+02 
 1.09811305e-05  6.32018063e+02  4.94721831e-03  6.32006094e+02 
 1.09811983e-05  6.32018064e+02  4.77953140e-03  6.32038983e+02 
 1.09812466e-05  6.32018064e+02  4.65992618e-03  6.32061429e+02 
 1.09813135e-05  6.32018065e+02  4.49434192e-03  6.32091153e+02 
 1.09814115e-05  6.32018066e+02  4.25203315e-03  6.32131924e+02 
 1.09815113e-05  6.32018067e+02  4.00487273e-03  6.32170316e+02 
 1.09815781e-05  6.32018067e+02  3.83958976e-03  6.32194263e+02 
 1.09816937e-05  6.32018068e+02  3.55339778e-03  6.32232604e+02 
 1.09818002e-05  6.32018069e+02  3.28992159e-03  6.32264555e+02 
 1.09818803e-05  6.32018070e+02  3.09149857e-03  6.32286594e+02 
 1.09819892e-05  6.32018070e+02  2.82203539e-03  6.32313863e+02 
 1.09821083e-05  6.32018071e+02  2.52713148e-03  6.32340348e+02 
 1.09822031e-05  6.32018072e+02  2.29244350e-03  6.32359022e+02 
 1.09823527e-05  6.32018072e+02  1.92188950e-03  6.32384370e+02 
 1.09824179e-05  6.32018072e+02  1.76047211e-03  6.32393882e+02 
 1.09825407e-05  6.32018073e+02  1.45637558e-03  6.32409365e+02 
 1.09826473e-05  6.32018073e+02  1.19243608e-03  6.32420293e+02 
 1.09827902e-05  6.32018073e+02  8.38515361e-04  6.32431389e+02 
 1.09829258e-05  6.32018074e+02  5.02832604e-04  6.32438238e+02 
 1.09830169e-05  6.32018074e+02  2.77162604e-04  6.32440862e+02 
 1.09830774e-05  6.32018074e+02  1.27301833e-04  6.32441734e+02 
 1.09831454e-05  6.32018074e+02 -4.12115475e-05  6.32441891e+02 
 1.09832264e-05  6.32018074e+02 -2.41691463e-04  6.32440943e+02 
 1.09833227e-05  6.32018074e+02 -4.80096059e-04  6.32438216e+02 
 1.09834214e-05  6.32018074e+02 -7.24700200e-04  6.32433600e+02 
 1.09835431e-05  6.32018073e+02 -1.02589562e-03  6.32425361e+02 
 1.09836739e-05  6.32018073e+02 -1.34988858e-03  6.32413283e+02 
 1.09838484e-05  6.32018072e+02 -1.78199490e-03  6.32391815e+02 
 1.09839562e-05  6.32018072e+02 -2.04900221e-03  6.32375354e+02 
 1.09840596e-05  6.32018071e+02 -2.30504306e-03  6.32357176e+02 
 1.09842047e-05  6.32018071e+02 -2.66425483e-03  6.32327549e+02 
 1.09842882e-05  6.32018070e+02 -2.87100276e-03  6.32308211e+02 
 1.09844177e-05  6.32018069e+02 -3.19154508e-03  6.32274762e+02 
 1.09845272e-05  6.32018069e+02 -3.46262773e-03  6.32243022e+02 
 1.09845947e-05  6.32018068e+02 -3.62968158e-03  6.32221811e+02 
 1.09846734e-05  6.32018067e+02 -3.82435320e-03  6.32195440e+02 
 1.09847435e-05  6.32018067e+02 -3.99801069e-03  6.32170363e+02 
 1.09848161e-05  6.32018066e+02 -4.17762129e-03  6.32142829e+02 
 1.09848791e-05  6.32018066e+02 -4.33355205e-03  6.32117564e+02 
 1.09849426e-05  6.32018065e+02 -4.49075158e-03  6.32090770e+02 
 1.09849953e-05  6.32018065e+02 -4.62100167e-03  6.32067533e+02 
 1.09850465e-05  6.32018064e+02 -4.74781113e-03  6.32043983e+02 
 1.09850978e-05  6.32018064e+02 -4.87476874e-03  6.32019464e+02 
 1.09851513e-05  6.32018063e+02 -5.00695228e-03  6.31992910e+02 
 1.09852156e-05  6.32018062e+02 -5.16608723e-03  6.31959514e+02 
 1.09852848e-05  6.32018062e+02 -5.33738124e-03  6.31921768e+02 
 1.09853608e-05  6.32018061e+02 -5.52538143e-03  6.31878118e+02 
 1.09854391e-05  6.32018060e+02 -5.71890592e-03  6.31830665e+02 
 1.09855225e-05  6.32018059e+02 -5.92528611e-03  6.31777130e+02 
 1.09856077e-05  6.32018058e+02 -6.13592089e-03  6.31719244e+02 
 1.09856976e-05  6.32018056e+02 -6.35820557e-03  6.31654446e+02 
 1.09857891e-05  6.32018055e+02 -6.58431785e-03  6.31584449e+02 
 1.09858849e-05  6.32018054e+02 -6.82107252e-03  6.31506544e+02 
 1.09859821e-05  6.32018052e+02 -7.06136608e-03  6.31422423e+02 
 1.09860834e-05  6.32018051e+02 -7.31155913e-03  6.31329173e+02 
 1.09861861e-05  6.32018049e+02 -7.56517867e-03  6.31228464e+02 
 1.09862926e-05  6.32018047e+02 -7.82811854e-03  6.31117160e+02 
 1.09864005e-05  6.32018046e+02 -8.09456114e-03  6.30996859e+02 
 1.09866163e-05  6.32018042e+02 -8.62721386e-03  6.30732151e+02 
 1.09868488e-05  6.32018037e+02 -9.20042216e-03  6.30408160e+02 
 1.09870980e-05  6.32018032e+02 -9.81446642e-03  6.30011365e+02 
 1.09874318e-05  6.32018025e+02 -1.06359839e-02  6.29390422e+02 
 1.09877432e-05  6.32018018e+02 -1.14013397e-02  6.28707396e+02 
 1.09880987e-05  6.32018009e+02 -1.22733155e-02  6.27789520e+02 
 1.09884222e-05  6.32018000e+02 -1.30651317e-02  6.26810419e+02 
 1.09887620e-05  6.32017990e+02 -1.38949150e-02  6.25616604e+02 
 1.09890772e-05  6.32017981e+02 -1.46622417e-02  6.24341796e+02 
 1.09894008e-05  6.32017970e+02 -1.54477484e-02  6.22847299e+02 
 1.09897073e-05  6.32017960e+02 -1.61889999e-02  6.21242395e+02 
 1.09900186e-05  6.32017949e+02 -1.69387529e-02  6.19406907e+02 
 1.09903176e-05  6.32017938e+02 -1.76559346e-02  6.17431765e+02 
 1.09906190e-05  6.32017927e+02 -1.83751756e-02  6.15214745e+02 
 1.09909113e-05  6.32017915e+02 -1.90691729e-02  6.12830476e+02 
 1.09912044e-05  6.32017903e+02 -1.97608916e-02  6.10192688e+02 
 1.09914907e-05  6.32017891e+02 -2.04321298e-02  6.07361387e+02 
 1.09917768e-05  6.32017878e+02 -2.10982028e-02  6.04264188e+02 
 1.09920576e-05  6.32017865e+02 -2.17469256e-02  6.00948383e+02 
 1.09923377e-05  6.32017852e+02 -2.23885278e-02  5.97353509e+02 
 1.09926135e-05  6.32017839e+02 -2.30148095e-02  5.93516080e+02 
 1.09928883e-05  6.32017825e+02 -2.36325935e-02  5.89385716e+02 
 1.09931597e-05  6.32017811e+02 -2.42363272e-02  5.84989956e+02 
 1.09934298e-05  6.32017797e+02 -2.48305391e-02  5.80286826e+02 
 1.09936972e-05  6.32017783e+02 -2.54114379e-02  5.75296497e+02 
 1.09939634e-05  6.32017768e+02 -2.59819998e-02  5.69983928e+02 
 1.09942272e-05  6.32017753e+02 -2.65396046e-02  5.64363315e+02 
 1.09944898e-05  6.32017739e+02 -2.70861725e-02  5.58405281e+02 
 1.09947505e-05  6.32017723e+02 -2.76198600e-02  5.52119233e+02 
 1.09950101e-05  6.32017708e+02 -2.81418646e-02  5.45480387e+02 
 1.09952680e-05  6.32017692e+02 -2.86508544e-02  5.38494354e+02 
 1.09955249e-05  6.32017677e+02 -2.91475289e-02  5.31140051e+02 
 1.09957804e-05  6.32017661e+02 -2.96308894e-02  5.23420103e+02 
 1.09960350e-05  6.32017644e+02 -3.01012885e-02  5.15316393e+02 
 1.09962884e-05  6.32017628e+02 -3.05579400e-02  5.06829220e+02 
 1.09965411e-05  6.32017612e+02 -3.10009513e-02  4.97942829e+02 
 1.09967929e-05  6.32017595e+02 -3.14296669e-02  4.88655712e+02 
 1.09970440e-05  6.32017578e+02 -3.18440168e-02  4.78953978e+02 
 1.09972944e-05  6.32017561e+02 -3.22434198e-02  4.68834717e+02 
 1.09975443e-05  6.32017544e+02 -3.26276733e-02  4.58285487e+02 
 1.09977937e-05  6.32017526e+02 -3.29962316e-02  4.47302272e+02 
 1.09980427e-05  6.32017509e+02 -3.33487875e-02  4.35873727e+02 
 1.09982915e-05  6.32017491e+02 -3.36848024e-02  4.23994931e+02 
 1.09985401e-05  6.32017473e+02 -3.40038820e-02  4.11655319e+02 
 1.09987886e-05  6.32017455e+02 -3.43054724e-02  3.98849178e+02 
 1.09990371e-05  6.32017437e+02 -3.45891004e-02  3.85566415e+02 
 1.09992858e-05  6.32017418e+02 -3.48541788e-02  3.71800540e+02 
 1.09995347e-05  6.32017400e+02 -3.51001561e-02  3.57541609e+02 
 1.09997840e-05  6.32017381e+02 -3.53263938e-02  3.42782266e+02 
 1.10000000e-05  6.32017365e+02 -3.55057192e-02  3.29602426e+02 
