 time            v(out)          i(Lboost)       v(anode)       
 5.00000000e-11  4.00002128e+02  1.99999405e+01  4.00814024e+02 
 5.00001401e-11  4.00002128e+02  1.99999405e+01  4.00814026e+02 
 5.00004204e-11  4.00002128e+02  1.99999405e+01  4.00814029e+02 
 5.00009809e-11  4.00002128e+02  1.99999405e+01  4.00814035e+02 
 5.00021019e-11  4.00002128e+02  1.99999405e+01  4.00814047e+02 
 5.00043440e-11  4.00002128e+02  1.99999405e+01  4.00814068e+02 
 5.00088281e-11  4.00002128e+02  1.99999405e+01  4.00814106e+02 
 5.00177963e-11  4.00002128e+02  1.99999405e+01  4.00814165e+02 
 5.00270704e-11  4.00002129e+02  1.99999405e+01  4.00814206e+02 
 5.00384254e-11  4.00002129e+02  1.99999405e+01  4.00814239e+02 
 5.00500689e-11  4.00002130e+02  1.99999405e+01  4.00814260e+02 
 5.00640807e-11  4.00002130e+02  1.99999404e+01  4.00814275e+02 
 5.00795573e-11  4.00002131e+02  1.99999404e+01  4.00814283e+02 
 5.00989826e-11  4.00002132e+02  1.99999404e+01  4.00814289e+02 
 5.01223171e-11  4.00002133e+02  1.99999404e+01  4.00814291e+02 
 5.01537562e-11  4.00002134e+02  1.99999403e+01  4.00814293e+02 
 5.01964735e-11  4.00002136e+02  1.99999403e+01  4.00814295e+02 
 5.02642794e-11  4.00002139e+02  1.99999402e+01  4.00814297e+02 
 5.03906011e-11  4.00002144e+02  1.99999401e+01  4.00814303e+02 
 5.06432446e-11  4.00002155e+02  1.99999398e+01  4.00814313e+02 
 5.11317242e-11  4.00002176e+02  1.99999392e+01  4.00814334e+02 
 5.21086835e-11  4.00002217e+02  1.99999380e+01  4.00814376e+02 
 5.40626019e-11  4.00002301e+02  1.99999357e+01  4.00814459e+02 
 5.79704388e-11  4.00002467e+02  1.99999310e+01  4.00814625e+02 
 6.57861125e-11  4.00002799e+02  1.99999217e+01  4.00814958e+02 
 8.14174600e-11  4.00003465e+02  1.99999031e+01  4.00815623e+02 
 1.12680155e-10  4.00004795e+02  1.99998659e+01  4.00816953e+02 
 1.75205545e-10  4.00007456e+02  1.99997916e+01  4.00819613e+02 
 3.00256325e-10  4.00012777e+02  1.99996428e+01  4.00824934e+02 
 5.50357885e-10  4.00023419e+02  1.99993452e+01  4.00835576e+02 
 1.05056100e-09  4.00044703e+02  1.99987501e+01  4.00856859e+02 
 2.05096724e-09  4.00087270e+02  1.99975596e+01  4.00899423e+02 
 4.05177972e-09  4.00172395e+02  1.99951779e+01  4.00984543e+02 
 5.00000000e-09  4.00212734e+02  1.99940488e+01  4.01024879e+02 
 5.40016250e-09  4.00229757e+02  1.99935723e+01  4.01041901e+02 
 6.20048749e-09  4.00263801e+02  1.99926190e+01  4.01075943e+02 
 7.80113747e-09  4.00331886e+02  1.99907122e+01  4.01144023e+02 
 1.10024374e-08  4.00468035e+02  1.99868967e+01  4.01280163e+02 
 1.60024374e-08  4.00680630e+02  1.99809325e+01  4.01492744e+02 
 2.10024374e-08  4.00893161e+02  1.99749624e+01  4.01705262e+02 
 2.60024374e-08  4.01105629e+02  1.99689864e+01  4.01917716e+02 
 3.10024374e-08  4.01318033e+02  1.99630045e+01  4.02130107e+02 
 3.60024374e-08  4.01530373e+02  1.99570168e+01  4.02342433e+02 
 4.10024374e-08  4.01742650e+02  1.99510231e+01  4.02554696e+02 
 4.60024374e-08  4.01954863e+02  1.99450235e+01  4.02766896e+02 
 5.10024374e-08  4.02167012e+02  1.99390180e+01  4.02979031e+02 
 5.60024374e-08  4.02379098e+02  1.99330067e+01  4.03191102e+02 
 6.10024374e-08  4.02591119e+02  1.99269894e+01  4.03403110e+02 
 6.60024374e-08  4.02803076e+02  1.99209663e+01  4.03615053e+02 
 7.10024374e-08  4.03014969e+02  1.99149373e+01  4.03826932e+02 
 7.60024374e-08  4.03226798e+02  1.99089024e+01  4.04038747e+02 
 8.10024374e-08  4.03438563e+02  1.99028616e+01  4.04250498e+02 
 8.60024374e-08  4.03650263e+02  1.98968149e+01  4.04462185e+02 
 9.10024374e-08  4.03861899e+02  1.98907624e+01  4.04673807e+02 
 9.60024374e-08  4.04073471e+02  1.98847039e+01  4.04885364e+02 
 1.01002437e-07  4.04284978e+02  1.98786396e+01  4.05096858e+02 
 1.06002437e-07  4.04496421e+02  1.98725695e+01  4.05308286e+02 
 1.11002437e-07  4.04707799e+02  1.98664934e+01  4.05519650e+02 
 1.16002437e-07  4.04919112e+02  1.98604115e+01  4.05730950e+02 
 1.21002437e-07  4.05130360e+02  1.98543237e+01  4.05942184e+02 
 1.26002437e-07  4.05341544e+02  1.98482300e+01  4.06153354e+02 
 1.31002437e-07  4.05552663e+02  1.98421305e+01  4.06364459e+02 
 1.36002437e-07  4.05763717e+02  1.98360251e+01  4.06575499e+02 
 1.41002437e-07  4.05974706e+02  1.98299139e+01  4.06786474e+02 
 1.46002437e-07  4.06185630e+02  1.98237968e+01  4.06997383e+02 
 1.51002437e-07  4.06396489e+02  1.98176738e+01  4.07208228e+02 
 1.56002437e-07  4.06607283e+02  1.98115450e+01  4.07419008e+02 
 1.61002437e-07  4.06818011e+02  1.98054103e+01  4.07629722e+02 
 1.66002437e-07  4.07028674e+02  1.97992698e+01  4.07840371e+02 
 1.71002437e-07  4.07239272e+02  1.97931234e+01  4.08050955e+02 
 1.76002437e-07  4.07449805e+02  1.97869712e+01  4.08261473e+02 
 1.81002437e-07  4.07660271e+02  1.97808132e+01  4.08471926e+02 
 1.86002437e-07  4.07870673e+02  1.97746492e+01  4.08682313e+02 
 1.91002437e-07  4.08081009e+02  1.97684795e+01  4.08892634e+02 
 1.96002437e-07  4.08291279e+02  1.97623039e+01  4.09102890e+02 
 2.01002437e-07  4.08501483e+02  1.97561224e+01  4.09313080e+02 
 2.06002437e-07  4.08711622e+02  1.97499352e+01  4.09523205e+02 
 2.11002437e-07  4.08921694e+02  1.97437421e+01  4.09733263e+02 
 2.16002437e-07  4.09131701e+02  1.97375431e+01  4.09943256e+02 
 2.21002437e-07  4.09341642e+02  1.97313383e+01  4.10153182e+02 
 2.26002437e-07  4.09551517e+02  1.97251277e+01  4.10363043e+02 
 2.31002437e-07  4.09761326e+02  1.97189113e+01  4.10572837e+02 
 2.36002437e-07  4.09971068e+02  1.97126890e+01  4.10782565e+02 
 2.41002437e-07  4.10180744e+02  1.97064609e+01  4.10992227e+02 
 2.46002437e-07  4.10390354e+02  1.97002270e+01  4.11201823e+02 
 2.51002437e-07  4.10599898e+02  1.96939873e+01  4.11411352e+02 
 2.56002437e-07  4.10809375e+02  1.96877417e+01  4.11620815e+02 
 2.61002437e-07  4.11018786e+02  1.96814904e+01  4.11830211e+02 
 2.66002437e-07  4.11228130e+02  1.96752332e+01  4.12039541e+02 
 2.71002437e-07  4.11437408e+02  1.96689702e+01  4.12248804e+02 
 2.76002437e-07  4.11646619e+02  1.96627014e+01  4.12458000e+02 
 2.81002437e-07  4.11855763e+02  1.96564268e+01  4.12667130e+02 
 2.86002437e-07  4.12064841e+02  1.96501463e+01  4.12876193e+02 
 2.91002437e-07  4.12273852e+02  1.96438601e+01  4.13085189e+02 
 2.96002437e-07  4.12482795e+02  1.96375680e+01  4.13294118e+02 
 3.01002437e-07  4.12691672e+02  1.96312702e+01  4.13502981e+02 
 3.06002437e-07  4.12900482e+02  1.96249666e+01  4.13711776e+02 
 3.11002437e-07  4.13109225e+02  1.96186571e+01  4.13920504e+02 
 3.16002437e-07  4.13317900e+02  1.96123419e+01  4.14129165e+02 
 3.21002437e-07  4.13526508e+02  1.96060208e+01  4.14337758e+02 
 3.26002437e-07  4.13735049e+02  1.95996940e+01  4.14546285e+02 
 3.31002437e-07  4.13943523e+02  1.95933614e+01  4.14754744e+02 
 3.36002437e-07  4.14151929e+02  1.95870230e+01  4.14963135e+02 
 3.41002437e-07  4.14360268e+02  1.95806788e+01  4.15171459e+02 
 3.46002437e-07  4.14568539e+02  1.95743288e+01  4.15379716e+02 
 3.51002437e-07  4.14776743e+02  1.95679730e+01  4.15587905e+02 
 3.56002437e-07  4.14984879e+02  1.95616115e+01  4.15796026e+02 
 3.61002437e-07  4.15192948e+02  1.95552442e+01  4.16004080e+02 
 3.66002437e-07  4.15400948e+02  1.95488711e+01  4.16212065e+02 
 3.71002437e-07  4.15608881e+02  1.95424922e+01  4.16419983e+02 
 3.76002437e-07  4.15816746e+02  1.95361075e+01  4.16627833e+02 
 3.81002437e-07  4.16024543e+02  1.95297171e+01  4.16835615e+02 
 3.86002437e-07  4.16232272e+02  1.95233209e+01  4.17043330e+02 
 3.91002437e-07  4.16439933e+02  1.95169189e+01  4.17250975e+02 
 3.96002437e-07  4.16647525e+02  1.95105112e+01  4.17458553e+02 
 4.01002437e-07  4.16855050e+02  1.95040977e+01  4.17666063e+02 
 4.06002437e-07  4.17062506e+02  1.94976784e+01  4.17873504e+02 
 4.11002437e-07  4.17269894e+02  1.94912534e+01  4.18080877e+02 
 4.16002437e-07  4.17477213e+02  1.94848226e+01  4.18288182e+02 
 4.21002437e-07  4.17684465e+02  1.94783860e+01  4.18495418e+02 
 4.26002437e-07  4.17891647e+02  1.94719437e+01  4.18702585e+02 
 4.31002437e-07  4.18098761e+02  1.94654957e+01  4.18909684e+02 
 4.36002437e-07  4.18305807e+02  1.94590419e+01  4.19116715e+02 
 4.41002437e-07  4.18512783e+02  1.94525823e+01  4.19323676e+02 
 4.46002437e-07  4.18719691e+02  1.94461170e+01  4.19530569e+02 
 4.51002437e-07  4.18926530e+02  1.94396460e+01  4.19737393e+02 
 4.56002437e-07  4.19133301e+02  1.94331692e+01  4.19944149e+02 
 4.61002437e-07  4.19340002e+02  1.94266867e+01  4.20150835e+02 
 4.66002437e-07  4.19546634e+02  1.94201984e+01  4.20357452e+02 
 4.71002437e-07  4.19753198e+02  1.94137044e+01  4.20564000e+02 
 4.76002437e-07  4.19959692e+02  1.94072046e+01  4.20770479e+02 
 4.81002437e-07  4.20166117e+02  1.94006991e+01  4.20976889e+02 
 4.86002437e-07  4.20372473e+02  1.93941879e+01  4.21183230e+02 
 4.91002437e-07  4.20578759e+02  1.93876710e+01  4.21389501e+02 
 4.96002437e-07  4.20784976e+02  1.93811483e+01  4.21595703e+02 
 5.01002437e-07  4.20991124e+02  1.93746199e+01  4.21801835e+02 
 5.06002437e-07  4.21197202e+02  1.93680857e+01  4.22007898e+02 
 5.11002437e-07  4.21403211e+02  1.93615459e+01  4.22213892e+02 
 5.16002437e-07  4.21609150e+02  1.93550003e+01  4.22419815e+02 
 5.21002437e-07  4.21815019e+02  1.93484490e+01  4.22625669e+02 
 5.26002437e-07  4.22020819e+02  1.93418920e+01  4.22831454e+02 
 5.31002437e-07  4.22226549e+02  1.93353293e+01  4.23037168e+02 
 5.36002437e-07  4.22432209e+02  1.93287609e+01  4.23242813e+02 
 5.41002437e-07  4.22637799e+02  1.93221867e+01  4.23448388e+02 
 5.46002437e-07  4.22843319e+02  1.93156068e+01  4.23653893e+02 
 5.51002437e-07  4.23048769e+02  1.93090213e+01  4.23859327e+02 
 5.56002437e-07  4.23254149e+02  1.93024300e+01  4.24064692e+02 
 5.61002437e-07  4.23459459e+02  1.92958330e+01  4.24269986e+02 
 5.66002437e-07  4.23664699e+02  1.92892304e+01  4.24475211e+02 
 5.71002437e-07  4.23869868e+02  1.92826220e+01  4.24680364e+02 
 5.76002437e-07  4.24074967e+02  1.92760079e+01  4.24885448e+02 
 5.81002437e-07  4.24279996e+02  1.92693881e+01  4.25090461e+02 
 5.86002437e-07  4.24484954e+02  1.92627627e+01  4.25295404e+02 
 5.91002437e-07  4.24689842e+02  1.92561315e+01  4.25500276e+02 
 5.96002437e-07  4.24894659e+02  1.92494947e+01  4.25705078e+02 
 6.01002437e-07  4.25099406e+02  1.92428521e+01  4.25909809e+02 
 6.06002437e-07  4.25304081e+02  1.92362039e+01  4.26114469e+02 
 6.11002437e-07  4.25508686e+02  1.92295500e+01  4.26319058e+02 
 6.16002437e-07  4.25713221e+02  1.92228904e+01  4.26523577e+02 
 6.21002437e-07  4.25917684e+02  1.92162252e+01  4.26728025e+02 
 6.26002437e-07  4.26122077e+02  1.92095542e+01  4.26932402e+02 
 6.31002437e-07  4.26326398e+02  1.92028776e+01  4.27136707e+02 
 6.36002437e-07  4.26530648e+02  1.91961953e+01  4.27340942e+02 
 6.41002437e-07  4.26734828e+02  1.91895073e+01  4.27545106e+02 
 6.46002437e-07  4.26938936e+02  1.91828137e+01  4.27749198e+02 
 6.51002437e-07  4.27142972e+02  1.91761144e+01  4.27953219e+02 
 6.56002437e-07  4.27346938e+02  1.91694094e+01  4.28157169e+02 
 6.61002437e-07  4.27550832e+02  1.91626988e+01  4.28361047e+02 
 6.66002437e-07  4.27754655e+02  1.91559825e+01  4.28564854e+02 
 6.71002437e-07  4.27958406e+02  1.91492605e+01  4.28768590e+02 
 6.76002437e-07  4.28162086e+02  1.91425329e+01  4.28972254e+02 
 6.81002437e-07  4.28365694e+02  1.91357996e+01  4.29175846e+02 
 6.86002437e-07  4.28569231e+02  1.91290607e+01  4.29379366e+02 
 6.91002437e-07  4.28772695e+02  1.91223161e+01  4.29582815e+02 
 6.96002437e-07  4.28976088e+02  1.91155659e+01  4.29786192e+02 
 7.01002437e-07  4.29179409e+02  1.91088100e+01  4.29989498e+02 
 7.06002437e-07  4.29382659e+02  1.91020485e+01  4.30192731e+02 
 7.11002437e-07  4.29585836e+02  1.90952813e+01  4.30395892e+02 
 7.16002437e-07  4.29788941e+02  1.90885085e+01  4.30598982e+02 
 7.21002437e-07  4.29991974e+02  1.90817300e+01  4.30801999e+02 
 7.26002437e-07  4.30194935e+02  1.90749460e+01  4.31004944e+02 
 7.31002437e-07  4.30397824e+02  1.90681562e+01  4.31207817e+02 
 7.36002437e-07  4.30600641e+02  1.90613609e+01  4.31410617e+02 
 7.41002437e-07  4.30803385e+02  1.90545599e+01  4.31613346e+02 
 7.46002437e-07  4.31006057e+02  1.90477533e+01  4.31816001e+02 
 7.51002437e-07  4.31208656e+02  1.90409410e+01  4.32018585e+02 
 7.56002437e-07  4.31411183e+02  1.90341231e+01  4.32221096e+02 
 7.61002437e-07  4.31613638e+02  1.90272996e+01  4.32423534e+02 
 7.66002437e-07  4.31816019e+02  1.90204705e+01  4.32625899e+02 
 7.71002437e-07  4.32018328e+02  1.90136357e+01  4.32828192e+02 
 7.76002437e-07  4.32220565e+02  1.90067954e+01  4.33030413e+02 
 7.81002437e-07  4.32422728e+02  1.89999494e+01  4.33232560e+02 
 7.86002437e-07  4.32624819e+02  1.89930978e+01  4.33434634e+02 
 7.91002437e-07  4.32826837e+02  1.89862406e+01  4.33636636e+02 
 7.96002437e-07  4.33028781e+02  1.89793778e+01  4.33838564e+02 
 8.01002437e-07  4.33230653e+02  1.89725094e+01  4.34040420e+02 
 8.06002437e-07  4.33432452e+02  1.89656353e+01  4.34242202e+02 
 8.11002437e-07  4.33634177e+02  1.89587557e+01  4.34443912e+02 
 8.16002437e-07  4.33835829e+02  1.89518705e+01  4.34645547e+02 
 8.21002437e-07  4.34037408e+02  1.89449796e+01  4.34847110e+02 
 8.26002437e-07  4.34238914e+02  1.89380832e+01  4.35048600e+02 
 8.31002437e-07  4.34440346e+02  1.89311812e+01  4.35250015e+02 
 8.36002437e-07  4.34641705e+02  1.89242735e+01  4.35451358e+02 
 8.41002437e-07  4.34842990e+02  1.89173603e+01  4.35652627e+02 
 8.46002437e-07  4.35044202e+02  1.89104415e+01  4.35853822e+02 
 8.51002437e-07  4.35245340e+02  1.89035171e+01  4.36054944e+02 
 8.56002437e-07  4.35446405e+02  1.88965871e+01  4.36255992e+02 
 8.61002437e-07  4.35647395e+02  1.88896516e+01  4.36456966e+02 
 8.66002437e-07  4.35848312e+02  1.88827104e+01  4.36657866e+02 
 8.71002437e-07  4.36049155e+02  1.88757637e+01  4.36858693e+02 
 8.76002437e-07  4.36249924e+02  1.88688114e+01  4.37059445e+02 
 8.81002437e-07  4.36450619e+02  1.88618535e+01  4.37260124e+02 
 8.86002437e-07  4.36651240e+02  1.88548901e+01  4.37460728e+02 
 8.91002437e-07  4.36851787e+02  1.88479211e+01  4.37661259e+02 
 8.96002437e-07  4.37052259e+02  1.88409465e+01  4.37861715e+02 
 9.01002437e-07  4.37252658e+02  1.88339663e+01  4.38062097e+02 
 9.06002437e-07  4.37452982e+02  1.88269806e+01  4.38262404e+02 
 9.11002437e-07  4.37653232e+02  1.88199893e+01  4.38462637e+02 
 9.16002437e-07  4.37853407e+02  1.88129924e+01  4.38662796e+02 
 9.21002437e-07  4.38053508e+02  1.88059900e+01  4.38862880e+02 
 9.26002437e-07  4.38253535e+02  1.87989821e+01  4.39062890e+02 
 9.31002437e-07  4.38453487e+02  1.87919686e+01  4.39262825e+02 
 9.36002437e-07  4.38653364e+02  1.87849495e+01  4.39462686e+02 
 9.41002437e-07  4.38853166e+02  1.87779249e+01  4.39662472e+02 
 9.46002437e-07  4.39052894e+02  1.87708947e+01  4.39862183e+02 
 9.51002437e-07  4.39252547e+02  1.87638590e+01  4.40061819e+02 
 9.56002437e-07  4.39452125e+02  1.87568177e+01  4.40261380e+02 
 9.61002437e-07  4.39651628e+02  1.87497709e+01  4.40460867e+02 
 9.66002437e-07  4.39851056e+02  1.87427186e+01  4.40660278e+02 
 9.71002437e-07  4.40050409e+02  1.87356607e+01  4.40859614e+02 
 9.76002437e-07  4.40249687e+02  1.87285973e+01  4.41058875e+02 
 9.81002437e-07  4.40448890e+02  1.87215283e+01  4.41258061e+02 
 9.86002437e-07  4.40648018e+02  1.87144538e+01  4.41457172e+02 
 9.91002437e-07  4.40847070e+02  1.87073738e+01  4.41656207e+02 
 9.96002437e-07  4.41046047e+02  1.87002883e+01  4.41855167e+02 
 1.00100244e-06  4.41244948e+02  1.86931972e+01  4.42054052e+02 
 1.00600244e-06  4.41443774e+02  1.86861006e+01  4.42252861e+02 
 1.01100244e-06  4.41642525e+02  1.86789985e+01  4.42451595e+02 
 1.01600244e-06  4.41841200e+02  1.86718909e+01  4.42650253e+02 
 1.02100244e-06  4.42039799e+02  1.86647777e+01  4.42848835e+02 
 1.02600244e-06  4.42238323e+02  1.86576591e+01  4.43047342e+02 
 1.03100244e-06  4.42436770e+02  1.86505349e+01  4.43245773e+02 
 1.03600244e-06  4.42635142e+02  1.86434052e+01  4.43444128e+02 
 1.04100244e-06  4.42833439e+02  1.86362700e+01  4.43642407e+02 
 1.04600244e-06  4.43031659e+02  1.86291293e+01  4.43840610e+02 
 1.05100244e-06  4.43229803e+02  1.86219831e+01  4.44038737e+02 
 1.05600244e-06  4.43427871e+02  1.86148314e+01  4.44236788e+02 
 1.06100244e-06  4.43625863e+02  1.86076742e+01  4.44434763e+02 
 1.06600244e-06  4.43823779e+02  1.86005115e+01  4.44632662e+02 
 1.07100244e-06  4.44021619e+02  1.85933433e+01  4.44830484e+02 
 1.07600244e-06  4.44219382e+02  1.85861696e+01  4.45028230e+02 
 1.08100244e-06  4.44417069e+02  1.85789904e+01  4.45225900e+02 
 1.08600244e-06  4.44614680e+02  1.85718057e+01  4.45423494e+02 
 1.09100244e-06  4.44812214e+02  1.85646155e+01  4.45621010e+02 
 1.09600244e-06  4.45009671e+02  1.85574199e+01  4.45818451e+02 
 1.10100244e-06  4.45207052e+02  1.85502187e+01  4.46015815e+02 
 1.10600244e-06  4.45404357e+02  1.85430121e+01  4.46213102e+02 
 1.11100244e-06  4.45601585e+02  1.85358000e+01  4.46410312e+02 
 1.11600244e-06  4.45798735e+02  1.85285825e+01  4.46607446e+02 
 1.12100244e-06  4.45995810e+02  1.85213594e+01  4.46804503e+02 
 1.12600244e-06  4.46192807e+02  1.85141309e+01  4.47001483e+02 
 1.13100244e-06  4.46389727e+02  1.85068969e+01  4.47198386e+02 
 1.13600244e-06  4.46586571e+02  1.84996574e+01  4.47395212e+02 
 1.14100244e-06  4.46783337e+02  1.84924125e+01  4.47591961e+02 
 1.14600244e-06  4.46980026e+02  1.84851621e+01  4.47788632e+02 
 1.15100244e-06  4.47176638e+02  1.84779063e+01  4.47985227e+02 
 1.15600244e-06  4.47373173e+02  1.84706449e+01  4.48181745e+02 
 1.16100244e-06  4.47569631e+02  1.84633782e+01  4.48378185e+02 
 1.16600244e-06  4.47766011e+02  1.84561060e+01  4.48574547e+02 
 1.17100244e-06  4.47962314e+02  1.84488283e+01  4.48770833e+02 
 1.17600244e-06  4.48158539e+02  1.84415451e+01  4.48967041e+02 
 1.18100244e-06  4.48354687e+02  1.84342566e+01  4.49163171e+02 
 1.18600244e-06  4.48550757e+02  1.84269625e+01  4.49359224e+02 
 1.19100244e-06  4.48746750e+02  1.84196631e+01  4.49555199e+02 
 1.19600244e-06  4.48942665e+02  1.84123581e+01  4.49751096e+02 
 1.20100244e-06  4.49138502e+02  1.84050478e+01  4.49946916e+02 
 1.20600244e-06  4.49334262e+02  1.83977320e+01  4.50142658e+02 
 1.21100244e-06  4.49529943e+02  1.83904108e+01  4.50338322e+02 
 1.21600244e-06  4.49725547e+02  1.83830841e+01  4.50533908e+02 
 1.22100244e-06  4.49921072e+02  1.83757520e+01  4.50729416e+02 
 1.22600244e-06  4.50116520e+02  1.83684145e+01  4.50924846e+02 
 1.23100244e-06  4.50311890e+02  1.83610715e+01  4.51120198e+02 
 1.23600244e-06  4.50507181e+02  1.83537231e+01  4.51315472e+02 
 1.24100244e-06  4.50702394e+02  1.83463693e+01  4.51510667e+02 
 1.24600244e-06  4.50897529e+02  1.83390101e+01  4.51705784e+02 
 1.25100244e-06  4.51092586e+02  1.83316455e+01  4.51900823e+02 
 1.25600244e-06  4.51287564e+02  1.83242754e+01  4.52095784e+02 
 1.26100244e-06  4.51482464e+02  1.83169000e+01  4.52290666e+02 
 1.26600244e-06  4.51677286e+02  1.83095191e+01  4.52485469e+02 
 1.27100244e-06  4.51872028e+02  1.83021328e+01  4.52680194e+02 
 1.27600244e-06  4.52066693e+02  1.82947411e+01  4.52874841e+02 
 1.28100244e-06  4.52261278e+02  1.82873440e+01  4.53069408e+02 
 1.28600244e-06  4.52455785e+02  1.82799414e+01  4.53263897e+02 
 1.29100244e-06  4.52650213e+02  1.82725335e+01  4.53458308e+02 
 1.29600244e-06  4.52844562e+02  1.82651202e+01  4.53652639e+02 
 1.30100244e-06  4.53038833e+02  1.82577015e+01  4.53846891e+02 
 1.30600244e-06  4.53233024e+02  1.82502774e+01  4.54041065e+02 
 1.31100244e-06  4.53427136e+02  1.82428479e+01  4.54235159e+02 
 1.31600244e-06  4.53621170e+02  1.82354130e+01  4.54429174e+02 
 1.32100244e-06  4.53815124e+02  1.82279727e+01  4.54623111e+02 
 1.32600244e-06  4.54008999e+02  1.82205271e+01  4.54816968e+02 
 1.33100244e-06  4.54202794e+02  1.82130760e+01  4.55010745e+02 
 1.33600244e-06  4.54396511e+02  1.82056196e+01  4.55204444e+02 
 1.34100244e-06  4.54590148e+02  1.81981578e+01  4.55398063e+02 
 1.34600244e-06  4.54783706e+02  1.81906906e+01  4.55591602e+02 
 1.35100244e-06  4.54977184e+02  1.81832181e+01  4.55785062e+02 
 1.35600244e-06  4.55170583e+02  1.81757401e+01  4.55978443e+02 
 1.36100244e-06  4.55363902e+02  1.81682568e+01  4.56171744e+02 
 1.36600244e-06  4.55557141e+02  1.81607682e+01  4.56364965e+02 
 1.37100244e-06  4.55750301e+02  1.81532741e+01  4.56558107e+02 
 1.37600244e-06  4.55943381e+02  1.81457747e+01  4.56751169e+02 
 1.38100244e-06  4.56136381e+02  1.81382700e+01  4.56944151e+02 
 1.38600244e-06  4.56329302e+02  1.81307598e+01  4.57137053e+02 
 1.39100244e-06  4.56522142e+02  1.81232444e+01  4.57329875e+02 
 1.39600244e-06  4.56714903e+02  1.81157235e+01  4.57522617e+02 
 1.40100244e-06  4.56907583e+02  1.81081973e+01  4.57715279e+02 
 1.40600244e-06  4.57100183e+02  1.81006658e+01  4.57907861e+02 
 1.41100244e-06  4.57292703e+02  1.80931289e+01  4.58100363e+02 
 1.41600244e-06  4.57485143e+02  1.80855867e+01  4.58292785e+02 
 1.42100244e-06  4.57677503e+02  1.80780391e+01  4.58485126e+02 
 1.42600244e-06  4.57869782e+02  1.80704862e+01  4.58677387e+02 
 1.43100244e-06  4.58061981e+02  1.80629279e+01  4.58869568e+02 
 1.43600244e-06  4.58254100e+02  1.80553643e+01  4.59061668e+02 
 1.44100244e-06  4.58446138e+02  1.80477954e+01  4.59253688e+02 
 1.44600244e-06  4.58638096e+02  1.80402211e+01  4.59445627e+02 
 1.45100244e-06  4.58829973e+02  1.80326415e+01  4.59637485e+02 
 1.45600244e-06  4.59021769e+02  1.80250566e+01  4.59829263e+02 
 1.46100244e-06  4.59213484e+02  1.80174664e+01  4.60020960e+02 
 1.46600244e-06  4.59405119e+02  1.80098708e+01  4.60212576e+02 
 1.47100244e-06  4.59596673e+02  1.80022699e+01  4.60404112e+02 
 1.47600244e-06  4.59788146e+02  1.79946637e+01  4.60595566e+02 
 1.48100244e-06  4.59979538e+02  1.79870522e+01  4.60786940e+02 
 1.48600244e-06  4.60170849e+02  1.79794353e+01  4.60978232e+02 
 1.49100244e-06  4.60362079e+02  1.79718132e+01  4.61169444e+02 
 1.49600244e-06  4.60553228e+02  1.79641857e+01  4.61360574e+02 
 1.50100244e-06  4.60744296e+02  1.79565529e+01  4.61551623e+02 
 1.50600244e-06  4.60935282e+02  1.79489149e+01  4.61742591e+02 
 1.51100244e-06  4.61126188e+02  1.79412715e+01  4.61933478e+02 
 1.51600244e-06  4.61317012e+02  1.79336228e+01  4.62124283e+02 
 1.52100244e-06  4.61507754e+02  1.79259688e+01  4.62315007e+02 
 1.52600244e-06  4.61698415e+02  1.79183095e+01  4.62505649e+02 
 1.53100244e-06  4.61888995e+02  1.79106449e+01  4.62696210e+02 
 1.53600244e-06  4.62079493e+02  1.79029751e+01  4.62886689e+02 
 1.54100244e-06  4.62269909e+02  1.78952999e+01  4.63077087e+02 
 1.54600244e-06  4.62460244e+02  1.78876195e+01  4.63267403e+02 
 1.55100244e-06  4.62650497e+02  1.78799337e+01  4.63457637e+02 
 1.55600244e-06  4.62840668e+02  1.78722427e+01  4.63647789e+02 
 1.56100244e-06  4.63030757e+02  1.78645464e+01  4.63837859e+02 
 1.56600244e-06  4.63220764e+02  1.78568449e+01  4.64027848e+02 
 1.57100244e-06  4.63410690e+02  1.78491380e+01  4.64217754e+02 
 1.57600244e-06  4.63600533e+02  1.78414259e+01  4.64407579e+02 
 1.58100244e-06  4.63790295e+02  1.78337085e+01  4.64597321e+02 
 1.58600244e-06  4.63979974e+02  1.78259858e+01  4.64786982e+02 
 1.59100244e-06  4.64169571e+02  1.78182579e+01  4.64976560e+02 
 1.59600244e-06  4.64359086e+02  1.78105247e+01  4.65166056e+02 
 1.60100244e-06  4.64548518e+02  1.78027862e+01  4.65355469e+02 
 1.60600244e-06  4.64737868e+02  1.77950425e+01  4.65544800e+02 
 1.61100244e-06  4.64927136e+02  1.77872935e+01  4.65734049e+02 
 1.61600244e-06  4.65116321e+02  1.77795393e+01  4.65923215e+02 
 1.62100244e-06  4.65305424e+02  1.77717798e+01  4.66112299e+02 
 1.62600244e-06  4.65494444e+02  1.77640151e+01  4.66301300e+02 
 1.63100244e-06  4.65683382e+02  1.77562451e+01  4.66490218e+02 
 1.63600244e-06  4.65872236e+02  1.77484699e+01  4.66679054e+02 
 1.64100244e-06  4.66061009e+02  1.77406894e+01  4.66867807e+02 
 1.64600244e-06  4.66249698e+02  1.77329037e+01  4.67056477e+02 
 1.65100244e-06  4.66438304e+02  1.77251127e+01  4.67245065e+02 
 1.65600244e-06  4.66626828e+02  1.77173165e+01  4.67433569e+02 
 1.66100244e-06  4.66815268e+02  1.77095151e+01  4.67621990e+02 
 1.66600244e-06  4.67003626e+02  1.77017084e+01  4.67810329e+02 
 1.67100244e-06  4.67191901e+02  1.76938965e+01  4.67998584e+02 
 1.67600244e-06  4.67380092e+02  1.76860794e+01  4.68186756e+02 
 1.68100244e-06  4.67568200e+02  1.76782570e+01  4.68374845e+02 
 1.68600244e-06  4.67756225e+02  1.76704295e+01  4.68562851e+02 
 1.69100244e-06  4.67944167e+02  1.76625967e+01  4.68750773e+02 
 1.69600244e-06  4.68132025e+02  1.76547586e+01  4.68938612e+02 
 1.70100244e-06  4.68319800e+02  1.76469154e+01  4.69126367e+02 
 1.70600244e-06  4.68507491e+02  1.76390670e+01  4.69314039e+02 
 1.71100244e-06  4.68695099e+02  1.76312133e+01  4.69501628e+02 
 1.71600244e-06  4.68882623e+02  1.76233545e+01  4.69689133e+02 
 1.72100244e-06  4.69070064e+02  1.76154904e+01  4.69876554e+02 
 1.72600244e-06  4.69257421e+02  1.76076211e+01  4.70063892e+02 
 1.73100244e-06  4.69444694e+02  1.75997466e+01  4.70251145e+02 
 1.73600244e-06  4.69631883e+02  1.75918669e+01  4.70438315e+02 
 1.74100244e-06  4.69818989e+02  1.75839821e+01  4.70625401e+02 
 1.74600244e-06  4.70006011e+02  1.75760920e+01  4.70812404e+02 
 1.75100244e-06  4.70192948e+02  1.75681967e+01  4.70999322e+02 
 1.75600244e-06  4.70379802e+02  1.75602963e+01  4.71186156e+02 
 1.76100244e-06  4.70566572e+02  1.75523906e+01  4.71372906e+02 
 1.76600244e-06  4.70753257e+02  1.75444798e+01  4.71559572e+02 
 1.77100244e-06  4.70939858e+02  1.75365638e+01  4.71746154e+02 
 1.77600244e-06  4.71126375e+02  1.75286426e+01  4.71932651e+02 
 1.78100244e-06  4.71312808e+02  1.75207162e+01  4.72119064e+02 
 1.78600244e-06  4.71499157e+02  1.75127846e+01  4.72305393e+02 
 1.79100244e-06  4.71685421e+02  1.75048479e+01  4.72491637e+02 
 1.79600244e-06  4.71871600e+02  1.74969060e+01  4.72677797e+02 
 1.80100244e-06  4.72057695e+02  1.74889589e+01  4.72863872e+02 
 1.80600244e-06  4.72243706e+02  1.74810067e+01  4.73049863e+02 
 1.81100244e-06  4.72429631e+02  1.74730493e+01  4.73235769e+02 
 1.81600244e-06  4.72615472e+02  1.74650867e+01  4.73421591e+02 
 1.82100244e-06  4.72801229e+02  1.74571190e+01  4.73607327e+02 
 1.82600244e-06  4.72986900e+02  1.74491461e+01  4.73792979e+02 
 1.83100244e-06  4.73172487e+02  1.74411680e+01  4.73978546e+02 
 1.83600244e-06  4.73357989e+02  1.74331848e+01  4.74164028e+02 
 1.84100244e-06  4.73543406e+02  1.74251965e+01  4.74349425e+02 
 1.84600244e-06  4.73728738e+02  1.74172030e+01  4.74534737e+02 
 1.85100244e-06  4.73913985e+02  1.74092044e+01  4.74719964e+02 
 1.85600244e-06  4.74099146e+02  1.74012006e+01  4.74905106e+02 
 1.86100244e-06  4.74284223e+02  1.73931916e+01  4.75090162e+02 
 1.86600244e-06  4.74469214e+02  1.73851776e+01  4.75275134e+02 
 1.87100244e-06  4.74654120e+02  1.73771584e+01  4.75460020e+02 
 1.87600244e-06  4.74838941e+02  1.73691340e+01  4.75644821e+02 
 1.88100244e-06  4.75023676e+02  1.73611046e+01  4.75829536e+02 
 1.88600244e-06  4.75208326e+02  1.73530700e+01  4.76014166e+02 
 1.89100244e-06  4.75392891e+02  1.73450302e+01  4.76198710e+02 
 1.89600244e-06  4.75577369e+02  1.73369854e+01  4.76383169e+02 
 1.90100244e-06  4.75761762e+02  1.73289354e+01  4.76567542e+02 
 1.90600244e-06  4.75946070e+02  1.73208803e+01  4.76751829e+02 
 1.91100244e-06  4.76130292e+02  1.73128201e+01  4.76936031e+02 
 1.91600244e-06  4.76314428e+02  1.73047548e+01  4.77120147e+02 
 1.92100244e-06  4.76498478e+02  1.72966843e+01  4.77304177e+02 
 1.92600244e-06  4.76682442e+02  1.72886088e+01  4.77488121e+02 
 1.93100244e-06  4.76866321e+02  1.72805281e+01  4.77671979e+02 
 1.93600244e-06  4.77050113e+02  1.72724423e+01  4.77855752e+02 
 1.94100244e-06  4.77233819e+02  1.72643515e+01  4.78039438e+02 
 1.94600244e-06  4.77417440e+02  1.72562555e+01  4.78223038e+02 
 1.95100244e-06  4.77600974e+02  1.72481544e+01  4.78406552e+02 
 1.95600244e-06  4.77784422e+02  1.72400483e+01  4.78589979e+02 
 1.96100244e-06  4.77967783e+02  1.72319370e+01  4.78773321e+02 
 1.96600244e-06  4.78151059e+02  1.72238206e+01  4.78956576e+02 
 1.97100244e-06  4.78334247e+02  1.72156992e+01  4.79139744e+02 
 1.97600244e-06  4.78517350e+02  1.72075727e+01  4.79322826e+02 
 1.98100244e-06  4.78700366e+02  1.71994410e+01  4.79505822e+02 
 1.98600244e-06  4.78883295e+02  1.71913044e+01  4.79688731e+02 
 1.99100244e-06  4.79066138e+02  1.71831626e+01  4.79871554e+02 
 1.99600244e-06  4.79248895e+02  1.71750157e+01  4.80054289e+02 
 2.00100244e-06  4.79431564e+02  1.71668638e+01  4.80236939e+02 
 2.00600244e-06  4.79614147e+02  1.71587068e+01  4.80419501e+02 
 2.01100244e-06  4.79796643e+02  1.71505447e+01  4.80601976e+02 
 2.01600244e-06  4.79979052e+02  1.71423776e+01  4.80784365e+02 
 2.02100244e-06  4.80161374e+02  1.71342054e+01  4.80966667e+02 
 2.02600244e-06  4.80343610e+02  1.71260281e+01  4.81148882e+02 
 2.03100244e-06  4.80525758e+02  1.71178458e+01  4.81331009e+02 
 2.03600244e-06  4.80707819e+02  1.71096584e+01  4.81513050e+02 
 2.04100244e-06  4.80889793e+02  1.71014660e+01  4.81695003e+02 
 2.04600244e-06  4.81071680e+02  1.70932685e+01  4.81876870e+02 
 2.05100244e-06  4.81253480e+02  1.70850659e+01  4.82058649e+02 
 2.05600244e-06  4.81435192e+02  1.70768583e+01  4.82240340e+02 
 2.06100244e-06  4.81616817e+02  1.70686457e+01  4.82421945e+02 
 2.06600244e-06  4.81798355e+02  1.70604280e+01  4.82603462e+02 
 2.07100244e-06  4.81979805e+02  1.70522053e+01  4.82784891e+02 
 2.07600244e-06  4.82161167e+02  1.70439775e+01  4.82966233e+02 
 2.08100244e-06  4.82342443e+02  1.70357447e+01  4.83147487e+02 
 2.08600244e-06  4.82523630e+02  1.70275069e+01  4.83328654e+02 
 2.09100244e-06  4.82704730e+02  1.70192641e+01  4.83509733e+02 
 2.09600244e-06  4.82885742e+02  1.70110162e+01  4.83690725e+02 
 2.10100244e-06  4.83066666e+02  1.70027633e+01  4.83871628e+02 
 2.10600244e-06  4.83247503e+02  1.69945053e+01  4.84052444e+02 
 2.11100244e-06  4.83428251e+02  1.69862424e+01  4.84233172e+02 
 2.11600244e-06  4.83608912e+02  1.69779744e+01  4.84413812e+02 
 2.12100244e-06  4.83789485e+02  1.69697014e+01  4.84594363e+02 
 2.12600244e-06  4.83969970e+02  1.69614234e+01  4.84774827e+02 
 2.13100244e-06  4.84150366e+02  1.69531403e+01  4.84955203e+02 
 2.13600244e-06  4.84330675e+02  1.69448523e+01  4.85135490e+02 
 2.14100244e-06  4.84510895e+02  1.69365593e+01  4.85315690e+02 
 2.14600244e-06  4.84691027e+02  1.69282612e+01  4.85495801e+02 
 2.15100244e-06  4.84871071e+02  1.69199582e+01  4.85675823e+02 
 2.15600244e-06  4.85051026e+02  1.69116501e+01  4.85855758e+02 
 2.16100244e-06  4.85230893e+02  1.69033371e+01  4.86035604e+02 
 2.16600244e-06  4.85410671e+02  1.68950191e+01  4.86215361e+02 
 2.17100244e-06  4.85590361e+02  1.68866960e+01  4.86395030e+02 
 2.17600244e-06  4.85769963e+02  1.68783680e+01  4.86574610e+02 
 2.18100244e-06  4.85949476e+02  1.68700350e+01  4.86754102e+02 
 2.18600244e-06  4.86128900e+02  1.68616970e+01  4.86933505e+02 
 2.19100244e-06  4.86308235e+02  1.68533541e+01  4.87112819e+02 
 2.19600244e-06  4.86487482e+02  1.68450061e+01  4.87292045e+02 
 2.20100244e-06  4.86666639e+02  1.68366532e+01  4.87471181e+02 
 2.20600244e-06  4.86845708e+02  1.68282953e+01  4.87650229e+02 
 2.21100244e-06  4.87024688e+02  1.68199324e+01  4.87829188e+02 
 2.21600244e-06  4.87203579e+02  1.68115646e+01  4.88008057e+02 
 2.22100244e-06  4.87382381e+02  1.68031917e+01  4.88186838e+02 
 2.22600244e-06  4.87561094e+02  1.67948140e+01  4.88365529e+02 
 2.23100244e-06  4.87739717e+02  1.67864312e+01  4.88544132e+02 
 2.23600244e-06  4.87918252e+02  1.67780435e+01  4.88722645e+02 
 2.24100244e-06  4.88096697e+02  1.67696509e+01  4.88901069e+02 
 2.24600244e-06  4.88275053e+02  1.67612533e+01  4.89079403e+02 
 2.25100244e-06  4.88453319e+02  1.67528507e+01  4.89257648e+02 
 2.25600244e-06  4.88631496e+02  1.67444432e+01  4.89435804e+02 
 2.26100244e-06  4.88809584e+02  1.67360307e+01  4.89613870e+02 
 2.26600244e-06  4.88987582e+02  1.67276133e+01  4.89791847e+02 
 2.27100244e-06  4.89165491e+02  1.67191910e+01  4.89969734e+02 
 2.27600244e-06  4.89343309e+02  1.67107637e+01  4.90147531e+02 
 2.28100244e-06  4.89521039e+02  1.67023314e+01  4.90325239e+02 
 2.28600244e-06  4.89698678e+02  1.66938943e+01  4.90502857e+02 
 2.29100244e-06  4.89876228e+02  1.66854522e+01  4.90680385e+02 
 2.29600244e-06  4.90053688e+02  1.66770052e+01  4.90857824e+02 
 2.30100244e-06  4.90231058e+02  1.66685532e+01  4.91035172e+02 
 2.30600244e-06  4.90408338e+02  1.66600963e+01  4.91212430e+02 
 2.31100244e-06  4.90585528e+02  1.66516345e+01  4.91389599e+02 
 2.31600244e-06  4.90762628e+02  1.66431678e+01  4.91566677e+02 
 2.32100244e-06  4.90939638e+02  1.66346962e+01  4.91743665e+02 
 2.32600244e-06  4.91116557e+02  1.66262196e+01  4.91920564e+02 
 2.33100244e-06  4.91293387e+02  1.66177382e+01  4.92097371e+02 
 2.33600244e-06  4.91470126e+02  1.66092518e+01  4.92274089e+02 
 2.34100244e-06  4.91646775e+02  1.66007605e+01  4.92450716e+02 
 2.34600244e-06  4.91823334e+02  1.65922643e+01  4.92627253e+02 
 2.35100244e-06  4.91999802e+02  1.65837632e+01  4.92803700e+02 
 2.35600244e-06  4.92176180e+02  1.65752572e+01  4.92980056e+02 
 2.36100244e-06  4.92352467e+02  1.65667463e+01  4.93156321e+02 
 2.36600244e-06  4.92528664e+02  1.65582306e+01  4.93332496e+02 
 2.37100244e-06  4.92704770e+02  1.65497099e+01  4.93508580e+02 
 2.37600244e-06  4.92880785e+02  1.65411843e+01  4.93684574e+02 
 2.38100244e-06  4.93056710e+02  1.65326539e+01  4.93860476e+02 
 2.38600244e-06  4.93232544e+02  1.65241185e+01  4.94036288e+02 
 2.39100244e-06  4.93408287e+02  1.65155783e+01  4.94212010e+02 
 2.39600244e-06  4.93583939e+02  1.65070332e+01  4.94387640e+02 
 2.40100244e-06  4.93759500e+02  1.64984832e+01  4.94563179e+02 
 2.40600244e-06  4.93934971e+02  1.64899284e+01  4.94738627e+02 
 2.41100244e-06  4.94110350e+02  1.64813687e+01  4.94913985e+02 
 2.41600244e-06  4.94285638e+02  1.64728041e+01  4.95089251e+02 
 2.42100244e-06  4.94460835e+02  1.64642346e+01  4.95264426e+02 
 2.42600244e-06  4.94635941e+02  1.64556603e+01  4.95439510e+02 
 2.43100244e-06  4.94810955e+02  1.64470811e+01  4.95614502e+02 
 2.43600244e-06  4.94985879e+02  1.64384970e+01  4.95789403e+02 
 2.44100244e-06  4.95160710e+02  1.64299081e+01  4.95964213e+02 
 2.44600244e-06  4.95335451e+02  1.64213144e+01  4.96138931e+02 
 2.45100244e-06  4.95510100e+02  1.64127158e+01  4.96313558e+02 
 2.45600244e-06  4.95684658e+02  1.64041123e+01  4.96488094e+02 
 2.46100244e-06  4.95859124e+02  1.63955040e+01  4.96662538e+02 
 2.46600244e-06  4.96033498e+02  1.63868908e+01  4.96836890e+02 
 2.47100244e-06  4.96207781e+02  1.63782728e+01  4.97011150e+02 
 2.47600244e-06  4.96381972e+02  1.63696500e+01  4.97185319e+02 
 2.48100244e-06  4.96556071e+02  1.63610223e+01  4.97359396e+02 
 2.48600244e-06  4.96730079e+02  1.63523898e+01  4.97533381e+02 
 2.49100244e-06  4.96903994e+02  1.63437525e+01  4.97707275e+02 
 2.49600244e-06  4.97077818e+02  1.63351103e+01  4.97881076e+02 
 2.50100244e-06  4.97251550e+02  1.63264633e+01  4.98054786e+02 
 2.50600244e-06  4.97425190e+02  1.63178115e+01  4.98228403e+02 
 2.51100244e-06  4.97598737e+02  1.63091549e+01  4.98401928e+02 
 2.51600244e-06  4.97772193e+02  1.63004934e+01  4.98575362e+02 
 2.52100244e-06  4.97945556e+02  1.62918272e+01  4.98748702e+02 
 2.52600244e-06  4.98118827e+02  1.62831561e+01  4.98921951e+02 
 2.53100244e-06  4.98292006e+02  1.62744802e+01  4.99095108e+02 
 2.53600244e-06  4.98465093e+02  1.62657995e+01  4.99268172e+02 
 2.54100244e-06  4.98638087e+02  1.62571139e+01  4.99441143e+02 
 2.54600244e-06  4.98810989e+02  1.62484236e+01  4.99614023e+02 
 2.55100244e-06  4.98983798e+02  1.62397285e+01  4.99786809e+02 
 2.55600244e-06  4.99156515e+02  1.62310286e+01  4.99959504e+02 
 2.56100244e-06  4.99329139e+02  1.62223239e+01  5.00132105e+02 
 2.56600244e-06  4.99501671e+02  1.62136144e+01  5.00304614e+02 
 2.57100244e-06  4.99674110e+02  1.62049001e+01  5.00477031e+02 
 2.57600244e-06  4.99846456e+02  1.61961810e+01  5.00649354e+02 
 2.58100244e-06  5.00018709e+02  1.61874571e+01  5.00821585e+02 
 2.58600244e-06  5.00190870e+02  1.61787285e+01  5.00993723e+02 
 2.59100244e-06  5.00362937e+02  1.61699951e+01  5.01165768e+02 
 2.59600244e-06  5.00534912e+02  1.61612568e+01  5.01337720e+02 
 2.60100244e-06  5.00706794e+02  1.61525139e+01  5.01509579e+02 
 2.60600244e-06  5.00878583e+02  1.61437661e+01  5.01681345e+02 
 2.61100244e-06  5.01050278e+02  1.61350136e+01  5.01853017e+02 
 2.61600244e-06  5.01221881e+02  1.61262563e+01  5.02024597e+02 
 2.62100244e-06  5.01393390e+02  1.61174942e+01  5.02196084e+02 
 2.62600244e-06  5.01564806e+02  1.61087274e+01  5.02367477e+02 
 2.63100244e-06  5.01736129e+02  1.60999558e+01  5.02538777e+02 
 2.63600244e-06  5.01907358e+02  1.60911795e+01  5.02709983e+02 
 2.64100244e-06  5.02078494e+02  1.60823984e+01  5.02881096e+02 
 2.64600244e-06  5.02249537e+02  1.60736126e+01  5.03052116e+02 
 2.65100244e-06  5.02420486e+02  1.60648220e+01  5.03223042e+02 
 2.65600244e-06  5.02591342e+02  1.60560266e+01  5.03393875e+02 
 2.66100244e-06  5.02762104e+02  1.60472265e+01  5.03564614e+02 
 2.66600244e-06  5.02932772e+02  1.60384217e+01  5.03735259e+02 
 2.67100244e-06  5.03103347e+02  1.60296121e+01  5.03905811e+02 
 2.67600244e-06  5.03273827e+02  1.60207978e+01  5.04076269e+02 
 2.68100244e-06  5.03444215e+02  1.60119788e+01  5.04246633e+02 
 2.68600244e-06  5.03614508e+02  1.60031550e+01  5.04416903e+02 
 2.69100244e-06  5.03784707e+02  1.59943265e+01  5.04587079e+02 
 2.69600244e-06  5.03954813e+02  1.59854933e+01  5.04757161e+02 
 2.70100244e-06  5.04124824e+02  1.59766554e+01  5.04927150e+02 
 2.70600244e-06  5.04294741e+02  1.59678127e+01  5.05097044e+02 
 2.71100244e-06  5.04464565e+02  1.59589653e+01  5.05266844e+02 
 2.71600244e-06  5.04634294e+02  1.59501132e+01  5.05436550e+02 
 2.72100244e-06  5.04803929e+02  1.59412564e+01  5.05606162e+02 
 2.72600244e-06  5.04973469e+02  1.59323949e+01  5.05775679e+02 
 2.73100244e-06  5.05142916e+02  1.59235287e+01  5.05945102e+02 
 2.73600244e-06  5.05312268e+02  1.59146578e+01  5.06114431e+02 
 2.74100244e-06  5.05481525e+02  1.59057821e+01  5.06283665e+02 
 2.74600244e-06  5.05650689e+02  1.58969018e+01  5.06452805e+02 
 2.75100244e-06  5.05819757e+02  1.58880168e+01  5.06621851e+02 
 2.75600244e-06  5.05988732e+02  1.58791270e+01  5.06790801e+02 
 2.76100244e-06  5.06157611e+02  1.58702326e+01  5.06959658e+02 
 2.76600244e-06  5.06326396e+02  1.58613335e+01  5.07128419e+02 
 2.77100244e-06  5.06495086e+02  1.58524297e+01  5.07297086e+02 
 2.77600244e-06  5.06663682e+02  1.58435212e+01  5.07465658e+02 
 2.78100244e-06  5.06832182e+02  1.58346081e+01  5.07634135e+02 
 2.78600244e-06  5.07000588e+02  1.58256902e+01  5.07802517e+02 
 2.79100244e-06  5.07168899e+02  1.58167677e+01  5.07970805e+02 
 2.79600244e-06  5.07337115e+02  1.58078405e+01  5.08138997e+02 
 2.80100244e-06  5.07505236e+02  1.57989087e+01  5.08307095e+02 
 2.80600244e-06  5.07673262e+02  1.57899722e+01  5.08475097e+02 
 2.81100244e-06  5.07841193e+02  1.57810310e+01  5.08643004e+02 
 2.81600244e-06  5.08009029e+02  1.57720851e+01  5.08810816e+02 
 2.82100244e-06  5.08176769e+02  1.57631346e+01  5.08978533e+02 
 2.82600244e-06  5.08344414e+02  1.57541794e+01  5.09146155e+02 
 2.83100244e-06  5.08511964e+02  1.57452196e+01  5.09313681e+02 
 2.83600244e-06  5.08679419e+02  1.57362551e+01  5.09481112e+02 
 2.84100244e-06  5.08846778e+02  1.57272860e+01  5.09648448e+02 
 2.84600244e-06  5.09014042e+02  1.57183122e+01  5.09815688e+02 
 2.85100244e-06  5.09181210e+02  1.57093338e+01  5.09982832e+02 
 2.85600244e-06  5.09348283e+02  1.57003508e+01  5.10149881e+02 
 2.86100244e-06  5.09515260e+02  1.56913631e+01  5.10316835e+02 
 2.86600244e-06  5.09682142e+02  1.56823707e+01  5.10483693e+02 
 2.87100244e-06  5.09848928e+02  1.56733738e+01  5.10650455e+02 
 2.87600244e-06  5.10015618e+02  1.56643722e+01  5.10817121e+02 
 2.88100244e-06  5.10182212e+02  1.56553659e+01  5.10983691e+02 
 2.88600244e-06  5.10348711e+02  1.56463551e+01  5.11150166e+02 
 2.89100244e-06  5.10515113e+02  1.56373396e+01  5.11316545e+02 
 2.89600244e-06  5.10681420e+02  1.56283195e+01  5.11482827e+02 
 2.90100244e-06  5.10847631e+02  1.56192948e+01  5.11649014e+02 
 2.90600244e-06  5.11013745e+02  1.56102655e+01  5.11815105e+02 
 2.91100244e-06  5.11179764e+02  1.56012315e+01  5.11981099e+02 
 2.91600244e-06  5.11345686e+02  1.55921930e+01  5.12146998e+02 
 2.92100244e-06  5.11511513e+02  1.55831498e+01  5.12312800e+02 
 2.92600244e-06  5.11677243e+02  1.55741021e+01  5.12478506e+02 
 2.93100244e-06  5.11842877e+02  1.55650497e+01  5.12644116e+02 
 2.93600244e-06  5.12008414e+02  1.55559927e+01  5.12809629e+02 
 2.94100244e-06  5.12173855e+02  1.55469312e+01  5.12975046e+02 
 2.94600244e-06  5.12339200e+02  1.55378650e+01  5.13140366e+02 
 2.95100244e-06  5.12504448e+02  1.55287943e+01  5.13305590e+02 
 2.95600244e-06  5.12669600e+02  1.55197189e+01  5.13470718e+02 
 2.96100244e-06  5.12834655e+02  1.55106390e+01  5.13635749e+02 
 2.96600244e-06  5.12999613e+02  1.55015545e+01  5.13800683e+02 
 2.97100244e-06  5.13164475e+02  1.54924654e+01  5.13965520e+02 
 2.97600244e-06  5.13329240e+02  1.54833718e+01  5.14130261e+02 
 2.98100244e-06  5.13493908e+02  1.54742735e+01  5.14294905e+02 
 2.98600244e-06  5.13658480e+02  1.54651707e+01  5.14459452e+02 
 2.99100244e-06  5.13822954e+02  1.54560634e+01  5.14623903e+02 
 2.99600244e-06  5.13987332e+02  1.54469514e+01  5.14788256e+02 
 3.00100244e-06  5.14151613e+02  1.54378349e+01  5.14952513e+02 
 3.00600244e-06  5.14315797e+02  1.54287139e+01  5.15116672e+02 
 3.01100244e-06  5.14479883e+02  1.54195882e+01  5.15280734e+02 
 3.01600244e-06  5.14643873e+02  1.54104581e+01  5.15444699e+02 
 3.02100244e-06  5.14807765e+02  1.54013233e+01  5.15608567e+02 
 3.02600244e-06  5.14971561e+02  1.53921840e+01  5.15772338e+02 
 3.03100244e-06  5.15135259e+02  1.53830402e+01  5.15936011e+02 
 3.03600244e-06  5.15298859e+02  1.53738918e+01  5.16099588e+02 
 3.04100244e-06  5.15462363e+02  1.53647389e+01  5.16263066e+02 
 3.04600244e-06  5.15625769e+02  1.53555814e+01  5.16426448e+02 
 3.05100244e-06  5.15789077e+02  1.53464195e+01  5.16589732e+02 
 3.05600244e-06  5.15952288e+02  1.53372529e+01  5.16752918e+02 
 3.06100244e-06  5.16115402e+02  1.53280819e+01  5.16916007e+02 
 3.06600244e-06  5.16278418e+02  1.53189063e+01  5.17078998e+02 
 3.07100244e-06  5.16441336e+02  1.53097261e+01  5.17241892e+02 
 3.07600244e-06  5.16604156e+02  1.53005415e+01  5.17404688e+02 
 3.08100244e-06  5.16766879e+02  1.52913523e+01  5.17567386e+02 
 3.08600244e-06  5.16929504e+02  1.52821587e+01  5.17729986e+02 
 3.09100244e-06  5.17092031e+02  1.52729605e+01  5.17892488e+02 
 3.09600244e-06  5.17254461e+02  1.52637578e+01  5.18054893e+02 
 3.10100244e-06  5.17416792e+02  1.52545505e+01  5.18217200e+02 
 3.10600244e-06  5.17579026e+02  1.52453388e+01  5.18379408e+02 
 3.11100244e-06  5.17741161e+02  1.52361226e+01  5.18541519e+02 
 3.11600244e-06  5.17903198e+02  1.52269019e+01  5.18703531e+02 
 3.12100244e-06  5.18065138e+02  1.52176766e+01  5.18865446e+02 
 3.12600244e-06  5.18226979e+02  1.52084469e+01  5.19027262e+02 
 3.13100244e-06  5.18388722e+02  1.51992127e+01  5.19188980e+02 
 3.13600244e-06  5.18550366e+02  1.51899740e+01  5.19350599e+02 
 3.14100244e-06  5.18711912e+02  1.51807308e+01  5.19512121e+02 
 3.14600244e-06  5.18873360e+02  1.51714831e+01  5.19673543e+02 
 3.15100244e-06  5.19034710e+02  1.51622309e+01  5.19834868e+02 
 3.15600244e-06  5.19195961e+02  1.51529743e+01  5.19996094e+02 
 3.16100244e-06  5.19357114e+02  1.51437132e+01  5.20157221e+02 
 3.16600244e-06  5.19518168e+02  1.51344476e+01  5.20318250e+02 
 3.17100244e-06  5.19679123e+02  1.51251775e+01  5.20479181e+02 
 3.17600244e-06  5.19839980e+02  1.51159030e+01  5.20640012e+02 
 3.18100244e-06  5.20000738e+02  1.51066239e+01  5.20800745e+02 
 3.18600244e-06  5.20161397e+02  1.50973405e+01  5.20961380e+02 
 3.19100244e-06  5.20321958e+02  1.50880526e+01  5.21121915e+02 
 3.19600244e-06  5.20482420e+02  1.50787602e+01  5.21282351e+02 
 3.20100244e-06  5.20642783e+02  1.50694633e+01  5.21442689e+02 
 3.20600244e-06  5.20803047e+02  1.50601620e+01  5.21602928e+02 
 3.21100244e-06  5.20963211e+02  1.50508563e+01  5.21763067e+02 
 3.21600244e-06  5.21123277e+02  1.50415461e+01  5.21923108e+02 
 3.22100244e-06  5.21283244e+02  1.50322315e+01  5.22083050e+02 
 3.22600244e-06  5.21443112e+02  1.50229124e+01  5.22242892e+02 
 3.23100244e-06  5.21602881e+02  1.50135889e+01  5.22402635e+02 
 3.23600244e-06  5.21762550e+02  1.50042609e+01  5.22562279e+02 
 3.24100244e-06  5.21922120e+02  1.49949285e+01  5.22721824e+02 
 3.24600244e-06  5.22081591e+02  1.49855917e+01  5.22881269e+02 
 3.25100244e-06  5.22240963e+02  1.49762505e+01  5.23040615e+02 
 3.25600244e-06  5.22400235e+02  1.49669048e+01  5.23199862e+02 
 3.26100244e-06  5.22559407e+02  1.49575547e+01  5.23359009e+02 
 3.26600244e-06  5.22718480e+02  1.49482002e+01  5.23518057e+02 
 3.27100244e-06  5.22877454e+02  1.49388413e+01  5.23677005e+02 
 3.27600244e-06  5.23036328e+02  1.49294779e+01  5.23835853e+02 
 3.28100244e-06  5.23195103e+02  1.49201102e+01  5.23994602e+02 
 3.28600244e-06  5.23353777e+02  1.49107380e+01  5.24153251e+02 
 3.29100244e-06  5.23512352e+02  1.49013615e+01  5.24311801e+02 
 3.29600244e-06  5.23670827e+02  1.48919805e+01  5.24470250e+02 
 3.30100244e-06  5.23829203e+02  1.48825951e+01  5.24628600e+02 
 3.30600244e-06  5.23987478e+02  1.48732054e+01  5.24786850e+02 
 3.31100244e-06  5.24145654e+02  1.48638112e+01  5.24944999e+02 
 3.31600244e-06  5.24303730e+02  1.48544127e+01  5.25103049e+02 
 3.32100244e-06  5.24461705e+02  1.48450097e+01  5.25260999e+02 
 3.32600244e-06  5.24619581e+02  1.48356024e+01  5.25418849e+02 
 3.33100244e-06  5.24777356e+02  1.48261907e+01  5.25576599e+02 
 3.33600244e-06  5.24935032e+02  1.48167746e+01  5.25734248e+02 
 3.34100244e-06  5.25092607e+02  1.48073541e+01  5.25891797e+02 
 3.34600244e-06  5.25250082e+02  1.47979293e+01  5.26049246e+02 
 3.35100244e-06  5.25407456e+02  1.47885001e+01  5.26206595e+02 
 3.35600244e-06  5.25564731e+02  1.47790665e+01  5.26363843e+02 
 3.36100244e-06  5.25721904e+02  1.47696285e+01  5.26520991e+02 
 3.36600244e-06  5.25878978e+02  1.47601862e+01  5.26678039e+02 
 3.37100244e-06  5.26035951e+02  1.47507396e+01  5.26834986e+02 
 3.37600244e-06  5.26192823e+02  1.47412885e+01  5.26991832e+02 
 3.38100244e-06  5.26349595e+02  1.47318331e+01  5.27148578e+02 
 3.38600244e-06  5.26506267e+02  1.47223734e+01  5.27305223e+02 
 3.39100244e-06  5.26662837e+02  1.47129093e+01  5.27461768e+02 
 3.39600244e-06  5.26819307e+02  1.47034409e+01  5.27618212e+02 
 3.40100244e-06  5.26975676e+02  1.46939681e+01  5.27774555e+02 
 3.40600244e-06  5.27131945e+02  1.46844910e+01  5.27930797e+02 
 3.41100244e-06  5.27288112e+02  1.46750095e+01  5.28086938e+02 
 3.41600244e-06  5.27444179e+02  1.46655237e+01  5.28242979e+02 
 3.42100244e-06  5.27600145e+02  1.46560336e+01  5.28398918e+02 
 3.42600244e-06  5.27756009e+02  1.46465391e+01  5.28554757e+02 
 3.43100244e-06  5.27911773e+02  1.46370403e+01  5.28710494e+02 
 3.43600244e-06  5.28067436e+02  1.46275372e+01  5.28866131e+02 
 3.44100244e-06  5.28222997e+02  1.46180298e+01  5.29021666e+02 
 3.44600244e-06  5.28378458e+02  1.46085180e+01  5.29177100e+02 
 3.45100244e-06  5.28533817e+02  1.45990019e+01  5.29332432e+02 
 3.45600244e-06  5.28689075e+02  1.45894816e+01  5.29487664e+02 
 3.46100244e-06  5.28844231e+02  1.45799569e+01  5.29642794e+02 
 3.46600244e-06  5.28999286e+02  1.45704279e+01  5.29797823e+02 
 3.47100244e-06  5.29154240e+02  1.45608945e+01  5.29952750e+02 
 3.47600244e-06  5.29309093e+02  1.45513569e+01  5.30107576e+02 
 3.48100244e-06  5.29463844e+02  1.45418150e+01  5.30262301e+02 
 3.48600244e-06  5.29618493e+02  1.45322688e+01  5.30416923e+02 
 3.49100244e-06  5.29773041e+02  1.45227183e+01  5.30571445e+02 
 3.49600244e-06  5.29927487e+02  1.45131635e+01  5.30725864e+02 
 3.50100244e-06  5.30081831e+02  1.45036045e+01  5.30880182e+02 
 3.50600244e-06  5.30236074e+02  1.44940411e+01  5.31034398e+02 
 3.51100244e-06  5.30390215e+02  1.44844734e+01  5.31188513e+02 
 3.51600244e-06  5.30544254e+02  1.44749015e+01  5.31342525e+02 
 3.52100244e-06  5.30698192e+02  1.44653253e+01  5.31496436e+02 
 3.52600244e-06  5.30852027e+02  1.44557448e+01  5.31650245e+02 
 3.53100244e-06  5.31005761e+02  1.44461601e+01  5.31803951e+02 
 3.53600244e-06  5.31159392e+02  1.44365711e+01  5.31957556e+02 
 3.54100244e-06  5.31312922e+02  1.44269778e+01  5.32111059e+02 
 3.54600244e-06  5.31466349e+02  1.44173803e+01  5.32264460e+02 
 3.55100244e-06  5.31619675e+02  1.44077785e+01  5.32417758e+02 
 3.55600244e-06  5.31772898e+02  1.43981724e+01  5.32570954e+02 
 3.56100244e-06  5.31926019e+02  1.43885621e+01  5.32724048e+02 
 3.56600244e-06  5.32079037e+02  1.43789475e+01  5.32877040e+02 
 3.57100244e-06  5.32231954e+02  1.43693287e+01  5.33029930e+02 
 3.57600244e-06  5.32384768e+02  1.43597057e+01  5.33182717e+02 
 3.58100244e-06  5.32537479e+02  1.43500783e+01  5.33335401e+02 
 3.58600244e-06  5.32690088e+02  1.43404468e+01  5.33487983e+02 
 3.59100244e-06  5.32842595e+02  1.43308110e+01  5.33640463e+02 
 3.59600244e-06  5.32994999e+02  1.43211710e+01  5.33792840e+02 
 3.60100244e-06  5.33147301e+02  1.43115268e+01  5.33945115e+02 
 3.60600244e-06  5.33299500e+02  1.43018783e+01  5.34097286e+02 
 3.61100244e-06  5.33451596e+02  1.42922256e+01  5.34249356e+02 
 3.61600244e-06  5.33603590e+02  1.42825687e+01  5.34401322e+02 
 3.62100244e-06  5.33755480e+02  1.42729075e+01  5.34553186e+02 
 3.62600244e-06  5.33907268e+02  1.42632422e+01  5.34704947e+02 
 3.63100244e-06  5.34058954e+02  1.42535726e+01  5.34856605e+02 
 3.63600244e-06  5.34210536e+02  1.42438988e+01  5.35008160e+02 
 3.64100244e-06  5.34362015e+02  1.42342208e+01  5.35159612e+02 
 3.64600244e-06  5.34513392e+02  1.42245386e+01  5.35310961e+02 
 3.65100244e-06  5.34664665e+02  1.42148522e+01  5.35462207e+02 
 3.65600244e-06  5.34815835e+02  1.42051616e+01  5.35613350e+02 
 3.66100244e-06  5.34966902e+02  1.41954669e+01  5.35764390e+02 
 3.66600244e-06  5.35117866e+02  1.41857679e+01  5.35915326e+02 
 3.67100244e-06  5.35268727e+02  1.41760647e+01  5.36066160e+02 
 3.67600244e-06  5.35419485e+02  1.41663573e+01  5.36216890e+02 
 3.68100244e-06  5.35570139e+02  1.41566458e+01  5.36367517e+02 
 3.68600244e-06  5.35720690e+02  1.41469300e+01  5.36518040e+02 
 3.69100244e-06  5.35871138e+02  1.41372101e+01  5.36668460e+02 
 3.69600244e-06  5.36021482e+02  1.41274860e+01  5.36818777e+02 
 3.70100244e-06  5.36171722e+02  1.41177577e+01  5.36968990e+02 
 3.70600244e-06  5.36321859e+02  1.41080253e+01  5.37119099e+02 
 3.71100244e-06  5.36471893e+02  1.40982887e+01  5.37269105e+02 
 3.71600244e-06  5.36621823e+02  1.40885479e+01  5.37419008e+02 
 3.72100244e-06  5.36771649e+02  1.40788030e+01  5.37568806e+02 
 3.72600244e-06  5.36921372e+02  1.40690539e+01  5.37718501e+02 
 3.73100244e-06  5.37070991e+02  1.40593006e+01  5.37868092e+02 
 3.73600244e-06  5.37220506e+02  1.40495432e+01  5.38017580e+02 
 3.74100244e-06  5.37369917e+02  1.40397817e+01  5.38166963e+02 
 3.74600244e-06  5.37519225e+02  1.40300160e+01  5.38316243e+02 
 3.75100244e-06  5.37668428e+02  1.40202461e+01  5.38465419e+02 
 3.75600244e-06  5.37817528e+02  1.40104721e+01  5.38614491e+02 
 3.76100244e-06  5.37966523e+02  1.40006940e+01  5.38763458e+02 
 3.76600244e-06  5.38115415e+02  1.39909117e+01  5.38912322e+02 
 3.77100244e-06  5.38264202e+02  1.39811253e+01  5.39061081e+02 
 3.77600244e-06  5.38412885e+02  1.39713348e+01  5.39209737e+02 
 3.78100244e-06  5.38561465e+02  1.39615401e+01  5.39358288e+02 
 3.78600244e-06  5.38709939e+02  1.39517413e+01  5.39506735e+02 
 3.79100244e-06  5.38858310e+02  1.39419384e+01  5.39655078e+02 
 3.79600244e-06  5.39006576e+02  1.39321314e+01  5.39803316e+02 
 3.80100244e-06  5.39154738e+02  1.39223203e+01  5.39951450e+02 
 3.80600244e-06  5.39302796e+02  1.39125050e+01  5.40099479e+02 
 3.81100244e-06  5.39450749e+02  1.39026856e+01  5.40247404e+02 
 3.81600244e-06  5.39598598e+02  1.38928622e+01  5.40395225e+02 
 3.82100244e-06  5.39746342e+02  1.38830346e+01  5.40542941e+02 
 3.82600244e-06  5.39893981e+02  1.38732029e+01  5.40690552e+02 
 3.83100244e-06  5.40041516e+02  1.38633671e+01  5.40838059e+02 
 3.83600244e-06  5.40188947e+02  1.38535272e+01  5.40985461e+02 
 3.84100244e-06  5.40336272e+02  1.38436833e+01  5.41132759e+02 
 3.84600244e-06  5.40483493e+02  1.38338352e+01  5.41279951e+02 
 3.85100244e-06  5.40630609e+02  1.38239831e+01  5.41427039e+02 
 3.85600244e-06  5.40777620e+02  1.38141268e+01  5.41574022e+02 
 3.86100244e-06  5.40924527e+02  1.38042665e+01  5.41720900e+02 
 3.86600244e-06  5.41071328e+02  1.37944021e+01  5.41867673e+02 
 3.87100244e-06  5.41218024e+02  1.37845337e+01  5.42014341e+02 
 3.87600244e-06  5.41364616e+02  1.37746611e+01  5.42160904e+02 
 3.88100244e-06  5.41511102e+02  1.37647845e+01  5.42307362e+02 
 3.88600244e-06  5.41657484e+02  1.37549038e+01  5.42453715e+02 
 3.89100244e-06  5.41803760e+02  1.37450191e+01  5.42599962e+02 
 3.89600244e-06  5.41949931e+02  1.37351303e+01  5.42746105e+02 
 3.90100244e-06  5.42095997e+02  1.37252374e+01  5.42892142e+02 
 3.90600244e-06  5.42241957e+02  1.37153405e+01  5.43038074e+02 
 3.91100244e-06  5.42387812e+02  1.37054396e+01  5.43183901e+02 
 3.91600244e-06  5.42533562e+02  1.36955346e+01  5.43329622e+02 
 3.92100244e-06  5.42679207e+02  1.36856255e+01  5.43475238e+02 
 3.92600244e-06  5.42824746e+02  1.36757124e+01  5.43620748e+02 
 3.93100244e-06  5.42970179e+02  1.36657952e+01  5.43766153e+02 
 3.93600244e-06  5.43115507e+02  1.36558741e+01  5.43911452e+02 
 3.94100244e-06  5.43260730e+02  1.36459488e+01  5.44056646e+02 
 3.94600244e-06  5.43405846e+02  1.36360196e+01  5.44201734e+02 
 3.95100244e-06  5.43550858e+02  1.36260863e+01  5.44346717e+02 
 3.95600244e-06  5.43695763e+02  1.36161490e+01  5.44491593e+02 
 3.96100244e-06  5.43840563e+02  1.36062077e+01  5.44636364e+02 
 3.96600244e-06  5.43985257e+02  1.35962623e+01  5.44781029e+02 
 3.97100244e-06  5.44129845e+02  1.35863130e+01  5.44925589e+02 
 3.97600244e-06  5.44274327e+02  1.35763596e+01  5.45070042e+02 
 3.98100244e-06  5.44418704e+02  1.35664022e+01  5.45214389e+02 
 3.98600244e-06  5.44562974e+02  1.35564408e+01  5.45358631e+02 
 3.99100244e-06  5.44707139e+02  1.35464754e+01  5.45502766e+02 
 3.99600244e-06  5.44851197e+02  1.35365060e+01  5.45646796e+02 
 4.00100244e-06  5.44995149e+02  1.35265326e+01  5.45790719e+02 
 4.00600244e-06  5.45138996e+02  1.35165552e+01  5.45934536e+02 
 4.01100244e-06  5.45282736e+02  1.35065738e+01  5.46078247e+02 
 4.01600244e-06  5.45426369e+02  1.34965884e+01  5.46221852e+02 
 4.02100244e-06  5.45569897e+02  1.34865990e+01  5.46365350e+02 
 4.02600244e-06  5.45713318e+02  1.34766057e+01  5.46508742e+02 
 4.03100244e-06  5.45856633e+02  1.34666084e+01  5.46652028e+02 
 4.03600244e-06  5.45999842e+02  1.34566070e+01  5.46795208e+02 
 4.04100244e-06  5.46142944e+02  1.34466017e+01  5.46938280e+02 
 4.04600244e-06  5.46285940e+02  1.34365925e+01  5.47081247e+02 
 4.05100244e-06  5.46428829e+02  1.34265792e+01  5.47224107e+02 
 4.05600244e-06  5.46571612e+02  1.34165620e+01  5.47366860e+02 
 4.06100244e-06  5.46714288e+02  1.34065409e+01  5.47509507e+02 
 4.06600244e-06  5.46856857e+02  1.33965157e+01  5.47652047e+02 
 4.07100244e-06  5.46999320e+02  1.33864867e+01  5.47794480e+02 
 4.07600244e-06  5.47141676e+02  1.33764536e+01  5.47936807e+02 
 4.08100244e-06  5.47283925e+02  1.33664166e+01  5.48079027e+02 
 4.08600244e-06  5.47426068e+02  1.33563757e+01  5.48221140e+02 
 4.09100244e-06  5.47568103e+02  1.33463308e+01  5.48363146e+02 
 4.09600244e-06  5.47710032e+02  1.33362820e+01  5.48505045e+02 
 4.10100244e-06  5.47851854e+02  1.33262292e+01  5.48646838e+02 
 4.10600244e-06  5.47993569e+02  1.33161725e+01  5.48788523e+02 
 4.11100244e-06  5.48135177e+02  1.33061119e+01  5.48930101e+02 
 4.11600244e-06  5.48276678e+02  1.32960473e+01  5.49071572e+02 
 4.12100244e-06  5.48418071e+02  1.32859788e+01  5.49212936e+02 
 4.12600244e-06  5.48559358e+02  1.32759064e+01  5.49354193e+02 
 4.13100244e-06  5.48700537e+02  1.32658300e+01  5.49495343e+02 
 4.13600244e-06  5.48841610e+02  1.32557497e+01  5.49636386e+02 
 4.14100244e-06  5.48982575e+02  1.32456656e+01  5.49777321e+02 
 4.14600244e-06  5.49123432e+02  1.32355775e+01  5.49918149e+02 
 4.15100244e-06  5.49264183e+02  1.32254854e+01  5.50058869e+02 
 4.15600244e-06  5.49404825e+02  1.32153895e+01  5.50199482e+02 
 4.16100244e-06  5.49545361e+02  1.32052897e+01  5.50339988e+02 
 4.16600244e-06  5.49685789e+02  1.31951860e+01  5.50480386e+02 
 4.17100244e-06  5.49826110e+02  1.31850784e+01  5.50620677e+02 
 4.17600244e-06  5.49966323e+02  1.31749669e+01  5.50760860e+02 
 4.18100244e-06  5.50106428e+02  1.31648514e+01  5.50900935e+02 
 4.18600244e-06  5.50246426e+02  1.31547322e+01  5.51040903e+02 
 4.19100244e-06  5.50386316e+02  1.31446090e+01  5.51180763e+02 
 4.19600244e-06  5.50526098e+02  1.31344819e+01  5.51320515e+02 
 4.20100244e-06  5.50665773e+02  1.31243510e+01  5.51460160e+02 
 4.20600244e-06  5.50805340e+02  1.31142161e+01  5.51599696e+02 
 4.21100244e-06  5.50944799e+02  1.31040774e+01  5.51739125e+02 
 4.21600244e-06  5.51084150e+02  1.30939349e+01  5.51878446e+02 
 4.22100244e-06  5.51223393e+02  1.30837884e+01  5.52017659e+02 
 4.22600244e-06  5.51362528e+02  1.30736381e+01  5.52156764e+02 
 4.23100244e-06  5.51501556e+02  1.30634839e+01  5.52295761e+02 
 4.23600244e-06  5.51640475e+02  1.30533259e+01  5.52434650e+02 
 4.24100244e-06  5.51779286e+02  1.30431640e+01  5.52573431e+02 
 4.24600244e-06  5.51917989e+02  1.30329983e+01  5.52712104e+02 
 4.25100244e-06  5.52056584e+02  1.30228287e+01  5.52850668e+02 
 4.25600244e-06  5.52195070e+02  1.30126553e+01  5.52989124e+02 
 4.26100244e-06  5.52333449e+02  1.30024780e+01  5.53127472e+02 
 4.26600244e-06  5.52471719e+02  1.29922969e+01  5.53265712e+02 
 4.27100244e-06  5.52609880e+02  1.29821119e+01  5.53403843e+02 
 4.27600244e-06  5.52747934e+02  1.29719231e+01  5.53541866e+02 
 4.28100244e-06  5.52885879e+02  1.29617305e+01  5.53679780e+02 
 4.28600244e-06  5.53023715e+02  1.29515340e+01  5.53817586e+02 
 4.29100244e-06  5.53161443e+02  1.29413337e+01  5.53955284e+02 
 4.29600244e-06  5.53299063e+02  1.29311296e+01  5.54092873e+02 
 4.30100244e-06  5.53436574e+02  1.29209217e+01  5.54230353e+02 
 4.30600244e-06  5.53573976e+02  1.29107100e+01  5.54367725e+02 
 4.31100244e-06  5.53711270e+02  1.29004944e+01  5.54504988e+02 
 4.31600244e-06  5.53848454e+02  1.28902750e+01  5.54642142e+02 
 4.32100244e-06  5.53985531e+02  1.28800519e+01  5.54779187e+02 
 4.32600244e-06  5.54122498e+02  1.28698249e+01  5.54916124e+02 
 4.33100244e-06  5.54259357e+02  1.28595941e+01  5.55052952e+02 
 4.33600244e-06  5.54396106e+02  1.28493595e+01  5.55189671e+02 
 4.34100244e-06  5.54532747e+02  1.28391211e+01  5.55326281e+02 
 4.34600244e-06  5.54669279e+02  1.28288789e+01  5.55462782e+02 
 4.35100244e-06  5.54805702e+02  1.28186330e+01  5.55599174e+02 
 4.35600244e-06  5.54942016e+02  1.28083832e+01  5.55735457e+02 
 4.36100244e-06  5.55078221e+02  1.27981297e+01  5.55871630e+02 
 4.36600244e-06  5.55214317e+02  1.27878724e+01  5.56007695e+02 
 4.37100244e-06  5.55350303e+02  1.27776113e+01  5.56143651e+02 
 4.37600244e-06  5.55486181e+02  1.27673464e+01  5.56279497e+02 
 4.38100244e-06  5.55621949e+02  1.27570778e+01  5.56415234e+02 
 4.38600244e-06  5.55757608e+02  1.27468053e+01  5.56550862e+02 
 4.39100244e-06  5.55893157e+02  1.27365292e+01  5.56686381e+02 
 4.39600244e-06  5.56028598e+02  1.27262492e+01  5.56821790e+02 
 4.40100244e-06  5.56163929e+02  1.27159655e+01  5.56957089e+02 
 4.40600244e-06  5.56299150e+02  1.27056781e+01  5.57092280e+02 
 4.41100244e-06  5.56434262e+02  1.26953869e+01  5.57227361e+02 
 4.41600244e-06  5.56569265e+02  1.26850919e+01  5.57362332e+02 
 4.42100244e-06  5.56704158e+02  1.26747932e+01  5.57497194e+02 
 4.42600244e-06  5.56838941e+02  1.26644907e+01  5.57631946e+02 
 4.43100244e-06  5.56973615e+02  1.26541845e+01  5.57766588e+02 
 4.43600244e-06  5.57108179e+02  1.26438746e+01  5.57901121e+02 
 4.44100244e-06  5.57242633e+02  1.26335609e+01  5.58035544e+02 
 4.44600244e-06  5.57376978e+02  1.26232435e+01  5.58169857e+02 
 4.45100244e-06  5.57511213e+02  1.26129224e+01  5.58304060e+02 
 4.45600244e-06  5.57645338e+02  1.26025975e+01  5.58438154e+02 
 4.46100244e-06  5.57779353e+02  1.25922690e+01  5.58572138e+02 
 4.46600244e-06  5.57913259e+02  1.25819367e+01  5.58706012e+02 
 4.47100244e-06  5.58047054e+02  1.25716006e+01  5.58839775e+02 
 4.47600244e-06  5.58180740e+02  1.25612609e+01  5.58973429e+02 
 4.48100244e-06  5.58314315e+02  1.25509175e+01  5.59106973e+02 
 4.48600244e-06  5.58447780e+02  1.25405703e+01  5.59240407e+02 
 4.49100244e-06  5.58581136e+02  1.25302195e+01  5.59373730e+02 
 4.49600244e-06  5.58714381e+02  1.25198649e+01  5.59506943e+02 
 4.50100244e-06  5.58847516e+02  1.25095066e+01  5.59640047e+02 
 4.50600244e-06  5.58980540e+02  1.24991447e+01  5.59773040e+02 
 4.51100244e-06  5.59113455e+02  1.24887790e+01  5.59905922e+02 
 4.51600244e-06  5.59246259e+02  1.24784097e+01  5.60038695e+02 
 4.52100244e-06  5.59378953e+02  1.24680367e+01  5.60171357e+02 
 4.52600244e-06  5.59511536e+02  1.24576600e+01  5.60303908e+02 
 4.53100244e-06  5.59644009e+02  1.24472796e+01  5.60436349e+02 
 4.53600244e-06  5.59776372e+02  1.24368955e+01  5.60568680e+02 
 4.54100244e-06  5.59908624e+02  1.24265078e+01  5.60700900e+02 
 4.54600244e-06  5.60040766e+02  1.24161164e+01  5.60833010e+02 
 4.55100244e-06  5.60172797e+02  1.24057213e+01  5.60965009e+02 
 4.55600244e-06  5.60304717e+02  1.23953226e+01  5.61096897e+02 
 4.56100244e-06  5.60436527e+02  1.23849202e+01  5.61228675e+02 
 4.56600244e-06  5.60568226e+02  1.23745141e+01  5.61360342e+02 
 4.57100244e-06  5.60699815e+02  1.23641044e+01  5.61491898e+02 
 4.57600244e-06  5.60831292e+02  1.23536910e+01  5.61623343e+02 
 4.58100244e-06  5.60962659e+02  1.23432740e+01  5.61754678e+02 
 4.58600244e-06  5.61093915e+02  1.23328533e+01  5.61885902e+02 
 4.59100244e-06  5.61225060e+02  1.23224290e+01  5.62017014e+02 
 4.59600244e-06  5.61356094e+02  1.23120010e+01  5.62148016e+02 
 4.60100244e-06  5.61487018e+02  1.23015694e+01  5.62278907e+02 
 4.60600244e-06  5.61617830e+02  1.22911342e+01  5.62409687e+02 
 4.61100244e-06  5.61748531e+02  1.22806954e+01  5.62540356e+02 
 4.61600244e-06  5.61879121e+02  1.22702529e+01  5.62670913e+02 
 4.62100244e-06  5.62009600e+02  1.22598068e+01  5.62801360e+02 
 4.62600244e-06  5.62139968e+02  1.22493570e+01  5.62931695e+02 
 4.63100244e-06  5.62270225e+02  1.22389037e+01  5.63061920e+02 
 4.63600244e-06  5.62400370e+02  1.22284467e+01  5.63192032e+02 
 4.64100244e-06  5.62530404e+02  1.22179862e+01  5.63322034e+02 
 4.64600244e-06  5.62660327e+02  1.22075220e+01  5.63451924e+02 
 4.65100244e-06  5.62790139e+02  1.21970542e+01  5.63581703e+02 
 4.65600244e-06  5.62919839e+02  1.21865828e+01  5.63711371e+02 
 4.66100244e-06  5.63049428e+02  1.21761078e+01  5.63840927e+02 
 4.66600244e-06  5.63178905e+02  1.21656292e+01  5.63970371e+02 
 4.67100244e-06  5.63308271e+02  1.21551470e+01  5.64099704e+02 
 4.67600244e-06  5.63437525e+02  1.21446612e+01  5.64228926e+02 
 4.68100244e-06  5.63566668e+02  1.21341718e+01  5.64358036e+02 
 4.68600244e-06  5.63695699e+02  1.21236789e+01  5.64487034e+02 
 4.69100244e-06  5.63824619e+02  1.21131824e+01  5.64615921e+02 
 4.69600244e-06  5.63953426e+02  1.21026822e+01  5.64744695e+02 
 4.70100244e-06  5.64082122e+02  1.20921785e+01  5.64873359e+02 
 4.70600244e-06  5.64210707e+02  1.20816713e+01  5.65001910e+02 
 4.71100244e-06  5.64339179e+02  1.20711605e+01  5.65130349e+02 
 4.71600244e-06  5.64467540e+02  1.20606461e+01  5.65258677e+02 
 4.72100244e-06  5.64595789e+02  1.20501281e+01  5.65386893e+02 
 4.72600244e-06  5.64723926e+02  1.20396066e+01  5.65514996e+02 
 4.73100244e-06  5.64851951e+02  1.20290815e+01  5.65642988e+02 
 4.73600244e-06  5.64979863e+02  1.20185529e+01  5.65770868e+02 
 4.74100244e-06  5.65107664e+02  1.20080207e+01  5.65898636e+02 
 4.74600244e-06  5.65235353e+02  1.19974850e+01  5.66026291e+02 
 4.75100244e-06  5.65362930e+02  1.19869457e+01  5.66153835e+02 
 4.75600244e-06  5.65490395e+02  1.19764029e+01  5.66281266e+02 
 4.76100244e-06  5.65617747e+02  1.19658565e+01  5.66408585e+02 
 4.76600244e-06  5.65744987e+02  1.19553066e+01  5.66535792e+02 
 4.77100244e-06  5.65872115e+02  1.19447532e+01  5.66662887e+02 
 4.77600244e-06  5.65999131e+02  1.19341963e+01  5.66789869e+02 
 4.78100244e-06  5.66126034e+02  1.19236358e+01  5.66916739e+02 
 4.78600244e-06  5.66252825e+02  1.19130718e+01  5.67043496e+02 
 4.79100244e-06  5.66379504e+02  1.19025043e+01  5.67170141e+02 
 4.79600244e-06  5.66506070e+02  1.18919332e+01  5.67296674e+02 
 4.80100244e-06  5.66632524e+02  1.18813587e+01  5.67423094e+02 
 4.80600244e-06  5.66758865e+02  1.18707806e+01  5.67549401e+02 
 4.81100244e-06  5.66885093e+02  1.18601991e+01  5.67675596e+02 
 4.81600244e-06  5.67011209e+02  1.18496140e+01  5.67801679e+02 
 4.82100244e-06  5.67137213e+02  1.18390254e+01  5.67927648e+02 
 4.82600244e-06  5.67263104e+02  1.18284334e+01  5.68053505e+02 
 4.83100244e-06  5.67388882e+02  1.18178378e+01  5.68179250e+02 
 4.83600244e-06  5.67514547e+02  1.18072388e+01  5.68304881e+02 
 4.84100244e-06  5.67640099e+02  1.17966362e+01  5.68430400e+02 
 4.84600244e-06  5.67765539e+02  1.17860302e+01  5.68555806e+02 
 4.85100244e-06  5.67890866e+02  1.17754207e+01  5.68681099e+02 
 4.85600244e-06  5.68016080e+02  1.17648077e+01  5.68806279e+02 
 4.86100244e-06  5.68141181e+02  1.17541912e+01  5.68931346e+02 
 4.86600244e-06  5.68266169e+02  1.17435713e+01  5.69056300e+02 
 4.87100244e-06  5.68391044e+02  1.17329479e+01  5.69181141e+02 
 4.87600244e-06  5.68515806e+02  1.17223210e+01  5.69305869e+02 
 4.88100244e-06  5.68640455e+02  1.17116907e+01  5.69430484e+02 
 4.88600244e-06  5.68764991e+02  1.17010569e+01  5.69554986e+02 
 4.89100244e-06  5.68889414e+02  1.16904197e+01  5.69679374e+02 
 4.89600244e-06  5.69013723e+02  1.16797790e+01  5.69803650e+02 
 4.90100244e-06  5.69137920e+02  1.16691348e+01  5.69927812e+02 
 4.90600244e-06  5.69262003e+02  1.16584872e+01  5.70051860e+02 
 4.91100244e-06  5.69385973e+02  1.16478362e+01  5.70175796e+02 
 4.91600244e-06  5.69509829e+02  1.16371817e+01  5.70299618e+02 
 4.92100244e-06  5.69633572e+02  1.16265238e+01  5.70423327e+02 
 4.92600244e-06  5.69757202e+02  1.16158624e+01  5.70546922e+02 
 4.93100244e-06  5.69880718e+02  1.16051976e+01  5.70670404e+02 
 4.93600244e-06  5.70004121e+02  1.15945294e+01  5.70793772e+02 
 4.94100244e-06  5.70127410e+02  1.15838577e+01  5.70917027e+02 
 4.94600244e-06  5.70250586e+02  1.15731827e+01  5.71040168e+02 
 4.95100244e-06  5.70373648e+02  1.15625042e+01  5.71163196e+02 
 4.95600244e-06  5.70496597e+02  1.15518223e+01  5.71286110e+02 
 4.96100244e-06  5.70619432e+02  1.15411370e+01  5.71408910e+02 
 4.96600244e-06  5.70742153e+02  1.15304483e+01  5.71531597e+02 
 4.97100244e-06  5.70864760e+02  1.15197561e+01  5.71654169e+02 
 4.97600244e-06  5.70987254e+02  1.15090606e+01  5.71776628e+02 
 4.98100244e-06  5.71109634e+02  1.14983617e+01  5.71898974e+02 
 4.98600244e-06  5.71231900e+02  1.14876593e+01  5.72021205e+02 
 4.99100244e-06  5.71354052e+02  1.14769536e+01  5.72143322e+02 
 4.99600244e-06  5.71476090e+02  1.14662445e+01  5.72265326e+02 
 5.00100244e-06  5.71598015e+02  1.14555320e+01  5.72387215e+02 
 5.00600244e-06  5.71719825e+02  1.14448161e+01  5.72508991e+02 
 5.01100244e-06  5.71841521e+02  1.14340968e+01  5.72630652e+02 
 5.01600244e-06  5.71963104e+02  1.14233742e+01  5.72752199e+02 
 5.02100244e-06  5.72084572e+02  1.14126482e+01  5.72873632e+02 
 5.02600244e-06  5.72205926e+02  1.14019188e+01  5.72994951e+02 
 5.03100244e-06  5.72327166e+02  1.13911860e+01  5.73116156e+02 
 5.03600244e-06  5.72448291e+02  1.13804499e+01  5.73237247e+02 
 5.04100244e-06  5.72569303e+02  1.13697104e+01  5.73358223e+02 
 5.04600244e-06  5.72690200e+02  1.13589676e+01  5.73479085e+02 
 5.05100244e-06  5.72810983e+02  1.13482214e+01  5.73599833e+02 
 5.05600244e-06  5.72931652e+02  1.13374718e+01  5.73720466e+02 
 5.06100244e-06  5.73052206e+02  1.13267189e+01  5.73840985e+02 
 5.06600244e-06  5.73172646e+02  1.13159627e+01  5.73961390e+02 
 5.07100244e-06  5.73292971e+02  1.13052031e+01  5.74081679e+02 
 5.07600244e-06  5.73413182e+02  1.12944401e+01  5.74201855e+02 
 5.08100244e-06  5.73533278e+02  1.12836739e+01  5.74321916e+02 
 5.08600244e-06  5.73653260e+02  1.12729043e+01  5.74441862e+02 
 5.09100244e-06  5.73773127e+02  1.12621313e+01  5.74561694e+02 
 5.09600244e-06  5.73892880e+02  1.12513551e+01  5.74681411e+02 
 5.10100244e-06  5.74012518e+02  1.12405755e+01  5.74801013e+02 
 5.10600244e-06  5.74132041e+02  1.12297926e+01  5.74920501e+02 
 5.11100244e-06  5.74251449e+02  1.12190064e+01  5.75039874e+02 
 5.11600244e-06  5.74370743e+02  1.12082168e+01  5.75159132e+02 
 5.12100244e-06  5.74489922e+02  1.11974240e+01  5.75278275e+02 
 5.12600244e-06  5.74608986e+02  1.11866278e+01  5.75397303e+02 
 5.13100244e-06  5.74727935e+02  1.11758284e+01  5.75516217e+02 
 5.13600244e-06  5.74846770e+02  1.11650256e+01  5.75635015e+02 
 5.14100244e-06  5.74965489e+02  1.11542196e+01  5.75753699e+02 
 5.14600244e-06  5.75084093e+02  1.11434102e+01  5.75872267e+02 
 5.15100244e-06  5.75202583e+02  1.11325976e+01  5.75990721e+02 
 5.15600244e-06  5.75320957e+02  1.11217816e+01  5.76109059e+02 
 5.16100244e-06  5.75439216e+02  1.11109624e+01  5.76227282e+02 
 5.16600244e-06  5.75557361e+02  1.11001399e+01  5.76345391e+02 
 5.17100244e-06  5.75675390e+02  1.10893141e+01  5.76463384e+02 
 5.17600244e-06  5.75793303e+02  1.10784851e+01  5.76581261e+02 
 5.18100244e-06  5.75911102e+02  1.10676527e+01  5.76699024e+02 
 5.18600244e-06  5.76028785e+02  1.10568171e+01  5.76816671e+02 
 5.19100244e-06  5.76146353e+02  1.10459783e+01  5.76934203e+02 
 5.19600244e-06  5.76263806e+02  1.10351361e+01  5.77051619e+02 
 5.20100244e-06  5.76381144e+02  1.10242907e+01  5.77168920e+02 
 5.20600244e-06  5.76498366e+02  1.10134421e+01  5.77286106e+02 
 5.21100244e-06  5.76615472e+02  1.10025902e+01  5.77403176e+02 
 5.21600244e-06  5.76732463e+02  1.09917350e+01  5.77520131e+02 
 5.22100244e-06  5.76849339e+02  1.09808766e+01  5.77636970e+02 
 5.22600244e-06  5.76966099e+02  1.09700150e+01  5.77753694e+02 
 5.23100244e-06  5.77082743e+02  1.09591501e+01  5.77870302e+02 
 5.23600244e-06  5.77199272e+02  1.09482820e+01  5.77986794e+02 
 5.24100244e-06  5.77315685e+02  1.09374106e+01  5.78103171e+02 
 5.24600244e-06  5.77431983e+02  1.09265360e+01  5.78219432e+02 
 5.25100244e-06  5.77548165e+02  1.09156582e+01  5.78335577e+02 
 5.25600244e-06  5.77664231e+02  1.09047772e+01  5.78451606e+02 
 5.26100244e-06  5.77780181e+02  1.08938929e+01  5.78567520e+02 
 5.26600244e-06  5.77896016e+02  1.08830055e+01  5.78683318e+02 
 5.27100244e-06  5.78011735e+02  1.08721148e+01  5.78799000e+02 
 5.27600244e-06  5.78127337e+02  1.08612209e+01  5.78914566e+02 
 5.28100244e-06  5.78242824e+02  1.08503238e+01  5.79030016e+02 
 5.28600244e-06  5.78358195e+02  1.08394234e+01  5.79145350e+02 
 5.29100244e-06  5.78473450e+02  1.08285199e+01  5.79260568e+02 
 5.29600244e-06  5.78588589e+02  1.08176132e+01  5.79375670e+02 
 5.30100244e-06  5.78703612e+02  1.08067033e+01  5.79490656e+02 
 5.30600244e-06  5.78818519e+02  1.07957902e+01  5.79605526e+02 
 5.31100244e-06  5.78933310e+02  1.07848739e+01  5.79720279e+02 
 5.31600244e-06  5.79047985e+02  1.07739544e+01  5.79834917e+02 
 5.32100244e-06  5.79162543e+02  1.07630317e+01  5.79949438e+02 
 5.32600244e-06  5.79276985e+02  1.07521059e+01  5.80063843e+02 
 5.33100244e-06  5.79391311e+02  1.07411769e+01  5.80178132e+02 
 5.33600244e-06  5.79505521e+02  1.07302447e+01  5.80292304e+02 
 5.34100244e-06  5.79619614e+02  1.07193093e+01  5.80406360e+02 
 5.34600244e-06  5.79733591e+02  1.07083708e+01  5.80520300e+02 
 5.35100244e-06  5.79847452e+02  1.06974291e+01  5.80634123e+02 
 5.35600244e-06  5.79961196e+02  1.06864842e+01  5.80747830e+02 
 5.36100244e-06  5.80074824e+02  1.06755362e+01  5.80861420e+02 
 5.36600244e-06  5.80188335e+02  1.06645850e+01  5.80974894e+02 
 5.37100244e-06  5.80301730e+02  1.06536307e+01  5.81088251e+02 
 5.37600244e-06  5.80415008e+02  1.06426733e+01  5.81201492e+02 
 5.38100244e-06  5.80528170e+02  1.06317127e+01  5.81314616e+02 
 5.38600244e-06  5.80641215e+02  1.06207489e+01  5.81427623e+02 
 5.39100244e-06  5.80754143e+02  1.06097820e+01  5.81540514e+02 
 5.39600244e-06  5.80866955e+02  1.05988120e+01  5.81653288e+02 
 5.40100244e-06  5.80979650e+02  1.05878389e+01  5.81765945e+02 
 5.40600244e-06  5.81092228e+02  1.05768626e+01  5.81878486e+02 
 5.41100244e-06  5.81204689e+02  1.05658832e+01  5.81990909e+02 
 5.41600244e-06  5.81317034e+02  1.05549007e+01  5.82103216e+02 
 5.42100244e-06  5.81429262e+02  1.05439150e+01  5.82215406e+02 
 5.42600244e-06  5.81541372e+02  1.05329263e+01  5.82327479e+02 
 5.43100244e-06  5.81653366e+02  1.05219344e+01  5.82439434e+02 
 5.43600244e-06  5.81765243e+02  1.05109394e+01  5.82551273e+02 
 5.44100244e-06  5.81877003e+02  1.04999413e+01  5.82662995e+02 
 5.44600244e-06  5.81988646e+02  1.04889402e+01  5.82774600e+02 
 5.45100244e-06  5.82100172e+02  1.04779359e+01  5.82886088e+02 
 5.45600244e-06  5.82211581e+02  1.04669285e+01  5.82997459e+02 
 5.46100244e-06  5.82322873e+02  1.04559180e+01  5.83108712e+02 
 5.46600244e-06  5.82434047e+02  1.04449045e+01  5.83219848e+02 
 5.47100244e-06  5.82545105e+02  1.04338878e+01  5.83330868e+02 
 5.47600244e-06  5.82656045e+02  1.04228681e+01  5.83441769e+02 
 5.48100244e-06  5.82766868e+02  1.04118453e+01  5.83552554e+02 
 5.48600244e-06  5.82877574e+02  1.04008194e+01  5.83663221e+02 
 5.49100244e-06  5.82988162e+02  1.03897905e+01  5.83773771e+02 
 5.49600244e-06  5.83098633e+02  1.03787584e+01  5.83884203e+02 
 5.50100244e-06  5.83208987e+02  1.03677234e+01  5.83994519e+02 
 5.50600244e-06  5.83319223e+02  1.03566852e+01  5.84104716e+02 
 5.51100244e-06  5.83429342e+02  1.03456440e+01  5.84214796e+02 
 5.51600244e-06  5.83539343e+02  1.03345997e+01  5.84324759e+02 
 5.52100244e-06  5.83649227e+02  1.03235524e+01  5.84434604e+02 
 5.52600244e-06  5.83758993e+02  1.03125020e+01  5.84544331e+02 
 5.53100244e-06  5.83868641e+02  1.03014486e+01  5.84653941e+02 
 5.53600244e-06  5.83978173e+02  1.02903922e+01  5.84763434e+02 
 5.54100244e-06  5.84087586e+02  1.02793327e+01  5.84872808e+02 
 5.54600244e-06  5.84196882e+02  1.02682701e+01  5.84982065e+02 
 5.55100244e-06  5.84306060e+02  1.02572046e+01  5.85091204e+02 
 5.55600244e-06  5.84415120e+02  1.02461360e+01  5.85200225e+02 
 5.56100244e-06  5.84524063e+02  1.02350644e+01  5.85309129e+02 
 5.56600244e-06  5.84632887e+02  1.02239897e+01  5.85417915e+02 
 5.57100244e-06  5.84741594e+02  1.02129120e+01  5.85526582e+02 
 5.57600244e-06  5.84850183e+02  1.02018314e+01  5.85635132e+02 
 5.58100244e-06  5.84958654e+02  1.01907477e+01  5.85743564e+02 
 5.58600244e-06  5.85067008e+02  1.01796609e+01  5.85851878e+02 
 5.59100244e-06  5.85175243e+02  1.01685712e+01  5.85960074e+02 
 5.59600244e-06  5.85283360e+02  1.01574785e+01  5.86068152e+02 
 5.60100244e-06  5.85391360e+02  1.01463828e+01  5.86176112e+02 
 5.60600244e-06  5.85499241e+02  1.01352841e+01  5.86283954e+02 
 5.61100244e-06  5.85607004e+02  1.01241824e+01  5.86391677e+02 
 5.61600244e-06  5.85714649e+02  1.01130777e+01  5.86499283e+02 
 5.62100244e-06  5.85822176e+02  1.01019700e+01  5.86606770e+02 
 5.62600244e-06  5.85929584e+02  1.00908593e+01  5.86714139e+02 
 5.63100244e-06  5.86036875e+02  1.00797456e+01  5.86821390e+02 
 5.63600244e-06  5.86144047e+02  1.00686290e+01  5.86928523e+02 
 5.64100244e-06  5.86251101e+02  1.00575094e+01  5.87035537e+02 
 5.64600244e-06  5.86358037e+02  1.00463868e+01  5.87142433e+02 
 5.65100244e-06  5.86464854e+02  1.00352613e+01  5.87249210e+02 
 5.65600244e-06  5.86571553e+02  1.00241328e+01  5.87355869e+02 
 5.66100244e-06  5.86678133e+02  1.00130013e+01  5.87462410e+02 
 5.66600244e-06  5.86784595e+02  1.00018669e+01  5.87568832e+02 
 5.67100244e-06  5.86890939e+02  9.99072950e+00  5.87675136e+02 
 5.67600244e-06  5.86997164e+02  9.97958917e+00  5.87781321e+02 
 5.68100244e-06  5.87103270e+02  9.96844588e+00  5.87887387e+02 
 5.68600244e-06  5.87209258e+02  9.95729966e+00  5.87993335e+02 
 5.69100244e-06  5.87315128e+02  9.94615049e+00  5.88099165e+02 
 5.69600244e-06  5.87420879e+02  9.93499838e+00  5.88204875e+02 
 5.70100244e-06  5.87526511e+02  9.92384334e+00  5.88310467e+02 
 5.70600244e-06  5.87632024e+02  9.91268537e+00  5.88415940e+02 
 5.71100244e-06  5.87737419e+02  9.90152447e+00  5.88521295e+02 
 5.71600244e-06  5.87842695e+02  9.89036065e+00  5.88626530e+02 
 5.72100244e-06  5.87947852e+02  9.87919390e+00  5.88731647e+02 
 5.72600244e-06  5.88052891e+02  9.86802424e+00  5.88836645e+02 
 5.73100244e-06  5.88157810e+02  9.85685166e+00  5.88941524e+02 
 5.73600244e-06  5.88262611e+02  9.84567617e+00  5.89046284e+02 
 5.74100244e-06  5.88367292e+02  9.83449777e+00  5.89150926e+02 
 5.74600244e-06  5.88471855e+02  9.82331646e+00  5.89255448e+02 
 5.75100244e-06  5.88576299e+02  9.81213226e+00  5.89359851e+02 
 5.75600244e-06  5.88680624e+02  9.80094515e+00  5.89464135e+02 
 5.76100244e-06  5.88784830e+02  9.78975515e+00  5.89568300e+02 
 5.76600244e-06  5.88888917e+02  9.77856226e+00  5.89672346e+02 
 5.77100244e-06  5.88992884e+02  9.76736648e+00  5.89776273e+02 
 5.77600244e-06  5.89096733e+02  9.75616781e+00  5.89880081e+02 
 5.78100244e-06  5.89200462e+02  9.74496627e+00  5.89983769e+02 
 5.78600244e-06  5.89304073e+02  9.73376184e+00  5.90087339e+02 
 5.79100244e-06  5.89407564e+02  9.72255454e+00  5.90190789e+02 
 5.79600244e-06  5.89510935e+02  9.71134437e+00  5.90294119e+02 
 5.80100244e-06  5.89614188e+02  9.70013132e+00  5.90397331e+02 
 5.80600244e-06  5.89717321e+02  9.68891542e+00  5.90500423e+02 
 5.81100244e-06  5.89820335e+02  9.67769665e+00  5.90603396e+02 
 5.81600244e-06  5.89923230e+02  9.66647502e+00  5.90706249e+02 
 5.82100244e-06  5.90026005e+02  9.65525054e+00  5.90808983e+02 
 5.82600244e-06  5.90128660e+02  9.64402320e+00  5.90911597e+02 
 5.83100244e-06  5.90231197e+02  9.63279302e+00  5.91014092e+02 
 5.83600244e-06  5.90333613e+02  9.62155999e+00  5.91116467e+02 
 5.84100244e-06  5.90435911e+02  9.61032412e+00  5.91218723e+02 
 5.84600244e-06  5.90538088e+02  9.59908541e+00  5.91320859e+02 
 5.85100244e-06  5.90640147e+02  9.58784386e+00  5.91422876e+02 
 5.85600244e-06  5.90742085e+02  9.57659948e+00  5.91524773e+02 
 5.86100244e-06  5.90843904e+02  9.56535228e+00  5.91626550e+02 
 5.86600244e-06  5.90945603e+02  9.55410224e+00  5.91728208e+02 
 5.87100244e-06  5.91047183e+02  9.54284939e+00  5.91829746e+02 
 5.87600244e-06  5.91148643e+02  9.53159372e+00  5.91931164e+02 
 5.88100244e-06  5.91249983e+02  9.52033523e+00  5.92032462e+02 
 5.88600244e-06  5.91351203e+02  9.50907393e+00  5.92133640e+02 
 5.89100244e-06  5.91452303e+02  9.49780982e+00  5.92234699e+02 
 5.89600244e-06  5.91553284e+02  9.48654290e+00  5.92335637e+02 
 5.90100244e-06  5.91654145e+02  9.47527318e+00  5.92436456e+02 
 5.90600244e-06  5.91754885e+02  9.46400067e+00  5.92537155e+02 
 5.91100244e-06  5.91855506e+02  9.45272536e+00  5.92637733e+02 
 5.91600244e-06  5.91956007e+02  9.44144725e+00  5.92738192e+02 
 5.92100244e-06  5.92056388e+02  9.43016636e+00  5.92838531e+02 
 5.92600244e-06  5.92156649e+02  9.41888268e+00  5.92938750e+02 
 5.93100244e-06  5.92256790e+02  9.40759622e+00  5.93038848e+02 
 5.93600244e-06  5.92356811e+02  9.39630698e+00  5.93138827e+02 
 5.94100244e-06  5.92456711e+02  9.38501497e+00  5.93238685e+02 
 5.94600244e-06  5.92556492e+02  9.37372018e+00  5.93338423e+02 
 5.95100244e-06  5.92656152e+02  9.36242262e+00  5.93438041e+02 
 5.95600244e-06  5.92755692e+02  9.35112230e+00  5.93537538e+02 
 5.96100244e-06  5.92855112e+02  9.33981922e+00  5.93636916e+02 
 5.96600244e-06  5.92954412e+02  9.32851338e+00  5.93736173e+02 
 5.97100244e-06  5.93053591e+02  9.31720478e+00  5.93835309e+02 
 5.97600244e-06  5.93152650e+02  9.30589343e+00  5.93934326e+02 
 5.98100244e-06  5.93251589e+02  9.29457933e+00  5.94033221e+02 
 5.98600244e-06  5.93350407e+02  9.28326249e+00  5.94131997e+02 
 5.99100244e-06  5.93449105e+02  9.27194290e+00  5.94230652e+02 
 5.99600244e-06  5.93547682e+02  9.26062057e+00  5.94329186e+02 
 6.00100244e-06  5.93646139e+02  9.24929551e+00  5.94427600e+02 
 6.00600244e-06  5.93744476e+02  9.23796772e+00  5.94525894e+02 
 6.01100244e-06  5.93842692e+02  9.22663720e+00  5.94624067e+02 
 6.01600244e-06  5.93940787e+02  9.21530395e+00  5.94722119e+02 
 6.02100244e-06  5.94038762e+02  9.20396799e+00  5.94820051e+02 
 6.02600244e-06  5.94136616e+02  9.19262930e+00  5.94917862e+02 
 6.03100244e-06  5.94234350e+02  9.18128790e+00  5.95015552e+02 
 6.03600244e-06  5.94331963e+02  9.16994378e+00  5.95113122e+02 
 6.04100244e-06  5.94429455e+02  9.15859696e+00  5.95210571e+02 
 6.04600244e-06  5.94526827e+02  9.14724743e+00  5.95307899e+02 
 6.05100244e-06  5.94624077e+02  9.13589520e+00  5.95405106e+02 
 6.05600244e-06  5.94721207e+02  9.12454027e+00  5.95502192e+02 
 6.06100244e-06  5.94818216e+02  9.11318265e+00  5.95599158e+02 
 6.06600244e-06  5.94915105e+02  9.10182233e+00  5.95696003e+02 
 6.07100244e-06  5.95011872e+02  9.09045933e+00  5.95792726e+02 
 6.07600244e-06  5.95108519e+02  9.07909364e+00  5.95889329e+02 
 6.08100244e-06  5.95205044e+02  9.06772527e+00  5.95985811e+02 
 6.08600244e-06  5.95301449e+02  9.05635422e+00  5.96082172e+02 
 6.09100244e-06  5.95397733e+02  9.04498049e+00  5.96178412e+02 
 6.09600244e-06  5.95493895e+02  9.03360410e+00  5.96274531e+02 
 6.10100244e-06  5.95589937e+02  9.02222503e+00  5.96370528e+02 
 6.10600244e-06  5.95685858e+02  9.01084331e+00  5.96466405e+02 
 6.11100244e-06  5.95781657e+02  8.99945892e+00  5.96562160e+02 
 6.11600244e-06  5.95877335e+02  8.98807187e+00  5.96657794e+02 
 6.12100244e-06  5.95972893e+02  8.97668216e+00  5.96753307e+02 
 6.12600244e-06  5.96068329e+02  8.96528981e+00  5.96848699e+02 
 6.13100244e-06  5.96163643e+02  8.95389480e+00  5.96943970e+02 
 6.13600244e-06  5.96258837e+02  8.94249716e+00  5.97039119e+02 
 6.14100244e-06  5.96353909e+02  8.93109687e+00  5.97134147e+02 
 6.14600244e-06  5.96448860e+02  8.91969394e+00  5.97229053e+02 
 6.15100244e-06  5.96543690e+02  8.90828838e+00  5.97323839e+02 
 6.15600244e-06  5.96638398e+02  8.89688019e+00  5.97418502e+02 
 6.16100244e-06  5.96732985e+02  8.88546936e+00  5.97513045e+02 
 6.16600244e-06  5.96827451e+02  8.87405592e+00  5.97607466e+02 
 6.17100244e-06  5.96921795e+02  8.86263985e+00  5.97701765e+02 
 6.17600244e-06  5.97016018e+02  8.85122117e+00  5.97795943e+02 
 6.18100244e-06  5.97110119e+02  8.83979987e+00  5.97889999e+02 
 6.18600244e-06  5.97204098e+02  8.82837596e+00  5.97983934e+02 
 6.19100244e-06  5.97297957e+02  8.81694944e+00  5.98077747e+02 
 6.19600244e-06  5.97391693e+02  8.80552032e+00  5.98171439e+02 
 6.20100244e-06  5.97485308e+02  8.79408860e+00  5.98265009e+02 
 6.20600244e-06  5.97578801e+02  8.78265428e+00  5.98358457e+02 
 6.21100244e-06  5.97672173e+02  8.77121737e+00  5.98451783e+02 
 6.21600244e-06  5.97765423e+02  8.75977786e+00  5.98544988e+02 
 6.22100244e-06  5.97858551e+02  8.74833577e+00  5.98638071e+02 
 6.22600244e-06  5.97951558e+02  8.73689109e+00  5.98731032e+02 
 6.23100244e-06  5.98044443e+02  8.72544384e+00  5.98823872e+02 
 6.23600244e-06  5.98137205e+02  8.71399400e+00  5.98916589e+02 
 6.24100244e-06  5.98229847e+02  8.70254160e+00  5.99009185e+02 
 6.24600244e-06  5.98322366e+02  8.69108662e+00  5.99101659e+02 
 6.25100244e-06  5.98414763e+02  8.67962907e+00  5.99194011e+02 
 6.25600244e-06  5.98507039e+02  8.66816896e+00  5.99286240e+02 
 6.26100244e-06  5.98599192e+02  8.65670630e+00  5.99378348e+02 
 6.26600244e-06  5.98691224e+02  8.64524107e+00  5.99470334e+02 
 6.27100244e-06  5.98783134e+02  8.63377329e+00  5.99562198e+02 
 6.27600244e-06  5.98874921e+02  8.62230296e+00  5.99653940e+02 
 6.28100244e-06  5.98966587e+02  8.61083009e+00  5.99745560e+02 
 6.28600244e-06  5.99058130e+02  8.59935467e+00  5.99837057e+02 
 6.29100244e-06  5.99149552e+02  8.58787671e+00  5.99928433e+02 
 6.29600244e-06  5.99240851e+02  8.57639621e+00  6.00019686e+02 
 6.30100244e-06  5.99332028e+02  8.56491318e+00  6.00110817e+02 
 6.30600244e-06  5.99423083e+02  8.55342763e+00  6.00201826e+02 
 6.31100244e-06  5.99514016e+02  8.54193954e+00  6.00292712e+02 
 6.31600244e-06  5.99604827e+02  8.53044893e+00  6.00383476e+02 
 6.32100244e-06  5.99695515e+02  8.51895581e+00  6.00474118e+02 
 6.32600244e-06  5.99786081e+02  8.50746016e+00  6.00564638e+02 
 6.33100244e-06  5.99876525e+02  8.49596201e+00  6.00655035e+02 
 6.33600244e-06  5.99966846e+02  8.48446134e+00  6.00745310e+02 
 6.34100244e-06  6.00057045e+02  8.47295817e+00  6.00835463e+02 
 6.34600244e-06  6.00147122e+02  8.46145250e+00  6.00925492e+02 
 6.35100244e-06  6.00237076e+02  8.44994432e+00  6.01015400e+02 
 6.35600244e-06  6.00326908e+02  8.43843366e+00  6.01105185e+02 
 6.36100244e-06  6.00416617e+02  8.42692049e+00  6.01194848e+02 
 6.36600244e-06  6.00506204e+02  8.41540484e+00  6.01284387e+02 
 6.37100244e-06  6.00595668e+02  8.40388671e+00  6.01373805e+02 
 6.37600244e-06  6.00685010e+02  8.39236609e+00  6.01463100e+02 
 6.38100244e-06  6.00774229e+02  8.38084300e+00  6.01552272e+02 
 6.38600244e-06  6.00863326e+02  8.36931742e+00  6.01641321e+02 
 6.39100244e-06  6.00952300e+02  8.35778938e+00  6.01730248e+02 
 6.39600244e-06  6.01041151e+02  8.34625887e+00  6.01819052e+02 
 6.40100244e-06  6.01129880e+02  8.33472589e+00  6.01907733e+02 
 6.40600244e-06  6.01218486e+02  8.32319045e+00  6.01996292e+02 
 6.41100244e-06  6.01306969e+02  8.31165256e+00  6.02084728e+02 
 6.41600244e-06  6.01395329e+02  8.30011220e+00  6.02173041e+02 
 6.42100244e-06  6.01483567e+02  8.28856940e+00  6.02261231e+02 
 6.42600244e-06  6.01571682e+02  8.27702415e+00  6.02349298e+02 
 6.43100244e-06  6.01659674e+02  8.26547645e+00  6.02437242e+02 
 6.43600244e-06  6.01747543e+02  8.25392632e+00  6.02525064e+02 
 6.44100244e-06  6.01835289e+02  8.24237374e+00  6.02612762e+02 
 6.44600244e-06  6.01922913e+02  8.23081873e+00  6.02700338e+02 
 6.45100244e-06  6.02010413e+02  8.21926129e+00  6.02787790e+02 
 6.45600244e-06  6.02097791e+02  8.20770142e+00  6.02875120e+02 
 6.46100244e-06  6.02185045e+02  8.19613913e+00  6.02962326e+02 
 6.46600244e-06  6.02272177e+02  8.18457442e+00  6.03049410e+02 
 6.47100244e-06  6.02359185e+02  8.17300729e+00  6.03136370e+02 
 6.47600244e-06  6.02446070e+02  8.16143775e+00  6.03223207e+02 
 6.48100244e-06  6.02532833e+02  8.14986579e+00  6.03309921e+02 
 6.48600244e-06  6.02619472e+02  8.13829143e+00  6.03396512e+02 
 6.49100244e-06  6.02705988e+02  8.12671467e+00  6.03482979e+02 
 6.49600244e-06  6.02792380e+02  8.11513550e+00  6.03569324e+02 
 6.50100244e-06  6.02878650e+02  8.10355394e+00  6.03655545e+02 
 6.50600244e-06  6.02964796e+02  8.09196999e+00  6.03741643e+02 
 6.51100244e-06  6.03050820e+02  8.08038364e+00  6.03827617e+02 
 6.51600244e-06  6.03136720e+02  8.06879491e+00  6.03913468e+02 
 6.52100244e-06  6.03222496e+02  8.05720380e+00  6.03999196e+02 
 6.52600244e-06  6.03308149e+02  8.04561030e+00  6.04084801e+02 
 6.53100244e-06  6.03393679e+02  8.03401443e+00  6.04170282e+02 
 6.53600244e-06  6.03479086e+02  8.02241619e+00  6.04255639e+02 
 6.54100244e-06  6.03564369e+02  8.01081558e+00  6.04340873e+02 
 6.54600244e-06  6.03649529e+02  7.99921260e+00  6.04425984e+02 
 6.55100244e-06  6.03734565e+02  7.98760726e+00  6.04510971e+02 
 6.55600244e-06  6.03819478e+02  7.97599956e+00  6.04595835e+02 
 6.56100244e-06  6.03904267e+02  7.96438951e+00  6.04680575e+02 
 6.56600244e-06  6.03988933e+02  7.95277710e+00  6.04765191e+02 
 6.57100244e-06  6.04073475e+02  7.94116234e+00  6.04849684e+02 
 6.57600244e-06  6.04157894e+02  7.92954524e+00  6.04934053e+02 
 6.58100244e-06  6.04242189e+02  7.91792580e+00  6.05018299e+02 
 6.58600244e-06  6.04326360e+02  7.90630402e+00  6.05102420e+02 
 6.59100244e-06  6.04410408e+02  7.89467990e+00  6.05186418e+02 
 6.59600244e-06  6.04494332e+02  7.88305345e+00  6.05270293e+02 
 6.60100244e-06  6.04578132e+02  7.87142467e+00  6.05354043e+02 
 6.60600244e-06  6.04661809e+02  7.85979357e+00  6.05437670e+02 
 6.61100244e-06  6.04745362e+02  7.84816015e+00  6.05521173e+02 
 6.61600244e-06  6.04828791e+02  7.83652441e+00  6.05604552e+02 
 6.62100244e-06  6.04912097e+02  7.82488636e+00  6.05687808e+02 
 6.62600244e-06  6.04995278e+02  7.81324599e+00  6.05770939e+02 
 6.63100244e-06  6.05078336e+02  7.80160332e+00  6.05853947e+02 
 6.63600244e-06  6.05161270e+02  7.78995834e+00  6.05936830e+02 
 6.64100244e-06  6.05244080e+02  7.77831106e+00  6.06019590e+02 
 6.64600244e-06  6.05326766e+02  7.76666149e+00  6.06102225e+02 
 6.65100244e-06  6.05409328e+02  7.75500962e+00  6.06184737e+02 
 6.65600244e-06  6.05491766e+02  7.74335546e+00  6.06267124e+02 
 6.66100244e-06  6.05574080e+02  7.73169902e+00  6.06349388e+02 
 6.66600244e-06  6.05656270e+02  7.72004029e+00  6.06431527e+02 
 6.67100244e-06  6.05738336e+02  7.70837928e+00  6.06513543e+02 
 6.67600244e-06  6.05820278e+02  7.69671599e+00  6.06595434e+02 
 6.68100244e-06  6.05902096e+02  7.68505044e+00  6.06677201e+02 
 6.68600244e-06  6.05983790e+02  7.67338261e+00  6.06758844e+02 
 6.69100244e-06  6.06065359e+02  7.66171251e+00  6.06840362e+02 
 6.69600244e-06  6.06146805e+02  7.65004016e+00  6.06921757e+02 
 6.70100244e-06  6.06228126e+02  7.63836554e+00  6.07003027e+02 
 6.70600244e-06  6.06309323e+02  7.62668867e+00  6.07084173e+02 
 6.71100244e-06  6.06390396e+02  7.61500955e+00  6.07165194e+02 
 6.71600244e-06  6.06471345e+02  7.60332817e+00  6.07246091e+02 
 6.72100244e-06  6.06552169e+02  7.59164456e+00  6.07326864e+02 
 6.72600244e-06  6.06632869e+02  7.57995870e+00  6.07407513e+02 
 6.73100244e-06  6.06713445e+02  7.56827060e+00  6.07488037e+02 
 6.73600244e-06  6.06793896e+02  7.55658026e+00  6.07568436e+02 
 6.74100244e-06  6.06874223e+02  7.54488770e+00  6.07648712e+02 
 6.74600244e-06  6.06954426e+02  7.53319290e+00  6.07728862e+02 
 6.75100244e-06  6.07034504e+02  7.52149589e+00  6.07808889e+02 
 6.75600244e-06  6.07114457e+02  7.50979665e+00  6.07888790e+02 
 6.76100244e-06  6.07194287e+02  7.49809519e+00  6.07968568e+02 
 6.76600244e-06  6.07273991e+02  7.48639152e+00  6.08048220e+02 
 6.77100244e-06  6.07353572e+02  7.47468564e+00  6.08127748e+02 
 6.77600244e-06  6.07433027e+02  7.46297755e+00  6.08207152e+02 
 6.78100244e-06  6.07512358e+02  7.45126725e+00  6.08286430e+02 
 6.78600244e-06  6.07591565e+02  7.43955476e+00  6.08365584e+02 
 6.79100244e-06  6.07670647e+02  7.42784007e+00  6.08444614e+02 
 6.79600244e-06  6.07749604e+02  7.41612318e+00  6.08523518e+02 
 6.80100244e-06  6.07828436e+02  7.40440411e+00  6.08602298e+02 
 6.80600244e-06  6.07907144e+02  7.39268285e+00  6.08680954e+02 
 6.81100244e-06  6.07985728e+02  7.38095940e+00  6.08759484e+02 
 6.81600244e-06  6.08064186e+02  7.36923378e+00  6.08837890e+02 
 6.82100244e-06  6.08142520e+02  7.35750598e+00  6.08916170e+02 
 6.82600244e-06  6.08220729e+02  7.34577601e+00  6.08994326e+02 
 6.83100244e-06  6.08298813e+02  7.33404386e+00  6.09072357e+02 
 6.83600244e-06  6.08376772e+02  7.32230956e+00  6.09150264e+02 
 6.84100244e-06  6.08454607e+02  7.31057308e+00  6.09228045e+02 
 6.84600244e-06  6.08532316e+02  7.29883446e+00  6.09305701e+02 
 6.85100244e-06  6.08609901e+02  7.28709367e+00  6.09383233e+02 
 6.85600244e-06  6.08687361e+02  7.27535073e+00  6.09460639e+02 
 6.86100244e-06  6.08764696e+02  7.26360565e+00  6.09537920e+02 
 6.86600244e-06  6.08841906e+02  7.25185842e+00  6.09615077e+02 
 6.87100244e-06  6.08918990e+02  7.24010905e+00  6.09692108e+02 
 6.87600244e-06  6.08995950e+02  7.22835754e+00  6.09769014e+02 
 6.88100244e-06  6.09072785e+02  7.21660389e+00  6.09845795e+02 
 6.88600244e-06  6.09149495e+02  7.20484812e+00  6.09922451e+02 
 6.89100244e-06  6.09226080e+02  7.19309022e+00  6.09998982e+02 
 6.89600244e-06  6.09302540e+02  7.18133019e+00  6.10075387e+02 
 6.90100244e-06  6.09378874e+02  7.16956804e+00  6.10151668e+02 
 6.90600244e-06  6.09455084e+02  7.15780378e+00  6.10227823e+02 
 6.91100244e-06  6.09531168e+02  7.14603740e+00  6.10303853e+02 
 6.91600244e-06  6.09607127e+02  7.13426891e+00  6.10379757e+02 
 6.92100244e-06  6.09682961e+02  7.12249832e+00  6.10455537e+02 
 6.92600244e-06  6.09758669e+02  7.11072562e+00  6.10531191e+02 
 6.93100244e-06  6.09834253e+02  7.09895082e+00  6.10606720e+02 
 6.93600244e-06  6.09909711e+02  7.08717393e+00  6.10682123e+02 
 6.94100244e-06  6.09985044e+02  7.07539494e+00  6.10757401e+02 
 6.94600244e-06  6.10060251e+02  7.06361386e+00  6.10832554e+02 
 6.95100244e-06  6.10135333e+02  7.05183070e+00  6.10907581e+02 
 6.95600244e-06  6.10210290e+02  7.04004545e+00  6.10982483e+02 
 6.96100244e-06  6.10285121e+02  7.02825813e+00  6.11057259e+02 
 6.96600244e-06  6.10359827e+02  7.01646873e+00  6.11131910e+02 
 6.97100244e-06  6.10434408e+02  7.00467726e+00  6.11206435e+02 
 6.97600244e-06  6.10508863e+02  6.99288372e+00  6.11280835e+02 
 6.98100244e-06  6.10583193e+02  6.98108812e+00  6.11355109e+02 
 6.98600244e-06  6.10657397e+02  6.96929045e+00  6.11429257e+02 
 6.99100244e-06  6.10731476e+02  6.95749073e+00  6.11503280e+02 
 6.99600244e-06  6.10805429e+02  6.94568895e+00  6.11577178e+02 
 7.00100244e-06  6.10879256e+02  6.93388512e+00  6.11650949e+02 
 7.00600244e-06  6.10952958e+02  6.92207925e+00  6.11724595e+02 
 7.01100244e-06  6.11026534e+02  6.91027133e+00  6.11798116e+02 
 7.01600244e-06  6.11099985e+02  6.89846136e+00  6.11871510e+02 
 7.02100244e-06  6.11173310e+02  6.88664937e+00  6.11944779e+02 
 7.02600244e-06  6.11246510e+02  6.87483534e+00  6.12017923e+02 
 7.03100244e-06  6.11319583e+02  6.86301927e+00  6.12090940e+02 
 7.03600244e-06  6.11392531e+02  6.85120119e+00  6.12163832e+02 
 7.04100244e-06  6.11465353e+02  6.83938107e+00  6.12236597e+02 
 7.04600244e-06  6.11538050e+02  6.82755894e+00  6.12309237e+02 
 7.05100244e-06  6.11610621e+02  6.81573480e+00  6.12381751e+02 
 7.05600244e-06  6.11683066e+02  6.80390864e+00  6.12454139e+02 
 7.06100244e-06  6.11755385e+02  6.79208047e+00  6.12526402e+02 
 7.06600244e-06  6.11827578e+02  6.78025030e+00  6.12598538e+02 
 7.07100244e-06  6.11899645e+02  6.76841812e+00  6.12670548e+02 
 7.07600244e-06  6.11971587e+02  6.75658395e+00  6.12742433e+02 
 7.08100244e-06  6.12043402e+02  6.74474778e+00  6.12814191e+02 
 7.08600244e-06  6.12115092e+02  6.73290962e+00  6.12885824e+02 
 7.09100244e-06  6.12186656e+02  6.72106947e+00  6.12957330e+02 
 7.09600244e-06  6.12258093e+02  6.70922734e+00  6.13028710e+02 
 7.10100244e-06  6.12329405e+02  6.69738322e+00  6.13099964e+02 
 7.10600244e-06  6.12400591e+02  6.68553713e+00  6.13171092e+02 
 7.11100244e-06  6.12471651e+02  6.67368906e+00  6.13242094e+02 
 7.11600244e-06  6.12542584e+02  6.66183903e+00  6.13312970e+02 
 7.12100244e-06  6.12613392e+02  6.64998702e+00  6.13383720e+02 
 7.12600244e-06  6.12684073e+02  6.63813306e+00  6.13454343e+02 
 7.13100244e-06  6.12754629e+02  6.62627713e+00  6.13524841e+02 
 7.13600244e-06  6.12825058e+02  6.61441925e+00  6.13595212e+02 
 7.14100244e-06  6.12895361e+02  6.60255941e+00  6.13665457e+02 
 7.14600244e-06  6.12965538e+02  6.59069762e+00  6.13735575e+02 
 7.15100244e-06  6.13035589e+02  6.57883389e+00  6.13805567e+02 
 7.15600244e-06  6.13105513e+02  6.56696822e+00  6.13875433e+02 
 7.16100244e-06  6.13175311e+02  6.55510060e+00  6.13945173e+02 
 7.16600244e-06  6.13244983e+02  6.54323106e+00  6.14014786e+02 
 7.17100244e-06  6.13314529e+02  6.53135957e+00  6.14084273e+02 
 7.17600244e-06  6.13383948e+02  6.51948617e+00  6.14153633e+02 
 7.18100244e-06  6.13453241e+02  6.50761083e+00  6.14222867e+02 
 7.18600244e-06  6.13522408e+02  6.49573358e+00  6.14291975e+02 
 7.19100244e-06  6.13591448e+02  6.48385440e+00  6.14360956e+02 
 7.19600244e-06  6.13660362e+02  6.47197331e+00  6.14429811e+02 
 7.20100244e-06  6.13729150e+02  6.46009032e+00  6.14498539e+02 
 7.20600244e-06  6.13797811e+02  6.44820541e+00  6.14567141e+02 
 7.21100244e-06  6.13866346e+02  6.43631860e+00  6.14635616e+02 
 7.21600244e-06  6.13934754e+02  6.42442989e+00  6.14703964e+02 
 7.22100244e-06  6.14003036e+02  6.41253928e+00  6.14772186e+02 
 7.22600244e-06  6.14071191e+02  6.40064678e+00  6.14840281e+02 
 7.23100244e-06  6.14139220e+02  6.38875239e+00  6.14908250e+02 
 7.23600244e-06  6.14207122e+02  6.37685612e+00  6.14976092e+02 
 7.24100244e-06  6.14274898e+02  6.36495796e+00  6.15043808e+02 
 7.24600244e-06  6.14342547e+02  6.35305792e+00  6.15111396e+02 
 7.25100244e-06  6.14410069e+02  6.34115600e+00  6.15178858e+02 
 7.25600244e-06  6.14477465e+02  6.32925222e+00  6.15246194e+02 
 7.26100244e-06  6.14544734e+02  6.31734656e+00  6.15313402e+02 
 7.26600244e-06  6.14611876e+02  6.30543904e+00  6.15380484e+02 
 7.27100244e-06  6.14678892e+02  6.29352966e+00  6.15447439e+02 
 7.27600244e-06  6.14745781e+02  6.28161842e+00  6.15514267e+02 
 7.28100244e-06  6.14812544e+02  6.26970533e+00  6.15580968e+02 
 7.28600244e-06  6.14879179e+02  6.25779038e+00  6.15647543e+02 
 7.29100244e-06  6.14945688e+02  6.24587359e+00  6.15713990e+02 
 7.29600244e-06  6.15012070e+02  6.23395495e+00  6.15780311e+02 
 7.30100244e-06  6.15078325e+02  6.22203448e+00  6.15846505e+02 
 7.30600244e-06  6.15144454e+02  6.21011216e+00  6.15912572e+02 
 7.31100244e-06  6.15210455e+02  6.19818801e+00  6.15978512e+02 
 7.31600244e-06  6.15276330e+02  6.18626204e+00  6.16044325e+02 
 7.32100244e-06  6.15342078e+02  6.17433423e+00  6.16110011e+02 
 7.32600244e-06  6.15407699e+02  6.16240460e+00  6.16175570e+02 
 7.33100244e-06  6.15473193e+02  6.15047316e+00  6.16241002e+02 
 7.33600244e-06  6.15538560e+02  6.13853990e+00  6.16306307e+02 
 7.34100244e-06  6.15603800e+02  6.12660482e+00  6.16371485e+02 
 7.34600244e-06  6.15668913e+02  6.11466794e+00  6.16436535e+02 
 7.35100244e-06  6.15733899e+02  6.10272925e+00  6.16501459e+02 
 7.35600244e-06  6.15798759e+02  6.09078876e+00  6.16566256e+02 
 7.36100244e-06  6.15863491e+02  6.07884647e+00  6.16630925e+02 
 7.36600244e-06  6.15928096e+02  6.06690239e+00  6.16695467e+02 
 7.37100244e-06  6.15992574e+02  6.05495652e+00  6.16759882e+02 
 7.37600244e-06  6.16056925e+02  6.04300886e+00  6.16824170e+02 
 7.38100244e-06  6.16121148e+02  6.03105941e+00  6.16888331e+02 
 7.38600244e-06  6.16185245e+02  6.01910818e+00  6.16952364e+02 
 7.39100244e-06  6.16249214e+02  6.00715518e+00  6.17016270e+02 
 7.39600244e-06  6.16313057e+02  5.99520041e+00  6.17080049e+02 
 7.40100244e-06  6.16376772e+02  5.98324386e+00  6.17143701e+02 
 7.40600244e-06  6.16440360e+02  5.97128555e+00  6.17207225e+02 
 7.41100244e-06  6.16503821e+02  5.95932547e+00  6.17270622e+02 
 7.41600244e-06  6.16567154e+02  5.94736364e+00  6.17333891e+02 
 7.42100244e-06  6.16630360e+02  5.93540005e+00  6.17397033e+02 
 7.42600244e-06  6.16693439e+02  5.92343471e+00  6.17460048e+02 
 7.43100244e-06  6.16756391e+02  5.91146762e+00  6.17522935e+02 
 7.43600244e-06  6.16819215e+02  5.89949878e+00  6.17585695e+02 
 7.44100244e-06  6.16881912e+02  5.88752820e+00  6.17648328e+02 
 7.44600244e-06  6.16944481e+02  5.87555589e+00  6.17710833e+02 
 7.45100244e-06  6.17006924e+02  5.86358184e+00  6.17773210e+02 
 7.45600244e-06  6.17069239e+02  5.85160606e+00  6.17835460e+02 
 7.46100244e-06  6.17131426e+02  5.83962855e+00  6.17897583e+02 
 7.46600244e-06  6.17193486e+02  5.82764931e+00  6.17959577e+02 
 7.47100244e-06  6.17255418e+02  5.81566836e+00  6.18021445e+02 
 7.47600244e-06  6.17317224e+02  5.80368569e+00  6.18083185e+02 
 7.48100244e-06  6.17378901e+02  5.79170131e+00  6.18144797e+02 
 7.48600244e-06  6.17440451e+02  5.77971522e+00  6.18206281e+02 
 7.49100244e-06  6.17501874e+02  5.76772742e+00  6.18267638e+02 
 7.49600244e-06  6.17563169e+02  5.75573792e+00  6.18328867e+02 
 7.50100244e-06  6.17624336e+02  5.74374672e+00  6.18389969e+02 
 7.50600244e-06  6.17685376e+02  5.73175382e+00  6.18450943e+02 
 7.51100244e-06  6.17746288e+02  5.71975924e+00  6.18511789e+02 
 7.51600244e-06  6.17807073e+02  5.70776296e+00  6.18572507e+02 
 7.52100244e-06  6.17867730e+02  5.69576500e+00  6.18633098e+02 
 7.52600244e-06  6.17928260e+02  5.68376536e+00  6.18693561e+02 
 7.53100244e-06  6.17988661e+02  5.67176404e+00  6.18753896e+02 
 7.53600244e-06  6.18048935e+02  5.65976105e+00  6.18814103e+02 
 7.54100244e-06  6.18109082e+02  5.64775638e+00  6.18874182e+02 
 7.54600244e-06  6.18169100e+02  5.63575005e+00  6.18934134e+02 
 7.55100244e-06  6.18228991e+02  5.62374205e+00  6.18993958e+02 
 7.55600244e-06  6.18288754e+02  5.61173240e+00  6.19053654e+02 
 7.56100244e-06  6.18348390e+02  5.59972109e+00  6.19113222e+02 
 7.56600244e-06  6.18407897e+02  5.58770812e+00  6.19172662e+02 
 7.57100244e-06  6.18467277e+02  5.57569351e+00  6.19231974e+02 
 7.57600244e-06  6.18526529e+02  5.56367725e+00  6.19291158e+02 
 7.58100244e-06  6.18585653e+02  5.55165935e+00  6.19350214e+02 
 7.58600244e-06  6.18644650e+02  5.53963981e+00  6.19409142e+02 
 7.59100244e-06  6.18703518e+02  5.52761863e+00  6.19467942e+02 
 7.59600244e-06  6.18762259e+02  5.51559582e+00  6.19526615e+02 
 7.60100244e-06  6.18820871e+02  5.50357139e+00  6.19585159e+02 
 7.60600244e-06  6.18879356e+02  5.49154533e+00  6.19643575e+02 
 7.61100244e-06  6.18937712e+02  5.47951765e+00  6.19701863e+02 
 7.61600244e-06  6.18995941e+02  5.46748835e+00  6.19760023e+02 
 7.62100244e-06  6.19054042e+02  5.45545744e+00  6.19818054e+02 
 7.62600244e-06  6.19112015e+02  5.44342492e+00  6.19875958e+02 
 7.63100244e-06  6.19169860e+02  5.43139079e+00  6.19933733e+02 
 7.63600244e-06  6.19227576e+02  5.41935506e+00  6.19991381e+02 
 7.64100244e-06  6.19285165e+02  5.40731773e+00  6.20048900e+02 
 7.64600244e-06  6.19342626e+02  5.39527880e+00  6.20106291e+02 
 7.65100244e-06  6.19399958e+02  5.38323828e+00  6.20163554e+02 
 7.65600244e-06  6.19457163e+02  5.37119617e+00  6.20220688e+02 
 7.66100244e-06  6.19514239e+02  5.35915248e+00  6.20277694e+02 
 7.66600244e-06  6.19571187e+02  5.34710720e+00  6.20334572e+02 
 7.67100244e-06  6.19628007e+02  5.33506035e+00  6.20391322e+02 
 7.67600244e-06  6.19684699e+02  5.32301192e+00  6.20447943e+02 
 7.68100244e-06  6.19741263e+02  5.31096192e+00  6.20504436e+02 
 7.68600244e-06  6.19797698e+02  5.29891036e+00  6.20560801e+02 
 7.69100244e-06  6.19854005e+02  5.28685723e+00  6.20617037e+02 
 7.69600244e-06  6.19910184e+02  5.27480254e+00  6.20673145e+02 
 7.70100244e-06  6.19966235e+02  5.26274629e+00  6.20729125e+02 
 7.70600244e-06  6.20022158e+02  5.25068849e+00  6.20784976e+02 
 7.71100244e-06  6.20077952e+02  5.23862914e+00  6.20840699e+02 
 7.71600244e-06  6.20133618e+02  5.22656824e+00  6.20896293e+02 
 7.72100244e-06  6.20189156e+02  5.21450580e+00  6.20951759e+02 
 7.72600244e-06  6.20244565e+02  5.20244182e+00  6.21007096e+02 
 7.73100244e-06  6.20299846e+02  5.19037631e+00  6.21062305e+02 
 7.73600244e-06  6.20354998e+02  5.17830926e+00  6.21117385e+02 
 7.74100244e-06  6.20410023e+02  5.16624069e+00  6.21172337e+02 
 7.74600244e-06  6.20464918e+02  5.15417059e+00  6.21227160e+02 
 7.75100244e-06  6.20519686e+02  5.14209897e+00  6.21281855e+02 
 7.75600244e-06  6.20574325e+02  5.13002584e+00  6.21336421e+02 
 7.76100244e-06  6.20628835e+02  5.11795119e+00  6.21390858e+02 
 7.76600244e-06  6.20683217e+02  5.10587503e+00  6.21445167e+02 
 7.77100244e-06  6.20737471e+02  5.09379736e+00  6.21499347e+02 
 7.77600244e-06  6.20791596e+02  5.08171819e+00  6.21553399e+02 
 7.78100244e-06  6.20845592e+02  5.06963752e+00  6.21607322e+02 
 7.78600244e-06  6.20899461e+02  5.05755535e+00  6.21661116e+02 
 7.79100244e-06  6.20953200e+02  5.04547169e+00  6.21714782e+02 
 7.79600244e-06  6.21006811e+02  5.03338654e+00  6.21768319e+02 
 7.80100244e-06  6.21060293e+02  5.02129991e+00  6.21821727e+02 
 7.80600244e-06  6.21113647e+02  5.00921180e+00  6.21875006e+02 
 7.81100244e-06  6.21166872e+02  4.99712220e+00  6.21928157e+02 
 7.81600244e-06  6.21219969e+02  4.98503113e+00  6.21981178e+02 
 7.82100244e-06  6.21272937e+02  4.97293860e+00  6.22034071e+02 
 7.82600244e-06  6.21325776e+02  4.96084459e+00  6.22086836e+02 
 7.83100244e-06  6.21378487e+02  4.94874912e+00  6.22139471e+02 
 7.83600244e-06  6.21431069e+02  4.93665219e+00  6.22191977e+02 
 7.84100244e-06  6.21483522e+02  4.92455380e+00  6.22244355e+02 
 7.84600244e-06  6.21535846e+02  4.91245396e+00  6.22296604e+02 
 7.85100244e-06  6.21588042e+02  4.90035267e+00  6.22348724e+02 
 7.85600244e-06  6.21640109e+02  4.88824993e+00  6.22400715e+02 
 7.86100244e-06  6.21692047e+02  4.87614576e+00  6.22452577e+02 
 7.86600244e-06  6.21743857e+02  4.86404014e+00  6.22504310e+02 
 7.87100244e-06  6.21795538e+02  4.85193309e+00  6.22555914e+02 
 7.87600244e-06  6.21847089e+02  4.83982460e+00  6.22607389e+02 
 7.88100244e-06  6.21898513e+02  4.82771469e+00  6.22658735e+02 
 7.88600244e-06  6.21949807e+02  4.81560335e+00  6.22709953e+02 
 7.89100244e-06  6.22000972e+02  4.80349060e+00  6.22761041e+02 
 7.89600244e-06  6.22052009e+02  4.79137642e+00  6.22812000e+02 
 7.90100244e-06  6.22102916e+02  4.77926083e+00  6.22862830e+02 
 7.90600244e-06  6.22153695e+02  4.76714383e+00  6.22913531e+02 
 7.91100244e-06  6.22204345e+02  4.75502543e+00  6.22964103e+02 
 7.91600244e-06  6.22254866e+02  4.74290562e+00  6.23014545e+02 
 7.92100244e-06  6.22305258e+02  4.73078441e+00  6.23064859e+02 
 7.92600244e-06  6.22355521e+02  4.71866181e+00  6.23115044e+02 
 7.93100244e-06  6.22405655e+02  4.70653781e+00  6.23165099e+02 
 7.93600244e-06  6.22455660e+02  4.69441243e+00  6.23215025e+02 
 7.94100244e-06  6.22505536e+02  4.68228566e+00  6.23264822e+02 
 7.94600244e-06  6.22555283e+02  4.67015751e+00  6.23314490e+02 
 7.95100244e-06  6.22604901e+02  4.65802798e+00  6.23364029e+02 
 7.95600244e-06  6.22654390e+02  4.64589708e+00  6.23413438e+02 
 7.96100244e-06  6.22703750e+02  4.63376480e+00  6.23462718e+02 
 7.96600244e-06  6.22752981e+02  4.62163116e+00  6.23511869e+02 
 7.97100244e-06  6.22802082e+02  4.60949616e+00  6.23560891e+02 
 7.97600244e-06  6.22851055e+02  4.59735979e+00  6.23609783e+02 
 7.98100244e-06  6.22899899e+02  4.58522207e+00  6.23658546e+02 
 7.98600244e-06  6.22948613e+02  4.57308300e+00  6.23707180e+02 
 7.99100244e-06  6.22997198e+02  4.56094258e+00  6.23755684e+02 
 7.99600244e-06  6.23045654e+02  4.54880081e+00  6.23804059e+02 
 8.00100244e-06  6.23093981e+02  4.53665770e+00  6.23852305e+02 
 8.00600244e-06  6.23142179e+02  4.52451325e+00  6.23900421e+02 
 8.01100244e-06  6.23190247e+02  4.51236747e+00  6.23948408e+02 
 8.01600244e-06  6.23238187e+02  4.50022035e+00  6.23996265e+02 
 8.02100244e-06  6.23285997e+02  4.48807191e+00  6.24043993e+02 
 8.02600244e-06  6.23333678e+02  4.47592214e+00  6.24091592e+02 
 8.03100244e-06  6.23381229e+02  4.46377106e+00  6.24139061e+02 
 8.03600244e-06  6.23428651e+02  4.45161866e+00  6.24186400e+02 
 8.04100244e-06  6.23475944e+02  4.43946494e+00  6.24233610e+02 
 8.04600244e-06  6.23523108e+02  4.42730991e+00  6.24280691e+02 
 8.05100244e-06  6.23570142e+02  4.41515358e+00  6.24327642e+02 
 8.05600244e-06  6.23617047e+02  4.40299595e+00  6.24374464e+02 
 8.06100244e-06  6.23663823e+02  4.39083701e+00  6.24421156e+02 
 8.06600244e-06  6.23710470e+02  4.37867679e+00  6.24467718e+02 
 8.07100244e-06  6.23756987e+02  4.36651527e+00  6.24514151e+02 
 8.07600244e-06  6.23803374e+02  4.35435246e+00  6.24560454e+02 
 8.08100244e-06  6.23849632e+02  4.34218837e+00  6.24606628e+02 
 8.08600244e-06  6.23895761e+02  4.33002299e+00  6.24652672e+02 
 8.09100244e-06  6.23941760e+02  4.31785634e+00  6.24698586e+02 
 8.09600244e-06  6.23987630e+02  4.30568842e+00  6.24744371e+02 
 8.10100244e-06  6.24033371e+02  4.29351923e+00  6.24790026e+02 
 8.10600244e-06  6.24078982e+02  4.28134877e+00  6.24835552e+02 
 8.11100244e-06  6.24124463e+02  4.26917704e+00  6.24880947e+02 
 8.11600244e-06  6.24169815e+02  4.25700406e+00  6.24926213e+02 
 8.12100244e-06  6.24215038e+02  4.24482982e+00  6.24971350e+02 
 8.12600244e-06  6.24260131e+02  4.23265433e+00  6.25016356e+02 
 8.13100244e-06  6.24305094e+02  4.22047759e+00  6.25061233e+02 
 8.13600244e-06  6.24349928e+02  4.20829961e+00  6.25105980e+02 
 8.14100244e-06  6.24394633e+02  4.19612039e+00  6.25150597e+02 
 8.14600244e-06  6.24439207e+02  4.18393993e+00  6.25195085e+02 
 8.15100244e-06  6.24483653e+02  4.17175823e+00  6.25239442e+02 
 8.15600244e-06  6.24527968e+02  4.15957530e+00  6.25283670e+02 
 8.16100244e-06  6.24572154e+02  4.14739115e+00  6.25327768e+02 
 8.16600244e-06  6.24616211e+02  4.13520578e+00  6.25371736e+02 
 8.17100244e-06  6.24660137e+02  4.12301918e+00  6.25415574e+02 
 8.17600244e-06  6.24703934e+02  4.11083137e+00  6.25459283e+02 
 8.18100244e-06  6.24747602e+02  4.09864235e+00  6.25502861e+02 
 8.18600244e-06  6.24791139e+02  4.08645211e+00  6.25546309e+02 
 8.19100244e-06  6.24834548e+02  4.07426068e+00  6.25589628e+02 
 8.19600244e-06  6.24877826e+02  4.06206804e+00  6.25632817e+02 
 8.20100244e-06  6.24920974e+02  4.04987420e+00  6.25675875e+02 
 8.20600244e-06  6.24963993e+02  4.03767917e+00  6.25718804e+02 
 8.21100244e-06  6.25006883e+02  4.02548295e+00  6.25761603e+02 
 8.21600244e-06  6.25049642e+02  4.01328554e+00  6.25804271e+02 
 8.22100244e-06  6.25092272e+02  4.00108695e+00  6.25846810e+02 
 8.22600244e-06  6.25134771e+02  3.98888718e+00  6.25889219e+02 
 8.23100244e-06  6.25177142e+02  3.97668623e+00  6.25931497e+02 
 8.23600244e-06  6.25219382e+02  3.96448411e+00  6.25973646e+02 
 8.24100244e-06  6.25261492e+02  3.95228082e+00  6.26015665e+02 
 8.24600244e-06  6.25303473e+02  3.94007636e+00  6.26057553e+02 
 8.25100244e-06  6.25345324e+02  3.92787074e+00  6.26099311e+02 
 8.25600244e-06  6.25387045e+02  3.91566397e+00  6.26140940e+02 
 8.26100244e-06  6.25428636e+02  3.90345604e+00  6.26182438e+02 
 8.26600244e-06  6.25470097e+02  3.89124696e+00  6.26223806e+02 
 8.27100244e-06  6.25511428e+02  3.87903673e+00  6.26265043e+02 
 8.27600244e-06  6.25552629e+02  3.86682536e+00  6.26306151e+02 
 8.28100244e-06  6.25593701e+02  3.85461285e+00  6.26347128e+02 
 8.28600244e-06  6.25634643e+02  3.84239920e+00  6.26387976e+02 
 8.29100244e-06  6.25675454e+02  3.83018442e+00  6.26428693e+02 
 8.29600244e-06  6.25716136e+02  3.81796851e+00  6.26469280e+02 
 8.30100244e-06  6.25756687e+02  3.80575147e+00  6.26509736e+02 
 8.30600244e-06  6.25797109e+02  3.79353332e+00  6.26550062e+02 
 8.31100244e-06  6.25837401e+02  3.78131404e+00  6.26590259e+02 
 8.31600244e-06  6.25877563e+02  3.76909365e+00  6.26630324e+02 
 8.32100244e-06  6.25917594e+02  3.75687215e+00  6.26670260e+02 
 8.32600244e-06  6.25957496e+02  3.74464954e+00  6.26710065e+02 
 8.33100244e-06  6.25997268e+02  3.73242582e+00  6.26749740e+02 
 8.33600244e-06  6.26036909e+02  3.72020101e+00  6.26789284e+02 
 8.34100244e-06  6.26076421e+02  3.70797510e+00  6.26828699e+02 
 8.34600244e-06  6.26115802e+02  3.69574810e+00  6.26867982e+02 
 8.35100244e-06  6.26155054e+02  3.68352000e+00  6.26907136e+02 
 8.35600244e-06  6.26194175e+02  3.67129083e+00  6.26946159e+02 
 8.36100244e-06  6.26233166e+02  3.65906057e+00  6.26985052e+02 
 8.36600244e-06  6.26272028e+02  3.64682923e+00  6.27023814e+02 
 8.37100244e-06  6.26310759e+02  3.63459681e+00  6.27062446e+02 
 8.37600244e-06  6.26349359e+02  3.62236333e+00  6.27100947e+02 
 8.38100244e-06  6.26387830e+02  3.61012877e+00  6.27139318e+02 
 8.38600244e-06  6.26426171e+02  3.59789316e+00  6.27177559e+02 
 8.39100244e-06  6.26464381e+02  3.58565648e+00  6.27215669e+02 
 8.39600244e-06  6.26502461e+02  3.57341874e+00  6.27253648e+02 
 8.40100244e-06  6.26540411e+02  3.56117996e+00  6.27291497e+02 
 8.40600244e-06  6.26578231e+02  3.54894012e+00  6.27329216e+02 
 8.41100244e-06  6.26615921e+02  3.53669924e+00  6.27366804e+02 
 8.41600244e-06  6.26653480e+02  3.52445731e+00  6.27404261e+02 
 8.42100244e-06  6.26690909e+02  3.51221435e+00  6.27441588e+02 
 8.42600244e-06  6.26728208e+02  3.49997035e+00  6.27478784e+02 
 8.43100244e-06  6.26765376e+02  3.48772532e+00  6.27515850e+02 
 8.43600244e-06  6.26802415e+02  3.47547926e+00  6.27552785e+02 
 8.44100244e-06  6.26839323e+02  3.46323218e+00  6.27589590e+02 
 8.44600244e-06  6.26876101e+02  3.45098408e+00  6.27626263e+02 
 8.45100244e-06  6.26912748e+02  3.43873496e+00  6.27662807e+02 
 8.45600244e-06  6.26949265e+02  3.42648482e+00  6.27699219e+02 
 8.46100244e-06  6.26985652e+02  3.41423368e+00  6.27735501e+02 
 8.46600244e-06  6.27021908e+02  3.40198153e+00  6.27771652e+02 
 8.47100244e-06  6.27058034e+02  3.38972838e+00  6.27807673e+02 
 8.47600244e-06  6.27094030e+02  3.37747423e+00  6.27843563e+02 
 8.48100244e-06  6.27129896e+02  3.36521908e+00  6.27879322e+02 
 8.48600244e-06  6.27165631e+02  3.35296295e+00  6.27914950e+02 
 8.49100244e-06  6.27201235e+02  3.34070582e+00  6.27950448e+02 
 8.49600244e-06  6.27236709e+02  3.32844772e+00  6.27985815e+02 
 8.50100244e-06  6.27272053e+02  3.31618863e+00  6.28021051e+02 
 8.50600244e-06  6.27307267e+02  3.30392856e+00  6.28056156e+02 
 8.51100244e-06  6.27342350e+02  3.29166752e+00  6.28091131e+02 
 8.51600244e-06  6.27377302e+02  3.27940551e+00  6.28125974e+02 
 8.52100244e-06  6.27412124e+02  3.26714254e+00  6.28160687e+02 
 8.52600244e-06  6.27446816e+02  3.25487860e+00  6.28195269e+02 
 8.53100244e-06  6.27481377e+02  3.24261370e+00  6.28229721e+02 
 8.53600244e-06  6.27515808e+02  3.23034785e+00  6.28264041e+02 
 8.54100244e-06  6.27550108e+02  3.21808105e+00  6.28298230e+02 
 8.54600244e-06  6.27584277e+02  3.20581330e+00  6.28332289e+02 
 8.55100244e-06  6.27618317e+02  3.19354460e+00  6.28366217e+02 
 8.55600244e-06  6.27652225e+02  3.18127497e+00  6.28400013e+02 
 8.56100244e-06  6.27686003e+02  3.16900439e+00  6.28433679e+02 
 8.56600244e-06  6.27719651e+02  3.15673289e+00  6.28467214e+02 
 8.57100244e-06  6.27753168e+02  3.14446045e+00  6.28500618e+02 
 8.57600244e-06  6.27786554e+02  3.13218709e+00  6.28533891e+02 
 8.58100244e-06  6.27819810e+02  3.11991280e+00  6.28567033e+02 
 8.58600244e-06  6.27852935e+02  3.10763760e+00  6.28600044e+02 
 8.59100244e-06  6.27885930e+02  3.09536148e+00  6.28632924e+02 
 8.59600244e-06  6.27918794e+02  3.08308445e+00  6.28665673e+02 
 8.60100244e-06  6.27951527e+02  3.07080651e+00  6.28698291e+02 
 8.60600244e-06  6.27984130e+02  3.05852767e+00  6.28730778e+02 
 8.61100244e-06  6.28016603e+02  3.04624793e+00  6.28763134e+02 
 8.61600244e-06  6.28048944e+02  3.03396729e+00  6.28795359e+02 
 8.62100244e-06  6.28081155e+02  3.02168576e+00  6.28827453e+02 
 8.62600244e-06  6.28113235e+02  3.00940334e+00  6.28859415e+02 
 8.63100244e-06  6.28145185e+02  2.99712003e+00  6.28891247e+02 
 8.63600244e-06  6.28177004e+02  2.98483584e+00  6.28922947e+02 
 8.64100244e-06  6.28208692e+02  2.97255077e+00  6.28954516e+02 
 8.64600244e-06  6.28240249e+02  2.96026482e+00  6.28985954e+02 
 8.65100244e-06  6.28271676e+02  2.94797801e+00  6.29017261e+02 
 8.65600244e-06  6.28302972e+02  2.93569032e+00  6.29048437e+02 
 8.66100244e-06  6.28334138e+02  2.92340177e+00  6.29079482e+02 
 8.66600244e-06  6.28365172e+02  2.91111236e+00  6.29110395e+02 
 8.67100244e-06  6.28396076e+02  2.89882210e+00  6.29141177e+02 
 8.67600244e-06  6.28426850e+02  2.88653098e+00  6.29171828e+02 
 8.68100244e-06  6.28457492e+02  2.87423901e+00  6.29202348e+02 
 8.68600244e-06  6.28488004e+02  2.86194620e+00  6.29232737e+02 
 8.69100244e-06  6.28518384e+02  2.84965254e+00  6.29262994e+02 
 8.69600244e-06  6.28548634e+02  2.83735804e+00  6.29293120e+02 
 8.70100244e-06  6.28578754e+02  2.82506271e+00  6.29323114e+02 
 8.70600244e-06  6.28608742e+02  2.81276655e+00  6.29352978e+02 
 8.71100244e-06  6.28638600e+02  2.80046956e+00  6.29382710e+02 
 8.71600244e-06  6.28668327e+02  2.78817175e+00  6.29412310e+02 
 8.72100244e-06  6.28697923e+02  2.77587312e+00  6.29441780e+02 
 8.72600244e-06  6.28727388e+02  2.76357366e+00  6.29471118e+02 
 8.73100244e-06  6.28756722e+02  2.75127340e+00  6.29500324e+02 
 8.73600244e-06  6.28785925e+02  2.73897233e+00  6.29529400e+02 
 8.74100244e-06  6.28814998e+02  2.72667045e+00  6.29558343e+02 
 8.74600244e-06  6.28843940e+02  2.71436777e+00  6.29587156e+02 
 8.75100244e-06  6.28872750e+02  2.70206429e+00  6.29615837e+02 
 8.75600244e-06  6.28901430e+02  2.68976001e+00  6.29644386e+02 
 8.76100244e-06  6.28929979e+02  2.67745495e+00  6.29672804e+02 
 8.76600244e-06  6.28958398e+02  2.66514909e+00  6.29701091e+02 
 8.77100244e-06  6.28986685e+02  2.65284246e+00  6.29729246e+02 
 8.77600244e-06  6.29014841e+02  2.64053504e+00  6.29757270e+02 
 8.78100244e-06  6.29042866e+02  2.62822684e+00  6.29785162e+02 
 8.78600244e-06  6.29070761e+02  2.61591788e+00  6.29812923e+02 
 8.79100244e-06  6.29098524e+02  2.60360814e+00  6.29840552e+02 
 8.79600244e-06  6.29126157e+02  2.59129764e+00  6.29868049e+02 
 8.80100244e-06  6.29153658e+02  2.57898637e+00  6.29895415e+02 
 8.80600244e-06  6.29181029e+02  2.56667435e+00  6.29922650e+02 
 8.81100244e-06  6.29208268e+02  2.55436157e+00  6.29949753e+02 
 8.81600244e-06  6.29235377e+02  2.54204805e+00  6.29976724e+02 
 8.82100244e-06  6.29262354e+02  2.52973377e+00  6.30003564e+02 
 8.82600244e-06  6.29289201e+02  2.51741875e+00  6.30030272e+02 
 8.83100244e-06  6.29315916e+02  2.50510299e+00  6.30056848e+02 
 8.83600244e-06  6.29342501e+02  2.49278650e+00  6.30083293e+02 
 8.84100244e-06  6.29368954e+02  2.48046927e+00  6.30109606e+02 
 8.84600244e-06  6.29395277e+02  2.46815131e+00  6.30135787e+02 
 8.85100244e-06  6.29421468e+02  2.45583263e+00  6.30161837e+02 
 8.85600244e-06  6.29447529e+02  2.44351322e+00  6.30187755e+02 
 8.86100244e-06  6.29473458e+02  2.43119310e+00  6.30213541e+02 
 8.86600244e-06  6.29499256e+02  2.41887226e+00  6.30239196e+02 
 8.87100244e-06  6.29524923e+02  2.40655071e+00  6.30264718e+02 
 8.87600244e-06  6.29550459e+02  2.39422846e+00  6.30290109e+02 
 8.88100244e-06  6.29575864e+02  2.38190550e+00  6.30315368e+02 
 8.88600244e-06  6.29601138e+02  2.36958184e+00  6.30340496e+02 
 8.89100244e-06  6.29626281e+02  2.35725749e+00  6.30365491e+02 
 8.89600244e-06  6.29651293e+02  2.34493244e+00  6.30390355e+02 
 8.90100244e-06  6.29676173e+02  2.33260670e+00  6.30415087e+02 
 8.90600244e-06  6.29700922e+02  2.32028028e+00  6.30439687e+02 
 8.91100244e-06  6.29725541e+02  2.30795318e+00  6.30464155e+02 
 8.91600244e-06  6.29750028e+02  2.29562540e+00  6.30488491e+02 
 8.92100244e-06  6.29774384e+02  2.28329694e+00  6.30512696e+02 
 8.92600244e-06  6.29798609e+02  2.27096782e+00  6.30536768e+02 
 8.93100244e-06  6.29822702e+02  2.25863803e+00  6.30560709e+02 
 8.93600244e-06  6.29846665e+02  2.24630757e+00  6.30584517e+02 
 8.94100244e-06  6.29870496e+02  2.23397646e+00  6.30608194e+02 
 8.94600244e-06  6.29894196e+02  2.22164469e+00  6.30631738e+02 
 8.95100244e-06  6.29917765e+02  2.20931226e+00  6.30655151e+02 
 8.95600244e-06  6.29941203e+02  2.19697919e+00  6.30678432e+02 
 8.96100244e-06  6.29964509e+02  2.18464548e+00  6.30701580e+02 
 8.96600244e-06  6.29987685e+02  2.17231112e+00  6.30724597e+02 
 8.97100244e-06  6.30010729e+02  2.15997612e+00  6.30747481e+02 
 8.97600244e-06  6.30033642e+02  2.14764049e+00  6.30770234e+02 
 8.98100244e-06  6.30056423e+02  2.13530424e+00  6.30792854e+02 
 8.98600244e-06  6.30079074e+02  2.12296735e+00  6.30815342e+02 
 8.99100244e-06  6.30101593e+02  2.11062984e+00  6.30837698e+02 
 8.99600244e-06  6.30123981e+02  2.09829171e+00  6.30859922e+02 
 9.00100244e-06  6.30146237e+02  2.08595297e+00  6.30882014e+02 
 9.00600244e-06  6.30168363e+02  2.07361362e+00  6.30903973e+02 
 9.01100244e-06  6.30190357e+02  2.06127365e+00  6.30925801e+02 
 9.01600244e-06  6.30212219e+02  2.04893309e+00  6.30947496e+02 
 9.02100244e-06  6.30233951e+02  2.03659192e+00  6.30969059e+02 
 9.02600244e-06  6.30255551e+02  2.02425015e+00  6.30990489e+02 
 9.03100244e-06  6.30277020e+02  2.01190779e+00  6.31011788e+02 
 9.03600244e-06  6.30298358e+02  1.99956485e+00  6.31032954e+02 
 9.04100244e-06  6.30319564e+02  1.98722131e+00  6.31053988e+02 
 9.04600244e-06  6.30340639e+02  1.97487719e+00  6.31074889e+02 
 9.05100244e-06  6.30361583e+02  1.96253250e+00  6.31095658e+02 
 9.05600244e-06  6.30382395e+02  1.95018723e+00  6.31116295e+02 
 9.06100244e-06  6.30403076e+02  1.93784139e+00  6.31136799e+02 
 9.06600244e-06  6.30423626e+02  1.92549498e+00  6.31157171e+02 
 9.07100244e-06  6.30444044e+02  1.91314800e+00  6.31177411e+02 
 9.07600244e-06  6.30464331e+02  1.90080047e+00  6.31197518e+02 
 9.08100244e-06  6.30484487e+02  1.88845238e+00  6.31217493e+02 
 9.08600244e-06  6.30504511e+02  1.87610373e+00  6.31237335e+02 
 9.09100244e-06  6.30524404e+02  1.86375454e+00  6.31257045e+02 
 9.09600244e-06  6.30544165e+02  1.85140480e+00  6.31276622e+02 
 9.10100244e-06  6.30563795e+02  1.83905452e+00  6.31296067e+02 
 9.10600244e-06  6.30583294e+02  1.82670370e+00  6.31315379e+02 
 9.11100244e-06  6.30602661e+02  1.81435234e+00  6.31334558e+02 
 9.11600244e-06  6.30621897e+02  1.80200046e+00  6.31353605e+02 
 9.12100244e-06  6.30641002e+02  1.78964805e+00  6.31372519e+02 
 9.12600244e-06  6.30659975e+02  1.77729511e+00  6.31391301e+02 
 9.13100244e-06  6.30678816e+02  1.76494166e+00  6.31409950e+02 
 9.13600244e-06  6.30697527e+02  1.75258768e+00  6.31428466e+02 
 9.14100244e-06  6.30716106e+02  1.74023320e+00  6.31446849e+02 
 9.14600244e-06  6.30734553e+02  1.72787821e+00  6.31465100e+02 
 9.15100244e-06  6.30752869e+02  1.71552271e+00  6.31483218e+02 
 9.15600244e-06  6.30771053e+02  1.70316671e+00  6.31501203e+02 
 9.16100244e-06  6.30789106e+02  1.69081021e+00  6.31519056e+02 
 9.16600244e-06  6.30807028e+02  1.67845322e+00  6.31536775e+02 
 9.17100244e-06  6.30824818e+02  1.66609574e+00  6.31554362e+02 
 9.17600244e-06  6.30842477e+02  1.65373777e+00  6.31571816e+02 
 9.18100244e-06  6.30860004e+02  1.64137932e+00  6.31589137e+02 
 9.18600244e-06  6.30877400e+02  1.62902039e+00  6.31606325e+02 
 9.19100244e-06  6.30894664e+02  1.61666098e+00  6.31623379e+02 
 9.19600244e-06  6.30911797e+02  1.60430110e+00  6.31640301e+02 
 9.20100244e-06  6.30928798e+02  1.59194076e+00  6.31657090e+02 
 9.20600244e-06  6.30945668e+02  1.57957994e+00  6.31673746e+02 
 9.21100244e-06  6.30962406e+02  1.56721867e+00  6.31690269e+02 
 9.21600244e-06  6.30979013e+02  1.55485694e+00  6.31706658e+02 
 9.22100244e-06  6.30995488e+02  1.54249476e+00  6.31722915e+02 
 9.22600244e-06  6.31011832e+02  1.53013213e+00  6.31739038e+02 
 9.23100244e-06  6.31028044e+02  1.51776905e+00  6.31755028e+02 
 9.23600244e-06  6.31044125e+02  1.50540553e+00  6.31770885e+02 
 9.24100244e-06  6.31060074e+02  1.49304157e+00  6.31786608e+02 
 9.24600244e-06  6.31075892e+02  1.48067718e+00  6.31802199e+02 
 9.25100244e-06  6.31091578e+02  1.46831235e+00  6.31817655e+02 
 9.25600244e-06  6.31107133e+02  1.45594710e+00  6.31832979e+02 
 9.26100244e-06  6.31122556e+02  1.44358142e+00  6.31848169e+02 
 9.26600244e-06  6.31137847e+02  1.43121533e+00  6.31863226e+02 
 9.27100244e-06  6.31153007e+02  1.41884882e+00  6.31878149e+02 
 9.27600244e-06  6.31168035e+02  1.40648189e+00  6.31892938e+02 
 9.28100244e-06  6.31182932e+02  1.39411456e+00  6.31907594e+02 
 9.28600244e-06  6.31197697e+02  1.38174682e+00  6.31922117e+02 
 9.29100244e-06  6.31212331e+02  1.36937867e+00  6.31936505e+02 
 9.29600244e-06  6.31226833e+02  1.35701013e+00  6.31950760e+02 
 9.30100244e-06  6.31241204e+02  1.34464120e+00  6.31964882e+02 
 9.30600244e-06  6.31255442e+02  1.33227188e+00  6.31978869e+02 
 9.31100244e-06  6.31269550e+02  1.31990217e+00  6.31992723e+02 
 9.31600244e-06  6.31283525e+02  1.30753207e+00  6.32006443e+02 
 9.32100244e-06  6.31297370e+02  1.29516160e+00  6.32020028e+02 
 9.32600244e-06  6.31311082e+02  1.28279075e+00  6.32033480e+02 
 9.33100244e-06  6.31324663e+02  1.27041953e+00  6.32046798e+02 
 9.33600244e-06  6.31338112e+02  1.25804795e+00  6.32059982e+02 
 9.34100244e-06  6.31351430e+02  1.24567599e+00  6.32073032e+02 
 9.34600244e-06  6.31364616e+02  1.23330368e+00  6.32085947e+02 
 9.35100244e-06  6.31377670e+02  1.22093101e+00  6.32098728e+02 
 9.35600244e-06  6.31390593e+02  1.20855799e+00  6.32111375e+02 
 9.36100244e-06  6.31403384e+02  1.19618462e+00  6.32123888e+02 
 9.36600244e-06  6.31416044e+02  1.18381090e+00  6.32136266e+02 
 9.37100244e-06  6.31428572e+02  1.17143684e+00  6.32148510e+02 
 9.37600244e-06  6.31440968e+02  1.15906244e+00  6.32160619e+02 
 9.38100244e-06  6.31453233e+02  1.14668771e+00  6.32172594e+02 
 9.38600244e-06  6.31465366e+02  1.13431264e+00  6.32184434e+02 
 9.39100244e-06  6.31477367e+02  1.12193725e+00  6.32196139e+02 
 9.39600244e-06  6.31489237e+02  1.10956154e+00  6.32207709e+02 
 9.40100244e-06  6.31500975e+02  1.09718550e+00  6.32219145e+02 
 9.40600244e-06  6.31512581e+02  1.08480916e+00  6.32230446e+02 
 9.41100244e-06  6.31524056e+02  1.07243249e+00  6.32241611e+02 
 9.41600244e-06  6.31535399e+02  1.06005552e+00  6.32252642e+02 
 9.42100244e-06  6.31546610e+02  1.04767825e+00  6.32263537e+02 
 9.42600244e-06  6.31557690e+02  1.03530068e+00  6.32274297e+02 
 9.43100244e-06  6.31568638e+02  1.02292280e+00  6.32284921e+02 
 9.43600244e-06  6.31579454e+02  1.01054464e+00  6.32295410e+02 
 9.44100244e-06  6.31590139e+02  9.98166184e-01  6.32305764e+02 
 9.44600244e-06  6.31600692e+02  9.85787444e-01  6.32315981e+02 
 9.45100244e-06  6.31611113e+02  9.73408422e-01  6.32326063e+02 
 9.45600244e-06  6.31621403e+02  9.61029122e-01  6.32336010e+02 
 9.46100244e-06  6.31631560e+02  9.48649547e-01  6.32345820e+02 
 9.46600244e-06  6.31641587e+02  9.36269701e-01  6.32355494e+02 
 9.47100244e-06  6.31651481e+02  9.23889589e-01  6.32365032e+02 
 9.47600244e-06  6.31661244e+02  9.11509214e-01  6.32374433e+02 
 9.48100244e-06  6.31670875e+02  8.99128580e-01  6.32383698e+02 
 9.48600244e-06  6.31680374e+02  8.86747690e-01  6.32392826e+02 
 9.49100244e-06  6.31689742e+02  8.74366548e-01  6.32401818e+02 
 9.49600244e-06  6.31698978e+02  8.61985159e-01  6.32410672e+02 
 9.50100244e-06  6.31708082e+02  8.49603525e-01  6.32419390e+02 
 9.50600244e-06  6.31717054e+02  8.37221651e-01  6.32427970e+02 
 9.51100244e-06  6.31725895e+02  8.24839541e-01  6.32436413e+02 
 9.51600244e-06  6.31734604e+02  8.12457198e-01  6.32444719e+02 
 9.52100244e-06  6.31743182e+02  8.00074627e-01  6.32452887e+02 
 9.52600244e-06  6.31751627e+02  7.87691830e-01  6.32460916e+02 
 9.53100244e-06  6.31759941e+02  7.75308812e-01  6.32468808e+02 
 9.53600244e-06  6.31768123e+02  7.62925577e-01  6.32476561e+02 
 9.54100244e-06  6.31776173e+02  7.50542129e-01  6.32484176e+02 
 9.54600244e-06  6.31784092e+02  7.38158471e-01  6.32491652e+02 
 9.55100244e-06  6.31791879e+02  7.25774607e-01  6.32498989e+02 
 9.55600244e-06  6.31799534e+02  7.13390542e-01  6.32506186e+02 
 9.56100244e-06  6.31807057e+02  7.01006278e-01  6.32513244e+02 
 9.56600244e-06  6.31814449e+02  6.88621820e-01  6.32520163e+02 
 9.57100244e-06  6.31821709e+02  6.76237172e-01  6.32526941e+02 
 9.57600244e-06  6.31828837e+02  6.63852338e-01  6.32533578e+02 
 9.58100244e-06  6.31835833e+02  6.51467321e-01  6.32540075e+02 
 9.58600244e-06  6.31842698e+02  6.39082126e-01  6.32546431e+02 
 9.59100244e-06  6.31849431e+02  6.26696756e-01  6.32552645e+02 
 9.59600244e-06  6.31856032e+02  6.14311216e-01  6.32558718e+02 
 9.60100244e-06  6.31862501e+02  6.01925509e-01  6.32564648e+02 
 9.60600244e-06  6.31868839e+02  5.89539639e-01  6.32570435e+02 
 9.61100244e-06  6.31875045e+02  5.77153610e-01  6.32576080e+02 
 9.61600244e-06  6.31881119e+02  5.64767427e-01  6.32581580e+02 
 9.62100244e-06  6.31887061e+02  5.52381092e-01  6.32586936e+02 
 9.62600244e-06  6.31892872e+02  5.39994611e-01  6.32592148e+02 
 9.63100244e-06  6.31898550e+02  5.27607988e-01  6.32597214e+02 
 9.63600244e-06  6.31904097e+02  5.15221225e-01  6.32602134e+02 
 9.64100244e-06  6.31909513e+02  5.02834328e-01  6.32606908e+02 
 9.64600244e-06  6.31914796e+02  4.90447301e-01  6.32611533e+02 
 9.65100244e-06  6.31919948e+02  4.78060147e-01  6.32616011e+02 
 9.65600244e-06  6.31924967e+02  4.65672870e-01  6.32620339e+02 
 9.66100244e-06  6.31929855e+02  4.53285476e-01  6.32624518e+02 
 9.66600244e-06  6.31934612e+02  4.40897967e-01  6.32628545e+02 
 9.67100244e-06  6.31939236e+02  4.28510349e-01  6.32632420e+02 
 9.67600244e-06  6.31943729e+02  4.16122626e-01  6.32636142e+02 
 9.68100244e-06  6.31948090e+02  4.03734801e-01  6.32639709e+02 
 9.68600244e-06  6.31952319e+02  3.91346879e-01  6.32643119e+02 
 9.69100244e-06  6.31956416e+02  3.78958864e-01  6.32646372e+02 
 9.69600244e-06  6.31960382e+02  3.66570762e-01  6.32649466e+02 
 9.70100244e-06  6.31964216e+02  3.54182576e-01  6.32652398e+02 
 9.70600244e-06  6.31967918e+02  3.41794311e-01  6.32655167e+02 
 9.71100244e-06  6.31971488e+02  3.29405971e-01  6.32657770e+02 
 9.71600244e-06  6.31974927e+02  3.17017561e-01  6.32660204e+02 
 9.72100244e-06  6.31978233e+02  3.04629086e-01  6.32662468e+02 
 9.72600244e-06  6.31981408e+02  2.92240550e-01  6.32664556e+02 
 9.73100244e-06  6.31984451e+02  2.79851959e-01  6.32666467e+02 
 9.73600244e-06  6.31987362e+02  2.67463318e-01  6.32668194e+02 
 9.74100244e-06  6.31990142e+02  2.55074631e-01  6.32669735e+02 
 9.74600244e-06  6.31992789e+02  2.42685904e-01  6.32671082e+02 
 9.75100244e-06  6.31995305e+02  2.30297142e-01  6.32672231e+02 
 9.75600244e-06  6.31997689e+02  2.17908352e-01  6.32673172e+02 
 9.76100244e-06  6.31999942e+02  2.05519538e-01  6.32673898e+02 
 9.76600244e-06  6.32002062e+02  1.93130707e-01  6.32674398e+02 
 9.77091121e-06  6.32004016e+02  1.80967918e-01  6.32674657e+02 
 9.77543165e-06  6.32005702e+02  1.69767304e-01  6.32674680e+02 
 9.77971245e-06  6.32007200e+02  1.59160462e-01  6.32674499e+02 
 9.78371781e-06  6.32008514e+02  1.49236120e-01  6.32674138e+02 
 9.78746758e-06  6.32009668e+02  1.39945060e-01  6.32673620e+02 
 9.79098439e-06  6.32010683e+02  1.31231264e-01  6.32672963e+02 
 9.79427930e-06  6.32011574e+02  1.23067276e-01  6.32672185e+02 
 9.79736721e-06  6.32012357e+02  1.15416178e-01  6.32671301e+02 
 9.80026161e-06  6.32013046e+02  1.08244608e-01  6.32670324e+02 
 9.80297438e-06  6.32013651e+02  1.01523058e-01  6.32669265e+02 
 9.80551719e-06  6.32014184e+02  9.52226527e-02  6.32668134e+02 
 9.80790076e-06  6.32014652e+02  8.93167937e-02  6.32666940e+02 
 9.81013518e-06  6.32015063e+02  8.37805378e-02  6.32665691e+02 
 9.81222984e-06  6.32015425e+02  7.85905477e-02  6.32664394e+02 
 9.81419364e-06  6.32015743e+02  7.37248424e-02  6.32663055e+02 
 9.81603478e-06  6.32016023e+02  6.91630443e-02  6.32661679e+02 
 9.81776103e-06  6.32016269e+02  6.48859139e-02  6.32660271e+02 
 9.81937964e-06  6.32016486e+02  6.08755212e-02  6.32658834e+02 
 9.82089740e-06  6.32016676e+02  5.71149820e-02  6.32657372e+02 
 9.82232064e-06  6.32016844e+02  5.35886684e-02  6.32655889e+02 
 9.82365536e-06  6.32016991e+02  5.02816835e-02  6.32654387e+02 
 9.82490709e-06  6.32017121e+02  4.71803449e-02  6.32652869e+02 
 9.82608108e-06  6.32017235e+02  4.42716042e-02  6.32651336e+02 
 9.82718220e-06  6.32017336e+02  4.15434314e-02  6.32649790e+02 
 9.82821506e-06  6.32017424e+02  3.89843891e-02  6.32648234e+02 
 9.82918391e-06  6.32017502e+02  3.65839539e-02  6.32646668e+02 
 9.83009282e-06  6.32017571e+02  3.43320257e-02  6.32645093e+02 
 9.83094551e-06  6.32017631e+02  3.22194174e-02  6.32643512e+02 
 9.83174554e-06  6.32017684e+02  3.02372489e-02  6.32641924e+02 
 9.83249621e-06  6.32017731e+02  2.83774218e-02  6.32640331e+02 
 9.83320060e-06  6.32017772e+02  2.66322431e-02  6.32638733e+02 
 9.83386164e-06  6.32017809e+02  2.49944755e-02  6.32637131e+02 
 9.83448203e-06  6.32017841e+02  2.34574202e-02  6.32635526e+02 
 9.83506433e-06  6.32017869e+02  2.20147420e-02  6.32633917e+02 
 9.83561093e-06  6.32017894e+02  2.06605201e-02  6.32632305e+02 
 9.83612406e-06  6.32017915e+02  1.93892100e-02  6.32630691e+02 
 9.83660584e-06  6.32017935e+02  1.81956100e-02  6.32629075e+02 
 9.83705823e-06  6.32017952e+02  1.70747947e-02  6.32627457e+02 
 9.83748305e-06  6.32017967e+02  1.60222988e-02  6.32625837e+02 
 9.83788209e-06  6.32017980e+02  1.50336806e-02  6.32624215e+02 
 9.83825691e-06  6.32017991e+02  1.41050759e-02  6.32622592e+02 
 9.83860908e-06  6.32018002e+02  1.32325950e-02  6.32620967e+02 
 9.83894000e-06  6.32018011e+02  1.24127443e-02  6.32619340e+02 
 9.83925101e-06  6.32018019e+02  1.16422285e-02  6.32617711e+02 
 9.83954340e-06  6.32018026e+02  1.09178559e-02  6.32616081e+02 
 9.83981829e-06  6.32018032e+02  1.02368291e-02  6.32614449e+02 
 9.84007685e-06  6.32018037e+02  9.59627190e-03  6.32612814e+02 
 9.84032007e-06  6.32018042e+02  8.99371185e-03  6.32611177e+02 
 9.84054895e-06  6.32018046e+02  8.42666822e-03  6.32609537e+02 
 9.84076440e-06  6.32018050e+02  7.89292561e-03  6.32607894e+02 
 9.84096727e-06  6.32018053e+02  7.39033324e-03  6.32606248e+02 
 9.84115837e-06  6.32018056e+02  6.91689531e-03  6.32604597e+02 
 9.84133847e-06  6.32018059e+02  6.47071999e-03  6.32602943e+02 
 9.84150826e-06  6.32018061e+02  6.05009344e-03  6.32601283e+02 
 9.84166842e-06  6.32018063e+02  5.65331377e-03  6.32599618e+02 
 9.84181957e-06  6.32018065e+02  5.27886874e-03  6.32597946e+02 
 9.84196230e-06  6.32018066e+02  4.92526936e-03  6.32596268e+02 
 9.84209716e-06  6.32018068e+02  4.59118181e-03  6.32594581e+02 
 9.84222467e-06  6.32018069e+02  4.27530774e-03  6.32592886e+02 
 9.84234531e-06  6.32018070e+02  3.97643467e-03  6.32591181e+02 
 9.84245954e-06  6.32018071e+02  3.69344757e-03  6.32589465e+02 
 9.84256779e-06  6.32018072e+02  3.42529027e-03  6.32587737e+02 
 9.84267045e-06  6.32018072e+02  3.17095908e-03  6.32585996e+02 
 9.84276791e-06  6.32018073e+02  2.92953057e-03  6.32584240e+02 
 9.84286051e-06  6.32018074e+02  2.70012897e-03  6.32582467e+02 
 9.84294859e-06  6.32018074e+02  2.48194564e-03  6.32580677e+02 
 9.84303245e-06  6.32018075e+02  2.27419723e-03  6.32578868e+02 
 9.84311238e-06  6.32018075e+02  2.07619157e-03  6.32577037e+02 
 9.84318866e-06  6.32018075e+02  1.88723734e-03  6.32575183e+02 
 9.84326154e-06  6.32018076e+02  1.70670688e-03  6.32573303e+02 
 9.84333124e-06  6.32018076e+02  1.53403200e-03  6.32571396e+02 
 9.84339801e-06  6.32018076e+02  1.36863408e-03  6.32569459e+02 
 9.84346204e-06  6.32018076e+02  1.21001980e-03  6.32567490e+02 
 9.84352354e-06  6.32018076e+02  1.05768637e-03  6.32565485e+02 
 9.84358267e-06  6.32018076e+02  9.11198663e-04  6.32563443e+02 
 9.84363962e-06  6.32018077e+02  7.70114129e-04  6.32561359e+02 
 9.84369455e-06  6.32018077e+02  6.34050988e-04  6.32559230e+02 
 9.84374761e-06  6.32018077e+02  5.02616596e-04  6.32557054e+02 
 9.84379894e-06  6.32018077e+02  3.75468305e-04  6.32554826e+02 
 9.84384868e-06  6.32018077e+02  2.52266478e-04  6.32552542e+02 
 9.84389695e-06  6.32018077e+02  1.32700280e-04  6.32550198e+02 
 9.84394387e-06  6.32018077e+02  1.64659414e-05  6.32547789e+02 
 9.84398956e-06  6.32018077e+02 -9.67139642e-05  6.32545311e+02 
 9.84403413e-06  6.32018077e+02 -2.07122304e-04  6.32542756e+02 
 9.84407769e-06  6.32018077e+02 -3.15000593e-04  6.32540120e+02 
 9.84412033e-06  6.32018077e+02 -4.20622146e-04  6.32537395e+02 
 9.84416214e-06  6.32018077e+02 -5.24205935e-04  6.32534576e+02 
 9.84420324e-06  6.32018077e+02 -6.26005181e-04  6.32531652e+02 
 9.84424371e-06  6.32018077e+02 -7.26236300e-04  6.32528616e+02 
 9.84428364e-06  6.32018077e+02 -8.25139831e-04  6.32525458e+02 
 9.84432312e-06  6.32018076e+02 -9.22933197e-04  6.32522166e+02 
 9.84436225e-06  6.32018076e+02 -1.01984435e-03  6.32518730e+02 
 9.84440111e-06  6.32018076e+02 -1.11611302e-03  6.32515133e+02 
 9.84443981e-06  6.32018076e+02 -1.21195863e-03  6.32511362e+02 
 9.84447844e-06  6.32018076e+02 -1.30763803e-03  6.32507398e+02 
 9.84451710e-06  6.32018076e+02 -1.40339621e-03  6.32503222e+02 
 9.84455591e-06  6.32018076e+02 -1.49951391e-03  6.32498810e+02 
 9.84459498e-06  6.32018076e+02 -1.59628970e-03  6.32494134e+02 
 9.84463445e-06  6.32018076e+02 -1.69404618e-03  6.32489163e+02 
 9.84467446e-06  6.32018075e+02 -1.79315301e-03  6.32483859e+02 
 9.84471519e-06  6.32018075e+02 -1.89400515e-03  6.32478178e+02 
 9.84475680e-06  6.32018075e+02 -1.99707528e-03  6.32472064e+02 
 9.84479953e-06  6.32018075e+02 -2.10289879e-03  6.32465452e+02 
 9.84484363e-06  6.32018075e+02 -2.21211889e-03  6.32458260e+02 
 9.84488941e-06  6.32018074e+02 -2.32548712e-03  6.32450387e+02 
 9.84493725e-06  6.32018074e+02 -2.44395655e-03  6.32441701e+02 
 9.84498761e-06  6.32018074e+02 -2.56868043e-03  6.32432034e+02 
 9.84504112e-06  6.32018074e+02 -2.70118166e-03  6.32421160e+02 
 9.84509855e-06  6.32018073e+02 -2.84339782e-03  6.32408773e+02 
 9.84516100e-06  6.32018073e+02 -2.99804367e-03  6.32394436e+02 
 9.84522998e-06  6.32018072e+02 -3.16884803e-03  6.32377517e+02 
 9.84530777e-06  6.32018072e+02 -3.36146655e-03  6.32357021e+02 
 9.84539805e-06  6.32018071e+02 -3.58499366e-03  6.32331278e+02 
 9.84550791e-06  6.32018070e+02 -3.85697188e-03  6.32296985e+02 
 9.84565890e-06  6.32018069e+02 -4.23075881e-03  6.32244213e+02 
 9.84572766e-06  6.32018068e+02 -4.40095962e-03  6.32217890e+02 
 9.84582165e-06  6.32018068e+02 -4.63360671e-03  6.32179460e+02 
 9.84589874e-06  6.32018067e+02 -4.82438545e-03  6.32145747e+02 
 9.84595492e-06  6.32018066e+02 -4.96341618e-03  6.32119880e+02 
 9.84601298e-06  6.32018066e+02 -5.10710768e-03  6.32091956e+02 
 9.84606236e-06  6.32018065e+02 -5.22928832e-03  6.32067236e+02 
 9.84611269e-06  6.32018064e+02 -5.35381766e-03  6.32041089e+02 
 9.84616384e-06  6.32018064e+02 -5.48037518e-03  6.32013509e+02 
 9.84621847e-06  6.32018063e+02 -5.61551715e-03  6.31982904e+02 
 9.84628388e-06  6.32018062e+02 -5.77733644e-03  6.31944646e+02 
 9.84635324e-06  6.32018062e+02 -5.94890848e-03  6.31902099e+02 
 9.84642972e-06  6.32018061e+02 -6.13806330e-03  6.31852740e+02 
 9.84650777e-06  6.32018060e+02 -6.33110081e-03  6.31799615e+02 
 9.84659153e-06  6.32018058e+02 -6.53821436e-03  6.31739399e+02 
 9.84667652e-06  6.32018057e+02 -6.74834616e-03  6.31674758e+02 
 9.84676672e-06  6.32018056e+02 -6.97131568e-03  6.31602091e+02 
 9.84685805e-06  6.32018055e+02 -7.19704734e-03  6.31524058e+02 
 9.84695419e-06  6.32018053e+02 -7.43460614e-03  6.31436863e+02 
 9.84705140e-06  6.32018051e+02 -7.67479213e-03  6.31343167e+02 
 9.84715309e-06  6.32018050e+02 -7.92596723e-03  6.31238946e+02 
 9.84725590e-06  6.32018048e+02 -8.17985013e-03  6.31126811e+02 
 9.84736293e-06  6.32018046e+02 -8.44408505e-03  6.31002498e+02 
 9.84757699e-06  6.32018042e+02 -8.97231679e-03  6.30729177e+02 
 9.84783277e-06  6.32018037e+02 -9.60305796e-03  6.30355654e+02 
 9.84806672e-06  6.32018032e+02 -1.01794498e-02  6.29964687e+02 
 9.84836251e-06  6.32018026e+02 -1.09073855e-02  6.29395445e+02 
 9.84869015e-06  6.32018018e+02 -1.17125365e-02  6.28655820e+02 
 9.84901995e-06  6.32018009e+02 -1.25214764e-02  6.27781286e+02 
 9.84936080e-06  6.32018000e+02 -1.33556899e-02  6.26723484e+02 
 9.84968475e-06  6.32017990e+02 -1.41465419e-02  6.25556264e+02 
 9.85001148e-06  6.32017980e+02 -1.49418695e-02  6.24201792e+02 
 9.85032444e-06  6.32017970e+02 -1.57012252e-02  6.22720595e+02 
 9.85063822e-06  6.32017959e+02 -1.64597943e-02  6.21037860e+02 
 9.85094208e-06  6.32017948e+02 -1.71913976e-02  6.19203021e+02 
 9.85124570e-06  6.32017937e+02 -1.79191545e-02  6.17150950e+02 
 9.85154188e-06  6.32017926e+02 -1.86255539e-02  6.14922069e+02 
 9.85183709e-06  6.32017914e+02 -1.93257983e-02  6.12460722e+02 
 9.85212652e-06  6.32017901e+02 -2.00081827e-02  6.09799053e+02 
 9.85241454e-06  6.32017889e+02 -2.06828113e-02  6.06889634e+02 
 9.85269795e-06  6.32017876e+02 -2.13418533e-02  6.03757205e+02 
 9.85297975e-06  6.32017863e+02 -2.19920477e-02  6.00361417e+02 
 9.85325779e-06  6.32017850e+02 -2.26281248e-02  5.96720654e+02 
 9.85353415e-06  6.32017837e+02 -2.32545688e-02  5.92800607e+02 
 9.85380740e-06  6.32017823e+02 -2.38678016e-02  5.88614343e+02 
 9.85407901e-06  6.32017809e+02 -2.44707851e-02  5.84132637e+02 
 9.85434800e-06  6.32017795e+02 -2.50610599e-02  5.79364181e+02 
 9.85461541e-06  6.32017780e+02 -2.56405539e-02  5.74283981e+02 
 9.85488062e-06  6.32017766e+02 -2.62075460e-02  5.68897177e+02 
 9.85514435e-06  6.32017751e+02 -2.67632570e-02  5.63182263e+02 
 9.85540621e-06  6.32017736e+02 -2.73064507e-02  5.57141536e+02 
 9.85566672e-06  6.32017721e+02 -2.78378602e-02  5.50756342e+02 
 9.85592562e-06  6.32017705e+02 -2.83565643e-02  5.44026730e+02 
 9.85618332e-06  6.32017689e+02 -2.88629560e-02  5.36936368e+02 
 9.85643966e-06  6.32017674e+02 -2.93563151e-02  5.29483549e+02 
 9.85669494e-06  6.32017657e+02 -2.98367941e-02  5.21653820e+02 
 9.85694908e-06  6.32017641e+02 -3.03037962e-02  5.13444116e+02 
 9.85720230e-06  6.32017625e+02 -3.07573007e-02  5.04841497e+02 
 9.85745459e-06  6.32017608e+02 -3.11967816e-02  4.95841853e+02 
 9.85770612e-06  6.32017591e+02 -3.16220893e-02  4.86433452e+02 
 9.85795691e-06  6.32017574e+02 -3.20327328e-02  4.76611380e+02 
 9.85820711e-06  6.32017557e+02 -3.24284623e-02  4.66364853e+02 
 9.85845675e-06  6.32017540e+02 -3.28087965e-02  4.55688325e+02 
 9.85870596e-06  6.32017522e+02 -3.31734038e-02  4.44571729e+02 
 9.85895481e-06  6.32017505e+02 -3.35217932e-02  4.33008997e+02 
 9.85920343e-06  6.32017487e+02 -3.38535619e-02  4.20990567e+02 
 9.85945187e-06  6.32017469e+02 -3.41681940e-02  4.08509889e+02 
 9.85970026e-06  6.32017451e+02 -3.44652194e-02  3.95557689e+02 
 9.85994870e-06  6.32017433e+02 -3.47440839e-02  3.82126910e+02 
 9.86019730e-06  6.32017414e+02 -3.50042488e-02  3.68208319e+02 
 9.86044617e-06  6.32017395e+02 -3.52451079e-02  3.53794244e+02 
 9.86069545e-06  6.32017377e+02 -3.54660470e-02  3.38875194e+02 
 9.86094525e-06  6.32017358e+02 -3.56663917e-02  3.23442657e+02 
 9.86119573e-06  6.32017339e+02 -3.58454400e-02  3.07486483e+02 
 9.86144703e-06  6.32017320e+02 -3.60024279e-02  2.90996943e+02 
 9.86169933e-06  6.32017300e+02 -3.61365449e-02  2.73962658e+02 
 9.86195281e-06  6.32017281e+02 -3.62469087e-02  2.56372055e+02 
 9.86220767e-06  6.32017261e+02 -3.63325668e-02  2.38211667e+02 
 9.86246414e-06  6.32017241e+02 -3.63924756e-02  2.19467061e+02 
 9.86272249e-06  6.32017221e+02 -3.64254889e-02  2.00121321e+02 
 9.86298300e-06  6.32017201e+02 -3.64303334e-02  1.80155442e+02 
 9.86324601e-06  6.32017181e+02 -3.64055837e-02  1.59546773e+02 
 9.86351063e-06  6.32017160e+02 -3.63499754e-02  1.38373689e+02 
 9.86377476e-06  6.32017140e+02 -3.62631266e-02  1.16820456e+02 
 9.86403967e-06  6.32017119e+02 -3.61439652e-02  9.48048267e+01 
 9.86430413e-06  6.32017099e+02 -3.59924261e-02  7.24536254e+01 
 9.86456933e-06  6.32017079e+02 -3.58072333e-02  4.96905808e+01 
 9.86483446e-06  6.32017059e+02 -3.55883449e-02  2.66134064e+01 
 9.86510040e-06  6.32017039e+02 -3.53344389e-02  3.17416632e+00 
 9.86536657e-06  6.32017019e+02 -3.50454486e-02 -2.05462843e+01 
 9.86563363e-06  6.32016999e+02 -3.47200886e-02 -4.45726790e+01 
 9.86590119e-06  6.32016979e+02 -3.43582274e-02 -6.88363027e+01 
 9.86616977e-06  6.32016960e+02 -3.39586375e-02 -9.33444393e+01 
 9.86643907e-06  6.32016940e+02 -3.35211695e-02 -1.18032758e+02 
 9.86670966e-06  6.32016921e+02 -3.30443805e-02 -1.42909441e+02 
 9.86698116e-06  6.32016902e+02 -3.25283820e-02 -1.67896461e+02 
 9.86725413e-06  6.32016884e+02 -3.19716375e-02 -1.92996595e+02 
 9.86752835e-06  6.32016865e+02 -3.13741089e-02 -2.18138994e+02 
 9.86780425e-06  6.32016847e+02 -3.07343482e-02 -2.43311666e+02 
 9.86808175e-06  6.32016829e+02 -3.00521408e-02 -2.68448601e+02 
 9.86836123e-06  6.32016811e+02 -2.93261131e-02 -2.93524766e+02 
 9.86864267e-06  6.32016794e+02 -2.85558653e-02 -3.18476176e+02 
 9.86892646e-06  6.32016777e+02 -2.77400491e-02 -3.43266691e+02 
 9.86921136e-06  6.32016760e+02 -2.68820670e-02 -3.67721351e+02 
 9.86946944e-06  6.32016746e+02 -2.60717550e-02 -3.89447222e+02 
 9.86972310e-06  6.32016732e+02 -2.52452999e-02 -4.10358011e+02 
 9.86995602e-06  6.32016720e+02 -2.44607403e-02 -4.29134617e+02 
 9.87018513e-06  6.32016708e+02 -2.36655779e-02 -4.47173322e+02 
 9.87040002e-06  6.32016697e+02 -2.28991332e-02 -4.63675572e+02 
 9.87061159e-06  6.32016687e+02 -2.21255285e-02 -4.79502015e+02 
 9.87081283e-06  6.32016678e+02 -2.13726733e-02 -4.94145297e+02 
 9.87101078e-06  6.32016669e+02 -2.06163952e-02 -5.08137933e+02 
 9.87120073e-06  6.32016661e+02 -1.98763866e-02 -5.21164289e+02 
 9.87138735e-06  6.32016653e+02 -1.91362128e-02 -5.33561958e+02 
 9.87156751e-06  6.32016646e+02 -1.84096409e-02 -5.45140266e+02 
 9.87174432e-06  6.32016639e+02 -1.76854754e-02 -5.56117101e+02 
 9.87191574e-06  6.32016633e+02 -1.69733187e-02 -5.66380942e+02 
 9.87208384e-06  6.32016627e+02 -1.62655831e-02 -5.76074667e+02 
 9.87224728e-06  6.32016621e+02 -1.55689764e-02 -5.85136256e+02 
 9.87240747e-06  6.32016616e+02 -1.48784037e-02 -5.93661307e+02 
 9.87256351e-06  6.32016611e+02 -1.41985681e-02 -6.01618558e+02 
 9.87271636e-06  6.32016607e+02 -1.35260953e-02 -6.09073785e+02 
 9.87286542e-06  6.32016603e+02 -1.28643051e-02 -6.16014692e+02 
 9.87301135e-06  6.32016599e+02 -1.22110098e-02 -6.22488251e+02 
 9.87315374e-06  6.32016595e+02 -1.15685788e-02 -6.28493740e+02 
 9.87329304e-06  6.32016592e+02 -1.09356430e-02 -6.34066284e+02 
 9.87342898e-06  6.32016589e+02 -1.03139243e-02 -6.39212126e+02 
 9.87356184e-06  6.32016586e+02 -9.70262032e-03 -6.43958940e+02 
 9.87369145e-06  6.32016583e+02 -9.10301699e-03 -6.48317086e+02 
 9.87381798e-06  6.32016581e+02 -8.51470746e-03 -6.52309553e+02 
 9.87394130e-06  6.32016579e+02 -7.93869137e-03 -6.55949083e+02 
 9.87406152e-06  6.32016577e+02 -7.37484356e-03 -6.59255727e+02 
 9.87417854e-06  6.32016575e+02 -6.82398456e-03 -6.62243558e+02 
 9.87429239e-06  6.32016573e+02 -6.28619813e-03 -6.64930794e+02 
 9.87440300e-06  6.32016572e+02 -5.76220559e-03 -6.67332224e+02 
 9.87451035e-06  6.32016571e+02 -5.25225769e-03 -6.69464925e+02 
 9.87461436e-06  6.32016570e+02 -4.75704071e-03 -6.71344056e+02 
 9.87471498e-06  6.32016569e+02 -4.27695572e-03 -6.72985997e+02 
 9.87481211e-06  6.32016568e+02 -3.81271272e-03 -6.74406090e+02 
 9.87490567e-06  6.32016567e+02 -3.36487127e-03 -6.75620311e+02 
 9.87499551e-06  6.32016567e+02 -2.93423020e-03 -6.76644101e+02 
 9.87508152e-06  6.32016566e+02 -2.52154712e-03 -6.77493231e+02 
 9.87516350e-06  6.32016566e+02 -2.12780033e-03 -6.78183233e+02 
 9.87524127e-06  6.32016565e+02 -1.75403799e-03 -6.78729828e+02 
 9.87531457e-06  6.32016565e+02 -1.40157560e-03 -6.79148686e+02 
 9.87538308e-06  6.32016565e+02 -1.07196234e-03 -6.79455639e+02 
 9.87544641e-06  6.32016565e+02 -7.67196647e-04 -6.79666620e+02 
 9.87549754e-06  6.32016565e+02 -5.21100185e-04 -6.79785943e+02 
 9.87553877e-06  6.32016565e+02 -3.22643398e-04 -6.79848959e+02 
 9.87557175e-06  6.32016565e+02 -1.63842071e-04 -6.79878031e+02 
 9.87559980e-06  6.32016565e+02 -2.88136219e-05 -6.79887820e+02 
 9.87562832e-06  6.32016565e+02  1.08494285e-04 -6.79883703e+02 
 9.87565743e-06  6.32016565e+02  2.48629120e-04 -6.79864869e+02 
 9.87569708e-06  6.32016565e+02  4.39516495e-04 -6.79815434e+02 
 9.87574122e-06  6.32016565e+02  6.51950870e-04 -6.79728169e+02 
 9.87579462e-06  6.32016565e+02  9.08973404e-04 -6.79577163e+02 
 9.87585171e-06  6.32016565e+02  1.18366927e-03 -6.79360767e+02 
 9.87591581e-06  6.32016565e+02  1.49201533e-03 -6.79050121e+02 
 9.87598313e-06  6.32016565e+02  1.81573446e-03 -6.78646836e+02 
 9.87605614e-06  6.32016566e+02  2.16658117e-03 -6.78120429e+02 
 9.87613225e-06  6.32016566e+02  2.53209942e-03 -6.77473063e+02 
 9.87621322e-06  6.32016567e+02  2.92063791e-03 -6.76674042e+02 
 9.87629724e-06  6.32016567e+02  3.32341161e-03 -6.75724900e+02 
 9.87638555e-06  6.32016568e+02  3.74623407e-03 -6.74595857e+02 
 9.87647687e-06  6.32016569e+02  4.18280341e-03 -6.73287155e+02 
 9.87657205e-06  6.32016569e+02  4.63713289e-03 -6.71770517e+02 
 9.87667019e-06  6.32016570e+02  5.10465985e-03 -6.70044514e+02 
 9.87677189e-06  6.32016572e+02  5.58812704e-03 -6.68082593e+02 
 9.87687649e-06  6.32016573e+02  6.08419919e-03 -6.65881512e+02 
 9.87698444e-06  6.32016574e+02  6.59471923e-03 -6.63416453e+02 
 9.87709526e-06  6.32016576e+02  7.11721936e-03 -6.60682380e+02 
 9.87720926e-06  6.32016578e+02  7.65290362e-03 -6.57656089e+02 
 9.87732611e-06  6.32016580e+02  8.19991781e-03 -6.54330856e+02 
 9.87744605e-06  6.32016582e+02  8.75901159e-03 -6.50684895e+02 
 9.87756882e-06  6.32016584e+02  9.32876459e-03 -6.46709938e+02 
 9.87769461e-06  6.32016587e+02  9.90960269e-03 -6.42385373e+02 
 9.87782325e-06  6.32016590e+02  1.05004116e-02 -6.37701532e+02 
 9.87795489e-06  6.32016593e+02  1.11013856e-02 -6.32638718e+02 
 9.87808942e-06  6.32016596e+02  1.17116258e-02 -6.27185979e+02 
 9.87822694e-06  6.32016599e+02  1.23311593e-02 -6.21324259e+02 
 9.87836742e-06  6.32016603e+02  1.29592377e-02 -6.15041397e+02 
 9.87851095e-06  6.32016607e+02  1.35957673e-02 -6.08318688e+02 
 9.87865751e-06  6.32016612e+02  1.42401032e-02 -6.01142773e+02 
 9.87880721e-06  6.32016616e+02  1.48920632e-02 -5.93494987e+02 
 9.87896007e-06  6.32016621e+02  1.55510732e-02 -5.85360708e+02 
 9.87911619e-06  6.32016626e+02  1.62168849e-02 -5.76720949e+02 
 9.87927564e-06  6.32016632e+02  1.68889716e-02 -5.67559651e+02 
 9.87943853e-06  6.32016638e+02  1.75670355e-02 -5.57857060e+02 
 9.87960495e-06  6.32016644e+02  1.82505813e-02 -5.47595367e+02 
 9.87977505e-06  6.32016651e+02  1.89392742e-02 -5.36753469e+02 
 9.87994897e-06  6.32016658e+02  1.96326398e-02 -5.25311273e+02 
 9.88012688e-06  6.32016666e+02  2.03303172e-02 -5.13245514e+02 
 9.88030897e-06  6.32016674e+02  2.10318481e-02 -5.00532953e+02 
 9.88049547e-06  6.32016682e+02  2.17368565e-02 -4.87146958e+02 
 9.88068664e-06  6.32016691e+02  2.24449017e-02 -4.73059738e+02 
 9.88088277e-06  6.32016701e+02  2.31556071e-02 -4.58239395e+02 
 9.88108423e-06  6.32016711e+02  2.38685604e-02 -4.42651232e+02 
 9.88129141e-06  6.32016722e+02  2.45834084e-02 -4.26254911e+02 
 9.88150483e-06  6.32016733e+02  2.52997945e-02 -4.09004675e+02 
 9.88172507e-06  6.32016745e+02  2.60174351e-02 -3.90846035e+02 
 9.88195287e-06  6.32016758e+02  2.67360921e-02 -3.71714294e+02 
 9.88218913e-06  6.32016771e+02  2.74556518e-02 -3.51529514e+02 
 9.88243501e-06  6.32016786e+02  2.81761463e-02 -3.30191477e+02 
 9.88269202e-06  6.32016801e+02  2.88978796e-02 -3.07569363e+02 
 9.88296220e-06  6.32016818e+02  2.96215704e-02 -2.83486655e+02 
 9.88324847e-06  6.32016837e+02  3.03486880e-02 -2.57692063e+02 
 9.88352711e-06  6.32016855e+02  3.10168657e-02 -2.32367482e+02 
 9.88381024e-06  6.32016874e+02  3.16555745e-02 -2.06471914e+02 
 9.88408498e-06  6.32016892e+02  3.22363427e-02 -1.81242396e+02 
 9.88436205e-06  6.32016911e+02  3.27830126e-02 -1.55750284e+02 
 9.88463311e-06  6.32016930e+02  3.32798935e-02 -1.30811421e+02 
 9.88490579e-06  6.32016950e+02  3.37418822e-02 -1.05773544e+02 
 9.88517419e-06  6.32016969e+02  3.41596790e-02 -8.12196024e+01 
 9.88544359e-06  6.32016989e+02  3.45423294e-02 -5.67082580e+01 
 9.88570981e-06  6.32017009e+02  3.48845643e-02 -3.26577357e+01 
 9.88597663e-06  6.32017029e+02  3.51920495e-02 -8.76141471e+00 
 9.88624105e-06  6.32017048e+02  3.54620189e-02  1.46795490e+01 
 9.88650579e-06  6.32017068e+02  3.56980220e-02  3.78746866e+01 
 9.88676875e-06  6.32017088e+02  3.58988991e-02  6.06125466e+01 
 9.88703185e-06  6.32017109e+02  3.60668933e-02  8.30336601e+01 
 9.88729365e-06  6.32017129e+02  3.62017912e-02  1.04990086e+02 
 9.88755551e-06  6.32017149e+02  3.63050600e-02  1.26574956e+02 
 9.88781644e-06  6.32017169e+02  3.63770221e-02  1.47684995e+02 
 9.88807741e-06  6.32017189e+02  3.64186977e-02  1.68381293e+02 
 9.88833774e-06  6.32017209e+02  3.64306959e-02  1.88591995e+02 
 9.88859813e-06  6.32017230e+02  3.64137883e-02  2.08356915e+02 
 9.88885811e-06  6.32017250e+02  3.63687227e-02  2.27626342e+02 
 9.88911821e-06  6.32017270e+02  3.62961386e-02  2.46426187e+02 
 9.88937809e-06  6.32017290e+02  3.61968369e-02  2.64722437e+02 
 9.88963606e-06  6.32017310e+02  3.60724995e-02  2.82391087e+02 
 9.88989216e-06  6.32017329e+02  3.59243688e-02  2.99438400e+02 
 9.89014637e-06  6.32017349e+02  3.57536909e-02  3.15867891e+02 
 9.89039905e-06  6.32017368e+02  3.55613851e-02  3.31708284e+02 
 9.89065038e-06  6.32017387e+02  3.53483912e-02  3.46975278e+02 
 9.89090065e-06  6.32017406e+02  3.51154535e-02  3.61691478e+02 
 9.89114999e-06  6.32017424e+02  3.48633719e-02  3.75869467e+02 
 9.89139860e-06  6.32017443e+02  3.45927978e-02  3.89526262e+02 
 9.89164659e-06  6.32017461e+02  3.43044325e-02  4.02672725e+02 
 9.89189413e-06  6.32017479e+02  3.39988542e-02  4.15322983e+02 
 9.89214131e-06  6.32017496e+02  3.36766799e-02  4.27487263e+02 
 9.89238827e-06  6.32017514e+02  3.33384265e-02  4.39178013e+02 
 9.89263510e-06  6.32017532e+02  3.29846399e-02  4.50405119e+02 
 9.89288191e-06  6.32017549e+02  3.26157857e-02  4.61179921e+02 
 9.89312880e-06  6.32017566e+02  3.22323503e-02  4.71512070e+02 
 9.89337586e-06  6.32017583e+02  3.18347553e-02  4.81412168e+02 
 9.89362317e-06  6.32017599e+02  3.14234357e-02  4.90889709e+02 
 9.89387084e-06  6.32017616e+02  3.09987740e-02  4.99954809e+02 
 9.89411893e-06  6.32017632e+02  3.05611598e-02  5.08616863e+02 
 9.89436754e-06  6.32017648e+02  3.01109395e-02  5.16885674e+02 
 9.89461674e-06  6.32017664e+02  2.96484615e-02  5.24770581e+02 
 9.89486662e-06  6.32017679e+02  2.91740380e-02  5.32281192e+02 
 9.89511725e-06  6.32017695e+02  2.86879790e-02  5.39426819e+02 
 9.89536872e-06  6.32017710e+02  2.81905636e-02  5.46216954e+02 
 9.89562110e-06  6.32017725e+02  2.76820651e-02  5.52660903e+02 
 9.89587447e-06  6.32017740e+02  2.71627299e-02  5.58768091e+02 
 9.89612891e-06  6.32017754e+02  2.66327953e-02  5.64547829e+02 
 9.89638451e-06  6.32017769e+02  2.60924745e-02  5.70009510e+02 
 9.89664133e-06  6.32017783e+02  2.55419691e-02  5.75162457e+02 
 9.89689948e-06  6.32017797e+02  2.49814579e-02  5.80016049e+02 
 9.89715903e-06  6.32017810e+02  2.44111062e-02  5.84579621e+02 
 9.89742008e-06  6.32017824e+02  2.38310567e-02  5.88862547e+02 
 9.89768270e-06  6.32017837e+02  2.32414368e-02  5.92874175e+02 
 9.89794701e-06  6.32017850e+02  2.26423511e-02  5.96623875e+02 
 9.89821308e-06  6.32017862e+02  2.20338864e-02  6.00121000e+02 
 9.89848103e-06  6.32017875e+02  2.14161064e-02  6.03374914e+02 
 9.89875096e-06  6.32017887e+02  2.07890544e-02  6.06394966e+02 
 9.89902298e-06  6.32017899e+02  2.01527492e-02  6.09190505e+02 
 9.89929721e-06  6.32017910e+02  1.95071864e-02  6.11770865e+02 
 9.89957376e-06  6.32017922e+02  1.88523354e-02  6.14145369e+02 
 9.89985277e-06  6.32017933e+02  1.81881395e-02  6.16323321e+02 
 9.90013436e-06  6.32017943e+02  1.75145131e-02  6.18314003e+02 
 9.90041869e-06  6.32017954e+02  1.68313413e-02  6.20126666e+02 
 9.90070591e-06  6.32017964e+02  1.61384777e-02  6.21770531e+02 
 9.90099617e-06  6.32017974e+02  1.54357437e-02  6.23254776e+02 
 9.90128964e-06  6.32017983e+02  1.47229264e-02  6.24588533e+02 
 9.90158651e-06  6.32017992e+02  1.39997786e-02  6.25780874e+02 
 9.90188696e-06  6.32018001e+02  1.32660186e-02  6.26840805e+02 
 9.90219119e-06  6.32018009e+02  1.25213318e-02  6.27777251e+02 
 9.90249716e-06  6.32018017e+02  1.17708924e-02  6.28593481e+02 
 9.90280162e-06  6.32018024e+02  1.10228612e-02  6.29293255e+02 
 9.90310496e-06  6.32018031e+02  1.02765030e-02  6.29890620e+02 
 9.90340467e-06  6.32018038e+02  9.53813405e-03  6.30393690e+02 
 9.90370048e-06  6.32018043e+02  8.80864011e-03  6.30814863e+02 
 9.90398957e-06  6.32018049e+02  8.09506333e-03  6.31162612e+02 
 9.90426987e-06  6.32018053e+02  7.40269920e-03  6.31446677e+02 
 9.90453728e-06  6.32018057e+02  6.74179622e-03  6.31674804e+02 
 9.90475969e-06  6.32018060e+02  6.19186102e-03  6.31836330e+02 
 9.90481047e-06  6.32018061e+02  6.06628367e-03  6.31869921e+02 
 9.90490039e-06  6.32018062e+02  5.84387359e-03  6.31926585e+02 
 9.90498523e-06  6.32018063e+02  5.63399816e-03  6.31976865e+02 
 9.90505732e-06  6.32018064e+02  5.45563226e-03  6.32017259e+02 
 9.90512715e-06  6.32018065e+02  5.28286498e-03  6.32054417e+02 
 9.90517788e-06  6.32018065e+02  5.15735250e-03  6.32080236e+02 
 9.90524602e-06  6.32018066e+02  4.98872269e-03  6.32113418e+02 
 9.90533685e-06  6.32018067e+02  4.76394292e-03  6.32155057e+02 
 9.90545629e-06  6.32018068e+02  4.46831533e-03  6.32205526e+02 
 9.90560236e-06  6.32018070e+02  4.10675302e-03  6.32261015e+02 
 9.90571566e-06  6.32018070e+02  3.82626768e-03  6.32299624e+02 
 9.90581794e-06  6.32018071e+02  3.57306230e-03  6.32331344e+02 
 9.90594013e-06  6.32018072e+02  3.27051420e-03  6.32365560e+02 
 9.90618452e-06  6.32018074e+02  2.66535669e-03  6.32422830e+02 
 9.90621507e-06  6.32018074e+02  2.58969152e-03  6.32428992e+02 
 9.90627618e-06  6.32018074e+02  2.43835807e-03  6.32440677e+02 
 9.90632249e-06  6.32018074e+02  2.32367451e-03  6.32448973e+02 
 9.90636938e-06  6.32018075e+02  2.20755213e-03  6.32456886e+02 
 9.90641571e-06  6.32018075e+02  2.09281705e-03  6.32464229e+02 
 9.90646230e-06  6.32018075e+02  1.97742882e-03  6.32471139e+02 
 9.90650891e-06  6.32018075e+02  1.86199843e-03  6.32477576e+02 
 9.90655894e-06  6.32018075e+02  1.73809496e-03  6.32483959e+02 
 9.90660581e-06  6.32018076e+02  1.62200490e-03  6.32489443e+02 
 9.90665550e-06  6.32018076e+02  1.49892697e-03  6.32494736e+02 
 9.90670450e-06  6.32018076e+02  1.37756182e-03  6.32499430e+02 
 9.90675844e-06  6.32018076e+02  1.24396216e-03  6.32503996e+02 
 9.90681814e-06  6.32018076e+02  1.09610260e-03  6.32508321e+02 
 9.90689066e-06  6.32018076e+02  9.16486686e-04  6.32512563e+02 
 9.90693113e-06  6.32018076e+02  8.16241120e-04  6.32514456e+02 
 9.90696466e-06  6.32018077e+02  7.33194020e-04  6.32515772e+02 
 9.90699746e-06  6.32018077e+02  6.51956523e-04  6.32516843e+02 
 9.90703317e-06  6.32018077e+02  5.63498699e-04  6.32517770e+02 
 9.90707105e-06  6.32018077e+02  4.69669299e-04  6.32518488e+02 
 9.90711392e-06  6.32018077e+02  3.63497217e-04  6.32518979e+02 
 9.90715272e-06  6.32018077e+02  2.67380644e-04  6.32519138e+02 
 9.90719455e-06  6.32018077e+02  1.63771599e-04  6.32519014e+02 
 9.90723325e-06  6.32018077e+02  6.79199924e-05  6.32518633e+02 
 9.90727490e-06  6.32018077e+02 -3.52300194e-05  6.32517945e+02 
 9.90731506e-06  6.32018077e+02 -1.34707753e-04  6.32517015e+02 
 9.90735862e-06  6.32018077e+02 -2.42617366e-04  6.32515716e+02 
 9.90740232e-06  6.32018077e+02 -3.50836654e-04  6.32514116e+02 
 9.90745056e-06  6.32018077e+02 -4.70337273e-04  6.32512007e+02 
 9.90750142e-06  6.32018077e+02 -5.96299450e-04  6.32509399e+02 
 9.90756081e-06  6.32018077e+02 -7.43394404e-04  6.32505852e+02 
 9.90763271e-06  6.32018076e+02 -9.21477416e-04  6.32500829e+02 
 9.90768246e-06  6.32018076e+02 -1.04471430e-03  6.32496879e+02 
 9.90773125e-06  6.32018076e+02 -1.16555766e-03  6.32492620e+02 
 9.90777836e-06  6.32018076e+02 -1.28222597e-03  6.32488139e+02 
 9.90782675e-06  6.32018076e+02 -1.40207703e-03  6.32483146e+02 
 9.90787643e-06  6.32018076e+02 -1.52510748e-03  6.32477602e+02 
 9.90793233e-06  6.32018076e+02 -1.66355209e-03  6.32470838e+02 
 9.90798315e-06  6.32018075e+02 -1.78941374e-03  6.32464192e+02 
 9.90803816e-06  6.32018075e+02 -1.92565457e-03  6.32456448e+02 
 9.90809030e-06  6.32018075e+02 -2.05479167e-03  6.32448563e+02 
 9.90814656e-06  6.32018075e+02 -2.19411801e-03  6.32439444e+02 
 9.90820250e-06  6.32018074e+02 -2.33264257e-03  6.32429729e+02 
 9.90826324e-06  6.32018074e+02 -2.48307255e-03  6.32418423e+02 
 9.90832618e-06  6.32018074e+02 -2.63891705e-03  6.32405855e+02 
 9.90839554e-06  6.32018073e+02 -2.81067250e-03  6.32390963e+02 
 9.90847065e-06  6.32018073e+02 -2.99664482e-03  6.32373565e+02 
 9.90855600e-06  6.32018072e+02 -3.20799080e-03  6.32352126e+02 
 9.90865462e-06  6.32018072e+02 -3.45214915e-03  6.32325056e+02 
 9.90877629e-06  6.32018071e+02 -3.75338144e-03  6.32288086e+02 
 9.90890002e-06  6.32018070e+02 -4.05967377e-03  6.32246210e+02 
 9.90899463e-06  6.32018069e+02 -4.29384763e-03  6.32211109e+02 
 9.90910612e-06  6.32018068e+02 -4.56979283e-03  6.32166117e+02 
 9.90917935e-06  6.32018067e+02 -4.75103199e-03  6.32134326e+02 
 9.90924185e-06  6.32018066e+02 -4.90570160e-03  6.32105729e+02 
 9.90928967e-06  6.32018066e+02 -5.02402605e-03  6.32082913e+02 
 9.90934059e-06  6.32018065e+02 -5.15004200e-03  6.32057692e+02 
 9.90938886e-06  6.32018065e+02 -5.26948028e-03  6.32032888e+02 
 9.90944202e-06  6.32018064e+02 -5.40098990e-03  6.32004539e+02 
 9.90950179e-06  6.32018064e+02 -5.54887218e-03  6.31971323e+02 
 9.90956878e-06  6.32018063e+02 -5.71457828e-03  6.31932372e+02 
 9.90964107e-06  6.32018062e+02 -5.89338045e-03  6.31888216e+02 
 9.90971797e-06  6.32018061e+02 -6.08357796e-03  6.31838736e+02 
 9.90979839e-06  6.32018060e+02 -6.28246606e-03  6.31784118e+02 
 9.90988251e-06  6.32018059e+02 -6.49044957e-03  6.31723725e+02 
 9.90996968e-06  6.32018057e+02 -6.70597507e-03  6.31657460e+02 
 9.91006020e-06  6.32018056e+02 -6.92973507e-03  6.31584522e+02 
 9.91015353e-06  6.32018055e+02 -7.16038634e-03  6.31504725e+02 
 9.91024996e-06  6.32018053e+02 -7.39865846e-03  6.31417147e+02 
 9.91034900e-06  6.32018052e+02 -7.64333934e-03  6.31321517e+02 
 9.91045098e-06  6.32018050e+02 -7.89522326e-03  6.31216756e+02 
 9.91055547e-06  6.32018048e+02 -8.15324882e-03  6.31102473e+02 
 9.91066279e-06  6.32018046e+02 -8.41819259e-03  6.30977431e+02 
 9.91087743e-06  6.32018042e+02 -8.94784001e-03  6.30702514e+02 
 9.91111009e-06  6.32018038e+02 -9.52153376e-03  6.30364039e+02 
 9.91135609e-06  6.32018033e+02 -1.01276155e-02  6.29955705e+02 
 9.91168936e-06  6.32018025e+02 -1.09477055e-02  6.29310325e+02 
 9.91199760e-06  6.32018018e+02 -1.17050587e-02  6.28607601e+02 
 9.91235225e-06  6.32018009e+02 -1.25747866e-02  6.27657103e+02 
 9.91267397e-06  6.32018000e+02 -1.33620075e-02  6.26647587e+02 
 9.91301298e-06  6.32017990e+02 -1.41894124e-02  6.25414374e+02 
 9.91332666e-06  6.32017980e+02 -1.49527598e-02  6.24101861e+02 
 9.91364938e-06  6.32017969e+02 -1.57355687e-02  6.22561959e+02 
 9.91395456e-06  6.32017959e+02 -1.64730885e-02  6.20912469e+02 
 9.91426487e-06  6.32017948e+02 -1.72199894e-02  6.19025327e+02 
 9.91456273e-06  6.32017937e+02 -1.79336523e-02  6.16998522e+02 
 9.91486320e-06  6.32017925e+02 -1.86499830e-02  6.14723326e+02 
 9.91515449e-06  6.32017913e+02 -1.93406265e-02  6.12280193e+02 
 9.91544677e-06  6.32017901e+02 -2.00294025e-02  6.09577548e+02 
 9.91573210e-06  6.32017889e+02 -2.06973936e-02  6.06680141e+02 
 9.91601741e-06  6.32017876e+02 -2.13604891e-02  6.03511300e+02 
 9.91629735e-06  6.32017863e+02 -2.20060181e-02  6.00122144e+02 
 9.91657665e-06  6.32017850e+02 -2.26445951e-02  5.96448772e+02 
 9.91685172e-06  6.32017836e+02 -2.32676900e-02  5.92530758e+02 
 9.91712582e-06  6.32017823e+02 -2.38823832e-02  5.88314992e+02 
 9.91739651e-06  6.32017809e+02 -2.44828972e-02  5.83831439e+02 
 9.91766607e-06  6.32017794e+02 -2.50739321e-02  5.79035975e+02 
 9.91793284e-06  6.32017780e+02 -2.56515434e-02  5.73950684e+02 
 9.91819842e-06  6.32017765e+02 -2.62188203e-02  5.68538840e+02 
 9.91846169e-06  6.32017751e+02 -2.67730383e-02  5.62816140e+02 
 9.91872379e-06  6.32017735e+02 -2.73161912e-02  5.56751897e+02 
 9.91898398e-06  6.32017720e+02 -2.78463637e-02  5.50356692e+02 
 9.91924304e-06  6.32017705e+02 -2.83648007e-02  5.43604725e+02 
 9.91950051e-06  6.32017689e+02 -2.88701207e-02  5.36502520e+02 
 9.91975695e-06  6.32017673e+02 -2.93630524e-02  5.29028213e+02 
 9.92001207e-06  6.32017657e+02 -2.98425624e-02  5.21185138e+02 
 9.92026627e-06  6.32017641e+02 -3.03090204e-02  5.12954578e+02 
 9.92051938e-06  6.32017624e+02 -3.07616155e-02  5.04337378e+02 
 9.92077172e-06  6.32017608e+02 -3.12004639e-02  4.95317325e+02 
 9.92102318e-06  6.32017591e+02 -3.16248918e-02  4.85893331e+02 
 9.92127400e-06  6.32017574e+02 -3.20348324e-02  4.76051152e+02 
 9.92152415e-06  6.32017557e+02 -3.24296904e-02  4.65788196e+02 
 9.92177382e-06  6.32017539e+02 -3.28092623e-02  4.55091750e+02 
 9.92202301e-06  6.32017522e+02 -3.31729906e-02  4.43958031e+02 
 9.92227189e-06  6.32017504e+02 -3.35205646e-02  4.32375478e+02 
 9.92252050e-06  6.32017486e+02 -3.38514347e-02  4.20339336e+02 
 9.92276897e-06  6.32017469e+02 -3.41652008e-02  4.07838858e+02 
 9.92301738e-06  6.32017450e+02 -3.44612984e-02  3.94868434e+02 
 9.92326586e-06  6.32017432e+02 -3.47392463e-02  3.81417803e+02 
 9.92351448e-06  6.32017414e+02 -3.49984459e-02  3.67480519e+02 
 9.92376341e-06  6.32017395e+02 -3.52383353e-02  3.53046464e+02 
 9.92401273e-06  6.32017376e+02 -3.54582631e-02  3.38108256e+02 
 9.92426259e-06  6.32017357e+02 -3.56575805e-02  3.22655515e+02 
 9.92451313e-06  6.32017338e+02 -3.58355625e-02  3.06679681e+02 
 9.92476451e-06  6.32017319e+02 -3.59914587e-02  2.90169586e+02 
 9.92501689e-06  6.32017300e+02 -3.61244440e-02  2.73115035e+02 
 9.92527047e-06  6.32017280e+02 -3.62336413e-02  2.55503339e+02 
 9.92552543e-06  6.32017261e+02 -3.63180888e-02  2.37321891e+02 
 9.92578203e-06  6.32017241e+02 -3.63767420e-02  2.18555366e+02 
 9.92604050e-06  6.32017221e+02 -3.64084471e-02  1.99187439e+02 
 9.92630116e-06  6.32017201e+02 -3.64119255e-02  1.79198357e+02 
 9.92656434e-06  6.32017180e+02 -3.63857434e-02  1.58565814e+02 
 9.92682894e-06  6.32017160e+02 -3.63286912e-02  1.37384595e+02 
 9.92709318e-06  6.32017139e+02 -3.62403407e-02  1.15813924e+02 
 9.92735809e-06  6.32017119e+02 -3.61196989e-02  9.37924406e+01 
 9.92762265e-06  6.32017099e+02 -3.59666047e-02  7.14275417e+01 
 9.92788787e-06  6.32017078e+02 -3.57798857e-02  4.86595460e+01 
 9.92815309e-06  6.32017058e+02 -3.55593913e-02  2.55720859e+01 
 9.92841906e-06  6.32017038e+02 -3.53039090e-02  2.12945523e+00 
 9.92868533e-06  6.32017018e+02 -3.50132652e-02 -2.15977202e+01 
 9.92895244e-06  6.32016999e+02 -3.46862775e-02 -4.56253046e+01 
 9.92922011e-06  6.32016979e+02 -3.43227170e-02 -6.98919678e+01 
 9.92948875e-06  6.32016959e+02 -3.39214475e-02 -9.43985924e+01 
 9.92975816e-06  6.32016940e+02 -3.34822331e-02 -1.19086225e+02 
 9.93002884e-06  6.32016921e+02 -3.30037149e-02 -1.43958043e+02 
 9.93030046e-06  6.32016902e+02 -3.24859234e-02 -1.68940345e+02 
 9.93057353e-06  6.32016883e+02 -3.19273958e-02 -1.94032063e+02 
 9.93084787e-06  6.32016865e+02 -3.13280257e-02 -2.19165429e+02 
 9.93112389e-06  6.32016847e+02 -3.06864258e-02 -2.44325674e+02 
 9.93140153e-06  6.32016829e+02 -3.00023252e-02 -2.69448936e+02 
 9.93168114e-06  6.32016811e+02 -2.92743982e-02 -2.94508198e+02 
 9.93196274e-06  6.32016794e+02 -2.85021999e-02 -3.19440923e+02 
 9.93224669e-06  6.32016777e+02 -2.76844170e-02 -3.44209596e+02 
 9.93253003e-06  6.32016760e+02 -2.68297829e-02 -3.68492883e+02 
 9.93278795e-06  6.32016746e+02 -2.60189057e-02 -3.90170132e+02 
 9.93304044e-06  6.32016732e+02 -2.51953461e-02 -4.10949283e+02 
 9.93327322e-06  6.32016720e+02 -2.44105119e-02 -4.29682102e+02 
 9.93350155e-06  6.32016708e+02 -2.36174084e-02 -4.47627146e+02 
 9.93371633e-06  6.32016698e+02 -2.28508677e-02 -4.64089452e+02 
 9.93392735e-06  6.32016688e+02 -2.20788167e-02 -4.79844447e+02 
 9.93412847e-06  6.32016678e+02 -2.13260637e-02 -4.94449434e+02 
 9.93432601e-06  6.32016669e+02 -2.05710501e-02 -5.08384202e+02 
 9.93451583e-06  6.32016661e+02 -1.98313172e-02 -5.21373704e+02 
 9.93470212e-06  6.32016654e+02 -1.90922302e-02 -5.33722698e+02 
 9.93488214e-06  6.32016646e+02 -1.83660688e-02 -5.45265910e+02 
 9.93505870e-06  6.32016640e+02 -1.76428778e-02 -5.56200737e+02 
 9.93522997e-06  6.32016633e+02 -1.69312341e-02 -5.66431496e+02 
 9.93539786e-06  6.32016627e+02 -1.62244035e-02 -5.76088295e+02 
 9.93556116e-06  6.32016622e+02 -1.55283887e-02 -5.85118945e+02 
 9.93572115e-06  6.32016617e+02 -1.48386802e-02 -5.93611121e+02 
 9.93587705e-06  6.32016612e+02 -1.41594983e-02 -6.01539625e+02 
 9.93602973e-06  6.32016607e+02 -1.34878690e-02 -6.08965340e+02 
 9.93617865e-06  6.32016603e+02 -1.28267822e-02 -6.15879685e+02 
 9.93632442e-06  6.32016599e+02 -1.21743230e-02 -6.22326629e+02 
 9.93646668e-06  6.32016596e+02 -1.15326365e-02 -6.28307704e+02 
 9.93660583e-06  6.32016592e+02 -1.09005391e-02 -6.33856207e+02 
 9.93674163e-06  6.32016589e+02 -1.02796007e-02 -6.38979731e+02 
 9.93687435e-06  6.32016587e+02 -9.66914410e-03 -6.43704845e+02 
 9.93700382e-06  6.32016584e+02 -9.07035324e-03 -6.48042707e+02 
 9.93713021e-06  6.32016582e+02 -8.48290563e-03 -6.52015647e+02 
 9.93725339e-06  6.32016579e+02 -7.90773275e-03 -6.55636865e+02 
 9.93737347e-06  6.32016578e+02 -7.34476607e-03 -6.58926024e+02 
 9.93749035e-06  6.32016576e+02 -6.79478113e-03 -6.61897457e+02 
 9.93760406e-06  6.32016574e+02 -6.25789969e-03 -6.64569152e+02 
 9.93771452e-06  6.32016573e+02 -5.73481395e-03 -6.66956039e+02 
 9.93782173e-06  6.32016572e+02 -5.22580028e-03 -6.69075063e+02 
 9.93792559e-06  6.32016570e+02 -4.73152676e-03 -6.70941455e+02 
 9.93802605e-06  6.32016569e+02 -4.25241221e-03 -6.72571518e+02 
 9.93812303e-06  6.32016569e+02 -3.78915606e-03 -6.73980628e+02 
 9.93821641e-06  6.32016568e+02 -3.34233099e-03 -6.75184715e+02 
 9.93830609e-06  6.32016567e+02 -2.91273122e-03 -6.76199237e+02 
 9.93839191e-06  6.32016567e+02 -2.50112532e-03 -6.77039936e+02 
 9.93847371e-06  6.32016566e+02 -2.10849240e-03 -6.77722349e+02 
 9.93855128e-06  6.32016566e+02 -1.73589258e-03 -6.78262181e+02 
 9.93862436e-06  6.32016566e+02 -1.38464894e-03 -6.78675102e+02 
 9.93869264e-06  6.32016566e+02 -1.05632861e-03 -6.78976936e+02 
 9.93875572e-06  6.32016566e+02 -7.52951446e-04 -6.79183622e+02 
 9.93880652e-06  6.32016566e+02 -5.08580446e-04 -6.79299690e+02 
 9.93884735e-06  6.32016565e+02 -3.12119064e-04 -6.79360391e+02 
 9.93887989e-06  6.32016565e+02 -1.55586718e-04 -6.79387952e+02 
 9.93890789e-06  6.32016565e+02 -2.08323692e-05 -6.79396902e+02 
 9.93893653e-06  6.32016565e+02  1.16974006e-04 -6.79391913e+02 
 9.93896564e-06  6.32016565e+02  2.56996703e-04 -6.79372199e+02 
 9.93900606e-06  6.32016566e+02  4.51476875e-04 -6.79320326e+02 
 9.93905028e-06  6.32016566e+02  6.64240231e-04 -6.79230950e+02 
 9.93910433e-06  6.32016566e+02  9.24201453e-04 -6.79075465e+02 
 9.93916151e-06  6.32016566e+02  1.19917986e-03 -6.78855578e+02 
 9.93922609e-06  6.32016566e+02  1.50967482e-03 -6.78538765e+02 
 9.93929352e-06  6.32016566e+02  1.83370900e-03 -6.78130576e+02 
 9.93936692e-06  6.32016567e+02  2.18620492e-03 -6.77596487e+02 
 9.93944315e-06  6.32016567e+02  2.55209755e-03 -6.76942725e+02 
 9.93952445e-06  6.32016567e+02  2.94195111e-03 -6.76134591e+02 
 9.93960861e-06  6.32016568e+02  3.34513691e-03 -6.75177525e+02 
 9.93969720e-06  6.32016569e+02  3.76902992e-03 -6.74038005e+02 
 9.93978866e-06  6.32016569e+02  4.20602406e-03 -6.72719849e+02 
 9.93988409e-06  6.32016570e+02  4.66123725e-03 -6.71191423e+02 
 9.93998238e-06  6.32016571e+02  5.12918319e-03 -6.69454455e+02 
 9.94008431e-06  6.32016572e+02  5.61338737e-03 -6.67479470e+02 
 9.94018907e-06  6.32016574e+02  6.10985970e-03 -6.65265942e+02 
 9.94029723e-06  6.32016575e+02  6.62099812e-03 -6.62786568e+02 
 9.94040821e-06  6.32016577e+02  7.14387042e-03 -6.60038600e+02 
 9.94052242e-06  6.32016579e+02  7.68007437e-03 -6.56996758e+02 
 9.94063943e-06  6.32016581e+02  8.22742628e-03 -6.53656216e+02 
 9.94075956e-06  6.32016583e+02  8.78695511e-03 -6.49993478e+02 
 9.94088250e-06  6.32016585e+02  9.35700680e-03 -6.46001829e+02 
 9.94100847e-06  6.32016588e+02  9.93820522e-03 -6.41659267e+02 
 9.94113729e-06  6.32016591e+02  1.05292706e-02 -6.36957377e+02 
 9.94126911e-06  6.32016594e+02  1.11305373e-02 -6.31875344e+02 
 9.94140381e-06  6.32016597e+02  1.17409890e-02 -6.26403217e+02 
 9.94154152e-06  6.32016600e+02  1.23607524e-02 -6.20521045e+02 
 9.94168218e-06  6.32016604e+02  1.29889958e-02 -6.14217460e+02 
 9.94182590e-06  6.32016608e+02  1.36256958e-02 -6.07473045e+02 
 9.94197264e-06  6.32016613e+02  1.42701486e-02 -6.00275064e+02 
 9.94212254e-06  6.32016617e+02  1.49222217e-02 -5.92604281e+02 
 9.94227559e-06  6.32016622e+02  1.55812992e-02 -5.84446558e+02 
 9.94243192e-06  6.32016628e+02  1.62471680e-02 -5.75782449e+02 
 9.94259157e-06  6.32016633e+02  1.69192717e-02 -5.66596263e+02 
 9.94275467e-06  6.32016639e+02  1.75973376e-02 -5.56867876e+02 
 9.94292130e-06  6.32016646e+02  1.82808490e-02 -5.46579744e+02 
 9.94309163e-06  6.32016652e+02  1.89694891e-02 -5.35710456e+02 
 9.94326579e-06  6.32016659e+02  1.96627683e-02 -5.24240097e+02 
 9.94344394e-06  6.32016667e+02  2.03603385e-02 -5.12145129e+02 
 9.94362629e-06  6.32016675e+02  2.10617307e-02 -4.99402411e+02 
 9.94381307e-06  6.32016684e+02  2.17665781e-02 -4.85985043e+02 
 9.94400452e-06  6.32016693e+02  2.24744327e-02 -4.71865245e+02 
 9.94420096e-06  6.32016702e+02  2.31849250e-02 -4.57010825e+02 
 9.94440274e-06  6.32016712e+02  2.38976378e-02 -4.41386983e+02 
 9.94461028e-06  6.32016723e+02  2.46122241e-02 -4.24953006e+02 
 9.94482408e-06  6.32016734e+02  2.53283251e-02 -4.07662861e+02 
 9.94504475e-06  6.32016746e+02  2.60456635e-02 -3.89461498e+02 
 9.94527301e-06  6.32016759e+02  2.67640028e-02 -3.70283637e+02 
 9.94550979e-06  6.32016773e+02  2.74832383e-02 -3.50048361e+02 
 9.94575626e-06  6.32016787e+02  2.82034107e-02 -3.28654195e+02 
 9.94601396e-06  6.32016803e+02  2.89248431e-02 -3.05968307e+02 
 9.94628497e-06  6.32016820e+02  2.96482818e-02 -2.81811136e+02 
 9.94657227e-06  6.32016838e+02  3.03752500e-02 -2.55926172e+02 
 9.94685026e-06  6.32016856e+02  3.10392072e-02 -2.30664947e+02 
 9.94713390e-06  6.32016875e+02  3.16763309e-02 -2.04732115e+02 
 9.94740803e-06  6.32016894e+02  3.22532218e-02 -1.79569358e+02 
 9.94768543e-06  6.32016913e+02  3.27979680e-02 -1.54060467e+02 
 9.94795608e-06  6.32016932e+02  3.32915845e-02 -1.29176682e+02 
 9.94822900e-06  6.32016952e+02  3.37515138e-02 -1.04135334e+02 
 9.94849712e-06  6.32016971e+02  3.41664616e-02 -7.96288873e+01 
 9.94876669e-06  6.32016991e+02  3.45469898e-02 -5.51249427e+01 
 9.94903271e-06  6.32017010e+02  3.48866622e-02 -3.11177259e+01 
 9.94929966e-06  6.32017030e+02  3.51920262e-02 -7.23703792e+00 
 9.94956396e-06  6.32017050e+02  3.54596501e-02  1.61631952e+01 
 9.94982879e-06  6.32017070e+02  3.56935743e-02  3.93365191e+01 
 9.95009166e-06  6.32017090e+02  3.58922787e-02  6.20352024e+01 
 9.95035484e-06  6.32017110e+02  3.60582621e-02  8.44299930e+01 
 9.95061659e-06  6.32017130e+02  3.61911310e-02  1.06348159e+02 
 9.95087852e-06  6.32017151e+02  3.62924714e-02  1.27903452e+02 
 9.95113942e-06  6.32017171e+02  3.63625288e-02  1.48975763e+02 
 9.95140045e-06  6.32017191e+02  3.64023655e-02  1.69640194e+02 
 9.95166077e-06  6.32017211e+02  3.64125701e-02  1.89813514e+02 
 9.95192122e-06  6.32017231e+02  3.63939158e-02  2.09545012e+02 
 9.95218122e-06  6.32017251e+02  3.63471586e-02  2.28777354e+02 
 9.95244137e-06  6.32017272e+02  3.62729202e-02  2.47542791e+02 
 9.95270129e-06  6.32017292e+02  3.61720219e-02  2.65802305e+02 
 9.95295910e-06  6.32017311e+02  3.60462488e-02  2.83421801e+02 
 9.95321518e-06  6.32017331e+02  3.58966870e-02  3.00430261e+02 
 9.95346926e-06  6.32017350e+02  3.57247287e-02  3.16813914e+02 
 9.95372194e-06  6.32017370e+02  3.55311245e-02  3.32617105e+02 
 9.95397319e-06  6.32017388e+02  3.53169626e-02  3.47842608e+02 
 9.95422346e-06  6.32017407e+02  3.50828385e-02  3.62523325e+02 
 9.95447274e-06  6.32017426e+02  3.48296830e-02  3.76663167e+02 
 9.95472137e-06  6.32017444e+02  3.45580219e-02  3.90286021e+02 
 9.95496933e-06  6.32017462e+02  3.42686654e-02  4.03397025e+02 
 9.95521689e-06  6.32017480e+02  3.39620887e-02  4.16014868e+02 
 9.95546407e-06  6.32017498e+02  3.36389966e-02  4.28146000e+02 
 9.95571105e-06  6.32017516e+02  3.32998236e-02  4.39805881e+02 
 9.95595789e-06  6.32017533e+02  3.29451850e-02  4.51001903e+02 
 9.95620474e-06  6.32017550e+02  3.25754817e-02  4.61747389e+02 
 9.95645164e-06  6.32017567e+02  3.21912538e-02  4.72050350e+02 
 9.95669875e-06  6.32017584e+02  3.17928728e-02  4.81922688e+02 
 9.95694609e-06  6.32017601e+02  3.13808149e-02  4.91372818e+02 
 9.95719381e-06  6.32017617e+02  3.09554240e-02  5.00411707e+02 
 9.95744194e-06  6.32017633e+02  3.05171209e-02  5.09048044e+02 
 9.95769061e-06  6.32017649e+02  3.00662225e-02  5.17292185e+02 
 9.95793986e-06  6.32017665e+02  2.96031005e-02  5.25153010e+02 
 9.95818980e-06  6.32017681e+02  2.91280448e-02  5.32640482e+02 
 9.95844050e-06  6.32017696e+02  2.86413827e-02  5.39763617e+02 
 9.95869203e-06  6.32017711e+02  2.81433764e-02  5.46532134e+02 
 9.95894448e-06  6.32017726e+02  2.76343118e-02  5.52955145e+02 
 9.95919792e-06  6.32017741e+02  2.71144223e-02  5.59042221e+02 
 9.95945244e-06  6.32017756e+02  2.65839548e-02  5.64802548e+02 
 9.95970812e-06  6.32017770e+02  2.60431125e-02  5.70245609e+02 
 9.95996503e-06  6.32017784e+02  2.54921038e-02  5.75380647e+02 
 9.96022327e-06  6.32017798e+02  2.49311001e-02  5.80217094e+02 
 9.96048291e-06  6.32017811e+02  2.43602712e-02  5.84764235e+02 
 9.96074405e-06  6.32017825e+02  2.37797544e-02  5.89031475e+02 
 9.96100677e-06  6.32017838e+02  2.31896803e-02  5.93028127e+02 
 9.96127117e-06  6.32017851e+02  2.25901491e-02  5.96763578e+02 
 9.96153735e-06  6.32017863e+02  2.19812501e-02  6.00247157e+02 
 9.96180541e-06  6.32017876e+02  2.13630435e-02  6.03488235e+02 
 9.96207545e-06  6.32017888e+02  2.07355743e-02  6.06496143e+02 
 9.96234758e-06  6.32017900e+02  2.00988588e-02  6.09280234e+02 
 9.96262192e-06  6.32017911e+02  1.94528938e-02  6.11849824e+02 
 9.96289860e-06  6.32017923e+02  1.87976470e-02  6.14214235e+02 
 9.96317772e-06  6.32017934e+02  1.81330627e-02  6.16382756e+02 
 9.96345945e-06  6.32017944e+02  1.74590543e-02  6.18364663e+02 
 9.96374390e-06  6.32017955e+02  1.67755081e-02  6.20169195e+02 
 9.96403124e-06  6.32017965e+02  1.60822776e-02  6.21805562e+02 
 9.96432163e-06  6.32017974e+02  1.53791859e-02  6.23282929e+02 
 9.96461522e-06  6.32017984e+02  1.46660213e-02  6.24610413e+02 
 9.96491222e-06  6.32017993e+02  1.39425398e-02  6.25797071e+02 
 9.96521279e-06  6.32018001e+02  1.32084628e-02  6.26851892e+02 
 9.96551713e-06  6.32018010e+02  1.24634811e-02  6.27783783e+02 
 9.96582361e-06  6.32018018e+02  1.17117844e-02  6.28597015e+02 
 9.96612841e-06  6.32018025e+02  1.09629301e-02  6.29293731e+02 
 9.96643233e-06  6.32018032e+02  1.02151265e-02  6.29888903e+02 
 9.96673254e-06  6.32018038e+02  9.47554227e-03  6.30389896e+02 
 9.96702906e-06  6.32018044e+02  8.74428358e-03  6.30809569e+02 
 9.96731889e-06  6.32018049e+02  8.02891550e-03  6.31156015e+02 
 9.96760026e-06  6.32018054e+02  7.33392077e-03  6.31439262e+02 
 9.96786882e-06  6.32018058e+02  6.67018802e-03  6.31666702e+02 
 9.96809364e-06  6.32018061e+02  6.11429501e-03  6.31828602e+02 
 9.96827260e-06  6.32018063e+02  5.67168292e-03  6.31940837e+02 
 9.96831454e-06  6.32018063e+02  5.56791720e-03  6.31965166e+02 
 9.96838287e-06  6.32018064e+02  5.39888975e-03  6.32003259e+02 
 9.96844593e-06  6.32018065e+02  5.24286682e-03  6.32036781e+02 
 9.96852052e-06  6.32018066e+02  5.05828908e-03  6.32074475e+02 
 9.96857720e-06  6.32018066e+02  4.91804619e-03  6.32101738e+02 
 9.96865579e-06  6.32018067e+02  4.72355773e-03  6.32137649e+02 
 9.96873126e-06  6.32018068e+02  4.53676987e-03  6.32170135e+02 
 9.96881083e-06  6.32018069e+02  4.33984739e-03  6.32202343e+02 
 9.96888952e-06  6.32018069e+02  4.14507072e-03  6.32232218e+02 
 9.96897529e-06  6.32018070e+02  3.93275149e-03  6.32262631e+02 
 9.96906080e-06  6.32018071e+02  3.72105591e-03  6.32290810e+02 
 9.96915739e-06  6.32018072e+02  3.48194395e-03  6.32320174e+02 
 9.96926031e-06  6.32018072e+02  3.22712159e-03  6.32348721e+02 
 9.96944495e-06  6.32018073e+02  2.76992758e-03  6.32393255e+02 
 9.96947727e-06  6.32018074e+02  2.68991198e-03  6.32400203e+02 
 9.96954189e-06  6.32018074e+02  2.52987709e-03  6.32413373e+02 
 9.96960055e-06  6.32018074e+02  2.38461441e-03  6.32424505e+02 
 9.96966013e-06  6.32018075e+02  2.23707809e-03  6.32435026e+02 
 9.96971881e-06  6.32018075e+02  2.09176449e-03  6.32444628e+02 
 9.96977644e-06  6.32018075e+02  1.94903738e-03  6.32453336e+02 
 9.96983317e-06  6.32018075e+02  1.80855542e-03  6.32461214e+02 
 9.96989527e-06  6.32018076e+02  1.65474334e-03  6.32469059e+02 
 9.96995186e-06  6.32018076e+02  1.51460279e-03  6.32475504e+02 
 9.97001256e-06  6.32018076e+02  1.36426291e-03  6.32481678e+02 
 9.97007225e-06  6.32018076e+02  1.21643295e-03  6.32487008e+02 
 9.97013970e-06  6.32018076e+02  1.04936381e-03  6.32492156e+02 
 9.97021993e-06  6.32018076e+02  8.50645935e-04  6.32497087e+02 
 9.97025539e-06  6.32018076e+02  7.62832084e-04  6.32498858e+02 
 9.97030773e-06  6.32018077e+02  6.33184681e-04  6.32501024e+02 
 9.97035505e-06  6.32018077e+02  5.15985077e-04  6.32502529e+02 
 9.97040130e-06  6.32018077e+02  4.01448199e-04  6.32503591e+02 
 9.97044608e-06  6.32018077e+02  2.90516324e-04  6.32504242e+02 
 9.97049089e-06  6.32018077e+02  1.79542031e-04  6.32504529e+02 
 9.97054066e-06  6.32018077e+02  5.62802690e-05  6.32504427e+02 
 9.97058621e-06  6.32018077e+02 -5.65489558e-05  6.32503954e+02 
 9.97063616e-06  6.32018077e+02 -1.80276032e-04  6.32503025e+02 
 9.97068339e-06  6.32018077e+02 -2.97241971e-04  6.32501757e+02 
 9.97073574e-06  6.32018077e+02 -4.26909803e-04  6.32499915e+02 
 9.97078790e-06  6.32018077e+02 -5.56096011e-04  6.32497625e+02 
 9.97084778e-06  6.32018077e+02 -7.04413731e-04  6.32494440e+02 
 9.97091276e-06  6.32018076e+02 -8.65336172e-04  6.32490309e+02 
 9.97099966e-06  6.32018076e+02 -1.08058349e-03  6.32483670e+02 
 9.97104987e-06  6.32018076e+02 -1.20492198e-03  6.32479244e+02 
 9.97110662e-06  6.32018076e+02 -1.34547947e-03  6.32473708e+02 
 9.97116180e-06  6.32018076e+02 -1.48212925e-03  6.32467772e+02 
 9.97121878e-06  6.32018076e+02 -1.62324862e-03  6.32461054e+02 
 9.97127738e-06  6.32018075e+02 -1.76838721e-03  6.32453505e+02 
 9.97134023e-06  6.32018075e+02 -1.92402790e-03  6.32444668e+02 
 9.97140091e-06  6.32018075e+02 -2.07429327e-03  6.32435387e+02 
 9.97146547e-06  6.32018075e+02 -2.23416784e-03  6.32424679e+02 
 9.97153059e-06  6.32018074e+02 -2.39543618e-03  6.32412981e+02 
 9.97160112e-06  6.32018074e+02 -2.57008359e-03  6.32399263e+02 
 9.97167591e-06  6.32018073e+02 -2.75529412e-03  6.32383485e+02 
 9.97175934e-06  6.32018073e+02 -2.96186255e-03  6.32364338e+02 
 9.97185325e-06  6.32018072e+02 -3.19437540e-03  6.32340754e+02 
 9.97196465e-06  6.32018072e+02 -3.47020310e-03  6.32309857e+02 
 9.97210917e-06  6.32018070e+02 -3.82796113e-03  6.32264791e+02 
 9.97218229e-06  6.32018070e+02 -4.00896137e-03  6.32239721e+02 
 9.97228766e-06  6.32018069e+02 -4.26979608e-03  6.32200765e+02 
 9.97238586e-06  6.32018068e+02 -4.51283504e-03  6.32161319e+02 
 9.97243763e-06  6.32018067e+02 -4.64094888e-03  6.32139249e+02 
 9.97250305e-06  6.32018067e+02 -4.80286302e-03  6.32110049e+02 
 9.97256677e-06  6.32018066e+02 -4.96053267e-03  6.32080168e+02 
 9.97261510e-06  6.32018066e+02 -5.08010974e-03  6.32056525e+02 
 9.97266620e-06  6.32018065e+02 -5.20656489e-03  6.32030576e+02 
 9.97271661e-06  6.32018065e+02 -5.33128016e-03  6.32004006e+02 
 9.97277620e-06  6.32018064e+02 -5.47870571e-03  6.31971312e+02 
 9.97284522e-06  6.32018063e+02 -5.64943934e-03  6.31931654e+02 
 9.97291682e-06  6.32018062e+02 -5.82652757e-03  6.31888414e+02 
 9.97299505e-06  6.32018061e+02 -6.02002350e-03  6.31838624e+02 
 9.97307464e-06  6.32018060e+02 -6.21684873e-03  6.31785147e+02 
 9.97315994e-06  6.32018059e+02 -6.42777102e-03  6.31724539e+02 
 9.97324639e-06  6.32018058e+02 -6.64149446e-03  6.31659496e+02 
 9.97333801e-06  6.32018056e+02 -6.86796695e-03  6.31586409e+02 
 9.97343067e-06  6.32018055e+02 -7.09696935e-03  6.31507955e+02 
 9.97352809e-06  6.32018054e+02 -7.33770741e-03  6.31420317e+02 
 9.97362650e-06  6.32018052e+02 -7.58083961e-03  6.31326185e+02 
 9.97372938e-06  6.32018050e+02 -7.83494882e-03  6.31221475e+02 
 9.97383330e-06  6.32018049e+02 -8.09156084e-03  6.31108852e+02 
 9.97394143e-06  6.32018047e+02 -8.35849996e-03  6.30983997e+02 
 9.97415769e-06  6.32018043e+02 -8.89213645e-03  6.30709277e+02 
 9.97441773e-06  6.32018038e+02 -9.53334382e-03  6.30330908e+02 
 9.97465257e-06  6.32018033e+02 -1.01119001e-02  6.29939471e+02 
 9.97494856e-06  6.32018026e+02 -1.08403002e-02  6.29371376e+02 
 9.97527809e-06  6.32018018e+02 -1.16500367e-02  6.28629420e+02 
 9.97560790e-06  6.32018010e+02 -1.24589493e-02  6.27757073e+02 
 9.97594905e-06  6.32018000e+02 -1.32938544e-02  6.26701295e+02 
 9.97627288e-06  6.32017991e+02 -1.40843675e-02  6.25538066e+02 
 9.97659974e-06  6.32017981e+02 -1.48799968e-02  6.24187450e+02 
 9.97691268e-06  6.32017971e+02 -1.56392661e-02  6.22711451e+02 
 9.97722661e-06  6.32017960e+02 -1.63981855e-02  6.21033880e+02 
 9.97753050e-06  6.32017949e+02 -1.71298901e-02  6.19205435e+02 
 9.97783427e-06  6.32017938e+02 -1.78580218e-02  6.17159891e+02 
 9.97813053e-06  6.32017926e+02 -1.85646236e-02  6.14938716e+02 
 9.97842589e-06  6.32017915e+02 -1.92652475e-02  6.12485343e+02 
 9.97871541e-06  6.32017902e+02 -1.99478964e-02  6.09832770e+02 
 9.97900357e-06  6.32017890e+02 -2.06229088e-02  6.06932818e+02 
 9.97928708e-06  6.32017877e+02 -2.12822603e-02  6.03810924e+02 
 9.97956901e-06  6.32017864e+02 -2.19328469e-02  6.00426124e+02 
 9.97984715e-06  6.32017851e+02 -2.25692699e-02  5.96797370e+02 
 9.98012363e-06  6.32017838e+02 -2.31961188e-02  5.92889856e+02 
 9.98039699e-06  6.32017824e+02 -2.38097295e-02  5.88717105e+02 
 9.98066871e-06  6.32017810e+02 -2.44131350e-02  5.84249497e+02 
 9.98093780e-06  6.32017796e+02 -2.50038184e-02  5.79496085e+02 
 9.98120532e-06  6.32017782e+02 -2.55837555e-02  5.74431561e+02 
 9.98147063e-06  6.32017767e+02 -2.61511872e-02  5.69061353e+02 
 9.98173447e-06  6.32017752e+02 -2.67073668e-02  5.63363706e+02 
 9.98199641e-06  6.32017737e+02 -2.72510327e-02  5.57341144e+02 
 9.98225702e-06  6.32017722e+02 -2.77829403e-02  5.50974817e+02 
 9.98251601e-06  6.32017706e+02 -2.83021516e-02  5.44264953e+02 
 9.98277380e-06  6.32017691e+02 -2.88090751e-02  5.37195065e+02 
 9.98303022e-06  6.32017675e+02 -2.93029794e-02  5.29763588e+02 
 9.98328559e-06  6.32017659e+02 -2.97840279e-02  5.21955947e+02 
 9.98353980e-06  6.32017643e+02 -3.02516169e-02  5.13769188e+02 
 9.98379310e-06  6.32017626e+02 -3.07057329e-02  5.05190277e+02 
 9.98404546e-06  6.32017610e+02 -3.11458461e-02  4.96215189e+02 
 9.98429707e-06  6.32017593e+02 -3.15718119e-02  4.86832122e+02 
 9.98454792e-06  6.32017576e+02 -3.19831373e-02  4.77036227e+02 
 9.98479818e-06  6.32017559e+02 -3.23795764e-02  4.66816666e+02 
 9.98504788e-06  6.32017541e+02 -3.27606467e-02  4.56167946e+02 
 9.98529715e-06  6.32017524e+02 -3.31260199e-02  4.45079961e+02 
 9.98554605e-06  6.32017506e+02 -3.34752049e-02  4.33546685e+02 
 9.98579471e-06  6.32017489e+02 -3.38078016e-02  4.21558527e+02 
 9.98604320e-06  6.32017471e+02 -3.41232945e-02  4.09108975e+02 
 9.98629163e-06  6.32017452e+02 -3.44212161e-02  3.96188736e+02 
 9.98654010e-06  6.32017434e+02 -3.47010134e-02  3.82790787e+02 
 9.98678873e-06  6.32017416e+02 -3.49621500e-02  3.68905889e+02 
 9.98703763e-06  6.32017397e+02 -3.52040213e-02  3.54526403e+02 
 9.98728692e-06  6.32017378e+02 -3.54260160e-02  3.39642842e+02 
 9.98753674e-06  6.32017360e+02 -3.56274616e-02  3.24246735e+02 
 9.98778722e-06  6.32017341e+02 -3.58076593e-02  3.08327949e+02 
 9.98803853e-06  6.32017321e+02 -3.59658483e-02  2.91876805e+02 
 9.98829082e-06  6.32017302e+02 -3.61012214e-02  2.74881961e+02 
 9.98854427e-06  6.32017283e+02 -3.62129004e-02  2.57331913e+02 
 9.98879911e-06  6.32017263e+02 -3.62999378e-02  2.39213263e+02 
 9.98905554e-06  6.32017243e+02 -3.63612951e-02  2.20511675e+02 
 9.98931384e-06  6.32017223e+02 -3.63958326e-02  2.01210348e+02 
 9.98957428e-06  6.32017203e+02 -3.64022849e-02  1.81290431e+02 
 9.98983721e-06  6.32017183e+02 -3.63792358e-02  1.60729466e+02 
 9.99010196e-06  6.32017162e+02 -3.63253594e-02  1.39586203e+02 
 9.99036608e-06  6.32017142e+02 -3.62403258e-02  1.18074709e+02 
 9.99063113e-06  6.32017121e+02 -3.61229728e-02  9.60879317e+01 
 9.99089558e-06  6.32017101e+02 -3.59733481e-02  7.37757598e+01 
 9.99116089e-06  6.32017081e+02 -3.57900550e-02  5.10421821e+01 
 9.99142602e-06  6.32017061e+02 -3.55731803e-02  2.80016456e+01 
 9.99169203e-06  6.32017041e+02 -3.53212745e-02  4.59167060e+00 
 9.99195821e-06  6.32017021e+02 -3.50343972e-02 -1.90947453e+01 
 9.99222532e-06  6.32017001e+02 -3.47111426e-02 -4.30928863e+01 
 9.99249290e-06  6.32016981e+02 -3.43514952e-02 -6.73252734e+01 
 9.99276151e-06  6.32016962e+02 -3.39541202e-02 -9.18068380e+01 
 9.99303082e-06  6.32016942e+02 -3.35189715e-02 -1.16466856e+02 
 9.99330143e-06  6.32016923e+02 -3.30445086e-02 -1.41319414e+02 
 9.99357293e-06  6.32016904e+02 -3.25309376e-02 -1.66281514e+02 
 9.99384591e-06  6.32016886e+02 -3.19766383e-02 -1.91360370e+02 
 9.99412011e-06  6.32016867e+02 -3.13816511e-02 -2.16481628e+02 
 9.99439601e-06  6.32016849e+02 -3.07444600e-02 -2.41636513e+02 
 9.99467347e-06  6.32016831e+02 -3.00649155e-02 -2.66756566e+02 
 9.99495292e-06  6.32016813e+02 -2.93415884e-02 -2.91819121e+02 
 9.99523433e-06  6.32016796e+02 -2.85741354e-02 -3.16758433e+02 
 9.99551807e-06  6.32016779e+02 -2.77611604e-02 -3.41540211e+02 
 9.99580421e-06  6.32016762e+02 -2.69021147e-02 -3.66098681e+02 
 9.99606271e-06  6.32016748e+02 -2.60927736e-02 -3.87859871e+02 
 9.99631736e-06  6.32016734e+02 -2.52652938e-02 -4.08852942e+02 
 9.99655062e-06  6.32016721e+02 -2.44814870e-02 -4.27659806e+02 
 9.99678041e-06  6.32016710e+02 -2.36858155e-02 -4.45755106e+02 
 9.99699558e-06  6.32016699e+02 -2.29200657e-02 -4.62282482e+02 
 9.99720765e-06  6.32016689e+02 -2.21462535e-02 -4.78151041e+02 
 9.99740914e-06  6.32016680e+02 -2.13939854e-02 -4.92817443e+02 
 9.99760748e-06  6.32016671e+02 -2.06376465e-02 -5.06844021e+02 
 9.99779766e-06  6.32016662e+02 -1.98981092e-02 -5.19892475e+02 
 9.99798460e-06  6.32016655e+02 -1.91579470e-02 -5.32318914e+02 
 9.99816498e-06  6.32016648e+02 -1.84317445e-02 -5.43918443e+02 
 9.99834207e-06  6.32016641e+02 -1.77076228e-02 -5.54920497e+02 
 9.99851369e-06  6.32016634e+02 -1.69957485e-02 -5.65204673e+02 
 9.99868204e-06  6.32016628e+02 -1.62880632e-02 -5.74921043e+02 
 9.99884568e-06  6.32016623e+02 -1.55916628e-02 -5.84002062e+02 
 9.99900609e-06  6.32016618e+02 -1.49011291e-02 -5.92547794e+02 
 9.99916232e-06  6.32016613e+02 -1.42214316e-02 -6.00523555e+02 
 9.99931537e-06  6.32016608e+02 -1.35489745e-02 -6.07997879e+02 
 9.99946462e-06  6.32016604e+02 -1.28872594e-02 -6.14956363e+02 
 9.99961074e-06  6.32016600e+02 -1.22339474e-02 -6.21447670e+02 
 9.99975331e-06  6.32016597e+02 -1.15915316e-02 -6.27469791e+02 
 9.99989279e-06  6.32016593e+02 -1.09585401e-02 -6.33058876e+02 
 1.00000289e-05  6.32016590e+02 -1.03367784e-02 -6.38220391e+02 
 1.00001619e-05  6.32016587e+02 -9.72537413e-03 -6.42982621e+02 
 1.00002917e-05  6.32016585e+02 -9.12566945e-03 -6.47355461e+02 
 1.00004184e-05  6.32016582e+02 -8.53721012e-03 -6.51362260e+02 
 1.00005419e-05  6.32016580e+02 -7.96103307e-03 -6.55015481e+02 
 1.00006623e-05  6.32016578e+02 -7.39698095e-03 -6.58335385e+02 
 1.00007795e-05  6.32016576e+02 -6.84589858e-03 -6.61335878e+02 
 1.00008935e-05  6.32016575e+02 -6.30784767e-03 -6.64035294e+02 
 1.00010043e-05  6.32016573e+02 -5.78356485e-03 -6.66448322e+02 
 1.00011119e-05  6.32016572e+02 -5.27328535e-03 -6.68592103e+02 
 1.00012161e-05  6.32016571e+02 -4.77770449e-03 -6.70481731e+02 
 1.00013169e-05  6.32016570e+02 -4.29721181e-03 -6.72133617e+02 
 1.00014142e-05  6.32016569e+02 -3.83252147e-03 -6.73563063e+02 
 1.00015079e-05  6.32016568e+02 -3.38418360e-03 -6.74786053e+02 
 1.00015980e-05  6.32016568e+02 -2.95299712e-03 -6.75818003e+02 
 1.00016842e-05  6.32016567e+02 -2.53971027e-03 -6.76674678e+02 
 1.00017664e-05  6.32016567e+02 -2.14529711e-03 -6.77371590e+02 
 1.00018444e-05  6.32016567e+02 -1.77079413e-03 -6.77924447e+02 
 1.00019179e-05  6.32016566e+02 -1.41750592e-03 -6.78348899e+02 
 1.00019867e-05  6.32016566e+02 -1.08696256e-03 -6.78660759e+02 
 1.00020503e-05  6.32016566e+02 -7.81137361e-04 -6.78875938e+02 
 1.00021018e-05  6.32016566e+02 -5.33564998e-04 -6.78998512e+02 
 1.00021434e-05  6.32016566e+02 -3.33298101e-04 -6.79063885e+02 
 1.00021769e-05  6.32016566e+02 -1.72360242e-04 -6.79094528e+02 
 1.00022050e-05  6.32016566e+02 -3.72226383e-05 -6.79105192e+02 
 1.00022334e-05  6.32016566e+02  9.94263844e-05 -6.79101991e+02 
 1.00022625e-05  6.32016566e+02  2.39498057e-04 -6.79084114e+02 
 1.00023014e-05  6.32016566e+02  4.26337339e-04 -6.79037268e+02 
 1.00023454e-05  6.32016566e+02  6.38144758e-04 -6.78952361e+02 
 1.00023981e-05  6.32016566e+02  8.91717431e-04 -6.78806259e+02 
 1.00024551e-05  6.32016566e+02  1.16576275e-03 -6.78593876e+02 
 1.00025187e-05  6.32016566e+02  1.47143383e-03 -6.78290176e+02 
 1.00025860e-05  6.32016567e+02  1.79440725e-03 -6.77892684e+02 
 1.00026586e-05  6.32016567e+02  2.14305724e-03 -6.77375165e+02 
 1.00027346e-05  6.32016567e+02  2.50771434e-03 -6.76735540e+02 
 1.00028152e-05  6.32016568e+02  2.89436415e-03 -6.75947344e+02 
 1.00028991e-05  6.32016568e+02  3.29618994e-03 -6.75008021e+02 
 1.00029872e-05  6.32016569e+02  3.71734053e-03 -6.73891751e+02 
 1.00030783e-05  6.32016570e+02  4.15290625e-03 -6.72595033e+02 
 1.00031733e-05  6.32016571e+02  4.60572271e-03 -6.71093149e+02 
 1.00032713e-05  6.32016572e+02  5.07221343e-03 -6.69381362e+02 
 1.00033727e-05  6.32016573e+02  5.55428682e-03 -6.67436226e+02 
 1.00034772e-05  6.32016574e+02  6.04930668e-03 -6.65251650e+02 
 1.00035850e-05  6.32016576e+02  6.55852459e-03 -6.62805466e+02 
 1.00036956e-05  6.32016577e+02  7.07996864e-03 -6.60090240e+02 
 1.00038095e-05  6.32016579e+02  7.61442356e-03 -6.57084985e+02 
 1.00039262e-05  6.32016581e+02  8.16038692e-03 -6.53780992e+02 
 1.00040459e-05  6.32016583e+02  8.71831113e-03 -6.50158305e+02 
 1.00041685e-05  6.32016585e+02  9.28702543e-03 -6.46207037e+02 
 1.00042942e-05  6.32016588e+02  9.86674498e-03 -6.41908069e+02 
 1.00044227e-05  6.32016591e+02  1.04565327e-02 -6.37250428e+02 
 1.00045541e-05  6.32016594e+02  1.10564334e-02 -6.32215628e+02 
 1.00046885e-05  6.32016597e+02  1.16656740e-02 -6.26791675e+02 
 1.00048259e-05  6.32016600e+02  1.22841761e-02 -6.20960488e+02 
 1.00049662e-05  6.32016604e+02  1.29112803e-02 -6.14709085e+02 
 1.00051095e-05  6.32016608e+02  1.35468182e-02 -6.08019547e+02 
 1.00052559e-05  6.32016613e+02  1.41902084e-02 -6.00877877e+02 
 1.00054055e-05  6.32016617e+02  1.48412157e-02 -5.93266041e+02 
 1.00055582e-05  6.32016622e+02  1.54993112e-02 -5.85168931e+02 
 1.00057141e-05  6.32016627e+02  1.61642092e-02 -5.76568070e+02 
 1.00058734e-05  6.32016633e+02  1.68354151e-02 -5.67447042e+02 
 1.00060361e-05  6.32016639e+02  1.75126050e-02 -5.57786517e+02 
 1.00062023e-05  6.32016645e+02  1.81953060e-02 -5.47568433e+02 
 1.00063722e-05  6.32016652e+02  1.88831651e-02 -5.36772050e+02 
 1.00065459e-05  6.32016659e+02  1.95757238e-02 -5.25377119e+02 
 1.00067236e-05  6.32016667e+02  2.02726084e-02 -5.13360707e+02 
 1.00069054e-05  6.32016675e+02  2.09733716e-02 -5.00699515e+02 
 1.00070917e-05  6.32016683e+02  2.16776282e-02 -4.87367237e+02 
 1.00072826e-05  6.32016692e+02  2.23849448e-02 -4.73336130e+02 
 1.00074784e-05  6.32016701e+02  2.30949381e-02 -4.58574663e+02 
 1.00076796e-05  6.32016711e+02  2.38072000e-02 -4.43048322e+02 
 1.00078864e-05  6.32016722e+02  2.45213713e-02 -4.26717245e+02 
 1.00080995e-05  6.32016733e+02  2.52370967e-02 -4.09536066e+02 
 1.00083193e-05  6.32016745e+02  2.59540857e-02 -3.91451004e+02 
 1.00085466e-05  6.32016758e+02  2.66720971e-02 -3.72398139e+02 
 1.00087824e-05  6.32016772e+02  2.73910063e-02 -3.52298745e+02 
 1.00090276e-05  6.32016786e+02  2.81108337e-02 -3.31054192e+02 
 1.00092839e-05  6.32016802e+02  2.88318602e-02 -3.08536122e+02 
 1.00095533e-05  6.32016818e+02  2.95547690e-02 -2.84571719e+02 
 1.00098384e-05  6.32016836e+02  3.02809640e-02 -2.58915941e+02 
 1.00101179e-05  6.32016855e+02  3.09530878e-02 -2.33549623e+02 
 1.00104006e-05  6.32016873e+02  3.15926517e-02 -2.07730839e+02 
 1.00106762e-05  6.32016892e+02  3.21770452e-02 -1.82455526e+02 
 1.00109529e-05  6.32016911e+02  3.27250618e-02 -1.57015708e+02 
 1.00112246e-05  6.32016930e+02  3.32249262e-02 -1.32044326e+02 
 1.00114971e-05  6.32016950e+02  3.36885037e-02 -1.07042585e+02 
 1.00117660e-05  6.32016969e+02  3.41088696e-02 -8.24644472e+01 
 1.00120353e-05  6.32016989e+02  3.44932591e-02 -5.79757688e+01 
 1.00123018e-05  6.32017008e+02  3.48377960e-02 -3.39052235e+01 
 1.00125686e-05  6.32017028e+02  3.51470906e-02 -1.00210168e+01 
 1.00128333e-05  6.32017048e+02  3.54191725e-02  1.34378396e+01 
 1.00130980e-05  6.32017068e+02  3.56570014e-02  3.66291280e+01 
 1.00133612e-05  6.32017088e+02  3.58598498e-02  5.93841097e+01 
 1.00136243e-05  6.32017108e+02  3.60296511e-02  8.18077904e+01 
 1.00138863e-05  6.32017128e+02  3.61664092e-02  1.03781441e+02 
 1.00141482e-05  6.32017149e+02  3.62714451e-02  1.25373920e+02 
 1.00144093e-05  6.32017169e+02  3.63451749e-02  1.46501821e+02 
 1.00146703e-05  6.32017189e+02  3.63885645e-02  1.67209726e+02 
 1.00149307e-05  6.32017209e+02  3.64022492e-02  1.87439245e+02 
 1.00151912e-05  6.32017229e+02  3.63869951e-02  2.07218981e+02 
 1.00154513e-05  6.32017249e+02  3.63435413e-02  2.26508296e+02 
 1.00157114e-05  6.32017269e+02  3.62725458e-02  2.45325518e+02 
 1.00159714e-05  6.32017290e+02  3.61747850e-02  2.63642767e+02 
 1.00162296e-05  6.32017309e+02  3.60518598e-02  2.81343216e+02 
 1.00164858e-05  6.32017329e+02  3.59051385e-02  2.98414342e+02 
 1.00167402e-05  6.32017348e+02  3.57357506e-02  3.14873863e+02 
 1.00169930e-05  6.32017368e+02  3.55447527e-02  3.30737597e+02 
 1.00172445e-05  6.32017386e+02  3.53329644e-02  3.46031955e+02 
 1.00174948e-05  6.32017405e+02  3.51012517e-02  3.60771038e+02 
 1.00177443e-05  6.32017424e+02  3.48503071e-02  3.74974618e+02 
 1.00179929e-05  6.32017442e+02  3.45808852e-02  3.88654029e+02 
 1.00182410e-05  6.32017460e+02  3.42935979e-02  4.01824877e+02 
 1.00184886e-05  6.32017478e+02  3.39891080e-02  4.14497507e+02 
 1.00187359e-05  6.32017496e+02  3.36679602e-02  4.26685277e+02 
 1.00189829e-05  6.32017514e+02  3.33307389e-02  4.38398131e+02 
 1.00192297e-05  6.32017531e+02  3.29779332e-02  4.49648016e+02 
 1.00194766e-05  6.32017548e+02  3.26100616e-02  4.60444626e+02 
 1.00197235e-05  6.32017565e+02  3.22275661e-02  4.70798964e+02 
 1.00199706e-05  6.32017582e+02  3.18309097e-02  4.80720549e+02 
 1.00202179e-05  6.32017599e+02  3.14204933e-02  4.90219759e+02 
 1.00204656e-05  6.32017615e+02  3.09967311e-02  4.99305998e+02 
 1.00207137e-05  6.32017632e+02  3.05599871e-02  5.07989235e+02 
 1.00209623e-05  6.32017648e+02  3.01106319e-02  5.16278808e+02 
 1.00212115e-05  6.32017663e+02  2.96489947e-02  5.24184427e+02 
 1.00214613e-05  6.32017679e+02  2.91754062e-02  5.31715396e+02 
 1.00217119e-05  6.32017694e+02  2.86901623e-02  5.38881262e+02 
 1.00219634e-05  6.32017710e+02  2.81935560e-02  5.45691318e+02 
 1.00222157e-05  6.32017725e+02  2.76858507e-02  5.52155019e+02 
 1.00224691e-05  6.32017739e+02  2.71673032e-02  5.58281659e+02 
 1.00227234e-05  6.32017754e+02  2.66381439e-02  5.64080642e+02 
 1.00229790e-05  6.32017768e+02  2.60985941e-02  5.69561273e+02 
 1.00232357e-05  6.32017782e+02  2.55488508e-02  5.74732930e+02 
 1.00234938e-05  6.32017796e+02  2.49890991e-02  5.79604933e+02 
 1.00237533e-05  6.32017810e+02  2.44195014e-02  5.84186651e+02 
 1.00240142e-05  6.32017823e+02  2.38402059e-02  5.88487416e+02 
 1.00242768e-05  6.32017837e+02  2.32513381e-02  5.92516592e+02 
 1.00245410e-05  6.32017849e+02  2.26530075e-02  5.96283519e+02 
 1.00248069e-05  6.32017862e+02  2.20453005e-02  5.99797558e+02 
 1.00250748e-05  6.32017874e+02  2.14282849e-02  6.03068048e+02 
 1.00253445e-05  6.32017887e+02  2.08020050e-02  6.06104341e+02 
 1.00256164e-05  6.32017898e+02  2.01664835e-02  6.08915766e+02 
 1.00258905e-05  6.32017910e+02  1.95217182e-02  6.11511654e+02 
 1.00261668e-05  6.32017921e+02  1.88676829e-02  6.13901311e+02 
 1.00264457e-05  6.32017932e+02  1.82043239e-02  6.16094033e+02 
 1.00267270e-05  6.32017943e+02  1.75315609e-02  6.18099088e+02 
 1.00270111e-05  6.32017953e+02  1.68492836e-02  6.19925718e+02 
 1.00272981e-05  6.32017963e+02  1.61573520e-02  6.21583129e+02 
 1.00275881e-05  6.32017973e+02  1.54555937e-02  6.23080487e+02 
 1.00278812e-05  6.32017983e+02  1.47438044e-02  6.24426908e+02 
 1.00281777e-05  6.32017992e+02  1.40217459e-02  6.25631450e+02 
 1.00284778e-05  6.32018000e+02  1.32891474e-02  6.26703105e+02 
 1.00287816e-05  6.32018009e+02  1.25457071e-02  6.27650780e+02 
 1.00290888e-05  6.32018017e+02  1.17926341e-02  6.28481715e+02 
 1.00293937e-05  6.32018024e+02  1.10436982e-02  6.29192904e+02 
 1.00296985e-05  6.32018031e+02  1.02937767e-02  6.29802544e+02 
 1.00299994e-05  6.32018037e+02  9.55274528e-03  6.30315598e+02 
 1.00302972e-05  6.32018043e+02  8.81829237e-03  6.30746657e+02 
 1.00305885e-05  6.32018048e+02  8.09955584e-03  6.31102757e+02 
 1.00308721e-05  6.32018053e+02  7.39902914e-03  6.31394871e+02 
 1.00311435e-05  6.32018057e+02  6.72827758e-03  6.31629945e+02 
 1.00313988e-05  6.32018061e+02  6.09724381e-03  6.31816084e+02 
 1.00315931e-05  6.32018063e+02  5.61663101e-03  6.31937625e+02 
 1.00316354e-05  6.32018064e+02  5.51183061e-03  6.31961990e+02 
 1.00317016e-05  6.32018064e+02  5.34817143e-03  6.31998585e+02 
 1.00317633e-05  6.32018065e+02  5.19554590e-03  6.32031159e+02 
 1.00318438e-05  6.32018066e+02  4.99632212e-03  6.32071502e+02 
 1.00319458e-05  6.32018067e+02  4.74392551e-03  6.32119218e+02 
 1.00320694e-05  6.32018068e+02  4.43812166e-03  6.32172207e+02 
 1.00321452e-05  6.32018069e+02  4.25032051e-03  6.32202255e+02 
 1.00322358e-05  6.32018070e+02  4.02615299e-03  6.32235759e+02 
 1.00323043e-05  6.32018070e+02  3.85663483e-03  6.32259452e+02 
 1.00324023e-05  6.32018071e+02  3.61402525e-03  6.32291004e+02 
 1.00325160e-05  6.32018072e+02  3.33241474e-03  6.32324306e+02 
 1.00326083e-05  6.32018073e+02  3.10399045e-03  6.32348818e+02 
 1.00327504e-05  6.32018073e+02  2.75201220e-03  6.32382434e+02 
 1.00327963e-05  6.32018074e+02  2.63838902e-03  6.32392251e+02 
 1.00328881e-05  6.32018074e+02  2.41113543e-03  6.32410427e+02 
 1.00329576e-05  6.32018075e+02  2.23909056e-03  6.32422927e+02 
 1.00330257e-05  6.32018075e+02  2.07035717e-03  6.32434158e+02 
 1.00330911e-05  6.32018075e+02  1.90837976e-03  6.32443998e+02 
 1.00331552e-05  6.32018075e+02  1.74973373e-03  6.32452759e+02 
 1.00332256e-05  6.32018076e+02  1.57523484e-03  6.32461406e+02 
 1.00332896e-05  6.32018076e+02  1.41680780e-03  6.32468370e+02 
 1.00333586e-05  6.32018076e+02  1.24598964e-03  6.32474945e+02 
 1.00334281e-05  6.32018076e+02  1.07395907e-03  6.32480598e+02 
 1.00335102e-05  6.32018076e+02  8.70554753e-04  6.32486046e+02 
 1.00335730e-05  6.32018076e+02  7.15077158e-04  6.32489320e+02 
 1.00336177e-05  6.32018077e+02  6.04209493e-04  6.32491191e+02 
 1.00336635e-05  6.32018077e+02  4.90836495e-04  6.32492709e+02 
 1.00337100e-05  6.32018077e+02  3.75561768e-04  6.32493849e+02 
 1.00337587e-05  6.32018077e+02  2.55117086e-04  6.32494612e+02 
 1.00338086e-05  6.32018077e+02  1.31385173e-04  6.32494947e+02 
 1.00338649e-05  6.32018077e+02 -8.09414125e-06  6.32494787e+02 
 1.00339160e-05  6.32018077e+02 -1.34604539e-04  6.32494157e+02 
 1.00339724e-05  6.32018077e+02 -2.74377388e-04  6.32492929e+02 
 1.00340254e-05  6.32018077e+02 -4.05614097e-04  6.32491274e+02 
 1.00340852e-05  6.32018077e+02 -5.53709882e-04  6.32488826e+02 
 1.00341452e-05  6.32018076e+02 -7.02204534e-04  6.32485754e+02 
 1.00342172e-05  6.32018076e+02 -8.80546403e-04  6.32481243e+02 
 1.00343006e-05  6.32018076e+02 -1.08721323e-03  6.32474884e+02 
 1.00343669e-05  6.32018076e+02 -1.25125183e-03  6.32468955e+02 
 1.00344276e-05  6.32018076e+02 -1.40168686e-03  6.32462817e+02 
 1.00344882e-05  6.32018076e+02 -1.55165568e-03  6.32456015e+02 
 1.00345508e-05  6.32018075e+02 -1.70683694e-03  6.32448241e+02 
 1.00346231e-05  6.32018075e+02 -1.88592503e-03  6.32438313e+02 
 1.00346886e-05  6.32018075e+02 -2.04797592e-03  6.32428422e+02 
 1.00347608e-05  6.32018075e+02 -2.22682463e-03  6.32416472e+02 
 1.00348314e-05  6.32018074e+02 -2.40164544e-03  6.32403710e+02 
 1.00349096e-05  6.32018074e+02 -2.59533168e-03  6.32388281e+02 
 1.00349922e-05  6.32018073e+02 -2.79978702e-03  6.32370472e+02 
 1.00350861e-05  6.32018073e+02 -3.03236678e-03  6.32348237e+02 
 1.00351942e-05  6.32018072e+02 -3.30000405e-03  6.32319932e+02 
 1.00353293e-05  6.32018071e+02 -3.63448762e-03  6.32280248e+02 
 1.00354021e-05  6.32018070e+02 -3.81457990e-03  6.32256791e+02 
 1.00355181e-05  6.32018069e+02 -4.10183950e-03  6.32216189e+02 
 1.00356426e-05  6.32018068e+02 -4.40990383e-03  6.32168059e+02 
 1.00357761e-05  6.32018067e+02 -4.74038264e-03  6.32110809e+02 
 1.00358428e-05  6.32018066e+02 -4.90540288e-03  6.32079918e+02 
 1.00359107e-05  6.32018066e+02 -5.07325096e-03  6.32046851e+02 
 1.00359579e-05  6.32018065e+02 -5.19004274e-03  6.32022832e+02 
 1.00360027e-05  6.32018065e+02 -5.30096295e-03  6.31999232e+02 
 1.00360691e-05  6.32018064e+02 -5.46521125e-03  6.31962839e+02 
 1.00361367e-05  6.32018063e+02 -5.63249975e-03  6.31923939e+02 
 1.00362128e-05  6.32018062e+02 -5.82077734e-03  6.31877869e+02 
 1.00362888e-05  6.32018061e+02 -6.00860396e-03  6.31829401e+02 
 1.00363722e-05  6.32018060e+02 -6.21493840e-03  6.31773155e+02 
 1.00364554e-05  6.32018059e+02 -6.42073225e-03  6.31713795e+02 
 1.00365455e-05  6.32018058e+02 -6.64325478e-03  6.31645789e+02 
 1.00366352e-05  6.32018056e+02 -6.86505878e-03  6.31573877e+02 
 1.00367311e-05  6.32018055e+02 -7.10213553e-03  6.31492252e+02 
 1.00368268e-05  6.32018054e+02 -7.33854317e-03  6.31405733e+02 
 1.00369282e-05  6.32018052e+02 -7.58912379e-03  6.31308175e+02 
 1.00370295e-05  6.32018050e+02 -7.83932497e-03  6.31204470e+02 
 1.00371362e-05  6.32018048e+02 -8.10273846e-03  6.31088158e+02 
 1.00372429e-05  6.32018047e+02 -8.36618668e-03  6.30964155e+02 
 1.00374564e-05  6.32018043e+02 -8.89284648e-03  6.30691713e+02 
 1.00376857e-05  6.32018038e+02 -9.45826285e-03  6.30359740e+02 
 1.00379337e-05  6.32018033e+02 -1.00692786e-02  6.29950278e+02 
 1.00382648e-05  6.32018026e+02 -1.08840587e-02  6.29312621e+02 
 1.00385754e-05  6.32018018e+02 -1.16472987e-02  6.28608369e+02 
 1.00389288e-05  6.32018009e+02 -1.25139234e-02  6.27666366e+02 
 1.00392518e-05  6.32018000e+02 -1.33043682e-02  6.26658227e+02 
 1.00395900e-05  6.32017990e+02 -1.41298412e-02  6.25434508e+02 
 1.00399046e-05  6.32017981e+02 -1.48953631e-02  6.24125337e+02 
 1.00402269e-05  6.32017970e+02 -1.56771217e-02  6.22595660e+02 
 1.00405327e-05  6.32017960e+02 -1.64162642e-02  6.20951242e+02 
 1.00408428e-05  6.32017949e+02 -1.71626712e-02  6.19075115e+02 
 1.00411411e-05  6.32017938e+02 -1.78775937e-02  6.17055123e+02 
 1.00414415e-05  6.32017926e+02 -1.85937756e-02  6.14791845e+02 
 1.00417331e-05  6.32017914e+02 -1.92854324e-02  6.12357273e+02 
 1.00420254e-05  6.32017902e+02 -1.99742821e-02  6.09667542e+02 
 1.00423110e-05  6.32017890e+02 -2.06431231e-02  6.06780430e+02 
 1.00425963e-05  6.32017877e+02 -2.13064417e-02  6.03625576e+02 
 1.00428765e-05  6.32017864e+02 -2.19527157e-02  6.00248417e+02 
 1.00431559e-05  6.32017851e+02 -2.25916201e-02  5.96590171e+02 
 1.00434312e-05  6.32017837e+02 -2.32153958e-02  5.92685827e+02 
 1.00437053e-05  6.32017824e+02 -2.38304930e-02  5.88486384e+02 
 1.00439762e-05  6.32017810e+02 -2.44316525e-02  5.84018139e+02 
 1.00442458e-05  6.32017795e+02 -2.50231513e-02  5.79240243e+02 
 1.00445127e-05  6.32017781e+02 -2.56013936e-02  5.74171865e+02 
 1.00447784e-05  6.32017766e+02 -2.61691847e-02  5.68778874e+02 
 1.00450418e-05  6.32017752e+02 -2.67240346e-02  5.63074665e+02 
 1.00453040e-05  6.32017737e+02 -2.72677469e-02  5.57030592e+02 
 1.00455643e-05  6.32017721e+02 -2.77985640e-02  5.50655427e+02 
 1.00458234e-05  6.32017706e+02 -2.83176037e-02  5.43924970e+02 
 1.00460810e-05  6.32017690e+02 -2.88235904e-02  5.36844332e+02 
 1.00463375e-05  6.32017674e+02 -2.93171681e-02  5.29392894e+02 
 1.00465927e-05  6.32017658e+02 -2.97973747e-02  5.21572890e+02 
 1.00468470e-05  6.32017642e+02 -3.02645238e-02  5.13366570e+02 
 1.00471002e-05  6.32017626e+02 -3.07178521e-02  5.04773929e+02 
 1.00473526e-05  6.32017609e+02 -3.11574392e-02  4.95779500e+02 
 1.00476041e-05  6.32017592e+02 -3.15826431e-02  4.86381537e+02 
 1.00478550e-05  6.32017575e+02 -3.19933733e-02  4.76566373e+02 
 1.00481052e-05  6.32017558e+02 -3.23890560e-02  4.66330912e+02 
 1.00483549e-05  6.32017541e+02 -3.27694727e-02  4.55662882e+02 
 1.00486041e-05  6.32017523e+02 -3.31340803e-02  4.44558118e+02 
 1.00488530e-05  6.32017506e+02 -3.34825590e-02  4.33005398e+02 
 1.00491017e-05  6.32017488e+02 -3.38143693e-02  4.20999676e+02 
 1.00493502e-05  6.32017470e+02 -3.41291057e-02  4.08530470e+02 
 1.00495986e-05  6.32017452e+02 -3.44262110e-02  3.95591949e+02 
 1.00498471e-05  6.32017434e+02 -3.47052014e-02  3.82174062e+02 
 1.00500958e-05  6.32017415e+02 -3.49654837e-02  3.68270202e+02 
 1.00503447e-05  6.32017397e+02 -3.52064954e-02  3.53870418e+02 
 1.00505940e-05  6.32017378e+02 -3.54275898e-02  3.38967219e+02 
 1.00508439e-05  6.32017359e+02 -3.56281190e-02  3.23550365e+02 
 1.00510944e-05  6.32017340e+02 -3.58073620e-02  3.07611226e+02 
 1.00513457e-05  6.32017321e+02 -3.59645709e-02  2.91138767e+02 
 1.00515981e-05  6.32017301e+02 -3.60989250e-02  2.74122766e+02 
 1.00518516e-05  6.32017282e+02 -3.62095511e-02  2.56550666e+02 
 1.00521065e-05  6.32017262e+02 -3.62954926e-02  2.38409883e+02 
 1.00523631e-05  6.32017242e+02 -3.63557108e-02  2.19685246e+02 
 1.00526215e-05  6.32017222e+02 -3.63890587e-02  2.00360518e+02 
 1.00528820e-05  6.32017202e+02 -3.63942663e-02  1.80416149e+02 
 1.00531451e-05  6.32017182e+02 -3.63699096e-02  1.59830019e+02 
 1.00534098e-05  6.32017161e+02 -3.63147101e-02  1.38675695e+02 
 1.00536740e-05  6.32017141e+02 -3.62282995e-02  1.17144614e+02 
 1.00539390e-05  6.32017121e+02 -3.61095840e-02  9.51485280e+01 
 1.00542035e-05  6.32017100e+02 -3.59585271e-02  7.28198657e+01 
 1.00544688e-05  6.32017080e+02 -3.57738232e-02  5.00775245e+01 
 1.00547340e-05  6.32017060e+02 -3.55554631e-02  2.70233079e+01 
 1.00550001e-05  6.32017040e+02 -3.53020935e-02  3.60570916e+00 
 1.00552663e-05  6.32017020e+02 -3.50136797e-02 -2.00914314e+01 
 1.00555334e-05  6.32017000e+02 -3.46889067e-02 -4.40954586e+01 
 1.00558011e-05  6.32016981e+02 -3.43276727e-02 -6.83354979e+01 
 1.00560697e-05  6.32016961e+02 -3.39287237e-02 -9.28207346e+01 
 1.00563391e-05  6.32016942e+02 -3.34919363e-02 -1.17485285e+02 
 1.00566098e-05  6.32016923e+02 -3.30158451e-02 -1.42338718e+02 
 1.00568814e-05  6.32016904e+02 -3.25005837e-02 -1.67301909e+02 
 1.00571544e-05  6.32016885e+02 -3.19445969e-02 -1.92378648e+02 
 1.00574287e-05  6.32016867e+02 -3.13478655e-02 -2.17497288e+02 
 1.00577047e-05  6.32016848e+02 -3.07089251e-02 -2.42646632e+02 
 1.00579823e-05  6.32016830e+02 -3.00275785e-02 -2.67760055e+02 
 1.00582618e-05  6.32016813e+02 -2.93024379e-02 -2.92813151e+02 
 1.00585433e-05  6.32016795e+02 -2.85331176e-02 -3.17741523e+02 
 1.00588272e-05  6.32016778e+02 -2.77182588e-02 -3.42509479e+02 
 1.00591122e-05  6.32016762e+02 -2.68610450e-02 -3.66948129e+02 
 1.00593704e-05  6.32016747e+02 -2.60516048e-02 -3.88655410e+02 
 1.00596242e-05  6.32016734e+02 -2.52258844e-02 -4.09551891e+02 
 1.00598572e-05  6.32016721e+02 -2.44421415e-02 -4.28312542e+02 
 1.00600864e-05  6.32016710e+02 -2.36477013e-02 -4.46338142e+02 
 1.00603013e-05  6.32016699e+02 -2.28820336e-02 -4.62826528e+02 
 1.00605130e-05  6.32016689e+02 -2.21091376e-02 -4.78641135e+02 
 1.00607143e-05  6.32016679e+02 -2.13570256e-02 -4.93272359e+02 
 1.00609123e-05  6.32016671e+02 -2.06014400e-02 -5.07254437e+02 
 1.00611023e-05  6.32016662e+02 -1.98621444e-02 -5.20270316e+02 
 1.00612890e-05  6.32016655e+02 -1.91226449e-02 -5.32658658e+02 
 1.00614692e-05  6.32016648e+02 -1.83967581e-02 -5.44227889e+02 
 1.00616461e-05  6.32016641e+02 -1.76732474e-02 -5.55196560e+02 
 1.00618176e-05  6.32016634e+02 -1.69617493e-02 -5.65452577e+02 
 1.00619857e-05  6.32016628e+02 -1.62546478e-02 -5.75139225e+02 
 1.00621492e-05  6.32016623e+02 -1.55586742e-02 -5.84194118e+02 
 1.00623095e-05  6.32016618e+02 -1.48687135e-02 -5.92713104e+02 
 1.00624655e-05  6.32016613e+02 -1.41894855e-02 -6.00664682e+02 
 1.00626184e-05  6.32016608e+02 -1.35176020e-02 -6.08114776e+02 
 1.00627676e-05  6.32016604e+02 -1.28563938e-02 -6.15050936e+02 
 1.00629135e-05  6.32016600e+02 -1.22036637e-02 -6.21520219e+02 
 1.00630560e-05  6.32016597e+02 -1.15617885e-02 -6.27521801e+02 
 1.00631953e-05  6.32016593e+02 -1.09293927e-02 -6.33090850e+02 
 1.00633313e-05  6.32016590e+02 -1.03082032e-02 -6.38233543e+02 
 1.00634642e-05  6.32016588e+02 -9.69741261e-03 -6.42977570e+02 
 1.00635939e-05  6.32016585e+02 -9.09831050e-03 -6.47333244e+02 
 1.00637204e-05  6.32016583e+02 -8.51048656e-03 -6.51323560e+02 
 1.00638438e-05  6.32016580e+02 -7.93494259e-03 -6.54961221e+02 
 1.00639641e-05  6.32016578e+02 -7.37155094e-03 -6.58266276e+02 
 1.00640811e-05  6.32016577e+02 -6.82113340e-03 -6.61252769e+02 
 1.00641950e-05  6.32016575e+02 -6.28377184e-03 -6.63938906e+02 
 1.00643057e-05  6.32016574e+02 -5.76018816e-03 -6.66339454e+02 
 1.00644131e-05  6.32016572e+02 -5.25063155e-03 -6.68471478e+02 
 1.00645171e-05  6.32016571e+02 -4.75578841e-03 -6.70350112e+02 
 1.00646178e-05  6.32016570e+02 -4.27605841e-03 -6.71991724e+02 
 1.00647150e-05  6.32016569e+02 -3.81215112e-03 -6.73411636e+02 
 1.00648086e-05  6.32016569e+02 -3.36462468e-03 -6.74625805e+02 
 1.00648984e-05  6.32016568e+02 -2.93427705e-03 -6.75649657e+02 
 1.00649845e-05  6.32016568e+02 -2.52186412e-03 -6.76498943e+02 
 1.00650665e-05  6.32016567e+02 -2.12836262e-03 -6.77189178e+02 
 1.00651443e-05  6.32016567e+02 -1.75481839e-03 -6.77736065e+02 
 1.00652177e-05  6.32016567e+02 -1.40254423e-03 -6.78155254e+02 
 1.00652862e-05  6.32016567e+02 -1.07308541e-03 -6.78462558e+02 
 1.00653496e-05  6.32016566e+02 -7.68435261e-04 -6.78673893e+02 
 1.00654008e-05  6.32016566e+02 -5.22347123e-04 -6.78793534e+02 
 1.00654421e-05  6.32016566e+02 -3.23812162e-04 -6.78856803e+02 
 1.00654751e-05  6.32016566e+02 -1.64853945e-04 -6.78886057e+02 
 1.00655032e-05  6.32016566e+02 -2.99254001e-05 -6.78895954e+02 
 1.00655317e-05  6.32016566e+02  1.07173835e-04 -6.78891965e+02 
 1.00655608e-05  6.32016566e+02  2.47180803e-04 -6.78873280e+02 
 1.00656004e-05  6.32016566e+02  4.37358638e-04 -6.78824249e+02 
 1.00656445e-05  6.32016566e+02  6.49527667e-04 -6.78737393e+02 
 1.00656978e-05  6.32016566e+02  9.05865575e-04 -6.78587208e+02 
 1.00657549e-05  6.32016567e+02  1.18023944e-03 -6.78371575e+02 
 1.00658190e-05  6.32016567e+02  1.48796153e-03 -6.78062189e+02 
 1.00658863e-05  6.32016567e+02  1.81130385e-03 -6.77660098e+02 
 1.00659592e-05  6.32016567e+02  2.16155476e-03 -6.77135433e+02 
 1.00660354e-05  6.32016568e+02  2.52664482e-03 -6.76489774e+02 
 1.00661163e-05  6.32016568e+02  2.91459682e-03 -6.75693035e+02 
 1.00662003e-05  6.32016569e+02  3.31689871e-03 -6.74746189e+02 
 1.00662886e-05  6.32016569e+02  3.73913451e-03 -6.73620027e+02 
 1.00663799e-05  6.32016570e+02  4.17519556e-03 -6.72314282e+02 
 1.00664751e-05  6.32016571e+02  4.62893267e-03 -6.70801188e+02 
 1.00665732e-05  6.32016572e+02  5.09592030e-03 -6.69078869e+02 
 1.00666749e-05  6.32016573e+02  5.57878607e-03 -6.67121222e+02 
 1.00667795e-05  6.32016574e+02  6.07429209e-03 -6.64924620e+02 
 1.00668874e-05  6.32016576e+02  6.58419964e-03 -6.62464632e+02 
 1.00669983e-05  6.32016578e+02  7.10611016e-03 -6.59735899e+02 
 1.00671123e-05  6.32016579e+02  7.64116982e-03 -6.56715545e+02 
 1.00672291e-05  6.32016581e+02  8.18757365e-03 -6.53396581e+02 
 1.00673490e-05  6.32016583e+02  8.74603032e-03 -6.49757494e+02 
 1.00674718e-05  6.32016586e+02  9.31515460e-03 -6.45789801e+02 
 1.00675976e-05  6.32016588e+02  9.89534316e-03 -6.41473119e+02 
 1.00677262e-05  6.32016591e+02  1.04855069e-02 -6.36797609e+02 
 1.00678579e-05  6.32016594e+02  1.10858194e-02 -6.31743762e+02 
 1.00679924e-05  6.32016597e+02  1.16953996e-02 -6.26300494e+02 
 1.00681299e-05  6.32016601e+02  1.23142603e-02 -6.20448902e+02 
 1.00682704e-05  6.32016605e+02  1.29416657e-02 -6.14176725e+02 
 1.00684139e-05  6.32016609e+02  1.35775119e-02 -6.07465388e+02 
 1.00685605e-05  6.32016613e+02  1.42211633e-02 -6.00301456e+02 
 1.00687102e-05  6.32016618e+02  1.48724302e-02 -5.92666374e+02 
 1.00688631e-05  6.32016623e+02  1.55307454e-02 -5.84545465e+02 
 1.00690192e-05  6.32016628e+02  1.61958554e-02 -5.75919836e+02 
 1.00691786e-05  6.32016634e+02  1.68672383e-02 -5.66773395e+02 
 1.00693415e-05  6.32016640e+02  1.75445929e-02 -5.57086471e+02 
 1.00695079e-05  6.32016646e+02  1.82274271e-02 -5.46841237e+02 
 1.00696780e-05  6.32016653e+02  1.89154039e-02 -5.36016668e+02 
 1.00698520e-05  6.32016660e+02  1.96080513e-02 -5.24592670e+02 
 1.00700299e-05  6.32016667e+02  2.03050066e-02 -5.12546054e+02 
 1.00702119e-05  6.32016675e+02  2.10058133e-02 -4.99853600e+02 
 1.00703984e-05  6.32016684e+02  2.17100942e-02 -4.86488755e+02 
 1.00705896e-05  6.32016693e+02  2.24174096e-02 -4.72423771e+02 
 1.00707857e-05  6.32016702e+02  2.31273821e-02 -4.57626842e+02 
 1.00709871e-05  6.32016712e+02  2.38395997e-02 -4.42063346e+02 
 1.00711943e-05  6.32016723e+02  2.45537084e-02 -4.25693067e+02 
 1.00714077e-05  6.32016734e+02  2.52693512e-02 -4.08470372e+02 
 1.00716279e-05  6.32016746e+02  2.59862434e-02 -3.90340949e+02 
 1.00718557e-05  6.32016759e+02  2.67041455e-02 -3.71240322e+02 
 1.00720919e-05  6.32016773e+02  2.74229412e-02 -3.51088851e+02 
 1.00723377e-05  6.32016787e+02  2.81426590e-02 -3.29786724e+02 
 1.00725946e-05  6.32016803e+02  2.88635973e-02 -3.07203717e+02 
 1.00728647e-05  6.32016820e+02  2.95864655e-02 -2.83164197e+02 
 1.00731508e-05  6.32016838e+02  3.03127165e-02 -2.57418331e+02 
 1.00734297e-05  6.32016856e+02  3.09810631e-02 -2.32105112e+02 
 1.00737128e-05  6.32016875e+02  3.16193232e-02 -2.06245623e+02 
 1.00739877e-05  6.32016893e+02  3.22002484e-02 -1.81026571e+02 
 1.00742648e-05  6.32016913e+02  3.27466277e-02 -1.55565220e+02 
 1.00745361e-05  6.32016932e+02  3.32435863e-02 -1.30639267e+02 
 1.00748088e-05  6.32016951e+02  3.37053855e-02 -1.05628467e+02 
 1.00750773e-05  6.32016970e+02  3.41232218e-02 -8.10888268e+01 
 1.00753468e-05  6.32016990e+02  3.45057610e-02 -5.66013304e+01 
 1.00756131e-05  6.32017010e+02  3.48480246e-02 -3.25655300e+01 
 1.00758800e-05  6.32017030e+02  3.51554566e-02 -8.69035512e+00 
 1.00761446e-05  6.32017049e+02  3.54254569e-02  1.47359821e+01 
 1.00764094e-05  6.32017069e+02  3.56614507e-02  3.79122812e+01 
 1.00766724e-05  6.32017089e+02  3.58623683e-02  6.06359809e+01 
 1.00769356e-05  6.32017110e+02  3.60303870e-02  8.30402543e+01 
 1.00771975e-05  6.32017130e+02  3.61653384e-02  1.04983239e+02 
 1.00774595e-05  6.32017150e+02  3.62686583e-02  1.26553046e+02 
 1.00777205e-05  6.32017170e+02  3.63406882e-02  1.47650528e+02 
 1.00779815e-05  6.32017190e+02  3.63824360e-02  1.68333380e+02 
 1.00782420e-05  6.32017210e+02  3.63945160e-02  1.88532543e+02 
 1.00785024e-05  6.32017231e+02  3.63776976e-02  2.08285512e+02 
 1.00787625e-05  6.32017251e+02  3.63327265e-02  2.27544466e+02 
 1.00790227e-05  6.32017271e+02  3.62602450e-02  2.46333762e+02 
 1.00792827e-05  6.32017291e+02  3.61610486e-02  2.64620660e+02 
 1.00795407e-05  6.32017311e+02  3.60368261e-02  2.82279794e+02 
 1.00797969e-05  6.32017330e+02  3.58888128e-02  2.99318514e+02 
 1.00800512e-05  6.32017350e+02  3.57182625e-02  3.15739442e+02 
 1.00803039e-05  6.32017369e+02  3.55260871e-02  3.31572056e+02 
 1.00805553e-05  6.32017388e+02  3.53132335e-02  3.46831457e+02 
 1.00808057e-05  6.32017406e+02  3.50804393e-02  3.61540750e+02 
 1.00810551e-05  6.32017425e+02  3.48285103e-02  3.75712117e+02 
 1.00813037e-05  6.32017443e+02  3.45580922e-02  3.89362902e+02 
 1.00815518e-05  6.32017461e+02  3.42698911e-02  4.02503699e+02 
 1.00817994e-05  6.32017479e+02  3.39644806e-02  4.15148849e+02 
 1.00820466e-05  6.32017497e+02  3.36424816e-02  4.27308400e+02 
 1.00822936e-05  6.32017515e+02  3.33044070e-02  4.38994936e+02 
 1.00825405e-05  6.32017532e+02  3.29508060e-02  4.50218223e+02 
 1.00827873e-05  6.32017549e+02  3.25821410e-02  4.60989689e+02 
 1.00830343e-05  6.32017566e+02  3.21989008e-02  4.71318904e+02 
 1.00832814e-05  6.32017583e+02  3.18015047e-02  4.81216524e+02 
 1.00835287e-05  6.32017600e+02  3.13903895e-02  4.90691986e+02 
 1.00837764e-05  6.32017616e+02  3.09659358e-02  4.99755440e+02 
 1.00840246e-05  6.32017633e+02  3.05285347e-02  5.08416239e+02 
 1.00842732e-05  6.32017649e+02  3.00785312e-02  5.16684207e+02 
 1.00845224e-05  6.32017664e+02  2.96162749e-02  5.24568651e+02 
 1.00847723e-05  6.32017680e+02  2.91420768e-02  5.32079191e+02 
 1.00850230e-05  6.32017695e+02  2.86562479e-02  5.39225114e+02 
 1.00852745e-05  6.32017711e+02  2.81590666e-02  5.46015916e+02 
 1.00855269e-05  6.32017726e+02  2.76508071e-02  5.52460882e+02 
 1.00857803e-05  6.32017740e+02  2.71317151e-02  5.58569438e+02 
 1.00860347e-05  6.32017755e+02  2.66020289e-02  5.64350879e+02 
 1.00862903e-05  6.32017769e+02  2.60619614e-02  5.69814591e+02 
 1.00865472e-05  6.32017783e+02  2.55117151e-02  5.74969886e+02 
 1.00868053e-05  6.32017797e+02  2.49514687e-02  5.79826132e+02 
 1.00870649e-05  6.32017811e+02  2.43813885e-02  5.84392655e+02 
 1.00873259e-05  6.32017824e+02  2.38016175e-02  5.88678817e+02 
 1.00875885e-05  6.32017837e+02  2.32122842e-02  5.92693955e+02 
 1.00878528e-05  6.32017850e+02  2.26134939e-02  5.96447427e+02 
 1.00881189e-05  6.32017863e+02  2.20053347e-02  5.99948572e+02 
 1.00883868e-05  6.32017875e+02  2.13878715e-02  6.03206745e+02 
 1.00886567e-05  6.32017887e+02  2.07611493e-02  6.06231278e+02 
 1.00889287e-05  6.32017899e+02  2.01251886e-02  6.09031510e+02 
 1.00892028e-05  6.32017911e+02  1.94799874e-02  6.11616758e+02 
 1.00894793e-05  6.32017922e+02  1.88255176e-02  6.13996331e+02 
 1.00897583e-05  6.32017933e+02  1.81617256e-02  6.16179517e+02 
 1.00900398e-05  6.32017944e+02  1.74885295e-02  6.18175581e+02 
 1.00903240e-05  6.32017954e+02  1.68058190e-02  6.19993757e+02 
 1.00906111e-05  6.32017964e+02  1.61134529e-02  6.21643247e+02 
 1.00909012e-05  6.32017974e+02  1.54112589e-02  6.23133209e+02 
 1.00911945e-05  6.32017983e+02  1.46990319e-02  6.24472753e+02 
 1.00914912e-05  6.32017992e+02  1.39765344e-02  6.25670929e+02 
 1.00917914e-05  6.32018001e+02  1.32434959e-02  6.26736716e+02 
 1.00920954e-05  6.32018009e+02  1.24996161e-02  6.27679014e+02 
 1.00924027e-05  6.32018017e+02  1.17461058e-02  6.28505061e+02 
 1.00927077e-05  6.32018025e+02  1.09967695e-02  6.29211889e+02 
 1.00930128e-05  6.32018031e+02  1.02464270e-02  6.29817681e+02 
 1.00933138e-05  6.32018038e+02  9.50499008e-03  6.30327379e+02 
 1.00936117e-05  6.32018044e+02  8.77024468e-03  6.30755464e+02 
 1.00939031e-05  6.32018049e+02  8.05107690e-03  6.31109099e+02 
 1.00941869e-05  6.32018053e+02  7.35027514e-03  6.31399061e+02 
 1.00944585e-05  6.32018057e+02  6.67901475e-03  6.31632423e+02 
 1.00947138e-05  6.32018061e+02  6.04780052e-03  6.31817060e+02 
 1.00949085e-05  6.32018063e+02  5.56634085e-03  6.31937749e+02 
 1.00949510e-05  6.32018064e+02  5.46126622e-03  6.31961956e+02 
 1.00950174e-05  6.32018065e+02  5.29679711e-03  6.31998389e+02 
 1.00950795e-05  6.32018065e+02  5.14336110e-03  6.32030818e+02 
 1.00951605e-05  6.32018066e+02  4.94290951e-03  6.32070998e+02 
 1.00952624e-05  6.32018067e+02  4.69076983e-03  6.32118165e+02 
 1.00953890e-05  6.32018068e+02  4.37744425e-03  6.32171806e+02 
 1.00955127e-05  6.32018070e+02  4.07120602e-03  6.32219216e+02 
 1.00956542e-05  6.32018071e+02  3.72098913e-03  6.32267740e+02 
 1.00957359e-05  6.32018071e+02  3.51873715e-03  6.32293144e+02 
 1.00958409e-05  6.32018072e+02  3.25862185e-03  6.32323145e+02 
 1.00959721e-05  6.32018073e+02  2.93391993e-03  6.32356588e+02 
 1.00961505e-05  6.32018074e+02  2.49214448e-03  6.32395373e+02 
 1.00962218e-05  6.32018074e+02  2.31561976e-03  6.32408809e+02 
 1.00963096e-05  6.32018075e+02  2.09818248e-03  6.32423807e+02 
 1.00963833e-05  6.32018075e+02  1.91555663e-03  6.32435115e+02 
 1.00964532e-05  6.32018075e+02  1.74248713e-03  6.32444768e+02 
 1.00965226e-05  6.32018076e+02  1.57077396e-03  6.32453340e+02 
 1.00965980e-05  6.32018076e+02  1.38381416e-03  6.32461553e+02 
 1.00966696e-05  6.32018076e+02  1.20655927e-03  6.32468276e+02 
 1.00967489e-05  6.32018076e+02  1.01014338e-03  6.32474534e+02 
 1.00968392e-05  6.32018076e+02  7.86621457e-04  6.32480154e+02 
 1.00968835e-05  6.32018076e+02  6.76824991e-04  6.32482337e+02 
 1.00969451e-05  6.32018077e+02  5.24310525e-04  6.32484747e+02 
 1.00970001e-05  6.32018077e+02  3.88026701e-04  6.32486297e+02 
 1.00970539e-05  6.32018077e+02  2.54783326e-04  6.32487268e+02 
 1.00971067e-05  6.32018077e+02  1.24044247e-04  6.32487705e+02 
 1.00971605e-05  6.32018077e+02 -9.22479582e-06  6.32487631e+02 
 1.00972208e-05  6.32018077e+02 -1.58582142e-04  6.32486932e+02 
 1.00972767e-05  6.32018077e+02 -2.97019674e-04  6.32485708e+02 
 1.00973393e-05  6.32018077e+02 -4.52052649e-04  6.32483685e+02 
 1.00973997e-05  6.32018076e+02 -6.01724824e-04  6.32481079e+02 
 1.00974704e-05  6.32018076e+02 -7.76808349e-04  6.32477216e+02 
 1.00975457e-05  6.32018076e+02 -9.63105588e-04  6.32472135e+02 
 1.00976527e-05  6.32018076e+02 -1.22823566e-03  6.32463149e+02 
 1.00977088e-05  6.32018076e+02 -1.36726135e-03  6.32457596e+02 
 1.00977755e-05  6.32018076e+02 -1.53233287e-03  6.32450231e+02 
 1.00978426e-05  6.32018075e+02 -1.69861292e-03  6.32441948e+02 
 1.00979132e-05  6.32018075e+02 -1.87333215e-03  6.32432283e+02 
 1.00979891e-05  6.32018075e+02 -2.06138448e-03  6.32420748e+02 
 1.00980632e-05  6.32018074e+02 -2.24482305e-03  6.32408330e+02 
 1.00981429e-05  6.32018074e+02 -2.44213764e-03  6.32393642e+02 
 1.00982262e-05  6.32018074e+02 -2.64831287e-03  6.32376773e+02 
 1.00983189e-05  6.32018073e+02 -2.87791421e-03  6.32356085e+02 
 1.00984238e-05  6.32018072e+02 -3.13779804e-03  6.32330146e+02 
 1.00985508e-05  6.32018072e+02 -3.45215146e-03  6.32295012e+02 
 1.00986888e-05  6.32018070e+02 -3.79379810e-03  6.32251878e+02 
 1.00987575e-05  6.32018070e+02 -3.96370745e-03  6.32228398e+02 
 1.00988651e-05  6.32018069e+02 -4.23002707e-03  6.32188744e+02 
 1.00989672e-05  6.32018068e+02 -4.48285639e-03  6.32147724e+02 
 1.00990244e-05  6.32018067e+02 -4.62446588e-03  6.32123246e+02 
 1.00990877e-05  6.32018067e+02 -4.78106372e-03  6.32094874e+02 
 1.00991377e-05  6.32018066e+02 -4.90465854e-03  6.32071486e+02 
 1.00991876e-05  6.32018066e+02 -5.02829370e-03  6.32047188e+02 
 1.00992377e-05  6.32018065e+02 -5.15204793e-03  6.32021939e+02 
 1.00992909e-05  6.32018065e+02 -5.28374294e-03  6.31994025e+02 
 1.00993539e-05  6.32018064e+02 -5.43965375e-03  6.31959545e+02 
 1.00994226e-05  6.32018063e+02 -5.60954958e-03  6.31920147e+02 
 1.00994976e-05  6.32018062e+02 -5.79513194e-03  6.31874860e+02 
 1.00995755e-05  6.32018061e+02 -5.98772519e-03  6.31825281e+02 
 1.00996581e-05  6.32018060e+02 -6.19199333e-03  6.31769711e+02 
 1.00997430e-05  6.32018059e+02 -6.40184434e-03  6.31709287e+02 
 1.00998321e-05  6.32018058e+02 -6.62221871e-03  6.31642039e+02 
 1.00999233e-05  6.32018056e+02 -6.84763389e-03  6.31569052e+02 
 1.01000184e-05  6.32018055e+02 -7.08273011e-03  6.31488202e+02 
 1.01001155e-05  6.32018054e+02 -7.32249440e-03  6.31400540e+02 
 1.01002162e-05  6.32018052e+02 -7.57126398e-03  6.31303767e+02 
 1.01003187e-05  6.32018050e+02 -7.82450427e-03  6.31198874e+02 
 1.01004247e-05  6.32018049e+02 -8.08629856e-03  6.31083342e+02 
 1.01005326e-05  6.32018047e+02 -8.35253638e-03  6.30958084e+02 
 1.01007483e-05  6.32018043e+02 -8.88477024e-03  6.30682626e+02 
 1.01009803e-05  6.32018038e+02 -9.45683478e-03  6.30346156e+02 
 1.01012286e-05  6.32018033e+02 -1.00686301e-02  6.29935176e+02 
 1.01015614e-05  6.32018026e+02 -1.08874974e-02  6.29292550e+02 
 1.01018716e-05  6.32018018e+02 -1.16496784e-02  6.28587275e+02 
 1.01022260e-05  6.32018009e+02 -1.25186286e-02  6.27640130e+02 
 1.01025482e-05  6.32018000e+02 -1.33070146e-02  6.26632012e+02 
 1.01028869e-05  6.32017990e+02 -1.41336889e-02  6.25403635e+02 
 1.01032008e-05  6.32017981e+02 -1.48976788e-02  6.24094251e+02 
 1.01035234e-05  6.32017970e+02 -1.56801576e-02  6.22560140e+02 
 1.01038288e-05  6.32017960e+02 -1.64182458e-02  6.20915054e+02 
 1.01041391e-05  6.32017949e+02 -1.71650830e-02  6.19034668e+02 
 1.01044372e-05  6.32017937e+02 -1.78792596e-02  6.17013587e+02 
 1.01047377e-05  6.32017926e+02 -1.85956773e-02  6.14746226e+02 
 1.01050291e-05  6.32017914e+02 -1.92867877e-02  6.12310202e+02 
 1.01053215e-05  6.32017902e+02 -1.99757451e-02  6.09616548e+02 
 1.01056070e-05  6.32017890e+02 -2.06441722e-02  6.06727668e+02 
 1.01058923e-05  6.32017877e+02 -2.13075149e-02  6.03569027e+02 
 1.01061724e-05  6.32017864e+02 -2.19534640e-02  6.00189828e+02 
 1.01064518e-05  6.32017851e+02 -2.25923373e-02  5.96527907e+02 
 1.01067270e-05  6.32017837e+02 -2.32158480e-02  5.92621290e+02 
 1.01070012e-05  6.32017824e+02 -2.38308774e-02  5.88418263e+02 
 1.01072720e-05  6.32017810e+02 -2.44318117e-02  5.83947552e+02 
 1.01075416e-05  6.32017795e+02 -2.50232177e-02  5.79166145e+02 
 1.01078085e-05  6.32017781e+02 -2.56012612e-02  5.74095143e+02 
 1.01080742e-05  6.32017766e+02 -2.61689421e-02  5.68698700e+02 
 1.01083375e-05  6.32017752e+02 -2.67236102e-02  5.62991738e+02 
 1.01085997e-05  6.32017737e+02 -2.72671997e-02  5.56944263e+02 
 1.01088600e-05  6.32017721e+02 -2.77978456e-02  5.50566244e+02 
 1.01091191e-05  6.32017706e+02 -2.83167531e-02  5.43832426e+02 
 1.01093767e-05  6.32017690e+02 -2.88225745e-02  5.36748857e+02 
 1.01096332e-05  6.32017674e+02 -2.93160125e-02  5.29294095e+02 
 1.01098884e-05  6.32017658e+02 -2.97960565e-02  5.21471103e+02 
 1.01101427e-05  6.32017642e+02 -3.02630593e-02  5.13261494e+02 
 1.01103959e-05  6.32017626e+02 -3.07162254e-02  5.04665827e+02 
 1.01106483e-05  6.32017609e+02 -3.11556602e-02  4.95668141e+02 
 1.01108998e-05  6.32017592e+02 -3.15807006e-02  4.86267128e+02 
 1.01111507e-05  6.32017575e+02 -3.19912728e-02  4.76448742e+02 
 1.01114009e-05  6.32017558e+02 -3.23867891e-02  4.66210220e+02 
 1.01116506e-05  6.32017541e+02 -3.27670421e-02  4.55539002e+02 
 1.01118998e-05  6.32017523e+02 -3.31314794e-02  4.44431178e+02 
 1.01121487e-05  6.32017506e+02 -3.34797884e-02  4.32875304e+02 
 1.01123974e-05  6.32017488e+02 -3.38114234e-02  4.20866532e+02 
 1.01126459e-05  6.32017470e+02 -3.41259836e-02  4.08394205e+02 
 1.01128943e-05  6.32017452e+02 -3.44229078e-02  3.95452646e+02 
 1.01131429e-05  6.32017434e+02 -3.47017149e-02  3.82031670e+02 
 1.01133915e-05  6.32017415e+02 -3.49618091e-02  3.68124786e+02 
 1.01136404e-05  6.32017397e+02 -3.52026298e-02  3.53721940e+02 
 1.01138898e-05  6.32017378e+02 -3.54235281e-02  3.38815725e+02 
 1.01141397e-05  6.32017359e+02 -3.56238572e-02  3.23395824e+02 
 1.01143902e-05  6.32017340e+02 -3.58028948e-02  3.07453669e+02 
 1.01146416e-05  6.32017321e+02 -3.59598933e-02  2.90978159e+02 
 1.01148939e-05  6.32017301e+02 -3.60940309e-02  2.73959116e+02 
 1.01151475e-05  6.32017282e+02 -3.62044343e-02  2.56383930e+02 
 1.01154024e-05  6.32017262e+02 -3.62901458e-02  2.38240041e+02 
 1.01156590e-05  6.32017242e+02 -3.63501262e-02  2.19512232e+02 
 1.01159174e-05  6.32017222e+02 -3.63832274e-02  2.00184270e+02 
 1.01161780e-05  6.32017202e+02 -3.63881781e-02  1.80236555e+02 
 1.01164411e-05  6.32017182e+02 -3.63635530e-02  1.59646953e+02 
 1.01167058e-05  6.32017161e+02 -3.63080833e-02  1.38492176e+02 
 1.01169700e-05  6.32017141e+02 -3.62213928e-02  1.16958915e+02 
 1.01172351e-05  6.32017121e+02 -3.61024022e-02  9.49629005e+01 
 1.01174996e-05  6.32017100e+02 -3.59510572e-02  7.26328554e+01 
 1.01177649e-05  6.32017080e+02 -3.57660715e-02  4.98908319e+01 
 1.01180302e-05  6.32017060e+02 -3.55474158e-02  2.68359673e+01 
 1.01182962e-05  6.32017040e+02 -3.52937572e-02  3.41906511e+00 
 1.01185625e-05  6.32017020e+02 -3.50050411e-02 -2.02779690e+01 
 1.01188296e-05  6.32017000e+02 -3.46799719e-02 -4.42808039e+01 
 1.01190973e-05  6.32016981e+02 -3.43184295e-02 -6.85199652e+01 
 1.01193660e-05  6.32016961e+02 -3.39191771e-02 -9.30034160e+01 
 1.01196354e-05  6.32016942e+02 -3.34820749e-02 -1.17666318e+02 
 1.01199061e-05  6.32016923e+02 -3.30056740e-02 -1.42517255e+02 
 1.01201777e-05  6.32016904e+02 -3.24900918e-02 -1.67477968e+02 
 1.01204507e-05  6.32016885e+02 -3.19337880e-02 -1.92551477e+02 
 1.01207251e-05  6.32016867e+02 -3.13367299e-02 -2.17666749e+02 
 1.01210011e-05  6.32016848e+02 -3.06974650e-02 -2.42812050e+02 
 1.01212787e-05  6.32016830e+02 -3.00157852e-02 -2.67921170e+02 
 1.01215583e-05  6.32016813e+02 -2.92903116e-02 -2.92969332e+02 
 1.01218398e-05  6.32016795e+02 -2.85206513e-02 -3.17892385e+02 
 1.01221237e-05  6.32016779e+02 -2.77054504e-02 -3.42654425e+02 
 1.01224085e-05  6.32016762e+02 -2.68489766e-02 -3.67056708e+02 
 1.01226666e-05  6.32016747e+02 -2.60394763e-02 -3.88752827e+02 
 1.01229201e-05  6.32016734e+02 -2.52143995e-02 -4.09621281e+02 
 1.01231531e-05  6.32016721e+02 -2.44306524e-02 -4.28371940e+02 
 1.01233822e-05  6.32016710e+02 -2.36366822e-02 -4.46377436e+02 
 1.01235971e-05  6.32016699e+02 -2.28710443e-02 -4.62856754e+02 
 1.01238086e-05  6.32016689e+02 -2.20985133e-02 -4.78655923e+02 
 1.01240099e-05  6.32016680e+02 -2.13464696e-02 -4.93278531e+02 
 1.01242079e-05  6.32016671e+02 -2.05911883e-02 -5.07248051e+02 
 1.01243978e-05  6.32016663e+02 -1.98519946e-02 -5.20255708e+02 
 1.01245845e-05  6.32016655e+02 -1.91127616e-02 -5.32633463e+02 
 1.01247647e-05  6.32016648e+02 -1.83870026e-02 -5.44194922e+02 
 1.01249415e-05  6.32016641e+02 -1.76637340e-02 -5.55154450e+02 
 1.01251129e-05  6.32016635e+02 -1.69523832e-02 -5.65403188e+02 
 1.01252810e-05  6.32016629e+02 -1.62455080e-02 -5.75081808e+02 
 1.01254445e-05  6.32016623e+02 -1.55496962e-02 -5.84129932e+02 
 1.01256047e-05  6.32016618e+02 -1.48599521e-02 -5.92641786e+02 
 1.01257608e-05  6.32016613e+02 -1.41808970e-02 -6.00587109e+02 
 1.01259136e-05  6.32016609e+02 -1.35092242e-02 -6.08030823e+02 
 1.01260627e-05  6.32016604e+02 -1.28481974e-02 -6.14961235e+02 
 1.01262087e-05  6.32016601e+02 -1.21956749e-02 -6.21424787e+02 
 1.01263511e-05  6.32016597e+02 -1.15539880e-02 -6.27421114e+02 
 1.01264904e-05  6.32016594e+02 -1.09217987e-02 -6.32985010e+02 
 1.01266264e-05  6.32016591e+02 -1.03008029e-02 -6.38122926e+02 
 1.01267592e-05  6.32016588e+02 -9.69021896e-03 -6.42862325e+02 
 1.01268889e-05  6.32016585e+02 -9.09131542e-03 -6.47213684e+02 
 1.01270154e-05  6.32016583e+02 -8.50369925e-03 -6.51199858e+02 
 1.01271388e-05  6.32016581e+02 -7.92835830e-03 -6.54833645e+02 
 1.01272590e-05  6.32016579e+02 -7.36517644e-03 -6.58135013e+02 
 1.01273760e-05  6.32016577e+02 -6.81496621e-03 -6.61118058e+02 
 1.01274899e-05  6.32016575e+02 -6.27781727e-03 -6.63800939e+02 
 1.01276005e-05  6.32016574e+02 -5.75444553e-03 -6.66198448e+02 
 1.01277079e-05  6.32016573e+02 -5.24510537e-03 -6.68327624e+02 
 1.01278119e-05  6.32016572e+02 -4.75047939e-03 -6.70203614e+02 
 1.01279126e-05  6.32016571e+02 -4.27097085e-03 -6.71842769e+02 
 1.01280097e-05  6.32016570e+02 -3.80728712e-03 -6.73260416e+02 
 1.01281033e-05  6.32016569e+02 -3.35998895e-03 -6.74472504e+02 
 1.01281931e-05  6.32016568e+02 -2.92987328e-03 -6.75494458e+02 
 1.01282791e-05  6.32016568e+02 -2.51769809e-03 -6.76342024e+02 
 1.01283611e-05  6.32016568e+02 -2.12444029e-03 -6.77030716e+02 
 1.01284389e-05  6.32016567e+02 -1.75114783e-03 -6.77576233e+02 
 1.01285122e-05  6.32016567e+02 -1.39913498e-03 -6.77994223e+02 
 1.01285807e-05  6.32016567e+02 -1.06995036e-03 -6.78300498e+02 
 1.01286440e-05  6.32016567e+02 -7.65591302e-04 -6.78510972e+02 
 1.01286952e-05  6.32016567e+02 -5.19855565e-04 -6.78629963e+02 
 1.01287364e-05  6.32016567e+02 -3.21722015e-04 -6.78692771e+02 
 1.01287693e-05  6.32016567e+02 -1.63215304e-04 -6.78721723e+02 
 1.01287974e-05  6.32016567e+02 -2.83484687e-05 -6.78731453e+02 
 1.01288259e-05  6.32016567e+02  1.08836022e-04 -6.78727294e+02 
 1.01288551e-05  6.32016567e+02  2.48812354e-04 -6.78708437e+02 
 1.01288948e-05  6.32016567e+02  4.39687261e-04 -6.78658935e+02 
 1.01289389e-05  6.32016567e+02  6.51908568e-04 -6.78571670e+02 
 1.01289924e-05  6.32016567e+02  9.08811337e-04 -6.78420619e+02 
 1.01290495e-05  6.32016567e+02  1.18322366e-03 -6.78204315e+02 
 1.01291136e-05  6.32016567e+02  1.49135105e-03 -6.77893740e+02 
 1.01291809e-05  6.32016567e+02  1.81473502e-03 -6.77490714e+02 
 1.01292540e-05  6.32016568e+02  2.16528960e-03 -6.76964578e+02 
 1.01293301e-05  6.32016568e+02  2.53043031e-03 -6.76317707e+02 
 1.01294111e-05  6.32016568e+02  2.91861738e-03 -6.75519234e+02 
 1.01294952e-05  6.32016569e+02  3.32097494e-03 -6.74570898e+02 
 1.01295835e-05  6.32016570e+02  3.74339517e-03 -6.73442758e+02 
 1.01296749e-05  6.32016570e+02  4.17951213e-03 -6.72135248e+02 
 1.01297701e-05  6.32016571e+02  4.63339469e-03 -6.70619946e+02 
 1.01298682e-05  6.32016572e+02  5.10043502e-03 -6.68895597e+02 
 1.01299700e-05  6.32016573e+02  5.58341531e-03 -6.66935524e+02 
 1.01300746e-05  6.32016575e+02  6.07896838e-03 -6.64736636e+02 
 1.01301826e-05  6.32016576e+02  6.58896519e-03 -6.62274013e+02 
 1.01302934e-05  6.32016578e+02  7.11091544e-03 -6.59542750e+02 
 1.01304075e-05  6.32016580e+02  7.64604320e-03 -6.56519560e+02 
 1.01305244e-05  6.32016582e+02  8.19247831e-03 -6.53197831e+02 
 1.01306443e-05  6.32016584e+02  8.75098478e-03 -6.49555714e+02 
 1.01307671e-05  6.32016586e+02  9.32013102e-03 -6.45585034e+02 
 1.01308930e-05  6.32016589e+02  9.90035314e-03 -6.41265134e+02 
 1.01310217e-05  6.32016591e+02  1.04905291e-02 -6.36586424e+02 
 1.01311533e-05  6.32016594e+02  1.10908603e-02 -6.31529175e+02 
 1.01312879e-05  6.32016598e+02  1.17004426e-02 -6.26082501e+02 
 1.01314255e-05  6.32016601e+02  1.23193083e-02 -6.20227326e+02 
 1.01315660e-05  6.32016605e+02  1.29467052e-02 -6.13951546e+02 
 1.01317095e-05  6.32016609e+02  1.35825434e-02 -6.07236444e+02 
 1.01318561e-05  6.32016613e+02  1.42261757e-02 -6.00068714e+02 
 1.01320059e-05  6.32016618e+02  1.48774222e-02 -5.92429685e+02 
 1.01321588e-05  6.32016623e+02  1.55357074e-02 -5.84304780e+02 
 1.01323149e-05  6.32016628e+02  1.62007848e-02 -5.75675016e+02 
 1.01324744e-05  6.32016634e+02  1.68721267e-02 -5.66524375e+02 
 1.01326374e-05  6.32016640e+02  1.75494369e-02 -5.56833114e+02 
 1.01328038e-05  6.32016646e+02  1.82322189e-02 -5.46583462e+02 
 1.01329740e-05  6.32016653e+02  1.89201395e-02 -5.35754333e+02 
 1.01331479e-05  6.32016660e+02  1.96127235e-02 -5.24325670e+02 
 1.01333259e-05  6.32016668e+02  2.03096110e-02 -5.12274234e+02 
 1.01335080e-05  6.32016676e+02  2.10103432e-02 -4.99576826e+02 
 1.01336946e-05  6.32016684e+02  2.17145447e-02 -4.86206842e+02 
 1.01338858e-05  6.32016693e+02  2.24217745e-02 -4.72136540e+02 
 1.01340820e-05  6.32016703e+02  2.31316564e-02 -4.57334060e+02 
 1.01342835e-05  6.32016713e+02  2.38437777e-02 -4.41764762e+02 
 1.01344907e-05  6.32016723e+02  2.45577854e-02 -4.25388361e+02 
 1.01347042e-05  6.32016735e+02  2.52733222e-02 -4.08159176e+02 
 1.01349245e-05  6.32016747e+02  2.59901044e-02 -3.90022793e+02 
 1.01351523e-05  6.32016759e+02  2.67078928e-02 -3.70914626e+02 
 1.01353886e-05  6.32016773e+02  2.74265728e-02 -3.50754860e+02 
 1.01356346e-05  6.32016788e+02  2.81461746e-02 -3.29443447e+02 
 1.01358916e-05  6.32016803e+02  2.88669998e-02 -3.06849793e+02 
 1.01361618e-05  6.32016820e+02  2.95897629e-02 -2.82797703e+02 
 1.01364482e-05  6.32016838e+02  3.03159268e-02 -2.57036374e+02 
 1.01367269e-05  6.32016856e+02  3.09834116e-02 -2.31736920e+02 
 1.01370101e-05  6.32016875e+02  3.16213155e-02 -2.05872070e+02 
 1.01372850e-05  6.32016894e+02  3.22014489e-02 -1.80667439e+02 
 1.01375621e-05  6.32016913e+02  3.27474126e-02 -1.55204586e+02 
 1.01378333e-05  6.32016932e+02  3.32437007e-02 -1.30290832e+02 
 1.01381061e-05  6.32016951e+02  3.37050631e-02 -1.05281020e+02 
 1.01383746e-05  6.32016971e+02  3.41223129e-02 -8.07520864e+01 
 1.01386441e-05  6.32016990e+02  3.45044067e-02 -5.62676328e+01 
 1.01389104e-05  6.32017010e+02  3.48461426e-02 -3.22416941e+01 
 1.01391773e-05  6.32017030e+02  3.51531332e-02 -8.37109109e+00 
 1.01394418e-05  6.32017050e+02  3.54226508e-02  1.50459214e+01 
 1.01397067e-05  6.32017070e+02  3.56582147e-02  3.82165211e+01 
 1.01399697e-05  6.32017090e+02  3.58586859e-02  6.09312455e+01 
 1.01402329e-05  6.32017110e+02  3.60262909e-02  8.33290187e+01 
 1.01404948e-05  6.32017130e+02  3.61608265e-02  1.05263254e+02 
 1.01407568e-05  6.32017150e+02  3.62637513e-02  1.26826008e+02 
 1.01410178e-05  6.32017170e+02  3.63353920e-02  1.47914907e+02 
 1.01412789e-05  6.32017191e+02  3.63767646e-02  1.68590329e+02 
 1.01415393e-05  6.32017211e+02  3.63884792e-02  1.88781049e+02 
 1.01417998e-05  6.32017231e+02  3.63713056e-02  2.08526354e+02 
 1.01420599e-05  6.32017251e+02  3.63259910e-02  2.27776999e+02 
 1.01423201e-05  6.32017271e+02  3.62531743e-02  2.46558520e+02 
 1.01425801e-05  6.32017291e+02  3.61536548e-02  2.64837236e+02 
 1.01428381e-05  6.32017311e+02  3.60291429e-02  2.82485609e+02 
 1.01430943e-05  6.32017331e+02  3.58808413e-02  2.99515758e+02 
 1.01433485e-05  6.32017350e+02  3.57100346e-02  3.15926672e+02 
 1.01436013e-05  6.32017369e+02  3.55175993e-02  3.31751108e+02 
 1.01438527e-05  6.32017388e+02  3.53045133e-02  3.47001457e+02 
 1.01441030e-05  6.32017407e+02  3.50714831e-02  3.61702983e+02 
 1.01443524e-05  6.32017425e+02  3.48193419e-02  3.75866051e+02 
 1.01446011e-05  6.32017444e+02  3.45487092e-02  3.89509445e+02 
 1.01448491e-05  6.32017462e+02  3.42603138e-02  4.02642560e+02 
 1.01450967e-05  6.32017480e+02  3.39547078e-02  4.15280692e+02 
 1.01453439e-05  6.32017498e+02  3.36325304e-02  4.27433097e+02 
 1.01455910e-05  6.32017515e+02  3.32942773e-02  4.39112992e+02 
 1.01458378e-05  6.32017533e+02  3.29405121e-02  4.50329617e+02 
 1.01460847e-05  6.32017550e+02  3.25716838e-02  4.61094818e+02 
 1.01463317e-05  6.32017567e+02  3.21882924e-02  4.71417819e+02 
 1.01465788e-05  6.32017584e+02  3.17907466e-02  4.81309550e+02 
 1.01468261e-05  6.32017600e+02  3.13794919e-02  4.90779220e+02 
 1.01470738e-05  6.32017617e+02  3.09549010e-02  4.99837157e+02 
 1.01473220e-05  6.32017633e+02  3.05173712e-02  5.08492566e+02 
 1.01475706e-05  6.32017649e+02  3.00672415e-02  5.16755385e+02 
 1.01478199e-05  6.32017665e+02  2.96048663e-02  5.24634827e+02 
 1.01480698e-05  6.32017680e+02  2.91305520e-02  5.32140584e+02 
 1.01483205e-05  6.32017696e+02  2.86446133e-02  5.39281881e+02 
 1.01485720e-05  6.32017711e+02  2.81473250e-02  5.46068260e+02 
 1.01488244e-05  6.32017726e+02  2.76389638e-02  5.52508967e+02 
 1.01490778e-05  6.32017741e+02  2.71197729e-02  5.58613456e+02 
 1.01493323e-05  6.32017755e+02  2.65899926e-02  5.64390996e+02 
 1.01495879e-05  6.32017769e+02  2.60498336e-02  5.69850992e+02 
 1.01498448e-05  6.32017784e+02  2.54995000e-02  5.75002736e+02 
 1.01501029e-05  6.32017797e+02  2.49391689e-02  5.79855610e+02 
 1.01503625e-05  6.32017811e+02  2.43690075e-02  5.84418925e+02 
 1.01506236e-05  6.32017824e+02  2.37891580e-02  5.88702053e+02 
 1.01508862e-05  6.32017838e+02  2.31997493e-02  5.92714319e+02 
 1.01511505e-05  6.32017850e+02  2.26008860e-02  5.96465086e+02 
 1.01514166e-05  6.32017863e+02  2.19926569e-02  5.99963688e+02 
 1.01516845e-05  6.32017875e+02  2.13751260e-02  6.03219478e+02 
 1.01519544e-05  6.32017888e+02  2.07483389e-02  6.06241786e+02 
 1.01522264e-05  6.32017899e+02  2.01123157e-02  6.09039948e+02 
 1.01525006e-05  6.32017911e+02  1.94670549e-02  6.11623280e+02 
 1.01527771e-05  6.32017922e+02  1.88125280e-02  6.14001088e+02 
 1.01530561e-05  6.32017933e+02  1.81486820e-02  6.16182655e+02 
 1.01533376e-05  6.32017944e+02  1.74754349e-02  6.18177245e+02 
 1.01536219e-05  6.32017954e+02  1.67926770e-02  6.19994089e+02 
 1.01539090e-05  6.32017964e+02  1.61002674e-02  6.21642383e+02 
 1.01541991e-05  6.32017974e+02  1.53980347e-02  6.23131283e+02 
 1.01544924e-05  6.32017983e+02  1.46857744e-02  6.24469894e+02 
 1.01547891e-05  6.32017992e+02  1.39632503e-02  6.25667261e+02 
 1.01550894e-05  6.32018001e+02  1.32301933e-02  6.26732360e+02 
 1.01553933e-05  6.32018009e+02  1.24863051e-02  6.27674082e+02 
 1.01557008e-05  6.32018017e+02  1.17323465e-02  6.28500122e+02 
 1.01560060e-05  6.32018025e+02  1.09827559e-02  6.29206764e+02 
 1.01563112e-05  6.32018032e+02  1.02318426e-02  6.29812647e+02 
 1.01566124e-05  6.32018038e+02  9.49001303e-03  6.30322296e+02 
 1.01569107e-05  6.32018044e+02  8.75451120e-03  6.30750540e+02 
 1.01572024e-05  6.32018049e+02  8.03462057e-03  6.31104271e+02 
 1.01574865e-05  6.32018053e+02  7.33279331e-03  6.31394410e+02 
 1.01577586e-05  6.32018058e+02  6.66034700e-03  6.31627940e+02 
 1.01580147e-05  6.32018061e+02  6.02716239e-03  6.31812892e+02 
 1.01582110e-05  6.32018063e+02  5.54172685e-03  6.31934306e+02 
 1.01582536e-05  6.32018064e+02  5.43638713e-03  6.31958505e+02 
 1.01583219e-05  6.32018065e+02  5.26741362e-03  6.31995800e+02 
 1.01583859e-05  6.32018065e+02  5.10906776e-03  6.32029100e+02 
 1.01584682e-05  6.32018066e+02  4.90552370e-03  6.32069642e+02 
 1.01585742e-05  6.32018067e+02  4.64313077e-03  6.32118309e+02 
 1.01586900e-05  6.32018068e+02  4.35665573e-03  6.32167049e+02 
 1.01587447e-05  6.32018069e+02  4.22120847e-03  6.32188566e+02 
 1.01588363e-05  6.32018070e+02  3.99442335e-03  6.32222494e+02 
 1.01589363e-05  6.32018071e+02  3.74691732e-03  6.32256644e+02 
 1.01590353e-05  6.32018071e+02  3.50172845e-03  6.32287650e+02 
 1.01591200e-05  6.32018072e+02  3.29222490e-03  6.32312014e+02 
 1.01592256e-05  6.32018073e+02  3.03067943e-03  6.32339801e+02 
 1.01593342e-05  6.32018073e+02  2.76180249e-03  6.32365456e+02 
 1.01595324e-05  6.32018074e+02  2.27113108e-03  6.32405112e+02 
 1.01595779e-05  6.32018075e+02  2.15835213e-03  6.32412972e+02 
 1.01596690e-05  6.32018075e+02  1.93278850e-03  6.32427339e+02 
 1.01597424e-05  6.32018075e+02  1.75098556e-03  6.32437634e+02 
 1.01598164e-05  6.32018076e+02  1.56768280e-03  6.32446878e+02 
 1.01598993e-05  6.32018076e+02  1.36247206e-03  6.32455897e+02 
 1.01599759e-05  6.32018076e+02  1.17262702e-03  6.32463010e+02 
 1.01600617e-05  6.32018076e+02  9.60252080e-04  6.32469587e+02 
 1.01601616e-05  6.32018076e+02  7.12786120e-04  6.32475446e+02 
 1.01602034e-05  6.32018076e+02  6.09220744e-04  6.32477329e+02 
 1.01602687e-05  6.32018077e+02  4.47530799e-04  6.32479606e+02 
 1.01603290e-05  6.32018077e+02  2.98236459e-04  6.32481001e+02 
 1.01603885e-05  6.32018077e+02  1.50924845e-04  6.32481719e+02 
 1.01604463e-05  6.32018077e+02  7.64473047e-06  6.32481798e+02 
 1.01605051e-05  6.32018077e+02 -1.38020426e-04  6.32481258e+02 
 1.01605690e-05  6.32018077e+02 -2.96138910e-04  6.32479971e+02 
 1.01606307e-05  6.32018077e+02 -4.48981554e-04  6.32478036e+02 
 1.01606994e-05  6.32018076e+02 -6.19173212e-04  6.32475084e+02 
 1.01607696e-05  6.32018076e+02 -7.93055791e-04  6.32471198e+02 
 1.01608552e-05  6.32018076e+02 -1.00510002e-03  6.32465260e+02 
 1.01609626e-05  6.32018076e+02 -1.27097887e-03  6.32455920e+02 
 1.01610246e-05  6.32018076e+02 -1.42458547e-03  6.32449541e+02 
 1.01610963e-05  6.32018075e+02 -1.60202190e-03  6.32441253e+02 
 1.01611694e-05  6.32018075e+02 -1.78306732e-03  6.32431756e+02 
 1.01612536e-05  6.32018075e+02 -1.99154716e-03  6.32419479e+02 
 1.01613305e-05  6.32018075e+02 -2.18201704e-03  6.32406968e+02 
 1.01614149e-05  6.32018074e+02 -2.39101509e-03  6.32391770e+02 
 1.01615011e-05  6.32018074e+02 -2.60442504e-03  6.32374608e+02 
 1.01615978e-05  6.32018073e+02 -2.84384881e-03  6.32353300e+02 
 1.01617070e-05  6.32018072e+02 -3.11424012e-03  6.32326508e+02 
 1.01618405e-05  6.32018072e+02 -3.44469083e-03  6.32289632e+02 
 1.01619417e-05  6.32018071e+02 -3.69532628e-03  6.32258460e+02 
 1.01620731e-05  6.32018070e+02 -4.02059568e-03  6.32213641e+02 
 1.01621601e-05  6.32018069e+02 -4.23581342e-03  6.32181127e+02 
 1.01622570e-05  6.32018068e+02 -4.47579470e-03  6.32142044e+02 
 1.01623062e-05  6.32018068e+02 -4.59755055e-03  6.32121029e+02 
 1.01623687e-05  6.32018067e+02 -4.75208920e-03  6.32093166e+02 
 1.01624297e-05  6.32018066e+02 -4.90299314e-03  6.32064635e+02 
 1.01624810e-05  6.32018066e+02 -5.03002154e-03  6.32039576e+02 
 1.01625328e-05  6.32018065e+02 -5.15813696e-03  6.32013309e+02 
 1.01625859e-05  6.32018065e+02 -5.28966750e-03  6.31985278e+02 
 1.01626519e-05  6.32018064e+02 -5.45275338e-03  6.31948979e+02 
 1.01627267e-05  6.32018063e+02 -5.63796908e-03  6.31905616e+02 
 1.01628006e-05  6.32018062e+02 -5.82073717e-03  6.31860515e+02 
 1.01628823e-05  6.32018061e+02 -6.02261126e-03  6.31807926e+02 
 1.01629634e-05  6.32018060e+02 -6.22322394e-03  6.31752666e+02 
 1.01630518e-05  6.32018059e+02 -6.44177273e-03  6.31688919e+02 
 1.01631397e-05  6.32018058e+02 -6.65905131e-03  6.31621718e+02 
 1.01632342e-05  6.32018056e+02 -6.89259592e-03  6.31545043e+02 
 1.01633281e-05  6.32018055e+02 -7.12483612e-03  6.31464023e+02 
 1.01634282e-05  6.32018053e+02 -7.37206539e-03  6.31372298e+02 
 1.01635279e-05  6.32018052e+02 -7.61823166e-03  6.31275090e+02 
 1.01636332e-05  6.32018050e+02 -7.87837551e-03  6.31165681e+02 
 1.01637383e-05  6.32018048e+02 -8.13789413e-03  6.31049357e+02 
 1.01638487e-05  6.32018046e+02 -8.41048818e-03  6.30919070e+02 
 1.01640696e-05  6.32018042e+02 -8.95541838e-03  6.30632033e+02 
 1.01643068e-05  6.32018037e+02 -9.54014380e-03  6.30281213e+02 
 1.01645565e-05  6.32018032e+02 -1.01552031e-02  6.29859312e+02 
 1.01648918e-05  6.32018025e+02 -1.09802738e-02  6.29198034e+02 
 1.01652017e-05  6.32018017e+02 -1.17414063e-02  6.28479018e+02 
 1.01655572e-05  6.32018008e+02 -1.26128577e-02  6.27510012e+02 
 1.01658775e-05  6.32017999e+02 -1.33964113e-02  6.26488966e+02 
 1.01662165e-05  6.32017989e+02 -1.42234783e-02  6.25237967e+02 
 1.01665289e-05  6.32017979e+02 -1.49834047e-02  6.23913477e+02 
 1.01668515e-05  6.32017969e+02 -1.57656373e-02  6.22355297e+02 
 1.01671558e-05  6.32017958e+02 -1.65005909e-02  6.20692265e+02 
 1.01674660e-05  6.32017947e+02 -1.72468339e-02  6.18786167e+02 
 1.01677632e-05  6.32017936e+02 -1.79584910e-02  6.16744331e+02 
 1.01680635e-05  6.32017924e+02 -1.86740736e-02  6.14449603e+02 
 1.01683543e-05  6.32017913e+02 -1.93630630e-02  6.11990133e+02 
 1.01686465e-05  6.32017900e+02 -2.00510239e-02  6.09267428e+02 
 1.01689314e-05  6.32017888e+02 -2.07175942e-02  6.06352512e+02 
 1.01692166e-05  6.32017875e+02 -2.13798320e-02  6.03163094e+02 
 1.01694962e-05  6.32017862e+02 -2.20240975e-02  5.99755363e+02 
 1.01697754e-05  6.32017849e+02 -2.26617887e-02  5.96060901e+02 
 1.01700502e-05  6.32017836e+02 -2.32837244e-02  5.92123349e+02 
 1.01703242e-05  6.32017822e+02 -2.38975107e-02  5.87885990e+02 
 1.01705947e-05  6.32017808e+02 -2.44969323e-02  5.83382030e+02 
 1.01708641e-05  6.32017794e+02 -2.50870418e-02  5.78564487e+02 
 1.01711307e-05  6.32017779e+02 -2.56636002e-02  5.73458009e+02 
 1.01713962e-05  6.32017765e+02 -2.62299333e-02  5.68023619e+02 
 1.01716594e-05  6.32017750e+02 -2.67831182e-02  5.62279036e+02 
 1.01719214e-05  6.32017735e+02 -2.73253070e-02  5.56191807e+02 
 1.01721815e-05  6.32017720e+02 -2.78544513e-02  5.49774097e+02 
 1.01724405e-05  6.32017704e+02 -2.83719016e-02  5.42998733e+02 
 1.01726979e-05  6.32017688e+02 -2.88761867e-02  5.35873474e+02 
 1.01729543e-05  6.32017673e+02 -2.93681058e-02  5.28375390e+02 
 1.01732093e-05  6.32017656e+02 -2.98465653e-02  5.20508775e+02 
 1.01734635e-05  6.32017640e+02 -3.03119814e-02  5.12254091e+02 
 1.01737166e-05  6.32017624e+02 -3.07635029e-02  5.03612928e+02 
 1.01739689e-05  6.32017607e+02 -3.12012763e-02  4.94568438e+02 
 1.01742203e-05  6.32017590e+02 -3.16246010e-02  4.85120108e+02 
 1.01744711e-05  6.32017573e+02 -3.20334296e-02  4.75253210e+02 
 1.01747212e-05  6.32017556e+02 -3.24271489e-02  4.64965594e+02 
 1.01749709e-05  6.32017539e+02 -3.28055677e-02  4.54244173e+02 
 1.01752201e-05  6.32017521e+02 -3.31681162e-02  4.43085505e+02 
 1.01754690e-05  6.32017504e+02 -3.35144913e-02  4.31477743e+02 
 1.01757177e-05  6.32017486e+02 -3.38441349e-02  4.19416388e+02 
 1.01759662e-05  6.32017468e+02 -3.41566512e-02  4.06890472e+02 
 1.01762146e-05  6.32017450e+02 -3.44514696e-02  3.93894577e+02 
 1.01764631e-05  6.32017432e+02 -3.47281106e-02  3.80418270e+02 
 1.01767118e-05  6.32017413e+02 -3.49859713e-02  3.66455241e+02 
 1.01769608e-05  6.32017394e+02 -3.52244897e-02  3.51995233e+02 
 1.01772102e-05  6.32017376e+02 -3.54430107e-02  3.37030956e+02 
 1.01774602e-05  6.32017357e+02 -3.56408843e-02  3.21551909e+02 
 1.01777108e-05  6.32017338e+02 -3.58173815e-02  3.05549579e+02 
 1.01779623e-05  6.32017319e+02 -3.59717494e-02  2.89012684e+02 
 1.01782148e-05  6.32017299e+02 -3.61031586e-02  2.71931033e+02 
 1.01784685e-05  6.32017280e+02 -3.62107282e-02  2.54291811e+02 
 1.01787236e-05  6.32017260e+02 -3.62934906e-02  2.36082364e+02 
 1.01789804e-05  6.32017240e+02 -3.63503954e-02  2.17287205e+02 
 1.01792391e-05  6.32017220e+02 -3.63802812e-02  1.97889891e+02 
 1.01794999e-05  6.32017200e+02 -3.63818603e-02  1.77870438e+02 
 1.01797634e-05  6.32017180e+02 -3.63536874e-02  1.57206307e+02 
 1.01800280e-05  6.32017159e+02 -3.62946341e-02  1.36015892e+02 
 1.01802924e-05  6.32017139e+02 -3.62042004e-02  1.14422864e+02 
 1.01805573e-05  6.32017118e+02 -3.60815102e-02  9.23954453e+01 
 1.01808220e-05  6.32017098e+02 -3.59262620e-02  7.00135856e+01 
 1.01810872e-05  6.32017078e+02 -3.57374342e-02  4.72410170e+01 
 1.01813526e-05  6.32017058e+02 -3.55147192e-02  2.41415200e+01 
 1.01816186e-05  6.32017038e+02 -3.52570619e-02  6.96619838e-01 
 1.01818851e-05  6.32017018e+02 -3.49641356e-02 -2.30374841e+01 
 1.01821523e-05  6.32016998e+02 -3.46349055e-02 -4.70641472e+01 
 1.01824201e-05  6.32016978e+02 -3.42690034e-02 -7.13324732e+01 
 1.01826888e-05  6.32016959e+02 -3.38654238e-02 -9.58342784e+01 
 1.01829584e-05  6.32016940e+02 -3.34238064e-02 -1.20518272e+02 
 1.01832292e-05  6.32016921e+02 -3.29429144e-02 -1.45380472e+02 
 1.01835010e-05  6.32016902e+02 -3.24226602e-02 -1.70353396e+02 
 1.01837742e-05  6.32016883e+02 -3.18616886e-02 -1.95430443e+02 
 1.01840487e-05  6.32016865e+02 -3.12597937e-02 -2.20548316e+02 
 1.01843249e-05  6.32016846e+02 -3.06156769e-02 -2.45688208e+02 
 1.01846028e-05  6.32016829e+02 -2.99289852e-02 -2.70789404e+02 
 1.01848826e-05  6.32016811e+02 -2.91984625e-02 -2.95822019e+02 
 1.01851644e-05  6.32016794e+02 -2.84235989e-02 -3.20725603e+02 
 1.01854486e-05  6.32016777e+02 -2.76031339e-02 -3.45460616e+02 
 1.01857298e-05  6.32016760e+02 -2.67532568e-02 -3.69502592e+02 
 1.01859875e-05  6.32016746e+02 -2.59416746e-02 -3.91108829e+02 
 1.01862383e-05  6.32016732e+02 -2.51222512e-02 -4.11701752e+02 
 1.01864709e-05  6.32016720e+02 -2.43371216e-02 -4.30370542e+02 
 1.01866982e-05  6.32016709e+02 -2.35469897e-02 -4.48182299e+02 
 1.01869128e-05  6.32016698e+02 -2.27804044e-02 -4.64586198e+02 
 1.01871231e-05  6.32016688e+02 -2.20106189e-02 -4.80239059e+02 
 1.01873240e-05  6.32016679e+02 -2.12580988e-02 -4.94788197e+02 
 1.01875210e-05  6.32016670e+02 -2.05049453e-02 -5.08639994e+02 
 1.01877106e-05  6.32016662e+02 -1.97656870e-02 -5.21575907e+02 
 1.01878965e-05  6.32016654e+02 -1.90282099e-02 -5.33854974e+02 
 1.01880763e-05  6.32016647e+02 -1.83027104e-02 -5.45347283e+02 
 1.01882525e-05  6.32016640e+02 -1.75809702e-02 -5.56221693e+02 
 1.01884236e-05  6.32016634e+02 -1.68701304e-02 -5.66404567e+02 
 1.01885911e-05  6.32016628e+02 -1.61646514e-02 -5.76008233e+02 
 1.01887542e-05  6.32016623e+02 -1.54695491e-02 -5.84994183e+02 
 1.01889140e-05  6.32016618e+02 -1.47811335e-02 -5.93439057e+02 
 1.01890697e-05  6.32016613e+02 -1.41029486e-02 -6.01326094e+02 
 1.01892221e-05  6.32016608e+02 -1.34325811e-02 -6.08709367e+02 
 1.01893708e-05  6.32016604e+02 -1.27725588e-02 -6.15585457e+02 
 1.01895164e-05  6.32016600e+02 -1.21213491e-02 -6.21994157e+02 
 1.01896585e-05  6.32016597e+02 -1.14807829e-02 -6.27940126e+02 
 1.01897974e-05  6.32016593e+02 -1.08499359e-02 -6.33454117e+02 
 1.01899330e-05  6.32016590e+02 -1.02301655e-02 -6.38545598e+02 
 1.01900655e-05  6.32016588e+02 -9.62096995e-03 -6.43239600e+02 
 1.01901948e-05  6.32016585e+02 -9.02338999e-03 -6.47548388e+02 
 1.01903210e-05  6.32016583e+02 -8.43722150e-03 -6.51493368e+02 
 1.01904440e-05  6.32016581e+02 -7.86330019e-03 -6.55088383e+02 
 1.01905639e-05  6.32016579e+02 -7.30163714e-03 -6.58352547e+02 
 1.01906806e-05  6.32016577e+02 -6.75294458e-03 -6.61300554e+02 
 1.01907941e-05  6.32016575e+02 -6.21739779e-03 -6.63950070e+02 
 1.01909043e-05  6.32016574e+02 -5.69564780e-03 -6.66316220e+02 
 1.01910113e-05  6.32016573e+02 -5.18800722e-03 -6.68415762e+02 
 1.01911150e-05  6.32016572e+02 -4.69511832e-03 -6.70264023e+02 
 1.01912152e-05  6.32016571e+02 -4.21742494e-03 -6.71877201e+02 
 1.01913120e-05  6.32016570e+02 -3.75561173e-03 -6.73270714e+02 
 1.01914051e-05  6.32016569e+02 -3.31026971e-03 -6.74460429e+02 
 1.01914946e-05  6.32016569e+02 -2.88218658e-03 -6.75461820e+02 
 1.01915801e-05  6.32016568e+02 -2.47214647e-03 -6.76290592e+02 
 1.01916617e-05  6.32016568e+02 -2.08112971e-03 -6.76962282e+02 
 1.01917390e-05  6.32016567e+02 -1.71021310e-03 -6.77492575e+02 
 1.01918117e-05  6.32016567e+02 -1.36073090e-03 -6.77897138e+02 
 1.01918797e-05  6.32016567e+02 -1.03427560e-03 -6.78191784e+02 
 1.01919424e-05  6.32016567e+02 -7.32898174e-04 -6.78392451e+02 
 1.01919927e-05  6.32016567e+02 -4.91007904e-04 -6.78503983e+02 
 1.01920330e-05  6.32016567e+02 -2.97412890e-04 -6.78561481e+02 
 1.01920649e-05  6.32016567e+02 -1.44141570e-04 -6.78586975e+02 
 1.01920928e-05  6.32016567e+02 -9.80133098e-06 -6.78594765e+02 
 1.01921236e-05  6.32016567e+02  1.37913091e-04 -6.78587636e+02 
 1.01921524e-05  6.32016567e+02  2.76460936e-04 -6.78566009e+02 
 1.01921954e-05  6.32016567e+02  4.83218945e-04 -6.78506837e+02 
 1.01922395e-05  6.32016567e+02  6.94877806e-04 -6.78412895e+02 
 1.01922955e-05  6.32016567e+02  9.64089613e-04 -6.78244621e+02 
 1.01923526e-05  6.32016567e+02  1.23839431e-03 -6.78016954e+02 
 1.01924186e-05  6.32016567e+02  1.55565735e-03 -6.77682835e+02 
 1.01924861e-05  6.32016567e+02  1.87959686e-03 -6.77263272e+02 
 1.01925606e-05  6.32016568e+02  2.23726610e-03 -6.76707896e+02 
 1.01926370e-05  6.32016568e+02  2.60353710e-03 -6.76038836e+02 
 1.01927193e-05  6.32016569e+02  2.99747814e-03 -6.75205737e+02 
 1.01928037e-05  6.32016569e+02  3.40136001e-03 -6.74229264e+02 
 1.01928931e-05  6.32016570e+02  3.82855648e-03 -6.73061303e+02 
 1.01929848e-05  6.32016571e+02  4.26643952e-03 -6.71719567e+02 
 1.01930809e-05  6.32016572e+02  4.72437183e-03 -6.70159348e+02 
 1.01931795e-05  6.32016573e+02  5.19330969e-03 -6.68394626e+02 
 1.01932821e-05  6.32016574e+02  5.67978644e-03 -6.66384562e+02 
 1.01933872e-05  6.32016575e+02  6.17728984e-03 -6.64139151e+02 
 1.01934959e-05  6.32016577e+02  6.69035069e-03 -6.61621433e+02 
 1.01936073e-05  6.32016578e+02  7.21424779e-03 -6.58837516e+02 
 1.01937220e-05  6.32016580e+02  7.75209170e-03 -6.55754063e+02 
 1.01938394e-05  6.32016582e+02  8.30042962e-03 -6.52373580e+02 
 1.01939600e-05  6.32016584e+02  8.86136364e-03 -6.48665941e+02 
 1.01940833e-05  6.32016587e+02  9.43233940e-03 -6.44630424e+02 
 1.01942098e-05  6.32016589e+02  1.00147419e-02 -6.40239635e+02 
 1.01943390e-05  6.32016592e+02  1.06066526e-02 -6.35490002e+02 
 1.01944713e-05  6.32016595e+02  1.12089457e-02 -6.30356364e+02 
 1.01946064e-05  6.32016599e+02  1.18201519e-02 -6.24832645e+02 
 1.01947446e-05  6.32016602e+02  1.24407804e-02 -6.18895418e+02 
 1.01948857e-05  6.32016606e+02  1.30696783e-02 -6.12536386e+02 
 1.01950299e-05  6.32016610e+02  1.37070930e-02 -6.05733365e+02 
 1.01951771e-05  6.32016615e+02  1.43520933e-02 -5.98476028e+02 
 1.01953275e-05  6.32016619e+02  1.50047380e-02 -5.90742946e+02 
 1.01954810e-05  6.32016624e+02  1.56642502e-02 -5.82521848e+02 
 1.01956378e-05  6.32016630e+02  1.63305520e-02 -5.73791544e+02 
 1.01957980e-05  6.32016635e+02  1.70029731e-02 -5.64537768e+02 
 1.01959616e-05  6.32016641e+02  1.76813360e-02 -5.54738996e+02 
 1.01961288e-05  6.32016648e+02  1.83650438e-02 -5.44378745e+02 
 1.01962997e-05  6.32016654e+02  1.90538465e-02 -5.33434454e+02 
 1.01964744e-05  6.32016662e+02  1.97471981e-02 -5.21886958e+02 
 1.01966532e-05  6.32016669e+02  2.04447977e-02 -5.09711737e+02 
 1.01968362e-05  6.32016677e+02  2.11461369e-02 -4.96886114e+02 
 1.01970236e-05  6.32016686e+02  2.18508825e-02 -4.83382288e+02 
 1.01972158e-05  6.32016695e+02  2.25585595e-02 -4.69172657e+02 
 1.01974130e-05  6.32016705e+02  2.32688230e-02 -4.54224100e+02 
 1.01976156e-05  6.32016715e+02  2.39812387e-02 -4.38501653e+02 
 1.01978240e-05  6.32016726e+02  2.46954793e-02 -4.21963492e+02 
 1.01980388e-05  6.32016737e+02  2.54111773e-02 -4.04562928e+02 
 1.01982605e-05  6.32016749e+02  2.61280750e-02 -3.86243334e+02 
 1.01984900e-05  6.32016762e+02  2.68459381e-02 -3.66937910e+02 
 1.01987281e-05  6.32016776e+02  2.75646885e-02 -3.46563067e+02 
 1.01989761e-05  6.32016791e+02  2.82843889e-02 -3.25013982e+02 
 1.01992355e-05  6.32016807e+02  2.90054152e-02 -3.02152352e+02 
 1.01995087e-05  6.32016824e+02  2.97285890e-02 -2.77790400e+02 
 1.01997972e-05  6.32016842e+02  3.04522062e-02 -2.51782856e+02 
 1.02000744e-05  6.32016860e+02  3.11078844e-02 -2.26595667e+02 
 1.02003584e-05  6.32016879e+02  3.17394225e-02 -2.00636066e+02 
 1.02006317e-05  6.32016898e+02  3.23083474e-02 -1.75568123e+02 
 1.02009093e-05  6.32016917e+02  3.28474019e-02 -1.50059888e+02 
 1.02011794e-05  6.32016936e+02  3.33339903e-02 -1.25260228e+02 
 1.02014525e-05  6.32016956e+02  3.37883081e-02 -1.00237618e+02 
 1.02017202e-05  6.32016975e+02  3.41968780e-02 -7.58101318e+01 
 1.02019899e-05  6.32016995e+02  3.45718967e-02 -5.13412510e+01 
 1.02022556e-05  6.32017014e+02  3.49056642e-02 -2.74121706e+01 
 1.02025227e-05  6.32017034e+02  3.52056758e-02 -3.57947273e+00 
 1.02027867e-05  6.32017054e+02  3.54677834e-02  1.97422565e+01 
 1.02030516e-05  6.32017074e+02  3.56965478e-02  4.28573771e+01 
 1.02033144e-05  6.32017094e+02  3.58900687e-02  6.54765439e+01 
 1.02035776e-05  6.32017114e+02  3.60511076e-02  8.78053724e+01 
 1.02038393e-05  6.32017134e+02  3.61790877e-02  1.09642754e+02 
 1.02041013e-05  6.32017154e+02  3.62757093e-02  1.31126260e+02 
 1.02043621e-05  6.32017175e+02  3.63411461e-02  1.52116526e+02 
 1.02046232e-05  6.32017195e+02  3.63764928e-02  1.72704883e+02 
 1.02048836e-05  6.32017215e+02  3.63823260e-02  1.92795101e+02 
 1.02051441e-05  6.32017235e+02  3.63594091e-02  2.12447481e+02 
 1.02054041e-05  6.32017255e+02  3.63085152e-02  2.31595987e+02 
 1.02056643e-05  6.32017275e+02  3.62302372e-02  2.50280310e+02 
 1.02059243e-05  6.32017295e+02  3.61254258e-02  2.68455631e+02 
 1.02061817e-05  6.32017315e+02  3.59961476e-02  2.85959021e+02 
 1.02064377e-05  6.32017335e+02  3.58430696e-02  3.02877539e+02 
 1.02066915e-05  6.32017354e+02  3.56679746e-02  3.19153041e+02 
 1.02069441e-05  6.32017373e+02  3.54711701e-02  3.34869678e+02 
 1.02071951e-05  6.32017392e+02  3.52541355e-02  3.49997318e+02 
 1.02074454e-05  6.32017411e+02  3.50170773e-02  3.64595110e+02 
 1.02076945e-05  6.32017429e+02  3.47612697e-02  3.78644907e+02 
 1.02079432e-05  6.32017447e+02  3.44869113e-02  3.92188099e+02 
 1.02081910e-05  6.32017466e+02  3.41950962e-02  4.05215263e+02 
 1.02084386e-05  6.32017483e+02  3.38860327e-02  4.17756714e+02 
 1.02086858e-05  6.32017501e+02  3.35606538e-02  4.29809285e+02 
 1.02089328e-05  6.32017519e+02  3.32191811e-02  4.41396118e+02 
 1.02091796e-05  6.32017536e+02  3.28624098e-02  4.52518260e+02 
 1.02094265e-05  6.32017553e+02  3.24905739e-02  4.63194090e+02 
 1.02096735e-05  6.32017570e+02  3.21043528e-02  4.73427444e+02 
 1.02099207e-05  6.32017587e+02  3.17039887e-02  4.83233537e+02 
 1.02101681e-05  6.32017604e+02  3.12900644e-02  4.92618052e+02 
 1.02104159e-05  6.32017620e+02  3.08628246e-02  5.01594116e+02 
 1.02106641e-05  6.32017636e+02  3.04227706e-02  5.10168633e+02 
 1.02109129e-05  6.32017652e+02  2.99701438e-02  5.18353366e+02 
 1.02111623e-05  6.32017668e+02  2.95053760e-02  5.26156033e+02 
 1.02114124e-05  6.32017683e+02  2.90286998e-02  5.33587506e+02 
 1.02116632e-05  6.32017699e+02  2.85404871e-02  5.40656047e+02 
 1.02119149e-05  6.32017714e+02  2.80409566e-02  5.47371960e+02 
 1.02121675e-05  6.32017729e+02  2.75304271e-02  5.53743871e+02 
 1.02124211e-05  6.32017744e+02  2.70090991e-02  5.59781723e+02 
 1.02126758e-05  6.32017758e+02  2.64772432e-02  5.65494388e+02 
 1.02129317e-05  6.32017772e+02  2.59350376e-02  5.70891585e+02 
 1.02131888e-05  6.32017786e+02  2.53827078e-02  5.75982354e+02 
 1.02134473e-05  6.32017800e+02  2.48204061e-02  5.80776274e+02 
 1.02137071e-05  6.32017814e+02  2.42483144e-02  5.85282497e+02 
 1.02139685e-05  6.32017827e+02  2.36665554e-02  5.89510519e+02 
 1.02142314e-05  6.32017840e+02  2.30752679e-02  5.93469565e+02 
 1.02144961e-05  6.32017853e+02  2.24745408e-02  5.97169075e+02 
 1.02147625e-05  6.32017866e+02  2.18644690e-02  6.00618317e+02 
 1.02150309e-05  6.32017878e+02  2.12451038e-02  6.03826692e+02 
 1.02153012e-05  6.32017890e+02  2.06164939e-02  6.06803489e+02 
 1.02155736e-05  6.32017902e+02  1.99786484e-02  6.09558069e+02 
 1.02158483e-05  6.32017913e+02  1.93315668e-02  6.12099719e+02 
 1.02161253e-05  6.32017924e+02  1.86752110e-02  6.14437759e+02 
 1.02164047e-05  6.32017935e+02  1.80095270e-02  6.16581452e+02 
 1.02166868e-05  6.32017946e+02  1.73344242e-02  6.18540063e+02 
 1.02169716e-05  6.32017956e+02  1.66497903e-02  6.20322806e+02 
 1.02172593e-05  6.32017966e+02  1.59554766e-02  6.21938874e+02 
 1.02175500e-05  6.32017976e+02  1.52513081e-02  6.23397405e+02 
 1.02178440e-05  6.32017985e+02  1.45370732e-02  6.24707494e+02 
 1.02181413e-05  6.32017994e+02  1.38125319e-02  6.25878166e+02 
 1.02184423e-05  6.32018003e+02  1.30774092e-02  6.26918381e+02 
 1.02187470e-05  6.32018011e+02  1.23314044e-02  6.27837005e+02 
 1.02190542e-05  6.32018019e+02  1.15778002e-02  6.28639249e+02 
 1.02193596e-05  6.32018026e+02  1.08275176e-02  6.29325797e+02 
 1.02196643e-05  6.32018033e+02  1.00776368e-02  6.29912504e+02 
 1.02199652e-05  6.32018039e+02  9.33631560e-03  6.30405896e+02 
 1.02202627e-05  6.32018045e+02  8.60279334e-03  6.30819275e+02 
 1.02205534e-05  6.32018050e+02  7.88518856e-03  6.31160308e+02 
 1.02208359e-05  6.32018054e+02  7.18727255e-03  6.31439203e+02 
 1.02211059e-05  6.32018058e+02  6.52011277e-03  6.31663119e+02 
 1.02213333e-05  6.32018061e+02  5.95782332e-03  6.31823241e+02 
 1.02215161e-05  6.32018064e+02  5.50562503e-03  6.31935044e+02 
 1.02215586e-05  6.32018064e+02  5.40066027e-03  6.31958992e+02 
 1.02216310e-05  6.32018065e+02  5.22149627e-03  6.31998207e+02 
 1.02216988e-05  6.32018066e+02  5.05379003e-03  6.32033075e+02 
 1.02217780e-05  6.32018066e+02  4.85772031e-03  6.32071667e+02 
 1.02218327e-05  6.32018067e+02  4.72234298e-03  6.32096990e+02 
 1.02219179e-05  6.32018068e+02  4.51145332e-03  6.32134366e+02 
 1.02220277e-05  6.32018069e+02  4.23986288e-03  6.32178934e+02 
 1.02221547e-05  6.32018070e+02  3.92534786e-03  6.32225793e+02 
 1.02222350e-05  6.32018071e+02  3.72670383e-03  6.32252891e+02 
 1.02223391e-05  6.32018071e+02  3.46893915e-03  6.32285315e+02 
 1.02224361e-05  6.32018072e+02  3.22876948e-03  6.32312865e+02 
 1.02225325e-05  6.32018073e+02  2.99009085e-03  6.32337815e+02 
 1.02226499e-05  6.32018073e+02  2.69939707e-03  6.32365084e+02 
 1.02228291e-05  6.32018074e+02  2.25588998e-03  6.32400447e+02 
 1.02229030e-05  6.32018075e+02  2.07277870e-03  6.32412943e+02 
 1.02229922e-05  6.32018075e+02  1.85194765e-03  6.32426441e+02 
 1.02230754e-05  6.32018075e+02  1.64587837e-03  6.32437525e+02 
 1.02231562e-05  6.32018076e+02  1.44573733e-03  6.32446922e+02 
 1.02232428e-05  6.32018076e+02  1.23123648e-03  6.32455527e+02 
 1.02233281e-05  6.32018076e+02  1.02011933e-03  6.32462539e+02 
 1.02234268e-05  6.32018076e+02  7.75721848e-04  6.32468883e+02 
 1.02234904e-05  6.32018076e+02  6.18111941e-04  6.32471981e+02 
 1.02235480e-05  6.32018076e+02  4.75313129e-04  6.32474123e+02 
 1.02235985e-05  6.32018077e+02  3.50356023e-04  6.32475486e+02 
 1.02236511e-05  6.32018077e+02  2.20012647e-04  6.32476403e+02 
 1.02237078e-05  6.32018077e+02  7.96476267e-05  6.32476820e+02 
 1.02237685e-05  6.32018077e+02 -7.07412855e-05  6.32476617e+02 
 1.02238370e-05  6.32018077e+02 -2.40299944e-04  6.32475588e+02 
 1.02239013e-05  6.32018076e+02 -3.99666506e-04  6.32473852e+02 
 1.02239738e-05  6.32018076e+02 -5.79119189e-04  6.32471006e+02 
 1.02240450e-05  6.32018076e+02 -7.55415641e-04  6.32467290e+02 
 1.02241321e-05  6.32018076e+02 -9.71277445e-04  6.32461489e+02 
 1.02242330e-05  6.32018076e+02 -1.22110060e-03  6.32453029e+02 
 1.02243111e-05  6.32018076e+02 -1.41443686e-03  6.32445166e+02 
 1.02243904e-05  6.32018075e+02 -1.61090843e-03  6.32435969e+02 
 1.02244697e-05  6.32018075e+02 -1.80720344e-03  6.32425534e+02 
 1.02245587e-05  6.32018075e+02 -2.02774844e-03  6.32412276e+02 
 1.02246409e-05  6.32018074e+02 -2.23115010e-03  6.32398564e+02 
 1.02247303e-05  6.32018074e+02 -2.45252745e-03  6.32381961e+02 
 1.02248238e-05  6.32018073e+02 -2.68413683e-03  6.32362650e+02 
 1.02249297e-05  6.32018073e+02 -2.94617873e-03  6.32338305e+02 
 1.02250536e-05  6.32018072e+02 -3.25296561e-03  6.32306271e+02 
 1.02252195e-05  6.32018071e+02 -3.66365280e-03  6.32257058e+02 
 1.02253028e-05  6.32018070e+02 -3.87001248e-03  6.32229422e+02 
 1.02253976e-05  6.32018069e+02 -4.10446924e-03  6.32195527e+02 
 1.02254497e-05  6.32018069e+02 -4.23355149e-03  6.32175690e+02 
 1.02255249e-05  6.32018068e+02 -4.41971629e-03  6.32145555e+02 
 1.02256146e-05  6.32018067e+02 -4.64158851e-03  6.32107202e+02 
 1.02257251e-05  6.32018066e+02 -4.91494612e-03  6.32056130e+02 
 1.02258375e-05  6.32018065e+02 -5.19324107e-03  6.31999572e+02 
 1.02258821e-05  6.32018064e+02 -5.30352150e-03  6.31975824e+02 
 1.02259334e-05  6.32018064e+02 -5.43029717e-03  6.31947557e+02 
 1.02260040e-05  6.32018063e+02 -5.60506026e-03  6.31906843e+02 
 1.02260813e-05  6.32018062e+02 -5.79622495e-03  6.31859913e+02 
 1.02261610e-05  6.32018061e+02 -5.99341221e-03  6.31808780e+02 
 1.02262450e-05  6.32018060e+02 -6.20101751e-03  6.31751835e+02 
 1.02263311e-05  6.32018059e+02 -6.41393359e-03  6.31689979e+02 
 1.02264213e-05  6.32018058e+02 -6.63696556e-03  6.31621269e+02 
 1.02265137e-05  6.32018056e+02 -6.86520610e-03  6.31546623e+02 
 1.02266098e-05  6.32018055e+02 -7.10282168e-03  6.31464043e+02 
 1.02267079e-05  6.32018053e+02 -7.34521919e-03  6.31374443e+02 
 1.02268096e-05  6.32018052e+02 -7.59632083e-03  6.31275650e+02 
 1.02269131e-05  6.32018050e+02 -7.85205987e-03  6.31168477e+02 
 1.02270200e-05  6.32018048e+02 -8.11606015e-03  6.31050563e+02 
 1.02271289e-05  6.32018046e+02 -8.38465821e-03  6.30922631e+02 
 1.02273465e-05  6.32018042e+02 -8.92160510e-03  6.30641169e+02 
 1.02275790e-05  6.32018038e+02 -9.49476009e-03  6.30299690e+02 
 1.02278293e-05  6.32018033e+02 -1.01113549e-02  6.29880074e+02 
 1.02281619e-05  6.32018025e+02 -1.09297830e-02  6.29229523e+02 
 1.02284733e-05  6.32018018e+02 -1.16948033e-02  6.28512797e+02 
 1.02288274e-05  6.32018008e+02 -1.25627677e-02  6.27555370e+02 
 1.02291492e-05  6.32018000e+02 -1.33501077e-02  6.26537295e+02 
 1.02294874e-05  6.32017990e+02 -1.41753715e-02  6.25298167e+02 
 1.02298009e-05  6.32017980e+02 -1.49380793e-02  6.23978189e+02 
 1.02301231e-05  6.32017969e+02 -1.57193683e-02  6.22432348e+02 
 1.02304282e-05  6.32017959e+02 -1.64563602e-02  6.20775501e+02 
 1.02307381e-05  6.32017948e+02 -1.72021861e-02  6.18882306e+02 
 1.02310359e-05  6.32017937e+02 -1.79153962e-02  6.16848299e+02 
 1.02313361e-05  6.32017925e+02 -1.86309022e-02  6.14567097e+02 
 1.02316274e-05  6.32017913e+02 -1.93211246e-02  6.12117046e+02 
 1.02319195e-05  6.32017901e+02 -2.00092312e-02  6.09408554e+02 
 1.02322047e-05  6.32017889e+02 -2.06768220e-02  6.06504589e+02 
 1.02324899e-05  6.32017876e+02 -2.13393533e-02  6.03330134e+02 
 1.02327698e-05  6.32017863e+02 -2.19844994e-02  5.99934827e+02 
 1.02330490e-05  6.32017850e+02 -2.26225856e-02  5.96256134e+02 
 1.02333241e-05  6.32017836e+02 -2.32453127e-02  5.92332418e+02 
 1.02335981e-05  6.32017823e+02 -2.38595669e-02  5.88111682e+02 
 1.02338688e-05  6.32017809e+02 -2.44597257e-02  5.83622914e+02 
 1.02341383e-05  6.32017795e+02 -2.50503588e-02  5.78822887e+02 
 1.02344051e-05  6.32017780e+02 -2.56276256e-02  5.73732900e+02 
 1.02346706e-05  6.32017766e+02 -2.61945278e-02  5.68316950e+02 
 1.02349339e-05  6.32017751e+02 -2.67484105e-02  5.62590109e+02 
 1.02351960e-05  6.32017736e+02 -2.72912086e-02  5.56522264e+02 
 1.02354562e-05  6.32017720e+02 -2.78210538e-02  5.50123503e+02 
 1.02357152e-05  6.32017705e+02 -2.83391512e-02  5.43368481e+02 
 1.02359727e-05  6.32017689e+02 -2.88441507e-02  5.36263338e+02 
 1.02362292e-05  6.32017673e+02 -2.93367546e-02  5.28786565e+02 
 1.02364843e-05  6.32017657e+02 -2.98159504e-02  5.20941196e+02 
 1.02367385e-05  6.32017641e+02 -3.02820901e-02  5.12708797e+02 
 1.02369916e-05  6.32017625e+02 -3.07343768e-02  5.04089979e+02 
 1.02372440e-05  6.32017608e+02 -3.11729149e-02  4.95068747e+02 
 1.02374955e-05  6.32017591e+02 -3.15970398e-02  4.85643836e+02 
 1.02377463e-05  6.32017574e+02 -3.20066770e-02  4.75801173e+02 
 1.02379965e-05  6.32017557e+02 -3.24012374e-02  4.65538027e+02 
 1.02382462e-05  6.32017540e+02 -3.27805122e-02  4.54841818e+02 
 1.02384954e-05  6.32017522e+02 -3.31439480e-02  4.43708659e+02 
 1.02387444e-05  6.32017505e+02 -3.34912309e-02  4.32127091e+02 
 1.02389930e-05  6.32017487e+02 -3.38218139e-02  4.20092281e+02 
 1.02392415e-05  6.32017469e+02 -3.41352946e-02  4.07593557e+02 
 1.02394900e-05  6.32017451e+02 -3.44311103e-02  3.94625250e+02 
 1.02397385e-05  6.32017433e+02 -3.47087784e-02  3.81177159e+02 
 1.02399872e-05  6.32017414e+02 -3.49677012e-02  3.67242791e+02 
 1.02402362e-05  6.32017396e+02 -3.52073161e-02  3.52812071e+02 
 1.02404855e-05  6.32017377e+02 -3.54269722e-02  3.37877581e+02 
 1.02407355e-05  6.32017358e+02 -3.56260201e-02  3.22428973e+02 
 1.02409861e-05  6.32017339e+02 -3.58037349e-02  3.06457653e+02 
 1.02412375e-05  6.32017320e+02 -3.59593659e-02  2.89952475e+02 
 1.02414900e-05  6.32017300e+02 -3.60920876e-02  2.72903212e+02 
 1.02417436e-05  6.32017281e+02 -3.62010227e-02  2.55297186e+02 
 1.02419987e-05  6.32017261e+02 -3.62852086e-02  2.37121758e+02 
 1.02422553e-05  6.32017241e+02 -3.63436004e-02  2.18361597e+02 
 1.02425139e-05  6.32017221e+02 -3.63750431e-02  1.99000339e+02 
 1.02427747e-05  6.32017201e+02 -3.63782570e-02  1.79018205e+02 
 1.02430379e-05  6.32017181e+02 -3.63518066e-02  1.58392835e+02 
 1.02433026e-05  6.32017160e+02 -3.62944935e-02  1.37222364e+02 
 1.02435670e-05  6.32017140e+02 -3.62058809e-02  1.15661150e+02 
 1.02438319e-05  6.32017120e+02 -3.60849916e-02  9.36518489e+01 
 1.02440966e-05  6.32017099e+02 -3.59316466e-02  7.12981637e+01 
 1.02443619e-05  6.32017079e+02 -3.57446940e-02  4.85435248e+01 
 1.02446272e-05  6.32017059e+02 -3.55239632e-02  2.54689363e+01 
 1.02448932e-05  6.32017039e+02 -3.52682625e-02  2.04094678e+00 
 1.02451596e-05  6.32017019e+02 -3.49773993e-02 -2.16717049e+01 
 1.02454268e-05  6.32016999e+02 -3.46502106e-02 -4.56832639e+01 
 1.02456946e-05  6.32016980e+02 -3.42864502e-02 -6.99337714e+01 
 1.02459633e-05  6.32016960e+02 -3.38849993e-02 -9.44229181e+01 
 1.02462328e-05  6.32016941e+02 -3.34456055e-02 -1.19092827e+02 
 1.02465036e-05  6.32016922e+02 -3.29669290e-02 -1.43945601e+02 
 1.02467753e-05  6.32016903e+02 -3.24489814e-02 -1.68908568e+02 
 1.02470484e-05  6.32016884e+02 -3.18903186e-02 -1.93979747e+02 
 1.02473229e-05  6.32016866e+02 -3.12908178e-02 -2.19092151e+02 
 1.02475990e-05  6.32016848e+02 -3.06491068e-02 -2.44230357e+02 
 1.02478768e-05  6.32016830e+02 -2.99649024e-02 -2.69331025e+02 
 1.02481565e-05  6.32016812e+02 -2.92368897e-02 -2.94366719e+02 
 1.02484382e-05  6.32016795e+02 -2.84646140e-02 -3.19275252e+02 
 1.02487223e-05  6.32016778e+02 -2.76467724e-02 -3.44018766e+02 
 1.02490051e-05  6.32016761e+02 -2.67939926e-02 -3.68224171e+02 
 1.02492630e-05  6.32016747e+02 -2.59835377e-02 -3.89868822e+02 
 1.02495151e-05  6.32016733e+02 -2.51616355e-02 -4.10586580e+02 
 1.02497479e-05  6.32016721e+02 -2.43772963e-02 -4.29290608e+02 
 1.02499760e-05  6.32016709e+02 -2.35855195e-02 -4.47189757e+02 
 1.02501908e-05  6.32016699e+02 -2.28195141e-02 -4.63626301e+02 
 1.02504017e-05  6.32016689e+02 -2.20485853e-02 -4.79344899e+02 
 1.02506028e-05  6.32016679e+02 -2.12964197e-02 -4.93926100e+02 
 1.02508002e-05  6.32016671e+02 -2.05424052e-02 -5.07830654e+02 
 1.02509900e-05  6.32016662e+02 -1.98033045e-02 -5.20798101e+02 
 1.02511762e-05  6.32016655e+02 -1.90651348e-02 -5.33121340e+02 
 1.02513563e-05  6.32016648e+02 -1.83396374e-02 -5.44644217e+02 
 1.02515328e-05  6.32016641e+02 -1.76173060e-02 -5.55556724e+02 
 1.02517040e-05  6.32016635e+02 -1.69063467e-02 -5.65768856e+02 
 1.02518719e-05  6.32016629e+02 -1.62003337e-02 -5.75406103e+02 
 1.02520351e-05  6.32016623e+02 -1.55050150e-02 -5.84419793e+02 
 1.02521951e-05  6.32016618e+02 -1.48160925e-02 -5.92894730e+02 
 1.02523510e-05  6.32016613e+02 -1.41376119e-02 -6.00807878e+02 
 1.02525036e-05  6.32016609e+02 -1.34667438e-02 -6.08218346e+02 
 1.02526525e-05  6.32016605e+02 -1.28063587e-02 -6.15118869e+02 
 1.02527983e-05  6.32016601e+02 -1.21546403e-02 -6.21552321e+02 
 1.02529405e-05  6.32016597e+02 -1.15136524e-02 -6.27521026e+02 
 1.02530796e-05  6.32016594e+02 -1.08822782e-02 -6.33057611e+02 
 1.02532154e-05  6.32016591e+02 -1.02620325e-02 -6.38170138e+02 
 1.02533481e-05  6.32016588e+02 -9.65228328e-03 -6.42884764e+02 
 1.02534776e-05  6.32016585e+02 -9.05417720e-03 -6.47212921e+02 
 1.02536039e-05  6.32016583e+02 -8.46742220e-03 -6.51176683e+02 
 1.02537271e-05  6.32016581e+02 -7.89292463e-03 -6.54789407e+02 
 1.02538472e-05  6.32016579e+02 -7.33063641e-03 -6.58070598e+02 
 1.02539640e-05  6.32016577e+02 -6.78131630e-03 -6.61034669e+02 
 1.02540777e-05  6.32016576e+02 -6.24509966e-03 -6.63699512e+02 
 1.02541881e-05  6.32016574e+02 -5.72266757e-03 -6.66080096e+02 
 1.02542953e-05  6.32016573e+02 -5.21430545e-03 -6.68193303e+02 
 1.02543991e-05  6.32016572e+02 -4.72067414e-03 -6.70054375e+02 
 1.02544996e-05  6.32016571e+02 -4.24219854e-03 -6.71679578e+02 
 1.02545965e-05  6.32016570e+02 -3.77957358e-03 -6.73084284e+02 
 1.02546899e-05  6.32016569e+02 -3.33337605e-03 -6.74284395e+02 
 1.02547795e-05  6.32016569e+02 -2.90439764e-03 -6.75295358e+02 
 1.02548653e-05  6.32016568e+02 -2.49341002e-03 -6.76132895e+02 
 1.02549470e-05  6.32016568e+02 -2.10139152e-03 -6.76812529e+02 
 1.02550246e-05  6.32016568e+02 -1.72940504e-03 -6.77349947e+02 
 1.02550976e-05  6.32016567e+02 -1.37877482e-03 -6.77760805e+02 
 1.02551658e-05  6.32016567e+02 -1.05107206e-03 -6.78060911e+02 
 1.02552288e-05  6.32016567e+02 -7.48321315e-04 -6.78266188e+02 
 1.02552796e-05  6.32016567e+02 -5.04630097e-04 -6.78381228e+02 
 1.02553203e-05  6.32016567e+02 -3.08890776e-04 -6.78441219e+02 
 1.02553527e-05  6.32016567e+02 -1.53130143e-04 -6.78468331e+02 
 1.02553807e-05  6.32016567e+02 -1.85569029e-05 -6.78477034e+02 
 1.02554125e-05  6.32016567e+02  1.34116950e-04 -6.78470387e+02 
 1.02554411e-05  6.32016567e+02  2.71965890e-04 -6.78449298e+02 
 1.02554842e-05  6.32016567e+02  4.79144297e-04 -6.78390669e+02 
 1.02555280e-05  6.32016567e+02  6.89463993e-04 -6.78298065e+02 
 1.02555840e-05  6.32016567e+02  9.58520935e-04 -6.78130986e+02 
 1.02556409e-05  6.32016567e+02  1.23177294e-03 -6.77905429e+02 
 1.02557069e-05  6.32016567e+02  1.54886496e-03 -6.77573064e+02 
 1.02557742e-05  6.32016568e+02  1.87200306e-03 -6.77156257e+02 
 1.02558487e-05  6.32016568e+02  2.22946876e-03 -6.76603227e+02 
 1.02559250e-05  6.32016568e+02  2.59508309e-03 -6.75937555e+02 
 1.02560072e-05  6.32016569e+02  2.98878238e-03 -6.75107452e+02 
 1.02560915e-05  6.32016569e+02  3.39210276e-03 -6.74135000e+02 
 1.02561808e-05  6.32016570e+02  3.81903185e-03 -6.72970719e+02 
 1.02562725e-05  6.32016571e+02  4.25642346e-03 -6.71633631e+02 
 1.02563686e-05  6.32016572e+02  4.71407440e-03 -6.70077792e+02 
 1.02564671e-05  6.32016573e+02  5.18257422e-03 -6.68318349e+02 
 1.02565696e-05  6.32016574e+02  5.66876363e-03 -6.66313375e+02 
 1.02566746e-05  6.32016575e+02  6.16587043e-03 -6.64073880e+02 
 1.02567833e-05  6.32016577e+02  6.67864335e-03 -6.61561974e+02 
 1.02568946e-05  6.32016578e+02  7.20217685e-03 -6.58784623e+02 
 1.02570092e-05  6.32016580e+02  7.73973611e-03 -6.55707709e+02 
 1.02571266e-05  6.32016582e+02  8.28773763e-03 -6.52334456e+02 
 1.02572471e-05  6.32016585e+02  8.84839311e-03 -6.48634094e+02 
 1.02573704e-05  6.32016587e+02  9.41905557e-03 -6.44606489e+02 
 1.02574968e-05  6.32016590e+02  1.00011877e-02 -6.40223724e+02 
 1.02576260e-05  6.32016592e+02  1.05928055e-02 -6.35482705e+02 
 1.02577582e-05  6.32016595e+02  1.11948380e-02 -6.30357850e+02 
 1.02578932e-05  6.32016599e+02  1.18057697e-02 -6.24843471e+02 
 1.02580314e-05  6.32016602e+02  1.24261487e-02 -6.18915806e+02 
 1.02581724e-05  6.32016606e+02  1.30547893e-02 -6.12566867e+02 
 1.02583165e-05  6.32016610e+02  1.36919667e-02 -6.05774209e+02 
 1.02584637e-05  6.32016615e+02  1.43367263e-02 -5.98527754e+02 
 1.02586140e-05  6.32016619e+02  1.49891466e-02 -5.90805868e+02 
 1.02587674e-05  6.32016624e+02  1.56484345e-02 -5.82596482e+02 
 1.02589242e-05  6.32016630e+02  1.63145258e-02 -5.73878250e+02 
 1.02590843e-05  6.32016635e+02  1.69867387e-02 -5.64637073e+02 
 1.02592478e-05  6.32016641e+02  1.76649057e-02 -5.54851309e+02 
 1.02594149e-05  6.32016648e+02  1.83484214e-02 -5.44504616e+02 
 1.02595858e-05  6.32016654e+02  1.90370433e-02 -5.33574353e+02 
 1.02597604e-05  6.32016662e+02  1.97302193e-02 -5.22041478e+02 
 1.02599391e-05  6.32016669e+02  2.04276537e-02 -5.09881423e+02 
 1.02601220e-05  6.32016677e+02  2.11288336e-02 -4.97071627e+02 
 1.02603094e-05  6.32016686e+02  2.18334297e-02 -4.83584277e+02 
 1.02605014e-05  6.32016695e+02  2.25409636e-02 -4.69391891e+02 
 1.02606985e-05  6.32016705e+02  2.32510928e-02 -4.54461379e+02 
 1.02609010e-05  6.32016715e+02  2.39633805e-02 -4.38757920e+02 
 1.02611093e-05  6.32016726e+02  2.46775006e-02 -4.22239780e+02 
 1.02613240e-05  6.32016737e+02  2.53930834e-02 -4.04860470e+02 
 1.02615455e-05  6.32016749e+02  2.61098709e-02 -3.86563547e+02 
 1.02617748e-05  6.32016762e+02  2.68276258e-02 -3.67282539e+02 
 1.02620127e-05  6.32016776e+02  2.75462677e-02 -3.46934237e+02 
 1.02622605e-05  6.32016791e+02  2.82658537e-02 -3.25414430e+02 
 1.02625197e-05  6.32016806e+02  2.89867525e-02 -3.02585668e+02 
 1.02627925e-05  6.32016823e+02  2.97097716e-02 -2.78261570e+02 
 1.02630813e-05  6.32016842e+02  3.04348040e-02 -2.52238829e+02 
 1.02633584e-05  6.32016860e+02  3.10908727e-02 -2.27071524e+02 
 1.02636426e-05  6.32016879e+02  3.17237011e-02 -2.01095589e+02 
 1.02639158e-05  6.32016898e+02  3.22931578e-02 -1.76040342e+02 
 1.02641936e-05  6.32016917e+02  3.28332751e-02 -1.50519857e+02 
 1.02644636e-05  6.32016936e+02  3.33204589e-02 -1.25728206e+02 
 1.02647369e-05  6.32016955e+02  3.37756931e-02 -1.00695811e+02 
 1.02650045e-05  6.32016975e+02  3.41848963e-02 -7.62724020e+01 
 1.02652743e-05  6.32016994e+02  3.45607350e-02 -5.17949901e+01 
 1.02655401e-05  6.32017014e+02  3.48951517e-02 -2.78668045e+01 
 1.02658072e-05  6.32017034e+02  3.51959136e-02 -4.02622123e+00 
 1.02660712e-05  6.32017054e+02  3.54586690e-02  1.92970335e+01 
 1.02663362e-05  6.32017074e+02  3.56881313e-02  4.24198318e+01 
 1.02665989e-05  6.32017094e+02  3.58822883e-02  6.50424005e+01 
 1.02668622e-05  6.32017114e+02  3.60439830e-02  8.73789378e+01 
 1.02671239e-05  6.32017134e+02  3.61725812e-02  1.09221180e+02 
 1.02673859e-05  6.32017154e+02  3.62698232e-02  1.30712569e+02 
 1.02676468e-05  6.32017174e+02  3.63358565e-02  1.51708838e+02 
 1.02679079e-05  6.32017195e+02  3.63717922e-02  1.72305312e+02 
 1.02681682e-05  6.32017215e+02  3.63781983e-02  1.92402443e+02 
 1.02684288e-05  6.32017235e+02  3.63558417e-02  2.12063198e+02 
 1.02686888e-05  6.32017255e+02  3.63054961e-02  2.31219302e+02 
 1.02689491e-05  6.32017275e+02  3.62277514e-02  2.49912271e+02 
 1.02692090e-05  6.32017295e+02  3.61234631e-02  2.68095731e+02 
 1.02694665e-05  6.32017315e+02  3.59946519e-02  2.85612172e+02 
 1.02697226e-05  6.32017334e+02  3.58420495e-02  3.02539889e+02 
 1.02699763e-05  6.32017354e+02  3.56673779e-02  3.18827506e+02 
 1.02702290e-05  6.32017373e+02  3.54710115e-02  3.34553208e+02 
 1.02704801e-05  6.32017392e+02  3.52543701e-02  3.49691787e+02 
 1.02707304e-05  6.32017410e+02  3.50177188e-02  3.64298452e+02 
 1.02709795e-05  6.32017429e+02  3.47622796e-02  3.78358352e+02 
 1.02712282e-05  6.32017447e+02  3.44883004e-02  3.91910253e+02 
 1.02714761e-05  6.32017465e+02  3.41968322e-02  4.04946905e+02 
 1.02717237e-05  6.32017483e+02  3.38881235e-02  4.17496881e+02 
 1.02719708e-05  6.32017501e+02  3.35630725e-02  4.29558452e+02 
 1.02722179e-05  6.32017518e+02  3.32219330e-02  4.41153604e+02 
 1.02724647e-05  6.32017536e+02  3.28654726e-02  4.52284334e+02 
 1.02727116e-05  6.32017553e+02  3.24939506e-02  4.62968261e+02 
 1.02729586e-05  6.32017570e+02  3.21080252e-02  4.73209844e+02 
 1.02732058e-05  6.32017587e+02  3.17079580e-02  4.83023800e+02 
 1.02734532e-05  6.32017603e+02  3.12943155e-02  4.92416217e+02 
 1.02737010e-05  6.32017620e+02  3.08673574e-02  5.01399898e+02 
 1.02739492e-05  6.32017636e+02  3.04275727e-02  5.09982013e+02 
 1.02741980e-05  6.32017652e+02  2.99752140e-02  5.18174110e+02 
 1.02744473e-05  6.32017668e+02  2.95107042e-02  5.25984079e+02 
 1.02746974e-05  6.32017683e+02  2.90342844e-02  5.33422656e+02 
 1.02749482e-05  6.32017699e+02  2.85463196e-02  5.40498211e+02 
 1.02751999e-05  6.32017714e+02  2.80470350e-02  5.47220960e+02 
 1.02754525e-05  6.32017729e+02  2.75367446e-02  5.53599598e+02 
 1.02757061e-05  6.32017743e+02  2.70156537e-02  5.59644012e+02 
 1.02759608e-05  6.32017758e+02  2.64840293e-02  5.65363117e+02 
 1.02762166e-05  6.32017772e+02  2.59420535e-02  5.70766595e+02 
 1.02764737e-05  6.32017786e+02  2.53899491e-02  5.75863514e+02 
 1.02767321e-05  6.32017800e+02  2.48278715e-02  5.80663428e+02 
 1.02769920e-05  6.32017814e+02  2.42560007e-02  5.85175508e+02 
 1.02772533e-05  6.32017827e+02  2.36744618e-02  5.89409231e+02 
 1.02775162e-05  6.32017840e+02  2.30833923e-02  5.93373834e+02 
 1.02777809e-05  6.32017853e+02  2.24828833e-02  5.97078745e+02 
 1.02780473e-05  6.32017865e+02  2.18730288e-02  6.00533241e+02 
 1.02783156e-05  6.32017878e+02  2.12538818e-02  6.03746713e+02 
 1.02785858e-05  6.32017890e+02  2.06254906e-02  6.06728453e+02 
 1.02788582e-05  6.32017901e+02  1.99878660e-02  6.09487819e+02 
 1.02791328e-05  6.32017913e+02  1.93410073e-02  6.12034098e+02 
 1.02794097e-05  6.32017924e+02  1.86848781e-02  6.14376607e+02 
 1.02796891e-05  6.32017935e+02  1.80194245e-02  6.16524608e+02 
 1.02799711e-05  6.32017946e+02  1.73445576e-02  6.18487364e+02 
 1.02802559e-05  6.32017956e+02  1.66601658e-02  6.20274089e+02 
 1.02805435e-05  6.32017966e+02  1.59661018e-02  6.21893974e+02 
 1.02808342e-05  6.32017976e+02  1.52621919e-02  6.23356155e+02 
 1.02811280e-05  6.32017985e+02  1.45482263e-02  6.24669725e+02 
 1.02814253e-05  6.32017994e+02  1.38239664e-02  6.25843709e+02 
 1.02817262e-05  6.32018003e+02  1.30891397e-02  6.26887063e+02 
 1.02820308e-05  6.32018011e+02  1.23434474e-02  6.27808655e+02 
 1.02823382e-05  6.32018019e+02  1.15893946e-02  6.28614451e+02 
 1.02826436e-05  6.32018026e+02  1.08390149e-02  6.29303822e+02 
 1.02829486e-05  6.32018033e+02  1.00884922e-02  6.29893459e+02 
 1.02832497e-05  6.32018039e+02  9.34667134e-03  6.30389283e+02 
 1.02835475e-05  6.32018045e+02  8.61227796e-03  6.30804955e+02 
 1.02838387e-05  6.32018050e+02  7.89361295e-03  6.31147995e+02 
 1.02841219e-05  6.32018054e+02  7.19421071e-03  6.31428703e+02 
 1.02843926e-05  6.32018058e+02  6.52520732e-03  6.31654182e+02 
 1.02846466e-05  6.32018062e+02  5.89718956e-03  6.31832204e+02 
 1.02848378e-05  6.32018064e+02  5.42417766e-03  6.31947163e+02 
 1.02848806e-05  6.32018064e+02  5.31838836e-03  6.31970803e+02 
 1.02849433e-05  6.32018065e+02  5.16308329e-03  6.32004201e+02 
 1.02850012e-05  6.32018066e+02  5.01988803e-03  6.32033657e+02 
 1.02850803e-05  6.32018067e+02  4.82419128e-03  6.32071905e+02 
 1.02851738e-05  6.32018067e+02  4.59295171e-03  6.32114224e+02 
 1.02852416e-05  6.32018068e+02  4.42511865e-03  6.32143065e+02 
 1.02853466e-05  6.32018069e+02  4.16525993e-03  6.32184746e+02 
 1.02854647e-05  6.32018070e+02  3.87276576e-03  6.32227545e+02 
 1.02855420e-05  6.32018071e+02  3.68163100e-03  6.32253267e+02 
 1.02856552e-05  6.32018072e+02  3.40135423e-03  6.32287936e+02 
 1.02857961e-05  6.32018073e+02  3.05248956e-03  6.32326284e+02 
 1.02859600e-05  6.32018074e+02  2.64658493e-03  6.32364607e+02 
 1.02860640e-05  6.32018074e+02  2.38913837e-03  6.32385596e+02 
 1.02861598e-05  6.32018075e+02  2.15196469e-03  6.32402760e+02 
 1.02862686e-05  6.32018075e+02  1.88239623e-03  6.32419832e+02 
 1.02863538e-05  6.32018075e+02  1.67150494e-03  6.32431433e+02 
 1.02864497e-05  6.32018076e+02  1.43410614e-03  6.32442699e+02 
 1.02865368e-05  6.32018076e+02  1.21843311e-03  6.32451321e+02 
 1.02866287e-05  6.32018076e+02  9.90770777e-04  6.32458790e+02 
 1.02867325e-05  6.32018076e+02  7.33706463e-04  6.32465244e+02 
 1.02867838e-05  6.32018076e+02  6.06563659e-04  6.32467671e+02 
 1.02868534e-05  6.32018076e+02  4.34288339e-04  6.32470164e+02 
 1.02869162e-05  6.32018076e+02  2.78764281e-04  6.32471635e+02 
 1.02869783e-05  6.32018077e+02  1.24906682e-04  6.32472371e+02 
 1.02870402e-05  6.32018077e+02 -2.83038147e-05  6.32472399e+02 
 1.02871046e-05  6.32018077e+02 -1.87910243e-04  6.32471686e+02 
 1.02871763e-05  6.32018076e+02 -3.65446186e-04  6.32470008e+02 
 1.02872453e-05  6.32018076e+02 -5.36451527e-04  6.32467513e+02 
 1.02873246e-05  6.32018076e+02 -7.32740917e-04  6.32463584e+02 
 1.02874061e-05  6.32018076e+02 -9.34476440e-04  6.32458350e+02 
 1.02875158e-05  6.32018076e+02 -1.20617412e-03  6.32449358e+02 
 1.02876100e-05  6.32018076e+02 -1.43953455e-03  6.32439814e+02 
 1.02876954e-05  6.32018075e+02 -1.65097874e-03  6.32429671e+02 
 1.02877809e-05  6.32018075e+02 -1.86286503e-03  6.32418039e+02 
 1.02878736e-05  6.32018075e+02 -2.09220668e-03  6.32403737e+02 
 1.02879617e-05  6.32018074e+02 -2.31040992e-03  6.32388423e+02 
 1.02880566e-05  6.32018074e+02 -2.54542358e-03  6.32369995e+02 
 1.02881592e-05  6.32018073e+02 -2.79941122e-03  6.32347735e+02 
 1.02882777e-05  6.32018072e+02 -3.09280976e-03  6.32318847e+02 
 1.02884260e-05  6.32018071e+02 -3.46005509e-03  6.32277622e+02 
 1.02885019e-05  6.32018071e+02 -3.64797981e-03  6.32254227e+02 
 1.02886111e-05  6.32018070e+02 -3.91822954e-03  6.32217705e+02 
 1.02887163e-05  6.32018069e+02 -4.17865966e-03  6.32179146e+02 
 1.02887739e-05  6.32018068e+02 -4.32122968e-03  6.32156574e+02 
 1.02888425e-05  6.32018068e+02 -4.49087423e-03  6.32128313e+02 
 1.02889034e-05  6.32018067e+02 -4.64171117e-03  6.32101865e+02 
 1.02889604e-05  6.32018067e+02 -4.78266220e-03  6.32075993e+02 
 1.02890098e-05  6.32018066e+02 -4.90497759e-03  6.32052609e+02 
 1.02890614e-05  6.32018066e+02 -5.03260496e-03  6.32027261e+02 
 1.02891135e-05  6.32018065e+02 -5.16144122e-03  6.32000665e+02 
 1.02891747e-05  6.32018064e+02 -5.31300036e-03  6.31968045e+02 
 1.02892422e-05  6.32018064e+02 -5.47991981e-03  6.31930400e+02 
 1.02893163e-05  6.32018063e+02 -5.66309928e-03  6.31886944e+02 
 1.02893935e-05  6.32018062e+02 -5.85417588e-03  6.31839134e+02 
 1.02894754e-05  6.32018061e+02 -6.05674837e-03  6.31785571e+02 
 1.02895598e-05  6.32018060e+02 -6.26529844e-03  6.31727209e+02 
 1.02896483e-05  6.32018058e+02 -6.48411606e-03  6.31662313e+02 
 1.02897390e-05  6.32018057e+02 -6.70831609e-03  6.31591762e+02 
 1.02898335e-05  6.32018056e+02 -6.94197092e-03  6.31513665e+02 
 1.02899301e-05  6.32018054e+02 -7.18057241e-03  6.31428880e+02 
 1.02900302e-05  6.32018053e+02 -7.42793874e-03  6.31335354e+02 
 1.02901323e-05  6.32018051e+02 -7.68003981e-03  6.31233862e+02 
 1.02902377e-05  6.32018049e+02 -7.94043551e-03  6.31122167e+02 
 1.02903451e-05  6.32018048e+02 -8.20548125e-03  6.31000961e+02 
 1.02905598e-05  6.32018044e+02 -8.73533982e-03  6.30734393e+02 
 1.02907921e-05  6.32018039e+02 -9.30816609e-03  6.30406730e+02 
 1.02910395e-05  6.32018034e+02 -9.91773838e-03  6.30008292e+02 
 1.02913730e-05  6.32018027e+02 -1.07385085e-02  6.29381088e+02 
 1.02916829e-05  6.32018020e+02 -1.15001038e-02  6.28694223e+02 
 1.02920381e-05  6.32018010e+02 -1.23713090e-02  6.27767824e+02 
 1.02923611e-05  6.32018002e+02 -1.31619357e-02  6.26780402e+02 
 1.02927007e-05  6.32017992e+02 -1.39911416e-02  6.25575658e+02 
 1.02930155e-05  6.32017982e+02 -1.47575297e-02  6.24290050e+02 
 1.02933389e-05  6.32017972e+02 -1.55423202e-02  6.22782672e+02 
 1.02936451e-05  6.32017961e+02 -1.62826199e-02  6.21164817e+02 
 1.02939560e-05  6.32017950e+02 -1.70315729e-02  6.19314443e+02 
 1.02942548e-05  6.32017939e+02 -1.77478109e-02  6.17324124e+02 
 1.02945558e-05  6.32017928e+02 -1.84662190e-02  6.15090097e+02 
 1.02948479e-05  6.32017916e+02 -1.91592899e-02  6.12688355e+02 
 1.02951408e-05  6.32017904e+02 -1.98501581e-02  6.10031370e+02 
 1.02954268e-05  6.32017892e+02 -2.05204807e-02  6.07180265e+02 
 1.02957126e-05  6.32017879e+02 -2.11856869e-02  6.04061638e+02 
 1.02959932e-05  6.32017866e+02 -2.18334951e-02  6.00723683e+02 
 1.02962730e-05  6.32017853e+02 -2.24742113e-02  5.97105119e+02 
 1.02965486e-05  6.32017840e+02 -2.30995694e-02  5.93243184e+02 
 1.02968232e-05  6.32017826e+02 -2.37164434e-02  5.89086847e+02 
 1.02970943e-05  6.32017812e+02 -2.43192352e-02  5.84664221e+02 
 1.02973643e-05  6.32017798e+02 -2.49125072e-02  5.79932819e+02 
 1.02976315e-05  6.32017784e+02 -2.54924369e-02  5.74913265e+02 
 1.02978975e-05  6.32017769e+02 -2.60620226e-02  5.69570116e+02 
 1.02981611e-05  6.32017754e+02 -2.66186227e-02  5.63917924e+02 
 1.02984236e-05  6.32017739e+02 -2.71641715e-02  5.57926997e+02 
 1.02986841e-05  6.32017724e+02 -2.76968107e-02  5.51607023e+02 
 1.02989435e-05  6.32017709e+02 -2.82177464e-02  5.44932974e+02 
 1.02992013e-05  6.32017693e+02 -2.87256365e-02  5.37910677e+02 
 1.02994580e-05  6.32017677e+02 -2.92211854e-02  5.30518863e+02 
 1.02997134e-05  6.32017661e+02 -2.97033871e-02  5.22760325e+02 
 1.02999679e-05  6.32017645e+02 -3.01725967e-02  5.14616802e+02 
 1.03002212e-05  6.32017629e+02 -3.06280227e-02  5.06088723e+02 
 1.03004738e-05  6.32017612e+02 -3.10697733e-02  4.97160223e+02 
 1.03007254e-05  6.32017595e+02 -3.14971888e-02  4.87829893e+02 
 1.03009764e-05  6.32017578e+02 -3.19101989e-02  4.78083759e+02 
 1.03012268e-05  6.32017561e+02 -3.23082192e-02  4.67918983e+02 
 1.03014766e-05  6.32017544e+02 -3.26910459e-02  4.57323060e+02 
 1.03017259e-05  6.32017527e+02 -3.30581300e-02  4.46292026e+02 
 1.03019749e-05  6.32017509e+02 -3.34091631e-02  4.34814485e+02 
 1.03022236e-05  6.32017491e+02 -3.37436033e-02  4.22885553e+02 
 1.03024722e-05  6.32017473e+02 -3.40610542e-02  4.10494619e+02 
 1.03027206e-05  6.32017455e+02 -3.43609588e-02  3.97635990e+02 
 1.03029691e-05  6.32017437e+02 -3.46428412e-02  3.84299531e+02 
 1.03032178e-05  6.32017418e+02 -3.49061106e-02  3.70478756e+02 
 1.03034667e-05  6.32017400e+02 -3.51502124e-02  3.56163676e+02 
 1.03037159e-05  6.32017381e+02 -3.53745040e-02  3.41346918e+02 
 1.03039657e-05  6.32017362e+02 -3.55783456e-02  3.26018250e+02 
 1.03042162e-05  6.32017343e+02 -3.57610228e-02  3.10169180e+02 
 1.03044674e-05  6.32017324e+02 -3.59217970e-02  2.93788733e+02 
 1.03047196e-05  6.32017305e+02 -3.60598565e-02  2.76866861e+02 
 1.03049730e-05  6.32017285e+02 -3.61743399e-02  2.59391144e+02 
 1.03052277e-05  6.32017266e+02 -3.62643030e-02  2.41349245e+02 
 1.03054840e-05  6.32017246e+02 -3.63287227e-02  2.22726238e+02 
 1.03057421e-05  6.32017226e+02 -3.63664701e-02  2.03506257e+02 
 1.03060023e-05  6.32017206e+02 -3.63762970e-02  1.83670176e+02 
 1.03062650e-05  6.32017186e+02 -3.63568063e-02  1.63196471e+02 
 1.03065300e-05  6.32017165e+02 -3.63065533e-02  1.42102496e+02 
 1.03067940e-05  6.32017145e+02 -3.62253003e-02  1.20664777e+02 
 1.03070592e-05  6.32017124e+02 -3.61117091e-02  9.87241789e+01 
 1.03073236e-05  6.32017104e+02 -3.59660507e-02  7.64789717e+01 
 1.03075890e-05  6.32017084e+02 -3.57866853e-02  5.37917682e+01 
 1.03078541e-05  6.32017064e+02 -3.55739601e-02  3.08120998e+01 
 1.03081202e-05  6.32017044e+02 -3.53261646e-02  7.44699454e+00 
 1.03083863e-05  6.32017024e+02 -3.50436173e-02 -1.61850534e+01 
 1.03086535e-05  6.32017004e+02 -3.47246638e-02 -4.01414887e+01 
 1.03089210e-05  6.32016984e+02 -3.43695274e-02 -6.43263933e+01 
 1.03091896e-05  6.32016965e+02 -3.39766511e-02 -8.87707578e+01 
 1.03094588e-05  6.32016945e+02 -3.35462019e-02 -1.13390408e+02 
 1.03097294e-05  6.32016926e+02 -3.30764357e-02 -1.38211907e+02 
 1.03100008e-05  6.32016907e+02 -3.25677567e-02 -1.63141609e+02 
 1.03102737e-05  6.32016889e+02 -3.20183662e-02 -1.88196269e+02 
 1.03105478e-05  6.32016870e+02 -3.14284728e-02 -2.13293906e+02 
 1.03108236e-05  6.32016852e+02 -3.07964124e-02 -2.38432730e+02 
 1.03111009e-05  6.32016834e+02 -3.01221756e-02 -2.63538902e+02 
 1.03113802e-05  6.32016816e+02 -2.94042158e-02 -2.88594802e+02 
 1.03116614e-05  6.32016799e+02 -2.86423009e-02 -3.13531119e+02 
 1.03119450e-05  6.32016782e+02 -2.78349506e-02 -3.38317006e+02 
 1.03122309e-05  6.32016765e+02 -2.69816999e-02 -3.62884592e+02 
 1.03124923e-05  6.32016750e+02 -2.61679005e-02 -3.84916342e+02 
 1.03127473e-05  6.32016736e+02 -2.53431286e-02 -4.05978096e+02 
 1.03129829e-05  6.32016724e+02 -2.45553560e-02 -4.24999802e+02 
 1.03132131e-05  6.32016712e+02 -2.37615846e-02 -4.43162231e+02 
 1.03134298e-05  6.32016701e+02 -2.29932353e-02 -4.59844921e+02 
 1.03136423e-05  6.32016691e+02 -2.22208426e-02 -4.75777297e+02 
 1.03138449e-05  6.32016682e+02 -2.14668002e-02 -4.90563680e+02 
 1.03140437e-05  6.32016673e+02 -2.07114004e-02 -5.04653495e+02 
 1.03142348e-05  6.32016664e+02 -1.99705526e-02 -5.17800164e+02 
 1.03144221e-05  6.32016657e+02 -1.92309249e-02 -5.30288884e+02 
 1.03146033e-05  6.32016649e+02 -1.85036856e-02 -5.41971898e+02 
 1.03147808e-05  6.32016642e+02 -1.77797816e-02 -5.53034345e+02 
 1.03149530e-05  6.32016636e+02 -1.70670283e-02 -5.63391411e+02 
 1.03151218e-05  6.32016630e+02 -1.63593110e-02 -5.73165635e+02 
 1.03152860e-05  6.32016625e+02 -1.56621112e-02 -5.82311562e+02 
 1.03154468e-05  6.32016619e+02 -1.49713432e-02 -5.90912234e+02 
 1.03156035e-05  6.32016614e+02 -1.42908715e-02 -5.98946604e+02 
 1.03157570e-05  6.32016610e+02 -1.36180106e-02 -6.06472753e+02 
 1.03159067e-05  6.32016606e+02 -1.29555085e-02 -6.13484639e+02 
 1.03160532e-05  6.32016602e+02 -1.23016455e-02 -6.20024558e+02 
 1.03161962e-05  6.32016598e+02 -1.16584027e-02 -6.26095584e+02 
 1.03163360e-05  6.32016595e+02 -1.10247276e-02 -6.31730029e+02 
 1.03164726e-05  6.32016592e+02 -1.04020790e-02 -6.36936414e+02 
 1.03166060e-05  6.32016589e+02 -9.78986685e-03 -6.41740741e+02 
 1.03167362e-05  6.32016586e+02 -9.18919959e-03 -6.46154717e+02 
 1.03168632e-05  6.32016584e+02 -8.59981166e-03 -6.50200352e+02 
 1.03169871e-05  6.32016581e+02 -8.02258281e-03 -6.53891167e+02 
 1.03171079e-05  6.32016579e+02 -7.45748047e-03 -6.57246648e+02 
 1.03172255e-05  6.32016578e+02 -6.90524393e-03 -6.60281311e+02 
 1.03173399e-05  6.32016576e+02 -6.36601604e-03 -6.63013046e+02 
 1.03174511e-05  6.32016575e+02 -5.84046226e-03 -6.65456884e+02 
 1.03175590e-05  6.32016573e+02 -5.32886915e-03 -6.67629717e+02 
 1.03176636e-05  6.32016572e+02 -4.83188300e-03 -6.69546824e+02 
 1.03177649e-05  6.32016571e+02 -4.34992390e-03 -6.71224479e+02 
 1.03178626e-05  6.32016570e+02 -3.88367079e-03 -6.72678074e+02 
 1.03179568e-05  6.32016570e+02 -3.43368879e-03 -6.73923517e+02 
 1.03180473e-05  6.32016569e+02 -3.00074890e-03 -6.74976263e+02 
 1.03181340e-05  6.32016568e+02 -2.58560144e-03 -6.75852032e+02 
 1.03182167e-05  6.32016568e+02 -2.18919348e-03 -6.76566344e+02 
 1.03182952e-05  6.32016568e+02 -1.81254965e-03 -6.77134875e+02 
 1.03183693e-05  6.32016567e+02 -1.45693997e-03 -6.77573261e+02 
 1.03184386e-05  6.32016567e+02 -1.12386058e-03 -6.77897285e+02 
 1.03185029e-05  6.32016567e+02 -8.15223081e-04 -6.78122827e+02 
 1.03185552e-05  6.32016567e+02 -5.63945666e-04 -6.78253411e+02 
 1.03185978e-05  6.32016567e+02 -3.59258402e-04 -6.78324610e+02 
 1.03186323e-05  6.32016567e+02 -1.93200681e-04 -6.78359175e+02 
 1.03186605e-05  6.32016567e+02 -5.76886171e-05 -6.78371983e+02 
 1.03186887e-05  6.32016567e+02  7.76610810e-05 -6.78370964e+02 
 1.03187178e-05  6.32016567e+02  2.17715537e-04 -6.78355378e+02 
 1.03187547e-05  6.32016567e+02  3.94856676e-04 -6.78314493e+02 
 1.03187985e-05  6.32016567e+02  6.05333647e-04 -6.78235171e+02 
 1.03188496e-05  6.32016567e+02  8.50700829e-04 -6.78100545e+02 
 1.03189064e-05  6.32016567e+02  1.12345233e-03 -6.77897615e+02 
 1.03189687e-05  6.32016567e+02  1.42288417e-03 -6.77610211e+02 
 1.03190357e-05  6.32016568e+02  1.74438777e-03 -6.77226270e+02 
 1.03191073e-05  6.32016568e+02  2.08802723e-03 -6.76729544e+02 
 1.03191830e-05  6.32016568e+02  2.45097767e-03 -6.76107906e+02 
 1.03192628e-05  6.32016569e+02  2.83341953e-03 -6.75344906e+02 
 1.03193464e-05  6.32016569e+02  3.23336845e-03 -6.74428241e+02 
 1.03194337e-05  6.32016570e+02  3.65088506e-03 -6.73341523e+02 
 1.03195245e-05  6.32016571e+02  4.08447655e-03 -6.72072274e+02 
 1.03196189e-05  6.32016572e+02  4.53408715e-03 -6.70604291e+02 
 1.03197165e-05  6.32016573e+02  4.99855999e-03 -6.68924873e+02 
 1.03198174e-05  6.32016574e+02  5.47775509e-03 -6.67018022e+02 
 1.03199215e-05  6.32016575e+02  5.97075159e-03 -6.64870778e+02 
 1.03200287e-05  6.32016576e+02  6.47734880e-03 -6.62467333e+02 
 1.03201390e-05  6.32016578e+02  6.99679146e-03 -6.59794451e+02 
 1.03202524e-05  6.32016580e+02  7.52883442e-03 -6.56836477e+02 
 1.03203687e-05  6.32016582e+02  8.07283844e-03 -6.53579890e+02 
 1.03204880e-05  6.32016584e+02  8.62852558e-03 -6.50009135e+02 
 1.03206102e-05  6.32016586e+02  9.19533757e-03 -6.46110387e+02 
 1.03207354e-05  6.32016589e+02  9.77297162e-03 -6.41868125e+02 
 1.03208635e-05  6.32016591e+02  1.03609253e-02 -6.37268192e+02 
 1.03209945e-05  6.32016594e+02  1.09588764e-02 -6.32295014e+02 
 1.03211285e-05  6.32016598e+02  1.15663601e-02 -6.26934054e+02 
 1.03212654e-05  6.32016601e+02  1.21830380e-02 -6.21169572e+02 
 1.03214053e-05  6.32016605e+02  1.28084697e-02 -6.14986578e+02 
 1.03215483e-05  6.32016609e+02  1.34423027e-02 -6.08369028e+02 
 1.03216942e-05  6.32016613e+02  1.40841110e-02 -6.01301360e+02 
 1.03218433e-05  6.32016618e+02  1.47335294e-02 -5.93767045e+02 
 1.03219955e-05  6.32016622e+02  1.53901390e-02 -5.85749772e+02 
 1.03221510e-05  6.32016628e+02  1.60535627e-02 -5.77232283e+02 
 1.03223098e-05  6.32016633e+02  1.67233838e-02 -5.68197261e+02 
 1.03224720e-05  6.32016639e+02  1.73992139e-02 -5.58626377e+02 
 1.03226377e-05  6.32016645e+02  1.80806355e-02 -5.48500928e+02 
 1.03228071e-05  6.32016652e+02  1.87672502e-02 -5.37801023e+02 
 1.03229802e-05  6.32016659e+02  1.94586386e-02 -5.26506003e+02 
 1.03231573e-05  6.32016666e+02  2.01543948e-02 -5.14593698e+02 
 1.03233386e-05  6.32016674e+02  2.08540990e-02 -5.02040620e+02 
 1.03235242e-05  6.32016683e+02  2.15573429e-02 -4.88821218e+02 
 1.03237144e-05  6.32016692e+02  2.22637117e-02 -4.74907799e+02 
 1.03239095e-05  6.32016701e+02  2.29728047e-02 -4.60269671e+02 
 1.03241098e-05  6.32016711e+02  2.36842252e-02 -4.44872685e+02 
 1.03243158e-05  6.32016721e+02  2.43975991e-02 -4.28678047e+02 
 1.03245279e-05  6.32016733e+02  2.51125753e-02 -4.11641237e+02 
 1.03247467e-05  6.32016744e+02  2.58288473e-02 -3.93710050e+02 
 1.03249729e-05  6.32016757e+02  2.65461682e-02 -3.74822264e+02 
 1.03252074e-05  6.32016770e+02  2.72643889e-02 -3.54901864e+02 
 1.03254511e-05  6.32016785e+02  2.79835048e-02 -3.33853719e+02 
 1.03257057e-05  6.32016800e+02  2.87037458e-02 -3.11554935e+02 
 1.03259729e-05  6.32016817e+02  2.94257196e-02 -2.87840871e+02 
 1.03262555e-05  6.32016835e+02  3.01506876e-02 -2.62480210e+02 
 1.03265370e-05  6.32016853e+02  3.08329684e-02 -2.36990962e+02 
 1.03268185e-05  6.32016871e+02  3.14753878e-02 -2.11323692e+02 
 1.03270959e-05  6.32016890e+02  3.20691027e-02 -1.85916092e+02 
 1.03273719e-05  6.32016909e+02  3.26210426e-02 -1.60571447e+02 
 1.03276449e-05  6.32016928e+02  3.31286404e-02 -1.35499066e+02 
 1.03279169e-05  6.32016948e+02  3.35966351e-02 -1.10555534e+02 
 1.03281867e-05  6.32016967e+02  3.40236923e-02 -8.58961316e+01 
 1.03284557e-05  6.32016987e+02  3.44127862e-02 -6.14349937e+01 
 1.03287230e-05  6.32017006e+02  3.47633621e-02 -3.72907850e+01 
 1.03289895e-05  6.32017026e+02  3.50773887e-02 -1.34162807e+01 
 1.03292548e-05  6.32017046e+02  3.53550400e-02  1.01137620e+01 
 1.03295194e-05  6.32017066e+02  3.55976170e-02  3.33152662e+01 
 1.03297830e-05  6.32017086e+02  3.58056213e-02  5.61373648e+01 
 1.03300461e-05  6.32017106e+02  3.59800995e-02  7.85866465e+01 
 1.03303084e-05  6.32017126e+02  3.61216843e-02  1.00625477e+02 
 1.03305703e-05  6.32017146e+02  3.62312713e-02  1.22255386e+02 
 1.03308316e-05  6.32017166e+02  3.63095553e-02  1.43448133e+02 
 1.03310926e-05  6.32017187e+02  3.63573377e-02  1.64202546e+02 
 1.03313533e-05  6.32017207e+02  3.63753391e-02  1.84497506e+02 
 1.03316137e-05  6.32017227e+02  3.63643012e-02  2.04330658e+02 
 1.03318740e-05  6.32017247e+02  3.63249487e-02  2.23686449e+02 
 1.03321341e-05  6.32017267e+02  3.62579838e-02  2.42562341e+02 
 1.03323942e-05  6.32017287e+02  3.61641228e-02  2.60947220e+02 
 1.03326529e-05  6.32017307e+02  3.60447577e-02  2.78743548e+02 
 1.03329093e-05  6.32017327e+02  3.59015762e-02  2.95888646e+02 
 1.03331642e-05  6.32017346e+02  3.57354082e-02  3.12438189e+02 
 1.03334171e-05  6.32017365e+02  3.55476657e-02  3.28373476e+02 
 1.03336689e-05  6.32017384e+02  3.53388567e-02  3.43749546e+02 
 1.03339194e-05  6.32017403e+02  3.51101637e-02  3.58557759e+02 
 1.03341691e-05  6.32017422e+02  3.48620007e-02  3.72837101e+02 
 1.03344178e-05  6.32017440e+02  3.45953912e-02  3.86583717e+02 
 1.03346661e-05  6.32017458e+02  3.43107142e-02  3.99825893e+02 
 1.03349138e-05  6.32017476e+02  3.40088535e-02  4.12563868e+02 
 1.03351611e-05  6.32017494e+02  3.36901655e-02  4.24819374e+02 
 1.03354082e-05  6.32017512e+02  3.33554114e-02  4.36595671e+02 
 1.03356551e-05  6.32017529e+02  3.30049313e-02  4.47910229e+02 
 1.03359020e-05  6.32017546e+02  3.26393831e-02  4.58768337e+02 
 1.03361489e-05  6.32017563e+02  3.22590928e-02  4.69184631e+02 
 1.03363960e-05  6.32017580e+02  3.18646314e-02  4.79165734e+02 
 1.03366433e-05  6.32017597e+02  3.14563113e-02  4.88724402e+02 
 1.03368909e-05  6.32017613e+02  3.10346298e-02  4.97868146e+02 
 1.03371390e-05  6.32017630e+02  3.05998835e-02  5.06608484e+02 
 1.03373876e-05  6.32017646e+02  3.01525069e-02  5.14953516e+02 
 1.03376367e-05  6.32017661e+02  2.96927788e-02  5.22913956e+02 
 1.03378865e-05  6.32017677e+02  2.92210784e-02  5.30498303e+02 
 1.03381370e-05  6.32017693e+02  2.87376644e-02  5.37716751e+02 
 1.03383883e-05  6.32017708e+02  2.82428669e-02  5.44578069e+02 
 1.03386405e-05  6.32017723e+02  2.77369219e-02  5.51092125e+02 
 1.03388937e-05  6.32017738e+02  2.72201147e-02  5.57267874e+02 
 1.03391480e-05  6.32017752e+02  2.66926561e-02  5.63114982e+02 
 1.03394033e-05  6.32017767e+02  2.61547891e-02  5.68642531e+02 
 1.03396599e-05  6.32017781e+02  2.56066972e-02  5.73860066e+02 
 1.03399178e-05  6.32017795e+02  2.50485824e-02  5.78776761e+02 
 1.03401771e-05  6.32017808e+02  2.44805981e-02  5.83402084e+02 
 1.03404378e-05  6.32017822e+02  2.39029059e-02  5.87745275e+02 
 1.03407001e-05  6.32017835e+02  2.33156260e-02  5.91815755e+02 
 1.03409640e-05  6.32017848e+02  2.27188787e-02  5.95622805e+02 
 1.03412297e-05  6.32017860e+02  2.21127479e-02  5.99175816e+02 
 1.03414973e-05  6.32017873e+02  2.14973110e-02  6.02484088e+02 
 1.03417667e-05  6.32017885e+02  2.08726116e-02  6.05556987e+02 
 1.03420383e-05  6.32017897e+02  2.02386816e-02  6.08403816e+02 
 1.03423120e-05  6.32017908e+02  1.95955201e-02  6.11033911e+02 
 1.03425879e-05  6.32017920e+02  1.89431096e-02  6.13456558e+02 
 1.03428663e-05  6.32017931e+02  1.82813999e-02  6.15681054e+02 
 1.03431473e-05  6.32017942e+02  1.76103197e-02  6.17716650e+02 
 1.03434309e-05  6.32017952e+02  1.69297642e-02  6.19572587e+02 
 1.03437173e-05  6.32017962e+02  1.62396034e-02  6.21258056e+02 
 1.03440068e-05  6.32017972e+02  1.55396727e-02  6.22782219e+02 
 1.03442993e-05  6.32017981e+02  1.48297791e-02  6.24154183e+02 
 1.03445952e-05  6.32017990e+02  1.41096949e-02  6.25382999e+02 
 1.03448946e-05  6.32017999e+02  1.33791633e-02  6.26477648e+02 
 1.03451977e-05  6.32018008e+02  1.26378957e-02  6.27447034e+02 
 1.03455046e-05  6.32018016e+02  1.18855800e-02  6.28299962e+02 
 1.03458107e-05  6.32018023e+02  1.11340631e-02  6.29034127e+02 
 1.03461164e-05  6.32018030e+02  1.03822347e-02  6.29663560e+02 
 1.03464192e-05  6.32018036e+02  9.63681909e-03  6.30195567e+02 
 1.03467188e-05  6.32018042e+02  8.89807469e-03  6.30642865e+02 
 1.03470130e-05  6.32018048e+02  8.17224558e-03  6.31014051e+02 
 1.03473001e-05  6.32018053e+02  7.46332688e-03  6.31319184e+02 
 1.03475766e-05  6.32018057e+02  6.78018743e-03  6.31566134e+02 
 1.03478386e-05  6.32018060e+02  6.13245603e-03  6.31762819e+02 
 1.03480484e-05  6.32018063e+02  5.61370849e-03  6.31897050e+02 
 1.03480970e-05  6.32018064e+02  5.49336547e-03  6.31925477e+02 
 1.03481765e-05  6.32018064e+02  5.29674997e-03  6.31969842e+02 
 1.03482498e-05  6.32018065e+02  5.11540462e-03  6.32008551e+02 
 1.03483287e-05  6.32018066e+02  4.92012692e-03  6.32047953e+02 
 1.03483778e-05  6.32018067e+02  4.79860023e-03  6.32071319e+02 
 1.03484604e-05  6.32018067e+02  4.59433408e-03  6.32108668e+02 
 1.03485441e-05  6.32018068e+02  4.38728539e-03  6.32144148e+02 
 1.03486151e-05  6.32018069e+02  4.21136447e-03  6.32172485e+02 
 1.03486983e-05  6.32018070e+02  4.00549836e-03  6.32203619e+02 
 1.03487747e-05  6.32018070e+02  3.81637006e-03  6.32230366e+02 
 1.03488665e-05  6.32018071e+02  3.58925737e-03  6.32260233e+02 
 1.03489486e-05  6.32018072e+02  3.38603845e-03  6.32284954e+02 
 1.03490508e-05  6.32018072e+02  3.13299578e-03  6.32313205e+02 
 1.03491413e-05  6.32018073e+02  2.90889186e-03  6.32335978e+02 
 1.03492755e-05  6.32018074e+02  2.57652468e-03  6.32366048e+02 
 1.03493382e-05  6.32018074e+02  2.42132304e-03  6.32378631e+02 
 1.03494623e-05  6.32018075e+02  2.11399418e-03  6.32400924e+02 
 1.03495599e-05  6.32018075e+02  1.87239952e-03  6.32416080e+02 
 1.03496513e-05  6.32018075e+02  1.64594029e-03  6.32428454e+02 
 1.03497473e-05  6.32018076e+02  1.40815496e-03  6.32439588e+02 
 1.03498403e-05  6.32018076e+02  1.17797000e-03  6.32448593e+02 
 1.03499365e-05  6.32018076e+02  9.39721659e-04  6.32456112e+02 
 1.03500500e-05  6.32018076e+02  6.58607820e-04  6.32462677e+02 
 1.03501114e-05  6.32018076e+02  5.06507784e-04  6.32465201e+02 
 1.03501721e-05  6.32018076e+02  3.56166142e-04  6.32466997e+02 
 1.03502280e-05  6.32018076e+02  2.17873788e-04  6.32468042e+02 
 1.03502879e-05  6.32018076e+02  6.94517361e-05  6.32468520e+02 
 1.03503525e-05  6.32018076e+02 -9.06141862e-05  6.32468296e+02 
 1.03504285e-05  6.32018076e+02 -2.78855708e-04  6.32467057e+02 
 1.03504984e-05  6.32018076e+02 -4.51817734e-04  6.32464991e+02 
 1.03505805e-05  6.32018076e+02 -6.55339049e-04  6.32461421e+02 
 1.03506592e-05  6.32018076e+02 -8.50155238e-04  6.32456846e+02 
 1.03507643e-05  6.32018076e+02 -1.11045356e-03  6.32448942e+02 
 1.03508905e-05  6.32018076e+02 -1.42290378e-03  6.32436691e+02 
 1.03509728e-05  6.32018075e+02 -1.62678291e-03  6.32427022e+02 
 1.03510650e-05  6.32018075e+02 -1.85497993e-03  6.32414582e+02 
 1.03511629e-05  6.32018075e+02 -2.09753759e-03  6.32399423e+02 
 1.03512563e-05  6.32018074e+02 -2.32881162e-03  6.32383043e+02 
 1.03513550e-05  6.32018074e+02 -2.57327329e-03  6.32363606e+02 
 1.03514637e-05  6.32018073e+02 -2.84237298e-03  6.32339578e+02 
 1.03515919e-05  6.32018072e+02 -3.15960675e-03  6.32307538e+02 
 1.03517644e-05  6.32018071e+02 -3.58668885e-03  6.32257654e+02 
 1.03518616e-05  6.32018070e+02 -3.82736909e-03  6.32225904e+02 
 1.03519551e-05  6.32018069e+02 -4.05886601e-03  6.32192744e+02 
 1.03520071e-05  6.32018069e+02 -4.18744186e-03  6.32173171e+02 
 1.03520771e-05  6.32018068e+02 -4.36079019e-03  6.32145430e+02 
 1.03521632e-05  6.32018067e+02 -4.57371062e-03  6.32109157e+02 
 1.03522668e-05  6.32018066e+02 -4.83016258e-03  6.32062108e+02 
 1.03523863e-05  6.32018065e+02 -5.12588661e-03  6.32003055e+02 
 1.03525010e-05  6.32018064e+02 -5.40958242e-03  6.31941289e+02 
 1.03526287e-05  6.32018062e+02 -5.72537660e-03  6.31866277e+02 
 1.03527112e-05  6.32018061e+02 -5.92954895e-03  6.31814071e+02 
 1.03528221e-05  6.32018060e+02 -6.20358703e-03  6.31739176e+02 
 1.03529403e-05  6.32018058e+02 -6.49588663e-03  6.31652879e+02 
 1.03530574e-05  6.32018057e+02 -6.78530110e-03  6.31560532e+02 
 1.03531915e-05  6.32018055e+02 -7.11674720e-03  6.31445823e+02 
 1.03533354e-05  6.32018052e+02 -7.47238481e-03  6.31311425e+02 
 1.03534831e-05  6.32018050e+02 -7.83698259e-03  6.31160639e+02 
 1.03536474e-05  6.32018047e+02 -8.24260352e-03  6.30976298e+02 
 1.03537977e-05  6.32018045e+02 -8.61359274e-03  6.30791284e+02 
 1.03539791e-05  6.32018041e+02 -9.06114004e-03  6.30545648e+02 
 1.03541286e-05  6.32018038e+02 -9.42971985e-03  6.30323581e+02 
 1.03544079e-05  6.32018032e+02 -1.01176754e-02  6.29856948e+02 
 1.03546229e-05  6.32018028e+02 -1.06467132e-02  6.29447682e+02 
 1.03548662e-05  6.32018022e+02 -1.12447558e-02  6.28926816e+02 
 1.03551658e-05  6.32018015e+02 -1.19803972e-02  6.28192662e+02 
 1.03554799e-05  6.32018006e+02 -1.27498070e-02  6.27302066e+02 
 1.03558191e-05  6.32017997e+02 -1.35791212e-02  6.26184524e+02 
 1.03561381e-05  6.32017987e+02 -1.43569516e-02  6.24970023e+02 
 1.03564655e-05  6.32017977e+02 -1.51526122e-02  6.23541625e+02 
 1.03567750e-05  6.32017967e+02 -1.59024749e-02  6.22004338e+02 
 1.03570886e-05  6.32017956e+02 -1.66592770e-02  6.20244866e+02 
 1.03573896e-05  6.32017945e+02 -1.73826780e-02  6.18348140e+02 
 1.03576927e-05  6.32017934e+02 -1.81075703e-02  6.16216194e+02 
 1.03579866e-05  6.32017922e+02 -1.88070237e-02  6.13918925e+02 
 1.03582811e-05  6.32017910e+02 -1.95039762e-02  6.11373669e+02 
 1.03585688e-05  6.32017898e+02 -2.01803856e-02  6.08636970e+02 
 1.03588561e-05  6.32017885e+02 -2.08514930e-02  6.05639383e+02 
 1.03591381e-05  6.32017873e+02 -2.15052155e-02  6.02425566e+02 
 1.03594193e-05  6.32017860e+02 -2.21517286e-02  5.98937339e+02 
 1.03596961e-05  6.32017846e+02 -2.27829092e-02  5.95209169e+02 
 1.03599719e-05  6.32017833e+02 -2.34055460e-02  5.91192422e+02 
 1.03602442e-05  6.32017819e+02 -2.40141430e-02  5.86913046e+02 
 1.03605152e-05  6.32017805e+02 -2.46132082e-02  5.82330400e+02 
 1.03607834e-05  6.32017791e+02 -2.51989916e-02  5.77463420e+02 
 1.03610503e-05  6.32017776e+02 -2.57744578e-02  5.72278077e+02 
 1.03613149e-05  6.32017762e+02 -2.63370167e-02  5.66787613e+02 
 1.03615781e-05  6.32017747e+02 -2.68885833e-02  5.60963413e+02 
 1.03618394e-05  6.32017732e+02 -2.74273363e-02  5.54814148e+02 
 1.03620995e-05  6.32017716e+02 -2.79544725e-02  5.48315604e+02 
 1.03623580e-05  6.32017701e+02 -2.84686768e-02  5.41472820e+02 
 1.03626153e-05  6.32017685e+02 -2.89706509e-02  5.34265138e+02 
 1.03628713e-05  6.32017669e+02 -2.94594091e-02  5.26694742e+02 
 1.03631263e-05  6.32017653e+02 -2.99353083e-02  5.18743827e+02 
 1.03633801e-05  6.32017637e+02 -3.03975732e-02  5.10412349e+02 
 1.03636331e-05  6.32017620e+02 -3.08463167e-02  5.01684785e+02 
 1.03638852e-05  6.32017604e+02 -3.12808926e-02  4.92559363e+02 
 1.03641366e-05  6.32017587e+02 -3.17012377e-02  4.83022362e+02 
 1.03643872e-05  6.32017570e+02 -3.21067795e-02  4.73070671e+02 
 1.03646373e-05  6.32017553e+02 -3.24973230e-02  4.62691979e+02 
 1.03648868e-05  6.32017535e+02 -3.28723309e-02  4.51882121e+02 
 1.03651360e-05  6.32017518e+02 -3.32315049e-02  4.40629858e+02 
 1.03653848e-05  6.32017500e+02 -3.35743149e-02  4.28930170e+02 
 1.03656334e-05  6.32017482e+02 -3.39003765e-02  4.16772589e+02 
 1.03658819e-05  6.32017464e+02 -3.42091458e-02  4.04151348e+02 
 1.03661304e-05  6.32017446e+02 -3.45001606e-02  3.91056460e+02 
 1.03663790e-05  6.32017428e+02 -3.47728450e-02  3.77481436e+02 
 1.03666277e-05  6.32017409e+02 -3.50266608e-02  3.63416464e+02 
 1.03668768e-05  6.32017391e+02 -3.52609832e-02  3.48854256e+02 
 1.03671263e-05  6.32017372e+02 -3.54751925e-02  3.33784815e+02 
 1.03673764e-05  6.32017353e+02 -3.56685962e-02  3.18199847e+02 
 1.03676273e-05  6.32017334e+02 -3.58404811e-02  3.02088721e+02 
 1.03678790e-05  6.32017315e+02 -3.59900639e-02  2.85441749e+02 
 1.03681317e-05  6.32017295e+02 -3.61165161e-02  2.68247031e+02 
 1.03683857e-05  6.32017276e+02 -3.62189318e-02  2.50492832e+02 
 1.03686412e-05  6.32017256e+02 -3.62963327e-02  2.32165043e+02 
 1.03688984e-05  6.32017236e+02 -3.63476431e-02  2.13248789e+02 
 1.03691575e-05  6.32017216e+02 -3.63716790e-02  1.93726257e+02 
 1.03694189e-05  6.32017196e+02 -3.63671214e-02  1.73577579e+02 
 1.03696830e-05  6.32017176e+02 -3.63324842e-02  1.52777408e+02 
 1.03699473e-05  6.32017155e+02 -3.62669421e-02  1.31525585e+02 
 1.03702121e-05  6.32017135e+02 -3.61696980e-02  1.09824347e+02 
 1.03704768e-05  6.32017114e+02 -3.60403145e-02  8.77432212e+01 
 1.03707418e-05  6.32017094e+02 -3.58779700e-02  6.52681779e+01 
 1.03710069e-05  6.32017074e+02 -3.56821897e-02  4.24432467e+01 
 1.03712726e-05  6.32017054e+02 -3.54520995e-02  1.92640582e+01 
 1.03715386e-05  6.32017034e+02 -3.51872053e-02 -4.22874018e+00 
 1.03718053e-05  6.32017014e+02 -3.48866347e-02 -2.80284132e+01 
 1.03720726e-05  6.32016994e+02 -3.45498737e-02 -5.20954560e+01 
 1.03723407e-05  6.32016975e+02 -3.41760611e-02 -7.64146812e+01 
 1.03726096e-05  6.32016955e+02 -3.37646496e-02 -1.00946907e+02 
 1.03728794e-05  6.32016936e+02 -3.33148442e-02 -1.25666861e+02 
 1.03731504e-05  6.32016917e+02 -3.28258235e-02 -1.50546609e+02 
 1.03734226e-05  6.32016898e+02 -3.22971010e-02 -1.75539121e+02 
 1.03736961e-05  6.32016879e+02 -3.17276806e-02 -2.00619631e+02 
 1.03739710e-05  6.32016861e+02 -3.11170230e-02 -2.25739389e+02 
 1.03742475e-05  6.32016843e+02 -3.04641232e-02 -2.50866440e+02 
 1.03745258e-05  6.32016825e+02 -2.97683534e-02 -2.75950254e+02 
 1.03748061e-05  6.32016808e+02 -2.90286930e-02 -3.00951411e+02 
 1.03750884e-05  6.32016790e+02 -2.82444036e-02 -3.25816552e+02 
 1.03753731e-05  6.32016774e+02 -2.74144107e-02 -3.50499126e+02 
 1.03756481e-05  6.32016758e+02 -2.65761116e-02 -3.73907068e+02 
 1.03759050e-05  6.32016743e+02 -2.57608019e-02 -3.95347690e+02 
 1.03761511e-05  6.32016730e+02 -2.49514064e-02 -4.15451031e+02 
 1.03763830e-05  6.32016718e+02 -2.41638497e-02 -4.33967771e+02 
 1.03766071e-05  6.32016707e+02 -2.33805944e-02 -4.51431772e+02 
 1.03768211e-05  6.32016696e+02 -2.26123900e-02 -4.67695093e+02 
 1.03770291e-05  6.32016686e+02 -2.18475701e-02 -4.83083342e+02 
 1.03772294e-05  6.32016677e+02 -2.10942889e-02 -4.97495751e+02 
 1.03774246e-05  6.32016669e+02 -2.03450161e-02 -5.11133511e+02 
 1.03776136e-05  6.32016661e+02 -1.96057409e-02 -5.23936263e+02 
 1.03777980e-05  6.32016653e+02 -1.88714904e-02 -5.36035228e+02 
 1.03779772e-05  6.32016646e+02 -1.81465578e-02 -5.47399481e+02 
 1.03781522e-05  6.32016639e+02 -1.74276449e-02 -5.58118137e+02 
 1.03783227e-05  6.32016633e+02 -1.67178247e-02 -5.68179255e+02 
 1.03784892e-05  6.32016627e+02 -1.60149418e-02 -5.77645515e+02 
 1.03786517e-05  6.32016622e+02 -1.53212165e-02 -5.86516685e+02 
 1.03788105e-05  6.32016617e+02 -1.46352804e-02 -5.94838624e+02 
 1.03789656e-05  6.32016612e+02 -1.39587625e-02 -6.02618180e+02 
 1.03791172e-05  6.32016608e+02 -1.32908367e-02 -6.09890450e+02 
 1.03792653e-05  6.32016604e+02 -1.26327240e-02 -6.16666462e+02 
 1.03794101e-05  6.32016600e+02 -1.19839732e-02 -6.22974396e+02 
 1.03795516e-05  6.32016596e+02 -1.13455271e-02 -6.28827670e+02 
 1.03796898e-05  6.32016593e+02 -1.07171956e-02 -6.34249988e+02 
 1.03798248e-05  6.32016590e+02 -1.00997353e-02 -6.39256068e+02 
 1.03799567e-05  6.32016587e+02 -9.49314123e-03 -6.43866704e+02 
 1.03800853e-05  6.32016585e+02 -8.89805043e-03 -6.48097263e+02 
 1.03802108e-05  6.32016583e+02 -8.31459330e-03 -6.51966636e+02 
 1.03803332e-05  6.32016581e+02 -7.74333676e-03 -6.55490469e+02 
 1.03804524e-05  6.32016579e+02 -7.18451676e-03 -6.58686400e+02 
 1.03805685e-05  6.32016577e+02 -6.63866867e-03 -6.61570148e+02 
 1.03806813e-05  6.32016575e+02 -6.10611904e-03 -6.64158529e+02 
 1.03807909e-05  6.32016574e+02 -5.58740513e-03 -6.66467236e+02 
 1.03808972e-05  6.32016573e+02 -5.08294229e-03 -6.68512544e+02 
 1.03810002e-05  6.32016572e+02 -4.59330248e-03 -6.70310088e+02 
 1.03810997e-05  6.32016571e+02 -4.11900155e-03 -6.71875795e+02 
 1.03811957e-05  6.32016570e+02 -3.66068501e-03 -6.73225244e+02 
 1.03812881e-05  6.32016569e+02 -3.21899812e-03 -6.74374160e+02 
 1.03813768e-05  6.32016569e+02 -2.79471390e-03 -6.75338095e+02 
 1.03814615e-05  6.32016568e+02 -2.38866405e-03 -6.76132684e+02 
 1.03815422e-05  6.32016568e+02 -2.00183762e-03 -6.76773508e+02 
 1.03816186e-05  6.32016568e+02 -1.63536523e-03 -6.77276225e+02 
 1.03816904e-05  6.32016567e+02 -1.29062159e-03 -6.77656532e+02 
 1.03817573e-05  6.32016567e+02 -9.69283655e-04 -6.77930252e+02 
 1.03818189e-05  6.32016567e+02 -6.73509839e-04 -6.78113365e+02 
 1.03818677e-05  6.32016567e+02 -4.38925690e-04 -6.78211699e+02 
 1.03819062e-05  6.32016567e+02 -2.54006253e-04 -6.78259980e+02 
 1.03819360e-05  6.32016567e+02 -1.10818443e-04 -6.78279662e+02 
 1.03819637e-05  6.32016567e+02  2.24139023e-05 -6.78284100e+02 
 1.03819929e-05  6.32016567e+02  1.62773795e-04 -6.78274305e+02 
 1.03820242e-05  6.32016567e+02  3.13186988e-04 -6.78247330e+02 
 1.03820673e-05  6.32016567e+02  5.20075568e-04 -6.78182370e+02 
 1.03821137e-05  6.32016567e+02  7.42948282e-04 -6.78076293e+02 
 1.03821698e-05  6.32016567e+02  1.01276939e-03 -6.77897754e+02 
 1.03822287e-05  6.32016567e+02  1.29542247e-03 -6.77651831e+02 
 1.03822950e-05  6.32016568e+02  1.61361240e-03 -6.77302845e+02 
 1.03823638e-05  6.32016568e+02  1.94400314e-03 -6.76859550e+02 
 1.03824387e-05  6.32016568e+02  2.30301094e-03 -6.76284287e+02 
 1.03825162e-05  6.32016569e+02  2.67451291e-03 -6.75586268e+02 
 1.03825988e-05  6.32016569e+02  3.07008859e-03 -6.74727955e+02 
 1.03826842e-05  6.32016570e+02  3.47833135e-03 -6.73717477e+02 
 1.03827740e-05  6.32016571e+02  3.90732917e-03 -6.72518833e+02 
 1.03828666e-05  6.32016571e+02  4.34892025e-03 -6.71138174e+02 
 1.03829632e-05  6.32016572e+02  4.80872825e-03 -6.69541746e+02 
 1.03830625e-05  6.32016573e+02  5.28087206e-03 -6.67733252e+02 
 1.03831655e-05  6.32016575e+02  5.76923600e-03 -6.65681439e+02 
 1.03832713e-05  6.32016576e+02  6.26954962e-03 -6.63387422e+02 
 1.03833806e-05  6.32016577e+02  6.78446538e-03 -6.60822429e+02 
 1.03834925e-05  6.32016579e+02  7.31085192e-03 -6.57985057e+02 
 1.03836078e-05  6.32016581e+02  7.85048750e-03 -6.54848825e+02 
 1.03837258e-05  6.32016583e+02  8.40104699e-03 -6.51409992e+02 
 1.03838469e-05  6.32016585e+02  8.96368728e-03 -6.47644089e+02 
 1.03839708e-05  6.32016588e+02  9.53665377e-03 -6.43545264e+02 
 1.03840978e-05  6.32016590e+02  1.01206609e-02 -6.39090728e+02 
 1.03842276e-05  6.32016593e+02  1.07143574e-02 -6.34272742e+02 
 1.03843604e-05  6.32016596e+02  1.13181416e-02 -6.29069851e+02 
 1.03844961e-05  6.32016600e+02  1.19309462e-02 -6.23472623e+02 
 1.03846348e-05  6.32016603e+02  1.25529429e-02 -6.17460578e+02 
 1.03847765e-05  6.32016607e+02  1.31832633e-02 -6.11022731e+02 
 1.03849213e-05  6.32016611e+02  1.38219158e-02 -6.04139217e+02 
 1.03850691e-05  6.32016616e+02  1.44681703e-02 -5.96797560e+02 
 1.03852200e-05  6.32016621e+02  1.51219161e-02 -5.88978132e+02 
 1.03853742e-05  6.32016626e+02  1.57825184e-02 -5.80666938e+02 
 1.03855316e-05  6.32016631e+02  1.64497791e-02 -5.71844158e+02 
 1.03856924e-05  6.32016637e+02  1.71231282e-02 -5.62494133e+02 
 1.03858567e-05  6.32016643e+02  1.78023030e-02 -5.52596347e+02 
 1.03860246e-05  6.32016649e+02  1.84867772e-02 -5.42133161e+02 
 1.03861962e-05  6.32016656e+02  1.91762409e-02 -5.31082712e+02 
 1.03863716e-05  6.32016663e+02  1.98701977e-02 -5.19424832e+02 
 1.03865512e-05  6.32016671e+02  2.05683046e-02 -5.07135411e+02 
 1.03867350e-05  6.32016679e+02  2.12700887e-02 -4.94190834e+02 
 1.03869233e-05  6.32016688e+02  2.19751877e-02 -4.80563416e+02 
 1.03871164e-05  6.32016697e+02  2.26831524e-02 -4.66224571e+02 
 1.03873146e-05  6.32016707e+02  2.33936193e-02 -4.51140943e+02 
 1.03875182e-05  6.32016717e+02  2.41061746e-02 -4.35276387e+02 
 1.03877278e-05  6.32016728e+02  2.48204812e-02 -4.18588339e+02 
 1.03879438e-05  6.32016740e+02  2.55361915e-02 -4.01028455e+02 
 1.03881669e-05  6.32016752e+02  2.62530488e-02 -3.82538518e+02 
 1.03883979e-05  6.32016765e+02  2.69708446e-02 -3.63049023e+02 
 1.03886377e-05  6.32016779e+02  2.76895200e-02 -3.42473087e+02 
 1.03888877e-05  6.32016794e+02  2.84091859e-02 -3.20700690e+02 
 1.03891495e-05  6.32016810e+02  2.91302816e-02 -2.97586097e+02 
 1.03894255e-05  6.32016827e+02  2.98537504e-02 -2.72929341e+02 
 1.03897119e-05  6.32016846e+02  3.05643358e-02 -2.47084298e+02 
 1.03899904e-05  6.32016864e+02  3.12157147e-02 -2.21758145e+02 
 1.03902724e-05  6.32016883e+02  3.18353468e-02 -1.95971195e+02 
 1.03905465e-05  6.32016902e+02  3.23988570e-02 -1.70825505e+02 
 1.03908227e-05  6.32016921e+02  3.29280125e-02 -1.45454578e+02 
 1.03910934e-05  6.32016940e+02  3.34087168e-02 -1.20617111e+02 
 1.03913655e-05  6.32016959e+02  3.38544577e-02 -9.57098359e+01 
 1.03916336e-05  6.32016979e+02  3.42568904e-02 -7.12777418e+01 
 1.03919026e-05  6.32016998e+02  3.46242214e-02 -4.69126070e+01 
 1.03921686e-05  6.32017018e+02  3.49517839e-02 -2.30055320e+01 
 1.03924351e-05  6.32017038e+02  3.52447664e-02  7.29996170e-01 
 1.03926993e-05  6.32017058e+02  3.55007448e-02  2.40098725e+01 
 1.03929639e-05  6.32017078e+02  3.57229880e-02  4.70307312e+01 
 1.03932267e-05  6.32017098e+02  3.59105395e-02  6.95930340e+01 
 1.03934897e-05  6.32017118e+02  3.60654728e-02  9.18285428e+01 
 1.03937514e-05  6.32017138e+02  3.61876923e-02  1.13597717e+02 
 1.03940132e-05  6.32017158e+02  3.62785640e-02  1.34987736e+02 
 1.03942742e-05  6.32017179e+02  3.63384758e-02  1.55901269e+02 
 1.03945352e-05  6.32017199e+02  3.63683887e-02  1.76395440e+02 
 1.03947955e-05  6.32017219e+02  3.63689457e-02  1.96402592e+02 
 1.03950560e-05  6.32017239e+02  3.63408844e-02  2.15959950e+02 
 1.03953161e-05  6.32017259e+02  3.62849679e-02  2.35020789e+02 
 1.03955763e-05  6.32017279e+02  3.62018163e-02  2.53609393e+02 
 1.03958363e-05  6.32017299e+02  3.60922350e-02  2.71693888e+02 
 1.03960931e-05  6.32017319e+02  3.59587330e-02  2.89061795e+02 
 1.03963491e-05  6.32017338e+02  3.58013533e-02  3.05880940e+02 
 1.03966023e-05  6.32017358e+02  3.56224606e-02  3.22030842e+02 
 1.03968549e-05  6.32017377e+02  3.54217241e-02  3.37650700e+02 
 1.03971056e-05  6.32017396e+02  3.52011913e-02  3.52664967e+02 
 1.03973558e-05  6.32017414e+02  3.49605130e-02  3.67169128e+02 
 1.03976047e-05  6.32017433e+02  3.47014566e-02  3.81114649e+02 
 1.03978534e-05  6.32017451e+02  3.44237555e-02  3.94567132e+02 
 1.03981011e-05  6.32017469e+02  3.41289102e-02  4.07497082e+02 
 1.03983487e-05  6.32017487e+02  3.38167507e-02  4.19950886e+02 
 1.03985957e-05  6.32017505e+02  3.34885354e-02  4.31912133e+02 
 1.03988428e-05  6.32017522e+02  3.31441856e-02  4.43414569e+02 
 1.03990896e-05  6.32017539e+02  3.27847520e-02  4.54450517e+02 
 1.03993366e-05  6.32017557e+02  3.24102336e-02  4.65045330e+02 
 1.03995835e-05  6.32017573e+02  3.20215078e-02  4.75197111e+02 
 1.03998308e-05  6.32017590e+02  3.16186352e-02  4.84925646e+02 
 1.04000783e-05  6.32017607e+02  3.12023496e-02  4.94232866e+02 
 1.04003262e-05  6.32017623e+02  3.07727568e-02  5.03134883e+02 
 1.04005745e-05  6.32017639e+02  3.03304722e-02  5.11636156e+02 
 1.04008234e-05  6.32017655e+02  2.98756312e-02  5.19750387e+02 
 1.04010729e-05  6.32017671e+02  2.94087515e-02  5.27483706e+02 
 1.04013231e-05  6.32017686e+02  2.89299851e-02  5.34848245e+02 
 1.04015741e-05  6.32017702e+02  2.84397674e-02  5.41851237e+02 
 1.04018260e-05  6.32017717e+02  2.79382565e-02  5.48503797e+02 
 1.04020788e-05  6.32017732e+02  2.74258177e-02  5.54813891e+02 
 1.04023326e-05  6.32017746e+02  2.69026056e-02  5.60791981e+02 
 1.04025875e-05  6.32017761e+02  2.63689245e-02  5.66446517e+02 
 1.04028436e-05  6.32017775e+02  2.58249180e-02  5.71787548e+02 
 1.04031010e-05  6.32017789e+02  2.52708356e-02  5.76823845e+02 
 1.04033597e-05  6.32017803e+02  2.47068032e-02  5.81565195e+02 
 1.04036198e-05  6.32017816e+02  2.41330196e-02  5.86020580e+02 
 1.04038815e-05  6.32017830e+02  2.35495870e-02  5.90199624e+02 
 1.04041447e-05  6.32017843e+02  2.29566556e-02  5.94111445e+02 
 1.04044097e-05  6.32017855e+02  2.23542986e-02  5.97765561e+02 
 1.04046765e-05  6.32017868e+02  2.17426180e-02  6.01171172e+02 
 1.04049451e-05  6.32017880e+02  2.11216526e-02  6.04337723e+02 
 1.04052158e-05  6.32017892e+02  2.04914552e-02  6.07274459e+02 
 1.04054886e-05  6.32017904e+02  1.98520246e-02  6.09990766e+02 
 1.04057637e-05  6.32017915e+02  1.92033620e-02  6.12495899e+02 
 1.04060411e-05  6.32017926e+02  1.85454208e-02  6.14799189e+02 
 1.04063210e-05  6.32017937e+02  1.78781471e-02  6.16909874e+02 
 1.04066035e-05  6.32017948e+02  1.72014429e-02  6.18837221e+02 
 1.04068888e-05  6.32017958e+02  1.65151948e-02  6.20590423e+02 
 1.04071770e-05  6.32017968e+02  1.58192477e-02  6.22178667e+02 
 1.04074683e-05  6.32017978e+02  1.51134250e-02  6.23611070e+02 
 1.04077628e-05  6.32017987e+02  1.43975099e-02  6.24896712e+02 
 1.04080607e-05  6.32017996e+02  1.36712614e-02  6.26044597e+02 
 1.04083623e-05  6.32018004e+02  1.29344014e-02  6.27063662e+02 
 1.04086676e-05  6.32018012e+02  1.21866305e-02  6.27962748e+02 
 1.04089749e-05  6.32018020e+02  1.14328149e-02  6.28745604e+02 
 1.04092805e-05  6.32018027e+02  1.06816406e-02  6.29415599e+02 
 1.04095851e-05  6.32018034e+02  9.93203025e-03  6.29986791e+02 
 1.04098860e-05  6.32018040e+02  9.19060286e-03  6.30466989e+02 
 1.04101830e-05  6.32018046e+02  8.45792382e-03  6.30868476e+02 
 1.04104733e-05  6.32018051e+02  7.74134377e-03  6.31199371e+02 
 1.04107550e-05  6.32018055e+02  7.04556368e-03  6.31469368e+02 
 1.04110237e-05  6.32018059e+02  6.38142806e-03  6.31685728e+02 
 1.04112483e-05  6.32018062e+02  5.82606162e-03  6.31839271e+02 
 1.04113003e-05  6.32018062e+02  5.69755753e-03  6.31871554e+02 
 1.04113927e-05  6.32018064e+02  5.46881575e-03  6.31926177e+02 
 1.04114801e-05  6.32018065e+02  5.25283058e-03  6.31974543e+02 
 1.04115483e-05  6.32018065e+02  5.08407907e-03  6.32010248e+02 
 1.04116155e-05  6.32018066e+02  4.91781040e-03  6.32043706e+02 
 1.04116652e-05  6.32018067e+02  4.79481351e-03  6.32067390e+02 
 1.04117329e-05  6.32018067e+02  4.62714335e-03  6.32098261e+02 
 1.04118359e-05  6.32018068e+02  4.37225063e-03  6.32142178e+02 
 1.04119312e-05  6.32018069e+02  4.13647134e-03  6.32179704e+02 
 1.04120352e-05  6.32018070e+02  3.87917180e-03  6.32217423e+02 
 1.04121013e-05  6.32018071e+02  3.71556971e-03  6.32239725e+02 
 1.04121965e-05  6.32018071e+02  3.47969631e-03  6.32269678e+02 
 1.04123108e-05  6.32018072e+02  3.19671727e-03  6.32302329e+02 
 1.04124269e-05  6.32018073e+02  2.90940471e-03  6.32331995e+02 
 1.04125447e-05  6.32018073e+02  2.61762328e-03  6.32358709e+02 
 1.04127209e-05  6.32018074e+02  2.18142224e-03  6.32392587e+02 
 1.04127672e-05  6.32018075e+02  2.06683971e-03  6.32400329e+02 
 1.04128597e-05  6.32018075e+02  1.83766892e-03  6.32414423e+02 
 1.04129616e-05  6.32018075e+02  1.58541498e-03  6.32427847e+02 
 1.04130535e-05  6.32018076e+02  1.35775276e-03  6.32438130e+02 
 1.04131510e-05  6.32018076e+02  1.11645980e-03  6.32447173e+02 
 1.04132531e-05  6.32018076e+02  8.63475540e-04  6.32454647e+02 
 1.04133837e-05  6.32018076e+02  5.40020483e-04  6.32461273e+02 
 1.04134523e-05  6.32018076e+02  3.70107833e-04  6.32463456e+02 
 1.04135071e-05  6.32018076e+02  2.34429886e-04  6.32464565e+02 
 1.04135605e-05  6.32018076e+02  1.02128088e-04  6.32465108e+02 
 1.04136222e-05  6.32018076e+02 -5.04976724e-05  6.32465081e+02 
 1.04136925e-05  6.32018076e+02 -2.24776961e-04  6.32464197e+02 
 1.04137684e-05  6.32018076e+02 -4.12624147e-04  6.32462229e+02 
 1.04138469e-05  6.32018076e+02 -6.06993743e-04  6.32459086e+02 
 1.04139329e-05  6.32018076e+02 -8.20038644e-04  6.32454339e+02 
 1.04140293e-05  6.32018076e+02 -1.05873360e-03  6.32447387e+02 
 1.04141627e-05  6.32018076e+02 -1.38907189e-03  6.32434858e+02 
 1.04142503e-05  6.32018075e+02 -1.60600231e-03  6.32424741e+02 
 1.04143474e-05  6.32018075e+02 -1.84655840e-03  6.32411713e+02 
 1.04144491e-05  6.32018075e+02 -2.09851103e-03  6.32395959e+02 
 1.04145469e-05  6.32018074e+02 -2.34058179e-03  6.32378714e+02 
 1.04146491e-05  6.32018074e+02 -2.59363591e-03  6.32358388e+02 
 1.04147631e-05  6.32018073e+02 -2.87576796e-03  6.32332834e+02 
 1.04149006e-05  6.32018072e+02 -3.21640674e-03  6.32297707e+02 
 1.04150094e-05  6.32018071e+02 -3.48560440e-03  6.32266452e+02 
 1.04151447e-05  6.32018070e+02 -3.82054613e-03  6.32222995e+02 
 1.04152142e-05  6.32018070e+02 -3.99271450e-03  6.32198583e+02 
 1.04153045e-05  6.32018069e+02 -4.21612856e-03  6.32164702e+02 
 1.04153865e-05  6.32018068e+02 -4.41896885e-03  6.32131700e+02 
 1.04154398e-05  6.32018068e+02 -4.55096817e-03  6.32109035e+02 
 1.04155003e-05  6.32018067e+02 -4.70067246e-03  6.32082157e+02 
 1.04155484e-05  6.32018066e+02 -4.81954005e-03  6.32059904e+02 
 1.04156002e-05  6.32018066e+02 -4.94782713e-03  6.32034958e+02 
 1.04156515e-05  6.32018065e+02 -5.07465863e-03  6.32009322e+02 
 1.04157094e-05  6.32018065e+02 -5.21800008e-03  6.31979152e+02 
 1.04157757e-05  6.32018064e+02 -5.38189486e-03  6.31943054e+02 
 1.04158475e-05  6.32018063e+02 -5.55957594e-03  6.31901924e+02 
 1.04159243e-05  6.32018062e+02 -5.74957928e-03  6.31855561e+02 
 1.04160045e-05  6.32018061e+02 -5.94785243e-03  6.31804455e+02 
 1.04160885e-05  6.32018060e+02 -6.15567521e-03  6.31747778e+02 
 1.04161754e-05  6.32018059e+02 -6.37059242e-03  6.31685679e+02 
 1.04162659e-05  6.32018058e+02 -6.59414519e-03  6.31617158e+02 
 1.04163589e-05  6.32018056e+02 -6.82417899e-03  6.31542282e+02 
 1.04164552e-05  6.32018055e+02 -7.06214322e-03  6.31459948e+02 
 1.04165540e-05  6.32018053e+02 -7.30615102e-03  6.31370133e+02 
 1.04166558e-05  6.32018052e+02 -7.55758048e-03  6.31271603e+02 
 1.04167599e-05  6.32018050e+02 -7.81480240e-03  6.31164214e+02 
 1.04168670e-05  6.32018048e+02 -8.07908803e-03  6.31046594e+02 
 1.04169763e-05  6.32018046e+02 -8.34905161e-03  6.30918447e+02 
 1.04171951e-05  6.32018042e+02 -8.88872776e-03  6.30636389e+02 
 1.04174284e-05  6.32018038e+02 -9.46407493e-03  6.30294447e+02 
 1.04176794e-05  6.32018033e+02 -1.00823610e-02  6.29874571e+02 
 1.04180126e-05  6.32018025e+02 -1.09021242e-02  6.29224195e+02 
 1.04183245e-05  6.32018018e+02 -1.16680860e-02  6.28507857e+02 
 1.04186788e-05  6.32018009e+02 -1.25368699e-02  6.27551153e+02 
 1.04190005e-05  6.32018000e+02 -1.33239597e-02  6.26535163e+02 
 1.04193389e-05  6.32017990e+02 -1.41496596e-02  6.25297591e+02 
 1.04196524e-05  6.32017980e+02 -1.49121743e-02  6.23980348e+02 
 1.04199747e-05  6.32017970e+02 -1.56938181e-02  6.22436665e+02 
 1.04202797e-05  6.32017959e+02 -1.64307571e-02  6.20783019e+02 
 1.04205898e-05  6.32017948e+02 -1.71768910e-02  6.18892581e+02 
 1.04208876e-05  6.32017937e+02 -1.78901348e-02  6.16862274e+02 
 1.04211879e-05  6.32017925e+02 -1.86059101e-02  6.14584466e+02 
 1.04214792e-05  6.32017914e+02 -1.92962186e-02  6.12138654e+02 
 1.04217714e-05  6.32017901e+02 -1.99845680e-02  6.09434208e+02 
 1.04220567e-05  6.32017889e+02 -2.06522800e-02  6.06535045e+02 
 1.04223419e-05  6.32017876e+02 -2.13150384e-02  6.03365295e+02 
 1.04226219e-05  6.32017864e+02 -2.19603315e-02  5.99975370e+02 
 1.04229012e-05  6.32017850e+02 -2.25986368e-02  5.96302045e+02 
 1.04231762e-05  6.32017837e+02 -2.32215309e-02  5.92384307e+02 
 1.04234503e-05  6.32017823e+02 -2.38360023e-02  5.88169604e+02 
 1.04237210e-05  6.32017809e+02 -2.44363452e-02  5.83687422e+02 
 1.04239906e-05  6.32017795e+02 -2.50271980e-02  5.78894092e+02 
 1.04242574e-05  6.32017781e+02 -2.56046644e-02  5.73811312e+02 
 1.04245230e-05  6.32017766e+02 -2.61717923e-02  5.68402723e+02 
 1.04247863e-05  6.32017751e+02 -2.67258897e-02  5.62683716e+02 
 1.04250485e-05  6.32017736e+02 -2.72689227e-02  5.56623898e+02 
 1.04253087e-05  6.32017721e+02 -2.77989981e-02  5.50233605e+02 
 1.04255678e-05  6.32017705e+02 -2.83173421e-02  5.43487274e+02 
 1.04258253e-05  6.32017690e+02 -2.88225881e-02  5.36391237e+02 
 1.04260818e-05  6.32017674e+02 -2.93154526e-02  5.28923817e+02 
 1.04263370e-05  6.32017658e+02 -2.97949123e-02  5.21088198e+02 
 1.04265912e-05  6.32017642e+02 -3.02613289e-02  5.12865812e+02 
 1.04268444e-05  6.32017625e+02 -3.07138984e-02  5.04257390e+02 
 1.04270968e-05  6.32017609e+02 -3.11527317e-02  4.95246834e+02 
 1.04273483e-05  6.32017592e+02 -3.15771599e-02  4.85832967e+02 
 1.04275992e-05  6.32017575e+02 -3.19871130e-02  4.76001639e+02 
 1.04278494e-05  6.32017558e+02 -3.23819989e-02  4.65750189e+02 
 1.04280991e-05  6.32017540e+02 -3.27616124e-02  4.55065978e+02 
 1.04283483e-05  6.32017523e+02 -3.31253982e-02  4.43945172e+02 
 1.04285973e-05  6.32017505e+02 -3.34730449e-02  4.32376268e+02 
 1.04288459e-05  6.32017488e+02 -3.38040045e-02  4.20354475e+02 
 1.04290945e-05  6.32017470e+02 -3.41178768e-02  4.07869090e+02 
 1.04293429e-05  6.32017451e+02 -3.44140987e-02  3.94914476e+02 
 1.04295915e-05  6.32017433e+02 -3.46921890e-02  3.81480411e+02 
 1.04298402e-05  6.32017415e+02 -3.49515504e-02  3.67560430e+02 
 1.04300892e-05  6.32017396e+02 -3.51916215e-02  3.53144446e+02 
 1.04303385e-05  6.32017377e+02 -3.54117523e-02  3.38225067e+02 
 1.04305885e-05  6.32017359e+02 -3.56112946e-02  3.22791941e+02 
 1.04308391e-05  6.32017340e+02 -3.57895246e-02  3.06836500e+02 
 1.04310905e-05  6.32017320e+02 -3.59456930e-02  2.90347605e+02 
 1.04313429e-05  6.32017301e+02 -3.60789760e-02  2.73315061e+02 
 1.04315966e-05  6.32017282e+02 -3.61884980e-02  2.55726207e+02 
 1.04318516e-05  6.32017262e+02 -3.62732985e-02  2.37568445e+02 
 1.04321083e-05  6.32017242e+02 -3.63323350e-02  2.18826481e+02 
 1.04323668e-05  6.32017222e+02 -3.63644554e-02  1.99484010e+02 
 1.04326275e-05  6.32017202e+02 -3.63683836e-02  1.79521318e+02 
 1.04328908e-05  6.32017182e+02 -3.63426881e-02  1.58916135e+02 
 1.04331555e-05  6.32017161e+02 -3.62861414e-02  1.37757826e+02 
 1.04334198e-05  6.32017141e+02 -3.61983321e-02  1.16214008e+02 
 1.04336848e-05  6.32017120e+02 -3.60782415e-02  9.42163664e+01 
 1.04339495e-05  6.32017100e+02 -3.59257419e-02  7.18787708e+01 
 1.04342148e-05  6.32017080e+02 -3.57396267e-02  4.91359731e+01 
 1.04344801e-05  6.32017060e+02 -3.55197832e-02  2.60763343e+01 
 1.04347462e-05  6.32017040e+02 -3.52649625e-02  2.66000708e+00 
 1.04350126e-05  6.32017020e+02 -3.49750283e-02 -2.10389339e+01 
 1.04352798e-05  6.32017000e+02 -3.46487640e-02 -4.50393667e+01 
 1.04355475e-05  6.32016980e+02 -3.42859750e-02 -6.92774819e+01 
 1.04358163e-05  6.32016961e+02 -3.38854946e-02 -9.37563335e+01 
 1.04360858e-05  6.32016942e+02 -3.34471164e-02 -1.18415226e+02 
 1.04363565e-05  6.32016923e+02 -3.29694570e-02 -1.43258873e+02 
 1.04366282e-05  6.32016904e+02 -3.24525706e-02 -1.68212384e+02 
 1.04369014e-05  6.32016885e+02 -3.18949743e-02 -1.93275799e+02 
 1.04371758e-05  6.32016866e+02 -3.12965828e-02 -2.18380479e+02 
 1.04374520e-05  6.32016848e+02 -3.06559906e-02 -2.43512534e+02 
 1.04377297e-05  6.32016830e+02 -2.99729460e-02 -2.68607445e+02 
 1.04380094e-05  6.32016813e+02 -2.92461074e-02 -2.93638893e+02 
 1.04382911e-05  6.32016795e+02 -2.84750471e-02 -3.18543850e+02 
 1.04385751e-05  6.32016778e+02 -2.76584388e-02 -3.43285346e+02 
 1.04388586e-05  6.32016762e+02 -2.68047118e-02 -3.67550417e+02 
 1.04391167e-05  6.32016748e+02 -2.59948948e-02 -3.89205508e+02 
 1.04393693e-05  6.32016734e+02 -2.51722042e-02 -4.09968254e+02 
 1.04396022e-05  6.32016722e+02 -2.43883611e-02 -4.28682080e+02 
 1.04398306e-05  6.32016710e+02 -2.35961175e-02 -4.46611924e+02 
 1.04400455e-05  6.32016699e+02 -2.28305185e-02 -4.63057744e+02 
 1.04402566e-05  6.32016689e+02 -2.20593145e-02 -4.78798927e+02 
 1.04404578e-05  6.32016680e+02 -2.13074608e-02 -4.93389601e+02 
 1.04406554e-05  6.32016671e+02 -2.05532766e-02 -5.07312011e+02 
 1.04408453e-05  6.32016663e+02 -1.98144050e-02 -5.20289105e+02 
 1.04410317e-05  6.32016655e+02 -1.90761267e-02 -5.32627166e+02 
 1.04412118e-05  6.32016648e+02 -1.83507919e-02 -5.44159653e+02 
 1.04413884e-05  6.32016641e+02 -1.76283867e-02 -5.55084906e+02 
 1.04415597e-05  6.32016635e+02 -1.69175369e-02 -5.65306441e+02 
 1.04417277e-05  6.32016629e+02 -1.62114675e-02 -5.74954945e+02 
 1.04418911e-05  6.32016624e+02 -1.55162149e-02 -5.83977723e+02 
 1.04420511e-05  6.32016618e+02 -1.48272415e-02 -5.92462798e+02 
 1.04422071e-05  6.32016614e+02 -1.41487905e-02 -6.00384650e+02 
 1.04423598e-05  6.32016609e+02 -1.34778686e-02 -6.07804370e+02 
 1.04425088e-05  6.32016605e+02 -1.28174813e-02 -6.14713168e+02 
 1.04426546e-05  6.32016601e+02 -1.21657005e-02 -6.21155134e+02 
 1.04427970e-05  6.32016598e+02 -1.15246816e-02 -6.27131662e+02 
 1.04429362e-05  6.32016594e+02 -1.08932320e-02 -6.32676113e+02 
 1.04430720e-05  6.32016591e+02 -1.02729283e-02 -6.37795991e+02 
 1.04432048e-05  6.32016588e+02 -9.66308739e-03 -6.42517893e+02 
 1.04433343e-05  6.32016586e+02 -9.06489737e-03 -6.46852916e+02 
 1.04434608e-05  6.32016583e+02 -8.47803149e-03 -6.50823396e+02 
 1.04435840e-05  6.32016581e+02 -7.90342394e-03 -6.54442490e+02 
 1.04437041e-05  6.32016579e+02 -7.34100312e-03 -6.57729855e+02 
 1.04438211e-05  6.32016578e+02 -6.79154610e-03 -6.60699790e+02 
 1.04439348e-05  6.32016576e+02 -6.25517242e-03 -6.63370270e+02 
 1.04440453e-05  6.32016575e+02 -5.73257485e-03 -6.65756198e+02 
 1.04441526e-05  6.32016573e+02 -5.22402801e-03 -6.67874503e+02 
 1.04442565e-05  6.32016572e+02 -4.73019995e-03 -6.69740388e+02 
 1.04443570e-05  6.32016571e+02 -4.25150787e-03 -6.71370140e+02 
 1.04444541e-05  6.32016570e+02 -3.78865064e-03 -6.72779110e+02 
 1.04445475e-05  6.32016570e+02 -3.34219922e-03 -6.73983211e+02 
 1.04446372e-05  6.32016569e+02 -2.91294666e-03 -6.74997874e+02 
 1.04447231e-05  6.32016569e+02 -2.50165944e-03 -6.75838823e+02 
 1.04448050e-05  6.32016568e+02 -2.10931480e-03 -6.76521572e+02 
 1.04448826e-05  6.32016568e+02 -1.73696978e-03 -6.77061804e+02 
 1.04449557e-05  6.32016568e+02 -1.38594420e-03 -6.77475167e+02 
 1.04450241e-05  6.32016567e+02 -1.05780028e-03 -6.77777462e+02 
 1.04450872e-05  6.32016567e+02 -7.54551383e-04 -6.77984603e+02 
 1.04451381e-05  6.32016567e+02 -5.10174948e-04 -6.78101076e+02 
 1.04451790e-05  6.32016567e+02 -3.13600191e-04 -6.78162097e+02 
 1.04452116e-05  6.32016567e+02 -1.56855658e-04 -6.78189883e+02 
 1.04452396e-05  6.32016567e+02 -2.22189349e-05 -6.78198968e+02 
 1.04452682e-05  6.32016567e+02  1.15325578e-04 -6.78194142e+02 
 1.04452974e-05  6.32016567e+02  2.55195103e-04 -6.78174613e+02 
 1.04453377e-05  6.32016567e+02  4.48798691e-04 -6.78123252e+02 
 1.04453819e-05  6.32016567e+02  6.61241104e-04 -6.78034383e+02 
 1.04454358e-05  6.32016567e+02  9.20361187e-04 -6.77879925e+02 
 1.04454930e-05  6.32016568e+02  1.19494942e-03 -6.77660983e+02 
 1.04455575e-05  6.32016568e+02  1.50468017e-03 -6.77345734e+02 
 1.04456249e-05  6.32016568e+02  1.82825757e-03 -6.76939018e+02 
 1.04456983e-05  6.32016568e+02  2.18002550e-03 -6.76407083e+02 
 1.04457745e-05  6.32016569e+02  2.54539890e-03 -6.75755422e+02 
 1.04458558e-05  6.32016569e+02  2.93453712e-03 -6.74950101e+02 
 1.04459399e-05  6.32016570e+02  3.33715072e-03 -6.73995856e+02 
 1.04460285e-05  6.32016570e+02  3.76032924e-03 -6.72859881e+02 
 1.04461199e-05  6.32016571e+02  4.19670688e-03 -6.71545352e+02 
 1.04462154e-05  6.32016572e+02  4.65119959e-03 -6.70021279e+02 
 1.04463136e-05  6.32016573e+02  5.11849141e-03 -6.68288826e+02 
 1.04464156e-05  6.32016574e+02  5.60196476e-03 -6.66319083e+02 
 1.04465203e-05  6.32016576e+02  6.09775049e-03 -6.64111039e+02 
 1.04466285e-05  6.32016577e+02  6.60814523e-03 -6.61637876e+02 
 1.04467394e-05  6.32016579e+02  7.13030266e-03 -6.58896441e+02 
 1.04468536e-05  6.32016580e+02  7.66574872e-03 -6.55861864e+02 
 1.04469707e-05  6.32016582e+02  8.21236075e-03 -6.52528986e+02 
 1.04470908e-05  6.32016585e+02  8.77111695e-03 -6.48874651e+02 
 1.04472137e-05  6.32016587e+02  9.34040661e-03 -6.44891878e+02 
 1.04473397e-05  6.32016590e+02  9.92081771e-03 -6.40558946e+02 
 1.04474685e-05  6.32016592e+02  1.05111013e-02 -6.35867229e+02 
 1.04476003e-05  6.32016595e+02  1.11115664e-02 -6.30796143e+02 
 1.04477350e-05  6.32016599e+02  1.17212187e-02 -6.25335574e+02 
 1.04478727e-05  6.32016602e+02  1.23401671e-02 -6.19465761e+02 
 1.04480134e-05  6.32016606e+02  1.29675954e-02 -6.13175212e+02 
 1.04481571e-05  6.32016610e+02  1.36034679e-02 -6.06444666e+02 
 1.04483039e-05  6.32016614e+02  1.42470919e-02 -5.99261296e+02 
 1.04484538e-05  6.32016619e+02  1.48983260e-02 -5.91606000e+02 
 1.04486068e-05  6.32016624e+02  1.55565625e-02 -5.83464574e+02 
 1.04487631e-05  6.32016629e+02  1.62215821e-02 -5.74817686e+02 
 1.04489228e-05  6.32016635e+02  1.68928343e-02 -5.65649604e+02 
 1.04490859e-05  6.32016641e+02  1.75700419e-02 -5.55940304e+02 
 1.04492525e-05  6.32016647e+02  1.82526925e-02 -5.45672224e+02 
 1.04494228e-05  6.32016654e+02  1.89404664e-02 -5.34824042e+02 
 1.04495970e-05  6.32016661e+02  1.96328769e-02 -5.23375848e+02 
 1.04497751e-05  6.32016669e+02  2.03295738e-02 -5.11304193e+02 
 1.04499575e-05  6.32016677e+02  2.10300903e-02 -4.98585961e+02 
 1.04501442e-05  6.32016685e+02  2.17340581e-02 -4.85194349e+02 
 1.04503357e-05  6.32016694e+02  2.24410305e-02 -4.71101629e+02 
 1.04505321e-05  6.32016704e+02  2.31506367e-02 -4.56275722e+02 
 1.04507339e-05  6.32016714e+02  2.38624604e-02 -4.40681921e+02 
 1.04509414e-05  6.32016724e+02  2.45761530e-02 -4.24279660e+02 
 1.04511551e-05  6.32016736e+02  2.52913558e-02 -4.07023063e+02 
 1.04513758e-05  6.32016748e+02  2.60077895e-02 -3.88857300e+02 
 1.04516040e-05  6.32016761e+02  2.67252163e-02 -3.69717355e+02 
 1.04518407e-05  6.32016774e+02  2.74435280e-02 -3.49522692e+02 
 1.04520871e-05  6.32016789e+02  2.81627613e-02 -3.28172335e+02 
 1.04523447e-05  6.32016804e+02  2.88832317e-02 -3.05534193e+02 
 1.04526155e-05  6.32016821e+02  2.96056740e-02 -2.81429817e+02 
 1.04529026e-05  6.32016840e+02  3.03315910e-02 -2.55604518e+02 
 1.04531809e-05  6.32016858e+02  3.09957724e-02 -2.30356627e+02 
 1.04534645e-05  6.32016877e+02  3.16323590e-02 -2.04467785e+02 
 1.04537389e-05  6.32016895e+02  3.22094590e-02 -1.79317230e+02 
 1.04540163e-05  6.32016914e+02  3.27538622e-02 -1.53845718e+02 
 1.04542872e-05  6.32016933e+02  3.32475883e-02 -1.28977212e+02 
 1.04545602e-05  6.32016953e+02  3.37072986e-02 -1.03968668e+02 
 1.04548285e-05  6.32016972e+02  3.41223081e-02 -7.94792232e+01 
 1.04550981e-05  6.32016992e+02  3.45027121e-02 -5.50041191e+01 
 1.04553643e-05  6.32017012e+02  3.48424319e-02 -3.10144345e+01 
 1.04556313e-05  6.32017031e+02  3.51477419e-02 -7.15927158e+00 
 1.04558958e-05  6.32017051e+02  3.54154150e-02  1.62235308e+01 
 1.04561607e-05  6.32017071e+02  3.56493381e-02  3.93741655e+01 
 1.04564237e-05  6.32017091e+02  3.58481024e-02  6.20559649e+01 
 1.04566870e-05  6.32017111e+02  3.60141252e-02  8.44305138e+01 
 1.04569488e-05  6.32017132e+02  3.61470690e-02  1.06332650e+02 
 1.04572108e-05  6.32017152e+02  3.62484806e-02  1.27869883e+02 
 1.04574719e-05  6.32017172e+02  3.63186294e-02  1.48927217e+02 
 1.04577330e-05  6.32017192e+02  3.63585625e-02  1.69575572e+02 
 1.04579934e-05  6.32017212e+02  3.63688748e-02  1.89735130e+02 
 1.04582540e-05  6.32017232e+02  3.63503370e-02  2.09452361e+02 
 1.04585141e-05  6.32017252e+02  3.63037023e-02  2.28672231e+02 
 1.04587743e-05  6.32017273e+02  3.62295960e-02  2.47425122e+02 
 1.04590344e-05  6.32017293e+02  3.61288331e-02  2.65673489e+02 
 1.04592923e-05  6.32017312e+02  3.60032059e-02  2.83281742e+02 
 1.04595485e-05  6.32017332e+02  3.58537933e-02  3.00279989e+02 
 1.04598026e-05  6.32017351e+02  3.56819957e-02  3.16653531e+02 
 1.04600554e-05  6.32017370e+02  3.54885560e-02  3.32447492e+02 
 1.04603067e-05  6.32017389e+02  3.52745696e-02  3.47664035e+02 
 1.04605571e-05  6.32017408e+02  3.50406252e-02  3.62336574e+02 
 1.04608064e-05  6.32017427e+02  3.47876597e-02  3.76468612e+02 
 1.04610551e-05  6.32017445e+02  3.45161929e-02  3.90084371e+02 
 1.04613032e-05  6.32017463e+02  3.42270402e-02  4.03188712e+02 
 1.04615508e-05  6.32017481e+02  3.39206717e-02  4.15800545e+02 
 1.04617980e-05  6.32017499e+02  3.35977963e-02  4.27926134e+02 
 1.04620451e-05  6.32017516e+02  3.32588446e-02  4.39581080e+02 
 1.04622920e-05  6.32017534e+02  3.29044349e-02  4.50772649e+02 
 1.04625389e-05  6.32017551e+02  3.25349650e-02  4.61514256e+02 
 1.04627858e-05  6.32017568e+02  3.21509775e-02  4.71813824e+02 
 1.04630330e-05  6.32017585e+02  3.17528414e-02  4.81683312e+02 
 1.04632804e-05  6.32017601e+02  3.13410348e-02  4.91131074e+02 
 1.04635281e-05  6.32017618e+02  3.09158996e-02  5.00168111e+02 
 1.04637763e-05  6.32017634e+02  3.04778581e-02  5.08803069e+02 
 1.04640250e-05  6.32017650e+02  3.00272258e-02  5.17046321e+02 
 1.04642743e-05  6.32017666e+02  2.95643755e-02  5.24906716e+02 
 1.04645243e-05  6.32017681e+02  2.90895962e-02  5.32394225e+02 
 1.04647750e-05  6.32017697e+02  2.86032159e-02  5.39517837e+02 
 1.04650266e-05  6.32017712e+02  2.81054963e-02  5.46287275e+02 
 1.04652790e-05  6.32017727e+02  2.75967241e-02  5.52711628e+02 
 1.04655325e-05  6.32017742e+02  2.70771324e-02  5.58800465e+02 
 1.04657870e-05  6.32017756e+02  2.65469687e-02  5.64562954e+02 
 1.04660427e-05  6.32017770e+02  2.60064362e-02  5.70008570e+02 
 1.04662996e-05  6.32017784e+02  2.54557442e-02  5.75146541e+02 
 1.04665579e-05  6.32017798e+02  2.48950642e-02  5.79986289e+02 
 1.04668175e-05  6.32017812e+02  2.43245671e-02  5.84537083e+02 
 1.04670787e-05  6.32017825e+02  2.37443907e-02  5.88808318e+02 
 1.04673414e-05  6.32017838e+02  2.31546667e-02  5.92809290e+02 
 1.04676058e-05  6.32017851e+02  2.25554965e-02  5.96549374e+02 
 1.04678719e-05  6.32017864e+02  2.19469707e-02  6.00037883e+02 
 1.04681399e-05  6.32017876e+02  2.13291512e-02  6.03284174e+02 
 1.04684099e-05  6.32017888e+02  2.07020848e-02  6.06297561e+02 
 1.04686820e-05  6.32017900e+02  2.00657902e-02  6.09087379e+02 
 1.04689563e-05  6.32017911e+02  1.94202670e-02  6.11662929e+02 
 1.04692329e-05  6.32017923e+02  1.87654859e-02  6.14033515e+02 
 1.04695119e-05  6.32017934e+02  1.81013951e-02  6.16208405e+02 
 1.04697935e-05  6.32017944e+02  1.74279124e-02  6.18196855e+02 
 1.04700779e-05  6.32017955e+02  1.67449298e-02  6.20008083e+02 
 1.04703650e-05  6.32017965e+02  1.60523071e-02  6.21651276e+02 
 1.04706553e-05  6.32017974e+02  1.53498753e-02  6.23135574e+02 
 1.04709487e-05  6.32017984e+02  1.46374322e-02  6.24470070e+02 
 1.04712454e-05  6.32017993e+02  1.39147452e-02  6.25663791e+02 
 1.04715457e-05  6.32018001e+02  1.31815499e-02  6.26725698e+02 
 1.04718497e-05  6.32018010e+02  1.24375544e-02  6.27664661e+02 
 1.04721577e-05  6.32018018e+02  1.16824429e-02  6.28489456e+02 
 1.04724633e-05  6.32018025e+02  1.09318306e-02  6.29194896e+02 
 1.04727692e-05  6.32018032e+02  1.01793451e-02  6.29800158e+02 
 1.04730710e-05  6.32018038e+02  9.43593809e-03  6.30309248e+02 
 1.04733701e-05  6.32018044e+02  8.69842216e-03  6.30737221e+02 
 1.04736628e-05  6.32018049e+02  7.97614926e-03  6.31090842e+02 
 1.04739482e-05  6.32018054e+02  7.27119052e-03  6.31381101e+02 
 1.04742219e-05  6.32018058e+02  6.59479400e-03  6.31614893e+02 
 1.04744802e-05  6.32018061e+02  5.95619252e-03  6.31800335e+02 
 1.04746814e-05  6.32018064e+02  5.45858212e-03  6.31923758e+02 
 1.04747251e-05  6.32018064e+02  5.35049627e-03  6.31948323e+02 
 1.04747983e-05  6.32018065e+02  5.16953717e-03  6.31987751e+02 
 1.04748672e-05  6.32018066e+02  4.99888054e-03  6.32023043e+02 
 1.04749522e-05  6.32018067e+02  4.78860845e-03  6.32064099e+02 
 1.04750408e-05  6.32018067e+02  4.56944109e-03  6.32104150e+02 
 1.04750995e-05  6.32018068e+02  4.42430239e-03  6.32129191e+02 
 1.04752024e-05  6.32018069e+02  4.16958749e-03  6.32170401e+02 
 1.04752960e-05  6.32018070e+02  3.93786955e-03  6.32204987e+02 
 1.04753725e-05  6.32018070e+02  3.74838571e-03  6.32231301e+02 
 1.04754637e-05  6.32018071e+02  3.52278528e-03  6.32260420e+02 
 1.04755439e-05  6.32018072e+02  3.32418691e-03  6.32284139e+02 
 1.04756464e-05  6.32018072e+02  3.07048300e-03  6.32311944e+02 
 1.04757357e-05  6.32018073e+02  2.84947316e-03  6.32333975e+02 
 1.04758676e-05  6.32018074e+02  2.52288270e-03  6.32362969e+02 
 1.04759347e-05  6.32018074e+02  2.35675770e-03  6.32376149e+02 
 1.04760619e-05  6.32018075e+02  2.04169969e-03  6.32398359e+02 
 1.04761670e-05  6.32018075e+02  1.78133354e-03  6.32414055e+02 
 1.04762643e-05  6.32018075e+02  1.54043976e-03  6.32426504e+02 
 1.04763648e-05  6.32018076e+02  1.29162683e-03  6.32437328e+02 
 1.04764679e-05  6.32018076e+02  1.03620064e-03  6.32446339e+02 
 1.04765791e-05  6.32018076e+02  7.60987287e-04  6.32453717e+02 
 1.04766667e-05  6.32018076e+02  5.43909280e-04  6.32457861e+02 
 1.04767226e-05  6.32018076e+02  4.05437139e-04  6.32459742e+02 
 1.04767855e-05  6.32018076e+02  2.49602831e-04  6.32461156e+02 
 1.04768511e-05  6.32018076e+02  8.73506845e-05  6.32461844e+02 
 1.04769216e-05  6.32018076e+02 -8.73247938e-05  6.32461697e+02 
 1.04770044e-05  6.32018076e+02 -2.92483164e-04  6.32460356e+02 
 1.04770794e-05  6.32018076e+02 -4.78183947e-04  6.32458055e+02 
 1.04771696e-05  6.32018076e+02 -7.01444099e-04  6.32453918e+02 
 1.04772541e-05  6.32018076e+02 -9.10823945e-04  6.32448669e+02 
 1.04773759e-05  6.32018076e+02 -1.21244595e-03  6.32438741e+02 
 1.04775047e-05  6.32018075e+02 -1.53140485e-03  6.32425126e+02 
 1.04775974e-05  6.32018075e+02 -1.76085298e-03  6.32413284e+02 
 1.04777009e-05  6.32018075e+02 -2.01736523e-03  6.32397943e+02 
 1.04778042e-05  6.32018074e+02 -2.27315256e-03  6.32380355e+02 
 1.04779103e-05  6.32018074e+02 -2.53576705e-03  6.32359821e+02 
 1.04780243e-05  6.32018073e+02 -2.81800434e-03  6.32334830e+02 
 1.04781592e-05  6.32018072e+02 -3.15198640e-03  6.32301145e+02 
 1.04782821e-05  6.32018071e+02 -3.45633778e-03  6.32266343e+02 
 1.04784416e-05  6.32018070e+02 -3.85109572e-03  6.32214989e+02 
 1.04786038e-05  6.32018069e+02 -4.25253782e-03  6.32155037e+02 
 1.04786631e-05  6.32018068e+02 -4.39915952e-03  6.32131066e+02 
 1.04787340e-05  6.32018067e+02 -4.57481598e-03  6.32100818e+02 
 1.04787999e-05  6.32018067e+02 -4.73786429e-03  6.32071198e+02 
 1.04788763e-05  6.32018066e+02 -4.92693627e-03  6.32034926e+02 
 1.04789539e-05  6.32018065e+02 -5.11885984e-03  6.31995913e+02 
 1.04790234e-05  6.32018064e+02 -5.29080455e-03  6.31959013e+02 
 1.04790872e-05  6.32018064e+02 -5.44861241e-03  6.31923467e+02 
 1.04791603e-05  6.32018063e+02 -5.62942627e-03  6.31880695e+02 
 1.04792362e-05  6.32018062e+02 -5.81706016e-03  6.31833918e+02 
 1.04793198e-05  6.32018061e+02 -6.02374612e-03  6.31779461e+02 
 1.04794039e-05  6.32018060e+02 -6.23172014e-03  6.31721438e+02 
 1.04794940e-05  6.32018058e+02 -6.45465868e-03  6.31655490e+02 
 1.04795844e-05  6.32018057e+02 -6.67794575e-03  6.31585377e+02 
 1.04796803e-05  6.32018056e+02 -6.91505274e-03  6.31506273e+02 
 1.04797765e-05  6.32018054e+02 -7.15269608e-03  6.31421960e+02 
 1.04798779e-05  6.32018053e+02 -7.40324891e-03  6.31327354e+02 
 1.04799796e-05  6.32018051e+02 -7.65448073e-03  6.31226321e+02 
 1.04800862e-05  6.32018049e+02 -7.91780424e-03  6.31113468e+02 
 1.04801933e-05  6.32018048e+02 -8.18209421e-03  6.30992689e+02 
 1.04803050e-05  6.32018046e+02 -8.45777224e-03  6.30858282e+02 
 1.04805284e-05  6.32018041e+02 -9.00885911e-03  6.30562051e+02 
 1.04807652e-05  6.32018037e+02 -9.59247265e-03  6.30204837e+02 
 1.04810183e-05  6.32018031e+02 -1.02160178e-02  6.29768522e+02 
 1.04813528e-05  6.32018024e+02 -1.10385557e-02  6.29096316e+02 
 1.04816650e-05  6.32018016e+02 -1.18053980e-02  6.28358190e+02 
 1.04820195e-05  6.32018007e+02 -1.26742303e-02  6.27374505e+02 
 1.04823396e-05  6.32017998e+02 -1.34570022e-02  6.26337183e+02 
 1.04826776e-05  6.32017988e+02 -1.42812025e-02  6.25070820e+02 
 1.04829895e-05  6.32017978e+02 -1.50396963e-02  6.23729379e+02 
 1.04833114e-05  6.32017968e+02 -1.58196650e-02  6.22154304e+02 
 1.04836152e-05  6.32017957e+02 -1.65533010e-02  6.20472769e+02 
 1.04839249e-05  6.32017946e+02 -1.72977190e-02  6.18548100e+02 
 1.04842217e-05  6.32017935e+02 -1.80081468e-02  6.16486211e+02 
 1.04845216e-05  6.32017923e+02 -1.87221611e-02  6.14171334e+02 
 1.04848121e-05  6.32017912e+02 -1.94099677e-02  6.11690358e+02 
 1.04851038e-05  6.32017899e+02 -2.00965208e-02  6.08946003e+02 
 1.04853885e-05  6.32017887e+02 -2.07619380e-02  6.06008189e+02 
 1.04856733e-05  6.32017874e+02 -2.14228728e-02  6.02795669e+02 
 1.04859527e-05  6.32017861e+02 -2.20660037e-02  5.99363693e+02 
 1.04862316e-05  6.32017848e+02 -2.27024587e-02  5.95644724e+02 
 1.04865062e-05  6.32017835e+02 -2.33232682e-02  5.91681620e+02 
 1.04867800e-05  6.32017821e+02 -2.39358571e-02  5.87418398e+02 
 1.04870503e-05  6.32017807e+02 -2.45341511e-02  5.82887621e+02 
 1.04873196e-05  6.32017793e+02 -2.51230810e-02  5.78042909e+02 
 1.04875860e-05  6.32017778e+02 -2.56985017e-02  5.72908389e+02 
 1.04878513e-05  6.32017764e+02 -2.62636566e-02  5.67445575e+02 
 1.04881144e-05  6.32017749e+02 -2.68156856e-02  5.61671767e+02 
 1.04883762e-05  6.32017734e+02 -2.73566847e-02  5.55554909e+02 
 1.04886362e-05  6.32017718e+02 -2.78846473e-02  5.49106833e+02 
 1.04888951e-05  6.32017703e+02 -2.84008857e-02  5.42300685e+02 
 1.04891524e-05  6.32017687e+02 -2.89039564e-02  5.35143962e+02 
 1.04894087e-05  6.32017671e+02 -2.93946323e-02  5.27613987e+02 
 1.04896637e-05  6.32017655e+02 -2.98718378e-02  5.19714853e+02 
 1.04899178e-05  6.32017639e+02 -3.03359713e-02  5.11427221e+02 
 1.04901708e-05  6.32017622e+02 -3.07861930e-02  5.02752522e+02 
 1.04904230e-05  6.32017606e+02 -3.12226370e-02  4.93674068e+02 
 1.04906744e-05  6.32017589e+02 -3.16446096e-02  4.84191225e+02 
 1.04909252e-05  6.32017572e+02 -3.20520549e-02  4.74289387e+02 
 1.04911753e-05  6.32017555e+02 -3.24443635e-02  4.63966310e+02 
 1.04914249e-05  6.32017538e+02 -3.28213378e-02  4.53209004e+02 
 1.04916741e-05  6.32017520e+02 -3.31824101e-02  4.42013951e+02 
 1.04919230e-05  6.32017502e+02 -3.35272723e-02  4.30369377e+02 
 1.04921716e-05  6.32017485e+02 -3.38553670e-02  4.18270723e+02 
 1.04924202e-05  6.32017467e+02 -3.41662940e-02  4.05707072e+02 
 1.04926686e-05  6.32017448e+02 -3.44594824e-02  3.92672954e+02 
 1.04929172e-05  6.32017430e+02 -3.47344490e-02  3.79157966e+02 
 1.04931659e-05  6.32017412e+02 -3.49905890e-02  3.65155750e+02 
 1.04934150e-05  6.32017393e+02 -3.52273372e-02  3.50656058e+02 
 1.04936645e-05  6.32017374e+02 -3.54440356e-02  3.35651547e+02 
 1.04939145e-05  6.32017355e+02 -3.56400303e-02  3.20131702e+02 
 1.04941652e-05  6.32017336e+02 -3.58145887e-02  3.04087943e+02 
 1.04944168e-05  6.32017317e+02 -3.59669530e-02  2.87508945e+02 
 1.04946695e-05  6.32017298e+02 -3.60962888e-02  2.70384425e+02 
 1.04949233e-05  6.32017278e+02 -3.62017089e-02  2.52701480e+02 
 1.04951786e-05  6.32017259e+02 -3.62822387e-02  2.34447319e+02 
 1.04954356e-05  6.32017239e+02 -3.63368192e-02  2.15606305e+02 
 1.04956945e-05  6.32017219e+02 -3.63642789e-02  1.96161781e+02 
 1.04959556e-05  6.32017199e+02 -3.63633174e-02  1.76093503e+02 
 1.04962193e-05  6.32017178e+02 -3.63324736e-02  1.55378304e+02 
 1.04964838e-05  6.32017158e+02 -3.62707365e-02  1.34167199e+02 
 1.04967484e-05  6.32017137e+02 -3.61774954e-02  1.12534860e+02 
 1.04970132e-05  6.32017117e+02 -3.60520446e-02  9.04903833e+01 
 1.04972781e-05  6.32017097e+02 -3.58938793e-02  6.80757783e+01 
 1.04975433e-05  6.32017077e+02 -3.57021933e-02  4.52871866e+01 
 1.04978089e-05  6.32017056e+02 -3.54764553e-02  2.21608839e+01 
 1.04980749e-05  6.32017036e+02 -3.52158328e-02 -1.29773609e+00 
 1.04983415e-05  6.32017017e+02 -3.49197825e-02 -2.50524475e+01 
 1.04986087e-05  6.32016997e+02 -3.45874771e-02 -4.90892919e+01 
 1.04988767e-05  6.32016977e+02 -3.42183521e-02 -7.33717999e+01 
 1.04991455e-05  6.32016958e+02 -3.38115852e-02 -9.78792598e+01 
 1.04994153e-05  6.32016938e+02 -3.33666420e-02 -1.22570933e+02 
 1.04996862e-05  6.32016919e+02 -3.28824536e-02 -1.47433064e+02 
 1.04999581e-05  6.32016900e+02 -3.23587708e-02 -1.72406553e+02 
 1.05002315e-05  6.32016882e+02 -3.17943842e-02 -1.97477366e+02 
 1.05005062e-05  6.32016863e+02 -3.11889532e-02 -2.22588160e+02 
 1.05007826e-05  6.32016845e+02 -3.05412977e-02 -2.47714773e+02 
 1.05010607e-05  6.32016827e+02 -2.98509549e-02 -2.72800611e+02 
 1.05013407e-05  6.32016810e+02 -2.91167625e-02 -2.97811958e+02 
 1.05016228e-05  6.32016793e+02 -2.83381192e-02 -3.22691233e+02 
 1.05019072e-05  6.32016776e+02 -2.75138400e-02 -3.47396033e+02 
 1.05021857e-05  6.32016760e+02 -2.66693325e-02 -3.71153307e+02 
 1.05024431e-05  6.32016745e+02 -2.58564261e-02 -3.92681326e+02 
 1.05026919e-05  6.32016732e+02 -2.50416607e-02 -4.13054492e+02 
 1.05029242e-05  6.32016720e+02 -2.42557485e-02 -4.31652053e+02 
 1.05031501e-05  6.32016708e+02 -2.34688765e-02 -4.49307248e+02 
 1.05033645e-05  6.32016698e+02 -2.27018434e-02 -4.65645687e+02 
 1.05035738e-05  6.32016688e+02 -2.19344701e-02 -4.81179085e+02 
 1.05037745e-05  6.32016679e+02 -2.11818632e-02 -4.95665025e+02 
 1.05039707e-05  6.32016670e+02 -2.04306382e-02 -5.09420027e+02 
 1.05041601e-05  6.32016662e+02 -1.96916069e-02 -5.22294781e+02 
 1.05043453e-05  6.32016654e+02 -1.89557641e-02 -5.34492352e+02 
 1.05045249e-05  6.32016647e+02 -1.82307364e-02 -5.45926153e+02 
 1.05047006e-05  6.32016640e+02 -1.75104478e-02 -5.56730116e+02 
 1.05048714e-05  6.32016634e+02 -1.68002682e-02 -5.66857610e+02 
 1.05050386e-05  6.32016628e+02 -1.60961315e-02 -5.76399212e+02 
 1.05052014e-05  6.32016623e+02 -1.54018363e-02 -5.85333170e+02 
 1.05053608e-05  6.32016618e+02 -1.47147037e-02 -5.93722632e+02 
 1.05055162e-05  6.32016613e+02 -1.40374434e-02 -6.01561174e+02 
 1.05056683e-05  6.32016609e+02 -1.33683336e-02 -6.08894545e+02 
 1.05058168e-05  6.32016604e+02 -1.27093327e-02 -6.15725654e+02 
 1.05059621e-05  6.32016601e+02 -1.20593792e-02 -6.22089193e+02 
 1.05061039e-05  6.32016597e+02 -1.14199170e-02 -6.27993657e+02 
 1.05062425e-05  6.32016594e+02 -1.07903415e-02 -6.33466701e+02 
 1.05063779e-05  6.32016591e+02 -1.01717483e-02 -6.38520089e+02 
 1.05065101e-05  6.32016588e+02 -9.56385193e-03 -6.43176987e+02 
 1.05066391e-05  6.32016585e+02 -8.96751718e-03 -6.47451015e+02 
 1.05067651e-05  6.32016583e+02 -8.38268556e-03 -6.51362470e+02 
 1.05068878e-05  6.32016581e+02 -7.81007545e-03 -6.54925979e+02 
 1.05070074e-05  6.32016579e+02 -7.24979578e-03 -6.58160003e+02 
 1.05071238e-05  6.32016577e+02 -6.70248151e-03 -6.61079679e+02 
 1.05072371e-05  6.32016576e+02 -6.16837369e-03 -6.63702294e+02 
 1.05073471e-05  6.32016574e+02 -5.64807344e-03 -6.66043218e+02 
 1.05074538e-05  6.32016573e+02 -5.14193800e-03 -6.68118988e+02 
 1.05075571e-05  6.32016572e+02 -4.65057859e-03 -6.69945063e+02 
 1.05076571e-05  6.32016571e+02 -4.17447020e-03 -6.71537514e+02 
 1.05077535e-05  6.32016570e+02 -3.71427990e-03 -6.72911825e+02 
 1.05078464e-05  6.32016570e+02 -3.27062191e-03 -6.74083795e+02 
 1.05079355e-05  6.32016569e+02 -2.84427694e-03 -6.75068923e+02 
 1.05080207e-05  6.32016569e+02 -2.43604918e-03 -6.75882880e+02 
 1.05081019e-05  6.32016568e+02 -2.04692171e-03 -6.76541216e+02 
 1.05081788e-05  6.32016568e+02 -1.67799375e-03 -6.77059597e+02 
 1.05082512e-05  6.32016568e+02 -1.33061542e-03 -6.77453695e+02 
 1.05083187e-05  6.32016568e+02 -1.00641378e-03 -6.77739323e+02 
 1.05083809e-05  6.32016567e+02 -7.07482866e-04 -6.77932429e+02 
 1.05084307e-05  6.32016567e+02 -4.68718071e-04 -6.78038266e+02 
 1.05084702e-05  6.32016567e+02 -2.78793897e-04 -6.78091767e+02 
 1.05085012e-05  6.32016567e+02 -1.29752078e-04 -6.78114712e+02 
 1.05085291e-05  6.32016567e+02  4.09910851e-06 -6.78121050e+02 
 1.05085586e-05  6.32016567e+02  1.45736576e-04 -6.78113052e+02 
 1.05085880e-05  6.32016567e+02  2.87119675e-04 -6.78089989e+02 
 1.05086309e-05  6.32016567e+02  4.93246061e-04 -6.78029370e+02 
 1.05086756e-05  6.32016567e+02  7.08179643e-04 -6.77932049e+02 
 1.05087317e-05  6.32016568e+02  9.77379268e-04 -6.77761021e+02 
 1.05087893e-05  6.32016568e+02  1.25411097e-03 -6.77528228e+02 
 1.05088554e-05  6.32016568e+02  1.57144880e-03 -6.77190133e+02 
 1.05089233e-05  6.32016568e+02  1.89718917e-03 -6.76763973e+02 
 1.05089979e-05  6.32016568e+02  2.25504398e-03 -6.76203317e+02 
 1.05090747e-05  6.32016569e+02  2.62272181e-03 -6.75526291e+02 
 1.05091570e-05  6.32016569e+02  3.01693666e-03 -6.74686524e+02 
 1.05092417e-05  6.32016570e+02  3.42194812e-03 -6.73700790e+02 
 1.05093312e-05  6.32016571e+02  3.84946748e-03 -6.72524749e+02 
 1.05094232e-05  6.32016571e+02  4.28827098e-03 -6.71172520e+02 
 1.05095195e-05  6.32016572e+02  4.74654531e-03 -6.69602816e+02 
 1.05096183e-05  6.32016573e+02  5.21624133e-03 -6.67826419e+02 
 1.05097210e-05  6.32016575e+02  5.70305918e-03 -6.65805486e+02 
 1.05098263e-05  6.32016576e+02  6.20119178e-03 -6.63547247e+02 
 1.05099352e-05  6.32016577e+02  6.71457909e-03 -6.61017306e+02 
 1.05100467e-05  6.32016579e+02  7.23900008e-03 -6.58219431e+02 
 1.05101616e-05  6.32016581e+02  7.77714627e-03 -6.55122434e+02 
 1.05102792e-05  6.32016583e+02  8.32591971e-03 -6.51726875e+02 
 1.05103999e-05  6.32016585e+02  8.88712517e-03 -6.48004404e+02 
 1.05105234e-05  6.32016588e+02  9.45846010e-03 -6.43952701e+02 
 1.05106500e-05  6.32016590e+02  1.00410985e-02 -6.39545819e+02 
 1.05107794e-05  6.32016593e+02  1.06333004e-02 -6.34778891e+02 
 1.05109119e-05  6.32016596e+02  1.12357905e-02 -6.29627923e+02 
 1.05110472e-05  6.32016599e+02  1.18472259e-02 -6.24085794e+02 
 1.05111855e-05  6.32016603e+02  1.24680099e-02 -6.18130011e+02 
 1.05113268e-05  6.32016607e+02  1.30970792e-02 -6.11751441e+02 
 1.05114712e-05  6.32016611e+02  1.37346061e-02 -6.04928636e+02 
 1.05116185e-05  6.32016615e+02  1.43797227e-02 -5.97650606e+02 
 1.05117691e-05  6.32016620e+02  1.50324347e-02 -5.89896494e+02 
 1.05119228e-05  6.32016625e+02  1.56920099e-02 -5.81653500e+02 
 1.05120798e-05  6.32016630e+02  1.63583329e-02 -5.72900874e+02 
 1.05122402e-05  6.32016636e+02  1.70307649e-02 -5.63623927e+02 
 1.05124040e-05  6.32016642e+02  1.77091018e-02 -5.53801462e+02 
 1.05125714e-05  6.32016649e+02  1.83927688e-02 -5.43416651e+02 
 1.05127425e-05  6.32016655e+02  1.90814975e-02 -5.32447166e+02 
 1.05129174e-05  6.32016663e+02  1.97747573e-02 -5.20873548e+02 
 1.05130964e-05  6.32016670e+02  2.04722343e-02 -5.08671424e+02 
 1.05132797e-05  6.32016678e+02  2.11734311e-02 -4.95817850e+02 
 1.05134674e-05  6.32016687e+02  2.18780056e-02 -4.82285087e+02 
 1.05136598e-05  6.32016696e+02  2.25854908e-02 -4.68045262e+02 
 1.05138573e-05  6.32016706e+02  2.32955358e-02 -4.53065216e+02 
 1.05140602e-05  6.32016716e+02  2.40077126e-02 -4.37309670e+02 
 1.05142690e-05  6.32016727e+02  2.47216905e-02 -4.20736626e+02 
 1.05144841e-05  6.32016738e+02  2.54371080e-02 -4.03298958e+02 
 1.05147062e-05  6.32016750e+02  2.61537069e-02 -3.84939640e+02 
 1.05149361e-05  6.32016763e+02  2.68712600e-02 -3.65591165e+02 
 1.05151747e-05  6.32016777e+02  2.75896936e-02 -3.45169096e+02 
 1.05154233e-05  6.32016792e+02  2.83090832e-02 -3.23567255e+02 
 1.05156834e-05  6.32016808e+02  2.90298205e-02 -3.00645410e+02 
 1.05159574e-05  6.32016825e+02  2.97527585e-02 -2.76212611e+02 
 1.05162454e-05  6.32016843e+02  3.04724948e-02 -2.50258676e+02 
 1.05165229e-05  6.32016862e+02  3.11267029e-02 -2.25043127e+02 
 1.05168064e-05  6.32016881e+02  3.17546957e-02 -1.99139902e+02 
 1.05170799e-05  6.32016899e+02  3.23218728e-02 -1.74060120e+02 
 1.05173572e-05  6.32016918e+02  3.28579599e-02 -1.48598481e+02 
 1.05176275e-05  6.32016938e+02  3.33426963e-02 -1.23797718e+02 
 1.05179003e-05  6.32016957e+02  3.37944329e-02 -9.88155579e+01 
 1.05181682e-05  6.32016976e+02  3.42011037e-02 -7.43958157e+01 
 1.05184377e-05  6.32016996e+02  3.45738066e-02 -4.99640369e+01 
 1.05187035e-05  6.32017016e+02  3.49056768e-02 -2.60497258e+01 
 1.05189705e-05  6.32017036e+02  3.52035729e-02 -2.25210698e+00 
 1.05192346e-05  6.32017055e+02  3.54638229e-02  2.10497148e+01 
 1.05194995e-05  6.32017076e+02  3.56906295e-02  4.41308176e+01 
 1.05197623e-05  6.32017096e+02  3.58823541e-02  6.67262884e+01 
 1.05200255e-05  6.32017116e+02  3.60415662e-02  8.90216563e+01 
 1.05202872e-05  6.32017136e+02  3.61678234e-02  1.10832587e+02 
 1.05205492e-05  6.32017156e+02  3.62627316e-02  1.32282925e+02 
 1.05208101e-05  6.32017176e+02  3.63265250e-02  1.53244770e+02 
 1.05210712e-05  6.32017196e+02  3.63602595e-02  1.73800128e+02 
 1.05213315e-05  6.32017216e+02  3.63645313e-02  1.93860581e+02 
 1.05215921e-05  6.32017237e+02  3.63400947e-02  2.13480132e+02 
 1.05218522e-05  6.32017257e+02  3.62877215e-02  2.32597998e+02 
 1.05221124e-05  6.32017277e+02  3.62080102e-02  2.51249706e+02 
 1.05223724e-05  6.32017297e+02  3.61018000e-02  2.69393943e+02 
 1.05226297e-05  6.32017316e+02  3.59712877e-02  2.86852886e+02 
 1.05228857e-05  6.32017336e+02  3.58169568e-02  3.03738055e+02 
 1.05231393e-05  6.32017355e+02  3.56407620e-02  3.19972430e+02 
 1.05233920e-05  6.32017374e+02  3.54428212e-02  3.35656852e+02 
 1.05236429e-05  6.32017393e+02  3.52247829e-02  3.50747424e+02 
 1.05238932e-05  6.32017412e+02  3.49866876e-02  3.65314310e+02 
 1.05241423e-05  6.32017430e+02  3.47299568e-02  3.79330152e+02 
 1.05243909e-05  6.32017449e+02  3.44546497e-02  3.92843680e+02 
 1.05246388e-05  6.32017467e+02  3.41619822e-02  4.05839381e+02 
 1.05248864e-05  6.32017485e+02  3.38520490e-02  4.18352445e+02 
 1.05251335e-05  6.32017502e+02  3.35258808e-02  4.30375686e+02 
 1.05253806e-05  6.32017520e+02  3.31836087e-02  4.41935460e+02 
 1.05256274e-05  6.32017537e+02  3.28261047e-02  4.53030166e+02 
 1.05258744e-05  6.32017554e+02  3.24535321e-02  4.63680295e+02 
 1.05261214e-05  6.32017571e+02  3.20666297e-02  4.73887942e+02 
 1.05263686e-05  6.32017588e+02  3.16655852e-02  4.83669708e+02 
 1.05266160e-05  6.32017605e+02  3.12510266e-02  4.93030131e+02 
 1.05268639e-05  6.32017621e+02  3.08231568e-02  5.01983244e+02 
 1.05271122e-05  6.32017637e+02  3.03825114e-02  5.10535206e+02 
 1.05273610e-05  6.32017653e+02  2.99292999e-02  5.18698364e+02 
 1.05276104e-05  6.32017669e+02  2.94639799e-02  5.26479950e+02 
 1.05278606e-05  6.32017684e+02  2.89867598e-02  5.33891218e+02 
 1.05281114e-05  6.32017700e+02  2.84980306e-02  5.40940112e+02 
 1.05283632e-05  6.32017715e+02  2.79979927e-02  5.47637181e+02 
 1.05286159e-05  6.32017730e+02  2.74869791e-02  5.53990844e+02 
 1.05288695e-05  6.32017745e+02  2.69651765e-02  5.60011201e+02 
 1.05291243e-05  6.32017759e+02  2.64328657e-02  5.65706990e+02 
 1.05293803e-05  6.32017773e+02  2.58902145e-02  5.71088028e+02 
 1.05296374e-05  6.32017787e+02  2.53374560e-02  5.76163268e+02 
 1.05298960e-05  6.32017801e+02  2.47747346e-02  5.80942350e+02 
 1.05301559e-05  6.32017815e+02  2.42022375e-02  5.85434368e+02 
 1.05304174e-05  6.32017828e+02  2.36200815e-02  5.89648854e+02 
 1.05306804e-05  6.32017841e+02  2.30284092e-02  5.93594996e+02 
 1.05309452e-05  6.32017854e+02  2.24273052e-02  5.97282252e+02 
 1.05312117e-05  6.32017866e+02  2.18168668e-02  6.00719867e+02 
 1.05314801e-05  6.32017879e+02  2.11971423e-02  6.03917249e+02 
 1.05317505e-05  6.32017891e+02  2.05681820e-02  6.06883667e+02 
 1.05320231e-05  6.32017902e+02  1.99299929e-02  6.09628487e+02 
 1.05322978e-05  6.32017914e+02  1.92825757e-02  6.12160979e+02 
 1.05325749e-05  6.32017925e+02  1.86258911e-02  6.14490461e+02 
 1.05328544e-05  6.32017936e+02  1.79598860e-02  6.16626183e+02 
 1.05331366e-05  6.32017946e+02  1.72844692e-02  6.18577403e+02 
 1.05334215e-05  6.32017957e+02  1.65995300e-02  6.20353322e+02 
 1.05337093e-05  6.32017967e+02  1.59049197e-02  6.21963126e+02 
 1.05340002e-05  6.32017976e+02  1.52004655e-02  6.23415936e+02 
 1.05342942e-05  6.32017986e+02  1.44859572e-02  6.24720835e+02 
 1.05345917e-05  6.32017995e+02  1.37611584e-02  6.25886832e+02 
 1.05348927e-05  6.32018003e+02  1.30257978e-02  6.26922872e+02 
 1.05351975e-05  6.32018011e+02  1.22795806e-02  6.27837802e+02 
 1.05355053e-05  6.32018019e+02  1.15247112e-02  6.28637895e+02 
 1.05358110e-05  6.32018026e+02  1.07736366e-02  6.29322108e+02 
 1.05361163e-05  6.32018033e+02  1.00222423e-02  6.29907318e+02 
 1.05364178e-05  6.32018039e+02  9.27963732e-03  6.30399231e+02 
 1.05367159e-05  6.32018045e+02  8.54429573e-03  6.30811599e+02 
 1.05370075e-05  6.32018050e+02  7.82470343e-03  6.31151796e+02 
 1.05372911e-05  6.32018055e+02  7.12418500e-03  6.31430153e+02 
 1.05375624e-05  6.32018058e+02  6.45364003e-03  6.31653782e+02 
 1.05378170e-05  6.32018062e+02  5.82405516e-03  6.31830253e+02 
 1.05380099e-05  6.32018064e+02  5.34699449e-03  6.31944767e+02 
 1.05380529e-05  6.32018065e+02  5.24069479e-03  6.31968206e+02 
 1.05381175e-05  6.32018065e+02  5.08075911e-03  6.32002114e+02 
 1.05381773e-05  6.32018066e+02  4.93279870e-03  6.32032072e+02 
 1.05382582e-05  6.32018067e+02  4.73267814e-03  6.32070504e+02 
 1.05383532e-05  6.32018068e+02  4.49754301e-03  6.32112716e+02 
 1.05384194e-05  6.32018068e+02  4.33378839e-03  6.32140306e+02 
 1.05385210e-05  6.32018069e+02  4.08221801e-03  6.32179927e+02 
 1.05386404e-05  6.32018070e+02  3.78674864e-03  6.32222382e+02 
 1.05387659e-05  6.32018071e+02  3.47618995e-03  6.32262513e+02 
 1.05388507e-05  6.32018072e+02  3.26631900e-03  6.32287156e+02 
 1.05389723e-05  6.32018073e+02  2.96506487e-03  6.32319215e+02 
 1.05391147e-05  6.32018073e+02  2.61271395e-03  6.32352009e+02 
 1.05391851e-05  6.32018074e+02  2.43840776e-03  6.32366440e+02 
 1.05393011e-05  6.32018074e+02  2.15103303e-03  6.32387754e+02 
 1.05395332e-05  6.32018075e+02  1.57624871e-03  6.32421598e+02 
 1.05395813e-05  6.32018075e+02  1.45721298e-03  6.32427192e+02 
 1.05396763e-05  6.32018076e+02  1.22197154e-03  6.32436869e+02 
 1.05398121e-05  6.32018076e+02  8.85651238e-04  6.32447595e+02 
 1.05399166e-05  6.32018076e+02  6.26871176e-04  6.32453408e+02 
 1.05399849e-05  6.32018076e+02  4.57709305e-04  6.32456080e+02 
 1.05400463e-05  6.32018076e+02  3.05597131e-04  6.32457730e+02 
 1.05401057e-05  6.32018076e+02  1.58512817e-04  6.32458653e+02 
 1.05401710e-05  6.32018076e+02 -3.24234499e-06  6.32458911e+02 
 1.05402434e-05  6.32018076e+02 -1.82403679e-04  6.32458275e+02 
 1.05403276e-05  6.32018076e+02 -3.91034052e-04  6.32456319e+02 
 1.05404076e-05  6.32018076e+02 -5.89214710e-04  6.32453248e+02 
 1.05405036e-05  6.32018076e+02 -8.26798161e-04  6.32448001e+02 
 1.05405996e-05  6.32018076e+02 -1.06450619e-03  6.32441022e+02 
 1.05407552e-05  6.32018075e+02 -1.45003271e-03  6.32425947e+02 
 1.05408080e-05  6.32018075e+02 -1.58060408e-03  6.32419757e+02 
 1.05409134e-05  6.32018075e+02 -1.84174094e-03  6.32405682e+02 
 1.05410196e-05  6.32018074e+02 -2.10474953e-03  6.32389151e+02 
 1.05411303e-05  6.32018074e+02 -2.37870449e-03  6.32369318e+02 
 1.05412374e-05  6.32018073e+02 -2.64408757e-03  6.32347453e+02 
 1.05413594e-05  6.32018073e+02 -2.94590857e-03  6.32319262e+02 
 1.05415199e-05  6.32018072e+02 -3.34326328e-03  6.32276444e+02 
 1.05415922e-05  6.32018071e+02 -3.52243462e-03  6.32254895e+02 
 1.05416963e-05  6.32018070e+02 -3.77998400e-03  6.32221349e+02 
 1.05417956e-05  6.32018069e+02 -4.02580497e-03  6.32186378e+02 
 1.05418633e-05  6.32018069e+02 -4.19330224e-03  6.32160822e+02 
 1.05419299e-05  6.32018068e+02 -4.35816481e-03  6.32134248e+02 
 1.05419883e-05  6.32018068e+02 -4.50284036e-03  6.32109730e+02 
 1.05420490e-05  6.32018067e+02 -4.65290155e-03  6.32083079e+02 
 1.05420995e-05  6.32018067e+02 -4.77779275e-03  6.32059924e+02 
 1.05421517e-05  6.32018066e+02 -4.90704557e-03  6.32035003e+02 
 1.05422034e-05  6.32018065e+02 -5.03490606e-03  6.32009367e+02 
 1.05422609e-05  6.32018065e+02 -5.17717151e-03  6.31979662e+02 
 1.05423273e-05  6.32018064e+02 -5.34147993e-03  6.31943760e+02 
 1.05423989e-05  6.32018063e+02 -5.51860837e-03  6.31903080e+02 
 1.05424760e-05  6.32018062e+02 -5.70920053e-03  6.31856934e+02 
 1.05425560e-05  6.32018061e+02 -5.90703292e-03  6.31806330e+02 
 1.05426402e-05  6.32018060e+02 -6.11538465e-03  6.31749937e+02 
 1.05427270e-05  6.32018059e+02 -6.32989847e-03  6.31688413e+02 
 1.05428176e-05  6.32018058e+02 -6.55393606e-03  6.31620244e+02 
 1.05429105e-05  6.32018057e+02 -6.78360746e-03  6.31546025e+02 
 1.05430070e-05  6.32018055e+02 -7.02197883e-03  6.31464138e+02 
 1.05431056e-05  6.32018054e+02 -7.26563815e-03  6.31375083e+02 
 1.05432075e-05  6.32018052e+02 -7.51744815e-03  6.31277091e+02 
 1.05433115e-05  6.32018050e+02 -7.77430019e-03  6.31170597e+02 
 1.05434187e-05  6.32018049e+02 -8.03891929e-03  6.31053633e+02 
 1.05435279e-05  6.32018047e+02 -8.30849598e-03  6.30926538e+02 
 1.05437463e-05  6.32018043e+02 -8.84740078e-03  6.30646805e+02 
 1.05439794e-05  6.32018038e+02 -9.42205840e-03  6.30307617e+02 
 1.05442305e-05  6.32018033e+02 -1.00405057e-02  6.29890484e+02 
 1.05445637e-05  6.32018026e+02 -1.08602529e-02  6.29244430e+02 
 1.05448757e-05  6.32018018e+02 -1.16268096e-02  6.28532129e+02 
 1.05452301e-05  6.32018009e+02 -1.24957628e-02  6.27581150e+02 
 1.05455522e-05  6.32018000e+02 -1.32837180e-02  6.26570076e+02 
 1.05458907e-05  6.32017990e+02 -1.41097634e-02  6.25339027e+02 
 1.05462044e-05  6.32017981e+02 -1.48730594e-02  6.24027640e+02 
 1.05465269e-05  6.32017970e+02 -1.56551034e-02  6.22491281e+02 
 1.05468321e-05  6.32017960e+02 -1.63927242e-02  6.20844488e+02 
 1.05471423e-05  6.32017949e+02 -1.71392808e-02  6.18962223e+02 
 1.05474403e-05  6.32017938e+02 -1.78531341e-02  6.16939785e+02 
 1.05477408e-05  6.32017926e+02 -1.85693449e-02  6.14671022e+02 
 1.05480322e-05  6.32017914e+02 -1.92602140e-02  6.12234095e+02 
 1.05483245e-05  6.32017902e+02 -1.99490073e-02  6.09539583e+02 
 1.05486100e-05  6.32017890e+02 -2.06172480e-02  6.06650314e+02 
 1.05488953e-05  6.32017877e+02 -2.12804574e-02  6.03491399e+02 
 1.05491754e-05  6.32017864e+02 -2.19262600e-02  6.00112368e+02 
 1.05494548e-05  6.32017851e+02 -2.25650244e-02  5.96450785e+02 
 1.05497300e-05  6.32017837e+02 -2.31884189e-02  5.92544933e+02 
 1.05500042e-05  6.32017824e+02 -2.38033591e-02  5.88342884e+02 
 1.05502750e-05  6.32017810e+02 -2.44042014e-02  5.83873566e+02 
 1.05505447e-05  6.32017796e+02 -2.49955353e-02  5.79093805e+02 
 1.05508116e-05  6.32017781e+02 -2.55735067e-02  5.74024856e+02 
 1.05510772e-05  6.32017767e+02 -2.61411310e-02  5.68630749e+02 
 1.05513406e-05  6.32017752e+02 -2.66957444e-02  5.62926527e+02 
 1.05516028e-05  6.32017737e+02 -2.72392919e-02  5.56882100e+02 
 1.05518631e-05  6.32017722e+02 -2.77698994e-02  5.50507534e+02 
 1.05521223e-05  6.32017706e+02 -2.82887790e-02  5.43777498e+02 
 1.05523799e-05  6.32017691e+02 -2.87945774e-02  5.36698116e+02 
 1.05526364e-05  6.32017675e+02 -2.92880020e-02  5.29247889e+02 
 1.05528916e-05  6.32017659e+02 -2.97680384e-02  5.21429839e+02 
 1.05531459e-05  6.32017642e+02 -3.02350427e-02  5.13225536e+02 
 1.05533992e-05  6.32017626e+02 -3.06882169e-02  5.04635586e+02 
 1.05536516e-05  6.32017609e+02 -3.11276689e-02  4.95643995e+02 
 1.05539031e-05  6.32017593e+02 -3.15527337e-02  4.86249492e+02 
 1.05541541e-05  6.32017576e+02 -3.19633396e-02  4.76438006e+02 
 1.05544043e-05  6.32017559e+02 -3.23588978e-02  4.66206804e+02 
 1.05546540e-05  6.32017541e+02 -3.27392021e-02  4.55543307e+02 
 1.05549033e-05  6.32017524e+02 -3.31036998e-02  4.44443629e+02 
 1.05551523e-05  6.32017506e+02 -3.34520792e-02  4.32896314e+02 
 1.05554010e-05  6.32017488e+02 -3.37837946e-02  4.20896531e+02 
 1.05556495e-05  6.32017470e+02 -3.40984459e-02  4.08433616e+02 
 1.05558980e-05  6.32017452e+02 -3.43954721e-02  3.95501907e+02 
 1.05561465e-05  6.32017434e+02 -3.46743927e-02  3.82091214e+02 
 1.05563952e-05  6.32017416e+02 -3.49346124e-02  3.68195057e+02 
 1.05566442e-05  6.32017397e+02 -3.51755711e-02  3.53803384e+02 
 1.05568935e-05  6.32017378e+02 -3.53966205e-02  3.38908797e+02 
 1.05571435e-05  6.32017360e+02 -3.55971145e-02  3.23500980e+02 
 1.05573940e-05  6.32017341e+02 -3.57763315e-02  3.07571377e+02 
 1.05576454e-05  6.32017321e+02 -3.59335245e-02  2.91108893e+02 
 1.05578978e-05  6.32017302e+02 -3.60678726e-02  2.74103361e+02 
 1.05581514e-05  6.32017283e+02 -3.61785035e-02  2.56542178e+02 
 1.05584064e-05  6.32017263e+02 -3.62644605e-02  2.38412804e+02 
 1.05586630e-05  6.32017243e+02 -3.63247054e-02  2.19700030e+02 
 1.05589214e-05  6.32017223e+02 -3.63580915e-02  2.00387648e+02 
 1.05591821e-05  6.32017203e+02 -3.63633491e-02  1.80456080e+02 
 1.05594452e-05  6.32017183e+02 -3.63390545e-02  1.59883222e+02 
 1.05597100e-05  6.32017162e+02 -3.62839272e-02  1.38742069e+02 
 1.05599743e-05  6.32017142e+02 -3.61976015e-02  1.17225051e+02 
 1.05602393e-05  6.32017121e+02 -3.60789811e-02  9.52431422e+01 
 1.05605039e-05  6.32017101e+02 -3.59280338e-02  7.29294734e+01 
 1.05607693e-05  6.32017081e+02 -3.57434505e-02  5.02023243e+01 
 1.05610346e-05  6.32017061e+02 -3.55252270e-02  2.71640212e+01 
 1.05613007e-05  6.32017041e+02 -3.52720061e-02  3.76259013e+00 
 1.05615670e-05  6.32017021e+02 -3.49837581e-02 -1.99177532e+01 
 1.05618342e-05  6.32017001e+02 -3.46591643e-02 -4.39046974e+01 
 1.05621019e-05  6.32016981e+02 -3.42981275e-02 -6.81270967e+01 
 1.05623707e-05  6.32016962e+02 -3.38993905e-02 -9.25943915e+01 
 1.05626401e-05  6.32016943e+02 -3.34628334e-02 -1.17240537e+02 
 1.05629109e-05  6.32016923e+02 -3.29869900e-02 -1.42075191e+02 
 1.05631825e-05  6.32016905e+02 -3.24719947e-02 -1.67019247e+02 
 1.05634557e-05  6.32016886e+02 -3.19162929e-02 -1.92076495e+02 
 1.05637300e-05  6.32016867e+02 -3.13198652e-02 -2.17175346e+02 
 1.05640061e-05  6.32016849e+02 -3.06812490e-02 -2.42304570e+02 
 1.05642837e-05  6.32016831e+02 -3.00002470e-02 -2.67397593e+02 
 1.05645634e-05  6.32016814e+02 -2.92754710e-02 -2.92430051e+02 
 1.05648450e-05  6.32016796e+02 -2.85065377e-02 -3.17337525e+02 
 1.05651289e-05  6.32016779e+02 -2.76920872e-02 -3.42084385e+02 
 1.05654138e-05  6.32016763e+02 -2.68360323e-02 -3.66481696e+02 
 1.05656720e-05  6.32016748e+02 -2.60271700e-02 -3.88166442e+02 
 1.05659257e-05  6.32016735e+02 -2.52025053e-02 -4.09029649e+02 
 1.05661587e-05  6.32016722e+02 -2.44193463e-02 -4.27770626e+02 
 1.05663879e-05  6.32016711e+02 -2.36258106e-02 -4.45770317e+02 
 1.05666028e-05  6.32016700e+02 -2.28607261e-02 -4.62241293e+02 
 1.05668145e-05  6.32016690e+02 -2.20886387e-02 -4.78034731e+02 
 1.05670158e-05  6.32016681e+02 -2.13371172e-02 -4.92650216e+02 
 1.05672138e-05  6.32016672e+02 -2.05822787e-02 -5.06614406e+02 
 1.05674038e-05  6.32016664e+02 -1.98435793e-02 -5.19616007e+02 
 1.05675905e-05  6.32016656e+02 -1.91047830e-02 -5.31988962e+02 
 1.05677707e-05  6.32016649e+02 -1.83794935e-02 -5.43545292e+02 
 1.05679476e-05  6.32016642e+02 -1.76566520e-02 -5.54500595e+02 
 1.05681191e-05  6.32016635e+02 -1.69457482e-02 -5.64745015e+02 
 1.05682873e-05  6.32016630e+02 -1.62392881e-02 -5.74419990e+02 
 1.05684508e-05  6.32016624e+02 -1.55439022e-02 -5.83464518e+02 
 1.05686110e-05  6.32016619e+02 -1.48545592e-02 -5.91973293e+02 
 1.05687671e-05  6.32016614e+02 -1.41759098e-02 -5.99915661e+02 
 1.05689201e-05  6.32016610e+02 -1.35046227e-02 -6.07356831e+02 
 1.05690692e-05  6.32016605e+02 -1.28439816e-02 -6.14284864e+02 
 1.05692152e-05  6.32016601e+02 -1.21918281e-02 -6.20746372e+02 
 1.05693576e-05  6.32016598e+02 -1.15505069e-02 -6.26740833e+02 
 1.05694970e-05  6.32016595e+02 -1.09186686e-02 -6.32303144e+02 
 1.05696330e-05  6.32016591e+02 -1.02980182e-02 -6.37439653e+02 
 1.05697659e-05  6.32016589e+02 -9.68776633e-03 -6.42177880e+02 
 1.05698955e-05  6.32016586e+02 -9.08918737e-03 -6.46528237e+02 
 1.05700221e-05  6.32016584e+02 -8.50188298e-03 -6.50513608e+02 
 1.05701455e-05  6.32016582e+02 -7.92684487e-03 -6.54146748e+02 
 1.05702658e-05  6.32016580e+02 -7.36395324e-03 -6.57447635e+02 
 1.05703829e-05  6.32016578e+02 -6.81402306e-03 -6.60430336e+02 
 1.05704968e-05  6.32016576e+02 -6.27714137e-03 -6.63113012e+02 
 1.05706074e-05  6.32016575e+02 -5.75402542e-03 -6.65510433e+02 
 1.05707148e-05  6.32016574e+02 -5.24492768e-03 -6.67639631e+02 
 1.05708189e-05  6.32016572e+02 -4.75053139e-03 -6.69515739e+02 
 1.05709196e-05  6.32016571e+02 -4.27123825e-03 -6.71155099e+02 
 1.05710167e-05  6.32016571e+02 -3.80775569e-03 -6.72573021e+02 
 1.05711103e-05  6.32016570e+02 -3.36064300e-03 -6.73785445e+02 
 1.05712002e-05  6.32016569e+02 -2.93069660e-03 -6.74807784e+02 
 1.05712863e-05  6.32016569e+02 -2.51867289e-03 -6.75655771e+02 
 1.05713683e-05  6.32016568e+02 -2.12554764e-03 -6.76344907e+02 
 1.05714461e-05  6.32016568e+02 -1.75236678e-03 -6.76890878e+02 
 1.05715195e-05  6.32016568e+02 -1.40044227e-03 -6.77309321e+02 
 1.05715880e-05  6.32016568e+02 -1.07131946e-03 -6.77616033e+02 
 1.05716514e-05  6.32016568e+02 -7.66991159e-04 -6.77826915e+02 
 1.05717026e-05  6.32016567e+02 -5.21198090e-04 -6.77946251e+02 
 1.05717438e-05  6.32016567e+02 -3.22936224e-04 -6.78009324e+02 
 1.05717769e-05  6.32016567e+02 -1.64235590e-04 -6.78038460e+02 
 1.05718049e-05  6.32016567e+02 -2.94294264e-05 -6.78048298e+02 
 1.05718335e-05  6.32016567e+02  1.07589655e-04 -6.78044262e+02 
 1.05718626e-05  6.32016567e+02  2.47479608e-04 -6.78025543e+02 
 1.05719022e-05  6.32016567e+02  4.37720060e-04 -6.77976416e+02 
 1.05719463e-05  6.32016568e+02  6.49741334e-04 -6.77889517e+02 
 1.05719997e-05  6.32016568e+02  9.06051351e-04 -6.77739211e+02 
 1.05720568e-05  6.32016568e+02  1.18022534e-03 -6.77523576e+02 
 1.05721209e-05  6.32016568e+02  1.48783208e-03 -6.77214119e+02 
 1.05721882e-05  6.32016568e+02  1.81093776e-03 -6.76812119e+02 
 1.05722612e-05  6.32016568e+02  2.16101002e-03 -6.76287496e+02 
 1.05723373e-05  6.32016569e+02  2.52583399e-03 -6.75642069e+02 
 1.05724183e-05  6.32016569e+02  2.91355764e-03 -6.74845545e+02 
 1.05725023e-05  6.32016570e+02  3.31556625e-03 -6.73899125e+02 
 1.05725907e-05  6.32016571e+02  3.73753199e-03 -6.72773409e+02 
 1.05726820e-05  6.32016571e+02  4.17327370e-03 -6.71468338e+02 
 1.05727772e-05  6.32016572e+02  4.62670465e-03 -6.69955978e+02 
 1.05728754e-05  6.32016573e+02  5.09334802e-03 -6.68234639e+02 
 1.05729771e-05  6.32016574e+02  5.57587569e-03 -6.66278070e+02 
 1.05730817e-05  6.32016576e+02  6.07101351e-03 -6.64082809e+02 
 1.05731897e-05  6.32016577e+02  6.58055432e-03 -6.61624300e+02 
 1.05733005e-05  6.32016579e+02  7.10207376e-03 -6.58897326e+02 
 1.05734145e-05  6.32016580e+02  7.63674059e-03 -6.55878908e+02 
 1.05735314e-05  6.32016582e+02  8.18273148e-03 -6.52562178e+02 
 1.05736514e-05  6.32016585e+02  8.74077132e-03 -6.48925539e+02 
 1.05737742e-05  6.32016587e+02  9.30946180e-03 -6.44960614e+02 
 1.05739000e-05  6.32016590e+02  9.88921125e-03 -6.40646951e+02 
 1.05740287e-05  6.32016592e+02  1.04789214e-02 -6.35974799e+02 
 1.05741603e-05  6.32016595e+02  1.10787740e-02 -6.30924599e+02 
 1.05742949e-05  6.32016599e+02  1.16878816e-02 -6.25485339e+02 
 1.05744325e-05  6.32016602e+02  1.23062630e-02 -6.19638081e+02 
 1.05745730e-05  6.32016606e+02  1.29331778e-02 -6.13370622e+02 
 1.05747165e-05  6.32016610e+02  1.35685264e-02 -6.06664362e+02 
 1.05748631e-05  6.32016614e+02  1.42116701e-02 -5.99505920e+02 
 1.05750129e-05  6.32016619e+02  1.48624224e-02 -5.91876722e+02 
 1.05751658e-05  6.32016624e+02  1.55202136e-02 -5.83762138e+02 
 1.05753219e-05  6.32016629e+02  1.61847927e-02 -5.75143264e+02 
 1.05754814e-05  6.32016635e+02  1.68556362e-02 -5.66004048e+02 
 1.05756443e-05  6.32016641e+02  1.75324446e-02 -5.56324817e+02 
 1.05758108e-05  6.32016647e+02  1.82147247e-02 -5.46087779e+02 
 1.05759809e-05  6.32016654e+02  1.89021408e-02 -5.35271913e+02 
 1.05761549e-05  6.32016661e+02  1.95942200e-02 -5.23857158e+02 
 1.05763328e-05  6.32016668e+02  2.02906008e-02 -5.11820336e+02 
 1.05765149e-05  6.32016676e+02  2.09908259e-02 -4.99138258e+02 
 1.05767014e-05  6.32016685e+02  2.16945189e-02 -4.85784388e+02 
 1.05768926e-05  6.32016694e+02  2.24012396e-02 -4.71731010e+02 
 1.05770888e-05  6.32016703e+02  2.31106111e-02 -4.56946343e+02 
 1.05772903e-05  6.32016713e+02  2.38222210e-02 -4.41395803e+02 
 1.05774975e-05  6.32016724e+02  2.45357156e-02 -4.25039204e+02 
 1.05777109e-05  6.32016735e+02  2.52507373e-02 -4.07830964e+02 
 1.05779312e-05  6.32016747e+02  2.59670014e-02 -3.89716816e+02 
 1.05781590e-05  6.32016760e+02  2.66842677e-02 -3.70632349e+02 
 1.05783952e-05  6.32016774e+02  2.74024194e-02 -3.50497994e+02 
 1.05786411e-05  6.32016788e+02  2.81214840e-02 -3.29214038e+02 
 1.05788981e-05  6.32016804e+02  2.88417583e-02 -3.06650379e+02 
 1.05791682e-05  6.32016821e+02  2.95639492e-02 -2.82631560e+02 
 1.05794543e-05  6.32016839e+02  3.02895062e-02 -2.56907995e+02 
 1.05797333e-05  6.32016857e+02  3.09572660e-02 -2.31614259e+02 
 1.05800165e-05  6.32016876e+02  3.15949113e-02 -2.05776284e+02 
 1.05802915e-05  6.32016894e+02  3.21752987e-02 -1.80576609e+02 
 1.05805687e-05  6.32016914e+02  3.27211289e-02 -1.55136076e+02 
 1.05808400e-05  6.32016933e+02  3.32175915e-02 -1.30229473e+02 
 1.05811128e-05  6.32016952e+02  3.36788967e-02 -1.05238895e+02 
 1.05813814e-05  6.32016971e+02  3.40962791e-02 -8.07183518e+01 
 1.05816509e-05  6.32016991e+02  3.44783730e-02 -5.62504689e+01 
 1.05819173e-05  6.32017011e+02  3.48202236e-02 -3.22333603e+01 
 1.05821843e-05  6.32017031e+02  3.51272549e-02 -8.37712709e+00 
 1.05824489e-05  6.32017050e+02  3.53968810e-02  1.50310389e+01 
 1.05827138e-05  6.32017070e+02  3.56325151e-02  3.81891250e+01 
 1.05829769e-05  6.32017090e+02  3.58330952e-02  6.08952762e+01 
 1.05832402e-05  6.32017110e+02  3.60007917e-02  8.32821098e+01 
 1.05835021e-05  6.32017131e+02  3.61354401e-02  1.05208256e+02 
 1.05837641e-05  6.32017151e+02  3.62384722e-02  1.26761435e+02 
 1.05840252e-05  6.32017171e+02  3.63102312e-02  1.47842864e+02 
 1.05842864e-05  6.32017191e+02  3.63517227e-02  1.68509941e+02 
 1.05845469e-05  6.32017211e+02  3.63635615e-02  1.88693878e+02 
 1.05848074e-05  6.32017231e+02  3.63465155e-02  2.08431952e+02 
 1.05850676e-05  6.32017251e+02  3.63013301e-02  2.27676580e+02 
 1.05853278e-05  6.32017272e+02  3.62286473e-02  2.46451879e+02 
 1.05855879e-05  6.32017292e+02  3.61292611e-02  2.64725365e+02 
 1.05858459e-05  6.32017311e+02  3.60048836e-02  2.82368796e+02 
 1.05861022e-05  6.32017331e+02  3.58567178e-02  2.99394319e+02 
 1.05863565e-05  6.32017350e+02  3.56860488e-02  3.15800851e+02 
 1.05866093e-05  6.32017369e+02  3.54937536e-02  3.31621168e+02 
 1.05868607e-05  6.32017388e+02  3.52808102e-02  3.46867665e+02 
 1.05871111e-05  6.32017407e+02  3.50479252e-02  3.61565620e+02 
 1.05873606e-05  6.32017426e+02  3.47959318e-02  3.75725402e+02 
 1.05876093e-05  6.32017444e+02  3.45254495e-02  3.89365801e+02 
 1.05878574e-05  6.32017462e+02  3.42372071e-02  4.02496209e+02 
 1.05881050e-05  6.32017480e+02  3.39317567e-02  4.15131924e+02 
 1.05883523e-05  6.32017498e+02  3.36097373e-02  4.27282199e+02 
 1.05885993e-05  6.32017515e+02  3.32716447e-02  4.38960250e+02 
 1.05888462e-05  6.32017533e+02  3.29180424e-02  4.50175315e+02 
 1.05890931e-05  6.32017550e+02  3.25493794e-02  4.60939235e+02 
 1.05893401e-05  6.32017567e+02  3.21661555e-02  4.71261231e+02 
 1.05895872e-05  6.32017584e+02  3.17687796e-02  4.81152229e+02 
 1.05898346e-05  6.32017600e+02  3.13576970e-02  4.90621433e+02 
 1.05900824e-05  6.32017617e+02  3.09332803e-02  4.99679166e+02 
 1.05903305e-05  6.32017633e+02  3.04959269e-02  5.08334630e+02 
 1.05905792e-05  6.32017649e+02  3.00459759e-02  5.16597757e+02 
 1.05908285e-05  6.32017665e+02  2.95837814e-02  5.24477753e+02 
 1.05910784e-05  6.32017680e+02  2.91096502e-02  5.31984305e+02 
 1.05913291e-05  6.32017696e+02  2.86238969e-02  5.39126633e+02 
 1.05915806e-05  6.32017711e+02  2.81267962e-02  5.45914272e+02 
 1.05918331e-05  6.32017726e+02  2.76186253e-02  5.52356463e+02 
 1.05920865e-05  6.32017741e+02  2.70996273e-02  5.58462652e+02 
 1.05923410e-05  6.32017755e+02  2.65700428e-02  5.64242102e+02 
 1.05925966e-05  6.32017770e+02  2.60300827e-02  5.69704212e+02 
 1.05928534e-05  6.32017784e+02  2.54799513e-02  5.74858266e+02 
 1.05931116e-05  6.32017798e+02  2.49198261e-02  5.79713640e+02 
 1.05933712e-05  6.32017811e+02  2.43498750e-02  5.84279636e+02 
 1.05936322e-05  6.32017824e+02  2.37702402e-02  5.88565619e+02 
 1.05938949e-05  6.32017838e+02  2.31810516e-02  5.92580907e+02 
 1.05941592e-05  6.32017850e+02  2.25824144e-02  5.96334854e+02 
 1.05944252e-05  6.32017863e+02  2.19744180e-02  5.99836785e+02 
 1.05946931e-05  6.32017875e+02  2.13571278e-02  6.03096046e+02 
 1.05949630e-05  6.32017888e+02  2.07305902e-02  6.06121956e+02 
 1.05952350e-05  6.32017899e+02  2.00948267e-02  6.08923844e+02 
 1.05955091e-05  6.32017911e+02  1.94498373e-02  6.11511013e+02 
 1.05957856e-05  6.32017922e+02  1.87955956e-02  6.13892761e+02 
 1.05960645e-05  6.32017933e+02  1.81320508e-02  6.16078360e+02 
 1.05963459e-05  6.32017944e+02  1.74591233e-02  6.18077061e+02 
 1.05966301e-05  6.32017954e+02  1.67767067e-02  6.19898082e+02 
 1.05969171e-05  6.32017964e+02  1.60846637e-02  6.21550611e+02 
 1.05972072e-05  6.32017974e+02  1.53828275e-02  6.23043785e+02 
 1.05975004e-05  6.32017983e+02  1.46709990e-02  6.24386697e+02 
 1.05977969e-05  6.32017992e+02  1.39489484e-02  6.25588376e+02 
 1.05980970e-05  6.32018001e+02  1.32164149e-02  6.26657779e+02 
 1.05984008e-05  6.32018009e+02  1.24731099e-02  6.27603781e+02 
 1.05987085e-05  6.32018017e+02  1.17187213e-02  6.28435156e+02 
 1.05990145e-05  6.32018024e+02  1.09672351e-02  6.29148018e+02 
 1.05993205e-05  6.32018031e+02  1.02145617e-02  6.29759293e+02 
 1.05996228e-05  6.32018038e+02  9.46986223e-03  6.30274371e+02 
 1.05999224e-05  6.32018044e+02  8.73131006e-03  6.30707340e+02 
 1.06002159e-05  6.32018049e+02  8.00709713e-03  6.31065613e+02 
 1.06005022e-05  6.32018053e+02  7.30002246e-03  6.31359801e+02 
 1.06007773e-05  6.32018057e+02  6.62018660e-03  6.31597218e+02 
 1.06010374e-05  6.32018061e+02  5.97723929e-03  6.31785767e+02 
 1.06012426e-05  6.32018063e+02  5.46957957e-03  6.31912735e+02 
 1.06012888e-05  6.32018064e+02  5.35525362e-03  6.31938880e+02 
 1.06013651e-05  6.32018065e+02  5.16661850e-03  6.31980155e+02 
 1.06014362e-05  6.32018066e+02  4.99067778e-03  6.32016626e+02 
 1.06015251e-05  6.32018067e+02  4.77079833e-03  6.32059564e+02 
 1.06016305e-05  6.32018068e+02  4.50984432e-03  6.32106881e+02 
 1.06017341e-05  6.32018069e+02  4.25367613e-03  6.32149669e+02 
 1.06018496e-05  6.32018070e+02  3.96764193e-03  6.32193384e+02 
 1.06019068e-05  6.32018070e+02  3.82617052e-03  6.32213489e+02 
 1.06020012e-05  6.32018071e+02  3.59247714e-03  6.32244597e+02 
 1.06021083e-05  6.32018072e+02  3.32728231e-03  6.32276856e+02 
 1.06022280e-05  6.32018072e+02  3.03103479e-03  6.32309254e+02 
 1.06023063e-05  6.32018073e+02  2.83706923e-03  6.32328476e+02 
 1.06024447e-05  6.32018074e+02  2.49450066e-03  6.32358769e+02 
 1.06025935e-05  6.32018074e+02  2.12596561e-03  6.32386392e+02 
 1.06026983e-05  6.32018075e+02  1.86645204e-03  6.32402897e+02 
 1.06027984e-05  6.32018075e+02  1.61868493e-03  6.32416469e+02 
 1.06029207e-05  6.32018076e+02  1.31590942e-03  6.32430245e+02 
 1.06030402e-05  6.32018076e+02  1.01981771e-03  6.32440811e+02 
 1.06031524e-05  6.32018076e+02  7.41923909e-04  6.32448177e+02 
 1.06032619e-05  6.32018076e+02  4.70769552e-04  6.32453032e+02 
 1.06033276e-05  6.32018076e+02  3.08218338e-04  6.32454851e+02 
 1.06033881e-05  6.32018076e+02  1.58325134e-04  6.32455812e+02 
 1.06034497e-05  6.32018076e+02  5.81378144e-06  6.32456088e+02 
 1.06035203e-05  6.32018076e+02 -1.69238028e-04  6.32455537e+02 
 1.06036069e-05  6.32018076e+02 -3.83582671e-04  6.32453605e+02 
 1.06036876e-05  6.32018076e+02 -5.83366210e-04  6.32450555e+02 
 1.06037885e-05  6.32018076e+02 -8.33362086e-04  6.32445032e+02 
 1.06038850e-05  6.32018076e+02 -1.07242644e-03  6.32437954e+02 
 1.06040571e-05  6.32018075e+02 -1.49861576e-03  6.32420877e+02 
 1.06041652e-05  6.32018075e+02 -1.76612386e-03  6.32407136e+02 
 1.06042640e-05  6.32018075e+02 -2.01083740e-03  6.32392442e+02 
 1.06043733e-05  6.32018074e+02 -2.28149646e-03  6.32373738e+02 
 1.06044985e-05  6.32018073e+02 -2.59148974e-03  6.32349016e+02 
 1.06046299e-05  6.32018073e+02 -2.91673915e-03  6.32319098e+02 
 1.06047733e-05  6.32018072e+02 -3.27183054e-03  6.32281509e+02 
 1.06048978e-05  6.32018071e+02 -3.58000536e-03  6.32244458e+02 
 1.06050483e-05  6.32018070e+02 -3.95244903e-03  6.32193825e+02 
 1.06052102e-05  6.32018068e+02 -4.35333456e-03  6.32131643e+02 
 1.06053738e-05  6.32018067e+02 -4.75798954e-03  6.32060142e+02 
 1.06054119e-05  6.32018066e+02 -4.85226361e-03  6.32042140e+02 
 1.06054464e-05  6.32018066e+02 -4.93771113e-03  6.32025369e+02 
 1.06054727e-05  6.32018066e+02 -5.00270340e-03  6.32012318e+02 
 1.06055002e-05  6.32018065e+02 -5.07072674e-03  6.31998381e+02 
 1.06055433e-05  6.32018065e+02 -5.17753689e-03  6.31975919e+02 
 1.06056127e-05  6.32018064e+02 -5.34903020e-03  6.31938338e+02 
 1.06057090e-05  6.32018063e+02 -5.58734581e-03  6.31882901e+02 
 1.06058288e-05  6.32018061e+02 -5.88361559e-03  6.31808523e+02 
 1.06059525e-05  6.32018060e+02 -6.18944614e-03  6.31725028e+02 
 1.06060703e-05  6.32018058e+02 -6.48073674e-03  6.31638768e+02 
 1.06062056e-05  6.32018056e+02 -6.81523539e-03  6.31531099e+02 
 1.06063047e-05  6.32018055e+02 -7.05996347e-03  6.31446147e+02 
 1.06064060e-05  6.32018053e+02 -7.31021744e-03  6.31353585e+02 
 1.06064987e-05  6.32018052e+02 -7.53921986e-03  6.31263602e+02 
 1.06066061e-05  6.32018050e+02 -7.80447804e-03  6.31152765e+02 
 1.06067090e-05  6.32018048e+02 -8.05863826e-03  6.31039594e+02 
 1.06068235e-05  6.32018046e+02 -8.34115035e-03  6.30905391e+02 
 1.06070524e-05  6.32018042e+02 -8.90589840e-03  6.30608732e+02 
 1.06073015e-05  6.32018037e+02 -9.51989996e-03  6.30239402e+02 
 1.06075514e-05  6.32018032e+02 -1.01355019e-02  6.29814866e+02 
 1.06078590e-05  6.32018025e+02 -1.08922360e-02  6.29209906e+02 
 1.06081869e-05  6.32018017e+02 -1.16975365e-02  6.28453006e+02 
 1.06085236e-05  6.32018009e+02 -1.25230401e-02  6.27540205e+02 
 1.06088581e-05  6.32017999e+02 -1.33412431e-02  6.26481036e+02 
 1.06091854e-05  6.32017990e+02 -1.41398521e-02  6.25280571e+02 
 1.06095073e-05  6.32017980e+02 -1.49229229e-02  6.23924788e+02 
 1.06098224e-05  6.32017970e+02 -1.56870002e-02  6.22412339e+02 
 1.06101330e-05  6.32017959e+02 -1.64373573e-02  6.20725455e+02 
 1.06104383e-05  6.32017948e+02 -1.71718874e-02  6.18860950e+02 
 1.06107398e-05  6.32017937e+02 -1.78939655e-02  6.16802264e+02 
 1.06110369e-05  6.32017925e+02 -1.86020101e-02  6.14545551e+02 
 1.06113307e-05  6.32017914e+02 -1.92981610e-02  6.12075696e+02 
 1.06116207e-05  6.32017901e+02 -1.99813199e-02  6.09388074e+02 
 1.06119077e-05  6.32017889e+02 -2.06528947e-02  6.06468676e+02 
 1.06121915e-05  6.32017876e+02 -2.13121390e-02  6.03312081e+02 
 1.06124726e-05  6.32017863e+02 -2.19599765e-02  5.99905200e+02 
 1.06127508e-05  6.32017850e+02 -2.25958813e-02  5.96241939e+02 
 1.06130267e-05  6.32017837e+02 -2.32204383e-02  5.92310017e+02 
 1.06133001e-05  6.32017823e+02 -2.38332525e-02  5.88102813e+02 
 1.06135714e-05  6.32017809e+02 -2.44346672e-02  5.83608760e+02 
 1.06138405e-05  6.32017795e+02 -2.50243607e-02  5.78820832e+02 
 1.06141076e-05  6.32017781e+02 -2.56025014e-02  5.73728086e+02 
 1.06143729e-05  6.32017766e+02 -2.61688044e-02  5.68323206e+02 
 1.06146365e-05  6.32017751e+02 -2.67233080e-02  5.62595794e+02 
 1.06148984e-05  6.32017736e+02 -2.72657405e-02  5.56538333e+02 
 1.06151588e-05  6.32017721e+02 -2.77960411e-02  5.50140904e+02 
 1.06154177e-05  6.32017705e+02 -2.83139351e-02  5.43395868e+02 
 1.06156753e-05  6.32017690e+02 -2.88192837e-02  5.36293725e+02 
 1.06159317e-05  6.32017674e+02 -2.93117988e-02  5.28826774e+02 
 1.06161870e-05  6.32017658e+02 -2.97912776e-02  5.20985884e+02 
 1.06164411e-05  6.32017642e+02 -3.02574117e-02  5.12763337e+02 
 1.06166944e-05  6.32017625e+02 -3.07099432e-02  5.04150321e+02 
 1.06169467e-05  6.32017609e+02 -3.11485379e-02  4.95139131e+02 
 1.06171983e-05  6.32017592e+02 -3.15728888e-02  4.85721224e+02 
 1.06174491e-05  6.32017575e+02 -3.19826315e-02  4.75888918e+02 
 1.06176993e-05  6.32017558e+02 -3.23774125e-02  4.65633884e+02 
 1.06179491e-05  6.32017540e+02 -3.27568333e-02  4.54948451e+02 
 1.06181983e-05  6.32017523e+02 -3.31204944e-02  4.43824439e+02 
 1.06184473e-05  6.32017505e+02 -3.34679586e-02  4.32254151e+02 
 1.06186959e-05  6.32017488e+02 -3.37987789e-02  4.20229470e+02 
 1.06189445e-05  6.32017470e+02 -3.41124739e-02  4.07742600e+02 
 1.06191930e-05  6.32017451e+02 -3.44085449e-02  3.94785367e+02 
 1.06194415e-05  6.32017433e+02 -3.46864594e-02  3.81349765e+02 
 1.06196902e-05  6.32017415e+02 -3.49456603e-02  3.67427394e+02 
 1.06199392e-05  6.32017396e+02 -3.51855544e-02  3.53009854e+02 
 1.06201886e-05  6.32017377e+02 -3.54055160e-02  3.38088279e+02 
 1.06204386e-05  6.32017359e+02 -3.56048776e-02  3.22653596e+02 
 1.06206892e-05  6.32017340e+02 -3.57829298e-02  3.06696120e+02 
 1.06209406e-05  6.32017320e+02 -3.59389120e-02  2.90205676e+02 
 1.06211931e-05  6.32017301e+02 -3.60720079e-02  2.73171218e+02 
 1.06214468e-05  6.32017282e+02 -3.61813357e-02  2.55580812e+02 
 1.06217018e-05  6.32017262e+02 -3.62659385e-02  2.37421208e+02 
 1.06219585e-05  6.32017242e+02 -3.63247703e-02  2.18677656e+02 
 1.06222171e-05  6.32017222e+02 -3.63566799e-02  1.99333348e+02 
 1.06224778e-05  6.32017202e+02 -3.63603891e-02  1.79368967e+02 
 1.06227411e-05  6.32017182e+02 -3.63344655e-02  1.58761845e+02 
 1.06230058e-05  6.32017161e+02 -3.62776908e-02  1.37604373e+02 
 1.06232702e-05  6.32017141e+02 -3.61896456e-02  1.16059868e+02 
 1.06235352e-05  6.32017120e+02 -3.60693247e-02  9.40635693e+01 
 1.06237999e-05  6.32017100e+02 -3.59165841e-02  7.17260655e+01 
 1.06240652e-05  6.32017080e+02 -3.57302351e-02  4.89849207e+01 
 1.06243306e-05  6.32017060e+02 -3.55101465e-02  2.59260935e+01 
 1.06245967e-05  6.32017040e+02 -3.52550882e-02  2.51182793e+00 
 1.06248631e-05  6.32017020e+02 -3.49649057e-02 -2.11855624e+01 
 1.06251303e-05  6.32017000e+02 -3.46384002e-02 -4.51834315e+01 
 1.06253981e-05  6.32016980e+02 -3.42753603e-02 -6.94192417e+01 
 1.06256669e-05  6.32016961e+02 -3.38746353e-02 -9.38949492e+01 
 1.06259364e-05  6.32016942e+02 -3.34360038e-02 -1.18550793e+02 
 1.06262072e-05  6.32016923e+02 -3.29580972e-02 -1.43390610e+02 
 1.06264789e-05  6.32016904e+02 -3.24409554e-02 -1.68340283e+02 
 1.06267521e-05  6.32016885e+02 -3.18831090e-02 -1.93399161e+02 
 1.06270266e-05  6.32016867e+02 -3.12844599e-02 -2.18499192e+02 
 1.06273027e-05  6.32016848e+02 -3.06436151e-02 -2.43625926e+02 
 1.06275805e-05  6.32016830e+02 -2.99603103e-02 -2.68715336e+02 
 1.06278602e-05  6.32016813e+02 -2.92332159e-02 -2.93740631e+02 
 1.06281420e-05  6.32016796e+02 -2.84618922e-02 -3.18639186e+02 
 1.06284260e-05  6.32016779e+02 -2.76450246e-02 -3.43373619e+02 
 1.06287093e-05  6.32016762e+02 -2.67920317e-02 -3.67603913e+02 
 1.06289673e-05  6.32016748e+02 -2.59822145e-02 -3.89247299e+02 
 1.06292197e-05  6.32016734e+02 -2.51601687e-02 -4.09983041e+02 
 1.06294526e-05  6.32016722e+02 -2.43763744e-02 -4.28686425e+02 
 1.06296809e-05  6.32016710e+02 -2.35846144e-02 -4.46596665e+02 
 1.06298957e-05  6.32016699e+02 -2.28190936e-02 -4.63033047e+02 
 1.06301067e-05  6.32016689e+02 -2.20482751e-02 -4.78759031e+02 
 1.06303079e-05  6.32016680e+02 -2.12965335e-02 -4.93340814e+02 
 1.06305055e-05  6.32016671e+02 -2.05426776e-02 -5.07250784e+02 
 1.06306953e-05  6.32016663e+02 -1.98039477e-02 -5.20219465e+02 
 1.06308817e-05  6.32016655e+02 -1.90659616e-02 -5.32547000e+02 
 1.06310617e-05  6.32016648e+02 -1.83407908e-02 -5.44071590e+02 
 1.06312383e-05  6.32016642e+02 -1.76186539e-02 -5.54987741e+02 
 1.06314096e-05  6.32016635e+02 -1.69079846e-02 -5.65201924e+02 
 1.06315776e-05  6.32016629e+02 -1.62021677e-02 -5.74842437e+02 
 1.06317409e-05  6.32016624e+02 -1.55071076e-02 -5.83858417e+02 
 1.06319009e-05  6.32016619e+02 -1.48183763e-02 -5.92336405e+02 
 1.06320569e-05  6.32016614e+02 -1.41401265e-02 -6.00252008e+02 
 1.06322096e-05  6.32016609e+02 -1.34694400e-02 -6.07665403e+02 
 1.06323586e-05  6.32016605e+02 -1.28092602e-02 -6.14568490e+02 
 1.06325044e-05  6.32016601e+02 -1.21577104e-02 -6.21004795e+02 
 1.06326467e-05  6.32016598e+02 -1.15169039e-02 -6.26976130e+02 
 1.06327858e-05  6.32016594e+02 -1.08856826e-02 -6.32515512e+02 
 1.06329217e-05  6.32016591e+02 -1.02655949e-02 -6.37630695e+02 
 1.06330544e-05  6.32016589e+02 -9.65598078e-03 -6.42348067e+02 
 1.06331839e-05  6.32016586e+02 -9.05800950e-03 -6.46678871e+02 
 1.06333103e-05  6.32016584e+02 -8.47136987e-03 -6.50645318e+02 
 1.06334336e-05  6.32016581e+02 -7.89698340e-03 -6.54260648e+02 
 1.06335537e-05  6.32016580e+02 -7.33478899e-03 -6.57544444e+02 
 1.06336706e-05  6.32016578e+02 -6.78555522e-03 -6.60511050e+02 
 1.06337843e-05  6.32016576e+02 -6.24940867e-03 -6.63178396e+02 
 1.06338948e-05  6.32016575e+02 -5.72703667e-03 -6.65561410e+02 
 1.06340021e-05  6.32016574e+02 -5.21871852e-03 -6.67676992e+02 
 1.06341059e-05  6.32016572e+02 -4.72511883e-03 -6.69540358e+02 
 1.06342064e-05  6.32016571e+02 -4.24665794e-03 -6.71167778e+02 
 1.06343034e-05  6.32016571e+02 -3.78403278e-03 -6.72574608e+02 
 1.06343968e-05  6.32016570e+02 -3.33781654e-03 -6.73776748e+02 
 1.06344865e-05  6.32016569e+02 -2.90880139e-03 -6.74789631e+02 
 1.06345724e-05  6.32016569e+02 -2.49775568e-03 -6.75628973e+02 
 1.06346542e-05  6.32016568e+02 -2.10565654e-03 -6.76310287e+02 
 1.06347318e-05  6.32016568e+02 -1.73356317e-03 -6.76849251e+02 
 1.06348049e-05  6.32016568e+02 -1.38279640e-03 -6.77261511e+02 
 1.06348732e-05  6.32016568e+02 -1.05492160e-03 -6.77562863e+02 
 1.06349363e-05  6.32016568e+02 -7.51955516e-04 -6.77769220e+02 
 1.06349871e-05  6.32016568e+02 -5.07914235e-04 -6.77885106e+02 
 1.06350280e-05  6.32016568e+02 -3.11716522e-04 -6.77945713e+02 
 1.06350605e-05  6.32016567e+02 -1.55392722e-04 -6.77973233e+02 
 1.06350885e-05  6.32016567e+02 -2.08217297e-05 -6.77982169e+02 
 1.06351172e-05  6.32016567e+02  1.16795361e-04 -6.77977191e+02 
 1.06351463e-05  6.32016567e+02  2.56627131e-04 -6.77957511e+02 
 1.06351867e-05  6.32016568e+02  4.50833797e-04 -6.77905728e+02 
 1.06352309e-05  6.32016568e+02  6.63305897e-04 -6.77816503e+02 
 1.06352850e-05  6.32016568e+02  9.22905663e-04 -6.77661282e+02 
 1.06353422e-05  6.32016568e+02  1.19750800e-03 -6.77441763e+02 
 1.06354068e-05  6.32016568e+02  1.50757423e-03 -6.77125482e+02 
 1.06354742e-05  6.32016568e+02  1.83116528e-03 -6.76717971e+02 
 1.06355477e-05  6.32016569e+02  2.18317622e-03 -6.76184772e+02 
 1.06356239e-05  6.32016569e+02  2.54856832e-03 -6.75532093e+02 
 1.06357052e-05  6.32016569e+02  2.93788652e-03 -6.74725300e+02 
 1.06357894e-05  6.32016570e+02  3.34052071e-03 -6.73769816e+02 
 1.06358780e-05  6.32016571e+02  3.76383225e-03 -6.72632182e+02 
 1.06359695e-05  6.32016571e+02  4.20022841e-03 -6.71316202e+02 
 1.06360650e-05  6.32016572e+02  4.65481754e-03 -6.69790301e+02 
 1.06361633e-05  6.32016573e+02  5.12212297e-03 -6.68056197e+02 
 1.06362652e-05  6.32016574e+02  5.60566344e-03 -6.66084471e+02 
 1.06363700e-05  6.32016576e+02  6.10145591e-03 -6.63874589e+02 
 1.06364782e-05  6.32016577e+02  6.61189364e-03 -6.61399302e+02 
 1.06365892e-05  6.32016579e+02  7.13404953e-03 -6.58655857e+02 
 1.06367035e-05  6.32016581e+02  7.66951809e-03 -6.55619025e+02 
 1.06368205e-05  6.32016583e+02  8.21611940e-03 -6.52283981e+02 
 1.06369407e-05  6.32016585e+02  8.77488030e-03 -6.48627272e+02 
 1.06370636e-05  6.32016587e+02  9.34414946e-03 -6.44642191e+02 
 1.06371896e-05  6.32016590e+02  9.92454945e-03 -6.40306775e+02 
 1.06373185e-05  6.32016593e+02  1.05148023e-02 -6.35612621e+02 
 1.06374504e-05  6.32016596e+02  1.11152419e-02 -6.30538950e+02 
 1.06375851e-05  6.32016599e+02  1.17248531e-02 -6.25075828e+02 
 1.06377228e-05  6.32016602e+02  1.23437624e-02 -6.19203338e+02 
 1.06378635e-05  6.32016606e+02  1.29711391e-02 -6.12910129e+02 
 1.06380073e-05  6.32016610e+02  1.36069597e-02 -6.06176819e+02 
 1.06381541e-05  6.32016615e+02  1.42505214e-02 -5.98990692e+02 
 1.06383040e-05  6.32016619e+02  1.49016915e-02 -5.91332548e+02 
 1.06384571e-05  6.32016624e+02  1.55598550e-02 -5.83188271e+02 
 1.06386134e-05  6.32016630e+02  1.62247987e-02 -5.74538453e+02 
 1.06387731e-05  6.32016635e+02  1.68959670e-02 -5.65367427e+02 
 1.06389363e-05  6.32016641e+02  1.75730871e-02 -5.55655108e+02 
 1.06391030e-05  6.32016647e+02  1.82556432e-02 -5.45383983e+02 
 1.06392733e-05  6.32016654e+02  1.89433182e-02 -5.34532682e+02 
 1.06394475e-05  6.32016661e+02  1.96356232e-02 -5.23081328e+02 
 1.06396257e-05  6.32016669e+02  2.03322102e-02 -5.11006428e+02 
 1.06398081e-05  6.32016677e+02  2.10326104e-02 -4.98284888e+02 
 1.06399949e-05  6.32016685e+02  2.17364572e-02 -4.84889863e+02 
 1.06401864e-05  6.32016694e+02  2.24433026e-02 -4.70793633e+02 
 1.06403829e-05  6.32016704e+02  2.31527771e-02 -4.55964074e+02 
 1.06405847e-05  6.32016714e+02  2.38644635e-02 -4.40366465e+02 
 1.06407923e-05  6.32016725e+02  2.45780143e-02 -4.23960190e+02 
 1.06410061e-05  6.32016736e+02  2.52930703e-02 -4.06699327e+02 
 1.06412268e-05  6.32016748e+02  2.60093533e-02 -3.88528967e+02 
 1.06414551e-05  6.32016761e+02  2.67266255e-02 -3.69384004e+02 
 1.06416919e-05  6.32016775e+02  2.74447803e-02 -3.49183754e+02 
 1.06419384e-05  6.32016789e+02  2.81638556e-02 -3.27827043e+02 
 1.06421961e-05  6.32016805e+02  2.88841697e-02 -3.05181474e+02 
 1.06424671e-05  6.32016822e+02  2.96064618e-02 -2.81068112e+02 
 1.06427544e-05  6.32016840e+02  3.03322429e-02 -2.55231448e+02 
 1.06430326e-05  6.32016858e+02  3.09956345e-02 -2.29997131e+02 
 1.06433163e-05  6.32016877e+02  3.16318606e-02 -2.04105587e+02 
 1.06435906e-05  6.32016896e+02  3.22082354e-02 -1.78969151e+02 
 1.06438681e-05  6.32016915e+02  3.27522328e-02 -1.53498209e+02 
 1.06441389e-05  6.32016934e+02  3.32453411e-02 -1.28641895e+02 
 1.06444119e-05  6.32016953e+02  3.37046322e-02 -1.03636017e+02 
 1.06446802e-05  6.32016973e+02  3.41190991e-02 -7.91574712e+01 
 1.06449499e-05  6.32016992e+02  3.44990813e-02 -5.46867313e+01 
 1.06452160e-05  6.32017012e+02  3.48383122e-02 -3.07071894e+01 
 1.06454831e-05  6.32017032e+02  3.51432078e-02 -6.85764232e+00 
 1.06457475e-05  6.32017052e+02  3.54104340e-02  1.65155286e+01 
 1.06460125e-05  6.32017072e+02  3.56439562e-02  3.96596426e+01 
 1.06462755e-05  6.32017092e+02  3.58423079e-02  6.23321681e+01 
 1.06465388e-05  6.32017112e+02  3.60079472e-02  8.46995771e+01 
 1.06468006e-05  6.32017132e+02  3.61405075e-02  1.06592701e+02 
 1.06470627e-05  6.32017152e+02  3.62415547e-02  1.28122390e+02 
 1.06473237e-05  6.32017172e+02  3.63113457e-02  1.49170928e+02 
 1.06475849e-05  6.32017192e+02  3.63509342e-02  1.69811496e+02 
 1.06478453e-05  6.32017213e+02  3.63609119e-02  1.89962447e+02 
 1.06481059e-05  6.32017233e+02  3.63420492e-02  2.09671789e+02 
 1.06483660e-05  6.32017253e+02  3.62951010e-02  2.28883236e+02 
 1.06486263e-05  6.32017273e+02  3.62206893e-02  2.47628204e+02 
 1.06488863e-05  6.32017293e+02  3.61196323e-02  2.65868377e+02 
 1.06491442e-05  6.32017313e+02  3.59937436e-02  2.83465999e+02 
 1.06494004e-05  6.32017332e+02  3.58440704e-02  3.00455734e+02 
 1.06496545e-05  6.32017352e+02  3.56720427e-02  3.16819403e+02 
 1.06499073e-05  6.32017371e+02  3.54783693e-02  3.32605265e+02 
 1.06501586e-05  6.32017390e+02  3.52641761e-02  3.47812893e+02 
 1.06504090e-05  6.32017408e+02  3.50300212e-02  3.62477768e+02 
 1.06506584e-05  6.32017427e+02  3.47768683e-02  3.76601655e+02 
 1.06509071e-05  6.32017445e+02  3.45052118e-02  3.90210155e+02 
 1.06511551e-05  6.32017463e+02  3.42158889e-02  4.03306981e+02 
 1.06514027e-05  6.32017481e+02  3.39093493e-02  4.15911959e+02 
 1.06516500e-05  6.32017499e+02  3.35863192e-02  4.28030592e+02 
 1.06518970e-05  6.32017517e+02  3.32472128e-02  4.39679089e+02 
 1.06521439e-05  6.32017534e+02  3.28926624e-02  4.50864213e+02 
 1.06523908e-05  6.32017551e+02  3.25230526e-02  4.61599778e+02 
 1.06526378e-05  6.32017568e+02  3.21389370e-02  4.71893375e+02 
 1.06528850e-05  6.32017585e+02  3.17406744e-02  4.81757224e+02 
 1.06531324e-05  6.32017601e+02  3.13287512e-02  4.91199463e+02 
 1.06533802e-05  6.32017618e+02  3.09035016e-02  5.00231261e+02 
 1.06536283e-05  6.32017634e+02  3.04653540e-02  5.08861123e+02 
 1.06538771e-05  6.32017650e+02  3.00146182e-02  5.17099531e+02 
 1.06541264e-05  6.32017666e+02  2.95516716e-02  5.24955241e+02 
 1.06543764e-05  6.32017681e+02  2.90767987e-02  5.32438295e+02 
 1.06546271e-05  6.32017697e+02  2.85903311e-02  5.39557623e+02 
 1.06548787e-05  6.32017712e+02  2.80925269e-02  5.46322988e+02 
 1.06551312e-05  6.32017727e+02  2.75836755e-02  5.52743444e+02 
 1.06553847e-05  6.32017742e+02  2.70640075e-02  5.58828585e+02 
 1.06556392e-05  6.32017756e+02  2.65337722e-02  5.64587553e+02 
 1.06558949e-05  6.32017771e+02  2.59931710e-02  5.70029843e+02 
 1.06561519e-05  6.32017785e+02  2.54424144e-02  5.75164661e+02 
 1.06564101e-05  6.32017798e+02  2.48816726e-02  5.80001442e+02 
 1.06566698e-05  6.32017812e+02  2.43111176e-02  5.84549442e+02 
 1.06569309e-05  6.32017825e+02  2.37308861e-02  5.88818060e+02 
 1.06571936e-05  6.32017838e+02  2.31411105e-02  5.92816586e+02 
 1.06574580e-05  6.32017851e+02  2.25418915e-02  5.96554396e+02 
 1.06577242e-05  6.32017864e+02  2.19333204e-02  6.00040796e+02 
 1.06579923e-05  6.32017876e+02  2.13154585e-02  6.03285143e+02 
 1.06582623e-05  6.32017888e+02  2.06883533e-02  6.06296747e+02 
 1.06585344e-05  6.32017900e+02  2.00520229e-02  6.09084941e+02 
 1.06588087e-05  6.32017912e+02  1.94064678e-02  6.11659022e+02 
 1.06590853e-05  6.32017923e+02  1.87516585e-02  6.14028289e+02 
 1.06593643e-05  6.32017934e+02  1.80875438e-02  6.16202008e+02 
 1.06596459e-05  6.32017944e+02  1.74140420e-02  6.18189431e+02 
 1.06599303e-05  6.32017955e+02  1.67310456e-02  6.19999770e+02 
 1.06602175e-05  6.32017965e+02  1.60384152e-02  6.21642210e+02 
 1.06605077e-05  6.32017974e+02  1.53359830e-02  6.23125885e+02 
 1.06608011e-05  6.32017984e+02  1.46235479e-02  6.24459881e+02 
 1.06610979e-05  6.32017993e+02  1.39008792e-02  6.25653221e+02 
 1.06613982e-05  6.32018001e+02  1.31677145e-02  6.26714858e+02 
 1.06617022e-05  6.32018010e+02  1.24237650e-02  6.27653656e+02 
 1.06620101e-05  6.32018018e+02  1.16687182e-02  6.28478383e+02 
 1.06623160e-05  6.32018025e+02  1.09173836e-02  6.29184545e+02 
 1.06626220e-05  6.32018032e+02  1.01645216e-02  6.29790160e+02 
 1.06629243e-05  6.32018038e+02  9.42015898e-03  6.30299950e+02 
 1.06632237e-05  6.32018044e+02  8.68185215e-03  6.30728404e+02 
 1.06635169e-05  6.32018049e+02  7.95837277e-03  6.31082609e+02 
 1.06638029e-05  6.32018054e+02  7.25201700e-03  6.31373394e+02 
 1.06640774e-05  6.32018058e+02  6.57370571e-03  6.31607742e+02 
 1.06643367e-05  6.32018061e+02  5.93255902e-03  6.31793748e+02 
 1.06645402e-05  6.32018064e+02  5.42936823e-03  6.31918302e+02 
 1.06645853e-05  6.32018064e+02  5.31758633e-03  6.31943621e+02 
 1.06646603e-05  6.32018065e+02  5.13219256e-03  6.31983828e+02 
 1.06647305e-05  6.32018066e+02  4.95848384e-03  6.32019542e+02 
 1.06648174e-05  6.32018067e+02  4.74337783e-03  6.32061243e+02 
 1.06649285e-05  6.32018068e+02  4.46855320e-03  6.32110633e+02 
 1.06650399e-05  6.32018069e+02  4.19289610e-03  6.32156011e+02 
 1.06651568e-05  6.32018070e+02  3.90354922e-03  6.32199401e+02 
 1.06652316e-05  6.32018070e+02  3.71837650e-03  6.32224998e+02 
 1.06653468e-05  6.32018071e+02  3.43325200e-03  6.32261259e+02 
 1.06654572e-05  6.32018072e+02  3.15983201e-03  6.32292608e+02 
 1.06655383e-05  6.32018073e+02  2.95914562e-03  6.32313580e+02 
 1.06656548e-05  6.32018073e+02  2.67068020e-03  6.32340843e+02 
 1.06658304e-05  6.32018074e+02  2.23599926e-03  6.32375831e+02 
 1.06659310e-05  6.32018075e+02  1.98683797e-03  6.32392739e+02 
 1.06660265e-05  6.32018075e+02  1.75024547e-03  6.32406760e+02 
 1.06661605e-05  6.32018075e+02  1.41853253e-03  6.32423196e+02 
 1.06662716e-05  6.32018076e+02  1.14346177e-03  6.32434056e+02 
 1.06663798e-05  6.32018076e+02  8.75374731e-04  6.32442286e+02 
 1.06665118e-05  6.32018076e+02  5.48455721e-04  6.32449249e+02 
 1.06666027e-05  6.32018076e+02  3.23442881e-04  6.32452111e+02 
 1.06666570e-05  6.32018076e+02  1.88903807e-04  6.32453078e+02 
 1.06667201e-05  6.32018076e+02  3.26621858e-05  6.32453508e+02 
 1.06667927e-05  6.32018076e+02 -1.47193186e-04  6.32453086e+02 
 1.06668784e-05  6.32018076e+02 -3.59436017e-04  6.32451330e+02 
 1.06669632e-05  6.32018076e+02 -5.69458251e-04  6.32448249e+02 
 1.06670625e-05  6.32018076e+02 -8.15357833e-04  6.32442936e+02 
 1.06671644e-05  6.32018076e+02 -1.06769329e-03  6.32435547e+02 
 1.06673221e-05  6.32018075e+02 -1.45809456e-03  6.32420163e+02 
 1.06673784e-05  6.32018075e+02 -1.59762460e-03  6.32413467e+02 
 1.06674911e-05  6.32018075e+02 -1.87667785e-03  6.32398120e+02 
 1.06676136e-05  6.32018074e+02 -2.18002953e-03  6.32378385e+02 
 1.06677342e-05  6.32018074e+02 -2.47866835e-03  6.32355713e+02 
 1.06678463e-05  6.32018073e+02 -2.75625171e-03  6.32331616e+02 
 1.06679763e-05  6.32018072e+02 -3.07793226e-03  6.32299858e+02 
 1.06680582e-05  6.32018072e+02 -3.28086389e-03  6.32277602e+02 
 1.06681734e-05  6.32018071e+02 -3.56591523e-03  6.32243296e+02 
 1.06682755e-05  6.32018070e+02 -3.81871271e-03  6.32209751e+02 
 1.06683382e-05  6.32018069e+02 -3.97387920e-03  6.32187642e+02 
 1.06684128e-05  6.32018069e+02 -4.15845823e-03  6.32159779e+02 
 1.06684793e-05  6.32018068e+02 -4.32301307e-03  6.32133457e+02 
 1.06685441e-05  6.32018068e+02 -4.48334475e-03  6.32106423e+02 
 1.06686008e-05  6.32018067e+02 -4.62375517e-03  6.32081586e+02 
 1.06686543e-05  6.32018067e+02 -4.75612179e-03  6.32057150e+02 
 1.06687049e-05  6.32018066e+02 -4.88122676e-03  6.32033118e+02 
 1.06687576e-05  6.32018065e+02 -5.01157827e-03  6.32007084e+02 
 1.06688152e-05  6.32018065e+02 -5.15414692e-03  6.31977418e+02 
 1.06688827e-05  6.32018064e+02 -5.32124795e-03  6.31941013e+02 
 1.06689543e-05  6.32018063e+02 -5.49821586e-03  6.31900473e+02 
 1.06690322e-05  6.32018062e+02 -5.69093240e-03  6.31853915e+02 
 1.06691120e-05  6.32018061e+02 -5.88839887e-03  6.31803503e+02 
 1.06691971e-05  6.32018060e+02 -6.09864070e-03  6.31746695e+02 
 1.06692837e-05  6.32018059e+02 -6.31278711e-03  6.31685370e+02 
 1.06693750e-05  6.32018058e+02 -6.53857226e-03  6.31616760e+02 
 1.06694678e-05  6.32018057e+02 -6.76784342e-03  6.31542756e+02 
 1.06695649e-05  6.32018055e+02 -7.00786667e-03  6.31460384e+02 
 1.06696634e-05  6.32018054e+02 -7.25113047e-03  6.31371549e+02 
 1.06697659e-05  6.32018052e+02 -7.50444925e-03  6.31273043e+02 
 1.06698698e-05  6.32018050e+02 -7.76094338e-03  6.31166763e+02 
 1.06699775e-05  6.32018049e+02 -8.02693709e-03  6.31049253e+02 
 1.06701930e-05  6.32018045e+02 -8.55869773e-03  6.30790566e+02 
 1.06704524e-05  6.32018040e+02 -9.19844915e-03  6.30433574e+02 
 1.06706876e-05  6.32018035e+02 -9.77818563e-03  6.30062259e+02 
 1.06709848e-05  6.32018029e+02 -1.05096863e-02  6.29521311e+02 
 1.06713151e-05  6.32018021e+02 -1.13216423e-02  6.28814600e+02 
 1.06716464e-05  6.32018013e+02 -1.21346481e-02  6.27980203e+02 
 1.06719893e-05  6.32018004e+02 -1.29743993e-02  6.26967527e+02 
 1.06723148e-05  6.32017994e+02 -1.37695017e-02  6.25849580e+02 
 1.06726434e-05  6.32017984e+02 -1.45699597e-02  6.24548807e+02 
 1.06729579e-05  6.32017974e+02 -1.53336427e-02  6.23125216e+02 
 1.06732734e-05  6.32017964e+02 -1.60970388e-02  6.21504548e+02 
 1.06735786e-05  6.32017953e+02 -1.68329217e-02  6.19735919e+02 
 1.06738838e-05  6.32017942e+02 -1.75652484e-02  6.17754593e+02 
 1.06741813e-05  6.32017931e+02 -1.82758494e-02  6.15600769e+02 
 1.06744778e-05  6.32017919e+02 -1.89804758e-02  6.13219026e+02 
 1.06747685e-05  6.32017907e+02 -1.96670021e-02  6.10641367e+02 
 1.06750577e-05  6.32017895e+02 -2.03458954e-02  6.07820497e+02 
 1.06753422e-05  6.32017882e+02 -2.10090535e-02  6.04781077e+02 
 1.06756251e-05  6.32017869e+02 -2.16634580e-02  6.01482825e+02 
 1.06759041e-05  6.32017856e+02 -2.23036631e-02  5.97944091e+02 
 1.06761815e-05  6.32017843e+02 -2.29343168e-02  5.94130584e+02 
 1.06764557e-05  6.32017829e+02 -2.35517270e-02  5.90055364e+02 
 1.06767282e-05  6.32017816e+02 -2.41589677e-02  5.85689199e+02 
 1.06769980e-05  6.32017801e+02 -2.47535060e-02  5.81040784e+02 
 1.06772662e-05  6.32017787e+02 -2.53373474e-02  5.76085099e+02 
 1.06775322e-05  6.32017773e+02 -2.59087240e-02  5.70827295e+02 
 1.06777967e-05  6.32017758e+02 -2.64689115e-02  5.65245829e+02 
 1.06780592e-05  6.32017743e+02 -2.70166445e-02  5.59343009e+02 
 1.06783204e-05  6.32017728e+02 -2.75526956e-02  5.53100140e+02 
 1.06785799e-05  6.32017713e+02 -2.80761261e-02  5.46517281e+02 
 1.06788382e-05  6.32017697e+02 -2.85873584e-02  5.39578055e+02 
 1.06790951e-05  6.32017681e+02 -2.90856627e-02  5.32280766e+02 
 1.06793509e-05  6.32017665e+02 -2.95712141e-02  5.24610914e+02 
 1.06796055e-05  6.32017649e+02 -3.00434117e-02  5.16565443e+02 
 1.06798592e-05  6.32017633e+02 -3.05022525e-02  5.08131371e+02 
 1.06801119e-05  6.32017616e+02 -3.09472107e-02  4.99304595e+02 
 1.06803638e-05  6.32017600e+02 -3.13781513e-02  4.90073348e+02 
 1.06806150e-05  6.32017583e+02 -3.17945861e-02  4.80432723e+02 
 1.06808655e-05  6.32017566e+02 -3.21962786e-02  4.70371910e+02 
 1.06811154e-05  6.32017548e+02 -3.25827523e-02  4.59885374e+02 
 1.06813649e-05  6.32017531e+02 -3.29536880e-02  4.48963039e+02 
 1.06816140e-05  6.32017513e+02 -3.33086016e-02  4.37598855e+02 
 1.06818627e-05  6.32017496e+02 -3.36471024e-02  4.25783267e+02 
 1.06821113e-05  6.32017478e+02 -3.39686834e-02  4.13509765e+02 
 1.06823598e-05  6.32017460e+02 -3.42728873e-02  4.00769106e+02 
 1.06826083e-05  6.32017442e+02 -3.45591709e-02  3.87554299e+02 
 1.06828570e-05  6.32017423e+02 -3.48270098e-02  3.73856184e+02 
 1.06831058e-05  6.32017405e+02 -3.50758109e-02  3.59667196e+02 
 1.06833550e-05  6.32017386e+02 -3.53049770e-02  3.44977970e+02 
 1.06836047e-05  6.32017367e+02 -3.55138501e-02  3.29780171e+02 
 1.06838550e-05  6.32017348e+02 -3.57017485e-02  3.14063859e+02 
 1.06841061e-05  6.32017329e+02 -3.58679299e-02  2.97819580e+02 
 1.06843580e-05  6.32017310e+02 -3.60116088e-02  2.81036293e+02 
 1.06846111e-05  6.32017291e+02 -3.61319315e-02  2.63702863e+02 
 1.06848655e-05  6.32017271e+02 -3.62279792e-02  2.45806363e+02 
 1.06851214e-05  6.32017251e+02 -3.62987469e-02  2.27333052e+02 
 1.06853791e-05  6.32017231e+02 -3.63431350e-02  2.08266884e+02 
 1.06856388e-05  6.32017211e+02 -3.63599260e-02  1.88589978e+02 
 1.06859009e-05  6.32017191e+02 -3.63477622e-02  1.68281128e+02 
 1.06861658e-05  6.32017170e+02 -3.63051027e-02  1.47312111e+02 
 1.06864298e-05  6.32017150e+02 -3.62315749e-02  1.25986743e+02 
 1.06866950e-05  6.32017130e+02 -3.61258987e-02  1.04152123e+02 
 1.06869594e-05  6.32017109e+02 -3.59882801e-02  8.20070770e+01 
 1.06872248e-05  6.32017089e+02 -3.58171574e-02  5.94176797e+01 
 1.06874898e-05  6.32017069e+02 -3.56128173e-02  3.65302795e+01 
 1.06877558e-05  6.32017049e+02 -3.53736093e-02  1.32537221e+01 
 1.06880219e-05  6.32017029e+02 -3.50998003e-02 -1.02961147e+01 
 1.06882889e-05  6.32017009e+02 -3.47897837e-02 -3.41754510e+01 
 1.06885563e-05  6.32016989e+02 -3.44437426e-02 -5.82902712e+01 
 1.06888247e-05  6.32016970e+02 -3.40601589e-02 -8.26708029e+01 
 1.06890938e-05  6.32016950e+02 -3.36390932e-02 -1.07238496e+02 
 1.06893640e-05  6.32016931e+02 -3.31791772e-02 -1.32001061e+02 
 1.06896353e-05  6.32016912e+02 -3.26801336e-02 -1.56900376e+02 
 1.06899079e-05  6.32016894e+02 -3.21409559e-02 -1.81915105e+02 
 1.06901817e-05  6.32016875e+02 -3.15611150e-02 -2.06997697e+02 
 1.06904571e-05  6.32016857e+02 -3.09396401e-02 -2.32117616e+02 
 1.06907341e-05  6.32016839e+02 -3.02759033e-02 -2.57226542e+02 
 1.06910129e-05  6.32016821e+02 -2.95689273e-02 -2.82286498e+02 
 1.06912937e-05  6.32016803e+02 -2.88179861e-02 -3.07246459e+02 
 1.06915767e-05  6.32016786e+02 -2.80220601e-02 -3.32061502e+02 
 1.06918621e-05  6.32016770e+02 -2.71802989e-02 -3.56676793e+02 
 1.06921298e-05  6.32016754e+02 -2.63554845e-02 -3.79341158e+02 
 1.06923858e-05  6.32016740e+02 -2.55355752e-02 -4.00576943e+02 
 1.06926263e-05  6.32016727e+02 -2.47380225e-02 -4.20098744e+02 
 1.06928573e-05  6.32016715e+02 -2.39475206e-02 -4.38425347e+02 
 1.06930776e-05  6.32016704e+02 -2.31724752e-02 -4.55470818e+02 
 1.06932908e-05  6.32016694e+02 -2.24023545e-02 -4.71557366e+02 
 1.06934960e-05  6.32016684e+02 -2.16435192e-02 -4.86624041e+02 
 1.06936955e-05  6.32016675e+02 -2.08893869e-02 -5.00864639e+02 
 1.06938886e-05  6.32016667e+02 -2.01448297e-02 -5.14240526e+02 
 1.06940768e-05  6.32016659e+02 -1.94056164e-02 -5.26876338e+02 
 1.06942595e-05  6.32016652e+02 -1.86753155e-02 -5.38753879e+02 
 1.06944378e-05  6.32016645e+02 -1.79511584e-02 -5.49957926e+02 
 1.06946114e-05  6.32016638e+02 -1.72357292e-02 -5.60484413e+02 
 1.06947810e-05  6.32016632e+02 -1.65272376e-02 -5.70393446e+02 
 1.06949464e-05  6.32016626e+02 -1.58275717e-02 -5.79689742e+02 
 1.06951080e-05  6.32016621e+02 -1.51356127e-02 -5.88417709e+02 
 1.06952658e-05  6.32016616e+02 -1.44527636e-02 -5.96587318e+02 
 1.06954200e-05  6.32016611e+02 -1.37783680e-02 -6.04232899e+02 
 1.06955707e-05  6.32016607e+02 -1.31134932e-02 -6.11367462e+02 
 1.06957179e-05  6.32016603e+02 -1.24578019e-02 -6.18018823e+02 
 1.06958618e-05  6.32016599e+02 -1.18121321e-02 -6.24201664e+02 
 1.06960025e-05  6.32016596e+02 -1.11763683e-02 -6.29939560e+02 
 1.06961398e-05  6.32016593e+02 -1.05511950e-02 -6.35248039e+02 
 1.06962740e-05  6.32016590e+02 -9.93665408e-03 -6.40147888e+02 
 1.06964050e-05  6.32016587e+02 -9.33333122e-03 -6.44655002e+02 
 1.06965329e-05  6.32016585e+02 -8.74138400e-03 -6.48788322e+02 
 1.06966576e-05  6.32016583e+02 -8.16134057e-03 -6.52563837e+02 
 1.06967792e-05  6.32016580e+02 -7.59344901e-03 -6.55999260e+02 
 1.06968976e-05  6.32016579e+02 -7.03821238e-03 -6.59110534e+02 
 1.06970128e-05  6.32016577e+02 -6.49595691e-03 -6.61914550e+02 
 1.06971248e-05  6.32016576e+02 -5.96718893e-03 -6.64427148e+02 
 1.06972335e-05  6.32016574e+02 -5.45231163e-03 -6.66664667e+02 
 1.06973390e-05  6.32016573e+02 -4.95186269e-03 -6.68642831e+02 
 1.06974411e-05  6.32016572e+02 -4.46633217e-03 -6.70377619e+02 
 1.06975397e-05  6.32016571e+02 -3.99632200e-03 -6.71884658e+02 
 1.06976348e-05  6.32016570e+02 -3.54243339e-03 -6.73179700e+02 
 1.06977262e-05  6.32016570e+02 -3.10537719e-03 -6.74278315e+02 
 1.06978139e-05  6.32016569e+02 -2.68591220e-03 -6.75196138e+02 
 1.06978976e-05  6.32016569e+02 -2.28492922e-03 -6.75948733e+02 
 1.06979772e-05  6.32016568e+02 -1.90343264e-03 -6.76551725e+02 
 1.06980524e-05  6.32016568e+02 -1.54262286e-03 -6.77020750e+02 
 1.06981230e-05  6.32016568e+02 -1.20393215e-03 -6.77371540e+02 
 1.06981885e-05  6.32016568e+02 -8.89152047e-04 -6.77619939e+02 
 1.06982425e-05  6.32016568e+02 -6.30032167e-04 -6.77768327e+02 
 1.06982870e-05  6.32016568e+02 -4.16143120e-04 -6.77852668e+02 
 1.06983238e-05  6.32016568e+02 -2.39570699e-04 -6.77896306e+02 
 1.06983531e-05  6.32016568e+02 -9.88770120e-05 -6.77914252e+02 
 1.06983811e-05  6.32016568e+02  3.55432247e-05 -6.77917460e+02 
 1.06984104e-05  6.32016568e+02  1.76629635e-04 -6.77906178e+02 
 1.06984433e-05  6.32016568e+02  3.34307736e-04 -6.77875813e+02 
 1.06984866e-05  6.32016568e+02  5.42525830e-04 -6.77806997e+02 
 1.06985342e-05  6.32016568e+02  7.71261822e-04 -6.77693720e+02 
 1.06985906e-05  6.32016568e+02  1.04194494e-03 -6.77508691e+02 
 1.06986504e-05  6.32016568e+02  1.32889281e-03 -6.77252177e+02 
 1.06987169e-05  6.32016568e+02  1.64797046e-03 -6.76893945e+02 
 1.06987865e-05  6.32016568e+02  1.98172594e-03 -6.76436914e+02 
 1.06988616e-05  6.32016569e+02  2.34174915e-03 -6.75849443e+02 
 1.06989397e-05  6.32016569e+02  2.71600631e-03 -6.75134666e+02 
 1.06990226e-05  6.32016570e+02  3.11267764e-03 -6.74261067e+02 
 1.06991085e-05  6.32016570e+02  3.52323041e-03 -6.73230912e+02 
 1.06991986e-05  6.32016571e+02  3.95335346e-03 -6.72013858e+02 
 1.06992917e-05  6.32016572e+02  4.39691588e-03 -6.70610676e+02 
 1.06993885e-05  6.32016573e+02  4.85784411e-03 -6.68992706e+02 
 1.06994883e-05  6.32016574e+02  5.33169517e-03 -6.67158885e+02 
 1.06995917e-05  6.32016575e+02  5.82115086e-03 -6.65082407e+02 
 1.06996978e-05  6.32016576e+02  6.32296007e-03 -6.62760279e+02 
 1.06998074e-05  6.32016578e+02  6.83892260e-03 -6.60167517e+02 
 1.06999197e-05  6.32016580e+02  7.36662998e-03 -6.57299250e+02 
 1.07000352e-05  6.32016582e+02  7.90725559e-03 -6.54132167e+02 
 1.07001536e-05  6.32016584e+02  8.45898711e-03 -6.50659646e+02 
 1.07002750e-05  6.32016586e+02  9.02255224e-03 -6.46859829e+02 
 1.07003993e-05  6.32016588e+02  9.59656021e-03 -6.42724502e+02 
 1.07005266e-05  6.32016591e+02  1.01814209e-02 -6.38232997e+02 
 1.07006567e-05  6.32016594e+02  1.07760409e-02 -6.33375660e+02 
 1.07007899e-05  6.32016597e+02  1.13806027e-02 -6.28132739e+02 
 1.07009259e-05  6.32016600e+02  1.19942215e-02 -6.22493259e+02 
 1.07010650e-05  6.32016604e+02  1.26169160e-02 -6.16438096e+02 
 1.07012070e-05  6.32016608e+02  1.32479472e-02 -6.09955026e+02 
 1.07013521e-05  6.32016612e+02  1.38872146e-02 -6.03025248e+02 
 1.07015002e-05  6.32016617e+02  1.45340798e-02 -5.95635294e+02 
 1.07016515e-05  6.32016621e+02  1.51883549e-02 -5.87766358e+02 
 1.07018061e-05  6.32016627e+02  1.58494698e-02 -5.79403645e+02 
 1.07019639e-05  6.32016632e+02  1.65171717e-02 -5.70527960e+02 
 1.07021251e-05  6.32016638e+02  1.71909362e-02 -5.61122987e+02 
 1.07022897e-05  6.32016644e+02  1.78704619e-02 -5.51168665e+02 
 1.07024580e-05  6.32016650e+02  1.85552546e-02 -5.40646799e+02 
 1.07026300e-05  6.32016657e+02  1.92449769e-02 -5.29535831e+02 
 1.07028060e-05  6.32016665e+02  1.99391553e-02 -5.17815100e+02 
 1.07029860e-05  6.32016672e+02  2.06374276e-02 -5.05460653e+02 
 1.07031703e-05  6.32016681e+02  2.13393369e-02 -4.92448398e+02 
 1.07033591e-05  6.32016689e+02  2.20445079e-02 -4.78750651e+02 
 1.07035527e-05  6.32016699e+02  2.27525036e-02 -4.64338305e+02 
 1.07037515e-05  6.32016708e+02  2.34629520e-02 -4.49177807e+02 
 1.07039558e-05  6.32016719e+02  2.41754494e-02 -4.33232357e+02 
 1.07041661e-05  6.32016730e+02  2.48896549e-02 -4.16458904e+02 
 1.07043828e-05  6.32016741e+02  2.56052313e-02 -3.98808146e+02 
 1.07046067e-05  6.32016754e+02  2.63219239e-02 -3.80220871e+02 
 1.07048386e-05  6.32016767e+02  2.70395389e-02 -3.60625962e+02 
 1.07050795e-05  6.32016781e+02  2.77580305e-02 -3.39934495e+02 
 1.07053307e-05  6.32016796e+02  2.84775384e-02 -3.18033280e+02 
 1.07055940e-05  6.32016812e+02  2.91985423e-02 -2.94771957e+02 
 1.07058717e-05  6.32016830e+02  2.99220615e-02 -2.69942950e+02 
 1.07061568e-05  6.32016848e+02  3.06248666e-02 -2.44199393e+02 
 1.07064361e-05  6.32016866e+02  3.12735874e-02 -2.18794529e+02 
 1.07067169e-05  6.32016885e+02  3.18861030e-02 -1.93115144e+02 
 1.07069915e-05  6.32016904e+02  3.24463037e-02 -1.67927315e+02 
 1.07072670e-05  6.32016923e+02  3.29695251e-02 -1.42642839e+02 
 1.07075380e-05  6.32016942e+02  3.34466496e-02 -1.17787071e+02 
 1.07078095e-05  6.32016962e+02  3.38872401e-02 -9.29529987e+01 
 1.07080779e-05  6.32016981e+02  3.42859519e-02 -6.85223451e+01 
 1.07083465e-05  6.32017001e+02  3.46486633e-02 -4.42233154e+01 
 1.07086126e-05  6.32017021e+02  3.49724741e-02 -2.03334283e+01 
 1.07088789e-05  6.32017040e+02  3.52612326e-02  3.34015151e+00 
 1.07091432e-05  6.32017060e+02  3.55135130e-02  2.65911799e+01 
 1.07094076e-05  6.32017080e+02  3.57318389e-02  4.95520474e+01 
 1.07096705e-05  6.32017100e+02  3.59157955e-02  7.20767543e+01 
 1.07099333e-05  6.32017121e+02  3.60670634e-02  9.42530655e+01 
 1.07101951e-05  6.32017141e+02  3.61858194e-02  1.15978102e+02 
 1.07104568e-05  6.32017161e+02  3.62732420e-02  1.37309070e+02 
 1.07107178e-05  6.32017181e+02  3.63298368e-02  1.58173612e+02 
 1.07109787e-05  6.32017201e+02  3.63564932e-02  1.78608542e+02 
 1.07112392e-05  6.32017221e+02  3.63538869e-02  1.98563172e+02 
 1.07114996e-05  6.32017241e+02  3.63227456e-02  2.18061026e+02 
 1.07117597e-05  6.32017262e+02  3.62638215e-02  2.37066874e+02 
 1.07120200e-05  6.32017282e+02  3.61777552e-02  2.55595747e+02 
 1.07122797e-05  6.32017302e+02  3.60655005e-02  2.73598097e+02 
 1.07125364e-05  6.32017321e+02  3.59293774e-02  2.90900225e+02 
 1.07127921e-05  6.32017341e+02  3.57696068e-02  3.07642246e+02 
 1.07130452e-05  6.32017360e+02  3.55883291e-02  3.23729137e+02 
 1.07132977e-05  6.32017379e+02  3.53854079e-02  3.39279166e+02 
 1.07135483e-05  6.32017398e+02  3.51626854e-02  3.54233383e+02 
 1.07137984e-05  6.32017416e+02  3.49199923e-02  3.68673202e+02 
 1.07140473e-05  6.32017435e+02  3.46589180e-02  3.82561167e+02 
 1.07142958e-05  6.32017453e+02  3.43793493e-02  3.95953591e+02 
 1.07145436e-05  6.32017471e+02  3.40826383e-02  4.08828360e+02 
 1.07147911e-05  6.32017489e+02  3.37687409e-02  4.21225718e+02 
 1.07150382e-05  6.32017507e+02  3.34387953e-02  4.33134139e+02 
 1.07152852e-05  6.32017524e+02  3.30928230e-02  4.44583316e+02 
 1.07155321e-05  6.32017541e+02  3.27317796e-02  4.55568789e+02 
 1.07157791e-05  6.32017559e+02  3.23557426e-02  4.66113238e+02 
 1.07160261e-05  6.32017575e+02  3.19655150e-02  4.76216883e+02 
 1.07162734e-05  6.32017592e+02  3.15612180e-02  4.85897755e+02 
 1.07165209e-05  6.32017609e+02  3.11435277e-02  4.95159167e+02 
 1.07167689e-05  6.32017625e+02  3.07125958e-02  5.04016086e+02 
 1.07170172e-05  6.32017641e+02  3.02689936e-02  5.12473871e+02 
 1.07172662e-05  6.32017657e+02  2.98128911e-02  5.20545477e+02 
 1.07175158e-05  6.32017673e+02  2.93447720e-02  5.28237620e+02 
 1.07177661e-05  6.32017688e+02  2.88648140e-02  5.35561945e+02 
 1.07180172e-05  6.32017703e+02  2.83734268e-02  5.42526065e+02 
 1.07182692e-05  6.32017719e+02  2.78707872e-02  5.49140779e+02 
 1.07185221e-05  6.32017733e+02  2.73572409e-02  5.55414296e+02 
 1.07187760e-05  6.32017748e+02  2.68329559e-02  5.61356875e+02 
 1.07190311e-05  6.32017762e+02  2.62982218e-02  5.66977122e+02 
 1.07192873e-05  6.32017777e+02  2.57531915e-02  5.72284953e+02 
 1.07195448e-05  6.32017791e+02  2.51981030e-02  5.77289238e+02 
 1.07198037e-05  6.32017804e+02  2.46330889e-02  5.81999680e+02 
 1.07200640e-05  6.32017818e+02  2.40583389e-02  5.86425321e+02 
 1.07203258e-05  6.32017831e+02  2.34739597e-02  5.90575729e+02 
 1.07205892e-05  6.32017844e+02  2.28800943e-02  5.94460059e+02 
 1.07208544e-05  6.32017857e+02  2.22768187e-02  5.98087792e+02 
 1.07211214e-05  6.32017869e+02  2.16642292e-02  6.01468148e+02 
 1.07213902e-05  6.32017881e+02  2.10423659e-02  6.04610549e+02 
 1.07216611e-05  6.32017893e+02  2.04112770e-02  6.07524247e+02 
 1.07219342e-05  6.32017905e+02  1.97709620e-02  6.10218611e+02 
 1.07222095e-05  6.32017916e+02  1.91214181e-02  6.12702897e+02 
 1.07224871e-05  6.32017928e+02  1.84625987e-02  6.14986423e+02 
 1.07227672e-05  6.32017938e+02  1.77944466e-02  6.17078422e+02 
 1.07230500e-05  6.32017949e+02  1.71168634e-02  6.18988148e+02 
 1.07233356e-05  6.32017959e+02  1.64297333e-02  6.20724786e+02 
 1.07236241e-05  6.32017969e+02  1.57329007e-02  6.22297509e+02 
 1.07239156e-05  6.32017978e+02  1.50261874e-02  6.23715423e+02 
 1.07242105e-05  6.32017988e+02  1.43093771e-02  6.24987592e+02 
 1.07245087e-05  6.32017997e+02  1.35822282e-02  6.26123003e+02 
 1.07248106e-05  6.32018005e+02  1.28444651e-02  6.27130575e+02 
 1.07251163e-05  6.32018013e+02  1.20957906e-02  6.28019128e+02 
 1.07254237e-05  6.32018021e+02  1.13412899e-02  6.28792250e+02 
 1.07257297e-05  6.32018028e+02  1.05892782e-02  6.29453763e+02 
 1.07260345e-05  6.32018035e+02  9.83906819e-03  6.30017292e+02 
 1.07263357e-05  6.32018041e+02  9.09696245e-03  6.30490889e+02 
 1.07266329e-05  6.32018046e+02  8.36381452e-03  6.30886565e+02 
 1.07269234e-05  6.32018051e+02  7.64667947e-03  6.31212557e+02 
 1.07272051e-05  6.32018055e+02  6.95067297e-03  6.31478300e+02 
 1.07274740e-05  6.32018059e+02  6.28608119e-03  6.31691206e+02 
 1.07276987e-05  6.32018062e+02  5.73040778e-03  6.31842178e+02 
 1.07277510e-05  6.32018063e+02  5.60122875e-03  6.31874053e+02 
 1.07278436e-05  6.32018064e+02  5.37212028e-03  6.31927769e+02 
 1.07279309e-05  6.32018065e+02  5.15619360e-03  6.31975224e+02 
 1.07279977e-05  6.32018066e+02  4.99098504e-03  6.32009538e+02 
 1.07280643e-05  6.32018066e+02  4.82620807e-03  6.32042103e+02 
 1.07281139e-05  6.32018067e+02  4.70330324e-03  6.32065345e+02 
 1.07281820e-05  6.32018067e+02  4.53485810e-03  6.32095791e+02 
 1.07282852e-05  6.32018068e+02  4.27940872e-03  6.32138966e+02 
 1.07283811e-05  6.32018069e+02  4.04207688e-03  6.32175983e+02 
 1.07284854e-05  6.32018070e+02  3.78390061e-03  6.32213027e+02 
 1.07285516e-05  6.32018071e+02  3.62016691e-03  6.32234851e+02 
 1.07286467e-05  6.32018071e+02  3.38475143e-03  6.32264055e+02 
 1.07287601e-05  6.32018072e+02  3.10391654e-03  6.32295680e+02 
 1.07288719e-05  6.32018073e+02  2.82717102e-03  6.32323585e+02 
 1.07289789e-05  6.32018073e+02  2.56225682e-03  6.32347408e+02 
 1.07291329e-05  6.32018074e+02  2.18103173e-03  6.32376981e+02 
 1.07291933e-05  6.32018074e+02  2.03143747e-03  6.32387124e+02 
 1.07293107e-05  6.32018075e+02  1.74077304e-03  6.32404569e+02 
 1.07295454e-05  6.32018076e+02  1.15941640e-03  6.32430876e+02 
 1.07296261e-05  6.32018076e+02  9.59802740e-04  6.32437347e+02 
 1.07297100e-05  6.32018076e+02  7.51867383e-04  6.32442735e+02 
 1.07297782e-05  6.32018076e+02  5.83010959e-04  6.32446109e+02 
 1.07298523e-05  6.32018076e+02  3.99425162e-04  6.32448770e+02 
 1.07299235e-05  6.32018076e+02  2.23096052e-04  6.32450348e+02 
 1.07299943e-05  6.32018076e+02  4.78760244e-05  6.32450973e+02 
 1.07300673e-05  6.32018076e+02 -1.32850463e-04  6.32450640e+02 
 1.07301465e-05  6.32018076e+02 -3.28985225e-04  6.32449157e+02 
 1.07302406e-05  6.32018076e+02 -5.62186122e-04  6.32445874e+02 
 1.07303308e-05  6.32018076e+02 -7.85457135e-04  6.32441176e+02 
 1.07304506e-05  6.32018076e+02 -1.08210416e-03  6.32432553e+02 
 1.07305740e-05  6.32018075e+02 -1.38769809e-03  6.32420767e+02 
 1.07307094e-05  6.32018075e+02 -1.72310259e-03  6.32404332e+02 
 1.07308160e-05  6.32018075e+02 -1.98704831e-03  6.32388725e+02 
 1.07309253e-05  6.32018074e+02 -2.25761005e-03  6.32370185e+02 
 1.07310484e-05  6.32018073e+02 -2.56250682e-03  6.32346074e+02 
 1.07311948e-05  6.32018073e+02 -2.92494003e-03  6.32312751e+02 
 1.07313854e-05  6.32018071e+02 -3.39671486e-03  6.32261279e+02 
 1.07316008e-05  6.32018070e+02 -3.92986241e-03  6.32191134e+02 
 1.07316480e-05  6.32018069e+02 -4.04672892e-03  6.32173923e+02 
 1.07317182e-05  6.32018069e+02 -4.22063234e-03  6.32147026e+02 
 1.07317857e-05  6.32018068e+02 -4.38753077e-03  6.32119726e+02 
 1.07318599e-05  6.32018067e+02 -4.57108017e-03  6.32087960e+02 
 1.07319276e-05  6.32018067e+02 -4.73857294e-03  6.32057325e+02 
 1.07319758e-05  6.32018066e+02 -4.85791503e-03  6.32034506e+02 
 1.07320256e-05  6.32018066e+02 -4.98107377e-03  6.32010070e+02 
 1.07320845e-05  6.32018065e+02 -5.12682500e-03  6.31979954e+02 
 1.07321680e-05  6.32018064e+02 -5.33346166e-03  6.31934965e+02 
 1.07322653e-05  6.32018063e+02 -5.57423511e-03  6.31879013e+02 
 1.07323450e-05  6.32018062e+02 -5.77131640e-03  6.31830259e+02 
 1.07324312e-05  6.32018061e+02 -5.98444574e-03  6.31774408e+02 
 1.07325111e-05  6.32018060e+02 -6.18185629e-03  6.31719658e+02 
 1.07326031e-05  6.32018059e+02 -6.40928868e-03  6.31652829e+02 
 1.07326913e-05  6.32018057e+02 -6.62734803e-03  6.31584819e+02 
 1.07327900e-05  6.32018056e+02 -6.87127727e-03  6.31503964e+02 
 1.07328844e-05  6.32018055e+02 -7.10460123e-03  6.31421689e+02 
 1.07329883e-05  6.32018053e+02 -7.36127145e-03  6.31325340e+02 
 1.07330883e-05  6.32018051e+02 -7.60830036e-03  6.31226553e+02 
 1.07331971e-05  6.32018050e+02 -7.87709741e-03  6.31111978e+02 
 1.07334148e-05  6.32018046e+02 -8.41446771e-03  6.30859291e+02 
 1.07336590e-05  6.32018041e+02 -9.01676172e-03  6.30535302e+02 
 1.07339009e-05  6.32018036e+02 -9.61306791e-03  6.30167523e+02 
 1.07342051e-05  6.32018030e+02 -1.03620792e-02  6.29631501e+02 
 1.07345312e-05  6.32018023e+02 -1.11637433e-02  6.28954975e+02 
 1.07348676e-05  6.32018014e+02 -1.19896246e-02  6.28131943e+02 
 1.07352081e-05  6.32018005e+02 -1.28236388e-02  6.27153661e+02 
 1.07355373e-05  6.32017996e+02 -1.36282495e-02  6.26051775e+02 
 1.07358647e-05  6.32017986e+02 -1.44260686e-02  6.24787180e+02 
 1.07361819e-05  6.32017976e+02 -1.51967799e-02  6.23384211e+02 
 1.07364967e-05  6.32017966e+02 -1.59592305e-02  6.21801692e+02 
 1.07368040e-05  6.32017955e+02 -1.67004452e-02  6.20058355e+02 
 1.07371089e-05  6.32017944e+02 -1.74328319e-02  6.18117420e+02 
 1.07374079e-05  6.32017933e+02 -1.81476344e-02  6.15993514e+02 
 1.07377045e-05  6.32017921e+02 -1.88529590e-02  6.13654549e+02 
 1.07379963e-05  6.32017909e+02 -1.95429375e-02  6.11111298e+02 
 1.07382856e-05  6.32017897e+02 -2.02229468e-02  6.08335710e+02 
 1.07385710e-05  6.32017884e+02 -2.08890627e-02  6.05335030e+02 
 1.07388541e-05  6.32017872e+02 -2.15448650e-02  6.02084672e+02 
 1.07391339e-05  6.32017859e+02 -2.21877067e-02  5.98588844e+02 
 1.07394115e-05  6.32017845e+02 -2.28199572e-02  5.94825939e+02 
 1.07396863e-05  6.32017832e+02 -2.34398033e-02  5.90797632e+02 
 1.07399590e-05  6.32017818e+02 -2.40487903e-02  5.86484854e+02 
 1.07402294e-05  6.32017804e+02 -2.46456488e-02  5.81887206e+02 
 1.07404979e-05  6.32017790e+02 -2.52313583e-02  5.76987751e+02 
 1.07407642e-05  6.32017775e+02 -2.58050010e-02  5.71784425e+02 
 1.07410289e-05  6.32017761e+02 -2.63671644e-02  5.66262071e+02 
 1.07412918e-05  6.32017746e+02 -2.69171551e-02  5.60417305e+02 
 1.07415532e-05  6.32017731e+02 -2.74552846e-02  5.54236450e+02 
 1.07418131e-05  6.32017715e+02 -2.79809992e-02  5.47715098e+02 
 1.07420716e-05  6.32017700e+02 -2.84944133e-02  5.40840794e+02 
 1.07423287e-05  6.32017684e+02 -2.89950557e-02  5.33608352e+02 
 1.07425847e-05  6.32017668e+02 -2.94828967e-02  5.26006323e+02 
 1.07428395e-05  6.32017652e+02 -2.99575092e-02  5.18028935e+02 
 1.07430934e-05  6.32017636e+02 -3.04187548e-02  5.09665572e+02 
 1.07433462e-05  6.32017619e+02 -3.08662243e-02  5.00910026e+02 
 1.07435983e-05  6.32017603e+02 -3.12996940e-02  4.91752354e+02 
 1.07438496e-05  6.32017586e+02 -3.17187543e-02  4.82186027e+02 
 1.07441002e-05  6.32017569e+02 -3.21231112e-02  4.72201638e+02 
 1.07443502e-05  6.32017551e+02 -3.25123412e-02  4.61792408e+02 
 1.07445998e-05  6.32017534e+02 -3.28860891e-02  4.50949338e+02 
 1.07448489e-05  6.32017517e+02 -3.32439068e-02  4.39665429e+02 
 1.07450978e-05  6.32017499e+02 -3.35853818e-02  4.27931957e+02 
 1.07453464e-05  6.32017481e+02 -3.39100321e-02  4.15741692e+02 
 1.07455949e-05  6.32017463e+02 -3.42173886e-02  4.03086038e+02 
 1.07458434e-05  6.32017445e+02 -3.45069260e-02  3.89957470e+02 
 1.07460920e-05  6.32017427e+02 -3.47781148e-02  3.76347336e+02 
 1.07463408e-05  6.32017408e+02 -3.50303761e-02  3.62247689e+02 
 1.07465899e-05  6.32017389e+02 -3.52631124e-02  3.47649582e+02 
 1.07468395e-05  6.32017371e+02 -3.54756778e-02  3.32544424e+02 
 1.07470897e-05  6.32017352e+02 -3.56673947e-02  3.16922637e+02 
 1.07473406e-05  6.32017333e+02 -3.58375325e-02  3.00774634e+02 
 1.07475924e-05  6.32017313e+02 -3.59853138e-02  2.84089722e+02 
 1.07478453e-05  6.32017294e+02 -3.61098979e-02  2.66856754e+02 
 1.07480995e-05  6.32017274e+02 -3.62103784e-02  2.49063183e+02 
 1.07483551e-05  6.32017255e+02 -3.62857670e-02  2.30695406e+02 
 1.07486124e-05  6.32017235e+02 -3.63349823e-02  2.11737853e+02 
 1.07488718e-05  6.32017215e+02 -3.63568295e-02  1.92172992e+02 
 1.07491334e-05  6.32017195e+02 -3.63499785e-02  1.71980290e+02 
 1.07493977e-05  6.32017174e+02 -3.63129269e-02  1.51133766e+02 
 1.07496620e-05  6.32017154e+02 -3.62449773e-02  1.29864195e+02 
 1.07499269e-05  6.32017133e+02 -3.61452004e-02  1.08127554e+02 
 1.07501915e-05  6.32017113e+02 -3.60133416e-02  8.60319646e+01 
 1.07504567e-05  6.32017093e+02 -3.58483675e-02  6.35276199e+01 
 1.07507218e-05  6.32017073e+02 -3.56500230e-02  4.06890535e+01 
 1.07509876e-05  6.32017053e+02 -3.54172094e-02  1.74860382e+01 
 1.07512537e-05  6.32017033e+02 -3.51496538e-02 -6.01837435e+00 
 1.07515205e-05  6.32017013e+02 -3.48462702e-02 -2.98361941e+01 
 1.07517878e-05  6.32016993e+02 -3.45067484e-02 -5.39116884e+01 
 1.07520561e-05  6.32016973e+02 -3.41300349e-02 -7.82431972e+01 
 1.07523250e-05  6.32016954e+02 -3.37157613e-02 -1.02779804e+02 
 1.07525951e-05  6.32016935e+02 -3.32629634e-02 -1.27506111e+02 
 1.07528662e-05  6.32016916e+02 -3.27709821e-02 -1.52385086e+02 
 1.07531385e-05  6.32016897e+02 -3.22391750e-02 -1.77377509e+02 
 1.07534121e-05  6.32016878e+02 -3.16666872e-02 -2.02451663e+02 
 1.07536872e-05  6.32016860e+02 -3.10528490e-02 -2.27564388e+02 
 1.07539639e-05  6.32016842e+02 -3.03967698e-02 -2.52678718e+02 
 1.07542424e-05  6.32016824e+02 -2.96977157e-02 -2.77748004e+02 
 1.07545228e-05  6.32016807e+02 -2.89547560e-02 -3.02729251e+02 
 1.07548054e-05  6.32016789e+02 -2.81670685e-02 -3.27571676e+02 
 1.07550903e-05  6.32016773e+02 -2.73336435e-02 -3.52226290e+02 
 1.07553630e-05  6.32016757e+02 -2.64999493e-02 -3.75389032e+02 
 1.07556196e-05  6.32016743e+02 -2.56834510e-02 -3.96759072e+02 
 1.07558640e-05  6.32016730e+02 -2.48780981e-02 -4.16671004e+02 
 1.07560957e-05  6.32016718e+02 -2.40898543e-02 -4.35122872e+02 
 1.07563185e-05  6.32016706e+02 -2.33094565e-02 -4.52448923e+02 
 1.07565323e-05  6.32016696e+02 -2.25408751e-02 -4.68652347e+02 
 1.07567394e-05  6.32016686e+02 -2.17781877e-02 -4.83934437e+02 
 1.07569395e-05  6.32016677e+02 -2.10248560e-02 -4.98289053e+02 
 1.07571340e-05  6.32016668e+02 -2.02773002e-02 -5.11840296e+02 
 1.07573228e-05  6.32016660e+02 -1.95382551e-02 -5.24587231e+02 
 1.07575067e-05  6.32016653e+02 -1.88054684e-02 -5.36613050e+02 
 1.07576856e-05  6.32016646e+02 -1.80809842e-02 -5.47924000e+02 
 1.07578602e-05  6.32016639e+02 -1.73633782e-02 -5.58579237e+02 
 1.07580304e-05  6.32016633e+02 -1.66541742e-02 -5.68589970e+02 
 1.07581966e-05  6.32016627e+02 -1.59525051e-02 -5.78000235e+02 
 1.07583588e-05  6.32016622e+02 -1.52595271e-02 -5.86824150e+02 
 1.07585173e-05  6.32016617e+02 -1.45747552e-02 -5.95096023e+02 
 1.07586722e-05  6.32016612e+02 -1.38990897e-02 -6.02831537e+02 
 1.07588235e-05  6.32016608e+02 -1.32323083e-02 -6.10058674e+02 
 1.07589714e-05  6.32016604e+02 -1.25751349e-02 -6.16793863e+02 
 1.07591159e-05  6.32016600e+02 -1.19275295e-02 -6.23060928e+02 
 1.07592571e-05  6.32016597e+02 -1.12900972e-02 -6.28876556e+02 
 1.07593951e-05  6.32016593e+02 -1.06629268e-02 -6.34261809e+02 
 1.07595298e-05  6.32016590e+02 -1.00465468e-02 -6.39233356e+02 
 1.07596614e-05  6.32016588e+02 -9.44114055e-03 -6.43810406e+02 
 1.07597898e-05  6.32016585e+02 -8.84719198e-03 -6.48009475e+02 
 1.07599151e-05  6.32016583e+02 -8.26495834e-03 -6.51848509e+02 
 1.07600372e-05  6.32016581e+02 -7.69490458e-03 -6.55343818e+02 
 1.07601562e-05  6.32016579e+02 -7.13735179e-03 -6.58512487e+02 
 1.07602720e-05  6.32016577e+02 -6.59276832e-03 -6.61370608e+02 
 1.07603846e-05  6.32016576e+02 -6.06153804e-03 -6.63934676e+02 
 1.07604939e-05  6.32016574e+02 -5.54415493e-03 -6.66220587e+02 
 1.07606000e-05  6.32016573e+02 -5.04107336e-03 -6.68244434e+02 
 1.07607027e-05  6.32016572e+02 -4.55283866e-03 -6.70021955e+02 
 1.07608020e-05  6.32016571e+02 -4.07999390e-03 -6.71568978e+02 
 1.07608977e-05  6.32016571e+02 -3.62316989e-03 -6.72901130e+02 
 1.07609898e-05  6.32016570e+02 -3.18303233e-03 -6.74034081e+02 
 1.07610782e-05  6.32016569e+02 -2.76034911e-03 -6.74983404e+02 
 1.07611626e-05  6.32016569e+02 -2.35596988e-03 -6.75764706e+02 
 1.07612429e-05  6.32016568e+02 -1.97088760e-03 -6.76393576e+02 
 1.07613190e-05  6.32016568e+02 -1.60625368e-03 -6.76885658e+02 
 1.07613904e-05  6.32016568e+02 -1.26345926e-03 -6.77256656e+02 
 1.07614569e-05  6.32016568e+02 -9.44214955e-04 -6.77522391e+02 
 1.07615180e-05  6.32016568e+02 -6.50723062e-04 -6.77698855e+02 
 1.07615663e-05  6.32016568e+02 -4.19102900e-04 -6.77792257e+02 
 1.07616040e-05  6.32016568e+02 -2.37697674e-04 -6.77837165e+02 
 1.07616330e-05  6.32016568e+02 -9.86054577e-05 -6.77854796e+02 
 1.07616606e-05  6.32016568e+02  3.41064809e-05 -6.77858022e+02 
 1.07616897e-05  6.32016568e+02  1.73497449e-04 -6.77847114e+02 
 1.07617221e-05  6.32016568e+02  3.29464175e-04 -6.77817546e+02 
 1.07617653e-05  6.32016568e+02  5.36712501e-04 -6.77749880e+02 
 1.07618127e-05  6.32016568e+02  7.64399132e-04 -6.77638206e+02 
 1.07618690e-05  6.32016568e+02  1.03449016e-03 -6.77455032e+02 
 1.07619286e-05  6.32016568e+02  1.32066705e-03 -6.77200889e+02 
 1.07619950e-05  6.32016568e+02  1.63923677e-03 -6.76845251e+02 
 1.07620644e-05  6.32016568e+02  1.97233843e-03 -6.76391376e+02 
 1.07621394e-05  6.32016569e+02  2.33188552e-03 -6.75807275e+02 
 1.07622175e-05  6.32016569e+02  2.70556623e-03 -6.75096441e+02 
 1.07623003e-05  6.32016570e+02  3.10178876e-03 -6.74226998e+02 
 1.07623860e-05  6.32016570e+02  3.51182513e-03 -6.73201571e+02 
 1.07624761e-05  6.32016571e+02  3.94152446e-03 -6.71989468e+02 
 1.07625690e-05  6.32016572e+02  4.38461786e-03 -6.70591797e+02 
 1.07626658e-05  6.32016573e+02  4.84514506e-03 -6.68979580e+02 
 1.07627655e-05  6.32016574e+02  5.31856547e-03 -6.67152057e+02 
 1.07628688e-05  6.32016575e+02  5.80764117e-03 -6.65082141e+02 
 1.07629749e-05  6.32016577e+02  6.30905190e-03 -6.62767101e+02 
 1.07630843e-05  6.32016578e+02  6.82465438e-03 -6.60181716e+02 
 1.07631966e-05  6.32016580e+02  7.35199118e-03 -6.57321337e+02 
 1.07633120e-05  6.32016582e+02  7.89227606e-03 -6.54162454e+02 
 1.07634303e-05  6.32016584e+02  8.44366195e-03 -6.50698631e+02 
 1.07635517e-05  6.32016586e+02  9.00690532e-03 -6.46907845e+02 
 1.07636759e-05  6.32016588e+02  9.58059067e-03 -6.42782036e+02 
 1.07638031e-05  6.32016591e+02  1.01651484e-02 -6.38300405e+02 
 1.07639331e-05  6.32016594e+02  1.07594675e-02 -6.33453423e+02 
 1.07640662e-05  6.32016597e+02  1.13637450e-02 -6.28221235e+02 
 1.07642022e-05  6.32016600e+02  1.19770840e-02 -6.22592967e+02 
 1.07643411e-05  6.32016604e+02  1.25995131e-02 -6.16549415e+02 
 1.07644831e-05  6.32016608e+02  1.32302850e-02 -6.10078439e+02 
 1.07646281e-05  6.32016612e+02  1.38693062e-02 -6.03161179e+02 
 1.07647761e-05  6.32016617e+02  1.45159325e-02 -5.95784237e+02 
 1.07649274e-05  6.32016621e+02  1.51699810e-02 -5.87928763e+02 
 1.07650818e-05  6.32016626e+02  1.58308775e-02 -5.79580025e+02 
 1.07652395e-05  6.32016632e+02  1.64983728e-02 -5.70718799e+02 
 1.07654006e-05  6.32016638e+02  1.71719395e-02 -5.61328826e+02 
 1.07655652e-05  6.32016644e+02  1.78512791e-02 -5.51390031e+02 
 1.07657334e-05  6.32016650e+02  1.85358951e-02 -5.40884277e+02 
 1.07659053e-05  6.32016657e+02  1.92254522e-02 -5.29790009e+02 
 1.07660811e-05  6.32016665e+02  1.99194752e-02 -5.18086625e+02 
 1.07662611e-05  6.32016672e+02  2.06176033e-02 -5.05750197e+02 
 1.07664452e-05  6.32016681e+02  2.13193786e-02 -4.92756704e+02 
 1.07666339e-05  6.32016689e+02  2.20244265e-02 -4.79078512e+02 
 1.07668275e-05  6.32016698e+02  2.27323092e-02 -4.64686610e+02 
 1.07670261e-05  6.32016708e+02  2.34426549e-02 -4.49547536e+02 
 1.07672302e-05  6.32016719e+02  2.41550588e-02 -4.33624628e+02 
 1.07674403e-05  6.32016729e+02  2.48691799e-02 -4.16874994e+02 
 1.07676569e-05  6.32016741e+02  2.55846791e-02 -3.99249557e+02 
 1.07678806e-05  6.32016753e+02  2.63013006e-02 -3.80689385e+02 
 1.07681123e-05  6.32016767e+02  2.70188471e-02 -3.61123762e+02 
 1.07683529e-05  6.32016781e+02  2.77372691e-02 -3.40464312e+02 
 1.07686038e-05  6.32016796e+02  2.84566990e-02 -3.18598652e+02 
 1.07688667e-05  6.32016812e+02  2.91776057e-02 -2.95377629e+02 
 1.07691440e-05  6.32016829e+02  2.99009888e-02 -2.70595632e+02 
 1.07694295e-05  6.32016848e+02  3.06056236e-02 -2.44830186e+02 
 1.07697086e-05  6.32016866e+02  3.12548959e-02 -2.19448846e+02 
 1.07699897e-05  6.32016885e+02  3.18690862e-02 -1.93746007e+02 
 1.07702642e-05  6.32016904e+02  3.24300124e-02 -1.68572451e+02 
 1.07705398e-05  6.32016923e+02  3.29546223e-02 -1.43269793e+02 
 1.07708108e-05  6.32016942e+02  3.34325500e-02 -1.18422229e+02 
 1.07710825e-05  6.32016961e+02  3.38743415e-02 -9.35732560e+01 
 1.07713508e-05  6.32016981e+02  3.42739007e-02 -6.91457551e+01 
 1.07716195e-05  6.32017000e+02  3.46376883e-02 -4.48335379e+01 
 1.07718856e-05  6.32017020e+02  3.49623623e-02 -2.09427482e+01 
 1.07721519e-05  6.32017040e+02  3.52521055e-02  2.74306283e+00 
 1.07724163e-05  6.32017060e+02  3.55052430e-02  2.59980310e+01 
 1.07726807e-05  6.32017080e+02  3.57244840e-02  4.89707422e+01 
 1.07729436e-05  6.32017100e+02  3.59092787e-02  7.15017103e+01 
 1.07732065e-05  6.32017120e+02  3.60614052e-02  9.36897845e+01 
 1.07734683e-05  6.32017140e+02  3.61809726e-02  1.15422855e+02 
 1.07737300e-05  6.32017160e+02  3.62692057e-02  1.36765687e+02 
 1.07739910e-05  6.32017181e+02  3.63265811e-02  1.57639616e+02 
 1.07742520e-05  6.32017201e+02  3.63540054e-02  1.78086599e+02 
 1.07745124e-05  6.32017221e+02  3.63521466e-02  1.98051670e+02 
 1.07747728e-05  6.32017241e+02  3.63217342e-02  2.17561777e+02 
 1.07750330e-05  6.32017261e+02  3.62635234e-02  2.36578837e+02 
 1.07752932e-05  6.32017281e+02  3.61781491e-02  2.55120202e+02 
 1.07755530e-05  6.32017301e+02  3.60665281e-02  2.73140657e+02 
 1.07758097e-05  6.32017321e+02  3.59310324e-02  2.90456476e+02 
 1.07760655e-05  6.32017340e+02  3.57718319e-02  3.07215400e+02 
 1.07763187e-05  6.32017359e+02  3.55911290e-02  3.23315516e+02 
 1.07765712e-05  6.32017378e+02  3.53887323e-02  3.38880799e+02 
 1.07768218e-05  6.32017397e+02  3.51665410e-02  3.53847760e+02 
 1.07770720e-05  6.32017416e+02  3.49243352e-02  3.68301642e+02 
 1.07773209e-05  6.32017434e+02  3.46637537e-02  3.82201958e+02 
 1.07775695e-05  6.32017453e+02  3.43846403e-02  3.95607550e+02 
 1.07778172e-05  6.32017471e+02  3.40883882e-02  4.08494284e+02 
 1.07780648e-05  6.32017489e+02  3.37749179e-02  4.20904081e+02 
 1.07783118e-05  6.32017506e+02  3.34454011e-02  4.32824075e+02 
 1.07785589e-05  6.32017524e+02  3.30998311e-02  4.44285065e+02 
 1.07788057e-05  6.32017541e+02  3.27391897e-02  4.55281709e+02 
 1.07790527e-05  6.32017558e+02  3.23635327e-02  4.65837416e+02 
 1.07792997e-05  6.32017575e+02  3.19736833e-02  4.75951825e+02 
 1.07795470e-05  6.32017592e+02  3.15697459e-02  4.85643445e+02 
 1.07797945e-05  6.32017608e+02  3.11524125e-02  4.94915209e+02 
 1.07800425e-05  6.32017625e+02  3.07218219e-02  5.03782395e+02 
 1.07802909e-05  6.32017641e+02  3.02785575e-02  5.12250116e+02 
 1.07805398e-05  6.32017657e+02  2.98227797e-02  5.20331528e+02 
 1.07807894e-05  6.32017672e+02  2.93549813e-02  5.28033186e+02 
 1.07810397e-05  6.32017688e+02  2.88753332e-02  5.35366865e+02 
 1.07812908e-05  6.32017703e+02  2.83842518e-02  5.42340075e+02 
 1.07815427e-05  6.32017718e+02  2.78819087e-02  5.48963698e+02 
 1.07817956e-05  6.32017733e+02  2.73686550e-02  5.55245876e+02 
 1.07820495e-05  6.32017748e+02  2.68446551e-02  5.61196922e+02 
 1.07823045e-05  6.32017762e+02  2.63102024e-02  5.66825397e+02 
 1.07825607e-05  6.32017776e+02  2.57654473e-02  5.72141252e+02 
 1.07828182e-05  6.32017790e+02  2.52106310e-02  5.77153328e+02 
 1.07830770e-05  6.32017804e+02  2.46458841e-02  5.81871351e+02 
 1.07833373e-05  6.32017817e+02  2.40713990e-02  5.86304342e+02 
 1.07835991e-05  6.32017831e+02  2.34872810e-02  5.90461885e+02 
 1.07838625e-05  6.32017844e+02  2.28936753e-02  5.94353122e+02 
 1.07841276e-05  6.32017856e+02  2.22906571e-02  5.97987542e+02 
 1.07843945e-05  6.32017869e+02  2.16783243e-02  6.01374358e+02 
 1.07846633e-05  6.32017881e+02  2.10567170e-02  6.04522996e+02 
 1.07849342e-05  6.32017893e+02  2.04258847e-02  6.07442703e+02 
 1.07852072e-05  6.32017905e+02  1.97858269e-02  6.10142852e+02 
 1.07854824e-05  6.32017916e+02  1.91365422e-02  6.12632695e+02 
 1.07857600e-05  6.32017927e+02  1.84779843e-02  6.14921551e+02 
 1.07860400e-05  6.32017938e+02  1.78100975e-02  6.17018653e+02 
 1.07863227e-05  6.32017949e+02  1.71327837e-02  6.18933254e+02 
 1.07866082e-05  6.32017959e+02  1.64459287e-02  6.20674540e+02 
 1.07868966e-05  6.32017969e+02  1.57493777e-02  6.22251683e+02 
 1.07871881e-05  6.32017978e+02  1.50429539e-02  6.23673788e+02 
 1.07874828e-05  6.32017987e+02  1.43264421e-02  6.24949921e+02 
 1.07877810e-05  6.32017996e+02  1.35996024e-02  6.26089069e+02 
 1.07880827e-05  6.32018005e+02  1.28621603e-02  6.27100151e+02 
 1.07883883e-05  6.32018013e+02  1.21138205e-02  6.27991988e+02 
 1.07886959e-05  6.32018021e+02  1.13589645e-02  6.28768819e+02 
 1.07890019e-05  6.32018028e+02  1.06069989e-02  6.29433258e+02 
 1.07893069e-05  6.32018034e+02  9.85625602e-03  6.29999808e+02 
 1.07896082e-05  6.32018040e+02  9.11385953e-03  6.30475856e+02 
 1.07899057e-05  6.32018046e+02  8.37997503e-03  6.30873870e+02 
 1.07901966e-05  6.32018051e+02  7.66206147e-03  6.31201839e+02 
 1.07904788e-05  6.32018055e+02  6.96476109e-03  6.31469400e+02 
 1.07907483e-05  6.32018059e+02  6.29863808e-03  6.31683836e+02 
 1.07909745e-05  6.32018062e+02  5.73950258e-03  6.31836423e+02 
 1.07910268e-05  6.32018063e+02  5.61006231e-03  6.31868490e+02 
 1.07911207e-05  6.32018064e+02  5.37786272e-03  6.31923128e+02 
 1.07912096e-05  6.32018065e+02  5.15794817e-03  6.31971589e+02 
 1.07912777e-05  6.32018066e+02  4.98936674e-03  6.32006660e+02 
 1.07913455e-05  6.32018066e+02  4.82160614e-03  6.32039836e+02 
 1.07913940e-05  6.32018067e+02  4.70160479e-03  6.32062544e+02 
 1.07914610e-05  6.32018067e+02  4.53597051e-03  6.32092529e+02 
 1.07915594e-05  6.32018068e+02  4.29246131e-03  6.32133848e+02 
 1.07916585e-05  6.32018069e+02  4.04703339e-03  6.32172309e+02 
 1.07917258e-05  6.32018070e+02  3.88061393e-03  6.32196644e+02 
 1.07918426e-05  6.32018071e+02  3.59151376e-03  6.32235722e+02 
 1.07919480e-05  6.32018071e+02  3.33047590e-03  6.32267676e+02 
 1.07920293e-05  6.32018072e+02  3.12939060e-03  6.32290234e+02 
 1.07921372e-05  6.32018073e+02  2.86226121e-03  6.32317554e+02 
 1.07922485e-05  6.32018073e+02  2.58666796e-03  6.32342709e+02 
 1.07923550e-05  6.32018074e+02  2.32293811e-03  6.32364027e+02 
 1.07925268e-05  6.32018075e+02  1.89740302e-03  6.32393022e+02 
 1.07925814e-05  6.32018075e+02  1.76241093e-03  6.32400876e+02 
 1.07926904e-05  6.32018075e+02  1.49242007e-03  6.32414708e+02 
 1.07928620e-05  6.32018076e+02  1.06748748e-03  6.32431572e+02 
 1.07930810e-05  6.32018076e+02  5.25018582e-04  6.32444705e+02 
 1.07931818e-05  6.32018076e+02  2.75521790e-04  6.32447648e+02 
 1.07932813e-05  6.32018076e+02  2.89575458e-05  6.32448674e+02 
 1.07933579e-05  6.32018076e+02 -1.60733403e-04  6.32448199e+02 
 1.07934355e-05  6.32018076e+02 -3.52724878e-04  6.32446603e+02 
 1.07935262e-05  6.32018076e+02 -5.77321072e-04  6.32443311e+02 
 1.07936147e-05  6.32018076e+02 -7.96659608e-04  6.32438606e+02 
 1.07937349e-05  6.32018076e+02 -1.09433879e-03  6.32429835e+02 
 1.07938610e-05  6.32018075e+02 -1.40655623e-03  6.32417620e+02 
 1.07941132e-05  6.32018074e+02 -2.03095788e-03  6.32383539e+02 
 1.07941673e-05  6.32018074e+02 -2.16509504e-03  6.32374449e+02 
 1.07942653e-05  6.32018074e+02 -2.40758401e-03  6.32356356e+02 
 1.07943618e-05  6.32018073e+02 -2.64667062e-03  6.32336355e+02 
 1.07944783e-05  6.32018072e+02 -2.93505267e-03  6.32309252e+02 
 1.07945564e-05  6.32018072e+02 -3.12843058e-03  6.32289175e+02 
 1.07946608e-05  6.32018071e+02 -3.38681381e-03  6.32259859e+02 
 1.07947280e-05  6.32018071e+02 -3.55319441e-03  6.32239415e+02 
 1.07948243e-05  6.32018070e+02 -3.79141646e-03  6.32207917e+02 
 1.07949056e-05  6.32018069e+02 -3.99277936e-03  6.32179167e+02 
 1.07949755e-05  6.32018069e+02 -4.16574421e-03  6.32152853e+02 
 1.07950415e-05  6.32018068e+02 -4.32909934e-03  6.32126578e+02 
 1.07951026e-05  6.32018068e+02 -4.48033015e-03  6.32100982e+02 
 1.07951601e-05  6.32018067e+02 -4.62258367e-03  6.32075753e+02 
 1.07952105e-05  6.32018067e+02 -4.74727848e-03  6.32052695e+02 
 1.07952624e-05  6.32018066e+02 -4.87561202e-03  6.32028020e+02 
 1.07953147e-05  6.32018065e+02 -5.00507009e-03  6.32002131e+02 
 1.07953755e-05  6.32018065e+02 -5.15556349e-03  6.31970742e+02 
 1.07954431e-05  6.32018064e+02 -5.32276345e-03  6.31934189e+02 
 1.07955169e-05  6.32018063e+02 -5.50537520e-03  6.31892178e+02 
 1.07955944e-05  6.32018062e+02 -5.69694902e-03  6.31845673e+02 
 1.07956762e-05  6.32018061e+02 -5.89913881e-03  6.31793785e+02 
 1.07957607e-05  6.32018060e+02 -6.10822000e-03  6.31736974e+02 
 1.07958491e-05  6.32018059e+02 -6.32668258e-03  6.31674039e+02 
 1.07959400e-05  6.32018058e+02 -6.55135999e-03  6.31605339e+02 
 1.07960343e-05  6.32018056e+02 -6.78461465e-03  6.31529557e+02 
 1.07961310e-05  6.32018055e+02 -7.02359097e-03  6.31446989e+02 
 1.07962310e-05  6.32018053e+02 -7.27053010e-03  6.31356183e+02 
 1.07963332e-05  6.32018052e+02 -7.52290135e-03  6.31257340e+02 
 1.07964384e-05  6.32018050e+02 -7.78281132e-03  6.31148853e+02 
 1.07965458e-05  6.32018048e+02 -8.04798718e-03  6.31030823e+02 
 1.07966562e-05  6.32018046e+02 -8.32042639e-03  6.30901449e+02 
 1.07968769e-05  6.32018042e+02 -8.86504893e-03  6.30616493e+02 
 1.07971116e-05  6.32018038e+02 -9.44368929e-03  6.30271982e+02 
 1.07973641e-05  6.32018033e+02 -1.00655662e-02  6.29848715e+02 
 1.07976979e-05  6.32018025e+02 -1.08868153e-02  6.29195561e+02 
 1.07980106e-05  6.32018018e+02 -1.16547523e-02  6.28475611e+02 
 1.07983652e-05  6.32018009e+02 -1.25241231e-02  6.27515985e+02 
 1.07986867e-05  6.32018000e+02 -1.33105275e-02  6.26498785e+02 
 1.07990251e-05  6.32017990e+02 -1.41362267e-02  6.25259054e+02 
 1.07993383e-05  6.32017980e+02 -1.48980516e-02  6.23941076e+02 
 1.07996606e-05  6.32017970e+02 -1.56796771e-02  6.22395549e+02 
 1.07999655e-05  6.32017959e+02 -1.64161542e-02  6.20741258e+02 
 1.08002756e-05  6.32017948e+02 -1.71622766e-02  6.18849256e+02 
 1.08005733e-05  6.32017937e+02 -1.78752039e-02  6.16818432e+02 
 1.08008736e-05  6.32017925e+02 -1.85909571e-02  6.14539395e+02 
 1.08011648e-05  6.32017914e+02 -1.92810376e-02  6.12093262e+02 
 1.08014570e-05  6.32017901e+02 -1.99693550e-02  6.09387955e+02 
 1.08017423e-05  6.32017889e+02 -2.06368981e-02  6.06488708e+02 
 1.08020276e-05  6.32017876e+02 -2.12996195e-02  6.03318478e+02 
 1.08023075e-05  6.32017864e+02 -2.19447850e-02  5.99928740e+02 
 1.08025868e-05  6.32017850e+02 -2.25830524e-02  5.96255325e+02 
 1.08028619e-05  6.32017837e+02 -2.32058488e-02  5.92338074e+02 
 1.08031360e-05  6.32017823e+02 -2.38202837e-02  5.88123680e+02 
 1.08034067e-05  6.32017809e+02 -2.44205509e-02  5.83642311e+02 
 1.08036763e-05  6.32017795e+02 -2.50113703e-02  5.78849699e+02 
 1.08039431e-05  6.32017781e+02 -2.55887782e-02  5.73768081e+02 
 1.08042087e-05  6.32017766e+02 -2.61558772e-02  5.68360628e+02 
 1.08044720e-05  6.32017751e+02 -2.67099298e-02  5.62643153e+02 
 1.08047342e-05  6.32017736e+02 -2.72529391e-02  5.56584895e+02 
 1.08049944e-05  6.32017721e+02 -2.77829814e-02  5.50196524e+02 
 1.08052535e-05  6.32017706e+02 -2.83013078e-02  5.43452187e+02 
 1.08055110e-05  6.32017690e+02 -2.88065313e-02  5.36358478e+02 
 1.08057675e-05  6.32017674e+02 -2.92993850e-02  5.28893494e+02 
 1.08060227e-05  6.32017658e+02 -2.97788320e-02  5.21060624e+02 
 1.08062770e-05  6.32017642e+02 -3.02452453e-02  5.12841126e+02 
 1.08065302e-05  6.32017625e+02 -3.06978117e-02  5.04235887e+02 
 1.08067826e-05  6.32017609e+02 -3.11366500e-02  4.95228676e+02 
 1.08070341e-05  6.32017592e+02 -3.15610849e-02  4.85818440e+02 
 1.08072850e-05  6.32017575e+02 -3.19710517e-02  4.75990924e+02 
 1.08075352e-05  6.32017558e+02 -3.23659545e-02  4.65743564e+02 
 1.08077850e-05  6.32017541e+02 -3.27455915e-02  4.55063640e+02 
 1.08080342e-05  6.32017523e+02 -3.31094049e-02  4.43947393e+02 
 1.08082832e-05  6.32017506e+02 -3.34570855e-02  4.32383260e+02 
 1.08085319e-05  6.32017488e+02 -3.37880841e-02  4.20366505e+02 
 1.08087804e-05  6.32017470e+02 -3.41020019e-02  4.07886383e+02 
 1.08090289e-05  6.32017452e+02 -3.43982749e-02  3.94937298e+02 
 1.08092775e-05  6.32017433e+02 -3.46764232e-02  3.81508997e+02 
 1.08095262e-05  6.32017415e+02 -3.49358490e-02  3.67595048e+02 
 1.08097752e-05  6.32017396e+02 -3.51759918e-02  3.53185339e+02 
 1.08100246e-05  6.32017378e+02 -3.53962014e-02  3.38272505e+02 
 1.08102745e-05  6.32017359e+02 -3.55958304e-02  3.22846177e+02 
 1.08105252e-05  6.32017340e+02 -3.57741550e-02  3.06897810e+02 
 1.08107766e-05  6.32017321e+02 -3.59304267e-02  2.90416253e+02 
 1.08110291e-05  6.32017301e+02 -3.60638218e-02  2.73391330e+02 
 1.08112827e-05  6.32017282e+02 -3.61734654e-02  2.55810373e+02 
 1.08115378e-05  6.32017262e+02 -3.62583975e-02  2.37660802e+02 
 1.08117945e-05  6.32017242e+02 -3.63175762e-02  2.18927322e+02 
 1.08120530e-05  6.32017222e+02 -3.63498503e-02  1.99593649e+02 
 1.08123138e-05  6.32017202e+02 -3.63539442e-02  1.79640070e+02 
 1.08125770e-05  6.32017182e+02 -3.63284276e-02  1.59044342e+02 
 1.08128418e-05  6.32017161e+02 -3.62720662e-02  1.37893783e+02 
 1.08131061e-05  6.32017141e+02 -3.61844551e-02  1.16359224e+02 
 1.08133712e-05  6.32017121e+02 -3.60645654e-02  9.43696139e+01 
 1.08136359e-05  6.32017100e+02 -3.59122826e-02  7.20413707e+01 
 1.08139012e-05  6.32017080e+02 -3.57263865e-02  4.93070738e+01 
 1.08141666e-05  6.32017060e+02 -3.55067791e-02  2.62569088e+01 
 1.08144327e-05  6.32017040e+02 -3.52521975e-02  2.84944448e+00 
 1.08146991e-05  6.32017020e+02 -3.49625197e-02 -2.08399242e+01 
 1.08149663e-05  6.32017000e+02 -3.46365158e-02 -4.48312307e+01 
 1.08152341e-05  6.32016981e+02 -3.42740044e-02 -6.90597085e+01 
 1.08155029e-05  6.32016961e+02 -3.38738070e-02 -9.35292579e+01 
 1.08157724e-05  6.32016942e+02 -3.34357289e-02 -1.18178484e+02 
 1.08160432e-05  6.32016923e+02 -3.29583763e-02 -1.43012734e+02 
 1.08163150e-05  6.32016904e+02 -3.24418136e-02 -1.67956608e+02 
 1.08165882e-05  6.32016885e+02 -3.18845494e-02 -1.93010602e+02 
 1.08168626e-05  6.32016867e+02 -3.12865064e-02 -2.18105745e+02 
 1.08171388e-05  6.32016849e+02 -3.06462726e-02 -2.43228456e+02 
 1.08174165e-05  6.32016831e+02 -2.99636030e-02 -2.68313995e+02 
 1.08176963e-05  6.32016813e+02 -2.92371516e-02 -2.93336240e+02 
 1.08179780e-05  6.32016796e+02 -2.84664936e-02 -3.18232103e+02 
 1.08182620e-05  6.32016779e+02 -2.76503015e-02 -3.42964688e+02 
 1.08185456e-05  6.32016763e+02 -2.67968432e-02 -3.67225477e+02 
 1.08188037e-05  6.32016748e+02 -2.59873890e-02 -3.88873631e+02 
 1.08190564e-05  6.32016734e+02 -2.51649594e-02 -4.09632275e+02 
 1.08192893e-05  6.32016722e+02 -2.43814527e-02 -4.28340180e+02 
 1.08195178e-05  6.32016710e+02 -2.35894759e-02 -4.46265920e+02 
 1.08197327e-05  6.32016700e+02 -2.28241946e-02 -4.62706624e+02 
 1.08199439e-05  6.32016690e+02 -2.20532585e-02 -4.78443930e+02 
 1.08201451e-05  6.32016680e+02 -2.13017062e-02 -4.93030203e+02 
 1.08203427e-05  6.32016672e+02 -2.05477871e-02 -5.06949079e+02 
 1.08205326e-05  6.32016663e+02 -1.98092023e-02 -5.19922396e+02 
 1.08207190e-05  6.32016656e+02 -1.90711841e-02 -5.32257302e+02 
 1.08208992e-05  6.32016649e+02 -1.83461228e-02 -5.43786559e+02 
 1.08210758e-05  6.32016642e+02 -1.76239713e-02 -5.54709044e+02 
 1.08212472e-05  6.32016635e+02 -1.69133829e-02 -5.64927833e+02 
 1.08214152e-05  6.32016630e+02 -1.62075597e-02 -5.74573945e+02 
 1.08215786e-05  6.32016624e+02 -1.55125569e-02 -5.83594407e+02 
 1.08217386e-05  6.32016619e+02 -1.48238214e-02 -5.92077447e+02 
 1.08218946e-05  6.32016614e+02 -1.41456091e-02 -5.99997370e+02 
 1.08220474e-05  6.32016610e+02 -1.34749159e-02 -6.07415392e+02 
 1.08221964e-05  6.32016605e+02 -1.28147563e-02 -6.14322609e+02 
 1.08223422e-05  6.32016602e+02 -1.21631944e-02 -6.20763187e+02 
 1.08224846e-05  6.32016598e+02 -1.15223921e-02 -6.26738447e+02 
 1.08226238e-05  6.32016595e+02 -1.08911511e-02 -6.32281795e+02 
 1.08227597e-05  6.32016592e+02 -1.02710526e-02 -6.37400686e+02 
 1.08228925e-05  6.32016589e+02 -9.66140946e-03 -6.42121741e+02 
 1.08230220e-05  6.32016586e+02 -9.06341275e-03 -6.46456025e+02 
 1.08231485e-05  6.32016584e+02 -8.47673316e-03 -6.50425887e+02 
 1.08232717e-05  6.32016582e+02 -7.90230664e-03 -6.54044463e+02 
 1.08233919e-05  6.32016580e+02 -7.34005987e-03 -6.57331412e+02 
 1.08235088e-05  6.32016578e+02 -6.79077102e-03 -6.60301019e+02 
 1.08236226e-05  6.32016576e+02 -6.25455829e-03 -6.62971257e+02 
 1.08237332e-05  6.32016575e+02 -5.73211513e-03 -6.65357018e+02 
 1.08238404e-05  6.32016574e+02 -5.22371521e-03 -6.67475227e+02 
 1.08239444e-05  6.32016573e+02 -4.73002680e-03 -6.69341078e+02 
 1.08240449e-05  6.32016572e+02 -4.25146635e-03 -6.70970853e+02 
 1.08241420e-05  6.32016571e+02 -3.78873267e-03 -6.72379894e+02 
 1.08242354e-05  6.32016570e+02 -3.34239597e-03 -6.73584107e+02 
 1.08243252e-05  6.32016570e+02 -2.91324896e-03 -6.74598917e+02 
 1.08244111e-05  6.32016569e+02 -2.50205740e-03 -6.75440041e+02 
 1.08244929e-05  6.32016569e+02 -2.10979773e-03 -6.76122983e+02 
 1.08245706e-05  6.32016568e+02 -1.73752599e-03 -6.76663423e+02 
 1.08246437e-05  6.32016568e+02 -1.38656067e-03 -6.77076997e+02 
 1.08247121e-05  6.32016568e+02 -1.05846227e-03 -6.77379502e+02 
 1.08247752e-05  6.32016568e+02 -7.55241650e-04 -6.77586843e+02 
 1.08248261e-05  6.32016568e+02 -5.10844981e-04 -6.77703486e+02 
 1.08248671e-05  6.32016568e+02 -3.14210871e-04 -6.77764639e+02 
 1.08248998e-05  6.32016568e+02 -1.57370917e-04 -6.77792517e+02 
 1.08249278e-05  6.32016568e+02 -2.27708317e-05 -6.77801656e+02 
 1.08249564e-05  6.32016568e+02  1.14680459e-04 -6.77796894e+02 
 1.08249855e-05  6.32016568e+02  2.54499644e-04 -6.77777437e+02 
 1.08250258e-05  6.32016568e+02  4.47769947e-04 -6.77726275e+02 
 1.08250700e-05  6.32016568e+02  6.60100873e-04 -6.77637598e+02 
 1.08251239e-05  6.32016568e+02  9.18906543e-04 -6.77483534e+02 
 1.08251811e-05  6.32016568e+02  1.19336056e-03 -6.77264946e+02 
 1.08252455e-05  6.32016568e+02  1.50281129e-03 -6.76950289e+02 
 1.08253130e-05  6.32016568e+02  1.82623171e-03 -6.76544121e+02 
 1.08253863e-05  6.32016569e+02  2.17773720e-03 -6.76012992e+02 
 1.08254625e-05  6.32016569e+02  2.54293199e-03 -6.75362106e+02 
 1.08255438e-05  6.32016570e+02  2.93181560e-03 -6.74557828e+02 
 1.08256279e-05  6.32016570e+02  3.33423234e-03 -6.73604616e+02 
 1.08257165e-05  6.32016571e+02  3.75715925e-03 -6.72469944e+02 
 1.08258079e-05  6.32016572e+02  4.19332497e-03 -6.71156737e+02 
 1.08259033e-05  6.32016572e+02  4.64756605e-03 -6.69634253e+02 
 1.08260016e-05  6.32016574e+02  5.11463338e-03 -6.67903436e+02 
 1.08261035e-05  6.32016575e+02  5.59785321e-03 -6.65935594e+02 
 1.08262083e-05  6.32016576e+02  6.09340381e-03 -6.63729528e+02 
 1.08263164e-05  6.32016577e+02  6.60354195e-03 -6.61258605e+02 
 1.08264274e-05  6.32016579e+02  7.12545498e-03 -6.58519516e+02 
 1.08265416e-05  6.32016581e+02  7.66064071e-03 -6.55487546e+02 
 1.08266586e-05  6.32016583e+02  8.20700038e-03 -6.52157409e+02 
 1.08267787e-05  6.32016585e+02  8.76549217e-03 -6.48506079e+02 
 1.08269016e-05  6.32016587e+02  9.33452243e-03 -6.44526468e+02 
 1.08270276e-05  6.32016590e+02  9.91466502e-03 -6.40196966e+02 
 1.08271564e-05  6.32016593e+02  1.05046830e-02 -6.35508862e+02 
 1.08272882e-05  6.32016596e+02  1.11048755e-02 -6.30441661e+02 
 1.08274229e-05  6.32016599e+02  1.17142568e-02 -6.24985186e+02 
 1.08275607e-05  6.32016603e+02  1.23329288e-02 -6.19119745e+02 
 1.08277013e-05  6.32016606e+02  1.29600814e-02 -6.12833800e+02 
 1.08278450e-05  6.32016610e+02  1.35956739e-02 -6.06108148e+02 
 1.08279918e-05  6.32016615e+02  1.42390180e-02 -5.98929927e+02 
 1.08281417e-05  6.32016619e+02  1.48899689e-02 -5.91280083e+02 
 1.08282947e-05  6.32016624e+02  1.55479220e-02 -5.83144385e+02 
 1.08284510e-05  6.32016630e+02  1.62126555e-02 -5.74503547e+02 
 1.08286107e-05  6.32016635e+02  1.68836212e-02 -5.65341817e+02 
 1.08287738e-05  6.32016641e+02  1.75605403e-02 -5.55639208e+02 
 1.08289404e-05  6.32016648e+02  1.82429020e-02 -5.45378151e+02 
 1.08291107e-05  6.32016654e+02  1.89303852e-02 -5.34537357e+02 
 1.08292849e-05  6.32016661e+02  1.96225047e-02 -5.23096915e+02 
 1.08294630e-05  6.32016669e+02  2.03189092e-02 -5.11033409e+02 
 1.08296453e-05  6.32016677e+02  2.10191329e-02 -4.98323729e+02 
 1.08298321e-05  6.32016686e+02  2.17228067e-02 -4.84941110e+02 
 1.08300235e-05  6.32016695e+02  2.24294847e-02 -4.70857839e+02 
 1.08302199e-05  6.32016704e+02  2.31387953e-02 -4.56041881e+02 
 1.08304217e-05  6.32016714e+02  2.38503227e-02 -4.40458557e+02 
 1.08306292e-05  6.32016725e+02  2.45637178e-02 -4.24067361e+02 
 1.08308429e-05  6.32016736e+02  2.52786218e-02 -4.06822464e+02 
 1.08310635e-05  6.32016748e+02  2.59947548e-02 -3.88669124e+02 
 1.08312917e-05  6.32016761e+02  2.67118783e-02 -3.69542415e+02 
 1.08315284e-05  6.32016775e+02  2.74298831e-02 -3.49361941e+02 
 1.08317748e-05  6.32016789e+02  2.81488042e-02 -3.28026905e+02 
 1.08320323e-05  6.32016805e+02  2.88689546e-02 -3.05405488e+02 
 1.08323031e-05  6.32016822e+02  2.95910650e-02 -2.81319645e+02 
 1.08325901e-05  6.32016840e+02  3.03166305e-02 -2.55515354e+02 
 1.08328685e-05  6.32016858e+02  3.09809326e-02 -2.30271271e+02 
 1.08331521e-05  6.32016877e+02  3.16173560e-02 -2.04397595e+02 
 1.08334266e-05  6.32016896e+02  3.21945678e-02 -1.79250440e+02 
 1.08337041e-05  6.32016915e+02  3.27388766e-02 -1.53791666e+02 
 1.08339750e-05  6.32016934e+02  3.32326745e-02 -1.28927710e+02 
 1.08342480e-05  6.32016953e+02  3.36923332e-02 -1.03930235e+02 
 1.08345164e-05  6.32016972e+02  3.41073944e-02 -7.94459794e+01 
 1.08347860e-05  6.32016992e+02  3.44877792e-02 -5.49805081e+01 
 1.08350523e-05  6.32017012e+02  3.48275427e-02 -3.09962379e+01 
 1.08353193e-05  6.32017032e+02  3.51328572e-02 -7.14949920e+00 
 1.08355838e-05  6.32017052e+02  3.54005721e-02  1.62278883e+01 
 1.08358487e-05  6.32017072e+02  3.56345172e-02  3.93711231e+01 
 1.08361118e-05  6.32017092e+02  3.58333249e-02  6.20476721e+01 
 1.08363751e-05  6.32017112e+02  3.59993827e-02  8.44156919e+01 
 1.08366370e-05  6.32017132e+02  3.61323734e-02  1.06312856e+02 
 1.08368990e-05  6.32017152e+02  3.62338297e-02  1.27844326e+02 
 1.08371601e-05  6.32017172e+02  3.63040297e-02  1.48897043e+02 
 1.08374213e-05  6.32017192e+02  3.63440150e-02  1.69540317e+02 
 1.08376817e-05  6.32017212e+02  3.63543828e-02  1.89695657e+02 
 1.08379423e-05  6.32017233e+02  3.63359029e-02  2.09408452e+02 
 1.08382025e-05  6.32017253e+02  3.62893277e-02  2.28624532e+02 
 1.08384628e-05  6.32017273e+02  3.62152836e-02  2.47373565e+02 
 1.08387228e-05  6.32017293e+02  3.61145833e-02  2.65618582e+02 
 1.08389808e-05  6.32017312e+02  3.59890207e-02  2.83223577e+02 
 1.08392370e-05  6.32017332e+02  3.58396737e-02  3.00218809e+02 
 1.08394912e-05  6.32017351e+02  3.56679439e-02  3.16589441e+02 
 1.08397440e-05  6.32017370e+02  3.54745733e-02  3.32380699e+02 
 1.08399953e-05  6.32017389e+02  3.52606586e-02  3.47594671e+02 
 1.08402457e-05  6.32017408e+02  3.50267873e-02  3.62264842e+02 
 1.08404951e-05  6.32017427e+02  3.47738973e-02  3.76394662e+02 
 1.08407438e-05  6.32017445e+02  3.45025076e-02  3.90008398e+02 
 1.08409919e-05  6.32017463e+02  3.42134341e-02  4.03110877e+02 
 1.08412395e-05  6.32017481e+02  3.39071464e-02  4.15721036e+02 
 1.08414868e-05  6.32017499e+02  3.35843538e-02  4.27845113e+02 
 1.08417338e-05  6.32017516e+02  3.32454864e-02  4.39498729e+02 
 1.08419807e-05  6.32017534e+02  3.28911629e-02  4.50689132e+02 
 1.08422277e-05  6.32017551e+02  3.25217807e-02  4.61429747e+02 
 1.08424746e-05  6.32017568e+02  3.21378826e-02  4.71728484e+02 
 1.08427218e-05  6.32017585e+02  3.17398374e-02  4.81597308e+02 
 1.08429692e-05  6.32017601e+02  3.13281232e-02  4.91044565e+02 
 1.08432170e-05  6.32017618e+02  3.09030819e-02  5.00081257e+02 
 1.08434652e-05  6.32017634e+02  3.04651358e-02  5.08716023e+02 
 1.08437139e-05  6.32017650e+02  3.00146004e-02  5.16959238e+02 
 1.08439632e-05  6.32017666e+02  2.95518485e-02  5.24819742e+02 
 1.08442132e-05  6.32017681e+02  2.90771690e-02  5.32307507e+02 
 1.08444639e-05  6.32017697e+02  2.85908902e-02  5.39431517e+02 
 1.08447155e-05  6.32017712e+02  2.80932734e-02  5.46201491e+02 
 1.08449680e-05  6.32017727e+02  2.75846058e-02  5.52626516e+02 
 1.08452214e-05  6.32017742e+02  2.70651203e-02  5.58716155e+02 
 1.08454760e-05  6.32017756e+02  2.65350647e-02  5.64479574e+02 
 1.08457317e-05  6.32017770e+02  2.59946421e-02  5.69926244e+02 
 1.08459886e-05  6.32017784e+02  2.54440622e-02  5.75065387e+02 
 1.08462468e-05  6.32017798e+02  2.48834965e-02  5.79906423e+02 
 1.08465065e-05  6.32017812e+02  2.43131163e-02  5.84458616e+02 
 1.08467676e-05  6.32017825e+02  2.37330596e-02  5.88731355e+02 
 1.08470303e-05  6.32017838e+02  2.31434585e-02  5.92733934e+02 
 1.08472947e-05  6.32017851e+02  2.25444147e-02  5.96475721e+02 
 1.08475608e-05  6.32017864e+02  2.19360193e-02  5.99966026e+02 
 1.08478289e-05  6.32017876e+02  2.13183348e-02  6.03214199e+02 
 1.08480988e-05  6.32017888e+02  2.06914087e-02  6.06229550e+02 
 1.08483709e-05  6.32017900e+02  2.00552604e-02  6.09021409e+02 
 1.08486451e-05  6.32017911e+02  1.94098904e-02  6.11599070e+02 
 1.08489217e-05  6.32017923e+02  1.87552704e-02  6.13971831e+02 
 1.08492007e-05  6.32017934e+02  1.80913501e-02  6.16148954e+02 
 1.08494823e-05  6.32017944e+02  1.74180488e-02  6.18139688e+02 
 1.08497666e-05  6.32017955e+02  1.67352601e-02  6.19953244e+02 
 1.08500537e-05  6.32017965e+02  1.60428461e-02  6.21598803e+02 
 1.08503439e-05  6.32017974e+02  1.53406405e-02  6.23085495e+02 
 1.08506372e-05  6.32017984e+02  1.46284441e-02  6.24422404e+02 
 1.08509339e-05  6.32017993e+02  1.39060282e-02  6.25618549e+02 
 1.08512341e-05  6.32018001e+02  1.31731330e-02  6.26682879e+02 
 1.08515380e-05  6.32018009e+02  1.24294725e-02  6.27624257e+02 
 1.08518458e-05  6.32018017e+02  1.16747378e-02  6.28451444e+02 
 1.08521520e-05  6.32018025e+02  1.09226695e-02  6.29160827e+02 
 1.08524582e-05  6.32018032e+02  1.01694852e-02  6.29768954e+02 
 1.08527609e-05  6.32018038e+02  9.42415544e-03  6.30281371e+02 
 1.08530607e-05  6.32018044e+02  8.68497406e-03  6.30712015e+02 
 1.08533544e-05  6.32018049e+02  7.96009096e-03  6.31068311e+02 
 1.08536411e-05  6.32018054e+02  7.25214184e-03  6.31360885e+02 
 1.08539165e-05  6.32018058e+02  6.57146223e-03  6.31596918e+02 
 1.08541771e-05  6.32018061e+02  5.92718043e-03  6.31784437e+02 
 1.08543834e-05  6.32018064e+02  5.41710154e-03  6.31910952e+02 
 1.08544303e-05  6.32018064e+02  5.30092475e-03  6.31937279e+02 
 1.08545075e-05  6.32018065e+02  5.11011633e-03  6.31978620e+02 
 1.08545791e-05  6.32018066e+02  4.93281564e-03  6.32014988e+02 
 1.08546714e-05  6.32018067e+02  4.70462716e-03  6.32059007e+02 
 1.08547664e-05  6.32018068e+02  4.46942035e-03  6.32101236e+02 
 1.08548221e-05  6.32018068e+02  4.33164026e-03  6.32124547e+02 
 1.08549134e-05  6.32018069e+02  4.10570441e-03  6.32160585e+02 
 1.08550102e-05  6.32018070e+02  3.86605290e-03  6.32195955e+02 
 1.08550820e-05  6.32018070e+02  3.68831168e-03  6.32220366e+02 
 1.08551799e-05  6.32018071e+02  3.44605579e-03  6.32251246e+02 
 1.08552695e-05  6.32018072e+02  3.22418216e-03  6.32277201e+02 
 1.08553638e-05  6.32018072e+02  2.99068369e-03  6.32302217e+02 
 1.08554574e-05  6.32018073e+02  2.75898806e-03  6.32324801e+02 
 1.08555656e-05  6.32018073e+02  2.49119930e-03  6.32348242e+02 
 1.08556773e-05  6.32018074e+02  2.21458647e-03  6.32369582e+02 
 1.08558726e-05  6.32018075e+02  1.73111647e-03  6.32400225e+02 
 1.08559261e-05  6.32018075e+02  1.59859434e-03  6.32407197e+02 
 1.08560319e-05  6.32018075e+02  1.33655727e-03  6.32419241e+02 
 1.08561535e-05  6.32018076e+02  1.03533518e-03  6.32430291e+02 
 1.08562885e-05  6.32018076e+02  7.01024358e-04  6.32439146e+02 
 1.08563739e-05  6.32018076e+02  4.89643687e-04  6.32442927e+02 
 1.08564418e-05  6.32018076e+02  3.21366835e-04  6.32444943e+02 
 1.08565079e-05  6.32018076e+02  1.57819144e-04  6.32446067e+02 
 1.08565791e-05  6.32018076e+02 -1.85382421e-05  6.32446360e+02 
 1.08566591e-05  6.32018076e+02 -2.16596790e-04  6.32445557e+02 
 1.08567573e-05  6.32018076e+02 -4.59894014e-04  6.32442936e+02 
 1.08568479e-05  6.32018076e+02 -6.84252663e-04  6.32438914e+02 
 1.08569692e-05  6.32018076e+02 -9.84637712e-04  6.32431096e+02 
 1.08570802e-05  6.32018075e+02 -1.25947733e-03  6.32421458e+02 
 1.08573022e-05  6.32018075e+02 -1.80913372e-03  6.32394814e+02 
 1.08573564e-05  6.32018075e+02 -1.94334486e-03  6.32386753e+02 
 1.08574640e-05  6.32018074e+02 -2.20991183e-03  6.32368856e+02 
 1.08575758e-05  6.32018074e+02 -2.48660605e-03  6.32347537e+02 
 1.08576938e-05  6.32018073e+02 -2.77886431e-03  6.32321849e+02 
 1.08578599e-05  6.32018072e+02 -3.19009307e-03  6.32279881e+02 
 1.08579818e-05  6.32018071e+02 -3.49176469e-03  6.32244494e+02 
 1.08580986e-05  6.32018070e+02 -3.78086573e-03  6.32206696e+02 
 1.08581588e-05  6.32018070e+02 -3.92990338e-03  6.32185651e+02 
 1.08582264e-05  6.32018069e+02 -4.09737216e-03  6.32160689e+02 
 1.08582951e-05  6.32018068e+02 -4.26721615e-03  6.32133906e+02 
 1.08583634e-05  6.32018068e+02 -4.43630638e-03  6.32105726e+02 
 1.08584186e-05  6.32018067e+02 -4.57293900e-03  6.32081814e+02 
 1.08584736e-05  6.32018067e+02 -4.70899428e-03  6.32056959e+02 
 1.08585233e-05  6.32018066e+02 -4.83191173e-03  6.32033585e+02 
 1.08585764e-05  6.32018066e+02 -4.96328168e-03  6.32007614e+02 
 1.08586334e-05  6.32018065e+02 -5.10427490e-03  6.31978570e+02 
 1.08587013e-05  6.32018064e+02 -5.27227154e-03  6.31942337e+02 
 1.08587723e-05  6.32018063e+02 -5.44802638e-03  6.31902474e+02 
 1.08588507e-05  6.32018062e+02 -5.64176897e-03  6.31856127e+02 
 1.08589301e-05  6.32018062e+02 -5.83812668e-03  6.31806483e+02 
 1.08590155e-05  6.32018060e+02 -6.04935117e-03  6.31749956e+02 
 1.08591017e-05  6.32018059e+02 -6.26248255e-03  6.31689497e+02 
 1.08591934e-05  6.32018058e+02 -6.48915589e-03  6.31621260e+02 
 1.08592858e-05  6.32018057e+02 -6.71750388e-03  6.31548234e+02 
 1.08593832e-05  6.32018055e+02 -6.95829157e-03  6.31466355e+02 
 1.08594813e-05  6.32018054e+02 -7.20069314e-03  6.31378637e+02 
 1.08595841e-05  6.32018052e+02 -7.45468332e-03  6.31280756e+02 
 1.08596876e-05  6.32018051e+02 -7.71035976e-03  6.31175757e+02 
 1.08597956e-05  6.32018049e+02 -7.97693300e-03  6.31059032e+02 
 1.08600115e-05  6.32018045e+02 -8.50985369e-03  6.30801983e+02 
 1.08602694e-05  6.32018040e+02 -9.14581629e-03  6.30450170e+02 
 1.08605056e-05  6.32018035e+02 -9.72792585e-03  6.30080540e+02 
 1.08608038e-05  6.32018029e+02 -1.04619618e-02  6.29541998e+02 
 1.08611338e-05  6.32018021e+02 -1.12733242e-02  6.28841103e+02 
 1.08614659e-05  6.32018013e+02 -1.20882172e-02  6.28010779e+02 
 1.08618087e-05  6.32018004e+02 -1.29276272e-02  6.27005468e+02 
 1.08621347e-05  6.32017995e+02 -1.37241773e-02  6.25892884e+02 
 1.08624633e-05  6.32017985e+02 -1.45246404e-02  6.24600340e+02 
 1.08627782e-05  6.32017975e+02 -1.52894813e-02  6.23183287e+02 
 1.08630937e-05  6.32017964e+02 -1.60530839e-02  6.21571693e+02 
 1.08633993e-05  6.32017954e+02 -1.67899205e-02  6.19810806e+02 
 1.08637045e-05  6.32017943e+02 -1.75225676e-02  6.17839458e+02 
 1.08640023e-05  6.32017931e+02 -1.82339809e-02  6.15694596e+02 
 1.08642990e-05  6.32017920e+02 -1.89389973e-02  6.13323772e+02 
 1.08645898e-05  6.32017908e+02 -1.96262410e-02  6.10756290e+02 
 1.08648792e-05  6.32017895e+02 -2.03055701e-02  6.07947302e+02 
 1.08651639e-05  6.32017883e+02 -2.09693839e-02  6.04919262e+02 
 1.08654469e-05  6.32017870e+02 -2.16242568e-02  6.01633874e+02 
 1.08657261e-05  6.32017857e+02 -2.22650794e-02  5.98107701e+02 
 1.08660035e-05  6.32017844e+02 -2.28962273e-02  5.94308057e+02 
 1.08662778e-05  6.32017830e+02 -2.35142344e-02  5.90246563e+02 
 1.08665504e-05  6.32017816e+02 -2.41219920e-02  5.85895269e+02 
 1.08668204e-05  6.32017802e+02 -2.47171195e-02  5.81261724e+02 
 1.08670887e-05  6.32017788e+02 -2.53014999e-02  5.76321926e+02 
 1.08673548e-05  6.32017773e+02 -2.58734682e-02  5.71080118e+02 
 1.08676193e-05  6.32017759e+02 -2.64342178e-02  5.65515558e+02 
 1.08678820e-05  6.32017744e+02 -2.69825528e-02  5.59629839e+02 
 1.08681432e-05  6.32017729e+02 -2.75191909e-02  5.53404894e+02 
 1.08684028e-05  6.32017713e+02 -2.80432404e-02  5.46840222e+02 
 1.08686612e-05  6.32017698e+02 -2.85550872e-02  5.39919937e+02 
 1.08689181e-05  6.32017682e+02 -2.90540332e-02  5.32641903e+02 
 1.08691740e-05  6.32017666e+02 -2.95402293e-02  5.24992002e+02 
 1.08694287e-05  6.32017650e+02 -3.00130964e-02  5.16966837e+02 
 1.08696824e-05  6.32017634e+02 -3.04726155e-02  5.08553721e+02 
 1.08699352e-05  6.32017617e+02 -3.09182755e-02  4.99748285e+02 
 1.08701871e-05  6.32017600e+02 -3.13499315e-02  4.90538992e+02 
 1.08704383e-05  6.32017584e+02 -3.17671052e-02  4.80920730e+02 
 1.08706889e-05  6.32017567e+02 -3.21695538e-02  4.70882864e+02 
 1.08709389e-05  6.32017549e+02 -3.25568078e-02  4.60419703e+02 
 1.08711884e-05  6.32017532e+02 -3.29285445e-02  4.49521307e+02 
 1.08714375e-05  6.32017514e+02 -3.32842847e-02  4.38181506e+02 
 1.08716863e-05  6.32017497e+02 -3.36236358e-02  4.26390853e+02 
 1.08719349e-05  6.32017479e+02 -3.39460948e-02  4.14142747e+02 
 1.08721834e-05  6.32017461e+02 -3.42512036e-02  4.01428031e+02 
 1.08724319e-05  6.32017443e+02 -3.45384221e-02  3.88239651e+02 
 1.08726805e-05  6.32017424e+02 -3.48072262e-02  3.74568514e+02 
 1.08729294e-05  6.32017406e+02 -3.50570256e-02  3.60407017e+02 
 1.08731786e-05  6.32017387e+02 -3.52872243e-02  3.45745855e+02 
 1.08734282e-05  6.32017368e+02 -3.54971670e-02  3.30576673e+02 
 1.08736785e-05  6.32017349e+02 -3.56861738e-02  3.14889591e+02 
 1.08739295e-05  6.32017330e+02 -3.58535054e-02  2.98675157e+02 
 1.08741815e-05  6.32017311e+02 -3.59983792e-02  2.81922400e+02 
 1.08744345e-05  6.32017292e+02 -3.61199452e-02  2.64620208e+02 
 1.08746888e-05  6.32017272e+02 -3.62172883e-02  2.46755744e+02 
 1.08749447e-05  6.32017252e+02 -3.62894084e-02  2.28315328e+02 
 1.08752023e-05  6.32017232e+02 -3.63352115e-02  2.09283036e+02 
 1.08754619e-05  6.32017212e+02 -3.63534867e-02  1.89641108e+02 
 1.08757238e-05  6.32017192e+02 -3.63428844e-02  1.69368519e+02 
 1.08759886e-05  6.32017172e+02 -3.63018755e-02  1.48437721e+02 
 1.08762526e-05  6.32017151e+02 -3.62299876e-02  1.27130960e+02 
 1.08765178e-05  6.32017131e+02 -3.61260501e-02  1.05327494e+02 
 1.08767823e-05  6.32017111e+02 -3.59901284e-02  8.31993643e+01 
 1.08770476e-05  6.32017090e+02 -3.58208213e-02  6.06375043e+01 
 1.08773127e-05  6.32017070e+02 -3.56182520e-02  3.77670281e+01 
 1.08775787e-05  6.32017050e+02 -3.53809361e-02  1.45147993e+01 
 1.08778447e-05  6.32017030e+02 -3.51089785e-02 -9.01892898e+00 
 1.08781117e-05  6.32017010e+02 -3.48009287e-02 -3.28773041e+01 
 1.08783791e-05  6.32016991e+02 -3.44568223e-02 -5.69776293e+01 
 1.08786474e-05  6.32016971e+02 -3.40752802e-02 -8.13407092e+01 
 1.08789165e-05  6.32016952e+02 -3.36562351e-02 -1.05896156e+02 
 1.08791867e-05  6.32016932e+02 -3.31984390e-02 -1.30644870e+02 
 1.08794579e-05  6.32016913e+02 -3.27015013e-02 -1.55534932e+02 
 1.08797304e-05  6.32016895e+02 -3.21645236e-02 -1.80539764e+02 
 1.08800042e-05  6.32016876e+02 -3.15868806e-02 -2.05616453e+02 
 1.08802795e-05  6.32016858e+02 -3.09676904e-02 -2.30730767e+02 
 1.08805565e-05  6.32016840e+02 -3.03062477e-02 -2.55837723e+02 
 1.08808352e-05  6.32016822e+02 -2.96016465e-02 -2.80896826e+02 
 1.08811159e-05  6.32016804e+02 -2.88531024e-02 -3.05859339e+02 
 1.08813988e-05  6.32016787e+02 -2.80596503e-02 -3.30678751e+02 
 1.08816841e-05  6.32016771e+02 -2.72203992e-02 -3.55301757e+02 
 1.08819532e-05  6.32016755e+02 -2.63932289e-02 -3.78102731e+02 
 1.08822094e-05  6.32016741e+02 -2.55744210e-02 -3.99373622e+02 
 1.08824510e-05  6.32016728e+02 -2.47747998e-02 -4.19002471e+02 
 1.08826822e-05  6.32016716e+02 -2.39850615e-02 -4.37362164e+02 
 1.08829032e-05  6.32016705e+02 -2.32086260e-02 -4.54484477e+02 
 1.08831166e-05  6.32016695e+02 -2.24390574e-02 -4.70602116e+02 
 1.08833223e-05  6.32016685e+02 -2.16792481e-02 -4.85727676e+02 
 1.08835220e-05  6.32016676e+02 -2.09254530e-02 -4.99998830e+02 
 1.08837155e-05  6.32016668e+02 -2.01801574e-02 -5.13422600e+02 
 1.08839039e-05  6.32016660e+02 -1.94410978e-02 -5.26088375e+02 
 1.08840869e-05  6.32016652e+02 -1.87101989e-02 -5.38006398e+02 
 1.08842654e-05  6.32016645e+02 -1.79860513e-02 -5.49239409e+02 
 1.08844393e-05  6.32016639e+02 -1.72701071e-02 -5.59801074e+02 
 1.08846091e-05  6.32016633e+02 -1.65615121e-02 -5.69737775e+02 
 1.08847747e-05  6.32016627e+02 -1.58613763e-02 -5.79065255e+02 
 1.08849365e-05  6.32016622e+02 -1.51692233e-02 -5.87819424e+02 
 1.08850945e-05  6.32016617e+02 -1.44859230e-02 -5.96017071e+02 
 1.08852489e-05  6.32016612e+02 -1.38112584e-02 -6.03687298e+02 
 1.08853998e-05  6.32016608e+02 -1.31459330e-02 -6.10847306e+02 
 1.08855472e-05  6.32016604e+02 -1.24899087e-02 -6.17521719e+02 
 1.08856913e-05  6.32016600e+02 -1.18437758e-02 -6.23727775e+02 
 1.08858321e-05  6.32016596e+02 -1.12076222e-02 -6.29487118e+02 
 1.08859697e-05  6.32016593e+02 -1.05819642e-02 -6.34816822e+02 
 1.08861040e-05  6.32016590e+02 -9.96698081e-03 -6.39736520e+02 
 1.08862352e-05  6.32016588e+02 -9.36314431e-03 -6.44263029e+02 
 1.08863632e-05  6.32016585e+02 -8.77070422e-03 -6.48414611e+02 
 1.08864881e-05  6.32016583e+02 -8.19011222e-03 -6.52207799e+02 
 1.08866098e-05  6.32016581e+02 -7.62167748e-03 -6.55659910e+02 
 1.08867284e-05  6.32016579e+02 -7.06585166e-03 -6.58787204e+02 
 1.08868438e-05  6.32016577e+02 -6.52300096e-03 -6.61606346e+02 
 1.08869559e-05  6.32016576e+02 -5.99359712e-03 -6.64133357e+02 
 1.08870649e-05  6.32016574e+02 -5.47806876e-03 -6.66384448e+02 
 1.08871705e-05  6.32016573e+02 -4.97692996e-03 -6.68375445e+02 
 1.08872728e-05  6.32016572e+02 -4.49068624e-03 -6.70122255e+02 
 1.08873716e-05  6.32016571e+02 -4.01992274e-03 -6.71640560e+02 
 1.08874669e-05  6.32016571e+02 -3.56524873e-03 -6.72946074e+02 
 1.08875585e-05  6.32016570e+02 -3.12736221e-03 -6.74054391e+02 
 1.08876464e-05  6.32016569e+02 -2.70702408e-03 -6.74981127e+02 
 1.08877303e-05  6.32016569e+02 -2.30511329e-03 -6.75741856e+02 
 1.08878101e-05  6.32016569e+02 -1.92263035e-03 -6.76352187e+02 
 1.08878855e-05  6.32016568e+02 -1.56076131e-03 -6.76827758e+02 
 1.08879564e-05  6.32016568e+02 -1.22092582e-03 -6.77184289e+02 
 1.08880222e-05  6.32016568e+02 -9.04891243e-04 -6.77437614e+02 
 1.08880765e-05  6.32016568e+02 -6.44173577e-04 -6.77589875e+02 
 1.08881215e-05  6.32016568e+02 -4.28412382e-04 -6.77677114e+02 
 1.08881587e-05  6.32016568e+02 -2.49706662e-04 -6.77722795e+02 
 1.08881885e-05  6.32016568e+02 -1.06514898e-04 -6.77742021e+02 
 1.08882165e-05  6.32016568e+02  2.81388041e-05 -6.77745999e+02 
 1.08882460e-05  6.32016568e+02  1.69743298e-04 -6.77735436e+02 
 1.08882781e-05  6.32016568e+02  3.23868875e-04 -6.77706758e+02 
 1.08883214e-05  6.32016568e+02  5.31760293e-04 -6.77639703e+02 
 1.08883684e-05  6.32016568e+02  7.57395225e-04 -6.77530043e+02 
 1.08884247e-05  6.32016568e+02  1.02778126e-03 -6.77348051e+02 
 1.08884840e-05  6.32016568e+02  1.31240780e-03 -6.77096871e+02 
 1.08885504e-05  6.32016568e+02  1.63110182e-03 -6.76743036e+02 
 1.08886197e-05  6.32016569e+02  1.96302197e-03 -6.76292922e+02 
 1.08886947e-05  6.32016569e+02  2.32254693e-03 -6.75711344e+02 
 1.08887725e-05  6.32016569e+02  2.69528298e-03 -6.75005018e+02 
 1.08888553e-05  6.32016570e+02  3.09137501e-03 -6.74138898e+02 
 1.08889409e-05  6.32016570e+02  3.50063131e-03 -6.73118697e+02 
 1.08890309e-05  6.32016571e+02  3.93012788e-03 -6.71910763e+02 
 1.08891237e-05  6.32016572e+02  4.37256143e-03 -6.70519022e+02 
 1.08892205e-05  6.32016573e+02  4.83283986e-03 -6.68911840e+02 
 1.08893201e-05  6.32016574e+02  5.30568994e-03 -6.67090948e+02 
 1.08894233e-05  6.32016575e+02  5.79448898e-03 -6.65026948e+02 
 1.08895293e-05  6.32016577e+02  6.29539732e-03 -6.62719251e+02 
 1.08896387e-05  6.32016578e+02  6.81070801e-03 -6.60140669e+02 
 1.08897508e-05  6.32016580e+02  7.33759516e-03 -6.57288358e+02 
 1.08898662e-05  6.32016582e+02  7.87758206e-03 -6.54137168e+02 
 1.08899844e-05  6.32016584e+02  8.42856041e-03 -6.50682161e+02 
 1.08901057e-05  6.32016586e+02  8.99150616e-03 -6.46899962e+02 
 1.08902298e-05  6.32016588e+02  9.56481854e-03 -6.42783740e+02 
 1.08903570e-05  6.32016591e+02  1.01490837e-02 -6.38311598e+02 
 1.08904870e-05  6.32016594e+02  1.07430593e-02 -6.33475001e+02 
 1.08906200e-05  6.32016597e+02  1.13470527e-02 -6.28253212e+02 
 1.08907559e-05  6.32016600e+02  1.19600740e-02 -6.22636158e+02 
 1.08908948e-05  6.32016604e+02  1.25822302e-02 -6.16603933e+02 
 1.08910366e-05  6.32016608e+02  1.32127079e-02 -6.10145035e+02 
 1.08911816e-05  6.32016612e+02  1.38514695e-02 -6.03240053e+02 
 1.08913295e-05  6.32016617e+02  1.44978237e-02 -5.95876096e+02 
 1.08914807e-05  6.32016621e+02  1.51516273e-02 -5.88033886e+02 
 1.08916350e-05  6.32016626e+02  1.58122729e-02 -5.79699094e+02 
 1.08917927e-05  6.32016632e+02  1.64795394e-02 -5.70852167e+02 
 1.08919537e-05  6.32016638e+02  1.71528761e-02 -5.61477169e+02 
 1.08921182e-05  6.32016644e+02  1.78320041e-02 -5.51553779e+02 
 1.08922863e-05  6.32016650e+02  1.85164106e-02 -5.41064122e+02 
 1.08924581e-05  6.32016657e+02  1.92057742e-02 -5.29986463e+02 
 1.08926339e-05  6.32016664e+02  1.98996082e-02 -5.18300423e+02 
 1.08928137e-05  6.32016672e+02  2.05975615e-02 -5.05981954e+02 
 1.08929977e-05  6.32016680e+02  2.12991681e-02 -4.93007231e+02 
 1.08931863e-05  6.32016689e+02  2.20040602e-02 -4.79348560e+02 
 1.08933797e-05  6.32016698e+02  2.27117940e-02 -4.64977119e+02 
 1.08935782e-05  6.32016708e+02  2.34220023e-02 -4.49859450e+02 
 1.08937822e-05  6.32016718e+02  2.41342757e-02 -4.33959103e+02 
 1.08939921e-05  6.32016729e+02  2.48482759e-02 -4.17233271e+02 
 1.08942086e-05  6.32016741e+02  2.55636598e-02 -3.99633154e+02 
 1.08944321e-05  6.32016753e+02  2.62801721e-02 -3.81100044e+02 
 1.08946636e-05  6.32016766e+02  2.69976110e-02 -3.61563655e+02 
 1.08949040e-05  6.32016780e+02  2.77159243e-02 -3.40936097e+02 
 1.08951546e-05  6.32016795e+02  2.84352367e-02 -3.19105799e+02 
 1.08954172e-05  6.32016811e+02  2.91560072e-02 -2.95924742e+02 
 1.08956940e-05  6.32016829e+02  2.98792160e-02 -2.71189212e+02 
 1.08959798e-05  6.32016847e+02  3.05855723e-02 -2.45404073e+02 
 1.08962587e-05  6.32016865e+02  3.12353363e-02 -2.20046640e+02 
 1.08965402e-05  6.32016884e+02  3.18511009e-02 -1.94322629e+02 
 1.08968146e-05  6.32016903e+02  3.24126899e-02 -1.69164075e+02 
 1.08970904e-05  6.32016922e+02  3.29386018e-02 -1.43845283e+02 
 1.08973613e-05  6.32016941e+02  3.34172696e-02 -1.19006888e+02 
 1.08976331e-05  6.32016961e+02  3.38601862e-02 -9.41448782e+01 
 1.08979014e-05  6.32016980e+02  3.42605307e-02 -6.97216924e+01 
 1.08981702e-05  6.32017000e+02  3.46253262e-02 -4.53980415e+01 
 1.08984363e-05  6.32017020e+02  3.49508034e-02 -2.15076350e+01 
 1.08987027e-05  6.32017040e+02  3.52414691e-02  2.18872509e+00 
 1.08989670e-05  6.32017059e+02  3.54954067e-02  2.54462766e+01 
 1.08992315e-05  6.32017079e+02  3.57155054e-02  4.84292082e+01 
 1.08994944e-05  6.32017100e+02  3.59010845e-02  7.09650335e+01 
 1.08997573e-05  6.32017120e+02  3.60540167e-02  9.31633028e+01 
 1.09000191e-05  6.32017140e+02  3.61743453e-02  1.14902991e+02 
 1.09002809e-05  6.32017160e+02  3.62633399e-02  1.36256159e+02 
 1.09005419e-05  6.32017180e+02  3.63214489e-02  1.57138072e+02 
 1.09008029e-05  6.32017200e+02  3.63495957e-02  1.77595622e+02 
 1.09010633e-05  6.32017220e+02  3.63484405e-02  1.97569729e+02 
 1.09013238e-05  6.32017241e+02  3.63187148e-02  2.17090680e+02 
 1.09015839e-05  6.32017261e+02  3.62611766e-02  2.36117573e+02 
 1.09018442e-05  6.32017281e+02  3.61764553e-02  2.54670057e+02 
 1.09021041e-05  6.32017301e+02  3.60654334e-02  2.72706893e+02 
 1.09023609e-05  6.32017320e+02  3.59305309e-02  2.90035001e+02 
 1.09026167e-05  6.32017340e+02  3.57718707e-02  3.06809234e+02 
 1.09028699e-05  6.32017359e+02  3.55917126e-02  3.22921249e+02 
 1.09031224e-05  6.32017378e+02  3.53898143e-02  3.38500350e+02 
 1.09033731e-05  6.32017397e+02  3.51681276e-02  3.53478809e+02 
 1.09036233e-05  6.32017416e+02  3.49263860e-02  3.67945448e+02 
 1.09038722e-05  6.32017434e+02  3.46662740e-02  3.81856946e+02 
 1.09041208e-05  6.32017452e+02  3.43875955e-02  3.95274510e+02 
 1.09043686e-05  6.32017470e+02  3.40917818e-02  4.08172120e+02 
 1.09046162e-05  6.32017488e+02  3.37787208e-02  4.20593259e+02 
 1.09048632e-05  6.32017506e+02  3.34496149e-02  4.32523813e+02 
 1.09051103e-05  6.32017523e+02  3.31044315e-02  4.43995612e+02 
 1.09053572e-05  6.32017541e+02  3.27441767e-02  4.55002492e+02 
 1.09056042e-05  6.32017558e+02  3.23688858e-02  4.65568539e+02 
 1.09058511e-05  6.32017575e+02  3.19794012e-02  4.75692852e+02 
 1.09060984e-05  6.32017591e+02  3.15758115e-02  4.85394385e+02 
 1.09063460e-05  6.32017608e+02  3.11588235e-02  4.94675717e+02 
 1.09065939e-05  6.32017624e+02  3.07285640e-02  5.03552415e+02 
 1.09068423e-05  6.32017640e+02  3.02856276e-02  5.12029359e+02 
 1.09070913e-05  6.32017656e+02  2.98301659e-02  5.20119897e+02 
 1.09073408e-05  6.32017672e+02  2.93626802e-02  5.27830430e+02 
 1.09075911e-05  6.32017687e+02  2.88833346e-02  5.35172858e+02 
 1.09078421e-05  6.32017703e+02  2.83925524e-02  5.42154589e+02 
 1.09080941e-05  6.32017718e+02  2.78905000e-02  5.48786585e+02 
 1.09083469e-05  6.32017733e+02  2.73775337e-02  5.55076925e+02 
 1.09086008e-05  6.32017747e+02  2.68538143e-02  5.61035970e+02 
 1.09088558e-05  6.32017762e+02  2.63196389e-02  5.66672241e+02 
 1.09091120e-05  6.32017776e+02  2.57751557e-02  5.71995719e+02 
 1.09093694e-05  6.32017790e+02  2.52206087e-02  5.77015220e+02 
 1.09096282e-05  6.32017804e+02  2.46561269e-02  5.81740485e+02 
 1.09098884e-05  6.32017817e+02  2.40819050e-02  5.86180523e+02 
 1.09101502e-05  6.32017830e+02  2.34980473e-02  5.90344926e+02 
 1.09104135e-05  6.32017843e+02  2.29047009e-02  5.94242825e+02 
 1.09106786e-05  6.32017856e+02  2.23019404e-02  5.97883716e+02 
 1.09109455e-05  6.32017869e+02  2.16898654e-02  6.01276806e+02 
 1.09112143e-05  6.32017881e+02  2.10685157e-02  6.04431522e+02 
 1.09114850e-05  6.32017893e+02  2.04379423e-02  6.07357108e+02 
 1.09117580e-05  6.32017904e+02  1.97981449e-02  6.10062936e+02 
 1.09120331e-05  6.32017916e+02  1.91491236e-02  6.12558257e+02 
 1.09123106e-05  6.32017927e+02  1.84908324e-02  6.14852390e+02 
 1.09125906e-05  6.32017938e+02  1.78232170e-02  6.16954564e+02 
 1.09128733e-05  6.32017948e+02  1.71461804e-02  6.18874033e+02 
 1.09131587e-05  6.32017959e+02  1.64596096e-02  6.20619980e+02 
 1.09134470e-05  6.32017968e+02  1.57633510e-02  6.22201578e+02 
 1.09137384e-05  6.32017978e+02  1.50572296e-02  6.23627929e+02 
 1.09140330e-05  6.32017987e+02  1.43410318e-02  6.24908098e+02 
 1.09143310e-05  6.32017996e+02  1.36145195e-02  6.26051073e+02 
 1.09146327e-05  6.32018005e+02  1.28774204e-02  6.27065770e+02 
 1.09149381e-05  6.32018013e+02  1.21294415e-02  6.27961010e+02 
 1.09152460e-05  6.32018020e+02  1.13741006e-02  6.28741839e+02 
 1.09155520e-05  6.32018028e+02  1.06220766e-02  6.29409438e+02 
 1.09158573e-05  6.32018034e+02  9.87061588e-03  6.29979279e+02 
 1.09161588e-05  6.32018040e+02  9.12769808e-03  6.30458033e+02 
 1.09164568e-05  6.32018046e+02  8.39285710e-03  6.30858598e+02 
 1.09167480e-05  6.32018051e+02  7.67386522e-03  6.31188751e+02 
 1.09170310e-05  6.32018055e+02  6.97497542e-03  6.31458296e+02 
 1.09173014e-05  6.32018059e+02  6.30662006e-03  6.31674513e+02 
 1.09175546e-05  6.32018062e+02  5.68059012e-03  6.31844650e+02 
 1.09177439e-05  6.32018064e+02  5.21239198e-03  6.31953673e+02 
 1.09177870e-05  6.32018065e+02  5.10554348e-03  6.31976539e+02 
 1.09178427e-05  6.32018066e+02  4.96772854e-03  6.32004977e+02 
 1.09178983e-05  6.32018066e+02  4.83040923e-03  6.32032162e+02 
 1.09179627e-05  6.32018067e+02  4.67096198e-03  6.32062327e+02 
 1.09180263e-05  6.32018067e+02  4.51356969e-03  6.32090671e+02 
 1.09181004e-05  6.32018068e+02  4.33008217e-03  6.32121978e+02 
 1.09181720e-05  6.32018069e+02  4.15300111e-03  6.32150480e+02 
 1.09182542e-05  6.32018069e+02  3.94957868e-03  6.32181221e+02 
 1.09183312e-05  6.32018070e+02  3.75909181e-03  6.32208139e+02 
 1.09184202e-05  6.32018071e+02  3.53868795e-03  6.32237118e+02 
 1.09185019e-05  6.32018071e+02  3.33655105e-03  6.32261730e+02 
 1.09185986e-05  6.32018072e+02  3.09718465e-03  6.32288542e+02 
 1.09186858e-05  6.32018073e+02  2.88121331e-03  6.32310647e+02 
 1.09187953e-05  6.32018073e+02  2.60996811e-03  6.32335723e+02 
 1.09188921e-05  6.32018074e+02  2.37044567e-03  6.32355479e+02 
 1.09190778e-05  6.32018075e+02  1.91057144e-03  6.32387445e+02 
 1.09191813e-05  6.32018075e+02  1.65435865e-03  6.32401994e+02 
 1.09192779e-05  6.32018075e+02  1.41507992e-03  6.32413555e+02 
 1.09194096e-05  6.32018076e+02  1.08900675e-03  6.32426252e+02 
 1.09194960e-05  6.32018076e+02  8.74939843e-04  6.32432713e+02 
 1.09196401e-05  6.32018076e+02  5.18201743e-04  6.32440254e+02 
 1.09197515e-05  6.32018076e+02  2.42196159e-04  6.32443367e+02 
 1.09198144e-05  6.32018076e+02  8.65573385e-05  6.32444085e+02 
 1.09198802e-05  6.32018076e+02 -7.64039074e-05  6.32444041e+02 
 1.09199550e-05  6.32018076e+02 -2.61684892e-04  6.32443004e+02 
 1.09200502e-05  6.32018076e+02 -4.97387879e-04  6.32440170e+02 
 1.09201430e-05  6.32018076e+02 -7.27347609e-04  6.32435762e+02 
 1.09202674e-05  6.32018076e+02 -1.03529636e-03  6.32427288e+02 
 1.09203890e-05  6.32018075e+02 -1.33649415e-03  6.32416096e+02 
 1.09206323e-05  6.32018075e+02 -1.93886033e-03  6.32384762e+02 
 1.09206868e-05  6.32018074e+02 -2.07378661e-03  6.32376028e+02 
 1.09207881e-05  6.32018074e+02 -2.32463953e-03  6.32358046e+02 
 1.09208836e-05  6.32018073e+02 -2.56111910e-03  6.32338953e+02 
 1.09210056e-05  6.32018073e+02 -2.86318142e-03  6.32311412e+02 
 1.09210806e-05  6.32018072e+02 -3.04878282e-03  6.32292661e+02 
 1.09211918e-05  6.32018071e+02 -3.32405977e-03  6.32262172e+02 
 1.09212759e-05  6.32018071e+02 -3.53241839e-03  6.32236877e+02 
 1.09213587e-05  6.32018070e+02 -3.73733842e-03  6.32210055e+02 
 1.09214289e-05  6.32018070e+02 -3.91115353e-03  6.32185734e+02 
 1.09215041e-05  6.32018069e+02 -4.09714865e-03  6.32158055e+02 
 1.09215684e-05  6.32018068e+02 -4.25641601e-03  6.32132948e+02 
 1.09216358e-05  6.32018068e+02 -4.42319237e-03  6.32105218e+02 
 1.09216909e-05  6.32018067e+02 -4.55940604e-03  6.32081444e+02 
 1.09217465e-05  6.32018067e+02 -4.69700189e-03  6.32056371e+02 
 1.09217964e-05  6.32018066e+02 -4.82059101e-03  6.32032919e+02 
 1.09218498e-05  6.32018066e+02 -4.95252269e-03  6.32006886e+02 
 1.09219070e-05  6.32018065e+02 -5.09413937e-03  6.31977764e+02 
 1.09219751e-05  6.32018064e+02 -5.26250293e-03  6.31941507e+02 
 1.09220463e-05  6.32018063e+02 -5.43862213e-03  6.31901617e+02 
 1.09221247e-05  6.32018062e+02 -5.63266387e-03  6.31855259e+02 
 1.09222042e-05  6.32018062e+02 -5.82932696e-03  6.31805597e+02 
 1.09222898e-05  6.32018060e+02 -6.04077272e-03  6.31749072e+02 
 1.09223761e-05  6.32018059e+02 -6.25416355e-03  6.31688602e+02 
 1.09224678e-05  6.32018058e+02 -6.48103141e-03  6.31620373e+02 
 1.09225603e-05  6.32018057e+02 -6.70963380e-03  6.31547331e+02 
 1.09226578e-05  6.32018055e+02 -6.95062286e-03  6.31465452e+02 
 1.09227560e-05  6.32018054e+02 -7.19323263e-03  6.31377727e+02 
 1.09228589e-05  6.32018052e+02 -7.44738498e-03  6.31279856e+02 
 1.09229625e-05  6.32018051e+02 -7.70326717e-03  6.31174846e+02 
 1.09230706e-05  6.32018049e+02 -7.97001315e-03  6.31058121e+02 
 1.09232866e-05  6.32018045e+02 -8.50327913e-03  6.30801059e+02 
 1.09235448e-05  6.32018040e+02 -9.14006725e-03  6.30448955e+02 
 1.09237811e-05  6.32018035e+02 -9.72225839e-03  6.30079417e+02 
 1.09240792e-05  6.32018029e+02 -1.04562918e-02  6.29541093e+02 
 1.09244094e-05  6.32018021e+02 -1.12679964e-02  6.28840171e+02 
 1.09247415e-05  6.32018013e+02 -1.20828771e-02  6.28010166e+02 
 1.09250843e-05  6.32018004e+02 -1.29223729e-02  6.27005134e+02 
 1.09254103e-05  6.32017995e+02 -1.37189015e-02  6.25893010e+02 
 1.09257389e-05  6.32017985e+02 -1.45194169e-02  6.24600890e+02 
 1.09260538e-05  6.32017975e+02 -1.52842585e-02  6.23184399e+02 
 1.09263694e-05  6.32017964e+02 -1.60479107e-02  6.21573344e+02 
 1.09266750e-05  6.32017954e+02 -1.67847634e-02  6.19813122e+02 
 1.09269802e-05  6.32017943e+02 -1.75174578e-02  6.17842432e+02 
 1.09272780e-05  6.32017931e+02 -1.82288957e-02  6.15698346e+02 
 1.09275747e-05  6.32017920e+02 -1.89339571e-02  6.13328304e+02 
 1.09278655e-05  6.32017908e+02 -1.96212306e-02  6.10761714e+02 
 1.09281549e-05  6.32017895e+02 -2.03006032e-02  6.07953636e+02 
 1.09284396e-05  6.32017883e+02 -2.09644505e-02  6.04926608e+02 
 1.09287226e-05  6.32017870e+02 -2.16193662e-02  6.01642260e+02 
 1.09290018e-05  6.32017857e+02 -2.22602254e-02  5.98117221e+02 
 1.09292793e-05  6.32017844e+02 -2.28914162e-02  5.94318747e+02 
 1.09295536e-05  6.32017830e+02 -2.35094624e-02  5.90258513e+02 
 1.09298262e-05  6.32017816e+02 -2.41172638e-02  5.85908519e+02 
 1.09300962e-05  6.32017802e+02 -2.47124328e-02  5.81276361e+02 
 1.09303645e-05  6.32017788e+02 -2.52968584e-02  5.76337995e+02 
 1.09306306e-05  6.32017774e+02 -2.58688707e-02  5.71097701e+02 
 1.09308951e-05  6.32017759e+02 -2.64296673e-02  5.65534706e+02 
 1.09311578e-05  6.32017744e+02 -2.69780490e-02  5.59650630e+02 
 1.09314190e-05  6.32017729e+02 -2.75147364e-02  5.53427382e+02 
 1.09316787e-05  6.32017713e+02 -2.80388355e-02  5.46864483e+02 
 1.09319370e-05  6.32017698e+02 -2.85507343e-02  5.39946028e+02 
 1.09321940e-05  6.32017682e+02 -2.90497331e-02  5.32669896e+02 
 1.09324499e-05  6.32017666e+02 -2.95359843e-02  5.25021958e+02 
 1.09327046e-05  6.32017650e+02 -3.00089076e-02  5.16998826e+02 
 1.09329583e-05  6.32017634e+02 -3.04684853e-02  5.08587803e+02 
 1.09332111e-05  6.32017617e+02 -3.09142056e-02  4.99784533e+02 
 1.09334630e-05  6.32017601e+02 -3.13459239e-02  4.90577466e+02 
 1.09337142e-05  6.32017584e+02 -3.17631620e-02  4.80961499e+02 
 1.09339648e-05  6.32017567e+02 -3.21656775e-02  4.70925991e+02 
 1.09342148e-05  6.32017549e+02 -3.25530005e-02  4.60465259e+02 
 1.09344643e-05  6.32017532e+02 -3.29248088e-02  4.49569353e+02 
 1.09347134e-05  6.32017514e+02 -3.32806230e-02  4.38232113e+02 
 1.09349622e-05  6.32017497e+02 -3.36200511e-02  4.26444084e+02 
 1.09352108e-05  6.32017479e+02 -3.39425897e-02  4.14198673e+02 
 1.09354593e-05  6.32017461e+02 -3.42477812e-02  4.01486717e+02 
 1.09357078e-05  6.32017443e+02 -3.45350855e-02  3.88301167e+02 
 1.09359565e-05  6.32017424e+02 -3.48039787e-02  3.74632930e+02 
 1.09362053e-05  6.32017406e+02 -3.50538708e-02  3.60474404e+02 
 1.09364545e-05  6.32017387e+02 -3.52841657e-02  3.45816286e+02 
 1.09367042e-05  6.32017368e+02 -3.54942086e-02  3.30650223e+02 
 1.09369544e-05  6.32017349e+02 -3.56833197e-02  3.14966337e+02 
 1.09372055e-05  6.32017330e+02 -3.58507600e-02  2.98755180e+02 
 1.09374574e-05  6.32017311e+02 -3.59957472e-02  2.82005783e+02 
 1.09377104e-05  6.32017292e+02 -3.61174316e-02  2.64707042e+02 
 1.09379648e-05  6.32017272e+02 -3.62148987e-02  2.46846123e+02 
 1.09382206e-05  6.32017252e+02 -3.62871486e-02  2.28409356e+02 
 1.09384782e-05  6.32017233e+02 -3.63330879e-02  2.09380827e+02 
 1.09387378e-05  6.32017212e+02 -3.63515065e-02  1.89742787e+02 
 1.09389998e-05  6.32017192e+02 -3.63410555e-02  1.69474228e+02 
 1.09392645e-05  6.32017172e+02 -3.63002068e-02  1.48547667e+02 
 1.09395286e-05  6.32017151e+02 -3.62284787e-02  1.27243267e+02 
 1.09397937e-05  6.32017131e+02 -3.61247109e-02  1.05443417e+02 
 1.09400582e-05  6.32017111e+02 -3.59889555e-02  8.33175354e+01 
 1.09403235e-05  6.32017090e+02 -3.58198266e-02  6.07589756e+01 
 1.09405886e-05  6.32017070e+02 -3.56174317e-02  3.78907944e+01 
 1.09408546e-05  6.32017050e+02 -3.53803025e-02  1.46416012e+01 
 1.09411206e-05  6.32017030e+02 -3.51085283e-02 -8.88986560e+00 
 1.09413876e-05  6.32017010e+02 -3.48006737e-02 -3.27454879e+01 
 1.09416550e-05  6.32016991e+02 -3.44567599e-02 -5.68436669e+01 
 1.09419234e-05  6.32016971e+02 -3.40754216e-02 -8.12042892e+01 
 1.09421924e-05  6.32016952e+02 -3.36565788e-02 -1.05757769e+02 
 1.09424626e-05  6.32016933e+02 -3.31989952e-02 -1.30504339e+02 
 1.09427339e-05  6.32016914e+02 -3.27022697e-02 -1.55392677e+02 
 1.09430064e-05  6.32016895e+02 -3.21655141e-02 -1.80395700e+02 
 1.09432802e-05  6.32016876e+02 -3.15880936e-02 -2.05470955e+02 
 1.09435555e-05  6.32016858e+02 -3.09691346e-02 -2.30583868e+02 
 1.09438324e-05  6.32016840e+02 -3.03079256e-02 -2.55689726e+02 
 1.09441111e-05  6.32016822e+02 -2.96035664e-02 -2.80747840e+02 
 1.09443918e-05  6.32016805e+02 -2.88552672e-02 -3.05709681e+02 
 1.09446747e-05  6.32016787e+02 -2.80620692e-02 -3.30528557e+02 
 1.09449600e-05  6.32016771e+02 -2.72230750e-02 -3.55151381e+02 
 1.09452292e-05  6.32016755e+02 -2.63957270e-02 -3.77963765e+02 
 1.09454854e-05  6.32016741e+02 -2.55770492e-02 -3.99237033e+02 
 1.09457271e-05  6.32016728e+02 -2.47772744e-02 -4.18874750e+02 
 1.09459584e-05  6.32016716e+02 -2.39876346e-02 -4.37236738e+02 
 1.09461794e-05  6.32016705e+02 -2.32111048e-02 -4.54365301e+02 
 1.09463928e-05  6.32016695e+02 -2.24416148e-02 -4.70485137e+02 
 1.09465986e-05  6.32016685e+02 -2.16817473e-02 -4.85615414e+02 
 1.09467983e-05  6.32016676e+02 -2.09280107e-02 -4.99888787e+02 
 1.09469919e-05  6.32016668e+02 -2.01826770e-02 -5.13316356e+02 
 1.09471802e-05  6.32016660e+02 -1.94436586e-02 -5.25984356e+02 
 1.09473633e-05  6.32016652e+02 -1.87127334e-02 -5.37905576e+02 
 1.09475419e-05  6.32016645e+02 -1.79886132e-02 -5.49140779e+02 
 1.09477158e-05  6.32016639e+02 -1.72726493e-02 -5.59705217e+02 
 1.09478856e-05  6.32016633e+02 -1.65640708e-02 -5.69644045e+02 
 1.09480512e-05  6.32016627e+02 -1.58639184e-02 -5.78973990e+02 
 1.09482130e-05  6.32016622e+02 -1.51717729e-02 -5.87730201e+02 
 1.09483710e-05  6.32016617e+02 -1.44884568e-02 -5.95930076e+02 
 1.09485254e-05  6.32016612e+02 -1.38137923e-02 -6.03602248e+02 
 1.09486763e-05  6.32016608e+02 -1.31484502e-02 -6.10764292e+02 
 1.09488238e-05  6.32016604e+02 -1.24924193e-02 -6.17440545e+02 
 1.09489679e-05  6.32016600e+02 -1.18462678e-02 -6.23648475e+02 
 1.09491087e-05  6.32016596e+02 -1.12101016e-02 -6.29409551e+02 
 1.09492463e-05  6.32016593e+02 -1.05844220e-02 -6.34740984e+02 
 1.09493807e-05  6.32016590e+02 -9.96942034e-03 -6.39662303e+02 
 1.09495119e-05  6.32016588e+02 -9.36555874e-03 -6.44190408e+02 
 1.09496399e-05  6.32016585e+02 -8.77309489e-03 -6.48343498e+02 
 1.09497648e-05  6.32016583e+02 -8.19247366e-03 -6.52138154e+02 
 1.09498865e-05  6.32016581e+02 -7.62400957e-03 -6.55591659e+02 
 1.09500051e-05  6.32016579e+02 -7.06814979e-03 -6.58720299e+02 
 1.09501205e-05  6.32016577e+02 -6.52526403e-03 -6.61540718e+02 
 1.09502327e-05  6.32016576e+02 -5.99582090e-03 -6.64068952e+02 
 1.09503417e-05  6.32016574e+02 -5.48025130e-03 -6.66321201e+02 
 1.09504473e-05  6.32016573e+02 -4.97906719e-03 -6.68313299e+02 
 1.09505496e-05  6.32016572e+02 -4.49277542e-03 -6.70061146e+02 
 1.09506484e-05  6.32016571e+02 -4.02195955e-03 -6.71580428e+02 
 1.09507437e-05  6.32016571e+02 -3.56722970e-03 -6.72886855e+02 
 1.09508354e-05  6.32016570e+02 -3.12928251e-03 -6.73996023e+02 
 1.09509233e-05  6.32016569e+02 -2.70887921e-03 -6.74923545e+02 
 1.09510072e-05  6.32016569e+02 -2.30689746e-03 -6.75684993e+02 
 1.09510870e-05  6.32016569e+02 -1.92433752e-03 -6.76295979e+02 
 1.09511625e-05  6.32016568e+02 -1.56238397e-03 -6.76772136e+02 
 1.09512334e-05  6.32016568e+02 -1.22245532e-03 -6.77129185e+02 
 1.09512992e-05  6.32016568e+02 -9.06316631e-04 -6.77382956e+02 
 1.09513536e-05  6.32016568e+02 -6.45461412e-04 -6.77535570e+02 
 1.09513985e-05  6.32016568e+02 -4.29535904e-04 -6.77623076e+02 
 1.09514358e-05  6.32016568e+02 -2.50640731e-04 -6.77668946e+02 
 1.09514657e-05  6.32016568e+02 -1.07225098e-04 -6.77688292e+02 
 1.09514937e-05  6.32016568e+02  2.74446892e-05 -6.77692342e+02 
 1.09515232e-05  6.32016568e+02  1.69091237e-04 -6.77681847e+02 
 1.09515552e-05  6.32016568e+02  3.22876838e-04 -6.77653326e+02 
 1.09515985e-05  6.32016568e+02  5.30729676e-04 -6.77586440e+02 
 1.09516454e-05  6.32016568e+02  7.56064164e-04 -6.77477122e+02 
 1.09517018e-05  6.32016568e+02  1.02641253e-03 -6.77295423e+02 
 1.09517610e-05  6.32016568e+02  1.31080985e-03 -6.77044753e+02 
 1.09518274e-05  6.32016568e+02  1.62945627e-03 -6.76691347e+02 
 1.09518966e-05  6.32016569e+02  1.96119127e-03 -6.76241901e+02 
 1.09519716e-05  6.32016569e+02  2.32065627e-03 -6.75660902e+02 
 1.09520494e-05  6.32016569e+02  2.69323532e-03 -6.74955400e+02 
 1.09521322e-05  6.32016570e+02  3.08925834e-03 -6.74090021e+02 
 1.09522178e-05  6.32016571e+02  3.49837754e-03 -6.73070799e+02 
 1.09523078e-05  6.32016571e+02  3.92779946e-03 -6.71863775e+02 
 1.09524006e-05  6.32016572e+02  4.37011050e-03 -6.70473170e+02 
 1.09524973e-05  6.32016573e+02  4.83031096e-03 -6.68867073e+02 
 1.09525969e-05  6.32016574e+02  5.30304952e-03 -6.67047475e+02 
 1.09527001e-05  6.32016575e+02  5.79176886e-03 -6.64984739e+02 
 1.09528061e-05  6.32016577e+02  6.29257412e-03 -6.62678498e+02 
 1.09529154e-05  6.32016578e+02  6.80780459e-03 -6.60101363e+02 
 1.09530276e-05  6.32016580e+02  7.33459528e-03 -6.57250677e+02 
 1.09531430e-05  6.32016582e+02  7.87450235e-03 -6.54101119e+02 
 1.09532612e-05  6.32016584e+02  8.42538964e-03 -6.50647909e+02 
 1.09533825e-05  6.32016586e+02  8.98825649e-03 -6.46867533e+02 
 1.09535066e-05  6.32016588e+02  9.56148239e-03 -6.42753287e+02 
 1.09536337e-05  6.32016591e+02  1.01456701e-02 -6.38283161e+02 
 1.09537637e-05  6.32016594e+02  1.07395632e-02 -6.33448727e+02 
 1.09538967e-05  6.32016597e+02  1.13434810e-02 -6.28229153e+02 
 1.09540325e-05  6.32016600e+02  1.19564235e-02 -6.22614454e+02 
 1.09541714e-05  6.32016604e+02  1.25785063e-02 -6.16584650e+02 
 1.09543133e-05  6.32016608e+02  1.32089087e-02 -6.10128309e+02 
 1.09544582e-05  6.32016612e+02  1.38475991e-02 -6.03225961e+02 
 1.09546062e-05  6.32016617e+02  1.44938814e-02 -5.95864771e+02 
 1.09547573e-05  6.32016621e+02  1.51476165e-02 -5.88025418e+02 
 1.09549116e-05  6.32016626e+02  1.58081936e-02 -5.79693617e+02 
 1.09550693e-05  6.32016632e+02  1.64753944e-02 -5.70849783e+02 
 1.09552303e-05  6.32016638e+02  1.71486658e-02 -5.61478016e+02 
 1.09553948e-05  6.32016644e+02  1.78277311e-02 -5.51557970e+02 
 1.09555628e-05  6.32016650e+02  1.85120758e-02 -5.41071804e+02 
 1.09557346e-05  6.32016657e+02  1.92013798e-02 -5.29997766e+02 
 1.09559104e-05  6.32016664e+02  1.98951554e-02 -5.18315502e+02 
 1.09560901e-05  6.32016672e+02  2.05930525e-02 -5.06000960e+02 
 1.09562742e-05  6.32016680e+02  2.12946042e-02 -4.93030340e+02 
 1.09564628e-05  6.32016689e+02  2.19994433e-02 -4.79375948e+02 
 1.09566561e-05  6.32016698e+02  2.27071255e-02 -4.65008992e+02 
 1.09568546e-05  6.32016708e+02  2.34172841e-02 -4.49896022e+02 
 1.09570586e-05  6.32016718e+02  2.41295091e-02 -4.34000627e+02 
 1.09572685e-05  6.32016729e+02  2.48434623e-02 -4.17280021e+02 
 1.09574849e-05  6.32016741e+02  2.55588003e-02 -3.99685458e+02 
 1.09577084e-05  6.32016753e+02  2.62752674e-02 -3.81158278e+02 
 1.09579398e-05  6.32016766e+02  2.69926613e-02 -3.61628279e+02 
 1.09581801e-05  6.32016780e+02  2.77109291e-02 -3.41007674e+02 
 1.09584307e-05  6.32016795e+02  2.84301938e-02 -3.19185053e+02 
 1.09586932e-05  6.32016811e+02  2.91509125e-02 -2.96012625e+02 
 1.09589700e-05  6.32016829e+02  2.98740617e-02 -2.71287057e+02 
 1.09592559e-05  6.32016847e+02  3.05807357e-02 -2.45498764e+02 
 1.09595347e-05  6.32016865e+02  3.12305737e-02 -2.20146841e+02 
 1.09598162e-05  6.32016884e+02  3.18466287e-02 -1.94419393e+02 
 1.09600906e-05  6.32016903e+02  3.24083279e-02 -1.69264566e+02 
 1.09603665e-05  6.32016922e+02  3.29344782e-02 -1.43943317e+02 
 1.09606374e-05  6.32016941e+02  3.34132736e-02 -1.19107474e+02 
 1.09609092e-05  6.32016961e+02  3.38563948e-02 -9.42436326e+01 
 1.09611775e-05  6.32016980e+02  3.42568778e-02 -6.98220026e+01 
 1.09614463e-05  6.32017000e+02  3.46218563e-02 -4.54968285e+01 
 1.09617124e-05  6.32017020e+02  3.49474773e-02 -2.16071829e+01 
 1.09619789e-05  6.32017040e+02  3.52383106e-02  2.09055393e+00 
 1.09622432e-05  6.32017059e+02  3.54923927e-02  2.53479484e+01 
 1.09625077e-05  6.32017079e+02  3.57126478e-02  4.83322215e+01 
 1.09627706e-05  6.32017099e+02  3.58983697e-02  7.08683631e+01 
 1.09630335e-05  6.32017120e+02  3.60514493e-02  9.30679950e+01 
 1.09632953e-05  6.32017140e+02  3.61719173e-02  1.14808380e+02 
 1.09635571e-05  6.32017160e+02  3.62610520e-02  1.36162964e+02 
 1.09638181e-05  6.32017180e+02  3.63192961e-02  1.57045867e+02 
 1.09640791e-05  6.32017200e+02  3.63475764e-02  1.77504927e+02 
 1.09643396e-05  6.32017220e+02  3.63465514e-02  1.97480259e+02 
 1.09646000e-05  6.32017240e+02  3.63169532e-02  2.17002804e+02 
 1.09648602e-05  6.32017261e+02  3.62595401e-02  2.36031120e+02 
 1.09651204e-05  6.32017281e+02  3.61749407e-02  2.54585275e+02 
 1.09653803e-05  6.32017301e+02  3.60640310e-02  2.72624763e+02 
 1.09656371e-05  6.32017320e+02  3.59292399e-02  2.89954787e+02 
 1.09658930e-05  6.32017340e+02  3.57706816e-02  3.06731507e+02 
 1.09661462e-05  6.32017359e+02  3.55906266e-02  3.22845397e+02 
 1.09663988e-05  6.32017378e+02  3.53888230e-02  3.38426743e+02 
 1.09666494e-05  6.32017397e+02  3.51672325e-02  3.53407037e+02 
 1.09668996e-05  6.32017415e+02  3.49255800e-02  3.67875759e+02 
 1.09671485e-05  6.32017434e+02  3.46655582e-02  3.81789067e+02 
 1.09673972e-05  6.32017452e+02  3.43869638e-02  3.95208602e+02 
 1.09676449e-05  6.32017470e+02  3.40912351e-02  4.08107998e+02 
 1.09678925e-05  6.32017488e+02  3.37782541e-02  4.20531024e+02 
 1.09681396e-05  6.32017506e+02  3.34492286e-02  4.32463338e+02 
 1.09683867e-05  6.32017523e+02  3.31041213e-02  4.43936959e+02 
 1.09686335e-05  6.32017541e+02  3.27439428e-02  4.54945569e+02 
 1.09688805e-05  6.32017558e+02  3.23687247e-02  4.65513383e+02 
 1.09691275e-05  6.32017575e+02  3.19793128e-02  4.75639396e+02 
 1.09693748e-05  6.32017591e+02  3.15757929e-02  4.85342647e+02 
 1.09696223e-05  6.32017608e+02  3.11588743e-02  4.94625646e+02 
 1.09698703e-05  6.32017624e+02  3.07286819e-02  5.03504016e+02 
 1.09701186e-05  6.32017640e+02  3.02858122e-02  5.11982594e+02 
 1.09703676e-05  6.32017656e+02  2.98304150e-02  5.20074761e+02 
 1.09706172e-05  6.32017672e+02  2.93629935e-02  5.27786891e+02 
 1.09708674e-05  6.32017687e+02  2.88837104e-02  5.35130905e+02 
 1.09711185e-05  6.32017703e+02  2.83929902e-02  5.42114193e+02 
 1.09713704e-05  6.32017718e+02  2.78909985e-02  5.48747733e+02 
 1.09716233e-05  6.32017733e+02  2.73780923e-02  5.55039590e+02 
 1.09718772e-05  6.32017747e+02  2.68544319e-02  5.61000133e+02 
 1.09721321e-05  6.32017762e+02  2.63203153e-02  5.66637877e+02 
 1.09723883e-05  6.32017776e+02  2.57758900e-02  5.71962808e+02 
 1.09726457e-05  6.32017790e+02  2.52214006e-02  5.76983735e+02 
 1.09729045e-05  6.32017804e+02  2.46569759e-02  5.81710406e+02 
 1.09731647e-05  6.32017817e+02  2.40828109e-02  5.86151822e+02 
 1.09734265e-05  6.32017830e+02  2.34990099e-02  5.90317579e+02 
 1.09736898e-05  6.32017843e+02  2.29057202e-02  5.94216806e+02 
 1.09739549e-05  6.32017856e+02  2.23030165e-02  5.97858999e+02 
 1.09742218e-05  6.32017869e+02  2.16909986e-02  6.01253362e+02 
 1.09744905e-05  6.32017881e+02  2.10697065e-02  6.04409324e+02 
 1.09747613e-05  6.32017893e+02  2.04391913e-02  6.07336127e+02 
 1.09750342e-05  6.32017904e+02  1.97994530e-02  6.10043144e+02 
 1.09753094e-05  6.32017916e+02  1.91504919e-02  6.12539623e+02 
 1.09755869e-05  6.32017927e+02  1.84922622e-02  6.14834883e+02 
 1.09758668e-05  6.32017938e+02  1.78247100e-02  6.16938152e+02 
 1.09761495e-05  6.32017948e+02  1.71477385e-02  6.18858685e+02 
 1.09764348e-05  6.32017958e+02  1.64612353e-02  6.20605661e+02 
 1.09767231e-05  6.32017968e+02  1.57650470e-02  6.22188255e+02 
 1.09770145e-05  6.32017978e+02  1.50589994e-02  6.23615567e+02 
 1.09773091e-05  6.32017987e+02  1.43428792e-02  6.24896661e+02 
 1.09776071e-05  6.32017996e+02  1.36164492e-02  6.26040524e+02 
 1.09779087e-05  6.32018004e+02  1.28794378e-02  6.27056071e+02 
 1.09782141e-05  6.32018013e+02  1.21315528e-02  6.27952121e+02 
 1.09785221e-05  6.32018020e+02  1.13760589e-02  6.28733961e+02 
 1.09788281e-05  6.32018027e+02  1.06239089e-02  6.29402429e+02 
 1.09791336e-05  6.32018034e+02  9.87221126e-03  6.29973119e+02 
 1.09794351e-05  6.32018040e+02  9.12912302e-03  6.30452563e+02 
 1.09797332e-05  6.32018046e+02  8.39385763e-03  6.30853853e+02 
 1.09800246e-05  6.32018051e+02  7.67454923e-03  6.31184559e+02 
 1.09803079e-05  6.32018055e+02  6.97493438e-03  6.31454708e+02 
 1.09805785e-05  6.32018059e+02  6.30597894e-03  6.31671360e+02 
 1.09808322e-05  6.32018062e+02  5.67864573e-03  6.31842012e+02 
 1.09810226e-05  6.32018064e+02  5.20776864e-03  6.31951706e+02 
 1.09810658e-05  6.32018065e+02  5.10087055e-03  6.31974583e+02 
 1.09811286e-05  6.32018066e+02  4.94567233e-03  6.32006526e+02 
 1.09811854e-05  6.32018066e+02  4.80499638e-03  6.32034216e+02 
 1.09812677e-05  6.32018067e+02  4.60135388e-03  6.32072238e+02 
 1.09813536e-05  6.32018068e+02  4.38898038e-03  6.32109388e+02 
 1.09814171e-05  6.32018068e+02  4.23160925e-03  6.32135331e+02 
 1.09815131e-05  6.32018069e+02  3.99411306e-03  6.32172026e+02 
 1.09816360e-05  6.32018070e+02  3.68996548e-03  6.32214902e+02 
 1.09817733e-05  6.32018071e+02  3.35009341e-03  6.32257645e+02 
 1.09818551e-05  6.32018072e+02  3.14756542e-03  6.32280650e+02 
 1.09819618e-05  6.32018073e+02  2.88334551e-03  6.32308032e+02 
 1.09820741e-05  6.32018073e+02  2.60551150e-03  6.32333750e+02 
 1.09821681e-05  6.32018074e+02  2.37265708e-03  6.32352979e+02 
 1.09823411e-05  6.32018074e+02  1.94433540e-03  6.32383083e+02 
 1.09824551e-05  6.32018075e+02  1.66199119e-03  6.32399350e+02 
 1.09825593e-05  6.32018075e+02  1.40395244e-03  6.32411829e+02 
 1.09826849e-05  6.32018076e+02  1.09289657e-03  6.32423931e+02 
 1.09828374e-05  6.32018076e+02  7.15239883e-04  6.32434425e+02 
 1.09829949e-05  6.32018076e+02  3.25364828e-04  6.32440550e+02 
 1.09831229e-05  6.32018076e+02  8.35589766e-06  6.32442054e+02 
 1.09831706e-05  6.32018076e+02 -1.09754858e-04  6.32441825e+02 
 1.09832496e-05  6.32018076e+02 -3.05502535e-04  6.32440503e+02 
 1.09833391e-05  6.32018076e+02 -5.27117805e-04  6.32437590e+02 
 1.09834361e-05  6.32018076e+02 -7.67225294e-04  6.32432727e+02 
 1.09835599e-05  6.32018076e+02 -1.07385477e-03  6.32423903e+02 
 1.09836963e-05  6.32018075e+02 -1.41159837e-03  6.32410717e+02 
 1.09838370e-05  6.32018075e+02 -1.76016357e-03  6.32393168e+02 
 1.09839554e-05  6.32018074e+02 -2.05335966e-03  6.32375183e+02 
 1.09840729e-05  6.32018074e+02 -2.34418241e-03  6.32354306e+02 
 1.09842135e-05  6.32018073e+02 -2.69220330e-03  6.32325158e+02 
 1.09843206e-05  6.32018072e+02 -2.95736369e-03  6.32299748e+02 
 1.09844596e-05  6.32018071e+02 -3.30159951e-03  6.32262400e+02 
 1.09845347e-05  6.32018071e+02 -3.48741407e-03  6.32240090e+02 
 1.09846349e-05  6.32018070e+02 -3.73559361e-03  6.32207826e+02 
 1.09847236e-05  6.32018069e+02 -3.95510173e-03  6.32176839e+02 
 1.09847859e-05  6.32018069e+02 -4.10917017e-03  6.32153660e+02 
 1.09848551e-05  6.32018068e+02 -4.28046974e-03  6.32126455e+02 
 1.09849122e-05  6.32018068e+02 -4.42182810e-03  6.32102831e+02 
 1.09849744e-05  6.32018067e+02 -4.57569111e-03  6.32075874e+02 
 1.09850226e-05  6.32018067e+02 -4.69490014e-03  6.32054073e+02 
 1.09850758e-05  6.32018066e+02 -4.82666485e-03  6.32029019e+02 
 1.09851272e-05  6.32018066e+02 -4.95364713e-03  6.32003901e+02 
 1.09851882e-05  6.32018065e+02 -5.10462499e-03  6.31972757e+02 
 1.09852556e-05  6.32018064e+02 -5.27133473e-03  6.31936706e+02 
 1.09853293e-05  6.32018063e+02 -5.45378351e-03  6.31895184e+02 
 1.09854065e-05  6.32018062e+02 -5.64474252e-03  6.31849325e+02 
 1.09854882e-05  6.32018061e+02 -5.84681686e-03  6.31798019e+02 
 1.09855726e-05  6.32018060e+02 -6.05534548e-03  6.31741957e+02 
 1.09856609e-05  6.32018059e+02 -6.27376768e-03  6.31679697e+02 
 1.09857516e-05  6.32018058e+02 -6.49798316e-03  6.31611855e+02 
 1.09858460e-05  6.32018057e+02 -6.73118871e-03  6.31536877e+02 
 1.09859425e-05  6.32018055e+02 -6.96971301e-03  6.31455316e+02 
 1.09860424e-05  6.32018054e+02 -7.21658572e-03  6.31365466e+02 
 1.09861444e-05  6.32018052e+02 -7.46849339e-03  6.31267813e+02 
 1.09862496e-05  6.32018050e+02 -7.72830978e-03  6.31160467e+02 
 1.09863568e-05  6.32018049e+02 -7.99303931e-03  6.31043828e+02 
 1.09864671e-05  6.32018047e+02 -8.26535044e-03  6.30915816e+02 
 1.09866878e-05  6.32018043e+02 -8.80971963e-03  6.30633826e+02 
 1.09869228e-05  6.32018038e+02 -9.38908147e-03  6.30292225e+02 
 1.09871750e-05  6.32018033e+02 -1.00103923e-02  6.29873340e+02 
 1.09875093e-05  6.32018026e+02 -1.08327867e-02  6.29225257e+02 
 1.09878218e-05  6.32018018e+02 -1.16004950e-02  6.28511859e+02 
 1.09881768e-05  6.32018009e+02 -1.24709709e-02  6.27559158e+02 
 1.09884985e-05  6.32018000e+02 -1.32579251e-02  6.26549489e+02 
 1.09888373e-05  6.32017990e+02 -1.40846753e-02  6.25317795e+02 
 1.09891507e-05  6.32017981e+02 -1.48471620e-02  6.24008450e+02 
 1.09894734e-05  6.32017970e+02 -1.56297030e-02  6.22472119e+02 
 1.09897785e-05  6.32017960e+02 -1.63668388e-02  6.20827666e+02 
 1.09900889e-05  6.32017949e+02 -1.71137742e-02  6.18946076e+02 
 1.09903867e-05  6.32017938e+02 -1.78273485e-02  6.16926326e+02 
 1.09906873e-05  6.32017926e+02 -1.85438477e-02  6.14658934e+02 
 1.09909787e-05  6.32017914e+02 -1.92345661e-02  6.12225114e+02 
 1.09912711e-05  6.32017902e+02 -1.99235865e-02  6.09532689e+02 
 1.09915565e-05  6.32017890e+02 -2.05917621e-02  6.06646993e+02 
 1.09918420e-05  6.32017877e+02 -2.12551604e-02  6.03490883e+02 
 1.09921221e-05  6.32017864e+02 -2.19009578e-02  6.00115930e+02 
 1.09924015e-05  6.32017851e+02 -2.25398887e-02  5.96457871e+02 
 1.09926767e-05  6.32017838e+02 -2.31633212e-02  5.92556633e+02 
 1.09929510e-05  6.32017824e+02 -2.37784165e-02  5.88358825e+02 
 1.09932218e-05  6.32017810e+02 -2.43793294e-02  5.83894689e+02 
 1.09934915e-05  6.32017796e+02 -2.49708146e-02  5.79119884e+02 
 1.09937584e-05  6.32017782e+02 -2.55488825e-02  5.74056710e+02 
 1.09940242e-05  6.32017767e+02 -2.61166598e-02  5.68668274e+02 
 1.09942876e-05  6.32017752e+02 -2.66713919e-02  5.62970443e+02 
 1.09945498e-05  6.32017737e+02 -2.72150982e-02  5.56932400e+02 
 1.09948102e-05  6.32017722e+02 -2.77458440e-02  5.50564859e+02 
 1.09950694e-05  6.32017707e+02 -2.82648919e-02  5.43841922e+02 
 1.09953270e-05  6.32017691e+02 -2.87708475e-02  5.36770215e+02 
 1.09955836e-05  6.32017675e+02 -2.92644522e-02  5.29327800e+02 
 1.09958388e-05  6.32017659e+02 -2.97446645e-02  5.21518091e+02 
 1.09960932e-05  6.32017643e+02 -3.02118633e-02  5.13322315e+02 
 1.09963464e-05  6.32017626e+02 -3.06652327e-02  5.04741382e+02 
 1.09965989e-05  6.32017610e+02 -3.11048957e-02  4.95759035e+02 
 1.09968504e-05  6.32017593e+02 -3.15301758e-02  4.86374236e+02 
 1.09971014e-05  6.32017576e+02 -3.19410115e-02  4.76572712e+02 
 1.09973516e-05  6.32017559e+02 -3.23368064e-02  4.66351912e+02 
 1.09976014e-05  6.32017542e+02 -3.27173613e-02  4.55699101e+02 
 1.09978507e-05  6.32017524e+02 -3.30821187e-02  4.44610532e+02 
 1.09980997e-05  6.32017507e+02 -3.34307719e-02  4.33074632e+02 
 1.09983484e-05  6.32017489e+02 -3.37627719e-02  4.21086677e+02 
 1.09985970e-05  6.32017471e+02 -3.40777224e-02  4.08635915e+02 
 1.09988455e-05  6.32017453e+02 -3.43750605e-02  3.95716767e+02 
 1.09990940e-05  6.32017435e+02 -3.46543083e-02  3.82318979e+02 
 1.09993427e-05  6.32017416e+02 -3.49148698e-02  3.68436138e+02 
 1.09995917e-05  6.32017398e+02 -3.51561867e-02  3.54058142e+02 
 1.09998411e-05  6.32017379e+02 -3.53776110e-02  3.39177650e+02 
 1.10000000e-05  6.32017367e+02 -3.55078566e-02  3.29445824e+02 
