ELMER SOLVER (v 26.2) STARTED AT: 2026/09/14 09:55:24
ParCommInit: Initialize #PEs: 1
MAIN: 
MAIN: =============================================================
MAIN: ElmerSolver finite element software, Welcome!
MAIN: This program is free software licensed under (L)GPL
MAIN: Copyright 1st April 1995 - , CSC - IT Center for Science Ltd.
MAIN: Webpage http://www.csc.fi/elmer, Email elmeradm@csc.fi
MAIN: Version: 26.2-unknown (Rev: a19504a, Compiled: 2026-09-12)
MAIN:  Running one task without MPI parallelization.
MAIN:  Running with just one thread per task.
MAIN: =============================================================
MAIN: 
MAIN: 
MAIN: -------------------------------------
MAIN: Reading Model: case.sif
LoadInputFile: Scanning input file: case.sif
LoadInputFile: Scanning only size info
LoadInputFile: First time visiting
LoadInputFile: Reading base load of sif file
CheckKeyword: Found keyword type assuming suffix 1 for: variable 2
CheckKeyword: Found keyword type assuming suffix 1 for: variable 2
CheckKeyword: Found keyword type assuming suffix 1 for: operator 2
CheckKeyword: Found keyword type assuming suffix 1 for: operator 2
CheckKeyword: Found keyword type assuming suffix 1 for: variable 3
CheckKeyword: Found keyword type assuming suffix 1 for: variable 3
CheckKeyword: Found keyword type assuming suffix 1 for: operator 3
CheckKeyword: Found keyword type assuming suffix 1 for: operator 3
CheckKeyword: Found keyword type assuming suffix 1 for: variable 4
CheckKeyword: Found keyword type assuming suffix 1 for: variable 4
CheckKeyword: Found keyword type assuming suffix 1 for: operator 4
CheckKeyword: Found keyword type assuming suffix 1 for: operator 4
CheckKeyword: Found keyword type assuming suffix 1 for: variable 5
CheckKeyword: Found keyword type assuming suffix 1 for: variable 5
CheckKeyword: Found keyword type assuming suffix 1 for: operator 5
CheckKeyword: Found keyword type assuming suffix 1 for: operator 5
LoadInputFile: Loading input file: case.sif
LoadInputFile: Reading base load of sif file
CheckKeyword: Found keyword type assuming suffix 1 for: variable 2
CheckKeyword: Found keyword type assuming suffix 1 for: variable 2
CheckKeyword: Found keyword type assuming suffix 1 for: operator 2
CheckKeyword: Found keyword type assuming suffix 1 for: operator 2
CheckKeyword: Found keyword type assuming suffix 1 for: variable 3
CheckKeyword: Found keyword type assuming suffix 1 for: variable 3
CheckKeyword: Found keyword type assuming suffix 1 for: operator 3
CheckKeyword: Found keyword type assuming suffix 1 for: operator 3
CheckKeyword: Found keyword type assuming suffix 1 for: variable 4
CheckKeyword: Found keyword type assuming suffix 1 for: variable 4
CheckKeyword: Found keyword type assuming suffix 1 for: operator 4
CheckKeyword: Found keyword type assuming suffix 1 for: operator 4
CheckKeyword: Found keyword type assuming suffix 1 for: variable 5
CheckKeyword: Found keyword type assuming suffix 1 for: variable 5
CheckKeyword: Found keyword type assuming suffix 1 for: operator 5
CheckKeyword: Found keyword type assuming suffix 1 for: operator 5
LoadInputFile: Number of BCs: 3
LoadInputFile: Number of Body Forces: 1
LoadInputFile: Number of Initial Conditions: 1
LoadInputFile: Number of Materials: 2
LoadInputFile: Number of Equations: 2
LoadInputFile: Number of Solvers: 3
LoadInputFile: Number of Bodies: 2
Loading user function library: [StatCurrentSolve]...[StatCurrentSolver_Init0]
Loading user function library: [StatCurrentSolve]...[StatCurrentSolver_Init0]
Loading user function library: [HeatSolve]...[HeatSolver_Init0]
Loading user function library: [HeatSolve]...[HeatSolver_Init0]
Loading user function library: [SaveData]...[SaveScalars_Init0]
Loading user function library: [SaveData]...[SaveScalars_Init0]
LoadMesh: Loading serial mesh!
ElmerMeshReader: Performing step: 1
ElmerMeshReader: Base mesh name: ./neck
ReadHeaderFile: Reading header info from file: ./neck/mesh.header
InitializeMesh: Number of nodes in mesh: 10436
InitializeMesh: Number of bulk elements in mesh: 49071
InitializeMesh: Number of boundary elements in mesh: 9784
InitializeMesh: Initial number of max element nodes: 4
ElmerMeshReader: Performing step: 2
ReadNodesFile: Reading nodes from file: ./neck/mesh.nodes
SetMeshDimension: Dimension of mesh is: 3
SetMeshDimension: Max dimension of mesh is: 3
ElmerMeshReader: Performing step: 3
ReadElementsFile: Reading bulk elements from file: ./neck/mesh.elements
ElmerMeshReader: Performing step: 4
ReadBoundaryFile: Reading boundary elements from file: ./neck/mesh.boundary
PermuteNodeNumbering: Performing node mapping
MapBodiesAndBCs: Remapping bodies
MapBodiesAndBCs: Minimum initial body index: 1
MapBodiesAndBCs: Maximum initial body index: 2
MapBodiesAndBCs: Remapping boundaries
MapBodiesAndBCs: Minimum initial boundary index: 11
MapBodiesAndBCs: Maximum initial boundary index: 13
ElmerMeshReader: Performing step: 5
ElmerMeshReader: Performing step: 6
LoadMesh: Loading mesh done
LoadMesh: Preparing mesh done
LoadMesh: Elapsed REAL time:     0.0293 (s)
MeshStabParams: Computing stabilization parameters
MeshStabParams: Elapsed REAL time:     0.0059 (s)
LoadModel: Defined radition solver by Equation name "heat equation"
MAIN: -------------------------------------
AddVtuOutputSolverHack: Adding ResultOutputSolver to write VTU output in file: neck
AppendNewSolver: Increasing number of solvers to: 4
AddMeshCoordinates: Setting mesh coordinates and time
AddSolvers: Setting up 4 solvers
AddSolvers: Setting up solver 1: stat current
AddEquationBasics: Using procedure: StatCurrentSolve StatCurrentSolver
AddEquationBasics: Setting up solver: stat current
Loading user function library: [StatCurrentSolve]...[StatCurrentSolver_Init]
Loading user function library: [StatCurrentSolve]...[StatCurrentSolver_bulk]
Loading user function library: [StatCurrentSolve]...[StatCurrentSolver_bulk]
Loading user function library: [StatCurrentSolve]...[StatCurrentSolver]
AddEquationBasics: Creating standard variable: potential
OptimizeBandwidth: ---------------------------------------------------------
OptimizeBandwidth: Computing matrix structure for: stat current
OptimizeBandwidth: Initial bandwidth for stat current: 1734
OptimizeBandwidth: Optimized bandwidth for stat current: 59
OptimizeBandwidth: ---------------------------------------------------------
AddSolvers: Setting up solver 2: heat equation
AddEquationBasics: Setting up keywords internally for legacy solver: heat equation
AddEquationBasics: Using procedure: HeatSolve HeatSolver
AddEquationBasics: Setting up solver: heat equation
Loading user function library: [HeatSolve]...[HeatSolver_Init]
Loading user function library: [HeatSolve]...[HeatSolver_bulk]
Loading user function library: [HeatSolve]...[HeatSolver_bulk]
Loading user function library: [HeatSolve]...[HeatSolver]
AddEquationBasics: Creating standard variable: temperature
OptimizeBandwidth: ---------------------------------------------------------
OptimizeBandwidth: Computing matrix structure for: heat equation
OptimizeBandwidth: Initial bandwidth for heat equation: 10314
OptimizeBandwidth: Optimized bandwidth for heat equation: 462
OptimizeBandwidth: ---------------------------------------------------------
AddSolvers: Setting up solver 3: savescalars
AddEquationBasics: Using procedure: SaveData SaveScalars
AddEquationBasics: Setting up solver: savescalars
Loading user function library: [SaveData]...[SaveScalars_Init]
Loading user function library: [SaveData]...[SaveScalars_bulk]
Loading user function library: [SaveData]...[SaveScalars_bulk]
Loading user function library: [SaveData]...[SaveScalars]
AddSolvers: Setting up solver 4: internalvtuoutputsolver
AddEquationBasics: Using procedure: ResultOutputSolve ResultOutputSolver
AddEquationBasics: Setting up solver: internalvtuoutputsolver
Loading user function library: [ResultOutputSolve]...[ResultOutputSolver_Init]
Loading user function library: [ResultOutputSolve]...[ResultOutputSolver_Init]
Loading user function library: [ResultOutputSolve]...[ResultOutputSolver_bulk]
Loading user function library: [ResultOutputSolve]...[ResultOutputSolver_bulk]
Loading user function library: [ResultOutputSolve]...[ResultOutputSolver]
AddEquationBasics: Creating global variable: vtu_internal_dummy
AddTimeEtc: Setting time and other global variables
MAIN: Random seed initialized to: 314159265
SetInitialConditions: Setting up initial conditions (if any)
MAIN: Number of timesteps to be saved: 30
MAIN: 
MAIN: -------------------------------------
MAIN:  Steady state iteration:            1
MAIN: -------------------------------------
MAIN: 
SingleSolver: Attempting to call solver: 1
SingleSolver: Solver Equation string is: stat current
StatCurrentSolve: -------------------------------------
StatCurrentSolve: STAT CURRENT SOLVER:
StatCurrentSolve: -------------------------------------
DefaultStart: Starting solver: stat current
StatElecSolve: Starting Assembly...
DefUtils::DefaultDirichletBCs: Setting Dirichlet boundary conditions
EnforceDirichletConditions: Enforcing total of 28 Dirichlet conditions.
EnforceDirichletConditions: Applying Dirichlet conditions using scaled diagonal
ScaleLinearSystem: Creating > DiagScaling < vector of size 1754
EnforceDirichletConditions: Dirichlet conditions enforced for dofs: 28
StatCurrentSolve:  Assembly (s)          :  0.13013399999999997
DefaultSolve: Solving linear system with default routines
SolveSystem: Solving linear system
SolveLinearSystem: Assuming real valued linear system
SolveLinearSystem: Assuming serial linear system
ScaleLinearSystem: Creating > DiagScaling < vector of size 1754
SolveLinearSystem: Serial linear System Solver: direct
DirectSolver: Using direct method: umfpack
ComputeNorm: Computing norm of solution
ComputeChange: NS (ITER=1) (NRM,RELC): ( 0.11586015E-01  2.0000000     ) :: stat current
StatCurrentSolve:  Solve (s)             :   3.2389999999999919E-003
StatCurrentSolve:  Total Heating Power   :  0.25359454443931095
DefaultFinish: Finished solver: stat current
ComputeNorm: Computing norm of solution
ComputeChange: SS (ITER=1) (NRM,RELC): ( 0.11586015E-01  2.0000000     ) :: stat current
SingleSolver: Attempting to call solver: 2
SingleSolver: Solver Equation string is: heat equation
HeatSolver: -------------------------------------------
HeatSolver: Solving the energy equation for temperature
DefaultStart: Starting solver: heat equation
HeatSolve: 
HeatSolve: 
HeatSolve: -------------------------------------
HeatSolve:  TEMPERATURE ITERATION           1
HeatSolve: -------------------------------------
HeatSolve: 
HeatSolve: Starting Assembly...
HeatSolve: Assembly:
DefaultFinishBulkAssembly: Saving bulk values for: heat equation
HeatSolve: Assembly done
DefUtils::DefaultDirichletBCs: Setting Dirichlet boundary conditions
EnforceDirichletConditions: No Dirichlet conditions to enforce, exiting!
DefaultSolve: Solving linear system with default routines
SolveSystem: Solving linear system
SolveLinearSystem: Assuming real valued linear system
SolveLinearSystem: Assuming serial linear system
ScaleLinearSystem: Creating > DiagScaling < vector of size 10436
SolveLinearSystem: Serial linear System Solver: direct
DirectSolver: Using direct method: umfpack
SolveLinearSystem: Calculating nodal loads for: temperature
CalculateLoads: Computing boundary fluxes from nodal loads
WARNING:: CalculateLoads: Boundary 1 includes inseparable dofs!
CalculateLoads: temperature Flux over BC 1: -6.22092E-02
WARNING:: CalculateLoads: Boundary 2 includes inseparable dofs!
CalculateLoads: temperature Flux over BC 2: -4.28068E-02
WARNING:: CalculateLoads: Boundary 3 includes inseparable dofs!
CalculateLoads: temperature Flux over BC 3: -1.48579E-01
CalculateLoads: temperature Flux over all BCs: -2.53595E-01
ComputeNorm: Computing norm of solution
ComputeChange: NS (ITER=1) (NRM,RELC): (  460.90066      2.0000000     ) :: heat equation
HeatSolve: iter:    1 Assembly: (s)    0.72    0.72
HeatSolve: iter:    1 Solve:    (s)    0.20    0.20
HeatSolve:  Result Norm   :    460.90066268751059
HeatSolve:  Relative Change :    2.0000000000000000
DefaultFinish: Finished solver: heat equation
ComputeNorm: Computing norm of solution
ComputeChange: SS (ITER=1) (NRM,RELC): (  460.90066      2.0000000     ) :: heat equation
SingleSolver: Attempting to call solver: 0
SingleSolver: Solver Equation string is: internalvtuoutputsolver
ResultOutputSolver: -------------------------------------
ResultOutputSolver: Saving with prefix: neck
ResultOutputSolver: Dimension of mesh is: 3
ResultOutputSolver: Working on mesh 1: neck with 10436 nodes
ResultOutputSolver: Creating list for saving - if not present
CreateListForSaving: Field Variables for Saving
CreateListForSaving: Scalar Field 1: potential
CreateListForSaving: Scalar Field 2: joule heating
CreateListForSaving: Scalar Field 3: temperature
CreateListForSaving: Scalar Field 4: temperature loads
CreateListForSaving: Vector Field 1: volume current
ResultOutputSolver: Saving in unstructured VTK XML (.vtu) format
VtuOutputSolver: Saving results in VTK XML format with prefix: neck
VtuOutputSolver: Saving number of partitions: 1
SolverOutputDirectory: Creating directory: neck
VtuOutputSolver: Full filename base is: neck/neck
GenerateSaveMask: Number of active elements 58855 out of 58855
GenerateSaveMask: Number of geometry nodes 10436 out of 10436
VtuOutputSolver: Total number of elements to save: 58855
VtuOutputSolver: Total number of geometry nodes to save: 10436
VtuOutputSolver: Total number of dof nodes to save: 10436
VtuOutputSolver: Setting offset for boundary entities: 100
VtuOutputSolver: Writing the vtu file: neck/neck_t0001.vtu
AscBinWriteInit: Initializing buffered ascii/binary writing
AscBinWriteInit: Writing in binary
AscBinWriteInit: Writing in double precision
AscBinWriteInit: Writing to unit number: 58
AscBinWriteInit: Size of buffer is: 10436
WriteVtuFile: Writing nodal fields
WriteVtuFile: Saving 1-component variable: potential
WriteVtuFile: Saving 1-component variable: joule heating
WriteVtuFile: Saving 1-component variable: temperature
WriteVtuFile: Saving 1-component variable: temperature loads
WriteVtuFile: Saving 3-component variable: volume current
WriteVtuFile: Number of nodal fields written: 5
WriteVtuFile: Writing elemental fields
WriteVtuFile: Number of elemental fields written: 0
WriteVtuFile: Writing entity IDs for bodies and boundaries
WriteVtuFile: Writing coordinates for each used node
WriteVtuFile: Writing the elemental connectivity data
WriteVtuFile: Writing nodal fields
WriteVtuFile: Saving 1-component variable: potential
WriteVtuFile: Saving 1-component variable: joule heating
WriteVtuFile: Saving 1-component variable: temperature
WriteVtuFile: Saving 1-component variable: temperature loads
WriteVtuFile: Saving 3-component variable: volume current
WriteVtuFile: Writing elemental fields
AscBinWriteFree: Terminating buffered ascii/binary writing
VtuOutputSolver: All done for now
ResultOutputSolver: -------------------------------------
MAIN: 
MAIN: -------------------------------------
MAIN:  Steady state iteration:            2
MAIN: -------------------------------------
MAIN: 
SingleSolver: Attempting to call solver: 1
SingleSolver: Solver Equation string is: stat current
StatCurrentSolve: -------------------------------------
StatCurrentSolve: STAT CURRENT SOLVER:
StatCurrentSolve: -------------------------------------
DefaultStart: Starting solver: stat current
StatElecSolve: Starting Assembly...
DefUtils::DefaultDirichletBCs: Setting Dirichlet boundary conditions
EnforceDirichletConditions: Enforcing total of 28 Dirichlet conditions.
EnforceDirichletConditions: Applying Dirichlet conditions using scaled diagonal
ScaleLinearSystem: Creating > DiagScaling < vector of size 1754
EnforceDirichletConditions: Dirichlet conditions enforced for dofs: 28
StatCurrentSolve:  Assembly (s)          :  0.12508999999999992
DefaultSolve: Solving linear system with default routines
SolveSystem: Solving linear system
SolveLinearSystem: Assuming real valued linear system
SolveLinearSystem: Assuming serial linear system
ScaleLinearSystem: Creating > DiagScaling < vector of size 1754
SolveLinearSystem: Serial linear System Solver: direct
DirectSolver: Using direct method: umfpack
ComputeNorm: Computing norm of solution
ComputeChange: NS (ITER=1) (NRM,RELC): ( 0.16765024E-01 0.36534879     ) :: stat current
StatCurrentSolve:  Solve (s)             :   3.0890000000001194E-003
StatCurrentSolve:  Total Heating Power   :  0.36671808547391987
DefaultFinish: Finished solver: stat current
ComputeNorm: Computing norm of solution
ComputeChange: SS (ITER=2) (NRM,RELC): ( 0.16765024E-01 0.36534879     ) :: stat current
SingleSolver: Attempting to call solver: 2
SingleSolver: Solver Equation string is: heat equation
HeatSolver: -------------------------------------------
HeatSolver: Solving the energy equation for temperature
DefaultStart: Starting solver: heat equation
HeatSolve: 
HeatSolve: 
HeatSolve: -------------------------------------
HeatSolve:  TEMPERATURE ITERATION           1
HeatSolve: -------------------------------------
HeatSolve: 
HeatSolve: Starting Assembly...
HeatSolve: Assembly:
DefaultFinishBulkAssembly: Saving bulk values for: heat equation
HeatSolve: Assembly done
DefUtils::DefaultDirichletBCs: Setting Dirichlet boundary conditions
EnforceDirichletConditions: No Dirichlet conditions to enforce, exiting!
DefaultSolve: Solving linear system with default routines
SolveSystem: Solving linear system
SolveLinearSystem: Assuming real valued linear system
SolveLinearSystem: Assuming serial linear system
ScaleLinearSystem: Creating > DiagScaling < vector of size 10436
SolveLinearSystem: Serial linear System Solver: direct
DirectSolver: Using direct method: umfpack
SolveLinearSystem: Calculating nodal loads for: temperature
CalculateLoads: Computing boundary fluxes from nodal loads
WARNING:: CalculateLoads: Boundary 1 includes inseparable dofs!
CalculateLoads: temperature Flux over BC 1: -9.55958E-02
WARNING:: CalculateLoads: Boundary 2 includes inseparable dofs!
CalculateLoads: temperature Flux over BC 2: -5.97994E-02
WARNING:: CalculateLoads: Boundary 3 includes inseparable dofs!
CalculateLoads: temperature Flux over BC 3: -2.11323E-01
CalculateLoads: temperature Flux over all BCs: -3.66718E-01
ComputeNorm: Computing norm of solution
ComputeChange: NS (ITER=1) (NRM,RELC): (  495.50454     0.72362382E-01 ) :: heat equation
HeatSolve: iter:    1 Assembly: (s)    0.67    0.67
HeatSolve: iter:    1 Solve:    (s)    0.20    0.20
HeatSolve:  Result Norm   :    495.50454216999123
HeatSolve:  Relative Change :    7.2362382192674060E-002
DefaultFinish: Finished solver: heat equation
ComputeNorm: Computing norm of solution
ComputeChange: SS (ITER=2) (NRM,RELC): (  495.50454     0.72362382E-01 ) :: heat equation
SingleSolver: Attempting to call solver: 0
SingleSolver: Solver Equation string is: internalvtuoutputsolver
ResultOutputSolver: -------------------------------------
ResultOutputSolver: Dimension of mesh is: 3
ResultOutputSolver: Working on mesh 1: neck with 10436 nodes
ResultOutputSolver: Saving in unstructured VTK XML (.vtu) format
VtuOutputSolver: Full filename base is: neck/neck
GenerateSaveMask: Number of active elements 58855 out of 58855
GenerateSaveMask: Number of geometry nodes 10436 out of 10436
VtuOutputSolver: Setting offset for boundary entities: 100
VtuOutputSolver: Writing the vtu file: neck/neck_t0002.vtu
AscBinWriteInit: Initializing buffered ascii/binary writing
AscBinWriteInit: Writing in binary
AscBinWriteInit: Writing in double precision
AscBinWriteInit: Writing to unit number: 58
AscBinWriteInit: Size of buffer is: 10436
WriteVtuFile: Writing nodal fields
WriteVtuFile: Saving 1-component variable: potential
WriteVtuFile: Saving 1-component variable: joule heating
WriteVtuFile: Saving 1-component variable: temperature
WriteVtuFile: Saving 1-component variable: temperature loads
WriteVtuFile: Saving 3-component variable: volume current
WriteVtuFile: Number of nodal fields written: 5
WriteVtuFile: Writing elemental fields
WriteVtuFile: Number of elemental fields written: 0
WriteVtuFile: Writing entity IDs for bodies and boundaries
WriteVtuFile: Writing coordinates for each used node
WriteVtuFile: Writing the elemental connectivity data
WriteVtuFile: Writing nodal fields
WriteVtuFile: Saving 1-component variable: potential
WriteVtuFile: Saving 1-component variable: joule heating
WriteVtuFile: Saving 1-component variable: temperature
WriteVtuFile: Saving 1-component variable: temperature loads
WriteVtuFile: Saving 3-component variable: volume current
WriteVtuFile: Writing elemental fields
AscBinWriteFree: Terminating buffered ascii/binary writing
VtuOutputSolver: All done for now
ResultOutputSolver: -------------------------------------
MAIN: 
MAIN: -------------------------------------
MAIN:  Steady state iteration:            3
MAIN: -------------------------------------
MAIN: 
SingleSolver: Attempting to call solver: 1
SingleSolver: Solver Equation string is: stat current
StatCurrentSolve: -------------------------------------
StatCurrentSolve: STAT CURRENT SOLVER:
StatCurrentSolve: -------------------------------------
DefaultStart: Starting solver: stat current
StatElecSolve: Starting Assembly...
DefUtils::DefaultDirichletBCs: Setting Dirichlet boundary conditions
EnforceDirichletConditions: Enforcing total of 28 Dirichlet conditions.
EnforceDirichletConditions: Applying Dirichlet conditions using scaled diagonal
ScaleLinearSystem: Creating > DiagScaling < vector of size 1754
EnforceDirichletConditions: Dirichlet conditions enforced for dofs: 28
StatCurrentSolve:  Assembly (s)          :  0.12375399999999992
DefaultSolve: Solving linear system with default routines
SolveSystem: Solving linear system
SolveLinearSystem: Assuming real valued linear system
SolveLinearSystem: Assuming serial linear system
ScaleLinearSystem: Creating > DiagScaling < vector of size 1754
SolveLinearSystem: Serial linear System Solver: direct
DirectSolver: Using direct method: umfpack
ComputeNorm: Computing norm of solution
ComputeChange: NS (ITER=1) (NRM,RELC): ( 0.18183501E-01 0.81175226E-01 ) :: stat current
StatCurrentSolve:  Solve (s)             :   3.1799999999999606E-003
StatCurrentSolve:  Total Heating Power   :  0.39759691013339232
DefaultFinish: Finished solver: stat current
ComputeNorm: Computing norm of solution
ComputeChange: SS (ITER=3) (NRM,RELC): ( 0.18183501E-01 0.81175226E-01 ) :: stat current
SingleSolver: Attempting to call solver: 2
SingleSolver: Solver Equation string is: heat equation
HeatSolver: -------------------------------------------
HeatSolver: Solving the energy equation for temperature
DefaultStart: Starting solver: heat equation
HeatSolve: 
HeatSolve: 
HeatSolve: -------------------------------------
HeatSolve:  TEMPERATURE ITERATION           1
HeatSolve: -------------------------------------
HeatSolve: 
HeatSolve: Starting Assembly...
HeatSolve: Assembly:
DefaultFinishBulkAssembly: Saving bulk values for: heat equation
HeatSolve: Assembly done
DefUtils::DefaultDirichletBCs: Setting Dirichlet boundary conditions
EnforceDirichletConditions: No Dirichlet conditions to enforce, exiting!
DefaultSolve: Solving linear system with default routines
SolveSystem: Solving linear system
SolveLinearSystem: Assuming real valued linear system
SolveLinearSystem: Assuming serial linear system
ScaleLinearSystem: Creating > DiagScaling < vector of size 10436
SolveLinearSystem: Serial linear System Solver: direct
DirectSolver: Using direct method: umfpack
SolveLinearSystem: Calculating nodal loads for: temperature
CalculateLoads: Computing boundary fluxes from nodal loads
WARNING:: CalculateLoads: Boundary 1 includes inseparable dofs!
CalculateLoads: temperature Flux over BC 1: -1.04703E-01
WARNING:: CalculateLoads: Boundary 2 includes inseparable dofs!
CalculateLoads: temperature Flux over BC 2: -6.44430E-02
WARNING:: CalculateLoads: Boundary 3 includes inseparable dofs!
CalculateLoads: temperature Flux over BC 3: -2.28450E-01
CalculateLoads: temperature Flux over all BCs: -3.97597E-01
ComputeNorm: Computing norm of solution
ComputeChange: NS (ITER=1) (NRM,RELC): (  504.95274     0.18887756E-01 ) :: heat equation
HeatSolve: iter:    1 Assembly: (s)    0.67    0.67
HeatSolve: iter:    1 Solve:    (s)    0.20    0.20
HeatSolve:  Result Norm   :    504.95273879583129
HeatSolve:  Relative Change :    1.8887756240264370E-002
DefaultFinish: Finished solver: heat equation
ComputeNorm: Computing norm of solution
ComputeChange: SS (ITER=3) (NRM,RELC): (  504.95274     0.18887756E-01 ) :: heat equation
SingleSolver: Attempting to call solver: 0
SingleSolver: Solver Equation string is: internalvtuoutputsolver
ResultOutputSolver: -------------------------------------
ResultOutputSolver: Dimension of mesh is: 3
ResultOutputSolver: Working on mesh 1: neck with 10436 nodes
ResultOutputSolver: Saving in unstructured VTK XML (.vtu) format
VtuOutputSolver: Full filename base is: neck/neck
GenerateSaveMask: Number of active elements 58855 out of 58855
GenerateSaveMask: Number of geometry nodes 10436 out of 10436
VtuOutputSolver: Setting offset for boundary entities: 100
VtuOutputSolver: Writing the vtu file: neck/neck_t0003.vtu
AscBinWriteInit: Initializing buffered ascii/binary writing
AscBinWriteInit: Writing in binary
AscBinWriteInit: Writing in double precision
AscBinWriteInit: Writing to unit number: 58
AscBinWriteInit: Size of buffer is: 10436
WriteVtuFile: Writing nodal fields
WriteVtuFile: Saving 1-component variable: potential
WriteVtuFile: Saving 1-component variable: joule heating
WriteVtuFile: Saving 1-component variable: temperature
WriteVtuFile: Saving 1-component variable: temperature loads
WriteVtuFile: Saving 3-component variable: volume current
WriteVtuFile: Number of nodal fields written: 5
WriteVtuFile: Writing elemental fields
WriteVtuFile: Number of elemental fields written: 0
WriteVtuFile: Writing entity IDs for bodies and boundaries
WriteVtuFile: Writing coordinates for each used node
WriteVtuFile: Writing the elemental connectivity data
WriteVtuFile: Writing nodal fields
WriteVtuFile: Saving 1-component variable: potential
WriteVtuFile: Saving 1-component variable: joule heating
WriteVtuFile: Saving 1-component variable: temperature
WriteVtuFile: Saving 1-component variable: temperature loads
WriteVtuFile: Saving 3-component variable: volume current
WriteVtuFile: Writing elemental fields
AscBinWriteFree: Terminating buffered ascii/binary writing
VtuOutputSolver: All done for now
ResultOutputSolver: -------------------------------------
MAIN: 
MAIN: -------------------------------------
MAIN:  Steady state iteration:            4
MAIN: -------------------------------------
MAIN: 
SingleSolver: Attempting to call solver: 1
SingleSolver: Solver Equation string is: stat current
StatCurrentSolve: -------------------------------------
StatCurrentSolve: STAT CURRENT SOLVER:
StatCurrentSolve: -------------------------------------
DefaultStart: Starting solver: stat current
StatElecSolve: Starting Assembly...
DefUtils::DefaultDirichletBCs: Setting Dirichlet boundary conditions
EnforceDirichletConditions: Enforcing total of 28 Dirichlet conditions.
EnforceDirichletConditions: Applying Dirichlet conditions using scaled diagonal
ScaleLinearSystem: Creating > DiagScaling < vector of size 1754
EnforceDirichletConditions: Dirichlet conditions enforced for dofs: 28
StatCurrentSolve:  Assembly (s)          :  0.12273399999999990
DefaultSolve: Solving linear system with default routines
SolveSystem: Solving linear system
SolveLinearSystem: Assuming real valued linear system
SolveLinearSystem: Assuming serial linear system
ScaleLinearSystem: Creating > DiagScaling < vector of size 1754
SolveLinearSystem: Serial linear System Solver: direct
DirectSolver: Using direct method: umfpack
ComputeNorm: Computing norm of solution
ComputeChange: NS (ITER=1) (NRM,RELC): ( 0.18570910E-01 0.21080927E-01 ) :: stat current
StatCurrentSolve:  Solve (s)             :   3.0909999999999549E-003
StatCurrentSolve:  Total Heating Power   :  0.40602923092998311
DefaultFinish: Finished solver: stat current
ComputeNorm: Computing norm of solution
ComputeChange: SS (ITER=4) (NRM,RELC): ( 0.18570910E-01 0.21080927E-01 ) :: stat current
SingleSolver: Attempting to call solver: 2
SingleSolver: Solver Equation string is: heat equation
HeatSolver: -------------------------------------------
HeatSolver: Solving the energy equation for temperature
DefaultStart: Starting solver: heat equation
HeatSolve: 
HeatSolve: 
HeatSolve: -------------------------------------
HeatSolve:  TEMPERATURE ITERATION           1
HeatSolve: -------------------------------------
HeatSolve: 
HeatSolve: Starting Assembly...
HeatSolve: Assembly:
DefaultFinishBulkAssembly: Saving bulk values for: heat equation
HeatSolve: Assembly done
DefUtils::DefaultDirichletBCs: Setting Dirichlet boundary conditions
EnforceDirichletConditions: No Dirichlet conditions to enforce, exiting!
DefaultSolve: Solving linear system with default routines
SolveSystem: Solving linear system
SolveLinearSystem: Assuming real valued linear system
SolveLinearSystem: Assuming serial linear system
ScaleLinearSystem: Creating > DiagScaling < vector of size 10436
SolveLinearSystem: Serial linear System Solver: direct
DirectSolver: Using direct method: umfpack
SolveLinearSystem: Calculating nodal loads for: temperature
CalculateLoads: Computing boundary fluxes from nodal loads
WARNING:: CalculateLoads: Boundary 1 includes inseparable dofs!
CalculateLoads: temperature Flux over BC 1: -1.07191E-01
WARNING:: CalculateLoads: Boundary 2 includes inseparable dofs!
CalculateLoads: temperature Flux over BC 2: -6.57111E-02
WARNING:: CalculateLoads: Boundary 3 includes inseparable dofs!
CalculateLoads: temperature Flux over BC 3: -2.33128E-01
CalculateLoads: temperature Flux over all BCs: -4.06029E-01
ComputeNorm: Computing norm of solution
ComputeChange: NS (ITER=1) (NRM,RELC): (  507.53288     0.50966434E-02 ) :: heat equation
HeatSolve: iter:    1 Assembly: (s)    0.67    0.67
HeatSolve: iter:    1 Solve:    (s)    0.20    0.20
HeatSolve:  Result Norm   :    507.53287786309227
HeatSolve:  Relative Change :    5.0966433987973282E-003
DefaultFinish: Finished solver: heat equation
ComputeNorm: Computing norm of solution
ComputeChange: SS (ITER=4) (NRM,RELC): (  507.53288     0.50966434E-02 ) :: heat equation
SingleSolver: Attempting to call solver: 0
SingleSolver: Solver Equation string is: internalvtuoutputsolver
ResultOutputSolver: -------------------------------------
ResultOutputSolver: Dimension of mesh is: 3
ResultOutputSolver: Working on mesh 1: neck with 10436 nodes
ResultOutputSolver: Saving in unstructured VTK XML (.vtu) format
VtuOutputSolver: Full filename base is: neck/neck
GenerateSaveMask: Number of active elements 58855 out of 58855
GenerateSaveMask: Number of geometry nodes 10436 out of 10436
VtuOutputSolver: Setting offset for boundary entities: 100
VtuOutputSolver: Writing the vtu file: neck/neck_t0004.vtu
AscBinWriteInit: Initializing buffered ascii/binary writing
AscBinWriteInit: Writing in binary
AscBinWriteInit: Writing in double precision
AscBinWriteInit: Writing to unit number: 58
AscBinWriteInit: Size of buffer is: 10436
WriteVtuFile: Writing nodal fields
WriteVtuFile: Saving 1-component variable: potential
WriteVtuFile: Saving 1-component variable: joule heating
WriteVtuFile: Saving 1-component variable: temperature
WriteVtuFile: Saving 1-component variable: temperature loads
WriteVtuFile: Saving 3-component variable: volume current
WriteVtuFile: Number of nodal fields written: 5
WriteVtuFile: Writing elemental fields
WriteVtuFile: Number of elemental fields written: 0
WriteVtuFile: Writing entity IDs for bodies and boundaries
WriteVtuFile: Writing coordinates for each used node
WriteVtuFile: Writing the elemental connectivity data
WriteVtuFile: Writing nodal fields
WriteVtuFile: Saving 1-component variable: potential
WriteVtuFile: Saving 1-component variable: joule heating
WriteVtuFile: Saving 1-component variable: temperature
WriteVtuFile: Saving 1-component variable: temperature loads
WriteVtuFile: Saving 3-component variable: volume current
WriteVtuFile: Writing elemental fields
AscBinWriteFree: Terminating buffered ascii/binary writing
VtuOutputSolver: All done for now
ResultOutputSolver: -------------------------------------
MAIN: 
MAIN: -------------------------------------
MAIN:  Steady state iteration:            5
MAIN: -------------------------------------
MAIN: 
SingleSolver: Attempting to call solver: 1
SingleSolver: Solver Equation string is: stat current
StatCurrentSolve: -------------------------------------
StatCurrentSolve: STAT CURRENT SOLVER:
StatCurrentSolve: -------------------------------------
DefaultStart: Starting solver: stat current
StatElecSolve: Starting Assembly...
DefUtils::DefaultDirichletBCs: Setting Dirichlet boundary conditions
EnforceDirichletConditions: Enforcing total of 28 Dirichlet conditions.
EnforceDirichletConditions: Applying Dirichlet conditions using scaled diagonal
ScaleLinearSystem: Creating > DiagScaling < vector of size 1754
EnforceDirichletConditions: Dirichlet conditions enforced for dofs: 28
StatCurrentSolve:  Assembly (s)          :  0.12598500000000001
DefaultSolve: Solving linear system with default routines
SolveSystem: Solving linear system
SolveLinearSystem: Assuming real valued linear system
SolveLinearSystem: Assuming serial linear system
ScaleLinearSystem: Creating > DiagScaling < vector of size 1754
SolveLinearSystem: Serial linear System Solver: direct
DirectSolver: Using direct method: umfpack
ComputeNorm: Computing norm of solution
ComputeChange: NS (ITER=1) (NRM,RELC): ( 0.18676704E-01 0.56806201E-02 ) :: stat current
StatCurrentSolve:  Solve (s)             :   3.2390000000006580E-003
StatCurrentSolve:  Total Heating Power   :  0.40833194142129586
DefaultFinish: Finished solver: stat current
ComputeNorm: Computing norm of solution
ComputeChange: SS (ITER=5) (NRM,RELC): ( 0.18676704E-01 0.56806201E-02 ) :: stat current
SingleSolver: Attempting to call solver: 2
SingleSolver: Solver Equation string is: heat equation
HeatSolver: -------------------------------------------
HeatSolver: Solving the energy equation for temperature
DefaultStart: Starting solver: heat equation
HeatSolve: 
HeatSolve: 
HeatSolve: -------------------------------------
HeatSolve:  TEMPERATURE ITERATION           1
HeatSolve: -------------------------------------
HeatSolve: 
HeatSolve: Starting Assembly...
HeatSolve: Assembly:
DefaultFinishBulkAssembly: Saving bulk values for: heat equation
HeatSolve: Assembly done
DefUtils::DefaultDirichletBCs: Setting Dirichlet boundary conditions
EnforceDirichletConditions: No Dirichlet conditions to enforce, exiting!
DefaultSolve: Solving linear system with default routines
SolveSystem: Solving linear system
SolveLinearSystem: Assuming real valued linear system
SolveLinearSystem: Assuming serial linear system
ScaleLinearSystem: Creating > DiagScaling < vector of size 10436
SolveLinearSystem: Serial linear System Solver: direct
DirectSolver: Using direct method: umfpack
SolveLinearSystem: Calculating nodal loads for: temperature
CalculateLoads: Computing boundary fluxes from nodal loads
WARNING:: CalculateLoads: Boundary 1 includes inseparable dofs!
CalculateLoads: temperature Flux over BC 1: -1.07870E-01
WARNING:: CalculateLoads: Boundary 2 includes inseparable dofs!
CalculateLoads: temperature Flux over BC 2: -6.60574E-02
WARNING:: CalculateLoads: Boundary 3 includes inseparable dofs!
CalculateLoads: temperature Flux over BC 3: -2.34405E-01
CalculateLoads: temperature Flux over all BCs: -4.08332E-01
ComputeNorm: Computing norm of solution
ComputeChange: NS (ITER=1) (NRM,RELC): (  508.23747     0.13873027E-02 ) :: heat equation
HeatSolve: iter:    1 Assembly: (s)    0.68    0.68
HeatSolve: iter:    1 Solve:    (s)    0.20    0.20
HeatSolve:  Result Norm   :    508.23746834552031
HeatSolve:  Relative Change :    1.3873027206552082E-003
DefaultFinish: Finished solver: heat equation
ComputeNorm: Computing norm of solution
ComputeChange: SS (ITER=5) (NRM,RELC): (  508.23747     0.13873027E-02 ) :: heat equation
SingleSolver: Attempting to call solver: 0
SingleSolver: Solver Equation string is: internalvtuoutputsolver
ResultOutputSolver: -------------------------------------
ResultOutputSolver: Dimension of mesh is: 3
ResultOutputSolver: Working on mesh 1: neck with 10436 nodes
ResultOutputSolver: Saving in unstructured VTK XML (.vtu) format
VtuOutputSolver: Full filename base is: neck/neck
GenerateSaveMask: Number of active elements 58855 out of 58855
GenerateSaveMask: Number of geometry nodes 10436 out of 10436
VtuOutputSolver: Setting offset for boundary entities: 100
VtuOutputSolver: Writing the vtu file: neck/neck_t0005.vtu
AscBinWriteInit: Initializing buffered ascii/binary writing
AscBinWriteInit: Writing in binary
AscBinWriteInit: Writing in double precision
AscBinWriteInit: Writing to unit number: 58
AscBinWriteInit: Size of buffer is: 10436
WriteVtuFile: Writing nodal fields
WriteVtuFile: Saving 1-component variable: potential
WriteVtuFile: Saving 1-component variable: joule heating
WriteVtuFile: Saving 1-component variable: temperature
WriteVtuFile: Saving 1-component variable: temperature loads
WriteVtuFile: Saving 3-component variable: volume current
WriteVtuFile: Number of nodal fields written: 5
WriteVtuFile: Writing elemental fields
WriteVtuFile: Number of elemental fields written: 0
WriteVtuFile: Writing entity IDs for bodies and boundaries
WriteVtuFile: Writing coordinates for each used node
WriteVtuFile: Writing the elemental connectivity data
WriteVtuFile: Writing nodal fields
WriteVtuFile: Saving 1-component variable: potential
WriteVtuFile: Saving 1-component variable: joule heating
WriteVtuFile: Saving 1-component variable: temperature
WriteVtuFile: Saving 1-component variable: temperature loads
WriteVtuFile: Saving 3-component variable: volume current
WriteVtuFile: Writing elemental fields
AscBinWriteFree: Terminating buffered ascii/binary writing
VtuOutputSolver: All done for now
ResultOutputSolver: -------------------------------------
MAIN: 
MAIN: -------------------------------------
MAIN:  Steady state iteration:            6
MAIN: -------------------------------------
MAIN: 
SingleSolver: Attempting to call solver: 1
SingleSolver: Solver Equation string is: stat current
StatCurrentSolve: -------------------------------------
StatCurrentSolve: STAT CURRENT SOLVER:
StatCurrentSolve: -------------------------------------
DefaultStart: Starting solver: stat current
StatElecSolve: Starting Assembly...
DefUtils::DefaultDirichletBCs: Setting Dirichlet boundary conditions
EnforceDirichletConditions: Enforcing total of 28 Dirichlet conditions.
EnforceDirichletConditions: Applying Dirichlet conditions using scaled diagonal
ScaleLinearSystem: Creating > DiagScaling < vector of size 1754
EnforceDirichletConditions: Dirichlet conditions enforced for dofs: 28
StatCurrentSolve:  Assembly (s)          :  0.12598299999999973
DefaultSolve: Solving linear system with default routines
SolveSystem: Solving linear system
SolveLinearSystem: Assuming real valued linear system
SolveLinearSystem: Assuming serial linear system
ScaleLinearSystem: Creating > DiagScaling < vector of size 1754
SolveLinearSystem: Serial linear System Solver: direct
DirectSolver: Using direct method: umfpack
ComputeNorm: Computing norm of solution
ComputeChange: NS (ITER=1) (NRM,RELC): ( 0.18705595E-01 0.15456843E-02 ) :: stat current
StatCurrentSolve:  Solve (s)             :   3.0989999999997409E-003
StatCurrentSolve:  Total Heating Power   :  0.40896076925042274
DefaultFinish: Finished solver: stat current
ComputeNorm: Computing norm of solution
ComputeChange: SS (ITER=6) (NRM,RELC): ( 0.18705595E-01 0.15456843E-02 ) :: stat current
SingleSolver: Attempting to call solver: 2
SingleSolver: Solver Equation string is: heat equation
HeatSolver: -------------------------------------------
HeatSolver: Solving the energy equation for temperature
DefaultStart: Starting solver: heat equation
HeatSolve: 
HeatSolve: 
HeatSolve: -------------------------------------
HeatSolve:  TEMPERATURE ITERATION           1
HeatSolve: -------------------------------------
HeatSolve: 
HeatSolve: Starting Assembly...
HeatSolve: Assembly:
DefaultFinishBulkAssembly: Saving bulk values for: heat equation
HeatSolve: Assembly done
DefUtils::DefaultDirichletBCs: Setting Dirichlet boundary conditions
EnforceDirichletConditions: No Dirichlet conditions to enforce, exiting!
DefaultSolve: Solving linear system with default routines
SolveSystem: Solving linear system
SolveLinearSystem: Assuming real valued linear system
SolveLinearSystem: Assuming serial linear system
ScaleLinearSystem: Creating > DiagScaling < vector of size 10436
SolveLinearSystem: Serial linear System Solver: direct
DirectSolver: Using direct method: umfpack
SolveLinearSystem: Calculating nodal loads for: temperature
CalculateLoads: Computing boundary fluxes from nodal loads
WARNING:: CalculateLoads: Boundary 1 includes inseparable dofs!
CalculateLoads: temperature Flux over BC 1: -1.08055E-01
WARNING:: CalculateLoads: Boundary 2 includes inseparable dofs!
CalculateLoads: temperature Flux over BC 2: -6.61520E-02
WARNING:: CalculateLoads: Boundary 3 includes inseparable dofs!
CalculateLoads: temperature Flux over BC 3: -2.34754E-01
CalculateLoads: temperature Flux over all BCs: -4.08961E-01
ComputeNorm: Computing norm of solution
ComputeChange: NS (ITER=1) (NRM,RELC): (  508.42988     0.37851289E-03 ) :: heat equation
HeatSolve: iter:    1 Assembly: (s)    0.68    0.68
HeatSolve: iter:    1 Solve:    (s)    0.20    0.20
HeatSolve:  Result Norm   :    508.42987919261753
HeatSolve:  Relative Change :    3.7851288833686794E-004
DefaultFinish: Finished solver: heat equation
ComputeNorm: Computing norm of solution
ComputeChange: SS (ITER=6) (NRM,RELC): (  508.42988     0.37851289E-03 ) :: heat equation
SingleSolver: Attempting to call solver: 0
SingleSolver: Solver Equation string is: internalvtuoutputsolver
ResultOutputSolver: -------------------------------------
ResultOutputSolver: Dimension of mesh is: 3
ResultOutputSolver: Working on mesh 1: neck with 10436 nodes
ResultOutputSolver: Saving in unstructured VTK XML (.vtu) format
VtuOutputSolver: Full filename base is: neck/neck
GenerateSaveMask: Number of active elements 58855 out of 58855
GenerateSaveMask: Number of geometry nodes 10436 out of 10436
VtuOutputSolver: Setting offset for boundary entities: 100
VtuOutputSolver: Writing the vtu file: neck/neck_t0006.vtu
AscBinWriteInit: Initializing buffered ascii/binary writing
AscBinWriteInit: Writing in binary
AscBinWriteInit: Writing in double precision
AscBinWriteInit: Writing to unit number: 58
AscBinWriteInit: Size of buffer is: 10436
WriteVtuFile: Writing nodal fields
WriteVtuFile: Saving 1-component variable: potential
WriteVtuFile: Saving 1-component variable: joule heating
WriteVtuFile: Saving 1-component variable: temperature
WriteVtuFile: Saving 1-component variable: temperature loads
WriteVtuFile: Saving 3-component variable: volume current
WriteVtuFile: Number of nodal fields written: 5
WriteVtuFile: Writing elemental fields
WriteVtuFile: Number of elemental fields written: 0
WriteVtuFile: Writing entity IDs for bodies and boundaries
WriteVtuFile: Writing coordinates for each used node
WriteVtuFile: Writing the elemental connectivity data
WriteVtuFile: Writing nodal fields
WriteVtuFile: Saving 1-component variable: potential
WriteVtuFile: Saving 1-component variable: joule heating
WriteVtuFile: Saving 1-component variable: temperature
WriteVtuFile: Saving 1-component variable: temperature loads
WriteVtuFile: Saving 3-component variable: volume current
WriteVtuFile: Writing elemental fields
AscBinWriteFree: Terminating buffered ascii/binary writing
VtuOutputSolver: All done for now
ResultOutputSolver: -------------------------------------
MAIN: 
MAIN: -------------------------------------
MAIN:  Steady state iteration:            7
MAIN: -------------------------------------
MAIN: 
SingleSolver: Attempting to call solver: 1
SingleSolver: Solver Equation string is: stat current
StatCurrentSolve: -------------------------------------
StatCurrentSolve: STAT CURRENT SOLVER:
StatCurrentSolve: -------------------------------------
DefaultStart: Starting solver: stat current
StatElecSolve: Starting Assembly...
DefUtils::DefaultDirichletBCs: Setting Dirichlet boundary conditions
EnforceDirichletConditions: Enforcing total of 28 Dirichlet conditions.
EnforceDirichletConditions: Applying Dirichlet conditions using scaled diagonal
ScaleLinearSystem: Creating > DiagScaling < vector of size 1754
EnforceDirichletConditions: Dirichlet conditions enforced for dofs: 28
StatCurrentSolve:  Assembly (s)          :  0.12612600000000018
DefaultSolve: Solving linear system with default routines
SolveSystem: Solving linear system
SolveLinearSystem: Assuming real valued linear system
SolveLinearSystem: Assuming serial linear system
ScaleLinearSystem: Creating > DiagScaling < vector of size 1754
SolveLinearSystem: Serial linear System Solver: direct
DirectSolver: Using direct method: umfpack
ComputeNorm: Computing norm of solution
ComputeChange: NS (ITER=1) (NRM,RELC): ( 0.18713485E-01 0.42168320E-03 ) :: stat current
StatCurrentSolve:  Solve (s)             :   3.1129999999999214E-003
StatCurrentSolve:  Total Heating Power   :  0.40913249066612695
DefaultFinish: Finished solver: stat current
ComputeNorm: Computing norm of solution
ComputeChange: SS (ITER=7) (NRM,RELC): ( 0.18713485E-01 0.42168320E-03 ) :: stat current
SingleSolver: Attempting to call solver: 2
SingleSolver: Solver Equation string is: heat equation
HeatSolver: -------------------------------------------
HeatSolver: Solving the energy equation for temperature
DefaultStart: Starting solver: heat equation
HeatSolve: 
HeatSolve: 
HeatSolve: -------------------------------------
HeatSolve:  TEMPERATURE ITERATION           1
HeatSolve: -------------------------------------
HeatSolve: 
HeatSolve: Starting Assembly...
HeatSolve: Assembly:
DefaultFinishBulkAssembly: Saving bulk values for: heat equation
HeatSolve: Assembly done
DefUtils::DefaultDirichletBCs: Setting Dirichlet boundary conditions
EnforceDirichletConditions: No Dirichlet conditions to enforce, exiting!
DefaultSolve: Solving linear system with default routines
SolveSystem: Solving linear system
SolveLinearSystem: Assuming real valued linear system
SolveLinearSystem: Assuming serial linear system
ScaleLinearSystem: Creating > DiagScaling < vector of size 10436
SolveLinearSystem: Serial linear System Solver: direct
DirectSolver: Using direct method: umfpack
SolveLinearSystem: Calculating nodal loads for: temperature
CalculateLoads: Computing boundary fluxes from nodal loads
WARNING:: CalculateLoads: Boundary 1 includes inseparable dofs!
CalculateLoads: temperature Flux over BC 1: -1.08106E-01
WARNING:: CalculateLoads: Boundary 2 includes inseparable dofs!
CalculateLoads: temperature Flux over BC 2: -6.61778E-02
WARNING:: CalculateLoads: Boundary 3 includes inseparable dofs!
CalculateLoads: temperature Flux over BC 3: -2.34849E-01
CalculateLoads: temperature Flux over all BCs: -4.09132E-01
ComputeNorm: Computing norm of solution
ComputeChange: NS (ITER=1) (NRM,RELC): (  508.48242     0.10334009E-03 ) :: heat equation
HeatSolve: iter:    1 Assembly: (s)    0.67    0.67
HeatSolve: iter:    1 Solve:    (s)    0.20    0.20
HeatSolve:  Result Norm   :    508.48242309887087
HeatSolve:  Relative Change :    1.0334009360479247E-004
DefaultFinish: Finished solver: heat equation
ComputeNorm: Computing norm of solution
ComputeChange: SS (ITER=7) (NRM,RELC): (  508.48242     0.10334009E-03 ) :: heat equation
SingleSolver: Attempting to call solver: 0
SingleSolver: Solver Equation string is: internalvtuoutputsolver
ResultOutputSolver: -------------------------------------
ResultOutputSolver: Dimension of mesh is: 3
ResultOutputSolver: Working on mesh 1: neck with 10436 nodes
ResultOutputSolver: Saving in unstructured VTK XML (.vtu) format
VtuOutputSolver: Full filename base is: neck/neck
GenerateSaveMask: Number of active elements 58855 out of 58855
GenerateSaveMask: Number of geometry nodes 10436 out of 10436
VtuOutputSolver: Setting offset for boundary entities: 100
VtuOutputSolver: Writing the vtu file: neck/neck_t0007.vtu
AscBinWriteInit: Initializing buffered ascii/binary writing
AscBinWriteInit: Writing in binary
AscBinWriteInit: Writing in double precision
AscBinWriteInit: Writing to unit number: 58
AscBinWriteInit: Size of buffer is: 10436
WriteVtuFile: Writing nodal fields
WriteVtuFile: Saving 1-component variable: potential
WriteVtuFile: Saving 1-component variable: joule heating
WriteVtuFile: Saving 1-component variable: temperature
WriteVtuFile: Saving 1-component variable: temperature loads
WriteVtuFile: Saving 3-component variable: volume current
WriteVtuFile: Number of nodal fields written: 5
WriteVtuFile: Writing elemental fields
WriteVtuFile: Number of elemental fields written: 0
WriteVtuFile: Writing entity IDs for bodies and boundaries
WriteVtuFile: Writing coordinates for each used node
WriteVtuFile: Writing the elemental connectivity data
WriteVtuFile: Writing nodal fields
WriteVtuFile: Saving 1-component variable: potential
WriteVtuFile: Saving 1-component variable: joule heating
WriteVtuFile: Saving 1-component variable: temperature
WriteVtuFile: Saving 1-component variable: temperature loads
WriteVtuFile: Saving 3-component variable: volume current
WriteVtuFile: Writing elemental fields
AscBinWriteFree: Terminating buffered ascii/binary writing
VtuOutputSolver: All done for now
ResultOutputSolver: -------------------------------------
MAIN: 
MAIN: -------------------------------------
MAIN:  Steady state iteration:            8
MAIN: -------------------------------------
MAIN: 
SingleSolver: Attempting to call solver: 1
SingleSolver: Solver Equation string is: stat current
StatCurrentSolve: -------------------------------------
StatCurrentSolve: STAT CURRENT SOLVER:
StatCurrentSolve: -------------------------------------
DefaultStart: Starting solver: stat current
StatElecSolve: Starting Assembly...
DefUtils::DefaultDirichletBCs: Setting Dirichlet boundary conditions
EnforceDirichletConditions: Enforcing total of 28 Dirichlet conditions.
EnforceDirichletConditions: Applying Dirichlet conditions using scaled diagonal
ScaleLinearSystem: Creating > DiagScaling < vector of size 1754
EnforceDirichletConditions: Dirichlet conditions enforced for dofs: 28
StatCurrentSolve:  Assembly (s)          :  0.12613299999999938
DefaultSolve: Solving linear system with default routines
SolveSystem: Solving linear system
SolveLinearSystem: Assuming real valued linear system
SolveLinearSystem: Assuming serial linear system
ScaleLinearSystem: Creating > DiagScaling < vector of size 1754
SolveLinearSystem: Serial linear System Solver: direct
DirectSolver: Using direct method: umfpack
ComputeNorm: Computing norm of solution
ComputeChange: NS (ITER=1) (NRM,RELC): ( 0.18715639E-01 0.11512312E-03 ) :: stat current
StatCurrentSolve:  Solve (s)             :   3.2949999999996038E-003
StatCurrentSolve:  Total Heating Power   :  0.40917938467355852
DefaultFinish: Finished solver: stat current
ComputeNorm: Computing norm of solution
ComputeChange: SS (ITER=8) (NRM,RELC): ( 0.18715639E-01 0.11512312E-03 ) :: stat current
SingleSolver: Attempting to call solver: 2
SingleSolver: Solver Equation string is: heat equation
HeatSolver: -------------------------------------------
HeatSolver: Solving the energy equation for temperature
DefaultStart: Starting solver: heat equation
HeatSolve: 
HeatSolve: 
HeatSolve: -------------------------------------
HeatSolve:  TEMPERATURE ITERATION           1
HeatSolve: -------------------------------------
HeatSolve: 
HeatSolve: Starting Assembly...
HeatSolve: Assembly:
DefaultFinishBulkAssembly: Saving bulk values for: heat equation
HeatSolve: Assembly done
DefUtils::DefaultDirichletBCs: Setting Dirichlet boundary conditions
EnforceDirichletConditions: No Dirichlet conditions to enforce, exiting!
DefaultSolve: Solving linear system with default routines
SolveSystem: Solving linear system
SolveLinearSystem: Assuming real valued linear system
SolveLinearSystem: Assuming serial linear system
ScaleLinearSystem: Creating > DiagScaling < vector of size 10436
SolveLinearSystem: Serial linear System Solver: direct
DirectSolver: Using direct method: umfpack
SolveLinearSystem: Calculating nodal loads for: temperature
CalculateLoads: Computing boundary fluxes from nodal loads
WARNING:: CalculateLoads: Boundary 1 includes inseparable dofs!
CalculateLoads: temperature Flux over BC 1: -1.08120E-01
WARNING:: CalculateLoads: Boundary 2 includes inseparable dofs!
CalculateLoads: temperature Flux over BC 2: -6.61849E-02
WARNING:: CalculateLoads: Boundary 3 includes inseparable dofs!
CalculateLoads: temperature Flux over BC 3: -2.34875E-01
CalculateLoads: temperature Flux over all BCs: -4.09179E-01
ComputeNorm: Computing norm of solution
ComputeChange: NS (ITER=1) (NRM,RELC): (  508.49677     0.28218453E-04 ) :: heat equation
HeatSolve: iter:    1 Assembly: (s)    0.67    0.67
HeatSolve: iter:    1 Solve:    (s)    0.20    0.20
HeatSolve:  Result Norm   :    508.49677188857976
HeatSolve:  Relative Change :    2.8218452805354332E-005
DefaultFinish: Finished solver: heat equation
ComputeNorm: Computing norm of solution
ComputeChange: SS (ITER=8) (NRM,RELC): (  508.49677     0.28218453E-04 ) :: heat equation
SingleSolver: Attempting to call solver: 0
SingleSolver: Solver Equation string is: internalvtuoutputsolver
ResultOutputSolver: -------------------------------------
ResultOutputSolver: Dimension of mesh is: 3
ResultOutputSolver: Working on mesh 1: neck with 10436 nodes
ResultOutputSolver: Saving in unstructured VTK XML (.vtu) format
VtuOutputSolver: Full filename base is: neck/neck
GenerateSaveMask: Number of active elements 58855 out of 58855
GenerateSaveMask: Number of geometry nodes 10436 out of 10436
VtuOutputSolver: Setting offset for boundary entities: 100
VtuOutputSolver: Writing the vtu file: neck/neck_t0008.vtu
AscBinWriteInit: Initializing buffered ascii/binary writing
AscBinWriteInit: Writing in binary
AscBinWriteInit: Writing in double precision
AscBinWriteInit: Writing to unit number: 58
AscBinWriteInit: Size of buffer is: 10436
WriteVtuFile: Writing nodal fields
WriteVtuFile: Saving 1-component variable: potential
WriteVtuFile: Saving 1-component variable: joule heating
WriteVtuFile: Saving 1-component variable: temperature
WriteVtuFile: Saving 1-component variable: temperature loads
WriteVtuFile: Saving 3-component variable: volume current
WriteVtuFile: Number of nodal fields written: 5
WriteVtuFile: Writing elemental fields
WriteVtuFile: Number of elemental fields written: 0
WriteVtuFile: Writing entity IDs for bodies and boundaries
WriteVtuFile: Writing coordinates for each used node
WriteVtuFile: Writing the elemental connectivity data
WriteVtuFile: Writing nodal fields
WriteVtuFile: Saving 1-component variable: potential
WriteVtuFile: Saving 1-component variable: joule heating
WriteVtuFile: Saving 1-component variable: temperature
WriteVtuFile: Saving 1-component variable: temperature loads
WriteVtuFile: Saving 3-component variable: volume current
WriteVtuFile: Writing elemental fields
AscBinWriteFree: Terminating buffered ascii/binary writing
VtuOutputSolver: All done for now
ResultOutputSolver: -------------------------------------
MAIN: 
MAIN: -------------------------------------
MAIN:  Steady state iteration:            9
MAIN: -------------------------------------
MAIN: 
SingleSolver: Attempting to call solver: 1
SingleSolver: Solver Equation string is: stat current
StatCurrentSolve: -------------------------------------
StatCurrentSolve: STAT CURRENT SOLVER:
StatCurrentSolve: -------------------------------------
DefaultStart: Starting solver: stat current
StatElecSolve: Starting Assembly...
DefUtils::DefaultDirichletBCs: Setting Dirichlet boundary conditions
EnforceDirichletConditions: Enforcing total of 28 Dirichlet conditions.
EnforceDirichletConditions: Applying Dirichlet conditions using scaled diagonal
ScaleLinearSystem: Creating > DiagScaling < vector of size 1754
EnforceDirichletConditions: Dirichlet conditions enforced for dofs: 28
StatCurrentSolve:  Assembly (s)          :  0.12569099999999978
DefaultSolve: Solving linear system with default routines
SolveSystem: Solving linear system
SolveLinearSystem: Assuming real valued linear system
SolveLinearSystem: Assuming serial linear system
ScaleLinearSystem: Creating > DiagScaling < vector of size 1754
SolveLinearSystem: Serial linear System Solver: direct
DirectSolver: Using direct method: umfpack
ComputeNorm: Computing norm of solution
ComputeChange: NS (ITER=1) (NRM,RELC): ( 0.18716227E-01 0.31435682E-04 ) :: stat current
StatCurrentSolve:  Solve (s)             :   3.0799999999988614E-003
StatCurrentSolve:  Total Heating Power   :  0.40919219053495903
DefaultFinish: Finished solver: stat current
ComputeNorm: Computing norm of solution
ComputeChange: SS (ITER=9) (NRM,RELC): ( 0.18716227E-01 0.31435682E-04 ) :: stat current
SingleSolver: Attempting to call solver: 2
SingleSolver: Solver Equation string is: heat equation
HeatSolver: -------------------------------------------
HeatSolver: Solving the energy equation for temperature
DefaultStart: Starting solver: heat equation
HeatSolve: 
HeatSolve: 
HeatSolve: -------------------------------------
HeatSolve:  TEMPERATURE ITERATION           1
HeatSolve: -------------------------------------
HeatSolve: 
HeatSolve: Starting Assembly...
HeatSolve: Assembly:
DefaultFinishBulkAssembly: Saving bulk values for: heat equation
HeatSolve: Assembly done
DefUtils::DefaultDirichletBCs: Setting Dirichlet boundary conditions
EnforceDirichletConditions: No Dirichlet conditions to enforce, exiting!
DefaultSolve: Solving linear system with default routines
SolveSystem: Solving linear system
SolveLinearSystem: Assuming real valued linear system
SolveLinearSystem: Assuming serial linear system
ScaleLinearSystem: Creating > DiagScaling < vector of size 10436
SolveLinearSystem: Serial linear System Solver: direct
DirectSolver: Using direct method: umfpack
SolveLinearSystem: Calculating nodal loads for: temperature
CalculateLoads: Computing boundary fluxes from nodal loads
WARNING:: CalculateLoads: Boundary 1 includes inseparable dofs!
CalculateLoads: temperature Flux over BC 1: -1.08123E-01
WARNING:: CalculateLoads: Boundary 2 includes inseparable dofs!
CalculateLoads: temperature Flux over BC 2: -6.61868E-02
WARNING:: CalculateLoads: Boundary 3 includes inseparable dofs!
CalculateLoads: temperature Flux over BC 3: -2.34882E-01
CalculateLoads: temperature Flux over all BCs: -4.09192E-01
ComputeNorm: Computing norm of solution
ComputeChange: NS (ITER=1) (NRM,RELC): (  508.50069     0.77057844E-05 ) :: heat equation
HeatSolve: iter:    1 Assembly: (s)    0.68    0.68
HeatSolve: iter:    1 Solve:    (s)    0.20    0.20
HeatSolve:  Result Norm   :    508.50069027018310
HeatSolve:  Relative Change :    7.7057844274733554E-006
DefaultFinish: Finished solver: heat equation
ComputeNorm: Computing norm of solution
ComputeChange: SS (ITER=9) (NRM,RELC): (  508.50069     0.77057844E-05 ) :: heat equation
SingleSolver: Attempting to call solver: 0
SingleSolver: Solver Equation string is: internalvtuoutputsolver
ResultOutputSolver: -------------------------------------
ResultOutputSolver: Dimension of mesh is: 3
ResultOutputSolver: Working on mesh 1: neck with 10436 nodes
ResultOutputSolver: Saving in unstructured VTK XML (.vtu) format
VtuOutputSolver: Full filename base is: neck/neck
GenerateSaveMask: Number of active elements 58855 out of 58855
GenerateSaveMask: Number of geometry nodes 10436 out of 10436
VtuOutputSolver: Setting offset for boundary entities: 100
VtuOutputSolver: Writing the vtu file: neck/neck_t0009.vtu
AscBinWriteInit: Initializing buffered ascii/binary writing
AscBinWriteInit: Writing in binary
AscBinWriteInit: Writing in double precision
AscBinWriteInit: Writing to unit number: 58
AscBinWriteInit: Size of buffer is: 10436
WriteVtuFile: Writing nodal fields
WriteVtuFile: Saving 1-component variable: potential
WriteVtuFile: Saving 1-component variable: joule heating
WriteVtuFile: Saving 1-component variable: temperature
WriteVtuFile: Saving 1-component variable: temperature loads
WriteVtuFile: Saving 3-component variable: volume current
WriteVtuFile: Number of nodal fields written: 5
WriteVtuFile: Writing elemental fields
WriteVtuFile: Number of elemental fields written: 0
WriteVtuFile: Writing entity IDs for bodies and boundaries
WriteVtuFile: Writing coordinates for each used node
WriteVtuFile: Writing the elemental connectivity data
WriteVtuFile: Writing nodal fields
WriteVtuFile: Saving 1-component variable: potential
WriteVtuFile: Saving 1-component variable: joule heating
WriteVtuFile: Saving 1-component variable: temperature
WriteVtuFile: Saving 1-component variable: temperature loads
WriteVtuFile: Saving 3-component variable: volume current
WriteVtuFile: Writing elemental fields
AscBinWriteFree: Terminating buffered ascii/binary writing
VtuOutputSolver: All done for now
ResultOutputSolver: -------------------------------------
MAIN: 
MAIN: -------------------------------------
MAIN:  Steady state iteration:           10
MAIN: -------------------------------------
MAIN: 
SingleSolver: Attempting to call solver: 1
SingleSolver: Solver Equation string is: stat current
StatCurrentSolve: -------------------------------------
StatCurrentSolve: STAT CURRENT SOLVER:
StatCurrentSolve: -------------------------------------
DefaultStart: Starting solver: stat current
StatElecSolve: Starting Assembly...
DefUtils::DefaultDirichletBCs: Setting Dirichlet boundary conditions
EnforceDirichletConditions: Enforcing total of 28 Dirichlet conditions.
EnforceDirichletConditions: Applying Dirichlet conditions using scaled diagonal
ScaleLinearSystem: Creating > DiagScaling < vector of size 1754
EnforceDirichletConditions: Dirichlet conditions enforced for dofs: 28
StatCurrentSolve:  Assembly (s)          :  0.12603399999999887
DefaultSolve: Solving linear system with default routines
SolveSystem: Solving linear system
SolveLinearSystem: Assuming real valued linear system
SolveLinearSystem: Assuming serial linear system
ScaleLinearSystem: Creating > DiagScaling < vector of size 1754
SolveLinearSystem: Serial linear System Solver: direct
DirectSolver: Using direct method: umfpack
ComputeNorm: Computing norm of solution
ComputeChange: NS (ITER=1) (NRM,RELC): ( 0.18716388E-01 0.85843579E-05 ) :: stat current
StatCurrentSolve:  Solve (s)             :   3.3469999999997668E-003
StatCurrentSolve:  Total Heating Power   :  0.40919568760756359
DefaultFinish: Finished solver: stat current
ComputeNorm: Computing norm of solution
ComputeChange: SS (ITER=10) (NRM,RELC): ( 0.18716388E-01 0.85843579E-05 ) :: stat current
SingleSolver: Attempting to call solver: 2
SingleSolver: Solver Equation string is: heat equation
HeatSolver: -------------------------------------------
HeatSolver: Solving the energy equation for temperature
DefaultStart: Starting solver: heat equation
HeatSolve: 
HeatSolve: 
HeatSolve: -------------------------------------
HeatSolve:  TEMPERATURE ITERATION           1
HeatSolve: -------------------------------------
HeatSolve: 
HeatSolve: Starting Assembly...
HeatSolve: Assembly:
DefaultFinishBulkAssembly: Saving bulk values for: heat equation
HeatSolve: Assembly done
DefUtils::DefaultDirichletBCs: Setting Dirichlet boundary conditions
EnforceDirichletConditions: No Dirichlet conditions to enforce, exiting!
DefaultSolve: Solving linear system with default routines
SolveSystem: Solving linear system
SolveLinearSystem: Assuming real valued linear system
SolveLinearSystem: Assuming serial linear system
ScaleLinearSystem: Creating > DiagScaling < vector of size 10436
SolveLinearSystem: Serial linear System Solver: direct
DirectSolver: Using direct method: umfpack
SolveLinearSystem: Calculating nodal loads for: temperature
CalculateLoads: Computing boundary fluxes from nodal loads
WARNING:: CalculateLoads: Boundary 1 includes inseparable dofs!
CalculateLoads: temperature Flux over BC 1: -1.08124E-01
WARNING:: CalculateLoads: Boundary 2 includes inseparable dofs!
CalculateLoads: temperature Flux over BC 2: -6.61873E-02
WARNING:: CalculateLoads: Boundary 3 includes inseparable dofs!
CalculateLoads: temperature Flux over BC 3: -2.34884E-01
CalculateLoads: temperature Flux over all BCs: -4.09196E-01
ComputeNorm: Computing norm of solution
ComputeChange: NS (ITER=1) (NRM,RELC): (  508.50176     0.21043141E-05 ) :: heat equation
HeatSolve: iter:    1 Assembly: (s)    0.67    0.67
HeatSolve: iter:    1 Solve:    (s)    0.20    0.20
HeatSolve:  Result Norm   :    508.50176031649841
HeatSolve:  Relative Change :    2.1043141335371140E-006
DefaultFinish: Finished solver: heat equation
ComputeNorm: Computing norm of solution
ComputeChange: SS (ITER=10) (NRM,RELC): (  508.50176     0.21043141E-05 ) :: heat equation
SingleSolver: Attempting to call solver: 0
SingleSolver: Solver Equation string is: internalvtuoutputsolver
ResultOutputSolver: -------------------------------------
ResultOutputSolver: Dimension of mesh is: 3
ResultOutputSolver: Working on mesh 1: neck with 10436 nodes
ResultOutputSolver: Saving in unstructured VTK XML (.vtu) format
VtuOutputSolver: Full filename base is: neck/neck
GenerateSaveMask: Number of active elements 58855 out of 58855
GenerateSaveMask: Number of geometry nodes 10436 out of 10436
VtuOutputSolver: Setting offset for boundary entities: 100
VtuOutputSolver: Writing the vtu file: neck/neck_t0010.vtu
AscBinWriteInit: Initializing buffered ascii/binary writing
AscBinWriteInit: Writing in binary
AscBinWriteInit: Writing in double precision
AscBinWriteInit: Writing to unit number: 58
AscBinWriteInit: Size of buffer is: 10436
WriteVtuFile: Writing nodal fields
WriteVtuFile: Saving 1-component variable: potential
WriteVtuFile: Saving 1-component variable: joule heating
WriteVtuFile: Saving 1-component variable: temperature
WriteVtuFile: Saving 1-component variable: temperature loads
WriteVtuFile: Saving 3-component variable: volume current
WriteVtuFile: Number of nodal fields written: 5
WriteVtuFile: Writing elemental fields
WriteVtuFile: Number of elemental fields written: 0
WriteVtuFile: Writing entity IDs for bodies and boundaries
WriteVtuFile: Writing coordinates for each used node
WriteVtuFile: Writing the elemental connectivity data
WriteVtuFile: Writing nodal fields
WriteVtuFile: Saving 1-component variable: potential
WriteVtuFile: Saving 1-component variable: joule heating
WriteVtuFile: Saving 1-component variable: temperature
WriteVtuFile: Saving 1-component variable: temperature loads
WriteVtuFile: Saving 3-component variable: volume current
WriteVtuFile: Writing elemental fields
AscBinWriteFree: Terminating buffered ascii/binary writing
VtuOutputSolver: All done for now
ResultOutputSolver: -------------------------------------
MAIN: 
MAIN: -------------------------------------
MAIN:  Steady state iteration:           11
MAIN: -------------------------------------
MAIN: 
SingleSolver: Attempting to call solver: 1
SingleSolver: Solver Equation string is: stat current
StatCurrentSolve: -------------------------------------
StatCurrentSolve: STAT CURRENT SOLVER:
StatCurrentSolve: -------------------------------------
DefaultStart: Starting solver: stat current
StatElecSolve: Starting Assembly...
DefUtils::DefaultDirichletBCs: Setting Dirichlet boundary conditions
EnforceDirichletConditions: Enforcing total of 28 Dirichlet conditions.
EnforceDirichletConditions: Applying Dirichlet conditions using scaled diagonal
ScaleLinearSystem: Creating > DiagScaling < vector of size 1754
EnforceDirichletConditions: Dirichlet conditions enforced for dofs: 28
StatCurrentSolve:  Assembly (s)          :  0.12652600000000014
DefaultSolve: Solving linear system with default routines
SolveSystem: Solving linear system
SolveLinearSystem: Assuming real valued linear system
SolveLinearSystem: Assuming serial linear system
ScaleLinearSystem: Creating > DiagScaling < vector of size 1754
SolveLinearSystem: Serial linear System Solver: direct
DirectSolver: Using direct method: umfpack
ComputeNorm: Computing norm of solution
ComputeChange: NS (ITER=1) (NRM,RELC): ( 0.18716432E-01 0.23442108E-05 ) :: stat current
StatCurrentSolve:  Solve (s)             :   3.1860000000012434E-003
StatCurrentSolve:  Total Heating Power   :  0.40919664258065275
DefaultFinish: Finished solver: stat current
ComputeNorm: Computing norm of solution
ComputeChange: SS (ITER=11) (NRM,RELC): ( 0.18716432E-01 0.23442108E-05 ) :: stat current
SingleSolver: Attempting to call solver: 2
SingleSolver: Solver Equation string is: heat equation
HeatSolver: -------------------------------------------
HeatSolver: Solving the energy equation for temperature
DefaultStart: Starting solver: heat equation
HeatSolve: 
HeatSolve: 
HeatSolve: -------------------------------------
HeatSolve:  TEMPERATURE ITERATION           1
HeatSolve: -------------------------------------
HeatSolve: 
HeatSolve: Starting Assembly...
HeatSolve: Assembly:
DefaultFinishBulkAssembly: Saving bulk values for: heat equation
HeatSolve: Assembly done
DefUtils::DefaultDirichletBCs: Setting Dirichlet boundary conditions
EnforceDirichletConditions: No Dirichlet conditions to enforce, exiting!
DefaultSolve: Solving linear system with default routines
SolveSystem: Solving linear system
SolveLinearSystem: Assuming real valued linear system
SolveLinearSystem: Assuming serial linear system
ScaleLinearSystem: Creating > DiagScaling < vector of size 10436
SolveLinearSystem: Serial linear System Solver: direct
DirectSolver: Using direct method: umfpack
SolveLinearSystem: Calculating nodal loads for: temperature
CalculateLoads: Computing boundary fluxes from nodal loads
WARNING:: CalculateLoads: Boundary 1 includes inseparable dofs!
CalculateLoads: temperature Flux over BC 1: -1.08125E-01
WARNING:: CalculateLoads: Boundary 2 includes inseparable dofs!
CalculateLoads: temperature Flux over BC 2: -6.61875E-02
WARNING:: CalculateLoads: Boundary 3 includes inseparable dofs!
CalculateLoads: temperature Flux over BC 3: -2.34884E-01
CalculateLoads: temperature Flux over all BCs: -4.09197E-01
ComputeNorm: Computing norm of solution
ComputeChange: NS (ITER=1) (NRM,RELC): (  508.50205     0.57464083E-06 ) :: heat equation
HeatSolve: iter:    1 Assembly: (s)    0.67    0.67
HeatSolve: iter:    1 Solve:    (s)    0.19    0.19
HeatSolve:  Result Norm   :    508.50205252245394
HeatSolve:  Relative Change :    5.7464082600833157E-007
DefaultFinish: Finished solver: heat equation
ComputeNorm: Computing norm of solution
ComputeChange: SS (ITER=11) (NRM,RELC): (  508.50205     0.57464083E-06 ) :: heat equation
SingleSolver: Attempting to call solver: 0
SingleSolver: Solver Equation string is: internalvtuoutputsolver
ResultOutputSolver: -------------------------------------
ResultOutputSolver: Dimension of mesh is: 3
ResultOutputSolver: Working on mesh 1: neck with 10436 nodes
ResultOutputSolver: Saving in unstructured VTK XML (.vtu) format
VtuOutputSolver: Full filename base is: neck/neck
GenerateSaveMask: Number of active elements 58855 out of 58855
GenerateSaveMask: Number of geometry nodes 10436 out of 10436
VtuOutputSolver: Setting offset for boundary entities: 100
VtuOutputSolver: Writing the vtu file: neck/neck_t0011.vtu
AscBinWriteInit: Initializing buffered ascii/binary writing
AscBinWriteInit: Writing in binary
AscBinWriteInit: Writing in double precision
AscBinWriteInit: Writing to unit number: 58
AscBinWriteInit: Size of buffer is: 10436
WriteVtuFile: Writing nodal fields
WriteVtuFile: Saving 1-component variable: potential
WriteVtuFile: Saving 1-component variable: joule heating
WriteVtuFile: Saving 1-component variable: temperature
WriteVtuFile: Saving 1-component variable: temperature loads
WriteVtuFile: Saving 3-component variable: volume current
WriteVtuFile: Number of nodal fields written: 5
WriteVtuFile: Writing elemental fields
WriteVtuFile: Number of elemental fields written: 0
WriteVtuFile: Writing entity IDs for bodies and boundaries
WriteVtuFile: Writing coordinates for each used node
WriteVtuFile: Writing the elemental connectivity data
WriteVtuFile: Writing nodal fields
WriteVtuFile: Saving 1-component variable: potential
WriteVtuFile: Saving 1-component variable: joule heating
WriteVtuFile: Saving 1-component variable: temperature
WriteVtuFile: Saving 1-component variable: temperature loads
WriteVtuFile: Saving 3-component variable: volume current
WriteVtuFile: Writing elemental fields
AscBinWriteFree: Terminating buffered ascii/binary writing
VtuOutputSolver: All done for now
ResultOutputSolver: -------------------------------------
MAIN: 
MAIN: -------------------------------------
MAIN:  Steady state iteration:           12
MAIN: -------------------------------------
MAIN: 
SingleSolver: Attempting to call solver: 1
SingleSolver: Solver Equation string is: stat current
StatCurrentSolve: -------------------------------------
StatCurrentSolve: STAT CURRENT SOLVER:
StatCurrentSolve: -------------------------------------
DefaultStart: Starting solver: stat current
StatElecSolve: Starting Assembly...
DefUtils::DefaultDirichletBCs: Setting Dirichlet boundary conditions
EnforceDirichletConditions: Enforcing total of 28 Dirichlet conditions.
EnforceDirichletConditions: Applying Dirichlet conditions using scaled diagonal
ScaleLinearSystem: Creating > DiagScaling < vector of size 1754
EnforceDirichletConditions: Dirichlet conditions enforced for dofs: 28
StatCurrentSolve:  Assembly (s)          :  0.12333700000000114
DefaultSolve: Solving linear system with default routines
SolveSystem: Solving linear system
SolveLinearSystem: Assuming real valued linear system
SolveLinearSystem: Assuming serial linear system
ScaleLinearSystem: Creating > DiagScaling < vector of size 1754
SolveLinearSystem: Serial linear System Solver: direct
DirectSolver: Using direct method: umfpack
ComputeNorm: Computing norm of solution
ComputeChange: NS (ITER=1) (NRM,RELC): ( 0.18716444E-01 0.64022530E-06 ) :: stat current
StatCurrentSolve:  Solve (s)             :   3.1190000000016482E-003
StatCurrentSolve:  Total Heating Power   :  0.40919690342341131
DefaultFinish: Finished solver: stat current
ComputeNorm: Computing norm of solution
ComputeChange: SS (ITER=12) (NRM,RELC): ( 0.18716444E-01 0.64022530E-06 ) :: stat current
SingleSolver: Attempting to call solver: 2
SingleSolver: Solver Equation string is: heat equation
HeatSolver: -------------------------------------------
HeatSolver: Solving the energy equation for temperature
DefaultStart: Starting solver: heat equation
HeatSolve: 
HeatSolve: 
HeatSolve: -------------------------------------
HeatSolve:  TEMPERATURE ITERATION           1
HeatSolve: -------------------------------------
HeatSolve: 
HeatSolve: Starting Assembly...
HeatSolve: Assembly:
DefaultFinishBulkAssembly: Saving bulk values for: heat equation
HeatSolve: Assembly done
DefUtils::DefaultDirichletBCs: Setting Dirichlet boundary conditions
EnforceDirichletConditions: No Dirichlet conditions to enforce, exiting!
DefaultSolve: Solving linear system with default routines
SolveSystem: Solving linear system
SolveLinearSystem: Assuming real valued linear system
SolveLinearSystem: Assuming serial linear system
ScaleLinearSystem: Creating > DiagScaling < vector of size 10436
SolveLinearSystem: Serial linear System Solver: direct
DirectSolver: Using direct method: umfpack
SolveLinearSystem: Calculating nodal loads for: temperature
CalculateLoads: Computing boundary fluxes from nodal loads
WARNING:: CalculateLoads: Boundary 1 includes inseparable dofs!
CalculateLoads: temperature Flux over BC 1: -1.08125E-01
WARNING:: CalculateLoads: Boundary 2 includes inseparable dofs!
CalculateLoads: temperature Flux over BC 2: -6.61875E-02
WARNING:: CalculateLoads: Boundary 3 includes inseparable dofs!
CalculateLoads: temperature Flux over BC 3: -2.34885E-01
CalculateLoads: temperature Flux over all BCs: -4.09197E-01
ComputeNorm: Computing norm of solution
ComputeChange: NS (ITER=1) (NRM,RELC): (  508.50213     0.15695812E-06 ) :: heat equation
HeatSolve: iter:    1 Assembly: (s)    0.66    0.66
HeatSolve: iter:    1 Solve:    (s)    0.20    0.20
HeatSolve:  Result Norm   :    508.50213233598811
HeatSolve:  Relative Change :    1.5695812339688599E-007
DefaultFinish: Finished solver: heat equation
ComputeNorm: Computing norm of solution
ComputeChange: SS (ITER=12) (NRM,RELC): (  508.50213     0.15695812E-06 ) :: heat equation
SingleSolver: Attempting to call solver: 0
SingleSolver: Solver Equation string is: internalvtuoutputsolver
ResultOutputSolver: -------------------------------------
ResultOutputSolver: Dimension of mesh is: 3
ResultOutputSolver: Working on mesh 1: neck with 10436 nodes
ResultOutputSolver: Saving in unstructured VTK XML (.vtu) format
VtuOutputSolver: Full filename base is: neck/neck
GenerateSaveMask: Number of active elements 58855 out of 58855
GenerateSaveMask: Number of geometry nodes 10436 out of 10436
VtuOutputSolver: Setting offset for boundary entities: 100
VtuOutputSolver: Writing the vtu file: neck/neck_t0012.vtu
AscBinWriteInit: Initializing buffered ascii/binary writing
AscBinWriteInit: Writing in binary
AscBinWriteInit: Writing in double precision
AscBinWriteInit: Writing to unit number: 58
AscBinWriteInit: Size of buffer is: 10436
WriteVtuFile: Writing nodal fields
WriteVtuFile: Saving 1-component variable: potential
WriteVtuFile: Saving 1-component variable: joule heating
WriteVtuFile: Saving 1-component variable: temperature
WriteVtuFile: Saving 1-component variable: temperature loads
WriteVtuFile: Saving 3-component variable: volume current
WriteVtuFile: Number of nodal fields written: 5
WriteVtuFile: Writing elemental fields
WriteVtuFile: Number of elemental fields written: 0
WriteVtuFile: Writing entity IDs for bodies and boundaries
WriteVtuFile: Writing coordinates for each used node
WriteVtuFile: Writing the elemental connectivity data
WriteVtuFile: Writing nodal fields
WriteVtuFile: Saving 1-component variable: potential
WriteVtuFile: Saving 1-component variable: joule heating
WriteVtuFile: Saving 1-component variable: temperature
WriteVtuFile: Saving 1-component variable: temperature loads
WriteVtuFile: Saving 3-component variable: volume current
WriteVtuFile: Writing elemental fields
AscBinWriteFree: Terminating buffered ascii/binary writing
VtuOutputSolver: All done for now
ResultOutputSolver: -------------------------------------
MAIN: 
MAIN: -------------------------------------
MAIN:  Steady state iteration:           13
MAIN: -------------------------------------
MAIN: 
SingleSolver: Attempting to call solver: 1
SingleSolver: Solver Equation string is: stat current
StatCurrentSolve: -------------------------------------
StatCurrentSolve: STAT CURRENT SOLVER:
StatCurrentSolve: -------------------------------------
DefaultStart: Starting solver: stat current
StatElecSolve: Starting Assembly...
DefUtils::DefaultDirichletBCs: Setting Dirichlet boundary conditions
EnforceDirichletConditions: Enforcing total of 28 Dirichlet conditions.
EnforceDirichletConditions: Applying Dirichlet conditions using scaled diagonal
ScaleLinearSystem: Creating > DiagScaling < vector of size 1754
EnforceDirichletConditions: Dirichlet conditions enforced for dofs: 28
StatCurrentSolve:  Assembly (s)          :  0.13219100000000061
DefaultSolve: Solving linear system with default routines
SolveSystem: Solving linear system
SolveLinearSystem: Assuming real valued linear system
SolveLinearSystem: Assuming serial linear system
ScaleLinearSystem: Creating > DiagScaling < vector of size 1754
SolveLinearSystem: Serial linear System Solver: direct
DirectSolver: Using direct method: umfpack
ComputeNorm: Computing norm of solution
ComputeChange: NS (ITER=1) (NRM,RELC): ( 0.18716447E-01 0.17473685E-06 ) :: stat current
StatCurrentSolve:  Solve (s)             :   2.9710000000005010E-003
StatCurrentSolve:  Total Heating Power   :  0.40919697455943294
DefaultFinish: Finished solver: stat current
ComputeNorm: Computing norm of solution
ComputeChange: SS (ITER=13) (NRM,RELC): ( 0.18716447E-01 0.17473685E-06 ) :: stat current
SingleSolver: Attempting to call solver: 2
SingleSolver: Solver Equation string is: heat equation
HeatSolver: -------------------------------------------
HeatSolver: Solving the energy equation for temperature
DefaultStart: Starting solver: heat equation
HeatSolve: 
HeatSolve: 
HeatSolve: -------------------------------------
HeatSolve:  TEMPERATURE ITERATION           1
HeatSolve: -------------------------------------
HeatSolve: 
HeatSolve: Starting Assembly...
HeatSolve: Assembly:
DefaultFinishBulkAssembly: Saving bulk values for: heat equation
HeatSolve: Assembly done
DefUtils::DefaultDirichletBCs: Setting Dirichlet boundary conditions
EnforceDirichletConditions: No Dirichlet conditions to enforce, exiting!
DefaultSolve: Solving linear system with default routines
SolveSystem: Solving linear system
SolveLinearSystem: Assuming real valued linear system
SolveLinearSystem: Assuming serial linear system
ScaleLinearSystem: Creating > DiagScaling < vector of size 10436
SolveLinearSystem: Serial linear System Solver: direct
DirectSolver: Using direct method: umfpack
SolveLinearSystem: Calculating nodal loads for: temperature
CalculateLoads: Computing boundary fluxes from nodal loads
WARNING:: CalculateLoads: Boundary 1 includes inseparable dofs!
CalculateLoads: temperature Flux over BC 1: -1.08125E-01
WARNING:: CalculateLoads: Boundary 2 includes inseparable dofs!
CalculateLoads: temperature Flux over BC 2: -6.61875E-02
WARNING:: CalculateLoads: Boundary 3 includes inseparable dofs!
CalculateLoads: temperature Flux over BC 3: -2.34885E-01
CalculateLoads: temperature Flux over all BCs: -4.09197E-01
ComputeNorm: Computing norm of solution
ComputeChange: NS (ITER=1) (NRM,RELC): (  508.50215     0.42805149E-07 ) :: heat equation
HeatSolve: iter:    1 Assembly: (s)    0.69    0.69
HeatSolve: iter:    1 Solve:    (s)    0.19    0.19
HeatSolve:  Result Norm   :    508.50215410249831
HeatSolve:  Relative Change :    4.2805149381592760E-008
DefaultFinish: Finished solver: heat equation
ComputeNorm: Computing norm of solution
ComputeChange: SS (ITER=13) (NRM,RELC): (  508.50215     0.42805149E-07 ) :: heat equation
SingleSolver: Attempting to call solver: 0
SingleSolver: Solver Equation string is: internalvtuoutputsolver
ResultOutputSolver: -------------------------------------
ResultOutputSolver: Dimension of mesh is: 3
ResultOutputSolver: Working on mesh 1: neck with 10436 nodes
ResultOutputSolver: Saving in unstructured VTK XML (.vtu) format
VtuOutputSolver: Full filename base is: neck/neck
GenerateSaveMask: Number of active elements 58855 out of 58855
GenerateSaveMask: Number of geometry nodes 10436 out of 10436
VtuOutputSolver: Setting offset for boundary entities: 100
VtuOutputSolver: Writing the vtu file: neck/neck_t0013.vtu
AscBinWriteInit: Initializing buffered ascii/binary writing
AscBinWriteInit: Writing in binary
AscBinWriteInit: Writing in double precision
AscBinWriteInit: Writing to unit number: 58
AscBinWriteInit: Size of buffer is: 10436
WriteVtuFile: Writing nodal fields
WriteVtuFile: Saving 1-component variable: potential
WriteVtuFile: Saving 1-component variable: joule heating
WriteVtuFile: Saving 1-component variable: temperature
WriteVtuFile: Saving 1-component variable: temperature loads
WriteVtuFile: Saving 3-component variable: volume current
WriteVtuFile: Number of nodal fields written: 5
WriteVtuFile: Writing elemental fields
WriteVtuFile: Number of elemental fields written: 0
WriteVtuFile: Writing entity IDs for bodies and boundaries
WriteVtuFile: Writing coordinates for each used node
WriteVtuFile: Writing the elemental connectivity data
WriteVtuFile: Writing nodal fields
WriteVtuFile: Saving 1-component variable: potential
WriteVtuFile: Saving 1-component variable: joule heating
WriteVtuFile: Saving 1-component variable: temperature
WriteVtuFile: Saving 1-component variable: temperature loads
WriteVtuFile: Saving 3-component variable: volume current
WriteVtuFile: Writing elemental fields
AscBinWriteFree: Terminating buffered ascii/binary writing
VtuOutputSolver: All done for now
ResultOutputSolver: -------------------------------------
MAIN: 
MAIN: -------------------------------------
MAIN:  Steady state iteration:           14
MAIN: -------------------------------------
MAIN: 
SingleSolver: Attempting to call solver: 1
SingleSolver: Solver Equation string is: stat current
StatCurrentSolve: -------------------------------------
StatCurrentSolve: STAT CURRENT SOLVER:
StatCurrentSolve: -------------------------------------
DefaultStart: Starting solver: stat current
StatElecSolve: Starting Assembly...
DefUtils::DefaultDirichletBCs: Setting Dirichlet boundary conditions
EnforceDirichletConditions: Enforcing total of 28 Dirichlet conditions.
EnforceDirichletConditions: Applying Dirichlet conditions using scaled diagonal
ScaleLinearSystem: Creating > DiagScaling < vector of size 1754
EnforceDirichletConditions: Dirichlet conditions enforced for dofs: 28
StatCurrentSolve:  Assembly (s)          :  0.12799399999999928
DefaultSolve: Solving linear system with default routines
SolveSystem: Solving linear system
SolveLinearSystem: Assuming real valued linear system
SolveLinearSystem: Assuming serial linear system
ScaleLinearSystem: Creating > DiagScaling < vector of size 1754
SolveLinearSystem: Serial linear System Solver: direct
DirectSolver: Using direct method: umfpack
ComputeNorm: Computing norm of solution
ComputeChange: NS (ITER=1) (NRM,RELC): ( 0.18716448E-01 0.47651239E-07 ) :: stat current
StatCurrentSolve:  Solve (s)             :   3.0660000000004572E-003
StatCurrentSolve:  Total Heating Power   :  0.40919699395721604
DefaultFinish: Finished solver: stat current
ComputeNorm: Computing norm of solution
ComputeChange: SS (ITER=14) (NRM,RELC): ( 0.18716448E-01 0.47651239E-07 ) :: stat current
SingleSolver: Attempting to call solver: 2
SingleSolver: Solver Equation string is: heat equation
HeatSolver: -------------------------------------------
HeatSolver: Solving the energy equation for temperature
DefaultStart: Starting solver: heat equation
HeatSolve: 
HeatSolve: 
HeatSolve: -------------------------------------
HeatSolve:  TEMPERATURE ITERATION           1
HeatSolve: -------------------------------------
HeatSolve: 
HeatSolve: Starting Assembly...
HeatSolve: Assembly:
DefaultFinishBulkAssembly: Saving bulk values for: heat equation
HeatSolve: Assembly done
DefUtils::DefaultDirichletBCs: Setting Dirichlet boundary conditions
EnforceDirichletConditions: No Dirichlet conditions to enforce, exiting!
DefaultSolve: Solving linear system with default routines
SolveSystem: Solving linear system
SolveLinearSystem: Assuming real valued linear system
SolveLinearSystem: Assuming serial linear system
ScaleLinearSystem: Creating > DiagScaling < vector of size 10436
SolveLinearSystem: Serial linear System Solver: direct
DirectSolver: Using direct method: umfpack
SolveLinearSystem: Calculating nodal loads for: temperature
CalculateLoads: Computing boundary fluxes from nodal loads
WARNING:: CalculateLoads: Boundary 1 includes inseparable dofs!
CalculateLoads: temperature Flux over BC 1: -1.08125E-01
WARNING:: CalculateLoads: Boundary 2 includes inseparable dofs!
CalculateLoads: temperature Flux over BC 2: -6.61875E-02
WARNING:: CalculateLoads: Boundary 3 includes inseparable dofs!
CalculateLoads: temperature Flux over BC 3: -2.34885E-01
CalculateLoads: temperature Flux over all BCs: -4.09197E-01
ComputeNorm: Computing norm of solution
ComputeChange: NS (ITER=1) (NRM,RELC): (  508.50216     0.11672363E-07 ) :: heat equation
HeatSolve: iter:    1 Assembly: (s)    0.69    0.69
HeatSolve: iter:    1 Solve:    (s)    0.20    0.20
HeatSolve:  Result Norm   :    508.50216003792031
HeatSolve:  Relative Change :    1.1672363456372885E-008
DefaultFinish: Finished solver: heat equation
ComputeNorm: Computing norm of solution
ComputeChange: SS (ITER=14) (NRM,RELC): (  508.50216     0.11672363E-07 ) :: heat equation
SingleSolver: Attempting to call solver: 0
SingleSolver: Solver Equation string is: internalvtuoutputsolver
ResultOutputSolver: -------------------------------------
ResultOutputSolver: Dimension of mesh is: 3
ResultOutputSolver: Working on mesh 1: neck with 10436 nodes
ResultOutputSolver: Saving in unstructured VTK XML (.vtu) format
VtuOutputSolver: Full filename base is: neck/neck
GenerateSaveMask: Number of active elements 58855 out of 58855
GenerateSaveMask: Number of geometry nodes 10436 out of 10436
VtuOutputSolver: Setting offset for boundary entities: 100
VtuOutputSolver: Writing the vtu file: neck/neck_t0014.vtu
AscBinWriteInit: Initializing buffered ascii/binary writing
AscBinWriteInit: Writing in binary
AscBinWriteInit: Writing in double precision
AscBinWriteInit: Writing to unit number: 58
AscBinWriteInit: Size of buffer is: 10436
WriteVtuFile: Writing nodal fields
WriteVtuFile: Saving 1-component variable: potential
WriteVtuFile: Saving 1-component variable: joule heating
WriteVtuFile: Saving 1-component variable: temperature
WriteVtuFile: Saving 1-component variable: temperature loads
WriteVtuFile: Saving 3-component variable: volume current
WriteVtuFile: Number of nodal fields written: 5
WriteVtuFile: Writing elemental fields
WriteVtuFile: Number of elemental fields written: 0
WriteVtuFile: Writing entity IDs for bodies and boundaries
WriteVtuFile: Writing coordinates for each used node
WriteVtuFile: Writing the elemental connectivity data
WriteVtuFile: Writing nodal fields
WriteVtuFile: Saving 1-component variable: potential
WriteVtuFile: Saving 1-component variable: joule heating
WriteVtuFile: Saving 1-component variable: temperature
WriteVtuFile: Saving 1-component variable: temperature loads
WriteVtuFile: Saving 3-component variable: volume current
WriteVtuFile: Writing elemental fields
AscBinWriteFree: Terminating buffered ascii/binary writing
VtuOutputSolver: All done for now
ResultOutputSolver: -------------------------------------
MAIN: 
MAIN: -------------------------------------
MAIN:  Steady state iteration:           15
MAIN: -------------------------------------
MAIN: 
SingleSolver: Attempting to call solver: 1
SingleSolver: Solver Equation string is: stat current
StatCurrentSolve: -------------------------------------
StatCurrentSolve: STAT CURRENT SOLVER:
StatCurrentSolve: -------------------------------------
DefaultStart: Starting solver: stat current
StatElecSolve: Starting Assembly...
DefUtils::DefaultDirichletBCs: Setting Dirichlet boundary conditions
EnforceDirichletConditions: Enforcing total of 28 Dirichlet conditions.
EnforceDirichletConditions: Applying Dirichlet conditions using scaled diagonal
ScaleLinearSystem: Creating > DiagScaling < vector of size 1754
EnforceDirichletConditions: Dirichlet conditions enforced for dofs: 28
StatCurrentSolve:  Assembly (s)          :  0.12598900000000057
DefaultSolve: Solving linear system with default routines
SolveSystem: Solving linear system
SolveLinearSystem: Assuming real valued linear system
SolveLinearSystem: Assuming serial linear system
ScaleLinearSystem: Creating > DiagScaling < vector of size 1754
SolveLinearSystem: Serial linear System Solver: direct
DirectSolver: Using direct method: umfpack
ComputeNorm: Computing norm of solution
ComputeChange: NS (ITER=1) (NRM,RELC): ( 0.18716448E-01 0.13147554E-07 ) :: stat current
StatCurrentSolve:  Solve (s)             :   3.2479999999992515E-003
StatCurrentSolve:  Total Heating Power   :  0.40919699937324322
DefaultFinish: Finished solver: stat current
ComputeNorm: Computing norm of solution
ComputeChange: SS (ITER=15) (NRM,RELC): ( 0.18716448E-01 0.13147554E-07 ) :: stat current
SingleSolver: Attempting to call solver: 2
SingleSolver: Solver Equation string is: heat equation
HeatSolver: -------------------------------------------
HeatSolver: Solving the energy equation for temperature
DefaultStart: Starting solver: heat equation
HeatSolve: 
HeatSolve: 
HeatSolve: -------------------------------------
HeatSolve:  TEMPERATURE ITERATION           1
HeatSolve: -------------------------------------
HeatSolve: 
HeatSolve: Starting Assembly...
HeatSolve: Assembly:
DefaultFinishBulkAssembly: Saving bulk values for: heat equation
HeatSolve: Assembly done
DefUtils::DefaultDirichletBCs: Setting Dirichlet boundary conditions
EnforceDirichletConditions: No Dirichlet conditions to enforce, exiting!
DefaultSolve: Solving linear system with default routines
SolveSystem: Solving linear system
SolveLinearSystem: Assuming real valued linear system
SolveLinearSystem: Assuming serial linear system
ScaleLinearSystem: Creating > DiagScaling < vector of size 10436
SolveLinearSystem: Serial linear System Solver: direct
DirectSolver: Using direct method: umfpack
SolveLinearSystem: Calculating nodal loads for: temperature
CalculateLoads: Computing boundary fluxes from nodal loads
WARNING:: CalculateLoads: Boundary 1 includes inseparable dofs!
CalculateLoads: temperature Flux over BC 1: -1.08125E-01
WARNING:: CalculateLoads: Boundary 2 includes inseparable dofs!
CalculateLoads: temperature Flux over BC 2: -6.61875E-02
WARNING:: CalculateLoads: Boundary 3 includes inseparable dofs!
CalculateLoads: temperature Flux over BC 3: -2.34885E-01
CalculateLoads: temperature Flux over all BCs: -4.09197E-01
ComputeNorm: Computing norm of solution
ComputeChange: NS (ITER=1) (NRM,RELC): (  508.50216     0.32588465E-08 ) :: heat equation
HeatSolve: iter:    1 Assembly: (s)    0.67    0.67
HeatSolve: iter:    1 Solve:    (s)    0.20    0.20
HeatSolve:  Result Norm   :    508.50216169505080
HeatSolve:  Relative Change :    3.2588465189608390E-009
DefaultFinish: Finished solver: heat equation
ComputeNorm: Computing norm of solution
ComputeChange: SS (ITER=15) (NRM,RELC): (  508.50216     0.32588465E-08 ) :: heat equation
SingleSolver: Attempting to call solver: 0
SingleSolver: Solver Equation string is: internalvtuoutputsolver
ResultOutputSolver: -------------------------------------
ResultOutputSolver: Dimension of mesh is: 3
ResultOutputSolver: Working on mesh 1: neck with 10436 nodes
ResultOutputSolver: Saving in unstructured VTK XML (.vtu) format
VtuOutputSolver: Full filename base is: neck/neck
GenerateSaveMask: Number of active elements 58855 out of 58855
GenerateSaveMask: Number of geometry nodes 10436 out of 10436
VtuOutputSolver: Setting offset for boundary entities: 100
VtuOutputSolver: Writing the vtu file: neck/neck_t0015.vtu
AscBinWriteInit: Initializing buffered ascii/binary writing
AscBinWriteInit: Writing in binary
AscBinWriteInit: Writing in double precision
AscBinWriteInit: Writing to unit number: 58
AscBinWriteInit: Size of buffer is: 10436
WriteVtuFile: Writing nodal fields
WriteVtuFile: Saving 1-component variable: potential
WriteVtuFile: Saving 1-component variable: joule heating
WriteVtuFile: Saving 1-component variable: temperature
WriteVtuFile: Saving 1-component variable: temperature loads
WriteVtuFile: Saving 3-component variable: volume current
WriteVtuFile: Number of nodal fields written: 5
WriteVtuFile: Writing elemental fields
WriteVtuFile: Number of elemental fields written: 0
WriteVtuFile: Writing entity IDs for bodies and boundaries
WriteVtuFile: Writing coordinates for each used node
WriteVtuFile: Writing the elemental connectivity data
WriteVtuFile: Writing nodal fields
WriteVtuFile: Saving 1-component variable: potential
WriteVtuFile: Saving 1-component variable: joule heating
WriteVtuFile: Saving 1-component variable: temperature
WriteVtuFile: Saving 1-component variable: temperature loads
WriteVtuFile: Saving 3-component variable: volume current
WriteVtuFile: Writing elemental fields
AscBinWriteFree: Terminating buffered ascii/binary writing
VtuOutputSolver: All done for now
ResultOutputSolver: -------------------------------------
MAIN: 
MAIN: -------------------------------------
MAIN:  Steady state iteration:           16
MAIN: -------------------------------------
MAIN: 
SingleSolver: Attempting to call solver: 1
SingleSolver: Solver Equation string is: stat current
StatCurrentSolve: -------------------------------------
StatCurrentSolve: STAT CURRENT SOLVER:
StatCurrentSolve: -------------------------------------
DefaultStart: Starting solver: stat current
StatElecSolve: Starting Assembly...
DefUtils::DefaultDirichletBCs: Setting Dirichlet boundary conditions
EnforceDirichletConditions: Enforcing total of 28 Dirichlet conditions.
EnforceDirichletConditions: Applying Dirichlet conditions using scaled diagonal
ScaleLinearSystem: Creating > DiagScaling < vector of size 1754
EnforceDirichletConditions: Dirichlet conditions enforced for dofs: 28
StatCurrentSolve:  Assembly (s)          :  0.12579699999999860
DefaultSolve: Solving linear system with default routines
SolveSystem: Solving linear system
SolveLinearSystem: Assuming real valued linear system
SolveLinearSystem: Assuming serial linear system
ScaleLinearSystem: Creating > DiagScaling < vector of size 1754
SolveLinearSystem: Serial linear System Solver: direct
DirectSolver: Using direct method: umfpack
ComputeNorm: Computing norm of solution
ComputeChange: NS (ITER=1) (NRM,RELC): ( 0.18716448E-01 0.36017091E-08 ) :: stat current
StatCurrentSolve:  Solve (s)             :   3.4100000000023556E-003
StatCurrentSolve:  Total Heating Power   :  0.40919700082879457
DefaultFinish: Finished solver: stat current
ComputeNorm: Computing norm of solution
ComputeChange: SS (ITER=16) (NRM,RELC): ( 0.18716448E-01 0.36017091E-08 ) :: stat current
SingleSolver: Attempting to call solver: 2
SingleSolver: Solver Equation string is: heat equation
HeatSolver: -------------------------------------------
HeatSolver: Solving the energy equation for temperature
DefaultStart: Starting solver: heat equation
HeatSolve: 
HeatSolve: 
HeatSolve: -------------------------------------
HeatSolve:  TEMPERATURE ITERATION           1
HeatSolve: -------------------------------------
HeatSolve: 
HeatSolve: Starting Assembly...
HeatSolve: Assembly:
DefaultFinishBulkAssembly: Saving bulk values for: heat equation
HeatSolve: Assembly done
DefUtils::DefaultDirichletBCs: Setting Dirichlet boundary conditions
EnforceDirichletConditions: No Dirichlet conditions to enforce, exiting!
DefaultSolve: Solving linear system with default routines
SolveSystem: Solving linear system
SolveLinearSystem: Assuming real valued linear system
SolveLinearSystem: Assuming serial linear system
ScaleLinearSystem: Creating > DiagScaling < vector of size 10436
SolveLinearSystem: Serial linear System Solver: direct
DirectSolver: Using direct method: umfpack
SolveLinearSystem: Calculating nodal loads for: temperature
CalculateLoads: Computing boundary fluxes from nodal loads
WARNING:: CalculateLoads: Boundary 1 includes inseparable dofs!
CalculateLoads: temperature Flux over BC 1: -1.08125E-01
WARNING:: CalculateLoads: Boundary 2 includes inseparable dofs!
CalculateLoads: temperature Flux over BC 2: -6.61875E-02
WARNING:: CalculateLoads: Boundary 3 includes inseparable dofs!
CalculateLoads: temperature Flux over BC 3: -2.34885E-01
CalculateLoads: temperature Flux over all BCs: -4.09197E-01
ComputeNorm: Computing norm of solution
ComputeChange: NS (ITER=1) (NRM,RELC): (  508.50216     0.87588528E-09 ) :: heat equation
HeatSolve: iter:    1 Assembly: (s)    0.69    0.69
HeatSolve: iter:    1 Solve:    (s)    0.20    0.20
HeatSolve:  Result Norm   :    508.50216214044036
HeatSolve:  Relative Change :    8.7588528280823292E-010
DefaultFinish: Finished solver: heat equation
ComputeNorm: Computing norm of solution
ComputeChange: SS (ITER=16) (NRM,RELC): (  508.50216     0.87588528E-09 ) :: heat equation
SingleSolver: Attempting to call solver: 0
SingleSolver: Solver Equation string is: internalvtuoutputsolver
ResultOutputSolver: -------------------------------------
ResultOutputSolver: Dimension of mesh is: 3
ResultOutputSolver: Working on mesh 1: neck with 10436 nodes
ResultOutputSolver: Saving in unstructured VTK XML (.vtu) format
VtuOutputSolver: Full filename base is: neck/neck
GenerateSaveMask: Number of active elements 58855 out of 58855
GenerateSaveMask: Number of geometry nodes 10436 out of 10436
VtuOutputSolver: Setting offset for boundary entities: 100
VtuOutputSolver: Writing the vtu file: neck/neck_t0016.vtu
AscBinWriteInit: Initializing buffered ascii/binary writing
AscBinWriteInit: Writing in binary
AscBinWriteInit: Writing in double precision
AscBinWriteInit: Writing to unit number: 58
AscBinWriteInit: Size of buffer is: 10436
WriteVtuFile: Writing nodal fields
WriteVtuFile: Saving 1-component variable: potential
WriteVtuFile: Saving 1-component variable: joule heating
WriteVtuFile: Saving 1-component variable: temperature
WriteVtuFile: Saving 1-component variable: temperature loads
WriteVtuFile: Saving 3-component variable: volume current
WriteVtuFile: Number of nodal fields written: 5
WriteVtuFile: Writing elemental fields
WriteVtuFile: Number of elemental fields written: 0
WriteVtuFile: Writing entity IDs for bodies and boundaries
WriteVtuFile: Writing coordinates for each used node
WriteVtuFile: Writing the elemental connectivity data
WriteVtuFile: Writing nodal fields
WriteVtuFile: Saving 1-component variable: potential
WriteVtuFile: Saving 1-component variable: joule heating
WriteVtuFile: Saving 1-component variable: temperature
WriteVtuFile: Saving 1-component variable: temperature loads
WriteVtuFile: Saving 3-component variable: volume current
WriteVtuFile: Writing elemental fields
AscBinWriteFree: Terminating buffered ascii/binary writing
VtuOutputSolver: All done for now
ResultOutputSolver: -------------------------------------
SingleSolver: Attempting to call solver: 3
SingleSolver: Solver Equation string is: savescalars
SaveScalars: -----------------------------------------
SaveScalars: Saving scalar values of various kinds
SaveScalars: Performed 5 reduction operations
SaveScalars: Found 4 result scalars in simulation section
SaveScalars: Found 15 values to save in total
SaveScalars: Saving names of values to file: ./scalars.dat.names
SaveScalars: Saving values to file: ./scalars.dat
SaveScalars: -----------------------------------------
ReloadInputFile: Reloading input file
LoadInputFile: Loading input file:
MAIN: Reporting unused list entries for sif improvement!
MAIN: If you do not want these lines undefine > DEVEL_LISTUSAGE < !
   Unused keywords:
MAIN: *** Elmer Solver: ALL DONE ***
Loading user function library: [StatCurrentSolve]...[StatCurrentSolver_Finalize]
Loading user function library: [StatCurrentSolve]...[StatCurrentSolver_Finalize]
Loading user function library: [HeatSolve]...[HeatSolver_Finalize]
Loading user function library: [HeatSolve]...[HeatSolver_Finalize]
Loading user function library: [SaveData]...[SaveScalars_Finalize]
Loading user function library: [SaveData]...[SaveScalars_Finalize]
Loading user function library: [ResultOutputSolve]...[ResultOutputSolver_Finalize]
Loading user function library: [ResultOutputSolve]...[ResultOutputSolver_Finalize]
MAIN: The end
SOLVER TOTAL TIME(CPU,REAL):        18.50       20.12
ELMER SOLVER FINISHED AT: 2026/09/14 09:55:44

--- stderr ---
