Info    : Running '/opt/homebrew/bin/gmsh -3 local.geo -format msh2 -o local.msh -nt 1' [Gmsh 4.15.2-git, 1 node, max. 1 thread]
Info    : Started on Wed Sep 16 14:56:59 2026
Info    : Reading 'local.geo'...
Info    : Done reading 'local.geo'
Info    : Meshing 1D...
Info    : [  0%] Meshing curve 523 (Line)
Info    : [ 10%] Meshing curve 524 (Line)
Info    : [ 10%] Meshing curve 525 (Line)
Info    : [ 10%] Meshing curve 526 (Line)
Info    : [ 10%] Meshing curve 527 (Line)
Info    : [ 10%] Meshing curve 528 (Line)
Info    : [ 10%] Meshing curve 529 (Line)
Info    : [ 10%] Meshing curve 530 (Line)
Info    : [ 10%] Meshing curve 531 (Line)
Info    : [ 10%] Meshing curve 532 (Line)
Info    : [ 10%] Meshing curve 533 (Line)
Info    : [ 10%] Meshing curve 534 (Line)
Info    : [ 10%] Meshing curve 535 (Line)
Info    : [ 10%] Meshing curve 536 (Line)
Info    : [ 10%] Meshing curve 537 (Line)
Info    : [ 10%] Meshing curve 538 (Line)
Info    : [ 10%] Meshing curve 539 (Line)
Info    : [ 10%] Meshing curve 540 (Line)
Info    : [ 10%] Meshing curve 541 (Line)
Info    : [ 10%] Meshing curve 542 (Line)
Info    : [ 10%] Meshing curve 543 (Line)
Info    : [ 10%] Meshing curve 544 (Line)
Info    : [ 10%] Meshing curve 545 (Line)
Info    : [ 10%] Meshing curve 546 (Line)
Info    : [ 10%] Meshing curve 547 (Line)
Info    : [ 10%] Meshing curve 548 (Line)
Info    : [ 10%] Meshing curve 549 (Line)
Info    : [ 10%] Meshing curve 550 (Line)
Info    : [ 10%] Meshing curve 551 (Line)
Info    : [ 10%] Meshing curve 552 (Line)
Info    : [ 10%] Meshing curve 553 (Line)
Info    : [ 20%] Meshing curve 554 (Line)
Info    : [ 20%] Meshing curve 555 (Line)
Info    : [ 20%] Meshing curve 556 (Line)
Info    : [ 20%] Meshing curve 557 (Line)
Info    : [ 20%] Meshing curve 558 (Line)
Info    : [ 20%] Meshing curve 559 (Circle)
Info    : [ 20%] Meshing curve 560 (Line)
Info    : [ 20%] Meshing curve 561 (Line)
Info    : [ 20%] Meshing curve 562 (Circle)
Info    : [ 20%] Meshing curve 563 (Circle)
Info    : [ 20%] Meshing curve 564 (Line)
Info    : [ 20%] Meshing curve 565 (TrimmedCurve)
Info    : [ 20%] Meshing curve 566 (Line)
Info    : [ 20%] Meshing curve 567 (Circle)
Info    : [ 20%] Meshing curve 568 (Line)
Info    : [ 20%] Meshing curve 569 (Line)
Info    : [ 20%] Meshing curve 570 (Circle)
Info    : [ 20%] Meshing curve 571 (Line)
Info    : [ 20%] Meshing curve 572 (Line)
Info    : [ 20%] Meshing curve 573 (Circle)
Info    : [ 20%] Meshing curve 574 (Line)
Info    : [ 20%] Meshing curve 575 (Line)
Info    : [ 20%] Meshing curve 576 (Line)
Info    : [ 20%] Meshing curve 577 (Circle)
Info    : [ 20%] Meshing curve 578 (Circle)
Info    : [ 20%] Meshing curve 579 (Circle)
Info    : [ 20%] Meshing curve 580 (Circle)
Info    : [ 20%] Meshing curve 581 (Circle)
Info    : [ 20%] Meshing curve 582 (Circle)
Info    : [ 20%] Meshing curve 583 (Line)
Info    : [ 30%] Meshing curve 584 (Line)
Info    : [ 30%] Meshing curve 585 (Line)
Info    : [ 30%] Meshing curve 586 (Line)
Info    : [ 30%] Meshing curve 587 (Line)
Info    : [ 30%] Meshing curve 588 (Line)
Info    : [ 30%] Meshing curve 589 (Circle)
Info    : [ 30%] Meshing curve 590 (Line)
Info    : [ 30%] Meshing curve 591 (Line)
Info    : [ 30%] Meshing curve 592 (Circle)
Info    : [ 30%] Meshing curve 593 (Circle)
Info    : [ 30%] Meshing curve 594 (Line)
Info    : [ 30%] Meshing curve 595 (TrimmedCurve)
Info    : [ 30%] Meshing curve 596 (Line)
Info    : [ 30%] Meshing curve 597 (Circle)
Info    : [ 30%] Meshing curve 598 (Line)
Info    : [ 30%] Meshing curve 599 (Line)
Info    : [ 30%] Meshing curve 600 (Circle)
Info    : [ 30%] Meshing curve 601 (Line)
Info    : [ 30%] Meshing curve 602 (Line)
Info    : [ 30%] Meshing curve 603 (Circle)
Info    : [ 30%] Meshing curve 604 (Line)
Info    : [ 30%] Meshing curve 605 (Line)
Info    : [ 30%] Meshing curve 606 (Line)
Info    : [ 30%] Meshing curve 607 (Circle)
Info    : [ 30%] Meshing curve 608 (Circle)
Info    : [ 30%] Meshing curve 609 (Circle)
Info    : [ 30%] Meshing curve 610 (Circle)
Info    : [ 30%] Meshing curve 611 (Circle)
Info    : [ 30%] Meshing curve 612 (Circle)
Info    : [ 30%] Meshing curve 613 (Circle)
Info    : [ 40%] Meshing curve 614 (Circle)
Info    : [ 40%] Meshing curve 615 (Circle)
Info    : [ 40%] Meshing curve 616 (Circle)
Info    : [ 40%] Meshing curve 617 (Circle)
Info    : [ 40%] Meshing curve 618 (Circle)
Info    : [ 40%] Meshing curve 619 (Line)
Info    : [ 40%] Meshing curve 620 (Line)
Info    : [ 40%] Meshing curve 621 (Line)
Info    : [ 40%] Meshing curve 622 (Line)
Info    : [ 40%] Meshing curve 623 (Line)
Info    : [ 40%] Meshing curve 624 (Line)
Info    : [ 40%] Meshing curve 625 (Line)
Info    : [ 40%] Meshing curve 626 (Line)
Info    : [ 40%] Meshing curve 627 (Line)
Info    : [ 40%] Meshing curve 628 (Line)
Info    : [ 40%] Meshing curve 629 (Line)
Info    : [ 40%] Meshing curve 630 (Line)
Info    : [ 40%] Meshing curve 631 (Line)
Info    : [ 40%] Meshing curve 632 (Line)
Info    : [ 40%] Meshing curve 633 (Line)
Info    : [ 40%] Meshing curve 634 (Line)
Info    : [ 40%] Meshing curve 635 (Line)
Info    : [ 40%] Meshing curve 636 (Line)
Info    : [ 40%] Meshing curve 637 (Line)
Info    : [ 40%] Meshing curve 638 (Line)
Info    : [ 40%] Meshing curve 639 (Line)
Info    : [ 40%] Meshing curve 640 (Line)
Info    : [ 40%] Meshing curve 641 (Line)
Info    : [ 40%] Meshing curve 642 (Line)
Info    : [ 40%] Meshing curve 643 (Line)
Info    : [ 50%] Meshing curve 644 (Line)
Info    : [ 50%] Meshing curve 645 (Line)
Info    : [ 50%] Meshing curve 646 (TrimmedCurve)
Info    : [ 50%] Meshing curve 647 (Circle)
Info    : [ 50%] Meshing curve 648 (Line)
Info    : [ 50%] Meshing curve 649 (TrimmedCurve)
Info    : [ 50%] Meshing curve 650 (TrimmedCurve)
Info    : [ 50%] Meshing curve 651 (Line)
Info    : [ 50%] Meshing curve 652 (Line)
Info    : [ 50%] Meshing curve 653 (Line)
Info    : [ 50%] Meshing curve 654 (Line)
Info    : [ 50%] Meshing curve 655 (Line)
Info    : [ 50%] Meshing curve 656 (Circle)
Info    : [ 50%] Meshing curve 657 (Circle)
Info    : [ 50%] Meshing curve 658 (Circle)
Info    : [ 50%] Meshing curve 659 (Circle)
Info    : [ 50%] Meshing curve 660 (Circle)
Info    : [ 50%] Meshing curve 661 (Circle)
Info    : [ 50%] Meshing curve 662 (TrimmedCurve)
Info    : [ 50%] Meshing curve 663 (Line)
Info    : [ 50%] Meshing curve 664 (Line)
Info    : [ 50%] Meshing curve 665 (Circle)
Info    : [ 50%] Meshing curve 666 (Line)
Info    : [ 50%] Meshing curve 667 (Line)
Info    : [ 50%] Meshing curve 668 (Line)
Info    : [ 50%] Meshing curve 669 (TrimmedCurve)
Info    : [ 50%] Meshing curve 670 (Line)
Info    : [ 50%] Meshing curve 671 (TrimmedCurve)
Info    : [ 50%] Meshing curve 672 (Line)
Info    : [ 50%] Meshing curve 673 (Line)
Info    : [ 60%] Meshing curve 674 (Line)
Info    : [ 60%] Meshing curve 675 (Line)
Info    : [ 60%] Meshing curve 676 (Line)
Info    : [ 60%] Meshing curve 677 (Line)
Info    : [ 60%] Meshing curve 678 (Line)
Info    : [ 60%] Meshing curve 679 (Line)
Info    : [ 60%] Meshing curve 680 (Line)
Info    : [ 60%] Meshing curve 681 (Line)
Info    : [ 60%] Meshing curve 682 (Line)
Info    : [ 60%] Meshing curve 683 (Circle)
Info    : [ 60%] Meshing curve 684 (Line)
Info    : [ 60%] Meshing curve 685 (Circle)
Info    : [ 60%] Meshing curve 686 (Line)
Info    : [ 60%] Meshing curve 687 (Circle)
Info    : [ 60%] Meshing curve 688 (Line)
Info    : [ 60%] Meshing curve 689 (Circle)
Info    : [ 60%] Meshing curve 690 (Line)
Info    : [ 60%] Meshing curve 691 (Circle)
Info    : [ 60%] Meshing curve 692 (Line)
Info    : [ 60%] Meshing curve 693 (Circle)
Info    : [ 60%] Meshing curve 694 (Circle)
Info    : [ 60%] Meshing curve 695 (Circle)
Info    : [ 60%] Meshing curve 696 (Circle)
Info    : [ 60%] Meshing curve 697 (Circle)
Info    : [ 60%] Meshing curve 698 (Circle)
Info    : [ 60%] Meshing curve 699 (Circle)
Info    : [ 60%] Meshing curve 700 (Line)
Info    : [ 60%] Meshing curve 701 (Line)
Info    : [ 60%] Meshing curve 702 (Line)
Info    : [ 60%] Meshing curve 703 (Line)
Info    : [ 70%] Meshing curve 704 (Circle)
Info    : [ 70%] Meshing curve 705 (Line)
Info    : [ 70%] Meshing curve 706 (Line)
Info    : [ 70%] Meshing curve 707 (Line)
Info    : [ 70%] Meshing curve 708 (Circle)
Info    : [ 70%] Meshing curve 709 (Circle)
Info    : [ 70%] Meshing curve 710 (Circle)
Info    : [ 70%] Meshing curve 711 (Circle)
Info    : [ 70%] Meshing curve 712 (Circle)
Info    : [ 70%] Meshing curve 713 (Circle)
Info    : [ 70%] Meshing curve 714 (Circle)
Info    : [ 70%] Meshing curve 715 (Circle)
Info    : [ 70%] Meshing curve 716 (Circle)
Info    : [ 70%] Meshing curve 717 (Circle)
Info    : [ 70%] Meshing curve 718 (Circle)
Info    : [ 70%] Meshing curve 719 (Circle)
Info    : [ 70%] Meshing curve 720 (Line)
Info    : [ 70%] Meshing curve 721 (Line)
Info    : [ 70%] Meshing curve 722 (Line)
Info    : [ 70%] Meshing curve 723 (Line)
Info    : [ 70%] Meshing curve 724 (Line)
Info    : [ 70%] Meshing curve 725 (Line)
Info    : [ 70%] Meshing curve 726 (Line)
Info    : [ 70%] Meshing curve 727 (Line)
Info    : [ 70%] Meshing curve 728 (Line)
Info    : [ 70%] Meshing curve 729 (Circle)
Info    : [ 70%] Meshing curve 730 (Line)
Info    : [ 70%] Meshing curve 731 (Line)
Info    : [ 70%] Meshing curve 732 (Line)
Info    : [ 70%] Meshing curve 733 (Line)
Info    : [ 80%] Meshing curve 734 (Line)
Info    : [ 80%] Meshing curve 735 (Line)
Info    : [ 80%] Meshing curve 736 (Line)
Info    : [ 80%] Meshing curve 737 (Circle)
Info    : [ 80%] Meshing curve 738 (Line)
Info    : [ 80%] Meshing curve 739 (Circle)
Info    : [ 80%] Meshing curve 740 (Line)
Info    : [ 80%] Meshing curve 741 (Circle)
Info    : [ 80%] Meshing curve 742 (Line)
Info    : [ 80%] Meshing curve 743 (Circle)
Info    : [ 80%] Meshing curve 744 (Line)
Info    : [ 80%] Meshing curve 745 (Circle)
Info    : [ 80%] Meshing curve 746 (Line)
Info    : [ 80%] Meshing curve 747 (Circle)
Info    : [ 80%] Meshing curve 748 (Line)
Info    : [ 80%] Meshing curve 749 (Line)
Info    : [ 80%] Meshing curve 750 (Circle)
Info    : [ 80%] Meshing curve 751 (Line)
Info    : [ 80%] Meshing curve 752 (Circle)
Info    : [ 80%] Meshing curve 753 (Circle)
Info    : [ 80%] Meshing curve 754 (Circle)
Info    : [ 80%] Meshing curve 755 (Circle)
Info    : [ 80%] Meshing curve 756 (Circle)
Info    : [ 80%] Meshing curve 757 (Circle)
Info    : [ 80%] Meshing curve 758 (Circle)
Info    : [ 80%] Meshing curve 759 (Circle)
Info    : [ 80%] Meshing curve 760 (Circle)
Info    : [ 80%] Meshing curve 761 (Circle)
Info    : [ 80%] Meshing curve 762 (Circle)
Info    : [ 80%] Meshing curve 763 (Circle)
Info    : [ 90%] Meshing curve 764 (Line)
Info    : [ 90%] Meshing curve 765 (Line)
Info    : [ 90%] Meshing curve 766 (Line)
Info    : [ 90%] Meshing curve 767 (Line)
Info    : [ 90%] Meshing curve 768 (Line)
Info    : [ 90%] Meshing curve 769 (Circle)
Info    : [ 90%] Meshing curve 770 (Line)
Info    : [ 90%] Meshing curve 771 (Line)
Info    : [ 90%] Meshing curve 772 (Line)
Info    : [ 90%] Meshing curve 773 (Circle)
Info    : [ 90%] Meshing curve 774 (Line)
Info    : [ 90%] Meshing curve 775 (Circle)
Info    : [ 90%] Meshing curve 776 (Line)
Info    : [ 90%] Meshing curve 777 (Circle)
Info    : [ 90%] Meshing curve 778 (Line)
Info    : [ 90%] Meshing curve 779 (Circle)
Info    : [ 90%] Meshing curve 780 (Line)
Info    : [ 90%] Meshing curve 781 (Circle)
Info    : [ 90%] Meshing curve 782 (Line)
Info    : [ 90%] Meshing curve 783 (Circle)
Info    : [ 90%] Meshing curve 784 (Line)
Info    : [ 90%] Meshing curve 785 (Line)
Info    : [ 90%] Meshing curve 786 (Line)
Info    : [ 90%] Meshing curve 787 (Line)
Info    : [ 90%] Meshing curve 788 (Line)
Info    : [ 90%] Meshing curve 789 (Line)
Info    : [ 90%] Meshing curve 790 (Line)
Info    : [ 90%] Meshing curve 791 (Line)
Info    : [ 90%] Meshing curve 792 (Line)
Info    : [ 90%] Meshing curve 793 (Line)
Info    : [100%] Meshing curve 794 (Line)
Info    : [100%] Meshing curve 795 (Line)
Info    : [100%] Meshing curve 796 (Line)
Info    : [100%] Meshing curve 797 (Line)
Info    : [100%] Meshing curve 798 (Line)
Info    : [100%] Meshing curve 799 (Line)
Info    : [100%] Meshing curve 800 (Line)
Info    : [100%] Meshing curve 801 (Line)
Info    : [100%] Meshing curve 802 (Line)
Info    : [100%] Meshing curve 803 (Line)
Info    : [100%] Meshing curve 804 (Line)
Info    : [100%] Meshing curve 805 (Line)
Info    : [100%] Meshing curve 806 (Line)
Info    : [100%] Meshing curve 807 (Line)
Info    : [100%] Meshing curve 808 (Line)
Info    : [100%] Meshing curve 809 (Line)
Info    : [100%] Meshing curve 810 (Line)
Info    : [100%] Meshing curve 811 (Line)
Info    : [100%] Meshing curve 812 (Line)
Info    : [100%] Meshing curve 813 (Line)
Info    : [100%] Meshing curve 814 (Line)
Info    : [100%] Meshing curve 815 (Line)
Info    : [100%] Meshing curve 816 (Line)
Info    : [100%] Meshing curve 817 (Line)
Info    : [100%] Meshing curve 818 (Line)
Info    : [100%] Meshing curve 819 (Line)
Info    : [100%] Meshing curve 820 (Line)
Info    : [100%] Meshing curve 821 (Line)
Info    : [100%] Meshing curve 822 (Line)
Info    : [100%] Meshing curve 823 (Line)
Info    : Done meshing 1D (Wall 0.103807s, CPU 0.100804s)
Info    : Meshing 2D...
Info    : [  0%] Meshing surface 309 (Plane, Frontal-Delaunay)
Info    : [ 10%] Meshing surface 310 (Plane, Frontal-Delaunay)
Info    : [ 10%] Meshing surface 311 (Plane, Frontal-Delaunay)
Info    : [ 10%] Meshing surface 312 (Plane, Frontal-Delaunay)
Info    : [ 10%] Meshing surface 313 (Plane, Frontal-Delaunay)
Info    : [ 10%] Meshing surface 314 (Plane, Frontal-Delaunay)
Info    : [ 10%] Meshing surface 315 (Plane, Frontal-Delaunay)
Info    : [ 10%] Meshing surface 316 (Plane, Frontal-Delaunay)
Info    : [ 10%] Meshing surface 317 (Plane, Frontal-Delaunay)
Info    : [ 10%] Meshing surface 318 (Plane, Frontal-Delaunay)
Info    : [ 10%] Meshing surface 319 (Plane, Frontal-Delaunay)
Info    : [ 10%] Meshing surface 320 (Plane, Frontal-Delaunay)
Info    : [ 10%] Meshing surface 321 (Plane, Frontal-Delaunay)
Info    : [ 10%] Meshing surface 322 (Plane, Frontal-Delaunay)
Info    : [ 10%] Meshing surface 323 (Plane, Frontal-Delaunay)
Info    : [ 20%] Meshing surface 324 (Plane, Frontal-Delaunay)
Info    : [ 20%] Meshing surface 325 (Plane, Frontal-Delaunay)
Info    : [ 20%] Meshing surface 326 (Plane, Frontal-Delaunay)
Info    : [ 20%] Meshing surface 327 (Plane, Frontal-Delaunay)
Info    : [ 20%] Meshing surface 328 (Plane, Frontal-Delaunay)
Info    : [ 20%] Meshing surface 329 (Plane, Frontal-Delaunay)
Info    : [ 20%] Meshing surface 330 (Plane, Frontal-Delaunay)
Info    : [ 20%] Meshing surface 331 (Plane, Frontal-Delaunay)
Info    : [ 20%] Meshing surface 332 (Plane, Frontal-Delaunay)
Info    : [ 20%] Meshing surface 333 (Plane, Frontal-Delaunay)
Info    : [ 20%] Meshing surface 334 (Plane, Frontal-Delaunay)
Info    : [ 20%] Meshing surface 335 (Plane, Frontal-Delaunay)
Info    : [ 20%] Meshing surface 336 (Cylinder, Frontal-Delaunay)
Info    : [ 20%] Meshing surface 337 (Plane, Frontal-Delaunay)
Info    : [ 20%] Meshing surface 338 (Plane, Frontal-Delaunay)
Info    : [ 30%] Meshing surface 339 (Cylinder, Frontal-Delaunay)
Info    : [ 30%] Meshing surface 340 (Cylinder, Frontal-Delaunay)
Info    : [ 30%] Meshing surface 341 (Plane, Frontal-Delaunay)
Info    : [ 30%] Meshing surface 342 (Unknown, Frontal-Delaunay)
Info    : [ 30%] Meshing surface 343 (Plane, Frontal-Delaunay)
Info    : [ 30%] Meshing surface 344 (Cylinder, Frontal-Delaunay)
Info    : [ 30%] Meshing surface 345 (Plane, Frontal-Delaunay)
Info    : [ 30%] Meshing surface 346 (Plane, Frontal-Delaunay)
Info    : [ 30%] Meshing surface 347 (Cylinder, Frontal-Delaunay)
Info    : [ 30%] Meshing surface 348 (Plane, Frontal-Delaunay)
Info    : [ 30%] Meshing surface 349 (Plane, Frontal-Delaunay)
Info    : [ 30%] Meshing surface 350 (Cylinder, Frontal-Delaunay)
Info    : [ 30%] Meshing surface 351 (Plane, Frontal-Delaunay)
Info    : [ 30%] Meshing surface 352 (Plane, Frontal-Delaunay)
Info    : [ 40%] Meshing surface 353 (Plane, Frontal-Delaunay)
Info    : [ 40%] Meshing surface 354 (Cylinder, Frontal-Delaunay)
Info    : [ 40%] Meshing surface 355 (Cylinder, Frontal-Delaunay)
Info    : [ 40%] Meshing surface 356 (Cylinder, Frontal-Delaunay)
Info    : [ 40%] Meshing surface 357 (Cylinder, Frontal-Delaunay)
Info    : [ 40%] Meshing surface 358 (Cylinder, Frontal-Delaunay)
Info    : [ 40%] Meshing surface 359 (Cylinder, Frontal-Delaunay)
Info    : [ 40%] Meshing surface 360 (Plane, Frontal-Delaunay)
Info    : [ 40%] Meshing surface 361 (Plane, Frontal-Delaunay)
Info    : [ 40%] Meshing surface 362 (Cylinder, Frontal-Delaunay)
Info    : [ 40%] Meshing surface 363 (Plane, Frontal-Delaunay)
Info    : [ 40%] Meshing surface 364 (Plane, Frontal-Delaunay)
Info    : [ 40%] Meshing surface 365 (Unknown, Frontal-Delaunay)
Info    : [ 40%] Meshing surface 366 (Plane, Frontal-Delaunay)
Info    : [ 40%] Meshing surface 367 (Plane, Frontal-Delaunay)
Info    : [ 50%] Meshing surface 368 (Plane, Frontal-Delaunay)
Info    : [ 50%] Meshing surface 369 (Plane, Frontal-Delaunay)
Info    : [ 50%] Meshing surface 370 (Plane, Frontal-Delaunay)
Info    : [ 50%] Meshing surface 371 (Cylinder, Frontal-Delaunay)
Info    : [ 50%] Meshing surface 372 (Cylinder, Frontal-Delaunay)
Info    : [ 50%] Meshing surface 373 (Cylinder, Frontal-Delaunay)
Info    : [ 50%] Meshing surface 374 (Cylinder, Frontal-Delaunay)
Info    : [ 50%] Meshing surface 375 (Cylinder, Frontal-Delaunay)
Info    : [ 50%] Meshing surface 376 (Cylinder, Frontal-Delaunay)
Info    : [ 50%] Meshing surface 377 (Plane, Frontal-Delaunay)
Info    : [ 50%] Meshing surface 378 (Plane, Frontal-Delaunay)
Info    : [ 50%] Meshing surface 379 (Plane, Frontal-Delaunay)
Info    : [ 50%] Meshing surface 380 (Plane, Frontal-Delaunay)
Info    : [ 50%] Meshing surface 381 (Plane, Frontal-Delaunay)
Info    : [ 60%] Meshing surface 382 (Plane, Frontal-Delaunay)
Info    : [ 60%] Meshing surface 383 (Plane, Frontal-Delaunay)
Info    : [ 60%] Meshing surface 384 (Plane, Frontal-Delaunay)
Info    : [ 60%] Meshing surface 385 (Plane, Frontal-Delaunay)
Info    : [ 60%] Meshing surface 386 (Plane, Frontal-Delaunay)
Info    : [ 60%] Meshing surface 387 (Plane, Frontal-Delaunay)
Info    : [ 60%] Meshing surface 388 (Plane, Frontal-Delaunay)
Info    : [ 60%] Meshing surface 389 (Plane, Frontal-Delaunay)
Info    : [ 60%] Meshing surface 390 (Plane, Frontal-Delaunay)
Info    : [ 60%] Meshing surface 391 (Plane, Frontal-Delaunay)
Info    : [ 60%] Meshing surface 392 (Plane, Frontal-Delaunay)
Info    : [ 60%] Meshing surface 393 (Plane, Frontal-Delaunay)
Info    : [ 60%] Meshing surface 394 (Plane, Frontal-Delaunay)
Info    : [ 60%] Meshing surface 395 (Cylinder, Frontal-Delaunay)
Info    : [ 60%] Meshing surface 396 (Plane, Frontal-Delaunay)
Info    : [ 70%] Meshing surface 397 (Plane, Frontal-Delaunay)
Info    : [ 70%] Meshing surface 398 (Plane, Frontal-Delaunay)
Info    : [ 70%] Meshing surface 399 (Cylinder, Frontal-Delaunay)
Info    : [ 70%] Meshing surface 400 (Cylinder, Frontal-Delaunay)
Info    : [ 70%] Meshing surface 401 (Cylinder, Frontal-Delaunay)
Info    : [ 70%] Meshing surface 402 (Cylinder, Frontal-Delaunay)
Info    : [ 70%] Meshing surface 403 (Cylinder, Frontal-Delaunay)
Info    : [ 70%] Meshing surface 404 (Cylinder, Frontal-Delaunay)
Info    : [ 70%] Meshing surface 405 (Plane, Frontal-Delaunay)
Info    : [ 70%] Meshing surface 406 (Plane, Frontal-Delaunay)
Info    : [ 70%] Meshing surface 407 (Plane, Frontal-Delaunay)
Info    : [ 70%] Meshing surface 408 (Plane, Frontal-Delaunay)
Info    : [ 70%] Meshing surface 409 (Plane, Frontal-Delaunay)
Info    : [ 70%] Meshing surface 410 (Plane, Frontal-Delaunay)
Info    : [ 70%] Meshing surface 411 (Plane, Frontal-Delaunay)
Info    : [ 80%] Meshing surface 412 (Plane, Frontal-Delaunay)
Info    : [ 80%] Meshing surface 413 (Plane, Frontal-Delaunay)
Info    : [ 80%] Meshing surface 414 (Plane, Frontal-Delaunay)
Info    : [ 80%] Meshing surface 415 (Cylinder, Frontal-Delaunay)
Info    : [ 80%] Meshing surface 416 (Plane, Frontal-Delaunay)
Info    : [ 80%] Meshing surface 417 (Cylinder, Frontal-Delaunay)
Info    : [ 80%] Meshing surface 418 (Cylinder, Frontal-Delaunay)
Info    : [ 80%] Meshing surface 419 (Cylinder, Frontal-Delaunay)
Info    : [ 80%] Meshing surface 420 (Cylinder, Frontal-Delaunay)
Info    : [ 80%] Meshing surface 421 (Cylinder, Frontal-Delaunay)
Info    : [ 80%] Meshing surface 422 (Cylinder, Frontal-Delaunay)
Info    : [ 80%] Meshing surface 423 (Plane, Frontal-Delaunay)
Info    : [ 80%] Meshing surface 424 (Plane, Frontal-Delaunay)
Info    : [ 80%] Meshing surface 425 (Plane, Frontal-Delaunay)
Info    : [ 90%] Meshing surface 426 (Plane, Frontal-Delaunay)
Info    : [ 90%] Meshing surface 427 (Plane, Frontal-Delaunay)
Info    : [ 90%] Meshing surface 428 (Plane, Frontal-Delaunay)
Info    : [ 90%] Meshing surface 429 (Plane, Frontal-Delaunay)
Info    : [ 90%] Meshing surface 430 (Plane, Frontal-Delaunay)
Info    : [ 90%] Meshing surface 431 (Cylinder, Frontal-Delaunay)
Info    : [ 90%] Meshing surface 432 (Cylinder, Frontal-Delaunay)
Info    : [ 90%] Meshing surface 433 (Cylinder, Frontal-Delaunay)
Info    : [ 90%] Meshing surface 434 (Cylinder, Frontal-Delaunay)
Info    : [ 90%] Meshing surface 435 (Cylinder, Frontal-Delaunay)
Info    : [ 90%] Meshing surface 436 (Cylinder, Frontal-Delaunay)
Info    : [ 90%] Meshing surface 437 (Cylinder, Frontal-Delaunay)
Info    : [ 90%] Meshing surface 438 (Cylinder, Frontal-Delaunay)
Info    : [ 90%] Meshing surface 439 (Cylinder, Frontal-Delaunay)
Info    : [ 90%] Meshing surface 440 (Cylinder, Frontal-Delaunay)
Info    : [100%] Meshing surface 441 (Cylinder, Frontal-Delaunay)
Info    : [100%] Meshing surface 442 (Cylinder, Frontal-Delaunay)
Info    : [100%] Meshing surface 443 (Cylinder, Frontal-Delaunay)
Info    : [100%] Meshing surface 444 (Cylinder, Frontal-Delaunay)
Info    : [100%] Meshing surface 445 (Cylinder, Frontal-Delaunay)
Info    : [100%] Meshing surface 446 (Cylinder, Frontal-Delaunay)
Info    : [100%] Meshing surface 447 (Cylinder, Frontal-Delaunay)
Info    : [100%] Meshing surface 448 (Cylinder, Frontal-Delaunay)
Info    : [100%] Meshing surface 449 (Cylinder, Frontal-Delaunay)
Info    : [100%] Meshing surface 450 (Cylinder, Frontal-Delaunay)
Info    : [100%] Meshing surface 451 (Cylinder, Frontal-Delaunay)
Info    : [100%] Meshing surface 452 (Cylinder, Frontal-Delaunay)
Info    : [100%] Meshing surface 453 (Cylinder, Frontal-Delaunay)
Info    : [100%] Meshing surface 454 (Cylinder, Frontal-Delaunay)
Info    : Done meshing 2D (Wall 8.33497s, CPU 8.20419s)
Info    : Meshing 3D...
Info    : 3D Meshing 19 volumes with 1 connected component
Info    : Tetrahedrizing 317208 nodes...
Info    : Done tetrahedrizing 317216 nodes (Wall 9.03707s, CPU 8.91891s)
Info    : Reconstructing mesh...
Info    :  - Creating surface mesh
Info    :  - Identifying boundary edges
Info    :  - Recovering boundary
Info    :  - Added 14 Steiner points
Info    : Done reconstructing mesh (Wall 17.8674s, CPU 17.4141s)
Info    : Found volume 10182
Info    : Found volume 10220
Info    : Found volume 10219
Info    : Found volume 1
Info    : Found volume 2
Info    : Found volume 10203
Info    : Found volume 10195
Info    : Found volume 10205
Info    : Found volume 10213
Info    : Found volume 10201
Info    : Found volume 10209
Info    : Found volume 10197
Info    : Found volume 10217
Info    : Found volume 10215
Info    : Found volume 3
Info    : Found volume 10199
Info    : Found volume 10207
Info    : Found volume 10211
Info    : Found volume 4
Info    : It. 0 - 0 nodes created - worst tet radius 22.6378 (nodes removed 0 0)
Info    : It. 500 - 475 nodes created - worst tet radius 10.5421 (nodes removed 0 25)
Info    : It. 1000 - 916 nodes created - worst tet radius 8.3645 (nodes removed 0 84)
Info    : It. 1500 - 1416 nodes created - worst tet radius 7.18622 (nodes removed 0 84)
Info    : It. 2000 - 1916 nodes created - worst tet radius 6.40628 (nodes removed 0 84)
Info    : It. 2500 - 2416 nodes created - worst tet radius 5.90016 (nodes removed 0 84)
Info    : It. 3000 - 2916 nodes created - worst tet radius 5.53876 (nodes removed 0 84)
Info    : It. 3500 - 3416 nodes created - worst tet radius 5.25738 (nodes removed 0 84)
Info    : It. 4000 - 3916 nodes created - worst tet radius 5.03409 (nodes removed 0 84)
Info    : It. 4500 - 4416 nodes created - worst tet radius 4.84529 (nodes removed 0 84)
Info    : It. 5000 - 4916 nodes created - worst tet radius 4.6762 (nodes removed 0 84)
Info    : It. 5500 - 5416 nodes created - worst tet radius 4.5192 (nodes removed 0 84)
Info    : It. 6000 - 5916 nodes created - worst tet radius 4.38852 (nodes removed 0 84)
Info    : It. 6500 - 6416 nodes created - worst tet radius 4.28183 (nodes removed 0 84)
Info    : It. 7000 - 6916 nodes created - worst tet radius 4.17198 (nodes removed 0 84)
Info    : It. 7500 - 7416 nodes created - worst tet radius 4.06842 (nodes removed 0 84)
Info    : It. 8000 - 7916 nodes created - worst tet radius 3.98494 (nodes removed 0 84)
Info    : It. 8500 - 8416 nodes created - worst tet radius 3.9169 (nodes removed 0 84)
Info    : It. 9000 - 8916 nodes created - worst tet radius 3.8431 (nodes removed 0 84)
Info    : It. 9500 - 9416 nodes created - worst tet radius 3.77018 (nodes removed 0 84)
Info    : It. 10000 - 9916 nodes created - worst tet radius 3.77588 (nodes removed 0 84)
Info    : It. 10500 - 10416 nodes created - worst tet radius 3.64519 (nodes removed 0 84)
Info    : It. 11000 - 10916 nodes created - worst tet radius 3.60583 (nodes removed 0 84)
Info    : It. 11500 - 11416 nodes created - worst tet radius 3.56977 (nodes removed 0 84)
Info    : It. 12000 - 11916 nodes created - worst tet radius 3.52143 (nodes removed 0 84)
Info    : It. 12500 - 12416 nodes created - worst tet radius 3.48316 (nodes removed 0 84)
Info    : It. 13000 - 12916 nodes created - worst tet radius 3.43586 (nodes removed 0 84)
Info    : It. 13500 - 13416 nodes created - worst tet radius 3.3839 (nodes removed 0 84)
Info    : It. 14000 - 13916 nodes created - worst tet radius 3.34085 (nodes removed 0 84)
Info    : It. 14500 - 14416 nodes created - worst tet radius 3.30693 (nodes removed 0 84)
Info    : It. 15000 - 14916 nodes created - worst tet radius 3.27563 (nodes removed 0 84)
Info    : It. 15500 - 15416 nodes created - worst tet radius 3.23975 (nodes removed 0 84)
Info    : It. 16000 - 15916 nodes created - worst tet radius 3.29223 (nodes removed 0 84)
Info    : It. 16500 - 16416 nodes created - worst tet radius 3.18115 (nodes removed 0 84)
Info    : It. 17000 - 16916 nodes created - worst tet radius 3.15589 (nodes removed 0 84)
Info    : It. 17500 - 17416 nodes created - worst tet radius 3.12975 (nodes removed 0 84)
Info    : It. 18000 - 17916 nodes created - worst tet radius 3.10472 (nodes removed 0 84)
Info    : It. 18500 - 18416 nodes created - worst tet radius 3.07973 (nodes removed 0 84)
Info    : It. 19000 - 18916 nodes created - worst tet radius 3.05551 (nodes removed 0 84)
Info    : It. 19500 - 19399 nodes created - worst tet radius 3.05505 (nodes removed 0 101)
Info    : It. 20000 - 19897 nodes created - worst tet radius 3.05505 (nodes removed 0 103)
Info    : It. 20500 - 20395 nodes created - worst tet radius 3.05505 (nodes removed 0 105)
Info    : It. 21000 - 20891 nodes created - worst tet radius 3.05505 (nodes removed 0 109)
Info    : It. 21500 - 21387 nodes created - worst tet radius 3.05505 (nodes removed 0 113)
Info    : It. 22000 - 21887 nodes created - worst tet radius 3.05505 (nodes removed 0 113)
Info    : It. 22500 - 22386 nodes created - worst tet radius 3.04409 (nodes removed 0 114)
Info    : It. 23000 - 22886 nodes created - worst tet radius 3.02344 (nodes removed 0 114)
Info    : It. 23500 - 23386 nodes created - worst tet radius 3.00502 (nodes removed 0 114)
Info    : It. 24000 - 23886 nodes created - worst tet radius 2.98368 (nodes removed 0 114)
Info    : It. 24500 - 24386 nodes created - worst tet radius 2.96164 (nodes removed 0 114)
Info    : It. 25000 - 24886 nodes created - worst tet radius 2.94048 (nodes removed 0 114)
Info    : It. 25500 - 25386 nodes created - worst tet radius 2.92099 (nodes removed 0 114)
Info    : It. 26000 - 25886 nodes created - worst tet radius 2.90195 (nodes removed 0 114)
Info    : It. 26500 - 26386 nodes created - worst tet radius 2.88411 (nodes removed 0 114)
Info    : It. 27000 - 26886 nodes created - worst tet radius 2.86518 (nodes removed 0 114)
Info    : It. 27500 - 27386 nodes created - worst tet radius 2.84764 (nodes removed 0 114)
Info    : It. 28000 - 27886 nodes created - worst tet radius 2.8296 (nodes removed 0 114)
Info    : It. 28500 - 28386 nodes created - worst tet radius 2.81299 (nodes removed 0 114)
Info    : It. 29000 - 28886 nodes created - worst tet radius 2.79721 (nodes removed 0 114)
Info    : It. 29500 - 29386 nodes created - worst tet radius 2.7807 (nodes removed 0 114)
Info    : It. 30000 - 29886 nodes created - worst tet radius 2.76606 (nodes removed 0 114)
Info    : It. 30500 - 30386 nodes created - worst tet radius 2.75051 (nodes removed 0 114)
Info    : It. 31000 - 30886 nodes created - worst tet radius 2.73465 (nodes removed 0 114)
Info    : It. 31500 - 31386 nodes created - worst tet radius 2.71948 (nodes removed 0 114)
Info    : It. 32000 - 31886 nodes created - worst tet radius 2.70593 (nodes removed 0 114)
Info    : It. 32500 - 32386 nodes created - worst tet radius 2.69044 (nodes removed 0 114)
Info    : It. 33000 - 32886 nodes created - worst tet radius 2.67639 (nodes removed 0 114)
Info    : It. 33500 - 33386 nodes created - worst tet radius 2.66384 (nodes removed 0 114)
Info    : It. 34000 - 33886 nodes created - worst tet radius 2.64937 (nodes removed 0 114)
Info    : It. 34500 - 34386 nodes created - worst tet radius 2.63585 (nodes removed 0 114)
Info    : It. 35000 - 34886 nodes created - worst tet radius 2.62436 (nodes removed 0 114)
Info    : It. 35500 - 35386 nodes created - worst tet radius 2.61196 (nodes removed 0 114)
Info    : It. 36000 - 35886 nodes created - worst tet radius 2.60037 (nodes removed 0 114)
Info    : It. 36500 - 36386 nodes created - worst tet radius 2.58862 (nodes removed 0 114)
Info    : It. 37000 - 36886 nodes created - worst tet radius 2.57679 (nodes removed 0 114)
Info    : It. 37500 - 37386 nodes created - worst tet radius 2.56537 (nodes removed 0 114)
Info    : It. 38000 - 37886 nodes created - worst tet radius 2.55373 (nodes removed 0 114)
Info    : It. 38500 - 38386 nodes created - worst tet radius 2.54161 (nodes removed 0 114)
Info    : It. 39000 - 38886 nodes created - worst tet radius 2.53097 (nodes removed 0 114)
Info    : It. 39500 - 39386 nodes created - worst tet radius 2.52053 (nodes removed 0 114)
Info    : It. 40000 - 39886 nodes created - worst tet radius 2.50986 (nodes removed 0 114)
Info    : It. 40500 - 40386 nodes created - worst tet radius 2.49841 (nodes removed 0 114)
Info    : It. 41000 - 40886 nodes created - worst tet radius 2.48792 (nodes removed 0 114)
Info    : It. 41500 - 41386 nodes created - worst tet radius 2.47797 (nodes removed 0 114)
Info    : It. 42000 - 41886 nodes created - worst tet radius 2.46743 (nodes removed 0 114)
Info    : It. 42500 - 42386 nodes created - worst tet radius 2.45848 (nodes removed 0 114)
Info    : It. 43000 - 42886 nodes created - worst tet radius 2.44896 (nodes removed 0 114)
Info    : It. 43500 - 43386 nodes created - worst tet radius 2.44106 (nodes removed 0 114)
Info    : It. 44000 - 43886 nodes created - worst tet radius 2.52492 (nodes removed 0 114)
Info    : It. 44500 - 44386 nodes created - worst tet radius 2.42428 (nodes removed 0 114)
Info    : It. 45000 - 44886 nodes created - worst tet radius 2.41478 (nodes removed 0 114)
Info    : It. 45500 - 45386 nodes created - worst tet radius 2.40793 (nodes removed 0 114)
Info    : It. 46000 - 45886 nodes created - worst tet radius 2.3994 (nodes removed 0 114)
Info    : It. 46500 - 46386 nodes created - worst tet radius 2.39037 (nodes removed 0 114)
Info    : It. 47000 - 46886 nodes created - worst tet radius 2.3827 (nodes removed 0 114)
Info    : It. 47500 - 47386 nodes created - worst tet radius 2.37397 (nodes removed 0 114)
Info    : It. 48000 - 47886 nodes created - worst tet radius 2.36632 (nodes removed 0 114)
Info    : It. 48500 - 48386 nodes created - worst tet radius 2.35926 (nodes removed 0 114)
Info    : It. 49000 - 48886 nodes created - worst tet radius 2.3517 (nodes removed 0 114)
Info    : It. 49500 - 49386 nodes created - worst tet radius 2.34427 (nodes removed 0 114)
Info    : It. 50000 - 49886 nodes created - worst tet radius 2.33736 (nodes removed 0 114)
Info    : It. 50500 - 50386 nodes created - worst tet radius 2.33048 (nodes removed 0 114)
Info    : It. 51000 - 50886 nodes created - worst tet radius 2.32287 (nodes removed 0 114)
Info    : It. 51500 - 51386 nodes created - worst tet radius 2.31554 (nodes removed 0 114)
Info    : It. 52000 - 51886 nodes created - worst tet radius 2.30967 (nodes removed 0 114)
Info    : It. 52500 - 52386 nodes created - worst tet radius 2.30265 (nodes removed 0 114)
Info    : It. 53000 - 52886 nodes created - worst tet radius 2.29577 (nodes removed 0 114)
Info    : It. 53500 - 53386 nodes created - worst tet radius 2.2888 (nodes removed 0 114)
Info    : It. 54000 - 53886 nodes created - worst tet radius 2.28202 (nodes removed 0 114)
Info    : It. 54500 - 54386 nodes created - worst tet radius 2.27544 (nodes removed 0 114)
Info    : It. 55000 - 54886 nodes created - worst tet radius 2.26867 (nodes removed 0 114)
Info    : It. 55500 - 55386 nodes created - worst tet radius 2.2622 (nodes removed 0 114)
Info    : It. 56000 - 55886 nodes created - worst tet radius 2.26973 (nodes removed 0 114)
Info    : It. 56500 - 56386 nodes created - worst tet radius 2.24999 (nodes removed 0 114)
Info    : It. 57000 - 56886 nodes created - worst tet radius 2.24345 (nodes removed 0 114)
Info    : It. 57500 - 57386 nodes created - worst tet radius 2.23726 (nodes removed 0 114)
Info    : It. 58000 - 57886 nodes created - worst tet radius 2.23129 (nodes removed 0 114)
Info    : It. 58500 - 58386 nodes created - worst tet radius 2.22483 (nodes removed 0 114)
Info    : It. 59000 - 58884 nodes created - worst tet radius 2.22036 (nodes removed 0 116)
Info    : It. 59500 - 59384 nodes created - worst tet radius 2.21427 (nodes removed 0 116)
Info    : It. 60000 - 59884 nodes created - worst tet radius 2.20803 (nodes removed 0 116)
Info    : It. 60500 - 60384 nodes created - worst tet radius 2.20311 (nodes removed 0 116)
Info    : It. 61000 - 60884 nodes created - worst tet radius 2.19769 (nodes removed 0 116)
Info    : It. 61500 - 61384 nodes created - worst tet radius 2.19266 (nodes removed 0 116)
Info    : It. 62000 - 61884 nodes created - worst tet radius 2.18713 (nodes removed 0 116)
Info    : It. 62500 - 62384 nodes created - worst tet radius 2.18176 (nodes removed 0 116)
Info    : It. 63000 - 62884 nodes created - worst tet radius 2.17618 (nodes removed 0 116)
Info    : It. 63500 - 63384 nodes created - worst tet radius 2.17026 (nodes removed 0 116)
Info    : It. 64000 - 63884 nodes created - worst tet radius 2.1646 (nodes removed 0 116)
Info    : It. 64500 - 64384 nodes created - worst tet radius 2.16052 (nodes removed 0 116)
Info    : It. 65000 - 64882 nodes created - worst tet radius 2.15645 (nodes removed 0 118)
Info    : It. 65500 - 65382 nodes created - worst tet radius 2.33978 (nodes removed 0 118)
Info    : It. 66000 - 65882 nodes created - worst tet radius 2.14605 (nodes removed 0 118)
Info    : It. 66500 - 66382 nodes created - worst tet radius 2.14142 (nodes removed 0 118)
Info    : It. 67000 - 66882 nodes created - worst tet radius 2.13669 (nodes removed 0 118)
Info    : It. 67500 - 67382 nodes created - worst tet radius 2.13177 (nodes removed 0 118)
Info    : It. 68000 - 67882 nodes created - worst tet radius 2.12724 (nodes removed 0 118)
Info    : It. 68500 - 68382 nodes created - worst tet radius 2.12299 (nodes removed 0 118)
Info    : It. 69000 - 68882 nodes created - worst tet radius 2.1209 (nodes removed 0 118)
Info    : It. 69500 - 69382 nodes created - worst tet radius 2.11637 (nodes removed 0 118)
Info    : It. 70000 - 69882 nodes created - worst tet radius 2.11223 (nodes removed 0 118)
Info    : It. 70500 - 70382 nodes created - worst tet radius 2.10802 (nodes removed 0 118)
Info    : It. 71000 - 70882 nodes created - worst tet radius 2.10375 (nodes removed 0 118)
Info    : It. 71500 - 71382 nodes created - worst tet radius 2.09913 (nodes removed 0 118)
Info    : It. 72000 - 71882 nodes created - worst tet radius 2.09492 (nodes removed 0 118)
Info    : It. 72500 - 72382 nodes created - worst tet radius 2.09063 (nodes removed 0 118)
Info    : It. 73000 - 72882 nodes created - worst tet radius 2.08688 (nodes removed 0 118)
Info    : It. 73500 - 73382 nodes created - worst tet radius 2.08306 (nodes removed 0 118)
Info    : It. 74000 - 73882 nodes created - worst tet radius 2.07951 (nodes removed 0 118)
Info    : It. 74500 - 74382 nodes created - worst tet radius 2.07592 (nodes removed 0 118)
Info    : It. 75000 - 74882 nodes created - worst tet radius 2.07202 (nodes removed 0 118)
Info    : It. 75500 - 75382 nodes created - worst tet radius 2.06815 (nodes removed 0 118)
Info    : It. 76000 - 75882 nodes created - worst tet radius 2.09479 (nodes removed 0 118)
Info    : It. 76500 - 76382 nodes created - worst tet radius 2.06053 (nodes removed 0 118)
Info    : It. 77000 - 76882 nodes created - worst tet radius 2.05679 (nodes removed 0 118)
Info    : It. 77500 - 77382 nodes created - worst tet radius 2.05324 (nodes removed 0 118)
Info    : It. 78000 - 77882 nodes created - worst tet radius 2.04974 (nodes removed 0 118)
Info    : It. 78500 - 78382 nodes created - worst tet radius 2.04623 (nodes removed 0 118)
Info    : It. 79000 - 78882 nodes created - worst tet radius 2.04251 (nodes removed 0 118)
Info    : It. 79500 - 79382 nodes created - worst tet radius 2.03924 (nodes removed 0 118)
Info    : It. 80000 - 79882 nodes created - worst tet radius 2.03557 (nodes removed 0 118)
Info    : It. 80500 - 80381 nodes created - worst tet radius 2.03248 (nodes removed 0 119)
Info    : It. 81000 - 80881 nodes created - worst tet radius 2.02907 (nodes removed 0 119)
Info    : It. 81500 - 81381 nodes created - worst tet radius 2.02625 (nodes removed 0 119)
Info    : It. 82000 - 81881 nodes created - worst tet radius 2.02296 (nodes removed 0 119)
Info    : It. 82500 - 82381 nodes created - worst tet radius 2.02 (nodes removed 0 119)
Info    : It. 83000 - 82881 nodes created - worst tet radius 2.01673 (nodes removed 0 119)
Info    : It. 83500 - 83381 nodes created - worst tet radius 2.01301 (nodes removed 0 119)
Info    : It. 84000 - 83881 nodes created - worst tet radius 2.00976 (nodes removed 0 119)
Info    : It. 84500 - 84381 nodes created - worst tet radius 2.0063 (nodes removed 0 119)
Info    : It. 85000 - 84881 nodes created - worst tet radius 2.00316 (nodes removed 0 119)
Info    : It. 85500 - 85381 nodes created - worst tet radius 2.00056 (nodes removed 0 119)
Info    : It. 86000 - 85881 nodes created - worst tet radius 1.99746 (nodes removed 0 119)
Info    : It. 86500 - 86381 nodes created - worst tet radius 1.99444 (nodes removed 0 119)
Info    : It. 87000 - 86881 nodes created - worst tet radius 1.99173 (nodes removed 0 119)
Info    : It. 87500 - 87381 nodes created - worst tet radius 1.98882 (nodes removed 0 119)
Info    : It. 88000 - 87881 nodes created - worst tet radius 1.9859 (nodes removed 0 119)
Info    : It. 88500 - 88381 nodes created - worst tet radius 1.98287 (nodes removed 0 119)
Info    : It. 89000 - 88881 nodes created - worst tet radius 1.97977 (nodes removed 0 119)
Info    : It. 89500 - 89381 nodes created - worst tet radius 1.97677 (nodes removed 0 119)
Info    : It. 90000 - 89881 nodes created - worst tet radius 1.97336 (nodes removed 0 119)
Info    : It. 90500 - 90381 nodes created - worst tet radius 1.97027 (nodes removed 0 119)
Info    : It. 91000 - 90881 nodes created - worst tet radius 1.96746 (nodes removed 0 119)
Info    : It. 91500 - 91381 nodes created - worst tet radius 1.96424 (nodes removed 0 119)
Info    : It. 92000 - 91881 nodes created - worst tet radius 1.96133 (nodes removed 0 119)
Info    : It. 92500 - 92381 nodes created - worst tet radius 1.95858 (nodes removed 0 119)
Info    : It. 93000 - 92881 nodes created - worst tet radius 1.95542 (nodes removed 0 119)
Info    : It. 93500 - 93381 nodes created - worst tet radius 1.9522 (nodes removed 0 119)
Info    : It. 94000 - 93881 nodes created - worst tet radius 1.94911 (nodes removed 0 119)
Info    : It. 94500 - 94381 nodes created - worst tet radius 1.94616 (nodes removed 0 119)
Info    : It. 95000 - 94881 nodes created - worst tet radius 1.94318 (nodes removed 0 119)
Info    : It. 95500 - 95381 nodes created - worst tet radius 1.94068 (nodes removed 0 119)
Info    : It. 96000 - 95881 nodes created - worst tet radius 1.93757 (nodes removed 0 119)
Info    : It. 96500 - 96381 nodes created - worst tet radius 1.93465 (nodes removed 0 119)
Info    : It. 97000 - 96881 nodes created - worst tet radius 1.93166 (nodes removed 0 119)
Info    : It. 97500 - 97381 nodes created - worst tet radius 1.92879 (nodes removed 0 119)
Info    : It. 98000 - 97881 nodes created - worst tet radius 1.92592 (nodes removed 0 119)
Info    : It. 98500 - 98381 nodes created - worst tet radius 1.92303 (nodes removed 0 119)
Info    : It. 99000 - 98881 nodes created - worst tet radius 1.92014 (nodes removed 0 119)
Info    : It. 99500 - 99381 nodes created - worst tet radius 1.91739 (nodes removed 0 119)
Info    : It. 100000 - 99881 nodes created - worst tet radius 1.91444 (nodes removed 0 119)
Info    : It. 100500 - 100381 nodes created - worst tet radius 1.91143 (nodes removed 0 119)
Info    : It. 101000 - 100881 nodes created - worst tet radius 1.90851 (nodes removed 0 119)
Info    : It. 101500 - 101381 nodes created - worst tet radius 1.90596 (nodes removed 0 119)
Info    : It. 102000 - 101881 nodes created - worst tet radius 1.90325 (nodes removed 0 119)
Info    : It. 102500 - 102381 nodes created - worst tet radius 1.90058 (nodes removed 0 119)
Info    : It. 103000 - 102881 nodes created - worst tet radius 1.89763 (nodes removed 0 119)
Info    : It. 103500 - 103381 nodes created - worst tet radius 1.89483 (nodes removed 0 119)
Info    : It. 104000 - 103881 nodes created - worst tet radius 1.89179 (nodes removed 0 119)
Info    : It. 104500 - 104381 nodes created - worst tet radius 1.88872 (nodes removed 0 119)
Info    : It. 105000 - 104881 nodes created - worst tet radius 1.88571 (nodes removed 0 119)
Info    : It. 105500 - 105381 nodes created - worst tet radius 1.88288 (nodes removed 0 119)
Info    : It. 106000 - 105881 nodes created - worst tet radius 1.88 (nodes removed 0 119)
Info    : It. 106500 - 106381 nodes created - worst tet radius 1.87704 (nodes removed 0 119)
Info    : It. 107000 - 106881 nodes created - worst tet radius 1.87432 (nodes removed 0 119)
Info    : It. 107500 - 107381 nodes created - worst tet radius 1.87141 (nodes removed 0 119)
Info    : It. 108000 - 107881 nodes created - worst tet radius 1.86864 (nodes removed 0 119)
Info    : It. 108500 - 108381 nodes created - worst tet radius 1.97937 (nodes removed 0 119)
Info    : It. 109000 - 108881 nodes created - worst tet radius 1.8626 (nodes removed 0 119)
Info    : It. 109500 - 109381 nodes created - worst tet radius 1.85972 (nodes removed 0 119)
Info    : It. 110000 - 109881 nodes created - worst tet radius 1.85683 (nodes removed 0 119)
Info    : It. 110500 - 110381 nodes created - worst tet radius 1.85409 (nodes removed 0 119)
Info    : It. 111000 - 110881 nodes created - worst tet radius 1.85125 (nodes removed 0 119)
Info    : It. 111500 - 111381 nodes created - worst tet radius 1.84841 (nodes removed 0 119)
Info    : It. 112000 - 111881 nodes created - worst tet radius 1.84552 (nodes removed 0 119)
Info    : It. 112500 - 112381 nodes created - worst tet radius 1.84288 (nodes removed 0 119)
Info    : It. 113000 - 112881 nodes created - worst tet radius 1.84008 (nodes removed 0 119)
Info    : It. 113500 - 113381 nodes created - worst tet radius 1.83754 (nodes removed 0 119)
Info    : It. 114000 - 113881 nodes created - worst tet radius 1.83489 (nodes removed 0 119)
Info    : It. 114500 - 114381 nodes created - worst tet radius 1.83226 (nodes removed 0 119)
Info    : It. 115000 - 114881 nodes created - worst tet radius 1.82933 (nodes removed 0 119)
Info    : It. 115500 - 115381 nodes created - worst tet radius 1.82653 (nodes removed 0 119)
Info    : It. 116000 - 115881 nodes created - worst tet radius 1.82396 (nodes removed 0 119)
Info    : It. 116500 - 116381 nodes created - worst tet radius 1.8212 (nodes removed 0 119)
Info    : It. 117000 - 116881 nodes created - worst tet radius 1.81868 (nodes removed 0 119)
Info    : It. 117500 - 117381 nodes created - worst tet radius 1.81622 (nodes removed 0 119)
Info    : It. 118000 - 117881 nodes created - worst tet radius 1.81372 (nodes removed 0 119)
Info    : It. 118500 - 118381 nodes created - worst tet radius 1.81107 (nodes removed 0 119)
Info    : It. 119000 - 118881 nodes created - worst tet radius 1.80847 (nodes removed 0 119)
Info    : It. 119500 - 119381 nodes created - worst tet radius 1.80586 (nodes removed 0 119)
Info    : It. 120000 - 119881 nodes created - worst tet radius 1.80348 (nodes removed 0 119)
Info    : It. 120500 - 120381 nodes created - worst tet radius 1.80109 (nodes removed 0 119)
Info    : It. 121000 - 120881 nodes created - worst tet radius 1.79847 (nodes removed 0 119)
Info    : It. 121500 - 121381 nodes created - worst tet radius 1.7961 (nodes removed 0 119)
Info    : It. 122000 - 121881 nodes created - worst tet radius 1.79385 (nodes removed 0 119)
Info    : It. 122500 - 122381 nodes created - worst tet radius 1.79119 (nodes removed 0 119)
Info    : It. 123000 - 122881 nodes created - worst tet radius 1.78875 (nodes removed 0 119)
Info    : It. 123500 - 123381 nodes created - worst tet radius 1.78641 (nodes removed 0 119)
Info    : It. 124000 - 123881 nodes created - worst tet radius 1.78408 (nodes removed 0 119)
Info    : It. 124500 - 124381 nodes created - worst tet radius 1.78172 (nodes removed 0 119)
Info    : It. 125000 - 124881 nodes created - worst tet radius 1.77944 (nodes removed 0 119)
Info    : It. 125500 - 125381 nodes created - worst tet radius 1.77719 (nodes removed 0 119)
Info    : It. 126000 - 125881 nodes created - worst tet radius 1.77474 (nodes removed 0 119)
Info    : It. 126500 - 126381 nodes created - worst tet radius 1.77239 (nodes removed 0 119)
Info    : It. 127000 - 126881 nodes created - worst tet radius 1.76973 (nodes removed 0 119)
Info    : It. 127500 - 127381 nodes created - worst tet radius 1.76759 (nodes removed 0 119)
Info    : It. 128000 - 127881 nodes created - worst tet radius 1.76536 (nodes removed 0 119)
Info    : It. 128500 - 128381 nodes created - worst tet radius 1.7632 (nodes removed 0 119)
Info    : It. 129000 - 128881 nodes created - worst tet radius 1.76104 (nodes removed 0 119)
Info    : It. 129500 - 129381 nodes created - worst tet radius 1.75882 (nodes removed 0 119)
Info    : It. 130000 - 129881 nodes created - worst tet radius 1.75647 (nodes removed 0 119)
Info    : It. 130500 - 130381 nodes created - worst tet radius 1.75419 (nodes removed 0 119)
Info    : It. 131000 - 130881 nodes created - worst tet radius 1.75199 (nodes removed 0 119)
Info    : It. 131500 - 131381 nodes created - worst tet radius 1.74972 (nodes removed 0 119)
Info    : It. 132000 - 131881 nodes created - worst tet radius 1.74738 (nodes removed 0 119)
Info    : It. 132500 - 132381 nodes created - worst tet radius 1.74518 (nodes removed 0 119)
Info    : It. 133000 - 132881 nodes created - worst tet radius 1.74313 (nodes removed 0 119)
Info    : It. 133500 - 133381 nodes created - worst tet radius 1.74103 (nodes removed 0 119)
Info    : It. 134000 - 133881 nodes created - worst tet radius 1.73865 (nodes removed 0 119)
Info    : It. 134500 - 134381 nodes created - worst tet radius 1.73628 (nodes removed 0 119)
Info    : It. 135000 - 134881 nodes created - worst tet radius 1.73418 (nodes removed 0 119)
Info    : It. 135500 - 135381 nodes created - worst tet radius 1.73175 (nodes removed 0 119)
Info    : It. 136000 - 135881 nodes created - worst tet radius 1.72967 (nodes removed 0 119)
Info    : It. 136500 - 136381 nodes created - worst tet radius 1.72772 (nodes removed 0 119)
Info    : It. 137000 - 136881 nodes created - worst tet radius 1.7256 (nodes removed 0 119)
Info    : It. 137500 - 137381 nodes created - worst tet radius 1.72366 (nodes removed 0 119)
Info    : It. 138000 - 137881 nodes created - worst tet radius 1.7216 (nodes removed 0 119)
Info    : It. 138500 - 138381 nodes created - worst tet radius 1.71953 (nodes removed 0 119)
Info    : It. 139000 - 138881 nodes created - worst tet radius 1.71755 (nodes removed 0 119)
Info    : It. 139500 - 139381 nodes created - worst tet radius 1.71568 (nodes removed 0 119)
Info    : It. 140000 - 139881 nodes created - worst tet radius 1.71378 (nodes removed 0 119)
Info    : It. 140500 - 140381 nodes created - worst tet radius 1.71189 (nodes removed 0 119)
Info    : It. 141000 - 140881 nodes created - worst tet radius 1.70983 (nodes removed 0 119)
Info    : It. 141500 - 141381 nodes created - worst tet radius 1.70789 (nodes removed 0 119)
Info    : It. 142000 - 141881 nodes created - worst tet radius 1.70601 (nodes removed 0 119)
Info    : It. 142500 - 142381 nodes created - worst tet radius 1.70399 (nodes removed 0 119)
Info    : It. 143000 - 142881 nodes created - worst tet radius 1.702 (nodes removed 0 119)
Info    : It. 143500 - 143381 nodes created - worst tet radius 1.70015 (nodes removed 0 119)
Info    : It. 144000 - 143881 nodes created - worst tet radius 1.69826 (nodes removed 0 119)
Info    : It. 144500 - 144381 nodes created - worst tet radius 1.6964 (nodes removed 0 119)
Info    : It. 145000 - 144881 nodes created - worst tet radius 1.69441 (nodes removed 0 119)
Info    : It. 145500 - 145381 nodes created - worst tet radius 1.69252 (nodes removed 0 119)
Info    : It. 146000 - 145881 nodes created - worst tet radius 1.69066 (nodes removed 0 119)
Info    : It. 146500 - 146381 nodes created - worst tet radius 1.68867 (nodes removed 0 119)
Info    : It. 147000 - 146881 nodes created - worst tet radius 1.68692 (nodes removed 0 119)
Info    : It. 147500 - 147381 nodes created - worst tet radius 1.68513 (nodes removed 0 119)
Info    : It. 148000 - 147881 nodes created - worst tet radius 1.68321 (nodes removed 0 119)
Info    : It. 148500 - 148381 nodes created - worst tet radius 1.70862 (nodes removed 0 119)
Info    : It. 149000 - 148881 nodes created - worst tet radius 1.6794 (nodes removed 0 119)
Info    : It. 149500 - 149381 nodes created - worst tet radius 1.67777 (nodes removed 0 119)
Info    : It. 150000 - 149881 nodes created - worst tet radius 1.67584 (nodes removed 0 119)
Info    : It. 150500 - 150381 nodes created - worst tet radius 1.67412 (nodes removed 0 119)
Info    : It. 151000 - 150881 nodes created - worst tet radius 1.67239 (nodes removed 0 119)
Info    : It. 151500 - 151381 nodes created - worst tet radius 1.67053 (nodes removed 0 119)
Info    : It. 152000 - 151881 nodes created - worst tet radius 1.66869 (nodes removed 0 119)
Info    : It. 152500 - 152381 nodes created - worst tet radius 1.66699 (nodes removed 0 119)
Info    : It. 153000 - 152881 nodes created - worst tet radius 1.66532 (nodes removed 0 119)
Info    : It. 153500 - 153381 nodes created - worst tet radius 1.66348 (nodes removed 0 119)
Info    : It. 154000 - 153881 nodes created - worst tet radius 1.66174 (nodes removed 0 119)
Info    : It. 154500 - 154381 nodes created - worst tet radius 1.65999 (nodes removed 0 119)
Info    : It. 155000 - 154881 nodes created - worst tet radius 1.65823 (nodes removed 0 119)
Info    : It. 155500 - 155381 nodes created - worst tet radius 1.65659 (nodes removed 0 119)
Info    : It. 156000 - 155881 nodes created - worst tet radius 1.6549 (nodes removed 0 119)
Info    : It. 156500 - 156381 nodes created - worst tet radius 1.65305 (nodes removed 0 119)
Info    : It. 157000 - 156881 nodes created - worst tet radius 1.6535 (nodes removed 0 119)
Info    : It. 157500 - 157381 nodes created - worst tet radius 1.64966 (nodes removed 0 119)
Info    : It. 158000 - 157881 nodes created - worst tet radius 1.64794 (nodes removed 0 119)
Info    : It. 158500 - 158381 nodes created - worst tet radius 1.64639 (nodes removed 0 119)
Info    : It. 159000 - 158881 nodes created - worst tet radius 1.64484 (nodes removed 0 119)
Info    : It. 159500 - 159381 nodes created - worst tet radius 1.64315 (nodes removed 0 119)
Info    : It. 160000 - 159881 nodes created - worst tet radius 1.6416 (nodes removed 0 119)
Info    : It. 160500 - 160381 nodes created - worst tet radius 1.64017 (nodes removed 0 119)
Info    : It. 161000 - 160881 nodes created - worst tet radius 1.63852 (nodes removed 0 119)
Info    : It. 161500 - 161381 nodes created - worst tet radius 1.63702 (nodes removed 0 119)
Info    : It. 162000 - 161881 nodes created - worst tet radius 1.6355 (nodes removed 0 119)
Info    : It. 162500 - 162381 nodes created - worst tet radius 1.63396 (nodes removed 0 119)
Info    : It. 163000 - 162881 nodes created - worst tet radius 1.63238 (nodes removed 0 119)
Info    : It. 163500 - 163381 nodes created - worst tet radius 1.63076 (nodes removed 0 119)
Info    : It. 164000 - 163881 nodes created - worst tet radius 1.62937 (nodes removed 0 119)
Info    : It. 164500 - 164381 nodes created - worst tet radius 1.62782 (nodes removed 0 119)
Info    : It. 165000 - 164881 nodes created - worst tet radius 1.62624 (nodes removed 0 119)
Info    : It. 165500 - 165381 nodes created - worst tet radius 1.62479 (nodes removed 0 119)
Info    : It. 166000 - 165881 nodes created - worst tet radius 1.62324 (nodes removed 0 119)
Info    : It. 166500 - 166381 nodes created - worst tet radius 1.62175 (nodes removed 0 119)
Info    : It. 167000 - 166881 nodes created - worst tet radius 1.62016 (nodes removed 0 119)
Info    : It. 167500 - 167381 nodes created - worst tet radius 1.61862 (nodes removed 0 119)
Info    : It. 168000 - 167881 nodes created - worst tet radius 1.61722 (nodes removed 0 119)
Info    : It. 168500 - 168381 nodes created - worst tet radius 1.61586 (nodes removed 0 119)
Info    : It. 169000 - 168881 nodes created - worst tet radius 1.61436 (nodes removed 0 119)
Info    : It. 169500 - 169381 nodes created - worst tet radius 1.6129 (nodes removed 0 119)
Info    : It. 170000 - 169881 nodes created - worst tet radius 1.61149 (nodes removed 0 119)
Info    : It. 170500 - 170381 nodes created - worst tet radius 1.61004 (nodes removed 0 119)
Info    : It. 171000 - 170881 nodes created - worst tet radius 1.61234 (nodes removed 0 119)
Info    : It. 171500 - 171381 nodes created - worst tet radius 1.60717 (nodes removed 0 119)
Info    : It. 172000 - 171881 nodes created - worst tet radius 1.60586 (nodes removed 0 119)
Info    : It. 172500 - 172381 nodes created - worst tet radius 1.60449 (nodes removed 0 119)
Info    : It. 173000 - 172881 nodes created - worst tet radius 1.60306 (nodes removed 0 119)
Info    : It. 173500 - 173381 nodes created - worst tet radius 1.60155 (nodes removed 0 119)
Info    : It. 174000 - 173881 nodes created - worst tet radius 1.60025 (nodes removed 0 119)
Info    : It. 174500 - 174381 nodes created - worst tet radius 1.59879 (nodes removed 0 119)
Info    : It. 175000 - 174881 nodes created - worst tet radius 1.59739 (nodes removed 0 119)
Info    : It. 175500 - 175381 nodes created - worst tet radius 1.59594 (nodes removed 0 119)
Info    : It. 176000 - 175881 nodes created - worst tet radius 1.59453 (nodes removed 0 119)
Info    : It. 176500 - 176381 nodes created - worst tet radius 1.593 (nodes removed 0 119)
Info    : It. 177000 - 176881 nodes created - worst tet radius 1.59163 (nodes removed 0 119)
Info    : It. 177500 - 177381 nodes created - worst tet radius 1.61801 (nodes removed 0 119)
Info    : It. 178000 - 177881 nodes created - worst tet radius 1.58897 (nodes removed 0 119)
Info    : It. 178500 - 178381 nodes created - worst tet radius 1.58759 (nodes removed 0 119)
Info    : It. 179000 - 178881 nodes created - worst tet radius 1.58613 (nodes removed 0 119)
Info    : It. 179500 - 179381 nodes created - worst tet radius 1.58469 (nodes removed 0 119)
Info    : It. 180000 - 179881 nodes created - worst tet radius 1.58336 (nodes removed 0 119)
Info    : It. 180500 - 180381 nodes created - worst tet radius 1.58195 (nodes removed 0 119)
Info    : It. 181000 - 180881 nodes created - worst tet radius 1.58057 (nodes removed 0 119)
Info    : It. 181500 - 181381 nodes created - worst tet radius 1.57921 (nodes removed 0 119)
Info    : It. 182000 - 181881 nodes created - worst tet radius 1.57791 (nodes removed 0 119)
Info    : It. 182500 - 182381 nodes created - worst tet radius 1.57658 (nodes removed 0 119)
Info    : It. 183000 - 182881 nodes created - worst tet radius 1.57527 (nodes removed 0 119)
Info    : It. 183500 - 183381 nodes created - worst tet radius 1.57399 (nodes removed 0 119)
Info    : It. 184000 - 183881 nodes created - worst tet radius 1.57271 (nodes removed 0 119)
Info    : It. 184500 - 184381 nodes created - worst tet radius 1.57143 (nodes removed 0 119)
Info    : It. 185000 - 184881 nodes created - worst tet radius 1.57016 (nodes removed 0 119)
Info    : It. 185500 - 185381 nodes created - worst tet radius 1.56886 (nodes removed 0 119)
Info    : It. 186000 - 185881 nodes created - worst tet radius 1.56742 (nodes removed 0 119)
Info    : It. 186500 - 186381 nodes created - worst tet radius 1.56599 (nodes removed 0 119)
Info    : It. 187000 - 186881 nodes created - worst tet radius 1.56469 (nodes removed 0 119)
Info    : It. 187500 - 187381 nodes created - worst tet radius 1.56339 (nodes removed 0 119)
Info    : It. 188000 - 187881 nodes created - worst tet radius 1.5621 (nodes removed 0 119)
Info    : It. 188500 - 188381 nodes created - worst tet radius 1.56083 (nodes removed 0 119)
Info    : It. 189000 - 188881 nodes created - worst tet radius 1.5596 (nodes removed 0 119)
Info    : It. 189500 - 189381 nodes created - worst tet radius 1.55824 (nodes removed 0 119)
Info    : It. 190000 - 189881 nodes created - worst tet radius 1.55692 (nodes removed 0 119)
Info    : It. 190500 - 190381 nodes created - worst tet radius 1.55572 (nodes removed 0 119)
Info    : It. 191000 - 190881 nodes created - worst tet radius 1.55474 (nodes removed 0 119)
Info    : It. 191500 - 191381 nodes created - worst tet radius 1.55355 (nodes removed 0 119)
Info    : It. 192000 - 191881 nodes created - worst tet radius 1.55223 (nodes removed 0 119)
Info    : It. 192500 - 192381 nodes created - worst tet radius 1.55101 (nodes removed 0 119)
Info    : It. 193000 - 192881 nodes created - worst tet radius 1.54983 (nodes removed 0 119)
Info    : It. 193500 - 193381 nodes created - worst tet radius 1.54863 (nodes removed 0 119)
Info    : It. 194000 - 193881 nodes created - worst tet radius 1.54744 (nodes removed 0 119)
Info    : It. 194500 - 194381 nodes created - worst tet radius 1.5461 (nodes removed 0 119)
Info    : It. 195000 - 194881 nodes created - worst tet radius 1.60475 (nodes removed 0 119)
Info    : It. 195500 - 195381 nodes created - worst tet radius 1.54355 (nodes removed 0 119)
Info    : It. 196000 - 195881 nodes created - worst tet radius 1.54219 (nodes removed 0 119)
Info    : It. 196500 - 196381 nodes created - worst tet radius 1.54094 (nodes removed 0 119)
Info    : It. 197000 - 196881 nodes created - worst tet radius 1.53967 (nodes removed 0 119)
Info    : It. 197500 - 197381 nodes created - worst tet radius 1.53843 (nodes removed 0 119)
Info    : It. 198000 - 197881 nodes created - worst tet radius 1.53713 (nodes removed 0 119)
Info    : It. 198500 - 198381 nodes created - worst tet radius 1.53576 (nodes removed 0 119)
Info    : It. 199000 - 198881 nodes created - worst tet radius 1.53453 (nodes removed 0 119)
Info    : It. 199500 - 199381 nodes created - worst tet radius 1.53328 (nodes removed 0 119)
Info    : It. 200000 - 199881 nodes created - worst tet radius 1.53202 (nodes removed 0 119)
Info    : It. 200500 - 200381 nodes created - worst tet radius 1.53072 (nodes removed 0 119)
Info    : It. 201000 - 200881 nodes created - worst tet radius 1.52949 (nodes removed 0 119)
Info    : It. 201500 - 201381 nodes created - worst tet radius 1.52834 (nodes removed 0 119)
Info    : It. 202000 - 201881 nodes created - worst tet radius 1.527 (nodes removed 0 119)
Info    : It. 202500 - 202381 nodes created - worst tet radius 1.52569 (nodes removed 0 119)
Info    : It. 203000 - 202881 nodes created - worst tet radius 1.52447 (nodes removed 0 119)
Info    : It. 203500 - 203381 nodes created - worst tet radius 1.5233 (nodes removed 0 119)
Info    : It. 204000 - 203881 nodes created - worst tet radius 1.52215 (nodes removed 0 119)
Info    : It. 204500 - 204381 nodes created - worst tet radius 1.521 (nodes removed 0 119)
Info    : It. 205000 - 204881 nodes created - worst tet radius 1.5198 (nodes removed 0 119)
Info    : It. 205500 - 205381 nodes created - worst tet radius 1.51857 (nodes removed 0 119)
Info    : It. 206000 - 205881 nodes created - worst tet radius 1.5174 (nodes removed 0 119)
Info    : It. 206500 - 206381 nodes created - worst tet radius 1.51635 (nodes removed 0 119)
Info    : It. 207000 - 206881 nodes created - worst tet radius 1.51528 (nodes removed 0 119)
Info    : It. 207500 - 207381 nodes created - worst tet radius 1.51422 (nodes removed 0 119)
Info    : It. 208000 - 207881 nodes created - worst tet radius 1.51331 (nodes removed 0 119)
Info    : It. 208500 - 208381 nodes created - worst tet radius 1.51261 (nodes removed 0 119)
Info    : It. 209000 - 208881 nodes created - worst tet radius 1.51196 (nodes removed 0 119)
Info    : It. 209500 - 209381 nodes created - worst tet radius 1.51141 (nodes removed 0 119)
Info    : It. 210000 - 209881 nodes created - worst tet radius 1.51088 (nodes removed 0 119)
Info    : It. 210500 - 210381 nodes created - worst tet radius 1.51034 (nodes removed 0 119)
Info    : It. 211000 - 210881 nodes created - worst tet radius 1.50989 (nodes removed 0 119)
Info    : It. 211500 - 211381 nodes created - worst tet radius 1.50937 (nodes removed 0 119)
Info    : It. 212000 - 211881 nodes created - worst tet radius 1.50897 (nodes removed 0 119)
Info    : It. 212500 - 212381 nodes created - worst tet radius 1.50855 (nodes removed 0 119)
Info    : It. 213000 - 212881 nodes created - worst tet radius 1.50817 (nodes removed 0 119)
Info    : It. 213500 - 213381 nodes created - worst tet radius 1.50782 (nodes removed 0 119)
Info    : It. 214000 - 213881 nodes created - worst tet radius 1.50748 (nodes removed 0 119)
Info    : It. 214500 - 214381 nodes created - worst tet radius 1.50712 (nodes removed 0 119)
Info    : It. 215000 - 214881 nodes created - worst tet radius 1.50678 (nodes removed 0 119)
Info    : It. 215500 - 215381 nodes created - worst tet radius 1.50641 (nodes removed 0 119)
Info    : It. 216000 - 215881 nodes created - worst tet radius 1.50605 (nodes removed 0 119)
Info    : It. 216500 - 216381 nodes created - worst tet radius 1.50565 (nodes removed 0 119)
Info    : It. 217000 - 216881 nodes created - worst tet radius 1.50519 (nodes removed 0 119)
Info    : It. 217500 - 217381 nodes created - worst tet radius 1.5047 (nodes removed 0 119)
Info    : It. 218000 - 217881 nodes created - worst tet radius 1.50415 (nodes removed 0 119)
Info    : It. 218500 - 218381 nodes created - worst tet radius 1.50369 (nodes removed 0 119)
Info    : It. 219000 - 218881 nodes created - worst tet radius 1.50327 (nodes removed 0 119)
Info    : It. 219500 - 219381 nodes created - worst tet radius 1.50294 (nodes removed 0 119)
Info    : It. 220000 - 219881 nodes created - worst tet radius 1.5026 (nodes removed 0 119)
Info    : It. 220500 - 220381 nodes created - worst tet radius 1.50228 (nodes removed 0 119)
Info    : It. 221000 - 220881 nodes created - worst tet radius 1.50195 (nodes removed 0 119)
Info    : It. 221500 - 221381 nodes created - worst tet radius 1.50166 (nodes removed 0 119)
Info    : It. 222000 - 221881 nodes created - worst tet radius 1.50136 (nodes removed 0 119)
Info    : It. 222500 - 222381 nodes created - worst tet radius 1.50107 (nodes removed 0 119)
Info    : It. 223000 - 222881 nodes created - worst tet radius 1.50079 (nodes removed 0 119)
Info    : It. 223500 - 223381 nodes created - worst tet radius 1.50051 (nodes removed 0 119)
Info    : It. 224000 - 223881 nodes created - worst tet radius 1.50018 (nodes removed 0 119)
Info    : It. 224500 - 224381 nodes created - worst tet radius 1.49976 (nodes removed 0 119)
Info    : It. 225000 - 224881 nodes created - worst tet radius 1.49923 (nodes removed 0 119)
Info    : It. 225500 - 225381 nodes created - worst tet radius 1.49871 (nodes removed 0 119)
Info    : It. 226000 - 225881 nodes created - worst tet radius 1.49812 (nodes removed 0 119)
Info    : It. 226500 - 226381 nodes created - worst tet radius 1.49752 (nodes removed 0 119)
Info    : It. 227000 - 226881 nodes created - worst tet radius 1.49691 (nodes removed 0 119)
Info    : It. 227500 - 227381 nodes created - worst tet radius 1.4963 (nodes removed 0 119)
Info    : It. 228000 - 227881 nodes created - worst tet radius 1.49562 (nodes removed 0 119)
Info    : It. 228500 - 228381 nodes created - worst tet radius 1.49496 (nodes removed 0 119)
Info    : It. 229000 - 228881 nodes created - worst tet radius 1.49706 (nodes removed 0 119)
Info    : It. 229500 - 229381 nodes created - worst tet radius 1.49364 (nodes removed 0 119)
Info    : It. 230000 - 229881 nodes created - worst tet radius 1.49294 (nodes removed 0 119)
Info    : It. 230500 - 230381 nodes created - worst tet radius 1.4922 (nodes removed 0 119)
Info    : It. 231000 - 230881 nodes created - worst tet radius 1.49129 (nodes removed 0 119)
Info    : It. 231500 - 231381 nodes created - worst tet radius 1.49058 (nodes removed 0 119)
Info    : It. 232000 - 231881 nodes created - worst tet radius 1.48994 (nodes removed 0 119)
Info    : It. 232500 - 232381 nodes created - worst tet radius 1.48921 (nodes removed 0 119)
Info    : It. 233000 - 232881 nodes created - worst tet radius 1.48831 (nodes removed 0 119)
Info    : It. 233500 - 233381 nodes created - worst tet radius 1.56511 (nodes removed 0 119)
Info    : It. 234000 - 233881 nodes created - worst tet radius 1.48652 (nodes removed 0 119)
Info    : It. 234500 - 234381 nodes created - worst tet radius 1.48563 (nodes removed 0 119)
Info    : It. 235000 - 234881 nodes created - worst tet radius 1.48475 (nodes removed 0 119)
Info    : It. 235500 - 235381 nodes created - worst tet radius 1.48391 (nodes removed 0 119)
Info    : It. 236000 - 235881 nodes created - worst tet radius 1.48293 (nodes removed 0 119)
Info    : It. 236500 - 236381 nodes created - worst tet radius 1.48201 (nodes removed 0 119)
Info    : It. 237000 - 236881 nodes created - worst tet radius 1.48103 (nodes removed 0 119)
Info    : It. 237500 - 237381 nodes created - worst tet radius 1.48014 (nodes removed 0 119)
Info    : It. 238000 - 237881 nodes created - worst tet radius 1.47917 (nodes removed 0 119)
Info    : It. 238500 - 238381 nodes created - worst tet radius 1.47825 (nodes removed 0 119)
Info    : It. 239000 - 238881 nodes created - worst tet radius 1.47737 (nodes removed 0 119)
Info    : It. 239500 - 239381 nodes created - worst tet radius 1.47645 (nodes removed 0 119)
Info    : It. 240000 - 239881 nodes created - worst tet radius 1.47552 (nodes removed 0 119)
Info    : It. 240500 - 240381 nodes created - worst tet radius 1.4746 (nodes removed 0 119)
Info    : It. 241000 - 240881 nodes created - worst tet radius 1.47369 (nodes removed 0 119)
Info    : It. 241500 - 241381 nodes created - worst tet radius 1.4728 (nodes removed 0 119)
Info    : It. 242000 - 241881 nodes created - worst tet radius 1.47189 (nodes removed 0 119)
Info    : It. 242500 - 242381 nodes created - worst tet radius 1.47108 (nodes removed 0 119)
Info    : It. 243000 - 242881 nodes created - worst tet radius 1.47037 (nodes removed 0 119)
Info    : It. 243500 - 243381 nodes created - worst tet radius 1.4698 (nodes removed 0 119)
Info    : It. 244000 - 243881 nodes created - worst tet radius 1.46934 (nodes removed 0 119)
Info    : It. 244500 - 244381 nodes created - worst tet radius 1.4689 (nodes removed 0 119)
Info    : It. 245000 - 244881 nodes created - worst tet radius 1.46834 (nodes removed 0 119)
Info    : It. 245500 - 245381 nodes created - worst tet radius 1.46773 (nodes removed 0 119)
Info    : It. 246000 - 245881 nodes created - worst tet radius 1.46694 (nodes removed 0 119)
Info    : It. 246500 - 246381 nodes created - worst tet radius 1.46615 (nodes removed 0 119)
Info    : It. 247000 - 246881 nodes created - worst tet radius 1.46534 (nodes removed 0 119)
Info    : It. 247500 - 247381 nodes created - worst tet radius 1.46464 (nodes removed 0 119)
Info    : It. 248000 - 247881 nodes created - worst tet radius 1.46385 (nodes removed 0 119)
Info    : It. 248500 - 248381 nodes created - worst tet radius 1.4632 (nodes removed 0 119)
Info    : It. 249000 - 248881 nodes created - worst tet radius 1.46261 (nodes removed 0 119)
Info    : It. 249500 - 249381 nodes created - worst tet radius 1.46196 (nodes removed 0 119)
Info    : It. 250000 - 249881 nodes created - worst tet radius 1.46132 (nodes removed 0 119)
Info    : It. 250500 - 250381 nodes created - worst tet radius 1.46059 (nodes removed 0 119)
Info    : It. 251000 - 250881 nodes created - worst tet radius 1.45979 (nodes removed 0 119)
Info    : It. 251500 - 251381 nodes created - worst tet radius 1.45902 (nodes removed 0 119)
Info    : It. 252000 - 251881 nodes created - worst tet radius 1.45823 (nodes removed 0 119)
Info    : It. 252500 - 252381 nodes created - worst tet radius 1.45734 (nodes removed 0 119)
Info    : It. 253000 - 252881 nodes created - worst tet radius 1.45647 (nodes removed 0 119)
Info    : It. 253500 - 253381 nodes created - worst tet radius 1.45558 (nodes removed 0 119)
Info    : It. 254000 - 253881 nodes created - worst tet radius 1.45473 (nodes removed 0 119)
Info    : It. 254500 - 254381 nodes created - worst tet radius 1.45383 (nodes removed 0 119)
Info    : It. 255000 - 254881 nodes created - worst tet radius 1.45301 (nodes removed 0 119)
Info    : It. 255500 - 255381 nodes created - worst tet radius 1.45208 (nodes removed 0 119)
Info    : It. 256000 - 255881 nodes created - worst tet radius 1.45121 (nodes removed 0 119)
Info    : It. 256500 - 256381 nodes created - worst tet radius 1.45047 (nodes removed 0 119)
Info    : It. 257000 - 256881 nodes created - worst tet radius 1.44985 (nodes removed 0 119)
Info    : It. 257500 - 257381 nodes created - worst tet radius 1.44912 (nodes removed 0 119)
Info    : It. 258000 - 257881 nodes created - worst tet radius 1.44848 (nodes removed 0 119)
Info    : It. 258500 - 258381 nodes created - worst tet radius 1.44776 (nodes removed 0 119)
Info    : It. 259000 - 258881 nodes created - worst tet radius 1.4469 (nodes removed 0 119)
Info    : It. 259500 - 259381 nodes created - worst tet radius 1.44603 (nodes removed 0 119)
Info    : It. 260000 - 259881 nodes created - worst tet radius 1.44517 (nodes removed 0 119)
Info    : It. 260500 - 260381 nodes created - worst tet radius 1.44434 (nodes removed 0 119)
Info    : It. 261000 - 260881 nodes created - worst tet radius 1.44342 (nodes removed 0 119)
Info    : It. 261500 - 261381 nodes created - worst tet radius 1.44259 (nodes removed 0 119)
Info    : It. 262000 - 261881 nodes created - worst tet radius 1.44175 (nodes removed 0 119)
Info    : It. 262500 - 262381 nodes created - worst tet radius 1.44093 (nodes removed 0 119)
Info    : It. 263000 - 262881 nodes created - worst tet radius 1.44017 (nodes removed 0 119)
Info    : It. 263500 - 263381 nodes created - worst tet radius 1.43929 (nodes removed 0 119)
Info    : It. 264000 - 263881 nodes created - worst tet radius 1.43843 (nodes removed 0 119)
Info    : It. 264500 - 264381 nodes created - worst tet radius 1.43755 (nodes removed 0 119)
Info    : It. 265000 - 264881 nodes created - worst tet radius 1.43674 (nodes removed 0 119)
Info    : It. 265500 - 265381 nodes created - worst tet radius 1.43587 (nodes removed 0 119)
Info    : It. 266000 - 265881 nodes created - worst tet radius 1.43504 (nodes removed 0 119)
Info    : It. 266500 - 266381 nodes created - worst tet radius 1.43418 (nodes removed 0 119)
Info    : It. 267000 - 266881 nodes created - worst tet radius 1.43334 (nodes removed 0 119)
Info    : It. 267500 - 267381 nodes created - worst tet radius 1.43251 (nodes removed 0 119)
Info    : It. 268000 - 267881 nodes created - worst tet radius 1.43171 (nodes removed 0 119)
Info    : It. 268500 - 268381 nodes created - worst tet radius 1.43089 (nodes removed 0 119)
Info    : It. 269000 - 268881 nodes created - worst tet radius 1.43006 (nodes removed 0 119)
Info    : It. 269500 - 269381 nodes created - worst tet radius 1.42928 (nodes removed 0 119)
Info    : It. 270000 - 269881 nodes created - worst tet radius 1.42851 (nodes removed 0 119)
Info    : It. 270500 - 270381 nodes created - worst tet radius 1.42774 (nodes removed 0 119)
Info    : It. 271000 - 270881 nodes created - worst tet radius 1.42695 (nodes removed 0 119)
Info    : It. 271500 - 271381 nodes created - worst tet radius 1.42614 (nodes removed 0 119)
Info    : It. 272000 - 271881 nodes created - worst tet radius 1.42537 (nodes removed 0 119)
Info    : It. 272500 - 272381 nodes created - worst tet radius 1.42454 (nodes removed 0 119)
Info    : It. 273000 - 272881 nodes created - worst tet radius 1.42379 (nodes removed 0 119)
Info    : It. 273500 - 273381 nodes created - worst tet radius 1.423 (nodes removed 0 119)
Info    : It. 274000 - 273881 nodes created - worst tet radius 1.42218 (nodes removed 0 119)
Info    : It. 274500 - 274381 nodes created - worst tet radius 1.42134 (nodes removed 0 119)
Info    : It. 275000 - 274881 nodes created - worst tet radius 1.42054 (nodes removed 0 119)
Info    : It. 275500 - 275381 nodes created - worst tet radius 1.41976 (nodes removed 0 119)
Info    : It. 276000 - 275881 nodes created - worst tet radius 1.41901 (nodes removed 0 119)
Info    : It. 276500 - 276381 nodes created - worst tet radius 1.4182 (nodes removed 0 119)
Info    : It. 277000 - 276881 nodes created - worst tet radius 1.41745 (nodes removed 0 119)
Info    : It. 277500 - 277381 nodes created - worst tet radius 1.41663 (nodes removed 0 119)
Info    : It. 278000 - 277881 nodes created - worst tet radius 1.41589 (nodes removed 0 119)
Info    : It. 278500 - 278381 nodes created - worst tet radius 1.41509 (nodes removed 0 119)
Info    : It. 279000 - 278881 nodes created - worst tet radius 1.41434 (nodes removed 0 119)
Info    : It. 279500 - 279381 nodes created - worst tet radius 1.41359 (nodes removed 0 119)
Info    : It. 280000 - 279881 nodes created - worst tet radius 1.41281 (nodes removed 0 119)
Info    : It. 280500 - 280381 nodes created - worst tet radius 1.41211 (nodes removed 0 119)
Info    : It. 281000 - 280881 nodes created - worst tet radius 1.41132 (nodes removed 0 119)
Info    : It. 281500 - 281381 nodes created - worst tet radius 1.44438 (nodes removed 0 119)
Info    : It. 282000 - 281881 nodes created - worst tet radius 1.40974 (nodes removed 0 119)
Info    : It. 282500 - 282381 nodes created - worst tet radius 1.40901 (nodes removed 0 119)
Info    : It. 283000 - 282881 nodes created - worst tet radius 1.40827 (nodes removed 0 119)
Info    : It. 283500 - 283381 nodes created - worst tet radius 1.40753 (nodes removed 0 119)
Info    : It. 284000 - 283881 nodes created - worst tet radius 1.40671 (nodes removed 0 119)
Info    : It. 284500 - 284381 nodes created - worst tet radius 1.406 (nodes removed 0 119)
Info    : It. 285000 - 284881 nodes created - worst tet radius 1.40524 (nodes removed 0 119)
Info    : It. 285500 - 285381 nodes created - worst tet radius 1.40448 (nodes removed 0 119)
Info    : It. 286000 - 285881 nodes created - worst tet radius 1.40374 (nodes removed 0 119)
Info    : It. 286500 - 286381 nodes created - worst tet radius 1.40293 (nodes removed 0 119)
Info    : It. 287000 - 286881 nodes created - worst tet radius 1.40222 (nodes removed 0 119)
Info    : It. 287500 - 287381 nodes created - worst tet radius 1.40144 (nodes removed 0 119)
Info    : It. 288000 - 287881 nodes created - worst tet radius 1.40071 (nodes removed 0 119)
Info    : It. 288500 - 288381 nodes created - worst tet radius 1.39993 (nodes removed 0 119)
Info    : It. 289000 - 288881 nodes created - worst tet radius 1.3991 (nodes removed 0 119)
Info    : It. 289500 - 289381 nodes created - worst tet radius 1.3983 (nodes removed 0 119)
Info    : It. 290000 - 289881 nodes created - worst tet radius 1.3975 (nodes removed 0 119)
Info    : It. 290500 - 290381 nodes created - worst tet radius 1.39676 (nodes removed 0 119)
Info    : It. 291000 - 290881 nodes created - worst tet radius 1.39595 (nodes removed 0 119)
Info    : It. 291500 - 291381 nodes created - worst tet radius 1.39522 (nodes removed 0 119)
Info    : It. 292000 - 291881 nodes created - worst tet radius 1.39441 (nodes removed 0 119)
Info    : It. 292500 - 292381 nodes created - worst tet radius 1.39367 (nodes removed 0 119)
Info    : It. 293000 - 292881 nodes created - worst tet radius 1.39294 (nodes removed 0 119)
Info    : It. 293500 - 293381 nodes created - worst tet radius 1.39225 (nodes removed 0 119)
Info    : It. 294000 - 293881 nodes created - worst tet radius 1.39147 (nodes removed 0 119)
Info    : It. 294500 - 294381 nodes created - worst tet radius 1.39073 (nodes removed 0 119)
Info    : It. 295000 - 294881 nodes created - worst tet radius 1.39003 (nodes removed 0 119)
Info    : It. 295500 - 295381 nodes created - worst tet radius 1.38927 (nodes removed 0 119)
Info    : It. 296000 - 295881 nodes created - worst tet radius 1.38854 (nodes removed 0 119)
Info    : It. 296500 - 296381 nodes created - worst tet radius 1.38781 (nodes removed 0 119)
Info    : It. 297000 - 296881 nodes created - worst tet radius 1.38707 (nodes removed 0 119)
Info    : It. 297500 - 297381 nodes created - worst tet radius 1.38634 (nodes removed 0 119)
Info    : It. 298000 - 297881 nodes created - worst tet radius 1.38557 (nodes removed 0 119)
Info    : It. 298500 - 298381 nodes created - worst tet radius 1.38485 (nodes removed 0 119)
Info    : It. 299000 - 298881 nodes created - worst tet radius 1.38412 (nodes removed 0 119)
Info    : It. 299500 - 299381 nodes created - worst tet radius 1.38342 (nodes removed 0 119)
Info    : It. 300000 - 299881 nodes created - worst tet radius 1.38269 (nodes removed 0 119)
Info    : It. 300500 - 300381 nodes created - worst tet radius 1.38193 (nodes removed 0 119)
Info    : It. 301000 - 300881 nodes created - worst tet radius 1.38121 (nodes removed 0 119)
Info    : It. 301500 - 301381 nodes created - worst tet radius 1.3805 (nodes removed 0 119)
Info    : It. 302000 - 301881 nodes created - worst tet radius 1.37973 (nodes removed 0 119)
Info    : It. 302500 - 302381 nodes created - worst tet radius 1.37895 (nodes removed 0 119)
Info    : It. 303000 - 302881 nodes created - worst tet radius 1.37816 (nodes removed 0 119)
Info    : It. 303500 - 303381 nodes created - worst tet radius 1.37745 (nodes removed 0 119)
Info    : It. 304000 - 303881 nodes created - worst tet radius 1.37677 (nodes removed 0 119)
Info    : It. 304500 - 304381 nodes created - worst tet radius 1.37603 (nodes removed 0 119)
Info    : It. 305000 - 304881 nodes created - worst tet radius 1.3753 (nodes removed 0 119)
Info    : It. 305500 - 305381 nodes created - worst tet radius 1.37463 (nodes removed 0 119)
Info    : It. 306000 - 305881 nodes created - worst tet radius 1.3739 (nodes removed 0 119)
Info    : It. 306500 - 306381 nodes created - worst tet radius 1.37319 (nodes removed 0 119)
Info    : It. 307000 - 306881 nodes created - worst tet radius 1.37248 (nodes removed 0 119)
Info    : It. 307500 - 307381 nodes created - worst tet radius 1.3718 (nodes removed 0 119)
Info    : It. 308000 - 307881 nodes created - worst tet radius 1.37114 (nodes removed 0 119)
Info    : It. 308500 - 308381 nodes created - worst tet radius 1.3704 (nodes removed 0 119)
Info    : It. 309000 - 308881 nodes created - worst tet radius 1.36969 (nodes removed 0 119)
Info    : It. 309500 - 309381 nodes created - worst tet radius 1.36902 (nodes removed 0 119)
Info    : It. 310000 - 309881 nodes created - worst tet radius 1.36831 (nodes removed 0 119)
Info    : It. 310500 - 310381 nodes created - worst tet radius 1.3676 (nodes removed 0 119)
Info    : It. 311000 - 310881 nodes created - worst tet radius 1.36689 (nodes removed 0 119)
Info    : It. 311500 - 311381 nodes created - worst tet radius 1.36619 (nodes removed 0 119)
Info    : It. 312000 - 311881 nodes created - worst tet radius 1.36545 (nodes removed 0 119)
Info    : It. 312500 - 312381 nodes created - worst tet radius 1.36479 (nodes removed 0 119)
Info    : It. 313000 - 312881 nodes created - worst tet radius 1.36413 (nodes removed 0 119)
Info    : It. 313500 - 313381 nodes created - worst tet radius 1.36346 (nodes removed 0 119)
Info    : It. 314000 - 313881 nodes created - worst tet radius 1.36278 (nodes removed 0 119)
Info    : It. 314500 - 314381 nodes created - worst tet radius 1.36208 (nodes removed 0 119)
Info    : It. 315000 - 314881 nodes created - worst tet radius 1.36145 (nodes removed 0 119)
Info    : It. 315500 - 315381 nodes created - worst tet radius 1.36086 (nodes removed 0 119)
Info    : It. 316000 - 315881 nodes created - worst tet radius 1.36023 (nodes removed 0 119)
Info    : It. 316500 - 316381 nodes created - worst tet radius 1.35961 (nodes removed 0 119)
Info    : It. 317000 - 316881 nodes created - worst tet radius 1.35895 (nodes removed 0 119)
Info    : It. 317500 - 317381 nodes created - worst tet radius 1.35831 (nodes removed 0 119)
Info    : It. 318000 - 317881 nodes created - worst tet radius 1.35767 (nodes removed 0 119)
Info    : It. 318500 - 318381 nodes created - worst tet radius 1.35707 (nodes removed 0 119)
Info    : It. 319000 - 318881 nodes created - worst tet radius 1.3564 (nodes removed 0 119)
Info    : It. 319500 - 319381 nodes created - worst tet radius 1.35575 (nodes removed 0 119)
Info    : It. 320000 - 319881 nodes created - worst tet radius 1.35511 (nodes removed 0 119)
Info    : It. 320500 - 320381 nodes created - worst tet radius 1.35446 (nodes removed 0 119)
Info    : It. 321000 - 320881 nodes created - worst tet radius 1.35382 (nodes removed 0 119)
Info    : It. 321500 - 321381 nodes created - worst tet radius 1.35311 (nodes removed 0 119)
Info    : It. 322000 - 321881 nodes created - worst tet radius 1.35243 (nodes removed 0 119)
Info    : It. 322500 - 322381 nodes created - worst tet radius 1.35174 (nodes removed 0 119)
Info    : It. 323000 - 322881 nodes created - worst tet radius 1.3511 (nodes removed 0 119)
Info    : It. 323500 - 323381 nodes created - worst tet radius 1.35033 (nodes removed 0 119)
Info    : It. 324000 - 323881 nodes created - worst tet radius 1.34965 (nodes removed 0 119)
Info    : It. 324500 - 324381 nodes created - worst tet radius 1.34887 (nodes removed 0 119)
Info    : It. 325000 - 324881 nodes created - worst tet radius 1.34822 (nodes removed 0 119)
Info    : It. 325500 - 325381 nodes created - worst tet radius 1.34758 (nodes removed 0 119)
Info    : It. 326000 - 325881 nodes created - worst tet radius 1.34688 (nodes removed 0 119)
Info    : It. 326500 - 326381 nodes created - worst tet radius 1.34618 (nodes removed 0 119)
Info    : It. 327000 - 326881 nodes created - worst tet radius 1.34556 (nodes removed 0 119)
Info    : It. 327500 - 327381 nodes created - worst tet radius 1.3449 (nodes removed 0 119)
Info    : It. 328000 - 327881 nodes created - worst tet radius 1.34422 (nodes removed 0 119)
Info    : It. 328500 - 328381 nodes created - worst tet radius 1.34353 (nodes removed 0 119)
Info    : It. 329000 - 328881 nodes created - worst tet radius 1.3428 (nodes removed 0 119)
Info    : It. 329500 - 329381 nodes created - worst tet radius 1.34212 (nodes removed 0 119)
Info    : It. 330000 - 329881 nodes created - worst tet radius 1.34149 (nodes removed 0 119)
Info    : It. 330500 - 330381 nodes created - worst tet radius 1.34082 (nodes removed 0 119)
Info    : It. 331000 - 330881 nodes created - worst tet radius 1.34018 (nodes removed 0 119)
Info    : It. 331500 - 331381 nodes created - worst tet radius 1.33949 (nodes removed 0 119)
Info    : It. 332000 - 331881 nodes created - worst tet radius 1.33883 (nodes removed 0 119)
Info    : It. 332500 - 332381 nodes created - worst tet radius 1.33815 (nodes removed 0 119)
Info    : It. 333000 - 332881 nodes created - worst tet radius 1.33749 (nodes removed 0 119)
Info    : It. 333500 - 333381 nodes created - worst tet radius 1.33679 (nodes removed 0 119)
Info    : It. 334000 - 333881 nodes created - worst tet radius 1.33615 (nodes removed 0 119)
Info    : It. 334500 - 334381 nodes created - worst tet radius 1.33552 (nodes removed 0 119)
Info    : It. 335000 - 334881 nodes created - worst tet radius 1.33484 (nodes removed 0 119)
Info    : It. 335500 - 335381 nodes created - worst tet radius 1.33415 (nodes removed 0 119)
Info    : It. 336000 - 335881 nodes created - worst tet radius 1.33343 (nodes removed 0 119)
Info    : It. 336500 - 336381 nodes created - worst tet radius 1.33277 (nodes removed 0 119)
Info    : It. 337000 - 336881 nodes created - worst tet radius 1.3322 (nodes removed 0 119)
Info    : It. 337500 - 337381 nodes created - worst tet radius 1.33159 (nodes removed 0 119)
Info    : It. 338000 - 337881 nodes created - worst tet radius 1.33098 (nodes removed 0 119)
Info    : It. 338500 - 338381 nodes created - worst tet radius 1.33035 (nodes removed 0 119)
Info    : It. 339000 - 338881 nodes created - worst tet radius 1.32969 (nodes removed 0 119)
Info    : It. 339500 - 339381 nodes created - worst tet radius 1.32905 (nodes removed 0 119)
Info    : It. 340000 - 339881 nodes created - worst tet radius 1.32847 (nodes removed 0 119)
Info    : It. 340500 - 340381 nodes created - worst tet radius 1.32786 (nodes removed 0 119)
Info    : It. 341000 - 340881 nodes created - worst tet radius 1.32721 (nodes removed 0 119)
Info    : It. 341500 - 341381 nodes created - worst tet radius 1.32657 (nodes removed 0 119)
Info    : It. 342000 - 341881 nodes created - worst tet radius 1.32598 (nodes removed 0 119)
Info    : It. 342500 - 342381 nodes created - worst tet radius 1.32539 (nodes removed 0 119)
Info    : It. 343000 - 342881 nodes created - worst tet radius 1.32479 (nodes removed 0 119)
Info    : It. 343500 - 343381 nodes created - worst tet radius 1.32415 (nodes removed 0 119)
Info    : It. 344000 - 343881 nodes created - worst tet radius 1.32353 (nodes removed 0 119)
Info    : It. 344500 - 344381 nodes created - worst tet radius 1.32287 (nodes removed 0 119)
Info    : It. 345000 - 344881 nodes created - worst tet radius 1.32224 (nodes removed 0 119)
Info    : It. 345500 - 345381 nodes created - worst tet radius 1.32161 (nodes removed 0 119)
Info    : It. 346000 - 345881 nodes created - worst tet radius 1.32102 (nodes removed 0 119)
Info    : It. 346500 - 346381 nodes created - worst tet radius 1.32043 (nodes removed 0 119)
Info    : It. 347000 - 346881 nodes created - worst tet radius 1.31984 (nodes removed 0 119)
Info    : It. 347500 - 347381 nodes created - worst tet radius 1.31922 (nodes removed 0 119)
Info    : It. 348000 - 347881 nodes created - worst tet radius 1.31865 (nodes removed 0 119)
Info    : It. 348500 - 348381 nodes created - worst tet radius 1.31805 (nodes removed 0 119)
Info    : It. 349000 - 348881 nodes created - worst tet radius 1.31748 (nodes removed 0 119)
Info    : It. 349500 - 349381 nodes created - worst tet radius 1.31689 (nodes removed 0 119)
Info    : It. 350000 - 349881 nodes created - worst tet radius 1.31625 (nodes removed 0 119)
Info    : It. 350500 - 350381 nodes created - worst tet radius 1.31564 (nodes removed 0 119)
Info    : It. 351000 - 350881 nodes created - worst tet radius 1.31496 (nodes removed 0 119)
Info    : It. 351500 - 351381 nodes created - worst tet radius 1.31438 (nodes removed 0 119)
Info    : It. 352000 - 351881 nodes created - worst tet radius 1.31376 (nodes removed 0 119)
Info    : It. 352500 - 352381 nodes created - worst tet radius 1.31316 (nodes removed 0 119)
Info    : It. 353000 - 352881 nodes created - worst tet radius 1.31249 (nodes removed 0 119)
Info    : It. 353500 - 353381 nodes created - worst tet radius 1.31191 (nodes removed 0 119)
Info    : It. 354000 - 353881 nodes created - worst tet radius 1.31132 (nodes removed 0 119)
Info    : It. 354500 - 354381 nodes created - worst tet radius 1.3107 (nodes removed 0 119)
Info    : It. 355000 - 354881 nodes created - worst tet radius 1.3101 (nodes removed 0 119)
Info    : It. 355500 - 355381 nodes created - worst tet radius 1.30945 (nodes removed 0 119)
Info    : It. 356000 - 355881 nodes created - worst tet radius 1.3089 (nodes removed 0 119)
Info    : It. 356500 - 356381 nodes created - worst tet radius 1.30831 (nodes removed 0 119)
Info    : It. 357000 - 356881 nodes created - worst tet radius 1.30772 (nodes removed 0 119)
Info    : It. 357500 - 357381 nodes created - worst tet radius 1.30715 (nodes removed 0 119)
Info    : It. 358000 - 357881 nodes created - worst tet radius 1.30656 (nodes removed 0 119)
Info    : It. 358500 - 358381 nodes created - worst tet radius 1.30597 (nodes removed 0 119)
Info    : It. 359000 - 358881 nodes created - worst tet radius 1.30541 (nodes removed 0 119)
Info    : It. 359500 - 359381 nodes created - worst tet radius 1.30479 (nodes removed 0 119)
Info    : It. 360000 - 359881 nodes created - worst tet radius 1.30415 (nodes removed 0 119)
Info    : It. 360500 - 360381 nodes created - worst tet radius 1.30356 (nodes removed 0 119)
Info    : It. 361000 - 360881 nodes created - worst tet radius 1.303 (nodes removed 0 119)
Info    : It. 361500 - 361381 nodes created - worst tet radius 1.30245 (nodes removed 0 119)
Info    : It. 362000 - 361881 nodes created - worst tet radius 1.30192 (nodes removed 0 119)
Info    : It. 362500 - 362381 nodes created - worst tet radius 1.30138 (nodes removed 0 119)
Info    : It. 363000 - 362881 nodes created - worst tet radius 1.30085 (nodes removed 0 119)
Info    : It. 363500 - 363381 nodes created - worst tet radius 1.30032 (nodes removed 0 119)
Info    : It. 364000 - 363881 nodes created - worst tet radius 1.29981 (nodes removed 0 119)
Info    : It. 364500 - 364381 nodes created - worst tet radius 1.2993 (nodes removed 0 119)
Info    : It. 365000 - 364881 nodes created - worst tet radius 1.29871 (nodes removed 0 119)
Info    : It. 365500 - 365381 nodes created - worst tet radius 1.29819 (nodes removed 0 119)
Info    : It. 366000 - 365881 nodes created - worst tet radius 1.29767 (nodes removed 0 119)
Info    : It. 366500 - 366381 nodes created - worst tet radius 1.29703 (nodes removed 0 119)
Info    : It. 367000 - 366881 nodes created - worst tet radius 1.29651 (nodes removed 0 119)
Info    : It. 367500 - 367381 nodes created - worst tet radius 1.29592 (nodes removed 0 119)
Info    : It. 368000 - 367881 nodes created - worst tet radius 1.29541 (nodes removed 0 119)
Info    : It. 368500 - 368381 nodes created - worst tet radius 1.29494 (nodes removed 0 119)
Info    : It. 369000 - 368881 nodes created - worst tet radius 1.29441 (nodes removed 0 119)
Info    : It. 369500 - 369381 nodes created - worst tet radius 1.2939 (nodes removed 0 119)
Info    : It. 370000 - 369881 nodes created - worst tet radius 1.29342 (nodes removed 0 119)
Info    : It. 370500 - 370381 nodes created - worst tet radius 1.29289 (nodes removed 0 119)
Info    : It. 371000 - 370881 nodes created - worst tet radius 1.2924 (nodes removed 0 119)
Info    : It. 371500 - 371381 nodes created - worst tet radius 1.2919 (nodes removed 0 119)
Info    : It. 372000 - 371881 nodes created - worst tet radius 1.29137 (nodes removed 0 119)
Info    : It. 372500 - 372381 nodes created - worst tet radius 1.29082 (nodes removed 0 119)
Info    : It. 373000 - 372881 nodes created - worst tet radius 1.29036 (nodes removed 0 119)
Info    : It. 373500 - 373381 nodes created - worst tet radius 1.28993 (nodes removed 0 119)
Info    : It. 374000 - 373881 nodes created - worst tet radius 1.28944 (nodes removed 0 119)
Info    : It. 374500 - 374381 nodes created - worst tet radius 1.28895 (nodes removed 0 119)
Info    : It. 375000 - 374881 nodes created - worst tet radius 1.28845 (nodes removed 0 119)
Info    : It. 375500 - 375381 nodes created - worst tet radius 1.28792 (nodes removed 0 119)
Info    : It. 376000 - 375881 nodes created - worst tet radius 1.28745 (nodes removed 0 119)
Info    : It. 376500 - 376381 nodes created - worst tet radius 1.28696 (nodes removed 0 119)
Info    : It. 377000 - 376881 nodes created - worst tet radius 1.28647 (nodes removed 0 119)
Info    : It. 377500 - 377381 nodes created - worst tet radius 1.28596 (nodes removed 0 119)
Info    : It. 378000 - 377881 nodes created - worst tet radius 1.28548 (nodes removed 0 119)
Info    : It. 378500 - 378381 nodes created - worst tet radius 1.28499 (nodes removed 0 119)
Info    : It. 379000 - 378881 nodes created - worst tet radius 1.28452 (nodes removed 0 119)
Info    : It. 379500 - 379381 nodes created - worst tet radius 1.28399 (nodes removed 0 119)
Info    : It. 380000 - 379881 nodes created - worst tet radius 1.28345 (nodes removed 0 119)
Info    : It. 380500 - 380381 nodes created - worst tet radius 1.28295 (nodes removed 0 119)
Info    : It. 381000 - 380881 nodes created - worst tet radius 1.28246 (nodes removed 0 119)
Info    : It. 381500 - 381381 nodes created - worst tet radius 1.28194 (nodes removed 0 119)
Info    : It. 382000 - 381881 nodes created - worst tet radius 1.28144 (nodes removed 0 119)
Info    : It. 382500 - 382381 nodes created - worst tet radius 1.28096 (nodes removed 0 119)
Info    : It. 383000 - 382881 nodes created - worst tet radius 1.28046 (nodes removed 0 119)
Info    : It. 383500 - 383381 nodes created - worst tet radius 1.27995 (nodes removed 0 119)
Info    : It. 384000 - 383881 nodes created - worst tet radius 1.27944 (nodes removed 0 119)
Info    : It. 384500 - 384381 nodes created - worst tet radius 1.27895 (nodes removed 0 119)
Info    : It. 385000 - 384881 nodes created - worst tet radius 1.27847 (nodes removed 0 119)
Info    : It. 385500 - 385381 nodes created - worst tet radius 1.27793 (nodes removed 0 119)
Info    : It. 386000 - 385881 nodes created - worst tet radius 1.27743 (nodes removed 0 119)
Info    : It. 386500 - 386381 nodes created - worst tet radius 1.2769 (nodes removed 0 119)
Info    : It. 387000 - 386881 nodes created - worst tet radius 1.27639 (nodes removed 0 119)
Info    : It. 387500 - 387381 nodes created - worst tet radius 1.27583 (nodes removed 0 119)
Info    : It. 388000 - 387881 nodes created - worst tet radius 1.27527 (nodes removed 0 119)
Info    : It. 388500 - 388381 nodes created - worst tet radius 1.27474 (nodes removed 0 119)
Info    : It. 389000 - 388881 nodes created - worst tet radius 1.27419 (nodes removed 0 119)
Info    : It. 389500 - 389381 nodes created - worst tet radius 1.27367 (nodes removed 0 119)
Info    : It. 390000 - 389881 nodes created - worst tet radius 1.27312 (nodes removed 0 119)
Info    : It. 390500 - 390381 nodes created - worst tet radius 1.27258 (nodes removed 0 119)
Info    : It. 391000 - 390881 nodes created - worst tet radius 1.27205 (nodes removed 0 119)
Info    : It. 391500 - 391381 nodes created - worst tet radius 1.27151 (nodes removed 0 119)
Info    : It. 392000 - 391881 nodes created - worst tet radius 1.27095 (nodes removed 0 119)
Info    : It. 392500 - 392381 nodes created - worst tet radius 1.27045 (nodes removed 0 119)
Info    : It. 393000 - 392881 nodes created - worst tet radius 1.26995 (nodes removed 0 119)
Info    : It. 393500 - 393381 nodes created - worst tet radius 1.26941 (nodes removed 0 119)
Info    : It. 394000 - 393881 nodes created - worst tet radius 1.26883 (nodes removed 0 119)
Info    : It. 394500 - 394381 nodes created - worst tet radius 1.2683 (nodes removed 0 119)
Info    : It. 395000 - 394881 nodes created - worst tet radius 1.26772 (nodes removed 0 119)
Info    : It. 395500 - 395381 nodes created - worst tet radius 1.26721 (nodes removed 0 119)
Info    : It. 396000 - 395881 nodes created - worst tet radius 1.26671 (nodes removed 0 119)
Info    : It. 396500 - 396381 nodes created - worst tet radius 1.2662 (nodes removed 0 119)
Info    : It. 397000 - 396881 nodes created - worst tet radius 1.26566 (nodes removed 0 119)
Info    : It. 397500 - 397381 nodes created - worst tet radius 1.26513 (nodes removed 0 119)
Info    : It. 398000 - 397881 nodes created - worst tet radius 1.26461 (nodes removed 0 119)
Info    : It. 398500 - 398381 nodes created - worst tet radius 1.2641 (nodes removed 0 119)
Info    : It. 399000 - 398881 nodes created - worst tet radius 1.2636 (nodes removed 0 119)
Info    : It. 399500 - 399381 nodes created - worst tet radius 1.26304 (nodes removed 0 119)
Info    : It. 400000 - 399881 nodes created - worst tet radius 1.26254 (nodes removed 0 119)
Info    : It. 400500 - 400381 nodes created - worst tet radius 1.26202 (nodes removed 0 119)
Info    : It. 401000 - 400881 nodes created - worst tet radius 1.26146 (nodes removed 0 119)
Info    : It. 401500 - 401381 nodes created - worst tet radius 1.26096 (nodes removed 0 119)
Info    : It. 402000 - 401881 nodes created - worst tet radius 1.26046 (nodes removed 0 119)
Info    : It. 402500 - 402381 nodes created - worst tet radius 1.25993 (nodes removed 0 119)
Info    : It. 403000 - 402881 nodes created - worst tet radius 1.2594 (nodes removed 0 119)
Info    : It. 403500 - 403381 nodes created - worst tet radius 1.25891 (nodes removed 0 119)
Info    : It. 404000 - 403881 nodes created - worst tet radius 1.25841 (nodes removed 0 119)
Info    : It. 404500 - 404381 nodes created - worst tet radius 1.25787 (nodes removed 0 119)
Info    : It. 405000 - 404881 nodes created - worst tet radius 1.25737 (nodes removed 0 119)
Info    : It. 405500 - 405381 nodes created - worst tet radius 1.25681 (nodes removed 0 119)
Info    : It. 406000 - 405881 nodes created - worst tet radius 1.25628 (nodes removed 0 119)
Info    : It. 406500 - 406381 nodes created - worst tet radius 1.25578 (nodes removed 0 119)
Info    : It. 407000 - 406881 nodes created - worst tet radius 1.25525 (nodes removed 0 119)
Info    : It. 407500 - 407381 nodes created - worst tet radius 1.25473 (nodes removed 0 119)
Info    : It. 408000 - 407881 nodes created - worst tet radius 1.25422 (nodes removed 0 119)
Info    : It. 408500 - 408381 nodes created - worst tet radius 1.25366 (nodes removed 0 119)
Info    : It. 409000 - 408881 nodes created - worst tet radius 1.25316 (nodes removed 0 119)
Info    : It. 409500 - 409381 nodes created - worst tet radius 1.27775 (nodes removed 0 119)
Info    : It. 410000 - 409881 nodes created - worst tet radius 1.2521 (nodes removed 0 119)
Info    : It. 410500 - 410381 nodes created - worst tet radius 1.25159 (nodes removed 0 119)
Info    : It. 411000 - 410881 nodes created - worst tet radius 1.25102 (nodes removed 0 119)
Info    : It. 411500 - 411381 nodes created - worst tet radius 1.2505 (nodes removed 0 119)
Info    : It. 412000 - 411881 nodes created - worst tet radius 1.24999 (nodes removed 0 119)
Info    : It. 412500 - 412381 nodes created - worst tet radius 1.24948 (nodes removed 0 119)
Info    : It. 413000 - 412881 nodes created - worst tet radius 1.24899 (nodes removed 0 119)
Info    : It. 413500 - 413381 nodes created - worst tet radius 1.24847 (nodes removed 0 119)
Info    : It. 414000 - 413881 nodes created - worst tet radius 1.24796 (nodes removed 0 119)
Info    : It. 414500 - 414381 nodes created - worst tet radius 1.24743 (nodes removed 0 119)
Info    : It. 415000 - 414881 nodes created - worst tet radius 1.24691 (nodes removed 0 119)
Info    : It. 415500 - 415381 nodes created - worst tet radius 1.2464 (nodes removed 0 119)
Info    : It. 416000 - 415881 nodes created - worst tet radius 1.24584 (nodes removed 0 119)
Info    : It. 416500 - 416381 nodes created - worst tet radius 1.24531 (nodes removed 0 119)
Info    : It. 417000 - 416881 nodes created - worst tet radius 1.24479 (nodes removed 0 119)
Info    : It. 417500 - 417381 nodes created - worst tet radius 1.24428 (nodes removed 0 119)
Info    : It. 418000 - 417881 nodes created - worst tet radius 1.24376 (nodes removed 0 119)
Info    : It. 418500 - 418381 nodes created - worst tet radius 1.24323 (nodes removed 0 119)
Info    : It. 419000 - 418881 nodes created - worst tet radius 1.24269 (nodes removed 0 119)
Info    : It. 419500 - 419381 nodes created - worst tet radius 1.24221 (nodes removed 0 119)
Info    : It. 420000 - 419881 nodes created - worst tet radius 1.24171 (nodes removed 0 119)
Info    : It. 420500 - 420381 nodes created - worst tet radius 1.24117 (nodes removed 0 119)
Info    : It. 421000 - 420881 nodes created - worst tet radius 1.2407 (nodes removed 0 119)
Info    : It. 421500 - 421381 nodes created - worst tet radius 1.24019 (nodes removed 0 119)
Info    : It. 422000 - 421881 nodes created - worst tet radius 1.23972 (nodes removed 0 119)
Info    : It. 422500 - 422381 nodes created - worst tet radius 1.23923 (nodes removed 0 119)
Info    : It. 423000 - 422881 nodes created - worst tet radius 1.23876 (nodes removed 0 119)
Info    : It. 423500 - 423381 nodes created - worst tet radius 1.23826 (nodes removed 0 119)
Info    : It. 424000 - 423881 nodes created - worst tet radius 1.23773 (nodes removed 0 119)
Info    : It. 424500 - 424381 nodes created - worst tet radius 1.23726 (nodes removed 0 119)
Info    : It. 425000 - 424881 nodes created - worst tet radius 1.23672 (nodes removed 0 119)
Info    : It. 425500 - 425381 nodes created - worst tet radius 1.23622 (nodes removed 0 119)
Info    : It. 426000 - 425881 nodes created - worst tet radius 1.23573 (nodes removed 0 119)
Info    : It. 426500 - 426381 nodes created - worst tet radius 1.23522 (nodes removed 0 119)
Info    : It. 427000 - 426881 nodes created - worst tet radius 1.2347 (nodes removed 0 119)
Info    : It. 427500 - 427381 nodes created - worst tet radius 1.23423 (nodes removed 0 119)
Info    : It. 428000 - 427881 nodes created - worst tet radius 1.24262 (nodes removed 0 119)
Info    : It. 428500 - 428381 nodes created - worst tet radius 1.23322 (nodes removed 0 119)
Info    : It. 429000 - 428881 nodes created - worst tet radius 1.23279 (nodes removed 0 119)
Info    : It. 429500 - 429381 nodes created - worst tet radius 1.23225 (nodes removed 0 119)
Info    : It. 430000 - 429881 nodes created - worst tet radius 1.23177 (nodes removed 0 119)
Info    : It. 430500 - 430381 nodes created - worst tet radius 1.23129 (nodes removed 0 119)
Info    : It. 431000 - 430881 nodes created - worst tet radius 1.23081 (nodes removed 0 119)
Info    : It. 431500 - 431381 nodes created - worst tet radius 1.2303 (nodes removed 0 119)
Info    : It. 432000 - 431881 nodes created - worst tet radius 1.22982 (nodes removed 0 119)
Info    : It. 432500 - 432381 nodes created - worst tet radius 1.22937 (nodes removed 0 119)
Info    : It. 433000 - 432881 nodes created - worst tet radius 1.22886 (nodes removed 0 119)
Info    : It. 433500 - 433381 nodes created - worst tet radius 1.22839 (nodes removed 0 119)
Info    : It. 434000 - 433881 nodes created - worst tet radius 1.2279 (nodes removed 0 119)
Info    : It. 434500 - 434381 nodes created - worst tet radius 1.22747 (nodes removed 0 119)
Info    : It. 435000 - 434881 nodes created - worst tet radius 1.22698 (nodes removed 0 119)
Info    : It. 435500 - 435381 nodes created - worst tet radius 1.22654 (nodes removed 0 119)
Info    : It. 436000 - 435881 nodes created - worst tet radius 1.22604 (nodes removed 0 119)
Info    : It. 436500 - 436381 nodes created - worst tet radius 1.22555 (nodes removed 0 119)
Info    : It. 437000 - 436881 nodes created - worst tet radius 1.22508 (nodes removed 0 119)
Info    : It. 437500 - 437381 nodes created - worst tet radius 1.2246 (nodes removed 0 119)
Info    : It. 438000 - 437881 nodes created - worst tet radius 1.22413 (nodes removed 0 119)
Info    : It. 438500 - 438381 nodes created - worst tet radius 1.22365 (nodes removed 0 119)
Info    : It. 439000 - 438881 nodes created - worst tet radius 1.2232 (nodes removed 0 119)
Info    : It. 439500 - 439381 nodes created - worst tet radius 1.22272 (nodes removed 0 119)
Info    : It. 440000 - 439881 nodes created - worst tet radius 1.22225 (nodes removed 0 119)
Info    : It. 440500 - 440381 nodes created - worst tet radius 1.22179 (nodes removed 0 119)
Info    : It. 441000 - 440881 nodes created - worst tet radius 1.22132 (nodes removed 0 119)
Info    : It. 441500 - 441381 nodes created - worst tet radius 1.22088 (nodes removed 0 119)
Info    : It. 442000 - 441881 nodes created - worst tet radius 1.22039 (nodes removed 0 119)
Info    : It. 442500 - 442381 nodes created - worst tet radius 1.21995 (nodes removed 0 119)
Info    : It. 443000 - 442881 nodes created - worst tet radius 1.2195 (nodes removed 0 119)
Info    : It. 443500 - 443381 nodes created - worst tet radius 1.21902 (nodes removed 0 119)
Info    : It. 444000 - 443881 nodes created - worst tet radius 1.21855 (nodes removed 0 119)
Info    : It. 444500 - 444381 nodes created - worst tet radius 1.21807 (nodes removed 0 119)
Info    : It. 445000 - 444881 nodes created - worst tet radius 1.21762 (nodes removed 0 119)
Info    : It. 445500 - 445381 nodes created - worst tet radius 1.21718 (nodes removed 0 119)
Info    : It. 446000 - 445881 nodes created - worst tet radius 1.21671 (nodes removed 0 119)
Info    : It. 446500 - 446381 nodes created - worst tet radius 1.21626 (nodes removed 0 119)
Info    : It. 447000 - 446881 nodes created - worst tet radius 1.21578 (nodes removed 0 119)
Info    : It. 447500 - 447381 nodes created - worst tet radius 1.21534 (nodes removed 0 119)
Info    : It. 448000 - 447881 nodes created - worst tet radius 1.21484 (nodes removed 0 119)
Info    : It. 448500 - 448381 nodes created - worst tet radius 1.21439 (nodes removed 0 119)
Info    : It. 449000 - 448881 nodes created - worst tet radius 1.21392 (nodes removed 0 119)
Info    : It. 449500 - 449381 nodes created - worst tet radius 1.21348 (nodes removed 0 119)
Info    : It. 450000 - 449881 nodes created - worst tet radius 1.21301 (nodes removed 0 119)
Info    : It. 450500 - 450381 nodes created - worst tet radius 1.21256 (nodes removed 0 119)
Info    : It. 451000 - 450881 nodes created - worst tet radius 1.21211 (nodes removed 0 119)
Info    : It. 451500 - 451381 nodes created - worst tet radius 1.21165 (nodes removed 0 119)
Info    : It. 452000 - 451881 nodes created - worst tet radius 1.21122 (nodes removed 0 119)
Info    : It. 452500 - 452381 nodes created - worst tet radius 1.21081 (nodes removed 0 119)
Info    : It. 453000 - 452881 nodes created - worst tet radius 1.21034 (nodes removed 0 119)
Info    : It. 453500 - 453381 nodes created - worst tet radius 1.20987 (nodes removed 0 119)
Info    : It. 454000 - 453881 nodes created - worst tet radius 1.20944 (nodes removed 0 119)
Info    : It. 454500 - 454381 nodes created - worst tet radius 1.20898 (nodes removed 0 119)
Info    : It. 455000 - 454881 nodes created - worst tet radius 1.20855 (nodes removed 0 119)
Info    : It. 455500 - 455381 nodes created - worst tet radius 1.20817 (nodes removed 0 119)
Info    : It. 456000 - 455881 nodes created - worst tet radius 1.20772 (nodes removed 0 119)
Info    : It. 456500 - 456381 nodes created - worst tet radius 1.2073 (nodes removed 0 119)
Info    : It. 457000 - 456881 nodes created - worst tet radius 1.20686 (nodes removed 0 119)
Info    : It. 457500 - 457381 nodes created - worst tet radius 1.20644 (nodes removed 0 119)
Info    : It. 458000 - 457881 nodes created - worst tet radius 1.206 (nodes removed 0 119)
Info    : It. 458500 - 458381 nodes created - worst tet radius 1.20555 (nodes removed 0 119)
Info    : It. 459000 - 458881 nodes created - worst tet radius 1.20511 (nodes removed 0 119)
Info    : It. 459500 - 459381 nodes created - worst tet radius 1.2047 (nodes removed 0 119)
Info    : It. 460000 - 459881 nodes created - worst tet radius 1.20427 (nodes removed 0 119)
Info    : It. 460500 - 460381 nodes created - worst tet radius 1.20382 (nodes removed 0 119)
Info    : It. 461000 - 460881 nodes created - worst tet radius 1.20341 (nodes removed 0 119)
Info    : It. 461500 - 461381 nodes created - worst tet radius 1.20301 (nodes removed 0 119)
Info    : It. 462000 - 461881 nodes created - worst tet radius 1.20258 (nodes removed 0 119)
Info    : It. 462500 - 462381 nodes created - worst tet radius 1.20215 (nodes removed 0 119)
Info    : It. 463000 - 462881 nodes created - worst tet radius 1.20169 (nodes removed 0 119)
Info    : It. 463500 - 463381 nodes created - worst tet radius 1.20129 (nodes removed 0 119)
Info    : It. 464000 - 463881 nodes created - worst tet radius 1.20084 (nodes removed 0 119)
Info    : It. 464500 - 464381 nodes created - worst tet radius 1.20043 (nodes removed 0 119)
Info    : It. 465000 - 464881 nodes created - worst tet radius 1.20001 (nodes removed 0 119)
Info    : It. 465500 - 465381 nodes created - worst tet radius 1.19958 (nodes removed 0 119)
Info    : It. 466000 - 465881 nodes created - worst tet radius 1.19913 (nodes removed 0 119)
Info    : It. 466500 - 466381 nodes created - worst tet radius 1.19869 (nodes removed 0 119)
Info    : It. 467000 - 466881 nodes created - worst tet radius 1.19827 (nodes removed 0 119)
Info    : It. 467500 - 467381 nodes created - worst tet radius 1.19786 (nodes removed 0 119)
Info    : It. 468000 - 467881 nodes created - worst tet radius 1.19744 (nodes removed 0 119)
Info    : It. 468500 - 468381 nodes created - worst tet radius 1.197 (nodes removed 0 119)
Info    : It. 469000 - 468881 nodes created - worst tet radius 1.19662 (nodes removed 0 119)
Info    : It. 469500 - 469381 nodes created - worst tet radius 1.19621 (nodes removed 0 119)
Info    : It. 470000 - 469881 nodes created - worst tet radius 1.19579 (nodes removed 0 119)
Info    : It. 470500 - 470381 nodes created - worst tet radius 1.19539 (nodes removed 0 119)
Info    : It. 471000 - 470881 nodes created - worst tet radius 1.19494 (nodes removed 0 119)
Info    : It. 471500 - 471381 nodes created - worst tet radius 1.19452 (nodes removed 0 119)
Info    : It. 472000 - 471881 nodes created - worst tet radius 1.19411 (nodes removed 0 119)
Info    : It. 472500 - 472381 nodes created - worst tet radius 1.19368 (nodes removed 0 119)
Info    : It. 473000 - 472881 nodes created - worst tet radius 1.19325 (nodes removed 0 119)
Info    : It. 473500 - 473381 nodes created - worst tet radius 1.19283 (nodes removed 0 119)
Info    : It. 474000 - 473881 nodes created - worst tet radius 1.19242 (nodes removed 0 119)
Info    : It. 474500 - 474381 nodes created - worst tet radius 1.19202 (nodes removed 0 119)
Info    : It. 475000 - 474881 nodes created - worst tet radius 1.19162 (nodes removed 0 119)
Info    : It. 475500 - 475381 nodes created - worst tet radius 1.1912 (nodes removed 0 119)
Info    : It. 476000 - 475881 nodes created - worst tet radius 1.19078 (nodes removed 0 119)
Info    : It. 476500 - 476381 nodes created - worst tet radius 1.19035 (nodes removed 0 119)
Info    : It. 477000 - 476881 nodes created - worst tet radius 1.18994 (nodes removed 0 119)
Info    : It. 477500 - 477381 nodes created - worst tet radius 1.18955 (nodes removed 0 119)
Info    : It. 478000 - 477881 nodes created - worst tet radius 1.18916 (nodes removed 0 119)
Info    : It. 478500 - 478381 nodes created - worst tet radius 1.18877 (nodes removed 0 119)
Info    : It. 479000 - 478881 nodes created - worst tet radius 1.18836 (nodes removed 0 119)
Info    : It. 479500 - 479381 nodes created - worst tet radius 1.18795 (nodes removed 0 119)
Info    : It. 480000 - 479881 nodes created - worst tet radius 1.18753 (nodes removed 0 119)
Info    : It. 480500 - 480381 nodes created - worst tet radius 1.18712 (nodes removed 0 119)
Info    : It. 481000 - 480881 nodes created - worst tet radius 1.18671 (nodes removed 0 119)
Info    : It. 481500 - 481381 nodes created - worst tet radius 1.18633 (nodes removed 0 119)
Info    : It. 482000 - 481881 nodes created - worst tet radius 1.18593 (nodes removed 0 119)
Info    : It. 482500 - 482381 nodes created - worst tet radius 1.18551 (nodes removed 0 119)
Info    : It. 483000 - 482881 nodes created - worst tet radius 1.18516 (nodes removed 0 119)
Info    : It. 483500 - 483381 nodes created - worst tet radius 1.18479 (nodes removed 0 119)
Info    : It. 484000 - 483881 nodes created - worst tet radius 1.1844 (nodes removed 0 119)
Info    : It. 484500 - 484381 nodes created - worst tet radius 1.18402 (nodes removed 0 119)
Info    : It. 485000 - 484881 nodes created - worst tet radius 1.18364 (nodes removed 0 119)
Info    : It. 485500 - 485381 nodes created - worst tet radius 1.18326 (nodes removed 0 119)
Info    : It. 486000 - 485881 nodes created - worst tet radius 1.18287 (nodes removed 0 119)
Info    : It. 486500 - 486381 nodes created - worst tet radius 1.1825 (nodes removed 0 119)
Info    : It. 487000 - 486881 nodes created - worst tet radius 1.18213 (nodes removed 0 119)
Info    : It. 487500 - 487381 nodes created - worst tet radius 1.18176 (nodes removed 0 119)
Info    : It. 488000 - 487881 nodes created - worst tet radius 1.18139 (nodes removed 0 119)
Info    : It. 488500 - 488381 nodes created - worst tet radius 1.18103 (nodes removed 0 119)
Info    : It. 489000 - 488881 nodes created - worst tet radius 1.18065 (nodes removed 0 119)
Info    : It. 489500 - 489381 nodes created - worst tet radius 1.18029 (nodes removed 0 119)
Info    : It. 490000 - 489881 nodes created - worst tet radius 1.17992 (nodes removed 0 119)
Info    : It. 490500 - 490381 nodes created - worst tet radius 1.17956 (nodes removed 0 119)
Info    : It. 491000 - 490881 nodes created - worst tet radius 1.17917 (nodes removed 0 119)
Info    : It. 491500 - 491381 nodes created - worst tet radius 1.17881 (nodes removed 0 119)
Info    : It. 492000 - 491881 nodes created - worst tet radius 1.17841 (nodes removed 0 119)
Info    : It. 492500 - 492381 nodes created - worst tet radius 1.17803 (nodes removed 0 119)
Info    : It. 493000 - 492881 nodes created - worst tet radius 1.17766 (nodes removed 0 119)
Info    : It. 493500 - 493381 nodes created - worst tet radius 1.17727 (nodes removed 0 119)
Info    : It. 494000 - 493881 nodes created - worst tet radius 1.17689 (nodes removed 0 119)
Info    : It. 494500 - 494381 nodes created - worst tet radius 1.17652 (nodes removed 0 119)
Info    : It. 495000 - 494881 nodes created - worst tet radius 1.17612 (nodes removed 0 119)
Info    : It. 495500 - 495381 nodes created - worst tet radius 1.17571 (nodes removed 0 119)
Info    : It. 496000 - 495881 nodes created - worst tet radius 1.1753 (nodes removed 0 119)
Info    : It. 496500 - 496381 nodes created - worst tet radius 1.17489 (nodes removed 0 119)
Info    : It. 497000 - 496881 nodes created - worst tet radius 1.17451 (nodes removed 0 119)
Info    : It. 497500 - 497381 nodes created - worst tet radius 1.17413 (nodes removed 0 119)
Info    : It. 498000 - 497881 nodes created - worst tet radius 1.17374 (nodes removed 0 119)
Info    : It. 498500 - 498381 nodes created - worst tet radius 1.17339 (nodes removed 0 119)
Info    : It. 499000 - 498881 nodes created - worst tet radius 1.17304 (nodes removed 0 119)
Info    : It. 499500 - 499381 nodes created - worst tet radius 1.17265 (nodes removed 0 119)
Info    : It. 500000 - 499881 nodes created - worst tet radius 1.17228 (nodes removed 0 119)
Info    : It. 500500 - 500381 nodes created - worst tet radius 1.17192 (nodes removed 0 119)
Info    : It. 501000 - 500881 nodes created - worst tet radius 1.17156 (nodes removed 0 119)
Info    : It. 501500 - 501381 nodes created - worst tet radius 1.17117 (nodes removed 0 119)
Info    : It. 502000 - 501881 nodes created - worst tet radius 1.17081 (nodes removed 0 119)
Info    : It. 502500 - 502381 nodes created - worst tet radius 1.17045 (nodes removed 0 119)
Info    : It. 503000 - 502881 nodes created - worst tet radius 1.17006 (nodes removed 0 119)
Info    : It. 503500 - 503381 nodes created - worst tet radius 1.16971 (nodes removed 0 119)
Info    : It. 504000 - 503881 nodes created - worst tet radius 1.16937 (nodes removed 0 119)
Info    : It. 504500 - 504381 nodes created - worst tet radius 1.16903 (nodes removed 0 119)
Info    : It. 505000 - 504881 nodes created - worst tet radius 1.16867 (nodes removed 0 119)
Info    : It. 505500 - 505381 nodes created - worst tet radius 1.1683 (nodes removed 0 119)
Info    : It. 506000 - 505881 nodes created - worst tet radius 1.16794 (nodes removed 0 119)
Info    : It. 506500 - 506381 nodes created - worst tet radius 1.16759 (nodes removed 0 119)
Info    : It. 507000 - 506881 nodes created - worst tet radius 1.16726 (nodes removed 0 119)
Info    : It. 507500 - 507381 nodes created - worst tet radius 1.16693 (nodes removed 0 119)
Info    : It. 508000 - 507881 nodes created - worst tet radius 1.16659 (nodes removed 0 119)
Info    : It. 508500 - 508381 nodes created - worst tet radius 1.16625 (nodes removed 0 119)
Info    : It. 509000 - 508881 nodes created - worst tet radius 1.1659 (nodes removed 0 119)
Info    : It. 509500 - 509381 nodes created - worst tet radius 1.16554 (nodes removed 0 119)
Info    : It. 510000 - 509881 nodes created - worst tet radius 1.16521 (nodes removed 0 119)
Info    : It. 510500 - 510381 nodes created - worst tet radius 1.16484 (nodes removed 0 119)
Info    : It. 511000 - 510881 nodes created - worst tet radius 1.1645 (nodes removed 0 119)
Info    : It. 511500 - 511381 nodes created - worst tet radius 1.16414 (nodes removed 0 119)
Info    : It. 512000 - 511881 nodes created - worst tet radius 1.16379 (nodes removed 0 119)
Info    : It. 512500 - 512381 nodes created - worst tet radius 1.16344 (nodes removed 0 119)
Info    : It. 513000 - 512881 nodes created - worst tet radius 1.16307 (nodes removed 0 119)
Info    : It. 513500 - 513381 nodes created - worst tet radius 1.16273 (nodes removed 0 119)
Info    : It. 514000 - 513881 nodes created - worst tet radius 1.16242 (nodes removed 0 119)
Info    : It. 514500 - 514381 nodes created - worst tet radius 1.16209 (nodes removed 0 119)
Info    : It. 515000 - 514881 nodes created - worst tet radius 1.16179 (nodes removed 0 119)
Info    : It. 515500 - 515381 nodes created - worst tet radius 1.16149 (nodes removed 0 119)
Info    : It. 516000 - 515881 nodes created - worst tet radius 1.16118 (nodes removed 0 119)
Info    : It. 516500 - 516381 nodes created - worst tet radius 1.16088 (nodes removed 0 119)
Info    : It. 517000 - 516881 nodes created - worst tet radius 1.16057 (nodes removed 0 119)
Info    : It. 517500 - 517381 nodes created - worst tet radius 1.16025 (nodes removed 0 119)
Info    : It. 518000 - 517881 nodes created - worst tet radius 1.15995 (nodes removed 0 119)
Info    : It. 518500 - 518381 nodes created - worst tet radius 1.15962 (nodes removed 0 119)
Info    : It. 519000 - 518881 nodes created - worst tet radius 1.15931 (nodes removed 0 119)
Info    : It. 519500 - 519381 nodes created - worst tet radius 1.15897 (nodes removed 0 119)
Info    : It. 520000 - 519881 nodes created - worst tet radius 1.15866 (nodes removed 0 119)
Info    : It. 520500 - 520381 nodes created - worst tet radius 1.15836 (nodes removed 0 119)
Info    : It. 521000 - 520881 nodes created - worst tet radius 1.15805 (nodes removed 0 119)
Info    : It. 521500 - 521381 nodes created - worst tet radius 1.15773 (nodes removed 0 119)
Info    : It. 522000 - 521881 nodes created - worst tet radius 1.15742 (nodes removed 0 119)
Info    : It. 522500 - 522381 nodes created - worst tet radius 1.15711 (nodes removed 0 119)
Info    : It. 523000 - 522881 nodes created - worst tet radius 1.1568 (nodes removed 0 119)
Info    : It. 523500 - 523381 nodes created - worst tet radius 1.15649 (nodes removed 0 119)
Info    : It. 524000 - 523881 nodes created - worst tet radius 1.15618 (nodes removed 0 119)
Info    : It. 524500 - 524381 nodes created - worst tet radius 1.15588 (nodes removed 0 119)
Info    : It. 525000 - 524881 nodes created - worst tet radius 1.15556 (nodes removed 0 119)
Info    : It. 525500 - 525381 nodes created - worst tet radius 1.15524 (nodes removed 0 119)
Info    : It. 526000 - 525881 nodes created - worst tet radius 1.15493 (nodes removed 0 119)
Info    : It. 526500 - 526381 nodes created - worst tet radius 1.15461 (nodes removed 0 119)
Info    : It. 527000 - 526881 nodes created - worst tet radius 1.15424 (nodes removed 0 119)
Info    : It. 527500 - 527381 nodes created - worst tet radius 1.1539 (nodes removed 0 119)
Info    : It. 528000 - 527881 nodes created - worst tet radius 1.15356 (nodes removed 0 119)
Info    : It. 528500 - 528381 nodes created - worst tet radius 1.15323 (nodes removed 0 119)
Info    : It. 529000 - 528881 nodes created - worst tet radius 1.15284 (nodes removed 0 119)
Info    : It. 529500 - 529381 nodes created - worst tet radius 1.15248 (nodes removed 0 119)
Info    : It. 530000 - 529881 nodes created - worst tet radius 1.15214 (nodes removed 0 119)
Info    : It. 530500 - 530381 nodes created - worst tet radius 1.15178 (nodes removed 0 119)
Info    : It. 531000 - 530881 nodes created - worst tet radius 1.15143 (nodes removed 0 119)
Info    : It. 531500 - 531381 nodes created - worst tet radius 1.15111 (nodes removed 0 119)
Info    : It. 532000 - 531881 nodes created - worst tet radius 1.15074 (nodes removed 0 119)
Info    : It. 532500 - 532381 nodes created - worst tet radius 1.1504 (nodes removed 0 119)
Info    : It. 533000 - 532881 nodes created - worst tet radius 1.15007 (nodes removed 0 119)
Info    : It. 533500 - 533381 nodes created - worst tet radius 1.14972 (nodes removed 0 119)
Info    : It. 534000 - 533881 nodes created - worst tet radius 1.14935 (nodes removed 0 119)
Info    : It. 534500 - 534381 nodes created - worst tet radius 1.14902 (nodes removed 0 119)
Info    : It. 535000 - 534881 nodes created - worst tet radius 1.14869 (nodes removed 0 119)
Info    : It. 535500 - 535381 nodes created - worst tet radius 1.14835 (nodes removed 0 119)
Info    : It. 536000 - 535881 nodes created - worst tet radius 1.14802 (nodes removed 0 119)
Info    : It. 536500 - 536381 nodes created - worst tet radius 1.1477 (nodes removed 0 119)
Info    : It. 537000 - 536881 nodes created - worst tet radius 1.14738 (nodes removed 0 119)
Info    : It. 537500 - 537381 nodes created - worst tet radius 1.14706 (nodes removed 0 119)
Info    : It. 538000 - 537881 nodes created - worst tet radius 1.14674 (nodes removed 0 119)
Info    : It. 538500 - 538381 nodes created - worst tet radius 1.14643 (nodes removed 0 119)
Info    : It. 539000 - 538881 nodes created - worst tet radius 1.14607 (nodes removed 0 119)
Info    : It. 539500 - 539381 nodes created - worst tet radius 1.14574 (nodes removed 0 119)
Info    : It. 540000 - 539881 nodes created - worst tet radius 1.14541 (nodes removed 0 119)
Info    : It. 540500 - 540381 nodes created - worst tet radius 1.14508 (nodes removed 0 119)
Info    : It. 541000 - 540881 nodes created - worst tet radius 1.14474 (nodes removed 0 119)
Info    : It. 541500 - 541381 nodes created - worst tet radius 1.14442 (nodes removed 0 119)
Info    : It. 542000 - 541881 nodes created - worst tet radius 1.14411 (nodes removed 0 119)
Info    : It. 542500 - 542381 nodes created - worst tet radius 1.14379 (nodes removed 0 119)
Info    : It. 543000 - 542881 nodes created - worst tet radius 1.14349 (nodes removed 0 119)
Info    : It. 543500 - 543381 nodes created - worst tet radius 1.14314 (nodes removed 0 119)
Info    : It. 544000 - 543881 nodes created - worst tet radius 1.14284 (nodes removed 0 119)
Info    : It. 544500 - 544381 nodes created - worst tet radius 1.14248 (nodes removed 0 119)
Info    : It. 545000 - 544881 nodes created - worst tet radius 1.14212 (nodes removed 0 119)
Info    : It. 545500 - 545381 nodes created - worst tet radius 1.14181 (nodes removed 0 119)
Info    : It. 546000 - 545881 nodes created - worst tet radius 1.14148 (nodes removed 0 119)
Info    : It. 546500 - 546381 nodes created - worst tet radius 1.14116 (nodes removed 0 119)
Info    : It. 547000 - 546881 nodes created - worst tet radius 1.14085 (nodes removed 0 119)
Info    : It. 547500 - 547381 nodes created - worst tet radius 1.14053 (nodes removed 0 119)
Info    : It. 548000 - 547881 nodes created - worst tet radius 1.14021 (nodes removed 0 119)
Info    : It. 548500 - 548381 nodes created - worst tet radius 1.13987 (nodes removed 0 119)
Info    : It. 549000 - 548881 nodes created - worst tet radius 1.13956 (nodes removed 0 119)
Info    : It. 549500 - 549381 nodes created - worst tet radius 1.13926 (nodes removed 0 119)
Info    : It. 550000 - 549881 nodes created - worst tet radius 1.13896 (nodes removed 0 119)
Info    : It. 550500 - 550381 nodes created - worst tet radius 1.13863 (nodes removed 0 119)
Info    : It. 551000 - 550881 nodes created - worst tet radius 1.13831 (nodes removed 0 119)
Info    : It. 551500 - 551381 nodes created - worst tet radius 1.13797 (nodes removed 0 119)
Info    : It. 552000 - 551881 nodes created - worst tet radius 1.13767 (nodes removed 0 119)
Info    : It. 552500 - 552381 nodes created - worst tet radius 1.13733 (nodes removed 0 119)
Info    : It. 553000 - 552881 nodes created - worst tet radius 1.13702 (nodes removed 0 119)
Info    : It. 553500 - 553381 nodes created - worst tet radius 1.13672 (nodes removed 0 119)
Info    : It. 554000 - 553881 nodes created - worst tet radius 1.1364 (nodes removed 0 119)
Info    : It. 554500 - 554381 nodes created - worst tet radius 1.13609 (nodes removed 0 119)
Info    : It. 555000 - 554881 nodes created - worst tet radius 1.13577 (nodes removed 0 119)
Info    : It. 555500 - 555381 nodes created - worst tet radius 1.13546 (nodes removed 0 119)
Info    : It. 556000 - 555881 nodes created - worst tet radius 1.13514 (nodes removed 0 119)
Info    : It. 556500 - 556381 nodes created - worst tet radius 1.13479 (nodes removed 0 119)
Info    : It. 557000 - 556881 nodes created - worst tet radius 1.13449 (nodes removed 0 119)
Info    : It. 557500 - 557381 nodes created - worst tet radius 1.13418 (nodes removed 0 119)
Info    : It. 558000 - 557881 nodes created - worst tet radius 1.1339 (nodes removed 0 119)
Info    : It. 558500 - 558381 nodes created - worst tet radius 1.13357 (nodes removed 0 119)
Info    : It. 559000 - 558881 nodes created - worst tet radius 1.13326 (nodes removed 0 119)
Info    : It. 559500 - 559381 nodes created - worst tet radius 1.13297 (nodes removed 0 119)
Info    : It. 560000 - 559881 nodes created - worst tet radius 1.13265 (nodes removed 0 119)
Info    : It. 560500 - 560381 nodes created - worst tet radius 1.13235 (nodes removed 0 119)
Info    : It. 561000 - 560881 nodes created - worst tet radius 1.13203 (nodes removed 0 119)
Info    : It. 561500 - 561381 nodes created - worst tet radius 1.13172 (nodes removed 0 119)
Info    : It. 562000 - 561881 nodes created - worst tet radius 1.13141 (nodes removed 0 119)
Info    : It. 562500 - 562381 nodes created - worst tet radius 1.13112 (nodes removed 0 119)
Info    : It. 563000 - 562881 nodes created - worst tet radius 1.13082 (nodes removed 0 119)
Info    : It. 563500 - 563381 nodes created - worst tet radius 1.13049 (nodes removed 0 119)
Info    : It. 564000 - 563881 nodes created - worst tet radius 1.13015 (nodes removed 0 119)
Info    : It. 564500 - 564381 nodes created - worst tet radius 1.12983 (nodes removed 0 119)
Info    : It. 565000 - 564881 nodes created - worst tet radius 1.1295 (nodes removed 0 119)
Info    : It. 565500 - 565381 nodes created - worst tet radius 1.12918 (nodes removed 0 119)
Info    : It. 566000 - 565881 nodes created - worst tet radius 1.12887 (nodes removed 0 119)
Info    : It. 566500 - 566381 nodes created - worst tet radius 1.12856 (nodes removed 0 119)
Info    : It. 567000 - 566881 nodes created - worst tet radius 1.12828 (nodes removed 0 119)
Info    : It. 567500 - 567381 nodes created - worst tet radius 1.128 (nodes removed 0 119)
Info    : It. 568000 - 567881 nodes created - worst tet radius 1.12771 (nodes removed 0 119)
Info    : It. 568500 - 568381 nodes created - worst tet radius 1.1274 (nodes removed 0 119)
Info    : It. 569000 - 568881 nodes created - worst tet radius 1.12708 (nodes removed 0 119)
Info    : It. 569500 - 569381 nodes created - worst tet radius 1.12679 (nodes removed 0 119)
Info    : It. 570000 - 569881 nodes created - worst tet radius 1.12652 (nodes removed 0 119)
Info    : It. 570500 - 570381 nodes created - worst tet radius 1.12625 (nodes removed 0 119)
Info    : It. 571000 - 570881 nodes created - worst tet radius 1.12598 (nodes removed 0 119)
Info    : It. 571500 - 571381 nodes created - worst tet radius 1.1257 (nodes removed 0 119)
Info    : It. 572000 - 571881 nodes created - worst tet radius 1.12543 (nodes removed 0 119)
Info    : It. 572500 - 572381 nodes created - worst tet radius 1.12516 (nodes removed 0 119)
Info    : It. 573000 - 572881 nodes created - worst tet radius 1.12489 (nodes removed 0 119)
Info    : It. 573500 - 573381 nodes created - worst tet radius 1.12462 (nodes removed 0 119)
Info    : It. 574000 - 573881 nodes created - worst tet radius 1.12434 (nodes removed 0 119)
Info    : It. 574500 - 574381 nodes created - worst tet radius 1.12404 (nodes removed 0 119)
Info    : It. 575000 - 574881 nodes created - worst tet radius 1.12375 (nodes removed 0 119)
Info    : It. 575500 - 575381 nodes created - worst tet radius 1.12347 (nodes removed 0 119)
Info    : It. 576000 - 575881 nodes created - worst tet radius 1.12321 (nodes removed 0 119)
Info    : It. 576500 - 576381 nodes created - worst tet radius 1.12293 (nodes removed 0 119)
Info    : It. 577000 - 576881 nodes created - worst tet radius 1.14396 (nodes removed 0 119)
Info    : It. 577500 - 577381 nodes created - worst tet radius 1.12235 (nodes removed 0 119)
Info    : It. 578000 - 577881 nodes created - worst tet radius 1.12207 (nodes removed 0 119)
Info    : It. 578500 - 578381 nodes created - worst tet radius 1.1218 (nodes removed 0 119)
Info    : It. 579000 - 578881 nodes created - worst tet radius 1.12153 (nodes removed 0 119)
Info    : It. 579500 - 579381 nodes created - worst tet radius 1.12125 (nodes removed 0 119)
Info    : It. 580000 - 579881 nodes created - worst tet radius 1.12097 (nodes removed 0 119)
Info    : It. 580500 - 580381 nodes created - worst tet radius 1.12069 (nodes removed 0 119)
Info    : It. 581000 - 580881 nodes created - worst tet radius 1.12039 (nodes removed 0 119)
Info    : It. 581500 - 581381 nodes created - worst tet radius 1.12013 (nodes removed 0 119)
Info    : It. 582000 - 581881 nodes created - worst tet radius 1.11988 (nodes removed 0 119)
Info    : It. 582500 - 582381 nodes created - worst tet radius 1.11959 (nodes removed 0 119)
Info    : It. 583000 - 582881 nodes created - worst tet radius 1.11929 (nodes removed 0 119)
Info    : It. 583500 - 583381 nodes created - worst tet radius 1.11901 (nodes removed 0 119)
Info    : It. 584000 - 583881 nodes created - worst tet radius 1.11874 (nodes removed 0 119)
Info    : It. 584500 - 584381 nodes created - worst tet radius 1.11847 (nodes removed 0 119)
Info    : It. 585000 - 584881 nodes created - worst tet radius 1.11821 (nodes removed 0 119)
Info    : It. 585500 - 585381 nodes created - worst tet radius 1.11794 (nodes removed 0 119)
Info    : It. 586000 - 585881 nodes created - worst tet radius 1.1177 (nodes removed 0 119)
Info    : It. 586500 - 586381 nodes created - worst tet radius 1.11742 (nodes removed 0 119)
Info    : It. 587000 - 586881 nodes created - worst tet radius 1.11715 (nodes removed 0 119)
Info    : It. 587500 - 587381 nodes created - worst tet radius 1.1169 (nodes removed 0 119)
Info    : It. 588000 - 587881 nodes created - worst tet radius 1.11664 (nodes removed 0 119)
Info    : It. 588500 - 588381 nodes created - worst tet radius 1.11636 (nodes removed 0 119)
Info    : It. 589000 - 588881 nodes created - worst tet radius 1.11608 (nodes removed 0 119)
Info    : It. 589500 - 589381 nodes created - worst tet radius 1.1158 (nodes removed 0 119)
Info    : It. 590000 - 589881 nodes created - worst tet radius 1.11552 (nodes removed 0 119)
Info    : It. 590500 - 590381 nodes created - worst tet radius 1.11525 (nodes removed 0 119)
Info    : It. 591000 - 590881 nodes created - worst tet radius 1.11496 (nodes removed 0 119)
Info    : It. 591500 - 591381 nodes created - worst tet radius 1.11469 (nodes removed 0 119)
Info    : It. 592000 - 591881 nodes created - worst tet radius 1.11442 (nodes removed 0 119)
Info    : It. 592500 - 592381 nodes created - worst tet radius 1.11413 (nodes removed 0 119)
Info    : It. 593000 - 592881 nodes created - worst tet radius 1.11385 (nodes removed 0 119)
Info    : It. 593500 - 593381 nodes created - worst tet radius 1.11357 (nodes removed 0 119)
Info    : It. 594000 - 593881 nodes created - worst tet radius 1.1133 (nodes removed 0 119)
Info    : It. 594500 - 594381 nodes created - worst tet radius 1.11303 (nodes removed 0 119)
Info    : It. 595000 - 594881 nodes created - worst tet radius 1.11274 (nodes removed 0 119)
Info    : It. 595500 - 595381 nodes created - worst tet radius 1.11247 (nodes removed 0 119)
Info    : It. 596000 - 595881 nodes created - worst tet radius 1.1122 (nodes removed 0 119)
Info    : It. 596500 - 596381 nodes created - worst tet radius 1.11189 (nodes removed 0 119)
Info    : It. 597000 - 596881 nodes created - worst tet radius 1.14233 (nodes removed 0 119)
Info    : It. 597500 - 597381 nodes created - worst tet radius 1.11134 (nodes removed 0 119)
Info    : It. 598000 - 597881 nodes created - worst tet radius 1.11107 (nodes removed 0 119)
Info    : It. 598500 - 598381 nodes created - worst tet radius 1.11079 (nodes removed 0 119)
Info    : It. 599000 - 598881 nodes created - worst tet radius 1.11048 (nodes removed 0 119)
Info    : It. 599500 - 599381 nodes created - worst tet radius 1.1102 (nodes removed 0 119)
Info    : It. 600000 - 599881 nodes created - worst tet radius 1.1099 (nodes removed 0 119)
Info    : It. 600500 - 600381 nodes created - worst tet radius 1.10962 (nodes removed 0 119)
Info    : It. 601000 - 600881 nodes created - worst tet radius 1.10934 (nodes removed 0 119)
Info    : It. 601500 - 601381 nodes created - worst tet radius 1.10906 (nodes removed 0 119)
Info    : It. 602000 - 601881 nodes created - worst tet radius 1.10877 (nodes removed 0 119)
Info    : It. 602500 - 602381 nodes created - worst tet radius 1.10848 (nodes removed 0 119)
Info    : It. 603000 - 602881 nodes created - worst tet radius 1.10818 (nodes removed 0 119)
Info    : It. 603500 - 603381 nodes created - worst tet radius 1.10788 (nodes removed 0 119)
Info    : It. 604000 - 603881 nodes created - worst tet radius 1.10761 (nodes removed 0 119)
Info    : It. 604500 - 604381 nodes created - worst tet radius 1.10734 (nodes removed 0 119)
Info    : It. 605000 - 604881 nodes created - worst tet radius 1.10706 (nodes removed 0 119)
Info    : It. 605500 - 605381 nodes created - worst tet radius 1.10678 (nodes removed 0 119)
Info    : It. 606000 - 605881 nodes created - worst tet radius 1.1065 (nodes removed 0 119)
Info    : It. 606500 - 606381 nodes created - worst tet radius 1.10621 (nodes removed 0 119)
Info    : It. 607000 - 606881 nodes created - worst tet radius 1.10594 (nodes removed 0 119)
Info    : It. 607500 - 607381 nodes created - worst tet radius 1.10567 (nodes removed 0 119)
Info    : It. 608000 - 607881 nodes created - worst tet radius 1.1054 (nodes removed 0 119)
Info    : It. 608500 - 608381 nodes created - worst tet radius 1.10513 (nodes removed 0 119)
Info    : It. 609000 - 608881 nodes created - worst tet radius 1.10487 (nodes removed 0 119)
Info    : It. 609500 - 609381 nodes created - worst tet radius 1.10459 (nodes removed 0 119)
Info    : It. 610000 - 609881 nodes created - worst tet radius 1.10432 (nodes removed 0 119)
Info    : It. 610500 - 610381 nodes created - worst tet radius 1.10407 (nodes removed 0 119)
Info    : It. 611000 - 610881 nodes created - worst tet radius 1.10381 (nodes removed 0 119)
Info    : It. 611500 - 611381 nodes created - worst tet radius 1.10355 (nodes removed 0 119)
Info    : It. 612000 - 611881 nodes created - worst tet radius 1.10331 (nodes removed 0 119)
Info    : It. 612500 - 612381 nodes created - worst tet radius 1.10305 (nodes removed 0 119)
Info    : It. 613000 - 612881 nodes created - worst tet radius 1.1028 (nodes removed 0 119)
Info    : It. 613500 - 613381 nodes created - worst tet radius 1.10252 (nodes removed 0 119)
Info    : It. 614000 - 613881 nodes created - worst tet radius 1.10226 (nodes removed 0 119)
Info    : It. 614500 - 614381 nodes created - worst tet radius 1.10198 (nodes removed 0 119)
Info    : It. 615000 - 614881 nodes created - worst tet radius 1.10171 (nodes removed 0 119)
Info    : It. 615500 - 615381 nodes created - worst tet radius 1.10143 (nodes removed 0 119)
Info    : It. 616000 - 615881 nodes created - worst tet radius 1.10118 (nodes removed 0 119)
Info    : It. 616500 - 616381 nodes created - worst tet radius 1.10092 (nodes removed 0 119)
Info    : It. 617000 - 616881 nodes created - worst tet radius 1.10067 (nodes removed 0 119)
Info    : It. 617500 - 617381 nodes created - worst tet radius 1.10042 (nodes removed 0 119)
Info    : It. 618000 - 617881 nodes created - worst tet radius 1.10014 (nodes removed 0 119)
Info    : It. 618500 - 618381 nodes created - worst tet radius 1.09987 (nodes removed 0 119)
Info    : It. 619000 - 618881 nodes created - worst tet radius 1.0996 (nodes removed 0 119)
Info    : It. 619500 - 619381 nodes created - worst tet radius 1.09931 (nodes removed 0 119)
Info    : It. 620000 - 619881 nodes created - worst tet radius 1.09905 (nodes removed 0 119)
Info    : It. 620500 - 620381 nodes created - worst tet radius 1.09877 (nodes removed 0 119)
Info    : It. 621000 - 620881 nodes created - worst tet radius 1.12747 (nodes removed 0 119)
Info    : It. 621500 - 621381 nodes created - worst tet radius 1.09821 (nodes removed 0 119)
Info    : It. 622000 - 621881 nodes created - worst tet radius 1.09795 (nodes removed 0 119)
Info    : It. 622500 - 622381 nodes created - worst tet radius 1.09769 (nodes removed 0 119)
Info    : It. 623000 - 622881 nodes created - worst tet radius 1.09743 (nodes removed 0 119)
Info    : It. 623500 - 623381 nodes created - worst tet radius 1.09716 (nodes removed 0 119)
Info    : It. 624000 - 623881 nodes created - worst tet radius 1.0969 (nodes removed 0 119)
Info    : It. 624500 - 624381 nodes created - worst tet radius 1.09665 (nodes removed 0 119)
Info    : It. 625000 - 624881 nodes created - worst tet radius 1.09639 (nodes removed 0 119)
Info    : It. 625500 - 625381 nodes created - worst tet radius 1.09612 (nodes removed 0 119)
Info    : It. 626000 - 625881 nodes created - worst tet radius 1.09584 (nodes removed 0 119)
Info    : It. 626500 - 626381 nodes created - worst tet radius 1.09559 (nodes removed 0 119)
Info    : It. 627000 - 626881 nodes created - worst tet radius 1.09534 (nodes removed 0 119)
Info    : It. 627500 - 627381 nodes created - worst tet radius 1.09507 (nodes removed 0 119)
Info    : It. 628000 - 627881 nodes created - worst tet radius 1.09482 (nodes removed 0 119)
Info    : It. 628500 - 628381 nodes created - worst tet radius 1.09456 (nodes removed 0 119)
Info    : It. 629000 - 628881 nodes created - worst tet radius 1.0943 (nodes removed 0 119)
Info    : It. 629500 - 629381 nodes created - worst tet radius 1.09404 (nodes removed 0 119)
Info    : It. 630000 - 629881 nodes created - worst tet radius 1.09378 (nodes removed 0 119)
Info    : It. 630500 - 630381 nodes created - worst tet radius 1.09351 (nodes removed 0 119)
Info    : It. 631000 - 630881 nodes created - worst tet radius 1.09325 (nodes removed 0 119)
Info    : It. 631500 - 631381 nodes created - worst tet radius 1.09298 (nodes removed 0 119)
Info    : It. 632000 - 631881 nodes created - worst tet radius 1.0927 (nodes removed 0 119)
Info    : It. 632500 - 632381 nodes created - worst tet radius 1.09243 (nodes removed 0 119)
Info    : It. 633000 - 632881 nodes created - worst tet radius 1.09214 (nodes removed 0 119)
Info    : It. 633500 - 633381 nodes created - worst tet radius 1.0919 (nodes removed 0 119)
Info    : It. 634000 - 633881 nodes created - worst tet radius 1.09164 (nodes removed 0 119)
Info    : It. 634500 - 634381 nodes created - worst tet radius 1.0914 (nodes removed 0 119)
Info    : It. 635000 - 634881 nodes created - worst tet radius 1.09114 (nodes removed 0 119)
Info    : It. 635500 - 635381 nodes created - worst tet radius 1.09087 (nodes removed 0 119)
Info    : It. 636000 - 635881 nodes created - worst tet radius 1.0906 (nodes removed 0 119)
Info    : It. 636500 - 636381 nodes created - worst tet radius 1.09034 (nodes removed 0 119)
Info    : It. 637000 - 636881 nodes created - worst tet radius 1.09008 (nodes removed 0 119)
Info    : It. 637500 - 637381 nodes created - worst tet radius 1.08981 (nodes removed 0 119)
Info    : It. 638000 - 637881 nodes created - worst tet radius 1.08955 (nodes removed 0 119)
Info    : It. 638500 - 638381 nodes created - worst tet radius 1.08927 (nodes removed 0 119)
Info    : It. 639000 - 638881 nodes created - worst tet radius 1.089 (nodes removed 0 119)
Info    : It. 639500 - 639381 nodes created - worst tet radius 1.08871 (nodes removed 0 119)
Info    : It. 640000 - 639881 nodes created - worst tet radius 1.08845 (nodes removed 0 119)
Info    : It. 640500 - 640381 nodes created - worst tet radius 1.08818 (nodes removed 0 119)
Info    : It. 641000 - 640881 nodes created - worst tet radius 1.08792 (nodes removed 0 119)
Info    : It. 641500 - 641381 nodes created - worst tet radius 1.08765 (nodes removed 0 119)
Info    : It. 642000 - 641881 nodes created - worst tet radius 1.08737 (nodes removed 0 119)
Info    : It. 642500 - 642381 nodes created - worst tet radius 1.0871 (nodes removed 0 119)
Info    : It. 643000 - 642881 nodes created - worst tet radius 1.08686 (nodes removed 0 119)
Info    : It. 643500 - 643381 nodes created - worst tet radius 1.08661 (nodes removed 0 119)
Info    : It. 644000 - 643881 nodes created - worst tet radius 1.08635 (nodes removed 0 119)
Info    : It. 644500 - 644381 nodes created - worst tet radius 1.08608 (nodes removed 0 119)
Info    : It. 645000 - 644881 nodes created - worst tet radius 1.0858 (nodes removed 0 119)
Info    : It. 645500 - 645381 nodes created - worst tet radius 1.08556 (nodes removed 0 119)
Info    : It. 646000 - 645881 nodes created - worst tet radius 1.08528 (nodes removed 0 119)
Info    : It. 646500 - 646381 nodes created - worst tet radius 1.08502 (nodes removed 0 119)
Info    : It. 647000 - 646881 nodes created - worst tet radius 1.08473 (nodes removed 0 119)
Info    : It. 647500 - 647381 nodes created - worst tet radius 1.08447 (nodes removed 0 119)
Info    : It. 648000 - 647881 nodes created - worst tet radius 1.08421 (nodes removed 0 119)
Info    : It. 648500 - 648381 nodes created - worst tet radius 1.08396 (nodes removed 0 119)
Info    : It. 649000 - 648881 nodes created - worst tet radius 1.08372 (nodes removed 0 119)
Info    : It. 649500 - 649381 nodes created - worst tet radius 1.08349 (nodes removed 0 119)
Info    : It. 650000 - 649881 nodes created - worst tet radius 1.08323 (nodes removed 0 119)
Info    : It. 650500 - 650381 nodes created - worst tet radius 1.08295 (nodes removed 0 119)
Info    : It. 651000 - 650881 nodes created - worst tet radius 1.0827 (nodes removed 0 119)
Info    : It. 651500 - 651381 nodes created - worst tet radius 1.08246 (nodes removed 0 119)
Info    : It. 652000 - 651881 nodes created - worst tet radius 1.08221 (nodes removed 0 119)
Info    : It. 652500 - 652381 nodes created - worst tet radius 1.08194 (nodes removed 0 119)
Info    : It. 653000 - 652881 nodes created - worst tet radius 1.08169 (nodes removed 0 119)
Info    : It. 653500 - 653381 nodes created - worst tet radius 1.08145 (nodes removed 0 119)
Info    : It. 654000 - 653881 nodes created - worst tet radius 1.0812 (nodes removed 0 119)
Info    : It. 654500 - 654381 nodes created - worst tet radius 1.08097 (nodes removed 0 119)
Info    : It. 655000 - 654881 nodes created - worst tet radius 1.0807 (nodes removed 0 119)
Info    : It. 655500 - 655381 nodes created - worst tet radius 1.08046 (nodes removed 0 119)
Info    : It. 656000 - 655881 nodes created - worst tet radius 1.0802 (nodes removed 0 119)
Info    : It. 656500 - 656381 nodes created - worst tet radius 1.07994 (nodes removed 0 119)
Info    : It. 657000 - 656881 nodes created - worst tet radius 1.07968 (nodes removed 0 119)
Info    : It. 657500 - 657381 nodes created - worst tet radius 1.07944 (nodes removed 0 119)
Info    : It. 658000 - 657881 nodes created - worst tet radius 1.0792 (nodes removed 0 119)
Info    : It. 658500 - 658381 nodes created - worst tet radius 1.07895 (nodes removed 0 119)
Info    : It. 659000 - 658881 nodes created - worst tet radius 1.0787 (nodes removed 0 119)
Info    : It. 659500 - 659381 nodes created - worst tet radius 1.07845 (nodes removed 0 119)
Info    : It. 660000 - 659881 nodes created - worst tet radius 1.0782 (nodes removed 0 119)
Info    : It. 660500 - 660381 nodes created - worst tet radius 1.07794 (nodes removed 0 119)
Info    : It. 661000 - 660881 nodes created - worst tet radius 1.07769 (nodes removed 0 119)
Info    : It. 661500 - 661381 nodes created - worst tet radius 1.07745 (nodes removed 0 119)
Info    : It. 662000 - 661881 nodes created - worst tet radius 1.07719 (nodes removed 0 119)
Info    : It. 662500 - 662381 nodes created - worst tet radius 1.07694 (nodes removed 0 119)
Info    : It. 663000 - 662881 nodes created - worst tet radius 1.07669 (nodes removed 0 119)
Info    : It. 663500 - 663381 nodes created - worst tet radius 1.07644 (nodes removed 0 119)
Info    : It. 664000 - 663881 nodes created - worst tet radius 1.07621 (nodes removed 0 119)
Info    : It. 664500 - 664381 nodes created - worst tet radius 1.076 (nodes removed 0 119)
Info    : It. 665000 - 664881 nodes created - worst tet radius 1.07577 (nodes removed 0 119)
Info    : It. 665500 - 665381 nodes created - worst tet radius 1.07552 (nodes removed 0 119)
Info    : It. 666000 - 665881 nodes created - worst tet radius 1.07527 (nodes removed 0 119)
Info    : It. 666500 - 666381 nodes created - worst tet radius 1.07501 (nodes removed 0 119)
Info    : It. 667000 - 666881 nodes created - worst tet radius 1.07478 (nodes removed 0 119)
Info    : It. 667500 - 667381 nodes created - worst tet radius 1.07455 (nodes removed 0 119)
Info    : It. 668000 - 667881 nodes created - worst tet radius 1.07432 (nodes removed 0 119)
Info    : It. 668500 - 668381 nodes created - worst tet radius 1.07405 (nodes removed 0 119)
Info    : It. 669000 - 668881 nodes created - worst tet radius 1.07383 (nodes removed 0 119)
Info    : It. 669500 - 669381 nodes created - worst tet radius 1.07357 (nodes removed 0 119)
Info    : It. 670000 - 669881 nodes created - worst tet radius 1.07334 (nodes removed 0 119)
Info    : It. 670500 - 670381 nodes created - worst tet radius 1.07309 (nodes removed 0 119)
Info    : It. 671000 - 670881 nodes created - worst tet radius 1.07285 (nodes removed 0 119)
Info    : It. 671500 - 671381 nodes created - worst tet radius 1.0726 (nodes removed 0 119)
Info    : It. 672000 - 671881 nodes created - worst tet radius 1.07236 (nodes removed 0 119)
Info    : It. 672500 - 672381 nodes created - worst tet radius 1.07215 (nodes removed 0 119)
Info    : It. 673000 - 672881 nodes created - worst tet radius 1.07191 (nodes removed 0 119)
Info    : It. 673500 - 673381 nodes created - worst tet radius 1.07166 (nodes removed 0 119)
Info    : It. 674000 - 673881 nodes created - worst tet radius 1.07143 (nodes removed 0 119)
Info    : It. 674500 - 674381 nodes created - worst tet radius 1.07119 (nodes removed 0 119)
Info    : It. 675000 - 674881 nodes created - worst tet radius 1.07095 (nodes removed 0 119)
Info    : It. 675500 - 675381 nodes created - worst tet radius 1.07072 (nodes removed 0 119)
Info    : It. 676000 - 675881 nodes created - worst tet radius 1.0705 (nodes removed 0 119)
Info    : It. 676500 - 676381 nodes created - worst tet radius 1.07026 (nodes removed 0 119)
Info    : It. 677000 - 676881 nodes created - worst tet radius 1.07003 (nodes removed 0 119)
Info    : It. 677500 - 677381 nodes created - worst tet radius 1.06979 (nodes removed 0 119)
Info    : It. 678000 - 677881 nodes created - worst tet radius 1.06954 (nodes removed 0 119)
Info    : It. 678500 - 678381 nodes created - worst tet radius 1.0693 (nodes removed 0 119)
Info    : It. 679000 - 678881 nodes created - worst tet radius 1.06908 (nodes removed 0 119)
Info    : It. 679500 - 679381 nodes created - worst tet radius 1.06884 (nodes removed 0 119)
Info    : It. 680000 - 679881 nodes created - worst tet radius 1.06861 (nodes removed 0 119)
Info    : It. 680500 - 680381 nodes created - worst tet radius 1.06836 (nodes removed 0 119)
Info    : It. 681000 - 680881 nodes created - worst tet radius 1.06811 (nodes removed 0 119)
Info    : It. 681500 - 681381 nodes created - worst tet radius 1.06787 (nodes removed 0 119)
Info    : It. 682000 - 681881 nodes created - worst tet radius 1.06762 (nodes removed 0 119)
Info    : It. 682500 - 682381 nodes created - worst tet radius 1.06738 (nodes removed 0 119)
Info    : It. 683000 - 682881 nodes created - worst tet radius 1.06712 (nodes removed 0 119)
Info    : It. 683500 - 683381 nodes created - worst tet radius 1.06688 (nodes removed 0 119)
Info    : It. 684000 - 683881 nodes created - worst tet radius 1.06662 (nodes removed 0 119)
Info    : It. 684500 - 684381 nodes created - worst tet radius 1.06638 (nodes removed 0 119)
Info    : It. 685000 - 684881 nodes created - worst tet radius 1.06615 (nodes removed 0 119)
Info    : It. 685500 - 685381 nodes created - worst tet radius 1.06589 (nodes removed 0 119)
Info    : It. 686000 - 685881 nodes created - worst tet radius 1.06565 (nodes removed 0 119)
Info    : It. 686500 - 686381 nodes created - worst tet radius 1.06541 (nodes removed 0 119)
Info    : It. 687000 - 686881 nodes created - worst tet radius 1.06518 (nodes removed 0 119)
Info    : It. 687500 - 687381 nodes created - worst tet radius 1.06492 (nodes removed 0 119)
Info    : It. 688000 - 687881 nodes created - worst tet radius 1.06468 (nodes removed 0 119)
Info    : It. 688500 - 688381 nodes created - worst tet radius 1.06444 (nodes removed 0 119)
Info    : It. 689000 - 688881 nodes created - worst tet radius 1.06419 (nodes removed 0 119)
Info    : It. 689500 - 689381 nodes created - worst tet radius 1.06396 (nodes removed 0 119)
Info    : It. 690000 - 689881 nodes created - worst tet radius 1.0637 (nodes removed 0 119)
Info    : It. 690500 - 690381 nodes created - worst tet radius 1.06346 (nodes removed 0 119)
Info    : It. 691000 - 690881 nodes created - worst tet radius 1.06756 (nodes removed 0 119)
Info    : It. 691500 - 691381 nodes created - worst tet radius 1.06294 (nodes removed 0 119)
Info    : It. 692000 - 691881 nodes created - worst tet radius 1.0627 (nodes removed 0 119)
Info    : It. 692500 - 692381 nodes created - worst tet radius 1.06247 (nodes removed 0 119)
Info    : It. 693000 - 692881 nodes created - worst tet radius 1.0622 (nodes removed 0 119)
Info    : It. 693500 - 693381 nodes created - worst tet radius 1.06194 (nodes removed 0 119)
Info    : It. 694000 - 693881 nodes created - worst tet radius 1.0617 (nodes removed 0 119)
Info    : It. 694500 - 694381 nodes created - worst tet radius 1.06145 (nodes removed 0 119)
Info    : It. 695000 - 694881 nodes created - worst tet radius 1.0612 (nodes removed 0 119)
Info    : It. 695500 - 695381 nodes created - worst tet radius 1.06095 (nodes removed 0 119)
Info    : It. 696000 - 695881 nodes created - worst tet radius 1.0607 (nodes removed 0 119)
Info    : It. 696500 - 696381 nodes created - worst tet radius 1.06046 (nodes removed 0 119)
Info    : It. 697000 - 696881 nodes created - worst tet radius 1.0602 (nodes removed 0 119)
Info    : It. 697500 - 697381 nodes created - worst tet radius 1.05995 (nodes removed 0 119)
Info    : It. 698000 - 697881 nodes created - worst tet radius 1.05971 (nodes removed 0 119)
Info    : It. 698500 - 698381 nodes created - worst tet radius 1.05947 (nodes removed 0 119)
Info    : It. 699000 - 698881 nodes created - worst tet radius 1.05924 (nodes removed 0 119)
Info    : It. 699500 - 699381 nodes created - worst tet radius 1.05902 (nodes removed 0 119)
Info    : It. 700000 - 699881 nodes created - worst tet radius 1.05878 (nodes removed 0 119)
Info    : It. 700500 - 700381 nodes created - worst tet radius 1.05853 (nodes removed 0 119)
Info    : It. 701000 - 700881 nodes created - worst tet radius 1.0583 (nodes removed 0 119)
Info    : It. 701500 - 701381 nodes created - worst tet radius 1.05806 (nodes removed 0 119)
Info    : It. 702000 - 701881 nodes created - worst tet radius 1.05783 (nodes removed 0 119)
Info    : It. 702500 - 702381 nodes created - worst tet radius 1.05758 (nodes removed 0 119)
Info    : It. 703000 - 702881 nodes created - worst tet radius 1.05734 (nodes removed 0 119)
Info    : It. 703500 - 703381 nodes created - worst tet radius 1.05711 (nodes removed 0 119)
Info    : It. 704000 - 703881 nodes created - worst tet radius 1.05686 (nodes removed 0 119)
Info    : It. 704500 - 704381 nodes created - worst tet radius 1.05663 (nodes removed 0 119)
Info    : It. 705000 - 704881 nodes created - worst tet radius 1.05641 (nodes removed 0 119)
Info    : It. 705500 - 705381 nodes created - worst tet radius 1.05617 (nodes removed 0 119)
Info    : It. 706000 - 705881 nodes created - worst tet radius 1.05594 (nodes removed 0 119)
Info    : It. 706500 - 706381 nodes created - worst tet radius 1.05569 (nodes removed 0 119)
Info    : It. 707000 - 706881 nodes created - worst tet radius 1.05546 (nodes removed 0 119)
Info    : It. 707500 - 707381 nodes created - worst tet radius 1.05523 (nodes removed 0 119)
Info    : It. 708000 - 707881 nodes created - worst tet radius 1.05502 (nodes removed 0 119)
Info    : It. 708500 - 708381 nodes created - worst tet radius 1.0548 (nodes removed 0 119)
Info    : It. 709000 - 708881 nodes created - worst tet radius 1.05456 (nodes removed 0 119)
Info    : It. 709500 - 709381 nodes created - worst tet radius 1.05434 (nodes removed 0 119)
Info    : It. 710000 - 709881 nodes created - worst tet radius 1.05412 (nodes removed 0 119)
Info    : It. 710500 - 710381 nodes created - worst tet radius 1.05391 (nodes removed 0 119)
Info    : It. 711000 - 710881 nodes created - worst tet radius 1.0537 (nodes removed 0 119)
Info    : It. 711500 - 711381 nodes created - worst tet radius 1.05348 (nodes removed 0 119)
Info    : It. 712000 - 711881 nodes created - worst tet radius 1.05324 (nodes removed 0 119)
Info    : It. 712500 - 712381 nodes created - worst tet radius 1.05301 (nodes removed 0 119)
Info    : It. 713000 - 712881 nodes created - worst tet radius 1.05279 (nodes removed 0 119)
Info    : It. 713500 - 713381 nodes created - worst tet radius 1.05256 (nodes removed 0 119)
Info    : It. 714000 - 713881 nodes created - worst tet radius 1.05235 (nodes removed 0 119)
Info    : It. 714500 - 714381 nodes created - worst tet radius 1.05211 (nodes removed 0 119)
Info    : It. 715000 - 714881 nodes created - worst tet radius 1.05189 (nodes removed 0 119)
Info    : It. 715500 - 715381 nodes created - worst tet radius 1.05167 (nodes removed 0 119)
Info    : It. 716000 - 715881 nodes created - worst tet radius 1.05144 (nodes removed 0 119)
Info    : It. 716500 - 716381 nodes created - worst tet radius 1.05122 (nodes removed 0 119)
Info    : It. 717000 - 716881 nodes created - worst tet radius 1.05099 (nodes removed 0 119)
Info    : It. 717500 - 717381 nodes created - worst tet radius 1.05075 (nodes removed 0 119)
Info    : It. 718000 - 717881 nodes created - worst tet radius 1.05054 (nodes removed 0 119)
Info    : It. 718500 - 718381 nodes created - worst tet radius 1.0503 (nodes removed 0 119)
Info    : It. 719000 - 718881 nodes created - worst tet radius 1.05008 (nodes removed 0 119)
Info    : It. 719500 - 719381 nodes created - worst tet radius 1.04986 (nodes removed 0 119)
Info    : It. 720000 - 719881 nodes created - worst tet radius 1.04965 (nodes removed 0 119)
Info    : It. 720500 - 720381 nodes created - worst tet radius 1.04942 (nodes removed 0 119)
Info    : It. 721000 - 720881 nodes created - worst tet radius 1.0492 (nodes removed 0 119)
Info    : It. 721500 - 721381 nodes created - worst tet radius 1.04896 (nodes removed 0 119)
Info    : It. 722000 - 721881 nodes created - worst tet radius 1.04872 (nodes removed 0 119)
Info    : It. 722500 - 722381 nodes created - worst tet radius 1.04847 (nodes removed 0 119)
Info    : It. 723000 - 722881 nodes created - worst tet radius 1.04825 (nodes removed 0 119)
Info    : It. 723500 - 723381 nodes created - worst tet radius 1.04804 (nodes removed 0 119)
Info    : It. 724000 - 723881 nodes created - worst tet radius 1.04783 (nodes removed 0 119)
Info    : It. 724500 - 724381 nodes created - worst tet radius 1.04759 (nodes removed 0 119)
Info    : It. 725000 - 724881 nodes created - worst tet radius 1.04734 (nodes removed 0 119)
Info    : It. 725500 - 725381 nodes created - worst tet radius 1.0471 (nodes removed 0 119)
Info    : It. 726000 - 725881 nodes created - worst tet radius 1.04688 (nodes removed 0 119)
Info    : It. 726500 - 726381 nodes created - worst tet radius 1.04665 (nodes removed 0 119)
Info    : It. 727000 - 726881 nodes created - worst tet radius 1.04641 (nodes removed 0 119)
Info    : It. 727500 - 727381 nodes created - worst tet radius 1.0462 (nodes removed 0 119)
Info    : It. 728000 - 727881 nodes created - worst tet radius 1.04597 (nodes removed 0 119)
Info    : It. 728500 - 728381 nodes created - worst tet radius 1.04575 (nodes removed 0 119)
Info    : It. 729000 - 728881 nodes created - worst tet radius 1.04551 (nodes removed 0 119)
Info    : It. 729500 - 729381 nodes created - worst tet radius 1.04529 (nodes removed 0 119)
Info    : It. 730000 - 729881 nodes created - worst tet radius 1.04507 (nodes removed 0 119)
Info    : It. 730500 - 730381 nodes created - worst tet radius 1.04484 (nodes removed 0 119)
Info    : It. 731000 - 730881 nodes created - worst tet radius 1.04461 (nodes removed 0 119)
Info    : It. 731500 - 731381 nodes created - worst tet radius 1.04439 (nodes removed 0 119)
Info    : It. 732000 - 731881 nodes created - worst tet radius 1.04417 (nodes removed 0 119)
Info    : It. 732500 - 732381 nodes created - worst tet radius 1.04394 (nodes removed 0 119)
Info    : It. 733000 - 732881 nodes created - worst tet radius 1.04373 (nodes removed 0 119)
Info    : It. 733500 - 733381 nodes created - worst tet radius 1.04349 (nodes removed 0 119)
Info    : It. 734000 - 733881 nodes created - worst tet radius 1.04327 (nodes removed 0 119)
Info    : It. 734500 - 734381 nodes created - worst tet radius 1.04305 (nodes removed 0 119)
Info    : It. 735000 - 734881 nodes created - worst tet radius 1.04283 (nodes removed 0 119)
Info    : It. 735500 - 735381 nodes created - worst tet radius 1.0426 (nodes removed 0 119)
Info    : It. 736000 - 735881 nodes created - worst tet radius 1.04238 (nodes removed 0 119)
Info    : It. 736500 - 736381 nodes created - worst tet radius 1.04216 (nodes removed 0 119)
Info    : It. 737000 - 736881 nodes created - worst tet radius 1.04194 (nodes removed 0 119)
Info    : It. 737500 - 737381 nodes created - worst tet radius 1.04173 (nodes removed 0 119)
Info    : It. 738000 - 737881 nodes created - worst tet radius 1.04154 (nodes removed 0 119)
Info    : It. 738500 - 738381 nodes created - worst tet radius 1.04134 (nodes removed 0 119)
Info    : It. 739000 - 738881 nodes created - worst tet radius 1.04114 (nodes removed 0 119)
Info    : It. 739500 - 739381 nodes created - worst tet radius 1.04095 (nodes removed 0 119)
Info    : It. 740000 - 739881 nodes created - worst tet radius 1.04075 (nodes removed 0 119)
Info    : It. 740500 - 740381 nodes created - worst tet radius 1.04056 (nodes removed 0 119)
Info    : It. 741000 - 740881 nodes created - worst tet radius 1.04036 (nodes removed 0 119)
Info    : It. 741500 - 741381 nodes created - worst tet radius 1.04016 (nodes removed 0 119)
Info    : It. 742000 - 741881 nodes created - worst tet radius 1.03995 (nodes removed 0 119)
Info    : It. 742500 - 742381 nodes created - worst tet radius 1.03975 (nodes removed 0 119)
Info    : It. 743000 - 742881 nodes created - worst tet radius 1.03954 (nodes removed 0 119)
Info    : It. 743500 - 743381 nodes created - worst tet radius 1.03933 (nodes removed 0 119)
Info    : It. 744000 - 743881 nodes created - worst tet radius 1.03912 (nodes removed 0 119)
Info    : It. 744500 - 744381 nodes created - worst tet radius 1.0389 (nodes removed 0 119)
Info    : It. 745000 - 744881 nodes created - worst tet radius 1.03869 (nodes removed 0 119)
Info    : It. 745500 - 745381 nodes created - worst tet radius 1.03848 (nodes removed 0 119)
Info    : It. 746000 - 745881 nodes created - worst tet radius 1.03827 (nodes removed 0 119)
Info    : It. 746500 - 746381 nodes created - worst tet radius 1.03805 (nodes removed 0 119)
Info    : It. 747000 - 746881 nodes created - worst tet radius 1.03784 (nodes removed 0 119)
Info    : It. 747500 - 747381 nodes created - worst tet radius 1.03764 (nodes removed 0 119)
Info    : It. 748000 - 747881 nodes created - worst tet radius 1.03743 (nodes removed 0 119)
Info    : It. 748500 - 748381 nodes created - worst tet radius 1.03722 (nodes removed 0 119)
Info    : It. 749000 - 748881 nodes created - worst tet radius 1.03702 (nodes removed 0 119)
Info    : It. 749500 - 749381 nodes created - worst tet radius 1.03683 (nodes removed 0 119)
Info    : It. 750000 - 749881 nodes created - worst tet radius 1.03664 (nodes removed 0 119)
Info    : It. 750500 - 750381 nodes created - worst tet radius 1.03643 (nodes removed 0 119)
Info    : It. 751000 - 750881 nodes created - worst tet radius 1.03623 (nodes removed 0 119)
Info    : It. 751500 - 751381 nodes created - worst tet radius 1.03602 (nodes removed 0 119)
Info    : It. 752000 - 751881 nodes created - worst tet radius 1.03584 (nodes removed 0 119)
Info    : It. 752500 - 752381 nodes created - worst tet radius 1.03563 (nodes removed 0 119)
Info    : It. 753000 - 752881 nodes created - worst tet radius 1.03541 (nodes removed 0 119)
Info    : It. 753500 - 753381 nodes created - worst tet radius 1.0352 (nodes removed 0 119)
Info    : It. 754000 - 753881 nodes created - worst tet radius 1.035 (nodes removed 0 119)
Info    : It. 754500 - 754381 nodes created - worst tet radius 1.0348 (nodes removed 0 119)
Info    : It. 755000 - 754881 nodes created - worst tet radius 1.03459 (nodes removed 0 119)
Info    : It. 755500 - 755381 nodes created - worst tet radius 1.03439 (nodes removed 0 119)
Info    : It. 756000 - 755881 nodes created - worst tet radius 1.03419 (nodes removed 0 119)
Info    : It. 756500 - 756381 nodes created - worst tet radius 1.03398 (nodes removed 0 119)
Info    : It. 757000 - 756881 nodes created - worst tet radius 1.03378 (nodes removed 0 119)
Info    : It. 757500 - 757381 nodes created - worst tet radius 1.03358 (nodes removed 0 119)
Info    : It. 758000 - 757881 nodes created - worst tet radius 1.03338 (nodes removed 0 119)
Info    : It. 758500 - 758381 nodes created - worst tet radius 1.03316 (nodes removed 0 119)
Info    : It. 759000 - 758881 nodes created - worst tet radius 1.03296 (nodes removed 0 119)
Info    : It. 759500 - 759381 nodes created - worst tet radius 1.03274 (nodes removed 0 119)
Info    : It. 760000 - 759881 nodes created - worst tet radius 1.03255 (nodes removed 0 119)
Info    : It. 760500 - 760381 nodes created - worst tet radius 1.03235 (nodes removed 0 119)
Info    : It. 761000 - 760881 nodes created - worst tet radius 1.03217 (nodes removed 0 119)
Info    : It. 761500 - 761381 nodes created - worst tet radius 1.03198 (nodes removed 0 119)
Info    : It. 762000 - 761881 nodes created - worst tet radius 1.03179 (nodes removed 0 119)
Info    : It. 762500 - 762381 nodes created - worst tet radius 1.03159 (nodes removed 0 119)
Info    : It. 763000 - 762881 nodes created - worst tet radius 1.03139 (nodes removed 0 119)
Info    : It. 763500 - 763381 nodes created - worst tet radius 1.03116 (nodes removed 0 119)
Info    : It. 764000 - 763881 nodes created - worst tet radius 1.03096 (nodes removed 0 119)
Info    : It. 764500 - 764381 nodes created - worst tet radius 1.03076 (nodes removed 0 119)
Info    : It. 765000 - 764881 nodes created - worst tet radius 1.03057 (nodes removed 0 119)
Info    : It. 765500 - 765381 nodes created - worst tet radius 1.03037 (nodes removed 0 119)
Info    : It. 766000 - 765881 nodes created - worst tet radius 1.03016 (nodes removed 0 119)
Info    : It. 766500 - 766381 nodes created - worst tet radius 1.02994 (nodes removed 0 119)
Info    : It. 767000 - 766881 nodes created - worst tet radius 1.02973 (nodes removed 0 119)
Info    : It. 767500 - 767381 nodes created - worst tet radius 1.02953 (nodes removed 0 119)
Info    : It. 768000 - 767881 nodes created - worst tet radius 1.02934 (nodes removed 0 119)
Info    : It. 768500 - 768381 nodes created - worst tet radius 1.02912 (nodes removed 0 119)
Info    : It. 769000 - 768881 nodes created - worst tet radius 1.0289 (nodes removed 0 119)
Info    : It. 769500 - 769381 nodes created - worst tet radius 1.0287 (nodes removed 0 119)
Info    : It. 770000 - 769881 nodes created - worst tet radius 1.0285 (nodes removed 0 119)
Info    : It. 770500 - 770381 nodes created - worst tet radius 1.02829 (nodes removed 0 119)
Info    : It. 771000 - 770881 nodes created - worst tet radius 1.02808 (nodes removed 0 119)
Info    : It. 771500 - 771381 nodes created - worst tet radius 1.02786 (nodes removed 0 119)
Info    : It. 772000 - 771881 nodes created - worst tet radius 1.02765 (nodes removed 0 119)
Info    : It. 772500 - 772381 nodes created - worst tet radius 1.02743 (nodes removed 0 119)
Info    : It. 773000 - 772881 nodes created - worst tet radius 1.02722 (nodes removed 0 119)
Info    : It. 773500 - 773381 nodes created - worst tet radius 1.02701 (nodes removed 0 119)
Info    : It. 774000 - 773881 nodes created - worst tet radius 1.02681 (nodes removed 0 119)
Info    : It. 774500 - 774381 nodes created - worst tet radius 1.02661 (nodes removed 0 119)
Info    : It. 775000 - 774881 nodes created - worst tet radius 1.02639 (nodes removed 0 119)
Info    : It. 775500 - 775381 nodes created - worst tet radius 1.02617 (nodes removed 0 119)
Info    : It. 776000 - 775881 nodes created - worst tet radius 1.02597 (nodes removed 0 119)
Info    : It. 776500 - 776381 nodes created - worst tet radius 1.02577 (nodes removed 0 119)
Info    : It. 777000 - 776881 nodes created - worst tet radius 1.02556 (nodes removed 0 119)
Info    : It. 777500 - 777381 nodes created - worst tet radius 1.02536 (nodes removed 0 119)
Info    : It. 778000 - 777881 nodes created - worst tet radius 1.02516 (nodes removed 0 119)
Info    : It. 778500 - 778381 nodes created - worst tet radius 1.02496 (nodes removed 0 119)
Info    : It. 779000 - 778881 nodes created - worst tet radius 1.02476 (nodes removed 0 119)
Info    : It. 779500 - 779381 nodes created - worst tet radius 1.02455 (nodes removed 0 119)
Info    : It. 780000 - 779881 nodes created - worst tet radius 1.02436 (nodes removed 0 119)
Info    : It. 780500 - 780381 nodes created - worst tet radius 1.02416 (nodes removed 0 119)
Info    : It. 781000 - 780881 nodes created - worst tet radius 1.02396 (nodes removed 0 119)
Info    : It. 781500 - 781381 nodes created - worst tet radius 1.02377 (nodes removed 0 119)
Info    : It. 782000 - 781881 nodes created - worst tet radius 1.02355 (nodes removed 0 119)
Info    : It. 782500 - 782381 nodes created - worst tet radius 1.02334 (nodes removed 0 119)
Info    : It. 783000 - 782881 nodes created - worst tet radius 1.02314 (nodes removed 0 119)
Info    : It. 783500 - 783381 nodes created - worst tet radius 1.02294 (nodes removed 0 119)
Info    : It. 784000 - 783881 nodes created - worst tet radius 1.02274 (nodes removed 0 119)
Info    : It. 784500 - 784381 nodes created - worst tet radius 1.02255 (nodes removed 0 119)
Info    : It. 785000 - 784881 nodes created - worst tet radius 1.02236 (nodes removed 0 119)
Info    : It. 785500 - 785381 nodes created - worst tet radius 1.02216 (nodes removed 0 119)
Info    : It. 786000 - 785881 nodes created - worst tet radius 1.02197 (nodes removed 0 119)
Info    : It. 786500 - 786381 nodes created - worst tet radius 1.02177 (nodes removed 0 119)
Info    : It. 787000 - 786881 nodes created - worst tet radius 1.02157 (nodes removed 0 119)
Info    : It. 787500 - 787381 nodes created - worst tet radius 1.02139 (nodes removed 0 119)
Info    : It. 788000 - 787881 nodes created - worst tet radius 1.02121 (nodes removed 0 119)
Info    : It. 788500 - 788381 nodes created - worst tet radius 1.02102 (nodes removed 0 119)
Info    : It. 789000 - 788881 nodes created - worst tet radius 1.02084 (nodes removed 0 119)
Info    : It. 789500 - 789381 nodes created - worst tet radius 1.02065 (nodes removed 0 119)
Info    : It. 790000 - 789881 nodes created - worst tet radius 1.02044 (nodes removed 0 119)
Info    : It. 790500 - 790381 nodes created - worst tet radius 1.02023 (nodes removed 0 119)
Info    : It. 791000 - 790881 nodes created - worst tet radius 1.02002 (nodes removed 0 119)
Info    : It. 791500 - 791381 nodes created - worst tet radius 1.01982 (nodes removed 0 119)
Info    : It. 792000 - 791881 nodes created - worst tet radius 1.01963 (nodes removed 0 119)
Info    : It. 792500 - 792381 nodes created - worst tet radius 1.01944 (nodes removed 0 119)
Info    : It. 793000 - 792881 nodes created - worst tet radius 1.01925 (nodes removed 0 119)
Info    : It. 793500 - 793381 nodes created - worst tet radius 1.01906 (nodes removed 0 119)
Info    : It. 794000 - 793881 nodes created - worst tet radius 1.01886 (nodes removed 0 119)
Info    : It. 794500 - 794381 nodes created - worst tet radius 1.01867 (nodes removed 0 119)
Info    : It. 795000 - 794881 nodes created - worst tet radius 1.01849 (nodes removed 0 119)
Info    : It. 795500 - 795381 nodes created - worst tet radius 1.01828 (nodes removed 0 119)
Info    : It. 796000 - 795881 nodes created - worst tet radius 1.01809 (nodes removed 0 119)
Info    : It. 796500 - 796381 nodes created - worst tet radius 1.01792 (nodes removed 0 119)
Info    : It. 797000 - 796881 nodes created - worst tet radius 1.01773 (nodes removed 0 119)
Info    : It. 797500 - 797381 nodes created - worst tet radius 1.01752 (nodes removed 0 119)
Info    : It. 798000 - 797881 nodes created - worst tet radius 1.01732 (nodes removed 0 119)
Info    : It. 798500 - 798381 nodes created - worst tet radius 1.0171 (nodes removed 0 119)
Info    : It. 799000 - 798881 nodes created - worst tet radius 1.0169 (nodes removed 0 119)
Info    : It. 799500 - 799381 nodes created - worst tet radius 1.01672 (nodes removed 0 119)
Info    : It. 800000 - 799881 nodes created - worst tet radius 1.01653 (nodes removed 0 119)
Info    : It. 800500 - 800381 nodes created - worst tet radius 1.01634 (nodes removed 0 119)
Info    : It. 801000 - 800881 nodes created - worst tet radius 1.01614 (nodes removed 0 119)
Info    : It. 801500 - 801381 nodes created - worst tet radius 1.01593 (nodes removed 0 119)
Info    : It. 802000 - 801881 nodes created - worst tet radius 1.01571 (nodes removed 0 119)
Info    : It. 802500 - 802381 nodes created - worst tet radius 1.01552 (nodes removed 0 119)
Info    : It. 803000 - 802881 nodes created - worst tet radius 1.01532 (nodes removed 0 119)
Info    : It. 803500 - 803381 nodes created - worst tet radius 1.01514 (nodes removed 0 119)
Info    : It. 804000 - 803881 nodes created - worst tet radius 1.01494 (nodes removed 0 119)
Info    : It. 804500 - 804381 nodes created - worst tet radius 1.01474 (nodes removed 0 119)
Info    : It. 805000 - 804881 nodes created - worst tet radius 1.01454 (nodes removed 0 119)
Info    : It. 805500 - 805381 nodes created - worst tet radius 1.01435 (nodes removed 0 119)
Info    : It. 806000 - 805881 nodes created - worst tet radius 1.01416 (nodes removed 0 119)
Info    : It. 806500 - 806381 nodes created - worst tet radius 1.01397 (nodes removed 0 119)
Info    : It. 807000 - 806881 nodes created - worst tet radius 1.01378 (nodes removed 0 119)
Info    : It. 807500 - 807381 nodes created - worst tet radius 1.01359 (nodes removed 0 119)
Info    : It. 808000 - 807881 nodes created - worst tet radius 1.01341 (nodes removed 0 119)
Info    : It. 808500 - 808381 nodes created - worst tet radius 1.01321 (nodes removed 0 119)
Info    : It. 809000 - 808881 nodes created - worst tet radius 1.01301 (nodes removed 0 119)
Info    : It. 809500 - 809381 nodes created - worst tet radius 1.01283 (nodes removed 0 119)
Info    : It. 810000 - 809881 nodes created - worst tet radius 1.01263 (nodes removed 0 119)
Info    : It. 810500 - 810381 nodes created - worst tet radius 1.01244 (nodes removed 0 119)
Info    : It. 811000 - 810881 nodes created - worst tet radius 1.01227 (nodes removed 0 119)
Info    : It. 811500 - 811381 nodes created - worst tet radius 1.01207 (nodes removed 0 119)
Info    : It. 812000 - 811881 nodes created - worst tet radius 1.01188 (nodes removed 0 119)
Info    : It. 812500 - 812381 nodes created - worst tet radius 1.01168 (nodes removed 0 119)
Info    : It. 813000 - 812881 nodes created - worst tet radius 1.01149 (nodes removed 0 119)
Info    : It. 813500 - 813381 nodes created - worst tet radius 1.0113 (nodes removed 0 119)
Info    : It. 814000 - 813881 nodes created - worst tet radius 1.01111 (nodes removed 0 119)
Info    : It. 814500 - 814381 nodes created - worst tet radius 1.0109 (nodes removed 0 119)
Info    : It. 815000 - 814881 nodes created - worst tet radius 1.01071 (nodes removed 0 119)
Info    : It. 815500 - 815381 nodes created - worst tet radius 1.01053 (nodes removed 0 119)
Info    : It. 816000 - 815881 nodes created - worst tet radius 1.01033 (nodes removed 0 119)
Info    : It. 816500 - 816381 nodes created - worst tet radius 1.01014 (nodes removed 0 119)
Info    : It. 817000 - 816881 nodes created - worst tet radius 1.00994 (nodes removed 0 119)
Info    : It. 817500 - 817381 nodes created - worst tet radius 1.00973 (nodes removed 0 119)
Info    : It. 818000 - 817881 nodes created - worst tet radius 1.00953 (nodes removed 0 119)
Info    : It. 818500 - 818381 nodes created - worst tet radius 1.00935 (nodes removed 0 119)
Info    : It. 819000 - 818881 nodes created - worst tet radius 1.00916 (nodes removed 0 119)
Info    : It. 819500 - 819381 nodes created - worst tet radius 1.00897 (nodes removed 0 119)
Info    : It. 820000 - 819881 nodes created - worst tet radius 1.00878 (nodes removed 0 119)
Info    : It. 820500 - 820381 nodes created - worst tet radius 1.0086 (nodes removed 0 119)
Info    : It. 821000 - 820881 nodes created - worst tet radius 1.01707 (nodes removed 0 119)
Info    : It. 821500 - 821381 nodes created - worst tet radius 1.00822 (nodes removed 0 119)
Info    : It. 822000 - 821881 nodes created - worst tet radius 1.00804 (nodes removed 0 119)
Info    : It. 822500 - 822381 nodes created - worst tet radius 1.00786 (nodes removed 0 119)
Info    : It. 823000 - 822881 nodes created - worst tet radius 1.00766 (nodes removed 0 119)
Info    : It. 823500 - 823381 nodes created - worst tet radius 1.00748 (nodes removed 0 119)
Info    : It. 824000 - 823881 nodes created - worst tet radius 1.00728 (nodes removed 0 119)
Info    : It. 824500 - 824381 nodes created - worst tet radius 1.00708 (nodes removed 0 119)
Info    : It. 825000 - 824881 nodes created - worst tet radius 1.0069 (nodes removed 0 119)
Info    : It. 825500 - 825381 nodes created - worst tet radius 1.00672 (nodes removed 0 119)
Info    : It. 826000 - 825881 nodes created - worst tet radius 1.00655 (nodes removed 0 119)
Info    : It. 826500 - 826381 nodes created - worst tet radius 1.00638 (nodes removed 0 119)
Info    : It. 827000 - 826881 nodes created - worst tet radius 1.0062 (nodes removed 0 119)
Info    : It. 827500 - 827381 nodes created - worst tet radius 1.00603 (nodes removed 0 119)
Info    : It. 828000 - 827881 nodes created - worst tet radius 1.00586 (nodes removed 0 119)
Info    : It. 828500 - 828381 nodes created - worst tet radius 1.00568 (nodes removed 0 119)
Info    : It. 829000 - 828881 nodes created - worst tet radius 1.00551 (nodes removed 0 119)
Info    : It. 829500 - 829381 nodes created - worst tet radius 1.00533 (nodes removed 0 119)
Info    : It. 830000 - 829881 nodes created - worst tet radius 1.00517 (nodes removed 0 119)
Info    : It. 830500 - 830381 nodes created - worst tet radius 1.00499 (nodes removed 0 119)
Info    : It. 831000 - 830881 nodes created - worst tet radius 1.00482 (nodes removed 0 119)
Info    : It. 831500 - 831381 nodes created - worst tet radius 1.00466 (nodes removed 0 119)
Info    : It. 832000 - 831881 nodes created - worst tet radius 1.00448 (nodes removed 0 119)
Info    : It. 832500 - 832381 nodes created - worst tet radius 1.01079 (nodes removed 0 119)
Info    : It. 833000 - 832881 nodes created - worst tet radius 1.00417 (nodes removed 0 119)
Info    : It. 833500 - 833381 nodes created - worst tet radius 1.00401 (nodes removed 0 119)
Info    : It. 834000 - 833881 nodes created - worst tet radius 1.00385 (nodes removed 0 119)
Info    : It. 834500 - 834381 nodes created - worst tet radius 1.00369 (nodes removed 0 119)
Info    : It. 835000 - 834881 nodes created - worst tet radius 1.00353 (nodes removed 0 119)
Info    : It. 835500 - 835381 nodes created - worst tet radius 1.00338 (nodes removed 0 119)
Info    : It. 836000 - 835881 nodes created - worst tet radius 1.00322 (nodes removed 0 119)
Info    : It. 836500 - 836381 nodes created - worst tet radius 1.00304 (nodes removed 0 119)
Info    : It. 837000 - 836881 nodes created - worst tet radius 1.00287 (nodes removed 0 119)
Info    : It. 837500 - 837381 nodes created - worst tet radius 1.00271 (nodes removed 0 119)
Info    : It. 838000 - 837881 nodes created - worst tet radius 1.00256 (nodes removed 0 119)
Info    : It. 838500 - 838381 nodes created - worst tet radius 1.00239 (nodes removed 0 119)
Info    : It. 839000 - 838881 nodes created - worst tet radius 1.00222 (nodes removed 0 119)
Info    : It. 839500 - 839381 nodes created - worst tet radius 1.00205 (nodes removed 0 119)
Info    : It. 840000 - 839881 nodes created - worst tet radius 1.00188 (nodes removed 0 119)
Info    : It. 840500 - 840381 nodes created - worst tet radius 1.00168 (nodes removed 0 119)
Info    : It. 841000 - 840881 nodes created - worst tet radius 1.00149 (nodes removed 0 119)
Info    : It. 841500 - 841381 nodes created - worst tet radius 1.00131 (nodes removed 0 119)
Info    : It. 842000 - 841881 nodes created - worst tet radius 1.00113 (nodes removed 0 119)
Info    : It. 842500 - 842381 nodes created - worst tet radius 1.00097 (nodes removed 0 119)
Info    : It. 843000 - 842881 nodes created - worst tet radius 1.0008 (nodes removed 0 119)
Info    : It. 843500 - 843381 nodes created - worst tet radius 1.00063 (nodes removed 0 119)
Info    : It. 844000 - 843881 nodes created - worst tet radius 1.00047 (nodes removed 0 119)
Info    : It. 844500 - 844381 nodes created - worst tet radius 1.0003 (nodes removed 0 119)
Info    : It. 845000 - 844881 nodes created - worst tet radius 1.00014 (nodes removed 0 119)
Info    : 3D refinement terminated (1162501 nodes total):
Info    :  - 503 Delaunay cavities modified for star shapeness
Info    :  - 119 nodes could not be inserted
Info    :  - 6865217 tetrahedra created in 72.5201 sec. (94666 tets/s)
Info    : 0 node relocations
Info    : Done meshing 3D (Wall 119.28s, CPU 116.607s)
Info    : Optimizing mesh...
Info    : Optimizing volume 1
Info    : Optimization starts (volume = 2.34917e-09) with worst = 0.00109182 / average = 0.756795:
Info    : 0.00 < quality < 0.10 :      1198 elements
Info    : 0.10 < quality < 0.20 :      3139 elements
Info    : 0.20 < quality < 0.30 :      4055 elements
Info    : 0.30 < quality < 0.40 :      7167 elements
Info    : 0.40 < quality < 0.50 :     10988 elements
Info    : 0.50 < quality < 0.60 :     24459 elements
Info    : 0.60 < quality < 0.70 :     62874 elements
Info    : 0.70 < quality < 0.80 :    160920 elements
Info    : 0.80 < quality < 0.90 :    137174 elements
Info    : 0.90 < quality < 1.00 :     53353 elements
Info    : 8285 edge swaps, 254 node relocations (volume = 2.34917e-09): worst = 0.0326644 / average = 0.767791 (Wall 0.191732s, CPU 0.191324s)
Info    : 8349 edge swaps, 261 node relocations (volume = 2.34917e-09): worst = 0.0326644 / average = 0.76784 (Wall 0.263827s, CPU 0.26332s)
Info    : No ill-shaped tets in the mesh :-)
Info    : 0.00 < quality < 0.10 :         1 elements
Info    : 0.10 < quality < 0.20 :         6 elements
Info    : 0.20 < quality < 0.30 :         8 elements
Info    : 0.30 < quality < 0.40 :      7155 elements
Info    : 0.40 < quality < 0.50 :     10771 elements
Info    : 0.50 < quality < 0.60 :     23157 elements
Info    : 0.60 < quality < 0.70 :     64307 elements
Info    : 0.70 < quality < 0.80 :    160233 elements
Info    : 0.80 < quality < 0.90 :    138723 elements
Info    : 0.90 < quality < 1.00 :     53474 elements
Info    : Optimizing volume 2
Info    : Optimization starts (volume = 3.08396e-09) with worst = 0.00442198 / average = 0.758903:
Info    : 0.00 < quality < 0.10 :      1057 elements
Info    : 0.10 < quality < 0.20 :      3436 elements
Info    : 0.20 < quality < 0.30 :      3913 elements
Info    : 0.30 < quality < 0.40 :      7850 elements
Info    : 0.40 < quality < 0.50 :     10958 elements
Info    : 0.50 < quality < 0.60 :     26018 elements
Info    : 0.60 < quality < 0.70 :     63664 elements
Info    : 0.70 < quality < 0.80 :    168754 elements
Info    : 0.80 < quality < 0.90 :    142652 elements
Info    : 0.90 < quality < 1.00 :     59160 elements
Info    : 8335 edge swaps, 157 node relocations (volume = 3.08396e-09): worst = 0.150578 / average = 0.769291 (Wall 0.200409s, CPU 0.200148s)
Info    : 8402 edge swaps, 159 node relocations (volume = 3.08396e-09): worst = 0.200722 / average = 0.769343 (Wall 0.274826s, CPU 0.274468s)
Info    : 8405 edge swaps, 159 node relocations (volume = 3.08396e-09): worst = 0.200722 / average = 0.769347 (Wall 0.349682s, CPU 0.349248s)
Info    : No ill-shaped tets in the mesh :-)
Info    : 0.00 < quality < 0.10 :         0 elements
Info    : 0.10 < quality < 0.20 :         0 elements
Info    : 0.20 < quality < 0.30 :         8 elements
Info    : 0.30 < quality < 0.40 :      7786 elements
Info    : 0.40 < quality < 0.50 :     10949 elements
Info    : 0.50 < quality < 0.60 :     24946 elements
Info    : 0.60 < quality < 0.70 :     65205 elements
Info    : 0.70 < quality < 0.80 :    167801 elements
Info    : 0.80 < quality < 0.90 :    144007 elements
Info    : 0.90 < quality < 1.00 :     59344 elements
Info    : Optimizing volume 3
Info    : Optimization starts (volume = 3.0956e-09) with worst = 0.0123481 / average = 0.846712:
Info    : 0.00 < quality < 0.10 :       174 elements
Info    : 0.10 < quality < 0.20 :       262 elements
Info    : 0.20 < quality < 0.30 :       146 elements
Info    : 0.30 < quality < 0.40 :       148 elements
Info    : 0.40 < quality < 0.50 :       165 elements
Info    : 0.50 < quality < 0.60 :       848 elements
Info    : 0.60 < quality < 0.70 :      2511 elements
Info    : 0.70 < quality < 0.80 :      3703 elements
Info    : 0.80 < quality < 0.90 :     18814 elements
Info    : 0.90 < quality < 1.00 :     14797 elements
Info    : 578 edge swaps, 0 node relocations (volume = 3.0956e-09): worst = 0.103116 / average = 0.856985 (Wall 0.00655908s, CPU 0.006468s)
Info    : 585 edge swaps, 0 node relocations (volume = 3.0956e-09): worst = 0.103116 / average = 0.857036 (Wall 0.00812533s, CPU 0.008021s)
Info    : No ill-shaped tets in the mesh :-)
Info    : 0.00 < quality < 0.10 :         0 elements
Info    : 0.10 < quality < 0.20 :        12 elements
Info    : 0.20 < quality < 0.30 :         0 elements
Info    : 0.30 < quality < 0.40 :       156 elements
Info    : 0.40 < quality < 0.50 :       165 elements
Info    : 0.50 < quality < 0.60 :       805 elements
Info    : 0.60 < quality < 0.70 :      2443 elements
Info    : 0.70 < quality < 0.80 :      3647 elements
Info    : 0.80 < quality < 0.90 :     19004 elements
Info    : 0.90 < quality < 1.00 :     14781 elements
Info    : Optimizing volume 4
Info    : Optimization starts (volume = 2.45907e-09) with worst = 0.0151317 / average = 0.845187:
Info    : 0.00 < quality < 0.10 :       130 elements
Info    : 0.10 < quality < 0.20 :       155 elements
Info    : 0.20 < quality < 0.30 :       151 elements
Info    : 0.30 < quality < 0.40 :       120 elements
Info    : 0.40 < quality < 0.50 :       198 elements
Info    : 0.50 < quality < 0.60 :       797 elements
Info    : 0.60 < quality < 0.70 :      2270 elements
Info    : 0.70 < quality < 0.80 :      2835 elements
Info    : 0.80 < quality < 0.90 :     14897 elements
Info    : 0.90 < quality < 1.00 :     12221 elements
Info    : 431 edge swaps, 0 node relocations (volume = 2.45907e-09): worst = 0.118534 / average = 0.854037 (Wall 0.00494787s, CPU 0.004898s)
Info    : 445 edge swaps, 0 node relocations (volume = 2.45907e-09): worst = 0.16542 / average = 0.854162 (Wall 0.0062195s, CPU 0.00616s)
Info    : 447 edge swaps, 0 node relocations (volume = 2.45907e-09): worst = 0.16542 / average = 0.854177 (Wall 0.00735258s, CPU 0.007285s)
Info    : No ill-shaped tets in the mesh :-)
Info    : 0.00 < quality < 0.10 :         0 elements
Info    : 0.10 < quality < 0.20 :         2 elements
Info    : 0.20 < quality < 0.30 :         3 elements
Info    : 0.30 < quality < 0.40 :       132 elements
Info    : 0.40 < quality < 0.50 :       204 elements
Info    : 0.50 < quality < 0.60 :       776 elements
Info    : 0.60 < quality < 0.70 :      2202 elements
Info    : 0.70 < quality < 0.80 :      2884 elements
Info    : 0.80 < quality < 0.90 :     14978 elements
Info    : 0.90 < quality < 1.00 :     12191 elements
Info    : Optimizing volume 10182
Info    : Optimization starts (volume = 2.12023e-07) with worst = 0.00103276 / average = 0.783907:
Info    : 0.00 < quality < 0.10 :      8560 elements
Info    : 0.10 < quality < 0.20 :     26557 elements
Info    : 0.20 < quality < 0.30 :     48038 elements
Info    : 0.30 < quality < 0.40 :     76516 elements
Info    : 0.40 < quality < 0.50 :    120827 elements
Info    : 0.50 < quality < 0.60 :    200910 elements
Info    : 0.60 < quality < 0.70 :    408762 elements
Info    : 0.70 < quality < 0.80 :    977005 elements
Info    : 0.80 < quality < 0.90 :   1694267 elements
Info    : 0.90 < quality < 1.00 :    874642 elements
Info    : 82337 edge swaps, 2588 node relocations (volume = 2.12023e-07): worst = 0.108991 / average = 0.795647 (Wall 1.97125s, CPU 1.90974s)
Info    : 82787 edge swaps, 2621 node relocations (volume = 2.12023e-07): worst = 0.140954 / average = 0.795704 (Wall 2.4945s, CPU 2.42867s)
Info    : 82796 edge swaps, 2625 node relocations (volume = 2.12023e-07): worst = 0.169615 / average = 0.795705 (Wall 3.01437s, CPU 2.94302s)
Info    : No ill-shaped tets in the mesh :-)
Info    : 0.00 < quality < 0.10 :         0 elements
Info    : 0.10 < quality < 0.20 :         1 elements
Info    : 0.20 < quality < 0.30 :        32 elements
Info    : 0.30 < quality < 0.40 :     75940 elements
Info    : 0.40 < quality < 0.50 :    116663 elements
Info    : 0.50 < quality < 0.60 :    193166 elements
Info    : 0.60 < quality < 0.70 :    406461 elements
Info    : 0.70 < quality < 0.80 :    992088 elements
Info    : 0.80 < quality < 0.90 :   1708283 elements
Info    : 0.90 < quality < 1.00 :    869324 elements
Info    : Optimizing volume 10195
Info    : Optimization starts (volume = 9.43106e-11) with worst = 0.0220335 / average = 0.696147:
Info    : 0.00 < quality < 0.10 :        35 elements
Info    : 0.10 < quality < 0.20 :        56 elements
Info    : 0.20 < quality < 0.30 :        48 elements
Info    : 0.30 < quality < 0.40 :        63 elements
Info    : 0.40 < quality < 0.50 :       177 elements
Info    : 0.50 < quality < 0.60 :      1224 elements
Info    : 0.60 < quality < 0.70 :      2107 elements
Info    : 0.70 < quality < 0.80 :      1640 elements
Info    : 0.80 < quality < 0.90 :      1250 elements
Info    : 0.90 < quality < 1.00 :       533 elements
Info    : 138 edge swaps, 0 node relocations (volume = 9.43106e-11): worst = 0.0604651 / average = 0.706444 (Wall 0.001476s, CPU 0.001435s)
Info    : 141 edge swaps, 0 node relocations (volume = 9.43106e-11): worst = 0.2195 / average = 0.706625 (Wall 0.00177992s, CPU 0.001733s)
Info    : No ill-shaped tets in the mesh :-)
Info    : 0.00 < quality < 0.10 :         0 elements
Info    : 0.10 < quality < 0.20 :         0 elements
Info    : 0.20 < quality < 0.30 :         3 elements
Info    : 0.30 < quality < 0.40 :        70 elements
Info    : 0.40 < quality < 0.50 :       182 elements
Info    : 0.50 < quality < 0.60 :      1214 elements
Info    : 0.60 < quality < 0.70 :      2098 elements
Info    : 0.70 < quality < 0.80 :      1643 elements
Info    : 0.80 < quality < 0.90 :      1260 elements
Info    : 0.90 < quality < 1.00 :       534 elements
Info    : Optimizing volume 10197
Info    : Optimization starts (volume = 9.41333e-11) with worst = 0.0112374 / average = 0.572598:
Info    : 0.00 < quality < 0.10 :        15 elements
Info    : 0.10 < quality < 0.20 :        21 elements
Info    : 0.20 < quality < 0.30 :        36 elements
Info    : 0.30 < quality < 0.40 :       100 elements
Info    : 0.40 < quality < 0.50 :       425 elements
Info    : 0.50 < quality < 0.60 :      2132 elements
Info    : 0.60 < quality < 0.70 :      1296 elements
Info    : 0.70 < quality < 0.80 :       348 elements
Info    : 0.80 < quality < 0.90 :         1 elements
Info    : 0.90 < quality < 1.00 :         0 elements
Info    : 72 edge swaps, 0 node relocations (volume = 9.41333e-11): worst = 0.244553 / average = 0.578904 (Wall 0.00075025s, CPU 0.000726s)
Info    : 74 edge swaps, 0 node relocations (volume = 9.41333e-11): worst = 0.303477 / average = 0.578882 (Wall 0.00091475s, CPU 0.000888s)
Info    : No ill-shaped tets in the mesh :-)
Info    : 0.00 < quality < 0.10 :         0 elements
Info    : 0.10 < quality < 0.20 :         0 elements
Info    : 0.20 < quality < 0.30 :         0 elements
Info    : 0.30 < quality < 0.40 :       104 elements
Info    : 0.40 < quality < 0.50 :       427 elements
Info    : 0.50 < quality < 0.60 :      2125 elements
Info    : 0.60 < quality < 0.70 :      1306 elements
Info    : 0.70 < quality < 0.80 :       345 elements
Info    : 0.80 < quality < 0.90 :         1 elements
Info    : 0.90 < quality < 1.00 :         0 elements
Info    : Optimizing volume 10199
Info    : Optimization starts (volume = 9.40979e-11) with worst = 0.0172781 / average = 0.571956:
Info    : 0.00 < quality < 0.10 :        21 elements
Info    : 0.10 < quality < 0.20 :        22 elements
Info    : 0.20 < quality < 0.30 :        30 elements
Info    : 0.30 < quality < 0.40 :       111 elements
Info    : 0.40 < quality < 0.50 :       425 elements
Info    : 0.50 < quality < 0.60 :      2138 elements
Info    : 0.60 < quality < 0.70 :      1312 elements
Info    : 0.70 < quality < 0.80 :       337 elements
Info    : 0.80 < quality < 0.90 :         2 elements
Info    : 0.90 < quality < 1.00 :         0 elements
Info    : 72 edge swaps, 0 node relocations (volume = 9.40979e-11): worst = 0.1173 / average = 0.578347 (Wall 0.000782084s, CPU 0.000759s)
Info    : 73 edge swaps, 0 node relocations (volume = 9.40979e-11): worst = 0.127296 / average = 0.578314 (Wall 0.000959667s, CPU 0.000933s)
Info    : 74 edge swaps, 0 node relocations (volume = 9.40979e-11): worst = 0.236642 / average = 0.578295 (Wall 0.00115175s, CPU 0.001097s)
Info    : 75 edge swaps, 0 node relocations (volume = 9.40979e-11): worst = 0.236642 / average = 0.578361 (Wall 0.0013155s, CPU 0.001256s)
Info    : No ill-shaped tets in the mesh :-)
Info    : 0.00 < quality < 0.10 :         0 elements
Info    : 0.10 < quality < 0.20 :         0 elements
Info    : 0.20 < quality < 0.30 :         2 elements
Info    : 0.30 < quality < 0.40 :       112 elements
Info    : 0.40 < quality < 0.50 :       425 elements
Info    : 0.50 < quality < 0.60 :      2142 elements
Info    : 0.60 < quality < 0.70 :      1312 elements
Info    : 0.70 < quality < 0.80 :       337 elements
Info    : 0.80 < quality < 0.90 :         2 elements
Info    : 0.90 < quality < 1.00 :         0 elements
Info    : Optimizing volume 10201
Info    : Optimization starts (volume = 9.41417e-11) with worst = 0.0118447 / average = 0.573265:
Info    : 0.00 < quality < 0.10 :        16 elements
Info    : 0.10 < quality < 0.20 :        19 elements
Info    : 0.20 < quality < 0.30 :        32 elements
Info    : 0.30 < quality < 0.40 :        95 elements
Info    : 0.40 < quality < 0.50 :       429 elements
Info    : 0.50 < quality < 0.60 :      2123 elements
Info    : 0.60 < quality < 0.70 :      1301 elements
Info    : 0.70 < quality < 0.80 :       356 elements
Info    : 0.80 < quality < 0.90 :         1 elements
Info    : 0.90 < quality < 1.00 :         0 elements
Info    : 67 edge swaps, 0 node relocations (volume = 9.41417e-11): worst = 0.113656 / average = 0.578642 (Wall 0.000735333s, CPU 0.000712s)
Info    : 73 edge swaps, 0 node relocations (volume = 9.41417e-11): worst = 0.113656 / average = 0.578537 (Wall 0.000949125s, CPU 0.000923s)
Info    : No ill-shaped tets in the mesh :-)
Info    : 0.00 < quality < 0.10 :         0 elements
Info    : 0.10 < quality < 0.20 :         1 elements
Info    : 0.20 < quality < 0.30 :         0 elements
Info    : 0.30 < quality < 0.40 :        95 elements
Info    : 0.40 < quality < 0.50 :       436 elements
Info    : 0.50 < quality < 0.60 :      2119 elements
Info    : 0.60 < quality < 0.70 :      1301 elements
Info    : 0.70 < quality < 0.80 :       355 elements
Info    : 0.80 < quality < 0.90 :         1 elements
Info    : 0.90 < quality < 1.00 :         0 elements
Info    : Optimizing volume 10203
Info    : Optimization starts (volume = 9.43106e-11) with worst = 0.0220335 / average = 0.696146:
Info    : 0.00 < quality < 0.10 :        35 elements
Info    : 0.10 < quality < 0.20 :        56 elements
Info    : 0.20 < quality < 0.30 :        48 elements
Info    : 0.30 < quality < 0.40 :        63 elements
Info    : 0.40 < quality < 0.50 :       177 elements
Info    : 0.50 < quality < 0.60 :      1224 elements
Info    : 0.60 < quality < 0.70 :      2107 elements
Info    : 0.70 < quality < 0.80 :      1640 elements
Info    : 0.80 < quality < 0.90 :      1250 elements
Info    : 0.90 < quality < 1.00 :       533 elements
Info    : 139 edge swaps, 0 node relocations (volume = 9.43106e-11): worst = 0.0477308 / average = 0.706525 (Wall 0.00139754s, CPU 0.001375s)
Info    : 142 edge swaps, 0 node relocations (volume = 9.43106e-11): worst = 0.24691 / average = 0.706739 (Wall 0.00170321s, CPU 0.001674s)
Info    : No ill-shaped tets in the mesh :-)
Info    : 0.00 < quality < 0.10 :         0 elements
Info    : 0.10 < quality < 0.20 :         0 elements
Info    : 0.20 < quality < 0.30 :         1 elements
Info    : 0.30 < quality < 0.40 :        69 elements
Info    : 0.40 < quality < 0.50 :       174 elements
Info    : 0.50 < quality < 0.60 :      1221 elements
Info    : 0.60 < quality < 0.70 :      2103 elements
Info    : 0.70 < quality < 0.80 :      1636 elements
Info    : 0.80 < quality < 0.90 :      1269 elements
Info    : 0.90 < quality < 1.00 :       529 elements
Info    : Optimizing volume 10205
Info    : Optimization starts (volume = 9.43106e-11) with worst = 0.0220335 / average = 0.696148:
Info    : 0.00 < quality < 0.10 :        35 elements
Info    : 0.10 < quality < 0.20 :        56 elements
Info    : 0.20 < quality < 0.30 :        48 elements
Info    : 0.30 < quality < 0.40 :        63 elements
Info    : 0.40 < quality < 0.50 :       177 elements
Info    : 0.50 < quality < 0.60 :      1224 elements
Info    : 0.60 < quality < 0.70 :      2107 elements
Info    : 0.70 < quality < 0.80 :      1640 elements
Info    : 0.80 < quality < 0.90 :      1250 elements
Info    : 0.90 < quality < 1.00 :       533 elements
Info    : 137 edge swaps, 0 node relocations (volume = 9.43106e-11): worst = 0.0604651 / average = 0.706683 (Wall 0.00135542s, CPU 0.001314s)
Info    : 142 edge swaps, 0 node relocations (volume = 9.43106e-11): worst = 0.24691 / average = 0.707029 (Wall 0.00166113s, CPU 0.001617s)
Info    : No ill-shaped tets in the mesh :-)
Info    : 0.00 < quality < 0.10 :         0 elements
Info    : 0.10 < quality < 0.20 :         0 elements
Info    : 0.20 < quality < 0.30 :         1 elements
Info    : 0.30 < quality < 0.40 :        67 elements
Info    : 0.40 < quality < 0.50 :       170 elements
Info    : 0.50 < quality < 0.60 :      1220 elements
Info    : 0.60 < quality < 0.70 :      2101 elements
Info    : 0.70 < quality < 0.80 :      1647 elements
Info    : 0.80 < quality < 0.90 :      1263 elements
Info    : 0.90 < quality < 1.00 :       531 elements
Info    : Optimizing volume 10207
Info    : Optimization starts (volume = 9.40935e-11) with worst = 0.0144524 / average = 0.57105:
Info    : 0.00 < quality < 0.10 :        17 elements
Info    : 0.10 < quality < 0.20 :        19 elements
Info    : 0.20 < quality < 0.30 :        32 elements
Info    : 0.30 < quality < 0.40 :       127 elements
Info    : 0.40 < quality < 0.50 :       441 elements
Info    : 0.50 < quality < 0.60 :      2130 elements
Info    : 0.60 < quality < 0.70 :      1307 elements
Info    : 0.70 < quality < 0.80 :       336 elements
Info    : 0.80 < quality < 0.90 :         1 elements
Info    : 0.90 < quality < 1.00 :         0 elements
Info    : 68 edge swaps, 0 node relocations (volume = 9.40935e-11): worst = 0.0542623 / average = 0.57643 (Wall 0.000734833s, CPU 0.000711s)
Info    : 71 edge swaps, 0 node relocations (volume = 9.40935e-11): worst = 0.214923 / average = 0.57658 (Wall 0.000919416s, CPU 0.000892s)
Info    : 72 edge swaps, 0 node relocations (volume = 9.40935e-11): worst = 0.229195 / average = 0.57667 (Wall 0.00109554s, CPU 0.001065s)
Info    : No ill-shaped tets in the mesh :-)
Info    : 0.00 < quality < 0.10 :         0 elements
Info    : 0.10 < quality < 0.20 :         0 elements
Info    : 0.20 < quality < 0.30 :         2 elements
Info    : 0.30 < quality < 0.40 :       127 elements
Info    : 0.40 < quality < 0.50 :       448 elements
Info    : 0.50 < quality < 0.60 :      2131 elements
Info    : 0.60 < quality < 0.70 :      1305 elements
Info    : 0.70 < quality < 0.80 :       335 elements
Info    : 0.80 < quality < 0.90 :         1 elements
Info    : 0.90 < quality < 1.00 :         0 elements
Info    : Optimizing volume 10209
Info    : Optimization starts (volume = 9.41333e-11) with worst = 0.0112374 / average = 0.572595:
Info    : 0.00 < quality < 0.10 :        15 elements
Info    : 0.10 < quality < 0.20 :        21 elements
Info    : 0.20 < quality < 0.30 :        36 elements
Info    : 0.30 < quality < 0.40 :       100 elements
Info    : 0.40 < quality < 0.50 :       425 elements
Info    : 0.50 < quality < 0.60 :      2132 elements
Info    : 0.60 < quality < 0.70 :      1296 elements
Info    : 0.70 < quality < 0.80 :       348 elements
Info    : 0.80 < quality < 0.90 :         1 elements
Info    : 0.90 < quality < 1.00 :         0 elements
Info    : 72 edge swaps, 0 node relocations (volume = 9.41333e-11): worst = 0.242666 / average = 0.578479 (Wall 0.000786541s, CPU 0.000759s)
Info    : 74 edge swaps, 0 node relocations (volume = 9.41333e-11): worst = 0.303477 / average = 0.578683 (Wall 0.000952916s, CPU 0.000922s)
Info    : No ill-shaped tets in the mesh :-)
Info    : 0.00 < quality < 0.10 :         0 elements
Info    : 0.10 < quality < 0.20 :         0 elements
Info    : 0.20 < quality < 0.30 :         0 elements
Info    : 0.30 < quality < 0.40 :       106 elements
Info    : 0.40 < quality < 0.50 :       425 elements
Info    : 0.50 < quality < 0.60 :      2125 elements
Info    : 0.60 < quality < 0.70 :      1304 elements
Info    : 0.70 < quality < 0.80 :       347 elements
Info    : 0.80 < quality < 0.90 :         1 elements
Info    : 0.90 < quality < 1.00 :         0 elements
Info    : Optimizing volume 10211
Info    : Optimization starts (volume = 9.41154e-11) with worst = 0.0108004 / average = 0.574571:
Info    : 0.00 < quality < 0.10 :        20 elements
Info    : 0.10 < quality < 0.20 :        23 elements
Info    : 0.20 < quality < 0.30 :        21 elements
Info    : 0.30 < quality < 0.40 :        96 elements
Info    : 0.40 < quality < 0.50 :       417 elements
Info    : 0.50 < quality < 0.60 :      2103 elements
Info    : 0.60 < quality < 0.70 :      1347 elements
Info    : 0.70 < quality < 0.80 :       351 elements
Info    : 0.80 < quality < 0.90 :         3 elements
Info    : 0.90 < quality < 1.00 :         0 elements
Info    : 64 edge swaps, 0 node relocations (volume = 9.41154e-11): worst = 0.199395 / average = 0.58033 (Wall 0.000731792s, CPU 0.000707s)
Info    : 66 edge swaps, 0 node relocations (volume = 9.41154e-11): worst = 0.287754 / average = 0.580251 (Wall 0.000907709s, CPU 0.000877s)
Info    : No ill-shaped tets in the mesh :-)
Info    : 0.00 < quality < 0.10 :         0 elements
Info    : 0.10 < quality < 0.20 :         0 elements
Info    : 0.20 < quality < 0.30 :         1 elements
Info    : 0.30 < quality < 0.40 :        99 elements
Info    : 0.40 < quality < 0.50 :       424 elements
Info    : 0.50 < quality < 0.60 :      2101 elements
Info    : 0.60 < quality < 0.70 :      1342 elements
Info    : 0.70 < quality < 0.80 :       351 elements
Info    : 0.80 < quality < 0.90 :         3 elements
Info    : 0.90 < quality < 1.00 :         0 elements
Info    : Optimizing volume 10213
Info    : Optimization starts (volume = 9.41349e-11) with worst = 0.0172876 / average = 0.57424:
Info    : 0.00 < quality < 0.10 :        20 elements
Info    : 0.10 < quality < 0.20 :        15 elements
Info    : 0.20 < quality < 0.30 :        29 elements
Info    : 0.30 < quality < 0.40 :        88 elements
Info    : 0.40 < quality < 0.50 :       420 elements
Info    : 0.50 < quality < 0.60 :      2135 elements
Info    : 0.60 < quality < 0.70 :      1302 elements
Info    : 0.70 < quality < 0.80 :       366 elements
Info    : 0.80 < quality < 0.90 :         0 elements
Info    : 0.90 < quality < 1.00 :         0 elements
Info    : 64 edge swaps, 0 node relocations (volume = 9.41349e-11): worst = 0.106162 / average = 0.579541 (Wall 0.000712s, CPU 0.00069s)
Info    : 67 edge swaps, 0 node relocations (volume = 9.41349e-11): worst = 0.235206 / average = 0.579369 (Wall 0.000896958s, CPU 0.000872s)
Info    : No ill-shaped tets in the mesh :-)
Info    : 0.00 < quality < 0.10 :         0 elements
Info    : 0.10 < quality < 0.20 :         0 elements
Info    : 0.20 < quality < 0.30 :         1 elements
Info    : 0.30 < quality < 0.40 :       100 elements
Info    : 0.40 < quality < 0.50 :       422 elements
Info    : 0.50 < quality < 0.60 :      2132 elements
Info    : 0.60 < quality < 0.70 :      1300 elements
Info    : 0.70 < quality < 0.80 :       364 elements
Info    : 0.80 < quality < 0.90 :         0 elements
Info    : 0.90 < quality < 1.00 :         0 elements
Info    : Optimizing volume 10215
Info    : Optimization starts (volume = 9.41321e-11) with worst = 0.0114132 / average = 0.573017:
Info    : 0.00 < quality < 0.10 :        14 elements
Info    : 0.10 < quality < 0.20 :        21 elements
Info    : 0.20 < quality < 0.30 :        35 elements
Info    : 0.30 < quality < 0.40 :       102 elements
Info    : 0.40 < quality < 0.50 :       416 elements
Info    : 0.50 < quality < 0.60 :      2137 elements
Info    : 0.60 < quality < 0.70 :      1297 elements
Info    : 0.70 < quality < 0.80 :       349 elements
Info    : 0.80 < quality < 0.90 :         1 elements
Info    : 0.90 < quality < 1.00 :         0 elements
Info    : 70 edge swaps, 0 node relocations (volume = 9.41321e-11): worst = 0.242666 / average = 0.578719 (Wall 0.000776125s, CPU 0.000737s)
Info    : 72 edge swaps, 0 node relocations (volume = 9.41321e-11): worst = 0.303477 / average = 0.578923 (Wall 0.000938625s, CPU 0.000895s)
Info    : No ill-shaped tets in the mesh :-)
Info    : 0.00 < quality < 0.10 :         0 elements
Info    : 0.10 < quality < 0.20 :         0 elements
Info    : 0.20 < quality < 0.30 :         0 elements
Info    : 0.30 < quality < 0.40 :       106 elements
Info    : 0.40 < quality < 0.50 :       426 elements
Info    : 0.50 < quality < 0.60 :      2124 elements
Info    : 0.60 < quality < 0.70 :      1305 elements
Info    : 0.70 < quality < 0.80 :       347 elements
Info    : 0.80 < quality < 0.90 :         1 elements
Info    : 0.90 < quality < 1.00 :         0 elements
Info    : Optimizing volume 10217
Info    : Optimization starts (volume = 9.41333e-11) with worst = 0.0112374 / average = 0.572591:
Info    : 0.00 < quality < 0.10 :        15 elements
Info    : 0.10 < quality < 0.20 :        21 elements
Info    : 0.20 < quality < 0.30 :        36 elements
Info    : 0.30 < quality < 0.40 :       100 elements
Info    : 0.40 < quality < 0.50 :       425 elements
Info    : 0.50 < quality < 0.60 :      2132 elements
Info    : 0.60 < quality < 0.70 :      1296 elements
Info    : 0.70 < quality < 0.80 :       348 elements
Info    : 0.80 < quality < 0.90 :         1 elements
Info    : 0.90 < quality < 1.00 :         0 elements
Info    : 72 edge swaps, 0 node relocations (volume = 9.41333e-11): worst = 0.172058 / average = 0.578922 (Wall 0.000761375s, CPU 0.000739s)
Info    : 76 edge swaps, 0 node relocations (volume = 9.41333e-11): worst = 0.303477 / average = 0.579198 (Wall 0.0009475s, CPU 0.000922s)
Info    : No ill-shaped tets in the mesh :-)
Info    : 0.00 < quality < 0.10 :         0 elements
Info    : 0.10 < quality < 0.20 :         0 elements
Info    : 0.20 < quality < 0.30 :         0 elements
Info    : 0.30 < quality < 0.40 :       100 elements
Info    : 0.40 < quality < 0.50 :       422 elements
Info    : 0.50 < quality < 0.60 :      2131 elements
Info    : 0.60 < quality < 0.70 :      1306 elements
Info    : 0.70 < quality < 0.80 :       346 elements
Info    : 0.80 < quality < 0.90 :         1 elements
Info    : 0.90 < quality < 1.00 :         0 elements
Info    : Optimizing volume 10219
Info    : Optimization starts (volume = 2.15325e-09) with worst = 0.00431178 / average = 0.783774:
Info    : 0.00 < quality < 0.10 :      1404 elements
Info    : 0.10 < quality < 0.20 :      4143 elements
Info    : 0.20 < quality < 0.30 :      7157 elements
Info    : 0.30 < quality < 0.40 :     11076 elements
Info    : 0.40 < quality < 0.50 :     16843 elements
Info    : 0.50 < quality < 0.60 :     28274 elements
Info    : 0.60 < quality < 0.70 :     62600 elements
Info    : 0.70 < quality < 0.80 :    156014 elements
Info    : 0.80 < quality < 0.90 :    254968 elements
Info    : 0.90 < quality < 1.00 :    127448 elements
Info    : 12586 edge swaps, 356 node relocations (volume = 2.15325e-09): worst = 0.103146 / average = 0.795882 (Wall 0.331998s, CPU 0.323737s)
Info    : 12682 edge swaps, 371 node relocations (volume = 2.15325e-09): worst = 0.22204 / average = 0.795962 (Wall 0.445173s, CPU 0.433987s)
Info    : 12685 edge swaps, 374 node relocations (volume = 2.15325e-09): worst = 0.22204 / average = 0.795965 (Wall 0.551213s, CPU 0.53916s)
Info    : No ill-shaped tets in the mesh :-)
Info    : 0.00 < quality < 0.10 :         0 elements
Info    : 0.10 < quality < 0.20 :         0 elements
Info    : 0.20 < quality < 0.30 :        10 elements
Info    : 0.30 < quality < 0.40 :     10974 elements
Info    : 0.40 < quality < 0.50 :     16145 elements
Info    : 0.50 < quality < 0.60 :     26983 elements
Info    : 0.60 < quality < 0.70 :     62757 elements
Info    : 0.70 < quality < 0.80 :    156909 elements
Info    : 0.80 < quality < 0.90 :    257435 elements
Info    : 0.90 < quality < 1.00 :    127185 elements
Info    : Optimizing volume 10220
Info    : Optimization starts (volume = 2.15325e-09) with worst = 0.00336637 / average = 0.783465:
Info    : 0.00 < quality < 0.10 :      1357 elements
Info    : 0.10 < quality < 0.20 :      4213 elements
Info    : 0.20 < quality < 0.30 :      7094 elements
Info    : 0.30 < quality < 0.40 :     11033 elements
Info    : 0.40 < quality < 0.50 :     17212 elements
Info    : 0.50 < quality < 0.60 :     28114 elements
Info    : 0.60 < quality < 0.70 :     62904 elements
Info    : 0.70 < quality < 0.80 :    156206 elements
Info    : 0.80 < quality < 0.90 :    255359 elements
Info    : 0.90 < quality < 1.00 :    126739 elements
Info    : 12550 edge swaps, 350 node relocations (volume = 2.15325e-09): worst = 0.111494 / average = 0.795436 (Wall 0.314956s, CPU 0.310246s)
Info    : 12630 edge swaps, 357 node relocations (volume = 2.15325e-09): worst = 0.182882 / average = 0.795506 (Wall 0.433652s, CPU 0.428242s)
Info    : 12632 edge swaps, 357 node relocations (volume = 2.15325e-09): worst = 0.182882 / average = 0.795508 (Wall 0.546685s, CPU 0.539977s)
Info    : No ill-shaped tets in the mesh :-)
Info    : 0.00 < quality < 0.10 :         0 elements
Info    : 0.10 < quality < 0.20 :         1 elements
Info    : 0.20 < quality < 0.30 :        10 elements
Info    : 0.30 < quality < 0.40 :     11054 elements
Info    : 0.40 < quality < 0.50 :     16453 elements
Info    : 0.50 < quality < 0.60 :     27010 elements
Info    : 0.60 < quality < 0.70 :     62789 elements
Info    : 0.70 < quality < 0.80 :    157530 elements
Info    : 0.80 < quality < 0.90 :    257443 elements
Info    : 0.90 < quality < 1.00 :    126547 elements
Info    : Done optimizing mesh (Wall 14.1569s, CPU 13.7057s)
Info    : 1162488 nodes 7401502 elements
Info    : Writing 'local.msh'...
Info    : Done writing 'local.msh'
Info    : Stopped on Wed Sep 16 14:59:34 2026 (From start: Wall 154.541s, CPU 149.631s)

--- stderr ---
