status=SCHEMA_AND_EVIDENCE_OK
planned_kind=F2Zero
declared_mutation_s=6.58333333333300019e-1
observed_injection_s=6.58333332837275353e-1
prefault_rows=2112366
original_rows=36625031
equal_time_groups=37
equal_time_raw_rows=168
logic_changes=0
equal_group_cap=1024
equal_group_row_cap=4096
detector_rise_s=6.59601272355642143e-1
latch_off_s=6.59601379123333720e-1
channel_peak_after_injection_a=6.40791774157708716e0
channel_last_above_0.10a_after_injection_s=6.59600484475521776e-1
channel_peak_after_detector_a=3.98502325053885012e-10
channel_last_above_0.10a_after_detector_s=none
channel_peak_after_latch_a=3.98502325053885012e-10
channel_last_above_0.10a_after_latch_s=none
body_peak_after_injection_a=4.73654806703181514e-3
lboost_peak_after_injection_a=5.26244141155086087e0
f2_branch_peak_after_injection_a=1.65094796216180839e-2
dboost1_branch_peak_after_injection_a=2.55637912208615647e0
dboost2_branch_peak_after_injection_a=2.55637912208891382e0
equal_group_time_s=5.01554898821178763e-1 threshold_crossing=false left=row_index=22760501:5.01554898821178652e-1,9.29378948747776406e1,-9.40766143444913494e-1,-4.10051822727859872e0,3.76897526380245665e2,3.76927281448117753e2,4.10050653000095799e0,3.76995106707871685e2,3.78229411289301026e2,-2.79596836113483992e-6,5.00000000000000000e0,4.99999999999999378e0,0.00000000000000000e0,2.87786735783014391e0,2.55444514663732658e0,5.00000000000000000e0,8.09854405758869689e-1,2.42956321727660907e0,2.19999818887252019e0,1.49999999999999716e1,5.32598851264931000e-7,1.92338220172949548e-6,-1.42489296088663164e-26,-4.45262173932006802e-2,4.99999999499999936e-9,0.00000000000000000e0,0.00000000000000000e0,0.00000000000000000e0,1.04086116764476863e-1,4.99772483000835099e-1,1.37352997126448018e0,9.38786610182225587e1,3.78229411289300679e-10,1.14194687343350253e-9,5.00000000000000000e0,0.00000000000000000e0,5.00000000000000000e0,5.00000000000000000e0,4.52168398359541879e0,2.05026501182719345e0,2.05026495537140718e0,0.00000000000000000e0 group=row_index=22760502:5.01554898821178763e-1,9.29378948757885723e1,-9.40766142438007491e-1,-4.10051822710431679e0,3.76897526380245836e2,3.76927281448117924e2,4.10050652986765130e0,3.76995106707869752e2,3.78229411289296820e2,-2.79596839780191788e-6,5.00000000000000000e0,4.99999999999999378e0,0.00000000000000000e0,2.87786735783014436e0,2.55444514663674971e0,5.00000000000000000e0,8.09854960870382001e-1,2.42956488261114600e0,2.19999969685261254e0,1.49999999999999716e1,5.99367408565570219e-7,1.92338220184051778e-6,-1.42477404328306233e-26,-4.45262173918676632e-2,4.99999999499999936e-9,0.00000000000000000e0,0.00000000000000000e0,0.00000000000000000e0,1.04086116764477224e-1,4.99772483000835266e-1,1.37352997126448084e0,9.38786610182265804e1,3.78229411289296440e-10,1.11220507679641658e-9,5.00000000000000000e0,0.00000000000000000e0,5.00000000000000000e0,5.00000000000000000e0,4.52168398345520473e0,2.05026495807470077e0,2.05026497964316379e0,0.00000000000000000e0;row_index=22760503:5.01554898821178763e-1,9.29378948743346740e1,-9.40766143891908824e-1,-4.10051822691605139e0,3.76897526380245893e2,3.76927281448117981e2,4.10050652979184882e0,3.76995106707868672e2,3.78229411289294433e2,-2.79596841875005275e-6,5.00000000000000000e0,4.99999999999999378e0,0.00000000000000000e0,2.87786735783014436e0,2.55444514663642197e0,5.00000000000000000e0,8.09854960870382001e-1,2.42956488261114600e0,2.19999969685261254e0,1.49999999999999716e1,6.37334071276672143e-7,1.92338220184051778e-6,-1.42470642748891632e-26,-4.45262173911096515e-2,4.99999999499999936e-9,0.00000000000000000e0,0.00000000000000000e0,0.00000000000000000e0,1.04086116764476988e-1,4.99772483000835266e-1,1.37352997126448084e0,9.38786610182265804e1,3.78229411289294061e-10,1.13715773423869540e-9,5.00000000000000000e0,0.00000000000000000e0,5.00000000000000000e0,5.00000000000000000e0,4.52168398337941380e0,2.05026497990291379e0,2.05026499940141482e0,0.00000000000000000e0 right=row_index=22760504:5.01554898821178874e-1,9.29378948756033481e1,-9.40766142631266011e-1,-4.10051822695970714e0,3.76897526380245893e2,3.76927281448117981e2,4.10050652970079010e0,3.76995106707867535e2,3.78229411289291534e2,-2.79596844477119500e-6,5.00000000000000000e0,4.99999999999999378e0,0.00000000000000000e0,2.87786735783014480e0,2.55444514663602806e0,5.00000000000000000e0,8.09855515981894314e-1,2.42956654794568294e0,2.20000120483270534e0,1.49999999999999716e1,6.82942348019383231e-7,1.92338220195154008e-6,-1.42462520679257341e-26,-4.45262173901990674e-2,4.99999999499999936e-9,0.00000000000000000e0,0.00000000000000000e0,0.00000000000000000e0,1.04086116764475212e-1,4.99772483000835432e-1,1.37352997126448151e0,9.38786610182346095e1,3.78229411289291115e-10,1.12500769635541132e-9,5.00000000000000000e0,0.00000000000000000e0,5.00000000000000000e0,5.00000000000000000e0,4.52168398330362287e0,2.05026499636072979e0,2.05026497213641790e0,0.00000000000000000e0
equal_group_time_s=5.01570408326814210e-1 threshold_crossing=false left=row_index=22761315:5.01570408326814099e-1,9.37612427481181783e1,-9.42418897693337310e-1,-4.15673948166431728e0,3.76892239693880299e2,3.76921994344382426e2,4.15672787314406911e0,3.76990655798327793e2,3.78226015696067350e2,-1.00988240795000692e-5,5.00000000000000000e0,4.99999999999999378e0,0.00000000000000000e0,2.87793377708080422e0,2.57827544080294624e0,5.00000000000000000e0,8.09853295535845064e-1,2.42955988660753519e0,2.19999517291233504e0,1.49999999999999716e1,-1.37095968829951802e-7,1.94186101443172277e-6,4.42406248128299116e-28,-4.50786958024473883e-2,4.99999999499999936e-9,0.00000000000000000e0,0.00000000000000000e0,0.00000000000000000e0,1.04086116764479999e-1,4.99793272226291718e-1,1.37360670397647544e0,9.47036616458115219e1,3.78226015696066982e-10,1.24837583215096884e-9,5.00000000000000000e0,0.00000000000000000e0,5.00000000000000000e0,5.00000000000000000e0,4.57743026302447742e0,2.07837560400404442e0,2.07837557416744501e0,0.00000000000000000e0 group=row_index=22761316:5.01570408326814210e-1,9.37612427484403099e1,-9.42418897375219888e-1,-4.15673948150742945e0,3.76892239693880413e2,3.76921994344382540e2,4.15672787298466773e0,3.76990655798325690e2,3.78226015696062120e2,-1.00988241203949418e-5,5.00000000000000000e0,4.99999999999999378e0,0.00000000000000000e0,2.87793377708080511e0,2.57827544080224236e0,5.00000000000000000e0,8.09853850647357376e-1,2.42956155194207213e0,2.19999668089242784e0,1.49999999999999716e1,-5.70323997833075506e-8,1.94186101454274507e-6,4.42361974562347022e-28,-4.50786958008533509e-2,4.99999999499999936e-9,0.00000000000000000e0,0.00000000000000000e0,0.00000000000000000e0,1.04086116764480416e-1,4.99793272226292051e-1,1.37360670397647655e0,9.47036616458155294e1,3.78226015696061709e-10,1.28104713848392778e-9,5.00000000000000000e0,0.00000000000000000e0,5.00000000000000000e0,5.00000000000000000e0,4.57743026287668453e0,2.07837560980857194e0,2.07837557222419278e0,0.00000000000000000e0;row_index=22761317:5.01570408326814210e-1,9.37612427488218145e1,-9.42418896993693522e-1,-4.15673948146860539e0,3.76892239693880526e2,3.76921994344382654e2,4.15672787290076862e0,3.76990655798324610e2,3.78226015696059335e2,-1.00988241422863847e-5,5.00000000000000000e0,4.99999999999999378e0,0.00000000000000000e0,2.87793377708080556e0,2.57827544080187154e0,5.00000000000000000e0,8.09853850647357376e-1,2.42956155194207213e0,2.19999668089242784e0,1.49999999999999716e1,-1.48922822218566852e-8,1.94186101454274507e-6,4.42338673692654190e-28,-4.50786958000143415e-2,4.99999999499999936e-9,0.00000000000000000e0,0.00000000000000000e0,0.00000000000000000e0,1.04086116764480360e-1,4.99793272226292218e-1,1.37360670397647677e0,9.47036616458155152e1,3.78226015696058969e-10,1.28175088282825173e-9,5.00000000000000000e0,0.00000000000000000e0,5.00000000000000000e0,5.00000000000000000e0,4.57743026279710374e0,2.07837564455688684e0,2.07837559841121600e0,0.00000000000000000e0 right=row_index=22761318:5.01570408326814321e-1,9.37612427485676108e1,-9.42418897255901444e-1,-4.15673948128420534e0,3.76892239693880640e2,3.76921994344382767e2,4.15672787279165679e0,3.76990655798323189e2,3.78226015696055811e2,-1.00988241699966593e-5,5.00000000000000000e0,4.99999999999999378e0,0.00000000000000000e0,2.87793377708080556e0,2.57827544080138971e0,5.00000000000000000e0,8.09854405758869689e-1,2.42956321727660907e0,2.19999818887252019e0,1.49999999999999716e1,3.99110639135213107e-8,1.94186101465376737e-6,4.42308372679340854e-28,-4.50786957989232212e-2,4.99999999499999936e-9,0.00000000000000000e0,0.00000000000000000e0,0.00000000000000000e0,1.04086116764479972e-1,4.99793272226292162e-1,1.37360670397647677e0,9.47036616458235159e1,3.78226015696055453e-10,1.22426322789612007e-9,5.00000000000000000e0,0.00000000000000000e0,5.00000000000000000e0,5.00000000000000000e0,4.57743026269478559e0,2.07837558605309880e0,2.07837555262131923e0,0.00000000000000000e0
equal_group_time_s=5.01578160328497780e-1 threshold_crossing=false left=row_index=22761723:5.01578160328497669e-1,9.41716534814744790e1,-9.43150367543010959e-1,-4.18169948177660444e0,3.76889665823152257e2,3.76919420270454054e2,4.18168791691176622e0,3.76988449562907761e2,3.78224275845062323e2,-1.23889264861043026e-5,5.00000000000000000e0,4.99999999999999378e0,0.00000000000000000e0,2.87796705093968086e0,2.58987926557392845e0,5.00000000000000000e0,8.09852740424332751e-1,2.42955822127299825e0,2.19999366493224269e0,1.49999999999999716e1,-3.75908725615930082e-7,1.94834928668452534e-6,-1.93667138767485051e-26,-4.53234033348186294e-2,4.99999999499999936e-9,0.00000000000000000e0,0.00000000000000000e0,0.00000000000000000e0,1.04086116764478834e-1,4.99803686944120085e-1,1.37364514534589577e0,9.51148038490174912e1,3.78224275845061963e-10,1.29017956687705356e-9,5.00000000000000000e0,0.00000000000000000e0,5.00000000000000000e0,5.00000000000000000e0,4.60195283024707713e0,2.09085559214982375e0,2.09085555824405223e0,0.00000000000000000e0 group=row_index=22761724:5.01578160328497780e-1,9.41716534802839078e1,-9.43150368737561640e-1,-4.18169948168866767e0,3.76889665823152541e2,3.76919420270454339e2,4.18168791678245189e0,3.76988449562906055e2,3.78224275845058287e2,-1.23889265165812985e-5,5.00000000000000000e0,4.99999999999999378e0,0.00000000000000000e0,2.87796705093968086e0,2.58987926557335024e0,5.00000000000000000e0,8.09853295535845064e-1,2.42955988660753519e0,2.19999517291233504e0,1.49999999999999716e1,-3.10866139301483855e-7,1.94834928679554764e-6,-1.93651393642273959e-26,-4.53234033335254624e-2,4.99999999499999936e-9,0.00000000000000000e0,0.00000000000000000e0,0.00000000000000000e0,1.04086116764478792e-1,4.99803686944120196e-1,1.37364514534589621e0,9.51148038490214702e1,3.78224275845057930e-10,1.27626615434699748e-9,5.00000000000000000e0,0.00000000000000000e0,5.00000000000000000e0,5.00000000000000000e0,4.60195283011444189e0,2.09085553675866365e0,2.09085555775026455e0,0.00000000000000000e0;row_index=22761725:5.01578160328497780e-1,9.41716534824929283e1,-9.43150366528538342e-1,-4.18169948149898119e0,3.76889665823152711e2,3.76919420270454509e2,4.18168791671351858e0,3.76988449562905203e2,3.78224275845055899e2,-1.23889265350274450e-5,5.00000000000000000e0,4.99999999999999378e0,0.00000000000000000e0,2.87796705093968042e0,2.58987926557304204e0,5.00000000000000000e0,8.09853295535845064e-1,2.42955988660753519e0,2.19999517291233504e0,1.49999999999999716e1,-2.76193798952775164e-7,1.94834928679554764e-6,-1.93643000889908952e-26,-4.53234033328361041e-2,4.99999999499999936e-9,0.00000000000000000e0,0.00000000000000000e0,0.00000000000000000e0,1.04086116764478445e-1,4.99803686944120085e-1,1.37364514534589577e0,9.51148038490214702e1,3.78224275845055500e-10,1.27350784102085914e-9,5.00000000000000000e0,0.00000000000000000e0,5.00000000000000000e0,5.00000000000000000e0,4.60195283004622979e0,2.09085559002875598e0,2.09085555566021952e0,0.00000000000000000e0;row_index=22761726:5.01578160328497780e-1,9.41716534807223411e1,-9.43150368299144115e-1,-4.18169948136431913e0,3.76889665823152768e2,3.76919420270454566e2,4.18168791662571060e0,3.76988449562904179e2,3.78224275845052773e2,-1.23889265589407471e-5,5.00000000000000000e0,4.99999999999999378e0,0.00000000000000000e0,2.87796705093968086e0,2.58987926557264991e0,5.00000000000000000e0,8.09853295535845064e-1,2.42955988660753519e0,2.19999517291233504e0,1.49999999999999716e1,-2.32028037525484490e-7,1.94834928679554764e-6,-1.93632310696167428e-26,-4.53234033319579940e-2,4.99999999499999936e-9,0.00000000000000000e0,0.00000000000000000e0,0.00000000000000000e0,1.04086116764477987e-1,4.99803686944120085e-1,1.37364514534589577e0,9.51148038490214844e1,3.78224275845052399e-10,1.27651824926560539e-9,5.00000000000000000e0,0.00000000000000000e0,5.00000000000000000e0,5.00000000000000000e0,4.60195282997422872e0,2.09085562818075577e0,2.09085560244820901e0,0.00000000000000000e0 right=row_index=22761727:5.01578160328497891e-1,9.41716534812061354e1,-9.43150367823343827e-1,-4.18169948138569225e0,3.76889665823152711e2,3.76919420270454509e2,4.18168791645009552e0,3.76988449562901906e2,3.78224275845047146e2,-1.23889266005375983e-5,5.00000000000000000e0,4.99999999999999378e0,0.00000000000000000e0,2.87796705093968130e0,2.58987926557186521e0,5.00000000000000000e0,8.09853850647357376e-1,2.42956155194207213e0,2.19999668089242784e0,1.49999999999999716e1,-1.43696515096492306e-7,1.94834928690656994e-6,-1.93610932079113843e-26,-4.53234033302017877e-2,4.99999999499999936e-9,0.00000000000000000e0,0.00000000000000000e0,0.00000000000000000e0,1.04086116764476821e-1,4.99803686944120362e-1,1.37364514534589666e0,9.51148038490294851e1,3.78224275845046763e-10,1.33276829836401771e-9,5.00000000000000000e0,0.00000000000000000e0,5.00000000000000000e0,5.00000000000000000e0,4.60195282982643583e0,2.09085559620519046e0,2.09085557029022517e0,0.00000000000000000e0
equal_group_time_s=5.01593661338212593e-1 threshold_crossing=false left=row_index=22762540:5.01593661338212482e-1,9.49898592393055452e1,-9.44630504704799701e-1,-4.23235062174967425e0,3.76884640677301718e2,3.76914394727881472e2,4.23233914323540361e0,3.76984167079610643e2,3.78220935842723350e2,-1.56118687929609469e-5,5.00000000000000000e0,4.99999999999999378e0,0.00000000000000000e0,2.87803373153112041e0,2.61198020951055820e0,5.00000000000000000e0,8.09852185312820438e-1,2.42955655593846132e0,2.19999215695215034e0,1.49999999999999716e1,-6.86281421722674476e-7,1.95833217875307497e-6,-1.01567622627563023e-24,-4.58201389889233840e-2,4.99999999499999936e-9,0.00000000000000000e0,0.00000000000000000e0,0.00000000000000000e0,1.04086116764463804e-1,4.99824557969240801e-1,1.37372218321309258e0,9.59344897440103495e1,3.78220935842722965e-10,1.21877453396048146e-9,5.00000000000000000e0,0.00000000000000000e0,5.00000000000000000e0,5.00000000000000000e0,4.65149011527804213e0,2.11618115473043744e0,2.11618111059447633e0,0.00000000000000000e0 group=row_index=22762541:5.01593661338212593e-1,9.49898592392778340e1,-9.44630504740505916e-1,-4.23235062159642439e0,3.76884640677302002e2,3.76914394727881756e2,4.23233914309133308e0,3.76984167079608710e2,3.78220935842718859e2,-1.56118688241876940e-5,5.00000000000000000e0,4.99999999999999378e0,0.00000000000000000e0,2.87803373153112130e0,2.61198020950990140e0,5.00000000000000000e0,8.09852740424332751e-1,2.42955822127299825e0,2.19999366493224269e0,1.49999999999999716e1,-6.13612106754864873e-7,1.95833217886409727e-6,-1.01558396984190377e-24,-4.58201389874826059e-2,4.99999999499999936e-9,0.00000000000000000e0,0.00000000000000000e0,0.00000000000000000e0,1.04086116764463610e-1,4.99824557969241079e-1,1.37372218321309369e0,9.59344897440183360e1,3.78220935842718519e-10,1.15124583679799109e-9,5.00000000000000000e0,0.00000000000000000e0,5.00000000000000000e0,5.00000000000000000e0,4.65149011513024924e0,2.11618115887576197e0,2.11618112204409714e0,0.00000000000000000e0;row_index=22762542:5.01593661338212593e-1,9.49898592391040495e1,-9.44630504914260039e-1,-4.23235062150450858e0,3.76884640677302059e2,3.76914394727881813e2,4.23233914301805658e0,3.76984167079607744e2,3.78220935842716472e2,-1.56118688404668744e-5,5.00000000000000000e0,4.99999999999999378e0,0.00000000000000000e0,2.87803373153112174e0,2.61198020950956700e0,5.00000000000000000e0,8.09852740424332751e-1,2.42955822127299825e0,2.19999366493224269e0,1.49999999999999716e1,-5.76651799639315037e-7,1.95833217886409727e-6,-1.01553705055405588e-24,-4.58201389867498171e-2,4.99999999499999936e-9,0.00000000000000000e0,0.00000000000000000e0,0.00000000000000000e0,1.04086116764463527e-1,4.99824557969241134e-1,1.37372218321309414e0,9.59344897440183075e1,3.78220935842716089e-10,1.18213116748280272e-9,5.00000000000000000e0,0.00000000000000000e0,5.00000000000000000e0,5.00000000000000000e0,4.65149011506203713e0,2.11618121512411506e0,2.11618113283473308e0,0.00000000000000000e0 right=row_index=22762543:5.01593661338212704e-1,9.49898592392460586e1,-9.44630504776249325e-1,-4.23235062140923901e0,3.76884640677302230e2,3.76914394727881984e2,4.23233914292422408e0,3.76984167079606493e2,3.78220935842713459e2,-1.56118688609672368e-5,5.00000000000000000e0,4.99999999999999378e0,0.00000000000000000e0,2.87803373153112174e0,2.61198020950913978e0,5.00000000000000000e0,8.09853295535845064e-1,2.42955988660753519e0,2.19999517291233504e0,1.49999999999999716e1,-5.29322964983643622e-7,1.95833217897511958e-6,-1.01547697209649893e-24,-4.58201389858114358e-2,4.99999999499999936e-9,0.00000000000000000e0,0.00000000000000000e0,0.00000000000000000e0,1.04086116764463638e-1,4.99824557969241134e-1,1.37372218321309414e0,9.59344897440223008e1,3.78220935842713091e-10,1.17103241431274603e-9,5.00000000000000000e0,0.00000000000000000e0,5.00000000000000000e0,5.00000000000000000e0,4.65149011496729781e0,2.11618107124415911e0,2.11618109493844431e0,0.00000000000000000e0
equal_group_time_s=5.15117301660030003e-1 threshold_crossing=false left=row_index=23442660:5.15117301660029892e-1,-2.08802563732007940e0,9.14954956208931947e1,3.85204144493737921e0,3.80074975822545980e2,3.80104981741689812e2,3.85203180686321422e0,3.80169215540416189e2,3.81398771871326915e2,-8.22529036728161235e-6,5.00000000000000000e0,4.99999999999999378e0,0.00000000000000000e0,2.87778181991364423e0,2.58084807180739606e0,5.00000000000000000e0,8.09855515981894314e-1,2.42956654794568294e0,2.20000120483270534e0,1.49999999999999716e1,4.17135490927809159e-8,1.93223776778772560e-6,-1.94184771192555472e-26,-4.20825580806150346e-2,4.99999999499999936e-9,0.00000000000000000e0,0.00000000000000000e0,0.00000000000000000e0,1.04086116764474823e-1,4.99745709632970658e-1,1.37343115433222529e0,-9.35835212582132669e1,3.81398771871326561e-10,1.32875225019143077e-9,5.00000000000000000e0,0.00000000000000000e0,5.00000000000000000e0,5.00000000000000000e0,4.28225324842514965e0,1.92602796446303226e0,1.92602797753628674e0,0.00000000000000000e0 group=row_index=23442661:5.15117301660030003e-1,-2.08802563673874930e0,9.14954956214664890e1,3.85204144477034305e0,3.80074975822546037e2,3.80104981741689869e2,3.85203180674068202e0,3.80169215540414541e2,3.81398771871322595e2,-8.22529040141028080e-6,5.00000000000000000e0,4.99999999999999378e0,0.00000000000000000e0,2.87778181991364512e0,2.58084807180665887e0,5.00000000000000000e0,8.09856071093406626e-1,2.42956821328021988e0,2.20000271281279769e0,1.49999999999999716e1,1.02374333671907116e-7,1.93223776789874790e-6,-1.94170047499246302e-26,-4.20825580793898271e-2,4.99999999499999936e-9,0.00000000000000000e0,0.00000000000000000e0,0.00000000000000000e0,1.04086116764474532e-1,4.99745709632970991e-1,1.37343115433222640e0,-9.35835212582052378e1,3.81398771871322270e-10,1.31131729276503969e-9,5.00000000000000000e0,0.00000000000000000e0,5.00000000000000000e0,5.00000000000000000e0,4.28225324831146281e0,1.92602803069053241e0,1.92602800629485138e0,0.00000000000000000e0;row_index=23442662:5.15117301660030003e-1,-2.08802563875555336e0,9.14954956194496845e1,3.85204144473472443e0,3.80074975822546094e2,3.80104981741689926e2,3.85203180667514600e0,3.80169215540413632e2,3.81398771871320264e2,-8.22529042033935467e-6,5.00000000000000000e0,4.99999999999999378e0,0.00000000000000000e0,2.87778181991364468e0,2.58084807180626497e0,5.00000000000000000e0,8.09856071093406626e-1,2.42956821328021988e0,2.20000271281279769e0,1.49999999999999716e1,1.34818359626444301e-7,1.93223776789874790e-6,-1.94162173085883589e-26,-4.20825580787345319e-2,4.99999999499999936e-9,0.00000000000000000e0,0.00000000000000000e0,0.00000000000000000e0,1.04086116764473505e-1,4.99745709632970769e-1,1.37343115433222596e0,-9.35835212582052378e1,3.81398771871319892e-10,1.29820527782117181e-9,5.00000000000000000e0,0.00000000000000000e0,5.00000000000000000e0,5.00000000000000000e0,4.28225324824704057e0,1.92602807395982434e0,1.92602803112530285e0,0.00000000000000000e0;row_index=23442663:5.15117301660030003e-1,-2.08802563589019519e0,9.14954956223150333e1,3.85204144464950460e0,3.80074975822546207e2,3.80104981741690040e2,3.85203180659227495e0,3.80169215540412495e2,3.81398771871317479e2,-8.22529044324883118e-6,5.00000000000000000e0,4.99999999999999378e0,0.00000000000000000e0,2.87778181991364335e0,2.58084807180576714e0,5.00000000000000000e0,8.09856071093406626e-1,2.42956821328021988e0,2.20000271281279769e0,1.49999999999999716e1,1.75844203599517391e-7,1.93223776789874790e-6,-1.94152216256806179e-26,-4.20825580779058961e-2,4.99999999499999936e-9,0.00000000000000000e0,0.00000000000000000e0,0.00000000000000000e0,1.04086116764471201e-1,4.99745709632970325e-1,1.37343115433222440e0,-9.35835212582052236e1,3.81398771871317100e-10,1.29251735409447681e-9,5.00000000000000000e0,0.00000000000000000e0,5.00000000000000000e0,5.00000000000000000e0,4.28225324816366992e0,1.92602803689221025e0,1.92602798552709387e0,0.00000000000000000e0 right=row_index=23442664:5.15117301660030114e-1,-2.08802563639018146e0,9.14954956218110169e1,3.85204144452542252e0,3.80074975822546378e2,3.80104981741690210e2,3.85203180642653376e0,3.80169215540410278e2,3.81398771871312135e2,-8.22529048860208548e-6,5.00000000000000000e0,4.99999999999999378e0,0.00000000000000000e0,2.87778181991364335e0,2.58084807180477016e0,5.00000000000000000e0,8.09856626204918939e-1,2.42956987861475682e0,2.20000422079289004e0,1.49999999999999716e1,2.57895891178437202e-7,1.93223776800977021e-6,-1.94132304130400396e-26,-4.20825580762486107e-2,4.99999999499999936e-9,0.00000000000000000e0,0.00000000000000000e0,0.00000000000000000e0,1.04086116764469286e-1,4.99745709632970436e-1,1.37343115433222396e0,-9.35835212582012019e1,3.81398771871311775e-10,1.26678637764511164e-9,5.00000000000000000e0,0.00000000000000000e0,5.00000000000000000e0,5.00000000000000000e0,4.28225324800450835e0,1.92602803034130199e0,1.92602798604480774e0,0.00000000000000000e0
equal_group_time_s=5.18246501945209603e-1 threshold_crossing=false left=row_index=23587228:5.18246501945209492e-1,9.42582551157182991e1,-9.45276304021205327e-1,-4.25451036187303089e0,3.77791490554910979e2,3.77821316198902139e2,4.25449877599539406e0,3.77891441613272605e2,3.79128621070900351e2,-1.09908876391930590e-5,5.00000000000000000e0,4.99999999999999378e0,0.00000000000000000e0,2.87988997040317907e0,2.59982698954248370e0,5.00000000000000000e0,8.09853850647357376e-1,2.42956155194207213e0,2.19999668089242784e0,1.49999999999999716e1,-2.55615666920289713e-7,1.94510475937104133e-6,-9.73909807614946606e-24,-4.60618073049107665e-2,4.99999999499999936e-9,0.00000000000000000e0,0.00000000000000000e0,0.00000000000000000e0,1.04086116764474337e-1,5.00405560736195132e-1,1.37586761260797696e0,9.52035314197395053e1,3.79128621070899937e-10,1.16312595954376780e-9,5.00000000000000000e0,0.00000000000000000e0,5.00000000000000000e0,5.00000000000000000e0,4.67502762469772914e0,2.12726092594294913e0,2.12726093820996986e0,0.00000000000000000e0 group=row_index=23587229:5.18246501945209603e-1,9.42582551163060174e1,-9.45276303437473042e-1,-4.25451036186086640e0,3.77791490554911150e2,3.77821316198902309e2,4.25449877588058545e0,3.77891441613271070e2,3.79128621070896713e2,-1.09908876661562488e-5,5.00000000000000000e0,4.99999999999999378e0,0.00000000000000000e0,2.87988997040317951e0,2.59982698954199609e0,5.00000000000000000e0,8.09854405758869689e-1,2.42956321727660907e0,2.19999818887252019e0,1.49999999999999716e1,-1.98038462275189965e-7,1.94510475948206363e-6,-9.73839716378346205e-24,-4.60618073037626571e-2,4.99999999499999936e-9,0.00000000000000000e0,0.00000000000000000e0,0.00000000000000000e0,1.04086116764474559e-1,5.00405560736195132e-1,1.37586761260797763e0,9.52035314197434843e1,3.79128621070896370e-10,1.17525868950113967e-9,5.00000000000000000e0,0.00000000000000000e0,5.00000000000000000e0,5.00000000000000000e0,4.67502762458404231e0,2.12726098565790966e0,2.12726094771859620e0,0.00000000000000000e0;row_index=23587230:5.18246501945209603e-1,9.42582551142447187e1,-9.45276305498770730e-1,-4.25451036179651965e0,3.77791490554911263e2,3.77821316198902423e2,4.25449877581905600e0,3.77891441613270217e2,3.79128621070894781e2,-1.09908876816298636e-5,5.00000000000000000e0,4.99999999999999378e0,0.00000000000000000e0,2.87988997040317951e0,2.59982698954173541e0,5.00000000000000000e0,8.09854405758869689e-1,2.42956321727660907e0,2.19999818887252019e0,1.49999999999999716e1,-1.67180730342409330e-7,1.94510475948206363e-6,-9.73802153994632183e-24,-4.60618073031473368e-2,4.99999999499999936e-9,0.00000000000000000e0,0.00000000000000000e0,0.00000000000000000e0,1.04086116764474629e-1,5.00405560736195243e-1,1.37586761260797785e0,9.52035314197434843e1,3.79128621070894405e-10,1.22525889532742156e-9,5.00000000000000000e0,0.00000000000000000e0,5.00000000000000000e0,5.00000000000000000e0,4.67502762451962006e0,2.12726099104912292e0,2.12726100400495444e0,0.00000000000000000e0;row_index=23587231:5.18246501945209603e-1,9.42582551154523003e1,-9.45276304291179703e-1,-4.25451036157545559e0,3.77791490554911320e2,3.77821316198902480e2,4.25449877574168323e0,3.77891441613269137e2,3.79128621070892393e2,-1.09908877010268690e-5,5.00000000000000000e0,4.99999999999999378e0,0.00000000000000000e0,2.87988997040317951e0,2.59982698954140767e0,5.00000000000000000e0,8.09854405758869689e-1,2.42956321727660907e0,2.19999818887252019e0,1.49999999999999716e1,-1.28377163175605965e-7,1.94510475948206363e-6,-9.73754921390877448e-24,-4.60618073023735738e-2,4.99999999499999936e-9,0.00000000000000000e0,0.00000000000000000e0,0.00000000000000000e0,1.04086116764474323e-1,5.00405560736195243e-1,1.37586761260797785e0,9.52035314197434843e1,3.79128621070891975e-10,1.26743113288312903e-9,5.00000000000000000e0,0.00000000000000000e0,5.00000000000000000e0,5.00000000000000000e0,4.67502762444382824e0,2.12726108542109404e0,2.12726096897781503e0,0.00000000000000000e0 right=row_index=23587232:5.18246501945209714e-1,9.42582551153418535e1,-9.45276304409620960e-1,-4.25451036155959628e0,3.77791490554911434e2,3.77821316198902593e2,4.25449877558693590e0,3.77891441613266977e2,3.79128621070887391e2,-1.09908877378289920e-5,5.00000000000000000e0,4.99999999999999378e0,0.00000000000000000e0,2.87988997040318040e0,2.59982698954075131e0,5.00000000000000000e0,8.09854960870382001e-1,2.42956488261114600e0,2.19999969685261254e0,1.49999999999999716e1,-5.07700291705194484e-8,1.94510475959308593e-6,-9.73660463056010605e-24,-4.60618073008260687e-2,4.99999999499999936e-9,0.00000000000000000e0,0.00000000000000000e0,0.00000000000000000e0,1.04086116764473102e-1,5.00405560736195465e-1,1.37586761260797896e0,9.52035314197514708e1,3.79128621070887012e-10,1.32205298484266131e-9,5.00000000000000000e0,0.00000000000000000e0,5.00000000000000000e0,5.00000000000000000e0,4.67502762429224639e0,2.12726100325461154e0,2.12726094776311347e0,0.00000000000000000e0
equal_group_time_s=5.23443742321406003e-1 threshold_crossing=false left=row_index=23855033:5.23443742321405892e-1,9.30175431299627462e1,-9.33528583161309045e-1,-3.85726879793850230e0,3.80500994593191933e2,3.80531034145396632e2,3.85725917542001318e0,3.80595362632543925e2,3.81825020343621134e2,-1.37165297974512562e-5,5.00000000000000000e0,4.99999999999999378e0,0.00000000000000000e0,2.87877403951556454e0,2.59229257160930437e0,5.00000000000000000e0,8.09854405758869689e-1,2.42956321727660907e0,2.19999818887252019e0,1.49999999999999716e1,-4.73710956194168114e-7,1.94598193559158972e-6,-3.01434028916164202e-30,-4.21356901215951124e-2,4.99999999499999936e-9,0.00000000000000000e0,0.00000000000000000e0,0.00000000000000000e0,1.04086116764474643e-1,5.00056274368371745e-1,1.37457762591374033e0,9.39510717131240511e1,3.81825020343620761e-10,1.34197875102002285e-9,5.00000000000000000e0,0.00000000000000000e0,5.00000000000000000e0,5.00000000000000000e0,4.28856580981952629e0,1.92864171962741016e0,1.92864169765998983e0,0.00000000000000000e0 group=row_index=23855034:5.23443742321406003e-1,9.30175431293510684e1,-9.33528583768997722e-1,-3.85726879787307553e0,3.80500994593192161e2,3.80531034145396859e2,3.85725917529329276e0,3.80595362632542333e2,3.81825020343617098e2,-1.37165298268416241e-5,5.00000000000000000e0,4.99999999999999378e0,0.00000000000000000e0,2.87877403951556454e0,2.59229257160852100e0,5.00000000000000000e0,8.09854960870382001e-1,2.42956488261114600e0,2.19999969685261254e0,1.49999999999999716e1,-4.10990188629339335e-7,1.94598193570261202e-6,-3.01410397124257814e-30,-4.21356901203279871e-2,4.99999999499999936e-9,0.00000000000000000e0,0.00000000000000000e0,0.00000000000000000e0,1.04086116764475170e-1,5.00056274368371634e-1,1.37457762591374033e0,9.39510717131200721e1,3.81825020343616729e-10,1.33190268438029675e-9,5.00000000000000000e0,0.00000000000000000e0,5.00000000000000000e0,5.00000000000000000e0,4.28856580969826062e0,1.92864166834248962e0,1.92864167112997098e0,0.00000000000000000e0;row_index=23855035:5.23443742321406003e-1,9.30175431293099280e1,-9.33528583810147583e-1,-3.85726879791224064e0,3.80500994593192331e2,3.80531034145397030e2,3.85725917522561979e0,3.80595362632541480e2,3.81825020343614824e2,-1.37165298435753546e-5,5.00000000000000000e0,4.99999999999999378e0,0.00000000000000000e0,2.87877403951556410e0,2.59229257160810311e0,5.00000000000000000e0,8.09854960870382001e-1,2.42956488261114600e0,2.19999969685261254e0,1.49999999999999716e1,-3.77495124173635963e-7,1.94598193570261202e-6,-3.01397777686901988e-30,-4.21356901196512923e-2,4.99999999499999936e-9,0.00000000000000000e0,0.00000000000000000e0,0.00000000000000000e0,1.04086116764475031e-1,5.00056274368371523e-1,1.37457762591373989e0,9.39510717131200721e1,3.81825020343614454e-10,1.38165512052435903e-9,5.00000000000000000e0,0.00000000000000000e0,5.00000000000000000e0,5.00000000000000000e0,4.28856580963004852e0,1.92864179753829412e0,1.92864167840372258e0,0.00000000000000000e0;row_index=23855036:5.23443742321406003e-1,9.30175431303512710e1,-9.33528582768786586e-1,-3.85726879781122989e0,3.80500994593192559e2,3.80531034145397257e2,3.85725917513974448e0,3.80595362632540400e2,3.81825020343611982e2,-1.37165298632328412e-5,5.00000000000000000e0,4.99999999999999378e0,0.00000000000000000e0,2.87877403951556321e0,2.59229257160757287e0,5.00000000000000000e0,8.09854960870382001e-1,2.42956488261114600e0,2.19999969685261254e0,1.49999999999999716e1,-3.34990697213889899e-7,1.94598193570261202e-6,-3.01381764686591005e-30,-4.21356901187925695e-2,4.99999999499999936e-9,0.00000000000000000e0,0.00000000000000000e0,0.00000000000000000e0,1.04086116764473588e-1,5.00056274368371412e-1,1.37457762591373878e0,9.39510717131200579e1,3.81825020343611559e-10,1.41178998931114456e-9,5.00000000000000000e0,0.00000000000000000e0,5.00000000000000000e0,5.00000000000000000e0,4.28856580954288802e0,1.92864167578527823e0,1.92864170152792425e0,0.00000000000000000e0 right=row_index=23855037:5.23443742321406114e-1,9.30175431296254089e1,-9.33528583490633612e-1,-3.85726879758919949e0,3.80500994593192900e2,3.80531034145397598e2,3.85725917496799386e0,3.80595362632538070e2,3.81825020343606298e2,-1.37165299036180338e-5,5.00000000000000000e0,4.99999999999999378e0,0.00000000000000000e0,2.87877403951556188e0,2.59229257160651105e0,5.00000000000000000e0,8.09855515981894314e-1,2.42956654794568294e0,2.20000120483270534e0,1.49999999999999716e1,-2.49981843688570852e-7,1.94598193581363432e-6,-3.01349741238171274e-30,-4.21356901170751239e-2,4.99999999499999936e-9,0.00000000000000000e0,0.00000000000000000e0,0.00000000000000000e0,1.04086116764471992e-1,5.00056274368370968e-1,1.37457762591373722e0,9.39510717131160362e1,3.81825020343605924e-10,1.40460904685635021e-9,5.00000000000000000e0,0.00000000000000000e0,5.00000000000000000e0,5.00000000000000000e0,4.28856580936477894e0,1.92864168190778607e0,1.92864169872203384e0,0.00000000000000000e0
equal_group_time_s=5.26565172875331888e-1 threshold_crossing=false left=row_index=23999117:5.26565172875331777e-1,-2.16844465131799424e0,9.22570870282128794e1,4.09609279756615319e0,3.78215977824260676e2,3.78245836980404647e2,4.09608110891584420e0,3.78313629046867447e2,3.79547850274963537e2,-7.70324849981002783e-6,5.00000000000000000e0,4.99999999999999378e0,0.00000000000000000e0,2.88082245827779326e0,2.56480887698278304e0,5.00000000000000000e0,8.09853850647357376e-1,2.42956155194207213e0,2.19999668089242784e0,1.49999999999999716e1,9.97631122933772603e-8,1.93463108477676116e-6,-2.57929011058630728e-27,-4.44914887120448771e-2,4.99999999499999936e-9,0.00000000000000000e0,0.00000000000000000e0,0.00000000000000000e0,1.04086116764478778e-1,5.00697429440949415e-1,1.37694600802138689e0,-9.44255316795308772e1,3.79547850274963195e-10,1.27253787291875545e-9,5.00000000000000000e0,0.00000000000000000e0,5.00000000000000000e0,5.00000000000000000e0,4.51947109752003051e0,2.04805234252255763e0,2.04805231002566090e0,0.00000000000000000e0 group=row_index=23999118:5.26565172875331888e-1,-2.16844465182331936e0,9.22570870277155848e1,4.09609279739621712e0,3.78215977824260847e2,3.78245836980404817e2,4.09608110875110309e0,3.78313629046865287e2,3.79547850274958193e2,-7.70324854375391079e-6,5.00000000000000000e0,4.99999999999999378e0,0.00000000000000000e0,2.88082245827779415e0,2.56480887698203341e0,5.00000000000000000e0,8.09854405758869689e-1,2.42956321727660907e0,2.19999818887252019e0,1.49999999999999716e1,1.82055453888442191e-7,1.93463108488778346e-6,-2.57902480443805077e-27,-4.44914887103974727e-2,4.99999999499999936e-9,0.00000000000000000e0,0.00000000000000000e0,0.00000000000000000e0,1.04086116764477918e-1,5.00697429440949637e-1,1.37694600802138800e0,-9.44255316795389064e1,3.79547850274957870e-10,1.27435862790222368e-9,5.00000000000000000e0,0.00000000000000000e0,5.00000000000000000e0,5.00000000000000000e0,4.51947109736465791e0,2.04805230735554478e0,2.04805231144746092e0,0.00000000000000000e0;row_index=23999119:5.26565172875331888e-1,-2.16844465214247295e0,9.22570870273964232e1,4.09609279729438391e0,3.78215977824261017e2,3.78245836980404988e2,4.09608110866456077e0,3.78313629046864094e2,3.79547850274955351e2,-7.70324856787788855e-6,5.00000000000000000e0,4.99999999999999378e0,0.00000000000000000e0,2.88082245827779504e0,2.56480887698163951e0,5.00000000000000000e0,8.09854405758869689e-1,2.42956321727660907e0,2.19999818887252019e0,1.49999999999999716e1,2.25285598037205122e-7,1.93463108488778346e-6,-2.57888544367727275e-27,-4.44914887095320469e-2,4.99999999499999936e-9,0.00000000000000000e0,0.00000000000000000e0,0.00000000000000000e0,1.04086116764477349e-1,5.00697429440949970e-1,1.37694600802138911e0,-9.44255316795388921e1,3.79547850274954975e-10,1.29643789042120309e-9,5.00000000000000000e0,0.00000000000000000e0,5.00000000000000000e0,5.00000000000000000e0,4.51947109727370844e0,2.04805235220823834e0,2.04805230707387897e0,0.00000000000000000e0 right=row_index=23999120:5.26565172875331999e-1,-2.16844465102643991e0,9.22570870285205018e1,4.09609279721048747e0,3.78215977824261131e2,3.78245836980405102e2,4.09608110855172036e0,3.78313629046862616e2,3.79547850274951600e2,-7.70324859912978408e-6,5.00000000000000000e0,4.99999999999999378e0,0.00000000000000000e0,2.88082245827779593e0,2.56480887698112570e0,5.00000000000000000e0,8.09854960870382001e-1,2.42956488261114600e0,2.19999969685261254e0,1.49999999999999716e1,2.81653115671256942e-7,1.93463108499880576e-6,-2.57870374335328488e-27,-4.44914887084036231e-2,4.99999999499999936e-9,0.00000000000000000e0,0.00000000000000000e0,0.00000000000000000e0,1.04086116764477099e-1,5.00697429440950192e-1,1.37694600802139000e0,-9.44255316795469355e1,3.79547850274951252e-10,1.25659263545847887e-9,5.00000000000000000e0,0.00000000000000000e0,5.00000000000000000e0,5.00000000000000000e0,4.51947109716760131e0,2.04805237713235977e0,2.04805231183962677e0,0.00000000000000000e0
equal_group_time_s=5.26588416594377051e-1 threshold_crossing=false left=row_index=24000301:5.26588416594376940e-1,-2.21336131197568209e0,9.34441542268291840e1,4.23258911245073133e0,3.78208062926662137e2,3.78237921457945788e2,4.23257755723481921e0,3.78307717139742010e2,3.79544490328522443e2,-9.75467229194393726e-6,5.00000000000000000e0,4.99999999999999378e0,0.00000000000000000e0,2.88092220854843672e0,2.59689195904667125e0,5.00000000000000000e0,8.09854405758869689e-1,2.42956321727660907e0,2.19999818887252019e0,1.49999999999999716e1,-1.41346032524809978e-7,1.94180989587788844e-6,-5.30141155068733163e-27,-4.58419982288044495e-2,4.99999999499999936e-9,0.00000000000000000e0,0.00000000000000000e0,0.00000000000000000e0,1.04086116764476627e-1,5.00728651275660686e-1,1.37706139135356542e0,-9.56575155388048728e1,3.79544490328522027e-10,1.24836515225184640e-9,5.00000000000000000e0,0.00000000000000000e0,5.00000000000000000e0,5.00000000000000000e0,4.65304545308148043e0,2.11630036533200938e0,2.11630035093812285e0,0.00000000000000000e0 group=row_index=24000302:5.26588416594377051e-1,-2.21336131066010244e0,9.34441542281487472e1,4.23258911231125801e0,3.78208062926662421e2,3.78237921457946072e2,4.23257755712412109e0,3.78307717139740532e2,3.79544490328518975e2,-9.75467231956226474e-6,5.00000000000000000e0,4.99999999999999378e0,0.00000000000000000e0,2.88092220854843584e0,2.59689195904619297e0,5.00000000000000000e0,8.09854960870382001e-1,2.42956488261114600e0,2.19999969685261254e0,1.49999999999999716e1,-8.58214549388965064e-8,1.94180989598891074e-6,-5.30104361514083354e-27,-4.58419982276974600e-2,4.99999999499999936e-9,0.00000000000000000e0,0.00000000000000000e0,0.00000000000000000e0,1.04086116764476350e-1,5.00728651275660464e-1,1.37706139135356476e0,-9.56575155388088518e1,3.79544490328518615e-10,1.29548768896764498e-9,5.00000000000000000e0,0.00000000000000000e0,5.00000000000000000e0,5.00000000000000000e0,4.65304545296400374e0,2.11630033168271314e0,2.11630034648325482e0,0.00000000000000000e0;row_index=24000303:5.26588416594377051e-1,-2.21336131044085604e0,9.34441542283679780e1,4.23258911231002344e0,3.78208062926662478e2,3.78237921457946129e2,4.23257755706456074e0,3.78307717139739680e2,3.79544490328517043e2,-9.75467233417037282e-6,5.00000000000000000e0,4.99999999999999378e0,0.00000000000000000e0,2.88092220854843539e0,2.59689195904593495e0,5.00000000000000000e0,8.09854960870382001e-1,2.42956488261114600e0,2.19999969685261254e0,1.49999999999999716e1,-5.59470760951788381e-8,1.94180989598891074e-6,-5.30084566209469610e-27,-4.58419982271018461e-2,4.99999999499999936e-9,0.00000000000000000e0,0.00000000000000000e0,0.00000000000000000e0,1.04086116764475461e-1,5.00728651275660241e-1,1.37706139135356409e0,-9.56575155388088376e1,3.79544490328516702e-10,1.32310623734940477e-9,5.00000000000000000e0,0.00000000000000000e0,5.00000000000000000e0,5.00000000000000000e0,4.65304545290337046e0,2.11630040211997539e0,2.11630039804817383e0,0.00000000000000000e0;row_index=24000304:5.26588416594377051e-1,-2.21336131162876892e0,9.34441542271800643e1,4.23258911213249966e0,3.78208062926662478e2,3.78237921457946129e2,4.23257755699001414e0,3.78307717139738656e2,3.79544490328514655e2,-9.75467235280333414e-6,5.00000000000000000e0,4.99999999999999378e0,0.00000000000000000e0,2.88092220854843450e0,2.59689195904561210e0,5.00000000000000000e0,8.09854960870382001e-1,2.42956488261114600e0,2.19999969685261254e0,1.49999999999999716e1,-1.85555709323881822e-8,1.94180989598891074e-6,-5.30059790962319232e-27,-4.58419982263563591e-2,4.99999999499999936e-9,0.00000000000000000e0,0.00000000000000000e0,0.00000000000000000e0,1.04086116764474768e-1,5.00728651275660130e-1,1.37706139135356298e0,-9.56575155388088376e1,3.79544490328514324e-10,1.31044304513428170e-9,5.00000000000000000e0,0.00000000000000000e0,5.00000000000000000e0,5.00000000000000000e0,4.65304545283515836e0,2.11630037180803265e0,2.11630036383951881e0,0.00000000000000000e0 right=row_index=24000305:5.26588416594377162e-1,-2.21336131124646140e0,9.34441542275703370e1,4.23258911205449717e0,3.78208062926662535e2,3.78237921457946186e2,4.23257755684092096e0,3.78307717139736724e2,3.79544490328510051e2,-9.75467238958927708e-6,5.00000000000000000e0,4.99999999999999378e0,0.00000000000000000e0,2.88092220854843406e0,2.59689195904496639e0,5.00000000000000000e0,8.09855515981894314e-1,2.42956654794568294e0,2.20000120483270534e0,1.49999999999999716e1,5.62274390881479284e-8,1.94180989609993304e-6,-5.30010243941795487e-27,-4.58419982248654129e-2,4.99999999499999936e-9,0.00000000000000000e0,0.00000000000000000e0,0.00000000000000000e0,1.04086116764475461e-1,5.00728651275660019e-1,1.37706139135356254e0,-9.56575155388167957e1,3.79544490328509671e-10,1.26983540603594542e-9,5.00000000000000000e0,0.00000000000000000e0,5.00000000000000000e0,5.00000000000000000e0,4.65304545270252401e0,2.11630039787310587e0,2.11630036363435536e0,0.00000000000000000e0
equal_group_time_s=5.31762421062607959e-1 threshold_crossing=false left=row_index=24266984:5.31762421062607848e-1,-2.09910754666534149e0,9.26313063453024199e1,3.88564544353766639e0,3.80906065470517092e2,3.80936137002001544e2,3.88563587213521577e0,3.81000874693282299e2,3.82231081585123547e2,-1.24206233258003648e-5,5.00000000000000000e0,4.99999999999999378e0,0.00000000000000000e0,2.87989935755254711e0,2.60110687489807768e0,5.00000000000000000e0,8.09853295535845064e-1,2.42955988660753519e0,2.19999517291233504e0,1.49999999999999716e1,-3.58502107298396692e-7,1.94331934066926948e-6,1.82015381769114172e-27,-4.24149887182497520e-2,4.99999999499999936e-9,0.00000000000000000e0,0.00000000000000000e0,0.00000000000000000e0,1.04086116764473463e-1,5.00408498913947120e-1,1.37587846647132572e0,-9.47304138919677570e1,3.82231081585123143e-10,1.33916861887413594e-9,5.00000000000000000e0,0.00000000000000000e0,5.00000000000000000e0,5.00000000000000000e0,4.31584608538363135e0,1.94283006353974397e0,1.94283001437450253e0,0.00000000000000000e0 group=row_index=24266985:5.31762421062607959e-1,-2.09910754598392080e0,9.26313063459797945e1,3.88564544337136297e0,3.80906065470517319e2,3.80936137002001772e2,3.88563587201523264e0,3.81000874693280650e2,3.82231081585119682e2,-1.24206233540834759e-5,5.00000000000000000e0,4.99999999999999378e0,0.00000000000000000e0,2.87989935755254667e0,2.60110687489733428e0,5.00000000000000000e0,8.09853850647357376e-1,2.42956155194207213e0,2.19999668089242784e0,1.49999999999999716e1,-2.99041372949249611e-7,1.94331934078029178e-6,1.82001853810829699e-27,-4.24149887170499895e-2,4.99999999499999936e-9,0.00000000000000000e0,0.00000000000000000e0,0.00000000000000000e0,1.04086116764472297e-1,5.00408498913947120e-1,1.37587846647132528e0,-9.47304138919637211e1,3.82231081585119265e-10,1.31140686056777739e-9,5.00000000000000000e0,0.00000000000000000e0,5.00000000000000000e0,5.00000000000000000e0,4.31584608525857583e0,1.94283001361602747e0,1.94282999571707271e0,0.00000000000000000e0;row_index=24266986:5.31762421062607959e-1,-2.09910754457925597e0,9.26313063473844807e1,3.88564544333681727e0,3.80906065470517319e2,3.80936137002001772e2,3.88563587195100713e0,3.81000874693279854e2,3.82231081585117749e2,-1.24206233687609695e-5,5.00000000000000000e0,4.99999999999999378e0,0.00000000000000000e0,2.87989935755254578e0,2.60110687489693637e0,5.00000000000000000e0,8.09853850647357376e-1,2.42956155194207213e0,2.19999668089242784e0,1.49999999999999716e1,-2.67212728639914404e-7,1.94331934078029178e-6,1.81994612864141467e-27,-4.24149887164077741e-2,4.99999999499999936e-9,0.00000000000000000e0,0.00000000000000000e0,0.00000000000000000e0,1.04086116764471784e-1,5.00408498913947009e-1,1.37587846647132439e0,-9.47304138919637353e1,3.82231081585117404e-10,1.34021008604240260e-9,5.00000000000000000e0,0.00000000000000000e0,5.00000000000000000e0,5.00000000000000000e0,4.31584608520552138e0,1.94283004146070981e0,1.94283002302258390e0,0.00000000000000000e0;row_index=24266987:5.31762421062607959e-1,-2.09910754710154857e0,9.26313063448621961e1,3.88564544335069151e0,3.80906065470517262e2,3.80936137002001715e2,3.88563587186996395e0,3.81000874693278831e2,3.82231081585115192e2,-1.24206233877861478e-5,5.00000000000000000e0,4.99999999999999378e0,0.00000000000000000e0,2.87989935755254578e0,2.60110687489643455e0,5.00000000000000000e0,8.09853850647357376e-1,2.42956155194207213e0,2.19999668089242784e0,1.49999999999999716e1,-2.27050389658813882e-7,1.94331934078029178e-6,1.81985476431287563e-27,-4.24149887155973945e-2,4.99999999499999936e-9,0.00000000000000000e0,0.00000000000000000e0,0.00000000000000000e0,1.04086116764471256e-1,5.00408498913946787e-1,1.37587846647132439e0,-9.47304138919637495e1,3.82231081585114819e-10,1.36980123613114900e-9,5.00000000000000000e0,0.00000000000000000e0,5.00000000000000000e0,5.00000000000000000e0,4.31584608514109913e0,1.94282999186553362e0,1.94282999626441022e0,0.00000000000000000e0 right=row_index=24266988:5.31762421062608071e-1,-2.09910754600794114e0,9.26313063459517991e1,3.88564544312268101e0,3.80906065470517376e2,3.80936137002001828e2,3.88563587170787805e0,3.81000874693276728e2,3.82231081585109621e2,-1.24206234294901571e-5,5.00000000000000000e0,4.99999999999999378e0,0.00000000000000000e0,2.87989935755254667e0,2.60110687489543047e0,5.00000000000000000e0,8.09854405758869689e-1,2.42956321727660907e0,2.19999818887252019e0,1.49999999999999716e1,-1.46725712048543326e-7,1.94331934089131408e-6,1.81967204941537577e-27,-4.24149887139766077e-2,4.99999999499999936e-9,0.00000000000000000e0,0.00000000000000000e0,0.00000000000000000e0,1.04086116764471159e-1,5.00408498913947120e-1,1.37587846647132550e0,-9.47304138919597420e1,3.82231081585109236e-10,1.45496886015581134e-9,5.00000000000000000e0,0.00000000000000000e0,5.00000000000000000e0,5.00000000000000000e0,4.31584608499330624e0,1.94283000288878105e0,1.94282998115454042e0,0.00000000000000000e0
equal_group_time_s=5.31770167734019861e-1 threshold_crossing=false left=row_index=24267387:5.31770167734019750e-1,-2.09326810401064156e0,9.22255307283175085e1,3.86793722505579929e0,3.80903183126356339e2,3.80933254430287320e2,3.86792761870007507e0,3.80997740435704998e2,3.82227604844281302e2,-1.30621667160851014e-5,5.00000000000000000e0,4.99999999999999378e0,0.00000000000000000e0,2.87987231397477705e0,2.59103140263201537e0,5.00000000000000000e0,8.09854960870382001e-1,2.42956488261114600e0,2.19999969685261254e0,1.49999999999999716e1,-4.11995371625811420e-7,1.94447734114255866e-6,1.74331574677879664e-26,-4.22428361440917027e-2,4.99999999499999936e-9,0.00000000000000000e0,0.00000000000000000e0,0.00000000000000000e0,1.04086116764474865e-1,5.00400034274105177e-1,1.37584719753149898e0,-9.43187988323281559e1,3.82227604844280938e-10,1.33836546817083285e-9,5.00000000000000000e0,0.00000000000000000e0,5.00000000000000000e0,5.00000000000000000e0,4.29906702784516437e0,1.93397596386139670e0,1.93397592208078084e0,0.00000000000000000e0 group=row_index=24267388:5.31770167734019861e-1,-2.09326810438613142e0,9.22255307279420293e1,3.86793722490929781e0,3.80903183126356453e2,3.80933254430287434e2,3.86792761856421796e0,3.80997740435703179e2,3.82227604844276982e2,-1.30621667488109004e-5,5.00000000000000000e0,4.99999999999999378e0,0.00000000000000000e0,2.87987231397477661e0,2.59103140263118181e0,5.00000000000000000e0,8.09855515981894314e-1,2.42956654794568294e0,2.20000120483270534e0,1.49999999999999716e1,-3.44761677191084829e-7,1.94447734125358096e-6,1.74316924097978142e-26,-4.22428361427332200e-2,4.99999999499999936e-9,0.00000000000000000e0,0.00000000000000000e0,0.00000000000000000e0,1.04086116764475156e-1,5.00400034274105177e-1,1.37584719753149809e0,-9.43187988323281559e1,3.82227604844276595e-10,1.30989373408282597e-9,5.00000000000000000e0,0.00000000000000000e0,5.00000000000000000e0,5.00000000000000000e0,4.29906702771631899e0,1.93397596660184856e0,1.93397589947174020e0,0.00000000000000000e0;row_index=24267389:5.31770167734019861e-1,-2.09326810332381141e0,9.22255307290043618e1,3.86793722480898783e0,3.80903183126356566e2,3.80933254430287548e2,3.86792761849633937e0,3.80997740435702269e2,3.82227604844274936e2,-1.30621667646793562e-5,5.00000000000000000e0,4.99999999999999378e0,0.00000000000000000e0,2.87987231397477617e0,2.59103140263076615e0,5.00000000000000000e0,8.09855515981894314e-1,2.42956654794568294e0,2.20000120483270534e0,1.49999999999999716e1,-3.11169483175076923e-7,1.94447734125358096e-6,1.74309604641327969e-26,-4.22428361420544712e-2,4.99999999499999936e-9,0.00000000000000000e0,0.00000000000000000e0,0.00000000000000000e0,1.04086116764475017e-1,5.00400034274105066e-1,1.37584719753149765e0,-9.43187988323281701e1,3.82227604844274579e-10,1.30391947874485138e-9,5.00000000000000000e0,0.00000000000000000e0,5.00000000000000000e0,5.00000000000000000e0,4.29906702764810689e0,1.93397590474461212e0,1.93397590387786766e0,0.00000000000000000e0;row_index=24267390:5.31770167734019861e-1,-2.09326810507259609e0,9.22255307272555598e1,3.86793722481050306e0,3.80903183126356623e2,3.80933254430287604e2,3.86792761840972332e0,3.80997740435701019e2,3.82227604844272207e2,-1.30621667853963879e-5,5.00000000000000000e0,4.99999999999999378e0,0.00000000000000000e0,2.87987231397477528e0,2.59103140263023590e0,5.00000000000000000e0,8.09855515981894314e-1,2.42956654794568294e0,2.20000120483270534e0,1.49999999999999716e1,-2.68303910933571428e-7,1.94447734125358096e-6,1.74300265039814844e-26,-4.22428361411883446e-2,4.99999999499999936e-9,0.00000000000000000e0,0.00000000000000000e0,0.00000000000000000e0,1.04086116764475087e-1,5.00400034274104843e-1,1.37584719753149654e0,-9.43187988323281559e1,3.82227604844271787e-10,1.28977253083663020e-9,5.00000000000000000e0,0.00000000000000000e0,5.00000000000000000e0,5.00000000000000000e0,4.29906702756094727e0,1.93397600351206322e0,1.93397592669701890e0,0.00000000000000000e0 right=row_index=24267391:5.31770167734019972e-1,-2.09326810329211632e0,9.22255307290280371e1,3.86793722454152800e0,3.80903183126356680e2,3.80933254430287661e2,3.86792761823649034e0,3.80997740435698574e2,3.82227604844266580e2,-1.30621668277278335e-5,5.00000000000000000e0,4.99999999999999378e0,0.00000000000000000e0,2.87987231397477439e0,2.59103140262917497e0,5.00000000000000000e0,8.09856071093406626e-1,2.42956821328021988e0,2.20000271281279769e0,1.49999999999999716e1,-1.82572766851459913e-7,1.94447734136460326e-6,1.74281587338010824e-26,-4.22428361394560914e-2,4.99999999499999936e-9,0.00000000000000000e0,0.00000000000000000e0,0.00000000000000000e0,1.04086116764476169e-1,5.00400034274104399e-1,1.37584719753149587e0,-9.43187988323201552e1,3.82227604844266204e-10,1.25940491460971746e-9,5.00000000000000000e0,0.00000000000000000e0,5.00000000000000000e0,5.00000000000000000e0,4.29906702739420687e0,1.93397596167763175e0,1.93397591733328822e0,0.00000000000000000e0
equal_group_time_s=5.31801131676337469e-1 threshold_crossing=false left=row_index=24268992:5.31801131676337357e-1,-2.05822843334486638e0,9.06073200260285603e1,3.76173131804289262e0,3.80891337687976488e2,3.80921408056741313e2,3.76172156686112746e0,3.80984337181512672e2,3.82212131354293945e2,-6.44187686695212754e-6,5.00000000000000000e0,4.99999999999999378e0,0.00000000000000000e0,2.87976528395566289e0,2.55390478242587582e0,5.00000000000000000e0,8.09854405758869689e-1,2.42956321727660907e0,2.19999818887252019e0,1.49999999999999716e1,2.38517553614751749e-7,1.92636601337170532e-6,2.97679719099256371e-24,-4.12001989346691966e-2,4.99999999499999936e-9,0.00000000000000000e0,0.00000000000000000e0,0.00000000000000000e0,1.04086116764476933e-1,5.00366533878122577e-1,1.37572344833731619e0,-9.26655484593734258e1,3.82212131354293541e-10,1.34208998893579267e-9,5.00000000000000000e0,0.00000000000000000e0,5.00000000000000000e0,5.00000000000000000e0,4.19527498475721039e0,1.88087305139976269e0,1.88087303366862302e0,0.00000000000000000e0 group=row_index=24268993:5.31801131676337469e-1,-2.05822843382928689e0,9.06073200255360405e1,3.76173131786348325e0,3.80891337687976545e2,3.80921408056741370e2,3.76172156671261115e0,3.80984337181510682e2,3.82212131354289056e2,-6.44187690714203502e-6,5.00000000000000000e0,4.99999999999999378e0,0.00000000000000000e0,2.87976528395566200e0,2.55390478242497254e0,5.00000000000000000e0,8.09854960870382001e-1,2.42956488261114600e0,2.19999969685261254e0,1.49999999999999716e1,3.11615021579233712e-7,1.92636601348272762e-6,2.97652520798066626e-24,-4.12001989331841831e-2,4.99999999499999936e-9,0.00000000000000000e0,0.00000000000000000e0,0.00000000000000000e0,1.04086116764476641e-1,5.00366533878122133e-1,1.37572344833731508e0,-9.26655484593653256e1,3.82212131354288630e-10,1.33323446321304513e-9,5.00000000000000000e0,0.00000000000000000e0,5.00000000000000000e0,5.00000000000000000e0,4.19527498462078619e0,1.88087310012931619e0,1.88087305423166740e0,0.00000000000000000e0;row_index=24268994:5.31801131676337469e-1,-2.05822843457125382e0,9.06073200247940918e1,3.76173131771180902e0,3.80891337687976659e2,3.80921408056741484e2,3.76172156663397095e0,3.80984337181509659e2,3.82212131354286441e2,-6.44187692916639936e-6,5.00000000000000000e0,4.99999999999999378e0,0.00000000000000000e0,2.87976528395566156e0,2.55390478242449426e0,5.00000000000000000e0,8.09854960870382001e-1,2.42956488261114600e0,2.19999969685261254e0,1.49999999999999716e1,3.50320396275039787e-7,1.92636601348272762e-6,2.97638120205087213e-24,-4.12001989323978607e-2,4.99999999499999936e-9,0.00000000000000000e0,0.00000000000000000e0,0.00000000000000000e0,1.04086116764477210e-1,5.00366533878122022e-1,1.37572344833731464e0,-9.26655484593653398e1,3.82212131354286096e-10,1.36458582373512757e-9,5.00000000000000000e0,0.00000000000000000e0,5.00000000000000000e0,5.00000000000000000e0,4.19527498454499437e0,1.88087312056545697e0,1.88087306886653871e0,0.00000000000000000e0 right=row_index=24268995:5.31801131676337580e-1,-2.05822843430141988e0,9.06073200250558273e1,3.76173131767884694e0,3.80891337687976716e2,3.80921408056741541e2,3.76172156653260314e0,3.80984337181508408e2,3.82212131354283031e2,-6.44187695736029505e-6,5.00000000000000000e0,4.99999999999999378e0,0.00000000000000000e0,2.87976528395566111e0,2.55390478242387697e0,5.00000000000000000e0,8.09855515981894314e-1,2.42956654794568294e0,2.20000120483270534e0,1.49999999999999716e1,4.00212350670183277e-7,1.92636601359374993e-6,2.97619558598253299e-24,-4.12001989313842756e-2,4.99999999499999936e-9,0.00000000000000000e0,0.00000000000000000e0,0.00000000000000000e0,1.04086116764477266e-1,5.00366533878121911e-1,1.37572344833731419e0,-9.26655484593572538e1,3.82212131354282632e-10,1.33410075798880821e-9,5.00000000000000000e0,0.00000000000000000e0,5.00000000000000000e0,5.00000000000000000e0,4.19527498445783475e0,1.88087304457857840e0,1.88087301958781761e0,0.00000000000000000e0
equal_group_time_s=5.34922588892277173e-1 threshold_crossing=false left=row_index=24412961:5.34922588892277062e-1,9.47578247293642875e1,-9.44021567370480708e-1,-4.21148912214152915e0,3.78603665136686118e2,3.78633554899723208e2,4.21147755633675835e0,3.78703045918341729e2,3.79939427141604085e2,-9.82689697790580542e-6,5.00000000000000000e0,4.99999999999999378e0,0.00000000000000000e0,2.88204337169324010e0,2.60339955151256230e0,5.00000000000000000e0,8.09851075089795813e-1,2.42955322526938744e0,2.19998914099196519e0,1.49999999999999716e1,-1.12443466397951040e-7,1.94167717637583337e-6,5.34774006316352825e-27,-4.56351948122498061e-2,4.99999999499999936e-9,0.00000000000000000e0,0.00000000000000000e0,0.00000000000000000e0,1.04086116764479417e-1,5.01079575339984040e-1,1.37835859794355042e0,9.57018462967347716e1,3.79939427141603699e-10,1.26728408476095007e-9,5.00000000000000000e0,0.00000000000000000e0,5.00000000000000000e0,5.00000000000000000e0,4.63273457456807591e0,2.10575040261440716e0,2.10575039427087640e0,0.00000000000000000e0 group=row_index=24412962:5.34922588892277173e-1,9.47578247295905385e1,-9.44021567152206975e-1,-4.21148912196366609e0,3.78603665136686345e2,3.78633554899723435e2,4.21147755617583552e0,3.78703045918339683e2,3.79939427141598856e2,-9.82689701865093452e-6,5.00000000000000000e0,4.99999999999999378e0,0.00000000000000000e0,2.88204337169324010e0,2.60339955151182689e0,5.00000000000000000e0,8.09851630201308126e-1,2.42955489060392438e0,2.19999064897205754e0,1.49999999999999716e1,-3.18221723457572217e-8,1.94167717648685567e-6,5.34720116313333878e-27,-4.56351948106405447e-2,4.99999999499999936e-9,0.00000000000000000e0,0.00000000000000000e0,0.00000000000000000e0,1.04086116764479042e-1,5.01079575339984262e-1,1.37835859794355042e0,9.57018462967427439e1,3.79939427141598426e-10,1.24597347462724580e-9,5.00000000000000000e0,0.00000000000000000e0,5.00000000000000000e0,5.00000000000000000e0,4.63273457441649406e0,2.10575041982079192e0,2.10575040365801724e0,0.00000000000000000e0;row_index=24412963:5.34922588892277173e-1,9.47578247289959847e1,-9.44021567746751500e-1,-4.21148912175760870e0,3.78603665136686402e2,3.78633554899723492e2,4.21147755609117702e0,3.78703045918338546e2,3.79939427141596127e2,-9.82689703981924841e-6,5.00000000000000000e0,4.99999999999999378e0,0.00000000000000000e0,2.88204337169323965e0,2.60339955151143965e0,5.00000000000000000e0,8.09851630201308126e-1,2.42955489060392438e0,2.19999064897205754e0,1.49999999999999716e1,1.05910937468628692e-8,1.94167717648685567e-6,5.34691768029909158e-27,-4.56351948097939511e-2,4.99999999499999936e-9,0.00000000000000000e0,0.00000000000000000e0,0.00000000000000000e0,1.04086116764478598e-1,5.01079575339984151e-1,1.37835859794354976e0,9.57018462967427297e1,3.79939427141595789e-10,1.21276883465202685e-9,5.00000000000000000e0,0.00000000000000000e0,5.00000000000000000e0,5.00000000000000000e0,4.63273457433691327e0,2.10575051755100429e0,2.10575041820962472e0,0.00000000000000000e0 right=row_index=24412964:5.34922588892277284e-1,9.47578247297542191e1,-9.44021566992466976e-1,-4.21148912167836897e0,3.78603665136686459e2,3.78633554899723549e2,4.21147755598100382e0,3.78703045918337011e2,3.79939427141592546e2,-9.82689706709883894e-6,5.00000000000000000e0,4.99999999999999378e0,0.00000000000000000e0,2.88204337169324010e0,2.60339955151093561e0,5.00000000000000000e0,8.09852185312820438e-1,2.42955655593846132e0,2.19999215695215034e0,1.49999999999999716e1,6.57861720370704957e-8,1.94167717659787797e-6,5.34654878857675765e-27,-4.56351948086922352e-2,4.99999999499999936e-9,0.00000000000000000e0,0.00000000000000000e0,0.00000000000000000e0,1.04086116764477363e-1,5.01079575339984262e-1,1.37835859794355065e0,9.57018462967466803e1,3.79939427141592119e-10,1.26966858718799263e-9,5.00000000000000000e0,0.00000000000000000e0,5.00000000000000000e0,5.00000000000000000e0,4.63273457423080526e0,2.10575046534492172e0,2.10575040577569661e0,0.00000000000000000e0
equal_group_time_s=5.34938094278093801e-1 threshold_crossing=false left=row_index=24413750:5.34938094278093690e-1,9.55728502979135612e1,-9.46570073623871355e-1,-4.29901295026343178e0,3.78598636894977801e2,3.78628526261048421e2,4.29900147152463408e0,3.78699312649776346e2,3.79937313934333019e2,-1.46866825859713471e-5,5.00000000000000000e0,4.99999999999999378e0,0.00000000000000000e0,2.88211026786055147e0,2.62574378167381628e0,5.00000000000000000e0,8.09855515981894314e-1,2.42956654794568294e0,2.20000120483270534e0,1.49999999999999716e1,-6.04484448187649468e-7,1.95603617036965716e-6,-1.53455605778087485e-24,-4.65009036493999814e-2,4.99999999499999936e-9,0.00000000000000000e0,0.00000000000000000e0,0.00000000000000000e0,1.04086116764477293e-1,5.01100513840352590e-1,1.37843601735851684e0,9.65194203715374357e1,3.79937313934332686e-10,1.26534749949457322e-9,5.00000000000000000e0,0.00000000000000000e0,5.00000000000000000e0,5.00000000000000000e0,4.71909258186163605e0,2.14951233334877756e0,2.14951227684529478e0,0.00000000000000000e0 group=row_index=24413751:5.34938094278093801e-1,9.55728502981331047e1,-9.46570073408284696e-1,-4.29901295011057982e0,3.78598636894977915e2,3.78628526261048535e2,4.29900147139771605e0,3.78699312649774754e2,3.79937313934328984e2,-1.46866826145401607e-5,5.00000000000000000e0,4.99999999999999378e0,0.00000000000000000e0,2.88211026786055236e0,2.62574378167325007e0,5.00000000000000000e0,8.09856071093406626e-1,2.42956821328021988e0,2.20000271281279769e0,1.49999999999999716e1,-5.40724963393623825e-7,1.95603617048067946e-6,-1.53443375951908861e-24,-4.65009036481307259e-2,4.99999999499999936e-9,0.00000000000000000e0,0.00000000000000000e0,0.00000000000000000e0,1.04086116764477155e-1,5.01100513840352924e-1,1.37843601735851817e0,9.65194203715413863e1,3.79937313934328550e-10,1.29237623734827055e-9,5.00000000000000000e0,0.00000000000000000e0,5.00000000000000000e0,5.00000000000000000e0,4.71909258174794921e0,2.14951224425548082e0,2.14951223601343955e0,0.00000000000000000e0;row_index=24413752:5.34938094278093801e-1,9.55728502978647754e1,-9.46570073676604951e-1,-4.29901295012894025e0,3.78598636894977858e2,3.78628526261048478e2,4.29900147133310551e0,3.78699312649773958e2,3.79937313934327051e2,-1.46866826274523919e-5,5.00000000000000000e0,4.99999999999999378e0,0.00000000000000000e0,2.88211026786055147e0,2.62574378167296230e0,5.00000000000000000e0,8.09856071093406626e-1,2.42956821328021988e0,2.20000271281279769e0,1.49999999999999716e1,-5.08266424546247772e-7,1.95603617048067946e-6,-1.53437150393163523e-24,-4.65009036474845899e-2,4.99999999499999936e-9,0.00000000000000000e0,0.00000000000000000e0,0.00000000000000000e0,1.04086116764476627e-1,5.01100513840352479e-1,1.37843601735851684e0,9.65194203715413863e1,3.79937313934326637e-10,1.26822316832595648e-9,5.00000000000000000e0,0.00000000000000000e0,5.00000000000000000e0,5.00000000000000000e0,4.71909258169868462e0,2.14951237318274213e0,2.14951227317891691e0,0.00000000000000000e0;row_index=24413753:5.34938094278093801e-1,9.55728502972695821e1,-9.46570074271813944e-1,-4.29901294994033378e0,3.78598636894977744e2,3.78628526261048364e2,4.29900147125042498e0,3.78699312649772821e2,3.79937313934324493e2,-1.46866826451525887e-5,5.00000000000000000e0,4.99999999999999378e0,0.00000000000000000e0,2.88211026786055147e0,2.62574378167259459e0,5.00000000000000000e0,8.09856071093406626e-1,2.42956821328021988e0,2.20000271281279769e0,1.49999999999999716e1,-4.66730287386303120e-7,1.95603617048067946e-6,-1.53429184116386927e-24,-4.65009036466577444e-2,4.99999999499999936e-9,0.00000000000000000e0,0.00000000000000000e0,0.00000000000000000e0,1.04086116764475850e-1,5.01100513840352590e-1,1.37843601735851662e0,9.65194203715414005e1,3.79937313934324156e-10,1.21531316070022765e-9,5.00000000000000000e0,0.00000000000000000e0,5.00000000000000000e0,5.00000000000000000e0,4.71909258163047252e0,2.14951225912482347e0,2.14951223295893756e0,0.00000000000000000e0 right=row_index=24413754:5.34938094278093912e-1,9.55728502976340479e1,-9.46570073915287691e-1,-4.29901294980402326e0,3.78598636894977858e2,3.78628526261048478e2,4.29900147108506303e0,3.78699312649770491e2,3.79937313934319093e2,-1.46866826815249424e-5,5.00000000000000000e0,4.99999999999999378e0,0.00000000000000000e0,2.88211026786055280e0,2.62574378167185785e0,5.00000000000000000e0,8.09856626204918939e-1,2.42956987861475682e0,2.20000422079289004e0,1.49999999999999716e1,-3.83658013442831976e-7,1.95603617059170176e-6,-1.53413252803600734e-24,-4.65009036450040394e-2,4.99999999499999936e-9,0.00000000000000000e0,0.00000000000000000e0,0.00000000000000000e0,1.04086116764475892e-1,5.01100513840353035e-1,1.37843601735851817e0,9.65194203715493302e1,3.79937313934318727e-10,1.25343971988583725e-9,5.00000000000000000e0,0.00000000000000000e0,5.00000000000000000e0,5.00000000000000000e0,4.71909258146752109e0,2.14951226402932338e0,2.14951226554979558e0,0.00000000000000000e0
equal_group_time_s=5.40104344022466987e-1 threshold_crossing=false left=row_index=24679898:5.40104344022466876e-1,9.33407540516237901e1,-9.33206238625527096e-1,-3.84654979264718122e0,3.81300503596441672e2,3.81330606267778194e2,3.84654016685921807e0,3.81394790024650035e2,3.82624239780544372e2,-1.47251760420692197e-5,5.00000000000000000e0,4.99999999999999378e0,0.00000000000000000e0,2.88092867159793720e0,2.59426273611566893e0,5.00000000000000000e0,8.09852740424332751e-1,2.42955822127299825e0,2.19999366493224269e0,1.49999999999999716e1,-5.46916078844507403e-7,1.94833516875547730e-6,-2.23244173772771528e-26,-4.20343030639763332e-2,4.99999999499999936e-9,0.00000000000000000e0,0.00000000000000000e0,0.00000000000000000e0,1.04086116764465580e-1,5.00730674210154492e-1,1.37706886747184054e0,9.42739602902493203e1,3.82624239780544005e-10,1.38198862738356051e-9,5.00000000000000000e0,0.00000000000000000e0,5.00000000000000000e0,5.00000000000000000e0,4.27891712478943553e0,1.92328223669105003e0,1.92328221403260469e0,0.00000000000000000e0 group=row_index=24679899:5.40104344022466987e-1,9.33407540507312916e1,-9.33206239509986490e-1,-3.84654979247346773e0,3.81300503596441843e2,3.81330606267778364e2,3.84654016669915411e0,3.81394790024647875e2,3.82624239780538915e2,-1.47251760815768608e-5,5.00000000000000000e0,4.99999999999999378e0,0.00000000000000000e0,2.88092867159793720e0,2.59426273611466041e0,5.00000000000000000e0,8.09853295535845064e-1,2.42955988660753519e0,2.19999517291233504e0,1.49999999999999716e1,-4.67819980760786990e-7,1.94833516886649960e-6,-2.23222102683870146e-26,-4.20343030623757732e-2,4.99999999499999936e-9,0.00000000000000000e0,0.00000000000000000e0,0.00000000000000000e0,1.04086116764465053e-1,5.00730674210154270e-1,1.37706886747184032e0,9.42739602902412770e1,3.82624239780538525e-10,1.38650999612046730e-9,5.00000000000000000e0,0.00000000000000000e0,5.00000000000000000e0,5.00000000000000000e0,4.27891712463406293e0,1.92328225323921109e0,1.92328222251963132e0,0.00000000000000000e0;row_index=24679900:5.40104344022466987e-1,9.33407540505959474e1,-9.33206239645338664e-1,-3.84654979236904637e0,3.81300503596441956e2,3.81330606267778478e2,3.84654016661527320e0,3.81394790024646795e2,3.82624239780536016e2,-1.47251761023324918e-5,5.00000000000000000e0,4.99999999999999378e0,0.00000000000000000e0,2.88092867159793675e0,2.59426273611413283e0,5.00000000000000000e0,8.09853295535845064e-1,2.42955988660753519e0,2.19999517291233504e0,1.49999999999999716e1,-4.26369863214984855e-7,1.94833516886649960e-6,-2.23210537254837992e-26,-4.20343030615369859e-2,4.99999999499999936e-9,0.00000000000000000e0,0.00000000000000000e0,0.00000000000000000e0,1.04086116764465206e-1,5.00730674210154159e-1,1.37706886747183987e0,9.42739602902412912e1,3.82624239780535682e-10,1.39903637767098051e-9,5.00000000000000000e0,0.00000000000000000e0,5.00000000000000000e0,5.00000000000000000e0,4.27891712455448214e0,1.92328227348157021e0,1.92328225281576803e0,0.00000000000000000e0 right=row_index=24679901:5.40104344022467098e-1,9.33407540517767558e1,-9.33206238460504767e-1,-3.84654979221778603e0,3.81300503596442013e2,3.81330606267778535e2,3.84654016650835340e0,3.81394790024645488e2,3.82624239780532491e2,-1.47251761265506579e-5,5.00000000000000000e0,4.99999999999999378e0,0.00000000000000000e0,2.88092867159793542e0,2.59426273611345959e0,5.00000000000000000e0,8.09853850647357376e-1,2.42956155194207213e0,2.19999668089242784e0,1.49999999999999716e1,-3.73535491973380720e-7,1.94833516897752190e-6,-2.23195796255232943e-26,-4.20343030604678272e-2,4.99999999499999936e-9,0.00000000000000000e0,0.00000000000000000e0,0.00000000000000000e0,1.04086116764464637e-1,5.00730674210153825e-1,1.37706886747183854e0,9.42739602902372553e1,3.82624239780532115e-10,1.40862048779482267e-9,5.00000000000000000e0,0.00000000000000000e0,5.00000000000000000e0,5.00000000000000000e0,4.27891712446353267e0,1.92328229867544853e0,1.92328223453404368e0,0.00000000000000000e0
equal_group_time_s=5.40112072797243381e-1 threshold_crossing=false left=row_index=24680301:5.40112072797243270e-1,9.29298423535122851e1,-9.32565032325089582e-1,-3.82525735914811094e0,3.81297562732522238e2,3.81327665171685283e2,3.82524769785015240e0,3.81391523914913591e2,3.82620559746690503e2,-8.18979599159722460e-6,5.00000000000000000e0,4.99999999999999378e0,0.00000000000000000e0,2.88090159398951906e0,2.58222171140080992e0,5.00000000000000000e0,8.09855515981894314e-1,2.42956654794568294e0,2.20000120483270534e0,1.49999999999999716e1,6.00229800413568877e-8,1.93159653383290220e-6,4.46091971325186692e-25,-4.18261355903593729e-2,4.99999999499999936e-9,0.00000000000000000e0,0.00000000000000000e0,0.00000000000000000e0,1.04086116764479639e-1,5.00722198918719497e-1,1.37703754564353709e0,9.38624073858373720e1,3.82620559746690135e-10,1.34032937218353611e-9,5.00000000000000000e0,0.00000000000000000e0,5.00000000000000000e0,5.00000000000000000e0,4.25724954855392479e0,1.91263599861219991e0,1.91263599875275525e0,0.00000000000000000e0 group=row_index=24680302:5.40112072797243381e-1,9.29298423533732461e1,-9.32565032456098564e-1,-3.82525735897922914e0,3.81297562732522408e2,3.81327665171685453e2,3.82524769771204642e0,3.81391523914911659e2,3.82620559746685899e2,-8.18979602866868541e-6,5.00000000000000000e0,4.99999999999999378e0,0.00000000000000000e0,2.88090159398951950e0,2.58222171139995149e0,5.00000000000000000e0,8.09856071093406626e-1,2.42956821328021988e0,2.20000271281279769e0,1.49999999999999716e1,1.28174907199026407e-7,1.93159653394392450e-6,4.46053970407268487e-25,-4.18261355889784359e-2,4.99999999499999936e-9,0.00000000000000000e0,0.00000000000000000e0,0.00000000000000000e0,1.04086116764479014e-1,5.00722198918719719e-1,1.37703754564353775e0,9.38624073858293428e1,3.82620559746685482e-10,1.35421853505849810e-9,5.00000000000000000e0,0.00000000000000000e0,5.00000000000000000e0,5.00000000000000000e0,4.25724954841371073e0,1.91263604619133276e0,1.91263599161358400e0,0.00000000000000000e0;row_index=24680303:5.40112072797243381e-1,9.29298423542910399e1,-9.32565031538299283e-1,-3.82525735892903640e0,3.81297562732522522e2,3.81327665171685567e2,3.82524769763861183e0,3.81391523914910692e2,3.82620559746683455e2,-8.18979604734423894e-6,5.00000000000000000e0,4.99999999999999378e0,0.00000000000000000e0,2.88090159398951950e0,2.58222171139949497e0,5.00000000000000000e0,8.09856071093406626e-1,2.42956821328021988e0,2.20000271281279769e0,1.49999999999999716e1,1.64412870792309731e-7,1.93159653394392450e-6,4.46033765754234967e-25,-4.18261355882441413e-2,4.99999999499999936e-9,0.00000000000000000e0,0.00000000000000000e0,0.00000000000000000e0,1.04086116764479153e-1,5.00722198918719719e-1,1.37703754564353775e0,9.38624073858293428e1,3.82620559746683052e-10,1.34353460749883607e-9,5.00000000000000000e0,0.00000000000000000e0,5.00000000000000000e0,5.00000000000000000e0,4.25724954834170966e0,1.91263596099512023e0,1.91263597347671488e0,0.00000000000000000e0 right=row_index=24680304:5.40112072797243492e-1,9.29298423549018509e1,-9.32565030919458637e-1,-3.82525735866823879e0,3.81297562732522749e2,3.81327665171685794e2,3.82524769754462080e0,3.81391523914909612e2,3.82620559746680499e2,-8.18979607021705755e-6,5.00000000000000000e0,4.99999999999999378e0,0.00000000000000000e0,2.88090159398951906e0,2.58222171139891055e0,5.00000000000000000e0,8.09856626204918939e-1,2.42956987861475682e0,2.20000422079289004e0,1.49999999999999716e1,2.10795574233398069e-7,1.93159653405494680e-6,4.46007906187394480e-25,-4.18261355873042820e-2,4.99999999499999936e-9,0.00000000000000000e0,0.00000000000000000e0,0.00000000000000000e0,1.04086116764479181e-1,5.00722198918719497e-1,1.37703754564353731e0,9.38624073858213137e1,3.82620559746680157e-10,1.36857967754331542e-9,5.00000000000000000e0,0.00000000000000000e0,5.00000000000000000e0,5.00000000000000000e0,4.25724954825454915e0,1.91263601550343099e0,1.91263598545616431e0,0.00000000000000000e0
equal_group_time_s=5.51567689583221554e-1 threshold_crossing=false left=row_index=25237051:5.51567689583221443e-1,9.36170170754682118e1,-9.42259057723620397e-1,-4.15129159674040693e0,3.79388156363377334e2,3.79418108059932308e2,4.15127988139558290e0,3.79486743364732490e2,3.80722001296333190e2,-7.35655451076613744e-6,5.00000000000000000e0,4.99999999999999378e0,0.00000000000000000e0,2.88367837813400163e0,2.56852960615609849e0,5.00000000000000000e0,8.09851630201308126e-1,2.42955489060392438e0,2.19999064897205754e0,1.49999999999999716e1,1.29810588437191276e-7,1.93404711579248101e-6,-6.34831251575895304e-23,-4.50564654806842324e-2,4.99999999499999936e-9,0.00000000000000000e0,0.00000000000000000e0,0.00000000000000000e0,1.04086116764485176e-1,5.01591332355942554e-1,1.38025142545707413e0,9.45592761331918297e1,3.80722001296332817e-10,1.26429116156060380e-9,5.00000000000000000e0,0.00000000000000000e0,5.00000000000000000e0,5.00000000000000000e0,4.57568698667879925e0,2.07565171520164249e0,2.07565171259493964e0,0.00000000000000000e0 group=row_index=25237052:5.51567689583221554e-1,9.36170170755225683e1,-9.42259057673227818e-1,-4.15129159664587633e0,3.79388156363377504e2,3.79418108059932479e2,4.15127988123342018e0,3.79486743364730273e2,3.80722001296327960e2,-7.35655455295800813e-6,5.00000000000000000e0,4.99999999999999378e0,0.00000000000000000e0,2.88367837813400252e0,2.56852960615539461e0,5.00000000000000000e0,8.09852185312820438e-1,2.42955655593846132e0,2.19999215695215034e0,1.49999999999999716e1,2.10518235704694763e-7,1.93404711590350331e-6,-6.34767210131735774e-23,-4.50564654790626268e-2,4.99999999499999936e-9,0.00000000000000000e0,0.00000000000000000e0,0.00000000000000000e0,1.04086116764485398e-1,5.01591332355942887e-1,1.38025142545707502e0,9.45592761331957945e1,3.80722001296327544e-10,1.21199474861814199e-9,5.00000000000000000e0,0.00000000000000000e0,5.00000000000000000e0,5.00000000000000000e0,4.57568698651963768e0,2.07565168229975194e0,2.07565169309852093e0,0.00000000000000000e0;row_index=25237053:5.51567689583221554e-1,9.36170170752596249e1,-9.42259057936198241e-1,-4.15129159640463286e0,3.79388156363377618e2,3.79418108059932592e2,4.15127988114811597e0,3.79486743364729193e2,3.80722001296325118e2,-7.35655457548373467e-6,5.00000000000000000e0,4.99999999999999378e0,0.00000000000000000e0,2.88367837813400296e0,2.56852960615502468e0,5.00000000000000000e0,8.09852185312820438e-1,2.42955655593846132e0,2.19999215695215034e0,1.49999999999999716e1,2.52973770646446425e-7,1.93404711590350331e-6,-6.34733524296672968e-23,-4.50564654782095869e-2,4.99999999499999936e-9,0.00000000000000000e0,0.00000000000000000e0,0.00000000000000000e0,1.04086116764485356e-1,5.01591332355942887e-1,1.38025142545707569e0,9.45592761331958229e1,3.80722001296324701e-10,1.20510878427572133e-9,5.00000000000000000e0,0.00000000000000000e0,5.00000000000000000e0,5.00000000000000000e0,4.57568698644005689e0,2.07565169695015506e0,2.07565170101755658e0,0.00000000000000000e0 right=row_index=25237054:5.51567689583221665e-1,9.36170170755332833e1,-9.42259057670533418e-1,-4.15129159634437883e0,3.79388156363377789e2,3.79418108059932763e2,4.15127988103709189e0,3.79486743364727943e2,3.80722001296321480e2,-7.35655460521250318e-6,5.00000000000000000e0,4.99999999999999378e0,0.00000000000000000e0,2.88367837813400385e0,2.56852960615454329e0,5.00000000000000000e0,8.09852740424332751e-1,2.42955822127299825e0,2.19999366493224269e0,1.49999999999999716e1,3.08229482296017079e-7,1.93404711601452561e-6,-6.34689684992065374e-23,-4.50564654770993708e-2,4.99999999499999936e-9,0.00000000000000000e0,0.00000000000000000e0,0.00000000000000000e0,1.04086116764485384e-1,5.01591332355943220e-1,1.38025142545707658e0,9.45592761332038236e1,3.80722001296321134e-10,1.21313855668482265e-9,5.00000000000000000e0,0.00000000000000000e0,5.00000000000000000e0,5.00000000000000000e0,4.57568698634531756e0,2.07565180372684521e0,2.07565172688464772e0,0.00000000000000000e0
equal_group_time_s=5.51590941334436313e-1 threshold_crossing=false left=row_index=25238257:5.51590941334436202e-1,9.48464865346839048e1,-9.44406929098599579e-1,-4.22468741898518374e0,3.79380303007415648e2,3.79410254083968823e2,4.22467583460868479e0,3.79479966364043946e2,3.80716592873614331e2,-1.27634527196838469e-5,5.00000000000000000e0,4.99999999999999378e0,0.00000000000000000e0,2.88377722793167512e0,2.60313852433367998e0,5.00000000000000000e0,8.09854405758869689e-1,2.42956321727660907e0,2.19999818887252019e0,1.49999999999999716e1,-4.17671407574280108e-7,1.94925809648971438e-6,8.36712789348555250e-21,-4.57757276974941341e-2,4.99999999499999936e-9,0.00000000000000000e0,0.00000000000000000e0,0.00000000000000000e0,1.04086116764476794e-1,5.01622272342614361e-1,1.38036590432669914e0,9.57908934637825098e1,3.80716592873613985e-10,1.26039113846757734e-9,5.00000000000000000e0,0.00000000000000000e0,5.00000000000000000e0,5.00000000000000000e0,4.64748533834153932e0,2.11234958229929148e0,2.11234958091131197e0,0.00000000000000000e0 group=row_index=25238258:5.51590941334436313e-1,9.48464865343680259e1,-9.44406929414488228e-1,-4.22468741890236288e0,3.79380303007415819e2,3.79410254083968994e2,4.22467583446530348e0,3.79479966364041900e2,3.80716592873609898e2,-1.27634527525054758e-5,5.00000000000000000e0,4.99999999999999378e0,0.00000000000000000e0,2.88377722793167512e0,2.60313852433303383e0,5.00000000000000000e0,8.09854960870382001e-1,2.42956488261114600e0,2.19999969685261254e0,1.49999999999999716e1,-3.46012057507957992e-7,1.94925809660073668e-6,8.36637844833040156e-21,-4.57757276960602949e-2,4.99999999499999936e-9,0.00000000000000000e0,0.00000000000000000e0,0.00000000000000000e0,1.04086116764476974e-1,5.01622272342614250e-1,1.38036590432669914e0,9.57908934637825098e1,3.80716592873609538e-10,1.21591356405347672e-9,5.00000000000000000e0,0.00000000000000000e0,5.00000000000000000e0,5.00000000000000000e0,4.64748533819374643e0,2.11234960032041830e0,2.11234954683554932e0,0.00000000000000000e0;row_index=25238259:5.51590941334436313e-1,9.48464865337410004e1,-9.44406930041531312e-1,-4.22468741878941501e0,3.79380303007415932e2,3.79410254083969107e2,4.22467583440052152e0,3.79479966364040990e2,3.80716592873607908e2,-1.27634527668119080e-5,5.00000000000000000e0,4.99999999999999378e0,0.00000000000000000e0,2.88377722793167557e0,2.60313852433274162e0,5.00000000000000000e0,8.09854960870382001e-1,2.42956488261114600e0,2.19999969685261254e0,1.49999999999999716e1,-3.13634778039898909e-7,1.94925809660073668e-6,8.36603985444760252e-21,-4.57757276954124451e-2,4.99999999499999936e-9,0.00000000000000000e0,0.00000000000000000e0,0.00000000000000000e0,1.04086116764476308e-1,5.01622272342614361e-1,1.38036590432669981e0,9.57908934637825382e1,3.80716592873607574e-10,1.20901241667806290e-9,5.00000000000000000e0,0.00000000000000000e0,5.00000000000000000e0,5.00000000000000000e0,4.64748533812553433e0,2.11234960296840546e0,2.11234958350796864e0,0.00000000000000000e0;row_index=25238260:5.51590941334436313e-1,9.48464865338519019e1,-9.44406929930603822e-1,-4.22468741865588981e0,3.79380303007416046e2,3.79410254083969221e2,4.22467583431608329e0,3.79479966364039853e2,3.80716592873605293e2,-1.27634527867698440e-5,5.00000000000000000e0,4.99999999999999378e0,0.00000000000000000e0,2.88377722793167601e0,2.60313852433236015e0,5.00000000000000000e0,8.09854960870382001e-1,2.42956488261114600e0,2.19999969685261254e0,1.49999999999999716e1,-2.71433988663205096e-7,1.94925809660073668e-6,8.36559854920523165e-21,-4.57757276945680303e-2,4.99999999499999936e-9,0.00000000000000000e0,0.00000000000000000e0,0.00000000000000000e0,1.04086116764475364e-1,5.01622272342614584e-1,1.38036590432670025e0,9.57908934637825098e1,3.80716592873604886e-10,1.22829394723015917e-9,5.00000000000000000e0,0.00000000000000000e0,5.00000000000000000e0,5.00000000000000000e0,4.64748533804216457e0,2.11234962874522836e0,2.11234957011962621e0,0.00000000000000000e0 right=row_index=25238261:5.51590941334436424e-1,9.48464865346834358e1,-9.44406929107026394e-1,-4.22468741850514107e0,3.79380303007416217e2,3.79410254083969392e2,4.22467583414720771e0,3.79479966364037580e2,3.80716592873600064e2,-1.27634528264760787e-5,5.00000000000000000e0,4.99999999999999378e0,0.00000000000000000e0,2.88377722793167601e0,2.60313852433159854e0,5.00000000000000000e0,8.09855515981894314e-1,2.42956654794568294e0,2.20000120483270534e0,1.49999999999999716e1,-1.87032410298379514e-7,1.94925809671175898e-6,8.36471600855466908e-21,-4.57757276928792284e-2,4.99999999499999936e-9,0.00000000000000000e0,0.00000000000000000e0,0.00000000000000000e0,1.04086116764475392e-1,5.01622272342614695e-1,1.38036590432670025e0,9.57908934637904679e1,3.80716592873599716e-10,1.16669844735497381e-9,5.00000000000000000e0,0.00000000000000000e0,5.00000000000000000e0,5.00000000000000000e0,4.64748533787921314e0,2.11234957064949702e0,2.11234954968082622e0,0.00000000000000000e0
equal_group_time_s=5.56764934173778148e-1 threshold_crossing=false left=row_index=25504518:5.56764934173778037e-1,9.36622923854760074e1,-9.34677116236728889e-1,-3.89554213755485534e0,3.82059118547767923e2,3.82089281109758474e2,3.89553251340402396e0,3.82154191927563602e2,3.83384589898098511e2,-1.09303051758344782e-5,5.00000000000000000e0,4.99999999999999378e0,0.00000000000000000e0,2.88248222337302895e0,2.59970809302283090e0,5.00000000000000000e0,8.09853295535845064e-1,2.42955988660753519e0,2.19999517291233504e0,1.49999999999999716e1,-2.18083078220571059e-7,1.93913865209616176e-6,-3.52269409029224162e-25,-4.25297289073069268e-2,4.99999999499999936e-9,0.00000000000000000e0,0.00000000000000000e0,0.00000000000000000e0,1.04086116764477751e-1,5.01216935915758111e-1,1.37886652379758257e0,9.45969695017127350e1,3.83384589898098120e-10,1.32266073320569463e-9,5.00000000000000000e0,0.00000000000000000e0,5.00000000000000000e0,5.00000000000000000e0,4.32738785367519085e0,1.94777836961855022e0,1.94777833066029560e0,0.00000000000000000e0 group=row_index=25504519:5.56764934173778148e-1,9.36622923852929574e1,-9.34677116415764786e-1,-3.89554213739563693e0,3.82059118547768094e2,3.82089281109758645e2,3.89553251329238526e0,3.82154191927562124e2,3.83384589898094873e2,-1.09303052028839943e-5,5.00000000000000000e0,4.99999999999999378e0,0.00000000000000000e0,2.88248222337302806e0,2.59970809302214656e0,5.00000000000000000e0,8.09853850647357376e-1,2.42956155194207213e0,2.19999668089242784e0,1.49999999999999716e1,-1.63002936137491473e-7,1.93913865220718407e-6,-3.52245156051488473e-25,-4.25297289061906253e-2,4.99999999499999936e-9,0.00000000000000000e0,0.00000000000000000e0,0.00000000000000000e0,1.04086116764478084e-1,5.01216935915757777e-1,1.37886652379758146e0,9.45969695017087275e1,3.83384589898094449e-10,1.30835176661989803e-9,5.00000000000000000e0,0.00000000000000000e0,5.00000000000000000e0,5.00000000000000000e0,4.32738785356529387e0,1.94777845400825078e0,1.94777837471086501e0,0.00000000000000000e0;row_index=25504520:5.56764934173778148e-1,9.36622923864971568e1,-9.34677115211552834e-1,-3.89554213739381794e0,3.82059118547768207e2,3.82089281109758758e2,3.89553251323222760e0,3.82154191927561328e2,3.83384589898092884e2,-1.09303052172512045e-5,5.00000000000000000e0,4.99999999999999378e0,0.00000000000000000e0,2.88248222337302762e0,2.59970809302177841e0,5.00000000000000000e0,8.09853850647357376e-1,2.42956155194207213e0,2.19999668089242784e0,1.49999999999999716e1,-1.33322495918091841e-7,1.93913865220718407e-6,-3.52232087804062251e-25,-4.25297289055890995e-2,4.99999999499999936e-9,0.00000000000000000e0,0.00000000000000000e0,0.00000000000000000e0,1.04086116764477890e-1,5.01216935915757777e-1,1.37886652379758101e0,9.45969695017087133e1,3.83384589898092536e-10,1.31941561915371742e-9,5.00000000000000000e0,0.00000000000000000e0,5.00000000000000000e0,5.00000000000000000e0,4.32738785350466060e0,1.94777852402904905e0,1.94777840058117668e0,0.00000000000000000e0;row_index=25504521:5.56764934173778148e-1,9.36622923851113427e1,-9.34677116597366409e-1,-3.89554213737784494e0,3.82059118547768264e2,3.82089281109758815e2,3.89553251315702287e0,3.82154191927560419e2,3.83384589898090383e2,-1.09303052360173516e-5,5.00000000000000000e0,4.99999999999999378e0,0.00000000000000000e0,2.88248222337302717e0,2.59970809302131789e0,5.00000000000000000e0,8.09853850647357376e-1,2.42956155194207213e0,2.19999668089242784e0,1.49999999999999716e1,-9.62179485104279353e-8,1.93913865220718407e-6,-3.52215751416712219e-25,-4.25297289048370969e-2,4.99999999499999936e-9,0.00000000000000000e0,0.00000000000000000e0,0.00000000000000000e0,1.04086116764476641e-1,5.01216935915757555e-1,1.37886652379758079e0,9.45969695017087133e1,3.83384589898089951e-10,1.28969880394086590e-9,5.00000000000000000e0,0.00000000000000000e0,5.00000000000000000e0,5.00000000000000000e0,4.32738785344023835e0,1.94777838531021619e0,1.94777836999056708e0,0.00000000000000000e0 right=row_index=25504522:5.56764934173778259e-1,9.36622923859181498e1,-9.34677115782565293e-1,-3.89554213718673736e0,3.82059118547768264e2,3.82089281109758815e2,3.89553251300661296e0,3.82154191927558429e2,3.83384589898085551e2,-1.09303052720213459e-5,5.00000000000000000e0,4.99999999999999378e0,0.00000000000000000e0,2.88248222337302762e0,2.59970809302039507e0,5.00000000000000000e0,8.09854405758869689e-1,2.42956321727660907e0,2.19999818887252019e0,1.49999999999999716e1,-2.20088539954809487e-8,1.93913865231820637e-6,-3.52183080914985408e-25,-4.25297289033330986e-2,4.99999999499999936e-9,0.00000000000000000e0,0.00000000000000000e0,0.00000000000000000e0,1.04086116764475642e-1,5.01216935915757555e-1,1.37886652379758101e0,9.45969695017007126e1,3.83384589898085143e-10,1.32031168531429960e-9,5.00000000000000000e0,0.00000000000000000e0,5.00000000000000000e0,5.00000000000000000e0,4.32738785330760400e0,1.94777834496617275e0,1.94777835030788404e0,0.00000000000000000e0
equal_group_time_s=5.65114589913427334e-1 threshold_crossing=false left=row_index=25917901:5.65114589913427223e-1,-2.08495044747874037e0,9.16432497302694884e1,3.84271803816647584e0,3.82414619531993822e2,3.82444810159851556e2,3.84270832531048612e0,3.82508957885255938e2,3.83738333234795448e2,-8.23933547582810015e-6,5.00000000000000000e0,4.99999999999999378e0,0.00000000000000000e0,2.88299994883351651e0,2.57468461249646463e0,5.00000000000000000e0,8.09853295535845064e-1,2.42955988660753519e0,2.19999517291233504e0,1.49999999999999716e1,5.08777558280364520e-8,1.93142085902486826e-6,-1.32209801321167823e-26,-4.20161554855776054e-2,4.99999999499999936e-9,0.00000000000000000e0,0.00000000000000000e0,0.00000000000000000e0,1.04086116764472922e-1,5.01378983984890780e-1,1.37946585827591139e0,-9.37282001777482350e1,3.83738333234795112e-10,1.36677872651002784e-9,5.00000000000000000e0,0.00000000000000000e0,5.00000000000000000e0,5.00000000000000000e0,4.27651502695880481e0,1.92136635106172760e0,1.92136635857441873e0,0.00000000000000000e0 group=row_index=25917902:5.65114589913427334e-1,-2.08495044755231085e0,9.16432497301878755e1,3.84271803797595179e0,3.82414619531993992e2,3.82444810159851727e2,3.84270832518082006e0,3.82508957885254290e2,3.83738333234791014e2,-8.23933551314482104e-6,5.00000000000000000e0,4.99999999999999378e0,0.00000000000000000e0,2.88299994883351696e0,2.57468461249568525e0,5.00000000000000000e0,8.09853850647357376e-1,2.42956155194207213e0,2.19999668089242784e0,1.49999999999999716e1,1.14589579325752570e-7,1.93142085913589057e-6,-1.32199272580423997e-26,-4.20161554842810869e-2,4.99999999499999936e-9,0.00000000000000000e0,0.00000000000000000e0,0.00000000000000000e0,1.04086116764472936e-1,5.01378983984890780e-1,1.37946585827591162e0,-9.37282001777401916e1,3.83738333234790666e-10,1.37361268713898178e-9,5.00000000000000000e0,0.00000000000000000e0,5.00000000000000000e0,5.00000000000000000e0,4.27651502683753915e0,1.92136636843799002e0,1.92136635846483950e0,0.00000000000000000e0;row_index=25917903:5.65114589913427334e-1,-2.08495044868225676e0,9.16432497290579420e1,3.84271803788862787e0,3.82414619531994106e2,3.82444810159851841e2,3.84270832511162608e0,3.82508957885253437e2,3.83738333234788513e2,-8.23933553470961242e-6,5.00000000000000000e0,4.99999999999999378e0,0.00000000000000000e0,2.88299994883351607e0,2.57468461249526914e0,5.00000000000000000e0,8.09853850647357376e-1,2.42956155194207213e0,2.19999668089242784e0,1.49999999999999716e1,1.48588067329303763e-7,1.93142085913589057e-6,-1.32193654480240421e-26,-4.20161554835892168e-2,4.99999999499999936e-9,0.00000000000000000e0,0.00000000000000000e0,0.00000000000000000e0,1.04086116764472159e-1,5.01378983984890669e-1,1.37946585827591051e0,-9.37282001777402058e1,3.83738333234788184e-10,1.37783433677461360e-9,5.00000000000000000e0,0.00000000000000000e0,5.00000000000000000e0,5.00000000000000000e0,4.27651502677311690e0,1.92136639771872519e0,1.92136635900304764e0,0.00000000000000000e0;row_index=25917904:5.65114589913427334e-1,-2.08495044798687967e0,9.16432497297533075e1,3.84271803784194788e0,3.82414619531994106e2,3.82444810159851841e2,3.84270832502367687e0,3.82508957885252414e2,3.83738333234785443e2,-8.23933556074780332e-6,5.00000000000000000e0,4.99999999999999378e0,0.00000000000000000e0,2.88299994883351518e0,2.57468461249474023e0,5.00000000000000000e0,8.09853850647357376e-1,2.42956155194207213e0,2.19999668089242784e0,1.49999999999999716e1,1.91802272602311331e-7,1.93142085913589057e-6,-1.32186513868004797e-26,-4.20161554827098022e-2,4.99999999499999936e-9,0.00000000000000000e0,0.00000000000000000e0,0.00000000000000000e0,1.04086116764471090e-1,5.01378983984890336e-1,1.37946585827590962e0,-9.37282001777401916e1,3.83738333234785082e-10,1.42034260744448663e-9,5.00000000000000000e0,0.00000000000000000e0,5.00000000000000000e0,5.00000000000000000e0,4.27651502670490480e0,1.92136640545904180e0,1.92136634459310396e0,0.00000000000000000e0 right=row_index=25917905:5.65114589913427445e-1,-2.08495044762675175e0,9.16432497301094315e1,3.84271803772794218e0,3.82414619531993992e2,3.82444810159851727e2,3.84270832484777891e0,3.82508957885249913e2,3.83738333234779645e2,-8.23933560911123145e-6,5.00000000000000000e0,4.99999999999999378e0,0.00000000000000000e0,2.88299994883351429e0,2.57468461249368330e0,5.00000000000000000e0,8.09854405758869689e-1,2.42956321727660907e0,2.19999818887252019e0,1.49999999999999716e1,2.78230682740879029e-7,1.93142085924691287e-6,-1.32172233800630609e-26,-4.20161554809509868e-2,4.99999999499999936e-9,0.00000000000000000e0,0.00000000000000000e0,0.00000000000000000e0,1.04086116764469105e-1,5.01378983984890114e-1,1.37946585827590851e0,-9.37282001777361842e1,3.83738333234779240e-10,1.34113422991124448e-9,5.00000000000000000e0,0.00000000000000000e0,5.00000000000000000e0,5.00000000000000000e0,4.27651502654574323e0,1.92136641400389974e0,1.92136636787944393e0,0.00000000000000000e0
equal_group_time_s=5.68243782098696304e-1 threshold_crossing=false left=row_index=26062458:5.68243782098696193e-1,9.41166205265094504e1,-9.42812535227215087e-1,-4.17016570566880773e0,3.80109857307980064e2,3.80139865980925379e2,4.17015401684376030e0,3.80208789307517407e2,3.81444400241859569e2,-8.17770810343368164e-6,5.00000000000000000e0,4.99999999999999378e0,0.00000000000000000e0,2.88491773523332773e0,2.58183558956386650e0,5.00000000000000000e0,8.09852740424332751e-1,2.42955822127299825e0,2.19999366493224269e0,1.49999999999999716e1,5.04024088180955767e-8,1.93618793997707428e-6,-2.32103285355163356e-23,-4.52480306284164108e-2,4.99999999499999936e-9,0.00000000000000000e0,0.00000000000000000e0,0.00000000000000000e0,1.04086116764475253e-1,5.01979251128031545e-1,1.38168707980137029e0,9.50594330617366694e1,3.81444400241859220e-10,1.23243412557152672e-9,5.00000000000000000e0,0.00000000000000000e0,5.00000000000000000e0,5.00000000000000000e0,4.59488843946852921e0,2.08508873546334295e0,2.08508873271137629e0,0.00000000000000000e0 group=row_index=26062459:5.68243782098696304e-1,9.41166205267861642e1,-9.42812534958479387e-1,-4.17016570558462263e0,3.80109857307980178e2,3.80139865980925492e2,4.17015401668341390e0,3.80208789307515246e2,3.81444400241854396e2,-8.17770814531293365e-6,5.00000000000000000e0,4.99999999999999378e0,0.00000000000000000e0,2.88491773523332862e0,2.58183558956315107e0,5.00000000000000000e0,8.09853295535845064e-1,2.42955988660753519e0,2.19999517291233504e0,1.49999999999999716e1,1.30143049800517705e-7,1.93618794008809658e-6,-2.32080151425875950e-23,-4.52480306268129365e-2,4.99999999499999936e-9,0.00000000000000000e0,0.00000000000000000e0,0.00000000000000000e0,1.04086116764476003e-1,5.01979251128031989e-1,1.38168707980137140e0,9.50594330617446417e1,3.81444400241853998e-10,1.24188089608229243e-9,5.00000000000000000e0,0.00000000000000000e0,5.00000000000000000e0,5.00000000000000000e0,4.59488843931694646e0,2.08508875035861152e0,2.08508873728283151e0,0.00000000000000000e0;row_index=26062460:5.68243782098696304e-1,9.41166205266325164e1,-9.42812535112141248e-1,-4.17016570537418829e0,3.80109857307980292e2,3.80139865980925606e2,4.17015401659899521e0,3.80208789307514166e2,3.81444400241851611e2,-8.17770816721593850e-6,5.00000000000000000e0,4.99999999999999378e0,0.00000000000000000e0,2.88491773523332906e0,2.58183558956277448e0,5.00000000000000000e0,8.09853295535845064e-1,2.42955988660753519e0,2.19999517291233504e0,1.49999999999999716e1,1.72124893091948123e-7,1.93618794008809658e-6,-2.32067972804003801e-23,-4.52480306259687298e-2,4.99999999499999936e-9,0.00000000000000000e0,0.00000000000000000e0,0.00000000000000000e0,1.04086116764475933e-1,5.01979251128031989e-1,1.38168707980137206e0,9.50594330617446559e1,3.81444400241851258e-10,1.25863365063599741e-9,5.00000000000000000e0,0.00000000000000000e0,5.00000000000000000e0,5.00000000000000000e0,4.59488843923736567e0,2.08508880056390433e0,2.08508877220001354e0,0.00000000000000000e0 right=row_index=26062461:5.68243782098696415e-1,9.41166205268025209e1,-9.42812534950091763e-1,-4.17016570529710862e0,3.80109857307980405e2,3.80139865980925720e2,4.17015401648925010e0,3.80208789307512802e2,3.81444400241847859e2,-8.17770819714235453e-6,5.00000000000000000e0,4.99999999999999378e0,0.00000000000000000e0,2.88491773523332862e0,2.58183558956228509e0,5.00000000000000000e0,8.09853850647357376e-1,2.42956155194207213e0,2.19999668089242784e0,1.49999999999999716e1,2.26701325077073858e-7,1.93618794019911888e-6,-2.32052141540581116e-23,-4.52480306248712744e-2,4.99999999499999936e-9,0.00000000000000000e0,0.00000000000000000e0,0.00000000000000000e0,1.04086116764475878e-1,5.01979251128031989e-1,1.38168707980137140e0,9.50594330617526140e1,3.81444400241847484e-10,1.28706537850138704e-9,5.00000000000000000e0,0.00000000000000000e0,5.00000000000000000e0,5.00000000000000000e0,4.59488843913883738e0,2.08508878639711259e0,2.08508874691246548e0,0.00000000000000000e0
equal_group_time_s=5.68251533494397609e-1 threshold_crossing=false left=row_index=26062871:5.68251533494397498e-1,9.45264495292991000e1,-9.43391043338363655e-1,-4.18992241650227015e0,3.80107221997513591e2,3.80137230462408070e2,4.18991077115145050e0,3.80206443971341741e2,3.81442423620674958e2,-1.03597918812346239e-5,5.00000000000000000e0,4.99999999999999378e0,0.00000000000000000e0,2.88495045336046596e0,2.59248930668201050e0,5.00000000000000000e0,8.09854405758869689e-1,2.42956321727660907e0,2.19999818887252019e0,1.49999999999999716e1,-1.86456040212211027e-7,1.94207022996550904e-6,3.28120381321785157e-29,-4.54406843141814815e-2,4.99999999499999936e-9,0.00000000000000000e0,0.00000000000000000e0,0.00000000000000000e0,1.04086116764462930e-1,5.01989491901825846e-1,1.38172499014348515e0,9.54698405726374659e1,3.81442423620674546e-10,1.20512446399072427e-9,5.00000000000000000e0,0.00000000000000000e0,5.00000000000000000e0,5.00000000000000000e0,4.61423392891144157e0,2.09496709977729534e0,2.09496708709610591e0,0.00000000000000000e0 group=row_index=26062872:5.68251533494397609e-1,9.45264495291570626e1,-9.43391043484392178e-1,-4.18992241642382623e0,3.80107221997513761e2,3.80137230462408240e2,4.18991077103546328e0,3.80206443971340093e2,3.81442423620671093e2,-1.03597919108747309e-5,5.00000000000000000e0,4.99999999999999378e0,0.00000000000000000e0,2.88495045336046685e0,2.59248930668148425e0,5.00000000000000000e0,8.09854960870382001e-1,2.42956488261114600e0,2.19999969685261254e0,1.49999999999999716e1,-1.28694094991307987e-7,1.94207023007653135e-6,3.28096691086450788e-29,-4.54406843130215829e-2,4.99999999499999936e-9,0.00000000000000000e0,0.00000000000000000e0,0.00000000000000000e0,1.04086116764462278e-1,5.01989491901826068e-1,1.38172499014348626e0,9.54698405726414592e1,3.81442423620670720e-10,1.23254396487089566e-9,5.00000000000000000e0,0.00000000000000000e0,5.00000000000000000e0,5.00000000000000000e0,4.61423392879017591e0,2.09496709553151472e0,2.09496706893521134e0,0.00000000000000000e0;row_index=26062873:5.68251533494397609e-1,9.45264495278954655e1,-9.43391044746008989e-1,-4.18992241626290252e0,3.80107221997513875e2,3.80137230462408354e2,4.18991077097330766e0,3.80206443971339127e2,3.81442423620669047e2,-1.03597919265682440e-5,5.00000000000000000e0,4.99999999999999378e0,0.00000000000000000e0,2.88495045336046685e0,2.59248930668120270e0,5.00000000000000000e0,8.09854960870382001e-1,2.42956488261114600e0,2.19999969685261254e0,1.49999999999999716e1,-9.77408455160969184e-8,1.94207023007653135e-6,3.28083996757925954e-29,-4.54406843124000037e-2,4.99999999499999936e-9,0.00000000000000000e0,0.00000000000000000e0,0.00000000000000000e0,1.04086116764463193e-1,5.01989491901826068e-1,1.38172499014348582e0,9.54698405726414734e1,3.81442423620668704e-10,1.24083247283250112e-9,5.00000000000000000e0,0.00000000000000000e0,5.00000000000000000e0,5.00000000000000000e0,4.61423392871817395e0,2.09496725637587966e0,2.09496712492053794e0,0.00000000000000000e0;row_index=26062874:5.68251533494397609e-1,9.45264495290689837e1,-9.43391043572463395e-1,-4.18992241620856021e0,3.80107221997513932e2,3.80137230462408411e2,4.18991077089512132e0,3.80206443971338047e2,3.81442423620666602e2,-1.03597919451330208e-5,5.00000000000000000e0,4.99999999999999378e0,0.00000000000000000e0,2.88495045336046685e0,2.59248930668084876e0,5.00000000000000000e0,8.09854960870382001e-1,2.42956488261114600e0,2.19999969685261254e0,1.49999999999999716e1,-5.88038103210609638e-8,1.94207023007653135e-6,3.28068028872942184e-29,-4.54406843116180945e-2,4.99999999499999936e-9,0.00000000000000000e0,0.00000000000000000e0,0.00000000000000000e0,1.04086116764464331e-1,5.01989491901826179e-1,1.38172499014348626e0,9.54698405726414450e1,3.81442423620666222e-10,1.20724562782870478e-9,5.00000000000000000e0,0.00000000000000000e0,5.00000000000000000e0,5.00000000000000000e0,4.61423392864238302e0,2.09496708990381064e0,2.09496710623699345e0,0.00000000000000000e0 right=row_index=26062875:5.68251533494397720e-1,9.45264495290786897e1,-9.43391043570744436e-1,-4.18992241614449767e0,3.80107221997513989e2,3.80137230462408468e2,4.18991077073874774e0,3.80206443971336171e2,3.81442423620661941e2,-1.03597919816383519e-5,5.00000000000000000e0,4.99999999999999378e0,0.00000000000000000e0,2.88495045336046774e0,2.59248930668014044e0,5.00000000000000000e0,8.09855515981894314e-1,2.42956654794568294e0,2.20000120483270534e0,1.49999999999999716e1,1.90702597382277977e-8,1.94207023018755365e-6,3.28036095434394212e-29,-4.54406843100543245e-2,4.99999999499999936e-9,0.00000000000000000e0,0.00000000000000000e0,0.00000000000000000e0,1.04086116764464359e-1,5.01989491901826401e-1,1.38172499014348737e0,9.54698405726494315e1,3.81442423620661569e-10,1.14773987185920987e-9,5.00000000000000000e0,0.00000000000000000e0,5.00000000000000000e0,5.00000000000000000e0,4.61423392851353764e0,2.09496713438686877e0,2.09496708810892240e0,0.00000000000000000e0
equal_group_time_s=5.73441010765113668e-1 threshold_crossing=false left=row_index=26330052:5.73441010765113557e-1,9.31637213814233576e1,-9.32834689658904148e-1,-3.83420699987152602e0,3.82751970566302703e2,3.82782187827136852e2,3.83419730508420065e0,3.82846201541776452e2,3.84075411491113300e2,-5.58938128364383587e-6,5.00000000000000000e0,4.99999999999999378e0,0.00000000000000000e0,2.88358717377650153e0,2.58040285346578502e0,5.00000000000000000e0,8.09853850647357376e-1,2.42956155194207213e0,2.19999668089242784e0,1.49999999999999716e1,3.12292133790520716e-7,1.92535533716231555e-6,-1.42083824980525022e-27,-4.19305661147171202e-2,4.99999999499999936e-9,0.00000000000000000e0,0.00000000000000000e0,0.00000000000000000e0,1.04086116764475947e-1,5.01562785392045130e-1,1.38014580505350293e0,9.40965560710822615e1,3.84075411491112898e-10,1.37579828565113823e-9,5.00000000000000000e0,0.00000000000000000e0,5.00000000000000000e0,5.00000000000000000e0,4.26758097597333652e0,1.91711084593326175e0,1.91711085673548087e0,0.00000000000000000e0 group=row_index=26330053:5.73441010765113668e-1,9.31637213807573232e1,-9.32834690316916237e-1,-3.83420699969173029e0,3.82751970566302816e2,3.82782187827136966e2,3.83419730494005417e0,3.82846201541774519e2,3.84075411491108412e2,-5.58938132439052012e-6,5.00000000000000000e0,4.99999999999999378e0,0.00000000000000000e0,2.88358717377650153e0,2.58040285346489773e0,5.00000000000000000e0,8.09854405758869689e-1,2.42956321727660907e0,2.19999818887252019e0,1.49999999999999716e1,3.83127791156336657e-7,1.92535533727333785e-6,-1.42071244785305318e-27,-4.19305661132758148e-2,4.99999999499999936e-9,0.00000000000000000e0,0.00000000000000000e0,0.00000000000000000e0,1.04086116764476294e-1,5.01562785392044908e-1,1.38014580505350271e0,9.40965560710742466e1,3.84075411491107987e-10,1.36257928245192915e-9,5.00000000000000000e0,0.00000000000000000e0,5.00000000000000000e0,5.00000000000000000e0,4.26758097583691232e0,1.91711092170258435e0,1.91711085768212119e0,0.00000000000000000e0;row_index=26330054:5.73441010765113668e-1,9.31637213820558685e1,-9.32834689018374075e-1,-3.83420699952966970e0,3.82751970566302816e2,3.82782187827136966e2,3.83419730486358068e0,3.82846201541773496e2,3.84075411491105854e2,-5.58938134563363464e-6,5.00000000000000000e0,4.99999999999999378e0,0.00000000000000000e0,2.88358717377650198e0,2.58040285346442699e0,5.00000000000000000e0,8.09854405758869689e-1,2.42956321727660907e0,2.19999818887252019e0,1.49999999999999716e1,4.20707962008788263e-7,1.92535533727333785e-6,-1.42064571114567382e-27,-4.19305661125111695e-2,4.99999999499999936e-9,0.00000000000000000e0,0.00000000000000000e0,0.00000000000000000e0,1.04086116764476252e-1,5.01562785392045130e-1,1.38014580505350315e0,9.40965560710742466e1,3.84075411491105454e-10,1.37069720089820417e-9,5.00000000000000000e0,0.00000000000000000e0,5.00000000000000000e0,5.00000000000000000e0,4.26758097576870021e0,1.91711081816810580e0,1.91711082302562685e0,0.00000000000000000e0 right=row_index=26330055:5.73441010765113779e-1,9.31637213809291183e1,-9.32834690141118528e-1,-3.83420699960731781e0,3.82751970566302873e2,3.82782187827137022e2,3.83419730476531440e0,3.82846201541772245e2,3.84075411491102443e2,-5.58938137580623486e-6,5.00000000000000000e0,4.99999999999999378e0,0.00000000000000000e0,2.88358717377650198e0,2.58040285346382170e0,5.00000000000000000e0,8.09854960870382001e-1,2.42956488261114600e0,2.19999969685261254e0,1.49999999999999716e1,4.68997437099254789e-7,1.92535533738436015e-6,-1.42055996093341410e-27,-4.19305661115286082e-2,4.99999999499999936e-9,0.00000000000000000e0,0.00000000000000000e0,0.00000000000000000e0,1.04086116764475461e-1,5.01562785392045241e-1,1.38014580505350337e0,9.40965560710702391e1,3.84075411491102042e-10,1.34154338680220361e-9,5.00000000000000000e0,0.00000000000000000e0,5.00000000000000000e0,5.00000000000000000e0,4.26758097568153971e0,1.91711087669724978e0,1.91711082280608180e0,0.00000000000000000e0
equal_group_time_s=5.73448753175886727e-1 threshold_crossing=false left=row_index=26330459:5.73448753175886616e-1,9.27515939455273468e1,-9.32337693183108329e-1,-3.81771771763021661e0,3.82748961937177455e2,3.82779178960488252e2,3.81770798734486361e0,3.82842954186292616e2,3.84071843180746896e2,-4.35282554412795828e-6,5.00000000000000000e0,4.99999999999999378e0,0.00000000000000000e0,2.88355992347965451e0,2.56964172326463247e0,5.00000000000000000e0,8.09855515981894314e-1,2.42956654794568294e0,2.20000120483270534e0,1.49999999999999716e1,4.15625252989419403e-7,1.92225269890489159e-6,-1.46594629897232216e-25,-4.17705807995069345e-2,4.99999999499999936e-9,0.00000000000000000e0,0.00000000000000000e0,0.00000000000000000e0,1.04086116764469105e-1,5.01554256049131841e-1,1.38011424827361284e0,9.36839316387104617e1,3.84071843180746521e-10,1.42598114715768895e-9,5.00000000000000000e0,0.00000000000000000e0,5.00000000000000000e0,5.00000000000000000e0,4.25168172029088964e0,1.90886629462254498e0,1.90886622916526361e0,0.00000000000000000e0 group=row_index=26330460:5.73448753175886727e-1,9.27515939462634122e1,-9.32337692439004329e-1,-3.81771771739215637e0,3.82748961937177569e2,3.82779178960488366e2,3.81770798722594673e0,3.82842954186290967e2,3.84071843180743087e2,-4.35282557729098630e-6,5.00000000000000000e0,4.99999999999999378e0,0.00000000000000000e0,2.88355992347965406e0,2.56964172326391083e0,5.00000000000000000e0,8.09856071093406626e-1,2.42956821328021988e0,2.20000271281279769e0,1.49999999999999716e1,4.73982659025289622e-7,1.92225269901591389e-6,-1.46583936683697357e-25,-4.17705807983178926e-2,4.99999999499999936e-9,0.00000000000000000e0,0.00000000000000000e0,0.00000000000000000e0,1.04086116764469314e-1,5.01554256049131841e-1,1.38011424827361218e0,9.36839316387024184e1,3.84071843180742747e-10,1.40833368739768104e-9,5.00000000000000000e0,0.00000000000000000e0,5.00000000000000000e0,5.00000000000000000e0,4.25168172017341384e0,1.90886622578763365e0,1.90886622529513605e0,0.00000000000000000e0;row_index=26330461:5.73448753175886727e-1,9.27515939436271140e1,-9.32337695075282191e-1,-3.81771771749919253e0,3.82748961937177683e2,3.82779178960488480e2,3.81770798716167326e0,3.82842954186290115e2,3.84071843180740984e2,-4.35282559525996442e-6,5.00000000000000000e0,4.99999999999999378e0,0.00000000000000000e0,2.88355992347965318e0,2.56964172326352136e0,5.00000000000000000e0,8.09856071093406626e-1,2.42956821328021988e0,2.20000271281279769e0,1.49999999999999716e1,5.05524245280715331e-7,1.92225269901591389e-6,-1.46578157434915017e-25,-4.17705807976752261e-2,4.99999999499999936e-9,0.00000000000000000e0,0.00000000000000000e0,0.00000000000000000e0,1.04086116764468328e-1,5.01554256049131397e-1,1.38011424827361107e0,9.36839316387023899e1,3.84071843180740627e-10,1.38942114633769971e-9,5.00000000000000000e0,0.00000000000000000e0,5.00000000000000000e0,5.00000000000000000e0,4.25168172010899070e0,1.90886628307804362e0,1.90886620174039590e0,0.00000000000000000e0;row_index=26330462:5.73448753175886727e-1,9.27515939451118498e1,-9.32337693590556849e-1,-3.81771771732815068e0,3.82748961937177739e2,3.82779178960488537e2,3.81770798708098980e0,3.82842954186289091e2,3.84071843180738199e2,-4.35282562068931482e-6,5.00000000000000000e0,4.99999999999999378e0,0.00000000000000000e0,2.88355992347965184e0,2.56964172326303242e0,5.00000000000000000e0,8.09856071093406626e-1,2.42956821328021988e0,2.20000271281279769e0,1.49999999999999716e1,5.45118980104308831e-7,1.92225269901591389e-6,-1.46570902959877695e-25,-4.17705807968684756e-2,4.99999999499999936e-9,0.00000000000000000e0,0.00000000000000000e0,0.00000000000000000e0,1.04086116764466635e-1,5.01554256049131064e-1,1.38011424827360996e0,9.36839316387024041e1,3.84071843180737784e-10,1.38416148670866150e-9,5.00000000000000000e0,0.00000000000000000e0,5.00000000000000000e0,5.00000000000000000e0,4.25168172003698963e0,1.90886635842510732e0,1.90886625095514129e0,0.00000000000000000e0 right=row_index=26330463:5.73448753175886838e-1,9.27515939453268885e1,-9.32337693367478404e-1,-3.81771771720349307e0,3.82748961937177853e2,3.82779178960488650e2,3.81770798691962376e0,3.82842954186287159e2,3.84071843180732628e2,-4.35282566670962959e-6,5.00000000000000000e0,4.99999999999999378e0,0.00000000000000000e0,2.88355992347965184e0,2.56964172326205365e0,5.00000000000000000e0,8.09856626204918939e-1,2.42956987861475682e0,2.20000422079289004e0,1.49999999999999716e1,6.24308449409442434e-7,1.92225269912693619e-6,-1.46556395086896104e-25,-4.17705807952549885e-2,4.99999999499999936e-9,0.00000000000000000e0,0.00000000000000000e0,0.00000000000000000e0,1.04086116764465539e-1,5.01554256049131064e-1,1.38011424827360973e0,9.36839316386943608e1,3.84071843180732252e-10,1.37800408593154733e-9,5.00000000000000000e0,0.00000000000000000e0,5.00000000000000000e0,5.00000000000000000e0,4.25168171990056543e0,1.90886626792611458e0,1.90886622614856871e0,0.00000000000000000e0
equal_group_time_s=5.76577956667924996e-1 threshold_crossing=false left=row_index=26474845:5.76577956667924885e-1,-2.19354262897116170e0,9.29104700680977800e1,4.17234692898083548e0,3.80441023568911930e2,3.80471058386562049e2,4.17233523266445872e0,3.80540023591650197e2,3.81775675273851391e2,-9.08115137999237311e-6,5.00000000000000000e0,4.99999999999999378e0,0.00000000000000000e0,2.88552861778972058e0,2.57886360961860728e0,5.00000000000000000e0,8.09854960870382001e-1,2.42956488261114600e0,2.19999969685261254e0,1.49999999999999716e1,-6.00476458980094600e-8,1.93832654915571112e-6,-1.31554579125613969e-25,-4.52733821313906701e-2,4.99999999499999936e-9,0.00000000000000000e0,0.00000000000000000e0,0.00000000000000000e0,1.04086116764486633e-1,5.02170457368182555e-1,1.38239499238216124e0,-9.51040126970689386e1,3.81775675273851031e-10,1.22688249742152146e-9,5.00000000000000000e0,0.00000000000000000e0,5.00000000000000000e0,5.00000000000000000e0,4.59768033920984998e0,2.08617939581782030e0,2.08617938203454667e0,0.00000000000000000e0 group=row_index=26474846:5.76577956667924996e-1,-2.19354262920560084e0,9.29104700678713442e1,4.17234692886464575e0,3.80441023568912044e2,3.80471058386562163e2,4.17233523253018035e0,3.80540023591648435e2,3.81775675273846957e2,-9.08115141524183555e-6,5.00000000000000000e0,4.99999999999999378e0,0.00000000000000000e0,2.88552861778972058e0,2.57886360961801531e0,5.00000000000000000e0,8.09855515981894314e-1,2.42956654794568294e0,2.20000120483270534e0,1.49999999999999716e1,6.66337467515767196e-9,1.93832654926673342e-6,-1.31543609407114072e-25,-4.52733821300478623e-2,4.99999999499999936e-9,0.00000000000000000e0,0.00000000000000000e0,0.00000000000000000e0,1.04086116764487063e-1,5.02170457368182666e-1,1.38239499238216168e0,-9.51040126970769393e1,3.81775675273846585e-10,1.23108983304072896e-9,5.00000000000000000e0,0.00000000000000000e0,5.00000000000000000e0,5.00000000000000000e0,4.59768033908479445e0,2.08617937705507028e0,2.08617936301237172e0,0.00000000000000000e0;row_index=26474847:5.76577956667924996e-1,-2.19354262824126600e0,9.29104700688356786e1,4.17234692874089586e0,3.80441023568912101e2,3.80471058386562220e2,4.17233523246391869e0,3.80540023591647525e2,3.81775675273844683e2,-9.08115143353379326e-6,5.00000000000000000e0,4.99999999999999378e0,0.00000000000000000e0,2.88552861778972014e0,2.57886360961772310e0,5.00000000000000000e0,8.09855515981894314e-1,2.42956654794568294e0,2.20000120483270534e0,1.49999999999999716e1,3.95828866764174180e-8,1.93832654926673342e-6,-1.31538196578888632e-25,-4.52733821293852395e-2,4.99999999499999936e-9,0.00000000000000000e0,0.00000000000000000e0,0.00000000000000000e0,1.04086116764486994e-1,5.02170457368182555e-1,1.38239499238216079e0,-9.51040126970769393e1,3.81775675273844310e-10,1.22783902809828757e-9,5.00000000000000000e0,0.00000000000000000e0,5.00000000000000000e0,5.00000000000000000e0,4.59768033902037132e0,2.08617931638938803e0,2.08617934619255063e0,0.00000000000000000e0;row_index=26474848:5.76577956667924996e-1,-2.19354262882954298e0,9.29104700682474061e1,4.17234692872913104e0,3.80441023568912158e2,3.80471058386562277e2,4.17233523237906390e0,3.80540023591646388e2,3.81775675273841955e2,-9.08115145736631207e-6,5.00000000000000000e0,4.99999999999999378e0,0.00000000000000000e0,2.88552861778971970e0,2.57886360961734828e0,5.00000000000000000e0,8.09855515981894314e-1,2.42956654794568294e0,2.20000120483270534e0,1.49999999999999716e1,8.17389952656768569e-8,1.93832654926673342e-6,-1.31531265337974635e-25,-4.52733821285366891e-2,4.99999999499999936e-9,0.00000000000000000e0,0.00000000000000000e0,0.00000000000000000e0,1.04086116764487119e-1,5.02170457368182332e-1,1.38239499238216013e0,-9.51040126970769535e1,3.81775675273841570e-10,1.19867468815676631e-9,5.00000000000000000e0,0.00000000000000000e0,5.00000000000000000e0,5.00000000000000000e0,4.59768033894079053e0,2.08617932795722583e0,2.08617935278484712e0,0.00000000000000000e0 right=row_index=26474849:5.76577956667925107e-1,-2.19354262888792206e0,9.29104700681930069e1,4.17234692853509337e0,3.80441023568912215e2,3.80471058386562333e2,4.17233523220935787e0,3.80540023591644228e2,3.81775675273836441e2,-9.08115150240909830e-6,5.00000000000000000e0,4.99999999999999378e0,0.00000000000000000e0,2.88552861778972058e0,2.57886360961659911e0,5.00000000000000000e0,8.09856071093406626e-1,2.42956821328021988e0,2.20000271281279769e0,1.49999999999999716e1,1.66051212056456159e-7,1.93832654937775573e-6,-1.31517403951817006e-25,-4.52733821268395953e-2,4.99999999499999936e-9,0.00000000000000000e0,0.00000000000000000e0,0.00000000000000000e0,1.04086116764488396e-1,5.02170457368182555e-1,1.38239499238216124e0,-9.51040126970809325e1,3.81775675273836090e-10,1.18624256581759481e-9,5.00000000000000000e0,0.00000000000000000e0,5.00000000000000000e0,5.00000000000000000e0,4.59768033879299765e0,2.08617937626825434e0,2.08617937853741875e0,0.00000000000000000e0
equal_group_time_s=5.76593452193303491e-1 threshold_crossing=false left=row_index=26475633:5.76593452193303380e-1,-2.21926653437787991e0,9.37041854680653472e1,4.25054367482601148e0,3.80435764395729052e2,3.80465798798181311e2,4.25053206651251436e0,3.80535909565566556e2,3.81773015582090238e2,-1.03543053654477035e-5,5.00000000000000000e0,4.99999999999999378e0,0.00000000000000000e0,2.88559422505198970e0,2.60253088266575405e0,5.00000000000000000e0,8.09853850647357376e-1,2.42956155194207213e0,2.19999668089242784e0,1.49999999999999716e1,-1.58023446507338392e-7,1.94282510490584315e-6,3.51996819228468716e-26,-4.60456703860670363e-2,4.99999999499999936e-9,0.00000000000000000e0,0.00000000000000000e0,0.00000000000000000e0,1.04086116764476141e-1,5.02190992441272854e-1,1.38247103120836190e0,-9.59234520024432271e1,3.81773015582089898e-10,1.19581723728362802e-9,5.00000000000000000e0,0.00000000000000000e0,5.00000000000000000e0,5.00000000000000000e0,4.67405115901632051e0,2.12527766950240915e0,2.12527766643985982e0,0.00000000000000000e0 group=row_index=26475634:5.76593452193303491e-1,-2.21926653428010390e0,9.37041854681710475e1,4.25054367469107586e0,3.80435764395729279e2,3.80465798798181538e2,4.25053206634815162e0,3.80535909565564282e2,3.81773015582085065e2,-1.03543054053397027e-5,5.00000000000000000e0,4.99999999999999378e0,0.00000000000000000e0,2.88559422505199059e0,2.60253088266503552e0,5.00000000000000000e0,8.09854405758869689e-1,2.42956321727660907e0,2.19999818887252019e0,1.49999999999999716e1,-7.61420989673742592e-8,1.94282510501686545e-6,3.51960793602796197e-26,-4.60456703844233858e-2,4.99999999499999936e-9,0.00000000000000000e0,0.00000000000000000e0,0.00000000000000000e0,1.04086116764476336e-1,5.02190992441272965e-1,1.38247103120836301e0,-9.59234520024511568e1,3.81773015582084676e-10,1.18231108484334585e-9,5.00000000000000000e0,0.00000000000000000e0,5.00000000000000000e0,5.00000000000000000e0,4.67405115884957922e0,2.12527768916439141e0,2.12527768671452977e0,0.00000000000000000e0;row_index=26475635:5.76593452193303491e-1,-2.21926653591833833e0,9.37041854665328344e1,4.25054367459811466e0,3.80435764395729393e2,3.80465798798181652e2,4.25053206626177893e0,3.80535909565563088e2,3.81773015582082223e2,-1.03543054269580435e-5,5.00000000000000000e0,4.99999999999999378e0,0.00000000000000000e0,2.88559422505199104e0,2.60253088266465804e0,5.00000000000000000e0,8.09854405758869689e-1,2.42956321727660907e0,2.19999818887252019e0,1.49999999999999716e1,-3.31126565404561181e-8,1.94282510501686545e-6,3.51941863264903540e-26,-4.60456703835596184e-2,4.99999999499999936e-9,0.00000000000000000e0,0.00000000000000000e0,0.00000000000000000e0,1.04086116764475781e-1,5.02190992441273187e-1,1.38247103120836368e0,-9.59234520024511710e1,3.81773015582081885e-10,1.20603007168628246e-9,5.00000000000000000e0,0.00000000000000000e0,5.00000000000000000e0,5.00000000000000000e0,4.67405115876241961e0,2.12527771784781194e0,2.12527765655599010e0,0.00000000000000000e0 right=row_index=26475636:5.76593452193303602e-1,-2.21926653506604321e0,9.37041854673890953e1,4.25054367447523163e0,3.80435764395729564e2,3.80465798798181822e2,4.25053206614921120e0,3.80535909565561667e2,3.81773015582078585e2,-1.03543054552194689e-5,5.00000000000000000e0,4.99999999999999378e0,0.00000000000000000e0,2.88559422505199192e0,2.60253088266416643e0,5.00000000000000000e0,8.09854960870382001e-1,2.42956488261114600e0,2.19999969685261254e0,1.49999999999999716e1,2.29666739189931952e-8,1.94282510512788775e-6,3.51917193297970765e-26,-4.60456703824338939e-2,4.99999999499999936e-9,0.00000000000000000e0,0.00000000000000000e0,0.00000000000000000e0,1.04086116764474781e-1,5.02190992441273520e-1,1.38247103120836456e0,-9.59234520024551358e1,3.81773015582078162e-10,1.21457053164096727e-9,5.00000000000000000e0,0.00000000000000000e0,5.00000000000000000e0,5.00000000000000000e0,4.67405115865631160e0,2.12527769790707977e0,2.12527769451400594e0,0.00000000000000000e0
equal_group_time_s=5.81751966344952076e-1 threshold_crossing=false left=row_index=26741179:5.81751966344951965e-1,-2.11631105846720757e0,9.31683268028105829e1,3.93782954624680404e0,3.83070503485777294e2,3.83100745893947192e2,3.93781994401491664e0,3.83166298858157688e2,3.84397510663592072e2,-1.30630698869239373e-5,5.00000000000000000e0,4.99999999999999378e0,0.00000000000000000e0,2.88437955107815380e0,2.61429743346828491e0,5.00000000000000000e0,8.09853850647357376e-1,2.42956155194207213e0,2.19999668089242784e0,1.49999999999999716e1,-4.04302532690782117e-7,1.94504479011925469e-6,5.32849960637609428e-28,-4.29568268033212672e-2,4.99999999499999936e-9,0.00000000000000000e0,0.00000000000000000e0,0.00000000000000000e0,1.04086116764477057e-1,5.01810799487462211e-1,1.38106356295499499e0,-9.52846378612777869e1,3.84397510663591697e-10,1.34535015768806410e-9,5.00000000000000000e0,0.00000000000000000e0,5.00000000000000000e0,5.00000000000000000e0,4.37019761403310802e0,1.96892203130293586e0,1.96892203846930425e0,0.00000000000000000e0 group=row_index=26741180:5.81751966344952076e-1,-2.11631105838970646e0,9.31683268028801308e1,3.93782954609990110e0,3.83070503485777465e2,3.83100745893947362e2,3.93781994386818113e0,3.83166298858155756e2,3.84397510663587354e2,-1.30630699222210081e-5,5.00000000000000000e0,4.99999999999999378e0,0.00000000000000000e0,2.88437955107815425e0,2.61429743346738075e0,5.00000000000000000e0,8.09854405758869689e-1,2.42956321727660907e0,2.19999818887252019e0,1.49999999999999716e1,-3.31990572082483864e-7,1.94504479023027699e-6,5.32801798530066548e-28,-4.29568268018540034e-2,4.99999999499999936e-9,0.00000000000000000e0,0.00000000000000000e0,0.00000000000000000e0,1.04086116764476169e-1,5.01810799487462322e-1,1.38106356295499544e0,-9.52846378612698430e1,3.84397510663586992e-10,1.34716730741346643e-9,5.00000000000000000e0,0.00000000000000000e0,5.00000000000000000e0,5.00000000000000000e0,4.37019761389289396e0,1.96892208884521724e0,1.96892206045713558e0,0.00000000000000000e0;row_index=26741181:5.81751966344952076e-1,-2.11631105873974112e0,9.31683268025300890e1,3.93782954603961954e0,3.83070503485777522e2,3.83100745893947419e2,3.93781994379135103e0,3.83166298858154732e2,3.84397510663584910e2,-1.30630699404516034e-5,5.00000000000000000e0,4.99999999999999378e0,0.00000000000000000e0,2.88437955107815469e0,2.61429743346690691e0,5.00000000000000000e0,8.09854405758869689e-1,2.42956321727660907e0,2.19999818887252019e0,1.49999999999999716e1,-2.94128337219857781e-7,1.94504479023027699e-6,5.32776582791808033e-28,-4.29568268010857429e-2,4.99999999499999936e-9,0.00000000000000000e0,0.00000000000000000e0,0.00000000000000000e0,1.04086116764475448e-1,5.01810799487462433e-1,1.38106356295499566e0,-9.52846378612698288e1,3.84397510663584510e-10,1.32583944248909589e-9,5.00000000000000000e0,0.00000000000000000e0,5.00000000000000000e0,5.00000000000000000e0,4.37019761382089200e0,1.96892209431850596e0,1.96892202725076260e0,0.00000000000000000e0 right=row_index=26741182:5.81751966344952187e-1,-2.11631105804443420e0,9.31683268032253835e1,3.93782954599309942e0,3.83070503485777692e2,3.83100745893947590e2,3.93781994369405508e0,3.83166298858153425e2,3.84397510663581897e2,-1.30630699629060555e-5,5.00000000000000000e0,4.99999999999999378e0,0.00000000000000000e0,2.88437955107815469e0,2.61429743346630827e0,5.00000000000000000e0,8.09854960870382001e-1,2.42956488261114600e0,2.19999969685261254e0,1.49999999999999716e1,-2.46180706650192461e-7,1.94504479034129929e-6,5.32744652028325523e-28,-4.29568268001128545e-2,4.99999999499999936e-9,0.00000000000000000e0,0.00000000000000000e0,0.00000000000000000e0,1.04086116764474476e-1,5.01810799487462544e-1,1.38106356295499566e0,-9.52846378612698146e1,3.84397510663581512e-10,1.29229120491534880e-9,5.00000000000000000e0,0.00000000000000000e0,5.00000000000000000e0,5.00000000000000000e0,4.37019761372236371e0,1.96892208009862468e0,1.96892206305806750e0,0.00000000000000000e0
equal_group_time_s=5.84919866434989832e-1 threshold_crossing=false left=row_index=26887615:5.84919866434989721e-1,9.46139529990770285e1,-9.44004226529734480e-1,-4.21089555349385591e0,3.80745904713518769e2,3.80775963600732950e2,4.21088389468102520e0,3.80845487252921714e2,3.82081857438072689e2,-5.45864248664521622e-6,5.00000000000000000e0,4.99999999999999378e0,0.00000000000000000e0,2.88636564955508845e0,2.58708099946744108e0,5.00000000000000000e0,8.09855515981894314e-1,2.42956654794568294e0,2.20000120483270534e0,1.49999999999999716e1,3.00440680076550643e-7,1.93014958305148809e-6,-4.61859991868209002e-26,-4.56571608426466422e-2,4.99999999499999936e-9,0.00000000000000000e0,0.00000000000000000e0,0.00000000000000000e0,1.04086116764476516e-1,5.02432448310742630e-1,1.38336526917095148e0,9.55579572256067564e1,3.82081857438072338e-10,1.25840580676287866e-9,5.00000000000000000e0,0.00000000000000000e0,5.00000000000000000e0,5.00000000000000000e0,4.63491014591757811e0,2.10545368141481903e0,2.10545365610501722e0,0.00000000000000000e0 group=row_index=26887616:5.84919866434989832e-1,9.46139529985175329e1,-9.44004227093220516e-1,-4.21089555336175181e0,3.80745904713518883e2,3.80775963600733064e2,4.21088389452569878e0,3.80845487252919554e2,3.82081857438067857e2,-5.45864252751168279e-6,5.00000000000000000e0,4.99999999999999378e0,0.00000000000000000e0,2.88636564955508890e0,2.58708099946676562e0,5.00000000000000000e0,8.09856071093406626e-1,2.42956821328021988e0,2.20000271281279769e0,1.49999999999999716e1,3.77643283176453887e-7,1.93014958316251040e-6,-4.61815423024104953e-26,-4.56571608410934124e-2,4.99999999499999936e-9,0.00000000000000000e0,0.00000000000000000e0,0.00000000000000000e0,1.04086116764476766e-1,5.02432448310742963e-1,1.38336526917095215e0,9.55579572256107497e1,3.82081857438067479e-10,1.28282137748920726e-9,5.00000000000000000e0,0.00000000000000000e0,5.00000000000000000e0,5.00000000000000000e0,4.63491014576599536e0,2.10545365579692678e0,2.10545364420393488e0,0.00000000000000000e0;row_index=26887617:5.84919866434989832e-1,9.46139529985065906e1,-9.44004227104160876e-1,-4.21089555326096843e0,3.80745904713518996e2,3.80775963600733178e2,4.21088389444374300e0,3.80845487252918474e2,3.82081857438065185e2,-5.45864255034761058e-6,5.00000000000000000e0,4.99999999999999378e0,0.00000000000000000e0,2.88636564955508890e0,2.58708099946640946e0,5.00000000000000000e0,8.09856071093406626e-1,2.42956821328021988e0,2.20000271281279769e0,1.49999999999999716e1,4.18378067531956273e-7,1.93014958316251040e-6,-4.61791908681717478e-26,-4.56571608402738735e-2,4.99999999499999936e-9,0.00000000000000000e0,0.00000000000000000e0,0.00000000000000000e0,1.04086116764477141e-1,5.02432448310742963e-1,1.38336526917095193e0,9.55579572256107497e1,3.82081857438064790e-10,1.27833884537192923e-9,5.00000000000000000e0,0.00000000000000000e0,5.00000000000000000e0,5.00000000000000000e0,4.63491014568641457e0,2.10545364451483019e0,2.10545366374183329e0,0.00000000000000000e0 right=row_index=26887618:5.84919866434989943e-1,9.46139529998717990e1,-9.44004225746941317e-1,-4.21089555305195518e0,3.80745904713519167e2,3.80775963600733348e2,4.21088389433753285e0,3.80845487252917110e2,3.82081857438061547e2,-5.45864258151028474e-6,5.00000000000000000e0,4.99999999999999378e0,0.00000000000000000e0,2.88636564955508845e0,2.58708099946594849e0,5.00000000000000000e0,8.09856626204918939e-1,2.42956987861475682e0,2.20000422079289004e0,1.49999999999999716e1,4.71168548252862552e-7,1.93014958327353270e-6,-4.61761436914045300e-26,-4.56571608392117786e-2,4.99999999499999936e-9,0.00000000000000000e0,0.00000000000000000e0,0.00000000000000000e0,1.04086116764477377e-1,5.02432448310742852e-1,1.38336526917095148e0,9.55579572256187362e1,3.82081857438061171e-10,1.28603367648353073e-9,5.00000000000000000e0,0.00000000000000000e0,5.00000000000000000e0,5.00000000000000000e0,4.63491014558409642e0,2.10545369049469988e0,2.10545363248791384e0,0.00000000000000000e0
equal_group_time_s=5.90093873191478546e-1 threshold_crossing=false left=row_index=27154089:5.90093873191478435e-1,9.38962692178701985e1,-9.33979632679250549e-1,-3.87228435763393009e0,3.83384064434448590e2,3.83414331597430191e2,3.87227470296960385e0,3.83478918012701968e2,3.84708866568421683e2,-9.04400471428547561e-6,5.00000000000000000e0,4.99999999999999378e0,0.00000000000000000e0,2.88511806713218144e0,2.59848057798225396e0,5.00000000000000000e0,8.09853850647357376e-1,2.42956155194207213e0,2.19999668089242784e0,1.49999999999999716e1,-2.56762112609277075e-8,1.93394728564832974e-6,-2.52992400461484652e-25,-4.23103602989522362e-2,4.99999999499999936e-9,0.00000000000000000e0,0.00000000000000000e0,0.00000000000000000e0,1.04086116764483677e-1,5.02041955012372809e-1,1.38191921159995768e0,9.48302488505494523e1,3.84708866568421314e-10,1.38350982254777123e-9,5.00000000000000000e0,0.00000000000000000e0,5.00000000000000000e0,5.00000000000000000e0,4.30576101811842271e0,1.93614953627178221e0,1.93614950794521823e0,0.00000000000000000e0 group=row_index=27154090:5.90093873191478546e-1,9.38962692185092749e1,-9.33979632032146179e-1,-3.87228435754201428e0,3.83384064434448817e2,3.83414331597430419e2,3.87227470283923703e0,3.83478918012700206e2,3.84708866568417363e2,-9.04400474880606112e-6,5.00000000000000000e0,4.99999999999999378e0,0.00000000000000000e0,2.88511806713218055e0,2.59848057798143861e0,5.00000000000000000e0,8.09854405758869689e-1,2.42956321727660907e0,2.19999818887252019e0,1.49999999999999716e1,3.84065742897270812e-8,1.93394728575935204e-6,-2.52972135699822596e-25,-4.23103602976486817e-2,4.99999999499999936e-9,0.00000000000000000e0,0.00000000000000000e0,0.00000000000000000e0,1.04086116764483858e-1,5.02041955012372476e-1,1.38191921159995634e0,9.48302488505414232e1,3.84708866568417023e-10,1.36168206033456154e-9,5.00000000000000000e0,0.00000000000000000e0,5.00000000000000000e0,5.00000000000000000e0,4.30576101798578748e0,1.93614952181210520e0,1.93614950034921218e0,0.00000000000000000e0;row_index=27154091:5.90093873191478546e-1,9.38962692175212510e1,-9.33979633020195044e-1,-3.87228435757276657e0,3.83384064434448987e2,3.83414331597430589e2,3.87227470276968999e0,3.83478918012699410e2,3.84708866568415147e2,-9.04400476591512038e-6,5.00000000000000000e0,4.99999999999999378e0,0.00000000000000000e0,2.88511806713218100e0,2.59848057798100385e0,5.00000000000000000e0,8.09854405758869689e-1,2.42956321727660907e0,2.19999818887252019e0,1.49999999999999716e1,7.25931453939463716e-8,1.93394728575935204e-6,-2.52961325617780556e-25,-4.23103602969532797e-2,4.99999999499999936e-9,0.00000000000000000e0,0.00000000000000000e0,0.00000000000000000e0,1.04086116764483788e-1,5.02041955012372698e-1,1.38191921159995679e0,9.48302488505414516e1,3.84708866568414800e-10,1.36039638476534902e-9,5.00000000000000000e0,0.00000000000000000e0,5.00000000000000000e0,5.00000000000000000e0,4.30576101792136523e0,1.93614963645940419e0,1.93614953118681443e0,0.00000000000000000e0;row_index=27154092:5.90093873191478546e-1,9.38962692186434964e1,-9.33979631897930873e-1,-3.87228435747096000e0,3.83384064434449101e2,3.83414331597430703e2,3.87227470268123808e0,3.83478918012698330e2,3.84708866568412361e2,-9.04400478683710353e-6,5.00000000000000000e0,4.99999999999999378e0,0.00000000000000000e0,2.88511806713218144e0,2.59848057798045051e0,5.00000000000000000e0,8.09854405758869689e-1,2.42956321727660907e0,2.19999818887252019e0,1.49999999999999716e1,1.16072777223561490e-7,1.93394728575935204e-6,-2.52947577658899048e-25,-4.23103602960688413e-2,4.99999999499999936e-9,0.00000000000000000e0,0.00000000000000000e0,0.00000000000000000e0,1.04086116764483122e-1,5.02041955012372809e-1,1.38191921159995745e0,9.48302488505414232e1,3.84708866568412008e-10,1.35603728498995328e-9,5.00000000000000000e0,0.00000000000000000e0,5.00000000000000000e0,5.00000000000000000e0,4.30576101784178444e0,1.93614947843547025e0,1.93614948741458726e0,0.00000000000000000e0 right=row_index=27154093:5.90093873191478657e-1,9.38962692181913923e1,-9.33979632346028987e-1,-3.87228435724654219e0,3.83384064434449272e2,3.83414331597430873e2,3.87227470250433292e0,3.83478918012695885e2,3.84708866568406791e2,-9.04400483119409801e-6,5.00000000000000000e0,4.99999999999999378e0,0.00000000000000000e0,2.88511806713218011e0,2.59848057797934340e0,5.00000000000000000e0,8.09854960870382001e-1,2.42956488261114600e0,2.19999969685261254e0,1.49999999999999716e1,2.03032040470323727e-7,1.93394728587037434e-6,-2.52920083982600022e-25,-4.23103602942999091e-2,4.99999999499999936e-9,0.00000000000000000e0,0.00000000000000000e0,0.00000000000000000e0,1.04086116764482206e-1,5.02041955012372476e-1,1.38191921159995612e0,9.48302488505374157e1,3.84708866568406425e-10,1.26558581791031240e-9,5.00000000000000000e0,0.00000000000000000e0,5.00000000000000000e0,5.00000000000000000e0,4.30576101766746433e0,1.93614952205291480e0,1.93614950489130777e0,0.00000000000000000e0
equal_group_time_s=5.90101616411592089e-1 threshold_crossing=false left=row_index=27154494:5.90101616411591978e-1,9.34854123014188900e1,-9.33600843698705884e-1,-3.85967302382050548e0,3.83381102223280095e2,3.83411369152402926e2,3.85966333425654140e0,3.83475775549546711e2,3.84705479868079749e2,-8.20464968104412564e-6,5.00000000000000000e0,4.99999999999999378e0,0.00000000000000000e0,2.88509064317137787e0,2.58715622436141857e0,5.00000000000000000e0,8.09854960870382001e-1,2.42956488261114600e0,2.19999969685261254e0,1.49999999999999716e1,4.84954205236350401e-8,1.93165398787442655e-6,-5.25498509145312824e-24,-4.21891657561943578e-2,4.99999999499999936e-9,0.00000000000000000e0,0.00000000000000000e0,0.00000000000000000e0,1.04086116764484482e-1,5.02033371312641252e-1,1.38188743331531683e0,9.44190131451176029e1,3.84705479868079411e-10,1.36898123478272610e-9,5.00000000000000000e0,0.00000000000000000e0,5.00000000000000000e0,5.00000000000000000e0,4.29375980958563286e0,1.92984385791296065e0,1.92984387880778652e0,0.00000000000000000e0 group=row_index=27154495:5.90101616411592089e-1,9.34854123019688785e1,-9.33600843144745340e-1,-3.85967302359910036e0,3.83381102223280323e2,3.83411369152403154e2,3.85966333413840745e0,3.83475775549545176e2,3.84705479868075997e2,-8.20464971203730174e-6,5.00000000000000000e0,4.99999999999999378e0,0.00000000000000000e0,2.88509064317137831e0,2.58715622436069426e0,5.00000000000000000e0,8.09855515981894314e-1,2.42956654794568294e0,2.20000120483270534e0,1.49999999999999716e1,1.06485430430434485e-7,1.93165398798544885e-6,-5.25460418444064964e-24,-4.21891657550131222e-2,4.99999999499999936e-9,0.00000000000000000e0,0.00000000000000000e0,0.00000000000000000e0,1.04086116764483469e-1,5.02033371312641585e-1,1.38188743331531705e0,9.44190131451136239e1,3.84705479868075585e-10,1.33149194649470606e-9,5.00000000000000000e0,0.00000000000000000e0,5.00000000000000000e0,5.00000000000000000e0,4.29375980946815616e0,1.92984391638471564e0,1.92984386327538826e0,0.00000000000000000e0;row_index=27154496:5.90101616411592089e-1,9.34854123013869440e1,-9.33600843726664187e-1,-3.85967302358113784e0,3.83381102223280379e2,3.83411369152403211e2,3.85966333407511097e0,3.83475775549544323e2,3.84705479868073951e2,-8.20464972750287991e-6,5.00000000000000000e0,4.99999999999999378e0,0.00000000000000000e0,2.88509064317137787e0,2.58715622436030568e0,5.00000000000000000e0,8.09855515981894314e-1,2.42956654794568294e0,2.20000120483270534e0,1.49999999999999716e1,1.37556508440381622e-7,1.93165398798544885e-6,-5.25440010562112581e-24,-4.21891657543802187e-2,4.99999999499999936e-9,0.00000000000000000e0,0.00000000000000000e0,0.00000000000000000e0,1.04086116764482844e-1,5.02033371312641363e-1,1.38188743331531660e0,9.44190131451136097e1,3.84705479868073569e-10,1.27590412589297350e-9,5.00000000000000000e0,0.00000000000000000e0,5.00000000000000000e0,5.00000000000000000e0,4.29375980940752378e0,1.92984393996050985e0,1.92984385100626121e0,0.00000000000000000e0;row_index=27154497:5.90101616411592089e-1,9.34854123014626595e1,-9.33600843650951862e-1,-3.85967302356334585e0,3.83381102223280379e2,3.83411369152403211e2,3.85966333399545469e0,3.83475775549543243e2,3.84705479868071393e2,-8.20464974756791983e-6,5.00000000000000000e0,4.99999999999999378e0,0.00000000000000000e0,2.88509064317137698e0,2.58715622435981674e0,5.00000000000000000e0,8.09855515981894314e-1,2.42956654794568294e0,2.20000120483270534e0,1.49999999999999716e1,1.76658251045060462e-7,1.93165398798544885e-6,-5.25414329163100197e-24,-4.21891657535837308e-2,4.99999999499999936e-9,0.00000000000000000e0,0.00000000000000000e0,0.00000000000000000e0,1.04086116764482428e-1,5.02033371312640919e-1,1.38188743331531549e0,9.44190131451136097e1,3.84705479868071035e-10,1.24981142896317275e-9,5.00000000000000000e0,0.00000000000000000e0,5.00000000000000000e0,5.00000000000000000e0,4.29375980933552182e0,1.92984387379899558e0,1.92984384304184720e0,0.00000000000000000e0 right=row_index=27154498:5.90101616411592200e-1,9.34854123021654289e1,-9.33600842940167430e-1,-3.85967302340537799e0,3.83381102223280493e2,3.83411369152403324e2,3.85966333383614213e0,3.83475775549541083e2,3.84705479868066391e2,-8.20464978862312736e-6,5.00000000000000000e0,4.99999999999999378e0,0.00000000000000000e0,2.88509064317137653e0,2.58715622435883841e0,5.00000000000000000e0,8.09856071093406626e-1,2.42956821328021988e0,2.20000271281279769e0,1.49999999999999716e1,2.54861735920829781e-7,1.93165398809647115e-6,-5.25362970130594597e-24,-4.21891657519907343e-2,4.99999999499999936e-9,0.00000000000000000e0,0.00000000000000000e0,0.00000000000000000e0,1.04086116764481929e-1,5.02033371312640919e-1,1.38188743331531505e0,9.44190131451055947e1,3.84705479868066021e-10,1.28839476765528364e-9,5.00000000000000000e0,0.00000000000000000e0,5.00000000000000000e0,5.00000000000000000e0,4.29375980918393907e0,1.92984389210874641e0,1.92984384083364957e0,0.00000000000000000e0
equal_group_time_s=6.01588229781236494e-1 threshold_crossing=false left=row_index=27712292:6.01588229781236383e-1,9.47026517198430469e1,-9.44991338750241883e-1,-4.24472768379166610e0,3.81357924041436490e2,3.81388031245966033e2,4.24471601326648429e0,3.81458091430023217e2,3.82695089707113198e2,-1.28184303550604308e-5,5.00000000000000000e0,4.99999999999999378e0,0.00000000000000000e0,2.88759383571948902e0,2.59639921837624277e0,5.00000000000000000e0,8.09853295535845064e-1,2.42955988660753519e0,2.19999517291233504e0,1.49999999999999716e1,-4.20375976495140915e-7,1.94863459057614818e-6,-2.21164390143111284e-23,-4.60022051321075098e-2,4.99999999499999936e-9,0.00000000000000000e0,0.00000000000000000e0,0.00000000000000000e0,1.04086116764478806e-1,5.02816870580200082e-1,1.38478958342260738e0,9.56476430585932889e1,3.82695089707112797e-10,1.22731982207194483e-9,5.00000000000000000e0,0.00000000000000000e0,5.00000000000000000e0,5.00000000000000000e0,4.67067893714556703e0,2.12236972727542295e0,2.12236974537026724e0,0.00000000000000000e0 group=row_index=27712293:6.01588229781236494e-1,9.47026517193255444e1,-9.44991339275731312e-1,-4.24472768358845087e0,3.81357924041436604e2,3.81388031245966147e2,4.24471601315320868e0,3.81458091430021796e2,3.82695089707109446e2,-1.28184303831493545e-5,5.00000000000000000e0,4.99999999999999378e0,0.00000000000000000e0,2.88759383571948902e0,2.59639921837575471e0,5.00000000000000000e0,8.09853850647357376e-1,2.42956155194207213e0,2.19999668089242784e0,1.49999999999999716e1,-3.64177944737683828e-7,1.94863459068717049e-6,-2.21148854433744162e-23,-4.60022051309747285e-2,4.99999999499999936e-9,0.00000000000000000e0,0.00000000000000000e0,0.00000000000000000e0,1.04086116764478806e-1,5.02816870580200082e-1,1.38478958342260716e0,9.56476430586012754e1,3.82695089707109074e-10,1.27072995517909093e-9,5.00000000000000000e0,0.00000000000000000e0,5.00000000000000000e0,5.00000000000000000e0,4.67067893704324888e0,2.12236977387496450e0,2.12236972425407400e0,0.00000000000000000e0;row_index=27712294:6.01588229781236494e-1,9.47026517220690920e1,-9.44991336532175707e-1,-4.24472768355695962e0,3.81357924041436604e2,3.81388031245966147e2,4.24471601309240931e0,3.81458091430020943e2,3.82695089707107343e2,-1.28184303988222271e-5,5.00000000000000000e0,4.99999999999999378e0,0.00000000000000000e0,2.88759383571948858e0,2.59639921837549270e0,5.00000000000000000e0,8.09853850647357376e-1,2.42956155194207213e0,2.19999668089242784e0,1.49999999999999716e1,-3.34013879434325673e-7,1.94863459068717049e-6,-2.21140516154897174e-23,-4.60022051303667148e-2,4.99999999499999936e-9,0.00000000000000000e0,0.00000000000000000e0,0.00000000000000000e0,1.04086116764477862e-1,5.02816870580199970e-1,1.38478958342260672e0,9.56476430586012611e1,3.82695089707106955e-10,1.30466060332903233e-9,5.00000000000000000e0,0.00000000000000000e0,5.00000000000000000e0,5.00000000000000000e0,4.67067893698640546e0,2.12236971569525146e0,2.12236968469713227e0,0.00000000000000000e0;row_index=27712295:6.01588229781236494e-1,9.47026517209038019e1,-9.44991337697457245e-1,-4.24472768339927597e0,3.81357924041436604e2,3.81388031245966147e2,4.24471601301617074e0,3.81458091430020090e2,3.82695089707104728e2,-1.28184304183136580e-5,5.00000000000000000e0,4.99999999999999378e0,0.00000000000000000e0,2.88759383571948813e0,2.59639921837516408e0,5.00000000000000000e0,8.09853850647357376e-1,2.42956155194207213e0,2.19999668089242784e0,1.49999999999999716e1,-2.96189203924226740e-7,1.94863459068717049e-6,-2.21130060691163943e-23,-4.60022051296042692e-2,4.99999999499999936e-9,0.00000000000000000e0,0.00000000000000000e0,0.00000000000000000e0,1.04086116764476433e-1,5.02816870580199748e-1,1.38478958342260583e0,9.56476430586012611e1,3.82695089707104370e-10,1.34019013713414809e-9,5.00000000000000000e0,0.00000000000000000e0,5.00000000000000000e0,5.00000000000000000e0,4.67067893692956204e0,2.12236981911607714e0,2.12236970316969753e0,0.00000000000000000e0 right=row_index=27712296:6.01588229781236605e-1,9.47026517206962666e1,-9.44991337908993145e-1,-4.24472768338279138e0,3.81357924041436831e2,3.81388031245966374e2,4.24471601286369005e0,3.81458091430018328e2,3.82695089707099839e2,-1.28184304558981429e-5,5.00000000000000000e0,4.99999999999999378e0,0.00000000000000000e0,2.88759383571948991e0,2.59639921837450638e0,5.00000000000000000e0,8.09854405758869689e-1,2.42956321727660907e0,2.19999818887252019e0,1.49999999999999716e1,-2.20539853216183624e-7,1.94863459079819279e-6,-2.21109151246656954e-23,-4.60022051280793640e-2,4.99999999499999936e-9,0.00000000000000000e0,0.00000000000000000e0,0.00000000000000000e0,1.04086116764474712e-1,5.02816870580200415e-1,1.38478958342260805e0,9.56476430586052544e1,3.82695089707099458e-10,1.39281653734184440e-9,5.00000000000000000e0,0.00000000000000000e0,5.00000000000000000e0,5.00000000000000000e0,4.67067893679692769e0,2.12236971854112122e0,2.12236972186948769e0,0.00000000000000000e0
equal_group_time_s=6.01611469461648118e-1 threshold_crossing=false left=row_index=27713495:6.01611469461648007e-1,9.59260143619734009e1,-9.46114848121761942e-1,-4.28333777030809415e0,3.81350272033892850e2,3.81380378634316514e2,4.28332622720720124e0,3.81450985856077182e2,3.82688698117697754e2,-1.35436085586275093e-5,5.00000000000000000e0,4.99999999999999378e0,0.00000000000000000e0,2.88769189546234006e0,2.62864145753083500e0,5.00000000000000000e0,8.09852740424332751e-1,2.42955822127299825e0,2.19999366493224269e0,1.49999999999999716e1,-4.80964442235163352e-7,1.95177476813856998e-6,-1.20447906521540893e-26,-4.63734244252652014e-2,4.99999999499999936e-9,0.00000000000000000e0,0.00000000000000000e0,0.00000000000000000e0,1.04086116764475503e-1,5.02847563279712584e-1,1.38490333384108166e0,9.68721292100951672e1,3.82688698117697368e-10,1.26380376858693394e-9,5.00000000000000000e0,0.00000000000000000e0,5.00000000000000000e0,5.00000000000000000e0,4.70714811737783201e0,2.14167476804662549e0,2.14167475381382877e0,0.00000000000000000e0 group=row_index=27713496:6.01611469461648118e-1,9.59260143621098962e1,-9.46114847993167918e-1,-4.28333777022743334e0,3.81350272033893020e2,3.81380378634316685e2,4.28332622707200450e0,3.81450985856075363e2,3.82688698117693434e2,-1.35436085889768133e-5,5.00000000000000000e0,4.99999999999999378e0,0.00000000000000000e0,2.88769189546234095e0,2.62864145753020795e0,5.00000000000000000e0,8.09853295535845064e-1,2.42955988660753519e0,2.19999517291233504e0,1.49999999999999716e1,-4.13608564295270750e-7,1.95177476824959228e-6,-1.20437765854822128e-26,-4.63734244239131996e-2,4.99999999499999936e-9,0.00000000000000000e0,0.00000000000000000e0,0.00000000000000000e0,1.04086116764475003e-1,5.02847563279712695e-1,1.38490333384108255e0,9.68721292101030684e1,3.82688698117693025e-10,1.24175187562966783e-9,5.00000000000000000e0,0.00000000000000000e0,5.00000000000000000e0,5.00000000000000000e0,4.70714811724519677e0,2.14167475258531859e0,2.14167475420017306e0,0.00000000000000000e0;row_index=27713497:6.01611469461648118e-1,9.59260143615310454e1,-9.46114848572056188e-1,-4.28333777018605133e0,3.81350272033893077e2,3.81380378634316742e2,4.28332622700007004e0,3.81450985856074396e2,3.82688698117691104e2,-1.35436086063970843e-5,5.00000000000000000e0,4.99999999999999378e0,0.00000000000000000e0,2.88769189546234095e0,2.62864145752987399e0,5.00000000000000000e0,8.09853295535845064e-1,2.42955988660753519e0,2.19999517291233504e0,1.49999999999999716e1,-3.77770305214675016e-7,1.95177476824959228e-6,-1.20432370625562065e-26,-4.63734244231938306e-2,4.99999999499999936e-9,0.00000000000000000e0,0.00000000000000000e0,0.00000000000000000e0,1.04086116764475128e-1,5.02847563279712695e-1,1.38490333384108255e0,9.68721292101030969e1,3.82688698117690699e-10,1.22560719021059291e-9,5.00000000000000000e0,0.00000000000000000e0,5.00000000000000000e0,5.00000000000000000e0,4.70714811717698467e0,2.14167470956482253e0,2.14167471712078372e0,0.00000000000000000e0 right=row_index=27713498:6.01611469461648229e-1,9.59260143630709763e1,-9.46114847036055417e-1,-4.28333776994907112e0,3.81350272033893191e2,3.81380378634316855e2,4.28332622690810805e0,3.81450985856073203e2,3.82688698117688205e2,-1.35436086273961898e-5,5.00000000000000000e0,4.99999999999999378e0,0.00000000000000000e0,2.88769189546234095e0,2.62864145752944678e0,5.00000000000000000e0,8.09853850647357376e-1,2.42956155194207213e0,2.19999668089242784e0,1.49999999999999716e1,-3.31954360344995717e-7,1.95177476836061459e-6,-1.20425473669101677e-26,-4.63734244222741773e-2,4.99999999499999936e-9,0.00000000000000000e0,0.00000000000000000e0,0.00000000000000000e0,1.04086116764476530e-1,5.02847563279712695e-1,1.38490333384108255e0,9.68721292101070333e1,3.82688698117687855e-10,1.24166444846398289e-9,5.00000000000000000e0,0.00000000000000000e0,5.00000000000000000e0,5.00000000000000000e0,4.70714811708982506e0,2.14167469795410303e0,2.14167471218994931e0,0.00000000000000000e0
equal_group_time_s=6.09937886422023845e-1 threshold_crossing=false left=row_index=28125687:6.09937886422023734e-1,-2.23483955525238631e0,9.42736426461835606e1,4.29790278513350454e0,3.81640734809531978e2,3.81670864341227400e2,4.29789119478907722e0,3.81741691704010350e2,3.82979672536896373e2,-9.82960522867148600e-6,5.00000000000000000e0,4.99999999999999378e0,0.00000000000000000e0,2.88811115190861711e0,2.61724548562609538e0,5.00000000000000000e0,8.09854405758869689e-1,2.42956321727660907e0,2.19999818887252019e0,1.49999999999999716e1,-1.27087399040582324e-7,1.94181793566894356e-6,4.87365038918611335e-28,-4.65270794435314258e-2,4.99999999499999936e-9,0.00000000000000000e0,0.00000000000000000e0,0.00000000000000000e0,1.04086116764475461e-1,5.02978790547397026e-1,1.38538972877994682e0,-9.65084822014359531e1,3.82979672536896023e-10,1.26385015824674812e-9,5.00000000000000000e0,0.00000000000000000e0,5.00000000000000000e0,5.00000000000000000e0,4.72182418552999206e0,2.14895725755947220e0,2.14895723480865053e0,0.00000000000000000e0 group=row_index=28125688:6.09937886422023845e-1,-2.23483955589456862e0,9.42736426455493017e1,4.29790278501214473e0,3.81640734809532262e2,3.81670864341227684e2,4.29789119464848923e0,3.81741691704008474e2,3.82979672536891997e2,-9.82960526324089957e-6,5.00000000000000000e0,4.99999999999999378e0,0.00000000000000000e0,2.88811115190861711e0,2.61724548562547987e0,5.00000000000000000e0,8.09854960870382001e-1,2.42956488261114600e0,2.19999969685261254e0,1.49999999999999716e1,-5.72046180946572478e-8,1.94181793577996586e-6,4.87322467745411142e-28,-4.65270794421255018e-2,4.99999999499999936e-9,0.00000000000000000e0,0.00000000000000000e0,0.00000000000000000e0,1.04086116764475170e-1,5.02978790547397248e-1,1.38538972877994704e0,-9.65084822014438686e1,3.82979672536891577e-10,1.27325947808470461e-9,5.00000000000000000e0,0.00000000000000000e0,5.00000000000000000e0,5.00000000000000000e0,4.72182418538598903e0,2.14895728269999964e0,2.14895724379544095e0,0.00000000000000000e0;row_index=28125689:6.09937886422023845e-1,-2.23483955380951738e0,9.42736426476343610e1,4.29790278491869593e0,3.81640734809532375e2,3.81670864341227798e2,4.29789119457384405e0,3.81741691704007451e2,3.82979672536889666e2,-9.82960528159095019e-6,5.00000000000000000e0,4.99999999999999378e0,0.00000000000000000e0,2.88811115190861667e0,2.61724548562515302e0,5.00000000000000000e0,8.09854960870382001e-1,2.42956488261114600e0,2.19999969685261254e0,1.49999999999999716e1,-2.01000935781423029e-8,1.94181793577996586e-6,4.87299865932706731e-28,-4.65270794413790226e-2,4.99999999499999936e-9,0.00000000000000000e0,0.00000000000000000e0,0.00000000000000000e0,1.04086116764474393e-1,5.02978790547397137e-1,1.38538972877994659e0,-9.65084822014438828e1,3.82979672536889251e-10,1.30813184001563024e-9,5.00000000000000000e0,0.00000000000000000e0,5.00000000000000000e0,5.00000000000000000e0,4.72182418531019721e0,2.14895727977103768e0,2.14895723051980525e0,0.00000000000000000e0 right=row_index=28125690:6.09937886422023956e-1,-2.23483955559338332e0,9.42736426458584162e1,4.29790278485683608e0,3.81640734809532603e2,3.81670864341228025e2,4.29789119447805756e0,3.81741691704006030e2,3.82979672536886653e2,-9.82960530539762432e-6,5.00000000000000000e0,4.99999999999999378e0,0.00000000000000000e0,2.88811115190861623e0,2.61724548562473380e0,5.00000000000000000e0,8.09855515981894314e-1,2.42956654794568294e0,2.20000120483270534e0,1.49999999999999716e1,2.75130523033814496e-8,1.94181793589098817e-6,4.87270864444497870e-28,-4.65270794404211291e-2,4.99999999499999936e-9,0.00000000000000000e0,0.00000000000000000e0,0.00000000000000000e0,1.04086116764473879e-1,5.02978790547396915e-1,1.38538972877994571e0,-9.65084822014517982e1,3.82979672536886304e-10,1.24414105590771911e-9,5.00000000000000000e0,0.00000000000000000e0,5.00000000000000000e0,5.00000000000000000e0,4.72182418520030023e0,2.14895726207376336e0,2.14895723128923510e0,0.00000000000000000e0
equal_group_time_s=6.31764732966464959e-1 threshold_crossing=false left=row_index=29216267:6.31764732966464848e-1,-2.09164796538020514e0,9.25160086280748004e1,3.86302456244419012e0,3.84785536141130081e2,3.84815913946614842e2,3.86301483718056549e0,3.84880399451785877e2,3.86110168716822443e2,-8.34014099477037672e-6,5.00000000000000000e0,4.99999999999999378e0,0.00000000000000000e0,2.88730819896216584e0,2.59108571981398361e0,5.00000000000000000e0,8.09853850647357376e-1,2.42956155194207213e0,2.19999668089242784e0,1.49999999999999716e1,3.59818727601733479e-8,1.93156917427383945e-6,-3.17541317577129480e-23,-4.22375887498981015e-2,4.99999999499999936e-9,0.00000000000000000e0,0.00000000000000000e0,0.00000000000000000e0,1.04086116764474448e-1,5.02727466275157853e-1,1.38445826815457718e0,-9.46076565934550047e1,3.86110168716822019e-10,1.34640210280303413e-9,5.00000000000000000e0,0.00000000000000000e0,5.00000000000000000e0,5.00000000000000000e0,4.29903367806900860e0,1.93151967199732733e0,1.93151964608782278e0,0.00000000000000000e0 group=row_index=29216268:6.31764732966464959e-1,-2.09164796546459986e0,9.25160086279823730e1,3.86302456230626667e0,3.84785536141130194e2,3.84815913946614955e2,3.86301483706724902e0,3.84880399451784456e2,3.86110168716818748e2,-8.34014102539933204e-6,5.00000000000000000e0,4.99999999999999378e0,0.00000000000000000e0,2.88730819896216628e0,2.59108571981328284e0,5.00000000000000000e0,8.09854405758869689e-1,2.42956321727660907e0,2.19999818887252019e0,1.49999999999999716e1,9.13768508788039455e-8,1.93156917438486175e-6,-3.17519330594222904e-23,-4.22375887487650356e-2,4.99999999499999936e-9,0.00000000000000000e0,0.00000000000000000e0,0.00000000000000000e0,1.04086116764473796e-1,5.02727466275158186e-1,1.38445826815457784e0,-9.46076565934469755e1,3.86110168716818400e-10,1.29880429824879064e-9,5.00000000000000000e0,0.00000000000000000e0,5.00000000000000000e0,5.00000000000000000e0,4.29903367796669045e0,1.93151966558687294e0,1.93151968302980093e0,0.00000000000000000e0;row_index=29216269:6.31764732966464959e-1,-2.09164796631961281e0,9.25160086271273627e1,3.86302456236094560e0,3.84785536141130137e2,3.84815913946614899e2,3.86301483700625203e0,3.84880399451783603e2,3.86110168716816702e2,-8.34014104204188112e-6,5.00000000000000000e0,4.99999999999999378e0,0.00000000000000000e0,2.88730819896216584e0,2.59108571981290536e0,5.00000000000000000e0,8.09854405758869689e-1,2.42956321727660907e0,2.19999818887252019e0,1.49999999999999716e1,1.21194910001475729e-7,1.93156917438486175e-6,-3.17507496051369804e-23,-4.22375887481551276e-2,4.99999999499999936e-9,0.00000000000000000e0,0.00000000000000000e0,0.00000000000000000e0,1.04086116764473560e-1,5.02727466275157964e-1,1.38445826815457718e0,-9.46076565934469755e1,3.86110168716816332e-10,1.32544627922228953e-9,5.00000000000000000e0,0.00000000000000000e0,5.00000000000000000e0,5.00000000000000000e0,4.29903367791363689e0,1.93151978504572841e0,1.93151963121712988e0,0.00000000000000000e0;row_index=29216270:6.31764732966464959e-1,-2.09164796734236136e0,9.25160086261046075e1,3.86302456225807322e0,3.84785536141130081e2,3.84815913946614842e2,3.86301483692993397e0,3.84880399451782523e2,3.86110168716813973e2,-8.34014106325557734e-6,5.00000000000000000e0,4.99999999999999378e0,0.00000000000000000e0,2.88730819896216540e0,2.59108571981243285e0,5.00000000000000000e0,8.09854405758869689e-1,2.42956321727660907e0,2.19999818887252019e0,1.49999999999999716e1,1.58502828193024632e-7,1.93156917438486175e-6,-3.17492689466112712e-23,-4.22375887473920159e-2,4.99999999499999936e-9,0.00000000000000000e0,0.00000000000000000e0,0.00000000000000000e0,1.04086116764473324e-1,5.02727466275157853e-1,1.38445826815457673e0,-9.46076565934469755e1,3.86110168716813592e-10,1.39155489455751463e-9,5.00000000000000000e0,0.00000000000000000e0,5.00000000000000000e0,5.00000000000000000e0,4.29903367784542478e0,1.93151976692043092e0,1.93151969713816385e0,0.00000000000000000e0 right=row_index=29216271:6.31764732966465070e-1,-2.09164796542980058e0,9.25160086280091747e1,3.86302456209450984e0,3.84785536141130081e2,3.84815913946614842e2,3.86301483677729873e0,3.84880399451780363e2,3.86110168716808744e2,-8.34014110481650420e-6,5.00000000000000000e0,4.99999999999999378e0,0.00000000000000000e0,2.88730819896216584e0,2.59108571981148916e0,5.00000000000000000e0,8.09854960870382001e-1,2.42956488261114600e0,2.19999969685261254e0,1.49999999999999716e1,2.33118664272439211e-7,1.93156917449588406e-6,-3.17463078367012707e-23,-4.22375887458658200e-2,4.99999999499999936e-9,0.00000000000000000e0,0.00000000000000000e0,0.00000000000000000e0,1.04086116764472950e-1,5.02727466275157853e-1,1.38445826815457740e0,-9.46076565934389748e1,3.86110168716808370e-10,1.39856774625659783e-9,5.00000000000000000e0,0.00000000000000000e0,5.00000000000000000e0,5.00000000000000000e0,4.29903367770142175e0,1.93151969398927004e0,1.93151967606650765e0,0.00000000000000000e0
equal_group_time_s=6.40106654324506863e-1 threshold_crossing=false left=row_index=29629073:6.40106654324506752e-1,9.32187904515738239e1,-9.32231260505035908e-1,-3.81418960246730876e0,3.85016198728665472e2,3.85046594744354536e2,3.81417982769977071e0,3.85110376371737857e2,3.86339196608675707e2,-1.01700583469764009e-5,5.00000000000000000e0,4.99999999999999378e0,0.00000000000000000e0,2.88767099842862685e0,2.58058288192693253e0,5.00000000000000000e0,8.09852740424332751e-1,2.42955822127299825e0,2.19999366493224269e0,1.49999999999999716e1,-1.09436528403687801e-7,1.93498318523666057e-6,9.01801710440432321e-26,-4.17574457326466766e-2,4.99999999499999936e-9,0.00000000000000000e0,0.00000000000000000e0,0.00000000000000000e0,1.04086116764473061e-1,5.02841022508160318e-1,1.38487909265228426e0,9.41510217120788582e1,3.86339196608675382e-10,1.31197424732581140e-9,5.00000000000000000e0,0.00000000000000000e0,5.00000000000000000e0,5.00000000000000000e0,4.25210849222139586e0,1.90710224537476125e0,1.90710223238757148e0,0.00000000000000000e0 group=row_index=29629074:6.40106654324506863e-1,9.32187904512894789e1,-9.32231260781362314e-1,-3.81418960221208181e0,3.85016198728665699e2,3.85046594744354763e2,3.81417982755081297e0,3.85110376371735811e2,3.86339196608670818e2,-1.01700583849226671e-5,5.00000000000000000e0,4.99999999999999378e0,0.00000000000000000e0,2.88767099842862729e0,2.58058288192599727e0,5.00000000000000000e0,8.09853295535845064e-1,2.42955988660753519e0,2.19999517291233504e0,1.49999999999999716e1,-3.67826739442346871e-8,1.93498318534768288e-6,9.01719814941807609e-26,-4.17574457311572222e-2,4.99999999499999936e-9,0.00000000000000000e0,0.00000000000000000e0,0.00000000000000000e0,1.04086116764473172e-1,5.02841022508160429e-1,1.38487909265228426e0,9.41510217120708433e1,3.86339196608670470e-10,1.31646311230085087e-9,5.00000000000000000e0,0.00000000000000000e0,5.00000000000000000e0,5.00000000000000000e0,4.25210849206981401e0,1.90710225064928207e0,1.90710222044227562e0,0.00000000000000000e0;row_index=29629075:6.40106654324506863e-1,9.32187904509906815e1,-9.32231261080156859e-1,-3.81418960223925296e0,3.85016198728665756e2,3.85046594744354820e2,3.81417982747190987e0,3.85110376371734731e2,3.86339196608668090e2,-1.01700584059599365e-5,5.00000000000000000e0,4.99999999999999378e0,0.00000000000000000e0,2.88767099842862729e0,2.58058288192550167e0,5.00000000000000000e0,8.09853295535845064e-1,2.42955988660753519e0,2.19999517291233504e0,1.49999999999999716e1,1.70242451307834462e-9,1.93498318534768288e-6,9.01676437512730956e-26,-4.17574457303682423e-2,4.99999999499999936e-9,0.00000000000000000e0,0.00000000000000000e0,0.00000000000000000e0,1.04086116764473949e-1,5.02841022508160429e-1,1.38487909265228470e0,9.41510217120708433e1,3.86339196608667679e-10,1.29547370994200064e-9,5.00000000000000000e0,0.00000000000000000e0,5.00000000000000000e0,5.00000000000000000e0,4.25210849199402219e0,1.90710232650325451e0,1.90710221499084764e0,0.00000000000000000e0 right=row_index=29629076:6.40106654324506974e-1,9.32187904508987799e1,-9.32231261168068426e-1,-3.81418960213642322e0,3.85016198728665927e2,3.85046594744354991e2,3.81417982737026318e0,3.85110376371733253e2,3.86339196608664565e2,-1.01700584338821778e-5,5.00000000000000000e0,4.99999999999999378e0,0.00000000000000000e0,2.88767099842862640e0,2.58058288192486351e0,5.00000000000000000e0,8.09853850647357376e-1,2.42956155194207213e0,2.19999668089242784e0,1.49999999999999716e1,5.12803969233156166e-8,1.93498318545870518e-6,9.01620560128681443e-26,-4.17574457293518470e-2,4.99999999499999936e-9,0.00000000000000000e0,0.00000000000000000e0,0.00000000000000000e0,1.04086116764474768e-1,5.02841022508160096e-1,1.38487909265228359e0,9.41510217120668500e1,3.86339196608664215e-10,1.28547431173331239e-9,5.00000000000000000e0,0.00000000000000000e0,5.00000000000000000e0,5.00000000000000000e0,4.25210849188412521e0,1.90710222700743337e0,1.90710225641182518e0,0.00000000000000000e0
equal_group_time_s=6.43274584922210457e-1 threshold_crossing=false left=row_index=29775271:6.43274584922210346e-1,-2.23170741758808688e0,9.44537896388414424e1,4.28837648072124633e0,3.82673113870739542e2,3.82703324906045111e2,4.28836487075096784e0,3.82774042008839388e2,3.84011847230092769e2,-1.33433636496429308e-5,5.00000000000000000e0,4.99999999999999378e0,0.00000000000000000e0,2.88968930900644372e0,2.62057934150380545e0,5.00000000000000000e0,8.09855515981894314e-1,2.42956654794568294e0,2.20000120483270534e0,1.49999999999999716e1,-4.72392929960507087e-7,1.95059564400690277e-6,2.96414680207761850e-26,-4.64423182122748121e-2,4.99999999499999936e-9,0.00000000000000000e0,0.00000000000000000e0,0.00000000000000000e0,1.04086116764477224e-1,5.03472753719016897e-1,1.38722137304732707e0,-9.66854970564295257e1,3.84011847230092372e-10,1.21475299707601589e-9,5.00000000000000000e0,0.00000000000000000e0,5.00000000000000000e0,5.00000000000000000e0,4.71447351961842287e0,2.14419417176705718e0,2.14419411974898555e0,0.00000000000000000e0 group=row_index=29775272:6.43274584922210457e-1,-2.23170741751609514e0,9.44537896389174136e1,4.28837648064845833e0,3.82673113870739655e2,3.82703324906045225e2,4.28836487064043670e0,3.82774042008838137e2,3.84011847230089245e2,-1.33433636746873979e-5,5.00000000000000000e0,4.99999999999999378e0,0.00000000000000000e0,2.88968930900644372e0,2.62057934150330984e0,5.00000000000000000e0,8.09856071093406626e-1,2.42956821328021988e0,2.20000271281279769e0,1.49999999999999716e1,-4.17612373507260157e-7,1.95059564411792508e-6,2.96394383700282698e-26,-4.64423182111694810e-2,4.99999999499999936e-9,0.00000000000000000e0,0.00000000000000000e0,0.00000000000000000e0,1.04086116764476613e-1,5.03472753719016897e-1,1.38722137304732662e0,-9.66854970564335048e1,3.84011847230088909e-10,1.17530361175872724e-9,5.00000000000000000e0,0.00000000000000000e0,5.00000000000000000e0,5.00000000000000000e0,4.71447351952747340e0,2.14419418678185369e0,2.14419411806339344e0,0.00000000000000000e0;row_index=29775273:6.43274584922210457e-1,-2.23170741995430744e0,9.44537896364791862e1,4.28837648063630006e0,3.82673113870739712e2,3.82703324906045282e2,4.28836487058081772e0,3.82774042008837455e2,3.84011847230087426e2,-1.33433636875076312e-5,5.00000000000000000e0,4.99999999999999378e0,0.00000000000000000e0,2.88968930900644372e0,2.62057934150304295e0,5.00000000000000000e0,8.09856071093406626e-1,2.42956821328021988e0,2.20000271281279769e0,1.49999999999999716e1,-3.88063970234743002e-7,1.95059564411792508e-6,2.96383436425918069e-26,-4.64423182105732565e-2,4.99999999499999936e-9,0.00000000000000000e0,0.00000000000000000e0,0.00000000000000000e0,1.04086116764477141e-1,5.03472753719016897e-1,1.38722137304732662e0,-9.66854970564334906e1,3.84011847230087047e-10,1.18265436918934219e-9,5.00000000000000000e0,0.00000000000000000e0,5.00000000000000000e0,5.00000000000000000e0,4.71447351947820970e0,2.14419410994292603e0,2.14419414122414187e0,0.00000000000000000e0;row_index=29775274:6.43274584922210457e-1,-2.23170741762469804e0,9.44537896388088285e1,4.28837648052437448e0,3.82673113870739826e2,3.82703324906045395e2,4.28836487050634485e0,3.82774042008836489e2,3.84011847230085152e2,-1.33433637029751304e-5,5.00000000000000000e0,4.99999999999999378e0,0.00000000000000000e0,2.88968930900644327e0,2.62057934150270855e0,5.00000000000000000e0,8.09856071093406626e-1,2.42956821328021988e0,2.20000271281279769e0,1.49999999999999716e1,-3.51153360410268644e-7,1.95059564411792508e-6,2.96369762123908670e-26,-4.64423182098284842e-2,4.99999999499999936e-9,0.00000000000000000e0,0.00000000000000000e0,0.00000000000000000e0,1.04086116764476849e-1,5.03472753719016786e-1,1.38722137304732596e0,-9.66854970564335332e1,3.84011847230084773e-10,1.19641310653980217e-9,5.00000000000000000e0,0.00000000000000000e0,5.00000000000000000e0,5.00000000000000000e0,4.71447351940620774e0,2.14419415869953145e0,2.14419412978448998e0,0.00000000000000000e0 right=row_index=29775275:6.43274584922210568e-1,-2.23170741812388584e0,9.44537896383175308e1,4.28837648035265229e0,3.82673113870740224e2,3.82703324906045793e2,4.28836487035739644e0,3.82774042008834499e2,3.84011847230080605e2,-1.33433637350571572e-5,5.00000000000000000e0,4.99999999999999378e0,0.00000000000000000e0,2.88968930900644239e0,2.62057934150203975e0,5.00000000000000000e0,8.09856626204918939e-1,2.42956987861475682e0,2.20000422079289004e0,1.49999999999999716e1,-2.77332141058569198e-7,1.95059564422894738e-6,2.96342415412528244e-26,-4.64423182083389535e-2,4.99999999499999936e-9,0.00000000000000000e0,0.00000000000000000e0,0.00000000000000000e0,1.04086116764476502e-1,5.03472753719016342e-1,1.38722137304732529e0,-9.66854970564414202e1,3.84011847230080275e-10,1.08216658360801300e-9,5.00000000000000000e0,0.00000000000000000e0,5.00000000000000000e0,5.00000000000000000e0,4.71447351924704616e0,2.14419414639920092e0,2.14419411546069849e0,0.00000000000000000e0
equal_group_time_s=6.48433077222356324e-1 threshold_crossing=false left=row_index=30057093:6.48433077222356213e-1,-2.09934797307802690e0,9.24191871127869007e1,3.88637459677892583e0,3.85237028392887737e2,3.85267441842497647e2,3.88636484873805754e0,3.85332283608650641e2,3.86562504590136257e2,-4.99438506386662282e-6,5.00000000000000000e0,4.99999999999999378e0,0.00000000000000000e0,2.88833920131369437e0,2.59684011097533629e0,5.00000000000000000e0,8.09854405758869689e-1,2.42956321727660907e0,2.19999818887252019e0,1.49999999999999716e1,3.52133187057603466e-7,1.93096382650193021e-6,3.43926006275998746e-31,-4.24777935319602395e-2,4.99999999499999936e-9,0.00000000000000000e0,0.00000000000000000e0,0.00000000000000000e0,1.04086116764477904e-1,5.03050170011186459e-1,1.38565433320440667e0,-9.45185350858649258e1,3.86562504590135883e-10,1.29949321489120649e-9,5.00000000000000000e0,0.00000000000000000e0,5.00000000000000000e0,5.00000000000000000e0,4.32278441019965065e0,1.94319473138648235e0,1.94319467187856887e0,0.00000000000000000e0 group=row_index=30057094:6.48433077222356324e-1,-2.09934797263094319e0,9.24191871132340026e1,3.88637459667268548e0,3.85237028392887851e2,3.85267441842497760e2,3.88636484862399945e0,3.85332283608649220e2,3.86562504590132505e2,-4.99438509533471166e-6,5.00000000000000000e0,4.99999999999999378e0,0.00000000000000000e0,2.88833920131369393e0,2.59684011097463463e0,5.00000000000000000e0,8.09854960870382001e-1,2.42956488261114600e0,2.19999969685261254e0,1.49999999999999716e1,4.07787405680546382e-7,1.93096382661295252e-6,3.43902080940400368e-31,-4.24777935308197560e-2,4.99999999499999936e-9,0.00000000000000000e0,0.00000000000000000e0,0.00000000000000000e0,1.04086116764477654e-1,5.03050170011186126e-1,1.38565433320440623e0,-9.45185350858649400e1,3.86562504590132109e-10,1.32859505170993330e-9,5.00000000000000000e0,0.00000000000000000e0,5.00000000000000000e0,5.00000000000000000e0,4.32278441009733250e0,1.94319475074645287e0,1.94319468256621741e0,0.00000000000000000e0;row_index=30057095:6.48433077222356324e-1,-2.09934797266817208e0,9.24191871131967702e1,3.88637459654308337e0,3.85237028392887908e2,3.85267441842497817e2,3.88636484856239361e0,3.85332283608648538e2,3.86562504590130516e2,-4.99438511279501431e-6,5.00000000000000000e0,4.99999999999999378e0,0.00000000000000000e0,2.88833920131369348e0,2.59684011097425538e0,5.00000000000000000e0,8.09854960870382001e-1,2.42956488261114600e0,2.19999969685261254e0,1.49999999999999716e1,4.37847582073328790e-7,1.93096382661295252e-6,3.43889158985865862e-31,-4.24777935302037488e-2,4.99999999499999936e-9,0.00000000000000000e0,0.00000000000000000e0,0.00000000000000000e0,1.04086116764477571e-1,5.03050170011186015e-1,1.38565433320440579e0,-9.45185350858649400e1,3.86562504590130093e-10,1.37218385704486866e-9,5.00000000000000000e0,0.00000000000000000e0,5.00000000000000000e0,5.00000000000000000e0,4.32278441004806790e0,1.94319480702593683e0,1.94319466849321199e0,0.00000000000000000e0;row_index=30057096:6.48433077222356324e-1,-2.09934797392206152e0,9.24191871119428470e1,3.88637459652582873e0,3.85237028392888021e2,3.85267441842497931e2,3.88636484848535479e0,3.85332283608647685e2,3.86562504590128071e2,-4.99438513336693738e-6,5.00000000000000000e0,4.99999999999999378e0,0.00000000000000000e0,2.88833920131369304e0,2.59684011097378109e0,5.00000000000000000e0,8.09854960870382001e-1,2.42956488261114600e0,2.19999969685261254e0,1.49999999999999716e1,4.75437941274311431e-7,1.93096382661295252e-6,3.43873000718197576e-31,-4.24777935294334344e-2,4.99999999499999936e-9,0.00000000000000000e0,0.00000000000000000e0,0.00000000000000000e0,1.04086116764476433e-1,5.03050170011185904e-1,1.38565433320440512e0,-9.45185350858649116e1,3.86562504590127663e-10,1.34422239598064945e-9,5.00000000000000000e0,0.00000000000000000e0,5.00000000000000000e0,5.00000000000000000e0,4.32278440998364566e0,1.94319478102635479e0,1.94319468575714649e0,0.00000000000000000e0 right=row_index=30057097:6.48433077222356435e-1,-2.09934797253435246e0,9.24191871133225646e1,3.88637459639029270e0,3.85237028392888135e2,3.85267441842498044e2,3.88636484833127893e0,3.85332283608645810e2,3.86562504590123240e2,-4.99438517359347225e-6,5.00000000000000000e0,4.99999999999999378e0,0.00000000000000000e0,2.88833920131369304e0,2.59684011097283118e0,5.00000000000000000e0,8.09855515981894314e-1,2.42956654794568294e0,2.20000120483270534e0,1.49999999999999716e1,5.50618659367978107e-7,1.93096382672397482e-6,3.43840686460485634e-31,-4.24777935278928404e-2,4.99999999499999936e-9,0.00000000000000000e0,0.00000000000000000e0,0.00000000000000000e0,1.04086116764475628e-1,5.03050170011186015e-1,1.38565433320440512e0,-9.45185350858569109e1,3.86562504590122855e-10,1.28288274633558582e-9,5.00000000000000000e0,0.00000000000000000e0,5.00000000000000000e0,5.00000000000000000e0,4.32278440985101042e0,1.94319464055536040e0,1.94319465914704215e0,0.00000000000000000e0
