{
  "input_pcb": "pcb/temper_placed.kicad_pcb",
  "start_time": "2026-01-03T10:10:44.744211",
  "total_runtime_ms": 966371.2344998494,
  "iterations": [
    {
      "iteration": 1,
      "placement_ms": 0.0006253831088542938,
      "routing_ms": 114850.64349975437,
      "congestion_analysis_ms": 45.04375020042062,
      "total_ms": 114975.01641698182,
      "astar_ms": 97415.41371587664,
      "rip_up_ms": 487.334577832371,
      "prepare_costs_ms": 0.0,
      "analyze_conflicts_ms": 15.063374303281307,
      "loss_forward_ms": 0.0,
      "loss_backward_ms": 0.0,
      "num_placement_steps": 0,
      "nets_routed": 19,
      "nets_failed": 4,
      "num_conflicts": 4546,
      "completion_pct": 82.6086956521739
    },
    {
      "iteration": 2,
      "placement_ms": 306000.82687521353,
      "routing_ms": 109313.49233305082,
      "congestion_analysis_ms": 11.854708194732666,
      "total_ms": 415335.96254186705,
      "astar_ms": 92010.30809758231,
      "rip_up_ms": 489.3837459385395,
      "prepare_costs_ms": 0.0,
      "analyze_conflicts_ms": 24.55512573942542,
      "loss_forward_ms": 0.0,
      "loss_backward_ms": 0.0,
      "num_placement_steps": 100,
      "nets_routed": 19,
      "nets_failed": 4,
      "num_conflicts": 5274,
      "completion_pct": 82.6086956521739
    },
    {
      "iteration": 3,
      "placement_ms": 320060.1366246119,
      "routing_ms": 115957.51387486234,
      "congestion_analysis_ms": 30.371583998203278,
      "total_ms": 436059.1832497157,
      "astar_ms": 97031.84836823493,
      "rip_up_ms": 548.2368730008602,
      "prepare_costs_ms": 0.0,
      "analyze_conflicts_ms": 24.06558347865939,
      "loss_forward_ms": 0.0,
      "loss_backward_ms": 0.0,
      "num_placement_steps": 100,
      "nets_routed": 19,
      "nets_failed": 4,
      "num_conflicts": 4513,
      "completion_pct": 82.6086956521739
    }
  ],
  "avg_placement_ms": 208686.9880417362,
  "avg_routing_ms": 113373.88323588918,
  "bottleneck_phase": "placement"
}