Info    : Running '/opt/homebrew/bin/gmsh -3 local.geo -format msh2 -o local.msh -nt 1' [Gmsh 4.15.2-git, 1 node, max. 1 thread]
Info    : Started on Wed Sep 16 14:29:32 2026
Info    : Reading 'local.geo'...
Info    : Done reading 'local.geo'
Info    : Meshing 1D...
Info    : [  0%] Meshing curve 1 (Line)
Info    : [ 10%] Meshing curve 2 (Line)
Info    : [ 10%] Meshing curve 3 (Line)
Info    : [ 10%] Meshing curve 4 (Line)
Info    : [ 10%] Meshing curve 5 (Line)
Info    : [ 10%] Meshing curve 6 (Line)
Info    : [ 10%] Meshing curve 7 (Line)
Info    : [ 10%] Meshing curve 8 (Line)
Info    : [ 10%] Meshing curve 9 (Line)
Info    : [ 10%] Meshing curve 10 (Line)
Info    : [ 10%] Meshing curve 11 (Line)
Info    : [ 10%] Meshing curve 12 (Line)
Info    : [ 10%] Meshing curve 13 (Line)
Info    : [ 10%] Meshing curve 14 (Line)
Info    : [ 10%] Meshing curve 15 (Line)
Info    : [ 10%] Meshing curve 16 (Line)
Info    : [ 10%] Meshing curve 17 (Line)
Info    : [ 10%] Meshing curve 18 (Line)
Info    : [ 10%] Meshing curve 19 (Line)
Info    : [ 10%] Meshing curve 20 (Line)
Info    : [ 10%] Meshing curve 21 (Line)
Info    : [ 10%] Meshing curve 22 (Line)
Info    : [ 10%] Meshing curve 23 (Line)
Info    : [ 10%] Meshing curve 24 (Line)
Info    : [ 10%] Meshing curve 25 (Line)
Info    : [ 10%] Meshing curve 26 (Line)
Info    : [ 10%] Meshing curve 27 (Line)
Info    : [ 10%] Meshing curve 28 (Line)
Info    : [ 10%] Meshing curve 29 (Line)
Info    : [ 10%] Meshing curve 30 (Line)
Info    : [ 10%] Meshing curve 31 (Line)
Info    : [ 10%] Meshing curve 32 (Line)
Info    : [ 10%] Meshing curve 33 (Line)
Info    : [ 10%] Meshing curve 34 (Line)
Info    : [ 10%] Meshing curve 35 (Line)
Info    : [ 10%] Meshing curve 36 (Line)
Info    : [ 10%] Meshing curve 37 (Circle)
Info    : [ 10%] Meshing curve 38 (Line)
Info    : [ 10%] Meshing curve 39 (Circle)
Info    : [ 10%] Meshing curve 40 (Circle)
Info    : [ 10%] Meshing curve 41 (Line)
Info    : [ 10%] Meshing curve 42 (Circle)
Info    : [ 10%] Meshing curve 43 (Line)
Info    : [ 10%] Meshing curve 44 (Line)
Info    : [ 10%] Meshing curve 45 (Line)
Info    : [ 10%] Meshing curve 46 (Line)
Info    : [ 10%] Meshing curve 47 (Line)
Info    : [ 10%] Meshing curve 48 (Line)
Info    : [ 10%] Meshing curve 49 (Line)
Info    : [ 10%] Meshing curve 50 (Line)
Info    : [ 10%] Meshing curve 51 (Line)
Info    : [ 20%] Meshing curve 52 (Line)
Info    : [ 20%] Meshing curve 53 (Line)
Info    : [ 20%] Meshing curve 54 (Line)
Info    : [ 20%] Meshing curve 55 (Circle)
Info    : [ 20%] Meshing curve 56 (Line)
Info    : [ 20%] Meshing curve 57 (Circle)
Info    : [ 20%] Meshing curve 58 (Circle)
Info    : [ 20%] Meshing curve 59 (Line)
Info    : [ 20%] Meshing curve 60 (Circle)
Info    : [ 20%] Meshing curve 61 (Line)
Info    : [ 20%] Meshing curve 62 (Line)
Info    : [ 20%] Meshing curve 63 (Line)
Info    : [ 20%] Meshing curve 64 (Line)
Info    : [ 20%] Meshing curve 65 (Line)
Info    : [ 20%] Meshing curve 66 (Line)
Info    : [ 20%] Meshing curve 67 (Line)
Info    : [ 20%] Meshing curve 68 (Line)
Info    : [ 20%] Meshing curve 69 (Line)
Info    : [ 20%] Meshing curve 70 (Line)
Info    : [ 20%] Meshing curve 71 (Line)
Info    : [ 20%] Meshing curve 72 (Line)
Info    : [ 20%] Meshing curve 73 (Circle)
Info    : [ 20%] Meshing curve 74 (Line)
Info    : [ 20%] Meshing curve 75 (Circle)
Info    : [ 20%] Meshing curve 76 (Circle)
Info    : [ 20%] Meshing curve 77 (Line)
Info    : [ 20%] Meshing curve 78 (Circle)
Info    : [ 20%] Meshing curve 79 (Line)
Info    : [ 20%] Meshing curve 80 (Line)
Info    : [ 20%] Meshing curve 81 (Line)
Info    : [ 20%] Meshing curve 82 (Line)
Info    : [ 20%] Meshing curve 83 (Line)
Info    : [ 20%] Meshing curve 84 (Line)
Info    : [ 20%] Meshing curve 85 (Line)
Info    : [ 20%] Meshing curve 86 (Line)
Info    : [ 20%] Meshing curve 87 (Line)
Info    : [ 20%] Meshing curve 88 (Line)
Info    : [ 20%] Meshing curve 89 (Line)
Info    : [ 20%] Meshing curve 90 (Line)
Info    : [ 20%] Meshing curve 91 (Circle)
Info    : [ 20%] Meshing curve 92 (Line)
Info    : [ 20%] Meshing curve 93 (Circle)
Info    : [ 20%] Meshing curve 94 (Circle)
Info    : [ 20%] Meshing curve 95 (Line)
Info    : [ 20%] Meshing curve 96 (Circle)
Info    : [ 20%] Meshing curve 97 (Line)
Info    : [ 20%] Meshing curve 98 (Line)
Info    : [ 20%] Meshing curve 99 (Line)
Info    : [ 20%] Meshing curve 100 (Line)
Info    : [ 20%] Meshing curve 101 (Line)
Info    : [ 30%] Meshing curve 102 (Line)
Info    : [ 30%] Meshing curve 103 (Line)
Info    : [ 30%] Meshing curve 104 (Line)
Info    : [ 30%] Meshing curve 105 (Line)
Info    : [ 30%] Meshing curve 106 (Line)
Info    : [ 30%] Meshing curve 107 (Line)
Info    : [ 30%] Meshing curve 108 (Line)
Info    : [ 30%] Meshing curve 109 (Circle)
Info    : [ 30%] Meshing curve 110 (Line)
Info    : [ 30%] Meshing curve 111 (Circle)
Info    : [ 30%] Meshing curve 112 (Circle)
Info    : [ 30%] Meshing curve 113 (Line)
Info    : [ 30%] Meshing curve 114 (Circle)
Info    : [ 30%] Meshing curve 115 (Line)
Info    : [ 30%] Meshing curve 116 (Line)
Info    : [ 30%] Meshing curve 117 (Line)
Info    : [ 30%] Meshing curve 118 (Line)
Info    : [ 30%] Meshing curve 119 (Line)
Info    : [ 30%] Meshing curve 120 (Line)
Info    : [ 30%] Meshing curve 121 (Line)
Info    : [ 30%] Meshing curve 122 (Line)
Info    : [ 30%] Meshing curve 123 (Line)
Info    : [ 30%] Meshing curve 124 (Line)
Info    : [ 30%] Meshing curve 125 (Line)
Info    : [ 30%] Meshing curve 126 (Line)
Info    : [ 30%] Meshing curve 127 (Circle)
Info    : [ 30%] Meshing curve 128 (Line)
Info    : [ 30%] Meshing curve 129 (Circle)
Info    : [ 30%] Meshing curve 130 (Circle)
Info    : [ 30%] Meshing curve 131 (Line)
Info    : [ 30%] Meshing curve 132 (Circle)
Info    : [ 30%] Meshing curve 133 (Line)
Info    : [ 30%] Meshing curve 134 (Line)
Info    : [ 30%] Meshing curve 135 (Line)
Info    : [ 30%] Meshing curve 136 (Line)
Info    : [ 30%] Meshing curve 137 (Line)
Info    : [ 30%] Meshing curve 138 (Line)
Info    : [ 30%] Meshing curve 139 (Line)
Info    : [ 30%] Meshing curve 140 (Line)
Info    : [ 30%] Meshing curve 141 (Line)
Info    : [ 30%] Meshing curve 142 (Line)
Info    : [ 30%] Meshing curve 143 (Line)
Info    : [ 30%] Meshing curve 144 (Line)
Info    : [ 30%] Meshing curve 145 (Circle)
Info    : [ 30%] Meshing curve 146 (Line)
Info    : [ 30%] Meshing curve 147 (Circle)
Info    : [ 30%] Meshing curve 148 (Circle)
Info    : [ 30%] Meshing curve 149 (Line)
Info    : [ 30%] Meshing curve 150 (Circle)
Info    : [ 30%] Meshing curve 151 (Circle)
Info    : [ 40%] Meshing curve 152 (Line)
Info    : [ 40%] Meshing curve 153 (Circle)
Info    : [ 40%] Meshing curve 154 (Circle)
Info    : [ 40%] Meshing curve 155 (Line)
Info    : [ 40%] Meshing curve 156 (Circle)
Info    : [ 40%] Meshing curve 157 (Circle)
Info    : [ 40%] Meshing curve 158 (Line)
Info    : [ 40%] Meshing curve 159 (Circle)
Info    : [ 40%] Meshing curve 160 (Circle)
Info    : [ 40%] Meshing curve 161 (Line)
Info    : [ 40%] Meshing curve 162 (Circle)
Info    : [ 40%] Meshing curve 163 (Circle)
Info    : [ 40%] Meshing curve 164 (Line)
Info    : [ 40%] Meshing curve 165 (Circle)
Info    : [ 40%] Meshing curve 166 (Circle)
Info    : [ 40%] Meshing curve 167 (Line)
Info    : [ 40%] Meshing curve 168 (Circle)
Info    : [ 40%] Meshing curve 169 (Circle)
Info    : [ 40%] Meshing curve 170 (Line)
Info    : [ 40%] Meshing curve 171 (Circle)
Info    : [ 40%] Meshing curve 172 (Circle)
Info    : [ 40%] Meshing curve 173 (Line)
Info    : [ 40%] Meshing curve 174 (Circle)
Info    : [ 40%] Meshing curve 175 (Circle)
Info    : [ 40%] Meshing curve 176 (Line)
Info    : [ 40%] Meshing curve 177 (Circle)
Info    : [ 40%] Meshing curve 178 (Circle)
Info    : [ 40%] Meshing curve 179 (Line)
Info    : [ 40%] Meshing curve 180 (Circle)
Info    : [ 40%] Meshing curve 181 (Circle)
Info    : [ 40%] Meshing curve 182 (Line)
Info    : [ 40%] Meshing curve 183 (Circle)
Info    : [ 40%] Meshing curve 184 (Circle)
Info    : [ 40%] Meshing curve 185 (Line)
Info    : [ 40%] Meshing curve 186 (Circle)
Info    : [ 40%] Meshing curve 187 (Line)
Info    : [ 40%] Meshing curve 188 (Line)
Info    : [ 40%] Meshing curve 189 (Line)
Info    : [ 40%] Meshing curve 190 (Line)
Info    : [ 40%] Meshing curve 191 (Line)
Info    : [ 40%] Meshing curve 192 (Line)
Info    : [ 40%] Meshing curve 193 (Line)
Info    : [ 40%] Meshing curve 194 (Line)
Info    : [ 40%] Meshing curve 195 (Line)
Info    : [ 40%] Meshing curve 196 (Line)
Info    : [ 40%] Meshing curve 197 (Line)
Info    : [ 40%] Meshing curve 198 (Line)
Info    : [ 40%] Meshing curve 199 (Circle)
Info    : [ 40%] Meshing curve 200 (Line)
Info    : [ 40%] Meshing curve 201 (Circle)
Info    : [ 50%] Meshing curve 202 (Circle)
Info    : [ 50%] Meshing curve 203 (Line)
Info    : [ 50%] Meshing curve 204 (Circle)
Info    : [ 50%] Meshing curve 205 (Circle)
Info    : [ 50%] Meshing curve 206 (Line)
Info    : [ 50%] Meshing curve 207 (Circle)
Info    : [ 50%] Meshing curve 208 (Circle)
Info    : [ 50%] Meshing curve 209 (Line)
Info    : [ 50%] Meshing curve 210 (Circle)
Info    : [ 50%] Meshing curve 211 (Circle)
Info    : [ 50%] Meshing curve 212 (Line)
Info    : [ 50%] Meshing curve 213 (Circle)
Info    : [ 50%] Meshing curve 214 (Circle)
Info    : [ 50%] Meshing curve 215 (Line)
Info    : [ 50%] Meshing curve 216 (Circle)
Info    : [ 50%] Meshing curve 217 (Circle)
Info    : [ 50%] Meshing curve 218 (Line)
Info    : [ 50%] Meshing curve 219 (Circle)
Info    : [ 50%] Meshing curve 220 (Circle)
Info    : [ 50%] Meshing curve 221 (Line)
Info    : [ 50%] Meshing curve 222 (Circle)
Info    : [ 50%] Meshing curve 223 (Circle)
Info    : [ 50%] Meshing curve 224 (Line)
Info    : [ 50%] Meshing curve 225 (Circle)
Info    : [ 50%] Meshing curve 226 (Circle)
Info    : [ 50%] Meshing curve 227 (Line)
Info    : [ 50%] Meshing curve 228 (Circle)
Info    : [ 50%] Meshing curve 229 (Circle)
Info    : [ 50%] Meshing curve 230 (Line)
Info    : [ 50%] Meshing curve 231 (Circle)
Info    : [ 50%] Meshing curve 232 (Circle)
Info    : [ 50%] Meshing curve 233 (Line)
Info    : [ 50%] Meshing curve 234 (Circle)
Info    : [ 50%] Meshing curve 235 (Line)
Info    : [ 50%] Meshing curve 236 (Line)
Info    : [ 50%] Meshing curve 237 (Line)
Info    : [ 50%] Meshing curve 238 (Line)
Info    : [ 50%] Meshing curve 239 (Line)
Info    : [ 50%] Meshing curve 240 (Line)
Info    : [ 50%] Meshing curve 241 (Line)
Info    : [ 50%] Meshing curve 242 (Line)
Info    : [ 50%] Meshing curve 243 (Line)
Info    : [ 50%] Meshing curve 244 (Line)
Info    : [ 50%] Meshing curve 245 (Line)
Info    : [ 50%] Meshing curve 246 (Line)
Info    : [ 50%] Meshing curve 247 (Circle)
Info    : [ 50%] Meshing curve 248 (Line)
Info    : [ 50%] Meshing curve 249 (Circle)
Info    : [ 50%] Meshing curve 250 (Circle)
Info    : [ 50%] Meshing curve 251 (Line)
Info    : [ 60%] Meshing curve 252 (Circle)
Info    : [ 60%] Meshing curve 253 (Line)
Info    : [ 60%] Meshing curve 254 (Line)
Info    : [ 60%] Meshing curve 255 (Line)
Info    : [ 60%] Meshing curve 256 (Line)
Info    : [ 60%] Meshing curve 257 (Line)
Info    : [ 60%] Meshing curve 258 (Line)
Info    : [ 60%] Meshing curve 259 (Line)
Info    : [ 60%] Meshing curve 260 (Line)
Info    : [ 60%] Meshing curve 261 (Line)
Info    : [ 60%] Meshing curve 262 (Line)
Info    : [ 60%] Meshing curve 263 (Line)
Info    : [ 60%] Meshing curve 264 (Line)
Info    : [ 60%] Meshing curve 265 (Circle)
Info    : [ 60%] Meshing curve 266 (Line)
Info    : [ 60%] Meshing curve 267 (Circle)
Info    : [ 60%] Meshing curve 268 (Circle)
Info    : [ 60%] Meshing curve 269 (Line)
Info    : [ 60%] Meshing curve 270 (Circle)
Info    : [ 60%] Meshing curve 271 (Line)
Info    : [ 60%] Meshing curve 272 (Line)
Info    : [ 60%] Meshing curve 273 (Line)
Info    : [ 60%] Meshing curve 274 (Line)
Info    : [ 60%] Meshing curve 275 (Line)
Info    : [ 60%] Meshing curve 276 (Line)
Info    : [ 60%] Meshing curve 277 (Line)
Info    : [ 60%] Meshing curve 278 (Line)
Info    : [ 60%] Meshing curve 279 (Line)
Info    : [ 60%] Meshing curve 280 (Line)
Info    : [ 60%] Meshing curve 281 (Line)
Info    : [ 60%] Meshing curve 282 (Line)
Info    : [ 60%] Meshing curve 283 (Circle)
Info    : [ 60%] Meshing curve 284 (Line)
Info    : [ 60%] Meshing curve 285 (Circle)
Info    : [ 60%] Meshing curve 286 (Circle)
Info    : [ 60%] Meshing curve 287 (Line)
Info    : [ 60%] Meshing curve 288 (Circle)
Info    : [ 60%] Meshing curve 289 (Circle)
Info    : [ 60%] Meshing curve 290 (Line)
Info    : [ 60%] Meshing curve 291 (Circle)
Info    : [ 60%] Meshing curve 292 (Circle)
Info    : [ 60%] Meshing curve 293 (Line)
Info    : [ 60%] Meshing curve 294 (Circle)
Info    : [ 60%] Meshing curve 295 (Circle)
Info    : [ 60%] Meshing curve 296 (Line)
Info    : [ 60%] Meshing curve 297 (Circle)
Info    : [ 60%] Meshing curve 298 (Circle)
Info    : [ 60%] Meshing curve 299 (Line)
Info    : [ 60%] Meshing curve 300 (Circle)
Info    : [ 60%] Meshing curve 301 (Circle)
Info    : [ 70%] Meshing curve 302 (Line)
Info    : [ 70%] Meshing curve 303 (Circle)
Info    : [ 70%] Meshing curve 304 (Circle)
Info    : [ 70%] Meshing curve 305 (Line)
Info    : [ 70%] Meshing curve 306 (Circle)
Info    : [ 70%] Meshing curve 307 (Circle)
Info    : [ 70%] Meshing curve 308 (Line)
Info    : [ 70%] Meshing curve 309 (Circle)
Info    : [ 70%] Meshing curve 310 (Circle)
Info    : [ 70%] Meshing curve 311 (Line)
Info    : [ 70%] Meshing curve 312 (Circle)
Info    : [ 70%] Meshing curve 313 (Circle)
Info    : [ 70%] Meshing curve 314 (Line)
Info    : [ 70%] Meshing curve 315 (Circle)
Info    : [ 70%] Meshing curve 316 (Circle)
Info    : [ 70%] Meshing curve 317 (Line)
Info    : [ 70%] Meshing curve 318 (Circle)
Info    : [ 70%] Meshing curve 319 (Circle)
Info    : [ 70%] Meshing curve 320 (Line)
Info    : [ 70%] Meshing curve 321 (Circle)
Info    : [ 70%] Meshing curve 322 (Circle)
Info    : [ 70%] Meshing curve 323 (Line)
Info    : [ 70%] Meshing curve 324 (Circle)
Info    : [ 70%] Meshing curve 100000 (Line)
Info    : [ 70%] Meshing curve 100001 (Line)
Info    : [ 70%] Meshing curve 100002 (Line)
Info    : [ 70%] Meshing curve 100003 (Line)
Info    : [ 70%] Meshing curve 100004 (Line)
Info    : [ 70%] Meshing curve 100005 (Line)
Info    : [ 70%] Meshing curve 100006 (Line)
Info    : [ 70%] Meshing curve 100007 (Line)
Info    : [ 70%] Meshing curve 100008 (Line)
Info    : [ 70%] Meshing curve 100009 (Line)
Info    : [ 70%] Meshing curve 100010 (Line)
Info    : [ 70%] Meshing curve 100011 (Line)
Info    : [ 70%] Meshing curve 100012 (Line)
Info    : [ 70%] Meshing curve 100013 (Line)
Info    : [ 70%] Meshing curve 100014 (Line)
Info    : [ 70%] Meshing curve 100015 (Line)
Info    : [ 70%] Meshing curve 100016 (Line)
Info    : [ 70%] Meshing curve 100017 (Line)
Info    : [ 70%] Meshing curve 100018 (Line)
Info    : [ 70%] Meshing curve 100019 (Line)
Info    : [ 70%] Meshing curve 100020 (Line)
Info    : [ 70%] Meshing curve 100021 (Line)
Info    : [ 70%] Meshing curve 100022 (Line)
Info    : [ 70%] Meshing curve 100023 (Line)
Info    : [ 70%] Meshing curve 100024 (Line)
Info    : [ 70%] Meshing curve 100025 (Line)
Info    : [ 70%] Meshing curve 100026 (Line)
Info    : [ 80%] Meshing curve 100027 (Line)
Info    : [ 80%] Meshing curve 100028 (Line)
Info    : [ 80%] Meshing curve 100029 (Line)
Info    : [ 80%] Meshing curve 100030 (Line)
Info    : [ 80%] Meshing curve 100031 (Line)
Info    : [ 80%] Meshing curve 100032 (Line)
Info    : [ 80%] Meshing curve 100033 (Circle)
Info    : [ 80%] Meshing curve 100034 (Line)
Info    : [ 80%] Meshing curve 100035 (Circle)
Info    : [ 80%] Meshing curve 100036 (Circle)
Info    : [ 80%] Meshing curve 100037 (Line)
Info    : [ 80%] Meshing curve 100038 (Circle)
Info    : [ 80%] Meshing curve 100039 (Circle)
Info    : [ 80%] Meshing curve 100040 (Line)
Info    : [ 80%] Meshing curve 100041 (Circle)
Info    : [ 80%] Meshing curve 100042 (Circle)
Info    : [ 80%] Meshing curve 100043 (Line)
Info    : [ 80%] Meshing curve 100044 (Circle)
Info    : [ 80%] Meshing curve 100045 (Circle)
Info    : [ 80%] Meshing curve 100046 (Line)
Info    : [ 80%] Meshing curve 100047 (Circle)
Info    : [ 80%] Meshing curve 100048 (Circle)
Info    : [ 80%] Meshing curve 100049 (Line)
Info    : [ 80%] Meshing curve 100050 (Circle)
Info    : [ 80%] Meshing curve 100051 (Circle)
Info    : [ 80%] Meshing curve 100052 (Line)
Info    : [ 80%] Meshing curve 100053 (Circle)
Info    : [ 80%] Meshing curve 100054 (Circle)
Info    : [ 80%] Meshing curve 100055 (Line)
Info    : [ 80%] Meshing curve 100056 (Circle)
Info    : [ 80%] Meshing curve 100057 (Circle)
Info    : [ 80%] Meshing curve 100058 (Line)
Info    : [ 80%] Meshing curve 100059 (Circle)
Info    : [ 80%] Meshing curve 100060 (Circle)
Info    : [ 80%] Meshing curve 100061 (Line)
Info    : [ 80%] Meshing curve 100062 (Circle)
Info    : [ 80%] Meshing curve 100063 (Circle)
Info    : [ 80%] Meshing curve 100064 (Line)
Info    : [ 80%] Meshing curve 100065 (Circle)
Info    : [ 80%] Meshing curve 100066 (Circle)
Info    : [ 80%] Meshing curve 100067 (Line)
Info    : [ 80%] Meshing curve 100068 (Circle)
Info    : [ 80%] Meshing curve 100237 (Line)
Info    : [ 80%] Meshing curve 100238 (Line)
Info    : [ 80%] Meshing curve 100239 (Line)
Info    : [ 80%] Meshing curve 100240 (Line)
Info    : [ 80%] Meshing curve 100241 (Line)
Info    : [ 80%] Meshing curve 100242 (Line)
Info    : [ 80%] Meshing curve 100243 (Line)
Info    : [ 80%] Meshing curve 100244 (Line)
Info    : [ 90%] Meshing curve 100245 (Line)
Info    : [ 90%] Meshing curve 100246 (Line)
Info    : [ 90%] Meshing curve 100247 (Line)
Info    : [ 90%] Meshing curve 100248 (Line)
Info    : [ 90%] Meshing curve 100249 (Line)
Info    : [ 90%] Meshing curve 100250 (Line)
Info    : [ 90%] Meshing curve 100251 (Line)
Info    : [ 90%] Meshing curve 100252 (Line)
Info    : [ 90%] Meshing curve 100253 (Line)
Info    : [ 90%] Meshing curve 100254 (Line)
Info    : [ 90%] Meshing curve 100255 (Line)
Info    : [ 90%] Meshing curve 100256 (Line)
Info    : [ 90%] Meshing curve 100257 (Line)
Info    : [ 90%] Meshing curve 100258 (Line)
Info    : [ 90%] Meshing curve 100259 (Line)
Info    : [ 90%] Meshing curve 100260 (Line)
Info    : [ 90%] Meshing curve 100261 (Line)
Info    : [ 90%] Meshing curve 100262 (Line)
Info    : [ 90%] Meshing curve 100263 (Line)
Info    : [ 90%] Meshing curve 100264 (Line)
Info    : [ 90%] Meshing curve 100265 (Line)
Info    : [ 90%] Meshing curve 100266 (Line)
Info    : [ 90%] Meshing curve 100267 (Line)
Info    : [ 90%] Meshing curve 100268 (Line)
Info    : [ 90%] Meshing curve 100269 (Line)
Info    : [ 90%] Meshing curve 100270 (Circle)
Info    : [ 90%] Meshing curve 100271 (Circle)
Info    : [ 90%] Meshing curve 100272 (Circle)
Info    : [ 90%] Meshing curve 100273 (Circle)
Info    : [ 90%] Meshing curve 100274 (Circle)
Info    : [ 90%] Meshing curve 100275 (Circle)
Info    : [ 90%] Meshing curve 100276 (Circle)
Info    : [ 90%] Meshing curve 100277 (Circle)
Info    : [ 90%] Meshing curve 100278 (Circle)
Info    : [ 90%] Meshing curve 100279 (Circle)
Info    : [ 90%] Meshing curve 100280 (Circle)
Info    : [ 90%] Meshing curve 100281 (Circle)
Info    : [ 90%] Meshing curve 100282 (Line)
Info    : [ 90%] Meshing curve 100283 (Line)
Info    : [ 90%] Meshing curve 100284 (Line)
Info    : [ 90%] Meshing curve 100285 (Circle)
Info    : [ 90%] Meshing curve 100286 (Circle)
Info    : [ 90%] Meshing curve 100287 (Circle)
Info    : [ 90%] Meshing curve 100288 (Circle)
Info    : [ 90%] Meshing curve 100289 (Circle)
Info    : [ 90%] Meshing curve 100290 (Circle)
Info    : [ 90%] Meshing curve 100291 (Circle)
Info    : [ 90%] Meshing curve 100292 (Circle)
Info    : [ 90%] Meshing curve 100293 (Circle)
Info    : [ 90%] Meshing curve 100294 (Circle)
Info    : [100%] Meshing curve 100295 (Circle)
Info    : [100%] Meshing curve 100296 (Circle)
Info    : [100%] Meshing curve 100297 (Line)
Info    : [100%] Meshing curve 100298 (Line)
Info    : [100%] Meshing curve 100299 (Line)
Info    : [100%] Meshing curve 100300 (Line)
Info    : [100%] Meshing curve 100301 (Line)
Info    : [100%] Meshing curve 100302 (Line)
Info    : [100%] Meshing curve 100303 (Line)
Info    : [100%] Meshing curve 100304 (Line)
Info    : [100%] Meshing curve 100305 (Line)
Info    : [100%] Meshing curve 100306 (Line)
Info    : [100%] Meshing curve 100307 (Line)
Info    : [100%] Meshing curve 100308 (Line)
Info    : [100%] Meshing curve 100309 (Circle)
Info    : [100%] Meshing curve 100310 (Circle)
Info    : [100%] Meshing curve 100311 (Line)
Info    : [100%] Meshing curve 100312 (Circle)
Info    : [100%] Meshing curve 100313 (Circle)
Info    : [100%] Meshing curve 100314 (Line)
Info    : [100%] Meshing curve 100315 (Circle)
Info    : [100%] Meshing curve 100316 (Circle)
Info    : [100%] Meshing curve 100317 (Line)
Info    : [100%] Meshing curve 100318 (Circle)
Info    : [100%] Meshing curve 100319 (Circle)
Info    : [100%] Meshing curve 100320 (Line)
Info    : [100%] Meshing curve 100321 (Circle)
Info    : [100%] Meshing curve 100322 (Circle)
Info    : [100%] Meshing curve 100323 (Line)
Info    : [100%] Meshing curve 100324 (Circle)
Info    : [100%] Meshing curve 100325 (Circle)
Info    : [100%] Meshing curve 100326 (Line)
Info    : [100%] Meshing curve 100327 (Circle)
Info    : [100%] Meshing curve 100328 (Circle)
Info    : [100%] Meshing curve 100329 (Line)
Info    : [100%] Meshing curve 100330 (Circle)
Info    : [100%] Meshing curve 100331 (Circle)
Info    : [100%] Meshing curve 100332 (Line)
Info    : [100%] Meshing curve 100333 (Circle)
Info    : [100%] Meshing curve 100334 (Circle)
Info    : [100%] Meshing curve 100335 (Line)
Info    : [100%] Meshing curve 100336 (Circle)
Info    : [100%] Meshing curve 100337 (Circle)
Info    : [100%] Meshing curve 100338 (Line)
Info    : [100%] Meshing curve 100339 (Circle)
Info    : [100%] Meshing curve 100340 (Circle)
Info    : [100%] Meshing curve 100341 (Line)
Info    : [100%] Meshing curve 100342 (Circle)
Info    : [100%] Meshing curve 100343 (Circle)
Info    : [100%] Meshing curve 100344 (Line)
Info    : Done meshing 1D (Wall 0.0207499s, CPU 0.019501s)
Info    : Meshing 2D...
Info    : [  0%] Meshing surface 1 (Plane, Frontal-Delaunay)
Info    : [ 10%] Meshing surface 2 (Plane, Frontal-Delaunay)
Info    : [ 10%] Meshing surface 3 (Plane, Frontal-Delaunay)
Info    : [ 10%] Meshing surface 4 (Plane, Frontal-Delaunay)
Info    : [ 10%] Meshing surface 5 (Plane, Frontal-Delaunay)
Info    : [ 10%] Meshing surface 6 (Plane, Frontal-Delaunay)
Info    : [ 10%] Meshing surface 7 (Plane, Frontal-Delaunay)
Info    : [ 10%] Meshing surface 8 (Plane, Frontal-Delaunay)
Info    : [ 10%] Meshing surface 9 (Plane, Frontal-Delaunay)
Info    : [ 10%] Meshing surface 10 (Plane, Frontal-Delaunay)
Info    : [ 10%] Meshing surface 11 (Plane, Frontal-Delaunay)
Info    : [ 10%] Meshing surface 12 (Plane, Frontal-Delaunay)
Info    : [ 10%] Meshing surface 13 (Plane, Frontal-Delaunay)
Info    : [ 10%] Meshing surface 14 (Plane, Frontal-Delaunay)
Info    : [ 10%] Meshing surface 15 (Plane, Frontal-Delaunay)
Info    : [ 10%] Meshing surface 16 (Plane, Frontal-Delaunay)
Info    : [ 10%] Meshing surface 17 (Plane, Frontal-Delaunay)
Info    : [ 10%] Meshing surface 18 (Plane, Frontal-Delaunay)
Info    : [ 10%] Meshing surface 19 (Cylinder, Frontal-Delaunay)
Info    : [ 10%] Meshing surface 20 (Plane, Frontal-Delaunay)
Info    : [ 10%] Meshing surface 21 (Plane, Frontal-Delaunay)
Info    : [ 10%] Meshing surface 22 (Cylinder, Frontal-Delaunay)
Info    : [ 10%] Meshing surface 23 (Plane, Frontal-Delaunay)
Info    : [ 10%] Meshing surface 24 (Plane, Frontal-Delaunay)
Info    : [ 10%] Meshing surface 25 (Plane, Frontal-Delaunay)
Info    : [ 10%] Meshing surface 26 (Plane, Frontal-Delaunay)
Info    : [ 10%] Meshing surface 27 (Plane, Frontal-Delaunay)
Info    : [ 10%] Meshing surface 28 (Plane, Frontal-Delaunay)
Info    : [ 10%] Meshing surface 29 (Plane, Frontal-Delaunay)
Info    : [ 10%] Meshing surface 30 (Plane, Frontal-Delaunay)
Info    : [ 10%] Meshing surface 31 (Cylinder, Frontal-Delaunay)
Info    : [ 10%] Meshing surface 32 (Plane, Frontal-Delaunay)
Info    : [ 10%] Meshing surface 33 (Plane, Frontal-Delaunay)
Info    : [ 10%] Meshing surface 34 (Cylinder, Frontal-Delaunay)
Info    : [ 10%] Meshing surface 35 (Plane, Frontal-Delaunay)
Info    : [ 10%] Meshing surface 36 (Plane, Frontal-Delaunay)
Info    : [ 10%] Meshing surface 37 (Plane, Frontal-Delaunay)
Info    : [ 20%] Meshing surface 38 (Plane, Frontal-Delaunay)
Info    : [ 20%] Meshing surface 39 (Plane, Frontal-Delaunay)
Info    : [ 20%] Meshing surface 40 (Plane, Frontal-Delaunay)
Info    : [ 20%] Meshing surface 41 (Plane, Frontal-Delaunay)
Info    : [ 20%] Meshing surface 42 (Plane, Frontal-Delaunay)
Info    : [ 20%] Meshing surface 43 (Cylinder, Frontal-Delaunay)
Info    : [ 20%] Meshing surface 44 (Plane, Frontal-Delaunay)
Info    : [ 20%] Meshing surface 45 (Plane, Frontal-Delaunay)
Info    : [ 20%] Meshing surface 46 (Cylinder, Frontal-Delaunay)
Info    : [ 20%] Meshing surface 47 (Plane, Frontal-Delaunay)
Info    : [ 20%] Meshing surface 48 (Plane, Frontal-Delaunay)
Info    : [ 20%] Meshing surface 49 (Plane, Frontal-Delaunay)
Info    : [ 20%] Meshing surface 50 (Plane, Frontal-Delaunay)
Info    : [ 20%] Meshing surface 51 (Plane, Frontal-Delaunay)
Info    : [ 20%] Meshing surface 52 (Plane, Frontal-Delaunay)
Info    : [ 20%] Meshing surface 53 (Plane, Frontal-Delaunay)
Info    : [ 20%] Meshing surface 54 (Plane, Frontal-Delaunay)
Info    : [ 20%] Meshing surface 55 (Cylinder, Frontal-Delaunay)
Info    : [ 20%] Meshing surface 56 (Plane, Frontal-Delaunay)
Info    : [ 20%] Meshing surface 57 (Plane, Frontal-Delaunay)
Info    : [ 20%] Meshing surface 58 (Cylinder, Frontal-Delaunay)
Info    : [ 20%] Meshing surface 59 (Plane, Frontal-Delaunay)
Info    : [ 20%] Meshing surface 60 (Plane, Frontal-Delaunay)
Info    : [ 20%] Meshing surface 61 (Plane, Frontal-Delaunay)
Info    : [ 20%] Meshing surface 62 (Plane, Frontal-Delaunay)
Info    : [ 20%] Meshing surface 63 (Plane, Frontal-Delaunay)
Info    : [ 20%] Meshing surface 64 (Plane, Frontal-Delaunay)
Info    : [ 20%] Meshing surface 65 (Plane, Frontal-Delaunay)
Info    : [ 20%] Meshing surface 66 (Plane, Frontal-Delaunay)
Info    : [ 20%] Meshing surface 67 (Cylinder, Frontal-Delaunay)
Info    : [ 20%] Meshing surface 68 (Plane, Frontal-Delaunay)
Info    : [ 20%] Meshing surface 69 (Plane, Frontal-Delaunay)
Info    : [ 20%] Meshing surface 70 (Cylinder, Frontal-Delaunay)
Info    : [ 20%] Meshing surface 71 (Plane, Frontal-Delaunay)
Info    : [ 20%] Meshing surface 72 (Plane, Frontal-Delaunay)
Info    : [ 20%] Meshing surface 73 (Plane, Frontal-Delaunay)
Info    : [ 30%] Meshing surface 74 (Plane, Frontal-Delaunay)
Info    : [ 30%] Meshing surface 75 (Plane, Frontal-Delaunay)
Info    : [ 30%] Meshing surface 76 (Plane, Frontal-Delaunay)
Info    : [ 30%] Meshing surface 77 (Plane, Frontal-Delaunay)
Info    : [ 30%] Meshing surface 78 (Plane, Frontal-Delaunay)
Info    : [ 30%] Meshing surface 79 (Cylinder, Frontal-Delaunay)
Info    : [ 30%] Meshing surface 80 (Plane, Frontal-Delaunay)
Info    : [ 30%] Meshing surface 81 (Plane, Frontal-Delaunay)
Info    : [ 30%] Meshing surface 82 (Cylinder, Frontal-Delaunay)
Info    : [ 30%] Meshing surface 83 (Plane, Frontal-Delaunay)
Info    : [ 30%] Meshing surface 84 (Plane, Frontal-Delaunay)
Info    : [ 30%] Meshing surface 85 (Plane, Frontal-Delaunay)
Info    : [ 30%] Meshing surface 86 (Plane, Frontal-Delaunay)
Info    : [ 30%] Meshing surface 87 (Plane, Frontal-Delaunay)
Info    : [ 30%] Meshing surface 88 (Plane, Frontal-Delaunay)
Info    : [ 30%] Meshing surface 89 (Plane, Frontal-Delaunay)
Info    : [ 30%] Meshing surface 90 (Plane, Frontal-Delaunay)
Info    : [ 30%] Meshing surface 91 (Cylinder, Frontal-Delaunay)
Info    : [ 30%] Meshing surface 92 (Plane, Frontal-Delaunay)
Info    : [ 30%] Meshing surface 93 (Plane, Frontal-Delaunay)
Info    : [ 30%] Meshing surface 94 (Cylinder, Frontal-Delaunay)
Info    : [ 30%] Meshing surface 95 (Plane, Frontal-Delaunay)
Info    : [ 30%] Meshing surface 96 (Plane, Frontal-Delaunay)
Info    : [ 30%] Meshing surface 97 (Cylinder, Frontal-Delaunay)
Info    : [ 30%] Meshing surface 98 (Plane, Frontal-Delaunay)
Info    : [ 30%] Meshing surface 99 (Plane, Frontal-Delaunay)
Info    : [ 30%] Meshing surface 100 (Cylinder, Frontal-Delaunay)
Info    : [ 30%] Meshing surface 101 (Plane, Frontal-Delaunay)
Info    : [ 30%] Meshing surface 102 (Plane, Frontal-Delaunay)
Info    : [ 30%] Meshing surface 103 (Cylinder, Frontal-Delaunay)
Info    : [ 30%] Meshing surface 104 (Plane, Frontal-Delaunay)
Info    : [ 30%] Meshing surface 105 (Plane, Frontal-Delaunay)
Info    : [ 30%] Meshing surface 106 (Cylinder, Frontal-Delaunay)
Info    : [ 30%] Meshing surface 107 (Plane, Frontal-Delaunay)
Info    : [ 30%] Meshing surface 108 (Plane, Frontal-Delaunay)
Info    : [ 30%] Meshing surface 109 (Cylinder, Frontal-Delaunay)
Info    : [ 40%] Meshing surface 110 (Plane, Frontal-Delaunay)
Info    : [ 40%] Meshing surface 111 (Plane, Frontal-Delaunay)
Info    : [ 40%] Meshing surface 112 (Cylinder, Frontal-Delaunay)
Info    : [ 40%] Meshing surface 113 (Plane, Frontal-Delaunay)
Info    : [ 40%] Meshing surface 114 (Plane, Frontal-Delaunay)
Info    : [ 40%] Meshing surface 115 (Cylinder, Frontal-Delaunay)
Info    : [ 40%] Meshing surface 116 (Plane, Frontal-Delaunay)
Info    : [ 40%] Meshing surface 117 (Plane, Frontal-Delaunay)
Info    : [ 40%] Meshing surface 118 (Cylinder, Frontal-Delaunay)
Info    : [ 40%] Meshing surface 119 (Plane, Frontal-Delaunay)
Info    : [ 40%] Meshing surface 120 (Plane, Frontal-Delaunay)
Info    : [ 40%] Meshing surface 121 (Cylinder, Frontal-Delaunay)
Info    : [ 40%] Meshing surface 122 (Plane, Frontal-Delaunay)
Info    : [ 40%] Meshing surface 123 (Plane, Frontal-Delaunay)
Info    : [ 40%] Meshing surface 124 (Cylinder, Frontal-Delaunay)
Info    : [ 40%] Meshing surface 125 (Plane, Frontal-Delaunay)
Info    : [ 40%] Meshing surface 126 (Plane, Frontal-Delaunay)
Info    : [ 40%] Meshing surface 127 (Cylinder, Frontal-Delaunay)
Info    : [ 40%] Meshing surface 128 (Plane, Frontal-Delaunay)
Info    : [ 40%] Meshing surface 129 (Plane, Frontal-Delaunay)
Info    : [ 40%] Meshing surface 130 (Cylinder, Frontal-Delaunay)
Info    : [ 40%] Meshing surface 131 (Plane, Frontal-Delaunay)
Info    : [ 40%] Meshing surface 132 (Plane, Frontal-Delaunay)
Info    : [ 40%] Meshing surface 133 (Plane, Frontal-Delaunay)
Info    : [ 40%] Meshing surface 134 (Plane, Frontal-Delaunay)
Info    : [ 40%] Meshing surface 135 (Plane, Frontal-Delaunay)
Info    : [ 40%] Meshing surface 136 (Plane, Frontal-Delaunay)
Info    : [ 40%] Meshing surface 137 (Plane, Frontal-Delaunay)
Info    : [ 40%] Meshing surface 138 (Plane, Frontal-Delaunay)
Info    : [ 40%] Meshing surface 139 (Cylinder, Frontal-Delaunay)
Info    : [ 40%] Meshing surface 140 (Plane, Frontal-Delaunay)
Info    : [ 40%] Meshing surface 141 (Plane, Frontal-Delaunay)
Info    : [ 40%] Meshing surface 142 (Cylinder, Frontal-Delaunay)
Info    : [ 40%] Meshing surface 143 (Plane, Frontal-Delaunay)
Info    : [ 40%] Meshing surface 144 (Plane, Frontal-Delaunay)
Info    : [ 40%] Meshing surface 145 (Cylinder, Frontal-Delaunay)
Info    : [ 40%] Meshing surface 146 (Plane, Frontal-Delaunay)
Info    : [ 50%] Meshing surface 147 (Plane, Frontal-Delaunay)
Info    : [ 50%] Meshing surface 148 (Cylinder, Frontal-Delaunay)
Info    : [ 50%] Meshing surface 149 (Plane, Frontal-Delaunay)
Info    : [ 50%] Meshing surface 150 (Plane, Frontal-Delaunay)
Info    : [ 50%] Meshing surface 151 (Cylinder, Frontal-Delaunay)
Info    : [ 50%] Meshing surface 152 (Plane, Frontal-Delaunay)
Info    : [ 50%] Meshing surface 153 (Plane, Frontal-Delaunay)
Info    : [ 50%] Meshing surface 154 (Cylinder, Frontal-Delaunay)
Info    : [ 50%] Meshing surface 155 (Plane, Frontal-Delaunay)
Info    : [ 50%] Meshing surface 156 (Plane, Frontal-Delaunay)
Info    : [ 50%] Meshing surface 157 (Cylinder, Frontal-Delaunay)
Info    : [ 50%] Meshing surface 158 (Plane, Frontal-Delaunay)
Info    : [ 50%] Meshing surface 159 (Plane, Frontal-Delaunay)
Info    : [ 50%] Meshing surface 160 (Cylinder, Frontal-Delaunay)
Info    : [ 50%] Meshing surface 161 (Plane, Frontal-Delaunay)
Info    : [ 50%] Meshing surface 162 (Plane, Frontal-Delaunay)
Info    : [ 50%] Meshing surface 163 (Cylinder, Frontal-Delaunay)
Info    : [ 50%] Meshing surface 164 (Plane, Frontal-Delaunay)
Info    : [ 50%] Meshing surface 165 (Plane, Frontal-Delaunay)
Info    : [ 50%] Meshing surface 166 (Cylinder, Frontal-Delaunay)
Info    : [ 50%] Meshing surface 167 (Plane, Frontal-Delaunay)
Info    : [ 50%] Meshing surface 168 (Plane, Frontal-Delaunay)
Info    : [ 50%] Meshing surface 169 (Cylinder, Frontal-Delaunay)
Info    : [ 50%] Meshing surface 170 (Plane, Frontal-Delaunay)
Info    : [ 50%] Meshing surface 171 (Plane, Frontal-Delaunay)
Info    : [ 50%] Meshing surface 172 (Cylinder, Frontal-Delaunay)
Info    : [ 50%] Meshing surface 173 (Plane, Frontal-Delaunay)
Info    : [ 50%] Meshing surface 174 (Plane, Frontal-Delaunay)
Info    : [ 50%] Meshing surface 175 (Plane, Frontal-Delaunay)
Info    : [ 50%] Meshing surface 176 (Plane, Frontal-Delaunay)
Info    : [ 50%] Meshing surface 177 (Plane, Frontal-Delaunay)
Info    : [ 50%] Meshing surface 178 (Plane, Frontal-Delaunay)
Info    : [ 50%] Meshing surface 179 (Plane, Frontal-Delaunay)
Info    : [ 50%] Meshing surface 180 (Plane, Frontal-Delaunay)
Info    : [ 50%] Meshing surface 181 (Cylinder, Frontal-Delaunay)
Info    : [ 50%] Meshing surface 182 (Plane, Frontal-Delaunay)
Info    : [ 60%] Meshing surface 183 (Plane, Frontal-Delaunay)
Info    : [ 60%] Meshing surface 184 (Cylinder, Frontal-Delaunay)
Info    : [ 60%] Meshing surface 185 (Plane, Frontal-Delaunay)
Info    : [ 60%] Meshing surface 186 (Plane, Frontal-Delaunay)
Info    : [ 60%] Meshing surface 187 (Plane, Frontal-Delaunay)
Info    : [ 60%] Meshing surface 188 (Plane, Frontal-Delaunay)
Info    : [ 60%] Meshing surface 189 (Plane, Frontal-Delaunay)
Info    : [ 60%] Meshing surface 190 (Plane, Frontal-Delaunay)
Info    : [ 60%] Meshing surface 191 (Plane, Frontal-Delaunay)
Info    : [ 60%] Meshing surface 192 (Plane, Frontal-Delaunay)
Info    : [ 60%] Meshing surface 193 (Cylinder, Frontal-Delaunay)
Info    : [ 60%] Meshing surface 194 (Plane, Frontal-Delaunay)
Info    : [ 60%] Meshing surface 195 (Plane, Frontal-Delaunay)
Info    : [ 60%] Meshing surface 196 (Cylinder, Frontal-Delaunay)
Info    : [ 60%] Meshing surface 197 (Plane, Frontal-Delaunay)
Info    : [ 60%] Meshing surface 198 (Plane, Frontal-Delaunay)
Info    : [ 60%] Meshing surface 199 (Plane, Frontal-Delaunay)
Info    : [ 60%] Meshing surface 200 (Plane, Frontal-Delaunay)
Info    : [ 60%] Meshing surface 201 (Plane, Frontal-Delaunay)
Info    : [ 60%] Meshing surface 202 (Plane, Frontal-Delaunay)
Info    : [ 60%] Meshing surface 203 (Plane, Frontal-Delaunay)
Info    : [ 60%] Meshing surface 204 (Plane, Frontal-Delaunay)
Info    : [ 60%] Meshing surface 205 (Cylinder, Frontal-Delaunay)
Info    : [ 60%] Meshing surface 206 (Plane, Frontal-Delaunay)
Info    : [ 60%] Meshing surface 207 (Plane, Frontal-Delaunay)
Info    : [ 60%] Meshing surface 208 (Cylinder, Frontal-Delaunay)
Info    : [ 60%] Meshing surface 209 (Plane, Frontal-Delaunay)
Info    : [ 60%] Meshing surface 210 (Plane, Frontal-Delaunay)
Info    : [ 60%] Meshing surface 211 (Cylinder, Frontal-Delaunay)
Info    : [ 60%] Meshing surface 212 (Plane, Frontal-Delaunay)
Info    : [ 60%] Meshing surface 213 (Plane, Frontal-Delaunay)
Info    : [ 60%] Meshing surface 214 (Cylinder, Frontal-Delaunay)
Info    : [ 60%] Meshing surface 215 (Plane, Frontal-Delaunay)
Info    : [ 60%] Meshing surface 216 (Plane, Frontal-Delaunay)
Info    : [ 60%] Meshing surface 217 (Cylinder, Frontal-Delaunay)
Info    : [ 60%] Meshing surface 218 (Plane, Frontal-Delaunay)
Info    : [ 70%] Meshing surface 219 (Plane, Frontal-Delaunay)
Info    : [ 70%] Meshing surface 220 (Cylinder, Frontal-Delaunay)
Info    : [ 70%] Meshing surface 221 (Plane, Frontal-Delaunay)
Info    : [ 70%] Meshing surface 222 (Plane, Frontal-Delaunay)
Info    : [ 70%] Meshing surface 223 (Cylinder, Frontal-Delaunay)
Info    : [ 70%] Meshing surface 224 (Plane, Frontal-Delaunay)
Info    : [ 70%] Meshing surface 225 (Plane, Frontal-Delaunay)
Info    : [ 70%] Meshing surface 226 (Cylinder, Frontal-Delaunay)
Info    : [ 70%] Meshing surface 227 (Plane, Frontal-Delaunay)
Info    : [ 70%] Meshing surface 228 (Plane, Frontal-Delaunay)
Info    : [ 70%] Meshing surface 229 (Cylinder, Frontal-Delaunay)
Info    : [ 70%] Meshing surface 230 (Plane, Frontal-Delaunay)
Info    : [ 70%] Meshing surface 231 (Plane, Frontal-Delaunay)
Info    : [ 70%] Meshing surface 232 (Cylinder, Frontal-Delaunay)
Info    : [ 70%] Meshing surface 233 (Plane, Frontal-Delaunay)
Info    : [ 70%] Meshing surface 234 (Plane, Frontal-Delaunay)
Info    : [ 70%] Meshing surface 235 (Cylinder, Frontal-Delaunay)
Info    : [ 70%] Meshing surface 236 (Plane, Frontal-Delaunay)
Info    : [ 70%] Meshing surface 237 (Plane, Frontal-Delaunay)
Info    : [ 70%] Meshing surface 238 (Cylinder, Frontal-Delaunay)
Info    : [ 70%] Meshing surface 239 (Plane, Frontal-Delaunay)
Info    : [ 70%] Meshing surface 240 (Plane, Frontal-Delaunay)
Info    : [ 70%] Meshing surface 241 (Cylinder, Frontal-Delaunay)
Info    : [ 70%] Meshing surface 242 (Plane, Frontal-Delaunay)
Info    : [ 70%] Meshing surface 243 (Plane, Frontal-Delaunay)
Info    : [ 70%] Meshing surface 244 (Cylinder, Frontal-Delaunay)
Info    : [ 70%] Meshing surface 245 (Plane, Frontal-Delaunay)
Info    : [ 70%] Meshing surface 246 (Plane, Frontal-Delaunay)
Info    : [ 70%] Meshing surface 100000 (Plane, Frontal-Delaunay)
Info    : [ 70%] Meshing surface 100001 (Plane, Frontal-Delaunay)
Info    : [ 70%] Meshing surface 100002 (Plane, Frontal-Delaunay)
Info    : [ 70%] Meshing surface 100003 (Plane, Frontal-Delaunay)
Info    : [ 70%] Meshing surface 100004 (Plane, Frontal-Delaunay)
Info    : [ 70%] Meshing surface 100005 (Plane, Frontal-Delaunay)
Info    : [ 70%] Meshing surface 100006 (Plane, Frontal-Delaunay)
Info    : [ 70%] Meshing surface 100007 (Plane, Frontal-Delaunay)
Info    : [ 70%] Meshing surface 100008 (Plane, Frontal-Delaunay)
Info    : [ 80%] Meshing surface 100009 (Plane, Frontal-Delaunay)
Info    : [ 80%] Meshing surface 100010 (Plane, Frontal-Delaunay)
Info    : [ 80%] Meshing surface 100011 (Plane, Frontal-Delaunay)
Info    : [ 80%] Meshing surface 100012 (Plane, Frontal-Delaunay)
Info    : [ 80%] Meshing surface 100013 (Plane, Frontal-Delaunay)
Info    : [ 80%] Meshing surface 100014 (Plane, Frontal-Delaunay)
Info    : [ 80%] Meshing surface 100015 (Cylinder, Frontal-Delaunay)
Info    : [ 80%] Meshing surface 100016 (Plane, Frontal-Delaunay)
Info    : [ 80%] Meshing surface 100017 (Plane, Frontal-Delaunay)
Info    : [ 80%] Meshing surface 100018 (Cylinder, Frontal-Delaunay)
Info    : [ 80%] Meshing surface 100019 (Plane, Frontal-Delaunay)
Info    : [ 80%] Meshing surface 100020 (Plane, Frontal-Delaunay)
Info    : [ 80%] Meshing surface 100021 (Cylinder, Frontal-Delaunay)
Info    : [ 80%] Meshing surface 100022 (Plane, Frontal-Delaunay)
Info    : [ 80%] Meshing surface 100023 (Plane, Frontal-Delaunay)
Info    : [ 80%] Meshing surface 100024 (Cylinder, Frontal-Delaunay)
Info    : [ 80%] Meshing surface 100025 (Plane, Frontal-Delaunay)
Info    : [ 80%] Meshing surface 100026 (Plane, Frontal-Delaunay)
Info    : [ 80%] Meshing surface 100027 (Cylinder, Frontal-Delaunay)
Info    : [ 80%] Meshing surface 100028 (Plane, Frontal-Delaunay)
Info    : [ 80%] Meshing surface 100029 (Plane, Frontal-Delaunay)
Info    : [ 80%] Meshing surface 100030 (Cylinder, Frontal-Delaunay)
Info    : [ 80%] Meshing surface 100031 (Plane, Frontal-Delaunay)
Info    : [ 80%] Meshing surface 100032 (Plane, Frontal-Delaunay)
Info    : [ 80%] Meshing surface 100033 (Cylinder, Frontal-Delaunay)
Info    : [ 80%] Meshing surface 100034 (Plane, Frontal-Delaunay)
Info    : [ 80%] Meshing surface 100035 (Plane, Frontal-Delaunay)
Info    : [ 80%] Meshing surface 100036 (Cylinder, Frontal-Delaunay)
Info    : [ 80%] Meshing surface 100037 (Plane, Frontal-Delaunay)
Info    : [ 80%] Meshing surface 100038 (Plane, Frontal-Delaunay)
Info    : [ 80%] Meshing surface 100039 (Cylinder, Frontal-Delaunay)
Info    : [ 80%] Meshing surface 100040 (Plane, Frontal-Delaunay)
Info    : [ 80%] Meshing surface 100041 (Plane, Frontal-Delaunay)
Info    : [ 80%] Meshing surface 100042 (Cylinder, Frontal-Delaunay)
Info    : [ 80%] Meshing surface 100043 (Plane, Frontal-Delaunay)
Info    : [ 80%] Meshing surface 100044 (Plane, Frontal-Delaunay)
Info    : [ 90%] Meshing surface 100045 (Cylinder, Frontal-Delaunay)
Info    : [ 90%] Meshing surface 100046 (Plane, Frontal-Delaunay)
Info    : [ 90%] Meshing surface 100047 (Plane, Frontal-Delaunay)
Info    : [ 90%] Meshing surface 100048 (Cylinder, Frontal-Delaunay)
Info    : [ 90%] Meshing surface 100049 (Plane, Frontal-Delaunay)
Info    : [ 90%] Meshing surface 100050 (Plane, Frontal-Delaunay)
Info    : [ 90%] Meshing surface 100181 (Plane, Frontal-Delaunay)
Info    : [ 90%] Meshing surface 100182 (Plane, Frontal-Delaunay)
Info    : [ 90%] Meshing surface 100183 (Plane, Frontal-Delaunay)
Info    : [ 90%] Meshing surface 100184 (Plane, Frontal-Delaunay)
Info    : [ 90%] Meshing surface 100185 (Plane, Frontal-Delaunay)
Info    : [ 90%] Meshing surface 100186 (Plane, Frontal-Delaunay)
Info    : [ 90%] Meshing surface 100187 (Plane, Frontal-Delaunay)
Info    : [ 90%] Meshing surface 100188 (Plane, Frontal-Delaunay)
Info    : [ 90%] Meshing surface 100189 (Plane, Frontal-Delaunay)
Info    : [ 90%] Meshing surface 100190 (Plane, Frontal-Delaunay)
Info    : [ 90%] Meshing surface 100191 (Plane, Frontal-Delaunay)
Info    : [ 90%] Meshing surface 100192 (Plane, Frontal-Delaunay)
Info    : [ 90%] Meshing surface 100193 (Plane, Frontal-Delaunay)
Info    : [ 90%] Meshing surface 100194 (Plane, Frontal-Delaunay)
Info    : [ 90%] Meshing surface 100195 (Plane, Frontal-Delaunay)
Info    : [ 90%] Meshing surface 100196 (Plane, Frontal-Delaunay)
Info    : [ 90%] Meshing surface 100197 (Plane, Frontal-Delaunay)
Info    : [ 90%] Meshing surface 100198 (Plane, Frontal-Delaunay)
Info    : [ 90%] Meshing surface 100199 (Cylinder, Frontal-Delaunay)
Info    : [ 90%] Meshing surface 100200 (Cylinder, Frontal-Delaunay)
Info    : [ 90%] Meshing surface 100201 (Cylinder, Frontal-Delaunay)
Info    : [ 90%] Meshing surface 100202 (Cylinder, Frontal-Delaunay)
Info    : [ 90%] Meshing surface 100203 (Cylinder, Frontal-Delaunay)
Info    : [ 90%] Meshing surface 100204 (Cylinder, Frontal-Delaunay)
Info    : [ 90%] Meshing surface 100205 (Cylinder, Frontal-Delaunay)
Info    : [ 90%] Meshing surface 100206 (Cylinder, Frontal-Delaunay)
Info    : [ 90%] Meshing surface 100207 (Cylinder, Frontal-Delaunay)
Info    : [ 90%] Meshing surface 100208 (Cylinder, Frontal-Delaunay)
Info    : [ 90%] Meshing surface 100209 (Cylinder, Frontal-Delaunay)
Info    : [ 90%] Meshing surface 100210 (Cylinder, Frontal-Delaunay)
Info    : [100%] Meshing surface 100211 (Plane, Frontal-Delaunay)
Info    : [100%] Meshing surface 100212 (Plane, Frontal-Delaunay)
Info    : [100%] Meshing surface 100213 (Cylinder, Frontal-Delaunay)
Info    : [100%] Meshing surface 100214 (Plane, Frontal-Delaunay)
Info    : [100%] Meshing surface 100215 (Plane, Frontal-Delaunay)
Info    : [100%] Meshing surface 100216 (Cylinder, Frontal-Delaunay)
Info    : [100%] Meshing surface 100217 (Plane, Frontal-Delaunay)
Info    : [100%] Meshing surface 100218 (Plane, Frontal-Delaunay)
Info    : [100%] Meshing surface 100219 (Cylinder, Frontal-Delaunay)
Info    : [100%] Meshing surface 100220 (Plane, Frontal-Delaunay)
Info    : [100%] Meshing surface 100221 (Plane, Frontal-Delaunay)
Info    : [100%] Meshing surface 100222 (Cylinder, Frontal-Delaunay)
Info    : [100%] Meshing surface 100223 (Plane, Frontal-Delaunay)
Info    : [100%] Meshing surface 100224 (Plane, Frontal-Delaunay)
Info    : [100%] Meshing surface 100225 (Cylinder, Frontal-Delaunay)
Info    : [100%] Meshing surface 100226 (Plane, Frontal-Delaunay)
Info    : [100%] Meshing surface 100227 (Plane, Frontal-Delaunay)
Info    : [100%] Meshing surface 100228 (Cylinder, Frontal-Delaunay)
Info    : [100%] Meshing surface 100229 (Plane, Frontal-Delaunay)
Info    : [100%] Meshing surface 100230 (Plane, Frontal-Delaunay)
Info    : [100%] Meshing surface 100231 (Cylinder, Frontal-Delaunay)
Info    : [100%] Meshing surface 100232 (Plane, Frontal-Delaunay)
Info    : [100%] Meshing surface 100233 (Plane, Frontal-Delaunay)
Info    : [100%] Meshing surface 100234 (Cylinder, Frontal-Delaunay)
Info    : [100%] Meshing surface 100235 (Plane, Frontal-Delaunay)
Info    : [100%] Meshing surface 100236 (Plane, Frontal-Delaunay)
Info    : [100%] Meshing surface 100237 (Cylinder, Frontal-Delaunay)
Info    : [100%] Meshing surface 100238 (Plane, Frontal-Delaunay)
Info    : [100%] Meshing surface 100239 (Plane, Frontal-Delaunay)
Info    : [100%] Meshing surface 100240 (Cylinder, Frontal-Delaunay)
Info    : [100%] Meshing surface 100241 (Plane, Frontal-Delaunay)
Info    : [100%] Meshing surface 100242 (Plane, Frontal-Delaunay)
Info    : [100%] Meshing surface 100243 (Cylinder, Frontal-Delaunay)
Info    : [100%] Meshing surface 100244 (Plane, Frontal-Delaunay)
Info    : [100%] Meshing surface 100245 (Plane, Frontal-Delaunay)
Info    : [100%] Meshing surface 100246 (Cylinder, Frontal-Delaunay)
Info    : Done meshing 2D (Wall 0.612103s, CPU 0.606311s)
Info    : Meshing 3D...
Info    : 3D Meshing 98 volumes with 86 connected components
Info    : Tetrahedrizing 114 nodes...
Info    : Done tetrahedrizing 122 nodes (Wall 0.000559708s, CPU 0.000506s)
Info    : Reconstructing mesh...
Info    :  - Creating surface mesh
Info    :  - Identifying boundary edges
Info    :  - Recovering boundary
Info    :  - Added 4 Steiner points
Info    : Done reconstructing mesh (Wall 0.0047885s, CPU 0.004513s)
Info    : Found volume 100
Info    : It. 0 - 0 nodes created - worst tet radius 4.05758 (nodes removed 0 0)
Info    : 3D refinement terminated (23742 nodes total):
Info    :  - 0 Delaunay cavities modified for star shapeness
Info    :  - 8 nodes could not be inserted
Info    :  - 284 tetrahedra created in 4.1625e-05 sec. (6822823 tets/s)
Info    : 6 node relocations
Info    : Tetrahedrizing 114 nodes...
Info    : Done tetrahedrizing 122 nodes (Wall 0.000551458s, CPU 0.000536s)
Info    : Reconstructing mesh...
Info    :  - Creating surface mesh
Info    :  - Identifying boundary edges
Info    :  - Recovering boundary
Info    : Done reconstructing mesh (Wall 0.00132567s, CPU 0.00125s)
Info    : Found volume 101
Info    : It. 0 - 0 nodes created - worst tet radius 0.57784 (nodes removed 0 0)
Info    : 3D refinement terminated (23738 nodes total):
Info    :  - 0 Delaunay cavities modified for star shapeness
Info    :  - 0 nodes could not be inserted
Info    :  - 264 tetrahedra created in 1.65e-05 sec. (15999991 tets/s)
Info    : 0 node relocations
Info    : Tetrahedrizing 22 nodes...
Info    : Done tetrahedrizing 30 nodes (Wall 8.86249e-05s, CPU 8.5e-05s)
Info    : Reconstructing mesh...
Info    :  - Creating surface mesh
Info    :  - Identifying boundary edges
Info    :  - Recovering boundary
Info    : Done reconstructing mesh (Wall 0.000254833s, CPU 0.000235s)
Info    : Found volume 102
Info    : It. 0 - 0 nodes created - worst tet radius 0.689244 (nodes removed 0 0)
Info    : 3D refinement terminated (23738 nodes total):
Info    :  - 0 Delaunay cavities modified for star shapeness
Info    :  - 0 nodes could not be inserted
Info    :  - 36 tetrahedra created in 2.8084e-05 sec. (1281867 tets/s)
Info    : 0 node relocations
Info    : Tetrahedrizing 172 nodes...
Info    : Done tetrahedrizing 180 nodes (Wall 0.000962167s, CPU 0.000941s)
Info    : Reconstructing mesh...
Info    :  - Creating surface mesh
Info    :  - Identifying boundary edges
Info    :  - Recovering boundary
Info    :  - Added 2 Steiner points
Info    : Done reconstructing mesh (Wall 0.00373154s, CPU 0.003653s)
Info    : Found volume 103
Info    : It. 0 - 0 nodes created - worst tet radius 1.15427 (nodes removed 0 0)
Info    : 3D refinement terminated (23744 nodes total):
Info    :  - 0 Delaunay cavities modified for star shapeness
Info    :  - 0 nodes could not be inserted
Info    :  - 475 tetrahedra created in 0.00014 sec. (3392859 tets/s)
Info    : 0 node relocations
Info    : Tetrahedrizing 172 nodes...
Info    : Done tetrahedrizing 180 nodes (Wall 0.000936s, CPU 0.000936s)
Info    : Reconstructing mesh...
Info    :  - Creating surface mesh
Info    :  - Identifying boundary edges
Info    :  - Recovering boundary
Info    :  - Added 1 Steiner point
Info    : Done reconstructing mesh (Wall 0.00293779s, CPU 0.002904s)
Info    : Found volume 104
Info    : It. 0 - 0 nodes created - worst tet radius 1.23153 (nodes removed 0 0)
Info    : 3D refinement terminated (23742 nodes total):
Info    :  - 0 Delaunay cavities modified for star shapeness
Info    :  - 0 nodes could not be inserted
Info    :  - 466 tetrahedra created in 0.000134666 sec. (3460413 tets/s)
Info    : 0 node relocations
Info    : Tetrahedrizing 72 nodes...
Info    : Done tetrahedrizing 80 nodes (Wall 0.000342416s, CPU 0.000342s)
Info    : Reconstructing mesh...
Info    :  - Creating surface mesh
Info    :  - Identifying boundary edges
Info    :  - Recovering boundary
Info    :  - Added 2 Steiner points
Info    : Done reconstructing mesh (Wall 0.00267921s, CPU 0.00264s)
Info    : Found volume 105
Info    : It. 0 - 0 nodes created - worst tet radius 4.18459 (nodes removed 0 0)
Info    : 3D refinement terminated (23740 nodes total):
Info    :  - 0 Delaunay cavities modified for star shapeness
Info    :  - 4 nodes could not be inserted
Info    :  - 166 tetrahedra created in 2.83751e-05 sec. (5850205 tets/s)
Info    : 3 node relocations
Info    : Tetrahedrizing 148 nodes...
Info    : Done tetrahedrizing 156 nodes (Wall 0.000748334s, CPU 0.000742s)
Info    : Reconstructing mesh...
Info    :  - Creating surface mesh
Info    :  - Identifying boundary edges
Info    :  - Recovering boundary
Info    :  - Added 1 Steiner point
Info    : Done reconstructing mesh (Wall 0.00263904s, CPU 0.002576s)
Info    : Found volume 106
Info    : It. 0 - 0 nodes created - worst tet radius 2.67045 (nodes removed 0 0)
Info    : 3D refinement terminated (23739 nodes total):
Info    :  - 0 Delaunay cavities modified for star shapeness
Info    :  - 2 nodes could not be inserted
Info    :  - 371 tetrahedra created in 2.3291e-05 sec. (15928912 tets/s)
Info    : 2 node relocations
Info    : Tetrahedrizing 148 nodes...
Info    : Done tetrahedrizing 156 nodes (Wall 0.000752791s, CPU 0.000752s)
Info    : Reconstructing mesh...
Info    :  - Creating surface mesh
Info    :  - Identifying boundary edges
Info    :  - Recovering boundary
Info    :  - Added 4 Steiner points
Info    : Done reconstructing mesh (Wall 0.00511963s, CPU 0.005083s)
Info    : Found volume 107
Info    : It. 0 - 0 nodes created - worst tet radius 2.67172 (nodes removed 0 0)
Info    : 3D refinement terminated (23742 nodes total):
Info    :  - 0 Delaunay cavities modified for star shapeness
Info    :  - 8 nodes could not be inserted
Info    :  - 386 tetrahedra created in 1.4917e-05 sec. (25876527 tets/s)
Info    : 6 node relocations
Info    : Tetrahedrizing 34 nodes...
Info    : Done tetrahedrizing 42 nodes (Wall 0.000132709s, CPU 0.000128s)
Info    : Reconstructing mesh...
Info    :  - Creating surface mesh
Info    :  - Identifying boundary edges
Info    :  - Recovering boundary
Info    : Done reconstructing mesh (Wall 0.000356208s, CPU 0.000328s)
Info    : Found volume 108
Info    : It. 0 - 0 nodes created - worst tet radius 0.579666 (nodes removed 0 0)
Info    : 3D refinement terminated (23738 nodes total):
Info    :  - 0 Delaunay cavities modified for star shapeness
Info    :  - 0 nodes could not be inserted
Info    :  - 60 tetrahedra created in 6.04196e-06 sec. (9930560 tets/s)
Info    : 0 node relocations
Info    : Tetrahedrizing 172 nodes...
Info    : Done tetrahedrizing 180 nodes (Wall 0.000876166s, CPU 0.000867s)
Info    : Reconstructing mesh...
Info    :  - Creating surface mesh
Info    :  - Identifying boundary edges
Info    :  - Recovering boundary
Info    : Done reconstructing mesh (Wall 0.00441858s, CPU 0.00175s)
Info    : Found volume 109
Info    : It. 0 - 0 nodes created - worst tet radius 0.705425 (nodes removed 0 0)
Info    : 3D refinement terminated (23738 nodes total):
Info    :  - 0 Delaunay cavities modified for star shapeness
Info    :  - 0 nodes could not be inserted
Info    :  - 453 tetrahedra created in 2.09999e-05 sec. (21571503 tets/s)
Info    : 0 node relocations
Info    : Tetrahedrizing 172 nodes...
Info    : Done tetrahedrizing 180 nodes (Wall 0.000921709s, CPU 0.000921s)
Info    : Reconstructing mesh...
Info    :  - Creating surface mesh
Info    :  - Identifying boundary edges
Info    :  - Recovering boundary
Info    : Done reconstructing mesh (Wall 0.00200925s, CPU 0.001991s)
Info    : Found volume 110
Info    : It. 0 - 0 nodes created - worst tet radius 0.741204 (nodes removed 0 0)
Info    : 3D refinement terminated (23738 nodes total):
Info    :  - 0 Delaunay cavities modified for star shapeness
Info    :  - 0 nodes could not be inserted
Info    :  - 445 tetrahedra created in 3.14158e-05 sec. (14164829 tets/s)
Info    : 0 node relocations
Info    : Tetrahedrizing 70 nodes...
Info    : Done tetrahedrizing 78 nodes (Wall 0.000320084s, CPU 0.000319s)
Info    : Reconstructing mesh...
Info    :  - Creating surface mesh
Info    :  - Identifying boundary edges
Info    :  - Recovering boundary
Info    :  - Added 2 Steiner points
Info    : Done reconstructing mesh (Wall 0.00256208s, CPU 0.002541s)
Info    : Found volume 111
Info    : It. 0 - 0 nodes created - worst tet radius 2.53431 (nodes removed 0 0)
Info    : 3D refinement terminated (23740 nodes total):
Info    :  - 0 Delaunay cavities modified for star shapeness
Info    :  - 4 nodes could not be inserted
Info    :  - 142 tetrahedra created in 2.6e-05 sec. (5461545 tets/s)
Info    : 3 node relocations
Info    : Tetrahedrizing 172 nodes...
Info    : Done tetrahedrizing 180 nodes (Wall 0.00108133s, CPU 0.001017s)
Info    : Reconstructing mesh...
Info    :  - Creating surface mesh
Info    :  - Identifying boundary edges
Info    :  - Recovering boundary
Info    :  - Added 1 Steiner point
Info    : Done reconstructing mesh (Wall 0.00303929s, CPU 0.002877s)
Info    : Found volume 112
Info    : It. 0 - 0 nodes created - worst tet radius 0.880222 (nodes removed 0 0)
Info    : 3D refinement terminated (23739 nodes total):
Info    :  - 0 Delaunay cavities modified for star shapeness
Info    :  - 0 nodes could not be inserted
Info    :  - 450 tetrahedra created in 2.33331e-05 sec. (19285888 tets/s)
Info    : 0 node relocations
Info    : Tetrahedrizing 172 nodes...
Info    : Done tetrahedrizing 180 nodes (Wall 0.00109967s, CPU 0.001052s)
Info    : Reconstructing mesh...
Info    :  - Creating surface mesh
Info    :  - Identifying boundary edges
Info    :  - Recovering boundary
Info    :  - Added 1 Steiner point
Info    : Done reconstructing mesh (Wall 0.00304579s, CPU 0.002958s)
Info    : Found volume 113
Info    : It. 0 - 0 nodes created - worst tet radius 0.843346 (nodes removed 0 0)
Info    : 3D refinement terminated (23739 nodes total):
Info    :  - 0 Delaunay cavities modified for star shapeness
Info    :  - 0 nodes could not be inserted
Info    :  - 450 tetrahedra created in 1.1625e-05 sec. (38709673 tets/s)
Info    : 0 node relocations
Info    : Tetrahedrizing 28 nodes...
Info    : Done tetrahedrizing 36 nodes (Wall 0.000117375s, CPU 0.000112s)
Info    : Reconstructing mesh...
Info    :  - Creating surface mesh
Info    :  - Identifying boundary edges
Info    :  - Recovering boundary
Info    : Done reconstructing mesh (Wall 0.000332542s, CPU 0.000304s)
Info    : Found volume 114
Info    : It. 0 - 0 nodes created - worst tet radius 0.686719 (nodes removed 0 0)
Info    : 3D refinement terminated (23738 nodes total):
Info    :  - 0 Delaunay cavities modified for star shapeness
Info    :  - 0 nodes could not be inserted
Info    :  - 48 tetrahedra created in 6.50017e-06 sec. (7384426 tets/s)
Info    : 0 node relocations
Info    : Tetrahedrizing 172 nodes...
Info    : Done tetrahedrizing 180 nodes (Wall 0.000852625s, CPU 0.000847s)
Info    : Reconstructing mesh...
Info    :  - Creating surface mesh
Info    :  - Identifying boundary edges
Info    :  - Recovering boundary
Info    : Done reconstructing mesh (Wall 0.00182667s, CPU 0.001801s)
Info    : Found volume 115
Info    : It. 0 - 0 nodes created - worst tet radius 0.805652 (nodes removed 0 0)
Info    : 3D refinement terminated (23738 nodes total):
Info    :  - 0 Delaunay cavities modified for star shapeness
Info    :  - 0 nodes could not be inserted
Info    :  - 439 tetrahedra created in 1.02089e-05 sec. (43001588 tets/s)
Info    : 0 node relocations
Info    : Tetrahedrizing 172 nodes...
Info    : Done tetrahedrizing 180 nodes (Wall 0.000870625s, CPU 0.00087s)
Info    : Reconstructing mesh...
Info    :  - Creating surface mesh
Info    :  - Identifying boundary edges
Info    :  - Recovering boundary
Info    :  - Added 2 Steiner points
Info    : Done reconstructing mesh (Wall 0.00349025s, CPU 0.003434s)
Info    : Found volume 116
Info    : It. 0 - 0 nodes created - worst tet radius 1.1471 (nodes removed 0 0)
Info    : 3D refinement terminated (23745 nodes total):
Info    :  - 0 Delaunay cavities modified for star shapeness
Info    :  - 0 nodes could not be inserted
Info    :  - 481 tetrahedra created in 0.000126 sec. (3817459 tets/s)
Info    : 0 node relocations
Info    : Tetrahedrizing 46 nodes...
Info    : Done tetrahedrizing 54 nodes (Wall 0.000191041s, CPU 0.000191s)
Info    : Reconstructing mesh...
Info    :  - Creating surface mesh
Info    :  - Identifying boundary edges
Info    :  - Recovering boundary
Info    : Done reconstructing mesh (Wall 0.000503958s, CPU 0.000487s)
Info    : Found volume 117
Info    : It. 0 - 0 nodes created - worst tet radius 0.662723 (nodes removed 0 0)
Info    : 3D refinement terminated (23738 nodes total):
Info    :  - 0 Delaunay cavities modified for star shapeness
Info    :  - 0 nodes could not be inserted
Info    :  - 84 tetrahedra created in 9.75002e-06 sec. (8615370 tets/s)
Info    : 0 node relocations
Info    : Tetrahedrizing 172 nodes...
Info    : Done tetrahedrizing 180 nodes (Wall 0.000837417s, CPU 0.000837s)
Info    : Reconstructing mesh...
Info    :  - Creating surface mesh
Info    :  - Identifying boundary edges
Info    :  - Recovering boundary
Info    : Done reconstructing mesh (Wall 0.00182304s, CPU 0.001805s)
Info    : Found volume 118
Info    : It. 0 - 0 nodes created - worst tet radius 0.805652 (nodes removed 0 0)
Info    : 3D refinement terminated (23738 nodes total):
Info    :  - 0 Delaunay cavities modified for star shapeness
Info    :  - 0 nodes could not be inserted
Info    :  - 439 tetrahedra created in 1.0334e-05 sec. (42481314 tets/s)
Info    : 0 node relocations
Info    : Tetrahedrizing 172 nodes...
Info    : Done tetrahedrizing 180 nodes (Wall 0.000882084s, CPU 0.000882s)
Info    : Reconstructing mesh...
Info    :  - Creating surface mesh
Info    :  - Identifying boundary edges
Info    :  - Recovering boundary
Info    : Done reconstructing mesh (Wall 0.00189858s, CPU 0.00188s)
Info    : Found volume 119
Info    : It. 0 - 0 nodes created - worst tet radius 0.805652 (nodes removed 0 0)
Info    : 3D refinement terminated (23738 nodes total):
Info    :  - 0 Delaunay cavities modified for star shapeness
Info    :  - 0 nodes could not be inserted
Info    :  - 439 tetrahedra created in 1.3917e-05 sec. (31544186 tets/s)
Info    : 0 node relocations
Info    : Tetrahedrizing 136 nodes...
Info    : Done tetrahedrizing 144 nodes (Wall 0.000610209s, CPU 0.000609s)
Info    : Reconstructing mesh...
Info    :  - Creating surface mesh
Info    :  - Identifying boundary edges
Info    :  - Recovering boundary
Info    : Done reconstructing mesh (Wall 0.00139454s, CPU 0.001374s)
Info    : Found volume 120
Info    : It. 0 - 0 nodes created - worst tet radius 1.09689 (nodes removed 0 0)
Info    : 3D refinement terminated (23738 nodes total):
Info    :  - 0 Delaunay cavities modified for star shapeness
Info    :  - 5 nodes could not be inserted
Info    :  - 349 tetrahedra created in 4.0625e-05 sec. (8590771 tets/s)
Info    : 0 node relocations
Info    : Tetrahedrizing 148 nodes...
Info    : Done tetrahedrizing 156 nodes (Wall 0.000725666s, CPU 0.000722s)
Info    : Reconstructing mesh...
Info    :  - Creating surface mesh
Info    :  - Identifying boundary edges
Info    :  - Recovering boundary
Info    :  - Added 4 Steiner points
Info    : Done reconstructing mesh (Wall 0.00515604s, CPU 0.005055s)
Info    : Found volume 121
Info    : It. 0 - 0 nodes created - worst tet radius 3.497 (nodes removed 0 0)
Info    : 3D refinement terminated (23742 nodes total):
Info    :  - 0 Delaunay cavities modified for star shapeness
Info    :  - 8 nodes could not be inserted
Info    :  - 386 tetrahedra created in 2.24998e-05 sec. (17155691 tets/s)
Info    : 7 node relocations
Info    : Tetrahedrizing 148 nodes...
Info    : Done tetrahedrizing 156 nodes (Wall 0.000726209s, CPU 0.000723s)
Info    : Reconstructing mesh...
Info    :  - Creating surface mesh
Info    :  - Identifying boundary edges
Info    :  - Recovering boundary
Info    :  - Added 5 Steiner points
Info    : Done reconstructing mesh (Wall 0.00549021s, CPU 0.005418s)
Info    : Found volume 122
Info    : It. 0 - 0 nodes created - worst tet radius 3.41405 (nodes removed 0 0)
Info    : 3D refinement terminated (23743 nodes total):
Info    :  - 0 Delaunay cavities modified for star shapeness
Info    :  - 10 nodes could not be inserted
Info    :  - 391 tetrahedra created in 2.2416e-05 sec. (17442895 tets/s)
Info    : 8 node relocations
Info    : Tetrahedrizing 149 nodes...
Info    : Done tetrahedrizing 157 nodes (Wall 0.000782417s, CPU 0.000776s)
Info    : Reconstructing mesh...
Info    :  - Creating surface mesh
Info    :  - Identifying boundary edges
Info    :  - Recovering boundary
Info    :  - Added 3 Steiner points
Info    : Done reconstructing mesh (Wall 0.00405858s, CPU 0.003985s)
Info    : Found volume 123
Info    : It. 0 - 0 nodes created - worst tet radius 1.01477 (nodes removed 0 0)
Info    : 3D refinement terminated (23741 nodes total):
Info    :  - 0 Delaunay cavities modified for star shapeness
Info    :  - 4 nodes could not be inserted
Info    :  - 384 tetrahedra created in 2.80831e-05 sec. (13673703 tets/s)
Info    : 2 node relocations
Info    : Tetrahedrizing 150 nodes...
Info    : Done tetrahedrizing 158 nodes (Wall 0.000759584s, CPU 0.000755s)
Info    : Reconstructing mesh...
Info    :  - Creating surface mesh
Info    :  - Identifying boundary edges
Info    :  - Recovering boundary
Info    : Done reconstructing mesh (Wall 0.00174213s, CPU 0.001705s)
Info    : Found volume 124
Info    : It. 0 - 0 nodes created - worst tet radius 0.871956 (nodes removed 0 0)
Info    : 3D refinement terminated (23738 nodes total):
Info    :  - 0 Delaunay cavities modified for star shapeness
Info    :  - 0 nodes could not be inserted
Info    :  - 372 tetrahedra created in 1.2625e-05 sec. (29465325 tets/s)
Info    : 0 node relocations
Info    : Tetrahedrizing 150 nodes...
Info    : Done tetrahedrizing 158 nodes (Wall 0.000767416s, CPU 0.000762s)
Info    : Reconstructing mesh...
Info    :  - Creating surface mesh
Info    :  - Identifying boundary edges
Info    :  - Recovering boundary
Info    :  - Added 3 Steiner points
Info    : Done reconstructing mesh (Wall 0.00402525s, CPU 0.003994s)
Info    : Found volume 125
Info    : It. 0 - 0 nodes created - worst tet radius 0.961128 (nodes removed 0 0)
Info    : 3D refinement terminated (23741 nodes total):
Info    :  - 0 Delaunay cavities modified for star shapeness
Info    :  - 0 nodes could not be inserted
Info    :  - 387 tetrahedra created in 1.84169e-05 sec. (21013303 tets/s)
Info    : 0 node relocations
Info    : Tetrahedrizing 149 nodes...
Info    : Done tetrahedrizing 157 nodes (Wall 0.000742625s, CPU 0.00074s)
Info    : Reconstructing mesh...
Info    :  - Creating surface mesh
Info    :  - Identifying boundary edges
Info    :  - Recovering boundary
Info    :  - Added 1 Steiner point
Info    : Done reconstructing mesh (Wall 0.00254637s, CPU 0.002487s)
Info    : Found volume 126
Info    : It. 0 - 0 nodes created - worst tet radius 1.02384 (nodes removed 0 0)
Info    : 3D refinement terminated (23739 nodes total):
Info    :  - 0 Delaunay cavities modified for star shapeness
Info    :  - 2 nodes could not be inserted
Info    :  - 374 tetrahedra created in 1.4625e-05 sec. (25572607 tets/s)
Info    : 2 node relocations
Info    : Tetrahedrizing 149 nodes...
Info    : Done tetrahedrizing 157 nodes (Wall 0.00082425s, CPU 0.000804s)
Info    : Reconstructing mesh...
Info    :  - Creating surface mesh
Info    :  - Identifying boundary edges
Info    :  - Recovering boundary
Info    :  - Added 1 Steiner point
Info    : Done reconstructing mesh (Wall 0.00266496s, CPU 0.002591s)
Info    : Found volume 127
Info    : It. 0 - 0 nodes created - worst tet radius 0.902669 (nodes removed 0 0)
Info    : 3D refinement terminated (23739 nodes total):
Info    :  - 0 Delaunay cavities modified for star shapeness
Info    :  - 0 nodes could not be inserted
Info    :  - 374 tetrahedra created in 1.4375e-05 sec. (26017456 tets/s)
Info    : 0 node relocations
Info    : Tetrahedrizing 149 nodes...
Info    : Done tetrahedrizing 157 nodes (Wall 0.000745125s, CPU 0.000744s)
Info    : Reconstructing mesh...
Info    :  - Creating surface mesh
Info    :  - Identifying boundary edges
Info    :  - Recovering boundary
Info    :  - Added 4 Steiner points
Info    : Done reconstructing mesh (Wall 0.00505542s, CPU 0.004988s)
Info    : Found volume 128
Info    : It. 0 - 0 nodes created - worst tet radius 1.01434 (nodes removed 0 0)
Info    : 3D refinement terminated (23742 nodes total):
Info    :  - 0 Delaunay cavities modified for star shapeness
Info    :  - 2 nodes could not be inserted
Info    :  - 389 tetrahedra created in 1.52078e-05 sec. (25578980 tets/s)
Info    : 2 node relocations
Info    : Tetrahedrizing 149 nodes...
Info    : Done tetrahedrizing 157 nodes (Wall 0.000755917s, CPU 0.000756s)
Info    : Reconstructing mesh...
Info    :  - Creating surface mesh
Info    :  - Identifying boundary edges
Info    :  - Recovering boundary
Info    :  - Added 3 Steiner points
Info    : Done reconstructing mesh (Wall 0.00470883s, CPU 0.004108s)
Info    : Found volume 129
Info    : It. 0 - 0 nodes created - worst tet radius 1.00546 (nodes removed 0 0)
Info    : 3D refinement terminated (23741 nodes total):
Info    :  - 0 Delaunay cavities modified for star shapeness
Info    :  - 4 nodes could not be inserted
Info    :  - 384 tetrahedra created in 1.8083e-05 sec. (21235385 tets/s)
Info    : 2 node relocations
Info    : Tetrahedrizing 149 nodes...
Info    : Done tetrahedrizing 157 nodes (Wall 0.000766333s, CPU 0.000766s)
Info    : Reconstructing mesh...
Info    :  - Creating surface mesh
Info    :  - Identifying boundary edges
Info    :  - Recovering boundary
Info    :  - Added 4 Steiner points
Info    : Done reconstructing mesh (Wall 0.00494625s, CPU 0.004898s)
Info    : Found volume 130
Info    : It. 0 - 0 nodes created - worst tet radius 1.00452 (nodes removed 0 0)
Info    : 3D refinement terminated (23742 nodes total):
Info    :  - 0 Delaunay cavities modified for star shapeness
Info    :  - 2 nodes could not be inserted
Info    :  - 389 tetrahedra created in 3.775e-05 sec. (10304636 tets/s)
Info    : 2 node relocations
Info    : Tetrahedrizing 149 nodes...
Info    : Done tetrahedrizing 157 nodes (Wall 0.000830167s, CPU 0.000829s)
Info    : Reconstructing mesh...
Info    :  - Creating surface mesh
Info    :  - Identifying boundary edges
Info    :  - Recovering boundary
Info    :  - Added 2 Steiner points
Info    : Done reconstructing mesh (Wall 0.00350679s, CPU 0.003437s)
Info    : Found volume 131
Info    : It. 0 - 0 nodes created - worst tet radius 1.03048 (nodes removed 0 0)
Info    : 3D refinement terminated (23740 nodes total):
Info    :  - 0 Delaunay cavities modified for star shapeness
Info    :  - 2 nodes could not be inserted
Info    :  - 379 tetrahedra created in 3.73751e-05 sec. (10140430 tets/s)
Info    : 1 node relocations
Info    : Tetrahedrizing 149 nodes...
Info    : Done tetrahedrizing 157 nodes (Wall 0.000773042s, CPU 0.000762s)
Info    : Reconstructing mesh...
Info    :  - Creating surface mesh
Info    :  - Identifying boundary edges
Info    :  - Recovering boundary
Info    :  - Added 3 Steiner points
Info    : Done reconstructing mesh (Wall 0.00411625s, CPU 0.004002s)
Info    : Found volume 132
Info    : It. 0 - 0 nodes created - worst tet radius 1.04902 (nodes removed 0 0)
Info    : 3D refinement terminated (23741 nodes total):
Info    :  - 0 Delaunay cavities modified for star shapeness
Info    :  - 4 nodes could not be inserted
Info    :  - 384 tetrahedra created in 2.2667e-05 sec. (16940931 tets/s)
Info    : 4 node relocations
Info    : Tetrahedrizing 149 nodes...
Info    : Done tetrahedrizing 157 nodes (Wall 0.000769083s, CPU 0.000768s)
Info    : Reconstructing mesh...
Info    :  - Creating surface mesh
Info    :  - Identifying boundary edges
Info    :  - Recovering boundary
Info    :  - Added 1 Steiner point
Info    : Done reconstructing mesh (Wall 0.00261983s, CPU 0.002563s)
Info    : Found volume 133
Info    : It. 0 - 0 nodes created - worst tet radius 0.946675 (nodes removed 0 0)
Info    : 3D refinement terminated (23739 nodes total):
Info    :  - 0 Delaunay cavities modified for star shapeness
Info    :  - 0 nodes could not be inserted
Info    :  - 374 tetrahedra created in 1.36672e-05 sec. (27364868 tets/s)
Info    : 0 node relocations
Info    : Tetrahedrizing 148 nodes...
Info    : Done tetrahedrizing 156 nodes (Wall 0.000737667s, CPU 0.000737s)
Info    : Reconstructing mesh...
Info    :  - Creating surface mesh
Info    :  - Identifying boundary edges
Info    :  - Recovering boundary
Info    :  - Added 2 Steiner points
Info    : Done reconstructing mesh (Wall 0.00365308s, CPU 0.003571s)
Info    : Found volume 134
Info    : It. 0 - 0 nodes created - worst tet radius 0.981431 (nodes removed 0 0)
Info    : 3D refinement terminated (23740 nodes total):
Info    :  - 0 Delaunay cavities modified for star shapeness
Info    :  - 0 nodes could not be inserted
Info    :  - 376 tetrahedra created in 2.76251e-05 sec. (13610799 tets/s)
Info    : 0 node relocations
Info    : Tetrahedrizing 648 nodes...
Info    : Done tetrahedrizing 656 nodes (Wall 0.00410104s, CPU 0.004048s)
Info    : Reconstructing mesh...
Info    :  - Creating surface mesh
Info    :  - Identifying boundary edges
Info    :  - Recovering boundary
Info    :  - Added 16 Steiner points
Info    : Done reconstructing mesh (Wall 0.021955s, CPU 0.021588s)
Info    : Found volume 135
Info    : It. 0 - 0 nodes created - worst tet radius 4.2679 (nodes removed 0 0)
Info    : 3D refinement terminated (23754 nodes total):
Info    :  - 0 Delaunay cavities modified for star shapeness
Info    :  - 32 nodes could not be inserted
Info    :  - 1814 tetrahedra created in 6.56249e-05 sec. (27641927 tets/s)
Info    : 24 node relocations
Info    : Tetrahedrizing 172 nodes...
Info    : Done tetrahedrizing 180 nodes (Wall 0.000941459s, CPU 0.000929s)
Info    : Reconstructing mesh...
Info    :  - Creating surface mesh
Info    :  - Identifying boundary edges
Info    :  - Recovering boundary
Info    :  - Added 2 Steiner points
Info    : Done reconstructing mesh (Wall 0.00356608s, CPU 0.003523s)
Info    : Found volume 136
Info    : It. 0 - 0 nodes created - worst tet radius 0.852829 (nodes removed 0 0)
Info    : 3D refinement terminated (23740 nodes total):
Info    :  - 0 Delaunay cavities modified for star shapeness
Info    :  - 0 nodes could not be inserted
Info    :  - 455 tetrahedra created in 3.85002e-05 sec. (11818127 tets/s)
Info    : 0 node relocations
Info    : Tetrahedrizing 172 nodes...
Info    : Done tetrahedrizing 180 nodes (Wall 0.000969084s, CPU 0.00096s)
Info    : Reconstructing mesh...
Info    :  - Creating surface mesh
Info    :  - Identifying boundary edges
Info    :  - Recovering boundary
Info    : Done reconstructing mesh (Wall 0.00208912s, CPU 0.002034s)
Info    : Found volume 137
Info    : It. 0 - 0 nodes created - worst tet radius 0.741204 (nodes removed 0 0)
Info    : 3D refinement terminated (23738 nodes total):
Info    :  - 0 Delaunay cavities modified for star shapeness
Info    :  - 0 nodes could not be inserted
Info    :  - 445 tetrahedra created in 4.45831e-05 sec. (9981358 tets/s)
Info    : 0 node relocations
Info    : Tetrahedrizing 172 nodes...
Info    : Done tetrahedrizing 180 nodes (Wall 0.000953791s, CPU 0.000931s)
Info    : Reconstructing mesh...
Info    :  - Creating surface mesh
Info    :  - Identifying boundary edges
Info    :  - Recovering boundary
Info    : Done reconstructing mesh (Wall 0.00201475s, CPU 0.00194s)
Info    : Found volume 138
Info    : It. 0 - 0 nodes created - worst tet radius 0.705425 (nodes removed 0 0)
Info    : 3D refinement terminated (23738 nodes total):
Info    :  - 0 Delaunay cavities modified for star shapeness
Info    :  - 0 nodes could not be inserted
Info    :  - 453 tetrahedra created in 4.3083e-05 sec. (10514592 tets/s)
Info    : 0 node relocations
Info    : Tetrahedrizing 172 nodes...
Info    : Done tetrahedrizing 180 nodes (Wall 0.000936708s, CPU 0.000934s)
Info    : Reconstructing mesh...
Info    :  - Creating surface mesh
Info    :  - Identifying boundary edges
Info    :  - Recovering boundary
Info    :  - Added 1 Steiner point
Info    : Done reconstructing mesh (Wall 0.00296958s, CPU 0.002917s)
Info    : Found volume 139
Info    : It. 0 - 0 nodes created - worst tet radius 0.888824 (nodes removed 0 0)
Info    : 3D refinement terminated (23739 nodes total):
Info    :  - 0 Delaunay cavities modified for star shapeness
Info    :  - 0 nodes could not be inserted
Info    :  - 450 tetrahedra created in 3.35411e-05 sec. (13416368 tets/s)
Info    : 0 node relocations
Info    : Tetrahedrizing 172 nodes...
Info    : Done tetrahedrizing 180 nodes (Wall 0.000995709s, CPU 0.000981s)
Info    : Reconstructing mesh...
Info    :  - Creating surface mesh
Info    :  - Identifying boundary edges
Info    :  - Recovering boundary
Info    : Done reconstructing mesh (Wall 0.00210033s, CPU 0.002009s)
Info    : Found volume 140
Info    : It. 0 - 0 nodes created - worst tet radius 0.741204 (nodes removed 0 0)
Info    : 3D refinement terminated (23738 nodes total):
Info    :  - 0 Delaunay cavities modified for star shapeness
Info    :  - 0 nodes could not be inserted
Info    :  - 445 tetrahedra created in 1.11251e-05 sec. (39999590 tets/s)
Info    : 0 node relocations
Info    : Tetrahedrizing 172 nodes...
Info    : Done tetrahedrizing 180 nodes (Wall 0.000879292s, CPU 0.000879s)
Info    : Reconstructing mesh...
Info    :  - Creating surface mesh
Info    :  - Identifying boundary edges
Info    :  - Recovering boundary
Info    :  - Added 3 Steiner points
Info    : Done reconstructing mesh (Wall 0.00433138s, CPU 0.004279s)
Info    : Found volume 141
Info    : It. 0 - 0 nodes created - worst tet radius 0.846738 (nodes removed 0 0)
Info    : 3D refinement terminated (23741 nodes total):
Info    :  - 0 Delaunay cavities modified for star shapeness
Info    :  - 0 nodes could not be inserted
Info    :  - 460 tetrahedra created in 1.42499e-05 sec. (32280851 tets/s)
Info    : 0 node relocations
Info    : Tetrahedrizing 172 nodes...
Info    : Done tetrahedrizing 180 nodes (Wall 0.00087525s, CPU 0.000875s)
Info    : Reconstructing mesh...
Info    :  - Creating surface mesh
Info    :  - Identifying boundary edges
Info    :  - Recovering boundary
Info    : Done reconstructing mesh (Wall 0.00187842s, CPU 0.001854s)
Info    : Found volume 142
Info    : It. 0 - 0 nodes created - worst tet radius 0.741204 (nodes removed 0 0)
Info    : 3D refinement terminated (23738 nodes total):
Info    :  - 0 Delaunay cavities modified for star shapeness
Info    :  - 0 nodes could not be inserted
Info    :  - 445 tetrahedra created in 8.8329e-06 sec. (50379852 tets/s)
Info    : 0 node relocations
Info    : Tetrahedrizing 172 nodes...
Info    : Done tetrahedrizing 180 nodes (Wall 0.000960292s, CPU 0.000959s)
Info    : Reconstructing mesh...
Info    :  - Creating surface mesh
Info    :  - Identifying boundary edges
Info    :  - Recovering boundary
Info    :  - Added 1 Steiner point
Info    : Done reconstructing mesh (Wall 0.00274658s, CPU 0.002724s)
Info    : Found volume 143
Info    : It. 0 - 0 nodes created - worst tet radius 0.852336 (nodes removed 0 0)
Info    : 3D refinement terminated (23739 nodes total):
Info    :  - 0 Delaunay cavities modified for star shapeness
Info    :  - 0 nodes could not be inserted
Info    :  - 450 tetrahedra created in 3.14999e-05 sec. (14285763 tets/s)
Info    : 0 node relocations
Info    : Tetrahedrizing 172 nodes...
Info    : Done tetrahedrizing 180 nodes (Wall 0.00101479s, CPU 0.000993s)
Info    : Reconstructing mesh...
Info    :  - Creating surface mesh
Info    :  - Identifying boundary edges
Info    :  - Recovering boundary
Info    :  - Added 1 Steiner point
Info    : Done reconstructing mesh (Wall 0.00283858s, CPU 0.002773s)
Info    : Found volume 144
Info    : It. 0 - 0 nodes created - worst tet radius 0.807333 (nodes removed 0 0)
Info    : 3D refinement terminated (23739 nodes total):
Info    :  - 0 Delaunay cavities modified for star shapeness
Info    :  - 0 nodes could not be inserted
Info    :  - 450 tetrahedra created in 1.28751e-05 sec. (34951269 tets/s)
Info    : 0 node relocations
Info    : Tetrahedrizing 172 nodes...
Info    : Done tetrahedrizing 180 nodes (Wall 0.000952541s, CPU 0.000938s)
Info    : Reconstructing mesh...
Info    :  - Creating surface mesh
Info    :  - Identifying boundary edges
Info    :  - Recovering boundary
Info    : Done reconstructing mesh (Wall 0.00201471s, CPU 0.001947s)
Info    : Found volume 145
Info    : It. 0 - 0 nodes created - worst tet radius 0.741204 (nodes removed 0 0)
Info    : 3D refinement terminated (23738 nodes total):
Info    :  - 0 Delaunay cavities modified for star shapeness
Info    :  - 0 nodes could not be inserted
Info    :  - 445 tetrahedra created in 1.52919e-05 sec. (29100466 tets/s)
Info    : 0 node relocations
Info    : Tetrahedrizing 172 nodes...
Info    : Done tetrahedrizing 180 nodes (Wall 0.000880708s, CPU 0.00087s)
Info    : Reconstructing mesh...
Info    :  - Creating surface mesh
Info    :  - Identifying boundary edges
Info    :  - Recovering boundary
Info    : Done reconstructing mesh (Wall 0.00185271s, CPU 0.001816s)
Info    : Found volume 146
Info    : It. 0 - 0 nodes created - worst tet radius 0.741204 (nodes removed 0 0)
Info    : 3D refinement terminated (23738 nodes total):
Info    :  - 0 Delaunay cavities modified for star shapeness
Info    :  - 0 nodes could not be inserted
Info    :  - 445 tetrahedra created in 2.0667e-05 sec. (21531932 tets/s)
Info    : 0 node relocations
Info    : Tetrahedrizing 172 nodes...
Info    : Done tetrahedrizing 180 nodes (Wall 0.000921125s, CPU 0.000921s)
Info    : Reconstructing mesh...
Info    :  - Creating surface mesh
Info    :  - Identifying boundary edges
Info    :  - Recovering boundary
Info    :  - Added 4 Steiner points
Info    : Done reconstructing mesh (Wall 0.00567613s, CPU 0.005557s)
Info    : Found volume 147
Info    : It. 0 - 0 nodes created - worst tet radius 0.977692 (nodes removed 0 0)
Info    : 3D refinement terminated (23742 nodes total):
Info    :  - 0 Delaunay cavities modified for star shapeness
Info    :  - 0 nodes could not be inserted
Info    :  - 465 tetrahedra created in 1.8459e-05 sec. (25190900 tets/s)
Info    : 0 node relocations
Info    : Tetrahedrizing 166 nodes...
Info    : Done tetrahedrizing 174 nodes (Wall 0.00076025s, CPU 0.00076s)
Info    : Reconstructing mesh...
Info    :  - Creating surface mesh
Info    :  - Identifying boundary edges
Info    :  - Recovering boundary
Info    :  - Added 2 Steiner points
Info    : Done reconstructing mesh (Wall 0.00326779s, CPU 0.003245s)
Info    : Found volume 148
Info    : It. 0 - 0 nodes created - worst tet radius 3.41775 (nodes removed 0 0)
Info    : 3D refinement terminated (23740 nodes total):
Info    :  - 0 Delaunay cavities modified for star shapeness
Info    :  - 4 nodes could not be inserted
Info    :  - 412 tetrahedra created in 4.76248e-05 sec. (8650953 tets/s)
Info    : 3 node relocations
Info    : Tetrahedrizing 148 nodes...
Info    : Done tetrahedrizing 156 nodes (Wall 0.000806125s, CPU 0.000794s)
Info    : Reconstructing mesh...
Info    :  - Creating surface mesh
Info    :  - Identifying boundary edges
Info    :  - Recovering boundary
Info    :  - Added 3 Steiner points
Info    : Done reconstructing mesh (Wall 0.00485733s, CPU 0.004569s)
Info    : Found volume 149
Info    : It. 0 - 0 nodes created - worst tet radius 3.96613 (nodes removed 0 0)
Info    : 3D refinement terminated (23741 nodes total):
Info    :  - 0 Delaunay cavities modified for star shapeness
Info    :  - 6 nodes could not be inserted
Info    :  - 381 tetrahedra created in 1.91671e-05 sec. (19877827 tets/s)
Info    : 5 node relocations
Info    : Tetrahedrizing 148 nodes...
Info    : Done tetrahedrizing 156 nodes (Wall 0.000708666s, CPU 0.000708s)
Info    : Reconstructing mesh...
Info    :  - Creating surface mesh
Info    :  - Identifying boundary edges
Info    :  - Recovering boundary
Info    :  - Added 2 Steiner points
Info    : Done reconstructing mesh (Wall 0.00335733s, CPU 0.003269s)
Info    : Found volume 150
Info    : It. 0 - 0 nodes created - worst tet radius 3.63817 (nodes removed 0 0)
Info    : 3D refinement terminated (23740 nodes total):
Info    :  - 0 Delaunay cavities modified for star shapeness
Info    :  - 4 nodes could not be inserted
Info    :  - 376 tetrahedra created in 2.5375e-05 sec. (14817706 tets/s)
Info    : 4 node relocations
Info    : Tetrahedrizing 102 nodes...
Info    : Done tetrahedrizing 110 nodes (Wall 0.0004335s, CPU 0.000433s)
Info    : Reconstructing mesh...
Info    :  - Creating surface mesh
Info    :  - Identifying boundary edges
Info    :  - Recovering boundary
Info    : Done reconstructing mesh (Wall 0.00101313s, CPU 0.000995s)
Info    : Found volume 151
Info    : It. 0 - 0 nodes created - worst tet radius 0.771531 (nodes removed 0 0)
Info    : 3D refinement terminated (23738 nodes total):
Info    :  - 0 Delaunay cavities modified for star shapeness
Info    :  - 0 nodes could not be inserted
Info    :  - 247 tetrahedra created in 2.84999e-05 sec. (8666706 tets/s)
Info    : 0 node relocations
Info    : Tetrahedrizing 148 nodes...
Info    : Done tetrahedrizing 156 nodes (Wall 0.0007685s, CPU 0.000767s)
Info    : Reconstructing mesh...
Info    :  - Creating surface mesh
Info    :  - Identifying boundary edges
Info    :  - Recovering boundary
Info    : Done reconstructing mesh (Wall 0.00162942s, CPU 0.001578s)
Info    : Found volume 152
Info    : It. 0 - 0 nodes created - worst tet radius 1.87081 (nodes removed 0 0)
Info    : 3D refinement terminated (23738 nodes total):
Info    :  - 0 Delaunay cavities modified for star shapeness
Info    :  - 62 nodes could not be inserted
Info    :  - 397 tetrahedra created in 8.24169e-05 sec. (4816971 tets/s)
Info    : 0 node relocations
Info    : Tetrahedrizing 148 nodes...
Info    : Done tetrahedrizing 156 nodes (Wall 0.000701083s, CPU 0.000701s)
Info    : Reconstructing mesh...
Info    :  - Creating surface mesh
Info    :  - Identifying boundary edges
Info    :  - Recovering boundary
Info    :  - Added 2 Steiner points
Info    : Done reconstructing mesh (Wall 0.00344683s, CPU 0.003425s)
Info    : Found volume 153
Info    : It. 0 - 0 nodes created - worst tet radius 4.13015 (nodes removed 0 0)
Info    : 3D refinement terminated (23740 nodes total):
Info    :  - 0 Delaunay cavities modified for star shapeness
Info    :  - 4 nodes could not be inserted
Info    :  - 376 tetrahedra created in 4.28341e-05 sec. (8778055 tets/s)
Info    : 3 node relocations
Info    : Tetrahedrizing 248 nodes...
Info    : Done tetrahedrizing 256 nodes (Wall 0.00138104s, CPU 0.001358s)
Info    : Reconstructing mesh...
Info    :  - Creating surface mesh
Info    :  - Identifying boundary edges
Info    :  - Recovering boundary
Info    :  - Added 4 Steiner points
Info    : Done reconstructing mesh (Wall 0.00612433s, CPU 0.006007s)
Info    : Found volume 154
Info    : It. 0 - 0 nodes created - worst tet radius 4.13618 (nodes removed 0 0)
Info    : 3D refinement terminated (23742 nodes total):
Info    :  - 0 Delaunay cavities modified for star shapeness
Info    :  - 8 nodes could not be inserted
Info    :  - 644 tetrahedra created in 4.61668e-05 sec. (13949410 tets/s)
Info    : 7 node relocations
Info    : Tetrahedrizing 148 nodes...
Info    : Done tetrahedrizing 156 nodes (Wall 0.000808333s, CPU 0.000791s)
Info    : Reconstructing mesh...
Info    :  - Creating surface mesh
Info    :  - Identifying boundary edges
Info    :  - Recovering boundary
Info    :  - Added 4 Steiner points
Info    : Done reconstructing mesh (Wall 0.00516954s, CPU 0.005013s)
Info    : Found volume 155
Info    : It. 0 - 0 nodes created - worst tet radius 3.97979 (nodes removed 0 0)
Info    : 3D refinement terminated (23742 nodes total):
Info    :  - 0 Delaunay cavities modified for star shapeness
Info    :  - 8 nodes could not be inserted
Info    :  - 386 tetrahedra created in 2.225e-05 sec. (17348318 tets/s)
Info    : 6 node relocations
Info    : Tetrahedrizing 148 nodes...
Info    : Done tetrahedrizing 156 nodes (Wall 0.000695792s, CPU 0.000696s)
Info    : Reconstructing mesh...
Info    :  - Creating surface mesh
Info    :  - Identifying boundary edges
Info    :  - Recovering boundary
Info    : Done reconstructing mesh (Wall 0.00151433s, CPU 0.001497s)
Info    : Found volume 156
Info    : It. 0 - 0 nodes created - worst tet radius 1.87081 (nodes removed 0 0)
Info    : 3D refinement terminated (23738 nodes total):
Info    :  - 0 Delaunay cavities modified for star shapeness
Info    :  - 62 nodes could not be inserted
Info    :  - 397 tetrahedra created in 9.69169e-05 sec. (4096291 tets/s)
Info    : 0 node relocations
Info    : Tetrahedrizing 150 nodes...
Info    : Done tetrahedrizing 158 nodes (Wall 0.000751042s, CPU 0.000744s)
Info    : Reconstructing mesh...
Info    :  - Creating surface mesh
Info    :  - Identifying boundary edges
Info    :  - Recovering boundary
Info    :  - Added 4 Steiner points
Info    : Done reconstructing mesh (Wall 0.00464904s, CPU 0.0046s)
Info    : Found volume 157
Info    : It. 0 - 0 nodes created - worst tet radius 0.9816 (nodes removed 0 0)
Info    : 3D refinement terminated (23742 nodes total):
Info    :  - 0 Delaunay cavities modified for star shapeness
Info    :  - 0 nodes could not be inserted
Info    :  - 392 tetrahedra created in 1.45e-05 sec. (27034493 tets/s)
Info    : 0 node relocations
Info    : Tetrahedrizing 148 nodes...
Info    : Done tetrahedrizing 156 nodes (Wall 0.00073075s, CPU 0.000719s)
Info    : Reconstructing mesh...
Info    :  - Creating surface mesh
Info    :  - Identifying boundary edges
Info    :  - Recovering boundary
Info    :  - Added 1 Steiner point
Info    : Done reconstructing mesh (Wall 0.00241433s, CPU 0.00235s)
Info    : Found volume 158
Info    : It. 0 - 0 nodes created - worst tet radius 0.993466 (nodes removed 0 0)
Info    : 3D refinement terminated (23739 nodes total):
Info    :  - 0 Delaunay cavities modified for star shapeness
Info    :  - 0 nodes could not be inserted
Info    :  - 371 tetrahedra created in 2.16661e-05 sec. (17123559 tets/s)
Info    : 0 node relocations
Info    : Tetrahedrizing 150 nodes...
Info    : Done tetrahedrizing 158 nodes (Wall 0.000695875s, CPU 0.000694s)
Info    : Reconstructing mesh...
Info    :  - Creating surface mesh
Info    :  - Identifying boundary edges
Info    :  - Recovering boundary
Info    :  - Added 5 Steiner points
Info    : Done reconstructing mesh (Wall 0.00560304s, CPU 0.005578s)
Info    : Found volume 159
Info    : It. 0 - 0 nodes created - worst tet radius 1.00546 (nodes removed 0 0)
Info    : 3D refinement terminated (23743 nodes total):
Info    :  - 0 Delaunay cavities modified for star shapeness
Info    :  - 3 nodes could not be inserted
Info    :  - 397 tetrahedra created in 3.27921e-05 sec. (12106574 tets/s)
Info    : 3 node relocations
Info    : Tetrahedrizing 150 nodes...
Info    : Done tetrahedrizing 158 nodes (Wall 0.000709625s, CPU 0.000703s)
Info    : Reconstructing mesh...
Info    :  - Creating surface mesh
Info    :  - Identifying boundary edges
Info    :  - Recovering boundary
Info    :  - Added 2 Steiner points
Info    : Done reconstructing mesh (Wall 0.00315367s, CPU 0.00312s)
Info    : Found volume 160
Info    : It. 0 - 0 nodes created - worst tet radius 0.901696 (nodes removed 0 0)
Info    : 3D refinement terminated (23740 nodes total):
Info    :  - 0 Delaunay cavities modified for star shapeness
Info    :  - 0 nodes could not be inserted
Info    :  - 382 tetrahedra created in 3.32501e-05 sec. (11488694 tets/s)
Info    : 0 node relocations
Info    : Tetrahedrizing 150 nodes...
Info    : Done tetrahedrizing 158 nodes (Wall 0.000764667s, CPU 0.000759s)
Info    : Reconstructing mesh...
Info    :  - Creating surface mesh
Info    :  - Identifying boundary edges
Info    :  - Recovering boundary
Info    :  - Added 3 Steiner points
Info    : Done reconstructing mesh (Wall 0.00424429s, CPU 0.004184s)
Info    : Found volume 161
Info    : It. 0 - 0 nodes created - worst tet radius 1.03048 (nodes removed 0 0)
Info    : 3D refinement terminated (23741 nodes total):
Info    :  - 0 Delaunay cavities modified for star shapeness
Info    :  - 2 nodes could not be inserted
Info    :  - 387 tetrahedra created in 3.97079e-05 sec. (9746178 tets/s)
Info    : 2 node relocations
Info    : Tetrahedrizing 149 nodes...
Info    : Done tetrahedrizing 157 nodes (Wall 0.000747416s, CPU 0.000747s)
Info    : Reconstructing mesh...
Info    :  - Creating surface mesh
Info    :  - Identifying boundary edges
Info    :  - Recovering boundary
Info    :  - Added 3 Steiner points
Info    : Done reconstructing mesh (Wall 0.00422746s, CPU 0.004183s)
Info    : Found volume 162
Info    : It. 0 - 0 nodes created - worst tet radius 1.03048 (nodes removed 0 0)
Info    : 3D refinement terminated (23741 nodes total):
Info    :  - 0 Delaunay cavities modified for star shapeness
Info    :  - 2 nodes could not be inserted
Info    :  - 384 tetrahedra created in 4.0334e-05 sec. (9520515 tets/s)
Info    : 1 node relocations
Info    : Tetrahedrizing 150 nodes...
Info    : Done tetrahedrizing 158 nodes (Wall 0.000728375s, CPU 0.000728s)
Info    : Reconstructing mesh...
Info    :  - Creating surface mesh
Info    :  - Identifying boundary edges
Info    :  - Recovering boundary
Info    :  - Added 1 Steiner point
Info    : Done reconstructing mesh (Wall 0.00247762s, CPU 0.002429s)
Info    : Found volume 163
Info    : It. 0 - 0 nodes created - worst tet radius 0.871956 (nodes removed 0 0)
Info    : 3D refinement terminated (23739 nodes total):
Info    :  - 0 Delaunay cavities modified for star shapeness
Info    :  - 0 nodes could not be inserted
Info    :  - 377 tetrahedra created in 1.07079e-05 sec. (35207711 tets/s)
Info    : 0 node relocations
Info    : Tetrahedrizing 149 nodes...
Info    : Done tetrahedrizing 157 nodes (Wall 0.000796833s, CPU 0.000768s)
Info    : Reconstructing mesh...
Info    :  - Creating surface mesh
Info    :  - Identifying boundary edges
Info    :  - Recovering boundary
Info    : Done reconstructing mesh (Wall 0.00177796s, CPU 0.0017s)
Info    : Found volume 164
Info    : It. 0 - 0 nodes created - worst tet radius 0.854137 (nodes removed 0 0)
Info    : 3D refinement terminated (23738 nodes total):
Info    :  - 0 Delaunay cavities modified for star shapeness
Info    :  - 0 nodes could not be inserted
Info    :  - 369 tetrahedra created in 1.47081e-05 sec. (25088140 tets/s)
Info    : 0 node relocations
Info    : Tetrahedrizing 148 nodes...
Info    : Done tetrahedrizing 156 nodes (Wall 0.000740958s, CPU 0.00074s)
Info    : Reconstructing mesh...
Info    :  - Creating surface mesh
Info    :  - Identifying boundary edges
Info    :  - Recovering boundary
Info    :  - Added 2 Steiner points
Info    : Done reconstructing mesh (Wall 0.00323025s, CPU 0.003204s)
Info    : Found volume 165
Info    : It. 0 - 0 nodes created - worst tet radius 1.00843 (nodes removed 0 0)
Info    : 3D refinement terminated (23740 nodes total):
Info    :  - 0 Delaunay cavities modified for star shapeness
Info    :  - 3 nodes could not be inserted
Info    :  - 376 tetrahedra created in 2.19592e-05 sec. (17122672 tets/s)
Info    : 2 node relocations
Info    : Tetrahedrizing 150 nodes...
Info    : Done tetrahedrizing 158 nodes (Wall 0.000725541s, CPU 0.000725s)
Info    : Reconstructing mesh...
Info    :  - Creating surface mesh
Info    :  - Identifying boundary edges
Info    :  - Recovering boundary
Info    : Done reconstructing mesh (Wall 0.00165129s, CPU 0.001624s)
Info    : Found volume 166
Info    : It. 0 - 0 nodes created - worst tet radius 0.871956 (nodes removed 0 0)
Info    : 3D refinement terminated (23738 nodes total):
Info    :  - 0 Delaunay cavities modified for star shapeness
Info    :  - 0 nodes could not be inserted
Info    :  - 372 tetrahedra created in 1.97079e-05 sec. (18875631 tets/s)
Info    : 0 node relocations
Info    : Tetrahedrizing 149 nodes...
Info    : Done tetrahedrizing 157 nodes (Wall 0.000722125s, CPU 0.000722s)
Info    : Reconstructing mesh...
Info    :  - Creating surface mesh
Info    :  - Identifying boundary edges
Info    :  - Recovering boundary
Info    :  - Added 4 Steiner points
Info    : Done reconstructing mesh (Wall 0.00484138s, CPU 0.004774s)
Info    : Found volume 167
Info    : It. 0 - 0 nodes created - worst tet radius 1.04902 (nodes removed 0 0)
Info    : 3D refinement terminated (23742 nodes total):
Info    :  - 0 Delaunay cavities modified for star shapeness
Info    :  - 2 nodes could not be inserted
Info    :  - 389 tetrahedra created in 2.44169e-05 sec. (15931556 tets/s)
Info    : 1 node relocations
Info    : Tetrahedrizing 148 nodes...
Info    : Done tetrahedrizing 156 nodes (Wall 0.000692167s, CPU 0.000692s)
Info    : Reconstructing mesh...
Info    :  - Creating surface mesh
Info    :  - Identifying boundary edges
Info    :  - Recovering boundary
Info    :  - Added 1 Steiner point
Info    : Done reconstructing mesh (Wall 0.00239446s, CPU 0.002374s)
Info    : Found volume 168
Info    : It. 0 - 0 nodes created - worst tet radius 0.984197 (nodes removed 0 0)
Info    : 3D refinement terminated (23739 nodes total):
Info    :  - 0 Delaunay cavities modified for star shapeness
Info    :  - 0 nodes could not be inserted
Info    :  - 371 tetrahedra created in 1.7375e-05 sec. (21352534 tets/s)
Info    : 0 node relocations
Info    : Tetrahedrizing 51 nodes...
Info    : Done tetrahedrizing 59 nodes (Wall 0.000183167s, CPU 0.000183s)
Info    : Reconstructing mesh...
Info    :  - Creating surface mesh
Info    :  - Identifying boundary edges
Info    :  - Recovering boundary
Info    :  - Added 1 Steiner point
Info    : Done reconstructing mesh (Wall 0.00127208s, CPU 0.001249s)
Info    : Found volume 169
Info    : It. 0 - 0 nodes created - worst tet radius 4.10734 (nodes removed 0 0)
Info    : 3D refinement terminated (23739 nodes total):
Info    :  - 0 Delaunay cavities modified for star shapeness
Info    :  - 2 nodes could not be inserted
Info    :  - 103 tetrahedra created in 1.2916e-05 sec. (7974576 tets/s)
Info    : 2 node relocations
Info    : Tetrahedrizing 648 nodes...
Info    : Done tetrahedrizing 656 nodes (Wall 0.00399263s, CPU 0.003944s)
Info    : Reconstructing mesh...
Info    :  - Creating surface mesh
Info    :  - Identifying boundary edges
Info    :  - Recovering boundary
Info    :  - Added 1 Steiner point
Info    : Done reconstructing mesh (Wall 0.00875708s, CPU 0.008522s)
Info    : Found volume 10169
Info    : It. 0 - 0 nodes created - worst tet radius 3.5859 (nodes removed 0 0)
Info    : 3D refinement terminated (23739 nodes total):
Info    :  - 0 Delaunay cavities modified for star shapeness
Info    :  - 409 nodes could not be inserted
Info    :  - 1808 tetrahedra created in 0.00039175 sec. (4615186 tets/s)
Info    : 1 node relocations
Info    : Tetrahedrizing 172 nodes...
Info    : Done tetrahedrizing 180 nodes (Wall 0.000919916s, CPU 0.000901s)
Info    : Reconstructing mesh...
Info    :  - Creating surface mesh
Info    :  - Identifying boundary edges
Info    :  - Recovering boundary
Info    :  - Added 4 Steiner points
Info    : Done reconstructing mesh (Wall 0.00517175s, CPU 0.00512s)
Info    : Found volume 10170
Info    : It. 0 - 0 nodes created - worst tet radius 0.911793 (nodes removed 0 0)
Info    : 3D refinement terminated (23742 nodes total):
Info    :  - 0 Delaunay cavities modified for star shapeness
Info    :  - 0 nodes could not be inserted
Info    :  - 465 tetrahedra created in 2.68749e-05 sec. (17302362 tets/s)
Info    : 0 node relocations
Info    : Tetrahedrizing 172 nodes...
Info    : Done tetrahedrizing 180 nodes (Wall 0.000840208s, CPU 0.000831s)
Info    : Reconstructing mesh...
Info    :  - Creating surface mesh
Info    :  - Identifying boundary edges
Info    :  - Recovering boundary
Info    : Done reconstructing mesh (Wall 0.00186983s, CPU 0.001799s)
Info    : Found volume 10171
Info    : It. 0 - 0 nodes created - worst tet radius 0.741204 (nodes removed 0 0)
Info    : 3D refinement terminated (23738 nodes total):
Info    :  - 0 Delaunay cavities modified for star shapeness
Info    :  - 0 nodes could not be inserted
Info    :  - 445 tetrahedra created in 2.3792e-05 sec. (18703740 tets/s)
Info    : 0 node relocations
Info    : Tetrahedrizing 172 nodes...
Info    : Done tetrahedrizing 180 nodes (Wall 0.000877709s, CPU 0.000862s)
Info    : Reconstructing mesh...
Info    :  - Creating surface mesh
Info    :  - Identifying boundary edges
Info    :  - Recovering boundary
Info    : Done reconstructing mesh (Wall 0.0018635s, CPU 0.001823s)
Info    : Found volume 10172
Info    : It. 0 - 0 nodes created - worst tet radius 0.741204 (nodes removed 0 0)
Info    : 3D refinement terminated (23738 nodes total):
Info    :  - 0 Delaunay cavities modified for star shapeness
Info    :  - 0 nodes could not be inserted
Info    :  - 445 tetrahedra created in 1.4167e-05 sec. (31410923 tets/s)
Info    : 0 node relocations
Info    : Tetrahedrizing 172 nodes...
Info    : Done tetrahedrizing 180 nodes (Wall 0.000840291s, CPU 0.00084s)
Info    : Reconstructing mesh...
Info    :  - Creating surface mesh
Info    :  - Identifying boundary edges
Info    :  - Recovering boundary
Info    : Done reconstructing mesh (Wall 0.00197687s, CPU 0.001915s)
Info    : Found volume 10173
Info    : It. 0 - 0 nodes created - worst tet radius 0.741204 (nodes removed 0 0)
Info    : 3D refinement terminated (23738 nodes total):
Info    :  - 0 Delaunay cavities modified for star shapeness
Info    :  - 0 nodes could not be inserted
Info    :  - 445 tetrahedra created in 4.81668e-05 sec. (9238721 tets/s)
Info    : 0 node relocations
Info    : Tetrahedrizing 172 nodes...
Info    : Done tetrahedrizing 180 nodes (Wall 0.000877792s, CPU 0.000877s)
Info    : Reconstructing mesh...
Info    :  - Creating surface mesh
Info    :  - Identifying boundary edges
Info    :  - Recovering boundary
Info    : Done reconstructing mesh (Wall 0.00195025s, CPU 0.001909s)
Info    : Found volume 10174
Info    : It. 0 - 0 nodes created - worst tet radius 0.741204 (nodes removed 0 0)
Info    : 3D refinement terminated (23738 nodes total):
Info    :  - 0 Delaunay cavities modified for star shapeness
Info    :  - 0 nodes could not be inserted
Info    :  - 445 tetrahedra created in 1.7792e-05 sec. (25011260 tets/s)
Info    : 0 node relocations
Info    : Tetrahedrizing 172 nodes...
Info    : Done tetrahedrizing 180 nodes (Wall 0.000841166s, CPU 0.000841s)
Info    : Reconstructing mesh...
Info    :  - Creating surface mesh
Info    :  - Identifying boundary edges
Info    :  - Recovering boundary
Info    : Done reconstructing mesh (Wall 0.00180867s, CPU 0.001789s)
Info    : Found volume 10175
Info    : It. 0 - 0 nodes created - worst tet radius 0.741204 (nodes removed 0 0)
Info    : 3D refinement terminated (23738 nodes total):
Info    :  - 0 Delaunay cavities modified for star shapeness
Info    :  - 0 nodes could not be inserted
Info    :  - 445 tetrahedra created in 4.84171e-05 sec. (9190961 tets/s)
Info    : 0 node relocations
Info    : Tetrahedrizing 172 nodes...
Info    : Done tetrahedrizing 180 nodes (Wall 0.00102342s, CPU 0.001006s)
Info    : Reconstructing mesh...
Info    :  - Creating surface mesh
Info    :  - Identifying boundary edges
Info    :  - Recovering boundary
Info    :  - Added 3 Steiner points
Info    : Done reconstructing mesh (Wall 0.00467175s, CPU 0.004589s)
Info    : Found volume 10176
Info    : It. 0 - 0 nodes created - worst tet radius 0.841748 (nodes removed 0 0)
Info    : 3D refinement terminated (23741 nodes total):
Info    :  - 0 Delaunay cavities modified for star shapeness
Info    :  - 0 nodes could not be inserted
Info    :  - 460 tetrahedra created in 2.87078e-05 sec. (16023527 tets/s)
Info    : 0 node relocations
Info    : Tetrahedrizing 172 nodes...
Info    : Done tetrahedrizing 180 nodes (Wall 0.00103946s, CPU 0.001004s)
Info    : Reconstructing mesh...
Info    :  - Creating surface mesh
Info    :  - Identifying boundary edges
Info    :  - Recovering boundary
Info    :  - Added 1 Steiner point
Info    : Done reconstructing mesh (Wall 0.00299562s, CPU 0.00291s)
Info    : Found volume 10177
Info    : It. 0 - 0 nodes created - worst tet radius 0.838937 (nodes removed 0 0)
Info    : 3D refinement terminated (23739 nodes total):
Info    :  - 0 Delaunay cavities modified for star shapeness
Info    :  - 0 nodes could not be inserted
Info    :  - 450 tetrahedra created in 2.3833e-05 sec. (18881374 tets/s)
Info    : 0 node relocations
Info    : Tetrahedrizing 172 nodes...
Info    : Done tetrahedrizing 180 nodes (Wall 0.000835542s, CPU 0.000836s)
Info    : Reconstructing mesh...
Info    :  - Creating surface mesh
Info    :  - Identifying boundary edges
Info    :  - Recovering boundary
Info    : Done reconstructing mesh (Wall 0.00188992s, CPU 0.001834s)
Info    : Found volume 10178
Info    : It. 0 - 0 nodes created - worst tet radius 0.741204 (nodes removed 0 0)
Info    : 3D refinement terminated (23738 nodes total):
Info    :  - 0 Delaunay cavities modified for star shapeness
Info    :  - 0 nodes could not be inserted
Info    :  - 445 tetrahedra created in 2.5583e-05 sec. (17394386 tets/s)
Info    : 0 node relocations
Info    : Tetrahedrizing 172 nodes...
Info    : Done tetrahedrizing 180 nodes (Wall 0.000839208s, CPU 0.000838s)
Info    : Reconstructing mesh...
Info    :  - Creating surface mesh
Info    :  - Identifying boundary edges
Info    :  - Recovering boundary
Info    :  - Added 3 Steiner points
Info    : Done reconstructing mesh (Wall 0.00570725s, CPU 0.004861s)
Info    : Found volume 10179
Info    : It. 0 - 0 nodes created - worst tet radius 0.854428 (nodes removed 0 0)
Info    : 3D refinement terminated (23741 nodes total):
Info    :  - 0 Delaunay cavities modified for star shapeness
Info    :  - 0 nodes could not be inserted
Info    :  - 460 tetrahedra created in 1.2584e-05 sec. (36554265 tets/s)
Info    : 0 node relocations
Info    : Tetrahedrizing 172 nodes...
Info    : Done tetrahedrizing 180 nodes (Wall 0.00083825s, CPU 0.000838s)
Info    : Reconstructing mesh...
Info    :  - Creating surface mesh
Info    :  - Identifying boundary edges
Info    :  - Recovering boundary
Info    : Done reconstructing mesh (Wall 0.00181458s, CPU 0.001796s)
Info    : Found volume 10180
Info    : It. 0 - 0 nodes created - worst tet radius 0.741204 (nodes removed 0 0)
Info    : 3D refinement terminated (23738 nodes total):
Info    :  - 0 Delaunay cavities modified for star shapeness
Info    :  - 0 nodes could not be inserted
Info    :  - 445 tetrahedra created in 1.67089e-05 sec. (26632579 tets/s)
Info    : 0 node relocations
Info    : Tetrahedrizing 172 nodes...
Info    : Done tetrahedrizing 180 nodes (Wall 0.000832166s, CPU 0.000831s)
Info    : Reconstructing mesh...
Info    :  - Creating surface mesh
Info    :  - Identifying boundary edges
Info    :  - Recovering boundary
Info    : Done reconstructing mesh (Wall 0.00177954s, CPU 0.001759s)
Info    : Found volume 10181
Info    : It. 0 - 0 nodes created - worst tet radius 0.705433 (nodes removed 0 0)
Info    : 3D refinement terminated (23738 nodes total):
Info    :  - 0 Delaunay cavities modified for star shapeness
Info    :  - 0 nodes could not be inserted
Info    :  - 453 tetrahedra created in 1.0917e-05 sec. (41495055 tets/s)
Info    : 0 node relocations
Info    : Tetrahedrizing 10135 nodes...
Info    : Done tetrahedrizing 10143 nodes (Wall 0.079076s, CPU 0.077137s)
Info    : Reconstructing mesh...
Info    :  - Creating surface mesh
Info    :  - Identifying boundary edges
Info    :  - Recovering boundary
Info    :  (0.0713429,0.13228,0.000683316).
Info    :   Segment: [1222,9752] #-1 (0)
Info    :   Facet:   [6779,745,6780] #100203
Info    : Tetrahedrizing 98 nodes...
Info    : Done tetrahedrizing 106 nodes (Wall 0.0004225s, CPU 0.000417s)
Info    : Tetrahedrizing 98 nodes...
Info    : Done tetrahedrizing 106 nodes (Wall 0.00038575s, CPU 0.000382s)
Info    : Done meshing 3D (Wall 4.32352s, CPU 4.19055s)
Info    : Optimizing mesh...
Info    : Optimizing volume 100
Info    : Optimization starts (volume = 1.2985e-09) with worst = 0.0177852 / average = 0.220431:
Info    : 0.00 < quality < 0.10 :         8 elements
Info    : 0.10 < quality < 0.20 :        28 elements
Info    : 0.20 < quality < 0.30 :       248 elements
Info    : 0.30 < quality < 0.40 :         0 elements
Info    : 0.40 < quality < 0.50 :         0 elements
Info    : 0.50 < quality < 0.60 :         0 elements
Info    : 0.60 < quality < 0.70 :         0 elements
Info    : 0.70 < quality < 0.80 :         0 elements
Info    : 0.80 < quality < 0.90 :         0 elements
Info    : 0.90 < quality < 1.00 :         0 elements
Info    : 34 edge swaps, 7 node relocations (volume = 1.2985e-09): worst = 0.0177852 / average = 0.220463 (Wall 0.00120813s, CPU 0.001176s)
Info    : 41 edge swaps, 10 node relocations (volume = 1.2985e-09): worst = 0.0177852 / average = 0.220465 (Wall 0.00253083s, CPU 0.002482s)
Info    : No ill-shaped tets in the mesh :-)
Info    : 0.00 < quality < 0.10 :         8 elements
Info    : 0.10 < quality < 0.20 :        24 elements
Info    : 0.20 < quality < 0.30 :       225 elements
Info    : 0.30 < quality < 0.40 :         0 elements
Info    : 0.40 < quality < 0.50 :         0 elements
Info    : 0.50 < quality < 0.60 :         0 elements
Info    : 0.60 < quality < 0.70 :         0 elements
Info    : 0.70 < quality < 0.80 :         0 elements
Info    : 0.80 < quality < 0.90 :         0 elements
Info    : 0.90 < quality < 1.00 :         0 elements
Info    : Optimizing volume 101
Info    : Optimization starts (volume = 1.2985e-09) with worst = 0.190419 / average = 0.228794:
Info    : 0.00 < quality < 0.10 :         0 elements
Info    : 0.10 < quality < 0.20 :        12 elements
Info    : 0.20 < quality < 0.30 :       252 elements
Info    : 0.30 < quality < 0.40 :         0 elements
Info    : 0.40 < quality < 0.50 :         0 elements
Info    : 0.50 < quality < 0.60 :         0 elements
Info    : 0.60 < quality < 0.70 :         0 elements
Info    : 0.70 < quality < 0.80 :         0 elements
Info    : 0.80 < quality < 0.90 :         0 elements
Info    : 0.90 < quality < 1.00 :         0 elements
Info    : 33 edge swaps, 0 node relocations (volume = 1.2985e-09): worst = 0.190419 / average = 0.22885 (Wall 0.00114208s, CPU 0.001113s)
Info    : 35 edge swaps, 0 node relocations (volume = 1.2985e-09): worst = 0.190419 / average = 0.228846 (Wall 0.00236233s, CPU 0.002325s)
Info    : No ill-shaped tets in the mesh :-)
Info    : 0.00 < quality < 0.10 :         0 elements
Info    : 0.10 < quality < 0.20 :        12 elements
Info    : 0.20 < quality < 0.30 :       244 elements
Info    : 0.30 < quality < 0.40 :         0 elements
Info    : 0.40 < quality < 0.50 :         0 elements
Info    : 0.50 < quality < 0.60 :         0 elements
Info    : 0.60 < quality < 0.70 :         0 elements
Info    : 0.70 < quality < 0.80 :         0 elements
Info    : 0.80 < quality < 0.90 :         0 elements
Info    : 0.90 < quality < 1.00 :         0 elements
Info    : Optimizing volume 102
Info    : Optimization starts (volume = 8.12997e-11) with worst = 0.197179 / average = 0.262066:
Info    : 0.00 < quality < 0.10 :         0 elements
Info    : 0.10 < quality < 0.20 :         2 elements
Info    : 0.20 < quality < 0.30 :        16 elements
Info    : 0.30 < quality < 0.40 :        18 elements
Info    : 0.40 < quality < 0.50 :         0 elements
Info    : 0.50 < quality < 0.60 :         0 elements
Info    : 0.60 < quality < 0.70 :         0 elements
Info    : 0.70 < quality < 0.80 :         0 elements
Info    : 0.80 < quality < 0.90 :         0 elements
Info    : 0.90 < quality < 1.00 :         0 elements
Info    : 1 edge swaps, 0 node relocations (volume = 8.12997e-11): worst = 0.197179 / average = 0.262196 (Wall 6.54999e-05s, CPU 5.1e-05s)
Info    : No ill-shaped tets in the mesh :-)
Info    : 0.00 < quality < 0.10 :         0 elements
Info    : 0.10 < quality < 0.20 :         1 elements
Info    : 0.20 < quality < 0.30 :        17 elements
Info    : 0.30 < quality < 0.40 :        18 elements
Info    : 0.40 < quality < 0.50 :         0 elements
Info    : 0.50 < quality < 0.60 :         0 elements
Info    : 0.60 < quality < 0.70 :         0 elements
Info    : 0.70 < quality < 0.80 :         0 elements
Info    : 0.80 < quality < 0.90 :         0 elements
Info    : 0.90 < quality < 1.00 :         0 elements
Info    : Optimizing volume 103
Info    : Optimization starts (volume = 1.36293e-11) with worst = 0.0878226 / average = 0.749686:
Info    : 0.00 < quality < 0.10 :         1 elements
Info    : 0.10 < quality < 0.20 :         0 elements
Info    : 0.20 < quality < 0.30 :         4 elements
Info    : 0.30 < quality < 0.40 :         2 elements
Info    : 0.40 < quality < 0.50 :         0 elements
Info    : 0.50 < quality < 0.60 :        40 elements
Info    : 0.60 < quality < 0.70 :        84 elements
Info    : 0.70 < quality < 0.80 :       182 elements
Info    : 0.80 < quality < 0.90 :       146 elements
Info    : 0.90 < quality < 1.00 :        16 elements
Info    : 4 edge swaps, 0 node relocations (volume = 1.36293e-11): worst = 0.300501 / average = 0.752442 (Wall 8.43341e-05s, CPU 6.8e-05s)
Info    : No ill-shaped tets in the mesh :-)
Info    : 0.00 < quality < 0.10 :         0 elements
Info    : 0.10 < quality < 0.20 :         0 elements
Info    : 0.20 < quality < 0.30 :         0 elements
Info    : 0.30 < quality < 0.40 :         2 elements
Info    : 0.40 < quality < 0.50 :         1 elements
Info    : 0.50 < quality < 0.60 :        43 elements
Info    : 0.60 < quality < 0.70 :        84 elements
Info    : 0.70 < quality < 0.80 :       183 elements
Info    : 0.80 < quality < 0.90 :       145 elements
Info    : 0.90 < quality < 1.00 :        16 elements
Info    : Optimizing volume 104
Info    : Optimization starts (volume = 1.36293e-11) with worst = 0.0878141 / average = 0.749171:
Info    : 0.00 < quality < 0.10 :         1 elements
Info    : 0.10 < quality < 0.20 :         0 elements
Info    : 0.20 < quality < 0.30 :         1 elements
Info    : 0.30 < quality < 0.40 :         2 elements
Info    : 0.40 < quality < 0.50 :         2 elements
Info    : 0.50 < quality < 0.60 :        40 elements
Info    : 0.60 < quality < 0.70 :        72 elements
Info    : 0.70 < quality < 0.80 :       200 elements
Info    : 0.80 < quality < 0.90 :       132 elements
Info    : 0.90 < quality < 1.00 :        16 elements
Info    : 2 edge swaps, 0 node relocations (volume = 1.36293e-11): worst = 0.302167 / average = 0.749991 (Wall 6.86659e-05s, CPU 5.4e-05s)
Info    : No ill-shaped tets in the mesh :-)
Info    : 0.00 < quality < 0.10 :         0 elements
Info    : 0.10 < quality < 0.20 :         0 elements
Info    : 0.20 < quality < 0.30 :         0 elements
Info    : 0.30 < quality < 0.40 :         2 elements
Info    : 0.40 < quality < 0.50 :         2 elements
Info    : 0.50 < quality < 0.60 :        41 elements
Info    : 0.60 < quality < 0.70 :        74 elements
Info    : 0.70 < quality < 0.80 :       202 elements
Info    : 0.80 < quality < 0.90 :       130 elements
Info    : 0.90 < quality < 1.00 :        15 elements
Info    : Optimizing volume 105
Info    : Optimization starts (volume = 8.96e-10) with worst = 0.0169109 / average = 0.205673:
Info    : 0.00 < quality < 0.10 :         4 elements
Info    : 0.10 < quality < 0.20 :        44 elements
Info    : 0.20 < quality < 0.30 :       118 elements
Info    : 0.30 < quality < 0.40 :         0 elements
Info    : 0.40 < quality < 0.50 :         0 elements
Info    : 0.50 < quality < 0.60 :         0 elements
Info    : 0.60 < quality < 0.70 :         0 elements
Info    : 0.70 < quality < 0.80 :         0 elements
Info    : 0.80 < quality < 0.90 :         0 elements
Info    : 0.90 < quality < 1.00 :         0 elements
Info    : 20 edge swaps, 4 node relocations (volume = 8.96e-10): worst = 0.0169109 / average = 0.205706 (Wall 0.000703625s, CPU 0.000684s)
Info    : 21 edge swaps, 4 node relocations (volume = 8.96e-10): worst = 0.0169109 / average = 0.205709 (Wall 0.00143575s, CPU 0.001414s)
Info    : No ill-shaped tets in the mesh :-)
Info    : 0.00 < quality < 0.10 :         4 elements
Info    : 0.10 < quality < 0.20 :        41 elements
Info    : 0.20 < quality < 0.30 :       117 elements
Info    : 0.30 < quality < 0.40 :         0 elements
Info    : 0.40 < quality < 0.50 :         0 elements
Info    : 0.50 < quality < 0.60 :         0 elements
Info    : 0.60 < quality < 0.70 :         0 elements
Info    : 0.70 < quality < 0.80 :         0 elements
Info    : 0.80 < quality < 0.90 :         0 elements
Info    : 0.90 < quality < 1.00 :         0 elements
Info    : Optimizing volume 106
Info    : Optimization starts (volume = 8.69632e-10) with worst = 0.0397578 / average = 0.30962:
Info    : 0.00 < quality < 0.10 :         2 elements
Info    : 0.10 < quality < 0.20 :         0 elements
Info    : 0.20 < quality < 0.30 :       122 elements
Info    : 0.30 < quality < 0.40 :       247 elements
Info    : 0.40 < quality < 0.50 :         0 elements
Info    : 0.50 < quality < 0.60 :         0 elements
Info    : 0.60 < quality < 0.70 :         0 elements
Info    : 0.70 < quality < 0.80 :         0 elements
Info    : 0.80 < quality < 0.90 :         0 elements
Info    : 0.90 < quality < 1.00 :         0 elements
Info    : 10 edge swaps, 0 node relocations (volume = 8.69632e-10): worst = 0.0397578 / average = 0.309627 (Wall 0.00061825s, CPU 0.0006s)
Info    : 11 edge swaps, 0 node relocations (volume = 8.69632e-10): worst = 0.0397578 / average = 0.309632 (Wall 0.00119654s, CPU 0.001176s)
Info    : No ill-shaped tets in the mesh :-)
Info    : 0.00 < quality < 0.10 :         2 elements
Info    : 0.10 < quality < 0.20 :         0 elements
Info    : 0.20 < quality < 0.30 :       119 elements
Info    : 0.30 < quality < 0.40 :       246 elements
Info    : 0.40 < quality < 0.50 :         0 elements
Info    : 0.50 < quality < 0.60 :         0 elements
Info    : 0.60 < quality < 0.70 :         0 elements
Info    : 0.70 < quality < 0.80 :         0 elements
Info    : 0.80 < quality < 0.90 :         0 elements
Info    : 0.90 < quality < 1.00 :         0 elements
Info    : Optimizing volume 107
Info    : Optimization starts (volume = 8.69632e-10) with worst = 0.0366162 / average = 0.303242:
Info    : 0.00 < quality < 0.10 :         8 elements
Info    : 0.10 < quality < 0.20 :         5 elements
Info    : 0.20 < quality < 0.30 :       128 elements
Info    : 0.30 < quality < 0.40 :       245 elements
Info    : 0.40 < quality < 0.50 :         0 elements
Info    : 0.50 < quality < 0.60 :         0 elements
Info    : 0.60 < quality < 0.70 :         0 elements
Info    : 0.70 < quality < 0.80 :         0 elements
Info    : 0.80 < quality < 0.90 :         0 elements
Info    : 0.90 < quality < 1.00 :         0 elements
Info    : 18 edge swaps, 1 node relocations (volume = 8.69632e-10): worst = 0.0366162 / average = 0.303255 (Wall 0.000675708s, CPU 0.000662s)
Info    : 20 edge swaps, 3 node relocations (volume = 8.69632e-10): worst = 0.0366162 / average = 0.30326 (Wall 0.00135642s, CPU 0.001341s)
Info    : No ill-shaped tets in the mesh :-)
Info    : 0.00 < quality < 0.10 :         8 elements
Info    : 0.10 < quality < 0.20 :         5 elements
Info    : 0.20 < quality < 0.30 :       127 elements
Info    : 0.30 < quality < 0.40 :       241 elements
Info    : 0.40 < quality < 0.50 :         0 elements
Info    : 0.50 < quality < 0.60 :         0 elements
Info    : 0.60 < quality < 0.70 :         0 elements
Info    : 0.70 < quality < 0.80 :         0 elements
Info    : 0.80 < quality < 0.90 :         0 elements
Info    : 0.90 < quality < 1.00 :         0 elements
Info    : Optimizing volume 108
Info    : Optimization starts (volume = 1.82151e-10) with worst = 0.224662 / average = 0.270734:
Info    : 0.00 < quality < 0.10 :         0 elements
Info    : 0.10 < quality < 0.20 :         0 elements
Info    : 0.20 < quality < 0.30 :        60 elements
Info    : 0.30 < quality < 0.40 :         0 elements
Info    : 0.40 < quality < 0.50 :         0 elements
Info    : 0.50 < quality < 0.60 :         0 elements
Info    : 0.60 < quality < 0.70 :         0 elements
Info    : 0.70 < quality < 0.80 :         0 elements
Info    : 0.80 < quality < 0.90 :         0 elements
Info    : 0.90 < quality < 1.00 :         0 elements
Info    : 9 edge swaps, 0 node relocations (volume = 1.82151e-10): worst = 0.226202 / average = 0.270873 (Wall 0.000204958s, CPU 0.000191s)
Info    : No ill-shaped tets in the mesh :-)
Info    : 0.00 < quality < 0.10 :         0 elements
Info    : 0.10 < quality < 0.20 :         0 elements
Info    : 0.20 < quality < 0.30 :        60 elements
Info    : 0.30 < quality < 0.40 :         0 elements
Info    : 0.40 < quality < 0.50 :         0 elements
Info    : 0.50 < quality < 0.60 :         0 elements
Info    : 0.60 < quality < 0.70 :         0 elements
Info    : 0.70 < quality < 0.80 :         0 elements
Info    : 0.80 < quality < 0.90 :         0 elements
Info    : 0.90 < quality < 1.00 :         0 elements
Info    : Optimizing volume 109
Info    : Optimization starts (volume = 3.49854e-11) with worst = 0.0236152 / average = 0.772997:
Info    : 0.00 < quality < 0.10 :         1 elements
Info    : 0.10 < quality < 0.20 :         1 elements
Info    : 0.20 < quality < 0.30 :         4 elements
Info    : 0.30 < quality < 0.40 :         3 elements
Info    : 0.40 < quality < 0.50 :         6 elements
Info    : 0.50 < quality < 0.60 :        26 elements
Info    : 0.60 < quality < 0.70 :        96 elements
Info    : 0.70 < quality < 0.80 :        92 elements
Info    : 0.80 < quality < 0.90 :       121 elements
Info    : 0.90 < quality < 1.00 :       103 elements
Info    : 6 edge swaps, 0 node relocations (volume = 3.49854e-11): worst = 0.349813 / average = 0.782134 (Wall 7.19172e-05s, CPU 5.9e-05s)
Info    : No ill-shaped tets in the mesh :-)
Info    : 0.00 < quality < 0.10 :         0 elements
Info    : 0.10 < quality < 0.20 :         0 elements
Info    : 0.20 < quality < 0.30 :         0 elements
Info    : 0.30 < quality < 0.40 :         3 elements
Info    : 0.40 < quality < 0.50 :         6 elements
Info    : 0.50 < quality < 0.60 :        24 elements
Info    : 0.60 < quality < 0.70 :        95 elements
Info    : 0.70 < quality < 0.80 :        93 elements
Info    : 0.80 < quality < 0.90 :       123 elements
Info    : 0.90 < quality < 1.00 :       103 elements
Info    : Optimizing volume 110
Info    : Optimization starts (volume = 3.49854e-11) with worst = 0.394494 / average = 0.717928:
Info    : 0.00 < quality < 0.10 :         0 elements
Info    : 0.10 < quality < 0.20 :         0 elements
Info    : 0.20 < quality < 0.30 :         0 elements
Info    : 0.30 < quality < 0.40 :         2 elements
Info    : 0.40 < quality < 0.50 :        14 elements
Info    : 0.50 < quality < 0.60 :        18 elements
Info    : 0.60 < quality < 0.70 :       112 elements
Info    : 0.70 < quality < 0.80 :       262 elements
Info    : 0.80 < quality < 0.90 :        37 elements
Info    : 0.90 < quality < 1.00 :         0 elements
Info    : No ill-shaped tets in the mesh :-)
Info    : 0.00 < quality < 0.10 :         0 elements
Info    : 0.10 < quality < 0.20 :         0 elements
Info    : 0.20 < quality < 0.30 :         0 elements
Info    : 0.30 < quality < 0.40 :         2 elements
Info    : 0.40 < quality < 0.50 :        14 elements
Info    : 0.50 < quality < 0.60 :        18 elements
Info    : 0.60 < quality < 0.70 :       112 elements
Info    : 0.70 < quality < 0.80 :       262 elements
Info    : 0.80 < quality < 0.90 :        37 elements
Info    : 0.90 < quality < 1.00 :         0 elements
Info    : Optimizing volume 111
Info    : Optimization starts (volume = 4.872e-10) with worst = 0.0257107 / average = 0.223191:
Info    : 0.00 < quality < 0.10 :         4 elements
Info    : 0.10 < quality < 0.20 :         4 elements
Info    : 0.20 < quality < 0.30 :       134 elements
Info    : 0.30 < quality < 0.40 :         0 elements
Info    : 0.40 < quality < 0.50 :         0 elements
Info    : 0.50 < quality < 0.60 :         0 elements
Info    : 0.60 < quality < 0.70 :         0 elements
Info    : 0.70 < quality < 0.80 :         0 elements
Info    : 0.80 < quality < 0.90 :         0 elements
Info    : 0.90 < quality < 1.00 :         0 elements
Info    : 19 edge swaps, 1 node relocations (volume = 4.872e-10): worst = 0.0257107 / average = 0.223379 (Wall 0.000576417s, CPU 0.000539s)
Info    : 20 edge swaps, 1 node relocations (volume = 4.872e-10): worst = 0.0257107 / average = 0.223379 (Wall 0.00113804s, CPU 0.001096s)
Info    : No ill-shaped tets in the mesh :-)
Info    : 0.00 < quality < 0.10 :         4 elements
Info    : 0.10 < quality < 0.20 :         4 elements
Info    : 0.20 < quality < 0.30 :       130 elements
Info    : 0.30 < quality < 0.40 :         0 elements
Info    : 0.40 < quality < 0.50 :         0 elements
Info    : 0.50 < quality < 0.60 :         0 elements
Info    : 0.60 < quality < 0.70 :         0 elements
Info    : 0.70 < quality < 0.80 :         0 elements
Info    : 0.80 < quality < 0.90 :         0 elements
Info    : 0.90 < quality < 1.00 :         0 elements
Info    : Optimizing volume 112
Info    : Optimization starts (volume = 3.49854e-11) with worst = 0.341381 / average = 0.713148:
Info    : 0.00 < quality < 0.10 :         0 elements
Info    : 0.10 < quality < 0.20 :         0 elements
Info    : 0.20 < quality < 0.30 :         0 elements
Info    : 0.30 < quality < 0.40 :         8 elements
Info    : 0.40 < quality < 0.50 :        14 elements
Info    : 0.50 < quality < 0.60 :        18 elements
Info    : 0.60 < quality < 0.70 :       109 elements
Info    : 0.70 < quality < 0.80 :       261 elements
Info    : 0.80 < quality < 0.90 :        40 elements
Info    : 0.90 < quality < 1.00 :         0 elements
Info    : No ill-shaped tets in the mesh :-)
Info    : 0.00 < quality < 0.10 :         0 elements
Info    : 0.10 < quality < 0.20 :         0 elements
Info    : 0.20 < quality < 0.30 :         0 elements
Info    : 0.30 < quality < 0.40 :         8 elements
Info    : 0.40 < quality < 0.50 :        14 elements
Info    : 0.50 < quality < 0.60 :        18 elements
Info    : 0.60 < quality < 0.70 :       109 elements
Info    : 0.70 < quality < 0.80 :       261 elements
Info    : 0.80 < quality < 0.90 :        40 elements
Info    : 0.90 < quality < 1.00 :         0 elements
Info    : Optimizing volume 113
Info    : Optimization starts (volume = 3.49854e-11) with worst = 0.378591 / average = 0.712926:
Info    : 0.00 < quality < 0.10 :         0 elements
Info    : 0.10 < quality < 0.20 :         0 elements
Info    : 0.20 < quality < 0.30 :         0 elements
Info    : 0.30 < quality < 0.40 :         4 elements
Info    : 0.40 < quality < 0.50 :        18 elements
Info    : 0.50 < quality < 0.60 :        18 elements
Info    : 0.60 < quality < 0.70 :       111 elements
Info    : 0.70 < quality < 0.80 :       258 elements
Info    : 0.80 < quality < 0.90 :        41 elements
Info    : 0.90 < quality < 1.00 :         0 elements
Info    : No ill-shaped tets in the mesh :-)
Info    : 0.00 < quality < 0.10 :         0 elements
Info    : 0.10 < quality < 0.20 :         0 elements
Info    : 0.20 < quality < 0.30 :         0 elements
Info    : 0.30 < quality < 0.40 :         4 elements
Info    : 0.40 < quality < 0.50 :        18 elements
Info    : 0.50 < quality < 0.60 :        18 elements
Info    : 0.60 < quality < 0.70 :       111 elements
Info    : 0.70 < quality < 0.80 :       258 elements
Info    : 0.80 < quality < 0.90 :        41 elements
Info    : 0.90 < quality < 1.00 :         0 elements
Info    : Optimizing volume 114
Info    : Optimization starts (volume = 1.07625e-10) with worst = 0.199134 / average = 0.263036:
Info    : 0.00 < quality < 0.10 :         0 elements
Info    : 0.10 < quality < 0.20 :         7 elements
Info    : 0.20 < quality < 0.30 :        17 elements
Info    : 0.30 < quality < 0.40 :        24 elements
Info    : 0.40 < quality < 0.50 :         0 elements
Info    : 0.50 < quality < 0.60 :         0 elements
Info    : 0.60 < quality < 0.70 :         0 elements
Info    : 0.70 < quality < 0.80 :         0 elements
Info    : 0.80 < quality < 0.90 :         0 elements
Info    : 0.90 < quality < 1.00 :         0 elements
Info    : 3 edge swaps, 0 node relocations (volume = 1.07625e-10): worst = 0.199134 / average = 0.263276 (Wall 9.50841e-05s, CPU 8.2e-05s)
Info    : No ill-shaped tets in the mesh :-)
Info    : 0.00 < quality < 0.10 :         0 elements
Info    : 0.10 < quality < 0.20 :         4 elements
Info    : 0.20 < quality < 0.30 :        20 elements
Info    : 0.30 < quality < 0.40 :        24 elements
Info    : 0.40 < quality < 0.50 :         0 elements
Info    : 0.50 < quality < 0.60 :         0 elements
Info    : 0.60 < quality < 0.70 :         0 elements
Info    : 0.70 < quality < 0.80 :         0 elements
Info    : 0.80 < quality < 0.90 :         0 elements
Info    : 0.90 < quality < 1.00 :         0 elements
Info    : Optimizing volume 115
Info    : Optimization starts (volume = 1.36293e-11) with worst = 0.0878226 / average = 0.74792:
Info    : 0.00 < quality < 0.10 :         1 elements
Info    : 0.10 < quality < 0.20 :         0 elements
Info    : 0.20 < quality < 0.30 :         0 elements
Info    : 0.30 < quality < 0.40 :         0 elements
Info    : 0.40 < quality < 0.50 :         0 elements
Info    : 0.50 < quality < 0.60 :        40 elements
Info    : 0.60 < quality < 0.70 :        75 elements
Info    : 0.70 < quality < 0.80 :       194 elements
Info    : 0.80 < quality < 0.90 :       121 elements
Info    : 0.90 < quality < 1.00 :         8 elements
Info    : 1 edge swaps, 0 node relocations (volume = 1.36293e-11): worst = 0.508889 / average = 0.748162 (Wall 4.85e-05s, CPU 3.5e-05s)
Info    : No ill-shaped tets in the mesh :-)
Info    : 0.00 < quality < 0.10 :         0 elements
Info    : 0.10 < quality < 0.20 :         0 elements
Info    : 0.20 < quality < 0.30 :         0 elements
Info    : 0.30 < quality < 0.40 :         0 elements
Info    : 0.40 < quality < 0.50 :         0 elements
Info    : 0.50 < quality < 0.60 :        41 elements
Info    : 0.60 < quality < 0.70 :        76 elements
Info    : 0.70 < quality < 0.80 :       194 elements
Info    : 0.80 < quality < 0.90 :       120 elements
Info    : 0.90 < quality < 1.00 :         8 elements
Info    : Optimizing volume 116
Info    : Optimization starts (volume = 1.36293e-11) with worst = 0.0878974 / average = 0.753407:
Info    : 0.00 < quality < 0.10 :         1 elements
Info    : 0.10 < quality < 0.20 :         0 elements
Info    : 0.20 < quality < 0.30 :         0 elements
Info    : 0.30 < quality < 0.40 :         2 elements
Info    : 0.40 < quality < 0.50 :         2 elements
Info    : 0.50 < quality < 0.60 :        47 elements
Info    : 0.60 < quality < 0.70 :        78 elements
Info    : 0.70 < quality < 0.80 :       173 elements
Info    : 0.80 < quality < 0.90 :       164 elements
Info    : 0.90 < quality < 1.00 :        14 elements
Info    : 1 edge swaps, 0 node relocations (volume = 1.36293e-11): worst = 0.371701 / average = 0.753627 (Wall 5.0209e-05s, CPU 3.6e-05s)
Info    : No ill-shaped tets in the mesh :-)
Info    : 0.00 < quality < 0.10 :         0 elements
Info    : 0.10 < quality < 0.20 :         0 elements
Info    : 0.20 < quality < 0.30 :         0 elements
Info    : 0.30 < quality < 0.40 :         2 elements
Info    : 0.40 < quality < 0.50 :         2 elements
Info    : 0.50 < quality < 0.60 :        48 elements
Info    : 0.60 < quality < 0.70 :        79 elements
Info    : 0.70 < quality < 0.80 :       173 elements
Info    : 0.80 < quality < 0.90 :       163 elements
Info    : 0.90 < quality < 1.00 :        14 elements
Info    : Optimizing volume 117
Info    : Optimization starts (volume = 1.75e-10) with worst = 0.219724 / average = 0.277009:
Info    : 0.00 < quality < 0.10 :         0 elements
Info    : 0.10 < quality < 0.20 :         0 elements
Info    : 0.20 < quality < 0.30 :        42 elements
Info    : 0.30 < quality < 0.40 :        42 elements
Info    : 0.40 < quality < 0.50 :         0 elements
Info    : 0.50 < quality < 0.60 :         0 elements
Info    : 0.60 < quality < 0.70 :         0 elements
Info    : 0.70 < quality < 0.80 :         0 elements
Info    : 0.80 < quality < 0.90 :         0 elements
Info    : 0.90 < quality < 1.00 :         0 elements
Info    : 5 edge swaps, 0 node relocations (volume = 1.75e-10): worst = 0.219724 / average = 0.277311 (Wall 0.000142s, CPU 0.000128s)
Info    : No ill-shaped tets in the mesh :-)
Info    : 0.00 < quality < 0.10 :         0 elements
Info    : 0.10 < quality < 0.20 :         0 elements
Info    : 0.20 < quality < 0.30 :        42 elements
Info    : 0.30 < quality < 0.40 :        42 elements
Info    : 0.40 < quality < 0.50 :         0 elements
Info    : 0.50 < quality < 0.60 :         0 elements
Info    : 0.60 < quality < 0.70 :         0 elements
Info    : 0.70 < quality < 0.80 :         0 elements
Info    : 0.80 < quality < 0.90 :         0 elements
Info    : 0.90 < quality < 1.00 :         0 elements
Info    : Optimizing volume 118
Info    : Optimization starts (volume = 1.36293e-11) with worst = 0.0878226 / average = 0.748626:
Info    : 0.00 < quality < 0.10 :         1 elements
Info    : 0.10 < quality < 0.20 :         0 elements
Info    : 0.20 < quality < 0.30 :         0 elements
Info    : 0.30 < quality < 0.40 :         0 elements
Info    : 0.40 < quality < 0.50 :         0 elements
Info    : 0.50 < quality < 0.60 :        40 elements
Info    : 0.60 < quality < 0.70 :        71 elements
Info    : 0.70 < quality < 0.80 :       197 elements
Info    : 0.80 < quality < 0.90 :       122 elements
Info    : 0.90 < quality < 1.00 :         8 elements
Info    : 1 edge swaps, 0 node relocations (volume = 1.36293e-11): worst = 0.508889 / average = 0.748867 (Wall 4.9792e-05s, CPU 3.3e-05s)
Info    : No ill-shaped tets in the mesh :-)
Info    : 0.00 < quality < 0.10 :         0 elements
Info    : 0.10 < quality < 0.20 :         0 elements
Info    : 0.20 < quality < 0.30 :         0 elements
Info    : 0.30 < quality < 0.40 :         0 elements
Info    : 0.40 < quality < 0.50 :         0 elements
Info    : 0.50 < quality < 0.60 :        41 elements
Info    : 0.60 < quality < 0.70 :        72 elements
Info    : 0.70 < quality < 0.80 :       197 elements
Info    : 0.80 < quality < 0.90 :       121 elements
Info    : 0.90 < quality < 1.00 :         8 elements
Info    : Optimizing volume 119
Info    : Optimization starts (volume = 1.36293e-11) with worst = 0.0878226 / average = 0.748758:
Info    : 0.00 < quality < 0.10 :         1 elements
Info    : 0.10 < quality < 0.20 :         0 elements
Info    : 0.20 < quality < 0.30 :         0 elements
Info    : 0.30 < quality < 0.40 :         0 elements
Info    : 0.40 < quality < 0.50 :         0 elements
Info    : 0.50 < quality < 0.60 :        40 elements
Info    : 0.60 < quality < 0.70 :        71 elements
Info    : 0.70 < quality < 0.80 :       196 elements
Info    : 0.80 < quality < 0.90 :       123 elements
Info    : 0.90 < quality < 1.00 :         8 elements
Info    : 1 edge swaps, 0 node relocations (volume = 1.36293e-11): worst = 0.508889 / average = 0.749 (Wall 4.9917e-05s, CPU 3.2e-05s)
Info    : No ill-shaped tets in the mesh :-)
Info    : 0.00 < quality < 0.10 :         0 elements
Info    : 0.10 < quality < 0.20 :         0 elements
Info    : 0.20 < quality < 0.30 :         0 elements
Info    : 0.30 < quality < 0.40 :         0 elements
Info    : 0.40 < quality < 0.50 :         0 elements
Info    : 0.50 < quality < 0.60 :        41 elements
Info    : 0.60 < quality < 0.70 :        72 elements
Info    : 0.70 < quality < 0.80 :       196 elements
Info    : 0.80 < quality < 0.90 :       122 elements
Info    : 0.90 < quality < 1.00 :         8 elements
Info    : Optimizing volume 120
Info    : Optimization starts (volume = 1.5582e-09) with worst = 0.00266019 / average = 0.215422:
Info    : 0.00 < quality < 0.10 :        18 elements
Info    : 0.10 < quality < 0.20 :        26 elements
Info    : 0.20 < quality < 0.30 :       305 elements
Info    : 0.30 < quality < 0.40 :         0 elements
Info    : 0.40 < quality < 0.50 :         0 elements
Info    : 0.50 < quality < 0.60 :         0 elements
Info    : 0.60 < quality < 0.70 :         0 elements
Info    : 0.70 < quality < 0.80 :         0 elements
Info    : 0.80 < quality < 0.90 :         0 elements
Info    : 0.90 < quality < 1.00 :         0 elements
Info    : 38 edge swaps, 0 node relocations (volume = 1.5582e-09): worst = 0.0582919 / average = 0.225492 (Wall 0.00154204s, CPU 0.001508s)
Info    : 41 edge swaps, 0 node relocations (volume = 1.5582e-09): worst = 0.0582919 / average = 0.225482 (Wall 0.00299579s, CPU 0.002948s)
Info    : No ill-shaped tets in the mesh :-)
Info    : 0.00 < quality < 0.10 :         2 elements
Info    : 0.10 < quality < 0.20 :        21 elements
Info    : 0.20 < quality < 0.30 :       295 elements
Info    : 0.30 < quality < 0.40 :         0 elements
Info    : 0.40 < quality < 0.50 :         0 elements
Info    : 0.50 < quality < 0.60 :         0 elements
Info    : 0.60 < quality < 0.70 :         0 elements
Info    : 0.70 < quality < 0.80 :         0 elements
Info    : 0.80 < quality < 0.90 :         0 elements
Info    : 0.90 < quality < 1.00 :         0 elements
Info    : Optimizing volume 121
Info    : Optimization starts (volume = 1.52675e-09) with worst = 0.0214636 / average = 0.239285:
Info    : 0.00 < quality < 0.10 :         8 elements
Info    : 0.10 < quality < 0.20 :        12 elements
Info    : 0.20 < quality < 0.30 :       360 elements
Info    : 0.30 < quality < 0.40 :         6 elements
Info    : 0.40 < quality < 0.50 :         0 elements
Info    : 0.50 < quality < 0.60 :         0 elements
Info    : 0.60 < quality < 0.70 :         0 elements
Info    : 0.70 < quality < 0.80 :         0 elements
Info    : 0.80 < quality < 0.90 :         0 elements
Info    : 0.90 < quality < 1.00 :         0 elements
Info    : 50 edge swaps, 7 node relocations (volume = 1.52675e-09): worst = 0.0214636 / average = 0.239328 (Wall 0.00152404s, CPU 0.001497s)
Info    : 54 edge swaps, 10 node relocations (volume = 1.52675e-09): worst = 0.0214636 / average = 0.239328 (Wall 0.00334621s, CPU 0.003315s)
Info    : No ill-shaped tets in the mesh :-)
Info    : 0.00 < quality < 0.10 :         8 elements
Info    : 0.10 < quality < 0.20 :         8 elements
Info    : 0.20 < quality < 0.30 :       348 elements
Info    : 0.30 < quality < 0.40 :         6 elements
Info    : 0.40 < quality < 0.50 :         0 elements
Info    : 0.50 < quality < 0.60 :         0 elements
Info    : 0.60 < quality < 0.70 :         0 elements
Info    : 0.70 < quality < 0.80 :         0 elements
Info    : 0.80 < quality < 0.90 :         0 elements
Info    : 0.90 < quality < 1.00 :         0 elements
Info    : Optimizing volume 122
Info    : Optimization starts (volume = 1.52675e-09) with worst = 0.0229943 / average = 0.237955:
Info    : 0.00 < quality < 0.10 :        10 elements
Info    : 0.10 < quality < 0.20 :         9 elements
Info    : 0.20 < quality < 0.30 :       368 elements
Info    : 0.30 < quality < 0.40 :         4 elements
Info    : 0.40 < quality < 0.50 :         0 elements
Info    : 0.50 < quality < 0.60 :         0 elements
Info    : 0.60 < quality < 0.70 :         0 elements
Info    : 0.70 < quality < 0.80 :         0 elements
Info    : 0.80 < quality < 0.90 :         0 elements
Info    : 0.90 < quality < 1.00 :         0 elements
Info    : 43 edge swaps, 6 node relocations (volume = 1.52675e-09): worst = 0.0229943 / average = 0.23799 (Wall 0.00188096s, CPU 0.001845s)
Info    : 53 edge swaps, 11 node relocations (volume = 1.52675e-09): worst = 0.0229943 / average = 0.237988 (Wall 0.00393717s, CPU 0.003857s)
Info    : No ill-shaped tets in the mesh :-)
Info    : 0.00 < quality < 0.10 :        10 elements
Info    : 0.10 < quality < 0.20 :         7 elements
Info    : 0.20 < quality < 0.30 :       338 elements
Info    : 0.30 < quality < 0.40 :         4 elements
Info    : 0.40 < quality < 0.50 :         0 elements
Info    : 0.50 < quality < 0.60 :         0 elements
Info    : 0.60 < quality < 0.70 :         0 elements
Info    : 0.70 < quality < 0.80 :         0 elements
Info    : 0.80 < quality < 0.90 :         0 elements
Info    : 0.90 < quality < 1.00 :         0 elements
Info    : Optimizing volume 123
Info    : Optimization starts (volume = 1.06555e-10) with worst = 0.251678 / average = 0.621253:
Info    : 0.00 < quality < 0.10 :         0 elements
Info    : 0.10 < quality < 0.20 :         0 elements
Info    : 0.20 < quality < 0.30 :         4 elements
Info    : 0.30 < quality < 0.40 :        10 elements
Info    : 0.40 < quality < 0.50 :        12 elements
Info    : 0.50 < quality < 0.60 :        36 elements
Info    : 0.60 < quality < 0.70 :       316 elements
Info    : 0.70 < quality < 0.80 :         6 elements
Info    : 0.80 < quality < 0.90 :         0 elements
Info    : 0.90 < quality < 1.00 :         0 elements
Info    : No ill-shaped tets in the mesh :-)
Info    : 0.00 < quality < 0.10 :         0 elements
Info    : 0.10 < quality < 0.20 :         0 elements
Info    : 0.20 < quality < 0.30 :         4 elements
Info    : 0.30 < quality < 0.40 :        10 elements
Info    : 0.40 < quality < 0.50 :        12 elements
Info    : 0.50 < quality < 0.60 :        36 elements
Info    : 0.60 < quality < 0.70 :       316 elements
Info    : 0.70 < quality < 0.80 :         6 elements
Info    : 0.80 < quality < 0.90 :         0 elements
Info    : 0.90 < quality < 1.00 :         0 elements
Info    : Optimizing volume 124
Info    : Optimization starts (volume = 1.06581e-10) with worst = 0.314069 / average = 0.635784:
Info    : 0.00 < quality < 0.10 :         0 elements
Info    : 0.10 < quality < 0.20 :         0 elements
Info    : 0.20 < quality < 0.30 :         0 elements
Info    : 0.30 < quality < 0.40 :         4 elements
Info    : 0.40 < quality < 0.50 :         0 elements
Info    : 0.50 < quality < 0.60 :        35 elements
Info    : 0.60 < quality < 0.70 :       321 elements
Info    : 0.70 < quality < 0.80 :        12 elements
Info    : 0.80 < quality < 0.90 :         0 elements
Info    : 0.90 < quality < 1.00 :         0 elements
Info    : No ill-shaped tets in the mesh :-)
Info    : 0.00 < quality < 0.10 :         0 elements
Info    : 0.10 < quality < 0.20 :         0 elements
Info    : 0.20 < quality < 0.30 :         0 elements
Info    : 0.30 < quality < 0.40 :         4 elements
Info    : 0.40 < quality < 0.50 :         0 elements
Info    : 0.50 < quality < 0.60 :        35 elements
Info    : 0.60 < quality < 0.70 :       321 elements
Info    : 0.70 < quality < 0.80 :        12 elements
Info    : 0.80 < quality < 0.90 :         0 elements
Info    : 0.90 < quality < 1.00 :         0 elements
Info    : Optimizing volume 125
Info    : Optimization starts (volume = 1.06581e-10) with worst = 0.280321 / average = 0.619938:
Info    : 0.00 < quality < 0.10 :         0 elements
Info    : 0.10 < quality < 0.20 :         0 elements
Info    : 0.20 < quality < 0.30 :         4 elements
Info    : 0.30 < quality < 0.40 :        12 elements
Info    : 0.40 < quality < 0.50 :        11 elements
Info    : 0.50 < quality < 0.60 :        36 elements
Info    : 0.60 < quality < 0.70 :       312 elements
Info    : 0.70 < quality < 0.80 :        12 elements
Info    : 0.80 < quality < 0.90 :         0 elements
Info    : 0.90 < quality < 1.00 :         0 elements
Info    : No ill-shaped tets in the mesh :-)
Info    : 0.00 < quality < 0.10 :         0 elements
Info    : 0.10 < quality < 0.20 :         0 elements
Info    : 0.20 < quality < 0.30 :         4 elements
Info    : 0.30 < quality < 0.40 :        12 elements
Info    : 0.40 < quality < 0.50 :        11 elements
Info    : 0.50 < quality < 0.60 :        36 elements
Info    : 0.60 < quality < 0.70 :       312 elements
Info    : 0.70 < quality < 0.80 :        12 elements
Info    : 0.80 < quality < 0.90 :         0 elements
Info    : 0.90 < quality < 1.00 :         0 elements
Info    : Optimizing volume 126
Info    : Optimization starts (volume = 1.06555e-10) with worst = 0.27614 / average = 0.632027:
Info    : 0.00 < quality < 0.10 :         0 elements
Info    : 0.10 < quality < 0.20 :         0 elements
Info    : 0.20 < quality < 0.30 :         2 elements
Info    : 0.30 < quality < 0.40 :         4 elements
Info    : 0.40 < quality < 0.50 :         4 elements
Info    : 0.50 < quality < 0.60 :        33 elements
Info    : 0.60 < quality < 0.70 :       318 elements
Info    : 0.70 < quality < 0.80 :        13 elements
Info    : 0.80 < quality < 0.90 :         0 elements
Info    : 0.90 < quality < 1.00 :         0 elements
Info    : No ill-shaped tets in the mesh :-)
Info    : 0.00 < quality < 0.10 :         0 elements
Info    : 0.10 < quality < 0.20 :         0 elements
Info    : 0.20 < quality < 0.30 :         2 elements
Info    : 0.30 < quality < 0.40 :         4 elements
Info    : 0.40 < quality < 0.50 :         4 elements
Info    : 0.50 < quality < 0.60 :        33 elements
Info    : 0.60 < quality < 0.70 :       318 elements
Info    : 0.70 < quality < 0.80 :        13 elements
Info    : 0.80 < quality < 0.90 :         0 elements
Info    : 0.90 < quality < 1.00 :         0 elements
Info    : Optimizing volume 127
Info    : Optimization starts (volume = 1.06555e-10) with worst = 0.315596 / average = 0.631859:
Info    : 0.00 < quality < 0.10 :         0 elements
Info    : 0.10 < quality < 0.20 :         0 elements
Info    : 0.20 < quality < 0.30 :         0 elements
Info    : 0.30 < quality < 0.40 :         4 elements
Info    : 0.40 < quality < 0.50 :         6 elements
Info    : 0.50 < quality < 0.60 :        32 elements
Info    : 0.60 < quality < 0.70 :       321 elements
Info    : 0.70 < quality < 0.80 :        11 elements
Info    : 0.80 < quality < 0.90 :         0 elements
Info    : 0.90 < quality < 1.00 :         0 elements
Info    : No ill-shaped tets in the mesh :-)
Info    : 0.00 < quality < 0.10 :         0 elements
Info    : 0.10 < quality < 0.20 :         0 elements
Info    : 0.20 < quality < 0.30 :         0 elements
Info    : 0.30 < quality < 0.40 :         4 elements
Info    : 0.40 < quality < 0.50 :         6 elements
Info    : 0.50 < quality < 0.60 :        32 elements
Info    : 0.60 < quality < 0.70 :       321 elements
Info    : 0.70 < quality < 0.80 :        11 elements
Info    : 0.80 < quality < 0.90 :         0 elements
Info    : 0.90 < quality < 1.00 :         0 elements
Info    : Optimizing volume 128
Info    : Optimization starts (volume = 1.06555e-10) with worst = 0.281125 / average = 0.616256:
Info    : 0.00 < quality < 0.10 :         0 elements
Info    : 0.10 < quality < 0.20 :         0 elements
Info    : 0.20 < quality < 0.30 :         2 elements
Info    : 0.30 < quality < 0.40 :        16 elements
Info    : 0.40 < quality < 0.50 :        16 elements
Info    : 0.50 < quality < 0.60 :        30 elements
Info    : 0.60 < quality < 0.70 :       316 elements
Info    : 0.70 < quality < 0.80 :         9 elements
Info    : 0.80 < quality < 0.90 :         0 elements
Info    : 0.90 < quality < 1.00 :         0 elements
Info    : No ill-shaped tets in the mesh :-)
Info    : 0.00 < quality < 0.10 :         0 elements
Info    : 0.10 < quality < 0.20 :         0 elements
Info    : 0.20 < quality < 0.30 :         2 elements
Info    : 0.30 < quality < 0.40 :        16 elements
Info    : 0.40 < quality < 0.50 :        16 elements
Info    : 0.50 < quality < 0.60 :        30 elements
Info    : 0.60 < quality < 0.70 :       316 elements
Info    : 0.70 < quality < 0.80 :         9 elements
Info    : 0.80 < quality < 0.90 :         0 elements
Info    : 0.90 < quality < 1.00 :         0 elements
Info    : Optimizing volume 129
Info    : Optimization starts (volume = 1.06555e-10) with worst = 0.242126 / average = 0.621758:
Info    : 0.00 < quality < 0.10 :         0 elements
Info    : 0.10 < quality < 0.20 :         0 elements
Info    : 0.20 < quality < 0.30 :        11 elements
Info    : 0.30 < quality < 0.40 :         5 elements
Info    : 0.40 < quality < 0.50 :         8 elements
Info    : 0.50 < quality < 0.60 :        33 elements
Info    : 0.60 < quality < 0.70 :       315 elements
Info    : 0.70 < quality < 0.80 :        12 elements
Info    : 0.80 < quality < 0.90 :         0 elements
Info    : 0.90 < quality < 1.00 :         0 elements
Info    : 2 edge swaps, 0 node relocations (volume = 1.06555e-10): worst = 0.242126 / average = 0.622378 (Wall 9.1708e-05s, CPU 7.6e-05s)
Info    : No ill-shaped tets in the mesh :-)
Info    : 0.00 < quality < 0.10 :         0 elements
Info    : 0.10 < quality < 0.20 :         0 elements
Info    : 0.20 < quality < 0.30 :         9 elements
Info    : 0.30 < quality < 0.40 :         5 elements
Info    : 0.40 < quality < 0.50 :        10 elements
Info    : 0.50 < quality < 0.60 :        34 elements
Info    : 0.60 < quality < 0.70 :       315 elements
Info    : 0.70 < quality < 0.80 :        12 elements
Info    : 0.80 < quality < 0.90 :         0 elements
Info    : 0.90 < quality < 1.00 :         0 elements
Info    : Optimizing volume 130
Info    : Optimization starts (volume = 1.06555e-10) with worst = 0.27614 / average = 0.616952:
Info    : 0.00 < quality < 0.10 :         0 elements
Info    : 0.10 < quality < 0.20 :         0 elements
Info    : 0.20 < quality < 0.30 :         2 elements
Info    : 0.30 < quality < 0.40 :        16 elements
Info    : 0.40 < quality < 0.50 :        15 elements
Info    : 0.50 < quality < 0.60 :        35 elements
Info    : 0.60 < quality < 0.70 :       308 elements
Info    : 0.70 < quality < 0.80 :        13 elements
Info    : 0.80 < quality < 0.90 :         0 elements
Info    : 0.90 < quality < 1.00 :         0 elements
Info    : No ill-shaped tets in the mesh :-)
Info    : 0.00 < quality < 0.10 :         0 elements
Info    : 0.10 < quality < 0.20 :         0 elements
Info    : 0.20 < quality < 0.30 :         2 elements
Info    : 0.30 < quality < 0.40 :        16 elements
Info    : 0.40 < quality < 0.50 :        15 elements
Info    : 0.50 < quality < 0.60 :        35 elements
Info    : 0.60 < quality < 0.70 :       308 elements
Info    : 0.70 < quality < 0.80 :        13 elements
Info    : 0.80 < quality < 0.90 :         0 elements
Info    : 0.90 < quality < 1.00 :         0 elements
Info    : Optimizing volume 131
Info    : Optimization starts (volume = 1.06555e-10) with worst = 0.270379 / average = 0.627171:
Info    : 0.00 < quality < 0.10 :         0 elements
Info    : 0.10 < quality < 0.20 :         0 elements
Info    : 0.20 < quality < 0.30 :         2 elements
Info    : 0.30 < quality < 0.40 :         6 elements
Info    : 0.40 < quality < 0.50 :        10 elements
Info    : 0.50 < quality < 0.60 :        29 elements
Info    : 0.60 < quality < 0.70 :       321 elements
Info    : 0.70 < quality < 0.80 :        11 elements
Info    : 0.80 < quality < 0.90 :         0 elements
Info    : 0.90 < quality < 1.00 :         0 elements
Info    : No ill-shaped tets in the mesh :-)
Info    : 0.00 < quality < 0.10 :         0 elements
Info    : 0.10 < quality < 0.20 :         0 elements
Info    : 0.20 < quality < 0.30 :         2 elements
Info    : 0.30 < quality < 0.40 :         6 elements
Info    : 0.40 < quality < 0.50 :        10 elements
Info    : 0.50 < quality < 0.60 :        29 elements
Info    : 0.60 < quality < 0.70 :       321 elements
Info    : 0.70 < quality < 0.80 :        11 elements
Info    : 0.80 < quality < 0.90 :         0 elements
Info    : 0.90 < quality < 1.00 :         0 elements
Info    : Optimizing volume 132
Info    : Optimization starts (volume = 1.06555e-10) with worst = 0.260778 / average = 0.621477:
Info    : 0.00 < quality < 0.10 :         0 elements
Info    : 0.10 < quality < 0.20 :         0 elements
Info    : 0.20 < quality < 0.30 :         4 elements
Info    : 0.30 < quality < 0.40 :         7 elements
Info    : 0.40 < quality < 0.50 :        15 elements
Info    : 0.50 < quality < 0.60 :        33 elements
Info    : 0.60 < quality < 0.70 :       315 elements
Info    : 0.70 < quality < 0.80 :        10 elements
Info    : 0.80 < quality < 0.90 :         0 elements
Info    : 0.90 < quality < 1.00 :         0 elements
Info    : No ill-shaped tets in the mesh :-)
Info    : 0.00 < quality < 0.10 :         0 elements
Info    : 0.10 < quality < 0.20 :         0 elements
Info    : 0.20 < quality < 0.30 :         4 elements
Info    : 0.30 < quality < 0.40 :         7 elements
Info    : 0.40 < quality < 0.50 :        15 elements
Info    : 0.50 < quality < 0.60 :        33 elements
Info    : 0.60 < quality < 0.70 :       315 elements
Info    : 0.70 < quality < 0.80 :        10 elements
Info    : 0.80 < quality < 0.90 :         0 elements
Info    : 0.90 < quality < 1.00 :         0 elements
Info    : Optimizing volume 133
Info    : Optimization starts (volume = 1.06555e-10) with worst = 0.29854 / average = 0.632465:
Info    : 0.00 < quality < 0.10 :         0 elements
Info    : 0.10 < quality < 0.20 :         0 elements
Info    : 0.20 < quality < 0.30 :         1 elements
Info    : 0.30 < quality < 0.40 :         4 elements
Info    : 0.40 < quality < 0.50 :         5 elements
Info    : 0.50 < quality < 0.60 :        29 elements
Info    : 0.60 < quality < 0.70 :       326 elements
Info    : 0.70 < quality < 0.80 :         9 elements
Info    : 0.80 < quality < 0.90 :         0 elements
Info    : 0.90 < quality < 1.00 :         0 elements
Info    : No ill-shaped tets in the mesh :-)
Info    : 0.00 < quality < 0.10 :         0 elements
Info    : 0.10 < quality < 0.20 :         0 elements
Info    : 0.20 < quality < 0.30 :         1 elements
Info    : 0.30 < quality < 0.40 :         4 elements
Info    : 0.40 < quality < 0.50 :         5 elements
Info    : 0.50 < quality < 0.60 :        29 elements
Info    : 0.60 < quality < 0.70 :       326 elements
Info    : 0.70 < quality < 0.80 :         9 elements
Info    : 0.80 < quality < 0.90 :         0 elements
Info    : 0.90 < quality < 1.00 :         0 elements
Info    : Optimizing volume 134
Info    : Optimization starts (volume = 1.0653e-10) with worst = 0.269959 / average = 0.628052:
Info    : 0.00 < quality < 0.10 :         0 elements
Info    : 0.10 < quality < 0.20 :         0 elements
Info    : 0.20 < quality < 0.30 :         4 elements
Info    : 0.30 < quality < 0.40 :         7 elements
Info    : 0.40 < quality < 0.50 :         5 elements
Info    : 0.50 < quality < 0.60 :        34 elements
Info    : 0.60 < quality < 0.70 :       316 elements
Info    : 0.70 < quality < 0.80 :        10 elements
Info    : 0.80 < quality < 0.90 :         0 elements
Info    : 0.90 < quality < 1.00 :         0 elements
Info    : No ill-shaped tets in the mesh :-)
Info    : 0.00 < quality < 0.10 :         0 elements
Info    : 0.10 < quality < 0.20 :         0 elements
Info    : 0.20 < quality < 0.30 :         4 elements
Info    : 0.30 < quality < 0.40 :         7 elements
Info    : 0.40 < quality < 0.50 :         5 elements
Info    : 0.50 < quality < 0.60 :        34 elements
Info    : 0.60 < quality < 0.70 :       316 elements
Info    : 0.70 < quality < 0.80 :        10 elements
Info    : 0.80 < quality < 0.90 :         0 elements
Info    : 0.90 < quality < 1.00 :         0 elements
Info    : Optimizing volume 135
Info    : Optimization starts (volume = 1.064e-08) with worst = 0.0159251 / average = 0.20425:
Info    : 0.00 < quality < 0.10 :        32 elements
Info    : 0.10 < quality < 0.20 :       253 elements
Info    : 0.20 < quality < 0.30 :      1529 elements
Info    : 0.30 < quality < 0.40 :         0 elements
Info    : 0.40 < quality < 0.50 :         0 elements
Info    : 0.50 < quality < 0.60 :         0 elements
Info    : 0.60 < quality < 0.70 :         0 elements
Info    : 0.70 < quality < 0.80 :         0 elements
Info    : 0.80 < quality < 0.90 :         0 elements
Info    : 0.90 < quality < 1.00 :         0 elements
Info    : 206 edge swaps, 32 node relocations (volume = 1.064e-08): worst = 0.0159251 / average = 0.204259 (Wall 0.008313s, CPU 0.008224s)
Info    : 223 edge swaps, 41 node relocations (volume = 1.064e-08): worst = 0.0159251 / average = 0.204259 (Wall 0.0183555s, CPU 0.017642s)
Info    : No ill-shaped tets in the mesh :-)
Info    : 0.00 < quality < 0.10 :        32 elements
Info    : 0.10 < quality < 0.20 :       245 elements
Info    : 0.20 < quality < 0.30 :      1478 elements
Info    : 0.30 < quality < 0.40 :         0 elements
Info    : 0.40 < quality < 0.50 :         0 elements
Info    : 0.50 < quality < 0.60 :         0 elements
Info    : 0.60 < quality < 0.70 :         0 elements
Info    : 0.70 < quality < 0.80 :         0 elements
Info    : 0.80 < quality < 0.90 :         0 elements
Info    : 0.90 < quality < 1.00 :         0 elements
Info    : Optimizing volume 136
Info    : Optimization starts (volume = 3.49854e-11) with worst = 0.393913 / average = 0.708461:
Info    : 0.00 < quality < 0.10 :         0 elements
Info    : 0.10 < quality < 0.20 :         0 elements
Info    : 0.20 < quality < 0.30 :         0 elements
Info    : 0.30 < quality < 0.40 :         5 elements
Info    : 0.40 < quality < 0.50 :        23 elements
Info    : 0.50 < quality < 0.60 :        20 elements
Info    : 0.60 < quality < 0.70 :       106 elements
Info    : 0.70 < quality < 0.80 :       259 elements
Info    : 0.80 < quality < 0.90 :        42 elements
Info    : 0.90 < quality < 1.00 :         0 elements
Info    : No ill-shaped tets in the mesh :-)
Info    : 0.00 < quality < 0.10 :         0 elements
Info    : 0.10 < quality < 0.20 :         0 elements
Info    : 0.20 < quality < 0.30 :         0 elements
Info    : 0.30 < quality < 0.40 :         5 elements
Info    : 0.40 < quality < 0.50 :        23 elements
Info    : 0.50 < quality < 0.60 :        20 elements
Info    : 0.60 < quality < 0.70 :       106 elements
Info    : 0.70 < quality < 0.80 :       259 elements
Info    : 0.80 < quality < 0.90 :        42 elements
Info    : 0.90 < quality < 1.00 :         0 elements
Info    : Optimizing volume 137
Info    : Optimization starts (volume = 3.49854e-11) with worst = 0.394494 / average = 0.718448:
Info    : 0.00 < quality < 0.10 :         0 elements
Info    : 0.10 < quality < 0.20 :         0 elements
Info    : 0.20 < quality < 0.30 :         0 elements
Info    : 0.30 < quality < 0.40 :         2 elements
Info    : 0.40 < quality < 0.50 :        14 elements
Info    : 0.50 < quality < 0.60 :        18 elements
Info    : 0.60 < quality < 0.70 :       107 elements
Info    : 0.70 < quality < 0.80 :       265 elements
Info    : 0.80 < quality < 0.90 :        39 elements
Info    : 0.90 < quality < 1.00 :         0 elements
Info    : No ill-shaped tets in the mesh :-)
Info    : 0.00 < quality < 0.10 :         0 elements
Info    : 0.10 < quality < 0.20 :         0 elements
Info    : 0.20 < quality < 0.30 :         0 elements
Info    : 0.30 < quality < 0.40 :         2 elements
Info    : 0.40 < quality < 0.50 :        14 elements
Info    : 0.50 < quality < 0.60 :        18 elements
Info    : 0.60 < quality < 0.70 :       107 elements
Info    : 0.70 < quality < 0.80 :       265 elements
Info    : 0.80 < quality < 0.90 :        39 elements
Info    : 0.90 < quality < 1.00 :         0 elements
Info    : Optimizing volume 138
Info    : Optimization starts (volume = 3.49854e-11) with worst = 0.0236152 / average = 0.772993:
Info    : 0.00 < quality < 0.10 :         1 elements
Info    : 0.10 < quality < 0.20 :         1 elements
Info    : 0.20 < quality < 0.30 :         4 elements
Info    : 0.30 < quality < 0.40 :         3 elements
Info    : 0.40 < quality < 0.50 :         6 elements
Info    : 0.50 < quality < 0.60 :        26 elements
Info    : 0.60 < quality < 0.70 :        96 elements
Info    : 0.70 < quality < 0.80 :        92 elements
Info    : 0.80 < quality < 0.90 :       121 elements
Info    : 0.90 < quality < 1.00 :       103 elements
Info    : 6 edge swaps, 0 node relocations (volume = 3.49854e-11): worst = 0.349813 / average = 0.781938 (Wall 7.6459e-05s, CPU 6.3e-05s)
Info    : No ill-shaped tets in the mesh :-)
Info    : 0.00 < quality < 0.10 :         0 elements
Info    : 0.10 < quality < 0.20 :         0 elements
Info    : 0.20 < quality < 0.30 :         0 elements
Info    : 0.30 < quality < 0.40 :         3 elements
Info    : 0.40 < quality < 0.50 :         6 elements
Info    : 0.50 < quality < 0.60 :        24 elements
Info    : 0.60 < quality < 0.70 :        96 elements
Info    : 0.70 < quality < 0.80 :        93 elements
Info    : 0.80 < quality < 0.90 :       122 elements
Info    : 0.90 < quality < 1.00 :       103 elements
Info    : Optimizing volume 139
Info    : Optimization starts (volume = 3.49854e-11) with worst = 0.331737 / average = 0.712881:
Info    : 0.00 < quality < 0.10 :         0 elements
Info    : 0.10 < quality < 0.20 :         0 elements
Info    : 0.20 < quality < 0.30 :         0 elements
Info    : 0.30 < quality < 0.40 :         8 elements
Info    : 0.40 < quality < 0.50 :        14 elements
Info    : 0.50 < quality < 0.60 :        18 elements
Info    : 0.60 < quality < 0.70 :       111 elements
Info    : 0.70 < quality < 0.80 :       256 elements
Info    : 0.80 < quality < 0.90 :        43 elements
Info    : 0.90 < quality < 1.00 :         0 elements
Info    : No ill-shaped tets in the mesh :-)
Info    : 0.00 < quality < 0.10 :         0 elements
Info    : 0.10 < quality < 0.20 :         0 elements
Info    : 0.20 < quality < 0.30 :         0 elements
Info    : 0.30 < quality < 0.40 :         8 elements
Info    : 0.40 < quality < 0.50 :        14 elements
Info    : 0.50 < quality < 0.60 :        18 elements
Info    : 0.60 < quality < 0.70 :       111 elements
Info    : 0.70 < quality < 0.80 :       256 elements
Info    : 0.80 < quality < 0.90 :        43 elements
Info    : 0.90 < quality < 1.00 :         0 elements
Info    : Optimizing volume 140
Info    : Optimization starts (volume = 3.49854e-11) with worst = 0.394494 / average = 0.717713:
Info    : 0.00 < quality < 0.10 :         0 elements
Info    : 0.10 < quality < 0.20 :         0 elements
Info    : 0.20 < quality < 0.30 :         0 elements
Info    : 0.30 < quality < 0.40 :         2 elements
Info    : 0.40 < quality < 0.50 :        14 elements
Info    : 0.50 < quality < 0.60 :        18 elements
Info    : 0.60 < quality < 0.70 :       111 elements
Info    : 0.70 < quality < 0.80 :       256 elements
Info    : 0.80 < quality < 0.90 :        44 elements
Info    : 0.90 < quality < 1.00 :         0 elements
Info    : No ill-shaped tets in the mesh :-)
Info    : 0.00 < quality < 0.10 :         0 elements
Info    : 0.10 < quality < 0.20 :         0 elements
Info    : 0.20 < quality < 0.30 :         0 elements
Info    : 0.30 < quality < 0.40 :         2 elements
Info    : 0.40 < quality < 0.50 :        14 elements
Info    : 0.50 < quality < 0.60 :        18 elements
Info    : 0.60 < quality < 0.70 :       111 elements
Info    : 0.70 < quality < 0.80 :       256 elements
Info    : 0.80 < quality < 0.90 :        44 elements
Info    : 0.90 < quality < 1.00 :         0 elements
Info    : Optimizing volume 141
Info    : Optimization starts (volume = 3.49854e-11) with worst = 0.329751 / average = 0.702803:
Info    : 0.00 < quality < 0.10 :         0 elements
Info    : 0.10 < quality < 0.20 :         0 elements
Info    : 0.20 < quality < 0.30 :         0 elements
Info    : 0.30 < quality < 0.40 :        14 elements
Info    : 0.40 < quality < 0.50 :        20 elements
Info    : 0.50 < quality < 0.60 :        18 elements
Info    : 0.60 < quality < 0.70 :       120 elements
Info    : 0.70 < quality < 0.80 :       251 elements
Info    : 0.80 < quality < 0.90 :        37 elements
Info    : 0.90 < quality < 1.00 :         0 elements
Info    : No ill-shaped tets in the mesh :-)
Info    : 0.00 < quality < 0.10 :         0 elements
Info    : 0.10 < quality < 0.20 :         0 elements
Info    : 0.20 < quality < 0.30 :         0 elements
Info    : 0.30 < quality < 0.40 :        14 elements
Info    : 0.40 < quality < 0.50 :        20 elements
Info    : 0.50 < quality < 0.60 :        18 elements
Info    : 0.60 < quality < 0.70 :       120 elements
Info    : 0.70 < quality < 0.80 :       251 elements
Info    : 0.80 < quality < 0.90 :        37 elements
Info    : 0.90 < quality < 1.00 :         0 elements
Info    : Optimizing volume 142
Info    : Optimization starts (volume = 3.49854e-11) with worst = 0.394494 / average = 0.717456:
Info    : 0.00 < quality < 0.10 :         0 elements
Info    : 0.10 < quality < 0.20 :         0 elements
Info    : 0.20 < quality < 0.30 :         0 elements
Info    : 0.30 < quality < 0.40 :         2 elements
Info    : 0.40 < quality < 0.50 :        14 elements
Info    : 0.50 < quality < 0.60 :        18 elements
Info    : 0.60 < quality < 0.70 :       112 elements
Info    : 0.70 < quality < 0.80 :       256 elements
Info    : 0.80 < quality < 0.90 :        43 elements
Info    : 0.90 < quality < 1.00 :         0 elements
Info    : No ill-shaped tets in the mesh :-)
Info    : 0.00 < quality < 0.10 :         0 elements
Info    : 0.10 < quality < 0.20 :         0 elements
Info    : 0.20 < quality < 0.30 :         0 elements
Info    : 0.30 < quality < 0.40 :         2 elements
Info    : 0.40 < quality < 0.50 :        14 elements
Info    : 0.50 < quality < 0.60 :        18 elements
Info    : 0.60 < quality < 0.70 :       112 elements
Info    : 0.70 < quality < 0.80 :       256 elements
Info    : 0.80 < quality < 0.90 :        43 elements
Info    : 0.90 < quality < 1.00 :         0 elements
Info    : Optimizing volume 143
Info    : Optimization starts (volume = 3.49854e-11) with worst = 0.394494 / average = 0.712888:
Info    : 0.00 < quality < 0.10 :         0 elements
Info    : 0.10 < quality < 0.20 :         0 elements
Info    : 0.20 < quality < 0.30 :         0 elements
Info    : 0.30 < quality < 0.40 :         4 elements
Info    : 0.40 < quality < 0.50 :        18 elements
Info    : 0.50 < quality < 0.60 :        18 elements
Info    : 0.60 < quality < 0.70 :       109 elements
Info    : 0.70 < quality < 0.80 :       260 elements
Info    : 0.80 < quality < 0.90 :        41 elements
Info    : 0.90 < quality < 1.00 :         0 elements
Info    : No ill-shaped tets in the mesh :-)
Info    : 0.00 < quality < 0.10 :         0 elements
Info    : 0.10 < quality < 0.20 :         0 elements
Info    : 0.20 < quality < 0.30 :         0 elements
Info    : 0.30 < quality < 0.40 :         4 elements
Info    : 0.40 < quality < 0.50 :        18 elements
Info    : 0.50 < quality < 0.60 :        18 elements
Info    : 0.60 < quality < 0.70 :       109 elements
Info    : 0.70 < quality < 0.80 :       260 elements
Info    : 0.80 < quality < 0.90 :        41 elements
Info    : 0.90 < quality < 1.00 :         0 elements
Info    : Optimizing volume 144
Info    : Optimization starts (volume = 3.49854e-11) with worst = 0.391472 / average = 0.71294:
Info    : 0.00 < quality < 0.10 :         0 elements
Info    : 0.10 < quality < 0.20 :         0 elements
Info    : 0.20 < quality < 0.30 :         0 elements
Info    : 0.30 < quality < 0.40 :         4 elements
Info    : 0.40 < quality < 0.50 :        18 elements
Info    : 0.50 < quality < 0.60 :        20 elements
Info    : 0.60 < quality < 0.70 :       107 elements
Info    : 0.70 < quality < 0.80 :       261 elements
Info    : 0.80 < quality < 0.90 :        40 elements
Info    : 0.90 < quality < 1.00 :         0 elements
Info    : No ill-shaped tets in the mesh :-)
Info    : 0.00 < quality < 0.10 :         0 elements
Info    : 0.10 < quality < 0.20 :         0 elements
Info    : 0.20 < quality < 0.30 :         0 elements
Info    : 0.30 < quality < 0.40 :         4 elements
Info    : 0.40 < quality < 0.50 :        18 elements
Info    : 0.50 < quality < 0.60 :        20 elements
Info    : 0.60 < quality < 0.70 :       107 elements
Info    : 0.70 < quality < 0.80 :       261 elements
Info    : 0.80 < quality < 0.90 :        40 elements
Info    : 0.90 < quality < 1.00 :         0 elements
Info    : Optimizing volume 145
Info    : Optimization starts (volume = 3.49854e-11) with worst = 0.394494 / average = 0.717849:
Info    : 0.00 < quality < 0.10 :         0 elements
Info    : 0.10 < quality < 0.20 :         0 elements
Info    : 0.20 < quality < 0.30 :         0 elements
Info    : 0.30 < quality < 0.40 :         2 elements
Info    : 0.40 < quality < 0.50 :        14 elements
Info    : 0.50 < quality < 0.60 :        18 elements
Info    : 0.60 < quality < 0.70 :       111 elements
Info    : 0.70 < quality < 0.80 :       259 elements
Info    : 0.80 < quality < 0.90 :        41 elements
Info    : 0.90 < quality < 1.00 :         0 elements
Info    : No ill-shaped tets in the mesh :-)
Info    : 0.00 < quality < 0.10 :         0 elements
Info    : 0.10 < quality < 0.20 :         0 elements
Info    : 0.20 < quality < 0.30 :         0 elements
Info    : 0.30 < quality < 0.40 :         2 elements
Info    : 0.40 < quality < 0.50 :        14 elements
Info    : 0.50 < quality < 0.60 :        18 elements
Info    : 0.60 < quality < 0.70 :       111 elements
Info    : 0.70 < quality < 0.80 :       259 elements
Info    : 0.80 < quality < 0.90 :        41 elements
Info    : 0.90 < quality < 1.00 :         0 elements
Info    : Optimizing volume 146
Info    : Optimization starts (volume = 3.49854e-11) with worst = 0.394494 / average = 0.717707:
Info    : 0.00 < quality < 0.10 :         0 elements
Info    : 0.10 < quality < 0.20 :         0 elements
Info    : 0.20 < quality < 0.30 :         0 elements
Info    : 0.30 < quality < 0.40 :         2 elements
Info    : 0.40 < quality < 0.50 :        14 elements
Info    : 0.50 < quality < 0.60 :        18 elements
Info    : 0.60 < quality < 0.70 :       110 elements
Info    : 0.70 < quality < 0.80 :       260 elements
Info    : 0.80 < quality < 0.90 :        41 elements
Info    : 0.90 < quality < 1.00 :         0 elements
Info    : No ill-shaped tets in the mesh :-)
Info    : 0.00 < quality < 0.10 :         0 elements
Info    : 0.10 < quality < 0.20 :         0 elements
Info    : 0.20 < quality < 0.30 :         0 elements
Info    : 0.30 < quality < 0.40 :         2 elements
Info    : 0.40 < quality < 0.50 :        14 elements
Info    : 0.50 < quality < 0.60 :        18 elements
Info    : 0.60 < quality < 0.70 :       110 elements
Info    : 0.70 < quality < 0.80 :       260 elements
Info    : 0.80 < quality < 0.90 :        41 elements
Info    : 0.90 < quality < 1.00 :         0 elements
Info    : Optimizing volume 147
Info    : Optimization starts (volume = 3.49854e-11) with worst = 0.276264 / average = 0.698137:
Info    : 0.00 < quality < 0.10 :         0 elements
Info    : 0.10 < quality < 0.20 :         0 elements
Info    : 0.20 < quality < 0.30 :         2 elements
Info    : 0.30 < quality < 0.40 :        20 elements
Info    : 0.40 < quality < 0.50 :        18 elements
Info    : 0.50 < quality < 0.60 :        19 elements
Info    : 0.60 < quality < 0.70 :       114 elements
Info    : 0.70 < quality < 0.80 :       256 elements
Info    : 0.80 < quality < 0.90 :        36 elements
Info    : 0.90 < quality < 1.00 :         0 elements
Info    : 1 edge swaps, 0 node relocations (volume = 3.49854e-11): worst = 0.315999 / average = 0.699154 (Wall 5.27082e-05s, CPU 3.9e-05s)
Info    : No ill-shaped tets in the mesh :-)
Info    : 0.00 < quality < 0.10 :         0 elements
Info    : 0.10 < quality < 0.20 :         0 elements
Info    : 0.20 < quality < 0.30 :         0 elements
Info    : 0.30 < quality < 0.40 :        20 elements
Info    : 0.40 < quality < 0.50 :        18 elements
Info    : 0.50 < quality < 0.60 :        21 elements
Info    : 0.60 < quality < 0.70 :       116 elements
Info    : 0.70 < quality < 0.80 :       255 elements
Info    : 0.80 < quality < 0.90 :        36 elements
Info    : 0.90 < quality < 1.00 :         0 elements
Info    : Optimizing volume 148
Info    : Optimization starts (volume = 2.19246e-09) with worst = 0.0221846 / average = 0.21684:
Info    : 0.00 < quality < 0.10 :         4 elements
Info    : 0.10 < quality < 0.20 :         6 elements
Info    : 0.20 < quality < 0.30 :       402 elements
Info    : 0.30 < quality < 0.40 :         0 elements
Info    : 0.40 < quality < 0.50 :         0 elements
Info    : 0.50 < quality < 0.60 :         0 elements
Info    : 0.60 < quality < 0.70 :         0 elements
Info    : 0.70 < quality < 0.80 :         0 elements
Info    : 0.80 < quality < 0.90 :         0 elements
Info    : 0.90 < quality < 1.00 :         0 elements
Info    : 49 edge swaps, 0 node relocations (volume = 2.19246e-09): worst = 0.0221846 / average = 0.216858 (Wall 0.00163258s, CPU 0.001618s)
Info    : 56 edge swaps, 0 node relocations (volume = 2.19246e-09): worst = 0.0221846 / average = 0.216855 (Wall 0.00371954s, CPU 0.003669s)
Info    : No ill-shaped tets in the mesh :-)
Info    : 0.00 < quality < 0.10 :         4 elements
Info    : 0.10 < quality < 0.20 :         4 elements
Info    : 0.20 < quality < 0.30 :       379 elements
Info    : 0.30 < quality < 0.40 :         0 elements
Info    : 0.40 < quality < 0.50 :         0 elements
Info    : 0.50 < quality < 0.60 :         0 elements
Info    : 0.60 < quality < 0.70 :         0 elements
Info    : 0.70 < quality < 0.80 :         0 elements
Info    : 0.80 < quality < 0.90 :         0 elements
Info    : 0.90 < quality < 1.00 :         0 elements
Info    : Optimizing volume 149
Info    : Optimization starts (volume = 1.95667e-09) with worst = 0.0182789 / average = 0.216271:
Info    : 0.00 < quality < 0.10 :         6 elements
Info    : 0.10 < quality < 0.20 :        34 elements
Info    : 0.20 < quality < 0.30 :       341 elements
Info    : 0.30 < quality < 0.40 :         0 elements
Info    : 0.40 < quality < 0.50 :         0 elements
Info    : 0.50 < quality < 0.60 :         0 elements
Info    : 0.60 < quality < 0.70 :         0 elements
Info    : 0.70 < quality < 0.80 :         0 elements
Info    : 0.80 < quality < 0.90 :         0 elements
Info    : 0.90 < quality < 1.00 :         0 elements
Info    : 46 edge swaps, 5 node relocations (volume = 1.95667e-09): worst = 0.0182789 / average = 0.216311 (Wall 0.00170917s, CPU 0.001694s)
Info    : 52 edge swaps, 6 node relocations (volume = 1.95667e-09): worst = 0.0182789 / average = 0.216317 (Wall 0.00354662s, CPU 0.003527s)
Info    : No ill-shaped tets in the mesh :-)
Info    : 0.00 < quality < 0.10 :         6 elements
Info    : 0.10 < quality < 0.20 :        31 elements
Info    : 0.20 < quality < 0.30 :       324 elements
Info    : 0.30 < quality < 0.40 :         0 elements
Info    : 0.40 < quality < 0.50 :         0 elements
Info    : 0.50 < quality < 0.60 :         0 elements
Info    : 0.60 < quality < 0.70 :         0 elements
Info    : 0.70 < quality < 0.80 :         0 elements
Info    : 0.80 < quality < 0.90 :         0 elements
Info    : 0.90 < quality < 1.00 :         0 elements
Info    : Optimizing volume 150
Info    : Optimization starts (volume = 1.95667e-09) with worst = 0.020259 / average = 0.217596:
Info    : 0.00 < quality < 0.10 :         4 elements
Info    : 0.10 < quality < 0.20 :        30 elements
Info    : 0.20 < quality < 0.30 :       342 elements
Info    : 0.30 < quality < 0.40 :         0 elements
Info    : 0.40 < quality < 0.50 :         0 elements
Info    : 0.50 < quality < 0.60 :         0 elements
Info    : 0.60 < quality < 0.70 :         0 elements
Info    : 0.70 < quality < 0.80 :         0 elements
Info    : 0.80 < quality < 0.90 :         0 elements
Info    : 0.90 < quality < 1.00 :         0 elements
Info    : 54 edge swaps, 7 node relocations (volume = 1.95667e-09): worst = 0.020259 / average = 0.217625 (Wall 0.00166154s, CPU 0.001605s)
Info    : 58 edge swaps, 9 node relocations (volume = 1.95667e-09): worst = 0.020259 / average = 0.217626 (Wall 0.00349979s, CPU 0.003416s)
Info    : No ill-shaped tets in the mesh :-)
Info    : 0.00 < quality < 0.10 :         4 elements
Info    : 0.10 < quality < 0.20 :        28 elements
Info    : 0.20 < quality < 0.30 :       328 elements
Info    : 0.30 < quality < 0.40 :         0 elements
Info    : 0.40 < quality < 0.50 :         0 elements
Info    : 0.50 < quality < 0.60 :         0 elements
Info    : 0.60 < quality < 0.70 :         0 elements
Info    : 0.70 < quality < 0.80 :         0 elements
Info    : 0.80 < quality < 0.90 :         0 elements
Info    : 0.90 < quality < 1.00 :         0 elements
Info    : Optimizing volume 151
Info    : Optimization starts (volume = 1.134e-09) with worst = 0.00253608 / average = 0.21511:
Info    : 0.00 < quality < 0.10 :        18 elements
Info    : 0.10 < quality < 0.20 :         9 elements
Info    : 0.20 < quality < 0.30 :       220 elements
Info    : 0.30 < quality < 0.40 :         0 elements
Info    : 0.40 < quality < 0.50 :         0 elements
Info    : 0.50 < quality < 0.60 :         0 elements
Info    : 0.60 < quality < 0.70 :         0 elements
Info    : 0.70 < quality < 0.80 :         0 elements
Info    : 0.80 < quality < 0.90 :         0 elements
Info    : 0.90 < quality < 1.00 :         0 elements
Info    : 39 edge swaps, 0 node relocations (volume = 1.134e-09): worst = 0.0805261 / average = 0.227864 (Wall 0.000886792s, CPU 0.000865s)
Info    : 40 edge swaps, 0 node relocations (volume = 1.134e-09): worst = 0.0805261 / average = 0.227754 (Wall 0.00196475s, CPU 0.001924s)
Info    : No ill-shaped tets in the mesh :-)
Info    : 0.00 < quality < 0.10 :         2 elements
Info    : 0.10 < quality < 0.20 :         6 elements
Info    : 0.20 < quality < 0.30 :       218 elements
Info    : 0.30 < quality < 0.40 :         0 elements
Info    : 0.40 < quality < 0.50 :         0 elements
Info    : 0.50 < quality < 0.60 :         0 elements
Info    : 0.60 < quality < 0.70 :         0 elements
Info    : 0.70 < quality < 0.80 :         0 elements
Info    : 0.80 < quality < 0.90 :         0 elements
Info    : 0.90 < quality < 1.00 :         0 elements
Info    : Optimizing volume 152
Info    : Optimization starts (volume = 1.95667e-09) with worst = 0.0156566 / average = 0.174632:
Info    : 0.00 < quality < 0.10 :        54 elements
Info    : 0.10 < quality < 0.20 :       168 elements
Info    : 0.20 < quality < 0.30 :       175 elements
Info    : 0.30 < quality < 0.40 :         0 elements
Info    : 0.40 < quality < 0.50 :         0 elements
Info    : 0.50 < quality < 0.60 :         0 elements
Info    : 0.60 < quality < 0.70 :         0 elements
Info    : 0.70 < quality < 0.80 :         0 elements
Info    : 0.80 < quality < 0.90 :         0 elements
Info    : 0.90 < quality < 1.00 :         0 elements
Info    : 49 edge swaps, 0 node relocations (volume = 1.95667e-09): worst = 0.0619947 / average = 0.177026 (Wall 0.00159362s, CPU 0.001573s)
Info    : No ill-shaped tets in the mesh :-)
Info    : 0.00 < quality < 0.10 :        37 elements
Info    : 0.10 < quality < 0.20 :       175 elements
Info    : 0.20 < quality < 0.30 :       157 elements
Info    : 0.30 < quality < 0.40 :         0 elements
Info    : 0.40 < quality < 0.50 :         0 elements
Info    : 0.50 < quality < 0.60 :         0 elements
Info    : 0.60 < quality < 0.70 :         0 elements
Info    : 0.70 < quality < 0.80 :         0 elements
Info    : 0.80 < quality < 0.90 :         0 elements
Info    : 0.90 < quality < 1.00 :         0 elements
Info    : Optimizing volume 153
Info    : Optimization starts (volume = 1.95667e-09) with worst = 0.0177626 / average = 0.217577:
Info    : 0.00 < quality < 0.10 :         4 elements
Info    : 0.10 < quality < 0.20 :        32 elements
Info    : 0.20 < quality < 0.30 :       340 elements
Info    : 0.30 < quality < 0.40 :         0 elements
Info    : 0.40 < quality < 0.50 :         0 elements
Info    : 0.50 < quality < 0.60 :         0 elements
Info    : 0.60 < quality < 0.70 :         0 elements
Info    : 0.70 < quality < 0.80 :         0 elements
Info    : 0.80 < quality < 0.90 :         0 elements
Info    : 0.90 < quality < 1.00 :         0 elements
Info    : 48 edge swaps, 4 node relocations (volume = 1.95667e-09): worst = 0.0177626 / average = 0.217609 (Wall 0.001495s, CPU 0.001479s)
Info    : 52 edge swaps, 8 node relocations (volume = 1.95667e-09): worst = 0.0177626 / average = 0.217615 (Wall 0.00323913s, CPU 0.003215s)
Info    : No ill-shaped tets in the mesh :-)
Info    : 0.00 < quality < 0.10 :         4 elements
Info    : 0.10 < quality < 0.20 :        32 elements
Info    : 0.20 < quality < 0.30 :       324 elements
Info    : 0.30 < quality < 0.40 :         0 elements
Info    : 0.40 < quality < 0.50 :         0 elements
Info    : 0.50 < quality < 0.60 :         0 elements
Info    : 0.60 < quality < 0.70 :         0 elements
Info    : 0.70 < quality < 0.80 :         0 elements
Info    : 0.80 < quality < 0.90 :         0 elements
Info    : 0.90 < quality < 1.00 :         0 elements
Info    : Optimizing volume 154
Info    : Optimization starts (volume = 3.57e-09) with worst = 0.0176347 / average = 0.21085:
Info    : 0.00 < quality < 0.10 :         8 elements
Info    : 0.10 < quality < 0.20 :        76 elements
Info    : 0.20 < quality < 0.30 :       560 elements
Info    : 0.30 < quality < 0.40 :         0 elements
Info    : 0.40 < quality < 0.50 :         0 elements
Info    : 0.50 < quality < 0.60 :         0 elements
Info    : 0.60 < quality < 0.70 :         0 elements
Info    : 0.70 < quality < 0.80 :         0 elements
Info    : 0.80 < quality < 0.90 :         0 elements
Info    : 0.90 < quality < 1.00 :         0 elements
Info    : 71 edge swaps, 16 node relocations (volume = 3.57e-09): worst = 0.0176347 / average = 0.210868 (Wall 0.00285362s, CPU 0.002822s)
Info    : 79 edge swaps, 24 node relocations (volume = 3.57e-09): worst = 0.0176347 / average = 0.210867 (Wall 0.00645087s, CPU 0.006347s)
Info    : No ill-shaped tets in the mesh :-)
Info    : 0.00 < quality < 0.10 :         8 elements
Info    : 0.10 < quality < 0.20 :        77 elements
Info    : 0.20 < quality < 0.30 :       529 elements
Info    : 0.30 < quality < 0.40 :         0 elements
Info    : 0.40 < quality < 0.50 :         0 elements
Info    : 0.50 < quality < 0.60 :         0 elements
Info    : 0.60 < quality < 0.70 :         0 elements
Info    : 0.70 < quality < 0.80 :         0 elements
Info    : 0.80 < quality < 0.90 :         0 elements
Info    : 0.90 < quality < 1.00 :         0 elements
Info    : Optimizing volume 155
Info    : Optimization starts (volume = 1.95667e-09) with worst = 0.0168005 / average = 0.214778:
Info    : 0.00 < quality < 0.10 :         8 elements
Info    : 0.10 < quality < 0.20 :        41 elements
Info    : 0.20 < quality < 0.30 :       337 elements
Info    : 0.30 < quality < 0.40 :         0 elements
Info    : 0.40 < quality < 0.50 :         0 elements
Info    : 0.50 < quality < 0.60 :         0 elements
Info    : 0.60 < quality < 0.70 :         0 elements
Info    : 0.70 < quality < 0.80 :         0 elements
Info    : 0.80 < quality < 0.90 :         0 elements
Info    : 0.90 < quality < 1.00 :         0 elements
Info    : 47 edge swaps, 9 node relocations (volume = 1.95667e-09): worst = 0.0168005 / average = 0.214807 (Wall 0.00169704s, CPU 0.00166s)
Info    : No ill-shaped tets in the mesh :-)
Info    : 0.00 < quality < 0.10 :         8 elements
Info    : 0.10 < quality < 0.20 :        41 elements
Info    : 0.20 < quality < 0.30 :       337 elements
Info    : 0.30 < quality < 0.40 :         0 elements
Info    : 0.40 < quality < 0.50 :         0 elements
Info    : 0.50 < quality < 0.60 :         0 elements
Info    : 0.60 < quality < 0.70 :         0 elements
Info    : 0.70 < quality < 0.80 :         0 elements
Info    : 0.80 < quality < 0.90 :         0 elements
Info    : 0.90 < quality < 1.00 :         0 elements
Info    : Optimizing volume 156
Info    : Optimization starts (volume = 1.95667e-09) with worst = 0.0156566 / average = 0.174631:
Info    : 0.00 < quality < 0.10 :        54 elements
Info    : 0.10 < quality < 0.20 :       168 elements
Info    : 0.20 < quality < 0.30 :       175 elements
Info    : 0.30 < quality < 0.40 :         0 elements
Info    : 0.40 < quality < 0.50 :         0 elements
Info    : 0.50 < quality < 0.60 :         0 elements
Info    : 0.60 < quality < 0.70 :         0 elements
Info    : 0.70 < quality < 0.80 :         0 elements
Info    : 0.80 < quality < 0.90 :         0 elements
Info    : 0.90 < quality < 1.00 :         0 elements
Info    : 50 edge swaps, 0 node relocations (volume = 1.95667e-09): worst = 0.0619947 / average = 0.176844 (Wall 0.0014745s, CPU 0.001446s)
Info    : 51 edge swaps, 0 node relocations (volume = 1.95667e-09): worst = 0.0619947 / average = 0.176977 (Wall 0.00319117s, CPU 0.00313s)
Info    : No ill-shaped tets in the mesh :-)
Info    : 0.00 < quality < 0.10 :        37 elements
Info    : 0.10 < quality < 0.20 :       173 elements
Info    : 0.20 < quality < 0.30 :       155 elements
Info    : 0.30 < quality < 0.40 :         0 elements
Info    : 0.40 < quality < 0.50 :         0 elements
Info    : 0.50 < quality < 0.60 :         0 elements
Info    : 0.60 < quality < 0.70 :         0 elements
Info    : 0.70 < quality < 0.80 :         0 elements
Info    : 0.80 < quality < 0.90 :         0 elements
Info    : 0.90 < quality < 1.00 :         0 elements
Info    : Optimizing volume 157
Info    : Optimization starts (volume = 1.06581e-10) with worst = 0.2372 / average = 0.614754:
Info    : 0.00 < quality < 0.10 :         0 elements
Info    : 0.10 < quality < 0.20 :         0 elements
Info    : 0.20 < quality < 0.30 :         8 elements
Info    : 0.30 < quality < 0.40 :        14 elements
Info    : 0.40 < quality < 0.50 :        11 elements
Info    : 0.50 < quality < 0.60 :        29 elements
Info    : 0.60 < quality < 0.70 :       321 elements
Info    : 0.70 < quality < 0.80 :         9 elements
Info    : 0.80 < quality < 0.90 :         0 elements
Info    : 0.90 < quality < 1.00 :         0 elements
Info    : 1 edge swaps, 1 node relocations (volume = 1.06581e-10): worst = 0.258636 / average = 0.614911 (Wall 7.13342e-05s, CPU 5.7e-05s)
Info    : No ill-shaped tets in the mesh :-)
Info    : 0.00 < quality < 0.10 :         0 elements
Info    : 0.10 < quality < 0.20 :         0 elements
Info    : 0.20 < quality < 0.30 :         6 elements
Info    : 0.30 < quality < 0.40 :        18 elements
Info    : 0.40 < quality < 0.50 :         7 elements
Info    : 0.50 < quality < 0.60 :        31 elements
Info    : 0.60 < quality < 0.70 :       322 elements
Info    : 0.70 < quality < 0.80 :         9 elements
Info    : 0.80 < quality < 0.90 :         0 elements
Info    : 0.90 < quality < 1.00 :         0 elements
Info    : Optimizing volume 158
Info    : Optimization starts (volume = 1.0653e-10) with worst = 0.275467 / average = 0.634226:
Info    : 0.00 < quality < 0.10 :         0 elements
Info    : 0.10 < quality < 0.20 :         0 elements
Info    : 0.20 < quality < 0.30 :         2 elements
Info    : 0.30 < quality < 0.40 :         0 elements
Info    : 0.40 < quality < 0.50 :         6 elements
Info    : 0.50 < quality < 0.60 :        34 elements
Info    : 0.60 < quality < 0.70 :       319 elements
Info    : 0.70 < quality < 0.80 :        10 elements
Info    : 0.80 < quality < 0.90 :         0 elements
Info    : 0.90 < quality < 1.00 :         0 elements
Info    : No ill-shaped tets in the mesh :-)
Info    : 0.00 < quality < 0.10 :         0 elements
Info    : 0.10 < quality < 0.20 :         0 elements
Info    : 0.20 < quality < 0.30 :         2 elements
Info    : 0.30 < quality < 0.40 :         0 elements
Info    : 0.40 < quality < 0.50 :         6 elements
Info    : 0.50 < quality < 0.60 :        34 elements
Info    : 0.60 < quality < 0.70 :       319 elements
Info    : 0.70 < quality < 0.80 :        10 elements
Info    : 0.80 < quality < 0.90 :         0 elements
Info    : 0.90 < quality < 1.00 :         0 elements
Info    : Optimizing volume 159
Info    : Optimization starts (volume = 1.06581e-10) with worst = 0.242126 / average = 0.6099:
Info    : 0.00 < quality < 0.10 :         0 elements
Info    : 0.10 < quality < 0.20 :         0 elements
Info    : 0.20 < quality < 0.30 :        10 elements
Info    : 0.30 < quality < 0.40 :        14 elements
Info    : 0.40 < quality < 0.50 :        20 elements
Info    : 0.50 < quality < 0.60 :        31 elements
Info    : 0.60 < quality < 0.70 :       310 elements
Info    : 0.70 < quality < 0.80 :        12 elements
Info    : 0.80 < quality < 0.90 :         0 elements
Info    : 0.90 < quality < 1.00 :         0 elements
Info    : 1 edge swaps, 6 node relocations (volume = 1.06581e-10): worst = 0.242126 / average = 0.609891 (Wall 7.84579e-05s, CPU 6.5e-05s)
Info    : 2 edge swaps, 7 node relocations (volume = 1.06581e-10): worst = 0.242126 / average = 0.609904 (Wall 0.000139833s, CPU 0.000124s)
Info    : No ill-shaped tets in the mesh :-)
Info    : 0.00 < quality < 0.10 :         0 elements
Info    : 0.10 < quality < 0.20 :         0 elements
Info    : 0.20 < quality < 0.30 :         8 elements
Info    : 0.30 < quality < 0.40 :        16 elements
Info    : 0.40 < quality < 0.50 :        18 elements
Info    : 0.50 < quality < 0.60 :        29 elements
Info    : 0.60 < quality < 0.70 :       310 elements
Info    : 0.70 < quality < 0.80 :        12 elements
Info    : 0.80 < quality < 0.90 :         0 elements
Info    : 0.90 < quality < 1.00 :         0 elements
Info    : Optimizing volume 160
Info    : Optimization starts (volume = 1.06581e-10) with worst = 0.266537 / average = 0.625306:
Info    : 0.00 < quality < 0.10 :         0 elements
Info    : 0.10 < quality < 0.20 :         0 elements
Info    : 0.20 < quality < 0.30 :         3 elements
Info    : 0.30 < quality < 0.40 :        12 elements
Info    : 0.40 < quality < 0.50 :         3 elements
Info    : 0.50 < quality < 0.60 :        36 elements
Info    : 0.60 < quality < 0.70 :       316 elements
Info    : 0.70 < quality < 0.80 :        12 elements
Info    : 0.80 < quality < 0.90 :         0 elements
Info    : 0.90 < quality < 1.00 :         0 elements
Info    : 1 edge swaps, 0 node relocations (volume = 1.06581e-10): worst = 0.266537 / average = 0.625903 (Wall 5.16251e-05s, CPU 3.8e-05s)
Info    : No ill-shaped tets in the mesh :-)
Info    : 0.00 < quality < 0.10 :         0 elements
Info    : 0.10 < quality < 0.20 :         0 elements
Info    : 0.20 < quality < 0.30 :         2 elements
Info    : 0.30 < quality < 0.40 :        12 elements
Info    : 0.40 < quality < 0.50 :         4 elements
Info    : 0.50 < quality < 0.60 :        35 elements
Info    : 0.60 < quality < 0.70 :       317 elements
Info    : 0.70 < quality < 0.80 :        12 elements
Info    : 0.80 < quality < 0.90 :         0 elements
Info    : 0.90 < quality < 1.00 :         0 elements
Info    : Optimizing volume 161
Info    : Optimization starts (volume = 1.06581e-10) with worst = 0.270379 / average = 0.620042:
Info    : 0.00 < quality < 0.10 :         0 elements
Info    : 0.10 < quality < 0.20 :         0 elements
Info    : 0.20 < quality < 0.30 :         2 elements
Info    : 0.30 < quality < 0.40 :        11 elements
Info    : 0.40 < quality < 0.50 :        15 elements
Info    : 0.50 < quality < 0.60 :        33 elements
Info    : 0.60 < quality < 0.70 :       316 elements
Info    : 0.70 < quality < 0.80 :        10 elements
Info    : 0.80 < quality < 0.90 :         0 elements
Info    : 0.90 < quality < 1.00 :         0 elements
Info    : No ill-shaped tets in the mesh :-)
Info    : 0.00 < quality < 0.10 :         0 elements
Info    : 0.10 < quality < 0.20 :         0 elements
Info    : 0.20 < quality < 0.30 :         2 elements
Info    : 0.30 < quality < 0.40 :        11 elements
Info    : 0.40 < quality < 0.50 :        15 elements
Info    : 0.50 < quality < 0.60 :        33 elements
Info    : 0.60 < quality < 0.70 :       316 elements
Info    : 0.70 < quality < 0.80 :        10 elements
Info    : 0.80 < quality < 0.90 :         0 elements
Info    : 0.90 < quality < 1.00 :         0 elements
Info    : Optimizing volume 162
Info    : Optimization starts (volume = 1.06555e-10) with worst = 0.270379 / average = 0.621849:
Info    : 0.00 < quality < 0.10 :         0 elements
Info    : 0.10 < quality < 0.20 :         0 elements
Info    : 0.20 < quality < 0.30 :         4 elements
Info    : 0.30 < quality < 0.40 :         6 elements
Info    : 0.40 < quality < 0.50 :        16 elements
Info    : 0.50 < quality < 0.60 :        33 elements
Info    : 0.60 < quality < 0.70 :       313 elements
Info    : 0.70 < quality < 0.80 :        12 elements
Info    : 0.80 < quality < 0.90 :         0 elements
Info    : 0.90 < quality < 1.00 :         0 elements
Info    : No ill-shaped tets in the mesh :-)
Info    : 0.00 < quality < 0.10 :         0 elements
Info    : 0.10 < quality < 0.20 :         0 elements
Info    : 0.20 < quality < 0.30 :         4 elements
Info    : 0.30 < quality < 0.40 :         6 elements
Info    : 0.40 < quality < 0.50 :        16 elements
Info    : 0.50 < quality < 0.60 :        33 elements
Info    : 0.60 < quality < 0.70 :       313 elements
Info    : 0.70 < quality < 0.80 :        12 elements
Info    : 0.80 < quality < 0.90 :         0 elements
Info    : 0.90 < quality < 1.00 :         0 elements
Info    : Optimizing volume 163
Info    : Optimization starts (volume = 1.06581e-10) with worst = 0.306874 / average = 0.630223:
Info    : 0.00 < quality < 0.10 :         0 elements
Info    : 0.10 < quality < 0.20 :         0 elements
Info    : 0.20 < quality < 0.30 :         0 elements
Info    : 0.30 < quality < 0.40 :         8 elements
Info    : 0.40 < quality < 0.50 :         4 elements
Info    : 0.50 < quality < 0.60 :        37 elements
Info    : 0.60 < quality < 0.70 :       319 elements
Info    : 0.70 < quality < 0.80 :         9 elements
Info    : 0.80 < quality < 0.90 :         0 elements
Info    : 0.90 < quality < 1.00 :         0 elements
Info    : No ill-shaped tets in the mesh :-)
Info    : 0.00 < quality < 0.10 :         0 elements
Info    : 0.10 < quality < 0.20 :         0 elements
Info    : 0.20 < quality < 0.30 :         0 elements
Info    : 0.30 < quality < 0.40 :         8 elements
Info    : 0.40 < quality < 0.50 :         4 elements
Info    : 0.50 < quality < 0.60 :        37 elements
Info    : 0.60 < quality < 0.70 :       319 elements
Info    : 0.70 < quality < 0.80 :         9 elements
Info    : 0.80 < quality < 0.90 :         0 elements
Info    : 0.90 < quality < 1.00 :         0 elements
Info    : Optimizing volume 164
Info    : Optimization starts (volume = 1.06555e-10) with worst = 0.314069 / average = 0.638075:
Info    : 0.00 < quality < 0.10 :         0 elements
Info    : 0.10 < quality < 0.20 :         0 elements
Info    : 0.20 < quality < 0.30 :         0 elements
Info    : 0.30 < quality < 0.40 :         2 elements
Info    : 0.40 < quality < 0.50 :         0 elements
Info    : 0.50 < quality < 0.60 :        32 elements
Info    : 0.60 < quality < 0.70 :       324 elements
Info    : 0.70 < quality < 0.80 :        11 elements
Info    : 0.80 < quality < 0.90 :         0 elements
Info    : 0.90 < quality < 1.00 :         0 elements
Info    : No ill-shaped tets in the mesh :-)
Info    : 0.00 < quality < 0.10 :         0 elements
Info    : 0.10 < quality < 0.20 :         0 elements
Info    : 0.20 < quality < 0.30 :         0 elements
Info    : 0.30 < quality < 0.40 :         2 elements
Info    : 0.40 < quality < 0.50 :         0 elements
Info    : 0.50 < quality < 0.60 :        32 elements
Info    : 0.60 < quality < 0.70 :       324 elements
Info    : 0.70 < quality < 0.80 :        11 elements
Info    : 0.80 < quality < 0.90 :         0 elements
Info    : 0.90 < quality < 1.00 :         0 elements
Info    : Optimizing volume 165
Info    : Optimization starts (volume = 1.0653e-10) with worst = 0.270815 / average = 0.628272:
Info    : 0.00 < quality < 0.10 :         0 elements
Info    : 0.10 < quality < 0.20 :         0 elements
Info    : 0.20 < quality < 0.30 :         4 elements
Info    : 0.30 < quality < 0.40 :         4 elements
Info    : 0.40 < quality < 0.50 :         8 elements
Info    : 0.50 < quality < 0.60 :        33 elements
Info    : 0.60 < quality < 0.70 :       317 elements
Info    : 0.70 < quality < 0.80 :        10 elements
Info    : 0.80 < quality < 0.90 :         0 elements
Info    : 0.90 < quality < 1.00 :         0 elements
Info    : No ill-shaped tets in the mesh :-)
Info    : 0.00 < quality < 0.10 :         0 elements
Info    : 0.10 < quality < 0.20 :         0 elements
Info    : 0.20 < quality < 0.30 :         4 elements
Info    : 0.30 < quality < 0.40 :         4 elements
Info    : 0.40 < quality < 0.50 :         8 elements
Info    : 0.50 < quality < 0.60 :        33 elements
Info    : 0.60 < quality < 0.70 :       317 elements
Info    : 0.70 < quality < 0.80 :        10 elements
Info    : 0.80 < quality < 0.90 :         0 elements
Info    : 0.90 < quality < 1.00 :         0 elements
Info    : Optimizing volume 166
Info    : Optimization starts (volume = 1.06581e-10) with worst = 0.314069 / average = 0.635601:
Info    : 0.00 < quality < 0.10 :         0 elements
Info    : 0.10 < quality < 0.20 :         0 elements
Info    : 0.20 < quality < 0.30 :         0 elements
Info    : 0.30 < quality < 0.40 :         4 elements
Info    : 0.40 < quality < 0.50 :         0 elements
Info    : 0.50 < quality < 0.60 :        36 elements
Info    : 0.60 < quality < 0.70 :       320 elements
Info    : 0.70 < quality < 0.80 :        12 elements
Info    : 0.80 < quality < 0.90 :         0 elements
Info    : 0.90 < quality < 1.00 :         0 elements
Info    : No ill-shaped tets in the mesh :-)
Info    : 0.00 < quality < 0.10 :         0 elements
Info    : 0.10 < quality < 0.20 :         0 elements
Info    : 0.20 < quality < 0.30 :         0 elements
Info    : 0.30 < quality < 0.40 :         4 elements
Info    : 0.40 < quality < 0.50 :         0 elements
Info    : 0.50 < quality < 0.60 :        36 elements
Info    : 0.60 < quality < 0.70 :       320 elements
Info    : 0.70 < quality < 0.80 :        12 elements
Info    : 0.80 < quality < 0.90 :         0 elements
Info    : 0.90 < quality < 1.00 :         0 elements
Info    : Optimizing volume 167
Info    : Optimization starts (volume = 1.06555e-10) with worst = 0.234212 / average = 0.61677:
Info    : 0.00 < quality < 0.10 :         0 elements
Info    : 0.10 < quality < 0.20 :         0 elements
Info    : 0.20 < quality < 0.30 :         6 elements
Info    : 0.30 < quality < 0.40 :        12 elements
Info    : 0.40 < quality < 0.50 :        13 elements
Info    : 0.50 < quality < 0.60 :        32 elements
Info    : 0.60 < quality < 0.70 :       315 elements
Info    : 0.70 < quality < 0.80 :        11 elements
Info    : 0.80 < quality < 0.90 :         0 elements
Info    : 0.90 < quality < 1.00 :         0 elements
Info    : 1 edge swaps, 0 node relocations (volume = 1.06555e-10): worst = 0.270379 / average = 0.617538 (Wall 6.07499e-05s, CPU 4.2e-05s)
Info    : No ill-shaped tets in the mesh :-)
Info    : 0.00 < quality < 0.10 :         0 elements
Info    : 0.10 < quality < 0.20 :         0 elements
Info    : 0.20 < quality < 0.30 :         4 elements
Info    : 0.30 < quality < 0.40 :        13 elements
Info    : 0.40 < quality < 0.50 :        14 elements
Info    : 0.50 < quality < 0.60 :        31 elements
Info    : 0.60 < quality < 0.70 :       316 elements
Info    : 0.70 < quality < 0.80 :        11 elements
Info    : 0.80 < quality < 0.90 :         0 elements
Info    : 0.90 < quality < 1.00 :         0 elements
Info    : Optimizing volume 168
Info    : Optimization starts (volume = 1.0653e-10) with worst = 0.289462 / average = 0.633514:
Info    : 0.00 < quality < 0.10 :         0 elements
Info    : 0.10 < quality < 0.20 :         0 elements
Info    : 0.20 < quality < 0.30 :         2 elements
Info    : 0.30 < quality < 0.40 :         1 elements
Info    : 0.40 < quality < 0.50 :         5 elements
Info    : 0.50 < quality < 0.60 :        31 elements
Info    : 0.60 < quality < 0.70 :       323 elements
Info    : 0.70 < quality < 0.80 :         9 elements
Info    : 0.80 < quality < 0.90 :         0 elements
Info    : 0.90 < quality < 1.00 :         0 elements
Info    : No ill-shaped tets in the mesh :-)
Info    : 0.00 < quality < 0.10 :         0 elements
Info    : 0.10 < quality < 0.20 :         0 elements
Info    : 0.20 < quality < 0.30 :         2 elements
Info    : 0.30 < quality < 0.40 :         1 elements
Info    : 0.40 < quality < 0.50 :         5 elements
Info    : 0.50 < quality < 0.60 :        31 elements
Info    : 0.60 < quality < 0.70 :       323 elements
Info    : 0.70 < quality < 0.80 :         9 elements
Info    : 0.80 < quality < 0.90 :         0 elements
Info    : 0.90 < quality < 1.00 :         0 elements
Info    : Optimizing volume 169
Info    : Optimization starts (volume = 4.19729e-10) with worst = 0.0157034 / average = 0.206532:
Info    : 0.00 < quality < 0.10 :         6 elements
Info    : 0.10 < quality < 0.20 :        38 elements
Info    : 0.20 < quality < 0.30 :        58 elements
Info    : 0.30 < quality < 0.40 :         0 elements
Info    : 0.40 < quality < 0.50 :         1 elements
Info    : 0.50 < quality < 0.60 :         0 elements
Info    : 0.60 < quality < 0.70 :         0 elements
Info    : 0.70 < quality < 0.80 :         0 elements
Info    : 0.80 < quality < 0.90 :         0 elements
Info    : 0.90 < quality < 1.00 :         0 elements
Info    : 18 edge swaps, 6 node relocations (volume = 4.19729e-10): worst = 0.0157034 / average = 0.210808 (Wall 0.000380333s, CPU 0.00036s)
Info    : 20 edge swaps, 7 node relocations (volume = 4.19729e-10): worst = 0.0157034 / average = 0.210911 (Wall 0.000785375s, CPU 0.000759s)
Info    : No ill-shaped tets in the mesh :-)
Info    : 0.00 < quality < 0.10 :         2 elements
Info    : 0.10 < quality < 0.20 :        33 elements
Info    : 0.20 < quality < 0.30 :        58 elements
Info    : 0.30 < quality < 0.40 :         0 elements
Info    : 0.40 < quality < 0.50 :         1 elements
Info    : 0.50 < quality < 0.60 :         0 elements
Info    : 0.60 < quality < 0.70 :         0 elements
Info    : 0.70 < quality < 0.80 :         0 elements
Info    : 0.80 < quality < 0.90 :         0 elements
Info    : 0.90 < quality < 1.00 :         0 elements
Info    : Optimizing volume 10169
Info    : Optimization starts (volume = 1.064e-08) with worst = 0.00771798 / average = 0.159726:
Info    : 0.00 < quality < 0.10 :       397 elements
Info    : 0.10 < quality < 0.20 :       715 elements
Info    : 0.20 < quality < 0.30 :       696 elements
Info    : 0.30 < quality < 0.40 :         0 elements
Info    : 0.40 < quality < 0.50 :         0 elements
Info    : 0.50 < quality < 0.60 :         0 elements
Info    : 0.60 < quality < 0.70 :         0 elements
Info    : 0.70 < quality < 0.80 :         0 elements
Info    : 0.80 < quality < 0.90 :         0 elements
Info    : 0.90 < quality < 1.00 :         0 elements
Info    : 238 edge swaps, 3 node relocations (volume = 1.064e-08): worst = 0.0191789 / average = 0.159663 (Wall 0.00728646s, CPU 0.006985s)
Info    : 240 edge swaps, 3 node relocations (volume = 1.064e-08): worst = 0.0191789 / average = 0.159685 (Wall 0.0150054s, CPU 0.014685s)
Info    : No ill-shaped tets in the mesh :-)
Info    : 0.00 < quality < 0.10 :       350 elements
Info    : 0.10 < quality < 0.20 :       913 elements
Info    : 0.20 < quality < 0.30 :       479 elements
Info    : 0.30 < quality < 0.40 :         0 elements
Info    : 0.40 < quality < 0.50 :         0 elements
Info    : 0.50 < quality < 0.60 :         0 elements
Info    : 0.60 < quality < 0.70 :         0 elements
Info    : 0.70 < quality < 0.80 :         0 elements
Info    : 0.80 < quality < 0.90 :         0 elements
Info    : 0.90 < quality < 1.00 :         0 elements
Info    : Optimizing volume 10170
Info    : Optimization starts (volume = 3.49854e-11) with worst = 0.334245 / average = 0.698078:
Info    : 0.00 < quality < 0.10 :         0 elements
Info    : 0.10 < quality < 0.20 :         0 elements
Info    : 0.20 < quality < 0.30 :         0 elements
Info    : 0.30 < quality < 0.40 :        16 elements
Info    : 0.40 < quality < 0.50 :        24 elements
Info    : 0.50 < quality < 0.60 :        19 elements
Info    : 0.60 < quality < 0.70 :       116 elements
Info    : 0.70 < quality < 0.80 :       251 elements
Info    : 0.80 < quality < 0.90 :        39 elements
Info    : 0.90 < quality < 1.00 :         0 elements
Info    : No ill-shaped tets in the mesh :-)
Info    : 0.00 < quality < 0.10 :         0 elements
Info    : 0.10 < quality < 0.20 :         0 elements
Info    : 0.20 < quality < 0.30 :         0 elements
Info    : 0.30 < quality < 0.40 :        16 elements
Info    : 0.40 < quality < 0.50 :        24 elements
Info    : 0.50 < quality < 0.60 :        19 elements
Info    : 0.60 < quality < 0.70 :       116 elements
Info    : 0.70 < quality < 0.80 :       251 elements
Info    : 0.80 < quality < 0.90 :        39 elements
Info    : 0.90 < quality < 1.00 :         0 elements
Info    : Optimizing volume 10171
Info    : Optimization starts (volume = 3.49854e-11) with worst = 0.394494 / average = 0.717849:
Info    : 0.00 < quality < 0.10 :         0 elements
Info    : 0.10 < quality < 0.20 :         0 elements
Info    : 0.20 < quality < 0.30 :         0 elements
Info    : 0.30 < quality < 0.40 :         2 elements
Info    : 0.40 < quality < 0.50 :        14 elements
Info    : 0.50 < quality < 0.60 :        18 elements
Info    : 0.60 < quality < 0.70 :       108 elements
Info    : 0.70 < quality < 0.80 :       264 elements
Info    : 0.80 < quality < 0.90 :        39 elements
Info    : 0.90 < quality < 1.00 :         0 elements
Info    : No ill-shaped tets in the mesh :-)
Info    : 0.00 < quality < 0.10 :         0 elements
Info    : 0.10 < quality < 0.20 :         0 elements
Info    : 0.20 < quality < 0.30 :         0 elements
Info    : 0.30 < quality < 0.40 :         2 elements
Info    : 0.40 < quality < 0.50 :        14 elements
Info    : 0.50 < quality < 0.60 :        18 elements
Info    : 0.60 < quality < 0.70 :       108 elements
Info    : 0.70 < quality < 0.80 :       264 elements
Info    : 0.80 < quality < 0.90 :        39 elements
Info    : 0.90 < quality < 1.00 :         0 elements
Info    : Optimizing volume 10172
Info    : Optimization starts (volume = 3.49854e-11) with worst = 0.394494 / average = 0.717866:
Info    : 0.00 < quality < 0.10 :         0 elements
Info    : 0.10 < quality < 0.20 :         0 elements
Info    : 0.20 < quality < 0.30 :         0 elements
Info    : 0.30 < quality < 0.40 :         2 elements
Info    : 0.40 < quality < 0.50 :        14 elements
Info    : 0.50 < quality < 0.60 :        18 elements
Info    : 0.60 < quality < 0.70 :       111 elements
Info    : 0.70 < quality < 0.80 :       260 elements
Info    : 0.80 < quality < 0.90 :        40 elements
Info    : 0.90 < quality < 1.00 :         0 elements
Info    : No ill-shaped tets in the mesh :-)
Info    : 0.00 < quality < 0.10 :         0 elements
Info    : 0.10 < quality < 0.20 :         0 elements
Info    : 0.20 < quality < 0.30 :         0 elements
Info    : 0.30 < quality < 0.40 :         2 elements
Info    : 0.40 < quality < 0.50 :        14 elements
Info    : 0.50 < quality < 0.60 :        18 elements
Info    : 0.60 < quality < 0.70 :       111 elements
Info    : 0.70 < quality < 0.80 :       260 elements
Info    : 0.80 < quality < 0.90 :        40 elements
Info    : 0.90 < quality < 1.00 :         0 elements
Info    : Optimizing volume 10173
Info    : Optimization starts (volume = 3.49854e-11) with worst = 0.394494 / average = 0.718287:
Info    : 0.00 < quality < 0.10 :         0 elements
Info    : 0.10 < quality < 0.20 :         0 elements
Info    : 0.20 < quality < 0.30 :         0 elements
Info    : 0.30 < quality < 0.40 :         2 elements
Info    : 0.40 < quality < 0.50 :        14 elements
Info    : 0.50 < quality < 0.60 :        18 elements
Info    : 0.60 < quality < 0.70 :       107 elements
Info    : 0.70 < quality < 0.80 :       263 elements
Info    : 0.80 < quality < 0.90 :        41 elements
Info    : 0.90 < quality < 1.00 :         0 elements
Info    : No ill-shaped tets in the mesh :-)
Info    : 0.00 < quality < 0.10 :         0 elements
Info    : 0.10 < quality < 0.20 :         0 elements
Info    : 0.20 < quality < 0.30 :         0 elements
Info    : 0.30 < quality < 0.40 :         2 elements
Info    : 0.40 < quality < 0.50 :        14 elements
Info    : 0.50 < quality < 0.60 :        18 elements
Info    : 0.60 < quality < 0.70 :       107 elements
Info    : 0.70 < quality < 0.80 :       263 elements
Info    : 0.80 < quality < 0.90 :        41 elements
Info    : 0.90 < quality < 1.00 :         0 elements
Info    : Optimizing volume 10174
Info    : Optimization starts (volume = 3.49854e-11) with worst = 0.394494 / average = 0.71777:
Info    : 0.00 < quality < 0.10 :         0 elements
Info    : 0.10 < quality < 0.20 :         0 elements
Info    : 0.20 < quality < 0.30 :         0 elements
Info    : 0.30 < quality < 0.40 :         2 elements
Info    : 0.40 < quality < 0.50 :        14 elements
Info    : 0.50 < quality < 0.60 :        18 elements
Info    : 0.60 < quality < 0.70 :       110 elements
Info    : 0.70 < quality < 0.80 :       259 elements
Info    : 0.80 < quality < 0.90 :        42 elements
Info    : 0.90 < quality < 1.00 :         0 elements
Info    : No ill-shaped tets in the mesh :-)
Info    : 0.00 < quality < 0.10 :         0 elements
Info    : 0.10 < quality < 0.20 :         0 elements
Info    : 0.20 < quality < 0.30 :         0 elements
Info    : 0.30 < quality < 0.40 :         2 elements
Info    : 0.40 < quality < 0.50 :        14 elements
Info    : 0.50 < quality < 0.60 :        18 elements
Info    : 0.60 < quality < 0.70 :       110 elements
Info    : 0.70 < quality < 0.80 :       259 elements
Info    : 0.80 < quality < 0.90 :        42 elements
Info    : 0.90 < quality < 1.00 :         0 elements
Info    : Optimizing volume 10175
Info    : Optimization starts (volume = 3.49854e-11) with worst = 0.394494 / average = 0.717766:
Info    : 0.00 < quality < 0.10 :         0 elements
Info    : 0.10 < quality < 0.20 :         0 elements
Info    : 0.20 < quality < 0.30 :         0 elements
Info    : 0.30 < quality < 0.40 :         2 elements
Info    : 0.40 < quality < 0.50 :        14 elements
Info    : 0.50 < quality < 0.60 :        18 elements
Info    : 0.60 < quality < 0.70 :       109 elements
Info    : 0.70 < quality < 0.80 :       260 elements
Info    : 0.80 < quality < 0.90 :        42 elements
Info    : 0.90 < quality < 1.00 :         0 elements
Info    : No ill-shaped tets in the mesh :-)
Info    : 0.00 < quality < 0.10 :         0 elements
Info    : 0.10 < quality < 0.20 :         0 elements
Info    : 0.20 < quality < 0.30 :         0 elements
Info    : 0.30 < quality < 0.40 :         2 elements
Info    : 0.40 < quality < 0.50 :        14 elements
Info    : 0.50 < quality < 0.60 :        18 elements
Info    : 0.60 < quality < 0.70 :       109 elements
Info    : 0.70 < quality < 0.80 :       260 elements
Info    : 0.80 < quality < 0.90 :        42 elements
Info    : 0.90 < quality < 1.00 :         0 elements
Info    : Optimizing volume 10176
Info    : Optimization starts (volume = 3.49854e-11) with worst = 0.356796 / average = 0.70304:
Info    : 0.00 < quality < 0.10 :         0 elements
Info    : 0.10 < quality < 0.20 :         0 elements
Info    : 0.20 < quality < 0.30 :         0 elements
Info    : 0.30 < quality < 0.40 :         7 elements
Info    : 0.40 < quality < 0.50 :        27 elements
Info    : 0.50 < quality < 0.60 :        21 elements
Info    : 0.60 < quality < 0.70 :       112 elements
Info    : 0.70 < quality < 0.80 :       255 elements
Info    : 0.80 < quality < 0.90 :        38 elements
Info    : 0.90 < quality < 1.00 :         0 elements
Info    : No ill-shaped tets in the mesh :-)
Info    : 0.00 < quality < 0.10 :         0 elements
Info    : 0.10 < quality < 0.20 :         0 elements
Info    : 0.20 < quality < 0.30 :         0 elements
Info    : 0.30 < quality < 0.40 :         7 elements
Info    : 0.40 < quality < 0.50 :        27 elements
Info    : 0.50 < quality < 0.60 :        21 elements
Info    : 0.60 < quality < 0.70 :       112 elements
Info    : 0.70 < quality < 0.80 :       255 elements
Info    : 0.80 < quality < 0.90 :        38 elements
Info    : 0.90 < quality < 1.00 :         0 elements
Info    : Optimizing volume 10177
Info    : Optimization starts (volume = 3.49854e-11) with worst = 0.382287 / average = 0.712775:
Info    : 0.00 < quality < 0.10 :         0 elements
Info    : 0.10 < quality < 0.20 :         0 elements
Info    : 0.20 < quality < 0.30 :         0 elements
Info    : 0.30 < quality < 0.40 :         4 elements
Info    : 0.40 < quality < 0.50 :        18 elements
Info    : 0.50 < quality < 0.60 :        19 elements
Info    : 0.60 < quality < 0.70 :       109 elements
Info    : 0.70 < quality < 0.80 :       261 elements
Info    : 0.80 < quality < 0.90 :        39 elements
Info    : 0.90 < quality < 1.00 :         0 elements
Info    : No ill-shaped tets in the mesh :-)
Info    : 0.00 < quality < 0.10 :         0 elements
Info    : 0.10 < quality < 0.20 :         0 elements
Info    : 0.20 < quality < 0.30 :         0 elements
Info    : 0.30 < quality < 0.40 :         4 elements
Info    : 0.40 < quality < 0.50 :        18 elements
Info    : 0.50 < quality < 0.60 :        19 elements
Info    : 0.60 < quality < 0.70 :       109 elements
Info    : 0.70 < quality < 0.80 :       261 elements
Info    : 0.80 < quality < 0.90 :        39 elements
Info    : 0.90 < quality < 1.00 :         0 elements
Info    : Optimizing volume 10178
Info    : Optimization starts (volume = 3.49854e-11) with worst = 0.394494 / average = 0.717856:
Info    : 0.00 < quality < 0.10 :         0 elements
Info    : 0.10 < quality < 0.20 :         0 elements
Info    : 0.20 < quality < 0.30 :         0 elements
Info    : 0.30 < quality < 0.40 :         2 elements
Info    : 0.40 < quality < 0.50 :        14 elements
Info    : 0.50 < quality < 0.60 :        18 elements
Info    : 0.60 < quality < 0.70 :       110 elements
Info    : 0.70 < quality < 0.80 :       262 elements
Info    : 0.80 < quality < 0.90 :        39 elements
Info    : 0.90 < quality < 1.00 :         0 elements
Info    : No ill-shaped tets in the mesh :-)
Info    : 0.00 < quality < 0.10 :         0 elements
Info    : 0.10 < quality < 0.20 :         0 elements
Info    : 0.20 < quality < 0.30 :         0 elements
Info    : 0.30 < quality < 0.40 :         2 elements
Info    : 0.40 < quality < 0.50 :        14 elements
Info    : 0.50 < quality < 0.60 :        18 elements
Info    : 0.60 < quality < 0.70 :       110 elements
Info    : 0.70 < quality < 0.80 :       262 elements
Info    : 0.80 < quality < 0.90 :        39 elements
Info    : 0.90 < quality < 1.00 :         0 elements
Info    : Optimizing volume 10179
Info    : Optimization starts (volume = 3.49854e-11) with worst = 0.329487 / average = 0.703491:
Info    : 0.00 < quality < 0.10 :         0 elements
Info    : 0.10 < quality < 0.20 :         0 elements
Info    : 0.20 < quality < 0.30 :         0 elements
Info    : 0.30 < quality < 0.40 :        11 elements
Info    : 0.40 < quality < 0.50 :        24 elements
Info    : 0.50 < quality < 0.60 :        18 elements
Info    : 0.60 < quality < 0.70 :       111 elements
Info    : 0.70 < quality < 0.80 :       258 elements
Info    : 0.80 < quality < 0.90 :        38 elements
Info    : 0.90 < quality < 1.00 :         0 elements
Info    : No ill-shaped tets in the mesh :-)
Info    : 0.00 < quality < 0.10 :         0 elements
Info    : 0.10 < quality < 0.20 :         0 elements
Info    : 0.20 < quality < 0.30 :         0 elements
Info    : 0.30 < quality < 0.40 :        11 elements
Info    : 0.40 < quality < 0.50 :        24 elements
Info    : 0.50 < quality < 0.60 :        18 elements
Info    : 0.60 < quality < 0.70 :       111 elements
Info    : 0.70 < quality < 0.80 :       258 elements
Info    : 0.80 < quality < 0.90 :        38 elements
Info    : 0.90 < quality < 1.00 :         0 elements
Info    : Optimizing volume 10180
Info    : Optimization starts (volume = 3.49854e-11) with worst = 0.394494 / average = 0.717774:
Info    : 0.00 < quality < 0.10 :         0 elements
Info    : 0.10 < quality < 0.20 :         0 elements
Info    : 0.20 < quality < 0.30 :         0 elements
Info    : 0.30 < quality < 0.40 :         2 elements
Info    : 0.40 < quality < 0.50 :        14 elements
Info    : 0.50 < quality < 0.60 :        18 elements
Info    : 0.60 < quality < 0.70 :       112 elements
Info    : 0.70 < quality < 0.80 :       257 elements
Info    : 0.80 < quality < 0.90 :        42 elements
Info    : 0.90 < quality < 1.00 :         0 elements
Info    : No ill-shaped tets in the mesh :-)
Info    : 0.00 < quality < 0.10 :         0 elements
Info    : 0.10 < quality < 0.20 :         0 elements
Info    : 0.20 < quality < 0.30 :         0 elements
Info    : 0.30 < quality < 0.40 :         2 elements
Info    : 0.40 < quality < 0.50 :        14 elements
Info    : 0.50 < quality < 0.60 :        18 elements
Info    : 0.60 < quality < 0.70 :       112 elements
Info    : 0.70 < quality < 0.80 :       257 elements
Info    : 0.80 < quality < 0.90 :        42 elements
Info    : 0.90 < quality < 1.00 :         0 elements
Info    : Optimizing volume 10181
Info    : Optimization starts (volume = 3.49854e-11) with worst = 0.0236152 / average = 0.772992:
Info    : 0.00 < quality < 0.10 :         1 elements
Info    : 0.10 < quality < 0.20 :         1 elements
Info    : 0.20 < quality < 0.30 :         4 elements
Info    : 0.30 < quality < 0.40 :         3 elements
Info    : 0.40 < quality < 0.50 :         6 elements
Info    : 0.50 < quality < 0.60 :        26 elements
Info    : 0.60 < quality < 0.70 :        96 elements
Info    : 0.70 < quality < 0.80 :        92 elements
Info    : 0.80 < quality < 0.90 :       121 elements
Info    : 0.90 < quality < 1.00 :       103 elements
Info    : 6 edge swaps, 0 node relocations (volume = 3.49854e-11): worst = 0.349813 / average = 0.781937 (Wall 0.000118958s, CPU 8.5e-05s)
Info    : No ill-shaped tets in the mesh :-)
Info    : 0.00 < quality < 0.10 :         0 elements
Info    : 0.10 < quality < 0.20 :         0 elements
Info    : 0.20 < quality < 0.30 :         0 elements
Info    : 0.30 < quality < 0.40 :         3 elements
Info    : 0.40 < quality < 0.50 :         6 elements
Info    : 0.50 < quality < 0.60 :        24 elements
Info    : 0.60 < quality < 0.70 :        96 elements
Info    : 0.70 < quality < 0.80 :        93 elements
Info    : 0.80 < quality < 0.90 :       122 elements
Info    : 0.90 < quality < 1.00 :       103 elements
Info    : Optimizing volume 10182
Info    : Optimizing volume 10195
Info    : Optimizing volume 10197
Info    : Optimizing volume 10199
Info    : Optimizing volume 10201
Info    : Optimizing volume 10203
Info    : Optimizing volume 10205
Info    : Optimizing volume 10207
Info    : Optimizing volume 10209
Info    : Optimizing volume 10211
Info    : Optimizing volume 10213
Info    : Optimizing volume 10215
Info    : Optimizing volume 10217
Info    : Optimizing volume 10219
Info    : Optimizing volume 10220
Info    : Done optimizing mesh (Wall 0.106691s, CPU 0.102063s)
Info    : 23890 nodes 88352 elements
Info    : Writing 'local.msh'...
Info    : Done writing 'local.msh'
Info    : Stopped on Wed Sep 16 14:29:37 2026 (From start: Wall 5.29833s, CPU 5.17029s)

--- stderr ---
Error   : Union failed - BOPAlgo_AlertTooFewArguments 
Error   : 'local.geo', line 49: Could not apply boolean operator
Error   : Union failed - BOPAlgo_AlertTooFewArguments 
Error   : 'local.geo', line 105: Could not apply boolean operator
Error   : PLC Error:  A segment and a facet intersect at point
Error   : Invalid boundary mesh (segment-facet intersection) on surface 100203, intersection (0.0713429,0.13228,0.000683316)
Warning : No elements in volume 10182 10195 10197 10199 10201 10203 10205 10207 10209 10211 10213 10215 10217 10219 10220
Error   : ------------------------------
Error   : Mesh generation error summary
Error   :     1 warning
Error   :     2 errors
Error   : Check the full log for details
Error   : ------------------------------
