status=SCHEMA_AND_EVIDENCE_OK
planned_kind=BothShort
declared_mutation_s=6.54166666666699981e-1
observed_injection_s=6.54166666170675426e-1
prefault_rows=424206
original_rows=32036953
equal_time_groups=49
equal_time_raw_rows=215
logic_changes=0
equal_group_cap=1024
equal_group_row_cap=4096
detector_rise_s=6.54166781722599899e-1
latch_off_s=6.54167541408625430e-1
channel_peak_after_injection_a=1.92309351157149649e5
channel_last_above_0.10a_after_injection_s=6.61999999999999922e-1
channel_peak_after_detector_a=2.87842317775372212e4
channel_last_above_0.10a_after_detector_s=6.61999999999999922e-1
channel_peak_after_latch_a=2.21472661503526251e4
channel_last_above_0.10a_after_latch_s=6.61999999999999922e-1
body_peak_after_injection_a=1.49751959957538276e2
lboost_peak_after_injection_a=4.35790782420600863e2
f2_branch_peak_after_injection_a=2.24755492593251547e4
dboost1_branch_peak_after_injection_a=3.33781361196464044e5
dboost2_branch_peak_after_injection_a=5.79829029511379485e3
equal_group_time_s=5.06767655203349987e-1 threshold_crossing=false left=row_index=23025820:5.06767655203349876e-1,9.35184315066336893e1,-9.33957552585760631e-1,-3.87154884195706472e0,3.79610497480662332e2,3.79640466730463402e2,3.87153929450046341e0,3.79704977082079836e2,3.80934911400900774e2,-1.46295717792459037e-5,5.00000000000000000e0,4.99999999999999378e0,0.00000000000000000e0,2.87743051835751595e0,2.60657335047542826e0,5.00000000000000000e0,8.09855515981894314e-1,2.42956654794568294e0,2.20000120483270534e0,1.49999999999999716e1,-5.65514969857210483e-7,1.94923853003015068e-6,2.13881956198635245e-27,-4.22615382122407332e-2,4.99999999499999936e-9,0.00000000000000000e0,0.00000000000000000e0,0.00000000000000000e0,1.04086116764472617e-1,4.99635752245902509e-1,1.37302535355145783e0,9.44523890592194562e1,7.61869822801801046e-10,1.32302836132599809e-9,5.00000000000000000e0,0.00000000000000000e0,5.00000000000000000e0,5.00000000000000000e0,4.30069010776226968e0,1.93578165361551924e0,1.93578166946452934e0,0.00000000000000000e0 group=row_index=23025821:5.06767655203349987e-1,9.35184315074588426e1,-9.33957551756594229e-1,-3.87154884182075421e0,3.79610497480662673e2,3.79640466730463743e2,3.87153929434327226e0,3.79704977082077789e2,3.80934911400895544e2,-1.46295718162053461e-5,5.00000000000000000e0,4.99999999999999378e0,0.00000000000000000e0,2.87743051835751640e0,2.60657335047443262e0,5.00000000000000000e0,8.09856071093406626e-1,2.42956821328021988e0,2.20000271281279769e0,1.49999999999999716e1,-4.87339550410398134e-7,1.94923853014117299e-6,2.13861056829170538e-27,-4.22615382106688794e-2,4.99999999499999936e-9,0.00000000000000000e0,0.00000000000000000e0,0.00000000000000000e0,1.04086116764472630e-1,4.99635752245902731e-1,1.37302535355145849e0,9.44523890592154345e1,7.61869822801790603e-10,1.29630059599959031e-9,5.00000000000000000e0,0.00000000000000000e0,5.00000000000000000e0,5.00000000000000000e0,4.30069010760310810e0,1.93578172202212628e0,1.93578167946382962e0,0.00000000000000000e0;row_index=23025822:5.06767655203349987e-1,9.35184315079565067e1,-9.33957551258934981e-1,-3.87154884175589586e0,3.79610497480662730e2,3.79640466730463800e2,3.87153929427417687e0,3.79704977082076880e2,3.80934911400893270e2,-1.46295718319810468e-5,5.00000000000000000e0,4.99999999999999378e0,0.00000000000000000e0,2.87743051835751640e0,2.60657335047399474e0,5.00000000000000000e0,8.09856071093406626e-1,2.42956821328021988e0,2.20000271281279769e0,1.49999999999999716e1,-4.52976376642516690e-7,1.94923853014117299e-6,2.13851870845134924e-27,-4.22615382099779460e-2,4.99999999499999936e-9,0.00000000000000000e0,0.00000000000000000e0,0.00000000000000000e0,1.04086116764472103e-1,4.99635752245902620e-1,1.37302535355145849e0,9.44523890592154487e1,7.61869822801786157e-10,1.29249357647617748e-9,5.00000000000000000e0,0.00000000000000000e0,5.00000000000000000e0,5.00000000000000000e0,4.30069010753868497e0,1.93578168449428567e0,1.93578164600531744e0,0.00000000000000000e0 right=row_index=23025823:5.06767655203350098e-1,9.35184315069174801e1,-9.33957552289966131e-1,-3.87154884155108903e0,3.79610497480662900e2,3.79640466730463970e2,3.87153929418348053e0,3.79704977082075629e2,3.80934911400890314e2,-1.46295718525493242e-5,5.00000000000000000e0,4.99999999999999378e0,0.00000000000000000e0,2.87743051835751507e0,2.60657335047342009e0,5.00000000000000000e0,8.09856626204918939e-1,2.42956987861475682e0,2.20000422079289004e0,1.49999999999999716e1,-4.07870754900797087e-7,1.94923853025219529e-6,2.13839813782350308e-27,-4.22615382090710187e-2,4.99999999499999936e-9,0.00000000000000000e0,0.00000000000000000e0,0.00000000000000000e0,1.04086116764471839e-1,4.99635752245902232e-1,1.37302535355145672e0,9.44523890592074480e1,7.61869822801780160e-10,1.33215999434040738e-9,5.00000000000000000e0,0.00000000000000000e0,5.00000000000000000e0,5.00000000000000000e0,4.30069010744394653e0,1.93578172654638969e0,1.93578167574635529e0,0.00000000000000000e0
equal_group_time_s=5.06790866798464412e-1 threshold_crossing=false left=row_index=23026988:5.06790866798464301e-1,9.22832035733107148e1,-9.31825276214383380e-1,-3.80074192070173922e0,3.79601771992011606e2,3.79631740552958320e2,3.80073226637892558e0,3.79695201530380359e2,3.80923759391476835e2,-5.02585102222409529e-6,5.00000000000000000e0,4.99999999999999378e0,0.00000000000000000e0,2.87734873774477906e0,2.57096109827602426e0,5.00000000000000000e0,8.09853850647357376e-1,2.42956155194207213e0,2.19999668089242784e0,1.49999999999999716e1,3.55303074444587946e-7,1.92429341039357382e-6,3.99872992913062982e-27,-4.15679533440104707e-2,4.99999999499999936e-9,0.00000000000000000e0,0.00000000000000000e0,0.00000000000000000e0,1.04086116764470188e-1,4.99610154914115867e-1,1.37293089449359140e0,9.32150288495250976e1,7.61847518782953268e-10,1.31013115032557959e-9,5.00000000000000000e0,0.00000000000000000e0,5.00000000000000000e0,5.00000000000000000e0,4.23073182813595849e0,1.90037824980375358e0,1.90037825258008297e0,0.00000000000000000e0 group=row_index=23026989:5.06790866798464412e-1,9.22832035727494855e1,-9.31825276767546895e-1,-3.80074192050238935e0,3.79601771992011777e2,3.79631740552958490e2,3.80073226623710214e0,3.79695201530378483e2,3.80923759391472288e2,-5.02585106129777682e-6,5.00000000000000000e0,4.99999999999999378e0,0.00000000000000000e0,2.87734873774477951e0,2.57096109827515340e0,5.00000000000000000e0,8.09854405758869689e-1,2.42956321727660907e0,2.19999818887252019e0,1.49999999999999716e1,4.25544162162945999e-7,1.92429341050459612e-6,3.99837885059791120e-27,-4.15679533425923689e-2,4.99999999499999936e-9,0.00000000000000000e0,0.00000000000000000e0,0.00000000000000000e0,1.04086116764470521e-1,4.99610154914116089e-1,1.37293089449359207e0,9.32150288495170258e1,7.61847518782944169e-10,1.29397009008784412e-9,5.00000000000000000e0,0.00000000000000000e0,5.00000000000000000e0,5.00000000000000000e0,4.23073182799953429e0,1.90037825516873737e0,1.90037826027190659e0,0.00000000000000000e0;row_index=23026990:5.06790866798464412e-1,9.22832035727962108e1,-9.31825276720807727e-1,-3.80074192054257765e0,3.79601771992011834e2,3.79631740552958547e2,3.80073226616374527e0,3.79695201530377574e2,3.80923759391469730e2,-5.02585108310300104e-6,5.00000000000000000e0,4.99999999999999378e0,0.00000000000000000e0,2.87734873774477951e0,2.57096109827470309e0,5.00000000000000000e0,8.09854405758869689e-1,2.42956321727660907e0,2.19999818887252019e0,1.49999999999999716e1,4.61875617113591022e-7,1.92429341050459612e-6,3.99819727105831973e-27,-4.15679533418588792e-2,4.99999999499999936e-9,0.00000000000000000e0,0.00000000000000000e0,0.00000000000000000e0,1.04086116764469994e-1,4.99610154914116034e-1,1.37293089449359207e0,9.32150288495170116e1,7.61847518782939000e-10,1.30401583984021382e-9,5.00000000000000000e0,0.00000000000000000e0,5.00000000000000000e0,5.00000000000000000e0,4.23073182793511204e0,1.90037838124903979e0,1.90037828745074466e0,0.00000000000000000e0 right=row_index=23026991:5.06790866798464523e-1,9.22832035727229396e1,-9.31825276790062551e-1,-3.80074192036607883e0,3.79601771992011948e2,3.79631740552958661e2,3.80073226607076675e0,3.79695201530376437e2,3.80923759391466490e2,-5.02585111075629234e-6,5.00000000000000000e0,4.99999999999999378e0,0.00000000000000000e0,2.87734873774477951e0,2.57096109827413288e0,5.00000000000000000e0,8.09854960870382001e-1,2.42956488261114600e0,2.19999969685261254e0,1.49999999999999716e1,5.07924758395411668e-7,1.92429341061561843e-6,3.99796713572789381e-27,-4.15679533409292062e-2,4.99999999499999936e-9,0.00000000000000000e0,0.00000000000000000e0,0.00000000000000000e0,1.04086116764468731e-1,4.99610154914116034e-1,1.37293089449359207e0,9.32150288495130042e1,7.61847518782932486e-10,1.25494425815772109e-9,5.00000000000000000e0,0.00000000000000000e0,5.00000000000000000e0,5.00000000000000000e0,4.23073182785174140e0,1.90037831335256668e0,1.90037823925805016e0,0.00000000000000000e0
equal_group_time_s=5.06814100336154483e-1 threshold_crossing=false left=row_index=23028186:5.06814100336154372e-1,9.10403293388847459e1,-9.29021843010168102e-1,-3.70832310064309922e0,3.79592712663022496e2,3.79622680508759004e2,3.70831333500207583e0,3.79684796776190979e2,3.80911539071364587e2,-4.39876951971537459e-6,5.00000000000000000e0,4.99999999999999378e0,0.00000000000000000e0,2.87726785827413467e0,2.53903858833066565e0,5.00000000000000000e0,8.09854960870382001e-1,2.42956488261114600e0,2.19999969685261254e0,1.49999999999999716e1,4.16572660034660315e-7,1.92129086640235869e-6,-2.14163896304629294e-28,-4.06584260841102510e-2,4.99999999499999936e-9,0.00000000000000000e0,0.00000000000000000e0,0.00000000000000000e0,1.04086116764475947e-1,4.99584839639804212e-1,1.37283747947765900e0,9.19693511818949077e1,7.61823078142728611e-10,1.38308870590226623e-9,5.00000000000000000e0,0.00000000000000000e0,5.00000000000000000e0,5.00000000000000000e0,4.14108449546499013e0,1.85416893336976285e0,1.85416895176221397e0,0.00000000000000000e0 group=row_index=23028187:5.06814100336154483e-1,9.10403293395975481e1,-9.29021842293314748e-1,-3.70832310042419522e0,3.79592712663022610e2,3.79622680508759117e2,3.70831333488052461e0,3.79684796776189273e2,3.80911539071360551e2,-4.39876955570723770e-6,5.00000000000000000e0,4.99999999999999378e0,0.00000000000000000e0,2.87726785827413378e0,2.53903858832992224e0,5.00000000000000000e0,8.09855515981894314e-1,2.42956654794568294e0,2.20000120483270534e0,1.49999999999999716e1,4.76526707655915962e-7,1.92129086651338099e-6,-2.14147846914524134e-28,-4.06584260828948552e-2,4.99999999499999936e-9,0.00000000000000000e0,0.00000000000000000e0,0.00000000000000000e0,1.04086116764476086e-1,4.99584839639803990e-1,1.37283747947765811e0,9.19693511818908576e1,7.61823078142720650e-10,1.39798862403076148e-9,5.00000000000000000e0,0.00000000000000000e0,5.00000000000000000e0,5.00000000000000000e0,4.14108449534372447e0,1.85416891464786682e0,1.85416893011238559e0,0.00000000000000000e0;row_index=23028188:5.06814100336154483e-1,9.10403293382635468e1,-9.29021843627320099e-1,-3.70832310049519265e0,3.79592712663022667e2,3.79622680508759174e2,3.70831333481481140e0,3.79684796776188421e2,3.80911539071358391e2,-4.39876957403731274e-6,5.00000000000000000e0,4.99999999999999378e0,0.00000000000000000e0,2.87726785827413289e0,2.53903858832952078e0,5.00000000000000000e0,8.09855515981894314e-1,2.42956654794568294e0,2.20000120483270534e0,1.49999999999999716e1,5.08938633781833930e-7,1.92129086651338099e-6,-2.14139170909492932e-28,-4.06584260822377905e-2,4.99999999499999936e-9,0.00000000000000000e0,0.00000000000000000e0,0.00000000000000000e0,1.04086116764475892e-1,4.99584839639803657e-1,1.37283747947765700e0,9.19693511818908718e1,7.61823078142716307e-10,1.40917883405463096e-9,5.00000000000000000e0,0.00000000000000000e0,5.00000000000000000e0,5.00000000000000000e0,4.14108449528309119e0,1.85416896352527805e0,1.85416892421112878e0,0.00000000000000000e0;row_index=23028189:5.06814100336154483e-1,9.10403293370460176e1,-9.29021844844857281e-1,-3.70832310033250678e0,3.79592712663022780e2,3.79622680508759288e2,3.70831333473240088e0,3.79684796776187227e2,3.80911539071355719e2,-4.39876959665004481e-6,5.00000000000000000e0,4.99999999999999378e0,0.00000000000000000e0,2.87726785827413289e0,2.53903858832901630e0,5.00000000000000000e0,8.09855515981894314e-1,2.42956654794568294e0,2.20000120483270534e0,1.49999999999999716e1,5.49586293750340258e-7,1.92129086651338099e-6,-2.14128290864932942e-28,-4.06584260814137760e-2,4.99999999499999936e-9,0.00000000000000000e0,0.00000000000000000e0,0.00000000000000000e0,1.04086116764476280e-1,4.99584839639803657e-1,1.37283747947765700e0,9.19693511818908718e1,7.61823078142711034e-10,1.39485815245502109e-9,5.00000000000000000e0,0.00000000000000000e0,5.00000000000000000e0,5.00000000000000000e0,4.14108449519593158e0,1.85416899779513056e0,1.85416892888565399e0,0.00000000000000000e0 right=row_index=23028190:5.06814100336154594e-1,9.10403293380618379e1,-9.29021843820916682e-1,-3.70832310019056877e0,3.79592712663023008e2,3.79622680508759515e2,3.70831333456758028e0,3.79684796776184783e2,3.80911539071350319e2,-4.39876964209813207e-6,5.00000000000000000e0,4.99999999999999378e0,0.00000000000000000e0,2.87726785827413334e0,2.53903858832800822e0,5.00000000000000000e0,8.09856071093406626e-1,2.42956821328021988e0,2.20000271281279769e0,1.49999999999999716e1,6.30881613326865961e-7,1.92129086662440329e-6,-2.14106532434160146e-28,-4.06584260797657748e-2,4.99999999499999936e-9,0.00000000000000000e0,0.00000000000000000e0,0.00000000000000000e0,1.04086116764475767e-1,4.99584839639803768e-1,1.37283747947765744e0,9.19693511818827574e1,7.61823078142700177e-10,1.42630305872076530e-9,5.00000000000000000e0,0.00000000000000000e0,5.00000000000000000e0,5.00000000000000000e0,4.14108449501782161e0,1.85416898590239088e0,1.85416893143954686e0,0.00000000000000000e0
equal_group_time_s=5.09904581213210029e-1 threshold_crossing=false left=row_index=23170679:5.09904581213209918e-1,-2.18436283933964726e0,9.25638652232312467e1,4.14445171559373815e0,3.77328238781521975e2,3.77358027853004671e2,4.14444009515931988e0,3.77426517050572102e2,3.78661646870079039e2,-1.03835841008825451e-5,5.00000000000000000e0,4.99999999999999378e0,0.00000000000000000e0,2.87941175347349265e0,2.58190443616696585e0,5.00000000000000000e0,8.09854960870382001e-1,2.42956488261114600e0,2.19999969685261254e0,1.49999999999999716e1,-1.65440147130775543e-7,1.94231679073730845e-6,4.86973034454123731e-29,-4.49605553153459778e-2,4.99999999499999936e-9,0.00000000000000000e0,0.00000000000000000e0,0.00000000000000000e0,1.04086116764477016e-1,5.00255878837203238e-1,1.37531473235912305e0,-9.47482280625708881e1,7.57323293740157628e-10,1.28615865629700921e-9,5.00000000000000000e0,0.00000000000000000e0,5.00000000000000000e0,5.00000000000000000e0,4.56594650449536310e0,2.07223173253450454e0,2.07223171454503197e0,0.00000000000000000e0 group=row_index=23170680:5.09904581213210029e-1,-2.18436283936232067e0,9.25638652232165953e1,4.14445171544392377e0,3.77328238781522145e2,3.77358027853004842e2,4.14444009500423327e0,3.77426517050570055e2,3.78661646870074151e2,-1.03835841383312219e-5,5.00000000000000000e0,4.99999999999999378e0,0.00000000000000000e0,2.87941175347349265e0,2.58190443616625931e0,5.00000000000000000e0,8.09855515981894314e-1,2.42956654794568294e0,2.20000120483270534e0,1.49999999999999716e1,-8.76485946421466648e-8,1.94231679084833075e-6,4.86925683768293865e-29,-4.49605553137950933e-2,4.99999999499999936e-9,0.00000000000000000e0,0.00000000000000000e0,0.00000000000000000e0,1.04086116764477585e-1,5.00255878837203238e-1,1.37531473235912327e0,-9.47482280625789173e1,7.57323293740147806e-10,1.25056182269915415e-9,5.00000000000000000e0,0.00000000000000000e0,5.00000000000000000e0,5.00000000000000000e0,4.56594650434757021e0,2.07223174158333512e0,2.07223169975477051e0,0.00000000000000000e0;row_index=23170681:5.09904581213210029e-1,-2.18436283840119927e0,9.25638652241777038e1,4.14445171541184010e0,3.77328238781522316e2,3.77358027853005012e2,4.14444009492244625e0,3.77426517050568918e2,3.78661646870071536e2,-1.03835841584530994e-5,5.00000000000000000e0,4.99999999999999378e0,0.00000000000000000e0,2.87941175347349310e0,2.58190443616588716e0,5.00000000000000000e0,8.09855515981894314e-1,2.42956654794568294e0,2.20000120483270534e0,1.49999999999999716e1,-4.66239310222288732e-8,1.94231679084833075e-6,4.86900714454087364e-29,-4.49605553129772059e-2,4.99999999499999936e-9,0.00000000000000000e0,0.00000000000000000e0,0.00000000000000000e0,1.04086116764477390e-1,5.00255878837203349e-1,1.37531473235912371e0,-9.47482280625789031e1,7.57323293740142636e-10,1.26227862300015054e-9,5.00000000000000000e0,0.00000000000000000e0,5.00000000000000000e0,5.00000000000000000e0,4.56594650426040971e0,2.07223173368622104e0,2.07223173638555469e0,0.00000000000000000e0 right=row_index=23170682:5.09904581213210140e-1,-2.18436284113988011e0,9.25638652214430238e1,4.14445171521659628e0,3.77328238781522430e2,3.77358027853005126e2,4.14444009481637554e0,3.77426517050567384e2,3.78661646870068125e2,-1.03835841841785471e-5,5.00000000000000000e0,4.99999999999999378e0,0.00000000000000000e0,2.87941175347349354e0,2.58190443616540399e0,5.00000000000000000e0,8.09856071093406626e-1,2.42956821328021988e0,2.20000271281279769e0,1.49999999999999716e1,6.58138246943478781e-9,1.94231679095935306e-6,4.86868333397434767e-29,-4.49605553119164780e-2,4.99999999499999936e-9,0.00000000000000000e0,0.00000000000000000e0,0.00000000000000000e0,1.04086116764476558e-1,5.00255878837203460e-1,1.37531473235912416e0,-9.47482280625829105e1,7.57323293740135811e-10,1.26517455593099965e-9,5.00000000000000000e0,0.00000000000000000e0,5.00000000000000000e0,5.00000000000000000e0,4.56594650415051273e0,2.07223165861788861e0,2.07223168384385703e0,0.00000000000000000e0
equal_group_time_s=5.15101828388804139e-1 threshold_crossing=false left=row_index=23438606:5.15101828388804028e-1,-2.09988603273801511e0,9.23078578560791527e1,3.88800640362497507e0,3.80071612342640037e2,3.80101617996245977e2,3.88799683632321003e0,3.80166385571680962e2,3.81396638068010816e2,-1.49234116202036415e-5,5.00000000000000000e0,4.99999999999999378e0,0.00000000000000000e0,2.87824200948815356e0,2.60394496581532708e0,5.00000000000000000e0,8.09852185312820438e-1,2.42955655593846132e0,2.19999215695215034e0,1.49999999999999716e1,-5.89244519321982352e-7,1.94999336455836669e-6,-3.03560040555381388e-24,-4.24323977687406304e-2,4.99999999499999936e-9,0.00000000000000000e0,0.00000000000000000e0,0.00000000000000000e0,1.04086116764477224e-1,4.99889748969792103e-1,1.37396282620790466e0,-9.44077438888171656e1,7.62793276136021129e-10,1.25728661262013833e-9,5.00000000000000000e0,0.00000000000000000e0,5.00000000000000000e0,5.00000000000000000e0,4.31783836233231977e0,1.94401046561986135e0,1.94401046790944254e0,0.00000000000000000e0 group=row_index=23438607:5.15101828388804139e-1,-2.09988603253692974e0,9.23078578562722498e1,3.88800640346235049e0,3.80071612342640151e2,3.80101617996246091e2,3.88799683618916792e0,3.80166385571679086e2,3.81396638068006439e2,-1.49234116522500014e-5,5.00000000000000000e0,4.99999999999999378e0,0.00000000000000000e0,2.87824200948815312e0,2.60394496581449486e0,5.00000000000000000e0,8.09852740424332751e-1,2.42955822127299825e0,2.19999366493224269e0,1.49999999999999716e1,-5.22699762362974766e-7,1.94999336466938900e-6,-3.03534791192850075e-24,-4.24323977674002720e-2,4.99999999499999936e-9,0.00000000000000000e0,0.00000000000000000e0,0.00000000000000000e0,1.04086116764476461e-1,4.99889748969791936e-1,1.37396282620790422e0,-9.44077438888091791e1,7.62793276136012340e-10,1.29128094571833324e-9,5.00000000000000000e0,0.00000000000000000e0,5.00000000000000000e0,5.00000000000000000e0,4.31783836219968542e0,1.94401048428137968e0,1.94401045769025593e0,0.00000000000000000e0;row_index=23438608:5.15101828388804139e-1,-2.09988603266460094e0,9.23078578561445653e1,3.88800640334534542e0,3.80071612342640151e2,3.80101617996246091e2,3.88799683612102598e0,3.80166385571678234e2,3.81396638068004279e2,-1.49234116671590129e-5,5.00000000000000000e0,4.99999999999999378e0,0.00000000000000000e0,2.87824200948815268e0,2.60394496581407164e0,5.00000000000000000e0,8.09852740424332751e-1,2.42955822127299825e0,2.19999366493224269e0,1.49999999999999716e1,-4.88870945732010157e-7,1.94999336466938900e-6,-3.03521956185041612e-24,-4.24323977667188795e-2,4.99999999499999936e-9,0.00000000000000000e0,0.00000000000000000e0,0.00000000000000000e0,1.04086116764476502e-1,4.99889748969791825e-1,1.37396282620790378e0,-9.44077438888091649e1,7.62793276136007997e-10,1.24653129862204866e-9,5.00000000000000000e0,0.00000000000000000e0,5.00000000000000000e0,5.00000000000000000e0,4.31783836214284200e0,1.94401052646777517e0,1.94401047743497557e0,0.00000000000000000e0;row_index=23438609:5.15101828388804139e-1,-2.09988603149493835e0,9.23078578573142465e1,3.88800640329394032e0,3.80071612342640151e2,3.80101617996246091e2,3.88799683603323620e0,3.80166385571677154e2,3.81396638068001494e2,-1.49234116853489302e-5,5.00000000000000000e0,4.99999999999999378e0,0.00000000000000000e0,2.87824200948815223e0,2.60394496581352586e0,5.00000000000000000e0,8.09852740424332751e-1,2.42955822127299825e0,2.19999366493224269e0,1.49999999999999716e1,-4.45288019707941031e-7,1.94999336466938900e-6,-3.03505421165806778e-24,-4.24323977658410192e-2,4.99999999499999936e-9,0.00000000000000000e0,0.00000000000000000e0,0.00000000000000000e0,1.04086116764476849e-1,4.99889748969791659e-1,1.37396282620790311e0,-9.44077438888091791e1,7.62793276136002620e-10,1.17721605773968267e-9,5.00000000000000000e0,0.00000000000000000e0,5.00000000000000000e0,5.00000000000000000e0,4.31783836207084004e0,1.94401047440196262e0,1.94401042641148991e0,0.00000000000000000e0 right=row_index=23438610:5.15101828388804250e-1,-2.09988603292653053e0,9.23078578558786234e1,3.88800640315097645e0,3.80071612342640265e2,3.80101617996246205e2,3.88799683585765710e0,3.80166385571674766e2,3.81396638067995809e2,-1.49234117264927187e-5,5.00000000000000000e0,4.99999999999999378e0,0.00000000000000000e0,2.87824200948815356e0,2.60394496581243384e0,5.00000000000000000e0,8.09853295535845064e-1,2.42955988660753519e0,2.19999517291233504e0,1.49999999999999716e1,-3.58122168074232759e-7,1.94999336478041130e-6,-3.03472353829606834e-24,-4.24323977640853126e-2,4.99999999499999936e-9,0.00000000000000000e0,0.00000000000000000e0,0.00000000000000000e0,1.04086116764476586e-1,4.99889748969792158e-1,1.37396282620790466e0,-9.44077438888051574e1,7.62793276135991143e-10,1.16046147395365933e-9,5.00000000000000000e0,0.00000000000000000e0,5.00000000000000000e0,5.00000000000000000e0,4.31783836190409964e0,1.94401044902736198e0,1.94401045326767119e0,0.00000000000000000e0
equal_group_time_s=5.15140528615614879e-1 threshold_crossing=false left=row_index=23440585:5.15140528615614768e-1,-2.04679710736195286e0,9.02935131558591024e1,3.72710276124095596e0,3.80056873875521717e2,3.80086878365564473e2,3.72709301125815706e0,3.80149277137425258e2,3.81376390144183119e2,-4.93004748153193584e-6,5.00000000000000000e0,4.99999999999999378e0,0.00000000000000000e0,2.87810531859494922e0,2.54970039500417878e0,5.00000000000000000e0,8.09853295535845064e-1,2.42955988660753519e0,2.19999517291233504e0,1.49999999999999716e1,3.59927941117183478e-7,1.92265311860229104e-6,-7.80608237560839701e-28,-4.08474697988610302e-2,4.99999999499999936e-9,0.00000000000000000e0,0.00000000000000000e0,0.00000000000000000e0,1.04086116764483372e-1,4.99846964720219222e-1,1.37380489206327194e0,-9.23403102632210562e1,7.62752780288365765e-10,1.35944919935025733e-9,5.00000000000000000e0,0.00000000000000000e0,5.00000000000000000e0,5.00000000000000000e0,4.15991812405233485e0,1.86355880247817463e0,1.86355878197203029e0,0.00000000000000000e0 group=row_index=23440586:5.15140528615614879e-1,-2.04679710633493306e0,9.02935131568780207e1,3.72710276113022054e0,3.80056873875521774e2,3.80086878365564530e2,3.72709301114465319e0,3.80149277137423837e2,3.81376390144179595e2,-4.93004751086162986e-6,5.00000000000000000e0,4.99999999999999378e0,0.00000000000000000e0,2.87810531859494834e0,2.54970039500347712e0,5.00000000000000000e0,8.09853850647357376e-1,2.42956155194207213e0,2.19999668089242784e0,1.49999999999999716e1,4.15892894934589012e-7,1.92265311871331335e-6,-7.80553631087742370e-28,-4.08474697977261117e-2,4.99999999499999936e-9,0.00000000000000000e0,0.00000000000000000e0,0.00000000000000000e0,1.04086116764482775e-1,4.99846964720218889e-1,1.37380489206327105e0,-9.23403102632129560e1,7.62752780288358734e-10,1.33808639888091580e-9,5.00000000000000000e0,0.00000000000000000e0,5.00000000000000000e0,5.00000000000000000e0,4.15991812395380656e0,1.86355876294954315e0,1.86355878555850474e0,0.00000000000000000e0;row_index=23440587:5.15140528615614879e-1,-2.04679710682059790e0,9.02935131563923790e1,3.72710276106463834e0,3.80056873875521774e2,3.80086878365564530e2,3.72709301108333602e0,3.80149277137422871e2,3.81376390144177662e2,-4.93004752757894993e-6,5.00000000000000000e0,4.99999999999999378e0,0.00000000000000000e0,2.87810531859494700e0,2.54970039500309831e0,5.00000000000000000e0,8.09853850647357376e-1,2.42956155194207213e0,2.19999668089242784e0,1.49999999999999716e1,4.46126083071972989e-7,1.92265311871331335e-6,-7.80524133362342802e-28,-4.08474697971130118e-2,4.99999999499999936e-9,0.00000000000000000e0,0.00000000000000000e0,0.00000000000000000e0,1.04086116764482484e-1,4.99846964720218445e-1,1.37380489206326972e0,-9.23403102632129702e1,7.62752780288354908e-10,1.32031646036335997e-9,5.00000000000000000e0,0.00000000000000000e0,5.00000000000000000e0,5.00000000000000000e0,4.15991812388938342e0,1.86355876864983250e0,1.86355880743274671e0,0.00000000000000000e0;row_index=23440588:5.15140528615614879e-1,-2.04679710804832915e0,9.02935131551646322e1,3.72710276109128991e0,3.80056873875521774e2,3.80086878365564530e2,3.72709301100662449e0,3.80149277137421620e2,3.81376390144175161e2,-4.93004754900571898e-6,5.00000000000000000e0,4.99999999999999378e0,0.00000000000000000e0,2.87810531859494612e0,2.54970039500262402e0,5.00000000000000000e0,8.09853850647357376e-1,2.42956155194207213e0,2.19999668089242784e0,1.49999999999999716e1,4.83949657641392898e-7,1.92265311871331335e-6,-7.80487231466391351e-28,-4.08474697963459935e-2,4.99999999499999936e-9,0.00000000000000000e0,0.00000000000000000e0,0.00000000000000000e0,1.04086116764482248e-1,4.99846964720218168e-1,1.37380489206326817e0,-9.23403102632129560e1,7.62752780288349841e-10,1.28878077653389623e-9,5.00000000000000000e0,0.00000000000000000e0,5.00000000000000000e0,5.00000000000000000e0,4.15991812380601367e0,1.86355880719220979e0,1.86355873513724646e0,0.00000000000000000e0 right=row_index=23440589:5.15140528615614990e-1,-2.04679710606595400e0,9.02935131571429679e1,3.72710276083380698e0,3.80056873875521831e2,3.80086878365564587e2,3.72709301085320233e0,3.80149277137419574e2,3.81376390144170045e2,-4.93004759500931417e-6,5.00000000000000000e0,4.99999999999999378e0,0.00000000000000000e0,2.87810531859494523e0,2.54970039500167500e0,5.00000000000000000e0,8.09854405758869689e-1,2.42956321727660907e0,2.19999818887252019e0,1.49999999999999716e1,5.59596806468096839e-7,1.92265311882433565e-6,-7.80413432908347181e-28,-4.08474697948119428e-2,4.99999999499999936e-9,0.00000000000000000e0,0.00000000000000000e0,0.00000000000000000e0,1.04086116764482026e-1,4.99846964720217946e-1,1.37380489206326750e0,-9.23403102632089201e1,7.62752780288339605e-10,1.26024220412213698e-9,5.00000000000000000e0,0.00000000000000000e0,5.00000000000000000e0,5.00000000000000000e0,4.15991812366579961e0,1.86355880661917550e0,1.86355878527391261e0,0.00000000000000000e0
equal_group_time_s=5.18223249906422878e-1 threshold_crossing=false left=row_index=23582842:5.18223249906422767e-1,9.30270128944720938e1,-9.41403637693161599e-1,-4.12217470585540013e0,3.77790431962497905e2,3.77820257522915938e2,4.12216298606144171e0,3.77888431007872214e2,3.79123142894762793e2,-5.52663324982608282e-6,5.00000000000000000e0,4.99999999999999378e0,0.00000000000000000e0,2.88008581369353855e0,2.56213418591960229e0,5.00000000000000000e0,8.09854405758869689e-1,2.42956321727660907e0,2.19999818887252019e0,1.49999999999999716e1,2.85572362679258723e-7,1.92960620670756811e-6,-7.97833124097433817e-28,-4.47527828371785952e-2,4.99999999499999936e-9,0.00000000000000000e0,0.00000000000000000e0,0.00000000000000000e0,1.04086116764475836e-1,5.00466859686077514e-1,1.37609406469654205e0,9.39684165321652500e1,7.58246285789525115e-10,1.21178356457821067e-9,5.00000000000000000e0,0.00000000000000000e0,5.00000000000000000e0,5.00000000000000000e0,4.54489899708505618e0,2.06109320213320579e0,2.06109319658467838e0,0.00000000000000000e0 group=row_index=23582843:5.18223249906422878e-1,9.30270128944539465e1,-9.41403637719352870e-1,-4.12217470573108358e0,3.77790431962498076e2,3.77820257522916108e2,4.12216298592105179e0,3.77888431007870452e2,3.79123142894758246e2,-5.52663328841701147e-6,5.00000000000000000e0,4.99999999999999378e0,0.00000000000000000e0,2.88008581369353900e0,2.56213418591899078e0,5.00000000000000000e0,8.09854960870382001e-1,2.42956488261114600e0,2.19999969685261254e0,1.49999999999999716e1,3.55690647429275552e-7,1.92960620681859041e-6,-7.97763198795139580e-28,-4.47527828357747112e-2,4.99999999499999936e-9,0.00000000000000000e0,0.00000000000000000e0,0.00000000000000000e0,1.04086116764475531e-1,5.00466859686077736e-1,1.37609406469654272e0,9.39684165321732934e1,7.58246285789516119e-10,1.22341983123315255e-9,5.00000000000000000e0,0.00000000000000000e0,5.00000000000000000e0,5.00000000000000000e0,4.54489899695621169e0,2.06109324061922949e0,2.06109319154755788e0,0.00000000000000000e0;row_index=23582844:5.18223249906422878e-1,9.30270128930287967e1,-9.41403639144495097e-1,-4.12217470571027889e0,3.77790431962498133e2,3.77820257522916165e2,4.12216298584652563e0,3.77888431007869542e2,3.79123142894755858e2,-5.52663330840421161e-6,5.00000000000000000e0,4.99999999999999378e0,0.00000000000000000e0,2.88008581369353900e0,2.56213418591866615e0,5.00000000000000000e0,8.09854960870382001e-1,2.42956488261114600e0,2.19999969685261254e0,1.49999999999999716e1,3.92912819686315273e-7,1.92960620681859041e-6,-7.97726081557368686e-28,-4.47527828350294532e-2,4.99999999499999936e-9,0.00000000000000000e0,0.00000000000000000e0,0.00000000000000000e0,1.04086116764475212e-1,5.00466859686077847e-1,1.37609406469654272e0,9.39684165321732934e1,7.58246285789511260e-10,1.20144019340558091e-9,5.00000000000000000e0,0.00000000000000000e0,5.00000000000000000e0,5.00000000000000000e0,4.54489899689178856e0,2.06109333638960068e0,2.06109322715088128e0,0.00000000000000000e0 right=row_index=23582845:5.18223249906422989e-1,9.30270128945190891e1,-9.41403637654214087e-1,-4.12217470557544630e0,3.77790431962498189e2,3.77820257522916222e2,4.12216298575085993e0,3.77888431007868348e2,3.79123142894752789e2,-5.52663333322291224e-6,5.00000000000000000e0,4.99999999999999378e0,0.00000000000000000e0,2.88008581369353855e0,2.56213418591824960e0,5.00000000000000000e0,8.09855515981894314e-1,2.42956654794568294e0,2.20000120483270534e0,1.49999999999999716e1,4.40693189483948024e-7,1.92960620692961271e-6,-7.97678438418115204e-28,-4.47527828340727879e-2,4.99999999499999936e-9,0.00000000000000000e0,0.00000000000000000e0,0.00000000000000000e0,1.04086116764474990e-1,5.00466859686077625e-1,1.37609406469654205e0,9.39684165321733076e1,7.58246285789505159e-10,1.20429721268404852e-9,5.00000000000000000e0,0.00000000000000000e0,5.00000000000000000e0,5.00000000000000000e0,4.54489899680841880e0,2.06109320203455226e0,2.06109318954597276e0,0.00000000000000000e0
equal_group_time_s=5.23443726217339034e-1 threshold_crossing=false left=row_index=23851504:5.23443726217338923e-1,9.30180612852168878e1,-9.33868432465487119e-1,-3.86858066883945639e0,3.80495896682865236e2,3.80525935832603295e2,3.86857104701060051e0,3.80590413586135298e2,3.81820290451401149e2,-7.11082659132045646e-6,5.00000000000000000e0,4.99999999999999378e0,0.00000000000000000e0,2.87894369106737980e0,2.58134935133461729e0,5.00000000000000000e0,8.09854405758869689e-1,2.42956321727660907e0,2.19999818887252019e0,1.49999999999999716e1,1.72941002359605238e-7,1.92987786862275357e-6,1.94889737970948274e-27,-4.22486537419800717e-2,4.99999999499999936e-9,0.00000000000000000e0,0.00000000000000000e0,0.00000000000000000e0,1.04086116764475697e-1,5.00109375304089943e-1,1.37477369963844831e0,9.39519297176823756e1,7.63640580902801940e-10,1.32357374215829695e-9,5.00000000000000000e0,0.00000000000000000e0,5.00000000000000000e0,5.00000000000000000e0,4.29851690213354232e0,1.93429761407607903e0,1.93429759664448375e0,0.00000000000000000e0 group=row_index=23851505:5.23443726217339034e-1,9.30180612852210658e1,-9.33868432453246022e-1,-3.86858066868842343e0,3.80495896682865464e2,3.80525935832603523e2,3.86857104684738706e0,3.80590413586133195e2,3.81820290451395806e2,-7.11082663503045922e-6,5.00000000000000000e0,4.99999999999999378e0,0.00000000000000000e0,2.87894369106737980e0,2.58134935133364474e0,5.00000000000000000e0,8.09854960870382001e-1,2.42956488261114600e0,2.19999969685261254e0,1.49999999999999716e1,2.53724505288667407e-7,1.92987786873377587e-6,1.94870059118726237e-27,-4.22486537403480925e-2,4.99999999499999936e-9,0.00000000000000000e0,0.00000000000000000e0,0.00000000000000000e0,1.04086116764476211e-1,5.00109375304089832e-1,1.37477369963844831e0,9.39519297176743180e1,7.63640580902791083e-10,1.33930278990050479e-9,5.00000000000000000e0,0.00000000000000000e0,5.00000000000000000e0,5.00000000000000000e0,4.29851690197817060e0,1.93429757072583186e0,1.93429758900907833e0,0.00000000000000000e0;row_index=23851506:5.23443726217339034e-1,9.30180612856687077e1,-9.33868432005600879e-1,-3.86858066855950256e0,3.80495896682865521e2,3.80525935832603579e2,3.86857104676153618e0,3.80590413586132172e2,3.81820290451393134e2,-7.11082665642212892e-6,5.00000000000000000e0,4.99999999999999378e0,0.00000000000000000e0,2.87894369106737980e0,2.58134935133313315e0,5.00000000000000000e0,8.09854960870382001e-1,2.42956488261114600e0,2.19999969685261254e0,1.49999999999999716e1,2.96217165586937056e-7,1.92987786873377587e-6,1.94859708708927913e-27,-4.22486537394896541e-2,4.99999999499999936e-9,0.00000000000000000e0,0.00000000000000000e0,0.00000000000000000e0,1.04086116764475933e-1,5.00109375304089832e-1,1.37477369963844831e0,9.39519297176743038e1,7.63640580902785810e-10,1.33350358024296882e-9,5.00000000000000000e0,0.00000000000000000e0,5.00000000000000000e0,5.00000000000000000e0,4.29851690190616864e0,1.93429770112654031e0,1.93429760347739754e0,0.00000000000000000e0 right=row_index=23851507:5.23443726217339145e-1,9.30180612853519904e1,-9.33868432314285846e-1,-3.86858066837265824e0,3.80495896682865521e2,3.80525935832603579e2,3.86857104664979135e0,3.80590413586130808e2,3.81820290451389553e2,-7.11082668552256076e-6,5.00000000000000000e0,4.99999999999999378e0,0.00000000000000000e0,2.87894369106737935e0,2.58134935133246790e0,5.00000000000000000e0,8.09855515981894314e-1,2.42956654794568294e0,2.20000120483270534e0,1.49999999999999716e1,3.51526135496004316e-7,1.92987786884479817e-6,1.94846237311503911e-27,-4.22486537383723118e-2,4.99999999499999936e-9,0.00000000000000000e0,0.00000000000000000e0,0.00000000000000000e0,1.04086116764475503e-1,5.00109375304089832e-1,1.37477369963844787e0,9.39519297176662747e1,7.63640580902778676e-10,1.30698063682700706e-9,5.00000000000000000e0,0.00000000000000000e0,5.00000000000000000e0,5.00000000000000000e0,4.29851690181521917e0,1.93429761110890164e0,1.93429761598796413e0,0.00000000000000000e0
equal_group_time_s=5.23466964268402668e-1 threshold_crossing=false left=row_index=23852720:5.23466964268402557e-1,9.17788082293854046e1,-9.31440271180935087e-1,-3.78800393518173451e0,3.80487038413485152e2,3.80517076863886189e2,3.78799420454025348e0,3.80580390390445530e2,3.81808699311338273e2,-8.09443194360398817e-6,5.00000000000000000e0,4.99999999999999378e0,0.00000000000000000e0,2.87886237634458375e0,2.55734061617720876e0,5.00000000000000000e0,8.09852740424332751e-1,2.42955822127299825e0,2.19999366493224269e0,1.49999999999999716e1,5.79280732672336020e-8,1.93138869819531322e-6,4.09922251134041403e-23,-4.14575990136250641e-2,4.99999999499999936e-9,0.00000000000000000e0,0.00000000000000000e0,0.00000000000000000e0,1.04086116764479972e-1,5.00083923795854757e-1,1.37467971890895346e0,9.27102485005663368e1,7.63617398622676032e-10,1.34230882197920747e-9,5.00000000000000000e0,0.00000000000000000e0,5.00000000000000000e0,5.00000000000000000e0,4.22090177062273142e0,1.89400931214944857e0,1.89400932306985892e0,0.00000000000000000e0 group=row_index=23852721:5.23466964268402668e-1,9.17788082306330040e1,-9.31440269925259412e-1,-3.78800393506276123e0,3.80487038413485209e2,3.80517076863886246e2,3.78799420442731627e0,3.80580390390444109e2,3.81808699311334578e2,-8.09443197378193740e-6,5.00000000000000000e0,4.99999999999999378e0,0.00000000000000000e0,2.87886237634458286e0,2.55734061617653241e0,5.00000000000000000e0,8.09853295535845064e-1,2.42955988660753519e0,2.19999517291233504e0,1.49999999999999716e1,1.13597576718462378e-7,1.93138869830633553e-6,4.09893726914702130e-23,-4.14575990124957938e-2,4.99999999499999936e-9,0.00000000000000000e0,0.00000000000000000e0,0.00000000000000000e0,1.04086116764479916e-1,5.00083923795854424e-1,1.37467971890895280e0,9.27102485005582651e1,7.63617398622668794e-10,1.35785081136957298e-9,5.00000000000000000e0,0.00000000000000000e0,5.00000000000000000e0,5.00000000000000000e0,4.22090177052420312e0,1.89400934527565235e0,1.89400929585910460e0,0.00000000000000000e0;row_index=23852722:5.23466964268402668e-1,9.17788082290896057e1,-9.31440271468665815e-1,-3.78800393480338471e0,3.80487038413485209e2,3.80517076863886246e2,3.78799420436658263e0,3.80580390390443370e2,3.81808699311332589e2,-8.09443198930577959e-6,5.00000000000000000e0,4.99999999999999378e0,0.00000000000000000e0,2.87886237634458286e0,2.55734061617616915e0,5.00000000000000000e0,8.09853295535845064e-1,2.42955988660753519e0,2.19999517291233504e0,1.49999999999999716e1,1.43534712590822059e-7,1.93138869830633553e-6,4.09878388395555962e-23,-4.14575990118885088e-2,4.99999999499999936e-9,0.00000000000000000e0,0.00000000000000000e0,0.00000000000000000e0,1.04086116764480277e-1,5.00083923795854535e-1,1.37467971890895280e0,9.27102485005582651e1,7.63617398622664761e-10,1.34626175400390758e-9,5.00000000000000000e0,0.00000000000000000e0,5.00000000000000000e0,5.00000000000000000e0,4.22090177047493853e0,1.89400938269370700e0,1.89400933088351753e0,0.00000000000000000e0;row_index=23852723:5.23466964268402668e-1,9.17788082287004698e1,-9.31440271857800095e-1,-3.78800393489979115e0,3.80487038413485152e2,3.80517076863886189e2,3.78799420429053635e0,3.80580390390442290e2,3.81808699311330088e2,-8.09443200851385764e-6,5.00000000000000000e0,4.99999999999999378e0,0.00000000000000000e0,2.87886237634458242e0,2.55734061617571440e0,5.00000000000000000e0,8.09853295535845064e-1,2.42955988660753519e0,2.19999517291233504e0,1.49999999999999716e1,1.81019601739316506e-7,1.93138869830633553e-6,4.09859183536877998e-23,-4.14575990111281101e-2,4.99999999499999936e-9,0.00000000000000000e0,0.00000000000000000e0,0.00000000000000000e0,1.04086116764480818e-1,5.00083923795854424e-1,1.37467971890895235e0,9.27102485005582651e1,7.63617398622659798e-10,1.31376921194450568e-9,5.00000000000000000e0,0.00000000000000000e0,5.00000000000000000e0,5.00000000000000000e0,4.22090177040672643e0,1.89400938196406465e0,1.89400935333902209e0,0.00000000000000000e0 right=row_index=23852724:5.23466964268402779e-1,9.17788082301087798e1,-9.31440270441408646e-1,-3.78800393478894648e0,3.80487038413485095e2,3.80517076863886132e2,3.78799420413844512e0,3.80580390390440073e2,3.81808699311324858e2,-8.09443204918844922e-6,5.00000000000000000e0,4.99999999999999378e0,0.00000000000000000e0,2.87886237634458153e0,2.55734061617480490e0,5.00000000000000000e0,8.09853850647357376e-1,2.42956155194207213e0,2.19999668089242784e0,1.49999999999999716e1,2.55989379729734371e-7,1.93138869841735783e-6,4.09820776518990713e-23,-4.14575990096073266e-2,4.99999999499999936e-9,0.00000000000000000e0,0.00000000000000000e0,0.00000000000000000e0,1.04086116764480721e-1,5.00083923795854091e-1,1.37467971890895102e0,9.27102485005501933e1,7.63617398622649252e-10,1.32632560739220124e-9,5.00000000000000000e0,0.00000000000000000e0,5.00000000000000000e0,5.00000000000000000e0,4.22090177026272340e0,1.89400937922531099e0,1.89400932620068319e0,0.00000000000000000e0
equal_group_time_s=5.26557423538908109e-1 threshold_crossing=false left=row_index=23995085:5.26557423538907998e-1,-2.18030676101045451e0,9.18328715808588640e1,4.13212794977604148e0,3.78214116802099738e2,3.78243975811320922e2,4.13211621945781804e0,3.78312307561913997e2,3.79547206309091507e2,-6.05416772840339205e-6,5.00000000000000000e0,4.99999999999999378e0,0.00000000000000000e0,2.88088841104320137e0,2.56640158709504496e0,5.00000000000000000e0,8.09853850647357376e-1,2.42956155194207213e0,2.19999668089242784e0,1.49999999999999716e1,2.27338817682738724e-7,1.93080807231460483e-6,9.90042710181153240e-27,-4.48570166536772161e-2,4.99999999499999936e-9,0.00000000000000000e0,0.00000000000000000e0,0.00000000000000000e0,1.04086116764474670e-1,5.00718072656522128e-1,1.37702229649436569e0,-9.40131783418693203e1,7.59094412618182677e-10,1.26308846613943707e-9,5.00000000000000000e0,0.00000000000000000e0,5.00000000000000000e0,5.00000000000000000e0,4.55545003953830019e0,2.06606982560581631e0,2.06606981836088721e0,0.00000000000000000e0 group=row_index=23995086:5.26557423538908109e-1,-2.18030676153207015e0,9.18328715803412763e1,4.13212794960346042e0,3.78214116802099795e2,3.78243975811320979e2,4.13211621932131479e0,3.78312307561912121e2,3.79547206309087017e2,-6.05416776489847490e-6,5.00000000000000000e0,4.99999999999999378e0,0.00000000000000000e0,2.88088841104320270e0,2.56640158709444766e0,5.00000000000000000e0,8.09854405758869689e-1,2.42956321727660907e0,2.19999818887252019e0,1.49999999999999716e1,2.95425491191783077e-7,1.93080807242562713e-6,9.89958452868499750e-27,-4.48570166523121969e-2,4.99999999499999936e-9,0.00000000000000000e0,0.00000000000000000e0,0.00000000000000000e0,1.04086116764475073e-1,5.00718072656522573e-1,1.37702229649436725e0,-9.40131783418733420e1,7.59094412618173682e-10,1.25445938537947022e-9,5.00000000000000000e0,0.00000000000000000e0,5.00000000000000000e0,5.00000000000000000e0,4.55545003940945570e0,2.06606984161448848e0,2.06606983961331503e0,0.00000000000000000e0;row_index=23995087:5.26557423538908109e-1,-2.18030676034850934e0,9.18328715815248273e1,4.13212794952378459e0,3.78214116802099966e2,3.78243975811321150e2,4.13211621925216921e0,3.78312307561911268e2,3.79547206309084856e2,-6.05416778214367522e-6,5.00000000000000000e0,4.99999999999999378e0,0.00000000000000000e0,2.88088841104320315e0,2.56640158709414479e0,5.00000000000000000e0,8.09854405758869689e-1,2.42956321727660907e0,2.19999818887252019e0,1.49999999999999716e1,3.29914500347709711e-7,1.93080807242562713e-6,9.89915775428221122e-27,-4.48570166516207430e-2,4.99999999499999936e-9,0.00000000000000000e0,0.00000000000000000e0,0.00000000000000000e0,1.04086116764474379e-1,5.00718072656522462e-1,1.37702229649436791e0,-9.40131783418733420e1,7.59094412618169339e-10,1.27625085479600774e-9,5.00000000000000000e0,0.00000000000000000e0,5.00000000000000000e0,5.00000000000000000e0,4.55545003934124360e0,2.06606995564290230e0,2.06606984479690103e0,0.00000000000000000e0;row_index=23995088:5.26557423538908109e-1,-2.18030675981144251e0,9.18328715820618839e1,4.13212794949945028e0,3.78214116802100079e2,3.78243975811321263e2,4.13211621916422533e0,3.78312307561910245e2,3.79547206309082071e2,-6.05416780502281609e-6,5.00000000000000000e0,4.99999999999999378e0,0.00000000000000000e0,2.88088841104320359e0,2.56640158709376021e0,5.00000000000000000e0,8.09854405758869689e-1,2.42956321727660907e0,2.19999818887252019e0,1.49999999999999716e1,3.73779921172035496e-7,1.93080807242562713e-6,9.89861498072815090e-27,-4.48570166507413007e-2,4.99999999499999936e-9,0.00000000000000000e0,0.00000000000000000e0,0.00000000000000000e0,1.04086116764473477e-1,5.00718072656522684e-1,1.37702229649436880e0,-9.40131783418733278e1,7.59094412618163652e-10,1.23909461323289477e-9,5.00000000000000000e0,0.00000000000000000e0,5.00000000000000000e0,5.00000000000000000e0,4.55545003926545178e0,2.06606985948357469e0,2.06606986082051192e0,0.00000000000000000e0 right=row_index=23995089:5.26557423538908220e-1,-2.18030676061124584e0,9.18328715812701546e1,4.13212794931141403e0,3.78214116802100136e2,3.78243975811321320e2,4.13211621898834025e0,3.78312307561907801e2,3.79547206309076216e2,-6.05416785351336523e-6,5.00000000000000000e0,4.99999999999999378e0,0.00000000000000000e0,2.88088841104320448e0,2.56640158709299104e0,5.00000000000000000e0,8.09854960870382001e-1,2.42956488261114600e0,2.19999969685261254e0,1.49999999999999716e1,4.61510762400867255e-7,1.93080807253664943e-6,9.89752952289886065e-27,-4.48570166489824299e-2,4.99999999499999936e-9,0.00000000000000000e0,0.00000000000000000e0,0.00000000000000000e0,1.04086116764473019e-1,5.00718072656523128e-1,1.37702229649436947e0,-9.40131783418813995e1,7.59094412618151968e-10,1.26040735303523894e-9,5.00000000000000000e0,0.00000000000000000e0,5.00000000000000000e0,5.00000000000000000e0,4.55545003909871138e0,2.06606987013306131e0,2.06606985123166087e0,0.00000000000000000e0
equal_group_time_s=5.26580668614575309e-1 threshold_crossing=false left=row_index=23996268:5.26580668614575198e-1,-2.21342104008432194e0,9.30342407703225263e1,4.23277070733536664e0,3.78206221327557614e2,3.78236079713451829e2,4.23275910992005677e0,3.78305884892881352e2,3.79542661450933849e2,-8.87803732762834253e-6,5.00000000000000000e0,4.99999999999999378e0,0.00000000000000000e0,2.88098755473938084e0,2.60065840901299206e0,5.00000000000000000e0,8.09855515981894314e-1,2.42956654794568294e0,2.20000120483270534e0,1.49999999999999716e1,-1.93405939410894480e-8,1.93934350545266199e-6,1.52788067702661064e-28,-4.58487942828531489e-2,4.99999999499999936e-9,0.00000000000000000e0,0.00000000000000000e0,0.00000000000000000e0,1.04086116764477696e-1,5.00749104633426367e-1,1.37713698135071949e0,-9.52476618104068535e1,7.59085322901867306e-10,1.21466987275896451e-9,5.00000000000000000e0,0.00000000000000000e0,5.00000000000000000e0,5.00000000000000000e0,4.65367862863483150e0,2.11639114359681901e0,2.11639115307805969e0,0.00000000000000000e0 group=row_index=23996269:5.26580668614575309e-1,-2.21342104061284051e0,9.30342407698019827e1,4.23277070714873815e0,3.78206221327557842e2,3.78236079713452057e2,4.23275910975020864e0,3.78305884892879021e2,3.79542661450928449e2,-8.87803737004891466e-6,5.00000000000000000e0,4.99999999999999378e0,0.00000000000000000e0,2.88098755473938128e0,2.60065840901224687e0,5.00000000000000000e0,8.09856071093406626e-1,2.42956821328021988e0,2.20000271281279769e0,1.49999999999999716e1,6.57331659603076956e-8,1.93934350556368429e-6,1.52771820746393550e-28,-4.58487942811546464e-2,4.99999999499999936e-9,0.00000000000000000e0,0.00000000000000000e0,0.00000000000000000e0,1.04086116764476933e-1,5.00749104633426478e-1,1.37713698135071994e0,-9.52476618104148258e1,7.59085322901856449e-10,1.18714276327160788e-9,5.00000000000000000e0,0.00000000000000000e0,5.00000000000000000e0,5.00000000000000000e0,4.65367862846430125e0,2.11639116749887934e0,2.11639114191575706e0,0.00000000000000000e0;row_index=23996270:5.26580668614575309e-1,-2.21342104014616536e0,9.30342407702686671e1,4.23277070706287439e0,3.78206221327557955e2,3.78236079713452170e2,4.23275910966354374e0,3.78305884892877827e2,3.79542661450925607e2,-8.87803739252944521e-6,5.00000000000000000e0,4.99999999999999378e0,0.00000000000000000e0,2.88098755473938128e0,2.60065840901186629e0,5.00000000000000000e0,8.09856071093406626e-1,2.42956821328021988e0,2.20000271281279769e0,1.49999999999999716e1,1.09141320955096452e-7,1.93934350556368429e-6,1.52763531542189482e-28,-4.58487942802879994e-2,4.99999999499999936e-9,0.00000000000000000e0,0.00000000000000000e0,0.00000000000000000e0,1.04086116764476738e-1,5.00749104633426478e-1,1.37713698135071994e0,-9.52476618104148258e1,7.59085322901850762e-10,1.21558277536191066e-9,5.00000000000000000e0,0.00000000000000000e0,5.00000000000000000e0,5.00000000000000000e0,4.65367862837714164e0,2.11639120151941729e0,2.11639118378236013e0,0.00000000000000000e0 right=row_index=23996271:5.26580668614575420e-1,-2.21342103970746296e0,9.30342407707113637e1,4.23277070698118774e0,3.78206221327558126e2,3.78236079713452341e2,4.23275910954833012e0,3.78305884892876293e2,3.79542661450921798e2,-8.87803742363786184e-6,5.00000000000000000e0,4.99999999999999378e0,0.00000000000000000e0,2.88098755473938128e0,2.60065840901136003e0,5.00000000000000000e0,8.09856626204918939e-1,2.42956987861475682e0,2.20000422079289004e0,1.49999999999999716e1,1.66849145064323375e-7,1.93934350567470659e-6,1.52752512375157917e-28,-4.58487942791358447e-2,4.99999999499999936e-9,0.00000000000000000e0,0.00000000000000000e0,0.00000000000000000e0,1.04086116764477418e-1,5.00749104633426478e-1,1.37713698135071994e0,-9.52476618104188333e1,7.59085322901843214e-10,1.21268454169595389e-9,5.00000000000000000e0,0.00000000000000000e0,5.00000000000000000e0,5.00000000000000000e0,4.65367862826345480e0,2.11639111716766415e0,2.11639113389360967e0,0.00000000000000000e0
equal_group_time_s=5.34907083330762090e-1 threshold_crossing=false left=row_index=24408019:5.34907083330761979e-1,9.39382305696676951e1,-9.42762342141344911e-1,-4.16845295354323753e0,3.78626001659257668e2,3.78655893185704429e2,4.16844130038870375e0,3.78724748528181863e2,3.79960327457850383e2,-4.18348597888935877e-6,5.00000000000000000e0,4.99999999999999378e0,0.00000000000000000e0,2.88165084920856307e0,2.58089391960170822e0,5.00000000000000000e0,8.09854960870382001e-1,2.42956488261114600e0,2.19999969685261254e0,1.49999999999999716e1,3.94591225140907675e-7,1.92714248403724753e-6,-4.40414475028932201e-26,-4.52148259683694473e-2,4.99999999499999936e-9,0.00000000000000000e0,0.00000000000000000e0,0.00000000000000000e0,1.04086116764479486e-1,5.00956715802280295e-1,1.37790437265866483e0,9.48809929118090452e1,7.59920654915700287e-10,1.29821465131139792e-9,5.00000000000000000e0,0.00000000000000000e0,5.00000000000000000e0,5.00000000000000000e0,4.59035616516227218e0,2.08423240823102285e0,2.08423233932784369e0,0.00000000000000000e0 group=row_index=24408020:5.34907083330762090e-1,9.39382305694835225e1,-9.42762342333539616e-1,-4.16845295343961197e0,3.78626001659257781e2,3.78655893185704542e2,4.16844130027363846e0,3.78724748528180385e2,3.79960327457846859e2,-4.18348600990694975e-6,5.00000000000000000e0,4.99999999999999378e0,0.00000000000000000e0,2.88165084920856307e0,2.58089391960119841e0,5.00000000000000000e0,8.09855515981894314e-1,2.42956654794568294e0,2.20000120483270534e0,1.49999999999999716e1,4.52072360156752588e-7,1.92714248414826983e-6,-4.40382831759084945e-26,-4.52148259672188399e-2,4.99999999499999936e-9,0.00000000000000000e0,0.00000000000000000e0,0.00000000000000000e0,1.04086116764480083e-1,5.00956715802280406e-1,1.37790437265866461e0,9.48809929118170601e1,7.59920654915693359e-10,1.27281178614507384e-9,5.00000000000000000e0,0.00000000000000000e0,5.00000000000000000e0,5.00000000000000000e0,4.59035616505616417e0,2.08423229636738050e0,2.08423231446317692e0,0.00000000000000000e0;row_index=24408021:5.34907083330762090e-1,9.39382305701156923e1,-9.42762341701371076e-1,-4.16845295322025322e0,3.78626001659257952e2,3.78655893185704713e2,4.16844130021145709e0,3.78724748528179532e2,3.79960327457844869e2,-4.18348602727679181e-6,5.00000000000000000e0,4.99999999999999378e0,0.00000000000000000e0,2.88165084920856263e0,2.58089391960092307e0,5.00000000000000000e0,8.09855515981894314e-1,2.42956654794568294e0,2.20000120483270534e0,1.49999999999999716e1,4.83135393838214422e-7,1.92714248414826983e-6,-4.40365732556621049e-26,-4.52148259665970387e-2,4.99999999499999936e-9,0.00000000000000000e0,0.00000000000000000e0,0.00000000000000000e0,1.04086116764480180e-1,5.00956715802280184e-1,1.37790437265866417e0,9.48809929118170601e1,7.59920654915689327e-10,1.26189809447787269e-9,5.00000000000000000e0,0.00000000000000000e0,5.00000000000000000e0,5.00000000000000000e0,4.59035616498795207e0,2.08423238163531011e0,2.08423234330216056e0,0.00000000000000000e0;row_index=24408022:5.34907083330762090e-1,9.39382305686607708e1,-9.42762343156278493e-1,-4.16845295334775301e0,3.78626001659258066e2,3.78655893185704826e2,4.16844130013349368e0,3.78724748528178452e2,3.79960327457842595e2,-4.18348604781728912e-6,5.00000000000000000e0,4.99999999999999378e0,0.00000000000000000e0,2.88165084920856218e0,2.58089391960057801e0,5.00000000000000000e0,8.09855515981894314e-1,2.42956654794568294e0,2.20000120483270534e0,1.49999999999999716e1,5.22082738313334434e-7,1.92714248414826983e-6,-4.40344294232296361e-26,-4.52148259658174123e-2,4.99999999499999936e-9,0.00000000000000000e0,0.00000000000000000e0,0.00000000000000000e0,1.04086116764478986e-1,5.00956715802279962e-1,1.37790437265866350e0,9.48809929118170459e1,7.59920654915684777e-10,1.26016125388532576e-9,5.00000000000000000e0,0.00000000000000000e0,5.00000000000000000e0,5.00000000000000000e0,4.59035616490837128e0,2.08423239851505349e0,2.08423233925643636e0,0.00000000000000000e0 right=row_index=24408023:5.34907083330762201e-1,9.39382305705209575e1,-9.42762341300100726e-1,-4.16845295317273212e0,3.78626001659258179e2,3.78655893185704940e2,4.16844129997756685e0,3.78724748528176519e2,3.79960327457838048e2,-4.18348608746728762e-6,5.00000000000000000e0,4.99999999999999378e0,0.00000000000000000e0,2.88165084920856351e0,2.58089391959988834e0,5.00000000000000000e0,8.09856071093406626e-1,2.42956821328021988e0,2.20000271281279769e0,1.49999999999999716e1,5.99977426932615710e-7,1.92714248425929213e-6,-4.40301420714616482e-26,-4.52148259642581596e-2,4.99999999499999936e-9,0.00000000000000000e0,0.00000000000000000e0,0.00000000000000000e0,1.04086116764477640e-1,5.00956715802280517e-1,1.37790437265866550e0,9.48809929118210533e1,7.59920654915675678e-10,1.17066326944641812e-9,5.00000000000000000e0,0.00000000000000000e0,5.00000000000000000e0,5.00000000000000000e0,4.59035616477194708e0,2.08423233333083147e0,2.08423230424350425e0,0.00000000000000000e0
equal_group_time_s=5.40135296293857037e-1 threshold_crossing=false left=row_index=24677212:5.40135296293856926e-1,9.16893720274111530e1,-9.31616819677438701e-1,-3.79384326973467978e0,3.81306574871108353e2,3.81336678021756029e2,3.79383350136014785e0,3.81400085219145240e2,3.82628508310455459e2,-2.83117372568737864e-6,5.00000000000000000e0,4.99999999999999378e0,0.00000000000000000e0,2.88031464962362582e0,2.55915482472053846e0,5.00000000000000000e0,8.09854960870382001e-1,2.42956488261114600e0,2.19999969685261254e0,1.49999999999999716e1,5.64271152426738805e-7,1.91855291342690748e-6,-2.17595720989930310e-29,-4.15270391262167471e-2,4.99999999499999936e-9,0.00000000000000000e0,0.00000000000000000e0,0.00000000000000000e0,1.04086116764478667e-1,5.00538485332194916e-1,1.37635868952776463e0,9.26209888470885971e1,7.65257016620910395e-10,1.37108605438753911e-9,5.00000000000000000e0,0.00000000000000000e0,5.00000000000000000e0,5.00000000000000000e0,4.22714649261403519e0,1.89692899451466523e0,1.89692896608450923e0,0.00000000000000000e0 group=row_index=24677213:5.40135296293857037e-1,9.16893720281697711e1,-9.31616818910740663e-1,-3.79384326953220352e0,3.81306574871108523e2,3.81336678021756200e2,3.79383350117860241e0,3.81400085219142852e2,3.82628508310449490e2,-2.83117377913914036e-6,5.00000000000000000e0,4.99999999999999378e0,0.00000000000000000e0,2.88031464962362582e0,2.55915482471945266e0,5.00000000000000000e0,8.09855515981894314e-1,2.42956654794568294e0,2.20000120483270534e0,1.49999999999999716e1,6.53480175683894241e-7,1.91855291353792978e-6,-2.17571457964072013e-29,-4.15270391244015255e-2,4.99999999499999936e-9,0.00000000000000000e0,0.00000000000000000e0,0.00000000000000000e0,1.04086116764478737e-1,5.00538485332195027e-1,1.37635868952776486e0,9.26209888470805112e1,7.65257016620898504e-10,1.36516120558151124e-9,5.00000000000000000e0,0.00000000000000000e0,5.00000000000000000e0,5.00000000000000000e0,4.22714649244350493e0,1.89692897492665158e0,1.89692897638586322e0,0.00000000000000000e0;row_index=24677214:5.40135296293857037e-1,9.16893720283657387e1,-9.31616818714785189e-1,-3.79384326955914730e0,3.81306574871108637e2,3.81336678021756313e2,3.79383350109339457e0,3.81400085219141658e2,3.82628508310446762e2,-2.83117380296641222e-6,5.00000000000000000e0,4.99999999999999378e0,0.00000000000000000e0,2.88031464962362538e0,2.55915482471894240e0,5.00000000000000000e0,8.09855515981894314e-1,2.42956654794568294e0,2.20000120483270534e0,1.49999999999999716e1,6.95350356968770809e-7,1.91855291353792978e-6,-2.17560071065816121e-29,-4.15270391235495473e-2,4.99999999499999936e-9,0.00000000000000000e0,0.00000000000000000e0,0.00000000000000000e0,1.04086116764478723e-1,5.00538485332194916e-1,1.37635868952776419e0,9.26209888470805254e1,7.65257016620893127e-10,1.36099949822339368e-9,5.00000000000000000e0,0.00000000000000000e0,5.00000000000000000e0,5.00000000000000000e0,4.22714649235634532e0,1.89692902046358980e0,1.89692899281281302e0,0.00000000000000000e0 right=row_index=24677215:5.40135296293857148e-1,9.16893720288042005e1,-9.31616818268248270e-1,-3.79384326930465932e0,3.81306574871108751e2,3.81336678021756427e2,3.79383350098648053e0,3.81400085219140124e2,3.82628508310443124e2,-2.83117383484824023e-6,5.00000000000000000e0,4.99999999999999378e0,0.00000000000000000e0,2.88031464962362449e0,2.55915482471830202e0,5.00000000000000000e0,8.09856071093406626e-1,2.42956821328021988e0,2.20000271281279769e0,1.49999999999999716e1,7.47887510669072995e-7,1.91855291364895209e-6,-2.17545784050329874e-29,-4.15270391224805344e-2,4.99999999499999936e-9,0.00000000000000000e0,0.00000000000000000e0,0.00000000000000000e0,1.04086116764478334e-1,5.00538485332194472e-1,1.37635868952776352e0,9.26209888470724536e1,7.65257016620885786e-10,1.35373624974036327e-9,5.00000000000000000e0,0.00000000000000000e0,5.00000000000000000e0,5.00000000000000000e0,4.22714649224644745e0,1.89692897632022084e0,1.89692897085332013e0,0.00000000000000000e0
equal_group_time_s=5.43249016059792256e-1 threshold_crossing=false left=row_index=24821060:5.43249016059792145e-1,-2.20818573584475031e0,9.31284552775877899e1,4.21685475741792626e0,3.79017532299269078e2,3.79047454736029522e2,4.21684313897634944e0,3.79117044366570951e2,3.80353525351104622e2,-1.00580154849452142e-5,5.00000000000000000e0,4.99999999999999378e0,0.00000000000000000e0,2.88241394298708009e0,2.59536009172410376e0,5.00000000000000000e0,8.09856071093406626e-1,2.42956821328021988e0,2.20000271281279769e0,1.49999999999999716e1,-1.25247024709399799e-7,1.94192748326216247e-6,1.94833883711123092e-26,-4.56984248014511776e-2,4.99999999499999936e-9,0.00000000000000000e0,0.00000000000000000e0,0.00000000000000000e0,1.04086116764477002e-1,5.01195564154956030e-1,1.37878749010040669e0,-9.53366410134325406e1,7.60707050702208762e-10,1.23356921803539616e-9,5.00000000000000000e0,0.00000000000000000e0,5.00000000000000000e0,5.00000000000000000e0,4.63930870276196128e0,2.10843319827307862e0,2.10843318654844092e0,0.00000000000000000e0 group=row_index=24821061:5.43249016059792256e-1,-2.20818573583637612e0,9.31284552776041465e1,4.21685475727875669e0,3.79017532299269305e2,3.79047454736029749e2,4.21684313880082495e0,3.79117044366568678e2,3.80353525351098995e2,-1.00580155290052457e-5,5.00000000000000000e0,4.99999999999999378e0,0.00000000000000000e0,2.88241394298708054e0,2.59536009172333104e0,5.00000000000000000e0,8.09856626204918939e-1,2.42956987861475682e0,2.20000422079289004e0,1.49999999999999716e1,-3.75486250742467496e-8,1.94192748337318477e-6,1.94812526605817390e-26,-4.56984247996959012e-2,4.99999999499999936e-9,0.00000000000000000e0,0.00000000000000000e0,0.00000000000000000e0,1.04086116764476433e-1,5.01195564154956141e-1,1.37878749010040713e0,-9.53366410134405271e1,7.60707050702197595e-10,1.21034682088252247e-9,5.00000000000000000e0,0.00000000000000000e0,5.00000000000000000e0,5.00000000000000000e0,4.63930870259522088e0,2.10843320309620852e0,2.10843320635489428e0,0.00000000000000000e0;row_index=24821062:5.43249016059792256e-1,-2.20818573603956869e0,9.31284552774009740e1,4.21685475720270553e0,3.79017532299269305e2,3.79047454736029749e2,4.21684313871210481e0,3.79117044366567427e2,3.80353525351096209e2,-1.00580155508676539e-5,5.00000000000000000e0,4.99999999999999378e0,0.00000000000000000e0,2.88241394298708098e0,2.59536009172294113e0,5.00000000000000000e0,8.09856626204918939e-1,2.42956987861475682e0,2.20000422079289004e0,1.49999999999999716e1,6.77936565312261156e-9,1.94192748337318477e-6,1.94801732344385236e-26,-4.56984247988086803e-2,4.99999999499999936e-9,0.00000000000000000e0,0.00000000000000000e0,0.00000000000000000e0,1.04086116764476863e-1,5.01195564154956363e-1,1.37878749010040758e0,-9.53366410134405413e1,7.60707050702192012e-10,1.24707258623900298e-9,5.00000000000000000e0,0.00000000000000000e0,5.00000000000000000e0,5.00000000000000000e0,4.63930870251185024e0,2.10843327582623763e0,2.10843318141938862e0,0.00000000000000000e0 right=row_index=24821063:5.43249016059792367e-1,-2.20818573641173987e0,9.31284552770327707e1,4.21685475709678936e0,3.79017532299269249e2,3.79047454736029692e2,4.21684313859329496e0,3.79117044366565835e2,3.80353525351092458e2,-1.00580155815415850e-5,5.00000000000000000e0,4.99999999999999378e0,0.00000000000000000e0,2.88241394298708142e0,2.59536009172241888e0,5.00000000000000000e0,8.09857181316431252e-1,2.42957154394929375e0,2.20000572877298284e0,1.49999999999999716e1,6.61411652425268140e-8,1.94192748348420707e-6,1.94787278152988728e-26,-4.56984247976205682e-2,4.99999999499999936e-9,0.00000000000000000e0,0.00000000000000000e0,0.00000000000000000e0,1.04086116764477168e-1,5.01195564154956474e-1,1.37878749010040802e0,-9.53366410134445061e1,7.60707050702184567e-10,1.30456219578877715e-9,5.00000000000000000e0,0.00000000000000000e0,5.00000000000000000e0,5.00000000000000000e0,4.63930870240953208e0,2.10843320097889508e0,2.10843320511565935e0,0.00000000000000000e0
equal_group_time_s=5.51583195026331130e-1 threshold_crossing=false left=row_index=25233184:5.51583195026331019e-1,9.44379434446112214e1,-9.43450308806822013e-1,-4.19194807064104680e0,3.79404915415470725e2,3.79434868435108740e2,4.19193644184579473e0,3.79504104487467600e2,3.80740121895046741e2,-1.27241856610628130e-5,5.00000000000000000e0,4.99999999999999378e0,0.00000000000000000e0,2.88302127352909521e0,2.59456204936521129e0,5.00000000000000000e0,8.09855515981894314e-1,2.42956654794568294e0,2.20000120483270534e0,1.49999999999999716e1,-3.98957004543285084e-7,1.94846340262344597e-6,-6.42804283634981933e-26,-4.54534846504504597e-2,4.99999999499999936e-9,0.00000000000000000e0,0.00000000000000000e0,0.00000000000000000e0,1.04086116764479805e-1,5.01385658614606822e-1,1.37949054717372110e0,9.53813937534180383e1,7.61480243790093047e-10,1.18717478562910525e-9,5.00000000000000000e0,0.00000000000000000e0,5.00000000000000000e0,5.00000000000000000e0,4.61573682392402951e0,2.09597989579082222e0,2.09597990335607864e0,0.00000000000000000e0 group=row_index=25233185:5.51583195026331130e-1,9.44379434450242172e1,-9.43450308401808990e-1,-4.19194807047364293e0,3.79404915415470953e2,3.79434868435108967e2,4.19193644171082980e0,3.79504104487465554e2,3.80740121895042421e2,-1.27241856933155170e-5,5.00000000000000000e0,4.99999999999999378e0,0.00000000000000000e0,2.88302127352909610e0,2.59456204936460066e0,5.00000000000000000e0,8.09856071093406626e-1,2.42956821328021988e0,2.20000271281279769e0,1.49999999999999716e1,-3.31602852197164654e-7,1.94846340273446827e-6,-6.42750166488319602e-26,-4.54534846491007824e-2,4.99999999499999936e-9,0.00000000000000000e0,0.00000000000000000e0,0.00000000000000000e0,1.04086116764479875e-1,5.01385658614607155e-1,1.37949054717372221e0,9.53813937534260248e1,7.61480243790084465e-10,1.18627891479754236e-9,5.00000000000000000e0,0.00000000000000000e0,5.00000000000000000e0,5.00000000000000000e0,4.61573682377244676e0,2.09597987081440307e0,2.09597989212823865e0,0.00000000000000000e0;row_index=25233186:5.51583195026331130e-1,9.44379434430996980e1,-9.43450310326344632e-1,-4.19194807039195894e0,3.79404915415471010e2,3.79434868435109024e2,4.19193644163901880e0,3.79504104487464645e2,3.80740121895040090e2,-1.27241857101425871e-5,5.00000000000000000e0,4.99999999999999378e0,0.00000000000000000e0,2.88302127352909654e0,2.59456204936427604e0,5.00000000000000000e0,8.09856071093406626e-1,2.42956821328021988e0,2.20000271281279769e0,1.49999999999999716e1,-2.95765460375348730e-7,1.94846340273446827e-6,-6.42721374019710469e-26,-4.54534846483826555e-2,4.99999999499999936e-9,0.00000000000000000e0,0.00000000000000000e0,0.00000000000000000e0,1.04086116764480166e-1,5.01385658614607155e-1,1.37949054717372288e0,9.53813937534260390e1,7.61480243790079812e-10,1.19355325760077620e-9,5.00000000000000000e0,0.00000000000000000e0,5.00000000000000000e0,5.00000000000000000e0,4.61573682370802452e0,2.09597990820143210e0,2.09597988496547538e0,0.00000000000000000e0 right=row_index=25233187:5.51583195026331241e-1,9.44379434444669386e1,-9.43450308963101114e-1,-4.19194807030476113e0,3.79404915415471066e2,3.79434868435109081e2,4.19193644154721579e0,3.79504104487463621e2,3.80740121895037021e2,-1.27241857324940739e-5,5.00000000000000000e0,4.99999999999999378e0,0.00000000000000000e0,2.88302127352909654e0,2.59456204936386081e0,5.00000000000000000e0,8.09856626204918939e-1,2.42956987861475682e0,2.20000422079289004e0,1.49999999999999716e1,-2.49950744665349076e-7,1.94846340284549058e-6,-6.42684567450239756e-26,-4.54534846474645912e-2,4.99999999499999936e-9,0.00000000000000000e0,0.00000000000000000e0,0.00000000000000000e0,1.04086116764481221e-1,5.01385658614607266e-1,1.37949054717372288e0,9.53813937534300464e1,7.61480243790073505e-10,1.24596839283500299e-9,5.00000000000000000e0,0.00000000000000000e0,5.00000000000000000e0,5.00000000000000000e0,4.61573682363602256e0,2.09598003612357209e0,2.09597993945045458e0,0.00000000000000000e0
equal_group_time_s=5.51614189094427054e-1 threshold_crossing=false left=row_index=25234770:5.51614189094426943e-1,9.60686280877963270e1,-9.46312905117051462e-1,-4.29015542739170996e0,3.79394814730199585e2,3.79424766952415098e2,4.29014396981636814e0,3.79495434401406669e2,3.80733272428033160e2,-1.62872766509333173e-5,5.00000000000000000e0,4.99999999999999378e0,0.00000000000000000e0,2.88315298997685465e0,2.63402634848278039e0,5.00000000000000000e0,8.09851075089795813e-1,2.42955322526938744e0,2.19998914099196519e0,1.49999999999999716e1,-7.43037504691088160e-7,1.96047785305797362e-6,5.65494875794320802e-25,-4.64159995223311014e-2,4.99999999499999936e-9,0.00000000000000000e0,0.00000000000000000e0,0.00000000000000000e0,1.04086116764470479e-1,5.01426885862755412e-1,1.37964304821783301e0,9.70149409929133810e1,7.61466544856065892e-10,1.18007567299486848e-9,5.00000000000000000e0,0.00000000000000000e0,5.00000000000000000e0,5.00000000000000000e0,4.71116326610475333e0,2.14508354771312648e0,2.14508355234768766e0,0.00000000000000000e0 group=row_index=25234771:5.51614189094427054e-1,9.60686280880786256e1,-9.46312904842651736e-1,-4.29015542728450328e0,3.79394814730199755e2,3.79424766952415268e2,4.29014396965415745e0,3.79495434401404452e2,3.80733272428027988e2,-1.62872766874846322e-5,5.00000000000000000e0,4.99999999999999378e0,0.00000000000000000e0,2.88315298997685554e0,2.63402634848202588e0,5.00000000000000000e0,8.09851630201308126e-1,2.42955489060392438e0,2.19999064897205754e0,1.49999999999999716e1,-6.61632432416597336e-7,1.96047785316899592e-6,5.65437336030054272e-25,-4.64159995207089060e-2,4.99999999499999936e-9,0.00000000000000000e0,0.00000000000000000e0,0.00000000000000000e0,1.04086116764470854e-1,5.01426885862755856e-1,1.37964304821783412e0,9.70149409929212823e1,7.61466544856055449e-10,1.17358033848409109e-9,5.00000000000000000e0,0.00000000000000000e0,5.00000000000000000e0,5.00000000000000000e0,4.71116326594559176e0,2.14508359306169316e0,2.14508355269050055e0,0.00000000000000000e0;row_index=25234772:5.51614189094427054e-1,9.60686280878031056e1,-9.46312905118168235e-1,-4.29015542712664910e0,3.79394814730199926e2,3.79424766952415439e2,4.29014396957228161e0,3.79495434401403372e2,3.80733272428025373e2,-1.62872767063519624e-5,5.00000000000000000e0,4.99999999999999378e0,0.00000000000000000e0,2.88315298997685510e0,2.63402634848164485e0,5.00000000000000000e0,8.09851630201308126e-1,2.42955489060392438e0,2.19999064897205754e0,1.49999999999999716e1,-6.20543637565566580e-7,1.96047785316899592e-6,5.65408295350944121e-25,-4.64159995198901026e-2,4.99999999499999936e-9,0.00000000000000000e0,0.00000000000000000e0,0.00000000000000000e0,1.04086116764471201e-1,5.01426885862755634e-1,1.37964304821783346e0,9.70149409929212680e1,7.61466544856050279e-10,1.15494035593001196e-9,5.00000000000000000e0,0.00000000000000000e0,5.00000000000000000e0,5.00000000000000000e0,4.71116326586222112e0,2.14508358382138509e0,2.14508354118129319e0,0.00000000000000000e0 right=row_index=25234773:5.51614189094427165e-1,9.60686280869288964e1,-9.46312905992384046e-1,-4.29015542694827445e0,3.79394814730200039e2,3.79424766952415553e2,4.29014396946680776e0,3.79495434401402065e2,3.80733272428021962e2,-1.62872767298296422e-5,5.00000000000000000e0,4.99999999999999378e0,0.00000000000000000e0,2.88315298997685421e0,2.63402634848115369e0,5.00000000000000000e0,8.09852185312820438e-1,2.42955655593846132e0,2.19999215695215034e0,1.49999999999999716e1,-5.67612483085994960e-7,1.96047785328001822e-6,5.65370886944129946e-25,-4.64159995188353144e-2,4.99999999499999936e-9,0.00000000000000000e0,0.00000000000000000e0,0.00000000000000000e0,1.04086116764472339e-1,5.01426885862755412e-1,1.37964304821783212e0,9.70149409929212823e1,7.61466544856043455e-10,1.10879097497080006e-9,5.00000000000000000e0,0.00000000000000000e0,5.00000000000000000e0,5.00000000000000000e0,4.71116326576748179e0,2.14508359765456191e0,2.14508352586571238e0,0.00000000000000000e0
equal_group_time_s=5.59909613592224464e-1 threshold_crossing=false left=row_index=25645097:5.59909613592224353e-1,-2.19826287532184494e0,9.28169023772274642e1,4.18669270148668193e0,3.79761169279045930e2,3.79791150423988995e2,4.18668102142577059e0,3.79860316195140058e2,3.81096235623788800e2,-9.65674321030181399e-6,5.00000000000000000e0,4.99999999999999378e0,0.00000000000000000e0,2.88374925640851432e0,2.57873420722214330e0,5.00000000000000000e0,8.09853850647357376e-1,2.42956155194207213e0,2.19999668089242784e0,1.49999999999999716e1,-1.17214635040063329e-7,1.94011208776156963e-6,-1.24513264071676130e-28,-4.54096874393071434e-2,4.99999999499999936e-9,0.00000000000000000e0,0.00000000000000000e0,0.00000000000000000e0,1.04086116764466066e-1,5.01613517255865005e-1,1.38033350976408853e0,-9.50151652525493091e1,7.62192471247577140e-10,1.19632180006251874e-9,5.00000000000000000e0,0.00000000000000000e0,5.00000000000000000e0,5.00000000000000000e0,4.61105141007086239e0,2.09335225727655594e0,2.09335223799270365e0,0.00000000000000000e0 group=row_index=25645098:5.59909613592224464e-1,-2.19826287646493057e0,9.28169023760923722e1,4.18669270145114947e0,3.79761169279046101e2,3.79791150423989166e2,4.18668102130551212e0,3.79860316195138466e2,3.81096235623785049e2,-9.65674323998523151e-6,5.00000000000000000e0,4.99999999999999378e0,0.00000000000000000e0,2.88374925640851432e0,2.57873420722162372e0,5.00000000000000000e0,8.09854405758869689e-1,2.42956321727660907e0,2.19999818887252019e0,1.49999999999999716e1,-5.73486820438079459e-8,1.94011208787259193e-6,-1.24503946788289600e-28,-4.54096874381045360e-2,4.99999999499999936e-9,0.00000000000000000e0,0.00000000000000000e0,0.00000000000000000e0,1.04086116764465858e-1,5.01613517255865116e-1,1.38033350976408808e0,-9.50151652525572956e1,7.62192471247569695e-10,1.20449878708727364e-9,5.00000000000000000e0,0.00000000000000000e0,5.00000000000000000e0,5.00000000000000000e0,4.61105140995338569e0,2.09335225351800247e0,2.09335222768047258e0,0.00000000000000000e0;row_index=25645099:5.59909613592224464e-1,-2.19826287630857786e0,9.28169023762487058e1,4.18669270132682669e0,3.79761169279046157e2,3.79791150423989222e2,4.18668102124115649e0,3.79860316195137727e2,3.81096235623783002e2,-9.65674325588019779e-6,5.00000000000000000e0,4.99999999999999378e0,0.00000000000000000e0,2.88374925640851387e0,2.57873420722134528e0,5.00000000000000000e0,8.09854405758869689e-1,2.42956321727660907e0,2.19999818887252019e0,1.49999999999999716e1,-2.53119752533071655e-8,1.94011208787259193e-6,-1.24498961017295686e-28,-4.54096874374609535e-2,4.99999999499999936e-9,0.00000000000000000e0,0.00000000000000000e0,0.00000000000000000e0,1.04086116764465622e-1,5.01613517255865005e-1,1.38033350976408786e0,-9.50151652525572814e1,7.62192471247565663e-10,1.17950599081668836e-9,5.00000000000000000e0,0.00000000000000000e0,5.00000000000000000e0,5.00000000000000000e0,4.61105140990033213e0,2.09335222093817919e0,2.09335217547380337e0,0.00000000000000000e0;row_index=25645100:5.59909613592224464e-1,-2.19826287537495002e0,9.28169023771823447e1,4.18669270119899739e0,3.79761169279046214e2,3.79791150423989279e2,4.18668102115989349e0,3.79860316195136875e2,3.81096235623780501e2,-9.65674327621692014e-6,5.00000000000000000e0,4.99999999999999378e0,0.00000000000000000e0,2.88374925640851298e0,2.57873420722099400e0,5.00000000000000000e0,8.09854405758869689e-1,2.42956321727660907e0,2.19999818887252019e0,1.49999999999999716e1,1.51421266185043461e-8,1.94011208787259193e-6,-1.24492665559037827e-28,-4.54096874366482911e-2,4.99999999499999936e-9,0.00000000000000000e0,0.00000000000000000e0,0.00000000000000000e0,1.04086116764464109e-1,5.01613517255864561e-1,1.38033350976408675e0,-9.50151652525572956e1,7.62192471247560596e-10,1.17422147627761371e-9,5.00000000000000000e0,0.00000000000000000e0,5.00000000000000000e0,5.00000000000000000e0,4.61105140983969886e0,2.09335232548167216e0,2.09335223340172849e0,0.00000000000000000e0 right=row_index=25645101:5.59909613592224575e-1,-2.19826287591909475e0,9.28169023766461976e1,4.18669270109537983e0,3.79761169279046499e2,3.79791150423989563e2,4.18668102099736661e0,3.79860316195134772e2,3.81096235623775272e2,-9.65674331681767586e-6,5.00000000000000000e0,4.99999999999999378e0,0.00000000000000000e0,2.88374925640851254e0,2.57873420722029323e0,5.00000000000000000e0,8.09854960870382001e-1,2.42956488261114600e0,2.19999969685261254e0,1.49999999999999716e1,9.60503300050650808e-8,1.94011208798361423e-6,-1.24480075597513066e-28,-4.54096874350230009e-2,4.99999999499999936e-9,0.00000000000000000e0,0.00000000000000000e0,0.00000000000000000e0,1.04086116764463082e-1,5.01613517255864561e-1,1.38033350976408631e0,-9.50151652525652963e1,7.62192471247550050e-10,1.22775753053770552e-9,5.00000000000000000e0,0.00000000000000000e0,5.00000000000000000e0,5.00000000000000000e0,4.61105140968053728e0,2.09335224359956351e0,2.09335222858607040e0,0.00000000000000000e0
equal_group_time_s=5.59917363465085471e-1 threshold_crossing=false left=row_index=25645503:5.59917363465085360e-1,-2.20322166254508423e0,9.32223581642926717e1,4.20176493514233407e0,3.79758557991042039e2,3.79788538929830736e2,4.20175329829764888e0,3.79857923565145370e2,3.81094123841869930e2,-1.12284901446345979e-5,5.00000000000000000e0,4.99999999999999378e0,0.00000000000000000e0,2.88378221684547364e0,2.59106736267612225e0,5.00000000000000000e0,8.09855515981894314e-1,2.42956654794568294e0,2.20000120483270534e0,1.49999999999999716e1,-2.35591658518950842e-7,1.94447153734067513e-6,-2.82322049576703050e-25,-4.55554600796915440e-2,4.99999999499999936e-9,0.00000000000000000e0,0.00000000000000000e0,0.00000000000000000e0,1.04086116764472311e-1,5.01623833872633318e-1,1.38037168215999073e0,-9.54255798268377617e1,7.62188247683739490e-10,1.20828652231266359e-9,5.00000000000000000e0,0.00000000000000000e0,5.00000000000000000e0,5.00000000000000000e0,4.62564235430894222e0,2.10088835134194918e0,2.10088833418676035e0,0.00000000000000000e0 group=row_index=25645504:5.59917363465085471e-1,-2.20322166229918626e0,9.32223581645465629e1,4.20176493501349935e0,3.79758557991042210e2,3.79788538929830906e2,4.20175329813010023e0,3.79857923565143210e2,3.81094123841864530e2,-1.12284901861741118e-5,5.00000000000000000e0,4.99999999999999378e0,0.00000000000000000e0,2.88378221684547453e0,2.59106736267538107e0,5.00000000000000000e0,8.09856071093406626e-1,2.42956821328021988e0,2.20000271281279769e0,1.49999999999999716e1,-1.52066237093604148e-7,1.94447153745169743e-6,-2.82292574778586337e-25,-4.55554600780160440e-2,4.99999999499999936e-9,0.00000000000000000e0,0.00000000000000000e0,0.00000000000000000e0,1.04086116764472561e-1,5.01623833872633540e-1,1.38037168215999184e0,-9.54255798268457482e1,7.62188247683728530e-10,1.21726247313260105e-9,5.00000000000000000e0,0.00000000000000000e0,5.00000000000000000e0,5.00000000000000000e0,4.62564235415356961e0,2.10088834622292264e0,2.10088834911571087e0,0.00000000000000000e0;row_index=25645505:5.59917363465085471e-1,-2.20322166234955308e0,9.32223581644962138e1,4.20176493488970859e0,3.79758557991042267e2,3.79788538929830963e2,4.20175329804217590e0,3.79857923565142016e2,3.81094123841861744e2,-1.12284902072712088e-5,5.00000000000000000e0,4.99999999999999378e0,0.00000000000000000e0,2.88378221684547409e0,2.59106736267499160e0,5.00000000000000000e0,8.09856071093406626e-1,2.42956821328021988e0,2.20000271281279769e0,1.49999999999999716e1,-1.08234743211155795e-7,1.94447153745169743e-6,-2.82277108569791548e-25,-4.55554600771367890e-2,4.99999999499999936e-9,0.00000000000000000e0,0.00000000000000000e0,0.00000000000000000e0,1.04086116764472159e-1,5.01623833872633429e-1,1.38037168215999095e0,-9.54255798268457625e1,7.62188247683723050e-10,1.14021692392154184e-9,5.00000000000000000e0,0.00000000000000000e0,5.00000000000000000e0,5.00000000000000000e0,4.62564235407019986e0,2.10088838677065848e0,2.10088834468867347e0,0.00000000000000000e0 right=row_index=25645506:5.59917363465085582e-1,-2.20322166207591330e0,9.32223581647738087e1,4.20176493476096624e0,3.79758557991042267e2,3.79788538929830963e2,4.20175329792737173e0,3.79857923565140482e2,3.81094123841858050e2,-1.12284902352690799e-5,5.00000000000000000e0,4.99999999999999378e0,0.00000000000000000e0,2.88378221684547320e0,2.59106736267448312e0,5.00000000000000000e0,8.09856626204918939e-1,2.42956987861475682e0,2.20000422079289004e0,1.49999999999999716e1,-5.10032693609866154e-8,1.94447153756271973e-6,-2.82256915372141357e-25,-4.55554600759887282e-2,4.99999999499999936e-9,0.00000000000000000e0,0.00000000000000000e0,0.00000000000000000e0,1.04086116764471576e-1,5.01623833872632985e-1,1.38037168215999007e0,-9.54255798268497273e1,7.62188247683715606e-10,1.15949535716440044e-9,5.00000000000000000e0,0.00000000000000000e0,5.00000000000000000e0,5.00000000000000000e0,4.62564235396788170e0,2.10088837711559151e0,2.10088833713589418e0,0.00000000000000000e0
equal_group_time_s=5.65122337077862635e-1 threshold_crossing=false left=row_index=25913358:5.65122337077862524e-1,-2.06325393762807696e0,9.12513550293091242e1,3.77695807949999462e0,3.82417802916528444e2,3.82447993795705997e2,3.77694832777020117e0,3.82511177965509205e2,3.83739270685201063e2,-9.27312465506146279e-6,5.00000000000000000e0,4.99999999999999378e0,0.00000000000000000e0,2.88239079027442457e0,2.56614047504042508e0,5.00000000000000000e0,8.09853850647357376e-1,2.42956155194207213e0,2.19999668089242784e0,1.49999999999999716e1,-4.39217437951866514e-8,1.93307188300906319e-6,-2.93572436224863054e-26,-4.13633471447523438e-2,4.99999999499999936e-9,0.00000000000000000e0,0.00000000000000000e0,0.00000000000000000e0,1.04086116764472242e-1,5.01188317355895085e-1,1.37876069163782167e0,-9.33146089669372003e1,7.67478541370401733e-10,1.34430826931715251e-9,5.00000000000000000e0,0.00000000000000000e0,5.00000000000000000e0,5.00000000000000000e0,4.21227798688050825e0,1.88848650207982427e0,1.88848646737630199e0,0.00000000000000000e0 group=row_index=25913359:5.65122337077862635e-1,-2.06325393750528052e0,9.12513550294238627e1,3.77695807935054439e0,3.82417802916528558e2,3.82447993795706111e2,3.77694832764821919e0,3.82511177965507613e2,3.83739270685196971e2,-9.27312468800521855e-6,5.00000000000000000e0,4.99999999999999378e0,0.00000000000000000e0,2.88239079027442502e0,2.56614047503966747e0,5.00000000000000000e0,8.09854405758869689e-1,2.42956321727660907e0,2.19999818887252019e0,1.49999999999999716e1,1.59349470620282423e-8,1.93307188312008549e-6,-2.93550471702154123e-26,-4.13633471435326319e-2,4.99999999499999936e-9,0.00000000000000000e0,0.00000000000000000e0,0.00000000000000000e0,1.04086116764472214e-1,5.01188317355895085e-1,1.37876069163782233e0,-9.33146089669291428e1,7.67478541370393461e-10,1.33879015841250741e-9,5.00000000000000000e0,0.00000000000000000e0,5.00000000000000000e0,5.00000000000000000e0,4.21227798676682141e0,1.88848641264848061e0,1.88848643318653941e0,0.00000000000000000e0;row_index=25913360:5.65122337077862635e-1,-2.06325393560862480e0,9.12513550313205428e1,3.77695807936410244e0,3.82417802916528615e2,3.82447993795706168e2,3.77694832758294119e0,3.82511177965506874e2,3.83739270685194754e2,-9.27312470540017853e-6,5.00000000000000000e0,4.99999999999999378e0,0.00000000000000000e0,2.88239079027442502e0,2.56614047503926113e0,5.00000000000000000e0,8.09854405758869689e-1,2.42956321727660907e0,2.19999818887252019e0,1.49999999999999716e1,4.79669012240556929e-8,1.93307188312008549e-6,-2.93538718192703894e-26,-4.13633471428798971e-2,4.99999999499999936e-9,0.00000000000000000e0,0.00000000000000000e0,0.00000000000000000e0,1.04086116764472131e-1,5.01188317355895196e-1,1.37876069163782278e0,-9.33146089669291712e1,7.67478541370389015e-10,1.33453971287334149e-9,5.00000000000000000e0,0.00000000000000000e0,5.00000000000000000e0,5.00000000000000000e0,4.21227798671376785e0,1.88848647046740203e0,1.88848645319123420e0,0.00000000000000000e0;row_index=25913361:5.65122337077862635e-1,-2.06325393580694927e0,9.12513550311222161e1,3.77695807914110215e0,3.82417802916528672e2,3.82447993795706225e2,3.77694832750051379e0,3.82511177965505851e2,3.83739270685192082e2,-9.27312472548140864e-6,5.00000000000000000e0,4.99999999999999378e0,0.00000000000000000e0,2.88239079027442502e0,2.56614047503874820e0,5.00000000000000000e0,8.09854405758869689e-1,2.42956321727660907e0,2.19999818887252019e0,1.49999999999999716e1,8.84143363664490331e-8,1.93307188312008549e-6,-2.93523877456632432e-26,-4.13633471420556884e-2,4.99999999499999936e-9,0.00000000000000000e0,0.00000000000000000e0,0.00000000000000000e0,1.04086116764471978e-1,5.01188317355895085e-1,1.37876069163782233e0,-9.33146089669291712e1,7.67478541370383638e-10,1.34843289560883868e-9,5.00000000000000000e0,0.00000000000000000e0,5.00000000000000000e0,5.00000000000000000e0,4.21227798664176589e0,1.88848650473418656e0,1.88848645328964948e0,0.00000000000000000e0 right=row_index=25913362:5.65122337077862746e-1,-2.06325393722890915e0,9.12513550296961995e1,3.77695807911206227e0,3.82417802916528842e2,3.82447993795706395e2,3.77694832733565944e0,3.82511177965503578e2,3.83739270685186852e2,-9.27312476479848593e-6,5.00000000000000000e0,4.99999999999999378e0,0.00000000000000000e0,2.88239079027442591e0,2.56614047503772369e0,5.00000000000000000e0,8.09854960870382001e-1,2.42956488261114600e0,2.19999969685261254e0,1.49999999999999716e1,1.69309206294291146e-7,1.93307188323110779e-6,-2.93494198235387391e-26,-4.13633471404072639e-2,4.99999999499999936e-9,0.00000000000000000e0,0.00000000000000000e0,0.00000000000000000e0,1.04086116764471076e-1,5.01188317355895308e-1,1.37876069163782344e0,-9.33146089669251069e1,7.67478541370373299e-10,1.31994247549051506e-9,5.00000000000000000e0,0.00000000000000000e0,5.00000000000000000e0,5.00000000000000000e0,4.21227798647881535e0,1.88848647852897522e0,1.88848643302051156e0,0.00000000000000000e0
equal_group_time_s=5.73441007297310623e-1 threshold_crossing=false left=row_index=26325146:5.73441007297310512e-1,9.31634441310793164e1,-9.33296573924239814e-1,-3.84955271232621499e0,3.82750293969686993e2,3.82780511098158229e2,3.84954301851584857e0,3.82844748212581010e2,3.84074256255826811e2,-3.95640640964769538e-6,5.00000000000000000e0,4.99999999999999378e0,0.00000000000000000e0,2.88314357459957860e0,2.58110167835434767e0,5.00000000000000000e0,8.09854405758869689e-1,2.42956321727660907e0,2.19999818887252019e0,1.49999999999999716e1,4.71510254059081276e-7,1.92188753411759450e-6,-2.72133561640353416e-27,-4.20840451784193770e-2,4.99999999499999936e-9,0.00000000000000000e0,0.00000000000000000e0,0.00000000000000000e0,1.04086116764483122e-1,5.01423938849668183e-1,1.37963214683281921e0,9.40967407050035547e1,7.68148512511653135e-10,1.34298312285373536e-9,5.00000000000000000e0,0.00000000000000000e0,5.00000000000000000e0,5.00000000000000000e0,4.28247429485206066e0,1.92478369944001249e0,1.92478368529951815e0,0.00000000000000000e0 group=row_index=26325147:5.73441007297310623e-1,9.31634441313979380e1,-9.33296573597574564e-1,-3.84955271222770534e0,3.82750293969687164e2,3.82780511098158399e2,3.84954301835389723e0,3.82844748212578850e2,3.84074256255821581e2,-3.95640645547312651e-6,5.00000000000000000e0,4.99999999999999378e0,0.00000000000000000e0,2.88314357459957860e0,2.58110167835336313e0,5.00000000000000000e0,8.09854960870382001e-1,2.42956488261114600e0,2.19999969685261254e0,1.49999999999999716e1,5.51093979478148379e-7,1.92188753422861680e-6,-2.72106491231866520e-27,-4.20840451768000751e-2,4.99999999499999936e-9,0.00000000000000000e0,0.00000000000000000e0,0.00000000000000000e0,1.04086116764482900e-1,5.01423938849668183e-1,1.37963214683281921e0,9.40967407049955114e1,7.68148512511642796e-10,1.29955225551870463e-9,5.00000000000000000e0,0.00000000000000000e0,5.00000000000000000e0,5.00000000000000000e0,4.28247429469668894e0,1.92478367152886753e0,1.92478367822655105e0,0.00000000000000000e0;row_index=26325148:5.73441007297310623e-1,9.31634441305379681e1,-9.33296574457545103e-1,-3.84955271210458250e0,3.82750293969687220e2,3.82780511098158456e2,3.84954301826375156e0,3.82844748212577599e2,3.84074256255818625e2,-3.95640648126891183e-6,5.00000000000000000e0,4.99999999999999378e0,0.00000000000000000e0,2.88314357459957815e0,2.58110167835281556e0,5.00000000000000000e0,8.09854960870382001e-1,2.42956488261114600e0,2.19999969685261254e0,1.49999999999999716e1,5.95392004425903469e-7,1.92188753422861680e-6,-2.72091424422849441e-27,-4.20840451758987266e-2,4.99999999499999936e-9,0.00000000000000000e0,0.00000000000000000e0,0.00000000000000000e0,1.04086116764482706e-1,5.01423938849667850e-1,1.37963214683281898e0,9.40967407049955114e1,7.68148512511636799e-10,1.31612916526036853e-9,5.00000000000000000e0,0.00000000000000000e0,5.00000000000000000e0,5.00000000000000000e0,4.28247429460952844e0,1.92478369224220613e0,1.92478371912507695e0,0.00000000000000000e0 right=row_index=26325149:5.73441007297310734e-1,9.31634441319134083e1,-9.33296573074083091e-1,-3.84955271184077219e0,3.82750293969687220e2,3.82780511098158456e2,3.84954301815421873e0,3.82844748212576008e2,3.84074256255815044e2,-3.95640651377491587e-6,5.00000000000000000e0,4.99999999999999378e0,0.00000000000000000e0,2.88314357459957726e0,2.58110167835215032e0,5.00000000000000000e0,8.09855515981894314e-1,2.42956654794568294e0,2.20000120483270534e0,1.49999999999999716e1,6.49217064817729766e-7,1.92188753433963910e-6,-2.72073118365720278e-27,-4.20840451748035194e-2,4.99999999499999936e-9,0.00000000000000000e0,0.00000000000000000e0,0.00000000000000000e0,1.04086116764482303e-1,5.01423938849667628e-1,1.37963214683281787e0,9.40967407049874964e1,7.68148512511629561e-10,1.32921733934312722e-9,5.00000000000000000e0,0.00000000000000000e0,5.00000000000000000e0,5.00000000000000000e0,4.28247429450342132e0,1.92478375900906418e0,1.92478368534966915e0,0.00000000000000000e0
equal_group_time_s=5.76593461529296580e-1 threshold_crossing=false left=row_index=26470618:5.76593461529296469e-1,-2.21659603407048467e0,9.37073486934426398e1,4.24242387721641823e0,3.80433614958535827e2,3.80463649191295644e2,4.24241226874511579e0,3.80533650299052908e2,3.81770605878807714e2,-1.39394316252390307e-5,5.00000000000000000e0,4.99999999999999378e0,0.00000000000000000e0,2.88521818260393603e0,2.60198138096214837e0,5.00000000000000000e0,8.09854405758869689e-1,2.42956321727660907e0,2.19999818887252019e0,1.49999999999999716e1,-5.04728654685289447e-7,1.95216109799556392e-6,7.67911784967552197e-28,-4.59644760212587003e-2,4.99999999499999936e-9,0.00000000000000000e0,0.00000000000000000e0,0.00000000000000000e0,1.04086116764472214e-1,5.02073291155031964e-1,1.38203522631584019e0,-9.59239447275131312e1,7.63541211757614919e-10,1.23665982671411809e-9,5.00000000000000000e0,0.00000000000000000e0,5.00000000000000000e0,5.00000000000000000e0,4.66674051715093263e0,2.12121783713167877e0,2.12121781128178855e0,0.00000000000000000e0 group=row_index=26470619:5.76593461529296580e-1,-2.21659603297593710e0,9.37073486945371883e1,4.24242387706677793e0,3.80433614958535884e2,3.80463649191295701e2,4.24241226859248943e0,3.80533650299050919e2,3.81770605878802826e2,-1.39394316612673620e-5,5.00000000000000000e0,4.99999999999999378e0,0.00000000000000000e0,2.88521818260393603e0,2.60198138096147735e0,5.00000000000000000e0,8.09854960870382001e-1,2.42956488261114600e0,2.19999969685261254e0,1.49999999999999716e1,-4.28692908639203749e-7,1.95216109810658622e-6,7.67838802500326786e-28,-4.59644760197323796e-2,4.99999999499999936e-9,0.00000000000000000e0,0.00000000000000000e0,0.00000000000000000e0,1.04086116764472950e-1,5.02073291155031964e-1,1.38203522631583997e0,-9.59239447275131312e1,7.63541211757605303e-10,1.26570535442742812e-9,5.00000000000000000e0,0.00000000000000000e0,5.00000000000000000e0,5.00000000000000000e0,4.66674051701450843e0,2.12121779716686687e0,2.12121780332372811e0,0.00000000000000000e0;row_index=26470620:5.76593461529296580e-1,-2.21659603387998816e0,9.37073486936331506e1,4.24242387691512768e0,3.80433614958535941e2,3.80463649191295758e2,4.24241226851160125e0,3.80533650299049725e2,3.81770605878800211e2,-1.39394316805630385e-5,5.00000000000000000e0,4.99999999999999378e0,0.00000000000000000e0,2.88521818260393559e0,2.60198138096112208e0,5.00000000000000000e0,8.09854960870382001e-1,2.42956488261114600e0,2.19999969685261254e0,1.49999999999999716e1,-3.88395971113128086e-7,1.95216109810658622e-6,7.67800126531967359e-28,-4.59644760189234641e-2,4.99999999499999936e-9,0.00000000000000000e0,0.00000000000000000e0,0.00000000000000000e0,1.04086116764472505e-1,5.02073291155031964e-1,1.38203522631583975e0,-9.59239447275131454e1,7.63541211757600030e-10,1.22547611113955114e-9,5.00000000000000000e0,0.00000000000000000e0,5.00000000000000000e0,5.00000000000000000e0,4.66674051693113778e0,2.12121774142495356e0,2.12121777705608849e0,0.00000000000000000e0 right=row_index=26470621:5.76593461529296691e-1,-2.21659603367403024e0,9.37073486938431159e1,4.24242387682904631e0,3.80433614958536054e2,3.80463649191295872e2,4.24241226840908769e0,3.80533650299048190e2,3.81770605878796914e2,-1.39394317032223591e-5,5.00000000000000000e0,4.99999999999999378e0,0.00000000000000000e0,2.88521818260393559e0,2.60198138096067089e0,5.00000000000000000e0,8.09855515981894314e-1,2.42956654794568294e0,2.20000120483270534e0,1.49999999999999716e1,-3.37325616611226965e-7,1.95216109821760853e-6,7.67751113312760854e-28,-4.59644760178982981e-2,4.99999999499999936e-9,0.00000000000000000e0,0.00000000000000000e0,0.00000000000000000e0,1.04086116764471007e-1,5.02073291155031853e-1,1.38203522631583953e0,-9.59239447275171528e1,7.63541211757593309e-10,1.16728460550722081e-9,5.00000000000000000e0,0.00000000000000000e0,5.00000000000000000e0,5.00000000000000000e0,4.66674051682124080e0,2.12121785627545201e0,2.12121780976366958e0,0.00000000000000000e0
equal_group_time_s=5.81744231539009338e-1 threshold_crossing=false left=row_index=26736236:5.81744231539009227e-1,-2.12267911332007042e0,9.35710430010866645e1,3.95715129583958980e0,3.83096831710398021e2,3.83127076197111933e2,3.95714172719178769e0,3.83192918548287139e2,3.84424500811610471e2,-1.69157967572262424e-5,5.00000000000000000e0,4.99999999999999378e0,0.00000000000000000e0,2.88394610372271565e0,2.62152051425920041e0,5.00000000000000000e0,8.09854960870382001e-1,2.42956488261114600e0,2.19999969685261254e0,1.49999999999999716e1,-7.67985488350951665e-7,1.95575225869770719e-6,-6.23263386052888886e-25,-4.31455389062281522e-2,4.99999999499999936e-9,0.00000000000000000e0,0.00000000000000000e0,0.00000000000000000e0,1.04086116764484940e-1,5.01675130465210062e-1,1.38056149193320654e0,-9.56937221144067394e1,7.68849001623220542e-10,1.31747700041724516e-9,5.00000000000000000e0,0.00000000000000000e0,5.00000000000000000e0,5.00000000000000000e0,4.38949007834708027e0,1.97858289603021964e0,1.97858291146353160e0,0.00000000000000000e0 group=row_index=26736237:5.81744231539009338e-1,-2.12267911322353742e0,9.35710430011752266e1,3.95715129563699719e0,3.83096831710398249e2,3.83127076197112160e2,3.95714172702086664e0,3.83192918548284752e2,3.84424500811604958e2,-1.69157967953989070e-5,5.00000000000000000e0,4.99999999999999378e0,0.00000000000000000e0,2.88394610372271565e0,2.62152051425814614e0,5.00000000000000000e0,8.09855515981894314e-1,2.42956654794568294e0,2.20000120483270534e0,1.49999999999999716e1,-6.83646303688812427e-7,1.95575225880872949e-6,-6.23197682605718878e-25,-4.31455389045189777e-2,4.99999999499999936e-9,0.00000000000000000e0,0.00000000000000000e0,0.00000000000000000e0,1.04086116764484676e-1,5.01675130465209951e-1,1.38056149193320699e0,-9.56937221143987671e1,7.68849001623209375e-10,1.32675011155893712e-9,5.00000000000000000e0,0.00000000000000000e0,5.00000000000000000e0,5.00000000000000000e0,4.38949007817276105e0,1.97858291308507872e0,1.97858292176778638e0,0.00000000000000000e0;row_index=26736238:5.81744231539009338e-1,-2.12267911454313163e0,9.35710429998556208e1,3.95715129561576973e0,3.83096831710398419e2,3.83127076197112331e2,3.95714172693461430e0,3.83192918548283615e2,3.84424500811602229e2,-1.69157968140793039e-5,5.00000000000000000e0,4.99999999999999378e0,0.00000000000000000e0,2.88394610372271609e0,2.62152051425761456e0,5.00000000000000000e0,8.09855515981894314e-1,2.42956654794568294e0,2.20000120483270534e0,1.49999999999999716e1,-6.41086028309909579e-7,1.95575225880872949e-6,-6.23164529154570663e-25,-4.31455389036564663e-2,4.99999999499999936e-9,0.00000000000000000e0,0.00000000000000000e0,0.00000000000000000e0,1.04086116764484871e-1,5.01675130465210062e-1,1.38056149193320721e0,-9.56937221143987529e1,7.68849001623203895e-10,1.26616165726104023e-9,5.00000000000000000e0,0.00000000000000000e0,5.00000000000000000e0,5.00000000000000000e0,4.38949007808560054e0,1.97858299523693693e0,1.97858289224316630e0,0.00000000000000000e0 right=row_index=26736239:5.81744231539009449e-1,-2.12267911451258273e0,9.35710429998822235e1,3.95715129547063249e0,3.83096831710398590e2,3.83127076197112501e2,3.95714172682346499e0,3.83192918548282080e2,3.84424500811598705e2,-1.69157968382698635e-5,5.00000000000000000e0,4.99999999999999378e0,0.00000000000000000e0,2.88394610372271609e0,2.62152051425692934e0,5.00000000000000000e0,8.09856071093406626e-1,2.42956821328021988e0,2.20000271281279769e0,1.49999999999999716e1,-5.86241371354047104e-7,1.95575225891975180e-6,-6.23121809060417477e-25,-4.31455389025450151e-2,4.99999999499999936e-9,0.00000000000000000e0,0.00000000000000000e0,0.00000000000000000e0,1.04086116764485134e-1,5.01675130465210062e-1,1.38056149193320721e0,-9.56937221143948022e1,7.68849001623196864e-10,1.25773326546486219e-9,5.00000000000000000e0,0.00000000000000000e0,5.00000000000000000e0,5.00000000000000000e0,4.38949007797191371e0,1.97858291852077994e0,1.97858291380726170e0,0.00000000000000000e0
equal_group_time_s=5.81775200422893657e-1 threshold_crossing=false left=row_index=26737804:5.81775200422893546e-1,-2.09119351024599620e0,9.19597649274582096e1,3.86164657367703246e0,3.83085285555845701e2,3.83115529131021106e2,3.86163686431770392e0,3.83179978970540958e2,3.84409721535514109e2,-1.27674032306670249e-5,5.00000000000000000e0,4.99999999999999378e0,0.00000000000000000e0,2.88383552808275567e0,2.58525640618014663e0,5.00000000000000000e0,8.09853295535845064e-1,2.42955988660753519e0,2.19999517291233504e0,1.49999999999999716e1,-3.56961778936121470e-7,1.94258249763823443e-6,6.42503236531674423e-24,-4.22098930302676409e-2,4.99999999499999936e-9,0.00000000000000000e0,0.00000000000000000e0,0.00000000000000000e0,1.04086116764477529e-1,5.01640520289902470e-1,1.38043342449924133e0,-9.40509584377042103e1,7.68819443071027682e-10,1.36014290105642991e-9,5.00000000000000000e0,0.00000000000000000e0,5.00000000000000000e0,5.00000000000000000e0,4.29665596799016747e0,1.93083067551975041e0,1.93083065448195113e0,0.00000000000000000e0 group=row_index=26737805:5.81775200422893657e-1,-2.09119351005212017e0,9.19597649276480666e1,3.86164657352722163e0,3.83085285555845928e2,3.83115529131021333e2,3.86163686416123131e0,3.83179978970538741e2,3.84409721535508936e2,-1.27674032697944024e-5,5.00000000000000000e0,4.99999999999999378e0,0.00000000000000000e0,2.88383552808275612e0,2.58525640617919628e0,5.00000000000000000e0,8.09853850647357376e-1,2.42956155194207213e0,2.19999668089242784e0,1.49999999999999716e1,-2.80171404494705369e-7,1.94258249774925673e-6,6.42441566907960933e-24,-4.22098930287030175e-2,4.99999999499999936e-9,0.00000000000000000e0,0.00000000000000000e0,0.00000000000000000e0,1.04086116764478195e-1,5.01640520289902692e-1,1.38043342449924178e0,-9.40509584377001886e1,7.68819443071017445e-10,1.36077394081901057e-9,5.00000000000000000e0,0.00000000000000000e0,5.00000000000000000e0,5.00000000000000000e0,4.29665596782721604e0,1.93083069549370090e0,1.93083065015118893e0,0.00000000000000000e0;row_index=26737806:5.81775200422893657e-1,-2.09119350989935926e0,9.19597649278008333e1,3.86164657347967211e0,3.83085285555846042e2,3.83115529131021447e2,3.86163686407750406e0,3.83179978970537718e2,3.84409721535506151e2,-1.27674032907957424e-5,5.00000000000000000e0,4.99999999999999378e0,0.00000000000000000e0,2.88383552808275612e0,2.58525640617868824e0,5.00000000000000000e0,8.09853850647357376e-1,2.42956155194207213e0,2.19999668089242784e0,1.49999999999999716e1,-2.39081376125240130e-7,1.94258249774925673e-6,6.42408570325662242e-24,-4.22098930278657844e-2,4.99999999499999936e-9,0.00000000000000000e0,0.00000000000000000e0,0.00000000000000000e0,1.04086116764478029e-1,5.01640520289902803e-1,1.38043342449924156e0,-9.40509584377001886e1,7.68819443071011758e-10,1.34802248444703356e-9,5.00000000000000000e0,0.00000000000000000e0,5.00000000000000000e0,5.00000000000000000e0,4.29665596775142511e0,1.93083066217013211e0,1.93083061923441313e0,0.00000000000000000e0 right=row_index=26737807:5.81775200422893768e-1,-2.09119351063018843e0,9.19597649270619684e1,3.86164657336152661e0,3.83085285555846269e2,3.83115529131021674e2,3.86163686397141070e0,3.83179978970536411e2,3.84409721535502683e2,-1.27674033165896557e-5,5.00000000000000000e0,4.99999999999999378e0,0.00000000000000000e0,2.88383552808275478e0,2.58525640617804431e0,5.00000000000000000e0,8.09854405758869689e-1,2.42956321727660907e0,2.19999818887252019e0,1.49999999999999716e1,-1.87014237719512742e-7,1.94258249786027903e-6,6.42366761213695076e-24,-4.22098930268048969e-2,4.99999999499999936e-9,0.00000000000000000e0,0.00000000000000000e0,0.00000000000000000e0,1.04086116764477321e-1,5.01640520289902359e-1,1.38043342449924000e0,-9.40509584376921595e1,7.68819443071004934e-10,1.34854084612409411e-9,5.00000000000000000e0,0.00000000000000000e0,5.00000000000000000e0,5.00000000000000000e0,4.29665596764910696e0,1.93083075715395847e0,1.93083067485459758e0,0.00000000000000000e0
equal_group_time_s=5.81782923745958969e-1 threshold_crossing=false left=row_index=26738214:5.81782923745958858e-1,-2.08193704439022653e0,9.15573269738424216e1,3.83358262959482055e0,3.83082298222610632e2,3.83112541561943942e2,3.83357288410294750e0,3.83176558961766204e2,3.84405756770469225e2,-3.51542761106658117e-6,5.00000000000000000e0,4.99999999999999378e0,0.00000000000000000e0,2.88380821232948703e0,2.57488227948118054e0,5.00000000000000000e0,8.09852740424332751e-1,2.42955822127299825e0,2.19999366493224269e0,1.49999999999999716e1,4.99360941076023237e-7,1.92039215152206566e-6,-1.62371784404120545e-25,-4.19339224906821323e-2,4.99999999499999936e-9,0.00000000000000000e0,0.00000000000000000e0,0.00000000000000000e0,1.04086116764478667e-1,5.01631970459129328e-1,1.38040178862307261e0,-9.36392640182326517e1,7.68811513540938064e-10,1.34819961079704030e-9,5.00000000000000000e0,0.00000000000000000e0,5.00000000000000000e0,5.00000000000000000e0,4.26782665481747880e0,1.91679869193582508e0,1.91679868103479145e0,0.00000000000000000e0 group=row_index=26738215:5.81782923745958969e-1,-2.08193704562839343e0,9.15573269726002366e1,3.83358262950063811e0,3.83082298222610802e2,3.83112541561944113e2,3.83357288396913543e0,3.83176558961764385e2,3.84405756770464961e2,-3.51542764946831654e-6,5.00000000000000000e0,4.99999999999999378e0,0.00000000000000000e0,2.88380821232948747e0,2.57488227948037096e0,5.00000000000000000e0,8.09853295535845064e-1,2.42955988660753519e0,2.19999517291233504e0,1.49999999999999716e1,5.64942045272937979e-7,1.92039215163308796e-6,-1.62358474297739451e-25,-4.19339224893441817e-2,4.99999999499999936e-9,0.00000000000000000e0,0.00000000000000000e0,0.00000000000000000e0,1.04086116764478195e-1,5.01631970459129550e-1,1.38040178862307306e0,-9.36392640182286300e1,7.68811513540929482e-10,1.32052196741531080e-9,5.00000000000000000e0,0.00000000000000000e0,5.00000000000000000e0,5.00000000000000000e0,4.26782665468484446e0,1.91679868456890112e0,1.91679865164833196e0,0.00000000000000000e0;row_index=26738216:5.81782923745958969e-1,-2.08193704508563959e0,9.15573269731429917e1,3.83358262939003591e0,3.83082298222610973e2,3.83112541561944283e2,3.83357288389343909e0,3.83176558961763419e2,3.84405756770462460e2,-3.51542767032407104e-6,5.00000000000000000e0,4.99999999999999378e0,0.00000000000000000e0,2.88380821232948747e0,2.57488227947991266e0,5.00000000000000000e0,8.09853295535845064e-1,2.42955988660753519e0,2.19999517291233504e0,1.49999999999999716e1,6.02040625232137956e-7,1.92039215163308796e-6,-1.62350945385778517e-25,-4.19339224885873080e-2,4.99999999499999936e-9,0.00000000000000000e0,0.00000000000000000e0,0.00000000000000000e0,1.04086116764477113e-1,5.01631970459129550e-1,1.38040178862307283e0,-9.36392640182286300e1,7.68811513540924519e-10,1.29406929769968211e-9,5.00000000000000000e0,0.00000000000000000e0,5.00000000000000000e0,5.00000000000000000e0,4.26782665460905264e0,1.91679864905735564e0,1.91679863709975518e0,0.00000000000000000e0 right=row_index=26738217:5.81782923745959080e-1,-2.08193704539741464e0,9.15573269728231622e1,3.83358262930886351e0,3.83082298222611087e2,3.83112541561944397e2,3.83357288380237549e0,3.83176558961762282e2,3.84405756770459277e2,-3.51542769873548478e-6,5.00000000000000000e0,4.99999999999999378e0,0.00000000000000000e0,2.88380821232948703e0,2.57488227947936066e0,5.00000000000000000e0,8.09853850647357376e-1,2.42956155194207213e0,2.19999668089242784e0,1.49999999999999716e1,6.46670280874444273e-7,1.92039215174411027e-6,-1.62341888554319151e-25,-4.19339224876767724e-2,4.99999999499999936e-9,0.00000000000000000e0,0.00000000000000000e0,0.00000000000000000e0,1.04086116764476003e-1,5.01631970459129550e-1,1.38040178862307239e0,-9.36392640182205724e1,7.68811513540918108e-10,1.30280191589934389e-9,5.00000000000000000e0,0.00000000000000000e0,5.00000000000000000e0,5.00000000000000000e0,4.26782665452568288e0,1.91679867218798261e0,1.91679863862664623e0,0.00000000000000000e0
equal_group_time_s=5.90117094340575576e-1 threshold_crossing=false left=row_index=27150444:5.90117094340575465e-1,9.26608428114970195e1,-9.33742947777737142e-1,-3.86440266236820662e0,3.83401510827611787e2,3.83431779367940237e2,3.86439290309870431e0,3.83496260394120327e2,3.84726056353786930e2,-2.57396059266476165e-6,5.00000000000000000e0,4.99999999999999378e0,0.00000000000000000e0,2.88423675875394814e0,2.57246799169048090e0,5.00000000000000000e0,8.09855515981894314e-1,2.42956654794568294e0,2.20000120483270534e0,1.49999999999999716e1,5.87187594405034387e-7,1.91855614861680124e-6,1.44498122637647851e-30,-4.22467170727221647e-2,4.99999999499999936e-9,0.00000000000000000e0,0.00000000000000000e0,0.00000000000000000e0,1.04086116764472034e-1,5.01766105489985792e-1,1.38089815357546319e0,9.35945857592747501e1,7.69452112707573340e-10,1.35415947541235930e-9,5.00000000000000000e0,0.00000000000000000e0,5.00000000000000000e0,5.00000000000000000e0,4.29873507867265925e0,1.93220866034445415e0,1.93220864163858241e0,0.00000000000000000e0 group=row_index=27150445:5.90117094340575576e-1,9.26608428111945415e1,-9.33742948072167622e-1,-3.86440266218642137e0,3.83401510827611958e2,3.83431779367940408e2,3.86439290295452675e0,3.83496260394118224e2,3.84726056353782212e2,-2.57396063605814434e-6,5.00000000000000000e0,4.99999999999999378e0,0.00000000000000000e0,2.88423675875394814e0,2.57246799168963802e0,5.00000000000000000e0,8.09856071093406626e-1,2.42956821328021988e0,2.20000271281279769e0,1.49999999999999716e1,6.57758371613461020e-7,1.91855614872782354e-6,1.44485376518037099e-30,-4.22467170712805679e-2,4.99999999499999936e-9,0.00000000000000000e0,0.00000000000000000e0,0.00000000000000000e0,1.04086116764473477e-1,5.01766105489985903e-1,1.38089815357546319e0,9.35945857592667068e1,7.69452112707564035e-10,1.36864683642103786e-9,5.00000000000000000e0,0.00000000000000000e0,5.00000000000000000e0,5.00000000000000000e0,4.29873507852107650e0,1.93220866693759241e0,1.93220867657642903e0,0.00000000000000000e0;row_index=27150446:5.90117094340575576e-1,9.26608428107990818e1,-9.33742948467640832e-1,-3.86440266206096794e0,3.83401510827612071e2,3.83431779367940521e2,3.86439290287229742e0,3.83496260394117030e2,3.84726056353779541e2,-2.57396066055137299e-6,5.00000000000000000e0,4.99999999999999378e0,0.00000000000000000e0,2.88423675875394769e0,2.57246799168915663e0,5.00000000000000000e0,8.09856071093406626e-1,2.42956821328021988e0,2.20000271281279769e0,1.49999999999999716e1,6.98006871088748691e-7,1.91855614872782354e-6,1.44478107550917239e-30,-4.22467170704583853e-2,4.99999999499999936e-9,0.00000000000000000e0,0.00000000000000000e0,0.00000000000000000e0,1.04086116764473102e-1,5.01766105489985681e-1,1.38089815357546253e0,9.35945857592667210e1,7.69452112707558658e-10,1.34167068053184002e-9,5.00000000000000000e0,0.00000000000000000e0,5.00000000000000000e0,5.00000000000000000e0,4.29873507843391689e0,1.93220862239533986e0,1.93220865998229940e0,0.00000000000000000e0 right=row_index=27150447:5.90117094340575687e-1,9.26608428109383908e1,-9.33742948324283617e-1,-3.86440266203942429e0,3.83401510827612128e2,3.83431779367940578e2,3.86439290277366965e0,3.83496260394115723e2,3.84726056353776357e2,-2.57396068947463222e-6,5.00000000000000000e0,4.99999999999999378e0,0.00000000000000000e0,2.88423675875394681e0,2.57246799168857931e0,5.00000000000000000e0,8.09856626204918939e-1,2.42956987861475682e0,2.20000422079289004e0,1.49999999999999716e1,7.46282251376256637e-7,1.91855614883884584e-6,1.44469389393886988e-30,-4.22467170694722297e-2,4.99999999499999936e-9,0.00000000000000000e0,0.00000000000000000e0,0.00000000000000000e0,1.04086116764472256e-1,5.01766105489985237e-1,1.38089815357546186e0,9.35945857592626709e1,7.69452112707552247e-10,1.33453146063569516e-9,5.00000000000000000e0,0.00000000000000000e0,5.00000000000000000e0,5.00000000000000000e0,4.29873507834296742e0,1.93220864408461135e0,1.93220865617941007e0,0.00000000000000000e0
equal_group_time_s=5.90132591252983563e-1 threshold_crossing=false left=row_index=27151247:5.90132591252983452e-1,9.18346925115195347e1,-9.31262189366522164e-1,-3.78211698735174195e0,3.83395439476626564e2,3.83425707537637834e2,3.78210715310661527e0,3.83488994862693460e2,3.84717188598018652e2,-5.83405485349549161e-6,5.00000000000000000e0,4.99999999999999378e0,0.00000000000000000e0,2.88418216514737313e0,2.55568135293319232e0,5.00000000000000000e0,8.09853850647357376e-1,2.42956155194207213e0,2.19999668089242784e0,1.49999999999999716e1,2.93007822784979037e-7,1.92444173385819539e-6,3.85594667258363131e-23,-4.14335820587212675e-2,4.99999999499999936e-9,0.00000000000000000e0,0.00000000000000000e0,0.00000000000000000e0,1.04086116764477932e-1,5.01749017691127785e-1,1.38083491543677561e0,9.27659547008860557e1,7.69434377196036880e-10,1.38056660876030267e-9,5.00000000000000000e0,0.00000000000000000e0,5.00000000000000000e0,5.00000000000000000e0,4.21915500370838981e0,1.89106591990531570e0,1.89106589911479750e0,0.00000000000000000e0 group=row_index=27151248:5.90132591252983563e-1,9.18346925109656524e1,-9.31262189912342775e-1,-3.78211698719422884e0,3.83395439476626677e2,3.83425707537637948e2,3.78210715296952049e0,3.83488994862691470e2,3.84717188598014161e2,-5.83405489080756907e-6,5.00000000000000000e0,4.99999999999999378e0,0.00000000000000000e0,2.88418216514737269e0,2.55568135293236809e0,5.00000000000000000e0,8.09854405758869689e-1,2.42956321727660907e0,2.19999818887252019e0,1.49999999999999716e1,3.59932281803049633e-7,1.92444173396921769e-6,3.85562411462512240e-23,-4.14335820573504751e-2,4.99999999499999936e-9,0.00000000000000000e0,0.00000000000000000e0,0.00000000000000000e0,1.04086116764477765e-1,5.01749017691127674e-1,1.38083491543677495e0,9.27659547008779981e1,7.69434377196027781e-10,1.38234881836987496e-9,5.00000000000000000e0,0.00000000000000000e0,5.00000000000000000e0,5.00000000000000000e0,4.21915500356817574e0,1.89106591388893452e0,1.89106589797012781e0,0.00000000000000000e0;row_index=27151249:5.90132591252983563e-1,9.18346925112240058e1,-9.31262189653979666e-1,-3.78211698704376431e0,3.83395439476626734e2,3.83425707537638004e2,3.78210715289655042e0,3.83488994862690504e2,3.84717188598011717e2,-5.83405491171031356e-6,5.00000000000000000e0,4.99999999999999378e0,0.00000000000000000e0,2.88418216514737180e0,2.55568135293192933e0,5.00000000000000000e0,8.09854405758869689e-1,2.42956321727660907e0,2.19999818887252019e0,1.49999999999999716e1,3.95553605240385058e-7,1.92444173396921769e-6,3.85545244039432520e-23,-4.14335820566208574e-2,4.99999999499999936e-9,0.00000000000000000e0,0.00000000000000000e0,0.00000000000000000e0,1.04086116764477987e-1,5.01749017691127452e-1,1.38083491543677384e0,9.27659547008779839e1,7.69434377196022921e-10,1.37242992924986452e-9,5.00000000000000000e0,0.00000000000000000e0,5.00000000000000000e0,5.00000000000000000e0,4.21915500349996364e0,1.89106590706612243e0,1.89106593572254211e0,0.00000000000000000e0 right=row_index=27151250:5.90132591252983674e-1,9.18346925122851019e1,-9.31262188588830697e-1,-3.78211698702881449e0,3.83395439476626734e2,3.83425707537638004e2,3.78210715280332677e0,3.83488994862689367e2,3.84717188598008590e2,-5.83405493828197005e-6,5.00000000000000000e0,4.99999999999999378e0,0.00000000000000000e0,2.88418216514737002e0,2.55568135293136889e0,5.00000000000000000e0,8.09854960870382001e-1,2.42956488261114600e0,2.19999969685261254e0,1.49999999999999716e1,4.41062163727480353e-7,1.92444173408024000e-6,3.85523312651421181e-23,-4.14335820556887210e-2,4.99999999499999936e-9,0.00000000000000000e0,0.00000000000000000e0,0.00000000000000000e0,1.04086116764477432e-1,5.01749017691126897e-1,1.38083491543677184e0,9.27659547008739338e1,7.69434377196016821e-10,1.41597225486538508e-9,5.00000000000000000e0,0.00000000000000000e0,5.00000000000000000e0,5.00000000000000000e0,4.21915500342417271e0,1.89106598000268966e0,1.89106590561324639e0,0.00000000000000000e0
equal_group_time_s=5.93261790158801872e-1 threshold_crossing=false left=row_index=27295688:5.93261790158801761e-1,-2.22820797548906535e0,9.37834311106035301e1,4.27773371908302646e0,3.81081336340895689e2,3.81111421709554122e2,4.27772209730757513e0,3.81181941110426294e2,3.82419549923621901e2,-7.57477050216608265e-6,5.00000000000000000e0,4.99999999999999378e0,0.00000000000000000e0,2.88619533370345405e0,2.60132504449370039e0,5.00000000000000000e0,8.09851630201308126e-1,2.42955489060392438e0,2.19999064897205754e0,1.49999999999999716e1,1.00501489613686959e-7,1.93592936414965777e-6,-3.66167554082908657e-29,-4.63244746971384486e-2,4.99999999499999936e-9,0.00000000000000000e0,0.00000000000000000e0,0.00000000000000000e0,1.04086116764481665e-1,5.02379139449181222e-1,1.38316781357463126e0,-9.60116390860926003e1,7.64839099847243254e-10,1.21316471583098563e-9,5.00000000000000000e0,0.00000000000000000e0,5.00000000000000000e0,5.00000000000000000e0,4.70129339147812697e0,2.13887270233756777e0,2.13887270129675988e0,0.00000000000000000e0 group=row_index=27295689:5.93261790158801872e-1,-2.22820797503549040e0,9.37834311110610912e1,4.27773371889035570e0,3.81081336340895803e2,3.81111421709554236e2,4.27772209714758844e0,3.81181941110424020e2,3.82419549923616728e2,-7.57477054388654816e-6,5.00000000000000000e0,4.99999999999999378e0,0.00000000000000000e0,2.88619533370345538e0,2.60132504449302848e0,5.00000000000000000e0,8.09852185312820438e-1,2.42955655593846132e0,2.19999215695215034e0,1.49999999999999716e1,1.80045919077803120e-7,1.93592936426068007e-6,-3.66131147654349052e-29,-4.63244746955385756e-2,4.99999999499999936e-9,0.00000000000000000e0,0.00000000000000000e0,0.00000000000000000e0,1.04086116764482164e-1,5.02379139449181666e-1,1.38316781357463259e0,-9.60116390860965794e1,7.64839099847233017e-10,1.21887672381861364e-9,5.00000000000000000e0,0.00000000000000000e0,5.00000000000000000e0,5.00000000000000000e0,4.70129339131896540e0,2.13887265806308013e0,2.13887267237207856e0,0.00000000000000000e0;row_index=27295690:5.93261790158801872e-1,-2.22820797528880998e0,9.37834311108077827e1,4.27773371880885644e0,3.81081336340895859e2,3.81111421709554293e2,4.27772209706334472e0,3.81181941110422827e2,3.82419549923614113e2,-7.57477056479390052e-6,5.00000000000000000e0,4.99999999999999378e0,0.00000000000000000e0,2.88619533370345582e0,2.60132504449267499e0,5.00000000000000000e0,8.09852185312820438e-1,2.42955655593846132e0,2.19999215695215034e0,1.49999999999999716e1,2.21931551873325079e-7,1.93592936426068007e-6,-3.66111978611498943e-29,-4.63244746946961244e-2,4.99999999499999936e-9,0.00000000000000000e0,0.00000000000000000e0,0.00000000000000000e0,1.04086116764482317e-1,5.02379139449181777e-1,1.38316781357463303e0,-9.60116390860965936e1,7.64839099847227847e-10,1.19992408572848786e-9,5.00000000000000000e0,0.00000000000000000e0,5.00000000000000000e0,5.00000000000000000e0,4.70129339123559475e0,2.13887281158529952e0,2.13887271188333594e0,0.00000000000000000e0 right=row_index=27295691:5.93261790158801983e-1,-2.22820797487831790e0,9.37834311112262071e1,4.27773371872295627e0,3.81081336340896030e2,3.81111421709554463e2,4.27772209695385452e0,3.81181941110421349e2,3.82419549923610646e2,-7.57477059298633846e-6,5.00000000000000000e0,4.99999999999999378e0,0.00000000000000000e0,2.88619533370345582e0,2.60132504449221535e0,5.00000000000000000e0,8.09852740424332751e-1,2.42955822127299825e0,2.19999366493224269e0,1.49999999999999716e1,2.76370075419315124e-7,1.93592936437170238e-6,-3.66087066213065096e-29,-4.63244746936011947e-2,4.99999999499999936e-9,0.00000000000000000e0,0.00000000000000000e0,0.00000000000000000e0,1.04086116764482040e-1,5.02379139449181666e-1,1.38316781357463303e0,-9.60116390861045232e1,7.64839099847220816e-10,1.21034669791426331e-9,5.00000000000000000e0,0.00000000000000000e0,5.00000000000000000e0,5.00000000000000000e0,4.70129339112569777e0,2.13887269726670892e0,2.13887267574820461e0,0.00000000000000000e0
equal_group_time_s=5.93269554945229149e-1 threshold_crossing=false left=row_index=27296096:5.93269554945229038e-1,-2.23665491647954262e0,9.41841973239874761e1,4.30342441716116575e0,3.81078801032868398e2,3.81108886201370922e2,4.30341283846342826e0,3.81179799538132727e2,3.82417882078354694e2,-1.47898200873513958e-5,5.00000000000000000e0,4.99999999999999378e0,0.00000000000000000e0,2.88622806565514800e0,2.61585531930748827e0,5.00000000000000000e0,8.09854405758869689e-1,2.42956321727660907e0,2.19999818887252019e0,1.49999999999999716e1,-6.06996423302436095e-7,1.95520238011059888e-6,4.53210252802947688e-24,-4.65766225741694462e-2,4.99999999499999936e-9,0.00000000000000000e0,0.00000000000000000e0,0.00000000000000000e0,1.04086116764477182e-1,5.02389384550061435e-1,1.38320576025228470e0,-9.64208522404670134e1,7.64835764156708982e-10,1.24907805200313262e-9,5.00000000000000000e0,0.00000000000000000e0,5.00000000000000000e0,5.00000000000000000e0,4.72755578412034083e0,2.15171807359011069e0,2.15171805731215748e0,0.00000000000000000e0 group=row_index=27296097:5.93269554945229149e-1,-2.23665491646000936e0,9.41841973240149599e1,4.30342441707189760e0,3.81078801032868739e2,3.81108886201371263e2,4.30341283833295218e0,3.81179799538131192e2,3.82417882078350715e2,-1.47898201155364934e-5,5.00000000000000000e0,4.99999999999999378e0,0.00000000000000000e0,2.88622806565514889e0,2.61585531930692783e0,5.00000000000000000e0,8.09854960870382001e-1,2.42956488261114600e0,2.19999969685261254e0,1.49999999999999716e1,-5.42034662358672092e-7,1.95520238022162118e-6,4.53173452625189625e-24,-4.65766225728646358e-2,4.99999999499999936e-9,0.00000000000000000e0,0.00000000000000000e0,0.00000000000000000e0,1.04086116764477377e-1,5.02389384550061546e-1,1.38320576025228581e0,-9.64208522404749715e1,7.64835764156700917e-10,1.24480346157907330e-9,5.00000000000000000e0,0.00000000000000000e0,5.00000000000000000e0,5.00000000000000000e0,4.72755578399528531e0,2.15171804875134542e0,2.15171804909614650e0,0.00000000000000000e0;row_index=27296098:5.93269554945229149e-1,-2.23665491806674543e0,9.41841973224082381e1,4.30342441697256639e0,3.81078801032868796e2,3.81108886201371320e2,4.30341283826676335e0,3.81179799538130396e2,3.82417882078348498e2,-1.47898201302642059e-5,5.00000000000000000e0,4.99999999999999378e0,0.00000000000000000e0,2.88622806565514889e0,2.61585531930664361e0,5.00000000000000000e0,8.09854960870382001e-1,2.42956488261114600e0,2.19999969685261254e0,1.49999999999999716e1,-5.09080161531093104e-7,1.95520238022162118e-6,4.53154785377561640e-24,-4.65766225722027208e-2,4.99999999499999936e-9,0.00000000000000000e0,0.00000000000000000e0,0.00000000000000000e0,1.04086116764477585e-1,5.02389384550061657e-1,1.38320576025228581e0,-9.64208522404749857e1,7.64835764156696574e-10,1.27014448025674117e-9,5.00000000000000000e0,0.00000000000000000e0,5.00000000000000000e0,5.00000000000000000e0,4.72755578393844189e0,2.15171807366871137e0,2.15171808103588358e0,0.00000000000000000e0;row_index=27296099:5.93269554945229149e-1,-2.23665491590162047e0,9.41841973245733470e1,4.30342441692037259e0,3.81078801032868967e2,3.81108886201371490e2,4.30341283818184550e0,3.81179799538129259e2,3.82417882078345428e2,-1.47898201521449372e-5,5.00000000000000000e0,4.99999999999999378e0,0.00000000000000000e0,2.88622806565514844e0,2.61585531930627857e0,5.00000000000000000e0,8.09854960870382001e-1,2.42956488261114600e0,2.19999969685261254e0,1.49999999999999716e1,-4.66800656075234811e-7,1.95520238022162118e-6,4.53130837058815981e-24,-4.65766225713534973e-2,4.99999999499999936e-9,0.00000000000000000e0,0.00000000000000000e0,0.00000000000000000e0,1.04086116764476780e-1,5.02389384550061435e-1,1.38320576025228537e0,-9.64208522404749715e1,7.64835764156690371e-10,1.31135512765723211e-9,5.00000000000000000e0,0.00000000000000000e0,5.00000000000000000e0,5.00000000000000000e0,4.72755578385128228e0,2.15171808524334907e0,2.15171804428924451e0,0.00000000000000000e0 right=row_index=27296100:5.93269554945229260e-1,-2.23665491648794434e0,9.41841973239909862e1,4.30342441673470333e0,3.81078801032869308e2,3.81108886201371831e2,4.30341283801201069e0,3.81179799538126815e2,3.82417882078339687e2,-1.47898201953286894e-5,5.00000000000000000e0,4.99999999999999378e0,0.00000000000000000e0,2.88622806565514889e0,2.61585531930554849e0,5.00000000000000000e0,8.09855515981894314e-1,2.42956654794568294e0,2.20000120483270534e0,1.49999999999999716e1,-3.82241645553531688e-7,1.95520238033264349e-6,4.53082944218085531e-24,-4.65766225696550573e-2,4.99999999499999936e-9,0.00000000000000000e0,0.00000000000000000e0,0.00000000000000000e0,1.04086116764475253e-1,5.02389384550061657e-1,1.38320576025228581e0,-9.64208522404789363e1,7.64835764156678997e-10,1.29972077094101189e-9,5.00000000000000000e0,0.00000000000000000e0,5.00000000000000000e0,5.00000000000000000e0,4.72755578366559348e0,2.15171808613295967e0,2.15171805584827824e0,0.00000000000000000e0
equal_group_time_s=5.98435794446203317e-1 threshold_crossing=false left=row_index=27562433:5.98435794446203206e-1,-2.09293419891808385e0,9.22811688584411627e1,3.86692472480724181e0,3.83700063030359559e2,3.83730355140598760e2,3.86691502011892618e0,3.83794884397385090e2,3.85024729203445872e2,-1.06029757759093778e-5,5.00000000000000000e0,4.99999999999999378e0,0.00000000000000000e0,2.88478972729670868e0,2.58650832424691712e0,5.00000000000000000e0,8.09854960870382001e-1,2.42956488261114600e0,2.19999969685261254e0,1.49999999999999716e1,-1.70031178623535343e-7,1.93725797947852385e-6,6.58224306843101259e-28,-4.22662260560511538e-2,4.99999999499999936e-9,0.00000000000000000e0,0.00000000000000000e0,0.00000000000000000e0,1.04086116764484121e-1,5.01939184643869885e-1,1.38153876259700459e0,-9.43741030573592496e1,7.70049458406891206e-10,1.39020294750342511e-9,5.00000000000000000e0,0.00000000000000000e0,5.00000000000000000e0,5.00000000000000000e0,4.30195045242195828e0,1.93346973087277174e0,1.93346971895734931e0,0.00000000000000000e0 group=row_index=27562434:5.98435794446203317e-1,-2.09293419840656059e0,9.22811688589446533e1,3.86692472468285686e0,3.83700063030359786e2,3.83730355140598988e2,3.86691501998809883e0,3.83794884397383271e2,3.85024729203441552e2,-1.06029758086135401e-5,5.00000000000000000e0,4.99999999999999378e0,0.00000000000000000e0,2.88478972729670824e0,2.58650832424612220e0,5.00000000000000000e0,8.09855515981894314e-1,2.42956654794568294e0,2.20000120483270534e0,1.49999999999999716e1,-1.05890379715802334e-7,1.93725797958954615e-6,6.58171535164623917e-28,-4.22662260547429780e-2,4.99999999499999936e-9,0.00000000000000000e0,0.00000000000000000e0,0.00000000000000000e0,1.04086116764483788e-1,5.01939184643869774e-1,1.38153876259700414e0,-9.43741030573512205e1,7.70049458406882624e-10,1.43224818624560741e-9,5.00000000000000000e0,0.00000000000000000e0,5.00000000000000000e0,5.00000000000000000e0,4.30195045228553408e0,1.93346976919552094e0,1.93346972382900462e0,0.00000000000000000e0;row_index=27562435:5.98435794446203317e-1,-2.09293419982611129e0,9.22811688575251168e1,3.86692472461726400e0,3.83700063030359843e2,3.83730355140599045e2,3.86691501991830888e0,3.83794884397382305e2,3.85024729203439279e2,-1.06029758258684619e-5,5.00000000000000000e0,4.99999999999999378e0,0.00000000000000000e0,2.88478972729670824e0,2.58650832424569765e0,5.00000000000000000e0,8.09855515981894314e-1,2.42956654794568294e0,2.20000120483270534e0,1.49999999999999716e1,-7.16744120434906513e-8,1.93725797958954615e-6,6.58143385795008082e-28,-4.22662260540451265e-2,4.99999999499999936e-9,0.00000000000000000e0,0.00000000000000000e0,0.00000000000000000e0,1.04086116764484468e-1,5.01939184643869774e-1,1.38153876259700414e0,-9.43741030573512347e1,7.70049458406878075e-10,1.42846953846797584e-9,5.00000000000000000e0,0.00000000000000000e0,5.00000000000000000e0,5.00000000000000000e0,4.30195045221732197e0,1.93346986517727704e0,1.93346974641102021e0,0.00000000000000000e0;row_index=27562436:5.98435794446203317e-1,-2.09293419883837162e0,9.22811688585128564e1,3.86692472449834135e0,3.83700063030359843e2,3.83730355140599045e2,3.86691501982953900e0,3.83794884397381168e2,3.85024729203436266e2,-1.06029758489175158e-5,5.00000000000000000e0,4.99999999999999378e0,0.00000000000000000e0,2.88478972729670824e0,2.58650832424515764e0,5.00000000000000000e0,8.09855515981894314e-1,2.42956654794568294e0,2.20000120483270534e0,1.49999999999999716e1,-2.81532832856346157e-8,1.93725797958954615e-6,6.58107582837910190e-28,-4.22662260531574824e-2,4.99999999499999936e-9,0.00000000000000000e0,0.00000000000000000e0,0.00000000000000000e0,1.04086116764485578e-1,5.01939184643869662e-1,1.38153876259700392e0,-9.43741030573512347e1,7.70049458406872078e-10,1.42915171793486417e-9,5.00000000000000000e0,0.00000000000000000e0,5.00000000000000000e0,5.00000000000000000e0,4.30195045214153104e0,1.93346974719741249e0,1.93346968228997573e0,0.00000000000000000e0 right=row_index=27562437:5.98435794446203428e-1,-2.09293419835150862e0,9.22811688589917054e1,3.86692472437634294e0,3.83700063030359956e2,3.83730355140599158e2,3.86691501965200013e0,3.83794884397378837e2,3.85024729203430354e2,-1.06029758956557808e-5,5.00000000000000000e0,4.99999999999999378e0,0.00000000000000000e0,2.88478972729670691e0,2.58650832424407895e0,5.00000000000000000e0,8.09856071093406626e-1,2.42956821328021988e0,2.20000271281279769e0,1.49999999999999716e1,5.88889738168213468e-8,1.93725797970056846e-6,6.58035982766590726e-28,-4.22662260513822149e-2,4.99999999499999936e-9,0.00000000000000000e0,0.00000000000000000e0,0.00000000000000000e0,1.04086116764484787e-1,5.01939184643869218e-1,1.38153876259700237e0,-9.43741030573432198e1,7.70049458406860290e-10,1.41053454617510846e-9,5.00000000000000000e0,0.00000000000000000e0,5.00000000000000000e0,5.00000000000000000e0,4.30195045197857961e0,1.93346974177461406e0,1.93346969940961766e0,0.00000000000000000e0
equal_group_time_s=6.06769964383922944e-1 threshold_crossing=false left=row_index=27974841:6.06769964383922833e-1,9.33970906089118102e1,-9.32523413669403944e-1,-3.82387669970654542e0,3.83982447835005416e2,3.84012762238781818e2,3.82386697850882751e0,3.84076657928239058e2,3.85305666884328218e2,-9.71129159537195227e-6,5.00000000000000000e0,4.99999999999999378e0,0.00000000000000000e0,2.88536675128744458e0,2.58192243124373544e0,5.00000000000000000e0,8.09852740424332751e-1,2.42955822127299825e0,2.19999366493224269e0,1.49999999999999716e1,-5.89482679562243634e-8,1.93476507959200461e-6,-1.63050949436994302e-23,-4.18395114221631337e-2,4.99999999499999936e-9,0.00000000000000000e0,0.00000000000000000e0,0.00000000000000000e0,1.04086116764474379e-1,5.02119793152970173e-1,1.38220739802764903e0,9.43296140225812110e1,7.70611333768655984e-10,1.36980067314005024e-9,5.00000000000000000e0,0.00000000000000000e0,5.00000000000000000e0,5.00000000000000000e0,4.25971263048268156e0,1.91194579126677566e0,1.91194575426631341e0,0.00000000000000000e0 group=row_index=27974842:6.06769964383922944e-1,9.33970906092810935e1,-9.32523413300104353e-1,-3.82387669950111331e0,3.83982447835005473e2,3.84012762238781875e2,3.82386697834421030e0,3.84076657928236784e2,3.85305666884322818e2,-9.71129163846245970e-6,5.00000000000000000e0,4.99999999999999378e0,0.00000000000000000e0,2.88536675128744502e0,2.58192243124270870e0,5.00000000000000000e0,8.09853295535845064e-1,2.42955988660753519e0,2.19999517291233504e0,1.49999999999999716e1,2.16735166562416485e-8,1.93476507970302691e-6,-1.63034518440826702e-23,-4.18395114205171031e-2,4.99999999499999936e-9,0.00000000000000000e0,0.00000000000000000e0,0.00000000000000000e0,1.04086116764474074e-1,5.02119793152970284e-1,1.38220739802764925e0,9.43296140225811968e1,7.70611333768645127e-10,1.38467867404800033e-9,5.00000000000000000e0,0.00000000000000000e0,5.00000000000000000e0,5.00000000000000000e0,4.25971263032730985e0,1.91194575874945949e0,1.91194577051601677e0,0.00000000000000000e0;row_index=27974843:6.06769964383922944e-1,9.33970906092303039e1,-9.32523413350889396e-1,-3.82387669941414288e0,3.83982447835005587e2,3.84012762238781988e2,3.82386697825760802e0,3.84076657928235647e2,3.85305666884320033e2,-9.71129165977329705e-6,5.00000000000000000e0,4.99999999999999378e0,0.00000000000000000e0,2.88536675128744458e0,2.58192243124216825e0,5.00000000000000000e0,8.09853295535845064e-1,2.42955988660753519e0,2.19999517291233504e0,1.49999999999999716e1,6.40870228728316092e-8,1.93476507970302691e-6,-1.63025875087461103e-23,-4.18395114196511569e-2,4.99999999499999936e-9,0.00000000000000000e0,0.00000000000000000e0,0.00000000000000000e0,1.04086116764473727e-1,5.02119793152970173e-1,1.38220739802764880e0,9.43296140225811968e1,7.70611333768639647e-10,1.38354149835721974e-9,5.00000000000000000e0,0.00000000000000000e0,5.00000000000000000e0,5.00000000000000000e0,4.25971263024393920e0,1.91194574703650089e0,1.91194573263880652e0,0.00000000000000000e0 right=row_index=27974844:6.06769964383923055e-1,9.33970906094372424e1,-9.32523413135915802e-1,-3.82387669926737317e0,3.83982447835005701e2,3.84012762238782102e2,3.82386697814490839e0,3.84076657928234170e2,3.85305666884316395e2,-9.71129168880057744e-6,5.00000000000000000e0,4.99999999999999378e0,0.00000000000000000e0,2.88536675128744369e0,2.58192243124146570e0,5.00000000000000000e0,8.09853850647357376e-1,2.42956155194207213e0,2.19999668089242784e0,1.49999999999999716e1,1.19282445627965129e-7,1.93476507981404922e-6,-1.63014627622110131e-23,-4.18395114185242459e-2,4.99999999499999936e-9,0.00000000000000000e0,0.00000000000000000e0,0.00000000000000000e0,1.04086116764473158e-1,5.02119793152969951e-1,1.38220739802764769e0,9.43296140225731534e1,7.70611333768632306e-10,1.34567332742417934e-9,5.00000000000000000e0,0.00000000000000000e0,5.00000000000000000e0,5.00000000000000000e0,4.25971263013783208e0,1.91194585506984516e0,1.91194577814812283e0,0.00000000000000000e0
equal_group_time_s=6.09899139518278344e-1 threshold_crossing=false left=row_index=28119310:6.09899139518278233e-1,-2.18318420948428571e0,9.22760112110509851e1,4.14087052387924004e0,3.81662523980453784e2,3.81692655232346908e2,4.14085871410626805e0,3.81761179182207968e2,3.82996241890075396e2,-2.75717109544602586e-6,5.00000000000000000e0,4.99999999999999378e0,0.00000000000000000e0,2.88722560801364692e0,2.56788379988908844e0,5.00000000000000000e0,8.09855515981894314e-1,2.42956654794568294e0,2.20000120483270534e0,1.49999999999999716e1,5.49603663201846837e-7,1.92248124697425027e-6,-3.92828749811002263e-22,-4.49811846276635605e-2,4.99999999499999936e-9,0.00000000000000000e0,0.00000000000000000e0,0.00000000000000000e0,1.04086116764484815e-1,5.02701615308271621e-1,1.38436247679953373e0,-9.44591954205352664e1,7.65992483780150407e-10,1.23640069242526167e-9,5.00000000000000000e0,0.00000000000000000e0,5.00000000000000000e0,5.00000000000000000e0,4.56826332407066182e0,2.07044119003490001e0,2.07044117921250015e0,0.00000000000000000e0 group=row_index=28119311:6.09899139518278344e-1,-2.18318420862233253e0,9.22760112119209737e1,4.14087052373467568e0,3.81662523980454012e2,3.81692655232347136e2,4.14085871396189464e0,3.81761179182205979e2,3.82996241890070735e2,-2.75717113646175403e-6,5.00000000000000000e0,4.99999999999999378e0,0.00000000000000000e0,2.88722560801364780e0,2.56788379988845383e0,5.00000000000000000e0,8.09856071093406626e-1,2.42956821328021988e0,2.20000271281279769e0,1.49999999999999716e1,6.20873605709923222e-7,1.92248124708527257e-6,-3.92793755264696856e-22,-4.49811846262198820e-2,4.99999999499999936e-9,0.00000000000000000e0,0.00000000000000000e0,0.00000000000000000e0,1.04086116764484787e-1,5.02701615308271732e-1,1.38436247679953461e0,-9.44591954205433098e1,7.65992483780141101e-10,1.22408535263932843e-9,5.00000000000000000e0,0.00000000000000000e0,5.00000000000000000e0,5.00000000000000000e0,4.56826332392286893e0,2.07044123118183654e0,2.07044119952185968e0,0.00000000000000000e0;row_index=28119312:6.09899139518278344e-1,-2.18318420831377402e0,9.22760112122295197e1,4.14087052371921605e0,3.81662523980454068e2,3.81692655232347192e2,4.14085871388001614e0,3.81761179182204728e2,3.82996241890068291e2,-2.75717115838961041e-6,5.00000000000000000e0,4.99999999999999378e0,0.00000000000000000e0,2.88722560801364780e0,2.56788379988809412e0,5.00000000000000000e0,8.09856071093406626e-1,2.42956821328021988e0,2.20000271281279769e0,1.49999999999999716e1,6.61293219501389074e-7,1.92248124708527257e-6,-3.92773910049915542e-22,-4.49811846254011133e-2,4.99999999499999936e-9,0.00000000000000000e0,0.00000000000000000e0,0.00000000000000000e0,1.04086116764483899e-1,5.02701615308271954e-1,1.38436247679953461e0,-9.44591954205432955e1,7.65992483780136138e-10,1.20400041235038382e-9,5.00000000000000000e0,0.00000000000000000e0,5.00000000000000000e0,5.00000000000000000e0,4.56826332383570843e0,2.07044127294337255e0,2.07044118445551417e0,0.00000000000000000e0 right=row_index=28119313:6.09899139518278455e-1,-2.18318420930147949e0,9.22760112112458017e1,4.14087052353755602e0,3.81662523980454068e2,3.81692655232347192e2,4.14085871378151538e0,3.81761179182203250e2,3.82996241890065392e2,-2.75717118483791137e-6,5.00000000000000000e0,4.99999999999999378e0,0.00000000000000000e0,2.88722560801364736e0,2.56788379988766158e0,5.00000000000000000e0,8.09856626204918939e-1,2.42956987861475682e0,2.20000422079289004e0,1.49999999999999716e1,7.09918085317492230e-7,1.92248124719629487e-6,-3.92750037550484294e-22,-4.49811846244161373e-2,4.99999999499999936e-9,0.00000000000000000e0,0.00000000000000000e0,0.00000000000000000e0,1.04086116764483497e-1,5.02701615308271621e-1,1.38436247679953395e0,-9.44591954205472746e1,7.65992483780130348e-10,1.21352465741674808e-9,5.00000000000000000e0,0.00000000000000000e0,5.00000000000000000e0,5.00000000000000000e0,4.56826332373718014e0,2.07044120533612430e0,2.07044117197814614e0,0.00000000000000000e0
equal_group_time_s=6.09906883393518284e-1 threshold_crossing=false left=row_index=28119713:6.09906883393518173e-1,-2.19001153479895105e0,9.26803756096127813e1,4.16161614100338539e0,3.81659786208916330e2,3.81689917244669630e2,4.16160437527055560e0,3.81758736948777312e2,3.82994188073919588e2,-1.83248321526669195e-6,5.00000000000000000e0,4.99999999999999378e0,0.00000000000000000e0,2.88725815031004540e0,2.57826223301761859e0,5.00000000000000000e0,8.09855515981894314e-1,2.42956654794568294e0,2.20000120483270534e0,1.49999999999999716e1,6.34536424401230098e-7,1.92084307548689992e-6,1.88643849351360801e-27,-4.51836565310594629e-2,4.99999999499999936e-9,0.00000000000000000e0,0.00000000000000000e0,0.00000000000000000e0,1.04086116764479569e-1,5.02711801047044160e-1,1.38440021989423823e0,-9.48703871444117368e1,7.65988376147838684e-10,1.25405873755524586e-9,5.00000000000000000e0,0.00000000000000000e0,5.00000000000000000e0,5.00000000000000000e0,4.58798027384546003e0,2.08081403777499796e0,2.08081399777061948e0,0.00000000000000000e0 group=row_index=28119714:6.09906883393518284e-1,-2.19001153493827427e0,9.26803756094814446e1,4.16161614087062670e0,3.81659786208916501e2,3.81689917244669800e2,4.16160437511613157e0,3.81758736948775152e2,3.82994188073914472e2,-1.83248326113287319e-6,5.00000000000000000e0,4.99999999999999378e0,0.00000000000000000e0,2.88725815031004718e0,2.57826223301693069e0,5.00000000000000000e0,8.09856071093406626e-1,2.42956821328021988e0,2.20000271281279769e0,1.49999999999999716e1,7.10873872643543475e-7,1.92084307559792222e-6,1.88625849471463189e-27,-4.51836565295152953e-2,4.99999999499999936e-9,0.00000000000000000e0,0.00000000000000000e0,0.00000000000000000e0,1.04086116764478834e-1,5.02711801047044715e-1,1.38440021989424045e0,-9.48703871444197233e1,7.65988376147828551e-10,1.29655875174380957e-9,5.00000000000000000e0,0.00000000000000000e0,5.00000000000000000e0,5.00000000000000000e0,4.58798027369008832e0,2.08081399503254127e0,2.08081399813236256e0,0.00000000000000000e0;row_index=28119715:6.09906883393518284e-1,-2.19001153447504793e0,9.26803756099446758e1,4.16161614071652863e0,3.81659786208916671e2,3.81689917244669971e2,4.16160437502806513e0,3.81758736948774015e2,3.82994188073911630e2,-1.83248328654373752e-6,5.00000000000000000e0,4.99999999999999378e0,0.00000000000000000e0,2.88725815031004762e0,2.57826223301653767e0,5.00000000000000000e0,8.09856071093406626e-1,2.42956821328021988e0,2.20000271281279769e0,1.49999999999999716e1,7.54408494861193677e-7,1.92084307559792222e-6,1.88615585056216623e-27,-4.51836565286346456e-2,4.99999999499999936e-9,0.00000000000000000e0,0.00000000000000000e0,0.00000000000000000e0,1.04086116764478542e-1,5.02711801047045048e-1,1.38440021989424134e0,-9.48703871444197233e1,7.65988376147822865e-10,1.33734995353443556e-9,5.00000000000000000e0,0.00000000000000000e0,5.00000000000000000e0,5.00000000000000000e0,4.58798027360292870e0,2.08081402665291426e0,2.08081400671299654e0,0.00000000000000000e0 right=row_index=28119716:6.09906883393518395e-1,-2.19001153407288029e0,9.26803756103508505e1,4.16161614063971008e0,3.81659786208916785e2,3.81689917244670085e2,4.16160437492243318e0,3.81758736948772594e2,3.82994188073908276e2,-1.83248331781739883e-6,5.00000000000000000e0,4.99999999999999378e0,0.00000000000000000e0,2.88725815031004718e0,2.57826223301606650e0,5.00000000000000000e0,8.09856626204918939e-1,2.42956987861475682e0,2.20000422079289004e0,1.49999999999999716e1,8.06627060378449073e-7,1.92084307570894453e-6,1.88603273913067644e-27,-4.51836565275783239e-2,4.99999999499999936e-9,0.00000000000000000e0,0.00000000000000000e0,0.00000000000000000e0,1.04086116764478348e-1,5.02711801047044937e-1,1.38440021989424067e0,-9.48703871444237308e1,7.65988376147816144e-10,1.39600906186735131e-9,5.00000000000000000e0,0.00000000000000000e0,5.00000000000000000e0,5.00000000000000000e0,4.58798027350061055e0,2.08081407517152783e0,2.08081400880740430e0,0.00000000000000000e0
equal_group_time_s=6.09937899871039968e-1 threshold_crossing=false left=row_index=28121289:6.09937899871039857e-1,-2.21938337302691702e0,9.42898065842768602e1,4.25089893538355756e0,3.81649221663178139e2,3.81679351864888361e2,4.25088734310182748e0,3.81749497753913204e2,3.82986610351529237e2,-1.50872583300131661e-5,5.00000000000000000e0,4.99999999999999378e0,0.00000000000000000e0,2.88738896792406097e0,2.61845846655182113e0,5.00000000000000000e0,8.09854405758869689e-1,2.42956321727660907e0,2.19999818887252019e0,1.49999999999999716e1,-6.19898970638154895e-7,1.95526695179193410e-6,1.28829990108903836e-22,-4.60570124037931114e-2,4.99999999499999936e-9,0.00000000000000000e0,0.00000000000000000e0,0.00000000000000000e0,1.04086116764480652e-1,5.02752746960231089e-1,1.38455194952237015e0,-9.65091899573037750e1,7.65973220703058094e-10,1.26791973630593710e-9,5.00000000000000000e0,0.00000000000000000e0,5.00000000000000000e0,5.00000000000000000e0,4.67639260165621362e0,2.12545546370662386e0,2.12545542002999710e0,0.00000000000000000e0 group=row_index=28121290:6.09937899871039968e-1,-2.21938337244638184e0,9.42898065848653317e1,4.25089893522215601e0,3.81649221663178423e2,3.81679351864888645e2,4.25088734295235948e0,3.81749497753911157e2,3.82986610351524348e2,-1.50872583645905028e-5,5.00000000000000000e0,4.99999999999999378e0,0.00000000000000000e0,2.88738896792406230e0,2.61845846655112791e0,5.00000000000000000e0,8.09854960870382001e-1,2.42956488261114600e0,2.19999969685261254e0,1.49999999999999716e1,-5.45599299336633459e-7,1.95526695190295641e-6,1.28818025631516237e-22,-4.60570124022983626e-2,4.99999999499999936e-9,0.00000000000000000e0,0.00000000000000000e0,0.00000000000000000e0,1.04086116764480568e-1,5.02752746960231534e-1,1.38455194952237171e0,-9.65091899573117189e1,7.65973220703048167e-10,1.26817824653506110e-9,5.00000000000000000e0,0.00000000000000000e0,5.00000000000000000e0,5.00000000000000000e0,4.67639260150084191e0,2.12545538246923815e0,2.12545538940161860e0,0.00000000000000000e0;row_index=28121291:6.09937899871039968e-1,-2.21938337395237895e0,9.42898065833593506e1,4.25089893514089212e0,3.81649221663178594e2,3.81679351864888815e2,4.25088734287760772e0,3.81749497753910305e2,3.82986610351521847e2,-1.50872583819802992e-5,5.00000000000000000e0,4.99999999999999378e0,0.00000000000000000e0,2.88738896792406274e0,2.61845846655078152e0,5.00000000000000000e0,8.09854960870382001e-1,2.42956488261114600e0,2.19999969685261254e0,1.49999999999999716e1,-5.08440520477169022e-7,1.95526695190295641e-6,1.28812042369495702e-22,-4.60570124015508078e-2,4.99999999499999936e-9,0.00000000000000000e0,0.00000000000000000e0,0.00000000000000000e0,1.04086116764480346e-1,5.02752746960231645e-1,1.38455194952237193e0,-9.65091899573117331e1,7.65973220703043204e-10,1.27593689493844490e-9,5.00000000000000000e0,0.00000000000000000e0,5.00000000000000000e0,5.00000000000000000e0,4.67639260143262980e0,2.12545535386170270e0,2.12545539168762243e0,0.00000000000000000e0 right=row_index=28121292:6.09937899871040079e-1,-2.21938337325468371e0,9.42898065840649906e1,4.25089893508311967e0,3.81649221663178650e2,3.81679351864888872e2,4.25088734278010971e0,3.81749497753909168e2,3.82986610351518493e2,-1.50872584049046751e-5,5.00000000000000000e0,4.99999999999999378e0,0.00000000000000000e0,2.88738896792406319e0,2.61845846655032943e0,5.00000000000000000e0,8.09855515981894314e-1,2.42956654794568294e0,2.20000120483270534e0,1.49999999999999716e1,-4.59974886620745552e-7,1.95526695201397871e-6,1.28804238908829516e-22,-4.60570124005757683e-2,4.99999999499999936e-9,0.00000000000000000e0,0.00000000000000000e0,0.00000000000000000e0,1.04086116764480346e-1,5.02752746960231867e-1,1.38455194952237259e0,-9.65091899573196770e1,7.65973220703036483e-10,1.32325082795908542e-9,5.00000000000000000e0,0.00000000000000000e0,5.00000000000000000e0,5.00000000000000000e0,4.67639260135304902e0,2.12545549008322121e0,2.12545543582956409e0,0.00000000000000000e0
equal_group_time_s=6.15088653883369196e-1 threshold_crossing=false left=row_index=28386499:6.15088653883369085e-1,-2.09285874673979500e0,9.30141273334548515e1,3.86669593088365815e0,3.84254037858065715e2,3.84284373703159702e2,3.86668626675330573e0,3.84348901856975885e2,3.85578742233287585e2,-1.26952052140149735e-5,5.00000000000000000e0,4.99999999999999378e0,0.00000000000000000e0,2.88606424182467780e0,2.59708273416121038e0,5.00000000000000000e0,8.09854960870382001e-1,2.42956488261114600e0,2.19999969685261254e0,1.49999999999999716e1,-3.76501852931028504e-7,1.94286072896510120e-6,-3.97931511729502066e-24,-4.22617902263747458e-2,4.99999999499999936e-9,0.00000000000000000e0,0.00000000000000000e0,0.00000000000000000e0,1.04086116764468967e-1,5.02338107691124192e-1,1.38301584186964721e0,-9.51069860801946447e1,7.71157484466574712e-10,1.31036606584896901e-9,5.00000000000000000e0,0.00000000000000000e0,5.00000000000000000e0,5.00000000000000000e0,4.30187692107892872e0,1.93335536002519981e0,1.93335533328331266e0,0.00000000000000000e0 group=row_index=28386500:6.15088653883369196e-1,-2.09285874706774955e0,9.30141273331229144e1,3.86669593070722417e0,3.84254037858065828e2,3.84284373703159815e2,3.86668626663691128e0,3.84348901856974351e2,3.85578742233283776e2,-1.26952052427376897e-5,5.00000000000000000e0,4.99999999999999378e0,0.00000000000000000e0,2.88606424182467824e0,2.59708273416048074e0,5.00000000000000000e0,8.09855515981894314e-1,2.42956654794568294e0,2.20000120483270534e0,1.49999999999999716e1,-3.19402806958144746e-7,1.94286072907612350e-6,-3.97903110854471946e-24,-4.22617902252108782e-2,4.99999999499999936e-9,0.00000000000000000e0,0.00000000000000000e0,0.00000000000000000e0,1.04086116764468620e-1,5.02338107691124303e-1,1.38301584186964788e0,-9.51069860801906657e1,7.71157484466567164e-10,1.31977810860784203e-9,5.00000000000000000e0,0.00000000000000000e0,5.00000000000000000e0,5.00000000000000000e0,4.30187692096903174e0,1.93335528861057737e0,1.93335531230946467e0,0.00000000000000000e0;row_index=28386501:6.15088653883369196e-1,-2.09285874679345518e0,9.30141273333972123e1,3.86669593066089590e0,3.84254037858065942e2,3.84284373703159929e2,3.86668626657451320e0,3.84348901856973498e2,3.85578742233281730e2,-1.26952052591300371e-5,5.00000000000000000e0,4.99999999999999378e0,0.00000000000000000e0,2.88606424182467824e0,2.59708273416008906e0,5.00000000000000000e0,8.09855515981894314e-1,2.42956654794568294e0,2.20000120483270534e0,1.49999999999999716e1,-2.88792606139906560e-7,1.94286072907612350e-6,-3.97887886277242593e-24,-4.22617902245869398e-2,4.99999999499999936e-9,0.00000000000000000e0,0.00000000000000000e0,0.00000000000000000e0,1.04086116764467509e-1,5.02338107691124303e-1,1.38301584186964788e0,-9.51069860801906657e1,7.71157484466563028e-10,1.30179788460876175e-9,5.00000000000000000e0,0.00000000000000000e0,5.00000000000000000e0,5.00000000000000000e0,4.30187692090460949e0,1.93335549251937078e0,1.93335534989810998e0,0.00000000000000000e0;row_index=28386502:6.15088653883369196e-1,-2.09285874663253146e0,9.30141273335581360e1,3.86669593058825001e0,3.84254037858065999e2,3.84284373703159986e2,3.86668626649611857e0,3.84348901856972418e2,3.85578742233279172e2,-1.26952052788560690e-5,5.00000000000000000e0,4.99999999999999378e0,0.00000000000000000e0,2.88606424182467824e0,2.59708273415959701e0,5.00000000000000000e0,8.09855515981894314e-1,2.42956654794568294e0,2.20000120483270534e0,1.49999999999999716e1,-2.50334698094740517e-7,1.94286072907612350e-6,-3.97868759316206915e-24,-4.22617902238030252e-2,4.99999999499999936e-9,0.00000000000000000e0,0.00000000000000000e0,0.00000000000000000e0,1.04086116764465497e-1,5.02338107691124414e-1,1.38301584186964788e0,-9.51069860801906657e1,7.71157484466557962e-10,1.32312448274202740e-9,5.00000000000000000e0,0.00000000000000000e0,5.00000000000000000e0,5.00000000000000000e0,4.30187692082881767e0,1.93335539010382518e0,1.93335535837057426e0,0.00000000000000000e0 right=row_index=28386503:6.15088653883369307e-1,-2.09285874694951168e0,9.30141273332331622e1,3.86669593045714421e0,3.84254037858066056e2,3.84284373703160043e2,3.86668626633932844e0,3.84348901856970144e2,3.85578742233274227e2,-1.26952053158010508e-5,5.00000000000000000e0,4.99999999999999378e0,0.00000000000000000e0,2.88606424182467913e0,2.59708273415861290e0,5.00000000000000000e0,8.09856071093406626e-1,2.42956821328021988e0,2.20000271281279769e0,1.49999999999999716e1,-1.73418882327101937e-7,1.94286072918714581e-6,-3.97830508152438931e-24,-4.22617902222352099e-2,4.99999999499999936e-9,0.00000000000000000e0,0.00000000000000000e0,0.00000000000000000e0,1.04086116764464942e-1,5.02338107691124747e-1,1.38301584186964877e0,-9.51069860801826792e1,7.71157484466548035e-10,1.33574543325469595e-9,5.00000000000000000e0,0.00000000000000000e0,5.00000000000000000e0,5.00000000000000000e0,4.30187692067344596e0,1.93335539569002268e0,1.93335535350983712e0,0.00000000000000000e0
equal_group_time_s=6.15096384134394047e-1 threshold_crossing=false left=row_index=28386903:6.15096384134393936e-1,-2.09046659554117964e0,9.26065166181262782e1,3.85944247051162037e0,3.84251060261273267e2,3.84281395871293853e2,3.85943277207676338e0,3.84345808499316888e2,3.85575508349903373e2,-6.53441131321722618e-6,5.00000000000000000e0,4.99999999999999378e0,0.00000000000000000e0,2.88603695834614049e0,2.58562642421588196e0,5.00000000000000000e0,8.09855515981894314e-1,2.42956654794568294e0,2.20000120483270534e0,1.49999999999999716e1,2.07156732387257998e-7,1.92759834249933704e-6,1.41677575367997210e-23,-4.21940726570892571e-2,4.99999999499999936e-9,0.00000000000000000e0,0.00000000000000000e0,0.00000000000000000e0,1.04086116764479680e-1,5.02329567962341961e-1,1.38298421382992864e0,-9.46969832136674512e1,7.71151016699806365e-10,1.32311521652473930e-9,5.00000000000000000e0,0.00000000000000000e0,5.00000000000000000e0,5.00000000000000000e0,4.29417520153568510e0,1.92972864481270867e0,1.92972860852840156e0,0.00000000000000000e0 group=row_index=28386904:6.15096384134394047e-1,-2.09046659450818462e0,9.26065166191592795e1,3.85944247034427512e0,3.84251060261273381e2,3.84281395871293967e2,3.85943277195932488e0,3.84345808499315297e2,3.85575508349899565e2,-6.53441134517697867e-6,5.00000000000000000e0,4.99999999999999378e0,0.00000000000000000e0,2.88603695834614049e0,2.58562642421516342e0,5.00000000000000000e0,8.09856071093406626e-1,2.42956821328021988e0,2.20000271281279769e0,1.49999999999999716e1,2.64689173048317764e-7,1.92759834261035934e-6,1.41667386912900754e-23,-4.21940726559149812e-2,4.99999999499999936e-9,0.00000000000000000e0,0.00000000000000000e0,0.00000000000000000e0,1.04086116764478848e-1,5.02329567962341961e-1,1.38298421382992798e0,-9.46969832136674654e1,7.71151016699798714e-10,1.29916073427811282e-9,5.00000000000000000e0,0.00000000000000000e0,5.00000000000000000e0,5.00000000000000000e0,4.29417520142199827e0,1.92972857261565656e0,1.92972857390487662e0,0.00000000000000000e0;row_index=28386905:6.15096384134394047e-1,-2.09046659583519956e0,9.26065166178322698e1,3.85944247025557186e0,3.84251060261273381e2,3.84281395871293967e2,3.85943277189638367e0,3.84345808499314444e2,3.85575508349897461e2,-6.53441136274604882e-6,5.00000000000000000e0,4.99999999999999378e0,0.00000000000000000e0,2.88603695834614049e0,2.58562642421477840e0,5.00000000000000000e0,8.09856071093406626e-1,2.42956821328021988e0,2.20000271281279769e0,1.49999999999999716e1,2.95523750548109765e-7,1.92759834261035934e-6,1.41661926700274157e-23,-4.21940726552856235e-2,4.99999999499999936e-9,0.00000000000000000e0,0.00000000000000000e0,0.00000000000000000e0,1.04086116764478154e-1,5.02329567962341961e-1,1.38298421382992798e0,-9.46969832136674654e1,7.71151016699794474e-10,1.33043640425060623e-9,5.00000000000000000e0,0.00000000000000000e0,5.00000000000000000e0,5.00000000000000000e0,4.29417520136515485e0,1.92972860387206180e0,1.92972854633002844e0,0.00000000000000000e0;row_index=28386906:6.15096384134394047e-1,-2.09046659444914296e0,9.26065166192183113e1,3.85944247030856857e0,3.84251060261273381e2,3.84281395871293967e2,3.85943277181724076e0,3.84345808499313534e2,3.85575508349894903e2,-6.53441138326784618e-6,5.00000000000000000e0,4.99999999999999378e0,0.00000000000000000e0,2.88603695834614093e0,2.58562642421429389e0,5.00000000000000000e0,8.09856071093406626e-1,2.42956821328021988e0,2.20000271281279769e0,1.49999999999999716e1,3.34294970776825020e-7,1.92759834261035934e-6,1.41655061359008405e-23,-4.21940726544942912e-2,4.99999999499999936e-9,0.00000000000000000e0,0.00000000000000000e0,0.00000000000000000e0,1.04086116764476933e-1,5.02329567962342183e-1,1.38298421382992864e0,-9.46969832136674512e1,7.71151016699789408e-10,1.30829108644774083e-9,5.00000000000000000e0,0.00000000000000000e0,5.00000000000000000e0,5.00000000000000000e0,4.29417520130452157e0,1.92972853734609395e0,1.92972857190282676e0,0.00000000000000000e0 right=row_index=28386907:6.15096384134394158e-1,-2.09046659566601623e0,9.26065166179974284e1,3.85944247008437902e0,3.84251060261273494e2,3.84281395871294080e2,3.85943277165895671e0,3.84345808499311659e2,3.85575508349889958e2,-6.53441142375171728e-6,5.00000000000000000e0,4.99999999999999378e0,0.00000000000000000e0,2.88603695834614182e0,2.58562642421332489e0,5.00000000000000000e0,8.09856626204918939e-1,2.42956987861475682e0,2.20000422079289004e0,1.49999999999999716e1,4.11837410906282838e-7,1.92759834272138164e-6,1.41641331674594856e-23,-4.21940726529116544e-2,4.99999999499999936e-9,0.00000000000000000e0,0.00000000000000000e0,0.00000000000000000e0,1.04086116764476336e-1,5.02329567962342405e-1,1.38298421382992953e0,-9.46969832136634437e1,7.71151016699779378e-10,1.22707166599823624e-9,5.00000000000000000e0,0.00000000000000000e0,5.00000000000000000e0,5.00000000000000000e0,4.29417520117188722e0,1.92972857978642698e0,1.92972859311022504e0,0.00000000000000000e0
equal_group_time_s=6.15104124431617882e-1 threshold_crossing=false left=row_index=28387311:6.15104124431617771e-1,-2.08774482981153309e0,9.21978968732773723e1,3.85119006088511728e0,3.84248053394787462e2,3.84278388767423849e2,3.85118032777045949e0,3.84342682468893713e2,3.85572222285473345e2,-4.34351005336678638e-6,5.00000000000000000e0,4.99999999999999378e0,0.00000000000000000e0,2.88600974386100884e0,2.57555978118456963e0,5.00000000000000000e0,8.09854960870382001e-1,2.42956488261114600e0,2.19999969685261254e0,1.49999999999999716e1,4.20736240315128192e-7,1.92238215490636577e-6,4.62100745096438301e-26,-4.21164624066648688e-2,4.99999999499999936e-9,0.00000000000000000e0,0.00000000000000000e0,0.00000000000000000e0,1.04086116764479611e-1,5.02321049828495791e-1,1.38295266613025558e0,-9.42856417030888991e1,7.71144444570946314e-10,1.29028897063862589e-9,5.00000000000000000e0,0.00000000000000000e0,5.00000000000000000e0,5.00000000000000000e0,4.28624676465763876e0,1.92560243091249439e0,1.92560237921157462e0,0.00000000000000000e0 group=row_index=28387312:6.15104124431617882e-1,-2.08774482986494903e0,9.21978968732199462e1,3.85119006078231862e0,3.84248053394787405e2,3.84278388767423792e2,3.85118032764296414e0,3.84342682468892065e2,3.85572222285469138e2,-4.34351008937093571e-6,5.00000000000000000e0,4.99999999999999378e0,0.00000000000000000e0,2.88600974386100884e0,2.57555978118380491e0,5.00000000000000000e0,8.09855515981894314e-1,2.42956654794568294e0,2.20000120483270534e0,1.49999999999999716e1,4.83109383049818059e-7,1.92238215501738807e-6,4.62064718154087041e-26,-4.21164624053900691e-2,4.99999999499999936e-9,0.00000000000000000e0,0.00000000000000000e0,0.00000000000000000e0,1.04086116764478626e-1,5.02321049828495791e-1,1.38295266613025580e0,-9.42856417030848917e1,7.71144444570937939e-10,1.26978720751867385e-9,5.00000000000000000e0,0.00000000000000000e0,5.00000000000000000e0,5.00000000000000000e0,4.28624676455153075e0,1.92560237356024833e0,1.92560238154086849e0,0.00000000000000000e0;row_index=28387313:6.15104124431617882e-1,-2.08774482956764684e0,9.21978968735172657e1,3.85119006079666981e0,3.84248053394787348e2,3.84278388767423735e2,3.85118032757373108e0,3.84342682468891269e2,3.85572222285466921e2,-4.34351010901002309e-6,5.00000000000000000e0,4.99999999999999378e0,0.00000000000000000e0,2.88600974386100884e0,2.57555978118338968e0,5.00000000000000000e0,8.09855515981894314e-1,2.42956654794568294e0,2.20000120483270534e0,1.49999999999999716e1,5.16979816502304019e-7,1.92238215501738807e-6,4.62045155651620914e-26,-4.21164624046978034e-2,4.99999999499999936e-9,0.00000000000000000e0,0.00000000000000000e0,0.00000000000000000e0,1.04086116764477571e-1,5.02321049828495902e-1,1.38295266613025580e0,-9.42856417030849059e1,7.71144444570933389e-10,1.23979060919109423e-9,5.00000000000000000e0,0.00000000000000000e0,5.00000000000000000e0,5.00000000000000000e0,4.28624676450226616e0,1.92560242764046996e0,1.92560242225897604e0,0.00000000000000000e0;row_index=28387314:6.15104124431617882e-1,-2.08774483100803954e0,9.21978968720768677e1,3.85119006062595393e0,3.84248053394787348e2,3.84278388767423735e2,3.85118032748752803e0,3.84342682468890303e2,3.85572222285464250e2,-4.34351013229332319e-6,5.00000000000000000e0,4.99999999999999378e0,0.00000000000000000e0,2.88600974386100795e0,2.57555978118287232e0,5.00000000000000000e0,8.09855515981894314e-1,2.42956654794568294e0,2.20000120483270534e0,1.49999999999999716e1,5.59151653881707341e-7,1.92238215501738807e-6,4.62020799675529241e-26,-4.21164624038358609e-2,4.99999999499999936e-9,0.00000000000000000e0,0.00000000000000000e0,0.00000000000000000e0,1.04086116764476017e-1,5.02321049828495569e-1,1.38295266613025469e0,-9.42856417030849059e1,7.71144444570928116e-10,1.27544926288037089e-9,5.00000000000000000e0,0.00000000000000000e0,5.00000000000000000e0,5.00000000000000000e0,4.28624676443784391e0,1.92560239082240736e0,1.92560240039667230e0,0.00000000000000000e0 right=row_index=28387315:6.15104124431617993e-1,-2.08774483000609923e0,9.21978968730707891e1,3.85119006047265966e0,3.84248053394787405e2,3.84278388767423792e2,3.85118032731512416e0,3.84342682468888029e2,3.85572222285458736e2,-4.34351017748699140e-6,5.00000000000000000e0,4.99999999999999378e0,0.00000000000000000e0,2.88600974386100662e0,2.57555978118183893e0,5.00000000000000000e0,8.09856071093406626e-1,2.42956821328021988e0,2.20000271281279769e0,1.49999999999999716e1,6.43495328252485438e-7,1.92238215512841037e-6,4.61972091574904045e-26,-4.21164624021120038e-2,4.99999999499999936e-9,0.00000000000000000e0,0.00000000000000000e0,0.00000000000000000e0,1.04086116764474296e-1,5.02321049828495125e-1,1.38295266613025314e0,-9.42856417030768910e1,7.71144444570917156e-10,1.19352590748077150e-9,5.00000000000000000e0,0.00000000000000000e0,5.00000000000000000e0,5.00000000000000000e0,4.28624676428247220e0,1.92560244572179351e0,1.92560240564362850e0,0.00000000000000000e0
equal_group_time_s=6.23415078793439270e-1 threshold_crossing=false left=row_index=28798737:6.23415078793439159e-1,9.45376342868040922e1,-9.35082566614896082e-1,-3.90908323330137364e0,3.84522592754777236e2,3.84552949801573618e2,3.90907359197401405e0,3.84618102253462155e2,3.85848761288816547e2,-1.17328872296696804e-5,5.00000000000000000e0,4.99999999999999378e0,0.00000000000000000e0,2.88674001137785119e0,2.61084593963126377e0,5.00000000000000000e0,8.09854405758869689e-1,2.42956321727660907e0,2.19999818887252019e0,1.49999999999999716e1,-2.53737077244896421e-7,1.94085359084272824e-6,-8.48429358044828496e-28,-4.26846670792380631e-2,4.99999999499999936e-9,0.00000000000000000e0,0.00000000000000000e0,0.00000000000000000e0,1.04086116764477446e-1,5.02549623561267533e-1,1.38379933489347207e0,9.54727168534189872e1,7.71697522577632667e-10,1.30812733061898732e-9,5.00000000000000000e0,0.00000000000000000e0,5.00000000000000000e0,5.00000000000000000e0,4.34349679256911259e0,1.95454892996888496e0,1.95454894160975545e0,0.00000000000000000e0 group=row_index=28798738:6.23415078793439270e-1,9.45376342868303539e1,-9.35082566580689556e-1,-3.90908323313237815e0,3.84522592754777236e2,3.84552949801573618e2,3.90907359180564473e0,3.84618102253459767e2,3.85848761288810863e2,-1.17328872725450737e-5,5.00000000000000000e0,4.99999999999999378e0,0.00000000000000000e0,2.88674001137785208e0,2.61084593963020906e0,5.00000000000000000e0,8.09854960870382001e-1,2.42956488261114600e0,2.19999969685261254e0,1.49999999999999716e1,-1.71118057263920834e-7,1.94085359095375054e-6,-8.48341742061562576e-28,-4.26846670775544931e-2,4.99999999499999936e-9,0.00000000000000000e0,0.00000000000000000e0,0.00000000000000000e0,1.04086116764477155e-1,5.02549623561267644e-1,1.38379933489347295e0,9.54727168534110433e1,7.71697522577621294e-10,1.34382877483416841e-9,5.00000000000000000e0,0.00000000000000000e0,5.00000000000000000e0,5.00000000000000000e0,4.34349679240995101e0,1.95454896688299917e0,1.95454895041009680e0,0.00000000000000000e0;row_index=28798739:6.23415078793439270e-1,9.45376342881735923e1,-9.35082565237445151e-1,-3.90908323304807936e0,3.84522592754777236e2,3.84552949801573618e2,3.90907359171722080e0,3.84618102253458517e2,3.85848761288807964e2,-1.17328872944727678e-5,5.00000000000000000e0,4.99999999999999378e0,0.00000000000000000e0,2.88674001137785163e0,2.61084593962965483e0,5.00000000000000000e0,8.09854960870382001e-1,2.42956488261114600e0,2.19999969685261254e0,1.49999999999999716e1,-1.27728481519708171e-7,1.94085359095375054e-6,-8.48295731821176367e-28,-4.26846670766703254e-2,4.99999999499999936e-9,0.00000000000000000e0,0.00000000000000000e0,0.00000000000000000e0,1.04086116764476530e-1,5.02549623561267533e-1,1.38379933489347229e0,9.54727168534110433e1,7.71697522577615400e-10,1.33413781077267052e-9,5.00000000000000000e0,0.00000000000000000e0,5.00000000000000000e0,5.00000000000000000e0,4.34349679232658126e0,1.95454898322615156e0,1.95454892414326897e0,0.00000000000000000e0 right=row_index=28798740:6.23415078793439381e-1,9.45376342868692632e1,-9.35082566533783410e-1,-3.90908323289619375e0,3.84522592754777236e2,3.84552949801573618e2,3.90907359160188239e0,3.84618102253456982e2,3.85848761288804155e2,-1.17328873231493088e-5,5.00000000000000000e0,4.99999999999999378e0,0.00000000000000000e0,2.88674001137785030e0,2.61084593962893274e0,5.00000000000000000e0,8.09855515981894314e-1,2.42956654794568294e0,2.20000120483270534e0,1.49999999999999716e1,-7.11319788682762863e-8,1.94085359106477284e-6,-8.48235720725560774e-28,-4.26846670755170327e-2,4.99999999499999936e-9,0.00000000000000000e0,0.00000000000000000e0,0.00000000000000000e0,1.04086116764476877e-1,5.02549623561267200e-1,1.38379933489347096e0,9.54727168534030426e1,7.71697522577607852e-10,1.37121514492864547e-9,5.00000000000000000e0,0.00000000000000000e0,5.00000000000000000e0,5.00000000000000000e0,4.34349679222426310e0,1.95454899398434345e0,1.95454895833506637e0,0.00000000000000000e0
equal_group_time_s=6.23430561383644832e-1 threshold_crossing=false left=row_index=28799527:6.23430561383644721e-1,9.37183591215415959e1,-9.33815090282960614e-1,-3.86680443198446255e0,3.84516703565382045e2,3.84547060147242405e2,3.86679472060229656e0,3.84611595134627521e2,3.85841437611888807e2,-8.63793632560382128e-6,5.00000000000000000e0,4.99999999999999378e0,0.00000000000000000e0,2.88668493258958492e0,2.58877465542004881e0,5.00000000000000000e0,8.09851075089795813e-1,2.42955322526938744e0,2.19998914099196519e0,1.49999999999999716e1,3.38290317340924904e-8,1.93241697366008935e-6,2.38010415453508872e-27,-4.22715756223588923e-2,4.99999999499999936e-9,0.00000000000000000e0,0.00000000000000000e0,0.00000000000000000e0,1.04086116764474018e-1,5.02532383900540003e-1,1.38373546776863598e0,9.46521742118245584e1,7.71682875223777123e-10,1.38901801849471833e-9,5.00000000000000000e0,0.00000000000000000e0,5.00000000000000000e0,5.00000000000000000e0,4.30233249234106552e0,1.93340962689394424e0,1.93340958692292042e0,0.00000000000000000e0 group=row_index=28799528:6.23430561383644832e-1,9.37183591215679854e1,-9.33815090252594016e-1,-3.86680443178516953e0,3.84516703565382045e2,3.84547060147242405e2,3.86679472044453298e0,3.84611595134625361e2,3.85841437611883521e2,-8.63793636723466901e-6,5.00000000000000000e0,4.99999999999999378e0,0.00000000000000000e0,2.88668493258958447e0,2.58877465541908114e0,5.00000000000000000e0,8.09851630201308126e-1,2.42955489060392438e0,2.19999064897205754e0,1.49999999999999716e1,1.11034076314720039e-7,1.93241697377111166e-6,2.37987447054563452e-27,-4.22715756207813903e-2,4.99999999499999936e-9,0.00000000000000000e0,0.00000000000000000e0,0.00000000000000000e0,1.04086116764474684e-1,5.02532383900540003e-1,1.38373546776863554e0,9.46521742118205793e1,7.71682875223766679e-10,1.37913008175450459e-9,5.00000000000000000e0,0.00000000000000000e0,5.00000000000000000e0,5.00000000000000000e0,4.30233249219706249e0,1.93340964880824040e0,1.93340959608208540e0,0.00000000000000000e0;row_index=28799529:6.23430561383644832e-1,9.37183591222910906e1,-9.33815089529481224e-1,-3.86680443171457000e0,3.84516703565382045e2,3.84547060147242405e2,3.86679472036129157e0,3.84611595134624167e2,3.85841437611880792e2,-8.63793638948042914e-6,5.00000000000000000e0,4.99999999999999378e0,0.00000000000000000e0,2.88668493258958403e0,2.58877465541857088e0,5.00000000000000000e0,8.09851630201308126e-1,2.42955489060392438e0,2.19999064897205754e0,1.49999999999999716e1,1.51770062997608117e-7,1.93241697377111166e-6,2.37975329045495262e-27,-4.22715756199490422e-2,4.99999999499999936e-9,0.00000000000000000e0,0.00000000000000000e0,0.00000000000000000e0,1.04086116764475045e-1,5.02532383900539781e-1,1.38373546776863510e0,9.46521742118205651e1,7.71682875223761199e-10,1.34398038231065685e-9,5.00000000000000000e0,0.00000000000000000e0,5.00000000000000000e0,5.00000000000000000e0,4.30233249211748170e0,1.93340952656710363e0,1.93340954552747357e0,0.00000000000000000e0 right=row_index=28799530:6.23430561383644943e-1,9.37183591211567659e1,-9.33815090655825353e-1,-3.86680443164885901e0,3.84516703565381931e2,3.84547060147242291e2,3.86679472025341431e0,3.84611595134622689e2,3.85841437611877211e2,-8.63793641855758961e-6,5.00000000000000000e0,4.99999999999999378e0,0.00000000000000000e0,2.88668493258958314e0,2.58877465541790963e0,5.00000000000000000e0,8.09852185312820438e-1,2.42955655593846132e0,2.19999215695215034e0,1.49999999999999716e1,2.04562263912270052e-7,1.93241697388213396e-6,2.37959625510880110e-27,-4.22715756188703634e-2,4.99999999499999936e-9,0.00000000000000000e0,0.00000000000000000e0,0.00000000000000000e0,1.04086116764475170e-1,5.02532383900539448e-1,1.38373546776863399e0,9.46521742118125928e1,7.71682875223754065e-10,1.35487539065603024e-9,5.00000000000000000e0,0.00000000000000000e0,5.00000000000000000e0,5.00000000000000000e0,4.30233249202653223e0,1.93340960688517693e0,1.93340955928357694e0,0.00000000000000000e0
equal_group_time_s=6.23446045675839500e-1 threshold_crossing=false left=row_index=28800354:6.23446045675839389e-1,9.28967613678026396e1,-9.31554847927188567e-1,-3.79179319901760437e0,3.84510675003258029e2,3.84541031109179301e2,3.79178341430800048e0,3.84604465091087150e2,3.85832848112851593e2,-6.24683504467904653e-6,5.00000000000000000e0,4.99999999999999378e0,0.00000000000000000e0,2.88663026489216445e0,2.56673824556186236e0,5.00000000000000000e0,8.09851630201308126e-1,2.42955489060392438e0,2.19999064897205754e0,1.49999999999999716e1,2.53290227061056666e-7,1.92568234569368002e-6,3.84546319720095069e-28,-4.15310472122310953e-2,4.99999999499999936e-9,0.00000000000000000e0,0.00000000000000000e0,0.00000000000000000e0,1.04086116764487355e-1,5.02515272911247424e-1,1.38367207878545972e0,9.38283162157298278e1,7.71665696225702828e-10,1.42738277352665541e-9,5.00000000000000000e0,0.00000000000000000e0,5.00000000000000000e0,5.00000000000000000e0,4.22893212718994072e0,1.89590406976618131e0,1.89590404156123138e0,0.00000000000000000e0 group=row_index=28800355:6.23446045675839500e-1,9.28967613685819771e1,-9.31554847139807296e-1,-3.79179319885145105e0,3.84510675003258086e2,3.84541031109179357e2,3.79178341417141551e0,3.84604465091085331e2,3.85832848112847046e2,-6.24683508240151993e-6,5.00000000000000000e0,4.99999999999999378e0,0.00000000000000000e0,2.88663026489216490e0,2.56673824556101993e0,5.00000000000000000e0,8.09852185312820438e-1,2.42955655593846132e0,2.19999215695215034e0,1.49999999999999716e1,3.19952303026438379e-7,1.92568234580470232e-6,3.84514277733233210e-28,-4.15310472108653822e-2,4.99999999499999936e-9,0.00000000000000000e0,0.00000000000000000e0,0.00000000000000000e0,1.04086116764487840e-1,5.02515272911247535e-1,1.38367207878546017e0,9.38283162157217845e1,7.71665696225693625e-10,1.44959795914182664e-9,5.00000000000000000e0,0.00000000000000000e0,5.00000000000000000e0,5.00000000000000000e0,4.22893212706488519e0,1.89590406956548363e0,1.89590401748808746e0,0.00000000000000000e0;row_index=28800356:6.23446045675839500e-1,9.28967613667780370e1,-9.31554848943754621e-1,-3.79179319873134091e0,3.84510675003258200e2,3.84541031109179471e2,3.79178341409870079e0,3.84604465091084364e2,3.85832848112844658e2,-6.24683510187307944e-6,5.00000000000000000e0,4.99999999999999378e0,0.00000000000000000e0,2.88663026489216445e0,2.56673824556057140e0,5.00000000000000000e0,8.09852185312820438e-1,2.42955655593846132e0,2.19999215695215034e0,1.49999999999999716e1,3.55441578695599621e-7,1.92568234580470232e-6,3.84497220444011320e-28,-4.15310472101382971e-2,4.99999999499999936e-9,0.00000000000000000e0,0.00000000000000000e0,0.00000000000000000e0,1.04086116764488326e-1,5.02515272911247535e-1,1.38367207878545972e0,9.38283162157217987e1,7.71665696225688766e-10,1.44078974422545925e-9,5.00000000000000000e0,0.00000000000000000e0,5.00000000000000000e0,5.00000000000000000e0,4.22893212699288323e0,1.89590400874511955e0,1.89590404224981879e0,0.00000000000000000e0 right=row_index=28800357:6.23446045675839611e-1,9.28967613677238830e1,-9.31554847989868762e-1,-3.79179319869649589e0,3.84510675003258314e2,3.84541031109179585e2,3.79178341400584129e0,3.84604465091083227e2,3.85832848112841475e2,-6.24683512723320861e-6,5.00000000000000000e0,4.99999999999999378e0,0.00000000000000000e0,2.88663026489216357e0,2.56673824555999808e0,5.00000000000000000e0,8.09852740424332751e-1,2.42955822127299825e0,2.19999366493224269e0,1.49999999999999716e1,4.00763108303246101e-7,1.92568234591572462e-6,3.84475438556879943e-28,-4.15310472092097829e-2,4.99999999499999936e-9,0.00000000000000000e0,0.00000000000000000e0,0.00000000000000000e0,1.04086116764488285e-1,5.02515272911247091e-1,1.38367207878545861e0,9.38283162157137554e1,7.71665696225682562e-10,1.40698807776706920e-9,5.00000000000000000e0,0.00000000000000000e0,5.00000000000000000e0,5.00000000000000000e0,4.22893212690951259e0,1.89590412325039903e0,1.89590406053765381e0,0.00000000000000000e0
equal_group_time_s=6.31749250360039594e-1 threshold_crossing=false left=row_index=29211152:6.31749250360039483e-1,-2.12577124453979183e0,9.33026041510093478e1,3.96653435581637392e0,3.84773341348136114e2,3.84803718190874065e2,3.96652470457688766e0,3.84869728925719812e2,3.86101490780382676e2,-1.11703581520640074e-5,5.00000000000000000e0,4.99999999999999378e0,0.00000000000000000e0,2.88727443463041089e0,2.60696352948593058e0,5.00000000000000000e0,8.09854405758869689e-1,2.42956321727660907e0,2.19999818887252019e0,1.49999999999999716e1,-2.35907507146367461e-7,1.93998957154217777e-6,3.82822025599153208e-26,-4.32630728016935515e-2,4.99999999499999936e-9,0.00000000000000000e0,0.00000000000000000e0,0.00000000000000000e0,1.04086116764477432e-1,5.02716898039318738e-1,1.38441910691203529e0,-9.54283753955491392e1,7.72202981560764829e-10,1.34269685368949060e-9,5.00000000000000000e0,0.00000000000000000e0,5.00000000000000000e0,5.00000000000000000e0,4.40071565638315132e0,1.98327449258597865e0,1.98327446506989924e0,0.00000000000000000e0 group=row_index=29211153:6.31749250360039594e-1,-2.12577124456611122e0,9.33026041509750712e1,3.96653435561863255e0,3.84773341348136228e2,3.84803718190874179e2,3.96652470442901262e0,3.84869728925717823e2,3.86101490780377674e2,-1.11703581910784720e-5,5.00000000000000000e0,4.99999999999999378e0,0.00000000000000000e0,2.88727443463041045e0,2.60696352948505838e0,5.00000000000000000e0,8.09854960870382001e-1,2.42956488261114600e0,2.19999969685261254e0,1.49999999999999716e1,-1.63424166513427183e-7,1.93998957165320007e-6,3.82787341894448951e-26,-4.32630728002149148e-2,4.99999999499999936e-9,0.00000000000000000e0,0.00000000000000000e0,0.00000000000000000e0,1.04086116764477501e-1,5.02716898039318516e-1,1.38441910691203462e0,-9.54283753955411811e1,7.72202981560754902e-10,1.32624940107651835e-9,5.00000000000000000e0,0.00000000000000000e0,5.00000000000000000e0,5.00000000000000000e0,4.40071565624293726e0,1.98327445597460561e0,1.98327444994252766e0,0.00000000000000000e0;row_index=29211154:6.31749250360039594e-1,-2.12577124334069101e0,9.33026041522004732e1,3.96653435556553813e0,3.84773341348136341e2,3.84803718190874292e2,3.96652470436198801e0,3.84869728925717027e2,3.86101490780375400e2,-1.11703582084027352e-5,5.00000000000000000e0,4.99999999999999378e0,0.00000000000000000e0,2.88727443463041000e0,2.60696352948466270e0,5.00000000000000000e0,8.09854960870382001e-1,2.42956488261114600e0,2.19999969685261254e0,1.49999999999999716e1,-1.30570731365128867e-7,1.93998957165320007e-6,3.82771622367437426e-26,-4.32630727995447148e-2,4.99999999499999936e-9,0.00000000000000000e0,0.00000000000000000e0,0.00000000000000000e0,1.04086116764476724e-1,5.02716898039318405e-1,1.38441910691203396e0,-9.54283753955411669e1,7.72202981560750250e-10,1.32231212163669067e-9,5.00000000000000000e0,0.00000000000000000e0,5.00000000000000000e0,5.00000000000000000e0,4.40071565618230487e0,1.98327451343487104e0,1.98327449954499690e0,0.00000000000000000e0;row_index=29211155:6.31749250360039594e-1,-2.12577124418917141e0,9.33026041513519857e1,3.96653435549438171e0,3.84773341348136455e2,3.84803718190874406e2,3.96652470427498161e0,3.84869728925715947e2,3.86101490780372558e2,-1.11703582313296369e-5,5.00000000000000000e0,4.99999999999999378e0,0.00000000000000000e0,2.88727443463040911e0,2.60696352948414933e0,5.00000000000000000e0,8.09854960870382001e-1,2.42956488261114600e0,2.19999969685261254e0,1.49999999999999716e1,-8.79227258670229588e-8,1.93998957165320007e-6,3.82751217352294872e-26,-4.32630727986747163e-2,4.99999999499999936e-9,0.00000000000000000e0,0.00000000000000000e0,0.00000000000000000e0,1.04086116764475892e-1,5.02716898039318183e-1,1.38441910691203307e0,-9.54283753955411527e1,7.72202981560744666e-10,1.36852531433609589e-9,5.00000000000000000e0,0.00000000000000000e0,5.00000000000000000e0,5.00000000000000000e0,4.40071565610272408e0,1.98327450584745568e0,1.98327449412781287e0,0.00000000000000000e0 right=row_index=29211156:6.31749250360039705e-1,-2.12577124457332145e0,9.33026041509598798e1,3.96653435532332299e0,3.84773341348136626e2,3.84803718190874577e2,3.96652470410097058e0,3.84869728925713446e2,3.86101490780366760e2,-1.11703582767432761e-5,5.00000000000000000e0,4.99999999999999378e0,0.00000000000000000e0,2.88727443463040911e0,2.60696352948312304e0,5.00000000000000000e0,8.09855515981894314e-1,2.42956654794568294e0,2.20000120483270534e0,1.49999999999999716e1,-2.62671526765092579e-9,1.93998957176422238e-6,3.82710410585210495e-26,-4.32630727969347262e-2,4.99999999499999936e-9,0.00000000000000000e0,0.00000000000000000e0,0.00000000000000000e0,1.04086116764475239e-1,5.02716898039318183e-1,1.38441910691203329e0,-9.54283753955331946e1,7.72202981560733086e-10,1.39132264600987318e-9,5.00000000000000000e0,0.00000000000000000e0,5.00000000000000000e0,5.00000000000000000e0,4.40071565592461411e0,1.98327448956767260e0,1.98327446673451524e0,0.00000000000000000e0
equal_group_time_s=6.31772470232322192e-1 threshold_crossing=false left=row_index=29212340:6.31772470232322081e-1,-2.10001954710369532e0,9.20962820835590179e1,3.88841132553707514e0,3.84764539894441953e2,3.84794916042328339e2,3.88840156803928494e0,3.84859777492054263e2,3.86090037812041260e2,-4.70700956324794609e-6,5.00000000000000000e0,4.99999999999999378e0,0.00000000000000000e0,2.88719205951234148e0,2.58280012923896019e0,5.00000000000000000e0,8.09852185312820438e-1,2.42955655593846132e0,2.19999215695215034e0,1.49999999999999716e1,3.82660264459738956e-7,1.92332162007868845e-6,4.89200341038318930e-26,-4.24962911767559001e-2,4.99999999499999936e-9,0.00000000000000000e0,0.00000000000000000e0,0.00000000000000000e0,1.04086116764482164e-1,5.02691114627362934e-1,1.38432356723031447e0,-9.41963016306627168e1,7.72180075624082169e-10,1.39592003057422734e-9,5.00000000000000000e0,0.00000000000000000e0,5.00000000000000000e0,5.00000000000000000e0,4.32409664839497054e0,1.94421304931636407e0,1.94421298462500536e0,0.00000000000000000e0 group=row_index=29212341:6.31772470232322192e-1,-2.10001954578918948e0,9.20962820848694861e1,3.88841132542176382e0,3.84764539894442066e2,3.84794916042328452e2,3.88840156791561098e0,3.84859777492052615e2,3.86090037812037110e2,-4.70700959835835791e-6,5.00000000000000000e0,4.99999999999999378e0,0.00000000000000000e0,2.88719205951234104e0,2.58280012923822833e0,5.00000000000000000e0,8.09852740424332751e-1,2.42955822127299825e0,2.19999366493224269e0,1.49999999999999716e1,4.43036733818665744e-7,1.92332162018971076e-6,4.89163422192549353e-26,-4.24962911755192851e-2,4.99999999499999936e-9,0.00000000000000000e0,0.00000000000000000e0,0.00000000000000000e0,1.04086116764481984e-1,5.02691114627362712e-1,1.38432356723031380e0,-9.41963016306586809e1,7.72180075624073690e-10,1.43491433371973135e-9,5.00000000000000000e0,0.00000000000000000e0,5.00000000000000000e0,5.00000000000000000e0,4.32409664827749474e0,1.94421298292863676e0,1.94421299394751790e0,0.00000000000000000e0;row_index=29212342:6.31772470232322192e-1,-2.10001954552208536e0,9.20962820851365933e1,3.88841132535293177e0,3.84764539894442123e2,3.84794916042328509e2,3.88840156784920188e0,3.84859777492051876e2,3.86090037812034893e2,-4.70700961706762165e-6,5.00000000000000000e0,4.99999999999999378e0,0.00000000000000000e0,2.88719205951234104e0,2.58280012923783575e0,5.00000000000000000e0,8.09852740424332751e-1,2.42955822127299825e0,2.19999366493224269e0,1.49999999999999716e1,4.75456981979198467e-7,1.92332162018971076e-6,4.89143599093567164e-26,-4.24962911748552608e-2,4.99999999499999936e-9,0.00000000000000000e0,0.00000000000000000e0,0.00000000000000000e0,1.04086116764480957e-1,5.02691114627362712e-1,1.38432356723031380e0,-9.41963016306586809e1,7.72180075624069348e-10,1.42482327985457873e-9,5.00000000000000000e0,0.00000000000000000e0,5.00000000000000000e0,5.00000000000000000e0,4.32409664822444029e0,1.94421315029654385e0,1.94421304208882328e0,0.00000000000000000e0;row_index=29212343:6.31772470232322192e-1,-2.10001954652512346e0,9.20962820841335770e1,3.88841132534959755e0,3.84764539894442123e2,3.84794916042328509e2,3.88840156776539159e0,3.84859777492050853e2,3.86090037812032392e2,-4.70700963806745306e-6,5.00000000000000000e0,4.99999999999999378e0,0.00000000000000000e0,2.88719205951234148e0,2.58280012923734104e0,5.00000000000000000e0,8.09852740424332751e-1,2.42955822127299825e0,2.19999366493224269e0,1.49999999999999716e1,5.16372415140086368e-7,1.92332162018971076e-6,4.89118582828877335e-26,-4.24962911740172297e-2,4.99999999499999936e-9,0.00000000000000000e0,0.00000000000000000e0,0.00000000000000000e0,1.04086116764479902e-1,5.02691114627362823e-1,1.38432356723031447e0,-9.41963016306586951e1,7.72180075624064385e-10,1.34068178789694466e-9,5.00000000000000000e0,0.00000000000000000e0,5.00000000000000000e0,5.00000000000000000e0,4.32409664815622818e0,1.94421312730446272e0,1.94421301508491839e0,0.00000000000000000e0 right=row_index=29212344:6.31772470232322303e-1,-2.10001954632196375e0,9.20962820843287062e1,3.88841132513847310e0,3.84764539894442123e2,3.84794916042328509e2,3.88840156759777056e0,3.84859777492048465e2,3.86090037812027276e2,-4.70700968059298951e-6,5.00000000000000000e0,4.99999999999999378e0,0.00000000000000000e0,2.88719205951234192e0,2.58280012923635072e0,5.00000000000000000e0,8.09853295535845064e-1,2.42955988660753519e0,2.19999517291233504e0,1.49999999999999716e1,5.98203281096610024e-7,1.92332162030073306e-6,4.89068554137619090e-26,-4.24962911723411746e-2,4.99999999499999936e-9,0.00000000000000000e0,0.00000000000000000e0,0.00000000000000000e0,1.04086116764479264e-1,5.02691114627363045e-1,1.38432356723031491e0,-9.41963016306506660e1,7.72180075624054045e-10,1.28637180081855449e-9,5.00000000000000000e0,0.00000000000000000e0,5.00000000000000000e0,5.00000000000000000e0,4.32409664799706661e0,1.94421298670949549e0,1.94421300345166093e0,0.00000000000000000e0
equal_group_time_s=6.40091165840951715e-1 threshold_crossing=false left=row_index=29623897:6.40091165840951604e-1,9.40393411472061445e1,-9.34502259453254380e-1,-3.88970714022906350e0,3.85021564198680835e2,3.85051960637959610e2,3.88969743832034665e0,3.85116845701109696e2,3.86347131045222000e2,-1.04905317585265783e-5,5.00000000000000000e0,4.99999999999999378e0,0.00000000000000000e0,2.88768929642032512e0,2.60165849088364842e0,5.00000000000000000e0,8.09854960870382001e-1,2.42956488261114600e0,2.19999969685261254e0,1.49999999999999716e1,-1.32574881192513171e-7,1.93752645283318259e-6,5.05783636247196454e-24,-4.25030034050406444e-2,4.99999999499999936e-9,0.00000000000000000e0,0.00000000000000000e0,0.00000000000000000e0,1.04086116764476974e-1,5.02846749779561897e-1,1.38490031886247489e0,9.49738434066593982e1,7.72694262090443606e-10,1.34753038254364825e-9,5.00000000000000000e0,0.00000000000000000e0,5.00000000000000000e0,5.00000000000000000e0,4.32567087667242411e0,1.94486095673502146e0,1.94486094749237748e0,0.00000000000000000e0 group=row_index=29623898:6.40091165840951715e-1,9.40393411468446487e1,-9.34502259806739177e-1,-3.88970714008058849e0,3.85021564198680949e2,3.85051960637959723e2,3.88969743815126234e0,3.85116845701107366e2,3.86347131045216486e2,-1.04905318009238825e-5,5.00000000000000000e0,4.99999999999999378e0,0.00000000000000000e0,2.88768929642032512e0,2.60165849088259682e0,5.00000000000000000e0,8.09855515981894314e-1,2.42956654794568294e0,2.20000120483270534e0,1.49999999999999716e1,-4.98838329255549442e-8,1.93752645294420489e-6,5.05731359222148949e-24,-4.25030034033499343e-2,4.99999999499999936e-9,0.00000000000000000e0,0.00000000000000000e0,0.00000000000000000e0,1.04086116764476058e-1,5.02846749779561897e-1,1.38490031886247467e0,9.49738434066513832e1,7.72694262090432542e-10,1.33155950439484135e-9,5.00000000000000000e0,0.00000000000000000e0,5.00000000000000000e0,5.00000000000000000e0,4.32567087650947268e0,1.94486098110872474e0,1.94486094623041739e0,0.00000000000000000e0;row_index=29623899:6.40091165840951715e-1,9.40393411468689777e1,-9.34502259782416966e-1,-3.88970713997719031e0,3.85021564198681062e2,3.85051960637959837e2,3.88969743806246937e0,3.85116845701106115e2,3.86347131045213644e2,-1.04905318231955398e-5,5.00000000000000000e0,4.99999999999999378e0,0.00000000000000000e0,2.88768929642032512e0,2.60165849088204437e0,5.00000000000000000e0,8.09855515981894314e-1,2.42956654794568294e0,2.20000120483270534e0,1.49999999999999716e1,-6.45911600548217745e-9,1.93752645294420489e-6,5.05703908414097396e-24,-4.25030034024620681e-2,4.99999999499999936e-9,0.00000000000000000e0,0.00000000000000000e0,0.00000000000000000e0,1.04086116764475586e-1,5.02846749779561897e-1,1.38490031886247467e0,9.49738434066513975e1,7.72694262090426856e-10,1.31123505067674354e-9,5.00000000000000000e0,0.00000000000000000e0,5.00000000000000000e0,5.00000000000000000e0,4.32567087641852321e0,1.94486092395666765e0,1.94486091457888599e0,0.00000000000000000e0 right=row_index=29623900:6.40091165840951826e-1,9.40393411459520365e1,-9.34502260695382891e-1,-3.88970713976442539e0,3.85021564198681290e2,3.85051960637960065e2,3.88969743794663980e0,3.85116845701104467e2,3.86347131045209949e2,-1.04905318538275681e-5,5.00000000000000000e0,4.99999999999999378e0,0.00000000000000000e0,2.88768929642032512e0,2.60165849088132317e0,5.00000000000000000e0,8.09856071093406626e-1,2.42956821328021988e0,2.20000271281279769e0,1.49999999999999716e1,5.01878652817285572e-8,1.93752645305522719e-6,5.05668101429691395e-24,-4.25030034013038557e-2,4.99999999499999936e-9,0.00000000000000000e0,0.00000000000000000e0,0.00000000000000000e0,1.04086116764475989e-1,5.02846749779561897e-1,1.38490031886247467e0,9.49738434066474184e1,7.72694262090419411e-10,1.31094148379753325e-9,5.00000000000000000e0,0.00000000000000000e0,5.00000000000000000e0,5.00000000000000000e0,4.32567087629346769e0,1.94486095657986424e0,1.94486091556206953e0,0.00000000000000000e0
equal_group_time_s=6.40098915218779818e-1 threshold_crossing=false left=row_index=29624300:6.40098915218779707e-1,9.36293010258906691e1,-9.33261686357970355e-1,-3.84839287745558067e0,3.85018595947633855e2,3.85048992152577057e2,3.84838313910264596e0,3.85113278692603330e2,3.86342764229030422e2,-1.25475495857703954e-5,5.00000000000000000e0,4.99999999999999378e0,0.00000000000000000e0,2.88766162534096660e0,2.59016228415147420e0,5.00000000000000000e0,8.09853295535845064e-1,2.42955988660753519e0,2.19999517291233504e0,1.49999999999999716e1,-3.52480485686053915e-7,1.94139086950873008e-6,-4.67644491948584337e-27,-4.20946925255787710e-2,4.99999999499999936e-9,0.00000000000000000e0,0.00000000000000000e0,0.00000000000000000e0,1.04086116764481901e-1,5.02838088731722643e-1,1.38486821965708140e0,9.45625627122486350e1,7.72685528458060466e-10,1.30238222030706513e-9,5.00000000000000000e0,0.00000000000000000e0,5.00000000000000000e0,5.00000000000000000e0,4.28576933508490310e0,1.92420384922579069e0,1.92420384534764755e0,0.00000000000000000e0 group=row_index=29624301:6.40098915218779818e-1,9.36293010256757583e1,-9.33261686564860860e-1,-3.84839287730375190e0,3.85018595947634083e2,3.85048992152577284e2,3.84838313897835160e0,3.85113278692601568e2,3.86342764229026329e2,-1.25475496161560050e-5,5.00000000000000000e0,4.99999999999999378e0,0.00000000000000000e0,2.88766162534096571e0,2.59016228415069660e0,5.00000000000000000e0,8.09853850647357376e-1,2.42956155194207213e0,2.19999668089242784e0,1.49999999999999716e1,-2.91774452812902894e-7,1.94139086961975238e-6,-4.67609007240675538e-27,-4.20946925243358971e-2,4.99999999499999936e-9,0.00000000000000000e0,0.00000000000000000e0,0.00000000000000000e0,1.04086116764481276e-1,5.02838088731722421e-1,1.38486821965708029e0,9.45625627122406200e1,7.72685528458052194e-10,1.30142933900845124e-9,5.00000000000000000e0,0.00000000000000000e0,5.00000000000000000e0,5.00000000000000000e0,4.28576933495226875e0,1.92420389333068398e0,1.92420382298738790e0,0.00000000000000000e0;row_index=29624302:6.40098915218779818e-1,9.36293010247829898e1,-9.33261687457607292e-1,-3.84839287734041591e0,3.85018595947634196e2,3.85048992152577398e2,3.84838313891187545e0,3.85113278692600716e2,3.86342764229024112e2,-1.25475496322680624e-5,5.00000000000000000e0,4.99999999999999378e0,0.00000000000000000e0,2.88766162534096527e0,2.59016228415028094e0,5.00000000000000000e0,8.09853850647357376e-1,2.42956155194207213e0,2.19999668089242784e0,1.49999999999999716e1,-2.59307269820362213e-7,1.94139086961975238e-6,-4.67590030190685985e-27,-4.20946925236711719e-2,4.99999999499999936e-9,0.00000000000000000e0,0.00000000000000000e0,0.00000000000000000e0,1.04086116764480277e-1,5.02838088731722199e-1,1.38486821965707985e0,9.45625627122405916e1,7.72685528458047748e-10,1.32505217529782592e-9,5.00000000000000000e0,0.00000000000000000e0,5.00000000000000000e0,5.00000000000000000e0,4.28576933488784562e0,1.92420389584183749e0,1.92420382977059901e0,0.00000000000000000e0;row_index=29624303:6.40098915218779818e-1,9.36293010257322038e1,-9.33261686508407351e-1,-3.84839287709240807e0,3.85018595947634253e2,3.85048992152577455e2,3.84838313882780758e0,3.85113278692599636e2,3.86342764229021157e2,-1.25475496544460091e-5,5.00000000000000000e0,4.99999999999999378e0,0.00000000000000000e0,2.88766162534096571e0,2.59016228414975558e0,5.00000000000000000e0,8.09853850647357376e-1,2.42956155194207213e0,2.19999668089242784e0,1.49999999999999716e1,-2.18248899020389660e-7,1.94139086961975238e-6,-4.67566032699036600e-27,-4.20946925228305596e-2,4.99999999499999936e-9,0.00000000000000000e0,0.00000000000000000e0,0.00000000000000000e0,1.04086116764479375e-1,5.02838088731722199e-1,1.38486821965708007e0,9.45625627122406058e1,7.72685528458041855e-10,1.35383921370664838e-9,5.00000000000000000e0,0.00000000000000000e0,5.00000000000000000e0,5.00000000000000000e0,4.28576933481205469e0,1.92420384311006254e0,1.92420386668912036e0,0.00000000000000000e0 right=row_index=29624304:6.40098915218779929e-1,9.36293010258649900e1,-9.33261686371623322e-1,-3.84839287702607180e0,3.85018595947634367e2,3.85048992152577569e2,3.84838313865967274e0,3.85113278692597476e2,3.86342764229015359e2,-1.25475496977377326e-5,5.00000000000000000e0,4.99999999999999378e0,0.00000000000000000e0,2.88766162534096482e0,2.59016228414870486e0,5.00000000000000000e0,8.09854405758869689e-1,2.42956321727660907e0,2.19999818887252019e0,1.49999999999999716e1,-1.36132157788254159e-7,1.94139086973077468e-6,-4.67518041410415657e-27,-4.20946925211493350e-2,4.99999999499999936e-9,0.00000000000000000e0,0.00000000000000000e0,0.00000000000000000e0,1.04086116764478862e-1,5.02838088731721977e-1,1.38486821965707918e0,9.45625627122366126e1,7.72685528458030274e-10,1.30483256235731726e-9,5.00000000000000000e0,0.00000000000000000e0,5.00000000000000000e0,5.00000000000000000e0,4.28576933466047194e0,1.92420382093988240e0,1.92420383687684038e0,0.00000000000000000e0
equal_group_time_s=6.40106649061378374e-1 threshold_crossing=false left=row_index=29624708:6.40106649061378263e-1,9.32192473438580436e1,-9.32054517364383273e-1,-3.80833321943975989e0,3.85015576697301867e2,3.85045972663883163e2,3.80832344431419534e0,3.85109661236904913e2,3.86338367268604259e2,-7.93984751264530884e-6,5.00000000000000000e0,4.99999999999999378e0,0.00000000000000000e0,2.88763411351168253e0,2.57772416892378509e0,5.00000000000000000e0,8.09853850647357376e-1,2.42956155194207213e0,2.19999668089242784e0,1.49999999999999716e1,1.08723904808029605e-7,1.92972005674807434e-6,4.51706740528094011e-26,-4.16987941750756527e-2,4.99999999499999936e-9,0.00000000000000000e0,0.00000000000000000e0,0.00000000000000000e0,1.04086116764484635e-1,5.02829477529156632e-1,1.38483630555490667e0,9.41513018612224215e1,7.72676734537208160e-10,1.37414218432647220e-9,5.00000000000000000e0,0.00000000000000000e0,5.00000000000000000e0,5.00000000000000000e0,4.24590486811666779e0,1.90417404641482957e0,1.90417405816442176e0,0.00000000000000000e0 group=row_index=29624709:6.40106649061378374e-1,9.32192473437318512e1,-9.32054517482559297e-1,-3.80833321925581458e0,3.85015576697301867e2,3.85045972663883163e2,3.80832344415415625e0,3.85109661236902809e2,3.86338367268599086e2,-7.93984755495150441e-6,5.00000000000000000e0,4.99999999999999378e0,0.00000000000000000e0,2.88763411351168209e0,2.57772416892278322e0,5.00000000000000000e0,8.09854405758869689e-1,2.42956321727660907e0,2.19999818887252019e0,1.49999999999999716e1,1.86783863083012822e-7,1.92972005685909664e-6,4.51662667414067851e-26,-4.16987941734754050e-2,4.99999999499999936e-9,0.00000000000000000e0,0.00000000000000000e0,0.00000000000000000e0,1.04086116764485731e-1,5.02829477529156632e-1,1.38483630555490622e0,9.41513018612144066e1,7.72676734537197717e-10,1.34494205133037354e-9,5.00000000000000000e0,0.00000000000000000e0,5.00000000000000000e0,5.00000000000000000e0,4.24590486797645461e0,1.90417410616493710e0,1.90417405624079739e0,0.00000000000000000e0;row_index=29624710:6.40106649061378374e-1,9.32192473443503360e1,-9.32054516864064486e-1,-3.80833321920687240e0,3.85015576697301924e2,3.85045972663883219e2,3.80832344406977619e0,3.85109661236901729e2,3.86338367268596187e2,-7.93984757839190964e-6,5.00000000000000000e0,4.99999999999999378e0,0.00000000000000000e0,2.88763411351168120e0,2.57772416892225475e0,5.00000000000000000e0,8.09854405758869689e-1,2.42956321727660907e0,2.19999818887252019e0,1.49999999999999716e1,2.27940533621981841e-7,1.92972005685909664e-6,4.51639431845789163e-26,-4.16987941726316702e-2,4.99999999499999936e-9,0.00000000000000000e0,0.00000000000000000e0,0.00000000000000000e0,1.04086116764485981e-1,5.02829477529156299e-1,1.38483630555490489e0,9.41513018612144066e1,7.72676734537191927e-10,1.39720360445268181e-9,5.00000000000000000e0,0.00000000000000000e0,5.00000000000000000e0,5.00000000000000000e0,4.24590486790066279e0,1.90417398573160668e0,1.90417401354569793e0,0.00000000000000000e0 right=row_index=29624711:6.40106649061378485e-1,9.32192473447198182e1,-9.32054516486607976e-1,-3.80833321898398935e0,3.85015576697302038e2,3.85045972663883333e2,3.80832344396030642e0,3.85109661236900251e2,3.86338367268592435e2,-7.93984760860079930e-6,5.00000000000000000e0,4.99999999999999378e0,0.00000000000000000e0,2.88763411351167942e0,2.57772416892156864e0,5.00000000000000000e0,8.09854960870382001e-1,2.42956488261114600e0,2.19999969685261254e0,1.49999999999999716e1,2.81334819846697896e-7,1.92972005697011895e-6,4.51609289143317586e-26,-4.16987941715370528e-2,4.99999999499999936e-9,0.00000000000000000e0,0.00000000000000000e0,0.00000000000000000e0,1.04086116764485787e-1,5.02829477529155633e-1,1.38483630555490267e0,9.41513018612064201e1,7.72676734537184482e-10,1.44482942926852709e-9,5.00000000000000000e0,0.00000000000000000e0,5.00000000000000000e0,5.00000000000000000e0,4.24590486779455567e0,1.90417404851580585e0,1.90417406091109842e0,0.00000000000000000e0
equal_group_time_s=6.43259070911587516e-1 threshold_crossing=false left=row_index=29770362:6.43259070911587405e-1,-2.21884936880276040e0,9.36492875831749103e1,4.24927523297742660e0,3.82677315162859998e2,3.82707526529846518e2,4.24926353728073103e0,3.82777655604290032e2,3.84014738130282069e2,-4.42364993714198525e-6,5.00000000000000000e0,4.99999999999999378e0,0.00000000000000000e0,2.88950413826027841e0,2.59590014662695490e0,5.00000000000000000e0,8.09855515981894314e-1,2.42956654794568294e0,2.20000120483270534e0,1.49999999999999716e1,4.01842902838033959e-7,1.92761184381051720e-6,-2.50670719282872258e-27,-4.60609826667648728e-2,4.99999999499999936e-9,0.00000000000000000e0,0.00000000000000000e0,0.00000000000000000e0,1.04086116764477307e-1,5.03414795275467175e-1,1.38700639709746087e0,-9.58681369519776752e1,7.68029476260563719e-10,1.22306950632760417e-9,5.00000000000000000e0,0.00000000000000000e0,5.00000000000000000e0,5.00000000000000000e0,4.67527162956760911e0,2.12464349214562587e0,2.12464350503453847e0,0.00000000000000000e0 group=row_index=29770363:6.43259070911587516e-1,-2.21884936868858329e0,9.36492875832930594e1,4.24927523277783425e0,3.82677315162860225e2,3.82707526529846746e2,4.24926353712339289e0,3.82777655604287872e2,3.84014738130277124e2,-4.42364997947952019e-6,5.00000000000000000e0,4.99999999999999378e0,0.00000000000000000e0,2.88950413826027974e0,2.59590014662627899e0,5.00000000000000000e0,8.09856071093406626e-1,2.42956821328021988e0,2.20000271281279769e0,1.49999999999999716e1,4.79606556274627555e-7,1.92761184392153950e-6,-2.50646354126963988e-27,-4.60609826651915202e-2,4.99999999499999936e-9,0.00000000000000000e0,0.00000000000000000e0,0.00000000000000000e0,1.04086116764477113e-1,5.03414795275467619e-1,1.38700639709746243e0,-9.58681369519816400e1,7.68029476260553793e-10,1.21564731733773728e-9,5.00000000000000000e0,0.00000000000000000e0,5.00000000000000000e0,5.00000000000000000e0,4.67527162940844754e0,2.12464355510836045e0,2.12464350505919164e0,0.00000000000000000e0;row_index=29770364:6.43259070911587516e-1,-2.21884936854353310e0,9.36492875834381096e1,4.24927523273452579e0,3.82677315162860339e2,3.82707526529846859e2,4.24926353703834803e0,3.82777655604286736e2,3.84014738130274282e2,-4.42365000362688538e-6,5.00000000000000000e0,4.99999999999999378e0,0.00000000000000000e0,2.88950413826028019e0,2.59590014662591395e0,5.00000000000000000e0,8.09856071093406626e-1,2.42956821328021988e0,2.20000271281279769e0,1.49999999999999716e1,5.21639387081570812e-7,1.92761184392153950e-6,-2.50633185252340438e-27,-4.60609826643410894e-2,4.99999999499999936e-9,0.00000000000000000e0,0.00000000000000000e0,0.00000000000000000e0,1.04086116764477113e-1,5.03414795275467730e-1,1.38700639709746310e0,-9.58681369519816400e1,7.68029476260548106e-10,1.25457471703790622e-9,5.00000000000000000e0,0.00000000000000000e0,5.00000000000000000e0,5.00000000000000000e0,4.67527162932507689e0,2.12464358097154093e0,2.12464353377089799e0,0.00000000000000000e0 right=row_index=29770365:6.43259070911587627e-1,-2.21884936896653517e0,9.36492875830230531e1,4.24927523264195628e0,3.82677315162860509e2,3.82707526529847030e2,4.24926353693181991e0,3.82777655604285371e2,3.84014738130270871e2,-4.42365003289058876e-6,5.00000000000000000e0,4.99999999999999378e0,0.00000000000000000e0,2.88950413826027885e0,2.59590014662545654e0,5.00000000000000000e0,8.09856626204918939e-1,2.42956987861475682e0,2.20000422079289004e0,1.49999999999999716e1,5.74288967075277884e-7,1.92761184403256181e-6,-2.50616691129076313e-27,-4.60609826632758512e-2,4.99999999499999936e-9,0.00000000000000000e0,0.00000000000000000e0,0.00000000000000000e0,1.04086116764476863e-1,5.03414795275467286e-1,1.38700639709746154e0,-9.58681369519895838e1,7.68029476260541282e-10,1.25369820641514296e-9,5.00000000000000000e0,0.00000000000000000e0,5.00000000000000000e0,5.00000000000000000e0,4.67527162922275874e0,2.12464360072644176e0,2.12464351403280816e0,0.00000000000000000e0
equal_group_time_s=6.48425348226643883e-1 threshold_crossing=false left=row_index=30036536:6.48425348226643772e-1,-2.09334326273156890e0,9.28354780880884505e1,3.86816512876252006e0,3.85247294617427201e2,3.85277708877528539e2,3.86815541357430659e0,3.85342292357563792e2,3.86572161183097990e2,-1.47712005845644066e-5,5.00000000000000000e0,4.99999999999999378e0,0.00000000000000000e0,2.88810036388693447e0,2.59436591317400023e0,5.00000000000000000e0,8.09854960870382001e-1,2.42956488261114600e0,2.19999969685261254e0,1.49999999999999716e1,-5.61337611753420545e-7,1.94748152537727037e-6,-2.14674147736344858e-26,-4.22908790418287037e-2,4.99999999499999936e-9,0.00000000000000000e0,0.00000000000000000e0,0.00000000000000000e0,1.04086116764469633e-1,5.02975413896610379e-1,1.38537721212580078e0,-9.49288213508200158e1,7.73144322366195629e-10,1.26880662593750298e-9,5.00000000000000000e0,0.00000000000000000e0,5.00000000000000000e0,5.00000000000000000e0,4.30556533568354460e0,1.93408995276237983e0,1.93408996283003076e0,0.00000000000000000e0 group=row_index=30036537:6.48425348226643883e-1,-2.09334326160352546e0,9.28354780892085074e1,3.86816512860551409e0,3.85247294617427201e2,3.85277708877528539e2,3.86815541343974312e0,3.85342292357561860e2,3.86572161183093669e2,-1.47712006154338735e-5,5.00000000000000000e0,4.99999999999999378e0,0.00000000000000000e0,2.88810036388693492e0,2.59436591317316223e0,5.00000000000000000e0,8.09855515981894314e-1,2.42956654794568294e0,2.20000120483270534e0,1.49999999999999716e1,-4.95587391968469591e-7,1.94748152548829268e-6,-2.14656504869962682e-26,-4.22908790404831342e-2,4.99999999499999936e-9,0.00000000000000000e0,0.00000000000000000e0,0.00000000000000000e0,1.04086116764468911e-1,5.02975413896610601e-1,1.38537721212580123e0,-9.49288213508120293e1,7.73144322366186943e-10,1.21982881545935956e-9,5.00000000000000000e0,0.00000000000000000e0,5.00000000000000000e0,5.00000000000000000e0,4.30556533555469922e0,1.93409001942624204e0,1.93408997915921743e0,0.00000000000000000e0;row_index=30036538:6.48425348226643883e-1,-2.09334326263726922e0,9.28354780881747530e1,3.86816512862133344e0,3.85247294617427201e2,3.85277708877528539e2,3.86815541336975510e0,3.85342292357560950e2,3.86572161183091453e2,-1.47712006310873473e-5,5.00000000000000000e0,4.99999999999999378e0,0.00000000000000000e0,2.88810036388693492e0,2.59436591317272569e0,5.00000000000000000e0,8.09855515981894314e-1,2.42956654794568294e0,2.20000120483270534e0,1.49999999999999716e1,-4.61389540094627189e-7,1.94748152548829268e-6,-2.14647329076384194e-26,-4.22908790397832704e-2,4.99999999499999936e-9,0.00000000000000000e0,0.00000000000000000e0,0.00000000000000000e0,1.04086116764468634e-1,5.02975413896610712e-1,1.38537721212580123e0,-9.49288213508120293e1,7.73144322366182497e-10,1.23265523871082315e-9,5.00000000000000000e0,0.00000000000000000e0,5.00000000000000000e0,5.00000000000000000e0,4.30556533549406595e0,1.93408989843942836e0,1.93408992062700968e0,0.00000000000000000e0;row_index=30036539:6.48425348226643883e-1,-2.09334326394987169e0,9.28354780868621390e1,3.86816512844928706e0,3.85247294617427315e2,3.85277708877528653e2,3.86815541328010504e0,3.85342292357559813e2,3.86572161183088497e2,-1.47712006519658810e-5,5.00000000000000000e0,4.99999999999999378e0,0.00000000000000000e0,2.88810036388693447e0,2.59436591317216658e0,5.00000000000000000e0,8.09855515981894314e-1,2.42956654794568294e0,2.20000120483270534e0,1.49999999999999716e1,-4.17584495580113660e-7,1.94748152548829268e-6,-2.14635576102726041e-26,-4.22908790388867861e-2,4.99999999499999936e-9,0.00000000000000000e0,0.00000000000000000e0,0.00000000000000000e0,1.04086116764468800e-1,5.02975413896610601e-1,1.38537721212580123e0,-9.49288213508120151e1,7.73144322366176603e-10,1.24030692840903328e-9,5.00000000000000000e0,0.00000000000000000e0,5.00000000000000000e0,5.00000000000000000e0,4.30556533541069619e0,1.93408998209622562e0,1.93408997860603349e0,0.00000000000000000e0 right=row_index=30036540:6.48425348226643994e-1,-2.09334326239601110e0,9.28354780884120174e1,3.86816512835554160e0,3.85247294617427599e2,3.85277708877528937e2,3.86815541310080313e0,3.85342292357557255e2,3.86572161183082471e2,-1.47712006947023084e-5,5.00000000000000000e0,4.99999999999999378e0,0.00000000000000000e0,2.88810036388693403e0,2.59436591317105059e0,5.00000000000000000e0,8.09856071093406626e-1,2.42956821328021988e0,2.20000271281279769e0,1.49999999999999716e1,-3.29974406969752382e-7,1.94748152559931498e-6,-2.14612072085952346e-26,-4.22908790370938523e-2,4.99999999499999936e-9,0.00000000000000000e0,0.00000000000000000e0,0.00000000000000000e0,1.04086116764468634e-1,5.02975413896610379e-1,1.38537721212580034e0,-9.49288213508080219e1,7.73144322366164506e-10,1.33024303833423324e-9,5.00000000000000000e0,0.00000000000000000e0,5.00000000000000000e0,5.00000000000000000e0,4.30556533522121754e0,1.93408997710588659e0,1.93408996117212695e0,0.00000000000000000e0
equal_group_time_s=6.48440808898010590e-1 threshold_crossing=false left=row_index=30037332:6.48440808898010479e-1,-2.07317630977751532e0,9.20341273689518573e1,3.80702745035972701e0,3.85241247561606940e2,3.85271661344309109e2,3.80701766309424716e0,3.85335321969186225e2,3.86564002525180342e2,-2.25030649720839259e-6,5.00000000000000000e0,4.99999999999999378e0,0.00000000000000000e0,2.88804570214288248e0,2.57024978680018412e0,5.00000000000000000e0,8.09855515981894314e-1,2.42956654794568294e0,2.20000120483270534e0,1.49999999999999716e1,6.30195898817018508e-7,1.91712606933958085e-6,-5.36895108218412524e-27,-4.16889151370174321e-2,4.99999999499999936e-9,0.00000000000000000e0,0.00000000000000000e0,0.00000000000000000e0,1.04086116764465553e-1,5.02958304770722231e-1,1.38531379245629060e0,-9.41073036787293660e1,7.73128005050360205e-10,1.34720241541198719e-9,5.00000000000000000e0,0.00000000000000000e0,5.00000000000000000e0,5.00000000000000000e0,4.24404165847439252e0,1.90352120820872561e0,1.90352116109493408e0,0.00000000000000000e0 group=row_index=30037333:6.48440808898010590e-1,-2.07317630996716584e0,9.20341273687541843e1,3.80702745020596822e0,3.85241247561607111e2,3.85271661344309280e2,3.80701766293524635e0,3.85335321969184065e2,3.86564002525175056e2,-2.25030654470862426e-6,5.00000000000000000e0,4.99999999999999378e0,0.00000000000000000e0,2.88804570214288203e0,2.57024978679920491e0,5.00000000000000000e0,8.09856071093406626e-1,2.42956821328021988e0,2.20000271281279769e0,1.49999999999999716e1,7.07678382114912356e-7,1.91712606945060315e-6,-5.36843110775411507e-27,-4.16889151354276483e-2,4.99999999499999936e-9,0.00000000000000000e0,0.00000000000000000e0,0.00000000000000000e0,1.04086116764465011e-1,5.02958304770722120e-1,1.38531379245628994e0,-9.41073036787213510e1,7.73128005050349762e-10,1.32554872308850849e-9,5.00000000000000000e0,0.00000000000000000e0,5.00000000000000000e0,5.00000000000000000e0,4.24404165831901992e0,1.90352117062908399e0,1.90352116009395678e0,0.00000000000000000e0;row_index=30037334:6.48440808898010590e-1,-2.07317631016390358e0,9.20341273685574635e1,3.80702745010379395e0,3.85241247561607224e2,3.85271661344309393e2,3.80701766284470189e0,3.85335321969182871e2,3.86564002525172043e2,-2.25030657115926812e-6,5.00000000000000000e0,4.99999999999999378e0,0.00000000000000000e0,2.88804570214288203e0,2.57024978679864713e0,5.00000000000000000e0,8.09856071093406626e-1,2.42956821328021988e0,2.20000271281279769e0,1.49999999999999716e1,7.51801327072974845e-7,1.91712606945060315e-6,-5.36813502716148182e-27,-4.16889151345223238e-2,4.99999999499999936e-9,0.00000000000000000e0,0.00000000000000000e0,0.00000000000000000e0,1.04086116764464359e-1,5.02958304770722120e-1,1.38531379245628994e0,-9.41073036787213653e1,7.73128005050343558e-10,1.27945072585921854e-9,5.00000000000000000e0,0.00000000000000000e0,5.00000000000000000e0,5.00000000000000000e0,4.24404165823186030e0,1.90352111075741193e0,1.90352113604560391e0,0.00000000000000000e0 right=row_index=30037335:6.48440808898010701e-1,-2.07317631033535443e0,9.20341273683819878e1,3.80702745000105836e0,3.85241247561607395e2,3.85271661344309564e2,3.80701766273601505e0,3.85335321969181393e2,3.86564002525168235e2,-2.25030660427488517e-6,5.00000000000000000e0,4.99999999999999378e0,0.00000000000000000e0,2.88804570214288159e0,2.57024978679797744e0,5.00000000000000000e0,8.09856626204918939e-1,2.42956987861475682e0,2.20000422079289004e0,1.49999999999999716e1,8.04765831022487709e-7,1.91712606956162546e-6,-5.36777963813983594e-27,-4.16889151334355751e-2,4.99999999499999936e-9,0.00000000000000000e0,0.00000000000000000e0,0.00000000000000000e0,1.04086116764462999e-1,5.02958304770721898e-1,1.38531379245628949e0,-9.41073036787173436e1,7.73128005050336010e-10,1.27146999790181973e-9,5.00000000000000000e0,0.00000000000000000e0,5.00000000000000000e0,5.00000000000000000e0,4.24404165812196332e0,1.90352115434031877e0,1.90352114092284164e0,0.00000000000000000e0
equal_group_time_s=6.51593251771957815e-1 threshold_crossing=false left=row_index=30182725:6.51593251771957704e-1,9.49679453084281278e1,-9.44928783940633954e-1,-4.24258113653172586e0,3.82900943469645767e2,3.82931172491498614e2,4.24256943715680102e0,3.83001216973114026e2,3.84238175469352711e2,-8.04754604930361059e-6,5.00000000000000000e0,4.99999999999999378e0,0.00000000000000000e0,2.88998509528844805e0,2.59590588954530688e0,5.00000000000000000e0,8.09852185312820438e-1,2.42955655593846132e0,2.19999215695215034e0,1.49999999999999716e1,5.96761224120606346e-8,1.93604159448579338e-6,-1.58212907666547798e-22,-4.59962740718245292e-2,4.99999999499999936e-9,0.00000000000000000e0,0.00000000000000000e0,0.00000000000000000e0,1.04086116764478459e-1,5.03565334825284205e-1,1.38756480383949032e0,9.59128740923687673e1,7.68476350938705024e-10,1.28342418930164383e-9,5.00000000000000000e0,0.00000000000000000e0,5.00000000000000000e0,5.00000000000000000e0,4.66963210769411852e0,2.12129647699427526e0,2.12129646118554893e0,0.00000000000000000e0 group=row_index=30182726:6.51593251771957815e-1,9.49679453093214505e1,-9.44928783055246302e-1,-4.24258113634385836e0,3.82900943469645881e2,3.82931172491498728e2,4.24256943700145861e0,3.83001216973111809e2,3.84238175469347766e2,-8.04754608945277578e-6,5.00000000000000000e0,4.99999999999999378e0,0.00000000000000000e0,2.88998509528844805e0,2.59590588954463319e0,5.00000000000000000e0,8.09852740424332751e-1,2.42955822127299825e0,2.19999366493224269e0,1.49999999999999716e1,1.36406887631739141e-7,1.93604159459681568e-6,-1.58197733646554762e-22,-4.59962740702711190e-2,4.99999999499999936e-9,0.00000000000000000e0,0.00000000000000000e0,0.00000000000000000e0,1.04086116764478390e-1,5.03565334825284316e-1,1.38756480383949032e0,9.59128740923766969e1,7.68476350938695098e-10,1.28694982310712511e-9,5.00000000000000000e0,0.00000000000000000e0,5.00000000000000000e0,5.00000000000000000e0,4.66963210753874591e0,2.12129647287983447e0,2.12129646332556332e0,0.00000000000000000e0;row_index=30182727:6.51593251771957815e-1,9.49679453089878791e1,-9.44928783388828686e-1,-4.24258113612796706e0,3.82900943469645995e2,3.82931172491498842e2,4.24256943691946020e0,3.83001216973110616e2,3.84238175469345094e2,-8.04754611155118605e-6,5.00000000000000000e0,4.99999999999999378e0,0.00000000000000000e0,2.88998509528844805e0,2.59590588954427703e0,5.00000000000000000e0,8.09852740424332751e-1,2.42955822127299825e0,2.19999366493224269e0,1.49999999999999716e1,1.76909211263229184e-7,1.93604159459681568e-6,-1.58189724629055383e-22,-4.59962740694511429e-2,4.99999999499999936e-9,0.00000000000000000e0,0.00000000000000000e0,0.00000000000000000e0,1.04086116764478445e-1,5.03565334825284316e-1,1.38756480383949032e0,9.59128740923767111e1,7.68476350938689824e-10,1.26532040739877329e-9,5.00000000000000000e0,0.00000000000000000e0,5.00000000000000000e0,5.00000000000000000e0,4.66963210745158630e0,2.12129653761371895e0,2.12129650199808673e0,0.00000000000000000e0 right=row_index=30182728:6.51593251771957926e-1,9.49679453091748087e1,-9.44928783205866596e-1,-4.24258113616599530e0,3.82900943469646052e2,3.82931172491498899e2,4.24256943681325627e0,3.83001216973109251e2,3.84238175469341570e2,-8.04754614097330407e-6,5.00000000000000000e0,4.99999999999999378e0,0.00000000000000000e0,2.88998509528844849e0,2.59590588954381696e0,5.00000000000000000e0,8.09853295535845064e-1,2.42955988660753519e0,2.19999517291233504e0,1.49999999999999716e1,2.29367168939962354e-7,1.93604159470783799e-6,-1.58179352081123565e-22,-4.59962740683891244e-2,4.99999999499999936e-9,0.00000000000000000e0,0.00000000000000000e0,0.00000000000000000e0,1.04086116764477959e-1,5.03565334825284316e-1,1.38756480383949099e0,9.59128740923806760e1,7.68476350938682793e-10,1.33696057797931109e-9,5.00000000000000000e0,0.00000000000000000e0,5.00000000000000000e0,5.00000000000000000e0,4.66963210735684697e0,2.12129656159754276e0,2.12129647580736158e0,0.00000000000000000e0
equal_group_time_s=6.54166666666699981e-1 threshold_crossing=false left=row_index=30636146:6.54166666460393120e-1,1.68625655506123906e2,-1.07997197864699768e0,-9.44270907355655709e0,3.84356515420533924e2,3.84386859355961803e2,9.44270836589975104e0,3.81772073331960257e2,1.90757000135603107e2,1.58717215526152238e1,5.00000000000000000e0,4.99999999999999378e0,0.00000000000000000e0,2.89662695770160816e0,4.57321929539177940e0,5.00000000000000000e0,5.00000000000000000e0,1.50000000000000000e1,1.35826771653543314e1,1.49999999999999716e1,1.49188869679572296e1,3.84027745958803735e-6,4.97302705188684635e-1,-9.33205461068226522e-2,4.99999999499999936e-9,0.00000000000000000e0,0.00000000000000000e0,0.00000000000000000e0,1.04086116764479236e-1,5.05644237760603521e-1,1.39528771421891062e0,1.69705627484770901e2,1.91026235506783269e5,1.09128504293321438e1,5.00000000000000000e0,0.00000000000000000e0,5.00000000000000000e0,5.00000000000000000e0,-1.74319068266769762e2,-1.91014855811990594e5,2.17384366505015303e-1,3.96846566840590498e0 group=row_index=30636147:6.54166666666699981e-1,1.68625656214767247e2,-1.07997127000417747e0,-9.44267966036647977e0,3.84356493094263442e2,3.84386837027928721e2,9.44267897785029753e0,3.79789459730394753e2,1.89765962486114375e2,1.58610645979910618e1,5.00000000000000000e0,4.99999999999999378e0,0.00000000000000000e0,2.89662695749347954e0,4.57321602639123714e0,5.00000000000000000e0,5.00000000000000000e0,1.50000000000000000e1,1.35826771653543314e1,1.49999999999999716e1,1.49207162459187881e1,3.84048376644852141e-6,4.97509012049168642e-1,-9.33215809370285670e-2,4.99999999499999936e-9,0.00000000000000000e0,0.00000000000000000e0,0.00000000000000000e0,1.04086116764478889e-1,5.05644237695459076e-1,1.39528771397657048e0,1.69705627484771412e2,1.90034725402655313e5,-1.09120036497210471e1,5.00000000000000000e0,0.00000000000000000e0,5.00000000000000000e0,5.00000000000000000e0,-3.06491819835597823e2,-1.90023282041181315e5,2.15203098984109942e-1,5.00000000000000000e0;row_index=30636148:6.54166666666699981e-1,1.68625656213054583e2,-1.07997127171683682e0,-9.44267966049540064e0,3.84356493094262021e2,3.84386837027927299e2,9.44267897784874677e0,3.79789459624017070e2,1.89765962169777140e2,1.58610645949860718e1,5.00000000000000000e0,4.99999999999999378e0,0.00000000000000000e0,2.89662695749347954e0,4.57321602639106040e0,5.00000000000000000e0,5.00000000000000000e0,1.50000000000000000e1,1.35826771653543314e1,1.49999999999999716e1,1.49207162460163509e1,3.84048376644852141e-6,4.97509012060270872e-1,-9.33215809370842170e-2,4.99999999499999936e-9,0.00000000000000000e0,0.00000000000000000e0,0.00000000000000000e0,1.04086116764478667e-1,5.05644237695459076e-1,1.39528771397657048e0,1.69705627484771412e2,1.90034725086191378e5,-1.07472193344085092e1,5.00000000000000000e0,0.00000000000000000e0,5.00000000000000000e0,5.00000000000000000e0,-3.06491826927348654e2,-1.90023282264078152e5,2.15190052268218079e-1,5.00000000000000000e0;row_index=30636149:6.54166666666699981e-1,1.68625656217187014e2,-1.07997126758439066e0,-9.44267966048732887e0,3.84356493094259235e2,3.84386837027924514e2,9.44267897784564347e0,3.79789459411261817e2,1.89765961545050146e2,1.58610645890495832e1,5.00000000000000000e0,4.99999999999999378e0,0.00000000000000000e0,2.89662695749347954e0,4.57321602639070690e0,5.00000000000000000e0,5.00000000000000000e0,1.50000000000000000e1,1.35826771653543314e1,1.49999999999999716e1,1.49207162462114802e1,3.84048376644852141e-6,4.97509012082475499e-1,-9.33215809371955307e-2,4.99999999499999936e-9,0.00000000000000000e0,0.00000000000000000e0,0.00000000000000000e0,1.04086116764478806e-1,5.05644237695459076e-1,1.39528771397657048e0,1.69705627484771412e2,1.90034724461201316e5,-1.04226250360078669e1,5.00000000000000000e0,0.00000000000000000e0,5.00000000000000000e0,5.00000000000000000e0,-3.06491841110846508e2,-1.90023282702034427e5,2.15164039535706009e-1,5.00000000000000000e0;row_index=30636150:6.54166666666699981e-1,1.68625656214133045e2,-1.07997127063836107e0,-9.44267966037966744e0,3.84356493094253494e2,3.84386837027918773e2,9.44267897783943866e0,3.79789458985751423e2,1.89765960341862439e2,1.58610645776044272e1,5.00000000000000000e0,4.99999999999999378e0,0.00000000000000000e0,2.89662695749347865e0,4.57321602639000258e0,5.00000000000000000e0,5.00000000000000000e0,1.50000000000000000e1,1.35826771653543314e1,1.49999999999999716e1,1.49207162466017333e1,3.84048376644852141e-6,4.97509012126884365e-1,-9.33215809374181443e-2,4.99999999499999936e-9,0.00000000000000000e0,0.00000000000000000e0,0.00000000000000000e0,1.04086116764478112e-1,5.05644237695458743e-1,1.39528771397656937e0,1.69705627484771412e2,1.90034723257506412e5,-9.80240068722552849e0,5.00000000000000000e0,0.00000000000000000e0,5.00000000000000000e0,5.00000000000000000e0,-3.06491869477823343e2,-1.90023283529357082e5,2.15114506330219724e-1,5.00000000000000000e0 right=row_index=30636151:6.54166666666700092e-1,1.68625656214237608e2,-1.07997127053378916e0,-9.44267966027030070e0,3.84356493094241500e2,3.84386837027906779e2,9.44267897782703258e0,3.79789458134730467e2,1.89765958107187743e2,1.58610645563018178e1,5.00000000000000000e0,4.99999999999999378e0,0.00000000000000000e0,2.89662695749347820e0,4.57321602638859659e0,5.00000000000000000e0,5.00000000000000000e0,1.50000000000000000e1,1.35826771653543314e1,1.49999999999999716e1,1.49207162473822397e1,3.84048376655954371e-6,4.97509012215702484e-1,-9.33215809378633576e-2,4.99999999499999936e-9,0.00000000000000000e0,0.00000000000000000e0,0.00000000000000000e0,1.04086116764477071e-1,5.05644237695458743e-1,1.39528771397656870e0,1.69705627484771384e2,1.90034721021887730e5,-8.66944886404715120e0,5.00000000000000000e0,0.00000000000000000e0,5.00000000000000000e0,5.00000000000000000e0,-3.06491926211754162e2,-1.90023285003435216e5,2.15024138953242322e-1,5.00000000000000000e0
