ELMER SOLVER (v 26.2) STARTED AT: 2026/09/16 15:05:45
ParCommInit: Initialize #PEs: 1
MAIN: 
MAIN: =============================================================
MAIN: ElmerSolver finite element software, Welcome!
MAIN: This program is free software licensed under (L)GPL
MAIN: Copyright 1st April 1995 - , CSC - IT Center for Science Ltd.
MAIN: Webpage http://www.csc.fi/elmer, Email elmeradm@csc.fi
MAIN: Version: 26.2-unknown (Rev: a19504a, Compiled: 2026-09-12)
MAIN:  Running one task without MPI parallelization.
MAIN:  Running with just one thread per task.
MAIN: =============================================================
MAIN: 
MAIN: 
MAIN: -------------------------------------
MAIN: Reading Model: case.sif
LoadInputFile: Scanning input file: case.sif
LoadInputFile: Scanning only size info
LoadInputFile: First time visiting
LoadInputFile: Reading base load of sif file
CheckKeyword: Found keyword type assuming suffix 1 for: variable 2
CheckKeyword: Found keyword type assuming suffix 1 for: variable 2
CheckKeyword: Found keyword type assuming suffix 1 for: operator 2
CheckKeyword: Found keyword type assuming suffix 1 for: operator 2
LoadInputFile: Loading input file: case.sif
LoadInputFile: Reading base load of sif file
CheckKeyword: Found keyword type assuming suffix 1 for: variable 2
CheckKeyword: Found keyword type assuming suffix 1 for: variable 2
CheckKeyword: Found keyword type assuming suffix 1 for: operator 2
CheckKeyword: Found keyword type assuming suffix 1 for: operator 2
LoadInputFile: Number of BCs: 3
LoadInputFile: Number of Body Forces: 0
LoadInputFile: Number of Initial Conditions: 0
LoadInputFile: Number of Materials: 5
LoadInputFile: Number of Equations: 1
LoadInputFile: Number of Solvers: 2
LoadInputFile: Number of Bodies: 5
Loading user function library: [HeatSolve]...[HeatSolver_Init0]
Loading user function library: [HeatSolve]...[HeatSolver_Init0]
Loading user function library: [SaveData]...[SaveScalars_Init0]
Loading user function library: [SaveData]...[SaveScalars_Init0]
LoadMesh: Loading serial mesh!
ElmerMeshReader: Performing step: 1
ElmerMeshReader: Base mesh name: ./mesh
ReadHeaderFile: Reading header info from file: ./mesh/mesh.header
InitializeMesh: Number of nodes in mesh: 59550
InitializeMesh: Number of bulk elements in mesh: 305309
InitializeMesh: Number of boundary elements in mesh: 2133
InitializeMesh: Initial number of max element nodes: 4
ElmerMeshReader: Performing step: 2
ReadNodesFile: Reading nodes from file: ./mesh/mesh.nodes
SetMeshDimension: Dimension of mesh is: 3
SetMeshDimension: Max dimension of mesh is: 3
ElmerMeshReader: Performing step: 3
ReadElementsFile: Reading bulk elements from file: ./mesh/mesh.elements
ElmerMeshReader: Performing step: 4
ReadBoundaryFile: Reading boundary elements from file: ./mesh/mesh.boundary
PermuteNodeNumbering: Performing node mapping
MapBodiesAndBCs: Remapping bodies
MapBodiesAndBCs: Minimum initial body index: 1
MapBodiesAndBCs: Maximum initial body index: 5
MapBodiesAndBCs: Remapping boundaries
MapBodiesAndBCs: Minimum initial boundary index: 13
MapBodiesAndBCs: Maximum initial boundary index: 15
ElmerMeshReader: Performing step: 5
ElmerMeshReader: Performing step: 6
LoadMesh: Loading mesh done
LoadMesh: Preparing mesh done
LoadMesh: Elapsed REAL time:     0.1748 (s)
MeshStabParams: Computing stabilization parameters
MeshStabParams: Elapsed REAL time:     0.0285 (s)
LoadModel: Defined radition solver by Equation name "heat equation"
MAIN: -------------------------------------
AddMeshCoordinates: Setting mesh coordinates and time
AddSolvers: Setting up 2 solvers
AddSolvers: Setting up solver 1: heat equation
AddEquationBasics: Setting up keywords internally for legacy solver: heat equation
AddEquationBasics: Using procedure: HeatSolve HeatSolver
AddEquationBasics: Setting up solver: heat equation
Loading user function library: [HeatSolve]...[HeatSolver_Init]
Loading user function library: [HeatSolve]...[HeatSolver_bulk]
Loading user function library: [HeatSolve]...[HeatSolver_bulk]
Loading user function library: [HeatSolve]...[HeatSolver]
AddEquationBasics: Creating standard variable: temperature
OptimizeBandwidth: ---------------------------------------------------------
OptimizeBandwidth: Computing matrix structure for: heat equation
OptimizeBandwidth: Initial bandwidth for heat equation: 59246
OptimizeBandwidth: Optimized bandwidth for heat equation: 2870
OptimizeBandwidth: ---------------------------------------------------------
AddSolvers: Setting up solver 2: savescalars
AddEquationBasics: Using procedure: SaveData SaveScalars
AddEquationBasics: Setting up solver: savescalars
Loading user function library: [SaveData]...[SaveScalars_Init]
Loading user function library: [SaveData]...[SaveScalars_bulk]
Loading user function library: [SaveData]...[SaveScalars_bulk]
Loading user function library: [SaveData]...[SaveScalars]
AddTimeEtc: Setting time and other global variables
MAIN: Random seed initialized to: 314159265
SetInitialConditions: Setting up initial conditions (if any)
MAIN: Number of timesteps to be saved: 8
MAIN: 
MAIN: -------------------------------------
MAIN:  Steady state iteration:            1
MAIN: -------------------------------------
MAIN: 
SingleSolver: Attempting to call solver: 1
SingleSolver: Solver Equation string is: heat equation
HeatSolver: -------------------------------------------
HeatSolver: Solving the energy equation for temperature
DefaultStart: Starting solver: heat equation
HeatSolve: 
HeatSolve: 
HeatSolve: -------------------------------------
HeatSolve:  TEMPERATURE ITERATION           1
HeatSolve: -------------------------------------
HeatSolve: 
HeatSolve: Starting Assembly...
HeatSolve: Assembly:
: .Saving bulk values for: heat equation
HeatSolve: Assembly done
DefUtils::DefaultDirichletBCs: Setting Dirichlet boundary conditions
EnforceDirichletConditions: Enforcing total of 264 Dirichlet conditions.
EnforceDirichletConditions: Applying Dirichlet conditions using scaled diagonal
ScaleLinearSystem: Creating > DiagScaling < vector of size 59550
EnforceDirichletConditions: Dirichlet conditions enforced for dofs: 264
DefaultSolve: Solving linear system with default routines
SolveSystem: Solving linear system
SolveLinearSystem: Assuming real valued linear system
SolveLinearSystem: Assuming serial linear system
ScaleLinearSystem: Creating > DiagScaling < vector of size 59550
SolveLinearSystem: Linear System Preconditioning: ilu1
Prec0-ilu1: Elapsed REAL time:     0.0000 (s)
SolveLinearSystem: Serial linear System Solver: iterative
IterSolver: Using iterative method: bicgstabl
CRS_IncompleteLU: ILU(1) (Real), Performing Factorization:
CRS_IncompleteLU: Allocated LU matrix of size: 1596910
CRS_IncompleteLU: ILU(1) (Real), NOF nonzeros:   1596911
CRS_IncompleteLU: ILU(1) (Real), filling (%) :       192
CRS_IncompleteLU: ILU(1) (Real), Factorization time (s):     0.22
Prec-ilu1: Elapsed REAL time:     0.2294 (s)
       1 0.6634E-01 0.6634E-01
       2 0.2813E-01 0.2813E-01
       3 0.1921E-01 0.1921E-01
       4 0.1898E-01 0.1898E-01
       5 0.3228E-01 0.3228E-01
       6 0.1915E-01 0.1915E-01
       7 0.9897E-02 0.9897E-02
       8 0.1492E-01 0.1492E-01
       9 0.6797E-02 0.6797E-02
      10 0.1751E-01 0.1751E-01
      11 0.5491E-02 0.5491E-02
      12 0.6505E-02 0.6505E-02
      13 0.5712E-02 0.5712E-02
      14 0.5769E-02 0.5769E-02
      15 0.6319E-02 0.6319E-02
      16 0.1030E-01 0.1030E-01
      17 0.6356E-02 0.6356E-02
      18 0.5597E-02 0.5597E-02
      19 0.1346E-01 0.1346E-01
      20 0.1518E-01 0.1518E-01
      21 0.1106E-01 0.1106E-01
      22 0.3245E-01 0.3245E-01
      23 0.1519E-01 0.1519E-01
      24 0.1468E-01 0.1468E-01
      25 0.1568E-01 0.1568E-01
      26 0.1857E-01 0.1857E-01
      27 0.2535E-01 0.2535E-01
      28 0.2970E-01 0.2970E-01
      29 0.2168E-01 0.2168E-01
      30 0.3115E-01 0.3115E-01
      31 0.2888E-01 0.2888E-01
      32 0.4623E-01 0.4623E-01
      33 0.1493E-01 0.1493E-01
      34 0.1496E-01 0.1496E-01
      35 0.1839E-01 0.1839E-01
      36 0.1587E-01 0.1587E-01
      37 0.9910E-02 0.9910E-02
      38 0.1158E-01 0.1158E-01
      39 0.1682E-01 0.1682E-01
      40 0.2356E-01 0.2356E-01
      41 0.3220E-01 0.3220E-01
      42 0.1043E-01 0.1043E-01
      43 0.1126E-01 0.1126E-01
      44 0.1055E-01 0.1055E-01
      45 0.1700E-01 0.1700E-01
      46 0.7483E-01 0.7483E-01
      47 0.5622E-01 0.5622E-01
      48 0.4413E-01 0.4413E-01
      49 0.2336E-01 0.2336E-01
      50 0.2406E-01 0.2406E-01
      51 0.6664E-01 0.6664E-01
      52 0.3020E-01 0.3020E-01
      53 0.2058E-01 0.2058E-01
      54 0.1296E-01 0.1296E-01
      55 0.3806E+00 0.3806E+00
      56 0.1235E-01 0.1235E-01
      57 0.1514E-01 0.1514E-01
      58 0.1246E-01 0.1246E-01
      59 0.1515E-01 0.1515E-01
      60 0.1322E-01 0.1322E-01
      61 0.1249E-01 0.1249E-01
      62 0.1101E-01 0.1101E-01
      63 0.1206E-01 0.1206E-01
      64 0.5673E-01 0.5673E-01
      65 0.1469E-01 0.1469E-01
      66 0.1195E-01 0.1195E-01
      67 0.1155E-01 0.1155E-01
      68 0.1180E-01 0.1180E-01
      69 0.1191E-01 0.1191E-01
      70 0.1276E-01 0.1276E-01
      71 0.3546E-01 0.3546E-01
      72 0.1210E-01 0.1210E-01
      73 0.9297E+00 0.9297E+00
      74 0.5716E-01 0.5716E-01
      75 0.5712E-01 0.5712E-01
      76 0.1646E-01 0.1646E-01
      77 0.2814E-01 0.2814E-01
      78 0.1448E+00 0.1448E+00
      79 0.6337E-01 0.6337E-01
      80 0.5990E-01 0.5990E-01
      81 0.6758E-01 0.6758E-01
      82 0.7341E+00 0.7341E+00
      83 0.8669E-01 0.8669E-01
      84 0.2528E+00 0.2528E+00
      85 0.4017E-01 0.4017E-01
      86 0.1339E+00 0.1339E+00
      87 0.1157E-01 0.1157E-01
      88 0.9944E-02 0.9944E-02
      89 0.1011E-01 0.1011E-01
      90 0.1409E-01 0.1409E-01
      91 0.1133E-01 0.1133E-01
      92 0.9698E-02 0.9698E-02
      93 0.9579E-02 0.9579E-02
      94 0.8700E-02 0.8700E-02
      95 0.8660E-02 0.8660E-02
      96 0.8516E-02 0.8516E-02
      97 0.8405E-02 0.8405E-02
      98 0.8460E-02 0.8460E-02
      99 0.7189E-02 0.7189E-02
     100 0.9895E-02 0.9895E-02
     101 0.8735E-02 0.8735E-02
     102 0.7386E-02 0.7386E-02
     103 0.7629E-02 0.7629E-02
     104 0.7072E-02 0.7072E-02
     105 0.7485E-02 0.7485E-02
     106 0.7345E-02 0.7345E-02
     107 0.7406E-02 0.7406E-02
     108 0.7510E-02 0.7510E-02
     109 0.6984E-02 0.6984E-02
     110 0.7221E-02 0.7221E-02
     111 0.7289E-02 0.7289E-02
     112 0.6501E-02 0.6501E-02
     113 0.7178E-02 0.7178E-02
     114 0.1283E-01 0.1283E-01
     115 0.6938E-02 0.6938E-02
     116 0.7240E-02 0.7240E-02
     117 0.7192E-02 0.7192E-02
     118 0.7110E-02 0.7110E-02
     119 0.6895E-02 0.6895E-02
     120 0.7294E-02 0.7294E-02
     121 0.8837E-02 0.8837E-02
     122 0.6887E-02 0.6887E-02
     123 0.7560E-02 0.7560E-02
     124 0.7860E-02 0.7860E-02
     125 0.7718E-02 0.7718E-02
     126 0.8022E-02 0.8022E-02
     127 0.8322E-02 0.8322E-02
     128 0.7742E-02 0.7742E-02
     129 0.8456E-02 0.8456E-02
     130 0.7250E-02 0.7250E-02
     131 0.1049E-01 0.1049E-01
     132 0.7866E-02 0.7866E-02
     133 0.7273E-02 0.7273E-02
     134 0.7125E-02 0.7125E-02
     135 0.7065E-02 0.7065E-02
     136 0.7183E-02 0.7183E-02
     137 0.7105E-02 0.7105E-02
     138 0.6837E-02 0.6837E-02
     139 0.7038E-02 0.7038E-02
     140 0.7087E-02 0.7087E-02
     141 0.7083E-02 0.7083E-02
     142 0.6744E-02 0.6744E-02
     143 0.7238E-02 0.7238E-02
     144 0.6580E-02 0.6580E-02
     145 0.6537E-02 0.6537E-02
     146 0.7288E-02 0.7288E-02
     147 0.7383E-02 0.7383E-02
     148 0.7227E-02 0.7227E-02
     149 0.8865E-02 0.8865E-02
     150 0.7996E-02 0.7996E-02
     151 0.8302E-02 0.8302E-02
     152 0.8052E-02 0.8052E-02
     153 0.9630E-02 0.9630E-02
     154 0.6330E-02 0.6330E-02
     155 0.6329E-02 0.6329E-02
     156 0.6517E-02 0.6517E-02
     157 0.7516E-02 0.7516E-02
     158 0.6520E+00 0.6520E+00
     159 0.1058E-01 0.1058E-01
     160 0.1270E-01 0.1270E-01
     161 0.1171E-01 0.1171E-01
     162 0.7205E-02 0.7205E-02
     163 0.9613E-02 0.9613E-02
     164 0.6153E-02 0.6153E-02
     165 0.6384E-02 0.6384E-02
     166 0.6638E-02 0.6638E-02
     167 0.5244E-02 0.5244E-02
     168 0.5599E-02 0.5599E-02
     169 0.5787E-02 0.5787E-02
     170 0.5610E-02 0.5610E-02
     171 0.5475E-02 0.5475E-02
     172 0.5276E-02 0.5276E-02
     173 0.5393E-02 0.5393E-02
     174 0.7506E-02 0.7506E-02
     175 0.5492E-02 0.5492E-02
     176 0.5530E-02 0.5530E-02
     177 0.5279E-02 0.5279E-02
     178 0.5248E-02 0.5248E-02
     179 0.6577E-02 0.6577E-02
     180 0.5217E-02 0.5217E-02
     181 0.5355E-02 0.5355E-02
     182 0.5245E-02 0.5245E-02
     183 0.5331E-02 0.5331E-02
     184 0.5176E-02 0.5176E-02
     185 0.4900E-02 0.4900E-02
     186 0.5412E-02 0.5412E-02
     187 0.5135E-02 0.5135E-02
     188 0.5205E-02 0.5205E-02
     189 0.5018E-02 0.5018E-02
     190 0.5243E-02 0.5243E-02
     191 0.5295E-02 0.5295E-02
     192 0.5389E-02 0.5389E-02
     193 0.5069E-02 0.5069E-02
     194 0.5126E-02 0.5126E-02
     195 0.4880E-02 0.4880E-02
     196 0.5303E-02 0.5303E-02
     197 0.4828E-02 0.4828E-02
     198 0.5179E-02 0.5179E-02
     199 0.6348E-02 0.6348E-02
     200 0.1832E-01 0.1832E-01
     201 0.5018E-02 0.5018E-02
     202 0.5168E-02 0.5168E-02
     203 0.5091E-02 0.5091E-02
     204 0.5243E-02 0.5243E-02
     205 0.5323E-02 0.5323E-02
     206 0.5820E-02 0.5820E-02
     207 0.5838E-02 0.5838E-02
     208 0.8283E-02 0.8283E-02
     209 0.5185E-02 0.5185E-02
     210 0.5441E-02 0.5441E-02
     211 0.5653E-02 0.5653E-02
     212 0.5358E-02 0.5358E-02
     213 0.7303E-02 0.7303E-02
     214 0.7346E-02 0.7346E-02
     215 0.5512E-02 0.5512E-02
     216 0.5216E-02 0.5216E-02
     217 0.6207E-02 0.6207E-02
     218 0.6611E-02 0.6611E-02
     219 0.6994E-02 0.6994E-02
     220 0.7020E-02 0.7020E-02
     221 0.6707E-02 0.6707E-02
     222 0.9886E-01 0.9886E-01
     223 0.6051E-02 0.6051E-02
     224 0.5629E-02 0.5629E-02
     225 0.5814E-02 0.5814E-02
     226 0.5908E-02 0.5908E-02
     227 0.6130E-02 0.6130E-02
     228 0.4948E-02 0.4948E-02
     229 0.5604E-02 0.5604E-02
     230 0.4805E-02 0.4805E-02
     231 0.5019E-02 0.5019E-02
     232 0.5067E-02 0.5067E-02
     233 0.5480E-02 0.5480E-02
     234 0.6351E-02 0.6351E-02
     235 0.5922E-02 0.5922E-02
     236 0.2011E-01 0.2011E-01
     237 0.5076E-02 0.5076E-02
     238 0.5190E-02 0.5190E-02
     239 0.5274E-02 0.5274E-02
     240 0.2071E-01 0.2071E-01
     241 0.3261E-02 0.3261E-02
     242 0.3005E-02 0.3005E-02
     243 0.1279E-01 0.1279E-01
     244 0.3226E-02 0.3226E-02
     245 0.3252E-02 0.3252E-02
     246 0.2953E-02 0.2953E-02
     247 0.2869E-02 0.2869E-02
     248 0.2478E-02 0.2478E-02
     249 0.2882E-02 0.2882E-02
     250 0.2986E-02 0.2986E-02
     251 0.2666E-02 0.2666E-02
     252 0.2929E-02 0.2929E-02
     253 0.2841E-02 0.2841E-02
     254 0.1248E-01 0.1248E-01
     255 0.1943E-01 0.1943E-01
     256 0.5029E-02 0.5029E-02
     257 0.5947E-02 0.5947E-02
     258 0.4768E-02 0.4768E-02
     259 0.4121E-02 0.4121E-02
     260 0.3961E-02 0.3961E-02
     261 0.4087E-02 0.4087E-02
     262 0.4082E-02 0.4082E-02
     263 0.3879E-02 0.3879E-02
     264 0.3883E-02 0.3883E-02
     265 0.3885E-02 0.3885E-02
     266 0.3982E-02 0.3982E-02
     267 0.4482E-02 0.4482E-02
     268 0.3997E-02 0.3997E-02
     269 0.4228E-02 0.4228E-02
     270 0.3845E-02 0.3845E-02
     271 0.4563E-02 0.4563E-02
     272 0.3845E-02 0.3845E-02
     273 0.3668E-02 0.3668E-02
     274 0.4016E-02 0.4016E-02
     275 0.4076E-02 0.4076E-02
     276 0.4078E-02 0.4078E-02
     277 0.3864E-02 0.3864E-02
     278 0.3922E-02 0.3922E-02
     279 0.4226E-02 0.4226E-02
     280 0.4032E-02 0.4032E-02
     281 0.2153E-01 0.2153E-01
     282 0.4945E-01 0.4945E-01
     283 0.3964E-02 0.3964E-02
     284 0.2653E-02 0.2653E-02
     285 0.3072E-02 0.3072E-02
     286 0.2740E-02 0.2740E-02
     287 0.2821E-02 0.2821E-02
     288 0.2962E-02 0.2962E-02
     289 0.2774E-02 0.2774E-02
     290 0.2789E-02 0.2789E-02
     291 0.2761E-02 0.2761E-02
     292 0.2674E-02 0.2674E-02
     293 0.2637E-02 0.2637E-02
     294 0.2670E-02 0.2670E-02
     295 0.2633E-02 0.2633E-02
     296 0.2686E-02 0.2686E-02
     297 0.3448E-02 0.3448E-02
     298 0.2926E-02 0.2926E-02
     299 0.2597E-02 0.2597E-02
     300 0.2626E-02 0.2626E-02
     301 0.2367E-02 0.2367E-02
     302 0.2295E-02 0.2295E-02
     303 0.2512E-02 0.2512E-02
     304 0.2394E-02 0.2394E-02
     305 0.2453E-02 0.2453E-02
     306 0.2619E-02 0.2619E-02
     307 0.2437E-02 0.2437E-02
     308 0.2324E-02 0.2324E-02
     309 0.2332E-02 0.2332E-02
     310 0.2300E-02 0.2300E-02
     311 0.2377E-02 0.2377E-02
     312 0.2692E-02 0.2692E-02
     313 0.2548E-02 0.2548E-02
     314 0.2767E-02 0.2767E-02
     315 0.2722E-02 0.2722E-02
     316 0.2735E-02 0.2735E-02
     317 0.2904E-02 0.2904E-02
     318 0.2715E-02 0.2715E-02
     319 0.4726E-02 0.4726E-02
     320 0.3040E-02 0.3040E-02
     321 0.2733E-02 0.2733E-02
     322 0.4998E-02 0.4998E-02
     323 0.3136E-02 0.3136E-02
     324 0.3243E-02 0.3243E-02
     325 0.3166E-02 0.3166E-02
     326 0.3473E-02 0.3473E-02
     327 0.1322E-01 0.1322E-01
     328 0.1428E-01 0.1428E-01
     329 0.5241E-02 0.5241E-02
     330 0.3303E-02 0.3303E-02
     331 0.3257E-02 0.3257E-02
     332 0.3499E-02 0.3499E-02
     333 0.3392E-02 0.3392E-02
     334 0.3282E-02 0.3282E-02
     335 0.3427E-02 0.3427E-02
     336 0.7304E-02 0.7304E-02
     337 0.4154E-02 0.4154E-02
     338 0.3306E-02 0.3306E-02
     339 0.3385E-02 0.3385E-02
     340 0.3556E-02 0.3556E-02
     341 0.3635E-01 0.3635E-01
     342 0.4320E-02 0.4320E-02
     343 0.4118E-02 0.4118E-02
     344 0.4506E-02 0.4506E-02
     345 0.4486E-02 0.4486E-02
     346 0.4484E-02 0.4484E-02
     347 0.4500E-02 0.4500E-02
     348 0.5050E-02 0.5050E-02
     349 0.7425E-02 0.7425E-02
     350 0.8803E-02 0.8803E-02
     351 0.5293E-02 0.5293E-02
     352 0.5239E-02 0.5239E-02
     353 0.4535E-02 0.4535E-02
     354 0.4855E-02 0.4855E-02
     355 0.5375E-02 0.5375E-02
     356 0.6188E-02 0.6188E-02
     357 0.6361E-02 0.6361E-02
     358 0.5628E-02 0.5628E-02
     359 0.5647E-02 0.5647E-02
     360 0.5464E-02 0.5464E-02
     361 0.5497E-02 0.5497E-02
     362 0.1002E-01 0.1002E-01
     363 0.6357E-02 0.6357E-02
     364 0.1473E-01 0.1473E-01
     365 0.4256E-02 0.4256E-02
     366 0.3333E-02 0.3333E-02
     367 0.3213E-02 0.3213E-02
     368 0.3880E-02 0.3880E-02
     369 0.3168E-02 0.3168E-02
     370 0.3299E-02 0.3299E-02
     371 0.3137E-02 0.3137E-02
     372 0.2343E-02 0.2343E-02
     373 0.1895E-02 0.1895E-02
     374 0.1108E-01 0.1108E-01
     375 0.4168E-02 0.4168E-02
     376 0.6375E-01 0.6375E-01
     377 0.4884E-02 0.4884E-02
     378 0.7219E-02 0.7219E-02
     379 0.6636E-02 0.6636E-02
     380 0.5555E-02 0.5555E-02
     381 0.5820E-02 0.5820E-02
     382 0.3168E-02 0.3168E-02
     383 0.2999E-02 0.2999E-02
     384 0.2931E-02 0.2931E-02
     385 0.3123E-02 0.3123E-02
     386 0.2826E-02 0.2826E-02
     387 0.2958E-02 0.2958E-02
     388 0.3193E-02 0.3193E-02
     389 0.2627E-02 0.2627E-02
     390 0.3144E-02 0.3144E-02
     391 0.3236E-02 0.3236E-02
     392 0.3274E-02 0.3274E-02
     393 0.3240E-02 0.3240E-02
     394 0.2951E-02 0.2951E-02
     395 0.3164E-02 0.3164E-02
     396 0.3120E-02 0.3120E-02
     397 0.2791E-02 0.2791E-02
     398 0.5690E-02 0.5690E-02
     399 0.2990E-02 0.2990E-02
     400 0.2919E-02 0.2919E-02
     401 0.2678E-02 0.2678E-02
     402 0.9351E-02 0.9351E-02
     403 0.1973E-02 0.1973E-02
     404 0.2542E-02 0.2542E-02
     405 0.2464E-02 0.2464E-02
     406 0.2440E-02 0.2440E-02
     407 0.2331E-02 0.2331E-02
     408 0.2847E-02 0.2847E-02
     409 0.2303E-02 0.2303E-02
     410 0.2446E-02 0.2446E-02
     411 0.2531E-02 0.2531E-02
     412 0.2542E-02 0.2542E-02
     413 0.3611E-02 0.3611E-02
     414 0.2658E-02 0.2658E-02
     415 0.2547E-02 0.2547E-02
     416 0.2513E-02 0.2513E-02
     417 0.2558E-02 0.2558E-02
     418 0.2476E-02 0.2476E-02
     419 0.2463E-02 0.2463E-02
     420 0.2271E-02 0.2271E-02
     421 0.2370E-02 0.2370E-02
     422 0.2242E-02 0.2242E-02
     423 0.2260E-02 0.2260E-02
     424 0.2299E-02 0.2299E-02
     425 0.2376E-02 0.2376E-02
     426 0.2137E-02 0.2137E-02
     427 0.2236E-02 0.2236E-02
     428 0.2163E-02 0.2163E-02
     429 0.2176E-02 0.2176E-02
     430 0.2206E-02 0.2206E-02
     431 0.4381E-02 0.4381E-02
     432 0.2197E-02 0.2197E-02
     433 0.2140E-02 0.2140E-02
     434 0.2019E-02 0.2019E-02
     435 0.2286E-02 0.2286E-02
     436 0.2139E-02 0.2139E-02
     437 0.2529E-02 0.2529E-02
     438 0.1971E-02 0.1971E-02
     439 0.2157E-02 0.2157E-02
     440 0.2099E-02 0.2099E-02
     441 0.2085E-02 0.2085E-02
     442 0.1792E-02 0.1792E-02
     443 0.1831E-02 0.1831E-02
     444 0.2975E-02 0.2975E-02
     445 0.2025E-02 0.2025E-02
     446 0.1882E-02 0.1882E-02
     447 0.1792E-02 0.1792E-02
     448 0.1962E-02 0.1962E-02
     449 0.1797E-02 0.1797E-02
     450 0.1948E-02 0.1948E-02
     451 0.1850E-02 0.1850E-02
     452 0.2081E-02 0.2081E-02
     453 0.2071E-02 0.2071E-02
     454 0.2357E-02 0.2357E-02
     455 0.2237E-02 0.2237E-02
     456 0.2150E-02 0.2150E-02
     457 0.2145E-02 0.2145E-02
     458 0.2097E-02 0.2097E-02
     459 0.1996E-02 0.1996E-02
     460 0.5746E-02 0.5746E-02
     461 0.1910E-02 0.1910E-02
     462 0.1859E-02 0.1859E-02
     463 0.1699E-02 0.1699E-02
     464 0.1702E-02 0.1702E-02
     465 0.1545E-02 0.1545E-02
     466 0.1700E-02 0.1700E-02
     467 0.1742E-02 0.1742E-02
     468 0.1811E-02 0.1811E-02
     469 0.1855E-02 0.1855E-02
     470 0.1851E-02 0.1851E-02
     471 0.1773E-02 0.1773E-02
     472 0.1844E-02 0.1844E-02
     473 0.1794E-02 0.1794E-02
     474 0.1791E-02 0.1791E-02
     475 0.2171E-02 0.2171E-02
     476 0.1961E-02 0.1961E-02
     477 0.1746E-02 0.1746E-02
     478 0.1773E-02 0.1773E-02
     479 0.1598E-02 0.1598E-02
     480 0.1792E-02 0.1792E-02
     481 0.1949E-02 0.1949E-02
     482 0.1752E-02 0.1752E-02
     483 0.1819E-02 0.1819E-02
     484 0.1709E-02 0.1709E-02
     485 0.1514E-02 0.1514E-02
     486 0.1648E-02 0.1648E-02
     487 0.1655E-02 0.1655E-02
     488 0.1541E-02 0.1541E-02
     489 0.1651E-02 0.1651E-02
     490 0.1764E-02 0.1764E-02
     491 0.1741E-02 0.1741E-02
     492 0.1752E-02 0.1752E-02
     493 0.1677E-02 0.1677E-02
     494 0.6246E-02 0.6246E-02
     495 0.1718E-02 0.1718E-02
     496 0.1748E-02 0.1748E-02
     497 0.1703E-02 0.1703E-02
     498 0.1696E-02 0.1696E-02
     499 0.1796E-02 0.1796E-02
     500 0.1751E-02 0.1751E-02
     501 0.1705E-02 0.1705E-02
     502 0.1546E-02 0.1546E-02
     503 0.1695E-02 0.1695E-02
     504 0.1705E-02 0.1705E-02
     505 0.1736E-02 0.1736E-02
     506 0.1717E-02 0.1717E-02
     507 0.2432E-02 0.2432E-02
     508 0.1575E-02 0.1575E-02
     509 0.1522E-02 0.1522E-02
     510 0.1640E-02 0.1640E-02
     511 0.1596E-02 0.1596E-02
     512 0.1598E-02 0.1598E-02
     513 0.1464E-02 0.1464E-02
     514 0.1599E-02 0.1599E-02
     515 0.1642E-02 0.1642E-02
     516 0.1368E-02 0.1368E-02
     517 0.1479E-02 0.1479E-02
     518 0.1592E-02 0.1592E-02
     519 0.1631E-02 0.1631E-02
     520 0.2461E-02 0.2461E-02
     521 0.2774E-02 0.2774E-02
     522 0.1903E-02 0.1903E-02
     523 0.1629E-02 0.1629E-02
     524 0.1570E-02 0.1570E-02
     525 0.1082E-01 0.1082E-01
     526 0.6674E-02 0.6674E-02
     527 0.1971E-02 0.1971E-02
     528 0.1501E-01 0.1501E-01
     529 0.5096E-02 0.5096E-02
     530 0.3644E-02 0.3644E-02
     531 0.2420E-02 0.2420E-02
     532 0.1743E-02 0.1743E-02
     533 0.1620E-02 0.1620E-02
     534 0.1533E-02 0.1533E-02
     535 0.1694E-02 0.1694E-02
     536 0.1486E-02 0.1486E-02
     537 0.1455E-02 0.1455E-02
     538 0.1441E-02 0.1441E-02
     539 0.1370E-02 0.1370E-02
     540 0.1427E-02 0.1427E-02
     541 0.1315E-02 0.1315E-02
     542 0.1357E-02 0.1357E-02
     543 0.1582E-02 0.1582E-02
     544 0.1520E-02 0.1520E-02
     545 0.2780E-02 0.2780E-02
     546 0.2465E-02 0.2465E-02
     547 0.2910E-02 0.2910E-02
     548 0.2053E-02 0.2053E-02
     549 0.1602E-02 0.1602E-02
     550 0.1808E-02 0.1808E-02
     551 0.1868E-02 0.1868E-02
     552 0.1818E-02 0.1818E-02
     553 0.2433E-02 0.2433E-02
     554 0.1959E-02 0.1959E-02
     555 0.1938E-02 0.1938E-02
     556 0.1910E-02 0.1910E-02
     557 0.1767E-02 0.1767E-02
     558 0.1916E-02 0.1916E-02
     559 0.2230E-02 0.2230E-02
     560 0.1947E-02 0.1947E-02
     561 0.1914E-02 0.1914E-02
     562 0.1969E-02 0.1969E-02
     563 0.1993E-02 0.1993E-02
     564 0.1942E-02 0.1942E-02
     565 0.2860E-02 0.2860E-02
     566 0.2058E-02 0.2058E-02
     567 0.2100E-02 0.2100E-02
     568 0.2048E-02 0.2048E-02
     569 0.7981E-02 0.7981E-02
     570 0.1993E-02 0.1993E-02
     571 0.2026E-02 0.2026E-02
     572 0.1991E-02 0.1991E-02
     573 0.2011E-02 0.2011E-02
     574 0.2091E-02 0.2091E-02
     575 0.2200E-02 0.2200E-02
     576 0.1762E-02 0.1762E-02
     577 0.1876E-02 0.1876E-02
     578 0.2026E-02 0.2026E-02
     579 0.7356E-02 0.7356E-02
     580 0.1841E-02 0.1841E-02
     581 0.1842E-02 0.1842E-02
     582 0.1804E-02 0.1804E-02
     583 0.1800E-02 0.1800E-02
     584 0.2170E-02 0.2170E-02
     585 0.1868E-02 0.1868E-02
     586 0.1837E-02 0.1837E-02
     587 0.2330E-02 0.2330E-02
     588 0.1814E-02 0.1814E-02
     589 0.2930E-02 0.2930E-02
     590 0.1746E-02 0.1746E-02
     591 0.1618E-02 0.1618E-02
     592 0.1591E-02 0.1591E-02
     593 0.1679E-02 0.1679E-02
     594 0.1707E-02 0.1707E-02
     595 0.1767E-02 0.1767E-02
     596 0.2362E-02 0.2362E-02
     597 0.2678E-02 0.2678E-02
     598 0.3134E-02 0.3134E-02
     599 0.1773E-02 0.1773E-02
     600 0.1812E-02 0.1812E-02
     601 0.1697E-02 0.1697E-02
     602 0.1772E-02 0.1772E-02
     603 0.1513E-02 0.1513E-02
     604 0.1797E-02 0.1797E-02
     605 0.1785E-02 0.1785E-02
     606 0.1848E-02 0.1848E-02
     607 0.1697E-02 0.1697E-02
     608 0.1719E-02 0.1719E-02
     609 0.1474E-02 0.1474E-02
     610 0.1687E-02 0.1687E-02
     611 0.1751E-02 0.1751E-02
     612 0.7082E-02 0.7082E-02
     613 0.1764E-02 0.1764E-02
     614 0.1808E-02 0.1808E-02
     615 0.1848E-02 0.1848E-02
     616 0.2140E-02 0.2140E-02
     617 0.2301E-02 0.2301E-02
     618 0.1779E-02 0.1779E-02
     619 0.1500E-02 0.1500E-02
     620 0.1761E-02 0.1761E-02
     621 0.1807E-02 0.1807E-02
     622 0.1768E-02 0.1768E-02
     623 0.1829E-02 0.1829E-02
     624 0.1590E-02 0.1590E-02
     625 0.1846E-02 0.1846E-02
     626 0.1818E-02 0.1818E-02
     627 0.3531E-02 0.3531E-02
     628 0.1808E-02 0.1808E-02
     629 0.1632E-02 0.1632E-02
     630 0.1745E-02 0.1745E-02
     631 0.2529E-02 0.2529E-02
     632 0.3346E-02 0.3346E-02
     633 0.1934E-02 0.1934E-02
     634 0.1930E-02 0.1930E-02
     635 0.1983E-02 0.1983E-02
     636 0.2024E-02 0.2024E-02
     637 0.1841E-02 0.1841E-02
     638 0.3840E-02 0.3840E-02
     639 0.2073E-02 0.2073E-02
     640 0.1738E-02 0.1738E-02
     641 0.1781E-02 0.1781E-02
     642 0.1796E-02 0.1796E-02
     643 0.1784E-02 0.1784E-02
     644 0.1582E-02 0.1582E-02
     645 0.1609E-02 0.1609E-02
     646 0.1488E-02 0.1488E-02
     647 0.8554E-02 0.8554E-02
     648 0.1649E-02 0.1649E-02
     649 0.1778E-02 0.1778E-02
     650 0.2427E-02 0.2427E-02
     651 0.2267E-02 0.2267E-02
     652 0.1674E-02 0.1674E-02
     653 0.1701E-02 0.1701E-02
     654 0.1525E-02 0.1525E-02
     655 0.2163E-02 0.2163E-02
     656 0.1613E-02 0.1613E-02
     657 0.1403E-02 0.1403E-02
     658 0.3375E-02 0.3375E-02
     659 0.2995E-02 0.2995E-02
     660 0.1815E-02 0.1815E-02
     661 0.1523E-02 0.1523E-02
     662 0.2548E-02 0.2548E-02
     663 0.2241E-02 0.2241E-02
     664 0.2255E-02 0.2255E-02
     665 0.2280E-02 0.2280E-02
     666 0.2170E-02 0.2170E-02
     667 0.2451E-02 0.2451E-02
     668 0.2404E-02 0.2404E-02
     669 0.8440E-02 0.8440E-02
     670 0.1615E-02 0.1615E-02
     671 0.1888E-02 0.1888E-02
     672 0.3961E-02 0.3961E-02
     673 0.3444E-02 0.3444E-02
     674 0.3285E-02 0.3285E-02
     675 0.3731E-02 0.3731E-02
     676 0.3687E-02 0.3687E-02
     677 0.3594E-02 0.3594E-02
     678 0.4348E-02 0.4348E-02
     679 0.5266E-02 0.5266E-02
     680 0.4899E-02 0.4899E-02
     681 0.4466E-02 0.4466E-02
     682 0.4586E-02 0.4586E-02
     683 0.4936E-02 0.4936E-02
     684 0.4398E-02 0.4398E-02
     685 0.4783E-02 0.4783E-02
     686 0.4736E-02 0.4736E-02
     687 0.4708E-02 0.4708E-02
     688 0.4725E-02 0.4725E-02
     689 0.4110E-02 0.4110E-02
     690 0.4597E-02 0.4597E-02
     691 0.4178E-02 0.4178E-02
     692 0.4021E-02 0.4021E-02
     693 0.3982E-02 0.3982E-02
     694 0.4110E-02 0.4110E-02
     695 0.3892E-02 0.3892E-02
     696 0.3827E-02 0.3827E-02
     697 0.3540E-02 0.3540E-02
     698 0.2991E-02 0.2991E-02
     699 0.3378E-02 0.3378E-02
     700 0.3913E-02 0.3913E-02
     701 0.3245E-02 0.3245E-02
     702 0.2967E-02 0.2967E-02
     703 0.3041E-02 0.3041E-02
     704 0.2835E-02 0.2835E-02
     705 0.3013E-02 0.3013E-02
     706 0.3017E-02 0.3017E-02
     707 0.2657E-02 0.2657E-02
     708 0.1338E-01 0.1338E-01
     709 0.3002E-02 0.3002E-02
     710 0.1239E-01 0.1239E-01
     711 0.2917E-02 0.2917E-02
     712 0.2772E-02 0.2772E-02
     713 0.2825E-02 0.2825E-02
     714 0.2742E-02 0.2742E-02
     715 0.2733E-02 0.2733E-02
     716 0.2742E-02 0.2742E-02
     717 0.2833E-02 0.2833E-02
     718 0.2285E-02 0.2285E-02
     719 0.2680E-02 0.2680E-02
     720 0.2830E-02 0.2830E-02
     721 0.2936E-02 0.2936E-02
     722 0.8921E-02 0.8921E-02
     723 0.3147E-02 0.3147E-02
     724 0.2468E-02 0.2468E-02
     725 0.4054E-02 0.4054E-02
     726 0.2554E-02 0.2554E-02
     727 0.2328E-02 0.2328E-02
     728 0.2565E-02 0.2565E-02
     729 0.2833E-02 0.2833E-02
     730 0.2374E-02 0.2374E-02
     731 0.2525E-02 0.2525E-02
     732 0.2579E-02 0.2579E-02
     733 0.2911E-02 0.2911E-02
     734 0.2619E-02 0.2619E-02
     735 0.2624E-02 0.2624E-02
     736 0.2522E-02 0.2522E-02
     737 0.2393E-02 0.2393E-02
     738 0.2375E-02 0.2375E-02
     739 0.2387E-02 0.2387E-02
     740 0.2274E-02 0.2274E-02
     741 0.2330E-02 0.2330E-02
     742 0.2360E-02 0.2360E-02
     743 0.3089E-02 0.3089E-02
     744 0.2302E-02 0.2302E-02
     745 0.2340E-02 0.2340E-02
     746 0.2709E-02 0.2709E-02
     747 0.2348E-02 0.2348E-02
     748 0.2341E-02 0.2341E-02
     749 0.2673E-02 0.2673E-02
     750 0.2489E-02 0.2489E-02
     751 0.2122E-02 0.2122E-02
     752 0.3611E-02 0.3611E-02
     753 0.2322E-02 0.2322E-02
     754 0.2136E-02 0.2136E-02
     755 0.2056E-02 0.2056E-02
     756 0.2090E-02 0.2090E-02
     757 0.2122E-02 0.2122E-02
     758 0.1958E-02 0.1958E-02
     759 0.2031E-02 0.2031E-02
     760 0.2018E-02 0.2018E-02
     761 0.1982E-02 0.1982E-02
     762 0.2000E-02 0.2000E-02
     763 0.3012E-02 0.3012E-02
     764 0.2057E-02 0.2057E-02
     765 0.2040E-02 0.2040E-02
     766 0.2267E-02 0.2267E-02
     767 0.2265E-02 0.2265E-02
     768 0.6011E-02 0.6011E-02
     769 0.6433E-01 0.6433E-01
     770 0.1252E-01 0.1252E-01
     771 0.3510E-02 0.3510E-02
     772 0.3971E-02 0.3971E-02
     773 0.3232E+00 0.3232E+00
     774 0.3249E-02 0.3249E-02
     775 0.3996E-02 0.3996E-02
     776 0.3124E-02 0.3124E-02
     777 0.2205E-02 0.2205E-02
     778 0.2594E-02 0.2594E-02
     779 0.4744E-02 0.4744E-02
     780 0.5193E-02 0.5193E-02
     781 0.4292E-02 0.4292E-02
     782 0.1932E-02 0.1932E-02
     783 0.1875E-02 0.1875E-02
     784 0.1946E-02 0.1946E-02
     785 0.5127E-02 0.5127E-02
     786 0.2474E-02 0.2474E-02
     787 0.1958E-02 0.1958E-02
     788 0.2098E-02 0.2098E-02
     789 0.1790E-02 0.1790E-02
     790 0.1998E-02 0.1998E-02
     791 0.1509E-02 0.1509E-02
     792 0.1939E-02 0.1939E-02
     793 0.1765E-02 0.1765E-02
     794 0.1733E-02 0.1733E-02
     795 0.1759E-02 0.1759E-02
     796 0.3787E-02 0.3787E-02
     797 0.1636E-02 0.1636E-02
     798 0.1701E-02 0.1701E-02
     799 0.1773E-02 0.1773E-02
     800 0.1748E-02 0.1748E-02
     801 0.1724E-02 0.1724E-02
     802 0.1770E-02 0.1770E-02
     803 0.1646E-02 0.1646E-02
     804 0.1450E-02 0.1450E-02
     805 0.1656E-02 0.1656E-02
     806 0.1756E-02 0.1756E-02
     807 0.1773E-02 0.1773E-02
     808 0.7348E-01 0.7348E-01
     809 0.1805E-02 0.1805E-02
     810 0.1685E-02 0.1685E-02
     811 0.2056E-02 0.2056E-02
     812 0.2103E-02 0.2103E-02
     813 0.2911E-02 0.2911E-02
     814 0.6714E-02 0.6714E-02
     815 0.2000E-02 0.2000E-02
     816 0.4416E-02 0.4416E-02
     817 0.2021E-02 0.2021E-02
     818 0.1847E-02 0.1847E-02
     819 0.1801E-02 0.1801E-02
     820 0.1754E-02 0.1754E-02
     821 0.2369E-02 0.2369E-02
     822 0.3165E-02 0.3165E-02
     823 0.1895E-02 0.1895E-02
     824 0.1911E-02 0.1911E-02
     825 0.1979E-02 0.1979E-02
     826 0.1832E-02 0.1832E-02
     827 0.1937E-02 0.1937E-02
     828 0.1786E-02 0.1786E-02
     829 0.1883E-02 0.1883E-02
     830 0.1918E-02 0.1918E-02
     831 0.1795E-02 0.1795E-02
     832 0.1675E-02 0.1675E-02
     833 0.1693E-02 0.1693E-02
     834 0.4147E+00 0.4147E+00
     835 0.1684E-02 0.1684E-02
     836 0.1698E-02 0.1698E-02
     837 0.1777E-02 0.1777E-02
     838 0.2385E-02 0.2385E-02
     839 0.2064E-02 0.2064E-02
     840 0.2160E-02 0.2160E-02
     841 0.2177E-02 0.2177E-02
     842 0.1951E-02 0.1951E-02
     843 0.2216E-02 0.2216E-02
     844 0.2461E-02 0.2461E-02
     845 0.2410E-02 0.2410E-02
     846 0.1753E-02 0.1753E-02
     847 0.1659E-02 0.1659E-02
     848 0.1618E-02 0.1618E-02
     849 0.3138E-02 0.3138E-02
     850 0.1850E-02 0.1850E-02
     851 0.2516E-02 0.2516E-02
     852 0.1907E-02 0.1907E-02
     853 0.1938E-02 0.1938E-02
     854 0.1756E-02 0.1756E-02
     855 0.6523E-02 0.6523E-02
     856 0.1978E-02 0.1978E-02
     857 0.5407E-02 0.5407E-02
     858 0.2281E-02 0.2281E-02
     859 0.1883E-02 0.1883E-02
     860 0.2075E-02 0.2075E-02
     861 0.1666E-02 0.1666E-02
     862 0.1700E-02 0.1700E-02
     863 0.1802E-02 0.1802E-02
     864 0.1562E-02 0.1562E-02
     865 0.1686E-02 0.1686E-02
     866 0.1808E-02 0.1808E-02
     867 0.1814E-02 0.1814E-02
     868 0.1805E-02 0.1805E-02
     869 0.1930E-02 0.1930E-02
     870 0.1781E-02 0.1781E-02
     871 0.1826E-02 0.1826E-02
     872 0.1709E-02 0.1709E-02
     873 0.1720E-02 0.1720E-02
     874 0.1714E-02 0.1714E-02
     875 0.1770E-02 0.1770E-02
     876 0.1705E-02 0.1705E-02
     877 0.1697E-02 0.1697E-02
     878 0.3230E-02 0.3230E-02
     879 0.3879E-02 0.3879E-02
     880 0.3766E-02 0.3766E-02
     881 0.2160E-02 0.2160E-02
     882 0.2664E-02 0.2664E-02
     883 0.2410E-02 0.2410E-02
     884 0.2719E-02 0.2719E-02
     885 0.2275E-02 0.2275E-02
     886 0.2248E-02 0.2248E-02
     887 0.2287E-02 0.2287E-02
     888 0.1999E-02 0.1999E-02
     889 0.2239E-02 0.2239E-02
     890 0.2297E-02 0.2297E-02
     891 0.2202E-02 0.2202E-02
     892 0.2227E-02 0.2227E-02
     893 0.2155E-02 0.2155E-02
     894 0.2130E-02 0.2130E-02
     895 0.1773E-02 0.1773E-02
     896 0.8542E-02 0.8542E-02
     897 0.8846E-02 0.8846E-02
     898 0.2978E-02 0.2978E-02
     899 0.3481E-02 0.3481E-02
     900 0.5572E-01 0.5572E-01
     901 0.4088E-01 0.4088E-01
     902 0.1906E-01 0.1906E-01
     903 0.3696E-02 0.3696E-02
     904 0.2272E-02 0.2272E-02
     905 0.2485E-02 0.2485E-02
     906 0.1402E-01 0.1402E-01
     907 0.4856E-02 0.4856E-02
     908 0.1859E-02 0.1859E-02
     909 0.3678E-02 0.3678E-02
     910 0.1422E-01 0.1422E-01
     911 0.3703E-02 0.3703E-02
     912 0.6769E-02 0.6769E-02
     913 0.1542E-01 0.1542E-01
     914 0.1894E-01 0.1894E-01
     915 0.5223E-02 0.5223E-02
     916 0.5541E-02 0.5541E-02
     917 0.4650E-02 0.4650E-02
     918 0.2591E-02 0.2591E-02
     919 0.6519E-02 0.6519E-02
     920 0.5094E-02 0.5094E-02
     921 0.5911E-02 0.5911E-02
     922 0.3884E-02 0.3884E-02
     923 0.3851E-02 0.3851E-02
     924 0.3380E-02 0.3380E-02
     925 0.3685E-02 0.3685E-02
     926 0.3637E-02 0.3637E-02
     927 0.2765E-02 0.2765E-02
     928 0.3105E-02 0.3105E-02
     929 0.2824E-02 0.2824E-02
     930 0.2730E-02 0.2730E-02
     931 0.3604E-02 0.3604E-02
     932 0.3495E-02 0.3495E-02
     933 0.3525E-02 0.3525E-02
     934 0.3489E-02 0.3489E-02
     935 0.3149E-02 0.3149E-02
     936 0.2393E-02 0.2393E-02
     937 0.2269E-02 0.2269E-02
     938 0.1942E-02 0.1942E-02
     939 0.1766E-02 0.1766E-02
     940 0.1896E-02 0.1896E-02
     941 0.1883E-02 0.1883E-02
     942 0.1803E-02 0.1803E-02
     943 0.1627E-02 0.1627E-02
     944 0.1789E-02 0.1789E-02
     945 0.3192E-02 0.3192E-02
     946 0.1795E-02 0.1795E-02
     947 0.1818E-02 0.1818E-02
     948 0.1811E-02 0.1811E-02
     949 0.1683E-02 0.1683E-02
     950 0.1609E-02 0.1609E-02
     951 0.1740E-02 0.1740E-02
     952 0.1770E-02 0.1770E-02
     953 0.1759E-02 0.1759E-02
     954 0.1759E-02 0.1759E-02
     955 0.1761E-02 0.1761E-02
     956 0.1763E-02 0.1763E-02
     957 0.1780E-02 0.1780E-02
     958 0.1861E-02 0.1861E-02
     959 0.1768E-02 0.1768E-02
     960 0.1824E-02 0.1824E-02
     961 0.1559E-02 0.1559E-02
     962 0.1769E-02 0.1769E-02
     963 0.1664E-02 0.1664E-02
     964 0.1794E-02 0.1794E-02
     965 0.1670E-02 0.1670E-02
     966 0.1767E-02 0.1767E-02
     967 0.1601E-02 0.1601E-02
     968 0.1709E-02 0.1709E-02
     969 0.1728E-02 0.1728E-02
     970 0.4779E-02 0.4779E-02
     971 0.1754E-02 0.1754E-02
     972 0.2402E+00 0.2402E+00
     973 0.3794E-02 0.3794E-02
     974 0.1663E-02 0.1663E-02
     975 0.1718E-02 0.1718E-02
     976 0.1712E-02 0.1712E-02
     977 0.1599E-02 0.1599E-02
     978 0.1742E-02 0.1742E-02
     979 0.1813E-02 0.1813E-02
     980 0.1918E-02 0.1918E-02
     981 0.1953E-02 0.1953E-02
     982 0.2121E-01 0.2121E-01
     983 0.1662E-02 0.1662E-02
     984 0.1912E-02 0.1912E-02
     985 0.2220E-02 0.2220E-02
     986 0.1946E-02 0.1946E-02
     987 0.1847E-02 0.1847E-02
     988 0.1817E-02 0.1817E-02
     989 0.1749E-02 0.1749E-02
     990 0.2787E-02 0.2787E-02
     991 0.1666E-02 0.1666E-02
     992 0.1557E-02 0.1557E-02
     993 0.1616E-02 0.1616E-02
     994 0.1630E-02 0.1630E-02
     995 0.1718E-02 0.1718E-02
     996 0.1658E-02 0.1658E-02
     997 0.1747E-02 0.1747E-02
     998 0.1793E-02 0.1793E-02
     999 0.2244E-02 0.2244E-02
    1000 0.1669E-02 0.1669E-02
    1001 0.1719E-02 0.1719E-02
    1002 0.1882E-02 0.1882E-02
    1003 0.2934E-02 0.2934E-02
    1004 0.2221E-02 0.2221E-02
    1005 0.1974E-02 0.1974E-02
    1006 0.1868E-02 0.1868E-02
    1007 0.1981E-02 0.1981E-02
    1008 0.1768E-02 0.1768E-02
    1009 0.1779E-02 0.1779E-02
    1010 0.1810E-02 0.1810E-02
    1011 0.2071E-02 0.2071E-02
    1012 0.1677E-02 0.1677E-02
    1013 0.2319E-02 0.2319E-02
    1014 0.1837E-02 0.1837E-02
    1015 0.1864E-02 0.1864E-02
    1016 0.1862E-02 0.1862E-02
    1017 0.1815E-02 0.1815E-02
    1018 0.1823E-02 0.1823E-02
    1019 0.1895E-02 0.1895E-02
    1020 0.1654E-02 0.1654E-02
    1021 0.1894E-02 0.1894E-02
    1022 0.1887E-02 0.1887E-02
    1023 0.1894E-02 0.1894E-02
    1024 0.1845E-02 0.1845E-02
    1025 0.1976E-02 0.1976E-02
    1026 0.1878E-02 0.1878E-02
    1027 0.1676E-02 0.1676E-02
    1028 0.1824E-02 0.1824E-02
    1029 0.1946E-02 0.1946E-02
    1030 0.6776E-02 0.6776E-02
    1031 0.2311E-02 0.2311E-02
    1032 0.1845E-02 0.1845E-02
    1033 0.2138E-02 0.2138E-02
    1034 0.1879E-02 0.1879E-02
    1035 0.2378E-02 0.2378E-02
    1036 0.2055E-02 0.2055E-02
    1037 0.1998E-02 0.1998E-02
    1038 0.1929E-02 0.1929E-02
    1039 0.1964E-02 0.1964E-02
    1040 0.1935E-02 0.1935E-02
    1041 0.1806E-02 0.1806E-02
    1042 0.1996E-02 0.1996E-02
    1043 0.2033E-02 0.2033E-02
    1044 0.1777E-02 0.1777E-02
    1045 0.2022E-02 0.2022E-02
    1046 0.1982E-02 0.1982E-02
    1047 0.1220E-01 0.1220E-01
    1048 0.1382E-01 0.1382E-01
    1049 0.1832E-02 0.1832E-02
    1050 0.1676E-02 0.1676E-02
    1051 0.1830E-02 0.1830E-02
    1052 0.1819E-02 0.1819E-02
    1053 0.1828E-02 0.1828E-02
    1054 0.1865E-02 0.1865E-02
    1055 0.1708E-02 0.1708E-02
    1056 0.1904E-02 0.1904E-02
    1057 0.1635E-02 0.1635E-02
    1058 0.1912E-02 0.1912E-02
    1059 0.1730E-02 0.1730E-02
    1060 0.1777E-02 0.1777E-02
    1061 0.1882E-02 0.1882E-02
    1062 0.1902E-02 0.1902E-02
    1063 0.1925E-02 0.1925E-02
    1064 0.1877E-02 0.1877E-02
    1065 0.1906E-02 0.1906E-02
    1066 0.1799E-02 0.1799E-02
    1067 0.2032E-02 0.2032E-02
    1068 0.2040E-02 0.2040E-02
    1069 0.2108E-02 0.2108E-02
    1070 0.2085E-02 0.2085E-02
    1071 0.2303E-02 0.2303E-02
    1072 0.2481E-02 0.2481E-02
    1073 0.2804E-02 0.2804E-02
    1074 0.2398E-02 0.2398E-02
    1075 0.2134E-02 0.2134E-02
    1076 0.1933E-02 0.1933E-02
    1077 0.2088E-02 0.2088E-02
    1078 0.2041E-02 0.2041E-02
    1079 0.1951E-02 0.1951E-02
    1080 0.2113E-02 0.2113E-02
    1081 0.1979E-02 0.1979E-02
    1082 0.1761E-02 0.1761E-02
    1083 0.3064E-02 0.3064E-02
    1084 0.1980E-02 0.1980E-02
    1085 0.2053E-02 0.2053E-02
    1086 0.1931E-02 0.1931E-02
    1087 0.2047E-02 0.2047E-02
    1088 0.1922E-02 0.1922E-02
    1089 0.1745E-02 0.1745E-02
    1090 0.1907E-02 0.1907E-02
    1091 0.1883E-02 0.1883E-02
    1092 0.1956E-02 0.1956E-02
    1093 0.1886E-02 0.1886E-02
    1094 0.1998E-02 0.1998E-02
    1095 0.1867E-02 0.1867E-02
    1096 0.1865E-02 0.1865E-02
    1097 0.1876E-02 0.1876E-02
    1098 0.1934E-01 0.1934E-01
    1099 0.1896E-02 0.1896E-02
    1100 0.1771E-02 0.1771E-02
    1101 0.1874E-02 0.1874E-02
    1102 0.2015E-02 0.2015E-02
    1103 0.1674E-02 0.1674E-02
    1104 0.1904E-02 0.1904E-02
    1105 0.1880E-02 0.1880E-02
    1106 0.1851E-02 0.1851E-02
    1107 0.1881E-02 0.1881E-02
    1108 0.1604E-01 0.1604E-01
    1109 0.2041E-02 0.2041E-02
    1110 0.1830E-02 0.1830E-02
    1111 0.1814E-02 0.1814E-02
    1112 0.1937E-02 0.1937E-02
    1113 0.1876E-02 0.1876E-02
    1114 0.1843E-02 0.1843E-02
    1115 0.1965E-02 0.1965E-02
    1116 0.1847E-02 0.1847E-02
    1117 0.2181E-02 0.2181E-02
    1118 0.1845E-02 0.1845E-02
    1119 0.1880E-02 0.1880E-02
    1120 0.1669E-02 0.1669E-02
    1121 0.1886E-02 0.1886E-02
    1122 0.1825E-02 0.1825E-02
    1123 0.1918E-02 0.1918E-02
    1124 0.1888E-02 0.1888E-02
    1125 0.1889E-02 0.1889E-02
    1126 0.1854E-02 0.1854E-02
    1127 0.1909E-02 0.1909E-02
    1128 0.1677E-02 0.1677E-02
    1129 0.1836E-02 0.1836E-02
    1130 0.1970E-02 0.1970E-02
    1131 0.1790E-02 0.1790E-02
    1132 0.1895E-02 0.1895E-02
    1133 0.1812E-02 0.1812E-02
    1134 0.1774E-02 0.1774E-02
    1135 0.1916E-02 0.1916E-02
    1136 0.1787E-02 0.1787E-02
    1137 0.2027E-02 0.2027E-02
    1138 0.2022E-02 0.2022E-02
    1139 0.3525E-02 0.3525E-02
    1140 0.2110E-02 0.2110E-02
    1141 0.1879E-02 0.1879E-02
    1142 0.1960E-02 0.1960E-02
    1143 0.2112E-02 0.2112E-02
    1144 0.2294E-02 0.2294E-02
    1145 0.2221E-02 0.2221E-02
    1146 0.1979E-02 0.1979E-02
    1147 0.2237E-02 0.2237E-02
    1148 0.1978E-02 0.1978E-02
    1149 0.1952E-02 0.1952E-02
    1150 0.2668E-02 0.2668E-02
    1151 0.1993E-02 0.1993E-02
    1152 0.1975E-02 0.1975E-02
    1153 0.1987E-02 0.1987E-02
    1154 0.2358E-02 0.2358E-02
    1155 0.1928E-02 0.1928E-02
    1156 0.1992E-02 0.1992E-02
    1157 0.1993E-02 0.1993E-02
    1158 0.1936E-02 0.1936E-02
    1159 0.1788E-02 0.1788E-02
    1160 0.1214E-01 0.1214E-01
    1161 0.1924E-02 0.1924E-02
    1162 0.1949E-02 0.1949E-02
    1163 0.1956E-02 0.1956E-02
    1164 0.2776E-01 0.2776E-01
    1165 0.1716E-02 0.1716E-02
    1166 0.1898E-02 0.1898E-02
    1167 0.1939E-02 0.1939E-02
    1168 0.1951E-02 0.1951E-02
    1169 0.1925E-02 0.1925E-02
    1170 0.1906E-02 0.1906E-02
    1171 0.1997E-02 0.1997E-02
    1172 0.1944E-02 0.1944E-02
    1173 0.1907E-02 0.1907E-02
    1174 0.1944E-02 0.1944E-02
    1175 0.1983E-02 0.1983E-02
    1176 0.1971E-02 0.1971E-02
    1177 0.1964E-02 0.1964E-02
    1178 0.1954E-02 0.1954E-02
    1179 0.1890E-02 0.1890E-02
    1180 0.1882E-02 0.1882E-02
    1181 0.1929E-02 0.1929E-02
    1182 0.1837E-02 0.1837E-02
    1183 0.1896E-02 0.1896E-02
    1184 0.1866E-02 0.1866E-02
    1185 0.1926E-02 0.1926E-02
    1186 0.1865E-02 0.1865E-02
    1187 0.1897E-02 0.1897E-02
    1188 0.1909E-02 0.1909E-02
    1189 0.1758E-02 0.1758E-02
    1190 0.1818E-02 0.1818E-02
    1191 0.1625E-02 0.1625E-02
    1192 0.1936E-02 0.1936E-02
    1193 0.2036E-02 0.2036E-02
    1194 0.1636E-02 0.1636E-02
    1195 0.1893E-02 0.1893E-02
    1196 0.1851E-02 0.1851E-02
    1197 0.1414E-01 0.1414E-01
    1198 0.1897E-02 0.1897E-02
    1199 0.1724E-02 0.1724E-02
    1200 0.1717E-02 0.1717E-02
    1201 0.1876E-02 0.1876E-02
    1202 0.1858E-02 0.1858E-02
    1203 0.1894E-02 0.1894E-02
    1204 0.1814E-02 0.1814E-02
    1205 0.1895E-02 0.1895E-02
    1206 0.1837E-02 0.1837E-02
    1207 0.1834E-02 0.1834E-02
    1208 0.1889E-02 0.1889E-02
    1209 0.1902E-02 0.1902E-02
    1210 0.1853E-02 0.1853E-02
    1211 0.1799E-02 0.1799E-02
    1212 0.1887E-02 0.1887E-02
    1213 0.1878E-02 0.1878E-02
    1214 0.1861E-02 0.1861E-02
    1215 0.1875E-02 0.1875E-02
    1216 0.2025E-02 0.2025E-02
    1217 0.1880E-02 0.1880E-02
    1218 0.2630E-02 0.2630E-02
    1219 0.1862E-02 0.1862E-02
    1220 0.9800E-02 0.9800E-02
    1221 0.2127E-02 0.2127E-02
    1222 0.2282E-02 0.2282E-02
    1223 0.1010E-01 0.1010E-01
    1224 0.2383E-02 0.2383E-02
    1225 0.3413E-02 0.3413E-02
    1226 0.1783E-02 0.1783E-02
    1227 0.1820E-02 0.1820E-02
    1228 0.1821E-02 0.1821E-02
    1229 0.1928E-02 0.1928E-02
    1230 0.1862E-02 0.1862E-02
    1231 0.1849E-02 0.1849E-02
    1232 0.7558E-02 0.7558E-02
    1233 0.1820E-02 0.1820E-02
    1234 0.1739E-02 0.1739E-02
    1235 0.4984E-02 0.4984E-02
    1236 0.1782E-02 0.1782E-02
    1237 0.1847E-02 0.1847E-02
    1238 0.2066E-02 0.2066E-02
    1239 0.1820E-02 0.1820E-02
    1240 0.1868E-02 0.1868E-02
    1241 0.2543E-02 0.2543E-02
    1242 0.2282E-02 0.2282E-02
    1243 0.1767E-02 0.1767E-02
    1244 0.1853E-02 0.1853E-02
    1245 0.1732E-02 0.1732E-02
    1246 0.1675E-02 0.1675E-02
    1247 0.1855E-02 0.1855E-02
    1248 0.1917E-01 0.1917E-01
    1249 0.2503E-02 0.2503E-02
    1250 0.2593E-02 0.2593E-02
    1251 0.2328E-02 0.2328E-02
    1252 0.2849E-02 0.2849E-02
    1253 0.2098E-02 0.2098E-02
    1254 0.2055E-02 0.2055E-02
    1255 0.1879E-02 0.1879E-02
    1256 0.1968E-02 0.1968E-02
    1257 0.1903E-02 0.1903E-02
    1258 0.1877E-02 0.1877E-02
    1259 0.2319E-02 0.2319E-02
    1260 0.2051E-02 0.2051E-02
    1261 0.1953E-02 0.1953E-02
    1262 0.1873E-02 0.1873E-02
    1263 0.1975E-02 0.1975E-02
    1264 0.2016E-02 0.2016E-02
    1265 0.1523E+01 0.1523E+01
    1266 0.2024E-02 0.2024E-02
    1267 0.1987E-02 0.1987E-02
    1268 0.2060E-02 0.2060E-02
    1269 0.3332E-02 0.3332E-02
    1270 0.1830E-02 0.1830E-02
    1271 0.2010E-02 0.2010E-02
    1272 0.1834E-02 0.1834E-02
    1273 0.1961E-02 0.1961E-02
    1274 0.2474E-02 0.2474E-02
    1275 0.2928E-02 0.2928E-02
    1276 0.2125E-02 0.2125E-02
    1277 0.2115E-02 0.2115E-02
    1278 0.3907E-02 0.3907E-02
    1279 0.2075E-02 0.2075E-02
    1280 0.2003E-02 0.2003E-02
    1281 0.2108E-02 0.2108E-02
    1282 0.2067E-02 0.2067E-02
    1283 0.1880E-02 0.1880E-02
    1284 0.1980E-02 0.1980E-02
    1285 0.2019E-02 0.2019E-02
    1286 0.1988E-02 0.1988E-02
    1287 0.1920E-02 0.1920E-02
    1288 0.2032E-02 0.2032E-02
    1289 0.1990E-02 0.1990E-02
    1290 0.1902E-02 0.1902E-02
    1291 0.2003E-02 0.2003E-02
    1292 0.1994E-02 0.1994E-02
    1293 0.2007E-02 0.2007E-02
    1294 0.1702E-02 0.1702E-02
    1295 0.1921E-02 0.1921E-02
    1296 0.1989E-02 0.1989E-02
    1297 0.1943E-02 0.1943E-02
    1298 0.1978E-02 0.1978E-02
    1299 0.2435E-02 0.2435E-02
    1300 0.1984E-02 0.1984E-02
    1301 0.2013E-02 0.2013E-02
    1302 0.2002E-02 0.2002E-02
    1303 0.1871E-02 0.1871E-02
    1304 0.2005E-02 0.2005E-02
    1305 0.1844E-02 0.1844E-02
    1306 0.1942E-02 0.1942E-02
    1307 0.1795E-02 0.1795E-02
    1308 0.1938E-02 0.1938E-02
    1309 0.1782E-02 0.1782E-02
    1310 0.1969E-02 0.1969E-02
    1311 0.1903E-02 0.1903E-02
    1312 0.2025E-02 0.2025E-02
    1313 0.1898E-02 0.1898E-02
    1314 0.1935E-02 0.1935E-02
    1315 0.2030E-02 0.2030E-02
    1316 0.1933E-02 0.1933E-02
    1317 0.1788E-02 0.1788E-02
    1318 0.1917E-02 0.1917E-02
    1319 0.1914E-02 0.1914E-02
    1320 0.1985E-02 0.1985E-02
    1321 0.1904E-02 0.1904E-02
    1322 0.1928E-02 0.1928E-02
    1323 0.1848E-02 0.1848E-02
    1324 0.1932E-02 0.1932E-02
    1325 0.2000E-02 0.2000E-02
    1326 0.1897E-02 0.1897E-02
    1327 0.1890E-02 0.1890E-02
    1328 0.1859E-02 0.1859E-02
    1329 0.2003E-02 0.2003E-02
    1330 0.1878E-02 0.1878E-02
    1331 0.1953E-02 0.1953E-02
    1332 0.1748E-02 0.1748E-02
    1333 0.1860E-02 0.1860E-02
    1334 0.2341E-02 0.2341E-02
    1335 0.1881E-02 0.1881E-02
    1336 0.1965E-02 0.1965E-02
    1337 0.2100E-02 0.2100E-02
    1338 0.2239E-02 0.2239E-02
    1339 0.2035E-02 0.2035E-02
    1340 0.1914E-02 0.1914E-02
    1341 0.1932E-02 0.1932E-02
    1342 0.1997E-02 0.1997E-02
    1343 0.1900E-02 0.1900E-02
    1344 0.1846E-02 0.1846E-02
    1345 0.1977E-02 0.1977E-02
    1346 0.2045E-02 0.2045E-02
    1347 0.2052E-02 0.2052E-02
    1348 0.4766E-02 0.4766E-02
    1349 0.1933E-02 0.1933E-02
    1350 0.1919E-02 0.1919E-02
    1351 0.1947E-02 0.1947E-02
    1352 0.1952E-02 0.1952E-02
    1353 0.1874E-02 0.1874E-02
    1354 0.1907E-02 0.1907E-02
    1355 0.1944E-02 0.1944E-02
    1356 0.1854E-02 0.1854E-02
    1357 0.2242E-02 0.2242E-02
    1358 0.2256E-02 0.2256E-02
    1359 0.2130E-02 0.2130E-02
    1360 0.1981E-02 0.1981E-02
    1361 0.2009E-02 0.2009E-02
    1362 0.1857E-02 0.1857E-02
    1363 0.2043E-02 0.2043E-02
    1364 0.1918E-02 0.1918E-02
    1365 0.2035E-02 0.2035E-02
    1366 0.2088E-02 0.2088E-02
    1367 0.1900E-02 0.1900E-02
    1368 0.1878E-02 0.1878E-02
    1369 0.1836E-02 0.1836E-02
    1370 0.3842E-02 0.3842E-02
    1371 0.1812E-02 0.1812E-02
    1372 0.1800E-02 0.1800E-02
    1373 0.1761E-02 0.1761E-02
    1374 0.1784E-02 0.1784E-02
    1375 0.2017E-02 0.2017E-02
    1376 0.1945E-02 0.1945E-02
    1377 0.2913E-02 0.2913E-02
    1378 0.5448E-02 0.5448E-02
    1379 0.2234E-02 0.2234E-02
    1380 0.2075E-02 0.2075E-02
    1381 0.2012E-02 0.2012E-02
    1382 0.1863E-02 0.1863E-02
    1383 0.1894E-02 0.1894E-02
    1384 0.1850E-02 0.1850E-02
    1385 0.2515E-02 0.2515E-02
    1386 0.1990E-02 0.1990E-02
    1387 0.1887E-02 0.1887E-02
    1388 0.1700E-02 0.1700E-02
    1389 0.1884E-02 0.1884E-02
    1390 0.1928E-02 0.1928E-02
    1391 0.1883E-02 0.1883E-02
    1392 0.1863E-02 0.1863E-02
    1393 0.1848E-02 0.1848E-02
    1394 0.1900E-02 0.1900E-02
    1395 0.1833E-02 0.1833E-02
    1396 0.1916E-02 0.1916E-02
    1397 0.1904E-02 0.1904E-02
    1398 0.3671E-02 0.3671E-02
    1399 0.1832E-02 0.1832E-02
    1400 0.1764E-02 0.1764E-02
    1401 0.1850E-02 0.1850E-02
    1402 0.1932E-02 0.1932E-02
    1403 0.1859E-02 0.1859E-02
    1404 0.1770E-02 0.1770E-02
    1405 0.1882E-02 0.1882E-02
    1406 0.1912E-02 0.1912E-02
    1407 0.1950E-02 0.1950E-02
    1408 0.1899E-02 0.1899E-02
    1409 0.1725E-02 0.1725E-02
    1410 0.1828E-02 0.1828E-02
    1411 0.1888E-02 0.1888E-02
    1412 0.1908E-02 0.1908E-02
    1413 0.1888E-02 0.1888E-02
    1414 0.1827E-02 0.1827E-02
    1415 0.1859E-02 0.1859E-02
    1416 0.1870E-02 0.1870E-02
    1417 0.1822E-02 0.1822E-02
    1418 0.1809E-02 0.1809E-02
    1419 0.2007E-02 0.2007E-02
    1420 0.1998E-02 0.1998E-02
    1421 0.2009E-02 0.2009E-02
    1422 0.3591E-02 0.3591E-02
    1423 0.1817E-02 0.1817E-02
    1424 0.2681E-02 0.2681E-02
    1425 0.1912E-02 0.1912E-02
    1426 0.1613E-02 0.1613E-02
    1427 0.1793E-02 0.1793E-02
    1428 0.1898E-02 0.1898E-02
    1429 0.2113E-02 0.2113E-02
    1430 0.5646E-02 0.5646E-02
    1431 0.1867E-02 0.1867E-02
    1432 0.1954E-02 0.1954E-02
    1433 0.1913E-02 0.1913E-02
    1434 0.1882E-02 0.1882E-02
    1435 0.2019E-02 0.2019E-02
    1436 0.1962E-02 0.1962E-02
    1437 0.1932E-02 0.1932E-02
    1438 0.1737E-02 0.1737E-02
    1439 0.1893E-02 0.1893E-02
    1440 0.3879E-02 0.3879E-02
    1441 0.1819E-02 0.1819E-02
    1442 0.1917E-02 0.1917E-02
    1443 0.1952E-02 0.1952E-02
    1444 0.1928E-02 0.1928E-02
    1445 0.1893E-02 0.1893E-02
    1446 0.1950E-02 0.1950E-02
    1447 0.1928E-02 0.1928E-02
    1448 0.1907E-02 0.1907E-02
    1449 0.1852E-02 0.1852E-02
    1450 0.1919E-02 0.1919E-02
    1451 0.1850E-02 0.1850E-02
    1452 0.1916E-02 0.1916E-02
    1453 0.1961E-02 0.1961E-02
    1454 0.1848E-02 0.1848E-02
    1455 0.1664E-02 0.1664E-02
    1456 0.1799E-02 0.1799E-02
    1457 0.1763E-02 0.1763E-02
    1458 0.1972E-02 0.1972E-02
    1459 0.1829E-02 0.1829E-02
    1460 0.1804E-02 0.1804E-02
    1461 0.1576E-02 0.1576E-02
    1462 0.1907E-02 0.1907E-02
    1463 0.1814E-02 0.1814E-02
    1464 0.1867E-02 0.1867E-02
    1465 0.1929E-02 0.1929E-02
    1466 0.1964E-02 0.1964E-02
    1467 0.1851E-02 0.1851E-02
    1468 0.4725E-02 0.4725E-02
    1469 0.1831E-02 0.1831E-02
    1470 0.1575E-02 0.1575E-02
    1471 0.2024E-02 0.2024E-02
    1472 0.1854E-02 0.1854E-02
    1473 0.1823E-02 0.1823E-02
    1474 0.8062E-02 0.8062E-02
    1475 0.1946E-02 0.1946E-02
    1476 0.2111E-02 0.2111E-02
    1477 0.2072E-02 0.2072E-02
    1478 0.2033E-02 0.2033E-02
    1479 0.1963E-02 0.1963E-02
    1480 0.2004E-02 0.2004E-02
    1481 0.2013E-02 0.2013E-02
    1482 0.1901E-02 0.1901E-02
    1483 0.1937E-02 0.1937E-02
    1484 0.2355E-02 0.2355E-02
    1485 0.1898E-02 0.1898E-02
    1486 0.1968E-02 0.1968E-02
    1487 0.2163E-02 0.2163E-02
    1488 0.2041E-02 0.2041E-02
    1489 0.2190E-02 0.2190E-02
    1490 0.2329E-02 0.2329E-02
    1491 0.2199E-02 0.2199E-02
    1492 0.2104E-02 0.2104E-02
    1493 0.3376E-02 0.3376E-02
    1494 0.2288E-02 0.2288E-02
    1495 0.2235E-02 0.2235E-02
    1496 0.2336E-02 0.2336E-02
    1497 0.2787E-02 0.2787E-02
    1498 0.2789E-02 0.2789E-02
    1499 0.3008E-02 0.3008E-02
    1500 0.2666E-02 0.2666E-02
    1501 0.2950E-02 0.2950E-02
    1502 0.2597E-02 0.2597E-02
    1503 0.2744E-02 0.2744E-02
    1504 0.2680E-02 0.2680E-02
    1505 0.2525E-02 0.2525E-02
    1506 0.2631E-02 0.2631E-02
    1507 0.2741E-02 0.2741E-02
    1508 0.2967E-02 0.2967E-02
    1509 0.2993E-02 0.2993E-02
    1510 0.3198E-02 0.3198E-02
    1511 0.3071E-02 0.3071E-02
    1512 0.3337E-02 0.3337E-02
    1513 0.3444E-02 0.3444E-02
    1514 0.3387E-02 0.3387E-02
    1515 0.2982E-02 0.2982E-02
    1516 0.2905E-02 0.2905E-02
    1517 0.2781E-02 0.2781E-02
    1518 0.2853E-02 0.2853E-02
    1519 0.2923E-02 0.2923E-02
    1520 0.2666E-02 0.2666E-02
    1521 0.2636E-02 0.2636E-02
    1522 0.2611E-02 0.2611E-02
    1523 0.3642E-02 0.3642E-02
    1524 0.2219E-02 0.2219E-02
    1525 0.2602E-02 0.2602E-02
    1526 0.2767E-02 0.2767E-02
    1527 0.2199E-02 0.2199E-02
    1528 0.2487E-02 0.2487E-02
    1529 0.2560E-02 0.2560E-02
    1530 0.2925E-02 0.2925E-02
    1531 0.3637E-02 0.3637E-02
    1532 0.2620E-02 0.2620E-02
    1533 0.2237E-02 0.2237E-02
    1534 0.2410E-02 0.2410E-02
    1535 0.2944E-02 0.2944E-02
    1536 0.1764E-02 0.1764E-02
    1537 0.1738E-02 0.1738E-02
    1538 0.2195E-02 0.2195E-02
    1539 0.2352E-02 0.2352E-02
    1540 0.2394E-02 0.2394E-02
    1541 0.2670E-02 0.2670E-02
    1542 0.2159E-02 0.2159E-02
    1543 0.2319E-02 0.2319E-02
    1544 0.2251E-02 0.2251E-02
    1545 0.2445E-02 0.2445E-02
    1546 0.2764E-02 0.2764E-02
    1547 0.2330E-02 0.2330E-02
    1548 0.3548E-02 0.3548E-02
    1549 0.2013E-01 0.2013E-01
    1550 0.2309E-02 0.2309E-02
    1551 0.2229E-02 0.2229E-02
    1552 0.4161E-02 0.4161E-02
    1553 0.2297E-02 0.2297E-02
    1554 0.2519E-02 0.2519E-02
    1555 0.2474E-02 0.2474E-02
    1556 0.2651E-02 0.2651E-02
    1557 0.2602E-02 0.2602E-02
    1558 0.1871E-02 0.1871E-02
    1559 0.1923E-02 0.1923E-02
    1560 0.1887E-02 0.1887E-02
    1561 0.2098E-02 0.2098E-02
    1562 0.3008E-02 0.3008E-02
    1563 0.2191E-02 0.2191E-02
    1564 0.2395E-02 0.2395E-02
    1565 0.2209E-02 0.2209E-02
    1566 0.2072E-02 0.2072E-02
    1567 0.2180E-02 0.2180E-02
    1568 0.2184E-02 0.2184E-02
    1569 0.2488E-02 0.2488E-02
    1570 0.2147E-02 0.2147E-02
    1571 0.2143E-02 0.2143E-02
    1572 0.2220E-02 0.2220E-02
    1573 0.2096E-02 0.2096E-02
    1574 0.2173E-02 0.2173E-02
    1575 0.2093E-02 0.2093E-02
    1576 0.2180E-02 0.2180E-02
    1577 0.2122E-02 0.2122E-02
    1578 0.2054E-02 0.2054E-02
    1579 0.2187E-02 0.2187E-02
    1580 0.2338E-02 0.2338E-02
    1581 0.2692E-02 0.2692E-02
    1582 0.1892E-02 0.1892E-02
    1583 0.2238E-02 0.2238E-02
    1584 0.2055E-02 0.2055E-02
    1585 0.2101E-02 0.2101E-02
    1586 0.2120E-02 0.2120E-02
    1587 0.2189E-02 0.2189E-02
    1588 0.1028E-01 0.1028E-01
    1589 0.2081E-02 0.2081E-02
    1590 0.1814E-02 0.1814E-02
    1591 0.2093E-02 0.2093E-02
    1592 0.1939E-02 0.1939E-02
    1593 0.2147E-02 0.2147E-02
    1594 0.2278E-02 0.2278E-02
    1595 0.2134E-02 0.2134E-02
    1596 0.2173E-02 0.2173E-02
    1597 0.2119E-02 0.2119E-02
    1598 0.2257E-02 0.2257E-02
    1599 0.2157E-02 0.2157E-02
    1600 0.2458E-02 0.2458E-02
    1601 0.2124E-02 0.2124E-02
    1602 0.2102E-02 0.2102E-02
    1603 0.3067E-02 0.3067E-02
    1604 0.1828E-02 0.1828E-02
    1605 0.2168E-02 0.2168E-02
    1606 0.2324E-02 0.2324E-02
    1607 0.2108E-02 0.2108E-02
    1608 0.2605E-02 0.2605E-02
    1609 0.2343E-02 0.2343E-02
    1610 0.2289E-02 0.2289E-02
    1611 0.2460E-02 0.2460E-02
    1612 0.2408E-02 0.2408E-02
    1613 0.4010E-02 0.4010E-02
    1614 0.2596E-02 0.2596E-02
    1615 0.2204E-02 0.2204E-02
    1616 0.2302E-02 0.2302E-02
    1617 0.2294E-02 0.2294E-02
    1618 0.2538E-02 0.2538E-02
    1619 0.2363E-02 0.2363E-02
    1620 0.2484E-02 0.2484E-02
    1621 0.2554E-02 0.2554E-02
    1622 0.3032E-01 0.3032E-01
    1623 0.5522E-02 0.5522E-02
    1624 0.1214E-01 0.1214E-01
    1625 0.1838E-02 0.1838E-02
    1626 0.1923E-02 0.1923E-02
    1627 0.1757E-02 0.1757E-02
    1628 0.1780E-02 0.1780E-02
    1629 0.1670E-02 0.1670E-02
    1630 0.1769E-02 0.1769E-02
    1631 0.1745E-02 0.1745E-02
    1632 0.1664E-02 0.1664E-02
    1633 0.1775E-02 0.1775E-02
    1634 0.1740E-02 0.1740E-02
    1635 0.1721E-02 0.1721E-02
    1636 0.1957E-02 0.1957E-02
    1637 0.1967E-02 0.1967E-02
    1638 0.1686E-02 0.1686E-02
    1639 0.1768E-02 0.1768E-02
    1640 0.1737E-02 0.1737E-02
    1641 0.1830E-02 0.1830E-02
    1642 0.1943E-02 0.1943E-02
    1643 0.2867E-02 0.2867E-02
    1644 0.4391E-01 0.4391E-01
    1645 0.2707E-02 0.2707E-02
    1646 0.1726E-02 0.1726E-02
    1647 0.1899E-02 0.1899E-02
    1648 0.2125E-02 0.2125E-02
    1649 0.6754E-02 0.6754E-02
    1650 0.8020E-02 0.8020E-02
    1651 0.3098E-01 0.3098E-01
    1652 0.6543E-02 0.6543E-02
    1653 0.4207E-02 0.4207E-02
    1654 0.7467E-02 0.7467E-02
    1655 0.1098E-01 0.1098E-01
    1656 0.8238E-02 0.8238E-02
    1657 0.7720E-02 0.7720E-02
    1658 0.2630E-01 0.2630E-01
    1659 0.3700E-01 0.3700E-01
    1660 0.2021E-02 0.2021E-02
    1661 0.1755E-02 0.1755E-02
    1662 0.1951E-02 0.1951E-02
    1663 0.1847E-02 0.1847E-02
    1664 0.1728E-02 0.1728E-02
    1665 0.1717E-02 0.1717E-02
    1666 0.1703E-02 0.1703E-02
    1667 0.2094E-02 0.2094E-02
    1668 0.4229E-02 0.4229E-02
    1669 0.1909E-02 0.1909E-02
    1670 0.2074E-02 0.2074E-02
    1671 0.2248E-02 0.2248E-02
    1672 0.3191E-01 0.3191E-01
    1673 0.2080E-02 0.2080E-02
    1674 0.1736E-02 0.1736E-02
    1675 0.3340E-02 0.3340E-02
    1676 0.1798E-02 0.1798E-02
    1677 0.1714E-02 0.1714E-02
    1678 0.1727E-02 0.1727E-02
    1679 0.1767E-02 0.1767E-02
    1680 0.2276E-02 0.2276E-02
    1681 0.1850E-02 0.1850E-02
    1682 0.1935E-02 0.1935E-02
    1683 0.6007E-02 0.6007E-02
    1684 0.5095E-02 0.5095E-02
    1685 0.2933E-02 0.2933E-02
    1686 0.2654E-02 0.2654E-02
    1687 0.2547E-02 0.2547E-02
    1688 0.2132E-02 0.2132E-02
    1689 0.2438E-02 0.2438E-02
    1690 0.2424E-02 0.2424E-02
    1691 0.2635E-02 0.2635E-02
    1692 0.2250E-02 0.2250E-02
    1693 0.2292E-02 0.2292E-02
    1694 0.2522E-02 0.2522E-02
    1695 0.2691E-02 0.2691E-02
    1696 0.2875E-02 0.2875E-02
    1697 0.3260E-02 0.3260E-02
    1698 0.2672E-02 0.2672E-02
    1699 0.2805E-02 0.2805E-02
    1700 0.2620E-02 0.2620E-02
    1701 0.3694E-02 0.3694E-02
    1702 0.3762E-02 0.3762E-02
    1703 0.2927E-02 0.2927E-02
    1704 0.2371E-02 0.2371E-02
    1705 0.3172E-02 0.3172E-02
    1706 0.2758E-02 0.2758E-02
    1707 0.2706E-02 0.2706E-02
    1708 0.2377E-02 0.2377E-02
    1709 0.2544E-02 0.2544E-02
    1710 0.2667E-02 0.2667E-02
    1711 0.2458E-02 0.2458E-02
    1712 0.2642E-02 0.2642E-02
    1713 0.2593E-02 0.2593E-02
    1714 0.2548E-02 0.2548E-02
    1715 0.2446E-02 0.2446E-02
    1716 0.3156E-02 0.3156E-02
    1717 0.2616E-02 0.2616E-02
    1718 0.1454E-01 0.1454E-01
    1719 0.2695E-02 0.2695E-02
    1720 0.2580E-02 0.2580E-02
    1721 0.2614E-02 0.2614E-02
    1722 0.2466E-02 0.2466E-02
    1723 0.2514E-02 0.2514E-02
    1724 0.2562E-02 0.2562E-02
    1725 0.2472E-02 0.2472E-02
    1726 0.2833E-02 0.2833E-02
    1727 0.2611E-02 0.2611E-02
    1728 0.2654E-02 0.2654E-02
    1729 0.2586E-02 0.2586E-02
    1730 0.2705E-02 0.2705E-02
    1731 0.2645E-02 0.2645E-02
    1732 0.2585E-02 0.2585E-02
    1733 0.2696E-02 0.2696E-02
    1734 0.2637E-02 0.2637E-02
    1735 0.2527E-02 0.2527E-02
    1736 0.3473E-02 0.3473E-02
    1737 0.2521E-02 0.2521E-02
    1738 0.2672E-02 0.2672E-02
    1739 0.2500E-02 0.2500E-02
    1740 0.2673E-02 0.2673E-02
    1741 0.2327E-02 0.2327E-02
    1742 0.2411E-02 0.2411E-02
    1743 0.2456E-02 0.2456E-02
    1744 0.2653E-02 0.2653E-02
    1745 0.2493E-02 0.2493E-02
    1746 0.2567E-02 0.2567E-02
    1747 0.2658E-02 0.2658E-02
    1748 0.2626E-02 0.2626E-02
    1749 0.2651E-02 0.2651E-02
    1750 0.2593E-02 0.2593E-02
    1751 0.2841E-02 0.2841E-02
    1752 0.2596E-02 0.2596E-02
    1753 0.2279E-02 0.2279E-02
    1754 0.2559E-02 0.2559E-02
    1755 0.2589E-02 0.2589E-02
    1756 0.2896E-02 0.2896E-02
    1757 0.2436E-02 0.2436E-02
    1758 0.2511E-02 0.2511E-02
    1759 0.2553E-02 0.2553E-02
    1760 0.3192E-02 0.3192E-02
    1761 0.2589E-02 0.2589E-02
    1762 0.2466E-02 0.2466E-02
    1763 0.2521E-02 0.2521E-02
    1764 0.2431E-02 0.2431E-02
    1765 0.2760E-02 0.2760E-02
    1766 0.2483E-02 0.2483E-02
    1767 0.2397E-02 0.2397E-02
    1768 0.2406E-02 0.2406E-02
    1769 0.2924E-02 0.2924E-02
    1770 0.2443E-02 0.2443E-02
    1771 0.2539E-02 0.2539E-02
    1772 0.2571E-02 0.2571E-02
    1773 0.3436E-02 0.3436E-02
    1774 0.3549E-02 0.3549E-02
    1775 0.3334E-02 0.3334E-02
    1776 0.3429E-02 0.3429E-02
    1777 0.5313E-02 0.5313E-02
    1778 0.2456E-02 0.2456E-02
    1779 0.2581E-02 0.2581E-02
    1780 0.2208E-02 0.2208E-02
    1781 0.2382E-02 0.2382E-02
    1782 0.1601E-01 0.1601E-01
    1783 0.2829E-02 0.2829E-02
    1784 0.8439E-02 0.8439E-02
    1785 0.9528E-02 0.9528E-02
    1786 0.9874E-02 0.9874E-02
    1787 0.4023E-02 0.4023E-02
    1788 0.2514E-02 0.2514E-02
    1789 0.2519E-02 0.2519E-02
    1790 0.2680E+00 0.2680E+00
    1791 0.2367E-02 0.2367E-02
    1792 0.2513E-02 0.2513E-02
    1793 0.3145E-02 0.3145E-02
    1794 0.2606E-02 0.2606E-02
    1795 0.2761E-02 0.2761E-02
    1796 0.2251E-02 0.2251E-02
    1797 0.2387E-02 0.2387E-02
    1798 0.2651E-02 0.2651E-02
    1799 0.2631E-02 0.2631E-02
    1800 0.2488E-02 0.2488E-02
    1801 0.2643E-02 0.2643E-02
    1802 0.4308E-01 0.4308E-01
    1803 0.2571E-02 0.2571E-02
    1804 0.2606E-02 0.2606E-02
    1805 0.2538E-02 0.2538E-02
    1806 0.2427E-02 0.2427E-02
    1807 0.2504E-02 0.2504E-02
    1808 0.2274E-02 0.2274E-02
    1809 0.2555E-02 0.2555E-02
    1810 0.2442E-02 0.2442E-02
    1811 0.3212E-02 0.3212E-02
    1812 0.2506E-02 0.2506E-02
    1813 0.1211E+00 0.1211E+00
    1814 0.2300E-02 0.2300E-02
    1815 0.2243E-02 0.2243E-02
    1816 0.3181E-02 0.3181E-02
    1817 0.3261E-02 0.3261E-02
    1818 0.4894E-02 0.4894E-02
    1819 0.3244E-02 0.3244E-02
    1820 0.2558E-02 0.2558E-02
    1821 0.4253E-02 0.4253E-02
    1822 0.4420E-02 0.4420E-02
    1823 0.4256E-02 0.4256E-02
    1824 0.4922E-02 0.4922E-02
    1825 0.5104E-02 0.5104E-02
    1826 0.5742E-02 0.5742E-02
    1827 0.1447E-01 0.1447E-01
    1828 0.2348E-01 0.2348E-01
    1829 0.2600E-01 0.2600E-01
    1830 0.2273E-01 0.2273E-01
    1831 0.1687E-01 0.1687E-01
    1832 0.8749E-02 0.8749E-02
    1833 0.2580E-02 0.2580E-02
    1834 0.5457E-02 0.5457E-02
    1835 0.2555E-02 0.2555E-02
    1836 0.2228E-02 0.2228E-02
    1837 0.2589E-02 0.2589E-02
    1838 0.2293E-02 0.2293E-02
    1839 0.8330E-02 0.8330E-02
    1840 0.3960E-02 0.3960E-02
    1841 0.3035E-01 0.3035E-01
    1842 0.1108E-01 0.1108E-01
    1843 0.8637E-02 0.8637E-02
    1844 0.2031E-01 0.2031E-01
    1845 0.1338E-01 0.1338E-01
    1846 0.3772E-02 0.3772E-02
    1847 0.3647E-02 0.3647E-02
    1848 0.4627E-02 0.4627E-02
    1849 0.4456E-02 0.4456E-02
    1850 0.5291E-02 0.5291E-02
    1851 0.3623E-02 0.3623E-02
    1852 0.3258E-02 0.3258E-02
    1853 0.3393E-02 0.3393E-02
    1854 0.3393E-02 0.3393E-02
    1855 0.3460E-02 0.3460E-02
    1856 0.4761E-02 0.4761E-02
    1857 0.2533E-02 0.2533E-02
    1858 0.2683E-01 0.2683E-01
    1859 0.3037E-02 0.3037E-02
    1860 0.3074E-02 0.3074E-02
    1861 0.2976E-02 0.2976E-02
    1862 0.2929E-02 0.2929E-02
    1863 0.3081E-02 0.3081E-02
    1864 0.3122E-02 0.3122E-02
    1865 0.2866E-02 0.2866E-02
    1866 0.2835E-02 0.2835E-02
    1867 0.2988E-02 0.2988E-02
    1868 0.3055E-02 0.3055E-02
    1869 0.2675E-02 0.2675E-02
    1870 0.3042E-02 0.3042E-02
    1871 0.2888E-02 0.2888E-02
    1872 0.2901E-02 0.2901E-02
    1873 0.2888E-02 0.2888E-02
    1874 0.2905E-02 0.2905E-02
    1875 0.1651E-01 0.1651E-01
    1876 0.3162E-02 0.3162E-02
    1877 0.2858E-02 0.2858E-02
    1878 0.2871E-02 0.2871E-02
    1879 0.3070E-02 0.3070E-02
    1880 0.2830E-02 0.2830E-02
    1881 0.2966E-02 0.2966E-02
    1882 0.3658E-02 0.3658E-02
    1883 0.2905E-02 0.2905E-02
    1884 0.2786E-02 0.2786E-02
    1885 0.3067E-02 0.3067E-02
    1886 0.3140E-02 0.3140E-02
    1887 0.3150E-02 0.3150E-02
    1888 0.3088E-02 0.3088E-02
    1889 0.3090E-02 0.3090E-02
    1890 0.2909E-02 0.2909E-02
    1891 0.3088E-02 0.3088E-02
    1892 0.3027E-02 0.3027E-02
    1893 0.7447E-02 0.7447E-02
    1894 0.3052E-02 0.3052E-02
    1895 0.3004E-02 0.3004E-02
    1896 0.3343E-02 0.3343E-02
    1897 0.3654E-02 0.3654E-02
    1898 0.2975E-02 0.2975E-02
    1899 0.3107E-02 0.3107E-02
    1900 0.2961E-02 0.2961E-02
    1901 0.2981E-02 0.2981E-02
    1902 0.4635E-01 0.4635E-01
    1903 0.3180E-02 0.3180E-02
    1904 0.3133E-02 0.3133E-02
    1905 0.3127E-02 0.3127E-02
    1906 0.2806E-02 0.2806E-02
    1907 0.2984E-02 0.2984E-02
    1908 0.2907E-02 0.2907E-02
    1909 0.2968E-02 0.2968E-02
    1910 0.2850E-02 0.2850E-02
    1911 0.2911E-02 0.2911E-02
    1912 0.2763E-02 0.2763E-02
    1913 0.2900E-02 0.2900E-02
    1914 0.2877E-02 0.2877E-02
    1915 0.2820E-02 0.2820E-02
    1916 0.2935E-02 0.2935E-02
    1917 0.7552E-02 0.7552E-02
    1918 0.3127E-02 0.3127E-02
    1919 0.3014E-02 0.3014E-02
    1920 0.3096E-02 0.3096E-02
    1921 0.2859E-02 0.2859E-02
    1922 0.3027E-02 0.3027E-02
    1923 0.2984E-02 0.2984E-02
    1924 0.3835E-02 0.3835E-02
    1925 0.3032E-02 0.3032E-02
    1926 0.3041E-02 0.3041E-02
    1927 0.2874E-02 0.2874E-02
    1928 0.3142E-02 0.3142E-02
    1929 0.3039E-02 0.3039E-02
    1930 0.3246E-02 0.3246E-02
    1931 0.3044E-02 0.3044E-02
    1932 0.2903E-02 0.2903E-02
    1933 0.5575E-02 0.5575E-02
    1934 0.3068E-02 0.3068E-02
    1935 0.2921E-02 0.2921E-02
    1936 0.3079E-02 0.3079E-02
    1937 0.3052E-02 0.3052E-02
    1938 0.3141E-02 0.3141E-02
    1939 0.3010E-02 0.3010E-02
    1940 0.3149E-02 0.3149E-02
    1941 0.3134E-02 0.3134E-02
    1942 0.3108E-02 0.3108E-02
    1943 0.3120E-02 0.3120E-02
    1944 0.2761E-02 0.2761E-02
    1945 0.3081E-02 0.3081E-02
    1946 0.2960E-02 0.2960E-02
    1947 0.3051E-02 0.3051E-02
    1948 0.3008E-02 0.3008E-02
    1949 0.2819E-02 0.2819E-02
    1950 0.3001E-02 0.3001E-02
    1951 0.3096E-02 0.3096E-02
    1952 0.3070E-02 0.3070E-02
    1953 0.3141E-02 0.3141E-02
    1954 0.3215E-02 0.3215E-02
    1955 0.3001E-02 0.3001E-02
    1956 0.3163E-02 0.3163E-02
    1957 0.3255E-02 0.3255E-02
    1958 0.3211E-02 0.3211E-02
    1959 0.2905E-02 0.2905E-02
    1960 0.3206E-02 0.3206E-02
    1961 0.3305E-02 0.3305E-02
    1962 0.3064E-02 0.3064E-02
    1963 0.2993E-02 0.2993E-02
    1964 0.3273E-02 0.3273E-02
    1965 0.7965E-02 0.7965E-02
    1966 0.2909E-02 0.2909E-02
    1967 0.3145E-02 0.3145E-02
    1968 0.2858E-02 0.2858E-02
    1969 0.3180E-02 0.3180E-02
    1970 0.3076E-02 0.3076E-02
    1971 0.1265E-01 0.1265E-01
    1972 0.3135E-02 0.3135E-02
    1973 0.3060E-02 0.3060E-02
    1974 0.3007E-02 0.3007E-02
    1975 0.3041E-02 0.3041E-02
    1976 0.3005E-02 0.3005E-02
    1977 0.2977E-02 0.2977E-02
    1978 0.2980E-02 0.2980E-02
    1979 0.3051E-02 0.3051E-02
    1980 0.2924E-02 0.2924E-02
    1981 0.3830E-02 0.3830E-02
    1982 0.3025E-02 0.3025E-02
    1983 0.3013E-02 0.3013E-02
    1984 0.4881E-02 0.4881E-02
    1985 0.3215E-02 0.3215E-02
    1986 0.3323E-02 0.3323E-02
    1987 0.6345E-02 0.6345E-02
    1988 0.2909E-02 0.2909E-02
    1989 0.4400E-02 0.4400E-02
    1990 0.2954E-02 0.2954E-02
    1991 0.2911E-02 0.2911E-02
    1992 0.2865E-02 0.2865E-02
    1993 0.3066E-02 0.3066E-02
    1994 0.3242E-02 0.3242E-02
    1995 0.2899E-02 0.2899E-02
    1996 0.3112E-02 0.3112E-02
    1997 0.3123E-02 0.3123E-02
    1998 0.2863E-02 0.2863E-02
    1999 0.2936E-02 0.2936E-02
    2000 0.3280E-02 0.3280E-02
    2001 0.1538E-01 0.1538E-01
    2002 0.2843E-02 0.2843E-02
    2003 0.2965E-02 0.2965E-02
    2004 0.2949E-02 0.2949E-02
    2005 0.3146E-02 0.3146E-02
    2006 0.3063E-02 0.3063E-02
    2007 0.3154E-02 0.3154E-02
    2008 0.2754E-02 0.2754E-02
    2009 0.3017E-02 0.3017E-02
    2010 0.3279E-02 0.3279E-02
    2011 0.3002E-02 0.3002E-02
    2012 0.2999E-02 0.2999E-02
    2013 0.3765E-02 0.3765E-02
    2014 0.2961E-02 0.2961E-02
    2015 0.7446E-02 0.7446E-02
    2016 0.3426E-02 0.3426E-02
    2017 0.4058E-02 0.4058E-02
    2018 0.1055E-01 0.1055E-01
    2019 0.3812E-02 0.3812E-02
    2020 0.3056E-02 0.3056E-02
    2021 0.3122E-02 0.3122E-02
    2022 0.6485E-02 0.6485E-02
    2023 0.2945E-02 0.2945E-02
    2024 0.2974E-02 0.2974E-02
    2025 0.2881E-02 0.2881E-02
    2026 0.2856E-02 0.2856E-02
    2027 0.3064E-02 0.3064E-02
    2028 0.2973E-02 0.2973E-02
    2029 0.3018E-02 0.3018E-02
    2030 0.3075E-02 0.3075E-02
    2031 0.3059E-02 0.3059E-02
    2032 0.3382E-02 0.3382E-02
    2033 0.1399E-01 0.1399E-01
    2034 0.3123E-02 0.3123E-02
    2035 0.3362E-02 0.3362E-02
    2036 0.4804E-02 0.4804E-02
    2037 0.2956E-02 0.2956E-02
    2038 0.2597E-02 0.2597E-02
    2039 0.2943E-02 0.2943E-02
    2040 0.2916E-02 0.2916E-02
    2041 0.2804E-02 0.2804E-02
    2042 0.2882E-02 0.2882E-02
    2043 0.2867E-02 0.2867E-02
    2044 0.3021E-02 0.3021E-02
    2045 0.2926E-02 0.2926E-02
    2046 0.2930E-02 0.2930E-02
    2047 0.2833E-02 0.2833E-02
    2048 0.2802E-02 0.2802E-02
    2049 0.2824E-02 0.2824E-02
    2050 0.2796E-02 0.2796E-02
    2051 0.2947E-02 0.2947E-02
    2052 0.5663E-02 0.5663E-02
    2053 0.3727E-02 0.3727E-02
    2054 0.2968E-02 0.2968E-02
    2055 0.3503E-02 0.3503E-02
    2056 0.2770E-02 0.2770E-02
    2057 0.2929E-02 0.2929E-02
    2058 0.3484E-02 0.3484E-02
    2059 0.2952E-02 0.2952E-02
    2060 0.2970E-02 0.2970E-02
    2061 0.2973E-02 0.2973E-02
    2062 0.2791E-02 0.2791E-02
    2063 0.2841E-02 0.2841E-02
    2064 0.2901E-02 0.2901E-02
    2065 0.3835E-02 0.3835E-02
    2066 0.3555E-02 0.3555E-02
    2067 0.3672E-02 0.3672E-02
    2068 0.3976E-02 0.3976E-02
    2069 0.3219E-02 0.3219E-02
    2070 0.2872E-02 0.2872E-02
    2071 0.3252E-02 0.3252E-02
    2072 0.3125E-02 0.3125E-02
    2073 0.2880E-02 0.2880E-02
    2074 0.2837E-02 0.2837E-02
    2075 0.2930E-02 0.2930E-02
    2076 0.2606E-02 0.2606E-02
    2077 0.2933E-02 0.2933E-02
    2078 0.3097E-02 0.3097E-02
    2079 0.3091E-02 0.3091E-02
    2080 0.6244E-02 0.6244E-02
    2081 0.3209E-02 0.3209E-02
    2082 0.2991E-02 0.2991E-02
    2083 0.3259E-02 0.3259E-02
    2084 0.3753E-02 0.3753E-02
    2085 0.6550E-02 0.6550E-02
    2086 0.3036E-02 0.3036E-02
    2087 0.2523E-02 0.2523E-02
    2088 0.2552E-02 0.2552E-02
    2089 0.2499E-02 0.2499E-02
    2090 0.2534E-02 0.2534E-02
    2091 0.2605E-02 0.2605E-02
    2092 0.2954E-02 0.2954E-02
    2093 0.3318E-02 0.3318E-02
    2094 0.2445E-02 0.2445E-02
    2095 0.3065E-02 0.3065E-02
    2096 0.2490E-02 0.2490E-02
    2097 0.2457E-02 0.2457E-02
    2098 0.2563E-02 0.2563E-02
    2099 0.5390E-02 0.5390E-02
    2100 0.2531E-02 0.2531E-02
    2101 0.3004E-02 0.3004E-02
    2102 0.2986E-02 0.2986E-02
    2103 0.2726E-02 0.2726E-02
    2104 0.2838E-02 0.2838E-02
    2105 0.4233E-02 0.4233E-02
    2106 0.3463E-02 0.3463E-02
    2107 0.1157E-01 0.1157E-01
    2108 0.5437E-01 0.5437E-01
    2109 0.9849E-02 0.9849E-02
    2110 0.8704E-02 0.8704E-02
    2111 0.3065E-02 0.3065E-02
    2112 0.3115E-02 0.3115E-02
    2113 0.3062E-02 0.3062E-02
    2114 0.4077E-02 0.4077E-02
    2115 0.3099E-02 0.3099E-02
    2116 0.3700E-02 0.3700E-02
    2117 0.3185E-02 0.3185E-02
    2118 0.3607E-02 0.3607E-02
    2119 0.3454E-02 0.3454E-02
    2120 0.3232E-02 0.3232E-02
    2121 0.3438E-02 0.3438E-02
    2122 0.3313E-02 0.3313E-02
    2123 0.3371E-02 0.3371E-02
    2124 0.3649E-02 0.3649E-02
    2125 0.3139E-02 0.3139E-02
    2126 0.3507E-02 0.3507E-02
    2127 0.3464E-02 0.3464E-02
    2128 0.3329E-02 0.3329E-02
    2129 0.3609E-02 0.3609E-02
    2130 0.3360E-02 0.3360E-02
    2131 0.5427E-02 0.5427E-02
    2132 0.3416E-02 0.3416E-02
    2133 0.3623E-02 0.3623E-02
    2134 0.3596E-02 0.3596E-02
    2135 0.3651E-02 0.3651E-02
    2136 0.3697E-02 0.3697E-02
    2137 0.3585E-02 0.3585E-02
    2138 0.3448E-02 0.3448E-02
    2139 0.3454E-02 0.3454E-02
    2140 0.3264E-02 0.3264E-02
    2141 0.3373E-02 0.3373E-02
    2142 0.3483E-02 0.3483E-02
    2143 0.3049E-02 0.3049E-02
    2144 0.3585E-02 0.3585E-02
    2145 0.7212E-02 0.7212E-02
    2146 0.3639E-02 0.3639E-02
    2147 0.3393E-02 0.3393E-02
    2148 0.3485E-02 0.3485E-02
    2149 0.3721E-02 0.3721E-02
    2150 0.3598E-02 0.3598E-02
    2151 0.4470E-02 0.4470E-02
    2152 0.3623E-02 0.3623E-02
    2153 0.3556E-02 0.3556E-02
    2154 0.6120E-02 0.6120E-02
    2155 0.3661E-02 0.3661E-02
    2156 0.3644E-02 0.3644E-02
    2157 0.3565E-02 0.3565E-02
    2158 0.3458E-02 0.3458E-02
    2159 0.2383E-01 0.2383E-01
    2160 0.3595E-02 0.3595E-02
    2161 0.3542E-02 0.3542E-02
    2162 0.3583E-02 0.3583E-02
    2163 0.3431E-02 0.3431E-02
    2164 0.3507E-02 0.3507E-02
    2165 0.3554E-02 0.3554E-02
    2166 0.3367E-02 0.3367E-02
    2167 0.3432E-02 0.3432E-02
    2168 0.4265E-02 0.4265E-02
    2169 0.3705E-02 0.3705E-02
    2170 0.4756E-02 0.4756E-02
    2171 0.3513E-02 0.3513E-02
    2172 0.3636E-02 0.3636E-02
    2173 0.3667E-02 0.3667E-02
    2174 0.3641E-02 0.3641E-02
    2175 0.3642E-02 0.3642E-02
    2176 0.3178E-02 0.3178E-02
    2177 0.3660E-02 0.3660E-02
    2178 0.3545E-02 0.3545E-02
    2179 0.5313E-02 0.5313E-02
    2180 0.3617E-02 0.3617E-02
    2181 0.3352E-02 0.3352E-02
    2182 0.3776E-02 0.3776E-02
    2183 0.3225E-02 0.3225E-02
    2184 0.3512E-02 0.3512E-02
    2185 0.3528E-02 0.3528E-02
    2186 0.5352E-02 0.5352E-02
    2187 0.3750E-02 0.3750E-02
    2188 0.3680E-02 0.3680E-02
    2189 0.3580E-02 0.3580E-02
    2190 0.3483E-02 0.3483E-02
    2191 0.3431E-02 0.3431E-02
    2192 0.3406E-02 0.3406E-02
    2193 0.3427E-02 0.3427E-02
    2194 0.4648E-02 0.4648E-02
    2195 0.3350E-02 0.3350E-02
    2196 0.3371E-02 0.3371E-02
    2197 0.3160E-02 0.3160E-02
    2198 0.3419E-02 0.3419E-02
    2199 0.4169E-02 0.4169E-02
    2200 0.3567E-02 0.3567E-02
    2201 0.3614E-02 0.3614E-02
    2202 0.3683E-02 0.3683E-02
    2203 0.3713E-02 0.3713E-02
    2204 0.3830E-02 0.3830E-02
    2205 0.3829E-02 0.3829E-02
    2206 0.3681E-02 0.3681E-02
    2207 0.3879E-02 0.3879E-02
    2208 0.3143E-02 0.3143E-02
    2209 0.3482E-02 0.3482E-02
    2210 0.3632E-02 0.3632E-02
    2211 0.5144E-02 0.5144E-02
    2212 0.3556E-02 0.3556E-02
    2213 0.3593E-02 0.3593E-02
    2214 0.3167E-02 0.3167E-02
    2215 0.3503E-02 0.3503E-02
    2216 0.3476E-02 0.3476E-02
    2217 0.3572E-02 0.3572E-02
    2218 0.3628E-02 0.3628E-02
    2219 0.3365E-02 0.3365E-02
    2220 0.3660E-02 0.3660E-02
    2221 0.4447E-01 0.4447E-01
    2222 0.3614E-02 0.3614E-02
    2223 0.3678E-02 0.3678E-02
    2224 0.3154E-02 0.3154E-02
    2225 0.3519E-02 0.3519E-02
    2226 0.3367E-02 0.3367E-02
    2227 0.3457E-02 0.3457E-02
    2228 0.3616E-02 0.3616E-02
    2229 0.3229E-02 0.3229E-02
    2230 0.3182E-02 0.3182E-02
    2231 0.3264E-02 0.3264E-02
    2232 0.3093E-02 0.3093E-02
    2233 0.2988E-02 0.2988E-02
    2234 0.3229E-02 0.3229E-02
    2235 0.3083E-02 0.3083E-02
    2236 0.3222E-02 0.3222E-02
    2237 0.3279E-02 0.3279E-02
    2238 0.3045E-02 0.3045E-02
    2239 0.3122E-02 0.3122E-02
    2240 0.3246E-02 0.3246E-02
    2241 0.3168E-02 0.3168E-02
    2242 0.2619E-02 0.2619E-02
    2243 0.2919E-02 0.2919E-02
    2244 0.3385E-02 0.3385E-02
    2245 0.4242E-02 0.4242E-02
    2246 0.3329E-02 0.3329E-02
    2247 0.3503E-02 0.3503E-02
    2248 0.3436E-02 0.3436E-02
    2249 0.5883E-02 0.5883E-02
    2250 0.3312E-02 0.3312E-02
    2251 0.4179E-02 0.4179E-02
    2252 0.3254E-02 0.3254E-02
    2253 0.3048E-02 0.3048E-02
    2254 0.3210E-02 0.3210E-02
    2255 0.3394E-02 0.3394E-02
    2256 0.4411E-02 0.4411E-02
    2257 0.3597E-02 0.3597E-02
    2258 0.3033E-02 0.3033E-02
    2259 0.3408E-02 0.3408E-02
    2260 0.5046E-01 0.5046E-01
    2261 0.3365E-02 0.3365E-02
    2262 0.3547E-02 0.3547E-02
    2263 0.3302E-02 0.3302E-02
    2264 0.3607E-02 0.3607E-02
    2265 0.3482E-02 0.3482E-02
    2266 0.3975E-02 0.3975E-02
    2267 0.3935E-02 0.3935E-02
    2268 0.3576E-02 0.3576E-02
    2269 0.3851E-02 0.3851E-02
    2270 0.3896E-02 0.3896E-02
    2271 0.4107E-02 0.4107E-02
    2272 0.6744E-02 0.6744E-02
    2273 0.3751E-02 0.3751E-02
    2274 0.3719E-02 0.3719E-02
    2275 0.3860E-02 0.3860E-02
    2276 0.3565E-02 0.3565E-02
    2277 0.3395E-02 0.3395E-02
    2278 0.3233E-02 0.3233E-02
    2279 0.1864E-01 0.1864E-01
    2280 0.3778E-02 0.3778E-02
    2281 0.3681E-02 0.3681E-02
    2282 0.3757E-02 0.3757E-02
    2283 0.3541E-02 0.3541E-02
    2284 0.3441E-02 0.3441E-02
    2285 0.3549E-02 0.3549E-02
    2286 0.3733E-02 0.3733E-02
    2287 0.3613E-02 0.3613E-02
    2288 0.3619E-02 0.3619E-02
    2289 0.3826E-02 0.3826E-02
    2290 0.3683E-02 0.3683E-02
    2291 0.3696E-02 0.3696E-02
    2292 0.3503E-02 0.3503E-02
    2293 0.3798E-02 0.3798E-02
    2294 0.3637E-02 0.3637E-02
    2295 0.3358E-02 0.3358E-02
    2296 0.3436E-02 0.3436E-02
    2297 0.3411E-02 0.3411E-02
    2298 0.3468E-02 0.3468E-02
    2299 0.3463E-02 0.3463E-02
    2300 0.3560E-02 0.3560E-02
    2301 0.3300E-02 0.3300E-02
    2302 0.3718E-02 0.3718E-02
    2303 0.3802E-02 0.3802E-02
    2304 0.3687E-02 0.3687E-02
    2305 0.3309E-02 0.3309E-02
    2306 0.3733E-02 0.3733E-02
    2307 0.3726E-02 0.3726E-02
    2308 0.3675E-02 0.3675E-02
    2309 0.3779E-02 0.3779E-02
    2310 0.3726E-02 0.3726E-02
    2311 0.3541E-02 0.3541E-02
    2312 0.3716E-02 0.3716E-02
    2313 0.3588E-02 0.3588E-02
    2314 0.3834E-02 0.3834E-02
    2315 0.3767E-02 0.3767E-02
    2316 0.3672E-02 0.3672E-02
    2317 0.3630E-02 0.3630E-02
    2318 0.3349E-02 0.3349E-02
    2319 0.3552E-02 0.3552E-02
    2320 0.4086E-02 0.4086E-02
    2321 0.3548E-02 0.3548E-02
    2322 0.3518E-02 0.3518E-02
    2323 0.3949E-02 0.3949E-02
    2324 0.3834E-02 0.3834E-02
    2325 0.4135E-02 0.4135E-02
    2326 0.3017E-01 0.3017E-01
    2327 0.3770E-02 0.3770E-02
    2328 0.3673E-02 0.3673E-02
    2329 0.3676E-02 0.3676E-02
    2330 0.3580E-02 0.3580E-02
    2331 0.3822E-02 0.3822E-02
    2332 0.4546E-02 0.4546E-02
    2333 0.3026E-02 0.3026E-02
    2334 0.3915E-02 0.3915E-02
    2335 0.9313E-02 0.9313E-02
    2336 0.3900E-02 0.3900E-02
    2337 0.5058E-02 0.5058E-02
    2338 0.3759E-02 0.3759E-02
    2339 0.3771E-02 0.3771E-02
    2340 0.3720E-02 0.3720E-02
    2341 0.3768E-02 0.3768E-02
    2342 0.3719E-02 0.3719E-02
    2343 0.3393E-02 0.3393E-02
    2344 0.6780E-02 0.6780E-02
    2345 0.3785E-02 0.3785E-02
    2346 0.3748E-02 0.3748E-02
    2347 0.1355E-01 0.1355E-01
    2348 0.4880E-02 0.4880E-02
    2349 0.3775E-02 0.3775E-02
    2350 0.3772E-02 0.3772E-02
    2351 0.3604E-02 0.3604E-02
    2352 0.5701E-02 0.5701E-02
    2353 0.3386E-02 0.3386E-02
    2354 0.3747E-02 0.3747E-02
    2355 0.3787E-02 0.3787E-02
    2356 0.4246E-02 0.4246E-02
    2357 0.3267E-02 0.3267E-02
    2358 0.3715E-02 0.3715E-02
    2359 0.4200E-02 0.4200E-02
    2360 0.3778E-02 0.3778E-02
    2361 0.3615E-02 0.3615E-02
    2362 0.3459E-02 0.3459E-02
    2363 0.3616E-02 0.3616E-02
    2364 0.3210E-02 0.3210E-02
    2365 0.3187E-02 0.3187E-02
    2366 0.3939E-02 0.3939E-02
    2367 0.3699E-02 0.3699E-02
    2368 0.3570E-02 0.3570E-02
    2369 0.3514E-02 0.3514E-02
    2370 0.3778E-02 0.3778E-02
    2371 0.3587E-02 0.3587E-02
    2372 0.3289E-02 0.3289E-02
    2373 0.4919E-02 0.4919E-02
    2374 0.3550E-02 0.3550E-02
    2375 0.3491E-02 0.3491E-02
    2376 0.3646E-02 0.3646E-02
    2377 0.3748E-02 0.3748E-02
    2378 0.3122E-02 0.3122E-02
    2379 0.3598E-02 0.3598E-02
    2380 0.3565E-02 0.3565E-02
    2381 0.3365E-02 0.3365E-02
    2382 0.3493E-02 0.3493E-02
    2383 0.3853E-02 0.3853E-02
    2384 0.3652E-02 0.3652E-02
    2385 0.3661E-02 0.3661E-02
    2386 0.3339E-02 0.3339E-02
    2387 0.3544E-02 0.3544E-02
    2388 0.3742E-02 0.3742E-02
    2389 0.5502E-02 0.5502E-02
    2390 0.3426E-02 0.3426E-02
    2391 0.3469E-02 0.3469E-02
    2392 0.3569E-02 0.3569E-02
    2393 0.3258E-02 0.3258E-02
    2394 0.3458E-02 0.3458E-02
    2395 0.3486E-02 0.3486E-02
    2396 0.3480E-02 0.3480E-02
    2397 0.3662E-02 0.3662E-02
    2398 0.3462E-02 0.3462E-02
    2399 0.3144E-02 0.3144E-02
    2400 0.3592E-02 0.3592E-02
    2401 0.3577E-02 0.3577E-02
    2402 0.2988E-02 0.2988E-02
    2403 0.3564E-02 0.3564E-02
    2404 0.3465E-02 0.3465E-02
    2405 0.3357E-02 0.3357E-02
    2406 0.3394E-02 0.3394E-02
    2407 0.3514E-02 0.3514E-02
    2408 0.3577E-02 0.3577E-02
    2409 0.3301E-02 0.3301E-02
    2410 0.3483E-02 0.3483E-02
    2411 0.3555E-02 0.3555E-02
    2412 0.3458E-02 0.3458E-02
    2413 0.3624E-02 0.3624E-02
    2414 0.3448E-02 0.3448E-02
    2415 0.3579E-02 0.3579E-02
    2416 0.3605E-02 0.3605E-02
    2417 0.3659E-02 0.3659E-02
    2418 0.3317E-02 0.3317E-02
    2419 0.3544E-02 0.3544E-02
    2420 0.3565E-02 0.3565E-02
    2421 0.3408E-02 0.3408E-02
    2422 0.3613E-02 0.3613E-02
    2423 0.3234E-02 0.3234E-02
    2424 0.3627E-02 0.3627E-02
    2425 0.3621E-02 0.3621E-02
    2426 0.3677E-02 0.3677E-02
    2427 0.3590E-02 0.3590E-02
    2428 0.3401E-02 0.3401E-02
    2429 0.3703E-02 0.3703E-02
    2430 0.3268E-02 0.3268E-02
    2431 0.3416E-02 0.3416E-02
    2432 0.3642E-02 0.3642E-02
    2433 0.3463E-02 0.3463E-02
    2434 0.3799E-02 0.3799E-02
    2435 0.3583E-02 0.3583E-02
    2436 0.3284E-02 0.3284E-02
    2437 0.3675E-02 0.3675E-02
    2438 0.4112E-02 0.4112E-02
    2439 0.3366E-02 0.3366E-02
    2440 0.4327E-02 0.4327E-02
    2441 0.3847E-02 0.3847E-02
    2442 0.3782E-02 0.3782E-02
    2443 0.3633E-02 0.3633E-02
    2444 0.3749E-02 0.3749E-02
    2445 0.3784E-02 0.3784E-02
    2446 0.3774E-02 0.3774E-02
    2447 0.3557E-02 0.3557E-02
    2448 0.3342E-02 0.3342E-02
    2449 0.3593E-02 0.3593E-02
    2450 0.4196E-02 0.4196E-02
    2451 0.3625E-02 0.3625E-02
    2452 0.3760E-02 0.3760E-02
    2453 0.3608E-02 0.3608E-02
    2454 0.3680E-02 0.3680E-02
    2455 0.3655E-02 0.3655E-02
    2456 0.3648E-02 0.3648E-02
    2457 0.3795E-02 0.3795E-02
    2458 0.3431E-02 0.3431E-02
    2459 0.3404E-02 0.3404E-02
    2460 0.4450E-02 0.4450E-02
    2461 0.3625E-02 0.3625E-02
    2462 0.3039E-02 0.3039E-02
    2463 0.3377E-02 0.3377E-02
    2464 0.3243E-02 0.3243E-02
    2465 0.3673E-02 0.3673E-02
    2466 0.3547E-02 0.3547E-02
    2467 0.3679E-02 0.3679E-02
    2468 0.3493E-02 0.3493E-02
    2469 0.3649E-02 0.3649E-02
    2470 0.3599E-02 0.3599E-02
    2471 0.3692E-02 0.3692E-02
    2472 0.3415E-02 0.3415E-02
    2473 0.3581E-02 0.3581E-02
    2474 0.3528E-02 0.3528E-02
    2475 0.3348E-02 0.3348E-02
    2476 0.6754E-02 0.6754E-02
    2477 0.3614E-02 0.3614E-02
    2478 0.3581E-02 0.3581E-02
    2479 0.3555E-02 0.3555E-02
    2480 0.3438E-02 0.3438E-02
    2481 0.3827E-01 0.3827E-01
    2482 0.3656E-02 0.3656E-02
    2483 0.3615E-02 0.3615E-02
    2484 0.4024E-02 0.4024E-02
    2485 0.3728E-02 0.3728E-02
    2486 0.3202E-02 0.3202E-02
    2487 0.4884E-02 0.4884E-02
    2488 0.3683E-02 0.3683E-02
    2489 0.3668E-02 0.3668E-02
    2490 0.3515E-02 0.3515E-02
    2491 0.3771E-02 0.3771E-02
    2492 0.3092E-02 0.3092E-02
    2493 0.3518E-02 0.3518E-02
    2494 0.3476E-02 0.3476E-02
    2495 0.3725E-02 0.3725E-02
    2496 0.4030E-02 0.4030E-02
    2497 0.3795E-02 0.3795E-02
    2498 0.3177E-02 0.3177E-02
    2499 0.3421E-02 0.3421E-02
    2500 0.3276E-02 0.3276E-02
    2501 0.3050E-02 0.3050E-02
    2502 0.3447E-02 0.3447E-02
    2503 0.4076E-02 0.4076E-02
    2504 0.3500E-02 0.3500E-02
    2505 0.3534E-02 0.3534E-02
    2506 0.3942E-02 0.3942E-02
    2507 0.3926E-02 0.3926E-02
    2508 0.3686E-02 0.3686E-02
    2509 0.3616E-02 0.3616E-02
    2510 0.3458E-02 0.3458E-02
    2511 0.3433E-02 0.3433E-02
    2512 0.3541E-02 0.3541E-02
    2513 0.8146E-02 0.8146E-02
    2514 0.3334E-02 0.3334E-02
    2515 0.3303E-02 0.3303E-02
    2516 0.3609E-02 0.3609E-02
    2517 0.3646E-02 0.3646E-02
    2518 0.3926E-02 0.3926E-02
    2519 0.4198E-02 0.4198E-02
    2520 0.7724E-02 0.7724E-02
    2521 0.3591E-02 0.3591E-02
    2522 0.3390E-02 0.3390E-02
    2523 0.3496E-02 0.3496E-02
    2524 0.4069E-02 0.4069E-02
    2525 0.3948E-02 0.3948E-02
    2526 0.7791E-02 0.7791E-02
    2527 0.3563E-02 0.3563E-02
    2528 0.3435E-02 0.3435E-02
    2529 0.3300E-02 0.3300E-02
    2530 0.3535E-02 0.3535E-02
    2531 0.3688E-02 0.3688E-02
    2532 0.3180E-02 0.3180E-02
    2533 0.3462E-02 0.3462E-02
    2534 0.3776E-02 0.3776E-02
    2535 0.4010E-02 0.4010E-02
    2536 0.3414E-02 0.3414E-02
    2537 0.3574E-02 0.3574E-02
    2538 0.3680E-02 0.3680E-02
    2539 0.3818E-02 0.3818E-02
    2540 0.3464E-02 0.3464E-02
    2541 0.4409E-02 0.4409E-02
    2542 0.3565E-02 0.3565E-02
    2543 0.3573E-02 0.3573E-02
    2544 0.3586E-02 0.3586E-02
    2545 0.3352E-02 0.3352E-02
    2546 0.3572E-02 0.3572E-02
    2547 0.3278E-02 0.3278E-02
    2548 0.3576E-02 0.3576E-02
    2549 0.4333E-02 0.4333E-02
    2550 0.3932E-02 0.3932E-02
    2551 0.3355E-02 0.3355E-02
    2552 0.3536E-02 0.3536E-02
    2553 0.3211E-02 0.3211E-02
    2554 0.3501E-02 0.3501E-02
    2555 0.3562E-02 0.3562E-02
    2556 0.3256E-02 0.3256E-02
    2557 0.3823E-02 0.3823E-02
    2558 0.3608E-02 0.3608E-02
    2559 0.3305E-02 0.3305E-02
    2560 0.3720E-02 0.3720E-02
    2561 0.3589E-02 0.3589E-02
    2562 0.3570E-02 0.3570E-02
    2563 0.3650E-02 0.3650E-02
    2564 0.3493E-02 0.3493E-02
    2565 0.3579E-02 0.3579E-02
    2566 0.3689E-02 0.3689E-02
    2567 0.3526E-02 0.3526E-02
    2568 0.3436E-02 0.3436E-02
    2569 0.3467E-02 0.3467E-02
    2570 0.3397E-02 0.3397E-02
    2571 0.1014E-01 0.1014E-01
    2572 0.3559E-02 0.3559E-02
    2573 0.3556E-02 0.3556E-02
    2574 0.6555E-02 0.6555E-02
    2575 0.3239E-02 0.3239E-02
    2576 0.3284E-02 0.3284E-02
    2577 0.3460E-02 0.3460E-02
    2578 0.3449E-02 0.3449E-02
    2579 0.3563E-02 0.3563E-02
    2580 0.3501E-02 0.3501E-02
    2581 0.3190E-02 0.3190E-02
    2582 0.3030E-02 0.3030E-02
    2583 0.3366E-02 0.3366E-02
    2584 0.3314E-02 0.3314E-02
    2585 0.3544E-02 0.3544E-02
    2586 0.3497E-02 0.3497E-02
    2587 0.3449E-02 0.3449E-02
    2588 0.3415E-02 0.3415E-02
    2589 0.3405E-02 0.3405E-02
    2590 0.5161E-02 0.5161E-02
    2591 0.3846E-02 0.3846E-02
    2592 0.3655E-02 0.3655E-02
    2593 0.3648E-02 0.3648E-02
    2594 0.3399E-02 0.3399E-02
    2595 0.3477E-02 0.3477E-02
    2596 0.3321E-02 0.3321E-02
    2597 0.3287E-02 0.3287E-02
    2598 0.3354E-02 0.3354E-02
    2599 0.3603E-02 0.3603E-02
    2600 0.3368E-02 0.3368E-02
    2601 0.3370E-02 0.3370E-02
    2602 0.2985E-02 0.2985E-02
    2603 0.3386E-02 0.3386E-02
    2604 0.3619E-02 0.3619E-02
    2605 0.3415E-02 0.3415E-02
    2606 0.3510E-02 0.3510E-02
    2607 0.3469E-02 0.3469E-02
    2608 0.7013E+00 0.7013E+00
    2609 0.3509E-02 0.3509E-02
    2610 0.3535E-02 0.3535E-02
    2611 0.3634E-02 0.3634E-02
    2612 0.3553E-02 0.3553E-02
    2613 0.3486E-02 0.3486E-02
    2614 0.3605E-02 0.3605E-02
    2615 0.3545E-02 0.3545E-02
    2616 0.3677E-02 0.3677E-02
    2617 0.3474E-02 0.3474E-02
    2618 0.3465E-02 0.3465E-02
    2619 0.3696E-02 0.3696E-02
    2620 0.3519E-02 0.3519E-02
    2621 0.3366E-02 0.3366E-02
    2622 0.3666E-02 0.3666E-02
    2623 0.3354E-02 0.3354E-02
    2624 0.3569E-02 0.3569E-02
    2625 0.3513E-02 0.3513E-02
    2626 0.6480E-02 0.6480E-02
    2627 0.7480E-02 0.7480E-02
    2628 0.3533E-02 0.3533E-02
    2629 0.3313E-02 0.3313E-02
    2630 0.3662E-02 0.3662E-02
    2631 0.3441E-02 0.3441E-02
    2632 0.4599E-02 0.4599E-02
    2633 0.7704E-02 0.7704E-02
    2634 0.3526E-02 0.3526E-02
    2635 0.3762E-02 0.3762E-02
    2636 0.2921E-02 0.2921E-02
    2637 0.3416E-02 0.3416E-02
    2638 0.3111E-02 0.3111E-02
    2639 0.3642E-02 0.3642E-02
    2640 0.4134E-02 0.4134E-02
    2641 0.3407E-02 0.3407E-02
    2642 0.3442E-02 0.3442E-02
    2643 0.3972E-02 0.3972E-02
    2644 0.3444E-02 0.3444E-02
    2645 0.3332E-02 0.3332E-02
    2646 0.4001E-02 0.4001E-02
    2647 0.3362E-02 0.3362E-02
    2648 0.3542E-02 0.3542E-02
    2649 0.3369E-02 0.3369E-02
    2650 0.3417E-02 0.3417E-02
    2651 0.3470E-02 0.3470E-02
    2652 0.3140E-02 0.3140E-02
    2653 0.3384E-02 0.3384E-02
    2654 0.3492E-02 0.3492E-02
    2655 0.3070E-02 0.3070E-02
    2656 0.3504E-02 0.3504E-02
    2657 0.3520E-02 0.3520E-02
    2658 0.8605E-02 0.8605E-02
    2659 0.3382E-02 0.3382E-02
    2660 0.3496E-02 0.3496E-02
    2661 0.3539E-02 0.3539E-02
    2662 0.3571E-02 0.3571E-02
    2663 0.3550E-02 0.3550E-02
    2664 0.3290E-02 0.3290E-02
    2665 0.3254E-02 0.3254E-02
    2666 0.3528E-02 0.3528E-02
    2667 0.6390E-02 0.6390E-02
    2668 0.3316E-02 0.3316E-02
    2669 0.3596E-02 0.3596E-02
    2670 0.3740E-02 0.3740E-02
    2671 0.3638E-02 0.3638E-02
    2672 0.3356E-02 0.3356E-02
    2673 0.3029E-02 0.3029E-02
    2674 0.4026E-02 0.4026E-02
    2675 0.3334E-02 0.3334E-02
    2676 0.3237E-02 0.3237E-02
    2677 0.3521E-02 0.3521E-02
    2678 0.3287E-02 0.3287E-02
    2679 0.3562E-02 0.3562E-02
    2680 0.3921E-02 0.3921E-02
    2681 0.4016E-02 0.4016E-02
    2682 0.4060E-02 0.4060E-02
    2683 0.3766E-02 0.3766E-02
    2684 0.3848E-02 0.3848E-02
    2685 0.4078E-02 0.4078E-02
    2686 0.3851E-02 0.3851E-02
    2687 0.3494E-02 0.3494E-02
    2688 0.3664E-02 0.3664E-02
    2689 0.3621E-02 0.3621E-02
    2690 0.3702E-02 0.3702E-02
    2691 0.3694E-02 0.3694E-02
    2692 0.3526E-02 0.3526E-02
    2693 0.3635E-02 0.3635E-02
    2694 0.6358E-02 0.6358E-02
    2695 0.3584E-02 0.3584E-02
    2696 0.3429E-02 0.3429E-02
    2697 0.3493E-02 0.3493E-02
    2698 0.3648E-02 0.3648E-02
    2699 0.3216E-02 0.3216E-02
    2700 0.3397E-02 0.3397E-02
    2701 0.3005E-02 0.3005E-02
    2702 0.3346E-02 0.3346E-02
    2703 0.3475E-02 0.3475E-02
    2704 0.3254E-02 0.3254E-02
    2705 0.3474E-02 0.3474E-02
    2706 0.3324E-02 0.3324E-02
    2707 0.3109E-02 0.3109E-02
    2708 0.3993E-02 0.3993E-02
    2709 0.3470E-02 0.3470E-02
    2710 0.3460E-02 0.3460E-02
    2711 0.5440E-02 0.5440E-02
    2712 0.3459E-02 0.3459E-02
    2713 0.3419E-02 0.3419E-02
    2714 0.3944E-02 0.3944E-02
    2715 0.3589E-02 0.3589E-02
    2716 0.3262E-02 0.3262E-02
    2717 0.3582E-02 0.3582E-02
    2718 0.3804E-02 0.3804E-02
    2719 0.4683E-02 0.4683E-02
    2720 0.5937E-02 0.5937E-02
    2721 0.7244E-01 0.7244E-01
    2722 0.6465E-02 0.6465E-02
    2723 0.8688E-02 0.8688E-02
    2724 0.3901E-02 0.3901E-02
    2725 0.4268E-02 0.4268E-02
    2726 0.3719E-02 0.3719E-02
    2727 0.3478E-02 0.3478E-02
    2728 0.3479E-02 0.3479E-02
    2729 0.3410E-02 0.3410E-02
    2730 0.3638E-02 0.3638E-02
    2731 0.3721E-02 0.3721E-02
    2732 0.3656E-02 0.3656E-02
    2733 0.3931E-02 0.3931E-02
    2734 0.3337E-02 0.3337E-02
    2735 0.3676E-02 0.3676E-02
    2736 0.3725E-02 0.3725E-02
    2737 0.4068E-02 0.4068E-02
    2738 0.3565E-02 0.3565E-02
    2739 0.3697E-02 0.3697E-02
    2740 0.3639E-02 0.3639E-02
    2741 0.3411E-02 0.3411E-02
    2742 0.3531E-02 0.3531E-02
    2743 0.3685E-02 0.3685E-02
    2744 0.3691E-02 0.3691E-02
    2745 0.8116E+01 0.8116E+01
    2746 0.4713E-02 0.4713E-02
    2747 0.3645E-02 0.3645E-02
    2748 0.4011E-02 0.4011E-02
    2749 0.1638E-01 0.1638E-01
    2750 0.3815E-02 0.3815E-02
    2751 0.3819E-02 0.3819E-02
    2752 0.3764E-02 0.3764E-02
    2753 0.3779E-02 0.3779E-02
    2754 0.3802E-02 0.3802E-02
    2755 0.3444E-02 0.3444E-02
    2756 0.4722E-02 0.4722E-02
    2757 0.3744E-02 0.3744E-02
    2758 0.4956E-02 0.4956E-02
    2759 0.8864E-02 0.8864E-02
    2760 0.3847E-02 0.3847E-02
    2761 0.3613E-02 0.3613E-02
    2762 0.1156E-01 0.1156E-01
    2763 0.3666E-02 0.3666E-02
    2764 0.3808E-02 0.3808E-02
    2765 0.5327E-02 0.5327E-02
    2766 0.3414E-02 0.3414E-02
    2767 0.3906E-02 0.3906E-02
    2768 0.3490E-02 0.3490E-02
    2769 0.3830E-02 0.3830E-02
    2770 0.3469E-02 0.3469E-02
    2771 0.3623E-02 0.3623E-02
    2772 0.3562E-02 0.3562E-02
    2773 0.3832E-02 0.3832E-02
    2774 0.3448E-02 0.3448E-02
    2775 0.3579E-02 0.3579E-02
    2776 0.3449E-02 0.3449E-02
    2777 0.3553E-02 0.3553E-02
    2778 0.3754E-02 0.3754E-02
    2779 0.6956E-02 0.6956E-02
    2780 0.3580E-02 0.3580E-02
    2781 0.3532E-02 0.3532E-02
    2782 0.3374E-02 0.3374E-02
    2783 0.3917E-02 0.3917E-02
    2784 0.3926E-02 0.3926E-02
    2785 0.3805E-02 0.3805E-02
    2786 0.3867E-02 0.3867E-02
    2787 0.5320E-02 0.5320E-02
    2788 0.3655E-02 0.3655E-02
    2789 0.3706E-02 0.3706E-02
    2790 0.4106E-02 0.4106E-02
    2791 0.3803E-02 0.3803E-02
    2792 0.4112E-02 0.4112E-02
    2793 0.4118E-02 0.4118E-02
    2794 0.4074E-02 0.4074E-02
    2795 0.3985E-02 0.3985E-02
    2796 0.3831E-02 0.3831E-02
    2797 0.3985E-02 0.3985E-02
    2798 0.4020E-02 0.4020E-02
    2799 0.3840E-02 0.3840E-02
    2800 0.3362E-02 0.3362E-02
    2801 0.3789E-02 0.3789E-02
    2802 0.3649E-02 0.3649E-02
    2803 0.3811E-02 0.3811E-02
    2804 0.3808E-02 0.3808E-02
    2805 0.3654E-02 0.3654E-02
    2806 0.3340E-02 0.3340E-02
    2807 0.3460E-02 0.3460E-02
    2808 0.3596E-02 0.3596E-02
    2809 0.3564E-02 0.3564E-02
    2810 0.3745E-02 0.3745E-02
    2811 0.3824E-02 0.3824E-02
    2812 0.4209E-02 0.4209E-02
    2813 0.3823E-02 0.3823E-02
    2814 0.3744E-02 0.3744E-02
    2815 0.3432E-02 0.3432E-02
    2816 0.3652E-02 0.3652E-02
    2817 0.3553E-02 0.3553E-02
    2818 0.3190E-02 0.3190E-02
    2819 0.3628E-02 0.3628E-02
    2820 0.3647E-02 0.3647E-02
    2821 0.3163E-02 0.3163E-02
    2822 0.3601E-02 0.3601E-02
    2823 0.3682E-02 0.3682E-02
    2824 0.3787E-02 0.3787E-02
    2825 0.3817E-02 0.3817E-02
    2826 0.3594E-02 0.3594E-02
    2827 0.3844E-02 0.3844E-02
    2828 0.3154E-01 0.3154E-01
    2829 0.3578E-02 0.3578E-02
    2830 0.3005E-02 0.3005E-02
    2831 0.3409E-02 0.3409E-02
    2832 0.4906E-02 0.4906E-02
    2833 0.3980E-02 0.3980E-02
    2834 0.4205E-02 0.4205E-02
    2835 0.3656E-02 0.3656E-02
    2836 0.3991E-02 0.3991E-02
    2837 0.4335E-02 0.4335E-02
    2838 0.4445E-02 0.4445E-02
    2839 0.4734E-02 0.4734E-02
    2840 0.4173E-02 0.4173E-02
    2841 0.4012E-02 0.4012E-02
    2842 0.4543E-02 0.4543E-02
    2843 0.3767E-02 0.3767E-02
    2844 0.3871E-02 0.3871E-02
    2845 0.3996E-02 0.3996E-02
    2846 0.4789E-02 0.4789E-02
    2847 0.5240E-02 0.5240E-02
    2848 0.5232E-02 0.5232E-02
    2849 0.4175E-02 0.4175E-02
    2850 0.7563E-02 0.7563E-02
    2851 0.4220E-02 0.4220E-02
    2852 0.4014E-02 0.4014E-02
    2853 0.4466E-02 0.4466E-02
    2854 0.3610E-02 0.3610E-02
    2855 0.3481E-02 0.3481E-02
    2856 0.3199E-02 0.3199E-02
    2857 0.6919E-02 0.6919E-02
    2858 0.3052E-02 0.3052E-02
    2859 0.3445E-02 0.3445E-02
    2860 0.3546E-02 0.3546E-02
    2861 0.8825E-02 0.8825E-02
    2862 0.3205E-02 0.3205E-02
    2863 0.2949E-02 0.2949E-02
    2864 0.3141E-02 0.3141E-02
    2865 0.3336E-02 0.3336E-02
    2866 0.3278E-02 0.3278E-02
    2867 0.3987E-02 0.3987E-02
    2868 0.3877E-02 0.3877E-02
    2869 0.3715E-02 0.3715E-02
    2870 0.3479E-02 0.3479E-02
    2871 0.3522E-02 0.3522E-02
    2872 0.3692E-02 0.3692E-02
    2873 0.3650E-02 0.3650E-02
    2874 0.3579E-02 0.3579E-02
    2875 0.3496E-02 0.3496E-02
    2876 0.5984E-02 0.5984E-02
    2877 0.8354E-02 0.8354E-02
    2878 0.3480E-02 0.3480E-02
    2879 0.3382E-02 0.3382E-02
    2880 0.3398E-02 0.3398E-02
    2881 0.5937E-02 0.5937E-02
    2882 0.3418E-02 0.3418E-02
    2883 0.3600E-02 0.3600E-02
    2884 0.3452E-02 0.3452E-02
    2885 0.3721E-02 0.3721E-02
    2886 0.5166E-02 0.5166E-02
    2887 0.5928E-01 0.5928E-01
    2888 0.3615E-02 0.3615E-02
    2889 0.2876E-02 0.2876E-02
    2890 0.3332E-02 0.3332E-02
    2891 0.3451E-02 0.3451E-02
    2892 0.3311E-02 0.3311E-02
    2893 0.3239E-02 0.3239E-02
    2894 0.3300E-02 0.3300E-02
    2895 0.2960E-02 0.2960E-02
    2896 0.3396E-02 0.3396E-02
    2897 0.7088E-02 0.7088E-02
    2898 0.3498E-02 0.3498E-02
    2899 0.3577E-02 0.3577E-02
    2900 0.3809E-02 0.3809E-02
    2901 0.3261E-02 0.3261E-02
    2902 0.3426E-02 0.3426E-02
    2903 0.3257E-02 0.3257E-02
    2904 0.3479E-02 0.3479E-02
    2905 0.4110E-02 0.4110E-02
    2906 0.3302E-02 0.3302E-02
    2907 0.2476E-01 0.2476E-01
    2908 0.3592E-02 0.3592E-02
    2909 0.3802E-02 0.3802E-02
    2910 0.3569E-02 0.3569E-02
    2911 0.3475E-02 0.3475E-02
    2912 0.3518E-02 0.3518E-02
    2913 0.6121E-02 0.6121E-02
    2914 0.3304E-02 0.3304E-02
    2915 0.3297E-02 0.3297E-02
    2916 0.3347E-02 0.3347E-02
    2917 0.3469E-02 0.3469E-02
    2918 0.3300E-02 0.3300E-02
    2919 0.3340E-02 0.3340E-02
    2920 0.3404E-02 0.3404E-02
    2921 0.3388E-02 0.3388E-02
    2922 0.3330E-02 0.3330E-02
    2923 0.3168E-02 0.3168E-02
    2924 0.3309E-02 0.3309E-02
    2925 0.3529E-02 0.3529E-02
    2926 0.3967E-02 0.3967E-02
    2927 0.3410E-02 0.3410E-02
    2928 0.3484E-02 0.3484E-02
    2929 0.4583E-02 0.4583E-02
    2930 0.1258E+00 0.1258E+00
    2931 0.3474E-02 0.3474E-02
    2932 0.2948E-02 0.2948E-02
    2933 0.3170E-02 0.3170E-02
    2934 0.3524E-02 0.3524E-02
    2935 0.3367E-02 0.3367E-02
    2936 0.3722E-02 0.3722E-02
    2937 0.3608E-02 0.3608E-02
    2938 0.3538E-02 0.3538E-02
    2939 0.3597E-02 0.3597E-02
    2940 0.3961E-02 0.3961E-02
    2941 0.3660E-02 0.3660E-02
    2942 0.3380E-02 0.3380E-02
    2943 0.4563E-02 0.4563E-02
    2944 0.3640E-02 0.3640E-02
    2945 0.7548E-02 0.7548E-02
    2946 0.7373E-02 0.7373E-02
    2947 0.3339E-02 0.3339E-02
    2948 0.3622E-02 0.3622E-02
    2949 0.3526E-02 0.3526E-02
    2950 0.1037E-01 0.1037E-01
    2951 0.4204E-01 0.4204E-01
    2952 0.3655E-02 0.3655E-02
    2953 0.4378E-02 0.4378E-02
    2954 0.3416E-02 0.3416E-02
    2955 0.3575E-02 0.3575E-02
    2956 0.3729E-02 0.3729E-02
    2957 0.3498E-02 0.3498E-02
    2958 0.3414E-02 0.3414E-02
    2959 0.3345E-02 0.3345E-02
    2960 0.3200E-02 0.3200E-02
    2961 0.3552E-02 0.3552E-02
    2962 0.3454E-02 0.3454E-02
    2963 0.3639E-02 0.3639E-02
    2964 0.1246E+00 0.1246E+00
    2965 0.3160E-02 0.3160E-02
    2966 0.3475E-02 0.3475E-02
    2967 0.3713E-02 0.3713E-02
    2968 0.4059E-02 0.4059E-02
    2969 0.3343E-02 0.3343E-02
    2970 0.3061E-02 0.3061E-02
    2971 0.3129E-02 0.3129E-02
    2972 0.3179E-02 0.3179E-02
    2973 0.3005E-02 0.3005E-02
    2974 0.3182E-02 0.3182E-02
    2975 0.3130E-02 0.3130E-02
    2976 0.3158E-02 0.3158E-02
    2977 0.3178E-02 0.3178E-02
    2978 0.5326E-02 0.5326E-02
    2979 0.3392E-02 0.3392E-02
    2980 0.2980E-02 0.2980E-02
    2981 0.3114E-02 0.3114E-02
    2982 0.2659E-02 0.2659E-02
    2983 0.3075E-02 0.3075E-02
    2984 0.3003E-02 0.3003E-02
    2985 0.3148E-02 0.3148E-02
    2986 0.2903E-02 0.2903E-02
    2987 0.3273E-02 0.3273E-02
    2988 0.2905E-02 0.2905E-02
    2989 0.3032E-02 0.3032E-02
    2990 0.2928E-02 0.2928E-02
    2991 0.3187E-02 0.3187E-02
    2992 0.3088E-02 0.3088E-02
    2993 0.2943E-02 0.2943E-02
    2994 0.3224E-02 0.3224E-02
    2995 0.3751E-02 0.3751E-02
    2996 0.4052E-02 0.4052E-02
    2997 0.6266E-02 0.6266E-02
    2998 0.4237E-02 0.4237E-02
    2999 0.7111E-02 0.7111E-02
    3000 0.3326E-02 0.3326E-02
    3001 0.3247E-02 0.3247E-02
    3002 0.3209E-02 0.3209E-02
    3003 0.3436E-02 0.3436E-02
    3004 0.9474E-02 0.9474E-02
    3005 0.3423E-02 0.3423E-02
    3006 0.3298E-02 0.3298E-02
    3007 0.2975E-02 0.2975E-02
    3008 0.3167E-02 0.3167E-02
    3009 0.3132E-02 0.3132E-02
    3010 0.2874E-02 0.2874E-02
    3011 0.3243E-02 0.3243E-02
    3012 0.3202E-02 0.3202E-02
    3013 0.3214E-02 0.3214E-02
    3014 0.3237E-02 0.3237E-02
    3015 0.8679E-02 0.8679E-02
    3016 0.3203E-02 0.3203E-02
    3017 0.3214E-02 0.3214E-02
    3018 0.3493E-02 0.3493E-02
    3019 0.1246E-01 0.1246E-01
    3020 0.3333E-02 0.3333E-02
    3021 0.3414E-02 0.3414E-02
    3022 0.3119E-02 0.3119E-02
    3023 0.3300E-02 0.3300E-02
    3024 0.3222E-02 0.3222E-02
    3025 0.2875E-02 0.2875E-02
    3026 0.3678E-02 0.3678E-02
    3027 0.3235E-02 0.3235E-02
    3028 0.3231E-02 0.3231E-02
    3029 0.3335E-02 0.3335E-02
    3030 0.5183E-02 0.5183E-02
    3031 0.3350E-02 0.3350E-02
    3032 0.3161E-02 0.3161E-02
    3033 0.3113E-02 0.3113E-02
    3034 0.3177E-02 0.3177E-02
    3035 0.3317E-02 0.3317E-02
    3036 0.3269E-02 0.3269E-02
    3037 0.3091E-02 0.3091E-02
    3038 0.3303E-02 0.3303E-02
    3039 0.3235E-02 0.3235E-02
    3040 0.3174E-02 0.3174E-02
    3041 0.3413E-02 0.3413E-02
    3042 0.3470E-02 0.3470E-02
    3043 0.3255E-02 0.3255E-02
    3044 0.3149E-02 0.3149E-02
    3045 0.3351E-02 0.3351E-02
    3046 0.2926E-02 0.2926E-02
    3047 0.3225E-02 0.3225E-02
    3048 0.3350E-02 0.3350E-02
    3049 0.3412E-02 0.3412E-02
    3050 0.3373E-02 0.3373E-02
    3051 0.3312E-02 0.3312E-02
    3052 0.3179E-02 0.3179E-02
    3053 0.3364E-02 0.3364E-02
    3054 0.3224E-02 0.3224E-02
    3055 0.3328E-02 0.3328E-02
    3056 0.3451E-02 0.3451E-02
    3057 0.3328E-02 0.3328E-02
    3058 0.3171E-02 0.3171E-02
    3059 0.3146E-02 0.3146E-02
    3060 0.3440E-02 0.3440E-02
    3061 0.3339E-02 0.3339E-02
    3062 0.2950E-02 0.2950E-02
    3063 0.2934E-02 0.2934E-02
    3064 0.3232E-02 0.3232E-02
    3065 0.3193E-02 0.3193E-02
    3066 0.2865E-02 0.2865E-02
    3067 0.3203E-02 0.3203E-02
    3068 0.3054E-02 0.3054E-02
    3069 0.3189E-02 0.3189E-02
    3070 0.3190E-02 0.3190E-02
    3071 0.3040E-02 0.3040E-02
    3072 0.3294E-02 0.3294E-02
    3073 0.3179E-02 0.3179E-02
    3074 0.3059E-02 0.3059E-02
    3075 0.3009E-02 0.3009E-02
    3076 0.3289E-02 0.3289E-02
    3077 0.2822E-02 0.2822E-02
    3078 0.3145E-02 0.3145E-02
    3079 0.3882E-02 0.3882E-02
    3080 0.2969E-02 0.2969E-02
    3081 0.2984E-02 0.2984E-02
    3082 0.2871E-02 0.2871E-02
    3083 0.2879E-02 0.2879E-02
    3084 0.2897E-02 0.2897E-02
    3085 0.2831E-02 0.2831E-02
    3086 0.2858E-02 0.2858E-02
    3087 0.2759E-02 0.2759E-02
    3088 0.2818E-02 0.2818E-02
    3089 0.3106E-02 0.3106E-02
    3090 0.3125E-02 0.3125E-02
    3091 0.2958E-02 0.2958E-02
    3092 0.2796E-02 0.2796E-02
    3093 0.5071E-02 0.5071E-02
    3094 0.4047E-02 0.4047E-02
    3095 0.2878E-02 0.2878E-02
    3096 0.3090E-02 0.3090E-02
    3097 0.3031E-02 0.3031E-02
    3098 0.2868E-02 0.2868E-02
    3099 0.3080E-02 0.3080E-02
    3100 0.2760E-02 0.2760E-02
    3101 0.2627E-02 0.2627E-02
    3102 0.3141E-02 0.3141E-02
    3103 0.2893E-02 0.2893E-02
    3104 0.3118E-02 0.3118E-02
    3105 0.2777E-02 0.2777E-02
    3106 0.3511E-02 0.3511E-02
    3107 0.2966E-02 0.2966E-02
    3108 0.2967E-02 0.2967E-02
    3109 0.3127E-02 0.3127E-02
    3110 0.3037E-02 0.3037E-02
    3111 0.3184E-02 0.3184E-02
    3112 0.2969E-02 0.2969E-02
    3113 0.2894E-02 0.2894E-02
    3114 0.2919E-02 0.2919E-02
    3115 0.2753E-02 0.2753E-02
    3116 0.2940E-02 0.2940E-02
    3117 0.2965E-02 0.2965E-02
    3118 0.3349E-02 0.3349E-02
    3119 0.2886E-02 0.2886E-02
    3120 0.2901E-02 0.2901E-02
    3121 0.3231E-02 0.3231E-02
    3122 0.3683E-02 0.3683E-02
    3123 0.3803E-02 0.3803E-02
    3124 0.2903E-02 0.2903E-02
    3125 0.2925E-02 0.2925E-02
    3126 0.2851E-02 0.2851E-02
    3127 0.2913E-02 0.2913E-02
    3128 0.2913E-02 0.2913E-02
    3129 0.2698E-02 0.2698E-02
    3130 0.2856E-02 0.2856E-02
    3131 0.2824E-02 0.2824E-02
    3132 0.3019E-02 0.3019E-02
    3133 0.2922E-02 0.2922E-02
    3134 0.3820E-02 0.3820E-02
    3135 0.2926E-02 0.2926E-02
    3136 0.2792E-02 0.2792E-02
    3137 0.4069E-02 0.4069E-02
    3138 0.2959E-02 0.2959E-02
    3139 0.2990E-02 0.2990E-02
    3140 0.3105E-02 0.3105E-02
    3141 0.3220E-02 0.3220E-02
    3142 0.3093E-02 0.3093E-02
    3143 0.7799E-02 0.7799E-02
    3144 0.2936E-02 0.2936E-02
    3145 0.2583E-02 0.2583E-02
    3146 0.2931E-02 0.2931E-02
    3147 0.2912E-02 0.2912E-02
    3148 0.2925E-02 0.2925E-02
    3149 0.2812E-02 0.2812E-02
    3150 0.3195E-02 0.3195E-02
    3151 0.2882E-02 0.2882E-02
    3152 0.3061E-02 0.3061E-02
    3153 0.3102E-02 0.3102E-02
    3154 0.5261E-02 0.5261E-02
    3155 0.3153E-02 0.3153E-02
    3156 0.3277E-02 0.3277E-02
    3157 0.3305E-02 0.3305E-02
    3158 0.2899E-02 0.2899E-02
    3159 0.3049E-02 0.3049E-02
    3160 0.3197E-02 0.3197E-02
    3161 0.3046E-02 0.3046E-02
    3162 0.3677E-02 0.3677E-02
    3163 0.6567E-02 0.6567E-02
    3164 0.3089E-02 0.3089E-02
    3165 0.3162E-02 0.3162E-02
    3166 0.2717E-02 0.2717E-02
    3167 0.3040E-02 0.3040E-02
    3168 0.3329E-02 0.3329E-02
    3169 0.3575E-02 0.3575E-02
    3170 0.6008E-02 0.6008E-02
    3171 0.3296E-02 0.3296E-02
    3172 0.2886E-02 0.2886E-02
    3173 0.3195E-02 0.3195E-02
    3174 0.2726E-02 0.2726E-02
    3175 0.3081E-02 0.3081E-02
    3176 0.3073E-02 0.3073E-02
    3177 0.2999E-02 0.2999E-02
    3178 0.3109E-02 0.3109E-02
    3179 0.3160E-02 0.3160E-02
    3180 0.2933E-02 0.2933E-02
    3181 0.3035E-02 0.3035E-02
    3182 0.3107E-02 0.3107E-02
    3183 0.3068E-02 0.3068E-02
    3184 0.3127E-02 0.3127E-02
    3185 0.3028E-02 0.3028E-02
    3186 0.2926E-02 0.2926E-02
    3187 0.3040E-02 0.3040E-02
    3188 0.2888E-02 0.2888E-02
    3189 0.2982E-02 0.2982E-02
    3190 0.2896E-02 0.2896E-02
    3191 0.2698E-02 0.2698E-02
    3192 0.2784E-02 0.2784E-02
    3193 0.2848E-02 0.2848E-02
    3194 0.3840E-02 0.3840E-02
    3195 0.3085E-02 0.3085E-02
    3196 0.3031E-02 0.3031E-02
    3197 0.3041E-02 0.3041E-02
    3198 0.4079E-02 0.4079E-02
    3199 0.4273E-02 0.4273E-02
    3200 0.4640E-02 0.4640E-02
    3201 0.2887E-02 0.2887E-02
    3202 0.3113E-02 0.3113E-02
    3203 0.2766E-02 0.2766E-02
    3204 0.7030E-02 0.7030E-02
    3205 0.1645E-01 0.1645E-01
    3206 0.2686E-01 0.2686E-01
    3207 0.3027E-01 0.3027E-01
    3208 0.3956E-01 0.3956E-01
    3209 0.1144E-01 0.1144E-01
    3210 0.2846E-02 0.2846E-02
    3211 0.2837E-02 0.2837E-02
    3212 0.2589E-02 0.2589E-02
    3213 0.2730E-02 0.2730E-02
    3214 0.2699E-02 0.2699E-02
    3215 0.2909E-02 0.2909E-02
    3216 0.2718E-02 0.2718E-02
    3217 0.2785E-02 0.2785E-02
    3218 0.2818E-02 0.2818E-02
    3219 0.2905E-02 0.2905E-02
    3220 0.3263E-02 0.3263E-02
    3221 0.2928E-02 0.2928E-02
    3222 0.2778E-02 0.2778E-02
    3223 0.6107E+01 0.6107E+01
    3224 0.2731E-02 0.2731E-02
    3225 0.2964E-02 0.2964E-02
    3226 0.2844E-02 0.2844E-02
    3227 0.2598E-02 0.2598E-02
    3228 0.2602E-02 0.2602E-02
    3229 0.2880E-02 0.2880E-02
    3230 0.2758E-02 0.2758E-02
    3231 0.3127E-02 0.3127E-02
    3232 0.2731E-02 0.2731E-02
    3233 0.2704E-02 0.2704E-02
    3234 0.2610E-02 0.2610E-02
    3235 0.2797E-02 0.2797E-02
    3236 0.2872E-02 0.2872E-02
    3237 0.3658E-02 0.3658E-02
    3238 0.2921E-02 0.2921E-02
    3239 0.2849E-02 0.2849E-02
    3240 0.2831E-02 0.2831E-02
    3241 0.2366E-02 0.2366E-02
    3242 0.7731E-02 0.7731E-02
    3243 0.2800E-02 0.2800E-02
    3244 0.2492E-02 0.2492E-02
    3245 0.2266E-02 0.2266E-02
    3246 0.2461E-02 0.2461E-02
    3247 0.2244E-02 0.2244E-02
    3248 0.2462E-02 0.2462E-02
    3249 0.2530E-02 0.2530E-02
    3250 0.2468E-02 0.2468E-02
    3251 0.2819E-02 0.2819E-02
    3252 0.2417E-02 0.2417E-02
    3253 0.2438E-02 0.2438E-02
    3254 0.2758E-02 0.2758E-02
    3255 0.1211E+00 0.1211E+00
    3256 0.9354E-02 0.9354E-02
    3257 0.7067E-02 0.7067E-02
    3258 0.2567E-02 0.2567E-02
    3259 0.2658E-02 0.2658E-02
    3260 0.2582E-02 0.2582E-02
    3261 0.2671E-02 0.2671E-02
    3262 0.3290E-01 0.3290E-01
    3263 0.1706E+01 0.1706E+01
    3264 0.4830E-01 0.4830E-01
    3265 0.4838E-01 0.4838E-01
    3266 0.5049E-01 0.5049E-01
    3267 0.2376E-01 0.2376E-01
    3268 0.1168E+00 0.1168E+00
    3269 0.2193E-01 0.2193E-01
    3270 0.2679E-02 0.2679E-02
    3271 0.2687E-02 0.2687E-02
    3272 0.1428E+00 0.1428E+00
    3273 0.5128E-01 0.5128E-01
    3274 0.3135E-01 0.3135E-01
    3275 0.2937E-01 0.2937E-01
    3276 0.3047E-01 0.3047E-01
    3277 0.3683E-01 0.3683E-01
    3278 0.3363E-01 0.3363E-01
    3279 0.3732E-01 0.3732E-01
    3280 0.3834E-01 0.3834E-01
    3281 0.3209E-01 0.3209E-01
    3282 0.4685E-02 0.4685E-02
    3283 0.6696E-02 0.6696E-02
    3284 0.1054E-01 0.1054E-01
    3285 0.4539E-01 0.4539E-01
    3286 0.1431E-01 0.1431E-01
    3287 0.1233E-01 0.1233E-01
    3288 0.7601E-02 0.7601E-02
    3289 0.7193E-02 0.7193E-02
    3290 0.2548E-01 0.2548E-01
    3291 0.1513E-01 0.1513E-01
    3292 0.9599E-02 0.9599E-02
    3293 0.1024E-01 0.1024E-01
    3294 0.9511E-02 0.9511E-02
    3295 0.1208E-01 0.1208E-01
    3296 0.9647E-02 0.9647E-02
    3297 0.1080E-01 0.1080E-01
    3298 0.9551E-02 0.9551E-02
    3299 0.8643E-02 0.8643E-02
    3300 0.8279E-02 0.8279E-02
    3301 0.8674E-02 0.8674E-02
    3302 0.8007E-02 0.8007E-02
    3303 0.6450E-02 0.6450E-02
    3304 0.7612E-02 0.7612E-02
    3305 0.8649E-02 0.8649E-02
    3306 0.7179E-02 0.7179E-02
    3307 0.8466E-02 0.8466E-02
    3308 0.7999E-02 0.7999E-02
    3309 0.1528E-01 0.1528E-01
    3310 0.1354E-01 0.1354E-01
    3311 0.1387E-01 0.1387E-01
    3312 0.1454E-01 0.1454E-01
    3313 0.1391E-01 0.1391E-01
    3314 0.1709E-01 0.1709E-01
    3315 0.1363E-01 0.1363E-01
    3316 0.1283E-01 0.1283E-01
    3317 0.1405E-01 0.1405E-01
    3318 0.2027E-01 0.2027E-01
    3319 0.9889E-02 0.9889E-02
    3320 0.1046E-01 0.1046E-01
    3321 0.1091E-01 0.1091E-01
    3322 0.1084E-01 0.1084E-01
    3323 0.1356E-01 0.1356E-01
    3324 0.2304E-01 0.2304E-01
    3325 0.4060E-02 0.4060E-02
    3326 0.6980E-02 0.6980E-02
    3327 0.4274E-01 0.4274E-01
    3328 0.1168E-01 0.1168E-01
    3329 0.8918E-02 0.8918E-02
    3330 0.2993E-01 0.2993E-01
    3331 0.2567E-01 0.2567E-01
    3332 0.1511E-01 0.1511E-01
    3333 0.5401E+00 0.5401E+00
    3334 0.2716E-01 0.2716E-01
    3335 0.5065E-01 0.5065E-01
    3336 0.2510E-02 0.2510E-02
    3337 0.2947E-02 0.2947E-02
    3338 0.5656E-02 0.5656E-02
    3339 0.2840E-02 0.2840E-02
    3340 0.2466E-02 0.2466E-02
    3341 0.2122E-02 0.2122E-02
    3342 0.2121E-02 0.2121E-02
    3343 0.2090E-02 0.2090E-02
    3344 0.2097E-02 0.2097E-02
    3345 0.2133E-02 0.2133E-02
    3346 0.2022E-02 0.2022E-02
    3347 0.3045E-02 0.3045E-02
    3348 0.3959E-02 0.3959E-02
    3349 0.3201E-02 0.3201E-02
    3350 0.2762E-02 0.2762E-02
    3351 0.2749E-02 0.2749E-02
    3352 0.2241E-02 0.2241E-02
    3353 0.1092E+00 0.1092E+00
    3354 0.3265E-02 0.3265E-02
    3355 0.3674E-02 0.3674E-02
    3356 0.2773E-02 0.2773E-02
    3357 0.2852E-02 0.2852E-02
    3358 0.2746E-02 0.2746E-02
    3359 0.4866E-01 0.4866E-01
    3360 0.2578E-02 0.2578E-02
    3361 0.3864E-02 0.3864E-02
    3362 0.3358E-02 0.3358E-02
    3363 0.9847E-02 0.9847E-02
    3364 0.3532E-02 0.3532E-02
    3365 0.3935E-02 0.3935E-02
    3366 0.2399E-02 0.2399E-02
    3367 0.2462E-02 0.2462E-02
    3368 0.2660E-02 0.2660E-02
    3369 0.2433E-02 0.2433E-02
    3370 0.2657E-02 0.2657E-02
    3371 0.2188E-02 0.2188E-02
    3372 0.2267E-02 0.2267E-02
    3373 0.2232E-02 0.2232E-02
    3374 0.2351E-02 0.2351E-02
    3375 0.2321E-02 0.2321E-02
    3376 0.2216E-02 0.2216E-02
    3377 0.2638E-02 0.2638E-02
    3378 0.2010E-02 0.2010E-02
    3379 0.2123E-02 0.2123E-02
    3380 0.4574E-01 0.4574E-01
    3381 0.6043E-02 0.6043E-02
    3382 0.4913E-02 0.4913E-02
    3383 0.3118E-02 0.3118E-02
    3384 0.2826E-02 0.2826E-02
    3385 0.2896E-02 0.2896E-02
    3386 0.3015E-02 0.3015E-02
    3387 0.3013E-02 0.3013E-02
    3388 0.2834E-02 0.2834E-02
    3389 0.3065E-02 0.3065E-02
    3390 0.2673E-02 0.2673E-02
    3391 0.3279E-02 0.3279E-02
    3392 0.3413E-02 0.3413E-02
    3393 0.3356E-02 0.3356E-02
    3394 0.3705E-02 0.3705E-02
    3395 0.3711E-02 0.3711E-02
    3396 0.3583E-02 0.3583E-02
    3397 0.3585E-02 0.3585E-02
    3398 0.4817E-02 0.4817E-02
    3399 0.5150E-02 0.5150E-02
    3400 0.6068E-02 0.6068E-02
    3401 0.4758E-02 0.4758E-02
    3402 0.5307E-02 0.5307E-02
    3403 0.5715E-02 0.5715E-02
    3404 0.5754E-02 0.5754E-02
    3405 0.5642E-02 0.5642E-02
    3406 0.3846E-02 0.3846E-02
    3407 0.3521E-02 0.3521E-02
    3408 0.3754E-02 0.3754E-02
    3409 0.9386E-02 0.9386E-02
    3410 0.3609E-02 0.3609E-02
    3411 0.3930E-02 0.3930E-02
    3412 0.4891E-02 0.4891E-02
    3413 0.2978E-02 0.2978E-02
    3414 0.3917E-02 0.3917E-02
    3415 0.3496E-02 0.3496E-02
    3416 0.3381E-02 0.3381E-02
    3417 0.2259E-02 0.2259E-02
    3418 0.2126E-02 0.2126E-02
    3419 0.1959E-02 0.1959E-02
    3420 0.2493E-02 0.2493E-02
    3421 0.2495E-02 0.2495E-02
    3422 0.2283E-02 0.2283E-02
    3423 0.2522E-02 0.2522E-02
    3424 0.2679E-02 0.2679E-02
    3425 0.2855E-02 0.2855E-02
    3426 0.2663E-02 0.2663E-02
    3427 0.2639E-02 0.2639E-02
    3428 0.2363E-02 0.2363E-02
    3429 0.2834E-02 0.2834E-02
    3430 0.2815E-02 0.2815E-02
    3431 0.2595E-02 0.2595E-02
    3432 0.2335E-02 0.2335E-02
    3433 0.2469E-02 0.2469E-02
    3434 0.2375E-02 0.2375E-02
    3435 0.2442E-02 0.2442E-02
    3436 0.2356E-02 0.2356E-02
    3437 0.2590E-02 0.2590E-02
    3438 0.2631E-02 0.2631E-02
    3439 0.2583E-02 0.2583E-02
    3440 0.2320E-02 0.2320E-02
    3441 0.2402E-02 0.2402E-02
    3442 0.2494E-02 0.2494E-02
    3443 0.2298E-02 0.2298E-02
    3444 0.2434E-02 0.2434E-02
    3445 0.2293E-02 0.2293E-02
    3446 0.2209E-02 0.2209E-02
    3447 0.2377E-02 0.2377E-02
    3448 0.2085E-02 0.2085E-02
    3449 0.2376E-02 0.2376E-02
    3450 0.2561E-02 0.2561E-02
    3451 0.2199E-02 0.2199E-02
    3452 0.2430E-02 0.2430E-02
    3453 0.2528E-02 0.2528E-02
    3454 0.2217E-02 0.2217E-02
    3455 0.2237E-02 0.2237E-02
    3456 0.2147E-02 0.2147E-02
    3457 0.3465E-02 0.3465E-02
    3458 0.2221E-02 0.2221E-02
    3459 0.2402E-02 0.2402E-02
    3460 0.2195E-02 0.2195E-02
    3461 0.2167E-02 0.2167E-02
    3462 0.2306E-02 0.2306E-02
    3463 0.2607E-02 0.2607E-02
    3464 0.2102E-02 0.2102E-02
    3465 0.2338E-02 0.2338E-02
    3466 0.2470E-02 0.2470E-02
    3467 0.2168E-02 0.2168E-02
    3468 0.2599E-02 0.2599E-02
    3469 0.3087E-02 0.3087E-02
    3470 0.2076E-02 0.2076E-02
    3471 0.2108E-02 0.2108E-02
    3472 0.2048E-02 0.2048E-02
    3473 0.1998E-02 0.1998E-02
    3474 0.2071E-02 0.2071E-02
    3475 0.2160E-02 0.2160E-02
    3476 0.2163E-02 0.2163E-02
    3477 0.2217E-02 0.2217E-02
    3478 0.2354E-02 0.2354E-02
    3479 0.2152E-02 0.2152E-02
    3480 0.2158E-02 0.2158E-02
    3481 0.2245E-02 0.2245E-02
    3482 0.2068E-02 0.2068E-02
    3483 0.2328E-02 0.2328E-02
    3484 0.2236E-02 0.2236E-02
    3485 0.2319E-02 0.2319E-02
    3486 0.2078E-02 0.2078E-02
    3487 0.2614E-02 0.2614E-02
    3488 0.5444E-02 0.5444E-02
    3489 0.2033E-02 0.2033E-02
    3490 0.2258E-01 0.2258E-01
    3491 0.6221E-02 0.6221E-02
    3492 0.2904E-02 0.2904E-02
    3493 0.1800E-02 0.1800E-02
    3494 0.2044E-02 0.2044E-02
    3495 0.2031E-02 0.2031E-02
    3496 0.2232E-02 0.2232E-02
    3497 0.1983E-02 0.1983E-02
    3498 0.2001E-02 0.2001E-02
    3499 0.1755E-02 0.1755E-02
    3500 0.1671E-02 0.1671E-02
    3501 0.2226E-02 0.2226E-02
    3502 0.2302E-02 0.2302E-02
    3503 0.3202E-02 0.3202E-02
    3504 0.3914E-02 0.3914E-02
    3505 0.2457E-01 0.2457E-01
    3506 0.2047E-02 0.2047E-02
    3507 0.2034E-02 0.2034E-02
    3508 0.1961E-02 0.1961E-02
    3509 0.1947E-02 0.1947E-02
    3510 0.1962E-02 0.1962E-02
    3511 0.1891E-02 0.1891E-02
    3512 0.1932E-02 0.1932E-02
    3513 0.1918E-02 0.1918E-02
    3514 0.1766E-02 0.1766E-02
    3515 0.1971E-02 0.1971E-02
    3516 0.1864E-02 0.1864E-02
    3517 0.1873E-02 0.1873E-02
    3518 0.1917E-02 0.1917E-02
    3519 0.1871E-02 0.1871E-02
    3520 0.1738E-02 0.1738E-02
    3521 0.1657E-02 0.1657E-02
    3522 0.1927E-02 0.1927E-02
    3523 0.1809E-02 0.1809E-02
    3524 0.1881E-02 0.1881E-02
    3525 0.2090E-02 0.2090E-02
    3526 0.1984E-02 0.1984E-02
    3527 0.2099E-02 0.2099E-02
    3528 0.2074E-02 0.2074E-02
    3529 0.2034E-02 0.2034E-02
    3530 0.2378E-02 0.2378E-02
    3531 0.1878E-02 0.1878E-02
    3532 0.2038E-02 0.2038E-02
    3533 0.1940E-02 0.1940E-02
    3534 0.1790E-02 0.1790E-02
    3535 0.2019E-02 0.2019E-02
    3536 0.1852E-02 0.1852E-02
    3537 0.1788E-02 0.1788E-02
    3538 0.8908E-02 0.8908E-02
    3539 0.4597E-02 0.4597E-02
    3540 0.3457E-02 0.3457E-02
    3541 0.3307E-02 0.3307E-02
    3542 0.2781E-02 0.2781E-02
    3543 0.2959E-02 0.2959E-02
    3544 0.2646E-02 0.2646E-02
    3545 0.7466E-02 0.7466E-02
    3546 0.2965E-02 0.2965E-02
    3547 0.3134E-02 0.3134E-02
    3548 0.2847E-02 0.2847E-02
    3549 0.2643E-02 0.2643E-02
    3550 0.2551E-02 0.2551E-02
    3551 0.4682E-02 0.4682E-02
    3552 0.2425E-02 0.2425E-02
    3553 0.2633E-02 0.2633E-02
    3554 0.2489E-02 0.2489E-02
    3555 0.2606E-02 0.2606E-02
    3556 0.2586E-02 0.2586E-02
    3557 0.2548E-02 0.2548E-02
    3558 0.2470E-02 0.2470E-02
    3559 0.2331E-02 0.2331E-02
    3560 0.2350E-02 0.2350E-02
    3561 0.2340E-02 0.2340E-02
    3562 0.2293E-02 0.2293E-02
    3563 0.2600E-02 0.2600E-02
    3564 0.2454E-02 0.2454E-02
    3565 0.2590E-02 0.2590E-02
    3566 0.2537E-02 0.2537E-02
    3567 0.2486E-02 0.2486E-02
    3568 0.2515E-02 0.2515E-02
    3569 0.2455E-02 0.2455E-02
    3570 0.2390E-02 0.2390E-02
    3571 0.2235E-02 0.2235E-02
    3572 0.2508E-02 0.2508E-02
    3573 0.2306E-02 0.2306E-02
    3574 0.2512E-02 0.2512E-02
    3575 0.2312E-02 0.2312E-02
    3576 0.2350E-02 0.2350E-02
    3577 0.2494E-02 0.2494E-02
    3578 0.3848E-02 0.3848E-02
    3579 0.2913E-02 0.2913E-02
    3580 0.3319E-02 0.3319E-02
    3581 0.2940E-01 0.2940E-01
    3582 0.7457E-02 0.7457E-02
    3583 0.2169E-02 0.2169E-02
    3584 0.2269E-02 0.2269E-02
    3585 0.2759E-02 0.2759E-02
    3586 0.2518E-02 0.2518E-02
    3587 0.2552E-02 0.2552E-02
    3588 0.3055E-02 0.3055E-02
    3589 0.2937E-02 0.2937E-02
    3590 0.3506E-02 0.3506E-02
    3591 0.2890E-02 0.2890E-02
    3592 0.2230E-02 0.2230E-02
    3593 0.2071E-02 0.2071E-02
    3594 0.1567E-02 0.1567E-02
    3595 0.2686E-02 0.2686E-02
    3596 0.2656E-02 0.2656E-02
    3597 0.2284E-02 0.2284E-02
    3598 0.1745E-02 0.1745E-02
    3599 0.1620E-02 0.1620E-02
    3600 0.1869E-02 0.1869E-02
    3601 0.2141E-02 0.2141E-02
    3602 0.2154E-02 0.2154E-02
    3603 0.2108E-02 0.2108E-02
    3604 0.2419E-02 0.2419E-02
    3605 0.2305E-02 0.2305E-02
    3606 0.2572E-02 0.2572E-02
    3607 0.2744E-02 0.2744E-02
    3608 0.2737E-02 0.2737E-02
    3609 0.2376E-02 0.2376E-02
    3610 0.2297E-02 0.2297E-02
    3611 0.2297E-02 0.2297E-02
    3612 0.2292E-02 0.2292E-02
    3613 0.2333E-02 0.2333E-02
    3614 0.2332E-02 0.2332E-02
    3615 0.2299E-02 0.2299E-02
    3616 0.2306E-02 0.2306E-02
    3617 0.2329E-02 0.2329E-02
    3618 0.1968E-02 0.1968E-02
    3619 0.2190E-02 0.2190E-02
    3620 0.2935E-02 0.2935E-02
    3621 0.2267E-02 0.2267E-02
    3622 0.2320E-02 0.2320E-02
    3623 0.2329E-02 0.2329E-02
    3624 0.4147E-01 0.4147E-01
    3625 0.2330E-02 0.2330E-02
    3626 0.2371E-02 0.2371E-02
    3627 0.2397E-02 0.2397E-02
    3628 0.2156E-02 0.2156E-02
    3629 0.2179E-02 0.2179E-02
    3630 0.2046E-02 0.2046E-02
    3631 0.2226E-02 0.2226E-02
    3632 0.2300E-02 0.2300E-02
    3633 0.2658E-02 0.2658E-02
    3634 0.9086E-02 0.9086E-02
    3635 0.2203E-02 0.2203E-02
    3636 0.2172E-02 0.2172E-02
    3637 0.2075E-02 0.2075E-02
    3638 0.2308E-02 0.2308E-02
    3639 0.2224E-02 0.2224E-02
    3640 0.2985E-02 0.2985E-02
    3641 0.2146E-02 0.2146E-02
    3642 0.2084E-02 0.2084E-02
    3643 0.2116E-02 0.2116E-02
    3644 0.2461E-02 0.2461E-02
    3645 0.2100E-02 0.2100E-02
    3646 0.2182E-02 0.2182E-02
    3647 0.2055E-02 0.2055E-02
    3648 0.2165E-02 0.2165E-02
    3649 0.2104E-02 0.2104E-02
    3650 0.2918E-02 0.2918E-02
    3651 0.2355E-02 0.2355E-02
    3652 0.2761E-02 0.2761E-02
    3653 0.2196E-02 0.2196E-02
    3654 0.2577E-02 0.2577E-02
    3655 0.2615E-02 0.2615E-02
    3656 0.3038E-02 0.3038E-02
    3657 0.2535E-02 0.2535E-02
    3658 0.2847E-02 0.2847E-02
    3659 0.3317E-02 0.3317E-02
    3660 0.1619E-02 0.1619E-02
    3661 0.2047E-02 0.2047E-02
    3662 0.2086E-02 0.2086E-02
    3663 0.2055E-02 0.2055E-02
    3664 0.1692E-02 0.1692E-02
    3665 0.1749E-02 0.1749E-02
    3666 0.1672E-02 0.1672E-02
    3667 0.2076E-02 0.2076E-02
    3668 0.2014E-02 0.2014E-02
    3669 0.1999E-02 0.1999E-02
    3670 0.2015E-02 0.2015E-02
    3671 0.1896E-02 0.1896E-02
    3672 0.1921E-02 0.1921E-02
    3673 0.2035E-02 0.2035E-02
    3674 0.1717E-02 0.1717E-02
    3675 0.1843E-02 0.1843E-02
    3676 0.1953E-02 0.1953E-02
    3677 0.2022E-02 0.2022E-02
    3678 0.1979E-02 0.1979E-02
    3679 0.2079E-02 0.2079E-02
    3680 0.1878E-02 0.1878E-02
    3681 0.2052E-02 0.2052E-02
    3682 0.2772E-02 0.2772E-02
    3683 0.2845E-02 0.2845E-02
    3684 0.1935E-02 0.1935E-02
    3685 0.1753E-02 0.1753E-02
    3686 0.1868E-02 0.1868E-02
    3687 0.1986E-02 0.1986E-02
    3688 0.2773E-02 0.2773E-02
    3689 0.1948E-02 0.1948E-02
    3690 0.2036E-02 0.2036E-02
    3691 0.2104E-02 0.2104E-02
    3692 0.1752E-02 0.1752E-02
    3693 0.1660E-02 0.1660E-02
    3694 0.3947E-01 0.3947E-01
    3695 0.1807E-02 0.1807E-02
    3696 0.1861E-02 0.1861E-02
    3697 0.1852E-02 0.1852E-02
    3698 0.1835E-02 0.1835E-02
    3699 0.2177E-02 0.2177E-02
    3700 0.1852E-02 0.1852E-02
    3701 0.1760E-02 0.1760E-02
    3702 0.1877E-02 0.1877E-02
    3703 0.1746E-02 0.1746E-02
    3704 0.1913E-02 0.1913E-02
    3705 0.1753E-02 0.1753E-02
    3706 0.1943E-02 0.1943E-02
    3707 0.1862E-02 0.1862E-02
    3708 0.1935E-02 0.1935E-02
    3709 0.1604E-02 0.1604E-02
    3710 0.1769E-02 0.1769E-02
    3711 0.1853E-02 0.1853E-02
    3712 0.1762E-02 0.1762E-02
    3713 0.1846E-02 0.1846E-02
    3714 0.2005E-02 0.2005E-02
    3715 0.1875E-02 0.1875E-02
    3716 0.1901E-02 0.1901E-02
    3717 0.1882E-02 0.1882E-02
    3718 0.1869E-02 0.1869E-02
    3719 0.3178E-02 0.3178E-02
    3720 0.1842E-02 0.1842E-02
    3721 0.1753E-02 0.1753E-02
    3722 0.1679E-02 0.1679E-02
    3723 0.1915E-02 0.1915E-02
    3724 0.1918E-02 0.1918E-02
    3725 0.2164E-02 0.2164E-02
    3726 0.1934E-02 0.1934E-02
    3727 0.1915E-02 0.1915E-02
    3728 0.2399E-02 0.2399E-02
    3729 0.1752E-02 0.1752E-02
    3730 0.1806E-02 0.1806E-02
    3731 0.2490E-02 0.2490E-02
    3732 0.1858E-02 0.1858E-02
    3733 0.2161E-02 0.2161E-02
    3734 0.2003E-02 0.2003E-02
    3735 0.1923E-02 0.1923E-02
    3736 0.1976E-02 0.1976E-02
    3737 0.1873E-02 0.1873E-02
    3738 0.1917E-02 0.1917E-02
    3739 0.1933E-02 0.1933E-02
    3740 0.1836E-02 0.1836E-02
    3741 0.1878E-02 0.1878E-02
    3742 0.1924E-02 0.1924E-02
    3743 0.1881E-02 0.1881E-02
    3744 0.1798E-02 0.1798E-02
    3745 0.1869E-02 0.1869E-02
    3746 0.1711E-02 0.1711E-02
    3747 0.1835E-02 0.1835E-02
    3748 0.1908E-02 0.1908E-02
    3749 0.1798E-02 0.1798E-02
    3750 0.1929E-02 0.1929E-02
    3751 0.1851E-02 0.1851E-02
    3752 0.1860E-02 0.1860E-02
    3753 0.1950E-02 0.1950E-02
    3754 0.1910E-02 0.1910E-02
    3755 0.1956E-02 0.1956E-02
    3756 0.1913E-02 0.1913E-02
    3757 0.1934E-02 0.1934E-02
    3758 0.1916E-02 0.1916E-02
    3759 0.1937E-02 0.1937E-02
    3760 0.1828E-02 0.1828E-02
    3761 0.1884E-02 0.1884E-02
    3762 0.1902E-02 0.1902E-02
    3763 0.1719E-02 0.1719E-02
    3764 0.2074E-02 0.2074E-02
    3765 0.1924E-02 0.1924E-02
    3766 0.1995E-02 0.1995E-02
    3767 0.2034E-02 0.2034E-02
    3768 0.1830E-02 0.1830E-02
    3769 0.1537E-02 0.1537E-02
    3770 0.1576E-02 0.1576E-02
    3771 0.1681E-02 0.1681E-02
    3772 0.1590E-02 0.1590E-02
    3773 0.1663E-02 0.1663E-02
    3774 0.1462E-02 0.1462E-02
    3775 0.1833E-02 0.1833E-02
    3776 0.1927E-02 0.1927E-02
    3777 0.1827E-02 0.1827E-02
    3778 0.1769E-02 0.1769E-02
    3779 0.1807E-02 0.1807E-02
    3780 0.1802E-02 0.1802E-02
    3781 0.1966E-02 0.1966E-02
    3782 0.1881E-02 0.1881E-02
    3783 0.2048E-02 0.2048E-02
    3784 0.1876E-02 0.1876E-02
    3785 0.1960E-02 0.1960E-02
    3786 0.2022E-02 0.2022E-02
    3787 0.1896E-02 0.1896E-02
    3788 0.1569E-02 0.1569E-02
    3789 0.2003E-02 0.2003E-02
    3790 0.1869E-02 0.1869E-02
    3791 0.2247E-02 0.2247E-02
    3792 0.2690E-02 0.2690E-02
    3793 0.1871E-02 0.1871E-02
    3794 0.1779E-02 0.1779E-02
    3795 0.1728E-02 0.1728E-02
    3796 0.1847E-02 0.1847E-02
    3797 0.2287E-02 0.2287E-02
    3798 0.1823E-02 0.1823E-02
    3799 0.1828E-02 0.1828E-02
    3800 0.1553E-02 0.1553E-02
    3801 0.1833E-02 0.1833E-02
    3802 0.1558E-02 0.1558E-02
    3803 0.1867E-02 0.1867E-02
    3804 0.1699E-02 0.1699E-02
    3805 0.1669E-02 0.1669E-02
    3806 0.1507E-02 0.1507E-02
    3807 0.1709E-02 0.1709E-02
    3808 0.1680E-02 0.1680E-02
    3809 0.1779E-02 0.1779E-02
    3810 0.2070E-02 0.2070E-02
    3811 0.2604E-02 0.2604E-02
    3812 0.1898E-02 0.1898E-02
    3813 0.1701E-02 0.1701E-02
    3814 0.1837E-02 0.1837E-02
    3815 0.1941E-02 0.1941E-02
    3816 0.1952E-02 0.1952E-02
    3817 0.4128E-02 0.4128E-02
    3818 0.1991E-02 0.1991E-02
    3819 0.3025E-02 0.3025E-02
    3820 0.1818E-02 0.1818E-02
    3821 0.6080E-02 0.6080E-02
    3822 0.1591E-02 0.1591E-02
    3823 0.2319E-02 0.2319E-02
    3824 0.1425E-02 0.1425E-02
    3825 0.1635E-02 0.1635E-02
    3826 0.1294E-02 0.1294E-02
    3827 0.1366E-02 0.1366E-02
    3828 0.1510E-02 0.1510E-02
    3829 0.1763E-02 0.1763E-02
    3830 0.2072E-02 0.2072E-02
    3831 0.6361E-02 0.6361E-02
    3832 0.1630E-02 0.1630E-02
    3833 0.1650E-02 0.1650E-02
    3834 0.1462E-02 0.1462E-02
    3835 0.1346E-02 0.1346E-02
    3836 0.1492E-02 0.1492E-02
    3837 0.3143E-02 0.3143E-02
    3838 0.1390E-02 0.1390E-02
    3839 0.1136E-02 0.1136E-02
    3840 0.1384E-02 0.1384E-02
    3841 0.1870E-02 0.1870E-02
    3842 0.3888E-02 0.3888E-02
    3843 0.4553E-02 0.4553E-02
    3844 0.2486E-02 0.2486E-02
    3845 0.1391E-01 0.1391E-01
    3846 0.1619E-02 0.1619E-02
    3847 0.1525E-02 0.1525E-02
    3848 0.1559E-02 0.1559E-02
    3849 0.1435E-02 0.1435E-02
    3850 0.1391E-02 0.1391E-02
    3851 0.1456E-02 0.1456E-02
    3852 0.1329E-02 0.1329E-02
    3853 0.1493E-02 0.1493E-02
    3854 0.1489E-02 0.1489E-02
    3855 0.4835E-02 0.4835E-02
    3856 0.2550E-02 0.2550E-02
    3857 0.2100E-02 0.2100E-02
    3858 0.1663E-02 0.1663E-02
    3859 0.1667E-02 0.1667E-02
    3860 0.1618E-02 0.1618E-02
    3861 0.1681E-02 0.1681E-02
    3862 0.1845E-02 0.1845E-02
    3863 0.1836E-02 0.1836E-02
    3864 0.1741E-02 0.1741E-02
    3865 0.1701E-02 0.1701E-02
    3866 0.1581E-02 0.1581E-02
    3867 0.1792E-02 0.1792E-02
    3868 0.1738E-02 0.1738E-02
    3869 0.1893E-02 0.1893E-02
    3870 0.1770E-02 0.1770E-02
    3871 0.1782E-02 0.1782E-02
    3872 0.1776E-02 0.1776E-02
    3873 0.1611E-02 0.1611E-02
    3874 0.1547E-02 0.1547E-02
    3875 0.1829E-02 0.1829E-02
    3876 0.1815E-02 0.1815E-02
    3877 0.1923E-02 0.1923E-02
    3878 0.6233E-02 0.6233E-02
    3879 0.1754E-02 0.1754E-02
    3880 0.1749E-02 0.1749E-02
    3881 0.1617E-02 0.1617E-02
    3882 0.1609E-02 0.1609E-02
    3883 0.1757E-02 0.1757E-02
    3884 0.1531E-02 0.1531E-02
    3885 0.1691E-02 0.1691E-02
    3886 0.1643E-02 0.1643E-02
    3887 0.1703E-02 0.1703E-02
    3888 0.1842E-02 0.1842E-02
    3889 0.1654E-02 0.1654E-02
    3890 0.1751E-02 0.1751E-02
    3891 0.1786E-02 0.1786E-02
    3892 0.1896E-02 0.1896E-02
    3893 0.1821E-02 0.1821E-02
    3894 0.1726E-02 0.1726E-02
    3895 0.1875E-02 0.1875E-02
    3896 0.2022E-02 0.2022E-02
    3897 0.9627E-02 0.9627E-02
    3898 0.1802E-02 0.1802E-02
    3899 0.1854E-02 0.1854E-02
    3900 0.1918E-02 0.1918E-02
    3901 0.1679E-02 0.1679E-02
    3902 0.1955E-02 0.1955E-02
    3903 0.1759E-02 0.1759E-02
    3904 0.1316E-01 0.1316E-01
    3905 0.2641E-02 0.2641E-02
    3906 0.2740E-02 0.2740E-02
    3907 0.1809E-02 0.1809E-02
    3908 0.1830E-02 0.1830E-02
    3909 0.1515E-02 0.1515E-02
    3910 0.1616E-02 0.1616E-02
    3911 0.1613E-02 0.1613E-02
    3912 0.1624E-02 0.1624E-02
    3913 0.1635E-02 0.1635E-02
    3914 0.1660E-02 0.1660E-02
    3915 0.1718E-02 0.1718E-02
    3916 0.1755E-02 0.1755E-02
    3917 0.1812E-02 0.1812E-02
    3918 0.1714E-02 0.1714E-02
    3919 0.1727E-02 0.1727E-02
    3920 0.1743E-02 0.1743E-02
    3921 0.1715E-02 0.1715E-02
    3922 0.1453E-02 0.1453E-02
    3923 0.1760E-02 0.1760E-02
    3924 0.2275E-02 0.2275E-02
    3925 0.1819E-02 0.1819E-02
    3926 0.2308E-02 0.2308E-02
    3927 0.1877E-02 0.1877E-02
    3928 0.1745E-02 0.1745E-02
    3929 0.3029E-01 0.3029E-01
    3930 0.1826E-02 0.1826E-02
    3931 0.1777E-02 0.1777E-02
    3932 0.1733E-02 0.1733E-02
    3933 0.1761E-02 0.1761E-02
    3934 0.1741E-02 0.1741E-02
    3935 0.1750E-02 0.1750E-02
    3936 0.1807E-02 0.1807E-02
    3937 0.3126E-01 0.3126E-01
    3938 0.1559E-02 0.1559E-02
    3939 0.1671E-02 0.1671E-02
    3940 0.1702E-02 0.1702E-02
    3941 0.1583E-02 0.1583E-02
    3942 0.1654E-02 0.1654E-02
    3943 0.1861E-02 0.1861E-02
    3944 0.1642E-02 0.1642E-02
    3945 0.1823E-02 0.1823E-02
    3946 0.1686E-02 0.1686E-02
    3947 0.1765E-02 0.1765E-02
    3948 0.1648E-02 0.1648E-02
    3949 0.1611E-02 0.1611E-02
    3950 0.1629E-02 0.1629E-02
    3951 0.1718E-02 0.1718E-02
    3952 0.1647E-02 0.1647E-02
    3953 0.1599E-02 0.1599E-02
    3954 0.1719E-02 0.1719E-02
    3955 0.1650E-02 0.1650E-02
    3956 0.1167E-01 0.1167E-01
    3957 0.1654E-02 0.1654E-02
    3958 0.1112E-01 0.1112E-01
    3959 0.1688E-02 0.1688E-02
    3960 0.1894E-02 0.1894E-02
    3961 0.2445E-02 0.2445E-02
    3962 0.1913E-02 0.1913E-02
    3963 0.1593E-02 0.1593E-02
    3964 0.1666E-02 0.1666E-02
    3965 0.1855E-02 0.1855E-02
    3966 0.2443E-02 0.2443E-02
    3967 0.1715E-02 0.1715E-02
    3968 0.1722E-02 0.1722E-02
    3969 0.1458E-02 0.1458E-02
    3970 0.1631E-02 0.1631E-02
    3971 0.1928E-02 0.1928E-02
    3972 0.1740E-02 0.1740E-02
    3973 0.1741E-02 0.1741E-02
    3974 0.1687E-02 0.1687E-02
    3975 0.1845E-02 0.1845E-02
    3976 0.1779E-02 0.1779E-02
    3977 0.1712E-02 0.1712E-02
    3978 0.1640E-02 0.1640E-02
    3979 0.1398E-02 0.1398E-02
    3980 0.1983E-02 0.1983E-02
    3981 0.1655E-02 0.1655E-02
    3982 0.1654E-02 0.1654E-02
    3983 0.1577E-02 0.1577E-02
    3984 0.1531E-02 0.1531E-02
    3985 0.1668E-02 0.1668E-02
    3986 0.1857E-02 0.1857E-02
    3987 0.1591E-02 0.1591E-02
    3988 0.1683E-02 0.1683E-02
    3989 0.1705E-02 0.1705E-02
    3990 0.1636E-02 0.1636E-02
    3991 0.1711E-02 0.1711E-02
    3992 0.1654E-02 0.1654E-02
    3993 0.1790E-02 0.1790E-02
    3994 0.1962E-02 0.1962E-02
    3995 0.1658E-02 0.1658E-02
    3996 0.1574E-02 0.1574E-02
    3997 0.1552E-02 0.1552E-02
    3998 0.9443E-02 0.9443E-02
    3999 0.1731E-02 0.1731E-02
    4000 0.1753E-02 0.1753E-02
    4001 0.1645E-02 0.1645E-02
    4002 0.1618E-02 0.1618E-02
    4003 0.1693E-02 0.1693E-02
    4004 0.1920E-02 0.1920E-02
    4005 0.1589E-02 0.1589E-02
    4006 0.1412E-02 0.1412E-02
    4007 0.1574E-02 0.1574E-02
    4008 0.1656E-02 0.1656E-02
    4009 0.1516E-02 0.1516E-02
    4010 0.1548E-02 0.1548E-02
    4011 0.1633E-02 0.1633E-02
    4012 0.1837E-02 0.1837E-02
    4013 0.1440E-02 0.1440E-02
    4014 0.1370E-02 0.1370E-02
    4015 0.1426E-02 0.1426E-02
    4016 0.1320E-02 0.1320E-02
    4017 0.1354E-02 0.1354E-02
    4018 0.1419E-02 0.1419E-02
    4019 0.1383E-02 0.1383E-02
    4020 0.1583E-02 0.1583E-02
    4021 0.1455E-02 0.1455E-02
    4022 0.1409E-02 0.1409E-02
    4023 0.1500E-02 0.1500E-02
    4024 0.1452E-02 0.1452E-02
    4025 0.1409E-02 0.1409E-02
    4026 0.1355E-02 0.1355E-02
    4027 0.1335E-02 0.1335E-02
    4028 0.2043E-02 0.2043E-02
    4029 0.3831E-02 0.3831E-02
    4030 0.2559E-02 0.2559E-02
    4031 0.2634E-02 0.2634E-02
    4032 0.2172E-02 0.2172E-02
    4033 0.2263E-02 0.2263E-02
    4034 0.1865E-02 0.1865E-02
    4035 0.1701E-02 0.1701E-02
    4036 0.1540E-02 0.1540E-02
    4037 0.1434E-02 0.1434E-02
    4038 0.1364E-02 0.1364E-02
    4039 0.1363E-02 0.1363E-02
    4040 0.1305E-02 0.1305E-02
    4041 0.1965E-02 0.1965E-02
    4042 0.1483E-02 0.1483E-02
    4043 0.1443E-02 0.1443E-02
    4044 0.1363E-02 0.1363E-02
    4045 0.1415E-02 0.1415E-02
    4046 0.1686E-02 0.1686E-02
    4047 0.1483E-02 0.1483E-02
    4048 0.2144E-02 0.2144E-02
    4049 0.1535E-02 0.1535E-02
    4050 0.1313E-02 0.1313E-02
    4051 0.1263E-02 0.1263E-02
    4052 0.1513E-02 0.1513E-02
    4053 0.1584E-02 0.1584E-02
    4054 0.1471E-02 0.1471E-02
    4055 0.2294E-02 0.2294E-02
    4056 0.1447E-02 0.1447E-02
    4057 0.1546E-02 0.1546E-02
    4058 0.1623E-02 0.1623E-02
    4059 0.1517E-02 0.1517E-02
    4060 0.1558E-02 0.1558E-02
    4061 0.1498E-02 0.1498E-02
    4062 0.1312E-02 0.1312E-02
    4063 0.1423E-02 0.1423E-02
    4064 0.1279E-02 0.1279E-02
    4065 0.1708E-02 0.1708E-02
    4066 0.1407E-02 0.1407E-02
    4067 0.1438E-02 0.1438E-02
    4068 0.1410E-02 0.1410E-02
    4069 0.1387E-02 0.1387E-02
    4070 0.1925E-02 0.1925E-02
    4071 0.1366E-02 0.1366E-02
    4072 0.1337E-02 0.1337E-02
    4073 0.1388E-02 0.1388E-02
    4074 0.2640E-02 0.2640E-02
    4075 0.1471E-02 0.1471E-02
    4076 0.1298E-02 0.1298E-02
    4077 0.1411E-02 0.1411E-02
    4078 0.1917E-02 0.1917E-02
    4079 0.1355E-02 0.1355E-02
    4080 0.1677E-02 0.1677E-02
    4081 0.1430E-02 0.1430E-02
    4082 0.1402E-02 0.1402E-02
    4083 0.1402E-02 0.1402E-02
    4084 0.1323E-02 0.1323E-02
    4085 0.3072E-02 0.3072E-02
    4086 0.1422E-02 0.1422E-02
    4087 0.4488E-02 0.4488E-02
    4088 0.1353E-02 0.1353E-02
    4089 0.1451E-02 0.1451E-02
    4090 0.1589E-02 0.1589E-02
    4091 0.1550E-02 0.1550E-02
    4092 0.1397E-02 0.1397E-02
    4093 0.1345E-02 0.1345E-02
    4094 0.1388E-02 0.1388E-02
    4095 0.1438E-02 0.1438E-02
    4096 0.2121E-02 0.2121E-02
    4097 0.1280E-02 0.1280E-02
    4098 0.1356E-02 0.1356E-02
    4099 0.1547E-02 0.1547E-02
    4100 0.1453E-02 0.1453E-02
    4101 0.1439E-02 0.1439E-02
    4102 0.1383E-02 0.1383E-02
    4103 0.1273E-02 0.1273E-02
    4104 0.1389E-02 0.1389E-02
    4105 0.1357E-02 0.1357E-02
    4106 0.1457E-02 0.1457E-02
    4107 0.1416E-02 0.1416E-02
    4108 0.1391E-02 0.1391E-02
    4109 0.1548E-02 0.1548E-02
    4110 0.1545E-02 0.1545E-02
    4111 0.2047E-02 0.2047E-02
    4112 0.1502E-02 0.1502E-02
    4113 0.1391E-02 0.1391E-02
    4114 0.7198E-02 0.7198E-02
    4115 0.1441E-02 0.1441E-02
    4116 0.1493E-02 0.1493E-02
    4117 0.1734E-02 0.1734E-02
    4118 0.1949E-02 0.1949E-02
    4119 0.1940E-02 0.1940E-02
    4120 0.1797E-02 0.1797E-02
    4121 0.6590E-02 0.6590E-02
    4122 0.5571E-02 0.5571E-02
    4123 0.2194E-02 0.2194E-02
    4124 0.1665E-02 0.1665E-02
    4125 0.1695E-02 0.1695E-02
    4126 0.1654E-02 0.1654E-02
    4127 0.1807E-02 0.1807E-02
    4128 0.5841E-02 0.5841E-02
    4129 0.2949E-02 0.2949E-02
    4130 0.3011E-02 0.3011E-02
    4131 0.4573E-02 0.4573E-02
    4132 0.2956E-02 0.2956E-02
    4133 0.2815E-02 0.2815E-02
    4134 0.2673E-02 0.2673E-02
    4135 0.2831E-02 0.2831E-02
    4136 0.3259E-02 0.3259E-02
    4137 0.4648E-02 0.4648E-02
    4138 0.1672E-02 0.1672E-02
    4139 0.1652E-02 0.1652E-02
    4140 0.1562E-02 0.1562E-02
    4141 0.1525E-02 0.1525E-02
    4142 0.1610E-02 0.1610E-02
    4143 0.1563E-02 0.1563E-02
    4144 0.1967E-02 0.1967E-02
    4145 0.1612E-02 0.1612E-02
    4146 0.1499E-02 0.1499E-02
    4147 0.1659E-02 0.1659E-02
    4148 0.1652E-02 0.1652E-02
    4149 0.1567E-02 0.1567E-02
    4150 0.1637E-02 0.1637E-02
    4151 0.1695E-02 0.1695E-02
    4152 0.1548E-02 0.1548E-02
    4153 0.1581E-02 0.1581E-02
    4154 0.1651E-02 0.1651E-02
    4155 0.1602E-02 0.1602E-02
    4156 0.1835E-02 0.1835E-02
    4157 0.1589E-02 0.1589E-02
    4158 0.1531E-02 0.1531E-02
    4159 0.1765E-02 0.1765E-02
    4160 0.1556E-02 0.1556E-02
    4161 0.1603E-02 0.1603E-02
    4162 0.1797E-02 0.1797E-02
    4163 0.2724E-02 0.2724E-02
    4164 0.2005E-02 0.2005E-02
    4165 0.1617E-02 0.1617E-02
    4166 0.1700E-02 0.1700E-02
    4167 0.1198E-01 0.1198E-01
    4168 0.1810E-02 0.1810E-02
    4169 0.1877E-02 0.1877E-02
    4170 0.2310E-02 0.2310E-02
    4171 0.1894E-02 0.1894E-02
    4172 0.1834E-02 0.1834E-02
    4173 0.1875E-02 0.1875E-02
    4174 0.1789E-02 0.1789E-02
    4175 0.6352E-01 0.6352E-01
    4176 0.1817E-02 0.1817E-02
    4177 0.1800E-02 0.1800E-02
    4178 0.1699E-02 0.1699E-02
    4179 0.1789E-02 0.1789E-02
    4180 0.2182E-02 0.2182E-02
    4181 0.1927E-02 0.1927E-02
    4182 0.1886E-02 0.1886E-02
    4183 0.1921E-02 0.1921E-02
    4184 0.2009E-02 0.2009E-02
    4185 0.1853E-02 0.1853E-02
    4186 0.1784E-02 0.1784E-02
    4187 0.1986E-02 0.1986E-02
    4188 0.1880E-02 0.1880E-02
    4189 0.1751E-02 0.1751E-02
    4190 0.1604E-02 0.1604E-02
    4191 0.1668E-02 0.1668E-02
    4192 0.1802E-02 0.1802E-02
    4193 0.1769E-02 0.1769E-02
    4194 0.1713E-02 0.1713E-02
    4195 0.1855E-02 0.1855E-02
    4196 0.1766E-02 0.1766E-02
    4197 0.1962E-02 0.1962E-02
    4198 0.1996E-02 0.1996E-02
    4199 0.1795E-02 0.1795E-02
    4200 0.1886E-02 0.1886E-02
    4201 0.1835E-02 0.1835E-02
    4202 0.1830E-02 0.1830E-02
    4203 0.2049E-02 0.2049E-02
    4204 0.1846E-02 0.1846E-02
    4205 0.2004E-02 0.2004E-02
    4206 0.1946E-02 0.1946E-02
    4207 0.1909E-02 0.1909E-02
    4208 0.2074E-02 0.2074E-02
    4209 0.2142E-02 0.2142E-02
    4210 0.2168E-02 0.2168E-02
    4211 0.2059E-02 0.2059E-02
    4212 0.2875E-02 0.2875E-02
    4213 0.2280E-02 0.2280E-02
    4214 0.2144E-02 0.2144E-02
    4215 0.2221E-02 0.2221E-02
    4216 0.2117E-02 0.2117E-02
    4217 0.2183E-02 0.2183E-02
    4218 0.2141E-02 0.2141E-02
    4219 0.2210E-02 0.2210E-02
    4220 0.2522E-02 0.2522E-02
    4221 0.1908E-02 0.1908E-02
    4222 0.1975E-02 0.1975E-02
    4223 0.1549E-02 0.1549E-02
    4224 0.1971E-02 0.1971E-02
    4225 0.1773E-02 0.1773E-02
    4226 0.1631E-02 0.1631E-02
    4227 0.1989E-02 0.1989E-02
    4228 0.2347E-02 0.2347E-02
    4229 0.1891E-02 0.1891E-02
    4230 0.1967E-02 0.1967E-02
    4231 0.1647E-02 0.1647E-02
    4232 0.2081E-02 0.2081E-02
    4233 0.2422E-02 0.2422E-02
    4234 0.3132E-02 0.3132E-02
    4235 0.1825E-02 0.1825E-02
    4236 0.1928E-02 0.1928E-02
    4237 0.2020E-02 0.2020E-02
    4238 0.1725E-02 0.1725E-02
    4239 0.1868E-02 0.1868E-02
    4240 0.1809E-02 0.1809E-02
    4241 0.1691E-02 0.1691E-02
    4242 0.1801E-02 0.1801E-02
    4243 0.1706E-02 0.1706E-02
    4244 0.6355E-02 0.6355E-02
    4245 0.1620E-02 0.1620E-02
    4246 0.1820E-02 0.1820E-02
    4247 0.1959E-02 0.1959E-02
    4248 0.1120E-01 0.1120E-01
    4249 0.2343E-02 0.2343E-02
    4250 0.2602E-01 0.2602E-01
    4251 0.1697E-02 0.1697E-02
    4252 0.1671E-02 0.1671E-02
    4253 0.2042E-02 0.2042E-02
    4254 0.1705E-02 0.1705E-02
    4255 0.1573E-02 0.1573E-02
    4256 0.1588E-02 0.1588E-02
    4257 0.1659E-02 0.1659E-02
    4258 0.1724E-02 0.1724E-02
    4259 0.1889E-02 0.1889E-02
    4260 0.2003E-02 0.2003E-02
    4261 0.1854E-02 0.1854E-02
    4262 0.1675E-02 0.1675E-02
    4263 0.1697E-02 0.1697E-02
    4264 0.1627E-02 0.1627E-02
    4265 0.1726E-02 0.1726E-02
    4266 0.1546E-02 0.1546E-02
    4267 0.1631E-02 0.1631E-02
    4268 0.1605E-02 0.1605E-02
    4269 0.1693E-02 0.1693E-02
    4270 0.1579E-02 0.1579E-02
    4271 0.1796E-02 0.1796E-02
    4272 0.1599E-02 0.1599E-02
    4273 0.1663E-02 0.1663E-02
    4274 0.1638E-02 0.1638E-02
    4275 0.1972E-02 0.1972E-02
    4276 0.3875E-02 0.3875E-02
    4277 0.1823E-02 0.1823E-02
    4278 0.1920E-02 0.1920E-02
    4279 0.1588E-02 0.1588E-02
    4280 0.6649E-02 0.6649E-02
    4281 0.3152E-02 0.3152E-02
    4282 0.1516E-02 0.1516E-02
    4283 0.1531E-02 0.1531E-02
    4284 0.1380E-02 0.1380E-02
    4285 0.1476E-02 0.1476E-02
    4286 0.1484E-02 0.1484E-02
    4287 0.1599E-02 0.1599E-02
    4288 0.1487E-02 0.1487E-02
    4289 0.1471E-02 0.1471E-02
    4290 0.1473E-02 0.1473E-02
    4291 0.1408E-02 0.1408E-02
    4292 0.1296E-02 0.1296E-02
    4293 0.1401E-02 0.1401E-02
    4294 0.1902E-02 0.1902E-02
    4295 0.2791E-02 0.2791E-02
    4296 0.2389E-02 0.2389E-02
    4297 0.2136E-02 0.2136E-02
    4298 0.1919E-02 0.1919E-02
    4299 0.1660E-02 0.1660E-02
    4300 0.1688E-02 0.1688E-02
    4301 0.1675E-02 0.1675E-02
    4302 0.1729E-02 0.1729E-02
    4303 0.1678E-02 0.1678E-02
    4304 0.2431E-02 0.2431E-02
    4305 0.1646E-02 0.1646E-02
    4306 0.1779E-02 0.1779E-02
    4307 0.1706E-02 0.1706E-02
    4308 0.2230E-02 0.2230E-02
    4309 0.1668E-02 0.1668E-02
    4310 0.1695E-02 0.1695E-02
    4311 0.1599E-02 0.1599E-02
    4312 0.1600E-02 0.1600E-02
    4313 0.1633E-02 0.1633E-02
    4314 0.1614E-02 0.1614E-02
    4315 0.1616E-02 0.1616E-02
    4316 0.1601E-02 0.1601E-02
    4317 0.1545E-02 0.1545E-02
    4318 0.1605E-02 0.1605E-02
    4319 0.1575E-02 0.1575E-02
    4320 0.1576E-02 0.1576E-02
    4321 0.1573E-02 0.1573E-02
    4322 0.1678E-02 0.1678E-02
    4323 0.1952E-02 0.1952E-02
    4324 0.1516E-02 0.1516E-02
    4325 0.1725E-02 0.1725E-02
    4326 0.1676E-02 0.1676E-02
    4327 0.1713E-02 0.1713E-02
    4328 0.1681E-02 0.1681E-02
    4329 0.1634E-02 0.1634E-02
    4330 0.5530E-02 0.5530E-02
    4331 0.1242E-02 0.1242E-02
    4332 0.1880E-02 0.1880E-02
    4333 0.2210E-02 0.2210E-02
    4334 0.5027E-02 0.5027E-02
    4335 0.1258E-02 0.1258E-02
    4336 0.1294E-02 0.1294E-02
    4337 0.1248E-02 0.1248E-02
    4338 0.1276E-02 0.1276E-02
    4339 0.1312E-02 0.1312E-02
    4340 0.1321E-02 0.1321E-02
    4341 0.1159E-02 0.1159E-02
    4342 0.1273E-02 0.1273E-02
    4343 0.1216E-02 0.1216E-02
    4344 0.1244E-02 0.1244E-02
    4345 0.1518E-02 0.1518E-02
    4346 0.1203E-02 0.1203E-02
    4347 0.1192E-02 0.1192E-02
    4348 0.1202E-02 0.1202E-02
    4349 0.1113E-02 0.1113E-02
    4350 0.1197E-02 0.1197E-02
    4351 0.3797E-02 0.3797E-02
    4352 0.2232E-02 0.2232E-02
    4353 0.1885E-02 0.1885E-02
    4354 0.1955E-02 0.1955E-02
    4355 0.1987E-02 0.1987E-02
    4356 0.1224E-02 0.1224E-02
    4357 0.5327E-02 0.5327E-02
    4358 0.1226E-02 0.1226E-02
    4359 0.1187E-02 0.1187E-02
    4360 0.4201E-02 0.4201E-02
    4361 0.1217E-02 0.1217E-02
    4362 0.1871E-02 0.1871E-02
    4363 0.1477E-02 0.1477E-02
    4364 0.2292E-02 0.2292E-02
    4365 0.7415E-02 0.7415E-02
    4366 0.8521E+00 0.8521E+00
    4367 0.1185E-02 0.1185E-02
    4368 0.1660E-02 0.1660E-02
    4369 0.1242E-02 0.1242E-02
    4370 0.1620E-02 0.1620E-02
    4371 0.1364E-02 0.1364E-02
    4372 0.3014E-02 0.3014E-02
    4373 0.1174E-02 0.1174E-02
    4374 0.1274E-02 0.1274E-02
    4375 0.1226E-02 0.1226E-02
    4376 0.1189E-02 0.1189E-02
    4377 0.9978E-02 0.9978E-02
    4378 0.1134E-02 0.1134E-02
    4379 0.1205E-02 0.1205E-02
    4380 0.1219E-02 0.1219E-02
    4381 0.1324E-02 0.1324E-02
    4382 0.1305E-02 0.1305E-02
    4383 0.1175E-02 0.1175E-02
    4384 0.1152E-02 0.1152E-02
    4385 0.1134E-02 0.1134E-02
    4386 0.1184E-02 0.1184E-02
    4387 0.1132E-02 0.1132E-02
    4388 0.7106E-02 0.7106E-02
    4389 0.3655E-02 0.3655E-02
    4390 0.1230E-02 0.1230E-02
    4391 0.1346E-02 0.1346E-02
    4392 0.1213E-02 0.1213E-02
    4393 0.1159E-02 0.1159E-02
    4394 0.1199E-02 0.1199E-02
    4395 0.1140E-02 0.1140E-02
    4396 0.1040E-02 0.1040E-02
    4397 0.1148E-02 0.1148E-02
    4398 0.1196E-02 0.1196E-02
    4399 0.1205E-02 0.1205E-02
    4400 0.1406E-02 0.1406E-02
    4401 0.1194E-02 0.1194E-02
    4402 0.1347E-02 0.1347E-02
    4403 0.1183E-02 0.1183E-02
    4404 0.5599E-02 0.5599E-02
    4405 0.1490E-02 0.1490E-02
    4406 0.1320E-02 0.1320E-02
    4407 0.1583E-02 0.1583E-02
    4408 0.1594E-02 0.1594E-02
    4409 0.2063E-02 0.2063E-02
    4410 0.1228E-02 0.1228E-02
    4411 0.1238E-02 0.1238E-02
    4412 0.1324E-02 0.1324E-02
    4413 0.1295E-02 0.1295E-02
    4414 0.1205E-02 0.1205E-02
    4415 0.1305E-02 0.1305E-02
    4416 0.1659E-02 0.1659E-02
    4417 0.1322E-02 0.1322E-02
    4418 0.1264E-02 0.1264E-02
    4419 0.1248E-02 0.1248E-02
    4420 0.1238E-02 0.1238E-02
    4421 0.1268E-02 0.1268E-02
    4422 0.1342E-02 0.1342E-02
    4423 0.1278E-02 0.1278E-02
    4424 0.1108E-02 0.1108E-02
    4425 0.1147E-02 0.1147E-02
    4426 0.1176E-02 0.1176E-02
    4427 0.1193E-02 0.1193E-02
    4428 0.1237E-02 0.1237E-02
    4429 0.1268E-02 0.1268E-02
    4430 0.1331E-02 0.1331E-02
    4431 0.1366E-02 0.1366E-02
    4432 0.1292E-02 0.1292E-02
    4433 0.1277E-02 0.1277E-02
    4434 0.1276E-02 0.1276E-02
    4435 0.1259E-02 0.1259E-02
    4436 0.1276E-02 0.1276E-02
    4437 0.1320E-02 0.1320E-02
    4438 0.1558E-02 0.1558E-02
    4439 0.1239E-02 0.1239E-02
    4440 0.1282E-02 0.1282E-02
    4441 0.1220E-02 0.1220E-02
    4442 0.1232E-02 0.1232E-02
    4443 0.1312E-02 0.1312E-02
    4444 0.1309E-02 0.1309E-02
    4445 0.1294E-02 0.1294E-02
    4446 0.1328E-02 0.1328E-02
    4447 0.1278E-02 0.1278E-02
    4448 0.1192E-02 0.1192E-02
    4449 0.1268E-02 0.1268E-02
    4450 0.1253E-02 0.1253E-02
    4451 0.1189E-02 0.1189E-02
    4452 0.1250E-02 0.1250E-02
    4453 0.1239E-02 0.1239E-02
    4454 0.1207E-02 0.1207E-02
    4455 0.1202E-02 0.1202E-02
    4456 0.1188E-02 0.1188E-02
    4457 0.1251E-02 0.1251E-02
    4458 0.1222E-02 0.1222E-02
    4459 0.1231E-02 0.1231E-02
    4460 0.1211E-02 0.1211E-02
    4461 0.1215E-02 0.1215E-02
    4462 0.1061E-02 0.1061E-02
    4463 0.1171E-02 0.1171E-02
    4464 0.1298E-02 0.1298E-02
    4465 0.1144E-02 0.1144E-02
    4466 0.1175E-02 0.1175E-02
    4467 0.1139E-02 0.1139E-02
    4468 0.1157E-02 0.1157E-02
    4469 0.1226E-02 0.1226E-02
    4470 0.1176E-02 0.1176E-02
    4471 0.1034E-02 0.1034E-02
    4472 0.1132E-02 0.1132E-02
    4473 0.1186E-02 0.1186E-02
    4474 0.1212E-02 0.1212E-02
    4475 0.1217E-02 0.1217E-02
    4476 0.1171E-02 0.1171E-02
    4477 0.1185E-02 0.1185E-02
    4478 0.1143E-02 0.1143E-02
    4479 0.1169E-02 0.1169E-02
    4480 0.1895E-02 0.1895E-02
    4481 0.1186E-02 0.1186E-02
    4482 0.1168E-02 0.1168E-02
    4483 0.1166E-02 0.1166E-02
    4484 0.1218E-02 0.1218E-02
    4485 0.1201E-02 0.1201E-02
    4486 0.1154E-02 0.1154E-02
    4487 0.1187E-02 0.1187E-02
    4488 0.1225E-02 0.1225E-02
    4489 0.1224E-02 0.1224E-02
    4490 0.1126E-02 0.1126E-02
    4491 0.1339E-02 0.1339E-02
    4492 0.1156E-02 0.1156E-02
    4493 0.1153E-02 0.1153E-02
    4494 0.1297E-02 0.1297E-02
    4495 0.2667E-02 0.2667E-02
    4496 0.1216E-02 0.1216E-02
    4497 0.1217E-02 0.1217E-02
    4498 0.1209E-02 0.1209E-02
    4499 0.1341E-02 0.1341E-02
    4500 0.2781E-02 0.2781E-02
    4501 0.1192E-02 0.1192E-02
    4502 0.5949E-02 0.5949E-02
    4503 0.1298E-02 0.1298E-02
    4504 0.4411E-02 0.4411E-02
    4505 0.1189E-02 0.1189E-02
    4506 0.1215E-02 0.1215E-02
    4507 0.1150E-02 0.1150E-02
    4508 0.1170E-02 0.1170E-02
    4509 0.1198E-02 0.1198E-02
    4510 0.1157E-02 0.1157E-02
    4511 0.1196E-02 0.1196E-02
    4512 0.1354E-02 0.1354E-02
    4513 0.1182E-02 0.1182E-02
    4514 0.1207E-02 0.1207E-02
    4515 0.1200E-02 0.1200E-02
    4516 0.1495E-02 0.1495E-02
    4517 0.1182E-02 0.1182E-02
    4518 0.1195E-02 0.1195E-02
    4519 0.1204E-02 0.1204E-02
    4520 0.1148E-02 0.1148E-02
    4521 0.1189E-02 0.1189E-02
    4522 0.1125E-02 0.1125E-02
    4523 0.1126E-02 0.1126E-02
    4524 0.1157E-02 0.1157E-02
    4525 0.1221E-02 0.1221E-02
    4526 0.1583E-02 0.1583E-02
    4527 0.1306E-02 0.1306E-02
    4528 0.1189E-02 0.1189E-02
    4529 0.1415E-02 0.1415E-02
    4530 0.1171E-02 0.1171E-02
    4531 0.1153E-02 0.1153E-02
    4532 0.1228E-02 0.1228E-02
    4533 0.1258E-02 0.1258E-02
    4534 0.1210E-02 0.1210E-02
    4535 0.1189E-02 0.1189E-02
    4536 0.1295E-02 0.1295E-02
    4537 0.1176E-01 0.1176E-01
    4538 0.1471E-02 0.1471E-02
    4539 0.1133E-02 0.1133E-02
    4540 0.1181E-02 0.1181E-02
    4541 0.1290E-02 0.1290E-02
    4542 0.1238E-02 0.1238E-02
    4543 0.1206E-02 0.1206E-02
    4544 0.1080E-02 0.1080E-02
    4545 0.1151E-02 0.1151E-02
    4546 0.1669E-01 0.1669E-01
    4547 0.1055E-02 0.1055E-02
    4548 0.9821E-03 0.9821E-03
    4549 0.1258E-02 0.1258E-02
    4550 0.1179E-02 0.1179E-02
    4551 0.1171E-02 0.1171E-02
    4552 0.1147E-02 0.1147E-02
    4553 0.1194E-02 0.1194E-02
    4554 0.1181E-02 0.1181E-02
    4555 0.1232E-02 0.1232E-02
    4556 0.1189E-02 0.1189E-02
    4557 0.1141E-02 0.1141E-02
    4558 0.1012E-02 0.1012E-02
    4559 0.1221E-02 0.1221E-02
    4560 0.1209E-02 0.1209E-02
    4561 0.1070E-02 0.1070E-02
    4562 0.1161E-02 0.1161E-02
    4563 0.1209E-02 0.1209E-02
    4564 0.1198E-02 0.1198E-02
    4565 0.1235E-02 0.1235E-02
    4566 0.1039E-02 0.1039E-02
    4567 0.6068E-02 0.6068E-02
    4568 0.1215E-02 0.1215E-02
    4569 0.1185E-02 0.1185E-02
    4570 0.1190E-02 0.1190E-02
    4571 0.1222E-02 0.1222E-02
    4572 0.2671E-02 0.2671E-02
    4573 0.1211E-02 0.1211E-02
    4574 0.1202E-02 0.1202E-02
    4575 0.1055E-02 0.1055E-02
    4576 0.1275E-02 0.1275E-02
    4577 0.2070E-02 0.2070E-02
    4578 0.3927E-02 0.3927E-02
    4579 0.1189E-02 0.1189E-02
    4580 0.1293E-02 0.1293E-02
    4581 0.1127E-02 0.1127E-02
    4582 0.1497E-02 0.1497E-02
    4583 0.1225E-02 0.1225E-02
    4584 0.1108E-02 0.1108E-02
    4585 0.2244E-02 0.2244E-02
    4586 0.1185E-02 0.1185E-02
    4587 0.1107E-02 0.1107E-02
    4588 0.1207E-02 0.1207E-02
    4589 0.1845E-02 0.1845E-02
    4590 0.2140E-02 0.2140E-02
    4591 0.1953E-02 0.1953E-02
    4592 0.1176E-02 0.1176E-02
    4593 0.1170E-02 0.1170E-02
    4594 0.1114E-02 0.1114E-02
    4595 0.1244E-02 0.1244E-02
    4596 0.1208E-02 0.1208E-02
    4597 0.1081E-02 0.1081E-02
    4598 0.1115E-02 0.1115E-02
    4599 0.9980E-03 0.9980E-03
    4600 0.1057E-02 0.1057E-02
    4601 0.1103E-02 0.1103E-02
    4602 0.1279E-02 0.1279E-02
    4603 0.1303E-02 0.1303E-02
    4604 0.1501E-02 0.1501E-02
    4605 0.1736E-02 0.1736E-02
    4606 0.1452E-02 0.1452E-02
    4607 0.2086E-02 0.2086E-02
    4608 0.2498E-02 0.2498E-02
    4609 0.2636E-02 0.2636E-02
    4610 0.3465E-01 0.3465E-01
    4611 0.2399E-01 0.2399E-01
    4612 0.7617E-01 0.7617E-01
    4613 0.1257E+00 0.1257E+00
    4614 0.1892E-02 0.1892E-02
    4615 0.1886E-02 0.1886E-02
    4616 0.1728E-02 0.1728E-02
    4617 0.1675E-02 0.1675E-02
    4618 0.1768E-02 0.1768E-02
    4619 0.4523E-02 0.4523E-02
    4620 0.2188E-02 0.2188E-02
    4621 0.1544E-02 0.1544E-02
    4622 0.1493E-02 0.1493E-02
    4623 0.1330E-02 0.1330E-02
    4624 0.1386E-02 0.1386E-02
    4625 0.1564E-02 0.1564E-02
    4626 0.1588E-02 0.1588E-02
    4627 0.3124E-02 0.3124E-02
    4628 0.1524E-02 0.1524E-02
    4629 0.1930E-02 0.1930E-02
    4630 0.1419E-02 0.1419E-02
    4631 0.1429E-02 0.1429E-02
    4632 0.1402E-02 0.1402E-02
    4633 0.1177E-02 0.1177E-02
    4634 0.1174E-02 0.1174E-02
    4635 0.1168E-02 0.1168E-02
    4636 0.1203E-02 0.1203E-02
    4637 0.2120E-02 0.2120E-02
    4638 0.1249E-02 0.1249E-02
    4639 0.1198E-02 0.1198E-02
    4640 0.1110E-02 0.1110E-02
    4641 0.1175E-02 0.1175E-02
    4642 0.1154E-02 0.1154E-02
    4643 0.2484E-02 0.2484E-02
    4644 0.1251E-02 0.1251E-02
    4645 0.1139E-02 0.1139E-02
    4646 0.2011E-02 0.2011E-02
    4647 0.1243E-02 0.1243E-02
    4648 0.1240E-02 0.1240E-02
    4649 0.1134E-02 0.1134E-02
    4650 0.1127E-02 0.1127E-02
    4651 0.1174E-02 0.1174E-02
    4652 0.1256E-02 0.1256E-02
    4653 0.1211E-02 0.1211E-02
    4654 0.1297E-02 0.1297E-02
    4655 0.1289E-02 0.1289E-02
    4656 0.1187E-02 0.1187E-02
    4657 0.1308E-02 0.1308E-02
    4658 0.1141E-02 0.1141E-02
    4659 0.1268E-02 0.1268E-02
    4660 0.1236E-02 0.1236E-02
    4661 0.1180E-02 0.1180E-02
    4662 0.1134E-02 0.1134E-02
    4663 0.1273E-02 0.1273E-02
    4664 0.1246E-02 0.1246E-02
    4665 0.1251E-02 0.1251E-02
    4666 0.1269E-02 0.1269E-02
    4667 0.1237E-02 0.1237E-02
    4668 0.1253E-02 0.1253E-02
    4669 0.2290E-02 0.2290E-02
    4670 0.1227E-02 0.1227E-02
    4671 0.1554E-02 0.1554E-02
    4672 0.1202E-02 0.1202E-02
    4673 0.1174E-02 0.1174E-02
    4674 0.1181E-02 0.1181E-02
    4675 0.1188E-02 0.1188E-02
    4676 0.1314E-02 0.1314E-02
    4677 0.1209E-02 0.1209E-02
    4678 0.2226E-02 0.2226E-02
    4679 0.1254E-02 0.1254E-02
    4680 0.1247E-02 0.1247E-02
    4681 0.1334E-02 0.1334E-02
    4682 0.1436E-02 0.1436E-02
    4683 0.1785E-02 0.1785E-02
    4684 0.1267E-02 0.1267E-02
    4685 0.1180E-02 0.1180E-02
    4686 0.1211E-02 0.1211E-02
    4687 0.1389E-02 0.1389E-02
    4688 0.4825E-02 0.4825E-02
    4689 0.1240E-02 0.1240E-02
    4690 0.1217E-02 0.1217E-02
    4691 0.1289E-02 0.1289E-02
    4692 0.1303E-02 0.1303E-02
    4693 0.1298E-02 0.1298E-02
    4694 0.1363E-02 0.1363E-02
    4695 0.1301E-02 0.1301E-02
    4696 0.1245E-02 0.1245E-02
    4697 0.1553E-02 0.1553E-02
    4698 0.1317E-02 0.1317E-02
    4699 0.1246E-02 0.1246E-02
    4700 0.1136E-02 0.1136E-02
    4701 0.1232E-02 0.1232E-02
    4702 0.1254E-02 0.1254E-02
    4703 0.1185E-02 0.1185E-02
    4704 0.1254E-02 0.1254E-02
    4705 0.1255E-02 0.1255E-02
    4706 0.1186E-02 0.1186E-02
    4707 0.1208E-02 0.1208E-02
    4708 0.1177E-02 0.1177E-02
    4709 0.1176E-02 0.1176E-02
    4710 0.1221E-02 0.1221E-02
    4711 0.1146E-02 0.1146E-02
    4712 0.1258E-02 0.1258E-02
    4713 0.1216E-02 0.1216E-02
    4714 0.1263E-02 0.1263E-02
    4715 0.1145E-02 0.1145E-02
    4716 0.1171E-02 0.1171E-02
    4717 0.1207E-02 0.1207E-02
    4718 0.1156E-02 0.1156E-02
    4719 0.1201E-02 0.1201E-02
    4720 0.1157E-02 0.1157E-02
    4721 0.1307E-02 0.1307E-02
    4722 0.1135E-02 0.1135E-02
    4723 0.1076E-02 0.1076E-02
    4724 0.1145E-02 0.1145E-02
    4725 0.1190E-02 0.1190E-02
    4726 0.1191E-02 0.1191E-02
    4727 0.1150E-02 0.1150E-02
    4728 0.1072E-02 0.1072E-02
    4729 0.1275E-01 0.1275E-01
    4730 0.1277E-02 0.1277E-02
    4731 0.2164E-02 0.2164E-02
    4732 0.4164E-02 0.4164E-02
    4733 0.3595E-02 0.3595E-02
    4734 0.1420E-02 0.1420E-02
    4735 0.1594E-02 0.1594E-02
    4736 0.1676E-02 0.1676E-02
    4737 0.1442E-02 0.1442E-02
    4738 0.1238E-02 0.1238E-02
    4739 0.2907E-02 0.2907E-02
    4740 0.2264E-02 0.2264E-02
    4741 0.2668E-02 0.2668E-02
    4742 0.2206E-02 0.2206E-02
    4743 0.2350E-02 0.2350E-02
    4744 0.2276E-02 0.2276E-02
    4745 0.2871E-02 0.2871E-02
    4746 0.1861E-02 0.1861E-02
    4747 0.2153E-02 0.2153E-02
    4748 0.1059E-02 0.1059E-02
    4749 0.1608E-02 0.1608E-02
    4750 0.1238E-02 0.1238E-02
    4751 0.1598E-02 0.1598E-02
    4752 0.3777E-02 0.3777E-02
    4753 0.1108E-01 0.1108E-01
    4754 0.5081E-02 0.5081E-02
    4755 0.2904E-02 0.2904E-02
    4756 0.3410E-02 0.3410E-02
    4757 0.3242E-02 0.3242E-02
    4758 0.2751E-02 0.2751E-02
    4759 0.5330E-01 0.5330E-01
    4760 0.2142E-02 0.2142E-02
    4761 0.1064E-01 0.1064E-01
    4762 0.1962E-02 0.1962E-02
    4763 0.1410E-02 0.1410E-02
    4764 0.1065E-01 0.1065E-01
    4765 0.1311E-02 0.1311E-02
    4766 0.1113E-02 0.1113E-02
    4767 0.1392E-02 0.1392E-02
    4768 0.1249E-02 0.1249E-02
    4769 0.1701E-02 0.1701E-02
    4770 0.1516E-02 0.1516E-02
    4771 0.1801E-02 0.1801E-02
    4772 0.1712E-02 0.1712E-02
    4773 0.2042E-02 0.2042E-02
    4774 0.1722E-02 0.1722E-02
    4775 0.1610E-02 0.1610E-02
    4776 0.1921E-02 0.1921E-02
    4777 0.2009E-02 0.2009E-02
    4778 0.1917E-02 0.1917E-02
    4779 0.1936E-02 0.1936E-02
    4780 0.3265E-02 0.3265E-02
    4781 0.1908E-02 0.1908E-02
    4782 0.2321E-02 0.2321E-02
    4783 0.2317E-02 0.2317E-02
    4784 0.2237E-02 0.2237E-02
    4785 0.2100E-02 0.2100E-02
    4786 0.2092E-02 0.2092E-02
    4787 0.2240E-02 0.2240E-02
    4788 0.2259E-02 0.2259E-02
    4789 0.2653E-01 0.2653E-01
    4790 0.2507E-02 0.2507E-02
    4791 0.1775E-02 0.1775E-02
    4792 0.2281E-02 0.2281E-02
    4793 0.2346E-02 0.2346E-02
    4794 0.2250E-02 0.2250E-02
    4795 0.2443E-02 0.2443E-02
    4796 0.1175E-02 0.1175E-02
    4797 0.3609E-02 0.3609E-02
    4798 0.1222E-02 0.1222E-02
    4799 0.1618E-02 0.1618E-02
    4800 0.4226E-02 0.4226E-02
    4801 0.5345E-02 0.5345E-02
    4802 0.2788E-02 0.2788E-02
    4803 0.2027E-02 0.2027E-02
    4804 0.2844E-02 0.2844E-02
    4805 0.2494E-02 0.2494E-02
    4806 0.2526E-02 0.2526E-02
    4807 0.2821E-02 0.2821E-02
    4808 0.2399E-02 0.2399E-02
    4809 0.2439E-02 0.2439E-02
    4810 0.2360E-02 0.2360E-02
    4811 0.2505E-02 0.2505E-02
    4812 0.2595E-02 0.2595E-02
    4813 0.2515E-02 0.2515E-02
    4814 0.2525E-02 0.2525E-02
    4815 0.2565E-02 0.2565E-02
    4816 0.2069E-02 0.2069E-02
    4817 0.1570E-02 0.1570E-02
    4818 0.2416E-02 0.2416E-02
    4819 0.4192E-02 0.4192E-02
    4820 0.5965E-02 0.5965E-02
    4821 0.6474E-02 0.6474E-02
    4822 0.1562E-02 0.1562E-02
    4823 0.3086E-02 0.3086E-02
    4824 0.2733E-02 0.2733E-02
    4825 0.4065E-02 0.4065E-02
    4826 0.1505E-01 0.1505E-01
    4827 0.2468E-02 0.2468E-02
    4828 0.3253E-02 0.3253E-02
    4829 0.2900E-02 0.2900E-02
    4830 0.9919E-03 0.9919E-03
    4831 0.4458E-02 0.4458E-02
    4832 0.4347E-02 0.4347E-02
    4833 0.4141E-02 0.4141E-02
    4834 0.4056E-02 0.4056E-02
    4835 0.3875E-02 0.3875E-02
    4836 0.3981E-02 0.3981E-02
    4837 0.3858E-02 0.3858E-02
    4838 0.3752E-02 0.3752E-02
    4839 0.3798E-02 0.3798E-02
    4840 0.4056E-02 0.4056E-02
    4841 0.4127E-02 0.4127E-02
    4842 0.4346E-02 0.4346E-02
    4843 0.4290E-02 0.4290E-02
    4844 0.4614E-02 0.4614E-02
    4845 0.3678E-02 0.3678E-02
    4846 0.3760E-01 0.3760E-01
    4847 0.3588E-02 0.3588E-02
    4848 0.3182E-02 0.3182E-02
    4849 0.3739E-02 0.3739E-02
    4850 0.3262E-02 0.3262E-02
    4851 0.2926E-02 0.2926E-02
    4852 0.3261E-02 0.3261E-02
    4853 0.3174E-02 0.3174E-02
    4854 0.3185E-02 0.3185E-02
    4855 0.3483E-02 0.3483E-02
    4856 0.3836E-02 0.3836E-02
    4857 0.3659E-02 0.3659E-02
    4858 0.4205E-02 0.4205E-02
    4859 0.5104E-02 0.5104E-02
    4860 0.3262E-02 0.3262E-02
    4861 0.4516E-02 0.4516E-02
    4862 0.4238E-02 0.4238E-02
    4863 0.6909E-02 0.6909E-02
    4864 0.4589E-02 0.4589E-02
    4865 0.3015E-02 0.3015E-02
    4866 0.3174E-02 0.3174E-02
    4867 0.2780E-02 0.2780E-02
    4868 0.4505E-02 0.4505E-02
    4869 0.2695E-02 0.2695E-02
    4870 0.2959E-02 0.2959E-02
    4871 0.2929E-02 0.2929E-02
    4872 0.3237E-02 0.3237E-02
    4873 0.2442E-02 0.2442E-02
    4874 0.2842E-02 0.2842E-02
    4875 0.2835E-02 0.2835E-02
    4876 0.2789E-02 0.2789E-02
    4877 0.2700E-02 0.2700E-02
    4878 0.2514E-02 0.2514E-02
    4879 0.3010E-02 0.3010E-02
    4880 0.2987E-02 0.2987E-02
    4881 0.2781E-02 0.2781E-02
    4882 0.3124E-02 0.3124E-02
    4883 0.3068E-02 0.3068E-02
    4884 0.4413E-02 0.4413E-02
    4885 0.3411E-02 0.3411E-02
    4886 0.3159E-02 0.3159E-02
    4887 0.3176E-02 0.3176E-02
    4888 0.3286E-02 0.3286E-02
    4889 0.3507E-02 0.3507E-02
    4890 0.3315E-02 0.3315E-02
    4891 0.6646E-02 0.6646E-02
    4892 0.4135E-02 0.4135E-02
    4893 0.3332E-02 0.3332E-02
    4894 0.2878E-02 0.2878E-02
    4895 0.3677E-02 0.3677E-02
    4896 0.3569E-02 0.3569E-02
    4897 0.4051E-02 0.4051E-02
    4898 0.1648E-02 0.1648E-02
    4899 0.2504E-02 0.2504E-02
    4900 0.3992E-02 0.3992E-02
    4901 0.3650E-02 0.3650E-02
    4902 0.8850E-02 0.8850E-02
    4903 0.3318E-02 0.3318E-02
    4904 0.2923E-02 0.2923E-02
    4905 0.2482E-02 0.2482E-02
    4906 0.1971E-02 0.1971E-02
    4907 0.4175E-02 0.4175E-02
    4908 0.2073E-02 0.2073E-02
    4909 0.1268E-02 0.1268E-02
    4910 0.1317E-02 0.1317E-02
    4911 0.1041E-02 0.1041E-02
    4912 0.1185E-02 0.1185E-02
    4913 0.1230E-02 0.1230E-02
    4914 0.1024E-02 0.1024E-02
    4915 0.1612E-02 0.1612E-02
    4916 0.1371E-02 0.1371E-02
    4917 0.1275E-02 0.1275E-02
    4918 0.1797E-02 0.1797E-02
    4919 0.1768E-02 0.1768E-02
    4920 0.1786E-02 0.1786E-02
    4921 0.1932E-02 0.1932E-02
    4922 0.1687E-02 0.1687E-02
    4923 0.1887E-02 0.1887E-02
    4924 0.1476E-02 0.1476E-02
    4925 0.1515E-02 0.1515E-02
    4926 0.1546E-02 0.1546E-02
    4927 0.1563E-02 0.1563E-02
    4928 0.1503E-02 0.1503E-02
    4929 0.1807E-02 0.1807E-02
    4930 0.1684E-02 0.1684E-02
    4931 0.1467E-02 0.1467E-02
    4932 0.1146E-02 0.1146E-02
    4933 0.1340E-02 0.1340E-02
    4934 0.1313E-02 0.1313E-02
    4935 0.1406E-02 0.1406E-02
    4936 0.1529E-02 0.1529E-02
    4937 0.1514E-02 0.1514E-02
    4938 0.1621E-02 0.1621E-02
    4939 0.1484E-02 0.1484E-02
    4940 0.1232E-02 0.1232E-02
    4941 0.1431E-02 0.1431E-02
    4942 0.1425E-02 0.1425E-02
    4943 0.1360E-02 0.1360E-02
    4944 0.1342E-02 0.1342E-02
    4945 0.1384E-02 0.1384E-02
    4946 0.1310E-02 0.1310E-02
    4947 0.1356E-02 0.1356E-02
    4948 0.1365E-02 0.1365E-02
    4949 0.1422E-02 0.1422E-02
    4950 0.1403E-02 0.1403E-02
    4951 0.1428E-02 0.1428E-02
    4952 0.1450E-02 0.1450E-02
    4953 0.1475E-02 0.1475E-02
    4954 0.1413E-02 0.1413E-02
    4955 0.1342E-02 0.1342E-02
    4956 0.1363E-02 0.1363E-02
    4957 0.1321E-02 0.1321E-02
    4958 0.1413E-02 0.1413E-02
    4959 0.1389E-02 0.1389E-02
    4960 0.1307E-02 0.1307E-02
    4961 0.1385E-02 0.1385E-02
    4962 0.1291E-02 0.1291E-02
    4963 0.1454E-02 0.1454E-02
    4964 0.1435E-02 0.1435E-02
    4965 0.1563E-02 0.1563E-02
    4966 0.1648E-02 0.1648E-02
    4967 0.1621E-02 0.1621E-02
    4968 0.1659E-02 0.1659E-02
    4969 0.2045E-02 0.2045E-02
    4970 0.1370E-02 0.1370E-02
    4971 0.1315E-02 0.1315E-02
    4972 0.1368E-02 0.1368E-02
    4973 0.1358E-02 0.1358E-02
    4974 0.1449E-02 0.1449E-02
    4975 0.1557E-02 0.1557E-02
    4976 0.1388E-02 0.1388E-02
    4977 0.1390E-02 0.1390E-02
    4978 0.1444E-02 0.1444E-02
    4979 0.1644E-02 0.1644E-02
    4980 0.1445E-02 0.1445E-02
    4981 0.1430E-02 0.1430E-02
    4982 0.1343E-02 0.1343E-02
    4983 0.1407E-02 0.1407E-02
    4984 0.1522E-02 0.1522E-02
    4985 0.2019E-02 0.2019E-02
    4986 0.1205E-02 0.1205E-02
    4987 0.1262E-02 0.1262E-02
    4988 0.1368E-02 0.1368E-02
    4989 0.1372E-02 0.1372E-02
    4990 0.1301E-02 0.1301E-02
    4991 0.1438E-02 0.1438E-02
    4992 0.1305E-02 0.1305E-02
    4993 0.1207E-02 0.1207E-02
    4994 0.1229E-02 0.1229E-02
    4995 0.1335E-02 0.1335E-02
    4996 0.1261E-02 0.1261E-02
    4997 0.1224E-02 0.1224E-02
    4998 0.1173E-02 0.1173E-02
    4999 0.1476E-02 0.1476E-02
    5000 0.1208E-02 0.1208E-02
    5001 0.1437E-02 0.1437E-02
    5002 0.1366E-02 0.1366E-02
    5003 0.1426E-02 0.1426E-02
    5004 0.1338E-02 0.1338E-02
    5005 0.1337E-02 0.1337E-02
    5006 0.1371E-02 0.1371E-02
    5007 0.4530E-01 0.4530E-01
    5008 0.1411E-02 0.1411E-02
    5009 0.1952E-02 0.1952E-02
    5010 0.1308E-02 0.1308E-02
    5011 0.1973E-02 0.1973E-02
    5012 0.1221E-02 0.1221E-02
    5013 0.1333E-02 0.1333E-02
    5014 0.1627E-02 0.1627E-02
    5015 0.1294E-02 0.1294E-02
    5016 0.1115E-02 0.1115E-02
    5017 0.1225E-02 0.1225E-02
    5018 0.1276E-02 0.1276E-02
    5019 0.1408E-02 0.1408E-02
    5020 0.6140E-02 0.6140E-02
    5021 0.1243E-02 0.1243E-02
    5022 0.2073E-02 0.2073E-02
    5023 0.1857E-02 0.1857E-02
    5024 0.1929E-02 0.1929E-02
    5025 0.1647E-02 0.1647E-02
    5026 0.1504E-02 0.1504E-02
    5027 0.1437E-02 0.1437E-02
    5028 0.1584E-02 0.1584E-02
    5029 0.1627E-02 0.1627E-02
    5030 0.1615E-02 0.1615E-02
    5031 0.1287E-02 0.1287E-02
    5032 0.1399E-02 0.1399E-02
    5033 0.1520E-02 0.1520E-02
    5034 0.2635E-02 0.2635E-02
    5035 0.1640E-02 0.1640E-02
    5036 0.1676E-02 0.1676E-02
    5037 0.3327E-02 0.3327E-02
    5038 0.1895E-02 0.1895E-02
    5039 0.1377E-02 0.1377E-02
    5040 0.1636E-02 0.1636E-02
    5041 0.1831E-02 0.1831E-02
    5042 0.1871E-02 0.1871E-02
    5043 0.1875E-02 0.1875E-02
    5044 0.1448E-02 0.1448E-02
    5045 0.1484E-02 0.1484E-02
    5046 0.1847E-01 0.1847E-01
    5047 0.2467E-02 0.2467E-02
    5048 0.1864E-02 0.1864E-02
    5049 0.1851E-02 0.1851E-02
    5050 0.2024E-02 0.2024E-02
    5051 0.2193E-02 0.2193E-02
    5052 0.1908E-02 0.1908E-02
    5053 0.1906E-02 0.1906E-02
    5054 0.3203E-02 0.3203E-02
    5055 0.1378E-02 0.1378E-02
    5056 0.1752E-02 0.1752E-02
    5057 0.1649E-02 0.1649E-02
    5058 0.1273E-01 0.1273E-01
    5059 0.3525E-02 0.3525E-02
    5060 0.1631E-02 0.1631E-02
    5061 0.2780E-02 0.2780E-02
    5062 0.2468E-02 0.2468E-02
    5063 0.2139E-02 0.2139E-02
    5064 0.1155E-02 0.1155E-02
    5065 0.1100E-02 0.1100E-02
    5066 0.1713E-02 0.1713E-02
    5067 0.1215E-02 0.1215E-02
    5068 0.1342E-02 0.1342E-02
    5069 0.1381E-02 0.1381E-02
    5070 0.1270E-02 0.1270E-02
    5071 0.1439E-02 0.1439E-02
    5072 0.2415E-02 0.2415E-02
    5073 0.1896E-02 0.1896E-02
    5074 0.2767E-02 0.2767E-02
    5075 0.1837E-02 0.1837E-02
    5076 0.1942E-02 0.1942E-02
    5077 0.1715E-02 0.1715E-02
    5078 0.1648E-02 0.1648E-02
    5079 0.1608E-02 0.1608E-02
    5080 0.1396E-02 0.1396E-02
    5081 0.1526E-02 0.1526E-02
    5082 0.1470E-02 0.1470E-02
    5083 0.2043E-02 0.2043E-02
    5084 0.1292E-02 0.1292E-02
    5085 0.1381E-02 0.1381E-02
    5086 0.1198E-02 0.1198E-02
    5087 0.1058E-02 0.1058E-02
    5088 0.1224E-02 0.1224E-02
    5089 0.2813E-02 0.2813E-02
    5090 0.1562E-02 0.1562E-02
    5091 0.1441E-02 0.1441E-02
    5092 0.1471E-02 0.1471E-02
    5093 0.1558E-02 0.1558E-02
    5094 0.5242E-02 0.5242E-02
    5095 0.2765E-02 0.2765E-02
    5096 0.8909E-01 0.8909E-01
    5097 0.9361E-01 0.9361E-01
    5098 0.8106E-01 0.8106E-01
    5099 0.3148E-01 0.3148E-01
    5100 0.1361E-01 0.1361E-01
    5101 0.4675E-02 0.4675E-02
    5102 0.2911E-02 0.2911E-02
    5103 0.2281E-02 0.2281E-02
    5104 0.2226E-02 0.2226E-02
    5105 0.2912E-02 0.2912E-02
    5106 0.1208E-02 0.1208E-02
    5107 0.1113E-02 0.1113E-02
    5108 0.1235E-02 0.1235E-02
    5109 0.1821E-02 0.1821E-02
    5110 0.1700E-02 0.1700E-02
    5111 0.2616E-02 0.2616E-02
    5112 0.1228E-02 0.1228E-02
    5113 0.1176E-02 0.1176E-02
    5114 0.1221E-02 0.1221E-02
    5115 0.1278E-02 0.1278E-02
    5116 0.1332E-02 0.1332E-02
    5117 0.1271E-02 0.1271E-02
    5118 0.1264E-02 0.1264E-02
    5119 0.1223E-02 0.1223E-02
    5120 0.1314E-02 0.1314E-02
    5121 0.1222E-02 0.1222E-02
    5122 0.1165E-02 0.1165E-02
    5123 0.1199E-02 0.1199E-02
    5124 0.1511E-02 0.1511E-02
    5125 0.1526E-02 0.1526E-02
    5126 0.3764E+00 0.3764E+00
    5127 0.1535E-02 0.1535E-02
    5128 0.1491E-02 0.1491E-02
    5129 0.1742E-02 0.1742E-02
    5130 0.1349E-02 0.1349E-02
    5131 0.1229E-02 0.1229E-02
    5132 0.1192E-02 0.1192E-02
    5133 0.1341E-02 0.1341E-02
    5134 0.1290E-02 0.1290E-02
    5135 0.1345E-02 0.1345E-02
    5136 0.1391E-02 0.1391E-02
    5137 0.1412E-02 0.1412E-02
    5138 0.1428E-02 0.1428E-02
    5139 0.1285E-02 0.1285E-02
    5140 0.1144E-02 0.1144E-02
    5141 0.1353E-02 0.1353E-02
    5142 0.1404E-02 0.1404E-02
    5143 0.1472E-02 0.1472E-02
    5144 0.1412E-02 0.1412E-02
    5145 0.1547E-02 0.1547E-02
    5146 0.1617E-02 0.1617E-02
    5147 0.1396E-02 0.1396E-02
    5148 0.1434E-02 0.1434E-02
    5149 0.1196E-02 0.1196E-02
    5150 0.1454E-02 0.1454E-02
    5151 0.1503E-02 0.1503E-02
    5152 0.1572E-02 0.1572E-02
    5153 0.1433E-02 0.1433E-02
    5154 0.1611E-02 0.1611E-02
    5155 0.1579E-02 0.1579E-02
    5156 0.1620E-02 0.1620E-02
    5157 0.1694E-02 0.1694E-02
    5158 0.1699E-02 0.1699E-02
    5159 0.1741E-02 0.1741E-02
    5160 0.1466E-02 0.1466E-02
    5161 0.1513E-02 0.1513E-02
    5162 0.1415E-02 0.1415E-02
    5163 0.1458E-02 0.1458E-02
    5164 0.1640E-02 0.1640E-02
    5165 0.1382E-02 0.1382E-02
    5166 0.1418E-02 0.1418E-02
    5167 0.1494E-02 0.1494E-02
    5168 0.1384E-02 0.1384E-02
    5169 0.1386E-02 0.1386E-02
    5170 0.1422E-02 0.1422E-02
    5171 0.1484E-02 0.1484E-02
    5172 0.1429E-02 0.1429E-02
    5173 0.1322E-02 0.1322E-02
    5174 0.1459E-02 0.1459E-02
    5175 0.1382E-02 0.1382E-02
    5176 0.1128E-02 0.1128E-02
    5177 0.1109E-02 0.1109E-02
    5178 0.1000E-01 0.1000E-01
    5179 0.6972E-01 0.6972E-01
    5180 0.1742E-01 0.1742E-01
    5181 0.1625E-01 0.1625E-01
    5182 0.4466E+00 0.4466E+00
    5183 0.2077E-01 0.2077E-01
    5184 0.4852E-02 0.4852E-02
    5185 0.9032E-02 0.9032E-02
    5186 0.5339E-02 0.5339E-02
    5187 0.4035E-02 0.4035E-02
    5188 0.4067E-02 0.4067E-02
    5189 0.4131E-02 0.4131E-02
    5190 0.4679E-02 0.4679E-02
    5191 0.2044E-02 0.2044E-02
    5192 0.2106E-01 0.2106E-01
    5193 0.5258E-02 0.5258E-02
    5194 0.7556E-02 0.7556E-02
    5195 0.6749E-02 0.6749E-02
    5196 0.8502E-02 0.8502E-02
    5197 0.1967E-01 0.1967E-01
    5198 0.1812E-02 0.1812E-02
    5199 0.4748E-02 0.4748E-02
    5200 0.3449E-02 0.3449E-02
    5201 0.2521E-02 0.2521E-02
    5202 0.1860E-02 0.1860E-02
    5203 0.2214E+00 0.2214E+00
    5204 0.2541E-02 0.2541E-02
    5205 0.1701E-02 0.1701E-02
    5206 0.1294E-02 0.1294E-02
    5207 0.2031E-02 0.2031E-02
    5208 0.2059E-02 0.2059E-02
    5209 0.2832E-02 0.2832E-02
    5210 0.1914E-02 0.1914E-02
    5211 0.2008E-02 0.2008E-02
    5212 0.1890E-02 0.1890E-02
    5213 0.2338E-02 0.2338E-02
    5214 0.1787E-02 0.1787E-02
    5215 0.1949E-02 0.1949E-02
    5216 0.2045E-02 0.2045E-02
    5217 0.3202E-02 0.3202E-02
    5218 0.2083E-02 0.2083E-02
    5219 0.1940E-02 0.1940E-02
    5220 0.2416E-02 0.2416E-02
    5221 0.2152E-02 0.2152E-02
    5222 0.2973E-02 0.2973E-02
    5223 0.5629E-02 0.5629E-02
    5224 0.8807E-02 0.8807E-02
    5225 0.3673E-02 0.3673E-02
    5226 0.2002E-01 0.2002E-01
    5227 0.3039E-02 0.3039E-02
    5228 0.3826E-01 0.3826E-01
    5229 0.8083E-01 0.8083E-01
    5230 0.5250E-02 0.5250E-02
    5231 0.1082E-01 0.1082E-01
    5232 0.5633E-02 0.5633E-02
    5233 0.6565E-02 0.6565E-02
    5234 0.9456E-02 0.9456E-02
    5235 0.8265E-02 0.8265E-02
    5236 0.9765E-02 0.9765E-02
    5237 0.7584E-02 0.7584E-02
    5238 0.7075E-02 0.7075E-02
    5239 0.1012E-01 0.1012E-01
    5240 0.8436E-02 0.8436E-02
    5241 0.5166E-02 0.5166E-02
    5242 0.3781E-02 0.3781E-02
    5243 0.1401E+00 0.1401E+00
    5244 0.3573E-02 0.3573E-02
    5245 0.5813E-02 0.5813E-02
    5246 0.5343E-02 0.5343E-02
    5247 0.5055E-02 0.5055E-02
    5248 0.1305E-01 0.1305E-01
    5249 0.2019E-01 0.2019E-01
    5250 0.4778E-02 0.4778E-02
    5251 0.4550E-02 0.4550E-02
    5252 0.1982E-02 0.1982E-02
    5253 0.1450E-02 0.1450E-02
    5254 0.1027E-02 0.1027E-02
    5255 0.1096E-02 0.1096E-02
    5256 0.2022E-02 0.2022E-02
    5257 0.1477E-02 0.1477E-02
    5258 0.1348E-02 0.1348E-02
    5259 0.1169E-02 0.1169E-02
    5260 0.1206E-02 0.1206E-02
    5261 0.1254E-02 0.1254E-02
    5262 0.1221E-02 0.1221E-02
    5263 0.1147E-02 0.1147E-02
    5264 0.1392E-02 0.1392E-02
    5265 0.1093E-02 0.1093E-02
    5266 0.3180E-02 0.3180E-02
    5267 0.9878E-03 0.9878E-03
    5268 0.1512E-02 0.1512E-02
    5269 0.1679E-02 0.1679E-02
    5270 0.1513E-02 0.1513E-02
    5271 0.1676E-02 0.1676E-02
    5272 0.1070E-02 0.1070E-02
    5273 0.1002E-02 0.1002E-02
    5274 0.1748E-02 0.1748E-02
    5275 0.1968E-02 0.1968E-02
    5276 0.1068E-02 0.1068E-02
    5277 0.1422E-02 0.1422E-02
    5278 0.1149E-02 0.1149E-02
    5279 0.1700E-02 0.1700E-02
    5280 0.1669E-02 0.1669E-02
    5281 0.2260E-02 0.2260E-02
    5282 0.1010E-01 0.1010E-01
    5283 0.3028E-01 0.3028E-01
    5284 0.1038E-02 0.1038E-02
    5285 0.9511E-03 0.9511E-03
    5286 0.1235E-02 0.1235E-02
    5287 0.1180E-02 0.1180E-02
    5288 0.1002E-02 0.1002E-02
    5289 0.1507E-02 0.1507E-02
    5290 0.1472E-02 0.1472E-02
    5291 0.1152E-02 0.1152E-02
    5292 0.1133E-02 0.1133E-02
    5293 0.1191E-02 0.1191E-02
    5294 0.1097E-02 0.1097E-02
    5295 0.1280E-02 0.1280E-02
    5296 0.1050E-02 0.1050E-02
    5297 0.9873E-03 0.9873E-03
    5298 0.9653E-03 0.9653E-03
    5299 0.1116E-02 0.1116E-02
    5300 0.1065E-02 0.1065E-02
    5301 0.1092E-02 0.1092E-02
    5302 0.1129E-02 0.1129E-02
    5303 0.1092E-02 0.1092E-02
    5304 0.1086E-02 0.1086E-02
    5305 0.1118E-02 0.1118E-02
    5306 0.1131E-02 0.1131E-02
    5307 0.1153E-02 0.1153E-02
    5308 0.1071E-02 0.1071E-02
    5309 0.1372E-02 0.1372E-02
    5310 0.1018E-02 0.1018E-02
    5311 0.1087E-02 0.1087E-02
    5312 0.1096E-02 0.1096E-02
    5313 0.1050E-02 0.1050E-02
    5314 0.1064E-02 0.1064E-02
    5315 0.9623E-03 0.9623E-03
    5316 0.1057E-02 0.1057E-02
    5317 0.9527E-03 0.9527E-03
    5318 0.1039E-02 0.1039E-02
    5319 0.5862E-02 0.5862E-02
    5320 0.1087E-02 0.1087E-02
    5321 0.1015E-02 0.1015E-02
    5322 0.1131E-02 0.1131E-02
    5323 0.9744E-03 0.9744E-03
    5324 0.9520E-03 0.9520E-03
    5325 0.9858E-03 0.9858E-03
    5326 0.9176E-03 0.9176E-03
    5327 0.1001E-02 0.1001E-02
    5328 0.8536E-02 0.8536E-02
    5329 0.1355E-02 0.1355E-02
    5330 0.1003E-02 0.1003E-02
    5331 0.9832E-03 0.9832E-03
    5332 0.8992E-03 0.8992E-03
    5333 0.1000E-02 0.1000E-02
    5334 0.9569E-03 0.9569E-03
    5335 0.2914E-02 0.2914E-02
    5336 0.1944E-02 0.1944E-02
    5337 0.2877E-02 0.2877E-02
    5338 0.9046E-03 0.9046E-03
    5339 0.9924E-03 0.9924E-03
    5340 0.1032E-02 0.1032E-02
    5341 0.8951E-03 0.8951E-03
    5342 0.1044E-02 0.1044E-02
    5343 0.9585E-03 0.9585E-03
    5344 0.1031E-02 0.1031E-02
    5345 0.9913E-03 0.9913E-03
    5346 0.1118E-02 0.1118E-02
    5347 0.1188E-02 0.1188E-02
    5348 0.1250E-02 0.1250E-02
    5349 0.1338E-02 0.1338E-02
    5350 0.1268E-02 0.1268E-02
    5351 0.1211E-02 0.1211E-02
    5352 0.1141E-02 0.1141E-02
    5353 0.1099E-02 0.1099E-02
    5354 0.1139E-02 0.1139E-02
    5355 0.1099E-02 0.1099E-02
    5356 0.1040E-02 0.1040E-02
    5357 0.4628E-02 0.4628E-02
    5358 0.1148E-02 0.1148E-02
    5359 0.1027E-02 0.1027E-02
    5360 0.1109E-02 0.1109E-02
    5361 0.9668E-03 0.9668E-03
    5362 0.1036E-02 0.1036E-02
    5363 0.1114E-02 0.1114E-02
    5364 0.1068E-02 0.1068E-02
    5365 0.1134E-02 0.1134E-02
    5366 0.1118E-02 0.1118E-02
    5367 0.1124E-02 0.1124E-02
    5368 0.1086E-02 0.1086E-02
    5369 0.1121E-02 0.1121E-02
    5370 0.1089E-02 0.1089E-02
    5371 0.1065E-02 0.1065E-02
    5372 0.1046E-02 0.1046E-02
    5373 0.1107E-02 0.1107E-02
    5374 0.1050E-02 0.1050E-02
    5375 0.1053E-02 0.1053E-02
    5376 0.6256E-01 0.6256E-01
    5377 0.1284E-02 0.1284E-02
    5378 0.9675E-03 0.9675E-03
    5379 0.1117E-02 0.1117E-02
    5380 0.1101E-02 0.1101E-02
    5381 0.2200E-02 0.2200E-02
    5382 0.1110E-02 0.1110E-02
    5383 0.1134E-02 0.1134E-02
    5384 0.1155E-02 0.1155E-02
    5385 0.1166E-02 0.1166E-02
    5386 0.1098E-02 0.1098E-02
    5387 0.1057E-02 0.1057E-02
    5388 0.1129E-02 0.1129E-02
    5389 0.1130E-02 0.1130E-02
    5390 0.1051E-02 0.1051E-02
    5391 0.1103E-02 0.1103E-02
    5392 0.1106E-02 0.1106E-02
    5393 0.1060E-02 0.1060E-02
    5394 0.1098E-02 0.1098E-02
    5395 0.1080E-02 0.1080E-02
    5396 0.1176E-02 0.1176E-02
    5397 0.1076E-02 0.1076E-02
    5398 0.1167E-02 0.1167E-02
    5399 0.1108E-02 0.1108E-02
    5400 0.1087E-02 0.1087E-02
    5401 0.1088E-02 0.1088E-02
    5402 0.1049E-02 0.1049E-02
    5403 0.9756E-03 0.9756E-03
    5404 0.9845E-03 0.9845E-03
    5405 0.9293E-03 0.9293E-03
    5406 0.9871E-03 0.9871E-03
    5407 0.1005E-02 0.1005E-02
    5408 0.1103E-02 0.1103E-02
    5409 0.9630E-03 0.9630E-03
    5410 0.9488E-03 0.9488E-03
    5411 0.9483E-03 0.9483E-03
    5412 0.8707E-03 0.8707E-03
    5413 0.9403E-03 0.9403E-03
    5414 0.9538E-03 0.9538E-03
    5415 0.9097E-03 0.9097E-03
    5416 0.9112E-03 0.9112E-03
    5417 0.8859E-03 0.8859E-03
    5418 0.9753E-03 0.9753E-03
    5419 0.1202E-02 0.1202E-02
    5420 0.9875E-03 0.9875E-03
    5421 0.9276E-03 0.9276E-03
    5422 0.1027E-02 0.1027E-02
    5423 0.8934E-03 0.8934E-03
    5424 0.9704E-03 0.9704E-03
    5425 0.9337E-03 0.9337E-03
    5426 0.9486E-03 0.9486E-03
    5427 0.1005E-02 0.1005E-02
    5428 0.9287E-03 0.9287E-03
    5429 0.1038E-02 0.1038E-02
    5430 0.9564E-03 0.9564E-03
    5431 0.9867E-03 0.9867E-03
    5432 0.9500E-03 0.9500E-03
    5433 0.8097E-03 0.8097E-03
    5434 0.9638E-03 0.9638E-03
    5435 0.1020E-02 0.1020E-02
    5436 0.8405E-03 0.8405E-03
    5437 0.9455E-03 0.9455E-03
    5438 0.9548E-03 0.9548E-03
    5439 0.9659E-03 0.9659E-03
    5440 0.9484E-03 0.9484E-03
    5441 0.9745E-03 0.9745E-03
    5442 0.9195E-03 0.9195E-03
    5443 0.9615E-03 0.9615E-03
    5444 0.1098E-02 0.1098E-02
    5445 0.9567E-03 0.9567E-03
    5446 0.8840E-03 0.8840E-03
    5447 0.9855E-03 0.9855E-03
    5448 0.9874E-03 0.9874E-03
    5449 0.9837E-03 0.9837E-03
    5450 0.1016E-02 0.1016E-02
    5451 0.9134E-03 0.9134E-03
    5452 0.9933E-03 0.9933E-03
    5453 0.9914E-03 0.9914E-03
    5454 0.1478E-02 0.1478E-02
    5455 0.9982E-03 0.9982E-03
    5456 0.9995E-03 0.9995E-03
    5457 0.9636E-03 0.9636E-03
    5458 0.1003E-02 0.1003E-02
    5459 0.9472E-03 0.9472E-03
    5460 0.8484E-03 0.8484E-03
    5461 0.9467E-03 0.9467E-03
    5462 0.9649E-03 0.9649E-03
    5463 0.9224E-03 0.9224E-03
    5464 0.9411E-03 0.9411E-03
    5465 0.7944E-03 0.7944E-03
    5466 0.1004E-02 0.1004E-02
    5467 0.9173E-03 0.9173E-03
    5468 0.1040E-02 0.1040E-02
    5469 0.9239E-03 0.9239E-03
    5470 0.8524E-03 0.8524E-03
    5471 0.9195E-03 0.9195E-03
    5472 0.1309E-02 0.1309E-02
    5473 0.9539E-03 0.9539E-03
    5474 0.9183E-03 0.9183E-03
    5475 0.9177E-03 0.9177E-03
    5476 0.8884E-03 0.8884E-03
    5477 0.1025E-02 0.1025E-02
    5478 0.9376E-03 0.9376E-03
    5479 0.9557E-03 0.9557E-03
    5480 0.1005E-02 0.1005E-02
    5481 0.9848E-03 0.9848E-03
    5482 0.9310E-03 0.9310E-03
    5483 0.9616E-03 0.9616E-03
    5484 0.9472E-03 0.9472E-03
    5485 0.1025E-02 0.1025E-02
    5486 0.1008E-02 0.1008E-02
    5487 0.9100E-03 0.9100E-03
    5488 0.8668E-03 0.8668E-03
    5489 0.8589E-03 0.8589E-03
    5490 0.8553E-03 0.8553E-03
    5491 0.1291E-02 0.1291E-02
    5492 0.3216E-02 0.3216E-02
    5493 0.1091E-02 0.1091E-02
    5494 0.1121E-02 0.1121E-02
    5495 0.9293E-02 0.9293E-02
    5496 0.1176E-02 0.1176E-02
    5497 0.8888E-03 0.8888E-03
    5498 0.6986E-03 0.6986E-03
    5499 0.8200E-03 0.8200E-03
    5500 0.7732E-03 0.7732E-03
    5501 0.3674E-02 0.3674E-02
    5502 0.1209E-02 0.1209E-02
    5503 0.1004E-02 0.1004E-02
    5504 0.4190E-02 0.4190E-02
    5505 0.2922E-02 0.2922E-02
    5506 0.2812E-02 0.2812E-02
    5507 0.2686E-02 0.2686E-02
    5508 0.2756E-02 0.2756E-02
    5509 0.3847E-02 0.3847E-02
    5510 0.4841E-02 0.4841E-02
    5511 0.8137E-03 0.8137E-03
    5512 0.8304E-03 0.8304E-03
    5513 0.9050E-03 0.9050E-03
    5514 0.2946E-02 0.2946E-02
    5515 0.4028E-02 0.4028E-02
    5516 0.2058E-02 0.2058E-02
    5517 0.3265E-02 0.3265E-02
    5518 0.3593E-02 0.3593E-02
    5519 0.4260E-02 0.4260E-02
    5520 0.5114E-02 0.5114E-02
    5521 0.1527E-02 0.1527E-02
    5522 0.1537E-02 0.1537E-02
    5523 0.1039E-02 0.1039E-02
    5524 0.2256E-02 0.2256E-02
    5525 0.1758E-02 0.1758E-02
    5526 0.1015E-02 0.1015E-02
    5527 0.1030E-02 0.1030E-02
    5528 0.1155E-02 0.1155E-02
    5529 0.1174E-02 0.1174E-02
    5530 0.1816E-02 0.1816E-02
    5531 0.1398E-02 0.1398E-02
    5532 0.9299E-03 0.9299E-03
    5533 0.1138E-01 0.1138E-01
    5534 0.5629E-02 0.5629E-02
    5535 0.8888E-03 0.8888E-03
    5536 0.7991E-03 0.7991E-03
    5537 0.8998E-03 0.8998E-03
    5538 0.8833E-03 0.8833E-03
    5539 0.8835E-03 0.8835E-03
    5540 0.8711E-03 0.8711E-03
    5541 0.9471E-03 0.9471E-03
    5542 0.8482E-03 0.8482E-03
    5543 0.8219E-03 0.8219E-03
    5544 0.8253E-03 0.8253E-03
    5545 0.8193E-03 0.8193E-03
    5546 0.8436E-03 0.8436E-03
    5547 0.8357E-03 0.8357E-03
    5548 0.9484E-03 0.9484E-03
    5549 0.9136E-03 0.9136E-03
    5550 0.8389E-03 0.8389E-03
    5551 0.1390E-02 0.1390E-02
    5552 0.1009E-02 0.1009E-02
    5553 0.9002E-03 0.9002E-03
    5554 0.7936E-03 0.7936E-03
    5555 0.8236E-03 0.8236E-03
    5556 0.8197E-03 0.8197E-03
    5557 0.1183E-02 0.1183E-02
    5558 0.8954E-03 0.8954E-03
    5559 0.8299E-03 0.8299E-03
    5560 0.9248E-03 0.9248E-03
    5561 0.7873E-03 0.7873E-03
    5562 0.8544E-03 0.8544E-03
    5563 0.1061E-02 0.1061E-02
    5564 0.1009E-02 0.1009E-02
    5565 0.7151E-03 0.7151E-03
    5566 0.8440E-03 0.8440E-03
    5567 0.7682E-03 0.7682E-03
    5568 0.8792E-03 0.8792E-03
    5569 0.9226E-03 0.9226E-03
    5570 0.8573E-03 0.8573E-03
    5571 0.8915E-03 0.8915E-03
    5572 0.9007E-03 0.9007E-03
    5573 0.7869E-03 0.7869E-03
    5574 0.8808E-03 0.8808E-03
    5575 0.8695E-03 0.8695E-03
    5576 0.8784E-03 0.8784E-03
    5577 0.9904E-03 0.9904E-03
    5578 0.7517E-03 0.7517E-03
    5579 0.8187E-03 0.8187E-03
    5580 0.8292E-03 0.8292E-03
    5581 0.8637E-03 0.8637E-03
    5582 0.8999E-03 0.8999E-03
    5583 0.8085E-03 0.8085E-03
    5584 0.8069E-03 0.8069E-03
    5585 0.1331E-02 0.1331E-02
    5586 0.1071E-02 0.1071E-02
    5587 0.1163E-02 0.1163E-02
    5588 0.1133E-02 0.1133E-02
    5589 0.1652E-02 0.1652E-02
    5590 0.2254E-02 0.2254E-02
    5591 0.3038E-02 0.3038E-02
    5592 0.2207E-02 0.2207E-02
    5593 0.3495E-02 0.3495E-02
    5594 0.1998E-02 0.1998E-02
    5595 0.2289E-02 0.2289E-02
    5596 0.1885E-02 0.1885E-02
    5597 0.8086E-03 0.8086E-03
    5598 0.7632E-03 0.7632E-03
    5599 0.7902E-03 0.7902E-03
    5600 0.8217E-03 0.8217E-03
    5601 0.8693E-03 0.8693E-03
    5602 0.8005E-03 0.8005E-03
    5603 0.2141E-02 0.2141E-02
    5604 0.1189E-02 0.1189E-02
    5605 0.1246E-02 0.1246E-02
    5606 0.7846E-03 0.7846E-03
    5607 0.8015E-03 0.8015E-03
    5608 0.7742E-03 0.7742E-03
    5609 0.9025E-03 0.9025E-03
    5610 0.8002E-03 0.8002E-03
    5611 0.8334E-03 0.8334E-03
    5612 0.1024E-02 0.1024E-02
    5613 0.1877E-02 0.1877E-02
    5614 0.1193E-02 0.1193E-02
    5615 0.7469E-03 0.7469E-03
    5616 0.7552E-03 0.7552E-03
    5617 0.7546E-03 0.7546E-03
    5618 0.8252E-03 0.8252E-03
    5619 0.2347E-02 0.2347E-02
    5620 0.8898E-03 0.8898E-03
    5621 0.8373E-03 0.8373E-03
    5622 0.9347E-03 0.9347E-03
    5623 0.7889E-03 0.7889E-03
    5624 0.7948E-03 0.7948E-03
    5625 0.7770E-03 0.7770E-03
    5626 0.7738E-03 0.7738E-03
    5627 0.2369E-02 0.2369E-02
    5628 0.7446E-03 0.7446E-03
    5629 0.7125E-03 0.7125E-03
    5630 0.7601E-03 0.7601E-03
    5631 0.7202E-03 0.7202E-03
    5632 0.1406E-02 0.1406E-02
    5633 0.7309E-03 0.7309E-03
    5634 0.8302E-03 0.8302E-03
    5635 0.1269E-02 0.1269E-02
    5636 0.9156E-03 0.9156E-03
    5637 0.7842E-03 0.7842E-03
    5638 0.8290E-03 0.8290E-03
    5639 0.8235E-03 0.8235E-03
    5640 0.8207E-03 0.8207E-03
    5641 0.7449E-03 0.7449E-03
    5642 0.3329E-02 0.3329E-02
    5643 0.7039E-03 0.7039E-03
    5644 0.6939E-03 0.6939E-03
    5645 0.7360E-03 0.7360E-03
    5646 0.7941E-03 0.7941E-03
    5647 0.7210E-03 0.7210E-03
    5648 0.8115E-03 0.8115E-03
    5649 0.9343E-03 0.9343E-03
    5650 0.8569E-03 0.8569E-03
    5651 0.8922E-03 0.8922E-03
    5652 0.8726E-03 0.8726E-03
    5653 0.7717E-03 0.7717E-03
    5654 0.8639E-03 0.8639E-03
    5655 0.9026E-03 0.9026E-03
    5656 0.8820E-03 0.8820E-03
    5657 0.8742E-03 0.8742E-03
    5658 0.8020E-03 0.8020E-03
    5659 0.2632E-02 0.2632E-02
    5660 0.9357E-03 0.9357E-03
    5661 0.8497E-03 0.8497E-03
    5662 0.8646E-03 0.8646E-03
    5663 0.1163E-02 0.1163E-02
    5664 0.8748E-03 0.8748E-03
    5665 0.8882E-03 0.8882E-03
    5666 0.8911E-03 0.8911E-03
    5667 0.7596E-03 0.7596E-03
    5668 0.8867E-03 0.8867E-03
    5669 0.8658E-03 0.8658E-03
    5670 0.8807E-03 0.8807E-03
    5671 0.8688E-03 0.8688E-03
    5672 0.9590E-03 0.9590E-03
    5673 0.9027E-03 0.9027E-03
    5674 0.9110E-03 0.9110E-03
    5675 0.8865E-03 0.8865E-03
    5676 0.8222E-03 0.8222E-03
    5677 0.1047E-02 0.1047E-02
    5678 0.7261E-03 0.7261E-03
    5679 0.7891E-03 0.7891E-03
    5680 0.8487E-03 0.8487E-03
    5681 0.8427E-03 0.8427E-03
    5682 0.8812E-03 0.8812E-03
    5683 0.9185E-03 0.9185E-03
    5684 0.2424E-02 0.2424E-02
    5685 0.9623E-03 0.9623E-03
    5686 0.8236E-03 0.8236E-03
    5687 0.9190E-03 0.9190E-03
    5688 0.1022E-02 0.1022E-02
    5689 0.8084E-03 0.8084E-03
    5690 0.9115E-03 0.9115E-03
    5691 0.9499E-03 0.9499E-03
    5692 0.9054E-03 0.9054E-03
    5693 0.9497E-03 0.9497E-03
    5694 0.9078E-03 0.9078E-03
    5695 0.9608E-03 0.9608E-03
    5696 0.1135E-02 0.1135E-02
    5697 0.3048E-02 0.3048E-02
    5698 0.1781E-02 0.1781E-02
    5699 0.1017E-02 0.1017E-02
    5700 0.1016E-02 0.1016E-02
    5701 0.9069E-03 0.9069E-03
    5702 0.9155E-03 0.9155E-03
    5703 0.1027E-02 0.1027E-02
    5704 0.1018E-02 0.1018E-02
    5705 0.9986E-03 0.9986E-03
    5706 0.1003E-02 0.1003E-02
    5707 0.1073E-02 0.1073E-02
    5708 0.1077E-02 0.1077E-02
    5709 0.1004E-02 0.1004E-02
    5710 0.8662E-03 0.8662E-03
    5711 0.9808E-03 0.9808E-03
    5712 0.9587E-03 0.9587E-03
    5713 0.1123E-02 0.1123E-02
    5714 0.9482E-03 0.9482E-03
    5715 0.9978E-03 0.9978E-03
    5716 0.9560E-03 0.9560E-03
    5717 0.1441E-02 0.1441E-02
    5718 0.9588E-03 0.9588E-03
    5719 0.1469E-02 0.1469E-02
    5720 0.9441E-03 0.9441E-03
    5721 0.9759E-03 0.9759E-03
    5722 0.1312E-02 0.1312E-02
    5723 0.1017E-02 0.1017E-02
    5724 0.1028E-02 0.1028E-02
    5725 0.1025E-02 0.1025E-02
    5726 0.9536E-03 0.9536E-03
    5727 0.1086E-02 0.1086E-02
    5728 0.9809E-03 0.9809E-03
    5729 0.1027E-02 0.1027E-02
    5730 0.1011E-02 0.1011E-02
    5731 0.1245E-02 0.1245E-02
    5732 0.9803E-03 0.9803E-03
    5733 0.9706E-03 0.9706E-03
    5734 0.9813E-03 0.9813E-03
    5735 0.9664E-03 0.9664E-03
    5736 0.9739E-03 0.9739E-03
    5737 0.9079E-03 0.9079E-03
    5738 0.1316E-02 0.1316E-02
    5739 0.2056E-02 0.2056E-02
    5740 0.1347E-02 0.1347E-02
    5741 0.9734E-03 0.9734E-03
    5742 0.9678E-03 0.9678E-03
    5743 0.9369E-03 0.9369E-03
    5744 0.9520E-03 0.9520E-03
    5745 0.9636E-03 0.9636E-03
    5746 0.9835E-03 0.9835E-03
    5747 0.9412E-03 0.9412E-03
    5748 0.8833E-03 0.8833E-03
    5749 0.9201E-03 0.9201E-03
    5750 0.8694E-03 0.8694E-03
    5751 0.9800E-03 0.9800E-03
    5752 0.9472E-03 0.9472E-03
    5753 0.9275E-02 0.9275E-02
    5754 0.5777E-02 0.5777E-02
    5755 0.9467E-03 0.9467E-03
    5756 0.1031E-02 0.1031E-02
    5757 0.9452E-03 0.9452E-03
    5758 0.9799E-03 0.9799E-03
    5759 0.9184E-03 0.9184E-03
    5760 0.8988E-03 0.8988E-03
    5761 0.9188E-03 0.9188E-03
    5762 0.7240E-03 0.7240E-03
    5763 0.8630E-03 0.8630E-03
    5764 0.9573E-03 0.9573E-03
    5765 0.1503E-02 0.1503E-02
    5766 0.1371E-02 0.1371E-02
    5767 0.4671E-02 0.4671E-02
    5768 0.4493E-02 0.4493E-02
    5769 0.1194E-01 0.1194E-01
    5770 0.1112E-01 0.1112E-01
    5771 0.6151E-02 0.6151E-02
    5772 0.5544E-02 0.5544E-02
    5773 0.2799E-02 0.2799E-02
    5774 0.1398E-02 0.1398E-02
    5775 0.1836E-02 0.1836E-02
    5776 0.9060E-03 0.9060E-03
    5777 0.8670E-03 0.8670E-03
    5778 0.8733E-03 0.8733E-03
    5779 0.8277E-03 0.8277E-03
    5780 0.8953E-03 0.8953E-03
    5781 0.9055E-03 0.9055E-03
    5782 0.8439E-03 0.8439E-03
    5783 0.8448E-03 0.8448E-03
    5784 0.8758E-03 0.8758E-03
    5785 0.8109E-03 0.8109E-03
    5786 0.8526E-03 0.8526E-03
    5787 0.8215E-03 0.8215E-03
    5788 0.8547E-03 0.8547E-03
    5789 0.5687E-02 0.5687E-02
    5790 0.8918E-03 0.8918E-03
    5791 0.8252E-03 0.8252E-03
    5792 0.1214E-02 0.1214E-02
    5793 0.9057E-03 0.9057E-03
    5794 0.1086E-02 0.1086E-02
    5795 0.9448E-03 0.9448E-03
    5796 0.8614E-03 0.8614E-03
    5797 0.8610E-03 0.8610E-03
    5798 0.8274E-03 0.8274E-03
    5799 0.9291E-03 0.9291E-03
    5800 0.8676E-03 0.8676E-03
    5801 0.8508E-03 0.8508E-03
    5802 0.9983E-03 0.9983E-03
    5803 0.8351E-03 0.8351E-03
    5804 0.8477E-03 0.8477E-03
    5805 0.8930E-03 0.8930E-03
    5806 0.7715E-03 0.7715E-03
    5807 0.8327E-03 0.8327E-03
    5808 0.8640E-03 0.8640E-03
    5809 0.8492E-03 0.8492E-03
    5810 0.8667E-03 0.8667E-03
    5811 0.1337E-02 0.1337E-02
    5812 0.8316E-03 0.8316E-03
    5813 0.8398E-03 0.8398E-03
    5814 0.8422E-03 0.8422E-03
    5815 0.7786E-03 0.7786E-03
    5816 0.8434E-03 0.8434E-03
    5817 0.8739E-03 0.8739E-03
    5818 0.1032E-02 0.1032E-02
    5819 0.9423E-03 0.9423E-03
    5820 0.9758E-03 0.9758E-03
    5821 0.9631E-03 0.9631E-03
    5822 0.9050E-03 0.9050E-03
    5823 0.8953E-03 0.8953E-03
    5824 0.9528E-03 0.9528E-03
    5825 0.9433E-03 0.9433E-03
    5826 0.9222E-03 0.9222E-03
    5827 0.9186E-03 0.9186E-03
    5828 0.9002E-03 0.9002E-03
    5829 0.8671E-03 0.8671E-03
    5830 0.1136E-02 0.1136E-02
    5831 0.1080E-02 0.1080E-02
    5832 0.1275E-02 0.1275E-02
    5833 0.1047E-02 0.1047E-02
    5834 0.9719E-03 0.9719E-03
    5835 0.9466E-03 0.9466E-03
    5836 0.9475E-03 0.9475E-03
    5837 0.8975E-03 0.8975E-03
    5838 0.8842E-03 0.8842E-03
    5839 0.8500E-03 0.8500E-03
    5840 0.1242E-02 0.1242E-02
    5841 0.2839E-02 0.2839E-02
    5842 0.1056E-02 0.1056E-02
    5843 0.1106E-02 0.1106E-02
    5844 0.1093E-02 0.1093E-02
    5845 0.1374E-02 0.1374E-02
    5846 0.1299E-02 0.1299E-02
    5847 0.1023E-02 0.1023E-02
    5848 0.1263E-02 0.1263E-02
    5849 0.8263E-03 0.8263E-03
    5850 0.7766E-03 0.7766E-03
    5851 0.7468E-03 0.7468E-03
    5852 0.7389E-03 0.7389E-03
    5853 0.7916E-03 0.7916E-03
    5854 0.7491E-03 0.7491E-03
    5855 0.7815E-03 0.7815E-03
    5856 0.8761E-03 0.8761E-03
    5857 0.7580E-03 0.7580E-03
    5858 0.6273E-03 0.6273E-03
    5859 0.2790E-02 0.2790E-02
    5860 0.1220E-02 0.1220E-02
    5861 0.1737E-02 0.1737E-02
    5862 0.8486E-03 0.8486E-03
    5863 0.8248E-03 0.8248E-03
    5864 0.9526E-03 0.9526E-03
    5865 0.9704E-03 0.9704E-03
    5866 0.9646E-03 0.9646E-03
    5867 0.1117E-02 0.1117E-02
    5868 0.9536E-03 0.9536E-03
    5869 0.9146E-03 0.9146E-03
    5870 0.8775E-03 0.8775E-03
    5871 0.8678E-03 0.8678E-03
    5872 0.1110E-02 0.1110E-02
    5873 0.8885E-03 0.8885E-03
    5874 0.1482E-02 0.1482E-02
    5875 0.9014E-03 0.9014E-03
    5876 0.9021E-03 0.9021E-03
    5877 0.9830E-03 0.9830E-03
    5878 0.9654E-03 0.9654E-03
    5879 0.9509E-03 0.9509E-03
    5880 0.8962E-03 0.8962E-03
    5881 0.1538E-02 0.1538E-02
    5882 0.1388E-02 0.1388E-02
    5883 0.1275E-02 0.1275E-02
    5884 0.1199E-02 0.1199E-02
    5885 0.1005E-02 0.1005E-02
    5886 0.1010E-02 0.1010E-02
    5887 0.9069E-03 0.9069E-03
    5888 0.1631E-02 0.1631E-02
    5889 0.2203E-02 0.2203E-02
    5890 0.1289E+00 0.1289E+00
    5891 0.1009E-02 0.1009E-02
    5892 0.9148E-03 0.9148E-03
    5893 0.1127E-02 0.1127E-02
    5894 0.1146E-02 0.1146E-02
    5895 0.1940E-02 0.1940E-02
    5896 0.9156E-03 0.9156E-03
    5897 0.9174E-03 0.9174E-03
    5898 0.9113E-03 0.9113E-03
    5899 0.8468E-03 0.8468E-03
    5900 0.9633E-03 0.9633E-03
    5901 0.1027E-02 0.1027E-02
    5902 0.9612E-03 0.9612E-03
    5903 0.9575E-03 0.9575E-03
    5904 0.3251E-01 0.3251E-01
    5905 0.9655E-03 0.9655E-03
    5906 0.1660E-02 0.1660E-02
    5907 0.9523E-03 0.9523E-03
    5908 0.1063E-02 0.1063E-02
    5909 0.1311E-02 0.1311E-02
    5910 0.9572E-03 0.9572E-03
    5911 0.1194E-02 0.1194E-02
    5912 0.4785E-02 0.4785E-02
    5913 0.1001E-02 0.1001E-02
    5914 0.1124E-02 0.1124E-02
    5915 0.9710E-03 0.9710E-03
    5916 0.8598E-03 0.8598E-03
    5917 0.1001E-02 0.1001E-02
    5918 0.1007E-02 0.1007E-02
    5919 0.9982E-03 0.9982E-03
    5920 0.9297E-03 0.9297E-03
    5921 0.1010E-02 0.1010E-02
    5922 0.9014E-01 0.9014E-01
    5923 0.9978E-03 0.9978E-03
    5924 0.9546E-03 0.9546E-03
    5925 0.1010E-02 0.1010E-02
    5926 0.1009E-02 0.1009E-02
    5927 0.1081E-02 0.1081E-02
    5928 0.9439E-03 0.9439E-03
    5929 0.1075E-02 0.1075E-02
    5930 0.9944E-03 0.9944E-03
    5931 0.9315E-03 0.9315E-03
    5932 0.9925E-03 0.9925E-03
    5933 0.1009E-02 0.1009E-02
    5934 0.1187E-02 0.1187E-02
    5935 0.1108E-02 0.1108E-02
    5936 0.3668E-01 0.3668E-01
    5937 0.9529E-03 0.9529E-03
    5938 0.9470E-03 0.9470E-03
    5939 0.1055E-02 0.1055E-02
    5940 0.3535E-01 0.3535E-01
    5941 0.8283E-03 0.8283E-03
    5942 0.9157E-03 0.9157E-03
    5943 0.9111E-03 0.9111E-03
    5944 0.9398E-03 0.9398E-03
    5945 0.9552E-03 0.9552E-03
    5946 0.9797E-03 0.9797E-03
    5947 0.8988E-03 0.8988E-03
    5948 0.9169E-03 0.9169E-03
    5949 0.1040E-02 0.1040E-02
    5950 0.1134E-02 0.1134E-02
    5951 0.1029E-02 0.1029E-02
    5952 0.1007E-02 0.1007E-02
    5953 0.1195E-02 0.1195E-02
    5954 0.1028E-02 0.1028E-02
    5955 0.1038E-02 0.1038E-02
    5956 0.1074E-02 0.1074E-02
    5957 0.9727E-03 0.9727E-03
    5958 0.9374E-03 0.9374E-03
    5959 0.9719E-03 0.9719E-03
    5960 0.8572E-03 0.8572E-03
    5961 0.9706E-03 0.9706E-03
    5962 0.8357E-03 0.8357E-03
    5963 0.9912E-03 0.9912E-03
    5964 0.9509E-03 0.9509E-03
    5965 0.9773E-03 0.9773E-03
    5966 0.1054E-02 0.1054E-02
    5967 0.9454E-03 0.9454E-03
    5968 0.9780E-03 0.9780E-03
    5969 0.9800E-03 0.9800E-03
    5970 0.9626E-03 0.9626E-03
    5971 0.9684E-03 0.9684E-03
    5972 0.1041E-02 0.1041E-02
    5973 0.9792E-03 0.9792E-03
    5974 0.1087E-02 0.1087E-02
    5975 0.9920E-03 0.9920E-03
    5976 0.9863E-03 0.9863E-03
    5977 0.1056E-02 0.1056E-02
    5978 0.9922E-03 0.9922E-03
    5979 0.9752E-03 0.9752E-03
    5980 0.9748E-03 0.9748E-03
    5981 0.9783E-03 0.9783E-03
    5982 0.1013E-02 0.1013E-02
    5983 0.9772E-03 0.9772E-03
    5984 0.9309E-03 0.9309E-03
    5985 0.2969E-02 0.2969E-02
    5986 0.8672E-03 0.8672E-03
    5987 0.1262E-02 0.1262E-02
    5988 0.9088E-03 0.9088E-03
    5989 0.7960E-03 0.7960E-03
    5990 0.6887E-03 0.6887E-03
    5991 0.6140E-03 0.6140E-03
    5992 0.5812E-03 0.5812E-03
    5993 0.7374E-03 0.7374E-03
    5994 0.1349E-02 0.1349E-02
    5995 0.5858E-03 0.5858E-03
    5996 0.8039E-03 0.8039E-03
    5997 0.6003E-03 0.6003E-03
    5998 0.7402E-03 0.7402E-03
    5999 0.1111E-02 0.1111E-02
    6000 0.8066E-03 0.8066E-03
    6001 0.2428E-02 0.2428E-02
    6002 0.1092E-02 0.1092E-02
    6003 0.2047E-02 0.2047E-02
    6004 0.6116E-03 0.6116E-03
    6005 0.1930E-02 0.1930E-02
    6006 0.5562E-03 0.5562E-03
    6007 0.5143E-03 0.5143E-03
    6008 0.2164E-02 0.2164E-02
    6009 0.5369E-03 0.5369E-03
    6010 0.5742E-03 0.5742E-03
    6011 0.4361E-02 0.4361E-02
    6012 0.9151E-03 0.9151E-03
    6013 0.2026E-02 0.2026E-02
    6014 0.6113E-03 0.6113E-03
    6015 0.1228E-02 0.1228E-02
    6016 0.6076E-03 0.6076E-03
    6017 0.1905E-02 0.1905E-02
    6018 0.5153E-03 0.5153E-03
    6019 0.1095E-02 0.1095E-02
    6020 0.1144E-02 0.1144E-02
    6021 0.1145E-02 0.1145E-02
    6022 0.1797E-02 0.1797E-02
    6023 0.8592E-03 0.8592E-03
    6024 0.8317E-03 0.8317E-03
    6025 0.7378E-03 0.7378E-03
    6026 0.6471E-03 0.6471E-03
    6027 0.6223E-03 0.6223E-03
    6028 0.7666E-03 0.7666E-03
    6029 0.8258E-03 0.8258E-03
    6030 0.4906E-03 0.4906E-03
    6031 0.9027E-03 0.9027E-03
    6032 0.6812E-02 0.6812E-02
    6033 0.6607E-03 0.6607E-03
    6034 0.6702E-03 0.6702E-03
    6035 0.7001E-03 0.7001E-03
    6036 0.6830E-03 0.6830E-03
    6037 0.8677E-03 0.8677E-03
    6038 0.8962E-03 0.8962E-03
    6039 0.9125E-03 0.9125E-03
    6040 0.8306E-03 0.8306E-03
    6041 0.9174E-03 0.9174E-03
    6042 0.8785E-03 0.8785E-03
    6043 0.9250E-03 0.9250E-03
    6044 0.9143E-03 0.9143E-03
    6045 0.8828E-03 0.8828E-03
    6046 0.9510E-03 0.9510E-03
    6047 0.1057E-02 0.1057E-02
    6048 0.1539E-02 0.1539E-02
    6049 0.1914E-02 0.1914E-02
    6050 0.1254E-02 0.1254E-02
    6051 0.1060E-02 0.1060E-02
    6052 0.1067E-02 0.1067E-02
    6053 0.1376E-02 0.1376E-02
    6054 0.9286E-03 0.9286E-03
    6055 0.9390E-03 0.9390E-03
    6056 0.8818E-03 0.8818E-03
    6057 0.9234E-03 0.9234E-03
    6058 0.1741E-02 0.1741E-02
    6059 0.9173E-03 0.9173E-03
    6060 0.8815E-03 0.8815E-03
    6061 0.1237E-02 0.1237E-02
    6062 0.9222E-03 0.9222E-03
    6063 0.9201E-03 0.9201E-03
    6064 0.8659E-03 0.8659E-03
    6065 0.7879E-03 0.7879E-03
    6066 0.8811E-03 0.8811E-03
    6067 0.8457E-03 0.8457E-03
    6068 0.8857E-03 0.8857E-03
    6069 0.8803E-03 0.8803E-03
    6070 0.8771E-03 0.8771E-03
    6071 0.8074E-03 0.8074E-03
    6072 0.9272E-03 0.9272E-03
    6073 0.9143E-03 0.9143E-03
    6074 0.8664E-03 0.8664E-03
    6075 0.8833E-03 0.8833E-03
    6076 0.7474E-03 0.7474E-03
    6077 0.9111E-03 0.9111E-03
    6078 0.8941E-03 0.8941E-03
    6079 0.8465E-03 0.8465E-03
    6080 0.9185E-03 0.9185E-03
    6081 0.9169E-03 0.9169E-03
    6082 0.9051E-03 0.9051E-03
    6083 0.9175E-03 0.9175E-03
    6084 0.9277E-03 0.9277E-03
    6085 0.8019E-03 0.8019E-03
    6086 0.8681E-03 0.8681E-03
    6087 0.1011E-02 0.1011E-02
    6088 0.9937E-03 0.9937E-03
    6089 0.8877E-03 0.8877E-03
    6090 0.8927E-03 0.8927E-03
    6091 0.9162E-03 0.9162E-03
    6092 0.8672E-03 0.8672E-03
    6093 0.9117E-03 0.9117E-03
    6094 0.9524E-03 0.9524E-03
    6095 0.8503E-03 0.8503E-03
    6096 0.1761E-02 0.1761E-02
    6097 0.7787E-03 0.7787E-03
    6098 0.7575E-03 0.7575E-03
    6099 0.5745E-02 0.5745E-02
    6100 0.6829E-03 0.6829E-03
    6101 0.1011E-02 0.1011E-02
    6102 0.6431E-03 0.6431E-03
    6103 0.6568E-03 0.6568E-03
    6104 0.7571E-03 0.7571E-03
    6105 0.6899E-03 0.6899E-03
    6106 0.8999E-02 0.8999E-02
    6107 0.2471E-02 0.2471E-02
    6108 0.1035E-02 0.1035E-02
    6109 0.1148E-02 0.1148E-02
    6110 0.1171E-02 0.1171E-02
    6111 0.1134E-02 0.1134E-02
    6112 0.1161E-02 0.1161E-02
    6113 0.1294E-02 0.1294E-02
    6114 0.1263E-02 0.1263E-02
    6115 0.1224E-02 0.1224E-02
    6116 0.1670E-02 0.1670E-02
    6117 0.1252E-02 0.1252E-02
    6118 0.9998E-03 0.9998E-03
    6119 0.1241E-02 0.1241E-02
    6120 0.1243E-02 0.1243E-02
    6121 0.5839E-03 0.5839E-03
    6122 0.6892E-03 0.6892E-03
    6123 0.6636E-03 0.6636E-03
    6124 0.8282E-03 0.8282E-03
    6125 0.5923E-03 0.5923E-03
    6126 0.6333E-03 0.6333E-03
    6127 0.9960E-03 0.9960E-03
    6128 0.1209E-02 0.1209E-02
    6129 0.1251E-02 0.1251E-02
    6130 0.1257E-02 0.1257E-02
    6131 0.1089E-02 0.1089E-02
    6132 0.1152E-02 0.1152E-02
    6133 0.1129E-02 0.1129E-02
    6134 0.1185E-02 0.1185E-02
    6135 0.1065E-02 0.1065E-02
    6136 0.1776E-02 0.1776E-02
    6137 0.4871E-03 0.4871E-03
    6138 0.5027E-03 0.5027E-03
    6139 0.4902E-03 0.4902E-03
    6140 0.6544E-03 0.6544E-03
    6141 0.6110E-03 0.6110E-03
    6142 0.5535E-03 0.5535E-03
    6143 0.6315E-03 0.6315E-03
    6144 0.6298E-03 0.6298E-03
    6145 0.6297E-03 0.6297E-03
    6146 0.6006E-03 0.6006E-03
    6147 0.8518E-03 0.8518E-03
    6148 0.7882E-02 0.7882E-02
    6149 0.8571E-03 0.8571E-03
    6150 0.4820E-03 0.4820E-03
    6151 0.7344E-03 0.7344E-03
    6152 0.9559E-02 0.9559E-02
    6153 0.7085E+00 0.7085E+00
    6154 0.9142E-03 0.9142E-03
    6155 0.8593E-03 0.8593E-03
    6156 0.9189E-03 0.9189E-03
    6157 0.1023E-02 0.1023E-02
    6158 0.1564E-02 0.1564E-02
    6159 0.9499E-03 0.9499E-03
    6160 0.8963E-03 0.8963E-03
    6161 0.9552E-03 0.9552E-03
    6162 0.9676E-03 0.9676E-03
    6163 0.9431E-03 0.9431E-03
    6164 0.9871E-03 0.9871E-03
    6165 0.8761E-03 0.8761E-03
    6166 0.8991E-03 0.8991E-03
    6167 0.9074E-03 0.9074E-03
    6168 0.8942E-03 0.8942E-03
    6169 0.8979E-03 0.8979E-03
    6170 0.8305E-02 0.8305E-02
    6171 0.8747E-03 0.8747E-03
    6172 0.8881E-03 0.8881E-03
    6173 0.9504E-03 0.9504E-03
    6174 0.9104E-03 0.9104E-03
    6175 0.9123E-03 0.9123E-03
    6176 0.9125E-03 0.9125E-03
    6177 0.9133E-03 0.9133E-03
    6178 0.9844E-03 0.9844E-03
    6179 0.1202E-02 0.1202E-02
    6180 0.9487E-03 0.9487E-03
    6181 0.9172E-03 0.9172E-03
    6182 0.9182E-03 0.9182E-03
    6183 0.9056E-03 0.9056E-03
    6184 0.8382E-03 0.8382E-03
    6185 0.1129E-02 0.1129E-02
    6186 0.8664E-03 0.8664E-03
    6187 0.7939E-03 0.7939E-03
    6188 0.1690E-02 0.1690E-02
    6189 0.5768E-03 0.5768E-03
    6190 0.3998E-03 0.3998E-03
    6191 0.2576E-01 0.2576E-01
    6192 0.4592E-03 0.4592E-03
    6193 0.4544E-03 0.4544E-03
    6194 0.5414E-03 0.5414E-03
    6195 0.7094E-03 0.7094E-03
    6196 0.7188E-03 0.7188E-03
    6197 0.7094E-03 0.7094E-03
    6198 0.6246E-03 0.6246E-03
    6199 0.6869E-03 0.6869E-03
    6200 0.7289E-03 0.7289E-03
    6201 0.6422E-03 0.6422E-03
    6202 0.7117E-03 0.7117E-03
    6203 0.6944E-03 0.6944E-03
    6204 0.7268E-03 0.7268E-03
    6205 0.6536E-03 0.6536E-03
    6206 0.6788E-03 0.6788E-03
    6207 0.7025E-03 0.7025E-03
    6208 0.6862E-03 0.6862E-03
    6209 0.7054E-03 0.7054E-03
    6210 0.7003E-03 0.7003E-03
    6211 0.6817E-03 0.6817E-03
    6212 0.7016E-03 0.7016E-03
    6213 0.6904E-03 0.6904E-03
    6214 0.7292E-03 0.7292E-03
    6215 0.8990E-03 0.8990E-03
    6216 0.6933E-03 0.6933E-03
    6217 0.5972E-03 0.5972E-03
    6218 0.6147E-03 0.6147E-03
    6219 0.5980E-03 0.5980E-03
    6220 0.5861E-03 0.5861E-03
    6221 0.5459E-03 0.5459E-03
    6222 0.7177E-03 0.7177E-03
    6223 0.7514E-03 0.7514E-03
    6224 0.7669E-03 0.7669E-03
    6225 0.7466E-03 0.7466E-03
    6226 0.6967E-03 0.6967E-03
    6227 0.7452E-03 0.7452E-03
    6228 0.6994E-03 0.6994E-03
    6229 0.7727E-03 0.7727E-03
    6230 0.1559E-02 0.1559E-02
    6231 0.7194E-03 0.7194E-03
    6232 0.7194E-03 0.7194E-03
    6233 0.7234E-03 0.7234E-03
    6234 0.7625E-03 0.7625E-03
    6235 0.7128E-03 0.7128E-03
    6236 0.7473E-03 0.7473E-03
    6237 0.7581E-03 0.7581E-03
    6238 0.6305E-03 0.6305E-03
    6239 0.7507E-03 0.7507E-03
    6240 0.7550E-03 0.7550E-03
    6241 0.7248E-03 0.7248E-03
    6242 0.6996E-03 0.6996E-03
    6243 0.7973E-03 0.7973E-03
    6244 0.8475E-03 0.8475E-03
    6245 0.7057E-03 0.7057E-03
    6246 0.8486E-03 0.8486E-03
    6247 0.8441E-03 0.8441E-03
    6248 0.8631E-03 0.8631E-03
    6249 0.9233E-03 0.9233E-03
    6250 0.8762E-03 0.8762E-03
    6251 0.8793E-03 0.8793E-03
    6252 0.8640E-03 0.8640E-03
    6253 0.8202E-03 0.8202E-03
    6254 0.8938E-03 0.8938E-03
    6255 0.9880E-03 0.9880E-03
    6256 0.8038E-03 0.8038E-03
    6257 0.1311E-02 0.1311E-02
    6258 0.5190E-03 0.5190E-03
    6259 0.6089E-03 0.6089E-03
    6260 0.5800E-03 0.5800E-03
    6261 0.6100E-03 0.6100E-03
    6262 0.1551E-02 0.1551E-02
    6263 0.1548E-02 0.1548E-02
    6264 0.7248E-03 0.7248E-03
    6265 0.1164E-02 0.1164E-02
    6266 0.8009E-03 0.8009E-03
    6267 0.7596E-03 0.7596E-03
    6268 0.7508E-03 0.7508E-03
    6269 0.7803E-03 0.7803E-03
    6270 0.8490E-03 0.8490E-03
    6271 0.7538E-03 0.7538E-03
    6272 0.8017E-03 0.8017E-03
    6273 0.7794E-03 0.7794E-03
    6274 0.7786E-03 0.7786E-03
    6275 0.7519E-03 0.7519E-03
    6276 0.7219E-03 0.7219E-03
    6277 0.7647E-03 0.7647E-03
    6278 0.7894E-03 0.7894E-03
    6279 0.7386E-03 0.7386E-03
    6280 0.7493E-03 0.7493E-03
    6281 0.7451E-03 0.7451E-03
    6282 0.7370E-03 0.7370E-03
    6283 0.7499E-03 0.7499E-03
    6284 0.7400E-03 0.7400E-03
    6285 0.7838E-03 0.7838E-03
    6286 0.7802E-03 0.7802E-03
    6287 0.7660E-03 0.7660E-03
    6288 0.7630E-03 0.7630E-03
    6289 0.7153E-03 0.7153E-03
    6290 0.1652E-02 0.1652E-02
    6291 0.7884E-03 0.7884E-03
    6292 0.8222E-03 0.8222E-03
    6293 0.7004E-03 0.7004E-03
    6294 0.7721E-03 0.7721E-03
    6295 0.7378E-03 0.7378E-03
    6296 0.7436E-03 0.7436E-03
    6297 0.7700E-03 0.7700E-03
    6298 0.8015E-03 0.8015E-03
    6299 0.7978E-03 0.7978E-03
    6300 0.7866E-03 0.7866E-03
    6301 0.7952E-03 0.7952E-03
    6302 0.8010E-03 0.8010E-03
    6303 0.8536E-03 0.8536E-03
    6304 0.7200E-03 0.7200E-03
    6305 0.7251E-03 0.7251E-03
    6306 0.6730E-03 0.6730E-03
    6307 0.4974E-02 0.4974E-02
    6308 0.1922E-02 0.1922E-02
    6309 0.7914E-03 0.7914E-03
    6310 0.7899E-03 0.7899E-03
    6311 0.7632E-03 0.7632E-03
    6312 0.7716E-03 0.7716E-03
    6313 0.7445E-03 0.7445E-03
    6314 0.7674E-03 0.7674E-03
    6315 0.9990E-03 0.9990E-03
    6316 0.8804E-03 0.8804E-03
    6317 0.9656E-03 0.9656E-03
    6318 0.7964E-03 0.7964E-03
    6319 0.7471E-03 0.7471E-03
    6320 0.7301E-03 0.7301E-03
    6321 0.6803E-03 0.6803E-03
    6322 0.7416E-03 0.7416E-03
    6323 0.7724E-03 0.7724E-03
    6324 0.7785E-03 0.7785E-03
    6325 0.7429E-03 0.7429E-03
    6326 0.7419E-03 0.7419E-03
    6327 0.7637E-03 0.7637E-03
    6328 0.7785E-03 0.7785E-03
    6329 0.7750E-03 0.7750E-03
    6330 0.7684E-03 0.7684E-03
    6331 0.7775E-03 0.7775E-03
    6332 0.7588E-03 0.7588E-03
    6333 0.7341E-03 0.7341E-03
    6334 0.7726E-03 0.7726E-03
    6335 0.7420E-03 0.7420E-03
    6336 0.7303E-03 0.7303E-03
    6337 0.7815E-03 0.7815E-03
    6338 0.8174E-03 0.8174E-03
    6339 0.8338E-03 0.8338E-03
    6340 0.8415E-03 0.8415E-03
    6341 0.7578E-03 0.7578E-03
    6342 0.8333E-03 0.8333E-03
    6343 0.8305E-03 0.8305E-03
    6344 0.8309E-03 0.8309E-03
    6345 0.8222E-03 0.8222E-03
    6346 0.8359E-03 0.8359E-03
    6347 0.8108E-03 0.8108E-03
    6348 0.7963E-03 0.7963E-03
    6349 0.7942E-03 0.7942E-03
    6350 0.8332E-03 0.8332E-03
    6351 0.8030E-03 0.8030E-03
    6352 0.8325E-03 0.8325E-03
    6353 0.8072E-03 0.8072E-03
    6354 0.8189E-03 0.8189E-03
    6355 0.8281E-03 0.8281E-03
    6356 0.8496E-03 0.8496E-03
    6357 0.3894E-02 0.3894E-02
    6358 0.9425E-03 0.9425E-03
    6359 0.8143E-03 0.8143E-03
    6360 0.2194E-02 0.2194E-02
    6361 0.8385E-03 0.8385E-03
    6362 0.8569E-03 0.8569E-03
    6363 0.8323E-03 0.8323E-03
    6364 0.5544E-02 0.5544E-02
    6365 0.9225E-03 0.9225E-03
    6366 0.7535E-03 0.7535E-03
    6367 0.7608E-03 0.7608E-03
    6368 0.8198E-02 0.8198E-02
    6369 0.7488E-03 0.7488E-03
    6370 0.7451E-03 0.7451E-03
    6371 0.7911E-03 0.7911E-03
    6372 0.2983E-02 0.2983E-02
    6373 0.7899E-03 0.7899E-03
    6374 0.7710E-03 0.7710E-03
    6375 0.9293E-03 0.9293E-03
    6376 0.7422E-03 0.7422E-03
    6377 0.7873E-03 0.7873E-03
    6378 0.8300E-03 0.8300E-03
    6379 0.7128E-03 0.7128E-03
    6380 0.8760E-03 0.8760E-03
    6381 0.9096E-03 0.9096E-03
    6382 0.6197E-03 0.6197E-03
    6383 0.6482E-03 0.6482E-03
    6384 0.6808E-03 0.6808E-03
    6385 0.6612E-03 0.6612E-03
    6386 0.7236E-03 0.7236E-03
    6387 0.6374E-03 0.6374E-03
    6388 0.6489E-03 0.6489E-03
    6389 0.6590E-03 0.6590E-03
    6390 0.6356E-03 0.6356E-03
    6391 0.6337E-03 0.6337E-03
    6392 0.6891E-03 0.6891E-03
    6393 0.6446E-03 0.6446E-03
    6394 0.6461E-03 0.6461E-03
    6395 0.6548E-03 0.6548E-03
    6396 0.6493E-03 0.6493E-03
    6397 0.5829E-03 0.5829E-03
    6398 0.6990E-03 0.6990E-03
    6399 0.6906E-03 0.6906E-03
    6400 0.6992E-03 0.6992E-03
    6401 0.7043E-03 0.7043E-03
    6402 0.6165E-03 0.6165E-03
    6403 0.6797E-03 0.6797E-03
    6404 0.6943E-03 0.6943E-03
    6405 0.8411E-03 0.8411E-03
    6406 0.7070E-03 0.7070E-03
    6407 0.6893E-03 0.6893E-03
    6408 0.7093E-03 0.7093E-03
    6409 0.6946E-03 0.6946E-03
    6410 0.6712E-03 0.6712E-03
    6411 0.5917E-03 0.5917E-03
    6412 0.7167E-03 0.7167E-03
    6413 0.7077E-03 0.7077E-03
    6414 0.7059E-03 0.7059E-03
    6415 0.6779E-03 0.6779E-03
    6416 0.6928E-03 0.6928E-03
    6417 0.6664E-03 0.6664E-03
    6418 0.6803E-03 0.6803E-03
    6419 0.6862E-03 0.6862E-03
    6420 0.6806E-03 0.6806E-03
    6421 0.6643E-03 0.6643E-03
    6422 0.6874E-03 0.6874E-03
    6423 0.6809E-03 0.6809E-03
    6424 0.6835E-03 0.6835E-03
    6425 0.6811E-03 0.6811E-03
    6426 0.6601E-03 0.6601E-03
    6427 0.6006E-03 0.6006E-03
    6428 0.8461E-03 0.8461E-03
    6429 0.4849E-03 0.4849E-03
    6430 0.5059E-03 0.5059E-03
    6431 0.4636E-03 0.4636E-03
    6432 0.4562E-03 0.4562E-03
    6433 0.1465E-02 0.1465E-02
    6434 0.2802E-02 0.2802E-02
    6435 0.1005E-02 0.1005E-02
    6436 0.8006E-03 0.8006E-03
    6437 0.8036E-03 0.8036E-03
    6438 0.8374E-03 0.8374E-03
    6439 0.8820E-03 0.8820E-03
    6440 0.9123E-03 0.9123E-03
    6441 0.6484E-03 0.6484E-03
    6442 0.9945E-03 0.9945E-03
    6443 0.9846E-03 0.9846E-03
    6444 0.6361E-03 0.6361E-03
    6445 0.7296E-03 0.7296E-03
    6446 0.6420E-02 0.6420E-02
    6447 0.1810E-02 0.1810E-02
    6448 0.1304E-02 0.1304E-02
    6449 0.1196E-02 0.1196E-02
    6450 0.1198E-02 0.1198E-02
    6451 0.1200E-02 0.1200E-02
    6452 0.1181E-02 0.1181E-02
    6453 0.1256E-02 0.1256E-02
    6454 0.1049E-02 0.1049E-02
    6455 0.1249E-02 0.1249E-02
    6456 0.1201E-02 0.1201E-02
    6457 0.1319E-02 0.1319E-02
    6458 0.1224E-02 0.1224E-02
    6459 0.1087E-02 0.1087E-02
    6460 0.4668E-02 0.4668E-02
    6461 0.1031E-02 0.1031E-02
    6462 0.9246E-03 0.9246E-03
    6463 0.9066E-03 0.9066E-03
    6464 0.9115E-03 0.9115E-03
    6465 0.9006E-03 0.9006E-03
    6466 0.9862E-03 0.9862E-03
    6467 0.9356E-03 0.9356E-03
    6468 0.9165E-03 0.9165E-03
    6469 0.8243E-03 0.8243E-03
    6470 0.7804E-03 0.7804E-03
    6471 0.8054E-03 0.8054E-03
    6472 0.6747E-03 0.6747E-03
    6473 0.1690E-01 0.1690E-01
    6474 0.1272E-02 0.1272E-02
    6475 0.1237E-02 0.1237E-02
    6476 0.2880E-02 0.2880E-02
    6477 0.1259E-02 0.1259E-02
    6478 0.7162E-02 0.7162E-02
    6479 0.4808E+00 0.4808E+00
    6480 0.1870E-02 0.1870E-02
    6481 0.9378E-03 0.9378E-03
    6482 0.5827E-03 0.5827E-03
    6483 0.6193E-03 0.6193E-03
    6484 0.4953E-03 0.4953E-03
    6485 0.5401E-03 0.5401E-03
    6486 0.7361E-03 0.7361E-03
    6487 0.4719E-03 0.4719E-03
    6488 0.4856E-03 0.4856E-03
    6489 0.1865E-02 0.1865E-02
    6490 0.4892E-02 0.4892E-02
    6491 0.2289E-02 0.2289E-02
    6492 0.1813E-02 0.1813E-02
    6493 0.1221E-02 0.1221E-02
    6494 0.7259E-03 0.7259E-03
    6495 0.7389E-03 0.7389E-03
    6496 0.6937E-03 0.6937E-03
    6497 0.7766E-03 0.7766E-03
    6498 0.8229E-03 0.8229E-03
    6499 0.8161E-03 0.8161E-03
    6500 0.8592E-03 0.8592E-03
    6501 0.7897E-03 0.7897E-03
    6502 0.7886E-03 0.7886E-03
    6503 0.4460E-03 0.4460E-03
    6504 0.4478E-03 0.4478E-03
    6505 0.4357E-03 0.4357E-03
    6506 0.3763E-03 0.3763E-03
    6507 0.4108E-03 0.4108E-03
    6508 0.4933E-03 0.4933E-03
    6509 0.1843E-02 0.1843E-02
    6510 0.4354E-03 0.4354E-03
    6511 0.4715E-03 0.4715E-03
    6512 0.1545E-02 0.1545E-02
    6513 0.4288E-03 0.4288E-03
    6514 0.4291E-03 0.4291E-03
    6515 0.4562E-03 0.4562E-03
    6516 0.4862E-03 0.4862E-03
    6517 0.4614E-03 0.4614E-03
    6518 0.6537E-03 0.6537E-03
    6519 0.8645E-03 0.8645E-03
    6520 0.5162E-03 0.5162E-03
    6521 0.5685E-03 0.5685E-03
    6522 0.5001E-03 0.5001E-03
    6523 0.6114E-03 0.6114E-03
    6524 0.5992E-03 0.5992E-03
    6525 0.5234E-03 0.5234E-03
    6526 0.6406E-03 0.6406E-03
    6527 0.6083E-03 0.6083E-03
    6528 0.6481E-03 0.6481E-03
    6529 0.6033E-03 0.6033E-03
    6530 0.4808E-03 0.4808E-03
    6531 0.5572E-03 0.5572E-03
    6532 0.5893E-03 0.5893E-03
    6533 0.5440E-03 0.5440E-03
    6534 0.5701E-03 0.5701E-03
    6535 0.8906E-03 0.8906E-03
    6536 0.5367E-03 0.5367E-03
    6537 0.6006E-03 0.6006E-03
    6538 0.5091E-03 0.5091E-03
    6539 0.2168E-02 0.2168E-02
    6540 0.5901E-03 0.5901E-03
    6541 0.6002E-03 0.6002E-03
    6542 0.5772E-03 0.5772E-03
    6543 0.5823E-03 0.5823E-03
    6544 0.5272E-03 0.5272E-03
    6545 0.5892E-03 0.5892E-03
    6546 0.7492E-03 0.7492E-03
    6547 0.5451E-03 0.5451E-03
    6548 0.6357E-03 0.6357E-03
    6549 0.5930E-03 0.5930E-03
    6550 0.6580E-03 0.6580E-03
    6551 0.5942E-03 0.5942E-03
    6552 0.5886E-03 0.5886E-03
    6553 0.5911E-03 0.5911E-03
    6554 0.5889E-03 0.5889E-03
    6555 0.5712E-03 0.5712E-03
    6556 0.5742E-03 0.5742E-03
    6557 0.6225E-03 0.6225E-03
    6558 0.5834E-03 0.5834E-03
    6559 0.5668E-03 0.5668E-03
    6560 0.6005E-03 0.6005E-03
    6561 0.5903E-03 0.5903E-03
    6562 0.7597E-03 0.7597E-03
    6563 0.6474E-03 0.6474E-03
    6564 0.5816E-03 0.5816E-03
    6565 0.5606E-03 0.5606E-03
    6566 0.6056E-03 0.6056E-03
    6567 0.5453E-03 0.5453E-03
    6568 0.7368E-03 0.7368E-03
    6569 0.5738E-03 0.5738E-03
    6570 0.5236E-03 0.5236E-03
    6571 0.5385E-03 0.5385E-03
    6572 0.5777E-03 0.5777E-03
    6573 0.5659E-03 0.5659E-03
    6574 0.9547E-03 0.9547E-03
    6575 0.5829E-03 0.5829E-03
    6576 0.5185E-03 0.5185E-03
    6577 0.5879E-03 0.5879E-03
    6578 0.5798E-03 0.5798E-03
    6579 0.5840E-03 0.5840E-03
    6580 0.5681E-03 0.5681E-03
    6581 0.5898E-03 0.5898E-03
    6582 0.5783E-03 0.5783E-03
    6583 0.5368E-03 0.5368E-03
    6584 0.5810E-03 0.5810E-03
    6585 0.5628E-03 0.5628E-03
    6586 0.5617E-03 0.5617E-03
    6587 0.5521E-03 0.5521E-03
    6588 0.5787E-03 0.5787E-03
    6589 0.5632E-03 0.5632E-03
    6590 0.5761E-03 0.5761E-03
    6591 0.5492E-03 0.5492E-03
    6592 0.5985E-03 0.5985E-03
    6593 0.5863E-03 0.5863E-03
    6594 0.5556E-03 0.5556E-03
    6595 0.5539E-03 0.5539E-03
    6596 0.5952E-03 0.5952E-03
    6597 0.5898E-03 0.5898E-03
    6598 0.5923E-03 0.5923E-03
    6599 0.5660E-03 0.5660E-03
    6600 0.5716E-03 0.5716E-03
    6601 0.5701E-03 0.5701E-03
    6602 0.5686E-03 0.5686E-03
    6603 0.5675E-03 0.5675E-03
    6604 0.5896E-03 0.5896E-03
    6605 0.5752E-03 0.5752E-03
    6606 0.5851E-03 0.5851E-03
    6607 0.5645E-03 0.5645E-03
    6608 0.5879E-03 0.5879E-03
    6609 0.5652E-03 0.5652E-03
    6610 0.5855E-03 0.5855E-03
    6611 0.6030E-03 0.6030E-03
    6612 0.5242E-03 0.5242E-03
    6613 0.5941E-03 0.5941E-03
    6614 0.5623E-03 0.5623E-03
    6615 0.5385E-03 0.5385E-03
    6616 0.5761E-03 0.5761E-03
    6617 0.5777E-03 0.5777E-03
    6618 0.6125E-03 0.6125E-03
    6619 0.6040E-03 0.6040E-03
    6620 0.5018E-03 0.5018E-03
    6621 0.5871E-03 0.5871E-03
    6622 0.6032E-03 0.6032E-03
    6623 0.6039E-03 0.6039E-03
    6624 0.5334E-03 0.5334E-03
    6625 0.5886E-03 0.5886E-03
    6626 0.5814E-03 0.5814E-03
    6627 0.5638E-03 0.5638E-03
    6628 0.2482E-02 0.2482E-02
    6629 0.6258E-03 0.6258E-03
    6630 0.5378E-03 0.5378E-03
    6631 0.4873E-03 0.4873E-03
    6632 0.5249E-03 0.5249E-03
    6633 0.5353E-03 0.5353E-03
    6634 0.5287E-03 0.5287E-03
    6635 0.1243E-02 0.1243E-02
    6636 0.5276E-03 0.5276E-03
    6637 0.6432E-03 0.6432E-03
    6638 0.6733E-03 0.6733E-03
    6639 0.6135E-03 0.6135E-03
    6640 0.6631E-03 0.6631E-03
    6641 0.7615E-03 0.7615E-03
    6642 0.8918E-03 0.8918E-03
    6643 0.1041E-02 0.1041E-02
    6644 0.5328E-03 0.5328E-03
    6645 0.4992E-03 0.4992E-03
    6646 0.4052E-03 0.4052E-03
    6647 0.4120E-03 0.4120E-03
    6648 0.4480E-03 0.4480E-03
    6649 0.4558E-03 0.4558E-03
    6650 0.5133E-03 0.5133E-03
    6651 0.6092E-03 0.6092E-03
    6652 0.5903E-03 0.5903E-03
    6653 0.6089E-03 0.6089E-03
    6654 0.6080E-03 0.6080E-03
    6655 0.5940E-03 0.5940E-03
    6656 0.4918E-03 0.4918E-03
    6657 0.4929E-03 0.4929E-03
    6658 0.4915E-03 0.4915E-03
    6659 0.4453E-03 0.4453E-03
    6660 0.5133E-03 0.5133E-03
    6661 0.5363E-03 0.5363E-03
    6662 0.4669E-03 0.4669E-03
    6663 0.8926E-03 0.8926E-03
    6664 0.4755E-03 0.4755E-03
    6665 0.5111E-03 0.5111E-03
    6666 0.5639E-03 0.5639E-03
    6667 0.5370E-03 0.5370E-03
    6668 0.5413E-03 0.5413E-03
    6669 0.4933E-03 0.4933E-03
    6670 0.5407E-03 0.5407E-03
    6671 0.5274E-03 0.5274E-03
    6672 0.4939E-03 0.4939E-03
    6673 0.5310E-03 0.5310E-03
    6674 0.6007E-03 0.6007E-03
    6675 0.1207E-02 0.1207E-02
    6676 0.6894E-03 0.6894E-03
    6677 0.7498E-03 0.7498E-03
    6678 0.7331E-03 0.7331E-03
    6679 0.1071E-02 0.1071E-02
    6680 0.9213E-03 0.9213E-03
    6681 0.7907E-03 0.7907E-03
    6682 0.6422E-03 0.6422E-03
    6683 0.6248E-03 0.6248E-03
    6684 0.6463E-03 0.6463E-03
    6685 0.6772E-03 0.6772E-03
    6686 0.5292E-03 0.5292E-03
    6687 0.5696E-03 0.5696E-03
    6688 0.6017E-03 0.6017E-03
    6689 0.5658E-03 0.5658E-03
    6690 0.5332E-03 0.5332E-03
    6691 0.6398E-03 0.6398E-03
    6692 0.3891E-03 0.3891E-03
    6693 0.3568E-03 0.3568E-03
    6694 0.5551E-03 0.5551E-03
    6695 0.5659E-03 0.5659E-03
    6696 0.5402E-03 0.5402E-03
    6697 0.5511E-03 0.5511E-03
    6698 0.5185E-03 0.5185E-03
    6699 0.4825E-03 0.4825E-03
    6700 0.4638E-03 0.4638E-03
    6701 0.5057E-03 0.5057E-03
    6702 0.5385E-03 0.5385E-03
    6703 0.5606E-03 0.5606E-03
    6704 0.5256E-03 0.5256E-03
    6705 0.5461E-03 0.5461E-03
    6706 0.5359E-03 0.5359E-03
    6707 0.5339E-03 0.5339E-03
    6708 0.5470E-03 0.5470E-03
    6709 0.5304E-03 0.5304E-03
    6710 0.5361E-03 0.5361E-03
    6711 0.5074E-03 0.5074E-03
    6712 0.5275E-03 0.5275E-03
    6713 0.5172E-03 0.5172E-03
    6714 0.5161E-03 0.5161E-03
    6715 0.6110E-03 0.6110E-03
    6716 0.5029E-03 0.5029E-03
    6717 0.5064E-03 0.5064E-03
    6718 0.5017E-03 0.5017E-03
    6719 0.5402E-03 0.5402E-03
    6720 0.3709E-03 0.3709E-03
    6721 0.5384E-03 0.5384E-03
    6722 0.7468E-03 0.7468E-03
    6723 0.2268E-02 0.2268E-02
    6724 0.5186E-03 0.5186E-03
    6725 0.5066E-03 0.5066E-03
    6726 0.5205E-03 0.5205E-03
    6727 0.5292E-03 0.5292E-03
    6728 0.5159E-03 0.5159E-03
    6729 0.5421E-03 0.5421E-03
    6730 0.4904E-03 0.4904E-03
    6731 0.5094E-03 0.5094E-03
    6732 0.5450E-03 0.5450E-03
    6733 0.4662E-03 0.4662E-03
    6734 0.5105E-03 0.5105E-03
    6735 0.5338E-03 0.5338E-03
    6736 0.4972E-03 0.4972E-03
    6737 0.5136E-03 0.5136E-03
    6738 0.5133E-03 0.5133E-03
    6739 0.5139E-03 0.5139E-03
    6740 0.5174E-03 0.5174E-03
    6741 0.5176E-03 0.5176E-03
    6742 0.5155E-03 0.5155E-03
    6743 0.5160E-03 0.5160E-03
    6744 0.5500E-03 0.5500E-03
    6745 0.5466E-03 0.5466E-03
    6746 0.5058E-03 0.5058E-03
    6747 0.5312E-03 0.5312E-03
    6748 0.4983E-03 0.4983E-03
    6749 0.4757E-03 0.4757E-03
    6750 0.5421E-03 0.5421E-03
    6751 0.5358E-03 0.5358E-03
    6752 0.6122E-03 0.6122E-03
    6753 0.5294E-03 0.5294E-03
    6754 0.5705E-03 0.5705E-03
    6755 0.5511E-03 0.5511E-03
    6756 0.5021E-03 0.5021E-03
    6757 0.5573E-03 0.5573E-03
    6758 0.5700E-03 0.5700E-03
    6759 0.5490E-03 0.5490E-03
    6760 0.5158E-03 0.5158E-03
    6761 0.5546E-03 0.5546E-03
    6762 0.4940E-03 0.4940E-03
    6763 0.5011E-03 0.5011E-03
    6764 0.5201E-03 0.5201E-03
    6765 0.5163E-03 0.5163E-03
    6766 0.5277E-03 0.5277E-03
    6767 0.5240E-03 0.5240E-03
    6768 0.1558E+00 0.1558E+00
    6769 0.5101E-03 0.5101E-03
    6770 0.5193E-03 0.5193E-03
    6771 0.5206E-03 0.5206E-03
    6772 0.5118E-03 0.5118E-03
    6773 0.6138E-03 0.6138E-03
    6774 0.4832E-03 0.4832E-03
    6775 0.5290E-03 0.5290E-03
    6776 0.5020E-03 0.5020E-03
    6777 0.5230E-03 0.5230E-03
    6778 0.5315E-03 0.5315E-03
    6779 0.5111E-03 0.5111E-03
    6780 0.5238E-03 0.5238E-03
    6781 0.5529E-03 0.5529E-03
    6782 0.4855E-03 0.4855E-03
    6783 0.5211E-03 0.5211E-03
    6784 0.5179E-03 0.5179E-03
    6785 0.5461E-03 0.5461E-03
    6786 0.5192E-03 0.5192E-03
    6787 0.6638E-03 0.6638E-03
    6788 0.5188E-03 0.5188E-03
    6789 0.4943E-03 0.4943E-03
    6790 0.4563E-03 0.4563E-03
    6791 0.4704E-03 0.4704E-03
    6792 0.5083E-03 0.5083E-03
    6793 0.5040E-03 0.5040E-03
    6794 0.4884E-03 0.4884E-03
    6795 0.5084E-03 0.5084E-03
    6796 0.7901E-03 0.7901E-03
    6797 0.6008E-03 0.6008E-03
    6798 0.4952E-03 0.4952E-03
    6799 0.4921E-03 0.4921E-03
    6800 0.3671E-03 0.3671E-03
    6801 0.5192E-03 0.5192E-03
    6802 0.4663E-03 0.4663E-03
    6803 0.4698E-03 0.4698E-03
    6804 0.4471E-03 0.4471E-03
    6805 0.5514E-03 0.5514E-03
    6806 0.4566E-03 0.4566E-03
    6807 0.4556E-03 0.4556E-03
    6808 0.4567E-03 0.4567E-03
    6809 0.4361E-03 0.4361E-03
    6810 0.4655E-03 0.4655E-03
    6811 0.4446E-03 0.4446E-03
    6812 0.4805E-03 0.4805E-03
    6813 0.4620E-03 0.4620E-03
    6814 0.4722E-03 0.4722E-03
    6815 0.4386E-03 0.4386E-03
    6816 0.4513E-03 0.4513E-03
    6817 0.4507E-03 0.4507E-03
    6818 0.4878E-03 0.4878E-03
    6819 0.6136E-03 0.6136E-03
    6820 0.4705E-03 0.4705E-03
    6821 0.4254E-03 0.4254E-03
    6822 0.4826E-03 0.4826E-03
    6823 0.5210E-03 0.5210E-03
    6824 0.4333E-03 0.4333E-03
    6825 0.4784E-03 0.4784E-03
    6826 0.4791E-03 0.4791E-03
    6827 0.4629E-03 0.4629E-03
    6828 0.5104E-03 0.5104E-03
    6829 0.5047E-03 0.5047E-03
    6830 0.4803E-03 0.4803E-03
    6831 0.4959E-03 0.4959E-03
    6832 0.6282E-03 0.6282E-03
    6833 0.4690E-03 0.4690E-03
    6834 0.2983E-03 0.2983E-03
    6835 0.2875E-03 0.2875E-03
    6836 0.4000E-03 0.4000E-03
    6837 0.4459E-03 0.4459E-03
    6838 0.6139E-03 0.6139E-03
    6839 0.5840E-03 0.5840E-03
    6840 0.1385E-02 0.1385E-02
    6841 0.9806E-03 0.9806E-03
    6842 0.9063E-03 0.9063E-03
    6843 0.3361E-03 0.3361E-03
    6844 0.9244E-03 0.9244E-03
    6845 0.5271E-03 0.5271E-03
    6846 0.4140E-03 0.4140E-03
    6847 0.8354E-03 0.8354E-03
    6848 0.4136E-03 0.4136E-03
    6849 0.4071E-03 0.4071E-03
    6850 0.4231E-03 0.4231E-03
    6851 0.4189E-03 0.4189E-03
    6852 0.3677E-03 0.3677E-03
    6853 0.3407E-03 0.3407E-03
    6854 0.4035E-03 0.4035E-03
    6855 0.4100E-03 0.4100E-03
    6856 0.3918E-03 0.3918E-03
    6857 0.4099E-03 0.4099E-03
    6858 0.6864E-03 0.6864E-03
    6859 0.4610E-03 0.4610E-03
    6860 0.4619E-03 0.4619E-03
    6861 0.4950E-03 0.4950E-03
    6862 0.4208E-03 0.4208E-03
    6863 0.4737E-03 0.4737E-03
    6864 0.4988E-03 0.4988E-03
    6865 0.4717E-03 0.4717E-03
    6866 0.5787E-03 0.5787E-03
    6867 0.3937E-03 0.3937E-03
    6868 0.3471E-03 0.3471E-03
    6869 0.3945E-03 0.3945E-03
    6870 0.3897E-03 0.3897E-03
    6871 0.3619E-03 0.3619E-03
    6872 0.4185E-03 0.4185E-03
    6873 0.4130E-03 0.4130E-03
    6874 0.4286E-03 0.4286E-03
    6875 0.4203E-03 0.4203E-03
    6876 0.4307E-03 0.4307E-03
    6877 0.4229E-03 0.4229E-03
    6878 0.4074E-03 0.4074E-03
    6879 0.4110E-03 0.4110E-03
    6880 0.1552E-02 0.1552E-02
    6881 0.4315E-03 0.4315E-03
    6882 0.3949E-03 0.3949E-03
    6883 0.4697E-03 0.4697E-03
    6884 0.4629E-03 0.4629E-03
    6885 0.3993E-03 0.3993E-03
    6886 0.3717E-03 0.3717E-03
    6887 0.4340E-03 0.4340E-03
    6888 0.4345E-03 0.4345E-03
    6889 0.4098E-03 0.4098E-03
    6890 0.4261E-03 0.4261E-03
    6891 0.4187E-03 0.4187E-03
    6892 0.4282E-03 0.4282E-03
    6893 0.4122E-03 0.4122E-03
    6894 0.4117E-03 0.4117E-03
    6895 0.4288E-03 0.4288E-03
    6896 0.4276E-03 0.4276E-03
    6897 0.4215E-03 0.4215E-03
    6898 0.4076E-03 0.4076E-03
    6899 0.4044E-03 0.4044E-03
    6900 0.4227E-03 0.4227E-03
    6901 0.4870E-03 0.4870E-03
    6902 0.4155E-03 0.4155E-03
    6903 0.3909E-03 0.3909E-03
    6904 0.4132E-03 0.4132E-03
    6905 0.4154E-03 0.4154E-03
    6906 0.3980E-03 0.3980E-03
    6907 0.3921E-03 0.3921E-03
    6908 0.4004E-03 0.4004E-03
    6909 0.4075E-03 0.4075E-03
    6910 0.4050E-03 0.4050E-03
    6911 0.4248E-03 0.4248E-03
    6912 0.9327E-03 0.9327E-03
    6913 0.7273E-03 0.7273E-03
    6914 0.4605E-03 0.4605E-03
    6915 0.5916E-03 0.5916E-03
    6916 0.4472E-03 0.4472E-03
    6917 0.5581E-03 0.5581E-03
    6918 0.4429E-03 0.4429E-03
    6919 0.4284E-03 0.4284E-03
    6920 0.4295E-03 0.4295E-03
    6921 0.5700E-03 0.5700E-03
    6922 0.4534E-03 0.4534E-03
    6923 0.4122E-03 0.4122E-03
    6924 0.4241E-03 0.4241E-03
    6925 0.4550E-03 0.4550E-03
    6926 0.4177E-03 0.4177E-03
    6927 0.4017E-03 0.4017E-03
    6928 0.5797E-03 0.5797E-03
    6929 0.4131E-03 0.4131E-03
    6930 0.4551E-03 0.4551E-03
    6931 0.4220E-03 0.4220E-03
    6932 0.4249E-03 0.4249E-03
    6933 0.4402E-03 0.4402E-03
    6934 0.4532E-03 0.4532E-03
    6935 0.4445E-03 0.4445E-03
    6936 0.4459E-03 0.4459E-03
    6937 0.3970E-03 0.3970E-03
    6938 0.4290E-03 0.4290E-03
    6939 0.4184E-03 0.4184E-03
    6940 0.4462E-03 0.4462E-03
    6941 0.4348E-03 0.4348E-03
    6942 0.4942E-03 0.4942E-03
    6943 0.4239E-03 0.4239E-03
    6944 0.4181E-03 0.4181E-03
    6945 0.5381E-03 0.5381E-03
    6946 0.4287E-03 0.4287E-03
    6947 0.4256E-03 0.4256E-03
    6948 0.6572E-03 0.6572E-03
    6949 0.4176E-03 0.4176E-03
    6950 0.4102E-03 0.4102E-03
    6951 0.4029E-03 0.4029E-03
    6952 0.4051E-03 0.4051E-03
    6953 0.3816E-03 0.3816E-03
    6954 0.4277E-03 0.4277E-03
    6955 0.4099E-03 0.4099E-03
    6956 0.3850E-03 0.3850E-03
    6957 0.4059E-03 0.4059E-03
    6958 0.4897E-03 0.4897E-03
    6959 0.4116E-03 0.4116E-03
    6960 0.4105E-03 0.4105E-03
    6961 0.3981E-03 0.3981E-03
    6962 0.3825E-03 0.3825E-03
    6963 0.4029E-03 0.4029E-03
    6964 0.4095E-03 0.4095E-03
    6965 0.4406E-03 0.4406E-03
    6966 0.4003E-03 0.4003E-03
    6967 0.4497E-03 0.4497E-03
    6968 0.3994E-03 0.3994E-03
    6969 0.4097E-03 0.4097E-03
    6970 0.4005E-03 0.4005E-03
    6971 0.4101E-03 0.4101E-03
    6972 0.4082E-03 0.4082E-03
    6973 0.4145E-03 0.4145E-03
    6974 0.3941E-03 0.3941E-03
    6975 0.4044E-03 0.4044E-03
    6976 0.3639E-03 0.3639E-03
    6977 0.3946E-03 0.3946E-03
    6978 0.3913E-03 0.3913E-03
    6979 0.3488E-03 0.3488E-03
    6980 0.3970E-03 0.3970E-03
    6981 0.4120E-03 0.4120E-03
    6982 0.4010E-03 0.4010E-03
    6983 0.3894E-03 0.3894E-03
    6984 0.4027E-03 0.4027E-03
    6985 0.6387E-03 0.6387E-03
    6986 0.3671E-03 0.3671E-03
    6987 0.4017E-03 0.4017E-03
    6988 0.3674E-03 0.3674E-03
    6989 0.3861E-03 0.3861E-03
    6990 0.8766E-03 0.8766E-03
    6991 0.4083E-03 0.4083E-03
    6992 0.4174E-03 0.4174E-03
    6993 0.4208E-03 0.4208E-03
    6994 0.3984E-03 0.3984E-03
    6995 0.5074E-03 0.5074E-03
    6996 0.5682E-03 0.5682E-03
    6997 0.2054E-02 0.2054E-02
    6998 0.4079E-03 0.4079E-03
    6999 0.4063E-03 0.4063E-03
    7000 0.3977E-03 0.3977E-03
    7001 0.4086E-03 0.4086E-03
    7002 0.7062E-03 0.7062E-03
    7003 0.3969E-03 0.3969E-03
    7004 0.3939E-03 0.3939E-03
    7005 0.3941E-03 0.3941E-03
    7006 0.3867E-03 0.3867E-03
    7007 0.4165E-03 0.4165E-03
    7008 0.3505E-03 0.3505E-03
    7009 0.3513E-03 0.3513E-03
    7010 0.3700E-03 0.3700E-03
    7011 0.3778E-03 0.3778E-03
    7012 0.3749E-03 0.3749E-03
    7013 0.4342E-03 0.4342E-03
    7014 0.4046E-03 0.4046E-03
    7015 0.1447E-02 0.1447E-02
    7016 0.4014E-03 0.4014E-03
    7017 0.4040E-03 0.4040E-03
    7018 0.4135E-03 0.4135E-03
    7019 0.4100E-03 0.4100E-03
    7020 0.3748E-03 0.3748E-03
    7021 0.4170E-03 0.4170E-03
    7022 0.4101E-03 0.4101E-03
    7023 0.5855E-03 0.5855E-03
    7024 0.4037E-03 0.4037E-03
    7025 0.3890E-03 0.3890E-03
    7026 0.3983E-03 0.3983E-03
    7027 0.4499E-03 0.4499E-03
    7028 0.3984E-03 0.3984E-03
    7029 0.4267E-03 0.4267E-03
    7030 0.4057E-03 0.4057E-03
    7031 0.4419E-03 0.4419E-03
    7032 0.3875E-03 0.3875E-03
    7033 0.3977E-03 0.3977E-03
    7034 0.6458E-03 0.6458E-03
    7035 0.3970E-03 0.3970E-03
    7036 0.5210E-03 0.5210E-03
    7037 0.3847E-03 0.3847E-03
    7038 0.3957E-03 0.3957E-03
    7039 0.3994E-03 0.3994E-03
    7040 0.3738E-03 0.3738E-03
    7041 0.3498E-03 0.3498E-03
    7042 0.3215E-03 0.3215E-03
    7043 0.3988E-03 0.3988E-03
    7044 0.4025E-03 0.4025E-03
    7045 0.2907E-03 0.2907E-03
    7046 0.2576E-03 0.2576E-03
    7047 0.2670E-03 0.2670E-03
    7048 0.3036E-03 0.3036E-03
    7049 0.4650E-03 0.4650E-03
    7050 0.3390E-03 0.3390E-03
    7051 0.3531E-03 0.3531E-03
    7052 0.5446E-03 0.5446E-03
    7053 0.5811E-03 0.5811E-03
    7054 0.3478E-03 0.3478E-03
    7055 0.3602E-03 0.3602E-03
    7056 0.3914E-03 0.3914E-03
    7057 0.3041E-03 0.3041E-03
    7058 0.3398E-03 0.3398E-03
    7059 0.3463E-03 0.3463E-03
    7060 0.3190E-03 0.3190E-03
    7061 0.3256E-03 0.3256E-03
    7062 0.3669E-03 0.3669E-03
    7063 0.3901E-03 0.3901E-03
    7064 0.5705E-03 0.5705E-03
    7065 0.3317E-03 0.3317E-03
    7066 0.3245E-03 0.3245E-03
    7067 0.3491E-03 0.3491E-03
    7068 0.3362E-03 0.3362E-03
    7069 0.3339E-03 0.3339E-03
    7070 0.3582E-03 0.3582E-03
    7071 0.3629E-03 0.3629E-03
    7072 0.3488E-03 0.3488E-03
    7073 0.3460E-03 0.3460E-03
    7074 0.3623E-03 0.3623E-03
    7075 0.4468E-03 0.4468E-03
    7076 0.3506E-03 0.3506E-03
    7077 0.3450E-03 0.3450E-03
    7078 0.1246E-02 0.1246E-02
    7079 0.5100E-03 0.5100E-03
    7080 0.3170E-03 0.3170E-03
    7081 0.3443E-03 0.3443E-03
    7082 0.3514E-03 0.3514E-03
    7083 0.3847E-03 0.3847E-03
    7084 0.3573E-03 0.3573E-03
    7085 0.3696E-03 0.3696E-03
    7086 0.5937E-03 0.5937E-03
    7087 0.3609E-03 0.3609E-03
    7088 0.3643E-03 0.3643E-03
    7089 0.3907E-03 0.3907E-03
    7090 0.3576E-03 0.3576E-03
    7091 0.3460E-03 0.3460E-03
    7092 0.3580E-03 0.3580E-03
    7093 0.3264E-03 0.3264E-03
    7094 0.3768E-03 0.3768E-03
    7095 0.3483E-03 0.3483E-03
    7096 0.3652E-03 0.3652E-03
    7097 0.3424E-03 0.3424E-03
    7098 0.3511E-03 0.3511E-03
    7099 0.3597E-03 0.3597E-03
    7100 0.3688E-03 0.3688E-03
    7101 0.3734E-03 0.3734E-03
    7102 0.3565E-03 0.3565E-03
    7103 0.3860E-03 0.3860E-03
    7104 0.3928E-03 0.3928E-03
    7105 0.3644E-03 0.3644E-03
    7106 0.3735E-03 0.3735E-03
    7107 0.3486E-03 0.3486E-03
    7108 0.3531E-03 0.3531E-03
    7109 0.2314E-02 0.2314E-02
    7110 0.3581E-03 0.3581E-03
    7111 0.3473E-03 0.3473E-03
    7112 0.3638E-03 0.3638E-03
    7113 0.3735E-03 0.3735E-03
    7114 0.3664E-03 0.3664E-03
    7115 0.3571E-03 0.3571E-03
    7116 0.3447E-03 0.3447E-03
    7117 0.3664E-03 0.3664E-03
    7118 0.1044E-02 0.1044E-02
    7119 0.3523E-03 0.3523E-03
    7120 0.3562E-03 0.3562E-03
    7121 0.3475E-03 0.3475E-03
    7122 0.3263E-03 0.3263E-03
    7123 0.3466E-03 0.3466E-03
    7124 0.3426E-03 0.3426E-03
    7125 0.3224E-03 0.3224E-03
    7126 0.3555E-03 0.3555E-03
    7127 0.3622E-03 0.3622E-03
    7128 0.3334E-03 0.3334E-03
    7129 0.4111E-03 0.4111E-03
    7130 0.1052E-02 0.1052E-02
    7131 0.3519E-03 0.3519E-03
    7132 0.3489E-03 0.3489E-03
    7133 0.3362E-03 0.3362E-03
    7134 0.3167E-03 0.3167E-03
    7135 0.3328E-03 0.3328E-03
    7136 0.7630E-03 0.7630E-03
    7137 0.3571E-03 0.3571E-03
    7138 0.3594E-03 0.3594E-03
    7139 0.3631E-03 0.3631E-03
    7140 0.3535E-03 0.3535E-03
    7141 0.3177E-03 0.3177E-03
    7142 0.3508E-03 0.3508E-03
    7143 0.3476E-03 0.3476E-03
    7144 0.3560E-03 0.3560E-03
    7145 0.3542E-03 0.3542E-03
    7146 0.3294E-03 0.3294E-03
    7147 0.3291E-03 0.3291E-03
    7148 0.3577E-03 0.3577E-03
    7149 0.4160E-03 0.4160E-03
    7150 0.3428E-03 0.3428E-03
    7151 0.3534E-03 0.3534E-03
    7152 0.3706E-03 0.3706E-03
    7153 0.3577E-03 0.3577E-03
    7154 0.3801E-03 0.3801E-03
    7155 0.3620E-03 0.3620E-03
    7156 0.4056E-03 0.4056E-03
    7157 0.4042E-03 0.4042E-03
    7158 0.3076E-03 0.3076E-03
    7159 0.3210E-03 0.3210E-03
    7160 0.3469E-03 0.3469E-03
    7161 0.3598E-03 0.3598E-03
    7162 0.3419E-03 0.3419E-03
    7163 0.3510E-03 0.3510E-03
    7164 0.3484E-03 0.3484E-03
    7165 0.3571E-03 0.3571E-03
    7166 0.3529E-03 0.3529E-03
    7167 0.3586E-03 0.3586E-03
    7168 0.3584E-03 0.3584E-03
    7169 0.3612E-03 0.3612E-03
    7170 0.3650E-03 0.3650E-03
    7171 0.3669E-03 0.3669E-03
    7172 0.3838E-03 0.3838E-03
    7173 0.3630E-03 0.3630E-03
    7174 0.3406E-03 0.3406E-03
    7175 0.3450E-03 0.3450E-03
    7176 0.3411E-03 0.3411E-03
    7177 0.5663E-03 0.5663E-03
    7178 0.3481E-03 0.3481E-03
    7179 0.3446E-03 0.3446E-03
    7180 0.3267E-03 0.3267E-03
    7181 0.3369E-03 0.3369E-03
    7182 0.3461E-03 0.3461E-03
    7183 0.3602E-03 0.3602E-03
    7184 0.3352E-03 0.3352E-03
    7185 0.3539E-03 0.3539E-03
    7186 0.3497E-03 0.3497E-03
    7187 0.3477E-03 0.3477E-03
    7188 0.3364E-03 0.3364E-03
    7189 0.3061E-03 0.3061E-03
    7190 0.3301E-03 0.3301E-03
    7191 0.3360E-03 0.3360E-03
    7192 0.3434E-03 0.3434E-03
    7193 0.4329E-03 0.4329E-03
    7194 0.2996E-03 0.2996E-03
    7195 0.3468E-03 0.3468E-03
    7196 0.3347E-03 0.3347E-03
    7197 0.4071E-03 0.4071E-03
    7198 0.3623E-03 0.3623E-03
    7199 0.3394E-03 0.3394E-03
    7200 0.3087E-03 0.3087E-03
    7201 0.3302E-03 0.3302E-03
    7202 0.2691E-03 0.2691E-03
    7203 0.2604E-03 0.2604E-03
    7204 0.2330E-03 0.2330E-03
    7205 0.2916E-03 0.2916E-03
    7206 0.6147E-03 0.6147E-03
    7207 0.2488E-03 0.2488E-03
    7208 0.2200E-03 0.2200E-03
    7209 0.5164E-03 0.5164E-03
    7210 0.3396E-03 0.3396E-03
    7211 0.4235E-03 0.4235E-03
    7212 0.2868E-03 0.2868E-03
    7213 0.2924E-03 0.2924E-03
    7214 0.3365E-03 0.3365E-03
    7215 0.3035E-03 0.3035E-03
    7216 0.2430E-03 0.2430E-03
    7217 0.4324E-03 0.4324E-03
    7218 0.2536E-03 0.2536E-03
    7219 0.3157E-03 0.3157E-03
    7220 0.2246E-03 0.2246E-03
    7221 0.2162E-03 0.2162E-03
    7222 0.1814E-02 0.1814E-02
    7223 0.1937E-03 0.1937E-03
    7224 0.1861E-03 0.1861E-03
    7225 0.1910E-03 0.1910E-03
    7226 0.2195E-03 0.2195E-03
    7227 0.2218E-03 0.2218E-03
    7228 0.2257E-03 0.2257E-03
    7229 0.2334E-03 0.2334E-03
    7230 0.2060E-03 0.2060E-03
    7231 0.2392E-03 0.2392E-03
    7232 0.2431E-03 0.2431E-03
    7233 0.3283E-03 0.3283E-03
    7234 0.2319E-03 0.2319E-03
    7235 0.3292E-03 0.3292E-03
    7236 0.2361E-03 0.2361E-03
    7237 0.2186E-03 0.2186E-03
    7238 0.2055E-03 0.2055E-03
    7239 0.2114E-03 0.2114E-03
    7240 0.2599E-03 0.2599E-03
    7241 0.2615E-03 0.2615E-03
    7242 0.3141E-03 0.3141E-03
    7243 0.3584E-03 0.3584E-03
    7244 0.2971E-03 0.2971E-03
    7245 0.4262E-03 0.4262E-03
    7246 0.2938E-03 0.2938E-03
    7247 0.2728E-03 0.2728E-03
    7248 0.8541E-03 0.8541E-03
    7249 0.5902E-03 0.5902E-03
    7250 0.5770E-03 0.5770E-03
    7251 0.5844E-03 0.5844E-03
    7252 0.5805E-03 0.5805E-03
    7253 0.5203E-03 0.5203E-03
    7254 0.4767E-03 0.4767E-03
    7255 0.5544E-03 0.5544E-03
    7256 0.5109E-03 0.5109E-03
    7257 0.5602E-03 0.5602E-03
    7258 0.5652E-03 0.5652E-03
    7259 0.5066E-03 0.5066E-03
    7260 0.5253E-03 0.5253E-03
    7261 0.5627E-03 0.5627E-03
    7262 0.9937E-03 0.9937E-03
    7263 0.5256E-03 0.5256E-03
    7264 0.5449E-03 0.5449E-03
    7265 0.5242E-03 0.5242E-03
    7266 0.5288E-03 0.5288E-03
    7267 0.5268E-03 0.5268E-03
    7268 0.5447E-03 0.5447E-03
    7269 0.7727E-03 0.7727E-03
    7270 0.5729E-03 0.5729E-03
    7271 0.1650E-02 0.1650E-02
    7272 0.3407E-03 0.3407E-03
    7273 0.3026E-03 0.3026E-03
    7274 0.2634E-03 0.2634E-03
    7275 0.2949E-03 0.2949E-03
    7276 0.2951E-03 0.2951E-03
    7277 0.2993E-03 0.2993E-03
    7278 0.3141E-03 0.3141E-03
    7279 0.2622E-03 0.2622E-03
    7280 0.2202E-03 0.2202E-03
    7281 0.2247E-03 0.2247E-03
    7282 0.2143E-03 0.2143E-03
    7283 0.2128E-03 0.2128E-03
    7284 0.2802E-03 0.2802E-03
    7285 0.4730E-03 0.4730E-03
    7286 0.1784E-03 0.1784E-03
    7287 0.3031E-03 0.3031E-03
    7288 0.2917E-03 0.2917E-03
    7289 0.2429E-03 0.2429E-03
    7290 0.2024E-03 0.2024E-03
    7291 0.2775E-03 0.2775E-03
    7292 0.3103E-03 0.3103E-03
    7293 0.3275E-03 0.3275E-03
    7294 0.3291E-03 0.3291E-03
    7295 0.3338E-03 0.3338E-03
    7296 0.3291E-03 0.3291E-03
    7297 0.3199E-03 0.3199E-03
    7298 0.3085E-03 0.3085E-03
    7299 0.3479E-03 0.3479E-03
    7300 0.3479E-03 0.3479E-03
    7301 0.3576E-03 0.3576E-03
    7302 0.3593E-03 0.3593E-03
    7303 0.3698E-03 0.3698E-03
    7304 0.3676E-03 0.3676E-03
    7305 0.3844E-03 0.3844E-03
    7306 0.3752E-03 0.3752E-03
    7307 0.3304E-03 0.3304E-03
    7308 0.3687E-03 0.3687E-03
    7309 0.3394E-03 0.3394E-03
    7310 0.3397E-03 0.3397E-03
    7311 0.3293E-03 0.3293E-03
    7312 0.3568E-03 0.3568E-03
    7313 0.4865E-03 0.4865E-03
    7314 0.3139E-03 0.3139E-03
    7315 0.3108E-03 0.3108E-03
    7316 0.1063E-02 0.1063E-02
    7317 0.8322E-03 0.8322E-03
    7318 0.7285E-03 0.7285E-03
    7319 0.7638E-03 0.7638E-03
    7320 0.5087E-03 0.5087E-03
    7321 0.1793E-03 0.1793E-03
    7322 0.1526E-03 0.1526E-03
    7323 0.5517E-03 0.5517E-03
    7324 0.6168E-02 0.6168E-02
    7325 0.4523E-03 0.4523E-03
    7326 0.4818E-03 0.4818E-03
    7327 0.5741E-03 0.5741E-03
    7328 0.1925E-01 0.1925E-01
    7329 0.3510E-02 0.3510E-02
    7330 0.3085E-02 0.3085E-02
    7331 0.3503E-02 0.3503E-02
    7332 0.3065E-02 0.3065E-02
    7333 0.3333E-02 0.3333E-02
    7334 0.3262E-02 0.3262E-02
    7335 0.3228E-02 0.3228E-02
    7336 0.3255E-02 0.3255E-02
    7337 0.3545E-02 0.3545E-02
    7338 0.2945E-02 0.2945E-02
    7339 0.3528E-02 0.3528E-02
    7340 0.4755E-02 0.4755E-02
    7341 0.2830E-02 0.2830E-02
    7342 0.4673E-02 0.4673E-02
    7343 0.4665E-02 0.4665E-02
    7344 0.3346E-02 0.3346E-02
    7345 0.1625E-02 0.1625E-02
    7346 0.1140E-02 0.1140E-02
    7347 0.6292E-03 0.6292E-03
    7348 0.6577E-03 0.6577E-03
    7349 0.1770E-03 0.1770E-03
    7350 0.2733E-03 0.2733E-03
    7351 0.2185E-03 0.2185E-03
    7352 0.3578E-03 0.3578E-03
    7353 0.2007E-02 0.2007E-02
    7354 0.1909E-02 0.1909E-02
    7355 0.1974E-02 0.1974E-02
    7356 0.1931E-02 0.1931E-02
    7357 0.2117E-02 0.2117E-02
    7358 0.1976E-02 0.1976E-02
    7359 0.1556E-02 0.1556E-02
    7360 0.1725E-03 0.1725E-03
    7361 0.1670E-03 0.1670E-03
    7362 0.1466E-03 0.1466E-03
    7363 0.1683E-03 0.1683E-03
    7364 0.3508E-03 0.3508E-03
    7365 0.1949E-03 0.1949E-03
    7366 0.1707E-03 0.1707E-03
    7367 0.1699E-03 0.1699E-03
    7368 0.1696E-03 0.1696E-03
    7369 0.1819E-03 0.1819E-03
    7370 0.2177E-03 0.2177E-03
    7371 0.1780E-03 0.1780E-03
    7372 0.1813E-03 0.1813E-03
    7373 0.2197E-03 0.2197E-03
    7374 0.8152E-03 0.8152E-03
    7375 0.2242E-03 0.2242E-03
    7376 0.3039E-02 0.3039E-02
    7377 0.1359E-02 0.1359E-02
    7378 0.1232E-02 0.1232E-02
    7379 0.8291E-03 0.8291E-03
    7380 0.7687E-03 0.7687E-03
    7381 0.8425E-03 0.8425E-03
    7382 0.8316E-03 0.8316E-03
    7383 0.7676E-03 0.7676E-03
    7384 0.8236E-03 0.8236E-03
    7385 0.8108E-03 0.8108E-03
    7386 0.8756E-03 0.8756E-03
    7387 0.8823E-03 0.8823E-03
    7388 0.2705E-03 0.2705E-03
    7389 0.2871E-03 0.2871E-03
    7390 0.4537E-03 0.4537E-03
    7391 0.3091E-03 0.3091E-03
    7392 0.6558E-03 0.6558E-03
    7393 0.1032E-02 0.1032E-02
    7394 0.3883E-03 0.3883E-03
    7395 0.5601E-03 0.5601E-03
    7396 0.4636E-03 0.4636E-03
    7397 0.4096E-03 0.4096E-03
    7398 0.2989E-02 0.2989E-02
    7399 0.3969E-03 0.3969E-03
    7400 0.4143E-03 0.4143E-03
    7401 0.4071E-03 0.4071E-03
    7402 0.4222E-03 0.4222E-03
    7403 0.3838E-03 0.3838E-03
    7404 0.3679E-03 0.3679E-03
    7405 0.3174E-03 0.3174E-03
    7406 0.3512E-03 0.3512E-03
    7407 0.1949E-03 0.1949E-03
    7408 0.6177E-02 0.6177E-02
    7409 0.3823E-03 0.3823E-03
    7410 0.3730E-03 0.3730E-03
    7411 0.4171E-03 0.4171E-03
    7412 0.3993E-03 0.3993E-03
    7413 0.4364E-03 0.4364E-03
    7414 0.4300E-03 0.4300E-03
    7415 0.5352E-03 0.5352E-03
    7416 0.3557E-03 0.3557E-03
    7417 0.4397E-03 0.4397E-03
    7418 0.2637E-03 0.2637E-03
    7419 0.2485E-03 0.2485E-03
    7420 0.2233E-03 0.2233E-03
    7421 0.2224E-03 0.2224E-03
    7422 0.1656E-03 0.1656E-03
    7423 0.1612E-03 0.1612E-03
    7424 0.1764E-03 0.1764E-03
    7425 0.1933E-03 0.1933E-03
    7426 0.1793E-03 0.1793E-03
    7427 0.1647E-03 0.1647E-03
    7428 0.1730E-03 0.1730E-03
    7429 0.1712E-03 0.1712E-03
    7430 0.2756E-03 0.2756E-03
    7431 0.1817E-03 0.1817E-03
    7432 0.1717E-03 0.1717E-03
    7433 0.1615E-03 0.1615E-03
    7434 0.1834E-03 0.1834E-03
    7435 0.1782E-03 0.1782E-03
    7436 0.1782E-03 0.1782E-03
    7437 0.1825E-03 0.1825E-03
    7438 0.1826E-03 0.1826E-03
    7439 0.3144E-03 0.3144E-03
    7440 0.1690E-03 0.1690E-03
    7441 0.2106E-03 0.2106E-03
    7442 0.1884E-03 0.1884E-03
    7443 0.1676E-03 0.1676E-03
    7444 0.1685E-03 0.1685E-03
    7445 0.1877E-03 0.1877E-03
    7446 0.1717E-03 0.1717E-03
    7447 0.1743E-03 0.1743E-03
    7448 0.1723E-03 0.1723E-03
    7449 0.1761E-03 0.1761E-03
    7450 0.1686E-03 0.1686E-03
    7451 0.1689E-03 0.1689E-03
    7452 0.1768E-03 0.1768E-03
    7453 0.1662E-03 0.1662E-03
    7454 0.1768E-03 0.1768E-03
    7455 0.1881E-03 0.1881E-03
    7456 0.2199E-03 0.2199E-03
    7457 0.1856E-03 0.1856E-03
    7458 0.2665E-03 0.2665E-03
    7459 0.3221E-03 0.3221E-03
    7460 0.3373E-03 0.3373E-03
    7461 0.3051E-03 0.3051E-03
    7462 0.4999E-02 0.4999E-02
    7463 0.1313E-01 0.1313E-01
    7464 0.4197E-03 0.4197E-03
    7465 0.1732E-03 0.1732E-03
    7466 0.2314E-03 0.2314E-03
    7467 0.1021E-02 0.1021E-02
    7468 0.1890E-03 0.1890E-03
    7469 0.1629E-03 0.1629E-03
    7470 0.1906E-03 0.1906E-03
    7471 0.2038E-03 0.2038E-03
    7472 0.1834E-03 0.1834E-03
    7473 0.1673E-03 0.1673E-03
    7474 0.1948E-03 0.1948E-03
    7475 0.2098E-03 0.2098E-03
    7476 0.1805E-03 0.1805E-03
    7477 0.1786E-03 0.1786E-03
    7478 0.2638E-03 0.2638E-03
    7479 0.2573E-03 0.2573E-03
    7480 0.3853E-03 0.3853E-03
    7481 0.1954E-03 0.1954E-03
    7482 0.1748E-03 0.1748E-03
    7483 0.1632E-03 0.1632E-03
    7484 0.1628E-03 0.1628E-03
    7485 0.1124E-02 0.1124E-02
    7486 0.3823E-03 0.3823E-03
    7487 0.2541E-02 0.2541E-02
    7488 0.1731E-03 0.1731E-03
    7489 0.1668E-03 0.1668E-03
    7490 0.1741E-03 0.1741E-03
    7491 0.1702E-03 0.1702E-03
    7492 0.1695E-03 0.1695E-03
    7493 0.1646E-03 0.1646E-03
    7494 0.1587E-03 0.1587E-03
    7495 0.1674E-03 0.1674E-03
    7496 0.1678E-03 0.1678E-03
    7497 0.1803E-03 0.1803E-03
    7498 0.1706E-03 0.1706E-03
    7499 0.1565E-03 0.1565E-03
    7500 0.1719E-03 0.1719E-03
    7501 0.1698E-03 0.1698E-03
    7502 0.1936E-03 0.1936E-03
    7503 0.1631E-03 0.1631E-03
    7504 0.1462E-03 0.1462E-03
    7505 0.1642E-03 0.1642E-03
    7506 0.1659E-03 0.1659E-03
    7507 0.2000E-03 0.2000E-03
    7508 0.1693E-03 0.1693E-03
    7509 0.1678E-03 0.1678E-03
    7510 0.1907E-03 0.1907E-03
    7511 0.1674E-03 0.1674E-03
    7512 0.1564E-03 0.1564E-03
    7513 0.1609E-03 0.1609E-03
    7514 0.1612E-03 0.1612E-03
    7515 0.1733E-03 0.1733E-03
    7516 0.1701E-03 0.1701E-03
    7517 0.1655E-03 0.1655E-03
    7518 0.1601E-03 0.1601E-03
    7519 0.1672E-03 0.1672E-03
    7520 0.1650E-03 0.1650E-03
    7521 0.1612E-03 0.1612E-03
    7522 0.1731E-03 0.1731E-03
    7523 0.1703E-03 0.1703E-03
    7524 0.1717E-03 0.1717E-03
    7525 0.1709E-03 0.1709E-03
    7526 0.1644E-03 0.1644E-03
    7527 0.1540E-03 0.1540E-03
    7528 0.1644E-03 0.1644E-03
    7529 0.1638E-03 0.1638E-03
    7530 0.1643E-03 0.1643E-03
    7531 0.1660E-03 0.1660E-03
    7532 0.2106E-03 0.2106E-03
    7533 0.1655E-03 0.1655E-03
    7534 0.1688E-03 0.1688E-03
    7535 0.1653E-03 0.1653E-03
    7536 0.1754E-03 0.1754E-03
    7537 0.1758E-03 0.1758E-03
    7538 0.1669E-03 0.1669E-03
    7539 0.1778E-03 0.1778E-03
    7540 0.1712E-03 0.1712E-03
    7541 0.1768E-03 0.1768E-03
    7542 0.1696E-03 0.1696E-03
    7543 0.1799E-03 0.1799E-03
    7544 0.1844E-03 0.1844E-03
    7545 0.5303E-03 0.5303E-03
    7546 0.4096E-03 0.4096E-03
    7547 0.8400E-03 0.8400E-03
    7548 0.1132E-02 0.1132E-02
    7549 0.1320E-02 0.1320E-02
    7550 0.1059E-02 0.1059E-02
    7551 0.2247E-03 0.2247E-03
    7552 0.4374E-03 0.4374E-03
    7553 0.1789E-03 0.1789E-03
    7554 0.2289E-03 0.2289E-03
    7555 0.1991E-03 0.1991E-03
    7556 0.5304E-03 0.5304E-03
    7557 0.3137E-03 0.3137E-03
    7558 0.2633E-03 0.2633E-03
    7559 0.2741E-03 0.2741E-03
    7560 0.2748E-03 0.2748E-03
    7561 0.3077E-03 0.3077E-03
    7562 0.2886E-03 0.2886E-03
    7563 0.2201E-03 0.2201E-03
    7564 0.3083E-03 0.3083E-03
    7565 0.2244E-03 0.2244E-03
    7566 0.2628E-03 0.2628E-03
    7567 0.3921E-03 0.3921E-03
    7568 0.2435E-03 0.2435E-03
    7569 0.3136E-03 0.3136E-03
    7570 0.5697E-02 0.5697E-02
    7571 0.1222E-02 0.1222E-02
    7572 0.2326E-03 0.2326E-03
    7573 0.4765E-02 0.4765E-02
    7574 0.9930E-02 0.9930E-02
    7575 0.5326E+00 0.5326E+00
    7576 0.3474E-02 0.3474E-02
    7577 0.3243E-03 0.3243E-03
    7578 0.3220E-03 0.3220E-03
    7579 0.2798E-03 0.2798E-03
    7580 0.4785E-03 0.4785E-03
    7581 0.4488E-03 0.4488E-03
    7582 0.3688E-03 0.3688E-03
    7583 0.1928E-03 0.1928E-03
    7584 0.1749E-03 0.1749E-03
    7585 0.4400E-03 0.4400E-03
    7586 0.4523E-03 0.4523E-03
    7587 0.3869E-03 0.3869E-03
    7588 0.3957E-03 0.3957E-03
    7589 0.3981E-03 0.3981E-03
    7590 0.3930E-03 0.3930E-03
    7591 0.3900E-03 0.3900E-03
    7592 0.2346E-03 0.2346E-03
    7593 0.3014E-03 0.3014E-03
    7594 0.3085E-03 0.3085E-03
    7595 0.2850E-03 0.2850E-03
    7596 0.2744E-03 0.2744E-03
    7597 0.3364E-03 0.3364E-03
    7598 0.2793E-03 0.2793E-03
    7599 0.2743E-03 0.2743E-03
    7600 0.3705E-03 0.3705E-03
    7601 0.2778E-03 0.2778E-03
    7602 0.5558E-03 0.5558E-03
    7603 0.4013E-03 0.4013E-03
    7604 0.2926E-03 0.2926E-03
    7605 0.2826E-03 0.2826E-03
    7606 0.2839E-03 0.2839E-03
    7607 0.2663E-03 0.2663E-03
    7608 0.2986E-03 0.2986E-03
    7609 0.3113E-03 0.3113E-03
    7610 0.3244E-03 0.3244E-03
    7611 0.3233E-03 0.3233E-03
    7612 0.2954E-03 0.2954E-03
    7613 0.3213E-03 0.3213E-03
    7614 0.3000E-03 0.3000E-03
    7615 0.3142E-03 0.3142E-03
    7616 0.3222E-03 0.3222E-03
    7617 0.3150E-03 0.3150E-03
    7618 0.3190E-03 0.3190E-03
    7619 0.2748E-03 0.2748E-03
    7620 0.3002E-03 0.3002E-03
    7621 0.2724E-03 0.2724E-03
    7622 0.3076E-03 0.3076E-03
    7623 0.3133E-03 0.3133E-03
    7624 0.2935E-03 0.2935E-03
    7625 0.3007E-03 0.3007E-03
    7626 0.2547E-03 0.2547E-03
    7627 0.3020E-03 0.3020E-03
    7628 0.5307E-03 0.5307E-03
    7629 0.2794E-03 0.2794E-03
    7630 0.3709E-03 0.3709E-03
    7631 0.2846E-03 0.2846E-03
    7632 0.3099E-03 0.3099E-03
    7633 0.5025E-03 0.5025E-03
    7634 0.3835E-02 0.3835E-02
    7635 0.2809E-03 0.2809E-03
    7636 0.3179E-03 0.3179E-03
    7637 0.3138E-03 0.3138E-03
    7638 0.3144E-03 0.3144E-03
    7639 0.3311E-03 0.3311E-03
    7640 0.3069E-03 0.3069E-03
    7641 0.2996E-03 0.2996E-03
    7642 0.3246E-03 0.3246E-03
    7643 0.3248E-03 0.3248E-03
    7644 0.8379E-03 0.8379E-03
    7645 0.3319E-03 0.3319E-03
    7646 0.3283E-03 0.3283E-03
    7647 0.3540E-03 0.3540E-03
    7648 0.3824E-03 0.3824E-03
    7649 0.3136E-03 0.3136E-03
    7650 0.3132E-03 0.3132E-03
    7651 0.2780E-03 0.2780E-03
    7652 0.3061E-03 0.3061E-03
    7653 0.2537E-03 0.2537E-03
    7654 0.2431E-03 0.2431E-03
    7655 0.2467E-03 0.2467E-03
    7656 0.2575E-03 0.2575E-03
    7657 0.3660E-03 0.3660E-03
    7658 0.3505E-03 0.3505E-03
    7659 0.1637E-03 0.1637E-03
    7660 0.7558E-03 0.7558E-03
    7661 0.9730E-03 0.9730E-03
    7662 0.2180E-02 0.2180E-02
    7663 0.1752E-02 0.1752E-02
    7664 0.2019E-02 0.2019E-02
    7665 0.3123E-02 0.3123E-02
    7666 0.9249E-02 0.9249E-02
    7667 0.4091E-02 0.4091E-02
    7668 0.4469E-02 0.4469E-02
    7669 0.4060E+00 0.4060E+00
    7670 0.3391E-02 0.3391E-02
    7671 0.1786E-01 0.1786E-01
    7672 0.8396E-02 0.8396E-02
    7673 0.1414E-01 0.1414E-01
    7674 0.8226E-02 0.8226E-02
    7675 0.7834E-02 0.7834E-02
    7676 0.5922E-02 0.5922E-02
    7677 0.4742E-02 0.4742E-02
    7678 0.4470E-02 0.4470E-02
    7679 0.4212E-02 0.4212E-02
    7680 0.1554E-01 0.1554E-01
    7681 0.1475E-02 0.1475E-02
    7682 0.5265E-02 0.5265E-02
    7683 0.4215E-02 0.4215E-02
    7684 0.2128E-01 0.2128E-01
    7685 0.7854E-02 0.7854E-02
    7686 0.6783E-02 0.6783E-02
    7687 0.1794E-02 0.1794E-02
    7688 0.3740E-03 0.3740E-03
    7689 0.5747E-03 0.5747E-03
    7690 0.6513E-03 0.6513E-03
    7691 0.5457E-03 0.5457E-03
    7692 0.4309E-03 0.4309E-03
    7693 0.2241E-02 0.2241E-02
    7694 0.1111E-02 0.1111E-02
    7695 0.8912E-03 0.8912E-03
    7696 0.9123E-03 0.9123E-03
    7697 0.1406E-02 0.1406E-02
    7698 0.1333E-02 0.1333E-02
    7699 0.1370E-02 0.1370E-02
    7700 0.1280E-02 0.1280E-02
    7701 0.5532E-02 0.5532E-02
    7702 0.2217E-02 0.2217E-02
    7703 0.3417E-03 0.3417E-03
    7704 0.2289E-03 0.2289E-03
    7705 0.1654E-03 0.1654E-03
    7706 0.1778E-03 0.1778E-03
    7707 0.2183E-03 0.2183E-03
    7708 0.2110E-03 0.2110E-03
    7709 0.2248E-03 0.2248E-03
    7710 0.7926E-03 0.7926E-03
    7711 0.4202E-03 0.4202E-03
    7712 0.3958E-03 0.3958E-03
    7713 0.3660E-03 0.3660E-03
    7714 0.3597E-03 0.3597E-03
    7715 0.4229E-03 0.4229E-03
    7716 0.3821E-03 0.3821E-03
    7717 0.3747E-03 0.3747E-03
    7718 0.2512E-03 0.2512E-03
    7719 0.2759E-03 0.2759E-03
    7720 0.2766E-03 0.2766E-03
    7721 0.2454E-03 0.2454E-03
    7722 0.2198E-03 0.2198E-03
    7723 0.3756E-03 0.3756E-03
    7724 0.4381E-03 0.4381E-03
    7725 0.2848E-03 0.2848E-03
    7726 0.2608E-03 0.2608E-03
    7727 0.3144E-03 0.3144E-03
    7728 0.1475E-03 0.1475E-03
    7729 0.1889E-03 0.1889E-03
    7730 0.1777E-03 0.1777E-03
    7731 0.1619E-03 0.1619E-03
    7732 0.1743E-03 0.1743E-03
    7733 0.1678E-03 0.1678E-03
    7734 0.1644E-03 0.1644E-03
    7735 0.1627E-03 0.1627E-03
    7736 0.1506E-03 0.1506E-03
    7737 0.1656E-03 0.1656E-03
    7738 0.2610E-03 0.2610E-03
    7739 0.1739E-03 0.1739E-03
    7740 0.1870E-03 0.1870E-03
    7741 0.1575E-03 0.1575E-03
    7742 0.1615E-03 0.1615E-03
    7743 0.1560E-03 0.1560E-03
    7744 0.1592E-03 0.1592E-03
    7745 0.1559E-03 0.1559E-03
    7746 0.1596E-03 0.1596E-03
    7747 0.5130E-03 0.5130E-03
    7748 0.1629E-03 0.1629E-03
    7749 0.1508E-03 0.1508E-03
    7750 0.1675E-03 0.1675E-03
    7751 0.1619E-03 0.1619E-03
    7752 0.1863E-03 0.1863E-03
    7753 0.1751E-03 0.1751E-03
    7754 0.1540E-03 0.1540E-03
    7755 0.2078E-03 0.2078E-03
    7756 0.2180E-03 0.2180E-03
    7757 0.2438E-03 0.2438E-03
    7758 0.1628E-03 0.1628E-03
    7759 0.1709E-03 0.1709E-03
    7760 0.3500E-03 0.3500E-03
    7761 0.9987E-03 0.9987E-03
    7762 0.1642E-03 0.1642E-03
    7763 0.1497E-03 0.1497E-03
    7764 0.2503E-03 0.2503E-03
    7765 0.1612E-03 0.1612E-03
    7766 0.1606E-03 0.1606E-03
    7767 0.1580E-03 0.1580E-03
    7768 0.1581E-03 0.1581E-03
    7769 0.1611E-03 0.1611E-03
    7770 0.1513E-03 0.1513E-03
    7771 0.1566E-03 0.1566E-03
    7772 0.1603E-03 0.1603E-03
    7773 0.1654E-03 0.1654E-03
    7774 0.1749E-03 0.1749E-03
    7775 0.1630E-03 0.1630E-03
    7776 0.1615E-03 0.1615E-03
    7777 0.2358E-03 0.2358E-03
    7778 0.2422E-03 0.2422E-03
    7779 0.2480E-03 0.2480E-03
    7780 0.1660E-03 0.1660E-03
    7781 0.1640E-03 0.1640E-03
    7782 0.1528E-03 0.1528E-03
    7783 0.1574E-03 0.1574E-03
    7784 0.1546E-03 0.1546E-03
    7785 0.1546E-03 0.1546E-03
    7786 0.1634E-03 0.1634E-03
    7787 0.2162E-03 0.2162E-03
    7788 0.2064E-03 0.2064E-03
    7789 0.2153E-03 0.2153E-03
    7790 0.2249E-03 0.2249E-03
    7791 0.1667E-02 0.1667E-02
    7792 0.6205E-03 0.6205E-03
    7793 0.2865E-03 0.2865E-03
    7794 0.3153E-03 0.3153E-03
    7795 0.2948E-03 0.2948E-03
    7796 0.5414E-01 0.5414E-01
    7797 0.2800E-03 0.2800E-03
    7798 0.3320E-02 0.3320E-02
    7799 0.1350E-02 0.1350E-02
    7800 0.9229E-03 0.9229E-03
    7801 0.3363E-03 0.3363E-03
    7802 0.3728E-03 0.3728E-03
    7803 0.2978E-03 0.2978E-03
    7804 0.6253E-03 0.6253E-03
    7805 0.1442E-02 0.1442E-02
    7806 0.3131E-03 0.3131E-03
    7807 0.2881E-03 0.2881E-03
    7808 0.2158E-03 0.2158E-03
    7809 0.2744E-03 0.2744E-03
    7810 0.1468E-02 0.1468E-02
    7811 0.1695E-02 0.1695E-02
    7812 0.8408E-03 0.8408E-03
    7813 0.1099E-02 0.1099E-02
    7814 0.1142E-02 0.1142E-02
    7815 0.1701E-02 0.1701E-02
    7816 0.1048E-02 0.1048E-02
    7817 0.6344E-03 0.6344E-03
    7818 0.5149E-03 0.5149E-03
    7819 0.5187E-03 0.5187E-03
    7820 0.4867E-03 0.4867E-03
    7821 0.4288E-03 0.4288E-03
    7822 0.4418E-03 0.4418E-03
    7823 0.3789E-03 0.3789E-03
    7824 0.2080E-03 0.2080E-03
    7825 0.1738E-03 0.1738E-03
    7826 0.1635E-03 0.1635E-03
    7827 0.1578E-03 0.1578E-03
    7828 0.1634E-03 0.1634E-03
    7829 0.1616E-03 0.1616E-03
    7830 0.1600E-03 0.1600E-03
    7831 0.1684E-03 0.1684E-03
    7832 0.2033E-03 0.2033E-03
    7833 0.1924E-03 0.1924E-03
    7834 0.1931E-03 0.1931E-03
    7835 0.1573E-03 0.1573E-03
    7836 0.1838E-03 0.1838E-03
    7837 0.1495E-03 0.1495E-03
    7838 0.2218E-03 0.2218E-03
    7839 0.2163E-03 0.2163E-03
    7840 0.1534E-03 0.1534E-03
    7841 0.6932E-03 0.6932E-03
    7842 0.1624E-03 0.1624E-03
    7843 0.1589E-03 0.1589E-03
    7844 0.1620E-03 0.1620E-03
    7845 0.1562E-03 0.1562E-03
    7846 0.1547E-03 0.1547E-03
    7847 0.1552E-03 0.1552E-03
    7848 0.1552E-03 0.1552E-03
    7849 0.1598E-03 0.1598E-03
    7850 0.2171E-03 0.2171E-03
    7851 0.1584E-03 0.1584E-03
    7852 0.1497E-03 0.1497E-03
    7853 0.1709E-03 0.1709E-03
    7854 0.1630E-03 0.1630E-03
    7855 0.1556E-03 0.1556E-03
    7856 0.1555E-03 0.1555E-03
    7857 0.1795E-03 0.1795E-03
    7858 0.1735E-03 0.1735E-03
    7859 0.1499E-03 0.1499E-03
    7860 0.1713E-03 0.1713E-03
    7861 0.1687E-03 0.1687E-03
    7862 0.1797E-03 0.1797E-03
    7863 0.1822E-03 0.1822E-03
    7864 0.3606E-03 0.3606E-03
    7865 0.1847E-03 0.1847E-03
    7866 0.1821E-03 0.1821E-03
    7867 0.1597E-03 0.1597E-03
    7868 0.1794E-03 0.1794E-03
    7869 0.1818E-03 0.1818E-03
    7870 0.1930E-03 0.1930E-03
    7871 0.1633E-03 0.1633E-03
    7872 0.1693E-03 0.1693E-03
    7873 0.1776E-03 0.1776E-03
    7874 0.1614E-03 0.1614E-03
    7875 0.1676E-02 0.1676E-02
    7876 0.9163E-03 0.9163E-03
    7877 0.2366E-03 0.2366E-03
    7878 0.3346E-03 0.3346E-03
    7879 0.3338E-03 0.3338E-03
    7880 0.1620E-02 0.1620E-02
    7881 0.3040E-02 0.3040E-02
    7882 0.1797E-02 0.1797E-02
    7883 0.5148E-03 0.5148E-03
    7884 0.4147E-02 0.4147E-02
    7885 0.6810E-03 0.6810E-03
    7886 0.5519E-03 0.5519E-03
    7887 0.4044E-03 0.4044E-03
    7888 0.2174E-03 0.2174E-03
    7889 0.1965E-03 0.1965E-03
    7890 0.2267E-03 0.2267E-03
    7891 0.1642E-03 0.1642E-03
    7892 0.3580E-03 0.3580E-03
    7893 0.1648E-03 0.1648E-03
    7894 0.1502E-03 0.1502E-03
    7895 0.1670E-03 0.1670E-03
    7896 0.1700E-03 0.1700E-03
    7897 0.1599E-03 0.1599E-03
    7898 0.1707E-03 0.1707E-03
    7899 0.1470E-03 0.1470E-03
    7900 0.1695E-03 0.1695E-03
    7901 0.1690E-03 0.1690E-03
    7902 0.1459E-03 0.1459E-03
    7903 0.1618E-03 0.1618E-03
    7904 0.2005E-03 0.2005E-03
    7905 0.1615E-03 0.1615E-03
    7906 0.1656E-03 0.1656E-03
    7907 0.4809E-03 0.4809E-03
    7908 0.2133E-03 0.2133E-03
    7909 0.1702E-03 0.1702E-03
    7910 0.1874E-03 0.1874E-03
    7911 0.1660E-03 0.1660E-03
    7912 0.1650E-03 0.1650E-03
    7913 0.1917E-03 0.1917E-03
    7914 0.1680E-03 0.1680E-03
    7915 0.1690E-03 0.1690E-03
    7916 0.1795E-03 0.1795E-03
    7917 0.1521E-03 0.1521E-03
    7918 0.1680E-03 0.1680E-03
    7919 0.1805E-03 0.1805E-03
    7920 0.1671E-03 0.1671E-03
    7921 0.1666E-03 0.1666E-03
    7922 0.1528E-03 0.1528E-03
    7923 0.1704E-03 0.1704E-03
    7924 0.1895E-03 0.1895E-03
    7925 0.1653E-03 0.1653E-03
    7926 0.1691E-03 0.1691E-03
    7927 0.1679E-03 0.1679E-03
    7928 0.1635E-03 0.1635E-03
    7929 0.1651E-03 0.1651E-03
    7930 0.1608E-03 0.1608E-03
    7931 0.1667E-03 0.1667E-03
    7932 0.3751E-03 0.3751E-03
    7933 0.1763E-03 0.1763E-03
    7934 0.1651E-03 0.1651E-03
    7935 0.1541E-03 0.1541E-03
    7936 0.1915E-03 0.1915E-03
    7937 0.1668E-03 0.1668E-03
    7938 0.1615E-03 0.1615E-03
    7939 0.1664E-03 0.1664E-03
    7940 0.2103E-03 0.2103E-03
    7941 0.1603E-03 0.1603E-03
    7942 0.1609E-03 0.1609E-03
    7943 0.1695E-03 0.1695E-03
    7944 0.1610E-03 0.1610E-03
    7945 0.1580E-03 0.1580E-03
    7946 0.1808E-03 0.1808E-03
    7947 0.1621E-03 0.1621E-03
    7948 0.1602E-03 0.1602E-03
    7949 0.1608E-03 0.1608E-03
    7950 0.1979E-03 0.1979E-03
    7951 0.1660E-03 0.1660E-03
    7952 0.1619E-03 0.1619E-03
    7953 0.1810E-03 0.1810E-03
    7954 0.1602E-03 0.1602E-03
    7955 0.1514E-03 0.1514E-03
    7956 0.1553E-03 0.1553E-03
    7957 0.1484E-03 0.1484E-03
    7958 0.1433E-03 0.1433E-03
    7959 0.1502E-03 0.1502E-03
    7960 0.1563E-03 0.1563E-03
    7961 0.1526E-03 0.1526E-03
    7962 0.1490E-03 0.1490E-03
    7963 0.1361E-03 0.1361E-03
    7964 0.1539E-03 0.1539E-03
    7965 0.1583E-03 0.1583E-03
    7966 0.1450E-03 0.1450E-03
    7967 0.1560E-03 0.1560E-03
    7968 0.1530E-03 0.1530E-03
    7969 0.1475E-03 0.1475E-03
    7970 0.1567E-03 0.1567E-03
    7971 0.1594E-03 0.1594E-03
    7972 0.1550E-03 0.1550E-03
    7973 0.1563E-03 0.1563E-03
    7974 0.1969E-03 0.1969E-03
    7975 0.9756E-03 0.9756E-03
    7976 0.1831E-03 0.1831E-03
    7977 0.1804E-03 0.1804E-03
    7978 0.1738E-03 0.1738E-03
    7979 0.2591E-03 0.2591E-03
    7980 0.1674E-03 0.1674E-03
    7981 0.1737E-03 0.1737E-03
    7982 0.1544E-03 0.1544E-03
    7983 0.4420E-03 0.4420E-03
    7984 0.2627E-03 0.2627E-03
    7985 0.3785E-03 0.3785E-03
    7986 0.1518E-03 0.1518E-03
    7987 0.1983E-03 0.1983E-03
    7988 0.1658E-03 0.1658E-03
    7989 0.1593E-03 0.1593E-03
    7990 0.2477E-03 0.2477E-03
    7991 0.1548E-03 0.1548E-03
    7992 0.1471E-03 0.1471E-03
    7993 0.1446E-03 0.1446E-03
    7994 0.1518E-03 0.1518E-03
    7995 0.3015E-03 0.3015E-03
    7996 0.1502E-03 0.1502E-03
    7997 0.1450E-03 0.1450E-03
    7998 0.1495E-03 0.1495E-03
    7999 0.1531E-03 0.1531E-03
    8000 0.1381E-03 0.1381E-03
    8001 0.1474E-03 0.1474E-03
    8002 0.1514E-03 0.1514E-03
    8003 0.1530E-03 0.1530E-03
    8004 0.1715E-03 0.1715E-03
    8005 0.1607E-03 0.1607E-03
    8006 0.1481E-03 0.1481E-03
    8007 0.1521E-03 0.1521E-03
    8008 0.4008E-03 0.4008E-03
    8009 0.3135E-03 0.3135E-03
    8010 0.1775E-03 0.1775E-03
    8011 0.6287E-03 0.6287E-03
    8012 0.2563E-02 0.2563E-02
    8013 0.1763E-03 0.1763E-03
    8014 0.1496E-03 0.1496E-03
    8015 0.1489E-03 0.1489E-03
    8016 0.1464E-03 0.1464E-03
    8017 0.1599E-03 0.1599E-03
    8018 0.1761E-03 0.1761E-03
    8019 0.1586E-03 0.1586E-03
    8020 0.1621E-03 0.1621E-03
    8021 0.1468E-03 0.1468E-03
    8022 0.1499E-03 0.1499E-03
    8023 0.1449E-03 0.1449E-03
    8024 0.1416E-03 0.1416E-03
    8025 0.1413E-03 0.1413E-03
    8026 0.1513E-03 0.1513E-03
    8027 0.1434E-03 0.1434E-03
    8028 0.1524E-03 0.1524E-03
    8029 0.1497E-03 0.1497E-03
    8030 0.1727E-03 0.1727E-03
    8031 0.2160E-03 0.2160E-03
    8032 0.1495E-03 0.1495E-03
    8033 0.1485E-03 0.1485E-03
    8034 0.1459E-03 0.1459E-03
    8035 0.1518E-03 0.1518E-03
    8036 0.1432E-03 0.1432E-03
    8037 0.1480E-03 0.1480E-03
    8038 0.1517E-03 0.1517E-03
    8039 0.1882E-03 0.1882E-03
    8040 0.1665E-03 0.1665E-03
    8041 0.1705E-03 0.1705E-03
    8042 0.1707E-03 0.1707E-03
    8043 0.2533E-03 0.2533E-03
    8044 0.1789E-03 0.1789E-03
    8045 0.1739E-03 0.1739E-03
    8046 0.1756E-03 0.1756E-03
    8047 0.1567E-03 0.1567E-03
    8048 0.1563E-03 0.1563E-03
    8049 0.1561E-03 0.1561E-03
    8050 0.1537E-03 0.1537E-03
    8051 0.1594E-03 0.1594E-03
    8052 0.1524E-03 0.1524E-03
    8053 0.1548E-03 0.1548E-03
    8054 0.1597E-03 0.1597E-03
    8055 0.2126E-03 0.2126E-03
    8056 0.1735E-03 0.1735E-03
    8057 0.1413E-03 0.1413E-03
    8058 0.1630E-03 0.1630E-03
    8059 0.1392E-03 0.1392E-03
    8060 0.2092E-03 0.2092E-03
    8061 0.2041E-03 0.2041E-03
    8062 0.2645E-03 0.2645E-03
    8063 0.3181E-03 0.3181E-03
    8064 0.1468E-03 0.1468E-03
    8065 0.1645E-03 0.1645E-03
    8066 0.1574E-03 0.1574E-03
    8067 0.1540E-03 0.1540E-03
    8068 0.1478E-03 0.1478E-03
    8069 0.1487E-03 0.1487E-03
    8070 0.1479E-03 0.1479E-03
    8071 0.3058E-03 0.3058E-03
    8072 0.3103E-03 0.3103E-03
    8073 0.3148E-03 0.3148E-03
    8074 0.2940E-03 0.2940E-03
    8075 0.5215E-03 0.5215E-03
    8076 0.3352E-03 0.3352E-03
    8077 0.1374E-03 0.1374E-03
    8078 0.1391E-03 0.1391E-03
    8079 0.1422E-03 0.1422E-03
    8080 0.8400E-03 0.8400E-03
    8081 0.1370E-03 0.1370E-03
    8082 0.1261E-03 0.1261E-03
    8083 0.1377E-03 0.1377E-03
    8084 0.1628E-03 0.1628E-03
    8085 0.1589E-03 0.1589E-03
    8086 0.1457E-03 0.1457E-03
    8087 0.1458E-03 0.1458E-03
    8088 0.1535E-03 0.1535E-03
    8089 0.6764E-03 0.6764E-03
    8090 0.2114E-03 0.2114E-03
    8091 0.1568E-03 0.1568E-03
    8092 0.6132E-03 0.6132E-03
    8093 0.6740E-03 0.6740E-03
    8094 0.8953E-03 0.8953E-03
    8095 0.8787E-03 0.8787E-03
    8096 0.5879E-03 0.5879E-03
    8097 0.1134E-02 0.1134E-02
    8098 0.2613E-03 0.2613E-03
    8099 0.2559E-03 0.2559E-03
    8100 0.2173E-03 0.2173E-03
    8101 0.5150E-03 0.5150E-03
    8102 0.1698E-03 0.1698E-03
    8103 0.1814E-03 0.1814E-03
    8104 0.1393E-03 0.1393E-03
    8105 0.1380E-03 0.1380E-03
    8106 0.3102E-03 0.3102E-03
    8107 0.5110E-02 0.5110E-02
    8108 0.6597E-03 0.6597E-03
    8109 0.1408E-02 0.1408E-02
    8110 0.5258E-03 0.5258E-03
    8111 0.4849E-03 0.4849E-03
    8112 0.4072E-03 0.4072E-03
    8113 0.4087E-03 0.4087E-03
    8114 0.3517E-03 0.3517E-03
    8115 0.3621E-03 0.3621E-03
    8116 0.3640E-03 0.3640E-03
    8117 0.3604E-03 0.3604E-03
    8118 0.3596E-03 0.3596E-03
    8119 0.3895E-03 0.3895E-03
    8120 0.4640E-03 0.4640E-03
    8121 0.4927E-03 0.4927E-03
    8122 0.3076E-03 0.3076E-03
    8123 0.3492E-03 0.3492E-03
    8124 0.3125E-03 0.3125E-03
    8125 0.3203E-03 0.3203E-03
    8126 0.2619E-03 0.2619E-03
    8127 0.3009E-03 0.3009E-03
    8128 0.2636E-03 0.2636E-03
    8129 0.2504E-03 0.2504E-03
    8130 0.2625E-03 0.2625E-03
    8131 0.2426E-03 0.2426E-03
    8132 0.3729E-03 0.3729E-03
    8133 0.3094E-03 0.3094E-03
    8134 0.3385E-03 0.3385E-03
    8135 0.2989E-03 0.2989E-03
    8136 0.2720E-03 0.2720E-03
    8137 0.2446E-03 0.2446E-03
    8138 0.2849E-03 0.2849E-03
    8139 0.3283E-03 0.3283E-03
    8140 0.2571E-03 0.2571E-03
    8141 0.2616E-03 0.2616E-03
    8142 0.2137E-03 0.2137E-03
    8143 0.3189E-03 0.3189E-03
    8144 0.2372E-03 0.2372E-03
    8145 0.2481E-03 0.2481E-03
    8146 0.2362E-03 0.2362E-03
    8147 0.2429E-03 0.2429E-03
    8148 0.2286E-03 0.2286E-03
    8149 0.3120E-03 0.3120E-03
    8150 0.2372E-03 0.2372E-03
    8151 0.2389E-03 0.2389E-03
    8152 0.2411E-03 0.2411E-03
    8153 0.2489E-03 0.2489E-03
    8154 0.2682E-03 0.2682E-03
    8155 0.2514E-03 0.2514E-03
    8156 0.2600E-03 0.2600E-03
    8157 0.3120E-03 0.3120E-03
    8158 0.3001E-03 0.3001E-03
    8159 0.2673E-03 0.2673E-03
    8160 0.2541E-03 0.2541E-03
    8161 0.2741E-03 0.2741E-03
    8162 0.2849E-03 0.2849E-03
    8163 0.2727E-03 0.2727E-03
    8164 0.3169E-03 0.3169E-03
    8165 0.2043E-03 0.2043E-03
    8166 0.2242E-03 0.2242E-03
    8167 0.2226E-03 0.2226E-03
    8168 0.2507E-03 0.2507E-03
    8169 0.2465E-03 0.2465E-03
    8170 0.2452E-03 0.2452E-03
    8171 0.2476E-03 0.2476E-03
    8172 0.2358E-03 0.2358E-03
    8173 0.2336E-03 0.2336E-03
    8174 0.2481E-03 0.2481E-03
    8175 0.2370E-03 0.2370E-03
    8176 0.2387E-03 0.2387E-03
    8177 0.2299E-03 0.2299E-03
    8178 0.2381E-02 0.2381E-02
    8179 0.2708E-03 0.2708E-03
    8180 0.9856E-03 0.9856E-03
    8181 0.1019E-02 0.1019E-02
    8182 0.7523E-03 0.7523E-03
    8183 0.8275E-03 0.8275E-03
    8184 0.2567E-01 0.2567E-01
    8185 0.3505E-03 0.3505E-03
    8186 0.3965E-03 0.3965E-03
    8187 0.6321E-03 0.6321E-03
    8188 0.2319E-03 0.2319E-03
    8189 0.1885E-03 0.1885E-03
    8190 0.1921E-03 0.1921E-03
    8191 0.1875E-03 0.1875E-03
    8192 0.2802E-03 0.2802E-03
    8193 0.1958E-03 0.1958E-03
    8194 0.2261E-03 0.2261E-03
    8195 0.2235E-03 0.2235E-03
    8196 0.3890E-01 0.3890E-01
    8197 0.2318E-03 0.2318E-03
    8198 0.2382E-03 0.2382E-03
    8199 0.3047E-03 0.3047E-03
    8200 0.4013E-03 0.4013E-03
    8201 0.1715E-03 0.1715E-03
    8202 0.1840E-03 0.1840E-03
    8203 0.1624E-03 0.1624E-03
    8204 0.1377E-03 0.1377E-03
    8205 0.4789E-03 0.4789E-03
    8206 0.6985E-03 0.6985E-03
    8207 0.1794E-03 0.1794E-03
    8208 0.1806E-03 0.1806E-03
    8209 0.2003E-03 0.2003E-03
    8210 0.1329E-03 0.1329E-03
    8211 0.1411E-03 0.1411E-03
    8212 0.1387E-03 0.1387E-03
    8213 0.1406E-03 0.1406E-03
    8214 0.1429E-03 0.1429E-03
    8215 0.1475E-03 0.1475E-03
    8216 0.1389E-03 0.1389E-03
    8217 0.1438E-03 0.1438E-03
    8218 0.1413E-03 0.1413E-03
    8219 0.1346E-03 0.1346E-03
    8220 0.1555E-03 0.1555E-03
    8221 0.1313E-03 0.1313E-03
    8222 0.1368E-03 0.1368E-03
    8223 0.4378E-03 0.4378E-03
    8224 0.1478E-03 0.1478E-03
    8225 0.1584E-03 0.1584E-03
    8226 0.1793E-03 0.1793E-03
    8227 0.1948E-03 0.1948E-03
    8228 0.1687E-03 0.1687E-03
    8229 0.1523E-03 0.1523E-03
    8230 0.1532E-03 0.1532E-03
    8231 0.1493E-03 0.1493E-03
    8232 0.1413E-03 0.1413E-03
    8233 0.1457E-03 0.1457E-03
    8234 0.1531E-03 0.1531E-03
    8235 0.1494E-03 0.1494E-03
    8236 0.1510E-03 0.1510E-03
    8237 0.1568E-03 0.1568E-03
    8238 0.1560E-03 0.1560E-03
    8239 0.1566E-03 0.1566E-03
    8240 0.1602E-03 0.1602E-03
    8241 0.1759E-03 0.1759E-03
    8242 0.1702E-03 0.1702E-03
    8243 0.1485E-03 0.1485E-03
    8244 0.1786E-03 0.1786E-03
    8245 0.3640E-03 0.3640E-03
    8246 0.1432E-03 0.1432E-03
    8247 0.1546E-03 0.1546E-03
    8248 0.1572E-03 0.1572E-03
    8249 0.1341E-03 0.1341E-03
    8250 0.1400E-03 0.1400E-03
    8251 0.1586E-03 0.1586E-03
    8252 0.1685E-03 0.1685E-03
    8253 0.2121E-03 0.2121E-03
    8254 0.2006E-03 0.2006E-03
    8255 0.1874E-03 0.1874E-03
    8256 0.1330E-03 0.1330E-03
    8257 0.1334E-03 0.1334E-03
    8258 0.1301E-03 0.1301E-03
    8259 0.1385E-03 0.1385E-03
    8260 0.1770E-03 0.1770E-03
    8261 0.1591E-03 0.1591E-03
    8262 0.1549E-03 0.1549E-03
    8263 0.1438E-03 0.1438E-03
    8264 0.1582E-03 0.1582E-03
    8265 0.1520E-03 0.1520E-03
    8266 0.1534E-03 0.1534E-03
    8267 0.1331E-03 0.1331E-03
    8268 0.2671E-03 0.2671E-03
    8269 0.1970E-03 0.1970E-03
    8270 0.1694E-03 0.1694E-03
    8271 0.1604E-03 0.1604E-03
    8272 0.1631E-03 0.1631E-03
    8273 0.1473E-03 0.1473E-03
    8274 0.6239E-03 0.6239E-03
    8275 0.9763E-03 0.9763E-03
    8276 0.4303E-03 0.4303E-03
    8277 0.2854E-03 0.2854E-03
    8278 0.2895E-03 0.2895E-03
    8279 0.2970E-03 0.2970E-03
    8280 0.2833E-03 0.2833E-03
    8281 0.2789E-03 0.2789E-03
    8282 0.2858E-03 0.2858E-03
    8283 0.2132E-03 0.2132E-03
    8284 0.2438E-03 0.2438E-03
    8285 0.3935E-03 0.3935E-03
    8286 0.2770E-02 0.2770E-02
    8287 0.2427E-03 0.2427E-03
    8288 0.2599E-03 0.2599E-03
    8289 0.2189E-03 0.2189E-03
    8290 0.2687E-03 0.2687E-03
    8291 0.2969E-02 0.2969E-02
    8292 0.2768E-03 0.2768E-03
    8293 0.4122E-02 0.4122E-02
    8294 0.2794E-03 0.2794E-03
    8295 0.2650E-03 0.2650E-03
    8296 0.2801E-03 0.2801E-03
    8297 0.2709E-03 0.2709E-03
    8298 0.2801E-03 0.2801E-03
    8299 0.2782E-03 0.2782E-03
    8300 0.2622E-03 0.2622E-03
    8301 0.2606E-03 0.2606E-03
    8302 0.2362E-03 0.2362E-03
    8303 0.1140E-01 0.1140E-01
    8304 0.3139E-03 0.3139E-03
    8305 0.2237E-03 0.2237E-03
    8306 0.2350E-03 0.2350E-03
    8307 0.2233E-03 0.2233E-03
    8308 0.2162E-03 0.2162E-03
    8309 0.2235E-03 0.2235E-03
    8310 0.2201E-03 0.2201E-03
    8311 0.1904E-03 0.1904E-03
    8312 0.2268E-03 0.2268E-03
    8313 0.1999E-03 0.1999E-03
    8314 0.2061E-03 0.2061E-03
    8315 0.1384E-03 0.1384E-03
    8316 0.7403E-03 0.7403E-03
    8317 0.5235E-03 0.5235E-03
    8318 0.4950E-03 0.4950E-03
    8319 0.7613E-03 0.7613E-03
    8320 0.2438E-03 0.2438E-03
    8321 0.2506E-03 0.2506E-03
    8322 0.2453E-03 0.2453E-03
    8323 0.2379E-03 0.2379E-03
    8324 0.2532E-03 0.2532E-03
    8325 0.2647E-03 0.2647E-03
    8326 0.2825E-03 0.2825E-03
    8327 0.2421E-03 0.2421E-03
    8328 0.5163E-03 0.5163E-03
    8329 0.3112E-03 0.3112E-03
    8330 0.2199E-03 0.2199E-03
    8331 0.5920E-03 0.5920E-03
    8332 0.6947E-03 0.6947E-03
    8333 0.4118E-03 0.4118E-03
    8334 0.2749E-03 0.2749E-03
    8335 0.2948E-03 0.2948E-03
    8336 0.1259E-02 0.1259E-02
    8337 0.3789E-02 0.3789E-02
    8338 0.8644E-02 0.8644E-02
    8339 0.1722E-01 0.1722E-01
    8340 0.5032E-02 0.5032E-02
    8341 0.5213E-01 0.5213E-01
    8342 0.8201E-02 0.8201E-02
    8343 0.8363E-03 0.8363E-03
    8344 0.3423E-03 0.3423E-03
    8345 0.4543E-03 0.4543E-03
    8346 0.3161E-03 0.3161E-03
    8347 0.2659E-03 0.2659E-03
    8348 0.2790E-03 0.2790E-03
    8349 0.3426E-03 0.3426E-03
    8350 0.2778E-03 0.2778E-03
    8351 0.1675E-03 0.1675E-03
    8352 0.1671E-03 0.1671E-03
    8353 0.1740E-03 0.1740E-03
    8354 0.1770E-03 0.1770E-03
    8355 0.1981E-03 0.1981E-03
    8356 0.1658E-03 0.1658E-03
    8357 0.1719E-03 0.1719E-03
    8358 0.1730E-03 0.1730E-03
    8359 0.7407E-03 0.7407E-03
    8360 0.1861E-03 0.1861E-03
    8361 0.2531E-03 0.2531E-03
    8362 0.1742E-03 0.1742E-03
    8363 0.1957E-03 0.1957E-03
    8364 0.1399E-03 0.1399E-03
    8365 0.2717E-03 0.2717E-03
    8366 0.2135E-03 0.2135E-03
    8367 0.1859E-03 0.1859E-03
    8368 0.2818E-03 0.2818E-03
    8369 0.6950E-03 0.6950E-03
    8370 0.2768E-03 0.2768E-03
    8371 0.2976E-03 0.2976E-03
    8372 0.3029E-03 0.3029E-03
    8373 0.3575E-03 0.3575E-03
    8374 0.3524E-03 0.3524E-03
    8375 0.2897E-03 0.2897E-03
    8376 0.3388E-03 0.3388E-03
    8377 0.2327E-03 0.2327E-03
    8378 0.2358E-03 0.2358E-03
    8379 0.2419E-03 0.2419E-03
    8380 0.2100E-03 0.2100E-03
    8381 0.2078E-03 0.2078E-03
    8382 0.2678E-02 0.2678E-02
    8383 0.1795E-03 0.1795E-03
    8384 0.1810E-03 0.1810E-03
    8385 0.1750E-03 0.1750E-03
    8386 0.1830E-03 0.1830E-03
    8387 0.1273E-02 0.1273E-02
    8388 0.2042E-03 0.2042E-03
    8389 0.2096E-03 0.2096E-03
    8390 0.2032E-03 0.2032E-03
    8391 0.2393E-03 0.2393E-03
    8392 0.2045E-03 0.2045E-03
    8393 0.2030E-03 0.2030E-03
    8394 0.1956E-03 0.1956E-03
    8395 0.2332E-02 0.2332E-02
    8396 0.1763E-03 0.1763E-03
    8397 0.1712E-03 0.1712E-03
    8398 0.2033E-03 0.2033E-03
    8399 0.1973E-03 0.1973E-03
    8400 0.1781E-03 0.1781E-03
    8401 0.2139E-03 0.2139E-03
    8402 0.2466E-03 0.2466E-03
    8403 0.2070E-03 0.2070E-03
    8404 0.1914E-03 0.1914E-03
    8405 0.3039E-03 0.3039E-03
    8406 0.2148E-03 0.2148E-03
    8407 0.2735E-03 0.2735E-03
    8408 0.1906E-03 0.1906E-03
    8409 0.2093E-03 0.2093E-03
    8410 0.1886E-03 0.1886E-03
    8411 0.2445E-03 0.2445E-03
    8412 0.2527E-03 0.2527E-03
    8413 0.3952E-03 0.3952E-03
    8414 0.4100E-03 0.4100E-03
    8415 0.4142E-03 0.4142E-03
    8416 0.3849E-03 0.3849E-03
    8417 0.3596E-03 0.3596E-03
    8418 0.3997E-03 0.3997E-03
    8419 0.2813E-03 0.2813E-03
    8420 0.1352E-02 0.1352E-02
    8421 0.1301E-03 0.1301E-03
    8422 0.1407E-03 0.1407E-03
    8423 0.1195E-03 0.1195E-03
    8424 0.1608E-03 0.1608E-03
    8425 0.1648E-03 0.1648E-03
    8426 0.1600E-03 0.1600E-03
    8427 0.1352E-03 0.1352E-03
    8428 0.1642E-03 0.1642E-03
    8429 0.2289E-03 0.2289E-03
    8430 0.1787E-03 0.1787E-03
    8431 0.2026E-03 0.2026E-03
    8432 0.1971E-03 0.1971E-03
    8433 0.1948E-03 0.1948E-03
    8434 0.1884E-03 0.1884E-03
    8435 0.2814E-03 0.2814E-03
    8436 0.3093E-03 0.3093E-03
    8437 0.3079E-03 0.3079E-03
    8438 0.3721E-03 0.3721E-03
    8439 0.3174E-03 0.3174E-03
    8440 0.2644E-03 0.2644E-03
    8441 0.2150E-03 0.2150E-03
    8442 0.1867E-03 0.1867E-03
    8443 0.2177E-03 0.2177E-03
    8444 0.1585E-03 0.1585E-03
    8445 0.1518E-03 0.1518E-03
    8446 0.1821E-03 0.1821E-03
    8447 0.1868E-03 0.1868E-03
    8448 0.2043E-03 0.2043E-03
    8449 0.4038E-03 0.4038E-03
    8450 0.1956E-03 0.1956E-03
    8451 0.1896E-03 0.1896E-03
    8452 0.1515E-03 0.1515E-03
    8453 0.2033E-03 0.2033E-03
    8454 0.2017E-03 0.2017E-03
    8455 0.2066E-03 0.2066E-03
    8456 0.1818E-03 0.1818E-03
    8457 0.2093E-03 0.2093E-03
    8458 0.2108E-03 0.2108E-03
    8459 0.2469E-03 0.2469E-03
    8460 0.2143E-03 0.2143E-03
    8461 0.2262E-03 0.2262E-03
    8462 0.2209E-03 0.2209E-03
    8463 0.2131E-03 0.2131E-03
    8464 0.2152E-03 0.2152E-03
    8465 0.2094E-03 0.2094E-03
    8466 0.2155E-03 0.2155E-03
    8467 0.2131E-03 0.2131E-03
    8468 0.1984E-03 0.1984E-03
    8469 0.2351E-03 0.2351E-03
    8470 0.2265E-03 0.2265E-03
    8471 0.2067E-03 0.2067E-03
    8472 0.2098E-03 0.2098E-03
    8473 0.1970E-03 0.1970E-03
    8474 0.2012E-03 0.2012E-03
    8475 0.1887E-03 0.1887E-03
    8476 0.1717E-03 0.1717E-03
    8477 0.1531E-03 0.1531E-03
    8478 0.1724E-03 0.1724E-03
    8479 0.1649E-03 0.1649E-03
    8480 0.1610E-03 0.1610E-03
    8481 0.1648E-03 0.1648E-03
    8482 0.1675E-03 0.1675E-03
    8483 0.1696E-03 0.1696E-03
    8484 0.1751E-03 0.1751E-03
    8485 0.1695E-03 0.1695E-03
    8486 0.1729E-03 0.1729E-03
    8487 0.1783E-03 0.1783E-03
    8488 0.1797E-03 0.1797E-03
    8489 0.1776E-03 0.1776E-03
    8490 0.1789E-03 0.1789E-03
    8491 0.1834E-03 0.1834E-03
    8492 0.1798E-03 0.1798E-03
    8493 0.1747E-03 0.1747E-03
    8494 0.1888E-03 0.1888E-03
    8495 0.1710E-03 0.1710E-03
    8496 0.1821E-03 0.1821E-03
    8497 0.1819E-03 0.1819E-03
    8498 0.1844E-03 0.1844E-03
    8499 0.1875E-03 0.1875E-03
    8500 0.1841E-03 0.1841E-03
    8501 0.1777E-03 0.1777E-03
    8502 0.1856E-03 0.1856E-03
    8503 0.1735E-03 0.1735E-03
    8504 0.1699E-03 0.1699E-03
    8505 0.1630E-03 0.1630E-03
    8506 0.1625E-03 0.1625E-03
    8507 0.1713E-03 0.1713E-03
    8508 0.1632E-03 0.1632E-03
    8509 0.1597E-03 0.1597E-03
    8510 0.1555E-03 0.1555E-03
    8511 0.1597E-03 0.1597E-03
    8512 0.1651E-03 0.1651E-03
    8513 0.1637E-03 0.1637E-03
    8514 0.1501E-03 0.1501E-03
    8515 0.1637E-03 0.1637E-03
    8516 0.1643E-03 0.1643E-03
    8517 0.1649E-03 0.1649E-03
    8518 0.1975E-03 0.1975E-03
    8519 0.1631E-03 0.1631E-03
    8520 0.1570E-03 0.1570E-03
    8521 0.1571E-03 0.1571E-03
    8522 0.1624E-03 0.1624E-03
    8523 0.1683E-03 0.1683E-03
    8524 0.1613E-03 0.1613E-03
    8525 0.1637E-03 0.1637E-03
    8526 0.1543E-03 0.1543E-03
    8527 0.1573E-03 0.1573E-03
    8528 0.1603E-03 0.1603E-03
    8529 0.1630E-03 0.1630E-03
    8530 0.1369E-03 0.1369E-03
    8531 0.1649E-03 0.1649E-03
    8532 0.1524E-03 0.1524E-03
    8533 0.1668E-03 0.1668E-03
    8534 0.1546E-03 0.1546E-03
    8535 0.1599E-03 0.1599E-03
    8536 0.1652E-03 0.1652E-03
    8537 0.1617E-03 0.1617E-03
    8538 0.1657E-03 0.1657E-03
    8539 0.1648E-03 0.1648E-03
    8540 0.1646E-03 0.1646E-03
    8541 0.1566E-03 0.1566E-03
    8542 0.1672E-03 0.1672E-03
    8543 0.1646E-03 0.1646E-03
    8544 0.1655E-03 0.1655E-03
    8545 0.1668E-03 0.1668E-03
    8546 0.1642E-03 0.1642E-03
    8547 0.3898E-03 0.3898E-03
    8548 0.1697E-03 0.1697E-03
    8549 0.1662E-03 0.1662E-03
    8550 0.1796E-03 0.1796E-03
    8551 0.2278E-03 0.2278E-03
    8552 0.1672E-03 0.1672E-03
    8553 0.1635E-03 0.1635E-03
    8554 0.1608E-03 0.1608E-03
    8555 0.1537E-03 0.1537E-03
    8556 0.1609E-03 0.1609E-03
    8557 0.1487E-03 0.1487E-03
    8558 0.1560E-03 0.1560E-03
    8559 0.1582E-03 0.1582E-03
    8560 0.1643E-03 0.1643E-03
    8561 0.1507E-03 0.1507E-03
    8562 0.1915E-03 0.1915E-03
    8563 0.1632E-03 0.1632E-03
    8564 0.2732E-02 0.2732E-02
    8565 0.8286E-03 0.8286E-03
    8566 0.2221E-03 0.2221E-03
    8567 0.1626E-03 0.1626E-03
    8568 0.1509E-03 0.1509E-03
    8569 0.1870E-03 0.1870E-03
    8570 0.1737E-03 0.1737E-03
    8571 0.1736E-03 0.1736E-03
    8572 0.1704E-03 0.1704E-03
    8573 0.1724E-03 0.1724E-03
    8574 0.1616E-03 0.1616E-03
    8575 0.1704E-03 0.1704E-03
    8576 0.2213E-03 0.2213E-03
    8577 0.1584E-03 0.1584E-03
    8578 0.1707E-03 0.1707E-03
    8579 0.1858E-02 0.1858E-02
    8580 0.1698E-03 0.1698E-03
    8581 0.1721E-03 0.1721E-03
    8582 0.1706E-03 0.1706E-03
    8583 0.1794E-03 0.1794E-03
    8584 0.1626E-03 0.1626E-03
    8585 0.2452E-03 0.2452E-03
    8586 0.7655E-03 0.7655E-03
    8587 0.2228E-03 0.2228E-03
    8588 0.1743E-03 0.1743E-03
    8589 0.1731E-03 0.1731E-03
    8590 0.1598E-03 0.1598E-03
    8591 0.1670E-03 0.1670E-03
    8592 0.4371E-03 0.4371E-03
    8593 0.1679E-03 0.1679E-03
    8594 0.1730E-03 0.1730E-03
    8595 0.1763E-03 0.1763E-03
    8596 0.1731E-03 0.1731E-03
    8597 0.1714E-03 0.1714E-03
    8598 0.1665E-03 0.1665E-03
    8599 0.1679E-03 0.1679E-03
    8600 0.1935E-03 0.1935E-03
    8601 0.1644E-03 0.1644E-03
    8602 0.1603E-03 0.1603E-03
    8603 0.1714E-03 0.1714E-03
    8604 0.1699E-03 0.1699E-03
    8605 0.1690E-03 0.1690E-03
    8606 0.1622E-03 0.1622E-03
    8607 0.1727E-03 0.1727E-03
    8608 0.1688E-03 0.1688E-03
    8609 0.3252E-03 0.3252E-03
    8610 0.1578E-03 0.1578E-03
    8611 0.1829E-03 0.1829E-03
    8612 0.1667E-03 0.1667E-03
    8613 0.1797E-03 0.1797E-03
    8614 0.1680E-03 0.1680E-03
    8615 0.1588E-03 0.1588E-03
    8616 0.1628E-03 0.1628E-03
    8617 0.1716E-03 0.1716E-03
    8618 0.1604E-03 0.1604E-03
    8619 0.1668E-03 0.1668E-03
    8620 0.1500E-03 0.1500E-03
    8621 0.1664E-03 0.1664E-03
    8622 0.1728E-03 0.1728E-03
    8623 0.1706E-03 0.1706E-03
    8624 0.1692E-03 0.1692E-03
    8625 0.1719E-03 0.1719E-03
    8626 0.1726E-03 0.1726E-03
    8627 0.1633E-03 0.1633E-03
    8628 0.1741E-03 0.1741E-03
    8629 0.1703E-03 0.1703E-03
    8630 0.1676E-03 0.1676E-03
    8631 0.1675E-03 0.1675E-03
    8632 0.1697E-03 0.1697E-03
    8633 0.1668E-03 0.1668E-03
    8634 0.1873E-03 0.1873E-03
    8635 0.1968E-03 0.1968E-03
    8636 0.1672E-03 0.1672E-03
    8637 0.1650E-03 0.1650E-03
    8638 0.1609E-03 0.1609E-03
    8639 0.1605E-03 0.1605E-03
    8640 0.1544E-03 0.1544E-03
    8641 0.1637E-03 0.1637E-03
    8642 0.1472E-03 0.1472E-03
    8643 0.1386E-03 0.1386E-03
    8644 0.1247E-03 0.1247E-03
    8645 0.1394E-03 0.1394E-03
    8646 0.1757E-03 0.1757E-03
    8647 0.1818E-03 0.1818E-03
    8648 0.1768E-03 0.1768E-03
    8649 0.1812E-03 0.1812E-03
    8650 0.1763E-03 0.1763E-03
    8651 0.1796E-03 0.1796E-03
    8652 0.1749E-03 0.1749E-03
    8653 0.1799E-03 0.1799E-03
    8654 0.1721E-03 0.1721E-03
    8655 0.1746E-03 0.1746E-03
    8656 0.1733E-03 0.1733E-03
    8657 0.1752E-03 0.1752E-03
    8658 0.1743E-03 0.1743E-03
    8659 0.1725E-03 0.1725E-03
    8660 0.1612E-03 0.1612E-03
    8661 0.1738E-03 0.1738E-03
    8662 0.1626E-03 0.1626E-03
    8663 0.1621E-03 0.1621E-03
    8664 0.1643E-03 0.1643E-03
    8665 0.1451E-03 0.1451E-03
    8666 0.1656E-03 0.1656E-03
    8667 0.1623E-03 0.1623E-03
    8668 0.1596E-03 0.1596E-03
    8669 0.1666E-03 0.1666E-03
    8670 0.1690E-03 0.1690E-03
    8671 0.1590E-03 0.1590E-03
    8672 0.1834E-03 0.1834E-03
    8673 0.1615E-03 0.1615E-03
    8674 0.1713E-03 0.1713E-03
    8675 0.1588E-03 0.1588E-03
    8676 0.1712E-03 0.1712E-03
    8677 0.1833E-03 0.1833E-03
    8678 0.1710E-03 0.1710E-03
    8679 0.1602E-03 0.1602E-03
    8680 0.1631E-03 0.1631E-03
    8681 0.1536E-03 0.1536E-03
    8682 0.1611E-03 0.1611E-03
    8683 0.1617E-03 0.1617E-03
    8684 0.1592E-03 0.1592E-03
    8685 0.1553E-03 0.1553E-03
    8686 0.1701E-03 0.1701E-03
    8687 0.1432E-03 0.1432E-03
    8688 0.1593E-03 0.1593E-03
    8689 0.1659E-03 0.1659E-03
    8690 0.1488E-03 0.1488E-03
    8691 0.1590E-03 0.1590E-03
    8692 0.1626E-03 0.1626E-03
    8693 0.1439E-03 0.1439E-03
    8694 0.1808E-03 0.1808E-03
    8695 0.1792E-03 0.1792E-03
    8696 0.1778E-03 0.1778E-03
    8697 0.1457E-03 0.1457E-03
    8698 0.1712E-03 0.1712E-03
    8699 0.3852E-03 0.3852E-03
    8700 0.1523E-03 0.1523E-03
    8701 0.1654E-03 0.1654E-03
    8702 0.1633E-03 0.1633E-03
    8703 0.1608E-03 0.1608E-03
    8704 0.1557E-03 0.1557E-03
    8705 0.1621E-03 0.1621E-03
    8706 0.2107E-03 0.2107E-03
    8707 0.1467E-03 0.1467E-03
    8708 0.1674E-03 0.1674E-03
    8709 0.1508E-03 0.1508E-03
    8710 0.1557E-03 0.1557E-03
    8711 0.1582E-03 0.1582E-03
    8712 0.1529E-03 0.1529E-03
    8713 0.1471E-03 0.1471E-03
    8714 0.1527E-03 0.1527E-03
    8715 0.1592E-03 0.1592E-03
    8716 0.1500E-03 0.1500E-03
    8717 0.1474E-03 0.1474E-03
    8718 0.1509E-03 0.1509E-03
    8719 0.1324E-03 0.1324E-03
    8720 0.1506E-03 0.1506E-03
    8721 0.1602E-03 0.1602E-03
    8722 0.1496E-03 0.1496E-03
    8723 0.1607E-03 0.1607E-03
    8724 0.1601E-03 0.1601E-03
    8725 0.1749E-03 0.1749E-03
    8726 0.1778E-03 0.1778E-03
    8727 0.1505E-03 0.1505E-03
    8728 0.1559E-03 0.1559E-03
    8729 0.1478E-03 0.1478E-03
    8730 0.1535E-03 0.1535E-03
    8731 0.1604E-03 0.1604E-03
    8732 0.1655E-03 0.1655E-03
    8733 0.1612E-03 0.1612E-03
    8734 0.1378E-03 0.1378E-03
    8735 0.1558E-03 0.1558E-03
    8736 0.1501E-03 0.1501E-03
    8737 0.1541E-03 0.1541E-03
    8738 0.1563E-03 0.1563E-03
    8739 0.1609E-03 0.1609E-03
    8740 0.1521E-03 0.1521E-03
    8741 0.1560E-03 0.1560E-03
    8742 0.1601E-03 0.1601E-03
    8743 0.1575E-03 0.1575E-03
    8744 0.1571E-03 0.1571E-03
    8745 0.1591E-03 0.1591E-03
    8746 0.1601E-03 0.1601E-03
    8747 0.1518E-03 0.1518E-03
    8748 0.1491E-03 0.1491E-03
    8749 0.1565E-03 0.1565E-03
    8750 0.1562E-03 0.1562E-03
    8751 0.1538E-03 0.1538E-03
    8752 0.1554E-03 0.1554E-03
    8753 0.1540E-03 0.1540E-03
    8754 0.1536E-03 0.1536E-03
    8755 0.1627E-03 0.1627E-03
    8756 0.1616E-03 0.1616E-03
    8757 0.1530E-03 0.1530E-03
    8758 0.1586E-03 0.1586E-03
    8759 0.1573E-03 0.1573E-03
    8760 0.1622E-03 0.1622E-03
    8761 0.1527E-03 0.1527E-03
    8762 0.1598E-03 0.1598E-03
    8763 0.1680E-03 0.1680E-03
    8764 0.1666E-03 0.1666E-03
    8765 0.1372E-03 0.1372E-03
    8766 0.1547E-03 0.1547E-03
    8767 0.1455E-03 0.1455E-03
    8768 0.1578E-03 0.1578E-03
    8769 0.1469E-03 0.1469E-03
    8770 0.1507E-03 0.1507E-03
    8771 0.1540E-03 0.1540E-03
    8772 0.1489E-03 0.1489E-03
    8773 0.1551E-03 0.1551E-03
    8774 0.1661E-03 0.1661E-03
    8775 0.1568E-03 0.1568E-03
    8776 0.1559E-03 0.1559E-03
    8777 0.1865E-03 0.1865E-03
    8778 0.2154E-03 0.2154E-03
    8779 0.1534E-03 0.1534E-03
    8780 0.1499E-03 0.1499E-03
    8781 0.1477E-03 0.1477E-03
    8782 0.1341E-03 0.1341E-03
    8783 0.1330E-03 0.1330E-03
    8784 0.1277E-03 0.1277E-03
    8785 0.1719E-03 0.1719E-03
    8786 0.1656E-03 0.1656E-03
    8787 0.1846E-03 0.1846E-03
    8788 0.1704E-03 0.1704E-03
    8789 0.1994E-03 0.1994E-03
    8790 0.1820E-03 0.1820E-03
    8791 0.1989E-03 0.1989E-03
    8792 0.1377E-03 0.1377E-03
    8793 0.1482E-03 0.1482E-03
    8794 0.4642E-03 0.4642E-03
    8795 0.1927E-03 0.1927E-03
    8796 0.1572E-03 0.1572E-03
    8797 0.1586E-03 0.1586E-03
    8798 0.1532E-03 0.1532E-03
    8799 0.2584E-03 0.2584E-03
    8800 0.2169E-03 0.2169E-03
    8801 0.1392E-03 0.1392E-03
    8802 0.1412E-03 0.1412E-03
    8803 0.1429E-03 0.1429E-03
    8804 0.1717E-03 0.1717E-03
    8805 0.1441E-03 0.1441E-03
    8806 0.1471E-03 0.1471E-03
    8807 0.1374E-03 0.1374E-03
    8808 0.1455E-03 0.1455E-03
    8809 0.1569E-03 0.1569E-03
    8810 0.1509E-03 0.1509E-03
    8811 0.1503E-03 0.1503E-03
    8812 0.2962E-03 0.2962E-03
    8813 0.1764E-03 0.1764E-03
    8814 0.1550E-03 0.1550E-03
    8815 0.1686E-03 0.1686E-03
    8816 0.1656E-03 0.1656E-03
    8817 0.1508E-03 0.1508E-03
    8818 0.2655E-03 0.2655E-03
    8819 0.1505E-03 0.1505E-03
    8820 0.1457E-03 0.1457E-03
    8821 0.1533E-03 0.1533E-03
    8822 0.1409E-03 0.1409E-03
    8823 0.1427E-03 0.1427E-03
    8824 0.1395E-03 0.1395E-03
    8825 0.1395E-03 0.1395E-03
    8826 0.1317E-03 0.1317E-03
    8827 0.1401E-03 0.1401E-03
    8828 0.1361E-03 0.1361E-03
    8829 0.1422E-03 0.1422E-03
    8830 0.1577E-03 0.1577E-03
    8831 0.1499E-03 0.1499E-03
    8832 0.1883E-03 0.1883E-03
    8833 0.1586E-03 0.1586E-03
    8834 0.1477E-03 0.1477E-03
    8835 0.1475E-03 0.1475E-03
    8836 0.1500E-03 0.1500E-03
    8837 0.1487E-03 0.1487E-03
    8838 0.1467E-03 0.1467E-03
    8839 0.1444E-03 0.1444E-03
    8840 0.1495E-03 0.1495E-03
    8841 0.1592E-03 0.1592E-03
    8842 0.1566E-03 0.1566E-03
    8843 0.1495E-03 0.1495E-03
    8844 0.1518E-03 0.1518E-03
    8845 0.1556E-03 0.1556E-03
    8846 0.1535E-03 0.1535E-03
    8847 0.1524E-03 0.1524E-03
    8848 0.1538E-03 0.1538E-03
    8849 0.1539E-03 0.1539E-03
    8850 0.1797E-03 0.1797E-03
    8851 0.1489E-03 0.1489E-03
    8852 0.1590E-03 0.1590E-03
    8853 0.1579E-03 0.1579E-03
    8854 0.1660E-03 0.1660E-03
    8855 0.1565E-03 0.1565E-03
    8856 0.2036E-03 0.2036E-03
    8857 0.1610E-03 0.1610E-03
    8858 0.1529E-03 0.1529E-03
    8859 0.2151E-03 0.2151E-03
    8860 0.1852E-03 0.1852E-03
    8861 0.1857E-03 0.1857E-03
    8862 0.1630E-03 0.1630E-03
    8863 0.1472E-03 0.1472E-03
    8864 0.1590E-03 0.1590E-03
    8865 0.1520E-03 0.1520E-03
    8866 0.1695E-03 0.1695E-03
    8867 0.1599E-03 0.1599E-03
    8868 0.1744E-03 0.1744E-03
    8869 0.1558E-03 0.1558E-03
    8870 0.1458E-03 0.1458E-03
    8871 0.1522E-03 0.1522E-03
    8872 0.1299E-03 0.1299E-03
    8873 0.1484E-03 0.1484E-03
    8874 0.1460E-03 0.1460E-03
    8875 0.1588E-03 0.1588E-03
    8876 0.1579E-03 0.1579E-03
    8877 0.1599E-03 0.1599E-03
    8878 0.1513E-03 0.1513E-03
    8879 0.1606E-03 0.1606E-03
    8880 0.1573E-03 0.1573E-03
    8881 0.1535E-03 0.1535E-03
    8882 0.1539E-03 0.1539E-03
    8883 0.1586E-03 0.1586E-03
    8884 0.2032E-03 0.2032E-03
    8885 0.1441E-03 0.1441E-03
    8886 0.1590E-03 0.1590E-03
    8887 0.1530E-03 0.1530E-03
    8888 0.1575E-03 0.1575E-03
    8889 0.1595E-03 0.1595E-03
    8890 0.1615E-03 0.1615E-03
    8891 0.1561E-03 0.1561E-03
    8892 0.1580E-03 0.1580E-03
    8893 0.1481E-03 0.1481E-03
    8894 0.1579E-03 0.1579E-03
    8895 0.1517E-03 0.1517E-03
    8896 0.1622E-03 0.1622E-03
    8897 0.1682E-03 0.1682E-03
    8898 0.1578E-03 0.1578E-03
    8899 0.1674E-03 0.1674E-03
    8900 0.1600E-03 0.1600E-03
    8901 0.1630E-03 0.1630E-03
    8902 0.1630E-03 0.1630E-03
    8903 0.1801E-03 0.1801E-03
    8904 0.1605E-03 0.1605E-03
    8905 0.1551E-03 0.1551E-03
    8906 0.1586E-03 0.1586E-03
    8907 0.1797E-03 0.1797E-03
    8908 0.1540E-03 0.1540E-03
    8909 0.1681E-03 0.1681E-03
    8910 0.2516E-03 0.2516E-03
    8911 0.1699E-03 0.1699E-03
    8912 0.1641E-03 0.1641E-03
    8913 0.1457E-03 0.1457E-03
    8914 0.1572E-03 0.1572E-03
    8915 0.1411E-03 0.1411E-03
    8916 0.1537E-03 0.1537E-03
    8917 0.1658E-03 0.1658E-03
    8918 0.1661E-03 0.1661E-03
    8919 0.1603E-03 0.1603E-03
    8920 0.1584E-03 0.1584E-03
    8921 0.1053E-02 0.1053E-02
    8922 0.6976E-01 0.6976E-01
    8923 0.1514E-03 0.1514E-03
    8924 0.1547E-03 0.1547E-03
    8925 0.1474E-03 0.1474E-03
    8926 0.1538E-03 0.1538E-03
    8927 0.1609E-03 0.1609E-03
    8928 0.1547E-03 0.1547E-03
    8929 0.1513E-03 0.1513E-03
    8930 0.1599E-03 0.1599E-03
    8931 0.1591E-03 0.1591E-03
    8932 0.1399E-03 0.1399E-03
    8933 0.1546E-03 0.1546E-03
    8934 0.1580E-03 0.1580E-03
    8935 0.1479E-03 0.1479E-03
    8936 0.1590E-03 0.1590E-03
    8937 0.1471E-03 0.1471E-03
    8938 0.1513E-03 0.1513E-03
    8939 0.1567E-03 0.1567E-03
    8940 0.1626E-03 0.1626E-03
    8941 0.1540E-03 0.1540E-03
    8942 0.1529E-03 0.1529E-03
    8943 0.1347E-03 0.1347E-03
    8944 0.2009E-03 0.2009E-03
    8945 0.1541E-03 0.1541E-03
    8946 0.1549E-03 0.1549E-03
    8947 0.1541E-03 0.1541E-03
    8948 0.1567E-03 0.1567E-03
    8949 0.1566E-03 0.1566E-03
    8950 0.1647E-03 0.1647E-03
    8951 0.1582E-03 0.1582E-03
    8952 0.1580E-03 0.1580E-03
    8953 0.1507E-03 0.1507E-03
    8954 0.1516E-03 0.1516E-03
    8955 0.1563E-03 0.1563E-03
    8956 0.1597E-03 0.1597E-03
    8957 0.2536E-03 0.2536E-03
    8958 0.1752E-03 0.1752E-03
    8959 0.1762E-03 0.1762E-03
    8960 0.1583E-03 0.1583E-03
    8961 0.1438E-03 0.1438E-03
    8962 0.1527E-03 0.1527E-03
    8963 0.1576E-03 0.1576E-03
    8964 0.1572E-03 0.1572E-03
    8965 0.1512E-03 0.1512E-03
    8966 0.2062E-03 0.2062E-03
    8967 0.4762E-03 0.4762E-03
    8968 0.1581E-03 0.1581E-03
    8969 0.1599E-03 0.1599E-03
    8970 0.1536E-03 0.1536E-03
    8971 0.1582E-03 0.1582E-03
    8972 0.1520E-03 0.1520E-03
    8973 0.1483E-03 0.1483E-03
    8974 0.1485E-03 0.1485E-03
    8975 0.1519E-03 0.1519E-03
    8976 0.1529E-03 0.1529E-03
    8977 0.1522E-03 0.1522E-03
    8978 0.1542E-03 0.1542E-03
    8979 0.1594E-03 0.1594E-03
    8980 0.1554E-03 0.1554E-03
    8981 0.1552E-03 0.1552E-03
    8982 0.1529E-03 0.1529E-03
    8983 0.1539E-03 0.1539E-03
    8984 0.1550E-03 0.1550E-03
    8985 0.1578E-03 0.1578E-03
    8986 0.1563E-03 0.1563E-03
    8987 0.2158E-03 0.2158E-03
    8988 0.2398E-03 0.2398E-03
    8989 0.1575E-03 0.1575E-03
    8990 0.4518E-03 0.4518E-03
    8991 0.1522E-03 0.1522E-03
    8992 0.1610E-03 0.1610E-03
    8993 0.1400E-03 0.1400E-03
    8994 0.1520E-03 0.1520E-03
    8995 0.1566E-03 0.1566E-03
    8996 0.1644E-03 0.1644E-03
    8997 0.1445E-03 0.1445E-03
    8998 0.1504E-03 0.1504E-03
    8999 0.1535E-03 0.1535E-03
    9000 0.1481E-03 0.1481E-03
    9001 0.1534E-03 0.1534E-03
    9002 0.3049E-03 0.3049E-03
    9003 0.1528E-03 0.1528E-03
    9004 0.1521E-03 0.1521E-03
    9005 0.1350E-03 0.1350E-03
    9006 0.1515E-03 0.1515E-03
    9007 0.1662E-03 0.1662E-03
    9008 0.1454E-03 0.1454E-03
    9009 0.1527E-03 0.1527E-03
    9010 0.1380E-03 0.1380E-03
    9011 0.1596E-03 0.1596E-03
    9012 0.1451E-03 0.1451E-03
    9013 0.1529E-03 0.1529E-03
    9014 0.1490E-03 0.1490E-03
    9015 0.1551E-03 0.1551E-03
    9016 0.1695E-03 0.1695E-03
    9017 0.1508E-03 0.1508E-03
    9018 0.1528E-03 0.1528E-03
    9019 0.1477E-03 0.1477E-03
    9020 0.1432E-03 0.1432E-03
    9021 0.1870E-03 0.1870E-03
    9022 0.1492E-03 0.1492E-03
    9023 0.1532E-03 0.1532E-03
    9024 0.1562E-03 0.1562E-03
    9025 0.1637E-03 0.1637E-03
    9026 0.1383E-03 0.1383E-03
    9027 0.1601E-03 0.1601E-03
    9028 0.1636E-03 0.1636E-03
    9029 0.1484E-03 0.1484E-03
    9030 0.1726E-03 0.1726E-03
    9031 0.1726E-03 0.1726E-03
    9032 0.1628E-03 0.1628E-03
    9033 0.1519E-03 0.1519E-03
    9034 0.1529E-03 0.1529E-03
    9035 0.1512E-03 0.1512E-03
    9036 0.1415E-03 0.1415E-03
    9037 0.1420E-03 0.1420E-03
    9038 0.1444E-03 0.1444E-03
    9039 0.1487E-03 0.1487E-03
    9040 0.1437E-03 0.1437E-03
    9041 0.1424E-03 0.1424E-03
    9042 0.1469E-03 0.1469E-03
    9043 0.1497E-03 0.1497E-03
    9044 0.1330E-03 0.1330E-03
    9045 0.1527E-03 0.1527E-03
    9046 0.1522E-03 0.1522E-03
    9047 0.1381E-03 0.1381E-03
    9048 0.1495E-03 0.1495E-03
    9049 0.1474E-03 0.1474E-03
    9050 0.1533E-03 0.1533E-03
    9051 0.1490E-03 0.1490E-03
    9052 0.1509E-03 0.1509E-03
    9053 0.1554E-03 0.1554E-03
    9054 0.1580E-03 0.1580E-03
    9055 0.1601E-03 0.1601E-03
    9056 0.1436E-03 0.1436E-03
    9057 0.1501E-03 0.1501E-03
    9058 0.2110E-03 0.2110E-03
    9059 0.1545E-03 0.1545E-03
    9060 0.1547E-03 0.1547E-03
    9061 0.1551E-03 0.1551E-03
    9062 0.2606E-03 0.2606E-03
    9063 0.1386E-03 0.1386E-03
    9064 0.2009E-03 0.2009E-03
    9065 0.1514E-03 0.1514E-03
    9066 0.8524E-03 0.8524E-03
    9067 0.1742E-03 0.1742E-03
    9068 0.1558E-03 0.1558E-03
    9069 0.2248E-03 0.2248E-03
    9070 0.1605E-03 0.1605E-03
    9071 0.1580E-03 0.1580E-03
    9072 0.1485E-03 0.1485E-03
    9073 0.1581E-03 0.1581E-03
    9074 0.1615E-03 0.1615E-03
    9075 0.3760E-03 0.3760E-03
    9076 0.1561E-03 0.1561E-03
    9077 0.1974E-03 0.1974E-03
    9078 0.1498E-03 0.1498E-03
    9079 0.1473E-03 0.1473E-03
    9080 0.1522E-03 0.1522E-03
    9081 0.1300E-03 0.1300E-03
    9082 0.1471E-03 0.1471E-03
    9083 0.1501E-03 0.1501E-03
    9084 0.1321E-03 0.1321E-03
    9085 0.1526E-03 0.1526E-03
    9086 0.1722E-03 0.1722E-03
    9087 0.1720E-03 0.1720E-03
    9088 0.1653E-03 0.1653E-03
    9089 0.1644E-03 0.1644E-03
    9090 0.1577E-03 0.1577E-03
    9091 0.2668E-03 0.2668E-03
    9092 0.1541E-03 0.1541E-03
    9093 0.1602E-03 0.1602E-03
    9094 0.1545E-03 0.1545E-03
    9095 0.1546E-03 0.1546E-03
    9096 0.1193E-03 0.1193E-03
    9097 0.8841E-03 0.8841E-03
    9098 0.1481E-03 0.1481E-03
    9099 0.2122E-02 0.2122E-02
    9100 0.1560E-03 0.1560E-03
    9101 0.1304E-03 0.1304E-03
    9102 0.1401E-03 0.1401E-03
    9103 0.1518E-03 0.1518E-03
    9104 0.6995E-02 0.6995E-02
    9105 0.1518E-03 0.1518E-03
    9106 0.1584E-03 0.1584E-03
    9107 0.1484E-03 0.1484E-03
    9108 0.1562E-03 0.1562E-03
    9109 0.1531E-03 0.1531E-03
    9110 0.1486E-03 0.1486E-03
    9111 0.1563E-03 0.1563E-03
    9112 0.1568E-03 0.1568E-03
    9113 0.1547E-03 0.1547E-03
    9114 0.1574E-03 0.1574E-03
    9115 0.1558E-03 0.1558E-03
    9116 0.1533E-03 0.1533E-03
    9117 0.1502E-03 0.1502E-03
    9118 0.1495E-03 0.1495E-03
    9119 0.1552E-03 0.1552E-03
    9120 0.1380E-03 0.1380E-03
    9121 0.1438E-03 0.1438E-03
    9122 0.1522E-03 0.1522E-03
    9123 0.1585E-03 0.1585E-03
    9124 0.2287E-03 0.2287E-03
    9125 0.1361E-03 0.1361E-03
    9126 0.1650E-03 0.1650E-03
    9127 0.1590E-03 0.1590E-03
    9128 0.2567E-03 0.2567E-03
    9129 0.1665E-03 0.1665E-03
    9130 0.1440E-03 0.1440E-03
    9131 0.1492E-03 0.1492E-03
    9132 0.1534E-03 0.1534E-03
    9133 0.1566E-03 0.1566E-03
    9134 0.1610E-03 0.1610E-03
    9135 0.1562E-03 0.1562E-03
    9136 0.1614E-03 0.1614E-03
    9137 0.1631E-03 0.1631E-03
    9138 0.2212E-03 0.2212E-03
    9139 0.1536E-03 0.1536E-03
    9140 0.1736E-03 0.1736E-03
    9141 0.1435E-03 0.1435E-03
    9142 0.1666E-03 0.1666E-03
    9143 0.1673E-03 0.1673E-03
    9144 0.2329E-03 0.2329E-03
    9145 0.1500E-03 0.1500E-03
    9146 0.1525E-03 0.1525E-03
    9147 0.1530E-03 0.1530E-03
    9148 0.1532E-03 0.1532E-03
    9149 0.1423E-03 0.1423E-03
    9150 0.1576E-03 0.1576E-03
    9151 0.1468E-03 0.1468E-03
    9152 0.1555E-03 0.1555E-03
    9153 0.1407E-03 0.1407E-03
    9154 0.1532E-03 0.1532E-03
    9155 0.1522E-03 0.1522E-03
    9156 0.1508E-03 0.1508E-03
    9157 0.1419E-03 0.1419E-03
    9158 0.1471E-03 0.1471E-03
    9159 0.1478E-03 0.1478E-03
    9160 0.1504E-03 0.1504E-03
    9161 0.1472E-03 0.1472E-03
    9162 0.1504E-03 0.1504E-03
    9163 0.1586E-03 0.1586E-03
    9164 0.1367E-03 0.1367E-03
    9165 0.1546E-03 0.1546E-03
    9166 0.1603E-03 0.1603E-03
    9167 0.1515E-03 0.1515E-03
    9168 0.1601E-03 0.1601E-03
    9169 0.1373E-03 0.1373E-03
    9170 0.1500E-03 0.1500E-03
    9171 0.1573E-03 0.1573E-03
    9172 0.1589E-03 0.1589E-03
    9173 0.1567E-03 0.1567E-03
    9174 0.1720E-03 0.1720E-03
    9175 0.1566E-03 0.1566E-03
    9176 0.1533E-03 0.1533E-03
    9177 0.1586E-03 0.1586E-03
    9178 0.1569E-03 0.1569E-03
    9179 0.1524E-03 0.1524E-03
    9180 0.1558E-03 0.1558E-03
    9181 0.1544E-03 0.1544E-03
    9182 0.1549E-03 0.1549E-03
    9183 0.2174E-03 0.2174E-03
    9184 0.1772E-03 0.1772E-03
    9185 0.1611E-03 0.1611E-03
    9186 0.1527E-03 0.1527E-03
    9187 0.1567E-03 0.1567E-03
    9188 0.1663E-03 0.1663E-03
    9189 0.1524E-03 0.1524E-03
    9190 0.1493E-03 0.1493E-03
    9191 0.1487E-03 0.1487E-03
    9192 0.1476E-03 0.1476E-03
    9193 0.1591E-03 0.1591E-03
    9194 0.1531E-03 0.1531E-03
    9195 0.1439E-03 0.1439E-03
    9196 0.1531E-03 0.1531E-03
    9197 0.1640E-03 0.1640E-03
    9198 0.1459E-03 0.1459E-03
    9199 0.1528E-03 0.1528E-03
    9200 0.1553E-03 0.1553E-03
    9201 0.1501E-03 0.1501E-03
    9202 0.1536E-03 0.1536E-03
    9203 0.1583E-03 0.1583E-03
    9204 0.1619E-03 0.1619E-03
    9205 0.1564E-03 0.1564E-03
    9206 0.1559E-03 0.1559E-03
    9207 0.1501E-03 0.1501E-03
    9208 0.1462E-03 0.1462E-03
    9209 0.1585E-03 0.1585E-03
    9210 0.3544E-03 0.3544E-03
    9211 0.1743E-03 0.1743E-03
    9212 0.1616E-03 0.1616E-03
    9213 0.1677E-03 0.1677E-03
    9214 0.1488E-03 0.1488E-03
    9215 0.1602E-03 0.1602E-03
    9216 0.1431E-03 0.1431E-03
    9217 0.1626E-03 0.1626E-03
    9218 0.1618E-03 0.1618E-03
    9219 0.1616E-03 0.1616E-03
    9220 0.1595E-03 0.1595E-03
    9221 0.1587E-03 0.1587E-03
    9222 0.3664E-03 0.3664E-03
    9223 0.1530E-03 0.1530E-03
    9224 0.1535E-03 0.1535E-03
    9225 0.1593E-03 0.1593E-03
    9226 0.1586E-03 0.1586E-03
    9227 0.1634E-03 0.1634E-03
    9228 0.1496E-03 0.1496E-03
    9229 0.1605E-03 0.1605E-03
    9230 0.1870E-03 0.1870E-03
    9231 0.1557E-03 0.1557E-03
    9232 0.1533E-03 0.1533E-03
    9233 0.1456E-03 0.1456E-03
    9234 0.1654E-03 0.1654E-03
    9235 0.1542E-03 0.1542E-03
    9236 0.1941E-03 0.1941E-03
    9237 0.1628E-03 0.1628E-03
    9238 0.1615E-03 0.1615E-03
    9239 0.4435E-03 0.4435E-03
    9240 0.1593E-03 0.1593E-03
    9241 0.1671E-03 0.1671E-03
    9242 0.1544E-03 0.1544E-03
    9243 0.1622E-03 0.1622E-03
    9244 0.1607E-03 0.1607E-03
    9245 0.1516E-03 0.1516E-03
    9246 0.1629E-03 0.1629E-03
    9247 0.1599E-03 0.1599E-03
    9248 0.1426E-03 0.1426E-03
    9249 0.1586E-03 0.1586E-03
    9250 0.1720E-03 0.1720E-03
    9251 0.1513E-03 0.1513E-03
    9252 0.1631E-03 0.1631E-03
    9253 0.1635E-03 0.1635E-03
    9254 0.1843E-03 0.1843E-03
    9255 0.1554E-03 0.1554E-03
    9256 0.1663E-03 0.1663E-03
    9257 0.1684E-03 0.1684E-03
    9258 0.1588E-03 0.1588E-03
    9259 0.1739E-03 0.1739E-03
    9260 0.2630E-03 0.2630E-03
    9261 0.1712E-03 0.1712E-03
    9262 0.2126E-03 0.2126E-03
    9263 0.1638E-03 0.1638E-03
    9264 0.1662E-03 0.1662E-03
    9265 0.1694E-03 0.1694E-03
    9266 0.1806E-03 0.1806E-03
    9267 0.1723E-03 0.1723E-03
    9268 0.1634E-03 0.1634E-03
    9269 0.1916E-03 0.1916E-03
    9270 0.1629E-03 0.1629E-03
    9271 0.1992E-03 0.1992E-03
    9272 0.1390E-03 0.1390E-03
    9273 0.1548E-03 0.1548E-03
    9274 0.1472E-03 0.1472E-03
    9275 0.1563E-03 0.1563E-03
    9276 0.1565E-03 0.1565E-03
    9277 0.1556E-03 0.1556E-03
    9278 0.1567E-03 0.1567E-03
    9279 0.1572E-03 0.1572E-03
    9280 0.2165E-03 0.2165E-03
    9281 0.1542E-03 0.1542E-03
    9282 0.1696E-03 0.1696E-03
    9283 0.1433E-03 0.1433E-03
    9284 0.1600E-02 0.1600E-02
    9285 0.1529E-03 0.1529E-03
    9286 0.1538E-03 0.1538E-03
    9287 0.1433E-03 0.1433E-03
    9288 0.1574E-03 0.1574E-03
    9289 0.1637E-03 0.1637E-03
    9290 0.1570E-03 0.1570E-03
    9291 0.1595E-03 0.1595E-03
    9292 0.1542E-03 0.1542E-03
    9293 0.1563E-03 0.1563E-03
    9294 0.1595E-03 0.1595E-03
    9295 0.1554E-03 0.1554E-03
    9296 0.1596E-03 0.1596E-03
    9297 0.1606E-03 0.1606E-03
    9298 0.1540E-03 0.1540E-03
    9299 0.1600E-03 0.1600E-03
    9300 0.1512E-03 0.1512E-03
    9301 0.1551E-03 0.1551E-03
    9302 0.1422E-03 0.1422E-03
    9303 0.1483E-03 0.1483E-03
    9304 0.1545E-03 0.1545E-03
    9305 0.1552E-03 0.1552E-03
    9306 0.1634E-03 0.1634E-03
    9307 0.1679E-03 0.1679E-03
    9308 0.1564E-03 0.1564E-03
    9309 0.1559E-03 0.1559E-03
    9310 0.1602E-03 0.1602E-03
    9311 0.1536E-03 0.1536E-03
    9312 0.1569E-03 0.1569E-03
    9313 0.1501E-03 0.1501E-03
    9314 0.1606E-03 0.1606E-03
    9315 0.1598E-03 0.1598E-03
    9316 0.1543E-03 0.1543E-03
    9317 0.1629E-03 0.1629E-03
    9318 0.1474E-03 0.1474E-03
    9319 0.1594E-03 0.1594E-03
    9320 0.1600E-03 0.1600E-03
    9321 0.1687E-03 0.1687E-03
    9322 0.2625E-03 0.2625E-03
    9323 0.1642E-03 0.1642E-03
    9324 0.1589E-03 0.1589E-03
    9325 0.1490E-03 0.1490E-03
    9326 0.1920E-03 0.1920E-03
    9327 0.1799E-03 0.1799E-03
    9328 0.2615E-03 0.2615E-03
    9329 0.1528E-03 0.1528E-03
    9330 0.1813E-03 0.1813E-03
    9331 0.1476E-03 0.1476E-03
    9332 0.1590E-03 0.1590E-03
    9333 0.2280E-03 0.2280E-03
    9334 0.1639E-03 0.1639E-03
    9335 0.1974E-03 0.1974E-03
    9336 0.2986E-03 0.2986E-03
    9337 0.2165E-03 0.2165E-03
    9338 0.1755E-03 0.1755E-03
    9339 0.7549E-03 0.7549E-03
    9340 0.5492E-03 0.5492E-03
    9341 0.2976E-03 0.2976E-03
    9342 0.1695E-03 0.1695E-03
    9343 0.7164E-02 0.7164E-02
    9344 0.1164E-03 0.1164E-03
    9345 0.1221E-03 0.1221E-03
    9346 0.2772E-03 0.2772E-03
    9347 0.1501E-03 0.1501E-03
    9348 0.1462E-03 0.1462E-03
    9349 0.4836E-03 0.4836E-03
    9350 0.1540E-03 0.1540E-03
    9351 0.1581E-03 0.1581E-03
    9352 0.1491E-03 0.1491E-03
    9353 0.1402E-03 0.1402E-03
    9354 0.1696E-03 0.1696E-03
    9355 0.1456E-03 0.1456E-03
    9356 0.1463E-03 0.1463E-03
    9357 0.1402E-03 0.1402E-03
    9358 0.1560E-03 0.1560E-03
    9359 0.1395E-03 0.1395E-03
    9360 0.1953E-03 0.1953E-03
    9361 0.1613E-03 0.1613E-03
    9362 0.1224E-03 0.1224E-03
    9363 0.1519E-03 0.1519E-03
    9364 0.1333E-03 0.1333E-03
    9365 0.1346E-03 0.1346E-03
    9366 0.1562E-03 0.1562E-03
    9367 0.1437E-03 0.1437E-03
    9368 0.1448E-03 0.1448E-03
    9369 0.1376E-03 0.1376E-03
    9370 0.1293E-03 0.1293E-03
    9371 0.1362E-03 0.1362E-03
    9372 0.2635E-03 0.2635E-03
    9373 0.1408E-03 0.1408E-03
    9374 0.1402E-03 0.1402E-03
    9375 0.1395E-03 0.1395E-03
    9376 0.1390E-03 0.1390E-03
    9377 0.1458E-03 0.1458E-03
    9378 0.1399E-03 0.1399E-03
    9379 0.1309E-03 0.1309E-03
    9380 0.1460E-03 0.1460E-03
    9381 0.1228E-03 0.1228E-03
    9382 0.1283E-03 0.1283E-03
    9383 0.1457E-03 0.1457E-03
    9384 0.1476E-03 0.1476E-03
    9385 0.1378E-03 0.1378E-03
    9386 0.1593E-03 0.1593E-03
    9387 0.1467E-03 0.1467E-03
    9388 0.1432E-03 0.1432E-03
    9389 0.1450E-03 0.1450E-03
    9390 0.1496E-03 0.1496E-03
    9391 0.1408E-03 0.1408E-03
    9392 0.1453E-03 0.1453E-03
    9393 0.1308E-03 0.1308E-03
    9394 0.1625E-03 0.1625E-03
    9395 0.1372E-03 0.1372E-03
    9396 0.1301E-03 0.1301E-03
    9397 0.1449E-03 0.1449E-03
    9398 0.1328E-03 0.1328E-03
    9399 0.1099E-03 0.1099E-03
    9400 0.1313E-03 0.1313E-03
    9401 0.1142E-03 0.1142E-03
    9402 0.1330E-03 0.1330E-03
    9403 0.1464E-03 0.1464E-03
    9404 0.1406E-03 0.1406E-03
    9405 0.1183E-03 0.1183E-03
    9406 0.1195E-03 0.1195E-03
    9407 0.1223E-03 0.1223E-03
    9408 0.1176E-03 0.1176E-03
    9409 0.2610E-02 0.2610E-02
    9410 0.2287E-03 0.2287E-03
    9411 0.2653E-03 0.2653E-03
    9412 0.2381E-03 0.2381E-03
    9413 0.1296E-03 0.1296E-03
    9414 0.1309E-03 0.1309E-03
    9415 0.1442E-03 0.1442E-03
    9416 0.2524E-03 0.2524E-03
    9417 0.1976E-03 0.1976E-03
    9418 0.1555E-03 0.1555E-03
    9419 0.1550E-03 0.1550E-03
    9420 0.1586E-03 0.1586E-03
    9421 0.1563E-03 0.1563E-03
    9422 0.1602E-03 0.1602E-03
    9423 0.1723E-03 0.1723E-03
    9424 0.1475E-03 0.1475E-03
    9425 0.1683E-03 0.1683E-03
    9426 0.1379E-03 0.1379E-03
    9427 0.1587E-03 0.1587E-03
    9428 0.1611E-03 0.1611E-03
    9429 0.3315E-03 0.3315E-03
    9430 0.1862E-03 0.1862E-03
    9431 0.1465E-03 0.1465E-03
    9432 0.6031E-03 0.6031E-03
    9433 0.1636E-03 0.1636E-03
    9434 0.1711E-03 0.1711E-03
    9435 0.1525E-03 0.1525E-03
    9436 0.1786E-03 0.1786E-03
    9437 0.1727E-03 0.1727E-03
    9438 0.1743E-03 0.1743E-03
    9439 0.1711E-03 0.1711E-03
    9440 0.1620E-03 0.1620E-03
    9441 0.1563E-03 0.1563E-03
    9442 0.1601E-03 0.1601E-03
    9443 0.1574E-03 0.1574E-03
    9444 0.1606E-03 0.1606E-03
    9445 0.1298E-03 0.1298E-03
    9446 0.1324E-03 0.1324E-03
    9447 0.2268E-03 0.2268E-03
    9448 0.2995E-03 0.2995E-03
    9449 0.3859E-03 0.3859E-03
    9450 0.3317E-03 0.3317E-03
    9451 0.3880E-03 0.3880E-03
    9452 0.3307E-03 0.3307E-03
    9453 0.2130E-03 0.2130E-03
    9454 0.2458E-03 0.2458E-03
    9455 0.2068E-03 0.2068E-03
    9456 0.2815E-03 0.2815E-03
    9457 0.2829E-03 0.2829E-03
    9458 0.1796E-03 0.1796E-03
    9459 0.1740E-03 0.1740E-03
    9460 0.3600E-03 0.3600E-03
    9461 0.1703E-03 0.1703E-03
    9462 0.1760E-03 0.1760E-03
    9463 0.1791E-03 0.1791E-03
    9464 0.1791E-03 0.1791E-03
    9465 0.2025E-03 0.2025E-03
    9466 0.1575E-03 0.1575E-03
    9467 0.2005E-03 0.2005E-03
    9468 0.2225E-03 0.2225E-03
    9469 0.2916E-03 0.2916E-03
    9470 0.2344E-03 0.2344E-03
    9471 0.2092E-03 0.2092E-03
    9472 0.2247E-03 0.2247E-03
    9473 0.2373E-03 0.2373E-03
    9474 0.2386E-03 0.2386E-03
    9475 0.2319E-03 0.2319E-03
    9476 0.2212E-03 0.2212E-03
    9477 0.2371E-03 0.2371E-03
    9478 0.2359E-03 0.2359E-03
    9479 0.2262E-03 0.2262E-03
    9480 0.1531E-01 0.1531E-01
    9481 0.5118E-03 0.5118E-03
    9482 0.5396E-03 0.5396E-03
    9483 0.5263E-03 0.5263E-03
    9484 0.8076E-03 0.8076E-03
    9485 0.2976E-03 0.2976E-03
    9486 0.1389E-02 0.1389E-02
    9487 0.1339E-03 0.1339E-03
    9488 0.1271E-03 0.1271E-03
    9489 0.1222E-03 0.1222E-03
    9490 0.1205E-03 0.1205E-03
    9491 0.1302E-03 0.1302E-03
    9492 0.1280E-03 0.1280E-03
    9493 0.1301E-03 0.1301E-03
    9494 0.1520E-03 0.1520E-03
    9495 0.1090E-03 0.1090E-03
    9496 0.1265E-03 0.1265E-03
    9497 0.1208E-03 0.1208E-03
    9498 0.1115E-03 0.1115E-03
    9499 0.1267E-03 0.1267E-03
    9500 0.1249E-03 0.1249E-03
    9501 0.1686E-03 0.1686E-03
    9502 0.1251E-03 0.1251E-03
    9503 0.1185E-03 0.1185E-03
    9504 0.2236E-02 0.2236E-02
    9505 0.6522E-02 0.6522E-02
    9506 0.1106E-02 0.1106E-02
    9507 0.2366E-03 0.2366E-03
    9508 0.1549E-03 0.1549E-03
    9509 0.1581E-03 0.1581E-03
    9510 0.1431E-03 0.1431E-03
    9511 0.1348E-03 0.1348E-03
    9512 0.1407E-03 0.1407E-03
    9513 0.1358E-03 0.1358E-03
    9514 0.1273E-03 0.1273E-03
    9515 0.1176E-03 0.1176E-03
    9516 0.1182E-03 0.1182E-03
    9517 0.1142E-03 0.1142E-03
    9518 0.1381E-03 0.1381E-03
    9519 0.1934E-03 0.1934E-03
    9520 0.1283E-03 0.1283E-03
    9521 0.1286E-03 0.1286E-03
    9522 0.1267E-03 0.1267E-03
    9523 0.1148E-03 0.1148E-03
    9524 0.1218E-03 0.1218E-03
    9525 0.1306E-03 0.1306E-03
    9526 0.1235E-03 0.1235E-03
    9527 0.1267E-03 0.1267E-03
    9528 0.1248E-03 0.1248E-03
    9529 0.1459E-03 0.1459E-03
    9530 0.1441E-03 0.1441E-03
    9531 0.1732E-03 0.1732E-03
    9532 0.1878E-03 0.1878E-03
    9533 0.1861E-03 0.1861E-03
    9534 0.2143E-03 0.2143E-03
    9535 0.2440E-03 0.2440E-03
    9536 0.2731E-03 0.2731E-03
    9537 0.1165E-03 0.1165E-03
    9538 0.1109E-03 0.1109E-03
    9539 0.1190E-03 0.1190E-03
    9540 0.1292E-03 0.1292E-03
    9541 0.1243E-03 0.1243E-03
    9542 0.1516E-03 0.1516E-03
    9543 0.1497E-03 0.1497E-03
    9544 0.1635E-03 0.1635E-03
    9545 0.1843E-03 0.1843E-03
    9546 0.2257E-03 0.2257E-03
    9547 0.2465E-03 0.2465E-03
    9548 0.2576E-03 0.2576E-03
    9549 0.8229E-03 0.8229E-03
    9550 0.2748E-03 0.2748E-03
    9551 0.2544E-03 0.2544E-03
    9552 0.8695E-03 0.8695E-03
    9553 0.7887E-03 0.7887E-03
    9554 0.1857E-03 0.1857E-03
    9555 0.2045E-03 0.2045E-03
    9556 0.2093E-03 0.2093E-03
    9557 0.2134E-03 0.2134E-03
    9558 0.1894E-03 0.1894E-03
    9559 0.2115E-03 0.2115E-03
    9560 0.2115E-03 0.2115E-03
    9561 0.1981E-03 0.1981E-03
    9562 0.1962E-03 0.1962E-03
    9563 0.2596E-03 0.2596E-03
    9564 0.2195E-03 0.2195E-03
    9565 0.1903E-03 0.1903E-03
    9566 0.2228E-03 0.2228E-03
    9567 0.2085E-03 0.2085E-03
    9568 0.2240E-03 0.2240E-03
    9569 0.2230E-03 0.2230E-03
    9570 0.2271E-03 0.2271E-03
    9571 0.1937E-03 0.1937E-03
    9572 0.3766E-03 0.3766E-03
    9573 0.4198E-03 0.4198E-03
    9574 0.2411E-03 0.2411E-03
    9575 0.2317E-03 0.2317E-03
    9576 0.1673E-03 0.1673E-03
    9577 0.1234E-02 0.1234E-02
    9578 0.6051E-02 0.6051E-02
    9579 0.2682E-02 0.2682E-02
    9580 0.1878E-03 0.1878E-03
    9581 0.1811E-03 0.1811E-03
    9582 0.1693E-03 0.1693E-03
    9583 0.1442E-03 0.1442E-03
    9584 0.1956E-03 0.1956E-03
    9585 0.5196E-03 0.5196E-03
    9586 0.1261E-03 0.1261E-03
    9587 0.1278E-03 0.1278E-03
    9588 0.1250E-03 0.1250E-03
    9589 0.1368E-03 0.1368E-03
    9590 0.1364E-03 0.1364E-03
    9591 0.1295E-03 0.1295E-03
    9592 0.1283E-03 0.1283E-03
    9593 0.1288E-03 0.1288E-03
    9594 0.1440E-03 0.1440E-03
    9595 0.1252E-03 0.1252E-03
    9596 0.1111E-03 0.1111E-03
    9597 0.1260E-03 0.1260E-03
    9598 0.1219E-03 0.1219E-03
    9599 0.1223E-03 0.1223E-03
    9600 0.1194E-03 0.1194E-03
    9601 0.1823E-03 0.1823E-03
    9602 0.2640E-03 0.2640E-03
    9603 0.5266E-03 0.5266E-03
    9604 0.2401E-03 0.2401E-03
    9605 0.4695E-03 0.4695E-03
    9606 0.3438E-03 0.3438E-03
    9607 0.3190E-03 0.3190E-03
    9608 0.3311E-03 0.3311E-03
    9609 0.2712E-03 0.2712E-03
    9610 0.2670E-03 0.2670E-03
    9611 0.2209E-03 0.2209E-03
    9612 0.2167E-03 0.2167E-03
    9613 0.2224E-03 0.2224E-03
    9614 0.2120E-03 0.2120E-03
    9615 0.2093E-03 0.2093E-03
    9616 0.2281E-03 0.2281E-03
    9617 0.2071E-03 0.2071E-03
    9618 0.2017E-03 0.2017E-03
    9619 0.1893E-03 0.1893E-03
    9620 0.2082E-03 0.2082E-03
    9621 0.1942E-03 0.1942E-03
    9622 0.2564E-03 0.2564E-03
    9623 0.4242E-03 0.4242E-03
    9624 0.2163E-03 0.2163E-03
    9625 0.2016E-03 0.2016E-03
    9626 0.2111E-03 0.2111E-03
    9627 0.2041E-03 0.2041E-03
    9628 0.2401E-03 0.2401E-03
    9629 0.2176E-03 0.2176E-03
    9630 0.2630E-03 0.2630E-03
    9631 0.2321E-03 0.2321E-03
    9632 0.2861E-03 0.2861E-03
    9633 0.2753E-03 0.2753E-03
    9634 0.2856E-03 0.2856E-03
    9635 0.2440E-03 0.2440E-03
    9636 0.9188E-03 0.9188E-03
    9637 0.3075E-03 0.3075E-03
    9638 0.2986E-03 0.2986E-03
    9639 0.2795E-03 0.2795E-03
    9640 0.2867E-02 0.2867E-02
    9641 0.2712E-03 0.2712E-03
    9642 0.2869E-03 0.2869E-03
    9643 0.3874E-03 0.3874E-03
    9644 0.3825E-03 0.3825E-03
    9645 0.2047E-03 0.2047E-03
    9646 0.2872E-03 0.2872E-03
    9647 0.2058E-03 0.2058E-03
    9648 0.2078E-03 0.2078E-03
    9649 0.2276E-03 0.2276E-03
    9650 0.2063E-03 0.2063E-03
    9651 0.2273E-03 0.2273E-03
    9652 0.2298E-03 0.2298E-03
    9653 0.2395E-03 0.2395E-03
    9654 0.2318E-03 0.2318E-03
    9655 0.2365E-03 0.2365E-03
    9656 0.7970E-03 0.7970E-03
    9657 0.2326E-03 0.2326E-03
    9658 0.2255E-03 0.2255E-03
    9659 0.2215E-03 0.2215E-03
    9660 0.2090E-03 0.2090E-03
    9661 0.1894E-03 0.1894E-03
    9662 0.1958E-03 0.1958E-03
    9663 0.1959E-03 0.1959E-03
    9664 0.1761E-03 0.1761E-03
    9665 0.2036E-03 0.2036E-03
    9666 0.4277E-03 0.4277E-03
    9667 0.2284E-03 0.2284E-03
    9668 0.2016E-03 0.2016E-03
    9669 0.2096E-03 0.2096E-03
    9670 0.2015E-03 0.2015E-03
    9671 0.1997E-03 0.1997E-03
    9672 0.2034E-03 0.2034E-03
    9673 0.2057E-03 0.2057E-03
    9674 0.1977E-03 0.1977E-03
    9675 0.1977E-03 0.1977E-03
    9676 0.2100E-03 0.2100E-03
    9677 0.1776E-03 0.1776E-03
    9678 0.2219E-03 0.2219E-03
    9679 0.2098E-03 0.2098E-03
    9680 0.3010E-03 0.3010E-03
    9681 0.3108E-03 0.3108E-03
    9682 0.2377E-03 0.2377E-03
    9683 0.4251E-03 0.4251E-03
    9684 0.1617E-03 0.1617E-03
    9685 0.1850E-03 0.1850E-03
    9686 0.5063E-03 0.5063E-03
    9687 0.1174E-03 0.1174E-03
    9688 0.6484E-03 0.6484E-03
    9689 0.3271E-03 0.3271E-03
    9690 0.1115E-03 0.1115E-03
    9691 0.3103E-03 0.3103E-03
    9692 0.1774E-03 0.1774E-03
    9693 0.1938E-03 0.1938E-03
    9694 0.1559E-03 0.1559E-03
    9695 0.1234E-03 0.1234E-03
    9696 0.1387E-03 0.1387E-03
    9697 0.1221E-03 0.1221E-03
    9698 0.1184E-03 0.1184E-03
    9699 0.1425E-03 0.1425E-03
    9700 0.1582E-03 0.1582E-03
    9701 0.1722E-03 0.1722E-03
    9702 0.1620E-03 0.1620E-03
    9703 0.1704E-03 0.1704E-03
    9704 0.1739E-03 0.1739E-03
    9705 0.1971E-03 0.1971E-03
    9706 0.1632E-03 0.1632E-03
    9707 0.1609E-03 0.1609E-03
    9708 0.1580E-03 0.1580E-03
    9709 0.1711E-03 0.1711E-03
    9710 0.1679E-03 0.1679E-03
    9711 0.1563E-03 0.1563E-03
    9712 0.1668E-03 0.1668E-03
    9713 0.1655E-03 0.1655E-03
    9714 0.1648E-03 0.1648E-03
    9715 0.1651E-03 0.1651E-03
    9716 0.1815E-03 0.1815E-03
    9717 0.1726E-03 0.1726E-03
    9718 0.1543E-03 0.1543E-03
    9719 0.1629E-03 0.1629E-03
    9720 0.1482E-03 0.1482E-03
    9721 0.1699E-03 0.1699E-03
    9722 0.1722E-03 0.1722E-03
    9723 0.1532E-03 0.1532E-03
    9724 0.1447E-03 0.1447E-03
    9725 0.1454E-03 0.1454E-03
    9726 0.1449E-03 0.1449E-03
    9727 0.1445E-03 0.1445E-03
    9728 0.1641E-03 0.1641E-03
    9729 0.1430E-03 0.1430E-03
    9730 0.1358E-03 0.1358E-03
    9731 0.1397E-03 0.1397E-03
    9732 0.1240E-03 0.1240E-03
    9733 0.1495E-03 0.1495E-03
    9734 0.1472E-03 0.1472E-03
    9735 0.1540E-03 0.1540E-03
    9736 0.2449E-01 0.2449E-01
    9737 0.1927E-03 0.1927E-03
    9738 0.2591E-02 0.2591E-02
    9739 0.1163E-03 0.1163E-03
    9740 0.2637E-03 0.2637E-03
    9741 0.1408E-03 0.1408E-03
    9742 0.2400E-03 0.2400E-03
    9743 0.1161E-03 0.1161E-03
    9744 0.1143E-03 0.1143E-03
    9745 0.1152E-03 0.1152E-03
    9746 0.1171E-03 0.1171E-03
    9747 0.1118E-03 0.1118E-03
    9748 0.1225E-03 0.1225E-03
    9749 0.1152E-03 0.1152E-03
    9750 0.5099E-03 0.5099E-03
    9751 0.1182E-02 0.1182E-02
    9752 0.2263E-02 0.2263E-02
    9753 0.1709E-03 0.1709E-03
    9754 0.2212E-03 0.2212E-03
    9755 0.2072E-03 0.2072E-03
    9756 0.3048E-03 0.3048E-03
    9757 0.2925E-03 0.2925E-03
    9758 0.1586E-03 0.1586E-03
    9759 0.2288E-03 0.2288E-03
    9760 0.2455E-03 0.2455E-03
    9761 0.2888E-03 0.2888E-03
    9762 0.2710E-03 0.2710E-03
    9763 0.2305E-03 0.2305E-03
    9764 0.3876E-03 0.3876E-03
    9765 0.3435E-03 0.3435E-03
    9766 0.5416E-03 0.5416E-03
    9767 0.5268E-03 0.5268E-03
    9768 0.1918E-03 0.1918E-03
    9769 0.1821E-03 0.1821E-03
    9770 0.5450E-03 0.5450E-03
    9771 0.4153E-03 0.4153E-03
    9772 0.3622E-03 0.3622E-03
    9773 0.3110E-03 0.3110E-03
    9774 0.1854E-03 0.1854E-03
    9775 0.1341E-03 0.1341E-03
    9776 0.1761E-03 0.1761E-03
    9777 0.2166E-03 0.2166E-03
    9778 0.2245E-03 0.2245E-03
    9779 0.2379E-03 0.2379E-03
    9780 0.5207E-03 0.5207E-03
    9781 0.1734E-03 0.1734E-03
    9782 0.3099E-03 0.3099E-03
    9783 0.1543E-03 0.1543E-03
    9784 0.1404E-03 0.1404E-03
    9785 0.2066E-03 0.2066E-03
    9786 0.2596E-03 0.2596E-03
    9787 0.1014E-03 0.1014E-03
    9788 0.1303E-03 0.1303E-03
    9789 0.1414E-03 0.1414E-03
    9790 0.2157E-03 0.2157E-03
    9791 0.1270E-03 0.1270E-03
    9792 0.1264E-03 0.1264E-03
    9793 0.1266E-03 0.1266E-03
    9794 0.1231E-03 0.1231E-03
    9795 0.1081E-03 0.1081E-03
    9796 0.1273E-03 0.1273E-03
    9797 0.1290E-03 0.1290E-03
    9798 0.1069E-03 0.1069E-03
    9799 0.1143E-03 0.1143E-03
    9800 0.1133E-03 0.1133E-03
    9801 0.1070E-03 0.1070E-03
    9802 0.2554E-02 0.2554E-02
    9803 0.2548E-03 0.2548E-03
    9804 0.2473E-03 0.2473E-03
    9805 0.2467E-03 0.2467E-03
    9806 0.2549E-03 0.2549E-03
    9807 0.2553E-03 0.2553E-03
    9808 0.2221E-03 0.2221E-03
    9809 0.2322E-03 0.2322E-03
    9810 0.2312E-03 0.2312E-03
    9811 0.2283E-03 0.2283E-03
    9812 0.2237E-03 0.2237E-03
    9813 0.1879E-03 0.1879E-03
    9814 0.1752E-03 0.1752E-03
    9815 0.1758E-03 0.1758E-03
    9816 0.1738E-03 0.1738E-03
    9817 0.1698E-03 0.1698E-03
    9818 0.1906E-03 0.1906E-03
    9819 0.1920E-03 0.1920E-03
    9820 0.2176E-03 0.2176E-03
    9821 0.9877E-03 0.9877E-03
    9822 0.2321E-03 0.2321E-03
    9823 0.2192E-03 0.2192E-03
    9824 0.2539E-03 0.2539E-03
    9825 0.2484E-03 0.2484E-03
    9826 0.2398E-03 0.2398E-03
    9827 0.2564E-03 0.2564E-03
    9828 0.2505E-03 0.2505E-03
    9829 0.3801E-03 0.3801E-03
    9830 0.4516E-03 0.4516E-03
    9831 0.2373E-03 0.2373E-03
    9832 0.1230E-03 0.1230E-03
    9833 0.1409E-03 0.1409E-03
    9834 0.1337E-03 0.1337E-03
    9835 0.1097E-03 0.1097E-03
    9836 0.1133E-03 0.1133E-03
    9837 0.1125E-03 0.1125E-03
    9838 0.1184E-03 0.1184E-03
    9839 0.1048E-03 0.1048E-03
    9840 0.2042E-03 0.2042E-03
    9841 0.1240E-03 0.1240E-03
    9842 0.1200E-03 0.1200E-03
    9843 0.1352E-03 0.1352E-03
    9844 0.1199E-03 0.1199E-03
    9845 0.1491E-03 0.1491E-03
    9846 0.3733E-03 0.3733E-03
    9847 0.3992E-03 0.3992E-03
    9848 0.7455E-03 0.7455E-03
    9849 0.6050E-03 0.6050E-03
    9850 0.9212E-03 0.9212E-03
    9851 0.6186E-03 0.6186E-03
    9852 0.5403E-03 0.5403E-03
    9853 0.3069E-03 0.3069E-03
    9854 0.3742E-03 0.3742E-03
    9855 0.3088E-03 0.3088E-03
    9856 0.2738E-03 0.2738E-03
    9857 0.2997E-03 0.2997E-03
    9858 0.1884E-03 0.1884E-03
    9859 0.1653E-03 0.1653E-03
    9860 0.4688E-03 0.4688E-03
    9861 0.4704E-03 0.4704E-03
    9862 0.4300E-03 0.4300E-03
    9863 0.3800E-03 0.3800E-03
    9864 0.3865E-03 0.3865E-03
    9865 0.9553E-03 0.9553E-03
    9866 0.5473E-03 0.5473E-03
    9867 0.6036E-03 0.6036E-03
    9868 0.5945E-03 0.5945E-03
    9869 0.5831E-03 0.5831E-03
    9870 0.8053E-03 0.8053E-03
    9871 0.3945E-03 0.3945E-03
    9872 0.1909E-02 0.1909E-02
    9873 0.2427E-02 0.2427E-02
    9874 0.5136E-02 0.5136E-02
    9875 0.6599E-02 0.6599E-02
    9876 0.4386E-02 0.4386E-02
    9877 0.6404E-02 0.6404E-02
    9878 0.5861E-03 0.5861E-03
    9879 0.6170E-03 0.6170E-03
    9880 0.7742E-03 0.7742E-03
    9881 0.1745E-02 0.1745E-02
    9882 0.1810E-02 0.1810E-02
    9883 0.2078E-02 0.2078E-02
    9884 0.1691E-02 0.1691E-02
    9885 0.1769E-02 0.1769E-02
    9886 0.1800E-02 0.1800E-02
    9887 0.1167E-02 0.1167E-02
    9888 0.1158E-02 0.1158E-02
    9889 0.1216E-02 0.1216E-02
    9890 0.1855E-02 0.1855E-02
    9891 0.6025E-03 0.6025E-03
    9892 0.7329E-03 0.7329E-03
    9893 0.1634E-03 0.1634E-03
    9894 0.4542E-03 0.4542E-03
    9895 0.9641E-03 0.9641E-03
    9896 0.2395E-03 0.2395E-03
    9897 0.1866E-03 0.1866E-03
    9898 0.6703E-03 0.6703E-03
    9899 0.6173E-03 0.6173E-03
    9900 0.6455E-03 0.6455E-03
    9901 0.5647E-03 0.5647E-03
    9902 0.1732E-02 0.1732E-02
    9903 0.5127E-03 0.5127E-03
    9904 0.5221E-03 0.5221E-03
    9905 0.7260E-03 0.7260E-03
    9906 0.5230E-03 0.5230E-03
    9907 0.5241E-03 0.5241E-03
    9908 0.4125E-03 0.4125E-03
    9909 0.3985E-03 0.3985E-03
    9910 0.4004E-03 0.4004E-03
    9911 0.4446E-03 0.4446E-03
    9912 0.4257E-03 0.4257E-03
    9913 0.4859E-03 0.4859E-03
    9914 0.4771E-03 0.4771E-03
    9915 0.5499E-03 0.5499E-03
    9916 0.5164E-03 0.5164E-03
    9917 0.6005E-03 0.6005E-03
    9918 0.4208E-03 0.4208E-03
    9919 0.3773E-03 0.3773E-03
    9920 0.3931E-03 0.3931E-03
    9921 0.3417E-03 0.3417E-03
    9922 0.5354E-03 0.5354E-03
    9923 0.3359E-03 0.3359E-03
    9924 0.1152E-03 0.1152E-03
    9925 0.2731E-03 0.2731E-03
    9926 0.1538E-02 0.1538E-02
    9927 0.1224E-03 0.1224E-03
    9928 0.1124E-03 0.1124E-03
    9929 0.1435E-03 0.1435E-03
    9930 0.1375E-03 0.1375E-03
    9931 0.9080E-03 0.9080E-03
    9932 0.1836E-02 0.1836E-02
    9933 0.4515E-03 0.4515E-03
    9934 0.1244E-03 0.1244E-03
    9935 0.1257E-03 0.1257E-03
    9936 0.1444E-03 0.1444E-03
    9937 0.1741E-02 0.1741E-02
    9938 0.1762E-03 0.1762E-03
    9939 0.1090E-03 0.1090E-03
    9940 0.1209E-03 0.1209E-03
    9941 0.2013E-03 0.2013E-03
    9942 0.1746E-03 0.1746E-03
    9943 0.1752E-03 0.1752E-03
    9944 0.1819E-03 0.1819E-03
    9945 0.1881E-03 0.1881E-03
    9946 0.1908E-03 0.1908E-03
    9947 0.1823E-03 0.1823E-03
    9948 0.2934E-03 0.2934E-03
    9949 0.2015E-03 0.2015E-03
    9950 0.2107E-03 0.2107E-03
    9951 0.4474E-03 0.4474E-03
    9952 0.4962E-03 0.4962E-03
    9953 0.4674E-03 0.4674E-03
    9954 0.8384E-03 0.8384E-03
    9955 0.3614E-03 0.3614E-03
    9956 0.3219E-03 0.3219E-03
    9957 0.3484E-03 0.3484E-03
    9958 0.3533E-03 0.3533E-03
    9959 0.4471E-03 0.4471E-03
    9960 0.3339E-03 0.3339E-03
    9961 0.3644E-03 0.3644E-03
    9962 0.4073E-03 0.4073E-03
    9963 0.3509E-03 0.3509E-03
    9964 0.3637E-03 0.3637E-03
    9965 0.3174E-03 0.3174E-03
    9966 0.3177E-03 0.3177E-03
    9967 0.3124E-03 0.3124E-03
    9968 0.3443E-03 0.3443E-03
    9969 0.3131E-03 0.3131E-03
    9970 0.3174E-03 0.3174E-03
    9971 0.3749E-03 0.3749E-03
    9972 0.1749E-03 0.1749E-03
    9973 0.1976E-03 0.1976E-03
    9974 0.2320E-03 0.2320E-03
    9975 0.1770E-03 0.1770E-03
    9976 0.3262E-03 0.3262E-03
    9977 0.1565E-03 0.1565E-03
    9978 0.1909E-03 0.1909E-03
    9979 0.6038E-03 0.6038E-03
    9980 0.3083E-03 0.3083E-03
    9981 0.2166E-03 0.2166E-03
    9982 0.5302E-03 0.5302E-03
    9983 0.2946E-03 0.2946E-03
    9984 0.3375E-03 0.3375E-03
    9985 0.4254E-03 0.4254E-03
    9986 0.4078E-03 0.4078E-03
    9987 0.4151E-03 0.4151E-03
    9988 0.3831E-03 0.3831E-03
    9989 0.3790E-03 0.3790E-03
    9990 0.3582E-03 0.3582E-03
    9991 0.3713E-03 0.3713E-03
    9992 0.5279E-03 0.5279E-03
    9993 0.5264E-03 0.5264E-03
    9994 0.5446E-03 0.5446E-03
    9995 0.5583E-03 0.5583E-03
    9996 0.5190E-03 0.5190E-03
    9997 0.5100E-03 0.5100E-03
    9998 0.5351E-03 0.5351E-03
    9999 0.3833E-03 0.3833E-03
   10000 0.3304E-03 0.3304E-03
BiCGStabl:    10000 0.3304E-03 0.3304E-03
STOP 1
ERROR:: IterSolve: Numerical Error: Too many iterations were needed.
