ELMER SOLVER (v 26.2) STARTED AT: 2026/09/14 09:55:48
ParCommInit: Initialize #PEs: 1
MAIN: 
MAIN: =============================================================
MAIN: ElmerSolver finite element software, Welcome!
MAIN: This program is free software licensed under (L)GPL
MAIN: Copyright 1st April 1995 - , CSC - IT Center for Science Ltd.
MAIN: Webpage http://www.csc.fi/elmer, Email elmeradm@csc.fi
MAIN: Version: 26.2-unknown (Rev: a19504a, Compiled: 2026-09-12)
MAIN:  Running one task without MPI parallelization.
MAIN:  Running with just one thread per task.
MAIN: =============================================================
MAIN: 
MAIN: 
MAIN: -------------------------------------
MAIN: Reading Model: case.sif
LoadInputFile: Scanning input file: case.sif
LoadInputFile: Scanning only size info
LoadInputFile: First time visiting
LoadInputFile: Reading base load of sif file
CheckKeyword: Found keyword type assuming suffix 1 for: variable 2
CheckKeyword: Found keyword type assuming suffix 1 for: variable 2
CheckKeyword: Found keyword type assuming suffix 1 for: operator 2
CheckKeyword: Found keyword type assuming suffix 1 for: operator 2
CheckKeyword: Found keyword type assuming suffix 1 for: variable 3
CheckKeyword: Found keyword type assuming suffix 1 for: variable 3
CheckKeyword: Found keyword type assuming suffix 1 for: operator 3
CheckKeyword: Found keyword type assuming suffix 1 for: operator 3
CheckKeyword: Found keyword type assuming suffix 1 for: variable 4
CheckKeyword: Found keyword type assuming suffix 1 for: variable 4
CheckKeyword: Found keyword type assuming suffix 1 for: operator 4
CheckKeyword: Found keyword type assuming suffix 1 for: operator 4
CheckKeyword: Found keyword type assuming suffix 1 for: variable 5
CheckKeyword: Found keyword type assuming suffix 1 for: variable 5
CheckKeyword: Found keyword type assuming suffix 1 for: operator 5
CheckKeyword: Found keyword type assuming suffix 1 for: operator 5
LoadInputFile: Loading input file: case.sif
LoadInputFile: Reading base load of sif file
CheckKeyword: Found keyword type assuming suffix 1 for: variable 2
CheckKeyword: Found keyword type assuming suffix 1 for: variable 2
CheckKeyword: Found keyword type assuming suffix 1 for: operator 2
CheckKeyword: Found keyword type assuming suffix 1 for: operator 2
CheckKeyword: Found keyword type assuming suffix 1 for: variable 3
CheckKeyword: Found keyword type assuming suffix 1 for: variable 3
CheckKeyword: Found keyword type assuming suffix 1 for: operator 3
CheckKeyword: Found keyword type assuming suffix 1 for: operator 3
CheckKeyword: Found keyword type assuming suffix 1 for: variable 4
CheckKeyword: Found keyword type assuming suffix 1 for: variable 4
CheckKeyword: Found keyword type assuming suffix 1 for: operator 4
CheckKeyword: Found keyword type assuming suffix 1 for: operator 4
CheckKeyword: Found keyword type assuming suffix 1 for: variable 5
CheckKeyword: Found keyword type assuming suffix 1 for: variable 5
CheckKeyword: Found keyword type assuming suffix 1 for: operator 5
CheckKeyword: Found keyword type assuming suffix 1 for: operator 5
LoadInputFile: Number of BCs: 3
LoadInputFile: Number of Body Forces: 1
LoadInputFile: Number of Initial Conditions: 1
LoadInputFile: Number of Materials: 2
LoadInputFile: Number of Equations: 2
LoadInputFile: Number of Solvers: 3
LoadInputFile: Number of Bodies: 2
Loading user function library: [StatCurrentSolve]...[StatCurrentSolver_Init0]
Loading user function library: [StatCurrentSolve]...[StatCurrentSolver_Init0]
Loading user function library: [HeatSolve]...[HeatSolver_Init0]
Loading user function library: [HeatSolve]...[HeatSolver_Init0]
Loading user function library: [SaveData]...[SaveScalars_Init0]
Loading user function library: [SaveData]...[SaveScalars_Init0]
LoadMesh: Loading serial mesh!
ElmerMeshReader: Performing step: 1
ElmerMeshReader: Base mesh name: ./neck
ReadHeaderFile: Reading header info from file: ./neck/mesh.header
InitializeMesh: Number of nodes in mesh: 22258
InitializeMesh: Number of bulk elements in mesh: 110685
InitializeMesh: Number of boundary elements in mesh: 17362
InitializeMesh: Initial number of max element nodes: 4
ElmerMeshReader: Performing step: 2
ReadNodesFile: Reading nodes from file: ./neck/mesh.nodes
SetMeshDimension: Dimension of mesh is: 3
SetMeshDimension: Max dimension of mesh is: 3
ElmerMeshReader: Performing step: 3
ReadElementsFile: Reading bulk elements from file: ./neck/mesh.elements
ElmerMeshReader: Performing step: 4
ReadBoundaryFile: Reading boundary elements from file: ./neck/mesh.boundary
PermuteNodeNumbering: Performing node mapping
MapBodiesAndBCs: Remapping bodies
MapBodiesAndBCs: Minimum initial body index: 1
MapBodiesAndBCs: Maximum initial body index: 2
MapBodiesAndBCs: Remapping boundaries
MapBodiesAndBCs: Minimum initial boundary index: 11
MapBodiesAndBCs: Maximum initial boundary index: 13
ElmerMeshReader: Performing step: 5
ElmerMeshReader: Performing step: 6
LoadMesh: Loading mesh done
LoadMesh: Preparing mesh done
LoadMesh: Elapsed REAL time:     0.0690 (s)
MeshStabParams: Computing stabilization parameters
MeshStabParams: Elapsed REAL time:     0.0120 (s)
LoadModel: Defined radition solver by Equation name "heat equation"
MAIN: -------------------------------------
AddVtuOutputSolverHack: Adding ResultOutputSolver to write VTU output in file: neck
AppendNewSolver: Increasing number of solvers to: 4
AddMeshCoordinates: Setting mesh coordinates and time
AddSolvers: Setting up 4 solvers
AddSolvers: Setting up solver 1: stat current
AddEquationBasics: Using procedure: StatCurrentSolve StatCurrentSolver
AddEquationBasics: Setting up solver: stat current
Loading user function library: [StatCurrentSolve]...[StatCurrentSolver_Init]
Loading user function library: [StatCurrentSolve]...[StatCurrentSolver_bulk]
Loading user function library: [StatCurrentSolve]...[StatCurrentSolver_bulk]
Loading user function library: [StatCurrentSolve]...[StatCurrentSolver]
AddEquationBasics: Creating standard variable: potential
OptimizeBandwidth: ---------------------------------------------------------
OptimizeBandwidth: Computing matrix structure for: stat current
OptimizeBandwidth: Initial bandwidth for stat current: 3102
OptimizeBandwidth: Optimized bandwidth for stat current: 85
OptimizeBandwidth: ---------------------------------------------------------
AddSolvers: Setting up solver 2: heat equation
AddEquationBasics: Setting up keywords internally for legacy solver: heat equation
AddEquationBasics: Using procedure: HeatSolve HeatSolver
AddEquationBasics: Setting up solver: heat equation
Loading user function library: [HeatSolve]...[HeatSolver_Init]
Loading user function library: [HeatSolve]...[HeatSolver_bulk]
Loading user function library: [HeatSolve]...[HeatSolver_bulk]
Loading user function library: [HeatSolve]...[HeatSolver]
AddEquationBasics: Creating standard variable: temperature
OptimizeBandwidth: ---------------------------------------------------------
OptimizeBandwidth: Computing matrix structure for: heat equation
OptimizeBandwidth: Initial bandwidth for heat equation: 22149
OptimizeBandwidth: Optimized bandwidth for heat equation: 766
OptimizeBandwidth: ---------------------------------------------------------
AddSolvers: Setting up solver 3: savescalars
AddEquationBasics: Using procedure: SaveData SaveScalars
AddEquationBasics: Setting up solver: savescalars
Loading user function library: [SaveData]...[SaveScalars_Init]
Loading user function library: [SaveData]...[SaveScalars_bulk]
Loading user function library: [SaveData]...[SaveScalars_bulk]
Loading user function library: [SaveData]...[SaveScalars]
AddSolvers: Setting up solver 4: internalvtuoutputsolver
AddEquationBasics: Using procedure: ResultOutputSolve ResultOutputSolver
AddEquationBasics: Setting up solver: internalvtuoutputsolver
Loading user function library: [ResultOutputSolve]...[ResultOutputSolver_Init]
Loading user function library: [ResultOutputSolve]...[ResultOutputSolver_Init]
Loading user function library: [ResultOutputSolve]...[ResultOutputSolver_bulk]
Loading user function library: [ResultOutputSolve]...[ResultOutputSolver_bulk]
Loading user function library: [ResultOutputSolve]...[ResultOutputSolver]
AddEquationBasics: Creating global variable: vtu_internal_dummy
AddTimeEtc: Setting time and other global variables
MAIN: Random seed initialized to: 314159265
SetInitialConditions: Setting up initial conditions (if any)
MAIN: Number of timesteps to be saved: 30
MAIN: 
MAIN: -------------------------------------
MAIN:  Steady state iteration:            1
MAIN: -------------------------------------
MAIN: 
SingleSolver: Attempting to call solver: 1
SingleSolver: Solver Equation string is: stat current
StatCurrentSolve: -------------------------------------
StatCurrentSolve: STAT CURRENT SOLVER:
StatCurrentSolve: -------------------------------------
DefaultStart: Starting solver: stat current
StatElecSolve: Starting Assembly...
DefUtils::DefaultDirichletBCs: Setting Dirichlet boundary conditions
EnforceDirichletConditions: Enforcing total of 53 Dirichlet conditions.
EnforceDirichletConditions: Applying Dirichlet conditions using scaled diagonal
ScaleLinearSystem: Creating > DiagScaling < vector of size 3145
EnforceDirichletConditions: Dirichlet conditions enforced for dofs: 53
StatCurrentSolve:  Assembly (s)          :  0.24583399999999994
DefaultSolve: Solving linear system with default routines
SolveSystem: Solving linear system
SolveLinearSystem: Assuming real valued linear system
SolveLinearSystem: Assuming serial linear system
ScaleLinearSystem: Creating > DiagScaling < vector of size 3145
SolveLinearSystem: Serial linear System Solver: direct
DirectSolver: Using direct method: umfpack
ComputeNorm: Computing norm of solution
ComputeChange: NS (ITER=1) (NRM,RELC): ( 0.11634592E-01  2.0000000     ) :: stat current
StatCurrentSolve:  Solve (s)             :   5.8440000000000714E-003
StatCurrentSolve:  Total Heating Power   :  0.25380384939888112
DefaultFinish: Finished solver: stat current
ComputeNorm: Computing norm of solution
ComputeChange: SS (ITER=1) (NRM,RELC): ( 0.11634592E-01  2.0000000     ) :: stat current
SingleSolver: Attempting to call solver: 2
SingleSolver: Solver Equation string is: heat equation
HeatSolver: -------------------------------------------
HeatSolver: Solving the energy equation for temperature
DefaultStart: Starting solver: heat equation
HeatSolve: 
HeatSolve: 
HeatSolve: -------------------------------------
HeatSolve:  TEMPERATURE ITERATION           1
HeatSolve: -------------------------------------
HeatSolve: 
HeatSolve: Starting Assembly...
HeatSolve: Assembly:
: .Saving bulk values for: heat equation
HeatSolve: Assembly done
DefUtils::DefaultDirichletBCs: Setting Dirichlet boundary conditions
EnforceDirichletConditions: No Dirichlet conditions to enforce, exiting!
DefaultSolve: Solving linear system with default routines
SolveSystem: Solving linear system
SolveLinearSystem: Assuming real valued linear system
SolveLinearSystem: Assuming serial linear system
ScaleLinearSystem: Creating > DiagScaling < vector of size 22258
SolveLinearSystem: Serial linear System Solver: direct
DirectSolver: Using direct method: umfpack
SolveLinearSystem: Calculating nodal loads for: temperature
CalculateLoads: Computing boundary fluxes from nodal loads
WARNING:: CalculateLoads: Boundary 1 includes inseparable dofs!
CalculateLoads: temperature Flux over BC 1: -8.29976E-02
WARNING:: CalculateLoads: Boundary 2 includes inseparable dofs!
CalculateLoads: temperature Flux over BC 2: -5.92966E-02
WARNING:: CalculateLoads: Boundary 3 includes inseparable dofs!
CalculateLoads: temperature Flux over BC 3: -1.11510E-01
CalculateLoads: temperature Flux over all BCs: -2.53804E-01
ComputeNorm: Computing norm of solution
ComputeChange: NS (ITER=1) (NRM,RELC): (  460.87711      2.0000000     ) :: heat equation
HeatSolve: iter:    1 Assembly: (s)    1.47    1.47
HeatSolve: iter:    1 Solve:    (s)    0.87    0.87
HeatSolve:  Result Norm   :    460.87711124525691
HeatSolve:  Relative Change :    2.0000000000000000
DefaultFinish: Finished solver: heat equation
ComputeNorm: Computing norm of solution
ComputeChange: SS (ITER=1) (NRM,RELC): (  460.87711      2.0000000     ) :: heat equation
SingleSolver: Attempting to call solver: 0
SingleSolver: Solver Equation string is: internalvtuoutputsolver
ResultOutputSolver: -------------------------------------
ResultOutputSolver: Saving with prefix: neck
ResultOutputSolver: Dimension of mesh is: 3
ResultOutputSolver: Working on mesh 1: neck with 22258 nodes
ResultOutputSolver: Creating list for saving - if not present
CreateListForSaving: Field Variables for Saving
CreateListForSaving: Scalar Field 1: potential
CreateListForSaving: Scalar Field 2: joule heating
CreateListForSaving: Scalar Field 3: temperature
CreateListForSaving: Scalar Field 4: temperature loads
CreateListForSaving: Vector Field 1: volume current
ResultOutputSolver: Saving in unstructured VTK XML (.vtu) format
VtuOutputSolver: Saving results in VTK XML format with prefix: neck
VtuOutputSolver: Saving number of partitions: 1
SolverOutputDirectory: Creating directory: neck
VtuOutputSolver: Full filename base is: neck/neck
GenerateSaveMask: Number of active elements 128047 out of 128047
GenerateSaveMask: Number of geometry nodes 22258 out of 22258
VtuOutputSolver: Total number of elements to save: 128047
VtuOutputSolver: Total number of geometry nodes to save: 22258
VtuOutputSolver: Total number of dof nodes to save: 22258
VtuOutputSolver: Setting offset for boundary entities: 100
VtuOutputSolver: Writing the vtu file: neck/neck_t0001.vtu
AscBinWriteInit: Initializing buffered ascii/binary writing
AscBinWriteInit: Writing in binary
AscBinWriteInit: Writing in double precision
AscBinWriteInit: Writing to unit number: 58
AscBinWriteInit: Size of buffer is: 22258
WriteVtuFile: Writing nodal fields
WriteVtuFile: Saving 1-component variable: potential
WriteVtuFile: Saving 1-component variable: joule heating
WriteVtuFile: Saving 1-component variable: temperature
WriteVtuFile: Saving 1-component variable: temperature loads
WriteVtuFile: Saving 3-component variable: volume current
WriteVtuFile: Number of nodal fields written: 5
WriteVtuFile: Writing elemental fields
WriteVtuFile: Number of elemental fields written: 0
WriteVtuFile: Writing entity IDs for bodies and boundaries
WriteVtuFile: Writing coordinates for each used node
WriteVtuFile: Writing the elemental connectivity data
WriteVtuFile: Writing nodal fields
WriteVtuFile: Saving 1-component variable: potential
WriteVtuFile: Saving 1-component variable: joule heating
WriteVtuFile: Saving 1-component variable: temperature
WriteVtuFile: Saving 1-component variable: temperature loads
WriteVtuFile: Saving 3-component variable: volume current
WriteVtuFile: Writing elemental fields
AscBinWriteFree: Terminating buffered ascii/binary writing
VtuOutputSolver: All done for now
ResultOutputSolver: -------------------------------------
MAIN: 
MAIN: -------------------------------------
MAIN:  Steady state iteration:            2
MAIN: -------------------------------------
MAIN: 
SingleSolver: Attempting to call solver: 1
SingleSolver: Solver Equation string is: stat current
StatCurrentSolve: -------------------------------------
StatCurrentSolve: STAT CURRENT SOLVER:
StatCurrentSolve: -------------------------------------
DefaultStart: Starting solver: stat current
StatElecSolve: Starting Assembly...
DefUtils::DefaultDirichletBCs: Setting Dirichlet boundary conditions
EnforceDirichletConditions: Enforcing total of 53 Dirichlet conditions.
EnforceDirichletConditions: Applying Dirichlet conditions using scaled diagonal
ScaleLinearSystem: Creating > DiagScaling < vector of size 3145
EnforceDirichletConditions: Dirichlet conditions enforced for dofs: 53
StatCurrentSolve:  Assembly (s)          :  0.23062700000000014
DefaultSolve: Solving linear system with default routines
SolveSystem: Solving linear system
SolveLinearSystem: Assuming real valued linear system
SolveLinearSystem: Assuming serial linear system
ScaleLinearSystem: Creating > DiagScaling < vector of size 3145
SolveLinearSystem: Serial linear System Solver: direct
DirectSolver: Using direct method: umfpack
ComputeNorm: Computing norm of solution
ComputeChange: NS (ITER=1) (NRM,RELC): ( 0.16837520E-01 0.36547540     ) :: stat current
StatCurrentSolve:  Solve (s)             :   6.0989999999998545E-003
StatCurrentSolve:  Total Heating Power   :  0.36708527155985049
DefaultFinish: Finished solver: stat current
ComputeNorm: Computing norm of solution
ComputeChange: SS (ITER=2) (NRM,RELC): ( 0.16837520E-01 0.36547540     ) :: stat current
SingleSolver: Attempting to call solver: 2
SingleSolver: Solver Equation string is: heat equation
HeatSolver: -------------------------------------------
HeatSolver: Solving the energy equation for temperature
DefaultStart: Starting solver: heat equation
HeatSolve: 
HeatSolve: 
HeatSolve: -------------------------------------
HeatSolve:  TEMPERATURE ITERATION           1
HeatSolve: -------------------------------------
HeatSolve: 
HeatSolve: Starting Assembly...
HeatSolve: Assembly:
: .Saving bulk values for: heat equation
HeatSolve: Assembly done
DefUtils::DefaultDirichletBCs: Setting Dirichlet boundary conditions
EnforceDirichletConditions: No Dirichlet conditions to enforce, exiting!
DefaultSolve: Solving linear system with default routines
SolveSystem: Solving linear system
SolveLinearSystem: Assuming real valued linear system
SolveLinearSystem: Assuming serial linear system
ScaleLinearSystem: Creating > DiagScaling < vector of size 22258
SolveLinearSystem: Serial linear System Solver: direct
DirectSolver: Using direct method: umfpack
SolveLinearSystem: Calculating nodal loads for: temperature
CalculateLoads: Computing boundary fluxes from nodal loads
WARNING:: CalculateLoads: Boundary 1 includes inseparable dofs!
CalculateLoads: temperature Flux over BC 1: -1.27568E-01
WARNING:: CalculateLoads: Boundary 2 includes inseparable dofs!
CalculateLoads: temperature Flux over BC 2: -8.28536E-02
WARNING:: CalculateLoads: Boundary 3 includes inseparable dofs!
CalculateLoads: temperature Flux over BC 3: -1.56664E-01
CalculateLoads: temperature Flux over all BCs: -3.67085E-01
ComputeNorm: Computing norm of solution
ComputeChange: NS (ITER=1) (NRM,RELC): (  495.50157     0.72407434E-01 ) :: heat equation
HeatSolve: iter:    1 Assembly: (s)    1.32    1.32
HeatSolve: iter:    1 Solve:    (s)    0.86    0.86
HeatSolve:  Result Norm   :    495.50157456244028
HeatSolve:  Relative Change :    7.2407434065600768E-002
DefaultFinish: Finished solver: heat equation
ComputeNorm: Computing norm of solution
ComputeChange: SS (ITER=2) (NRM,RELC): (  495.50157     0.72407434E-01 ) :: heat equation
SingleSolver: Attempting to call solver: 0
SingleSolver: Solver Equation string is: internalvtuoutputsolver
ResultOutputSolver: -------------------------------------
ResultOutputSolver: Dimension of mesh is: 3
ResultOutputSolver: Working on mesh 1: neck with 22258 nodes
ResultOutputSolver: Saving in unstructured VTK XML (.vtu) format
VtuOutputSolver: Full filename base is: neck/neck
GenerateSaveMask: Number of active elements 128047 out of 128047
GenerateSaveMask: Number of geometry nodes 22258 out of 22258
VtuOutputSolver: Setting offset for boundary entities: 100
VtuOutputSolver: Writing the vtu file: neck/neck_t0002.vtu
AscBinWriteInit: Initializing buffered ascii/binary writing
AscBinWriteInit: Writing in binary
AscBinWriteInit: Writing in double precision
AscBinWriteInit: Writing to unit number: 58
AscBinWriteInit: Size of buffer is: 22258
WriteVtuFile: Writing nodal fields
WriteVtuFile: Saving 1-component variable: potential
WriteVtuFile: Saving 1-component variable: joule heating
WriteVtuFile: Saving 1-component variable: temperature
WriteVtuFile: Saving 1-component variable: temperature loads
WriteVtuFile: Saving 3-component variable: volume current
WriteVtuFile: Number of nodal fields written: 5
WriteVtuFile: Writing elemental fields
WriteVtuFile: Number of elemental fields written: 0
WriteVtuFile: Writing entity IDs for bodies and boundaries
WriteVtuFile: Writing coordinates for each used node
WriteVtuFile: Writing the elemental connectivity data
WriteVtuFile: Writing nodal fields
WriteVtuFile: Saving 1-component variable: potential
WriteVtuFile: Saving 1-component variable: joule heating
WriteVtuFile: Saving 1-component variable: temperature
WriteVtuFile: Saving 1-component variable: temperature loads
WriteVtuFile: Saving 3-component variable: volume current
WriteVtuFile: Writing elemental fields
AscBinWriteFree: Terminating buffered ascii/binary writing
VtuOutputSolver: All done for now
ResultOutputSolver: -------------------------------------
MAIN: 
MAIN: -------------------------------------
MAIN:  Steady state iteration:            3
MAIN: -------------------------------------
MAIN: 
SingleSolver: Attempting to call solver: 1
SingleSolver: Solver Equation string is: stat current
StatCurrentSolve: -------------------------------------
StatCurrentSolve: STAT CURRENT SOLVER:
StatCurrentSolve: -------------------------------------
DefaultStart: Starting solver: stat current
StatElecSolve: Starting Assembly...
DefUtils::DefaultDirichletBCs: Setting Dirichlet boundary conditions
EnforceDirichletConditions: Enforcing total of 53 Dirichlet conditions.
EnforceDirichletConditions: Applying Dirichlet conditions using scaled diagonal
ScaleLinearSystem: Creating > DiagScaling < vector of size 3145
EnforceDirichletConditions: Dirichlet conditions enforced for dofs: 53
StatCurrentSolve:  Assembly (s)          :  0.23148500000000016
DefaultSolve: Solving linear system with default routines
SolveSystem: Solving linear system
SolveLinearSystem: Assuming real valued linear system
SolveLinearSystem: Assuming serial linear system
ScaleLinearSystem: Creating > DiagScaling < vector of size 3145
SolveLinearSystem: Serial linear System Solver: direct
DirectSolver: Using direct method: umfpack
ComputeNorm: Computing norm of solution
ComputeChange: NS (ITER=1) (NRM,RELC): ( 0.18263564E-01 0.81253551E-01 ) :: stat current
StatCurrentSolve:  Solve (s)             :   6.5189999999999415E-003
StatCurrentSolve:  Total Heating Power   :  0.39803492567289700
DefaultFinish: Finished solver: stat current
ComputeNorm: Computing norm of solution
ComputeChange: SS (ITER=3) (NRM,RELC): ( 0.18263564E-01 0.81253551E-01 ) :: stat current
SingleSolver: Attempting to call solver: 2
SingleSolver: Solver Equation string is: heat equation
HeatSolver: -------------------------------------------
HeatSolver: Solving the energy equation for temperature
DefaultStart: Starting solver: heat equation
HeatSolve: 
HeatSolve: 
HeatSolve: -------------------------------------
HeatSolve:  TEMPERATURE ITERATION           1
HeatSolve: -------------------------------------
HeatSolve: 
HeatSolve: Starting Assembly...
HeatSolve: Assembly:
: .Saving bulk values for: heat equation
HeatSolve: Assembly done
DefUtils::DefaultDirichletBCs: Setting Dirichlet boundary conditions
EnforceDirichletConditions: No Dirichlet conditions to enforce, exiting!
DefaultSolve: Solving linear system with default routines
SolveSystem: Solving linear system
SolveLinearSystem: Assuming real valued linear system
SolveLinearSystem: Assuming serial linear system
ScaleLinearSystem: Creating > DiagScaling < vector of size 22258
SolveLinearSystem: Serial linear System Solver: direct
DirectSolver: Using direct method: umfpack
SolveLinearSystem: Calculating nodal loads for: temperature
CalculateLoads: Computing boundary fluxes from nodal loads
WARNING:: CalculateLoads: Boundary 1 includes inseparable dofs!
CalculateLoads: temperature Flux over BC 1: -1.39737E-01
WARNING:: CalculateLoads: Boundary 2 includes inseparable dofs!
CalculateLoads: temperature Flux over BC 2: -8.92969E-02
WARNING:: CalculateLoads: Boundary 3 includes inseparable dofs!
CalculateLoads: temperature Flux over BC 3: -1.69001E-01
CalculateLoads: temperature Flux over all BCs: -3.98035E-01
ComputeNorm: Computing norm of solution
ComputeChange: NS (ITER=1) (NRM,RELC): (  504.96387     0.18915778E-01 ) :: heat equation
HeatSolve: iter:    1 Assembly: (s)    1.33    1.33
HeatSolve: iter:    1 Solve:    (s)    0.89    0.89
HeatSolve:  Result Norm   :    504.96386572239533
HeatSolve:  Relative Change :    1.8915778154737859E-002
DefaultFinish: Finished solver: heat equation
ComputeNorm: Computing norm of solution
ComputeChange: SS (ITER=3) (NRM,RELC): (  504.96387     0.18915778E-01 ) :: heat equation
SingleSolver: Attempting to call solver: 0
SingleSolver: Solver Equation string is: internalvtuoutputsolver
ResultOutputSolver: -------------------------------------
ResultOutputSolver: Dimension of mesh is: 3
ResultOutputSolver: Working on mesh 1: neck with 22258 nodes
ResultOutputSolver: Saving in unstructured VTK XML (.vtu) format
VtuOutputSolver: Full filename base is: neck/neck
GenerateSaveMask: Number of active elements 128047 out of 128047
GenerateSaveMask: Number of geometry nodes 22258 out of 22258
VtuOutputSolver: Setting offset for boundary entities: 100
VtuOutputSolver: Writing the vtu file: neck/neck_t0003.vtu
AscBinWriteInit: Initializing buffered ascii/binary writing
AscBinWriteInit: Writing in binary
AscBinWriteInit: Writing in double precision
AscBinWriteInit: Writing to unit number: 58
AscBinWriteInit: Size of buffer is: 22258
WriteVtuFile: Writing nodal fields
WriteVtuFile: Saving 1-component variable: potential
WriteVtuFile: Saving 1-component variable: joule heating
WriteVtuFile: Saving 1-component variable: temperature
WriteVtuFile: Saving 1-component variable: temperature loads
WriteVtuFile: Saving 3-component variable: volume current
WriteVtuFile: Number of nodal fields written: 5
WriteVtuFile: Writing elemental fields
WriteVtuFile: Number of elemental fields written: 0
WriteVtuFile: Writing entity IDs for bodies and boundaries
WriteVtuFile: Writing coordinates for each used node
WriteVtuFile: Writing the elemental connectivity data
WriteVtuFile: Writing nodal fields
WriteVtuFile: Saving 1-component variable: potential
WriteVtuFile: Saving 1-component variable: joule heating
WriteVtuFile: Saving 1-component variable: temperature
WriteVtuFile: Saving 1-component variable: temperature loads
WriteVtuFile: Saving 3-component variable: volume current
WriteVtuFile: Writing elemental fields
AscBinWriteFree: Terminating buffered ascii/binary writing
VtuOutputSolver: All done for now
ResultOutputSolver: -------------------------------------
MAIN: 
MAIN: -------------------------------------
MAIN:  Steady state iteration:            4
MAIN: -------------------------------------
MAIN: 
SingleSolver: Attempting to call solver: 1
SingleSolver: Solver Equation string is: stat current
StatCurrentSolve: -------------------------------------
StatCurrentSolve: STAT CURRENT SOLVER:
StatCurrentSolve: -------------------------------------
DefaultStart: Starting solver: stat current
StatElecSolve: Starting Assembly...
DefUtils::DefaultDirichletBCs: Setting Dirichlet boundary conditions
EnforceDirichletConditions: Enforcing total of 53 Dirichlet conditions.
EnforceDirichletConditions: Applying Dirichlet conditions using scaled diagonal
ScaleLinearSystem: Creating > DiagScaling < vector of size 3145
EnforceDirichletConditions: Dirichlet conditions enforced for dofs: 53
StatCurrentSolve:  Assembly (s)          :  0.24405000000000143
DefaultSolve: Solving linear system with default routines
SolveSystem: Solving linear system
SolveLinearSystem: Assuming real valued linear system
SolveLinearSystem: Assuming serial linear system
ScaleLinearSystem: Creating > DiagScaling < vector of size 3145
SolveLinearSystem: Serial linear System Solver: direct
DirectSolver: Using direct method: umfpack
ComputeNorm: Computing norm of solution
ComputeChange: NS (ITER=1) (NRM,RELC): ( 0.18653387E-01 0.21118913E-01 ) :: stat current
StatCurrentSolve:  Solve (s)             :   8.9140000000007547E-003
StatCurrentSolve:  Total Heating Power   :  0.40649418272629978
DefaultFinish: Finished solver: stat current
ComputeNorm: Computing norm of solution
ComputeChange: SS (ITER=4) (NRM,RELC): ( 0.18653387E-01 0.21118913E-01 ) :: stat current
SingleSolver: Attempting to call solver: 2
SingleSolver: Solver Equation string is: heat equation
HeatSolver: -------------------------------------------
HeatSolver: Solving the energy equation for temperature
DefaultStart: Starting solver: heat equation
HeatSolve: 
HeatSolve: 
HeatSolve: -------------------------------------
HeatSolve:  TEMPERATURE ITERATION           1
HeatSolve: -------------------------------------
HeatSolve: 
HeatSolve: Starting Assembly...
HeatSolve: Assembly:
: .Saving bulk values for: heat equation
HeatSolve: Assembly done
DefUtils::DefaultDirichletBCs: Setting Dirichlet boundary conditions
EnforceDirichletConditions: No Dirichlet conditions to enforce, exiting!
DefaultSolve: Solving linear system with default routines
SolveSystem: Solving linear system
SolveLinearSystem: Assuming real valued linear system
SolveLinearSystem: Assuming serial linear system
ScaleLinearSystem: Creating > DiagScaling < vector of size 22258
SolveLinearSystem: Serial linear System Solver: direct
DirectSolver: Using direct method: umfpack
SolveLinearSystem: Calculating nodal loads for: temperature
CalculateLoads: Computing boundary fluxes from nodal loads
WARNING:: CalculateLoads: Boundary 1 includes inseparable dofs!
CalculateLoads: temperature Flux over BC 1: -1.43064E-01
WARNING:: CalculateLoads: Boundary 2 includes inseparable dofs!
CalculateLoads: temperature Flux over BC 2: -9.10581E-02
WARNING:: CalculateLoads: Boundary 3 includes inseparable dofs!
CalculateLoads: temperature Flux over BC 3: -1.72373E-01
CalculateLoads: temperature Flux over all BCs: -4.06494E-01
ComputeNorm: Computing norm of solution
ComputeChange: NS (ITER=1) (NRM,RELC): (  507.55018     0.51086901E-02 ) :: heat equation
HeatSolve: iter:    1 Assembly: (s)    1.34    1.34
HeatSolve: iter:    1 Solve:    (s)    0.93    0.93
HeatSolve:  Result Norm   :    507.55017594114770
HeatSolve:  Relative Change :    5.1086900770346078E-003
DefaultFinish: Finished solver: heat equation
ComputeNorm: Computing norm of solution
ComputeChange: SS (ITER=4) (NRM,RELC): (  507.55018     0.51086901E-02 ) :: heat equation
SingleSolver: Attempting to call solver: 0
SingleSolver: Solver Equation string is: internalvtuoutputsolver
ResultOutputSolver: -------------------------------------
ResultOutputSolver: Dimension of mesh is: 3
ResultOutputSolver: Working on mesh 1: neck with 22258 nodes
ResultOutputSolver: Saving in unstructured VTK XML (.vtu) format
VtuOutputSolver: Full filename base is: neck/neck
GenerateSaveMask: Number of active elements 128047 out of 128047
GenerateSaveMask: Number of geometry nodes 22258 out of 22258
VtuOutputSolver: Setting offset for boundary entities: 100
VtuOutputSolver: Writing the vtu file: neck/neck_t0004.vtu
AscBinWriteInit: Initializing buffered ascii/binary writing
AscBinWriteInit: Writing in binary
AscBinWriteInit: Writing in double precision
AscBinWriteInit: Writing to unit number: 58
AscBinWriteInit: Size of buffer is: 22258
WriteVtuFile: Writing nodal fields
WriteVtuFile: Saving 1-component variable: potential
WriteVtuFile: Saving 1-component variable: joule heating
WriteVtuFile: Saving 1-component variable: temperature
WriteVtuFile: Saving 1-component variable: temperature loads
WriteVtuFile: Saving 3-component variable: volume current
WriteVtuFile: Number of nodal fields written: 5
WriteVtuFile: Writing elemental fields
WriteVtuFile: Number of elemental fields written: 0
WriteVtuFile: Writing entity IDs for bodies and boundaries
WriteVtuFile: Writing coordinates for each used node
WriteVtuFile: Writing the elemental connectivity data
WriteVtuFile: Writing nodal fields
WriteVtuFile: Saving 1-component variable: potential
WriteVtuFile: Saving 1-component variable: joule heating
WriteVtuFile: Saving 1-component variable: temperature
WriteVtuFile: Saving 1-component variable: temperature loads
WriteVtuFile: Saving 3-component variable: volume current
WriteVtuFile: Writing elemental fields
AscBinWriteFree: Terminating buffered ascii/binary writing
VtuOutputSolver: All done for now
ResultOutputSolver: -------------------------------------
MAIN: 
MAIN: -------------------------------------
MAIN:  Steady state iteration:            5
MAIN: -------------------------------------
MAIN: 
SingleSolver: Attempting to call solver: 1
SingleSolver: Solver Equation string is: stat current
StatCurrentSolve: -------------------------------------
StatCurrentSolve: STAT CURRENT SOLVER:
StatCurrentSolve: -------------------------------------
DefaultStart: Starting solver: stat current
StatElecSolve: Starting Assembly...
DefUtils::DefaultDirichletBCs: Setting Dirichlet boundary conditions
EnforceDirichletConditions: Enforcing total of 53 Dirichlet conditions.
EnforceDirichletConditions: Applying Dirichlet conditions using scaled diagonal
ScaleLinearSystem: Creating > DiagScaling < vector of size 3145
EnforceDirichletConditions: Dirichlet conditions enforced for dofs: 53
StatCurrentSolve:  Assembly (s)          :  0.27484199999999959
DefaultSolve: Solving linear system with default routines
SolveSystem: Solving linear system
SolveLinearSystem: Assuming real valued linear system
SolveLinearSystem: Assuming serial linear system
ScaleLinearSystem: Creating > DiagScaling < vector of size 3145
SolveLinearSystem: Serial linear System Solver: direct
DirectSolver: Using direct method: umfpack
ComputeNorm: Computing norm of solution
ComputeChange: NS (ITER=1) (NRM,RELC): ( 0.18759936E-01 0.56958183E-02 ) :: stat current
StatCurrentSolve:  Solve (s)             :   9.1009999999993596E-003
StatCurrentSolve:  Total Heating Power   :  0.40880632495375752
DefaultFinish: Finished solver: stat current
ComputeNorm: Computing norm of solution
ComputeChange: SS (ITER=5) (NRM,RELC): ( 0.18759936E-01 0.56958183E-02 ) :: stat current
SingleSolver: Attempting to call solver: 2
SingleSolver: Solver Equation string is: heat equation
HeatSolver: -------------------------------------------
HeatSolver: Solving the energy equation for temperature
DefaultStart: Starting solver: heat equation
HeatSolve: 
HeatSolve: 
HeatSolve: -------------------------------------
HeatSolve:  TEMPERATURE ITERATION           1
HeatSolve: -------------------------------------
HeatSolve: 
HeatSolve: Starting Assembly...
HeatSolve: Assembly:
: .Saving bulk values for: heat equation
HeatSolve: Assembly done
DefUtils::DefaultDirichletBCs: Setting Dirichlet boundary conditions
EnforceDirichletConditions: No Dirichlet conditions to enforce, exiting!
DefaultSolve: Solving linear system with default routines
SolveSystem: Solving linear system
SolveLinearSystem: Assuming real valued linear system
SolveLinearSystem: Assuming serial linear system
ScaleLinearSystem: Creating > DiagScaling < vector of size 22258
SolveLinearSystem: Serial linear System Solver: direct
DirectSolver: Using direct method: umfpack
SolveLinearSystem: Calculating nodal loads for: temperature
CalculateLoads: Computing boundary fluxes from nodal loads
WARNING:: CalculateLoads: Boundary 1 includes inseparable dofs!
CalculateLoads: temperature Flux over BC 1: -1.43973E-01
WARNING:: CalculateLoads: Boundary 2 includes inseparable dofs!
CalculateLoads: temperature Flux over BC 2: -9.15394E-02
WARNING:: CalculateLoads: Boundary 3 includes inseparable dofs!
CalculateLoads: temperature Flux over BC 3: -1.73294E-01
CalculateLoads: temperature Flux over all BCs: -4.08806E-01
ComputeNorm: Computing norm of solution
ComputeChange: NS (ITER=1) (NRM,RELC): (  508.25709     0.13918200E-02 ) :: heat equation
HeatSolve: iter:    1 Assembly: (s)    1.36    1.36
HeatSolve: iter:    1 Solve:    (s)    0.86    0.86
HeatSolve:  Result Norm   :    508.25708638145829
HeatSolve:  Relative Change :    1.3918200165142925E-003
DefaultFinish: Finished solver: heat equation
ComputeNorm: Computing norm of solution
ComputeChange: SS (ITER=5) (NRM,RELC): (  508.25709     0.13918200E-02 ) :: heat equation
SingleSolver: Attempting to call solver: 0
SingleSolver: Solver Equation string is: internalvtuoutputsolver
ResultOutputSolver: -------------------------------------
ResultOutputSolver: Dimension of mesh is: 3
ResultOutputSolver: Working on mesh 1: neck with 22258 nodes
ResultOutputSolver: Saving in unstructured VTK XML (.vtu) format
VtuOutputSolver: Full filename base is: neck/neck
GenerateSaveMask: Number of active elements 128047 out of 128047
GenerateSaveMask: Number of geometry nodes 22258 out of 22258
VtuOutputSolver: Setting offset for boundary entities: 100
VtuOutputSolver: Writing the vtu file: neck/neck_t0005.vtu
AscBinWriteInit: Initializing buffered ascii/binary writing
AscBinWriteInit: Writing in binary
AscBinWriteInit: Writing in double precision
AscBinWriteInit: Writing to unit number: 58
AscBinWriteInit: Size of buffer is: 22258
WriteVtuFile: Writing nodal fields
WriteVtuFile: Saving 1-component variable: potential
WriteVtuFile: Saving 1-component variable: joule heating
WriteVtuFile: Saving 1-component variable: temperature
WriteVtuFile: Saving 1-component variable: temperature loads
WriteVtuFile: Saving 3-component variable: volume current
WriteVtuFile: Number of nodal fields written: 5
WriteVtuFile: Writing elemental fields
WriteVtuFile: Number of elemental fields written: 0
WriteVtuFile: Writing entity IDs for bodies and boundaries
WriteVtuFile: Writing coordinates for each used node
WriteVtuFile: Writing the elemental connectivity data
WriteVtuFile: Writing nodal fields
WriteVtuFile: Saving 1-component variable: potential
WriteVtuFile: Saving 1-component variable: joule heating
WriteVtuFile: Saving 1-component variable: temperature
WriteVtuFile: Saving 1-component variable: temperature loads
WriteVtuFile: Saving 3-component variable: volume current
WriteVtuFile: Writing elemental fields
AscBinWriteFree: Terminating buffered ascii/binary writing
VtuOutputSolver: All done for now
ResultOutputSolver: -------------------------------------
MAIN: 
MAIN: -------------------------------------
MAIN:  Steady state iteration:            6
MAIN: -------------------------------------
MAIN: 
SingleSolver: Attempting to call solver: 1
SingleSolver: Solver Equation string is: stat current
StatCurrentSolve: -------------------------------------
StatCurrentSolve: STAT CURRENT SOLVER:
StatCurrentSolve: -------------------------------------
DefaultStart: Starting solver: stat current
StatElecSolve: Starting Assembly...
DefUtils::DefaultDirichletBCs: Setting Dirichlet boundary conditions
EnforceDirichletConditions: Enforcing total of 53 Dirichlet conditions.
EnforceDirichletConditions: Applying Dirichlet conditions using scaled diagonal
ScaleLinearSystem: Creating > DiagScaling < vector of size 3145
EnforceDirichletConditions: Dirichlet conditions enforced for dofs: 53
StatCurrentSolve:  Assembly (s)          :  0.22889400000000037
DefaultSolve: Solving linear system with default routines
SolveSystem: Solving linear system
SolveLinearSystem: Assuming real valued linear system
SolveLinearSystem: Assuming serial linear system
ScaleLinearSystem: Creating > DiagScaling < vector of size 3145
SolveLinearSystem: Serial linear System Solver: direct
DirectSolver: Using direct method: umfpack
ComputeNorm: Computing norm of solution
ComputeChange: NS (ITER=1) (NRM,RELC): ( 0.18789059E-01 0.15511965E-02 ) :: stat current
StatCurrentSolve:  Solve (s)             :   6.1360000000014736E-003
StatCurrentSolve:  Total Heating Power   :  0.40943829588751163
DefaultFinish: Finished solver: stat current
ComputeNorm: Computing norm of solution
ComputeChange: SS (ITER=6) (NRM,RELC): ( 0.18789059E-01 0.15511965E-02 ) :: stat current
SingleSolver: Attempting to call solver: 2
SingleSolver: Solver Equation string is: heat equation
HeatSolver: -------------------------------------------
HeatSolver: Solving the energy equation for temperature
DefaultStart: Starting solver: heat equation
HeatSolve: 
HeatSolve: 
HeatSolve: -------------------------------------
HeatSolve:  TEMPERATURE ITERATION           1
HeatSolve: -------------------------------------
HeatSolve: 
HeatSolve: Starting Assembly...
HeatSolve: Assembly:
: .Saving bulk values for: heat equation
HeatSolve: Assembly done
DefUtils::DefaultDirichletBCs: Setting Dirichlet boundary conditions
EnforceDirichletConditions: No Dirichlet conditions to enforce, exiting!
DefaultSolve: Solving linear system with default routines
SolveSystem: Solving linear system
SolveLinearSystem: Assuming real valued linear system
SolveLinearSystem: Assuming serial linear system
ScaleLinearSystem: Creating > DiagScaling < vector of size 22258
SolveLinearSystem: Serial linear System Solver: direct
DirectSolver: Using direct method: umfpack
SolveLinearSystem: Calculating nodal loads for: temperature
CalculateLoads: Computing boundary fluxes from nodal loads
WARNING:: CalculateLoads: Boundary 1 includes inseparable dofs!
CalculateLoads: temperature Flux over BC 1: -1.44221E-01
WARNING:: CalculateLoads: Boundary 2 includes inseparable dofs!
CalculateLoads: temperature Flux over BC 2: -9.16710E-02
WARNING:: CalculateLoads: Boundary 3 includes inseparable dofs!
CalculateLoads: temperature Flux over BC 3: -1.73546E-01
CalculateLoads: temperature Flux over all BCs: -4.09438E-01
ComputeNorm: Computing norm of solution
ComputeChange: NS (ITER=1) (NRM,RELC): (  508.45030     0.38008553E-03 ) :: heat equation
HeatSolve: iter:    1 Assembly: (s)    1.33    1.33
HeatSolve: iter:    1 Solve:    (s)    0.86    0.86
HeatSolve:  Result Norm   :    508.45030426703602
HeatSolve:  Relative Change :    3.8008553366467051E-004
DefaultFinish: Finished solver: heat equation
ComputeNorm: Computing norm of solution
ComputeChange: SS (ITER=6) (NRM,RELC): (  508.45030     0.38008553E-03 ) :: heat equation
SingleSolver: Attempting to call solver: 0
SingleSolver: Solver Equation string is: internalvtuoutputsolver
ResultOutputSolver: -------------------------------------
ResultOutputSolver: Dimension of mesh is: 3
ResultOutputSolver: Working on mesh 1: neck with 22258 nodes
ResultOutputSolver: Saving in unstructured VTK XML (.vtu) format
VtuOutputSolver: Full filename base is: neck/neck
GenerateSaveMask: Number of active elements 128047 out of 128047
GenerateSaveMask: Number of geometry nodes 22258 out of 22258
VtuOutputSolver: Setting offset for boundary entities: 100
VtuOutputSolver: Writing the vtu file: neck/neck_t0006.vtu
AscBinWriteInit: Initializing buffered ascii/binary writing
AscBinWriteInit: Writing in binary
AscBinWriteInit: Writing in double precision
AscBinWriteInit: Writing to unit number: 58
AscBinWriteInit: Size of buffer is: 22258
WriteVtuFile: Writing nodal fields
WriteVtuFile: Saving 1-component variable: potential
WriteVtuFile: Saving 1-component variable: joule heating
WriteVtuFile: Saving 1-component variable: temperature
WriteVtuFile: Saving 1-component variable: temperature loads
WriteVtuFile: Saving 3-component variable: volume current
WriteVtuFile: Number of nodal fields written: 5
WriteVtuFile: Writing elemental fields
WriteVtuFile: Number of elemental fields written: 0
WriteVtuFile: Writing entity IDs for bodies and boundaries
WriteVtuFile: Writing coordinates for each used node
WriteVtuFile: Writing the elemental connectivity data
WriteVtuFile: Writing nodal fields
WriteVtuFile: Saving 1-component variable: potential
WriteVtuFile: Saving 1-component variable: joule heating
WriteVtuFile: Saving 1-component variable: temperature
WriteVtuFile: Saving 1-component variable: temperature loads
WriteVtuFile: Saving 3-component variable: volume current
WriteVtuFile: Writing elemental fields
AscBinWriteFree: Terminating buffered ascii/binary writing
VtuOutputSolver: All done for now
ResultOutputSolver: -------------------------------------
MAIN: 
MAIN: -------------------------------------
MAIN:  Steady state iteration:            7
MAIN: -------------------------------------
MAIN: 
SingleSolver: Attempting to call solver: 1
SingleSolver: Solver Equation string is: stat current
StatCurrentSolve: -------------------------------------
StatCurrentSolve: STAT CURRENT SOLVER:
StatCurrentSolve: -------------------------------------
DefaultStart: Starting solver: stat current
StatElecSolve: Starting Assembly...
DefUtils::DefaultDirichletBCs: Setting Dirichlet boundary conditions
EnforceDirichletConditions: Enforcing total of 53 Dirichlet conditions.
EnforceDirichletConditions: Applying Dirichlet conditions using scaled diagonal
ScaleLinearSystem: Creating > DiagScaling < vector of size 3145
EnforceDirichletConditions: Dirichlet conditions enforced for dofs: 53
StatCurrentSolve:  Assembly (s)          :  0.23018599999999978
DefaultSolve: Solving linear system with default routines
SolveSystem: Solving linear system
SolveLinearSystem: Assuming real valued linear system
SolveLinearSystem: Assuming serial linear system
ScaleLinearSystem: Creating > DiagScaling < vector of size 3145
SolveLinearSystem: Serial linear System Solver: direct
DirectSolver: Using direct method: umfpack
ComputeNorm: Computing norm of solution
ComputeChange: NS (ITER=1) (NRM,RELC): ( 0.18797020E-01 0.42356564E-03 ) :: stat current
StatCurrentSolve:  Solve (s)             :   5.8940000000013981E-003
StatCurrentSolve:  Total Heating Power   :  0.40961103061980153
DefaultFinish: Finished solver: stat current
ComputeNorm: Computing norm of solution
ComputeChange: SS (ITER=7) (NRM,RELC): ( 0.18797020E-01 0.42356564E-03 ) :: stat current
SingleSolver: Attempting to call solver: 2
SingleSolver: Solver Equation string is: heat equation
HeatSolver: -------------------------------------------
HeatSolver: Solving the energy equation for temperature
DefaultStart: Starting solver: heat equation
HeatSolve: 
HeatSolve: 
HeatSolve: -------------------------------------
HeatSolve:  TEMPERATURE ITERATION           1
HeatSolve: -------------------------------------
HeatSolve: 
HeatSolve: Starting Assembly...
HeatSolve: Assembly:
: .Saving bulk values for: heat equation
HeatSolve: Assembly done
DefUtils::DefaultDirichletBCs: Setting Dirichlet boundary conditions
EnforceDirichletConditions: No Dirichlet conditions to enforce, exiting!
DefaultSolve: Solving linear system with default routines
SolveSystem: Solving linear system
SolveLinearSystem: Assuming real valued linear system
SolveLinearSystem: Assuming serial linear system
ScaleLinearSystem: Creating > DiagScaling < vector of size 22258
SolveLinearSystem: Serial linear System Solver: direct
DirectSolver: Using direct method: umfpack
SolveLinearSystem: Calculating nodal loads for: temperature
CalculateLoads: Computing boundary fluxes from nodal loads
WARNING:: CalculateLoads: Boundary 1 includes inseparable dofs!
CalculateLoads: temperature Flux over BC 1: -1.44289E-01
WARNING:: CalculateLoads: Boundary 2 includes inseparable dofs!
CalculateLoads: temperature Flux over BC 2: -9.17070E-02
WARNING:: CalculateLoads: Boundary 3 includes inseparable dofs!
CalculateLoads: temperature Flux over BC 3: -1.73615E-01
CalculateLoads: temperature Flux over all BCs: -4.09611E-01
ComputeNorm: Computing norm of solution
ComputeChange: NS (ITER=1) (NRM,RELC): (  508.50312     0.10386254E-03 ) :: heat equation
HeatSolve: iter:    1 Assembly: (s)    1.34    1.34
HeatSolve: iter:    1 Solve:    (s)    0.87    0.87
HeatSolve:  Result Norm   :    508.50311594814957
HeatSolve:  Relative Change :    1.0386253699285149E-004
DefaultFinish: Finished solver: heat equation
ComputeNorm: Computing norm of solution
ComputeChange: SS (ITER=7) (NRM,RELC): (  508.50312     0.10386254E-03 ) :: heat equation
SingleSolver: Attempting to call solver: 0
SingleSolver: Solver Equation string is: internalvtuoutputsolver
ResultOutputSolver: -------------------------------------
ResultOutputSolver: Dimension of mesh is: 3
ResultOutputSolver: Working on mesh 1: neck with 22258 nodes
ResultOutputSolver: Saving in unstructured VTK XML (.vtu) format
VtuOutputSolver: Full filename base is: neck/neck
GenerateSaveMask: Number of active elements 128047 out of 128047
GenerateSaveMask: Number of geometry nodes 22258 out of 22258
VtuOutputSolver: Setting offset for boundary entities: 100
VtuOutputSolver: Writing the vtu file: neck/neck_t0007.vtu
AscBinWriteInit: Initializing buffered ascii/binary writing
AscBinWriteInit: Writing in binary
AscBinWriteInit: Writing in double precision
AscBinWriteInit: Writing to unit number: 58
AscBinWriteInit: Size of buffer is: 22258
WriteVtuFile: Writing nodal fields
WriteVtuFile: Saving 1-component variable: potential
WriteVtuFile: Saving 1-component variable: joule heating
WriteVtuFile: Saving 1-component variable: temperature
WriteVtuFile: Saving 1-component variable: temperature loads
WriteVtuFile: Saving 3-component variable: volume current
WriteVtuFile: Number of nodal fields written: 5
WriteVtuFile: Writing elemental fields
WriteVtuFile: Number of elemental fields written: 0
WriteVtuFile: Writing entity IDs for bodies and boundaries
WriteVtuFile: Writing coordinates for each used node
WriteVtuFile: Writing the elemental connectivity data
WriteVtuFile: Writing nodal fields
WriteVtuFile: Saving 1-component variable: potential
WriteVtuFile: Saving 1-component variable: joule heating
WriteVtuFile: Saving 1-component variable: temperature
WriteVtuFile: Saving 1-component variable: temperature loads
WriteVtuFile: Saving 3-component variable: volume current
WriteVtuFile: Writing elemental fields
AscBinWriteFree: Terminating buffered ascii/binary writing
VtuOutputSolver: All done for now
ResultOutputSolver: -------------------------------------
MAIN: 
MAIN: -------------------------------------
MAIN:  Steady state iteration:            8
MAIN: -------------------------------------
MAIN: 
SingleSolver: Attempting to call solver: 1
SingleSolver: Solver Equation string is: stat current
StatCurrentSolve: -------------------------------------
StatCurrentSolve: STAT CURRENT SOLVER:
StatCurrentSolve: -------------------------------------
DefaultStart: Starting solver: stat current
StatElecSolve: Starting Assembly...
DefUtils::DefaultDirichletBCs: Setting Dirichlet boundary conditions
EnforceDirichletConditions: Enforcing total of 53 Dirichlet conditions.
EnforceDirichletConditions: Applying Dirichlet conditions using scaled diagonal
ScaleLinearSystem: Creating > DiagScaling < vector of size 3145
EnforceDirichletConditions: Dirichlet conditions enforced for dofs: 53
StatCurrentSolve:  Assembly (s)          :  0.22928099999999674
DefaultSolve: Solving linear system with default routines
SolveSystem: Solving linear system
SolveLinearSystem: Assuming real valued linear system
SolveLinearSystem: Assuming serial linear system
ScaleLinearSystem: Creating > DiagScaling < vector of size 3145
SolveLinearSystem: Serial linear System Solver: direct
DirectSolver: Using direct method: umfpack
ComputeNorm: Computing norm of solution
ComputeChange: NS (ITER=1) (NRM,RELC): ( 0.18799195E-01 0.11574072E-03 ) :: stat current
StatCurrentSolve:  Solve (s)             :   5.8399999999991792E-003
StatCurrentSolve:  Total Heating Power   :  0.40965824368975978
DefaultFinish: Finished solver: stat current
ComputeNorm: Computing norm of solution
ComputeChange: SS (ITER=8) (NRM,RELC): ( 0.18799195E-01 0.11574072E-03 ) :: stat current
SingleSolver: Attempting to call solver: 2
SingleSolver: Solver Equation string is: heat equation
HeatSolver: -------------------------------------------
HeatSolver: Solving the energy equation for temperature
DefaultStart: Starting solver: heat equation
HeatSolve: 
HeatSolve: 
HeatSolve: -------------------------------------
HeatSolve:  TEMPERATURE ITERATION           1
HeatSolve: -------------------------------------
HeatSolve: 
HeatSolve: Starting Assembly...
HeatSolve: Assembly:
: .Saving bulk values for: heat equation
HeatSolve: Assembly done
DefUtils::DefaultDirichletBCs: Setting Dirichlet boundary conditions
EnforceDirichletConditions: No Dirichlet conditions to enforce, exiting!
DefaultSolve: Solving linear system with default routines
SolveSystem: Solving linear system
SolveLinearSystem: Assuming real valued linear system
SolveLinearSystem: Assuming serial linear system
ScaleLinearSystem: Creating > DiagScaling < vector of size 22258
SolveLinearSystem: Serial linear System Solver: direct
DirectSolver: Using direct method: umfpack
SolveLinearSystem: Calculating nodal loads for: temperature
CalculateLoads: Computing boundary fluxes from nodal loads
WARNING:: CalculateLoads: Boundary 1 includes inseparable dofs!
CalculateLoads: temperature Flux over BC 1: -1.44308E-01
WARNING:: CalculateLoads: Boundary 2 includes inseparable dofs!
CalculateLoads: temperature Flux over BC 2: -9.17168E-02
WARNING:: CalculateLoads: Boundary 3 includes inseparable dofs!
CalculateLoads: temperature Flux over BC 3: -1.73634E-01
CalculateLoads: temperature Flux over all BCs: -4.09658E-01
ComputeNorm: Computing norm of solution
ComputeChange: NS (ITER=1) (NRM,RELC): (  508.51755     0.28386563E-04 ) :: heat equation
HeatSolve: iter:    1 Assembly: (s)    1.33    1.33
HeatSolve: iter:    1 Solve:    (s)    0.86    0.86
HeatSolve:  Result Norm   :    508.51755080858067
HeatSolve:  Relative Change :    2.8386562639139904E-005
DefaultFinish: Finished solver: heat equation
ComputeNorm: Computing norm of solution
ComputeChange: SS (ITER=8) (NRM,RELC): (  508.51755     0.28386563E-04 ) :: heat equation
SingleSolver: Attempting to call solver: 0
SingleSolver: Solver Equation string is: internalvtuoutputsolver
ResultOutputSolver: -------------------------------------
ResultOutputSolver: Dimension of mesh is: 3
ResultOutputSolver: Working on mesh 1: neck with 22258 nodes
ResultOutputSolver: Saving in unstructured VTK XML (.vtu) format
VtuOutputSolver: Full filename base is: neck/neck
GenerateSaveMask: Number of active elements 128047 out of 128047
GenerateSaveMask: Number of geometry nodes 22258 out of 22258
VtuOutputSolver: Setting offset for boundary entities: 100
VtuOutputSolver: Writing the vtu file: neck/neck_t0008.vtu
AscBinWriteInit: Initializing buffered ascii/binary writing
AscBinWriteInit: Writing in binary
AscBinWriteInit: Writing in double precision
AscBinWriteInit: Writing to unit number: 58
AscBinWriteInit: Size of buffer is: 22258
WriteVtuFile: Writing nodal fields
WriteVtuFile: Saving 1-component variable: potential
WriteVtuFile: Saving 1-component variable: joule heating
WriteVtuFile: Saving 1-component variable: temperature
WriteVtuFile: Saving 1-component variable: temperature loads
WriteVtuFile: Saving 3-component variable: volume current
WriteVtuFile: Number of nodal fields written: 5
WriteVtuFile: Writing elemental fields
WriteVtuFile: Number of elemental fields written: 0
WriteVtuFile: Writing entity IDs for bodies and boundaries
WriteVtuFile: Writing coordinates for each used node
WriteVtuFile: Writing the elemental connectivity data
WriteVtuFile: Writing nodal fields
WriteVtuFile: Saving 1-component variable: potential
WriteVtuFile: Saving 1-component variable: joule heating
WriteVtuFile: Saving 1-component variable: temperature
WriteVtuFile: Saving 1-component variable: temperature loads
WriteVtuFile: Saving 3-component variable: volume current
WriteVtuFile: Writing elemental fields
AscBinWriteFree: Terminating buffered ascii/binary writing
VtuOutputSolver: All done for now
ResultOutputSolver: -------------------------------------
MAIN: 
MAIN: -------------------------------------
MAIN:  Steady state iteration:            9
MAIN: -------------------------------------
MAIN: 
SingleSolver: Attempting to call solver: 1
SingleSolver: Solver Equation string is: stat current
StatCurrentSolve: -------------------------------------
StatCurrentSolve: STAT CURRENT SOLVER:
StatCurrentSolve: -------------------------------------
DefaultStart: Starting solver: stat current
StatElecSolve: Starting Assembly...
DefUtils::DefaultDirichletBCs: Setting Dirichlet boundary conditions
EnforceDirichletConditions: Enforcing total of 53 Dirichlet conditions.
EnforceDirichletConditions: Applying Dirichlet conditions using scaled diagonal
ScaleLinearSystem: Creating > DiagScaling < vector of size 3145
EnforceDirichletConditions: Dirichlet conditions enforced for dofs: 53
StatCurrentSolve:  Assembly (s)          :  0.22717099999999846
DefaultSolve: Solving linear system with default routines
SolveSystem: Solving linear system
SolveLinearSystem: Assuming real valued linear system
SolveLinearSystem: Assuming serial linear system
ScaleLinearSystem: Creating > DiagScaling < vector of size 3145
SolveLinearSystem: Serial linear System Solver: direct
DirectSolver: Using direct method: umfpack
ComputeNorm: Computing norm of solution
ComputeChange: NS (ITER=1) (NRM,RELC): ( 0.18799790E-01 0.31632736E-04 ) :: stat current
StatCurrentSolve:  Solve (s)             :   5.8740000000021553E-003
StatCurrentSolve:  Total Heating Power   :  0.40967114829740003
DefaultFinish: Finished solver: stat current
ComputeNorm: Computing norm of solution
ComputeChange: SS (ITER=9) (NRM,RELC): ( 0.18799790E-01 0.31632736E-04 ) :: stat current
SingleSolver: Attempting to call solver: 2
SingleSolver: Solver Equation string is: heat equation
HeatSolver: -------------------------------------------
HeatSolver: Solving the energy equation for temperature
DefaultStart: Starting solver: heat equation
HeatSolve: 
HeatSolve: 
HeatSolve: -------------------------------------
HeatSolve:  TEMPERATURE ITERATION           1
HeatSolve: -------------------------------------
HeatSolve: 
HeatSolve: Starting Assembly...
HeatSolve: Assembly:
: .Saving bulk values for: heat equation
HeatSolve: Assembly done
DefUtils::DefaultDirichletBCs: Setting Dirichlet boundary conditions
EnforceDirichletConditions: No Dirichlet conditions to enforce, exiting!
DefaultSolve: Solving linear system with default routines
SolveSystem: Solving linear system
SolveLinearSystem: Assuming real valued linear system
SolveLinearSystem: Assuming serial linear system
ScaleLinearSystem: Creating > DiagScaling < vector of size 22258
SolveLinearSystem: Serial linear System Solver: direct
DirectSolver: Using direct method: umfpack
SolveLinearSystem: Calculating nodal loads for: temperature
CalculateLoads: Computing boundary fluxes from nodal loads
WARNING:: CalculateLoads: Boundary 1 includes inseparable dofs!
CalculateLoads: temperature Flux over BC 1: -1.44313E-01
WARNING:: CalculateLoads: Boundary 2 includes inseparable dofs!
CalculateLoads: temperature Flux over BC 2: -9.17195E-02
WARNING:: CalculateLoads: Boundary 3 includes inseparable dofs!
CalculateLoads: temperature Flux over BC 3: -1.73639E-01
CalculateLoads: temperature Flux over all BCs: -4.09671E-01
ComputeNorm: Computing norm of solution
ComputeChange: NS (ITER=1) (NRM,RELC): (  508.52150     0.77586744E-05 ) :: heat equation
HeatSolve: iter:    1 Assembly: (s)    1.35    1.35
HeatSolve: iter:    1 Solve:    (s)    0.86    0.86
HeatSolve:  Result Norm   :    508.52149624601259
HeatSolve:  Relative Change :    7.7586744448989713E-006
DefaultFinish: Finished solver: heat equation
ComputeNorm: Computing norm of solution
ComputeChange: SS (ITER=9) (NRM,RELC): (  508.52150     0.77586744E-05 ) :: heat equation
SingleSolver: Attempting to call solver: 0
SingleSolver: Solver Equation string is: internalvtuoutputsolver
ResultOutputSolver: -------------------------------------
ResultOutputSolver: Dimension of mesh is: 3
ResultOutputSolver: Working on mesh 1: neck with 22258 nodes
ResultOutputSolver: Saving in unstructured VTK XML (.vtu) format
VtuOutputSolver: Full filename base is: neck/neck
GenerateSaveMask: Number of active elements 128047 out of 128047
GenerateSaveMask: Number of geometry nodes 22258 out of 22258
VtuOutputSolver: Setting offset for boundary entities: 100
VtuOutputSolver: Writing the vtu file: neck/neck_t0009.vtu
AscBinWriteInit: Initializing buffered ascii/binary writing
AscBinWriteInit: Writing in binary
AscBinWriteInit: Writing in double precision
AscBinWriteInit: Writing to unit number: 58
AscBinWriteInit: Size of buffer is: 22258
WriteVtuFile: Writing nodal fields
WriteVtuFile: Saving 1-component variable: potential
WriteVtuFile: Saving 1-component variable: joule heating
WriteVtuFile: Saving 1-component variable: temperature
WriteVtuFile: Saving 1-component variable: temperature loads
WriteVtuFile: Saving 3-component variable: volume current
WriteVtuFile: Number of nodal fields written: 5
WriteVtuFile: Writing elemental fields
WriteVtuFile: Number of elemental fields written: 0
WriteVtuFile: Writing entity IDs for bodies and boundaries
WriteVtuFile: Writing coordinates for each used node
WriteVtuFile: Writing the elemental connectivity data
WriteVtuFile: Writing nodal fields
WriteVtuFile: Saving 1-component variable: potential
WriteVtuFile: Saving 1-component variable: joule heating
WriteVtuFile: Saving 1-component variable: temperature
WriteVtuFile: Saving 1-component variable: temperature loads
WriteVtuFile: Saving 3-component variable: volume current
WriteVtuFile: Writing elemental fields
AscBinWriteFree: Terminating buffered ascii/binary writing
VtuOutputSolver: All done for now
ResultOutputSolver: -------------------------------------
MAIN: 
MAIN: -------------------------------------
MAIN:  Steady state iteration:           10
MAIN: -------------------------------------
MAIN: 
SingleSolver: Attempting to call solver: 1
SingleSolver: Solver Equation string is: stat current
StatCurrentSolve: -------------------------------------
StatCurrentSolve: STAT CURRENT SOLVER:
StatCurrentSolve: -------------------------------------
DefaultStart: Starting solver: stat current
StatElecSolve: Starting Assembly...
DefUtils::DefaultDirichletBCs: Setting Dirichlet boundary conditions
EnforceDirichletConditions: Enforcing total of 53 Dirichlet conditions.
EnforceDirichletConditions: Applying Dirichlet conditions using scaled diagonal
ScaleLinearSystem: Creating > DiagScaling < vector of size 3145
EnforceDirichletConditions: Dirichlet conditions enforced for dofs: 53
StatCurrentSolve:  Assembly (s)          :  0.23301299999999969
DefaultSolve: Solving linear system with default routines
SolveSystem: Solving linear system
SolveLinearSystem: Assuming real valued linear system
SolveLinearSystem: Assuming serial linear system
ScaleLinearSystem: Creating > DiagScaling < vector of size 3145
SolveLinearSystem: Serial linear System Solver: direct
DirectSolver: Using direct method: umfpack
ComputeNorm: Computing norm of solution
ComputeChange: NS (ITER=1) (NRM,RELC): ( 0.18799952E-01 0.86459076E-05 ) :: stat current
StatCurrentSolve:  Solve (s)             :   5.8270000000000266E-003
StatCurrentSolve:  Total Heating Power   :  0.40967467547542963
DefaultFinish: Finished solver: stat current
ComputeNorm: Computing norm of solution
ComputeChange: SS (ITER=10) (NRM,RELC): ( 0.18799952E-01 0.86459076E-05 ) :: stat current
SingleSolver: Attempting to call solver: 2
SingleSolver: Solver Equation string is: heat equation
HeatSolver: -------------------------------------------
HeatSolver: Solving the energy equation for temperature
DefaultStart: Starting solver: heat equation
HeatSolve: 
HeatSolve: 
HeatSolve: -------------------------------------
HeatSolve:  TEMPERATURE ITERATION           1
HeatSolve: -------------------------------------
HeatSolve: 
HeatSolve: Starting Assembly...
HeatSolve: Assembly:
: .Saving bulk values for: heat equation
HeatSolve: Assembly done
DefUtils::DefaultDirichletBCs: Setting Dirichlet boundary conditions
EnforceDirichletConditions: No Dirichlet conditions to enforce, exiting!
DefaultSolve: Solving linear system with default routines
SolveSystem: Solving linear system
SolveLinearSystem: Assuming real valued linear system
SolveLinearSystem: Assuming serial linear system
ScaleLinearSystem: Creating > DiagScaling < vector of size 22258
SolveLinearSystem: Serial linear System Solver: direct
DirectSolver: Using direct method: umfpack
SolveLinearSystem: Calculating nodal loads for: temperature
CalculateLoads: Computing boundary fluxes from nodal loads
WARNING:: CalculateLoads: Boundary 1 includes inseparable dofs!
CalculateLoads: temperature Flux over BC 1: -1.44314E-01
WARNING:: CalculateLoads: Boundary 2 includes inseparable dofs!
CalculateLoads: temperature Flux over BC 2: -9.17202E-02
WARNING:: CalculateLoads: Boundary 3 includes inseparable dofs!
CalculateLoads: temperature Flux over BC 3: -1.73640E-01
CalculateLoads: temperature Flux over all BCs: -4.09675E-01
ComputeNorm: Computing norm of solution
ComputeChange: NS (ITER=1) (NRM,RELC): (  508.52257     0.21206449E-05 ) :: heat equation
HeatSolve: iter:    1 Assembly: (s)    1.34    1.34
HeatSolve: iter:    1 Solve:    (s)    0.87    0.87
HeatSolve:  Result Norm   :    508.52257464069714
HeatSolve:  Relative Change :    2.1206449463192927E-006
DefaultFinish: Finished solver: heat equation
ComputeNorm: Computing norm of solution
ComputeChange: SS (ITER=10) (NRM,RELC): (  508.52257     0.21206449E-05 ) :: heat equation
SingleSolver: Attempting to call solver: 0
SingleSolver: Solver Equation string is: internalvtuoutputsolver
ResultOutputSolver: -------------------------------------
ResultOutputSolver: Dimension of mesh is: 3
ResultOutputSolver: Working on mesh 1: neck with 22258 nodes
ResultOutputSolver: Saving in unstructured VTK XML (.vtu) format
VtuOutputSolver: Full filename base is: neck/neck
GenerateSaveMask: Number of active elements 128047 out of 128047
GenerateSaveMask: Number of geometry nodes 22258 out of 22258
VtuOutputSolver: Setting offset for boundary entities: 100
VtuOutputSolver: Writing the vtu file: neck/neck_t0010.vtu
AscBinWriteInit: Initializing buffered ascii/binary writing
AscBinWriteInit: Writing in binary
AscBinWriteInit: Writing in double precision
AscBinWriteInit: Writing to unit number: 58
AscBinWriteInit: Size of buffer is: 22258
WriteVtuFile: Writing nodal fields
WriteVtuFile: Saving 1-component variable: potential
WriteVtuFile: Saving 1-component variable: joule heating
WriteVtuFile: Saving 1-component variable: temperature
WriteVtuFile: Saving 1-component variable: temperature loads
WriteVtuFile: Saving 3-component variable: volume current
WriteVtuFile: Number of nodal fields written: 5
WriteVtuFile: Writing elemental fields
WriteVtuFile: Number of elemental fields written: 0
WriteVtuFile: Writing entity IDs for bodies and boundaries
WriteVtuFile: Writing coordinates for each used node
WriteVtuFile: Writing the elemental connectivity data
WriteVtuFile: Writing nodal fields
WriteVtuFile: Saving 1-component variable: potential
WriteVtuFile: Saving 1-component variable: joule heating
WriteVtuFile: Saving 1-component variable: temperature
WriteVtuFile: Saving 1-component variable: temperature loads
WriteVtuFile: Saving 3-component variable: volume current
WriteVtuFile: Writing elemental fields
AscBinWriteFree: Terminating buffered ascii/binary writing
VtuOutputSolver: All done for now
ResultOutputSolver: -------------------------------------
MAIN: 
MAIN: -------------------------------------
MAIN:  Steady state iteration:           11
MAIN: -------------------------------------
MAIN: 
SingleSolver: Attempting to call solver: 1
SingleSolver: Solver Equation string is: stat current
StatCurrentSolve: -------------------------------------
StatCurrentSolve: STAT CURRENT SOLVER:
StatCurrentSolve: -------------------------------------
DefaultStart: Starting solver: stat current
StatElecSolve: Starting Assembly...
DefUtils::DefaultDirichletBCs: Setting Dirichlet boundary conditions
EnforceDirichletConditions: Enforcing total of 53 Dirichlet conditions.
EnforceDirichletConditions: Applying Dirichlet conditions using scaled diagonal
ScaleLinearSystem: Creating > DiagScaling < vector of size 3145
EnforceDirichletConditions: Dirichlet conditions enforced for dofs: 53
StatCurrentSolve:  Assembly (s)          :  0.22827599999999748
DefaultSolve: Solving linear system with default routines
SolveSystem: Solving linear system
SolveLinearSystem: Assuming real valued linear system
SolveLinearSystem: Assuming serial linear system
ScaleLinearSystem: Creating > DiagScaling < vector of size 3145
SolveLinearSystem: Serial linear System Solver: direct
DirectSolver: Using direct method: umfpack
ComputeNorm: Computing norm of solution
ComputeChange: NS (ITER=1) (NRM,RELC): ( 0.18799997E-01 0.23631472E-05 ) :: stat current
StatCurrentSolve:  Solve (s)             :   5.9639999999987481E-003
StatCurrentSolve:  Total Heating Power   :  0.40967563954854386
DefaultFinish: Finished solver: stat current
ComputeNorm: Computing norm of solution
ComputeChange: SS (ITER=11) (NRM,RELC): ( 0.18799997E-01 0.23631472E-05 ) :: stat current
SingleSolver: Attempting to call solver: 2
SingleSolver: Solver Equation string is: heat equation
HeatSolver: -------------------------------------------
HeatSolver: Solving the energy equation for temperature
DefaultStart: Starting solver: heat equation
HeatSolve: 
HeatSolve: 
HeatSolve: -------------------------------------
HeatSolve:  TEMPERATURE ITERATION           1
HeatSolve: -------------------------------------
HeatSolve: 
HeatSolve: Starting Assembly...
HeatSolve: Assembly:
: .Saving bulk values for: heat equation
HeatSolve: Assembly done
DefUtils::DefaultDirichletBCs: Setting Dirichlet boundary conditions
EnforceDirichletConditions: No Dirichlet conditions to enforce, exiting!
DefaultSolve: Solving linear system with default routines
SolveSystem: Solving linear system
SolveLinearSystem: Assuming real valued linear system
SolveLinearSystem: Assuming serial linear system
ScaleLinearSystem: Creating > DiagScaling < vector of size 22258
SolveLinearSystem: Serial linear System Solver: direct
DirectSolver: Using direct method: umfpack
SolveLinearSystem: Calculating nodal loads for: temperature
CalculateLoads: Computing boundary fluxes from nodal loads
WARNING:: CalculateLoads: Boundary 1 includes inseparable dofs!
CalculateLoads: temperature Flux over BC 1: -1.44314E-01
WARNING:: CalculateLoads: Boundary 2 includes inseparable dofs!
CalculateLoads: temperature Flux over BC 2: -9.17204E-02
WARNING:: CalculateLoads: Boundary 3 includes inseparable dofs!
CalculateLoads: temperature Flux over BC 3: -1.73641E-01
CalculateLoads: temperature Flux over all BCs: -4.09676E-01
ComputeNorm: Computing norm of solution
ComputeChange: NS (ITER=1) (NRM,RELC): (  508.52287     0.57962881E-06 ) :: heat equation
HeatSolve: iter:    1 Assembly: (s)    1.33    1.33
HeatSolve: iter:    1 Solve:    (s)    0.87    0.87
HeatSolve:  Result Norm   :    508.52286939511799
HeatSolve:  Relative Change :    5.7962881123570686E-007
DefaultFinish: Finished solver: heat equation
ComputeNorm: Computing norm of solution
ComputeChange: SS (ITER=11) (NRM,RELC): (  508.52287     0.57962881E-06 ) :: heat equation
SingleSolver: Attempting to call solver: 0
SingleSolver: Solver Equation string is: internalvtuoutputsolver
ResultOutputSolver: -------------------------------------
ResultOutputSolver: Dimension of mesh is: 3
ResultOutputSolver: Working on mesh 1: neck with 22258 nodes
ResultOutputSolver: Saving in unstructured VTK XML (.vtu) format
VtuOutputSolver: Full filename base is: neck/neck
GenerateSaveMask: Number of active elements 128047 out of 128047
GenerateSaveMask: Number of geometry nodes 22258 out of 22258
VtuOutputSolver: Setting offset for boundary entities: 100
VtuOutputSolver: Writing the vtu file: neck/neck_t0011.vtu
AscBinWriteInit: Initializing buffered ascii/binary writing
AscBinWriteInit: Writing in binary
AscBinWriteInit: Writing in double precision
AscBinWriteInit: Writing to unit number: 58
AscBinWriteInit: Size of buffer is: 22258
WriteVtuFile: Writing nodal fields
WriteVtuFile: Saving 1-component variable: potential
WriteVtuFile: Saving 1-component variable: joule heating
WriteVtuFile: Saving 1-component variable: temperature
WriteVtuFile: Saving 1-component variable: temperature loads
WriteVtuFile: Saving 3-component variable: volume current
WriteVtuFile: Number of nodal fields written: 5
WriteVtuFile: Writing elemental fields
WriteVtuFile: Number of elemental fields written: 0
WriteVtuFile: Writing entity IDs for bodies and boundaries
WriteVtuFile: Writing coordinates for each used node
WriteVtuFile: Writing the elemental connectivity data
WriteVtuFile: Writing nodal fields
WriteVtuFile: Saving 1-component variable: potential
WriteVtuFile: Saving 1-component variable: joule heating
WriteVtuFile: Saving 1-component variable: temperature
WriteVtuFile: Saving 1-component variable: temperature loads
WriteVtuFile: Saving 3-component variable: volume current
WriteVtuFile: Writing elemental fields
AscBinWriteFree: Terminating buffered ascii/binary writing
VtuOutputSolver: All done for now
ResultOutputSolver: -------------------------------------
MAIN: 
MAIN: -------------------------------------
MAIN:  Steady state iteration:           12
MAIN: -------------------------------------
MAIN: 
SingleSolver: Attempting to call solver: 1
SingleSolver: Solver Equation string is: stat current
StatCurrentSolve: -------------------------------------
StatCurrentSolve: STAT CURRENT SOLVER:
StatCurrentSolve: -------------------------------------
DefaultStart: Starting solver: stat current
StatElecSolve: Starting Assembly...
DefUtils::DefaultDirichletBCs: Setting Dirichlet boundary conditions
EnforceDirichletConditions: Enforcing total of 53 Dirichlet conditions.
EnforceDirichletConditions: Applying Dirichlet conditions using scaled diagonal
ScaleLinearSystem: Creating > DiagScaling < vector of size 3145
EnforceDirichletConditions: Dirichlet conditions enforced for dofs: 53
StatCurrentSolve:  Assembly (s)          :  0.23779100000000142
DefaultSolve: Solving linear system with default routines
SolveSystem: Solving linear system
SolveLinearSystem: Assuming real valued linear system
SolveLinearSystem: Assuming serial linear system
ScaleLinearSystem: Creating > DiagScaling < vector of size 3145
SolveLinearSystem: Serial linear System Solver: direct
DirectSolver: Using direct method: umfpack
ComputeNorm: Computing norm of solution
ComputeChange: NS (ITER=1) (NRM,RELC): ( 0.18800009E-01 0.64591133E-06 ) :: stat current
StatCurrentSolve:  Solve (s)             :   6.0540000000024463E-003
StatCurrentSolve:  Total Heating Power   :  0.40967590305600726
DefaultFinish: Finished solver: stat current
ComputeNorm: Computing norm of solution
ComputeChange: SS (ITER=12) (NRM,RELC): ( 0.18800009E-01 0.64591133E-06 ) :: stat current
SingleSolver: Attempting to call solver: 2
SingleSolver: Solver Equation string is: heat equation
HeatSolver: -------------------------------------------
HeatSolver: Solving the energy equation for temperature
DefaultStart: Starting solver: heat equation
HeatSolve: 
HeatSolve: 
HeatSolve: -------------------------------------
HeatSolve:  TEMPERATURE ITERATION           1
HeatSolve: -------------------------------------
HeatSolve: 
HeatSolve: Starting Assembly...
HeatSolve: Assembly:
: .Saving bulk values for: heat equation
HeatSolve: Assembly done
DefUtils::DefaultDirichletBCs: Setting Dirichlet boundary conditions
EnforceDirichletConditions: No Dirichlet conditions to enforce, exiting!
DefaultSolve: Solving linear system with default routines
SolveSystem: Solving linear system
SolveLinearSystem: Assuming real valued linear system
SolveLinearSystem: Assuming serial linear system
ScaleLinearSystem: Creating > DiagScaling < vector of size 22258
SolveLinearSystem: Serial linear System Solver: direct
DirectSolver: Using direct method: umfpack
SolveLinearSystem: Calculating nodal loads for: temperature
CalculateLoads: Computing boundary fluxes from nodal loads
WARNING:: CalculateLoads: Boundary 1 includes inseparable dofs!
CalculateLoads: temperature Flux over BC 1: -1.44315E-01
WARNING:: CalculateLoads: Boundary 2 includes inseparable dofs!
CalculateLoads: temperature Flux over BC 2: -9.17205E-02
WARNING:: CalculateLoads: Boundary 3 includes inseparable dofs!
CalculateLoads: temperature Flux over BC 3: -1.73641E-01
CalculateLoads: temperature Flux over all BCs: -4.09676E-01
ComputeNorm: Computing norm of solution
ComputeChange: NS (ITER=1) (NRM,RELC): (  508.52295     0.15842830E-06 ) :: heat equation
HeatSolve: iter:    1 Assembly: (s)    1.34    1.34
HeatSolve: iter:    1 Solve:    (s)    0.87    0.87
HeatSolve:  Result Norm   :    508.52294995953940
HeatSolve:  Relative Change :    1.5842830259271973E-007
DefaultFinish: Finished solver: heat equation
ComputeNorm: Computing norm of solution
ComputeChange: SS (ITER=12) (NRM,RELC): (  508.52295     0.15842830E-06 ) :: heat equation
SingleSolver: Attempting to call solver: 0
SingleSolver: Solver Equation string is: internalvtuoutputsolver
ResultOutputSolver: -------------------------------------
ResultOutputSolver: Dimension of mesh is: 3
ResultOutputSolver: Working on mesh 1: neck with 22258 nodes
ResultOutputSolver: Saving in unstructured VTK XML (.vtu) format
VtuOutputSolver: Full filename base is: neck/neck
GenerateSaveMask: Number of active elements 128047 out of 128047
GenerateSaveMask: Number of geometry nodes 22258 out of 22258
VtuOutputSolver: Setting offset for boundary entities: 100
VtuOutputSolver: Writing the vtu file: neck/neck_t0012.vtu
AscBinWriteInit: Initializing buffered ascii/binary writing
AscBinWriteInit: Writing in binary
AscBinWriteInit: Writing in double precision
AscBinWriteInit: Writing to unit number: 58
AscBinWriteInit: Size of buffer is: 22258
WriteVtuFile: Writing nodal fields
WriteVtuFile: Saving 1-component variable: potential
WriteVtuFile: Saving 1-component variable: joule heating
WriteVtuFile: Saving 1-component variable: temperature
WriteVtuFile: Saving 1-component variable: temperature loads
WriteVtuFile: Saving 3-component variable: volume current
WriteVtuFile: Number of nodal fields written: 5
WriteVtuFile: Writing elemental fields
WriteVtuFile: Number of elemental fields written: 0
WriteVtuFile: Writing entity IDs for bodies and boundaries
WriteVtuFile: Writing coordinates for each used node
WriteVtuFile: Writing the elemental connectivity data
WriteVtuFile: Writing nodal fields
WriteVtuFile: Saving 1-component variable: potential
WriteVtuFile: Saving 1-component variable: joule heating
WriteVtuFile: Saving 1-component variable: temperature
WriteVtuFile: Saving 1-component variable: temperature loads
WriteVtuFile: Saving 3-component variable: volume current
WriteVtuFile: Writing elemental fields
AscBinWriteFree: Terminating buffered ascii/binary writing
VtuOutputSolver: All done for now
ResultOutputSolver: -------------------------------------
MAIN: 
MAIN: -------------------------------------
MAIN:  Steady state iteration:           13
MAIN: -------------------------------------
MAIN: 
SingleSolver: Attempting to call solver: 1
SingleSolver: Solver Equation string is: stat current
StatCurrentSolve: -------------------------------------
StatCurrentSolve: STAT CURRENT SOLVER:
StatCurrentSolve: -------------------------------------
DefaultStart: Starting solver: stat current
StatElecSolve: Starting Assembly...
DefUtils::DefaultDirichletBCs: Setting Dirichlet boundary conditions
EnforceDirichletConditions: Enforcing total of 53 Dirichlet conditions.
EnforceDirichletConditions: Applying Dirichlet conditions using scaled diagonal
ScaleLinearSystem: Creating > DiagScaling < vector of size 3145
EnforceDirichletConditions: Dirichlet conditions enforced for dofs: 53
StatCurrentSolve:  Assembly (s)          :  0.23399900000000429
DefaultSolve: Solving linear system with default routines
SolveSystem: Solving linear system
SolveLinearSystem: Assuming real valued linear system
SolveLinearSystem: Assuming serial linear system
ScaleLinearSystem: Creating > DiagScaling < vector of size 3145
SolveLinearSystem: Serial linear System Solver: direct
DirectSolver: Using direct method: umfpack
ComputeNorm: Computing norm of solution
ComputeChange: NS (ITER=1) (NRM,RELC): ( 0.18800012E-01 0.17654471E-06 ) :: stat current
StatCurrentSolve:  Solve (s)             :   6.1739999999943507E-003
StatCurrentSolve:  Total Heating Power   :  0.40967597507946596
DefaultFinish: Finished solver: stat current
ComputeNorm: Computing norm of solution
ComputeChange: SS (ITER=13) (NRM,RELC): ( 0.18800012E-01 0.17654471E-06 ) :: stat current
SingleSolver: Attempting to call solver: 2
SingleSolver: Solver Equation string is: heat equation
HeatSolver: -------------------------------------------
HeatSolver: Solving the energy equation for temperature
DefaultStart: Starting solver: heat equation
HeatSolve: 
HeatSolve: 
HeatSolve: -------------------------------------
HeatSolve:  TEMPERATURE ITERATION           1
HeatSolve: -------------------------------------
HeatSolve: 
HeatSolve: Starting Assembly...
HeatSolve: Assembly:
: .Saving bulk values for: heat equation
HeatSolve: Assembly done
DefUtils::DefaultDirichletBCs: Setting Dirichlet boundary conditions
EnforceDirichletConditions: No Dirichlet conditions to enforce, exiting!
DefaultSolve: Solving linear system with default routines
SolveSystem: Solving linear system
SolveLinearSystem: Assuming real valued linear system
SolveLinearSystem: Assuming serial linear system
ScaleLinearSystem: Creating > DiagScaling < vector of size 22258
SolveLinearSystem: Serial linear System Solver: direct
DirectSolver: Using direct method: umfpack
SolveLinearSystem: Calculating nodal loads for: temperature
CalculateLoads: Computing boundary fluxes from nodal loads
WARNING:: CalculateLoads: Boundary 1 includes inseparable dofs!
CalculateLoads: temperature Flux over BC 1: -1.44315E-01
WARNING:: CalculateLoads: Boundary 2 includes inseparable dofs!
CalculateLoads: temperature Flux over BC 2: -9.17205E-02
WARNING:: CalculateLoads: Boundary 3 includes inseparable dofs!
CalculateLoads: temperature Flux over BC 3: -1.73641E-01
CalculateLoads: temperature Flux over all BCs: -4.09676E-01
ComputeNorm: Computing norm of solution
ComputeChange: NS (ITER=1) (NRM,RELC): (  508.52297     0.43302577E-07 ) :: heat equation
HeatSolve: iter:    1 Assembly: (s)    1.32    1.32
HeatSolve: iter:    1 Solve:    (s)    0.86    0.86
HeatSolve:  Result Norm   :    508.52297197989401
HeatSolve:  Relative Change :    4.3302576867758425E-008
DefaultFinish: Finished solver: heat equation
ComputeNorm: Computing norm of solution
ComputeChange: SS (ITER=13) (NRM,RELC): (  508.52297     0.43302577E-07 ) :: heat equation
SingleSolver: Attempting to call solver: 0
SingleSolver: Solver Equation string is: internalvtuoutputsolver
ResultOutputSolver: -------------------------------------
ResultOutputSolver: Dimension of mesh is: 3
ResultOutputSolver: Working on mesh 1: neck with 22258 nodes
ResultOutputSolver: Saving in unstructured VTK XML (.vtu) format
VtuOutputSolver: Full filename base is: neck/neck
GenerateSaveMask: Number of active elements 128047 out of 128047
GenerateSaveMask: Number of geometry nodes 22258 out of 22258
VtuOutputSolver: Setting offset for boundary entities: 100
VtuOutputSolver: Writing the vtu file: neck/neck_t0013.vtu
AscBinWriteInit: Initializing buffered ascii/binary writing
AscBinWriteInit: Writing in binary
AscBinWriteInit: Writing in double precision
AscBinWriteInit: Writing to unit number: 58
AscBinWriteInit: Size of buffer is: 22258
WriteVtuFile: Writing nodal fields
WriteVtuFile: Saving 1-component variable: potential
WriteVtuFile: Saving 1-component variable: joule heating
WriteVtuFile: Saving 1-component variable: temperature
WriteVtuFile: Saving 1-component variable: temperature loads
WriteVtuFile: Saving 3-component variable: volume current
WriteVtuFile: Number of nodal fields written: 5
WriteVtuFile: Writing elemental fields
WriteVtuFile: Number of elemental fields written: 0
WriteVtuFile: Writing entity IDs for bodies and boundaries
WriteVtuFile: Writing coordinates for each used node
WriteVtuFile: Writing the elemental connectivity data
WriteVtuFile: Writing nodal fields
WriteVtuFile: Saving 1-component variable: potential
WriteVtuFile: Saving 1-component variable: joule heating
WriteVtuFile: Saving 1-component variable: temperature
WriteVtuFile: Saving 1-component variable: temperature loads
WriteVtuFile: Saving 3-component variable: volume current
WriteVtuFile: Writing elemental fields
AscBinWriteFree: Terminating buffered ascii/binary writing
VtuOutputSolver: All done for now
ResultOutputSolver: -------------------------------------
MAIN: 
MAIN: -------------------------------------
MAIN:  Steady state iteration:           14
MAIN: -------------------------------------
MAIN: 
SingleSolver: Attempting to call solver: 1
SingleSolver: Solver Equation string is: stat current
StatCurrentSolve: -------------------------------------
StatCurrentSolve: STAT CURRENT SOLVER:
StatCurrentSolve: -------------------------------------
DefaultStart: Starting solver: stat current
StatElecSolve: Starting Assembly...
DefUtils::DefaultDirichletBCs: Setting Dirichlet boundary conditions
EnforceDirichletConditions: Enforcing total of 53 Dirichlet conditions.
EnforceDirichletConditions: Applying Dirichlet conditions using scaled diagonal
ScaleLinearSystem: Creating > DiagScaling < vector of size 3145
EnforceDirichletConditions: Dirichlet conditions enforced for dofs: 53
StatCurrentSolve:  Assembly (s)          :  0.23054199999999980
DefaultSolve: Solving linear system with default routines
SolveSystem: Solving linear system
SolveLinearSystem: Assuming real valued linear system
SolveLinearSystem: Assuming serial linear system
ScaleLinearSystem: Creating > DiagScaling < vector of size 3145
SolveLinearSystem: Serial linear System Solver: direct
DirectSolver: Using direct method: umfpack
ComputeNorm: Computing norm of solution
ComputeChange: NS (ITER=1) (NRM,RELC): ( 0.18800013E-01 0.48254029E-07 ) :: stat current
StatCurrentSolve:  Solve (s)             :   6.0029999999997585E-003
StatCurrentSolve:  Total Heating Power   :  0.40967599476520433
DefaultFinish: Finished solver: stat current
ComputeNorm: Computing norm of solution
ComputeChange: SS (ITER=14) (NRM,RELC): ( 0.18800013E-01 0.48254029E-07 ) :: stat current
SingleSolver: Attempting to call solver: 2
SingleSolver: Solver Equation string is: heat equation
HeatSolver: -------------------------------------------
HeatSolver: Solving the energy equation for temperature
DefaultStart: Starting solver: heat equation
HeatSolve: 
HeatSolve: 
HeatSolve: -------------------------------------
HeatSolve:  TEMPERATURE ITERATION           1
HeatSolve: -------------------------------------
HeatSolve: 
HeatSolve: Starting Assembly...
HeatSolve: Assembly:
: .Saving bulk values for: heat equation
HeatSolve: Assembly done
DefUtils::DefaultDirichletBCs: Setting Dirichlet boundary conditions
EnforceDirichletConditions: No Dirichlet conditions to enforce, exiting!
DefaultSolve: Solving linear system with default routines
SolveSystem: Solving linear system
SolveLinearSystem: Assuming real valued linear system
SolveLinearSystem: Assuming serial linear system
ScaleLinearSystem: Creating > DiagScaling < vector of size 22258
SolveLinearSystem: Serial linear System Solver: direct
DirectSolver: Using direct method: umfpack
SolveLinearSystem: Calculating nodal loads for: temperature
CalculateLoads: Computing boundary fluxes from nodal loads
WARNING:: CalculateLoads: Boundary 1 includes inseparable dofs!
CalculateLoads: temperature Flux over BC 1: -1.44315E-01
WARNING:: CalculateLoads: Boundary 2 includes inseparable dofs!
CalculateLoads: temperature Flux over BC 2: -9.17205E-02
WARNING:: CalculateLoads: Boundary 3 includes inseparable dofs!
CalculateLoads: temperature Flux over BC 3: -1.73641E-01
CalculateLoads: temperature Flux over all BCs: -4.09676E-01
ComputeNorm: Computing norm of solution
ComputeChange: NS (ITER=1) (NRM,RELC): (  508.52298     0.11835631E-07 ) :: heat equation
HeatSolve: iter:    1 Assembly: (s)    1.33    1.33
HeatSolve: iter:    1 Solve:    (s)    0.86    0.86
HeatSolve:  Result Norm   :    508.52297799858411
HeatSolve:  Relative Change :    1.1835630634191607E-008
DefaultFinish: Finished solver: heat equation
ComputeNorm: Computing norm of solution
ComputeChange: SS (ITER=14) (NRM,RELC): (  508.52298     0.11835631E-07 ) :: heat equation
SingleSolver: Attempting to call solver: 0
SingleSolver: Solver Equation string is: internalvtuoutputsolver
ResultOutputSolver: -------------------------------------
ResultOutputSolver: Dimension of mesh is: 3
ResultOutputSolver: Working on mesh 1: neck with 22258 nodes
ResultOutputSolver: Saving in unstructured VTK XML (.vtu) format
VtuOutputSolver: Full filename base is: neck/neck
GenerateSaveMask: Number of active elements 128047 out of 128047
GenerateSaveMask: Number of geometry nodes 22258 out of 22258
VtuOutputSolver: Setting offset for boundary entities: 100
VtuOutputSolver: Writing the vtu file: neck/neck_t0014.vtu
AscBinWriteInit: Initializing buffered ascii/binary writing
AscBinWriteInit: Writing in binary
AscBinWriteInit: Writing in double precision
AscBinWriteInit: Writing to unit number: 58
AscBinWriteInit: Size of buffer is: 22258
WriteVtuFile: Writing nodal fields
WriteVtuFile: Saving 1-component variable: potential
WriteVtuFile: Saving 1-component variable: joule heating
WriteVtuFile: Saving 1-component variable: temperature
WriteVtuFile: Saving 1-component variable: temperature loads
WriteVtuFile: Saving 3-component variable: volume current
WriteVtuFile: Number of nodal fields written: 5
WriteVtuFile: Writing elemental fields
WriteVtuFile: Number of elemental fields written: 0
WriteVtuFile: Writing entity IDs for bodies and boundaries
WriteVtuFile: Writing coordinates for each used node
WriteVtuFile: Writing the elemental connectivity data
WriteVtuFile: Writing nodal fields
WriteVtuFile: Saving 1-component variable: potential
WriteVtuFile: Saving 1-component variable: joule heating
WriteVtuFile: Saving 1-component variable: temperature
WriteVtuFile: Saving 1-component variable: temperature loads
WriteVtuFile: Saving 3-component variable: volume current
WriteVtuFile: Writing elemental fields
AscBinWriteFree: Terminating buffered ascii/binary writing
VtuOutputSolver: All done for now
ResultOutputSolver: -------------------------------------
MAIN: 
MAIN: -------------------------------------
MAIN:  Steady state iteration:           15
MAIN: -------------------------------------
MAIN: 
SingleSolver: Attempting to call solver: 1
SingleSolver: Solver Equation string is: stat current
StatCurrentSolve: -------------------------------------
StatCurrentSolve: STAT CURRENT SOLVER:
StatCurrentSolve: -------------------------------------
DefaultStart: Starting solver: stat current
StatElecSolve: Starting Assembly...
DefUtils::DefaultDirichletBCs: Setting Dirichlet boundary conditions
EnforceDirichletConditions: Enforcing total of 53 Dirichlet conditions.
EnforceDirichletConditions: Applying Dirichlet conditions using scaled diagonal
ScaleLinearSystem: Creating > DiagScaling < vector of size 3145
EnforceDirichletConditions: Dirichlet conditions enforced for dofs: 53
StatCurrentSolve:  Assembly (s)          :  0.26692800000000005
DefaultSolve: Solving linear system with default routines
SolveSystem: Solving linear system
SolveLinearSystem: Assuming real valued linear system
SolveLinearSystem: Assuming serial linear system
ScaleLinearSystem: Creating > DiagScaling < vector of size 3145
SolveLinearSystem: Serial linear System Solver: direct
DirectSolver: Using direct method: umfpack
ComputeNorm: Computing norm of solution
ComputeChange: NS (ITER=1) (NRM,RELC): ( 0.18800013E-01 0.13189411E-07 ) :: stat current
StatCurrentSolve:  Solve (s)             :   6.5669999999968809E-003
StatCurrentSolve:  Total Heating Power   :  0.40967600014607397
DefaultFinish: Finished solver: stat current
ComputeNorm: Computing norm of solution
ComputeChange: SS (ITER=15) (NRM,RELC): ( 0.18800013E-01 0.13189411E-07 ) :: stat current
SingleSolver: Attempting to call solver: 2
SingleSolver: Solver Equation string is: heat equation
HeatSolver: -------------------------------------------
HeatSolver: Solving the energy equation for temperature
DefaultStart: Starting solver: heat equation
HeatSolve: 
HeatSolve: 
HeatSolve: -------------------------------------
HeatSolve:  TEMPERATURE ITERATION           1
HeatSolve: -------------------------------------
HeatSolve: 
HeatSolve: Starting Assembly...
HeatSolve: Assembly:
: .Saving bulk values for: heat equation
HeatSolve: Assembly done
DefUtils::DefaultDirichletBCs: Setting Dirichlet boundary conditions
EnforceDirichletConditions: No Dirichlet conditions to enforce, exiting!
DefaultSolve: Solving linear system with default routines
SolveSystem: Solving linear system
SolveLinearSystem: Assuming real valued linear system
SolveLinearSystem: Assuming serial linear system
ScaleLinearSystem: Creating > DiagScaling < vector of size 22258
SolveLinearSystem: Serial linear System Solver: direct
DirectSolver: Using direct method: umfpack
SolveLinearSystem: Calculating nodal loads for: temperature
CalculateLoads: Computing boundary fluxes from nodal loads
WARNING:: CalculateLoads: Boundary 1 includes inseparable dofs!
CalculateLoads: temperature Flux over BC 1: -1.44315E-01
WARNING:: CalculateLoads: Boundary 2 includes inseparable dofs!
CalculateLoads: temperature Flux over BC 2: -9.17205E-02
WARNING:: CalculateLoads: Boundary 3 includes inseparable dofs!
CalculateLoads: temperature Flux over BC 3: -1.73641E-01
CalculateLoads: temperature Flux over all BCs: -4.09676E-01
ComputeNorm: Computing norm of solution
ComputeChange: NS (ITER=1) (NRM,RELC): (  508.52298     0.32351355E-08 ) :: heat equation
HeatSolve: iter:    1 Assembly: (s)    1.34    1.34
HeatSolve: iter:    1 Solve:    (s)    0.89    0.89
HeatSolve:  Result Norm   :    508.52297964372485
HeatSolve:  Relative Change :    3.2351355009972236E-009
DefaultFinish: Finished solver: heat equation
ComputeNorm: Computing norm of solution
ComputeChange: SS (ITER=15) (NRM,RELC): (  508.52298     0.32351355E-08 ) :: heat equation
SingleSolver: Attempting to call solver: 0
SingleSolver: Solver Equation string is: internalvtuoutputsolver
ResultOutputSolver: -------------------------------------
ResultOutputSolver: Dimension of mesh is: 3
ResultOutputSolver: Working on mesh 1: neck with 22258 nodes
ResultOutputSolver: Saving in unstructured VTK XML (.vtu) format
VtuOutputSolver: Full filename base is: neck/neck
GenerateSaveMask: Number of active elements 128047 out of 128047
GenerateSaveMask: Number of geometry nodes 22258 out of 22258
VtuOutputSolver: Setting offset for boundary entities: 100
VtuOutputSolver: Writing the vtu file: neck/neck_t0015.vtu
AscBinWriteInit: Initializing buffered ascii/binary writing
AscBinWriteInit: Writing in binary
AscBinWriteInit: Writing in double precision
AscBinWriteInit: Writing to unit number: 58
AscBinWriteInit: Size of buffer is: 22258
WriteVtuFile: Writing nodal fields
WriteVtuFile: Saving 1-component variable: potential
WriteVtuFile: Saving 1-component variable: joule heating
WriteVtuFile: Saving 1-component variable: temperature
WriteVtuFile: Saving 1-component variable: temperature loads
WriteVtuFile: Saving 3-component variable: volume current
WriteVtuFile: Number of nodal fields written: 5
WriteVtuFile: Writing elemental fields
WriteVtuFile: Number of elemental fields written: 0
WriteVtuFile: Writing entity IDs for bodies and boundaries
WriteVtuFile: Writing coordinates for each used node
WriteVtuFile: Writing the elemental connectivity data
WriteVtuFile: Writing nodal fields
WriteVtuFile: Saving 1-component variable: potential
WriteVtuFile: Saving 1-component variable: joule heating
WriteVtuFile: Saving 1-component variable: temperature
WriteVtuFile: Saving 1-component variable: temperature loads
WriteVtuFile: Saving 3-component variable: volume current
WriteVtuFile: Writing elemental fields
AscBinWriteFree: Terminating buffered ascii/binary writing
VtuOutputSolver: All done for now
ResultOutputSolver: -------------------------------------
MAIN: 
MAIN: -------------------------------------
MAIN:  Steady state iteration:           16
MAIN: -------------------------------------
MAIN: 
SingleSolver: Attempting to call solver: 1
SingleSolver: Solver Equation string is: stat current
StatCurrentSolve: -------------------------------------
StatCurrentSolve: STAT CURRENT SOLVER:
StatCurrentSolve: -------------------------------------
DefaultStart: Starting solver: stat current
StatElecSolve: Starting Assembly...
DefUtils::DefaultDirichletBCs: Setting Dirichlet boundary conditions
EnforceDirichletConditions: Enforcing total of 53 Dirichlet conditions.
EnforceDirichletConditions: Applying Dirichlet conditions using scaled diagonal
ScaleLinearSystem: Creating > DiagScaling < vector of size 3145
EnforceDirichletConditions: Dirichlet conditions enforced for dofs: 53
StatCurrentSolve:  Assembly (s)          :  0.23863499999999505
DefaultSolve: Solving linear system with default routines
SolveSystem: Solving linear system
SolveLinearSystem: Assuming real valued linear system
SolveLinearSystem: Assuming serial linear system
ScaleLinearSystem: Creating > DiagScaling < vector of size 3145
SolveLinearSystem: Serial linear System Solver: direct
DirectSolver: Using direct method: umfpack
ComputeNorm: Computing norm of solution
ComputeChange: NS (ITER=1) (NRM,RELC): ( 0.18800014E-01 0.36051016E-08 ) :: stat current
StatCurrentSolve:  Solve (s)             :   6.1350000000004457E-003
StatCurrentSolve:  Total Heating Power   :  0.40967600161684092
DefaultFinish: Finished solver: stat current
ComputeNorm: Computing norm of solution
ComputeChange: SS (ITER=16) (NRM,RELC): ( 0.18800014E-01 0.36051016E-08 ) :: stat current
SingleSolver: Attempting to call solver: 2
SingleSolver: Solver Equation string is: heat equation
HeatSolver: -------------------------------------------
HeatSolver: Solving the energy equation for temperature
DefaultStart: Starting solver: heat equation
HeatSolve: 
HeatSolve: 
HeatSolve: -------------------------------------
HeatSolve:  TEMPERATURE ITERATION           1
HeatSolve: -------------------------------------
HeatSolve: 
HeatSolve: Starting Assembly...
HeatSolve: Assembly:
: .Saving bulk values for: heat equation
HeatSolve: Assembly done
DefUtils::DefaultDirichletBCs: Setting Dirichlet boundary conditions
EnforceDirichletConditions: No Dirichlet conditions to enforce, exiting!
DefaultSolve: Solving linear system with default routines
SolveSystem: Solving linear system
SolveLinearSystem: Assuming real valued linear system
SolveLinearSystem: Assuming serial linear system
ScaleLinearSystem: Creating > DiagScaling < vector of size 22258
SolveLinearSystem: Serial linear System Solver: direct
DirectSolver: Using direct method: umfpack
SolveLinearSystem: Calculating nodal loads for: temperature
CalculateLoads: Computing boundary fluxes from nodal loads
WARNING:: CalculateLoads: Boundary 1 includes inseparable dofs!
CalculateLoads: temperature Flux over BC 1: -1.44315E-01
WARNING:: CalculateLoads: Boundary 2 includes inseparable dofs!
CalculateLoads: temperature Flux over BC 2: -9.17205E-02
WARNING:: CalculateLoads: Boundary 3 includes inseparable dofs!
CalculateLoads: temperature Flux over BC 3: -1.73641E-01
CalculateLoads: temperature Flux over all BCs: -4.09676E-01
ComputeNorm: Computing norm of solution
ComputeChange: NS (ITER=1) (NRM,RELC): (  508.52298     0.88426422E-09 ) :: heat equation
HeatSolve: iter:    1 Assembly: (s)    1.35    1.35
HeatSolve: iter:    1 Solve:    (s)    0.88    0.88
HeatSolve:  Result Norm   :    508.52298009339353
HeatSolve:  Relative Change :    8.8426421898293293E-010
DefaultFinish: Finished solver: heat equation
ComputeNorm: Computing norm of solution
ComputeChange: SS (ITER=16) (NRM,RELC): (  508.52298     0.88426422E-09 ) :: heat equation
SingleSolver: Attempting to call solver: 0
SingleSolver: Solver Equation string is: internalvtuoutputsolver
ResultOutputSolver: -------------------------------------
ResultOutputSolver: Dimension of mesh is: 3
ResultOutputSolver: Working on mesh 1: neck with 22258 nodes
ResultOutputSolver: Saving in unstructured VTK XML (.vtu) format
VtuOutputSolver: Full filename base is: neck/neck
GenerateSaveMask: Number of active elements 128047 out of 128047
GenerateSaveMask: Number of geometry nodes 22258 out of 22258
VtuOutputSolver: Setting offset for boundary entities: 100
VtuOutputSolver: Writing the vtu file: neck/neck_t0016.vtu
AscBinWriteInit: Initializing buffered ascii/binary writing
AscBinWriteInit: Writing in binary
AscBinWriteInit: Writing in double precision
AscBinWriteInit: Writing to unit number: 58
AscBinWriteInit: Size of buffer is: 22258
WriteVtuFile: Writing nodal fields
WriteVtuFile: Saving 1-component variable: potential
WriteVtuFile: Saving 1-component variable: joule heating
WriteVtuFile: Saving 1-component variable: temperature
WriteVtuFile: Saving 1-component variable: temperature loads
WriteVtuFile: Saving 3-component variable: volume current
WriteVtuFile: Number of nodal fields written: 5
WriteVtuFile: Writing elemental fields
WriteVtuFile: Number of elemental fields written: 0
WriteVtuFile: Writing entity IDs for bodies and boundaries
WriteVtuFile: Writing coordinates for each used node
WriteVtuFile: Writing the elemental connectivity data
WriteVtuFile: Writing nodal fields
WriteVtuFile: Saving 1-component variable: potential
WriteVtuFile: Saving 1-component variable: joule heating
WriteVtuFile: Saving 1-component variable: temperature
WriteVtuFile: Saving 1-component variable: temperature loads
WriteVtuFile: Saving 3-component variable: volume current
WriteVtuFile: Writing elemental fields
AscBinWriteFree: Terminating buffered ascii/binary writing
VtuOutputSolver: All done for now
ResultOutputSolver: -------------------------------------
SingleSolver: Attempting to call solver: 3
SingleSolver: Solver Equation string is: savescalars
SaveScalars: -----------------------------------------
SaveScalars: Saving scalar values of various kinds
SaveScalars: Performed 5 reduction operations
SaveScalars: Found 4 result scalars in simulation section
SaveScalars: Found 15 values to save in total
SaveScalars: Saving names of values to file: ./scalars.dat.names
SaveScalars: Saving values to file: ./scalars.dat
SaveScalars: -----------------------------------------
ReloadInputFile: Reloading input file
LoadInputFile: Loading input file:
MAIN: Reporting unused list entries for sif improvement!
MAIN: If you do not want these lines undefine > DEVEL_LISTUSAGE < !
   Unused keywords:
MAIN: *** Elmer Solver: ALL DONE ***
Loading user function library: [StatCurrentSolve]...[StatCurrentSolver_Finalize]
Loading user function library: [StatCurrentSolve]...[StatCurrentSolver_Finalize]
Loading user function library: [HeatSolve]...[HeatSolver_Finalize]
Loading user function library: [HeatSolve]...[HeatSolver_Finalize]
Loading user function library: [SaveData]...[SaveScalars_Finalize]
Loading user function library: [SaveData]...[SaveScalars_Finalize]
Loading user function library: [ResultOutputSolve]...[ResultOutputSolver_Finalize]
Loading user function library: [ResultOutputSolve]...[ResultOutputSolver_Finalize]
MAIN: The end
SOLVER TOTAL TIME(CPU,REAL):        44.08       47.54
ELMER SOLVER FINISHED AT: 2026/09/14 09:56:35

--- stderr ---
