role	group_id	source_row	time	v(acsrc)	v(acn)	i(Vac)	v(load)	v(vb)	i(Lboost)	v(vd)	v(sw)	v(gate)	v(q)	v(en)	v(fault)	v(vcomp)	v(icomp)	v(xu.raw)	v(xu.pwm_hold)	v(pwm)	v(pwm_input)	v(xdriver.driver_req)	v(xdriver.drv_delay)	v(xu.phase)	v(xu.blank)	v(isense)	v(xu.ov)	v(xu.fault)	v(xu.pcl_hold)	v(xu.pcl_request)	v(disable)	v(xu.m1)	v(xu.m2)
LEFT	1	22757955	5.01554914485680570e-1	9.29386038721502530e1	-9.40892015307383645e-1	-4.10479134640089516e0	3.76863725815538317e2	3.76893478214944764e2	4.10477965551564417e0	3.76961384799150380e2	3.78195769827636070e2	-9.40581772888969519e-6	5.00000000000000000e0	4.99999999999999467e0	0.00000000000000000e0	2.87849824010820976e0	2.57002920616301056e0	5.00000000000000000e0	8.09850519978283501e-1	2.42955155993485050e0	2.19998763301187283e0	1.49999999999999716e1	-7.41843118119578036e-8	1.93904670364730691e-6	-1.36817214079757010e-29	-4.45686826069134415e-2	4.99999999499999936e-9	0.00000000000000000e0	0.00000000000000000e0	0.00000000000000000e0	1.04086116764480638e-1	4.99969949153869664e-1	1.37425890230983883e0
GROUP	1	22757956	5.01554914485680681e-1	9.29386038718766940e1	-9.40892015588971731e-1	-4.10479136191028537e0	3.76863725815538544e2	3.76893478214944992e2	4.10477965536628808e0	3.76961384799148277e2	3.78195769827631239e2	-9.40581776590234311e-6	5.00000000000000000e0	4.99999999999999467e0	0.00000000000000000e0	2.87849824010820976e0	2.57002920616232888e0	5.00000000000000000e0	8.09851075089795813e-1	2.42955322526938744e0	2.19998914099196519e0	1.49999999999999716e1	6.31427861899156580e-10	1.93904670375832922e-6	-1.36804419575991445e-29	-4.45686826054198793e-2	4.99999999499999936e-9	0.00000000000000000e0	0.00000000000000000e0	0.00000000000000000e0	1.04086116764481013e-1	4.99969949153869608e-1	1.37425890230983883e0
GROUP	1	22757957	5.01554914485680681e-1	9.29386038725097166e1	-9.40892014955949207e-1	-4.10479136042706383e0	3.76863725815538544e2	3.76893478214944992e2	4.10477965528731925e0	3.76961384799147254e2	3.78195769827628624e2	-9.40581778762493842e-6	5.00000000000000000e0	4.99999999999999467e0	0.00000000000000000e0	2.87849824010820976e0	2.57002920616196873e0	5.00000000000000000e0	8.09851075089795813e-1	2.42955322526938744e0	2.19998914099196519e0	1.49999999999999716e1	4.01881825656310270e-8	1.93904670375832922e-6	-1.36797655319243903e-29	-4.45686826046301984e-2	4.99999999499999936e-9	0.00000000000000000e0	0.00000000000000000e0	0.00000000000000000e0	1.04086116764480888e-1	4.99969949153869664e-1	1.37425890230983860e0
RIGHT	1	22757958	5.01554914485680792e-1	9.29386038734261319e1	-9.40892014043541280e-1	-4.10479139160464523e0	3.76863725815538544e2	3.76893478214944992e2	4.10477965518529420e0	3.76961384799146003e2	3.78195769827625156e2	-9.40581781567654358e-6	5.00000000000000000e0	4.99999999999999467e0	0.00000000000000000e0	2.87849824010821020e0	2.57002920616150332e0	5.00000000000000000e0	8.09851630201308126e-1	2.42955489060392438e0	2.19999064897205754e0	1.49999999999999716e1	9.12948841274664552e-8	1.93904670386935152e-6	-1.36788916501655574e-29	-4.45686826036099243e-2	4.99999999499999936e-9	0.00000000000000000e0	0.00000000000000000e0	0.00000000000000000e0	1.04086116764479319e-1	4.99969949153869830e-1	1.37425890230983949e0
LEFT	2	22758749	5.01570406915119338e-1	9.37611698883693805e1	-9.42416811748401528e-1	-4.15666835434543902e0	3.76858448499787926e2	3.76888200482564173e2	4.15665674274715968e0	3.76956858431278647e2	3.78192216997956507e2	-9.53839414404931167e-6	5.00000000000000000e0	4.99999999999999467e0	0.00000000000000000e0	2.87856500689664374e0	2.58840350960354559e0	5.00000000000000000e0	8.09853295535845064e-1	2.42955988660753519e0	2.19999517291233504e0	1.49999999999999716e1	-1.14543239973008533e-7	1.94044931967063405e-6	-3.26022824640018493e-29	-4.50775593841534136e-2	4.99999999499999936e-9	0.00000000000000000e0	0.00000000000000000e0	0.00000000000000000e0	1.04086116764476655e-1	4.99990847158649554e-1	1.37433605699480843e0
GROUP	2	22758750	5.01570406915119449e-1	9.37611698888573528e1	-9.42416811264422449e-1	-4.15666833820255022e0	3.76858448499788096e2	3.76888200482564343e2	4.15665674263314155e0	3.76956858431277226e2	3.78192216997952755e2	-9.53839417317869341e-6	5.00000000000000000e0	4.99999999999999467e0	0.00000000000000000e0	2.87856500689664419e0	2.58840350960302157e0	5.00000000000000000e0	8.09853850647357376e-1	2.42956155194207213e0	2.19999668089242784e0	1.49999999999999716e1	-5.72675877216091766e-8	1.94044931978165636e-6	-3.25999484011933594e-29	-4.50775593830132076e-2	4.99999999499999936e-9	0.00000000000000000e0	0.00000000000000000e0	0.00000000000000000e0	1.04086116764476072e-1	4.99990847158649721e-1	1.37433605699480910e0
GROUP	2	22758751	5.01570406915119449e-1	9.37611698859004150e1	-9.42416814221360255e-1	-4.15666835475427110e0	3.76858448499788096e2	3.76888200482564343e2	4.15665674257202422e0	3.76956858431276544e2	3.78192216997950709e2	-9.53839418911504403e-6	5.00000000000000000e0	4.99999999999999467e0	0.00000000000000000e0	2.87856500689664419e0	2.58840350960274135e0	5.00000000000000000e0	8.09853850647357376e-1	2.42956155194207213e0	2.19999668089242784e0	1.49999999999999716e1	-2.65659102085737525e-8	1.94044931978165636e-6	-3.25986973337525800e-29	-4.50775593824020229e-2	4.99999999499999936e-9	0.00000000000000000e0	0.00000000000000000e0	0.00000000000000000e0	1.04086116764476114e-1	4.99990847158649665e-1	1.37433605699480932e0
GROUP	2	22758752	5.01570406915119449e-1	9.37611698886355498e1	-9.42416811486225470e-1	-4.15666832014805898e0	3.76858448499788039e2	3.76888200482564287e2	4.15665674249521189e0	3.76956858431275577e2	3.78192216997947980e2	-9.53839421109998238e-6	5.00000000000000000e0	4.99999999999999467e0	0.00000000000000000e0	2.87856500689664419e0	2.58840350960238963e0	5.00000000000000000e0	8.09853850647357376e-1	2.42956155194207213e0	2.19999668089242784e0	1.49999999999999716e1	1.20197010876684461e-8	1.94044931978165636e-6	-3.25971250707491307e-29	-4.50775593816338874e-2	4.99999999499999936e-9	0.00000000000000000e0	0.00000000000000000e0	0.00000000000000000e0	1.04086116764475878e-1	4.99990847158649665e-1	1.37433605699480932e0
RIGHT	2	22758753	5.01570406915119560e-1	9.37611698894805699e1	-9.42416810649206127e-1	-4.15666836158482589e0	3.76858448499788096e2	3.76888200482564343e2	4.15665674234158455e0	3.76956858431273361e2	3.78192216997942694e2	-9.53839425295910041e-6	5.00000000000000000e0	4.99999999999999467e0	0.00000000000000000e0	2.87856500689664419e0	2.58840350960168575e0	5.00000000000000000e0	8.09854405758869689e-1	2.42956321727660907e0	2.19999818887252019e0	1.49999999999999716e1	8.91909233553129370e-8	1.94044931989267866e-6	-3.25939807722314854e-29	-4.50775593800975954e-2	4.99999999499999936e-9	0.00000000000000000e0	0.00000000000000000e0	0.00000000000000000e0	1.04086116764475822e-1	4.99990847158649665e-1	1.37433605699480932e0
LEFT	3	23027415	5.06790866072615032e-1	9.22832297643896453e1	-9.31837890691937787e-1	-3.80115951598958368e0	3.79599672648632350e2	3.79629641043841389e2	3.80114985034331587e0	3.79693107306458273e2	3.80921673321568392e2	-4.70073013895723067e-6	5.00000000000000000e0	4.99999999999999467e0	0.00000000000000000e0	2.87744824854766135e0	2.56978703672170505e0	5.00000000000000000e0	8.09855515981894314e-1	2.42956654794568294e0	2.20000120483270534e0	1.49999999999999716e1	3.73039369065427840e-7	1.92356756112399552e-6	9.73336094128554697e-27	-4.15720984372726088e-2	4.99999999499999936e-9	0.00000000000000000e0	0.00000000000000000e0	0.00000000000000000e0	1.04086116764473519e-1	4.99641301795418047e-1	1.37304583288086834e0
GROUP	3	23027416	5.06790866072615143e-1	9.22832297646523614e1	-9.31837890421149950e-1	-3.80115949521496210e0	3.79599672648632577e2	3.79629641043841616e2	3.80114985018871376e0	3.79693107306456398e2	3.80921673321563560e2	-4.70073018109412130e-6	5.00000000000000000e0	4.99999999999999467e0	0.00000000000000000e0	2.87744824854766046e0	2.56978703672075914e0	5.00000000000000000e0	8.09856071093406626e-1	2.42956821328021988e0	2.20000271281279769e0	1.49999999999999716e1	4.49609484960436943e-7	1.92356756123501782e-6	9.73242938009308131e-27	-4.15720984357267481e-2	4.99999999499999936e-9	0.00000000000000000e0	0.00000000000000000e0	0.00000000000000000e0	1.04086116764473671e-1	4.99641301795417769e-1	1.37304583288086768e0
GROUP	3	23027417	5.06790866072615143e-1	9.22832297653283717e1	-9.31837889745139591e-1	-3.80115950559051763e0	3.79599672648632634e2	3.79629641043841673e2	3.80114985012381057e0	3.79693107306455545e2	3.80921673321561343e2	-4.70073020074075913e-6	5.00000000000000000e0	4.99999999999999467e0	0.00000000000000000e0	2.87744824854766001e0	2.56978703672036168e0	5.00000000000000000e0	8.09856071093406626e-1	2.42956821328021988e0	2.20000271281279769e0	1.49999999999999716e1	4.81754211286390957e-7	1.92356756123501782e-6	9.73203833007643170e-27	-4.15720984350777950e-2	4.99999999499999936e-9	0.00000000000000000e0	0.00000000000000000e0	0.00000000000000000e0	1.04086116764474587e-1	4.99641301795417603e-1	1.37304583288086701e0
GROUP	3	23027418	5.06790866072615143e-1	9.22832297650007547e1	-9.31837890072756636e-1	-3.80115951092793081e0	3.79599672648632577e2	3.79629641043841616e2	3.80114985003713191e0	3.79693107306454351e2	3.80921673321558330e2	-4.70073022603184495e-6	5.00000000000000000e0	4.99999999999999467e0	0.00000000000000000e0	2.87744824854765957e0	2.56978703671983144e0	5.00000000000000000e0	8.09856071093406626e-1	2.42956821328021988e0	2.20000271281279769e0	1.49999999999999716e1	5.24683151932273796e-7	1.92356756123501782e-6	9.73151611143407928e-27	-4.15720984342111202e-2	4.99999999499999936e-9	0.00000000000000000e0	0.00000000000000000e0	0.00000000000000000e0	1.04086116764475253e-1	4.99641301795417492e-1	1.37304583288086657e0
RIGHT	3	23027419	5.06790866072615254e-1	9.22832297643339103e1	-9.31837890731543439e-1	-3.80115949713533885e0	3.79599672648632634e2	3.79629641043841673e2	3.80114984986377680e0	3.79693107306452134e2	3.80921673321552646e2	-4.70073027449986979e-6	5.00000000000000000e0	4.99999999999999467e0	0.00000000000000000e0	2.87744824854765868e0	2.56978703671877096e0	5.00000000000000000e0	8.09856626204918939e-1	2.42956987861475682e0	2.20000422079289004e0	1.49999999999999716e1	6.10541032821953676e-7	1.92356756134604012e-6	9.73047175821346822e-27	-4.15720984324777706e-2	4.99999999499999936e-9	0.00000000000000000e0	0.00000000000000000e0	0.00000000000000000e0	1.04086116764475572e-1	4.99641301795417214e-1	1.37304583288086546e0
LEFT	4	23438534	5.15094086205533208e-1	-2.11054193744502250e0	9.27084047145485641e1	3.92032750938795971e0	3.80059112395998341e2	3.80089117062766377e2	3.92031797787668257e0	3.80154357687190839e2	3.81385233169847595e2	-1.59119043333684886e-5	5.00000000000000000e0	4.99999999999999467e0	0.00000000000000000e0	2.87850891563348732e0	2.61194435546350290e0	5.00000000000000000e0	8.09853850647357376e-1	2.42956155194207213e0	2.19999668089242784e0	1.49999999999999716e1	-6.80424146123584336e-7	1.95332350516608244e-6	1.20359671097116385e-25	-4.27506056170401244e-2	4.99999999499999936e-9	0.00000000000000000e0	0.00000000000000000e0	0.00000000000000000e0	1.04086116764486453e-1	4.99973290593281550e-1	1.37427123863897815e0
GROUP	4	23438535	5.15094086205533319e-1	-2.11054193725437811e0	9.27084047147351953e1	3.92032750820425235e0	3.80059112395998682e2	3.80089117062766718e2	3.92031797768644763e0	3.80154357687188337e2	3.81385233169841172e2	-1.59119043785803765e-5	5.00000000000000000e0	4.99999999999999467e0	0.00000000000000000e0	2.87850891563348776e0	2.61194435546232784e0	5.00000000000000000e0	8.09854405758869689e-1	2.42956321727660907e0	2.19999818887252019e0	1.49999999999999716e1	-5.85849080164381056e-7	1.95332350527710474e-6	1.20345443157613581e-25	-4.27506056151378683e-2	4.99999999499999936e-9	0.00000000000000000e0	0.00000000000000000e0	0.00000000000000000e0	1.04086116764486647e-1	4.99973290593281716e-1	1.37427123863897860e0
GROUP	4	23438536	5.15094086205533319e-1	-2.11054193838762050e0	9.27084047136019507e1	3.92032750617443071e0	3.80059112395998682e2	3.80089117062766718e2	3.92031797760643697e0	3.80154357687187428e2	3.81385233169838671e2	-1.59119043955189415e-5	5.00000000000000000e0	4.99999999999999467e0	0.00000000000000000e0	2.87850891563348732e0	2.61194435546183268e0	5.00000000000000000e0	8.09854405758869689e-1	2.42956321727660907e0	2.19999818887252019e0	1.49999999999999716e1	-5.46071811811569872e-7	1.95332350527710474e-6	1.20339459539805913e-25	-4.27506056143377930e-2	4.99999999499999936e-9	0.00000000000000000e0	0.00000000000000000e0	0.00000000000000000e0	1.04086116764486938e-1	4.99973290593281550e-1	1.37427123863897793e0
RIGHT	4	23438537	5.15094086205533430e-1	-2.11054193618795383e0	9.27084047157976272e1	3.92032750777292449e0	3.80059112395998739e2	3.80089117062766775e2	3.92031797749963218e0	3.80154357687186121e2	3.81385233169835260e2	-1.59119044192766402e-5	5.00000000000000000e0	4.99999999999999467e0	0.00000000000000000e0	2.87850891563348732e0	2.61194435546117143e0	5.00000000000000000e0	8.09854960870382001e-1	2.42956488261114600e0	2.19999969685261254e0	1.49999999999999716e1	-4.92974179014311381e-7	1.95332350538812705e-6	1.20331472628849207e-25	-4.27506056132697862e-2	4.99999999499999936e-9	0.00000000000000000e0	0.00000000000000000e0	0.00000000000000000e0	1.04086116764486730e-1	4.99973290593281605e-1	1.37427123863897815e0
LEFT	5	23439720	5.15117296860298501e-1	-2.08505674894928106e0	9.14987206741892436e1	3.84304031160644399e0	3.80050515671584208e2	3.80080519659663480e2	3.84303067455387160e0	3.80144613731532047e2	3.81373995337997087e2	-6.19918475169953247e-6	5.00000000000000000e0	4.99999999999999467e0	0.00000000000000000e0	2.87842730614191300e0	2.58093149899169028e0	5.00000000000000000e0	8.09855515981894314e-1	2.42956654794568294e0	2.20000120483270534e0	1.49999999999999716e1	2.54340844972396554e-7	1.92743803639761069e-6	5.33030763259817554e-27	-4.19921560088436507e-2	4.99999999499999936e-9	0.00000000000000000e0	0.00000000000000000e0	0.00000000000000000e0	1.04086116764475434e-1	4.99947746822418770e-1	1.37417693447028544e0
GROUP	5	23439721	5.15117296860298612e-1	-2.08505674829204590e0	9.14987206748384381e1	3.84304031179857475e0	3.80050515671584435e2	3.80080519659663707e2	3.84303067439985879e0	3.80144613731530058e2	3.81373995337991914e2	-6.19918479428244100e-6	5.00000000000000000e0	4.99999999999999467e0	0.00000000000000000e0	2.87842730614191344e0	2.58093149899075325e0	5.00000000000000000e0	8.09856071093406626e-1	2.42956821328021988e0	2.20000271281279769e0	1.49999999999999716e1	3.30593525767111921e-7	1.92743803650863299e-6	5.32979959397229094e-27	-4.19921560073036673e-2	4.99999999499999936e-9	0.00000000000000000e0	0.00000000000000000e0	0.00000000000000000e0	1.04086116764475059e-1	4.99947746822418937e-1	1.37417693447028588e0
GROUP	5	23439722	5.15117296860298612e-1	-2.08505674969591404e0	9.14987206734345762e1	3.84304031409322988e0	3.80050515671584435e2	3.80080519659663707e2	3.84303067431852963e0	3.80144613731528977e2	3.81373995337989186e2	-6.19918481689208394e-6	5.00000000000000000e0	4.99999999999999467e0	0.00000000000000000e0	2.87842730614191389e0	2.58093149899025809e0	5.00000000000000000e0	8.09856071093406626e-1	2.42956821328021988e0	2.20000271281279769e0	1.49999999999999716e1	3.70860105843441935e-7	1.92743803650863299e-6	5.32953133470387106e-27	-4.19921560064904498e-2	4.99999999499999936e-9	0.00000000000000000e0	0.00000000000000000e0	0.00000000000000000e0	1.04086116764474809e-1	4.99947746822419103e-1	1.37417693447028633e0
RIGHT	5	23439723	5.15117296860298723e-1	-2.08505674744037517e0	9.14987206756901088e1	3.84304031155170378e0	3.80050515671584378e2	3.80080519659663651e2	3.84303067421325739e0	3.80144613731527613e2	3.81373995337985718e2	-6.19918484527196857e-6	5.00000000000000000e0	4.99999999999999467e0	0.00000000000000000e0	2.87842730614191433e0	2.58093149898961816e0	5.00000000000000000e0	8.09856626204918939e-1	2.42956987861475682e0	2.20000422079289004e0	1.49999999999999716e1	4.22980974552970722e-7	1.92743803661965529e-6	5.32918412123774607e-27	-4.19921560054378334e-2	4.99999999499999936e-9	0.00000000000000000e0	0.00000000000000000e0	0.00000000000000000e0	1.04086116764474157e-1	4.99947746822419214e-1	1.37417693447028677e0
LEFT	6	23584236	5.18246487848757154e-1	9.42584369457154025e1	-9.44347897273345893e-1	-4.22266481323571163e0	3.77767180820074657e2	3.77797004544876188e2	4.22265322029962853e0	3.77866640234871113e2	3.79103229175546062e2	-5.43527255370239205e-6	5.00000000000000000e0	4.99999999999999467e0	0.00000000000000000e0	2.88053906620946609e0	2.59026144991550522e0	5.00000000000000000e0	8.09854405758869689e-1	2.42956321727660907e0	2.19999818887252019e0	1.49999999999999716e1	3.03147831432563876e-7	1.93100830703230031e-6	-3.28895004388623196e-26	-4.57427856405239128e-2	4.99999999499999936e-9	0.00000000000000000e0	0.00000000000000000e0	0.00000000000000000e0	1.04086116764481526e-1	5.00608727723562907e-1	1.37661822855851779e0
GROUP	6	23584237	5.18246487848757265e-1	9.42584369446256147e1	-9.44347898367126959e-1	-4.22266479993193578e0	3.77767180820074771e2	3.77797004544876302e2	4.22265322013513078e0	3.77866640234868839e2	3.79103229175541003e2	-5.43527259623400766e-6	5.00000000000000000e0	4.99999999999999467e0	0.00000000000000000e0	2.88053906620946698e0	2.59026144991480090e0	5.00000000000000000e0	8.09854960870382001e-1	2.42956488261114600e0	2.19999969685261254e0	1.49999999999999716e1	3.85655397034068676e-7	1.93100830714332261e-6	-3.28861085728059408e-26	-4.57427856388789578e-2	4.99999999499999936e-9	0.00000000000000000e0	0.00000000000000000e0	0.00000000000000000e0	1.04086116764480929e-1	5.00608727723563129e-1	1.37661822855851845e0
GROUP	6	23584238	5.18246487848757265e-1	9.42584369437708602e1	-9.44347899221881448e-1	-4.22266484304873480e0	3.77767180820074771e2	3.77797004544876302e2	4.22265322004873145e0	3.77866640234867759e2	3.79103229175538559e2	-5.43527261766460445e-6	5.00000000000000000e0	4.99999999999999467e0	0.00000000000000000e0	2.88053906620946742e0	2.59026144991443097e0	5.00000000000000000e0	8.09854960870382001e-1	2.42956488261114600e0	2.19999969685261254e0	1.49999999999999716e1	4.28990588272860011e-7	1.93100830714332261e-6	-3.28843272136865732e-26	-4.57427856380149891e-2	4.99999999499999936e-9	0.00000000000000000e0	0.00000000000000000e0	0.00000000000000000e0	1.04086116764481276e-1	5.00608727723563351e-1	1.37661822855851912e0
RIGHT	6	23584239	5.18246487848757376e-1	9.42584369458101321e1	-9.44347897190596086e-1	-4.22266482771930107e0	3.77767180820074771e2	3.77797004544876302e2	4.22265321993605003e0	3.77866640234866281e2	3.79103229175535148e2	-5.43527264604197340e-6	5.00000000000000000e0	4.99999999999999467e0	0.00000000000000000e0	2.88053906620946787e0	2.59026144991394913e0	5.00000000000000000e0	8.09855515981894314e-1	2.42956654794568294e0	2.20000120483270534e0	1.49999999999999716e1	4.85508975026253255e-7	1.93100830725434491e-6	-3.28820040841905165e-26	-4.57427856368881822e-2	4.99999999499999936e-9	0.00000000000000000e0	0.00000000000000000e0	0.00000000000000000e0	1.04086116764482317e-1	5.00608727723563462e-1	1.37661822855851979e0
LEFT	7	23851790	5.23443735142777533e-1	9.30180846092892466e1	-9.33369572606878251e-1	-3.85197995329897624e0	3.80492328568728738e2	3.80522367436773607e2	3.85197034263444893e0	3.80586609213982968e2	3.81816164352815349e2	-1.09164031847283237e-5	5.00000000000000000e0	4.99999999999999467e0	0.00000000000000000e0	2.87932589734961164e0	2.58384973244331517e0	5.00000000000000000e0	8.09854960870382001e-1	2.42956488261114600e0	2.19999969685261254e0	1.49999999999999716e1	-2.15158984732113707e-7	1.93880330723317229e-6	8.19845913517070462e-27	-4.20826040255488712e-2	4.99999999499999936e-9	0.00000000000000000e0	0.00000000000000000e0	0.00000000000000000e0	1.04086116764481360e-1	5.00229005870428400e-1	1.37521548340690325e0
GROUP	7	23851791	5.23443735142777644e-1	9.30180846065395173e1	-9.33369575348578451e-1	-3.85197997497746680e0	3.80492328568728851e2	3.80522367436773720e2	3.85197034248937165e0	3.80586609213980921e2	3.81816164352810574e2	-1.09164032213176195e-5	5.00000000000000000e0	4.99999999999999467e0	0.00000000000000000e0	2.87932589734961164e0	2.58384973244243188e0	5.00000000000000000e0	8.09855515981894314e-1	2.42956654794568294e0	2.20000120483270534e0	1.49999999999999716e1	-1.43349352292004578e-7	1.93880330734419459e-6	8.19772325773720355e-27	-4.20826040240982052e-2	4.99999999499999936e-9	0.00000000000000000e0	0.00000000000000000e0	0.00000000000000000e0	1.04086116764481901e-1	5.00229005870428400e-1	1.37521548340690325e0
GROUP	7	23851792	5.23443735142777644e-1	9.30180846109793436e1	-9.33369570908752166e-1	-3.85197991114498217e0	3.80492328568728794e2	3.80522367436773663e2	3.85197034242378367e0	3.80586609213980182e2	3.81816164352808300e2	-1.09164032379551254e-5	5.00000000000000000e0	4.99999999999999467e0	0.00000000000000000e0	2.87932589734961120e0	2.58384973244203175e0	5.00000000000000000e0	8.09855515981894314e-1	2.42956654794568294e0	2.20000120483270534e0	1.49999999999999716e1	-1.10884719657173453e-7	1.93880330734419459e-6	8.19739059437563620e-27	-4.20826040234423687e-2	4.99999999499999936e-9	0.00000000000000000e0	0.00000000000000000e0	0.00000000000000000e0	1.04086116764482886e-1	5.00229005870428289e-1	1.37521548340690258e0
GROUP	7	23851793	5.23443735142777644e-1	9.30180846068662390e1	-9.33369575021856690e-1	-3.85197994226221940e0	3.80492328568728681e2	3.80522367436773550e2	3.85197034233836089e0	3.80586609213979273e2	3.81816164352805458e2	-1.09164032594090689e-5	5.00000000000000000e0	4.99999999999999467e0	0.00000000000000000e0	2.87932589734961031e0	2.58384973244151084e0	5.00000000000000000e0	8.09855515981894314e-1	2.42956654794568294e0	2.20000120483270534e0	1.49999999999999716e1	-6.86025793007819194e-8	1.93880330734419459e-6	8.19695735177423163e-27	-4.20826040225881978e-2	4.99999999499999936e-9	0.00000000000000000e0	0.00000000000000000e0	0.00000000000000000e0	1.04086116764483885e-1	5.00229005870428067e-1	1.37521548340690192e0
RIGHT	7	23851794	5.23443735142777755e-1	9.30180846089539983e1	-9.33369572934097391e-1	-3.85197994412162537e0	3.80492328568728738e2	3.80522367436773607e2	3.85197034216751399e0	3.80586609213976942e2	3.81816164352799888e2	-1.09164033014782138e-5	5.00000000000000000e0	4.99999999999999467e0	0.00000000000000000e0	2.87932589734961120e0	2.58384973244047123e0	5.00000000000000000e0	8.09856071093406626e-1	2.42956821328021988e0	2.20000271281279769e0	1.49999999999999716e1	1.59617010219401699e-8	1.93880330745521690e-6	8.19609093526188830e-27	-4.20826040208798491e-2	4.99999999499999936e-9	0.00000000000000000e0	0.00000000000000000e0	0.00000000000000000e0	1.04086116764483871e-1	5.00229005870428178e-1	1.37521548340690281e0
LEFT	8	23996399	5.26572923886968192e-1	-2.20879919995928153e0	9.26283687975203236e1	4.21871967578147178e0	3.78205286261327217e2	3.78235144573400419e2	4.21870803612390954e0	3.78304752035937781e2	3.79541267679454393e2	-9.34879270641357461e-6	5.00000000000000000e0	4.99999999999999467e0	0.00000000000000000e0	2.88130788115288317e0	2.59254736095247873e0	5.00000000000000000e0	8.09853295535845064e-1	2.42955988660753519e0	2.19999517291233504e0	1.49999999999999716e1	-6.98149650117331390e-8	1.94012930987419452e-6	-4.33370514024630289e-28	-4.57132395138040368e-2	4.99999999499999936e-9	0.00000000000000000e0	0.00000000000000000e0	0.00000000000000000e0	1.04086116764478445e-1	5.00849366800852458e-1	1.37750755281651349e0
GROUP	8	23996400	5.26572923886968303e-1	-2.20879920043862255e0	9.26283687970449847e1	4.21871967703521022e0	3.78205286261327444e2	3.78235144573400646e2	4.21870803596712829e0	3.78304752035935621e2	3.79541267679449277e2	-9.34879274693604924e-6	5.00000000000000000e0	4.99999999999999467e0	0.00000000000000000e0	2.88130788115288450e0	2.59254736095179883e0	5.00000000000000000e0	8.09853850647357376e-1	2.42956155194207213e0	2.19999668089242784e0	1.49999999999999716e1	8.60303107137829613e-9	1.94012930998521682e-6	-4.33328036045127684e-28	-4.57132395122361937e-2	4.99999999499999936e-9	0.00000000000000000e0	0.00000000000000000e0	0.00000000000000000e0	1.04086116764479181e-1	5.00849366800853013e-1	1.37750755281651482e0
GROUP	8	23996401	5.26572923886968303e-1	-2.20879919832510829e0	9.26283687991584941e1	4.21871967558661254e0	3.78205286261327387e2	3.78235144573400589e2	4.21870803588270782e0	3.78304752035934541e2	3.79541267679446548e2	-9.34879276734762389e-6	5.00000000000000000e0	4.99999999999999467e0	0.00000000000000000e0	2.88130788115288539e0	2.59254736095143290e0	5.00000000000000000e0	8.09853850647357376e-1	2.42956155194207213e0	2.19999668089242784e0	1.49999999999999716e1	5.08282493635177090e-8	1.94012930998521682e-6	-4.33305164933725918e-28	-4.57132395113919662e-2	4.99999999499999936e-9	0.00000000000000000e0	0.00000000000000000e0	0.00000000000000000e0	1.04086116764479639e-1	5.00849366800853235e-1	1.37750755281651616e0
RIGHT	8	23996402	5.26572923886968414e-1	-2.20879919901742872e0	9.26283687984741704e1	4.21871967439960827e0	3.78205286261327274e2	3.78235144573400476e2	4.21870803577562814e0	3.78304752035933120e2	3.79541267679443251e2	-9.34879279282923114e-6	5.00000000000000000e0	4.99999999999999467e0	0.00000000000000000e0	2.88130788115288539e0	2.59254736095096927e0	5.00000000000000000e0	8.09854405758869689e-1	2.42956321727660907e0	2.19999818887252019e0	1.49999999999999716e1	1.04388106075739643e-7	1.94012931009623912e-6	-4.33276156199800263e-28	-4.57132395103211284e-2	4.99999999499999936e-9	0.00000000000000000e0	0.00000000000000000e0	0.00000000000000000e0	1.04086116764479764e-1	5.00849366800853124e-1	1.37750755281651593e0
LEFT	9	24264133	5.31777913715452466e-1	-2.09864464552961305e0	9.18077714621100114e1	3.88424159952762693e0	3.80886631704425042e2	3.80916701701664806e2	3.88423196095710344e0	3.80981439588379374e2	3.82211619357036000e2	-1.32624475924430297e-5	5.00000000000000000e0	4.99999999999999467e0	0.00000000000000000e0	2.88024254123341938e0	2.58673201628911453e0	5.00000000000000000e0	8.09855515981894314e-1	2.42956654794568294e0	2.20000120483270534e0	1.49999999999999716e1	-4.07538458659561713e-7	1.94494536254197214e-6	6.62695355997834849e-29	-4.24108152087428816e-2	4.99999999499999936e-9	0.00000000000000000e0	0.00000000000000000e0	0.00000000000000000e0	1.04086116764473921e-1	5.00515915406060441e-1	1.37627530096719153e0
GROUP	9	24264134	5.31777913715452577e-1	-2.09864464540240858e0	9.18077714622291836e1	3.88424160137844865e0	3.80886631704425156e2	3.80916701701664920e2	3.88423196079451438e0	3.80981439588376986e2	3.82211619357030827e2	-1.32624476300707658e-5	5.00000000000000000e0	4.99999999999999467e0	0.00000000000000000e0	2.88024254123341983e0	2.58673201628814553e0	5.00000000000000000e0	8.09856071093406626e-1	2.42956821328021988e0	2.20000271281279769e0	1.49999999999999716e1	-3.27186404564973185e-7	1.94494536265299445e-6	6.62628798170432839e-29	-4.24108152071170988e-2	4.99999999499999936e-9	0.00000000000000000e0	0.00000000000000000e0	0.00000000000000000e0	1.04086116764473560e-1	5.00515915406060441e-1	1.37627530096719219e0
GROUP	9	24264135	5.31777913715452577e-1	-2.09864464594084588e0	9.18077714616907343e1	3.88424159781715161e0	3.80886631704425099e2	3.80916701701664863e2	3.88423196070895971e0	3.80981439588375736e2	3.82211619357028098e2	-1.32624476500937658e-5	5.00000000000000000e0	4.99999999999999467e0	0.00000000000000000e0	2.88024254123341983e0	2.58673201628763483e0	5.00000000000000000e0	8.09856071093406626e-1	2.42956821328021988e0	2.20000271281279769e0	1.49999999999999716e1	-2.84904967781706784e-7	1.94494536265299445e-6	6.62593777971786901e-29	-4.24108152062615956e-2	4.99999999499999936e-9	0.00000000000000000e0	0.00000000000000000e0	0.00000000000000000e0	1.04086116764472880e-1	5.00515915406060441e-1	1.37627530096719197e0
RIGHT	9	24264136	5.31777913715452688e-1	-2.09864464573677667e0	9.18077714618907805e1	3.88424159775576072e0	3.80886631704425042e2	3.80916701701664806e2	3.88423196059765807e0	3.80981439588374258e2	3.82211619357024517e2	-1.32624476759656418e-5	5.00000000000000000e0	4.99999999999999467e0	0.00000000000000000e0	2.88024254123341938e0	2.58673201628697003e0	5.00000000000000000e0	8.09856626204918939e-1	2.42956987861475682e0	2.20000422079289004e0	1.49999999999999716e1	-2.29898970371712663e-7	1.94494536276401675e-6	6.62548221245617636e-29	-4.24108152051486317e-2	4.99999999499999936e-9	0.00000000000000000e0	0.00000000000000000e0	0.00000000000000000e0	1.04086116764472297e-1	5.00515915406060219e-1	1.37627530096719131e0
LEFT	10	24407759	5.34891589907184772e-1	9.31172656280182309e1	-9.40278254678148073e-1	-4.08396884961950057e0	3.78601580176059485e2	3.78631469774494406e2	4.08395709082662162e0	3.78699088199526216e2	3.79933080849593068e2	-3.66131064938531273e-6	5.00000000000000000e0	4.99999999999999467e0	0.00000000000000000e0	2.88230157554203625e0	2.55956197547102082e0	5.00000000000000000e0	8.09854405758869689e-1	2.42956321727660907e0	2.19999818887252019e0	1.49999999999999716e1	4.55712036589409593e-7	1.92474572957568313e-6	8.55568965135028131e-25	-4.43793337730375437e-2	4.99999999499999936e-9	0.00000000000000000e0	0.00000000000000000e0	0.00000000000000000e0	1.04086116764472436e-1	5.01160393144657546e-1	1.37865743111188221e0
GROUP	10	24407760	5.34891589907184883e-1	9.31172656280272832e1	-9.40278254677139103e-1	-4.08396882063223909e0	3.78601580176059713e2	3.78631469774494633e2	4.08395709070253510e0	3.78699088199524454e2	3.79933080849588862e2	-3.66131068582446386e-6	5.00000000000000000e0	4.99999999999999467e0	0.00000000000000000e0	2.88230157554203670e0	2.55956197547045594e0	5.00000000000000000e0	8.09854960870382001e-1	2.42956488261114600e0	2.19999969685261254e0	1.49999999999999716e1	5.17536606267801785e-7	1.92474572968670543e-6	8.55502848707108976e-25	-4.43793337717966890e-2	4.99999999499999936e-9	0.00000000000000000e0	0.00000000000000000e0	0.00000000000000000e0	1.04086116764472353e-1	5.01160393144657546e-1	1.37865743111188266e0
GROUP	10	24407761	5.34891589907184883e-1	9.31172656305584496e1	-9.40278252145972715e-1	-4.08396878381428508e0	3.78601580176059713e2	3.78631469774494633e2	4.08395709063299783e0	3.78699088199523430e2	3.79933080849586588e2	-3.66131070640442316e-6	5.00000000000000000e0	4.99999999999999467e0	0.00000000000000000e0	2.88230157554203759e0	2.55956197547013975e0	5.00000000000000000e0	8.09854960870382001e-1	2.42956488261114600e0	2.19999969685261254e0	1.49999999999999716e1	5.52182518877154908e-7	1.92474572968670543e-6	8.55465799910922223e-25	-4.43793337711013217e-2	4.99999999499999936e-9	0.00000000000000000e0	0.00000000000000000e0	0.00000000000000000e0	1.04086116764472408e-1	5.01160393144657879e-1	1.37865743111188355e0
GROUP	10	24407762	5.34891589907184883e-1	9.31172656287581049e1	-9.40278253946317477e-1	-4.08396883475157946e0	3.78601580176059599e2	3.78631469774494519e2	4.08395709054879053e0	3.78699088199522237e2	3.79933080849584030e2	-3.66131072918603750e-6	5.00000000000000000e0	4.99999999999999467e0	0.00000000000000000e0	2.88230157554203759e0	2.55956197546975650e0	5.00000000000000000e0	8.09854960870382001e-1	2.42956488261114600e0	2.19999969685261254e0	1.49999999999999716e1	5.94136940918470981e-7	1.92474572968670543e-6	8.55420937867892869e-25	-4.43793337702592661e-2	4.99999999499999936e-9	0.00000000000000000e0	0.00000000000000000e0	0.00000000000000000e0	1.04086116764472852e-1	5.01160393144657768e-1	1.37865743111188355e0
RIGHT	10	24407763	5.34891589907184994e-1	9.31172656274812738e1	-9.40278255227156023e-1	-4.08396884345285827e0	3.78601580176059713e2	3.78631469774494633e2	4.08395709038037680e0	3.78699088199520020e2	3.79933080849578573e2	-3.66131077574445409e-6	5.00000000000000000e0	4.99999999999999467e0	0.00000000000000000e0	2.88230157554203714e0	2.55956197546898956e0	5.00000000000000000e0	8.09855515981894314e-1	2.42956654794568294e0	2.20000120483270534e0	1.49999999999999716e1	6.78045784617065268e-7	1.92474572979772773e-6	8.55331220839569100e-25	-4.43793337685751618e-2	4.99999999499999936e-9	0.00000000000000000e0	0.00000000000000000e0	0.00000000000000000e0	1.04086116764473824e-1	5.01160393144657657e-1	1.37865743111188288e0
LEFT	11	24408959	5.34914845175211373e-1	9.43488970834810203e1	-9.43409353973507336e-1	-4.19054818751885172e0	3.78593566321368826e2	3.78623455287130980e2	4.19053658923276284e0	3.78692647292861636e2	3.79928638606400966e2	-1.07140660839117847e-5	5.00000000000000000e0	4.99999999999999467e0	0.00000000000000000e0	2.88240134439988704e0	2.59062741324132073e0	5.00000000000000000e0	8.09855515981894314e-1	2.42956654794568294e0	2.20000120483270534e0	1.49999999999999716e1	-1.99022199063664585e-7	1.94347352211465818e-6	-1.53842501977986829e-26	-4.54305912366094675e-2	4.99999999499999936e-9	0.00000000000000000e0	0.00000000000000000e0	0.00000000000000000e0	1.04086116764474226e-1	5.01191620797164727e-1	1.37877290764001081e0
GROUP	11	24408960	5.34914845175211484e-1	9.43488970841602850e1	-9.43409353298235942e-1	-4.19054821852188120e0	3.78593566321368996e2	3.78623455287131151e2	4.19053658907987980e0	3.78692647292859647e2	3.79928638606396021e2	-1.07140661213410628e-5	5.00000000000000000e0	4.99999999999999467e0	0.00000000000000000e0	2.88240134439988749e0	2.59062741324063639e0	5.00000000000000000e0	8.09856071093406626e-1	2.42956821328021988e0	2.20000271281279769e0	1.49999999999999716e1	-1.22532356957128036e-7	1.94347352222568048e-6	-1.53827793444505126e-26	-4.54305912350805863e-2	4.99999999499999936e-9	0.00000000000000000e0	0.00000000000000000e0	0.00000000000000000e0	1.04086116764473297e-1	5.01191620797164838e-1	1.37877290764001126e0
GROUP	11	24408961	5.34914845175211484e-1	9.43488970865745245e1	-9.43409350883996467e-1	-4.19054814717594315e0	3.78593566321369053e2	3.78623455287131208e2	4.19053658899916304e0	3.78692647292858737e2	3.79928638606393292e2	-1.07140661421521405e-5	5.00000000000000000e0	4.99999999999999467e0	0.00000000000000000e0	2.88240134439988793e0	2.59062741324027490e0	5.00000000000000000e0	8.09856071093406626e-1	2.42956821328021988e0	2.20000271281279769e0	1.49999999999999716e1	-8.21488065708452297e-8	1.94347352222568048e-6	-1.53820028499484542e-26	-4.54305912342733986e-2	4.99999999499999936e-9	0.00000000000000000e0	0.00000000000000000e0	0.00000000000000000e0	1.04086116764473088e-1	5.01191620797165061e-1	1.37877290764001192e0
RIGHT	11	24408962	5.34914845175211595e-1	9.43488970845287014e1	-9.43409352937791823e-1	-4.19054824349874799e0	3.78593566321369167e2	3.78623455287131321e2	4.19053658889465197e0	3.78692647292857657e2	3.79928638606389825e2	-1.07140661682173704e-5	5.00000000000000000e0	4.99999999999999467e0	0.00000000000000000e0	2.88240134439988838e0	2.59062741323980639e0	5.00000000000000000e0	8.09856626204918939e-1	2.42956987861475682e0	2.20000422079289004e0	1.49999999999999716e1	-2.98606988916722733e-8	1.94347352233670279e-6	-1.53809975129650797e-26	-4.54305912332282485e-2	4.99999999499999936e-9	0.00000000000000000e0	0.00000000000000000e0	0.00000000000000000e0	1.04086116764472783e-1	5.01191620797165061e-1	1.37877290764001215e0
LEFT	12	24677266	5.40127554924113906e-1	9.21043953653731933e1	-9.31204124602885486e-1	-3.78019817392963775e0	3.81283114973960494e2	3.81313216272510999e2	3.78018846950352039e0	3.81376415601566805e2	3.82604571771421263e2	-4.67738947648524976e-6	5.00000000000000000e0	4.99999999999999467e0	0.00000000000000000e0	2.88122342287112376e0	2.56131309089636305e0	5.00000000000000000e0	8.09853295535845064e-1	2.42955988660753519e0	2.19999517291233504e0	1.49999999999999716e1	3.99758079572572138e-7	1.92269658172428137e-6	-5.26577444206656440e-25	-4.13851910929739289e-2	4.99999999499999936e-9	0.00000000000000000e0	0.00000000000000000e0	0.00000000000000000e0	1.04086116764478029e-1	5.00822931358661627e-1	1.37740984192513127e0
GROUP	12	24677267	5.40127554924114017e-1	9.21043953633568151e1	-9.31204126611191896e-1	-3.78019822916988835e0	3.81283114973960664e2	3.81313216272511170e2	3.78018846935578123e0	3.81376415601564759e2	3.82604571771416374e2	-4.67738951880985814e-6	5.00000000000000000e0	4.99999999999999467e0	0.00000000000000000e0	2.88122342287112376e0	2.56131309089545800e0	5.00000000000000000e0	8.09853850647357376e-1	2.42956155194207213e0	2.19999668089242784e0	1.49999999999999716e1	4.72465103426883766e-7	1.92269658183530368e-6	-5.26529589029915359e-25	-4.13851910914967078e-2	4.99999999499999936e-9	0.00000000000000000e0	0.00000000000000000e0	0.00000000000000000e0	1.04086116764477585e-1	5.00822931358661849e-1	1.37740984192513127e0
GROUP	12	24677268	5.40127554924114017e-1	9.21043953664440949e1	-9.31204123523912131e-1	-3.78019817455228857e0	3.81283114973960664e2	3.81313216272511170e2	3.78018846927788577e0	3.81376415601563451e2	3.82604571771413760e2	-4.67738954145957590e-6	5.00000000000000000e0	4.99999999999999467e0	0.00000000000000000e0	2.88122342287112376e0	2.56131309089498105e0	5.00000000000000000e0	8.09853850647357376e-1	2.42956155194207213e0	2.19999668089242784e0	1.49999999999999716e1	5.10799880992607242e-7	1.92269658183530368e-6	-5.26504359139440418e-25	-4.13851910907178377e-2	4.99999999499999936e-9	0.00000000000000000e0	0.00000000000000000e0	0.00000000000000000e0	1.04086116764477737e-1	5.00822931358661849e-1	1.37740984192513127e0
RIGHT	12	24677269	5.40127554924114128e-1	9.21043953644765310e1	-9.31204125487440137e-1	-3.78019821758843877e0	3.81283114973960608e2	3.81313216272511113e2	3.78018846918040374e0	3.81376415601561746e2	3.82604571771410519e2	-4.67738956942980914e-6	5.00000000000000000e0	4.99999999999999467e0	0.00000000000000000e0	2.88122342287112332e0	2.56131309089438508e0	5.00000000000000000e0	8.09854405758869689e-1	2.42956321727660907e0	2.19999818887252019e0	1.49999999999999716e1	5.58773650444381409e-7	1.92269658194632598e-6	-5.26472787085535709e-25	-4.13851910897431313e-2	4.99999999499999936e-9	0.00000000000000000e0	0.00000000000000000e0	0.00000000000000000e0	1.04086116764478251e-1	5.00822931358661738e-1	1.37740984192513061e0
LEFT	13	24821453	5.43249020778482916e-1	-2.19937107684480004e0	9.31375196868125670e1	4.19006094519971839e0	3.78992398171112484e2	3.79022318623599631e2	4.19004932622232218e0	3.79091515648566940e2	3.80327497879511043e2	-1.19798624212715039e-5	5.00000000000000000e0	4.99999999999999467e0	0.00000000000000000e0	2.88332596631953075e0	2.59776861518191060e0	5.00000000000000000e0	8.09854960870382001e-1	2.42956488261114600e0	2.19999969685261254e0	1.49999999999999716e1	-3.35158522566691118e-7	1.94664617403361717e-6	1.27939736925383087e-25	-4.54300813666636827e-2	4.99999999499999936e-9	0.00000000000000000e0	0.00000000000000000e0	0.00000000000000000e0	1.04086116764486716e-1	5.01481027458013151e-1	1.37984333269011583e0
GROUP	13	24821454	5.43249020778483027e-1	-2.19937107530399878e0	9.31375196883573437e1	4.19006094425930087e0	3.78992398171112768e2	3.79022318623599915e2	4.19004932608621861e0	3.79091515648564837e2	3.80327497879506609e2	-1.19798624548576444e-5	5.00000000000000000e0	4.99999999999999467e0	0.00000000000000000e0	2.88332596631953120e0	2.59776861518128399e0	5.00000000000000000e0	8.09855515981894314e-1	2.42956654794568294e0	2.20000120483270534e0	1.49999999999999716e1	-2.67147876876349318e-7	1.94664617414463947e-6	1.27928860806991839e-25	-4.54300813653026048e-2	4.99999999499999936e-9	0.00000000000000000e0	0.00000000000000000e0	0.00000000000000000e0	1.04086116764487077e-1	5.01481027458013373e-1	1.37984333269011672e0
GROUP	13	24821455	5.43249020778483027e-1	-2.19937107414610677e0	9.31375196895152442e1	4.19006094780661442e0	3.78992398171112768e2	3.79022318623599915e2	4.19004932601734570e0	3.79091515648563927e2	3.80327497879504449e2	-1.19798624709055916e-5	5.00000000000000000e0	4.99999999999999467e0	0.00000000000000000e0	2.88332596631953120e0	2.59776861518096691e0	5.00000000000000000e0	8.09855515981894314e-1	2.42956654794568294e0	2.20000120483270534e0	1.49999999999999716e1	-2.32732743019399825e-7	1.94664617414463947e-6	1.27923357563978041e-25	-4.54300813646138779e-2	4.99999999499999936e-9	0.00000000000000000e0	0.00000000000000000e0	0.00000000000000000e0	1.04086116764486925e-1	5.01481027458013373e-1	1.37984333269011672e0
GROUP	13	24821456	5.43249020778483027e-1	-2.19937107694208267e0	9.31375196867192585e1	4.19006094336458546e0	3.78992398171112598e2	3.79022318623599745e2	4.19004932592972867e0	3.79091515648562961e2	3.80327497879501664e2	-1.19798624912051936e-5	5.00000000000000000e0	4.99999999999999467e0	0.00000000000000000e0	2.88332596631953120e0	2.59776861518056368e0	5.00000000000000000e0	8.09855515981894314e-1	2.42956654794568294e0	2.20000120483270534e0	1.49999999999999716e1	-1.88951605885836354e-7	1.94664617414463947e-6	1.27916356967560794e-25	-4.54300813637377038e-2	4.99999999499999936e-9	0.00000000000000000e0	0.00000000000000000e0	0.00000000000000000e0	1.04086116764487688e-1	5.01481027458013262e-1	1.37984333269011650e0
RIGHT	13	24821457	5.43249020778483138e-1	-2.19937107623588224e0	9.31375196874334534e1	4.19006094524041828e0	3.78992398171112598e2	3.79022318623599745e2	4.19004932575449729e0	3.79091515648560573e2	3.80327497879495809e2	-1.19798625362300329e-5	5.00000000000000000e0	4.99999999999999467e0	0.00000000000000000e0	2.88332596631953120e0	2.59776861517975766e0	5.00000000000000000e0	8.09856071093406626e-1	2.42956821328021988e0	2.20000271281279769e0	1.49999999999999716e1	-1.01389332036917794e-7	1.94664617425566178e-6	1.27902356924016221e-25	-4.54300813619853347e-2	4.99999999499999936e-9	0.00000000000000000e0	0.00000000000000000e0	0.00000000000000000e0	1.04086116764490311e-1	5.01481027458013262e-1	1.37984333269011650e0
LEFT	14	25088614	5.48430767805168307e-1	-2.10533934609708728e0	9.25358731418562570e1	3.90454619079633858e0	3.81685452211718086e2	3.81715585273734746e2	3.90453658374052459e0	3.81780626474627240e2	3.83011198085052399e2	-1.32130890142954908e-5	5.00000000000000000e0	4.99999999999999467e0	0.00000000000000000e0	2.88206787092813466e0	2.60212104496613650e0	5.00000000000000000e0	8.09852740424332751e-1	2.42955822127299825e0	2.19999366493224269e0	1.49999999999999716e1	-4.09102924321075935e-7	1.94520066199022068e-6	1.62516379912459446e-30	-4.26147462576215996e-2	4.99999999499999936e-9	0.00000000000000000e0	0.00000000000000000e0	0.00000000000000000e0	1.04086116764478806e-1	5.01087243600506271e-1	1.37838695083176099e0
GROUP	14	25088615	5.48430767805168418e-1	-2.10533934638394316e0	9.25358731415613818e1	3.90454619005811310e0	3.81685452211718200e2	3.81715585273734860e2	3.90453658358514533e0	3.81780626474625194e2	3.83011198085047454e2	-1.32130890504316391e-5	5.00000000000000000e0	4.99999999999999467e0	0.00000000000000000e0	2.88206787092813421e0	2.60212104496518482e0	5.00000000000000000e0	8.09853295535845064e-1	2.42955988660753519e0	2.19999517291233504e0	1.49999999999999716e1	-3.32332947335626332e-7	1.94520066210124298e-6	1.62500785186453267e-30	-4.26147462560679119e-2	4.99999999499999936e-9	0.00000000000000000e0	0.00000000000000000e0	0.00000000000000000e0	1.04086116764479153e-1	5.01087243600505938e-1	1.37838695083176055e0
GROUP	14	25088616	5.48430767805168418e-1	-2.10533934496142194e0	9.25358731429839025e1	3.90454618987848789e0	3.81685452211718143e2	3.81715585273734803e2	3.90453658350313093e0	3.81780626474624114e2	3.83011198085044725e2	-1.32130890710839033e-5	5.00000000000000000e0	4.99999999999999467e0	0.00000000000000000e0	2.88206787092813377e0	2.60212104496468211e0	5.00000000000000000e0	8.09853295535845064e-1	2.42955988660753519e0	2.19999517291233504e0	1.49999999999999716e1	-2.91811297562997399e-7	1.94520066210124298e-6	1.62492554394552859e-30	-4.26147462552478179e-2	4.99999999499999936e-9	0.00000000000000000e0	0.00000000000000000e0	0.00000000000000000e0	1.04086116764479389e-1	5.01087243600505827e-1	1.37838695083175988e0
RIGHT	14	25088617	5.48430767805168529e-1	-2.10533934666634170e0	9.25358731412749904e1	3.90454619007607562e0	3.81685452211718086e2	3.81715585273734746e2	3.90453658339690124e0	3.81780626474622920e2	3.83011198085041087e2	-1.32130890976811732e-5	5.00000000000000000e0	4.99999999999999467e0	0.00000000000000000e0	2.88206787092813244e0	2.60212104496403107e0	5.00000000000000000e0	8.09853850647357376e-1	2.42956155194207213e0	2.19999668089242784e0	1.49999999999999716e1	-2.39325699687195423e-7	1.94520066221226529e-6	1.62481894095015500e-30	-4.26147462541855912e-2	4.99999999499999936e-9	0.00000000000000000e0	0.00000000000000000e0	0.00000000000000000e0	1.04086116764478750e-1	5.01087243600505383e-1	1.37838695083175855e0
LEFT	15	25089021	5.48438513840771025e-1	-2.09447193589370873e0	9.21349845614395235e1	3.87158766927632314e0	3.81682568596113413e2	3.81712701430476216e2	3.87157802674053864e0	3.81777264022035354e2	3.83007199094218436e2	-1.36759433531358046e-5	5.00000000000000000e0	4.99999999999999467e0	0.00000000000000000e0	2.88204035653717394e0	2.59233191993294998e0	5.00000000000000000e0	8.09854960870382001e-1	2.42956488261114600e0	2.19999969685261254e0	1.49999999999999716e1	-4.74028607959608225e-7	1.94572285339145168e-6	3.12898129981391818e-27	-4.22900107041834089e-2	4.99999999499999936e-9	0.00000000000000000e0	0.00000000000000000e0	0.00000000000000000e0	1.04086116764480735e-1	5.01078631596135526e-1	1.37835510853298193e0
GROUP	15	25089022	5.48438513840771136e-1	-2.09447193577543667e0	9.21349845615497713e1	3.87158767056462239e0	3.81682568596113526e2	3.81712701430476329e2	3.87157802662545647e0	3.81777264022033876e2	3.83007199094214911e2	-1.36759433776862652e-5	5.00000000000000000e0	4.99999999999999467e0	0.00000000000000000e0	2.88204035653717350e0	2.59233191993224210e0	5.00000000000000000e0	8.09855515981894314e-1	2.42956654794568294e0	2.20000120483270534e0	1.49999999999999716e1	-4.17245387662710904e-7	1.94572285350247398e-6	3.12875921564130217e-27	-4.22900107030326558e-2	4.99999999499999936e-9	0.00000000000000000e0	0.00000000000000000e0	0.00000000000000000e0	1.04086116764480263e-1	5.01078631596135193e-1	1.37835510853298149e0
GROUP	15	25089023	5.48438513840771136e-1	-2.09447193726025693e0	9.21349845600649502e1	3.87158767134292248e0	3.81682568596113526e2	3.81712701430476329e2	3.87157802656375027e0	3.81777264022033194e2	3.83007199094212979e2	-1.36759433913175613e-5	5.00000000000000000e0	4.99999999999999467e0	0.00000000000000000e0	2.88204035653717305e0	2.59233191993186285e0	5.00000000000000000e0	8.09855515981894314e-1	2.42956654794568294e0	2.20000120483270534e0	1.49999999999999716e1	-3.86798929239946834e-7	1.94572285350247398e-6	3.12864014335402744e-27	-4.22900107024156216e-2	4.99999999499999936e-9	0.00000000000000000e0	0.00000000000000000e0	0.00000000000000000e0	1.04086116764480097e-1	5.01078631596135193e-1	1.37835510853298104e0
GROUP	15	25089024	5.48438513840771136e-1	-2.09447193495552808e0	9.21349845623696808e1	3.87158767159752415e0	3.81682568596113413e2	3.81712701430476216e2	3.87157802648627003e0	3.81777264022032284e2	3.83007199094210534e2	-1.36759434083476686e-5	5.00000000000000000e0	4.99999999999999467e0	0.00000000000000000e0	2.88204035653717261e0	2.59233191993138679e0	5.00000000000000000e0	8.09855515981894314e-1	2.42956654794568294e0	2.20000120483270534e0	1.49999999999999716e1	-3.48569497926810566e-7	1.94572285350247398e-6	3.12849063925096403e-27	-4.22900107016408594e-2	4.99999999499999936e-9	0.00000000000000000e0	0.00000000000000000e0	0.00000000000000000e0	1.04086116764480485e-1	5.01078631596135193e-1	1.37835510853298060e0
RIGHT	15	25089025	5.48438513840771247e-1	-2.09447193622312566e0	9.21349845610980509e1	3.87158766770448892e0	3.81682568596113413e2	3.81712701430476216e2	3.87157802633131132e0	3.81777264022030124e2	3.83007199094205816e2	-1.36759434439106688e-5	5.00000000000000000e0	4.99999999999999467e0	0.00000000000000000e0	2.88204035653717172e0	2.59233191993043555e0	5.00000000000000000e0	8.09856071093406626e-1	2.42956821328021988e0	2.20000271281279769e0	1.49999999999999716e1	-2.72110635619408294e-7	1.94572285361349628e-6	3.12819165247677716e-27	-4.22900107000913489e-2	4.99999999499999936e-9	0.00000000000000000e0	0.00000000000000000e0	0.00000000000000000e0	1.04086116764480985e-1	5.01078631596134749e-1	1.37835510853297949e0
LEFT	16	25234776	5.51598686246540848e-1	9.52532797854313316e1	-9.46222898992246542e-1	-4.28705679910787385e0	3.79374749450339891e2	3.79404700088454376e2	4.28704524994813507e0	3.79475327036265014e2	3.80713107912270686e2	-1.22248495790019929e-5	5.00000000000000000e0	4.99999999999999467e0	0.00000000000000000e0	2.88405373272679055e0	2.61523861606104280e0	5.00000000000000000e0	8.09853295535845064e-1	2.42955988660753519e0	2.19999517291233504e0	1.49999999999999716e1	-3.58067948946502935e-7	1.94865678970757017e-6	1.11201192341020682e-26	-4.63946513575202585e-2	4.99999999499999936e-9	0.00000000000000000e0	0.00000000000000000e0	0.00000000000000000e0	1.04086116764479986e-1	5.01708818343485574e-1	1.38068615231240011e0
GROUP	16	25234777	5.51598686246540959e-1	9.52532797865683989e1	-9.46222897859144041e-1	-4.28705679008439766e0	3.79374749450340062e2	3.79404700088454547e2	4.28704524981032442e0	3.79475327036263138e2	3.80713107912266310e2	-1.22248496123234101e-5	5.00000000000000000e0	4.99999999999999467e0	0.00000000000000000e0	2.88405373272679100e0	2.61523861606043972e0	5.00000000000000000e0	8.09853850647357376e-1	2.42956155194207213e0	2.19999668089242784e0	1.49999999999999716e1	-2.89098687667175205e-7	1.94865678981859247e-6	1.11191605923654676e-26	-4.63946513561421178e-2	4.99999999499999936e-9	0.00000000000000000e0	0.00000000000000000e0	0.00000000000000000e0	1.04086116764480568e-1	5.01708818343485685e-1	1.38068615231240077e0
GROUP	16	25234778	5.51598686246540959e-1	9.52532797916418872e1	-9.46222892785655745e-1	-4.28705676497782484e0	3.79374749450340119e2	3.79404700088454604e2	4.28704524973709677e0	3.79475327036262172e2	3.80713107912263922e2	-1.22248496309591260e-5	5.00000000000000000e0	4.99999999999999467e0	0.00000000000000000e0	2.88405373272679100e0	2.61523861606012042e0	5.00000000000000000e0	8.09853850647357376e-1	2.42956155194207213e0	2.19999668089242784e0	1.49999999999999716e1	-2.52451099450151402e-7	1.94865678981859247e-6	1.11186512409809395e-26	-4.63946513554098078e-2	4.99999999499999936e-9	0.00000000000000000e0	0.00000000000000000e0	0.00000000000000000e0	1.04086116764479861e-1	5.01708818343485574e-1	1.38068615231240033e0
RIGHT	16	25234779	5.51598686246541070e-1	9.52532797850227553e1	-9.46222899412745733e-1	-4.28705673525189290e0	3.79374749450340119e2	3.79404700088454604e2	4.28704524964325451e0	3.79475327036261206e2	3.80713107912260853e2	-1.22248496547009970e-5	5.00000000000000000e0	4.99999999999999467e0	0.00000000000000000e0	2.88405373272679055e0	2.61523861605971097e0	5.00000000000000000e0	8.09854405758869689e-1	2.42956321727660907e0	2.19999818887252019e0	1.49999999999999716e1	-2.05487049558567233e-7	1.94865678992961477e-6	1.11179985389873950e-26	-4.63946513544713363e-2	4.99999999499999936e-9	0.00000000000000000e0	0.00000000000000000e0	0.00000000000000000e0	1.04086116764479042e-1	5.01708818343485574e-1	1.38068615231240033e0
LEFT	17	25500384	5.56764945239742404e-1	9.36607349195391237e1	-9.35646799593399692e-1	-3.92795326147321910e0	3.82056246491690388e2	3.82086408826939703e2	3.92794362813691711e0	3.82151812841330070e2	3.83382834951031157e2	-1.50972985457400057e-5	5.00000000000000000e0	4.99999999999999467e0	0.00000000000000000e0	2.88267442027781140e0	2.59936893418959025e0	5.00000000000000000e0	8.09854405758869689e-1	2.42956321727660907e0	2.19999818887252019e0	1.49999999999999716e1	-5.97243444361668794e-7	1.95020461646322474e-6	-9.20176955486371423e-24	-4.28540667807933290e-2	4.99999999499999936e-9	0.00000000000000000e0	0.00000000000000000e0	0.00000000000000000e0	1.04086116764482192e-1	5.01277093546954933e-1	1.37908900148478764e0
GROUP	17	25500385	5.56764945239742515e-1	9.36607349198759778e1	-9.35646799248544880e-1	-3.92795325327155220e0	3.82056246491690558e2	3.82086408826939874e2	3.92794362798056973e0	3.82151812841327853e2	3.83382834951025984e2	-1.50972985832796267e-5	5.00000000000000000e0	4.99999999999999467e0	0.00000000000000000e0	2.88267442027781184e0	2.59936893418865900e0	5.00000000000000000e0	8.09854960870382001e-1	2.42956488261114600e0	2.19999969685261254e0	1.49999999999999716e1	-5.20107643511323604e-7	1.95020461657424704e-6	-9.20088236526006767e-24	-4.28540667792299268e-2	4.99999999499999936e-9	0.00000000000000000e0	0.00000000000000000e0	0.00000000000000000e0	1.04086116764481554e-1	5.01277093546955044e-1	1.37908900148478808e0
GROUP	17	25500386	5.56764945239742515e-1	9.36607349155953415e1	-9.35646803529181170e-1	-3.92795328143732991e0	3.82056246491690558e2	3.82086408826939874e2	3.92794362790578377e0	3.82151812841326887e2	3.83382834951023483e2	-1.50972986006472461e-5	5.00000000000000000e0	4.99999999999999467e0	0.00000000000000000e0	2.88267442027781184e0	2.59936893418821402e0	5.00000000000000000e0	8.09854960870382001e-1	2.42956488261114600e0	2.19999969685261254e0	1.49999999999999716e1	-4.83211002269613213e-7	1.95020461657424704e-6	-9.20045802295255384e-24	-4.28540667784820944e-2	4.99999999499999936e-9	0.00000000000000000e0	0.00000000000000000e0	0.00000000000000000e0	1.04086116764481304e-1	5.01277093546955044e-1	1.37908900148478808e0
RIGHT	17	25500387	5.56764945239742626e-1	9.36607349196097232e1	-9.35646799510806204e-1	-3.92795327338724265e0	3.82056246491690388e2	3.82086408826939703e2	3.92794362780839590e0	3.82151812841325750e2	3.83382834951020243e2	-1.50972986240674039e-5	5.00000000000000000e0	4.99999999999999467e0	0.00000000000000000e0	2.88267442027781184e0	2.59936893418763448e0	5.00000000000000000e0	8.09855515981894314e-1	2.42956654794568294e0	2.20000120483270534e0	1.49999999999999716e1	-4.35163260459471177e-7	1.95020461668526934e-6	-9.19990546297420742e-24	-4.28540667775082623e-2	4.99999999499999936e-9	0.00000000000000000e0	0.00000000000000000e0	0.00000000000000000e0	1.04086116764480888e-1	5.01277093546955044e-1	1.37908900148478808e0
LEFT	18	25500794	5.56772674029291981e-1	9.32504663742693793e1	-9.34989457377781719e-1	-3.90597221293275743e0	3.82053362217459323e2	3.82083524325002770e2	3.90596257622335852e0	3.82148593013352070e2	3.83379192106796381e2	-8.65785179454185458e-6	5.00000000000000000e0	4.99999999999999467e0	0.00000000000000000e0	2.88264698976456168e0	2.59130390115884923e0	5.00000000000000000e0	8.09855515981894314e-1	2.42956654794568294e0	2.20000120483270534e0	1.49999999999999716e1	3.35229082818831728e-9	1.93348075472332681e-6	2.36284740320967181e-26	-4.26390043786344722e-2	4.99999999499999936e-9	0.00000000000000000e0	0.00000000000000000e0	0.00000000000000000e0	1.04086116764471381e-1	5.01268507796307938e-1	1.37905724817342268e0
GROUP	18	25500795	5.56772674029292092e-1	9.32504663748936053e1	-9.34989456745540792e-1	-3.90597221071683753e0	3.82053362217459551e2	3.82083524325002998e2	3.90596257608696273e0	3.82148593013350364e2	3.83379192106791663e2	-8.65785183323654053e-6	5.00000000000000000e0	4.99999999999999467e0	0.00000000000000000e0	2.88264698976456080e0	2.59130390115803921e0	5.00000000000000000e0	8.09856071093406626e-1	2.42956821328021988e0	2.20000271281279769e0	1.49999999999999716e1	7.05524722031464664e-8	1.93348075483434911e-6	2.36264893181697505e-26	-4.26390043772706395e-2	4.99999999499999936e-9	0.00000000000000000e0	0.00000000000000000e0	0.00000000000000000e0	1.04086116764471590e-1	5.01268507796307494e-1	1.37905724817342179e0
GROUP	18	25500796	5.56772674029292092e-1	9.32504663733724755e1	-9.34989458266670681e-1	-3.90597221529274696e0	3.82053362217459608e2	3.82083524325003054e2	3.90596257601886077e0	3.82148593013349512e2	3.83379192106789333e2	-8.65785185153926234e-6	5.00000000000000000e0	4.99999999999999467e0	0.00000000000000000e0	2.88264698976456080e0	2.59130390115763465e0	5.00000000000000000e0	8.09856071093406626e-1	2.42956821328021988e0	2.20000271281279769e0	1.49999999999999716e1	1.04105433048008041e-7	1.93348075483434911e-6	2.36254984155525426e-26	-4.26390043765896704e-2	4.99999999499999936e-9	0.00000000000000000e0	0.00000000000000000e0	0.00000000000000000e0	1.04086116764471617e-1	5.01268507796307494e-1	1.37905724817342179e0
GROUP	18	25500797	5.56772674029292092e-1	9.32504663744371101e1	-9.34989457202036078e-1	-3.90597222641819775e0	3.82053362217459494e2	3.82083524325002941e2	3.90596257593194407e0	3.82148593013348489e2	3.83379192106786547e2	-8.65785187411161465e-6	5.00000000000000000e0	4.99999999999999467e0	0.00000000000000000e0	2.88264698976456035e0	2.59130390115711773e0	5.00000000000000000e0	8.09856071093406626e-1	2.42956821328021988e0	2.20000271281279769e0	1.49999999999999716e1	1.46928557274528102e-7	1.93348075483434911e-6	2.36242338022543673e-26	-4.26390043757205531e-2	4.99999999499999936e-9	0.00000000000000000e0	0.00000000000000000e0	0.00000000000000000e0	1.04086116764472048e-1	5.01268507796307383e-1	1.37905724817342135e0
RIGHT	18	25500798	5.56772674029292203e-1	9.32504663756709817e1	-9.34989455964142735e-1	-3.90597222097339536e0	3.82053362217459323e2	3.82083524325002770e2	3.90596257575811023e0	3.82148593013346158e2	3.83379192106781147e2	-8.65785191724510222e-6	5.00000000000000000e0	4.99999999999999467e0	0.00000000000000000e0	2.88264698976455946e0	2.59130390115608433e0	5.00000000000000000e0	8.09856626204918939e-1	2.42956987861475682e0	2.20000422079289004e0	1.49999999999999716e1	2.32574805327461968e-7	1.93348075494537142e-6	2.36217047787272545e-26	-4.26390043739823532e-2	4.99999999499999936e-9	0.00000000000000000e0	0.00000000000000000e0	0.00000000000000000e0	1.04086116764472963e-1	5.01268507796307161e-1	1.37905724817342001e0
LEFT	19	25644688	5.59894113983763653e-1	-2.18890505688387949e0	9.20030087323824119e1	4.15825377873045454e0	3.79755218163975428e2	3.79785198839093596e2	4.15824201230685553e0	3.79853951992505984e2	3.81089340224399564e2	-6.43557490204271636e-6	5.00000000000000000e0	4.99999999999999467e0	0.00000000000000000e0	2.88449479996342317e0	2.56877088688362276e0	5.00000000000000000e0	8.09853850647357376e-1	2.42956155194207213e0	2.19999668089242784e0	1.49999999999999716e1	1.87339469858173801e-7	1.93153044980576283e-6	6.24443605924750744e-22	-4.51350980945342470e-2	4.99999999499999936e-9	0.00000000000000000e0	0.00000000000000000e0	0.00000000000000000e0	1.04086116764479736e-1	5.01846872388551524e-1	1.38119707347993326e0
GROUP	19	25644689	5.59894113983763764e-1	-2.18890505594686591e0	9.20030087333194331e1	4.15825378065670748e0	3.79755218163975599e2	3.79785198839093766e2	4.15824201219115519e0	3.79853951992504449e2	3.81089340224396040e2	-6.43557493133683246e-6	5.00000000000000000e0	4.99999999999999467e0	0.00000000000000000e0	2.88449479996342273e0	2.56877088688312449e0	5.00000000000000000e0	8.09854405758869689e-1	2.42956321727660907e0	2.19999818887252019e0	1.49999999999999716e1	2.44775606365925216e-7	1.93153044991678513e-6	6.24398775496362639e-22	-4.51350980933772766e-2	4.99999999499999936e-9	0.00000000000000000e0	0.00000000000000000e0	0.00000000000000000e0	1.04086116764480194e-1	5.01846872388551413e-1	1.38119707347993259e0
GROUP	19	25644690	5.59894113983763764e-1	-2.18890505544935632e0	9.20030087338169409e1	4.15825378074282526e0	3.79755218163975712e2	3.79785198839093880e2	4.15824201212914257e0	3.79853951992503539e2	3.81089340224394277e2	-6.43557494464349390e-6	5.00000000000000000e0	4.99999999999999467e0	0.00000000000000000e0	2.88449479996342273e0	2.56877088688285760e0	5.00000000000000000e0	8.09854405758869689e-1	2.42956321727660907e0	2.19999818887252019e0	1.49999999999999716e1	2.75560356944672905e-7	1.93153044991678513e-6	6.24374748506554720e-22	-4.51350980927571477e-2	4.99999999499999936e-9	0.00000000000000000e0	0.00000000000000000e0	0.00000000000000000e0	1.04086116764480138e-1	5.01846872388551302e-1	1.38119707347993281e0
GROUP	19	25644691	5.59894113983763764e-1	-2.18890505548203329e0	9.20030087337842559e1	4.15825377698791954e0	3.79755218163975769e2	3.79785198839093937e2	4.15824201205118271e0	3.79853951992502346e2	3.81089340224391890e2	-6.43557496390573294e-6	5.00000000000000000e0	4.99999999999999467e0	0.00000000000000000e0	2.88449479996342273e0	2.56877088688252186e0	5.00000000000000000e0	8.09854405758869689e-1	2.42956321727660907e0	2.19999818887252019e0	1.49999999999999716e1	3.14261977845127316e-7	1.93153044991678513e-6	6.24344543841813934e-22	-4.51350980919775352e-2	4.99999999499999936e-9	0.00000000000000000e0	0.00000000000000000e0	0.00000000000000000e0	1.04086116764479694e-1	5.01846872388551413e-1	1.38119707347993259e0
RIGHT	19	25644692	5.59894113983763875e-1	-2.18890505562770832e0	9.20030087336425879e1	4.15825377781499128e0	3.79755218163975826e2	3.79785198839093994e2	4.15824201189526388e0	3.79853951992500242e2	3.81089340224386774e2	-6.43557500815867619e-6	5.00000000000000000e0	4.99999999999999467e0	0.00000000000000000e0	2.88449479996342273e0	2.56877088688184996e0	5.00000000000000000e0	8.09854960870382001e-1	2.42956488261114600e0	2.19999969685261254e0	1.49999999999999716e1	3.91665219319240028e-7	1.93153045002780743e-6	6.24284138895756533e-22	-4.51350980904183449e-2	4.99999999499999936e-9	0.00000000000000000e0	0.00000000000000000e0	0.00000000000000000e0	1.04086116764479944e-1	5.01846872388551413e-1	1.38119707347993259e0
LEFT	20	25645914	5.59917364068342582e-1	-2.20411377650303653e0	9.32214979657269680e1	4.20447667476275910e0	3.79747264731851601e2	3.79777244779067246e2	4.20446503808670347e0	3.79846669772985763e2	3.81082920529333080e2	-1.11092886566277226e-5	5.00000000000000000e0	4.99999999999999467e0	0.00000000000000000e0	2.88459303441983872e0	2.60000956532785876e0	5.00000000000000000e0	8.09852740424332751e-1	2.42955822127299825e0	2.19999366493224269e0	1.49999999999999716e1	-2.57722414995092059e-7	1.94507479456262899e-6	-1.62728589456999435e-22	-4.55824539923258623e-2	4.99999999499999936e-9	0.00000000000000000e0	0.00000000000000000e0	0.00000000000000000e0	1.04086116764481637e-1	5.01877619773409389e-1	1.38131087866714375e0
GROUP	20	25645915	5.59917364068342693e-1	-2.20411377631138583e0	9.32214979659266021e1	4.20447667378238066e0	3.79747264731851772e2	3.79777244779067416e2	4.20446503796900384e0	3.79846669772984058e2	3.81082920529329272e2	-1.11092886848546043e-5	5.00000000000000000e0	4.99999999999999467e0	0.00000000000000000e0	2.88459303441983916e0	2.60000956532732097e0	5.00000000000000000e0	8.09853295535845064e-1	2.42955988660753519e0	2.19999517291233504e0	1.49999999999999716e1	-1.99044509149304180e-7	1.94507479467365130e-6	-1.62716654178041628e-22	-4.55824539911488177e-2	4.99999999499999936e-9	0.00000000000000000e0	0.00000000000000000e0	0.00000000000000000e0	1.04086116764482178e-1	5.01877619773409611e-1	1.38131087866714442e0
GROUP	20	25645916	5.59917364068342693e-1	-2.20411377554012189e0	9.32214979666978678e1	4.20447667404602043e0	3.79747264731851828e2	3.79777244779067473e2	4.20446503790596715e0	3.79846669772983319e2	3.81082920529327282e2	-1.11092886987813489e-5	5.00000000000000000e0	4.99999999999999467e0	0.00000000000000000e0	2.88459303441983916e0	2.60000956532703320e0	5.00000000000000000e0	8.09853295535845064e-1	2.42955988660753519e0	2.19999517291233504e0	1.49999999999999716e1	-1.67618616038852260e-7	1.94507479467365130e-6	-1.62710262408011554e-22	-4.55824539905184192e-2	4.99999999499999936e-9	0.00000000000000000e0	0.00000000000000000e0	0.00000000000000000e0	1.04086116764482442e-1	5.01877619773409722e-1	1.38131087866714419e0
GROUP	20	25645917	5.59917364068342693e-1	-2.20411377403494990e0	9.32214979682030389e1	4.20447667363737310e0	3.79747264731851828e2	3.79777244779067473e2	4.20446503782653824e0	3.79846669772982580e2	3.81082920529324895e2	-1.11092887175287240e-5	5.00000000000000000e0	4.99999999999999467e0	0.00000000000000000e0	2.88459303441983916e0	2.60000956532667171e0	5.00000000000000000e0	8.09853295535845064e-1	2.42955988660753519e0	2.19999517291233504e0	1.49999999999999716e1	-1.28020475372052400e-7	1.94507479467365130e-6	-1.62702208827049209e-22	-4.55824539897240893e-2	4.99999999499999936e-9	0.00000000000000000e0	0.00000000000000000e0	0.00000000000000000e0	1.04086116764482192e-1	5.01877619773409611e-1	1.38131087866714442e0
RIGHT	20	25645918	5.59917364068342804e-1	-2.20411377551826959e0	9.32214979667237031e1	4.20447667481215603e0	3.79747264731852056e2	3.79777244779067701e2	4.20446503766768043e0	3.79846669772980704e2	3.81082920529320063e2	-1.11092887537522473e-5	5.00000000000000000e0	4.99999999999999467e0	0.00000000000000000e0	2.88459303441983961e0	2.60000956532594696e0	5.00000000000000000e0	8.09853850647357376e-1	2.42956155194207213e0	2.19999668089242784e0	1.49999999999999716e1	-4.88241943805645214e-8	1.94507479478467360e-6	-1.62686102860966020e-22	-4.55824539881354504e-2	4.99999999499999936e-9	0.00000000000000000e0	0.00000000000000000e0	0.00000000000000000e0	1.04086116764481776e-1	5.01877619773409722e-1	1.38131087866714508e0
LEFT	21	25646327	5.59925111409363629e-1	-2.21253610350567920e0	9.36225419223350315e1	4.23008027294542899e0	3.79744682667446284e2	3.79774662510814721e2	4.23006868113321310e0	3.79844459859264077e2	3.81081186491403059e2	-1.19159930878187310e-5	5.00000000000000000e0	4.99999999999999467e0	0.00000000000000000e0	2.88462586365237916e0	2.60988735138264172e0	5.00000000000000000e0	8.09854960870382001e-1	2.42956488261114600e0	2.19999969685261254e0	1.49999999999999716e1	-3.36754070695487624e-7	1.94690240429284955e-6	-2.93638329904464246e-23	-4.58335860728094485e-2	4.99999999499999936e-9	0.00000000000000000e0	0.00000000000000000e0	0.00000000000000000e0	1.04086116764466427e-1	5.01887895323194777e-1	1.38134891256856451e0
GROUP	21	25646328	5.59925111409363740e-1	-2.21253610435128367e0	9.36225419214934078e1	4.23008027328893377e0	3.79744682667446511e2	3.79774662510814949e2	4.23006868098872157e0	3.79844459859262145e2	3.81081186491398569e2	-1.19159931216230112e-5	5.00000000000000000e0	4.99999999999999467e0	0.00000000000000000e0	2.88462586365237916e0	2.60988735138197780e0	5.00000000000000000e0	8.09855515981894314e-1	2.42956654794568294e0	2.20000120483270534e0	1.49999999999999716e1	-2.64620471444245710e-7	1.94690240440387186e-6	-2.93611854609712540e-23	-4.58335860713645071e-2	4.99999999499999936e-9	0.00000000000000000e0	0.00000000000000000e0	0.00000000000000000e0	1.04086116764467315e-1	5.01887895323194777e-1	1.38134891256856496e0
GROUP	21	25646329	5.59925111409363740e-1	-2.21253610333459783e0	9.36225419225100950e1	4.23008027307537304e0	3.79744682667446511e2	3.79774662510814949e2	4.23006868092331612e0	3.79844459859261406e2	3.81081186491396465e2	-1.19159931375650759e-5	5.00000000000000000e0	4.99999999999999467e0	0.00000000000000000e0	2.88462586365237916e0	2.60988735138167716e0	5.00000000000000000e0	8.09855515981894314e-1	2.42956654794568294e0	2.20000120483270534e0	1.49999999999999716e1	-2.31968316755837288e-7	1.94690240440387186e-6	-2.93599871029000738e-23	-4.58335860707104331e-2	4.99999999499999936e-9	0.00000000000000000e0	0.00000000000000000e0	0.00000000000000000e0	1.04086116764467718e-1	5.01887895323194666e-1	1.38134891256856474e0
GROUP	21	25646330	5.59925111409363740e-1	-2.21253610179346438e0	9.36225419240512338e1	4.23008027525770558e0	3.79744682667446398e2	3.79774662510814835e2	4.23006868083826948e0	3.79844459859260553e2	3.81081186491393510e2	-1.19159931592452874e-5	5.00000000000000000e0	4.99999999999999467e0	0.00000000000000000e0	2.88462586365237916e0	2.60988735138128680e0	5.00000000000000000e0	8.09855515981894314e-1	2.42956654794568294e0	2.20000120483270534e0	1.49999999999999716e1	-1.89510477078174514e-7	1.94690240440387186e-6	-2.93584289421273201e-23	-4.58335860698599398e-2	4.99999999499999936e-9	0.00000000000000000e0	0.00000000000000000e0	0.00000000000000000e0	1.04086116764468259e-1	5.01887895323194666e-1	1.38134891256856474e0
RIGHT	21	25646331	5.59925111409363852e-1	-2.21253610365288056e0	9.36225419221997726e1	4.23008027376670270e0	3.79744682667446511e2	3.79774662510814949e2	4.23006868066817798e0	3.79844459859258507e2	3.81081186491387768e2	-1.19159932025907297e-5	5.00000000000000000e0	4.99999999999999467e0	0.00000000000000000e0	2.88462586365237961e0	2.60988735138050565e0	5.00000000000000000e0	8.09856071093406626e-1	2.42956821328021988e0	2.20000271281279769e0	1.49999999999999716e1	-1.04594798116158366e-7	1.94690240451489416e-6	-2.93553128686541967e-23	-4.58335860681589533e-2	4.99999999499999936e-9	0.00000000000000000e0	0.00000000000000000e0	0.00000000000000000e0	1.04086116764467648e-1	5.01887895323194777e-1	1.38134891256856518e0
LEFT	22	25912637	5.65099108583598686e-1	-2.09000504003601595e0	9.24622849368913649e1	3.85804299297711850e0	3.82405722495467955e2	3.82435912420928105e2	3.85803335067076381e0	3.82500278749416111e2	3.83729951471272102e2	-1.19690043392749840e-5	5.00000000000000000e0	4.99999999999999467e0	0.00000000000000000e0	2.88330777528199089e0	2.59815940416558400e0	5.00000000000000000e0	8.09853850647357376e-1	2.42956155194207213e0	2.19999668089242784e0	1.49999999999999716e1	-2.91608535912462995e-7	1.94111785323247688e-6	-2.33210245136845137e-27	-4.21593598006866979e-2	4.99999999499999936e-9	0.00000000000000000e0	0.00000000000000000e0	0.00000000000000000e0	1.04086116764477377e-1	5.01475333663263134e-1	1.37982226911222017e0
GROUP	22	25912638	5.65099108583598797e-1	-2.09000503958400774e0	9.24622849373393763e1	3.85804299190454003e0	3.82405722495468126e2	3.82435912420928275e2	3.85803335052160268e0	3.82500278749414008e2	3.83729951471267100e2	-1.19690043773632875e-5	5.00000000000000000e0	4.99999999999999467e0	0.00000000000000000e0	2.88330777528199134e0	2.59815940416464208e0	5.00000000000000000e0	8.09854405758869689e-1	2.42956321727660907e0	2.19999818887252019e0	1.49999999999999716e1	-2.18110068255829514e-7	1.94111785334349918e-6	-2.33188820375293354e-27	-4.21593597991951896e-2	4.99999999499999936e-9	0.00000000000000000e0	0.00000000000000000e0	0.00000000000000000e0	1.04086116764477182e-1	5.01475333663263356e-1	1.37982226911222039e0
GROUP	22	25912639	5.65099108583598797e-1	-2.09000504127477127e0	9.24622849356486256e1	3.85804299603768186e0	3.82405722495468240e2	3.82435912420928389e2	3.85803335044309526e0	3.82500278749412985e2	3.83729951471264428e2	-1.19690043986115563e-5	5.00000000000000000e0	4.99999999999999467e0	0.00000000000000000e0	2.88330777528199134e0	2.59815940416414648e0	5.00000000000000000e0	8.09854405758869689e-1	2.42956321727660907e0	2.19999818887252019e0	1.49999999999999716e1	-1.79425760257334258e-7	1.94111785334349918e-6	-2.33177544712071455e-27	-4.21593597984101578e-2	4.99999999499999936e-9	0.00000000000000000e0	0.00000000000000000e0	0.00000000000000000e0	1.04086116764476558e-1	5.01475333663263356e-1	1.37982226911222039e0
RIGHT	22	25912640	5.65099108583598908e-1	-2.09000504027232648e0	9.24622849366430302e1	3.85804299158746744e0	3.82405722495468297e2	3.82435912420928446e2	3.85803335034367656e0	3.82500278749411734e2	3.83729951471261074e2	-1.19690044240291871e-5	5.00000000000000000e0	4.99999999999999467e0	0.00000000000000000e0	2.88330777528199089e0	2.59815940416351898e0	5.00000000000000000e0	8.09854960870382001e-1	2.42956488261114600e0	2.19999969685261254e0	1.49999999999999716e1	-1.30437658697563234e-7	1.94111785345452148e-6	-2.33163266491808673e-27	-4.21593597974160225e-2	4.99999999499999936e-9	0.00000000000000000e0	0.00000000000000000e0	0.00000000000000000e0	1.04086116764476266e-1	5.01475333663263245e-1	1.37982226911221972e0
LEFT	23	26057784	5.68243787770607023e-1	9.41162258107201808e1	-9.43507854752155595e-1	-4.19391530630666409e0	3.80095062124597860e2	3.80125069629502377e2	4.19390361434472414e0	3.80194351637001489e2	3.81430405706369640e2	-1.03720668952561174e-5	5.00000000000000000e0	4.99999999999999467e0	0.00000000000000000e0	2.88523560736890206e0	2.58600853036754685e0	5.00000000000000000e0	8.09854405758869689e-1	2.42956321727660907e0	2.19999818887252019e0	1.49999999999999716e1	-1.82990411267131250e-7	1.94185985080697066e-6	1.76588650699228496e-29	-4.54855079643376875e-2	4.99999999499999936e-9	0.00000000000000000e0	0.00000000000000000e0	0.00000000000000000e0	1.04086116764458017e-1	5.02078745106466329e-1	1.38205541878890692e0
GROUP	23	26057785	5.68243787770607134e-1	9.41162258096214543e1	-9.43507855858868538e-1	-4.19391527239818629e0	3.80095062124597973e2	3.80125069629502491e2	4.19390361420900248e0	3.80194351636999670e2	3.81430405706365264e2	-1.03720669282209897e-5	5.00000000000000000e0	4.99999999999999467e0	0.00000000000000000e0	2.88523560736890294e0	2.58600853036695044e0	5.00000000000000000e0	8.09854960870382001e-1	2.42956488261114600e0	2.19999969685261254e0	1.49999999999999716e1	-1.15493584534241707e-7	1.94185985091799296e-6	1.76573752359998754e-29	-4.54855079629804260e-2	4.99999999499999936e-9	0.00000000000000000e0	0.00000000000000000e0	0.00000000000000000e0	1.04086116764459155e-1	5.02078745106466551e-1	1.38205541878890781e0
GROUP	23	26057786	5.68243787770607134e-1	9.41162258080789940e1	-9.43507857401328920e-1	-4.19391526823813621e0	3.80095062124597973e2	3.80125069629502491e2	4.19390361414086055e0	3.80194351636998931e2	3.81430405706363217e2	-1.03720669434825092e-5	5.00000000000000000e0	4.99999999999999467e0	0.00000000000000000e0	2.88523560736890339e0	2.58600853036665068e0	5.00000000000000000e0	8.09854960870382001e-1	2.42956488261114600e0	2.19999969685261254e0	1.49999999999999716e1	-8.16060619781039166e-8	1.94185985091799296e-6	1.76566272959223769e-29	-4.54855079622989988e-2	4.99999999499999936e-9	0.00000000000000000e0	0.00000000000000000e0	0.00000000000000000e0	1.04086116764459682e-1	5.02078745106466773e-1	1.38205541878890825e0
GROUP	23	26057787	5.68243787770607134e-1	9.41162258084093679e1	-9.43507857070954969e-1	-4.19391531216732805e0	3.80095062124597916e2	3.80125069629502434e2	4.19390361405401446e0	3.80194351636997965e2	3.81430405706360432e2	-1.03720669645462145e-5	5.00000000000000000e0	4.99999999999999467e0	0.00000000000000000e0	2.88523560736890428e0	2.58600853036626788e0	5.00000000000000000e0	8.09854960870382001e-1	2.42956488261114600e0	2.19999969685261254e0	1.49999999999999716e1	-3.84172202284308196e-8	1.94185985091799296e-6	1.76556741099933468e-29	-4.54855079614305269e-2	4.99999999499999936e-9	0.00000000000000000e0	0.00000000000000000e0	0.00000000000000000e0	1.04086116764460057e-1	5.02078745106467106e-1	1.38205541878890958e0
RIGHT	23	26057788	5.68243787770607245e-1	9.41162258093448543e1	-9.43507856139476075e-1	-4.19391528121073520e0	3.80095062124598087e2	3.80125069629502605e2	4.19390361388032584e0	3.80194351636995691e2	3.81430405706354463e2	-1.03720670122877781e-5	5.00000000000000000e0	4.99999999999999467e0	0.00000000000000000e0	2.88523560736890516e0	2.58600853036550360e0	5.00000000000000000e0	8.09855515981894314e-1	2.42956654794568294e0	2.20000120483270534e0	1.49999999999999716e1	4.79604628639460800e-8	1.94185985102901526e-6	1.76537678925031999e-29	-4.54855079596935830e-2	4.99999999499999936e-9	0.00000000000000000e0	0.00000000000000000e0	0.00000000000000000e0	1.04086116764460640e-1	5.02078745106467328e-1	1.38205541878891025e0
LEFT	24	26058194	5.68251535344620140e-1	9.45260404978797339e1	-9.43897939967371258e-1	-4.20725778499918857e0	3.80092450467467813e2	3.80122457766188859e2	4.20724616285636710e0	3.80191930198814475e2	3.81428232710929990e2	-1.10067912817204831e-5	5.00000000000000000e0	4.99999999999999467e0	0.00000000000000000e0	2.88526844746674449e0	2.59717721412032887e0	5.00000000000000000e0	8.09853850647357376e-1	2.42956155194207213e0	2.19999668089242784e0	1.49999999999999716e1	-2.40021477695596227e-7	1.94392045260727286e-6	-9.16549252208218998e-26	-4.56139577142440217e-2	4.99999999499999936e-9	0.00000000000000000e0	0.00000000000000000e0	0.00000000000000000e0	1.04086116764483289e-1	5.02089024057091105e-1	1.38209347553053941e0
GROUP	24	26058195	5.68251535344620251e-1	9.45260404949664377e1	-9.43897942884660779e-1	-4.20725778528485073e0	3.80092450467468041e2	3.80122457766189086e2	4.20724616272571339e0	3.80191930198812599e2	3.81428232710925954e2	-1.10067913127508524e-5	5.00000000000000000e0	4.99999999999999467e0	0.00000000000000000e0	2.88526844746674538e0	2.59717721411973912e0	5.00000000000000000e0	8.09854405758869689e-1	2.42956321727660907e0	2.19999818887252019e0	1.49999999999999716e1	-1.74954148276643926e-7	1.94392045271829517e-6	-9.16474708470694800e-26	-4.56139577129374488e-2	4.99999999499999936e-9	0.00000000000000000e0	0.00000000000000000e0	0.00000000000000000e0	1.04086116764483136e-1	5.02089024057091327e-1	1.38209347553054052e0
GROUP	24	26058196	5.68251535344620251e-1	9.45260404952827855e1	-9.43897942568312942e-1	-4.20725777565717074e0	3.80092450467468041e2	3.80122457766189086e2	4.20724616265606688e0	3.80191930198811519e2	3.81428232710923510e2	-1.10067913321554540e-5	5.00000000000000000e0	4.99999999999999467e0	0.00000000000000000e0	2.88526844746674582e0	2.59717721411942470e0	5.00000000000000000e0	8.09854405758869689e-1	2.42956321727660907e0	2.19999818887252019e0	1.49999999999999716e1	-1.40269301244607528e-7	1.94392045271829517e-6	-9.16434974598511818e-26	-4.56139577122409642e-2	4.99999999499999936e-9	0.00000000000000000e0	0.00000000000000000e0	0.00000000000000000e0	1.04086116764483844e-1	5.02089024057091549e-1	1.38209347553054096e0
GROUP	24	26058197	5.68251535344620251e-1	9.45260404962958489e1	-9.43897941555249531e-1	-4.20725778858388022e0	3.80092450467467927e2	3.80122457766188973e2	4.20724616256734762e0	3.80191930198810098e2	3.81428232710920440e2	-1.10067913552305779e-5	5.00000000000000000e0	4.99999999999999467e0	0.00000000000000000e0	2.88526844746674671e0	2.59717721411902369e0	5.00000000000000000e0	8.09854405758869689e-1	2.42956321727660907e0	2.19999818887252019e0	1.49999999999999716e1	-9.60858633671639642e-8	1.94392045271829517e-6	-9.16384361933510651e-26	-4.56139577113537503e-2	4.99999999499999936e-9	0.00000000000000000e0	0.00000000000000000e0	0.00000000000000000e0	1.04086116764484551e-1	5.02089024057091660e-1	1.38209347553054207e0
RIGHT	24	26058198	5.68251535344620362e-1	9.45260404995096053e1	-9.43897938349465448e-1	-4.20725782665581960e0	3.80092450467467984e2	3.80122457766189029e2	4.20724616238991000e0	3.80191930198807540e2	3.81428232710914699e2	-1.10067913975699298e-5	5.00000000000000000e0	4.99999999999999467e0	0.00000000000000000e0	2.88526844746674760e0	2.59717721411822300e0	5.00000000000000000e0	8.09854960870382001e-1	2.42956488261114600e0	2.19999969685261254e0	1.49999999999999716e1	-7.71898803820621913e-9	1.94392045282931747e-6	-9.16283144988950994e-26	-4.56139577095793433e-2	4.99999999499999936e-9	0.00000000000000000e0	0.00000000000000000e0	0.00000000000000000e0	1.04086116764484968e-1	5.02089024057091882e-1	1.38209347553054296e0
LEFT	25	26058606	5.68259274948352155e-1	9.49338802434250368e1	-9.45027786305246309e-1	-4.24597846720148908e0	3.80089852870122911e2	3.80119859963770523e2	4.24596687852975485e0	3.80189890008257521e2	3.81426911460268968e2	-8.42754106722515172e-6	5.00000000000000000e0	4.99999999999999467e0	0.00000000000000000e0	2.88530130042272281e0	2.60769774849661262e0	5.00000000000000000e0	8.09855515981894314e-1	2.42956654794568294e0	2.20000120483270534e0	1.49999999999999716e1	-6.98896605292219883e-9	1.93801077330579830e-6	8.30528893348579727e-25	-4.59962640653099469e-2	4.99999999499999936e-9	0.00000000000000000e0	0.00000000000000000e0	0.00000000000000000e0	1.04086116764478750e-1	5.02099307032312314e-1	1.38213154769709257e0
GROUP	25	26058607	5.68259274948352266e-1	9.49338802451292025e1	-9.45027784605059651e-1	-4.24597845285435049e0	3.80089852870122968e2	3.80119859963770580e2	4.24596687841084819e0	3.80189890008255816e2	3.81426911460265273e2	-8.42754109644485259e-6	5.00000000000000000e0	4.99999999999999467e0	0.00000000000000000e0	2.88530130042272370e0	2.60769774849608016e0	5.00000000000000000e0	8.09856071093406626e-1	2.42956821328021988e0	2.20000271281279769e0	1.49999999999999716e1	5.23092264536776903e-8	1.93801077341682060e-6	8.30467334549037619e-25	-4.59962640641208773e-2	4.99999999499999936e-9	0.00000000000000000e0	0.00000000000000000e0	0.00000000000000000e0	1.04086116764478556e-1	5.02099307032312536e-1	1.38213154769709390e0
GROUP	25	26058608	5.68259274948352266e-1	9.49338802408597076e1	-9.45027788874554631e-1	-4.24597849454309895e0	3.80089852870122854e2	3.80119859963770466e2	4.24596687834719244e0	3.80189890008254963e2	3.81426911460263284e2	-8.42754111369676057e-6	5.00000000000000000e0	4.99999999999999467e0	0.00000000000000000e0	2.88530130042272459e0	2.60769774849579639e0	5.00000000000000000e0	8.09856071093406626e-1	2.42956821328021988e0	2.20000271281279769e0	1.49999999999999716e1	8.40543337999936836e-8	1.93801077341682060e-6	8.30434381107656816e-25	-4.59962640634842962e-2	4.99999999499999936e-9	0.00000000000000000e0	0.00000000000000000e0	0.00000000000000000e0	1.04086116764478639e-1	5.02099307032312869e-1	1.38213154769709479e0
GROUP	25	26058609	5.68259274948352266e-1	9.49338802454954447e1	-9.45027784238817503e-1	-4.24597852771183959e0	3.80089852870122684e2	3.80119859963770296e2	4.24596687826689312e0	3.80189890008254054e2	3.81426911460260499e2	-8.42754113665130939e-6	5.00000000000000000e0	4.99999999999999467e0	0.00000000000000000e0	2.88530130042272503e0	2.60769774849543845e0	5.00000000000000000e0	8.09856071093406626e-1	2.42956821328021988e0	2.20000271281279769e0	1.49999999999999716e1	1.24099586335669641e-7	1.93801077341682060e-6	8.30392813452453685e-25	-4.59962640626812788e-2	4.99999999499999936e-9	0.00000000000000000e0	0.00000000000000000e0	0.00000000000000000e0	1.04086116764478737e-1	5.02099307032312869e-1	1.38213154769709545e0
RIGHT	25	26058610	5.68259274948352378e-1	9.49338802448755388e1	-9.45027784858723408e-1	-4.24597847717502486e0	3.80089852870122741e2	3.80119859963770352e2	4.24596687810629358e0	3.80189890008252064e2	3.81426911460255155e2	-8.42754117982363851e-6	5.00000000000000000e0	4.99999999999999467e0	0.00000000000000000e0	2.88530130042272415e0	2.60769774849471858e0	5.00000000000000000e0	8.09856626204918939e-1	2.42956987861475682e0	2.20000422079289004e0	1.49999999999999716e1	2.04190091057140330e-7	1.93801077352784290e-6	8.30309684383937853e-25	-4.59962640610752718e-2	4.99999999499999936e-9	0.00000000000000000e0	0.00000000000000000e0	0.00000000000000000e0	1.04086116764477599e-1	5.02099307032312647e-1	1.38213154769709412e0
LEFT	26	26324252	5.73425535257356067e-1	9.39837789218957909e1	-9.35123585771933108e-1	-3.91045408995459232e0	3.82749287422304462e2	3.82779504471311441e2	3.91044447106662219e0	3.82844647524353491e2	3.84075332962880339e2	-1.15920958850130440e-5	5.00000000000000000e0	4.99999999999999467e0	0.00000000000000000e0	2.88397247144668833e0	2.60627962847667316e0	5.00000000000000000e0	8.09854405758869689e-1	2.42956321727660907e0	2.19999818887252019e0	1.49999999999999716e1	-2.79890352834981475e-7	1.94087440241741405e-6	5.14106190849302123e-29	-4.26834470592232576e-2	4.99999999499999936e-9	0.00000000000000000e0	0.00000000000000000e0	0.00000000000000000e0	1.04086116764486619e-1	5.01683383562813612e-1	1.38059203160489141e0
GROUP	26	26324253	5.73425535257356178e-1	9.39837789188425177e1	-9.35123588817205587e-1	-3.91045409494762675e0	3.82749287422304519e2	3.82779504471311498e2	3.91044447095276926e0	3.82844647524352013e2	3.84075332962876644e2	-1.15920959130024583e-5	5.00000000000000000e0	4.99999999999999467e0	0.00000000000000000e0	2.88397247144668789e0	2.60627962847597017e0	5.00000000000000000e0	8.09854960870382001e-1	2.42956488261114600e0	2.19999969685261254e0	1.49999999999999716e1	-2.23789706699575668e-7	1.94087440252843635e-6	5.14070139999616034e-29	-4.26834470580848002e-2	4.99999999499999936e-9	0.00000000000000000e0	0.00000000000000000e0	0.00000000000000000e0	1.04086116764486675e-1	5.01683383562813390e-1	1.38059203160489097e0
GROUP	26	26324254	5.73425535257356178e-1	9.39837789201899199e1	-9.35123587469803397e-1	-3.91045413310122392e0	3.82749287422304462e2	3.82779504471311441e2	3.91044447089163816e0	3.82844647524351331e2	3.84075332962874768e2	-1.15920959260794781e-5	5.00000000000000000e0	4.99999999999999467e0	0.00000000000000000e0	2.88397247144668745e0	2.60627962847559225e0	5.00000000000000000e0	8.09854960870382001e-1	2.42956488261114600e0	2.19999969685261254e0	1.49999999999999716e1	-1.93667230942311842e-7	1.94087440252843635e-6	5.14050784031293798e-29	-4.26834470574735322e-2	4.99999999499999936e-9	0.00000000000000000e0	0.00000000000000000e0	0.00000000000000000e0	1.04086116764486578e-1	5.01683383562813279e-1	1.38059203160489030e0
GROUP	26	26324255	5.73425535257356178e-1	9.39837789220219122e1	-9.35123585637811061e-1	-3.91045409044049652e0	3.82749287422304405e2	3.82779504471311384e2	3.91044447081500213e0	3.82844647524350478e2	3.84075332962872494e2	-1.15920959424016167e-5	5.00000000000000000e0	4.99999999999999467e0	0.00000000000000000e0	2.88397247144668745e0	2.60627962847511796e0	5.00000000000000000e0	8.09854960870382001e-1	2.42956488261114600e0	2.19999969685261254e0	1.49999999999999716e1	-1.55905073469832757e-7	1.94087440252843635e-6	5.14026520019241719e-29	-4.26834470567072424e-2	4.99999999499999936e-9	0.00000000000000000e0	0.00000000000000000e0	0.00000000000000000e0	1.04086116764486550e-1	5.01683383562813168e-1	1.38059203160489030e0
RIGHT	26	26324256	5.73425535257356289e-1	9.39837789210284029e1	-9.35123586623319625e-1	-3.91045409168928959e0	3.82749287422304576e2	3.82779504471311554e2	3.91044447066173140e0	3.82844647524348773e2	3.84075332962867492e2	-1.15920959802122510e-5	5.00000000000000000e0	4.99999999999999467e0	0.00000000000000000e0	2.88397247144668789e0	2.60627962847417027e0	5.00000000000000000e0	8.09855515981894314e-1	2.42956654794568294e0	2.20000120483270534e0	1.49999999999999716e1	-8.03807588359977152e-8	1.94087440263945865e-6	5.13977995430955817e-29	-4.26834470551746351e-2	4.99999999499999936e-9	0.00000000000000000e0	0.00000000000000000e0	0.00000000000000000e0	1.04086116764486633e-1	5.01683383562813279e-1	1.38059203160489075e0
LEFT	27	26325462	5.73448756357498590e-1	9.27499674530070877e1	-9.33794460410453553e-1	-3.86611761771247453e0	3.82740471808214807e2	3.82770688161252281e2	3.86610788035412245e0	3.82835184802113929e2	3.84065013976846558e2	-5.58293158934297261e-6	5.00000000000000000e0	4.99999999999999467e0	0.00000000000000000e0	2.88389035144724160e0	2.57817399679830617e0	5.00000000000000000e0	8.09853850647357376e-1	2.42956155194207213e0	2.19999668089242784e0	1.49999999999999716e1	3.21920845076912453e-7	1.92543431087877082e-6	2.54372413629873541e-27	-4.22547498397049456e-2	4.99999999499999936e-9	0.00000000000000000e0	0.00000000000000000e0	0.00000000000000000e0	1.04086116764474657e-1	5.01657680002986717e-1	1.38049691954672360e0
GROUP	27	26325463	5.73448756357498701e-1	9.27499674531831033e1	-9.33794460226380352e-1	-3.86611761788832364e0	3.82740471808214977e2	3.82770688161252451e2	3.86610788019393503e0	3.82835184802111655e2	3.84065013976841044e2	-5.58293163570588341e-6	5.00000000000000000e0	4.99999999999999467e0	0.00000000000000000e0	2.88389035144724248e0	2.57817399679735404e0	5.00000000000000000e0	8.09854405758869689e-1	2.42956321727660907e0	2.19999818887252019e0	1.49999999999999716e1	4.00528114096581491e-7	1.92543431098979312e-6	2.54347420455337798e-27	-4.22547498381032408e-2	4.99999999499999936e-9	0.00000000000000000e0	0.00000000000000000e0	0.00000000000000000e0	1.04086116764474781e-1	5.01657680002986939e-1	1.38049691954672449e0
GROUP	27	26325464	5.73448756357498701e-1	9.27499674530168221e1	-9.33794460392661563e-1	-3.86611762407435977e0	3.82740471808214977e2	3.82770688161252451e2	3.86610788010951767e0	3.82835184802110518e2	3.84065013976838145e2	-5.58293166099242913e-6	5.00000000000000000e0	4.99999999999999467e0	0.00000000000000000e0	2.88389035144724248e0	2.57817399679685311e0	5.00000000000000000e0	8.09854405758869689e-1	2.42956321727660907e0	2.19999818887252019e0	1.49999999999999716e1	4.41953767218635155e-7	1.92543431098979312e-6	2.54334250160465887e-27	-4.22547498372591451e-2	4.99999999499999936e-9	0.00000000000000000e0	0.00000000000000000e0	0.00000000000000000e0	1.04086116764474448e-1	5.01657680002986939e-1	1.38049691954672471e0
RIGHT	27	26325465	5.73448756357498812e-1	9.27499674527972502e1	-9.33794460608226018e-1	-3.86611763082535331e0	3.82740471808214920e2	3.82770688161252394e2	3.86610787999992445e0	3.82835184802109040e2	3.84065013976834450e2	-5.58293169246831914e-6	5.00000000000000000e0	4.99999999999999467e0	0.00000000000000000e0	2.88389035144724115e0	2.57817399679620252e0	5.00000000000000000e0	8.09854960870382001e-1	2.42956488261114600e0	2.19999969685261254e0	1.49999999999999716e1	4.95733233434510254e-7	1.92543431110081542e-6	2.54317153283699907e-27	-4.22547498361633134e-2	4.99999999499999936e-9	0.00000000000000000e0	0.00000000000000000e0	0.00000000000000000e0	1.04086116764473630e-1	5.01657680002986384e-1	1.38049691954672316e0
LEFT	28	26325862	5.73456499735450875e-1	9.23375955316576409e1	-9.32691787080742074e-1	-3.82946334462964755e0	3.82737479550476849e2	3.82767695667283419e2	3.82945360153513015e0	3.82831655886582098e2	3.84060773572531218e2	-4.88399207436308660e-6	5.00000000000000000e0	4.99999999999999467e0	0.00000000000000000e0	2.88386317902625722e0	2.56914797088481794e0	5.00000000000000000e0	8.09852740424332751e-1	2.42955822127299825e0	2.19999366493224269e0	1.49999999999999716e1	3.69655231667096945e-7	1.92329885184694405e-6	-1.28007313094704713e-22	-4.18930337621241933e-2	4.99999999499999936e-9	0.00000000000000000e0	0.00000000000000000e0	0.00000000000000000e0	1.04086116764473463e-1	5.01649175035218664e-1	1.38046544894686307e0
GROUP	28	26325863	5.73456499735450986e-1	9.23375955303676648e1	-9.32691788362660645e-1	-3.82946337110268464e0	3.82737479550477076e2	3.82767695667283647e2	3.82945360140908786e0	3.82831655886580393e2	3.84060773572527069e2	-4.88399210999253819e-6	5.00000000000000000e0	4.99999999999999467e0	0.00000000000000000e0	2.88386317902625722e0	2.56914797088406255e0	5.00000000000000000e0	8.09853295535845064e-1	2.42955988660753519e0	2.19999517291233504e0	1.49999999999999716e1	4.31423298103478290e-7	1.92329885195796635e-6	-1.27997430020386315e-22	-4.18930337608639167e-2	4.99999999499999936e-9	0.00000000000000000e0	0.00000000000000000e0	0.00000000000000000e0	1.04086116764473352e-1	5.01649175035218442e-1	1.38046544894686263e0
GROUP	28	26325864	5.73456499735450986e-1	9.23375955365278855e1	-9.32691782202439867e-1	-3.82946332741608453e0	3.82737479550477190e2	3.82767695667283760e2	3.82945360134167068e0	3.82831655886579426e2	3.84060773572524909e2	-4.88399212893382797e-6	5.00000000000000000e0	4.99999999999999467e0	0.00000000000000000e0	2.88386317902625677e0	2.56914797088365843e0	5.00000000000000000e0	8.09853295535845064e-1	2.42955988660753519e0	2.19999517291233504e0	1.49999999999999716e1	4.64461710783205336e-7	1.92329885195796635e-6	-1.27992144089313190e-22	-4.18930337601898170e-2	4.99999999499999936e-9	0.00000000000000000e0	0.00000000000000000e0	0.00000000000000000e0	1.04086116764473269e-1	5.01649175035218442e-1	1.38046544894686196e0
GROUP	28	26325865	5.73456499735450986e-1	9.23375955341600445e1	-9.32691784570280902e-1	-3.82946334346506623e0	3.82737479550477133e2	3.82767695667283704e2	3.82945360125628786e0	3.82831655886578233e2	3.84060773572522123e2	-4.88399215247646246e-6	5.00000000000000000e0	4.99999999999999467e0	0.00000000000000000e0	2.88386317902625677e0	2.56914797088314728e0	5.00000000000000000e0	8.09853295535845064e-1	2.42955988660753519e0	2.19999517291233504e0	1.49999999999999716e1	5.06304333104754545e-7	1.92329885195796635e-6	-1.27985449855262369e-22	-4.18930337593360763e-2	4.99999999499999936e-9	0.00000000000000000e0	0.00000000000000000e0	0.00000000000000000e0	1.04086116764473310e-1	5.01649175035218331e-1	1.38046544894686218e0
RIGHT	28	26325866	5.73456499735451097e-1	9.23375955321572377e1	-9.32691786569051828e-1	-3.82946335169948604e0	3.82737479550477133e2	3.82767695667283704e2	3.82945360108552313e0	3.82831655886575732e2	3.84060773572516496e2	-4.88399220159751751e-6	5.00000000000000000e0	4.99999999999999467e0	0.00000000000000000e0	2.88386317902625677e0	2.56914797088212454e0	5.00000000000000000e0	8.09853850647357376e-1	2.42956155194207213e0	2.19999668089242784e0	1.49999999999999716e1	5.89989577365858893e-7	1.92329885206898865e-6	-1.27972062437497021e-22	-4.18930337576286019e-2	4.99999999499999936e-9	0.00000000000000000e0	0.00000000000000000e0	0.00000000000000000e0	1.04086116764473172e-1	5.01649175035218331e-1	1.38046544894686218e0
LEFT	29	26326264	5.73464245555491692e-1	9.19247763100879780e1	-9.31110822449142006e-1	-3.77711555900924223e0	3.82734448571904238e2	3.82764664449423037e2	3.77710575163678852e0	3.82827858532576045e2	3.84055954336687819e2	-5.37215907026186613e-6	5.00000000000000000e0	4.99999999999999467e0	0.00000000000000000e0	2.88383610501196053e0	2.55899842764904406e0	5.00000000000000000e0	8.09855515981894314e-1	2.42956654794568294e0	2.20000120483270534e0	1.49999999999999716e1	3.22372241160141608e-7	1.92360548123549080e-6	1.31845852888322586e-27	-4.13743366714464517e-2	4.99999999499999936e-9	0.00000000000000000e0	0.00000000000000000e0	0.00000000000000000e0	1.04086116764481845e-1	5.01640700868743572e-1	1.38043409267659234e0
GROUP	29	26326265	5.73464245555491803e-1	9.19247763102112145e1	-9.31110822321869591e-1	-3.77711553669542521e0	3.82734448571904352e2	3.82764664449423151e2	3.77710575151803329e0	3.82827858532574453e2	3.84055954336683840e2	-5.37215910407546120e-6	5.00000000000000000e0	4.99999999999999467e0	0.00000000000000000e0	2.88383610501195964e0	2.55899842764831886e0	5.00000000000000000e0	8.09856071093406626e-1	2.42956821328021988e0	2.20000271281279769e0	1.49999999999999716e1	3.80491912681109875e-7	1.92360548134651310e-6	1.31836274688615445e-27	-4.13743366702590196e-2	4.99999999499999936e-9	0.00000000000000000e0	0.00000000000000000e0	0.00000000000000000e0	1.04086116764481554e-1	5.01640700868743350e-1	1.38043409267659123e0
GROUP	29	26326266	5.73464245555491803e-1	9.19247763052695177e1	-9.31110827263566421e-1	-3.77711559321193979e0	3.82734448571904352e2	3.82764664449423151e2	3.77710575145436955e0	3.82827858532573714e2	3.84055954336681737e2	-5.37215912130232664e-6	5.00000000000000000e0	4.99999999999999467e0	0.00000000000000000e0	2.88383610501195831e0	2.55899842764793028e0	5.00000000000000000e0	8.09856071093406626e-1	2.42956821328021988e0	2.20000271281279769e0	1.49999999999999716e1	4.11649419177322185e-7	1.92360548134651310e-6	1.31831140176305697e-27	-4.13743366696224454e-2	4.99999999499999936e-9	0.00000000000000000e0	0.00000000000000000e0	0.00000000000000000e0	1.04086116764481026e-1	5.01640700868742906e-1	1.38043409267658967e0
GROUP	29	26326267	5.73464245555491803e-1	9.19247763095037698e1	-9.31110823029314361e-1	-3.77711550367042825e0	3.82734448571904295e2	3.82764664449423094e2	3.77710575137424964e0	3.82827858532572918e2	3.84055954336678894e2	-5.37215914470387847e-6	5.00000000000000000e0	4.99999999999999467e0	0.00000000000000000e0	2.88383610501195697e0	2.55899842764744134e0	5.00000000000000000e0	8.09856071093406626e-1	2.42956821328021988e0	2.20000271281279769e0	1.49999999999999716e1	4.50860961222759653e-7	1.92360548134651310e-6	1.31824678706375396e-27	-4.13743366688213224e-2	4.99999999499999936e-9	0.00000000000000000e0	0.00000000000000000e0	0.00000000000000000e0	1.04086116764481526e-1	5.01640700868742462e-1	1.38043409267658812e0
RIGHT	29	26326268	5.73464245555491914e-1	9.19247763100867985e1	-9.31110822438199648e-1	-3.77711552898909853e0	3.82734448571904466e2	3.82764664449423265e2	3.77710575121401071e0	3.82827858532570929e2	3.84055954336673210e2	-5.37215919179781343e-6	5.00000000000000000e0	4.99999999999999467e0	0.00000000000000000e0	2.88383610501195786e0	2.55899842764646346e0	5.00000000000000000e0	8.09856626204918939e-1	2.42956987861475682e0	2.20000422079289004e0	1.49999999999999716e1	5.29284044978170473e-7	1.92360548145753540e-6	1.31811756716584033e-27	-4.13743366672190832e-2	4.99999999499999936e-9	0.00000000000000000e0	0.00000000000000000e0	0.00000000000000000e0	1.04086116764483455e-1	5.01640700868742684e-1	1.38043409267658923e0
LEFT	30	26883159	5.84919877302998326e-1	9.46145680110101921e1	-9.43963817824624130e-1	-4.20951241788950803e0	3.80756917001584270e2	3.80786976758189610e2	4.20950074941248342e0	3.80856493230600222e2	3.82092837688766906e2	-9.94147763399250079e-6	5.00000000000000000e0	4.99999999999999467e0	0.00000000000000000e0	2.88641439326266624e0	2.59394327390385993e0	5.00000000000000000e0	8.09853295535845064e-1	2.42955988660753519e0	2.19999517291233504e0	1.49999999999999716e1	-1.34040807691164608e-7	1.94101759165565824e-6	-2.48583979160942085e-26	-4.56435442940444983e-2	4.99999999499999936e-9	0.00000000000000000e0	0.00000000000000000e0	0.00000000000000000e0	1.04086116764480652e-1	5.02447705091214614e-1	1.38342178275748395e0
GROUP	30	26883160	5.84919877302998437e-1	9.46145680092382833e1	-9.43963819604505261e-1	-4.20951240418173089e0	3.80756917001584441e2	3.80786976758189780e2	4.20950074927503515e0	3.80856493230598517e2	3.82092837688762529e2	-9.94147766839891981e-6	5.00000000000000000e0	4.99999999999999467e0	0.00000000000000000e0	2.88641439326266713e0	2.59394327390324708e0	5.00000000000000000e0	8.09853850647357376e-1	2.42956155194207213e0	2.19999668089242784e0	1.49999999999999716e1	-6.57265541854001997e-8	1.94101759176668054e-6	-2.48562752779895289e-26	-4.56435442926700213e-2	4.99999999499999936e-9	0.00000000000000000e0	0.00000000000000000e0	0.00000000000000000e0	1.04086116764480471e-1	5.02447705091214836e-1	1.38342178275748506e0
GROUP	30	26883161	5.84919877302998437e-1	9.46145680088485221e1	-9.43963819994266373e-1	-4.20951241890426608e0	3.80756917001584384e2	3.80786976758189724e2	4.20950074920196116e0	3.80856493230597550e2	3.82092837688760255e2	-9.94147768643466192e-6	5.00000000000000000e0	4.99999999999999467e0	0.00000000000000000e0	2.88641439326266713e0	2.59394327390292156e0	5.00000000000000000e0	8.09853850647357376e-1	2.42956155194207213e0	2.19999668089242784e0	1.49999999999999716e1	-2.94071760561729914e-8	1.94101759176668054e-6	-2.48551468479644805e-26	-4.56435442919392725e-2	4.99999999499999936e-9	0.00000000000000000e0	0.00000000000000000e0	0.00000000000000000e0	1.04086116764480277e-1	5.02447705091214836e-1	1.38342178275748506e0
RIGHT	30	26883162	5.84919877302998548e-1	9.46145680101337518e1	-9.43963818709036673e-1	-4.20951235555169045e0	3.80756917001584213e2	3.80786976758189553e2	4.20950074910840755e0	3.80856493230596186e2	3.82092837688757243e2	-9.94147770900305858e-6	5.00000000000000000e0	4.99999999999999467e0	0.00000000000000000e0	2.88641439326266669e0	2.59394327390250412e0	5.00000000000000000e0	8.09854405758869689e-1	2.42956321727660907e0	2.19999818887252019e0	1.49999999999999716e1	1.70910307569589279e-8	1.94101759187770284e-6	-2.48537022401622460e-26	-4.56435442910037084e-2	4.99999999499999936e-9	0.00000000000000000e0	0.00000000000000000e0	0.00000000000000000e0	1.04086116764479625e-1	5.02447705091214725e-1	1.38342178275748462e0
LEFT	31	26883569	5.84927622370974509e-1	9.50226865026627507e1	-9.44926854539687611e-1	-4.24251489559841133e0	3.80754310476666149e2	3.80784370027493196e2	4.24250330239091067e0	3.80854365709617923e2	3.82091322976697882e2	-9.53841705566487909e-6	5.00000000000000000e0	4.99999999999999467e0	0.00000000000000000e0	2.88644708939753292e0	2.60502636595829262e0	5.00000000000000000e0	8.09853850647357376e-1	2.42956155194207213e0	2.19999668089242784e0	1.49999999999999716e1	-1.13720487865689068e-7	1.94057215652243542e-6	2.43314240293112566e-22	-4.59686850029264044e-2	4.99999999499999936e-9	0.00000000000000000e0	0.00000000000000000e0	0.00000000000000000e0	1.04086116764484440e-1	5.02457938981427765e-1	1.38345969139160774e0
GROUP	31	26883570	5.84927622370974620e-1	9.50226865038776936e1	-9.44926853328738048e-1	-4.24251489617858901e0	3.80754310476666319e2	3.80784370027493367e2	4.24250330227864225e0	3.80854365709616502e2	3.82091322976694357e2	-9.53841708324831390e-6	5.00000000000000000e0	4.99999999999999467e0	0.00000000000000000e0	2.88644708939753203e0	2.60502636595779169e0	5.00000000000000000e0	8.09854405758869689e-1	2.42956321727660907e0	2.19999818887252019e0	1.49999999999999716e1	-5.78443027835529848e-8	1.94057215663345772e-6	2.43297246546297587e-22	-4.59686850018037191e-2	4.99999999499999936e-9	0.00000000000000000e0	0.00000000000000000e0	0.00000000000000000e0	1.04086116764485301e-1	5.02457938981427654e-1	1.38345969139160685e0
GROUP	31	26883571	5.84927622370974620e-1	9.50226865055041543e1	-9.44926851702277304e-1	-4.24251493861345530e0	3.80754310476666433e2	3.80784370027493480e2	4.24250330221831451e0	3.80854365709615934e2	3.82091322976692595e2	-9.53841709666975254e-6	5.00000000000000000e0	4.99999999999999467e0	0.00000000000000000e0	2.88644708939753158e0	2.60502636595752302e0	5.00000000000000000e0	8.09854405758869689e-1	2.42956321727660907e0	2.19999818887252019e0	1.49999999999999716e1	-2.78180681114773675e-8	1.94057215663345772e-6	2.43288115091887780e-22	-4.59686850012004239e-2	4.99999999499999936e-9	0.00000000000000000e0	0.00000000000000000e0	0.00000000000000000e0	1.04086116764485329e-1	5.02457938981427321e-1	1.38345969139160618e0
GROUP	31	26883572	5.84927622370974620e-1	9.50226865023136043e1	-9.44926854892827350e-1	-4.24251495716956128e0	3.80754310476666433e2	3.80784370027493480e2	4.24250330214273319e0	3.80854365709615195e2	3.82091322976690151e2	-9.53841711529650172e-6	5.00000000000000000e0	4.99999999999999467e0	0.00000000000000000e0	2.88644708939753070e0	2.60502636595718640e0	5.00000000000000000e0	8.09854405758869689e-1	2.42956321727660907e0	2.19999818887252019e0	1.49999999999999716e1	9.79983867193550545e-9	1.94057215663345772e-6	2.43276675373151486e-22	-4.59686850004445979e-2	4.99999999499999936e-9	0.00000000000000000e0	0.00000000000000000e0	0.00000000000000000e0	1.04086116764485218e-1	5.02457938981427099e-1	1.38345969139160507e0
RIGHT	31	26883573	5.84927622370974731e-1	9.50226865009295523e1	-9.44926856284837413e-1	-4.24251494338362534e0	3.80754310476666546e2	3.80784370027493594e2	4.24250330199156700e0	3.80854365709613262e2	3.82091322976684978e2	-9.53841715727466854e-6	5.00000000000000000e0	4.99999999999999467e0	0.00000000000000000e0	2.88644708939753070e0	2.60502636595651271e0	5.00000000000000000e0	8.09854960870382001e-1	2.42956488261114600e0	2.19999969685261254e0	1.49999999999999716e1	8.50356519300106233e-8	1.94057215674448003e-6	2.43253797549371822e-22	-4.59686849989329391e-2	4.99999999499999936e-9	0.00000000000000000e0	0.00000000000000000e0	0.00000000000000000e0	1.04086116764482747e-1	5.02457938981427210e-1	1.38345969139160507e0
LEFT	32	27149816	5.90093877594281002e-1	9.38946851836737153e1	-9.35330067124354514e-1	-3.91735686593422372e0	3.83396226257899173e2	3.83426494381024725e2	3.91734722057968598e0	3.83491754738171835e2	3.84722573068038628e2	-1.06667974575811854e-5	5.00000000000000000e0	4.99999999999999467e0	0.00000000000000000e0	2.88501726483468124e0	2.60509952722517824e0	5.00000000000000000e0	8.09853850647357376e-1	2.42956155194207213e0	2.19999668089242784e0	1.49999999999999716e1	-1.73640352773624670e-7	1.93835008821530153e-6	1.54322800516828198e-27	-4.27615012845453391e-2	4.99999999499999936e-9	0.00000000000000000e0	0.00000000000000000e0	0.00000000000000000e0	1.04086116764476669e-1	5.02010403893255241e-1	1.38180240590402525e0
GROUP	32	27149817	5.90093877594281113e-1	9.38946851853057751e1	-9.35330065488273021e-1	-3.91735687459965920e0	3.83396226257899400e2	3.83426494381024952e2	3.91734722043129047e0	3.83491754738169902e2	3.84722573068033796e2	-1.06667974947619829e-5	5.00000000000000000e0	4.99999999999999467e0	0.00000000000000000e0	2.88501726483468079e0	2.60509952722427096e0	5.00000000000000000e0	8.09854405758869689e-1	2.42956321727660907e0	2.19999818887252019e0	1.49999999999999716e1	-1.00703272171589889e-7	1.93835008832632383e-6	1.54308731339236954e-27	-4.27615012830614913e-2	4.99999999499999936e-9	0.00000000000000000e0	0.00000000000000000e0	0.00000000000000000e0	1.04086116764476655e-1	5.02010403893255019e-1	1.38180240590402459e0
GROUP	32	27149818	5.90093877594281113e-1	9.38946851859542164e1	-9.35330064839831721e-1	-3.91735682330713875e0	3.83396226257899400e2	3.83426494381024952e2	3.91734722035336924e0	3.83491754738168652e2	3.84722573068031295e2	-1.06667975139649906e-5	5.00000000000000000e0	4.99999999999999467e0	0.00000000000000000e0	2.88501726483468035e0	2.60509952722379401e0	5.00000000000000000e0	8.09854405758869689e-1	2.42956321727660907e0	2.19999818887252019e0	1.49999999999999716e1	-6.24040650390576471e-8	1.93835008832632383e-6	1.54301344138050760e-27	-4.27615012822823159e-2	4.99999999499999936e-9	0.00000000000000000e0	0.00000000000000000e0	0.00000000000000000e0	1.04086116764475975e-1	5.02010403893254908e-1	1.38180240590402437e0
RIGHT	32	27149819	5.90093877594281224e-1	9.38946851805744558e1	-9.35330070211605857e-1	-3.91735690037352180e0	3.83396226257899286e2	3.83426494381024838e2	3.91734722025469484e0	3.83491754738167117e2	3.84722573068028112e2	-1.06667975384519643e-5	5.00000000000000000e0	4.99999999999999467e0	0.00000000000000000e0	2.88501726483468035e0	2.60509952722319005e0	5.00000000000000000e0	8.09854960870382001e-1	2.42956488261114600e0	2.19999969685261254e0	1.49999999999999716e1	-1.39048988141116155e-8	1.93835008843734613e-6	1.54291990062839957e-27	-4.27615012812956330e-2	4.99999999499999936e-9	0.00000000000000000e0	0.00000000000000000e0	0.00000000000000000e0	1.04086116764475101e-1	5.02010403893254908e-1	1.38180240590402437e0
LEFT	33	27150224	5.90101634100829719e-1	9.34840987618831747e1	-9.33974000707607388e-1	-3.87209677212992842e0	3.83393319570628819e2	3.83423587464279080e2	3.87208707770617400e0	3.83488198582306836e2	3.84718143508593528e2	-1.52889090242140867e-5	5.00000000000000000e0	4.99999999999999467e0	0.00000000000000000e0	2.88498963102127792e0	2.59511019009440114e0	5.00000000000000000e0	8.09855515981894314e-1	2.42956654794568294e0	2.20000120483270534e0	1.49999999999999716e1	-6.05671990771514364e-7	1.94934322561568507e-6	3.05913592842815686e-26	-4.23137787211059213e-2	4.99999999499999936e-9	0.00000000000000000e0	0.00000000000000000e0	0.00000000000000000e0	1.04086116764487480e-1	5.02001754509660003e-1	1.38177038580153178e0
GROUP	33	27150225	5.90101634100829830e-1	9.34840987604503937e1	-9.33974002132359260e-1	-3.87209678335139529e0	3.83393319570629046e2	3.83423587464279308e2	3.87208707755437898e0	3.83488198582304562e2	3.84718143508588469e2	-1.52889090607762131e-5	5.00000000000000000e0	4.99999999999999467e0	0.00000000000000000e0	2.88498963102127748e0	2.59511019009346100e0	5.00000000000000000e0	8.09856071093406626e-1	2.42956821328021988e0	2.20000271281279769e0	1.49999999999999716e1	-5.31162961280410357e-7	1.94934322572670737e-6	3.05885102511956740e-26	-4.23137787195880313e-2	4.99999999499999936e-9	0.00000000000000000e0	0.00000000000000000e0	0.00000000000000000e0	1.04086116764487147e-1	5.02001754509659781e-1	1.38177038580153133e0
GROUP	33	27150226	5.90101634100829830e-1	9.34840987631086477e1	-9.33973999474105199e-1	-3.87209674472928089e0	3.83393319570629103e2	3.83423587464279365e2	3.87208707747853165e0	3.83488198582303482e2	3.84718143508585968e2	-1.52889090786511324e-5	5.00000000000000000e0	4.99999999999999467e0	0.00000000000000000e0	2.88498963102127659e0	2.59511019009299115e0	5.00000000000000000e0	8.09856071093406626e-1	2.42956821328021988e0	2.20000271281279769e0	1.49999999999999716e1	-4.93933297027565230e-7	1.94934322572670737e-6	3.05870867842805234e-26	-4.23137787188295894e-2	4.99999999499999936e-9	0.00000000000000000e0	0.00000000000000000e0	0.00000000000000000e0	1.04086116764487785e-1	5.02001754509659559e-1	1.38177038580153022e0
RIGHT	33	27150227	5.90101634100829942e-1	9.34840987612235494e1	-9.33974001355196037e-1	-3.87209673432276213e0	3.83393319570629160e2	3.83423587464279422e2	3.87208707737932878e0	3.83488198582302061e2	3.84718143508582784e2	-1.52889091014984265e-5	5.00000000000000000e0	4.99999999999999467e0	0.00000000000000000e0	2.88498963102127615e0	2.59511019009237609e0	5.00000000000000000e0	8.09856626204918939e-1	2.42956987861475682e0	2.20000422079289004e0	1.49999999999999716e1	-4.45239808566895461e-7	1.94934322583772968e-6	3.05852251008822994e-26	-4.23137787178376121e-2	4.99999999499999936e-9	0.00000000000000000e0	0.00000000000000000e0	0.00000000000000000e0	1.04086116764487299e-1	5.02001754509659448e-1	1.38177038580152978e0
LEFT	34	27707688	6.01580463341360283e-1	9.42925777302095725e1	-9.44214443247545887e-1	-4.21809333813171428e0	3.81359789555086365e2	3.81389896906893284e2	4.21808162944666698e0	3.81459546815116425e2	3.82696050821432550e2	-4.54315095922714931e-6	5.00000000000000000e0	4.99999999999999467e0	0.00000000000000000e0	2.88749292403898528e0	2.58794908953605773e0	5.00000000000000000e0	8.09854405758869689e-1	2.42956321727660907e0	2.19999818887252019e0	1.49999999999999716e1	3.68841064607711842e-7	1.92770812590392637e-6	7.54535746312790864e-27	-4.57406079197115248e-2	4.99999999499999936e-9	0.00000000000000000e0	0.00000000000000000e0	0.00000000000000000e0	1.04086116764481235e-1	5.02785285224202516e-1	1.38467252960145060e0
GROUP	34	27707689	6.01580463341360394e-1	9.42925777315510629e1	-9.44214441914041913e-1	-4.21809335152045861e0	3.81359789555086593e2	3.81389896906893512e2	4.21808162931114250e0	3.81459546815114663e2	3.82696050821428344e2	-4.54315099544320340e-6	5.00000000000000000e0	4.99999999999999467e0	0.00000000000000000e0	2.88749292403898483e0	2.58794908953547198e0	5.00000000000000000e0	8.09854960870382001e-1	2.42956488261114600e0	2.19999969685261254e0	1.49999999999999716e1	4.35984475001385690e-7	1.92770812601494868e-6	7.54472421337514027e-27	-4.57406079183563172e-2	4.99999999499999936e-9	0.00000000000000000e0	0.00000000000000000e0	0.00000000000000000e0	1.04086116764480749e-1	5.02785285224202405e-1	1.38467252960145015e0
GROUP	34	27707690	6.01580463341360394e-1	9.42925777304447763e1	-9.44214443020328531e-1	-4.21809337253574768e0	3.81359789555086593e2	3.81389896906893512e2	4.21808162924355479e0	3.81459546815113754e2	3.82696050821426240e2	-4.54315101403437550e-6	5.00000000000000000e0	4.99999999999999467e0	0.00000000000000000e0	2.88749292403898439e0	2.58794908953517977e0	5.00000000000000000e0	8.09854960870382001e-1	2.42956488261114600e0	2.19999969685261254e0	1.49999999999999716e1	4.69470009642815594e-7	1.92770812601494868e-6	7.54440842106008669e-27	-4.57406079176804481e-2	4.99999999499999936e-9	0.00000000000000000e0	0.00000000000000000e0	0.00000000000000000e0	1.04086116764480777e-1	5.02785285224202072e-1	1.38467252960144949e0
GROUP	34	27707691	6.01580463341360394e-1	9.42925777325763335e1	-9.44214440888771378e-1	-4.21809336988256067e0	3.81359789555086479e2	3.81389896906893398e2	4.21808162915726648e0	3.81459546815112503e2	3.82696050821423626e2	-4.54315103672413590e-6	5.00000000000000000e0	4.99999999999999467e0	0.00000000000000000e0	2.88749292403898439e0	2.58794908953480718e0	5.00000000000000000e0	8.09854960870382001e-1	2.42956488261114600e0	2.19999969685261254e0	1.49999999999999716e1	5.12220469381077553e-7	1.92770812601494868e-6	7.54400527314575276e-27	-4.57406079168175550e-2	4.99999999499999936e-9	0.00000000000000000e0	0.00000000000000000e0	0.00000000000000000e0	1.04086116764480707e-1	5.02785285224202072e-1	1.38467252960144949e0
RIGHT	34	27707692	6.01580463341360505e-1	9.42925777288592570e1	-9.44214444613834303e-1	-4.21809335491408532e0	3.81359789555086536e2	3.81389896906893455e2	4.21808162898468986e0	3.81459546815110059e2	3.82696050821418225e2	-4.54315108353823658e-6	5.00000000000000000e0	4.99999999999999467e0	0.00000000000000000e0	2.88749292403898616e0	2.58794908953406333e0	5.00000000000000000e0	8.09855515981894314e-1	2.42956654794568294e0	2.20000120483270534e0	1.49999999999999716e1	5.97721388458851817e-7	1.92770812612597098e-6	7.54319904194397926e-27	-4.57406079150917896e-2	4.99999999499999936e-9	0.00000000000000000e0	0.00000000000000000e0	0.00000000000000000e0	1.04086116764480999e-1	5.02785285224202627e-1	1.38467252960145148e0
LEFT	35	27708869	6.01603728238097823e-1	9.55184603114097541e1	-9.46609300664277953e-1	-4.30036455447215360e0	3.81352024627057801e2	3.81382131365844089e2	4.30035298080809536e0	3.81453005862495729e2	3.82691032048511715e2	-1.51431386529724590e-5	5.00000000000000000e0	4.99999999999999467e0	0.00000000000000000e0	2.88759132846175470e0	2.62456814943105243e0	5.00000000000000000e0	8.09854960870382001e-1	2.42956488261114600e0	2.19999969685261254e0	1.49999999999999716e1	-6.34533642858043827e-7	1.95606462927155889e-6	-1.01846656316418230e-27	-4.65488206853728256e-2	4.99999999499999936e-9	0.00000000000000000e0	0.00000000000000000e0	0.00000000000000000e0	1.04086116764476044e-1	5.02816085808529323e-1	1.38478667503633268e0
GROUP	35	27708870	6.01603728238097935e-1	9.55184603104667360e1	-9.46609301611260889e-1	-4.30036458411104583e0	3.81352024627058086e2	3.81382131365844373e2	4.30035298063079452e0	3.81453005862493399e2	3.82691032048506202e2	-1.51431386916039292e-5	5.00000000000000000e0	4.99999999999999467e0	0.00000000000000000e0	2.88759132846175559e0	2.62456814943026018e0	5.00000000000000000e0	8.09855515981894314e-1	2.42956654794568294e0	2.20000120483270534e0	1.49999999999999716e1	-5.46327548288332498e-7	1.95606462938258119e-6	-1.01835427565149250e-27	-4.65488206835997301e-2	4.99999999499999936e-9	0.00000000000000000e0	0.00000000000000000e0	0.00000000000000000e0	1.04086116764476030e-1	5.02816085808529545e-1	1.38478667503633357e0
GROUP	35	27708871	6.01603728238097935e-1	9.55184603109534152e1	-9.46609301124581748e-1	-4.30036451477355808e0	3.81352024627058142e2	3.81382131365844430e2	4.30035298055622128e0	3.81453005862492375e2	3.82691032048503757e2	-1.51431387087244539e-5	5.00000000000000000e0	4.99999999999999467e0	0.00000000000000000e0	2.88759132846175604e0	2.62456814942992667e0	5.00000000000000000e0	8.09855515981894314e-1	2.42956654794568294e0	2.20000120483270534e0	1.49999999999999716e1	-5.09228312458481285e-7	1.95606462938258119e-6	-1.01830705153716930e-27	-4.65488206828539655e-2	4.99999999499999936e-9	0.00000000000000000e0	0.00000000000000000e0	0.00000000000000000e0	1.04086116764476475e-1	5.02816085808529767e-1	1.38478667503633424e0
RIGHT	35	27708872	6.01603728238098046e-1	9.55184603071486293e1	-9.46609304937311435e-1	-4.30036461100367795e0	3.81352024627058086e2	3.81382131365844373e2	4.30035298045667869e0	3.81453005862490954e2	3.82691032048500574e2	-1.51431387307371359e-5	5.00000000000000000e0	4.99999999999999467e0	0.00000000000000000e0	2.88759132846175648e0	2.62456814942948213e0	5.00000000000000000e0	8.09856071093406626e-1	2.42956821328021988e0	2.20000271281279769e0	1.49999999999999716e1	-4.59707033931598826e-7	1.95606462949360349e-6	-1.01824401865061694e-27	-4.65488206818584979e-2	4.99999999499999936e-9	0.00000000000000000e0	0.00000000000000000e0	0.00000000000000000e0	1.04086116764477168e-1	5.02816085808529878e-1	1.38478667503633468e0
LEFT	36	27974793	6.06769966036531994e-1	9.33962868988040924e1	-9.33239231874281927e-1	-3.84764644589975324e0	3.83970941066563569e2	3.84001254561910912e2	3.84763671134218788e0	3.84065504535435366e2	3.85294975581933329e2	-1.04099392701878960e-5	5.00000000000000000e0	4.99999999999999467e0	0.00000000000000000e0	2.88617932913168218e0	2.58079910777015575e0	5.00000000000000000e0	8.09855515981894314e-1	2.42956654794568294e0	2.20000120483270534e0	1.49999999999999716e1	-1.49670169137307211e-7	1.93641768875263409e-6	1.16477253402379415e-22	-4.20772035849844711e-2	4.99999999499999936e-9	0.00000000000000000e0	0.00000000000000000e0	0.00000000000000000e0	1.04086116764486536e-1	5.02374130018216514e-1	1.38314925940683575e0
GROUP	36	27974794	6.06769966036532105e-1	9.33962868979865135e1	-9.33239232683845898e-1	-3.84764645687660378e0	3.83970941066563739e2	3.84001254561911082e2	3.84763671121250184e0	3.84065504535433661e2	3.85294975581929009e2	-1.04099393038612335e-5	5.00000000000000000e0	4.99999999999999467e0	0.00000000000000000e0	2.88617932913168218e0	2.58079910776936439e0	5.00000000000000000e0	8.09856071093406626e-1	2.42956821328021988e0	2.20000271281279769e0	1.49999999999999716e1	-8.61548802020691669e-8	1.93641768886365639e-6	1.16468006160958259e-22	-4.20772035836877098e-2	4.99999999499999936e-9	0.00000000000000000e0	0.00000000000000000e0	0.00000000000000000e0	1.04086116764486855e-1	5.02374130018216514e-1	1.38314925940683597e0
GROUP	36	27974795	6.06769966036532105e-1	9.33962869006304146e1	-9.33239230039944800e-1	-3.84764642773359800e0	3.83970941066563796e2	3.84001254561911139e2	3.84763671114328654e0	3.84065504535432694e2	3.85294975581926735e2	-1.04099393223501873e-5	5.00000000000000000e0	4.99999999999999467e0	0.00000000000000000e0	2.88617932913168174e0	2.58079910776894206e0	5.00000000000000000e0	8.09856071093406626e-1	2.42956821328021988e0	2.20000271281279769e0	1.49999999999999716e1	-5.22561151211810880e-8	1.93641768886365639e-6	1.16463071113253909e-22	-4.20772035829956106e-2	4.99999999499999936e-9	0.00000000000000000e0	0.00000000000000000e0	0.00000000000000000e0	1.04086116764487063e-1	5.02374130018216403e-1	1.38314925940683553e0
GROUP	36	27974796	6.06769966036532105e-1	9.33962868966914641e1	-9.33239233978895300e-1	-3.84764644780943232e0	3.83970941066563739e2	3.84001254561911082e2	3.84763671105533733e0	3.84065504535431444e2	3.85294975581924064e2	-1.04099393432507338e-5	5.00000000000000000e0	4.99999999999999467e0	0.00000000000000000e0	2.88617932913168085e0	2.58079910776840604e0	5.00000000000000000e0	8.09856071093406626e-1	2.42956821328021988e0	2.20000271281279769e0	1.49999999999999716e1	-9.18258679200995562e-9	1.93641768886365639e-6	1.16456800687437035e-22	-4.20772035821161891e-2	4.99999999499999936e-9	0.00000000000000000e0	0.00000000000000000e0	0.00000000000000000e0	1.04086116764486203e-1	5.02374130018216292e-1	1.38314925940683442e0
RIGHT	36	27974797	6.06769966036532216e-1	9.33962868976041278e1	-9.33239233058202444e-1	-3.84764641566859256e0	3.83970941066563796e2	3.84001254561911139e2	3.84763671087943893e0	3.84065504535429000e2	3.85294975581918436e2	-1.04099393880983822e-5	5.00000000000000000e0	4.99999999999999467e0	0.00000000000000000e0	2.88617932913167996e0	2.58079910776733223e0	5.00000000000000000e0	8.09856626204918939e-1	2.42956987861475682e0	2.20000422079289004e0	1.49999999999999716e1	7.69644694615332255e-8	1.93641768897467870e-6	1.16444260848583924e-22	-4.20772035803573391e-2	4.99999999499999936e-9	0.00000000000000000e0	0.00000000000000000e0	0.00000000000000000e0	1.04086116764484760e-1	5.02374130018215848e-1	1.38314925940683353e0
LEFT	37	28120522	6.09922398219394091e-1	-2.20432791702197006e0	9.34874440945529841e1	4.20512760029413357e0	3.81643508557302255e2	3.81673638307977797e2	4.20511592242762600e0	3.81743112297320920e2	3.82979375170228650e2	-1.14824469120711367e-5	5.00000000000000000e0	4.99999999999999467e0	0.00000000000000000e0	2.88810577006142433e0	2.59261593822287217e0	5.00000000000000000e0	8.09854405758869689e-1	2.42956321727660907e0	2.19999818887252019e0	1.49999999999999716e1	-2.81050432403896356e-7	1.94464212877054621e-6	2.47054511528814889e-23	-4.56089321850930776e-2	4.99999999499999936e-9	0.00000000000000000e0	0.00000000000000000e0	0.00000000000000000e0	1.04086116764474809e-1	5.02977106029225740e-1	1.38538348455851246e0
GROUP	37	28120523	6.09922398219394202e-1	-2.20432791734836986e0	9.34874440942345473e1	4.20512760135068220e0	3.81643508557302539e2	3.81673638307978081e2	4.20511592228879838e0	3.81743112297318874e2	3.82979375170224387e2	-1.14824469445237234e-5	5.00000000000000000e0	4.99999999999999467e0	0.00000000000000000e0	2.88810577006142477e0	2.59261593822225089e0	5.00000000000000000e0	8.09854960870382001e-1	2.42956488261114600e0	2.19999969685261254e0	1.49999999999999716e1	-2.12228245152008905e-7	1.94464212888156851e-6	2.47033258902057446e-23	-4.56089321837047715e-2	4.99999999499999936e-9	0.00000000000000000e0	0.00000000000000000e0	0.00000000000000000e0	1.04086116764474615e-1	5.02977106029226073e-1	1.38538348455851290e0
GROUP	37	28120524	6.09922398219394202e-1	-2.20432791637259085e0	9.34874440952103214e1	4.20512759997097874e0	3.81643508557302539e2	3.81673638307978081e2	4.20511592221786490e0	3.81743112297317793e2	3.82979375170222170e2	-1.14824469611832792e-5	5.00000000000000000e0	4.99999999999999467e0	0.00000000000000000e0	2.88810577006142521e0	2.59261593822193293e0	5.00000000000000000e0	8.09854960870382001e-1	2.42956488261114600e0	2.19999969685261254e0	1.49999999999999716e1	-1.77064362752304852e-7	1.94464212888156851e-6	2.47022400829506927e-23	-4.56089321829954222e-2	4.99999999499999936e-9	0.00000000000000000e0	0.00000000000000000e0	0.00000000000000000e0	1.04086116764474643e-1	5.02977106029226073e-1	1.38538348455851357e0
RIGHT	37	28120525	6.09922398219394313e-1	-2.20432791679899820e0	9.34874440947918828e1	4.20512759863299834e0	3.81643508557302368e2	3.81673638307977910e2	4.20511592212779828e0	3.81743112297316600e2	3.82979375170219328e2	-1.14824469824225135e-5	5.00000000000000000e0	4.99999999999999467e0	0.00000000000000000e0	2.88810577006142655e0	2.59261593822152836e0	5.00000000000000000e0	8.09855515981894314e-1	2.42956654794568294e0	2.20000120483270534e0	1.49999999999999716e1	-1.32415776647014290e-7	1.94464212899259081e-6	2.47008614712242555e-23	-4.56089321820947330e-2	4.99999999499999936e-9	0.00000000000000000e0	0.00000000000000000e0	0.00000000000000000e0	1.04086116764474795e-1	5.02977106029226517e-1	1.38538348455851512e0
LEFT	38	28120929	6.09930141187202124e-1	-2.21272513990710040e0	9.38877517387026757e1	4.23065498783165594e0	3.81640886265311906e2	3.81671015808964398e2	4.23064335498746935e0	3.81740855697524012e2	3.82977592997835075e2	-1.03042657121472379e-5	5.00000000000000000e0	4.99999999999999467e0	0.00000000000000000e0	2.88813839243582171e0	2.60331715209571879e0	5.00000000000000000e0	8.09852740424332751e-1	2.42955822127299825e0	2.19999366493224269e0	1.49999999999999716e1	-1.84659309222096322e-7	1.94209652537580268e-6	1.31368394187791578e-29	-4.58592713109400654e-2	4.99999999499999936e-9	0.00000000000000000e0	0.00000000000000000e0	0.00000000000000000e0	1.04086116764470243e-1	5.02987316832412157e-1	1.38542133447954208e0
GROUP	38	28120930	6.09930141187202235e-1	-2.21272514030114298e0	9.38877517383165809e1	4.23065498886711566e0	3.81640886265312076e2	3.81671015808964569e2	4.23064335487502152e0	3.81740855697522534e2	3.82977592997831323e2	-1.03042657417532316e-5	5.00000000000000000e0	4.99999999999999467e0	0.00000000000000000e0	2.88813839243582304e0	2.60331715209521120e0	5.00000000000000000e0	8.09853295535845064e-1	2.42955988660753519e0	2.19999517291233504e0	1.49999999999999716e1	-1.28838559792036602e-7	1.94209652548682499e-6	1.31359228154339180e-29	-4.58592713098155969e-2	4.99999999499999936e-9	0.00000000000000000e0	0.00000000000000000e0	0.00000000000000000e0	1.04086116764469772e-1	5.02987316832412712e-1	1.38542133447954385e0
GROUP	38	28120931	6.09930141187202235e-1	-2.21272513954876660e0	9.38877517390689604e1	4.23065498984823307e0	3.81640886265312133e2	3.81671015808964626e2	4.23064335481458276e0	3.81740855697521738e2	3.82977592997829447e2	-1.03042657553342105e-5	5.00000000000000000e0	4.99999999999999467e0	0.00000000000000000e0	2.88813839243582349e0	2.60331715209493808e0	5.00000000000000000e0	8.09853295535845064e-1	2.42955988660753519e0	2.19999517291233504e0	1.49999999999999716e1	-9.88361772816255303e-8	1.94209652548682499e-6	1.31354301884185533e-29	-4.58592713092112192e-2	4.99999999499999936e-9	0.00000000000000000e0	0.00000000000000000e0	0.00000000000000000e0	1.04086116764469230e-1	5.02987316832412823e-1	1.38542133447954408e0
GROUP	38	28120932	6.09930141187202235e-1	-2.21272514204983217e0	9.38877517365678926e1	4.23065498874132118e0	3.81640886265312076e2	3.81671015808964569e2	4.23064335473887443e0	3.81740855697520885e2	3.82977592997827117e2	-1.03042657717782710e-5	5.00000000000000000e0	4.99999999999999467e0	0.00000000000000000e0	2.88813839243582349e0	2.60331715209459702e0	5.00000000000000000e0	8.09853295535845064e-1	2.42955988660753519e0	2.19999517291233504e0	1.49999999999999716e1	-6.12539299142051425e-8	1.94209652548682499e-6	1.31348131291443818e-29	-4.58592713084541373e-2	4.99999999499999936e-9	0.00000000000000000e0	0.00000000000000000e0	0.00000000000000000e0	1.04086116764469022e-1	5.02987316832412823e-1	1.38542133447954430e0
RIGHT	38	28120933	6.09930141187202346e-1	-2.21272514044811475e0	9.38877517381735771e1	4.23065498944180263e0	3.81640886265312190e2	3.81671015808964682e2	4.23064335458746044e0	3.81740855697519180e2	3.82977592997822285e2	-1.03042658111391772e-5	5.00000000000000000e0	4.99999999999999467e0	0.00000000000000000e0	2.88813839243582393e0	2.60331715209391490e0	5.00000000000000000e0	8.09853850647357376e-1	2.42956155194207213e0	2.19999668089242784e0	1.49999999999999716e1	1.39105645124700900e-8	1.94209652559784729e-6	1.31335790975562384e-29	-4.58592713069399735e-2	4.99999999499999936e-9	0.00000000000000000e0	0.00000000000000000e0	0.00000000000000000e0	1.04086116764469133e-1	5.02987316832412934e-1	1.38542133447954474e0
LEFT	39	28532734	6.18248812042310081e-1	9.43817816462937316e1	-9.44060869345335618e-1	-4.21283460307947699e0	3.81915562651502455e2	3.81945713880132814e2	4.21282288504838842e0	3.82015301830600492e2	3.83251708078021863e2	-6.28299925156642253e-6	5.00000000000000000e0	4.99999999999999467e0	0.00000000000000000e0	2.88864033997984704e0	2.58344426841988728e0	5.00000000000000000e0	8.09855515981894314e-1	2.42956654794568294e0	2.20000120483270534e0	1.49999999999999716e1	2.29041755066643949e-7	1.93154783656446227e-6	-6.13856741018027958e-26	-4.56937450736666570e-2	4.99999999499999936e-9	0.00000000000000000e0	0.00000000000000000e0	0.00000000000000000e0	1.04086116764479555e-1	5.03144426413692059e-1	1.38600378139321712e0
GROUP	39	28532735	6.18248812042310192e-1	9.43817816463003254e1	-9.44060869342720821e-1	-4.21283462039598966e0	3.81915562651502626e2	3.81945713880132985e2	4.21282288488919487e0	3.82015301830598332e2	3.83251708078016691e2	-6.28299929546917781e-6	5.00000000000000000e0	4.99999999999999467e0	0.00000000000000000e0	2.88864033997984748e0	2.58344426841920471e0	5.00000000000000000e0	8.09856071093406626e-1	2.42956821328021988e0	2.20000271281279769e0	1.49999999999999716e1	3.07785829297777757e-7	1.93154783667548458e-6	-6.13796322012094478e-26	-4.56937450720747498e-2	4.99999999499999936e-9	0.00000000000000000e0	0.00000000000000000e0	0.00000000000000000e0	1.04086116764479319e-1	5.03144426413692281e-1	1.38600378139321756e0
GROUP	39	28532736	6.18248812042310192e-1	9.43817816433747794e1	-9.44060872268266849e-1	-4.21283465282412983e0	3.81915562651502626e2	3.81945713880132985e2	4.21282288480530998e0	3.82015301830597366e2	3.83251708078013905e2	-6.28299931955690171e-6	5.00000000000000000e0	4.99999999999999467e0	0.00000000000000000e0	2.88864033997984793e0	2.58344426841884545e0	5.00000000000000000e0	8.09856071093406626e-1	2.42956821328021988e0	2.20000271281279769e0	1.49999999999999716e1	3.49278676463297670e-7	1.93154783667548458e-6	-6.13764487639458311e-26	-4.56937450712359139e-2	4.99999999499999936e-9	0.00000000000000000e0	0.00000000000000000e0	0.00000000000000000e0	1.04086116764478639e-1	5.03144426413692503e-1	1.38600378139321800e0
RIGHT	39	28532737	6.18248812042310303e-1	9.43817816461443471e1	-9.44060869506685663e-1	-4.21283460666574161e0	3.81915562651502569e2	3.81945713880132928e2	4.21282288469639088e0	3.82015301830596059e2	3.83251708078010381e2	-6.28299934911562243e-6	5.00000000000000000e0	4.99999999999999467e0	0.00000000000000000e0	2.88864033997984881e0	2.58344426841837960e0	5.00000000000000000e0	8.09856626204918939e-1	2.42956987861475682e0	2.20000422079289004e0	1.49999999999999716e1	4.03154389000688896e-7	1.93154783678650688e-6	-6.13723155279632964e-26	-4.56937450701467365e-2	4.99999999499999936e-9	0.00000000000000000e0	0.00000000000000000e0	0.00000000000000000e0	1.04086116764477987e-1	5.03144426413692614e-1	1.38600378139321911e0
LEFT	40	28799471	6.23430562973709135e-1	9.37187335456963666e1	-9.33356230193496117e-1	-3.85153617333355625e0	3.84522583811077141e2	3.84552940857167471e2	3.85152645530649407e0	3.84617251387922181e2	3.85846797920418169e2	-9.39139407304036576e-6	5.00000000000000000e0	4.99999999999999467e0	0.00000000000000000e0	2.88719604728404011e0	2.59446409443819048e0	5.00000000000000000e0	8.09851075089795813e-1	2.42955322526938744e0	2.19998914099196519e0	1.49999999999999716e1	-3.12492527754942833e-8	1.93400703807355967e-6	2.56466145994379480e-27	-4.21189038676692273e-2	4.99999999499999936e-9	0.00000000000000000e0	0.00000000000000000e0	0.00000000000000000e0	1.04086116764473324e-1	5.02692362799904591e-1	1.38432819222136350e0
GROUP	40	28799472	6.23430562973709246e-1	9.37187335471329988e1	-9.33356228748849048e-1	-3.85153616296012435e0	3.84522583811077254e2	3.84552940857167584e2	3.85152645514346892e0	3.84617251387919850e2	3.85846797920412826e2	-9.39139411501831574e-6	5.00000000000000000e0	4.99999999999999467e0	0.00000000000000000e0	2.88719604728404011e0	2.59446409443716153e0	5.00000000000000000e0	8.09851630201308126e-1	2.42955489060392438e0	2.19999064897205754e0	1.49999999999999716e1	4.85305407880026771e-8	1.93400703818458197e-6	2.56440571247895978e-27	-4.21189038660391285e-2	4.99999999499999936e-9	0.00000000000000000e0	0.00000000000000000e0	0.00000000000000000e0	1.04086116764473338e-1	5.02692362799904591e-1	1.38432819222136350e0
GROUP	40	28799473	6.23430562973709246e-1	9.37187335487338800e1	-9.33356227147967843e-1	-3.85153621046190686e0	3.84522583811077254e2	3.84552940857167584e2	3.85152645505764246e0	3.84617251387918714e2	3.85846797920410097e2	-9.39139413612040012e-6	5.00000000000000000e0	4.99999999999999467e0	0.00000000000000000e0	2.88719604728404011e0	2.59446409443661974e0	5.00000000000000000e0	8.09851630201308126e-1	2.42955489060392438e0	2.19999064897205754e0	1.49999999999999716e1	9.05315782921790098e-8	1.93400703818458197e-6	2.56427108137913744e-27	-4.21189038651809400e-2	4.99999999499999936e-9	0.00000000000000000e0	0.00000000000000000e0	0.00000000000000000e0	1.04086116764473560e-1	5.02692362799904591e-1	1.38432819222136350e0
RIGHT	40	28799474	6.23430562973709357e-1	9.37187335467242804e1	-9.33356229153559980e-1	-3.85153618771112560e0	3.84522583811077197e2	3.84552940857167528e2	3.85152645494606416e0	3.84617251387917463e2	3.85846797920406573e2	-9.39139416471193796e-6	5.00000000000000000e0	4.99999999999999467e0	0.00000000000000000e0	2.88719604728403967e0	2.59446409443591586e0	5.00000000000000000e0	8.09852185312820438e-1	2.42955655593846132e0	2.19999215695215034e0	1.49999999999999716e1	1.45135525723964997e-7	1.93400703829560427e-6	2.56409606318644273e-27	-4.21189038640652283e-2	4.99999999499999936e-9	0.00000000000000000e0	0.00000000000000000e0	0.00000000000000000e0	1.04086116764474476e-1	5.02692362799904369e-1	1.38432819222136305e0
LEFT	41	28799874	6.23438310859460887e-1	9.33080653043303556e1	-9.32191337528863073e-1	-3.81286648307744658e0	3.84519582453895680e2	3.84549939263036720e2	3.81285672278391274e0	3.84613688727859426e2	3.85842483169449849e2	-1.06565381895937369e-5	5.00000000000000000e0	4.99999999999999467e0	0.00000000000000000e0	2.88716841169845884e0	2.58177117910309306e0	5.00000000000000000e0	8.09856071093406626e-1	2.42956821328021988e0	2.20000271281279769e0	1.49999999999999716e1	-1.38430895109191937e-7	1.93637937850876796e-6	5.40467487396979668e-23	-4.17370436307353126e-2	4.99999999499999936e-9	0.00000000000000000e0	0.00000000000000000e0	0.00000000000000000e0	1.04086116764467426e-1	5.02683712861617615e-1	1.38429614081207042e0
GROUP	41	28799875	6.23438310859460998e-1	9.33080653055635878e1	-9.32191336291623429e-1	-3.81286645631459198e0	3.84519582453895794e2	3.84549939263036833e2	3.81285672260452335e0	3.84613688727856982e2	3.85842483169443824e2	-1.06565382364706443e-5	5.00000000000000000e0	4.99999999999999467e0	0.00000000000000000e0	2.88716841169845839e0	2.58177117910196063e0	5.00000000000000000e0	8.09856626204918939e-1	2.42956987861475682e0	2.20000422079289004e0	1.49999999999999716e1	-5.07597771979119457e-8	1.93637937861979026e-6	5.40408261402799127e-23	-4.17370436289415531e-2	4.99999999499999936e-9	0.00000000000000000e0	0.00000000000000000e0	0.00000000000000000e0	1.04086116764467426e-1	5.02683712861617504e-1	1.38429614081206975e0
GROUP	41	28799876	6.23438310859460998e-1	9.33080653064753989e1	-9.32191335379812358e-1	-3.81286642599860759e0	3.84519582453895794e2	3.84549939263036833e2	3.81285672251384078e0	3.84613688727855845e2	3.85842483169440868e2	-1.06565382596179490e-5	5.00000000000000000e0	4.99999999999999467e0	0.00000000000000000e0	2.88716841169845839e0	2.58177117910138820e0	5.00000000000000000e0	8.09856626204918939e-1	2.42956987861475682e0	2.20000422079289004e0	1.49999999999999716e1	-6.44123136560720214e-9	1.93637937861979026e-6	5.40378324594773906e-23	-4.17370436280347923e-2	4.99999999499999936e-9	0.00000000000000000e0	0.00000000000000000e0	0.00000000000000000e0	1.04086116764467426e-1	5.02683712861617393e-1	1.38429614081206975e0
RIGHT	41	28799877	6.23438310859461109e-1	9.33080653050862594e1	-9.32191336760922695e-1	-3.81286649289550716e0	3.84519582453895794e2	3.84549939263036833e2	3.81285672239241302e0	3.84613688727854310e2	3.85842483169436946e2	-1.06565382913967583e-5	5.00000000000000000e0	4.99999999999999467e0	0.00000000000000000e0	2.88716841169845795e0	2.58177117910062215e0	5.00000000000000000e0	8.09857181316431252e-1	2.42957154394929375e0	2.20000572877298284e0	1.49999999999999716e1	5.29034424422198239e-8	1.93637937873081256e-6	5.40338240359601153e-23	-4.17370436268206038e-2	4.99999999499999936e-9	0.00000000000000000e0	0.00000000000000000e0	0.00000000000000000e0	1.04086116764466871e-1	5.02683712861617393e-1	1.38429614081206909e0
LEFT	42	28945500	6.26590733277818779e-1	-2.20883546495237892e0	9.35710699843091760e1	4.21882992008346491e0	3.82186761775446428e2	3.82216934414533910e2	4.21881823115507260e0	3.82286611033951033e2	3.83523128729929397e2	-7.56425969828811727e-6	5.00000000000000000e0	4.99999999999999467e0	0.00000000000000000e0	2.88901976380366676e0	2.58931735221501746e0	5.00000000000000000e0	8.09854405758869689e-1	2.42956321727660907e0	2.19999818887252019e0	1.49999999999999716e1	1.14055677764233656e-7	1.93483931432147926e-6	9.79103780834858868e-25	-4.57515145651827410e-2	4.99999999499999936e-9	0.00000000000000000e0	0.00000000000000000e0	0.00000000000000000e0	1.04086116764488215e-1	5.03263186070547763e-1	1.38644413619483409e0
GROUP	42	28945501	6.26590733277818890e-1	-2.20883546505187267e0	9.35710699842136506e1	4.21882991828942977e0	3.82186761775446598e2	3.82216934414534080e2	4.21881823098762165e0	3.82286611033948702e2	3.83523128729923997e2	-7.56425974230394635e-6	5.00000000000000000e0	4.99999999999999467e0	0.00000000000000000e0	2.88901976380366676e0	2.58931735221428738e0	5.00000000000000000e0	8.09854960870382001e-1	2.42956488261114600e0	2.19999969685261254e0	1.49999999999999716e1	1.96935400297982728e-7	1.93483931443250157e-6	9.79002351270986678e-25	-4.57515145635082401e-2	4.99999999499999936e-9	0.00000000000000000e0	0.00000000000000000e0	0.00000000000000000e0	1.04086116764488645e-1	5.03263186070547874e-1	1.38644413619483431e0
GROUP	42	28945502	6.26590733277818890e-1	-2.20883546364045369e0	9.35710699856250727e1	4.21882991865345502e0	3.82186761775446598e2	3.82216934414534080e2	4.21881823089970087e0	3.82286611033947509e2	3.83523128729921154e2	-7.56425976520903269e-6	5.00000000000000000e0	4.99999999999999467e0	0.00000000000000000e0	2.88901976380366676e0	2.58931735221390369e0	5.00000000000000000e0	8.09854960870382001e-1	2.42956488261114600e0	2.19999969685261254e0	1.49999999999999716e1	2.40452148256702198e-7	1.93483931443250157e-6	9.78949098967838877e-25	-4.57515145626290129e-2	4.99999999499999936e-9	0.00000000000000000e0	0.00000000000000000e0	0.00000000000000000e0	1.04086116764488243e-1	5.03263186070547763e-1	1.38644413619483409e0
RIGHT	42	28945503	6.26590733277819001e-1	-2.20883546469773995e0	9.35710699845757574e1	4.21882991826726084e0	3.82186761775446598e2	3.82216934414534080e2	4.21881823078498464e0	3.82286611033945917e2	3.83523128729917630e2	-7.56425979269162399e-6	5.00000000000000000e0	4.99999999999999467e0	0.00000000000000000e0	2.88901976380366676e0	2.58931735221340276e0	5.00000000000000000e0	8.09855515981894314e-1	2.42956654794568294e0	2.20000120483270534e0	1.49999999999999716e1	2.97231339331676247e-7	1.93483931454352387e-6	9.78879621506412906e-25	-4.57515145614818264e-2	4.99999999499999936e-9	0.00000000000000000e0	0.00000000000000000e0	0.00000000000000000e0	1.04086116764488090e-1	5.03263186070547652e-1	1.38644413619483409e0
LEFT	43	29622913	6.40075683870156786e-1	9.48577331427995034e1	-9.35349971194909813e-1	-3.91802243202290690e0	3.85030431345754948e2	3.85060828485071681e2	3.91801280651156336e0	3.85126124743804496e2	3.86356955882916282e2	-1.39299048532535228e-5	5.00000000000000000e0	4.99999999999999467e0	0.00000000000000000e0	2.88796014499196696e0	2.60829714570505500e0	5.00000000000000000e0	8.09853850647357376e-1	2.42956155194207213e0	2.19999668089242784e0	1.49999999999999716e1	-4.62246474876989294e-7	1.94658248064971673e-6	-1.09855295566158609e-29	-4.27764473410153015e-2	4.99999999499999936e-9	0.00000000000000000e0	0.00000000000000000e0	0.00000000000000000e0	1.04086116764473519e-1	5.02931525382485756e-1	1.38521453022030117e0
GROUP	43	29622914	6.40075683870156897e-1	9.48577331439732916e1	-9.35349970013177767e-1	-3.91802242463887263e0	3.85030431345755062e2	3.85060828485071795e2	3.91801280634213045e0	3.85126124743801995e2	3.86356955882910654e2	-1.39299048944419585e-5	5.00000000000000000e0	4.99999999999999467e0	0.00000000000000000e0	2.88796014499196740e0	2.60829714570400517e0	5.00000000000000000e0	8.09854405758869689e-1	2.42956321727660907e0	2.19999818887252019e0	1.49999999999999716e1	-3.79159744395995407e-7	1.94658248076073903e-6	-1.09843886761326444e-29	-4.27764473393210734e-2	4.99999999499999936e-9	0.00000000000000000e0	0.00000000000000000e0	0.00000000000000000e0	1.04086116764473879e-1	5.02931525382485756e-1	1.38521453022030183e0
GROUP	43	29622915	6.40075683870156897e-1	9.48577331429174961e1	-9.35349971068973218e-1	-3.91802243921628168e0	3.85030431345755119e2	3.85060828485071852e2	3.91801280625318427e0	3.85126124743800574e2	3.86356955882907641e2	-1.39299049159209810e-5	5.00000000000000000e0	4.99999999999999467e0	0.00000000000000000e0	2.88796014499196740e0	2.60829714570345406e0	5.00000000000000000e0	8.09854405758869689e-1	2.42956321727660907e0	2.19999818887252019e0	1.49999999999999716e1	-3.35542054861794811e-7	1.94658248076073903e-6	-1.09837898003548883e-29	-4.27764473384316668e-2	4.99999999499999936e-9	0.00000000000000000e0	0.00000000000000000e0	0.00000000000000000e0	1.04086116764473560e-1	5.02931525382485756e-1	1.38521453022030161e0
RIGHT	43	29622916	6.40075683870157008e-1	9.48577331443739666e1	-9.35349969604530429e-1	-3.91802243089604740e0	3.85030431345755176e2	3.85060828485071909e2	3.91801280613710334e0	3.85126124743798925e2	3.86356955882903662e2	-1.39299049454325017e-5	5.00000000000000000e0	4.99999999999999467e0	0.00000000000000000e0	2.88796014499196696e0	2.60829714570273419e0	5.00000000000000000e0	8.09854960870382001e-1	2.42956488261114600e0	2.19999969685261254e0	1.49999999999999716e1	-2.78617834149940363e-7	1.94658248087176133e-6	-1.09830082735176823e-29	-4.27764473372709286e-2	4.99999999499999936e-9	0.00000000000000000e0	0.00000000000000000e0	0.00000000000000000e0	1.04086116764473116e-1	5.02931525382485645e-1	1.38521453022030117e0
LEFT	44	29625270	6.40122130525567434e-1	9.23936784654610364e1	-9.31967875095480736e-1	-3.80546352462567716e0	3.85012479330213068e2	3.85042875052265401e2	3.80545365210427633e0	3.85106529247707215e2	3.86335179285519246e2	-3.85689887104877735e-6	5.00000000000000000e0	4.99999999999999467e0	0.00000000000000000e0	2.88779517921578810e0	2.55741068375112102e0	5.00000000000000000e0	8.09852185312820438e-1	2.42955655593846132e0	2.19999215695215034e0	1.49999999999999716e1	4.81503759672557866e-7	1.92015742317419580e-6	3.24667418788315917e-26	-4.16800724929093855e-2	4.99999999499999936e-9	0.00000000000000000e0	0.00000000000000000e0	0.00000000000000000e0	1.04086116764479708e-1	5.02879891094541676e-1	1.38502314922298453e0
GROUP	44	29625271	6.40122130525567545e-1	9.23936784662851238e1	-9.31967874263335716e-1	-3.80546352087310780e0	3.85012479330213182e2	3.85042875052265515e2	3.80545365196062813e0	3.85106529247705168e2	3.86335179285514414e2	-3.85689891301948689e-6	5.00000000000000000e0	4.99999999999999467e0	0.00000000000000000e0	2.88779517921578810e0	2.55741068375026659e0	5.00000000000000000e0	8.09852740424332751e-1	2.42955822127299825e0	2.19999366493224269e0	1.49999999999999716e1	5.51374326954536849e-7	1.92015742328521810e-6	3.24639064153898736e-26	-4.16800724914730691e-2	4.99999999499999936e-9	0.00000000000000000e0	0.00000000000000000e0	0.00000000000000000e0	1.04086116764479208e-1	5.02879891094541787e-1	1.38502314922298431e0
GROUP	44	29625272	6.40122130525567545e-1	9.23936784656989971e1	-9.31967874849462419e-1	-3.80546346203324148e0	3.85012479330213182e2	3.85042875052265515e2	3.80545365188012186e0	3.85106529247704088e2	3.86335179285511515e2	-3.85689893767167440e-6	5.00000000000000000e0	4.99999999999999467e0	0.00000000000000000e0	2.88779517921578899e0	2.55741068374978742e0	5.00000000000000000e0	8.09852740424332751e-1	2.42955822127299825e0	2.19999366493224269e0	1.49999999999999716e1	5.90532140604434997e-7	1.92015742328521810e-6	3.24623174346776761e-26	-4.16800724906681089e-2	4.99999999499999936e-9	0.00000000000000000e0	0.00000000000000000e0	0.00000000000000000e0	1.04086116764478903e-1	5.02879891094541898e-1	1.38502314922298542e0
RIGHT	44	29625273	6.40122130525567656e-1	9.23936784640626598e1	-9.31967876481778035e-1	-3.80546354166290968e0	3.85012479330213125e2	3.85042875052265458e2	3.80545365178282902e0	3.85106529247702895e2	3.86335179285508048e2	-3.85689896731689836e-6	5.00000000000000000e0	4.99999999999999467e0	0.00000000000000000e0	2.88779517921578899e0	2.55741068374920832e0	5.00000000000000000e0	8.09853295535845064e-1	2.42955988660753519e0	2.19999517291233504e0	1.49999999999999716e1	6.37854888950875170e-7	1.92015742339624040e-6	3.24603972337418685e-26	-4.16800724896953037e-2	4.99999999499999936e-9	0.00000000000000000e0	0.00000000000000000e0	0.00000000000000000e0	1.04086116764477848e-1	5.02879891094542009e-1	1.38502314922298542e0
LEFT	45	30036534	6.48440826708698626e-1	-2.07405402970992858e0	9.20323014119847898e1	3.80968770187553218e0	3.85248563122232724e2	3.85278977482479149e2	3.80967791408367162e0	3.85342698932692201e2	3.86571431386125084e2	-1.02000538069753452e-5	5.00000000000000000e0	4.99999999999999467e0	0.00000000000000000e0	2.88826854557353396e0	2.58056974177242715e0	5.00000000000000000e0	8.09854405758869689e-1	2.42956321727660907e0	2.19999818887252019e0	1.49999999999999716e1	-1.28387835793458307e-7	1.93493675748612759e-6	-1.12232086953164355e-24	-4.17157971990396864e-2	4.99999999499999936e-9	0.00000000000000000e0	0.00000000000000000e0	0.00000000000000000e0	1.04086116764483705e-1	5.03028054764516286e-1	1.38557234905049675e0
GROUP	45	30036535	6.48440826708698737e-1	-2.07405402852370635e0	9.20323014131669908e1	3.80968770180777483e0	3.85248563122232781e2	3.85278977482479206e2	3.80967791393275457e0	3.85342698932689871e2	3.86571431386119855e2	-1.02000538486419496e-5	5.00000000000000000e0	4.99999999999999467e0	0.00000000000000000e0	2.88826854557353485e0	2.58056974177147591e0	5.00000000000000000e0	8.09854960870382001e-1	2.42956488261114600e0	2.19999969685261254e0	1.49999999999999716e1	-5.48468551938851582e-8	1.93493675759714989e-6	-1.12221770354616702e-24	-4.17157971975306435e-2	4.99999999499999936e-9	0.00000000000000000e0	0.00000000000000000e0	0.00000000000000000e0	1.04086116764484926e-1	5.03028054764516508e-1	1.38557234905049786e0
GROUP	45	30036536	6.48440826708698737e-1	-2.07405403254353127e0	9.20323014091471663e1	3.80968770241247512e0	3.85248563122232781e2	3.85278977482479206e2	3.80967791386409926e0	3.85342698932688904e2	3.86571431386117638e2	-1.02000538665416938e-5	5.00000000000000000e0	4.99999999999999467e0	0.00000000000000000e0	2.88826854557353530e0	2.58056974177104337e0	5.00000000000000000e0	8.09854960870382001e-1	2.42956488261114600e0	2.19999969685261254e0	1.49999999999999716e1	-2.13915102568649414e-8	1.93493675759714989e-6	-1.12217077429920919e-24	-4.17157971968441510e-2	4.99999999499999936e-9	0.00000000000000000e0	0.00000000000000000e0	0.00000000000000000e0	1.04086116764484676e-1	5.03028054764516619e-1	1.38557234905049831e0
GROUP	45	30036537	6.48440826708698737e-1	-2.07405403010400002e0	9.20323014115867011e1	3.80968770341860363e0	3.85248563122232724e2	3.85278977482479149e2	3.80967791377539289e0	3.85342698932687597e2	3.86571431386114853e2	-1.02000538889530539e-5	5.00000000000000000e0	4.99999999999999467e0	0.00000000000000000e0	2.88826854557353574e0	2.58056974177048470e0	5.00000000000000000e0	8.09854960870382001e-1	2.42956488261114600e0	2.19999969685261254e0	1.49999999999999716e1	2.18344482060739271e-8	1.93493675759714989e-6	-1.12211014229941002e-24	-4.17157971959571522e-2	4.99999999499999936e-9	0.00000000000000000e0	0.00000000000000000e0	0.00000000000000000e0	1.04086116764484538e-1	5.03028054764516619e-1	1.38557234905049920e0
RIGHT	45	30036538	6.48440826708698848e-1	-2.07405402924285553e0	9.20323014124398071e1	3.80968770042636606e0	3.85248563122232667e2	3.85278977482479092e2	3.80967791359797969e0	3.85342698932684868e2	3.86571431386108884e2	-1.02000539356401530e-5	5.00000000000000000e0	4.99999999999999467e0	0.00000000000000000e0	2.88826854557353574e0	2.58056974176936738e0	5.00000000000000000e0	8.09855515981894314e-1	2.42956654794568294e0	2.20000120483270534e0	1.49999999999999716e1	1.08286364724282486e-7	1.93493675770817219e-6	-1.12198888812756746e-24	-4.17157971941831754e-2	4.99999999499999936e-9	0.00000000000000000e0	0.00000000000000000e0	0.00000000000000000e0	1.04086116764486189e-1	5.03028054764516730e-1	1.38557234905049897e0
