$MeshFormat
2.2 0 8
$EndMeshFormat
$Nodes
2080
1 -0.00125000000000007 0.0009291561975886373 0.00144
2 -0.00125000000000007 0.0009291561975886373 0.001503
3 -0.0015 0.0001 0.00144
4 -0.0015 0.0001 0.001503
5 -0.00125 0.009000000000000001 0.00144
6 -0.00125 0.009000000000000001 0.001503
7 -0.0015 -0.0001 0.00144
8 -0.0015 -0.0001 0.001503
9 0.00125 0.009000000000000001 0.00144
10 0.0015 -0.0001 0.00144
11 0.00125000000000007 0.0009291561975886375 0.00144
12 0.0015 0.0001 0.00144
13 0.0008 -1.959434878635765e-19 0.00144
14 0.00125 0.009000000000000001 0.001503
15 0.0015 -0.0001 0.001503
16 0.00125000000000007 0.0009291561975886375 0.001503
17 0.0015 0.0001 0.001503
18 0.0008 -1.959434878635765e-19 0.001503
19 -0.0025 -0.002 0.00144
20 -0.0025 -0.002 0
21 -0.0025 0.009000000000000001 0.00144
22 -0.0025 0.009000000000000001 0
23 0.0025 -0.002 0
24 0.0025 -0.002 0.00144
25 0.0025 0.009000000000000001 0.00144
26 0.0025 0.009000000000000001 0
27 0.0008 -1.959434878635765e-19 0
28 -0.00138710280922151 0.0006709166284579523 0.00144
29 -0.001471505048212928 0.0003909860702574394 0.00144
30 -0.00138710280922151 0.0006709166284579523 0.001503
31 -0.001471505048212928 0.0003909860702574394 0.001503
32 -0.00125 0.008615674104647079 0.00144
33 -0.00125 0.008231348209294158 0.00144
34 -0.00125 0.007847022313941236 0.00144
35 -0.00125 0.007462696418588315 0.00144
36 -0.00125 0.007078370523235393 0.00144
37 -0.00125 0.006694044627882471 0.00144
38 -0.00125 0.00630971873252955 0.00144
39 -0.00125 0.005925392837176628 0.00144
40 -0.00125 0.005541066941823705 0.00144
41 -0.00125 0.005156741046470781 0.00144
42 -0.00125 0.00477241515111786 0.00144
43 -0.00125 0.004388089255764938 0.00144
44 -0.00125 0.004003763360412017 0.00144
45 -0.00125 0.003619437465059095 0.00144
46 -0.00125 0.003235111569706173 0.00144
47 -0.00125 0.002850785674353252 0.00144
48 -0.00125 0.00246645977900033 0.00144
49 -0.00125 0.002082133883647407 0.00144
50 -0.00125 0.001697807988294483 0.00144
51 -0.00125 0.00131348209294156 0.00144
52 -0.00125 0.008615674104647079 0.001503
53 -0.00125 0.008231348209294158 0.001503
54 -0.00125 0.007847022313941236 0.001503
55 -0.00125 0.007462696418588315 0.001503
56 -0.00125 0.007078370523235393 0.001503
57 -0.00125 0.006694044627882471 0.001503
58 -0.00125 0.00630971873252955 0.001503
59 -0.00125 0.005925392837176628 0.001503
60 -0.00125 0.005541066941823705 0.001503
61 -0.00125 0.005156741046470781 0.001503
62 -0.00125 0.00477241515111786 0.001503
63 -0.00125 0.004388089255764938 0.001503
64 -0.00125 0.004003763360412017 0.001503
65 -0.00125 0.003619437465059095 0.001503
66 -0.00125 0.003235111569706173 0.001503
67 -0.00125 0.002850785674353252 0.001503
68 -0.00125 0.00246645977900033 0.001503
69 -0.00125 0.002082133883647407 0.001503
70 -0.00125 0.001697807988294483 0.001503
71 -0.00125 0.00131348209294156 0.001503
72 0.0008928571428571432 0.009000000000000001 0.00144
73 0.0005357142857142861 0.009000000000000001 0.00144
74 0.0001785714285714288 0.009000000000000001 0.00144
75 -0.0001785714285714283 0.009000000000000001 0.00144
76 -0.0005357142857142856 0.009000000000000001 0.00144
77 -0.0008928571428571429 0.009000000000000001 0.00144
78 -0.001448888739433603 -0.0004882285676537806 0.00144
79 -0.001299038105676659 -0.0008499999999999992 0.00144
80 -0.001060660171779823 -0.00116066017177982 0.00144
81 -0.0007500000000000028 -0.001399038105676656 0.00144
82 -0.0003882285676537861 -0.001548888739433601 0.00144
83 -6.936883677559094e-18 -0.0016 0.00144
84 0.000388228567653774 -0.001548888739433604 0.00144
85 0.000749999999999992 -0.001399038105676663 0.00144
86 0.001060660171779816 -0.001160660171779826 0.00144
87 0.001299038105676656 -0.0008500000000000042 0.00144
88 0.001448888739433602 -0.0004882285676537837 0.00144
89 0.00125 0.001313482092941559 0.00144
90 0.00125 0.001697807988294481 0.00144
91 0.00125 0.002082133883647403 0.00144
92 0.00125 0.002466459779000325 0.00144
93 0.00125 0.002850785674353246 0.00144
94 0.00125 0.003235111569706168 0.00144
95 0.00125 0.003619437465059089 0.00144
96 0.00125 0.004003763360412011 0.00144
97 0.00125 0.004388089255764933 0.00144
98 0.00125 0.004772415151117855 0.00144
99 0.00125 0.005156741046470776 0.00144
100 0.00125 0.005541066941823699 0.00144
101 0.00125 0.00592539283717662 0.00144
102 0.00125 0.006309718732529541 0.00144
103 0.00125 0.006694044627882464 0.00144
104 0.00125 0.007078370523235385 0.00144
105 0.00125 0.007462696418588308 0.00144
106 0.00125 0.007847022313941231 0.00144
107 0.00125 0.008231348209294154 0.00144
108 0.00125 0.008615674104647078 0.00144
109 0.001471505048212928 0.0003909860702574406 0.00144
110 0.001387102809221509 0.0006709166284579536 0.00144
111 0.0007083648205225679 0.0003717785376350148 0.00144
112 0.0004544517973849247 0.0006583870927149251 0.00144
113 9.642934420425858e-05 0.0007941670992784432 0.00144
114 -0.0002836839096340284 0.000748012994148332 0.00144
115 -0.0005988085985368807 0.0005304981265926365 0.00144
116 -0.0007767534539408415 0.0001914525314300465 0.00144
117 -0.0007767534539408418 -0.000191452531430046 0.00144
118 -0.000598808598536881 -0.000530498126592636 0.00144
119 -0.0002836839096340288 -0.0007480129941483318 0.00144
120 9.642934420425786e-05 -0.0007941670992784434 0.00144
121 0.0004544517973849245 -0.0006583870927149253 0.00144
122 0.0007083648205225677 -0.0003717785376350154 0.00144
123 0.0008928571428571432 0.009000000000000001 0.001503
124 0.0005357142857142861 0.009000000000000001 0.001503
125 0.0001785714285714288 0.009000000000000001 0.001503
126 -0.0001785714285714283 0.009000000000000001 0.001503
127 -0.0005357142857142856 0.009000000000000001 0.001503
128 -0.0008928571428571429 0.009000000000000001 0.001503
129 -0.001448888739433603 -0.0004882285676537806 0.001503
130 -0.001299038105676659 -0.0008499999999999992 0.001503
131 -0.001060660171779823 -0.00116066017177982 0.001503
132 -0.0007500000000000028 -0.001399038105676656 0.001503
133 -0.0003882285676537861 -0.001548888739433601 0.001503
134 -6.936883677559094e-18 -0.0016 0.001503
135 0.000388228567653774 -0.001548888739433604 0.001503
136 0.000749999999999992 -0.001399038105676663 0.001503
137 0.001060660171779816 -0.001160660171779826 0.001503
138 0.001299038105676656 -0.0008500000000000042 0.001503
139 0.001448888739433602 -0.0004882285676537837 0.001503
140 0.00125 0.001313482092941559 0.001503
141 0.00125 0.001697807988294481 0.001503
142 0.00125 0.002082133883647403 0.001503
143 0.00125 0.002466459779000325 0.001503
144 0.00125 0.002850785674353246 0.001503
145 0.00125 0.003235111569706168 0.001503
146 0.00125 0.003619437465059089 0.001503
147 0.00125 0.004003763360412011 0.001503
148 0.00125 0.004388089255764933 0.001503
149 0.00125 0.004772415151117855 0.001503
150 0.00125 0.005156741046470776 0.001503
151 0.00125 0.005541066941823699 0.001503
152 0.00125 0.00592539283717662 0.001503
153 0.00125 0.006309718732529541 0.001503
154 0.00125 0.006694044627882464 0.001503
155 0.00125 0.007078370523235385 0.001503
156 0.00125 0.007462696418588308 0.001503
157 0.00125 0.007847022313941231 0.001503
158 0.00125 0.008231348209294154 0.001503
159 0.00125 0.008615674104647078 0.001503
160 0.001471505048212928 0.0003909860702574406 0.001503
161 0.001387102809221509 0.0006709166284579536 0.001503
162 0.0007083648205225679 0.0003717785376350148 0.001503
163 0.0004544517973849247 0.0006583870927149251 0.001503
164 9.642934420425858e-05 0.0007941670992784432 0.001503
165 -0.0002836839096340284 0.000748012994148332 0.001503
166 -0.0005988085985368807 0.0005304981265926365 0.001503
167 -0.0007767534539408415 0.0001914525314300465 0.001503
168 -0.0007767534539408418 -0.000191452531430046 0.001503
169 -0.000598808598536881 -0.000530498126592636 0.001503
170 -0.0002836839096340288 -0.0007480129941483318 0.001503
171 9.642934420425786e-05 -0.0007941670992784434 0.001503
172 0.0004544517973849245 -0.0006583870927149253 0.001503
173 0.0007083648205225677 -0.0003717785376350154 0.001503
174 -0.0025 -0.002 0.0003599999999999992
175 -0.0025 -0.002 0.0007199999999999982
176 -0.0025 -0.002 0.001079999999999999
177 -0.0025 -0.001607142857142857 0.00144
178 -0.0025 -0.001214285714285715 0.00144
179 -0.0025 -0.0008214285714285723 0.00144
180 -0.0025 -0.0004285714285714296 0.00144
181 -0.0025 -3.571428571428736e-05 0.00144
182 -0.0025 0.0003571428571428558 0.00144
183 -0.0025 0.0007499999999999985 0.00144
184 -0.0025 0.001142857142857142 0.00144
185 -0.0025 0.001535714285714284 0.00144
186 -0.0025 0.001928571428571428 0.00144
187 -0.0025 0.002321428571428571 0.00144
188 -0.0025 0.002714285714285714 0.00144
189 -0.0025 0.003107142857142857 0.00144
190 -0.0025 0.003499999999999999 0.00144
191 -0.0025 0.003892857142857142 0.00144
192 -0.0025 0.004285714285714285 0.00144
193 -0.0025 0.004678571428571427 0.00144
194 -0.0025 0.00507142857142857 0.00144
195 -0.0025 0.005464285714285713 0.00144
196 -0.0025 0.005857142857142858 0.00144
197 -0.0025 0.00625 0.00144
198 -0.0025 0.006642857142857141 0.00144
199 -0.0025 0.007035714285714286 0.00144
200 -0.0025 0.007428571428571428 0.00144
201 -0.0025 0.007821428571428571 0.00144
202 -0.0025 0.008214285714285716 0.00144
203 -0.0025 0.008607142857142858 0.00144
204 -0.0025 0.009000000000000001 0.0003599999999999992
205 -0.0025 0.009000000000000001 0.0007199999999999982
206 -0.0025 0.009000000000000001 0.001079999999999999
207 -0.0025 -0.001607142857142857 0
208 -0.0025 -0.001214285714285715 0
209 -0.0025 -0.0008214285714285723 0
210 -0.0025 -0.0004285714285714296 0
211 -0.0025 -3.571428571428736e-05 0
212 -0.0025 0.0003571428571428558 0
213 -0.0025 0.0007499999999999985 0
214 -0.0025 0.001142857142857142 0
215 -0.0025 0.001535714285714284 0
216 -0.0025 0.001928571428571428 0
217 -0.0025 0.002321428571428571 0
218 -0.0025 0.002714285714285714 0
219 -0.0025 0.003107142857142857 0
220 -0.0025 0.003499999999999999 0
221 -0.0025 0.003892857142857142 0
222 -0.0025 0.004285714285714285 0
223 -0.0025 0.004678571428571427 0
224 -0.0025 0.00507142857142857 0
225 -0.0025 0.005464285714285713 0
226 -0.0025 0.005857142857142858 0
227 -0.0025 0.00625 0
228 -0.0025 0.006642857142857141 0
229 -0.0025 0.007035714285714286 0
230 -0.0025 0.007428571428571428 0
231 -0.0025 0.007821428571428571 0
232 -0.0025 0.008214285714285716 0
233 -0.0025 0.008607142857142858 0
234 -0.002115384615384616 -0.002 0
235 -0.001730769230769231 -0.002 0
236 -0.001346153846153847 -0.002 0
237 -0.0009615384615384622 -0.002 0
238 -0.0005769230769230771 -0.002 0
239 -0.0001923076923076926 -0.002 0
240 0.0001923076923076921 -0.002 0
241 0.0005769230769230769 -0.002 0
242 0.0009615384615384616 -0.002 0
243 0.001346153846153847 -0.002 0
244 0.001730769230769231 -0.002 0
245 0.002115384615384616 -0.002 0
246 0.0025 -0.002 0.0003599999999999992
247 0.0025 -0.002 0.0007199999999999982
248 0.0025 -0.002 0.001079999999999999
249 -0.002115384615384616 -0.002 0.00144
250 -0.001730769230769231 -0.002 0.00144
251 -0.001346153846153847 -0.002 0.00144
252 -0.0009615384615384622 -0.002 0.00144
253 -0.0005769230769230771 -0.002 0.00144
254 -0.0001923076923076926 -0.002 0.00144
255 0.0001923076923076921 -0.002 0.00144
256 0.0005769230769230769 -0.002 0.00144
257 0.0009615384615384616 -0.002 0.00144
258 0.001346153846153847 -0.002 0.00144
259 0.001730769230769231 -0.002 0.00144
260 0.002115384615384616 -0.002 0.00144
261 -0.0021875 0.009000000000000001 0.00144
262 -0.001875 0.009000000000000001 0.00144
263 -0.0015625 0.009000000000000001 0.00144
264 0.0015625 0.009000000000000001 0.00144
265 0.001875000000000001 0.009000000000000001 0.00144
266 0.002187500000000001 0.009000000000000001 0.00144
267 0.0025 -0.001607142857142857 0.00144
268 0.0025 -0.001214285714285715 0.00144
269 0.0025 -0.0008214285714285723 0.00144
270 0.0025 -0.0004285714285714296 0.00144
271 0.0025 -3.571428571428736e-05 0.00144
272 0.0025 0.0003571428571428558 0.00144
273 0.0025 0.0007499999999999985 0.00144
274 0.0025 0.001142857142857142 0.00144
275 0.0025 0.001535714285714284 0.00144
276 0.0025 0.001928571428571428 0.00144
277 0.0025 0.002321428571428571 0.00144
278 0.0025 0.002714285714285714 0.00144
279 0.0025 0.003107142857142857 0.00144
280 0.0025 0.003499999999999999 0.00144
281 0.0025 0.003892857142857142 0.00144
282 0.0025 0.004285714285714285 0.00144
283 0.0025 0.004678571428571427 0.00144
284 0.0025 0.00507142857142857 0.00144
285 0.0025 0.005464285714285713 0.00144
286 0.0025 0.005857142857142858 0.00144
287 0.0025 0.00625 0.00144
288 0.0025 0.006642857142857141 0.00144
289 0.0025 0.007035714285714286 0.00144
290 0.0025 0.007428571428571428 0.00144
291 0.0025 0.007821428571428571 0.00144
292 0.0025 0.008214285714285716 0.00144
293 0.0025 0.008607142857142858 0.00144
294 -0.002115384615384616 0.009000000000000001 0
295 -0.001730769230769231 0.009000000000000001 0
296 -0.001346153846153847 0.009000000000000001 0
297 -0.0009615384615384622 0.009000000000000001 0
298 -0.0005769230769230771 0.009000000000000001 0
299 -0.0001923076923076926 0.009000000000000001 0
300 0.0001923076923076921 0.009000000000000001 0
301 0.0005769230769230769 0.009000000000000001 0
302 0.0009615384615384616 0.009000000000000001 0
303 0.001346153846153847 0.009000000000000001 0
304 0.001730769230769231 0.009000000000000001 0
305 0.002115384615384616 0.009000000000000001 0
306 0.0025 0.009000000000000001 0.0003599999999999992
307 0.0025 0.009000000000000001 0.0007199999999999982
308 0.0025 0.009000000000000001 0.001079999999999999
309 0.0025 -0.001607142857142857 0
310 0.0025 -0.001214285714285715 0
311 0.0025 -0.0008214285714285723 0
312 0.0025 -0.0004285714285714296 0
313 0.0025 -3.571428571428736e-05 0
314 0.0025 0.0003571428571428558 0
315 0.0025 0.0007499999999999985 0
316 0.0025 0.001142857142857142 0
317 0.0025 0.001535714285714284 0
318 0.0025 0.001928571428571428 0
319 0.0025 0.002321428571428571 0
320 0.0025 0.002714285714285714 0
321 0.0025 0.003107142857142857 0
322 0.0025 0.003499999999999999 0
323 0.0025 0.003892857142857142 0
324 0.0025 0.004285714285714285 0
325 0.0025 0.004678571428571427 0
326 0.0025 0.00507142857142857 0
327 0.0025 0.005464285714285713 0
328 0.0025 0.005857142857142858 0
329 0.0025 0.00625 0
330 0.0025 0.006642857142857141 0
331 0.0025 0.007035714285714286 0
332 0.0025 0.007428571428571428 0
333 0.0025 0.007821428571428571 0
334 0.0025 0.008214285714285716 0
335 0.0025 0.008607142857142858 0
336 0.0007083648205225679 0.0003717785376350148 0
337 0.0004544517973849247 0.0006583870927149251 0
338 9.642934420425858e-05 0.0007941670992784432 0
339 -0.0002836839096340284 0.000748012994148332 0
340 -0.0005988085985368807 0.0005304981265926365 0
341 -0.0007767534539408415 0.0001914525314300465 0
342 -0.0007767534539408418 -0.000191452531430046 0
343 -0.000598808598536881 -0.000530498126592636 0
344 -0.0002836839096340288 -0.0007480129941483318 0
345 9.642934420425786e-05 -0.0007941670992784434 0
346 0.0004544517973849245 -0.0006583870927149253 0
347 0.0007083648205225677 -0.0003717785376350154 0
348 0.0008 -1.959434878635765e-19 0.0003599999999999992
349 0.0008 -1.959434878635765e-19 0.0007199999999999982
350 0.0008 -1.959434878635765e-19 0.001079999999999999
351 -7.855130827467861e-06 0.00870241685059994 0.00144
352 0.0009227429329209259 0.006155234362060295 0.00144
353 0.0009040898931473336 0.003467397160800917 0.00144
354 -0.00092405553046112 0.00495595817135244 0.00144
355 -0.0009167271693124423 0.0072699036838095 0.00144
356 0.0009063053676241301 0.002293942121107521 0.00144
357 -0.000867405446791714 0.003770869818566819 0.00144
358 0.0009293302112079271 0.004606271957545404 0.00144
359 -0.0009285373341700473 0.002677700177012889 0.00144
360 -0.0009073910327135523 0.006084420478082278 0.00144
361 0.0009872716622019852 0.007270702590321272 0.00144
362 -0.0001190381606134036 0.001111577903470014 0.00144
363 0.0009171640112921702 0.005348903994147237 0.00144
364 -0.0009524002450442462 0.001890239984186347 0.00144
365 -0.0009277792166944604 0.00800786223591371 0.00144
366 0.0009255681510416192 0.008033667249061602 0.00144
367 0.0009348409577876116 0.00153568863615307 0.00144
368 -0.0009514666337243796 0.001124044665895632 0.00144
369 -0.001289710728948624 -1.975396738724745e-05 0.00144
370 0.0002747565439707495 0.001155975423896926 0.00144
371 2.370054275864592e-05 0.001456364510901772 0.00144
372 -0.0003319068562830904 0.001406725975585925 0.00144
373 -0.000205260102666869 0.001758993059483115 0.00144
374 0.0001695084348896802 0.001806402066431564 0.00144
375 -6.121688988459908e-05 0.002112075187390826 0.00144
376 0.0007142857142857131 0.00869070521293413 0.00144
377 -0.0007142857142857159 0.00869070521293413 0.00144
378 0.001338425075970376 2.270821578405634e-06 0.00144
379 0.0003064337522715199 0.002150531983644006 0.00144
380 8.46543475550287e-05 0.002464429672472239 0.00144
381 -0.0002955275970597499 0.002414827005007357 0.00144
382 -0.0001473039801805483 0.002770415850552478 0.00144
383 0.0002360446924461799 0.002819543939646367 0.00144
384 -6.380782861496687e-06 0.003130620753927246 0.00144
385 -0.0003805298752880213 0.003078516103303082 0.00144
386 -0.0002289655837498537 0.003433790334431646 0.00144
387 0.0001418092975145894 0.003485507843930518 0.00144
388 -7.891337397875749e-05 0.003787986410743283 0.00144
389 0.0003025030726227378 0.003834900461270969 0.00144
390 7.297857976546039e-05 0.004141092180863759 0.00144
391 -0.0002987882003113235 0.004090145301732733 0.00144
392 -0.0001561152018770465 0.004447099708216111 0.00144
393 0.0002186948012378027 0.004490410589682936 0.00144
394 -7.944082072172462e-06 0.004800659465314661 0.00144
395 0.0003532715511828365 0.004827492053825682 0.00144
396 0.0001392880844774229 0.005151615288358572 0.00144
397 -0.0002339870617292004 0.005111629701343137 0.00144
398 -8.82473799029446e-05 0.005462085544985852 0.00144
399 -0.0004637825988995698 0.00541982364420391 0.00144
400 -0.0003173359145885648 0.005769252462124067 0.00144
401 6.21728695313392e-05 0.005815936378663457 0.00144
402 -0.0001677519382506144 0.006122331546482507 0.00144
403 0.0002084936676985127 0.00617121645282124 0.00144
404 -1.945593855438307e-05 0.006476671164839861 0.00144
405 0.0003576922776075822 0.006525342324015517 0.00144
406 0.0001299446037244354 0.006830651495355338 0.00144
407 -0.0002506826629377599 0.006783555925393535 0.00144
408 -9.972929298704852e-05 0.007136671447587827 0.00144
409 -0.0005711859847845993 0.004409084807947568 0.00144
410 0.0002692537457985682 0.007188037809283884 0.00144
411 4.97972532645162e-05 0.007489844444255622 0.00144
412 0.0004337469775355192 0.007553121075896171 0.00144
413 0.000199517334367787 0.007841301214812064 0.00144
414 -0.0001754345803073311 0.007792858893937016 0.00144
415 0.0006518127432661965 0.001015123196900525 0.00144
416 0.0004138701876482829 0.005864796383833385 0.00144
417 -0.001126574801189863 0.0006450069136064834 0.00144
418 -1.292954800452481e-05 0.008124403345648148 0.00144
419 0.0003464484733524782 0.008143586689362247 0.00144
420 0.00109490937748126 0.0006813018973072704 0.00144
421 -0.0003533310118463845 0.008109134407823265 0.00144
422 -0.0005739625063436869 0.007802096143794192 0.00144
423 -0.0006079508987910902 0.003396401036848029 0.00144
424 -0.0001316612115543806 -0.001084325303052466 0.00144
425 0.000574478827221653 0.001767837504369645 0.00144
426 0.0003867308621758856 -0.001019313984173296 0.00144
427 -0.0006439339326292214 -0.0009305152539391176 0.00144
428 0.0008466400633031456 -0.0007468329937454254 0.00144
429 -0.0005464998916986107 0.007099885564711247 0.00144
430 -0.000624873657581172 0.006671213531494637 0.00144
431 0.001018955116352172 -0.0002421734072529052 0.00144
432 0.001008554298690762 0.0002584515518522707 0.00144
433 -0.0006819957826658059 0.005741298908937199 0.00144
434 -0.001058153772674162 -0.000477037187634731 0.00144
435 0.0005603339403415406 0.005163184434426811 0.00144
436 -0.000881028717660574 0.005376227233048529 0.00144
437 -0.000742009967396339 0.003056772941920384 0.00144
438 0.0004997441563667321 0.003504079578193795 0.00144
439 0.0006813564157990101 0.003847033818227937 0.00144
440 0.0006616564371025973 0.003206442386804018 0.00144
441 -0.0006296196550894945 0.0009121615463200225 0.00144
442 -0.0009433593635326294 0.001502950342606067 0.00144
443 0.0008588227786689211 0.007616026737769348 0.00144
444 0.0005706480593317536 0.007886598681326792 0.00144
445 0.000508898275732183 0.006877643371177591 0.00144
446 0.0007186828848142133 0.006530597724965515 0.00144
447 -0.0005281269306380821 0.00272620266454266 0.00144
448 -0.0006618885246187909 0.002366274759200625 0.00144
449 -0.0009276230044984648 0.007638919029760995 0.00144
450 0.0005281345940691619 0.00247967916405972 0.00144
451 -0.0003804976221978033 0.006409884739339082 0.00144
452 0.0002868801736089096 0.005499780828681961 0.00144
453 -0.0009333319978473582 0.004582314807564856 0.00144
454 -0.0009174461443529578 0.004196213906258864 0.00144
455 0.0009292281366333141 0.004974527993158757 0.00144
456 0.0008881607485312847 0.004194888836422902 0.00144
457 0.0009196540696926197 0.002658449926580661 0.00144
458 0.0009481290520954287 0.005739509652368027 0.00144
459 -0.0003741784271260863 0.004771060143831806 0.00144
460 0.0004561343676102118 0.004170882907121816 0.00144
461 -0.0004577197908542894 0.00374014139573572 0.00144
462 0.0003403757582091791 0.001505158380731803 0.00144
463 -0.0003321830254520601 0.007460881646134154 0.00144
464 -0.0003584520456141027 0.008703416502221211 0.00144
465 0.0003479785378441455 0.00870599277116741 0.00144
466 -0.0004212931143374761 0.00207426578648262 0.00144
467 0.0009241305673442611 0.001921868273251633 0.00144
468 -0.0009437059269647799 0.006496421280095716 0.00144
469 -0.0006057984590135689 0.001714166668637491 0.00144
470 -0.0005430188707618169 0.006072613532797528 0.00144
471 -0.001267738620679947 -0.0002497427295615134 0.00144
472 0.0009235695006719781 0.006897302208612104 0.00144
473 0.0009233376844395686 0.008404440681081897 0.00144
474 -0.0009177841909861493 0.008403665372923034 0.00144
475 0.0005560809965818627 0.006195430014145428 0.00144
476 0.0009472135208839531 0.001167923167719648 0.00144
477 -0.001285917708851429 0.0002398604242943984 0.00144
478 -0.001095904594309658 0.0001265360363689278 0.00144
479 -0.00108520121746405 0.0003848151186392494 0.00144
480 0.001269002297460934 0.0002033206761552754 0.00144
481 0.001281692009440779 -0.0002262026206997693 0.00144
482 -0.0009527682063928825 0.006886207575558934 0.00144
483 -0.0005318162490369028 0.008415220373120477 0.00144
484 -0.0009588132104307884 0.00337464289236292 0.00144
485 -0.0005882517717472401 0.005085472029051507 0.00144
486 0.0005776957273125103 0.004516228625156273 0.00144
487 0.0001535392236633215 -0.001258225730470023 0.00144
488 0.0009544444730417031 0.003041574665822238 0.00144
489 0.000638411120086518 0.005576205808453678 0.00144
490 -0.0004425826958561471 -0.001203884049149655 0.00144
491 0.0007741096711788563 0.0006858013250661962 0.00144
492 0.001092621648078937 -3.684505413880614e-07 0.00144
493 0.0006073969180904516 0.002877037444573274 0.00144
494 -0.0001888238902871255 0.008410697378393606 0.00144
495 0.0007144571313305959 -0.001056464076826888 0.00144
496 0.001108063588707845 -0.000533929466271758 0.00144
497 -0.000632753436694075 0.004023161387296989 0.00144
498 -0.0006693966309314874 0.001282347074311474 0.00144
499 -0.0009489856276998582 -0.0008313455750380339 0.00144
500 0.0005357142857142834 0.008433241772521796 0.00144
501 0.0003302692050744679 0.003192998449599406 0.00144
502 -0.0009882934440333044 0.002274296831323869 0.00144
503 0.001194677384052164 0.0004478944002720135 0.00144
504 0.0006297639999916163 0.007245841486743261 0.00144
505 0.0001700887879652981 0.008420056467948857 0.00144
506 -0.0006559334095122376 0.007451364690464021 0.00144
507 0.0009968234655925101 0.003811600412735551 0.00144
508 0.0006425428016278671 0.002131636865472555 0.00144
509 -0.001001445833094009 0.005733460190680523 0.00144
510 0.0006316810729323503 0.001352597150608747 0.00144
511 -0.001043077230577529 -0.0001328975218515117 0.00144
512 -0.000851753527309045 0.0005872913105509324 0.00144
513 -0.0006875864605462598 0.004772415151117857 0.00144
514 0.0006543000650989405 0.008166382330916086 0.00144
515 0.000668540656958247 0.004799651375244458 0.00144
516 0.0009936838506449225 0.00873559114840664 0.00144
517 -0.000993683850644928 0.008735591148406637 0.00144
518 -0.0004122109376653212 0.001100483541297593 0.00144
519 0.001024504204417479 0.006505915897980882 0.00144
520 -0.0006772026651010738 0.006332922735026435 0.00144
521 0.000936990473245591 0.0004823895776018705 0.00144
522 -0.0009113475603500925 0.0008545341858787536 0.00144
523 -0.0006609346349815168 0.008147595706714935 0.00144
524 -0.001041384342450298 0.003042948622029713 0.00144
525 0.0006958468578666037 0.005906235244172164 0.00144
526 -0.0007215452763758641 0.002073544635439186 0.00144
527 -0.001276802505395003 0.000484970440161804 0.00144
528 0.0009417758966999649 0.000889865536276035 0.00144
529 -0.0001649039587775955 -0.001357760305830017 0.00144
530 0.0003961845124437509 0.0009207000792370114 0.00144
531 0.0004863334473190732 -0.001274605082588098 0.00144
532 -7.867424262104318e-06 0.008702434510157987 0.001503
533 0.0009278710489055372 0.006176935622495924 0.001503
534 0.0009040806419043113 0.0034674049026516 0.001503
535 -0.0009408968002635835 0.004579929026235574 0.001503
536 -0.0009171640112921702 0.007270533470911853 0.001503
537 0.0009063046138462445 0.002293941553390798 0.001503
538 -0.0008749123827294231 0.00267956171224461 0.001503
539 0.0009296233869625433 0.004975729541406531 0.001503
540 -0.0009180953102091193 0.005782385170237657 0.001503
541 0.0009872547812533172 0.00727069950774589 0.001503
542 -0.0001190381606134036 0.001111577903470014 0.001503
543 0.0009171640112921702 0.004195926308088472 0.001503
544 -0.0009230204220733926 0.003437417745707569 0.001503
545 -0.0009368286663126169 0.006511523128261807 0.001503
546 -0.0009189230666925023 0.001889469904472102 0.001503
547 -0.0009278432048392778 0.008007908482136247 0.001503
548 0.0009255454654472244 0.008033666105278846 0.001503
549 0.0009348409577876116 0.00153568863615307 0.001503
550 -0.0009514666337243796 0.001124044665895632 0.001503
551 -0.001289710728948624 -1.975396738724763e-05 0.001503
552 0.0002747565439707497 0.001155975423896926 0.001503
553 2.3700542758646e-05 0.001456364510901772 0.001503
554 -0.0003323435545747399 0.001406226331555655 0.001503
555 -0.0001857992685464687 0.001749942190286876 0.001503
556 0.0001727519072430803 0.001804893588232191 0.001503
557 -3.746165464906874e-05 0.002101846976417862 0.001503
558 0.0007142857142857131 0.00869070521293413 0.001503
559 -0.0007142857142857159 0.00869070521293413 0.001503
560 0.001338425075970376 2.270821578405618e-06 0.001503
561 0.0003109327830917893 0.002148575301065228 0.001503
562 8.936299252515977e-05 0.00246239589261192 0.001503
563 -0.0003065289103864321 0.002367215368138004 0.001503
564 -0.0001465731112164759 0.002763476912007862 0.001503
565 0.0002360404998108807 0.002819540779673234 0.001503
566 -6.268215898304985e-06 0.003129461637545254 0.001503
567 -0.0003611530786853856 0.003055209930058313 0.001503
568 -0.0002654315463412595 0.003453837287397614 0.001503
569 0.0001357400961055462 0.003488660951006152 0.001503
570 -7.631913250738321e-05 0.003786988352693293 0.001503
571 0.0003019089360447039 0.003835271286056 0.001503
572 7.328550210967785e-05 0.004140992356089624 0.001503
573 -0.0002910518620069335 0.004096200071766706 0.001503
574 -0.0001574824945898912 0.004447667377176554 0.001503
575 0.0002238773926843117 0.004494565807755489 0.001503
576 -7.353307499360744e-06 0.00480145185021116 0.001503
577 0.0006518127432661965 0.001015123196900525 0.001503
578 -0.000382482677734376 0.004762926067342583 0.001503
579 -0.0002375978904981054 0.005109756675008305 0.001503
580 0.0001429810498612222 0.005155457460319174 0.001503
581 -8.829689452792719e-05 0.005462416832029246 0.001503
582 0.0002929565019937988 0.005509005120132922 0.001503
583 6.168062498815116e-05 0.005815972632016144 0.001503
584 -0.000608514777756235 0.005061988221834909 0.001503
585 -0.0003053168798585745 0.005762986210266642 0.001503
586 -0.0001672423234373399 0.006121843877571947 0.001503
587 0.0002084253285965882 0.006171152718440526 0.001503
588 -1.951610765879547e-05 0.00647663209422112 0.001503
589 0.0003575896875254307 0.006525340972581534 0.001503
590 0.0001298154954854725 0.006830654323938851 0.001503
591 -0.0002456701610936213 0.006781348728830319 0.001503
592 -9.902604253117358e-05 0.007136307231357768 0.001503
593 0.0002692537473574522 0.007187989187545149 0.001503
594 4.962333198298539e-05 0.007489856533205219 0.001503
595 0.0004336419947649383 0.007553123373819522 0.001503
596 0.000199340605600495 0.007841315150022602 0.001503
597 -0.0001756192146508187 0.007792860600515259 0.001503
598 -0.001126574801189863 0.0006450069136064833 0.001503
599 -1.306912447374776e-05 0.008124426502022393 0.001503
600 0.0003463517025462694 0.008143588197139645 0.001503
601 -0.0005621254001488549 0.006054572006417548 0.001503
602 0.00109490937748126 0.0006813018973072706 0.001503
603 -0.0003534356948803242 0.008109178635570615 0.001503
604 -0.0005740806436592997 0.007802154930930392 0.001503
605 -0.0001316612115543806 -0.001084325303052466 0.001503
606 0.0005755848991036058 0.001767342481401338 0.001503
607 0.0003867308621758856 -0.001019313984173296 0.001503
608 -0.0006439339326292214 -0.0009305152539391176 0.001503
609 0.0008466400633031456 -0.0007468329937454254 0.001503
610 -0.0005363146606613339 0.007097690339264976 0.001503
611 0.001018955116352172 -0.0002421734072529052 0.001503
612 0.001008554298690762 0.0002584515518522707 0.001503
613 0.0005731974711841397 0.005169606373510599 0.001503
614 0.0006495457388518446 0.005593979506328702 0.001503
615 -0.001058153772674162 -0.000477037187634731 0.001503
616 0.0004986241583967314 0.003504675083895481 0.001503
617 -0.0006296196550894945 0.0009121615463200225 0.001503
618 -0.0009382165320989883 0.001502322351956757 0.001503
619 0.0006811406385063891 0.003847159500263995 0.001503
620 0.0006614248377515973 0.00320656469866025 0.001503
621 0.0008587639252830523 0.007616031040882361 0.001503
622 0.0005704571775690555 0.007886632526840708 0.001503
623 0.0005087768341900781 0.006877661949237278 0.001503
624 0.0007194756609629423 0.006534216403669607 0.001503
625 -0.0009172286881549698 0.002274184807711422 0.001503
626 -0.0006122327601215157 0.002110543412831939 0.001503
627 0.0005294485429268433 0.002479109127806886 0.001503
628 -0.0009277432936140178 0.007639046908956071 0.001503
629 0.0003741157033232602 0.004848302516617042 0.001503
630 0.0006016859750673969 0.004531496670768284 0.001503
631 -0.0009267557599955047 0.003813290769145832 0.001503
632 -0.0006226898660881852 0.00363566347368517 0.001503
633 -0.0009313336351714896 0.00419615398964571 0.001503
634 -0.0005751785271367256 0.004408159703512628 0.001503
635 0.0009198703436838078 0.002658355481978921 0.001503
636 -0.0008668593214219063 0.005372492420391444 0.001503
637 -0.0009264965738985496 0.003080354875768985 0.001503
638 -0.0009152440002822469 0.006895941055140535 0.001503
639 0.0004158615877769123 0.0058745362602993 0.001503
640 -0.0003787697867499579 0.006416001459297955 0.001503
641 -0.0004535214511469434 0.005409173572989033 0.001503
642 0.0004665104092841082 0.004174235321503644 0.001503
643 -0.0004920958641803494 0.002710364756531378 0.001503
644 0.0003412456670562499 0.001504757680498267 0.001503
645 -0.0003304648552355001 0.007460472578750333 0.001503
646 -0.0003584540945198752 0.008703436389164709 0.001503
647 0.0003479641955037359 0.008705992641569541 0.001503
648 0.0009243147870282723 0.001921785674804128 0.001503
649 -0.0009304453882878706 0.006143315900682225 0.001503
650 -0.0005680412091788227 0.001707573753209523 0.001503
651 -0.001267738620679947 -0.0002497427295615136 0.001503
652 0.0009235616385533788 0.006897288591023234 0.001503
653 0.0009233368528357496 0.008404436619500428 0.001503
654 -0.0009177975244968161 0.008403682898079499 0.001503
655 0.0005568668992705656 0.00620218332598179 0.001503
656 0.000947213520883953 0.001167923167719648 0.001503
657 -0.001285917708851428 0.0002398604242943982 0.001503
658 -0.001095904594309657 0.0001265360363689275 0.001503
659 -0.001085201217464049 0.0003848151186392489 0.001503
660 0.001269002297460934 0.0002033206761552755 0.001503
661 0.001281692009440779 -0.0002262026206997693 0.001503
662 -0.0006149558899722588 0.006673438753042613 0.001503
663 0.000932184490646598 0.005368531451689451 0.001503
664 -0.0005318560845488879 0.008415269326153817 0.001503
665 0.0009479168182983256 0.004592857534497691 0.001503
666 -0.0009451554508877152 0.004958334508983656 0.001503
667 0.0009535965600433272 0.00575613738965304 0.001503
668 0.0001535392236633215 -0.001258225730470023 0.001503
669 0.0009544360208579821 0.003041577067757629 0.001503
670 -0.0004425826958561471 -0.001203884049149655 0.001503
671 -0.0006360203523471249 0.004003763281879355 0.001503
672 0.0007741096711788561 0.0006858013250661961 0.001503
673 0.001092621648078937 -3.684505413880567e-07 0.001503
674 0.0006075469862539362 0.002876974455953686 0.001503
675 -0.0001888859232810213 0.00841073072343344 0.001503
676 0.0007144571313305959 -0.001056464076826888 0.001503
677 0.001108063588707845 -0.000533929466271758 0.001503
678 -0.0006590239070873652 0.00128717736164702 0.001503
679 -0.0009489856276998582 -0.0008313455750380339 0.001503
680 0.0005357142857142804 0.008433177148794003 0.001503
681 -0.0006314046167140652 0.002421060864863627 0.001503
682 -0.0006204883693133355 0.003290328294561271 0.001503
683 0.0003299487071162028 0.003193116467177225 0.001503
684 0.001194677384052164 0.0004478944002720136 0.001503
685 0.0006297001475489765 0.007245837193914516 0.001503
686 0.0001700346186245687 0.008420058287186168 0.001503
687 -0.0006499181302875459 0.00744657251375232 0.001503
688 0.0009968101524807254 0.003811600412735552 0.001503
689 0.0006435574469801571 0.002131193307191962 0.001503
690 0.0006319163087334247 0.001352490516894242 0.001503
691 -0.0006145429428189126 0.005685401078403653 0.001503
692 -0.001043077230577529 -0.000132897521851512 0.001503
693 -0.000851753527309045 0.0005872913105509322 0.001503
694 0.000654300387868722 0.008166338877627041 0.001503
695 -0.0006894559956379996 0.004758899106999026 0.001503
696 0.0009936838506449225 0.00873559114840664 0.001503
697 -0.000993683850644928 0.008735591148406637 0.001503
698 -0.0004151126969033488 0.001106867188340281 0.001503
699 0.001023263839849204 0.006509374069168886 0.001503
700 -0.0006789168531449941 0.006343761512707991 0.001503
701 -0.0003701312028344539 0.003804449242216835 0.001503
702 0.0006629939630519567 0.00482539046401316 0.001503
703 0.000936990473245591 0.0004823895776018706 0.001503
704 -0.0009113475603500925 0.0008545341858787536 0.001503
705 -0.0006610026304849211 0.008147638854574113 0.001503
706 -0.0006550292537614087 0.002963163913832912 0.001503
707 0.0007007483669696374 0.005920754420951752 0.001503
708 -0.001276802505395003 0.0004849704401618039 0.001503
709 0.0009417758966999647 0.000889865536276035 0.001503
710 -0.0001649039587775955 -0.001357760305830017 0.001503
711 -0.0003252690162616934 0.002010930972567525 0.001503
712 0.0003961845124437509 0.0009207000792370114 0.001503
713 0.0004863334473190732 -0.001274605082588098 0.001503
714 -0.0025 0.006446428571428568 0.0003402242657724564
715 -0.0025 0.00448213356222507 0.0003402296321957425
716 -0.0025 0.003296127321958864 0.0003743376081819206
717 -0.0025 -0.0002309726921772754 0.001084551751356826
718 -0.0025 0.008014518000754414 0.000378037212224099
719 -0.0025 -0.00101417899264972 0.001060970293175937
720 -0.0025 0.005661722390424659 0.0003405553153983072
721 -0.0025 0.0009512762812059605 0.001084887117106068
722 -0.0025 0.001732142857142856 0.001099775734227541
723 -0.0025 0.002512897135445108 0.001085130792702323
724 -0.0025 0.007214093985292862 0.001072017846791065
725 -0.0025 0.004876601576167322 0.001064634356921709
726 -0.0025 0.003695315997476998 0.001089124776202702
727 -0.0025 0.006053571428571431 0.001099775734227543
728 -0.0025 0.0001678651947058869 0.0003739070734747473
729 -0.0025 -0.0006251104204400219 0.0003398537855917008
730 -0.0025 0.001339285714285713 0.0003402242657724579
731 -0.0025 0.002125 0.0003402242657724579
732 -0.0025 0.008424641922824059 0.001079179660399719
733 -0.0025 -0.001424630672115327 0.0003606808886855262
734 -0.0025 0.007211848043704993 0.000345444271610569
735 -0.0025 0.008717496969780908 0.0005483149944026121
736 -0.0025 -0.001717483843954051 0.0008916846135043202
737 -0.0025 0.008021158169192917 0.00109733784036956
738 -0.0025 0.008193117262382978 0.0007281586016039557
739 -0.0025 0.007807584375464608 0.0007382409112975555
740 -0.0025 0.007608092805276162 0.0003622755474486408
741 -0.0025 0.007407772673398103 0.000709466805544774
742 -0.0025 0.007002062448680877 0.0006797616148973605
743 -0.0025 0.006813680255140992 0.001054890823742148
744 -0.0025 -0.001020194943997321 0.0003422378887198087
745 -0.0025 -0.001192256537191203 0.0007116102491211481
746 -0.0025 -0.0008179301977518524 0.0006923711344049264
747 -0.0025 -0.0004282800382278485 0.0006862641109536664
748 -0.0025 -0.0006244682468252646 0.001053659222868707
749 -0.0025 -2.900249152324027e-05 0.0007295910250152891
750 -0.0025 0.0001642877932703166 0.001092964014887555
751 -0.0025 0.0003672358196120753 0.0007457985903074446
752 -0.0025 0.0005665117804660707 0.0003864408586134745
753 -0.0025 0.0007573929176149033 0.0007234409646304812
754 -0.0025 0.00761676820055808 0.001082843900667159
755 -0.0025 0.006615927381493743 0.0007083947788089516
756 -0.0025 -0.0002322745796738649 0.0003403048369263287
757 -0.0025 0.004874998450847033 0.0003402251601763405
758 -0.0025 0.004678836550587522 0.0006890200163446683
759 -0.0025 0.004285605911549014 0.0006814731509111521
760 -0.0025 0.005074432249173354 0.0006922785208348849
761 -0.0025 0.005277080998116371 0.001047639598982311
762 -0.0025 0.004482173193187155 0.001056128488063892
763 -0.0025 0.004088645027050661 0.001052255679171922
764 -0.0025 0.003890870047754465 0.0007002134521545998
765 -0.0025 0.00349281824313346 0.0007322420272022005
766 -0.0025 0.005467678799029386 0.0007003241256452414
767 -0.0025 0.003299832877275095 0.001094559588569067
768 -0.0025 0.003098145879464007 0.0007413294643150434
769 -0.0025 0.002897576165373724 0.0003867508933231346
770 -0.0025 0.002706975811039899 0.000722912881623438
771 -0.0025 0.004088934920254757 0.0003436561836664421
772 -0.0025 0.002122360779611809 0.001084545535059408
773 -0.0025 0.001928571428571427 0.0007595514684550827
774 -0.0025 0.001535714285714284 0.0007595514684550841
775 -0.0025 0.001732142857142856 0.000392421441828827
776 -0.0025 0.001341874241500069 0.001084519901638628
777 -0.0025 0.005269091029198119 0.0003455638536757956
778 -0.0025 0.005858776426750322 0.0006911434488651025
779 -0.0025 0.003693601279326447 0.0003584082118675272
780 -0.0025 0.006049419031990909 0.0003565966383661509
781 -0.0025 0.001151654292985077 0.0006929735006366962
782 -0.0025 0.002312481869560298 0.0006928933900515596
783 -0.0025 0.0005578892781410178 0.001087848447821925
784 -0.0025 0.005663089370649346 0.001069813817953366
785 -0.0025 0.002906546712442113 0.001087322121201645
786 -0.0025 0.0009519774412787394 0.0003421639868730522
787 -0.0025 0.002512225817152611 0.0003421100658061208
788 -0.0025 0.006433474555528805 0.001095845131038609
789 -0.0025 -0.001423479851178918 0.001062978877866535
790 -0.0025 0.008423664367476701 0.0003768459237725617
791 -0.0025 -0.001726995510421208 0.0005504103715762182
792 -0.0025 0.008727012699003996 0.000889565929162744
793 -0.0025 0.00622991076584006 0.0007485872663972263
794 -0.0025 0.006825806312313267 0.0003456374885148895
795 -0.0025 -0.001749621310455165 0.001182932698274171
796 -0.0025 0.008749660838880093 0.0002570321836350346
797 -0.0025 0.00874658816111557 0.001185165819889979
798 -0.0025 -0.001746584098359638 0.0002548108729420489
799 -0.0025 -0.001496969282972141 0.0007154730001507495
800 -0.0025 0.008497186644293728 0.0007244130218683185
801 0.001532482460711542 -0.002 0.001057286106663428
802 -0.0007679696105621779 -0.002 0.0003542505674636357
803 -0.001534906182928078 -0.002 0.0003858921561140659
804 5.319320299617715e-06 -0.002 0.0003510644291067952
805 0.0007690408141202598 -0.002 0.00033397531787541
806 -0.00115393285416573 -0.002 0.001107191097265383
807 -0.0003773641959498616 -0.002 0.001092254628446238
808 0.0003847111980783842 -0.002 0.001071116557863906
809 -0.001935451055571265 -0.002 0.001082201137898956
810 0.001935462049456299 -0.002 0.0003579019496482464
811 0.002222029977058891 -0.002 0.0008921840938393773
812 -0.002222017150859683 -0.002 0.0005478164150367282
813 0.001541262274468662 -0.002 0.0003364801773655794
814 0.001709007980831248 -0.002 0.0007080425234894302
815 0.001339427838901909 -0.002 0.0006872838937414945
816 0.001142650456366961 -0.002 0.001035202005427247
817 0.0009580732098982826 -0.002 0.0006941642516360717
818 -0.001540538343930525 -0.002 0.001103834802068515
819 -0.001708805435046453 -0.002 0.000732534272349663
820 -0.001342546320562508 -0.002 0.0007575383336297039
821 -0.000960982124167383 -0.002 0.0007658269553058409
822 -0.001153146744908042 -0.002 0.0003956688989345428
823 -0.0005657568869806614 -0.002 0.0007133591531393387
824 0.001152582740846903 -0.002 0.0003419839401030926
825 0.000576725463988671 -0.002 0.0007001635127881842
826 -0.0003771461036863144 -0.002 0.0003645020355276431
827 -0.0007660829332875293 -0.002 0.0010931053056928
828 -0.0001652386756438948 -0.002 0.0007683380634560894
829 0.0003862451608468201 -0.002 0.0003410033643935022
830 0.0007667640753669879 -0.002 0.001085432963948427
831 6.543820654371629e-06 -0.002 0.001078754362726143
832 0.0001981221742761571 -0.002 0.0006901994717259023
833 0.001934127067002977 -0.002 0.001061520119820348
834 -0.00193443155172259 -0.002 0.0003790168260009858
835 -0.002231287869883028 -0.002 0.0008900355142155512
836 0.002231304666096276 -0.002 0.0005499822607311066
837 0.002254308331889297 -0.002 0.001182740842731945
838 -0.002254366663593378 -0.002 0.0002573666482075426
839 -0.002242761269203669 -0.002 0.001183785357324892
840 0.002242763294721037 -0.002 0.0002562234518947762
841 -0.002006398612616604 -0.002 0.0007263208331003767
842 0.002006386348089138 -0.002 0.0007139261895057016
843 0.001566079190221429 0.0009030723627063827 0.00144
844 -0.001546637215431638 0.0009161646986505798 0.00144
845 -0.001689088124173061 1.956921214961395e-05 0.00144
846 0.001709993564352756 -5.412186038965261e-06 0.00144
847 -0.001578162719450876 0.008038144061290831 0.00144
848 0.001582835988707831 0.00803918526161769 0.00144
849 0.00158283598870783 0.007270533470911849 0.00144
850 -0.00158283598870783 0.007270533470911856 0.00144
851 0.001582835988707829 0.006501881680205998 0.00144
852 -0.00158283598870783 0.006501881680206009 0.00144
853 0.001582835988707829 0.005733229889500162 0.00144
854 -0.001582835988707831 0.005733229889500166 0.00144
855 0.00158283598870783 0.004964578098794317 0.00144
856 -0.00158283598870783 0.004964578098794322 0.00144
857 0.00158283598870783 0.004195926308088475 0.00144
858 -0.00158283598870783 0.004195926308088478 0.00144
859 0.001552064583416677 0.003385912096729672 0.00144
860 -0.001542734667469669 0.003406090937324096 0.00144
861 0.001579828334108454 0.002682368640956953 0.00144
862 -0.001579842361820516 0.002682492761327305 0.00144
863 0.001583217288275493 0.001906649853607288 0.00144
864 -0.001585544327314669 0.001906647937883572 0.00144
865 -0.001448888739433603 -0.001211771432346217 0.00144
866 0.0014488887394336 -0.001211771432346226 0.00144
867 0.002155262005784551 0.001351540268873577 0.00144
868 -0.002196101913564644 0.001342922803320999 0.00144
869 -0.002185214698599675 0.0005799993554076056 0.00144
870 0.00217850401701244 0.0006145601772966263 0.00144
871 -0.002159775734227543 -0.001410714285714286 0.00144
872 0.002176641165052616 -0.001412311077955393 0.00144
873 -0.002127406238922116 -0.000620151781294763 0.00144
874 0.002195057458797286 -0.0005901775585222776 0.00144
875 -0.001729311371098047 0.008732666349500888 0.00144
876 0.001729311371098046 0.008732666349500881 0.00144
877 0.002174547776659771 0.007634953122088253 0.00144
878 -0.002176019733189163 0.007636133995593776 0.00144
879 0.002173072110294068 0.006855216588451939 0.00144
880 -0.002172994816023434 0.006854926334710116 0.00144
881 0.002171678702761019 0.006075189801073804 0.00144
882 -0.002171678702761019 0.006075189801073808 0.00144
883 0.002170453424861731 0.005294872759953839 0.00144
884 -0.002170453424861729 0.005294872759953842 0.00144
885 0.00216934471191697 0.004514845972575701 0.00144
886 -0.002169344711916971 0.00451455571883388 0.00144
887 0.002177853539575517 0.003714785151701885 0.00144
888 -0.002168464269815669 0.003734819185197568 0.00144
889 0.002174127137408744 0.002910296373224919 0.00144
890 -0.002174127136999533 0.002910731434065485 0.00144
891 0.002174296573461528 0.002125017441844394 0.00144
892 -0.002174296573461528 0.002125017441844394 0.00144
893 0.002174845279441401 0.008437614663347992 0.00144
894 -0.002175429660272503 0.008438875629560005 0.00144
895 -0.001713768988816411 -0.0002589839483494887 0.00144
896 -0.001925865765635 -0.0001021946890295161 0.00144
897 -0.001894424328455121 0.0001641430404705968 0.00144
898 0.001730953803890799 -0.0002869240745085192 0.00144
899 0.001957216967220048 -0.0001238930387297474 0.00144
900 0.001911676403659671 0.0001528820715453218 0.00144
901 0.001662986027668978 -0.0009066217146399369 0.00144
902 -0.001706449198703906 -0.0008710494009859676 0.00144
903 0.001646158397077422 0.0005879762353374176 0.00144
904 0.001871992931084799 0.0007832244775878997 0.00144
905 0.001801591082231971 0.001178508849782285 0.00144
906 -0.001677339861502213 0.0006118953500754806 0.00144
907 -0.001837497449982354 0.00092014358903724 0.00144
908 -0.00168603678198124 0.001193799279188113 0.00144
909 -0.00109885307141804 -0.001697923643098343 0.00144
910 0.001098853071418038 -0.001697923643098345 0.00144
911 0.002178529810815385 0.001734346949220453 0.00144
912 0.001855923133158694 0.001600894775353298 0.00144
913 -0.002187086862519436 0.001732908469950687 0.00144
914 -0.002176543393808049 0.008029792864893139 0.00144
915 0.002174565416584043 0.008026980237264654 0.00144
916 -0.001792775477567772 -0.0005419578255344368 0.00144
917 -0.002103713952755122 -0.001027440282146239 0.00144
918 0.002173057221622126 0.004914812488353027 0.00144
919 -0.00217463903446806 0.005692991818576089 0.00144
920 -0.002176371978988128 0.006471122773175514 0.00144
921 -0.002168140805776222 0.003330023505136656 0.00144
922 -0.001821812562451104 0.003108010089354933 0.00144
923 -0.002178771599667098 0.002517735249142199 0.00144
924 -0.001832831088333396 0.00230691275481719 0.00144
925 0.002176384861366567 0.006471171148799143 0.00144
926 0.002179051966158025 0.003306433148819529 0.00144
927 0.001827886327230418 0.003077244788289519 0.00144
928 -0.002173057221622127 0.004914764112729393 0.00144
929 0.002174639034468059 0.005692991818576089 0.00144
930 0.0021787715997353 0.002517662739002106 0.00144
931 0.001832496650235818 0.002306884938419085 0.00144
932 0.002173369018694723 0.004133342528170994 0.00144
933 -0.002171761152252652 0.004136633158129972 0.00144
934 0.002178340549309904 0.00724925372777493 0.00144
935 -0.002178495698749063 0.007249402164402218 0.00144
936 0.002093702842608108 -0.0009738361392058143 0.00144
937 -0.001578300273221147 0.007654814194100107 0.00144
938 0.00158283598870784 0.006886207575558918 0.00144
939 0.001563577478777777 0.00378467264246438 0.00144
940 -0.001582835988707823 0.006886207575558922 0.00144
941 -0.001582835988707826 0.004580252203441402 0.00144
942 -0.001582835988707828 0.006117555784853087 0.00144
943 -0.001561262584649926 0.003809078557966684 0.00144
944 -0.001582835988707822 0.005348903994147241 0.00144
945 0.001582835988707831 0.005348903994147236 0.00144
946 0.001582835988707835 0.00765485936626477 0.00144
947 0.001582835988707826 0.004580252203441396 0.00144
948 0.001582835988707825 0.006117555784853079 0.00144
949 0.001511380870317019 -0.001604117176932726 0.00144
950 -0.001510122921268528 -0.001608612234702065 0.00144
951 -0.001848712749138579 0.001536547170234858 0.00144
952 -0.00218146033996611 7.249080112534806e-05 0.00144
953 -0.002196751227547062 -0.0002431610721771291 0.00144
954 0.001573931916868023 0.008445109918509705 0.00144
955 -0.001573264306974174 0.008444961175605871 0.00144
956 0.002021892257047999 0.008739206558315315 0.00144
957 -0.002021989653853183 0.008739416719350659 0.00144
958 0.001799934082409884 -0.00129757123561033 0.00144
959 0.002180826430973983 0.0009853960500666998 0.00144
960 -0.001910589380226435 -0.00167468615157068 0.00144
961 0.001910832359006158 -0.001675226818159637 0.00144
962 -0.001812456898602364 -0.001282210821473316 0.00144
963 -0.002159325383382466 0.0009402546526412793 0.00144
964 0.001691244362657135 0.0002765123825478923 0.00144
965 0.002201884342432581 6.218996184053499e-05 0.00144
966 0.001874295854104529 0.008216716015634574 0.00144
967 -0.00187462294614835 0.008217196624069546 0.00144
968 0.002223959918983996 -0.000263905023226745 0.00144
969 -0.001685090118231659 0.0002876985088406713 0.00144
970 -0.001878183347046628 0.0004395973800908996 0.00144
971 -0.001874297044306566 0.007839796359755952 0.00144
972 0.001872172128577136 0.007841457616061571 0.00144
973 0.001902973099024793 0.0004511183798523205 0.00144
974 0.001868784853143869 0.007458721020187528 0.00144
975 -0.001874962530238956 0.007454841784666547 0.00144
976 0.001867238657253721 0.007073587689166959 0.00144
977 -0.001870630238359611 0.007071195858797267 0.00144
978 -0.001503900845690141 0.001461600602301292 0.00144
979 0.001865478998085892 0.006688391196540423 0.00144
980 -0.001869029415272466 0.006685804769273251 0.00144
981 0.001867510927872475 0.006300346119847613 0.00144
982 -0.001867932062968682 0.006300032452836814 0.00144
983 0.001530224570082412 0.001486861578303306 0.00144
984 -0.0007692307692307697 -0.001729980573261955 0.00144
985 0.0007692307692307707 -0.001729980573261957 0.00144
986 0.001862930675033187 0.005917571691990798 0.00144
987 -0.00186296648584069 0.005917545019625934 0.00144
988 0.00186534312121728 0.005528913316787592 0.00144
989 -0.001865347384408648 0.005528910141506064 0.00144
990 0.001860466824165798 0.005146881312655231 0.00144
991 -0.001860467186682069 0.005146876929074867 0.00144
992 0.001863334497246543 0.004757530439793746 0.00144
993 -0.001863334540403243 0.004757489604919246 0.00144
994 0.001858530086246597 0.004375940044701394 0.00144
995 -0.001858371433850512 0.004376191706380191 0.00144
996 0.00187611411117666 0.00395064998986869 0.00144
997 -0.001864522715777936 0.00397868106347033 0.00144
998 0.001924892691189383 0.001934758791688904 0.00144
999 -0.001925694320153522 0.001921606754946141 0.00144
1000 0.001881252966281158 0.003518306243112532 0.00144
1001 -0.001854489600990088 0.003561117223075045 0.00144
1002 0.001918622009743747 0.002698891495978517 0.00144
1003 -0.001917476949854329 0.002705176457741423 0.00144
1004 -0.001488877918348258 0.003056498206413153 0.00144
1005 0.001491955848951109 0.003046284554007113 0.00144
1006 0.001499108454523953 0.002288899419126211 0.00144
1007 -0.001499643555493716 0.002288929423335162 0.00144
1008 -0.002127856542813507 0.0003226746868474611 0.00144
1009 0.001982839125440325 -0.0003789540057532481 0.00144
1010 0.001852404666306516 -0.0006041236767139299 0.00144
1011 0.002139007572425898 0.0003275786895355318 0.00144
1012 -0.002225415098102516 -0.001725060968549041 0.00144
1013 0.002240571627888677 -0.001738936150651578 0.00144
1014 -0.001874961014116965 0.008509607985091084 0.00144
1015 0.00187492619168979 0.008509424006236129 0.00144
1016 -0.001944084992537622 0.0006939510886198319 0.00144
1017 0.001479578968507163 0.001162216216264435 0.00144
1018 -0.002276983862825138 0.008757087041210705 0.00144
1019 0.00227684750729788 0.008756792815761232 0.00144
1020 -0.001473015135614444 0.00875866032595077 0.00144
1021 0.001473148657593213 0.008758690074531535 0.00144
1022 -0.001960946517905577 0.001162976031322812 0.00144
1023 -0.001447314968620628 0.001162840574134043 0.00144
1024 -0.001189141790021034 -0.001408746476347499 0.00144
1025 0.001189321497027958 -0.001408104325237597 0.00144
1026 -0.001945775020759147 -0.0003448250495781263 0.00144
1027 0.001405353979906348 0.009000000000000001 0.001174867675268817
1028 -0.001404777923777413 0.009000000000000001 0.001170649605921559
1029 1.653439088348911e-07 0.009000000000000001 0.001197665299920778
1030 0.0007182307853026743 0.009000000000000001 0.001150852562402603
1031 -0.0006895820450946973 0.009000000000000001 0.001094201170969521
1032 0.001155401313211104 0.009000000000000001 0.0003311832867166685
1033 -0.001163600034009298 0.009000000000000001 0.0003334378954309992
1034 -0.000405559060237481 0.009000000000000001 0.0003553167536943954
1035 0.0003985021286125059 0.009000000000000001 0.0003390680586304949
1036 0.002194144773236929 0.009000000000000001 0.0009027434507060466
1037 -0.002194144773236929 0.009000000000000001 0.0009027434507060466
1038 0.001928898112941497 0.009000000000000001 0.0003539972536587845
1039 -0.001928898112941498 0.009000000000000001 0.0003539972536587843
1040 -0.001542189218963051 0.009000000000000001 0.0003317925678475351
1041 -0.001707410306140456 0.009000000000000001 0.0006397390512362764
1042 -0.001369652529724155 0.009000000000000001 0.000632961363398388
1043 -0.001017547938439479 0.009000000000000001 0.0006441492264553607
1044 -0.0007885371547714857 0.009000000000000001 0.0003583118627280695
1045 -0.0006365014331352926 0.009000000000000001 0.0007018550768240078
1046 -0.0002972796683357606 0.009000000000000001 0.000633953974409453
1047 -9.879645734363948e-06 0.009000000000000001 0.0004087024716197083
1048 0.0003150778342999876 0.009000000000000001 0.0007121175035380121
1049 0.000657376129669796 0.009000000000000001 0.0006449667692687811
1050 0.001538662740218879 0.009000000000000001 0.0003312618609416999
1051 0.001704662534405289 0.009000000000000001 0.0006394956612985238
1052 0.001365661401625509 0.009000000000000001 0.0006314652028129461
1053 0.001023345385009355 0.009000000000000001 0.0006311304960635159
1054 -0.001065615877714484 0.009000000000000001 0.001165980114650541
1055 0.00107302675602479 0.009000000000000001 0.001177290535642514
1056 0.0003263286690079526 0.009000000000000001 0.001099742580151309
1057 -0.0003062324013263745 0.009000000000000001 0.001148921654291531
1058 0.001718716623886148 0.009000000000000001 0.001171162715178823
1059 -0.001718681635054216 0.009000000000000001 0.001170906515631492
1060 0.0007939145362958863 0.009000000000000001 0.0003234638083377562
1061 0.00222124188359101 0.009000000000000001 0.0005469990799954558
1062 -0.002221241883591011 0.009000000000000001 0.0005469990799954556
1063 0.002021965422628817 0.009000000000000001 0.001178642752370638
1064 -0.002021959591156828 0.009000000000000001 0.001178600052446083
1065 0.001553241239102705 0.009000000000000001 0.0009089970022777704
1066 -0.001553992346015698 0.009000000000000001 0.0009082187210387286
1067 0.001861537408129856 0.009000000000000001 0.0009135104534757207
1068 -0.001862113751187229 0.009000000000000001 0.0009133714883468582
1069 -0.001219996600764354 0.009000000000000001 0.0009083800882513911
1070 0.001223773501785589 0.009000000000000001 0.0009095217510363294
1071 0.0008719111405844147 0.009000000000000001 0.0009040681226459805
1072 -0.0009172990042795725 0.009000000000000001 0.0009153580477307063
1073 0.00224076678563157 0.009000000000000001 0.0002585829580881719
1074 -0.002240766785631571 0.009000000000000001 0.000258582958088171
1075 0.000551046146522842 0.009000000000000001 0.0009076228919210314
1076 -5.804836860150977e-05 0.009000000000000001 0.0008679786950077209
1077 -0.002280720872878751 0.009000000000000001 0.001208268700630426
1078 0.002280722039173149 0.009000000000000001 0.001208277240615337
1079 -0.0004080973343650457 0.009000000000000001 0.0008852007619641069
1080 0.001980496060477583 0.009000000000000001 0.0006738268824542251
1081 -0.001980970934019375 0.009000000000000001 0.0006738418002840668
1082 -1.578346109095243e-05 0.008675064370474909 0
1083 -0.002169560113184937 0.006053021171663469 0
1084 -0.002159450212005201 0.003303172184603732 0
1085 0.002160134269837569 0.004482142857142856 0
1086 0.002162866787512259 0.006082489471977435 0
1087 -0.00217339571200702 0.004896491901650504 0
1088 0.00216911730661152 0.003288837780819216 0
1089 -0.0001335979102464985 0.001100277780852507 0
1090 -0.002163316249748085 0.007253920158136798 0
1091 0.002159775734227542 0.007232142857142855 0
1092 0.00215987586644243 0.002124227437507182 0
1093 -0.002159672436158118 0.002124164171116343 0
1094 0.001215091773537503 0.008701611491526458 0
1095 -0.001153846153846152 0.008681223249634924 0
1096 0.0008194844216125935 0.0007200186912499789 0
1097 -0.002160111854069454 0.001338692144516972 0
1098 0.002175799303782375 0.005268409861761717 0
1099 -0.002167279903794718 0.004076439319937608 0
1100 0.002184203869446124 -0.0009569038679332247 0
1101 -0.002162469474560523 -0.001014066648831979 0
1102 0.002163805713068027 0.001339282618958253 0
1103 0.0008564852582907075 -0.0007094425836328276 0
1104 -0.002130723861129535 0.0005047274245380774 0
1105 0.002191997105119711 -0.0002130424492602411 0
1106 -0.002132117380559158 -0.000208457608157705 0
1107 -0.001186377430445068 -0.001620678835183039 0
1108 0.002167947263069239 0.000553732161841629 0
1109 0.002124362368913242 0.008007758947626644 0
1110 -0.002101532181575959 0.008007203682875006 0
1111 -0.0009851385681859978 -0.0005272518792441879 0
1112 -0.001030977677119437 0.0005109064054601119 0
1113 0.001542064384125748 -0.00166046794292505 0
1114 0.001103287303518143 -0.0004780393643143053 0
1115 0.001222705066184964 -4.6438293372406e-05 0
1116 0.0003930295058046161 0.001036333635576366 0
1117 0.0001698527588636614 0.00139886332240801 0
1118 0.000800620960775524 0.001159899707218351 0
1119 0.00114937023839907 0.0009680983537071032 0
1120 0.001132731961421263 0.001359121380872479 0
1121 -0.0005841182395719987 0.0009496983772132902 0
1122 -0.0005039169033090674 0.001318507209893103 0
1123 -0.0008787029558457776 0.001225406271523533 0
1124 -0.0007903942359117424 0.001597245957575466 0
1125 -0.001148559878664338 0.001496458964597862 0
1126 -0.001048826063263887 0.001869926263624529 0
1127 -0.0006883271272695333 0.001969698453162198 0
1128 -0.0009451504447418784 0.002243672062876735 0
1129 -0.0005683667562080233 0.002339336793427628 0
1130 -0.0008337269852733168 0.002601944808248018 0
1131 -0.0004587666617626236 0.002710845123417312 0
1132 -0.0007607031165629006 0.002995451308095733 0
1133 -0.0003572842781516049 0.003088977734920818 0
1134 -0.000615696446239546 0.00337353148720015 0
1135 -0.0002443078036867799 0.003466164577121124 0
1136 -0.0005170750798074368 0.003746492598918964 0
1137 -0.0001478745618550014 0.003845204044239159 0
1138 -0.0004137142428740498 0.004123221080072555 0
1139 -4.430889622755209e-05 0.004222332521149358 0
1140 -0.0003083435231613402 0.004500446729556889 0
1141 6.273771476938104e-05 0.004599306748860523 0
1142 -0.0002019187368415497 0.004877780005427985 0
1143 0.0001694200451725554 0.004976648113772811 0
1144 -9.498967480483156e-05 0.005255102758545469 0
1145 7.897971503574401e-06 0.003194275380122123 0
1146 0.0002847944049234265 0.005351612332225768 0
1147 1.345635738406962e-05 0.005632049576494212 0
1148 0.0003929777329924338 0.005728340971214474 0
1149 0.0001204887478716476 0.006009059324254126 0
1150 0.0004997147178765369 0.006105044830672781 0
1151 0.0002268461998968492 0.006385209963511987 0
1152 -0.0001518365184938974 0.006289488208695035 0
1153 -4.57659618021424e-05 0.006665128041056368 0
1154 0.0003320699732244073 0.006761249837517736 0
1155 0.0003739011739879129 0.004342432585021237 0
1156 -0.0004241901069061611 0.006569354756387119 0
1157 -0.0003181133098619747 0.006944895879374909 0
1158 -0.0004725641233528483 0.005158275883805302 0
1159 0.0005727028830825836 0.00504335543432603 0
1160 -0.0006859704651328014 0.004403224128759099 0
1161 -0.0006963492974660997 0.006849214339906541 0
1162 -0.0005898904408189502 0.007224453150067063 0
1163 -0.0002124643592234777 0.007319920311499062 0
1164 -0.0008028297619133025 0.006473332857315472 0
1165 0.0007729763654633092 0.005824635247993376 0
1166 0.0008792991619444366 0.006201482753185718 0
1167 -0.0001911316633054351 0.002447394606975554 0
1168 -0.0008629303157103121 0.003636542595926093 0
1169 -0.0004838948826496863 0.007599123970136261 0
1170 -0.0008609800281710049 0.007503766233889741 0
1171 -0.001075181194013179 0.006753573560356654 0
1172 -0.001214198438069098 0.002520973375066473 0
1173 -0.0001072181328525728 0.007694431672872397 0
1174 -0.001181838836391267 0.006377267790428463 0
1175 0.001152741623736623 0.005920992595997531 0
1176 0.001258968981834015 0.006298128127112126 0
1177 -0.0009090789954290101 0.006096803328655569 0
1178 -0.001185322453619709 0.0001829319312364585 0
1179 -0.001288577748919704 0.006000484731247613 0
1180 0.000405501601095341 -0.001061213089720768 0
1181 0.001210692412316534 -0.0008119419446216227 0
1182 -0.0003847730868306843 -0.00167866362454594 0
1183 -0.001454584090677614 0.006657804239752003 0
1184 -0.0005757969517919234 -0.0009267578319584269 0
1185 -0.001225260515185381 0.001121212026983066 0
1186 -0.0007552539475659649 0.007877849310676239 0
1187 -0.001131839687480761 0.007782599352184224 0
1188 0.0008048260187554913 0.001547833266863605 0
1189 0.001127545777838392 0.001746691279500423 0
1190 0.000790868819375584 0.001935665200425408 0
1191 0.001120749690535333 0.002135059422416356 0
1192 0.0007956129109927472 0.002324856796321525 0
1193 0.001117033084419479 0.002524762817307117 0
1194 0.0007913755938906762 0.002714901409261745 0
1195 0.001112675792566753 0.002915245855961478 0
1196 0.001453444369245492 0.002724752178758899 0
1197 0.0007730725876693482 0.003105509022985314 0
1198 0.001105063298349768 0.003306353754148483 0
1199 0.0007843993811178789 0.003486165681986222 0
1200 0.001116860216327761 0.003696456714006836 0
1201 -0.001054354312646706 -0.0009340764127145286 0
1202 -0.001452461706239077 0.0005380238041241881 0
1203 0.0001642376798723154 0.007415878480384041 0
1204 0.0002696867868568049 0.007789878985839346 0
1205 0.0005406411491029012 0.007511733686108159 0
1206 0.0006462351292431758 0.007885524450916883 0
1207 0.0009170749938764221 0.007607394224790124 0
1208 0.0009852398248363053 0.006578031858241266 0
1209 0.00136504361990034 0.006675124805727984 0
1210 -0.001465139433020407 0.001784411570052738 0
1211 -0.001332661180515893 0.007030112519255708 0
1212 0.001044957584184531 0.005549708874452028 0
1213 0.001426272952031962 0.005641165982003748 0
1214 0.001345407574714783 0.005288076691564895 0
1215 -0.001015584469324946 0.005719856726662143 0
1216 -0.001395341067902401 0.005623369902787797 0
1217 0.0007998945382252636 -0.001158847302466735 0
1218 -0.0011220303350338 0.0053423625387684 0
1219 0.001502941692454441 -0.0005060517378782693 0
1220 -0.001494208951030141 0.005243688868600556 0
1221 -0.001228051372957673 0.004964295703114274 0
1222 0.001457597774707584 0.003523059396680571 0
1223 0.00143297956797449 0.003885358058133248 0
1224 0.001109647804140931 0.004087666161075858 0
1225 0.001445637229824922 0.004293855434855828 0
1226 0.00109055198940965 0.004482248889700141 0
1227 0.00102438776100229 0.007974437848906089 0
1228 0.001272758639820294 0.007708131828202352 0
1229 0.00139792120424204 0.008070028649833102 0
1230 0.001467947585925064 0.001557758876200267 0
1231 0.0004188576448776976 0.002171627575355003 0
1232 -0.001550400296874092 0.0001584183969966665 0
1233 -0.001884351909789787 -0.001644930401875167 0
1234 -0.001923076923076921 0.008666913306236755 0
1235 0.001881852068053942 0.008648756759562242 0
1236 -0.001787860716376304 0.005527306977394884 0
1237 0.0008132203245511198 0.007233277979847979 0
1238 -0.0006368263511119764 0.005816611465571098 0
1239 0.001231201697614798 0.0005677802038793873 0
1240 0.001502799802488152 0.0008178890066481278 0
1241 0.001577106267418341 0.0004788733024710229 0
1242 0.0007445413597438728 0.008259945168323908 0
1243 5.261295531010972e-05 -0.001147875353041941 0
1244 0.0003954252303799573 -0.001686374598415225 0
1245 0.001626705655459607 0.006398172742878907 0
1246 0.001407956249189397 0.004707919381265907 0
1247 0.001749220095027767 0.006759878924864909 0
1248 0.001484870614127072 0.007097365793715929 0
1249 0.001537859396456192 -0.000917996434448826 0
1250 1.392934401292251e-06 0.008055850869086698 0
1251 0.001779381690179672 0.003708314832105434 0
1252 0.001610891292536176 -0.000127414229741641 0
1253 0.00123650429408359 -0.001242181325604246 0
1254 -0.001589872812316418 0.004862943078146153 0
1255 -0.001332767557592311 0.00458605603795744 0
1256 -0.001715572018616059 0.004490688990738134 0
1257 -0.001492294123651067 0.004158780381317813 0
1258 0.001680617084644469 0.0077785854656706 0
1259 -0.001041148475036603 0.008134841688865482 0
1260 -0.0006521785023947714 0.008305106149894751 0
1261 -0.001419936163071367 0.008048311357269718 0
1262 -0.001541699636833024 0.007661212237777718 0
1263 -0.001349404340054303 -0.0001619678893039025 0
1264 -0.001692360550017504 0.006924430207457815 0
1265 -0.001834250095697632 0.006561873818827137 0
1266 0.0004772466090795682 0.002850515620459741 0
1267 0.00185119946580069 -0.0006943055460754246 0
1268 0.001973494499371037 0.006444841468863328 0
1269 0.001054874128754095 0.004831855764949651 0
1270 0.00168173160978527 0.005367744561557987 0
1271 0.001826136227396533 0.005768237720086436 0
1272 0.0007222049128253506 0.00466185356721345 0
1273 -0.001723107437105209 -0.0001781567164633995 0
1274 -0.001551890075682877 -0.0004725306943410817 0
1275 -0.001925747051229304 0.0001435869336106977 0
1276 0.001780925368406002 0.008186479293365486 0
1277 0.002078336106948007 0.007618512306232473 0
1278 0.001762190336670933 0.007387448882167807 0
1279 0.001504770648413453 0.008451416992247381 0
1280 0.001608844455980727 -0.001281238738762548 0
1281 0.001892848399881107 -0.001490322361361317 0
1282 0.001128745683489352 -0.001666801150743995 0
1283 -0.002162034539889185 -0.0006306613132464351 0
1284 -0.001764433188732022 -0.0007980116565370718 0
1285 -0.001825462075094367 -0.001211093052842126 0
1286 -0.00148514355281116 -0.001016062785034049 0
1287 -0.00152727661777989 -0.001405431558419826 0
1288 0.00219422605825631 0.0001640206663899883 0
1289 -0.002155567919755268 0.0009382909141141056 0
1290 -0.001832966644901716 0.001149905928243568 0
1291 -0.001821721133706869 0.001553866052638612 0
1292 -0.002160271274531291 0.001734927989643667 0
1293 -0.001820122223253306 0.001928559855304365 0
1294 -0.001836640511061728 0.002319985463839876 0
1295 -0.00182135755759951 0.000750610768388893 0
1296 -0.0003785485462973318 0.007979800864958994 0
1297 -0.0002177122208075343 0.008345851617987454 0
1298 0.00216831173485468 0.0009465532311734829 0
1299 0.001831101292121996 0.001094215742220706 0
1300 0.0003777371951548861 0.008149085415382151 0
1301 0.0004832149838901205 0.008531909303523764 0
1302 -0.002162328522562216 0.002516616948318057 0
1303 -0.001834101013520376 0.002712695013994086 0
1304 0.002164316052825268 0.001731906586279332 0
1305 0.001820824750026463 0.001927948860039533 0
1306 0.00182001350860109 0.002319387507998285 0
1307 0.00216201352229586 0.002517073660390869 0
1308 0.002158879903478474 0.002909574876527423 0
1309 0.001820059480431576 0.003050280629326213 0
1310 -0.002160148094865806 0.007625644947544235 0
1311 -0.001820722002081677 0.00742921491611555 0
1312 -0.002162474508889558 0.002910187848396364 0
1313 -0.001822495553320974 0.003106535460935755 0
1314 -0.001820238637559448 0.003499946767946176 0
1315 -0.001485528891476407 0.003293920858581439 0
1316 -0.001484826260713697 0.003699072129855221 0
1317 -0.001447153726011466 0.002865382278516752 0
1318 -0.001140363280758324 0.003106456620521302 0
1319 -0.002109696583209484 0.006860945979334371 0
1320 -0.0009654655037829561 0.007128335703516947 0
1321 1.387123163785467e-05 -0.001691407617853144 0
1322 0.000605854678082148 0.006481326756191712 0
1323 -0.0007745842223740211 -0.001661324901754305 0
1324 -0.0005763358454344693 -0.00131412915154971 0
1325 -0.0009609702609499273 -0.001334351638170193 0
1326 5.917912263993935e-05 0.007040945044841726 0
1327 0.001091108116091105 0.006961837088237019 0
1328 -0.0002781430603299531 0.002036707683689113 0
1329 -0.002161157896010475 0.003694212096386325 0
1330 0.0007758120656975935 0.00423724732693055 0
1331 0.0005259652840340951 0.004009220970497277 0
1332 -0.0001077803154146133 0.00281891407480513 0
1333 0.0001914068350614096 0.002569192776977247 0
1334 0.002179871904138994 0.00487509211981743 0
1335 0.001807044682056981 0.004675773543181334 0
1336 -0.002159775734227542 0.005660714285714284 0
1337 -0.002159330840924269 0.005292734335299056 0
1338 -0.002115175536115744 0.004482749803557774 0
1339 0.002092381351218353 0.004050593843532141 0
1340 0.0004702578516442781 0.001721402646272878 0
1341 0.0001090580827749722 0.0018656251318614 0
1342 -0.0001567418844045454 0.00166071603193084 0
1343 -0.0005794859277383694 0.004780669050731771 0
1344 0.0004005859197745007 0.00325203361434359 0
1345 0.0001097286637113419 0.003555709461973484 0
1346 -0.001819978622703484 0.003892857162973298 0
1347 -0.001645214589741613 0.005921146699255026 0
1348 0.001532625006661969 0.006017557452146589 0
1349 -0.0007855239005404645 0.004024378664157674 0
1350 0.0006665301892874232 0.005449957566226297 0
1351 -0.001548590142497855 0.006292649012980751 0
1352 -0.001538461538461537 0.00867870934959797 0
1353 -0.001751694095093605 0.008306309095393928 0
1354 -0.0007692307692307653 0.008666913306236755 0
1355 -0.0005304220968954244 0.006193822278436529 0
1356 0.0007104339384025994 0.00685905353987566 0
1357 -0.001237730881712608 0.00740889441762599 0
1358 -0.001304763883711207 0.002176406065557243 0
1359 -0.0002582986685903581 0.00591267656593198 0
1360 0.0004366303646322132 0.00713702309476255 0
1361 -0.0003653991952267031 0.005535793030919607 0
1362 0.001833516002653772 0.004293548895908482 0
1363 -0.0007436639784560389 0.005439283535038831 0
1364 -0.001070581365737966 0.004297805298976594 0
1365 -0.0009579358546695535 0.004682171937288633 0
1366 0.001169390453093199 0.007344806320988712 0
1367 -0.0008506219320347139 0.005061176441457867 0
1368 -0.001151585402011728 0.003892413424064729 0
1369 0.00215184512768799 0.003642189605739667 0
1370 0.00214704508957067 0.006808067792161565 0
1371 0.0007607076932887101 -0.001696550593772647 0
1372 0.001460544628310928 0.00314397622021449 0
1373 0.001827144364335325 0.00269506685568644 0
1374 0.001443302148806595 0.002334409138073686 0
1375 0.002184721666879984 0.005654722093964178 0
1376 0.001451753577219077 0.001960354842503625 0
1377 0.001835012903493965 0.001518871539772252 0
1378 -0.001760918259730835 0.007961077223131658 0
1379 -0.00218202836000482 -0.001401521095352467 0
1380 -0.002167673965349307 0.008411342508020621 0
1381 0.002167837750992903 0.008397005244853315 0
1382 0.001465432070667487 0.001191334997546688 0
1383 0.001626218451938544 0.004995460362223004 0
1384 -0.002176231396840483 0.006440258799531031 0
1385 -0.0004040226204591328 0.008665489240765644 0
1386 -0.0009341893744602818 0.0008549737899063749 0
1387 0.001854133441774093 0.0007080764837231854 0
1388 -0.000246727342002206 -0.001055774741231048 0
1389 0.0010378238021167 0.0002717330997659821 0
1390 0.0009428180895401385 0.005189973907069671 0
1391 0.002182127382041098 -0.000571561575163602 0
1392 -0.001502909023979845 0.001356222788933686 0
1393 0.0008532904597846813 0.00863466169596951 0
1394 0.001127647935012377 0.0083389180900797 0
1395 -0.001844572404481423 0.005106278088494539 0
1396 0.001897131493852596 0.0003377875704979501 0
1397 0.0003801933459675563 0.00472471928983881 0
1398 0.0005256022491153399 0.001366474178219887 0
1399 0.002189851203932615 -0.001341969101153946 0
1400 -0.001171641714188742 0.003466769932140682 0
1401 -0.001546589753746734 0.0009466340231101106 0
1402 0.0001926177285893663 0.003946755660119705 0
1403 -0.001333380632483084 0.008388451608916225 0
1404 0.00185525502095354 0.007075412088010243 0
1405 -0.001534985806987565 -0.001734208159095606 0
1406 -0.00175691112173244 0.000422566584968647 0
1407 -0.001858781422994708 -0.0004815666594909685 0
1408 0.0005761956345768848 -0.001399753853045023 0
1409 -0.00154454040661775 0.002483549794210545 0
1410 -0.0001595002789970944 -0.001385291237708654 0
1411 0.001824365635280281 0.006142259771190537 0
1412 0.0001507141707220165 0.008414618310815912 0
1413 0.0005348999187804195 0.002526218835675051 0
1414 -0.00188729904876527 0.006211992952213948 0
1415 0.0004712160827685407 0.003670486010459929 0
1416 0.0007973168056811331 0.003864540477492778 0
1417 0.001868448980789142 -0.001101051604781275 0
1418 -0.001330692885016018 -0.0007234198462302021 0
1419 5.000956781573817e-05 0.002218109554971663 0
1420 -0.001552784523530694 0.007283958675102054 0
1421 -0.001863073346185905 0.004214571212436432 0
1422 -0.002245734071444176 0.0001576322079335415 0
1423 0.0002395591960753806 -0.001387669744749555 0
1424 -0.0004549085757089002 0.001672285376705002 0
1425 -0.001243592800985668 -0.001223176777341955 0
1426 0.001535727513385596 0.008760357048667216 0
1427 -0.001083289945928026 0.00280620688049662 0
1428 0.001837656702065581 0.003402453614557844 0
1429 0.001918976217679471 0.005081289683912111 0
1430 0.001903518007264282 5.744203982311312e-07 0
1431 -0.001237895805350183 0.0007943500099167702 0
1432 0.002216153017963732 -0.001713952543522472 0
1433 -0.00221988670058424 -0.001717607897136956 0
1434 -0.002219886700584238 0.008717607897136959 0
1435 0.002219886700584238 0.00871760789713695 0
1436 -0.001886532074940917 0.004751885142318311 0
1437 0.000924656050975808 -0.001395491077101149 0
1438 0.001717438382811886 0.004033948703437137 0
1439 -0.0009615384615384601 0.00844391212495558 0
1440 -0.001053966252538723 -0.0001189431083069793 0
1441 0.001664261082984222 0.0001824788328122933 0
1442 -0.0009122768784796547 0.003301963653314855 0
1443 0.001374091578344585 0.000221570042483429 0
1444 -0.001606599031096573 0.002124400545836726 0
1445 0.001873779157536065 -0.0003519668529534913 0
1446 0.0002754355927842892 0.008729948288440511 0
1447 -0.001945692735865077 0.005861748636012463 0
1448 -0.001884479284157385 0.007714015974687564 0
1449 0.001961861947835843 0.005473385678330643 0
1450 -0.001252687298047323 -0.0004098399622659292 0
1451 0.001463492455506047 0.007462571473289019 0
1452 0.001275454898827392 0.005002657221414625 0
1453 0.002276507191112379 0.006446031940685366 0
1454 0.0008231500035505422 0.0049317596683897 0
1455 0.001016537687519737 -0.001033850104451288 0
1456 -0.0008120824967457836 -0.001064288207954268 0
1457 -0.0002254653231642183 0.001375934964633692 0
1458 0.0006613311593124901 -0.0009322546268072283 0
1459 -0.0008182342564428068 -0.000784319068744369 0
1460 0.001367428347922942 -0.0002614524992091713 0
1461 0.001899443929624886 -0.001772948569561768 0
1462 0.0009928211832349499 -0.0001919009585953412 0
1463 -0.001885587493193098 0.007158559352590677 0
1464 0.0001314284246565094 0.001082410459528831 0
1465 0.0001780421754944833 0.00294012000788294 0
1466 0.0025 0.006437334189457624 0.0003587150507678119
1467 0.0025 0.004492365957012297 0.0003750581571965665
1468 0.0025 0.003293583386106707 0.0003665645566449394
1469 0.0025 -0.000233100528379417 0.0003408836783948901
1470 0.0025 0.008014518000754414 0.000378037212224099
1471 0.0025 -0.001012415484419827 0.0010629237922228
1472 0.0025 0.002125113842001874 0.0003466575429232743
1473 0.0025 0.00565911270954696 0.0003753656430782901
1474 0.0025 0.0009469146326197588 0.001092515208025313
1475 0.0025 0.007214093985292862 0.001072017846791065
1476 0.0025 0.004879483808152507 0.001102272972479832
1477 0.0025 0.002904770991452999 0.00108927173756049
1478 0.0025 0.003696428571428573 0.001099775734227543
1479 0.0025 0.006047558063570515 0.001103247552129557
1480 0.0025 0.000161155994728871 0.001074650838808402
1481 0.0025 0.001740619590292198 0.001087290495566801
1482 0.0025 0.0005531632800969731 0.0003416406205629498
1483 0.0025 0.001344884191106585 0.0003513453921138712
1484 0.0025 0.008424641922824059 0.001079179660399719
1485 0.0025 -0.001424641922824064 0.0003608203396002782
1486 0.0025 0.007211848043704993 0.000345444271610569
1487 0.0025 0.008717496969780908 0.0005483149944026121
1488 0.0025 -0.001717496969780911 0.0008916850055973845
1489 0.0025 0.008021158169192917 0.00109733784036956
1490 0.0025 0.008193117262382978 0.0007281586016039557
1491 0.0025 0.007807584375464608 0.0007382409112975555
1492 0.0025 0.007608092805276162 0.0003622755474486408
1493 0.0025 0.007407772673398103 0.000709466805544774
1494 0.0025 0.007002062448680877 0.0006797616148973605
1495 0.0025 0.006813680255140992 0.001054890823742148
1496 0.0025 -0.001020955378682273 0.0003423709575360471
1497 0.0025 -0.001192733044575444 0.0007119530321214598
1498 0.0025 -0.0008159154488786237 0.0006946141608921443
1499 0.0025 -0.0006219600078231581 0.001057299928952474
1500 0.0025 -0.0004262014007573847 0.0006900686846114735
1501 0.0025 0.00761676820055808 0.001082843900667159
1502 0.0025 0.006608088392544431 0.0007099336522090781
1503 0.0025 -0.0006243621261162837 0.0003446562469057592
1504 0.0025 -3.415392971551148e-05 0.0006932205573022927
1505 0.0025 0.000160714285714284 0.0003431507647686917
1506 0.0025 0.0003572237505422718 0.0006942877324995199
1507 0.0025 0.0007500529000739058 0.0006917540887258209
1508 0.0025 0.0005536978051998908 0.001060308040346469
1509 0.0025 0.001151218857360827 0.0007269748017857381
1510 0.0025 0.00134571959721815 0.001078396409252461
1511 0.0025 0.0009486960619159044 0.00035195248386473
1512 0.0025 0.001551106993261423 0.0007038486927170194
1513 0.0025 0.001958153038717072 0.000759713537812099
1514 0.0025 0.005659712058214134 0.001100354370544545
1515 0.0025 0.005857142857142861 0.0007595514684550851
1516 0.0025 0.005461158927434758 0.0007492466484185557
1517 0.0025 0.005264803504912294 0.0003835966854816185
1518 0.0025 0.006051492158600289 0.0003994496979233084
1519 0.0025 0.00507268229721046 0.0007557016253566054
1520 0.0025 0.004499017462821837 0.001095762087776173
1521 0.0025 0.003301262317372999 0.001090746705218905
1522 0.0025 0.003496934476968016 0.0007444167634489142
1523 0.0025 0.003903539105580746 0.0007493214420371537
1524 0.0025 0.00369603330429972 0.0003799383274689394
1525 0.0025 0.003088149721540066 0.0007395985692327457
1526 0.0025 0.002692840910434794 0.0007370692077015067
1527 0.0025 0.002896936270651001 0.000360806934892049
1528 0.0025 0.004099722273194975 0.0003838106223922195
1529 0.0025 0.004298684744669131 0.0007471576414376073
1530 0.0025 0.005268125229454357 0.00109792926946659
1531 0.0025 0.004096040218845284 0.001095336150913079
1532 0.0025 0.004872900046005964 0.0004017743206147069
1533 0.0025 -0.0002309075096421501 0.001065873334945774
1534 0.0025 0.001740590629895444 0.0003602608609277106
1535 0.0025 0.002513849718226254 0.001079450451116633
1536 0.0025 0.002131232411498495 0.00107817685523624
1537 0.0025 0.006432638378418613 0.001096737523491898
1538 0.0025 0.00232295743623994 0.000677662742864196
1539 0.0025 -0.001423309119742113 0.001063307310252052
1540 0.0025 0.008423664367476701 0.0003768459237725617
1541 0.0025 -0.001727012699004001 0.0005504340708372519
1542 0.0025 0.008727012699003996 0.000889565929162744
1543 0.0025 0.006235448202063643 0.0007479967250999684
1544 0.0025 0.006830968555888186 0.0003274444028473452
1545 0.0025 0.004685855719312032 0.0007462878008102484
1546 0.0025 0.002504647479475235 0.0003445307964567227
1547 0.0025 -0.001749589789333176 0.001182998463169887
1548 0.0025 0.008749660838880093 0.0002570321836350346
1549 0.0025 0.00874658816111557 0.001185165819889979
1550 0.0025 -0.001746588161115571 0.0002548341801100183
1551 0.0025 0.008497186644293728 0.0007244130218683185
1552 0.0025 -0.001497038751185307 0.0007156399516816854
1553 -9.642934420425887e-05 -0.0007941670992784432 0.001109210318375501
1554 -0.0004562728897342159 0.0006571263577833324 0.001093356926610861
1555 0.0002836839096340287 0.0007480129941483318 0.0011092103183755
1556 -0.0007073436896754844 -0.0003737176804437703 0.0003741608118772882
1557 0.0002836839096340285 -0.000748012994148332 0.0003307896816245012
1558 -0.000708364820522657 0.0003717785376348451 0.000330789681624422
1559 -8.248659349083477e-05 0.0007957361132274178 0.0003678006121749279
1560 -0.00079999706396482 2.167405745979186e-06 0.001093383807876769
1561 0.0007392499999997474 -0.000305793128602285 0.0008999999999999987
1562 0.0007392500000000474 0.0003057931286015597 0.0005399999999999987
1563 0.0007393468900902362 0.0003055587932197276 0.0008995691987635035
1564 0.000561112698822805 0.0005702214826010926 0.000611981175805911
1565 0.0005616858081666369 0.0005696569607265341 0.0003490592059263264
1566 0.000286528586683903 0.0007469279543656972 0.0005318622870841369
1567 0.0007393468900902359 -0.0003055587932197285 0.0005404308012364924
1568 0.0005611376231036228 -0.0005701969553913951 0.000828020509324709
1569 0.0005616858081654881 -0.0005696569607276669 0.001090940794073223
1570 0.0002865285866827355 -0.0007469279543661451 0.0009081377129142641
1571 -9.642934420452619e-05 -0.0007941670992784107 0.0003307896816243874
1572 -0.0004544517973849246 0.0006583870927149252 0.0003307896816276354
1573 -0.0005968523515030087 0.000532698104469435 0.0006742428168437522
1574 -0.0007774344612745222 0.0001886681171337476 0.0006745559795163889
1575 -0.0007083592967655905 0.0003717890620846156 0.001051046443537828
1576 -0.000773264834537393 -0.0002050889945069167 0.0007294192948644462
1577 -0.0002770965344326311 0.000750478187961133 0.0007077572605984071
1578 -0.0007057102619829733 -0.0003767930813217292 0.001099966495867266
1579 -0.0005860994214806587 -0.0005445066281874236 0.0007438507429613397
1580 -0.0004509528118641524 -0.0006607885906035413 0.0003671518647600229
1581 -0.0002054327267347694 -0.0007731735864515275 0.0007460724950164779
1582 -0.0007999970352901896 -2.177963936143853e-06 0.0003417051191573884
1583 -0.0004498019113866128 -0.0006615725512088223 0.001102462150444573
1584 -0.0001025524377384235 0.000793399645521667 0.001086078861699627
1585 0.0005851614147993307 -0.0005455145448382158 0.0003196757897276476
1586 0.0005851614147993343 0.000545514544838212 0.001120324210272356
1587 7.311756349393238e-05 0.0007966516314605217 0.0007966607020334767
1588 9.704146449302711e-05 -0.0007940925350165738 0.0006129382146538893
1589 0.0002836839096340278 -0.0007480129941483322 0.001210370757045951
1590 0.0002836839096340285 0.000748012994148332 0.0002296292429531477
1591 0.0007536381748693852 -0.0002683831242450653 0.001160412420796076
1592 0.0007557143679228144 0.0002624800832730382 0.0002591391221756634
1593 0.0007556421751054673 -0.000262687843650745 0.0002593692016088447
1594 0.0007556421751056102 0.0002626878436503341 0.001180630798390844
1595 0.0003448018062685501 0.0007218806787786644 0.0008321600866672871
1596 2.039082033726288e-05 -0.0007997400918085659 0.0008596223253119954
1597 0.000346391883349668 -0.0007211190353537133 0.000614927103709654
1598 0.0001805892637723629 -0.001469038156634543 0.0014715
1599 -0.0008181980348030155 -0.001163404510465198 0.0014715
1600 0.001131089591290629 -0.0001562481594980208 0.0014715
1601 0.001647527058813196 0.0001320192572409972 0.0007269316908279673
1602 -0.001634128008302879 0.0001528441711674614 0.0007247713289524221
1603 -0.001394719216858742 0.0008404749138564521 0.0007319071348858966
1604 0.00128518392535756 0.0007821189456748198 0.000711012932986501
1605 -0.001536845881503825 0.008286801952714987 0.0007203468518617644
1606 0.000162141760913341 0.0082205023827845 0.0007207199322262747
1607 0.001533149886589266 0.008286888163080383 0.0007204192788138949
1608 -0.001702338212056632 -0.0005788549853601636 0.0007115280565268374
1609 0.0008995996310756057 0.004790391748666249 0.0007231092259033787
1610 0.0007057358820190658 0.006089385871215345 0.0007168583409371755
1611 -0.0007199629271340852 0.006146141708829982 0.0007194848710800577
1612 0.000156183062905607 0.006601239664099186 0.0007205212626913018
1613 -0.001700009096196134 0.004705391591966985 0.000717373934671849
1614 -0.001471131861163495 0.007461382141942835 0.0007237342998219717
1615 0.001433966076444506 0.006244031428447607 0.0007215999664136893
1616 0.001547222035985495 0.005156741046470777 0.0007220635622372771
1617 -0.001661537960936442 0.006694044627882467 0.0007196449058143833
1618 -0.0001786115372916967 0.005633702800975336 0.0007202518590894351
1619 -0.001038429755612423 0.0032183377741219 0.0007227299472831002
1620 -0.0007464411820919553 0.00761081668258141 0.000723138072521298
1621 -0.001442182786568786 0.005976848381852245 0.0007253571916414209
1622 0.0001655429335067529 0.00468948784356566 0.0007282483788940727
1623 -4.724961458196374e-07 0.003963466089378124 0.0007204280585531956
1624 2.130535674436808e-05 0.002912119899118731 0.0007280412185540324
1625 0.0003802872642190987 0.007354453365567799 0.0007163792055415001
1626 -0.001043664569030912 0.002075416277154559 0.0007215987479849896
1627 -0.000875224403340287 0.001360130115958165 0.0007223879775532605
1628 0.0004270108537571885 0.001437614536849538 0.0007190578460980491
1629 0.001160956079051258 0.001553318704073425 0.0007166308235966093
1630 -0.0007403100447909059 0.004622297516959614 0.0007111003962103461
1631 -0.0001276268117822167 0.001933244783366555 0.0007210523883020458
1632 0.001366150125258492 0.007279548441488583 0.0007214100950298046
1633 0.0006949564953992762 0.00212336565367 0.0007055503382641267
1634 0.001208814878654136 0.002658622726676785 0.0007242640415245108
1635 0.0005037962045163538 0.005395200295511114 0.0007024249854055373
1636 0.001014817331932327 0.003890246640113689 0.0007056047647883437
1637 0.0006717312911583146 0.003244945045581687 0.0007102331578615142
1638 -0.0005112276444332973 0.006912852931311053 0.0007101600791094498
1639 0.0008353911367724161 0.007929642217784963 0.0007073310729031617
1640 0.001680052575452672 0.00442327031913879 0.0007178179533348303
1641 -0.0007319765034775629 0.003886955602525244 0.0007240614995357282
1642 0.001670501213525446 -0.0006123315575475921 0.0007178418896774187
1643 -0.001778300786557673 0.002155526388517726 0.0007181016091845283
1644 0.0008453115028983207 0.006790325529647961 0.0006987211319706884
1645 -0.0009362721274155069 0.005443322696644774 0.0007097359103071092
1646 -0.001673535773947365 0.003964252423563728 0.000723521321671099
1647 0.0009774959629409849 -0.001216423434251219 0.0007113779687711547
1648 -0.0008281240889023173 0.008317788202798984 0.000741237296761988
1649 0.001495805507292869 0.003334831309370824 0.0007091960718062187
1650 -0.001723815297388713 0.002906536393874008 0.0007191998909633286
1651 -0.0006301115549696873 0.00264496945850784 0.0007478258281334622
1652 -0.0007718983118691175 -0.001262515138326518 0.0007124338097353462
1653 -0.001499981692868297 -0.001278427792449921 0.0007165897884501691
1654 -0.0017619868456971 0.005379432352903252 0.0007845201783235772
1655 -0.00179101757344253 0.001438164945975456 0.0007074971071895474
1656 0.001804971991075199 -0.00130271042560235 0.0006763852323562852
1657 0.001802919483039045 0.001260939338302196 0.0007390652947679264
1658 0.001748192963092236 0.001991959604806653 0.0007308038732620597
1659 0.001842948682406566 0.0067908025996072 0.0007639641301268472
1660 -0.001220079048042451 0.0003601364991556616 0.0009456422737170998
1661 0.001096741546823637 0.005596812457408476 0.0008233489401310744
1662 0.0003502755772400834 -0.001373421041340603 0.0007551318447267537
1663 0.001851280248440322 0.005737991563771281 0.0008039050157101209
1664 0.001851492017393493 0.007716672596383739 0.0007949820585894913
1665 -0.001936547249272276 0.0006423360045081363 0.0008528515790672607
1666 0.001319263324470605 0.0003521751626810987 0.0009912293294324372
1667 0.00178703430588267 0.0006403466596476458 0.000904471537495112
1668 0.001850862859061504 0.002786796953038624 0.0007912876355972983
1669 -0.000427647368523809 0.003343166820445126 0.000605130261001871
1670 -0.0001376291724694352 0.007684985100701691 0.0006209516925649697
1671 -0.001121924390107815 0.006968188645174881 0.0005808294971153344
1672 -0.0003139422722989347 0.00504836826107027 0.0005848322945415808
1673 0.0007113889020777513 0.008452756588647043 0.0008977451508619403
1674 -0.001292905592100052 -0.0001361031305385403 0.0009520945050817394
1675 0.0005454766293722792 0.002681866108167356 0.0005724115515215081
1676 0.001265605591183868 -0.0002008739907260338 0.0009041130356344458
1677 0.0005924438761896241 0.004296440279081455 0.000569825371204351
1678 0.001875167840015365 0.003829594945601373 0.0008186801339717773
1679 -0.0001436353735346278 0.001356554691173526 0.0008754594947911747
1680 -0.001918247404243465 0.007840559427644739 0.0005874569772245522
1681 -0.001246300392948541 0.004351635064536682 0.0008505934285275645
1682 -0.001208803996055234 0.002658622726676791 0.0008797705378053423
1683 -0.001194434748247411 0.00494809524224638 0.0008845620215286752
1684 -0.001145545814308609 -0.0007958765408469952 0.0008488322292023096
1685 -0.0003115416953833831 0.008452092436961815 0.0008987639709605679
1686 0.0001635028570001015 0.006056968480483102 0.0008848358648531364
1687 -0.0002259296807312832 -0.001422654940271267 0.0008591981275662414
1688 0.0008173785832834579 0.001056984771398374 0.0008935906044531442
1689 0.001990712656459146 -0.0002493456490191316 0.000928376475253811
1690 -0.001927632908955528 0.00344684968280196 0.0005814626313686026
1691 0.0001647335439497416 0.003442074268094923 0.0008740286200707
1692 0.001992077225089733 0.008480368399258649 0.0009179760608680705
1693 -0.001152530728407593 0.00648572191238172 0.0008979612149897568
1694 -0.001993076285523006 0.008481752495518731 0.0009193843356232499
1695 -0.001954851629079291 0.007174891975825147 0.0005767230397930686
1696 -0.00196054475285275 0.006107554175585046 0.0009146519031465522
1697 0.001243600869323912 0.0003273131336993205 0.0004902668912062561
1698 -0.001995975577444622 -0.0001860862241373797 0.0009189034732225882
1699 7.198360609989988e-05 0.002405116975620464 0.0005179717935949293
1700 0.0004993970084994817 0.003749327189891107 0.0005549556370603227
1701 0.002024746738988638 0.0002410049728865348 0.0009897707357481322
1702 0.002020765875912576 0.0004134016326561832 0.0004992972525821638
1703 -0.0002146748857048665 0.006244699958878927 0.0005397845018588411
1704 0.001971663842171177 0.006226360589648271 0.0005414135146128013
1705 0.0012341201059364 0.002125821884904655 0.000549618139610402
1706 -0.001980608052647731 -0.001477295263223443 0.0008928359952427151
1707 0.00197964728477148 0.004855226737408741 0.0009035583796839703
1708 -0.0002655817928444335 0.004408075388430624 0.0005389961676875819
1709 -0.001976575756539603 -0.001038468475870963 0.0005433252339031994
1710 -0.001385583900719017 0.001286528707636475 0.0009588954012771731
1711 0.0008817859209685584 0.007415717320867959 0.0005098333265806968
1712 -0.001183744662082558 0.007900296504046143 0.000894779236685742
1713 0.001095967533967434 -0.0007234634478136729 0.0009240495834345218
1714 0.001178177868067347 0.004372335911103668 0.000522399857098925
1715 -0.001310335388014175 0.001634952664531711 0.0005493455270876421
1716 -0.001220605164851213 0.003706774942313101 0.0005222365234553054
1717 0.001345187481563753 0.007800357943610315 0.000539473253164118
1718 0.002009967678590513 -7.500861514891348e-05 0.0004715773894600616
1719 -0.001252335140559618 -0.0004134136909206695 0.0005172901189092187
1720 0.001080983371598131 0.008482014974431582 0.0005128115591941718
1721 -0.0006177911646937137 0.001798000534012532 0.0005159217007933112
1722 0.001332290014383831 0.006733255123635156 0.0009128095010240068
1723 -7.77203123762225e-05 0.007161282525301287 0.0005074564628237529
1724 -0.001821287458692255 0.0009781989035659428 0.0004829825239887698
1725 0.001951851805200461 0.007261929246867045 0.000506137513700919
1726 -0.0005716213117951856 0.002158056649415122 0.0009415771833252647
1727 -0.0009071881297398503 0.0008760772056051231 0.0009175627438150854
1728 6.093914357825139e-05 0.005207943127189007 0.0009208032209994613
1729 0.0003908827987772092 0.007816428614122519 0.0009563757952170317
1730 -0.001494972295052027 0.003441710216909991 0.0009037635526336249
1731 -0.0004318373941656424 0.0079515374149732 0.000953185808205614
1732 -0.002000052237826593 0.004321827106978183 0.0005028799379167223
1733 0.001366503122798477 -0.0001253311610601558 0.0004505949507138873
1734 0.0005024994529063373 0.00497140018347267 0.0009749084312141733
1735 -0.001316418221340612 0.0004304596271019593 0.0004644399002289964
1736 0.001091641011081337 0.005205844273964565 0.0004909130523050928
1737 0.001982635009906569 0.003289270427660705 0.0009376224593271458
1738 0.001354849120035548 0.004741844406012044 0.0009436807272836636
1739 -0.001876231373398556 0.005800447358086338 0.0005080778362185184
1740 -0.000287778530635819 0.008156976341706595 0.0004761008204165833
1741 0.0003229244437388082 0.001878331913322045 0.0009572199339880072
1742 0.0002447083732360865 0.005766656180907407 0.0004805174893578987
1743 -0.0001839094498611528 0.002500386110221606 0.0009492804645519565
1744 0.001999093747590817 0.008140402700085307 0.0005080573409866301
1745 0.001025430632306958 0.006383750788447441 0.0004627001220891545
1746 0.0005014589366218148 0.004953855000037465 0.0004817969250008833
1747 -0.00138075174807337 0.002382186283317981 0.0004790328918752227
1748 0.001992912931256736 0.005330140264343825 0.0005045262472047897
1749 0.001373499023821531 -0.001515206823014351 0.0009048724911975773
1750 -0.001470206352082496 0.00509298703438168 0.0004839719490601709
1751 0.001444046021419048 0.005783474052579321 0.0004935932493730466
1752 0.0003418542222961635 0.002404958673049381 0.0009613364118711632
1753 0.000761323180121725 0.001697384881786391 0.0004672999334160663
1754 0.0002860435974854195 0.001839044224291698 0.0004642048110529109
1755 -0.0020229453847207 0.005042029887947636 0.0004853074288787059
1756 -0.0003190592309185145 0.006027888112084714 0.0009805812785207732
1757 -0.001990018364459558 0.006378967849157889 0.0004770614388297476
1758 0.001328492940526242 0.001182761230926171 0.000980072108091096
1759 0.001485464444967887 0.003958944917926461 0.0005073212299258488
1760 0.001711849357069751 0.0008557527818396602 0.00045776359566401
1761 -0.0002872617523606363 0.006529772814223507 0.0009488911074755716
1762 0.0004289791139606954 0.006928600732633736 0.0004603168395902192
1763 0.0008077760493787554 0.002836625755832668 0.0009768331892954295
1764 -0.002029763491376332 0.0003314083519429984 0.0004646110830444787
1765 0.001409056887052339 -0.001009648895607133 0.0004990799030969246
1766 0.001790411985570361 0.007266465894695237 0.0009908957096933435
1767 -0.0002982277887143364 0.007318625862939441 0.0009458524245496624
1768 -0.0002874694525281664 0.004700711593311264 0.0009486283058384104
1769 0.001093966509489164 0.005143838248462726 0.0009851731387589724
1770 -0.001454682043034811 0.007048564325815759 0.0009925804524947329
1771 0.0009362338294340452 0.007204119100360115 0.0009530387776853514
1772 0.0001076443190723936 0.007027064244476653 0.0009797661311645063
1773 0.001104563270777415 0.003096583092707249 0.0004793052226519845
1774 -0.002003307473554648 0.002548980848802325 0.0009587634645245775
1775 -0.0006769183944978828 0.005071707670675355 0.0009397724044220206
1776 0.001310650933863538 0.004196592580823331 0.0009767942410232517
1777 0.0001219467066030224 0.008586967707068727 0.001006859073144841
1778 0.0004076941092343275 0.007875668897127531 0.0004663651921762246
1779 -0.0004147076984788296 0.002277509592091776 0.0004768726275301951
1780 0.001174486254730391 0.008531066953416579 0.0009773288982924109
1781 -0.0002829896324095028 0.003632031859500384 0.0009853434129036874
1782 0.0007950606646966823 0.005692095535554647 0.0004614927937296675
1783 -0.000816097697162221 0.006581343935205698 0.000489557841190983
1784 -0.001957950047289404 0.002546422195642908 0.0004582111971920629
1785 -0.001366850882242536 0.006389945192364315 0.0004605157019184425
1786 0.0007024960194774491 -0.001526987590287659 0.0004540437683006182
1787 -0.001199175391658748 0.008522712399404622 0.0009700856152092832
1788 -0.0004446152611681712 0.004220447531733115 0.0009733977124983954
1789 -0.001588757111334177 0.008623340864161163 0.001069392312136693
1790 -0.0006019337376135526 0.005728310921801359 0.000484483748996415
1791 -0.002020631527257229 0.007506318973709658 0.0009560599432244871
1792 -0.001030356532020562 0.005853516095127668 0.0009640441772023063
1793 0.001588857632914023 0.008623891542494305 0.001069822172960786
1794 -0.001989989894645756 0.004994765824329246 0.0009901817252080595
1795 0.0003323249029082063 0.006241339287765733 0.0004495915832699476
1796 -0.002023048692224984 0.001797329292307899 0.0009659573709055583
1797 0.001047010951340191 0.001141224753174555 0.0004576376415778723
1798 0.0007679058674073785 0.001666672293295925 0.0009937711249983789
1799 6.779749600110311e-05 0.001249952529731399 0.0004514075011451471
1800 -0.001184462277295206 0.008524697089289586 0.0004679898995032619
1801 0.001028506040227739 0.006353585739071528 0.0009741884236435057
1802 0.0005653821372938667 0.006487977838589117 0.0009503891935483257
1803 -0.001691531209316553 0.0009573452147050695 0.001030123375093782
1804 -0.001904944180274131 -0.0001357102717584871 0.000446369921879894
1805 0.002010163065856206 0.002382489947700364 0.0004940189379315477
1806 0.001572690786328222 0.002403748558340107 0.0009572522858389273
1807 -0.0004400937638104326 0.001186966468511616 0.0004921419636196052
1808 0.002027498670567891 -0.0008880586014369845 0.0004802404160878871
1809 -0.001053544655983071 0.005934102048424466 0.0004354184908093595
1810 -0.0008595929835533619 0.007179712430186964 0.0009509612985525101
1811 -0.000393686889154621 0.003012636025463079 0.0009591476750740383
1812 -0.001624042390318102 0.0004339365242519906 0.001047662645606656
1813 0.001066541627343023 0.003450682570410855 0.0009575905573980679
1814 0.001647527058813196 0.0001320192572409972 0.001099445707106897
1815 -0.001013977250208689 0.004913940530559624 0.000434010295908375
1816 0.0009915288785579482 0.0006012339028408104 0.001045882414166692
1817 6.816330429812e-05 0.005317932758980667 0.0004504013218793814
1818 0.0005126707143436654 0.005763192759147514 0.0009929747763284368
1819 0.0002988193057367347 0.004274315518830391 0.0009754596552353617
1820 -0.002014826872073526 0.0002379807170349089 0.001025699640137759
1821 0.001511545188653148 -0.00104814050820956 0.000979485245425417
1822 -0.001993618070088527 0.006923642666670253 0.0009922999878984864
1823 -0.001664300999740649 0.007846510012804384 0.001001775558725691
1824 0.002015428572509522 0.001641498173145714 0.0004775366208184391
1825 0.002022036214810099 0.001655993811879478 0.0009745484823616308
1826 -0.001994934106150779 0.004230075570432592 0.0009882759914684178
1827 0.002042434477360534 0.003493195410432715 0.000474672551647043
1828 -0.00112908373757309 -0.001521732197068705 0.0009536148849314157
1829 -0.0009932242496782883 0.00280702952785744 0.0004742048424164818
1830 0.002065221255045796 -0.001567589617587314 0.0009549923486422993
1831 0.001258090891876339 0.006884632675298315 0.0004534341986873052
1832 0.001157529711856385 0.007655367361833054 0.0009836538908292378
1833 -0.001974504768249339 0.001804178148058929 0.000444440398237431
1834 0.0008508328326983947 0.004374015674341395 0.0009823292890449129
1835 0.001334865515855891 0.001924480062460646 0.0009843465453550195
1836 -0.001050037376706387 0.003627660843016271 0.0009923974805379095
1837 0.002014190027662792 0.006399785869659769 0.000990438679581348
1838 -0.001365450031116274 0.00556603510911887 0.0004801894650396835
1839 -0.001425203430270707 0.007879306385213572 0.0004642387448669621
1840 -0.002066185239929003 0.008567841452067758 0.0004672744317524503
1841 0.001438434724427395 0.005867445458442189 0.001009132797284361
1842 -0.0003533612815040709 0.003789197018743299 0.0004478524319490939
1843 -0.0008213238447765584 0.00175060381177322 0.000998492131595554
1844 0.001187398272251676 -0.0005774576486987836 0.0004689067941417737
1845 -0.002031270727713582 0.003185165493752747 0.0009877258228615088
1846 0.0005499937004127816 0.008344311624141995 0.0004478458002703962
1847 0.001447566294750591 0.004761331061375501 0.000477971569218847
1848 -0.0003621931089205469 0.002897391157130109 0.0004399493429676846
1849 -0.001222823886097381 0.001183303280599214 0.0004637925049377014
1850 -0.0005827138350781457 0.005624285636476657 0.0009829819905288781
1851 1.913038845965758e-05 -0.001228375920721389 0.0004590707617155035
1852 -0.000950242158421423 0.004247892214261023 0.0004731693015892054
1853 0.002066108633674399 0.004297638872356068 0.0009914487149602328
1854 -0.001014987223735293 0.0007752418651880205 0.0004836105116335639
1855 -0.0008939039514737822 -0.0009260339142476894 0.0004280102340674902
1856 0.001967384418798134 0.005321577616391278 0.001008030383844079
1857 0.001632871636794322 0.0003342599386429915 0.000375222983949055
1858 0.00131352922172598 0.003019635519816895 0.001006161897393563
1859 -0.001326424828252524 0.005398875233019917 0.0009871356728356473
1860 0.002033915308114761 0.004652208484227989 0.0004513961961430422
1861 -0.00108566260584 0.007422865525338137 0.0004494339021071508
1862 -0.001437316318135393 0.001884608038395984 0.0009632382038228173
1863 1.331803118706407e-05 0.003293401952316704 0.0004571364546735757
1864 -0.0020251513357846 0.003728381161881153 0.0009710185585170616
1865 0.002078457972000681 0.008580060985392947 0.0004907801526166371
1866 -0.001132725836423167 -0.001482416399788847 0.0004660924263174914
1867 0.002041959751683783 0.00227692545726199 0.0009959235971324714
1868 -0.001249921988280092 0.0007275119203053798 0.001077688217515482
1869 -0.00141188013378518 -0.0008631115815742372 0.0004534850922204919
1870 -0.001517989442538777 0.004344504157507059 0.000448052720687786
1871 -0.002080152530134937 -0.001576674711412078 0.0004601315623548805
1872 0.0006015261274309816 -0.001071431252529349 0.0004415163168290253
1873 0.0005856742412242834 0.003607890311414217 0.0009922309043338493
1874 -0.0009451986356024274 0.007953507087695297 0.00044117911331337
1875 -0.0005523912887269308 0.001168242707282936 0.000999812853534475
1876 0.002081824137089321 -0.001583985212233238 0.0004563436211251236
1877 -0.0008180033167685064 0.003458987880265616 0.0004118376131907078
1878 -0.001452857061914788 0.003222893896505605 0.000475971040052891
1879 -0.001560253031725103 0.006309718732529548 0.001021594468390643
1880 0.002045067368128694 0.004173177215810012 0.0005259990107793199
1881 -0.0007239350482946649 0.006475266309467146 0.001020137044743911
1882 -0.0004435275827736482 -0.00147693877170653 0.0004331783163935512
1883 -0.0002004869369181517 0.006698630234705209 0.0004377305414494304
1884 0.0003808404315266345 0.003026764861147975 0.001005211354185626
1885 -0.0004711469438889154 0.007393188888905023 0.0004172824674888922
1886 0.001563301752871281 0.002941631996968636 0.0004305003395055969
1887 0.001546171618437357 0.002468544708947112 0.0004511484176180463
1888 0.001979275431395426 -0.0008998979992382107 0.0009685050312392069
1889 0.001440231797648335 0.003740839298904667 0.0009845584363423873
1890 0.001039591306795405 0.002297407912400307 0.0009833975612442455
1891 0.0005969837277969429 0.00107874108816068 0.0004951113003696455
1892 -0.0005170696769345251 0.008565731173956344 0.0004928336606195504
1893 0.002022140596630442 0.003028714472460159 0.0004303772483242096
1894 0.001600928014249279 0.006569512755120531 0.0004327182903977428
1895 -0.002044515143476319 -0.0008206158884185633 0.0009884314112149769
1896 -0.00136919820523821 -2.991875820466049e-06 0.0004098540875374248
1897 -0.001536529740399312 0.007075690714100784 0.0004107723840202193
1898 0.001187809059462587 0.003552331355711778 0.0004366361558352898
1899 0.001218674092540122 -0.001538905111689329 0.0004524847898262874
1900 -0.001597021333154294 6.560852688661005e-05 0.001083510444285381
1901 0.000924084359948111 0.002476644906568347 0.0004136621585334975
1902 0.001222010861272268 5.38392879589827e-05 0.001146231688277263
1903 -0.0008585607600770063 0.002373136361309855 0.0004291489178456326
1904 -0.001636741145665618 -0.0003418621033807766 0.001044626980441114
1905 -0.002069622891408332 0.003865168296052204 0.0004262060044583829
1906 -0.0006857847607238079 0.005223847521329107 0.000394408742621625
1907 -5.017361746822746e-06 0.008498504680106935 0.0004116546598915873
1908 -0.002067882153356472 0.001216667286363891 0.0009977097905260405
1909 -0.0006885047472696985 0.003355795288447503 0.0009748834398642637
1910 0.0005552036659732737 0.006964783573740706 0.0009986310695377745
1911 0.0007442529361824464 -0.001564569752344517 0.0009177850814086773
1912 -6.27501781623959e-06 0.007972334101212432 0.001033936901959903
1913 0.0007692489212336813 0.00542089507619107 0.001040222327856344
1914 0.0001579200406882514 0.004270904628851786 0.0004132039550569809
1915 0.0006236088041888898 -0.001065303497135668 0.0009797944076103474
1916 -0.000223257883991353 0.001593768875517971 0.0004406056002401077
1917 0.0008957973337376332 0.005934557714016585 0.001065075798864452
1918 0.00162097869387385 -0.000259023628816046 0.001063079746035972
1919 0.001256086305842457 0.008091714777814311 0.001013974999581067
1920 -0.001985128321697037 0.005676670802334496 0.001034483378930795
1921 -0.001571990424621514 0.002426276521908739 0.001015488323790334
1922 -0.002061868446839423 0.003032120535343213 0.0004326409386011588
1923 0.001423368545654739 0.005418166918951758 0.001043802889456748
1924 0.0001043941717075 0.005621627525866555 0.001051852515103589
1925 -0.000865477688419449 0.002922005167998977 0.001022587390738034
1926 0.001797718488802593 0.008094967183258589 0.001020353021396547
1927 -0.001305400713781916 0.003060159993008496 0.001037715856108923
1928 -0.0003740131632013046 0.001712416409427479 0.001025706883362938
1929 0.001460242532847072 0.000799598058641031 0.001069304226282521
1930 0.002081952677596545 0.001114367871929426 0.0004126432348030879
1931 0.002111997977447495 0.0009446941114652669 0.0008298944699536527
1932 -0.002061956314632833 -0.0005606822710501433 0.00043639521959607
1933 0.001579770144825372 0.001609946516820957 0.0005716087386640079
1934 0.0002307859507856519 0.001169876267452512 0.001004584389465825
1935 0.001515799602097608 0.0004820928063333011 0.0006994148572003155
1936 -0.002070005863832631 0.008039503057341937 0.0009626434339657599
1937 -0.001532026956457936 0.001980657039879779 0.0004043138271456949
1938 0.0003956963208677367 0.003068511468000754 0.0004069445067954906
1939 0.0006318000595496554 0.006544835554308921 0.0004217398955540171
1940 -0.0007522845525135273 0.00706457961918065 0.0003734114572400879
1941 0.001652524272080244 0.008611391699042575 0.0004687581795555978
1942 9.15088476038626e-05 0.00750381186684003 0.001006490454125666
1943 -0.001567483875451393 -0.000916834523593267 0.0009995715112823241
1944 -0.001621810457924654 0.004434022262810736 0.00103934840914205
1945 0.0009703535393836139 0.0006556111930685772 0.0004481539713288531
1946 -0.001645154268765758 0.008614702084448877 0.000474845101473966
1947 -0.0016391131976791 -0.001567287885515243 0.0003994726712973775
1948 0.0002450618725511616 -0.001593450330521678 0.0003962638179745816
1949 0.002071817409385635 0.005803199049703494 0.0004132074928842736
1950 0.002037055737533306 0.006639727206785779 0.0003951143000261625
1951 0.001109231870806185 0.005983243182992834 0.000654644766475298
1952 0.0004127656861252697 0.008214995091245691 0.001043277366462948
1953 -0.0006869368736350207 0.008583942872804205 0.001034357788005061
1954 -0.001156067546050769 0.007487016336874064 0.001018686775467272
1955 0.00159657997494157 0.001543836760387814 0.001007529479300747
1956 -0.0008675675638908066 0.002455808232505994 0.001061662217266246
1957 0.001590202202428208 0.007472414468180548 0.0004100836142367567
1958 -7.757655912115036e-05 0.004756759186004504 0.0003871420953474266
1959 -0.001671099819718997 0.0006075497247982859 0.0005485981786768192
1960 -0.0008531953987879066 0.004358620516083971 0.001040041467926064
1961 -0.001971338256837468 0.006504932388224273 0.00106802316071159
1962 -0.000629432705333628 -0.001565395529658005 0.001028233837226526
1963 0.0007169509613491698 0.007558267349986915 0.0008740553268798711
1964 0.0009401597686500177 0.004884469778392148 0.0003577987361125668
1965 -0.0005399474789844009 0.007816563641779118 0.0004083557335352436
1966 -0.001574839370588907 0.00506023070692879 0.001028990996817538
1967 0.00146924968784594 0.001207678676779185 0.0004765982511355108
1968 0.000180224904493096 0.006414941704043504 0.001086096818648384
1969 -0.001342960167472894 0.003954792148002714 0.001013140366190095
1970 -0.002101945955373914 0.004613521470114896 0.0008315791587126315
1971 0.0006308445275461397 0.004019977169514527 0.0008922358103027843
1972 0.001710749337351677 -0.000357113361696139 0.0003868874307188055
1973 0.002065493193334734 -0.0004793986366270282 0.0005816559135351429
1974 -0.0008118573838972335 0.007823439681586965 0.001080147375252339
1975 0.0008186069517960514 0.007032822509460627 0.0003631761685363185
1976 -0.002111323413274781 0.006773301259492483 0.0006048799957264854
1977 0.0001801167911552972 0.007533902823417628 0.0003987326797027699
1978 -0.002134497614361611 0.005457722160043751 0.0004729347698185801
1979 0.0001055857481423696 0.003705108356695554 0.0003988437543851415
1980 0.001633279622588384 0.00357720211504939 0.0003855113446039823
1981 -0.001548154611045987 -0.0002205975060669707 0.0006744400689663802
1982 0.0001137784462194887 0.003795316572698081 0.001077334769603712
1983 -0.001306138886923959 0.004672676522202593 0.0005979908017064339
1984 -0.001747271974392193 0.007500118588068688 0.0004083839704796377
1985 -0.001415310024674033 0.002802565806022819 0.0004493709404760203
1986 -0.0001401636502476507 0.005871507654395545 0.0003895452402744453
1987 0.0009929822511214434 -0.0009384195355042328 0.0004033880583981515
1988 -0.0003303471423904785 0.00527954874180846 0.001064115977363836
1989 -0.0004903081308902621 0.004724731331420768 0.0003990826836280291
1990 0.001595953813839401 0.0004565683546316295 0.001140223113328184
1991 0.001623760944750515 0.006309718732529538 0.001079592116151645
1992 0.001135437790122725 0.0001159427301992461 0.0007885798079586749
1993 -0.00123499529023647 0.0001092815329530469 0.001151035157970551
1994 -0.0003261950204721218 0.005426060992667587 0.0003957509105011888
1995 0.002090115248759313 0.00599049075086351 0.001037867997391725
1996 -0.0005548292426617713 0.004148595090314507 0.0003904978576780085
1997 0.0004654562149764571 0.002304051496309864 0.0003992709521471658
1998 2.27419971232061e-05 0.002153216947541206 0.001037229025098314
1999 0.002108385181352289 0.006984445397278623 0.001037584902031059
2000 -0.001574867500582481 0.005726910082731821 0.001026726902888129
2001 -0.001676874504242561 0.006133040960077538 0.0003607450658841492
2002 -0.001579670572344905 -0.001579552670288019 0.001015159778040193
2003 0.001071499652033746 0.008081363285020514 0.0003996934408881354
2004 0.0007931373684725025 0.008106572217047961 0.001073277870714933
2005 8.011033641946245e-05 0.00277344858706502 0.0003539372178242943
2006 -0.00208066285057512 0.001312122579517758 0.0004193056970970784
2007 0.0003625132382548036 0.0014783781419075 0.0003363743821241548
2008 0.001663967709784596 0.00698355742344608 0.0003670101329878546
2009 -0.00121251802267177 0.002233587721538757 0.001060485843840152
2010 0.0007109052946066295 0.005284661437159863 0.0003695924298374612
2011 0.001451646166382593 0.005383003611344207 0.0003887521500367641
2012 -0.001417254759406039 0.0008197903922421591 0.0003441740644015345
2013 0.001788908512024024 0.004984827168490046 0.0003856915755853133
2014 0.001540793976409284 0.007778919180606967 0.001052958295984952
2015 0.001432716238001113 0.007092120550290123 0.001076539963334011
2016 0.002082632981447063 0.007720074382610238 0.0004246013259730125
2017 -0.0006864362756859683 0.003032887618125167 0.0006428683490086323
2018 -0.00182514102783918 0.008219125224070317 0.0004120225812779217
2019 -0.0004868652308388625 -0.001095467671776992 0.001010632727886886
2020 -0.002141264630091012 0.0007233906131787619 0.0005072742539774908
2021 0.0007824037102422581 0.003987434549769018 0.0003869122908841601
2022 0.0005498740414775547 0.004617835555328569 0.000799701028061
2023 -0.000939359111596815 0.001580701047356222 0.0003821664642887176
2024 -0.001628423015008007 0.003690107510827811 0.00040079904178434
2025 0.001415304943890684 0.0006406832441025699 0.0003738657105250818
2026 0.0009891485883252481 0.001353320435979584 0.001092502048452965
2027 -0.0006948613004540019 0.006012188087624961 0.001085386795565749
2028 0.001807554728329239 0.0009971570015700384 0.001083715123671176
2029 0.00213239257423316 0.00783096857691808 0.001077360692561662
2030 0.0007151048209086423 0.006052509263266548 0.0003251553572387778
2031 0.002135251919120657 0.002713492231581813 0.001080183134891268
2032 0.0005304537887414603 0.007312770695321625 0.0003474392740281414
2033 -0.0005738754285865702 0.00628860444497768 0.0003811225496535336
2034 -0.0001257422608904904 0.003276281288769056 0.001089520304107697
2035 0.001611653479271706 0.006170838473491049 0.0003657815873683934
2036 0.001613967816282922 -0.00163915892017241 0.0005273029499140401
2037 0.0008031569191199164 0.005160041134503249 0.0007375491779105946
2038 0.0001721268831719234 0.001545086180098885 0.001091013654320042
2039 -0.001643838596901809 0.007453831439711921 0.001087057147070759
2040 0.001774228835951717 0.004559636121603696 0.001085549577003072
2041 -0.001662971735290283 0.008232677680487776 0.001102122910794798
2042 -0.001661724177870056 0.0002704136253789074 0.0003552442309588293
2043 0.002154969175524699 0.0005631557043787212 0.0008263958805975549
2044 0.001704483387852364 0.004116174641707872 0.001056830968735462
2045 0.0002243608968938623 -0.001124863434089578 0.001057327618110115
2046 -0.0002803342328259395 0.00692474564765712 0.001044408271413348
2047 0.0008104428227478384 0.001390641507876399 0.0006978872244503028
2048 0.0009999680528581766 0.004783212647363929 0.001099808685779457
2049 0.00125579862599628 0.001759020838960629 0.0003825312735560289
2050 -0.0019050107528611 0.004682645754735767 0.0003847594911678346
2051 -0.0008848181110100347 0.003852728276965243 0.0003518167493980956
2052 0.0001710397718525683 0.006603567598615521 0.0003251691803658841
2053 -0.0008279781443174629 0.001123377163145618 0.0003898454995286975
2054 -0.001011442623918107 0.001314867516642868 0.001094715482735642
2055 -0.0008935677733931855 0.004759372358234922 0.001078377229132108
2056 0.0001198552806896969 -0.001594283073004146 0.001033702843129877
2057 0.0003873419488086475 0.005355925486031069 0.001071103024226084
2058 -2.958405612141042e-05 0.002056118730605983 0.0003550718170281059
2059 0.0003045562688105524 0.008588521458285878 0.0006499577541746995
2060 0.00214600538718263 0.0074556348151753 0.0009117040378241014
2061 -0.001576756259641379 0.006694044627882465 0.001100489777210911
2062 -0.001754729533046843 0.002081361555995278 0.001112777523707485
2063 0.0008048569376800073 0.007769053045395274 0.0003451792368439191
2064 0.001602378060695131 -0.0002250854685132077 0.000704517579465323
2065 0.0004004799100383498 0.004584322443224604 0.0003723109400013631
2066 0.0007796272196033702 0.002910083532501316 0.0003461937389333604
2067 -0.00159910005702494 0.001297267730027836 0.0003848129525259732
2068 -0.0007797988349607228 -0.001660715430294967 0.0005938865355711696
2069 0.0001258462445682531 0.002724833540024029 0.001065384316843049
2070 -0.0009036570597054344 -0.001067053169334897 0.001060992516253869
2071 3.008149876935163e-05 0.007945706330374452 0.0003774275727302776
2072 0.0001417292286937947 0.004858957771978813 0.001081675050903237
2073 -0.0005012029865847581 -0.001064232618006565 0.000463478035564162
2074 -0.0009924080732141858 0.008197418818094217 0.001089638752540648
2075 0.001609802388116663 0.008075718039812014 0.0003663986029327608
2076 -0.0009034919799940724 0.006794038463663055 0.0008640098080954445
2077 -6.602656477181461e-05 0.004148951658298815 0.001068404571350946
2078 0.0009792749052845847 0.004001829295318253 0.001088312441290774
2079 -0.001721507116629397 0.005395941813218188 0.0003796737743932776
2080 -0.000655890574564906 0.003739514185641297 0.001090232580588611
$EndNodes
$Elements
10936
1 2 2 13 1 1 28 2
2 2 2 13 1 2 28 30
3 2 2 13 1 29 3 4
4 2 2 13 1 31 29 4
5 2 2 13 1 28 29 31
6 2 2 13 1 28 31 30
7 2 2 13 2 71 1 2
8 2 2 13 2 51 1 71
9 2 2 13 2 6 5 52
10 2 2 13 2 5 32 52
11 2 2 13 2 32 33 53
12 2 2 13 2 32 53 52
13 2 2 13 2 33 34 54
14 2 2 13 2 33 54 53
15 2 2 13 2 34 35 55
16 2 2 13 2 34 55 54
17 2 2 13 2 35 36 56
18 2 2 13 2 35 56 55
19 2 2 13 2 36 37 56
20 2 2 13 2 37 38 58
21 2 2 13 2 56 37 57
22 2 2 13 2 37 58 57
23 2 2 13 2 38 39 59
24 2 2 13 2 38 59 58
25 2 2 13 2 39 40 60
26 2 2 13 2 39 60 59
27 2 2 13 2 40 41 61
28 2 2 13 2 40 61 60
29 2 2 13 2 41 42 62
30 2 2 13 2 41 62 61
31 2 2 13 2 42 43 63
32 2 2 13 2 42 63 62
33 2 2 13 2 43 44 64
34 2 2 13 2 43 64 63
35 2 2 13 2 44 45 65
36 2 2 13 2 44 65 64
37 2 2 13 2 45 46 66
38 2 2 13 2 45 66 65
39 2 2 13 2 46 47 67
40 2 2 13 2 46 67 66
41 2 2 13 2 47 48 68
42 2 2 13 2 47 68 67
43 2 2 13 2 69 48 49
44 2 2 13 2 48 69 68
45 2 2 13 2 50 69 49
46 2 2 13 2 50 51 70
47 2 2 13 2 50 70 69
48 2 2 13 2 70 51 71
49 2 2 13 3 7 4 3
50 2 2 13 3 4 7 8
51 2 2 13 5 30 598 2
52 2 2 13 5 2 550 71
53 2 2 13 5 2 704 550
54 2 2 13 5 598 704 2
55 2 2 13 5 8 551 4
56 2 2 13 5 4 657 31
57 2 2 13 5 551 657 4
58 2 2 13 5 52 697 6
59 2 2 13 5 6 697 128
60 2 2 13 5 129 651 8
61 2 2 13 5 8 651 551
62 2 2 13 5 123 696 14
63 2 2 13 5 14 696 159
64 2 2 13 5 17 560 15
65 2 2 13 5 15 661 139
66 2 2 13 5 560 661 15
67 2 2 13 5 140 656 16
68 2 2 13 5 16 602 161
69 2 2 13 5 16 709 602
70 2 2 13 5 656 709 16
71 2 2 13 5 160 660 17
72 2 2 13 5 17 660 560
73 2 2 13 5 18 612 162
74 2 2 13 5 173 611 18
75 2 2 13 5 611 673 18
76 2 2 13 5 18 673 612
77 2 2 13 5 31 708 30
78 2 2 13 5 30 708 598
79 2 2 13 5 657 708 31
80 2 2 13 5 53 654 52
81 2 2 13 5 654 697 52
82 2 2 13 5 54 547 53
83 2 2 13 5 547 654 53
84 2 2 13 5 55 628 54
85 2 2 13 5 54 628 547
86 2 2 13 5 56 536 55
87 2 2 13 5 536 628 55
88 2 2 13 5 57 638 56
89 2 2 13 5 56 638 536
90 2 2 13 5 58 545 57
91 2 2 13 5 545 638 57
92 2 2 13 5 59 649 58
93 2 2 13 5 58 649 545
94 2 2 13 5 60 540 59
95 2 2 13 5 540 649 59
96 2 2 13 5 61 636 60
97 2 2 13 5 60 636 540
98 2 2 13 5 62 666 61
99 2 2 13 5 61 666 636
100 2 2 13 5 63 535 62
101 2 2 13 5 535 666 62
102 2 2 13 5 64 633 63
103 2 2 13 5 63 633 535
104 2 2 13 5 65 631 64
105 2 2 13 5 631 633 64
106 2 2 13 5 66 544 65
107 2 2 13 5 544 631 65
108 2 2 13 5 67 637 66
109 2 2 13 5 66 637 544
110 2 2 13 5 68 538 67
111 2 2 13 5 538 637 67
112 2 2 13 5 69 625 68
113 2 2 13 5 68 625 538
114 2 2 13 5 70 546 69
115 2 2 13 5 546 625 69
116 2 2 13 5 71 618 70
117 2 2 13 5 70 618 546
118 2 2 13 5 550 618 71
119 2 2 13 5 124 558 123
120 2 2 13 5 558 696 123
121 2 2 13 5 125 647 124
122 2 2 13 5 124 647 558
123 2 2 13 5 126 532 125
124 2 2 13 5 532 647 125
125 2 2 13 5 127 646 126
126 2 2 13 5 126 646 532
127 2 2 13 5 128 559 127
128 2 2 13 5 559 646 127
129 2 2 13 5 128 697 559
130 2 2 13 5 130 615 129
131 2 2 13 5 615 651 129
132 2 2 13 5 131 679 130
133 2 2 13 5 130 679 615
134 2 2 13 5 132 608 131
135 2 2 13 5 608 679 131
136 2 2 13 5 133 670 132
137 2 2 13 5 132 670 608
138 2 2 13 5 134 710 133
139 2 2 13 5 133 710 670
140 2 2 13 5 135 668 134
141 2 2 13 5 668 710 134
142 2 2 13 5 136 713 135
143 2 2 13 5 135 713 668
144 2 2 13 5 137 676 136
145 2 2 13 5 676 713 136
146 2 2 13 5 138 609 137
147 2 2 13 5 609 676 137
148 2 2 13 5 139 677 138
149 2 2 13 5 138 677 609
150 2 2 13 5 661 677 139
151 2 2 13 5 141 549 140
152 2 2 13 5 549 656 140
153 2 2 13 5 142 648 141
154 2 2 13 5 141 648 549
155 2 2 13 5 143 537 142
156 2 2 13 5 537 648 142
157 2 2 13 5 144 635 143
158 2 2 13 5 143 635 537
159 2 2 13 5 145 669 144
160 2 2 13 5 144 669 635
161 2 2 13 5 146 534 145
162 2 2 13 5 534 669 145
163 2 2 13 5 147 688 146
164 2 2 13 5 146 688 534
165 2 2 13 5 148 543 147
166 2 2 13 5 543 688 147
167 2 2 13 5 149 665 148
168 2 2 13 5 148 665 543
169 2 2 13 5 150 539 149
170 2 2 13 5 539 665 149
171 2 2 13 5 151 663 150
172 2 2 13 5 150 663 539
173 2 2 13 5 152 667 151
174 2 2 13 5 151 667 663
175 2 2 13 5 153 533 152
176 2 2 13 5 533 667 152
177 2 2 13 5 154 699 153
178 2 2 13 5 153 699 533
179 2 2 13 5 155 652 154
180 2 2 13 5 652 699 154
181 2 2 13 5 156 541 155
182 2 2 13 5 541 652 155
183 2 2 13 5 157 621 156
184 2 2 13 5 156 621 541
185 2 2 13 5 158 548 157
186 2 2 13 5 548 621 157
187 2 2 13 5 159 653 158
188 2 2 13 5 158 653 548
189 2 2 13 5 159 696 653
190 2 2 13 5 161 684 160
191 2 2 13 5 160 684 660
192 2 2 13 5 602 684 161
193 2 2 13 5 162 672 163
194 2 2 13 5 612 703 162
195 2 2 13 5 162 703 672
196 2 2 13 5 163 712 164
197 2 2 13 5 163 672 577
198 2 2 13 5 577 712 163
199 2 2 13 5 164 542 165
200 2 2 13 5 164 552 542
201 2 2 13 5 164 712 552
202 2 2 13 5 165 617 166
203 2 2 13 5 542 698 165
204 2 2 13 5 165 698 617
205 2 2 13 5 166 693 167
206 2 2 13 5 617 693 166
207 2 2 13 5 167 692 168
208 2 2 13 5 167 659 658
209 2 2 13 5 658 692 167
210 2 2 13 5 167 693 659
211 2 2 13 5 168 615 169
212 2 2 13 5 168 692 615
213 2 2 13 5 169 608 170
214 2 2 13 5 169 679 608
215 2 2 13 5 615 679 169
216 2 2 13 5 170 605 171
217 2 2 13 5 170 670 605
218 2 2 13 5 608 670 170
219 2 2 13 5 171 607 172
220 2 2 13 5 605 668 171
221 2 2 13 5 171 668 607
222 2 2 13 5 172 609 173
223 2 2 13 5 607 676 172
224 2 2 13 5 172 676 609
225 2 2 13 5 609 677 173
226 2 2 13 5 173 677 611
227 2 2 13 5 646 675 532
228 2 2 13 5 532 686 647
229 2 2 13 5 675 686 532
230 2 2 13 5 624 655 533
231 2 2 13 5 533 699 624
232 2 2 13 5 655 707 533
233 2 2 13 5 533 707 667
234 2 2 13 5 534 619 616
235 2 2 13 5 616 620 534
236 2 2 13 5 534 688 619
237 2 2 13 5 620 669 534
238 2 2 13 5 633 634 535
239 2 2 13 5 634 695 535
240 2 2 13 5 535 695 666
241 2 2 13 5 536 638 610
242 2 2 13 5 610 687 536
243 2 2 13 5 536 687 628
244 2 2 13 5 537 635 627
245 2 2 13 5 627 689 537
246 2 2 13 5 537 689 648
247 2 2 13 5 625 681 538
248 2 2 13 5 538 706 637
249 2 2 13 5 538 681 643
250 2 2 13 5 643 706 538
251 2 2 13 5 539 663 613
252 2 2 13 5 613 702 539
253 2 2 13 5 539 702 665
254 2 2 13 5 601 649 540
255 2 2 13 5 540 691 601
256 2 2 13 5 636 691 540
257 2 2 13 5 621 685 541
258 2 2 13 5 541 685 652
259 2 2 13 5 552 553 542
260 2 2 13 5 553 554 542
261 2 2 13 5 554 698 542
262 2 2 13 5 543 642 619
263 2 2 13 5 619 688 543
264 2 2 13 5 630 642 543
265 2 2 13 5 543 665 630
266 2 2 13 5 544 632 631
267 2 2 13 5 544 682 632
268 2 2 13 5 637 682 544
269 2 2 13 5 545 662 638
270 2 2 13 5 649 700 545
271 2 2 13 5 545 700 662
272 2 2 13 5 618 650 546
273 2 2 13 5 546 626 625
274 2 2 13 5 546 650 626
275 2 2 13 5 547 628 604
276 2 2 13 5 604 705 547
277 2 2 13 5 547 705 654
278 2 2 13 5 548 622 621
279 2 2 13 5 548 694 622
280 2 2 13 5 653 694 548
281 2 2 13 5 549 648 606
282 2 2 13 5 606 690 549
283 2 2 13 5 549 690 656
284 2 2 13 5 617 678 550
285 2 2 13 5 550 704 617
286 2 2 13 5 550 678 618
287 2 2 13 5 651 692 551
288 2 2 13 5 551 658 657
289 2 2 13 5 551 692 658
290 2 2 13 5 552 644 553
291 2 2 13 5 577 690 552
292 2 2 13 5 552 712 577
293 2 2 13 5 552 690 644
294 2 2 13 5 553 555 554
295 2 2 13 5 553 556 555
296 2 2 13 5 553 644 556
297 2 2 13 5 555 650 554
298 2 2 13 5 650 678 554
299 2 2 13 5 678 698 554
300 2 2 13 5 556 557 555
301 2 2 13 5 557 711 555
302 2 2 13 5 555 711 650
303 2 2 13 5 556 561 557
304 2 2 13 5 556 606 561
305 2 2 13 5 556 644 606
306 2 2 13 5 561 562 557
307 2 2 13 5 562 563 557
308 2 2 13 5 563 711 557
309 2 2 13 5 647 680 558
310 2 2 13 5 558 680 653
311 2 2 13 5 653 696 558
312 2 2 13 5 559 664 646
313 2 2 13 5 654 664 559
314 2 2 13 5 559 697 654
315 2 2 13 5 660 673 560
316 2 2 13 5 560 673 661
317 2 2 13 5 561 627 562
318 2 2 13 5 606 689 561
319 2 2 13 5 561 689 627
320 2 2 13 5 562 564 563
321 2 2 13 5 562 565 564
322 2 2 13 5 562 627 565
323 2 2 13 5 564 643 563
324 2 2 13 5 563 681 626
325 2 2 13 5 626 711 563
326 2 2 13 5 643 681 563
327 2 2 13 5 565 566 564
328 2 2 13 5 566 567 564
329 2 2 13 5 567 643 564
330 2 2 13 5 565 683 566
331 2 2 13 5 627 674 565
332 2 2 13 5 674 683 565
333 2 2 13 5 566 568 567
334 2 2 13 5 566 569 568
335 2 2 13 5 566 683 569
336 2 2 13 5 568 682 567
337 2 2 13 5 567 706 643
338 2 2 13 5 682 706 567
339 2 2 13 5 569 570 568
340 2 2 13 5 570 701 568
341 2 2 13 5 632 682 568
342 2 2 13 5 568 701 632
343 2 2 13 5 569 571 570
344 2 2 13 5 569 616 571
345 2 2 13 5 569 683 616
346 2 2 13 5 571 572 570
347 2 2 13 5 572 573 570
348 2 2 13 5 573 701 570
349 2 2 13 5 571 642 572
350 2 2 13 5 616 619 571
351 2 2 13 5 619 642 571
352 2 2 13 5 572 574 573
353 2 2 13 5 572 575 574
354 2 2 13 5 572 642 575
355 2 2 13 5 574 634 573
356 2 2 13 5 634 671 573
357 2 2 13 5 671 701 573
358 2 2 13 5 575 576 574
359 2 2 13 5 576 578 574
360 2 2 13 5 578 634 574
361 2 2 13 5 575 629 576
362 2 2 13 5 575 630 629
363 2 2 13 5 575 642 630
364 2 2 13 5 576 579 578
365 2 2 13 5 576 580 579
366 2 2 13 5 576 629 580
367 2 2 13 5 656 690 577
368 2 2 13 5 577 709 656
369 2 2 13 5 672 709 577
370 2 2 13 5 579 584 578
371 2 2 13 5 584 695 578
372 2 2 13 5 578 695 634
373 2 2 13 5 580 581 579
374 2 2 13 5 581 641 579
375 2 2 13 5 579 641 584
376 2 2 13 5 580 582 581
377 2 2 13 5 580 613 582
378 2 2 13 5 580 629 613
379 2 2 13 5 582 583 581
380 2 2 13 5 583 585 581
381 2 2 13 5 585 641 581
382 2 2 13 5 582 639 583
383 2 2 13 5 613 614 582
384 2 2 13 5 614 639 582
385 2 2 13 5 583 586 585
386 2 2 13 5 583 587 586
387 2 2 13 5 583 639 587
388 2 2 13 5 584 641 636
389 2 2 13 5 636 666 584
390 2 2 13 5 666 695 584
391 2 2 13 5 586 601 585
392 2 2 13 5 601 691 585
393 2 2 13 5 585 691 641
394 2 2 13 5 587 588 586
395 2 2 13 5 588 640 586
396 2 2 13 5 586 640 601
397 2 2 13 5 587 589 588
398 2 2 13 5 587 655 589
399 2 2 13 5 639 655 587
400 2 2 13 5 589 590 588
401 2 2 13 5 590 591 588
402 2 2 13 5 591 640 588
403 2 2 13 5 589 623 590
404 2 2 13 5 589 624 623
405 2 2 13 5 589 655 624
406 2 2 13 5 590 592 591
407 2 2 13 5 590 593 592
408 2 2 13 5 590 623 593
409 2 2 13 5 592 610 591
410 2 2 13 5 610 662 591
411 2 2 13 5 591 662 640
412 2 2 13 5 593 594 592
413 2 2 13 5 594 645 592
414 2 2 13 5 592 645 610
415 2 2 13 5 593 595 594
416 2 2 13 5 593 685 595
417 2 2 13 5 623 685 593
418 2 2 13 5 595 596 594
419 2 2 13 5 596 597 594
420 2 2 13 5 597 645 594
421 2 2 13 5 595 622 596
422 2 2 13 5 621 622 595
423 2 2 13 5 595 685 621
424 2 2 13 5 596 599 597
425 2 2 13 5 596 600 599
426 2 2 13 5 596 622 600
427 2 2 13 5 599 603 597
428 2 2 13 5 603 604 597
429 2 2 13 5 604 645 597
430 2 2 13 5 659 693 598
431 2 2 13 5 598 708 659
432 2 2 13 5 693 704 598
433 2 2 13 5 600 686 599
434 2 2 13 5 599 675 603
435 2 2 13 5 599 686 675
436 2 2 13 5 622 694 600
437 2 2 13 5 680 686 600
438 2 2 13 5 600 694 680
439 2 2 13 5 640 700 601
440 2 2 13 5 601 700 649
441 2 2 13 5 672 703 602
442 2 2 13 5 602 709 672
443 2 2 13 5 602 703 684
444 2 2 13 5 603 705 604
445 2 2 13 5 603 675 664
446 2 2 13 5 664 705 603
447 2 2 13 5 628 687 604
448 2 2 13 5 604 687 645
449 2 2 13 5 605 710 668
450 2 2 13 5 670 710 605
451 2 2 13 5 644 690 606
452 2 2 13 5 648 689 606
453 2 2 13 5 668 713 607
454 2 2 13 5 607 713 676
455 2 2 13 5 638 662 610
456 2 2 13 5 645 687 610
457 2 2 13 5 661 673 611
458 2 2 13 5 611 677 661
459 2 2 13 5 612 673 660
460 2 2 13 5 660 684 612
461 2 2 13 5 684 703 612
462 2 2 13 5 613 663 614
463 2 2 13 5 629 702 613
464 2 2 13 5 614 707 639
465 2 2 13 5 663 667 614
466 2 2 13 5 667 707 614
467 2 2 13 5 615 692 651
468 2 2 13 5 616 683 620
469 2 2 13 5 617 698 678
470 2 2 13 5 617 704 693
471 2 2 13 5 618 678 650
472 2 2 13 5 620 674 669
473 2 2 13 5 620 683 674
474 2 2 13 5 624 652 623
475 2 2 13 5 652 685 623
476 2 2 13 5 624 699 652
477 2 2 13 5 626 681 625
478 2 2 13 5 650 711 626
479 2 2 13 5 635 674 627
480 2 2 13 5 630 702 629
481 2 2 13 5 665 702 630
482 2 2 13 5 632 671 631
483 2 2 13 5 631 671 633
484 2 2 13 5 632 701 671
485 2 2 13 5 633 671 634
486 2 2 13 5 669 674 635
487 2 2 13 5 641 691 636
488 2 2 13 5 637 706 682
489 2 2 13 5 639 707 655
490 2 2 13 5 662 700 640
491 2 2 13 5 664 675 646
492 2 2 13 5 647 686 680
493 2 2 13 5 680 694 653
494 2 2 13 5 654 705 664
495 2 2 13 5 658 659 657
496 2 2 13 5 659 708 657
497 2 2 12 6 128 5 6
498 2 2 12 6 5 128 77
499 2 2 12 6 9 123 14
500 2 2 12 6 72 123 9
501 2 2 12 6 73 123 72
502 2 2 12 6 73 74 125
503 2 2 12 6 123 73 124
504 2 2 12 6 73 125 124
505 2 2 12 6 126 74 75
506 2 2 12 6 74 126 125
507 2 2 12 6 76 126 75
508 2 2 12 6 128 76 77
509 2 2 12 6 126 76 127
510 2 2 12 6 76 128 127
511 2 2 13 7 8 7 129
512 2 2 13 7 7 78 129
513 2 2 13 7 88 10 15
514 2 2 13 7 139 88 15
515 2 2 13 7 78 79 130
516 2 2 13 7 78 130 129
517 2 2 13 7 79 80 131
518 2 2 13 7 130 79 131
519 2 2 13 7 80 81 132
520 2 2 13 7 80 132 131
521 2 2 13 7 81 82 133
522 2 2 13 7 132 81 133
523 2 2 13 7 82 83 134
524 2 2 13 7 133 82 134
525 2 2 13 7 83 84 134
526 2 2 13 7 135 84 85
527 2 2 13 7 134 84 135
528 2 2 13 7 85 86 136
529 2 2 13 7 135 85 136
530 2 2 13 7 137 86 87
531 2 2 13 7 136 86 137
532 2 2 13 7 87 88 138
533 2 2 13 7 137 87 138
534 2 2 13 7 138 88 139
535 2 2 13 8 14 108 9
536 2 2 13 8 89 16 11
537 2 2 13 8 159 108 14
538 2 2 13 8 16 89 140
539 2 2 13 8 89 90 140
540 2 2 13 8 90 91 142
541 2 2 13 8 140 90 141
542 2 2 13 8 90 142 141
543 2 2 13 8 91 92 142
544 2 2 13 8 144 92 93
545 2 2 13 8 142 92 143
546 2 2 13 8 92 144 143
547 2 2 13 8 145 93 94
548 2 2 13 8 145 144 93
549 2 2 13 8 95 145 94
550 2 2 13 8 147 95 96
551 2 2 13 8 145 95 146
552 2 2 13 8 95 147 146
553 2 2 13 8 97 147 96
554 2 2 13 8 98 148 97
555 2 2 13 8 148 147 97
556 2 2 13 8 150 98 99
557 2 2 13 8 148 98 149
558 2 2 13 8 98 150 149
559 2 2 13 8 100 150 99
560 2 2 13 8 101 151 100
561 2 2 13 8 151 150 100
562 2 2 13 8 153 101 102
563 2 2 13 8 151 101 152
564 2 2 13 8 101 153 152
565 2 2 13 8 103 153 102
566 2 2 13 8 104 155 103
567 2 2 13 8 153 103 154
568 2 2 13 8 103 155 154
569 2 2 13 8 156 104 105
570 2 2 13 8 156 155 104
571 2 2 13 8 106 156 105
572 2 2 13 8 158 106 107
573 2 2 13 8 157 156 106
574 2 2 13 8 158 157 106
575 2 2 13 8 108 158 107
576 2 2 13 8 159 158 108
577 2 2 13 9 12 15 10
578 2 2 13 9 12 17 15
579 2 2 13 10 110 11 16
580 2 2 13 10 17 12 160
581 2 2 13 10 12 109 160
582 2 2 13 10 161 110 16
583 2 2 13 10 109 110 161
584 2 2 13 10 109 161 160
585 2 2 11 11 13 18 111
586 2 2 11 11 173 18 13
587 2 2 11 11 173 13 122
588 2 2 11 11 18 162 111
589 2 2 11 11 111 162 112
590 2 2 11 11 112 163 113
591 2 2 11 11 162 163 112
592 2 2 11 11 113 165 114
593 2 2 11 11 163 164 113
594 2 2 11 11 113 164 165
595 2 2 11 11 114 166 115
596 2 2 11 11 165 166 114
597 2 2 11 11 115 167 116
598 2 2 11 11 115 166 167
599 2 2 11 11 116 168 117
600 2 2 11 11 167 168 116
601 2 2 11 11 117 168 118
602 2 2 11 11 118 169 119
603 2 2 11 11 168 169 118
604 2 2 11 11 119 171 120
605 2 2 11 11 169 170 119
606 2 2 11 11 119 170 171
607 2 2 11 11 171 121 120
608 2 2 11 11 121 172 122
609 2 2 11 11 171 172 121
610 2 2 11 11 172 173 122
611 2 2 13 12 176 19 795
612 2 2 13 12 19 177 795
613 2 2 13 12 20 174 798
614 2 2 13 12 207 20 798
615 2 2 13 12 203 21 797
616 2 2 13 12 21 206 797
617 2 2 13 12 204 22 796
618 2 2 13 12 22 233 796
619 2 2 13 12 174 175 791
620 2 2 13 12 174 791 798
621 2 2 13 12 175 176 736
622 2 2 13 12 175 736 791
623 2 2 13 12 736 176 795
624 2 2 13 12 177 178 789
625 2 2 13 12 177 789 795
626 2 2 13 12 178 179 719
627 2 2 13 12 178 719 789
628 2 2 13 12 179 180 748
629 2 2 13 12 719 179 748
630 2 2 13 12 180 181 717
631 2 2 13 12 180 717 748
632 2 2 13 12 181 182 750
633 2 2 13 12 717 181 750
634 2 2 13 12 182 183 783
635 2 2 13 12 750 182 783
636 2 2 13 12 183 184 721
637 2 2 13 12 183 721 783
638 2 2 13 12 184 185 776
639 2 2 13 12 721 184 776
640 2 2 13 12 185 186 722
641 2 2 13 12 185 722 776
642 2 2 13 12 186 187 772
643 2 2 13 12 722 186 772
644 2 2 13 12 187 188 723
645 2 2 13 12 187 723 772
646 2 2 13 12 188 189 785
647 2 2 13 12 723 188 785
648 2 2 13 12 189 190 767
649 2 2 13 12 189 767 785
650 2 2 13 12 190 191 726
651 2 2 13 12 190 726 767
652 2 2 13 12 191 192 763
653 2 2 13 12 726 191 763
654 2 2 13 12 192 193 762
655 2 2 13 12 192 762 763
656 2 2 13 12 193 194 725
657 2 2 13 12 193 725 762
658 2 2 13 12 194 195 761
659 2 2 13 12 725 194 761
660 2 2 13 12 195 196 784
661 2 2 13 12 761 195 784
662 2 2 13 12 196 197 727
663 2 2 13 12 196 727 784
664 2 2 13 12 197 198 788
665 2 2 13 12 727 197 788
666 2 2 13 12 198 199 743
667 2 2 13 12 198 743 788
668 2 2 13 12 199 200 724
669 2 2 13 12 199 724 743
670 2 2 13 12 200 201 754
671 2 2 13 12 724 200 754
672 2 2 13 12 201 202 737
673 2 2 13 12 201 737 754
674 2 2 13 12 202 203 732
675 2 2 13 12 202 732 737
676 2 2 13 12 732 203 797
677 2 2 13 12 205 204 735
678 2 2 13 12 735 204 796
679 2 2 13 12 206 205 792
680 2 2 13 12 205 735 792
681 2 2 13 12 206 792 797
682 2 2 13 12 208 207 733
683 2 2 13 12 733 207 798
684 2 2 13 12 209 208 744
685 2 2 13 12 208 733 744
686 2 2 13 12 210 209 729
687 2 2 13 12 729 209 744
688 2 2 13 12 211 210 756
689 2 2 13 12 210 729 756
690 2 2 13 12 212 211 728
691 2 2 13 12 728 211 756
692 2 2 13 12 213 212 752
693 2 2 13 12 212 728 752
694 2 2 13 12 214 213 786
695 2 2 13 12 213 752 786
696 2 2 13 12 215 214 730
697 2 2 13 12 730 214 786
698 2 2 13 12 216 215 775
699 2 2 13 12 215 730 775
700 2 2 13 12 217 216 731
701 2 2 13 12 731 216 775
702 2 2 13 12 218 217 787
703 2 2 13 12 217 731 787
704 2 2 13 12 219 218 769
705 2 2 13 12 769 218 787
706 2 2 13 12 220 219 716
707 2 2 13 12 716 219 769
708 2 2 13 12 221 220 779
709 2 2 13 12 220 716 779
710 2 2 13 12 222 221 771
711 2 2 13 12 771 221 779
712 2 2 13 12 223 222 715
713 2 2 13 12 715 222 771
714 2 2 13 12 224 223 757
715 2 2 13 12 223 715 757
716 2 2 13 12 225 224 777
717 2 2 13 12 224 757 777
718 2 2 13 12 226 225 720
719 2 2 13 12 720 225 777
720 2 2 13 12 227 226 780
721 2 2 13 12 226 720 780
722 2 2 13 12 228 227 714
723 2 2 13 12 714 227 780
724 2 2 13 12 229 228 794
725 2 2 13 12 228 714 794
726 2 2 13 12 230 229 734
727 2 2 13 12 734 229 794
728 2 2 13 12 231 230 740
729 2 2 13 12 230 734 740
730 2 2 13 12 232 231 718
731 2 2 13 12 718 231 740
732 2 2 13 12 233 232 790
733 2 2 13 12 232 718 790
734 2 2 13 12 233 790 796
735 2 2 13 12 755 714 793
736 2 2 13 12 714 755 794
737 2 2 13 12 714 780 793
738 2 2 13 12 757 715 758
739 2 2 13 12 758 715 759
740 2 2 13 12 759 715 771
741 2 2 13 12 765 716 768
742 2 2 13 12 716 765 779
743 2 2 13 12 768 716 769
744 2 2 13 12 717 747 748
745 2 2 13 12 747 717 749
746 2 2 13 12 749 717 750
747 2 2 13 12 738 718 739
748 2 2 13 12 718 738 790
749 2 2 13 12 739 718 740
750 2 2 13 12 745 719 746
751 2 2 13 12 719 745 789
752 2 2 13 12 746 719 748
753 2 2 13 12 766 720 777
754 2 2 13 12 720 766 778
755 2 2 13 12 720 778 780
756 2 2 13 12 753 721 781
757 2 2 13 12 721 753 783
758 2 2 13 12 721 776 781
759 2 2 13 12 722 772 773
760 2 2 13 12 722 773 774
761 2 2 13 12 722 774 776
762 2 2 13 12 723 770 782
763 2 2 13 12 770 723 785
764 2 2 13 12 772 723 782
765 2 2 13 12 724 741 742
766 2 2 13 12 741 724 754
767 2 2 13 12 724 742 743
768 2 2 13 12 758 725 760
769 2 2 13 12 725 758 762
770 2 2 13 12 760 725 761
771 2 2 13 12 726 763 764
772 2 2 13 12 726 764 765
773 2 2 13 12 726 765 767
774 2 2 13 12 727 778 784
775 2 2 13 12 778 727 793
776 2 2 13 12 727 788 793
777 2 2 13 12 728 749 751
778 2 2 13 12 749 728 756
779 2 2 13 12 728 751 752
780 2 2 13 12 729 744 746
781 2 2 13 12 729 746 747
782 2 2 13 12 729 747 756
783 2 2 13 12 730 774 775
784 2 2 13 12 774 730 781
785 2 2 13 12 781 730 786
786 2 2 13 12 773 731 775
787 2 2 13 12 731 773 782
788 2 2 13 12 731 782 787
789 2 2 13 12 737 732 738
790 2 2 13 12 738 732 800
791 2 2 13 12 792 732 797
792 2 2 13 12 732 792 800
793 2 2 13 12 744 733 745
794 2 2 13 12 745 733 799
795 2 2 13 12 791 733 798
796 2 2 13 12 733 791 799
797 2 2 13 12 740 734 741
798 2 2 13 12 741 734 742
799 2 2 13 12 742 734 794
800 2 2 13 12 790 735 796
801 2 2 13 12 735 790 800
802 2 2 13 12 792 735 800
803 2 2 13 12 789 736 795
804 2 2 13 12 736 789 799
805 2 2 13 12 791 736 799
806 2 2 13 12 737 738 739
807 2 2 13 12 737 739 754
808 2 2 13 12 790 738 800
809 2 2 13 12 739 740 741
810 2 2 13 12 739 741 754
811 2 2 13 12 743 742 755
812 2 2 13 12 755 742 794
813 2 2 13 12 743 755 788
814 2 2 13 12 744 745 746
815 2 2 13 12 789 745 799
816 2 2 13 12 747 746 748
817 2 2 13 12 747 749 756
818 2 2 13 12 749 750 751
819 2 2 13 12 751 750 783
820 2 2 13 12 752 751 753
821 2 2 13 12 753 751 783
822 2 2 13 12 752 753 786
823 2 2 13 12 753 781 786
824 2 2 13 12 788 755 793
825 2 2 13 12 757 758 760
826 2 2 13 12 757 760 777
827 2 2 13 12 758 759 762
828 2 2 13 12 762 759 763
829 2 2 13 12 763 759 764
830 2 2 13 12 764 759 771
831 2 2 13 12 760 761 766
832 2 2 13 12 760 766 777
833 2 2 13 12 766 761 784
834 2 2 13 12 765 764 779
835 2 2 13 12 764 771 779
836 2 2 13 12 767 765 768
837 2 2 13 12 778 766 784
838 2 2 13 12 767 768 785
839 2 2 13 12 768 769 770
840 2 2 13 12 768 770 785
841 2 2 13 12 770 769 787
842 2 2 13 12 782 770 787
843 2 2 13 12 773 772 782
844 2 2 13 12 774 773 775
845 2 2 13 12 776 774 781
846 2 2 13 12 780 778 793
847 2 2 13 13 19 176 839
848 2 2 13 13 249 19 839
849 2 2 13 13 174 20 838
850 2 2 13 13 20 234 838
851 2 2 13 13 245 23 840
852 2 2 13 13 23 246 840
853 2 2 13 13 248 24 837
854 2 2 13 13 24 260 837
855 2 2 13 13 175 174 812
856 2 2 13 13 812 174 838
857 2 2 13 13 176 175 835
858 2 2 13 13 175 812 835
859 2 2 13 13 176 835 839
860 2 2 13 13 234 235 834
861 2 2 13 13 234 834 838
862 2 2 13 13 235 236 803
863 2 2 13 13 235 803 834
864 2 2 13 13 236 237 822
865 2 2 13 13 803 236 822
866 2 2 13 13 237 238 802
867 2 2 13 13 237 802 822
868 2 2 13 13 238 239 826
869 2 2 13 13 802 238 826
870 2 2 13 13 239 240 804
871 2 2 13 13 239 804 826
872 2 2 13 13 240 241 829
873 2 2 13 13 804 240 829
874 2 2 13 13 241 242 805
875 2 2 13 13 241 805 829
876 2 2 13 13 242 243 824
877 2 2 13 13 805 242 824
878 2 2 13 13 243 244 813
879 2 2 13 13 243 813 824
880 2 2 13 13 244 245 810
881 2 2 13 13 244 810 813
882 2 2 13 13 810 245 840
883 2 2 13 13 246 247 836
884 2 2 13 13 246 836 840
885 2 2 13 13 247 248 811
886 2 2 13 13 247 811 836
887 2 2 13 13 811 248 837
888 2 2 13 13 250 249 809
889 2 2 13 13 809 249 839
890 2 2 13 13 251 250 818
891 2 2 13 13 250 809 818
892 2 2 13 13 252 251 806
893 2 2 13 13 806 251 818
894 2 2 13 13 253 252 827
895 2 2 13 13 252 806 827
896 2 2 13 13 254 253 807
897 2 2 13 13 807 253 827
898 2 2 13 13 255 254 831
899 2 2 13 13 254 807 831
900 2 2 13 13 256 255 808
901 2 2 13 13 808 255 831
902 2 2 13 13 257 256 830
903 2 2 13 13 256 808 830
904 2 2 13 13 258 257 816
905 2 2 13 13 816 257 830
906 2 2 13 13 259 258 801
907 2 2 13 13 801 258 816
908 2 2 13 13 260 259 833
909 2 2 13 13 259 801 833
910 2 2 13 13 260 833 837
911 2 2 13 13 814 801 815
912 2 2 13 13 801 814 833
913 2 2 13 13 815 801 816
914 2 2 13 13 802 821 822
915 2 2 13 13 821 802 823
916 2 2 13 13 823 802 826
917 2 2 13 13 819 803 820
918 2 2 13 13 803 819 834
919 2 2 13 13 820 803 822
920 2 2 13 13 826 804 828
921 2 2 13 13 828 804 832
922 2 2 13 13 804 829 832
923 2 2 13 13 817 805 824
924 2 2 13 13 805 817 825
925 2 2 13 13 805 825 829
926 2 2 13 13 806 818 820
927 2 2 13 13 806 820 821
928 2 2 13 13 806 821 827
929 2 2 13 13 823 807 827
930 2 2 13 13 807 823 828
931 2 2 13 13 807 828 831
932 2 2 13 13 808 825 830
933 2 2 13 13 825 808 832
934 2 2 13 13 808 831 832
935 2 2 13 13 818 809 819
936 2 2 13 13 819 809 841
937 2 2 13 13 835 809 839
938 2 2 13 13 809 835 841
939 2 2 13 13 813 810 814
940 2 2 13 13 814 810 842
941 2 2 13 13 836 810 840
942 2 2 13 13 810 836 842
943 2 2 13 13 833 811 837
944 2 2 13 13 811 833 842
945 2 2 13 13 836 811 842
946 2 2 13 13 834 812 838
947 2 2 13 13 812 834 841
948 2 2 13 13 835 812 841
949 2 2 13 13 813 814 815
950 2 2 13 13 813 815 824
951 2 2 13 13 833 814 842
952 2 2 13 13 815 816 817
953 2 2 13 13 815 817 824
954 2 2 13 13 817 816 830
955 2 2 13 13 825 817 830
956 2 2 13 13 818 819 820
957 2 2 13 13 834 819 841
958 2 2 13 13 821 820 822
959 2 2 13 13 821 823 827
960 2 2 13 13 823 826 828
961 2 2 13 13 829 825 832
962 2 2 13 13 831 828 832
963 2 2 13 14 1 844 28
964 2 2 13 14 51 1023 1
965 2 2 13 14 1 1023 844
966 2 2 13 14 3 845 7
967 2 2 13 14 29 969 3
968 2 2 13 14 3 969 845
969 2 2 13 14 5 1020 32
970 2 2 13 14 263 1020 5
971 2 2 13 14 7 895 78
972 2 2 13 14 845 895 7
973 2 2 13 14 108 1021 9
974 2 2 13 14 9 1021 264
975 2 2 13 14 10 846 12
976 2 2 13 14 88 898 10
977 2 2 13 14 10 898 846
978 2 2 13 14 11 1017 89
979 2 2 13 14 110 843 11
980 2 2 13 14 843 1017 11
981 2 2 13 14 12 964 109
982 2 2 13 14 846 964 12
983 2 2 13 14 19 1012 177
984 2 2 13 14 249 1012 19
985 2 2 13 14 203 1018 21
986 2 2 13 14 21 1018 261
987 2 2 13 14 24 1013 260
988 2 2 13 14 267 1013 24
989 2 2 13 14 266 1019 25
990 2 2 13 14 25 1019 293
991 2 2 13 14 28 906 29
992 2 2 13 14 844 906 28
993 2 2 13 14 906 969 29
994 2 2 13 14 32 955 33
995 2 2 13 14 32 1020 955
996 2 2 13 14 33 847 34
997 2 2 13 14 33 955 847
998 2 2 13 14 34 937 35
999 2 2 13 14 847 937 34
1000 2 2 13 14 35 850 36
1001 2 2 13 14 35 937 850
1002 2 2 13 14 36 940 37
1003 2 2 13 14 850 940 36
1004 2 2 13 14 37 852 38
1005 2 2 13 14 37 940 852
1006 2 2 13 14 38 942 39
1007 2 2 13 14 852 942 38
1008 2 2 13 14 39 854 40
1009 2 2 13 14 39 942 854
1010 2 2 13 14 40 944 41
1011 2 2 13 14 854 944 40
1012 2 2 13 14 41 856 42
1013 2 2 13 14 41 944 856
1014 2 2 13 14 42 941 43
1015 2 2 13 14 856 941 42
1016 2 2 13 14 43 858 44
1017 2 2 13 14 43 941 858
1018 2 2 13 14 44 943 45
1019 2 2 13 14 858 943 44
1020 2 2 13 14 45 860 46
1021 2 2 13 14 45 943 860
1022 2 2 13 14 46 1004 47
1023 2 2 13 14 860 1004 46
1024 2 2 13 14 47 862 48
1025 2 2 13 14 47 1004 862
1026 2 2 13 14 48 1007 49
1027 2 2 13 14 862 1007 48
1028 2 2 13 14 49 864 50
1029 2 2 13 14 49 1007 864
1030 2 2 13 14 50 978 51
1031 2 2 13 14 864 978 50
1032 2 2 13 14 978 1023 51
1033 2 2 13 14 78 902 79
1034 2 2 13 14 895 916 78
1035 2 2 13 14 78 916 902
1036 2 2 13 14 79 865 80
1037 2 2 13 14 79 902 865
1038 2 2 13 14 80 1024 81
1039 2 2 13 14 865 1024 80
1040 2 2 13 14 81 984 82
1041 2 2 13 14 909 984 81
1042 2 2 13 14 81 1024 909
1043 2 2 13 14 83 82 254
1044 2 2 13 14 254 82 253
1045 2 2 13 14 82 984 253
1046 2 2 13 14 84 83 255
1047 2 2 13 14 83 254 255
1048 2 2 13 14 84 985 85
1049 2 2 13 14 255 256 84
1050 2 2 13 14 256 985 84
1051 2 2 13 14 85 1025 86
1052 2 2 13 14 85 985 910
1053 2 2 13 14 910 1025 85
1054 2 2 13 14 86 866 87
1055 2 2 13 14 86 1025 866
1056 2 2 13 14 87 901 88
1057 2 2 13 14 866 901 87
1058 2 2 13 14 88 1010 898
1059 2 2 13 14 901 1010 88
1060 2 2 13 14 89 983 90
1061 2 2 13 14 89 1017 983
1062 2 2 13 14 90 863 91
1063 2 2 13 14 90 983 863
1064 2 2 13 14 91 1006 92
1065 2 2 13 14 863 1006 91
1066 2 2 13 14 92 861 93
1067 2 2 13 14 92 1006 861
1068 2 2 13 14 93 1005 94
1069 2 2 13 14 861 1005 93
1070 2 2 13 14 94 859 95
1071 2 2 13 14 94 1005 859
1072 2 2 13 14 95 939 96
1073 2 2 13 14 859 939 95
1074 2 2 13 14 96 857 97
1075 2 2 13 14 96 939 857
1076 2 2 13 14 97 947 98
1077 2 2 13 14 857 947 97
1078 2 2 13 14 98 855 99
1079 2 2 13 14 98 947 855
1080 2 2 13 14 99 945 100
1081 2 2 13 14 855 945 99
1082 2 2 13 14 100 853 101
1083 2 2 13 14 100 945 853
1084 2 2 13 14 101 948 102
1085 2 2 13 14 853 948 101
1086 2 2 13 14 102 851 103
1087 2 2 13 14 102 948 851
1088 2 2 13 14 103 938 104
1089 2 2 13 14 851 938 103
1090 2 2 13 14 104 849 105
1091 2 2 13 14 104 938 849
1092 2 2 13 14 105 946 106
1093 2 2 13 14 849 946 105
1094 2 2 13 14 106 848 107
1095 2 2 13 14 106 946 848
1096 2 2 13 14 107 954 108
1097 2 2 13 14 848 954 107
1098 2 2 13 14 954 1021 108
1099 2 2 13 14 109 903 110
1100 2 2 13 14 109 964 903
1101 2 2 13 14 110 903 843
1102 2 2 13 14 177 871 178
1103 2 2 13 14 177 1012 871
1104 2 2 13 14 178 917 179
1105 2 2 13 14 871 917 178
1106 2 2 13 14 179 873 180
1107 2 2 13 14 179 917 873
1108 2 2 13 14 180 953 181
1109 2 2 13 14 873 953 180
1110 2 2 13 14 181 952 182
1111 2 2 13 14 181 953 952
1112 2 2 13 14 182 869 183
1113 2 2 13 14 182 1008 869
1114 2 2 13 14 952 1008 182
1115 2 2 13 14 183 963 184
1116 2 2 13 14 869 963 183
1117 2 2 13 14 184 868 185
1118 2 2 13 14 184 963 868
1119 2 2 13 14 185 913 186
1120 2 2 13 14 868 913 185
1121 2 2 13 14 186 892 187
1122 2 2 13 14 186 913 892
1123 2 2 13 14 187 923 188
1124 2 2 13 14 892 923 187
1125 2 2 13 14 188 890 189
1126 2 2 13 14 188 923 890
1127 2 2 13 14 189 921 190
1128 2 2 13 14 890 921 189
1129 2 2 13 14 190 888 191
1130 2 2 13 14 190 921 888
1131 2 2 13 14 191 933 192
1132 2 2 13 14 888 933 191
1133 2 2 13 14 192 886 193
1134 2 2 13 14 192 933 886
1135 2 2 13 14 193 928 194
1136 2 2 13 14 886 928 193
1137 2 2 13 14 194 884 195
1138 2 2 13 14 194 928 884
1139 2 2 13 14 195 919 196
1140 2 2 13 14 884 919 195
1141 2 2 13 14 196 882 197
1142 2 2 13 14 196 919 882
1143 2 2 13 14 197 920 198
1144 2 2 13 14 882 920 197
1145 2 2 13 14 198 880 199
1146 2 2 13 14 198 920 880
1147 2 2 13 14 199 935 200
1148 2 2 13 14 880 935 199
1149 2 2 13 14 200 878 201
1150 2 2 13 14 200 935 878
1151 2 2 13 14 201 914 202
1152 2 2 13 14 878 914 201
1153 2 2 13 14 202 894 203
1154 2 2 13 14 202 914 894
1155 2 2 13 14 894 1018 203
1156 2 2 13 14 250 960 249
1157 2 2 13 14 960 1012 249
1158 2 2 13 14 251 950 250
1159 2 2 13 14 950 960 250
1160 2 2 13 14 252 909 251
1161 2 2 13 14 909 950 251
1162 2 2 13 14 253 984 252
1163 2 2 13 14 252 984 909
1164 2 2 13 14 257 985 256
1165 2 2 13 14 258 910 257
1166 2 2 13 14 910 985 257
1167 2 2 13 14 259 949 258
1168 2 2 13 14 258 949 910
1169 2 2 13 14 260 961 259
1170 2 2 13 14 259 961 949
1171 2 2 13 14 260 1013 961
1172 2 2 13 14 261 957 262
1173 2 2 13 14 261 1018 957
1174 2 2 13 14 262 875 263
1175 2 2 13 14 262 957 875
1176 2 2 13 14 875 1020 263
1177 2 2 13 14 264 876 265
1178 2 2 13 14 264 1021 876
1179 2 2 13 14 265 956 266
1180 2 2 13 14 876 956 265
1181 2 2 13 14 956 1019 266
1182 2 2 13 14 268 872 267
1183 2 2 13 14 872 1013 267
1184 2 2 13 14 269 936 268
1185 2 2 13 14 268 936 872
1186 2 2 13 14 270 874 269
1187 2 2 13 14 874 936 269
1188 2 2 13 14 271 968 270
1189 2 2 13 14 270 968 874
1190 2 2 13 14 272 965 271
1191 2 2 13 14 965 968 271
1192 2 2 13 14 273 870 272
1193 2 2 13 14 870 1011 272
1194 2 2 13 14 272 1011 965
1195 2 2 13 14 274 959 273
1196 2 2 13 14 273 959 870
1197 2 2 13 14 275 867 274
1198 2 2 13 14 867 959 274
1199 2 2 13 14 276 911 275
1200 2 2 13 14 275 911 867
1201 2 2 13 14 277 891 276
1202 2 2 13 14 891 911 276
1203 2 2 13 14 278 930 277
1204 2 2 13 14 277 930 891
1205 2 2 13 14 279 889 278
1206 2 2 13 14 889 930 278
1207 2 2 13 14 280 926 279
1208 2 2 13 14 279 926 889
1209 2 2 13 14 281 887 280
1210 2 2 13 14 887 926 280
1211 2 2 13 14 282 932 281
1212 2 2 13 14 281 932 887
1213 2 2 13 14 283 885 282
1214 2 2 13 14 885 932 282
1215 2 2 13 14 284 918 283
1216 2 2 13 14 283 918 885
1217 2 2 13 14 285 883 284
1218 2 2 13 14 883 918 284
1219 2 2 13 14 286 929 285
1220 2 2 13 14 285 929 883
1221 2 2 13 14 287 881 286
1222 2 2 13 14 881 929 286
1223 2 2 13 14 288 925 287
1224 2 2 13 14 287 925 881
1225 2 2 13 14 289 879 288
1226 2 2 13 14 879 925 288
1227 2 2 13 14 290 934 289
1228 2 2 13 14 289 934 879
1229 2 2 13 14 291 877 290
1230 2 2 13 14 877 934 290
1231 2 2 13 14 292 915 291
1232 2 2 13 14 291 915 877
1233 2 2 13 14 293 893 292
1234 2 2 13 14 893 915 292
1235 2 2 13 14 293 1019 893
1236 2 2 13 14 903 904 843
1237 2 2 13 14 904 905 843
1238 2 2 13 14 905 1017 843
1239 2 2 13 14 844 907 906
1240 2 2 13 14 844 908 907
1241 2 2 13 14 844 1023 908
1242 2 2 13 14 845 896 895
1243 2 2 13 14 845 897 896
1244 2 2 13 14 845 969 897
1245 2 2 13 14 898 899 846
1246 2 2 13 14 899 900 846
1247 2 2 13 14 900 964 846
1248 2 2 13 14 847 971 937
1249 2 2 13 14 955 967 847
1250 2 2 13 14 967 971 847
1251 2 2 13 14 946 972 848
1252 2 2 13 14 848 966 954
1253 2 2 13 14 848 972 966
1254 2 2 13 14 938 976 849
1255 2 2 13 14 849 974 946
1256 2 2 13 14 849 976 974
1257 2 2 13 14 937 975 850
1258 2 2 13 14 850 977 940
1259 2 2 13 14 975 977 850
1260 2 2 13 14 851 979 938
1261 2 2 13 14 948 981 851
1262 2 2 13 14 851 981 979
1263 2 2 13 14 940 980 852
1264 2 2 13 14 852 982 942
1265 2 2 13 14 980 982 852
1266 2 2 13 14 945 988 853
1267 2 2 13 14 853 986 948
1268 2 2 13 14 853 988 986
1269 2 2 13 14 942 987 854
1270 2 2 13 14 854 989 944
1271 2 2 13 14 987 989 854
1272 2 2 13 14 855 990 945
1273 2 2 13 14 947 992 855
1274 2 2 13 14 855 992 990
1275 2 2 13 14 856 993 941
1276 2 2 13 14 944 991 856
1277 2 2 13 14 991 993 856
1278 2 2 13 14 939 996 857
1279 2 2 13 14 857 994 947
1280 2 2 13 14 857 996 994
1281 2 2 13 14 941 995 858
1282 2 2 13 14 858 997 943
1283 2 2 13 14 995 997 858
1284 2 2 13 14 927 1000 859
1285 2 2 13 14 859 1005 927
1286 2 2 13 14 859 1000 939
1287 2 2 13 14 860 1001 922
1288 2 2 13 14 922 1004 860
1289 2 2 13 14 943 1001 860
1290 2 2 13 14 861 1002 927
1291 2 2 13 14 927 1005 861
1292 2 2 13 14 931 1002 861
1293 2 2 13 14 861 1006 931
1294 2 2 13 14 922 1003 862
1295 2 2 13 14 862 1004 922
1296 2 2 13 14 862 1003 924
1297 2 2 13 14 924 1007 862
1298 2 2 13 14 863 983 912
1299 2 2 13 14 912 998 863
1300 2 2 13 14 863 998 931
1301 2 2 13 14 931 1006 863
1302 2 2 13 14 924 999 864
1303 2 2 13 14 864 1007 924
1304 2 2 13 14 951 978 864
1305 2 2 13 14 864 999 951
1306 2 2 13 14 902 962 865
1307 2 2 13 14 865 962 950
1308 2 2 13 14 950 1024 865
1309 2 2 13 14 866 958 901
1310 2 2 13 14 949 958 866
1311 2 2 13 14 866 1025 949
1312 2 2 13 14 867 912 905
1313 2 2 13 14 905 959 867
1314 2 2 13 14 911 912 867
1315 2 2 13 14 868 951 913
1316 2 2 13 14 868 1022 951
1317 2 2 13 14 963 1022 868
1318 2 2 13 14 869 1016 963
1319 2 2 13 14 869 1008 970
1320 2 2 13 14 970 1016 869
1321 2 2 13 14 870 959 904
1322 2 2 13 14 904 973 870
1323 2 2 13 14 973 1011 870
1324 2 2 13 14 871 962 917
1325 2 2 13 14 960 962 871
1326 2 2 13 14 871 1012 960
1327 2 2 13 14 936 958 872
1328 2 2 13 14 958 961 872
1329 2 2 13 14 961 1013 872
1330 2 2 13 14 902 916 873
1331 2 2 13 14 873 917 902
1332 2 2 13 14 916 1026 873
1333 2 2 13 14 873 1026 953
1334 2 2 13 14 874 1010 936
1335 2 2 13 14 968 1009 874
1336 2 2 13 14 1009 1010 874
1337 2 2 13 14 875 1014 955
1338 2 2 13 14 955 1020 875
1339 2 2 13 14 957 1014 875
1340 2 2 13 14 954 1015 876
1341 2 2 13 14 876 1021 954
1342 2 2 13 14 876 1015 956
1343 2 2 13 14 915 972 877
1344 2 2 13 14 877 974 934
1345 2 2 13 14 972 974 877
1346 2 2 13 14 878 971 914
1347 2 2 13 14 935 975 878
1348 2 2 13 14 878 975 971
1349 2 2 13 14 879 979 925
1350 2 2 13 14 934 976 879
1351 2 2 13 14 976 979 879
1352 2 2 13 14 920 980 880
1353 2 2 13 14 880 977 935
1354 2 2 13 14 880 980 977
1355 2 2 13 14 925 981 881
1356 2 2 13 14 881 986 929
1357 2 2 13 14 981 986 881
1358 2 2 13 14 919 987 882
1359 2 2 13 14 882 982 920
1360 2 2 13 14 882 987 982
1361 2 2 13 14 883 990 918
1362 2 2 13 14 929 988 883
1363 2 2 13 14 988 990 883
1364 2 2 13 14 884 989 919
1365 2 2 13 14 928 991 884
1366 2 2 13 14 884 991 989
1367 2 2 13 14 918 992 885
1368 2 2 13 14 885 994 932
1369 2 2 13 14 992 994 885
1370 2 2 13 14 886 993 928
1371 2 2 13 14 933 995 886
1372 2 2 13 14 886 995 993
1373 2 2 13 14 887 1000 926
1374 2 2 13 14 932 996 887
1375 2 2 13 14 996 1000 887
1376 2 2 13 14 921 1001 888
1377 2 2 13 14 888 997 933
1378 2 2 13 14 888 1001 997
1379 2 2 13 14 926 927 889
1380 2 2 13 14 927 1002 889
1381 2 2 13 14 889 1002 930
1382 2 2 13 14 890 922 921
1383 2 2 13 14 890 1003 922
1384 2 2 13 14 923 1003 890
1385 2 2 13 14 891 998 911
1386 2 2 13 14 930 931 891
1387 2 2 13 14 931 998 891
1388 2 2 13 14 913 999 892
1389 2 2 13 14 892 924 923
1390 2 2 13 14 892 999 924
1391 2 2 13 14 893 966 915
1392 2 2 13 14 956 1015 893
1393 2 2 13 14 893 1019 956
1394 2 2 13 14 893 1015 966
1395 2 2 13 14 914 967 894
1396 2 2 13 14 894 1014 957
1397 2 2 13 14 957 1018 894
1398 2 2 13 14 967 1014 894
1399 2 2 13 14 896 1026 895
1400 2 2 13 14 895 1026 916
1401 2 2 13 14 897 952 896
1402 2 2 13 14 952 953 896
1403 2 2 13 14 953 1026 896
1404 2 2 13 14 897 1008 952
1405 2 2 13 14 969 970 897
1406 2 2 13 14 970 1008 897
1407 2 2 13 14 898 1009 899
1408 2 2 13 14 898 1010 1009
1409 2 2 13 14 899 965 900
1410 2 2 13 14 899 968 965
1411 2 2 13 14 899 1009 968
1412 2 2 13 14 900 973 964
1413 2 2 13 14 965 1011 900
1414 2 2 13 14 900 1011 973
1415 2 2 13 14 901 958 936
1416 2 2 13 14 936 1010 901
1417 2 2 13 14 917 962 902
1418 2 2 13 14 903 973 904
1419 2 2 13 14 964 973 903
1420 2 2 13 14 904 959 905
1421 2 2 13 14 912 983 905
1422 2 2 13 14 983 1017 905
1423 2 2 13 14 907 1016 906
1424 2 2 13 14 906 970 969
1425 2 2 13 14 906 1016 970
1426 2 2 13 14 908 1022 907
1427 2 2 13 14 963 1016 907
1428 2 2 13 14 907 1022 963
1429 2 2 13 14 908 978 951
1430 2 2 13 14 951 1022 908
1431 2 2 13 14 908 1023 978
1432 2 2 13 14 909 1024 950
1433 2 2 13 14 949 1025 910
1434 2 2 13 14 911 998 912
1435 2 2 13 14 951 999 913
1436 2 2 13 14 914 971 967
1437 2 2 13 14 966 972 915
1438 2 2 13 14 990 992 918
1439 2 2 13 14 919 989 987
1440 2 2 13 14 920 982 980
1441 2 2 13 14 922 1001 921
1442 2 2 13 14 924 1003 923
1443 2 2 13 14 979 981 925
1444 2 2 13 14 926 1000 927
1445 2 2 13 14 928 993 991
1446 2 2 13 14 986 988 929
1447 2 2 13 14 930 1002 931
1448 2 2 13 14 994 996 932
1449 2 2 13 14 933 997 995
1450 2 2 13 14 974 976 934
1451 2 2 13 14 935 977 975
1452 2 2 13 14 971 975 937
1453 2 2 13 14 938 979 976
1454 2 2 13 14 939 1000 996
1455 2 2 13 14 977 980 940
1456 2 2 13 14 993 995 941
1457 2 2 13 14 982 987 942
1458 2 2 13 14 997 1001 943
1459 2 2 13 14 989 991 944
1460 2 2 13 14 945 990 988
1461 2 2 13 14 946 974 972
1462 2 2 13 14 947 994 992
1463 2 2 13 14 948 986 981
1464 2 2 13 14 949 961 958
1465 2 2 13 14 950 962 960
1466 2 2 13 14 966 1015 954
1467 2 2 13 14 955 1014 967
1468 2 2 13 15 77 1054 5
1469 2 2 13 15 5 1028 263
1470 2 2 13 15 5 1054 1028
1471 2 2 13 15 9 1055 72
1472 2 2 13 15 264 1027 9
1473 2 2 13 15 1027 1055 9
1474 2 2 13 15 21 1077 206
1475 2 2 13 15 261 1077 21
1476 2 2 13 15 204 1074 22
1477 2 2 13 15 22 1074 294
1478 2 2 13 15 25 1078 266
1479 2 2 13 15 308 1078 25
1480 2 2 13 15 305 1073 26
1481 2 2 13 15 26 1073 306
1482 2 2 13 15 72 1030 73
1483 2 2 13 15 72 1055 1030
1484 2 2 13 15 73 1056 74
1485 2 2 13 15 1030 1056 73
1486 2 2 13 15 74 1029 75
1487 2 2 13 15 74 1056 1029
1488 2 2 13 15 75 1057 76
1489 2 2 13 15 1029 1057 75
1490 2 2 13 15 76 1031 77
1491 2 2 13 15 76 1057 1031
1492 2 2 13 15 1031 1054 77
1493 2 2 13 15 205 1062 204
1494 2 2 13 15 1062 1074 204
1495 2 2 13 15 206 1037 205
1496 2 2 13 15 1037 1062 205
1497 2 2 13 15 206 1077 1037
1498 2 2 13 15 262 1064 261
1499 2 2 13 15 1064 1077 261
1500 2 2 13 15 263 1059 262
1501 2 2 13 15 1059 1064 262
1502 2 2 13 15 1028 1059 263
1503 2 2 13 15 265 1058 264
1504 2 2 13 15 264 1058 1027
1505 2 2 13 15 266 1063 265
1506 2 2 13 15 265 1063 1058
1507 2 2 13 15 266 1078 1063
1508 2 2 13 15 294 1039 295
1509 2 2 13 15 294 1074 1039
1510 2 2 13 15 295 1040 296
1511 2 2 13 15 1039 1040 295
1512 2 2 13 15 296 1033 297
1513 2 2 13 15 296 1040 1033
1514 2 2 13 15 297 1044 298
1515 2 2 13 15 1033 1044 297
1516 2 2 13 15 298 1034 299
1517 2 2 13 15 298 1044 1034
1518 2 2 13 15 299 1047 300
1519 2 2 13 15 1034 1047 299
1520 2 2 13 15 300 1035 301
1521 2 2 13 15 300 1047 1035
1522 2 2 13 15 301 1060 302
1523 2 2 13 15 1035 1060 301
1524 2 2 13 15 302 1032 303
1525 2 2 13 15 302 1060 1032
1526 2 2 13 15 303 1050 304
1527 2 2 13 15 1032 1050 303
1528 2 2 13 15 304 1038 305
1529 2 2 13 15 304 1050 1038
1530 2 2 13 15 1038 1073 305
1531 2 2 13 15 306 1061 307
1532 2 2 13 15 306 1073 1061
1533 2 2 13 15 307 1036 308
1534 2 2 13 15 307 1061 1036
1535 2 2 13 15 1036 1078 308
1536 2 2 13 15 1027 1070 1055
1537 2 2 13 15 1058 1065 1027
1538 2 2 13 15 1065 1070 1027
1539 2 2 13 15 1054 1069 1028
1540 2 2 13 15 1028 1066 1059
1541 2 2 13 15 1028 1069 1066
1542 2 2 13 15 1056 1076 1029
1543 2 2 13 15 1029 1076 1057
1544 2 2 13 15 1055 1071 1030
1545 2 2 13 15 1030 1075 1056
1546 2 2 13 15 1071 1075 1030
1547 2 2 13 15 1045 1072 1031
1548 2 2 13 15 1031 1079 1045
1549 2 2 13 15 1031 1072 1054
1550 2 2 13 15 1057 1079 1031
1551 2 2 13 15 1032 1052 1050
1552 2 2 13 15 1032 1053 1052
1553 2 2 13 15 1032 1060 1053
1554 2 2 13 15 1040 1042 1033
1555 2 2 13 15 1042 1043 1033
1556 2 2 13 15 1043 1044 1033
1557 2 2 13 15 1044 1045 1034
1558 2 2 13 15 1045 1046 1034
1559 2 2 13 15 1046 1047 1034
1560 2 2 13 15 1047 1048 1035
1561 2 2 13 15 1048 1049 1035
1562 2 2 13 15 1049 1060 1035
1563 2 2 13 15 1061 1080 1036
1564 2 2 13 15 1036 1067 1063
1565 2 2 13 15 1063 1078 1036
1566 2 2 13 15 1036 1080 1067
1567 2 2 13 15 1037 1081 1062
1568 2 2 13 15 1064 1068 1037
1569 2 2 13 15 1037 1077 1064
1570 2 2 13 15 1068 1081 1037
1571 2 2 13 15 1050 1051 1038
1572 2 2 13 15 1051 1080 1038
1573 2 2 13 15 1061 1073 1038
1574 2 2 13 15 1038 1080 1061
1575 2 2 13 15 1039 1041 1040
1576 2 2 13 15 1039 1081 1041
1577 2 2 13 15 1039 1074 1062
1578 2 2 13 15 1062 1081 1039
1579 2 2 13 15 1041 1042 1040
1580 2 2 13 15 1041 1066 1042
1581 2 2 13 15 1041 1068 1066
1582 2 2 13 15 1041 1081 1068
1583 2 2 13 15 1042 1069 1043
1584 2 2 13 15 1066 1069 1042
1585 2 2 13 15 1043 1045 1044
1586 2 2 13 15 1043 1072 1045
1587 2 2 13 15 1069 1072 1043
1588 2 2 13 15 1045 1079 1046
1589 2 2 13 15 1046 1076 1047
1590 2 2 13 15 1046 1079 1076
1591 2 2 13 15 1047 1076 1048
1592 2 2 13 15 1048 1075 1049
1593 2 2 13 15 1056 1075 1048
1594 2 2 13 15 1048 1076 1056
1595 2 2 13 15 1053 1060 1049
1596 2 2 13 15 1049 1071 1053
1597 2 2 13 15 1049 1075 1071
1598 2 2 13 15 1050 1052 1051
1599 2 2 13 15 1052 1065 1051
1600 2 2 13 15 1065 1067 1051
1601 2 2 13 15 1067 1080 1051
1602 2 2 13 15 1053 1070 1052
1603 2 2 13 15 1052 1070 1065
1604 2 2 13 15 1053 1071 1070
1605 2 2 13 15 1054 1072 1069
1606 2 2 13 15 1070 1071 1055
1607 2 2 13 15 1076 1079 1057
1608 2 2 13 15 1063 1067 1058
1609 2 2 13 15 1058 1067 1065
1610 2 2 13 15 1059 1068 1064
1611 2 2 13 15 1066 1068 1059
1612 2 2 13 16 20 207 1433
1613 2 2 13 16 234 20 1433
1614 2 2 13 16 233 22 1434
1615 2 2 13 16 22 294 1434
1616 2 2 13 16 23 245 1432
1617 2 2 13 16 309 23 1432
1618 2 2 13 16 305 26 1435
1619 2 2 13 16 26 335 1435
1620 2 2 13 16 27 336 1389
1621 2 2 13 16 347 27 1462
1622 2 2 13 16 1115 27 1389
1623 2 2 13 16 27 1115 1462
1624 2 2 13 16 207 208 1379
1625 2 2 13 16 207 1379 1433
1626 2 2 13 16 208 209 1101
1627 2 2 13 16 208 1101 1379
1628 2 2 13 16 209 210 1283
1629 2 2 13 16 1101 209 1283
1630 2 2 13 16 210 211 1106
1631 2 2 13 16 210 1106 1283
1632 2 2 13 16 211 212 1422
1633 2 2 13 16 1106 211 1422
1634 2 2 13 16 212 213 1104
1635 2 2 13 16 212 1104 1422
1636 2 2 13 16 213 214 1289
1637 2 2 13 16 1104 213 1289
1638 2 2 13 16 214 215 1097
1639 2 2 13 16 214 1097 1289
1640 2 2 13 16 215 216 1292
1641 2 2 13 16 1097 215 1292
1642 2 2 13 16 216 217 1093
1643 2 2 13 16 216 1093 1292
1644 2 2 13 16 217 218 1302
1645 2 2 13 16 1093 217 1302
1646 2 2 13 16 218 219 1312
1647 2 2 13 16 1302 218 1312
1648 2 2 13 16 219 220 1084
1649 2 2 13 16 219 1084 1312
1650 2 2 13 16 220 221 1329
1651 2 2 13 16 1084 220 1329
1652 2 2 13 16 221 222 1099
1653 2 2 13 16 221 1099 1329
1654 2 2 13 16 222 223 1338
1655 2 2 13 16 1099 222 1338
1656 2 2 13 16 223 224 1087
1657 2 2 13 16 223 1087 1338
1658 2 2 13 16 224 225 1337
1659 2 2 13 16 1087 224 1337
1660 2 2 13 16 225 226 1336
1661 2 2 13 16 225 1336 1337
1662 2 2 13 16 226 227 1083
1663 2 2 13 16 226 1083 1336
1664 2 2 13 16 227 228 1384
1665 2 2 13 16 1083 227 1384
1666 2 2 13 16 228 229 1319
1667 2 2 13 16 228 1319 1384
1668 2 2 13 16 229 230 1090
1669 2 2 13 16 229 1090 1319
1670 2 2 13 16 230 231 1310
1671 2 2 13 16 1090 230 1310
1672 2 2 13 16 231 232 1110
1673 2 2 13 16 231 1110 1310
1674 2 2 13 16 232 233 1380
1675 2 2 13 16 1110 232 1380
1676 2 2 13 16 1380 233 1434
1677 2 2 13 16 235 234 1233
1678 2 2 13 16 1233 234 1433
1679 2 2 13 16 236 235 1405
1680 2 2 13 16 235 1233 1405
1681 2 2 13 16 237 236 1107
1682 2 2 13 16 1107 236 1405
1683 2 2 13 16 238 237 1323
1684 2 2 13 16 237 1107 1323
1685 2 2 13 16 239 238 1182
1686 2 2 13 16 1182 238 1323
1687 2 2 13 16 240 239 1321
1688 2 2 13 16 239 1182 1321
1689 2 2 13 16 241 240 1244
1690 2 2 13 16 1244 240 1321
1691 2 2 13 16 242 241 1371
1692 2 2 13 16 241 1244 1371
1693 2 2 13 16 243 242 1282
1694 2 2 13 16 1282 242 1371
1695 2 2 13 16 244 243 1113
1696 2 2 13 16 1113 243 1282
1697 2 2 13 16 245 244 1461
1698 2 2 13 16 244 1113 1461
1699 2 2 13 16 1432 245 1461
1700 2 2 13 16 294 295 1234
1701 2 2 13 16 294 1234 1434
1702 2 2 13 16 295 296 1352
1703 2 2 13 16 1234 295 1352
1704 2 2 13 16 296 297 1095
1705 2 2 13 16 296 1095 1352
1706 2 2 13 16 297 298 1354
1707 2 2 13 16 1095 297 1354
1708 2 2 13 16 298 299 1385
1709 2 2 13 16 1354 298 1385
1710 2 2 13 16 299 300 1082
1711 2 2 13 16 299 1082 1385
1712 2 2 13 16 300 301 1446
1713 2 2 13 16 1082 300 1446
1714 2 2 13 16 301 302 1393
1715 2 2 13 16 1301 301 1393
1716 2 2 13 16 301 1301 1446
1717 2 2 13 16 302 303 1094
1718 2 2 13 16 302 1094 1393
1719 2 2 13 16 303 304 1426
1720 2 2 13 16 1094 303 1426
1721 2 2 13 16 304 305 1235
1722 2 2 13 16 304 1235 1426
1723 2 2 13 16 1235 305 1435
1724 2 2 13 16 310 309 1399
1725 2 2 13 16 1399 309 1432
1726 2 2 13 16 311 310 1100
1727 2 2 13 16 1100 310 1399
1728 2 2 13 16 312 311 1391
1729 2 2 13 16 311 1100 1391
1730 2 2 13 16 313 312 1105
1731 2 2 13 16 1105 312 1391
1732 2 2 13 16 314 313 1288
1733 2 2 13 16 313 1105 1288
1734 2 2 13 16 315 314 1108
1735 2 2 13 16 1108 314 1288
1736 2 2 13 16 316 315 1298
1737 2 2 13 16 315 1108 1298
1738 2 2 13 16 317 316 1102
1739 2 2 13 16 1102 316 1298
1740 2 2 13 16 318 317 1304
1741 2 2 13 16 317 1102 1304
1742 2 2 13 16 319 318 1092
1743 2 2 13 16 1092 318 1304
1744 2 2 13 16 320 319 1307
1745 2 2 13 16 319 1092 1307
1746 2 2 13 16 321 320 1308
1747 2 2 13 16 320 1307 1308
1748 2 2 13 16 322 321 1088
1749 2 2 13 16 1088 321 1308
1750 2 2 13 16 323 322 1369
1751 2 2 13 16 322 1088 1369
1752 2 2 13 16 324 323 1339
1753 2 2 13 16 1339 323 1369
1754 2 2 13 16 325 324 1085
1755 2 2 13 16 1085 324 1339
1756 2 2 13 16 326 325 1334
1757 2 2 13 16 325 1085 1334
1758 2 2 13 16 327 326 1098
1759 2 2 13 16 1098 326 1334
1760 2 2 13 16 328 327 1375
1761 2 2 13 16 327 1098 1375
1762 2 2 13 16 329 328 1086
1763 2 2 13 16 1086 328 1375
1764 2 2 13 16 330 329 1453
1765 2 2 13 16 329 1086 1453
1766 2 2 13 16 331 330 1370
1767 2 2 13 16 1370 330 1453
1768 2 2 13 16 332 331 1091
1769 2 2 13 16 1091 331 1370
1770 2 2 13 16 333 332 1277
1771 2 2 13 16 332 1091 1277
1772 2 2 13 16 334 333 1109
1773 2 2 13 16 1109 333 1277
1774 2 2 13 16 335 334 1381
1775 2 2 13 16 334 1109 1381
1776 2 2 13 16 335 1381 1435
1777 2 2 13 16 336 337 1096
1778 2 2 13 16 336 1096 1389
1779 2 2 13 16 337 338 1116
1780 2 2 13 16 1096 337 1116
1781 2 2 13 16 338 339 1089
1782 2 2 13 16 338 1089 1464
1783 2 2 13 16 1116 338 1464
1784 2 2 13 16 339 340 1121
1785 2 2 13 16 1089 339 1121
1786 2 2 13 16 340 341 1112
1787 2 2 13 16 340 1112 1386
1788 2 2 13 16 1121 340 1386
1789 2 2 13 16 341 342 1440
1790 2 2 13 16 1112 341 1178
1791 2 2 13 16 1178 341 1440
1792 2 2 13 16 342 343 1111
1793 2 2 13 16 342 1111 1440
1794 2 2 13 16 343 344 1184
1795 2 2 13 16 1111 343 1459
1796 2 2 13 16 343 1184 1459
1797 2 2 13 16 344 345 1388
1798 2 2 13 16 1184 344 1388
1799 2 2 13 16 345 346 1180
1800 2 2 13 16 345 1180 1243
1801 2 2 13 16 345 1243 1388
1802 2 2 13 16 346 347 1103
1803 2 2 13 16 346 1103 1458
1804 2 2 13 16 1180 346 1458
1805 2 2 13 16 1103 347 1114
1806 2 2 13 16 1114 347 1462
1807 2 2 13 16 1082 1297 1385
1808 2 2 13 16 1297 1082 1412
1809 2 2 13 16 1412 1082 1446
1810 2 2 13 16 1336 1083 1447
1811 2 2 13 16 1083 1384 1414
1812 2 2 13 16 1083 1414 1447
1813 2 2 13 16 1312 1084 1313
1814 2 2 13 16 1313 1084 1314
1815 2 2 13 16 1314 1084 1329
1816 2 2 13 16 1334 1085 1335
1817 2 2 13 16 1335 1085 1362
1818 2 2 13 16 1085 1339 1362
1819 2 2 13 16 1268 1086 1411
1820 2 2 13 16 1086 1268 1453
1821 2 2 13 16 1271 1086 1375
1822 2 2 13 16 1086 1271 1411
1823 2 2 13 16 1087 1337 1395
1824 2 2 13 16 1338 1087 1436
1825 2 2 13 16 1087 1395 1436
1826 2 2 13 16 1088 1308 1309
1827 2 2 13 16 1088 1309 1428
1828 2 2 13 16 1369 1088 1428
1829 2 2 13 16 1117 1089 1457
1830 2 2 13 16 1089 1117 1464
1831 2 2 13 16 1089 1121 1122
1832 2 2 13 16 1089 1122 1457
1833 2 2 13 16 1090 1310 1311
1834 2 2 13 16 1090 1311 1463
1835 2 2 13 16 1319 1090 1463
1836 2 2 13 16 1277 1091 1278
1837 2 2 13 16 1278 1091 1404
1838 2 2 13 16 1091 1370 1404
1839 2 2 13 16 1092 1304 1305
1840 2 2 13 16 1092 1305 1306
1841 2 2 13 16 1092 1306 1307
1842 2 2 13 16 1292 1093 1293
1843 2 2 13 16 1293 1093 1294
1844 2 2 13 16 1294 1093 1302
1845 2 2 13 16 1094 1279 1394
1846 2 2 13 16 1279 1094 1426
1847 2 2 13 16 1393 1094 1394
1848 2 2 13 16 1352 1095 1403
1849 2 2 13 16 1095 1354 1439
1850 2 2 13 16 1403 1095 1439
1851 2 2 13 16 1096 1116 1118
1852 2 2 13 16 1096 1118 1119
1853 2 2 13 16 1096 1119 1239
1854 2 2 13 16 1096 1239 1389
1855 2 2 13 16 1289 1097 1290
1856 2 2 13 16 1290 1097 1291
1857 2 2 13 16 1291 1097 1292
1858 2 2 13 16 1098 1334 1429
1859 2 2 13 16 1375 1098 1449
1860 2 2 13 16 1098 1429 1449
1861 2 2 13 16 1329 1099 1346
1862 2 2 13 16 1099 1338 1421
1863 2 2 13 16 1346 1099 1421
1864 2 2 13 16 1100 1267 1391
1865 2 2 13 16 1267 1100 1417
1866 2 2 13 16 1100 1399 1417
1867 2 2 13 16 1101 1283 1284
1868 2 2 13 16 1101 1284 1285
1869 2 2 13 16 1101 1285 1379
1870 2 2 13 16 1102 1298 1299
1871 2 2 13 16 1102 1299 1377
1872 2 2 13 16 1304 1102 1377
1873 2 2 13 16 1103 1114 1181
1874 2 2 13 16 1103 1181 1455
1875 2 2 13 16 1103 1455 1458
1876 2 2 13 16 1275 1104 1406
1877 2 2 13 16 1104 1275 1422
1878 2 2 13 16 1104 1289 1295
1879 2 2 13 16 1104 1295 1406
1880 2 2 13 16 1288 1105 1430
1881 2 2 13 16 1105 1391 1445
1882 2 2 13 16 1430 1105 1445
1883 2 2 13 16 1273 1106 1275
1884 2 2 13 16 1106 1273 1407
1885 2 2 13 16 1275 1106 1422
1886 2 2 13 16 1283 1106 1407
1887 2 2 13 16 1287 1107 1405
1888 2 2 13 16 1107 1287 1425
1889 2 2 13 16 1323 1107 1325
1890 2 2 13 16 1325 1107 1425
1891 2 2 13 16 1108 1288 1396
1892 2 2 13 16 1298 1108 1387
1893 2 2 13 16 1387 1108 1396
1894 2 2 13 16 1109 1258 1276
1895 2 2 13 16 1258 1109 1277
1896 2 2 13 16 1109 1276 1381
1897 2 2 13 16 1310 1110 1448
1898 2 2 13 16 1110 1353 1378
1899 2 2 13 16 1353 1110 1380
1900 2 2 13 16 1110 1378 1448
1901 2 2 13 16 1111 1201 1418
1902 2 2 13 16 1201 1111 1459
1903 2 2 13 16 1111 1418 1450
1904 2 2 13 16 1440 1111 1450
1905 2 2 13 16 1112 1178 1202
1906 2 2 13 16 1112 1202 1431
1907 2 2 13 16 1386 1112 1431
1908 2 2 13 16 1113 1253 1280
1909 2 2 13 16 1253 1113 1282
1910 2 2 13 16 1113 1280 1281
1911 2 2 13 16 1113 1281 1461
1912 2 2 13 16 1181 1114 1219
1913 2 2 13 16 1219 1114 1460
1914 2 2 13 16 1460 1114 1462
1915 2 2 13 16 1252 1115 1443
1916 2 2 13 16 1115 1252 1460
1917 2 2 13 16 1115 1389 1443
1918 2 2 13 16 1115 1460 1462
1919 2 2 13 16 1116 1117 1398
1920 2 2 13 16 1117 1116 1464
1921 2 2 13 16 1118 1116 1398
1922 2 2 13 16 1340 1117 1341
1923 2 2 13 16 1117 1340 1398
1924 2 2 13 16 1341 1117 1342
1925 2 2 13 16 1342 1117 1457
1926 2 2 13 16 1119 1118 1120
1927 2 2 13 16 1120 1118 1188
1928 2 2 13 16 1188 1118 1398
1929 2 2 13 16 1119 1120 1382
1930 2 2 13 16 1239 1119 1240
1931 2 2 13 16 1240 1119 1382
1932 2 2 13 16 1120 1188 1189
1933 2 2 13 16 1120 1189 1230
1934 2 2 13 16 1120 1230 1382
1935 2 2 13 16 1122 1121 1123
1936 2 2 13 16 1123 1121 1386
1937 2 2 13 16 1122 1123 1124
1938 2 2 13 16 1122 1124 1424
1939 2 2 13 16 1122 1424 1457
1940 2 2 13 16 1124 1123 1125
1941 2 2 13 16 1125 1123 1185
1942 2 2 13 16 1185 1123 1386
1943 2 2 13 16 1124 1125 1126
1944 2 2 13 16 1124 1126 1127
1945 2 2 13 16 1124 1127 1424
1946 2 2 13 16 1126 1125 1210
1947 2 2 13 16 1125 1185 1392
1948 2 2 13 16 1210 1125 1392
1949 2 2 13 16 1127 1126 1128
1950 2 2 13 16 1128 1126 1358
1951 2 2 13 16 1126 1210 1358
1952 2 2 13 16 1127 1128 1129
1953 2 2 13 16 1127 1129 1328
1954 2 2 13 16 1127 1328 1424
1955 2 2 13 16 1129 1128 1130
1956 2 2 13 16 1130 1128 1172
1957 2 2 13 16 1172 1128 1358
1958 2 2 13 16 1129 1130 1131
1959 2 2 13 16 1129 1131 1167
1960 2 2 13 16 1129 1167 1328
1961 2 2 13 16 1131 1130 1132
1962 2 2 13 16 1132 1130 1427
1963 2 2 13 16 1130 1172 1427
1964 2 2 13 16 1131 1132 1133
1965 2 2 13 16 1131 1133 1332
1966 2 2 13 16 1167 1131 1332
1967 2 2 13 16 1133 1132 1134
1968 2 2 13 16 1134 1132 1442
1969 2 2 13 16 1318 1132 1427
1970 2 2 13 16 1132 1318 1442
1971 2 2 13 16 1133 1134 1135
1972 2 2 13 16 1133 1135 1145
1973 2 2 13 16 1133 1145 1332
1974 2 2 13 16 1135 1134 1136
1975 2 2 13 16 1136 1134 1168
1976 2 2 13 16 1168 1134 1442
1977 2 2 13 16 1135 1136 1137
1978 2 2 13 16 1135 1137 1345
1979 2 2 13 16 1145 1135 1345
1980 2 2 13 16 1137 1136 1138
1981 2 2 13 16 1138 1136 1349
1982 2 2 13 16 1136 1168 1349
1983 2 2 13 16 1137 1138 1139
1984 2 2 13 16 1137 1139 1402
1985 2 2 13 16 1345 1137 1402
1986 2 2 13 16 1139 1138 1140
1987 2 2 13 16 1140 1138 1160
1988 2 2 13 16 1160 1138 1349
1989 2 2 13 16 1139 1140 1141
1990 2 2 13 16 1139 1141 1155
1991 2 2 13 16 1139 1155 1402
1992 2 2 13 16 1141 1140 1142
1993 2 2 13 16 1142 1140 1343
1994 2 2 13 16 1140 1160 1343
1995 2 2 13 16 1141 1142 1143
1996 2 2 13 16 1141 1143 1397
1997 2 2 13 16 1155 1141 1397
1998 2 2 13 16 1143 1142 1144
1999 2 2 13 16 1144 1142 1158
2000 2 2 13 16 1158 1142 1343
2001 2 2 13 16 1143 1144 1146
2002 2 2 13 16 1143 1146 1159
2003 2 2 13 16 1143 1159 1397
2004 2 2 13 16 1146 1144 1147
2005 2 2 13 16 1147 1144 1361
2006 2 2 13 16 1144 1158 1361
2007 2 2 13 16 1332 1145 1465
2008 2 2 13 16 1344 1145 1345
2009 2 2 13 16 1145 1344 1465
2010 2 2 13 16 1146 1147 1148
2011 2 2 13 16 1146 1148 1350
2012 2 2 13 16 1159 1146 1350
2013 2 2 13 16 1148 1147 1149
2014 2 2 13 16 1149 1147 1359
2015 2 2 13 16 1359 1147 1361
2016 2 2 13 16 1148 1149 1150
2017 2 2 13 16 1148 1150 1165
2018 2 2 13 16 1148 1165 1350
2019 2 2 13 16 1150 1149 1151
2020 2 2 13 16 1151 1149 1152
2021 2 2 13 16 1152 1149 1359
2022 2 2 13 16 1150 1151 1322
2023 2 2 13 16 1165 1150 1166
2024 2 2 13 16 1166 1150 1322
2025 2 2 13 16 1151 1152 1153
2026 2 2 13 16 1151 1153 1154
2027 2 2 13 16 1151 1154 1322
2028 2 2 13 16 1153 1152 1156
2029 2 2 13 16 1156 1152 1355
2030 2 2 13 16 1355 1152 1359
2031 2 2 13 16 1154 1153 1326
2032 2 2 13 16 1153 1156 1157
2033 2 2 13 16 1153 1157 1326
2034 2 2 13 16 1322 1154 1356
2035 2 2 13 16 1154 1326 1360
2036 2 2 13 16 1356 1154 1360
2037 2 2 13 16 1155 1272 1330
2038 2 2 13 16 1272 1155 1397
2039 2 2 13 16 1155 1330 1331
2040 2 2 13 16 1155 1331 1402
2041 2 2 13 16 1157 1156 1161
2042 2 2 13 16 1161 1156 1164
2043 2 2 13 16 1164 1156 1355
2044 2 2 13 16 1157 1161 1162
2045 2 2 13 16 1157 1162 1163
2046 2 2 13 16 1157 1163 1326
2047 2 2 13 16 1158 1343 1367
2048 2 2 13 16 1361 1158 1363
2049 2 2 13 16 1363 1158 1367
2050 2 2 13 16 1159 1272 1397
2051 2 2 13 16 1272 1159 1454
2052 2 2 13 16 1159 1350 1390
2053 2 2 13 16 1159 1390 1454
2054 2 2 13 16 1343 1160 1365
2055 2 2 13 16 1160 1349 1364
2056 2 2 13 16 1160 1364 1365
2057 2 2 13 16 1162 1161 1320
2058 2 2 13 16 1161 1164 1171
2059 2 2 13 16 1161 1171 1320
2060 2 2 13 16 1163 1162 1169
2061 2 2 13 16 1169 1162 1170
2062 2 2 13 16 1170 1162 1320
2063 2 2 13 16 1163 1169 1173
2064 2 2 13 16 1163 1173 1203
2065 2 2 13 16 1163 1203 1326
2066 2 2 13 16 1171 1164 1174
2067 2 2 13 16 1174 1164 1177
2068 2 2 13 16 1177 1164 1355
2069 2 2 13 16 1165 1166 1175
2070 2 2 13 16 1165 1175 1212
2071 2 2 13 16 1165 1212 1350
2072 2 2 13 16 1175 1166 1176
2073 2 2 13 16 1176 1166 1208
2074 2 2 13 16 1208 1166 1322
2075 2 2 13 16 1328 1167 1419
2076 2 2 13 16 1167 1332 1333
2077 2 2 13 16 1167 1333 1419
2078 2 2 13 16 1349 1168 1368
2079 2 2 13 16 1368 1168 1400
2080 2 2 13 16 1400 1168 1442
2081 2 2 13 16 1169 1170 1186
2082 2 2 13 16 1173 1169 1296
2083 2 2 13 16 1169 1186 1296
2084 2 2 13 16 1186 1170 1187
2085 2 2 13 16 1187 1170 1357
2086 2 2 13 16 1170 1320 1357
2087 2 2 13 16 1171 1174 1183
2088 2 2 13 16 1171 1183 1211
2089 2 2 13 16 1171 1211 1320
2090 2 2 13 16 1317 1172 1409
2091 2 2 13 16 1172 1317 1427
2092 2 2 13 16 1172 1358 1409
2093 2 2 13 16 1203 1173 1204
2094 2 2 13 16 1204 1173 1250
2095 2 2 13 16 1250 1173 1296
2096 2 2 13 16 1174 1177 1179
2097 2 2 13 16 1174 1179 1351
2098 2 2 13 16 1183 1174 1351
2099 2 2 13 16 1175 1176 1348
2100 2 2 13 16 1212 1175 1213
2101 2 2 13 16 1213 1175 1348
2102 2 2 13 16 1176 1208 1209
2103 2 2 13 16 1176 1209 1245
2104 2 2 13 16 1176 1245 1348
2105 2 2 13 16 1179 1177 1215
2106 2 2 13 16 1215 1177 1238
2107 2 2 13 16 1238 1177 1355
2108 2 2 13 16 1202 1178 1232
2109 2 2 13 16 1232 1178 1263
2110 2 2 13 16 1263 1178 1440
2111 2 2 13 16 1179 1215 1216
2112 2 2 13 16 1179 1216 1347
2113 2 2 13 16 1179 1347 1351
2114 2 2 13 16 1180 1217 1408
2115 2 2 13 16 1217 1180 1458
2116 2 2 13 16 1243 1180 1423
2117 2 2 13 16 1180 1408 1423
2118 2 2 13 16 1181 1219 1249
2119 2 2 13 16 1181 1249 1253
2120 2 2 13 16 1181 1253 1455
2121 2 2 13 16 1321 1182 1410
2122 2 2 13 16 1182 1323 1324
2123 2 2 13 16 1182 1324 1410
2124 2 2 13 16 1211 1183 1264
2125 2 2 13 16 1264 1183 1265
2126 2 2 13 16 1265 1183 1351
2127 2 2 13 16 1324 1184 1388
2128 2 2 13 16 1184 1324 1456
2129 2 2 13 16 1184 1456 1459
2130 2 2 13 16 1185 1386 1431
2131 2 2 13 16 1392 1185 1401
2132 2 2 13 16 1401 1185 1431
2133 2 2 13 16 1186 1187 1259
2134 2 2 13 16 1186 1259 1260
2135 2 2 13 16 1186 1260 1296
2136 2 2 13 16 1259 1187 1261
2137 2 2 13 16 1261 1187 1262
2138 2 2 13 16 1262 1187 1357
2139 2 2 13 16 1189 1188 1190
2140 2 2 13 16 1190 1188 1340
2141 2 2 13 16 1340 1188 1398
2142 2 2 13 16 1189 1190 1191
2143 2 2 13 16 1189 1191 1376
2144 2 2 13 16 1230 1189 1376
2145 2 2 13 16 1191 1190 1192
2146 2 2 13 16 1192 1190 1231
2147 2 2 13 16 1231 1190 1340
2148 2 2 13 16 1191 1192 1193
2149 2 2 13 16 1191 1193 1374
2150 2 2 13 16 1191 1374 1376
2151 2 2 13 16 1193 1192 1194
2152 2 2 13 16 1194 1192 1413
2153 2 2 13 16 1192 1231 1413
2154 2 2 13 16 1193 1194 1195
2155 2 2 13 16 1193 1195 1196
2156 2 2 13 16 1193 1196 1374
2157 2 2 13 16 1195 1194 1197
2158 2 2 13 16 1197 1194 1266
2159 2 2 13 16 1266 1194 1413
2160 2 2 13 16 1196 1195 1372
2161 2 2 13 16 1195 1197 1198
2162 2 2 13 16 1195 1198 1372
2163 2 2 13 16 1309 1196 1372
2164 2 2 13 16 1196 1309 1373
2165 2 2 13 16 1196 1373 1374
2166 2 2 13 16 1198 1197 1199
2167 2 2 13 16 1199 1197 1344
2168 2 2 13 16 1197 1266 1344
2169 2 2 13 16 1198 1199 1200
2170 2 2 13 16 1198 1200 1222
2171 2 2 13 16 1198 1222 1372
2172 2 2 13 16 1200 1199 1416
2173 2 2 13 16 1199 1344 1415
2174 2 2 13 16 1199 1415 1416
2175 2 2 13 16 1222 1200 1223
2176 2 2 13 16 1223 1200 1224
2177 2 2 13 16 1224 1200 1416
2178 2 2 13 16 1201 1286 1418
2179 2 2 13 16 1286 1201 1425
2180 2 2 13 16 1201 1325 1425
2181 2 2 13 16 1325 1201 1456
2182 2 2 13 16 1456 1201 1459
2183 2 2 13 16 1202 1232 1406
2184 2 2 13 16 1202 1295 1401
2185 2 2 13 16 1295 1202 1406
2186 2 2 13 16 1202 1401 1431
2187 2 2 13 16 1203 1204 1205
2188 2 2 13 16 1203 1205 1360
2189 2 2 13 16 1326 1203 1360
2190 2 2 13 16 1205 1204 1206
2191 2 2 13 16 1206 1204 1300
2192 2 2 13 16 1204 1250 1300
2193 2 2 13 16 1205 1206 1207
2194 2 2 13 16 1205 1207 1237
2195 2 2 13 16 1205 1237 1360
2196 2 2 13 16 1207 1206 1227
2197 2 2 13 16 1227 1206 1242
2198 2 2 13 16 1242 1206 1300
2199 2 2 13 16 1207 1227 1228
2200 2 2 13 16 1207 1228 1366
2201 2 2 13 16 1237 1207 1366
2202 2 2 13 16 1209 1208 1327
2203 2 2 13 16 1208 1322 1356
2204 2 2 13 16 1327 1208 1356
2205 2 2 13 16 1245 1209 1247
2206 2 2 13 16 1247 1209 1248
2207 2 2 13 16 1248 1209 1327
2208 2 2 13 16 1210 1291 1293
2209 2 2 13 16 1291 1210 1392
2210 2 2 13 16 1210 1293 1444
2211 2 2 13 16 1358 1210 1444
2212 2 2 13 16 1211 1264 1420
2213 2 2 13 16 1320 1211 1357
2214 2 2 13 16 1357 1211 1420
2215 2 2 13 16 1212 1213 1214
2216 2 2 13 16 1212 1214 1390
2217 2 2 13 16 1350 1212 1390
2218 2 2 13 16 1214 1213 1270
2219 2 2 13 16 1270 1213 1271
2220 2 2 13 16 1271 1213 1348
2221 2 2 13 16 1214 1270 1383
2222 2 2 13 16 1214 1383 1452
2223 2 2 13 16 1390 1214 1452
2224 2 2 13 16 1216 1215 1218
2225 2 2 13 16 1218 1215 1363
2226 2 2 13 16 1215 1238 1363
2227 2 2 13 16 1216 1218 1220
2228 2 2 13 16 1216 1220 1236
2229 2 2 13 16 1216 1236 1347
2230 2 2 13 16 1408 1217 1437
2231 2 2 13 16 1437 1217 1455
2232 2 2 13 16 1455 1217 1458
2233 2 2 13 16 1220 1218 1221
2234 2 2 13 16 1221 1218 1367
2235 2 2 13 16 1218 1363 1367
2236 2 2 13 16 1249 1219 1267
2237 2 2 13 16 1219 1252 1445
2238 2 2 13 16 1252 1219 1460
2239 2 2 13 16 1267 1219 1445
2240 2 2 13 16 1220 1221 1254
2241 2 2 13 16 1236 1220 1395
2242 2 2 13 16 1220 1254 1395
2243 2 2 13 16 1254 1221 1255
2244 2 2 13 16 1255 1221 1365
2245 2 2 13 16 1365 1221 1367
2246 2 2 13 16 1222 1223 1251
2247 2 2 13 16 1222 1251 1428
2248 2 2 13 16 1372 1222 1428
2249 2 2 13 16 1223 1224 1225
2250 2 2 13 16 1223 1225 1438
2251 2 2 13 16 1251 1223 1438
2252 2 2 13 16 1225 1224 1226
2253 2 2 13 16 1226 1224 1330
2254 2 2 13 16 1330 1224 1416
2255 2 2 13 16 1225 1226 1246
2256 2 2 13 16 1225 1246 1335
2257 2 2 13 16 1225 1335 1362
2258 2 2 13 16 1225 1362 1438
2259 2 2 13 16 1246 1226 1269
2260 2 2 13 16 1269 1226 1272
2261 2 2 13 16 1272 1226 1330
2262 2 2 13 16 1228 1227 1229
2263 2 2 13 16 1229 1227 1394
2264 2 2 13 16 1227 1242 1394
2265 2 2 13 16 1228 1229 1258
2266 2 2 13 16 1228 1258 1451
2267 2 2 13 16 1366 1228 1451
2268 2 2 13 16 1258 1229 1276
2269 2 2 13 16 1276 1229 1279
2270 2 2 13 16 1279 1229 1394
2271 2 2 13 16 1305 1230 1376
2272 2 2 13 16 1230 1305 1377
2273 2 2 13 16 1230 1377 1382
2274 2 2 13 16 1231 1333 1413
2275 2 2 13 16 1333 1231 1419
2276 2 2 13 16 1231 1340 1341
2277 2 2 13 16 1231 1341 1419
2278 2 2 13 16 1232 1263 1273
2279 2 2 13 16 1232 1273 1275
2280 2 2 13 16 1232 1275 1406
2281 2 2 13 16 1233 1285 1287
2282 2 2 13 16 1285 1233 1379
2283 2 2 13 16 1233 1287 1405
2284 2 2 13 16 1379 1233 1433
2285 2 2 13 16 1234 1352 1353
2286 2 2 13 16 1234 1353 1380
2287 2 2 13 16 1234 1380 1434
2288 2 2 13 16 1235 1276 1279
2289 2 2 13 16 1276 1235 1381
2290 2 2 13 16 1235 1279 1426
2291 2 2 13 16 1381 1235 1435
2292 2 2 13 16 1336 1236 1337
2293 2 2 13 16 1236 1336 1447
2294 2 2 13 16 1337 1236 1395
2295 2 2 13 16 1347 1236 1447
2296 2 2 13 16 1237 1327 1356
2297 2 2 13 16 1327 1237 1366
2298 2 2 13 16 1237 1356 1360
2299 2 2 13 16 1238 1355 1359
2300 2 2 13 16 1238 1359 1361
2301 2 2 13 16 1238 1361 1363
2302 2 2 13 16 1239 1240 1241
2303 2 2 13 16 1239 1241 1443
2304 2 2 13 16 1389 1239 1443
2305 2 2 13 16 1241 1240 1387
2306 2 2 13 16 1299 1240 1382
2307 2 2 13 16 1240 1299 1387
2308 2 2 13 16 1241 1387 1396
2309 2 2 13 16 1241 1396 1441
2310 2 2 13 16 1241 1441 1443
2311 2 2 13 16 1242 1300 1301
2312 2 2 13 16 1242 1301 1393
2313 2 2 13 16 1242 1393 1394
2314 2 2 13 16 1388 1243 1410
2315 2 2 13 16 1410 1243 1423
2316 2 2 13 16 1244 1321 1423
2317 2 2 13 16 1371 1244 1408
2318 2 2 13 16 1408 1244 1423
2319 2 2 13 16 1245 1247 1268
2320 2 2 13 16 1245 1268 1411
2321 2 2 13 16 1348 1245 1411
2322 2 2 13 16 1246 1269 1452
2323 2 2 13 16 1335 1246 1383
2324 2 2 13 16 1383 1246 1452
2325 2 2 13 16 1247 1248 1404
2326 2 2 13 16 1268 1247 1370
2327 2 2 13 16 1370 1247 1404
2328 2 2 13 16 1248 1278 1404
2329 2 2 13 16 1278 1248 1451
2330 2 2 13 16 1248 1327 1366
2331 2 2 13 16 1248 1366 1451
2332 2 2 13 16 1253 1249 1280
2333 2 2 13 16 1249 1267 1417
2334 2 2 13 16 1280 1249 1417
2335 2 2 13 16 1250 1296 1297
2336 2 2 13 16 1250 1297 1412
2337 2 2 13 16 1300 1250 1412
2338 2 2 13 16 1251 1339 1369
2339 2 2 13 16 1339 1251 1438
2340 2 2 13 16 1251 1369 1428
2341 2 2 13 16 1430 1252 1441
2342 2 2 13 16 1252 1430 1445
2343 2 2 13 16 1441 1252 1443
2344 2 2 13 16 1253 1282 1437
2345 2 2 13 16 1253 1437 1455
2346 2 2 13 16 1254 1255 1256
2347 2 2 13 16 1254 1256 1436
2348 2 2 13 16 1395 1254 1436
2349 2 2 13 16 1256 1255 1257
2350 2 2 13 16 1257 1255 1364
2351 2 2 13 16 1364 1255 1365
2352 2 2 13 16 1256 1257 1421
2353 2 2 13 16 1338 1256 1421
2354 2 2 13 16 1256 1338 1436
2355 2 2 13 16 1257 1316 1346
2356 2 2 13 16 1316 1257 1368
2357 2 2 13 16 1257 1346 1421
2358 2 2 13 16 1257 1364 1368
2359 2 2 13 16 1258 1277 1278
2360 2 2 13 16 1258 1278 1451
2361 2 2 13 16 1260 1259 1439
2362 2 2 13 16 1259 1261 1403
2363 2 2 13 16 1259 1403 1439
2364 2 2 13 16 1296 1260 1297
2365 2 2 13 16 1297 1260 1385
2366 2 2 13 16 1260 1354 1385
2367 2 2 13 16 1354 1260 1439
2368 2 2 13 16 1261 1262 1378
2369 2 2 13 16 1353 1261 1378
2370 2 2 13 16 1261 1353 1403
2371 2 2 13 16 1311 1262 1420
2372 2 2 13 16 1262 1311 1448
2373 2 2 13 16 1262 1357 1420
2374 2 2 13 16 1378 1262 1448
2375 2 2 13 16 1273 1263 1274
2376 2 2 13 16 1274 1263 1450
2377 2 2 13 16 1263 1440 1450
2378 2 2 13 16 1264 1265 1319
2379 2 2 13 16 1264 1319 1463
2380 2 2 13 16 1420 1264 1463
2381 2 2 13 16 1319 1265 1384
2382 2 2 13 16 1265 1351 1414
2383 2 2 13 16 1384 1265 1414
2384 2 2 13 16 1333 1266 1413
2385 2 2 13 16 1266 1333 1465
2386 2 2 13 16 1344 1266 1465
2387 2 2 13 16 1391 1267 1445
2388 2 2 13 16 1268 1370 1453
2389 2 2 13 16 1269 1272 1454
2390 2 2 13 16 1269 1390 1452
2391 2 2 13 16 1390 1269 1454
2392 2 2 13 16 1270 1271 1449
2393 2 2 13 16 1383 1270 1429
2394 2 2 13 16 1429 1270 1449
2395 2 2 13 16 1271 1348 1411
2396 2 2 13 16 1271 1375 1449
2397 2 2 13 16 1273 1274 1407
2398 2 2 13 16 1274 1284 1407
2399 2 2 13 16 1284 1274 1418
2400 2 2 13 16 1418 1274 1450
2401 2 2 13 16 1281 1280 1417
2402 2 2 13 16 1399 1281 1417
2403 2 2 13 16 1281 1399 1432
2404 2 2 13 16 1281 1432 1461
2405 2 2 13 16 1282 1371 1437
2406 2 2 13 16 1284 1283 1407
2407 2 2 13 16 1285 1284 1286
2408 2 2 13 16 1286 1284 1418
2409 2 2 13 16 1285 1286 1287
2410 2 2 13 16 1287 1286 1425
2411 2 2 13 16 1396 1288 1430
2412 2 2 13 16 1289 1290 1295
2413 2 2 13 16 1290 1291 1392
2414 2 2 13 16 1295 1290 1401
2415 2 2 13 16 1290 1392 1401
2416 2 2 13 16 1291 1292 1293
2417 2 2 13 16 1293 1294 1444
2418 2 2 13 16 1294 1302 1303
2419 2 2 13 16 1294 1303 1409
2420 2 2 13 16 1294 1409 1444
2421 2 2 13 16 1299 1298 1387
2422 2 2 13 16 1377 1299 1382
2423 2 2 13 16 1301 1300 1412
2424 2 2 13 16 1301 1412 1446
2425 2 2 13 16 1303 1302 1312
2426 2 2 13 16 1303 1312 1313
2427 2 2 13 16 1303 1313 1317
2428 2 2 13 16 1303 1317 1409
2429 2 2 13 16 1305 1304 1377
2430 2 2 13 16 1306 1305 1376
2431 2 2 13 16 1307 1306 1373
2432 2 2 13 16 1373 1306 1374
2433 2 2 13 16 1374 1306 1376
2434 2 2 13 16 1308 1307 1373
2435 2 2 13 16 1309 1308 1373
2436 2 2 13 16 1309 1372 1428
2437 2 2 13 16 1311 1310 1448
2438 2 2 13 16 1311 1420 1463
2439 2 2 13 16 1313 1314 1315
2440 2 2 13 16 1313 1315 1317
2441 2 2 13 16 1315 1314 1316
2442 2 2 13 16 1316 1314 1346
2443 2 2 13 16 1314 1329 1346
2444 2 2 13 16 1315 1316 1400
2445 2 2 13 16 1317 1315 1318
2446 2 2 13 16 1318 1315 1400
2447 2 2 13 16 1316 1368 1400
2448 2 2 13 16 1317 1318 1427
2449 2 2 13 16 1318 1400 1442
2450 2 2 13 16 1321 1410 1423
2451 2 2 13 16 1324 1323 1325
2452 2 2 13 16 1324 1325 1456
2453 2 2 13 16 1324 1388 1410
2454 2 2 13 16 1328 1341 1342
2455 2 2 13 16 1341 1328 1419
2456 2 2 13 16 1328 1342 1424
2457 2 2 13 16 1331 1330 1416
2458 2 2 13 16 1402 1331 1415
2459 2 2 13 16 1415 1331 1416
2460 2 2 13 16 1333 1332 1465
2461 2 2 13 16 1334 1335 1429
2462 2 2 13 16 1335 1383 1429
2463 2 2 13 16 1362 1339 1438
2464 2 2 13 16 1424 1342 1457
2465 2 2 13 16 1343 1365 1367
2466 2 2 13 16 1344 1345 1415
2467 2 2 13 16 1345 1402 1415
2468 2 2 13 16 1351 1347 1414
2469 2 2 13 16 1414 1347 1447
2470 2 2 13 16 1364 1349 1368
2471 2 2 13 16 1353 1352 1403
2472 2 2 13 16 1409 1358 1444
2473 2 2 13 16 1371 1408 1437
2474 2 2 13 16 1396 1430 1441
2475 2 2 13 17 23 1550 246
2476 2 2 13 17 309 1550 23
2477 2 2 13 17 248 1547 24
2478 2 2 13 17 24 1547 267
2479 2 2 13 17 293 1549 25
2480 2 2 13 17 25 1549 308
2481 2 2 13 17 306 1548 26
2482 2 2 13 17 26 1548 335
2483 2 2 13 17 246 1541 247
2484 2 2 13 17 246 1550 1541
2485 2 2 13 17 247 1488 248
2486 2 2 13 17 247 1541 1488
2487 2 2 13 17 1488 1547 248
2488 2 2 13 17 267 1539 268
2489 2 2 13 17 267 1547 1539
2490 2 2 13 17 268 1471 269
2491 2 2 13 17 268 1539 1471
2492 2 2 13 17 269 1499 270
2493 2 2 13 17 1471 1499 269
2494 2 2 13 17 270 1533 271
2495 2 2 13 17 1499 1533 270
2496 2 2 13 17 271 1480 272
2497 2 2 13 17 271 1533 1480
2498 2 2 13 17 272 1508 273
2499 2 2 13 17 1480 1508 272
2500 2 2 13 17 273 1474 274
2501 2 2 13 17 273 1508 1474
2502 2 2 13 17 274 1510 275
2503 2 2 13 17 1474 1510 274
2504 2 2 13 17 275 1481 276
2505 2 2 13 17 275 1510 1481
2506 2 2 13 17 276 1536 277
2507 2 2 13 17 1481 1536 276
2508 2 2 13 17 277 1535 278
2509 2 2 13 17 277 1536 1535
2510 2 2 13 17 278 1477 279
2511 2 2 13 17 278 1535 1477
2512 2 2 13 17 279 1521 280
2513 2 2 13 17 1477 1521 279
2514 2 2 13 17 280 1478 281
2515 2 2 13 17 280 1521 1478
2516 2 2 13 17 281 1531 282
2517 2 2 13 17 1478 1531 281
2518 2 2 13 17 282 1520 283
2519 2 2 13 17 282 1531 1520
2520 2 2 13 17 283 1476 284
2521 2 2 13 17 283 1520 1476
2522 2 2 13 17 284 1530 285
2523 2 2 13 17 1476 1530 284
2524 2 2 13 17 285 1514 286
2525 2 2 13 17 285 1530 1514
2526 2 2 13 17 286 1479 287
2527 2 2 13 17 286 1514 1479
2528 2 2 13 17 287 1537 288
2529 2 2 13 17 1479 1537 287
2530 2 2 13 17 288 1495 289
2531 2 2 13 17 288 1537 1495
2532 2 2 13 17 289 1475 290
2533 2 2 13 17 289 1495 1475
2534 2 2 13 17 290 1501 291
2535 2 2 13 17 1475 1501 290
2536 2 2 13 17 291 1489 292
2537 2 2 13 17 291 1501 1489
2538 2 2 13 17 292 1484 293
2539 2 2 13 17 292 1489 1484
2540 2 2 13 17 1484 1549 293
2541 2 2 13 17 307 1487 306
2542 2 2 13 17 1487 1548 306
2543 2 2 13 17 308 1542 307
2544 2 2 13 17 307 1542 1487
2545 2 2 13 17 308 1549 1542
2546 2 2 13 17 310 1485 309
2547 2 2 13 17 1485 1550 309
2548 2 2 13 17 311 1496 310
2549 2 2 13 17 310 1496 1485
2550 2 2 13 17 312 1503 311
2551 2 2 13 17 311 1503 1496
2552 2 2 13 17 313 1469 312
2553 2 2 13 17 1469 1503 312
2554 2 2 13 17 314 1505 313
2555 2 2 13 17 313 1505 1469
2556 2 2 13 17 315 1482 314
2557 2 2 13 17 1482 1505 314
2558 2 2 13 17 316 1511 315
2559 2 2 13 17 315 1511 1482
2560 2 2 13 17 317 1483 316
2561 2 2 13 17 1483 1511 316
2562 2 2 13 17 318 1534 317
2563 2 2 13 17 317 1534 1483
2564 2 2 13 17 319 1472 318
2565 2 2 13 17 1472 1534 318
2566 2 2 13 17 320 1546 319
2567 2 2 13 17 319 1546 1472
2568 2 2 13 17 321 1527 320
2569 2 2 13 17 1527 1546 320
2570 2 2 13 17 322 1468 321
2571 2 2 13 17 1468 1527 321
2572 2 2 13 17 323 1524 322
2573 2 2 13 17 322 1524 1468
2574 2 2 13 17 324 1528 323
2575 2 2 13 17 323 1528 1524
2576 2 2 13 17 325 1467 324
2577 2 2 13 17 1467 1528 324
2578 2 2 13 17 326 1532 325
2579 2 2 13 17 325 1532 1467
2580 2 2 13 17 327 1517 326
2581 2 2 13 17 1517 1532 326
2582 2 2 13 17 328 1473 327
2583 2 2 13 17 1473 1517 327
2584 2 2 13 17 329 1518 328
2585 2 2 13 17 328 1518 1473
2586 2 2 13 17 330 1466 329
2587 2 2 13 17 1466 1518 329
2588 2 2 13 17 331 1544 330
2589 2 2 13 17 330 1544 1466
2590 2 2 13 17 332 1486 331
2591 2 2 13 17 1486 1544 331
2592 2 2 13 17 333 1492 332
2593 2 2 13 17 332 1492 1486
2594 2 2 13 17 334 1470 333
2595 2 2 13 17 1470 1492 333
2596 2 2 13 17 335 1540 334
2597 2 2 13 17 334 1540 1470
2598 2 2 13 17 335 1548 1540
2599 2 2 13 17 1502 1543 1466
2600 2 2 13 17 1466 1544 1502
2601 2 2 13 17 1466 1543 1518
2602 2 2 13 17 1467 1529 1528
2603 2 2 13 17 1467 1545 1529
2604 2 2 13 17 1532 1545 1467
2605 2 2 13 17 1468 1524 1522
2606 2 2 13 17 1522 1525 1468
2607 2 2 13 17 1525 1527 1468
2608 2 2 13 17 1500 1503 1469
2609 2 2 13 17 1469 1504 1500
2610 2 2 13 17 1469 1505 1504
2611 2 2 13 17 1490 1491 1470
2612 2 2 13 17 1470 1540 1490
2613 2 2 13 17 1491 1492 1470
2614 2 2 13 17 1497 1498 1471
2615 2 2 13 17 1471 1539 1497
2616 2 2 13 17 1498 1499 1471
2617 2 2 13 17 1513 1534 1472
2618 2 2 13 17 1472 1538 1513
2619 2 2 13 17 1472 1546 1538
2620 2 2 13 17 1515 1516 1473
2621 2 2 13 17 1473 1518 1515
2622 2 2 13 17 1516 1517 1473
2623 2 2 13 17 1474 1508 1507
2624 2 2 13 17 1507 1509 1474
2625 2 2 13 17 1509 1510 1474
2626 2 2 13 17 1475 1494 1493
2627 2 2 13 17 1493 1501 1475
2628 2 2 13 17 1475 1495 1494
2629 2 2 13 17 1519 1530 1476
2630 2 2 13 17 1476 1545 1519
2631 2 2 13 17 1520 1545 1476
2632 2 2 13 17 1477 1525 1521
2633 2 2 13 17 1477 1526 1525
2634 2 2 13 17 1477 1535 1526
2635 2 2 13 17 1521 1522 1478
2636 2 2 13 17 1522 1523 1478
2637 2 2 13 17 1523 1531 1478
2638 2 2 13 17 1514 1515 1479
2639 2 2 13 17 1515 1543 1479
2640 2 2 13 17 1479 1543 1537
2641 2 2 13 17 1504 1506 1480
2642 2 2 13 17 1480 1533 1504
2643 2 2 13 17 1506 1508 1480
2644 2 2 13 17 1510 1512 1481
2645 2 2 13 17 1512 1513 1481
2646 2 2 13 17 1513 1536 1481
2647 2 2 13 17 1482 1506 1505
2648 2 2 13 17 1482 1507 1506
2649 2 2 13 17 1482 1511 1507
2650 2 2 13 17 1509 1511 1483
2651 2 2 13 17 1483 1512 1509
2652 2 2 13 17 1483 1534 1512
2653 2 2 13 17 1489 1490 1484
2654 2 2 13 17 1490 1551 1484
2655 2 2 13 17 1542 1549 1484
2656 2 2 13 17 1484 1551 1542
2657 2 2 13 17 1496 1497 1485
2658 2 2 13 17 1497 1552 1485
2659 2 2 13 17 1541 1550 1485
2660 2 2 13 17 1485 1552 1541
2661 2 2 13 17 1492 1493 1486
2662 2 2 13 17 1493 1494 1486
2663 2 2 13 17 1494 1544 1486
2664 2 2 13 17 1540 1548 1487
2665 2 2 13 17 1487 1551 1540
2666 2 2 13 17 1542 1551 1487
2667 2 2 13 17 1539 1547 1488
2668 2 2 13 17 1488 1552 1539
2669 2 2 13 17 1541 1552 1488
2670 2 2 13 17 1489 1491 1490
2671 2 2 13 17 1489 1501 1491
2672 2 2 13 17 1540 1551 1490
2673 2 2 13 17 1491 1493 1492
2674 2 2 13 17 1491 1501 1493
2675 2 2 13 17 1495 1502 1494
2676 2 2 13 17 1502 1544 1494
2677 2 2 13 17 1495 1537 1502
2678 2 2 13 17 1496 1498 1497
2679 2 2 13 17 1496 1503 1498
2680 2 2 13 17 1539 1552 1497
2681 2 2 13 17 1498 1500 1499
2682 2 2 13 17 1498 1503 1500
2683 2 2 13 17 1500 1533 1499
2684 2 2 13 17 1504 1533 1500
2685 2 2 13 17 1537 1543 1502
2686 2 2 13 17 1505 1506 1504
2687 2 2 13 17 1507 1508 1506
2688 2 2 13 17 1507 1511 1509
2689 2 2 13 17 1509 1512 1510
2690 2 2 13 17 1512 1534 1513
2691 2 2 13 17 1513 1538 1536
2692 2 2 13 17 1514 1516 1515
2693 2 2 13 17 1514 1530 1516
2694 2 2 13 17 1518 1543 1515
2695 2 2 13 17 1516 1519 1517
2696 2 2 13 17 1516 1530 1519
2697 2 2 13 17 1519 1532 1517
2698 2 2 13 17 1519 1545 1532
2699 2 2 13 17 1520 1531 1529
2700 2 2 13 17 1529 1545 1520
2701 2 2 13 17 1521 1525 1522
2702 2 2 13 17 1522 1524 1523
2703 2 2 13 17 1524 1528 1523
2704 2 2 13 17 1528 1529 1523
2705 2 2 13 17 1529 1531 1523
2706 2 2 13 17 1526 1527 1525
2707 2 2 13 17 1526 1546 1527
2708 2 2 13 17 1535 1538 1526
2709 2 2 13 17 1538 1546 1526
2710 2 2 13 17 1536 1538 1535
2711 2 2 13 18 13 111 1594
2712 2 2 13 18 122 13 1591
2713 2 2 13 18 13 350 1591
2714 2 2 13 18 350 13 1594
2715 2 2 13 18 336 27 1592
2716 2 2 13 18 27 347 1593
2717 2 2 13 18 27 348 1592
2718 2 2 13 18 348 27 1593
2719 2 2 13 18 111 112 1586
2720 2 2 13 18 111 1586 1594
2721 2 2 13 18 112 113 1555
2722 2 2 13 18 112 1555 1586
2723 2 2 13 18 113 114 1584
2724 2 2 13 18 1555 113 1584
2725 2 2 13 18 114 115 1554
2726 2 2 13 18 114 1554 1584
2727 2 2 13 18 115 116 1575
2728 2 2 13 18 1554 115 1575
2729 2 2 13 18 116 117 1560
2730 2 2 13 18 116 1560 1575
2731 2 2 13 18 117 118 1578
2732 2 2 13 18 1560 117 1578
2733 2 2 13 18 118 119 1583
2734 2 2 13 18 1578 118 1583
2735 2 2 13 18 119 120 1553
2736 2 2 13 18 119 1553 1583
2737 2 2 13 18 120 121 1589
2738 2 2 13 18 1553 120 1589
2739 2 2 13 18 121 122 1569
2740 2 2 13 18 121 1569 1589
2741 2 2 13 18 1569 122 1591
2742 2 2 13 18 337 336 1565
2743 2 2 13 18 1565 336 1592
2744 2 2 13 18 338 337 1590
2745 2 2 13 18 337 1565 1590
2746 2 2 13 18 339 338 1559
2747 2 2 13 18 1559 338 1590
2748 2 2 13 18 340 339 1572
2749 2 2 13 18 339 1559 1572
2750 2 2 13 18 341 340 1558
2751 2 2 13 18 1558 340 1572
2752 2 2 13 18 342 341 1582
2753 2 2 13 18 341 1558 1582
2754 2 2 13 18 343 342 1556
2755 2 2 13 18 1556 342 1582
2756 2 2 13 18 344 343 1580
2757 2 2 13 18 343 1556 1580
2758 2 2 13 18 345 344 1571
2759 2 2 13 18 1571 344 1580
2760 2 2 13 18 346 345 1557
2761 2 2 13 18 1557 345 1571
2762 2 2 13 18 347 346 1585
2763 2 2 13 18 346 1557 1585
2764 2 2 13 18 347 1585 1593
2765 2 2 13 18 348 349 1562
2766 2 2 13 18 349 348 1567
2767 2 2 13 18 348 1562 1592
2768 2 2 13 18 1567 348 1593
2769 2 2 13 18 350 349 1561
2770 2 2 13 18 349 350 1563
2771 2 2 13 18 1561 349 1567
2772 2 2 13 18 1562 349 1563
2773 2 2 13 18 350 1561 1591
2774 2 2 13 18 1563 350 1594
2775 2 2 13 18 1553 1581 1583
2776 2 2 13 18 1581 1553 1596
2777 2 2 13 18 1553 1589 1596
2778 2 2 13 18 1573 1554 1575
2779 2 2 13 18 1554 1573 1577
2780 2 2 13 18 1554 1577 1584
2781 2 2 13 18 1555 1584 1587
2782 2 2 13 18 1586 1555 1595
2783 2 2 13 18 1555 1587 1595
2784 2 2 13 18 1556 1576 1579
2785 2 2 13 18 1576 1556 1582
2786 2 2 13 18 1556 1579 1580
2787 2 2 13 18 1557 1571 1588
2788 2 2 13 18 1585 1557 1597
2789 2 2 13 18 1557 1588 1597
2790 2 2 13 18 1558 1572 1573
2791 2 2 13 18 1558 1573 1574
2792 2 2 13 18 1558 1574 1582
2793 2 2 13 18 1559 1566 1587
2794 2 2 13 18 1566 1559 1590
2795 2 2 13 18 1572 1559 1577
2796 2 2 13 18 1577 1559 1587
2797 2 2 13 18 1560 1574 1575
2798 2 2 13 18 1574 1560 1576
2799 2 2 13 18 1576 1560 1578
2800 2 2 13 18 1561 1567 1568
2801 2 2 13 18 1561 1568 1569
2802 2 2 13 18 1561 1569 1591
2803 2 2 13 18 1562 1563 1564
2804 2 2 13 18 1562 1564 1565
2805 2 2 13 18 1562 1565 1592
2806 2 2 13 18 1564 1563 1586
2807 2 2 13 18 1586 1563 1594
2808 2 2 13 18 1565 1564 1566
2809 2 2 13 18 1566 1564 1595
2810 2 2 13 18 1564 1586 1595
2811 2 2 13 18 1565 1566 1590
2812 2 2 13 18 1587 1566 1595
2813 2 2 13 18 1568 1567 1585
2814 2 2 13 18 1585 1567 1593
2815 2 2 13 18 1569 1568 1570
2816 2 2 13 18 1570 1568 1597
2817 2 2 13 18 1568 1585 1597
2818 2 2 13 18 1569 1570 1589
2819 2 2 13 18 1570 1588 1596
2820 2 2 13 18 1588 1570 1597
2821 2 2 13 18 1589 1570 1596
2822 2 2 13 18 1571 1580 1581
2823 2 2 13 18 1571 1581 1588
2824 2 2 13 18 1573 1572 1577
2825 2 2 13 18 1574 1573 1575
2826 2 2 13 18 1574 1576 1582
2827 2 2 13 18 1576 1578 1579
2828 2 2 13 18 1584 1577 1587
2829 2 2 13 18 1579 1578 1583
2830 2 2 13 18 1580 1579 1581
2831 2 2 13 18 1581 1579 1583
2832 2 2 13 18 1588 1581 1596
2833 4 2 1 1 67 66 637 524
2834 4 2 1 1 447 437 706 385
2835 4 2 1 1 373 466 711 375
2836 4 2 1 1 701 461 391 388
2837 4 2 1 1 626 526 546 625
2838 4 2 1 1 682 385 437 423
2839 4 2 1 1 433 400 691 399
2840 4 2 1 1 706 437 637 682
2841 4 2 1 1 433 360 509 540
2842 4 2 1 1 357 454 44 631
2843 4 2 1 1 357 544 484 423
2844 4 2 1 1 632 682 423 568
2845 4 2 1 1 44 45 357 631
2846 4 2 1 1 711 466 626 563
2847 4 2 1 1 540 433 601 691
2848 4 2 1 1 524 637 437 484
2849 4 2 1 1 502 68 69 625
2850 4 2 1 1 649 38 468 360
2851 4 2 1 1 626 466 526 448
2852 4 2 1 1 66 544 637 484
2853 4 2 1 1 448 681 381 447
2854 4 2 1 1 673 492 661 1600
2855 4 2 1 1 360 649 540 601
2856 4 2 1 1 67 68 359 538
2857 4 2 1 1 544 357 632 423
2858 4 2 1 1 461 701 632 568
2859 4 2 1 1 427 81 608 1599
2860 4 2 1 1 81 132 608 1599
2861 4 2 1 1 492 481 661 1600
2862 4 2 1 1 566 386 568 569
2863 4 2 1 1 448 538 681 447
2864 4 2 1 1 563 564 381 643
2865 4 2 1 1 691 436 433 399
2866 4 2 1 1 359 538 448 447
2867 4 2 1 1 131 80 427 1599
2868 4 2 1 1 131 427 608 1599
2869 4 2 1 1 631 357 632 544
2870 4 2 1 1 544 45 357 484
2871 4 2 1 1 643 382 381 447
2872 4 2 1 1 711 469 466 373
2873 4 2 1 1 682 544 632 423
2874 4 2 1 1 429 430 638 482
2875 4 2 1 1 134 135 84 1598
2876 4 2 1 1 70 69 546 364
2877 4 2 1 1 701 461 388 386
2878 4 2 1 1 546 469 650 618
2879 4 2 1 1 437 484 682 423
2880 4 2 1 1 83 134 84 1598
2881 4 2 1 1 372 469 650 373
2882 4 2 1 1 375 381 466 563
2883 4 2 1 1 395 629 576 575
2884 4 2 1 1 632 701 461 671
2885 4 2 1 1 538 68 359 625
2886 4 2 1 1 386 568 567 566
2887 4 2 1 1 625 526 502 448
2888 4 2 1 1 570 390 571 389
2889 4 2 1 1 390 570 388 389
2890 4 2 1 1 400 585 586 470
2891 4 2 1 1 403 404 588 589
2892 4 2 1 1 587 403 588 589
2893 4 2 1 1 406 590 404 589
2894 4 2 1 1 590 588 404 589
2895 4 2 1 1 404 403 405 589
2896 4 2 1 1 405 406 404 589
2897 4 2 1 1 391 461 701 497
2898 4 2 1 1 613 539 363 663
2899 4 2 1 1 568 423 461 386
2900 4 2 1 1 570 390 572 571
2901 4 2 1 1 638 57 56 482
2902 4 2 1 1 134 83 668 1598
2903 4 2 1 1 626 625 681 448
2904 4 2 1 1 398 400 585 401
2905 4 2 1 1 503 109 110 684
2906 4 2 1 1 124 647 465 558
2907 4 2 1 1 586 402 400 470
2908 4 2 1 1 586 403 587 583
2909 4 2 1 1 76 128 559 127
2910 4 2 1 1 404 586 402 403
2911 4 2 1 1 588 403 586 404
2912 4 2 1 1 403 588 586 587
2913 4 2 1 1 424 670 605 170
2914 4 2 1 1 382 447 567 385
2915 4 2 1 1 586 403 583 401
2916 4 2 1 1 403 586 402 401
2917 4 2 1 1 161 109 684 110
2918 4 2 1 1 109 161 684 160
2919 4 2 1 1 107 158 108 473
2920 4 2 1 1 159 158 653 473
2921 4 2 1 1 158 159 108 473
2922 4 2 1 1 355 56 35 36
2923 4 2 1 1 543 456 642 630
2924 4 2 1 1 113 362 542 370
2925 4 2 1 1 426 676 172 607
2926 4 2 1 1 431 611 122 496
2927 4 2 1 1 414 411 413 596
2928 4 2 1 1 559 464 76 646
2929 4 2 1 1 640 586 601 470
2930 4 2 1 1 474 53 32 33
2931 4 2 1 1 164 113 542 370
2932 4 2 1 1 464 559 76 377
2933 4 2 1 1 76 559 646 127
2934 4 2 1 1 511 658 167 478
2935 4 2 1 1 92 537 142 143
2936 4 2 1 1 502 359 625 448
2937 4 2 1 1 75 351 532 464
2938 4 2 1 1 351 74 75 532
2939 4 2 1 1 464 532 75 646
2940 4 2 1 1 32 52 53 654
2941 4 2 1 1 53 33 474 547
2942 4 2 1 1 578 459 392 409
2943 4 2 1 1 370 542 164 552
2944 4 2 1 1 607 668 171 426
2945 4 2 1 1 616 439 534 438
2946 4 2 1 1 398 585 581 583
2947 4 2 1 1 431 611 481 1600
2948 4 2 1 1 53 474 32 654
2949 4 2 1 1 542 371 553 370
2950 4 2 1 1 589 406 590 623
2951 4 2 1 1 589 405 406 623
2952 4 2 1 1 623 406 590 593
2953 4 2 1 1 171 605 424 668
2954 4 2 1 1 712 577 112 530
2955 4 2 1 1 68 502 359 625
2956 4 2 1 1 569 388 570 389
2957 4 2 1 1 53 474 654 547
2958 4 2 1 1 388 569 387 389
2959 4 2 1 1 411 414 594 596
2960 4 2 1 1 585 586 583 401
2961 4 2 1 1 583 398 585 401
2962 4 2 1 1 34 55 628 54
2963 4 2 1 1 55 34 628 35
2964 4 2 1 1 472 541 361 504
2965 4 2 1 1 118 168 117 434
2966 4 2 1 1 628 35 34 449
2967 4 2 1 1 655 403 587 589
2968 4 2 1 1 432 111 18 612
2969 4 2 1 1 403 655 405 589
2970 4 2 1 1 126 74 532 75
2971 4 2 1 1 126 75 532 646
2972 4 2 1 1 358 456 97 665
2973 4 2 1 1 571 569 570 389
2974 4 2 1 1 125 351 647 532
2975 4 2 1 1 628 365 604 449
2976 4 2 1 1 371 542 362 370
2977 4 2 1 1 403 655 475 405
2978 4 2 1 1 362 114 113 542
2979 4 2 1 1 114 165 113 542
2980 4 2 1 1 35 56 536 55
2981 4 2 1 1 166 114 617 165
2982 4 2 1 1 464 75 76 646
2983 4 2 1 1 392 574 578 409
2984 4 2 1 1 645 463 408 610
2985 4 2 1 1 570 568 386 569
2986 4 2 1 1 497 573 634 671
2987 4 2 1 1 422 414 597 463
2988 4 2 1 1 445 623 652 685
2989 4 2 1 1 668 487 135 1598
2990 4 2 1 1 418 599 414 596
2991 4 2 1 1 421 603 422 597
2992 4 2 1 1 74 126 532 125
2993 4 2 1 1 489 582 613 614
2994 4 2 1 1 561 508 689 425
2995 4 2 1 1 675 532 351 464
2996 4 2 1 1 164 113 165 542
2997 4 2 1 1 594 414 597 596
2998 4 2 1 1 464 675 532 646
2999 4 2 1 1 145 146 95 353
3000 4 2 1 1 415 672 112 491
3001 4 2 1 1 620 353 669 440
3002 4 2 1 1 109 12 660 480
3003 4 2 1 1 583 398 452 581
3004 4 2 1 1 623 652 624 445
3005 4 2 1 1 392 574 409 573
3006 4 2 1 1 576 392 394 393
3007 4 2 1 1 351 675 686 532
3008 4 2 1 1 365 474 33 547
3009 4 2 1 1 391 392 409 573
3010 4 2 1 1 494 675 351 464
3011 4 2 1 1 657 3 29 477
3012 4 2 1 1 106 105 156 443
3013 4 2 1 1 370 553 542 552
3014 4 2 1 1 537 91 92 142
3015 4 2 1 1 594 595 593 411
3016 4 2 1 1 619 543 456 642
3017 4 2 1 1 75 126 76 646
3018 4 2 1 1 127 76 126 646
3019 4 2 1 1 576 394 397 396
3020 4 2 1 1 406 623 410 593
3021 4 2 1 1 634 578 574 409
3022 4 2 1 1 398 583 452 401
3023 4 2 1 1 465 125 351 647
3024 4 2 1 1 672 703 521 602
3025 4 2 1 1 675 351 686 494
3026 4 2 1 1 413 411 595 596
3027 4 2 1 1 590 404 591 406
3028 4 2 1 1 124 73 123 558
3029 4 2 1 1 73 72 123 558
3030 4 2 1 1 591 588 404 590
3031 4 2 1 1 444 622 621 548
3032 4 2 1 1 528 16 656 709
3033 4 2 1 1 98 150 539 149
3034 4 2 1 1 150 98 539 99
3035 4 2 1 1 363 99 100 663
3036 4 2 1 1 73 124 465 558
3037 4 2 1 1 581 579 397 580
3038 4 2 1 1 125 124 647 465
3039 4 2 1 1 40 60 61 436
3040 4 2 1 1 390 572 460 393
3041 4 2 1 1 409 574 634 573
3042 4 2 1 1 569 386 388 387
3043 4 2 1 1 611 661 481 1600
3044 4 2 1 1 555 373 374 371
3045 4 2 1 1 365 54 33 34
3046 4 2 1 1 97 96 543 456
3047 4 2 1 1 125 465 351 74
3048 4 2 1 1 354 436 41 666
3049 4 2 1 1 386 388 570 569
3050 4 2 1 1 72 73 376 558
3051 4 2 1 1 712 370 577 530
3052 4 2 1 1 403 583 639 587
3053 4 2 1 1 90 141 142 648
3054 4 2 1 1 413 418 414 596
3055 4 2 1 1 101 153 102 533
3056 4 2 1 1 601 586 585 470
3057 4 2 1 1 90 91 467 648
3058 4 2 1 1 474 377 559 664
3059 4 2 1 1 384 386 385 566
3060 4 2 1 1 599 494 675 686
3061 4 2 1 1 644 462 510 370
3062 4 2 1 1 363 489 613 663
3063 4 2 1 1 33 54 547 53
3064 4 2 1 1 480 109 684 660
3065 4 2 1 1 11 89 476 656
3066 4 2 1 1 711 650 469 373
3067 4 2 1 1 113 712 530 370
3068 4 2 1 1 59 38 58 649
3069 4 2 1 1 624 405 589 623
3070 4 2 1 1 631 65 45 544
3071 4 2 1 1 604 547 365 628
3072 4 2 1 1 411 594 595 596
3073 4 2 1 1 56 355 35 536
3074 4 2 1 1 641 584 485 579
3075 4 2 1 1 505 351 494 686
3076 4 2 1 1 92 144 635 143
3077 4 2 1 1 557 373 375 374
3078 4 2 1 1 446 624 472 445
3079 4 2 1 1 366 621 157 548
3080 4 2 1 1 475 655 533 446
3081 4 2 1 1 595 410 593 411
3082 4 2 1 1 381 448 466 563
3083 4 2 1 1 584 485 636 641
3084 4 2 1 1 674 440 501 620
3085 4 2 1 1 559 77 76 377
3086 4 2 1 1 583 403 639 401
3087 4 2 1 1 408 592 645 610
3088 4 2 1 1 150 100 99 663
3089 4 2 1 1 636 61 60 436
3090 4 2 1 1 89 11 16 656
3091 4 2 1 1 597 604 422 463
3092 4 2 1 1 439 353 534 438
3093 4 2 1 1 439 616 534 619
3094 4 2 1 1 376 73 465 558
3095 4 2 1 1 41 40 61 436
3096 4 2 1 1 452 582 580 435
3097 4 2 1 1 414 421 422 597
3098 4 2 1 1 406 623 445 410
3099 4 2 1 1 144 92 635 93
3100 4 2 1 1 575 460 572 393
3101 4 2 1 1 623 405 406 445
3102 4 2 1 1 505 494 418 686
3103 4 2 1 1 597 604 463 645
3104 4 2 1 1 2 598 417 704
3105 4 2 1 1 91 90 142 648
3106 4 2 1 1 399 400 585 398
3107 4 2 1 1 403 416 639 401
3108 4 2 1 1 389 390 571 460
3109 4 2 1 1 419 418 413 600
3110 4 2 1 1 140 89 16 656
3111 4 2 1 1 91 537 92 356
3112 4 2 1 1 76 128 77 559
3113 4 2 1 1 644 370 553 462
3114 4 2 1 1 150 151 100 663
3115 4 2 1 1 613 580 582 435
3116 4 2 1 1 641 585 581 398
3117 4 2 1 1 84 135 487 1598
3118 4 2 1 1 365 422 604 449
3119 4 2 1 1 610 662 407 591
3120 4 2 1 1 702 515 435 455
3121 4 2 1 1 494 599 418 686
3122 4 2 1 1 600 419 418 505
3123 4 2 1 1 402 586 451 470
3124 4 2 1 1 450 627 565 562
3125 4 2 1 1 574 576 575 393
3126 4 2 1 1 572 390 392 393
3127 4 2 1 1 452 580 396 435
3128 4 2 1 1 12 160 660 17
3129 4 2 1 1 137 87 609 138
3130 4 2 1 1 440 620 353 438
3131 4 2 1 1 663 100 363 458
3132 4 2 1 1 557 555 373 374
3133 4 2 1 1 576 629 395 580
3134 4 2 1 1 447 643 382 567
3135 4 2 1 1 581 397 641 398
3136 4 2 1 1 137 87 86 609
3137 4 2 1 1 609 87 86 428
3138 4 2 1 1 43 63 64 633
3139 4 2 1 1 567 385 386 566
3140 4 2 1 1 395 394 576 396
3141 4 2 1 1 532 351 647 686
3142 4 2 1 1 579 397 641 581
3143 4 2 1 1 467 549 648 606
3144 4 2 1 1 622 621 412 444
3145 4 2 1 1 610 463 408 429
3146 4 2 1 1 643 538 706 447
3147 4 2 1 1 674 383 493 450
3148 4 2 1 1 643 381 681 447
3149 4 2 1 1 599 597 414 596
3150 4 2 1 1 616 387 389 438
3151 4 2 1 1 418 600 505 686
3152 4 2 1 1 461 701 568 386
3153 4 2 1 1 390 572 571 460
3154 4 2 1 1 54 365 33 547
3155 4 2 1 1 619 571 389 616
3156 4 2 1 1 586 640 451 470
3157 4 2 1 1 596 418 599 600
3158 4 2 1 1 404 586 451 402
3159 4 2 1 1 662 430 429 407
3160 4 2 1 1 459 576 579 578
3161 4 2 1 1 592 411 645 594
3162 4 2 1 1 436 61 41 666
3163 4 2 1 1 166 114 115 617
3164 4 2 1 1 95 94 145 353
3165 4 2 1 1 99 98 539 455
3166 4 2 1 1 366 444 621 548
3167 4 2 1 1 650 372 554 678
3168 4 2 1 1 160 12 660 109
3169 4 2 1 1 600 418 599 686
3170 4 2 1 1 599 414 421 418
3171 4 2 1 1 453 409 634 454
3172 4 2 1 1 652 472 445 504
3173 4 2 1 1 504 445 652 685
3174 4 2 1 1 488 145 94 353
3175 4 2 1 1 395 629 515 435
3176 4 2 1 1 157 106 156 443
3177 4 2 1 1 621 157 156 443
3178 4 2 1 1 457 537 627 356
3179 4 2 1 1 657 369 3 477
3180 4 2 1 1 153 101 152 533
3181 4 2 1 1 1 550 71 2
3182 4 2 1 1 680 694 514 653
3183 4 2 1 1 419 600 680 505
3184 4 2 1 1 70 71 51 442
3185 4 2 1 1 550 1 71 368
3186 4 2 1 1 63 43 42 535
3187 4 2 1 1 62 63 42 535
3188 4 2 1 1 115 114 441 617
3189 4 2 1 1 376 500 473 558
3190 4 2 1 1 408 610 429 407
3191 4 2 1 1 505 647 351 686
3192 4 2 1 1 576 574 392 393
3193 4 2 1 1 537 467 91 648
3194 4 2 1 1 618 70 546 364
3195 4 2 1 1 382 384 566 383
3196 4 2 1 1 662 429 610 407
3197 4 2 1 1 465 647 351 505
3198 4 2 1 1 668 83 487 1598
3199 4 2 1 1 684 503 109 480
3200 4 2 1 1 592 590 406 593
3201 4 2 1 1 663 489 613 614
3202 4 2 1 1 436 636 61 666
3203 4 2 1 1 499 679 118 615
3204 4 2 1 1 603 604 422 597
3205 4 2 1 1 640 591 588 404
3206 4 2 1 1 652 472 624 445
3207 4 2 1 1 575 572 574 393
3208 4 2 1 1 527 28 29 708
3209 4 2 1 1 611 122 13 431
3210 4 2 1 1 169 118 679 615
3211 4 2 1 1 615 118 499 434
3212 4 2 1 1 148 98 665 149
3213 4 2 1 1 628 35 536 55
3214 4 2 1 1 35 628 536 449
3215 4 2 1 1 71 1 51 368
3216 4 2 1 1 361 541 443 504
3217 4 2 1 1 659 167 479 693
3218 4 2 1 1 397 399 641 398
3219 4 2 1 1 54 34 365 628
3220 4 2 1 1 44 65 631 64
3221 4 2 1 1 34 365 628 449
3222 4 2 1 1 467 549 90 648
3223 4 2 1 1 549 141 90 648
3224 4 2 1 1 360 649 59 540
3225 4 2 1 1 50 70 51 442
3226 4 2 1 1 667 352 101 458
3227 4 2 1 1 474 377 664 483
3228 4 2 1 1 505 600 680 686
3229 4 2 1 1 597 421 603 599
3230 4 2 1 1 157 106 443 366
3231 4 2 1 1 621 366 157 443
3232 4 2 1 1 635 537 627 457
3233 4 2 1 1 600 413 419 622
3234 4 2 1 1 559 464 646 664
3235 4 2 1 1 97 98 358 665
3236 4 2 1 1 595 412 410 411
3237 4 2 1 1 705 523 474 483
3238 4 2 1 1 103 155 472 154
3239 4 2 1 1 623 624 405 445
3240 4 2 1 1 594 645 414 411
3241 4 2 1 1 473 158 366 107
3242 4 2 1 1 73 125 465 124
3243 4 2 1 1 474 523 705 365
3244 4 2 1 1 50 70 442 364
3245 4 2 1 1 110 503 684 420
3246 4 2 1 1 596 413 418 600
3247 4 2 1 1 109 160 684 660
3248 4 2 1 1 637 437 359 524
3249 4 2 1 1 464 559 377 664
3250 4 2 1 1 370 577 510 552
3251 4 2 1 1 577 370 510 415
3252 4 2 1 1 158 473 366 653
3253 4 2 1 1 546 526 469 364
3254 4 2 1 1 488 669 145 353
3255 4 2 1 1 537 91 142 648
3256 4 2 1 1 650 469 372 498
3257 4 2 1 1 492 560 378 480
3258 4 2 1 1 635 627 674 457
3259 4 2 1 1 513 409 578 695
3260 4 2 1 1 523 705 365 604
3261 4 2 1 1 118 169 168 615
3262 4 2 1 1 168 118 615 434
3263 4 2 1 1 665 358 456 630
3264 4 2 1 1 69 50 49 364
3265 4 2 1 1 604 628 506 687
3266 4 2 1 1 483 494 675 603
3267 4 2 1 1 640 451 407 404
3268 4 2 1 1 535 43 42 453
3269 4 2 1 1 613 629 580 435
3270 4 2 1 1 446 475 655 405
3271 4 2 1 1 613 539 455 363
3272 4 2 1 1 155 103 472 104
3273 4 2 1 1 352 101 102 533
3274 4 2 1 1 90 89 140 367
3275 4 2 1 1 368 71 550 442
3276 4 2 1 1 353 145 146 534
3277 4 2 1 1 678 650 372 498
3278 4 2 1 1 161 110 684 420
3279 4 2 1 1 533 352 475 446
3280 4 2 1 1 453 535 43 633
3281 4 2 1 1 616 389 439 438
3282 4 2 1 1 469 498 618 442
3283 4 2 1 1 462 510 425 644
3284 4 2 1 1 713 136 135 531
3285 4 2 1 1 601 433 360 470
3286 4 2 1 1 63 43 535 633
3287 4 2 1 1 69 70 50 364
3288 4 2 1 1 654 474 559 664
3289 4 2 1 1 425 556 462 644
3290 4 2 1 1 369 657 3 551
3291 4 2 1 1 429 430 662 638
3292 4 2 1 1 492 560 661 378
3293 4 2 1 1 111 162 18 612
3294 4 2 1 1 645 414 597 594
3295 4 2 1 1 368 51 71 442
3296 4 2 1 1 655 533 446 624
3297 4 2 1 1 140 141 90 549
3298 4 2 1 1 595 412 411 413
3299 4 2 1 1 674 383 450 565
3300 4 2 1 1 455 539 99 363
3301 4 2 1 1 696 9 108 516
3302 4 2 1 1 410 592 406 593
3303 4 2 1 1 456 460 642 486
3304 4 2 1 1 585 641 399 398
3305 4 2 1 1 456 543 97 665
3306 4 2 1 1 455 435 613 363
3307 4 2 1 1 513 453 409 695
3308 4 2 1 1 610 429 662 638
3309 4 2 1 1 577 690 510 552
3310 4 2 1 1 111 18 13 432
3311 4 2 1 1 407 591 404 406
3312 4 2 1 1 646 464 675 664
3313 4 2 1 1 627 565 674 450
3314 4 2 1 1 353 669 145 534
3315 4 2 1 1 624 446 405 445
3316 4 2 1 1 497 454 357 631
3317 4 2 1 1 572 392 574 393
3318 4 2 1 1 352 707 525 667
3319 4 2 1 1 702 515 629 435
3320 4 2 1 1 518 165 542 698
3321 4 2 1 1 590 591 592 406
3322 4 2 1 1 581 582 452 583
3323 4 2 1 1 467 367 549 606
3324 4 2 1 1 595 621 685 412
3325 4 2 1 1 485 436 636 399
3326 4 2 1 1 680 647 505 686
3327 4 2 1 1 557 555 374 556
3328 4 2 1 1 73 125 74 465
3329 4 2 1 1 147 148 97 543
3330 4 2 1 1 3 657 29 4
3331 4 2 1 1 464 494 675 483
3332 4 2 1 1 545 57 638 482
3333 4 2 1 1 672 415 112 577
3334 4 2 1 1 163 112 577 672
3335 4 2 1 1 367 690 606 510
3336 4 2 1 1 78 129 130 615
3337 4 2 1 1 391 573 388 390
3338 4 2 1 1 355 449 35 536
3339 4 2 1 1 500 647 465 505
3340 4 2 1 1 553 462 370 371
3341 4 2 1 1 635 93 92 457
3342 4 2 1 1 412 595 621 622
3343 4 2 1 1 462 556 553 644
3344 4 2 1 1 630 629 395 575
3345 4 2 1 1 500 680 653 558
3346 4 2 1 1 594 593 592 411
3347 4 2 1 1 500 653 473 558
3348 4 2 1 1 494 603 599 675
3349 4 2 1 1 379 557 375 374
3350 4 2 1 1 520 640 700 470
3351 4 2 1 1 54 365 547 628
3352 4 2 1 1 621 443 444 366
3353 4 2 1 1 457 627 450 356
3354 4 2 1 1 689 508 627 537
3355 4 2 1 1 123 9 696 72
3356 4 2 1 1 522 2 417 704
3357 4 2 1 1 472 652 541 504
3358 4 2 1 1 504 652 541 685
3359 4 2 1 1 467 537 91 356
3360 4 2 1 1 396 576 395 580
3361 4 2 1 1 65 44 631 45
3362 4 2 1 1 597 414 421 599
3363 4 2 1 1 555 554 372 553
3364 4 2 1 1 510 644 370 552
3365 4 2 1 1 429 610 536 638
3366 4 2 1 1 389 571 619 460
3367 4 2 1 1 595 413 596 622
3368 4 2 1 1 561 556 425 606
3369 4 2 1 1 390 392 573 572
3370 4 2 1 1 517 5 32 697
3371 4 2 1 1 673 13 432 492
3372 4 2 1 1 642 460 572 575
3373 4 2 1 1 545 58 468 649
3374 4 2 1 1 98 148 665 97
3375 4 2 1 1 70 618 442 364
3376 4 2 1 1 653 500 514 680
3377 4 2 1 1 600 596 413 622
3378 4 2 1 1 635 537 92 143
3379 4 2 1 1 690 367 606 549
3380 4 2 1 1 680 500 419 505
3381 4 2 1 1 500 653 514 473
3382 4 2 1 1 563 375 381 380
3383 4 2 1 1 541 443 156 361
3384 4 2 1 1 489 613 435 363
3385 4 2 1 1 603 483 494 421
3386 4 2 1 1 506 429 463 687
3387 4 2 1 1 664 705 474 483
3388 4 2 1 1 580 398 581 452
3389 4 2 1 1 449 604 628 506
3390 4 2 1 1 112 672 162 491
3391 4 2 1 1 29 31 4 657
3392 4 2 1 1 72 9 696 516
3393 4 2 1 1 486 456 358 630
3394 4 2 1 1 641 485 636 399
3395 4 2 1 1 579 584 485 578
3396 4 2 1 1 486 642 456 630
3397 4 2 1 1 383 501 674 493
3398 4 2 1 1 456 543 665 630
3399 4 2 1 1 566 564 382 565
3400 4 2 1 1 564 381 382 380
3401 4 2 1 1 383 683 674 501
3402 4 2 1 1 373 555 372 371
3403 4 2 1 1 593 410 592 411
3404 4 2 1 1 68 47 359 48
3405 4 2 1 1 148 97 543 665
3406 4 2 1 1 604 523 705 603
3407 4 2 1 1 542 362 114 518
3408 4 2 1 1 114 165 542 518
3409 4 2 1 1 599 421 494 418
3410 4 2 1 1 45 357 631 544
3411 4 2 1 1 651 78 7 471
3412 4 2 1 1 71 70 618 442
3413 4 2 1 1 371 555 372 553
3414 4 2 1 1 408 463 645 411
3415 4 2 1 1 454 453 43 633
3416 4 2 1 1 353 488 669 440
3417 4 2 1 1 58 38 37 468
3418 4 2 1 1 113 712 112 530
3419 4 2 1 1 416 639 475 403
3420 4 2 1 1 542 372 554 553
3421 4 2 1 1 480 432 492 660
3422 4 2 1 1 549 467 90 367
3423 4 2 1 1 534 688 507 439
3424 4 2 1 1 645 463 414 411
3425 4 2 1 1 633 64 44 631
3426 4 2 1 1 370 644 553 552
3427 4 2 1 1 644 510 690 552
3428 4 2 1 1 577 415 112 530
3429 4 2 1 1 112 163 577 712
3430 4 2 1 1 664 377 464 483
3431 4 2 1 1 534 620 616 438
3432 4 2 1 1 707 352 533 667
3433 4 2 1 1 483 675 664 603
3434 4 2 1 1 108 14 9 696
3435 4 2 1 1 173 122 611 677
3436 4 2 1 1 677 122 611 496
3437 4 2 1 1 604 463 645 687
3438 4 2 1 1 622 412 413 444
3439 4 2 1 1 97 96 147 543
3440 4 2 1 1 474 654 705 664
3441 4 2 1 1 705 654 474 547
3442 4 2 1 1 602 161 684 420
3443 4 2 1 1 548 158 366 653
3444 4 2 1 1 490 119 170 424
3445 4 2 1 1 424 670 170 490
3446 4 2 1 1 354 41 42 666
3447 4 2 1 1 459 579 485 578
3448 4 2 1 1 440 674 501 493
3449 4 2 1 1 668 120 171 426
3450 4 2 1 1 120 668 487 426
3451 4 2 1 1 409 578 459 513
3452 4 2 1 1 668 424 120 487
3453 4 2 1 1 120 171 424 668
3454 4 2 1 1 621 443 504 412
3455 4 2 1 1 476 528 11 656
3456 4 2 1 1 674 501 683 620
3457 4 2 1 1 676 426 172 495
3458 4 2 1 1 495 172 121 426
3459 4 2 1 1 89 656 367 476
3460 4 2 1 1 413 419 622 444
3461 4 2 1 1 603 494 599 421
3462 4 2 1 1 621 504 685 412
3463 4 2 1 1 467 689 508 425
3464 4 2 1 1 485 397 579 459
3465 4 2 1 1 52 5 6 697
3466 4 2 1 1 108 14 696 159
3467 4 2 1 1 658 511 167 692
3468 4 2 1 1 591 640 407 404
3469 4 2 1 1 372 542 371 553
3470 4 2 1 1 621 443 412 444
3471 4 2 1 1 125 351 532 74
3472 4 2 1 1 500 680 647 505
3473 4 2 1 1 573 391 392 390
3474 4 2 1 1 158 107 106 366
3475 4 2 1 1 439 619 389 616
3476 4 2 1 1 512 617 522 704
3477 4 2 1 1 64 44 43 633
3478 4 2 1 1 353 620 669 534
3479 4 2 1 1 16 528 656 11
3480 4 2 1 1 656 89 367 140
3481 4 2 1 1 32 517 697 654
3482 4 2 1 1 521 491 602 420
3483 4 2 1 1 707 525 475 352
3484 4 2 1 1 572 571 460 642
3485 4 2 1 1 691 636 436 399
3486 4 2 1 1 425 689 561 606
3487 4 2 1 1 45 66 46 484
3488 4 2 1 1 603 422 523 421
3489 4 2 1 1 518 617 165 698
3490 4 2 1 1 367 140 90 549
3491 4 2 1 1 56 36 355 482
3492 4 2 1 1 62 42 666 535
3493 4 2 1 1 561 379 508 425
3494 4 2 1 1 696 108 473 516
3495 4 2 1 1 664 464 675 483
3496 4 2 1 1 672 528 415 709
3497 4 2 1 1 376 465 500 558
3498 4 2 1 1 465 647 500 558
3499 4 2 1 1 564 382 381 643
3500 4 2 1 1 411 592 645 408
3501 4 2 1 1 618 550 71 442
3502 4 2 1 1 383 566 382 565
3503 4 2 1 1 47 68 359 67
3504 4 2 1 1 623 685 410 593
3505 4 2 1 1 372 542 362 371
3506 4 2 1 1 488 93 144 635
3507 4 2 1 1 544 637 484 682
3508 4 2 1 1 492 560 480 660
3509 4 2 1 1 7 651 8 129
3510 4 2 1 1 365 705 474 547
3511 4 2 1 1 52 5 697 32
3512 4 2 1 1 657 4 3 551
3513 4 2 1 1 521 162 612 703
3514 4 2 1 1 364 49 69 502
3515 4 2 1 1 684 521 703 602
3516 4 2 1 1 601 700 640 470
3517 4 2 1 1 521 672 162 703
3518 4 2 1 1 547 365 705 604
3519 4 2 1 1 173 13 18 611
3520 4 2 1 1 454 409 634 497
3521 4 2 1 1 633 44 454 631
3522 4 2 1 1 15 139 661 481
3523 4 2 1 1 693 116 479 512
3524 4 2 1 1 617 550 522 704
3525 4 2 1 1 367 467 425 606
3526 4 2 1 1 502 48 68 359
3527 4 2 1 1 113 164 712 370
3528 4 2 1 1 453 535 634 695
3529 4 2 1 1 556 553 371 462
3530 4 2 1 1 60 40 509 436
3531 4 2 1 1 610 645 463 687
3532 4 2 1 1 42 666 535 453
3533 4 2 1 1 511 167 116 478
3534 4 2 1 1 114 441 617 518
3535 4 2 1 1 636 691 641 399
3536 4 2 1 1 366 694 653 514
3537 4 2 1 1 469 626 466 526
3538 4 2 1 1 663 151 100 458
3539 4 2 1 1 6 5 128 697
3540 4 2 1 1 123 9 14 696
3541 4 2 1 1 449 422 604 506
3542 4 2 1 1 643 681 538 447
3543 4 2 1 1 164 712 370 552
3544 4 2 1 1 683 383 674 565
3545 4 2 1 1 370 712 577 552
3546 4 2 1 1 530 577 415 370
3547 4 2 1 1 432 673 492 660
3548 4 2 1 1 30 28 2 598
3549 4 2 1 1 478 658 167 479
3550 4 2 1 1 392 574 573 572
3551 4 2 1 1 368 550 441 498
3552 4 2 1 1 620 669 674 440
3553 4 2 1 1 454 43 44 633
3554 4 2 1 1 681 625 538 448
3555 4 2 1 1 78 130 79 615
3556 4 2 1 1 406 408 592 410
3557 4 2 1 1 630 486 642 575
3558 4 2 1 1 165 114 617 518
3559 4 2 1 1 537 457 92 356
3560 4 2 1 1 446 699 519 472
3561 4 2 1 1 522 550 2 704
3562 4 2 1 1 422 523 365 604
3563 4 2 1 1 29 527 708 477
3564 4 2 1 1 62 42 41 666
3565 4 2 1 1 28 31 708 30
3566 4 2 1 1 131 132 80 1599
3567 4 2 1 1 650 711 555 373
3568 4 2 1 1 445 623 685 410
3569 4 2 1 1 662 640 451 407
3570 4 2 1 1 648 689 467 606
3571 4 2 1 1 425 510 367 606
3572 4 2 1 1 380 450 562 379
3573 4 2 1 1 425 556 374 462
3574 4 2 1 1 409 634 578 695
3575 4 2 1 1 667 525 352 458
3576 4 2 1 1 381 681 563 643
3577 4 2 1 1 580 396 398 452
3578 4 2 1 1 87 677 496 609
3579 4 2 1 1 112 162 111 491
3580 4 2 1 1 673 13 492 431
3581 4 2 1 1 443 105 156 361
3582 4 2 1 1 80 132 81 1599
3583 4 2 1 1 18 432 612 673
3584 4 2 1 1 472 154 155 652
3585 4 2 1 1 620 534 353 438
3586 4 2 1 1 617 441 550 498
3587 4 2 1 1 450 627 562 379
3588 4 2 1 1 473 653 159 696
3589 4 2 1 1 159 108 473 696
3590 4 2 1 1 151 152 101 667
3591 4 2 1 1 688 507 439 456
3592 4 2 1 1 541 155 472 361
3593 4 2 1 1 606 510 690 644
3594 4 2 1 1 634 409 453 695
3595 4 2 1 1 666 42 354 453
3596 4 2 1 1 151 663 667 458
3597 4 2 1 1 457 537 92 635
3598 4 2 1 1 567 564 382 566
3599 4 2 1 1 2 522 417 1
3600 4 2 1 1 697 52 32 654
3601 4 2 1 1 595 412 413 622
3602 4 2 1 1 674 493 488 457
3603 4 2 1 1 537 508 627 356
3604 4 2 1 1 621 443 541 504
3605 4 2 1 1 116 693 479 167
3606 4 2 1 1 647 680 500 558
3607 4 2 1 1 582 580 581 452
3608 4 2 1 1 480 684 432 660
3609 4 2 1 1 37 56 482 36
3610 4 2 1 1 556 371 374 462
3611 4 2 1 1 504 541 621 685
3612 4 2 1 1 472 154 699 103
3613 4 2 1 1 517 32 474 654
3614 4 2 1 1 591 407 408 406
3615 4 2 1 1 110 161 16 420
3616 4 2 1 1 699 446 624 472
3617 4 2 1 1 534 688 439 619
3618 4 2 1 1 430 468 545 482
3619 4 2 1 1 540 433 360 601
3620 4 2 1 1 5 77 128 697
3621 4 2 1 1 116 168 511 117
3622 4 2 1 1 507 688 147 543
3623 4 2 1 1 352 533 519 446
3624 4 2 1 1 397 641 485 579
3625 4 2 1 1 157 158 366 548
3626 4 2 1 1 31 28 708 29
3627 4 2 1 1 416 639 582 614
3628 4 2 1 1 615 79 78 434
3629 4 2 1 1 560 492 673 660
3630 4 2 1 1 612 521 703 684
3631 4 2 1 1 619 439 389 460
3632 4 2 1 1 375 711 557 563
3633 4 2 1 1 408 592 410 411
3634 4 2 1 1 635 488 674 669
3635 4 2 1 1 591 408 592 406
3636 4 2 1 1 93 145 488 144
3637 4 2 1 1 359 538 625 448
3638 4 2 1 1 37 57 545 482
3639 4 2 1 1 56 355 536 482
3640 4 2 1 1 167 511 168 692
3641 4 2 1 1 56 37 482 57
3642 4 2 1 1 454 497 671 631
3643 4 2 1 1 656 367 476 690
3644 4 2 1 1 507 353 534 439
3645 4 2 1 1 677 173 122 609
3646 4 2 1 1 496 677 122 609
3647 4 2 1 1 560 673 492 661
3648 4 2 1 1 488 635 674 457
3649 4 2 1 1 155 104 472 361
3650 4 2 1 1 417 2 28 598
3651 4 2 1 1 685 595 410 593
3652 4 2 1 1 77 5 517 697
3653 4 2 1 1 140 367 656 549
3654 4 2 1 1 468 58 38 649
3655 4 2 1 1 383 384 566 501
3656 4 2 1 1 562 627 561 379
3657 4 2 1 1 672 521 491 602
3658 4 2 1 1 380 557 375 379
3659 4 2 1 1 537 508 467 689
3660 4 2 1 1 657 29 708 477
3661 4 2 1 1 78 471 651 434
3662 4 2 1 1 509 433 540 436
3663 4 2 1 1 539 702 613 455
3664 4 2 1 1 520 451 640 470
3665 4 2 1 1 541 156 155 361
3666 4 2 1 1 430 662 451 407
3667 4 2 1 1 672 112 162 163
3668 4 2 1 1 653 366 514 473
3669 4 2 1 1 559 474 517 377
3670 4 2 1 1 486 630 395 575
3671 4 2 1 1 575 395 486 393
3672 4 2 1 1 488 144 669 635
3673 4 2 1 1 460 571 619 642
3674 4 2 1 1 528 672 415 491
3675 4 2 1 1 604 422 523 603
3676 4 2 1 1 575 486 460 393
3677 4 2 1 1 635 488 93 457
3678 4 2 1 1 501 620 440 438
3679 4 2 1 1 545 468 37 482
3680 4 2 1 1 147 96 507 543
3681 4 2 1 1 399 641 485 397
3682 4 2 1 1 617 441 512 522
3683 4 2 1 1 429 610 463 687
3684 4 2 1 1 168 116 511 167
3685 4 2 1 1 525 475 639 707
3686 4 2 1 1 607 171 172 426
3687 4 2 1 1 627 561 508 689
3688 4 2 1 1 699 103 519 472
3689 4 2 1 1 643 564 382 567
3690 4 2 1 1 677 87 138 609
3691 4 2 1 1 387 569 566 683
3692 4 2 1 1 609 495 172 428
3693 4 2 1 1 638 56 536 482
3694 4 2 1 1 441 550 368 522
3695 4 2 1 1 609 496 87 428
3696 4 2 1 1 48 69 49 502
3697 4 2 1 1 146 147 95 507
3698 4 2 1 1 104 155 156 361
3699 4 2 1 1 684 480 432 503
3700 4 2 1 1 122 611 13 173
3701 4 2 1 1 672 528 709 602
3702 4 2 1 1 473 376 558 696
3703 4 2 1 1 508 450 627 356
3704 4 2 1 1 605 170 171 424
3705 4 2 1 1 663 363 489 458
3706 4 2 1 1 713 135 487 531
3707 4 2 1 1 156 621 443 541
3708 4 2 1 1 559 697 517 654
3709 4 2 1 1 706 437 538 637
3710 4 2 1 1 684 503 521 420
3711 4 2 1 1 602 16 161 420
3712 4 2 1 1 147 146 688 507
3713 4 2 1 1 473 376 696 516
3714 4 2 1 1 520 700 430 468
3715 4 2 1 1 628 506 687 536
3716 4 2 1 1 479 658 167 659
3717 4 2 1 1 685 504 445 410
3718 4 2 1 1 661 139 677 481
3719 4 2 1 1 96 507 543 456
3720 4 2 1 1 435 613 702 455
3721 4 2 1 1 617 512 693 704
3722 4 2 1 1 678 617 550 498
3723 4 2 1 1 687 429 610 536
3724 4 2 1 1 495 121 172 428
3725 4 2 1 1 495 609 172 676
3726 4 2 1 1 693 115 617 166
3727 4 2 1 1 472 624 699 652
3728 4 2 1 1 602 491 528 420
3729 4 2 1 1 145 93 488 94
3730 4 2 1 1 441 617 550 522
3731 4 2 1 1 658 477 369 657
3732 4 2 1 1 157 158 106 366
3733 4 2 1 1 639 525 707 614
3734 4 2 1 1 683 383 566 501
3735 4 2 1 1 685 595 412 410
3736 4 2 1 1 432 612 673 660
3737 4 2 1 1 619 688 439 456
3738 4 2 1 1 550 2 1 522
3739 4 2 1 1 699 519 533 446
3740 4 2 1 1 662 640 407 591
3741 4 2 1 1 441 512 115 617
3742 4 2 1 1 514 694 444 366
3743 4 2 1 1 368 550 1 522
3744 4 2 1 1 122 496 609 428
3745 4 2 1 1 115 693 167 166
3746 4 2 1 1 430 662 638 545
3747 4 2 1 1 671 633 454 631
3748 4 2 1 1 448 681 626 563
3749 4 2 1 1 467 537 689 648
3750 4 2 1 1 62 41 61 666
3751 4 2 1 1 690 367 476 510
3752 4 2 1 1 170 427 490 608
3753 4 2 1 1 415 709 528 656
3754 4 2 1 1 353 146 95 507
3755 4 2 1 1 670 170 490 608
3756 4 2 1 1 427 170 490 119
3757 4 2 1 1 606 425 510 644
3758 4 2 1 1 113 163 712 164
3759 4 2 1 1 683 387 569 616
3760 4 2 1 1 669 145 144 488
3761 4 2 1 1 611 13 673 431
3762 4 2 1 1 499 679 131 427
3763 4 2 1 1 688 146 534 507
3764 4 2 1 1 359 538 437 637
3765 4 2 1 1 172 122 173 609
3766 4 2 1 1 489 416 582 614
3767 4 2 1 1 115 693 617 512
3768 4 2 1 1 545 638 430 482
3769 4 2 1 1 545 468 700 649
3770 4 2 1 1 556 425 606 644
3771 4 2 1 1 416 582 452 489
3772 4 2 1 1 656 367 690 549
3773 4 2 1 1 499 79 130 615
3774 4 2 1 1 616 501 387 438
3775 4 2 1 1 163 113 712 112
3776 4 2 1 1 446 533 699 624
3777 4 2 1 1 628 449 506 536
3778 4 2 1 1 359 47 67 524
3779 4 2 1 1 499 118 679 427
3780 4 2 1 1 688 619 543 456
3781 4 2 1 1 694 366 653 548
3782 4 2 1 1 551 369 657 658
3783 4 2 1 1 679 118 169 427
3784 4 2 1 1 147 96 95 507
3785 4 2 1 1 653 473 558 696
3786 4 2 1 1 705 523 483 603
3787 4 2 1 1 558 696 72 123
3788 4 2 1 1 708 28 598 527
3789 4 2 1 1 78 651 7 129
3790 4 2 1 1 493 674 488 440
3791 4 2 1 1 521 684 432 503
3792 4 2 1 1 466 711 375 563
3793 4 2 1 1 694 419 680 514
3794 4 2 1 1 600 419 680 694
3795 4 2 1 1 562 564 565 380
3796 4 2 1 1 376 696 72 558
3797 4 2 1 1 105 104 156 361
3798 4 2 1 1 374 379 557 556
3799 4 2 1 1 474 559 517 654
3800 4 2 1 1 499 131 80 427
3801 4 2 1 1 528 16 709 602
3802 4 2 1 1 696 376 72 516
3803 4 2 1 1 690 415 476 656
3804 4 2 1 1 663 614 667 458
3805 4 2 1 1 504 685 412 410
3806 4 2 1 1 425 467 689 606
3807 4 2 1 1 488 674 669 440
3808 4 2 1 1 40 39 60 509
3809 4 2 1 1 496 431 611 481
3810 4 2 1 1 427 679 131 608
3811 4 2 1 1 387 683 501 616
3812 4 2 1 1 565 383 566 683
3813 4 2 1 1 475 639 416 525
3814 4 2 1 1 13 673 432 18
3815 4 2 1 1 420 16 528 602
3816 4 2 1 1 508 537 467 356
3817 4 2 1 1 477 527 708 659
3818 4 2 1 1 602 684 521 420
3819 4 2 1 1 130 679 499 615
3820 4 2 1 1 495 609 86 428
3821 4 2 1 1 86 676 137 609
3822 4 2 1 1 670 81 132 608
3823 4 2 1 1 427 81 490 608
3824 4 2 1 1 615 499 79 434
3825 4 2 1 1 154 472 699 652
3826 4 2 1 1 702 515 665 630
3827 4 2 1 1 169 679 427 608
3828 4 2 1 1 460 642 486 575
3829 4 2 1 1 670 490 81 608
3830 4 2 1 1 502 364 526 625
3831 4 2 1 1 116 693 115 512
3832 4 2 1 1 355 506 449 536
3833 4 2 1 1 523 483 603 421
3834 4 2 1 1 492 673 431 1600
3835 4 2 1 1 614 663 489 458
3836 4 2 1 1 491 528 672 602
3837 4 2 1 1 501 616 620 438
3838 4 2 1 1 153 103 102 519
3839 4 2 1 1 475 655 639 707
3840 4 2 1 1 111 521 612 432
3841 4 2 1 1 29 657 708 31
3842 4 2 1 1 694 444 419 514
3843 4 2 1 1 135 85 531 136
3844 4 2 1 1 86 676 609 495
3845 4 2 1 1 706 567 385 682
3846 4 2 1 1 83 529 710 487
3847 4 2 1 1 48 69 502 68
3848 4 2 1 1 155 472 652 541
3849 4 2 1 1 419 600 622 694
3850 4 2 1 1 711 557 373 375
3851 4 2 1 1 612 432 684 660
3852 4 2 1 1 622 444 694 548
3853 4 2 1 1 711 557 555 373
3854 4 2 1 1 483 664 705 603
3855 4 2 1 1 172 122 609 428
3856 4 2 1 1 380 562 557 379
3857 4 2 1 1 364 546 526 625
3858 4 2 1 1 468 700 430 545
3859 4 2 1 1 709 577 415 672
3860 4 2 1 1 661 677 611 481
3861 4 2 1 1 578 584 513 695
3862 4 2 1 1 415 690 577 656
3863 4 2 1 1 626 466 448 563
3864 4 2 1 1 378 560 12 480
3865 4 2 1 1 116 693 167 115
3866 4 2 1 1 559 517 77 377
3867 4 2 1 1 700 649 360 601
3868 4 2 1 1 616 501 620 683
3869 4 2 1 1 708 657 477 659
3870 4 2 1 1 122 172 121 428
3871 4 2 1 1 481 492 661 378
3872 4 2 1 1 691 400 585 399
3873 4 2 1 1 419 500 680 514
3874 4 2 1 1 529 82 83 710
3875 4 2 1 1 570 701 573 388
3876 4 2 1 1 77 128 697 559
3877 4 2 1 1 46 67 47 524
3878 4 2 1 1 46 67 524 66
3879 4 2 1 1 146 353 534 507
3880 4 2 1 1 415 510 690 476
3881 4 2 1 1 672 521 162 491
3882 4 2 1 1 525 639 416 614
3883 4 2 1 1 697 517 77 559
3884 4 2 1 1 423 461 632 568
3885 4 2 1 1 513 354 453 695
3886 4 2 1 1 710 529 424 487
3887 4 2 1 1 426 713 487 531
3888 4 2 1 1 567 447 706 385
3889 4 2 1 1 129 78 651 615
3890 4 2 1 1 484 637 437 682
3891 4 2 1 1 525 707 614 667
3892 4 2 1 1 366 694 444 548
3893 4 2 1 1 82 133 134 710
3894 4 2 1 1 612 521 684 432
3895 4 2 1 1 562 561 557 379
3896 4 2 1 1 2 417 28 1
3897 4 2 1 1 15 10 88 481
3898 4 2 1 1 139 15 88 481
3899 4 2 1 1 478 167 116 479
3900 4 2 1 1 539 358 515 455
3901 4 2 1 1 110 16 11 420
3902 4 2 1 1 13 611 673 18
3903 4 2 1 1 702 515 630 629
3904 4 2 1 1 354 485 584 513
3905 4 2 1 1 102 352 533 519
3906 4 2 1 1 550 678 498 618
3907 4 2 1 1 641 691 585 399
3908 4 2 1 1 139 88 138 677
3909 4 2 1 1 693 417 598 704
3910 4 2 1 1 613 702 629 435
3911 4 2 1 1 444 694 419 622
3912 4 2 1 1 379 561 557 556
3913 4 2 1 1 447 706 643 567
3914 4 2 1 1 662 430 700 545
3915 4 2 1 1 169 119 427 118
3916 4 2 1 1 171 120 121 426
3917 4 2 1 1 434 168 117 511
3918 4 2 1 1 416 489 525 614
3919 4 2 1 1 524 66 637 484
3920 4 2 1 1 171 119 120 424
3921 4 2 1 1 542 372 698 554
3922 4 2 1 1 476 415 528 656
3923 4 2 1 1 28 708 598 30
3924 4 2 1 1 515 630 629 395
3925 4 2 1 1 171 121 172 426
3926 4 2 1 1 701 391 573 388
3927 4 2 1 1 713 676 136 531
3928 4 2 1 1 477 658 369 478
3929 4 2 1 1 533 153 102 519
3930 4 2 1 1 417 598 659 693
3931 4 2 1 1 660 12 560 480
3932 4 2 1 1 427 170 169 608
3933 4 2 1 1 673 611 431 1600
3934 4 2 1 1 119 169 427 170
3935 4 2 1 1 171 119 424 170
3936 4 2 1 1 511 434 168 692
3937 4 2 1 1 607 713 668 426
3938 4 2 1 1 515 358 665 630
3939 4 2 1 1 134 83 710 668
3940 4 2 1 1 471 651 434 511
3941 4 2 1 1 668 424 710 605
3942 4 2 1 1 521 111 162 491
3943 4 2 1 1 162 521 612 111
3944 4 2 1 1 385 437 706 682
3945 4 2 1 1 527 708 659 598
3946 4 2 1 1 16 420 528 11
3947 4 2 1 1 507 688 543 456
3948 4 2 1 1 614 489 525 458
3949 4 2 1 1 709 415 577 656
3950 4 2 1 1 527 28 598 417
3951 4 2 1 1 87 677 88 496
3952 4 2 1 1 424 710 670 529
3953 4 2 1 1 426 676 713 531
3954 4 2 1 1 519 533 153 699
3955 4 2 1 1 139 88 677 481
3956 4 2 1 1 134 83 82 710
3957 4 2 1 1 584 666 354 695
3958 4 2 1 1 660 12 17 560
3959 4 2 1 1 522 417 512 704
3960 4 2 1 1 85 676 136 86
3961 4 2 1 1 681 448 381 563
3962 4 2 1 1 659 477 658 657
3963 4 2 1 1 369 551 692 658
3964 4 2 1 1 513 584 354 695
3965 4 2 1 1 46 66 524 484
3966 4 2 1 1 86 676 136 137
3967 4 2 1 1 496 611 677 481
3968 4 2 1 1 487 668 135 713
3969 4 2 1 1 615 78 651 434
3970 4 2 1 1 135 85 84 531
3971 4 2 1 1 677 87 88 138
3972 4 2 1 1 434 615 168 692
3973 4 2 1 1 678 698 617 498
3974 4 2 1 1 630 515 486 395
3975 4 2 1 1 372 698 554 678
3976 4 2 1 1 651 369 551 692
3977 4 2 1 1 651 369 7 551
3978 4 2 1 1 710 424 670 605
3979 4 2 1 1 607 676 713 426
3980 4 2 1 1 133 81 132 670
3981 4 2 1 1 690 510 415 577
3982 4 2 1 1 135 84 487 531
3983 4 2 1 1 496 677 88 481
3984 4 2 1 1 667 614 525 458
3985 4 2 1 1 479 693 417 659
3986 4 2 1 1 79 131 499 130
3987 4 2 1 1 82 670 81 133
3988 4 2 1 1 358 515 486 630
3989 4 2 1 1 668 83 710 487
3990 4 2 1 1 130 131 499 679
3991 4 2 1 1 710 82 670 529
3992 4 2 1 1 463 414 597 645
3993 4 2 1 1 693 512 417 704
3994 4 2 1 1 79 131 80 499
3995 4 2 1 1 658 511 369 478
3996 4 2 1 1 85 676 86 495
3997 4 2 1 1 651 471 369 511
3998 4 2 1 1 598 659 527 417
3999 4 2 1 1 527 477 479 659
4000 4 2 1 1 369 651 7 471
4001 4 2 1 1 693 479 417 512
4002 4 2 1 1 424 668 710 487
4003 4 2 1 1 713 487 668 426
4004 4 2 1 1 477 658 478 479
4005 4 2 1 1 511 651 434 692
4006 4 2 1 1 85 676 531 136
4007 4 2 1 1 625 626 526 448
4008 4 2 1 1 497 461 701 671
4009 4 2 1 1 82 670 490 81
4010 4 2 1 1 82 710 670 133
4011 4 2 1 1 682 484 544 423
4012 4 2 1 1 661 560 15 378
4013 4 2 1 1 477 659 658 479
4014 4 2 1 1 495 676 426 531
4015 4 2 1 1 651 615 434 692
4016 4 2 1 1 659 479 527 417
4017 4 2 1 1 529 670 424 490
4018 4 2 1 1 515 702 539 455
4019 4 2 1 1 369 3 7 551
4020 4 2 1 1 676 85 531 495
4021 4 2 1 1 651 551 7 8
4022 4 2 1 1 692 511 369 658
4023 4 2 1 1 7 4 551 3
4024 4 2 1 1 670 529 82 490
4025 4 2 1 1 369 651 511 692
4026 4 2 1 1 481 661 15 378
4027 4 2 1 1 15 10 481 378
4028 4 2 1 1 4 7 551 8
4029 4 2 1 1 560 12 15 378
4030 4 2 1 1 15 17 12 560
4031 4 2 1 1 12 10 15 378
4032 4 2 1 1 80 81 427 1599
4033 4 2 1 1 135 134 668 1598
4034 4 2 1 1 131 608 132 1599
4035 4 2 1 1 492 431 481 1600
4036 4 2 1 1 84 487 83 1598
4037 4 2 1 1 357 461 632 423
4038 4 2 1 1 611 673 661 1600
4039 4 2 1 1 437 447 538 359
4040 4 2 1 1 538 447 437 706
4041 4 2 1 1 60 540 436 509
4042 4 2 1 1 436 540 60 636
4043 4 2 1 1 637 67 359 538
4044 4 2 1 1 359 67 637 524
4045 4 2 1 1 701 386 570 568
4046 4 2 1 1 570 386 701 388
4047 4 2 1 1 459 576 392 394
4048 4 2 1 1 566 385 382 567
4049 4 2 1 1 566 382 385 384
4050 4 2 1 1 433 470 691 400
4051 4 2 1 1 433 691 470 601
4052 4 2 1 1 585 691 470 400
4053 4 2 1 1 585 470 691 601
4054 4 2 1 1 533 101 667 352
4055 4 2 1 1 533 667 101 152
4056 4 2 1 1 700 360 468 520
4057 4 2 1 1 468 360 700 649
4058 4 2 1 1 430 520 662 700
4059 4 2 1 1 430 662 520 451
4060 4 2 1 1 640 662 520 700
4061 4 2 1 1 640 520 662 451
4062 4 2 1 1 711 469 626 466
4063 4 2 1 1 711 626 469 650
4064 4 2 1 1 650 498 618 469
4065 4 2 1 1 618 498 650 678
4066 4 2 1 1 485 578 513 459
4067 4 2 1 1 513 578 485 584
4068 4 2 1 1 640 404 586 451
4069 4 2 1 1 586 404 640 588
4070 4 2 1 1 423 386 682 385
4071 4 2 1 1 423 682 386 568
4072 4 2 1 1 567 682 386 385
4073 4 2 1 1 567 386 682 568
4074 4 2 1 1 506 604 463 422
4075 4 2 1 1 463 604 506 687
4076 4 2 1 1 397 576 459 394
4077 4 2 1 1 459 576 397 579
4078 4 2 1 1 409 573 497 391
4079 4 2 1 1 497 573 409 634
4080 4 2 1 1 435 582 489 452
4081 4 2 1 1 435 489 582 613
4082 4 2 1 1 390 570 573 388
4083 4 2 1 1 573 570 390 572
4084 4 2 1 1 400 586 401 402
4085 4 2 1 1 400 401 586 585
4086 4 2 1 1 469 626 546 650
4087 4 2 1 1 546 626 469 526
4088 4 2 1 1 563 380 564 562
4089 4 2 1 1 564 380 563 381
4090 4 2 1 1 389 569 616 571
4091 4 2 1 1 389 616 569 387
4092 4 2 1 1 364 625 69 546
4093 4 2 1 1 69 625 364 502
4094 4 2 1 1 436 666 584 636
4095 4 2 1 1 584 666 436 354
4096 4 2 1 1 584 485 436 636
4097 4 2 1 1 436 485 584 354
4098 4 2 1 1 576 393 395 575
4099 4 2 1 1 395 393 576 394
4100 4 2 1 1 360 59 38 39
4101 4 2 1 1 360 38 59 649
4102 4 2 1 1 98 358 539 455
4103 4 2 1 1 691 436 540 433
4104 4 2 1 1 691 540 436 636
4105 4 2 1 1 395 580 435 396
4106 4 2 1 1 435 580 395 629
4107 4 2 1 1 398 580 397 396
4108 4 2 1 1 397 580 398 581
4109 4 2 1 1 401 452 582 583
4110 4 2 1 1 582 452 401 416
4111 4 2 1 1 582 639 401 583
4112 4 2 1 1 401 639 582 416
4113 4 2 1 1 453 633 634 535
4114 4 2 1 1 634 633 453 454
4115 4 2 1 1 663 99 539 363
4116 4 2 1 1 663 539 99 150
4117 4 2 1 1 618 364 469 442
4118 4 2 1 1 469 364 618 546
4119 4 2 1 1 566 387 386 569
4120 4 2 1 1 386 387 566 384
4121 4 2 1 1 450 674 457 493
4122 4 2 1 1 450 457 674 627
4123 4 2 1 1 515 665 539 702
4124 4 2 1 1 539 665 515 358
4125 4 2 1 1 544 45 66 65
4126 4 2 1 1 544 66 45 484
4127 4 2 1 1 442 550 498 618
4128 4 2 1 1 442 498 550 368
4129 4 2 1 1 371 556 555 553
4130 4 2 1 1 555 556 371 374
4131 4 2 1 1 372 555 650 554
4132 4 2 1 1 372 650 555 373
4133 4 2 1 1 578 392 576 574
4134 4 2 1 1 578 576 392 459
4135 4 2 1 1 533 475 707 655
4136 4 2 1 1 533 707 475 352
4137 4 2 1 1 397 580 576 396
4138 4 2 1 1 576 580 397 579
4139 4 2 1 1 458 151 101 667
4140 4 2 1 1 458 101 151 100
4141 4 2 1 1 536 482 429 638
4142 4 2 1 1 429 482 536 355
4143 4 2 1 1 545 37 58 57
4144 4 2 1 1 545 58 37 468
4145 4 2 1 1 557 380 563 562
4146 4 2 1 1 563 380 557 375
4147 4 2 1 1 403 655 639 475
4148 4 2 1 1 639 655 403 587
4149 4 2 1 1 631 497 632 357
4150 4 2 1 1 631 632 497 671
4151 4 2 1 1 461 632 497 357
4152 4 2 1 1 461 497 632 671
4153 4 2 1 1 619 460 456 439
4154 4 2 1 1 456 460 619 642
4155 4 2 1 1 671 454 634 497
4156 4 2 1 1 671 634 454 633
4157 4 2 1 1 405 624 655 446
4158 4 2 1 1 405 655 624 589
4159 4 2 1 1 666 453 695 535
4160 4 2 1 1 695 453 666 354
4161 4 2 1 1 379 627 508 450
4162 4 2 1 1 379 508 627 561
4163 4 2 1 1 382 565 380 383
4164 4 2 1 1 380 565 382 564
4165 4 2 1 1 408 591 610 407
4166 4 2 1 1 610 591 408 592
4167 4 2 1 1 379 556 425 561
4168 4 2 1 1 425 556 379 374
4169 4 2 1 1 566 501 387 683
4170 4 2 1 1 387 501 566 384
4171 4 2 1 1 565 380 450 562
4172 4 2 1 1 450 380 565 383
4173 4 2 1 1 497 573 701 391
4174 4 2 1 1 497 701 573 671
4175 4 2 1 1 536 506 429 355
4176 4 2 1 1 536 429 506 687
4177 4 2 1 1 542 518 372 362
4178 4 2 1 1 542 372 518 698
4179 4 2 1 1 470 700 360 601
4180 4 2 1 1 470 360 700 520
4181 4 2 1 1 699 103 153 519
4182 4 2 1 1 699 153 103 154
4183 4 2 1 1 518 617 498 441
4184 4 2 1 1 518 498 617 698
4185 4 2 1 1 698 498 372 518
4186 4 2 1 1 372 498 698 678
4187 4 2 1 1 98 665 539 358
4188 4 2 1 1 539 665 98 149
4189 4 2 1 1 509 360 59 540
4190 4 2 1 1 59 360 509 39
4191 4 2 1 1 59 60 509 540
4192 4 2 1 1 509 60 59 39
4193 4 2 2 31 1608 1719 1274 1981
4194 4 2 2 31 1199 1700 1637 1898
4195 4 2 2 31 855 1616 1707 1738
4196 4 2 2 31 1218 1363 1215 1645
4197 4 2 2 31 1643 1774 772 1796
4198 4 2 2 31 1608 1274 1804 1981
4199 4 2 2 31 1709 1869 1653 1947
4200 4 2 2 31 855 1707 1616 1856
4201 4 2 2 31 979 851 938 1722
4202 4 2 2 31 1825 1931 867 2028
4203 4 2 2 31 440 1763 1637 1813
4204 4 2 2 31 979 851 1722 1991
4205 4 2 2 31 508 1798 1633 1890
4206 4 2 2 31 979 938 1659 1722
4207 4 2 2 31 951 1710 1655 1862
4208 4 2 2 31 1019 1063 1078 1692
4209 4 2 2 31 1637 1700 1199 1938
4210 4 2 2 31 1609 1714 1677 1964
4211 4 2 2 31 1363 1645 1218 1906
4212 4 2 2 31 475 1686 1802 1818
4213 4 2 2 31 855 1856 1616 1923
4214 4 2 2 31 1644 1801 472 1802
4215 4 2 2 31 1310 1695 1090 1984
4216 4 2 2 31 1265 1617 1264 1976
4217 4 2 2 31 1218 1645 1215 1838
4218 4 2 2 31 731 1784 1643 1833
4219 4 2 2 31 1362 1640 1759 1880
4220 4 2 2 31 508 1741 1633 1798
4221 4 2 2 31 1183 1617 1265 1785
4222 4 2 2 31 1363 1215 1645 1790
4223 4 2 2 31 979 1722 1659 1991
4224 4 2 2 31 1272 1677 1714 1964
4225 4 2 2 31 1645 1218 1815 1838
4226 4 2 2 31 1531 1678 887 1853
4227 4 2 2 31 1718 1733 1601 1857
4228 4 2 2 31 1644 1722 472 1801
4229 4 2 2 31 1617 1897 1264 1976
4230 4 2 2 31 465 1030 376 1673
4231 4 2 2 31 1653 1855 1684 1866
4232 4 2 2 31 1684 1855 1652 1866
4233 4 2 2 31 1653 1684 1652 1866
4234 4 2 2 31 1648 1800 1439 1874
4235 4 2 2 31 1802 1818 1610 1917
4236 4 2 2 31 1439 1800 1648 1892
4237 4 2 2 31 1093 1294 1784 1833
4238 4 2 2 31 1310 740 1695 1984
4239 4 2 2 31 1438 1880 1759 1980
4240 4 2 2 31 78 1674 1684 1904
4241 4 2 2 31 1658 1805 1513 1824
4242 4 2 2 31 1195 1773 1634 1886
4243 4 2 2 31 1627 1807 1721 1928
4244 4 2 2 31 1633 1752 508 1890
4245 4 2 2 31 1680 1695 740 1984
4246 4 2 2 31 1655 1796 951 1862
4247 4 2 2 31 457 93 92 1634
4248 4 2 2 31 1654 1794 761 1978
4249 4 2 2 31 1482 1108 1702 1930
4250 4 2 2 31 958 1749 1656 1830
4251 4 2 2 31 1626 1721 1126 1903
4252 4 2 2 31 1310 740 1090 1695
4253 4 2 2 31 1679 1628 1799 1916
4254 4 2 2 31 508 467 1798 1890
4255 4 2 2 31 1510 867 1825 1931
4256 4 2 2 31 1634 1763 93 1858
4257 4 2 2 31 1183 1264 1265 1617
4258 4 2 2 31 1267 1765 1642 1972
4259 4 2 2 31 1285 1869 1709 1947
4260 4 2 2 31 1656 1749 958 1821
4261 4 2 2 31 1264 1617 1183 1897
4262 4 2 2 31 1267 1642 1765 1808
4263 4 2 2 31 1688 1758 528 1816
4264 4 2 2 31 1620 1767 506 1810
4265 4 2 2 31 772 1643 782 1774
4266 4 2 2 31 11 528 1758 1816
4267 4 2 2 31 1775 1672 1906 1994
4268 4 2 2 31 506 422 1767 1974
4269 4 2 2 31 1628 1934 1798 2038
4270 4 2 2 31 782 1643 772 1796
4271 4 2 2 31 88 1713 1642 1821
4272 4 2 2 31 1092 1472 1805 1824
4273 4 2 2 31 1620 506 1767 1974
4274 4 2 2 31 440 1813 1637 1873
4275 4 2 2 31 1828 1943 865 2070
4276 4 2 2 31 1645 1790 1215 1809
4277 4 2 2 31 1674 1719 1904 1981
4278 4 2 2 31 475 1818 1802 1917
4279 4 2 2 31 1531 1478 887 1678
4280 4 2 2 31 1644 1802 472 1910
4281 4 2 2 31 1633 1705 1190 1901
4282 4 2 2 31 1274 1804 1407 1932
4283 4 2 2 31 457 93 1634 1763
4284 4 2 2 31 1274 1608 1804 1932
4285 4 2 2 31 956 1063 1019 1692
4286 4 2 2 31 1650 1774 1003 1845
4287 4 2 2 31 1649 1737 859 1858
4288 4 2 2 31 1634 1773 1195 1901
4289 4 2 2 31 1174 1177 1783 1809
4290 4 2 2 31 1775 1850 1672 1994
4291 4 2 2 31 1750 1815 1218 1838
4292 4 2 2 31 1645 1815 1218 1906
4293 4 2 2 31 457 1634 92 1890
4294 4 2 2 31 1637 1700 1636 1898
4295 4 2 2 31 1627 1875 1807 1928
4296 4 2 2 31 1126 1358 1626 1903
4297 4 2 2 31 1265 1757 1617 1976
4298 4 2 2 31 1616 1738 855 1923
4299 4 2 2 31 1611 1792 1693 1809
4300 4 2 2 31 1629 1705 1633 1835
4301 4 2 2 31 1174 1783 1785 1809
4302 4 2 2 31 1629 1633 1798 1835
4303 4 2 2 31 1368 1716 1852 1870
4304 4 2 2 31 1363 1790 1645 1906
4305 4 2 2 31 1674 1719 1684 1904
4306 4 2 2 31 932 1531 887 1853
4307 4 2 2 31 42 1683 1681 1944
4308 4 2 2 31 1740 1874 1648 1892
4309 4 2 2 31 1807 1916 1721 1928
4310 4 2 2 31 1190 1705 1633 1753
4311 4 2 2 31 1126 1626 1358 1937
4312 4 2 2 31 761 1794 1654 1920
4313 4 2 2 31 731 1093 1784 1833
4314 4 2 2 31 1775 1906 1850 1994
4315 4 2 2 31 1645 1809 1215 1838
4316 4 2 2 31 1108 1387 1702 1930
4317 4 2 2 31 740 1680 741 1695
4318 4 2 2 31 1421 1870 1732 1905
4319 4 2 2 31 1358 1747 1626 1903
4320 4 2 2 31 770 1845 1774 1922
4321 4 2 2 31 1019 1078 1549 1692
4322 4 2 2 31 1679 1754 1628 1916
4323 4 2 2 31 1026 916 1895 1904
4324 4 2 2 31 1130 1848 1829 1903
4325 4 2 2 31 1653 1943 1828 2070
4326 4 2 2 31 1175 1176 1951 2035
4327 4 2 2 31 1745 1951 1176 2035
4328 4 2 2 31 741 1695 1680 1791
4329 4 2 2 31 1679 1807 1875 1928
4330 4 2 2 31 828 1882 1687 1948
4331 4 2 2 31 88 1642 1713 1918
4332 4 2 2 31 1358 1626 1747 1937
4333 4 2 2 31 1610 1802 1686 1818
4334 4 2 2 31 1482 1298 1108 1930
4335 4 2 2 31 1626 1126 1721 2023
4336 4 2 2 31 1175 1176 1745 1951
4337 4 2 2 31 436 1775 1683 1859
4338 4 2 2 31 1077 1018 797 1694
4339 4 2 2 31 508 1633 1741 1752
4340 4 2 2 31 1126 1715 1626 1937
4341 4 2 2 31 1754 1799 1628 1916
4342 4 2 2 31 1637 1773 1199 1898
4343 4 2 2 31 1843 1862 1715 2054
4344 4 2 2 31 731 782 1643 1784
4345 4 2 2 31 887 1678 1478 1737
4346 4 2 2 31 1679 1916 1807 1928
4347 4 2 2 31 1171 1671 1183 1785
4348 4 2 2 31 457 1763 1634 1890
4349 4 2 2 31 900 1701 899 1814
4350 4 2 2 31 1632 1711 1366 1831
4351 4 2 2 31 1710 1724 1603 1803
4352 4 2 2 31 1657 1931 1825 2028
4353 4 2 2 31 1574 1674 1660 1896
4354 4 2 2 31 1274 1719 1896 1981
4355 4 2 2 31 1649 859 1737 1889
4356 4 2 2 31 1183 1785 1671 1897
4357 4 2 2 31 1672 1850 1988 1994
4358 4 2 2 31 440 1637 1763 1884
4359 4 2 2 31 1016 1665 963 1803
4360 4 2 2 31 1642 1808 1267 1972
4361 4 2 2 31 463 506 422 1767
4362 4 2 2 31 1738 1769 855 1923
4363 4 2 2 31 1425 1866 1653 1947
4364 4 2 2 31 1318 1829 1442 1877
4365 4 2 2 31 772 1796 1774 2062
4366 4 2 2 31 454 1960 1836 1969
4367 4 2 2 31 454 1836 1960 2080
4368 4 2 2 31 1365 1815 1630 1989
4369 4 2 2 31 1126 1128 1358 1903
4370 4 2 2 31 1421 1346 1870 1905
4371 4 2 2 31 1710 1715 1862 2054
4372 4 2 2 31 1576 1684 1674 1719
4373 4 2 2 31 472 1722 1644 1771
4374 4 2 2 31 1016 869 963 1665
4375 4 2 2 31 782 731 1643 1833
4376 4 2 2 31 506 1620 1810 1974
4377 4 2 2 31 1684 1855 1653 1869
4378 4 2 2 31 1693 1792 1621 1809
4379 4 2 2 31 1672 1850 1775 1988
4380 4 2 2 31 1774 1796 1643 2062
4381 4 2 2 31 1387 1760 1702 1930
4382 4 2 2 31 1666 1601 1814 1902
4383 4 2 2 31 1631 1754 1679 1916
4384 4 2 2 31 1108 1298 1387 1930
4385 4 2 2 31 1608 1904 1719 1981
4386 4 2 2 31 978 1710 951 1862
4387 4 2 2 31 1199 1773 1637 2066
4388 4 2 2 31 38 1693 1792 1879
4389 4 2 2 31 528 1758 1688 2026
4390 4 2 2 31 908 1710 1803 1908
4391 4 2 2 31 1774 1845 1650 1922
4392 4 2 2 31 1731 1767 422 1974
4393 4 2 2 31 1519 1707 1748 1860
4394 4 2 2 31 855 990 1707 1856
4395 4 2 2 31 1425 1653 1866 1869
4396 4 2 2 31 1272 1714 1226 1964
4397 4 2 2 31 1681 1852 1716 1870
4398 4 2 2 31 1652 1684 1653 2070
4399 4 2 2 31 1260 1874 1740 1892
4400 4 2 2 31 1441 1252 1430 1857
4401 4 2 2 31 943 1730 1864 1969
4402 4 2 2 31 483 1731 523 1953
4403 4 2 2 31 908 951 1710 1908
4404 4 2 2 31 1611 1785 1783 1809
4405 4 2 2 31 1030 1056 1075 1673
4406 4 2 2 31 1693 1785 1611 1809
4407 4 2 2 31 1605 1800 1712 1874
4408 4 2 2 31 349 1676 1733 1992
4409 4 2 2 31 1183 1617 1785 1897
4410 4 2 2 31 1366 1711 1632 1957
4411 4 2 2 31 1641 1852 1716 1969
4412 4 2 2 31 1712 1800 1648 1874
4413 4 2 2 31 1456 1855 1325 2073
4414 4 2 2 31 1681 1716 1646 1870
4415 4 2 2 31 1509 1825 1657 1931
4416 4 2 2 31 450 1752 1763 1890
4417 4 2 2 31 1855 1866 1653 1869
4418 4 2 2 31 927 1737 1668 1858
4419 4 2 2 31 1652 1653 1828 2070
4420 4 2 2 31 855 1738 1707 2040
4421 4 2 2 31 1646 1905 1870 2024
4422 4 2 2 31 1016 963 907 1803
4423 4 2 2 31 1366 1717 1711 1957
4424 4 2 2 31 1325 1652 1882 2073
4425 4 2 2 31 99 855 1769 1923
4426 4 2 2 31 1578 434 1674 1684
4427 4 2 2 31 1632 1831 1366 1957
4428 4 2 2 31 42 1683 1944 1966
4429 4 2 2 31 440 488 1763 1813
4430 4 2 2 31 1696 1739 778 1757
4431 4 2 2 31 990 1856 855 1923
4432 4 2 2 31 1647 86 1749 1821
4433 4 2 2 31 475 1802 1686 1968
4434 4 2 2 31 1078 1063 1036 1692
4435 4 2 2 31 1578 1674 1576 1684
4436 4 2 2 31 1049 1720 1673 1846
4437 4 2 2 31 1783 1809 1177 2033
4438 4 2 2 31 1688 1798 510 2026
4439 4 2 2 31 1693 1783 1611 1785
4440 4 2 2 31 1655 1710 951 1908
4441 4 2 2 31 1472 1513 1805 1824
4442 4 2 2 31 1191 1190 1705 1901
4443 4 2 2 31 1658 1805 1305 1887
4444 4 2 2 31 1251 1827 1880 1980
4445 4 2 2 31 1626 1715 1126 2023
4446 4 2 2 31 1060 1720 1049 1846
4447 4 2 2 31 440 1873 1637 1884
4448 4 2 2 31 436 1645 1775 1859
4449 4 2 2 31 1224 1898 1759 2021
4450 4 2 2 31 1684 1719 1608 1904
4451 4 2 2 31 892 772 1774 2062
4452 4 2 2 31 1009 874 1010 1689
4453 4 2 2 31 360 1792 1693 2027
4454 4 2 2 31 1648 1712 1605 1800
4455 4 2 2 31 1318 1619 1829 1877
4456 4 2 2 31 1677 1609 1964 2065
4457 4 2 2 31 1274 1719 1608 1869
4458 4 2 2 31 1771 1910 1625 1975
4459 4 2 2 31 1836 1960 1641 1969
4460 4 2 2 31 1641 1960 1836 2080
4461 4 2 2 31 1365 1630 1852 1989
4462 4 2 2 31 412 1625 1942 1963
4463 4 2 2 31 1251 1880 1438 1980
4464 4 2 2 31 376 500 465 1673
4465 4 2 2 31 1362 1759 1438 1880
4466 4 2 2 31 39 1879 1792 2000
4467 4 2 2 31 1130 1131 1848 1903
4468 4 2 2 31 1376 1705 1658 1887
4469 4 2 2 31 504 1910 1625 1963
4470 4 2 2 31 1346 1870 1905 2024
4471 4 2 2 31 1647 1713 86 1821
4472 4 2 2 31 1273 1274 1896 1981
4473 4 2 2 31 1417 1808 1656 1876
4474 4 2 2 31 38 1792 39 1879
4475 4 2 2 31 1630 1815 1365 1852
4476 4 2 2 31 1751 1782 1212 2011
4477 4 2 2 31 446 472 1801 1802
4478 4 2 2 31 958 1830 1656 1888
4479 4 2 2 31 1325 1652 1866 1882
4480 4 2 2 31 531 1911 1662 1915
4481 4 2 2 31 1077 1037 1064 1694
4482 4 2 2 31 42 1681 1683 2055
4483 4 2 2 31 1653 865 1828 1943
4484 4 2 2 31 1629 1633 1753 1798
4485 4 2 2 31 1023 1803 1710 1868
4486 4 2 2 31 508 1752 450 1890
4487 4 2 2 31 1675 1890 1633 1901
4488 4 2 2 31 1267 1249 1765 1972
4489 4 2 2 31 1417 1280 1656 1765
4490 4 2 2 31 1188 1797 1753 1891
4491 4 2 2 31 1513 1805 1658 1867
4492 4 2 2 31 483 1685 1731 1953
4493 4 2 2 31 1699 1752 1741 1997
4494 4 2 2 31 1720 1780 1673 1919
4495 4 2 2 31 523 1953 1731 2074
4496 4 2 2 31 1699 1741 1754 1997
4497 4 2 2 31 414 1731 1912 1942
4498 4 2 2 31 1310 1680 740 1984
4499 4 2 2 31 962 1706 1895 1943
4500 4 2 2 31 1126 1721 1127 1903
4501 4 2 2 31 465 1673 500 1777
4502 4 2 2 31 1369 1827 1524 1880
4503 4 2 2 31 1026 1895 1698 1904
4504 4 2 2 31 958 1656 1821 1888
4505 4 2 2 31 531 1915 1662 2045
4506 4 2 2 31 1199 1700 1898 2021
4507 4 2 2 31 414 1767 1731 1942
4508 4 2 2 31 901 1821 1642 1888
4509 4 2 2 31 1693 1770 37 2076
4510 4 2 2 31 1641 1681 1852 1969
4511 4 2 2 31 998 1658 863 1867
4512 4 2 2 31 1362 1860 1640 1880
4513 4 2 2 31 740 734 1090 1695
4514 4 2 2 31 1633 1705 1629 1753
4515 4 2 2 31 1648 1800 1043 1892
4516 4 2 2 31 1763 1890 1675 1901
4517 4 2 2 31 1829 1848 1651 1903
4518 4 2 2 31 1344 1199 1700 1938
4519 4 2 2 31 1676 1814 1601 1902
4520 4 2 2 31 1482 1511 1298 1930
4521 4 2 2 31 949 801 1749 1830
4522 4 2 2 31 463 422 1731 1767
4523 4 2 2 31 997 1864 1646 1969
4524 4 2 2 31 1325 1855 1652 2073
4525 4 2 2 31 979 1659 938 1999
4526 4 2 2 31 99 855 1738 1769
4527 4 2 2 31 1691 1700 1637 1938
4528 4 2 2 31 1741 1754 1628 2038
4529 4 2 2 31 1661 1736 1782 2011
4530 4 2 2 31 1644 1910 1771 1975
4531 4 2 2 31 476 1758 528 2026
4532 4 2 2 31 1603 1724 1710 2067
4533 4 2 2 31 1813 1858 1649 1889
4534 4 2 2 31 1132 1442 1829 1877
4535 4 2 2 31 1171 1783 1671 1785
4536 4 2 2 31 1286 1869 1285 1947
4537 4 2 2 31 412 1625 504 1942
4538 4 2 2 31 738 1840 1936 2018
4539 4 2 2 31 1399 1485 1808 1876
4540 4 2 2 31 1639 1720 1673 1919
4541 4 2 2 31 1658 1806 863 1867
4542 4 2 2 31 1651 1743 447 1956
4543 4 2 2 31 1417 1399 1808 1876
4544 4 2 2 31 1264 1897 1695 1976
4545 4 2 2 31 938 1999 1659 2015
4546 4 2 2 31 859 1649 1858 1889
4547 4 2 2 31 1645 1815 1750 1838
4548 4 2 2 31 1052 1793 1780 1941
4549 4 2 2 31 1417 1765 1656 1808
4550 4 2 2 31 436 1792 1645 1859
4551 4 2 2 31 1225 1640 1362 1847
4552 4 2 2 31 1344 1938 1700 1979
4553 4 2 2 31 997 943 1864 1969
4554 4 2 2 31 1659 1722 938 2015
4555 4 2 2 31 436 354 1683 1775
4556 4 2 2 31 1692 1926 1744 2029
4557 4 2 2 31 859 1858 1813 1889
4558 4 2 2 31 476 11 528 1758
4559 4 2 2 31 1195 1193 1196 1901
4560 4 2 2 31 36 1770 1810 2076
4561 4 2 2 31 1175 1951 1751 2035
4562 4 2 2 31 1685 1777 494 1912
4563 4 2 2 31 1792 1879 1621 2000
4564 4 2 2 31 38 1693 360 1792
4565 4 2 2 31 1691 1863 1700 1938
4566 4 2 2 31 504 1625 412 1963
4567 4 2 2 31 1798 1934 510 2038
4568 4 2 2 31 945 990 855 1923
4569 4 2 2 31 1736 1212 1782 2011
4570 4 2 2 31 1653 1684 1943 2070
4571 4 2 2 31 1733 1857 1718 1972
4572 4 2 2 31 782 1643 773 1833
4573 4 2 2 31 1134 1848 1669 2017
4574 4 2 2 31 1219 1844 1765 1972
4575 4 2 2 31 899 1701 1689 1814
4576 4 2 2 31 1660 1674 1602 1896
4577 4 2 2 31 1657 1824 1512 1930
4578 4 2 2 31 1678 1880 1827 1980
4579 4 2 2 31 1325 1882 1324 2073
4580 4 2 2 31 465 1056 1673 1777
4581 4 2 2 31 436 1683 41 1859
4582 4 2 2 31 1661 1782 1751 2011
4583 4 2 2 31 1656 1830 1497 1888
4584 4 2 2 31 906 28 1812 1868
4585 4 2 2 31 738 1936 1680 2018
4586 4 2 2 31 1619 1877 1318 1878
4587 4 2 2 31 1751 1949 1748 2011
4588 4 2 2 31 872 1471 1830 1888
4589 4 2 2 31 1716 1852 1681 1969
4590 4 2 2 31 1171 1211 1183 1671
4591 4 2 2 31 1783 1883 1761 2033
4592 4 2 2 31 1732 1870 1646 1905
4593 4 2 2 31 1512 1657 1509 1825
4594 4 2 2 31 1496 1399 1485 1808
4595 4 2 2 31 1354 1800 1439 1892
4596 4 2 2 31 1224 1759 1714 2021
4597 4 2 2 31 1195 1196 1634 1901
4598 4 2 2 31 1456 1325 1324 2073
4599 4 2 2 31 1273 1804 1274 1981
4600 4 2 2 31 1634 1806 92 1890
4601 4 2 2 31 1633 1901 1190 1997
4602 4 2 2 31 1656 1765 1280 2036
4603 4 2 2 31 1669 1842 1781 1863
4604 4 2 2 31 1692 1744 1490 2029
4605 4 2 2 31 360 1693 1881 2027
4606 4 2 2 31 1131 1779 1848 1903
4607 4 2 2 31 1030 465 1056 1673
4608 4 2 2 31 1272 1677 1330 1714
4609 4 2 2 31 949 1749 958 1830
4610 4 2 2 31 1197 1773 1199 2066
4611 4 2 2 31 871 789 719 1706
4612 4 2 2 31 1694 1936 1840 2018
4613 4 2 2 31 1335 1362 1640 1847
4614 4 2 2 31 1157 1883 1723 1940
4615 4 2 2 31 1052 1780 1720 1941
4616 4 2 2 31 1645 1792 436 1850
4617 4 2 2 31 1643 1862 1655 1937
4618 4 2 2 31 1259 1800 1839 1874
4619 4 2 2 31 1699 1779 1743 1848
4620 4 2 2 31 1274 1407 1284 1932
4621 4 2 2 31 1646 1826 997 1969
4622 4 2 2 31 858 997 1826 1969
4623 4 2 2 31 869 721 963 1665
4624 4 2 2 31 516 376 1030 1673
4625 4 2 2 31 1687 1882 1851 1948
4626 4 2 2 31 1075 1673 1056 1777
4627 4 2 2 31 1134 1669 1877 2017
4628 4 2 2 31 1676 1713 1642 1918
4629 4 2 2 31 43 42 1681 1944
4630 4 2 2 31 1195 1634 1196 1886
4631 4 2 2 31 410 412 504 1942
4632 4 2 2 31 1635 1817 1742 2010
4633 4 2 2 31 1212 1751 1175 1782
4634 4 2 2 31 1646 1864 1730 1969
4635 4 2 2 31 1684 1719 1579 1855
4636 4 2 2 31 1603 1660 1854 1868
4637 4 2 2 31 50 1862 1843 2054
4638 4 2 2 31 1510 1825 1509 1931
4639 4 2 2 31 1077 797 1037 1694
4640 4 2 2 31 1642 1888 1689 1918
4641 4 2 2 31 1824 1930 1657 1967
4642 4 2 2 31 1611 1783 1761 2033
4643 4 2 2 31 828 804 1882 1948
4644 4 2 2 31 773 1643 782 1796
4645 4 2 2 31 1605 1946 1800 2018
4646 4 2 2 31 1709 1895 1706 1943
4647 4 2 2 31 1576 1719 1674 1896
4648 4 2 2 31 1798 1835 1633 1890
4649 4 2 2 31 410 1910 1772 1942
4650 4 2 2 31 88 1642 901 1821
4651 4 2 2 31 949 961 801 1830
4652 4 2 2 31 1646 1716 1681 1969
4653 4 2 2 31 780 778 1739 1757
4654 4 2 2 31 1478 1678 1522 1737
4655 4 2 2 31 720 1336 1083 1739
4656 4 2 2 31 1071 1673 1720 1780
4657 4 2 2 31 1761 1783 1611 1881
4658 4 2 2 31 418 494 1777 1912
4659 4 2 2 31 1781 1863 1842 1979
4660 4 2 2 31 922 1650 1003 1845
4661 4 2 2 31 973 1701 1667 2043
4662 4 2 2 31 1280 1281 1417 1656
4663 4 2 2 31 1183 1671 1211 1897
4664 4 2 2 31 516 1673 1030 1780
4665 4 2 2 31 447 1743 1651 1811
4666 4 2 2 31 393 2072 1819 2077
4667 4 2 2 31 1753 1891 1797 2047
4668 4 2 2 31 1228 1711 1366 1717
4669 4 2 2 31 1067 1051 1080 1692
4670 4 2 2 31 1759 1898 1636 2021
4671 4 2 2 31 1636 1813 1637 1898
4672 4 2 2 31 1636 1700 1637 1873
4673 4 2 2 31 1546 1307 1805 1893
4674 4 2 2 31 1866 1882 1652 2068
4675 4 2 2 31 906 1803 28 1868
4676 4 2 2 31 1668 1737 1649 1858
4677 4 2 2 31 1628 1798 1688 2047
4678 4 2 2 31 1164 1174 1177 1783
4679 4 2 2 31 1621 1785 1693 1809
4680 4 2 2 31 988 853 1663 1923
4681 4 2 2 31 768 1845 770 1922
4682 4 2 2 31 1625 1910 1762 1975
4683 4 2 2 31 349 1676 1567 1733
4684 4 2 2 31 1016 1665 970 1820
4685 4 2 2 31 1041 1068 1081 1694
4686 4 2 2 31 858 1826 1944 1969
4687 4 2 2 31 1504 1701 1702 1718
4688 4 2 2 31 1092 1805 1305 1824
4689 4 2 2 31 1765 1899 1280 2036
4690 4 2 2 31 917 1706 719 1895
4691 4 2 2 31 1647 1911 86 1915
4692 4 2 2 31 1 1023 1710 1868
4693 4 2 2 31 392 1768 2072 2077
4694 4 2 2 31 871 719 917 1706
4695 4 2 2 31 1645 1850 1775 1906
4696 4 2 2 31 78 1674 434 1684
4697 4 2 2 31 1325 1882 1866 2068
4698 4 2 2 31 424 529 1687 2045
4699 4 2 2 31 991 989 1654 1920
4700 4 2 2 31 991 1654 1794 1920
4701 4 2 2 31 1257 1716 1870 2024
4702 4 2 2 31 1030 1673 1071 1780
4703 4 2 2 31 393 392 2072 2077
4704 4 2 2 31 1785 1879 1617 2001
4705 4 2 2 31 876 1058 1063 1793
4706 4 2 2 31 1403 1261 1839 2018
4707 4 2 2 31 875 1064 1059 1789
4708 4 2 2 31 1781 1691 1863 1979
4709 4 2 2 31 37 1770 1693 2061
4710 4 2 2 31 1267 1765 1249 1808
4711 4 2 2 31 1783 1883 1161 1940
4712 4 2 2 31 1650 1784 1747 1921
4713 4 2 2 31 899 846 1814 1918
4714 4 2 2 31 1365 1852 1160 1989
4715 4 2 2 31 1148 1782 1742 2010
4716 4 2 2 31 1643 1655 1833 1937
4717 4 2 2 31 1043 1045 1072 1953
4718 4 2 2 31 1272 1330 1226 1714
4719 4 2 2 31 1627 1843 1715 2054
4720 4 2 2 31 738 1680 718 2018
4721 4 2 2 31 86 1713 1647 1915
4722 4 2 2 31 1512 1824 1657 1825
4723 4 2 2 31 1886 1898 1649 1980
4724 4 2 2 31 1272 1677 1964 2065
4725 4 2 2 31 448 447 1743 1956
4726 4 2 2 31 989 944 991 1654
4727 4 2 2 31 1043 1045 1648 1892
4728 4 2 2 31 1281 1417 1656 1876
4729 4 2 2 31 42 1944 941 1966
4730 4 2 2 31 1030 1071 1055 1780
4731 4 2 2 31 738 1840 1694 1936
4732 4 2 2 31 1305 1805 1658 1824
4733 4 2 2 31 472 1771 1644 1910
4734 4 2 2 31 915 1692 1489 2029
4735 4 2 2 31 421 1685 494 1912
4736 4 2 2 31 963 1803 1665 1908
4737 4 2 2 31 1254 1983 1750 2050
4738 4 2 2 31 1260 1740 1874 1965
4739 4 2 2 31 1655 1724 1710 1803
4740 4 2 2 31 1631 1754 1741 2038
4741 4 2 2 31 1318 1829 1619 1878
4742 4 2 2 31 1000 1678 1737 1889
4743 4 2 2 31 1656 1808 1497 1876
4744 4 2 2 31 998 1825 1658 1867
4745 4 2 2 31 1604 1657 1758 1929
4746 4 2 2 31 1605 1839 1800 1874
4747 4 2 2 31 892 1796 772 2062
4748 4 2 2 31 1281 1656 1280 2036
4749 4 2 2 31 1556 1579 1719 1855
4750 4 2 2 31 1850 1906 1790 1994
4751 4 2 2 31 1713 1647 1915 1987
4752 4 2 2 31 1651 1848 1779 1903
4753 4 2 2 31 846 900 899 1814
4754 4 2 2 31 1631 1741 1699 1998
4755 4 2 2 31 1179 1838 1809 2001
4756 4 2 2 31 475 416 1686 1818
4757 4 2 2 31 1753 1797 1120 2049
4758 4 2 2 31 1362 1640 1225 1759
4759 4 2 2 31 500 1777 1673 1952
4760 4 2 2 31 865 1653 1828 2002
4761 4 2 2 31 1519 1748 1532 1860
4762 4 2 2 31 1786 1899 1437 1987
4763 4 2 2 31 1509 1657 1512 1930
4764 4 2 2 31 1609 1738 1736 1769
4765 4 2 2 31 1200 1898 1224 2021
4766 4 2 2 31 1653 1866 820 1947
4767 4 2 2 31 405 406 1910 1968
4768 4 2 2 31 400 1850 1756 1924
4769 4 2 2 31 869 783 721 1665
4770 4 2 2 31 1134 1132 1848 2017
4771 4 2 2 31 351 464 1057 1777
4772 4 2 2 31 1710 1727 1603 1849
4773 4 2 2 31 1772 1910 1625 1942
4774 4 2 2 31 1605 1712 1839 1874
4775 4 2 2 31 1639 1919 1673 2004
4776 4 2 2 31 88 1713 1676 1918
4777 4 2 2 31 1043 1648 1045 1953
4778 4 2 2 31 1553 424 1687 2045
4779 4 2 2 31 1376 1658 1705 2049
4780 4 2 2 31 1196 1886 1634 1887
4781 4 2 2 31 1723 1885 1157 1940
4782 4 2 2 31 1175 1782 1751 1951
4783 4 2 2 31 1137 1914 1842 1979
4784 4 2 2 31 42 43 1681 2055
4785 4 2 2 31 424 1553 1687 2019
4786 4 2 2 31 1726 1843 526 2009
4787 4 2 2 31 1254 1870 1983 2050
4788 4 2 2 31 1071 1720 1053 1780
4789 4 2 2 31 1368 1257 1716 1870
4790 4 2 2 31 1293 1294 1833 1937
4791 4 2 2 31 1156 1161 1783 1883
4792 4 2 2 31 1329 779 1084 1690
4793 4 2 2 31 1642 1765 1844 1972
4794 4 2 2 31 1698 1764 749 1820
4795 4 2 2 31 1681 1641 1960 1969
4796 4 2 2 31 1331 1914 1700 2021
4797 4 2 2 31 1362 1335 1640 1860
4798 4 2 2 31 1800 1946 1403 2018
4799 4 2 2 31 1365 1852 1815 1983
4800 4 2 2 31 1772 1910 406 1968
4801 4 2 2 31 1747 1784 1294 1937
4802 4 2 2 31 1030 1055 516 1780
4803 4 2 2 31 1200 1759 1224 1898
4804 4 2 2 31 1471 1497 1830 1888
4805 4 2 2 31 1499 874 1689 1888
4806 4 2 2 31 1051 1692 1067 1793
4807 4 2 2 31 915 1926 1692 2029
4808 4 2 2 31 381 448 447 1743
4809 4 2 2 31 820 1653 1828 1866
4810 4 2 2 31 1749 1830 814 2036
4811 4 2 2 31 1676 1713 1561 1844
4812 4 2 2 31 1249 1219 1765 1972
4813 4 2 2 31 1485 1497 1808 1876
4814 4 2 2 31 1041 1068 1694 1789
4815 4 2 2 31 1083 780 1739 1757
4816 4 2 2 31 1779 1848 1699 2005
4817 4 2 2 31 1376 1933 1658 2049
4818 4 2 2 31 1620 1767 1731 1974
4819 4 2 2 31 1762 1910 1644 1975
4820 4 2 2 31 820 1828 1653 2002
4821 4 2 2 31 1730 1845 1650 1927
4822 4 2 2 31 1666 1601 1902 1992
4823 4 2 2 31 1366 1831 1711 1975
4824 4 2 2 31 1513 1658 1824 1825
4825 4 2 2 31 1653 1947 820 2002
4826 4 2 2 31 1523 1827 1678 1880
4827 4 2 2 31 1720 2003 1394 2075
4828 4 2 2 31 1761 1783 1638 1883
4829 4 2 2 31 1757 1617 1879 2001
4830 4 2 2 31 1653 1709 1706 1943
4831 4 2 2 31 1325 1652 1855 1866
4832 4 2 2 31 1678 1759 1880 1980
4833 4 2 2 31 1192 1190 1901 1997
4834 4 2 2 31 436 354 41 1683
4835 4 2 2 31 1000 1737 859 1889
4836 4 2 2 31 1741 1752 1633 1997
4837 4 2 2 31 1706 1709 745 1895
4838 4 2 2 31 875 957 1064 1789
4839 4 2 2 31 991 1654 944 1966
4840 4 2 2 31 1514 1663 1516 1856
4841 4 2 2 31 1700 1938 1863 1979
4842 4 2 2 31 1699 1741 1631 1754
4843 4 2 2 31 1252 1857 1733 1972
4844 4 2 2 31 1601 1814 1701 1990
4845 4 2 2 31 1723 1883 1638 1940
4846 4 2 2 31 1699 1743 1624 1848
4847 4 2 2 31 876 1063 956 1793
4848 4 2 2 31 869 1016 970 1820
4849 4 2 2 31 979 1659 1837 1991
4850 4 2 2 31 1714 1759 1636 2021
4851 4 2 2 31 1052 1065 1793 1941
4852 4 2 2 31 417 512 479 1868
4853 4 2 2 31 28 527 29 1812
4854 4 2 2 31 414 463 1731 1767
4855 4 2 2 31 519 446 472 1801
4856 4 2 2 31 991 1794 884 1920
4857 4 2 2 31 1657 1604 1760 1929
4858 4 2 2 31 1649 1886 1773 1898
4859 4 2 2 31 356 508 450 1890
4860 4 2 2 31 509 1792 436 1859
4861 4 2 2 31 493 1763 1752 1884
4862 4 2 2 31 1633 1835 1705 1890
4863 4 2 2 31 1615 1837 1704 1894
4864 4 2 2 31 1273 1896 1804 1981
4865 4 2 2 31 1602 1764 1698 1820
4866 4 2 2 31 872 1471 1539 1830
4867 4 2 2 31 1146 1742 1817 2010
4868 4 2 2 31 1736 1738 1609 1847
4869 4 2 2 31 1908 2006 1724 2020
4870 4 2 2 31 828 1948 1687 2056
4871 4 2 2 31 1252 1718 1430 1857
4872 4 2 2 31 1148 1742 1146 2010
4873 4 2 2 31 1805 1886 1668 1893
4874 4 2 2 31 760 1794 1755 1978
4875 4 2 2 31 1354 1044 1800 1892
4876 4 2 2 31 1228 1717 1366 1957
4877 4 2 2 31 483 1685 421 1731
4878 4 2 2 31 1710 1862 50 2054
4879 4 2 2 31 448 1743 1726 1956
4880 4 2 2 31 853 1841 1663 1923
4881 4 2 2 31 963 1665 721 1908
4882 4 2 2 31 1810 2046 429 2076
4883 4 2 2 31 1425 1866 1855 1869
4884 4 2 2 31 1622 1768 1708 2077
4885 4 2 2 31 1016 1803 906 1812
4886 4 2 2 31 1271 1748 1949 2011
4887 4 2 2 31 1618 1988 1850 1994
4888 4 2 2 31 464 1685 1057 1777
4889 4 2 2 31 782 1774 1643 1784
4890 4 2 2 31 862 1921 1650 1927
4891 4 2 2 31 863 1806 1658 1835
4892 4 2 2 31 1698 1895 747 1932
4893 4 2 2 31 945 1856 990 1923
4894 4 2 2 31 962 1706 1943 2002
4895 4 2 2 31 1622 1708 1819 2077
4896 4 2 2 31 814 1749 801 1830
4897 4 2 2 31 1726 526 1956 2009
4898 4 2 2 31 1773 1813 1763 1858
4899 4 2 2 31 1075 1673 1777 2059
4900 4 2 2 31 1526 1805 1668 1893
4901 4 2 2 31 1307 1527 1308 1893
4902 4 2 2 31 1615 1659 1837 1894
4903 4 2 2 31 436 1775 1645 1850
4904 4 2 2 31 997 1826 1646 1864
4905 4 2 2 31 785 1774 770 1845
4906 4 2 2 31 870 1667 2028 2043
4907 4 2 2 31 1705 1753 1190 2049
4908 4 2 2 31 1270 1748 1449 2011
4909 4 2 2 31 1643 1796 773 1833
4910 4 2 2 31 483 421 523 1731
4911 4 2 2 31 1650 1845 922 1927
4912 4 2 2 31 1167 1848 1779 2005
4913 4 2 2 31 1044 1043 1800 1892
4914 4 2 2 31 1741 1752 1699 1998
4915 4 2 2 31 1120 1753 1188 1797
4916 4 2 2 31 1134 1877 1132 2017
4917 4 2 2 31 1652 1828 1653 1866
4918 4 2 2 31 1188 1398 1118 1891
4919 4 2 2 31 1579 1652 2019 2070
4920 4 2 2 31 493 1884 1752 2069
4921 4 2 2 31 1824 1657 1933 1967
4922 4 2 2 31 1608 1869 1709 1932
4923 4 2 2 31 1683 1775 1645 1859
4924 4 2 2 31 1271 1949 1751 2011
4925 4 2 2 31 1634 1890 1763 1901
4926 4 2 2 31 467 1835 1798 1890
4927 4 2 2 31 475 416 403 1686
4928 4 2 2 31 1763 1773 1637 1813
4929 4 2 2 31 1009 968 874 1689
4930 4 2 2 31 1689 1888 1010 1918
4931 4 2 2 31 770 1774 1784 1922
4932 4 2 2 31 1042 1787 1789 1946
4933 4 2 2 31 1167 1779 1699 2005
4934 4 2 2 31 1118 1797 1188 1891
4935 4 2 2 31 1658 1825 1513 1867
4936 4 2 2 31 1760 1929 1667 2028
4937 4 2 2 31 875 1014 957 1789
4938 4 2 2 31 1704 1837 1659 1894
4939 4 2 2 31 1601 1733 1718 1972
4940 4 2 2 31 1478 1531 1523 1678
4941 4 2 2 31 1344 1700 1415 1979
4942 4 2 2 31 1748 1860 1707 2013
4943 4 2 2 31 1636 1637 1813 1873
4944 4 2 2 31 1484 1489 915 1692
4945 4 2 2 31 1344 1199 1415 1700
4946 4 2 2 31 1655 1643 1796 1862
4947 4 2 2 31 1252 1718 1857 1972
4948 4 2 2 31 1015 876 956 1793
4949 4 2 2 31 1659 1725 1494 1950
4950 4 2 2 31 897 845 896 1900
4951 4 2 2 31 1497 1808 1656 1888
4952 4 2 2 31 1175 1951 1745 2030
4953 4 2 2 31 1606 1778 1846 1952
4954 4 2 2 31 11 1816 1758 1929
4955 4 2 2 31 1659 1615 1837 1991
4956 4 2 2 31 1635 1742 1817 1924
4957 4 2 2 31 1665 753 1908 2020
4958 4 2 2 31 1574 1576 1674 1896
4959 4 2 2 31 893 1484 915 1692
4960 4 2 2 31 1310 718 740 1680
4961 4 2 2 31 1573 1727 1807 2053
4962 4 2 2 31 1574 1660 1735 1896
4963 4 2 2 31 961 833 801 1830
4964 4 2 2 31 991 884 989 1920
4965 4 2 2 31 1012 839 795 1706
4966 4 2 2 31 454 357 1836 2080
4967 4 2 2 31 1671 1785 1617 1897
4968 4 2 2 31 1666 1816 1697 1992
4969 4 2 2 31 1068 1059 1064 1789
4970 4 2 2 31 102 1841 1801 1991
4971 4 2 2 31 1668 1806 861 1858
4972 4 2 2 31 1659 1999 1766 2015
4973 4 2 2 31 1651 1743 1779 1848
4974 4 2 2 31 1741 1633 1754 1997
4975 4 2 2 31 1611 1703 1756 1790
4976 4 2 2 31 1042 1789 1066 1946
4977 4 2 2 31 1567 1733 1676 1844
4978 4 2 2 31 1663 1856 1514 1995
4979 4 2 2 31 1058 1067 1063 1793
4980 4 2 2 31 1032 1720 1094 1941
4981 4 2 2 31 887 1000 1678 1737
4982 4 2 2 31 861 92 93 1806
4983 4 2 2 31 1640 1335 1847 1860
4984 4 2 2 31 1621 1792 1693 1879
4985 4 2 2 31 761 884 1794 1920
4986 4 2 2 31 1318 1132 1442 1829
4987 4 2 2 31 719 1706 745 1895
4988 4 2 2 31 1931 2028 1667 2043
4989 4 2 2 31 28 1803 844 1868
4990 4 2 2 31 431 496 1591 1676
4991 4 2 2 31 861 1806 93 1858
4992 4 2 2 31 1164 1783 1177 2033
4993 4 2 2 31 404 406 1968 2046
4994 4 2 2 31 1645 1790 1850 1906
4995 4 2 2 31 720 1083 780 1739
4996 4 2 2 31 78 1904 1684 1943
4997 4 2 2 31 1601 1733 1972 2064
4998 4 2 2 31 364 526 1843 2009
4999 4 2 2 31 1636 1898 1700 2021
5000 4 2 2 31 1043 1648 1787 1800
5001 4 2 2 31 1641 1788 1781 1842
5002 4 2 2 31 1139 1842 1137 1914
5003 4 2 2 31 1128 1126 1127 1903
5004 4 2 2 31 988 1663 1856 1923
5005 4 2 2 31 1370 1544 1725 1950
5006 4 2 2 31 1781 1788 1623 1842
5007 4 2 2 31 1279 1941 1720 2075
5008 4 2 2 31 415 1555 530 1934
5009 4 2 2 31 1748 1751 1663 1949
5010 4 2 2 31 1757 1879 1696 2001
5011 4 2 2 31 28 527 1812 1868
5012 4 2 2 31 1035 1060 1049 1846
5013 4 2 2 31 78 471 434 1674
5014 4 2 2 31 1756 1790 1703 1986
5015 4 2 2 31 1496 1485 1497 1808
5016 4 2 2 31 1648 1731 1620 1874
5017 4 2 2 31 1657 1929 1760 2028
5018 4 2 2 31 1577 1807 1727 1875
5019 4 2 2 31 1122 1807 1721 2023
5020 4 2 2 31 749 1764 1698 1804
5021 4 2 2 31 424 1687 529 2019
5022 4 2 2 31 1623 1819 1708 2077
5023 4 2 2 31 1805 1668 1886 1887
5024 4 2 2 31 400 1850 1924 1988
5025 4 2 2 31 1303 1922 1784 1985
5026 4 2 2 31 773 782 772 1796
5027 4 2 2 31 415 528 491 1688
5028 4 2 2 31 1756 1850 1618 1924
5029 4 2 2 31 1319 1264 1695 1976
5030 4 2 2 31 1747 1784 1643 1921
5031 4 2 2 31 1648 1731 1874 1965
5032 4 2 2 31 1248 1366 1831 1957
5033 4 2 2 31 1799 1891 1628 1934
5034 4 2 2 31 1622 1672 1817 1958
5035 4 2 2 31 1191 1705 1190 2049
5036 4 2 2 31 1673 1919 1780 2004
5037 4 2 2 31 1655 1710 1724 2067
5038 4 2 2 31 1622 1728 1746 1817
5039 4 2 2 31 472 1802 446 1910
5040 4 2 2 31 979 938 976 1999
5041 4 2 2 31 1622 1819 1708 1914
5042 4 2 2 31 1546 1527 1307 1893
5043 4 2 2 31 1715 1655 1862 1937
5044 4 2 2 31 1653 1943 1706 2002
5045 4 2 2 31 1708 1819 1623 1914
5046 4 2 2 31 1622 1672 1728 1817
5047 4 2 2 31 1703 1761 1883 2033
5048 4 2 2 31 415 1688 1555 1934
5049 4 2 2 31 1606 1729 1670 1778
5050 4 2 2 31 1449 1748 1271 2011
5051 4 2 2 31 1639 1846 1778 1952
5052 4 2 2 31 870 973 1667 2043
5053 4 2 2 31 1279 1720 1394 2075
5054 4 2 2 31 1523 1524 1827 1880
5055 4 2 2 31 1676 1902 1601 1992
5056 4 2 2 31 1711 1831 1771 1975
5057 4 2 2 31 988 853 986 1663
5058 4 2 2 31 1190 1753 1633 1997
5059 4 2 2 31 1319 1265 1264 1976
5060 4 2 2 31 1321 1882 804 1948
5061 4 2 2 31 1132 1877 1829 2017
5062 4 2 2 31 1611 1693 1792 2027
5063 4 2 2 31 381 1726 448 1743
5064 4 2 2 31 480 109 12 1666
5065 4 2 2 31 1294 1093 1293 1833
5066 4 2 2 31 1016 1665 1803 1812
5067 4 2 2 31 1489 1692 1490 2029
5068 4 2 2 31 1745 1208 1939 1975
5069 4 2 2 31 793 1696 778 1757
5070 4 2 2 31 929 1514 1856 1995
5071 4 2 2 31 1593 1462 1733 1844
5072 4 2 2 31 1062 792 735 1840
5073 4 2 2 31 1731 1620 1874 1965
5074 4 2 2 31 528 491 1688 1816
5075 4 2 2 31 844 28 906 1803
5076 4 2 2 31 475 1686 403 1968
5077 4 2 2 31 1736 1738 1616 1769
5078 4 2 2 31 1152 1703 1149 1795
5079 4 2 2 31 1646 1870 1716 2024
5080 4 2 2 31 716 1084 779 1690
5081 4 2 2 31 1734 2022 395 2072
5082 4 2 2 31 1616 1769 1738 1923
5083 4 2 2 31 1711 1717 1228 2063
5084 4 2 2 31 406 1772 1968 2046
5085 4 2 2 31 1111 1719 1418 1855
5086 4 2 2 31 1632 1659 1722 2008
5087 4 2 2 31 1098 1334 1517 1748
5088 4 2 2 31 1647 1899 1786 1987
5089 4 2 2 31 1727 1854 1660 1868
5090 4 2 2 31 1499 1888 1689 1973
5091 4 2 2 31 1698 1764 1602 1804
5092 4 2 2 31 1603 1660 1812 1959
5093 4 2 2 31 84 1662 531 1911
5094 4 2 2 31 102 101 1801 1841
5095 4 2 2 31 1525 1737 1668 2031
5096 4 2 2 31 1532 1748 1334 2013
5097 4 2 2 31 1770 1695 1822 2039
5098 4 2 2 31 1605 1712 1648 1787
5099 4 2 2 31 1566 1891 1799 1934
5100 4 2 2 31 905 1825 867 2028
5101 4 2 2 31 970 1665 1016 1812
5102 4 2 2 31 475 1802 1801 1917
5103 4 2 2 31 1563 1562 1697 1992
5104 4 2 2 31 1846 1907 1300 2071
5105 4 2 2 31 1707 1738 1616 1847
5106 4 2 2 31 1579 2019 1652 2073
5107 4 2 2 31 421 1731 1685 1912
5108 4 2 2 31 1648 1620 1731 1974
5109 4 2 2 31 348 349 1733 1992
5110 4 2 2 31 791 736 835 1871
5111 4 2 2 31 995 993 1944 1970
5112 4 2 2 31 964 973 900 1814
5113 4 2 2 31 1369 1524 1339 1880
5114 4 2 2 31 454 1836 357 1969
5115 4 2 2 31 988 929 1856 1995
5116 4 2 2 31 1632 1771 1711 1831
5117 4 2 2 31 1062 1037 792 1840
5118 4 2 2 31 1326 1723 1762 2032
5119 4 2 2 31 1376 1658 1305 1887
5120 4 2 2 31 1660 1602 1812 1959
5121 4 2 2 31 1400 1318 1877 1878
5122 4 2 2 31 870 1667 904 2028
5123 4 2 2 31 897 896 1820 1900
5124 4 2 2 31 100 1841 1661 1917
5125 4 2 2 31 1063 1692 956 1793
5126 4 2 2 31 1331 1677 1914 2021
5127 4 2 2 31 1368 1852 1257 1870
5128 4 2 2 31 1721 1807 1122 1916
5129 4 2 2 31 1836 1909 484 1927
5130 4 2 2 31 1336 1447 1083 1739
5131 4 2 2 31 872 1830 958 1888
5132 4 2 2 31 1579 1652 1855 2073
5133 4 2 2 31 1365 1255 1852 1983
5134 4 2 2 31 1573 1660 1727 1854
5135 4 2 2 31 959 867 1931 2028
5136 4 2 2 31 110 1666 503 1816
5137 4 2 2 31 450 1763 457 1890
5138 4 2 2 31 869 1665 1016 1820
5139 4 2 2 31 988 1856 1663 1995
5140 4 2 2 31 1709 1869 1284 1932
5141 4 2 2 31 1134 1133 1669 1848
5142 4 2 2 31 1665 1908 1724 2020
5143 4 2 2 31 1872 1915 1647 1987
5144 4 2 2 31 1402 1700 1331 1914
5145 4 2 2 31 1703 1149 1795 1986
5146 4 2 2 31 1377 1930 1824 1967
5147 4 2 2 31 949 958 961 1830
5148 4 2 2 31 1603 1727 1710 1868
5149 4 2 2 31 1670 1729 1606 1912
5150 4 2 2 31 1076 1685 1046 1907
5151 4 2 2 31 473 376 516 1673
5152 4 2 2 31 430 429 2046 2076
5153 4 2 2 31 899 1814 1689 1918
5154 4 2 2 31 1567 1676 1561 1844
5155 4 2 2 31 913 868 722 1796
5156 4 2 2 31 1396 1430 1718 1857
5157 4 2 2 31 957 1694 1064 1789
5158 4 2 2 31 1238 1177 1809 2033
5159 4 2 2 31 1623 1700 1677 1971
5160 4 2 2 31 1225 1714 1640 1847
5161 4 2 2 31 1531 1523 1678 1853
5162 4 2 2 31 1640 1738 1707 1847
5163 4 2 2 31 1238 1809 1790 2033
5164 4 2 2 31 1809 1838 1621 2001
5165 4 2 2 31 1139 1138 1842 1996
5166 4 2 2 31 1745 1831 1208 1975
5167 4 2 2 31 510 1688 415 1934
5168 4 2 2 31 779 1690 1329 1905
5169 4 2 2 31 1291 1937 1833 2067
5170 4 2 2 31 1412 1300 1907 2071
5171 4 2 2 31 1784 1922 1650 1985
5172 4 2 2 31 791 835 812 1871
5173 4 2 2 31 1326 1977 1723 2032
5174 4 2 2 31 870 1701 973 2043
5175 4 2 2 31 905 1955 1825 2028
5176 4 2 2 31 1617 1693 1671 1770
5177 4 2 2 31 1207 1711 1228 2063
5178 4 2 2 31 1622 1817 1746 1958
5179 4 2 2 31 781 2006 1908 2020
5180 4 2 2 31 430 2046 1881 2076
5181 4 2 2 31 1695 1791 724 1822
5182 4 2 2 31 1655 1796 1643 1833
5183 4 2 2 31 1163 1173 1885 1977
5184 4 2 2 31 1632 1722 1831 2008
5185 4 2 2 31 479 1575 1660 1868
5186 4 2 2 31 1623 1842 1788 1996
5187 4 2 2 31 1326 1203 1977 2032
5188 4 2 2 31 1525 1668 1737 1893
5189 4 2 2 31 922 1845 1730 1927
5190 4 2 2 31 404 1968 1761 2046
5191 4 2 2 31 1639 1778 1729 1952
5192 4 2 2 31 865 1943 1653 2002
5193 4 2 2 31 993 1944 1794 1966
5194 4 2 2 31 1060 1393 1720 1846
5195 4 2 2 31 1368 1852 1716 2051
5196 4 2 2 31 1711 1717 1632 1957
5197 4 2 2 31 418 494 505 1777
5198 4 2 2 31 1003 922 862 1650
5199 4 2 2 31 1418 1855 1719 1869
5200 4 2 2 31 1638 1810 1767 1885
5201 4 2 2 31 1655 1803 1710 1908
5202 4 2 2 31 748 717 953 1698
5203 4 2 2 31 1623 1788 1708 1996
5204 4 2 2 31 1646 1944 1826 1969
5205 4 2 2 31 1670 1606 1778 2071
5206 4 2 2 31 1191 1192 1190 1901
5207 4 2 2 31 1347 1838 1179 2001
5208 4 2 2 31 1648 1731 1953 2074
5209 4 2 2 31 1691 1781 1623 1979
5210 4 2 2 31 1648 1874 1740 1965
5211 4 2 2 31 1522 1737 1678 1827
5212 4 2 2 31 944 1654 989 2000
5213 4 2 2 31 1532 1860 1748 2013
5214 4 2 2 31 1603 1854 1727 1868
5215 4 2 2 31 1619 1909 1836 1927
5216 4 2 2 31 527 1660 29 1812
5217 4 2 2 31 1601 1972 1718 2064
5218 4 2 2 31 1670 1885 1173 1977
5219 4 2 2 31 1161 1883 1157 1940
5220 4 2 2 31 736 1706 835 1871
5221 4 2 2 31 1188 1753 1120 2049
5222 4 2 2 31 1618 1817 1742 1924
5223 4 2 2 31 1612 1772 1883 2046
5224 4 2 2 31 1618 1790 1756 1986
5225 4 2 2 31 1486 1091 1544 1725
5226 4 2 2 31 36 1810 482 2076
5227 4 2 2 31 849 2014 1766 2015
5228 4 2 2 31 1221 1750 1254 1983
5229 4 2 2 31 1650 1922 1878 1985
5230 4 2 2 31 1175 1782 1951 2030
5231 4 2 2 31 1649 1737 1668 1893
5232 4 2 2 31 1601 1702 1701 1718
5233 4 2 2 31 1650 1784 1774 1922
5234 4 2 2 31 874 1010 1689 1888
5235 4 2 2 31 1488 1541 811 1830
5236 4 2 2 31 1372 1898 1886 1980
5237 4 2 2 31 1325 1323 1882 2068
5238 4 2 2 31 1552 1830 1497 1876
5239 4 2 2 31 1591 1676 496 1713
5240 4 2 2 31 1781 1842 1623 1979
5241 4 2 2 31 1330 1714 1677 2021
5242 4 2 2 31 1504 1701 1506 1702
5243 4 2 2 31 828 832 1948 2056
5244 4 2 2 31 1643 1784 1747 1937
5245 4 2 2 31 911 891 1481 1825
5246 4 2 2 31 1608 1895 1698 1932
5247 4 2 2 31 1035 1846 1049 2059
5248 4 2 2 31 505 418 1777 1912
5249 4 2 2 31 100 1769 1913 1923
5250 4 2 2 31 1093 1302 787 1784
5251 4 2 2 31 1321 1410 1882 1948
5252 4 2 2 31 1412 1300 1846 1907
5253 4 2 2 31 1720 1941 1607 2075
5254 4 2 2 31 1471 1497 1539 1830
5255 4 2 2 31 1171 1174 1783 1785
5256 4 2 2 31 1615 1745 1722 1894
5257 4 2 2 31 870 2028 1931 2043
5258 4 2 2 31 1640 1714 1225 1759
5259 4 2 2 31 1767 1810 1620 1885
5260 4 2 2 31 1313 1878 1922 1985
5261 4 2 2 31 906 1812 1803 1868
5262 4 2 2 31 1200 1223 1224 1759
5263 4 2 2 31 1723 1883 1772 2046
5264 4 2 2 31 1515 1663 1514 1995
5265 4 2 2 31 1663 1615 1841 1991
5266 4 2 2 31 1749 1899 817 1911
5267 4 2 2 31 90 1835 1955 2026
5268 4 2 2 31 1344 1863 1938 1979
5269 4 2 2 31 1616 1738 1736 1847
5270 4 2 2 31 1722 1771 472 2015
5271 4 2 2 31 1780 1793 1607 1941
5272 4 2 2 31 84 531 1662 2045
5273 4 2 2 31 1623 1677 1819 1971
5274 4 2 2 31 1755 1794 1654 1978
5275 4 2 2 31 951 1796 1655 1908
5276 4 2 2 31 1613 1944 1683 1966
5277 4 2 2 31 1359 1790 1986 2033
5278 4 2 2 31 1742 1782 1610 1818
5279 4 2 2 31 1650 1921 1682 1927
5280 4 2 2 31 995 886 993 1970
5281 4 2 2 31 436 1792 509 1850
5282 4 2 2 31 1685 1892 1046 1907
5283 4 2 2 31 1281 1876 1656 2036
5284 4 2 2 31 891 1536 1825 1867
5285 4 2 2 31 1843 1862 364 2009
5286 4 2 2 31 1578 1684 1579 2070
5287 4 2 2 31 1556 1719 1111 1855
5288 4 2 2 31 1611 1881 1693 2027
5289 4 2 2 31 1788 1852 1630 1996
5290 4 2 2 31 1627 1715 1710 2054
5291 4 2 2 31 1516 1748 1663 1949
5292 4 2 2 31 1515 1516 1514 1663
5293 4 2 2 31 360 1693 468 1881
5294 4 2 2 31 1080 1692 1051 1941
5295 4 2 2 31 1563 1697 1816 1992
5296 4 2 2 31 1400 1318 1442 1877
5297 4 2 2 31 405 1910 1802 1968
5298 4 2 2 31 1134 1132 1133 1848
5299 4 2 2 31 1357 1861 1262 1984
5300 4 2 2 31 1294 1444 1747 1937
5301 4 2 2 31 849 105 2014 2015
5302 4 2 2 31 1909 1925 484 1927
5303 4 2 2 31 916 1895 1904 1943
5304 4 2 2 31 998 891 1825 1867
5305 4 2 2 31 986 1663 853 1841
5306 4 2 2 31 962 1706 917 1895
5307 4 2 2 31 348 349 1567 1733
5308 4 2 2 31 1081 1041 1694 1946
5309 4 2 2 31 1274 1719 1263 1896
5310 4 2 2 31 1050 1032 1094 1941
5311 4 2 2 31 1148 1350 1782 2010
5312 4 2 2 31 959 867 1510 1931
5313 4 2 2 31 1664 2016 1744 2029
5314 4 2 2 31 1635 1817 1728 1924
5315 4 2 2 31 1731 1670 1912 1942
5316 4 2 2 31 1544 1091 1370 1725
5317 4 2 2 31 409 513 1768 2055
5318 4 2 2 31 1228 1207 1366 1711
5319 4 2 2 31 943 1730 1001 1864
5320 4 2 2 31 505 1912 1777 1952
5321 4 2 2 31 445 405 406 1910
5322 4 2 2 31 486 2022 1819 2072
5323 4 2 2 31 774 1796 1655 1833
5324 4 2 2 31 1611 1809 1783 2033
5325 4 2 2 31 1170 1861 1885 1965
5326 4 2 2 31 1226 1714 1847 1964
5327 4 2 2 31 1677 1700 1623 1914
5328 4 2 2 31 744 733 1379 1709
5329 4 2 2 31 1379 1709 733 1871
5330 4 2 2 31 348 1115 1697 1733
5331 4 2 2 31 393 486 1819 2072
5332 4 2 2 31 1504 1689 1701 1718
5333 4 2 2 31 1042 1800 1787 1946
5334 4 2 2 31 1110 718 1310 1680
5335 4 2 2 31 1771 1831 1644 1975
5336 4 2 2 31 951 1862 1796 2062
5337 4 2 2 31 1731 1767 1670 1942
5338 4 2 2 31 1801 1841 101 1917
5339 4 2 2 31 1372 1773 1886 1898
5340 4 2 2 31 1671 1693 1617 1785
5341 4 2 2 31 1052 1720 1032 1941
5342 4 2 2 31 100 1913 1661 1923
5343 4 2 2 31 1601 1701 1689 1718
5344 4 2 2 31 1037 797 792 1694
5345 4 2 2 31 506 1810 1954 1974
5346 4 2 2 31 1238 1790 1359 2033
5347 4 2 2 31 1643 1862 1747 2009
5348 4 2 2 31 1826 1864 764 1905
5349 4 2 2 31 1319 1264 1463 1695
5350 4 2 2 31 348 1593 1462 1733
5351 4 2 2 31 102 1801 1722 1991
5352 4 2 2 31 1628 1753 1741 1798
5353 4 2 2 31 774 1833 1655 2006
5354 4 2 2 31 1604 1758 1657 1967
5355 4 2 2 31 364 1843 50 1862
5356 4 2 2 31 1756 1761 402 1968
5357 4 2 2 31 991 1794 1654 1966
5358 4 2 2 31 1630 1852 1788 1960
5359 4 2 2 31 1656 1830 1749 2036
5360 4 2 2 31 1262 1861 1839 1984
5361 4 2 2 31 1628 1799 1754 2007
5362 4 2 2 31 1226 1847 1269 1964
5363 4 2 2 31 1627 1727 1710 1849
5364 4 2 2 31 1497 1830 1656 1876
5365 4 2 2 31 993 1794 1944 1970
5366 4 2 2 31 1510 1512 1509 1825
5367 4 2 2 31 1720 1780 1607 1941
5368 4 2 2 31 447 1811 1651 1925
5369 4 2 2 31 1476 1707 918 1856
5370 4 2 2 31 1663 1748 1516 1856
5371 4 2 2 31 409 1768 1960 2055
5372 4 2 2 31 1644 1745 1939 1975
5373 4 2 2 31 1568 1713 1915 1987
5374 4 2 2 31 1190 1754 1753 1997
5375 4 2 2 31 986 1841 1991 1995
5376 4 2 2 31 1611 1761 1703 2033
5377 4 2 2 31 1037 1694 792 1840
5378 4 2 2 31 1648 1740 1731 1965
5379 4 2 2 31 1606 1685 1740 1912
5380 4 2 2 31 1798 1835 90 2026
5381 4 2 2 31 421 494 418 1912
5382 4 2 2 31 1424 1721 1122 1916
5383 4 2 2 31 88 87 1713 1821
5384 4 2 2 31 1002 1806 1668 2031
5385 4 2 2 31 1720 1919 1639 2003
5386 4 2 2 31 1695 1770 1614 2039
5387 4 2 2 31 1842 1914 1623 1979
5388 4 2 2 31 836 811 1541 1830
5389 4 2 2 31 473 1673 516 1780
5390 4 2 2 31 1660 1812 527 1868
5391 4 2 2 31 1396 1718 1702 1857
5392 4 2 2 31 1313 1922 1303 1985
5393 4 2 2 31 1612 1772 1723 1883
5394 4 2 2 31 1620 1648 1874 1974
5395 4 2 2 31 1045 1648 1892 1953
5396 4 2 2 31 1714 1738 1609 1834
5397 4 2 2 31 966 1692 893 1926
5398 4 2 2 31 94 1813 859 1858
5399 4 2 2 31 1638 1885 1723 1940
5400 4 2 2 31 1649 1737 1678 1889
5401 4 2 2 31 1649 1893 1886 1980
5402 4 2 2 31 455 1769 1734 1913
5403 4 2 2 31 1703 1795 1152 2052
5404 4 2 2 31 1015 956 1692 1793
5405 4 2 2 31 1193 1705 1887 1901
5406 4 2 2 31 1661 1913 1769 1923
5407 4 2 2 31 1238 1359 1355 2033
5408 4 2 2 31 1663 1751 1748 2011
5409 4 2 2 31 450 1752 493 1763
5410 4 2 2 31 893 1019 1549 1692
5411 4 2 2 31 1573 1727 1577 1807
5412 4 2 2 31 1851 1882 1410 1948
5413 4 2 2 31 873 1698 1026 1895
5414 4 2 2 31 721 1665 753 1908
5415 4 2 2 31 966 893 915 1926
5416 4 2 2 31 1660 1674 1560 1993
5417 4 2 2 31 1509 1657 1930 1931
5418 4 2 2 31 1605 1787 1648 1800
5419 4 2 2 31 1641 1852 1788 1996
5420 4 2 2 31 1729 1778 1606 1952
5421 4 2 2 31 1306 1305 1805 1887
5422 4 2 2 31 1641 1788 1852 1960
5423 4 2 2 31 978 908 951 1710
5424 4 2 2 31 1530 1476 918 1856
5425 4 2 2 31 1612 1910 1772 1968
5426 4 2 2 31 1643 1747 1921 2009
5427 4 2 2 31 863 1806 931 1867
5428 4 2 2 31 353 1813 440 1873
5429 4 2 2 31 1062 1081 1037 1840
5430 4 2 2 31 790 718 1380 2018
5431 4 2 2 31 39 942 1879 2000
5432 4 2 2 31 1621 1696 1879 2001
5433 4 2 2 31 1758 1929 1657 2028
5434 4 2 2 31 998 863 931 1867
5435 4 2 2 31 1014 1694 957 1789
5436 4 2 2 31 1649 1668 1886 1893
5437 4 2 2 31 1746 1964 1609 2065
5438 4 2 2 31 741 1680 739 1791
5439 4 2 2 31 1018 894 797 1694
5440 4 2 2 31 1287 1286 1285 1947
5441 4 2 2 31 462 1798 510 2038
5442 4 2 2 31 755 1961 1757 1976
5443 4 2 2 31 1667 1701 1601 1702
5444 4 2 2 31 1660 1602 1735 1896
5445 4 2 2 31 1170 1874 1861 1965
5446 4 2 2 31 1700 1914 1677 2021
5447 4 2 2 31 1634 1806 1668 1858
5448 4 2 2 31 1710 1 1868 2054
5449 4 2 2 31 402 1686 401 1756
5450 4 2 2 31 1629 1797 1753 2049
5451 4 2 2 31 1377 1824 1933 1967
5452 4 2 2 31 1742 1782 1635 2010
5453 4 2 2 31 1750 1983 1613 2050
5454 4 2 2 31 866 958 1749 1821
5455 4 2 2 31 1049 1846 1673 2059
5456 4 2 2 31 80 1828 865 2070
5457 4 2 2 31 1561 1676 1591 1713
5458 4 2 2 31 1494 1725 1659 1999
5459 4 2 2 31 12 1666 109 1814
5460 4 2 2 31 1658 863 1835 1955
5461 4 2 2 31 1416 1898 1200 2021
5462 4 2 2 31 1825 1955 1657 2028
5463 4 2 2 31 1134 1669 1135 1842
5464 4 2 2 31 1683 1750 1645 1815
5465 4 2 2 31 847 33 1712 2041
5466 4 2 2 31 893 1692 915 1926
5467 4 2 2 31 506 1954 449 1974
5468 4 2 2 31 1644 1771 1722 1831
5469 4 2 2 31 412 1942 1729 1963
5470 4 2 2 31 1545 1853 1707 1860
5471 4 2 2 31 1122 1721 1424 2023
5472 4 2 2 31 348 1733 1697 1992
5473 4 2 2 31 1271 1748 1449 1949
5474 4 2 2 31 1630 1906 1775 1989
5475 4 2 2 31 1083 1757 1739 2001
5476 4 2 2 31 1270 1449 1271 2011
5477 4 2 2 31 400 1924 398 1988
5478 4 2 2 31 1281 1399 1417 1876
5479 4 2 2 31 1659 1632 1766 2008
5480 4 2 2 31 102 1722 103 1991
5481 4 2 2 31 1656 1765 1642 1808
5482 4 2 2 31 1370 1725 1404 1950
5483 4 2 2 31 493 1752 450 2069
5484 4 2 2 31 1683 1944 1613 1983
5485 4 2 2 31 1612 1703 1686 1761
5486 4 2 2 31 1663 1748 1616 2011
5487 4 2 2 31 12 480 1666 1902
5488 4 2 2 31 1057 1029 351 1777
5489 4 2 2 31 1721 1843 1627 1928
5490 4 2 2 31 1832 2014 105 2015
5491 4 2 2 31 1520 885 1707 1853
5492 4 2 2 31 780 793 778 1757
5493 4 2 2 31 1614 1770 1671 1954
5494 4 2 2 31 995 1944 1826 1970
5495 4 2 2 31 783 1665 869 1820
5496 4 2 2 31 1794 1944 1613 1966
5497 4 2 2 31 1673 1846 1639 1952
5498 4 2 2 31 1026 873 953 1698
5499 4 2 2 31 1650 1921 1747 1985
5500 4 2 2 31 893 956 1019 1692
5501 4 2 2 31 1195 1901 1773 2066
5502 4 2 2 31 1523 1522 1478 1678
5503 4 2 2 31 1604 1657 1760 1967
5504 4 2 2 31 1782 1818 1661 1917
5505 4 2 2 31 988 1663 986 1995
5506 4 2 2 31 1621 1879 1785 2001
5507 4 2 2 31 1638 1883 1783 1940
5508 4 2 2 31 1746 1817 1143 1958
5509 4 2 2 31 1149 1703 1152 1986
5510 4 2 2 31 1588 1662 1570 2045
5511 4 2 2 31 1334 1748 1098 2013
5512 4 2 2 31 1745 1831 1722 1894
5513 4 2 2 31 1928 1998 373 2038
5514 4 2 2 31 1122 1424 1124 2023
5515 4 2 2 31 1604 1697 1666 1816
5516 4 2 2 31 1610 1818 1782 1917
5517 4 2 2 31 395 2022 486 2072
5518 4 2 2 31 1731 1740 1685 1912
5519 4 2 2 31 896 845 895 1900
5520 4 2 2 31 1711 1963 1778 2032
5521 4 2 2 31 1076 1777 1685 1907
5522 4 2 2 31 947 1776 1738 2040
5523 4 2 2 31 1544 1494 1725 1950
5524 4 2 2 31 1568 1915 1872 1987
5525 4 2 2 31 1722 1771 1632 1831
5526 4 2 2 31 505 418 1912 1952
5527 4 2 2 31 1437 1217 1786 1987
5528 4 2 2 31 957 894 1018 1694
5529 4 2 2 31 1001 1730 1845 1864
5530 4 2 2 31 1641 1716 1836 1969
5531 4 2 2 31 1251 1339 1438 1880
5532 4 2 2 31 1659 1722 1615 1991
5533 4 2 2 31 1520 885 1476 1707
5534 4 2 2 31 1644 1831 1745 1975
5535 4 2 2 31 1775 1906 1672 1989
5536 4 2 2 31 40 509 436 1859
5537 4 2 2 31 1626 1715 1843 1862
5538 4 2 2 31 1649 1827 1893 1980
5539 4 2 2 31 1664 2014 974 2029
5540 4 2 2 31 110 503 1666 1990
5541 4 2 2 31 1725 1404 1950 2008
5542 4 2 2 31 1624 1699 1675 1752
5543 4 2 2 31 1632 1722 1659 2015
5544 4 2 2 31 1642 1765 1656 1821
5545 4 2 2 31 1661 1818 1782 1913
5546 4 2 2 31 90 1798 467 1835
5547 4 2 2 31 1326 1762 1360 2032
5548 4 2 2 31 1139 1138 1137 1842
5549 4 2 2 31 431 1676 1591 1902
5550 4 2 2 31 1778 1963 1625 2032
5551 4 2 2 31 499 1684 1578 2070
5552 4 2 2 31 1305 1824 1658 1933
5553 4 2 2 31 1259 1439 1800 1874
5554 4 2 2 31 1593 348 1567 1733
5555 4 2 2 31 1648 1731 1685 1953
5556 4 2 2 31 34 847 33 1712
5557 4 2 2 31 1692 1793 1051 1941
5558 4 2 2 31 887 1478 926 1737
5559 4 2 2 31 420 110 503 1816
5560 4 2 2 31 104 472 1771 2015
5561 4 2 2 31 1254 1256 1870 2050
5562 4 2 2 31 1612 1761 1686 1968
5563 4 2 2 31 401 1756 1686 1924
5564 4 2 2 31 790 1380 1840 2018
5565 4 2 2 31 748 747 1698 1895
5566 4 2 2 31 1726 1743 1651 1956
5567 4 2 2 31 965 1533 1689 1701
5568 4 2 2 31 1662 1851 1588 1872
5569 4 2 2 31 741 740 739 1680
5570 4 2 2 31 782 773 731 1833
5571 4 2 2 31 768 785 770 1845
5572 4 2 2 31 1632 2014 1832 2015
5573 4 2 2 31 1626 1726 1721 1903
5574 4 2 2 31 1632 1766 2014 2015
5575 4 2 2 31 724 1695 741 1791
5576 4 2 2 31 1739 1920 778 1978
5577 4 2 2 31 1699 1848 1624 2005
5578 4 2 2 31 1025 1749 86 1821
5579 4 2 2 31 1667 1760 1604 1929
5580 4 2 2 31 939 1678 1000 1889
5581 4 2 2 31 431 481 496 1676
5582 4 2 2 31 381 1726 1743 1998
5583 4 2 2 31 1603 1710 1849 2067
5584 4 2 2 31 463 1767 414 1942
5585 4 2 2 31 1090 734 1319 1695
5586 4 2 2 31 972 974 2014 2029
5587 4 2 2 31 1626 1843 1715 2023
5588 4 2 2 31 1249 1765 1417 1808
5589 4 2 2 31 438 1873 440 1884
5590 4 2 2 31 1629 1955 1835 2026
5591 4 2 2 31 1649 1827 1737 1893
5592 4 2 2 31 1635 1782 1742 1818
5593 4 2 2 31 1519 1748 1707 1856
5594 4 2 2 31 1661 1751 1923 2011
5595 4 2 2 31 1428 1886 1893 1980
5596 4 2 2 31 1686 1756 1703 1986
5597 4 2 2 31 1744 2016 1491 2029
5598 4 2 2 31 1314 1690 1313 1878
5599 4 2 2 31 998 891 911 1825
5600 4 2 2 31 451 520 1881 2027
5601 4 2 2 31 1656 1642 1821 1888
5602 4 2 2 31 1669 1842 1134 1877
5603 4 2 2 31 1687 2045 529 2056
5604 4 2 2 31 1635 1746 1728 1817
5605 4 2 2 31 1686 1756 402 1968
5606 4 2 2 31 1615 1704 1663 2035
5607 4 2 2 31 1175 1745 1166 2030
5608 4 2 2 31 1641 1852 1681 1960
5609 4 2 2 31 43 1681 1960 1969
5610 4 2 2 31 1368 1716 1257 2024
5611 4 2 2 31 1689 1701 1601 1814
5612 4 2 2 31 85 86 1911 1915
5613 4 2 2 31 1763 1813 488 1858
5614 4 2 2 31 1656 1808 1642 1888
5615 4 2 2 31 1606 1907 1846 2071
5616 4 2 2 31 1747 1862 1626 2009
5617 4 2 2 31 785 890 1774 1845
5618 4 2 2 31 973 1814 964 1990
5619 4 2 2 31 954 1919 1793 1926
5620 4 2 2 31 1669 1624 1863 2034
5621 4 2 2 31 1805 1867 1526 2031
5622 4 2 2 31 1686 1618 1756 1986
5623 4 2 2 31 1645 1750 1683 1859
5624 4 2 2 31 1255 1870 1852 1983
5625 4 2 2 31 1665 1803 1724 1908
5626 4 2 2 31 1477 889 1521 1737
5627 4 2 2 31 1743 1811 1624 1848
5628 4 2 2 31 1634 1858 1668 1886
5629 4 2 2 31 808 1911 1662 2056
5630 4 2 2 31 447 1925 1651 1956
5631 4 2 2 31 1043 1069 1042 1800
5632 4 2 2 31 1477 889 1737 2031
5633 4 2 2 31 1610 1801 1745 1802
5634 4 2 2 31 851 102 103 1991
5635 4 2 2 31 1747 1784 1650 1985
5636 4 2 2 31 1004 922 1730 1927
5637 4 2 2 31 965 1689 899 1701
5638 4 2 2 31 34 937 1823 1954
5639 4 2 2 31 503 432 1666 1902
5640 4 2 2 31 868 776 722 1796
5641 4 2 2 31 1517 1334 1532 1748
5642 4 2 2 31 1400 1877 1716 1878
5643 4 2 2 31 1672 1988 1618 1994
5644 4 2 2 31 926 1478 1521 1737
5645 4 2 2 31 1643 1921 1862 2009
5646 4 2 2 31 1687 1948 1662 2056
5647 4 2 2 31 993 941 1944 1966
5648 4 2 2 31 1041 1789 1694 1946
5649 4 2 2 31 1664 1766 974 2014
5650 4 2 2 31 1409 1294 1747 1784
5651 4 2 2 31 1727 1875 1807 2053
5652 4 2 2 31 1774 1784 1650 1921
5653 4 2 2 31 1423 1872 1851 1948
5654 4 2 2 31 1684 1904 1608 1943
5655 4 2 2 31 1670 1731 1620 1767
5656 4 2 2 31 974 1664 2029 2060
5657 4 2 2 31 1601 1701 1667 1990
5658 4 2 2 31 1745 1610 1802 1939
5659 4 2 2 31 995 1826 886 1970
5660 4 2 2 31 1067 1692 1063 1793
5661 4 2 2 31 1681 1944 1683 1983
5662 4 2 2 31 498 1875 1843 1928
5663 4 2 2 31 977 1822 1791 2039
5664 4 2 2 31 974 1766 1664 2060
5665 4 2 2 31 1688 1798 2026 2047
5666 4 2 2 31 1049 1060 1053 1720
5667 4 2 2 31 1698 1820 896 1900
5668 4 2 2 31 1618 1924 1850 1988
5669 4 2 2 31 49 364 1862 2009
5670 4 2 2 31 525 1818 475 1917
5671 4 2 2 31 1741 1753 1628 1754
5672 4 2 2 31 1614 1671 1861 1954
5673 4 2 2 31 1630 1815 1775 1906
5674 4 2 2 31 468 360 38 1693
5675 4 2 2 31 1070 1053 1052 1780
5676 4 2 2 31 1732 1646 1870 1944
5677 4 2 2 31 1638 1783 1761 1881
5678 4 2 2 31 1651 1811 1743 1848
5679 4 2 2 31 1787 2041 1712 2074
5680 4 2 2 31 1 1727 522 1868
5681 4 2 2 31 1081 1694 1037 1840
5682 4 2 2 31 1579 1684 1576 1719
5683 4 2 2 31 748 953 873 1698
5684 4 2 2 31 1810 1885 1638 1940
5685 4 2 2 31 515 2022 1734 2048
5686 4 2 2 31 447 382 1743 1811
5687 4 2 2 31 1670 1778 1729 1977
5688 4 2 2 31 1597 1570 1588 1662
5689 4 2 2 31 1350 1148 1146 2010
5690 4 2 2 31 100 1769 363 1913
5691 4 2 2 31 1574 1735 1660 1854
5692 4 2 2 31 1291 1210 1937 2067
5693 4 2 2 31 1255 1254 1870 1983
5694 4 2 2 31 1706 1709 1653 1947
5695 4 2 2 31 1623 1819 1677 1914
5696 4 2 2 31 1797 1967 1120 2049
5697 4 2 2 31 800 735 792 1840
5698 4 2 2 31 100 1661 458 1917
5699 4 2 2 31 104 1722 472 2015
5700 4 2 2 31 352 475 1801 1917
5701 4 2 2 31 1133 1135 1669 1863
5702 4 2 2 31 1009 1689 1010 1918
5703 4 2 2 31 1700 1863 1691 1979
5704 4 2 2 31 1025 1749 910 1911
5705 4 2 2 31 1526 1668 1525 1893
5706 4 2 2 31 860 1001 1730 1845
5707 4 2 2 31 1664 1717 1632 2014
5708 4 2 2 31 1068 1064 1694 1789
5709 4 2 2 31 812 835 841 1871
5710 4 2 2 31 42 941 856 1966
5711 4 2 2 31 1739 1838 1347 2001
5712 4 2 2 31 1729 1942 1670 1977
5713 4 2 2 31 1725 1766 1632 2008
5714 4 2 2 31 973 904 870 1667
5715 4 2 2 31 1532 1334 1860 2013
5716 4 2 2 31 1741 1753 1633 1798
5717 4 2 2 31 868 776 1796 1908
5718 4 2 2 31 33 1712 2041 2074
5719 4 2 2 31 1129 1779 1131 1903
5720 4 2 2 31 1516 1663 1515 1949
5721 4 2 2 31 479 512 1575 1868
5722 4 2 2 31 43 1960 1681 2055
5723 4 2 2 31 778 1739 1696 1920
5724 4 2 2 31 1619 1925 1909 1927
5725 4 2 2 31 1791 1822 1695 2039
5726 4 2 2 31 918 1476 885 1707
5727 4 2 2 31 1654 1920 989 2000
5728 4 2 2 31 1640 1847 1707 2013
5729 4 2 2 31 1612 1802 1910 1968
5730 4 2 2 31 1782 1818 1635 1913
5731 4 2 2 31 1690 1878 1314 2024
5732 4 2 2 31 1778 1963 1711 2063
5733 4 2 2 31 451 1881 1756 2027
5734 4 2 2 31 1035 1301 1060 1846
5735 4 2 2 31 1447 1083 1739 2001
5736 4 2 2 31 873 1026 916 1895
5737 4 2 2 31 1668 1805 1526 2031
5738 4 2 2 31 103 1722 102 1801
5739 4 2 2 31 479 527 417 1868
5740 4 2 2 31 1002 1867 1806 2031
5741 4 2 2 31 1711 2032 1778 2063
5742 4 2 2 31 1219 1249 1267 1972
5743 4 2 2 31 1638 2046 1810 2076
5744 4 2 2 31 1749 1899 1765 2036
5745 4 2 2 31 1069 1787 1042 1800
5746 4 2 2 31 1749 1765 1656 2036
5747 4 2 2 31 1620 1885 1810 1940
5748 4 2 2 31 1522 1678 1523 1827
5749 4 2 2 31 1626 1843 1726 2009
5750 4 2 2 31 1667 1701 973 1990
5751 4 2 2 31 1573 1660 1575 1727
5752 4 2 2 31 1677 2022 1609 2065
5753 4 2 2 31 1568 1844 1713 1987
5754 4 2 2 31 38 360 39 1792
5755 4 2 2 31 1326 1360 1203 2032
5756 4 2 2 31 381 466 1726 1998
5757 4 2 2 31 1346 1257 1870 2024
5758 4 2 2 31 97 1738 1776 2048
5759 4 2 2 31 1163 1885 1723 1977
5760 4 2 2 31 1726 1779 1721 1903
5761 4 2 2 31 1448 1680 1310 1984
5762 4 2 2 31 986 1663 1841 1995
5763 4 2 2 31 747 1804 1698 1932
5764 4 2 2 31 1413 1997 1675 2005
5765 4 2 2 31 1654 1750 1613 1755
5766 4 2 2 31 1706 1871 1709 1947
5767 4 2 2 31 1685 1731 1648 1740
5768 4 2 2 31 1200 1223 1759 1898
5769 4 2 2 31 97 1738 947 1776
5770 4 2 2 31 1734 1769 455 2048
5771 4 2 2 31 1659 1837 1502 1999
5772 4 2 2 31 1481 891 1536 1825
5773 4 2 2 31 1626 1862 1747 1937
5774 4 2 2 31 996 1853 1678 2044
5775 4 2 2 31 1402 1700 1914 1979
5776 4 2 2 31 1144 1817 1672 1958
5777 4 2 2 31 450 457 356 1890
5778 4 2 2 31 1642 1713 1676 1844
5779 4 2 2 31 1659 1766 1725 2008
5780 4 2 2 31 502 1956 526 2009
5781 4 2 2 31 95 859 1813 1889
5782 4 2 2 31 851 103 1722 1991
5783 4 2 2 31 740 741 734 1695
5784 4 2 2 31 1601 1667 1702 1935
5785 4 2 2 31 1650 1682 1921 1985
5786 4 2 2 31 1573 1854 1727 2053
5787 4 2 2 31 1727 1868 1 2054
5788 4 2 2 31 1094 1720 1279 1941
5789 4 2 2 31 49 364 50 1862
5790 4 2 2 31 1191 1705 1193 1901
5791 4 2 2 31 1607 1717 1664 2014
5792 4 2 2 31 1747 1921 1682 1985
5793 4 2 2 31 1696 1757 1617 1879
5794 4 2 2 31 889 926 1521 1737
5795 4 2 2 31 1394 2003 1229 2075
5796 4 2 2 31 1635 1734 1728 1746
5797 4 2 2 31 1686 1742 1610 1818
5798 4 2 2 31 896 1698 1900 1904
5799 4 2 2 31 1654 1613 1750 1966
5800 4 2 2 31 1696 1757 793 1961
5801 4 2 2 31 1325 1866 1323 2068
5802 4 2 2 31 395 1734 486 2022
5803 4 2 2 31 1615 1663 1751 2035
5804 4 2 2 31 451 470 520 2027
5805 4 2 2 31 1768 1988 397 2072
5806 4 2 2 31 886 1794 993 1970
5807 4 2 2 31 1660 1735 1602 1959
5808 4 2 2 31 724 742 1695 1822
5809 4 2 2 31 1732 715 1970 2050
5810 4 2 2 31 1221 1218 1750 1815
5811 4 2 2 31 1710 1868 1727 2054
5812 4 2 2 31 1329 1084 1314 1690
5813 4 2 2 31 1613 1732 1870 1944
5814 4 2 2 31 1683 1775 354 2055
5815 4 2 2 31 1265 1351 1785 2001
5816 4 2 2 31 404 402 1761 1968
5817 4 2 2 31 1668 1858 1649 1886
5818 4 2 2 31 1644 1745 1801 1802
5819 4 2 2 31 1257 1852 1364 1870
5820 4 2 2 31 1156 1883 1783 2033
5821 4 2 2 31 1593 1733 1567 1844
5822 4 2 2 31 1314 1690 1084 1922
5823 4 2 2 31 1409 1784 1747 1985
5824 4 2 2 31 1647 1899 1749 1911
5825 4 2 2 31 1612 1802 1762 1910
5826 4 2 2 31 1161 1156 1157 1883
5827 4 2 2 31 1673 1720 1639 1846
5828 4 2 2 31 1621 1838 1792 1859
5829 4 2 2 31 1135 1842 1669 1863
5830 4 2 2 31 1747 1862 1643 1937
5831 4 2 2 31 1612 1762 1723 1772
5832 4 2 2 31 979 1837 1659 1999
5833 4 2 2 31 1655 1796 774 1908
5834 4 2 2 31 389 1819 1971 1982
5835 4 2 2 31 808 825 1662 1911
5836 4 2 2 31 1640 1707 1860 2013
5837 4 2 2 31 404 407 406 2046
5838 4 2 2 31 987 1696 942 2000
5839 4 2 2 31 808 1662 825 2056
5840 4 2 2 31 1142 1144 1672 1958
5841 4 2 2 31 1712 1787 1605 2041
5842 4 2 2 31 1326 1762 1723 2052
5843 4 2 2 31 977 1770 1822 2039
5844 4 2 2 31 1728 1734 1622 1746
5845 4 2 2 31 1526 1525 1668 2031
5846 4 2 2 31 781 1908 753 2020
5847 4 2 2 31 1663 1841 1751 1923
5848 4 2 2 31 1429 1334 1098 2013
5849 4 2 2 31 1249 1765 1219 1844
5850 4 2 2 31 1264 1463 1695 1897
5851 4 2 2 31 872 936 1471 1888
5852 4 2 2 31 1676 1601 1814 1918
5853 4 2 2 31 1421 1346 1257 1870
5854 4 2 2 31 1321 1182 804 1882
5855 4 2 2 31 1305 1658 1376 1933
5856 4 2 2 31 973 1701 900 1814
5857 4 2 2 31 1563 1697 1562 1945
5858 4 2 2 31 1645 1838 1750 1859
5859 4 2 2 31 1615 1722 1659 1894
5860 4 2 2 31 977 935 1791 1822
5861 4 2 2 31 755 793 1757 1961
5862 4 2 2 31 1452 1736 1847 2011
5863 4 2 2 31 1328 1721 1916 2058
5864 4 2 2 31 409 1768 1788 1960
5865 4 2 2 31 1529 1853 1545 1860
5866 4 2 2 31 1248 1957 1831 2008
5867 4 2 2 31 1413 1675 1266 2005
5868 4 2 2 31 468 1693 37 2076
5869 4 2 2 31 1703 1756 1686 1761
5870 4 2 2 31 787 1302 1312 1784
5871 4 2 2 31 1604 1758 1688 1816
5872 4 2 2 31 1678 1737 1649 1827
5873 4 2 2 31 1003 1774 890 1845
5874 4 2 2 31 444 1963 1729 2004
5875 4 2 2 31 873 748 1698 1895
5876 4 2 2 31 992 855 990 1707
5877 4 2 2 31 1715 1843 1627 2023
5878 4 2 2 31 1693 1770 1617 2061
5879 4 2 2 31 751 749 1764 1820
5880 4 2 2 31 1620 1885 1861 1965
5881 4 2 2 31 1176 1894 1745 2035
5882 4 2 2 31 1426 1050 1094 1941
5883 4 2 2 31 1373 1886 1805 1893
5884 4 2 2 31 1347 1216 1179 1838
5885 4 2 2 31 1211 1671 1320 1861
5886 4 2 2 31 1613 1654 1794 1966
5887 4 2 2 31 1801 1841 1615 1991
5888 4 2 2 31 1132 1829 1848 2017
5889 4 2 2 31 1313 1878 1690 1922
5890 4 2 2 31 1671 1783 1693 1785
5891 4 2 2 31 1644 1745 1802 1939
5892 4 2 2 31 100 458 1661 1913
5893 4 2 2 31 861 927 1002 1668
5894 4 2 2 31 899 965 968 1689
5895 4 2 2 31 944 1859 1654 2000
5896 4 2 2 31 1609 1736 1847 1964
5897 4 2 2 31 799 736 791 1871
5898 4 2 2 31 482 1810 429 2076
5899 4 2 2 31 364 502 526 2009
5900 4 2 2 31 110 109 503 1990
5901 4 2 2 31 823 1687 1882 2068
5902 4 2 2 31 1610 1795 1686 1802
5903 4 2 2 31 1603 1735 1660 1959
5904 4 2 2 31 1632 1717 1664 1957
5905 4 2 2 31 1423 1408 1872 1948
5906 4 2 2 31 823 1962 1687 2068
5907 4 2 2 31 1362 1225 1438 1759
5908 4 2 2 31 1380 718 1110 2018
5909 4 2 2 31 839 1012 809 1706
5910 4 2 2 31 946 849 105 2014
5911 4 2 2 31 1654 1755 1613 1794
5912 4 2 2 31 1101 744 1379 1709
5913 4 2 2 31 1721 1779 1127 1903
5914 4 2 2 31 788 882 1696 1961
5915 4 2 2 31 1529 1853 1860 1880
5916 4 2 2 31 393 395 486 2072
5917 4 2 2 31 1606 1740 1670 1912
5918 4 2 2 31 1490 1744 1491 2029
5919 4 2 2 31 1714 1776 1738 1834
5920 4 2 2 31 1788 1842 1641 1996
5921 4 2 2 31 1273 1274 1263 1896
5922 4 2 2 31 892 723 923 1774
5923 4 2 2 31 1815 1906 1630 1989
5924 4 2 2 31 1597 1662 1588 1872
5925 4 2 2 31 1686 1703 1795 1986
5926 4 2 2 31 855 1707 992 2040
5927 4 2 2 31 1604 1758 1816 1929
5928 4 2 2 31 860 1004 1730 1927
5929 4 2 2 31 1603 1812 1660 1868
5930 4 2 2 31 43 1960 454 1969
5931 4 2 2 31 1678 1889 939 2044
5932 4 2 2 31 12 1666 1814 1902
5933 4 2 2 31 1715 1937 1210 2067
5934 4 2 2 31 1695 1770 1617 1897
5935 4 2 2 31 1654 1838 1739 2000
5936 4 2 2 31 524 484 1925 1927
5937 4 2 2 31 1582 1719 1576 1896
5938 4 2 2 31 1160 1989 1852 1996
5939 4 2 2 31 1668 1737 927 2031
5940 4 2 2 31 1422 1764 728 1804
5941 4 2 2 31 374 373 1998 2038
5942 4 2 2 31 1052 1032 1050 1941
5943 4 2 2 31 1044 1095 1354 1800
5944 4 2 2 31 1728 1817 1618 1924
5945 4 2 2 31 1542 1061 1487 1865
5946 4 2 2 31 1624 1669 1811 2034
5947 4 2 2 31 1624 1691 1884 1938
5948 4 2 2 31 1347 1838 1739 2079
5949 4 2 2 31 1583 1578 1579 2070
5950 4 2 2 31 1625 1942 1729 1977
5951 4 2 2 31 1452 1847 1383 2011
5952 4 2 2 31 36 1810 1770 1954
5953 4 2 2 31 1151 1152 1795 2052
5954 4 2 2 31 847 1712 1823 2041
5955 4 2 2 31 1665 1812 970 1820
5956 4 2 2 31 1770 1810 1671 1954
5957 4 2 2 31 1603 1660 1735 1854
5958 4 2 2 31 1680 1791 1695 1984
5959 4 2 2 31 1614 1770 1695 1897
5960 4 2 2 31 1002 861 1668 1806
5961 4 2 2 31 1709 1871 1285 1947
5962 4 2 2 31 1041 1066 1068 1789
5963 4 2 2 31 1631 1998 1928 2038
5964 4 2 2 31 1294 1444 1409 1747
5965 4 2 2 31 1700 1971 1623 1982
5966 4 2 2 31 1654 1859 944 1966
5967 4 2 2 31 34 1823 1712 1954
5968 4 2 2 31 1036 1542 1692 1865
5969 4 2 2 31 1677 1714 1609 1834
5970 4 2 2 31 462 510 1934 2038
5971 4 2 2 31 720 1336 1739 1978
5972 4 2 2 31 1644 1762 1802 1910
5973 4 2 2 31 835 1706 841 1871
5974 4 2 2 31 1648 1787 1712 2074
5975 4 2 2 31 1179 1809 1785 2001
5976 4 2 2 31 833 814 801 1830
5977 4 2 2 31 799 1706 736 1871
5978 4 2 2 31 1823 1954 937 2039
5979 4 2 2 31 1653 1869 1709 1943
5980 4 2 2 31 1732 1826 1646 1944
5981 4 2 2 31 789 1012 795 1706
5982 4 2 2 31 883 1530 918 1856
5983 4 2 2 31 1575 1727 1660 1868
5984 4 2 2 31 1664 1717 1607 2075
5985 4 2 2 31 749 1698 747 1804
5986 4 2 2 31 1625 1975 1762 2032
5987 4 2 2 31 942 1696 1879 2000
5988 4 2 2 31 1002 1668 927 2031
5989 4 2 2 31 1091 1725 1486 2016
5990 4 2 2 31 466 1928 1726 1998
5991 4 2 2 31 1036 1061 1542 1865
5992 4 2 2 31 1723 1638 1883 2046
5993 4 2 2 31 1617 1770 1695 1822
5994 4 2 2 31 1805 1886 1373 1887
5995 4 2 2 31 896 1900 895 1904
5996 4 2 2 31 1173 1885 1670 1965
5997 4 2 2 31 89 90 1955 2026
5998 4 2 2 31 1167 1131 1779 1848
5999 4 2 2 31 1628 1891 1688 1934
6000 4 2 2 31 1626 1903 1682 1956
6001 4 2 2 31 1057 1685 464 1953
6002 4 2 2 31 1622 1728 1672 1768
6003 4 2 2 31 928 993 886 1794
6004 4 2 2 31 1635 1818 1742 1924
6005 4 2 2 31 1423 1180 1851 1872
6006 4 2 2 31 1142 1144 1158 1672
6007 4 2 2 31 1839 1861 1614 1984
6008 4 2 2 31 512 417 522 1868
6009 4 2 2 31 1288 1396 1430 1718
6010 4 2 2 31 446 1801 475 1802
6011 4 2 2 31 1293 1444 1294 1937
6012 4 2 2 31 1065 1051 1067 1793
6013 4 2 2 31 1671 1770 1693 2076
6014 4 2 2 31 88 496 1676 1713
6015 4 2 2 31 1504 1702 1505 1718
6016 4 2 2 31 1727 1627 1875 2053
6017 4 2 2 31 1545 1707 1519 1860
6018 4 2 2 31 905 912 1825 1955
6019 4 2 2 31 1763 1773 1634 2066
6020 4 2 2 31 1709 1869 1608 1943
6021 4 2 2 31 1325 1323 1324 1882
6022 4 2 2 31 718 1680 1110 2018
6023 4 2 2 31 928 1794 886 1970
6024 4 2 2 31 1015 1793 1692 1926
6025 4 2 2 31 963 907 1803 1908
6026 4 2 2 31 1611 1790 1792 1809
6027 4 2 2 31 997 858 943 1969
6028 4 2 2 31 1629 1753 1705 2049
6029 4 2 2 31 1655 1908 774 2006
6030 4 2 2 31 451 1761 1756 1881
6031 4 2 2 31 1665 751 1764 1820
6032 4 2 2 31 1616 1707 1847 2013
6033 4 2 2 31 79 78 1684 1943
6034 4 2 2 31 1829 1877 1619 2017
6035 4 2 2 31 1739 1838 1621 2000
6036 4 2 2 31 1710 1727 1627 2054
6037 4 2 2 31 1114 1733 1462 1844
6038 4 2 2 31 1328 1779 1721 2058
6039 4 2 2 31 1378 1839 1680 1984
6040 4 2 2 31 1255 1221 1254 1983
6041 4 2 2 31 1053 1720 1052 1780
6042 4 2 2 31 1574 1660 1573 1854
6043 4 2 2 31 1723 1762 1612 2052
6044 4 2 2 31 1659 1502 1837 1950
6045 4 2 2 31 1563 1816 1697 1945
6046 4 2 2 31 401 400 1756 1924
6047 4 2 2 31 1199 1773 1198 1898
6048 4 2 2 31 527 479 477 1993
6049 4 2 2 31 1615 1951 1745 2035
6050 4 2 2 31 1274 1273 1407 1804
6051 4 2 2 31 1199 1898 1416 2021
6052 4 2 2 31 825 1662 832 2056
6053 4 2 2 31 1768 1775 459 1988
6054 4 2 2 31 1636 1714 1677 1834
6055 4 2 2 31 1395 1254 1750 2050
6056 4 2 2 31 1523 1678 1853 1880
6057 4 2 2 31 506 355 449 1954
6058 4 2 2 31 1663 1991 1841 1995
6059 4 2 2 31 1607 1919 1720 2003
6060 4 2 2 31 29 477 3 1993
6061 4 2 2 31 1484 1490 1489 1692
6062 4 2 2 31 1377 1299 1930 1967
6063 4 2 2 31 1573 1807 1572 2053
6064 4 2 2 31 1364 1365 1255 1852
6065 4 2 2 31 513 1775 1768 2055
6066 4 2 2 31 1043 1787 1069 1800
6067 4 2 2 31 1603 1803 1812 1868
6068 4 2 2 31 1612 1762 1802 1939
6069 4 2 2 31 1133 1669 1848 1863
6070 4 2 2 31 1612 1883 1761 2046
6071 4 2 2 31 506 1810 355 1954
6072 4 2 2 31 1707 1853 885 2040
6073 4 2 2 31 1686 1795 1742 1986
6074 4 2 2 31 1704 1949 1515 1995
6075 4 2 2 31 402 403 401 1686
6076 4 2 2 31 1632 1659 1766 2015
6077 4 2 2 31 471 1674 78 1904
6078 4 2 2 31 1617 1757 1696 1961
6079 4 2 2 31 800 792 1694 1840
6080 4 2 2 31 1752 1763 1675 1884
6081 4 2 2 31 494 421 483 1685
6082 4 2 2 31 1843 1875 1627 1928
6083 4 2 2 31 1525 1737 1827 1893
6084 4 2 2 31 977 1791 975 2039
6085 4 2 2 31 1664 2016 1957 2075
6086 4 2 2 31 1633 1753 1741 1754
6087 4 2 2 31 1221 1815 1750 1983
6088 4 2 2 31 910 1749 816 1911
6089 4 2 2 31 414 463 422 1731
6090 4 2 2 31 504 1771 1910 1963
6091 4 2 2 31 1183 1265 1351 1785
6092 4 2 2 31 1146 1817 1746 2010
6093 4 2 2 31 1387 1702 1760 1857
6094 4 2 2 31 1368 1364 1257 1852
6095 4 2 2 31 1498 1888 1499 1973
6096 4 2 2 31 508 425 1741 1798
6097 4 2 2 31 1758 1955 1017 2028
6098 4 2 2 31 479 1660 527 1868
6099 4 2 2 31 756 1422 728 1804
6100 4 2 2 31 1416 1199 1200 1898
6101 4 2 2 31 1370 1091 1404 1725
6102 4 2 2 31 97 1776 1834 2048
6103 4 2 2 31 1762 1644 1802 1939
6104 4 2 2 31 1620 1810 1861 1940
6105 4 2 2 31 959 1931 870 2028
6106 4 2 2 31 98 99 855 1738
6107 4 2 2 31 1810 1861 1671 1954
6108 4 2 2 31 481 1676 431 1902
6109 4 2 2 31 1217 1872 1786 1987
6110 4 2 2 31 1606 1777 1685 1912
6111 4 2 2 31 1811 2034 382 2069
6112 4 2 2 31 1083 1414 1757 2001
6113 4 2 2 31 745 1709 1706 1871
6114 4 2 2 31 1614 1861 1897 1984
6115 4 2 2 31 836 842 811 1830
6116 4 2 2 31 1686 1795 1612 1802
6117 4 2 2 31 100 1661 1841 1923
6118 4 2 2 31 1712 1874 1648 1974
6119 4 2 2 31 1575 512 1727 1868
6120 4 2 2 31 1671 1861 1211 1897
6121 4 2 2 31 731 1093 787 1784
6122 4 2 2 31 1704 1837 1502 1950
6123 4 2 2 31 1689 1814 1601 1918
6124 4 2 2 31 34 847 1712 1823
6125 4 2 2 31 1643 1784 1774 1921
6126 4 2 2 31 939 996 1000 1678
6127 4 2 2 31 1687 1851 1662 1948
6128 4 2 2 31 1080 1865 1692 1941
6129 4 2 2 31 928 886 725 1970
6130 4 2 2 31 1646 1864 1826 1905
6131 4 2 2 31 1645 1775 1683 1815
6132 4 2 2 31 1611 1792 1790 1850
6133 4 2 2 31 1122 1807 2023 2053
6134 4 2 2 31 1703 1790 1611 2033
6135 4 2 2 31 1004 922 860 1730
6136 4 2 2 31 1730 1836 46 1927
6137 4 2 2 31 1617 1696 1879 1961
6138 4 2 2 31 1378 1680 1448 1984
6139 4 2 2 31 1288 1702 1396 1718
6140 4 2 2 31 79 1943 1684 2070
6141 4 2 2 31 1566 1799 1587 1934
6142 4 2 2 31 906 970 1016 1812
6143 4 2 2 31 1644 1745 1722 1801
6144 4 2 2 31 104 103 472 1722
6145 4 2 2 31 765 1864 1690 1905
6146 4 2 2 31 451 1756 470 2027
6147 4 2 2 31 1661 1923 1616 2011
6148 4 2 2 31 102 1801 101 1917
6149 4 2 2 31 1691 1637 1884 1938
6150 4 2 2 31 1051 1793 1065 1941
6151 4 2 2 31 1228 1366 1451 1957
6152 4 2 2 31 965 1480 1533 1701
6153 4 2 2 31 1610 1742 1686 1795
6154 4 2 2 31 1279 1394 1229 2075
6155 4 2 2 31 1567 1844 1568 1987
6156 4 2 2 31 43 941 42 1944
6157 4 2 2 31 1318 1829 1878 1985
6158 4 2 2 31 1081 1694 1840 1946
6159 4 2 2 31 1502 1659 1494 1950
6160 4 2 2 31 1712 1861 1839 1874
6161 4 2 2 31 1396 1441 1430 1857
6162 4 2 2 31 1496 1100 1399 1808
6163 4 2 2 31 1794 1613 1944 1970
6164 4 2 2 31 1701 1814 973 1990
6165 4 2 2 31 429 506 1767 1810
6166 4 2 2 31 1650 1730 1690 1845
6167 4 2 2 31 1679 1799 1577 1807
6168 4 2 2 31 1690 1845 768 1922
6169 4 2 2 31 986 1841 948 1991
6170 4 2 2 31 1813 1873 507 2078
6171 4 2 2 31 1836 1877 1641 1909
6172 4 2 2 31 1624 1752 1675 2069
6173 4 2 2 31 1006 1806 1835 1890
6174 4 2 2 31 1135 1134 1133 1669
6175 4 2 2 31 756 1106 1422 1804
6176 4 2 2 31 1617 1695 1897 1976
6177 4 2 2 31 1079 1892 1685 1953
6178 4 2 2 31 1151 1152 1149 1795
6179 4 2 2 31 1618 1850 1790 1994
6180 4 2 2 31 438 440 501 1884
6181 4 2 2 31 758 1970 715 2050
6182 4 2 2 31 1087 757 715 2050
6183 4 2 2 31 1525 1477 1737 2031
6184 4 2 2 31 993 856 941 1966
6185 4 2 2 31 1541 836 1830 1876
6186 4 2 2 31 1015 954 1793 1926
6187 4 2 2 31 1111 1440 1450 1719
6188 4 2 2 31 498 1843 1875 2054
6189 4 2 2 31 1596 1687 1851 2045
6190 4 2 2 31 1629 1835 1798 2026
6191 4 2 2 31 1638 1881 2046 2076
6192 4 2 2 31 1609 1847 1714 1964
6193 4 2 2 31 728 1764 749 1804
6194 4 2 2 31 946 1766 849 2014
6195 4 2 2 31 399 1775 1850 1988
6196 4 2 2 31 1144 1158 1672 1994
6197 4 2 2 31 977 935 975 1791
6198 4 2 2 31 1595 1688 1891 1934
6199 4 2 2 31 1624 1863 1691 1938
6200 4 2 2 31 905 912 867 1825
6201 4 2 2 31 1303 1784 1409 1985
6202 4 2 2 31 865 962 1943 2002
6203 4 2 2 31 1686 1761 1756 1968
6204 4 2 2 31 1495 1837 925 1999
6205 4 2 2 31 1452 1847 1736 1964
6206 4 2 2 31 1033 1095 1044 1800
6207 4 2 2 31 800 1694 738 1840
6208 4 2 2 31 1661 1736 1616 1769
6209 4 2 2 31 1707 1738 1640 2040
6210 4 2 2 31 1616 1856 1663 1923
6211 4 2 2 31 1379 1285 1709 1871
6212 4 2 2 31 1619 1682 1927 1985
6213 4 2 2 31 1807 1875 1627 2053
6214 4 2 2 31 484 46 1836 1927
6215 4 2 2 31 1670 1740 1731 1912
6216 4 2 2 31 89 1955 1758 2026
6217 4 2 2 31 879 1495 925 1999
6218 4 2 2 31 1588 1851 1662 2045
6219 4 2 2 31 1136 1134 1842 1877
6220 4 2 2 31 745 719 789 1706
6221 4 2 2 31 440 353 488 1813
6222 4 2 2 31 724 742 741 1695
6223 4 2 2 31 1043 1044 1045 1892
6224 4 2 2 31 1662 1911 84 2056
6225 4 2 2 31 1538 1805 1513 1867
6226 4 2 2 31 459 1768 513 1775
6227 4 2 2 31 1751 1782 1661 1951
6228 4 2 2 31 362 1679 1584 1875
6229 4 2 2 31 951 864 1862 2062
6230 4 2 2 31 1708 1788 1630 1996
6231 4 2 2 31 420 528 11 1816
6232 4 2 2 31 1528 1339 1524 1880
6233 4 2 2 31 403 1686 402 1968
6234 4 2 2 31 1259 1260 1439 1874
6235 4 2 2 31 1552 1541 1488 1830
6236 4 2 2 31 1668 1867 1805 2031
6237 4 2 2 31 1567 1561 1713 1844
6238 4 2 2 31 1666 1816 110 1929
6239 4 2 2 31 1006 1835 91 1890
6240 4 2 2 31 1742 1782 1148 2030
6241 4 2 2 31 1666 1929 110 1990
6242 4 2 2 31 1716 1877 1619 1878
6243 4 2 2 31 996 1678 939 2044
6244 4 2 2 31 1274 1450 1263 1719
6245 4 2 2 31 1556 1579 1576 1719
6246 4 2 2 31 1242 1846 1206 2063
6247 4 2 2 31 1015 966 954 1926
6248 4 2 2 31 1626 1747 1682 1903
6249 4 2 2 31 94 95 859 1813
6250 4 2 2 31 1474 870 1931 2043
6251 4 2 2 31 394 1768 397 2072
6252 4 2 2 31 757 758 715 2050
6253 4 2 2 31 1591 1676 350 1902
6254 4 2 2 31 892 772 723 1774
6255 4 2 2 31 1189 1188 1120 2049
6256 4 2 2 31 807 1687 82 2056
6257 4 2 2 31 1395 1750 1755 2050
6258 4 2 2 31 1615 1722 1745 1801
6259 4 2 2 31 1216 1838 1347 2079
6260 4 2 2 31 1649 1678 1827 1980
6261 4 2 2 31 1105 1718 1445 1973
6262 4 2 2 31 1632 1766 1664 2014
6263 4 2 2 31 1605 1789 1787 1946
6264 4 2 2 31 1642 1844 1676 2064
6265 4 2 2 31 1669 1781 1641 1909
6266 4 2 2 31 1447 1414 1083 2001
6267 4 2 2 31 1753 2007 1891 2047
6268 4 2 2 31 1335 1225 1362 1847
6269 4 2 2 31 430 482 429 2076
6270 4 2 2 31 1126 1127 1721 2023
6271 4 2 2 31 1134 1135 1136 1842
6272 4 2 2 31 1723 1612 1883 2052
6273 4 2 2 31 962 871 917 1706
6274 4 2 2 31 99 1738 98 1769
6275 4 2 2 31 1642 1713 1765 1821
6276 4 2 2 31 1597 1570 1662 1915
6277 4 2 2 31 1831 1957 1632 2008
6278 4 2 2 31 1025 866 1749 1821
6279 4 2 2 31 1640 1860 1847 2013
6280 4 2 2 31 1602 1665 1764 1820
6281 4 2 2 31 789 795 736 1706
6282 4 2 2 31 389 1971 1873 1982
6283 4 2 2 31 404 1761 407 2046
6284 4 2 2 31 860 1730 922 1845
6285 4 2 2 31 766 778 1920 1978
6286 4 2 2 31 1365 1815 1255 1983
6287 4 2 2 31 1084 1690 716 1922
6288 4 2 2 31 391 1788 1781 2080
6289 4 2 2 31 1663 1949 1751 2035
6290 4 2 2 31 432 1816 1666 1902
6291 4 2 2 31 1614 1839 1712 1861
6292 4 2 2 31 819 1947 1706 2002
6293 4 2 2 31 1383 2011 1847 2013
6294 4 2 2 31 1611 1790 1756 1850
6295 4 2 2 31 1607 1664 1926 2014
6296 4 2 2 31 503 1666 432 1816
6297 4 2 2 31 460 389 1819 1971
6298 4 2 2 31 1619 1927 1878 1985
6299 4 2 2 31 817 1899 1786 1911
6300 4 2 2 31 1242 2003 1846 2063
6301 4 2 2 31 33 2041 1787 2074
6302 4 2 2 31 1645 1792 1790 1809
6303 4 2 2 31 1721 1843 1626 2023
6304 4 2 2 31 1175 1176 1166 1745
6305 4 2 2 31 1314 1329 1690 1905
6306 4 2 2 31 1119 1967 1797 2025
6307 4 2 2 31 1567 349 1561 1676
6308 4 2 2 31 469 498 1843 1928
6309 4 2 2 31 1710 1715 1655 1862
6310 4 2 2 31 84 2045 1662 2056
6311 4 2 2 31 1630 1960 1768 2055
6312 4 2 2 31 1626 1726 1903 1956
6313 4 2 2 31 428 1713 86 1915
6314 4 2 2 31 1276 1744 1865 1941
6315 4 2 2 31 1354 1439 1260 1892
6316 4 2 2 31 1686 1818 416 1924
6317 4 2 2 31 1544 1494 1486 1725
6318 4 2 2 31 1611 1756 1703 1761
6319 4 2 2 31 103 1722 104 2015
6320 4 2 2 31 998 1825 912 1955
6321 4 2 2 31 1669 1641 1877 1909
6322 4 2 2 31 1226 1246 1269 1847
6323 4 2 2 31 401 1686 416 1924
6324 4 2 2 31 1595 1555 1688 1934
6325 4 2 2 31 1325 1855 1425 1866
6326 4 2 2 31 1075 1049 1071 1673
6327 4 2 2 31 1712 1620 1861 1874
6328 4 2 2 31 1469 1105 1391 1973
6329 4 2 2 31 1780 1793 954 1919
6330 4 2 2 31 921 1845 767 1864
6331 4 2 2 31 1359 1703 1355 2033
6332 4 2 2 31 1711 1717 1639 1832
6333 4 2 2 31 1738 1834 1776 2048
6334 4 2 2 31 1607 2003 1720 2075
6335 4 2 2 31 1326 1723 1883 2052
6336 4 2 2 31 1682 1903 1651 1956
6337 4 2 2 31 1676 1601 1733 1992
6338 4 2 2 31 1520 1707 1545 1853
6339 4 2 2 31 1494 1659 1502 1999
6340 4 2 2 31 1722 1745 1644 1831
6341 4 2 2 31 1311 1310 1090 1984
6342 4 2 2 31 1661 1769 1616 1923
6343 4 2 2 31 745 1706 799 1871
6344 4 2 2 31 1786 1872 1408 1948
6345 4 2 2 31 1197 1198 1199 1773
6346 4 2 2 31 1359 1986 1703 2033
6347 4 2 2 31 887 1000 996 1678
6348 4 2 2 31 1778 1846 1300 2071
6349 4 2 2 31 1041 1066 1789 1946
6350 4 2 2 31 523 1731 1974 2074
6351 4 2 2 31 1553 1687 1596 2045
6352 4 2 2 31 809 835 839 1706
6353 4 2 2 31 1312 769 1784 1922
6354 4 2 2 31 375 1928 466 1998
6355 4 2 2 31 1492 1091 1486 2016
6356 4 2 2 31 1753 1754 1633 1997
6357 4 2 2 31 1792 1838 1645 1859
6358 4 2 2 31 1494 1725 1999 2060
6359 4 2 2 31 1641 1781 1669 1842
6360 4 2 2 31 949 866 958 1749
6361 4 2 2 31 1749 1765 1647 1821
6362 4 2 2 31 1637 1813 1773 1898
6363 4 2 2 31 1052 1051 1065 1941
6364 4 2 2 31 471 511 434 1674
6365 4 2 2 31 954 848 1919 1926
6366 4 2 2 31 1209 1745 1176 1894
6367 4 2 2 31 1265 1319 1757 1976
6368 4 2 2 31 431 1591 350 1902
6369 4 2 2 31 768 716 1690 1922
6370 4 2 2 31 1714 1609 1738 1847
6371 4 2 2 31 959 1510 1474 1931
6372 4 2 2 31 1448 1110 1310 1680
6373 4 2 2 31 443 1963 444 2004
6374 4 2 2 31 1605 1936 1694 2018
6375 4 2 2 31 1206 1846 1778 2063
6376 4 2 2 31 1664 1607 1744 2075
6377 4 2 2 31 1557 1588 1851 1872
6378 4 2 2 31 1703 1883 1152 2033
6379 4 2 2 31 1686 1703 1612 1795
6380 4 2 2 31 45 46 1730 1836
6381 4 2 2 31 1661 1751 1841 1923
6382 4 2 2 31 1049 1673 1075 2059
6383 4 2 2 31 1145 1863 1848 2005
6384 4 2 2 31 1632 1717 1711 1832
6385 4 2 2 31 459 1775 485 1988
6386 4 2 2 31 965 899 900 1701
6387 4 2 2 31 1639 1846 1720 2003
6388 4 2 2 31 1400 1878 1716 2024
6389 4 2 2 31 1753 1797 1629 2047
6390 4 2 2 31 805 1282 1371 1786
6391 4 2 2 31 1355 1359 1152 1703
6392 4 2 2 31 1690 1845 1730 1864
6393 4 2 2 31 1697 1816 1604 1945
6394 4 2 2 31 29 3 1900 1993
6395 4 2 2 31 1175 1751 1348 2035
6396 4 2 2 31 757 1755 758 2050
6397 4 2 2 31 1330 1224 1714 2021
6398 4 2 2 31 751 1665 783 1820
6399 4 2 2 31 1601 1667 1935 1990
6400 4 2 2 31 819 820 1947 2002
6401 4 2 2 31 1469 1718 1105 1973
6402 4 2 2 31 373 1928 375 1998
6403 4 2 2 31 102 948 1841 1991
6404 4 2 2 31 109 1814 1666 1990
6405 4 2 2 31 1171 1671 1783 1940
6406 4 2 2 31 1713 1647 1765 1821
6407 4 2 2 31 1645 1792 1809 1838
6408 4 2 2 31 1071 1030 1075 1673
6409 4 2 2 31 1 1023 51 1710
6410 4 2 2 31 1327 1831 1366 1975
6411 4 2 2 31 1815 1852 1630 1983
6412 4 2 2 31 1651 1903 1726 1956
6413 4 2 2 31 1637 1773 1763 2066
6414 4 2 2 31 455 1734 435 1913
6415 4 2 2 31 1601 1666 1814 1990
6416 4 2 2 31 1710 1803 1603 1868
6417 4 2 2 31 1146 1143 1746 1817
6418 4 2 2 31 1080 1036 1692 1865
6419 4 2 2 31 1771 1832 105 2015
6420 4 2 2 31 1579 1578 1576 1684
6421 4 2 2 31 819 1871 1706 1947
6422 4 2 2 31 1699 1631 1743 1779
6423 4 2 2 31 1642 1765 1713 1844
6424 4 2 2 31 765 768 1690 1845
6425 4 2 2 31 1663 1616 1748 1856
6426 4 2 2 31 1190 1231 1754 1997
6427 4 2 2 31 1212 1213 1175 1751
6428 4 2 2 31 1615 1751 1663 1841
6429 4 2 2 31 1355 1703 1152 2033
6430 4 2 2 31 841 1706 819 1871
6431 4 2 2 31 107 1780 954 1919
6432 4 2 2 31 1662 1915 1570 2045
6433 4 2 2 31 1712 1861 1620 1954
6434 4 2 2 31 1405 803 1107 1947
6435 4 2 2 31 497 454 1960 2080
6436 4 2 2 31 401 403 416 1686
6437 4 2 2 31 1613 1826 1732 1944
6438 4 2 2 31 971 1791 878 1936
6439 4 2 2 31 1721 1807 1627 2023
6440 4 2 2 31 446 352 475 1801
6441 4 2 2 31 1690 1730 1646 1864
6442 4 2 2 31 1596 1687 1553 2019
6443 4 2 2 31 1180 1557 1851 1872
6444 4 2 2 31 1288 1505 1702 1718
6445 4 2 2 31 1634 1773 1763 1858
6446 4 2 2 31 1621 1809 1792 1838
6447 4 2 2 31 454 357 44 1969
6448 4 2 2 31 1861 1874 1620 1965
6449 4 2 2 31 816 1749 817 1911
6450 4 2 2 31 747 1895 746 1932
6451 4 2 2 31 1175 1348 1176 2035
6452 4 2 2 31 1691 1700 1623 1982
6453 4 2 2 31 508 1741 379 1752
6454 4 2 2 31 436 399 1775 1850
6455 4 2 2 31 373 466 375 1928
6456 4 2 2 31 1614 1861 1712 1954
6457 4 2 2 31 1655 1724 1803 1908
6458 4 2 2 31 391 1781 1788 2077
6459 4 2 2 31 823 1687 828 1882
6460 4 2 2 31 85 86 1025 1911
6461 4 2 2 31 1213 1751 1212 2011
6462 4 2 2 31 724 1791 935 1822
6463 4 2 2 31 368 522 1 1727
6464 4 2 2 31 1156 1152 1883 2033
6465 4 2 2 31 409 513 459 1768
6466 4 2 2 31 438 501 387 1691
6467 4 2 2 31 929 1514 883 1856
6468 4 2 2 31 1424 1328 1721 1916
6469 4 2 2 31 1307 1373 1805 1893
6470 4 2 2 31 443 1832 1963 2004
6471 4 2 2 31 865 80 1024 1828
6472 4 2 2 31 1612 1762 1772 1910
6473 4 2 2 31 1174 1785 1179 1809
6474 4 2 2 31 526 1843 1726 1928
6475 4 2 2 31 769 787 1312 1784
6476 4 2 2 31 1406 1295 1764 1959
6477 4 2 2 31 1670 1942 1723 1977
6478 4 2 2 31 1137 1402 1914 1979
6479 4 2 2 31 1364 1852 1255 1870
6480 4 2 2 31 1490 1692 1551 1865
6481 4 2 2 31 928 725 1794 1970
6482 4 2 2 31 1707 1853 1640 1860
6483 4 2 2 31 1675 1699 1624 2005
6484 4 2 2 31 1626 1726 1956 2009
6485 4 2 2 31 1677 1714 1636 2021
6486 4 2 2 31 1090 1319 1463 1695
6487 4 2 2 31 1533 968 965 1689
6488 4 2 2 31 1702 1718 1601 1857
6489 4 2 2 31 1255 1254 1256 1870
6490 4 2 2 31 50 1710 978 1862
6491 4 2 2 31 412 1729 444 1963
6492 4 2 2 31 1647 1765 1749 1899
6493 4 2 2 31 1199 1344 1197 1938
6494 4 2 2 31 1607 1664 1744 1926
6495 4 2 2 31 808 825 832 2056
6496 4 2 2 31 1314 1084 1313 1922
6497 4 2 2 31 1758 1797 1688 2047
6498 4 2 2 31 1129 1131 1130 1903
6499 4 2 2 31 754 878 1791 1936
6500 4 2 2 31 1842 1863 1135 1979
6501 4 2 2 31 1558 1178 1582 1735
6502 4 2 2 31 1799 1916 1754 2007
6503 4 2 2 31 1723 1885 1670 1977
6504 4 2 2 31 1516 1748 1519 1856
6505 4 2 2 31 1728 1768 1622 2072
6506 4 2 2 31 1538 1526 1805 1867
6507 4 2 2 31 1743 1811 382 2069
6508 4 2 2 31 515 486 1734 2022
6509 4 2 2 31 870 1011 973 1701
6510 4 2 2 31 765 1845 1690 1864
6511 4 2 2 31 1663 1704 1949 2035
6512 4 2 2 31 1140 1708 1141 1958
6513 4 2 2 31 1775 1815 1645 1906
6514 4 2 2 31 1681 1630 1983 2055
6515 4 2 2 31 1060 1301 1393 1846
6516 4 2 2 31 1830 1876 842 2036
6517 4 2 2 31 872 958 936 1888
6518 4 2 2 31 1440 1719 1582 1896
6519 4 2 2 31 1646 1826 1732 1905
6520 4 2 2 31 1609 1834 1738 2048
6521 4 2 2 31 1012 789 871 1706
6522 4 2 2 31 1768 1788 1708 2077
6523 4 2 2 31 896 895 1026 1904
6524 4 2 2 31 1793 1919 1607 1926
6525 4 2 2 31 1595 1891 1566 1934
6526 4 2 2 31 1777 1907 1076 2059
6527 4 2 2 31 499 434 1578 1684
6528 4 2 2 31 1610 1782 1742 2030
6529 4 2 2 31 739 1680 738 1936
6530 4 2 2 31 1314 1313 1690 1922
6531 4 2 2 31 1723 1942 1625 1977
6532 4 2 2 31 1723 1762 1625 1772
6533 4 2 2 31 1581 1851 1687 2073
6534 4 2 2 31 1170 1885 1861 1940
6535 4 2 2 31 744 1709 1101 1932
6536 4 2 2 31 1574 1582 1576 1896
6537 4 2 2 31 788 920 882 1961
6538 4 2 2 31 1787 1800 1605 1946
6539 4 2 2 31 959 870 904 2028
6540 4 2 2 31 1378 1680 1839 2018
6541 4 2 2 31 1690 1730 1650 1878
6542 4 2 2 31 1726 1743 1631 1779
6543 4 2 2 31 525 416 475 1818
6544 4 2 2 31 1624 1675 1884 2069
6545 4 2 2 31 1691 1863 1624 2034
6546 4 2 2 31 1703 1986 1790 2033
6547 4 2 2 31 1046 1685 1079 1892
6548 4 2 2 31 1699 1754 1631 2058
6549 4 2 2 31 1634 1886 1668 1887
6550 4 2 2 31 1631 1741 1998 2038
6551 4 2 2 31 1698 1895 1608 1904
6552 4 2 2 31 1320 1211 1171 1671
6553 4 2 2 31 1624 1699 1752 2069
6554 4 2 2 31 899 968 1009 1689
6555 4 2 2 31 1682 1829 1651 1903
6556 4 2 2 31 1338 1087 715 2050
6557 4 2 2 31 1090 1695 1463 1984
6558 4 2 2 31 45 1730 943 1969
6559 4 2 2 31 1242 1720 1846 2003
6560 4 2 2 31 1755 1970 758 2050
6561 4 2 2 31 780 778 720 1739
6562 4 2 2 31 109 1666 503 1990
6563 4 2 2 31 1417 1249 1280 1765
6564 4 2 2 31 1163 1157 1723 1885
6565 4 2 2 31 1036 1063 1067 1692
6566 4 2 2 31 1114 1460 1462 1733
6567 4 2 2 31 947 857 1776 2040
6568 4 2 2 31 1729 1942 1625 1963
6569 4 2 2 31 1621 1859 1792 2000
6570 4 2 2 31 1616 1736 1661 2011
6571 4 2 2 31 1006 1806 863 1835
6572 4 2 2 31 1764 1959 1295 2020
6573 4 2 2 31 1578 434 511 1674
6574 4 2 2 31 397 1768 459 1988
6575 4 2 2 31 512 522 1727 1868
6576 4 2 2 31 1801 1802 1610 1917
6577 4 2 2 31 1145 1848 1332 2005
6578 4 2 2 31 1220 1750 1218 1838
6579 4 2 2 31 508 356 467 1890
6580 4 2 2 31 988 986 929 1995
6581 4 2 2 31 1670 1740 1606 2071
6582 4 2 2 31 1150 1795 1742 2030
6583 4 2 2 31 1593 1114 1462 1844
6584 4 2 2 31 1105 1445 1391 1973
6585 4 2 2 31 43 454 44 1969
6586 4 2 2 31 1662 1786 825 1948
6587 4 2 2 31 1173 1965 1670 2071
6588 4 2 2 31 1630 1852 1989 1996
6589 4 2 2 31 1736 1782 1212 2010
6590 4 2 2 31 384 382 2034 2069
6591 4 2 2 31 1605 1680 1936 2018
6592 4 2 2 31 952 1698 750 1820
6593 4 2 2 31 1012 960 809 1706
6594 4 2 2 31 1420 1357 1262 1984
6595 4 2 2 31 1634 1668 1806 1887
6596 4 2 2 31 1209 1831 1745 1894
6597 4 2 2 31 1080 1061 1036 1865
6598 4 2 2 31 1702 1760 1667 2043
6599 4 2 2 31 105 361 1771 2015
6600 4 2 2 31 828 804 826 1882
6601 4 2 2 31 1685 1777 1606 1907
6602 4 2 2 31 1387 1396 1702 1857
6603 4 2 2 31 43 858 1944 1969
6604 4 2 2 31 1282 1786 805 1899
6605 4 2 2 31 368 1727 1 2054
6606 4 2 2 31 905 1017 1955 2028
6607 4 2 2 31 788 882 727 1696
6608 4 2 2 31 1746 1609 2022 2065
6609 4 2 2 31 1169 1885 1173 1965
6610 4 2 2 31 521 503 432 1816
6611 4 2 2 31 1482 1108 1288 1702
6612 4 2 2 31 1162 1157 1885 1940
6613 4 2 2 31 826 804 1182 1882
6614 4 2 2 31 1619 1829 1682 1985
6615 4 2 2 31 1604 1816 1688 1945
6616 4 2 2 31 1099 715 771 1732
6617 4 2 2 31 1143 1746 1958 2065
6618 4 2 2 31 1841 1917 1801 1951
6619 4 2 2 31 1127 1721 1328 1779
6620 4 2 2 31 1632 1664 1766 1957
6621 4 2 2 31 738 739 718 1680
6622 4 2 2 31 1037 1068 1064 1694
6623 4 2 2 31 43 1944 1681 1969
6624 4 2 2 31 402 1756 451 1761
6625 4 2 2 31 86 1713 87 1821
6626 4 2 2 31 445 1802 405 1910
6627 4 2 2 31 1717 1664 1957 2075
6628 4 2 2 31 43 453 1960 2055
6629 4 2 2 31 1582 1735 1178 1896
6630 4 2 2 31 518 372 362 1875
6631 4 2 2 31 1577 1679 1587 1799
6632 4 2 2 31 1583 499 1578 2070
6633 4 2 2 31 1729 1778 1625 1977
6634 4 2 2 31 441 522 368 1727
6635 4 2 2 31 1746 1817 1635 2010
6636 4 2 2 31 1111 1556 1440 1719
6637 4 2 2 31 1629 1797 1758 2047
6638 4 2 2 31 496 481 88 1676
6639 4 2 2 31 1629 1967 1797 2049
6640 4 2 2 31 1597 1662 1872 1915
6641 4 2 2 31 29 1900 1812 1993
6642 4 2 2 31 1536 1513 1825 1867
6643 4 2 2 31 1354 1095 1439 1800
6644 4 2 2 31 1367 1906 1815 1989
6645 4 2 2 31 1473 1375 1098 1748
6646 4 2 2 31 1319 1384 1757 1976
6647 4 2 2 31 1574 1735 1582 1896
6648 4 2 2 31 1662 1851 1687 2045
6649 4 2 2 31 1144 1672 1817 1994
6650 4 2 2 31 862 1682 1921 1927
6651 4 2 2 31 1785 1809 1621 2001
6652 4 2 2 31 1683 1775 1630 1815
6653 4 2 2 31 733 1709 745 1871
6654 4 2 2 31 1149 1742 1150 1795
6655 4 2 2 31 1142 1672 1158 1989
6656 4 2 2 31 1079 1685 1057 1953
6657 4 2 2 31 1607 1717 1919 2003
6658 4 2 2 31 503 1666 480 1902
6659 4 2 2 31 896 1026 1698 1904
6660 4 2 2 31 746 1895 1709 1932
6661 4 2 2 31 1686 1802 1612 1968
6662 4 2 2 31 404 402 451 1761
6663 4 2 2 31 1367 1218 1815 1906
6664 4 2 2 31 756 1804 747 1932
6665 4 2 2 31 497 1960 1788 2080
6666 4 2 2 31 1499 1689 1500 1973
6667 4 2 2 31 1141 1708 1914 1958
6668 4 2 2 31 1700 1873 1971 1982
6669 4 2 2 31 1606 1846 1778 2071
6670 4 2 2 31 1878 1927 1650 1985
6671 4 2 2 31 1620 1670 1767 1885
6672 4 2 2 31 1632 1771 1722 2015
6673 4 2 2 31 1428 1893 1827 1980
6674 4 2 2 31 1756 1790 1618 1850
6675 4 2 2 31 1530 883 1514 1856
6676 4 2 2 31 1171 1183 1174 1785
6677 4 2 2 31 1678 1759 1640 1880
6678 4 2 2 31 765 768 716 1690
6679 4 2 2 31 1417 1399 1100 1808
6680 4 2 2 31 850 35 1770 2039
6681 4 2 2 31 42 453 43 2055
6682 4 2 2 31 1621 1838 1739 2001
6683 4 2 2 31 1651 1848 1829 2017
6684 4 2 2 31 1343 1367 1815 1989
6685 4 2 2 31 1656 1765 1749 1821
6686 4 2 2 31 1602 1674 1660 1900
6687 4 2 2 31 109 480 503 1666
6688 4 2 2 31 1167 1332 1848 2005
6689 4 2 2 31 1319 794 1384 1976
6690 4 2 2 31 466 526 1726 1928
6691 4 2 2 31 50 51 1710 2054
6692 4 2 2 31 1098 1517 1473 1748
6693 4 2 2 31 1243 1180 1557 1851
6694 4 2 2 31 1504 1506 1505 1702
6695 4 2 2 31 1619 1877 1836 1909
6696 4 2 2 31 1567 1713 1568 1844
6697 4 2 2 31 767 1845 765 1864
6698 4 2 2 31 1143 1817 1144 1958
6699 4 2 2 31 494 483 464 1685
6700 4 2 2 31 1688 1758 1604 1797
6701 4 2 2 31 868 1796 951 1908
6702 4 2 2 31 1189 1753 1188 2049
6703 4 2 2 31 518 362 1584 1875
6704 4 2 2 31 1345 1863 1344 1979
6705 4 2 2 31 1734 1913 1769 2037
6706 4 2 2 31 1742 1818 1686 1924
6707 4 2 2 31 1090 1463 1311 1984
6708 4 2 2 31 1678 1649 1889 1980
6709 4 2 2 31 367 1798 90 2026
6710 4 2 2 31 517 1787 1054 1953
6711 4 2 2 31 1666 1935 1601 1992
6712 4 2 2 31 1560 478 479 1993
6713 4 2 2 31 1641 1909 1781 2080
6714 4 2 2 31 1357 1211 1861 1897
6715 4 2 2 31 95 1889 1813 2078
6716 4 2 2 31 1673 1952 1639 2004
6717 4 2 2 31 1172 1829 1747 1903
6718 4 2 2 31 923 785 890 1774
6719 4 2 2 31 1282 805 824 1899
6720 4 2 2 31 1505 1288 1105 1718
6721 4 2 2 31 1676 1733 1601 2064
6722 4 2 2 31 1534 1513 1472 1824
6723 4 2 2 31 977 850 1770 2039
6724 4 2 2 31 1482 1288 1505 1702
6725 4 2 2 31 992 1707 885 2040
6726 4 2 2 31 531 85 1911 1915
6727 4 2 2 31 1697 1733 1601 1992
6728 4 2 2 31 1727 1603 1849 1854
6729 4 2 2 31 1676 1844 1733 2064
6730 4 2 2 31 1641 1836 1716 1877
6731 4 2 2 31 1624 1884 1675 1938
6732 4 2 2 31 1150 1742 1148 2030
6733 4 2 2 31 1728 1988 1768 2072
6734 4 2 2 31 78 434 79 1684
6735 4 2 2 31 1498 1808 1497 1888
6736 4 2 2 31 969 897 1820 1900
6737 4 2 2 31 1661 1782 1736 2037
6738 4 2 2 31 1605 1680 1823 1936
6739 4 2 2 31 1615 1841 1801 1951
6740 4 2 2 31 1359 1152 1703 1986
6741 4 2 2 31 1015 1692 966 1926
6742 4 2 2 31 1525 1737 1522 1827
6743 4 2 2 31 1668 1806 1805 1867
6744 4 2 2 31 468 37 482 2076
6745 4 2 2 31 1574 1558 1735 1854
6746 4 2 2 31 1637 1763 1675 2066
6747 4 2 2 31 1041 1042 1066 1946
6748 4 2 2 31 101 102 948 1841
6749 4 2 2 31 1790 1792 1645 1850
6750 4 2 2 31 756 749 747 1804
6751 4 2 2 31 1811 1909 385 2034
6752 4 2 2 31 893 1549 1484 1692
6753 4 2 2 31 1512 1824 1483 1930
6754 4 2 2 31 1634 1773 1858 1886
6755 4 2 2 31 992 918 885 1707
6756 4 2 2 31 1034 1046 1892 1907
6757 4 2 2 31 1790 1809 1611 2033
6758 4 2 2 31 1695 1614 1791 2039
6759 4 2 2 31 1752 1884 1675 2069
6760 4 2 2 31 1760 1931 1667 2043
6761 4 2 2 31 1667 1931 1760 2028
6762 4 2 2 31 1601 1733 1697 1857
6763 4 2 2 31 1717 1832 1632 2014
6764 4 2 2 31 1672 1728 1618 1988
6765 4 2 2 31 765 764 1864 1905
6766 4 2 2 31 1425 1855 1201 1869
6767 4 2 2 31 1043 1072 1069 1787
6768 4 2 2 31 1164 1171 1174 1783
6769 4 2 2 31 1080 1036 1067 1692
6770 4 2 2 31 1532 1545 1519 1860
6771 4 2 2 31 432 1594 1816 1902
6772 4 2 2 31 1006 92 1806 1890
6773 4 2 2 31 783 753 721 1665
6774 4 2 2 31 29 1812 1660 1993
6775 4 2 2 31 940 977 1770 1822
6776 4 2 2 31 461 391 1781 2080
6777 4 2 2 31 1751 1949 1271 2035
6778 4 2 2 31 1819 1623 1971 1982
6779 4 2 2 31 507 1813 353 1873
6780 4 2 2 31 1613 1983 1870 2050
6781 4 2 2 31 1002 931 1806 1867
6782 4 2 2 31 938 851 103 1722
6783 4 2 2 31 870 1508 1011 1701
6784 4 2 2 31 720 1739 778 1978
6785 4 2 2 31 348 1462 1115 1733
6786 4 2 2 31 1333 1997 1413 2005
6787 4 2 2 31 1620 1874 1712 1974
6788 4 2 2 31 1495 1502 1837 1999
6789 4 2 2 31 1542 1551 1692 1865
6790 4 2 2 31 503 480 432 1902
6791 4 2 2 31 1626 1862 1843 2009
6792 4 2 2 31 1630 1788 1768 1960
6793 4 2 2 31 38 37 1693 2061
6794 4 2 2 31 822 1866 1107 1947
6795 4 2 2 31 1647 1786 1899 1911
6796 4 2 2 31 1745 1894 1615 2035
6797 4 2 2 31 1658 1806 1805 1887
6798 4 2 2 31 1617 1770 1671 1897
6799 4 2 2 31 959 1474 870 1931
6800 4 2 2 31 904 1667 973 1990
6801 4 2 2 31 814 1830 842 2036
6802 4 2 2 31 35 1954 1770 2039
6803 4 2 2 31 1341 1916 1342 2007
6804 4 2 2 31 797 894 732 1694
6805 4 2 2 31 1642 1689 1888 1973
6806 4 2 2 31 1423 1408 1180 1872
6807 4 2 2 31 1758 1955 1629 2026
6808 4 2 2 31 1452 1269 1847 1964
6809 4 2 2 31 1680 1791 1614 1823
6810 4 2 2 31 1707 1748 1616 1856
6811 4 2 2 31 1415 1199 1416 2021
6812 4 2 2 31 1756 1761 1611 1881
6813 4 2 2 31 372 1679 362 1875
6814 4 2 2 31 1068 1037 1081 1694
6815 4 2 2 31 1152 1883 1703 2052
6816 4 2 2 31 1683 1983 1630 2055
6817 4 2 2 31 1754 1916 1341 2007
6818 4 2 2 31 1208 1356 1939 1975
6819 4 2 2 31 1079 1045 1892 1953
6820 4 2 2 31 1426 1094 1279 1941
6821 4 2 2 31 1560 1660 1574 1674
6822 4 2 2 31 817 1749 815 1899
6823 4 2 2 31 1680 1614 1791 1984
6824 4 2 2 31 825 1786 1662 1911
6825 4 2 2 31 36 850 35 1770
6826 4 2 2 31 933 763 1826 1864
6827 4 2 2 31 1474 1508 870 2043
6828 4 2 2 31 1678 1889 1759 1980
6829 4 2 2 31 1777 1912 1606 1952
6830 4 2 2 31 429 1810 1767 2046
6831 4 2 2 31 1672 1768 1728 1988
6832 4 2 2 31 1721 1779 1631 2058
6833 4 2 2 31 1671 1770 1614 1897
6834 4 2 2 31 1343 1906 1367 1989
6835 4 2 2 31 1691 1873 1700 1982
6836 4 2 2 31 468 1881 1693 2076
6837 4 2 2 31 492 431 350 1902
6838 4 2 2 31 868 913 951 1796
6839 4 2 2 31 98 1769 1738 2048
6840 4 2 2 31 1640 1738 1714 1776
6841 4 2 2 31 1603 1803 1724 1959
6842 4 2 2 31 1688 2026 1758 2047
6843 4 2 2 31 1621 1838 1859 2000
6844 4 2 2 31 726 921 767 1864
6845 4 2 2 31 940 1822 1770 2061
6846 4 2 2 31 1744 1926 1664 2029
6847 4 2 2 31 1330 1224 1226 1714
6848 4 2 2 31 1428 1886 1309 1893
6849 4 2 2 31 982 942 987 1696
6850 4 2 2 31 1618 1728 1672 1817
6851 4 2 2 31 746 1709 744 1932
6852 4 2 2 31 1515 1543 1704 1995
6853 4 2 2 31 1556 1111 1459 1855
6854 4 2 2 31 1092 1305 1304 1824
6855 4 2 2 31 1025 86 866 1821
6856 4 2 2 31 1300 1778 1206 1846
6857 4 2 2 31 1721 1631 1916 2058
6858 4 2 2 31 458 1661 1913 1917
6859 4 2 2 31 832 1662 825 1948
6860 4 2 2 31 1171 1320 1671 1940
6861 4 2 2 31 1263 1450 1440 1719
6862 4 2 2 31 1428 1372 1886 1980
6863 4 2 2 31 1542 1487 1551 1865
6864 4 2 2 31 1786 1872 1647 1987
6865 4 2 2 31 770 1774 782 1784
6866 4 2 2 31 836 842 1830 1876
6867 4 2 2 31 1663 1949 1704 1995
6868 4 2 2 31 479 1660 1575 1993
6869 4 2 2 31 1608 1904 1895 1943
6870 4 2 2 31 1446 1035 1907 2059
6871 4 2 2 31 102 352 1801 1917
6872 4 2 2 31 1665 1602 1812 1820
6873 4 2 2 31 50 1843 442 2054
6874 4 2 2 31 807 1687 828 1962
6875 4 2 2 31 1582 1440 1556 1719
6876 4 2 2 31 1054 1787 1072 1953
6877 4 2 2 31 515 486 395 1734
6878 4 2 2 31 1415 1700 1199 2021
6879 4 2 2 31 1490 1744 1692 1865
6880 4 2 2 31 1519 1517 1532 1748
6881 4 2 2 31 823 828 1687 1962
6882 4 2 2 31 1035 1301 1846 2059
6883 4 2 2 31 1610 1742 1795 2030
6884 4 2 2 31 1093 1294 1302 1784
6885 4 2 2 31 35 36 1770 1954
6886 4 2 2 31 863 1006 931 1806
6887 4 2 2 31 729 744 1101 1932
6888 4 2 2 31 1216 1809 1179 1838
6889 4 2 2 31 918 1707 990 1856
6890 4 2 2 31 1253 1437 1899 1987
6891 4 2 2 31 1119 1240 1967 2025
6892 4 2 2 31 1663 1515 1949 1995
6893 4 2 2 31 1641 1842 1669 1877
6894 4 2 2 31 1469 1391 1503 1973
6895 4 2 2 31 1385 1082 1034 1907
6896 4 2 2 31 933 888 763 1864
6897 4 2 2 31 1190 1340 1753 1754
6898 4 2 2 31 1478 1522 1521 1737
6899 4 2 2 31 1805 1806 1668 1887
6900 4 2 2 31 1747 1829 1682 1903
6901 4 2 2 31 1716 1852 1641 2051
6902 4 2 2 31 1276 1744 1941 2075
6903 4 2 2 31 914 878 737 1936
6904 4 2 2 31 1573 1572 1854 2053
6905 4 2 2 31 1755 1794 760 1970
6906 4 2 2 31 739 1791 1680 1936
6907 4 2 2 31 441 1727 368 1875
6908 4 2 2 31 1646 1730 1716 1969
6909 4 2 2 31 1099 1338 715 1732
6910 4 2 2 31 943 860 1001 1730
6911 4 2 2 31 1681 1983 1683 2055
6912 4 2 2 31 1658 1705 1806 1887
6913 4 2 2 31 1105 1469 1505 1718
6914 4 2 2 31 1210 1715 1126 1937
6915 4 2 2 31 1665 1764 751 2020
6916 4 2 2 31 1675 1901 1413 2066
6917 4 2 2 31 1689 1718 1504 1973
6918 4 2 2 31 371 1679 1928 2038
6919 4 2 2 31 1384 714 1757 1976
6920 4 2 2 31 725 886 762 1970
6921 4 2 2 31 1649 1858 1773 1886
6922 4 2 2 31 916 1904 78 1943
6923 4 2 2 31 1357 1211 1320 1861
6924 4 2 2 31 1616 1748 1707 2013
6925 4 2 2 31 392 1768 394 2072
6926 4 2 2 31 727 1696 882 1920
6927 4 2 2 31 507 95 1813 2078
6928 4 2 2 31 1604 1666 1697 1935
6929 4 2 2 31 1363 1238 1215 1790
6930 4 2 2 31 39 942 38 1879
6931 4 2 2 31 1387 1241 1857 2025
6932 4 2 2 31 1581 1687 2019 2073
6933 4 2 2 31 1596 1851 1588 2045
6934 4 2 2 31 754 737 878 1936
6935 4 2 2 31 1466 1453 1704 1950
6936 4 2 2 31 1255 1815 1221 1983
6937 4 2 2 31 919 884 784 1920
6938 4 2 2 31 1139 1141 1140 1708
6939 4 2 2 31 1742 1795 1149 1986
6940 4 2 2 31 1460 1219 1733 1844
6941 4 2 2 31 1625 1762 1723 2032
6942 4 2 2 31 1222 1898 1372 1980
6943 4 2 2 31 1033 1040 1352 1800
6944 4 2 2 31 743 1822 1961 1976
6945 4 2 2 31 1315 1878 1400 2024
6946 4 2 2 31 1384 794 714 1976
6947 4 2 2 31 1675 1884 1637 1938
6948 4 2 2 31 971 1823 1791 1936
6949 4 2 2 31 1607 1780 1720 1919
6950 4 2 2 31 1316 1716 1368 2024
6951 4 2 2 31 1640 1759 1678 2044
6952 4 2 2 31 1788 1960 1641 2080
6953 4 2 2 31 1450 1418 1111 1719
6954 4 2 2 31 1238 1215 1790 1809
6955 4 2 2 31 464 1685 483 1953
6956 4 2 2 31 439 1873 389 1971
6957 4 2 2 31 420 110 1816 1929
6958 4 2 2 31 1725 1766 1664 1957
6959 4 2 2 31 1094 1394 1279 1720
6960 4 2 2 31 1443 1697 1733 1857
6961 4 2 2 31 104 1771 361 2015
6962 4 2 2 31 1602 1764 1665 1959
6963 4 2 2 31 526 469 1843 1928
6964 4 2 2 31 394 459 397 1768
6965 4 2 2 31 1268 1704 1453 1950
6966 4 2 2 31 38 1693 1879 2061
6967 4 2 2 31 1352 1095 1033 1800
6968 4 2 2 31 728 749 756 1804
6969 4 2 2 31 1690 1646 1730 2024
6970 4 2 2 31 1301 1907 1846 2059
6971 4 2 2 31 1851 1872 1662 1948
6972 4 2 2 31 889 927 1737 2031
6973 4 2 2 31 1636 1759 1889 1898
6974 4 2 2 31 355 1810 36 1954
6975 4 2 2 31 1345 1344 1415 1979
6976 4 2 2 31 1393 1242 1720 1846
6977 4 2 2 31 924 892 1774 2062
6978 4 2 2 31 894 732 1694 1936
6979 4 2 2 31 1685 1740 1648 1892
6980 4 2 2 31 1805 1806 1658 1867
6981 4 2 2 31 1667 1760 1702 1935
6982 4 2 2 31 1673 1606 1952 2059
6983 4 2 2 31 1562 348 1697 1992
6984 4 2 2 31 1579 2019 1583 2070
6985 4 2 2 31 1406 1959 1764 2042
6986 4 2 2 31 1293 1833 1291 1937
6987 4 2 2 31 1625 1772 1762 1910
6988 4 2 2 31 1623 1914 1700 1979
6989 4 2 2 31 1071 1053 1070 1780
6990 4 2 2 31 367 467 90 1798
6991 4 2 2 31 1315 1314 1313 1878
6992 4 2 2 31 467 91 1835 1890
6993 4 2 2 31 481 88 1676 1918
6994 4 2 2 31 1584 1679 1577 1875
6995 4 2 2 31 372 1875 498 1928
6996 4 2 2 31 1675 1763 1637 1884
6997 4 2 2 31 946 974 1766 2014
6998 4 2 2 31 1795 1802 1610 1939
6999 4 2 2 31 1676 1601 1918 2064
7000 4 2 2 31 1226 1714 1246 1847
7001 4 2 2 31 1692 1744 1607 1941
7002 4 2 2 31 1552 1541 1830 1876
7003 4 2 2 31 808 84 1911 2056
7004 4 2 2 31 1498 1808 1888 1973
7005 4 2 2 31 764 1826 763 1864
7006 4 2 2 31 486 1834 1819 2022
7007 4 2 2 31 1728 397 1988 2072
7008 4 2 2 31 807 83 831 2056
7009 4 2 2 31 1606 1846 1673 1952
7010 4 2 2 31 1149 1148 1150 1742
7011 4 2 2 31 1365 1343 1815 1989
7012 4 2 2 31 1602 1900 1698 1981
7013 4 2 2 31 1185 1431 1854 2012
7014 4 2 2 31 402 401 400 1756
7015 4 2 2 31 779 765 1690 1905
7016 4 2 2 31 1607 1919 1717 2014
7017 4 2 2 31 1301 1446 1907 2059
7018 4 2 2 31 1321 1410 1182 1882
7019 4 2 2 31 1593 1103 1114 1844
7020 4 2 2 31 1460 1733 1114 1844
7021 4 2 2 31 1253 1280 1765 1899
7022 4 2 2 31 1137 1402 1139 1914
7023 4 2 2 31 1193 1705 1374 1887
7024 4 2 2 31 1371 1244 805 1786
7025 4 2 2 31 1601 1718 1689 2064
7026 4 2 2 31 1719 1855 1684 1869
7027 4 2 2 31 505 419 418 1952
7028 4 2 2 31 1035 1446 1301 2059
7029 4 2 2 31 746 745 1709 1895
7030 4 2 2 31 102 101 352 1917
7031 4 2 2 31 1537 925 1495 1837
7032 4 2 2 31 1586 1555 415 1688
7033 4 2 2 31 894 1694 967 1936
7034 4 2 2 31 942 1696 982 1879
7035 4 2 2 31 1378 1262 1839 1984
7036 4 2 2 31 1618 1742 1686 1924
7037 4 2 2 31 1165 1782 1175 2030
7038 4 2 2 31 785 923 723 1774
7039 4 2 2 31 1577 1679 1807 1875
7040 4 2 2 31 371 1679 372 1928
7041 4 2 2 31 1760 1857 1702 1935
7042 4 2 2 31 727 778 1696 1920
7043 4 2 2 31 97 947 857 1776
7044 4 2 2 31 1307 1308 1373 1893
7045 4 2 2 31 1717 1639 1919 2003
7046 4 2 2 31 1631 1699 1743 1998
7047 4 2 2 31 82 1687 807 1962
7048 4 2 2 31 1194 1413 1901 2066
7049 4 2 2 31 1316 1368 1257 2024
7050 4 2 2 31 1543 1502 1704 1837
7051 4 2 2 31 1695 1791 1614 1984
7052 4 2 2 31 1573 1577 1572 1807
7053 4 2 2 31 35 937 34 1954
7054 4 2 2 31 1624 1811 1669 1848
7055 4 2 2 31 362 1584 1679 1934
7056 4 2 2 31 370 415 530 1934
7057 4 2 2 31 1155 1331 1677 1914
7058 4 2 2 31 1797 1945 1119 2025
7059 4 2 2 31 718 739 740 1680
7060 4 2 2 31 1605 1823 1680 1839
7061 4 2 2 31 1671 1810 1770 2076
7062 4 2 2 31 807 82 83 2056
7063 4 2 2 31 1267 1972 1808 1973
7064 4 2 2 31 1670 1729 1912 1942
7065 4 2 2 31 1682 1650 1927 1985
7066 4 2 2 31 1636 1776 1714 1834
7067 4 2 2 31 1573 1574 1575 1660
7068 4 2 2 31 1549 1542 1484 1692
7069 4 2 2 31 1639 1717 1711 2063
7070 4 2 2 31 1472 1513 1538 1805
7071 4 2 2 31 1781 1788 1641 2080
7072 4 2 2 31 855 947 1738 2040
7073 4 2 2 31 1671 1861 1810 1940
7074 4 2 2 31 387 1691 501 2034
7075 4 2 2 31 1601 1702 1857 1935
7076 4 2 2 31 1016 907 906 1803
7077 4 2 2 31 385 382 1811 2034
7078 4 2 2 31 784 884 761 1920
7079 4 2 2 31 1558 1112 1178 1735
7080 4 2 2 31 1388 1882 1851 2073
7081 4 2 2 31 1676 1902 481 1918
7082 4 2 2 31 381 447 382 1743
7083 4 2 2 31 894 914 732 1936
7084 4 2 2 31 1208 1831 1327 1975
7085 4 2 2 31 1330 1677 1272 2065
7086 4 2 2 31 1818 1913 1661 1917
7087 4 2 2 31 1691 1884 501 2034
7088 4 2 2 31 1705 1806 1634 1890
7089 4 2 2 31 1331 1402 1415 1700
7090 4 2 2 31 1620 1954 1810 1974
7091 4 2 2 31 744 745 733 1709
7092 4 2 2 31 1314 1878 1315 2024
7093 4 2 2 31 1758 2026 1629 2047
7094 4 2 2 31 1466 1453 1086 1704
7095 4 2 2 31 1620 1731 1670 1965
7096 4 2 2 31 1133 1848 1145 1863
7097 4 2 2 31 1611 1792 1850 2027
7098 4 2 2 31 371 362 1679 1934
7099 4 2 2 31 47 1682 862 1927
7100 4 2 2 31 913 772 892 1796
7101 4 2 2 31 1263 1719 1440 1896
7102 4 2 2 31 1660 1900 1674 1993
7103 4 2 2 31 505 1777 500 1952
7104 4 2 2 31 988 1856 945 1923
7105 4 2 2 31 1267 1249 1417 1808
7106 4 2 2 31 1451 1366 1248 1957
7107 4 2 2 31 1692 1865 1744 1941
7108 4 2 2 31 45 1836 1730 1969
7109 4 2 2 31 1590 1799 1566 1891
7110 4 2 2 31 913 722 772 1796
7111 4 2 2 31 1314 1905 1690 2024
7112 4 2 2 31 1299 1760 1930 1967
7113 4 2 2 31 1181 1765 1249 1844
7114 4 2 2 31 1636 1889 1813 1898
7115 4 2 2 31 498 442 1843 2054
7116 4 2 2 31 1578 511 1560 1674
7117 4 2 2 31 1625 1723 1977 2032
7118 4 2 2 31 1385 1034 1892 1907
7119 4 2 2 31 1618 1686 1742 1986
7120 4 2 2 31 870 1508 1701 2043
7121 4 2 2 31 1326 1723 1157 1883
7122 4 2 2 31 87 88 901 1821
7123 4 2 2 31 899 898 846 1918
7124 4 2 2 31 1623 1788 1781 2077
7125 4 2 2 31 391 388 1781 2077
7126 4 2 2 31 33 34 1712 2074
7127 4 2 2 31 1724 1603 2012 2067
7128 4 2 2 31 1574 1558 1582 1735
7129 4 2 2 31 1638 1761 1883 2046
7130 4 2 2 31 1134 1442 1132 1877
7131 4 2 2 31 1620 1861 1885 1940
7132 4 2 2 31 1032 1060 1393 1720
7133 4 2 2 31 1672 1906 1158 1989
7134 4 2 2 31 1141 1708 1139 1914
7135 4 2 2 31 459 513 485 1775
7136 4 2 2 31 1265 1319 1384 1757
7137 4 2 2 31 802 1323 1866 2068
7138 4 2 2 31 1690 1878 1650 1922
7139 4 2 2 31 1716 1836 1619 1877
7140 4 2 2 31 1209 1208 1745 1831
7141 4 2 2 31 1252 1430 1718 1972
7142 4 2 2 31 1187 1839 1861 1874
7143 4 2 2 31 1445 1972 1267 1973
7144 4 2 2 31 1330 1677 1331 2021
7145 4 2 2 31 1627 1727 1849 2053
7146 4 2 2 31 1110 1448 1378 1680
7147 4 2 2 31 1612 1802 1795 1939
7148 4 2 2 31 1647 1786 1662 1872
7149 4 2 2 31 99 945 855 1923
7150 4 2 2 31 1681 1870 1646 1944
7151 4 2 2 31 1461 1876 1281 2036
7152 4 2 2 31 376 473 500 1673
7153 4 2 2 31 100 363 458 1913
7154 4 2 2 31 956 893 1015 1692
7155 4 2 2 31 1637 1700 1691 1873
7156 4 2 2 31 1187 1861 1170 1874
7157 4 2 2 31 1445 1267 1391 1973
7158 4 2 2 31 1623 1700 1691 1979
7159 4 2 2 31 1394 1720 1242 2003
7160 4 2 2 31 951 1796 999 2062
7161 4 2 2 31 792 797 732 1694
7162 4 2 2 31 904 973 903 1990
7163 4 2 2 31 1170 1186 1874 1965
7164 4 2 2 31 1846 2003 1639 2063
7165 4 2 2 31 1631 1743 1726 1998
7166 4 2 2 31 1361 1359 1790 1986
7167 4 2 2 31 1718 1972 1445 1973
7168 4 2 2 31 1732 1826 1613 1970
7169 4 2 2 31 1726 1928 1631 1998
7170 4 2 2 31 397 459 485 1988
7171 4 2 2 31 381 375 466 1998
7172 4 2 2 31 1303 1317 1313 1985
7173 4 2 2 31 1733 1844 1219 1972
7174 4 2 2 31 1688 1816 1564 1945
7175 4 2 2 31 1092 1546 1307 1805
7176 4 2 2 31 1780 1919 473 2004
7177 4 2 2 31 775 1292 1833 2006
7178 4 2 2 31 1267 1808 1391 1973
7179 4 2 2 31 1696 1739 1621 2000
7180 4 2 2 31 1658 1806 1705 1835
7181 4 2 2 31 943 45 860 1730
7182 4 2 2 31 1219 1460 1733 1972
7183 4 2 2 31 415 491 1586 1688
7184 4 2 2 31 1378 1448 1262 1984
7185 4 2 2 31 389 390 1819 1982
7186 4 2 2 31 505 465 500 1777
7187 4 2 2 31 485 436 399 1775
7188 4 2 2 31 1525 1827 1468 1893
7189 4 2 2 31 1125 1849 1715 2067
7190 4 2 2 31 1640 1860 1853 1880
7191 4 2 2 31 392 409 1768 1788
7192 4 2 2 31 1129 1127 1779 1903
7193 4 2 2 31 805 1786 817 1899
7194 4 2 2 31 393 392 394 2072
7195 4 2 2 31 1171 1783 1161 1940
7196 4 2 2 31 1594 1902 350 1992
7197 4 2 2 31 1647 1872 1662 1915
7198 4 2 2 31 1674 1602 1896 1981
7199 4 2 2 31 460 1819 1834 1971
7200 4 2 2 31 1242 1300 1206 1846
7201 4 2 2 31 1677 1636 1834 1971
7202 4 2 2 31 966 1015 893 1692
7203 4 2 2 31 1632 1832 1771 2015
7204 4 2 2 31 1722 1801 1615 1991
7205 4 2 2 31 1833 2006 1291 2067
7206 4 2 2 31 731 787 782 1784
7207 4 2 2 31 1012 871 960 1706
7208 4 2 2 31 1706 1947 1653 2002
7209 4 2 2 31 1275 1764 1422 1804
7210 4 2 2 31 1625 1723 1772 1942
7211 4 2 2 31 957 1014 894 1694
7212 4 2 2 31 399 485 1775 1988
7213 4 2 2 31 1649 1813 1773 1858
7214 4 2 2 31 1608 1895 1709 1943
7215 4 2 2 31 1006 91 92 1890
7216 4 2 2 31 962 1895 902 1943
7217 4 2 2 31 1201 1111 1418 1855
7218 4 2 2 31 462 425 1798 2038
7219 4 2 2 31 1673 1780 473 2004
7220 4 2 2 31 1009 1010 898 1918
7221 4 2 2 31 1292 1093 731 1833
7222 4 2 2 31 1601 1935 1666 1990
7223 4 2 2 31 1773 1901 1634 2066
7224 4 2 2 31 908 1710 1023 1803
7225 4 2 2 31 1765 1899 1647 1987
7226 4 2 2 31 727 882 919 1920
7227 4 2 2 31 1624 1848 1669 1863
7228 4 2 2 31 1624 1743 1699 2069
7229 4 2 2 31 1000 887 926 1737
7230 4 2 2 31 1014 967 894 1694
7231 4 2 2 31 1220 1221 1218 1750
7232 4 2 2 31 1418 1450 1274 1719
7233 4 2 2 31 519 103 102 1801
7234 4 2 2 31 1679 1799 1628 1934
7235 4 2 2 31 1473 1375 1748 1949
7236 4 2 2 31 978 951 864 1862
7237 4 2 2 31 743 1961 755 1976
7238 4 2 2 31 769 770 1784 1922
7239 4 2 2 31 1585 1844 1567 1987
7240 4 2 2 31 1849 2012 1603 2067
7241 4 2 2 31 1679 1631 1928 2038
7242 4 2 2 31 1596 1687 1581 1851
7243 4 2 2 31 1189 1191 1190 2049
7244 4 2 2 31 1682 1747 1626 2009
7245 4 2 2 31 1523 1528 1524 1880
7246 4 2 2 31 1717 2003 1228 2063
7247 4 2 2 31 1601 1935 1697 1992
7248 4 2 2 31 1101 1283 729 1932
7249 4 2 2 31 952 896 1698 1820
7250 4 2 2 31 374 1998 1741 2038
7251 4 2 2 31 1614 1680 1823 1839
7252 4 2 2 31 867 911 1510 1825
7253 4 2 2 31 909 1828 806 2002
7254 4 2 2 31 1734 2037 1769 2048
7255 4 2 2 31 1806 1867 1668 2031
7256 4 2 2 31 387 386 1982 2034
7257 4 2 2 31 1271 1751 1213 2011
7258 4 2 2 31 1102 1483 1304 1824
7259 4 2 2 31 107 954 848 1919
7260 4 2 2 31 1147 1817 1742 1986
7261 4 2 2 31 822 1107 803 1947
7262 4 2 2 31 1814 1902 1676 1918
7263 4 2 2 31 822 1323 1107 1866
7264 4 2 2 31 1650 1878 1730 1927
7265 4 2 2 31 1632 1766 1725 1957
7266 4 2 2 31 1391 1808 1503 1973
7267 4 2 2 31 1813 1889 1649 1898
7268 4 2 2 31 805 817 824 1899
7269 4 2 2 31 466 469 526 1928
7270 4 2 2 31 1602 1665 1812 1959
7271 4 2 2 31 1631 1721 1726 1779
7272 4 2 2 31 1651 1779 1726 1903
7273 4 2 2 31 443 412 444 1963
7274 4 2 2 31 1412 1250 1300 2071
7275 4 2 2 31 1750 1838 1654 1859
7276 4 2 2 31 1606 1740 1685 1907
7277 4 2 2 31 368 1875 1727 2054
7278 4 2 2 31 1027 108 1055 1780
7279 4 2 2 31 1177 1238 1355 2033
7280 4 2 2 31 1317 1878 1313 1985
7281 4 2 2 31 524 46 484 1927
7282 4 2 2 31 857 1776 2040 2044
7283 4 2 2 31 1146 1746 1159 2010
7284 4 2 2 31 832 1662 1948 2056
7285 4 2 2 31 1577 1727 1554 1875
7286 4 2 2 31 972 974 946 2014
7287 4 2 2 31 1418 1719 1274 1869
7288 4 2 2 31 865 1828 1024 2002
7289 4 2 2 31 1665 1724 1803 1959
7290 4 2 2 31 1631 1726 1721 1928
7291 4 2 2 31 384 2034 1884 2069
7292 4 2 2 31 1642 1676 1918 2064
7293 4 2 2 31 1674 1896 1719 1981
7294 4 2 2 31 1320 1861 1671 1940
7295 4 2 2 31 1670 1767 1723 1942
7296 4 2 2 31 1710 1715 1627 1849
7297 4 2 2 31 433 436 509 1850
7298 4 2 2 31 998 912 863 1955
7299 4 2 2 31 726 888 921 1864
7300 4 2 2 31 823 807 828 1962
7301 4 2 2 31 1156 1161 1164 1783
7302 4 2 2 31 1662 1786 1647 1911
7303 4 2 2 31 1518 1515 1704 1949
7304 4 2 2 31 1198 1773 1372 1898
7305 4 2 2 31 716 779 765 1690
7306 4 2 2 31 1506 1702 1701 2043
7307 4 2 2 31 1760 1931 1657 2028
7308 4 2 2 31 1140 1989 1160 1996
7309 4 2 2 31 1624 2034 1811 2069
7310 4 2 2 31 1205 1778 2032 2063
7311 4 2 2 31 1713 1765 1647 1987
7312 4 2 2 31 1611 1850 1756 2027
7313 4 2 2 31 1767 1810 1638 2046
7314 4 2 2 31 1353 1403 1946 2018
7315 4 2 2 31 1147 1146 1742 1817
7316 4 2 2 31 1711 1771 1632 1832
7317 4 2 2 31 896 953 952 1698
7318 4 2 2 31 1705 1835 1806 1890
7319 4 2 2 31 766 784 761 1920
7320 4 2 2 31 1686 1756 1618 1924
7321 4 2 2 31 737 732 914 1936
7322 4 2 2 31 1621 1739 1696 2001
7323 4 2 2 31 1276 1865 1235 1941
7324 4 2 2 31 1333 1413 1266 2005
7325 4 2 2 31 1118 1120 1188 1797
7326 4 2 2 31 1193 1191 1374 1705
7327 4 2 2 31 33 955 1787 2041
7328 4 2 2 31 1181 1249 1219 1844
7329 4 2 2 31 1476 1545 1520 1707
7330 4 2 2 31 1693 1611 1783 1881
7331 4 2 2 31 105 104 361 2015
7332 4 2 2 31 822 802 1323 1866
7333 4 2 2 31 361 1771 443 1832
7334 4 2 2 31 1735 1854 1431 2012
7335 4 2 2 31 1136 1877 1842 2051
7336 4 2 2 31 107 473 1780 1919
7337 4 2 2 31 1147 1817 1986 1994
7338 4 2 2 31 1626 1715 1862 1937
7339 4 2 2 31 387 386 388 1982
7340 4 2 2 31 1627 1843 1721 2023
7341 4 2 2 31 428 86 495 1915
7342 4 2 2 31 946 974 849 1766
7343 4 2 2 31 1216 1347 1236 2079
7344 4 2 2 31 1625 1778 1729 1963
7345 4 2 2 31 1260 1874 1186 1965
7346 4 2 2 31 1617 1785 1693 1879
7347 4 2 2 31 1605 1936 1823 2041
7348 4 2 2 31 89 90 983 1955
7349 4 2 2 31 1387 1857 1760 2025
7350 4 2 2 31 1347 1739 1236 2079
7351 4 2 2 31 952 717 750 1698
7352 4 2 2 31 1117 1342 1916 2007
7353 4 2 2 31 1727 1854 1849 2053
7354 4 2 2 31 46 860 45 1730
7355 4 2 2 31 1681 1630 1852 1983
7356 4 2 2 31 1026 953 896 1698
7357 4 2 2 31 1076 1057 1685 1777
7358 4 2 2 31 1716 1730 1646 2024
7359 4 2 2 31 939 1000 859 1889
7360 4 2 2 31 1140 1708 1989 1996
7361 4 2 2 31 1040 1352 1800 1946
7362 4 2 2 31 775 1833 774 2006
7363 4 2 2 31 1569 1713 428 1915
7364 4 2 2 31 1332 1145 1133 1848
7365 4 2 2 31 984 827 1828 1962
7366 4 2 2 31 392 1788 1768 2077
7367 4 2 2 31 1215 1809 1216 1838
7368 4 2 2 31 729 746 744 1932
7369 4 2 2 31 1455 1217 1437 1987
7370 4 2 2 31 1146 1143 1159 1746
7371 4 2 2 31 1677 1819 1622 1914
7372 4 2 2 31 1622 1768 1672 1958
7373 4 2 2 31 1142 1143 1144 1958
7374 4 2 2 31 1082 1047 1034 1907
7375 4 2 2 31 1688 1797 1604 1945
7376 4 2 2 31 1384 714 1083 1757
7377 4 2 2 31 1101 1709 1284 1932
7378 4 2 2 31 474 1787 517 1953
7379 4 2 2 31 1276 1744 1381 1865
7380 4 2 2 31 1696 1920 1739 2000
7381 4 2 2 31 1708 1768 1630 1788
7382 4 2 2 31 1704 1894 1268 2035
7383 4 2 2 31 443 1832 1771 1963
7384 4 2 2 31 433 509 1792 1850
7385 4 2 2 31 443 1771 504 1963
7386 4 2 2 31 860 922 1001 1845
7387 4 2 2 31 1172 1747 1829 1985
7388 4 2 2 31 12 10 378 1902
7389 4 2 2 31 1557 1597 1588 1872
7390 4 2 2 31 1494 1493 1725 2060
7391 4 2 2 31 1675 1938 1266 2005
7392 4 2 2 31 750 1698 749 1820
7393 4 2 2 31 348 1115 1389 1697
7394 4 2 2 31 1085 1860 1362 1880
7395 4 2 2 31 1513 1824 1512 1825
7396 4 2 2 31 430 1761 1881 2046
7397 4 2 2 31 1046 1076 1079 1685
7398 4 2 2 31 99 1769 100 1923
7399 4 2 2 31 1688 1891 1797 1945
7400 4 2 2 31 753 783 751 1665
7401 4 2 2 31 1514 1516 1530 1856
7402 4 2 2 31 1636 1873 1813 2078
7403 4 2 2 31 1268 1894 1704 1950
7404 4 2 2 31 1758 1629 1933 1967
7405 4 2 2 31 94 488 1813 1858
7406 4 2 2 31 1112 1735 1558 1854
7407 4 2 2 31 1933 1955 1758 1967
7408 4 2 2 31 928 761 884 1794
7409 4 2 2 31 1659 1725 1950 2008
7410 4 2 2 31 1361 1359 1238 1790
7411 4 2 2 31 773 1796 774 1833
7412 4 2 2 31 1662 1911 1647 1915
7413 4 2 2 31 1521 1525 1477 1737
7414 4 2 2 31 1698 1804 1608 1932
7415 4 2 2 31 1715 1849 1710 2067
7416 4 2 2 31 1651 1743 1726 1779
7417 4 2 2 31 1627 1875 1843 2054
7418 4 2 2 31 1634 1806 1705 1887
7419 4 2 2 31 776 774 1796 1908
7420 4 2 2 31 1562 349 348 1992
7421 4 2 2 31 1427 1829 1318 1985
7422 4 2 2 31 1094 1032 1393 1720
7423 4 2 2 31 508 467 425 1798
7424 4 2 2 31 1282 1437 1371 1786
7425 4 2 2 31 1148 1782 1165 2030
7426 4 2 2 31 1101 1379 1285 1709
7427 4 2 2 31 3 969 29 1900
7428 4 2 2 31 1627 2023 1807 2053
7429 4 2 2 31 781 721 753 1908
7430 4 2 2 31 1177 1174 1179 1809
7431 4 2 2 31 804 828 832 1948
7432 4 2 2 31 1205 1778 1977 2032
7433 4 2 2 31 1008 783 869 1820
7434 4 2 2 31 1411 1949 1704 2035
7435 4 2 2 31 527 1660 479 1993
7436 4 2 2 31 361 105 1771 1832
7437 4 2 2 31 1693 1785 1621 1879
7438 4 2 2 31 985 830 808 1911
7439 4 2 2 31 419 413 1912 1952
7440 4 2 2 31 1412 1907 1250 2071
7441 4 2 2 31 759 771 1732 1905
7442 4 2 2 31 385 384 382 2034
7443 4 2 2 31 788 793 755 1961
7444 4 2 2 31 1638 1767 1723 1885
7445 4 2 2 31 415 1688 510 2026
7446 4 2 2 31 916 902 1895 1943
7447 4 2 2 31 1516 1473 1748 1949
7448 4 2 2 31 1554 512 522 1727
7449 4 2 2 31 1605 1712 1823 1839
7450 4 2 2 31 1083 714 780 1757
7451 4 2 2 31 1410 1851 1388 1882
7452 4 2 2 31 969 1820 1812 1900
7453 4 2 2 31 51 1 1710 2054
7454 4 2 2 31 1601 1689 1918 2064
7455 4 2 2 31 1724 2006 1289 2020
7456 4 2 2 31 370 510 415 1934
7457 4 2 2 31 1616 1847 1736 2011
7458 4 2 2 31 1117 1916 1799 2007
7459 4 2 2 31 1640 1714 1759 1776
7460 4 2 2 31 420 1816 11 1929
7461 4 2 2 31 1782 2010 1736 2037
7462 4 2 2 31 1554 522 441 1727
7463 4 2 2 31 48 862 47 1682
7464 4 2 2 31 1586 1688 491 1816
7465 4 2 2 31 1260 1296 1740 1965
7466 4 2 2 31 1781 1982 386 2034
7467 4 2 2 31 1657 1758 1955 1967
7468 4 2 2 31 1502 1466 1704 1950
7469 4 2 2 31 1306 1376 1305 1887
7470 4 2 2 31 47 359 48 1682
7471 4 2 2 31 1625 1910 1771 1963
7472 4 2 2 31 1797 1967 1604 2025
7473 4 2 2 31 1628 1798 1741 2038
7474 4 2 2 31 1797 1891 1096 1945
7475 4 2 2 31 1638 1881 1761 2046
7476 4 2 2 31 1767 1772 1723 1942
7477 4 2 2 31 1243 1423 1180 1851
7478 4 2 2 31 880 724 935 1822
7479 4 2 2 31 1679 371 1934 2038
7480 4 2 2 31 1714 1738 1640 1847
7481 4 2 2 31 1605 1694 1936 2041
7482 4 2 2 31 1633 1890 1705 1901
7483 4 2 2 31 1185 1854 1849 2012
7484 4 2 2 31 1225 1714 1224 1759
7485 4 2 2 31 1014 967 1694 2041
7486 4 2 2 31 1047 1076 1046 1907
7487 4 2 2 31 515 1734 455 2048
7488 4 2 2 31 1127 1424 1328 1721
7489 4 2 2 31 1343 1365 1160 1989
7490 4 2 2 31 1657 1955 1933 1967
7491 4 2 2 31 1258 1957 2016 2075
7492 4 2 2 31 1724 1295 1959 2020
7493 4 2 2 31 1608 1719 1684 1869
7494 4 2 2 31 488 93 1763 1858
7495 4 2 2 31 98 1738 97 2048
7496 4 2 2 31 1165 1212 1175 1782
7497 4 2 2 31 1189 1190 1753 2049
7498 4 2 2 31 1618 1817 1672 1994
7499 4 2 2 31 1655 1724 1908 2006
7500 4 2 2 31 1804 1896 1273 2042
7501 4 2 2 31 100 99 363 1769
7502 4 2 2 31 419 1912 418 1952
7503 4 2 2 31 440 1763 493 1884
7504 4 2 2 31 1190 1231 1340 1754
7505 4 2 2 31 1498 1499 1500 1973
7506 4 2 2 31 1167 1332 1131 1848
7507 4 2 2 31 1163 1162 1157 1885
7508 4 2 2 31 1778 1846 1639 2063
7509 4 2 2 31 955 1789 1787 2041
7510 4 2 2 31 748 747 717 1698
7511 4 2 2 31 1683 1750 1613 1966
7512 4 2 2 31 788 1696 793 1961
7513 4 2 2 31 1509 1512 1483 1930
7514 4 2 2 31 1721 1916 1631 1928
7515 4 2 2 31 1640 1776 1759 2044
7516 4 2 2 31 1659 1837 1704 1950
7517 4 2 2 31 460 439 389 1971
7518 4 2 2 31 1744 2016 1664 2075
7519 4 2 2 31 988 945 853 1923
7520 4 2 2 31 754 878 935 1791
7521 4 2 2 31 936 874 1499 1888
7522 4 2 2 31 1900 1904 1698 1981
7523 4 2 2 31 386 1781 388 1982
7524 4 2 2 31 1738 1776 1640 2040
7525 4 2 2 31 1170 1885 1169 1965
7526 4 2 2 31 1413 1901 1675 1997
7527 4 2 2 31 366 1919 1832 2004
7528 4 2 2 31 1278 1957 1725 2016
7529 4 2 2 31 1819 2022 1622 2072
7530 4 2 2 31 1609 1677 1834 2022
7531 4 2 2 31 1639 1832 1717 1919
7532 4 2 2 31 1614 1823 1791 2039
7533 4 2 2 31 1619 1730 1716 1878
7534 4 2 2 31 423 385 1909 2034
7535 4 2 2 31 1672 1958 1768 1989
7536 4 2 2 31 443 366 1832 2004
7537 4 2 2 31 359 1682 47 1925
7538 4 2 2 31 1537 881 1837 1995
7539 4 2 2 31 1620 1861 1810 1954
7540 4 2 2 31 1721 1726 1626 1843
7541 4 2 2 31 1682 1921 1747 2009
7542 4 2 2 31 1032 1053 1060 1720
7543 4 2 2 31 1614 1861 1671 1897
7544 4 2 2 31 992 990 918 1707
7545 4 2 2 31 108 1027 1021 1793
7546 4 2 2 31 1293 1291 1210 1937
7547 4 2 2 31 805 1244 829 1786
7548 4 2 2 31 801 816 949 1749
7549 4 2 2 31 99 1769 98 2048
7550 4 2 2 31 715 1732 1338 2050
7551 4 2 2 31 372 1679 1875 1928
7552 4 2 2 31 1523 1853 1529 1880
7553 4 2 2 31 1412 1846 1301 1907
7554 4 2 2 31 1493 2016 1725 2060
7555 4 2 2 31 1079 1076 1057 1685
7556 4 2 2 31 371 1928 373 2038
7557 4 2 2 31 1630 1775 1683 2055
7558 4 2 2 31 1654 1920 1739 1978
7559 4 2 2 31 1655 1715 1710 2067
7560 4 2 2 31 985 808 84 1911
7561 4 2 2 31 1173 1296 1965 2071
7562 4 2 2 31 1607 1793 1692 1941
7563 4 2 2 31 1395 1755 1750 2079
7564 4 2 2 31 1655 2006 1833 2067
7565 4 2 2 31 1392 1715 1210 2067
7566 4 2 2 31 1612 1795 1703 2052
7567 4 2 2 31 1768 1958 1708 1989
7568 4 2 2 31 1529 1860 1467 1880
7569 4 2 2 31 1481 1536 1513 1825
7570 4 2 2 31 1637 1873 1691 1884
7571 4 2 2 31 953 717 952 1698
7572 4 2 2 31 1282 1437 1786 1899
7573 4 2 2 31 1295 1104 1764 2020
7574 4 2 2 31 758 1755 760 1970
7575 4 2 2 31 1561 349 350 1676
7576 4 2 2 31 1648 1974 1731 2074
7577 4 2 2 31 372 371 362 1679
7578 4 2 2 31 981 986 1991 1995
7579 4 2 2 31 1602 1820 1698 1900
7580 4 2 2 31 1216 1215 1179 1809
7581 4 2 2 31 1510 911 1481 1825
7582 4 2 2 31 97 98 947 1738
7583 4 2 2 31 1148 1147 1146 1742
7584 4 2 2 31 1470 1540 1381 1744
7585 4 2 2 31 42 41 1683 1966
7586 4 2 2 31 1695 1897 1463 1984
7587 4 2 2 31 1361 1986 1790 1994
7588 4 2 2 31 1639 1711 1832 1963
7589 4 2 2 31 820 1828 821 1866
7590 4 2 2 31 1457 1807 1799 1916
7591 4 2 2 31 1709 1895 1608 1932
7592 4 2 2 31 1268 1086 1453 1704
7593 4 2 2 31 987 1920 1696 2000
7594 4 2 2 31 862 1682 48 1921
7595 4 2 2 31 10 1902 1814 1918
7596 4 2 2 31 1053 1032 1052 1720
7597 4 2 2 31 1623 1708 1788 2077
7598 4 2 2 31 1851 1882 1687 2073
7599 4 2 2 31 1756 1881 1611 2027
7600 4 2 2 31 786 1289 2006 2020
7601 4 2 2 31 1629 1835 1933 2049
7602 4 2 2 31 1378 1110 1680 2018
7603 4 2 2 31 1017 1929 1758 2028
7604 4 2 2 31 1581 1687 1596 2019
7605 4 2 2 31 1629 1758 1933 1955
7606 4 2 2 31 1326 1883 1153 2052
7607 4 2 2 31 1587 1799 1679 1934
7608 4 2 2 31 1250 1907 1740 2071
7609 4 2 2 31 1415 1700 1402 1979
7610 4 2 2 31 1614 1823 1712 1839
7611 4 2 2 31 920 743 880 1961
7612 4 2 2 31 428 1569 1591 1713
7613 4 2 2 31 1237 1366 1711 1975
7614 4 2 2 31 1467 1085 1528 1880
7615 4 2 2 31 1122 2023 1124 2053
7616 4 2 2 31 1640 1853 1707 2040
7617 4 2 2 31 423 1781 386 2034
7618 4 2 2 31 1326 1154 1762 2052
7619 4 2 2 31 1630 1989 1708 1996
7620 4 2 2 31 1413 1266 1675 2066
7621 4 2 2 31 1256 1732 1421 1870
7622 4 2 2 31 497 1788 391 2080
7623 4 2 2 31 1617 1757 1961 1976
7624 4 2 2 31 443 361 504 1771
7625 4 2 2 31 914 971 878 1936
7626 4 2 2 31 1406 1295 1104 1764
7627 4 2 2 31 1716 1730 1619 1836
7628 4 2 2 31 1773 1813 1649 1898
7629 4 2 2 31 1353 1261 1403 2018
7630 4 2 2 31 1640 1678 1880 2044
7631 4 2 2 31 1636 1759 1714 1776
7632 4 2 2 31 32 1028 1054 1787
7633 4 2 2 31 1169 1163 1173 1885
7634 4 2 2 31 1185 1849 1854 2053
7635 4 2 2 31 969 897 970 1820
7636 4 2 2 31 937 1954 35 2039
7637 4 2 2 31 1530 1516 1519 1856
7638 4 2 2 31 1606 1673 1846 2059
7639 4 2 2 31 7 1674 471 1904
7640 4 2 2 31 1170 1162 1885 1940
7641 4 2 2 31 1008 869 970 1820
7642 4 2 2 31 975 1791 971 2039
7643 4 2 2 31 1156 1783 1164 2033
7644 4 2 2 31 1218 1215 1216 1838
7645 4 2 2 31 107 473 1919 2004
7646 4 2 2 31 772 782 723 1774
7647 4 2 2 31 363 1769 455 1913
7648 4 2 2 31 722 776 774 1796
7649 4 2 2 31 1758 1797 1629 1967
7650 4 2 2 31 1694 1789 1605 1946
7651 4 2 2 31 1230 1120 1967 2049
7652 4 2 2 31 1654 1859 1838 2000
7653 4 2 2 31 487 529 2045 2056
7654 4 2 2 31 496 428 1591 1713
7655 4 2 2 31 1672 1775 1768 1988
7656 4 2 2 31 886 1826 762 1970
7657 4 2 2 31 107 108 954 1780
7658 4 2 2 31 1126 1715 1125 2023
7659 4 2 2 31 763 764 759 1826
7660 4 2 2 31 1725 1766 1659 1999
7661 4 2 2 31 1729 1912 413 1952
7662 4 2 2 31 754 1791 739 1936
7663 4 2 2 31 473 500 1673 2004
7664 4 2 2 31 1524 1522 1523 1827
7665 4 2 2 31 1543 1837 1704 1995
7666 4 2 2 31 925 1537 881 1837
7667 4 2 2 31 1844 1972 1733 2064
7668 4 2 2 31 1884 2034 1624 2069
7669 4 2 2 31 1500 1689 1504 1973
7670 4 2 2 31 460 389 390 1819
7671 4 2 2 31 1537 1479 881 1995
7672 4 2 2 31 520 360 1881 2027
7673 4 2 2 31 1682 1626 1956 2009
7674 4 2 2 31 1750 1859 1654 1966
7675 4 2 2 31 784 766 778 1920
7676 4 2 2 31 1693 1783 1671 2076
7677 4 2 2 31 85 1025 910 1911
7678 4 2 2 31 1298 315 1482 1108
7679 4 2 2 31 809 1706 960 2002
7680 4 2 2 31 391 388 461 1781
7681 4 2 2 31 108 1780 1027 1793
7682 4 2 2 31 1375 1449 1098 1748
7683 4 2 2 31 1142 1958 1672 1989
7684 4 2 2 31 460 1819 486 1834
7685 4 2 2 31 423 1909 1781 2034
7686 4 2 2 31 1535 1526 1867 2031
7687 4 2 2 31 383 493 450 2069
7688 4 2 2 31 934 1766 974 2060
7689 4 2 2 31 1253 1899 1765 1987
7690 4 2 2 31 1182 1323 802 1882
7691 4 2 2 31 933 1826 997 1864
7692 4 2 2 31 32 1020 1028 1789
7693 4 2 2 31 350 1676 349 1992
7694 4 2 2 31 727 784 778 1920
7695 4 2 2 31 1143 1397 1746 2065
7696 4 2 2 31 1687 1652 2019 2073
7697 4 2 2 31 1613 1755 1750 2050
7698 4 2 2 31 1124 2023 1123 2053
7699 4 2 2 31 1508 1480 1011 1701
7700 4 2 2 31 1639 1963 1832 2004
7701 4 2 2 31 1776 1889 1759 2044
7702 4 2 2 31 753 1665 751 2020
7703 4 2 2 31 1558 1572 1386 1854
7704 4 2 2 31 1791 1823 971 2039
7705 4 2 2 31 1378 1839 1261 2018
7706 4 2 2 31 950 806 818 2002
7707 4 2 2 31 1739 1757 1696 2001
7708 4 2 2 31 1585 1567 1568 1987
7709 4 2 2 31 378 10 481 1902
7710 4 2 2 31 810 1876 1461 2036
7711 4 2 2 31 1730 1836 1716 1969
7712 4 2 2 31 763 888 726 1864
7713 4 2 2 31 1595 1566 1587 1934
7714 4 2 2 31 1130 1829 1172 1903
7715 4 2 2 31 1667 1604 1760 1935
7716 4 2 2 31 1683 1859 1750 1966
7717 4 2 2 31 1109 2016 1744 2075
7718 4 2 2 31 383 1884 493 2069
7719 4 2 2 31 1091 1492 1277 2016
7720 4 2 2 31 1712 1974 1648 2074
7721 4 2 2 31 987 882 1696 1920
7722 4 2 2 31 924 892 923 1774
7723 4 2 2 31 1113 1280 1899 2036
7724 4 2 2 31 1467 1860 1085 1880
7725 4 2 2 31 469 372 498 1928
7726 4 2 2 31 1559 1577 1799 1807
7727 4 2 2 31 1604 1797 1758 1967
7728 4 2 2 31 370 462 510 1934
7729 4 2 2 31 1726 1843 1721 1928
7730 4 2 2 31 1639 1963 1778 2063
7731 4 2 2 31 51 978 50 1710
7732 4 2 2 31 1670 1977 1173 2071
7733 4 2 2 31 1683 1815 1630 1983
7734 4 2 2 31 1654 1739 1920 2000
7735 4 2 2 31 1705 1890 1634 1901
7736 4 2 2 31 1743 1752 1699 2069
7737 4 2 2 31 877 974 2029 2060
7738 4 2 2 31 1102 1483 1824 1930
7739 4 2 2 31 734 1695 742 1976
7740 4 2 2 31 48 1682 359 1956
7741 4 2 2 31 399 1850 400 1988
7742 4 2 2 31 1690 1864 1646 1905
7743 4 2 2 31 1087 777 757 1755
7744 4 2 2 31 1712 1823 1614 1954
7745 4 2 2 31 1133 1145 1135 1863
7746 4 2 2 31 1826 1944 1613 1970
7747 4 2 2 31 1634 1887 1705 1901
7748 4 2 2 31 1431 1735 1112 1854
7749 4 2 2 31 1579 1581 2019 2073
7750 4 2 2 31 886 933 762 1826
7751 4 2 2 31 1786 1662 1872 1948
7752 4 2 2 31 463 414 411 1942
7753 4 2 2 31 1624 1884 1691 2034
7754 4 2 2 31 47 1925 1682 1927
7755 4 2 2 31 1684 1869 1653 1943
7756 4 2 2 31 498 442 469 1843
7757 4 2 2 31 726 767 765 1864
7758 4 2 2 31 98 855 947 1738
7759 4 2 2 31 1605 1694 1946 2018
7760 4 2 2 31 1034 1047 1046 1907
7761 4 2 2 31 725 760 1794 1970
7762 4 2 2 31 437 385 1811 1909
7763 4 2 2 31 1201 1855 1418 1869
7764 4 2 2 31 1386 1854 1572 2053
7765 4 2 2 31 1125 1715 1392 2067
7766 4 2 2 31 1208 1176 1209 1745
7767 4 2 2 31 34 1954 1712 1974
7768 4 2 2 31 1669 1909 1811 2034
7769 4 2 2 31 1768 1775 1630 2055
7770 4 2 2 31 1166 1745 1208 1939
7771 4 2 2 31 1613 1750 1683 1983
7772 4 2 2 31 474 1953 523 2074
7773 4 2 2 31 460 1834 456 1971
7774 4 2 2 31 1725 1632 1957 2008
7775 4 2 2 31 1242 1394 1393 1720
7776 4 2 2 31 1259 1839 1187 1874
7777 4 2 2 31 1069 1028 1066 1789
7778 4 2 2 31 373 375 374 1998
7779 4 2 2 31 1027 1055 1070 1780
7780 4 2 2 31 10 481 1902 1918
7781 4 2 2 31 982 1696 882 1961
7782 4 2 2 31 445 446 1802 1910
7783 4 2 2 31 1092 1472 1546 1805
7784 4 2 2 31 1569 1561 1591 1713
7785 4 2 2 31 97 1834 358 2048
7786 4 2 2 31 1699 1779 1167 2058
7787 4 2 2 31 520 360 468 1881
7788 4 2 2 31 761 928 725 1794
7789 4 2 2 31 1126 1210 1125 1715
7790 4 2 2 31 97 1834 1776 2078
7791 4 2 2 31 38 852 37 2061
7792 4 2 2 31 730 1097 1292 2006
7793 4 2 2 31 1040 1033 1042 1800
7794 4 2 2 31 1292 731 775 1833
7795 4 2 2 31 339 1572 1559 1807
7796 4 2 2 31 1675 1633 1752 1997
7797 4 2 2 31 1365 1343 1367 1815
7798 4 2 2 31 1534 1304 1483 1824
7799 4 2 2 31 1673 1952 1777 2059
7800 4 2 2 31 468 482 1881 2076
7801 4 2 2 31 1625 1977 1778 2032
7802 4 2 2 31 1322 1939 1795 2030
7803 4 2 2 31 747 748 746 1895
7804 4 2 2 31 1234 1946 1840 2018
7805 4 2 2 31 1656 1876 1830 2036
7806 4 2 2 31 1087 1755 757 2050
7807 4 2 2 31 983 905 1017 1955
7808 4 2 2 31 1260 1740 1297 1892
7809 4 2 2 31 1756 1850 400 2027
7810 4 2 2 31 781 774 1908 2006
7811 4 2 2 31 1316 1400 1716 2024
7812 4 2 2 31 1205 1778 1204 1977
7813 4 2 2 31 476 89 11 1758
7814 4 2 2 31 1687 1882 1652 2073
7815 4 2 2 31 1001 1845 921 1864
7816 4 2 2 31 1640 1880 1853 2044
7817 4 2 2 31 1731 1740 1670 1965
7818 4 2 2 31 439 507 1873 2078
7819 4 2 2 31 1741 1798 425 2038
7820 4 2 2 31 1614 1954 1823 2039
7821 4 2 2 31 1515 1543 1518 1704
7822 4 2 2 31 958 1821 901 1888
7823 4 2 2 31 894 967 914 1936
7824 4 2 2 31 1412 1301 1446 1907
7825 4 2 2 31 1607 1793 1780 1919
7826 4 2 2 31 1225 1246 1714 1847
7827 4 2 2 31 1135 1137 1842 1979
7828 4 2 2 31 997 943 1001 1864
7829 4 2 2 31 1636 1759 1776 1889
7830 4 2 2 31 786 2006 781 2020
7831 4 2 2 31 1194 1193 1195 1901
7832 4 2 2 31 1363 1361 1790 1994
7833 4 2 2 31 1728 1635 1924 2057
7834 4 2 2 31 1302 1093 787 217
7835 4 2 2 31 1568 1567 1561 1713
7836 4 2 2 31 1336 1083 226 720
7837 4 2 2 31 1669 1781 1909 2034
7838 4 2 2 31 1248 1366 1327 1831
7839 4 2 2 31 910 949 816 1749
7840 4 2 2 31 1069 1054 1028 1787
7841 4 2 2 31 850 940 977 1770
7842 4 2 2 31 464 377 1031 1953
7843 4 2 2 31 1622 1958 1746 2065
7844 4 2 2 31 743 1822 880 1961
7845 4 2 2 31 727 919 784 1920
7846 4 2 2 31 1044 1354 1034 1892
7847 4 2 2 31 1343 1158 1906 1989
7848 4 2 2 31 1331 1330 1155 1677
7849 4 2 2 31 1438 1759 1223 1980
7850 4 2 2 31 388 1982 1781 2077
7851 4 2 2 31 1040 1800 1042 1946
7852 4 2 2 31 1713 1844 1765 1987
7853 4 2 2 31 42 1683 354 2055
7854 4 2 2 31 1363 1790 1906 1994
7855 4 2 2 31 1677 1622 1819 2022
7856 4 2 2 31 96 1889 1776 2044
7857 4 2 2 31 1351 1179 1785 2001
7858 4 2 2 31 1236 1739 1336 1978
7859 4 2 2 31 909 806 950 2002
7860 4 2 2 31 1552 1497 1485 1876
7861 4 2 2 31 1076 1907 1047 2059
7862 4 2 2 31 1466 1086 1518 1704
7863 4 2 2 31 38 1879 852 2061
7864 4 2 2 31 1638 1783 1881 2076
7865 4 2 2 31 1759 1898 1223 1980
7866 4 2 2 31 1246 1452 1269 1847
7867 4 2 2 31 936 1499 1471 1888
7868 4 2 2 31 474 483 523 1953
7869 4 2 2 31 1608 1869 1684 1943
7870 4 2 2 31 441 1554 512 522
7871 4 2 2 31 1391 1100 1503 1808
7872 4 2 2 31 1624 1811 1743 2069
7873 4 2 2 31 1605 1823 1712 2041
7874 4 2 2 31 1194 1901 1195 2066
7875 4 2 2 31 34 449 1954 1974
7876 4 2 2 31 32 1028 1787 1789
7877 4 2 2 31 1638 1723 1767 2046
7878 4 2 2 31 49 2009 1862 2062
7879 4 2 2 31 1622 1708 1768 1958
7880 4 2 2 31 29 906 28 1812
7881 4 2 2 31 108 954 1780 1793
7882 4 2 2 31 1585 1568 1872 1987
7883 4 2 2 31 1694 967 1936 2041
7884 4 2 2 31 96 1889 95 2078
7885 4 2 2 31 1166 1745 1939 2030
7886 4 2 2 31 1704 1894 1659 1950
7887 4 2 2 31 1840 1946 1694 2018
7888 4 2 2 31 414 1912 413 1942
7889 4 2 2 31 1099 1732 771 1905
7890 4 2 2 31 1533 1500 1499 1689
7891 4 2 2 31 1336 1236 1447 1739
7892 4 2 2 31 1606 1907 1777 2059
7893 4 2 2 31 1008 750 783 1820
7894 4 2 2 31 1443 1697 1115 1733
7895 4 2 2 31 1069 1787 1028 1789
7896 4 2 2 31 1678 1759 1889 2044
7897 4 2 2 31 1619 1836 1730 1927
7898 4 2 2 31 1602 1660 1812 1900
7899 4 2 2 31 1044 1043 1033 1800
7900 4 2 2 31 1122 1124 1123 2053
7901 4 2 2 31 1325 1201 1425 1855
7902 4 2 2 31 1031 1057 464 1953
7903 4 2 2 31 1322 1795 1150 2030
7904 4 2 2 31 1766 1999 1725 2060
7905 4 2 2 31 1639 1952 1729 2004
7906 4 2 2 31 1244 829 1786 1948
7907 4 2 2 31 1571 1243 1557 1851
7908 4 2 2 31 1619 1878 1829 1985
7909 4 2 2 31 49 1007 2009 2062
7910 4 2 2 31 1152 1153 1883 2052
7911 4 2 2 31 1329 220 1084 779
7912 4 2 2 31 1853 1880 1678 2044
7913 4 2 2 31 1650 1845 1690 1922
7914 4 2 2 31 948 986 853 1841
7915 4 2 2 31 373 371 372 1928
7916 4 2 2 31 521 432 1594 1816
7917 4 2 2 31 715 1087 223 757
7918 4 2 2 31 399 400 398 1988
7919 4 2 2 31 1679 1631 1916 1928
7920 4 2 2 31 1630 1681 1960 2055
7921 4 2 2 31 1027 1780 1070 1793
7922 4 2 2 31 1471 1498 1497 1888
7923 4 2 2 31 1609 2037 1734 2048
7924 4 2 2 31 951 908 1022 1908
7925 4 2 2 31 1525 1522 1468 1827
7926 4 2 2 31 1143 1958 1397 2065
7927 4 2 2 31 883 918 990 1856
7928 4 2 2 31 1847 2011 1616 2013
7929 4 2 2 31 1108 1387 1396 1702
7930 4 2 2 31 1125 1392 1849 2067
7931 4 2 2 31 1158 1906 1672 1994
7932 4 2 2 31 877 934 974 2060
7933 4 2 2 31 1118 1096 1797 1891
7934 4 2 2 31 1245 1268 1894 2035
7935 4 2 2 31 41 354 42 1683
7936 4 2 2 31 1695 1822 742 1976
7937 4 2 2 31 1070 1055 1071 1780
7938 4 2 2 31 1411 1271 1949 2035
7939 4 2 2 31 497 357 454 2080
7940 4 2 2 31 1075 1777 1048 2059
7941 4 2 2 31 1348 1751 1271 2035
7942 4 2 2 31 1687 1962 82 2019
7943 4 2 2 31 787 769 770 1784
7944 4 2 2 31 1620 1670 1885 1965
7945 4 2 2 31 1253 1455 1437 1987
7946 4 2 2 31 1703 1761 1612 1883
7947 4 2 2 31 1365 1364 1160 1852
7948 4 2 2 31 1308 1307 320 1527
7949 4 2 2 31 437 1811 447 1925
7950 4 2 2 31 1723 1767 1670 1885
7951 4 2 2 31 1322 1166 1208 1939
7952 4 2 2 31 1642 1808 1972 1973
7953 4 2 2 31 1210 1392 1125 1715
7954 4 2 2 31 1157 1326 1163 1723
7955 4 2 2 31 1331 1700 1415 2021
7956 4 2 2 31 1675 1624 1938 2005
7957 4 2 2 31 817 816 815 1749
7958 4 2 2 31 1091 1277 1725 2016
7959 4 2 2 31 396 1728 398 1924
7960 4 2 2 31 396 397 1728 2072
7961 4 2 2 31 81 1962 1828 2070
7962 4 2 2 31 1214 1212 1736 2011
7963 4 2 2 31 1108 314 1482 1288
7964 4 2 2 31 1464 1559 1590 1799
7965 4 2 2 31 1604 1945 1797 2025
7966 4 2 2 31 790 800 738 1840
7967 4 2 2 31 823 828 826 1882
7968 4 2 2 31 1116 1464 1590 1799
7969 4 2 2 31 1622 1734 1728 2072
7970 4 2 2 31 476 89 1758 2026
7971 4 2 2 31 1608 1804 1698 1981
7972 4 2 2 31 1316 1315 1400 2024
7973 4 2 2 31 1029 465 351 1777
7974 4 2 2 31 1232 1273 1896 2042
7975 4 2 2 31 392 409 459 1768
7976 4 2 2 31 1543 1502 1466 1704
7977 4 2 2 31 1106 1804 756 1932
7978 4 2 2 31 1561 350 1591 1676
7979 4 2 2 31 1716 1878 1730 2024
7980 4 2 2 31 1271 1213 1270 2011
7981 4 2 2 31 1387 1241 1396 1857
7982 4 2 2 31 963 1022 907 1908
7983 4 2 2 31 1176 1245 1894 2035
7984 4 2 2 31 960 1706 962 2002
7985 4 2 2 31 437 484 1909 1925
7986 4 2 2 31 1308 1527 1088 1893
7987 4 2 2 31 1454 1159 1964 2010
7988 4 2 2 31 1675 1997 1699 2005
7989 4 2 2 31 1635 2010 1782 2037
7990 4 2 2 31 1529 1545 1467 1860
7991 4 2 2 31 967 971 1936 2041
7992 4 2 2 31 1723 1772 1767 2046
7993 4 2 2 31 802 1882 1323 2068
7994 4 2 2 31 1014 1694 1789 2041
7995 4 2 2 31 1221 1367 1218 1815
7996 4 2 2 31 1491 1744 1470 2016
7997 4 2 2 31 1395 1436 1254 2050
7998 4 2 2 31 1730 1878 1690 2024
7999 4 2 2 31 1681 1944 1646 1969
8000 4 2 2 31 754 935 724 1791
8001 4 2 2 31 1312 1784 1303 1922
8002 4 2 2 31 1227 1228 2003 2063
8003 4 2 2 31 85 84 531 1911
8004 4 2 2 31 841 809 819 1706
8005 4 2 2 31 1421 1732 1099 1905
8006 4 2 2 31 1629 1705 1835 2049
8007 4 2 2 31 1682 1829 1619 1925
8008 4 2 2 31 1205 1206 1778 2063
8009 4 2 2 31 1760 1967 1240 2025
8010 4 2 2 31 1748 2011 1270 2013
8011 4 2 2 31 969 970 1812 1820
8012 4 2 2 31 1465 1938 1863 2005
8013 4 2 2 31 447 385 382 1811
8014 4 2 2 31 1621 1879 1696 2000
8015 4 2 2 31 1459 1580 1556 1855
8016 4 2 2 31 759 764 771 1905
8017 4 2 2 31 1170 1861 1320 1940
8018 4 2 2 31 1578 1560 1576 1674
8019 4 2 2 31 432 492 350 1902
8020 4 2 2 31 1297 1892 1740 1907
8021 4 2 2 31 1040 1039 1234 1946
8022 4 2 2 31 1465 1863 1145 2005
8023 4 2 2 31 969 845 897 1900
8024 4 2 2 31 398 396 397 1988
8025 4 2 2 31 1237 1711 1207 2032
8026 4 2 2 31 1076 1029 1057 1777
8027 4 2 2 31 420 11 110 1929
8028 4 2 2 31 1085 1339 1528 1880
8029 4 2 2 31 1172 1829 1427 1985
8030 4 2 2 31 339 1121 1572 1807
8031 4 2 2 31 482 430 1881 2076
8032 4 2 2 31 1259 1261 1187 1839
8033 4 2 2 31 1130 1427 1172 1829
8034 4 2 2 31 806 1828 820 2002
8035 4 2 2 31 715 222 1099 771
8036 4 2 2 31 1701 1702 1667 2043
8037 4 2 2 31 37 940 36 1770
8038 4 2 2 31 767 890 785 1845
8039 4 2 2 31 1204 1205 1206 1778
8040 4 2 2 31 1272 1964 1746 2065
8041 4 2 2 31 438 389 1873 1982
8042 4 2 2 31 433 1850 1792 2027
8043 4 2 2 31 806 909 827 1828
8044 4 2 2 31 103 938 1722 2015
8045 4 2 2 31 384 501 1884 2034
8046 4 2 2 31 934 1999 1766 2060
8047 4 2 2 31 911 867 1510 275
8048 4 2 2 31 940 980 977 1822
8049 4 2 2 31 1622 1677 1914 2065
8050 4 2 2 31 969 1812 29 1900
8051 4 2 2 31 448 381 466 1726
8052 4 2 2 31 962 917 902 1895
8053 4 2 2 31 1688 1564 1891 1945
8054 4 2 2 31 1526 1525 1527 1893
8055 4 2 2 31 1477 1521 889 279
8056 4 2 2 31 1795 1939 1151 2052
8057 4 2 2 31 1411 1704 1268 2035
8058 4 2 2 31 1185 2012 1849 2067
8059 4 2 2 31 745 789 799 1706
8060 4 2 2 31 733 745 799 1871
8061 4 2 2 31 775 730 1292 2006
8062 4 2 2 31 841 819 834 1871
8063 4 2 2 31 787 1312 1302 218
8064 4 2 2 31 1630 1768 1708 1989
8065 4 2 2 31 475 405 1802 1968
8066 4 2 2 31 1027 1070 1065 1793
8067 4 2 2 31 1153 1326 1157 1883
8068 4 2 2 31 984 827 909 1828
8069 4 2 2 31 1810 1940 1638 2076
8070 4 2 2 31 1244 805 241 1371
8071 4 2 2 31 951 999 864 2062
8072 4 2 2 31 442 50 364 1843
8073 4 2 2 31 789 178 871 719
8074 4 2 2 31 1462 1460 1115 1733
8075 4 2 2 31 811 1547 1488 1830
8076 4 2 2 31 96 939 1889 2044
8077 4 2 2 31 889 927 926 1737
8078 4 2 2 31 1238 1177 1215 1809
8079 4 2 2 31 940 980 1822 2061
8080 4 2 2 31 1607 1744 1692 1926
8081 4 2 2 31 500 1952 1673 2004
8082 4 2 2 31 877 1501 934 2060
8083 4 2 2 31 1796 1862 1643 2062
8084 4 2 2 31 810 1461 813 2036
8085 4 2 2 31 732 738 1694 1936
8086 4 2 2 31 515 358 486 2048
8087 4 2 2 31 1207 2032 1711 2063
8088 4 2 2 31 1116 1799 1590 1891
8089 4 2 2 31 1151 1795 1322 1939
8090 4 2 2 31 1022 1803 907 1908
8091 4 2 2 31 451 402 470 1756
8092 4 2 2 31 1298 315 1511 1482
8093 4 2 2 31 1605 1839 1680 2018
8094 4 2 2 31 1700 1873 1636 1971
8095 4 2 2 31 1291 1833 1292 2006
8096 4 2 2 31 12 1814 10 1902
8097 4 2 2 31 1540 1381 1744 1865
8098 4 2 2 31 1309 1428 1372 1886
8099 4 2 2 31 1305 1377 1824 1933
8100 4 2 2 31 777 1087 1337 1755
8101 4 2 2 31 515 435 455 1734
8102 4 2 2 31 445 472 446 1910
8103 4 2 2 31 743 788 755 1961
8104 4 2 2 31 860 1730 46 1927
8105 4 2 2 31 1047 1446 1035 1907
8106 4 2 2 31 940 1770 37 2061
8107 4 2 2 31 841 835 809 1706
8108 4 2 2 31 1593 1585 1103 1844
8109 4 2 2 31 1680 1839 1614 1984
8110 4 2 2 31 456 1971 1834 2078
8111 4 2 2 31 499 79 434 1684
8112 4 2 2 31 1771 1832 1711 1963
8113 4 2 2 31 1592 1562 348 1697
8114 4 2 2 31 821 1866 1828 2068
8115 4 2 2 31 1256 1732 1870 2050
8116 4 2 2 31 398 1728 396 1988
8117 4 2 2 31 1131 1129 1167 1779
8118 4 2 2 31 770 782 787 1784
8119 4 2 2 31 1724 1959 1295 2012
8120 4 2 2 31 802 1866 822 2068
8121 4 2 2 31 933 997 888 1864
8122 4 2 2 31 1505 1482 314 1288
8123 4 2 2 31 297 1354 1044 1095
8124 4 2 2 31 1304 318 1092 1472
8125 4 2 2 31 819 1706 809 2002
8126 4 2 2 31 1671 1940 1810 2076
8127 4 2 2 31 1891 2007 1628 2047
8128 4 2 2 31 1165 1148 1350 1782
8129 4 2 2 31 33 955 32 1787
8130 4 2 2 31 1233 1285 1871 1947
8131 4 2 2 31 437 524 484 1925
8132 4 2 2 31 759 1826 1732 1970
8133 4 2 2 31 1740 1892 1685 1907
8134 4 2 2 31 1400 1716 1877 2051
8135 4 2 2 31 424 487 529 2045
8136 4 2 2 31 1449 1748 1375 1949
8137 4 2 2 31 462 425 510 1798
8138 4 2 2 31 1419 1997 1699 2058
8139 4 2 2 31 1108 1396 1288 1702
8140 4 2 2 31 890 767 921 1845
8141 4 2 2 31 1576 1560 1574 1674
8142 4 2 2 31 1335 1246 1225 1847
8143 4 2 2 31 1185 1431 1386 1854
8144 4 2 2 31 1651 1829 1682 1925
8145 4 2 2 31 1105 1505 313 1288
8146 4 2 2 31 1842 1877 1641 2051
8147 4 2 2 31 910 816 830 1911
8148 4 2 2 31 1422 1104 728 1764
8149 4 2 2 31 1552 1539 1497 1830
8150 4 2 2 31 1222 1198 1372 1898
8151 4 2 2 31 45 484 46 1836
8152 4 2 2 31 1341 1916 1754 2058
8153 4 2 2 31 922 1003 890 1845
8154 4 2 2 31 1675 1752 1699 1997
8155 4 2 2 31 1214 1452 1383 2011
8156 4 2 2 31 1560 479 1575 1993
8157 4 2 2 31 893 292 915 1484
8158 4 2 2 31 1698 1804 1602 1981
8159 4 2 2 31 1325 1456 1201 1855
8160 4 2 2 31 1034 1354 1385 1892
8161 4 2 2 31 1039 1234 295 1040
8162 4 2 2 31 1739 1838 1654 2079
8163 4 2 2 31 1046 1079 1045 1892
8164 4 2 2 31 926 889 1521 279
8165 4 2 2 31 1151 1939 1322 2052
8166 4 2 2 31 443 504 412 1963
8167 4 2 2 31 1229 1228 1717 2003
8168 4 2 2 31 854 942 39 2000
8169 4 2 2 31 1297 1740 1250 1907
8170 4 2 2 31 438 387 389 1982
8171 4 2 2 31 1657 1825 1824 1933
8172 4 2 2 31 1229 1717 1228 2075
8173 4 2 2 31 1163 1203 1173 1977
8174 4 2 2 31 463 411 1767 1942
8175 4 2 2 31 1484 1551 1490 1692
8176 4 2 2 31 411 414 413 1942
8177 4 2 2 31 319 1307 1092 1546
8178 4 2 2 31 1171 1164 1161 1783
8179 4 2 2 31 1200 1224 1416 2021
8180 4 2 2 31 363 455 435 1913
8181 4 2 2 31 1540 1490 1551 1865
8182 4 2 2 31 1463 1897 1420 1984
8183 4 2 2 31 1238 1363 1361 1790
8184 4 2 2 31 1813 1889 1636 2078
8185 4 2 2 31 1681 1852 1630 1960
8186 4 2 2 31 478 116 1560 479
8187 4 2 2 31 1799 1891 1116 2007
8188 4 2 2 31 910 830 985 1911
8189 4 2 2 31 1729 1778 1639 1963
8190 4 2 2 31 1207 1205 2032 2063
8191 4 2 2 31 1753 1628 2007 2047
8192 4 2 2 31 185 913 868 722
8193 4 2 2 31 732 738 800 1694
8194 4 2 2 31 746 719 745 1895
8195 4 2 2 31 743 920 788 1961
8196 4 2 2 31 1125 1715 1849 2023
8197 4 2 2 31 1717 2003 1607 2075
8198 4 2 2 31 878 971 975 1791
8199 4 2 2 31 186 892 913 772
8200 4 2 2 31 772 913 186 722
8201 4 2 2 31 429 506 463 1767
8202 4 2 2 31 1389 1592 348 1697
8203 4 2 2 31 1235 1276 1381 1865
8204 4 2 2 31 856 993 991 1794
8205 4 2 2 31 411 408 1767 1942
8206 4 2 2 31 1318 1427 1132 1829
8207 4 2 2 31 952 897 896 1820
8208 4 2 2 31 350 1902 1676 1992
8209 4 2 2 31 1459 1111 1201 1855
8210 4 2 2 31 1275 1422 1106 1804
8211 4 2 2 31 414 1731 421 1912
8212 4 2 2 31 1481 911 276 891
8213 4 2 2 31 408 1772 1767 1942
8214 4 2 2 31 983 1017 1758 1955
8215 4 2 2 31 1318 1878 1317 1985
8216 4 2 2 31 202 914 732 894
8217 4 2 2 31 1357 1420 1211 1897
8218 4 2 2 31 908 1803 1022 1908
8219 4 2 2 31 724 880 743 1822
8220 4 2 2 31 1615 1751 1951 2035
8221 4 2 2 31 1494 1493 1486 1725
8222 4 2 2 31 1356 1762 1154 1939
8223 4 2 2 31 396 1728 397 1988
8224 4 2 2 31 740 1310 231 718
8225 4 2 2 31 1174 1351 1179 1785
8226 4 2 2 31 963 184 868 1908
8227 4 2 2 31 489 1818 525 1917
8228 4 2 2 31 1556 1576 1582 1719
8229 4 2 2 31 987 882 982 1696
8230 4 2 2 31 917 871 178 719
8231 4 2 2 31 1390 1736 1212 2010
8232 4 2 2 31 1362 1438 1339 1880
8233 4 2 2 31 1087 223 1338 715
8234 4 2 2 31 837 1013 1547 1830
8235 4 2 2 31 1728 1924 396 2057
8236 4 2 2 31 1538 1535 1526 1867
8237 4 2 2 31 927 859 1000 1737
8238 4 2 2 31 297 1044 1033 1095
8239 4 2 2 31 37 468 38 1693
8240 4 2 2 31 387 1982 1691 2034
8241 4 2 2 31 1536 891 930 1867
8242 4 2 2 31 1227 2003 1242 2063
8243 4 2 2 31 762 933 763 1826
8244 4 2 2 31 34 1974 1712 2074
8245 4 2 2 31 1002 930 1867 2031
8246 4 2 2 31 1628 1891 1799 2007
8247 4 2 2 31 1657 1930 1760 1967
8248 4 2 2 31 1824 1825 1658 1933
8249 4 2 2 31 995 858 1826 1944
8250 4 2 2 31 1823 1936 971 2041
8251 4 2 2 31 1484 292 915 1489
8252 4 2 2 31 473 514 500 2004
8253 4 2 2 31 1595 1555 1586 1688
8254 4 2 2 31 1182 802 826 1882
8255 4 2 2 31 1642 1972 1844 2064
8256 4 2 2 31 1411 1086 1704 1949
8257 4 2 2 31 445 446 405 1802
8258 4 2 2 31 819 834 1871 1947
8259 4 2 2 31 353 440 438 1873
8260 4 2 2 31 358 1834 486 2048
8261 4 2 2 31 359 1682 1925 1956
8262 4 2 2 31 1503 1100 1496 1808
8263 4 2 2 31 461 497 391 2080
8264 4 2 2 31 437 1909 1811 1925
8265 4 2 2 31 1623 1781 1691 1982
8266 4 2 2 31 1540 1744 1490 1865
8267 4 2 2 31 1102 317 1304 1483
8268 4 2 2 31 991 856 1794 1966
8269 4 2 2 31 1667 1929 904 2028
8270 4 2 2 31 1123 2023 1849 2053
8271 4 2 2 31 413 1912 1729 1942
8272 4 2 2 31 1295 1959 1202 2012
8273 4 2 2 31 1584 1587 1577 1679
8274 4 2 2 31 843 1929 1017 2028
8275 4 2 2 31 811 837 1547 1830
8276 4 2 2 31 892 999 1796 2062
8277 4 2 2 31 1728 398 1924 1988
8278 4 2 2 31 856 993 1794 1966
8279 4 2 2 31 457 488 93 1763
8280 4 2 2 31 1554 1577 1573 1727
8281 4 2 2 31 507 96 95 2078
8282 4 2 2 31 1554 1727 441 1875
8283 4 2 2 31 1220 1218 1216 1838
8284 4 2 2 31 48 1921 1682 2009
8285 4 2 2 31 1088 1308 321 1527
8286 4 2 2 31 489 1913 1818 1917
8287 4 2 2 31 415 510 476 2026
8288 4 2 2 31 1662 2045 1687 2056
8289 4 2 2 31 1374 1705 1376 1887
8290 4 2 2 31 825 1786 829 1948
8291 4 2 2 31 439 1971 456 2078
8292 4 2 2 31 1776 1834 1636 2078
8293 4 2 2 31 220 716 1084 779
8294 4 2 2 31 751 750 749 1820
8295 4 2 2 31 1099 1338 222 715
8296 4 2 2 31 424 529 490 2019
8297 4 2 2 31 1852 1870 1681 1983
8298 4 2 2 31 1237 1366 1207 1711
8299 4 2 2 31 44 858 43 1969
8300 4 2 2 31 36 355 482 1810
8301 4 2 2 31 437 385 447 1811
8302 4 2 2 31 1554 518 1584 1875
8303 4 2 2 31 983 1017 89 1758
8304 4 2 2 31 720 1083 226 780
8305 4 2 2 31 1742 1817 1618 1986
8306 4 2 2 31 1166 1939 1322 2030
8307 4 2 2 31 1730 1878 1619 1927
8308 4 2 2 31 1342 1328 1916 2058
8309 4 2 2 31 1505 1469 1105 313
8310 4 2 2 31 1101 1284 1283 1932
8311 4 2 2 31 1299 1760 1387 1930
8312 4 2 2 31 1326 1154 1360 1762
8313 4 2 2 31 1072 1054 1069 1787
8314 4 2 2 31 962 960 871 1706
8315 4 2 2 31 1448 1310 1311 1984
8316 4 2 2 31 41 1859 1683 1966
8317 4 2 2 31 1397 1958 1141 2065
8318 4 2 2 31 1559 1089 339 1807
8319 4 2 2 31 914 732 737 202
8320 4 2 2 31 1424 1342 1328 1916
8321 4 2 2 31 892 187 923 723
8322 4 2 2 31 1400 1877 1168 2051
8323 4 2 2 31 1232 1896 1735 2042
8324 4 2 2 31 979 1837 981 1991
8325 4 2 2 31 377 1031 76 464
8326 4 2 2 31 91 90 467 1835
8327 4 2 2 31 1577 1587 1559 1799
8328 4 2 2 31 1312 1302 1303 1784
8329 4 2 2 31 1828 1962 1652 2070
8330 4 2 2 31 984 1828 81 1962
8331 4 2 2 31 1699 1752 1743 1998
8332 4 2 2 31 395 396 1734 2072
8333 4 2 2 31 1464 1799 1116 2007
8334 4 2 2 31 1123 1125 1849 2023
8335 4 2 2 31 1206 1227 1242 2063
8336 4 2 2 31 1040 1234 1352 1946
8337 4 2 2 31 1031 517 1054 1953
8338 4 2 2 31 470 1756 400 2027
8339 4 2 2 31 433 1792 509 2027
8340 4 2 2 31 48 1682 1956 2009
8341 4 2 2 31 1470 1491 1490 1744
8342 4 2 2 31 775 773 774 1833
8343 4 2 2 31 1504 1480 1506 1701
8344 4 2 2 31 1778 1977 1670 2071
8345 4 2 2 31 1017 11 1758 1929
8346 4 2 2 31 1641 1877 1716 2051
8347 4 2 2 31 1237 1207 1205 2032
8348 4 2 2 31 751 749 728 1764
8349 4 2 2 31 1409 1303 1294 1784
8350 4 2 2 31 1136 1842 1996 2051
8351 4 2 2 31 911 1510 1481 275
8352 4 2 2 31 1346 1905 1314 2024
8353 4 2 2 31 296 1095 1033 1352
8354 4 2 2 31 859 1005 94 1858
8355 4 2 2 31 1035 1047 1907 2059
8356 4 2 2 31 492 481 431 1902
8357 4 2 2 31 1465 1145 1863 1938
8358 4 2 2 31 891 277 1536 930
8359 4 2 2 31 734 742 794 1976
8360 4 2 2 31 410 1772 408 1942
8361 4 2 2 31 1457 1799 1117 1916
8362 4 2 2 31 412 413 1729 1942
8363 4 2 2 31 1324 1882 1388 2073
8364 4 2 2 31 365 1974 34 2074
8365 4 2 2 31 1675 1901 1633 1997
8366 4 2 2 31 972 2014 1926 2029
8367 4 2 2 31 1740 1965 1296 2071
8368 4 2 2 31 1236 1739 1978 2079
8369 4 2 2 31 1609 1769 1736 2037
8370 4 2 2 31 1609 1734 2022 2048
8371 4 2 2 31 1337 1978 1755 2079
8372 4 2 2 31 1602 1804 1896 1981
8373 4 2 2 31 1385 1892 1297 1907
8374 4 2 2 31 1392 1210 1291 2067
8375 4 2 2 31 1657 1955 1758 2028
8376 4 2 2 31 1013 872 1547 1830
8377 4 2 2 31 1499 936 269 874
8378 4 2 2 31 106 1832 366 1919
8379 4 2 2 31 1628 1679 1934 2038
8380 4 2 2 31 799 789 736 1706
8381 4 2 2 31 1335 1847 1860 2013
8382 4 2 2 31 359 1925 447 1956
8383 4 2 2 31 1088 1527 1468 1893
8384 4 2 2 31 1607 1941 1744 2075
8385 4 2 2 31 1092 1306 1305 1805
8386 4 2 2 31 1372 1773 1195 1886
8387 4 2 2 31 1352 1033 296 1040
8388 4 2 2 31 439 507 353 1873
8389 4 2 2 31 1787 1953 474 2074
8390 4 2 2 31 1565 1590 1116 337
8391 4 2 2 31 1848 1863 1624 2005
8392 4 2 2 31 1495 1502 1537 1837
8393 4 2 2 31 756 729 1283 1932
8394 4 2 2 31 396 2057 1734 2072
8395 4 2 2 31 1574 1573 1558 1854
8396 4 2 2 31 796 1062 735 1840
8397 4 2 2 31 1129 1127 1328 1779
8398 4 2 2 31 1225 1246 1226 1714
8399 4 2 2 31 1277 1278 1725 2016
8400 4 2 2 31 188 890 923 785
8401 4 2 2 31 1155 1677 1330 2065
8402 4 2 2 31 1105 1288 1430 1718
8403 4 2 2 31 1230 1377 1933 1967
8404 4 2 2 31 955 32 1787 1789
8405 4 2 2 31 1745 1801 1610 1951
8406 4 2 2 31 1217 1408 1786 1872
8407 4 2 2 31 1377 1102 1824 1930
8408 4 2 2 31 1381 1109 1470 1744
8409 4 2 2 31 1825 1658 1933 1955
8410 4 2 2 31 1299 1387 1298 1930
8411 4 2 2 31 517 1031 377 1953
8412 4 2 2 31 511 1674 471 1993
8413 4 2 2 31 1295 1406 1202 1959
8414 4 2 2 31 1259 1439 1403 1800
8415 4 2 2 31 1098 1375 1473 327
8416 4 2 2 31 1602 1896 1804 2042
8417 4 2 2 31 916 78 902 1943
8418 4 2 2 31 40 436 41 1859
8419 4 2 2 31 1699 1997 1754 2058
8420 4 2 2 31 757 760 758 1755
8421 4 2 2 31 818 809 960 2002
8422 4 2 2 31 1113 1281 1280 2036
8423 4 2 2 31 818 806 820 2002
8424 4 2 2 31 7 1900 1674 1904
8425 4 2 2 31 35 355 36 1954
8426 4 2 2 31 1185 1854 1386 2053
8427 4 2 2 31 1531 1529 1523 1853
8428 4 2 2 31 737 878 914 201
8429 4 2 2 31 1597 1872 1568 1915
8430 4 2 2 31 1156 1152 1153 1883
8431 4 2 2 31 247 811 1488 1541
8432 4 2 2 31 786 1289 1097 2006
8433 4 2 2 31 981 1991 1837 1995
8434 4 2 2 31 1610 1939 1745 2030
8435 4 2 2 31 1636 1971 1873 2078
8436 4 2 2 31 1590 1565 1116 1891
8437 4 2 2 31 1352 295 1234 1040
8438 4 2 2 31 1117 1799 1464 2007
8439 4 2 2 31 1546 320 1307 1527
8440 4 2 2 31 844 906 907 1803
8441 4 2 2 31 1452 1214 1736 2011
8442 4 2 2 31 1473 1516 1515 1949
8443 4 2 2 31 1637 1675 1938 2066
8444 4 2 2 31 908 978 1023 1710
8445 4 2 2 31 883 285 1530 1514
8446 4 2 2 31 995 858 997 1826
8447 4 2 2 31 285 883 929 1514
8448 4 2 2 31 97 456 1834 2078
8449 4 2 2 31 1750 1838 1220 2079
8450 4 2 2 31 1457 1089 1799 1807
8451 4 2 2 31 504 1771 472 1910
8452 4 2 2 31 104 472 361 1771
8453 4 2 2 31 1473 1517 1098 327
8454 4 2 2 31 1419 1333 1699 1997
8455 4 2 2 31 436 485 354 1775
8456 4 2 2 31 423 386 385 2034
8457 4 2 2 31 1517 1098 326 1334
8458 4 2 2 31 1003 923 890 1774
8459 4 2 2 31 1521 926 280 1478
8460 4 2 2 31 1661 1917 1841 1951
8461 4 2 2 31 1520 1545 1529 1853
8462 4 2 2 31 1618 1986 1817 1994
8463 4 2 2 31 890 189 921 767
8464 4 2 2 31 1825 1933 1657 1955
8465 4 2 2 31 1295 1724 1289 2020
8466 4 2 2 31 484 1909 1836 2080
8467 4 2 2 31 1669 1909 1877 2017
8468 4 2 2 31 1406 1202 1959 2042
8469 4 2 2 31 1635 1818 1924 2057
8470 4 2 2 31 362 113 1584 1934
8471 4 2 2 31 750 717 749 1698
8472 4 2 2 31 1677 1622 2022 2065
8473 4 2 2 31 42 856 41 1966
8474 4 2 2 31 1084 219 1312 1922
8475 4 2 2 31 1619 1877 1909 2017
8476 4 2 2 31 814 833 842 1830
8477 4 2 2 31 1117 1341 1342 2007
8478 4 2 2 31 767 890 189 785
8479 4 2 2 31 729 209 1101 744
8480 4 2 2 31 1223 1225 1224 1759
8481 4 2 2 31 779 764 765 1905
8482 4 2 2 31 1343 1142 1158 1989
8483 4 2 2 31 982 882 920 1961
8484 4 2 2 31 1186 1187 1170 1874
8485 4 2 2 31 1554 1575 512 1727
8486 4 2 2 31 1612 1703 1883 2052
8487 4 2 2 31 1086 1518 1704 1949
8488 4 2 2 31 1185 1401 2012 2067
8489 4 2 2 31 1690 1905 1646 2024
8490 4 2 2 31 463 411 408 1767
8491 4 2 2 31 1255 1365 1221 1815
8492 4 2 2 31 1819 1982 390 2077
8493 4 2 2 31 401 398 400 1924
8494 4 2 2 31 903 843 904 1929
8495 4 2 2 31 1419 1699 1167 2058
8496 4 2 2 31 1141 1397 1143 1958
8497 4 2 2 31 725 758 760 1970
8498 4 2 2 31 1236 1347 1447 1739
8499 4 2 2 31 820 821 822 1866
8500 4 2 2 31 1693 1617 1879 2061
8501 4 2 2 31 1222 1223 1898 1980
8502 4 2 2 31 819 820 803 1947
8503 4 2 2 31 741 742 734 1695
8504 4 2 2 31 981 986 948 1991
8505 4 2 2 31 1421 1256 1338 1732
8506 4 2 2 31 1753 1798 1628 2047
8507 4 2 2 31 108 516 1055 1780
8508 4 2 2 31 1390 1214 1212 1736
8509 4 2 2 31 1075 1056 1048 1777
8510 4 2 2 31 805 1244 241 829
8511 4 2 2 31 1129 1128 1127 1903
8512 4 2 2 31 1089 1121 339 1807
8513 4 2 2 31 1585 1103 1844 1987
8514 4 2 2 31 1147 1742 1149 1986
8515 4 2 2 31 362 370 113 1934
8516 4 2 2 31 1276 1941 1279 2075
8517 4 2 2 31 1289 214 786 1097
8518 4 2 2 31 1493 1491 2016 2060
8519 4 2 2 31 32 1054 517 1787
8520 4 2 2 31 1310 1110 231 718
8521 4 2 2 31 460 456 439 1971
8522 4 2 2 31 451 430 1761 1881
8523 4 2 2 31 887 280 926 1478
8524 4 2 2 31 988 929 883 1856
8525 4 2 2 31 1144 1817 1147 1994
8526 4 2 2 31 1247 1950 1404 2008
8527 4 2 2 31 281 887 1531 1478
8528 4 2 2 31 1343 1158 1367 1906
8529 4 2 2 31 964 12 109 1814
8530 4 2 2 31 1234 1353 1946 2018
8531 4 2 2 31 1106 756 1283 1932
8532 4 2 2 31 100 1841 853 1923
8533 4 2 2 31 1628 1688 1891 2047
8534 4 2 2 31 1386 1112 1558 1854
8535 4 2 2 31 1376 1230 1933 2049
8536 4 2 2 31 1258 1957 1278 2016
8537 4 2 2 31 1229 2003 1717 2075
8538 4 2 2 31 1147 1986 1361 1994
8539 4 2 2 31 1210 1126 1358 1937
8540 4 2 2 31 973 1011 900 1701
8541 4 2 2 31 1334 1085 1467 1860
8542 4 2 2 31 1379 1233 1285 1871
8543 4 2 2 31 1666 1697 1935 1992
8544 4 2 2 31 351 505 494 1777
8545 4 2 2 31 1661 1736 1769 2037
8546 4 2 2 31 876 265 1063 1058
8547 4 2 2 31 94 488 353 1813
8548 4 2 2 31 1682 1829 1747 1985
8549 4 2 2 31 1002 931 861 1806
8550 4 2 2 31 1586 530 415 1555
8551 4 2 2 31 237 822 1323 1107
8552 4 2 2 31 944 40 1859 2000
8553 4 2 2 31 107 366 473 2004
8554 4 2 2 31 787 769 1312 218
8555 4 2 2 31 1639 1832 1919 2004
8556 4 2 2 31 1064 1059 262 875
8557 4 2 2 31 87 86 428 1713
8558 4 2 2 31 919 195 784 884
8559 4 2 2 31 1090 1310 230 740
8560 4 2 2 31 34 937 847 1823
8561 4 2 2 31 944 854 40 2000
8562 4 2 2 31 1403 1800 1352 1946
8563 4 2 2 31 457 450 493 1763
8564 4 2 2 31 1754 1997 1231 2058
8565 4 2 2 31 1314 1346 1329 1905
8566 4 2 2 31 811 247 836 1541
8567 4 2 2 31 1411 1086 1268 1704
8568 4 2 2 31 1061 307 1542 1487
8569 4 2 2 31 205 735 1062 792
8570 4 2 2 31 1289 1724 1290 2006
8571 4 2 2 31 1414 1384 1083 1757
8572 4 2 2 31 1306 1374 1376 1887
8573 4 2 2 31 1622 1914 1708 1958
8574 4 2 2 31 762 1826 759 1970
8575 4 2 2 31 1615 1801 1745 1951
8576 4 2 2 31 1750 1755 1654 2079
8577 4 2 2 31 1725 1957 1664 2016
8578 4 2 2 31 1682 1925 1619 1927
8579 4 2 2 31 1519 1516 1517 1748
8580 4 2 2 31 1256 1338 1732 2050
8581 4 2 2 31 1213 1348 1175 1751
8582 4 2 2 31 974 934 976 1766
8583 4 2 2 31 430 407 1761 2046
8584 4 2 2 31 1423 1851 1410 1948
8585 4 2 2 31 963 721 184 1908
8586 4 2 2 31 1452 1736 1390 1964
8587 4 2 2 31 1500 1533 1504 1689
8588 4 2 2 31 1542 1551 1484 1692
8589 4 2 2 31 731 773 775 1833
8590 4 2 2 31 411 410 408 1942
8591 4 2 2 31 1613 1794 1755 1970
8592 4 2 2 31 40 854 39 2000
8593 4 2 2 31 1430 1445 1105 1718
8594 4 2 2 31 85 910 985 1911
8595 4 2 2 31 1615 1894 1704 2035
8596 4 2 2 31 770 785 723 1774
8597 4 2 2 31 934 976 1766 1999
8598 4 2 2 31 1208 1327 1356 1975
8599 4 2 2 31 1265 1757 1414 2001
8600 4 2 2 31 1333 1699 1997 2005
8601 4 2 2 31 999 913 892 1796
8602 4 2 2 31 281 887 932 1531
8603 4 2 2 31 1728 1734 1635 2057
8604 4 2 2 31 878 737 754 201
8605 4 2 2 31 1303 1409 1317 1985
8606 4 2 2 31 1795 1939 1610 2030
8607 4 2 2 31 89 983 1758 1955
8608 4 2 2 31 298 1034 1044 1354
8609 4 2 2 31 815 1749 814 2036
8610 4 2 2 31 1520 1531 932 1853
8611 4 2 2 31 1097 1291 1292 2006
8612 4 2 2 31 1762 1939 1356 1975
8613 4 2 2 31 885 1520 932 1853
8614 4 2 2 31 433 400 1850 2027
8615 4 2 2 31 1717 1919 1832 2014
8616 4 2 2 31 1596 1588 1570 2045
8617 4 2 2 31 1202 1735 1431 2012
8618 4 2 2 31 1266 1938 1675 2066
8619 4 2 2 31 1468 1827 1088 1893
8620 4 2 2 31 1571 1388 1851 2073
8621 4 2 2 31 818 950 251 806
8622 4 2 2 31 928 193 725 886
8623 4 2 2 31 1367 1363 1218 1906
8624 4 2 2 31 866 86 87 1821
8625 4 2 2 31 1311 1463 1420 1984
8626 4 2 2 31 429 355 506 1810
8627 4 2 2 31 1109 1258 2016 2075
8628 4 2 2 31 1526 1477 1525 2031
8629 4 2 2 31 1230 1967 1933 2049
8630 4 2 2 31 1565 1096 1891 1945
8631 4 2 2 31 1602 1812 1820 1900
8632 4 2 2 31 1382 1119 1240 1967
8633 4 2 2 31 514 1952 500 2004
8634 4 2 2 31 1729 1952 444 2004
8635 4 2 2 31 1933 1967 1629 2049
8636 4 2 2 31 440 488 493 1763
8637 4 2 2 31 88 87 496 1713
8638 4 2 2 31 792 732 800 1694
8639 4 2 2 31 1468 1088 321 1527
8640 4 2 2 31 1321 1182 239 804
8641 4 2 2 31 785 923 188 723
8642 4 2 2 31 1835 1933 1658 1955
8643 4 2 2 31 1061 1548 1487 1865
8644 4 2 2 31 1136 1168 1877 2051
8645 4 2 2 31 1337 1755 1395 2079
8646 4 2 2 31 1093 731 787 217
8647 4 2 2 31 1119 1797 1096 1945
8648 4 2 2 31 1369 1468 1524 1827
8649 4 2 2 31 187 892 772 723
8650 4 2 2 31 1631 1779 1699 2058
8651 4 2 2 31 1254 1220 1395 1750
8652 4 2 2 31 1695 1617 1822 1976
8653 4 2 2 31 1209 1176 1245 1894
8654 4 2 2 31 788 727 793 1696
8655 4 2 2 31 1334 1467 1532 1860
8656 4 2 2 31 1345 1135 1863 1979
8657 4 2 2 31 79 1684 499 2070
8658 4 2 2 31 728 1104 752 1764
8659 4 2 2 31 1437 1217 1408 1786
8660 4 2 2 31 918 283 885 1476
8661 4 2 2 31 1516 1473 1517 1748
8662 4 2 2 31 982 1879 1696 1961
8663 4 2 2 31 224 1087 777 757
8664 4 2 2 31 1528 1524 1339 323
8665 4 2 2 31 1147 1148 1149 1742
8666 4 2 2 31 722 868 185 776
8667 4 2 2 31 842 1876 810 2036
8668 4 2 2 31 1244 1786 1408 1948
8669 4 2 2 31 1088 1468 1369 1827
8670 4 2 2 31 232 1380 790 718
8671 4 2 2 31 369 511 471 1993
8672 4 2 2 31 1494 1999 1475 2060
8673 4 2 2 31 1382 1299 1377 1967
8674 4 2 2 31 1471 1499 936 269
8675 4 2 2 31 744 746 745 1709
8676 4 2 2 31 1499 1498 1471 1888
8677 4 2 2 31 1594 350 1563 1992
8678 4 2 2 31 1812 1900 1660 1993
8679 4 2 2 31 1572 340 1558 1386
8680 4 2 2 31 184 776 868 1908
8681 4 2 2 31 1520 885 283 1476
8682 4 2 2 31 1260 1186 1296 1965
8683 4 2 2 31 1641 1836 1909 2080
8684 4 2 2 31 925 287 881 1537
8685 4 2 2 31 422 523 421 1731
8686 4 2 2 31 987 942 854 2000
8687 4 2 2 31 1368 1716 1400 2051
8688 4 2 2 31 1607 1926 1919 2014
8689 4 2 2 31 1544 1502 1494 1950
8690 4 2 2 31 1258 1717 1228 1957
8691 4 2 2 31 920 197 788 882
8692 4 2 2 31 1770 1822 1617 2061
8693 4 2 2 31 1524 1369 1339 323
8694 4 2 2 31 1317 1315 1313 1878
8695 4 2 2 31 1074 1062 796 1840
8696 4 2 2 31 1498 1503 1808 1973
8697 4 2 2 31 1084 716 219 1922
8698 4 2 2 31 511 1560 1674 1993
8699 4 2 2 31 523 1731 422 1974
8700 4 2 2 31 1519 1545 1476 1707
8701 4 2 2 31 1693 1881 1783 2076
8702 4 2 2 31 1666 1935 1929 1990
8703 4 2 2 31 1692 1793 1607 1926
8704 4 2 2 31 1521 1522 1525 1737
8705 4 2 2 31 1534 1304 317 1483
8706 4 2 2 31 290 934 877 1501
8707 4 2 2 31 361 443 105 1832
8708 4 2 2 31 1409 1747 1172 1985
8709 4 2 2 31 1776 1889 96 2078
8710 4 2 2 31 1031 1054 1072 1953
8711 4 2 2 31 1729 1963 1639 2004
8712 4 2 2 31 210 1283 756 729
8713 4 2 2 31 1642 1888 1808 1973
8714 4 2 2 31 1427 1318 1317 1985
8715 4 2 2 31 96 857 939 2044
8716 4 2 2 31 1618 1728 1924 1988
8717 4 2 2 31 928 761 194 884
8718 4 2 2 31 1082 1446 1047 1907
8719 4 2 2 31 1445 1718 1430 1972
8720 4 2 2 31 1410 1388 1324 1882
8721 4 2 2 31 409 1788 497 1960
8722 4 2 2 31 1661 1841 1751 1951
8723 4 2 2 31 1490 1491 1489 2029
8724 4 2 2 31 1073 1038 1435 1865
8725 4 2 2 31 918 883 284 1530
8726 4 2 2 31 1472 319 1092 1546
8727 4 2 2 31 1612 1762 1939 2052
8728 4 2 2 31 935 754 200 878
8729 4 2 2 31 1718 1973 1689 2064
8730 4 2 2 31 215 1292 730 1097
8731 4 2 2 31 107 1919 366 2004
8732 4 2 2 31 1081 1039 1041 1946
8733 4 2 2 31 1548 1435 1540 1865
8734 4 2 2 31 1609 1746 1734 2037
8735 4 2 2 31 209 1101 1283 729
8736 4 2 2 31 96 1776 857 2044
8737 4 2 2 31 395 396 435 1734
8738 4 2 2 31 1285 1284 1101 1709
8739 4 2 2 31 1542 1036 307 1061
8740 4 2 2 31 1037 205 1062 792
8741 4 2 2 31 1583 427 499 2070
8742 4 2 2 31 73 465 1030 376
8743 4 2 2 31 1331 1415 1416 2021
8744 4 2 2 31 934 1501 1475 2060
8745 4 2 2 31 1271 1348 1213 1751
8746 4 2 2 31 1274 1284 1418 1869
8747 4 2 2 31 419 413 418 1912
8748 4 2 2 31 1677 1636 1971 2021
8749 4 2 2 31 751 783 750 1820
8750 4 2 2 31 1090 229 1319 734
8751 4 2 2 31 1413 1194 1266 2066
8752 4 2 2 31 1629 1933 1835 1955
8753 4 2 2 31 1400 1315 1318 1878
8754 4 2 2 31 1601 1857 1697 1935
8755 4 2 2 31 1674 1900 7 1993
8756 4 2 2 31 1258 1228 1717 2075
8757 4 2 2 31 1106 1407 1804 1932
8758 4 2 2 31 1640 2040 1776 2044
8759 4 2 2 31 869 183 963 721
8760 4 2 2 31 1121 1386 1572 2053
8761 4 2 2 31 1531 932 282 1520
8762 4 2 2 31 987 919 882 1920
8763 4 2 2 31 1031 1079 1057 1953
8764 4 2 2 31 791 812 838 1871
8765 4 2 2 31 817 1786 825 1911
8766 4 2 2 31 1057 76 1031 464
8767 4 2 2 31 824 813 1113 1899
8768 4 2 2 31 1258 1717 1957 2075
8769 4 2 2 31 736 175 791 835
8770 4 2 2 31 1385 1082 299 1034
8771 4 2 2 31 208 1379 744 733
8772 4 2 2 31 396 435 1734 2057
8773 4 2 2 31 1060 1035 301 1301
8774 4 2 2 31 1151 1150 1322 1795
8775 4 2 2 31 1185 1123 1125 1849
8776 4 2 2 31 748 180 953 717
8777 4 2 2 31 1614 1897 1695 1984
8778 4 2 2 31 812 791 175 835
8779 4 2 2 31 1604 1816 1666 1929
8780 4 2 2 31 225 1336 720 1978
8781 4 2 2 31 1564 1816 1563 1945
8782 4 2 2 31 972 877 974 2029
8783 4 2 2 31 1122 1807 1457 1916
8784 4 2 2 31 979 981 851 1991
8785 4 2 2 31 1189 1190 1188 1753
8786 4 2 2 31 1697 1857 1443 2025
8787 4 2 2 31 1476 918 284 1530
8788 4 2 2 31 731 1292 216 1093
8789 4 2 2 31 1685 1892 1648 1953
8790 4 2 2 31 1212 1782 1350 2010
8791 4 2 2 31 474 32 517 1787
8792 4 2 2 31 765 767 768 1845
8793 4 2 2 31 1615 1751 1841 1951
8794 4 2 2 31 1537 287 881 1479
8795 4 2 2 31 734 1090 230 740
8796 4 2 2 31 1536 930 1535 1867
8797 4 2 2 31 1581 1596 1553 2019
8798 4 2 2 31 318 1304 1534 1472
8799 4 2 2 31 805 1282 242 1371
8800 4 2 2 31 276 1536 1481 891
8801 4 2 2 31 437 423 385 1909
8802 4 2 2 31 1245 1411 1268 2035
8803 4 2 2 31 1783 1940 1671 2076
8804 4 2 2 31 467 356 91 1890
8805 4 2 2 31 933 191 763 888
8806 4 2 2 31 1639 2003 1717 2063
8807 4 2 2 31 1544 1486 331 1091
8808 4 2 2 31 730 786 1097 2006
8809 4 2 2 31 227 1083 1384 714
8810 4 2 2 31 489 458 1913 1917
8811 4 2 2 31 1725 2016 1664 2060
8812 4 2 2 31 237 1323 822 802
8813 4 2 2 31 1085 1362 1339 1880
8814 4 2 2 31 1638 1940 1783 2076
8815 4 2 2 31 1001 921 888 1864
8816 4 2 2 31 1251 1438 1223 1980
8817 4 2 2 31 441 368 498 1875
8818 4 2 2 31 421 414 422 1731
8819 4 2 2 31 1192 1901 1413 1997
8820 4 2 2 31 932 885 282 1520
8821 4 2 2 31 968 874 1499 270
8822 4 2 2 31 452 396 398 1924
8823 4 2 2 31 1679 1799 1807 1916
8824 4 2 2 31 1652 1962 1687 2019
8825 4 2 2 31 1141 1958 1914 2065
8826 4 2 2 31 1564 1688 1586 1816
8827 4 2 2 31 1050 1426 1235 1941
8828 4 2 2 31 1587 1679 1584 1934
8829 4 2 2 31 1220 1395 1750 2079
8830 4 2 2 31 1181 1765 1844 1987
8831 4 2 2 31 924 1774 1003 1921
8832 4 2 2 31 1154 1939 1762 2052
8833 4 2 2 31 212 1422 1104 728
8834 4 2 2 31 381 1743 380 1998
8835 4 2 2 31 465 351 74 1029
8836 4 2 2 31 32 474 33 1787
8837 4 2 2 31 453 513 409 2055
8838 4 2 2 31 417 1 522 1868
8839 4 2 2 31 1408 1244 1371 1786
8840 4 2 2 31 959 905 867 2028
8841 4 2 2 31 1560 1575 1660 1993
8842 4 2 2 31 1160 1852 1349 1996
8843 4 2 2 31 1612 1939 1795 2052
8844 4 2 2 31 384 1884 383 2069
8845 4 2 2 31 1677 1819 1834 2022
8846 4 2 2 31 730 786 214 1097
8847 4 2 2 31 81 1828 80 2070
8848 4 2 2 31 1169 1173 1296 1965
8849 4 2 2 31 1419 1231 1997 2058
8850 4 2 2 31 1651 1925 1682 1956
8851 4 2 2 31 288 925 879 1495
8852 4 2 2 31 801 814 815 1749
8853 4 2 2 31 1034 298 1385 1354
8854 4 2 2 31 1677 1834 1819 1971
8855 4 2 2 31 384 387 501 2034
8856 4 2 2 31 1337 777 1755 1978
8857 4 2 2 31 920 743 198 880
8858 4 2 2 31 1273 1275 1804 2042
8859 4 2 2 31 1119 1945 1239 2025
8860 4 2 2 31 392 459 394 1768
8861 4 2 2 31 1080 1051 1038 1941
8862 4 2 2 31 1708 1958 1140 1989
8863 4 2 2 31 1300 1204 1778 2071
8864 4 2 2 31 179 719 748 1895
8865 4 2 2 31 495 86 85 1915
8866 4 2 2 31 504 361 472 1771
8867 4 2 2 31 49 1862 864 2062
8868 4 2 2 31 1395 1755 1436 2050
8869 4 2 2 31 1746 1964 1159 2010
8870 4 2 2 31 1083 227 780 714
8871 4 2 2 31 1039 1840 1234 1946
8872 4 2 2 31 1568 1597 1585 1872
8873 4 2 2 31 90 1835 863 1955
8874 4 2 2 31 1380 232 1110 718
8875 4 2 2 31 1099 1421 1338 1732
8876 4 2 2 31 183 869 783 721
8877 4 2 2 31 1664 1766 1725 2060
8878 4 2 2 31 1329 1099 221 1905
8879 4 2 2 31 1569 1568 1713 1915
8880 4 2 2 31 113 1555 1584 1934
8881 4 2 2 31 1738 1769 1609 2048
8882 4 2 2 31 1791 1823 1680 1936
8883 4 2 2 31 794 1319 229 734
8884 4 2 2 31 439 1873 1971 2078
8885 4 2 2 31 1178 1558 1582 341
8886 4 2 2 31 1081 1840 1039 1946
8887 4 2 2 31 1666 1604 1929 1935
8888 4 2 2 31 1629 1798 1753 2047
8889 4 2 2 31 1444 1358 1409 1747
8890 4 2 2 31 1482 1702 1506 2043
8891 4 2 2 31 379 508 425 1741
8892 4 2 2 31 1328 1167 1779 2058
8893 4 2 2 31 1136 1996 1349 2051
8894 4 2 2 31 451 430 407 1761
8895 4 2 2 31 1651 1829 1925 2017
8896 4 2 2 31 28 844 1 1868
8897 4 2 2 31 1734 1746 1635 2037
8898 4 2 2 31 1237 1327 1366 1975
8899 4 2 2 31 331 1370 1544 1091
8900 4 2 2 31 1178 1735 1232 1896
8901 4 2 2 31 390 393 1819 2077
8902 4 2 2 31 1609 1769 2037 2048
8903 4 2 2 31 379 1752 1741 1998
8904 4 2 2 31 954 966 848 1926
8905 4 2 2 31 108 107 473 1780
8906 4 2 2 31 796 790 1434 1840
8907 4 2 2 31 1113 1461 1281 2036
8908 4 2 2 31 908 1023 844 1803
8909 4 2 2 31 334 1470 1540 1381
8910 4 2 2 31 866 949 1025 1749
8911 4 2 2 31 801 833 961 259
8912 4 2 2 31 371 370 362 1934
8913 4 2 2 31 1130 1132 1427 1829
8914 4 2 2 31 404 403 402 1968
8915 4 2 2 31 1342 1916 1341 2058
8916 4 2 2 31 1459 1184 1580 1855
8917 4 2 2 31 262 957 1064 875
8918 4 2 2 31 1667 1929 1604 1935
8919 4 2 2 31 944 989 854 2000
8920 4 2 2 31 1412 1297 1250 1907
8921 4 2 2 31 975 935 878 1791
8922 4 2 2 31 1005 861 93 1858
8923 4 2 2 31 277 1535 1536 930
8924 4 2 2 31 1619 1925 1829 2017
8925 4 2 2 31 876 265 956 1063
8926 4 2 2 31 179 917 719 1895
8927 4 2 2 31 1089 1559 1799 1807
8928 4 2 2 31 1074 1434 1039 1840
8929 4 2 2 31 848 1919 1926 2014
8930 4 2 2 31 1260 1297 1385 1892
8931 4 2 2 31 1247 1370 1404 1950
8932 4 2 2 31 50 978 864 1862
8933 4 2 2 31 286 929 881 1995
8934 4 2 2 31 1781 1909 423 2080
8935 4 2 2 31 760 761 725 1794
8936 4 2 2 31 762 725 193 886
8937 4 2 2 31 1595 1688 1564 1891
8938 4 2 2 31 210 1283 1106 756
8939 4 2 2 31 1322 1356 1154 1939
8940 4 2 2 31 880 935 977 1822
8941 4 2 2 31 1436 1755 1087 2050
8942 4 2 2 31 1061 1073 1548 1865
8943 4 2 2 31 452 396 1924 2057
8944 4 2 2 31 1616 2011 1748 2013
8945 4 2 2 31 81 2019 1962 2070
8946 4 2 2 31 1496 1497 1498 1808
8947 4 2 2 31 1082 299 1034 1047
8948 4 2 2 31 1613 1970 1755 2050
8949 4 2 2 31 1602 1674 1900 1981
8950 4 2 2 31 771 221 1099 1905
8951 4 2 2 31 1200 1222 1223 1898
8952 4 2 2 31 1454 1964 1390 2010
8953 4 2 2 31 489 525 458 1917
8954 4 2 2 31 1606 1846 1907 2059
8955 4 2 2 31 1358 1747 1444 1937
8956 4 2 2 31 1017 11 89 1758
8957 4 2 2 31 95 353 507 1813
8958 4 2 2 31 1170 1320 1162 1940
8959 4 2 2 31 1585 1872 1458 1987
8960 4 2 2 31 791 838 798 1871
8961 4 2 2 31 1511 1509 1930 1931
8962 4 2 2 31 448 1726 526 1956
8963 4 2 2 31 259 961 801 949
8964 4 2 2 31 524 1925 47 1927
8965 4 2 2 31 960 950 818 2002
8966 4 2 2 31 1004 47 862 1927
8967 4 2 2 31 1259 1186 1260 1874
8968 4 2 2 31 1534 1512 1513 1824
8969 4 2 2 31 1073 1435 1548 1865
8970 4 2 2 31 1363 1906 1158 1994
8971 4 2 2 31 1724 2012 1401 2067
8972 4 2 2 31 1007 49 864 2062
8973 4 2 2 31 1608 1698 1904 1981
8974 4 2 2 31 1202 1959 1735 2012
8975 4 2 2 31 984 909 81 1828
8976 4 2 2 31 1581 1571 1851 2073
8977 4 2 2 31 888 190 726 921
8978 4 2 2 31 1602 1804 1764 2042
8979 4 2 2 31 1340 1188 1753 2007
8980 4 2 2 31 213 1104 1289 2020
8981 4 2 2 31 1121 1572 1807 2053
8982 4 2 2 31 33 1787 474 2074
8983 4 2 2 31 1583 118 1578 499
8984 4 2 2 31 1363 1158 1361 1994
8985 4 2 2 31 1368 1364 1852 2051
8986 4 2 2 31 1596 1581 1588 1851
8987 4 2 2 31 725 761 194 928
8988 4 2 2 31 1170 1169 1186 1965
8989 4 2 2 31 1094 1393 1394 1720
8990 4 2 2 31 304 1235 1050 1426
8991 4 2 2 31 1080 1038 1865 1941
8992 4 2 2 31 1143 1397 1159 1746
8993 4 2 2 31 1315 1317 1318 1878
8994 4 2 2 31 1321 1423 1410 1948
8995 4 2 2 31 971 1823 937 2039
8996 4 2 2 31 1278 1725 1957 2008
8997 4 2 2 31 715 759 771 1732
8998 4 2 2 31 1231 1190 1192 1997
8999 4 2 2 31 381 382 380 1743
9000 4 2 2 31 1635 1913 1734 2037
9001 4 2 2 31 737 754 739 1936
9002 4 2 2 31 1323 238 1182 802
9003 4 2 2 31 1216 1220 1838 2079
9004 4 2 2 31 1495 1494 1502 1999
9005 4 2 2 31 1002 930 931 1867
9006 4 2 2 31 1088 1827 1428 1893
9007 4 2 2 31 1353 1403 1352 1946
9008 4 2 2 31 352 525 475 1917
9009 4 2 2 31 508 379 450 1752
9010 4 2 2 31 1161 1157 1162 1940
9011 4 2 2 31 468 482 430 1881
9012 4 2 2 31 1087 1337 224 777
9013 4 2 2 31 1329 221 779 1905
9014 4 2 2 31 1091 1277 1278 1725
9015 4 2 2 31 453 409 1960 2055
9016 4 2 2 31 1554 441 518 1875
9017 4 2 2 31 1589 495 426 1915
9018 4 2 2 31 405 446 475 1802
9019 4 2 2 31 1355 1152 1156 2033
9020 4 2 2 31 286 881 1479 1995
9021 4 2 2 31 1221 1220 1254 1750
9022 4 2 2 31 12 378 480 1902
9023 4 2 2 31 350 1594 432 1902
9024 4 2 2 31 1241 1443 1857 2025
9025 4 2 2 31 1167 1699 1333 2005
9026 4 2 2 31 1617 1961 1822 1976
9027 4 2 2 31 1460 1114 1219 1844
9028 4 2 2 31 895 845 7 1900
9029 4 2 2 31 1351 1265 1414 2001
9030 4 2 2 31 1290 1291 2006 2067
9031 4 2 2 31 1118 1096 1119 1797
9032 4 2 2 31 106 443 366 1832
9033 4 2 2 31 1609 1734 1746 2022
9034 4 2 2 31 1504 1505 1469 1718
9035 4 2 2 31 412 410 411 1942
9036 4 2 2 31 975 971 937 2039
9037 4 2 2 31 815 1899 1749 2036
9038 4 2 2 31 724 199 880 935
9039 4 2 2 31 886 192 762 933
9040 4 2 2 31 914 967 971 1936
9041 4 2 2 31 184 721 776 1908
9042 4 2 2 31 1272 1746 1397 2065
9043 4 2 2 31 768 770 769 1922
9044 4 2 2 31 1145 1344 1345 1863
9045 4 2 2 31 1154 1322 1939 2052
9046 4 2 2 31 1405 1107 1287 1947
9047 4 2 2 31 498 1875 368 2054
9048 4 2 2 31 1120 1797 1382 1967
9049 4 2 2 31 1628 1754 1753 2007
9050 4 2 2 31 934 1475 1999 2060
9051 4 2 2 31 849 1766 976 2015
9052 4 2 2 31 761 784 195 884
9053 4 2 2 31 1112 1431 1202 1735
9054 4 2 2 31 326 1532 1517 1334
9055 4 2 2 31 426 1915 531 2045
9056 4 2 2 31 965 1011 1480 1701
9057 4 2 2 31 1764 1804 1275 2042
9058 4 2 2 31 1743 380 1998 2069
9059 4 2 2 31 190 726 921 767
9060 4 2 2 31 1170 1162 1169 1885
9061 4 2 2 31 1547 872 1539 1830
9062 4 2 2 31 1029 1056 465 1777
9063 4 2 2 31 1745 1951 1610 2030
9064 4 2 2 31 1333 1167 1419 1699
9065 4 2 2 31 964 1814 109 1990
9066 4 2 2 31 1209 1327 1208 1831
9067 4 2 2 31 1550 836 1541 1876
9068 4 2 2 31 1434 1074 796 1840
9069 4 2 2 31 435 1913 1734 2057
9070 4 2 2 31 1391 1105 1469 312
9071 4 2 2 31 1926 2014 1664 2029
9072 4 2 2 31 1754 1916 1631 2058
9073 4 2 2 31 443 444 366 2004
9074 4 2 2 31 1184 1855 1456 2073
9075 4 2 2 31 1293 1093 1292 1833
9076 4 2 2 31 727 778 793 1696
9077 4 2 2 31 1609 1964 1746 2037
9078 4 2 2 31 1360 1762 1356 1975
9079 4 2 2 31 759 762 763 1826
9080 4 2 2 31 1359 1149 1152 1986
9081 4 2 2 31 416 1818 452 1924
9082 4 2 2 31 1312 219 769 1922
9083 4 2 2 31 780 714 793 1757
9084 4 2 2 31 1171 1161 1320 1940
9085 4 2 2 31 1770 1954 1614 2039
9086 4 2 2 31 1305 1230 1377 1933
9087 4 2 2 31 225 1337 1336 1978
9088 4 2 2 31 1760 1930 1657 1931
9089 4 2 2 31 1457 1117 1342 1916
9090 4 2 2 31 945 988 990 1856
9091 4 2 2 31 100 101 853 1841
9092 4 2 2 31 1292 730 775 215
9093 4 2 2 31 225 720 777 1978
9094 4 2 2 31 1735 1959 1202 2042
9095 4 2 2 31 254 807 83 831
9096 4 2 2 31 1582 1178 1440 1896
9097 4 2 2 31 1740 1907 1606 2071
9098 4 2 2 31 370 1555 113 1934
9099 4 2 2 31 822 1866 821 2068
9100 4 2 2 31 407 404 451 1761
9101 4 2 2 31 1155 1914 1677 2065
9102 4 2 2 31 1546 1538 1526 1805
9103 4 2 2 31 400 470 402 1756
9104 4 2 2 31 838 834 1433 1871
9105 4 2 2 31 1401 1724 1295 2012
9106 4 2 2 31 1305 1376 1230 1933
9107 4 2 2 31 824 1113 1282 1899
9108 4 2 2 31 1334 325 1467 1085
9109 4 2 2 31 213 752 1104 2020
9110 4 2 2 31 1136 1842 1138 1996
9111 4 2 2 31 1914 1958 1622 2065
9112 4 2 2 31 456 460 486 1834
9113 4 2 2 31 968 1499 1533 270
9114 4 2 2 31 1160 1138 1140 1996
9115 4 2 2 31 1636 1889 1776 2078
9116 4 2 2 31 1352 1403 1095 1800
9117 4 2 2 31 1282 824 805 242
9118 4 2 2 31 1383 1270 2011 2013
9119 4 2 2 31 1323 1325 1107 1866
9120 4 2 2 31 881 981 1837 1995
9121 4 2 2 31 1227 1207 1228 2063
9122 4 2 2 31 919 989 884 1920
9123 4 2 2 31 1670 1965 1740 2071
9124 4 2 2 31 1602 1764 1959 2042
9125 4 2 2 31 490 82 1962 2019
9126 4 2 2 31 1379 1101 208 744
9127 4 2 2 31 977 975 850 2039
9128 4 2 2 31 408 1767 1772 2046
9129 4 2 2 31 1652 1962 1828 2068
9130 4 2 2 31 771 779 221 1905
9131 4 2 2 31 1571 1243 345 1557
9132 4 2 2 31 1506 1701 1480 2043
9133 4 2 2 31 770 723 782 1774
9134 4 2 2 31 1564 1563 1562 1945
9135 4 2 2 31 1126 1124 1127 2023
9136 4 2 2 31 1395 1087 1436 1755
9137 4 2 2 31 1550 840 836 1876
9138 4 2 2 31 824 813 243 1113
9139 4 2 2 31 1613 1870 1732 2050
9140 4 2 2 31 821 806 827 1828
9141 4 2 2 31 28 417 527 1868
9142 4 2 2 31 268 1471 1539 872
9143 4 2 2 31 1604 1967 1760 2025
9144 4 2 2 31 1553 424 119 2019
9145 4 2 2 31 1286 1425 1201 1869
9146 4 2 2 31 1260 1296 1297 1740
9147 4 2 2 31 235 803 1405 1947
9148 4 2 2 31 855 992 947 2040
9149 4 2 2 31 742 1822 743 1976
9150 4 2 2 31 1233 235 1405 1947
9151 4 2 2 31 1229 1227 1228 2003
9152 4 2 2 31 1344 1863 1145 1938
9153 4 2 2 31 1042 1033 1043 1800
9154 4 2 2 31 1752 1998 380 2069
9155 4 2 2 31 485 1775 513 2055
9156 4 2 2 31 412 411 413 1942
9157 4 2 2 31 777 760 1755 1978
9158 4 2 2 31 1278 1404 1725 2008
9159 4 2 2 31 1592 1697 1389 1945
9160 4 2 2 31 1136 1168 1134 1877
9161 4 2 2 31 726 763 191 888
9162 4 2 2 31 1356 1322 1208 1939
9163 4 2 2 31 741 739 754 1791
9164 4 2 2 31 324 1528 1467 1085
9165 4 2 2 31 724 743 742 1822
9166 4 2 2 31 981 925 881 1837
9167 4 2 2 31 213 1289 786 2020
9168 4 2 2 31 446 519 352 1801
9169 4 2 2 31 1486 1492 332 1091
9170 4 2 2 31 180 953 873 748
9171 4 2 2 31 1276 1235 1279 1941
9172 4 2 2 31 1857 1935 1760 2025
9173 4 2 2 31 420 503 521 1816
9174 4 2 2 31 1469 1503 1391 312
9175 4 2 2 31 1595 1586 1564 1688
9176 4 2 2 31 941 995 993 1944
9177 4 2 2 31 1592 1562 1697 1945
9178 4 2 2 31 1132 1131 1133 1848
9179 4 2 2 31 1510 274 867 959
9180 4 2 2 31 1390 1452 1214 1736
9181 4 2 2 31 733 798 1433 1871
9182 4 2 2 31 1862 1921 1643 2062
9183 4 2 2 31 860 46 1004 1927
9184 4 2 2 31 1368 1400 1168 2051
9185 4 2 2 31 813 1461 1113 2036
9186 4 2 2 31 408 429 1767 2046
9187 4 2 2 31 108 473 516 1780
9188 4 2 2 31 1609 2022 1834 2048
9189 4 2 2 31 1452 1246 1383 1847
9190 4 2 2 31 1276 1109 1744 2075
9191 4 2 2 31 1466 1518 1543 1704
9192 4 2 2 31 1566 1590 1559 1799
9193 4 2 2 31 1340 1753 1754 2007
9194 4 2 2 31 433 470 400 2027
9195 4 2 2 31 1135 1137 1136 1842
9196 4 2 2 31 1540 1470 1490 1744
9197 4 2 2 31 1579 1855 1580 2073
9198 4 2 2 31 1623 1781 1982 2077
9199 4 2 2 31 1264 1183 1211 1897
9200 4 2 2 31 1382 1797 1119 1967
9201 4 2 2 31 827 1962 823 2068
9202 4 2 2 31 1292 775 731 216
9203 4 2 2 31 1712 1954 1620 1974
9204 4 2 2 31 97 1776 96 2078
9205 4 2 2 31 51 368 1 2054
9206 4 2 2 31 1506 1482 1505 1702
9207 4 2 2 31 303 1426 1050 1094
9208 4 2 2 31 1138 1136 1137 1842
9209 4 2 2 31 1962 2019 1652 2070
9210 4 2 2 31 1267 1100 1391 1808
9211 4 2 2 31 396 394 397 2072
9212 4 2 2 31 1103 1585 1458 1987
9213 4 2 2 31 1135 1345 1137 1979
9214 4 2 2 31 989 987 854 1920
9215 4 2 2 31 41 944 1859 1966
9216 4 2 2 31 814 842 810 2036
9217 4 2 2 31 1178 1112 1558 341
9218 4 2 2 31 1195 1198 1197 1773
9219 4 2 2 31 423 461 386 1781
9220 4 2 2 31 806 950 251 909
9221 4 2 2 31 1125 1392 1185 1849
9222 4 2 2 31 1349 1852 1364 2051
9223 4 2 2 31 1654 1838 1750 2079
9224 4 2 2 31 1050 1235 1038 1941
9225 4 2 2 31 1554 1584 1577 1875
9226 4 2 2 31 1447 1739 1347 2001
9227 4 2 2 31 1324 1184 1456 2073
9228 4 2 2 31 390 392 393 2077
9229 4 2 2 31 1181 1844 1103 1987
9230 4 2 2 31 1182 826 239 804
9231 4 2 2 31 1524 1369 322 1468
9232 4 2 2 31 1149 1150 1151 1795
9233 4 2 2 31 939 859 95 1889
9234 4 2 2 31 268 936 1471 872
9235 4 2 2 31 749 717 747 1698
9236 4 2 2 31 1191 1376 1705 2049
9237 4 2 2 31 1921 2009 1007 2062
9238 4 2 2 31 382 380 1743 2069
9239 4 2 2 31 1554 114 1584 518
9240 4 2 2 31 1256 1254 1436 2050
9241 4 2 2 31 364 49 502 2009
9242 4 2 2 31 961 958 872 1830
9243 4 2 2 31 392 391 409 1788
9244 4 2 2 31 805 829 825 1786
9245 4 2 2 31 1387 1240 1241 2025
9246 4 2 2 31 755 1757 714 1976
9247 4 2 2 31 1039 1434 1234 1840
9248 4 2 2 31 1224 1225 1226 1714
9249 4 2 2 31 1501 290 934 1475
9250 4 2 2 31 1209 1831 1894 2008
9251 4 2 2 31 1811 1848 1651 2017
9252 4 2 2 31 1661 1769 1913 2037
9253 4 2 2 31 325 1467 1532 1334
9254 4 2 2 31 97 456 358 1834
9255 4 2 2 31 34 449 35 1954
9256 4 2 2 31 1300 1204 1206 1778
9257 4 2 2 31 1085 324 1528 1339
9258 4 2 2 31 1154 1356 1360 1762
9259 4 2 2 31 81 1024 80 1828
9260 4 2 2 31 200 724 754 935
9261 4 2 2 31 1674 1904 1900 1981
9262 4 2 2 31 987 854 1920 2000
9263 4 2 2 31 925 288 1537 1495
9264 4 2 2 31 813 1899 815 2036
9265 4 2 2 31 356 457 92 1890
9266 4 2 2 31 1718 1972 1973 2064
9267 4 2 2 31 228 1384 1319 794
9268 4 2 2 31 1669 1848 1811 2017
9269 4 2 2 31 1569 495 1589 1915
9270 4 2 2 31 1017 843 11 1929
9271 4 2 2 31 1195 1773 1197 2066
9272 4 2 2 31 429 482 355 1810
9273 4 2 2 31 1397 1272 1159 1746
9274 4 2 2 31 1593 1567 1585 1844
9275 4 2 2 31 392 391 1788 2077
9276 4 2 2 31 1263 1232 1273 1896
9277 4 2 2 31 1104 1295 1289 2020
9278 4 2 2 31 433 399 436 1850
9279 4 2 2 31 1424 1122 1457 1916
9280 4 2 2 31 1863 1938 1624 2005
9281 4 2 2 31 1289 1295 1290 1724
9282 4 2 2 31 377 474 517 1953
9283 4 2 2 31 824 815 813 1899
9284 4 2 2 31 1734 1913 1635 2057
9285 4 2 2 31 764 763 726 1864
9286 4 2 2 31 861 1006 92 1806
9287 4 2 2 31 1508 1480 1701 2043
9288 4 2 2 31 1119 1382 1120 1797
9289 4 2 2 31 1006 863 91 1835
9290 4 2 2 31 198 788 743 920
9291 4 2 2 31 938 849 976 2015
9292 4 2 2 31 818 250 960 809
9293 4 2 2 31 769 219 716 1922
9294 4 2 2 31 1025 949 910 1749
9295 4 2 2 31 983 912 905 1955
9296 4 2 2 31 994 1853 996 2044
9297 4 2 2 31 1398 1116 1891 2007
9298 4 2 2 31 1187 1357 1170 1861
9299 4 2 2 31 958 901 936 1888
9300 4 2 2 31 1485 1432 1550 1876
9301 4 2 2 31 1299 1382 1760 1967
9302 4 2 2 31 1155 1402 1331 1914
9303 4 2 2 31 1202 1232 1735 2042
9304 4 2 2 31 103 104 938 2015
9305 4 2 2 31 1250 1740 1296 2071
9306 4 2 2 31 1691 1982 1781 2034
9307 4 2 2 31 1385 1354 1260 1892
9308 4 2 2 31 1421 1099 1346 1905
9309 4 2 2 31 99 455 1769 2048
9310 4 2 2 31 1050 303 1094 1032
9311 4 2 2 31 1277 1258 1278 2016
9312 4 2 2 31 1170 1357 1320 1861
9313 4 2 2 31 360 509 1792 2027
9314 4 2 2 31 1610 1801 1917 1951
9315 4 2 2 31 763 762 192 933
9316 4 2 2 31 316 1102 1298 1930
9317 4 2 2 31 1481 1512 1510 1825
9318 4 2 2 31 396 1728 2057 2072
9319 4 2 2 31 838 1433 798 1871
9320 4 2 2 31 1258 1229 1228 2075
9321 4 2 2 31 1350 1212 1165 1782
9322 4 2 2 31 381 380 375 1998
9323 4 2 2 31 755 793 714 1757
9324 4 2 2 31 1088 322 1369 1468
9325 4 2 2 31 1750 1815 1683 1983
9326 4 2 2 31 1834 1971 1636 2078
9327 4 2 2 31 39 360 509 1792
9328 4 2 2 31 197 727 788 882
9329 4 2 2 31 196 727 882 919
9330 4 2 2 31 1557 1180 1458 1872
9331 4 2 2 31 915 972 966 1926
9332 4 2 2 31 225 777 1337 1978
9333 4 2 2 31 1727 1875 1627 2054
9334 4 2 2 31 1208 1166 1176 1745
9335 4 2 2 31 462 374 425 2038
9336 4 2 2 31 752 212 1104 728
9337 4 2 2 31 1556 1580 1579 1855
9338 4 2 2 31 213 786 752 2020
9339 4 2 2 31 1575 1560 116 479
9340 4 2 2 31 1494 1475 1493 2060
9341 4 2 2 31 826 1882 802 2068
9342 4 2 2 31 444 1952 514 2004
9343 4 2 2 31 1261 1378 1262 1839
9344 4 2 2 31 826 823 1882 2068
9345 4 2 2 31 1470 1744 1109 2016
9346 4 2 2 31 461 1781 423 2080
9347 4 2 2 31 1513 1512 1481 1825
9348 4 2 2 31 1459 1456 1184 1855
9349 4 2 2 31 1828 1866 1652 2068
9350 4 2 2 31 1361 1147 1359 1986
9351 4 2 2 31 1622 1746 1734 2022
9352 4 2 2 31 750 182 1008 783
9353 4 2 2 31 423 1909 484 2080
9354 4 2 2 31 418 414 421 1912
9355 4 2 2 31 989 1920 854 2000
9356 4 2 2 31 406 408 1772 2046
9357 4 2 2 31 843 904 1929 2028
9358 4 2 2 31 1370 1453 1544 1950
9359 4 2 2 31 10 1814 846 1918
9360 4 2 2 31 916 1026 895 1904
9361 4 2 2 31 1465 1145 1332 2005
9362 4 2 2 31 1144 1147 1361 1994
9363 4 2 2 31 1400 1368 1316 1716
9364 4 2 2 31 813 1113 1899 2036
9365 4 2 2 31 832 825 829 1948
9366 4 2 2 31 1128 1130 1172 1903
9367 4 2 2 31 345 1243 1180 1557
9368 4 2 2 31 88 898 1010 1918
9369 4 2 2 31 450 1752 380 2069
9370 4 2 2 31 1123 1849 1185 2053
9371 4 2 2 31 752 1764 1104 2020
9372 4 2 2 31 1337 1236 1978 2079
9373 4 2 2 31 1353 1378 1261 2018
9374 4 2 2 31 1401 1290 1724 2067
9375 4 2 2 31 374 1741 425 2038
9376 4 2 2 31 982 852 1879 1961
9377 4 2 2 31 1268 1247 1894 1950
9378 4 2 2 31 408 429 463 1767
9379 4 2 2 31 357 484 1836 2080
9380 4 2 2 31 475 403 405 1968
9381 4 2 2 31 1503 1496 1498 1808
9382 4 2 2 31 1050 1038 1235 304
9383 4 2 2 31 1777 1952 1606 2059
9384 4 2 2 31 928 884 991 1794
9385 4 2 2 31 1349 1160 1364 1852
9386 4 2 2 31 243 1282 824 1113
9387 4 2 2 31 1055 9 108 1027
9388 4 2 2 31 1422 211 1106 756
9389 4 2 2 31 492 13 432 350
9390 4 2 2 31 1480 1508 1011 272
9391 4 2 2 31 1743 1998 1752 2069
9392 4 2 2 31 1273 1232 1275 2042
9393 4 2 2 31 1606 1912 1729 1952
9394 4 2 2 31 1360 1762 1975 2032
9395 4 2 2 31 1301 1412 1300 1846
9396 4 2 2 31 1787 1789 1605 2041
9397 4 2 2 31 1438 1225 1223 1759
9398 4 2 2 31 1351 1174 1183 1785
9399 4 2 2 31 412 413 444 1729
9400 4 2 2 31 1571 1557 1588 1851
9401 4 2 2 31 840 1432 810 1876
9402 4 2 2 31 1204 1173 1977 2071
9403 4 2 2 31 1964 2010 1746 2037
9404 4 2 2 31 1382 1240 1760 1967
9405 4 2 2 31 1194 1413 1192 1901
9406 4 2 2 31 1048 1049 1075 2059
9407 4 2 2 31 873 179 748 1895
9408 4 2 2 31 880 1822 980 1961
9409 4 2 2 31 732 737 738 1936
9410 4 2 2 31 464 483 377 1953
9411 4 2 2 31 826 1182 238 802
9412 4 2 2 31 765 764 726 1864
9413 4 2 2 31 1556 1459 343 1580
9414 4 2 2 31 359 47 524 1925
9415 4 2 2 31 1377 1299 1102 1930
9416 4 2 2 31 351 1057 75 1029
9417 4 2 2 31 316 1483 1102 1930
9418 4 2 2 31 1404 1091 1278 1725
9419 4 2 2 31 1269 1272 1226 1964
9420 4 2 2 31 514 444 419 1952
9421 4 2 2 31 1443 1115 1252 1733
9422 4 2 2 31 1399 1432 1485 1876
9423 4 2 2 31 1103 1181 1114 1844
9424 4 2 2 31 1643 1921 1774 2062
9425 4 2 2 31 1774 1921 924 2062
9426 4 2 2 31 1257 1364 1255 1870
9427 4 2 2 31 98 97 358 2048
9428 4 2 2 31 1316 1257 1346 2024
9429 4 2 2 31 1639 1711 1963 2063
9430 4 2 2 31 1195 1372 1198 1773
9431 4 2 2 31 462 1934 370 2038
9432 4 2 2 31 1543 1537 1502 1837
9433 4 2 2 31 1115 1443 1389 1697
9434 4 2 2 31 1511 1507 1509 1931
9435 4 2 2 31 1236 1336 1337 1978
9436 4 2 2 31 1627 1849 1715 2023
9437 4 2 2 31 1929 1935 1667 1990
9438 4 2 2 31 1199 1198 1200 1898
9439 4 2 2 31 981 979 925 1837
9440 4 2 2 31 1140 1958 1142 1989
9441 4 2 2 31 850 36 940 1770
9442 4 2 2 31 1540 1435 1381 1865
9443 4 2 2 31 316 1298 1511 1930
9444 4 2 2 31 950 250 960 818
9445 4 2 2 31 1411 1348 1271 2035
9446 4 2 2 31 1116 1565 337 1096
9447 4 2 2 31 1610 1951 1782 2030
9448 4 2 2 31 1340 1398 1188 2007
9449 4 2 2 31 1290 2006 1724 2067
9450 4 2 2 31 1492 332 1091 1277
9451 4 2 2 31 301 1393 1060 1301
9452 4 2 2 31 1527 1525 1468 1893
9453 4 2 2 31 1700 1971 1636 2021
9454 4 2 2 31 1245 1268 1247 1894
9455 4 2 2 31 965 900 1011 1701
9456 4 2 2 31 996 994 932 1853
9457 4 2 2 31 1146 1144 1143 1817
9458 4 2 2 31 825 817 805 1786
9459 4 2 2 31 1387 1760 1240 2025
9460 4 2 2 31 971 847 1823 2041
9461 4 2 2 31 370 530 1555 1934
9462 4 2 2 31 1321 240 1244 1948
9463 4 2 2 31 1565 1096 1116 1891
9464 4 2 2 31 351 75 1057 464
9465 4 2 2 31 260 1013 837 961
9466 4 2 2 31 302 1393 1032 1060
9467 4 2 2 31 1192 1191 1193 1901
9468 4 2 2 31 1544 1453 1466 1950
9469 4 2 2 31 84 85 985 1911
9470 4 2 2 31 50 442 51 2054
9471 4 2 2 31 1059 1068 1066 1789
9472 4 2 2 31 1002 927 889 2031
9473 4 2 2 31 1233 834 235 1947
9474 4 2 2 31 1167 1129 1328 1779
9475 4 2 2 31 485 513 354 2055
9476 4 2 2 31 724 199 743 880
9477 4 2 2 31 1492 1493 1491 2016
9478 4 2 2 31 526 448 466 1726
9479 4 2 2 31 1243 1410 1423 1851
9480 4 2 2 31 334 1109 1470 1381
9481 4 2 2 31 1440 1556 1111 342
9482 4 2 2 31 752 751 1764 2020
9483 4 2 2 31 95 94 353 1813
9484 4 2 2 31 1461 810 1432 1876
9485 4 2 2 31 865 1024 950 2002
9486 4 2 2 31 972 1926 915 2029
9487 4 2 2 31 1027 1058 1021 1793
9488 4 2 2 31 1558 1573 1572 1854
9489 4 2 2 31 1455 1253 1181 1987
9490 4 2 2 31 1253 1765 1181 1987
9491 4 2 2 31 485 354 1775 2055
9492 4 2 2 31 1571 1588 1581 1851
9493 4 2 2 31 1048 1076 1047 2059
9494 4 2 2 31 1030 465 73 1056
9495 4 2 2 31 756 1422 211 728
9496 4 2 2 31 1067 1058 1065 1793
9497 4 2 2 31 1100 1503 1496 311
9498 4 2 2 31 980 1961 1822 2061
9499 4 2 2 31 911 867 912 1825
9500 4 2 2 31 834 803 235 1947
9501 4 2 2 31 777 760 757 1755
9502 4 2 2 31 1214 1213 1212 2011
9503 4 2 2 31 846 964 900 1814
9504 4 2 2 31 824 817 815 1899
9505 4 2 2 31 936 1010 874 1888
9506 4 2 2 31 727 196 784 919
9507 4 2 2 31 1603 1959 1724 2012
9508 4 2 2 31 879 979 976 1999
9509 4 2 2 31 179 873 917 1895
9510 4 2 2 31 895 1900 7 1904
9511 4 2 2 31 983 90 863 1955
9512 4 2 2 31 370 530 113 1555
9513 4 2 2 31 438 389 439 1873
9514 4 2 2 31 1605 1789 1694 2041
9515 4 2 2 31 1345 1135 1145 1863
9516 4 2 2 31 733 1433 1379 1871
9517 4 2 2 31 971 967 847 2041
9518 4 2 2 31 1235 1865 1038 1941
9519 4 2 2 31 501 383 384 1884
9520 4 2 2 31 834 1233 1871 1947
9521 4 2 2 31 274 1510 1474 959
9522 4 2 2 31 807 83 82 254
9523 4 2 2 31 1380 1434 790 1840
9524 4 2 2 31 1391 1503 1100 311
9525 4 2 2 31 1341 1754 1231 2058
9526 4 2 2 31 1818 452 1924 2057
9527 4 2 2 31 240 829 1244 1948
9528 4 2 2 31 3 369 7 1993
9529 4 2 2 31 1349 1136 1138 1996
9530 4 2 2 31 1059 1028 1020 1789
9531 4 2 2 31 1253 1113 1280 1899
9532 4 2 2 31 530 415 112 1586
9533 4 2 2 31 1368 1349 1364 2051
9534 4 2 2 31 1038 1235 1435 1865
9535 4 2 2 31 1842 1641 1996 2051
9536 4 2 2 31 1437 1408 1371 1786
9537 4 2 2 31 1082 1385 1297 1907
9538 4 2 2 31 1150 1148 1165 2030
9539 4 2 2 31 1165 1175 1166 2030
9540 4 2 2 31 1232 1178 1202 1735
9541 4 2 2 31 1879 1961 852 2061
9542 4 2 2 31 1094 302 1393 1032
9543 4 2 2 31 228 1384 794 714
9544 4 2 2 31 43 858 941 1944
9545 4 2 2 31 908 907 1022 1803
9546 4 2 2 31 1466 1453 329 1086
9547 4 2 2 31 1059 1020 875 1789
9548 4 2 2 31 1058 876 1021 1793
9549 4 2 2 31 1510 1509 1474 1931
9550 4 2 2 31 340 1112 1558 1386
9551 4 2 2 31 767 785 768 1845
9552 4 2 2 31 1155 1330 1272 2065
9553 4 2 2 31 1278 1957 1248 2008
9554 4 2 2 31 840 1550 1432 1876
9555 4 2 2 31 1417 1100 1267 1808
9556 4 2 2 31 1560 1575 1574 1660
9557 4 2 2 31 1234 1353 1352 1946
9558 4 2 2 31 1583 2019 427 2070
9559 4 2 2 31 1140 1343 1160 1989
9560 4 2 2 31 1147 1144 1146 1817
9561 4 2 2 31 81 909 1024 1828
9562 4 2 2 31 431 13 492 350
9563 4 2 2 31 99 98 455 2048
9564 4 2 2 31 952 750 1008 1820
9565 4 2 2 31 1022 868 951 1908
9566 4 2 2 31 1209 1248 1831 2008
9567 4 2 2 31 1172 1427 1317 1985
9568 4 2 2 31 1644 1939 1762 1975
9569 4 2 2 31 1559 1464 1089 1799
9570 4 2 2 31 316 1511 1483 1930
9571 4 2 2 31 379 1741 374 1998
9572 4 2 2 31 356 92 91 1890
9573 4 2 2 31 1233 1433 834 1871
9574 4 2 2 31 1181 1219 1114 1844
9575 4 2 2 31 420 491 528 1816
9576 4 2 2 31 1557 1458 1585 1872
9577 4 2 2 31 1677 1971 1700 2021
9578 4 2 2 31 1280 1249 1253 1765
9579 4 2 2 31 1569 428 495 1915
9580 4 2 2 31 1317 1409 1172 1985
9581 4 2 2 31 1222 1372 1428 1980
9582 4 2 2 31 1579 1581 1583 2019
9583 4 2 2 31 775 774 730 2006
9584 4 2 2 31 1603 1849 1854 2012
9585 4 2 2 31 1028 5 32 1054
9586 4 2 2 31 1239 1697 1443 2025
9587 4 2 2 31 1603 1854 1735 2012
9588 4 2 2 31 99 455 363 1769
9589 4 2 2 31 110 1929 903 1990
9590 4 2 2 31 1388 1243 1571 1851
9591 4 2 2 31 1111 1556 1459 343
9592 4 2 2 31 930 1535 1867 2031
9593 4 2 2 31 365 449 34 1974
9594 4 2 2 31 1258 1228 1451 1957
9595 4 2 2 31 1642 1689 1973 2064
9596 4 2 2 31 1256 1421 1257 1870
9597 4 2 2 31 1389 1697 1239 1945
9598 4 2 2 31 1300 1250 1204 2071
9599 4 2 2 31 939 95 96 1889
9600 4 2 2 31 1164 1177 1355 2033
9601 4 2 2 31 1790 1986 1618 1994
9602 4 2 2 31 754 724 741 1791
9603 4 2 2 31 1642 1918 1689 2064
9604 4 2 2 31 1862 2009 1921 2062
9605 4 2 2 31 1313 1312 1303 1922
9606 4 2 2 31 7 471 78 1904
9607 4 2 2 31 1296 1250 1297 1740
9608 4 2 2 31 1407 1273 1106 1804
9609 4 2 2 31 1239 1945 1697 2025
9610 4 2 2 31 393 486 460 1819
9611 4 2 2 31 886 995 933 1826
9612 4 2 2 31 881 986 981 1995
9613 4 2 2 31 926 927 1000 1737
9614 4 2 2 31 772 722 773 1796
9615 4 2 2 31 1014 1789 955 2041
9616 4 2 2 31 1453 1370 1544 330
9617 4 2 2 31 1470 333 1492 2016
9618 4 2 2 31 1335 1383 1847 2013
9619 4 2 2 31 1230 1382 1377 1967
9620 4 2 2 31 406 405 404 1968
9621 4 2 2 31 1036 308 1078 1542
9622 4 2 2 31 1482 1506 1507 2043
9623 4 2 2 31 481 492 378 1902
9624 4 2 2 31 74 465 1029 1056
9625 4 2 2 31 1237 1975 1711 2032
9626 4 2 2 31 105 1832 106 2014
9627 4 2 2 31 50 864 49 1862
9628 4 2 2 31 1185 1849 1392 2067
9629 4 2 2 31 1419 1231 1333 1997
9630 4 2 2 31 388 386 461 1781
9631 4 2 2 31 1184 1580 1855 2073
9632 4 2 2 31 505 351 465 1777
9633 4 2 2 31 505 500 419 1952
9634 4 2 2 31 1736 1390 1964 2010
9635 4 2 2 31 3 845 969 1900
9636 4 2 2 31 1252 1733 1460 1972
9637 4 2 2 31 1203 1205 1204 1977
9638 4 2 2 31 1483 1512 1534 1824
9639 4 2 2 31 1613 1732 1970 2050
9640 4 2 2 31 951 913 999 1796
9641 4 2 2 31 1157 1156 1153 1883
9642 4 2 2 31 1204 1977 1778 2071
9643 4 2 2 31 877 2029 1501 2060
9644 4 2 2 31 1549 1078 308 1542
9645 4 2 2 31 1566 1559 1587 1799
9646 4 2 2 31 371 370 1934 2038
9647 4 2 2 31 818 819 809 2002
9648 4 2 2 31 1290 1295 1401 1724
9649 4 2 2 31 1617 1961 1879 2061
9650 4 2 2 31 1755 1978 1654 2079
9651 4 2 2 31 1240 1299 1382 1760
9652 4 2 2 31 177 1012 795 789
9653 4 2 2 31 1326 1153 1154 2052
9654 4 2 2 31 84 487 531 2045
9655 4 2 2 31 1266 1938 1465 2005
9656 4 2 2 31 393 460 390 1819
9657 4 2 2 31 1154 1151 1322 2052
9658 4 2 2 31 489 452 416 1818
9659 4 2 2 31 866 901 958 1821
9660 4 2 2 31 808 830 825 1911
9661 4 2 2 31 1324 1323 1182 1882
9662 4 2 2 31 1529 1467 1528 1880
9663 4 2 2 31 821 827 823 2068
9664 4 2 2 31 902 865 962 1943
9665 4 2 2 31 1276 1258 1109 2075
9666 4 2 2 31 1306 1092 1307 1805
9667 4 2 2 31 451 520 430 1881
9668 4 2 2 31 1152 1151 1153 2052
9669 4 2 2 31 1349 1996 1852 2051
9670 4 2 2 31 1469 1503 1500 1973
9671 4 2 2 31 1122 1121 1089 1807
9672 4 2 2 31 1498 1500 1503 1973
9673 4 2 2 31 1462 1115 27 348
9674 4 2 2 31 489 452 1818 2057
9675 4 2 2 31 1822 1961 1617 2061
9676 4 2 2 31 1406 1764 1275 2042
9677 4 2 2 31 1289 1290 1097 2006
9678 4 2 2 31 1173 1250 1296 2071
9679 4 2 2 31 1185 1392 1401 2067
9680 4 2 2 31 1269 1452 1390 1964
9681 4 2 2 31 489 1818 1913 2057
9682 4 2 2 31 1374 1191 1376 1705
9683 4 2 2 31 1217 1180 1408 1872
9684 4 2 2 31 1536 1538 1513 1867
9685 4 2 2 31 1247 1894 1950 2008
9686 4 2 2 31 1648 1953 1787 2074
9687 4 2 2 31 1230 1120 1382 1967
9688 4 2 2 31 1252 1445 1430 1972
9689 4 2 2 31 1457 1122 1089 1807
9690 4 2 2 31 428 496 87 1713
9691 4 2 2 31 1602 1959 1735 2042
9692 4 2 2 31 526 469 364 1843
9693 4 2 2 31 830 816 817 1911
9694 4 2 2 31 806 821 820 1828
9695 4 2 2 31 1523 1529 1528 1880
9696 4 2 2 31 1465 1344 1145 1938
9697 4 2 2 31 391 497 409 1788
9698 4 2 2 31 521 491 420 1816
9699 4 2 2 31 1586 112 530 1555
9700 4 2 2 31 1261 1262 1187 1839
9701 4 2 2 31 1306 1805 1373 1887
9702 4 2 2 31 853 101 948 1841
9703 4 2 2 31 504 472 445 1910
9704 4 2 2 31 1303 1302 1294 1784
9705 4 2 2 31 1410 1243 1388 1851
9706 4 2 2 31 1393 1301 1242 1846
9707 4 2 2 31 1045 1079 1031 1953
9708 4 2 2 31 1184 1388 1580 2073
9709 4 2 2 31 1001 922 921 1845
9710 4 2 2 31 869 1008 182 783
9711 4 2 2 31 1609 1736 1964 2037
9712 4 2 2 31 433 400 399 1850
9713 4 2 2 31 1372 1195 1196 1886
9714 4 2 2 31 3 7 1900 1993
9715 4 2 2 31 1116 1096 1118 1891
9716 4 2 2 31 1659 1950 1894 2008
9717 4 2 2 31 1423 1244 1408 1948
9718 4 2 2 31 1735 1896 1602 2042
9719 4 2 2 31 121 495 426 1589
9720 4 2 2 31 980 880 977 1822
9721 4 2 2 31 437 447 359 1925
9722 4 2 2 31 1399 1496 1485 310
9723 4 2 2 31 1265 1384 1414 1757
9724 4 2 2 31 1217 1458 1872 1987
9725 4 2 2 31 1473 1518 328 1949
9726 4 2 2 31 510 1798 367 2026
9727 4 2 2 31 1335 1383 1246 1847
9728 4 2 2 31 517 1031 77 377
9729 4 2 2 31 454 409 497 1960
9730 4 2 2 31 105 106 946 2014
9731 4 2 2 31 1179 1215 1177 1809
9732 4 2 2 31 438 439 353 1873
9733 4 2 2 31 1086 328 1518 1949
9734 4 2 2 31 1290 1291 1097 2006
9735 4 2 2 31 893 1019 293 1549
9736 4 2 2 31 84 985 256 808
9737 4 2 2 31 97 96 456 2078
9738 4 2 2 31 993 928 991 1794
9739 4 2 2 31 1209 1894 1247 2008
9740 4 2 2 31 747 746 729 1932
9741 4 2 2 31 916 902 873 1895
9742 4 2 2 31 359 447 448 1956
9743 4 2 2 31 1018 203 797 894
9744 4 2 2 31 425 374 379 1741
9745 4 2 2 31 1205 1977 1203 2032
9746 4 2 2 31 440 493 501 1884
9747 4 2 2 31 362 1584 114 518
9748 4 2 2 31 33 365 34 2074
9749 4 2 2 31 1654 1978 1739 2079
9750 4 2 2 31 848 1926 972 2014
9751 4 2 2 31 872 1013 961 1830
9752 4 2 2 31 100 853 945 1923
9753 4 2 2 31 728 752 751 1764
9754 4 2 2 31 1045 1031 1072 1953
9755 4 2 2 31 1197 1938 1266 2066
9756 4 2 2 31 950 960 962 2002
9757 4 2 2 31 1087 1395 1337 1755
9758 4 2 2 31 1166 1322 1150 2030
9759 4 2 2 31 51 1023 978 1710
9760 4 2 2 31 1377 1102 1304 1824
9761 4 2 2 31 998 931 891 1867
9762 4 2 2 31 1734 2057 1728 2072
9763 4 2 2 31 1338 1436 1087 2050
9764 4 2 2 31 525 489 416 1818
9765 4 2 2 31 1569 1568 1561 1713
9766 4 2 2 31 1651 1925 1811 2017
9767 4 2 2 31 1321 804 240 1948
9768 4 2 2 31 813 810 244 1461
9769 4 2 2 31 410 504 445 1910
9770 4 2 2 31 911 912 998 1825
9771 4 2 2 31 865 950 962 2002
9772 4 2 2 31 1623 1982 1819 2077
9773 4 2 2 31 796 233 1434 790
9774 4 2 2 31 335 1540 1548 1435
9775 4 2 2 31 515 395 435 1734
9776 4 2 2 31 1473 328 1375 1949
9777 4 2 2 31 382 384 383 2069
9778 4 2 2 31 1811 1925 1909 2017
9779 4 2 2 31 1665 1959 1764 2020
9780 4 2 2 31 502 448 526 1956
9781 4 2 2 31 830 256 985 808
9782 4 2 2 31 801 815 816 1749
9783 4 2 2 31 1622 2022 1734 2072
9784 4 2 2 31 96 97 857 1776
9785 4 2 2 31 934 289 879 1999
9786 4 2 2 31 1008 970 897 1820
9787 4 2 2 31 1589 121 495 1569
9788 4 2 2 31 974 976 849 1766
9789 4 2 2 31 29 969 906 1812
9790 4 2 2 31 1406 1104 1275 1764
9791 4 2 2 31 1122 1121 1807 2053
9792 4 2 2 31 1095 1403 1439 1800
9793 4 2 2 31 1328 1419 1167 2058
9794 4 2 2 31 41 856 944 1966
9795 4 2 2 31 1011 1508 870 272
9796 4 2 2 31 43 453 454 1960
9797 4 2 2 31 1001 888 997 1864
9798 4 2 2 31 1184 1324 1388 2073
9799 4 2 2 31 1006 861 931 1806
9800 4 2 2 31 1184 1388 344 1580
9801 4 2 2 31 1106 1283 1407 1932
9802 4 2 2 31 79 902 78 1943
9803 4 2 2 31 374 371 373 2038
9804 4 2 2 31 1284 1407 1283 1932
9805 4 2 2 31 449 355 35 1954
9806 4 2 2 31 1021 264 1058 1027
9807 4 2 2 31 773 722 774 1796
9808 4 2 2 31 1383 1270 1214 2011
9809 4 2 2 31 490 2019 81 2070
9810 4 2 2 31 1593 347 1114 1103
9811 4 2 2 31 41 944 40 1859
9812 4 2 2 31 490 119 424 2019
9813 4 2 2 31 406 407 408 2046
9814 4 2 2 31 1400 1442 1168 1877
9815 4 2 2 31 531 495 85 1915
9816 4 2 2 31 1547 1539 1488 1830
9817 4 2 2 31 1362 1085 1335 1860
9818 4 2 2 31 1343 1140 1142 1989
9819 4 2 2 31 1394 1242 1227 2003
9820 4 2 2 31 1021 108 9 1027
9821 4 2 2 31 1411 1271 1086 1949
9822 4 2 2 31 487 83 529 2056
9823 4 2 2 31 234 1433 838 834
9824 4 2 2 31 1461 1432 1281 1876
9825 4 2 2 31 839 1012 249 809
9826 4 2 2 31 969 970 906 1812
9827 4 2 2 31 837 833 260 961
9828 4 2 2 31 1508 1506 1480 2043
9829 4 2 2 31 920 880 980 1961
9830 4 2 2 31 1508 1474 870 273
9831 4 2 2 31 380 1752 379 1998
9832 4 2 2 31 487 2045 84 2056
9833 4 2 2 31 923 1003 924 1774
9834 4 2 2 31 271 965 1533 968
9835 4 2 2 31 852 1961 980 2061
9836 4 2 2 31 1086 1375 328 1949
9837 4 2 2 31 90 89 367 2026
9838 4 2 2 31 1358 1172 1409 1747
9839 4 2 2 31 1367 1221 1365 1815
9840 4 2 2 31 798 1433 207 733
9841 4 2 2 31 811 833 837 1830
9842 4 2 2 31 1811 1909 1669 2017
9843 4 2 2 31 401 416 452 1924
9844 4 2 2 31 862 924 1003 1921
9845 4 2 2 31 1028 1059 1020 263
9846 4 2 2 31 1109 333 1470 2016
9847 4 2 2 31 490 427 2019 2070
9848 4 2 2 31 1190 1340 1188 1753
9849 4 2 2 31 523 1974 365 2074
9850 4 2 2 31 1419 1341 1231 2058
9851 4 2 2 31 1035 1049 1048 2059
9852 4 2 2 31 1012 177 871 789
9853 4 2 2 31 517 77 1031 1054
9854 4 2 2 31 829 240 804 1948
9855 4 2 2 31 1013 267 1547 872
9856 4 2 2 31 1240 1387 1299 1760
9857 4 2 2 31 843 903 110 1929
9858 4 2 2 31 777 766 760 1978
9859 4 2 2 31 1399 1281 1432 1876
9860 4 2 2 31 1204 1173 1203 1977
9861 4 2 2 31 114 1554 441 518
9862 4 2 2 31 329 1518 1466 1086
9863 4 2 2 31 1453 1544 1466 330
9864 4 2 2 31 253 82 807 1962
9865 4 2 2 31 1360 1975 1237 2032
9866 4 2 2 31 1736 2010 1964 2037
9867 4 2 2 31 1399 1100 1496 310
9868 4 2 2 31 807 827 253 1962
9869 4 2 2 31 720 778 766 1978
9870 4 2 2 31 430 429 407 2046
9871 4 2 2 31 994 885 1853 2040
9872 4 2 2 31 1117 1464 1116 2007
9873 4 2 2 31 868 1022 963 1908
9874 4 2 2 31 488 94 93 1858
9875 4 2 2 31 1316 1314 1315 2024
9876 4 2 2 31 1350 1146 1159 2010
9877 4 2 2 31 1412 1446 1082 1907
9878 4 2 2 31 1291 1293 1292 1833
9879 4 2 2 31 1571 1580 1388 2073
9880 4 2 2 31 1572 1577 1559 1807
9881 4 2 2 31 1241 1239 1443 2025
9882 4 2 2 31 424 1553 120 2045
9883 4 2 2 31 755 742 743 1976
9884 4 2 2 31 383 450 380 2069
9885 4 2 2 31 104 105 849 2015
9886 4 2 2 31 1196 1193 1374 1887
9887 4 2 2 31 786 781 753 2020
9888 4 2 2 31 1386 1431 1112 1854
9889 4 2 2 31 1440 1582 1556 342
9890 4 2 2 31 1264 1420 1463 1897
9891 4 2 2 31 1422 1275 1104 1764
9892 4 2 2 31 1797 1891 1688 2047
9893 4 2 2 31 1248 1327 1209 1831
9894 4 2 2 31 1390 1212 1350 2010
9895 4 2 2 31 997 933 995 1826
9896 4 2 2 31 827 984 253 1962
9897 4 2 2 31 1724 1959 1665 2020
9898 4 2 2 31 426 1589 1915 2045
9899 4 2 2 31 1048 1777 1076 2059
9900 4 2 2 31 410 406 408 1772
9901 4 2 2 31 106 1919 848 2014
9902 4 2 2 31 1116 1118 1398 1891
9903 4 2 2 31 819 803 834 1947
9904 4 2 2 31 1360 1356 1237 1975
9905 4 2 2 31 1286 1201 1418 1869
9906 4 2 2 31 819 818 820 2002
9907 4 2 2 31 499 1583 118 427
9908 4 2 2 31 1028 32 5 1020
9909 4 2 2 31 1222 1200 1198 1898
9910 4 2 2 31 484 423 437 1909
9911 4 2 2 31 1120 1118 1119 1797
9912 4 2 2 31 1253 1249 1181 1765
9913 4 2 2 31 1565 1891 1564 1945
9914 4 2 2 31 1474 1931 1507 2043
9915 4 2 2 31 1337 1395 1236 2079
9916 4 2 2 31 982 980 852 1961
9917 4 2 2 31 1524 1468 1522 1827
9918 4 2 2 31 253 984 82 1962
9919 4 2 2 31 491 112 415 1586
9920 4 2 2 31 1278 1451 1248 1957
9921 4 2 2 31 255 84 808 2056
9922 4 2 2 31 1485 1550 1432 309
9923 4 2 2 31 1735 1959 1603 2012
9924 4 2 2 31 852 38 942 1879
9925 4 2 2 31 781 774 776 1908
9926 4 2 2 31 1373 1886 1196 1887
9927 4 2 2 31 474 377 483 1953
9928 4 2 2 31 1573 1575 1554 1727
9929 4 2 2 31 252 827 806 909
9930 4 2 2 31 1021 264 876 1058
9931 4 2 2 31 735 790 796 1840
9932 4 2 2 31 1020 1059 875 263
9933 4 2 2 31 991 944 856 1966
9934 4 2 2 31 248 1488 811 1547
9935 4 2 2 31 746 748 719 1895
9936 4 2 2 31 1472 1538 1546 1805
9937 4 2 2 31 442 364 469 1843
9938 4 2 2 31 1492 333 1277 2016
9939 4 2 2 31 519 102 352 1801
9940 4 2 2 31 1535 1538 1536 1867
9941 4 2 2 31 943 858 44 1969
9942 4 2 2 31 1039 1081 1062 1840
9943 4 2 2 31 1532 1467 1545 1860
9944 4 2 2 31 490 1962 81 2019
9945 4 2 2 31 1035 1048 1047 2059
9946 4 2 2 31 934 1475 289 1999
9947 4 2 2 31 750 952 181 717
9948 4 2 2 31 106 1832 1919 2014
9949 4 2 2 31 122 496 428 1591
9950 4 2 2 31 371 462 370 2038
9951 4 2 2 31 1760 1935 1604 2025
9952 4 2 2 31 466 373 469 1928
9953 4 2 2 31 756 747 729 1932
9954 4 2 2 31 1454 1390 1159 2010
9955 4 2 2 31 388 390 1982 2077
9956 4 2 2 31 1474 870 273 959
9957 4 2 2 31 1381 1276 1109 1744
9958 4 2 2 31 1335 1860 1334 2013
9959 4 2 2 31 1007 1921 48 2009
9960 4 2 2 31 852 942 982 1879
9961 4 2 2 31 952 953 181 717
9962 4 2 2 31 1460 1252 1115 1733
9963 4 2 2 31 1112 1202 1178 1735
9964 4 2 2 31 1273 1275 1106 1804
9965 4 2 2 31 1746 2022 1622 2065
9966 4 2 2 31 1583 1553 119 2019
9967 4 2 2 31 10 12 846 1814
9968 4 2 2 31 99 100 945 1923
9969 4 2 2 31 1038 1073 1435 305
9970 4 2 2 31 1590 1566 1565 1891
9971 4 2 2 31 1909 1925 1619 2017
9972 4 2 2 31 1144 1361 1158 1994
9973 4 2 2 31 1479 1515 1514 1995
9974 4 2 2 31 937 35 850 2039
9975 4 2 2 31 1515 1479 1543 1995
9976 4 2 2 31 531 426 495 1915
9977 4 2 2 31 486 358 456 1834
9978 4 2 2 31 1163 1169 1162 1885
9979 4 2 2 31 422 506 449 1974
9980 4 2 2 31 908 844 907 1803
9981 4 2 2 31 1563 349 1562 1992
9982 4 2 2 31 1309 1886 1373 1893
9983 4 2 2 31 1544 1466 1502 1950
9984 4 2 2 31 48 1956 502 2009
9985 4 2 2 31 1123 1185 1386 2053
9986 4 2 2 31 1579 1580 1581 2073
9987 4 2 2 31 800 790 735 1840
9988 4 2 2 31 357 423 484 2080
9989 4 2 2 31 360 433 509 2027
9990 4 2 2 31 1074 1039 1062 1840
9991 4 2 2 31 823 827 807 1962
9992 4 2 2 31 1425 1107 1325 1866
9993 4 2 2 31 118 1578 499 434
9994 4 2 2 31 1279 1235 1426 1941
9995 4 2 2 31 1103 1458 1455 1987
9996 4 2 2 31 1642 1973 1972 2064
9997 4 2 2 31 1231 1341 1340 1754
9998 4 2 2 31 1571 344 1388 1580
9999 4 2 2 31 1570 1597 1568 1915
10000 4 2 2 31 1520 1529 1531 1853
10001 4 2 2 31 768 769 716 1922
10002 4 2 2 31 1351 1347 1179 2001
10003 4 2 2 31 1548 1540 1487 1865
10004 4 2 2 31 1635 1746 2010 2037
10005 4 2 2 31 1130 1128 1129 1903
10006 4 2 2 31 737 739 738 1936
10007 4 2 2 31 1180 1458 346 1557
10008 4 2 2 31 851 948 102 1991
10009 4 2 2 31 1849 2023 1627 2053
10010 4 2 2 31 1389 1096 1592 1945
10011 4 2 2 31 1064 1077 957 261
10012 4 2 2 31 1396 1241 1441 1857
10013 4 2 2 31 1156 1164 1355 2033
10014 4 2 2 31 1217 1455 1458 1987
10015 4 2 2 31 489 1913 435 2057
10016 4 2 2 31 837 248 811 1547
10017 4 2 2 31 1266 1197 1344 1938
10018 4 2 2 31 735 796 204 1062
10019 4 2 2 31 1061 1487 1548 306
10020 4 2 2 31 1353 1380 1110 2018
10021 4 2 2 31 1432 1399 1485 309
10022 4 2 2 31 1286 1418 1284 1869
10023 4 2 2 31 1428 1827 1251 1980
10024 4 2 2 31 1539 1552 1488 1830
10025 4 2 2 31 1635 1913 1818 2057
10026 4 2 2 31 1312 1313 1084 1922
10027 4 2 2 31 971 847 937 1823
10028 4 2 2 31 990 988 883 1856
10029 4 2 2 31 106 105 443 1832
10030 4 2 2 31 1117 1089 1464 1799
10031 4 2 2 31 1155 1141 1914 2065
10032 4 2 2 31 1233 1287 1285 1947
10033 4 2 2 31 518 498 372 1875
10034 4 2 2 31 965 1533 1480 271
10035 4 2 2 31 1559 338 1464 1590
10036 4 2 2 31 1359 1147 1149 1986
10037 4 2 2 31 1454 1269 1390 1964
10038 4 2 2 31 876 1015 954 1793
10039 4 2 2 31 1724 2006 1655 2067
10040 4 2 2 31 875 955 1014 1789
10041 4 2 2 31 367 510 425 1798
10042 4 2 2 31 1217 1458 1180 1872
10043 4 2 2 31 736 795 176 835
10044 4 2 2 31 1501 2029 1491 2060
10045 4 2 2 31 1591 428 122 1569
10046 4 2 2 31 960 249 1012 809
10047 4 2 2 31 936 901 1010 1888
10048 4 2 2 31 414 418 413 1912
10049 4 2 2 31 1492 1491 1470 2016
10050 4 2 2 31 1255 1256 1257 1870
10051 4 2 2 31 1629 2026 1798 2047
10052 4 2 2 31 289 1495 879 1999
10053 4 2 2 31 375 379 374 1998
10054 4 2 2 31 174 838 791 812
10055 4 2 2 31 1034 1045 1044 1892
10056 4 2 2 31 1050 1051 1052 1941
10057 4 2 2 31 1073 1061 1038 1865
10058 4 2 2 31 3 477 369 1993
10059 4 2 2 31 1176 1348 1245 2035
10060 4 2 2 31 1088 1428 1309 1893
10061 4 2 2 31 1474 1507 1508 2043
10062 4 2 2 31 1189 1120 1230 2049
10063 4 2 2 31 1410 1324 1182 1882
10064 4 2 2 31 1585 346 1458 1557
10065 4 2 2 31 1077 1018 957 261
10066 4 2 2 31 106 107 848 1919
10067 4 2 2 31 828 831 832 2056
10068 4 2 2 31 1594 432 13 350
10069 4 2 2 31 1379 207 1433 733
10070 4 2 2 31 964 846 12 1814
10071 4 2 2 31 45 357 484 1836
10072 4 2 2 31 379 380 450 1752
10073 4 2 2 31 293 893 1549 1484
10074 4 2 2 31 45 943 44 1969
10075 4 2 2 31 108 1021 954 1793
10076 4 2 2 31 252 984 827 909
10077 4 2 2 31 1340 1754 1341 2007
10078 4 2 2 31 1140 1141 1142 1958
10079 4 2 2 31 203 732 797 894
10080 4 2 2 31 1332 1133 1131 1848
10081 4 2 2 31 1216 1236 1220 2079
10082 4 2 2 31 1027 1065 1058 1793
10083 4 2 2 31 983 863 912 1955
10084 4 2 2 31 1045 1034 1046 1892
10085 4 2 2 31 493 488 457 1763
10086 4 2 2 31 811 842 833 1830
10087 4 2 2 31 812 841 834 1871
10088 4 2 2 31 246 836 1541 1550
10089 4 2 2 31 730 774 781 2006
10090 4 2 2 31 1035 1446 301 1301
10091 4 2 2 31 90 91 863 1835
10092 4 2 2 31 830 817 825 1911
10093 4 2 2 31 1251 1428 1369 1827
10094 4 2 2 31 1061 1080 1038 1865
10095 4 2 2 31 109 110 903 1990
10096 4 2 2 31 857 2040 994 2044
10097 4 2 2 31 721 781 776 1908
10098 4 2 2 31 994 2040 1853 2044
10099 4 2 2 31 955 1020 32 1789
10100 4 2 2 31 1433 234 1233 834
10101 4 2 2 31 467 367 425 1798
10102 4 2 2 31 1852 1996 1641 2051
10103 4 2 2 31 812 834 838 1871
10104 4 2 2 31 267 1539 1547 872
10105 4 2 2 31 1447 1347 1414 2001
10106 4 2 2 31 786 730 781 2006
10107 4 2 2 31 931 930 891 1867
10108 4 2 2 31 1552 1485 1541 1876
10109 4 2 2 31 1307 1373 1306 1805
10110 4 2 2 31 1518 1473 1515 1949
10111 4 2 2 31 1059 1066 1028 1789
10112 4 2 2 31 458 363 489 1913
10113 4 2 2 31 1550 246 836 840
10114 4 2 2 31 922 890 921 1845
10115 4 2 2 31 733 799 791 1871
10116 4 2 2 31 994 857 947 2040
10117 4 2 2 31 843 1017 905 2028
10118 4 2 2 31 340 1572 1121 1386
10119 4 2 2 31 794 755 714 1976
10120 4 2 2 31 1040 1042 1041 1946
10121 4 2 2 31 1305 1377 1304 1824
10122 4 2 2 31 428 495 121 1569
10123 4 2 2 31 881 929 986 1995
10124 4 2 2 31 1253 1437 1282 1899
10125 4 2 2 31 972 848 966 1926
10126 4 2 2 31 836 810 842 1876
10127 4 2 2 31 33 847 955 2041
10128 4 2 2 31 1380 1434 233 790
10129 4 2 2 31 1394 1227 1229 2003
10130 4 2 2 31 10 846 898 1918
10131 4 2 2 31 808 831 255 2056
10132 4 2 2 31 1278 1248 1404 2008
10133 4 2 2 31 388 390 389 1982
10134 4 2 2 31 1511 1509 1483 1930
10135 4 2 2 31 1192 1193 1194 1901
10136 4 2 2 31 1115 1389 27 348
10137 4 2 2 31 994 885 932 1853
10138 4 2 2 31 512 115 1554 441
10139 4 2 2 31 1240 1119 1239 2025
10140 4 2 2 31 107 106 366 1919
10141 4 2 2 31 1239 1119 1096 1945
10142 4 2 2 31 848 972 946 2014
10143 4 2 2 31 733 791 798 1871
10144 4 2 2 31 838 798 174 791
10145 4 2 2 31 1548 1073 1061 306
10146 4 2 2 31 796 1074 204 1062
10147 4 2 2 31 1563 1564 1586 1816
10148 4 2 2 31 244 1113 813 1461
10149 4 2 2 31 1381 1435 1235 1865
10150 4 2 2 31 432 480 492 1902
10151 4 2 2 31 1360 1205 1203 2032
10152 4 2 2 31 1640 1853 2040 2044
10153 4 2 2 31 1329 1346 1099 1905
10154 4 2 2 31 1697 1604 1935 2025
10155 4 2 2 31 1446 1082 1047 300
10156 4 2 2 31 1030 1055 72 516
10157 4 2 2 31 1540 1551 1487 1865
10158 4 2 2 31 795 839 176 835
10159 4 2 2 31 1435 335 1540 1381
10160 4 2 2 31 502 48 359 1956
10161 4 2 2 31 1383 1429 1270 2013
10162 4 2 2 31 1457 1089 1117 1799
10163 4 2 2 31 521 1586 491 1816
10164 4 2 2 31 1233 1379 1433 1871
10165 4 2 2 31 831 808 832 2056
10166 4 2 2 31 762 759 758 1970
10167 4 2 2 31 1282 1113 1253 1899
10168 4 2 2 31 1209 1247 1248 2008
10169 4 2 2 31 1697 1945 1604 2025
10170 4 2 2 31 394 395 393 2072
10171 4 2 2 31 934 879 976 1999
10172 4 2 2 31 1167 1333 1332 2005
10173 4 2 2 31 1333 1266 1465 2005
10174 4 2 2 31 1301 1300 1242 1846
10175 4 2 2 31 514 419 500 1952
10176 4 2 2 31 1389 1443 1239 1697
10177 4 2 2 31 1333 1231 1413 1997
10178 4 2 2 31 434 117 1578 511
10179 4 2 2 31 1256 1436 1338 2050
10180 4 2 2 31 1109 1277 333 2016
10181 4 2 2 31 1401 1295 1202 2012
10182 4 2 2 31 477 479 478 1993
10183 4 2 2 31 1541 1485 1550 1876
10184 4 2 2 31 1428 1088 1369 1827
10185 4 2 2 31 1109 1258 1277 2016
10186 4 2 2 31 1055 108 9 516
10187 4 2 2 31 771 764 779 1905
10188 4 2 2 31 1569 1589 1570 1915
10189 4 2 2 31 1380 1234 1434 1840
10190 4 2 2 31 1560 1578 117 511
10191 4 2 2 31 1424 1457 1342 1916
10192 4 2 2 31 490 81 427 2070
10193 4 2 2 31 388 391 390 2077
10194 4 2 2 31 441 498 518 1875
10195 4 2 2 31 469 373 372 1928
10196 4 2 2 31 1592 1096 1565 1945
10197 4 2 2 31 1420 1262 1311 1984
10198 4 2 2 31 1263 1440 1178 1896
10199 4 2 2 31 1138 1160 1349 1996
10200 4 2 2 31 1136 1349 1168 2051
10201 4 2 2 31 1047 1035 1446 300
10202 4 2 2 31 1204 1250 1173 2071
10203 4 2 2 31 989 919 987 1920
10204 4 2 2 31 479 116 1575 512
10205 4 2 2 31 1143 1142 1141 1958
10206 4 2 2 31 1416 1224 1330 2021
10207 4 2 2 31 994 992 885 2040
10208 4 2 2 31 1241 1443 1441 1857
10209 4 2 2 31 363 435 489 1913
10210 4 2 2 31 1 417 28 1868
10211 4 2 2 31 496 122 431 1591
10212 4 2 2 31 1367 1158 1363 1906
10213 4 2 2 31 517 32 5 1054
10214 4 2 2 31 1219 1267 1445 1972
10215 4 2 2 31 902 917 873 1895
10216 4 2 2 31 255 83 84 2056
10217 4 2 2 31 521 1594 1586 1816
10218 4 2 2 31 1005 93 94 1858
10219 4 2 2 31 836 840 810 1876
10220 4 2 2 31 910 257 985 830
10221 4 2 2 31 752 753 751 2020
10222 4 2 2 31 758 725 762 1970
10223 4 2 2 31 291 1501 877 2029
10224 4 2 2 31 862 48 1007 1921
10225 4 2 2 31 1345 1415 1402 1979
10226 4 2 2 31 1209 1245 1247 1894
10227 4 2 2 31 1205 1207 1206 2063
10228 4 2 2 31 79 499 80 2070
10229 4 2 2 31 1040 1041 1039 1946
10230 4 2 2 31 1358 1444 1210 1937
10231 4 2 2 31 1475 1495 289 1999
10232 4 2 2 31 1263 1178 1232 1896
10233 4 2 2 31 973 964 903 1990
10234 4 2 2 31 1191 1189 1376 2049
10235 4 2 2 31 1378 1353 1110 2018
10236 4 2 2 31 78 895 7 1904
10237 4 2 2 31 511 478 1560 1993
10238 4 2 2 31 1051 1050 1038 1941
10239 4 2 2 31 257 910 816 830
10240 4 2 2 31 383 501 493 1884
10241 4 2 2 31 255 831 83 2056
10242 4 2 2 31 350 349 1563 1992
10243 4 2 2 31 1480 1011 965 272
10244 4 2 2 31 343 1459 1184 1580
10245 4 2 2 31 1589 1570 1915 2045
10246 4 2 2 31 1335 1334 1429 2013
10247 4 2 2 31 826 802 823 2068
10248 4 2 2 31 278 889 1477 2031
10249 4 2 2 31 1595 1564 1566 1891
10250 4 2 2 31 1444 1293 1210 1937
10251 4 2 2 31 901 866 87 1821
10252 4 2 2 31 1014 955 967 2041
10253 4 2 2 31 1389 1239 1096 1945
10254 4 2 2 31 1299 1298 1102 1930
10255 4 2 2 31 1141 1139 1155 1914
10256 4 2 2 31 1125 1123 1124 2023
10257 4 2 2 31 897 952 1008 1820
10258 4 2 2 31 1269 1454 1272 1964
10259 4 2 2 31 13 431 1591 350
10260 4 2 2 31 481 10 88 1918
10261 4 2 2 31 1096 336 1389 1592
10262 4 2 2 31 916 895 78 1904
10263 4 2 2 31 424 120 487 2045
10264 4 2 2 31 902 79 865 1943
10265 4 2 2 31 376 1030 72 516
10266 4 2 2 31 389 387 388 1982
10267 4 2 2 31 119 427 1583 2019
10268 4 2 2 31 1442 1134 1168 1877
10269 4 2 2 31 305 1435 1038 1235
10270 4 2 2 31 359 524 437 1925
10271 4 2 2 31 1122 1123 1121 2053
10272 4 2 2 31 1311 1262 1448 1984
10273 4 2 2 31 1290 1392 1291 2067
10274 4 2 2 31 915 1489 291 2029
10275 4 2 2 31 1185 1401 1431 2012
10276 4 2 2 31 520 468 430 1881
10277 4 2 2 31 877 915 291 2029
10278 4 2 2 31 1557 1585 1597 1872
10279 4 2 2 31 1401 1392 1290 2067
10280 4 2 2 31 995 941 858 1944
10281 4 2 2 31 1231 1192 1413 1997
10282 4 2 2 31 458 352 101 1917
10283 4 2 2 31 1117 1340 1341 2007
10284 4 2 2 31 1308 1088 1309 1893
10285 4 2 2 31 1076 1056 1029 1777
10286 4 2 2 31 1259 1187 1186 1874
10287 4 2 2 31 1008 952 182 750
10288 4 2 2 31 387 384 386 2034
10289 4 2 2 31 409 454 453 1960
10290 4 2 2 31 843 110 11 1929
10291 4 2 2 31 1456 1459 1201 1855
10292 4 2 2 31 119 490 427 2019
10293 4 2 2 31 1211 1420 1264 1897
10294 4 2 2 31 1219 1252 1460 1972
10295 4 2 2 31 523 422 365 1974
10296 4 2 2 31 1056 1076 1048 1777
10297 4 2 2 31 814 810 813 2036
10298 4 2 2 31 278 930 889 2031
10299 4 2 2 31 857 996 939 2044
10300 4 2 2 31 1554 1575 115 512
10301 4 2 2 31 1244 1423 1321 1948
10302 4 2 2 31 1581 1553 1583 2019
10303 4 2 2 31 1271 1449 1375 1949
10304 4 2 2 31 1585 347 1593 1103
10305 4 2 2 31 1489 1501 291 2029
10306 4 2 2 31 1398 1117 1116 2007
10307 4 2 2 31 1268 1453 1370 1950
10308 4 2 2 31 892 924 999 2062
10309 4 2 2 31 1162 1320 1161 1940
10310 4 2 2 31 278 1535 930 2031
10311 4 2 2 31 520 470 360 2027
10312 4 2 2 31 401 452 398 1924
10313 4 2 2 31 397 399 398 1988
10314 4 2 2 31 1475 1494 1495 1999
10315 4 2 2 31 1297 1412 1082 1907
10316 4 2 2 31 1268 1370 1247 1950
10317 4 2 2 31 378 492 480 1902
10318 4 2 2 31 849 938 104 2015
10319 4 2 2 31 1342 1341 1328 2058
10320 4 2 2 31 1181 1103 1455 1987
10321 4 2 2 31 46 524 47 1927
10322 4 2 2 31 1139 1402 1155 1914
10323 4 2 2 31 940 37 852 2061
10324 4 2 2 31 1086 1271 1375 1949
10325 4 2 2 31 1592 1565 1562 1945
10326 4 2 2 31 1501 1491 1493 2060
10327 4 2 2 31 1335 1085 1334 1860
10328 4 2 2 31 905 959 904 2028
10329 4 2 2 31 375 380 379 1998
10330 4 2 2 31 917 178 179 719
10331 4 2 2 31 386 384 385 2034
10332 4 2 2 31 1345 1402 1137 1979
10333 4 2 2 31 1169 1296 1186 1965
10334 4 2 2 31 426 487 120 2045
10335 4 2 2 31 408 407 429 2046
10336 4 2 2 31 42 354 453 2055
10337 4 2 2 31 1308 1309 1373 1893
10338 4 2 2 31 236 822 237 1107
10339 4 2 2 31 1587 1584 1555 1934
10340 4 2 2 31 1222 1251 1223 1980
10341 4 2 2 31 862 1007 924 1921
10342 4 2 2 31 106 848 946 2014
10343 4 2 2 31 1233 1405 1287 1947
10344 4 2 2 31 1316 1346 1314 2024
10345 4 2 2 31 1582 1440 1178 341
10346 4 2 2 31 405 403 404 1968
10347 4 2 2 31 47 1004 46 1927
10348 4 2 2 31 1594 111 521 1586
10349 4 2 2 31 804 832 829 1948
10350 4 2 2 31 278 1477 1535 2031
10351 4 2 2 31 491 521 111 1586
10352 4 2 2 31 1110 232 231 718
10353 4 2 2 31 1220 1236 1395 2079
10354 4 2 2 31 898 88 10 1918
10355 4 2 2 31 1360 1237 1205 2032
10356 4 2 2 31 1581 1580 1571 2073
10357 4 2 2 31 1339 324 1528 323
10358 4 2 2 31 1465 1266 1344 1938
10359 4 2 2 31 1356 1327 1237 1975
10360 4 2 2 31 1007 924 1921 2062
10361 4 2 2 31 1276 1279 1229 2075
10362 4 2 2 31 1155 1397 1141 2065
10363 4 2 2 31 473 366 514 2004
10364 4 2 2 31 392 390 391 2077
10365 4 2 2 31 523 365 474 2074
10366 4 2 2 31 336 1096 1565 1592
10367 4 2 2 31 1330 1331 1416 2021
10368 4 2 2 31 269 936 1471 268
10369 4 2 2 31 7 845 3 1900
10370 4 2 2 31 1155 1272 1397 2065
10371 4 2 2 31 1044 298 1354 297
10372 4 2 2 31 1501 1489 1491 2029
10373 4 2 2 31 1697 1935 1857 2025
10374 4 2 2 31 258 259 801 949
10375 4 2 2 31 489 435 452 2057
10376 4 2 2 31 399 397 485 1988
10377 4 2 2 31 1374 1373 1196 1887
10378 4 2 2 31 1553 1589 120 2045
10379 4 2 2 31 1570 1568 1569 1915
10380 4 2 2 31 980 982 920 1961
10381 4 2 2 31 867 274 1510 275
10382 4 2 2 31 1308 320 321 1527
10383 4 2 2 31 396 452 435 2057
10384 4 2 2 31 295 294 1234 1039
10385 4 2 2 31 857 994 996 2044
10386 4 2 2 31 265 876 264 1058
10387 4 2 2 31 49 1007 48 2009
10388 4 2 2 31 225 1336 226 720
10389 4 2 2 31 1227 1206 1207 2063
10390 4 2 2 31 1059 262 875 263
10391 4 2 2 31 876 954 1021 1793
10392 4 2 2 31 883 285 284 1530
10393 4 2 2 31 875 1020 955 1789
10394 4 2 2 31 802 822 821 2068
10395 4 2 2 31 1509 1507 1474 1931
10396 4 2 2 31 223 222 1338 715
10397 4 2 2 31 871 177 178 789
10398 4 2 2 31 216 1292 775 215
10399 4 2 2 31 1104 212 752 213
10400 4 2 2 31 1372 1196 1309 1886
10401 4 2 2 31 1031 76 77 377
10402 4 2 2 31 444 514 366 2004
10403 4 2 2 31 1194 1195 1197 2066
10404 4 2 2 31 314 1482 315 1108
10405 4 2 2 31 426 120 1589 2045
10406 4 2 2 31 1278 1258 1451 1957
10407 4 2 2 31 487 426 531 2045
10408 4 2 2 31 769 1312 218 219
10409 4 2 2 31 255 84 256 808
10410 4 2 2 31 286 881 287 1479
10411 4 2 2 31 1124 1126 1125 2023
10412 4 2 2 31 1492 332 1277 333
10413 4 2 2 31 720 766 777 1978
10414 4 2 2 31 1219 1445 1252 1972
10415 4 2 2 31 80 427 81 2070
10416 4 2 2 31 1565 1566 1564 1891
10417 4 2 2 31 396 395 394 2072
10418 4 2 2 31 1202 1406 1232 2042
10419 4 2 2 31 1524 1369 323 322
10420 4 2 2 31 1350 1159 1390 2010
10421 4 2 2 31 716 1084 219 220
10422 4 2 2 31 235 1233 234 834
10423 4 2 2 31 1095 1033 297 296
10424 4 2 2 31 285 929 286 1514
10425 4 2 2 31 525 352 458 1917
10426 4 2 2 31 511 369 478 1993
10427 4 2 2 31 813 815 814 2036
10428 4 2 2 31 1374 1306 1373 1887
10429 4 2 2 31 885 283 282 1520
10430 4 2 2 31 338 1089 1559 1464
10431 4 2 2 31 230 1310 231 740
10432 4 2 2 31 221 220 1329 779
10433 4 2 2 31 81 490 82 1962
10434 4 2 2 31 1298 315 316 1511
10435 4 2 2 31 476 510 367 2026
10436 4 2 2 31 1584 114 113 362
10437 4 2 2 31 762 193 192 886
10438 4 2 2 31 227 226 1083 780
10439 4 2 2 31 360 470 433 2027
10440 4 2 2 31 1503 1391 312 311
10441 4 2 2 31 359 448 502 1956
10442 4 2 2 31 229 228 1319 794
10443 4 2 2 31 761 195 194 884
10444 4 2 2 31 192 191 763 933
10445 4 2 2 31 319 320 1307 1546
10446 4 2 2 31 851 981 948 1991
10447 4 2 2 31 312 1105 1469 313
10448 4 2 2 31 183 184 963 721
10449 4 2 2 31 1592 27 1389 348
10450 4 2 2 31 889 278 1477 279
10451 4 2 2 31 241 1244 240 829
10452 4 2 2 31 319 1092 318 1472
10453 4 2 2 31 1243 1388 1571 345
10454 4 2 2 31 972 915 877 2029
10455 4 2 2 31 289 288 879 1495
10456 4 2 2 31 272 1508 870 273
10457 4 2 2 31 199 198 743 880
10458 4 2 2 31 1477 1526 1535 2031
10459 4 2 2 31 918 284 283 1476
10460 4 2 2 31 250 950 251 818
10461 4 2 2 31 794 742 755 1976
10462 4 2 2 31 1337 225 224 777
10463 4 2 2 31 203 202 732 894
10464 4 2 2 31 893 293 292 1484
10465 4 2 2 31 422 449 365 1974
10466 4 2 2 31 33 474 365 2074
10467 4 2 2 31 302 1094 303 1032
10468 4 2 2 31 892 186 187 772
10469 4 2 2 31 975 937 850 2039
10470 4 2 2 31 345 1180 346 1557
10471 4 2 2 31 1194 1197 1266 2066
10472 4 2 2 31 1114 1462 347 1593
10473 4 2 2 31 1166 1150 1165 2030
10474 4 2 2 31 196 195 784 919
10475 4 2 2 31 1304 317 318 1534
10476 4 2 2 31 1082 299 1047 300
10477 4 2 2 31 1556 1111 342 343
10478 4 2 2 31 314 313 1505 1288
10479 4 2 2 31 48 502 49 2009
10480 4 2 2 31 281 932 282 1531
10481 4 2 2 31 852 980 940 2061
10482 4 2 2 31 1102 316 317 1483
10483 4 2 2 31 254 82 807 253
10484 4 2 2 31 1090 230 229 734
10485 4 2 2 31 1411 1245 1348 2035
10486 4 2 2 31 277 1536 276 891
10487 4 2 2 31 218 1302 787 217
10488 4 2 2 31 242 1282 824 243
10489 4 2 2 31 921 189 190 767
10490 4 2 2 31 913 185 186 722
10491 4 2 2 31 1379 208 207 733
10492 4 2 2 31 326 1098 1517 327
10493 4 2 2 31 1196 1373 1309 1886
10494 4 2 2 31 873 179 180 748
10495 4 2 2 31 1351 1414 1347 2001
10496 4 2 2 31 964 109 903 1990
10497 4 2 2 31 1154 1153 1151 2052
10498 4 2 2 31 310 1485 1399 309
10499 4 2 2 31 461 423 357 2080
10500 4 2 2 31 194 193 725 928
10501 4 2 2 31 1202 1431 1401 2012
10502 4 2 2 31 1368 1168 1349 2051
10503 4 2 2 31 290 877 291 1501
10504 4 2 2 31 890 188 189 785
10505 4 2 2 31 1481 911 275 276
10506 4 2 2 31 498 368 442 2054
10507 4 2 2 31 1371 242 805 241
10508 4 2 2 31 792 1037 205 206
10509 4 2 2 31 1542 1036 308 307
10510 4 2 2 31 382 383 380 2069
10511 4 2 2 31 1232 1406 1275 2042
10512 4 2 2 31 754 200 878 201
10513 4 2 2 31 1587 1555 1595 1934
10514 4 2 2 31 1521 926 279 280
10515 4 2 2 31 1235 1038 305 304
10516 4 2 2 31 869 182 183 783
10517 4 2 2 31 925 288 287 1537
10518 4 2 2 31 843 905 904 2028
10519 4 2 2 31 788 198 197 920
10520 4 2 2 31 1270 1213 1214 2011
10521 4 2 2 31 1088 321 322 1468
10522 4 2 2 31 874 269 1499 270
10523 4 2 2 31 335 334 1540 1381
10524 4 2 2 31 811 1488 248 247
10525 4 2 2 31 961 833 260 259
10526 4 2 2 31 487 84 83 2056
10527 4 2 2 31 1283 210 209 729
10528 4 2 2 31 462 371 374 2038
10529 4 2 2 31 211 210 1106 756
10530 4 2 2 31 1578 118 117 434
10531 4 2 2 31 261 957 1064 262
10532 4 2 2 31 1501 1493 1475 2060
10533 4 2 2 31 968 1533 271 270
10534 4 2 2 31 265 266 956 1063
10535 4 2 2 31 181 182 952 750
10536 4 2 2 31 277 278 1535 930
10537 4 2 2 31 281 280 887 1478
10538 4 2 2 31 1380 233 232 790
10539 4 2 2 31 221 1099 222 771
10540 4 2 2 31 187 188 923 723
10541 4 2 2 31 295 1352 296 1040
10542 4 2 2 31 1532 326 325 1334
10543 4 2 2 31 967 955 847 2041
10544 4 2 2 31 1123 1386 1121 2053
10545 4 2 2 31 249 960 250 809
10546 4 2 2 31 191 190 726 888
10547 4 2 2 31 302 1393 1060 301
10548 4 2 2 31 329 328 1518 1086
10549 4 2 2 31 209 208 1101 744
10550 4 2 2 31 1548 1073 26 1435
10551 4 2 2 31 1074 22 1434 796
10552 4 2 2 31 1487 1061 307 306
10553 4 2 2 31 204 735 1062 205
10554 4 2 2 31 368 51 442 2054
10555 4 2 2 31 1585 346 1103 1458
10556 4 2 2 31 798 20 1433 838
10557 4 2 2 31 333 1109 1470 334
10558 4 2 2 31 19 1012 839 795
10559 4 2 2 31 455 358 515 2048
10560 4 2 2 31 786 753 752 2020
10561 4 2 2 31 840 1550 23 1432
10562 4 2 2 31 75 76 1057 464
10563 4 2 2 31 507 439 456 2078
10564 4 2 2 31 310 1100 1496 311
10565 4 2 2 31 727 197 196 882
10566 4 2 2 31 1248 1247 1404 2008
10567 4 2 2 31 292 291 915 1489
10568 4 2 2 31 271 1480 965 272
10569 4 2 2 31 202 737 914 201
10570 4 2 2 31 1596 1570 1589 2045
10571 4 2 2 31 476 367 89 2026
10572 4 2 2 31 1182 239 826 238
10573 4 2 2 31 1087 224 223 757
10574 4 2 2 31 290 289 934 1475
10575 4 2 2 31 199 724 200 935
10576 4 2 2 31 868 184 185 776
10577 4 2 2 31 341 1112 1558 340
10578 4 2 2 31 1239 1241 1240 2025
10579 4 2 2 31 1093 216 731 217
10580 4 2 2 31 1589 1553 1596 2045
10581 4 2 2 31 116 1560 511 478
10582 4 2 2 31 736 176 175 835
10583 4 2 2 31 1547 837 24 1013
10584 4 2 2 31 477 478 369 1993
10585 4 2 2 31 213 214 786 1289
10586 4 2 2 31 1419 1328 1341 2058
10587 4 2 2 31 330 1370 1544 331
10588 4 2 2 31 255 254 83 831
10589 4 2 2 31 1507 1506 1508 2043
10590 4 2 2 31 791 175 174 812
10591 4 2 2 31 465 74 73 1056
10592 4 2 2 31 239 240 1321 804
10593 4 2 2 31 96 507 456 2078
10594 4 2 2 31 299 298 1385 1034
10595 4 2 2 31 180 181 953 717
10596 4 2 2 31 235 236 1405 803
10597 4 2 2 31 214 215 730 1097
10598 4 2 2 31 343 1184 344 1580
10599 4 2 2 31 82 984 81 1962
10600 4 2 2 31 238 1323 237 802
10601 4 2 2 31 324 1467 325 1085
10602 4 2 2 31 1375 328 1473 327
10603 4 2 2 31 802 821 823 2068
10604 4 2 2 31 1335 1429 1383 2013
10605 4 2 2 31 116 115 1575 512
10606 4 2 2 31 994 947 992 2040
10607 4 2 2 31 930 1002 889 2031
10608 4 2 2 31 1340 1117 1398 2007
10609 4 2 2 31 332 331 1486 1091
10610 4 2 2 31 98 358 455 2048
10611 4 2 2 31 1030 72 73 376
10612 4 2 2 31 115 114 1554 441
10613 4 2 2 31 1333 1465 1332 2005
10614 4 2 2 31 1276 1229 1258 2075
10615 4 2 2 31 75 74 351 1029
10616 4 2 2 31 267 268 1539 872
10617 4 2 2 31 797 1077 21 1018
10618 4 2 2 31 910 257 816 258
10619 4 2 2 31 1078 25 1019 1549
10620 4 2 2 31 461 357 497 2080
10621 4 2 2 31 1462 27 1593 348
10622 4 2 2 31 247 836 1541 246
10623 4 2 2 31 499 427 80 2070
10624 4 2 2 31 273 274 1474 959
10625 4 2 2 31 1007 864 924 2062
10626 4 2 2 31 111 521 432 1594
10627 4 2 2 31 1376 1189 1230 2049
10628 4 2 2 31 1050 304 1426 303
10629 4 2 2 31 1222 1428 1251 1980
10630 4 2 2 31 1422 212 211 728
10631 4 2 2 31 112 113 530 1555
10632 4 2 2 31 245 244 810 1461
10633 4 2 2 31 339 1089 1559 338
10634 4 2 2 31 453 354 513 2055
10635 4 2 2 31 1113 813 243 244
10636 4 2 2 31 864 999 924 2062
10637 4 2 2 31 252 806 251 909
10638 4 2 2 31 264 1021 9 1027
10639 4 2 2 31 1388 344 1571 345
10640 4 2 2 31 1020 5 1028 263
10641 4 2 2 31 1582 1440 341 342
10642 4 2 2 31 428 121 122 1569
10643 4 2 2 31 13 111 432 1594
10644 4 2 2 31 1055 9 72 516
10645 4 2 2 31 1384 228 227 714
10646 4 2 2 31 1434 294 22 1074
10647 4 2 2 31 245 840 23 1432
10648 4 2 2 31 117 116 1560 511
10649 4 2 2 31 20 1433 207 798
10650 4 2 2 31 1432 1550 23 309
10651 4 2 2 31 1012 249 19 839
10652 4 2 2 31 839 176 19 795
10653 4 2 2 31 1564 1562 1565 1945
10654 4 2 2 31 431 122 13 1591
10655 4 2 2 31 1074 204 22 796
10656 4 2 2 31 26 1073 1548 306
10657 4 2 2 31 233 1434 22 796
10658 4 2 2 31 335 1548 26 1435
10659 4 2 2 31 23 246 1550 840
10660 4 2 2 31 1012 19 177 795
10661 4 2 2 31 1585 346 347 1103
10662 4 2 2 31 234 1433 20 838
10663 4 2 2 31 1435 1073 26 305
10664 4 2 2 31 837 24 248 1547
10665 4 2 2 31 798 174 20 838
10666 4 2 2 31 1018 1077 21 261
10667 4 2 2 31 1019 266 25 1078
10668 4 2 2 31 1565 337 1096 336
10669 4 2 2 31 1553 120 119 424
10670 4 2 2 31 267 1547 24 1013
10671 4 2 2 31 1466 1453 330 329
10672 4 2 2 31 1549 1078 25 308
10673 4 2 2 31 1077 21 206 797
10674 4 2 2 31 1013 837 24 260
10675 4 2 2 31 203 797 21 1018
10676 4 2 2 31 293 1019 25 1549
10677 4 2 2 31 340 1572 339 1121
10678 4 2 2 31 1594 1563 1586 1816
10679 4 2 2 31 517 5 77 1054
10680 4 2 2 31 1035 1446 300 301
10681 4 2 2 31 827 253 984 252
10682 4 2 2 31 1583 119 118 427
10683 4 2 2 31 491 111 112 1586
10684 4 2 2 31 256 985 257 830
10685 4 2 2 31 1464 338 1116 1590
10686 4 2 2 31 27 347 1462 1593
10687 4 2 2 31 1590 338 1116 337
10688 4 2 2 31 1389 336 27 1592
10689 4 2 2 31 426 120 121 1589
10690 4 2 2 31 1942 1910 504 410
10691 4 2 2 31 1942 504 1910 1625
10692 4 2 2 31 1890 1675 1752 1763
10693 4 2 2 31 1890 1752 1675 1633
10694 4 2 2 31 93 1634 1806 92
10695 4 2 2 31 93 1806 1634 1858
10696 4 2 2 31 887 1853 996 932
10697 4 2 2 31 996 1853 887 1678
10698 4 2 2 31 1978 761 1920 766
10699 4 2 2 31 1978 1920 761 1654
10700 4 2 2 31 1798 1934 1688 510
10701 4 2 2 31 1688 1934 1798 1628
10702 4 2 2 31 761 1978 760 766
10703 4 2 2 31 760 1978 761 1794
10704 4 2 2 31 927 1858 861 1005
10705 4 2 2 31 861 1858 927 1668
10706 4 2 2 31 2038 1754 1679 1631
10707 4 2 2 31 2038 1679 1754 1628
10708 4 2 2 31 1858 927 859 1005
10709 4 2 2 31 1858 859 927 1737
10710 4 2 2 31 1199 2066 1938 1197
10711 4 2 2 31 1938 2066 1199 1637
10712 4 2 2 31 1953 1043 1787 1072
10713 4 2 2 31 1953 1787 1043 1648
10714 4 2 2 31 2043 1930 1760 1931
10715 4 2 2 31 2043 1760 1930 1702
10716 4 2 2 31 1869 1947 1425 1653
10717 4 2 2 31 1927 922 862 1004
10718 4 2 2 31 1927 862 922 1650
10719 4 2 2 31 1901 1196 1887 1193
10720 4 2 2 31 1901 1887 1196 1634
10721 4 2 2 31 1800 2018 1839 1605
10722 4 2 2 31 1839 2018 1800 1403
10723 4 2 2 31 1892 1874 1439 1260
10724 4 2 2 31 1892 1439 1874 1648
10725 4 2 2 31 1720 1071 1049 1673
10726 4 2 2 31 1720 1049 1071 1053
10727 4 2 2 31 1947 1425 1107 1287
10728 4 2 2 31 1947 1107 1425 1866
10729 4 2 2 31 1868 1023 844 1
10730 4 2 2 31 1868 844 1023 1803
10731 4 2 2 31 1937 1784 1833 1643
10732 4 2 2 31 1937 1833 1784 1294
10733 4 2 2 31 1848 1130 1132 1131
10734 4 2 2 31 1848 1132 1130 1829
10735 4 2 2 31 1777 464 494 351
10736 4 2 2 31 1777 494 464 1685
10737 4 2 2 31 1947 1286 1425 1287
10738 4 2 2 31 1947 1425 1286 1869
10739 4 2 2 31 1749 86 1911 1025
10740 4 2 2 31 1749 1911 86 1647
10741 4 2 2 31 1880 1369 1251 1339
10742 4 2 2 31 1880 1251 1369 1827
10743 4 2 2 31 976 2015 1999 938
10744 4 2 2 31 1999 2015 976 1766
10745 4 2 2 31 1839 1403 1259 1261
10746 4 2 2 31 1839 1259 1403 1800
10747 4 2 2 31 2077 1622 2072 1819
10748 4 2 2 31 2077 2072 1622 1768
10749 4 2 2 31 88 1918 901 1642
10750 4 2 2 31 88 901 1918 1010
10751 4 2 2 31 1888 901 1918 1642
10752 4 2 2 31 1888 1918 901 1010
10753 4 2 2 31 1897 1357 1984 1861
10754 4 2 2 31 1897 1984 1357 1420
10755 4 2 2 31 1993 527 29 477
10756 4 2 2 31 1993 29 527 1660
10757 4 2 2 31 2076 36 37 482
10758 4 2 2 31 2076 37 36 1770
10759 4 2 2 31 1932 1869 1274 1608
10760 4 2 2 31 1932 1274 1869 1284
10761 4 2 2 31 2007 1188 1891 1398
10762 4 2 2 31 2007 1891 1188 1753
10763 4 2 2 31 528 2026 415 476
10764 4 2 2 31 415 2026 528 1688
10765 4 2 2 31 1923 2011 1663 1616
10766 4 2 2 31 1663 2011 1923 1751
10767 4 2 2 31 2023 1424 1127 1721
10768 4 2 2 31 2023 1127 1424 1124
10769 4 2 2 31 2018 790 738 1840
10770 4 2 2 31 2018 738 790 718
10771 4 2 2 31 1893 1546 1526 1805
10772 4 2 2 31 1893 1526 1546 1527
10773 4 2 2 31 1976 734 1319 794
10774 4 2 2 31 1976 1319 734 1695
10775 4 2 2 31 1781 1863 2034 1669
10776 4 2 2 31 2034 1863 1781 1691
10777 4 2 2 31 1937 1655 2067 1715
10778 4 2 2 31 1937 2067 1655 1833
10779 4 2 2 31 1139 1996 1914 1708
10780 4 2 2 31 1139 1914 1996 1842
10781 4 2 2 31 1623 1914 1996 1708
10782 4 2 2 31 1623 1996 1914 1842
10783 4 2 2 31 1857 1252 1443 1441
10784 4 2 2 31 1857 1443 1252 1733
10785 4 2 2 31 1793 1070 1052 1780
10786 4 2 2 31 1793 1052 1070 1065
10787 4 2 2 31 2013 1270 1449 1429
10788 4 2 2 31 1449 1270 2013 1748
10789 4 2 2 31 1449 1098 2013 1429
10790 4 2 2 31 2013 1098 1449 1748
10791 4 2 2 31 2032 1963 1975 1711
10792 4 2 2 31 2032 1975 1963 1625
10793 4 2 2 31 1771 1975 1963 1711
10794 4 2 2 31 1771 1963 1975 1625
10795 4 2 2 31 1869 1285 1284 1286
10796 4 2 2 31 1869 1284 1285 1709
10797 4 2 2 31 2068 1687 1652 1962
10798 4 2 2 31 2068 1652 1687 1882
10799 4 2 2 31 1859 509 2000 40
10800 4 2 2 31 1859 2000 509 1792
10801 4 2 2 31 39 2000 509 40
10802 4 2 2 31 39 509 2000 1792
10803 4 2 2 31 1977 1326 1163 1203
10804 4 2 2 31 1977 1163 1326 1723
10805 4 2 2 31 1837 1995 1663 1704
10806 4 2 2 31 1663 1995 1837 1991
10807 4 2 2 31 1663 1615 1837 1704
10808 4 2 2 31 1837 1615 1663 1991
10809 4 2 2 31 1856 1476 1519 1530
10810 4 2 2 31 1856 1519 1476 1707
10811 4 2 2 31 865 2070 79 80
10812 4 2 2 31 79 2070 865 1943
10813 4 2 2 31 1701 1533 1504 1480
10814 4 2 2 31 1701 1504 1533 1689
10815 4 2 2 31 1917 100 101 458
10816 4 2 2 31 1917 101 100 1841
10817 4 2 2 31 1775 1989 1768 1630
10818 4 2 2 31 1768 1989 1775 1672
10819 4 2 2 31 2008 1722 1894 1659
10820 4 2 2 31 2008 1894 1722 1831
10821 4 2 2 31 925 1999 979 879
10822 4 2 2 31 979 1999 925 1837
10823 4 2 2 31 2029 2016 2060 1664
10824 4 2 2 31 2029 2060 2016 1491
10825 4 2 2 31 1499 968 1689 874
10826 4 2 2 31 1689 968 1499 1533
10827 4 2 2 31 1861 1262 1187 1357
10828 4 2 2 31 1861 1187 1262 1839
10829 4 2 2 31 2001 1617 1265 1757
10830 4 2 2 31 2001 1265 1617 1785
10831 4 2 2 31 1763 1901 2066 1634
10832 4 2 2 31 2066 1901 1763 1675
10833 4 2 2 31 1782 1917 1951 1610
10834 4 2 2 31 1951 1917 1782 1661
10835 4 2 2 31 1955 998 1658 863
10836 4 2 2 31 1955 1658 998 1825
10837 4 2 2 31 1486 2016 1493 1492
10838 4 2 2 31 1493 2016 1486 1725
10839 4 2 2 31 795 835 1706 839
10840 4 2 2 31 1706 835 795 736
10841 4 2 2 31 1905 759 1826 1732
10842 4 2 2 31 1905 1826 759 764
10843 4 2 2 31 1789 1069 1042 1066
10844 4 2 2 31 1789 1042 1069 1787
10845 4 2 2 31 1884 438 1691 501
10846 4 2 2 31 1884 1691 438 1873
10847 4 2 2 31 486 2048 2022 515
10848 4 2 2 31 2022 2048 486 1834
10849 4 2 2 31 1801 103 472 519
10850 4 2 2 31 1801 472 103 1722
10851 4 2 2 31 1782 1913 2037 1661
10852 4 2 2 31 2037 1913 1782 1635
10853 4 2 2 31 1996 1139 1140 1708
10854 4 2 2 31 1996 1140 1139 1138
10855 4 2 2 31 1691 438 1982 387
10856 4 2 2 31 1691 1982 438 1873
10857 4 2 2 31 1970 715 759 758
10858 4 2 2 31 1970 759 715 1732
10859 4 2 2 31 1990 904 1929 903
10860 4 2 2 31 1990 1929 904 1667
10861 4 2 2 31 1889 1980 1898 1759
10862 4 2 2 31 1898 1980 1889 1649
10863 4 2 2 31 1903 1358 1172 1128
10864 4 2 2 31 1903 1172 1358 1747
10865 4 2 2 31 1918 1009 899 898
10866 4 2 2 31 1918 899 1009 1689
10867 4 2 2 31 2056 807 828 831
10868 4 2 2 31 2056 828 807 1687
10869 4 2 2 31 1652 1684 1579 1855
10870 4 2 2 31 1579 1684 1652 2070
10871 4 2 2 31 2019 529 82 1687
10872 4 2 2 31 2019 82 529 490
10873 4 2 2 31 2046 1612 1968 1761
10874 4 2 2 31 2046 1968 1612 1772
10875 4 2 2 31 2049 1658 1835 1933
10876 4 2 2 31 2049 1835 1658 1705
10877 4 2 2 31 1969 357 45 1836
10878 4 2 2 31 1969 45 357 44
10879 4 2 2 31 1107 803 236 822
10880 4 2 2 31 1107 236 803 1405
10881 4 2 2 31 1003 1921 1650 862
10882 4 2 2 31 1650 1921 1003 1774
10883 4 2 2 31 1803 1959 1812 1665
10884 4 2 2 31 1812 1959 1803 1603
10885 4 2 2 31 471 1993 7 369
10886 4 2 2 31 7 1993 471 1674
10887 4 2 2 31 1947 822 820 803
10888 4 2 2 31 1947 820 822 1866
10889 4 2 2 31 1952 413 444 419
10890 4 2 2 31 1952 444 413 1729
10891 4 2 2 31 1159 1964 1272 1454
10892 4 2 2 31 1272 1964 1159 1746
10893 4 2 2 31 406 1910 410 445
10894 4 2 2 31 410 1910 406 1772
10895 4 2 2 31 1504 1973 1469 1500
10896 4 2 2 31 1469 1973 1504 1718
10897 4 2 2 31 2056 82 529 1687
10898 4 2 2 31 2056 529 82 83
10899 4 2 2 31 2043 1930 1482 1702
10900 4 2 2 31 2002 909 1024 950
10901 4 2 2 31 2002 1024 909 1828
10902 4 2 2 31 1304 1472 1824 1534
10903 4 2 2 31 1824 1472 1304 1092
10904 4 2 2 31 1816 1992 1594 1563
10905 4 2 2 31 816 949 258 801
10906 4 2 2 31 258 949 816 910
10907 4 2 2 31 1983 1944 1870 1681
10908 4 2 2 31 1983 1870 1944 1613
10909 4 2 2 31 837 961 1830 833
10910 4 2 2 31 1830 961 837 1013
10911 4 2 2 31 1995 286 1514 1479
10912 4 2 2 31 1995 1514 286 929
10913 4 2 2 31 1995 1537 1543 1837
10914 4 2 2 31 1995 1543 1537 1479
10915 4 2 2 31 2018 1234 1380 1840
10916 4 2 2 31 2018 1380 1234 1353
10917 4 2 2 31 1931 1511 2043 1930
10918 4 2 2 31 1931 2043 1511 1507
10919 4 2 2 31 1482 2043 1511 1930
10920 4 2 2 31 1482 1511 2043 1507
10921 4 2 2 31 1077 957 1694 1064
10922 4 2 2 31 1694 957 1077 1018
10923 4 2 2 31 810 1432 245 1461
10924 4 2 2 31 245 1432 810 840
10925 4 2 2 31 1019 1063 266 1078
10926 4 2 2 31 266 1063 1019 956
10927 4 2 2 31 2068 827 1828 821
10928 4 2 2 31 2068 1828 827 1962
10929 4 2 2 31 1037 797 206 792
10930 4 2 2 31 206 797 1037 1077
10931 4 2 2 31 1542 1078 1692 1549
10932 4 2 2 31 1542 1692 1078 1036
10933 4 2 2 31 1434 1039 294 1074
10934 4 2 2 31 294 1039 1434 1234
10935 4 2 2 31 1902 1816 1992 1594
10936 4 2 2 31 1902 1992 1816 1666
$EndElements
