reference	mpn	footprint	sheet	pin	function	type	net
PS_AUX	HDR-60-24	EXTERNAL:DIN_HDR60	MAINS	L	L	passive	L_AUX_FUSED
PS_AUX	HDR-60-24	EXTERNAL:DIN_HDR60	MAINS	N	N	passive	N_AUX
PS_AUX	HDR-60-24	EXTERNAL:DIN_HDR60	MAINS	+V	+V	power_out	AUX_24V
PS_AUX	HDR-60-24	EXTERNAL:DIN_HDR60	MAINS	-V	-V	power_out	AUX_0V
F0	KLDR015.TXP	EXTERNAL:Manufacturer_terminal_drawing	MAINS	1	1	passive	PLUG_L
F0	KLDR015.TXP	EXTERNAL:Manufacturer_terminal_drawing	MAINS	2	2	passive	L_FUSED
F2	KLDR002.TXP	EXTERNAL:Manufacturer_terminal_drawing	MAINS	1	1	passive	L_AUX
F2	KLDR002.TXP	EXTERNAL:Manufacturer_terminal_drawing	MAINS	2	2	passive	L_AUX_FUSED
FT	KLDR001.TXP	EXTERNAL:Manufacturer_terminal_drawing	MAINS	1	1	passive	L_PRE
FT	KLDR001.TXP	EXTERNAL:Manufacturer_terminal_drawing	MAINS	2	2	passive	PROOF_FUSED
TF1	SDF DF128S	EXTERNAL:Manufacturer_terminal_drawing	MAINS	1	1	passive	L_SER
TF1	SDF DF128S	EXTERNAL:Manufacturer_terminal_drawing	MAINS	2	2	passive	RP1_HOT
TF2	SDF DF128S	EXTERNAL:Manufacturer_terminal_drawing	MAINS	1	1	passive	L_SER
TF2	SDF DF128S	EXTERNAL:Manufacturer_terminal_drawing	MAINS	2	2	passive	RP2_HOT
RP1	HS200 22R F	EXTERNAL:Manufacturer_terminal_drawing	MAINS	1	1	passive	RP1_HOT
RP1	HS200 22R F	EXTERNAL:Manufacturer_terminal_drawing	MAINS	2	2	passive	L_PRE
RP2	HS200 22R F	EXTERNAL:Manufacturer_terminal_drawing	MAINS	1	1	passive	RP2_HOT
RP2	HS200 22R F	EXTERNAL:Manufacturer_terminal_drawing	MAINS	2	2	passive	L_PRE
RTEST	HS100 220R F	EXTERNAL:Manufacturer_terminal_drawing	MAINS	1	1	passive	PROOF_LOAD
RTEST	HS100 220R F	EXTERNAL:Manufacturer_terminal_drawing	MAINS	2	2	passive	N_PRE
S0	4435.0002	EXTERNAL:Schurter	MAINS	1	L_IN	passive	L_FUSED
S0	4435.0002	EXTERNAL:Schurter	MAINS	2	L_OUT	passive	L_AUX
S0	4435.0002	EXTERNAL:Schurter	MAINS	3	N_IN	passive	PLUG_N
S0	4435.0002	EXTERNAL:Schurter	MAINS	4	N_OUT	passive	N_AUX
K1	LC1D18BD	EXTERNAL:LC1D18BD	MAINS	1L1	L_IN	passive	L_AUX
K1	LC1D18BD	EXTERNAL:LC1D18BD	MAINS	2T1	L_OUT	passive	L_K1
K1	LC1D18BD	EXTERNAL:LC1D18BD	MAINS	3L2	N_IN	passive	N_AUX
K1	LC1D18BD	EXTERNAL:LC1D18BD	MAINS	4T2	N_OUT	passive	N_K1
K1	LC1D18BD	EXTERNAL:LC1D18BD	MAINS	5L3	UNUSED	passive	NC
K1	LC1D18BD	EXTERNAL:LC1D18BD	MAINS	6T3	UNUSED	passive	NC
K1	LC1D18BD	EXTERNAL:LC1D18BD	MAINS	A1	COIL+	passive	K1_COIL_HIGH
K1	LC1D18BD	EXTERNAL:LC1D18BD	MAINS	A2	COIL-	passive	K1_COIL_LOW
K1	LC1D18BD	EXTERNAL:LC1D18BD	MAINS	21	NC_MIRROR	passive	K1_FB_EXC
K1	LC1D18BD	EXTERNAL:LC1D18BD	MAINS	22	NC_MIRROR	passive	K1_MIRROR_RAW
K1	LC1D18BD	EXTERNAL:LC1D18BD	MAINS	13	NO_AUX	passive	NC
K1	LC1D18BD	EXTERNAL:LC1D18BD	MAINS	14	NO_AUX	passive	NC
K2	LC1D18BD	EXTERNAL:LC1D18BD	MAINS	1L1	L_IN	passive	L_K1
K2	LC1D18BD	EXTERNAL:LC1D18BD	MAINS	2T1	L_OUT	passive	L_SER
K2	LC1D18BD	EXTERNAL:LC1D18BD	MAINS	3L2	N_IN	passive	N_K1
K2	LC1D18BD	EXTERNAL:LC1D18BD	MAINS	4T2	N_OUT	passive	N_PRE
K2	LC1D18BD	EXTERNAL:LC1D18BD	MAINS	5L3	UNUSED	passive	NC
K2	LC1D18BD	EXTERNAL:LC1D18BD	MAINS	6T3	UNUSED	passive	NC
K2	LC1D18BD	EXTERNAL:LC1D18BD	MAINS	A1	COIL+	passive	K2_COIL_HIGH
K2	LC1D18BD	EXTERNAL:LC1D18BD	MAINS	A2	COIL-	passive	K2_COIL_LOW
K2	LC1D18BD	EXTERNAL:LC1D18BD	MAINS	21	NC_MIRROR	passive	K2_FB_EXC
K2	LC1D18BD	EXTERNAL:LC1D18BD	MAINS	22	NC_MIRROR	passive	K2_MIRROR_RAW
K2	LC1D18BD	EXTERNAL:LC1D18BD	MAINS	13	NO_AUX	passive	NC
K2	LC1D18BD	EXTERNAL:LC1D18BD	MAINS	14	NO_AUX	passive	NC
KB	LC1D18BD	EXTERNAL:LC1D18BD	MAINS	1L1	L_IN	passive	L_SER
KB	LC1D18BD	EXTERNAL:LC1D18BD	MAINS	2T1	L_OUT	passive	L_PRE
KB	LC1D18BD	EXTERNAL:LC1D18BD	MAINS	3L2	N_IN	passive	NC
KB	LC1D18BD	EXTERNAL:LC1D18BD	MAINS	4T2	N_OUT	passive	NC
KB	LC1D18BD	EXTERNAL:LC1D18BD	MAINS	5L3	UNUSED	passive	NC
KB	LC1D18BD	EXTERNAL:LC1D18BD	MAINS	6T3	UNUSED	passive	NC
KB	LC1D18BD	EXTERNAL:LC1D18BD	MAINS	A1	COIL+	passive	KB_COIL_HIGH
KB	LC1D18BD	EXTERNAL:LC1D18BD	MAINS	A2	COIL-	passive	KB_COIL_LOW
KB	LC1D18BD	EXTERNAL:LC1D18BD	MAINS	21	NC_MIRROR	passive	KB_FB_EXC
KB	LC1D18BD	EXTERNAL:LC1D18BD	MAINS	22	NC_MIRROR	passive	KB_MIRROR_RAW
KB	LC1D18BD	EXTERNAL:LC1D18BD	MAINS	13	NO_AUX	passive	NC
KB	LC1D18BD	EXTERNAL:LC1D18BD	MAINS	14	NO_AUX	passive	NC
KT	G5Q-1A-EU DC24	Relay_THT:Relay_SPST_Omron-G5Q-1A	MAINS	1	COIL1	passive	POD_24V_ACT
KT	G5Q-1A-EU DC24	Relay_THT:Relay_SPST_Omron-G5Q-1A	MAINS	5	COIL2	passive	KT_COIL_LOW
KT	G5Q-1A-EU DC24	Relay_THT:Relay_SPST_Omron-G5Q-1A	MAINS	2	COM	passive	PROOF_FUSED
KT	G5Q-1A-EU DC24	Relay_THT:Relay_SPST_Omron-G5Q-1A	MAINS	3	NO	passive	PROOF_LOAD
J_IN	POINT_TO_POINT_INLET	REVIEW_ONLY:Connector_mechanical_drawing_required	MAINS	1	PLUG_L	passive	PLUG_L
J_IN	POINT_TO_POINT_INLET	REVIEW_ONLY:Connector_mechanical_drawing_required	MAINS	2	PLUG_N	passive	PLUG_N
J_IN	POINT_TO_POINT_INLET	REVIEW_ONLY:Connector_mechanical_drawing_required	MAINS	3	PE	passive	PE
J_OUT	POINT_TO_POINT_D22_INPUT	REVIEW_ONLY:Connector_mechanical_drawing_required	MAINS	1	L_PRE	passive	L_PRE
J_OUT	POINT_TO_POINT_D22_INPUT	REVIEW_ONLY:Connector_mechanical_drawing_required	MAINS	2	N_PRE	passive	N_PRE
J_OUT	POINT_TO_POINT_D22_INPUT	REVIEW_ONLY:Connector_mechanical_drawing_required	MAINS	3	PE	passive	PE
REG5	R-78HB5.0-0.5/W	EXTERNAL:Wired_RECOM_R78HB_mount_drawing_required	POWER	1	VIN	power_in	AUX_24V
REG5	R-78HB5.0-0.5/W	EXTERNAL:Wired_RECOM_R78HB_mount_drawing_required	POWER	2	GND	power_in	AUX_0V
REG5	R-78HB5.0-0.5/W	EXTERNAL:Wired_RECOM_R78HB_mount_drawing_required	POWER	3	VOUT	power_out	POD_5V
R_MINLOAD	499R 0.1% TNPW1206499RBEEA	Resistor_SMD:R_1206_3216Metric	POWER	1	1	passive	POD_5V
R_MINLOAD	499R 0.1% TNPW1206499RBEEA	Resistor_SMD:R_1206_3216Metric	POWER	2	2	passive	AUX_0V
C5IN	22uF EEUFR1H220	Capacitor_THT:CP_Radial_D5.0mm_P2.00mm	POWER	1	+	passive	AUX_24V
C5IN	22uF EEUFR1H220	Capacitor_THT:CP_Radial_D5.0mm_P2.00mm	POWER	2	-	passive	AUX_0V
C5OUT	22uF T491B226K016AT	Capacitor_Tantalum_SMD:CP_EIA-3528-21_Kemet-B	POWER	1	+	passive	POD_5V
C5OUT	22uF T491B226K016AT	Capacitor_Tantalum_SMD:CP_EIA-3528-21_Kemet-B	POWER	2	-	passive	AUX_0V
REG3	LD1117S33TR	Package_TO_SOT_SMD:SOT-223-3_TabPin2	POWER	1	GND	power_in	AUX_0V
REG3	LD1117S33TR	Package_TO_SOT_SMD:SOT-223-3_TabPin2	POWER	2	VOUT	power_out	POD_3V3
REG3	LD1117S33TR	Package_TO_SOT_SMD:SOT-223-3_TabPin2	POWER	3	VIN	power_in	POD_5V
C3IN	1uF 12063C105KAT2A	Capacitor_SMD:C_1206_3216Metric	POWER	1	1	passive	POD_5V
C3IN	1uF 12063C105KAT2A	Capacitor_SMD:C_1206_3216Metric	POWER	2	2	passive	AUX_0V
C3OUT	22uF T491B226K016AT	Capacitor_Tantalum_SMD:CP_EIA-3528-21_Kemet-B	POWER	1	+	passive	POD_3V3
C3OUT	22uF T491B226K016AT	Capacitor_Tantalum_SMD:CP_EIA-3528-21_Kemet-B	POWER	2	-	passive	AUX_0V
U_WD	TPS3820-33DBVR	Package_TO_SOT_SMD:SOT-23-5	HARDWARE	1	RESET_N	output	WD_RESET_N
U_WD	TPS3820-33DBVR	Package_TO_SOT_SMD:SOT-23-5	HARDWARE	2	GND	power_in	AUX_0V
U_WD	TPS3820-33DBVR	Package_TO_SOT_SMD:SOT-23-5	HARDWARE	3	MR_N	input	POD_3V3
U_WD	TPS3820-33DBVR	Package_TO_SOT_SMD:SOT-23-5	HARDWARE	4	WDI	input	MCU_WDI
U_WD	TPS3820-33DBVR	Package_TO_SOT_SMD:SOT-23-5	HARDWARE	5	VDD	power_in	POD_3V3
R_WDI_PD	1kR CRCW06031K00FKEA	Resistor_SMD:R_0603_1608Metric	HARDWARE	1	1	passive	MCU_WDI
R_WDI_PD	1kR CRCW06031K00FKEA	Resistor_SMD:R_0603_1608Metric	HARDWARE	2	2	passive	AUX_0V
C_WD	100nF C0603C104K5RACAUTO	Capacitor_SMD:C_0603_1608Metric	HARDWARE	1	1	passive	POD_3V3
C_WD	100nF C0603C104K5RACAUTO	Capacitor_SMD:C_0603_1608Metric	HARDWARE	2	2	passive	AUX_0V
U_PG5	TPS3825-50DBVR	Package_TO_SOT_SMD:SOT-23-5	POWER	1	RESET_N	output	PG5_RAW
U_PG5	TPS3825-50DBVR	Package_TO_SOT_SMD:SOT-23-5	POWER	2	GND	power_in	AUX_0V
U_PG5	TPS3825-50DBVR	Package_TO_SOT_SMD:SOT-23-5	POWER	3	RESET	output	NC
U_PG5	TPS3825-50DBVR	Package_TO_SOT_SMD:SOT-23-5	POWER	4	MR_N	input	POD_5V
U_PG5	TPS3825-50DBVR	Package_TO_SOT_SMD:SOT-23-5	POWER	5	VDD	power_in	POD_5V
R_PG5A	10kR CRCW060310K0FKEA	Resistor_SMD:R_0603_1608Metric	POWER	1	1	passive	PG5_RAW
R_PG5A	10kR CRCW060310K0FKEA	Resistor_SMD:R_0603_1608Metric	POWER	2	2	passive	PG5_N
R_PG5B	20kR CRCW060320K0FKEA	Resistor_SMD:R_0603_1608Metric	POWER	1	1	passive	PG5_N
R_PG5B	20kR CRCW060320K0FKEA	Resistor_SMD:R_0603_1608Metric	POWER	2	2	passive	AUX_0V
J_START	1725669 Phoenix MKDS1/2-3.81	REVIEW_ONLY:Connector_mechanical_drawing_required	OPERATORS	1	POD_3V3	passive	POD_3V3
J_START	1725669 Phoenix MKDS1/2-3.81	REVIEW_ONLY:Connector_mechanical_drawing_required	OPERATORS	2	POD_START_RAW	passive	POD_START_RAW
R_STARTS	1kR CRCW06031K00FKEA	Resistor_SMD:R_0603_1608Metric	OPERATORS	1	1	passive	POD_START_RAW
R_STARTS	1kR CRCW06031K00FKEA	Resistor_SMD:R_0603_1608Metric	OPERATORS	2	2	passive	POD_START
R_STARTD	10kR CRCW060310K0FKEA	Resistor_SMD:R_0603_1608Metric	OPERATORS	1	1	passive	POD_START
R_STARTD	10kR CRCW060310K0FKEA	Resistor_SMD:R_0603_1608Metric	OPERATORS	2	2	passive	AUX_0V
C_START	10nF C0603C103K5RACAUTO	Capacitor_SMD:C_0603_1608Metric	OPERATORS	1	1	passive	POD_START
C_START	10nF C0603C103K5RACAUTO	Capacitor_SMD:C_0603_1608Metric	OPERATORS	2	2	passive	AUX_0V
J_RESET	1725669 Phoenix MKDS1/2-3.81	REVIEW_ONLY:Connector_mechanical_drawing_required	OPERATORS	1	POD_3V3	passive	POD_3V3
J_RESET	1725669 Phoenix MKDS1/2-3.81	REVIEW_ONLY:Connector_mechanical_drawing_required	OPERATORS	2	POD_RESET_RAW	passive	POD_RESET_RAW
R_RESETS	1kR CRCW06031K00FKEA	Resistor_SMD:R_0603_1608Metric	OPERATORS	1	1	passive	POD_RESET_RAW
R_RESETS	1kR CRCW06031K00FKEA	Resistor_SMD:R_0603_1608Metric	OPERATORS	2	2	passive	POD_RESET
R_RESETD	10kR CRCW060310K0FKEA	Resistor_SMD:R_0603_1608Metric	OPERATORS	1	1	passive	POD_RESET
R_RESETD	10kR CRCW060310K0FKEA	Resistor_SMD:R_0603_1608Metric	OPERATORS	2	2	passive	AUX_0V
C_RESET	10nF C0603C103K5RACAUTO	Capacitor_SMD:C_0603_1608Metric	OPERATORS	1	1	passive	POD_RESET
C_RESET	10nF C0603C103K5RACAUTO	Capacitor_SMD:C_0603_1608Metric	OPERATORS	2	2	passive	AUX_0V
J_STOP	1725669 Phoenix MKDS1/2-3.81	REVIEW_ONLY:Connector_mechanical_drawing_required	OPERATORS	1	POD_3V3	passive	POD_3V3
J_STOP	1725669 Phoenix MKDS1/2-3.81	REVIEW_ONLY:Connector_mechanical_drawing_required	OPERATORS	2	POD_STOP_RAW	passive	POD_STOP_RAW
R_STOPS	1kR CRCW06031K00FKEA	Resistor_SMD:R_0603_1608Metric	OPERATORS	1	1	passive	POD_STOP_RAW
R_STOPS	1kR CRCW06031K00FKEA	Resistor_SMD:R_0603_1608Metric	OPERATORS	2	2	passive	POD_STOP
R_STOPD	10kR CRCW060310K0FKEA	Resistor_SMD:R_0603_1608Metric	OPERATORS	1	1	passive	POD_STOP
R_STOPD	10kR CRCW060310K0FKEA	Resistor_SMD:R_0603_1608Metric	OPERATORS	2	2	passive	AUX_0V
C_STOP	10nF C0603C103K5RACAUTO	Capacitor_SMD:C_0603_1608Metric	OPERATORS	1	1	passive	POD_STOP
C_STOP	10nF C0603C103K5RACAUTO	Capacitor_SMD:C_0603_1608Metric	OPERATORS	2	2	passive	AUX_0V
R_VLINEH0	TNPW1206249KBEEA 249kR 0.1%	Resistor_SMD:R_1206_3216Metric	VLINE	1	1	passive	L_AUX
R_VLINEH0	TNPW1206249KBEEA 249kR 0.1%	Resistor_SMD:R_1206_3216Metric	VLINE	2	2	passive	VLINE_DIV0
R_VLINEH1	TNPW1206249KBEEA 249kR 0.1%	Resistor_SMD:R_1206_3216Metric	VLINE	1	1	passive	VLINE_DIV0
R_VLINEH1	TNPW1206249KBEEA 249kR 0.1%	Resistor_SMD:R_1206_3216Metric	VLINE	2	2	passive	VLINE_DIV1
R_VLINEH2	TNPW1206249KBEEA 249kR 0.1%	Resistor_SMD:R_1206_3216Metric	VLINE	1	1	passive	VLINE_DIV1
R_VLINEH2	TNPW1206249KBEEA 249kR 0.1%	Resistor_SMD:R_1206_3216Metric	VLINE	2	2	passive	VLINE_DIV2
R_VLINEH3	TNPW1206249KBEEA 249kR 0.1%	Resistor_SMD:R_1206_3216Metric	VLINE	1	1	passive	VLINE_DIV2
R_VLINEH3	TNPW1206249KBEEA 249kR 0.1%	Resistor_SMD:R_1206_3216Metric	VLINE	2	2	passive	VLINE_TAP
R_VLINEL	TNPW12064K02BEEA 4.02kR 0.1%	Resistor_SMD:R_1206_3216Metric	VLINE	1	1	passive	VLINE_TAP
R_VLINEL	TNPW12064K02BEEA 4.02kR 0.1%	Resistor_SMD:R_1206_3216Metric	VLINE	2	2	passive	N_AUX
C_VLINEIN	1nF C0603C102J5GACTU	Capacitor_SMD:C_0603_1608Metric	VLINE	1	1	passive	VLINE_TAP
C_VLINEIN	1nF C0603C102J5GACTU	Capacitor_SMD:C_0603_1608Metric	VLINE	2	2	passive	N_AUX
U_VLINE	AMC3330DWE	Package_SO:SOIC-16W_7.5x10.3mm_P1.27mm	VLINE	1	DCDC_OUT	power_out	VLINE_DCDC_H
U_VLINE	AMC3330DWE	Package_SO:SOIC-16W_7.5x10.3mm_P1.27mm	VLINE	2	DCDC_HGND	passive	N_AUX
U_VLINE	AMC3330DWE	Package_SO:SOIC-16W_7.5x10.3mm_P1.27mm	VLINE	3	HLDO_IN	power_in	VLINE_DCDC_H
U_VLINE	AMC3330DWE	Package_SO:SOIC-16W_7.5x10.3mm_P1.27mm	VLINE	4	NC	no_connect	NC
U_VLINE	AMC3330DWE	Package_SO:SOIC-16W_7.5x10.3mm_P1.27mm	VLINE	5	HLDO_OUT	power_out	VLINE_HLDO
U_VLINE	AMC3330DWE	Package_SO:SOIC-16W_7.5x10.3mm_P1.27mm	VLINE	6	INP	input	VLINE_TAP
U_VLINE	AMC3330DWE	Package_SO:SOIC-16W_7.5x10.3mm_P1.27mm	VLINE	7	INN	input	N_AUX
U_VLINE	AMC3330DWE	Package_SO:SOIC-16W_7.5x10.3mm_P1.27mm	VLINE	8	HGND	passive	N_AUX
U_VLINE	AMC3330DWE	Package_SO:SOIC-16W_7.5x10.3mm_P1.27mm	VLINE	9	GND	power_in	AUX_0V
U_VLINE	AMC3330DWE	Package_SO:SOIC-16W_7.5x10.3mm_P1.27mm	VLINE	10	OUTN	output	VLINE_N
U_VLINE	AMC3330DWE	Package_SO:SOIC-16W_7.5x10.3mm_P1.27mm	VLINE	11	OUTP	output	VLINE_P
U_VLINE	AMC3330DWE	Package_SO:SOIC-16W_7.5x10.3mm_P1.27mm	VLINE	12	VDD	power_in	POD_3V3
U_VLINE	AMC3330DWE	Package_SO:SOIC-16W_7.5x10.3mm_P1.27mm	VLINE	13	LDO_OUT	power_out	VLINE_DCDC_L
U_VLINE	AMC3330DWE	Package_SO:SOIC-16W_7.5x10.3mm_P1.27mm	VLINE	14	DIAG_N	open_collector	VLINE_DIAG_N
U_VLINE	AMC3330DWE	Package_SO:SOIC-16W_7.5x10.3mm_P1.27mm	VLINE	15	DCDC_GND	power_in	AUX_0V
U_VLINE	AMC3330DWE	Package_SO:SOIC-16W_7.5x10.3mm_P1.27mm	VLINE	16	DCDC_IN	power_in	VLINE_DCDC_L
C_VLINEV1	1nF 12065C102KAT2A	Capacitor_SMD:C_1206_3216Metric	VLINE	1	1	passive	POD_3V3
C_VLINEV1	1nF 12065C102KAT2A	Capacitor_SMD:C_1206_3216Metric	VLINE	2	2	passive	AUX_0V
C_VLINEV2	1uF 12063C105KAT2A	Capacitor_SMD:C_1206_3216Metric	VLINE	1	1	passive	POD_3V3
C_VLINEV2	1uF 12063C105KAT2A	Capacitor_SMD:C_1206_3216Metric	VLINE	2	2	passive	AUX_0V
C_VLINEH1	1uF CGA3E1X7R1E105K080AC	Capacitor_SMD:C_0603_1608Metric	VLINE	1	1	passive	VLINE_DCDC_H
C_VLINEH1	1uF CGA3E1X7R1E105K080AC	Capacitor_SMD:C_0603_1608Metric	VLINE	2	2	passive	N_AUX
C_VLINEH2	1nF C0603C102K5RACTU	Capacitor_SMD:C_0603_1608Metric	VLINE	1	1	passive	VLINE_DCDC_H
C_VLINEH2	1nF C0603C102K5RACTU	Capacitor_SMD:C_0603_1608Metric	VLINE	2	2	passive	N_AUX
C_VLINEL	100nF C0603C104K5RACAUTO	Capacitor_SMD:C_0603_1608Metric	VLINE	1	1	passive	VLINE_DCDC_L
C_VLINEL	100nF C0603C104K5RACAUTO	Capacitor_SMD:C_0603_1608Metric	VLINE	2	2	passive	AUX_0V
C_VLINEHL1	100nF C0603C104K5RACAUTO	Capacitor_SMD:C_0603_1608Metric	VLINE	1	1	passive	VLINE_HLDO
C_VLINEHL1	100nF C0603C104K5RACAUTO	Capacitor_SMD:C_0603_1608Metric	VLINE	2	2	passive	N_AUX
C_VLINEHL2	1nF C0603C102K5RACTU	Capacitor_SMD:C_0603_1608Metric	VLINE	1	1	passive	VLINE_HLDO
C_VLINEHL2	1nF C0603C102K5RACTU	Capacitor_SMD:C_0603_1608Metric	VLINE	2	2	passive	N_AUX
R_VLINEDIAG	10kR CRCW060310K0FKEA	Resistor_SMD:R_0603_1608Metric	VLINE	1	1	passive	POD_3V3
R_VLINEDIAG	10kR CRCW060310K0FKEA	Resistor_SMD:R_0603_1608Metric	VLINE	2	2	passive	VLINE_DIAG_N
R_VLINEPA	10kR 0.1% TNPW060310K0BEEA	Resistor_SMD:R_0603_1608Metric	ADC	1	1	passive	VLINE_P
R_VLINEPA	10kR 0.1% TNPW060310K0BEEA	Resistor_SMD:R_0603_1608Metric	ADC	2	2	passive	VLINE_ADC_P
R_VLINEPB	10kR 0.1% TNPW060310K0BEEA	Resistor_SMD:R_0603_1608Metric	ADC	1	1	passive	VLINE_ADC_P
R_VLINEPB	10kR 0.1% TNPW060310K0BEEA	Resistor_SMD:R_0603_1608Metric	ADC	2	2	passive	AUX_0V
R_VLINENA	10kR 0.1% TNPW060310K0BEEA	Resistor_SMD:R_0603_1608Metric	ADC	1	1	passive	VLINE_N
R_VLINENA	10kR 0.1% TNPW060310K0BEEA	Resistor_SMD:R_0603_1608Metric	ADC	2	2	passive	VLINE_ADC_N
R_VLINENB	10kR 0.1% TNPW060310K0BEEA	Resistor_SMD:R_0603_1608Metric	ADC	1	1	passive	VLINE_ADC_N
R_VLINENB	10kR 0.1% TNPW060310K0BEEA	Resistor_SMD:R_0603_1608Metric	ADC	2	2	passive	AUX_0V
C_VLINEADC	1nF C0603C102J5GACTU	Capacitor_SMD:C_0603_1608Metric	ADC	1	1	passive	VLINE_ADC_P
C_VLINEADC	1nF C0603C102J5GACTU	Capacitor_SMD:C_0603_1608Metric	ADC	2	2	passive	VLINE_ADC_N
R_VPREH0	TNPW1206249KBEEA 249kR 0.1%	Resistor_SMD:R_1206_3216Metric	VPRE	1	1	passive	L_SER
R_VPREH0	TNPW1206249KBEEA 249kR 0.1%	Resistor_SMD:R_1206_3216Metric	VPRE	2	2	passive	VPRE_DIV0
R_VPREH1	TNPW1206249KBEEA 249kR 0.1%	Resistor_SMD:R_1206_3216Metric	VPRE	1	1	passive	VPRE_DIV0
R_VPREH1	TNPW1206249KBEEA 249kR 0.1%	Resistor_SMD:R_1206_3216Metric	VPRE	2	2	passive	VPRE_DIV1
R_VPREH2	TNPW1206249KBEEA 249kR 0.1%	Resistor_SMD:R_1206_3216Metric	VPRE	1	1	passive	VPRE_DIV1
R_VPREH2	TNPW1206249KBEEA 249kR 0.1%	Resistor_SMD:R_1206_3216Metric	VPRE	2	2	passive	VPRE_DIV2
R_VPREH3	TNPW1206249KBEEA 249kR 0.1%	Resistor_SMD:R_1206_3216Metric	VPRE	1	1	passive	VPRE_DIV2
R_VPREH3	TNPW1206249KBEEA 249kR 0.1%	Resistor_SMD:R_1206_3216Metric	VPRE	2	2	passive	VPRE_TAP
R_VPREL	TNPW12064K02BEEA 4.02kR 0.1%	Resistor_SMD:R_1206_3216Metric	VPRE	1	1	passive	VPRE_TAP
R_VPREL	TNPW12064K02BEEA 4.02kR 0.1%	Resistor_SMD:R_1206_3216Metric	VPRE	2	2	passive	L_PRE
C_VPREIN	1nF C0603C102J5GACTU	Capacitor_SMD:C_0603_1608Metric	VPRE	1	1	passive	VPRE_TAP
C_VPREIN	1nF C0603C102J5GACTU	Capacitor_SMD:C_0603_1608Metric	VPRE	2	2	passive	L_PRE
U_VPRE	AMC3330DWE	Package_SO:SOIC-16W_7.5x10.3mm_P1.27mm	VPRE	1	DCDC_OUT	power_out	VPRE_DCDC_H
U_VPRE	AMC3330DWE	Package_SO:SOIC-16W_7.5x10.3mm_P1.27mm	VPRE	2	DCDC_HGND	passive	L_PRE
U_VPRE	AMC3330DWE	Package_SO:SOIC-16W_7.5x10.3mm_P1.27mm	VPRE	3	HLDO_IN	power_in	VPRE_DCDC_H
U_VPRE	AMC3330DWE	Package_SO:SOIC-16W_7.5x10.3mm_P1.27mm	VPRE	4	NC	no_connect	NC
U_VPRE	AMC3330DWE	Package_SO:SOIC-16W_7.5x10.3mm_P1.27mm	VPRE	5	HLDO_OUT	power_out	VPRE_HLDO
U_VPRE	AMC3330DWE	Package_SO:SOIC-16W_7.5x10.3mm_P1.27mm	VPRE	6	INP	input	VPRE_TAP
U_VPRE	AMC3330DWE	Package_SO:SOIC-16W_7.5x10.3mm_P1.27mm	VPRE	7	INN	input	L_PRE
U_VPRE	AMC3330DWE	Package_SO:SOIC-16W_7.5x10.3mm_P1.27mm	VPRE	8	HGND	passive	L_PRE
U_VPRE	AMC3330DWE	Package_SO:SOIC-16W_7.5x10.3mm_P1.27mm	VPRE	9	GND	power_in	AUX_0V
U_VPRE	AMC3330DWE	Package_SO:SOIC-16W_7.5x10.3mm_P1.27mm	VPRE	10	OUTN	output	VPRE_N
U_VPRE	AMC3330DWE	Package_SO:SOIC-16W_7.5x10.3mm_P1.27mm	VPRE	11	OUTP	output	VPRE_P
U_VPRE	AMC3330DWE	Package_SO:SOIC-16W_7.5x10.3mm_P1.27mm	VPRE	12	VDD	power_in	POD_3V3
U_VPRE	AMC3330DWE	Package_SO:SOIC-16W_7.5x10.3mm_P1.27mm	VPRE	13	LDO_OUT	power_out	VPRE_DCDC_L
U_VPRE	AMC3330DWE	Package_SO:SOIC-16W_7.5x10.3mm_P1.27mm	VPRE	14	DIAG_N	open_collector	VPRE_DIAG_N
U_VPRE	AMC3330DWE	Package_SO:SOIC-16W_7.5x10.3mm_P1.27mm	VPRE	15	DCDC_GND	power_in	AUX_0V
U_VPRE	AMC3330DWE	Package_SO:SOIC-16W_7.5x10.3mm_P1.27mm	VPRE	16	DCDC_IN	power_in	VPRE_DCDC_L
C_VPREV1	1nF 12065C102KAT2A	Capacitor_SMD:C_1206_3216Metric	VPRE	1	1	passive	POD_3V3
C_VPREV1	1nF 12065C102KAT2A	Capacitor_SMD:C_1206_3216Metric	VPRE	2	2	passive	AUX_0V
C_VPREV2	1uF 12063C105KAT2A	Capacitor_SMD:C_1206_3216Metric	VPRE	1	1	passive	POD_3V3
C_VPREV2	1uF 12063C105KAT2A	Capacitor_SMD:C_1206_3216Metric	VPRE	2	2	passive	AUX_0V
C_VPREH1	1uF CGA3E1X7R1E105K080AC	Capacitor_SMD:C_0603_1608Metric	VPRE	1	1	passive	VPRE_DCDC_H
C_VPREH1	1uF CGA3E1X7R1E105K080AC	Capacitor_SMD:C_0603_1608Metric	VPRE	2	2	passive	L_PRE
C_VPREH2	1nF C0603C102K5RACTU	Capacitor_SMD:C_0603_1608Metric	VPRE	1	1	passive	VPRE_DCDC_H
C_VPREH2	1nF C0603C102K5RACTU	Capacitor_SMD:C_0603_1608Metric	VPRE	2	2	passive	L_PRE
C_VPREL	100nF C0603C104K5RACAUTO	Capacitor_SMD:C_0603_1608Metric	VPRE	1	1	passive	VPRE_DCDC_L
C_VPREL	100nF C0603C104K5RACAUTO	Capacitor_SMD:C_0603_1608Metric	VPRE	2	2	passive	AUX_0V
C_VPREHL1	100nF C0603C104K5RACAUTO	Capacitor_SMD:C_0603_1608Metric	VPRE	1	1	passive	VPRE_HLDO
C_VPREHL1	100nF C0603C104K5RACAUTO	Capacitor_SMD:C_0603_1608Metric	VPRE	2	2	passive	L_PRE
C_VPREHL2	1nF C0603C102K5RACTU	Capacitor_SMD:C_0603_1608Metric	VPRE	1	1	passive	VPRE_HLDO
C_VPREHL2	1nF C0603C102K5RACTU	Capacitor_SMD:C_0603_1608Metric	VPRE	2	2	passive	L_PRE
R_VPREDIAG	10kR CRCW060310K0FKEA	Resistor_SMD:R_0603_1608Metric	VPRE	1	1	passive	POD_3V3
R_VPREDIAG	10kR CRCW060310K0FKEA	Resistor_SMD:R_0603_1608Metric	VPRE	2	2	passive	VPRE_DIAG_N
R_VPREPA	10kR 0.1% TNPW060310K0BEEA	Resistor_SMD:R_0603_1608Metric	ADC	1	1	passive	VPRE_P
R_VPREPA	10kR 0.1% TNPW060310K0BEEA	Resistor_SMD:R_0603_1608Metric	ADC	2	2	passive	VPRE_ADC_P
R_VPREPB	10kR 0.1% TNPW060310K0BEEA	Resistor_SMD:R_0603_1608Metric	ADC	1	1	passive	VPRE_ADC_P
R_VPREPB	10kR 0.1% TNPW060310K0BEEA	Resistor_SMD:R_0603_1608Metric	ADC	2	2	passive	AUX_0V
R_VPRENA	10kR 0.1% TNPW060310K0BEEA	Resistor_SMD:R_0603_1608Metric	ADC	1	1	passive	VPRE_N
R_VPRENA	10kR 0.1% TNPW060310K0BEEA	Resistor_SMD:R_0603_1608Metric	ADC	2	2	passive	VPRE_ADC_N
R_VPRENB	10kR 0.1% TNPW060310K0BEEA	Resistor_SMD:R_0603_1608Metric	ADC	1	1	passive	VPRE_ADC_N
R_VPRENB	10kR 0.1% TNPW060310K0BEEA	Resistor_SMD:R_0603_1608Metric	ADC	2	2	passive	AUX_0V
C_VPREADC	1nF C0603C102J5GACTU	Capacitor_SMD:C_0603_1608Metric	ADC	1	1	passive	VPRE_ADC_P
C_VPREADC	1nF C0603C102J5GACTU	Capacitor_SMD:C_0603_1608Metric	ADC	2	2	passive	VPRE_ADC_N
R_VOUTH0	TNPW1206249KBEEA 249kR 0.1%	Resistor_SMD:R_1206_3216Metric	VOUT	1	1	passive	L_PRE
R_VOUTH0	TNPW1206249KBEEA 249kR 0.1%	Resistor_SMD:R_1206_3216Metric	VOUT	2	2	passive	VOUT_DIV0
R_VOUTH1	TNPW1206249KBEEA 249kR 0.1%	Resistor_SMD:R_1206_3216Metric	VOUT	1	1	passive	VOUT_DIV0
R_VOUTH1	TNPW1206249KBEEA 249kR 0.1%	Resistor_SMD:R_1206_3216Metric	VOUT	2	2	passive	VOUT_DIV1
R_VOUTH2	TNPW1206249KBEEA 249kR 0.1%	Resistor_SMD:R_1206_3216Metric	VOUT	1	1	passive	VOUT_DIV1
R_VOUTH2	TNPW1206249KBEEA 249kR 0.1%	Resistor_SMD:R_1206_3216Metric	VOUT	2	2	passive	VOUT_DIV2
R_VOUTH3	TNPW1206249KBEEA 249kR 0.1%	Resistor_SMD:R_1206_3216Metric	VOUT	1	1	passive	VOUT_DIV2
R_VOUTH3	TNPW1206249KBEEA 249kR 0.1%	Resistor_SMD:R_1206_3216Metric	VOUT	2	2	passive	VOUT_TAP
R_VOUTL	TNPW12064K02BEEA 4.02kR 0.1%	Resistor_SMD:R_1206_3216Metric	VOUT	1	1	passive	VOUT_TAP
R_VOUTL	TNPW12064K02BEEA 4.02kR 0.1%	Resistor_SMD:R_1206_3216Metric	VOUT	2	2	passive	N_PRE
C_VOUTIN	1nF C0603C102J5GACTU	Capacitor_SMD:C_0603_1608Metric	VOUT	1	1	passive	VOUT_TAP
C_VOUTIN	1nF C0603C102J5GACTU	Capacitor_SMD:C_0603_1608Metric	VOUT	2	2	passive	N_PRE
U_VOUT	AMC3330DWE	Package_SO:SOIC-16W_7.5x10.3mm_P1.27mm	VOUT	1	DCDC_OUT	power_out	VOUT_DCDC_H
U_VOUT	AMC3330DWE	Package_SO:SOIC-16W_7.5x10.3mm_P1.27mm	VOUT	2	DCDC_HGND	passive	N_PRE
U_VOUT	AMC3330DWE	Package_SO:SOIC-16W_7.5x10.3mm_P1.27mm	VOUT	3	HLDO_IN	power_in	VOUT_DCDC_H
U_VOUT	AMC3330DWE	Package_SO:SOIC-16W_7.5x10.3mm_P1.27mm	VOUT	4	NC	no_connect	NC
U_VOUT	AMC3330DWE	Package_SO:SOIC-16W_7.5x10.3mm_P1.27mm	VOUT	5	HLDO_OUT	power_out	VOUT_HLDO
U_VOUT	AMC3330DWE	Package_SO:SOIC-16W_7.5x10.3mm_P1.27mm	VOUT	6	INP	input	VOUT_TAP
U_VOUT	AMC3330DWE	Package_SO:SOIC-16W_7.5x10.3mm_P1.27mm	VOUT	7	INN	input	N_PRE
U_VOUT	AMC3330DWE	Package_SO:SOIC-16W_7.5x10.3mm_P1.27mm	VOUT	8	HGND	passive	N_PRE
U_VOUT	AMC3330DWE	Package_SO:SOIC-16W_7.5x10.3mm_P1.27mm	VOUT	9	GND	power_in	AUX_0V
U_VOUT	AMC3330DWE	Package_SO:SOIC-16W_7.5x10.3mm_P1.27mm	VOUT	10	OUTN	output	VOUT_N
U_VOUT	AMC3330DWE	Package_SO:SOIC-16W_7.5x10.3mm_P1.27mm	VOUT	11	OUTP	output	VOUT_P
U_VOUT	AMC3330DWE	Package_SO:SOIC-16W_7.5x10.3mm_P1.27mm	VOUT	12	VDD	power_in	POD_3V3
U_VOUT	AMC3330DWE	Package_SO:SOIC-16W_7.5x10.3mm_P1.27mm	VOUT	13	LDO_OUT	power_out	VOUT_DCDC_L
U_VOUT	AMC3330DWE	Package_SO:SOIC-16W_7.5x10.3mm_P1.27mm	VOUT	14	DIAG_N	open_collector	VOUT_DIAG_N
U_VOUT	AMC3330DWE	Package_SO:SOIC-16W_7.5x10.3mm_P1.27mm	VOUT	15	DCDC_GND	power_in	AUX_0V
U_VOUT	AMC3330DWE	Package_SO:SOIC-16W_7.5x10.3mm_P1.27mm	VOUT	16	DCDC_IN	power_in	VOUT_DCDC_L
C_VOUTV1	1nF 12065C102KAT2A	Capacitor_SMD:C_1206_3216Metric	VOUT	1	1	passive	POD_3V3
C_VOUTV1	1nF 12065C102KAT2A	Capacitor_SMD:C_1206_3216Metric	VOUT	2	2	passive	AUX_0V
C_VOUTV2	1uF 12063C105KAT2A	Capacitor_SMD:C_1206_3216Metric	VOUT	1	1	passive	POD_3V3
C_VOUTV2	1uF 12063C105KAT2A	Capacitor_SMD:C_1206_3216Metric	VOUT	2	2	passive	AUX_0V
C_VOUTH1	1uF CGA3E1X7R1E105K080AC	Capacitor_SMD:C_0603_1608Metric	VOUT	1	1	passive	VOUT_DCDC_H
C_VOUTH1	1uF CGA3E1X7R1E105K080AC	Capacitor_SMD:C_0603_1608Metric	VOUT	2	2	passive	N_PRE
C_VOUTH2	1nF C0603C102K5RACTU	Capacitor_SMD:C_0603_1608Metric	VOUT	1	1	passive	VOUT_DCDC_H
C_VOUTH2	1nF C0603C102K5RACTU	Capacitor_SMD:C_0603_1608Metric	VOUT	2	2	passive	N_PRE
C_VOUTL	100nF C0603C104K5RACAUTO	Capacitor_SMD:C_0603_1608Metric	VOUT	1	1	passive	VOUT_DCDC_L
C_VOUTL	100nF C0603C104K5RACAUTO	Capacitor_SMD:C_0603_1608Metric	VOUT	2	2	passive	AUX_0V
C_VOUTHL1	100nF C0603C104K5RACAUTO	Capacitor_SMD:C_0603_1608Metric	VOUT	1	1	passive	VOUT_HLDO
C_VOUTHL1	100nF C0603C104K5RACAUTO	Capacitor_SMD:C_0603_1608Metric	VOUT	2	2	passive	N_PRE
C_VOUTHL2	1nF C0603C102K5RACTU	Capacitor_SMD:C_0603_1608Metric	VOUT	1	1	passive	VOUT_HLDO
C_VOUTHL2	1nF C0603C102K5RACTU	Capacitor_SMD:C_0603_1608Metric	VOUT	2	2	passive	N_PRE
R_VOUTDIAG	10kR CRCW060310K0FKEA	Resistor_SMD:R_0603_1608Metric	VOUT	1	1	passive	POD_3V3
R_VOUTDIAG	10kR CRCW060310K0FKEA	Resistor_SMD:R_0603_1608Metric	VOUT	2	2	passive	VOUT_DIAG_N
R_VOUTPA	10kR 0.1% TNPW060310K0BEEA	Resistor_SMD:R_0603_1608Metric	ADC	1	1	passive	VOUT_P
R_VOUTPA	10kR 0.1% TNPW060310K0BEEA	Resistor_SMD:R_0603_1608Metric	ADC	2	2	passive	VOUT_ADC_P
R_VOUTPB	10kR 0.1% TNPW060310K0BEEA	Resistor_SMD:R_0603_1608Metric	ADC	1	1	passive	VOUT_ADC_P
R_VOUTPB	10kR 0.1% TNPW060310K0BEEA	Resistor_SMD:R_0603_1608Metric	ADC	2	2	passive	AUX_0V
R_VOUTNA	10kR 0.1% TNPW060310K0BEEA	Resistor_SMD:R_0603_1608Metric	ADC	1	1	passive	VOUT_N
R_VOUTNA	10kR 0.1% TNPW060310K0BEEA	Resistor_SMD:R_0603_1608Metric	ADC	2	2	passive	VOUT_ADC_N
R_VOUTNB	10kR 0.1% TNPW060310K0BEEA	Resistor_SMD:R_0603_1608Metric	ADC	1	1	passive	VOUT_ADC_N
R_VOUTNB	10kR 0.1% TNPW060310K0BEEA	Resistor_SMD:R_0603_1608Metric	ADC	2	2	passive	AUX_0V
C_VOUTADC	1nF C0603C102J5GACTU	Capacitor_SMD:C_0603_1608Metric	ADC	1	1	passive	VOUT_ADC_P
C_VOUTADC	1nF C0603C102J5GACTU	Capacitor_SMD:C_0603_1608Metric	ADC	2	2	passive	VOUT_ADC_N
R_VBUSH0	TNPW1206249KBEEA 249kR 0.1%	Resistor_SMD:R_1206_3216Metric	VBUS	1	1	passive	BUS_P
R_VBUSH0	TNPW1206249KBEEA 249kR 0.1%	Resistor_SMD:R_1206_3216Metric	VBUS	2	2	passive	VBUS_DIV0
R_VBUSH1	TNPW1206249KBEEA 249kR 0.1%	Resistor_SMD:R_1206_3216Metric	VBUS	1	1	passive	VBUS_DIV0
R_VBUSH1	TNPW1206249KBEEA 249kR 0.1%	Resistor_SMD:R_1206_3216Metric	VBUS	2	2	passive	VBUS_DIV1
R_VBUSH2	TNPW1206249KBEEA 249kR 0.1%	Resistor_SMD:R_1206_3216Metric	VBUS	1	1	passive	VBUS_DIV1
R_VBUSH2	TNPW1206249KBEEA 249kR 0.1%	Resistor_SMD:R_1206_3216Metric	VBUS	2	2	passive	VBUS_DIV2
R_VBUSH3	TNPW1206249KBEEA 249kR 0.1%	Resistor_SMD:R_1206_3216Metric	VBUS	1	1	passive	VBUS_DIV2
R_VBUSH3	TNPW1206249KBEEA 249kR 0.1%	Resistor_SMD:R_1206_3216Metric	VBUS	2	2	passive	VBUS_DIV3
R_VBUSH4	TNPW1206249KBEEA 249kR 0.1%	Resistor_SMD:R_1206_3216Metric	VBUS	1	1	passive	VBUS_DIV3
R_VBUSH4	TNPW1206249KBEEA 249kR 0.1%	Resistor_SMD:R_1206_3216Metric	VBUS	2	2	passive	VBUS_DIV4
R_VBUSH5	TNPW1206249KBEEA 249kR 0.1%	Resistor_SMD:R_1206_3216Metric	VBUS	1	1	passive	VBUS_DIV4
R_VBUSH5	TNPW1206249KBEEA 249kR 0.1%	Resistor_SMD:R_1206_3216Metric	VBUS	2	2	passive	VBUS_DIV5
R_VBUSH6	TNPW1206249KBEEA 249kR 0.1%	Resistor_SMD:R_1206_3216Metric	VBUS	1	1	passive	VBUS_DIV5
R_VBUSH6	TNPW1206249KBEEA 249kR 0.1%	Resistor_SMD:R_1206_3216Metric	VBUS	2	2	passive	VBUS_DIV6
R_VBUSH7	TNPW1206249KBEEA 249kR 0.1%	Resistor_SMD:R_1206_3216Metric	VBUS	1	1	passive	VBUS_DIV6
R_VBUSH7	TNPW1206249KBEEA 249kR 0.1%	Resistor_SMD:R_1206_3216Metric	VBUS	2	2	passive	VBUS_TAP
R_VBUSL	TNPW12062K49BEEA 2.49kR 0.1%	Resistor_SMD:R_1206_3216Metric	VBUS	1	1	passive	VBUS_TAP
R_VBUSL	TNPW12062K49BEEA 2.49kR 0.1%	Resistor_SMD:R_1206_3216Metric	VBUS	2	2	passive	HV_RET
C_VBUSIN	1nF C0603C102J5GACTU	Capacitor_SMD:C_0603_1608Metric	VBUS	1	1	passive	VBUS_TAP
C_VBUSIN	1nF C0603C102J5GACTU	Capacitor_SMD:C_0603_1608Metric	VBUS	2	2	passive	HV_RET
U_VBUS	AMC3330DWE	Package_SO:SOIC-16W_7.5x10.3mm_P1.27mm	VBUS	1	DCDC_OUT	power_out	VBUS_DCDC_H
U_VBUS	AMC3330DWE	Package_SO:SOIC-16W_7.5x10.3mm_P1.27mm	VBUS	2	DCDC_HGND	passive	HV_RET
U_VBUS	AMC3330DWE	Package_SO:SOIC-16W_7.5x10.3mm_P1.27mm	VBUS	3	HLDO_IN	power_in	VBUS_DCDC_H
U_VBUS	AMC3330DWE	Package_SO:SOIC-16W_7.5x10.3mm_P1.27mm	VBUS	4	NC	no_connect	NC
U_VBUS	AMC3330DWE	Package_SO:SOIC-16W_7.5x10.3mm_P1.27mm	VBUS	5	HLDO_OUT	power_out	VBUS_HLDO
U_VBUS	AMC3330DWE	Package_SO:SOIC-16W_7.5x10.3mm_P1.27mm	VBUS	6	INP	input	VBUS_TAP
U_VBUS	AMC3330DWE	Package_SO:SOIC-16W_7.5x10.3mm_P1.27mm	VBUS	7	INN	input	HV_RET
U_VBUS	AMC3330DWE	Package_SO:SOIC-16W_7.5x10.3mm_P1.27mm	VBUS	8	HGND	passive	HV_RET
U_VBUS	AMC3330DWE	Package_SO:SOIC-16W_7.5x10.3mm_P1.27mm	VBUS	9	GND	power_in	AUX_0V
U_VBUS	AMC3330DWE	Package_SO:SOIC-16W_7.5x10.3mm_P1.27mm	VBUS	10	OUTN	output	VBUS_N
U_VBUS	AMC3330DWE	Package_SO:SOIC-16W_7.5x10.3mm_P1.27mm	VBUS	11	OUTP	output	VBUS_P
U_VBUS	AMC3330DWE	Package_SO:SOIC-16W_7.5x10.3mm_P1.27mm	VBUS	12	VDD	power_in	POD_3V3
U_VBUS	AMC3330DWE	Package_SO:SOIC-16W_7.5x10.3mm_P1.27mm	VBUS	13	LDO_OUT	power_out	VBUS_DCDC_L
U_VBUS	AMC3330DWE	Package_SO:SOIC-16W_7.5x10.3mm_P1.27mm	VBUS	14	DIAG_N	open_collector	VBUS_DIAG_N
U_VBUS	AMC3330DWE	Package_SO:SOIC-16W_7.5x10.3mm_P1.27mm	VBUS	15	DCDC_GND	power_in	AUX_0V
U_VBUS	AMC3330DWE	Package_SO:SOIC-16W_7.5x10.3mm_P1.27mm	VBUS	16	DCDC_IN	power_in	VBUS_DCDC_L
C_VBUSV1	1nF 12065C102KAT2A	Capacitor_SMD:C_1206_3216Metric	VBUS	1	1	passive	POD_3V3
C_VBUSV1	1nF 12065C102KAT2A	Capacitor_SMD:C_1206_3216Metric	VBUS	2	2	passive	AUX_0V
C_VBUSV2	1uF 12063C105KAT2A	Capacitor_SMD:C_1206_3216Metric	VBUS	1	1	passive	POD_3V3
C_VBUSV2	1uF 12063C105KAT2A	Capacitor_SMD:C_1206_3216Metric	VBUS	2	2	passive	AUX_0V
C_VBUSH1	1uF CGA3E1X7R1E105K080AC	Capacitor_SMD:C_0603_1608Metric	VBUS	1	1	passive	VBUS_DCDC_H
C_VBUSH1	1uF CGA3E1X7R1E105K080AC	Capacitor_SMD:C_0603_1608Metric	VBUS	2	2	passive	HV_RET
C_VBUSH2	1nF C0603C102K5RACTU	Capacitor_SMD:C_0603_1608Metric	VBUS	1	1	passive	VBUS_DCDC_H
C_VBUSH2	1nF C0603C102K5RACTU	Capacitor_SMD:C_0603_1608Metric	VBUS	2	2	passive	HV_RET
C_VBUSL	100nF C0603C104K5RACAUTO	Capacitor_SMD:C_0603_1608Metric	VBUS	1	1	passive	VBUS_DCDC_L
C_VBUSL	100nF C0603C104K5RACAUTO	Capacitor_SMD:C_0603_1608Metric	VBUS	2	2	passive	AUX_0V
C_VBUSHL1	100nF C0603C104K5RACAUTO	Capacitor_SMD:C_0603_1608Metric	VBUS	1	1	passive	VBUS_HLDO
C_VBUSHL1	100nF C0603C104K5RACAUTO	Capacitor_SMD:C_0603_1608Metric	VBUS	2	2	passive	HV_RET
C_VBUSHL2	1nF C0603C102K5RACTU	Capacitor_SMD:C_0603_1608Metric	VBUS	1	1	passive	VBUS_HLDO
C_VBUSHL2	1nF C0603C102K5RACTU	Capacitor_SMD:C_0603_1608Metric	VBUS	2	2	passive	HV_RET
R_VBUSDIAG	10kR CRCW060310K0FKEA	Resistor_SMD:R_0603_1608Metric	VBUS	1	1	passive	POD_3V3
R_VBUSDIAG	10kR CRCW060310K0FKEA	Resistor_SMD:R_0603_1608Metric	VBUS	2	2	passive	VBUS_DIAG_N
R_VBUSPA	10kR 0.1% TNPW060310K0BEEA	Resistor_SMD:R_0603_1608Metric	ADC	1	1	passive	VBUS_P
R_VBUSPA	10kR 0.1% TNPW060310K0BEEA	Resistor_SMD:R_0603_1608Metric	ADC	2	2	passive	VBUS_ADC_P
R_VBUSPB	10kR 0.1% TNPW060310K0BEEA	Resistor_SMD:R_0603_1608Metric	ADC	1	1	passive	VBUS_ADC_P
R_VBUSPB	10kR 0.1% TNPW060310K0BEEA	Resistor_SMD:R_0603_1608Metric	ADC	2	2	passive	AUX_0V
R_VBUSNA	10kR 0.1% TNPW060310K0BEEA	Resistor_SMD:R_0603_1608Metric	ADC	1	1	passive	VBUS_N
R_VBUSNA	10kR 0.1% TNPW060310K0BEEA	Resistor_SMD:R_0603_1608Metric	ADC	2	2	passive	VBUS_ADC_N
R_VBUSNB	10kR 0.1% TNPW060310K0BEEA	Resistor_SMD:R_0603_1608Metric	ADC	1	1	passive	VBUS_ADC_N
R_VBUSNB	10kR 0.1% TNPW060310K0BEEA	Resistor_SMD:R_0603_1608Metric	ADC	2	2	passive	AUX_0V
C_VBUSADC	1nF C0603C102J5GACTU	Capacitor_SMD:C_0603_1608Metric	ADC	1	1	passive	VBUS_ADC_P
C_VBUSADC	1nF C0603C102J5GACTU	Capacitor_SMD:C_0603_1608Metric	ADC	2	2	passive	VBUS_ADC_N
R_VCATCHH0	TNPW1206249KBEEA 249kR 0.1%	Resistor_SMD:R_1206_3216Metric	VCATCH	1	1	passive	CATCH_P
R_VCATCHH0	TNPW1206249KBEEA 249kR 0.1%	Resistor_SMD:R_1206_3216Metric	VCATCH	2	2	passive	VCATCH_DIV0
R_VCATCHH1	TNPW1206249KBEEA 249kR 0.1%	Resistor_SMD:R_1206_3216Metric	VCATCH	1	1	passive	VCATCH_DIV0
R_VCATCHH1	TNPW1206249KBEEA 249kR 0.1%	Resistor_SMD:R_1206_3216Metric	VCATCH	2	2	passive	VCATCH_DIV1
R_VCATCHH2	TNPW1206249KBEEA 249kR 0.1%	Resistor_SMD:R_1206_3216Metric	VCATCH	1	1	passive	VCATCH_DIV1
R_VCATCHH2	TNPW1206249KBEEA 249kR 0.1%	Resistor_SMD:R_1206_3216Metric	VCATCH	2	2	passive	VCATCH_DIV2
R_VCATCHH3	TNPW1206249KBEEA 249kR 0.1%	Resistor_SMD:R_1206_3216Metric	VCATCH	1	1	passive	VCATCH_DIV2
R_VCATCHH3	TNPW1206249KBEEA 249kR 0.1%	Resistor_SMD:R_1206_3216Metric	VCATCH	2	2	passive	VCATCH_DIV3
R_VCATCHH4	TNPW1206249KBEEA 249kR 0.1%	Resistor_SMD:R_1206_3216Metric	VCATCH	1	1	passive	VCATCH_DIV3
R_VCATCHH4	TNPW1206249KBEEA 249kR 0.1%	Resistor_SMD:R_1206_3216Metric	VCATCH	2	2	passive	VCATCH_DIV4
R_VCATCHH5	TNPW1206249KBEEA 249kR 0.1%	Resistor_SMD:R_1206_3216Metric	VCATCH	1	1	passive	VCATCH_DIV4
R_VCATCHH5	TNPW1206249KBEEA 249kR 0.1%	Resistor_SMD:R_1206_3216Metric	VCATCH	2	2	passive	VCATCH_DIV5
R_VCATCHH6	TNPW1206249KBEEA 249kR 0.1%	Resistor_SMD:R_1206_3216Metric	VCATCH	1	1	passive	VCATCH_DIV5
R_VCATCHH6	TNPW1206249KBEEA 249kR 0.1%	Resistor_SMD:R_1206_3216Metric	VCATCH	2	2	passive	VCATCH_DIV6
R_VCATCHH7	TNPW1206249KBEEA 249kR 0.1%	Resistor_SMD:R_1206_3216Metric	VCATCH	1	1	passive	VCATCH_DIV6
R_VCATCHH7	TNPW1206249KBEEA 249kR 0.1%	Resistor_SMD:R_1206_3216Metric	VCATCH	2	2	passive	VCATCH_TAP
R_VCATCHL	TNPW12062K49BEEA 2.49kR 0.1%	Resistor_SMD:R_1206_3216Metric	VCATCH	1	1	passive	VCATCH_TAP
R_VCATCHL	TNPW12062K49BEEA 2.49kR 0.1%	Resistor_SMD:R_1206_3216Metric	VCATCH	2	2	passive	HV_RET
C_VCATCHIN	1nF C0603C102J5GACTU	Capacitor_SMD:C_0603_1608Metric	VCATCH	1	1	passive	VCATCH_TAP
C_VCATCHIN	1nF C0603C102J5GACTU	Capacitor_SMD:C_0603_1608Metric	VCATCH	2	2	passive	HV_RET
U_VCATCH	AMC3330DWE	Package_SO:SOIC-16W_7.5x10.3mm_P1.27mm	VCATCH	1	DCDC_OUT	power_out	VCATCH_DCDC_H
U_VCATCH	AMC3330DWE	Package_SO:SOIC-16W_7.5x10.3mm_P1.27mm	VCATCH	2	DCDC_HGND	passive	HV_RET
U_VCATCH	AMC3330DWE	Package_SO:SOIC-16W_7.5x10.3mm_P1.27mm	VCATCH	3	HLDO_IN	power_in	VCATCH_DCDC_H
U_VCATCH	AMC3330DWE	Package_SO:SOIC-16W_7.5x10.3mm_P1.27mm	VCATCH	4	NC	no_connect	NC
U_VCATCH	AMC3330DWE	Package_SO:SOIC-16W_7.5x10.3mm_P1.27mm	VCATCH	5	HLDO_OUT	power_out	VCATCH_HLDO
U_VCATCH	AMC3330DWE	Package_SO:SOIC-16W_7.5x10.3mm_P1.27mm	VCATCH	6	INP	input	VCATCH_TAP
U_VCATCH	AMC3330DWE	Package_SO:SOIC-16W_7.5x10.3mm_P1.27mm	VCATCH	7	INN	input	HV_RET
U_VCATCH	AMC3330DWE	Package_SO:SOIC-16W_7.5x10.3mm_P1.27mm	VCATCH	8	HGND	passive	HV_RET
U_VCATCH	AMC3330DWE	Package_SO:SOIC-16W_7.5x10.3mm_P1.27mm	VCATCH	9	GND	power_in	AUX_0V
U_VCATCH	AMC3330DWE	Package_SO:SOIC-16W_7.5x10.3mm_P1.27mm	VCATCH	10	OUTN	output	VCATCH_N
U_VCATCH	AMC3330DWE	Package_SO:SOIC-16W_7.5x10.3mm_P1.27mm	VCATCH	11	OUTP	output	VCATCH_P
U_VCATCH	AMC3330DWE	Package_SO:SOIC-16W_7.5x10.3mm_P1.27mm	VCATCH	12	VDD	power_in	POD_3V3
U_VCATCH	AMC3330DWE	Package_SO:SOIC-16W_7.5x10.3mm_P1.27mm	VCATCH	13	LDO_OUT	power_out	VCATCH_DCDC_L
U_VCATCH	AMC3330DWE	Package_SO:SOIC-16W_7.5x10.3mm_P1.27mm	VCATCH	14	DIAG_N	open_collector	VCATCH_DIAG_N
U_VCATCH	AMC3330DWE	Package_SO:SOIC-16W_7.5x10.3mm_P1.27mm	VCATCH	15	DCDC_GND	power_in	AUX_0V
U_VCATCH	AMC3330DWE	Package_SO:SOIC-16W_7.5x10.3mm_P1.27mm	VCATCH	16	DCDC_IN	power_in	VCATCH_DCDC_L
C_VCATCHV1	1nF 12065C102KAT2A	Capacitor_SMD:C_1206_3216Metric	VCATCH	1	1	passive	POD_3V3
C_VCATCHV1	1nF 12065C102KAT2A	Capacitor_SMD:C_1206_3216Metric	VCATCH	2	2	passive	AUX_0V
C_VCATCHV2	1uF 12063C105KAT2A	Capacitor_SMD:C_1206_3216Metric	VCATCH	1	1	passive	POD_3V3
C_VCATCHV2	1uF 12063C105KAT2A	Capacitor_SMD:C_1206_3216Metric	VCATCH	2	2	passive	AUX_0V
C_VCATCHH1	1uF CGA3E1X7R1E105K080AC	Capacitor_SMD:C_0603_1608Metric	VCATCH	1	1	passive	VCATCH_DCDC_H
C_VCATCHH1	1uF CGA3E1X7R1E105K080AC	Capacitor_SMD:C_0603_1608Metric	VCATCH	2	2	passive	HV_RET
C_VCATCHH2	1nF C0603C102K5RACTU	Capacitor_SMD:C_0603_1608Metric	VCATCH	1	1	passive	VCATCH_DCDC_H
C_VCATCHH2	1nF C0603C102K5RACTU	Capacitor_SMD:C_0603_1608Metric	VCATCH	2	2	passive	HV_RET
C_VCATCHL	100nF C0603C104K5RACAUTO	Capacitor_SMD:C_0603_1608Metric	VCATCH	1	1	passive	VCATCH_DCDC_L
C_VCATCHL	100nF C0603C104K5RACAUTO	Capacitor_SMD:C_0603_1608Metric	VCATCH	2	2	passive	AUX_0V
C_VCATCHHL1	100nF C0603C104K5RACAUTO	Capacitor_SMD:C_0603_1608Metric	VCATCH	1	1	passive	VCATCH_HLDO
C_VCATCHHL1	100nF C0603C104K5RACAUTO	Capacitor_SMD:C_0603_1608Metric	VCATCH	2	2	passive	HV_RET
C_VCATCHHL2	1nF C0603C102K5RACTU	Capacitor_SMD:C_0603_1608Metric	VCATCH	1	1	passive	VCATCH_HLDO
C_VCATCHHL2	1nF C0603C102K5RACTU	Capacitor_SMD:C_0603_1608Metric	VCATCH	2	2	passive	HV_RET
R_VCATCHDIAG	10kR CRCW060310K0FKEA	Resistor_SMD:R_0603_1608Metric	VCATCH	1	1	passive	POD_3V3
R_VCATCHDIAG	10kR CRCW060310K0FKEA	Resistor_SMD:R_0603_1608Metric	VCATCH	2	2	passive	VCATCH_DIAG_N
R_VCATCHPA	10kR 0.1% TNPW060310K0BEEA	Resistor_SMD:R_0603_1608Metric	ADC	1	1	passive	VCATCH_P
R_VCATCHPA	10kR 0.1% TNPW060310K0BEEA	Resistor_SMD:R_0603_1608Metric	ADC	2	2	passive	VCATCH_ADC_P
R_VCATCHPB	10kR 0.1% TNPW060310K0BEEA	Resistor_SMD:R_0603_1608Metric	ADC	1	1	passive	VCATCH_ADC_P
R_VCATCHPB	10kR 0.1% TNPW060310K0BEEA	Resistor_SMD:R_0603_1608Metric	ADC	2	2	passive	AUX_0V
R_VCATCHNA	10kR 0.1% TNPW060310K0BEEA	Resistor_SMD:R_0603_1608Metric	ADC	1	1	passive	VCATCH_N
R_VCATCHNA	10kR 0.1% TNPW060310K0BEEA	Resistor_SMD:R_0603_1608Metric	ADC	2	2	passive	VCATCH_ADC_N
R_VCATCHNB	10kR 0.1% TNPW060310K0BEEA	Resistor_SMD:R_0603_1608Metric	ADC	1	1	passive	VCATCH_ADC_N
R_VCATCHNB	10kR 0.1% TNPW060310K0BEEA	Resistor_SMD:R_0603_1608Metric	ADC	2	2	passive	AUX_0V
C_VCATCHADC	1nF C0603C102J5GACTU	Capacitor_SMD:C_0603_1608Metric	ADC	1	1	passive	VCATCH_ADC_P
C_VCATCHADC	1nF C0603C102J5GACTU	Capacitor_SMD:C_0603_1608Metric	ADC	2	2	passive	VCATCH_ADC_N
R_VTANKH0	TNPW1206249KBEEA 249kR 0.1%	Resistor_SMD:R_1206_3216Metric	VTANK	1	1	passive	RES_A
R_VTANKH0	TNPW1206249KBEEA 249kR 0.1%	Resistor_SMD:R_1206_3216Metric	VTANK	2	2	passive	VTANK_DIV0
R_VTANKH1	TNPW1206249KBEEA 249kR 0.1%	Resistor_SMD:R_1206_3216Metric	VTANK	1	1	passive	VTANK_DIV0
R_VTANKH1	TNPW1206249KBEEA 249kR 0.1%	Resistor_SMD:R_1206_3216Metric	VTANK	2	2	passive	VTANK_DIV1
R_VTANKH2	TNPW1206249KBEEA 249kR 0.1%	Resistor_SMD:R_1206_3216Metric	VTANK	1	1	passive	VTANK_DIV1
R_VTANKH2	TNPW1206249KBEEA 249kR 0.1%	Resistor_SMD:R_1206_3216Metric	VTANK	2	2	passive	VTANK_DIV2
R_VTANKH3	TNPW1206249KBEEA 249kR 0.1%	Resistor_SMD:R_1206_3216Metric	VTANK	1	1	passive	VTANK_DIV2
R_VTANKH3	TNPW1206249KBEEA 249kR 0.1%	Resistor_SMD:R_1206_3216Metric	VTANK	2	2	passive	VTANK_DIV3
R_VTANKH4	TNPW1206249KBEEA 249kR 0.1%	Resistor_SMD:R_1206_3216Metric	VTANK	1	1	passive	VTANK_DIV3
R_VTANKH4	TNPW1206249KBEEA 249kR 0.1%	Resistor_SMD:R_1206_3216Metric	VTANK	2	2	passive	VTANK_DIV4
R_VTANKH5	TNPW1206249KBEEA 249kR 0.1%	Resistor_SMD:R_1206_3216Metric	VTANK	1	1	passive	VTANK_DIV4
R_VTANKH5	TNPW1206249KBEEA 249kR 0.1%	Resistor_SMD:R_1206_3216Metric	VTANK	2	2	passive	VTANK_DIV5
R_VTANKH6	TNPW1206249KBEEA 249kR 0.1%	Resistor_SMD:R_1206_3216Metric	VTANK	1	1	passive	VTANK_DIV5
R_VTANKH6	TNPW1206249KBEEA 249kR 0.1%	Resistor_SMD:R_1206_3216Metric	VTANK	2	2	passive	VTANK_DIV6
R_VTANKH7	TNPW1206249KBEEA 249kR 0.1%	Resistor_SMD:R_1206_3216Metric	VTANK	1	1	passive	VTANK_DIV6
R_VTANKH7	TNPW1206249KBEEA 249kR 0.1%	Resistor_SMD:R_1206_3216Metric	VTANK	2	2	passive	VTANK_DIV7
R_VTANKH8	TNPW1206249KBEEA 249kR 0.1%	Resistor_SMD:R_1206_3216Metric	VTANK	1	1	passive	VTANK_DIV7
R_VTANKH8	TNPW1206249KBEEA 249kR 0.1%	Resistor_SMD:R_1206_3216Metric	VTANK	2	2	passive	VTANK_DIV8
R_VTANKH9	TNPW1206249KBEEA 249kR 0.1%	Resistor_SMD:R_1206_3216Metric	VTANK	1	1	passive	VTANK_DIV8
R_VTANKH9	TNPW1206249KBEEA 249kR 0.1%	Resistor_SMD:R_1206_3216Metric	VTANK	2	2	passive	VTANK_DIV9
R_VTANKH10	TNPW1206249KBEEA 249kR 0.1%	Resistor_SMD:R_1206_3216Metric	VTANK	1	1	passive	VTANK_DIV9
R_VTANKH10	TNPW1206249KBEEA 249kR 0.1%	Resistor_SMD:R_1206_3216Metric	VTANK	2	2	passive	VTANK_DIV10
R_VTANKH11	TNPW1206249KBEEA 249kR 0.1%	Resistor_SMD:R_1206_3216Metric	VTANK	1	1	passive	VTANK_DIV10
R_VTANKH11	TNPW1206249KBEEA 249kR 0.1%	Resistor_SMD:R_1206_3216Metric	VTANK	2	2	passive	VTANK_TAP
R_VTANKL	TNPW12061K00BEEA 1kR 0.1%	Resistor_SMD:R_1206_3216Metric	VTANK	1	1	passive	VTANK_TAP
R_VTANKL	TNPW12061K00BEEA 1kR 0.1%	Resistor_SMD:R_1206_3216Metric	VTANK	2	2	passive	SW_B
C_VTANKIN	1nF C0603C102J5GACTU	Capacitor_SMD:C_0603_1608Metric	VTANK	1	1	passive	VTANK_TAP
C_VTANKIN	1nF C0603C102J5GACTU	Capacitor_SMD:C_0603_1608Metric	VTANK	2	2	passive	SW_B
U_VTANK	AMC3330DWE	Package_SO:SOIC-16W_7.5x10.3mm_P1.27mm	VTANK	1	DCDC_OUT	power_out	VTANK_DCDC_H
U_VTANK	AMC3330DWE	Package_SO:SOIC-16W_7.5x10.3mm_P1.27mm	VTANK	2	DCDC_HGND	passive	SW_B
U_VTANK	AMC3330DWE	Package_SO:SOIC-16W_7.5x10.3mm_P1.27mm	VTANK	3	HLDO_IN	power_in	VTANK_DCDC_H
U_VTANK	AMC3330DWE	Package_SO:SOIC-16W_7.5x10.3mm_P1.27mm	VTANK	4	NC	no_connect	NC
U_VTANK	AMC3330DWE	Package_SO:SOIC-16W_7.5x10.3mm_P1.27mm	VTANK	5	HLDO_OUT	power_out	VTANK_HLDO
U_VTANK	AMC3330DWE	Package_SO:SOIC-16W_7.5x10.3mm_P1.27mm	VTANK	6	INP	input	VTANK_TAP
U_VTANK	AMC3330DWE	Package_SO:SOIC-16W_7.5x10.3mm_P1.27mm	VTANK	7	INN	input	SW_B
U_VTANK	AMC3330DWE	Package_SO:SOIC-16W_7.5x10.3mm_P1.27mm	VTANK	8	HGND	passive	SW_B
U_VTANK	AMC3330DWE	Package_SO:SOIC-16W_7.5x10.3mm_P1.27mm	VTANK	9	GND	power_in	AUX_0V
U_VTANK	AMC3330DWE	Package_SO:SOIC-16W_7.5x10.3mm_P1.27mm	VTANK	10	OUTN	output	VTANK_N
U_VTANK	AMC3330DWE	Package_SO:SOIC-16W_7.5x10.3mm_P1.27mm	VTANK	11	OUTP	output	VTANK_P
U_VTANK	AMC3330DWE	Package_SO:SOIC-16W_7.5x10.3mm_P1.27mm	VTANK	12	VDD	power_in	POD_3V3
U_VTANK	AMC3330DWE	Package_SO:SOIC-16W_7.5x10.3mm_P1.27mm	VTANK	13	LDO_OUT	power_out	VTANK_DCDC_L
U_VTANK	AMC3330DWE	Package_SO:SOIC-16W_7.5x10.3mm_P1.27mm	VTANK	14	DIAG_N	open_collector	VTANK_DIAG_N
U_VTANK	AMC3330DWE	Package_SO:SOIC-16W_7.5x10.3mm_P1.27mm	VTANK	15	DCDC_GND	power_in	AUX_0V
U_VTANK	AMC3330DWE	Package_SO:SOIC-16W_7.5x10.3mm_P1.27mm	VTANK	16	DCDC_IN	power_in	VTANK_DCDC_L
C_VTANKV1	1nF 12065C102KAT2A	Capacitor_SMD:C_1206_3216Metric	VTANK	1	1	passive	POD_3V3
C_VTANKV1	1nF 12065C102KAT2A	Capacitor_SMD:C_1206_3216Metric	VTANK	2	2	passive	AUX_0V
C_VTANKV2	1uF 12063C105KAT2A	Capacitor_SMD:C_1206_3216Metric	VTANK	1	1	passive	POD_3V3
C_VTANKV2	1uF 12063C105KAT2A	Capacitor_SMD:C_1206_3216Metric	VTANK	2	2	passive	AUX_0V
C_VTANKH1	1uF CGA3E1X7R1E105K080AC	Capacitor_SMD:C_0603_1608Metric	VTANK	1	1	passive	VTANK_DCDC_H
C_VTANKH1	1uF CGA3E1X7R1E105K080AC	Capacitor_SMD:C_0603_1608Metric	VTANK	2	2	passive	SW_B
C_VTANKH2	1nF C0603C102K5RACTU	Capacitor_SMD:C_0603_1608Metric	VTANK	1	1	passive	VTANK_DCDC_H
C_VTANKH2	1nF C0603C102K5RACTU	Capacitor_SMD:C_0603_1608Metric	VTANK	2	2	passive	SW_B
C_VTANKL	100nF C0603C104K5RACAUTO	Capacitor_SMD:C_0603_1608Metric	VTANK	1	1	passive	VTANK_DCDC_L
C_VTANKL	100nF C0603C104K5RACAUTO	Capacitor_SMD:C_0603_1608Metric	VTANK	2	2	passive	AUX_0V
C_VTANKHL1	100nF C0603C104K5RACAUTO	Capacitor_SMD:C_0603_1608Metric	VTANK	1	1	passive	VTANK_HLDO
C_VTANKHL1	100nF C0603C104K5RACAUTO	Capacitor_SMD:C_0603_1608Metric	VTANK	2	2	passive	SW_B
C_VTANKHL2	1nF C0603C102K5RACTU	Capacitor_SMD:C_0603_1608Metric	VTANK	1	1	passive	VTANK_HLDO
C_VTANKHL2	1nF C0603C102K5RACTU	Capacitor_SMD:C_0603_1608Metric	VTANK	2	2	passive	SW_B
R_VTANKDIAG	10kR CRCW060310K0FKEA	Resistor_SMD:R_0603_1608Metric	VTANK	1	1	passive	POD_3V3
R_VTANKDIAG	10kR CRCW060310K0FKEA	Resistor_SMD:R_0603_1608Metric	VTANK	2	2	passive	VTANK_DIAG_N
R_VTANKPA	10kR 0.1% TNPW060310K0BEEA	Resistor_SMD:R_0603_1608Metric	ADC	1	1	passive	VTANK_P
R_VTANKPA	10kR 0.1% TNPW060310K0BEEA	Resistor_SMD:R_0603_1608Metric	ADC	2	2	passive	VTANK_ADC_P
R_VTANKPB	10kR 0.1% TNPW060310K0BEEA	Resistor_SMD:R_0603_1608Metric	ADC	1	1	passive	VTANK_ADC_P
R_VTANKPB	10kR 0.1% TNPW060310K0BEEA	Resistor_SMD:R_0603_1608Metric	ADC	2	2	passive	AUX_0V
R_VTANKNA	10kR 0.1% TNPW060310K0BEEA	Resistor_SMD:R_0603_1608Metric	ADC	1	1	passive	VTANK_N
R_VTANKNA	10kR 0.1% TNPW060310K0BEEA	Resistor_SMD:R_0603_1608Metric	ADC	2	2	passive	VTANK_ADC_N
R_VTANKNB	10kR 0.1% TNPW060310K0BEEA	Resistor_SMD:R_0603_1608Metric	ADC	1	1	passive	VTANK_ADC_N
R_VTANKNB	10kR 0.1% TNPW060310K0BEEA	Resistor_SMD:R_0603_1608Metric	ADC	2	2	passive	AUX_0V
C_VTANKADC	1nF C0603C102J5GACTU	Capacitor_SMD:C_0603_1608Metric	ADC	1	1	passive	VTANK_ADC_P
C_VTANKADC	1nF C0603C102J5GACTU	Capacitor_SMD:C_0603_1608Metric	ADC	2	2	passive	VTANK_ADC_N
J_SENSE_BUS	EXTERNAL_NATIVE19_J8_J10_KELVIN_HARNESS_HOLD	REVIEW_ONLY:Connector_mechanical_drawing_required	VBUS	1	BUS_P	passive	BUS_P
J_SENSE_BUS	EXTERNAL_NATIVE19_J8_J10_KELVIN_HARNESS_HOLD	REVIEW_ONLY:Connector_mechanical_drawing_required	VBUS	2	HV_RET	passive	HV_RET
J_SENSE_CATCH	EXTERNAL_CATCH_TERMINAL_PAIR_HOLD	REVIEW_ONLY:Connector_mechanical_drawing_required	VCATCH	1	CATCH_P	passive	CATCH_P
J_SENSE_CATCH	EXTERNAL_CATCH_TERMINAL_PAIR_HOLD	REVIEW_ONLY:Connector_mechanical_drawing_required	VCATCH	2	HV_RET	passive	HV_RET
J_CATCH_REMOTE	20021121-00006T4LF mating-cable-review	REVIEW_ONLY:Connector_mechanical_drawing_required	VCATCH	1	POD_3V3	passive	POD_3V3
J_CATCH_REMOTE	20021121-00006T4LF mating-cable-review	REVIEW_ONLY:Connector_mechanical_drawing_required	VCATCH	2	AUX_0V	passive	AUX_0V
J_CATCH_REMOTE	20021121-00006T4LF mating-cable-review	REVIEW_ONLY:Connector_mechanical_drawing_required	VCATCH	3	VCATCH_P	passive	VCATCH_P
J_CATCH_REMOTE	20021121-00006T4LF mating-cable-review	REVIEW_ONLY:Connector_mechanical_drawing_required	VCATCH	4	VCATCH_N	passive	VCATCH_N
J_CATCH_REMOTE	20021121-00006T4LF mating-cable-review	REVIEW_ONLY:Connector_mechanical_drawing_required	VCATCH	5	VCATCH_DIAG_N	passive	VCATCH_DIAG_N
J_CATCH_REMOTE	20021121-00006T4LF mating-cable-review	REVIEW_ONLY:Connector_mechanical_drawing_required	VCATCH	6	AUX_0V	passive	AUX_0V
J_CATCH_POD	20021121-00006T4LF mating-cable-review	REVIEW_ONLY:Connector_mechanical_drawing_required	ADC	1	POD_3V3	passive	POD_3V3
J_CATCH_POD	20021121-00006T4LF mating-cable-review	REVIEW_ONLY:Connector_mechanical_drawing_required	ADC	2	AUX_0V	passive	AUX_0V
J_CATCH_POD	20021121-00006T4LF mating-cable-review	REVIEW_ONLY:Connector_mechanical_drawing_required	ADC	3	VCATCH_P	passive	VCATCH_P
J_CATCH_POD	20021121-00006T4LF mating-cable-review	REVIEW_ONLY:Connector_mechanical_drawing_required	ADC	4	VCATCH_N	passive	VCATCH_N
J_CATCH_POD	20021121-00006T4LF mating-cable-review	REVIEW_ONLY:Connector_mechanical_drawing_required	ADC	5	VCATCH_DIAG_N	passive	VCATCH_DIAG_N
J_CATCH_POD	20021121-00006T4LF mating-cable-review	REVIEW_ONLY:Connector_mechanical_drawing_required	ADC	6	AUX_0V	passive	AUX_0V
J_SENSE_TANK	EXTERNAL_RES_A_SW_B_2KV_HARNESS_HOLD	REVIEW_ONLY:Connector_mechanical_drawing_required	VTANK	1	RES_A	passive	RES_A
J_SENSE_TANK	EXTERNAL_RES_A_SW_B_2KV_HARNESS_HOLD	REVIEW_ONLY:Connector_mechanical_drawing_required	VTANK	2	SW_B	passive	SW_B
CT_IPROOF	AC1005	REVIEW_ONLY:Talema_CT_primary_harness	CURRENT	1	SEC1	passive	IPROOF_RAW
CT_IPROOF	AC1005	REVIEW_ONLY:Talema_CT_primary_harness	CURRENT	2	SEC2	passive	REF_1V25
CT_IPROOF	AC1005	REVIEW_ONLY:Talema_CT_primary_harness	CURRENT	3	SUPPORT	passive	NC
R_IPROOFB1	200R CRCW1206200RFKEA	Resistor_SMD:R_1206_3216Metric	CURRENT	1	1	passive	IPROOF_RAW
R_IPROOFB1	200R CRCW1206200RFKEA	Resistor_SMD:R_1206_3216Metric	CURRENT	2	2	passive	REF_1V25
R_IPROOFB2	200R CRCW1206200RFKEA	Resistor_SMD:R_1206_3216Metric	CURRENT	1	1	passive	IPROOF_RAW
R_IPROOFB2	200R CRCW1206200RFKEA	Resistor_SMD:R_1206_3216Metric	CURRENT	2	2	passive	REF_1V25
R_IPROOFADC	1kR CRCW06031K00FKEA	Resistor_SMD:R_0603_1608Metric	CURRENT	1	1	passive	IPROOF_RAW
R_IPROOFADC	1kR CRCW06031K00FKEA	Resistor_SMD:R_0603_1608Metric	CURRENT	2	2	passive	IPROOF_ADC
C_IPROOFADC	1nF C0603C102J5GACTU	Capacitor_SMD:C_0603_1608Metric	CURRENT	1	1	passive	IPROOF_ADC
C_IPROOFADC	1nF C0603C102J5GACTU	Capacitor_SMD:C_0603_1608Metric	CURRENT	2	2	passive	AUX_0V
TVS_IPROOF	SMCJ5.0CA-E3/57T	Diode_SMD:D_SMC	CURRENT	1	BIDIR1	passive	IPROOF_RAW
TVS_IPROOF	SMCJ5.0CA-E3/57T	Diode_SMD:D_SMC	CURRENT	2	BIDIR2	passive	REF_1V25
D_IPROOF	BAV199,215	Package_TO_SOT_SMD:SOT-23	CURRENT	1	A1	passive	AUX_0V
D_IPROOF	BAV199,215	Package_TO_SOT_SMD:SOT-23	CURRENT	2	K2	passive	POD_3V3
D_IPROOF	BAV199,215	Package_TO_SOT_SMD:SOT-23	CURRENT	3	K1_A2	passive	IPROOF_ADC
CT_ILINE	AC1020	REVIEW_ONLY:Talema_CT_primary_harness	CURRENT	1	SEC1	passive	ILINE_RAW
CT_ILINE	AC1020	REVIEW_ONLY:Talema_CT_primary_harness	CURRENT	2	SEC2	passive	REF_1V25
CT_ILINE	AC1020	REVIEW_ONLY:Talema_CT_primary_harness	CURRENT	3	SUPPORT	passive	NC
R_ILINEB1	100R CRCW1206100RFKEA	Resistor_SMD:R_1206_3216Metric	CURRENT	1	1	passive	ILINE_RAW
R_ILINEB1	100R CRCW1206100RFKEA	Resistor_SMD:R_1206_3216Metric	CURRENT	2	2	passive	REF_1V25
R_ILINEB2	100R CRCW1206100RFKEA	Resistor_SMD:R_1206_3216Metric	CURRENT	1	1	passive	ILINE_RAW
R_ILINEB2	100R CRCW1206100RFKEA	Resistor_SMD:R_1206_3216Metric	CURRENT	2	2	passive	REF_1V25
R_ILINEADC	1kR CRCW06031K00FKEA	Resistor_SMD:R_0603_1608Metric	CURRENT	1	1	passive	ILINE_RAW
R_ILINEADC	1kR CRCW06031K00FKEA	Resistor_SMD:R_0603_1608Metric	CURRENT	2	2	passive	ILINE_ADC
C_ILINEADC	1nF C0603C102J5GACTU	Capacitor_SMD:C_0603_1608Metric	CURRENT	1	1	passive	ILINE_ADC
C_ILINEADC	1nF C0603C102J5GACTU	Capacitor_SMD:C_0603_1608Metric	CURRENT	2	2	passive	AUX_0V
TVS_ILINE	SMCJ5.0CA-E3/57T	Diode_SMD:D_SMC	CURRENT	1	BIDIR1	passive	ILINE_RAW
TVS_ILINE	SMCJ5.0CA-E3/57T	Diode_SMD:D_SMC	CURRENT	2	BIDIR2	passive	REF_1V25
D_ILINE	BAV199,215	Package_TO_SOT_SMD:SOT-23	CURRENT	1	A1	passive	AUX_0V
D_ILINE	BAV199,215	Package_TO_SOT_SMD:SOT-23	CURRENT	2	K2	passive	POD_3V3
D_ILINE	BAV199,215	Package_TO_SOT_SMD:SOT-23	CURRENT	3	K1_A2	passive	ILINE_ADC
U_REF	LM4040A25IDBZR	Package_TO_SOT_SMD:SOT-23	ANALOG_GUARD	1	K	passive	REF_2V5
U_REF	LM4040A25IDBZR	Package_TO_SOT_SMD:SOT-23	ANALOG_GUARD	2	A	passive	AUX_0V
U_REF	LM4040A25IDBZR	Package_TO_SOT_SMD:SOT-23	ANALOG_GUARD	3	NC	no_connect	NC
R_REF_BIAS	330R CRCW0603330RFKEA	Resistor_SMD:R_0603_1608Metric	ANALOG_GUARD	1	1	passive	POD_3V3
R_REF_BIAS	330R CRCW0603330RFKEA	Resistor_SMD:R_0603_1608Metric	ANALOG_GUARD	2	2	passive	REF_2V5
C_REF	100nF C0603C104K5RACAUTO	Capacitor_SMD:C_0603_1608Metric	ANALOG_GUARD	1	1	passive	REF_2V5
C_REF	100nF C0603C104K5RACAUTO	Capacitor_SMD:C_0603_1608Metric	ANALOG_GUARD	2	2	passive	AUX_0V
R_REF_HALFH	10kR 0.1% TNPW060310K0BEEA	Resistor_SMD:R_0603_1608Metric	ANALOG_GUARD	1	1	passive	REF_2V5
R_REF_HALFH	10kR 0.1% TNPW060310K0BEEA	Resistor_SMD:R_0603_1608Metric	ANALOG_GUARD	2	2	passive	REF_HALF
R_REF_HALFL	10kR 0.1% TNPW060310K0BEEA	Resistor_SMD:R_0603_1608Metric	ANALOG_GUARD	1	1	passive	REF_HALF
R_REF_HALFL	10kR 0.1% TNPW060310K0BEEA	Resistor_SMD:R_0603_1608Metric	ANALOG_GUARD	2	2	passive	AUX_0V
C_REF_HALF	1nF C0603C102J5GACTU	Capacitor_SMD:C_0603_1608Metric	ANALOG_GUARD	1	1	passive	REF_HALF
C_REF_HALF	1nF C0603C102J5GACTU	Capacitor_SMD:C_0603_1608Metric	ANALOG_GUARD	2	2	passive	AUX_0V
U_REF_BUFFER	TLV9061IDBVR	Package_TO_SOT_SMD:SOT-23-5	ANALOG_GUARD	1	OUT	output	REF_1V25
U_REF_BUFFER	TLV9061IDBVR	Package_TO_SOT_SMD:SOT-23-5	ANALOG_GUARD	2	V-	power_in	AUX_0V
U_REF_BUFFER	TLV9061IDBVR	Package_TO_SOT_SMD:SOT-23-5	ANALOG_GUARD	3	IN+	input	REF_HALF
U_REF_BUFFER	TLV9061IDBVR	Package_TO_SOT_SMD:SOT-23-5	ANALOG_GUARD	4	IN-	input	REF_1V25
U_REF_BUFFER	TLV9061IDBVR	Package_TO_SOT_SMD:SOT-23-5	ANALOG_GUARD	5	V+	power_in	POD_3V3
C_U_REF_BUFFER	100nF C0603C104K5RACAUTO	Capacitor_SMD:C_0603_1608Metric	ANALOG_GUARD	1	1	passive	POD_3V3
C_U_REF_BUFFER	100nF C0603C104K5RACAUTO	Capacitor_SMD:C_0603_1608Metric	ANALOG_GUARD	2	2	passive	AUX_0V
R_VBUSDP	20kR 0.1% TNPW060320K0BEEA	Resistor_SMD:R_0603_1608Metric	ANALOG_GUARD	1	1	passive	VBUS_P
R_VBUSDP	20kR 0.1% TNPW060320K0BEEA	Resistor_SMD:R_0603_1608Metric	ANALOG_GUARD	2	2	passive	VBUS_DIFF_PLUS
R_VBUSDR	10kR 0.1% TNPW060310K0BEEA	Resistor_SMD:R_0603_1608Metric	ANALOG_GUARD	1	1	passive	REF_1V25
R_VBUSDR	10kR 0.1% TNPW060310K0BEEA	Resistor_SMD:R_0603_1608Metric	ANALOG_GUARD	2	2	passive	VBUS_DIFF_PLUS
R_VBUSDN	20kR 0.1% TNPW060320K0BEEA	Resistor_SMD:R_0603_1608Metric	ANALOG_GUARD	1	1	passive	VBUS_N
R_VBUSDN	20kR 0.1% TNPW060320K0BEEA	Resistor_SMD:R_0603_1608Metric	ANALOG_GUARD	2	2	passive	VBUS_DIFF_MINUS
R_VBUSDF	10kR 0.1% TNPW060310K0BEEA	Resistor_SMD:R_0603_1608Metric	ANALOG_GUARD	1	1	passive	VBUS_GUARD
R_VBUSDF	10kR 0.1% TNPW060310K0BEEA	Resistor_SMD:R_0603_1608Metric	ANALOG_GUARD	2	2	passive	VBUS_DIFF_MINUS
U_VBUSDIFF	TLV9061IDBVR	Package_TO_SOT_SMD:SOT-23-5	ANALOG_GUARD	1	OUT	output	VBUS_GUARD
U_VBUSDIFF	TLV9061IDBVR	Package_TO_SOT_SMD:SOT-23-5	ANALOG_GUARD	2	V-	power_in	AUX_0V
U_VBUSDIFF	TLV9061IDBVR	Package_TO_SOT_SMD:SOT-23-5	ANALOG_GUARD	3	IN+	input	VBUS_DIFF_PLUS
U_VBUSDIFF	TLV9061IDBVR	Package_TO_SOT_SMD:SOT-23-5	ANALOG_GUARD	4	IN-	input	VBUS_DIFF_MINUS
U_VBUSDIFF	TLV9061IDBVR	Package_TO_SOT_SMD:SOT-23-5	ANALOG_GUARD	5	V+	power_in	POD_3V3
C_U_VBUSDIFF	100nF C0603C104K5RACAUTO	Capacitor_SMD:C_0603_1608Metric	ANALOG_GUARD	1	1	passive	POD_3V3
C_U_VBUSDIFF	100nF C0603C104K5RACAUTO	Capacitor_SMD:C_0603_1608Metric	ANALOG_GUARD	2	2	passive	AUX_0V
R_VCATCHDP	20kR 0.1% TNPW060320K0BEEA	Resistor_SMD:R_0603_1608Metric	ANALOG_GUARD	1	1	passive	VCATCH_P
R_VCATCHDP	20kR 0.1% TNPW060320K0BEEA	Resistor_SMD:R_0603_1608Metric	ANALOG_GUARD	2	2	passive	VCATCH_DIFF_PLUS
R_VCATCHDR	10kR 0.1% TNPW060310K0BEEA	Resistor_SMD:R_0603_1608Metric	ANALOG_GUARD	1	1	passive	REF_1V25
R_VCATCHDR	10kR 0.1% TNPW060310K0BEEA	Resistor_SMD:R_0603_1608Metric	ANALOG_GUARD	2	2	passive	VCATCH_DIFF_PLUS
R_VCATCHDN	20kR 0.1% TNPW060320K0BEEA	Resistor_SMD:R_0603_1608Metric	ANALOG_GUARD	1	1	passive	VCATCH_N
R_VCATCHDN	20kR 0.1% TNPW060320K0BEEA	Resistor_SMD:R_0603_1608Metric	ANALOG_GUARD	2	2	passive	VCATCH_DIFF_MINUS
R_VCATCHDF	10kR 0.1% TNPW060310K0BEEA	Resistor_SMD:R_0603_1608Metric	ANALOG_GUARD	1	1	passive	VCATCH_GUARD
R_VCATCHDF	10kR 0.1% TNPW060310K0BEEA	Resistor_SMD:R_0603_1608Metric	ANALOG_GUARD	2	2	passive	VCATCH_DIFF_MINUS
U_VCATCHDIFF	TLV9061IDBVR	Package_TO_SOT_SMD:SOT-23-5	ANALOG_GUARD	1	OUT	output	VCATCH_GUARD
U_VCATCHDIFF	TLV9061IDBVR	Package_TO_SOT_SMD:SOT-23-5	ANALOG_GUARD	2	V-	power_in	AUX_0V
U_VCATCHDIFF	TLV9061IDBVR	Package_TO_SOT_SMD:SOT-23-5	ANALOG_GUARD	3	IN+	input	VCATCH_DIFF_PLUS
U_VCATCHDIFF	TLV9061IDBVR	Package_TO_SOT_SMD:SOT-23-5	ANALOG_GUARD	4	IN-	input	VCATCH_DIFF_MINUS
U_VCATCHDIFF	TLV9061IDBVR	Package_TO_SOT_SMD:SOT-23-5	ANALOG_GUARD	5	V+	power_in	POD_3V3
C_U_VCATCHDIFF	100nF C0603C104K5RACAUTO	Capacitor_SMD:C_0603_1608Metric	ANALOG_GUARD	1	1	passive	POD_3V3
C_U_VCATCHDIFF	100nF C0603C104K5RACAUTO	Capacitor_SMD:C_0603_1608Metric	ANALOG_GUARD	2	2	passive	AUX_0V
R_VTANKDP	20kR 0.1% TNPW060320K0BEEA	Resistor_SMD:R_0603_1608Metric	ANALOG_GUARD	1	1	passive	VTANK_P
R_VTANKDP	20kR 0.1% TNPW060320K0BEEA	Resistor_SMD:R_0603_1608Metric	ANALOG_GUARD	2	2	passive	VTANK_DIFF_PLUS
R_VTANKDR	10kR 0.1% TNPW060310K0BEEA	Resistor_SMD:R_0603_1608Metric	ANALOG_GUARD	1	1	passive	REF_1V25
R_VTANKDR	10kR 0.1% TNPW060310K0BEEA	Resistor_SMD:R_0603_1608Metric	ANALOG_GUARD	2	2	passive	VTANK_DIFF_PLUS
R_VTANKDN	20kR 0.1% TNPW060320K0BEEA	Resistor_SMD:R_0603_1608Metric	ANALOG_GUARD	1	1	passive	VTANK_N
R_VTANKDN	20kR 0.1% TNPW060320K0BEEA	Resistor_SMD:R_0603_1608Metric	ANALOG_GUARD	2	2	passive	VTANK_DIFF_MINUS
R_VTANKDF	10kR 0.1% TNPW060310K0BEEA	Resistor_SMD:R_0603_1608Metric	ANALOG_GUARD	1	1	passive	VTANK_GUARD
R_VTANKDF	10kR 0.1% TNPW060310K0BEEA	Resistor_SMD:R_0603_1608Metric	ANALOG_GUARD	2	2	passive	VTANK_DIFF_MINUS
U_VTANKDIFF	TLV9061IDBVR	Package_TO_SOT_SMD:SOT-23-5	ANALOG_GUARD	1	OUT	output	VTANK_GUARD
U_VTANKDIFF	TLV9061IDBVR	Package_TO_SOT_SMD:SOT-23-5	ANALOG_GUARD	2	V-	power_in	AUX_0V
U_VTANKDIFF	TLV9061IDBVR	Package_TO_SOT_SMD:SOT-23-5	ANALOG_GUARD	3	IN+	input	VTANK_DIFF_PLUS
U_VTANKDIFF	TLV9061IDBVR	Package_TO_SOT_SMD:SOT-23-5	ANALOG_GUARD	4	IN-	input	VTANK_DIFF_MINUS
U_VTANKDIFF	TLV9061IDBVR	Package_TO_SOT_SMD:SOT-23-5	ANALOG_GUARD	5	V+	power_in	POD_3V3
C_U_VTANKDIFF	100nF C0603C104K5RACAUTO	Capacitor_SMD:C_0603_1608Metric	ANALOG_GUARD	1	1	passive	POD_3V3
C_U_VTANKDIFF	100nF C0603C104K5RACAUTO	Capacitor_SMD:C_0603_1608Metric	ANALOG_GUARD	2	2	passive	AUX_0V
R_BUS_TRIPH	62.6kR 0.1% TNPW060362K6BEEA	Resistor_SMD:R_0603_1608Metric	ANALOG_GUARD	1	1	passive	REF_2V5
R_BUS_TRIPH	62.6kR 0.1% TNPW060362K6BEEA	Resistor_SMD:R_0603_1608Metric	ANALOG_GUARD	2	2	passive	BUS_TRIP
R_BUS_TRIPL	100kR 0.1% TNPW0603100KBEEA	Resistor_SMD:R_0603_1608Metric	ANALOG_GUARD	1	1	passive	BUS_TRIP
R_BUS_TRIPL	100kR 0.1% TNPW0603100KBEEA	Resistor_SMD:R_0603_1608Metric	ANALOG_GUARD	2	2	passive	AUX_0V
C_BUS_TRIP	1nF C0603C102J5GACTU	Capacitor_SMD:C_0603_1608Metric	ANALOG_GUARD	1	1	passive	BUS_TRIP
C_BUS_TRIP	1nF C0603C102J5GACTU	Capacitor_SMD:C_0603_1608Metric	ANALOG_GUARD	2	2	passive	AUX_0V
R_CATCH_TRIPH	60.1kR 0.1% TNPW060360K1BEEA	Resistor_SMD:R_0603_1608Metric	ANALOG_GUARD	1	1	passive	REF_2V5
R_CATCH_TRIPH	60.1kR 0.1% TNPW060360K1BEEA	Resistor_SMD:R_0603_1608Metric	ANALOG_GUARD	2	2	passive	CATCH_TRIP
R_CATCH_TRIPL	100kR 0.1% TNPW0603100KBEEA	Resistor_SMD:R_0603_1608Metric	ANALOG_GUARD	1	1	passive	CATCH_TRIP
R_CATCH_TRIPL	100kR 0.1% TNPW0603100KBEEA	Resistor_SMD:R_0603_1608Metric	ANALOG_GUARD	2	2	passive	AUX_0V
C_CATCH_TRIP	1nF C0603C102J5GACTU	Capacitor_SMD:C_0603_1608Metric	ANALOG_GUARD	1	1	passive	CATCH_TRIP
C_CATCH_TRIP	1nF C0603C102J5GACTU	Capacitor_SMD:C_0603_1608Metric	ANALOG_GUARD	2	2	passive	AUX_0V
R_TANK_HIH	57.8kR 0.1% TNPW060357K8BEEA	Resistor_SMD:R_0603_1608Metric	ANALOG_GUARD	1	1	passive	REF_2V5
R_TANK_HIH	57.8kR 0.1% TNPW060357K8BEEA	Resistor_SMD:R_0603_1608Metric	ANALOG_GUARD	2	2	passive	TANK_HI
R_TANK_HIL	100kR 0.1% TNPW0603100KBEEA	Resistor_SMD:R_0603_1608Metric	ANALOG_GUARD	1	1	passive	TANK_HI
R_TANK_HIL	100kR 0.1% TNPW0603100KBEEA	Resistor_SMD:R_0603_1608Metric	ANALOG_GUARD	2	2	passive	AUX_0V
C_TANK_HI	1nF C0603C102J5GACTU	Capacitor_SMD:C_0603_1608Metric	ANALOG_GUARD	1	1	passive	TANK_HI
C_TANK_HI	1nF C0603C102J5GACTU	Capacitor_SMD:C_0603_1608Metric	ANALOG_GUARD	2	2	passive	AUX_0V
R_TANK_LOH	173kR 0.1% TNPW0603173KBEEA	Resistor_SMD:R_0603_1608Metric	ANALOG_GUARD	1	1	passive	REF_2V5
R_TANK_LOH	173kR 0.1% TNPW0603173KBEEA	Resistor_SMD:R_0603_1608Metric	ANALOG_GUARD	2	2	passive	TANK_LO
R_TANK_LOL	100kR 0.1% TNPW0603100KBEEA	Resistor_SMD:R_0603_1608Metric	ANALOG_GUARD	1	1	passive	TANK_LO
R_TANK_LOL	100kR 0.1% TNPW0603100KBEEA	Resistor_SMD:R_0603_1608Metric	ANALOG_GUARD	2	2	passive	AUX_0V
C_TANK_LO	1nF C0603C102J5GACTU	Capacitor_SMD:C_0603_1608Metric	ANALOG_GUARD	1	1	passive	TANK_LO
C_TANK_LO	1nF C0603C102J5GACTU	Capacitor_SMD:C_0603_1608Metric	ANALOG_GUARD	2	2	passive	AUX_0V
R_ILINE_HIH	6.34kR 0.1% TNPW06036K34BEEA	Resistor_SMD:R_0603_1608Metric	ANALOG_GUARD	1	1	passive	REF_2V5
R_ILINE_HIH	6.34kR 0.1% TNPW06036K34BEEA	Resistor_SMD:R_0603_1608Metric	ANALOG_GUARD	2	2	passive	ILINE_HI
R_ILINE_HIL	100kR 0.1% TNPW0603100KBEEA	Resistor_SMD:R_0603_1608Metric	ANALOG_GUARD	1	1	passive	ILINE_HI
R_ILINE_HIL	100kR 0.1% TNPW0603100KBEEA	Resistor_SMD:R_0603_1608Metric	ANALOG_GUARD	2	2	passive	AUX_0V
C_ILINE_HI	1nF C0603C102J5GACTU	Capacitor_SMD:C_0603_1608Metric	ANALOG_GUARD	1	1	passive	ILINE_HI
C_ILINE_HI	1nF C0603C102J5GACTU	Capacitor_SMD:C_0603_1608Metric	ANALOG_GUARD	2	2	passive	AUX_0V
R_ILINE_LOH	1.56MR 0.1% TNPW06031M56BEEA	Resistor_SMD:R_0603_1608Metric	ANALOG_GUARD	1	1	passive	REF_2V5
R_ILINE_LOH	1.56MR 0.1% TNPW06031M56BEEA	Resistor_SMD:R_0603_1608Metric	ANALOG_GUARD	2	2	passive	ILINE_LO
R_ILINE_LOL	100kR 0.1% TNPW0603100KBEEA	Resistor_SMD:R_0603_1608Metric	ANALOG_GUARD	1	1	passive	ILINE_LO
R_ILINE_LOL	100kR 0.1% TNPW0603100KBEEA	Resistor_SMD:R_0603_1608Metric	ANALOG_GUARD	2	2	passive	AUX_0V
C_ILINE_LO	1nF C0603C102J5GACTU	Capacitor_SMD:C_0603_1608Metric	ANALOG_GUARD	1	1	passive	ILINE_LO
C_ILINE_LO	1nF C0603C102J5GACTU	Capacitor_SMD:C_0603_1608Metric	ANALOG_GUARD	2	2	passive	AUX_0V
R_TEMP_LOH	284kR 0.1% TNPW0603284KBEEA	Resistor_SMD:R_0603_1608Metric	ANALOG_GUARD	1	1	passive	REF_2V5
R_TEMP_LOH	284kR 0.1% TNPW0603284KBEEA	Resistor_SMD:R_0603_1608Metric	ANALOG_GUARD	2	2	passive	TEMP_LO
R_TEMP_LOL	100kR 0.1% TNPW0603100KBEEA	Resistor_SMD:R_0603_1608Metric	ANALOG_GUARD	1	1	passive	TEMP_LO
R_TEMP_LOL	100kR 0.1% TNPW0603100KBEEA	Resistor_SMD:R_0603_1608Metric	ANALOG_GUARD	2	2	passive	AUX_0V
C_TEMP_LO	1nF C0603C102J5GACTU	Capacitor_SMD:C_0603_1608Metric	ANALOG_GUARD	1	1	passive	TEMP_LO
C_TEMP_LO	1nF C0603C102J5GACTU	Capacitor_SMD:C_0603_1608Metric	ANALOG_GUARD	2	2	passive	AUX_0V
U_BUS_LIMIT	TLV3201AIDBVR	Package_TO_SOT_SMD:SOT-23-5	ANALOG_GUARD	1	OUT	output	BUS_LIMIT_OK
U_BUS_LIMIT	TLV3201AIDBVR	Package_TO_SOT_SMD:SOT-23-5	ANALOG_GUARD	2	GND	power_in	AUX_0V
U_BUS_LIMIT	TLV3201AIDBVR	Package_TO_SOT_SMD:SOT-23-5	ANALOG_GUARD	3	IN+	input	BUS_TRIP
U_BUS_LIMIT	TLV3201AIDBVR	Package_TO_SOT_SMD:SOT-23-5	ANALOG_GUARD	4	IN-	input	VBUS_GUARD
U_BUS_LIMIT	TLV3201AIDBVR	Package_TO_SOT_SMD:SOT-23-5	ANALOG_GUARD	5	VCC	power_in	POD_3V3
C_U_BUS_LIMIT	100nF C0603C104K5RACAUTO	Capacitor_SMD:C_0603_1608Metric	ANALOG_GUARD	1	1	passive	POD_3V3
C_U_BUS_LIMIT	100nF C0603C104K5RACAUTO	Capacitor_SMD:C_0603_1608Metric	ANALOG_GUARD	2	2	passive	AUX_0V
U_CATCH_LIMIT	TLV3201AIDBVR	Package_TO_SOT_SMD:SOT-23-5	ANALOG_GUARD	1	OUT	output	CATCH_LIMIT_OK
U_CATCH_LIMIT	TLV3201AIDBVR	Package_TO_SOT_SMD:SOT-23-5	ANALOG_GUARD	2	GND	power_in	AUX_0V
U_CATCH_LIMIT	TLV3201AIDBVR	Package_TO_SOT_SMD:SOT-23-5	ANALOG_GUARD	3	IN+	input	CATCH_TRIP
U_CATCH_LIMIT	TLV3201AIDBVR	Package_TO_SOT_SMD:SOT-23-5	ANALOG_GUARD	4	IN-	input	VCATCH_GUARD
U_CATCH_LIMIT	TLV3201AIDBVR	Package_TO_SOT_SMD:SOT-23-5	ANALOG_GUARD	5	VCC	power_in	POD_3V3
C_U_CATCH_LIMIT	100nF C0603C104K5RACAUTO	Capacitor_SMD:C_0603_1608Metric	ANALOG_GUARD	1	1	passive	POD_3V3
C_U_CATCH_LIMIT	100nF C0603C104K5RACAUTO	Capacitor_SMD:C_0603_1608Metric	ANALOG_GUARD	2	2	passive	AUX_0V
U_TANK_HI	TLV3201AIDBVR	Package_TO_SOT_SMD:SOT-23-5	ANALOG_GUARD	1	OUT	output	TANK_HI_OK
U_TANK_HI	TLV3201AIDBVR	Package_TO_SOT_SMD:SOT-23-5	ANALOG_GUARD	2	GND	power_in	AUX_0V
U_TANK_HI	TLV3201AIDBVR	Package_TO_SOT_SMD:SOT-23-5	ANALOG_GUARD	3	IN+	input	TANK_HI
U_TANK_HI	TLV3201AIDBVR	Package_TO_SOT_SMD:SOT-23-5	ANALOG_GUARD	4	IN-	input	VTANK_GUARD
U_TANK_HI	TLV3201AIDBVR	Package_TO_SOT_SMD:SOT-23-5	ANALOG_GUARD	5	VCC	power_in	POD_3V3
C_U_TANK_HI	100nF C0603C104K5RACAUTO	Capacitor_SMD:C_0603_1608Metric	ANALOG_GUARD	1	1	passive	POD_3V3
C_U_TANK_HI	100nF C0603C104K5RACAUTO	Capacitor_SMD:C_0603_1608Metric	ANALOG_GUARD	2	2	passive	AUX_0V
U_TANK_LO	TLV3201AIDBVR	Package_TO_SOT_SMD:SOT-23-5	ANALOG_GUARD	1	OUT	output	TANK_LO_OK
U_TANK_LO	TLV3201AIDBVR	Package_TO_SOT_SMD:SOT-23-5	ANALOG_GUARD	2	GND	power_in	AUX_0V
U_TANK_LO	TLV3201AIDBVR	Package_TO_SOT_SMD:SOT-23-5	ANALOG_GUARD	3	IN+	input	VTANK_GUARD
U_TANK_LO	TLV3201AIDBVR	Package_TO_SOT_SMD:SOT-23-5	ANALOG_GUARD	4	IN-	input	TANK_LO
U_TANK_LO	TLV3201AIDBVR	Package_TO_SOT_SMD:SOT-23-5	ANALOG_GUARD	5	VCC	power_in	POD_3V3
C_U_TANK_LO	100nF C0603C104K5RACAUTO	Capacitor_SMD:C_0603_1608Metric	ANALOG_GUARD	1	1	passive	POD_3V3
C_U_TANK_LO	100nF C0603C104K5RACAUTO	Capacitor_SMD:C_0603_1608Metric	ANALOG_GUARD	2	2	passive	AUX_0V
U_TANK_OK	SN74LVC1G08DBVR	Package_TO_SOT_SMD:SOT-23-5	ANALOG_GUARD	1	A	input	TANK_HI_OK
U_TANK_OK	SN74LVC1G08DBVR	Package_TO_SOT_SMD:SOT-23-5	ANALOG_GUARD	2	B	input	TANK_LO_OK
U_TANK_OK	SN74LVC1G08DBVR	Package_TO_SOT_SMD:SOT-23-5	ANALOG_GUARD	3	GND	power_in	AUX_0V
U_TANK_OK	SN74LVC1G08DBVR	Package_TO_SOT_SMD:SOT-23-5	ANALOG_GUARD	4	Y	output	TANK_LIMIT_OK
U_TANK_OK	SN74LVC1G08DBVR	Package_TO_SOT_SMD:SOT-23-5	ANALOG_GUARD	5	VCC	power_in	POD_3V3
C_U_TANK_OK	100nF C0603C104K5RACAUTO	Capacitor_SMD:C_0603_1608Metric	ANALOG_GUARD	1	1	passive	POD_3V3
C_U_TANK_OK	100nF C0603C104K5RACAUTO	Capacitor_SMD:C_0603_1608Metric	ANALOG_GUARD	2	2	passive	AUX_0V
R_ILINE_HI_LIMIT	20kR CRCW060320K0FKEA	Resistor_SMD:R_0603_1608Metric	ANALOG_GUARD	1	1	passive	ILINE_RAW
R_ILINE_HI_LIMIT	20kR CRCW060320K0FKEA	Resistor_SMD:R_0603_1608Metric	ANALOG_GUARD	2	2	passive	ILINE_GUARD_HI
R_ILINE_LO_LIMIT	20kR CRCW060320K0FKEA	Resistor_SMD:R_0603_1608Metric	ANALOG_GUARD	1	1	passive	ILINE_RAW
R_ILINE_LO_LIMIT	20kR CRCW060320K0FKEA	Resistor_SMD:R_0603_1608Metric	ANALOG_GUARD	2	2	passive	ILINE_GUARD_LO
U_ILINE_HI	TLV3201AIDBVR	Package_TO_SOT_SMD:SOT-23-5	ANALOG_GUARD	1	OUT	output	ILINE_HI_OK
U_ILINE_HI	TLV3201AIDBVR	Package_TO_SOT_SMD:SOT-23-5	ANALOG_GUARD	2	GND	power_in	AUX_0V
U_ILINE_HI	TLV3201AIDBVR	Package_TO_SOT_SMD:SOT-23-5	ANALOG_GUARD	3	IN+	input	ILINE_HI
U_ILINE_HI	TLV3201AIDBVR	Package_TO_SOT_SMD:SOT-23-5	ANALOG_GUARD	4	IN-	input	ILINE_GUARD_HI
U_ILINE_HI	TLV3201AIDBVR	Package_TO_SOT_SMD:SOT-23-5	ANALOG_GUARD	5	VCC	power_in	POD_3V3
C_U_ILINE_HI	100nF C0603C104K5RACAUTO	Capacitor_SMD:C_0603_1608Metric	ANALOG_GUARD	1	1	passive	POD_3V3
C_U_ILINE_HI	100nF C0603C104K5RACAUTO	Capacitor_SMD:C_0603_1608Metric	ANALOG_GUARD	2	2	passive	AUX_0V
U_ILINE_LO	TLV3201AIDBVR	Package_TO_SOT_SMD:SOT-23-5	ANALOG_GUARD	1	OUT	output	ILINE_LO_OK
U_ILINE_LO	TLV3201AIDBVR	Package_TO_SOT_SMD:SOT-23-5	ANALOG_GUARD	2	GND	power_in	AUX_0V
U_ILINE_LO	TLV3201AIDBVR	Package_TO_SOT_SMD:SOT-23-5	ANALOG_GUARD	3	IN+	input	ILINE_GUARD_LO
U_ILINE_LO	TLV3201AIDBVR	Package_TO_SOT_SMD:SOT-23-5	ANALOG_GUARD	4	IN-	input	ILINE_LO
U_ILINE_LO	TLV3201AIDBVR	Package_TO_SOT_SMD:SOT-23-5	ANALOG_GUARD	5	VCC	power_in	POD_3V3
C_U_ILINE_LO	100nF C0603C104K5RACAUTO	Capacitor_SMD:C_0603_1608Metric	ANALOG_GUARD	1	1	passive	POD_3V3
C_U_ILINE_LO	100nF C0603C104K5RACAUTO	Capacitor_SMD:C_0603_1608Metric	ANALOG_GUARD	2	2	passive	AUX_0V
U_ILINE_OK	SN74LVC1G08DBVR	Package_TO_SOT_SMD:SOT-23-5	ANALOG_GUARD	1	A	input	ILINE_HI_OK
U_ILINE_OK	SN74LVC1G08DBVR	Package_TO_SOT_SMD:SOT-23-5	ANALOG_GUARD	2	B	input	ILINE_LO_OK
U_ILINE_OK	SN74LVC1G08DBVR	Package_TO_SOT_SMD:SOT-23-5	ANALOG_GUARD	3	GND	power_in	AUX_0V
U_ILINE_OK	SN74LVC1G08DBVR	Package_TO_SOT_SMD:SOT-23-5	ANALOG_GUARD	4	Y	output	ILINE_LIMIT_OK
U_ILINE_OK	SN74LVC1G08DBVR	Package_TO_SOT_SMD:SOT-23-5	ANALOG_GUARD	5	VCC	power_in	POD_3V3
C_U_ILINE_OK	100nF C0603C104K5RACAUTO	Capacitor_SMD:C_0603_1608Metric	ANALOG_GUARD	1	1	passive	POD_3V3
C_U_ILINE_OK	100nF C0603C104K5RACAUTO	Capacitor_SMD:C_0603_1608Metric	ANALOG_GUARD	2	2	passive	AUX_0V
R_RAIL24_DIVH	110kR 0.1% TNPW0603110KBEEA	Resistor_SMD:R_0603_1608Metric	ANALOG_GUARD	1	1	passive	AUX_24V
R_RAIL24_DIVH	110kR 0.1% TNPW0603110KBEEA	Resistor_SMD:R_0603_1608Metric	ANALOG_GUARD	2	2	passive	RAIL24_DIV
R_RAIL24_DIVL	10kR 0.1% TNPW060310K0BEEA	Resistor_SMD:R_0603_1608Metric	ANALOG_GUARD	1	1	passive	RAIL24_DIV
R_RAIL24_DIVL	10kR 0.1% TNPW060310K0BEEA	Resistor_SMD:R_0603_1608Metric	ANALOG_GUARD	2	2	passive	AUX_0V
C_RAIL24_DIV	1nF C0603C102J5GACTU	Capacitor_SMD:C_0603_1608Metric	ANALOG_GUARD	1	1	passive	RAIL24_DIV
C_RAIL24_DIV	1nF C0603C102J5GACTU	Capacitor_SMD:C_0603_1608Metric	ANALOG_GUARD	2	2	passive	AUX_0V
R_RAIL24_LOH	49.9kR 0.1% TNPW060349K9BEEA	Resistor_SMD:R_0603_1608Metric	ANALOG_GUARD	1	1	passive	REF_2V5
R_RAIL24_LOH	49.9kR 0.1% TNPW060349K9BEEA	Resistor_SMD:R_0603_1608Metric	ANALOG_GUARD	2	2	passive	RAIL24_LO
R_RAIL24_LOL	100kR 0.1% TNPW0603100KBEEA	Resistor_SMD:R_0603_1608Metric	ANALOG_GUARD	1	1	passive	RAIL24_LO
R_RAIL24_LOL	100kR 0.1% TNPW0603100KBEEA	Resistor_SMD:R_0603_1608Metric	ANALOG_GUARD	2	2	passive	AUX_0V
C_RAIL24_LO	1nF C0603C102J5GACTU	Capacitor_SMD:C_0603_1608Metric	ANALOG_GUARD	1	1	passive	RAIL24_LO
C_RAIL24_LO	1nF C0603C102J5GACTU	Capacitor_SMD:C_0603_1608Metric	ANALOG_GUARD	2	2	passive	AUX_0V
U_RAIL24LO	TLV3201AIDBVR	Package_TO_SOT_SMD:SOT-23-5	ANALOG_GUARD	1	OUT	output	RAIL24_LO_OK
U_RAIL24LO	TLV3201AIDBVR	Package_TO_SOT_SMD:SOT-23-5	ANALOG_GUARD	2	GND	power_in	AUX_0V
U_RAIL24LO	TLV3201AIDBVR	Package_TO_SOT_SMD:SOT-23-5	ANALOG_GUARD	3	IN+	input	RAIL24_DIV
U_RAIL24LO	TLV3201AIDBVR	Package_TO_SOT_SMD:SOT-23-5	ANALOG_GUARD	4	IN-	input	RAIL24_LO
U_RAIL24LO	TLV3201AIDBVR	Package_TO_SOT_SMD:SOT-23-5	ANALOG_GUARD	5	VCC	power_in	POD_3V3
C_U_RAIL24LO	100nF C0603C104K5RACAUTO	Capacitor_SMD:C_0603_1608Metric	ANALOG_GUARD	1	1	passive	POD_3V3
C_U_RAIL24LO	100nF C0603C104K5RACAUTO	Capacitor_SMD:C_0603_1608Metric	ANALOG_GUARD	2	2	passive	AUX_0V
U_RAIL24HI	TLV3201AIDBVR	Package_TO_SOT_SMD:SOT-23-5	ANALOG_GUARD	1	OUT	output	RAIL24_HI_OK
U_RAIL24HI	TLV3201AIDBVR	Package_TO_SOT_SMD:SOT-23-5	ANALOG_GUARD	2	GND	power_in	AUX_0V
U_RAIL24HI	TLV3201AIDBVR	Package_TO_SOT_SMD:SOT-23-5	ANALOG_GUARD	3	IN+	input	REF_2V5
U_RAIL24HI	TLV3201AIDBVR	Package_TO_SOT_SMD:SOT-23-5	ANALOG_GUARD	4	IN-	input	RAIL24_DIV
U_RAIL24HI	TLV3201AIDBVR	Package_TO_SOT_SMD:SOT-23-5	ANALOG_GUARD	5	VCC	power_in	POD_3V3
C_U_RAIL24HI	100nF C0603C104K5RACAUTO	Capacitor_SMD:C_0603_1608Metric	ANALOG_GUARD	1	1	passive	POD_3V3
C_U_RAIL24HI	100nF C0603C104K5RACAUTO	Capacitor_SMD:C_0603_1608Metric	ANALOG_GUARD	2	2	passive	AUX_0V
U_RAIL24	SN74LVC1G08DBVR	Package_TO_SOT_SMD:SOT-23-5	ANALOG_GUARD	1	A	input	RAIL24_LO_OK
U_RAIL24	SN74LVC1G08DBVR	Package_TO_SOT_SMD:SOT-23-5	ANALOG_GUARD	2	B	input	RAIL24_HI_OK
U_RAIL24	SN74LVC1G08DBVR	Package_TO_SOT_SMD:SOT-23-5	ANALOG_GUARD	3	GND	power_in	AUX_0V
U_RAIL24	SN74LVC1G08DBVR	Package_TO_SOT_SMD:SOT-23-5	ANALOG_GUARD	4	Y	output	RAIL24_OK
U_RAIL24	SN74LVC1G08DBVR	Package_TO_SOT_SMD:SOT-23-5	ANALOG_GUARD	5	VCC	power_in	POD_3V3
C_U_RAIL24	100nF C0603C104K5RACAUTO	Capacitor_SMD:C_0603_1608Metric	ANALOG_GUARD	1	1	passive	POD_3V3
C_U_RAIL24	100nF C0603C104K5RACAUTO	Capacitor_SMD:C_0603_1608Metric	ANALOG_GUARD	2	2	passive	AUX_0V
R_TEMP_HIH	10kR 0.1% TNPW060310K0BEEA	Resistor_SMD:R_0603_1608Metric	ANALOG_GUARD	1	1	passive	POD_3V3
R_TEMP_HIH	10kR 0.1% TNPW060310K0BEEA	Resistor_SMD:R_0603_1608Metric	ANALOG_GUARD	2	2	passive	TEMP_HI
R_TEMP_HIL	100kR 0.1% TNPW0603100KBEEA	Resistor_SMD:R_0603_1608Metric	ANALOG_GUARD	1	1	passive	TEMP_HI
R_TEMP_HIL	100kR 0.1% TNPW0603100KBEEA	Resistor_SMD:R_0603_1608Metric	ANALOG_GUARD	2	2	passive	AUX_0V
C_TEMP_HI	1nF C0603C102J5GACTU	Capacitor_SMD:C_0603_1608Metric	ANALOG_GUARD	1	1	passive	TEMP_HI
C_TEMP_HI	1nF C0603C102J5GACTU	Capacitor_SMD:C_0603_1608Metric	ANALOG_GUARD	2	2	passive	AUX_0V
R_TEMP1	10kR 0.1% TNPW060310K0BEEA	Resistor_SMD:R_0603_1608Metric	ANALOG_GUARD	1	1	passive	POD_3V3
R_TEMP1	10kR 0.1% TNPW060310K0BEEA	Resistor_SMD:R_0603_1608Metric	ANALOG_GUARD	2	2	passive	RP1_TEMP
J_TEMP1	1725669 Phoenix MKDS1/2-3.81	REVIEW_ONLY:Connector_mechanical_drawing_required	ANALOG_GUARD	1	RP1_TEMP	passive	RP1_TEMP
J_TEMP1	1725669 Phoenix MKDS1/2-3.81	REVIEW_ONLY:Connector_mechanical_drawing_required	ANALOG_GUARD	2	AUX_0V	passive	AUX_0V
NTC1	NTCLE100E3103JB0	EXTERNAL:Insulated_resistor_case_thermal_bond	ANALOG_GUARD	1	1	passive	RP1_TEMP
NTC1	NTCLE100E3103JB0	EXTERNAL:Insulated_resistor_case_thermal_bond	ANALOG_GUARD	2	2	passive	AUX_0V
R_TEMP1_ADC	1kR CRCW06031K00FKEA	Resistor_SMD:R_0603_1608Metric	ANALOG_GUARD	1	1	passive	RP1_TEMP
R_TEMP1_ADC	1kR CRCW06031K00FKEA	Resistor_SMD:R_0603_1608Metric	ANALOG_GUARD	2	2	passive	RP1_TEMP_ADC
C_TEMP1_ADC	1nF C0603C102J5GACTU	Capacitor_SMD:C_0603_1608Metric	ANALOG_GUARD	1	1	passive	RP1_TEMP_ADC
C_TEMP1_ADC	1nF C0603C102J5GACTU	Capacitor_SMD:C_0603_1608Metric	ANALOG_GUARD	2	2	passive	AUX_0V
U_TEMP1LO	TLV3201AIDBVR	Package_TO_SOT_SMD:SOT-23-5	ANALOG_GUARD	1	OUT	output	TEMP1_LO_OK
U_TEMP1LO	TLV3201AIDBVR	Package_TO_SOT_SMD:SOT-23-5	ANALOG_GUARD	2	GND	power_in	AUX_0V
U_TEMP1LO	TLV3201AIDBVR	Package_TO_SOT_SMD:SOT-23-5	ANALOG_GUARD	3	IN+	input	RP1_TEMP
U_TEMP1LO	TLV3201AIDBVR	Package_TO_SOT_SMD:SOT-23-5	ANALOG_GUARD	4	IN-	input	TEMP_LO
U_TEMP1LO	TLV3201AIDBVR	Package_TO_SOT_SMD:SOT-23-5	ANALOG_GUARD	5	VCC	power_in	POD_3V3
C_U_TEMP1LO	100nF C0603C104K5RACAUTO	Capacitor_SMD:C_0603_1608Metric	ANALOG_GUARD	1	1	passive	POD_3V3
C_U_TEMP1LO	100nF C0603C104K5RACAUTO	Capacitor_SMD:C_0603_1608Metric	ANALOG_GUARD	2	2	passive	AUX_0V
U_TEMP1HI	TLV3201AIDBVR	Package_TO_SOT_SMD:SOT-23-5	ANALOG_GUARD	1	OUT	output	TEMP1_HI_OK
U_TEMP1HI	TLV3201AIDBVR	Package_TO_SOT_SMD:SOT-23-5	ANALOG_GUARD	2	GND	power_in	AUX_0V
U_TEMP1HI	TLV3201AIDBVR	Package_TO_SOT_SMD:SOT-23-5	ANALOG_GUARD	3	IN+	input	TEMP_HI
U_TEMP1HI	TLV3201AIDBVR	Package_TO_SOT_SMD:SOT-23-5	ANALOG_GUARD	4	IN-	input	RP1_TEMP
U_TEMP1HI	TLV3201AIDBVR	Package_TO_SOT_SMD:SOT-23-5	ANALOG_GUARD	5	VCC	power_in	POD_3V3
C_U_TEMP1HI	100nF C0603C104K5RACAUTO	Capacitor_SMD:C_0603_1608Metric	ANALOG_GUARD	1	1	passive	POD_3V3
C_U_TEMP1HI	100nF C0603C104K5RACAUTO	Capacitor_SMD:C_0603_1608Metric	ANALOG_GUARD	2	2	passive	AUX_0V
R_TEMP2	10kR 0.1% TNPW060310K0BEEA	Resistor_SMD:R_0603_1608Metric	ANALOG_GUARD	1	1	passive	POD_3V3
R_TEMP2	10kR 0.1% TNPW060310K0BEEA	Resistor_SMD:R_0603_1608Metric	ANALOG_GUARD	2	2	passive	RP2_TEMP
J_TEMP2	1725669 Phoenix MKDS1/2-3.81	REVIEW_ONLY:Connector_mechanical_drawing_required	ANALOG_GUARD	1	RP2_TEMP	passive	RP2_TEMP
J_TEMP2	1725669 Phoenix MKDS1/2-3.81	REVIEW_ONLY:Connector_mechanical_drawing_required	ANALOG_GUARD	2	AUX_0V	passive	AUX_0V
NTC2	NTCLE100E3103JB0	EXTERNAL:Insulated_resistor_case_thermal_bond	ANALOG_GUARD	1	1	passive	RP2_TEMP
NTC2	NTCLE100E3103JB0	EXTERNAL:Insulated_resistor_case_thermal_bond	ANALOG_GUARD	2	2	passive	AUX_0V
R_TEMP2_ADC	1kR CRCW06031K00FKEA	Resistor_SMD:R_0603_1608Metric	ANALOG_GUARD	1	1	passive	RP2_TEMP
R_TEMP2_ADC	1kR CRCW06031K00FKEA	Resistor_SMD:R_0603_1608Metric	ANALOG_GUARD	2	2	passive	RP2_TEMP_ADC
C_TEMP2_ADC	1nF C0603C102J5GACTU	Capacitor_SMD:C_0603_1608Metric	ANALOG_GUARD	1	1	passive	RP2_TEMP_ADC
C_TEMP2_ADC	1nF C0603C102J5GACTU	Capacitor_SMD:C_0603_1608Metric	ANALOG_GUARD	2	2	passive	AUX_0V
U_TEMP2LO	TLV3201AIDBVR	Package_TO_SOT_SMD:SOT-23-5	ANALOG_GUARD	1	OUT	output	TEMP2_LO_OK
U_TEMP2LO	TLV3201AIDBVR	Package_TO_SOT_SMD:SOT-23-5	ANALOG_GUARD	2	GND	power_in	AUX_0V
U_TEMP2LO	TLV3201AIDBVR	Package_TO_SOT_SMD:SOT-23-5	ANALOG_GUARD	3	IN+	input	RP2_TEMP
U_TEMP2LO	TLV3201AIDBVR	Package_TO_SOT_SMD:SOT-23-5	ANALOG_GUARD	4	IN-	input	TEMP_LO
U_TEMP2LO	TLV3201AIDBVR	Package_TO_SOT_SMD:SOT-23-5	ANALOG_GUARD	5	VCC	power_in	POD_3V3
C_U_TEMP2LO	100nF C0603C104K5RACAUTO	Capacitor_SMD:C_0603_1608Metric	ANALOG_GUARD	1	1	passive	POD_3V3
C_U_TEMP2LO	100nF C0603C104K5RACAUTO	Capacitor_SMD:C_0603_1608Metric	ANALOG_GUARD	2	2	passive	AUX_0V
U_TEMP2HI	TLV3201AIDBVR	Package_TO_SOT_SMD:SOT-23-5	ANALOG_GUARD	1	OUT	output	TEMP2_HI_OK
U_TEMP2HI	TLV3201AIDBVR	Package_TO_SOT_SMD:SOT-23-5	ANALOG_GUARD	2	GND	power_in	AUX_0V
U_TEMP2HI	TLV3201AIDBVR	Package_TO_SOT_SMD:SOT-23-5	ANALOG_GUARD	3	IN+	input	TEMP_HI
U_TEMP2HI	TLV3201AIDBVR	Package_TO_SOT_SMD:SOT-23-5	ANALOG_GUARD	4	IN-	input	RP2_TEMP
U_TEMP2HI	TLV3201AIDBVR	Package_TO_SOT_SMD:SOT-23-5	ANALOG_GUARD	5	VCC	power_in	POD_3V3
C_U_TEMP2HI	100nF C0603C104K5RACAUTO	Capacitor_SMD:C_0603_1608Metric	ANALOG_GUARD	1	1	passive	POD_3V3
C_U_TEMP2HI	100nF C0603C104K5RACAUTO	Capacitor_SMD:C_0603_1608Metric	ANALOG_GUARD	2	2	passive	AUX_0V
U_TEMPS1	SN74LVC1G08DBVR	Package_TO_SOT_SMD:SOT-23-5	ANALOG_GUARD	1	A	input	TEMP1_LO_OK
U_TEMPS1	SN74LVC1G08DBVR	Package_TO_SOT_SMD:SOT-23-5	ANALOG_GUARD	2	B	input	TEMP1_HI_OK
U_TEMPS1	SN74LVC1G08DBVR	Package_TO_SOT_SMD:SOT-23-5	ANALOG_GUARD	3	GND	power_in	AUX_0V
U_TEMPS1	SN74LVC1G08DBVR	Package_TO_SOT_SMD:SOT-23-5	ANALOG_GUARD	4	Y	output	U_TEMPS_1
U_TEMPS1	SN74LVC1G08DBVR	Package_TO_SOT_SMD:SOT-23-5	ANALOG_GUARD	5	VCC	power_in	POD_3V3
C_U_TEMPS1	100nF C0603C104K5RACAUTO	Capacitor_SMD:C_0603_1608Metric	ANALOG_GUARD	1	1	passive	POD_3V3
C_U_TEMPS1	100nF C0603C104K5RACAUTO	Capacitor_SMD:C_0603_1608Metric	ANALOG_GUARD	2	2	passive	AUX_0V
U_TEMPS2	SN74LVC1G08DBVR	Package_TO_SOT_SMD:SOT-23-5	ANALOG_GUARD	1	A	input	U_TEMPS_1
U_TEMPS2	SN74LVC1G08DBVR	Package_TO_SOT_SMD:SOT-23-5	ANALOG_GUARD	2	B	input	TEMP2_LO_OK
U_TEMPS2	SN74LVC1G08DBVR	Package_TO_SOT_SMD:SOT-23-5	ANALOG_GUARD	3	GND	power_in	AUX_0V
U_TEMPS2	SN74LVC1G08DBVR	Package_TO_SOT_SMD:SOT-23-5	ANALOG_GUARD	4	Y	output	U_TEMPS_2
U_TEMPS2	SN74LVC1G08DBVR	Package_TO_SOT_SMD:SOT-23-5	ANALOG_GUARD	5	VCC	power_in	POD_3V3
C_U_TEMPS2	100nF C0603C104K5RACAUTO	Capacitor_SMD:C_0603_1608Metric	ANALOG_GUARD	1	1	passive	POD_3V3
C_U_TEMPS2	100nF C0603C104K5RACAUTO	Capacitor_SMD:C_0603_1608Metric	ANALOG_GUARD	2	2	passive	AUX_0V
U_TEMPS3	SN74LVC1G08DBVR	Package_TO_SOT_SMD:SOT-23-5	ANALOG_GUARD	1	A	input	U_TEMPS_2
U_TEMPS3	SN74LVC1G08DBVR	Package_TO_SOT_SMD:SOT-23-5	ANALOG_GUARD	2	B	input	TEMP2_HI_OK
U_TEMPS3	SN74LVC1G08DBVR	Package_TO_SOT_SMD:SOT-23-5	ANALOG_GUARD	3	GND	power_in	AUX_0V
U_TEMPS3	SN74LVC1G08DBVR	Package_TO_SOT_SMD:SOT-23-5	ANALOG_GUARD	4	Y	output	RP_TEMP_OK
U_TEMPS3	SN74LVC1G08DBVR	Package_TO_SOT_SMD:SOT-23-5	ANALOG_GUARD	5	VCC	power_in	POD_3V3
C_U_TEMPS3	100nF C0603C104K5RACAUTO	Capacitor_SMD:C_0603_1608Metric	ANALOG_GUARD	1	1	passive	POD_3V3
C_U_TEMPS3	100nF C0603C104K5RACAUTO	Capacitor_SMD:C_0603_1608Metric	ANALOG_GUARD	2	2	passive	AUX_0V
U_ADC	ADS131M08IPBSR	Package_QFP:TQFP-32_5x5mm_P0.5mm	ADC	13	AGND	power_in	AUX_0V
U_ADC	ADS131M08IPBSR	Package_QFP:TQFP-32_5x5mm_P0.5mm	ADC	28	AGND	power_in	AUX_0V
U_ADC	ADS131M08IPBSR	Package_QFP:TQFP-32_5x5mm_P0.5mm	ADC	15	AVDD	power_in	POD_3V3
U_ADC	ADS131M08IPBSR	Package_QFP:TQFP-32_5x5mm_P0.5mm	ADC	26	DVDD	power_in	POD_3V3
U_ADC	ADS131M08IPBSR	Package_QFP:TQFP-32_5x5mm_P0.5mm	ADC	25	DGND	power_in	AUX_0V
U_ADC	ADS131M08IPBSR	Package_QFP:TQFP-32_5x5mm_P0.5mm	ADC	24	CAP	power_out	ADC_CAP
U_ADC	ADS131M08IPBSR	Package_QFP:TQFP-32_5x5mm_P0.5mm	ADC	14	REFIN	input	NC
U_ADC	ADS131M08IPBSR	Package_QFP:TQFP-32_5x5mm_P0.5mm	ADC	27	NC	no_connect	NC
U_ADC	ADS131M08IPBSR	Package_QFP:TQFP-32_5x5mm_P0.5mm	ADC	17	CS_N	input	ADC_CS_N
U_ADC	ADS131M08IPBSR	Package_QFP:TQFP-32_5x5mm_P0.5mm	ADC	18	DRDY_N	output	ADC_DRDY_N
U_ADC	ADS131M08IPBSR	Package_QFP:TQFP-32_5x5mm_P0.5mm	ADC	19	SCLK	input	ADC_SCLK
U_ADC	ADS131M08IPBSR	Package_QFP:TQFP-32_5x5mm_P0.5mm	ADC	20	DOUT	output	ADC_DOUT
U_ADC	ADS131M08IPBSR	Package_QFP:TQFP-32_5x5mm_P0.5mm	ADC	21	DIN	input	ADC_DIN
U_ADC	ADS131M08IPBSR	Package_QFP:TQFP-32_5x5mm_P0.5mm	ADC	16	SYNC_RESET_N	input	ADC_RESET_N
U_ADC	ADS131M08IPBSR	Package_QFP:TQFP-32_5x5mm_P0.5mm	ADC	23	CLKIN	input	ADC_CLKIN
U_ADC	ADS131M08IPBSR	Package_QFP:TQFP-32_5x5mm_P0.5mm	ADC	22	XTAL2	output	NC
U_ADC	ADS131M08IPBSR	Package_QFP:TQFP-32_5x5mm_P0.5mm	ADC	29	AINP	input	VLINE_ADC_P
U_ADC	ADS131M08IPBSR	Package_QFP:TQFP-32_5x5mm_P0.5mm	ADC	30	AINN	input	VLINE_ADC_N
U_ADC	ADS131M08IPBSR	Package_QFP:TQFP-32_5x5mm_P0.5mm	ADC	32	AINP	input	VPRE_ADC_P
U_ADC	ADS131M08IPBSR	Package_QFP:TQFP-32_5x5mm_P0.5mm	ADC	31	AINN	input	VPRE_ADC_N
U_ADC	ADS131M08IPBSR	Package_QFP:TQFP-32_5x5mm_P0.5mm	ADC	1	AINP	input	VOUT_ADC_P
U_ADC	ADS131M08IPBSR	Package_QFP:TQFP-32_5x5mm_P0.5mm	ADC	2	AINN	input	VOUT_ADC_N
U_ADC	ADS131M08IPBSR	Package_QFP:TQFP-32_5x5mm_P0.5mm	ADC	4	AINP	input	VBUS_ADC_P
U_ADC	ADS131M08IPBSR	Package_QFP:TQFP-32_5x5mm_P0.5mm	ADC	3	AINN	input	VBUS_ADC_N
U_ADC	ADS131M08IPBSR	Package_QFP:TQFP-32_5x5mm_P0.5mm	ADC	5	AINP	input	VCATCH_ADC_P
U_ADC	ADS131M08IPBSR	Package_QFP:TQFP-32_5x5mm_P0.5mm	ADC	6	AINN	input	VCATCH_ADC_N
U_ADC	ADS131M08IPBSR	Package_QFP:TQFP-32_5x5mm_P0.5mm	ADC	8	AINP	input	VTANK_ADC_P
U_ADC	ADS131M08IPBSR	Package_QFP:TQFP-32_5x5mm_P0.5mm	ADC	7	AINN	input	VTANK_ADC_N
U_ADC	ADS131M08IPBSR	Package_QFP:TQFP-32_5x5mm_P0.5mm	ADC	9	AINP	input	IPROOF_ADC
U_ADC	ADS131M08IPBSR	Package_QFP:TQFP-32_5x5mm_P0.5mm	ADC	10	AINN	input	REF_1V25
U_ADC	ADS131M08IPBSR	Package_QFP:TQFP-32_5x5mm_P0.5mm	ADC	12	AINP	input	ILINE_ADC
U_ADC	ADS131M08IPBSR	Package_QFP:TQFP-32_5x5mm_P0.5mm	ADC	11	AINN	input	REF_1V25
C_ADC_CAP	220nF C0603C224K4RACAUTO	Capacitor_SMD:C_0603_1608Metric	ADC	1	1	passive	ADC_CAP
C_ADC_CAP	220nF C0603C224K4RACAUTO	Capacitor_SMD:C_0603_1608Metric	ADC	2	2	passive	AUX_0V
C_ADC_A	1uF 12063C105KAT2A	Capacitor_SMD:C_1206_3216Metric	ADC	1	1	passive	POD_3V3
C_ADC_A	1uF 12063C105KAT2A	Capacitor_SMD:C_1206_3216Metric	ADC	2	2	passive	AUX_0V
C_ADC_D	1uF 12063C105KAT2A	Capacitor_SMD:C_1206_3216Metric	ADC	1	1	passive	POD_3V3
C_ADC_D	1uF 12063C105KAT2A	Capacitor_SMD:C_1206_3216Metric	ADC	2	2	passive	AUX_0V
R_ADC_RESET	10kR CRCW060310K0FKEA	Resistor_SMD:R_0603_1608Metric	ADC	1	1	passive	ADC_RESET_N
R_ADC_RESET	10kR CRCW060310K0FKEA	Resistor_SMD:R_0603_1608Metric	ADC	2	2	passive	AUX_0V
R_ADC_CS	10kR CRCW060310K0FKEA	Resistor_SMD:R_0603_1608Metric	ADC	1	1	passive	ADC_CS_N
R_ADC_CS	10kR CRCW060310K0FKEA	Resistor_SMD:R_0603_1608Metric	ADC	2	2	passive	POD_3V3
J_CLK	CLOCK_TEST_HEADER_DNP	REVIEW_ONLY:Connector_mechanical_drawing_required	ADC	1	POD_3V3	passive	POD_3V3
J_CLK	CLOCK_TEST_HEADER_DNP	REVIEW_ONLY:Connector_mechanical_drawing_required	ADC	2	AUX_0V	passive	AUX_0V
J_CLK	CLOCK_TEST_HEADER_DNP	REVIEW_ONLY:Connector_mechanical_drawing_required	ADC	3	ADC_CLKIN	passive	ADC_CLKIN
J_ANALOG_GUARD	ANALOG_GUARD_TEST_HEADER_DNP	REVIEW_ONLY:Connector_mechanical_drawing_required	HARDWARE	1	POD_3V3	passive	POD_3V3
J_ANALOG_GUARD	ANALOG_GUARD_TEST_HEADER_DNP	REVIEW_ONLY:Connector_mechanical_drawing_required	HARDWARE	2	AUX_0V	passive	AUX_0V
J_ANALOG_GUARD	ANALOG_GUARD_TEST_HEADER_DNP	REVIEW_ONLY:Connector_mechanical_drawing_required	HARDWARE	3	BUS_LIMIT_OK	passive	BUS_LIMIT_OK
J_ANALOG_GUARD	ANALOG_GUARD_TEST_HEADER_DNP	REVIEW_ONLY:Connector_mechanical_drawing_required	HARDWARE	4	CATCH_LIMIT_OK	passive	CATCH_LIMIT_OK
J_ANALOG_GUARD	ANALOG_GUARD_TEST_HEADER_DNP	REVIEW_ONLY:Connector_mechanical_drawing_required	HARDWARE	5	TANK_LIMIT_OK	passive	TANK_LIMIT_OK
J_ANALOG_GUARD	ANALOG_GUARD_TEST_HEADER_DNP	REVIEW_ONLY:Connector_mechanical_drawing_required	HARDWARE	6	ILINE_LIMIT_OK	passive	ILINE_LIMIT_OK
J_ANALOG_GUARD	ANALOG_GUARD_TEST_HEADER_DNP	REVIEW_ONLY:Connector_mechanical_drawing_required	HARDWARE	7	RP_TEMP_OK	passive	RP_TEMP_OK
J_ANALOG_GUARD	ANALOG_GUARD_TEST_HEADER_DNP	REVIEW_ONLY:Connector_mechanical_drawing_required	HARDWARE	8	RAIL24_OK	passive	RAIL24_OK
R_PD_BUS_LIMIT_OK	10kR CRCW060310K0FKEA	Resistor_SMD:R_0603_1608Metric	HARDWARE	1	1	passive	BUS_LIMIT_OK
R_PD_BUS_LIMIT_OK	10kR CRCW060310K0FKEA	Resistor_SMD:R_0603_1608Metric	HARDWARE	2	2	passive	AUX_0V
R_PD_CATCH_LIMIT_OK	10kR CRCW060310K0FKEA	Resistor_SMD:R_0603_1608Metric	HARDWARE	1	1	passive	CATCH_LIMIT_OK
R_PD_CATCH_LIMIT_OK	10kR CRCW060310K0FKEA	Resistor_SMD:R_0603_1608Metric	HARDWARE	2	2	passive	AUX_0V
R_PD_TANK_LIMIT_OK	10kR CRCW060310K0FKEA	Resistor_SMD:R_0603_1608Metric	HARDWARE	1	1	passive	TANK_LIMIT_OK
R_PD_TANK_LIMIT_OK	10kR CRCW060310K0FKEA	Resistor_SMD:R_0603_1608Metric	HARDWARE	2	2	passive	AUX_0V
R_PD_ILINE_LIMIT_OK	10kR CRCW060310K0FKEA	Resistor_SMD:R_0603_1608Metric	HARDWARE	1	1	passive	ILINE_LIMIT_OK
R_PD_ILINE_LIMIT_OK	10kR CRCW060310K0FKEA	Resistor_SMD:R_0603_1608Metric	HARDWARE	2	2	passive	AUX_0V
R_PD_RP_TEMP_OK	10kR CRCW060310K0FKEA	Resistor_SMD:R_0603_1608Metric	HARDWARE	1	1	passive	RP_TEMP_OK
R_PD_RP_TEMP_OK	10kR CRCW060310K0FKEA	Resistor_SMD:R_0603_1608Metric	HARDWARE	2	2	passive	AUX_0V
R_PD_RAIL24_OK	10kR CRCW060310K0FKEA	Resistor_SMD:R_0603_1608Metric	HARDWARE	1	1	passive	RAIL24_OK
R_PD_RAIL24_OK	10kR CRCW060310K0FKEA	Resistor_SMD:R_0603_1608Metric	HARDWARE	2	2	passive	AUX_0V
R_PD_MCU_HEALTHY	10kR CRCW060310K0FKEA	Resistor_SMD:R_0603_1608Metric	HARDWARE	1	1	passive	MCU_HEALTHY
R_PD_MCU_HEALTHY	10kR CRCW060310K0FKEA	Resistor_SMD:R_0603_1608Metric	HARDWARE	2	2	passive	AUX_0V
R_PD_MCU_POST_OK	10kR CRCW060310K0FKEA	Resistor_SMD:R_0603_1608Metric	HARDWARE	1	1	passive	MCU_POST_OK
R_PD_MCU_POST_OK	10kR CRCW060310K0FKEA	Resistor_SMD:R_0603_1608Metric	HARDWARE	2	2	passive	AUX_0V
R_PD_MCU_RESET_OK	10kR CRCW060310K0FKEA	Resistor_SMD:R_0603_1608Metric	HARDWARE	1	1	passive	MCU_RESET_OK
R_PD_MCU_RESET_OK	10kR CRCW060310K0FKEA	Resistor_SMD:R_0603_1608Metric	HARDWARE	2	2	passive	AUX_0V
R_PD_MCU_PRECHARGE_DONE	10kR CRCW060310K0FKEA	Resistor_SMD:R_0603_1608Metric	HARDWARE	1	1	passive	MCU_PRECHARGE_DONE
R_PD_MCU_PRECHARGE_DONE	10kR CRCW060310K0FKEA	Resistor_SMD:R_0603_1608Metric	HARDWARE	2	2	passive	AUX_0V
R_PD_MCU_BYPASS_PROVEN	10kR CRCW060310K0FKEA	Resistor_SMD:R_0603_1608Metric	HARDWARE	1	1	passive	MCU_BYPASS_PROVEN
R_PD_MCU_BYPASS_PROVEN	10kR CRCW060310K0FKEA	Resistor_SMD:R_0603_1608Metric	HARDWARE	2	2	passive	AUX_0V
R_PD_MCU_RUN	10kR CRCW060310K0FKEA	Resistor_SMD:R_0603_1608Metric	HARDWARE	1	1	passive	MCU_RUN
R_PD_MCU_RUN	10kR CRCW060310K0FKEA	Resistor_SMD:R_0603_1608Metric	HARDWARE	2	2	passive	AUX_0V
R_PD_MCU_STOP_DONE	10kR CRCW060310K0FKEA	Resistor_SMD:R_0603_1608Metric	HARDWARE	1	1	passive	MCU_STOP_DONE
R_PD_MCU_STOP_DONE	10kR CRCW060310K0FKEA	Resistor_SMD:R_0603_1608Metric	HARDWARE	2	2	passive	AUX_0V
R_PD_CMD_K1	10kR CRCW060310K0FKEA	Resistor_SMD:R_0603_1608Metric	HARDWARE	1	1	passive	CMD_K1
R_PD_CMD_K1	10kR CRCW060310K0FKEA	Resistor_SMD:R_0603_1608Metric	HARDWARE	2	2	passive	AUX_0V
R_PD_CMD_K2	10kR CRCW060310K0FKEA	Resistor_SMD:R_0603_1608Metric	HARDWARE	1	1	passive	CMD_K2
R_PD_CMD_K2	10kR CRCW060310K0FKEA	Resistor_SMD:R_0603_1608Metric	HARDWARE	2	2	passive	AUX_0V
R_PD_CMD_KB	10kR CRCW060310K0FKEA	Resistor_SMD:R_0603_1608Metric	HARDWARE	1	1	passive	CMD_KB
R_PD_CMD_KB	10kR CRCW060310K0FKEA	Resistor_SMD:R_0603_1608Metric	HARDWARE	2	2	passive	AUX_0V
R_PD_CMD_KT	10kR CRCW060310K0FKEA	Resistor_SMD:R_0603_1608Metric	HARDWARE	1	1	passive	CMD_KT
R_PD_CMD_KT	10kR CRCW060310K0FKEA	Resistor_SMD:R_0603_1608Metric	HARDWARE	2	2	passive	AUX_0V
R_PD_START_RELEASED	10kR CRCW060310K0FKEA	Resistor_SMD:R_0603_1608Metric	HARDWARE	1	1	passive	START_RELEASED
R_PD_START_RELEASED	10kR CRCW060310K0FKEA	Resistor_SMD:R_0603_1608Metric	HARDWARE	2	2	passive	AUX_0V
R_VLINEDIAG_POD_PD	47kR CRCW060347K0FKEA	Resistor_SMD:R_0603_1608Metric	HARDWARE	1	1	passive	VLINE_DIAG_N
R_VLINEDIAG_POD_PD	47kR CRCW060347K0FKEA	Resistor_SMD:R_0603_1608Metric	HARDWARE	2	2	passive	AUX_0V
R_VPREDIAG_POD_PD	47kR CRCW060347K0FKEA	Resistor_SMD:R_0603_1608Metric	HARDWARE	1	1	passive	VPRE_DIAG_N
R_VPREDIAG_POD_PD	47kR CRCW060347K0FKEA	Resistor_SMD:R_0603_1608Metric	HARDWARE	2	2	passive	AUX_0V
R_VOUTDIAG_POD_PD	47kR CRCW060347K0FKEA	Resistor_SMD:R_0603_1608Metric	HARDWARE	1	1	passive	VOUT_DIAG_N
R_VOUTDIAG_POD_PD	47kR CRCW060347K0FKEA	Resistor_SMD:R_0603_1608Metric	HARDWARE	2	2	passive	AUX_0V
R_VBUSDIAG_POD_PD	47kR CRCW060347K0FKEA	Resistor_SMD:R_0603_1608Metric	HARDWARE	1	1	passive	VBUS_DIAG_N
R_VBUSDIAG_POD_PD	47kR CRCW060347K0FKEA	Resistor_SMD:R_0603_1608Metric	HARDWARE	2	2	passive	AUX_0V
R_VCATCHDIAG_POD_PD	47kR CRCW060347K0FKEA	Resistor_SMD:R_0603_1608Metric	HARDWARE	1	1	passive	VCATCH_DIAG_N
R_VCATCHDIAG_POD_PD	47kR CRCW060347K0FKEA	Resistor_SMD:R_0603_1608Metric	HARDWARE	2	2	passive	AUX_0V
R_VTANKDIAG_POD_PD	47kR CRCW060347K0FKEA	Resistor_SMD:R_0603_1608Metric	HARDWARE	1	1	passive	VTANK_DIAG_N
R_VTANKDIAG_POD_PD	47kR CRCW060347K0FKEA	Resistor_SMD:R_0603_1608Metric	HARDWARE	2	2	passive	AUX_0V
U_HEALTH1	SN74LVC1G08DBVR	Package_TO_SOT_SMD:SOT-23-5	HARDWARE	1	A	input	POD_STOP
U_HEALTH1	SN74LVC1G08DBVR	Package_TO_SOT_SMD:SOT-23-5	HARDWARE	2	B	input	WD_RESET_N
U_HEALTH1	SN74LVC1G08DBVR	Package_TO_SOT_SMD:SOT-23-5	HARDWARE	3	GND	power_in	AUX_0V
U_HEALTH1	SN74LVC1G08DBVR	Package_TO_SOT_SMD:SOT-23-5	HARDWARE	4	Y	output	U_HEALTH_1
U_HEALTH1	SN74LVC1G08DBVR	Package_TO_SOT_SMD:SOT-23-5	HARDWARE	5	VCC	power_in	POD_3V3
C_U_HEALTH1	100nF C0603C104K5RACAUTO	Capacitor_SMD:C_0603_1608Metric	HARDWARE	1	1	passive	POD_3V3
C_U_HEALTH1	100nF C0603C104K5RACAUTO	Capacitor_SMD:C_0603_1608Metric	HARDWARE	2	2	passive	AUX_0V
U_HEALTH2	SN74LVC1G08DBVR	Package_TO_SOT_SMD:SOT-23-5	HARDWARE	1	A	input	U_HEALTH_1
U_HEALTH2	SN74LVC1G08DBVR	Package_TO_SOT_SMD:SOT-23-5	HARDWARE	2	B	input	PG5_N
U_HEALTH2	SN74LVC1G08DBVR	Package_TO_SOT_SMD:SOT-23-5	HARDWARE	3	GND	power_in	AUX_0V
U_HEALTH2	SN74LVC1G08DBVR	Package_TO_SOT_SMD:SOT-23-5	HARDWARE	4	Y	output	U_HEALTH_2
U_HEALTH2	SN74LVC1G08DBVR	Package_TO_SOT_SMD:SOT-23-5	HARDWARE	5	VCC	power_in	POD_3V3
C_U_HEALTH2	100nF C0603C104K5RACAUTO	Capacitor_SMD:C_0603_1608Metric	HARDWARE	1	1	passive	POD_3V3
C_U_HEALTH2	100nF C0603C104K5RACAUTO	Capacitor_SMD:C_0603_1608Metric	HARDWARE	2	2	passive	AUX_0V
U_HEALTH3	SN74LVC1G08DBVR	Package_TO_SOT_SMD:SOT-23-5	HARDWARE	1	A	input	U_HEALTH_2
U_HEALTH3	SN74LVC1G08DBVR	Package_TO_SOT_SMD:SOT-23-5	HARDWARE	2	B	input	RAIL24_OK
U_HEALTH3	SN74LVC1G08DBVR	Package_TO_SOT_SMD:SOT-23-5	HARDWARE	3	GND	power_in	AUX_0V
U_HEALTH3	SN74LVC1G08DBVR	Package_TO_SOT_SMD:SOT-23-5	HARDWARE	4	Y	output	U_HEALTH_3
U_HEALTH3	SN74LVC1G08DBVR	Package_TO_SOT_SMD:SOT-23-5	HARDWARE	5	VCC	power_in	POD_3V3
C_U_HEALTH3	100nF C0603C104K5RACAUTO	Capacitor_SMD:C_0603_1608Metric	HARDWARE	1	1	passive	POD_3V3
C_U_HEALTH3	100nF C0603C104K5RACAUTO	Capacitor_SMD:C_0603_1608Metric	HARDWARE	2	2	passive	AUX_0V
U_HEALTH4	SN74LVC1G08DBVR	Package_TO_SOT_SMD:SOT-23-5	HARDWARE	1	A	input	U_HEALTH_3
U_HEALTH4	SN74LVC1G08DBVR	Package_TO_SOT_SMD:SOT-23-5	HARDWARE	2	B	input	BUS_LIMIT_OK
U_HEALTH4	SN74LVC1G08DBVR	Package_TO_SOT_SMD:SOT-23-5	HARDWARE	3	GND	power_in	AUX_0V
U_HEALTH4	SN74LVC1G08DBVR	Package_TO_SOT_SMD:SOT-23-5	HARDWARE	4	Y	output	U_HEALTH_4
U_HEALTH4	SN74LVC1G08DBVR	Package_TO_SOT_SMD:SOT-23-5	HARDWARE	5	VCC	power_in	POD_3V3
C_U_HEALTH4	100nF C0603C104K5RACAUTO	Capacitor_SMD:C_0603_1608Metric	HARDWARE	1	1	passive	POD_3V3
C_U_HEALTH4	100nF C0603C104K5RACAUTO	Capacitor_SMD:C_0603_1608Metric	HARDWARE	2	2	passive	AUX_0V
U_HEALTH5	SN74LVC1G08DBVR	Package_TO_SOT_SMD:SOT-23-5	HARDWARE	1	A	input	U_HEALTH_4
U_HEALTH5	SN74LVC1G08DBVR	Package_TO_SOT_SMD:SOT-23-5	HARDWARE	2	B	input	CATCH_LIMIT_OK
U_HEALTH5	SN74LVC1G08DBVR	Package_TO_SOT_SMD:SOT-23-5	HARDWARE	3	GND	power_in	AUX_0V
U_HEALTH5	SN74LVC1G08DBVR	Package_TO_SOT_SMD:SOT-23-5	HARDWARE	4	Y	output	U_HEALTH_5
U_HEALTH5	SN74LVC1G08DBVR	Package_TO_SOT_SMD:SOT-23-5	HARDWARE	5	VCC	power_in	POD_3V3
C_U_HEALTH5	100nF C0603C104K5RACAUTO	Capacitor_SMD:C_0603_1608Metric	HARDWARE	1	1	passive	POD_3V3
C_U_HEALTH5	100nF C0603C104K5RACAUTO	Capacitor_SMD:C_0603_1608Metric	HARDWARE	2	2	passive	AUX_0V
U_HEALTH6	SN74LVC1G08DBVR	Package_TO_SOT_SMD:SOT-23-5	HARDWARE	1	A	input	U_HEALTH_5
U_HEALTH6	SN74LVC1G08DBVR	Package_TO_SOT_SMD:SOT-23-5	HARDWARE	2	B	input	TANK_LIMIT_OK
U_HEALTH6	SN74LVC1G08DBVR	Package_TO_SOT_SMD:SOT-23-5	HARDWARE	3	GND	power_in	AUX_0V
U_HEALTH6	SN74LVC1G08DBVR	Package_TO_SOT_SMD:SOT-23-5	HARDWARE	4	Y	output	U_HEALTH_6
U_HEALTH6	SN74LVC1G08DBVR	Package_TO_SOT_SMD:SOT-23-5	HARDWARE	5	VCC	power_in	POD_3V3
C_U_HEALTH6	100nF C0603C104K5RACAUTO	Capacitor_SMD:C_0603_1608Metric	HARDWARE	1	1	passive	POD_3V3
C_U_HEALTH6	100nF C0603C104K5RACAUTO	Capacitor_SMD:C_0603_1608Metric	HARDWARE	2	2	passive	AUX_0V
U_HEALTH7	SN74LVC1G08DBVR	Package_TO_SOT_SMD:SOT-23-5	HARDWARE	1	A	input	U_HEALTH_6
U_HEALTH7	SN74LVC1G08DBVR	Package_TO_SOT_SMD:SOT-23-5	HARDWARE	2	B	input	ILINE_LIMIT_OK
U_HEALTH7	SN74LVC1G08DBVR	Package_TO_SOT_SMD:SOT-23-5	HARDWARE	3	GND	power_in	AUX_0V
U_HEALTH7	SN74LVC1G08DBVR	Package_TO_SOT_SMD:SOT-23-5	HARDWARE	4	Y	output	U_HEALTH_7
U_HEALTH7	SN74LVC1G08DBVR	Package_TO_SOT_SMD:SOT-23-5	HARDWARE	5	VCC	power_in	POD_3V3
C_U_HEALTH7	100nF C0603C104K5RACAUTO	Capacitor_SMD:C_0603_1608Metric	HARDWARE	1	1	passive	POD_3V3
C_U_HEALTH7	100nF C0603C104K5RACAUTO	Capacitor_SMD:C_0603_1608Metric	HARDWARE	2	2	passive	AUX_0V
U_HEALTH8	SN74LVC1G08DBVR	Package_TO_SOT_SMD:SOT-23-5	HARDWARE	1	A	input	U_HEALTH_7
U_HEALTH8	SN74LVC1G08DBVR	Package_TO_SOT_SMD:SOT-23-5	HARDWARE	2	B	input	RP_TEMP_OK
U_HEALTH8	SN74LVC1G08DBVR	Package_TO_SOT_SMD:SOT-23-5	HARDWARE	3	GND	power_in	AUX_0V
U_HEALTH8	SN74LVC1G08DBVR	Package_TO_SOT_SMD:SOT-23-5	HARDWARE	4	Y	output	U_HEALTH_8
U_HEALTH8	SN74LVC1G08DBVR	Package_TO_SOT_SMD:SOT-23-5	HARDWARE	5	VCC	power_in	POD_3V3
C_U_HEALTH8	100nF C0603C104K5RACAUTO	Capacitor_SMD:C_0603_1608Metric	HARDWARE	1	1	passive	POD_3V3
C_U_HEALTH8	100nF C0603C104K5RACAUTO	Capacitor_SMD:C_0603_1608Metric	HARDWARE	2	2	passive	AUX_0V
U_HEALTH9	SN74LVC1G08DBVR	Package_TO_SOT_SMD:SOT-23-5	HARDWARE	1	A	input	U_HEALTH_8
U_HEALTH9	SN74LVC1G08DBVR	Package_TO_SOT_SMD:SOT-23-5	HARDWARE	2	B	input	VLINE_DIAG_N
U_HEALTH9	SN74LVC1G08DBVR	Package_TO_SOT_SMD:SOT-23-5	HARDWARE	3	GND	power_in	AUX_0V
U_HEALTH9	SN74LVC1G08DBVR	Package_TO_SOT_SMD:SOT-23-5	HARDWARE	4	Y	output	U_HEALTH_9
U_HEALTH9	SN74LVC1G08DBVR	Package_TO_SOT_SMD:SOT-23-5	HARDWARE	5	VCC	power_in	POD_3V3
C_U_HEALTH9	100nF C0603C104K5RACAUTO	Capacitor_SMD:C_0603_1608Metric	HARDWARE	1	1	passive	POD_3V3
C_U_HEALTH9	100nF C0603C104K5RACAUTO	Capacitor_SMD:C_0603_1608Metric	HARDWARE	2	2	passive	AUX_0V
U_HEALTH10	SN74LVC1G08DBVR	Package_TO_SOT_SMD:SOT-23-5	HARDWARE	1	A	input	U_HEALTH_9
U_HEALTH10	SN74LVC1G08DBVR	Package_TO_SOT_SMD:SOT-23-5	HARDWARE	2	B	input	VPRE_DIAG_N
U_HEALTH10	SN74LVC1G08DBVR	Package_TO_SOT_SMD:SOT-23-5	HARDWARE	3	GND	power_in	AUX_0V
U_HEALTH10	SN74LVC1G08DBVR	Package_TO_SOT_SMD:SOT-23-5	HARDWARE	4	Y	output	U_HEALTH_10
U_HEALTH10	SN74LVC1G08DBVR	Package_TO_SOT_SMD:SOT-23-5	HARDWARE	5	VCC	power_in	POD_3V3
C_U_HEALTH10	100nF C0603C104K5RACAUTO	Capacitor_SMD:C_0603_1608Metric	HARDWARE	1	1	passive	POD_3V3
C_U_HEALTH10	100nF C0603C104K5RACAUTO	Capacitor_SMD:C_0603_1608Metric	HARDWARE	2	2	passive	AUX_0V
U_HEALTH11	SN74LVC1G08DBVR	Package_TO_SOT_SMD:SOT-23-5	HARDWARE	1	A	input	U_HEALTH_10
U_HEALTH11	SN74LVC1G08DBVR	Package_TO_SOT_SMD:SOT-23-5	HARDWARE	2	B	input	VOUT_DIAG_N
U_HEALTH11	SN74LVC1G08DBVR	Package_TO_SOT_SMD:SOT-23-5	HARDWARE	3	GND	power_in	AUX_0V
U_HEALTH11	SN74LVC1G08DBVR	Package_TO_SOT_SMD:SOT-23-5	HARDWARE	4	Y	output	U_HEALTH_11
U_HEALTH11	SN74LVC1G08DBVR	Package_TO_SOT_SMD:SOT-23-5	HARDWARE	5	VCC	power_in	POD_3V3
C_U_HEALTH11	100nF C0603C104K5RACAUTO	Capacitor_SMD:C_0603_1608Metric	HARDWARE	1	1	passive	POD_3V3
C_U_HEALTH11	100nF C0603C104K5RACAUTO	Capacitor_SMD:C_0603_1608Metric	HARDWARE	2	2	passive	AUX_0V
U_HEALTH12	SN74LVC1G08DBVR	Package_TO_SOT_SMD:SOT-23-5	HARDWARE	1	A	input	U_HEALTH_11
U_HEALTH12	SN74LVC1G08DBVR	Package_TO_SOT_SMD:SOT-23-5	HARDWARE	2	B	input	VBUS_DIAG_N
U_HEALTH12	SN74LVC1G08DBVR	Package_TO_SOT_SMD:SOT-23-5	HARDWARE	3	GND	power_in	AUX_0V
U_HEALTH12	SN74LVC1G08DBVR	Package_TO_SOT_SMD:SOT-23-5	HARDWARE	4	Y	output	U_HEALTH_12
U_HEALTH12	SN74LVC1G08DBVR	Package_TO_SOT_SMD:SOT-23-5	HARDWARE	5	VCC	power_in	POD_3V3
C_U_HEALTH12	100nF C0603C104K5RACAUTO	Capacitor_SMD:C_0603_1608Metric	HARDWARE	1	1	passive	POD_3V3
C_U_HEALTH12	100nF C0603C104K5RACAUTO	Capacitor_SMD:C_0603_1608Metric	HARDWARE	2	2	passive	AUX_0V
U_HEALTH13	SN74LVC1G08DBVR	Package_TO_SOT_SMD:SOT-23-5	HARDWARE	1	A	input	U_HEALTH_12
U_HEALTH13	SN74LVC1G08DBVR	Package_TO_SOT_SMD:SOT-23-5	HARDWARE	2	B	input	VCATCH_DIAG_N
U_HEALTH13	SN74LVC1G08DBVR	Package_TO_SOT_SMD:SOT-23-5	HARDWARE	3	GND	power_in	AUX_0V
U_HEALTH13	SN74LVC1G08DBVR	Package_TO_SOT_SMD:SOT-23-5	HARDWARE	4	Y	output	U_HEALTH_13
U_HEALTH13	SN74LVC1G08DBVR	Package_TO_SOT_SMD:SOT-23-5	HARDWARE	5	VCC	power_in	POD_3V3
C_U_HEALTH13	100nF C0603C104K5RACAUTO	Capacitor_SMD:C_0603_1608Metric	HARDWARE	1	1	passive	POD_3V3
C_U_HEALTH13	100nF C0603C104K5RACAUTO	Capacitor_SMD:C_0603_1608Metric	HARDWARE	2	2	passive	AUX_0V
U_HEALTH14	SN74LVC1G08DBVR	Package_TO_SOT_SMD:SOT-23-5	HARDWARE	1	A	input	U_HEALTH_13
U_HEALTH14	SN74LVC1G08DBVR	Package_TO_SOT_SMD:SOT-23-5	HARDWARE	2	B	input	VTANK_DIAG_N
U_HEALTH14	SN74LVC1G08DBVR	Package_TO_SOT_SMD:SOT-23-5	HARDWARE	3	GND	power_in	AUX_0V
U_HEALTH14	SN74LVC1G08DBVR	Package_TO_SOT_SMD:SOT-23-5	HARDWARE	4	Y	output	U_HEALTH_14
U_HEALTH14	SN74LVC1G08DBVR	Package_TO_SOT_SMD:SOT-23-5	HARDWARE	5	VCC	power_in	POD_3V3
C_U_HEALTH14	100nF C0603C104K5RACAUTO	Capacitor_SMD:C_0603_1608Metric	HARDWARE	1	1	passive	POD_3V3
C_U_HEALTH14	100nF C0603C104K5RACAUTO	Capacitor_SMD:C_0603_1608Metric	HARDWARE	2	2	passive	AUX_0V
U_HEALTH15	SN74LVC1G08DBVR	Package_TO_SOT_SMD:SOT-23-5	HARDWARE	1	A	input	U_HEALTH_14
U_HEALTH15	SN74LVC1G08DBVR	Package_TO_SOT_SMD:SOT-23-5	HARDWARE	2	B	input	MCU_HEALTHY
U_HEALTH15	SN74LVC1G08DBVR	Package_TO_SOT_SMD:SOT-23-5	HARDWARE	3	GND	power_in	AUX_0V
U_HEALTH15	SN74LVC1G08DBVR	Package_TO_SOT_SMD:SOT-23-5	HARDWARE	4	Y	output	BASIC_HEALTHY
U_HEALTH15	SN74LVC1G08DBVR	Package_TO_SOT_SMD:SOT-23-5	HARDWARE	5	VCC	power_in	POD_3V3
C_U_HEALTH15	100nF C0603C104K5RACAUTO	Capacitor_SMD:C_0603_1608Metric	HARDWARE	1	1	passive	POD_3V3
C_U_HEALTH15	100nF C0603C104K5RACAUTO	Capacitor_SMD:C_0603_1608Metric	HARDWARE	2	2	passive	AUX_0V
U_NARM	SN74LVC1G04DBVR	Package_TO_SOT_SMD:SOT-23-5	HARDWARE	1	NC	no_connect	NC
U_NARM	SN74LVC1G04DBVR	Package_TO_SOT_SMD:SOT-23-5	HARDWARE	2	A	input	TIMER_ARMED
U_NARM	SN74LVC1G04DBVR	Package_TO_SOT_SMD:SOT-23-5	HARDWARE	3	GND	power_in	AUX_0V
U_NARM	SN74LVC1G04DBVR	Package_TO_SOT_SMD:SOT-23-5	HARDWARE	4	Y	output	TIMER_NOT_ARMED
U_NARM	SN74LVC1G04DBVR	Package_TO_SOT_SMD:SOT-23-5	HARDWARE	5	VCC	power_in	POD_3V3
C_U_NARM	100nF C0603C104K5RACAUTO	Capacitor_SMD:C_0603_1608Metric	HARDWARE	1	1	passive	POD_3V3
C_U_NARM	100nF C0603C104K5RACAUTO	Capacitor_SMD:C_0603_1608Metric	HARDWARE	2	2	passive	AUX_0V
U_BUDGET1	SN74LVC1G32DBVR	Package_TO_SOT_SMD:SOT-23-5	HARDWARE	1	A	input	TOTAL_WINDOW
U_BUDGET1	SN74LVC1G32DBVR	Package_TO_SOT_SMD:SOT-23-5	HARDWARE	2	B	input	BYPASS_PROVEN
U_BUDGET1	SN74LVC1G32DBVR	Package_TO_SOT_SMD:SOT-23-5	HARDWARE	3	GND	power_in	AUX_0V
U_BUDGET1	SN74LVC1G32DBVR	Package_TO_SOT_SMD:SOT-23-5	HARDWARE	4	Y	output	BUDGET_OR_PROOF
U_BUDGET1	SN74LVC1G32DBVR	Package_TO_SOT_SMD:SOT-23-5	HARDWARE	5	VCC	power_in	POD_3V3
C_U_BUDGET1	100nF C0603C104K5RACAUTO	Capacitor_SMD:C_0603_1608Metric	HARDWARE	1	1	passive	POD_3V3
C_U_BUDGET1	100nF C0603C104K5RACAUTO	Capacitor_SMD:C_0603_1608Metric	HARDWARE	2	2	passive	AUX_0V
U_BUDGET2	SN74LVC1G32DBVR	Package_TO_SOT_SMD:SOT-23-5	HARDWARE	1	A	input	TIMER_NOT_ARMED
U_BUDGET2	SN74LVC1G32DBVR	Package_TO_SOT_SMD:SOT-23-5	HARDWARE	2	B	input	BUDGET_OR_PROOF
U_BUDGET2	SN74LVC1G32DBVR	Package_TO_SOT_SMD:SOT-23-5	HARDWARE	3	GND	power_in	AUX_0V
U_BUDGET2	SN74LVC1G32DBVR	Package_TO_SOT_SMD:SOT-23-5	HARDWARE	4	Y	output	TOTAL_BUDGET_OK
U_BUDGET2	SN74LVC1G32DBVR	Package_TO_SOT_SMD:SOT-23-5	HARDWARE	5	VCC	power_in	POD_3V3
C_U_BUDGET2	100nF C0603C104K5RACAUTO	Capacitor_SMD:C_0603_1608Metric	HARDWARE	1	1	passive	POD_3V3
C_U_BUDGET2	100nF C0603C104K5RACAUTO	Capacitor_SMD:C_0603_1608Metric	HARDWARE	2	2	passive	AUX_0V
U_HEALTH_BUDGET	SN74LVC1G08DBVR	Package_TO_SOT_SMD:SOT-23-5	HARDWARE	1	A	input	BASIC_HEALTHY
U_HEALTH_BUDGET	SN74LVC1G08DBVR	Package_TO_SOT_SMD:SOT-23-5	HARDWARE	2	B	input	TOTAL_BUDGET_OK
U_HEALTH_BUDGET	SN74LVC1G08DBVR	Package_TO_SOT_SMD:SOT-23-5	HARDWARE	3	GND	power_in	AUX_0V
U_HEALTH_BUDGET	SN74LVC1G08DBVR	Package_TO_SOT_SMD:SOT-23-5	HARDWARE	4	Y	output	ALL_BUDGET_OK
U_HEALTH_BUDGET	SN74LVC1G08DBVR	Package_TO_SOT_SMD:SOT-23-5	HARDWARE	5	VCC	power_in	POD_3V3
C_U_HEALTH_BUDGET	100nF C0603C104K5RACAUTO	Capacitor_SMD:C_0603_1608Metric	HARDWARE	1	1	passive	POD_3V3
C_U_HEALTH_BUDGET	100nF C0603C104K5RACAUTO	Capacitor_SMD:C_0603_1608Metric	HARDWARE	2	2	passive	AUX_0V
U_BOTH_BUDGET	SN74LVC1G08DBVR	Package_TO_SOT_SMD:SOT-23-5	HARDWARE	1	A	input	ALL_BUDGET_OK
U_BOTH_BUDGET	SN74LVC1G08DBVR	Package_TO_SOT_SMD:SOT-23-5	HARDWARE	2	B	input	START_BUDGET_OK
U_BOTH_BUDGET	SN74LVC1G08DBVR	Package_TO_SOT_SMD:SOT-23-5	HARDWARE	3	GND	power_in	AUX_0V
U_BOTH_BUDGET	SN74LVC1G08DBVR	Package_TO_SOT_SMD:SOT-23-5	HARDWARE	4	Y	output	FAULT_PRE_RUNTIME
U_BOTH_BUDGET	SN74LVC1G08DBVR	Package_TO_SOT_SMD:SOT-23-5	HARDWARE	5	VCC	power_in	POD_3V3
C_U_BOTH_BUDGET	100nF C0603C104K5RACAUTO	Capacitor_SMD:C_0603_1608Metric	HARDWARE	1	1	passive	POD_3V3
C_U_BOTH_BUDGET	100nF C0603C104K5RACAUTO	Capacitor_SMD:C_0603_1608Metric	HARDWARE	2	2	passive	AUX_0V
U_RUNTIME_FAULT	SN74LVC1G08DBVR	Package_TO_SOT_SMD:SOT-23-5	HARDWARE	1	A	input	FAULT_PRE_RUNTIME
U_RUNTIME_FAULT	SN74LVC1G08DBVR	Package_TO_SOT_SMD:SOT-23-5	HARDWARE	2	B	input	RUNTIME_ALLOWED
U_RUNTIME_FAULT	SN74LVC1G08DBVR	Package_TO_SOT_SMD:SOT-23-5	HARDWARE	3	GND	power_in	AUX_0V
U_RUNTIME_FAULT	SN74LVC1G08DBVR	Package_TO_SOT_SMD:SOT-23-5	HARDWARE	4	Y	output	FAULT_CHAIN_HEALTHY
U_RUNTIME_FAULT	SN74LVC1G08DBVR	Package_TO_SOT_SMD:SOT-23-5	HARDWARE	5	VCC	power_in	POD_3V3
C_U_RUNTIME_FAULT	100nF C0603C104K5RACAUTO	Capacitor_SMD:C_0603_1608Metric	HARDWARE	1	1	passive	POD_3V3
C_U_RUNTIME_FAULT	100nF C0603C104K5RACAUTO	Capacitor_SMD:C_0603_1608Metric	HARDWARE	2	2	passive	AUX_0V
U_SESSION_END	SN74LVC1G08DBVR	Package_TO_SOT_SMD:SOT-23-5	HARDWARE	1	A	input	FAULT_CHAIN_HEALTHY
U_SESSION_END	SN74LVC1G08DBVR	Package_TO_SOT_SMD:SOT-23-5	HARDWARE	2	B	input	STOP_DONE_N
U_SESSION_END	SN74LVC1G08DBVR	Package_TO_SOT_SMD:SOT-23-5	HARDWARE	3	GND	power_in	AUX_0V
U_SESSION_END	SN74LVC1G08DBVR	Package_TO_SOT_SMD:SOT-23-5	HARDWARE	4	Y	output	FAULT_CLEAR_N
U_SESSION_END	SN74LVC1G08DBVR	Package_TO_SOT_SMD:SOT-23-5	HARDWARE	5	VCC	power_in	POD_3V3
C_U_SESSION_END	100nF C0603C104K5RACAUTO	Capacitor_SMD:C_0603_1608Metric	HARDWARE	1	1	passive	POD_3V3
C_U_SESSION_END	100nF C0603C104K5RACAUTO	Capacitor_SMD:C_0603_1608Metric	HARDWARE	2	2	passive	AUX_0V
U_RESET_QUAL	SN74LVC1G08DBVR	Package_TO_SOT_SMD:SOT-23-5	HARDWARE	1	A	input	POD_RESET
U_RESET_QUAL	SN74LVC1G08DBVR	Package_TO_SOT_SMD:SOT-23-5	HARDWARE	2	B	input	MCU_RESET_OK
U_RESET_QUAL	SN74LVC1G08DBVR	Package_TO_SOT_SMD:SOT-23-5	HARDWARE	3	GND	power_in	AUX_0V
U_RESET_QUAL	SN74LVC1G08DBVR	Package_TO_SOT_SMD:SOT-23-5	HARDWARE	4	Y	output	RESET_QUALIFIED
U_RESET_QUAL	SN74LVC1G08DBVR	Package_TO_SOT_SMD:SOT-23-5	HARDWARE	5	VCC	power_in	POD_3V3
C_U_RESET_QUAL	100nF C0603C104K5RACAUTO	Capacitor_SMD:C_0603_1608Metric	HARDWARE	1	1	passive	POD_3V3
C_U_RESET_QUAL	100nF C0603C104K5RACAUTO	Capacitor_SMD:C_0603_1608Metric	HARDWARE	2	2	passive	AUX_0V
U_FAULT	SN74LVC1G74DCUR	Package_SO:VSSOP-8_2.3x2mm_P0.5mm	HARDWARE	1	CLR_N	input	FAULT_CLEAR_N
U_FAULT	SN74LVC1G74DCUR	Package_SO:VSSOP-8_2.3x2mm_P0.5mm	HARDWARE	2	D	input	POD_3V3
U_FAULT	SN74LVC1G74DCUR	Package_SO:VSSOP-8_2.3x2mm_P0.5mm	HARDWARE	3	CLK	input	RESET_QUALIFIED
U_FAULT	SN74LVC1G74DCUR	Package_SO:VSSOP-8_2.3x2mm_P0.5mm	HARDWARE	4	GND	power_in	AUX_0V
U_FAULT	SN74LVC1G74DCUR	Package_SO:VSSOP-8_2.3x2mm_P0.5mm	HARDWARE	5	Q	output	LATCH_OK
U_FAULT	SN74LVC1G74DCUR	Package_SO:VSSOP-8_2.3x2mm_P0.5mm	HARDWARE	6	Q_N	output	NC
U_FAULT	SN74LVC1G74DCUR	Package_SO:VSSOP-8_2.3x2mm_P0.5mm	HARDWARE	7	PRE_N	input	POD_3V3
U_FAULT	SN74LVC1G74DCUR	Package_SO:VSSOP-8_2.3x2mm_P0.5mm	HARDWARE	8	VCC	power_in	POD_3V3
C_U_FAULT	100nF C0603C104K5RACAUTO	Capacitor_SMD:C_0603_1608Metric	HARDWARE	1	1	passive	POD_3V3
C_U_FAULT	100nF C0603C104K5RACAUTO	Capacitor_SMD:C_0603_1608Metric	HARDWARE	2	2	passive	AUX_0V
U_START1	SN74LVC1G08DBVR	Package_TO_SOT_SMD:SOT-23-5	HARDWARE	1	A	input	POD_START
U_START1	SN74LVC1G08DBVR	Package_TO_SOT_SMD:SOT-23-5	HARDWARE	2	B	input	START_RELEASED
U_START1	SN74LVC1G08DBVR	Package_TO_SOT_SMD:SOT-23-5	HARDWARE	3	GND	power_in	AUX_0V
U_START1	SN74LVC1G08DBVR	Package_TO_SOT_SMD:SOT-23-5	HARDWARE	4	Y	output	U_START_1
U_START1	SN74LVC1G08DBVR	Package_TO_SOT_SMD:SOT-23-5	HARDWARE	5	VCC	power_in	POD_3V3
C_U_START1	100nF C0603C104K5RACAUTO	Capacitor_SMD:C_0603_1608Metric	HARDWARE	1	1	passive	POD_3V3
C_U_START1	100nF C0603C104K5RACAUTO	Capacitor_SMD:C_0603_1608Metric	HARDWARE	2	2	passive	AUX_0V
U_START2	SN74LVC1G08DBVR	Package_TO_SOT_SMD:SOT-23-5	HARDWARE	1	A	input	U_START_1
U_START2	SN74LVC1G08DBVR	Package_TO_SOT_SMD:SOT-23-5	HARDWARE	2	B	input	MCU_POST_OK
U_START2	SN74LVC1G08DBVR	Package_TO_SOT_SMD:SOT-23-5	HARDWARE	3	GND	power_in	AUX_0V
U_START2	SN74LVC1G08DBVR	Package_TO_SOT_SMD:SOT-23-5	HARDWARE	4	Y	output	U_START_2
U_START2	SN74LVC1G08DBVR	Package_TO_SOT_SMD:SOT-23-5	HARDWARE	5	VCC	power_in	POD_3V3
C_U_START2	100nF C0603C104K5RACAUTO	Capacitor_SMD:C_0603_1608Metric	HARDWARE	1	1	passive	POD_3V3
C_U_START2	100nF C0603C104K5RACAUTO	Capacitor_SMD:C_0603_1608Metric	HARDWARE	2	2	passive	AUX_0V
U_START3	SN74LVC1G08DBVR	Package_TO_SOT_SMD:SOT-23-5	HARDWARE	1	A	input	U_START_2
U_START3	SN74LVC1G08DBVR	Package_TO_SOT_SMD:SOT-23-5	HARDWARE	2	B	input	LATCH_OK
U_START3	SN74LVC1G08DBVR	Package_TO_SOT_SMD:SOT-23-5	HARDWARE	3	GND	power_in	AUX_0V
U_START3	SN74LVC1G08DBVR	Package_TO_SOT_SMD:SOT-23-5	HARDWARE	4	Y	output	START_QUALIFIED
U_START3	SN74LVC1G08DBVR	Package_TO_SOT_SMD:SOT-23-5	HARDWARE	5	VCC	power_in	POD_3V3
C_U_START3	100nF C0603C104K5RACAUTO	Capacitor_SMD:C_0603_1608Metric	HARDWARE	1	1	passive	POD_3V3
C_U_START3	100nF C0603C104K5RACAUTO	Capacitor_SMD:C_0603_1608Metric	HARDWARE	2	2	passive	AUX_0V
U_STOP_DONE	SN74LVC1G04DBVR	Package_TO_SOT_SMD:SOT-23-5	HARDWARE	1	NC	no_connect	NC
U_STOP_DONE	SN74LVC1G04DBVR	Package_TO_SOT_SMD:SOT-23-5	HARDWARE	2	A	input	MCU_STOP_DONE
U_STOP_DONE	SN74LVC1G04DBVR	Package_TO_SOT_SMD:SOT-23-5	HARDWARE	3	GND	power_in	AUX_0V
U_STOP_DONE	SN74LVC1G04DBVR	Package_TO_SOT_SMD:SOT-23-5	HARDWARE	4	Y	output	STOP_DONE_N
U_STOP_DONE	SN74LVC1G04DBVR	Package_TO_SOT_SMD:SOT-23-5	HARDWARE	5	VCC	power_in	POD_3V3
C_U_STOP_DONE	100nF C0603C104K5RACAUTO	Capacitor_SMD:C_0603_1608Metric	HARDWARE	1	1	passive	POD_3V3
C_U_STOP_DONE	100nF C0603C104K5RACAUTO	Capacitor_SMD:C_0603_1608Metric	HARDWARE	2	2	passive	AUX_0V
U_ATTEMPT_CLEAR	SN74LVC1G08DBVR	Package_TO_SOT_SMD:SOT-23-5	HARDWARE	1	A	input	LATCH_OK
U_ATTEMPT_CLEAR	SN74LVC1G08DBVR	Package_TO_SOT_SMD:SOT-23-5	HARDWARE	2	B	input	STOP_DONE_N
U_ATTEMPT_CLEAR	SN74LVC1G08DBVR	Package_TO_SOT_SMD:SOT-23-5	HARDWARE	3	GND	power_in	AUX_0V
U_ATTEMPT_CLEAR	SN74LVC1G08DBVR	Package_TO_SOT_SMD:SOT-23-5	HARDWARE	4	Y	output	ATTEMPT_CLEAR_N
U_ATTEMPT_CLEAR	SN74LVC1G08DBVR	Package_TO_SOT_SMD:SOT-23-5	HARDWARE	5	VCC	power_in	POD_3V3
C_U_ATTEMPT_CLEAR	100nF C0603C104K5RACAUTO	Capacitor_SMD:C_0603_1608Metric	HARDWARE	1	1	passive	POD_3V3
C_U_ATTEMPT_CLEAR	100nF C0603C104K5RACAUTO	Capacitor_SMD:C_0603_1608Metric	HARDWARE	2	2	passive	AUX_0V
U_ATTEMPT	SN74LVC1G74DCUR	Package_SO:VSSOP-8_2.3x2mm_P0.5mm	HARDWARE	1	CLR_N	input	ATTEMPT_CLEAR_N
U_ATTEMPT	SN74LVC1G74DCUR	Package_SO:VSSOP-8_2.3x2mm_P0.5mm	HARDWARE	2	D	input	POD_3V3
U_ATTEMPT	SN74LVC1G74DCUR	Package_SO:VSSOP-8_2.3x2mm_P0.5mm	HARDWARE	3	CLK	input	START_QUALIFIED
U_ATTEMPT	SN74LVC1G74DCUR	Package_SO:VSSOP-8_2.3x2mm_P0.5mm	HARDWARE	4	GND	power_in	AUX_0V
U_ATTEMPT	SN74LVC1G74DCUR	Package_SO:VSSOP-8_2.3x2mm_P0.5mm	HARDWARE	5	Q	output	ATTEMPT
U_ATTEMPT	SN74LVC1G74DCUR	Package_SO:VSSOP-8_2.3x2mm_P0.5mm	HARDWARE	6	Q_N	output	NC
U_ATTEMPT	SN74LVC1G74DCUR	Package_SO:VSSOP-8_2.3x2mm_P0.5mm	HARDWARE	7	PRE_N	input	POD_3V3
U_ATTEMPT	SN74LVC1G74DCUR	Package_SO:VSSOP-8_2.3x2mm_P0.5mm	HARDWARE	8	VCC	power_in	POD_3V3
C_U_ATTEMPT	100nF C0603C104K5RACAUTO	Capacitor_SMD:C_0603_1608Metric	HARDWARE	1	1	passive	POD_3V3
C_U_ATTEMPT	100nF C0603C104K5RACAUTO	Capacitor_SMD:C_0603_1608Metric	HARDWARE	2	2	passive	AUX_0V
UT_START	LTC6993HS6-1#TRMPBF	Package_TO_SOT_SMD:TSOT-23-6	HARDWARE	1	TRIG	input	ATTEMPT
UT_START	LTC6993HS6-1#TRMPBF	Package_TO_SOT_SMD:TSOT-23-6	HARDWARE	2	GND	power_in	AUX_0V
UT_START	LTC6993HS6-1#TRMPBF	Package_TO_SOT_SMD:TSOT-23-6	HARDWARE	3	SET	passive	UT_START_SET
UT_START	LTC6993HS6-1#TRMPBF	Package_TO_SOT_SMD:TSOT-23-6	HARDWARE	4	DIV	input	UT_START_DIV
UT_START	LTC6993HS6-1#TRMPBF	Package_TO_SOT_SMD:TSOT-23-6	HARDWARE	5	VCC	power_in	POD_3V3
UT_START	LTC6993HS6-1#TRMPBF	Package_TO_SOT_SMD:TSOT-23-6	HARDWARE	6	OUT	output	START_WINDOW
R_UT_STARTSET	54.2kR 0.1% TNPW060354K2BEEA	Resistor_SMD:R_0603_1608Metric	HARDWARE	1	1	passive	UT_START_SET
R_UT_STARTSET	54.2kR 0.1% TNPW060354K2BEEA	Resistor_SMD:R_0603_1608Metric	HARDWARE	2	2	passive	AUX_0V
R_UT_STARTUP	1MR 0.1% TNPW06031M00BEEA	Resistor_SMD:R_0603_1608Metric	HARDWARE	1	1	passive	POD_3V3
R_UT_STARTUP	1MR 0.1% TNPW06031M00BEEA	Resistor_SMD:R_0603_1608Metric	HARDWARE	2	2	passive	UT_START_DIV
R_UT_STARTLO	681kR 0.1% TNPW0603681KBEEA	Resistor_SMD:R_0603_1608Metric	HARDWARE	1	1	passive	UT_START_DIV
R_UT_STARTLO	681kR 0.1% TNPW0603681KBEEA	Resistor_SMD:R_0603_1608Metric	HARDWARE	2	2	passive	AUX_0V
C_UT_START	100nF C0603C104K5RACAUTO	Capacitor_SMD:C_0603_1608Metric	HARDWARE	1	1	passive	POD_3V3
C_UT_START	100nF C0603C104K5RACAUTO	Capacitor_SMD:C_0603_1608Metric	HARDWARE	2	2	passive	AUX_0V
UT_TOTAL	LTC6993HS6-1#TRMPBF	Package_TO_SOT_SMD:TSOT-23-6	HARDWARE	1	TRIG	input	ATTEMPT
UT_TOTAL	LTC6993HS6-1#TRMPBF	Package_TO_SOT_SMD:TSOT-23-6	HARDWARE	2	GND	power_in	AUX_0V
UT_TOTAL	LTC6993HS6-1#TRMPBF	Package_TO_SOT_SMD:TSOT-23-6	HARDWARE	3	SET	passive	UT_TOTAL_SET
UT_TOTAL	LTC6993HS6-1#TRMPBF	Package_TO_SOT_SMD:TSOT-23-6	HARDWARE	4	DIV	input	UT_TOTAL_DIV
UT_TOTAL	LTC6993HS6-1#TRMPBF	Package_TO_SOT_SMD:TSOT-23-6	HARDWARE	5	VCC	power_in	POD_3V3
UT_TOTAL	LTC6993HS6-1#TRMPBF	Package_TO_SOT_SMD:TSOT-23-6	HARDWARE	6	OUT	output	TOTAL_WINDOW
R_UT_TOTALSET	81.1kR 0.1% TNPW060381K1BEEA	Resistor_SMD:R_0603_1608Metric	HARDWARE	1	1	passive	UT_TOTAL_SET
R_UT_TOTALSET	81.1kR 0.1% TNPW060381K1BEEA	Resistor_SMD:R_0603_1608Metric	HARDWARE	2	2	passive	AUX_0V
R_UT_TOTALUP	1MR 0.1% TNPW06031M00BEEA	Resistor_SMD:R_0603_1608Metric	HARDWARE	1	1	passive	POD_3V3
R_UT_TOTALUP	1MR 0.1% TNPW06031M00BEEA	Resistor_SMD:R_0603_1608Metric	HARDWARE	2	2	passive	UT_TOTAL_DIV
R_UT_TOTALLO	681kR 0.1% TNPW0603681KBEEA	Resistor_SMD:R_0603_1608Metric	HARDWARE	1	1	passive	UT_TOTAL_DIV
R_UT_TOTALLO	681kR 0.1% TNPW0603681KBEEA	Resistor_SMD:R_0603_1608Metric	HARDWARE	2	2	passive	AUX_0V
C_UT_TOTAL	100nF C0603C104K5RACAUTO	Capacitor_SMD:C_0603_1608Metric	HARDWARE	1	1	passive	POD_3V3
C_UT_TOTAL	100nF C0603C104K5RACAUTO	Capacitor_SMD:C_0603_1608Metric	HARDWARE	2	2	passive	AUX_0V
UT_PROOF	LTC6993HS6-1#TRMPBF	Package_TO_SOT_SMD:TSOT-23-6	HARDWARE	1	TRIG	input	PROOF_STARTED
UT_PROOF	LTC6993HS6-1#TRMPBF	Package_TO_SOT_SMD:TSOT-23-6	HARDWARE	2	GND	power_in	AUX_0V
UT_PROOF	LTC6993HS6-1#TRMPBF	Package_TO_SOT_SMD:TSOT-23-6	HARDWARE	3	SET	passive	UT_PROOF_SET
UT_PROOF	LTC6993HS6-1#TRMPBF	Package_TO_SOT_SMD:TSOT-23-6	HARDWARE	4	DIV	input	UT_PROOF_DIV
UT_PROOF	LTC6993HS6-1#TRMPBF	Package_TO_SOT_SMD:TSOT-23-6	HARDWARE	5	VCC	power_in	POD_3V3
UT_PROOF	LTC6993HS6-1#TRMPBF	Package_TO_SOT_SMD:TSOT-23-6	HARDWARE	6	OUT	output	PROOF_WINDOW
R_UT_PROOFSET	140kR 0.1% TNPW0603140KBEEA	Resistor_SMD:R_0603_1608Metric	HARDWARE	1	1	passive	UT_PROOF_SET
R_UT_PROOFSET	140kR 0.1% TNPW0603140KBEEA	Resistor_SMD:R_0603_1608Metric	HARDWARE	2	2	passive	AUX_0V
R_UT_PROOFUP	1MR 0.1% TNPW06031M00BEEA	Resistor_SMD:R_0603_1608Metric	HARDWARE	1	1	passive	POD_3V3
R_UT_PROOFUP	1MR 0.1% TNPW06031M00BEEA	Resistor_SMD:R_0603_1608Metric	HARDWARE	2	2	passive	UT_PROOF_DIV
R_UT_PROOFLO	523kR 0.1% TNPW0603523KBEEA	Resistor_SMD:R_0603_1608Metric	HARDWARE	1	1	passive	UT_PROOF_DIV
R_UT_PROOFLO	523kR 0.1% TNPW0603523KBEEA	Resistor_SMD:R_0603_1608Metric	HARDWARE	2	2	passive	AUX_0V
C_UT_PROOF	100nF C0603C104K5RACAUTO	Capacitor_SMD:C_0603_1608Metric	HARDWARE	1	1	passive	POD_3V3
C_UT_PROOF	100nF C0603C104K5RACAUTO	Capacitor_SMD:C_0603_1608Metric	HARDWARE	2	2	passive	AUX_0V
R_ATT_DELAY	10kR CRCW060310K0FKEA	Resistor_SMD:R_0603_1608Metric	HARDWARE	1	1	passive	ATTEMPT
R_ATT_DELAY	10kR CRCW060310K0FKEA	Resistor_SMD:R_0603_1608Metric	HARDWARE	2	2	passive	ATTEMPT_RC
C_ATT_DELAY	10nF C0603C103K5RACAUTO	Capacitor_SMD:C_0603_1608Metric	HARDWARE	1	1	passive	ATTEMPT_RC
C_ATT_DELAY	10nF C0603C103K5RACAUTO	Capacitor_SMD:C_0603_1608Metric	HARDWARE	2	2	passive	AUX_0V
U_TIMER_ARM	SN74LVC1G17DBVR	Package_TO_SOT_SMD:SOT-23-5	HARDWARE	1	NC	no_connect	NC
U_TIMER_ARM	SN74LVC1G17DBVR	Package_TO_SOT_SMD:SOT-23-5	HARDWARE	2	A	input	ATTEMPT_RC
U_TIMER_ARM	SN74LVC1G17DBVR	Package_TO_SOT_SMD:SOT-23-5	HARDWARE	3	GND	power_in	AUX_0V
U_TIMER_ARM	SN74LVC1G17DBVR	Package_TO_SOT_SMD:SOT-23-5	HARDWARE	4	Y	output	TIMER_ARMED
U_TIMER_ARM	SN74LVC1G17DBVR	Package_TO_SOT_SMD:SOT-23-5	HARDWARE	5	VCC	power_in	POD_3V3
C_TIMER_ARM	100nF C0603C104K5RACAUTO	Capacitor_SMD:C_0603_1608Metric	HARDWARE	1	1	passive	POD_3V3
C_TIMER_ARM	100nF C0603C104K5RACAUTO	Capacitor_SMD:C_0603_1608Metric	HARDWARE	2	2	passive	AUX_0V
U_START_BUDGET1	SN74LVC1G32DBVR	Package_TO_SOT_SMD:SOT-23-5	HARDWARE	1	A	input	START_WINDOW
U_START_BUDGET1	SN74LVC1G32DBVR	Package_TO_SOT_SMD:SOT-23-5	HARDWARE	2	B	input	PRECHARGE_DONE
U_START_BUDGET1	SN74LVC1G32DBVR	Package_TO_SOT_SMD:SOT-23-5	HARDWARE	3	GND	power_in	AUX_0V
U_START_BUDGET1	SN74LVC1G32DBVR	Package_TO_SOT_SMD:SOT-23-5	HARDWARE	4	Y	output	START_OR_DONE
U_START_BUDGET1	SN74LVC1G32DBVR	Package_TO_SOT_SMD:SOT-23-5	HARDWARE	5	VCC	power_in	POD_3V3
C_U_START_BUDGET1	100nF C0603C104K5RACAUTO	Capacitor_SMD:C_0603_1608Metric	HARDWARE	1	1	passive	POD_3V3
C_U_START_BUDGET1	100nF C0603C104K5RACAUTO	Capacitor_SMD:C_0603_1608Metric	HARDWARE	2	2	passive	AUX_0V
U_START_BUDGET2	SN74LVC1G32DBVR	Package_TO_SOT_SMD:SOT-23-5	HARDWARE	1	A	input	START_OR_DONE
U_START_BUDGET2	SN74LVC1G32DBVR	Package_TO_SOT_SMD:SOT-23-5	HARDWARE	2	B	input	TIMER_NOT_ARMED
U_START_BUDGET2	SN74LVC1G32DBVR	Package_TO_SOT_SMD:SOT-23-5	HARDWARE	3	GND	power_in	AUX_0V
U_START_BUDGET2	SN74LVC1G32DBVR	Package_TO_SOT_SMD:SOT-23-5	HARDWARE	4	Y	output	START_BUDGET_OK
U_START_BUDGET2	SN74LVC1G32DBVR	Package_TO_SOT_SMD:SOT-23-5	HARDWARE	5	VCC	power_in	POD_3V3
C_U_START_BUDGET2	100nF C0603C104K5RACAUTO	Capacitor_SMD:C_0603_1608Metric	HARDWARE	1	1	passive	POD_3V3
C_U_START_BUDGET2	100nF C0603C104K5RACAUTO	Capacitor_SMD:C_0603_1608Metric	HARDWARE	2	2	passive	AUX_0V
U_PROOF_ONCE	SN74LVC1G74DCUR	Package_SO:VSSOP-8_2.3x2mm_P0.5mm	HARDWARE	1	CLR_N	input	ATTEMPT
U_PROOF_ONCE	SN74LVC1G74DCUR	Package_SO:VSSOP-8_2.3x2mm_P0.5mm	HARDWARE	2	D	input	POD_3V3
U_PROOF_ONCE	SN74LVC1G74DCUR	Package_SO:VSSOP-8_2.3x2mm_P0.5mm	HARDWARE	3	CLK	input	PROOF_REQUEST
U_PROOF_ONCE	SN74LVC1G74DCUR	Package_SO:VSSOP-8_2.3x2mm_P0.5mm	HARDWARE	4	GND	power_in	AUX_0V
U_PROOF_ONCE	SN74LVC1G74DCUR	Package_SO:VSSOP-8_2.3x2mm_P0.5mm	HARDWARE	5	Q	output	PROOF_STARTED
U_PROOF_ONCE	SN74LVC1G74DCUR	Package_SO:VSSOP-8_2.3x2mm_P0.5mm	HARDWARE	6	Q_N	output	NC
U_PROOF_ONCE	SN74LVC1G74DCUR	Package_SO:VSSOP-8_2.3x2mm_P0.5mm	HARDWARE	7	PRE_N	input	POD_3V3
U_PROOF_ONCE	SN74LVC1G74DCUR	Package_SO:VSSOP-8_2.3x2mm_P0.5mm	HARDWARE	8	VCC	power_in	POD_3V3
C_U_PROOF_ONCE	100nF C0603C104K5RACAUTO	Capacitor_SMD:C_0603_1608Metric	HARDWARE	1	1	passive	POD_3V3
C_U_PROOF_ONCE	100nF C0603C104K5RACAUTO	Capacitor_SMD:C_0603_1608Metric	HARDWARE	2	2	passive	AUX_0V
U_PRE_VALID	SN74LVC1G08DBVR	Package_TO_SOT_SMD:SOT-23-5	HARDWARE	1	A	input	START_WINDOW
U_PRE_VALID	SN74LVC1G08DBVR	Package_TO_SOT_SMD:SOT-23-5	HARDWARE	2	B	input	ATTEMPT
U_PRE_VALID	SN74LVC1G08DBVR	Package_TO_SOT_SMD:SOT-23-5	HARDWARE	3	GND	power_in	AUX_0V
U_PRE_VALID	SN74LVC1G08DBVR	Package_TO_SOT_SMD:SOT-23-5	HARDWARE	4	Y	output	PRE_CAPTURE_VALID
U_PRE_VALID	SN74LVC1G08DBVR	Package_TO_SOT_SMD:SOT-23-5	HARDWARE	5	VCC	power_in	POD_3V3
C_U_PRE_VALID	100nF C0603C104K5RACAUTO	Capacitor_SMD:C_0603_1608Metric	HARDWARE	1	1	passive	POD_3V3
C_U_PRE_VALID	100nF C0603C104K5RACAUTO	Capacitor_SMD:C_0603_1608Metric	HARDWARE	2	2	passive	AUX_0V
U_PRE_DONE	SN74LVC1G74DCUR	Package_SO:VSSOP-8_2.3x2mm_P0.5mm	HARDWARE	1	CLR_N	input	ATTEMPT
U_PRE_DONE	SN74LVC1G74DCUR	Package_SO:VSSOP-8_2.3x2mm_P0.5mm	HARDWARE	2	D	input	PRE_CAPTURE_VALID
U_PRE_DONE	SN74LVC1G74DCUR	Package_SO:VSSOP-8_2.3x2mm_P0.5mm	HARDWARE	3	CLK	input	MCU_PRECHARGE_DONE
U_PRE_DONE	SN74LVC1G74DCUR	Package_SO:VSSOP-8_2.3x2mm_P0.5mm	HARDWARE	4	GND	power_in	AUX_0V
U_PRE_DONE	SN74LVC1G74DCUR	Package_SO:VSSOP-8_2.3x2mm_P0.5mm	HARDWARE	5	Q	output	PRECHARGE_DONE
U_PRE_DONE	SN74LVC1G74DCUR	Package_SO:VSSOP-8_2.3x2mm_P0.5mm	HARDWARE	6	Q_N	output	NC
U_PRE_DONE	SN74LVC1G74DCUR	Package_SO:VSSOP-8_2.3x2mm_P0.5mm	HARDWARE	7	PRE_N	input	POD_3V3
U_PRE_DONE	SN74LVC1G74DCUR	Package_SO:VSSOP-8_2.3x2mm_P0.5mm	HARDWARE	8	VCC	power_in	POD_3V3
C_U_PRE_DONE	100nF C0603C104K5RACAUTO	Capacitor_SMD:C_0603_1608Metric	HARDWARE	1	1	passive	POD_3V3
C_U_PRE_DONE	100nF C0603C104K5RACAUTO	Capacitor_SMD:C_0603_1608Metric	HARDWARE	2	2	passive	AUX_0V
U_PROOFREQ1	SN74LVC1G08DBVR	Package_TO_SOT_SMD:SOT-23-5	HARDWARE	1	A	input	CMD_KT
U_PROOFREQ1	SN74LVC1G08DBVR	Package_TO_SOT_SMD:SOT-23-5	HARDWARE	2	B	input	PRECHARGE_DONE
U_PROOFREQ1	SN74LVC1G08DBVR	Package_TO_SOT_SMD:SOT-23-5	HARDWARE	3	GND	power_in	AUX_0V
U_PROOFREQ1	SN74LVC1G08DBVR	Package_TO_SOT_SMD:SOT-23-5	HARDWARE	4	Y	output	U_PROOFREQ_1
U_PROOFREQ1	SN74LVC1G08DBVR	Package_TO_SOT_SMD:SOT-23-5	HARDWARE	5	VCC	power_in	POD_3V3
C_U_PROOFREQ1	100nF C0603C104K5RACAUTO	Capacitor_SMD:C_0603_1608Metric	HARDWARE	1	1	passive	POD_3V3
C_U_PROOFREQ1	100nF C0603C104K5RACAUTO	Capacitor_SMD:C_0603_1608Metric	HARDWARE	2	2	passive	AUX_0V
U_PROOFREQ2	SN74LVC1G08DBVR	Package_TO_SOT_SMD:SOT-23-5	HARDWARE	1	A	input	U_PROOFREQ_1
U_PROOFREQ2	SN74LVC1G08DBVR	Package_TO_SOT_SMD:SOT-23-5	HARDWARE	2	B	input	ATTEMPT
U_PROOFREQ2	SN74LVC1G08DBVR	Package_TO_SOT_SMD:SOT-23-5	HARDWARE	3	GND	power_in	AUX_0V
U_PROOFREQ2	SN74LVC1G08DBVR	Package_TO_SOT_SMD:SOT-23-5	HARDWARE	4	Y	output	U_PROOFREQ_2
U_PROOFREQ2	SN74LVC1G08DBVR	Package_TO_SOT_SMD:SOT-23-5	HARDWARE	5	VCC	power_in	POD_3V3
C_U_PROOFREQ2	100nF C0603C104K5RACAUTO	Capacitor_SMD:C_0603_1608Metric	HARDWARE	1	1	passive	POD_3V3
C_U_PROOFREQ2	100nF C0603C104K5RACAUTO	Capacitor_SMD:C_0603_1608Metric	HARDWARE	2	2	passive	AUX_0V
U_PROOFREQ3	SN74LVC1G08DBVR	Package_TO_SOT_SMD:SOT-23-5	HARDWARE	1	A	input	U_PROOFREQ_2
U_PROOFREQ3	SN74LVC1G08DBVR	Package_TO_SOT_SMD:SOT-23-5	HARDWARE	2	B	input	LATCH_OK
U_PROOFREQ3	SN74LVC1G08DBVR	Package_TO_SOT_SMD:SOT-23-5	HARDWARE	3	GND	power_in	AUX_0V
U_PROOFREQ3	SN74LVC1G08DBVR	Package_TO_SOT_SMD:SOT-23-5	HARDWARE	4	Y	output	PROOF_REQUEST
U_PROOFREQ3	SN74LVC1G08DBVR	Package_TO_SOT_SMD:SOT-23-5	HARDWARE	5	VCC	power_in	POD_3V3
C_U_PROOFREQ3	100nF C0603C104K5RACAUTO	Capacitor_SMD:C_0603_1608Metric	HARDWARE	1	1	passive	POD_3V3
C_U_PROOFREQ3	100nF C0603C104K5RACAUTO	Capacitor_SMD:C_0603_1608Metric	HARDWARE	2	2	passive	AUX_0V
U_PROOF_CAPTURE	SN74LVC1G08DBVR	Package_TO_SOT_SMD:SOT-23-5	HARDWARE	1	A	input	PROOF_WINDOW
U_PROOF_CAPTURE	SN74LVC1G08DBVR	Package_TO_SOT_SMD:SOT-23-5	HARDWARE	2	B	input	PRECHARGE_DONE
U_PROOF_CAPTURE	SN74LVC1G08DBVR	Package_TO_SOT_SMD:SOT-23-5	HARDWARE	3	GND	power_in	AUX_0V
U_PROOF_CAPTURE	SN74LVC1G08DBVR	Package_TO_SOT_SMD:SOT-23-5	HARDWARE	4	Y	output	PROOF_CAPTURE_VALID
U_PROOF_CAPTURE	SN74LVC1G08DBVR	Package_TO_SOT_SMD:SOT-23-5	HARDWARE	5	VCC	power_in	POD_3V3
C_U_PROOF_CAPTURE	100nF C0603C104K5RACAUTO	Capacitor_SMD:C_0603_1608Metric	HARDWARE	1	1	passive	POD_3V3
C_U_PROOF_CAPTURE	100nF C0603C104K5RACAUTO	Capacitor_SMD:C_0603_1608Metric	HARDWARE	2	2	passive	AUX_0V
U_PROVEN	SN74LVC1G74DCUR	Package_SO:VSSOP-8_2.3x2mm_P0.5mm	HARDWARE	1	CLR_N	input	ATTEMPT
U_PROVEN	SN74LVC1G74DCUR	Package_SO:VSSOP-8_2.3x2mm_P0.5mm	HARDWARE	2	D	input	PROOF_CAPTURE_VALID
U_PROVEN	SN74LVC1G74DCUR	Package_SO:VSSOP-8_2.3x2mm_P0.5mm	HARDWARE	3	CLK	input	MCU_BYPASS_PROVEN
U_PROVEN	SN74LVC1G74DCUR	Package_SO:VSSOP-8_2.3x2mm_P0.5mm	HARDWARE	4	GND	power_in	AUX_0V
U_PROVEN	SN74LVC1G74DCUR	Package_SO:VSSOP-8_2.3x2mm_P0.5mm	HARDWARE	5	Q	output	BYPASS_PROVEN
U_PROVEN	SN74LVC1G74DCUR	Package_SO:VSSOP-8_2.3x2mm_P0.5mm	HARDWARE	6	Q_N	output	NC
U_PROVEN	SN74LVC1G74DCUR	Package_SO:VSSOP-8_2.3x2mm_P0.5mm	HARDWARE	7	PRE_N	input	POD_3V3
U_PROVEN	SN74LVC1G74DCUR	Package_SO:VSSOP-8_2.3x2mm_P0.5mm	HARDWARE	8	VCC	power_in	POD_3V3
C_U_PROVEN	100nF C0603C104K5RACAUTO	Capacitor_SMD:C_0603_1608Metric	HARDWARE	1	1	passive	POD_3V3
C_U_PROVEN	100nF C0603C104K5RACAUTO	Capacitor_SMD:C_0603_1608Metric	HARDWARE	2	2	passive	AUX_0V
U_K1HI1	SN74LVC1G08DBVR	Package_TO_SOT_SMD:SOT-23-5	COILS	1	A	input	ATTEMPT
U_K1HI1	SN74LVC1G08DBVR	Package_TO_SOT_SMD:SOT-23-5	COILS	2	B	input	LATCH_OK
U_K1HI1	SN74LVC1G08DBVR	Package_TO_SOT_SMD:SOT-23-5	COILS	3	GND	power_in	AUX_0V
U_K1HI1	SN74LVC1G08DBVR	Package_TO_SOT_SMD:SOT-23-5	COILS	4	Y	output	U_K1HI_1
U_K1HI1	SN74LVC1G08DBVR	Package_TO_SOT_SMD:SOT-23-5	COILS	5	VCC	power_in	POD_3V3
C_U_K1HI1	100nF C0603C104K5RACAUTO	Capacitor_SMD:C_0603_1608Metric	COILS	1	1	passive	POD_3V3
C_U_K1HI1	100nF C0603C104K5RACAUTO	Capacitor_SMD:C_0603_1608Metric	COILS	2	2	passive	AUX_0V
U_K1HI2	SN74LVC1G08DBVR	Package_TO_SOT_SMD:SOT-23-5	COILS	1	A	input	U_K1HI_1
U_K1HI2	SN74LVC1G08DBVR	Package_TO_SOT_SMD:SOT-23-5	COILS	2	B	input	CMD_K1
U_K1HI2	SN74LVC1G08DBVR	Package_TO_SOT_SMD:SOT-23-5	COILS	3	GND	power_in	AUX_0V
U_K1HI2	SN74LVC1G08DBVR	Package_TO_SOT_SMD:SOT-23-5	COILS	4	Y	output	K1_HIGH_EN
U_K1HI2	SN74LVC1G08DBVR	Package_TO_SOT_SMD:SOT-23-5	COILS	5	VCC	power_in	POD_3V3
C_U_K1HI2	100nF C0603C104K5RACAUTO	Capacitor_SMD:C_0603_1608Metric	COILS	1	1	passive	POD_3V3
C_U_K1HI2	100nF C0603C104K5RACAUTO	Capacitor_SMD:C_0603_1608Metric	COILS	2	2	passive	AUX_0V
U_K2HI1	SN74LVC1G08DBVR	Package_TO_SOT_SMD:SOT-23-5	COILS	1	A	input	ATTEMPT
U_K2HI1	SN74LVC1G08DBVR	Package_TO_SOT_SMD:SOT-23-5	COILS	2	B	input	LATCH_OK
U_K2HI1	SN74LVC1G08DBVR	Package_TO_SOT_SMD:SOT-23-5	COILS	3	GND	power_in	AUX_0V
U_K2HI1	SN74LVC1G08DBVR	Package_TO_SOT_SMD:SOT-23-5	COILS	4	Y	output	U_K2HI_1
U_K2HI1	SN74LVC1G08DBVR	Package_TO_SOT_SMD:SOT-23-5	COILS	5	VCC	power_in	POD_3V3
C_U_K2HI1	100nF C0603C104K5RACAUTO	Capacitor_SMD:C_0603_1608Metric	COILS	1	1	passive	POD_3V3
C_U_K2HI1	100nF C0603C104K5RACAUTO	Capacitor_SMD:C_0603_1608Metric	COILS	2	2	passive	AUX_0V
U_K2HI2	SN74LVC1G08DBVR	Package_TO_SOT_SMD:SOT-23-5	COILS	1	A	input	U_K2HI_1
U_K2HI2	SN74LVC1G08DBVR	Package_TO_SOT_SMD:SOT-23-5	COILS	2	B	input	CMD_K2
U_K2HI2	SN74LVC1G08DBVR	Package_TO_SOT_SMD:SOT-23-5	COILS	3	GND	power_in	AUX_0V
U_K2HI2	SN74LVC1G08DBVR	Package_TO_SOT_SMD:SOT-23-5	COILS	4	Y	output	K2_HIGH_EN
U_K2HI2	SN74LVC1G08DBVR	Package_TO_SOT_SMD:SOT-23-5	COILS	5	VCC	power_in	POD_3V3
C_U_K2HI2	100nF C0603C104K5RACAUTO	Capacitor_SMD:C_0603_1608Metric	COILS	1	1	passive	POD_3V3
C_U_K2HI2	100nF C0603C104K5RACAUTO	Capacitor_SMD:C_0603_1608Metric	COILS	2	2	passive	AUX_0V
U_KBGATE1	SN74LVC1G08DBVR	Package_TO_SOT_SMD:SOT-23-5	COILS	1	A	input	CMD_KB
U_KBGATE1	SN74LVC1G08DBVR	Package_TO_SOT_SMD:SOT-23-5	COILS	2	B	input	PRECHARGE_DONE
U_KBGATE1	SN74LVC1G08DBVR	Package_TO_SOT_SMD:SOT-23-5	COILS	3	GND	power_in	AUX_0V
U_KBGATE1	SN74LVC1G08DBVR	Package_TO_SOT_SMD:SOT-23-5	COILS	4	Y	output	U_KBGATE_1
U_KBGATE1	SN74LVC1G08DBVR	Package_TO_SOT_SMD:SOT-23-5	COILS	5	VCC	power_in	POD_3V3
C_U_KBGATE1	100nF C0603C104K5RACAUTO	Capacitor_SMD:C_0603_1608Metric	COILS	1	1	passive	POD_3V3
C_U_KBGATE1	100nF C0603C104K5RACAUTO	Capacitor_SMD:C_0603_1608Metric	COILS	2	2	passive	AUX_0V
U_KBGATE2	SN74LVC1G08DBVR	Package_TO_SOT_SMD:SOT-23-5	COILS	1	A	input	U_KBGATE_1
U_KBGATE2	SN74LVC1G08DBVR	Package_TO_SOT_SMD:SOT-23-5	COILS	2	B	input	LATCH_OK
U_KBGATE2	SN74LVC1G08DBVR	Package_TO_SOT_SMD:SOT-23-5	COILS	3	GND	power_in	AUX_0V
U_KBGATE2	SN74LVC1G08DBVR	Package_TO_SOT_SMD:SOT-23-5	COILS	4	Y	output	U_KBGATE_2
U_KBGATE2	SN74LVC1G08DBVR	Package_TO_SOT_SMD:SOT-23-5	COILS	5	VCC	power_in	POD_3V3
C_U_KBGATE2	100nF C0603C104K5RACAUTO	Capacitor_SMD:C_0603_1608Metric	COILS	1	1	passive	POD_3V3
C_U_KBGATE2	100nF C0603C104K5RACAUTO	Capacitor_SMD:C_0603_1608Metric	COILS	2	2	passive	AUX_0V
U_KBGATE3	SN74LVC1G08DBVR	Package_TO_SOT_SMD:SOT-23-5	COILS	1	A	input	U_KBGATE_2
U_KBGATE3	SN74LVC1G08DBVR	Package_TO_SOT_SMD:SOT-23-5	COILS	2	B	input	ATTEMPT
U_KBGATE3	SN74LVC1G08DBVR	Package_TO_SOT_SMD:SOT-23-5	COILS	3	GND	power_in	AUX_0V
U_KBGATE3	SN74LVC1G08DBVR	Package_TO_SOT_SMD:SOT-23-5	COILS	4	Y	output	KB_DRIVE
U_KBGATE3	SN74LVC1G08DBVR	Package_TO_SOT_SMD:SOT-23-5	COILS	5	VCC	power_in	POD_3V3
C_U_KBGATE3	100nF C0603C104K5RACAUTO	Capacitor_SMD:C_0603_1608Metric	COILS	1	1	passive	POD_3V3
C_U_KBGATE3	100nF C0603C104K5RACAUTO	Capacitor_SMD:C_0603_1608Metric	COILS	2	2	passive	AUX_0V
U_KTGATE1	SN74LVC1G08DBVR	Package_TO_SOT_SMD:SOT-23-5	COILS	1	A	input	CMD_KT
U_KTGATE1	SN74LVC1G08DBVR	Package_TO_SOT_SMD:SOT-23-5	COILS	2	B	input	PROOF_WINDOW
U_KTGATE1	SN74LVC1G08DBVR	Package_TO_SOT_SMD:SOT-23-5	COILS	3	GND	power_in	AUX_0V
U_KTGATE1	SN74LVC1G08DBVR	Package_TO_SOT_SMD:SOT-23-5	COILS	4	Y	output	U_KTGATE_1
U_KTGATE1	SN74LVC1G08DBVR	Package_TO_SOT_SMD:SOT-23-5	COILS	5	VCC	power_in	POD_3V3
C_U_KTGATE1	100nF C0603C104K5RACAUTO	Capacitor_SMD:C_0603_1608Metric	COILS	1	1	passive	POD_3V3
C_U_KTGATE1	100nF C0603C104K5RACAUTO	Capacitor_SMD:C_0603_1608Metric	COILS	2	2	passive	AUX_0V
U_KTGATE2	SN74LVC1G08DBVR	Package_TO_SOT_SMD:SOT-23-5	COILS	1	A	input	U_KTGATE_1
U_KTGATE2	SN74LVC1G08DBVR	Package_TO_SOT_SMD:SOT-23-5	COILS	2	B	input	ATTEMPT
U_KTGATE2	SN74LVC1G08DBVR	Package_TO_SOT_SMD:SOT-23-5	COILS	3	GND	power_in	AUX_0V
U_KTGATE2	SN74LVC1G08DBVR	Package_TO_SOT_SMD:SOT-23-5	COILS	4	Y	output	U_KTGATE_2
U_KTGATE2	SN74LVC1G08DBVR	Package_TO_SOT_SMD:SOT-23-5	COILS	5	VCC	power_in	POD_3V3
C_U_KTGATE2	100nF C0603C104K5RACAUTO	Capacitor_SMD:C_0603_1608Metric	COILS	1	1	passive	POD_3V3
C_U_KTGATE2	100nF C0603C104K5RACAUTO	Capacitor_SMD:C_0603_1608Metric	COILS	2	2	passive	AUX_0V
U_KTGATE3	SN74LVC1G08DBVR	Package_TO_SOT_SMD:SOT-23-5	COILS	1	A	input	U_KTGATE_2
U_KTGATE3	SN74LVC1G08DBVR	Package_TO_SOT_SMD:SOT-23-5	COILS	2	B	input	LATCH_OK
U_KTGATE3	SN74LVC1G08DBVR	Package_TO_SOT_SMD:SOT-23-5	COILS	3	GND	power_in	AUX_0V
U_KTGATE3	SN74LVC1G08DBVR	Package_TO_SOT_SMD:SOT-23-5	COILS	4	Y	output	KT_DRIVE
U_KTGATE3	SN74LVC1G08DBVR	Package_TO_SOT_SMD:SOT-23-5	COILS	5	VCC	power_in	POD_3V3
C_U_KTGATE3	100nF C0603C104K5RACAUTO	Capacitor_SMD:C_0603_1608Metric	COILS	1	1	passive	POD_3V3
C_U_KTGATE3	100nF C0603C104K5RACAUTO	Capacitor_SMD:C_0603_1608Metric	COILS	2	2	passive	AUX_0V
U_RUN_ARM	SN74LVC1G74DCUR	Package_SO:VSSOP-8_2.3x2mm_P0.5mm	HARDWARE	1	CLR_N	input	ATTEMPT
U_RUN_ARM	SN74LVC1G74DCUR	Package_SO:VSSOP-8_2.3x2mm_P0.5mm	HARDWARE	2	D	input	POD_3V3
U_RUN_ARM	SN74LVC1G74DCUR	Package_SO:VSSOP-8_2.3x2mm_P0.5mm	HARDWARE	3	CLK	input	MCU_RUN
U_RUN_ARM	SN74LVC1G74DCUR	Package_SO:VSSOP-8_2.3x2mm_P0.5mm	HARDWARE	4	GND	power_in	AUX_0V
U_RUN_ARM	SN74LVC1G74DCUR	Package_SO:VSSOP-8_2.3x2mm_P0.5mm	HARDWARE	5	Q	output	RUN_ARMED
U_RUN_ARM	SN74LVC1G74DCUR	Package_SO:VSSOP-8_2.3x2mm_P0.5mm	HARDWARE	6	Q_N	output	NC
U_RUN_ARM	SN74LVC1G74DCUR	Package_SO:VSSOP-8_2.3x2mm_P0.5mm	HARDWARE	7	PRE_N	input	POD_3V3
U_RUN_ARM	SN74LVC1G74DCUR	Package_SO:VSSOP-8_2.3x2mm_P0.5mm	HARDWARE	8	VCC	power_in	POD_3V3
C_U_RUN_ARM	100nF C0603C104K5RACAUTO	Capacitor_SMD:C_0603_1608Metric	HARDWARE	1	1	passive	POD_3V3
C_U_RUN_ARM	100nF C0603C104K5RACAUTO	Capacitor_SMD:C_0603_1608Metric	HARDWARE	2	2	passive	AUX_0V
U_RUN_NOT_ARMED	SN74LVC1G04DBVR	Package_TO_SOT_SMD:SOT-23-5	HARDWARE	1	NC	no_connect	NC
U_RUN_NOT_ARMED	SN74LVC1G04DBVR	Package_TO_SOT_SMD:SOT-23-5	HARDWARE	2	A	input	RUN_ARMED
U_RUN_NOT_ARMED	SN74LVC1G04DBVR	Package_TO_SOT_SMD:SOT-23-5	HARDWARE	3	GND	power_in	AUX_0V
U_RUN_NOT_ARMED	SN74LVC1G04DBVR	Package_TO_SOT_SMD:SOT-23-5	HARDWARE	4	Y	output	RUN_NOT_ARMED
U_RUN_NOT_ARMED	SN74LVC1G04DBVR	Package_TO_SOT_SMD:SOT-23-5	HARDWARE	5	VCC	power_in	POD_3V3
C_U_RUN_NOT_ARMED	100nF C0603C104K5RACAUTO	Capacitor_SMD:C_0603_1608Metric	HARDWARE	1	1	passive	POD_3V3
C_U_RUN_NOT_ARMED	100nF C0603C104K5RACAUTO	Capacitor_SMD:C_0603_1608Metric	HARDWARE	2	2	passive	AUX_0V
U_RUNTIME1	SN74LVC1G08DBVR	Package_TO_SOT_SMD:SOT-23-5	HARDWARE	1	A	input	CTRL_RAIL_OK_LOCAL
U_RUNTIME1	SN74LVC1G08DBVR	Package_TO_SOT_SMD:SOT-23-5	HARDWARE	2	B	input	CTRL_HEARTBEAT_OK
U_RUNTIME1	SN74LVC1G08DBVR	Package_TO_SOT_SMD:SOT-23-5	HARDWARE	3	GND	power_in	AUX_0V
U_RUNTIME1	SN74LVC1G08DBVR	Package_TO_SOT_SMD:SOT-23-5	HARDWARE	4	Y	output	U_RUNTIME_1
U_RUNTIME1	SN74LVC1G08DBVR	Package_TO_SOT_SMD:SOT-23-5	HARDWARE	5	VCC	power_in	POD_3V3
C_U_RUNTIME1	100nF C0603C104K5RACAUTO	Capacitor_SMD:C_0603_1608Metric	HARDWARE	1	1	passive	POD_3V3
C_U_RUNTIME1	100nF C0603C104K5RACAUTO	Capacitor_SMD:C_0603_1608Metric	HARDWARE	2	2	passive	AUX_0V
U_RUNTIME2	SN74LVC1G08DBVR	Package_TO_SOT_SMD:SOT-23-5	HARDWARE	1	A	input	U_RUNTIME_1
U_RUNTIME2	SN74LVC1G08DBVR	Package_TO_SOT_SMD:SOT-23-5	HARDWARE	2	B	input	NATIVE_FAULT_N
U_RUNTIME2	SN74LVC1G08DBVR	Package_TO_SOT_SMD:SOT-23-5	HARDWARE	3	GND	power_in	AUX_0V
U_RUNTIME2	SN74LVC1G08DBVR	Package_TO_SOT_SMD:SOT-23-5	HARDWARE	4	Y	output	U_RUNTIME_2
U_RUNTIME2	SN74LVC1G08DBVR	Package_TO_SOT_SMD:SOT-23-5	HARDWARE	5	VCC	power_in	POD_3V3
C_U_RUNTIME2	100nF C0603C104K5RACAUTO	Capacitor_SMD:C_0603_1608Metric	HARDWARE	1	1	passive	POD_3V3
C_U_RUNTIME2	100nF C0603C104K5RACAUTO	Capacitor_SMD:C_0603_1608Metric	HARDWARE	2	2	passive	AUX_0V
U_RUNTIME3	SN74LVC1G08DBVR	Package_TO_SOT_SMD:SOT-23-5	HARDWARE	1	A	input	U_RUNTIME_2
U_RUNTIME3	SN74LVC1G08DBVR	Package_TO_SOT_SMD:SOT-23-5	HARDWARE	2	B	input	CTRL_INTERLOCK_OK_LOCAL
U_RUNTIME3	SN74LVC1G08DBVR	Package_TO_SOT_SMD:SOT-23-5	HARDWARE	3	GND	power_in	AUX_0V
U_RUNTIME3	SN74LVC1G08DBVR	Package_TO_SOT_SMD:SOT-23-5	HARDWARE	4	Y	output	RUNTIME_HEALTHY
U_RUNTIME3	SN74LVC1G08DBVR	Package_TO_SOT_SMD:SOT-23-5	HARDWARE	5	VCC	power_in	POD_3V3
C_U_RUNTIME3	100nF C0603C104K5RACAUTO	Capacitor_SMD:C_0603_1608Metric	HARDWARE	1	1	passive	POD_3V3
C_U_RUNTIME3	100nF C0603C104K5RACAUTO	Capacitor_SMD:C_0603_1608Metric	HARDWARE	2	2	passive	AUX_0V
U_RUNTIME_ALLOW	SN74LVC1G32DBVR	Package_TO_SOT_SMD:SOT-23-5	HARDWARE	1	A	input	RUN_NOT_ARMED
U_RUNTIME_ALLOW	SN74LVC1G32DBVR	Package_TO_SOT_SMD:SOT-23-5	HARDWARE	2	B	input	RUNTIME_HEALTHY
U_RUNTIME_ALLOW	SN74LVC1G32DBVR	Package_TO_SOT_SMD:SOT-23-5	HARDWARE	3	GND	power_in	AUX_0V
U_RUNTIME_ALLOW	SN74LVC1G32DBVR	Package_TO_SOT_SMD:SOT-23-5	HARDWARE	4	Y	output	RUNTIME_ALLOWED
U_RUNTIME_ALLOW	SN74LVC1G32DBVR	Package_TO_SOT_SMD:SOT-23-5	HARDWARE	5	VCC	power_in	POD_3V3
C_U_RUNTIME_ALLOW	100nF C0603C104K5RACAUTO	Capacitor_SMD:C_0603_1608Metric	HARDWARE	1	1	passive	POD_3V3
C_U_RUNTIME_ALLOW	100nF C0603C104K5RACAUTO	Capacitor_SMD:C_0603_1608Metric	HARDWARE	2	2	passive	AUX_0V
U_RUN1	SN74LVC1G08DBVR	Package_TO_SOT_SMD:SOT-23-5	HARDWARE	1	A	input	MCU_RUN
U_RUN1	SN74LVC1G08DBVR	Package_TO_SOT_SMD:SOT-23-5	HARDWARE	2	B	input	BYPASS_PROVEN
U_RUN1	SN74LVC1G08DBVR	Package_TO_SOT_SMD:SOT-23-5	HARDWARE	3	GND	power_in	AUX_0V
U_RUN1	SN74LVC1G08DBVR	Package_TO_SOT_SMD:SOT-23-5	HARDWARE	4	Y	output	U_RUN_1
U_RUN1	SN74LVC1G08DBVR	Package_TO_SOT_SMD:SOT-23-5	HARDWARE	5	VCC	power_in	POD_3V3
C_U_RUN1	100nF C0603C104K5RACAUTO	Capacitor_SMD:C_0603_1608Metric	HARDWARE	1	1	passive	POD_3V3
C_U_RUN1	100nF C0603C104K5RACAUTO	Capacitor_SMD:C_0603_1608Metric	HARDWARE	2	2	passive	AUX_0V
U_RUN2	SN74LVC1G08DBVR	Package_TO_SOT_SMD:SOT-23-5	HARDWARE	1	A	input	U_RUN_1
U_RUN2	SN74LVC1G08DBVR	Package_TO_SOT_SMD:SOT-23-5	HARDWARE	2	B	input	LATCH_OK
U_RUN2	SN74LVC1G08DBVR	Package_TO_SOT_SMD:SOT-23-5	HARDWARE	3	GND	power_in	AUX_0V
U_RUN2	SN74LVC1G08DBVR	Package_TO_SOT_SMD:SOT-23-5	HARDWARE	4	Y	output	U_RUN_2
U_RUN2	SN74LVC1G08DBVR	Package_TO_SOT_SMD:SOT-23-5	HARDWARE	5	VCC	power_in	POD_3V3
C_U_RUN2	100nF C0603C104K5RACAUTO	Capacitor_SMD:C_0603_1608Metric	HARDWARE	1	1	passive	POD_3V3
C_U_RUN2	100nF C0603C104K5RACAUTO	Capacitor_SMD:C_0603_1608Metric	HARDWARE	2	2	passive	AUX_0V
U_RUN3	SN74LVC1G08DBVR	Package_TO_SOT_SMD:SOT-23-5	HARDWARE	1	A	input	U_RUN_2
U_RUN3	SN74LVC1G08DBVR	Package_TO_SOT_SMD:SOT-23-5	HARDWARE	2	B	input	CTRL_RAIL_OK_LOCAL
U_RUN3	SN74LVC1G08DBVR	Package_TO_SOT_SMD:SOT-23-5	HARDWARE	3	GND	power_in	AUX_0V
U_RUN3	SN74LVC1G08DBVR	Package_TO_SOT_SMD:SOT-23-5	HARDWARE	4	Y	output	U_RUN_3
U_RUN3	SN74LVC1G08DBVR	Package_TO_SOT_SMD:SOT-23-5	HARDWARE	5	VCC	power_in	POD_3V3
C_U_RUN3	100nF C0603C104K5RACAUTO	Capacitor_SMD:C_0603_1608Metric	HARDWARE	1	1	passive	POD_3V3
C_U_RUN3	100nF C0603C104K5RACAUTO	Capacitor_SMD:C_0603_1608Metric	HARDWARE	2	2	passive	AUX_0V
U_RUN4	SN74LVC1G08DBVR	Package_TO_SOT_SMD:SOT-23-5	HARDWARE	1	A	input	U_RUN_3
U_RUN4	SN74LVC1G08DBVR	Package_TO_SOT_SMD:SOT-23-5	HARDWARE	2	B	input	CTRL_HEARTBEAT_OK
U_RUN4	SN74LVC1G08DBVR	Package_TO_SOT_SMD:SOT-23-5	HARDWARE	3	GND	power_in	AUX_0V
U_RUN4	SN74LVC1G08DBVR	Package_TO_SOT_SMD:SOT-23-5	HARDWARE	4	Y	output	U_RUN_4
U_RUN4	SN74LVC1G08DBVR	Package_TO_SOT_SMD:SOT-23-5	HARDWARE	5	VCC	power_in	POD_3V3
C_U_RUN4	100nF C0603C104K5RACAUTO	Capacitor_SMD:C_0603_1608Metric	HARDWARE	1	1	passive	POD_3V3
C_U_RUN4	100nF C0603C104K5RACAUTO	Capacitor_SMD:C_0603_1608Metric	HARDWARE	2	2	passive	AUX_0V
U_RUN5	SN74LVC1G08DBVR	Package_TO_SOT_SMD:SOT-23-5	HARDWARE	1	A	input	U_RUN_4
U_RUN5	SN74LVC1G08DBVR	Package_TO_SOT_SMD:SOT-23-5	HARDWARE	2	B	input	NATIVE_FAULT_N
U_RUN5	SN74LVC1G08DBVR	Package_TO_SOT_SMD:SOT-23-5	HARDWARE	3	GND	power_in	AUX_0V
U_RUN5	SN74LVC1G08DBVR	Package_TO_SOT_SMD:SOT-23-5	HARDWARE	4	Y	output	SUP_RUN_OK_LOCAL
U_RUN5	SN74LVC1G08DBVR	Package_TO_SOT_SMD:SOT-23-5	HARDWARE	5	VCC	power_in	POD_3V3
C_U_RUN5	100nF C0603C104K5RACAUTO	Capacitor_SMD:C_0603_1608Metric	HARDWARE	1	1	passive	POD_3V3
C_U_RUN5	100nF C0603C104K5RACAUTO	Capacitor_SMD:C_0603_1608Metric	HARDWARE	2	2	passive	AUX_0V
U_PERMIT1	SN74LVC1G08DBVR	Package_TO_SOT_SMD:SOT-23-5	HARDWARE	1	A	input	SUP_RUN_OK_LOCAL
U_PERMIT1	SN74LVC1G08DBVR	Package_TO_SOT_SMD:SOT-23-5	HARDWARE	2	B	input	CTRL_PWM_REQUEST_LOCAL
U_PERMIT1	SN74LVC1G08DBVR	Package_TO_SOT_SMD:SOT-23-5	HARDWARE	3	GND	power_in	AUX_0V
U_PERMIT1	SN74LVC1G08DBVR	Package_TO_SOT_SMD:SOT-23-5	HARDWARE	4	Y	output	U_PERMIT_1
U_PERMIT1	SN74LVC1G08DBVR	Package_TO_SOT_SMD:SOT-23-5	HARDWARE	5	VCC	power_in	POD_3V3
C_U_PERMIT1	100nF C0603C104K5RACAUTO	Capacitor_SMD:C_0603_1608Metric	HARDWARE	1	1	passive	POD_3V3
C_U_PERMIT1	100nF C0603C104K5RACAUTO	Capacitor_SMD:C_0603_1608Metric	HARDWARE	2	2	passive	AUX_0V
U_PERMIT2	SN74LVC1G08DBVR	Package_TO_SOT_SMD:SOT-23-5	HARDWARE	1	A	input	U_PERMIT_1
U_PERMIT2	SN74LVC1G08DBVR	Package_TO_SOT_SMD:SOT-23-5	HARDWARE	2	B	input	CTRL_INTERLOCK_OK_LOCAL
U_PERMIT2	SN74LVC1G08DBVR	Package_TO_SOT_SMD:SOT-23-5	HARDWARE	3	GND	power_in	AUX_0V
U_PERMIT2	SN74LVC1G08DBVR	Package_TO_SOT_SMD:SOT-23-5	HARDWARE	4	Y	output	PERMIT_LOCAL
U_PERMIT2	SN74LVC1G08DBVR	Package_TO_SOT_SMD:SOT-23-5	HARDWARE	5	VCC	power_in	POD_3V3
C_U_PERMIT2	100nF C0603C104K5RACAUTO	Capacitor_SMD:C_0603_1608Metric	HARDWARE	1	1	passive	POD_3V3
C_U_PERMIT2	100nF C0603C104K5RACAUTO	Capacitor_SMD:C_0603_1608Metric	HARDWARE	2	2	passive	AUX_0V
U_K1_HI	TPS1H100AQPWPRQ1	Package_SO:Texas_HTSSOP-14-1EP_4.4x5mm_P0.65mm_EP3.4x5mm_Mask3.155x3.255mm	COILS	1	NC	no_connect	NC
U_K1_HI	TPS1H100AQPWPRQ1	Package_SO:Texas_HTSSOP-14-1EP_4.4x5mm_P0.65mm_EP3.4x5mm_Mask3.155x3.255mm	COILS	2	GND	power_in	AUX_0V
U_K1_HI	TPS1H100AQPWPRQ1	Package_SO:Texas_HTSSOP-14-1EP_4.4x5mm_P0.65mm_EP3.4x5mm_Mask3.155x3.255mm	COILS	3	IN	input	K1_HIGH_EN
U_K1_HI	TPS1H100AQPWPRQ1	Package_SO:Texas_HTSSOP-14-1EP_4.4x5mm_P0.65mm_EP3.4x5mm_Mask3.155x3.255mm	COILS	4	NC	no_connect	NC
U_K1_HI	TPS1H100AQPWPRQ1	Package_SO:Texas_HTSSOP-14-1EP_4.4x5mm_P0.65mm_EP3.4x5mm_Mask3.155x3.255mm	COILS	5	OUT	power_out	K1_COIL_HIGH
U_K1_HI	TPS1H100AQPWPRQ1	Package_SO:Texas_HTSSOP-14-1EP_4.4x5mm_P0.65mm_EP3.4x5mm_Mask3.155x3.255mm	COILS	6	OUT	passive	K1_COIL_HIGH
U_K1_HI	TPS1H100AQPWPRQ1	Package_SO:Texas_HTSSOP-14-1EP_4.4x5mm_P0.65mm_EP3.4x5mm_Mask3.155x3.255mm	COILS	7	OUT	passive	K1_COIL_HIGH
U_K1_HI	TPS1H100AQPWPRQ1	Package_SO:Texas_HTSSOP-14-1EP_4.4x5mm_P0.65mm_EP3.4x5mm_Mask3.155x3.255mm	COILS	8	VS	power_in	AUX_24V
U_K1_HI	TPS1H100AQPWPRQ1	Package_SO:Texas_HTSSOP-14-1EP_4.4x5mm_P0.65mm_EP3.4x5mm_Mask3.155x3.255mm	COILS	9	VS	power_in	AUX_24V
U_K1_HI	TPS1H100AQPWPRQ1	Package_SO:Texas_HTSSOP-14-1EP_4.4x5mm_P0.65mm_EP3.4x5mm_Mask3.155x3.255mm	COILS	10	VS	power_in	AUX_24V
U_K1_HI	TPS1H100AQPWPRQ1	Package_SO:Texas_HTSSOP-14-1EP_4.4x5mm_P0.65mm_EP3.4x5mm_Mask3.155x3.255mm	COILS	11	NC	no_connect	NC
U_K1_HI	TPS1H100AQPWPRQ1	Package_SO:Texas_HTSSOP-14-1EP_4.4x5mm_P0.65mm_EP3.4x5mm_Mask3.155x3.255mm	COILS	12	DIAG_EN	input	POD_3V3
U_K1_HI	TPS1H100AQPWPRQ1	Package_SO:Texas_HTSSOP-14-1EP_4.4x5mm_P0.65mm_EP3.4x5mm_Mask3.155x3.255mm	COILS	13	CL	passive	K1_CL
U_K1_HI	TPS1H100AQPWPRQ1	Package_SO:Texas_HTSSOP-14-1EP_4.4x5mm_P0.65mm_EP3.4x5mm_Mask3.155x3.255mm	COILS	14	ST_N	open_collector	K1_ST_N
U_K1_HI	TPS1H100AQPWPRQ1	Package_SO:Texas_HTSSOP-14-1EP_4.4x5mm_P0.65mm_EP3.4x5mm_Mask3.155x3.255mm	COILS	15	EP	power_in	AUX_0V
C_K1VS	100nF C0603C104K5RACAUTO	Capacitor_SMD:C_0603_1608Metric	COILS	1	1	passive	AUX_24V
C_K1VS	100nF C0603C104K5RACAUTO	Capacitor_SMD:C_0603_1608Metric	COILS	2	2	passive	AUX_0V
R_K1CL	4.87kR 0.1% TNPW06034K87BEEA	Resistor_SMD:R_0603_1608Metric	COILS	1	1	passive	K1_CL
R_K1CL	4.87kR 0.1% TNPW06034K87BEEA	Resistor_SMD:R_0603_1608Metric	COILS	2	2	passive	AUX_0V
R_K1ST	10kR CRCW060310K0FKEA	Resistor_SMD:R_0603_1608Metric	COILS	1	1	passive	POD_3V3
R_K1ST	10kR CRCW060310K0FKEA	Resistor_SMD:R_0603_1608Metric	COILS	2	2	passive	K1_ST_N
R_K1HI_PD	10kR CRCW060310K0FKEA	Resistor_SMD:R_0603_1608Metric	COILS	1	1	passive	K1_HIGH_EN
R_K1HI_PD	10kR CRCW060310K0FKEA	Resistor_SMD:R_0603_1608Metric	COILS	2	2	passive	AUX_0V
U_K2_HI	TPS1H100AQPWPRQ1	Package_SO:Texas_HTSSOP-14-1EP_4.4x5mm_P0.65mm_EP3.4x5mm_Mask3.155x3.255mm	COILS	1	NC	no_connect	NC
U_K2_HI	TPS1H100AQPWPRQ1	Package_SO:Texas_HTSSOP-14-1EP_4.4x5mm_P0.65mm_EP3.4x5mm_Mask3.155x3.255mm	COILS	2	GND	power_in	AUX_0V
U_K2_HI	TPS1H100AQPWPRQ1	Package_SO:Texas_HTSSOP-14-1EP_4.4x5mm_P0.65mm_EP3.4x5mm_Mask3.155x3.255mm	COILS	3	IN	input	K2_HIGH_EN
U_K2_HI	TPS1H100AQPWPRQ1	Package_SO:Texas_HTSSOP-14-1EP_4.4x5mm_P0.65mm_EP3.4x5mm_Mask3.155x3.255mm	COILS	4	NC	no_connect	NC
U_K2_HI	TPS1H100AQPWPRQ1	Package_SO:Texas_HTSSOP-14-1EP_4.4x5mm_P0.65mm_EP3.4x5mm_Mask3.155x3.255mm	COILS	5	OUT	power_out	K2_COIL_HIGH
U_K2_HI	TPS1H100AQPWPRQ1	Package_SO:Texas_HTSSOP-14-1EP_4.4x5mm_P0.65mm_EP3.4x5mm_Mask3.155x3.255mm	COILS	6	OUT	passive	K2_COIL_HIGH
U_K2_HI	TPS1H100AQPWPRQ1	Package_SO:Texas_HTSSOP-14-1EP_4.4x5mm_P0.65mm_EP3.4x5mm_Mask3.155x3.255mm	COILS	7	OUT	passive	K2_COIL_HIGH
U_K2_HI	TPS1H100AQPWPRQ1	Package_SO:Texas_HTSSOP-14-1EP_4.4x5mm_P0.65mm_EP3.4x5mm_Mask3.155x3.255mm	COILS	8	VS	power_in	AUX_24V
U_K2_HI	TPS1H100AQPWPRQ1	Package_SO:Texas_HTSSOP-14-1EP_4.4x5mm_P0.65mm_EP3.4x5mm_Mask3.155x3.255mm	COILS	9	VS	power_in	AUX_24V
U_K2_HI	TPS1H100AQPWPRQ1	Package_SO:Texas_HTSSOP-14-1EP_4.4x5mm_P0.65mm_EP3.4x5mm_Mask3.155x3.255mm	COILS	10	VS	power_in	AUX_24V
U_K2_HI	TPS1H100AQPWPRQ1	Package_SO:Texas_HTSSOP-14-1EP_4.4x5mm_P0.65mm_EP3.4x5mm_Mask3.155x3.255mm	COILS	11	NC	no_connect	NC
U_K2_HI	TPS1H100AQPWPRQ1	Package_SO:Texas_HTSSOP-14-1EP_4.4x5mm_P0.65mm_EP3.4x5mm_Mask3.155x3.255mm	COILS	12	DIAG_EN	input	POD_3V3
U_K2_HI	TPS1H100AQPWPRQ1	Package_SO:Texas_HTSSOP-14-1EP_4.4x5mm_P0.65mm_EP3.4x5mm_Mask3.155x3.255mm	COILS	13	CL	passive	K2_CL
U_K2_HI	TPS1H100AQPWPRQ1	Package_SO:Texas_HTSSOP-14-1EP_4.4x5mm_P0.65mm_EP3.4x5mm_Mask3.155x3.255mm	COILS	14	ST_N	open_collector	K2_ST_N
U_K2_HI	TPS1H100AQPWPRQ1	Package_SO:Texas_HTSSOP-14-1EP_4.4x5mm_P0.65mm_EP3.4x5mm_Mask3.155x3.255mm	COILS	15	EP	power_in	AUX_0V
C_K2VS	100nF C0603C104K5RACAUTO	Capacitor_SMD:C_0603_1608Metric	COILS	1	1	passive	AUX_24V
C_K2VS	100nF C0603C104K5RACAUTO	Capacitor_SMD:C_0603_1608Metric	COILS	2	2	passive	AUX_0V
R_K2CL	4.87kR 0.1% TNPW06034K87BEEA	Resistor_SMD:R_0603_1608Metric	COILS	1	1	passive	K2_CL
R_K2CL	4.87kR 0.1% TNPW06034K87BEEA	Resistor_SMD:R_0603_1608Metric	COILS	2	2	passive	AUX_0V
R_K2ST	10kR CRCW060310K0FKEA	Resistor_SMD:R_0603_1608Metric	COILS	1	1	passive	POD_3V3
R_K2ST	10kR CRCW060310K0FKEA	Resistor_SMD:R_0603_1608Metric	COILS	2	2	passive	K2_ST_N
R_K2HI_PD	10kR CRCW060310K0FKEA	Resistor_SMD:R_0603_1608Metric	COILS	1	1	passive	K2_HIGH_EN
R_K2HI_PD	10kR CRCW060310K0FKEA	Resistor_SMD:R_0603_1608Metric	COILS	2	2	passive	AUX_0V
R_KB_SUPPLY	0R CRCW12060000Z0EA	Resistor_SMD:R_1206_3216Metric	COILS	1	1	passive	AUX_24V
R_KB_SUPPLY	0R CRCW12060000Z0EA	Resistor_SMD:R_1206_3216Metric	COILS	2	2	passive	KB_COIL_HIGH
R_KT_SUPPLY	0R CRCW12060000Z0EA	Resistor_SMD:R_1206_3216Metric	COILS	1	1	passive	AUX_24V
R_KT_SUPPLY	0R CRCW12060000Z0EA	Resistor_SMD:R_1206_3216Metric	COILS	2	2	passive	POD_24V_ACT
R_K1G	1kR CRCW06031K00FKEA	Resistor_SMD:R_0603_1608Metric	COILS	1	1	passive	K1_BUF
R_K1G	1kR CRCW06031K00FKEA	Resistor_SMD:R_0603_1608Metric	COILS	2	2	passive	K1_GATE
R_K1GS	22kR CRCW060322K0FKEA	Resistor_SMD:R_0603_1608Metric	COILS	1	1	passive	K1_GATE
R_K1GS	22kR CRCW060322K0FKEA	Resistor_SMD:R_0603_1608Metric	COILS	2	2	passive	AUX_0V
Q_K1	IRL540NPBF	Package_TO_SOT_THT:TO-220-3_Vertical	COILS	1	G	input	K1_GATE
Q_K1	IRL540NPBF	Package_TO_SOT_THT:TO-220-3_Vertical	COILS	2	D	passive	K1_COIL_LOW
Q_K1	IRL540NPBF	Package_TO_SOT_THT:TO-220-3_Vertical	COILS	3	S	passive	AUX_0V
R_K2G	1kR CRCW06031K00FKEA	Resistor_SMD:R_0603_1608Metric	COILS	1	1	passive	K2_BUF
R_K2G	1kR CRCW06031K00FKEA	Resistor_SMD:R_0603_1608Metric	COILS	2	2	passive	K2_GATE
R_K2GS	22kR CRCW060322K0FKEA	Resistor_SMD:R_0603_1608Metric	COILS	1	1	passive	K2_GATE
R_K2GS	22kR CRCW060322K0FKEA	Resistor_SMD:R_0603_1608Metric	COILS	2	2	passive	AUX_0V
Q_K2	IRL540NPBF	Package_TO_SOT_THT:TO-220-3_Vertical	COILS	1	G	input	K2_GATE
Q_K2	IRL540NPBF	Package_TO_SOT_THT:TO-220-3_Vertical	COILS	2	D	passive	K2_COIL_LOW
Q_K2	IRL540NPBF	Package_TO_SOT_THT:TO-220-3_Vertical	COILS	3	S	passive	AUX_0V
R_KBG	1kR CRCW06031K00FKEA	Resistor_SMD:R_0603_1608Metric	COILS	1	1	passive	KB_BUF
R_KBG	1kR CRCW06031K00FKEA	Resistor_SMD:R_0603_1608Metric	COILS	2	2	passive	KB_GATE
R_KBGS	22kR CRCW060322K0FKEA	Resistor_SMD:R_0603_1608Metric	COILS	1	1	passive	KB_GATE
R_KBGS	22kR CRCW060322K0FKEA	Resistor_SMD:R_0603_1608Metric	COILS	2	2	passive	AUX_0V
Q_KB	IRL540NPBF	Package_TO_SOT_THT:TO-220-3_Vertical	COILS	1	G	input	KB_GATE
Q_KB	IRL540NPBF	Package_TO_SOT_THT:TO-220-3_Vertical	COILS	2	D	passive	KB_COIL_LOW
Q_KB	IRL540NPBF	Package_TO_SOT_THT:TO-220-3_Vertical	COILS	3	S	passive	AUX_0V
R_KTG	1kR CRCW06031K00FKEA	Resistor_SMD:R_0603_1608Metric	COILS	1	1	passive	KT_BUF
R_KTG	1kR CRCW06031K00FKEA	Resistor_SMD:R_0603_1608Metric	COILS	2	2	passive	KT_GATE
R_KTGS	22kR CRCW060322K0FKEA	Resistor_SMD:R_0603_1608Metric	COILS	1	1	passive	KT_GATE
R_KTGS	22kR CRCW060322K0FKEA	Resistor_SMD:R_0603_1608Metric	COILS	2	2	passive	AUX_0V
Q_KT	IRL540NPBF	Package_TO_SOT_THT:TO-220-3_Vertical	COILS	1	G	input	KT_GATE
Q_KT	IRL540NPBF	Package_TO_SOT_THT:TO-220-3_Vertical	COILS	2	D	passive	KT_COIL_LOW
Q_KT	IRL540NPBF	Package_TO_SOT_THT:TO-220-3_Vertical	COILS	3	S	passive	AUX_0V
U_BUF	SN74AHCT125PWR	Package_SO:TSSOP-14_4.4x5mm_P0.65mm	COILS	14	VCC	power_in	POD_5V
U_BUF	SN74AHCT125PWR	Package_SO:TSSOP-14_4.4x5mm_P0.65mm	COILS	7	GND	power_in	AUX_0V
U_BUF	SN74AHCT125PWR	Package_SO:TSSOP-14_4.4x5mm_P0.65mm	COILS	1	OE_N	input	AUX_0V
U_BUF	SN74AHCT125PWR	Package_SO:TSSOP-14_4.4x5mm_P0.65mm	COILS	2	A	input	CMD_K1
U_BUF	SN74AHCT125PWR	Package_SO:TSSOP-14_4.4x5mm_P0.65mm	COILS	4	OE_N	input	AUX_0V
U_BUF	SN74AHCT125PWR	Package_SO:TSSOP-14_4.4x5mm_P0.65mm	COILS	5	A	input	CMD_K2
U_BUF	SN74AHCT125PWR	Package_SO:TSSOP-14_4.4x5mm_P0.65mm	COILS	10	OE_N	input	AUX_0V
U_BUF	SN74AHCT125PWR	Package_SO:TSSOP-14_4.4x5mm_P0.65mm	COILS	9	A	input	KB_DRIVE
U_BUF	SN74AHCT125PWR	Package_SO:TSSOP-14_4.4x5mm_P0.65mm	COILS	13	OE_N	input	AUX_0V
U_BUF	SN74AHCT125PWR	Package_SO:TSSOP-14_4.4x5mm_P0.65mm	COILS	12	A	input	KT_DRIVE
U_BUF	SN74AHCT125PWR	Package_SO:TSSOP-14_4.4x5mm_P0.65mm	COILS	3	Y	output	K1_BUF
U_BUF	SN74AHCT125PWR	Package_SO:TSSOP-14_4.4x5mm_P0.65mm	COILS	6	Y	output	K2_BUF
U_BUF	SN74AHCT125PWR	Package_SO:TSSOP-14_4.4x5mm_P0.65mm	COILS	8	Y	output	KB_BUF
U_BUF	SN74AHCT125PWR	Package_SO:TSSOP-14_4.4x5mm_P0.65mm	COILS	11	Y	output	KT_BUF
C_BUF	100nF C0603C104K5RACAUTO	Capacitor_SMD:C_0603_1608Metric	COILS	1	1	passive	POD_5V
C_BUF	100nF C0603C104K5RACAUTO	Capacitor_SMD:C_0603_1608Metric	COILS	2	2	passive	AUX_0V
D_KT	1N4007-E3/54	Diode_THT:D_DO-41_SOD81_P10.16mm_Horizontal	COILS	1	K	passive	POD_24V_ACT
D_KT	1N4007-E3/54	Diode_THT:D_DO-41_SOD81_P10.16mm_Horizontal	COILS	2	A	passive	KT_COIL_LOW
R_K1FB	10kR CRCW060310K0FKEA	Resistor_SMD:R_0603_1608Metric	FEEDBACK	1	1	passive	K1_MIRROR_RAW
R_K1FB	10kR CRCW060310K0FKEA	Resistor_SMD:R_0603_1608Metric	FEEDBACK	2	2	passive	AUX_0V
R_K1FB_SER	1kR CRCW06031K00FKEA	Resistor_SMD:R_0603_1608Metric	FEEDBACK	1	1	passive	K1_MIRROR_RAW
R_K1FB_SER	1kR CRCW06031K00FKEA	Resistor_SMD:R_0603_1608Metric	FEEDBACK	2	2	passive	K1_MIRROR
R_K2FB	10kR CRCW060310K0FKEA	Resistor_SMD:R_0603_1608Metric	FEEDBACK	1	1	passive	K2_MIRROR_RAW
R_K2FB	10kR CRCW060310K0FKEA	Resistor_SMD:R_0603_1608Metric	FEEDBACK	2	2	passive	AUX_0V
R_K2FB_SER	1kR CRCW06031K00FKEA	Resistor_SMD:R_0603_1608Metric	FEEDBACK	1	1	passive	K2_MIRROR_RAW
R_K2FB_SER	1kR CRCW06031K00FKEA	Resistor_SMD:R_0603_1608Metric	FEEDBACK	2	2	passive	K2_MIRROR
R_KBFB	10kR CRCW060310K0FKEA	Resistor_SMD:R_0603_1608Metric	FEEDBACK	1	1	passive	KB_MIRROR_RAW
R_KBFB	10kR CRCW060310K0FKEA	Resistor_SMD:R_0603_1608Metric	FEEDBACK	2	2	passive	AUX_0V
R_KBFB_SER	1kR CRCW06031K00FKEA	Resistor_SMD:R_0603_1608Metric	FEEDBACK	1	1	passive	KB_MIRROR_RAW
R_KBFB_SER	1kR CRCW06031K00FKEA	Resistor_SMD:R_0603_1608Metric	FEEDBACK	2	2	passive	KB_MIRROR
JCTRL	20021121-00010T4LF Amphenol Minitek 2x5 keyed-cable-review	REVIEW_ONLY:Connector_mechanical_drawing_required	CONTROLLER	1	CTRL_3V3	power_out	CTRL_3V3
JCTRL	20021121-00010T4LF Amphenol Minitek 2x5 keyed-cable-review	REVIEW_ONLY:Connector_mechanical_drawing_required	CONTROLLER	2	CTRL_GND	power_out	CTRL_GND
JCTRL	20021121-00010T4LF Amphenol Minitek 2x5 keyed-cable-review	REVIEW_ONLY:Connector_mechanical_drawing_required	CONTROLLER	3	SUP_RUN_OK	passive	SUP_RUN_OK
JCTRL	20021121-00010T4LF Amphenol Minitek 2x5 keyed-cable-review	REVIEW_ONLY:Connector_mechanical_drawing_required	CONTROLLER	4	CTRL_PWM_REQUEST	passive	CTRL_PWM_REQUEST
JCTRL	20021121-00010T4LF Amphenol Minitek 2x5 keyed-cable-review	REVIEW_ONLY:Connector_mechanical_drawing_required	CONTROLLER	5	CTRL_HEARTBEAT	passive	CTRL_HEARTBEAT
JCTRL	20021121-00010T4LF Amphenol Minitek 2x5 keyed-cable-review	REVIEW_ONLY:Connector_mechanical_drawing_required	CONTROLLER	6	CTRL_FAULT_HIGH	passive	CTRL_FAULT_HIGH
JCTRL	20021121-00010T4LF Amphenol Minitek 2x5 keyed-cable-review	REVIEW_ONLY:Connector_mechanical_drawing_required	CONTROLLER	7	CTRL_TX	passive	CTRL_TX
JCTRL	20021121-00010T4LF Amphenol Minitek 2x5 keyed-cable-review	REVIEW_ONLY:Connector_mechanical_drawing_required	CONTROLLER	8	CTRL_RX	passive	CTRL_RX
JCTRL	20021121-00010T4LF Amphenol Minitek 2x5 keyed-cable-review	REVIEW_ONLY:Connector_mechanical_drawing_required	CONTROLLER	9	CTRL_RAIL_OK	passive	CTRL_RAIL_OK
JCTRL	20021121-00010T4LF Amphenol Minitek 2x5 keyed-cable-review	REVIEW_ONLY:Connector_mechanical_drawing_required	CONTROLLER	10	CTRL_INTERLOCK_OK	passive	CTRL_INTERLOCK_OK
U_ISO_RUN	ISO7710FDR	Package_SO:SOIC-8_3.9x4.9mm_P1.27mm	CONTROLLER	1	VCC1	power_in	POD_3V3
U_ISO_RUN	ISO7710FDR	Package_SO:SOIC-8_3.9x4.9mm_P1.27mm	CONTROLLER	2	IN	input	SUP_RUN_OK_LOCAL
U_ISO_RUN	ISO7710FDR	Package_SO:SOIC-8_3.9x4.9mm_P1.27mm	CONTROLLER	3	VCC1	power_in	POD_3V3
U_ISO_RUN	ISO7710FDR	Package_SO:SOIC-8_3.9x4.9mm_P1.27mm	CONTROLLER	4	GND1	power_in	AUX_0V
U_ISO_RUN	ISO7710FDR	Package_SO:SOIC-8_3.9x4.9mm_P1.27mm	CONTROLLER	5	GND2	power_in	CTRL_GND
U_ISO_RUN	ISO7710FDR	Package_SO:SOIC-8_3.9x4.9mm_P1.27mm	CONTROLLER	6	OUT	output	SUP_RUN_OK
U_ISO_RUN	ISO7710FDR	Package_SO:SOIC-8_3.9x4.9mm_P1.27mm	CONTROLLER	7	NC	no_connect	NC
U_ISO_RUN	ISO7710FDR	Package_SO:SOIC-8_3.9x4.9mm_P1.27mm	CONTROLLER	8	VCC2	power_in	CTRL_3V3
C_U_ISO_RUN1	100nF C0603C104K5RACAUTO	Capacitor_SMD:C_0603_1608Metric	CONTROLLER	1	1	passive	POD_3V3
C_U_ISO_RUN1	100nF C0603C104K5RACAUTO	Capacitor_SMD:C_0603_1608Metric	CONTROLLER	2	2	passive	AUX_0V
C_U_ISO_RUN2	100nF C0603C104K5RACAUTO	Capacitor_SMD:C_0603_1608Metric	CONTROLLER	1	1	passive	CTRL_3V3
C_U_ISO_RUN2	100nF C0603C104K5RACAUTO	Capacitor_SMD:C_0603_1608Metric	CONTROLLER	2	2	passive	CTRL_GND
R_U_ISO_RUNPD	10kR CRCW060310K0FKEA	Resistor_SMD:R_0603_1608Metric	CONTROLLER	1	1	passive	SUP_RUN_OK
R_U_ISO_RUNPD	10kR CRCW060310K0FKEA	Resistor_SMD:R_0603_1608Metric	CONTROLLER	2	2	passive	CTRL_GND
U_ISO_TX	ISO7710FDR	Package_SO:SOIC-8_3.9x4.9mm_P1.27mm	CONTROLLER	1	VCC1	power_in	POD_3V3
U_ISO_TX	ISO7710FDR	Package_SO:SOIC-8_3.9x4.9mm_P1.27mm	CONTROLLER	2	IN	input	MCU_UART_TX
U_ISO_TX	ISO7710FDR	Package_SO:SOIC-8_3.9x4.9mm_P1.27mm	CONTROLLER	3	VCC1	power_in	POD_3V3
U_ISO_TX	ISO7710FDR	Package_SO:SOIC-8_3.9x4.9mm_P1.27mm	CONTROLLER	4	GND1	power_in	AUX_0V
U_ISO_TX	ISO7710FDR	Package_SO:SOIC-8_3.9x4.9mm_P1.27mm	CONTROLLER	5	GND2	power_in	CTRL_GND
U_ISO_TX	ISO7710FDR	Package_SO:SOIC-8_3.9x4.9mm_P1.27mm	CONTROLLER	6	OUT	output	CTRL_RX
U_ISO_TX	ISO7710FDR	Package_SO:SOIC-8_3.9x4.9mm_P1.27mm	CONTROLLER	7	NC	no_connect	NC
U_ISO_TX	ISO7710FDR	Package_SO:SOIC-8_3.9x4.9mm_P1.27mm	CONTROLLER	8	VCC2	power_in	CTRL_3V3
C_U_ISO_TX1	100nF C0603C104K5RACAUTO	Capacitor_SMD:C_0603_1608Metric	CONTROLLER	1	1	passive	POD_3V3
C_U_ISO_TX1	100nF C0603C104K5RACAUTO	Capacitor_SMD:C_0603_1608Metric	CONTROLLER	2	2	passive	AUX_0V
C_U_ISO_TX2	100nF C0603C104K5RACAUTO	Capacitor_SMD:C_0603_1608Metric	CONTROLLER	1	1	passive	CTRL_3V3
C_U_ISO_TX2	100nF C0603C104K5RACAUTO	Capacitor_SMD:C_0603_1608Metric	CONTROLLER	2	2	passive	CTRL_GND
R_U_ISO_TXPD	10kR CRCW060310K0FKEA	Resistor_SMD:R_0603_1608Metric	CONTROLLER	1	1	passive	CTRL_RX
R_U_ISO_TXPD	10kR CRCW060310K0FKEA	Resistor_SMD:R_0603_1608Metric	CONTROLLER	2	2	passive	CTRL_GND
U_ISO_PWM	ISO7710FDR	Package_SO:SOIC-8_3.9x4.9mm_P1.27mm	CONTROLLER	1	VCC1	power_in	CTRL_3V3
U_ISO_PWM	ISO7710FDR	Package_SO:SOIC-8_3.9x4.9mm_P1.27mm	CONTROLLER	2	IN	input	CTRL_PWM_REQUEST
U_ISO_PWM	ISO7710FDR	Package_SO:SOIC-8_3.9x4.9mm_P1.27mm	CONTROLLER	3	VCC1	power_in	CTRL_3V3
U_ISO_PWM	ISO7710FDR	Package_SO:SOIC-8_3.9x4.9mm_P1.27mm	CONTROLLER	4	GND1	power_in	CTRL_GND
U_ISO_PWM	ISO7710FDR	Package_SO:SOIC-8_3.9x4.9mm_P1.27mm	CONTROLLER	5	GND2	power_in	AUX_0V
U_ISO_PWM	ISO7710FDR	Package_SO:SOIC-8_3.9x4.9mm_P1.27mm	CONTROLLER	6	OUT	output	CTRL_PWM_REQUEST_LOCAL
U_ISO_PWM	ISO7710FDR	Package_SO:SOIC-8_3.9x4.9mm_P1.27mm	CONTROLLER	7	NC	no_connect	NC
U_ISO_PWM	ISO7710FDR	Package_SO:SOIC-8_3.9x4.9mm_P1.27mm	CONTROLLER	8	VCC2	power_in	POD_3V3
C_U_ISO_PWM1	100nF C0603C104K5RACAUTO	Capacitor_SMD:C_0603_1608Metric	CONTROLLER	1	1	passive	CTRL_3V3
C_U_ISO_PWM1	100nF C0603C104K5RACAUTO	Capacitor_SMD:C_0603_1608Metric	CONTROLLER	2	2	passive	CTRL_GND
C_U_ISO_PWM2	100nF C0603C104K5RACAUTO	Capacitor_SMD:C_0603_1608Metric	CONTROLLER	1	1	passive	POD_3V3
C_U_ISO_PWM2	100nF C0603C104K5RACAUTO	Capacitor_SMD:C_0603_1608Metric	CONTROLLER	2	2	passive	AUX_0V
R_U_ISO_PWMPD	10kR CRCW060310K0FKEA	Resistor_SMD:R_0603_1608Metric	CONTROLLER	1	1	passive	CTRL_PWM_REQUEST_LOCAL
R_U_ISO_PWMPD	10kR CRCW060310K0FKEA	Resistor_SMD:R_0603_1608Metric	CONTROLLER	2	2	passive	AUX_0V
U_ISO_HB	ISO7710FDR	Package_SO:SOIC-8_3.9x4.9mm_P1.27mm	CONTROLLER	1	VCC1	power_in	CTRL_3V3
U_ISO_HB	ISO7710FDR	Package_SO:SOIC-8_3.9x4.9mm_P1.27mm	CONTROLLER	2	IN	input	CTRL_HEARTBEAT
U_ISO_HB	ISO7710FDR	Package_SO:SOIC-8_3.9x4.9mm_P1.27mm	CONTROLLER	3	VCC1	power_in	CTRL_3V3
U_ISO_HB	ISO7710FDR	Package_SO:SOIC-8_3.9x4.9mm_P1.27mm	CONTROLLER	4	GND1	power_in	CTRL_GND
U_ISO_HB	ISO7710FDR	Package_SO:SOIC-8_3.9x4.9mm_P1.27mm	CONTROLLER	5	GND2	power_in	AUX_0V
U_ISO_HB	ISO7710FDR	Package_SO:SOIC-8_3.9x4.9mm_P1.27mm	CONTROLLER	6	OUT	output	CTRL_HEARTBEAT_LOCAL
U_ISO_HB	ISO7710FDR	Package_SO:SOIC-8_3.9x4.9mm_P1.27mm	CONTROLLER	7	NC	no_connect	NC
U_ISO_HB	ISO7710FDR	Package_SO:SOIC-8_3.9x4.9mm_P1.27mm	CONTROLLER	8	VCC2	power_in	POD_3V3
C_U_ISO_HB1	100nF C0603C104K5RACAUTO	Capacitor_SMD:C_0603_1608Metric	CONTROLLER	1	1	passive	CTRL_3V3
C_U_ISO_HB1	100nF C0603C104K5RACAUTO	Capacitor_SMD:C_0603_1608Metric	CONTROLLER	2	2	passive	CTRL_GND
C_U_ISO_HB2	100nF C0603C104K5RACAUTO	Capacitor_SMD:C_0603_1608Metric	CONTROLLER	1	1	passive	POD_3V3
C_U_ISO_HB2	100nF C0603C104K5RACAUTO	Capacitor_SMD:C_0603_1608Metric	CONTROLLER	2	2	passive	AUX_0V
R_U_ISO_HBPD	10kR CRCW060310K0FKEA	Resistor_SMD:R_0603_1608Metric	CONTROLLER	1	1	passive	CTRL_HEARTBEAT_LOCAL
R_U_ISO_HBPD	10kR CRCW060310K0FKEA	Resistor_SMD:R_0603_1608Metric	CONTROLLER	2	2	passive	AUX_0V
U_ISO_FAULT	ISO7710DR	Package_SO:SOIC-8_3.9x4.9mm_P1.27mm	CONTROLLER	1	VCC1	power_in	CTRL_3V3
U_ISO_FAULT	ISO7710DR	Package_SO:SOIC-8_3.9x4.9mm_P1.27mm	CONTROLLER	2	IN	input	CTRL_FAULT_HIGH
U_ISO_FAULT	ISO7710DR	Package_SO:SOIC-8_3.9x4.9mm_P1.27mm	CONTROLLER	3	VCC1	power_in	CTRL_3V3
U_ISO_FAULT	ISO7710DR	Package_SO:SOIC-8_3.9x4.9mm_P1.27mm	CONTROLLER	4	GND1	power_in	CTRL_GND
U_ISO_FAULT	ISO7710DR	Package_SO:SOIC-8_3.9x4.9mm_P1.27mm	CONTROLLER	5	GND2	power_in	AUX_0V
U_ISO_FAULT	ISO7710DR	Package_SO:SOIC-8_3.9x4.9mm_P1.27mm	CONTROLLER	6	OUT	output	CTRL_FAULT_LOCAL
U_ISO_FAULT	ISO7710DR	Package_SO:SOIC-8_3.9x4.9mm_P1.27mm	CONTROLLER	7	NC	no_connect	NC
U_ISO_FAULT	ISO7710DR	Package_SO:SOIC-8_3.9x4.9mm_P1.27mm	CONTROLLER	8	VCC2	power_in	POD_3V3
C_U_ISO_FAULT1	100nF C0603C104K5RACAUTO	Capacitor_SMD:C_0603_1608Metric	CONTROLLER	1	1	passive	CTRL_3V3
C_U_ISO_FAULT1	100nF C0603C104K5RACAUTO	Capacitor_SMD:C_0603_1608Metric	CONTROLLER	2	2	passive	CTRL_GND
C_U_ISO_FAULT2	100nF C0603C104K5RACAUTO	Capacitor_SMD:C_0603_1608Metric	CONTROLLER	1	1	passive	POD_3V3
C_U_ISO_FAULT2	100nF C0603C104K5RACAUTO	Capacitor_SMD:C_0603_1608Metric	CONTROLLER	2	2	passive	AUX_0V
R_U_ISO_FAULTPD	10kR CRCW060310K0FKEA	Resistor_SMD:R_0603_1608Metric	CONTROLLER	1	1	passive	CTRL_FAULT_LOCAL
R_U_ISO_FAULTPD	10kR CRCW060310K0FKEA	Resistor_SMD:R_0603_1608Metric	CONTROLLER	2	2	passive	AUX_0V
U_ISO_RX	ISO7710FDR	Package_SO:SOIC-8_3.9x4.9mm_P1.27mm	CONTROLLER	1	VCC1	power_in	CTRL_3V3
U_ISO_RX	ISO7710FDR	Package_SO:SOIC-8_3.9x4.9mm_P1.27mm	CONTROLLER	2	IN	input	CTRL_TX
U_ISO_RX	ISO7710FDR	Package_SO:SOIC-8_3.9x4.9mm_P1.27mm	CONTROLLER	3	VCC1	power_in	CTRL_3V3
U_ISO_RX	ISO7710FDR	Package_SO:SOIC-8_3.9x4.9mm_P1.27mm	CONTROLLER	4	GND1	power_in	CTRL_GND
U_ISO_RX	ISO7710FDR	Package_SO:SOIC-8_3.9x4.9mm_P1.27mm	CONTROLLER	5	GND2	power_in	AUX_0V
U_ISO_RX	ISO7710FDR	Package_SO:SOIC-8_3.9x4.9mm_P1.27mm	CONTROLLER	6	OUT	output	MCU_UART_RX
U_ISO_RX	ISO7710FDR	Package_SO:SOIC-8_3.9x4.9mm_P1.27mm	CONTROLLER	7	NC	no_connect	NC
U_ISO_RX	ISO7710FDR	Package_SO:SOIC-8_3.9x4.9mm_P1.27mm	CONTROLLER	8	VCC2	power_in	POD_3V3
C_U_ISO_RX1	100nF C0603C104K5RACAUTO	Capacitor_SMD:C_0603_1608Metric	CONTROLLER	1	1	passive	CTRL_3V3
C_U_ISO_RX1	100nF C0603C104K5RACAUTO	Capacitor_SMD:C_0603_1608Metric	CONTROLLER	2	2	passive	CTRL_GND
C_U_ISO_RX2	100nF C0603C104K5RACAUTO	Capacitor_SMD:C_0603_1608Metric	CONTROLLER	1	1	passive	POD_3V3
C_U_ISO_RX2	100nF C0603C104K5RACAUTO	Capacitor_SMD:C_0603_1608Metric	CONTROLLER	2	2	passive	AUX_0V
R_U_ISO_RXPD	10kR CRCW060310K0FKEA	Resistor_SMD:R_0603_1608Metric	CONTROLLER	1	1	passive	MCU_UART_RX
R_U_ISO_RXPD	10kR CRCW060310K0FKEA	Resistor_SMD:R_0603_1608Metric	CONTROLLER	2	2	passive	AUX_0V
U_ISO_RAIL	ISO7710FDR	Package_SO:SOIC-8_3.9x4.9mm_P1.27mm	CONTROLLER	1	VCC1	power_in	CTRL_3V3
U_ISO_RAIL	ISO7710FDR	Package_SO:SOIC-8_3.9x4.9mm_P1.27mm	CONTROLLER	2	IN	input	CTRL_RAIL_OK
U_ISO_RAIL	ISO7710FDR	Package_SO:SOIC-8_3.9x4.9mm_P1.27mm	CONTROLLER	3	VCC1	power_in	CTRL_3V3
U_ISO_RAIL	ISO7710FDR	Package_SO:SOIC-8_3.9x4.9mm_P1.27mm	CONTROLLER	4	GND1	power_in	CTRL_GND
U_ISO_RAIL	ISO7710FDR	Package_SO:SOIC-8_3.9x4.9mm_P1.27mm	CONTROLLER	5	GND2	power_in	AUX_0V
U_ISO_RAIL	ISO7710FDR	Package_SO:SOIC-8_3.9x4.9mm_P1.27mm	CONTROLLER	6	OUT	output	CTRL_RAIL_OK_LOCAL
U_ISO_RAIL	ISO7710FDR	Package_SO:SOIC-8_3.9x4.9mm_P1.27mm	CONTROLLER	7	NC	no_connect	NC
U_ISO_RAIL	ISO7710FDR	Package_SO:SOIC-8_3.9x4.9mm_P1.27mm	CONTROLLER	8	VCC2	power_in	POD_3V3
C_U_ISO_RAIL1	100nF C0603C104K5RACAUTO	Capacitor_SMD:C_0603_1608Metric	CONTROLLER	1	1	passive	CTRL_3V3
C_U_ISO_RAIL1	100nF C0603C104K5RACAUTO	Capacitor_SMD:C_0603_1608Metric	CONTROLLER	2	2	passive	CTRL_GND
C_U_ISO_RAIL2	100nF C0603C104K5RACAUTO	Capacitor_SMD:C_0603_1608Metric	CONTROLLER	1	1	passive	POD_3V3
C_U_ISO_RAIL2	100nF C0603C104K5RACAUTO	Capacitor_SMD:C_0603_1608Metric	CONTROLLER	2	2	passive	AUX_0V
R_U_ISO_RAILPD	10kR CRCW060310K0FKEA	Resistor_SMD:R_0603_1608Metric	CONTROLLER	1	1	passive	CTRL_RAIL_OK_LOCAL
R_U_ISO_RAILPD	10kR CRCW060310K0FKEA	Resistor_SMD:R_0603_1608Metric	CONTROLLER	2	2	passive	AUX_0V
U_ISO_IL	ISO7710FDR	Package_SO:SOIC-8_3.9x4.9mm_P1.27mm	CONTROLLER	1	VCC1	power_in	CTRL_3V3
U_ISO_IL	ISO7710FDR	Package_SO:SOIC-8_3.9x4.9mm_P1.27mm	CONTROLLER	2	IN	input	CTRL_INTERLOCK_OK
U_ISO_IL	ISO7710FDR	Package_SO:SOIC-8_3.9x4.9mm_P1.27mm	CONTROLLER	3	VCC1	power_in	CTRL_3V3
U_ISO_IL	ISO7710FDR	Package_SO:SOIC-8_3.9x4.9mm_P1.27mm	CONTROLLER	4	GND1	power_in	CTRL_GND
U_ISO_IL	ISO7710FDR	Package_SO:SOIC-8_3.9x4.9mm_P1.27mm	CONTROLLER	5	GND2	power_in	AUX_0V
U_ISO_IL	ISO7710FDR	Package_SO:SOIC-8_3.9x4.9mm_P1.27mm	CONTROLLER	6	OUT	output	CTRL_INTERLOCK_OK_LOCAL
U_ISO_IL	ISO7710FDR	Package_SO:SOIC-8_3.9x4.9mm_P1.27mm	CONTROLLER	7	NC	no_connect	NC
U_ISO_IL	ISO7710FDR	Package_SO:SOIC-8_3.9x4.9mm_P1.27mm	CONTROLLER	8	VCC2	power_in	POD_3V3
C_U_ISO_IL1	100nF C0603C104K5RACAUTO	Capacitor_SMD:C_0603_1608Metric	CONTROLLER	1	1	passive	CTRL_3V3
C_U_ISO_IL1	100nF C0603C104K5RACAUTO	Capacitor_SMD:C_0603_1608Metric	CONTROLLER	2	2	passive	CTRL_GND
C_U_ISO_IL2	100nF C0603C104K5RACAUTO	Capacitor_SMD:C_0603_1608Metric	CONTROLLER	1	1	passive	POD_3V3
C_U_ISO_IL2	100nF C0603C104K5RACAUTO	Capacitor_SMD:C_0603_1608Metric	CONTROLLER	2	2	passive	AUX_0V
R_U_ISO_ILPD	10kR CRCW060310K0FKEA	Resistor_SMD:R_0603_1608Metric	CONTROLLER	1	1	passive	CTRL_INTERLOCK_OK_LOCAL
R_U_ISO_ILPD	10kR CRCW060310K0FKEA	Resistor_SMD:R_0603_1608Metric	CONTROLLER	2	2	passive	AUX_0V
U_NFAULT	SN74LVC1G04DBVR	Package_TO_SOT_SMD:SOT-23-5	CONTROLLER	1	NC	no_connect	NC
U_NFAULT	SN74LVC1G04DBVR	Package_TO_SOT_SMD:SOT-23-5	CONTROLLER	2	A	input	CTRL_FAULT_LOCAL
U_NFAULT	SN74LVC1G04DBVR	Package_TO_SOT_SMD:SOT-23-5	CONTROLLER	3	GND	power_in	AUX_0V
U_NFAULT	SN74LVC1G04DBVR	Package_TO_SOT_SMD:SOT-23-5	CONTROLLER	4	Y	output	NATIVE_FAULT_N
U_NFAULT	SN74LVC1G04DBVR	Package_TO_SOT_SMD:SOT-23-5	CONTROLLER	5	VCC	power_in	POD_3V3
C_U_NFAULT	100nF C0603C104K5RACAUTO	Capacitor_SMD:C_0603_1608Metric	CONTROLLER	1	1	passive	POD_3V3
C_U_NFAULT	100nF C0603C104K5RACAUTO	Capacitor_SMD:C_0603_1608Metric	CONTROLLER	2	2	passive	AUX_0V
R_NATIVE_PULLUP	10kR CRCW060310K0FKEA	Resistor_SMD:R_0603_1608Metric	CONTROLLER	1	1	passive	CTRL_FAULT_HIGH
R_NATIVE_PULLUP	10kR CRCW060310K0FKEA	Resistor_SMD:R_0603_1608Metric	CONTROLLER	2	2	passive	CTRL_3V3
U_ISO_PERMIT	ISO7710FDR	Package_SO:SOIC-8_3.9x4.9mm_P1.27mm	CONTROLLER	1	VCC1	power_in	POD_3V3
U_ISO_PERMIT	ISO7710FDR	Package_SO:SOIC-8_3.9x4.9mm_P1.27mm	CONTROLLER	2	IN	input	PERMIT_LOCAL
U_ISO_PERMIT	ISO7710FDR	Package_SO:SOIC-8_3.9x4.9mm_P1.27mm	CONTROLLER	3	VCC1	power_in	POD_3V3
U_ISO_PERMIT	ISO7710FDR	Package_SO:SOIC-8_3.9x4.9mm_P1.27mm	CONTROLLER	4	GND1	power_in	AUX_0V
U_ISO_PERMIT	ISO7710FDR	Package_SO:SOIC-8_3.9x4.9mm_P1.27mm	CONTROLLER	5	GND2	power_in	CTRL_GND
U_ISO_PERMIT	ISO7710FDR	Package_SO:SOIC-8_3.9x4.9mm_P1.27mm	CONTROLLER	6	OUT	output	NATIVE_PERMIT
U_ISO_PERMIT	ISO7710FDR	Package_SO:SOIC-8_3.9x4.9mm_P1.27mm	CONTROLLER	7	NC	no_connect	NC
U_ISO_PERMIT	ISO7710FDR	Package_SO:SOIC-8_3.9x4.9mm_P1.27mm	CONTROLLER	8	VCC2	power_in	CTRL_3V3
C_U_ISO_PERMIT1	100nF C0603C104K5RACAUTO	Capacitor_SMD:C_0603_1608Metric	CONTROLLER	1	1	passive	POD_3V3
C_U_ISO_PERMIT1	100nF C0603C104K5RACAUTO	Capacitor_SMD:C_0603_1608Metric	CONTROLLER	2	2	passive	AUX_0V
C_U_ISO_PERMIT2	100nF C0603C104K5RACAUTO	Capacitor_SMD:C_0603_1608Metric	CONTROLLER	1	1	passive	CTRL_3V3
C_U_ISO_PERMIT2	100nF C0603C104K5RACAUTO	Capacitor_SMD:C_0603_1608Metric	CONTROLLER	2	2	passive	CTRL_GND
R_CTRL_PWM_REQUEST_PD	10kR CRCW060310K0FKEA	Resistor_SMD:R_0603_1608Metric	CONTROLLER	1	1	passive	CTRL_PWM_REQUEST
R_CTRL_PWM_REQUEST_PD	10kR CRCW060310K0FKEA	Resistor_SMD:R_0603_1608Metric	CONTROLLER	2	2	passive	CTRL_GND
R_CTRL_HEARTBEAT_PD	10kR CRCW060310K0FKEA	Resistor_SMD:R_0603_1608Metric	CONTROLLER	1	1	passive	CTRL_HEARTBEAT
R_CTRL_HEARTBEAT_PD	10kR CRCW060310K0FKEA	Resistor_SMD:R_0603_1608Metric	CONTROLLER	2	2	passive	CTRL_GND
R_CTRL_RAIL_OK_PD	10kR CRCW060310K0FKEA	Resistor_SMD:R_0603_1608Metric	CONTROLLER	1	1	passive	CTRL_RAIL_OK
R_CTRL_RAIL_OK_PD	10kR CRCW060310K0FKEA	Resistor_SMD:R_0603_1608Metric	CONTROLLER	2	2	passive	CTRL_GND
R_CTRL_INTERLOCK_OK_PD	10kR CRCW060310K0FKEA	Resistor_SMD:R_0603_1608Metric	CONTROLLER	1	1	passive	CTRL_INTERLOCK_OK
R_CTRL_INTERLOCK_OK_PD	10kR CRCW060310K0FKEA	Resistor_SMD:R_0603_1608Metric	CONTROLLER	2	2	passive	CTRL_GND
R_CTRL_TX_PD	10kR CRCW060310K0FKEA	Resistor_SMD:R_0603_1608Metric	CONTROLLER	1	1	passive	CTRL_TX
R_CTRL_TX_PD	10kR CRCW060310K0FKEA	Resistor_SMD:R_0603_1608Metric	CONTROLLER	2	2	passive	CTRL_GND
J_PERMIT	EXTERNAL_J4_9_INLINE_INTERCEPT	REVIEW_ONLY:Connector_mechanical_drawing_required	CONTROLLER	1	NATIVE_PERMIT	passive	NATIVE_PERMIT
J_PERMIT	EXTERNAL_J4_9_INLINE_INTERCEPT	REVIEW_ONLY:Connector_mechanical_drawing_required	CONTROLLER	2	CTRL_GND	passive	CTRL_GND
R_PERMIT_PD	10kR CRCW060310K0FKEA	Resistor_SMD:R_0603_1608Metric	CONTROLLER	1	1	passive	NATIVE_PERMIT
R_PERMIT_PD	10kR CRCW060310K0FKEA	Resistor_SMD:R_0603_1608Metric	CONTROLLER	2	2	passive	CTRL_GND
U_MCU	STM32G071RBT6	Package_QFP:LQFP-64_10x10mm_P0.5mm	MCU	1	PC11	bidirectional	CTRL_RAIL_OK_LOCAL
U_MCU	STM32G071RBT6	Package_QFP:LQFP-64_10x10mm_P0.5mm	MCU	2	PC12	bidirectional	CTRL_FAULT_LOCAL
U_MCU	STM32G071RBT6	Package_QFP:LQFP-64_10x10mm_P0.5mm	MCU	3	PC13	bidirectional	NC
U_MCU	STM32G071RBT6	Package_QFP:LQFP-64_10x10mm_P0.5mm	MCU	4	PC14	bidirectional	NC
U_MCU	STM32G071RBT6	Package_QFP:LQFP-64_10x10mm_P0.5mm	MCU	5	PC15	bidirectional	NC
U_MCU	STM32G071RBT6	Package_QFP:LQFP-64_10x10mm_P0.5mm	MCU	6	VBAT	power_in	POD_3V3
U_MCU	STM32G071RBT6	Package_QFP:LQFP-64_10x10mm_P0.5mm	MCU	7	VREF+	power_in	POD_3V3
U_MCU	STM32G071RBT6	Package_QFP:LQFP-64_10x10mm_P0.5mm	MCU	8	VDD	power_in	POD_3V3
U_MCU	STM32G071RBT6	Package_QFP:LQFP-64_10x10mm_P0.5mm	MCU	9	VSS	power_in	AUX_0V
U_MCU	STM32G071RBT6	Package_QFP:LQFP-64_10x10mm_P0.5mm	MCU	10	NRST	bidirectional	WD_RESET_N
U_MCU	STM32G071RBT6	Package_QFP:LQFP-64_10x10mm_P0.5mm	MCU	11	PF0	bidirectional	NC
U_MCU	STM32G071RBT6	Package_QFP:LQFP-64_10x10mm_P0.5mm	MCU	12	PF1	bidirectional	NC
U_MCU	STM32G071RBT6	Package_QFP:LQFP-64_10x10mm_P0.5mm	MCU	13	PC0	bidirectional	POD_START
U_MCU	STM32G071RBT6	Package_QFP:LQFP-64_10x10mm_P0.5mm	MCU	14	PC1	bidirectional	POD_RESET
U_MCU	STM32G071RBT6	Package_QFP:LQFP-64_10x10mm_P0.5mm	MCU	15	PC2	bidirectional	POD_STOP
U_MCU	STM32G071RBT6	Package_QFP:LQFP-64_10x10mm_P0.5mm	MCU	16	PC3	bidirectional	MCU_WDI
U_MCU	STM32G071RBT6	Package_QFP:LQFP-64_10x10mm_P0.5mm	MCU	17	PA0	bidirectional	ADC_DRDY_N
U_MCU	STM32G071RBT6	Package_QFP:LQFP-64_10x10mm_P0.5mm	MCU	18	PA1	bidirectional	ADC_RESET_N
U_MCU	STM32G071RBT6	Package_QFP:LQFP-64_10x10mm_P0.5mm	MCU	19	PA2	bidirectional	RP1_TEMP_ADC
U_MCU	STM32G071RBT6	Package_QFP:LQFP-64_10x10mm_P0.5mm	MCU	20	PA3	bidirectional	RP2_TEMP_ADC
U_MCU	STM32G071RBT6	Package_QFP:LQFP-64_10x10mm_P0.5mm	MCU	21	PA4	bidirectional	ADC_CS_N
U_MCU	STM32G071RBT6	Package_QFP:LQFP-64_10x10mm_P0.5mm	MCU	22	PA5	bidirectional	ADC_SCLK
U_MCU	STM32G071RBT6	Package_QFP:LQFP-64_10x10mm_P0.5mm	MCU	23	PA6	bidirectional	ADC_DOUT
U_MCU	STM32G071RBT6	Package_QFP:LQFP-64_10x10mm_P0.5mm	MCU	24	PA7	bidirectional	ADC_DIN
U_MCU	STM32G071RBT6	Package_QFP:LQFP-64_10x10mm_P0.5mm	MCU	25	PC4	bidirectional	CMD_K1
U_MCU	STM32G071RBT6	Package_QFP:LQFP-64_10x10mm_P0.5mm	MCU	26	PC5	bidirectional	CMD_K2
U_MCU	STM32G071RBT6	Package_QFP:LQFP-64_10x10mm_P0.5mm	MCU	27	PB0	bidirectional	CMD_KB
U_MCU	STM32G071RBT6	Package_QFP:LQFP-64_10x10mm_P0.5mm	MCU	28	PB1	bidirectional	CMD_KT
U_MCU	STM32G071RBT6	Package_QFP:LQFP-64_10x10mm_P0.5mm	MCU	29	PB2	bidirectional	MCU_HEALTHY
U_MCU	STM32G071RBT6	Package_QFP:LQFP-64_10x10mm_P0.5mm	MCU	30	PB10	bidirectional	MCU_POST_OK
U_MCU	STM32G071RBT6	Package_QFP:LQFP-64_10x10mm_P0.5mm	MCU	31	PB11	bidirectional	MCU_RESET_OK
U_MCU	STM32G071RBT6	Package_QFP:LQFP-64_10x10mm_P0.5mm	MCU	32	PB12	bidirectional	MCU_PRECHARGE_DONE
U_MCU	STM32G071RBT6	Package_QFP:LQFP-64_10x10mm_P0.5mm	MCU	33	PB13	bidirectional	MCU_BYPASS_PROVEN
U_MCU	STM32G071RBT6	Package_QFP:LQFP-64_10x10mm_P0.5mm	MCU	34	PB14	bidirectional	MCU_RUN
U_MCU	STM32G071RBT6	Package_QFP:LQFP-64_10x10mm_P0.5mm	MCU	35	PB15	bidirectional	MCU_STOP_DONE
U_MCU	STM32G071RBT6	Package_QFP:LQFP-64_10x10mm_P0.5mm	MCU	36	PA8	bidirectional	ADC_CLKIN
U_MCU	STM32G071RBT6	Package_QFP:LQFP-64_10x10mm_P0.5mm	MCU	37	PA9	bidirectional	MCU_UART_TX
U_MCU	STM32G071RBT6	Package_QFP:LQFP-64_10x10mm_P0.5mm	MCU	38	PC6	bidirectional	START_RELEASED
U_MCU	STM32G071RBT6	Package_QFP:LQFP-64_10x10mm_P0.5mm	MCU	39	PC7	bidirectional	K1_MIRROR
U_MCU	STM32G071RBT6	Package_QFP:LQFP-64_10x10mm_P0.5mm	MCU	40	PD8	bidirectional	NC
U_MCU	STM32G071RBT6	Package_QFP:LQFP-64_10x10mm_P0.5mm	MCU	41	PD9	bidirectional	NC
U_MCU	STM32G071RBT6	Package_QFP:LQFP-64_10x10mm_P0.5mm	MCU	42	PA10	bidirectional	MCU_UART_RX
U_MCU	STM32G071RBT6	Package_QFP:LQFP-64_10x10mm_P0.5mm	MCU	43	PA11	bidirectional	CTRL_INTERLOCK_OK_LOCAL
U_MCU	STM32G071RBT6	Package_QFP:LQFP-64_10x10mm_P0.5mm	MCU	44	PA12	bidirectional	NC
U_MCU	STM32G071RBT6	Package_QFP:LQFP-64_10x10mm_P0.5mm	MCU	45	PA13	bidirectional	SWDIO
U_MCU	STM32G071RBT6	Package_QFP:LQFP-64_10x10mm_P0.5mm	MCU	46	PA14	bidirectional	SWCLK
U_MCU	STM32G071RBT6	Package_QFP:LQFP-64_10x10mm_P0.5mm	MCU	47	PA15	bidirectional	NC
U_MCU	STM32G071RBT6	Package_QFP:LQFP-64_10x10mm_P0.5mm	MCU	48	PC8	bidirectional	K2_MIRROR
U_MCU	STM32G071RBT6	Package_QFP:LQFP-64_10x10mm_P0.5mm	MCU	49	PC9	bidirectional	KB_MIRROR
U_MCU	STM32G071RBT6	Package_QFP:LQFP-64_10x10mm_P0.5mm	MCU	50	PD0	bidirectional	K1_FB_EXC
U_MCU	STM32G071RBT6	Package_QFP:LQFP-64_10x10mm_P0.5mm	MCU	51	PD1	bidirectional	K2_FB_EXC
U_MCU	STM32G071RBT6	Package_QFP:LQFP-64_10x10mm_P0.5mm	MCU	52	PD2	bidirectional	KB_FB_EXC
U_MCU	STM32G071RBT6	Package_QFP:LQFP-64_10x10mm_P0.5mm	MCU	53	PD3	bidirectional	CTRL_HEARTBEAT_LOCAL
U_MCU	STM32G071RBT6	Package_QFP:LQFP-64_10x10mm_P0.5mm	MCU	54	PD4	bidirectional	CTRL_HEARTBEAT_OK
U_MCU	STM32G071RBT6	Package_QFP:LQFP-64_10x10mm_P0.5mm	MCU	55	PD5	bidirectional	K1_ST_N
U_MCU	STM32G071RBT6	Package_QFP:LQFP-64_10x10mm_P0.5mm	MCU	56	PD6	bidirectional	K2_ST_N
U_MCU	STM32G071RBT6	Package_QFP:LQFP-64_10x10mm_P0.5mm	MCU	57	PB3	bidirectional	LATCH_OK
U_MCU	STM32G071RBT6	Package_QFP:LQFP-64_10x10mm_P0.5mm	MCU	58	PB4	bidirectional	ATTEMPT
U_MCU	STM32G071RBT6	Package_QFP:LQFP-64_10x10mm_P0.5mm	MCU	59	PB5	bidirectional	BYPASS_PROVEN
U_MCU	STM32G071RBT6	Package_QFP:LQFP-64_10x10mm_P0.5mm	MCU	60	PB6	bidirectional	TOTAL_WINDOW
U_MCU	STM32G071RBT6	Package_QFP:LQFP-64_10x10mm_P0.5mm	MCU	61	PB7	bidirectional	START_WINDOW
U_MCU	STM32G071RBT6	Package_QFP:LQFP-64_10x10mm_P0.5mm	MCU	62	PB8	bidirectional	PROOF_WINDOW
U_MCU	STM32G071RBT6	Package_QFP:LQFP-64_10x10mm_P0.5mm	MCU	63	PB9	bidirectional	BASIC_HEALTHY
U_MCU	STM32G071RBT6	Package_QFP:LQFP-64_10x10mm_P0.5mm	MCU	64	PC10	bidirectional	CTRL_PWM_REQUEST_LOCAL
C_MCU	100nF C0603C104K5RACAUTO	Capacitor_SMD:C_0603_1608Metric	MCU	1	1	passive	POD_3V3
C_MCU	100nF C0603C104K5RACAUTO	Capacitor_SMD:C_0603_1608Metric	MCU	2	2	passive	AUX_0V
C_MCUBULK	4.7uF C2012X7R1E475K125AB	Capacitor_SMD:C_0805_2012Metric	MCU	1	1	passive	POD_3V3
C_MCUBULK	4.7uF C2012X7R1E475K125AB	Capacitor_SMD:C_0805_2012Metric	MCU	2	2	passive	AUX_0V
J_SWD	20021121-00006T4LF	REVIEW_ONLY:Connector_mechanical_drawing_required	MCU	1	POD_3V3	passive	POD_3V3
J_SWD	20021121-00006T4LF	REVIEW_ONLY:Connector_mechanical_drawing_required	MCU	2	SWDIO	passive	SWDIO
J_SWD	20021121-00006T4LF	REVIEW_ONLY:Connector_mechanical_drawing_required	MCU	3	AUX_0V	passive	AUX_0V
J_SWD	20021121-00006T4LF	REVIEW_ONLY:Connector_mechanical_drawing_required	MCU	4	SWCLK	passive	SWCLK
J_SWD	20021121-00006T4LF	REVIEW_ONLY:Connector_mechanical_drawing_required	MCU	5	WD_RESET_N	passive	WD_RESET_N
J_SWD	20021121-00006T4LF	REVIEW_ONLY:Connector_mechanical_drawing_required	MCU	6	NC	passive	NC
