role	group_id	source_row	time	v(acsrc)	v(acn)	i(Vac)	v(load)	v(vb)	i(Lboost)	v(vd)	v(sw)	v(gate)	v(q)	v(en)	v(fault)	v(vcomp)	v(icomp)
LEFT	1	22307583	5.01895756088211464e-1	9.89969244088755431e1	-1.10230377200856822e0	-1.03763869279502146e1	3.69370032394304474e2	3.69417926449750610e2	1.03763763227366805e1	3.69578785478240661e2	3.70909467495308945e2	-8.81481127340997284e-6	5.00000000000000000e0	4.99999999999999467e0	0.00000000000000000e0	3.44903349447255847e0	3.68450592861403869e0
GROUP	1	22307584	5.01895756088211575e-1	9.89969244077633448e1	-1.10230377312403505e0	-1.03763870362676549e1	3.69370032394304701e2	3.69417926449750837e2	1.03763763226306978e1	3.69578785478239524e2	3.70909467495306387e2	-8.81481129388412798e-6	5.00000000000000000e0	4.99999999999999467e0	0.00000000000000000e0	3.44903349447255891e0	3.68450592861356618e0
GROUP	1	22307585	5.01895756088211575e-1	9.89969244078436219e1	-1.10230377304375793e0	-1.03763869883914310e1	3.69370032394304815e2	3.69417926449750951e2	1.03763763225736199e1	3.69578785478238899e2	3.70909467495304966e2	-8.81481130375839254e-6	5.00000000000000000e0	4.99999999999999467e0	0.00000000000000000e0	3.44903349447255980e0	3.68450592861331172e0
GROUP	1	22307586	5.01895756088211575e-1	9.89969244085462918e1	-1.10230377234108801e0	-1.03763869376752798e1	3.69370032394304928e2	3.69417926449751064e2	1.03763763225022334e1	3.69578785478237990e2	3.70909467495303261e2	-8.81481131527150322e-6	5.00000000000000000e0	4.99999999999999467e0	0.00000000000000000e0	3.44903349447256069e0	3.68450592861299420e0
RIGHT	1	22307587	5.01895756088211686e-1	9.89969244060278726e1	-1.10230377486607267e0	-1.03763869775512916e1	3.69370032394305326e2	3.69417926449751462e2	1.03763763223594605e1	3.69578785478236227e2	3.70909467495299680e2	-8.81481134242570916e-6	5.00000000000000000e0	4.99999999999999467e0	0.00000000000000000e0	3.44903349447256202e0	3.68450592861235693e0
LEFT	2	22307982	5.01903512379013539e-1	9.93321893549230310e1	-1.10393186550906819e0	-1.04450054581487262e1	3.69368552412190240e2	3.69416446275735723e2	1.04449948554756151e1	3.69578334839866216e2	3.70909941714121146e2	-1.16593844175243712e-5	5.00000000000000000e0	4.99999999999999467e0	0.00000000000000000e0	3.44909130527591534e0	3.69956668234909980e0
GROUP	2	22307983	5.01903512379013650e-1	9.93321893545207075e1	-1.10393186591464598e0	-1.04450054826766046e1	3.69368552412190581e2	3.69416446275736064e2	1.04449948553589014e1	3.69578334839864567e2	3.70909941714118304e2	-1.16593844378722016e-5	5.00000000000000000e0	4.99999999999999467e0	0.00000000000000000e0	3.44909130527591623e0	3.69956668234858332e0
GROUP	2	22307984	5.01903512379013650e-1	9.93321893548702946e1	-1.10393186556505896e0	-1.04450054833638681e1	3.69368552412190695e2	3.69416446275736178e2	1.04449948552964962e1	3.69578334839863771e2	3.70909941714116712e2	-1.16593844487734953e-5	5.00000000000000000e0	4.99999999999999467e0	0.00000000000000000e0	3.44909130527591712e0	3.69956668234830710e0
GROUP	2	22307985	5.01903512379013650e-1	9.93321893552357125e1	-1.10393186519964104e0	-1.04450054648571538e1	3.69368552412190695e2	3.69416446275736178e2	1.04449948552175513e1	3.69578334839862919e2	3.70909941714114609e2	-1.16593844631126467e-5	5.00000000000000000e0	4.99999999999999467e0	0.00000000000000000e0	3.44909130527591801e0	3.69956668234795893e0
RIGHT	2	22307986	5.01903512379013761e-1	9.93321893544542576e1	-1.10393186598763293e0	-1.04450054693844727e1	3.69368552412190979e2	3.69416446275736462e2	1.04449948550596563e1	3.69578334839861100e2	3.70909941714110460e2	-1.16593844929425874e-5	5.00000000000000000e0	4.99999999999999467e0	0.00000000000000000e0	3.44909130527591756e0	3.69956668234726083e0
LEFT	3	22540902	5.06473357504230726e-1	9.74412541102847882e1	-1.09282979321680784e0	-9.97852958684948099e0	3.74012163996723132e2	3.74060659970269967e2	9.97852042253711957e0	3.74215770456974951e2	3.75541058193602851e2	-1.11672515596695608e-5	5.00000000000000000e0	4.99999999999999467e0	0.00000000000000000e0	3.44805790802946355e0	3.69389164097530909e0
GROUP	3	22540903	5.06473357504230837e-1	9.74412541080611163e1	-1.09282979543382908e0	-9.97852956948468162e0	3.74012163996723416e2	3.74060659970270251e2	9.97852042239204629e0	3.74215770456973019e2	3.75541058193599156e2	-1.11672515858420336e-5	5.00000000000000000e0	4.99999999999999467e0	0.00000000000000000e0	3.44805790802946266e0	3.69389164097433254e0
GROUP	3	22540904	5.06473357504230837e-1	9.74412541105954375e1	-1.09282979289950788e0	-9.97852958962593917e0	3.74012163996723530e2	3.74060659970270365e2	9.97852042231528991e0	3.74215770456971939e2	3.75541058193597109e2	-1.11672516015046214e-5	5.00000000000000000e0	4.99999999999999467e0	0.00000000000000000e0	3.44805790802946222e0	3.69389164097381562e0
RIGHT	3	22540905	5.06473357504230948e-1	9.74412541102330749e1	-1.09282979325855933e0	-9.97852960184297899e0	3.74012163996723530e2	3.74060659970270365e2	9.97852042221622781e0	3.74215770456970688e2	3.75541058193594495e2	-1.11672516216203902e-5	5.00000000000000000e0	4.99999999999999467e0	0.00000000000000000e0	3.44805790802946133e0	3.69389164097314726e0
LEFT	4	22543238	5.06519812357156374e-1	9.53888895817673728e1	-1.08640286593471558e0	-9.71008488548890014e0	3.73999033426465360e2	3.74047527697447833e2	9.71007556931424887e0	3.74198670362839437e2	3.75520286157467069e2	-6.36930186115121065e-6	5.00000000000000000e0	4.99999999999999467e0	0.00000000000000000e0	3.44777252129264777e0	3.62029276118777510e0
GROUP	4	22543239	5.06519812357156485e-1	9.53888895825442233e1	-1.08640286515112905e0	-9.71008486953058814e0	3.73999033426465701e2	3.74047527697448174e2	9.71007556915484571e0	3.74198670362837504e2	3.75520286157463090e2	-6.36930189287061162e-6	5.00000000000000000e0	4.99999999999999467e0	0.00000000000000000e0	3.44777252129264689e0	3.62029276118672527e0
GROUP	4	22543240	5.06519812357156485e-1	9.53888895844649056e1	-1.08640286323044677e0	-9.71008492933077427e0	3.73999033426465871e2	3.74047527697448345e2	9.71007556907099811e0	3.74198670362836538e2	3.75520286157461044e2	-6.36930190824587745e-6	5.00000000000000000e0	4.99999999999999467e0	0.00000000000000000e0	3.44777252129264644e0	3.62029276118617327e0
RIGHT	4	22543241	5.06519812357156596e-1	9.53888895836964963e1	-1.08640286399212016e0	-9.71008492645049159e0	3.73999033426466099e2	3.74047527697448572e2	9.71007556896186053e0	3.74198670362835230e2	3.75520286157458145e2	-6.36930193050276674e-6	5.00000000000000000e0	4.99999999999999467e0	0.00000000000000000e0	3.44777252129264555e0	3.62029276118545518e0
LEFT	5	22709675	5.10198920931927646e-1	-4.16122802559847482e0	9.46195255297943731e1	1.02174763055219842e1	3.70028688207227503e2	3.70076667666727189e2	1.02174655013076716e1	3.70235168231655223e2	3.71563702295071209e2	-1.32165062562270572e-6	5.00000000000000000e0	4.99999999999999467e0	0.00000000000000000e0	3.45238988117946777e0	3.63690411487412657e0
GROUP	5	22709676	5.10198920931927757e-1	-4.16122802616343979e0	9.46195255292360429e1	1.02174763049180797e1	3.70028688207227731e2	3.70076667666727417e2	1.02174655011786406e1	3.70235168231653802e2	3.71563702295068083e2	-1.32165065413947935e-6	5.00000000000000000e0	4.99999999999999467e0	0.00000000000000000e0	3.45238988117946732e0	3.63690411487356213e0
GROUP	5	22709677	5.10198920931927757e-1	-4.16122802577680861e0	9.46195255296226776e1	1.02174763057981295e1	3.70028688207227844e2	3.70076667666727531e2	1.02174655011059734e1	3.70235168231653006e2	3.71563702295066207e2	-1.32165067165299494e-6	5.00000000000000000e0	4.99999999999999467e0	0.00000000000000000e0	3.45238988117946644e0	3.63690411487324283e0
RIGHT	5	22709678	5.10198920931927868e-1	-4.16122802538353742e0	9.46195255300192457e1	1.02174763057451514e1	3.70028688207227901e2	3.70076667666727587e2	1.02174655010183830e1	3.70235168231652040e2	3.71563702295063877e2	-1.32165069377931431e-6	5.00000000000000000e0	4.99999999999999467e0	0.00000000000000000e0	3.45238988117946555e0	3.63690411487285736e0
LEFT	6	22712005	5.10245433004327120e-1	-4.25700408695388077e0	9.65511027623361571e1	1.05135434097452958e1	3.70019338717600760e2	3.70067316964806707e2	1.05135327980695692e1	3.70230234745732787e2	3.71562763831270843e2	-1.23306195135844317e-5	5.00000000000000000e0	4.99999999999999467e0	0.00000000000000000e0	3.45273637124117183e0	3.72007776954922065e0
GROUP	6	22712006	5.10245433004327231e-1	-4.25700408722986445e0	9.65511027620634508e1	1.05135434116360216e1	3.70019338717601158e2	3.70067316964807105e2	1.05135327979330704e1	3.70230234745731138e2	3.71562763831267432e2	-1.23306195376434945e-5	5.00000000000000000e0	4.99999999999999467e0	0.00000000000000000e0	3.45273637124117272e0	3.72007776954859448e0
GROUP	6	22712007	5.10245433004327231e-1	-4.25700408642548478e0	9.65511027628678278e1	1.05135434115863973e1	3.70019338717601272e2	3.70067316964807219e2	1.05135327978671747e1	3.70230234745730286e2	3.71562763831265784e2	-1.23306195492925472e-5	5.00000000000000000e0	4.99999999999999467e0	0.00000000000000000e0	3.45273637124117405e0	3.72007776954829117e0
RIGHT	6	22712008	5.10245433004327342e-1	-4.25700408748230785e0	9.65511027618175035e1	1.05135434076830165e1	3.70019338717601329e2	3.70067316964807276e2	1.05135327977819806e1	3.70230234745729263e2	3.71562763831263567e2	-1.23306195644374201e-5	5.00000000000000000e0	4.99999999999999467e0	0.00000000000000000e0	3.45273637124117583e0	3.72007776954789859e0
LEFT	7	22944294	5.14799781739096685e-1	-4.08743658415520894e0	9.47502791880403663e1	9.98943727851599306e0	3.74659752419980236e2	3.74708332362536794e2	9.98942811343260928e0	3.74863608707877177e2	3.76189045082620225e2	-1.04194710337135391e-5	5.00000000000000000e0	4.99999999999999467e0	0.00000000000000000e0	3.45159909329131365e0	3.69209344531559491e0
GROUP	7	22944295	5.14799781739096796e-1	-4.08743658426980883e0	9.47502791879191335e1	9.98943727886938859e0	3.74659752419980578e2	3.74708332362537135e2	9.98942811327722957e0	3.74863608707875414e2	3.76189045082616246e2	-1.04194710634509770e-5	5.00000000000000000e0	4.99999999999999467e0	0.00000000000000000e0	3.45159909329131365e0	3.69209344531454864e0
GROUP	7	22944296	5.14799781739096796e-1	-4.08743658251061959e0	9.47502791896783236e1	9.98943727903912304e0	3.74659752419980634e2	3.74708332362537192e2	9.98942811319538748e0	3.74863608707874619e2	3.76189045082614200e2	-1.04194710784024773e-5	5.00000000000000000e0	4.99999999999999467e0	0.00000000000000000e0	3.45159909329131365e0	3.69209344531399752e0
RIGHT	7	22944297	5.14799781739096907e-1	-4.08743658336057614e0	9.47502791888250613e1	9.98943728033071920e0	3.74659752419980748e2	3.74708332362537305e2	9.98942811308906364e0	3.74863608707873652e2	3.76189045082611813e2	-1.04194710968981380e-5	5.00000000000000000e0	4.99999999999999467e0	0.00000000000000000e0	3.45159909329131320e0	3.69209344531328343e0
LEFT	8	22945459	5.14823000330537628e-1	-4.05470586311234005e0	9.37599823338001386e1	9.88830881287697139e0	3.74653449608363189e2	3.74702028733671000e2	9.88829957125566317e0	3.74855795927663905e2	3.76179852567313958e2	-5.19303688588933457e-6	5.00000000000000000e0	4.99999999999999467e0	0.00000000000000000e0	3.45145512315490244e0	3.65522336143237547e0
GROUP	8	22945460	5.14823000330537739e-1	-4.05470586232047836e0	9.37599823345886705e1	9.88830881505276693e0	3.74653449608363530e2	3.74702028733671341e2	9.88829957112379887e0	3.74855795927662257e2	3.76179852567310490e2	-5.19303691404826981e-6	5.00000000000000000e0	4.99999999999999467e0	0.00000000000000000e0	3.45145512315490111e0	3.65522336143152327e0
GROUP	8	22945461	5.14823000330537739e-1	-4.05470586402963207e0	9.37599823328795168e1	9.88830881581299082e0	3.74653449608363644e2	3.74702028733671455e2	9.88829957105831525e0	3.74855795927661632e2	3.76179852567308842e2	-5.19303692764254638e-6	5.00000000000000000e0	4.99999999999999467e0	0.00000000000000000e0	3.45145512315490066e0	3.65522336143110049e0
GROUP	8	22945462	5.14823000330537739e-1	-4.05470586254529941e0	9.37599823343638406e1	9.88830881196429345e0	3.74653449608363701e2	3.74702028733671511e2	9.88829957097461687e0	3.74855795927660722e2	3.76179852567306739e2	-5.19303694518580489e-6	5.00000000000000000e0	4.99999999999999467e0	0.00000000000000000e0	3.45145512315490066e0	3.65522336143056004e0
RIGHT	8	22945463	5.14823000330537850e-1	-4.05470586286329659e0	9.37599823340425189e1	9.88830881298946451e0	3.74653449608363985e2	3.74702028733671796e2	9.88829957080721833e0	3.74855795927658903e2	3.76179852567302476e2	-5.19303698123004428e-6	5.00000000000000000e0	4.99999999999999467e0	0.00000000000000000e0	3.45145512315490111e0	3.65522336142947868e0
LEFT	9	22946640	5.14846222915610330e-1	-4.00387737883632600e0	9.27801109788363618e1	9.73128843957812251e0	3.74646650145542196e2	3.74695228389203351e2	9.73127911739339702e0	3.74846663498064743e2	3.76168570313652651e2	-7.93440349482584354e-7	5.00000000000000000e0	4.99999999999999467e0	0.00000000000000000e0	3.45131213745953236e0	3.61906407023595778e0
GROUP	9	22946641	5.14846222915610441e-1	-4.00387737910759700e0	9.27801109785650908e1	9.73128843942782851e0	3.74646650145542594e2	3.74695228389203749e2	9.73127911722099093e0	3.74846663498062526e2	3.76168570313648047e2	-7.93440390127886174e-7	5.00000000000000000e0	4.99999999999999467e0	0.00000000000000000e0	3.45131213745953236e0	3.61906407023483290e0
GROUP	9	22946642	5.14846222915610441e-1	-4.00387737731337889e0	9.27801109803593107e1	9.73128844079474220e0	3.74646650145542594e2	3.74695228389203749e2	9.73127911713562987e0	3.74846663498061446e2	3.76168570313645944e2	-7.93440409019283278e-7	5.00000000000000000e0	4.99999999999999467e0	0.00000000000000000e0	3.45131213745953191e0	3.61906407023427645e0
RIGHT	9	22946643	5.14846222915610552e-1	-4.00387737870024374e0	9.27801109789657232e1	9.73128844013433536e0	3.74646650145542594e2	3.74695228389203749e2	9.73127911703052284e0	3.74846663498060195e2	3.76168570313643386e2	-7.93440432179573759e-7	5.00000000000000000e0	4.99999999999999467e0	0.00000000000000000e0	3.45131213745953058e0	3.61906407023359122e0
LEFT	10	23114618	5.18556356750611402e-1	9.87326788256402779e1	-1.10247703814060571e0	-1.03836860336356605e1	3.70657730235311817e2	3.70705791259018440e2	1.03836753213554189e1	3.70866799042714320e2	3.72197579513803419e2	-9.42760524835458635e-6	5.00000000000000000e0	4.99999999999999467e0	0.00000000000000000e0	3.45599420116470357e0	3.67687096513352341e0
GROUP	10	23114619	5.18556356750611513e-1	9.87326788256725507e1	-1.10247703811491249e0	-1.03836860472216532e1	3.70657730235312158e2	3.70705791259018781e2	1.03836753212203643e1	3.70866799042712785e2	3.72197579513799951e2	-9.42760527408410489e-6	5.00000000000000000e0	4.99999999999999467e0	0.00000000000000000e0	3.45599420116470446e0	3.67687096513292389e0
GROUP	10	23114620	5.18556356750611513e-1	9.87326788261158299e1	-1.10247703767163330e0	-1.03836860858761213e1	3.70657730235312329e2	3.70705791259018952e2	1.03836753211486634e1	3.70866799042712046e2	3.72197579513798019e2	-9.42760528850302309e-6	5.00000000000000000e0	4.99999999999999467e0	0.00000000000000000e0	3.45599420116470402e0	3.67687096513260503e0
RIGHT	10	23114621	5.18556356750611624e-1	9.87326788278848113e1	-1.10247703590594881e0	-1.03836860177550250e1	3.70657730235312442e2	3.70705791259019065e2	1.03836753210566410e1	3.70866799042711136e2	3.72197579513795745e2	-9.42760530532318821e-6	5.00000000000000000e0	4.99999999999999467e0	0.00000000000000000e0	3.45599420116470357e0	3.67687096513219558e0
LEFT	11	23347811	5.23141696118393895e-1	9.73674446170252708e1	-1.09306222641238548e0	-9.98826037358144347e0	3.75270413943138806e2	3.75319073066609576e2	9.98825114039429529e0	3.75474349486482481e2	3.76799769825573662e2	-9.42521800307348791e-6	5.00000000000000000e0	4.99999999999999467e0	0.00000000000000000e0	3.45495326968130900e0	3.68019153992835335e0
GROUP	11	23347812	5.23141696118394006e-1	9.73674446197004215e1	-1.09306222373390938e0	-9.98826037752044016e0	3.75270413943139090e2	3.75319073066609860e2	9.98825114027998673e0	3.75474349486481060e2	3.76799769825570650e2	-9.42521802597013695e-6	5.00000000000000000e0	4.99999999999999467e0	0.00000000000000000e0	3.45495326968130723e0	3.68019153992760373e0
GROUP	11	23347813	5.23141696118394006e-1	9.73674446139796004e1	-1.09306222945473053e0	-9.98826034003651841e0	3.75270413943139090e2	3.75319073066609917e2	9.98825114021874505e0	3.75474349486480321e2	3.76799769825569058e2	-9.42521803852989067e-6	5.00000000000000000e0	4.99999999999999467e0	0.00000000000000000e0	3.45495326968130723e0	3.68019153992720316e0
GROUP	11	23347814	5.23141696118394006e-1	9.73674446186359290e1	-1.09306222479840187e0	-9.98826034663639106e0	3.75270413943139147e2	3.75319073066609974e2	9.98825114014166893e0	3.75474349486479468e2	3.76799769825566955e2	-9.42521805487148556e-6	5.00000000000000000e0	4.99999999999999467e0	0.00000000000000000e0	3.45495326968130723e0	3.68019153992669823e0
RIGHT	11	23347815	5.23141696118394117e-1	9.73674446194998779e1	-1.09306222392783070e0	-9.98826035644628440e0	3.75270413943139431e2	3.75319073066610258e2	9.98825113998751135e0	3.75474349486477934e2	3.76799769825562464e2	-9.42521808890691093e-6	5.00000000000000000e0	4.99999999999999467e0	0.00000000000000000e0	3.45495326968130545e0	3.68019153992568659e0
LEFT	12	23349767	5.23180401341662993e-1	9.56590963805300589e1	-1.08724343051618177e0	-9.74512530210981609e0	3.75259258642932139e2	3.75307916319960270e2	9.74511598187052286e0	3.75459584185408175e2	3.76781680821901716e2	-2.98991375281529999e-6	5.00000000000000000e0	4.99999999999999467e0	0.00000000000000000e0	3.45471462237041882e0	3.61891037740339927e0
GROUP	12	23349768	5.23180401341663104e-1	9.56590963818153170e1	-1.08724342922420192e0	-9.74512534681694120e0	3.75259258642932423e2	3.75307916319960555e2	9.74511598172244042e0	3.75459584185406413e2	3.76781680821898021e2	-2.98991378383514196e-6	5.00000000000000000e0	4.99999999999999467e0	0.00000000000000000e0	3.45471462237041838e0	3.61891037740243426e0
GROUP	12	23349769	5.23180401341663104e-1	9.56590963835551378e1	-1.08724342748438119e0	-9.74512532601473680e0	3.75259258642932537e2	3.75307916319960668e2	9.74511598164414217e0	3.75459584185405390e2	3.76781680821896089e2	-2.98991380109980117e-6	5.00000000000000000e0	4.99999999999999467e0	0.00000000000000000e0	3.45471462237041749e0	3.61891037740192401e0
RIGHT	12	23349770	5.23180401341663215e-1	9.56590963789497835e1	-1.08724343208636753e0	-9.74512536295450360e0	3.75259258642932764e2	3.75307916319960896e2	9.74511598154299108e0	3.75459584185404196e2	3.76781680821893588e2	-2.98991382408564447e-6	5.00000000000000000e0	4.99999999999999467e0	0.00000000000000000e0	3.45471462237041571e0	3.61891037740126498e0
LEFT	13	23516914	5.26867279808903577e-1	-4.16479243314824910e0	9.46902568208777495e1	1.02284929865571712e1	3.71267442890430061e2	3.71315582972016728e2	1.02284821453053727e1	3.71474302387168677e2	3.72802985640780548e2	-6.05761606197224639e-6	5.00000000000000000e0	4.99999999999999467e0	0.00000000000000000e0	3.45922982659653844e0	3.63727724455875334e0
GROUP	13	23516915	5.26867279808903688e-1	-4.16479243268749322e0	9.46902568213418050e1	1.02284929869098278e1	3.71267442890430402e2	3.71315582972017069e2	1.02284821451490409e1	3.71474302387166915e2	3.72802985640776797e2	-6.05761609271718932e-6	5.00000000000000000e0	4.99999999999999467e0	0.00000000000000000e0	3.45922982659653933e0	3.63727724455804902e0
GROUP	13	23516916	5.26867279808903688e-1	-4.16479243313122804e0	9.46902568208980711e1	1.02284929875675630e1	3.71267442890430516e2	3.71315582972017182e2	1.02284821450667955e1	3.71474302387165949e2	3.72802985640774693e2	-6.05761610973833080e-6	5.00000000000000000e0	4.99999999999999467e0	0.00000000000000000e0	3.45922982659653977e0	3.63727724455767909e0
RIGHT	13	23516917	5.26867279808903799e-1	-4.16479243215471140e0	9.46902568218778953e1	1.02284929861945102e1	3.71267442890430573e2	3.71315582972017239e2	1.02284821449597683e1	3.71474302387164641e2	3.72802985640772022e2	-6.05761613190649423e-6	5.00000000000000000e0	4.99999999999999467e0	0.00000000000000000e0	3.45922982659654110e0	3.63727724455719859e0
LEFT	14	23517322	5.26875014787568374e-1	-4.18298818554420215e0	9.50111489763076378e1	1.02847336171713550e1	3.71265626535208185e2	3.71313766381278697e2	1.02847228084796942e1	3.71473292268241039e2	3.72802736484870081e2	-2.50142507452743005e-6	5.00000000000000000e0	4.99999999999999467e0	0.00000000000000000e0	3.45928722708373471e0	3.65007852488816864e0
GROUP	14	23517323	5.26875014787568485e-1	-4.18298818595344013e0	9.50111489759017189e1	1.02847336190787360e1	3.71265626535208469e2	3.71313766381278981e2	1.02847228083646787e1	3.71473292268239561e2	3.72802736484867125e2	-2.50142509873607129e-6	5.00000000000000000e0	4.99999999999999467e0	0.00000000000000000e0	3.45928722708373559e0	3.65007852488765483e0
GROUP	14	23517324	5.26875014787568485e-1	-4.18298818790348115e0	9.50111489739516770e1	1.02847336202416386e1	3.71265626535208582e2	3.71313766381279095e2	1.02847228083028774e1	3.71473292268238993e2	3.72802736484865704e2	-2.50142511084683445e-6	5.00000000000000000e0	4.99999999999999467e0	0.00000000000000000e0	3.45928722708373737e0	3.65007852488737816e0
GROUP	14	23517325	5.26875014787568485e-1	-4.18298818291112084e0	9.50111489789440355e1	1.02847336186288771e1	3.71265626535208696e2	3.71313766381279208e2	1.02847228082250179e1	3.71473292268238140e2	3.72802736484863942e2	-2.50142512568572555e-6	5.00000000000000000e0	4.99999999999999467e0	0.00000000000000000e0	3.45928722708373959e0	3.65007852488702911e0
RIGHT	14	23517326	5.26875014787568596e-1	-4.18298818566510988e0	9.50111489761933399e1	1.02847336170788708e1	3.71265626535208867e2	3.71313766381279379e2	1.02847228080692954e1	3.71473292268236037e2	3.72802736484860247e2	-2.50142515698680448e-6	5.00000000000000000e0	4.99999999999999467e0	0.00000000000000000e0	3.45928722708374048e0	3.65007852488633366e0
LEFT	15	23752418	5.31491356967804696e-1	-4.04557091717187145e0	9.36943624380866424e1	9.86008670073891835e0	3.75863757289418629e2	3.75912493348256760e2	9.86007740927784404e0	3.76065894809232361e2	3.77389565732272501e2	-9.14715539150957494e-6	5.00000000000000000e0	4.99999999999999467e0	0.00000000000000000e0	3.45816065681944851e0	3.65972852358896050e0
GROUP	15	23752419	5.31491356967804807e-1	-4.04557091660589574e0	9.36943624386459533e1	9.86008670067343473e0	3.75863757289418857e2	3.75912493348256987e2	9.86007740916953068e0	3.76065894809231281e2	3.77389565732269659e2	-9.14715541221970838e-6	5.00000000000000000e0	4.99999999999999467e0	0.00000000000000000e0	3.45816065681944895e0	3.65972852358821488e0
GROUP	15	23752420	5.31491356967804807e-1	-4.04557091666881874e0	9.36943624385830276e1	9.86008669880976640e0	3.75863757289419027e2	3.75912493348257158e2	9.86007740911110275e0	3.76065894809230656e2	3.77389565732268125e2	-9.14715542410934215e-6	5.00000000000000000e0	4.99999999999999467e0	0.00000000000000000e0	3.45816065681944851e0	3.65972852358781342e0
GROUP	15	23752421	5.31491356967804807e-1	-4.04557091919152878e0	9.36943624360603167e1	9.86008669887951328e0	3.75863757289419084e2	3.75912493348257215e2	9.86007740903812469e0	3.76065894809229746e2	3.77389565732266306e2	-9.14715543805483838e-6	5.00000000000000000e0	4.99999999999999467e0	0.00000000000000000e0	3.45816065681944851e0	3.65972852358731116e0
RIGHT	15	23752422	5.31491356967804918e-1	-4.04557091662533796e0	9.36943624386231733e1	9.86008670085686845e0	3.75863757289419198e2	3.75912493348257328e2	9.86007740889216144e0	3.76065894809228212e2	3.77389565732262724e2	-9.14715546398338595e-6	5.00000000000000000e0	4.99999999999999467e0	0.00000000000000000e0	3.45816065681944762e0	3.65972852358630796e0
LEFT	16	23920115	5.35193690816938017e-1	9.74518581787449563e1	-1.09901563148432047e0	-1.02380213799152138e1	3.71857577292759117e2	3.71905793893628129e2	1.02380104986676486e1	3.72064646030966230e2	3.73393458284761664e2	-9.49621370505471036e-7	5.00000000000000000e0	4.99999999999999467e0	0.00000000000000000e0	3.46240410750963301e0	3.62648117004066606e0
GROUP	16	23920116	5.35193690816938128e-1	9.74518581797597392e1	-1.09901563047617401e0	-1.02380214136271164e1	3.71857577292759458e2	3.71905793893628470e2	1.02380104985061280e1	3.72064646030964354e2	3.73393458284757457e2	-9.49621408744330124e-7	5.00000000000000000e0	4.99999999999999467e0	0.00000000000000000e0	3.46240410750963390e0	3.62648117003997461e0
GROUP	16	23920117	5.35193690816938128e-1	9.74518581789833860e1	-1.09901563125252721e0	-1.02380213474257857e1	3.71857577292759572e2	3.71905793893628584e2	1.02380104984262470e1	3.72064646030963559e2	3.73393458284755468e2	-9.49621426174302215e-7	5.00000000000000000e0	4.99999999999999467e0	0.00000000000000000e0	3.46240410750963479e0	3.62648117003963311e0
RIGHT	16	23920118	5.35193690816938239e-1	9.74518581810475126e1	-1.09901562919169749e0	-1.02380213586289095e1	3.71857577292759743e2	3.71905793893628754e2	1.02380104983280802e1	3.72064646030962422e2	3.73393458284753081e2	-9.49621446883050542e-7	5.00000000000000000e0	4.99999999999999467e0	0.00000000000000000e0	3.46240410750963656e0	3.62648117003921167e0
LEFT	17	23920520	5.35201437034614980e-1	9.77909490527185170e1	-1.10025824867325639e0	-1.02902763666268307e1	3.71855707857501443e2	3.71903924215971699e2	1.02902655319842236e1	3.72063544937480515e2	3.73393064091728093e2	-1.06690520874582198e-6	5.00000000000000000e0	4.99999999999999467e0	0.00000000000000000e0	3.46246142607992091e0	3.64128750477204832e0
GROUP	17	23920521	5.35201437034615091e-1	9.77909490495264464e1	-1.10025825187193504e0	-1.02902764120182155e1	3.71855707857501727e2	3.71903924215971983e2	1.02902655318462219e1	3.72063544937478696e2	3.73393064091724511e2	-1.06690524198628406e-6	5.00000000000000000e0	4.99999999999999467e0	0.00000000000000000e0	3.46246142607992180e0	3.64128750477145235e0
GROUP	17	23920522	5.35201437034615091e-1	9.77909490496706724e1	-1.10025825172770908e0	-1.02902763917461453e1	3.71855707857501898e2	3.71903924215972154e2	1.02902655317684157e1	3.72063544937477673e2	3.73393064091722408e2	-1.06690526099298575e-6	5.00000000000000000e0	4.99999999999999467e0	0.00000000000000000e0	3.46246142607992269e0	3.64128750477111662e0
RIGHT	17	23920523	5.35201437034615202e-1	9.77909490488145252e1	-1.10025825258716736e0	-1.02902764441342960e1	3.71855707857502011e2	3.71903924215972268e2	1.02902655316745744e1	3.72063544937476536e2	3.73393064091719737e2	-1.06690528338418524e-6	5.00000000000000000e0	4.99999999999999467e0	0.00000000000000000e0	3.46246142607992313e0	3.64128750477071161e0
LEFT	18	24154741	5.39802291555839697e-1	9.76326311306489600e1	-1.09486399522347710e0	-1.00637438641786581e1	3.76430081465458045e2	3.76478890956245493e2	1.00637346244878270e1	3.76635302925263659e2	3.77961750723773264e2	-8.37957536842794794e-6	5.00000000000000000e0	4.99999999999999467e0	0.00000000000000000e0	3.46157157001532667e0	3.68842115269245285e0
GROUP	18	24154742	5.39802291555839808e-1	9.76326311336614765e1	-1.09486399221096065e0	-1.00637439038444612e1	3.76430081465458386e2	3.76478890956245834e2	1.00637346243755790e1	3.76635302925262351e2	3.77961750723770649e2	-8.37957538752593204e-6	5.00000000000000000e0	4.99999999999999467e0	0.00000000000000000e0	3.46157157001532578e0	3.68842115269172455e0
GROUP	18	24154743	5.39802291555839808e-1	9.76326311326728415e1	-1.09486399319959560e0	-1.00637438115689388e1	3.76430081465458500e2	3.76478890956245948e2	1.00637346243153960e1	3.76635302925261669e2	3.77961750723769001e2	-8.37957540007422540e-6	5.00000000000000000e0	4.99999999999999467e0	0.00000000000000000e0	3.46157157001532578e0	3.68842115269133375e0
GROUP	18	24154744	5.39802291555839808e-1	9.76326311337355861e1	-1.09486399213685104e0	-1.00637439126415984e1	3.76430081465458557e2	3.76478890956246005e2	1.00637346242398298e1	3.76635302925260760e2	3.77961750723766670e2	-8.37957541781943012e-6	5.00000000000000000e0	4.99999999999999467e0	0.00000000000000000e0	3.46157157001532578e0	3.68842115269084347e0
RIGHT	18	24154745	5.39802291555839919e-1	9.76326311330689691e1	-1.09486399280015689e0	-1.00637438680317430e1	3.76430081465458784e2	3.76478890956246232e2	1.00637346240886956e1	3.76635302925258941e2	3.77961750723762520e2	-8.37957544960180884e-6	5.00000000000000000e0	4.99999999999999467e0	0.00000000000000000e0	3.46157157001532578e0	3.68842115268986470e0
LEFT	19	24155526	5.39817770529991803e-1	9.69531562451861078e1	-1.09261738228821059e0	-9.96963825135444637e0	3.76425873766666029e2	3.76474682711865739e2	9.96962898273499754e0	3.76629691911049974e2	3.77954858454751957e2	-4.79246350037023091e-6	5.00000000000000000e0	4.99999999999999467e0	0.00000000000000000e0	3.46147562103494799e0	3.66555387401681765e0
GROUP	19	24155527	5.39817770529991914e-1	9.69531562470246371e1	-1.09261738044635592e0	-9.96963826696960354e0	3.76425873766666371e2	3.76474682711866080e2	9.96962898258934338e0	3.76629691911048269e2	3.77954858454748035e2	-4.79246353428188359e-6	5.00000000000000000e0	4.99999999999999467e0	0.00000000000000000e0	3.46147562103494710e0	3.66555387401587218e0
GROUP	19	24155528	5.39817770529991914e-1	9.69531562430170339e1	-1.09261738445395906e0	-9.96963829176170613e0	3.76425873766666484e2	3.76474682711866194e2	9.96962898252307994e0	3.76629691911047360e2	3.77954858454746216e2	-4.79246354965481923e-6	5.00000000000000000e0	4.99999999999999467e0	0.00000000000000000e0	3.46147562103494710e0	3.66555387401544230e0
GROUP	19	24155529	5.39817770529991914e-1	9.69531562457336236e1	-1.09261738173736944e0	-9.96963829494558595e0	3.76425873766666541e2	3.76474682711866251e2	9.96962898243746665e0	3.76629691911046109e2	3.77954858454744169e2	-4.79246356634421432e-6	5.00000000000000000e0	4.99999999999999467e0	0.00000000000000000e0	3.46147562103494666e0	3.66555387401488675e0
RIGHT	19	24155530	5.39817770529992025e-1	9.69531562459980734e1	-1.09261738147291965e0	-9.96963826299063172e0	3.76425873766666712e2	3.76474682711866421e2	9.96962898226623828e0	3.76629691911043835e2	3.77954858454740247e2	-4.79246359967231043e-6	5.00000000000000000e0	4.99999999999999467e0	0.00000000000000000e0	3.46147562103494488e0	3.66555387401377697e0
LEFT	20	24324752	5.43551120515415653e-1	-4.22099666740876067e0	9.53857894410585345e1	1.04022242672181733e1	3.72402865290058060e2	3.72451152595237886e2	1.04022134547804015e1	3.72612469303536898e2	3.73943499747630256e2	-7.35948198654325146e-6	5.00000000000000000e0	4.99999999999999467e0	0.00000000000000000e0	3.46590509121085155e0	3.66616736616692007e0
GROUP	20	24324753	5.43551120515415764e-1	-4.22099666727243328e0	9.53857894412014389e1	1.04022242666334819e1	3.72402865290058344e2	3.72451152595238170e2	1.04022134546614868e1	3.72612469303535420e2	3.73943499747627357e2	-7.35948200908319968e-6	5.00000000000000000e0	4.99999999999999467e0	0.00000000000000000e0	3.46590509121085200e0	3.66616736616640404e0
GROUP	20	24324754	5.43551120515415764e-1	-4.22099666534079976e0	9.53857894431330635e1	1.04022242627658557e1	3.72402865290058458e2	3.72451152595238284e2	1.04022134545979110e1	3.72612469303534795e2	3.73943499747625765e2	-7.35948202176175061e-6	5.00000000000000000e0	4.99999999999999467e0	0.00000000000000000e0	3.46590509121085244e0	3.66616736616612782e0
GROUP	20	24324755	5.43551120515415764e-1	-4.22099666698975096e0	9.53857894414841212e1	1.04022242668480658e1	3.72402865290058571e2	3.72451152595238398e2	1.04022134545174421e1	3.72612469303533942e2	3.73943499747623719e2	-7.35948203765719038e-6	5.00000000000000000e0	4.99999999999999467e0	0.00000000000000000e0	3.46590509121085333e0	3.66616736616577699e0
RIGHT	20	24324756	5.43551120515415875e-1	-4.22099666691400355e0	9.53857894415664731e1	1.04022242653761623e1	3.72402865290058742e2	3.72451152595238568e2	1.04022134543565077e1	3.72612469303531782e2	3.73943499747619398e2	-7.35948207120615372e-6	5.00000000000000000e0	4.99999999999999467e0	0.00000000000000000e0	3.46590509121085422e0	3.66616736616507755e0
LEFT	21	24325164	5.43558869882997397e-1	-4.23370054921261563e0	9.57109233254818434e1	1.04414975418912377e1	3.72401237638944622e2	3.72449524733076430e2	1.04414867626723336e1	3.72611423324532268e2	3.73942982956938465e2	-8.40569779695169053e-6	5.00000000000000000e0	4.99999999999999467e0	0.00000000000000000e0	3.46596255348270166e0	3.68098063923393459e0
GROUP	21	24325165	5.43558869882997509e-1	-4.23370054880758495e0	9.57109233258934182e1	1.04414975402950745e1	3.72401237638944906e2	3.72449524733076714e2	1.04414867625232635e1	3.72611423324530676e2	3.73942982956934884e2	-8.40569782380437307e-6	5.00000000000000000e0	4.99999999999999467e0	0.00000000000000000e0	3.46596255348270343e0	3.68098063923327068e0
GROUP	21	24325166	5.43558869882997509e-1	-4.23370054928408113e0	9.57109233254169283e1	1.04414975417453775e1	3.72401237638945076e2	3.72449524733076885e2	1.04414867624445833e1	3.72611423324529824e2	3.73942982956932894e2	-8.40569783905486586e-6	5.00000000000000000e0	4.99999999999999467e0	0.00000000000000000e0	3.46596255348270343e0	3.68098063923291985e0
RIGHT	21	24325167	5.43558869882997620e-1	-4.23370054899406867e0	9.57109233257135088e1	1.04414975424544991e1	3.72401237638945361e2	3.72449524733077169e2	1.04414867623426648e1	3.72611423324528516e2	3.73942982956930166e2	-8.40569786026192473e-6	5.00000000000000000e0	4.99999999999999467e0	0.00000000000000000e0	3.46596255348270299e0	3.68098063923246377e0
LEFT	22	24558115	5.48120990901450611e-1	-4.14109054395472587e0	9.52278201509022892e1	1.01552389701728885e1	3.76970183586848236e2	3.77019063109524211e2	1.01552297612262414e1	3.77176863014144431e2	3.78504553489915963e2	-1.34021542397752400e-5	5.00000000000000000e0	4.99999999999999467e0	0.00000000000000000e0	3.46503525763851616e0	3.72004661314449248e0
GROUP	22	24558116	5.48120990901450722e-1	-4.14109054332319992e0	9.52278201515272258e1	1.01552389705967130e1	3.76970183586848520e2	3.77019063109524495e2	1.01552297610585835e1	3.77176863014142441e2	3.78504553489911473e2	-1.34021542708101257e-5	5.00000000000000000e0	4.99999999999999467e0	0.00000000000000000e0	3.46503525763851616e0	3.72004661314335916e0
GROUP	22	24558117	5.48120990901450722e-1	-4.14109054300181878e0	9.52278201518486043e1	1.01552389691713074e1	3.76970183586848634e2	3.77019063109524609e2	1.01552297609759297e1	3.77176863014141475e2	3.78504553489909370e2	-1.34021542850004517e-5	5.00000000000000000e0	4.99999999999999467e0	0.00000000000000000e0	3.46503525763851572e0	3.72004661314280050e0
RIGHT	22	24558118	5.48120990901450833e-1	-4.14109054280678013e0	9.52278201520403655e1	1.01552389709848967e1	3.76970183586848748e2	3.77019063109524723e2	1.01552297608661100e1	3.77176863014140054e2	3.78504553489906812e2	-1.34021543025485468e-5	5.00000000000000000e0	4.99999999999999467e0	0.00000000000000000e0	3.46503525763851439e0	3.72004661314205709e0
LEFT	23	24558514	5.48128736212842749e-1	-4.12262497731853461e0	9.49071800599517417e1	1.00981729392748889e1	3.76968251115744636e2	3.77017130387848397e2	1.00981637050484192e1	3.77174090943093688e2	3.78501006703214387e2	-1.34870392614241321e-5	5.00000000000000000e0	4.99999999999999467e0	0.00000000000000000e0	3.46498706175196558e0	3.70645153768460833e0
GROUP	23	24558515	5.48128736212842860e-1	-4.12262497610790923e0	9.49071800611557563e1	1.00981729384269556e1	3.76968251115745034e2	3.77017130387848795e2	1.00981637049120891e1	3.77174090943092153e2	3.78501006703210862e2	-1.34870392853418556e-5	5.00000000000000000e0	4.99999999999999467e0	0.00000000000000000e0	3.46498706175196514e0	3.70645153768368640e0
GROUP	23	24558516	5.48128736212842860e-1	-4.12262497854331755e0	9.49071800587203569e1	1.00981729412839059e1	3.76968251115745147e2	3.77017130387848908e2	1.00981637048429178e1	3.77174090943091414e2	3.78501006703209100e2	-1.34870392971203315e-5	5.00000000000000000e0	4.99999999999999467e0	0.00000000000000000e0	3.46498706175196469e0	3.70645153768321878e0
RIGHT	23	24558517	5.48128736212842971e-1	-4.12262497688154994e0	9.49071800603821174e1	1.00981729383096308e1	3.76968251115745147e2	3.77017130387848908e2	1.00981637047541835e1	3.77174090943090448e2	3.78501006703206883e2	-1.34870393129472574e-5	5.00000000000000000e0	4.99999999999999467e0	0.00000000000000000e0	3.46498706175196380e0	3.70645153768261970e0
LEFT	24	24560069	5.48159680457920517e-1	-4.06822316296639830e0	9.35983830817238243e1	9.93007185942565229e0	3.76959660594571972e2	3.77008538752793015e2	9.93006252309536208e0	3.77162967657712215e2	3.78487594541872227e2	-2.25886391605664878e-6	5.00000000000000000e0	4.99999999999999467e0	0.00000000000000000e0	3.46479557038385977e0	3.65349865519443373e0
GROUP	24	24560070	5.48159680457920628e-1	-4.06822316427774133e0	9.35983830804058101e1	9.93007186131802655e0	3.76959660594572199e2	3.77008538752793243e2	9.93006252298044778e0	3.77162967657710794e2	3.78487594541869328e2	-2.25886394027882815e-6	5.00000000000000000e0	4.99999999999999467e0	0.00000000000000000e0	3.46479557038385888e0	3.65349865519368411e0
GROUP	24	24560071	5.48159680457920628e-1	-4.06822316491925395e0	9.35983830797642895e1	9.93007185759745425e0	3.76959660594572313e2	3.77008538752793356e2	9.93006252291829661e0	3.77162967657710112e2	3.78487594541867793e2	-2.25886395437102160e-6	5.00000000000000000e0	4.99999999999999467e0	0.00000000000000000e0	3.46479557038385888e0	3.65349865519327954e0
GROUP	24	24560072	5.48159680457920628e-1	-4.06822316365833991e0	9.35983830810252044e1	9.93007185865343445e0	3.76959660594572370e2	3.77008538752793413e2	9.93006252284035540e0	3.77162967657709260e2	3.78487594541865917e2	-2.25886397191080134e-6	5.00000000000000000e0	4.99999999999999467e0	0.00000000000000000e0	3.46479557038385844e0	3.65349865519277239e0
RIGHT	24	24560073	5.48159680457920739e-1	-4.06822316221861513e0	9.35983830824616092e1	9.93007186064215830e0	3.76959660594572597e2	3.77008538752793640e2	9.93006252268446588e0	3.77162967657707497e2	3.78487594541862052e2	-2.25886400565150118e-6	5.00000000000000000e0	4.99999999999999467e0	0.00000000000000000e0	3.46479557038385622e0	3.65349865519175676e0
LEFT	25	24560474	5.48167420378043446e-1	-4.05682535823084578e0	9.32667259146056438e1	9.89485706889513494e0	3.76957325303328787e2	3.77006203158746246e2	9.89484770330255792e0	3.77160106722758655e2	3.78484252816991386e2	-3.70933221949664950e-7	5.00000000000000000e0	4.99999999999999467e0	0.00000000000000000e0	3.46474794859965529e0	3.64121279468085923e0
GROUP	25	24560475	5.48167420378043557e-1	-4.05682535748888196e0	9.32667259153442672e1	9.89485706880344651e0	3.76957325303329128e2	3.77006203158746587e2	9.89484770314849982e0	3.77160106722756780e2	3.78484252816987464e2	-3.70933257369636135e-7	5.00000000000000000e0	4.99999999999999467e0	0.00000000000000000e0	3.46474794859965440e0	3.64121279467986847e0
GROUP	25	24560476	5.48167420378043557e-1	-4.05682535922114162e0	9.32667259136120066e1	9.89485706934249265e0	3.76957325303329242e2	3.77006203158746700e2	9.89484770306104977e0	3.77160106722755927e2	3.78484252816985247e2	-3.70933277455577494e-7	5.00000000000000000e0	4.99999999999999467e0	0.00000000000000000e0	3.46474794859965396e0	3.64121279467930536e0
RIGHT	25	24560477	5.48167420378043668e-1	-4.05682535793932697e0	9.32667259148871182e1	9.89485706588715175e0	3.76957325303329469e2	3.77006203158746928e2	9.89484770295590010e0	3.77160106722754790e2	3.78484252816982519e2	-3.70933301668474018e-7	5.00000000000000000e0	4.99999999999999467e0	0.00000000000000000e0	3.46474794859965263e0	3.64121279467862768e0
LEFT	26	24728917	5.51885287645706435e-1	9.85403883976053692e1	-1.10278839408236706e0	-1.03968046485145678e1	3.72932268942854648e2	3.72980624892715070e2	1.03967938450520929e1	3.73141863432498042e2	3.74472820809732980e2	-5.79465465391719725e-6	5.00000000000000000e0	4.99999999999999467e0	0.00000000000000000e0	3.46929545649420090e0	3.66484436510723555e0
GROUP	26	24728918	5.51885287645706546e-1	9.85403884001088670e1	-1.10278839158216613e0	-1.03968046447742744e1	3.72932268942854989e2	3.72980624892715412e2	1.03967938449304462e1	3.73141863432496677e2	3.74472820809730081e2	-5.79465467822683871e-6	5.00000000000000000e0	4.99999999999999467e0	0.00000000000000000e0	3.46929545649420135e0	3.66484436510669553e0
GROUP	26	24728919	5.51885287645706546e-1	9.85403883982308173e1	-1.10278839346021584e0	-1.03968047034610578e1	3.72932268942855046e2	3.72980624892715468e2	1.03967938448654724e1	3.73141863432495938e2	3.74472820809728603e2	-5.79465469066832376e-6	5.00000000000000000e0	4.99999999999999467e0	0.00000000000000000e0	3.46929545649420223e0	3.66484436510640732e0
GROUP	26	24728920	5.51885287645706546e-1	9.85403883959616564e1	-1.10278839572937670e0	-1.03968046406065628e1	3.72932268942855046e2	3.72980624892715468e2	1.03967938447830548e1	3.73141863432494972e2	3.74472820809727011e2	-5.79465470208095770e-6	5.00000000000000000e0	4.99999999999999467e0	0.00000000000000000e0	3.46929545649420312e0	3.66484436510604272e0
RIGHT	26	24728921	5.51885287645706657e-1	9.85403883959627365e1	-1.10278839573487630e0	-1.03968046685603372e1	3.72932268942855387e2	3.72980624892715809e2	1.03967938446182178e1	3.73141863432492869e2	3.74472820809723430e2	-5.79465473143968716e-6	5.00000000000000000e0	4.99999999999999467e0	0.00000000000000000e0	3.46929545649420490e0	3.66484436510531308e0
LEFT	27	24729324	5.51893043107970049e-1	9.88775257306536304e1	-1.10366247893776404e0	-1.04336469009336454e1	3.72930616559034377e2	3.72978972294639846e2	1.04336361264867268e1	3.73140767986090282e2	3.74472221876575873e2	-8.72011090904297277e-6	5.00000000000000000e0	4.99999999999999467e0	0.00000000000000000e0	3.46935292446235932e0	3.67867340182670155e0
GROUP	27	24729325	5.51893043107970160e-1	9.88775257294476688e1	-1.10366248015029100e0	-1.04336469157113783e1	3.72930616559034718e2	3.72978972294640187e2	1.04336361263505122e1	3.73140767986088690e2	3.74472221876572519e2	-8.72011093495599422e-6	5.00000000000000000e0	4.99999999999999467e0	0.00000000000000000e0	3.46935292446235932e0	3.67867340182608249e0
GROUP	27	24729326	5.51893043107970160e-1	9.88775257249721164e1	-1.10366248462584338e0	-1.04336469384506927e1	3.72930616559034831e2	3.72978972294640300e2	1.04336361262801436e1	3.73140767986087724e2	3.74472221876570813e2	-8.72011094855990409e-6	5.00000000000000000e0	4.99999999999999467e0	0.00000000000000000e0	3.46935292446235843e0	3.67867340182576275e0
RIGHT	27	24729327	5.51893043107970271e-1	9.88775257259541149e1	-1.10366248364712760e0	-1.04336469646081813e1	3.72930616559035002e2	3.72978972294640471e2	1.04336361261909421e1	3.73140767986086587e2	3.74472221876568540e2	-8.72011096587428414e-6	5.00000000000000000e0	4.99999999999999467e0	0.00000000000000000e0	3.46935292446235843e0	3.67867340182535774e0
LEFT	28	24963966	5.56493848413414871e-1	9.65372924055659496e1	-1.09236099095771522e0	-9.95890780155315269e0	3.77499386945227343e2	3.77548335086612951e2	9.95889846846739601e0	3.77703197262321282e2	3.79028217506442672e2	-7.07495410929468816e-7	5.00000000000000000e0	4.99999999999999467e0	0.00000000000000000e0	3.46798685936432305e0	3.65780005220975912e0
GROUP	28	24963967	5.56493848413414982e-1	9.65372924044496301e1	-1.09236099207069515e0	-9.95890783228381338e0	3.77499386945227798e2	3.77548335086613406e2	9.95889846830288761e0	3.77703197262319293e2	3.79028217506438580e2	-7.07495448136797522e-7	5.00000000000000000e0	4.99999999999999467e0	0.00000000000000000e0	3.46798685936432349e0	3.65780005220868709e0
GROUP	28	24963968	5.56493848413414982e-1	9.65372924047586594e1	-1.09236099176166590e0	-9.95890779145988247e0	3.77499386945227968e2	3.77548335086613577e2	9.95889846822429092e0	3.77703197262318440e2	3.79028217506436420e2	-7.07495468023899008e-7	5.00000000000000000e0	4.99999999999999467e0	0.00000000000000000e0	3.46798685936432305e0	3.65780005220817417e0
RIGHT	28	24963969	5.56493848413415093e-1	9.65372924040811711e1	-1.09236099243248930e0	-9.95890779366695433e0	3.77499386945228025e2	3.77548335086613633e2	9.95889846812501212e0	3.77703197262317360e2	3.79028217506433691e2	-7.07495493820329028e-7	5.00000000000000000e0	4.99999999999999467e0	0.00000000000000000e0	3.46798685936432127e0	3.65780005220752669e0
LEFT	29	24964369	5.56501597543651916e-1	9.61948984078397871e1	-1.09120170523411275e0	-9.91041280076253628e0	3.77497065551433593e2	3.77546013391817610e2	9.91040338835798096e0	3.77700171211536087e2	3.79024529745603388e2	-2.12682304557929533e-6	5.00000000000000000e0	4.99999999999999467e0	0.00000000000000000e0	3.46793873246020157e0	3.64513980692019235e0
GROUP	29	24964370	5.56501597543652027e-1	9.61948984086755843e1	-1.09120170439497599e0	-9.91041279281935417e0	3.77497065551433991e2	3.77546013391818008e2	9.91040338822817723e0	3.77700171211534212e2	3.79024529745599978e2	-2.12682307547970109e-6	5.00000000000000000e0	4.99999999999999467e0	0.00000000000000000e0	3.46793873246020068e0	3.64513980691934858e0
GROUP	29	24964371	5.56501597543652027e-1	9.61948984047861586e1	-1.09120170828440166e0	-9.91041281396717366e0	3.77497065551434105e2	3.77546013391818121e2	9.91040338815662558e0	3.77700171211533245e2	3.79024529745598159e2	-2.12682309127224287e-6	5.00000000000000000e0	4.99999999999999467e0	0.00000000000000000e0	3.46793873246020024e0	3.64513980691888406e0
GROUP	29	24964372	5.56501597543652027e-1	9.61948984108925345e1	-1.09120170217802581e0	-9.91041275267355104e0	3.77497065551434105e2	3.77546013391818121e2	9.91040338806913823e0	3.77700171211532336e2	3.79024529745596055e2	-2.12682311145323271e-6	5.00000000000000000e0	4.99999999999999467e0	0.00000000000000000e0	3.46793873246020068e0	3.64513980691831607e0
RIGHT	29	24964373	5.56501597543652138e-1	9.61948984086429135e1	-1.09120170442093922e0	-9.91041276244509106e0	3.77497065551434332e2	3.77546013391818349e2	9.91040338789415820e0	3.77700171211530517e2	3.79024529745591792e2	-2.12682314964268214e-6	5.00000000000000000e0	4.99999999999999467e0	0.00000000000000000e0	3.46793873246019846e0	3.64513980691717920e0
LEFT	30	25366163	5.64812541750478236e-1	-4.10317902228871567e0	9.41732539122486827e1	1.00380812535272526e1	3.78021650422222535e2	3.78070666282463833e2	1.00380719234068660e1	3.78226723845618721e2	3.79552822562625863e2	-4.70987378866010781e-6	5.00000000000000000e0	4.99999999999999467e0	0.00000000000000000e0	3.47098740843126086e0	3.67453216294715679e0
GROUP	30	25366164	5.64812541750478347e-1	-4.10317902146742863e0	9.41732539130666595e1	1.00380812537067072e1	3.78021650422222876e2	3.78070666282464174e2	1.00380719232531845e1	3.78226723845616959e2	3.79552822562622168e2	-4.70987381972814891e-6	5.00000000000000000e0	4.99999999999999467e0	0.00000000000000000e0	3.47098740843126041e0	3.67453216294615137e0
GROUP	30	25366165	5.64812541750478347e-1	-4.10317902191032591e0	9.41732539126237640e1	1.00380812549024085e1	3.78021650422223047e2	3.78070666282464344e2	1.00380719231720992e1	3.78226723845616220e2	3.79552822562619951e2	-4.70987383790285863e-6	5.00000000000000000e0	4.99999999999999467e0	0.00000000000000000e0	3.47098740843125952e0	3.67453216294562068e0
RIGHT	30	25366166	5.64812541750478458e-1	-4.10317902234060217e0	9.41732539121868371e1	1.00380812542141484e1	3.78021650422223274e2	3.78070666282464572e2	1.00380719230670152e1	3.78226723845615254e2	3.79552822562616996e2	-4.70987386347446906e-6	5.00000000000000000e0	4.99999999999999467e0	0.00000000000000000e0	3.47098740843125775e0	3.67453216294493368e0
LEFT	31	25537186	5.68584637473463439e-1	9.99529473065929750e1	-1.10887844478658337e0	-1.06539177261625753e1	3.73966074079416160e2	3.74014564076752549e2	1.06539070043995725e1	3.74179652343298585e2	3.75514065452667523e2	-1.20584770035691176e-5	5.00000000000000000e0	4.99999999999999467e0	0.00000000000000000e0	3.47535570102643820e0	3.73373288743526466e0
GROUP	31	25537187	5.68584637473463550e-1	9.99529473062334262e1	-1.10887844515264078e0	-1.06539177057566583e1	3.73966074079416501e2	3.74014564076752890e2	1.06539070042600255e1	3.74179652343296993e2	3.75514065452663829e2	-1.20584770299626269e-5	5.00000000000000000e0	4.99999999999999467e0	0.00000000000000000e0	3.47535570102643909e0	3.73373288743460874e0
GROUP	31	25537188	5.68584637473463550e-1	9.99529472991705035e1	-1.10887845221556347e0	-1.06539177914758909e1	3.73966074079416614e2	3.74014564076753004e2	1.06539070041860437e1	3.74179652343296254e2	3.75514065452662010e2	-1.20584770420824114e-5	5.00000000000000000e0	4.99999999999999467e0	0.00000000000000000e0	3.47535570102643909e0	3.73373288743426102e0
RIGHT	31	25537189	5.68584637473463661e-1	9.99529473075264576e1	-1.10887844386286361e0	-1.06539176874880770e1	3.73966074079416671e2	3.74014564076753061e2	1.06539070040908488e1	3.74179652343295345e2	3.75514065452659736e2	-1.20584770572809675e-5	5.00000000000000000e0	4.99999999999999467e0	0.00000000000000000e0	3.47535570102643865e0	3.73373288743381382e0
LEFT	32	25537593	5.68592381895278054e-1	1.00285705468847112e2	-1.11003506811741204e0	-1.07028581193146373e1	3.73964696003584606e2	3.74013185822233936e2	1.07028474411531445e1	3.74178990564896708e2	3.75514059037316486e2	-1.16399095023916173e-5	5.00000000000000000e0	4.99999999999999467e0	0.00000000000000000e0	3.47541260359673077e0	3.74577210100326408e0
GROUP	32	25537594	5.68592381895278165e-1	1.00285705471213333e2	-1.11003506575768540e0	-1.07028581654817820e1	3.73964696003585061e2	3.74013185822234391e2	1.07028474410130876e1	3.74178990564895287e2	3.75514059037313189e2	-1.16399095263994126e-5	5.00000000000000000e0	4.99999999999999467e0	0.00000000000000000e0	3.47541260359673121e0	3.74577210100260638e0
GROUP	32	25537595	5.68592381895278165e-1	1.00285705469592088e2	-1.11003506737893076e0	-1.07028581339182285e1	3.73964696003585232e2	3.74013185822234561e2	1.07028474409496930e1	3.74178990564894548e2	3.75514059037311711e2	-1.16399095375130948e-5	5.00000000000000000e0	4.99999999999999467e0	0.00000000000000000e0	3.47541260359673121e0	3.74577210100230884e0
GROUP	32	25537596	5.68592381895278165e-1	1.00285705469394074e2	-1.11003506757694481e0	-1.07028581219986769e1	3.73964696003585289e2	3.74013185822234618e2	1.07028474408672576e1	3.74178990564893752e2	3.75514059037309949e2	-1.16399095503095993e-5	5.00000000000000000e0	4.99999999999999467e0	0.00000000000000000e0	3.47541260359673121e0	3.74577210100192337e0
RIGHT	32	25537597	5.68592381895278276e-1	1.00285705468899380e2	-1.11003506807487895e0	-1.07028581541763153e1	3.73964696003585686e2	3.74013185822235016e2	1.07028474407023833e1	3.74178990564892160e2	3.75514059037306083e2	-1.16399095754953870e-5	5.00000000000000000e0	4.99999999999999467e0	0.00000000000000000e0	3.47541260359673121e0	3.74577210100115110e0
LEFT	33	25768645	5.73131247598460347e-1	9.78230784796521249e1	-1.09659152468418597e0	-1.01362032691680408e1	3.78518471461631975e2	3.78567551741756631e2	1.01361939866702606e1	3.78725107326599186e2	3.80052539506354549e2	-1.20649453903391893e-5	5.00000000000000000e0	4.99999999999999467e0	0.00000000000000000e0	3.47383126339172366e0	3.70718123013377499e0
GROUP	33	25768646	5.73131247598460458e-1	9.78230784794791930e1	-1.09659152485380673e0	-1.01362033150783564e1	3.78518471461632316e2	3.78567551741756972e2	1.01361939865532644e1	3.78725107326597708e2	3.80052539506351479e2	-1.20649454119793225e-5	5.00000000000000000e0	4.99999999999999467e0	0.00000000000000000e0	3.47383126339172232e0	3.70718123013298051e0
GROUP	33	25768647	5.73131247598460458e-1	9.78230784786346845e1	-1.09659152569831519e0	-1.01362032482607347e1	3.78518471461632430e2	3.78567551741757086e2	1.01361939864906390e1	3.78725107326596913e2	3.80052539506349831e2	-1.20649454229435660e-5	5.00000000000000000e0	4.99999999999999467e0	0.00000000000000000e0	3.47383126339172144e0	3.70718123013255507e0
GROUP	33	25768648	5.73131247598460458e-1	9.78230784778446179e1	-1.09659152648838187e0	-1.01362033190153227e1	3.78518471461632487e2	3.78567551741757143e2	1.01361939864117261e1	3.78725107326595776e2	3.80052539506347728e2	-1.20649454367029251e-5	5.00000000000000000e0	4.99999999999999467e0	0.00000000000000000e0	3.47383126339172055e0	3.70718123013202039e0
RIGHT	33	25768649	5.73131247598460569e-1	9.78230784805100058e1	-1.09659152381638592e0	-1.01362032824974495e1	3.78518471461632885e2	3.78567551741757541e2	1.01361939862538986e1	3.78725107326593957e2	3.80052539506343805e2	-1.20649454641931134e-5	5.00000000000000000e0	4.99999999999999467e0	0.00000000000000000e0	3.47383126339172099e0	3.70718123013095013e0
LEFT	34	25938770	5.76887791311061937e-1	-4.25132950479008986e0	9.55010594248730911e1	1.04959991960084267e1	3.74458094763310044e2	3.74506648558095719e2	1.04959883248059267e1	3.74669367571946509e2	3.76001660739237934e2	-1.40629927461810694e-6	5.00000000000000000e0	4.99999999999999467e0	0.00000000000000000e0	3.47786748931033785e0	3.68075779373064282e0
GROUP	34	25938771	5.76887791311062048e-1	-4.25132950490403516e0	9.55010594247624311e1	1.04959991963431207e1	3.74458094763310442e2	3.74506648558096117e2	1.04959883246521368e1	3.74669367571944804e2	3.76001660739234183e2	-1.40629930796783902e-6	5.00000000000000000e0	4.99999999999999467e0	0.00000000000000000e0	3.47786748931033962e0	3.68075779372995937e0
GROUP	34	25938772	5.76887791311062048e-1	-4.25132950455291159e0	9.55010594251135529e1	1.04959991955102510e1	3.74458094763310555e2	3.74506648558096231e2	1.04959883245677421e1	3.74669367571943894e2	3.76001660739232307e2	-1.40629932469812823e-6	5.00000000000000000e0	4.99999999999999467e0	0.00000000000000000e0	3.47786748931033962e0	3.68075779372958412e0
RIGHT	34	25938773	5.76887791311062159e-1	-4.25132950501376072e0	9.55010594246592746e1	1.04959991972945659e1	3.74458094763310726e2	3.74506648558096401e2	1.04959883244659480e1	3.74669367571942814e2	3.76001660739229919e2	-1.40629934643395292e-6	5.00000000000000000e0	4.99999999999999467e0	0.00000000000000000e0	3.47786748931033873e0	3.68075779372913026e0
LEFT	35	25939556	5.76903291004035368e-1	-4.28888552781650034e0	9.61376322031745758e1	1.06121180800205934e1	3.74454778139236623e2	3.74503331503975005e2	1.06121072725307641e1	3.74667774616170050e2	3.76001627378790033e2	-4.03103659374463185e-6	5.00000000000000000e0	4.99999999999999467e0	0.00000000000000000e0	3.47798120107261211e0	3.70822679751314110e0
GROUP	35	25939557	5.76903291004035479e-1	-4.28888552802483414e0	9.61376322029727817e1	1.06121180801267201e1	3.74454778139236907e2	3.74503331503975289e2	1.06121072723696930e1	3.74667774616168174e2	3.76001627378786111e2	-4.03103662706996494e-6	5.00000000000000000e0	4.99999999999999467e0	0.00000000000000000e0	3.47798120107261344e0	3.70822679751242923e0
GROUP	35	25939558	5.76903291004035479e-1	-4.28888552695366165e0	9.61376322040439533e1	1.06121180795256578e1	3.74454778139237021e2	3.74503331503975403e2	1.06121072722867567e1	3.74667774616167264e2	3.76001627378784008e2	-4.03103664527755647e-6	5.00000000000000000e0	4.99999999999999467e0	0.00000000000000000e0	3.47798120107261388e0	3.70822679751206286e0
RIGHT	35	25939559	5.76903291004035590e-1	-4.28888552794005751e0	9.61376322030608321e1	1.06121180813748879e1	3.74454778139237135e2	3.74503331503975517e2	1.06121072721772816e1	3.74667774616165900e2	3.76001627378781450e2	-4.03103666706301264e-6	5.00000000000000000e0	4.99999999999999467e0	0.00000000000000000e0	3.47798120107261388e0	3.70822679751157969e0
LEFT	36	25940716	5.76926549995306126e-1	-4.33751773068197455e0	9.70941637344830895e1	1.07625045316150363e1	3.74450450539006511e2	3.74499003342610251e2	1.07624938197501816e1	3.74665696682965461e2	3.76001562859756120e2	-1.04400630962179765e-5	5.00000000000000000e0	4.99999999999999467e0	0.00000000000000000e0	3.47815187988980457e0	3.74984275667521860e0
GROUP	36	25940717	5.76926549995306237e-1	-4.33751772963898663e0	9.70941637355293352e1	1.07625045322226356e1	3.74450450539006738e2	3.74499003342610479e2	1.07624938196321711e1	3.74665696682964040e2	3.76001562859753108e2	-1.04400631183174405e-5	5.00000000000000000e0	4.99999999999999467e0	0.00000000000000000e0	3.47815187988980412e0	3.74984275667468570e0
GROUP	36	25940718	5.76926549995306237e-1	-4.33751773112263539e0	9.70941637340456936e1	1.07625045348449930e1	3.74450450539006795e2	3.74499003342610536e2	1.07624938195690536e1	3.74665696682963187e2	3.76001562859751516e2	-1.04400631302517434e-5	5.00000000000000000e0	4.99999999999999467e0	0.00000000000000000e0	3.47815187988980412e0	3.74984275667440059e0
GROUP	36	25940719	5.76926549995306237e-1	-4.33751773088272774e0	9.70941637342856012e1	1.07625045344765340e1	3.74450450539006908e2	3.74499003342610649e2	1.07624938194892401e1	3.74665696682962277e2	3.76001562859749527e2	-1.04400631437261910e-5	5.00000000000000000e0	4.99999999999999467e0	0.00000000000000000e0	3.47815187988980323e0	3.74984275667403955e0
RIGHT	36	25940720	5.76926549995306348e-1	-4.33751773052945211e0	9.70941637346453632e1	1.07625045318599177e1	3.74450450539007193e2	3.74499003342610933e2	1.07624938193296185e1	3.74665696682960629e2	3.76001562859745491e2	-1.04400631698525801e-5	5.00000000000000000e0	4.99999999999999467e0	0.00000000000000000e0	3.47815187988980190e0	3.74984275667331568e0
LEFT	37	25941120	5.76934303595029729e-1	-4.35483767809562927e0	9.74101950246434001e1	1.08160690848644094e1	3.74449161182299690e2	3.74497713818720058e2	1.08160584038960881e1	3.74665208885425670e2	3.76001790480838963e2	-1.25178246203236536e-5	5.00000000000000000e0	4.99999999999999467e0	0.00000000000000000e0	3.47820878028287872e0	3.76410273630284697e0
GROUP	37	25941121	5.76934303595029840e-1	-4.35483767865845284e0	9.74101950240838192e1	1.08160690852083690e1	3.74449161182299918e2	3.74497713818720285e2	1.08160584037728711e1	3.74665208885424079e2	3.76001790480835837e2	-1.25178246418103231e-5	5.00000000000000000e0	4.99999999999999467e0	0.00000000000000000e0	3.47820878028287828e0	3.76410273630228787e0
GROUP	37	25941122	5.76934303595029840e-1	-4.35483767945335387e0	9.74101950232889209e1	1.08160690857953909e1	3.74449161182299974e2	3.74497713818720342e2	1.08160584037095564e1	3.74665208885423340e2	3.76001790480834302e2	-1.25178246514790585e-5	5.00000000000000000e0	4.99999999999999467e0	0.00000000000000000e0	3.47820878028287828e0	3.76410273630200010e0
GROUP	37	25941123	5.76934303595029840e-1	-4.35483767770012431e0	9.74101950250421567e1	1.08160690881839514e1	3.74449161182300145e2	3.74497713818720513e2	1.08160584036285670e1	3.74665208885422430e2	3.76001790480832369e2	-1.25178246636510592e-5	5.00000000000000000e0	4.99999999999999467e0	0.00000000000000000e0	3.47820878028287783e0	3.76410273630163283e0
RIGHT	37	25941124	5.76934303595029951e-1	-4.35483767753336615e0	9.74101950252153870e1	1.08160690853640631e1	3.74449161182300486e2	3.74497713818720854e2	1.08160584034665845e1	3.74665208885420327e2	3.76001790480828561e2	-1.25178246894201342e-5	5.00000000000000000e0	4.99999999999999467e0	0.00000000000000000e0	3.47820878028287739e0	3.76410273630089742e0
LEFT	38	26169918	5.81442182172687505e-1	-4.19121160739774812e0	9.57075973224990548e1	1.03101521985986437e1	3.79019401390133169e2	3.79068546622916870e2	1.03101429539352107e1	3.79228670626406199e2	3.80558458442022868e2	-1.13639842623668557e-5	5.00000000000000000e0	4.99999999999999467e0	0.00000000000000000e0	3.47654189095696786e0	3.73703654950324404e0
GROUP	38	26169919	5.81442182172687616e-1	-4.19121160696245187e0	9.57075973229310506e1	1.03101521975664241e1	3.79019401390133510e2	3.79068546622917211e2	1.03101429537897005e1	3.79228670626404607e2	3.80558458442019116e2	-1.13639842878659000e-5	5.00000000000000000e0	4.99999999999999467e0	0.00000000000000000e0	3.47654189095696742e0	3.73703654950228747e0
GROUP	38	26169920	5.81442182172687616e-1	-4.19121160736563514e0	9.57075973225278744e1	1.03101522003648256e1	3.79019401390133567e2	3.79068546622917268e2	1.03101429537235685e1	3.79228670626403812e2	3.80558458442017468e2	-1.13639842992030193e-5	5.00000000000000000e0	4.99999999999999467e0	0.00000000000000000e0	3.47654189095696786e0	3.73703654950185360e0
GROUP	38	26169921	5.81442182172687616e-1	-4.19121160759175204e0	9.57075973223017513e1	1.03101521974116963e1	3.79019401390133567e2	3.79068546622917268e2	1.03101429536380191e1	3.79228670626402788e2	3.80558458442015365e2	-1.13639843137647337e-5	5.00000000000000000e0	4.99999999999999467e0	0.00000000000000000e0	3.47654189095696831e0	3.73703654950129183e0
RIGHT	38	26169922	5.81442182172687727e-1	-4.19121160720439700e0	9.57075973226891108e1	1.03101521983750217e1	3.79019401390133851e2	3.79068546622917552e2	1.03101429534669240e1	3.79228670626400799e2	3.80558458442011329e2	-1.13639843424744732e-5	5.00000000000000000e0	4.99999999999999467e0	0.00000000000000000e0	3.47654189095696786e0	3.73703654950016961e0
LEFT	39	26170320	5.81449921408250692e-1	-4.17980412352468722e0	9.53814938747516123e1	1.02748917579492627e1	3.79017485225980067e2	3.79066630210305959e2	1.02748824890247192e1	3.79226227493819977e2	3.80555538652580822e2	-9.63851046000931774e-6	5.00000000000000000e0	4.99999999999999467e0	0.00000000000000000e0	3.47649241423833910e0	3.72564127958832891e0
GROUP	39	26170321	5.81449921408250803e-1	-4.17980412282007752e0	9.53814938754496353e1	1.02748917598169669e1	3.79017485225980465e2	3.79066630210306357e2	1.02748824889144981e1	3.79226227493818669e2	3.80555538652578093e2	-9.63851048091792625e-6	5.00000000000000000e0	4.99999999999999467e0	0.00000000000000000e0	3.47649241423833866e0	3.72564127958761215e0
GROUP	39	26170322	5.81449921408250803e-1	-4.17980412479249175e0	9.53814938734772113e1	1.02748917556113497e1	3.79017485225980636e2	3.79066630210306528e2	1.02748824888551713e1	3.79226227493817987e2	3.80555538652576672e2	-9.63851049162149874e-6	5.00000000000000000e0	4.99999999999999467e0	0.00000000000000000e0	3.47649241423833821e0	3.72564127958722668e0
GROUP	39	26170323	5.81449921408250803e-1	-4.17980412418253167e0	9.53814938740871696e1	1.02748917553650472e1	3.79017485225980636e2	3.79066630210306528e2	1.02748824887809374e1	3.79226227493817248e2	3.80555538652574910e2	-9.63851050496470203e-6	5.00000000000000000e0	4.99999999999999467e0	0.00000000000000000e0	3.47649241423833777e0	3.72564127958674485e0
RIGHT	39	26170324	5.81449921408250914e-1	-4.17980412295039638e0	9.53814938753160249e1	1.02748917573478025e1	3.79017485225980693e2	3.79066630210306585e2	1.02748824886324766e1	3.79226227493815770e2	3.80555538652571158e2	-9.63851053315576609e-6	5.00000000000000000e0	4.99999999999999467e0	0.00000000000000000e0	3.47649241423833733e0	3.72564127958578029e0
LEFT	40	26172268	5.81488631486479002e-1	-4.10540290182594525e0	9.37550708793356335e1	1.00449532505726893e1	3.79007003536141724e2	3.79056147161368074e2	1.00449438512116433e1	3.79212339645577458e2	3.80538531864134768e2	-4.70961629273389391e-6	5.00000000000000000e0	4.99999999999999467e0	0.00000000000000000e0	3.47624651558695819e0	3.66926857217415447e0
GROUP	40	26172269	5.81488631486479113e-1	-4.10540290239665939e0	9.37550708787615861e1	1.00449532482442692e1	3.79007003536142065e2	3.79056147161368415e2	1.00449438511008573e1	3.79212339645576037e2	3.80538531864132040e2	-4.70961631489960180e-6	5.00000000000000000e0	4.99999999999999467e0	0.00000000000000000e0	3.47624651558695730e0	3.66926857217343461e0
GROUP	40	26172270	5.81488631486479113e-1	-4.10540289903198286e0	9.37550708821262617e1	1.00449532468235248e1	3.79007003536142179e2	3.79056147161368528e2	1.00449438510412250e1	3.79212339645575241e2	3.80538531864130562e2	-4.70961632589982048e-6	5.00000000000000000e0	4.99999999999999467e0	0.00000000000000000e0	3.47624651558695685e0	3.66926857217304603e0
GROUP	40	26172271	5.81488631486479113e-1	-4.10540290476708769e0	9.37550708763911587e1	1.00449532480164976e1	3.79007003536142236e2	3.79056147161368585e2	1.00449438509666162e1	3.79212339645574446e2	3.80538531864128515e2	-4.70961634217715776e-6	5.00000000000000000e0	4.99999999999999467e0	0.00000000000000000e0	3.47624651558695641e0	3.66926857217256019e0
RIGHT	40	26172272	5.81488631486479224e-1	-4.10540290163510058e0	9.37550708795164667e1	1.00449532483013400e1	3.79007003536142463e2	3.79056147161368813e2	1.00449438508173969e1	3.79212339645572968e2	3.80538531864124252e2	-4.70961637706978132e-6	5.00000000000000000e0	4.99999999999999467e0	0.00000000000000000e0	3.47624651558695508e0	3.66926857217159119e0
LEFT	41	26342895	5.85252972978947295e-1	1.00023030017622062e2	-1.11082365730861454e0	-1.07362456102384201e1	3.74938006648275461e2	3.74986622670433178e2	1.07362348567627457e1	3.75152938161576856e2	3.76488453292245879e2	-9.47531582846930027e-6	5.00000000000000000e0	4.99999999999999467e0	0.00000000000000000e0	3.48047876576124038e0	3.73317404193781988e0
GROUP	41	26342896	5.85252972978947406e-1	1.00023030016448359e2	-1.11082365848555753e0	-1.07362456236242600e1	3.74938006648275859e2	3.74986622670433576e2	1.07362348566262451e1	3.75152938161575150e2	3.76488453292242468e2	-9.47531585457212656e-6	5.00000000000000000e0	4.99999999999999467e0	0.00000000000000000e0	3.48047876576124038e0	3.73317404193722480e0
GROUP	41	26342897	5.85252972978947406e-1	1.00023030019632060e2	-1.11082365530185712e0	-1.07362456122932315e1	3.74938006648275973e2	3.74986622670433690e2	1.07362348565537751e1	3.75152938161574355e2	3.76488453292240536e2	-9.47531586932490787e-6	5.00000000000000000e0	4.99999999999999467e0	0.00000000000000000e0	3.48047876576123993e0	3.73317404193690816e0
RIGHT	41	26342898	5.85252972978947517e-1	1.00023030017746791e2	-1.11082365719363452e0	-1.07362455729356423e1	3.74938006648275973e2	3.74986622670433690e2	1.07362348564607668e1	3.75152938161573445e2	3.76488453292238091e2	-9.47531588844219924e-6	5.00000000000000000e0	4.99999999999999467e0	0.00000000000000000e0	3.48047876576123949e0	3.73317404193650182e0
LEFT	42	26571646	5.89760867176983505e-1	9.94329318191465461e1	-1.10236581243061948e0	-1.03789990769114020e1	3.79483360814041873e2	3.79532566205735122e2	1.03789898683777242e1	3.79693714756464146e2	3.81024432038025111e2	-1.22363518460021162e-5	5.00000000000000000e0	4.99999999999999467e0	0.00000000000000000e0	3.47891580472214068e0	3.75700342146971789e0
GROUP	42	26571647	5.89760867176983616e-1	9.94329318175000481e1	-1.10236581407711753e0	-1.03789990986583938e1	3.79483360814042157e2	3.79532566205735407e2	1.03789898682440960e1	3.79693714756462498e2	3.81024432038021700e2	-1.22363518691983625e-5	5.00000000000000000e0	4.99999999999999467e0	0.00000000000000000e0	3.47891580472213935e0	3.75700342146882305e0
GROUP	42	26571648	5.89760867176983616e-1	9.94329318195595420e1	-1.10236581201762363e0	-1.03789990485102734e1	3.79483360814042271e2	3.79532566205735520e2	1.03789898681784205e1	3.79693714756461759e2	3.81024432038020052e2	-1.22363518801010961e-5	5.00000000000000000e0	4.99999999999999467e0	0.00000000000000000e0	3.47891580472213890e0	3.75700342146838207e0
GROUP	42	26571649	5.89760867176983616e-1	9.94329318220834892e1	-1.10236580949367635e0	-1.03789990464679676e1	3.79483360814042499e2	3.79532566205735748e2	1.03789898680941910e1	3.79693714756461077e2	3.81024432038018006e2	-1.22363518938190895e-5	5.00000000000000000e0	4.99999999999999467e0	0.00000000000000000e0	3.47891580472213802e0	3.75700342146781852e0
RIGHT	42	26571650	5.89760867176983727e-1	9.94329318187966891e1	-1.10236581277392531e0	-1.03789990916658983e1	3.79483360814042840e2	3.79532566205736089e2	1.03789898679257355e1	3.79693714756459542e2	3.81024432038014027e2	-1.22363519196505925e-5	5.00000000000000000e0	4.99999999999999467e0	0.00000000000000000e0	3.47891580472213580e0	3.75700342146669231e0
LEFT	43	26573583	5.89799569871327201e-1	9.77493539589907670e1	-1.09766211020688331e0	-1.01811497272225946e1	3.79473588886079028e2	3.79522793010703424e2	1.01811403763952022e1	3.79680999293749494e2	3.81009041149684663e2	-5.24732589763730924e-6	5.00000000000000000e0	4.99999999999999467e0	0.00000000000000000e0	3.47866919907389116e0	3.69533795854082570e0
GROUP	43	26573584	5.89799569871327312e-1	9.77493539594776308e1	-1.09766210971670830e0	-1.01811497250700533e1	3.79473588886079312e2	3.79522793010703708e2	1.01811403762324009e1	3.79680999293747618e2	3.81009041149680627e2	-5.24732593080879404e-6	5.00000000000000000e0	4.99999999999999467e0	0.00000000000000000e0	3.47866919907389116e0	3.69533795853978431e0
GROUP	43	26573585	5.89799569871327312e-1	9.77493539579393484e1	-1.09766211125499069e0	-1.01811497316218347e1	3.79473588886079426e2	3.79522793010703822e2	1.01811403761482815e1	3.79680999293746595e2	3.81009041149678524e2	-5.24732594825279469e-6	5.00000000000000000e0	4.99999999999999467e0	0.00000000000000000e0	3.47866919907389027e0	3.69533795853924651e0
RIGHT	43	26573586	5.89799569871327423e-1	9.77493539599942949e1	-1.09766210919342200e0	-1.01811496746099870e1	3.79473588886079597e2	3.79522793010703992e2	1.01811403760375523e1	3.79680999293745344e2	3.81009041149675568e2	-5.24732597201577802e-6	5.00000000000000000e0	4.99999999999999467e0	0.00000000000000000e0	3.47866919907388850e0	3.69533795853853952e0
LEFT	44	26746414	5.93610386522574363e-1	-4.37778209653138095e0	9.77909153521262340e1	1.08870326965129607e1	3.75387296286148910e2	3.75435970565070704e2	1.08870220181712316e1	3.75604518944365225e2	3.76942046977158327e2	-1.04700660038534428e-5	5.00000000000000000e0	4.99999999999999467e0	0.00000000000000000e0	3.48298782694159925e0	3.77198551580724928e0
GROUP	44	26746415	5.93610386522574474e-1	-4.37778209639918359e0	9.77909153522648609e1	1.08870326951009133e1	3.75387296286149308e2	3.75435970565071102e2	1.08870220180139654e1	3.75604518944363349e2	3.76942046977154519e2	-1.04700660308899434e-5	5.00000000000000000e0	4.99999999999999467e0	0.00000000000000000e0	3.48298782694160014e0	3.77198551580654806e0
GROUP	44	26746416	5.93610386522574474e-1	-4.37778209777808769e0	9.77909153508859674e1	1.08870326983894756e1	3.75387296286149535e2	3.75435970565071329e2	1.08870220179324857e1	3.75604518944362439e2	3.76942046977152586e2	-1.04700660444824911e-5	5.00000000000000000e0	4.99999999999999467e0	0.00000000000000000e0	3.48298782694160058e0	3.77198551580618524e0
RIGHT	44	26746417	5.93610386522574585e-1	-4.37778209705815957e0	9.77909153516091152e1	1.08870326958193004e1	3.75387296286149706e2	3.75435970565071500e2	1.08870220178254602e1	3.75604518944361189e2	3.76942046977150142e2	-1.04700660608953588e-5	5.00000000000000000e0	4.99999999999999467e0	0.00000000000000000e0	3.48298782694160058e0	3.77198551580570962e0
LEFT	45	26974414	5.98095046932409669e-1	-4.22318716470723476e0	9.62754156139606323e1	1.04089958387715456e1	3.79929593583585472e2	3.79978856835676538e2	1.04089866074353665e1	3.80140475473842571e2	3.81471597226780204e2	-1.42789340438018079e-5	5.00000000000000000e0	4.99999999999999467e0	0.00000000000000000e0	3.48127517037607115e0	3.76402403850342981e0
GROUP	45	26974415	5.98095046932409780e-1	-4.22318716479406842e0	9.62754156138738040e1	1.04089958396338602e1	3.79929593583585870e2	3.79978856835676936e2	1.04089866072826975e1	3.80140475473840979e2	3.81471597226776566e2	-1.42789340675910738e-5	5.00000000000000000e0	4.99999999999999467e0	0.00000000000000000e0	3.48127517037607070e0	3.76402403850240308e0
GROUP	45	26974416	5.98095046932409780e-1	-4.22318716632939761e0	9.62754156123384774e1	1.04089958405756420e1	3.79929593583586097e2	3.79978856835677163e2	1.04089866072052892e1	3.80140475473840297e2	3.81471597226774747e2	-1.42789340795843674e-5	5.00000000000000000e0	4.99999999999999467e0	0.00000000000000000e0	3.48127517037607026e0	3.76402403850188216e0
RIGHT	45	26974417	5.98095046932409891e-1	-4.22318716584409071e0	9.62754156128205096e1	1.04089958382884902e1	3.79929593583586268e2	3.79978856835677334e2	1.04089866071059394e1	3.80140475473839331e2	3.81471597226772190e2	-1.42789340959294928e-5	5.00000000000000000e0	4.99999999999999467e0	0.00000000000000000e0	3.48127517037606982e0	3.76402403850121292e0
LEFT	46	26974822	5.98102786352779692e-1	-4.20851042475365489e0	9.59540919503789667e1	1.03636253789028956e1	3.79927790248007170e2	3.79977053266270218e2	1.03636161215929565e1	3.80137995701610691e2	3.81468505570419438e2	-1.27395229609921644e-5	5.00000000000000000e0	4.99999999999999467e0	0.00000000000000000e0	3.48122559332938009e0	3.75093848863871360e0
GROUP	46	26974823	5.98102786352779803e-1	-4.20851042402683362e0	9.59540919510992296e1	1.03636253802229135e1	3.79927790248007454e2	3.79977053266270502e2	1.03636161214366744e1	3.80137995701608929e2	3.81468505570415346e2	-1.27395229896915262e-5	5.00000000000000000e0	4.99999999999999467e0	0.00000000000000000e0	3.48122559332938053e0	3.75093848863766732e0
GROUP	46	26974824	5.98102786352779803e-1	-4.20851042453696156e0	9.59540919505890884e1	1.03636253761222292e1	3.79927790248007568e2	3.79977053266270616e2	1.03636161213556068e1	3.80137995701608247e2	3.81468505570413413e2	-1.27395230029904805e-5	5.00000000000000000e0	4.99999999999999467e0	0.00000000000000000e0	3.48122559332938009e0	3.75093848863712420e0
RIGHT	46	26974825	5.98102786352779914e-1	-4.20851042492872995e0	9.59540919501940550e1	1.03636253776761009e1	3.79927790248007852e2	3.79977053266270900e2	1.03636161212499065e1	3.80137995701607224e2	3.81468505570410969e2	-1.27395230189632095e-5	5.00000000000000000e0	4.99999999999999467e0	0.00000000000000000e0	3.48122559332937920e0	3.75093848863641632e0
LEFT	47	26976383	5.98133740639683387e-1	-4.15389963305460519e0	9.46563521186896111e1	1.01948264418558665e1	3.79919859103314820e2	3.79969121093192655e2	1.01948170836677061e1	3.80127538987529420e2	3.81455766221526119e2	-4.75145854832354132e-6	5.00000000000000000e0	4.99999999999999467e0	0.00000000000000000e0	3.48102831519689015e0	3.70179618755836559e0
GROUP	47	26976384	5.98133740639683498e-1	-4.15389963284609820e0	9.46563521188948016e1	1.01948264436634304e1	3.79919859103315105e2	3.79969121093192939e2	1.01948170835282408e1	3.80127538987527714e2	3.81455766221522765e2	-4.75145857693328359e-6	5.00000000000000000e0	4.99999999999999467e0	0.00000000000000000e0	3.48102831519688971e0	3.70179618755745610e0
GROUP	47	26976385	5.98133740639683498e-1	-4.15389963288857889e0	9.46563521188523112e1	1.01948264408302975e1	3.79919859103315162e2	3.79969121093192996e2	1.01948170834541809e1	3.80127538987526748e2	3.81455766221520889e2	-4.75145859212436719e-6	5.00000000000000000e0	4.99999999999999467e0	0.00000000000000000e0	3.48102831519688927e0	3.70179618755697337e0
RIGHT	47	26976386	5.98133740639683609e-1	-4.15389963443221522e0	9.46563521173020490e1	1.01948264396808668e1	3.79919859103315162e2	3.79969121093192996e2	1.01948170833591671e1	3.80127538987525611e2	3.81455766221518445e2	-4.75145861219446898e-6	5.00000000000000000e0	4.99999999999999467e0	0.00000000000000000e0	3.48102831519688927e0	3.70179618755635387e0
LEFT	48	27147932	6.01921315440402505e-1	1.00095258093590928e2	-1.11088344726948662e0	-1.07387777067912733e1	3.75829088002483900e2	3.75877819565958021e2	1.07387669221101287e1	3.76044188394839978e2	3.77379737385922112e2	-8.90910197115660328e-6	5.00000000000000000e0	4.99999999999999467e0	0.00000000000000000e0	3.48514966298844842e0	3.73823324638586563e0
GROUP	48	27147933	6.01921315440402616e-1	1.00095258095983652e2	-1.11088344487676238e0	-1.07387777122236834e1	3.75829088002484184e2	3.75877819565958305e2	1.07387669219534896e1	3.76044188394838159e2	3.77379737385918247e2	-8.90910199937019333e-6	5.00000000000000000e0	4.99999999999999467e0	0.00000000000000000e0	3.48514966298844930e0	3.73823324638514931e0
GROUP	48	27147934	6.01921315440402616e-1	1.00095258091680662e2	-1.11088344917975235e0	-1.07387777108139666e1	3.75829088002484298e2	3.75877819565958418e2	1.07387669218710453e1	3.76044188394837363e2	3.77379737385916144e2	-8.90910201532531419e-6	5.00000000000000000e0	4.99999999999999467e0	0.00000000000000000e0	3.48514966298844930e0	3.73823324638477228e0
RIGHT	48	27147935	6.01921315440402727e-1	1.00095258090713116e2	-1.11088345015379275e0	-1.07387776770457997e1	3.75829088002484525e2	3.75877819565958646e2	1.07387669217638244e1	3.76044188394836397e2	3.77379737385913415e2	-8.90910203543717301e-6	5.00000000000000000e0	4.99999999999999467e0	0.00000000000000000e0	3.48514966298844886e0	3.73823324638428289e0
LEFT	49	27148333	6.01929066601262552e-1	1.00427982782424735e2	-1.11199049127566241e0	-1.07856764657927400e1	3.75827688935024298e2	3.75876420317089526e2	1.07856656974523819e1	3.76043487693412942e2	3.77379663468898912e2	-1.04108691042841832e-5	5.00000000000000000e0	4.99999999999999467e0	0.00000000000000000e0	3.48520624367755660e0	3.75132756044757842e0
GROUP	49	27148334	6.01929066601262663e-1	1.00427982780631666e2	-1.11199049307521136e0	-1.07856764774606813e1	3.75827688935024639e2	3.75876420317089867e2	1.07856656973170271e1	3.76043487693411464e2	3.77379663468895444e2	-1.04108691300086416e-5	5.00000000000000000e0	4.99999999999999467e0	0.00000000000000000e0	3.48520624367755749e0	3.75132756044695359e0
GROUP	49	27148335	6.01929066601262663e-1	1.00427982782009835e2	-1.11199049169704267e0	-1.07856764788057617e1	3.75827688935024810e2	3.75876420317090037e2	1.07856656972475680e1	3.76043487693410782e2	3.77379663468893682e2	-1.04108691430674892e-5	5.00000000000000000e0	4.99999999999999467e0	0.00000000000000000e0	3.48520624367755838e0	3.75132756044663296e0
RIGHT	49	27148336	6.01929066601262774e-1	1.00427982781437265e2	-1.11199049227286650e0	-1.07856764307306179e1	3.75827688935024923e2	3.75876420317090151e2	1.07856656971594358e1	3.76043487693409929e2	3.77379663468891408e2	-1.04108691603362446e-5	5.00000000000000000e0	4.99999999999999467e0	0.00000000000000000e0	3.48520624367755971e0	3.75132756044622706e0
LEFT	50	27379331	6.06467916255936768e-1	9.76756248625022039e1	-1.09763980968340036e0	-1.01802131322557230e1	3.80365334852092928e2	3.80414654604210114e2	1.01802037759509485e1	3.80572873625551210e2	3.81900902785407254e2	-5.91075366051115839e-6	5.00000000000000000e0	4.99999999999999467e0	0.00000000000000000e0	3.48322679910369848e0	3.70236528900435902e0
GROUP	50	27379332	6.06467916255936879e-1	9.76756248633751483e1	-1.09763980880381951e0	-1.01802131686906847e1	3.80365334852093270e2	3.80414654604210455e2	1.01802037758015622e1	3.80572873625549732e2	3.81900902785403332e2	-5.91075369271823350e-6	5.00000000000000000e0	4.99999999999999467e0	0.00000000000000000e0	3.48322679910369759e0	3.70236528900336381e0
GROUP	50	27379333	6.06467916255936879e-1	9.76756248628656465e1	-1.09763980931332128e0	-1.01802131508449953e1	3.80365334852093440e2	3.80414654604210625e2	1.01802037757225605e1	3.80572873625549107e2	3.81900902785401229e2	-5.91075371082237775e-6	5.00000000000000000e0	4.99999999999999467e0	0.00000000000000000e0	3.48322679910369715e0	3.70236528900283801e0
RIGHT	50	27379334	6.06467916255936990e-1	9.76756248649041225e1	-1.09763980727154831e0	-1.01802131094212953e1	3.80365334852093554e2	3.80414654604210739e2	1.01802037756205301e1	3.80572873625548141e2	3.81900902785398614e2	-5.91075373213463472e-6	5.00000000000000000e0	4.99999999999999467e0	0.00000000000000000e0	3.48322679910369715e0	3.70236528900215944e0
LEFT	51	27380497	6.06491141186570659e-1	9.66560169530549160e1	-1.09346356642248566e0	-1.00050662810143507e1	3.80358582635509777e2	3.80407901512106434e2	1.00050568273026528e1	3.80563523253062044e2	3.81889172528594258e2	-2.35231964425187966e-6	5.00000000000000000e0	4.99999999999999467e0	0.00000000000000000e0	3.48307871948429826e0	3.65864169316145471e0
GROUP	51	27380498	6.06491141186570770e-1	9.66560169550619293e1	-1.09346356440880754e0	-1.00050662541374766e1	3.80358582635510118e2	3.80407901512106775e2	1.00050568271823526e1	3.80563523253060566e2	3.81889172528590905e2	-2.35231967282798456e-6	5.00000000000000000e0	4.99999999999999467e0	0.00000000000000000e0	3.48307871948429781e0	3.65864169316065668e0
GROUP	51	27380499	6.06491141186570770e-1	9.66560169516933883e1	-1.09346356777734854e0	-1.00050663403574998e1	3.80358582635510174e2	3.80407901512106832e2	1.00050568271175244e1	3.80563523253059770e2	3.81889172528589086e2	-2.35231968869701385e-6	5.00000000000000000e0	4.99999999999999467e0	0.00000000000000000e0	3.48307871948429737e0	3.65864169316022636e0
GROUP	51	27380500	6.06491141186570770e-1	9.66560169545314238e1	-1.09346356493931296e0	-1.00050663096937598e1	3.80358582635510231e2	3.80407901512106889e2	1.00050568270358831e1	3.80563523253058804e2	3.81889172528586926e2	-2.35231970875802062e-6	5.00000000000000000e0	4.99999999999999467e0	0.00000000000000000e0	3.48307871948429693e0	3.65864169315968457e0
RIGHT	51	27380501	6.06491141186570881e-1	9.66560169517282901e1	-1.09346356773910713e0	-1.00050662751622568e1	3.80358582635510629e2	3.80407901512107287e2	1.00050568268725968e1	3.80563523253056815e2	3.81889172528582662e2	-2.35231974635045159e-6	5.00000000000000000e0	4.99999999999999467e0	0.00000000000000000e0	3.48307871948429604e0	3.65864169315860144e0
LEFT	52	27780498	6.14771114647028605e-1	-4.21500597516258324e0	9.58753469577479507e1	1.03837049046523475e1	3.80793518177485055e2	3.80842893449633948e2	1.03836956107783944e1	3.81004126604641783e2	3.82334907358626424e2	-8.00066912880870824e-6	5.00000000000000000e0	4.99999999999999467e0	0.00000000000000000e0	3.48534069250521439e0	3.74234054658700765e0
GROUP	52	27780499	6.14771114647028716e-1	-4.21500597468229987e0	9.58753469582216979e1	1.03837049046063612e1	3.80793518177485339e2	3.80842893449634232e2	1.03836956106197977e1	3.81004126604639907e2	3.82334907358622274e2	-8.00066916144072199e-6	5.00000000000000000e0	4.99999999999999467e0	0.00000000000000000e0	3.48534069250521350e0	3.74234054658597781e0
GROUP	52	27780500	6.14771114647028716e-1	-4.21500597505063457e0	9.58753469578533668e1	1.03837049060479671e1	3.80793518177485453e2	3.80842893449634346e2	1.03836956105362734e1	3.81004126604638657e2	3.82334907358620171e2	-8.00066917744489961e-6	5.00000000000000000e0	4.99999999999999467e0	0.00000000000000000e0	3.48534069250521306e0	3.74234054658543602e0
RIGHT	52	27780501	6.14771114647028827e-1	-4.21500597425169854e0	9.58753469586490041e1	1.03837049051164740e1	3.80793518177485623e2	3.80842893449634516e2	1.03836956104277363e1	3.81004126604637179e2	3.82334907358617443e2	-8.00066919865966479e-6	5.00000000000000000e0	4.99999999999999467e0	0.00000000000000000e0	3.48534069250521261e0	3.74234054658473259e0
LEFT	53	27780903	6.14778863929539399e-1	-4.20233477814010303e0	9.55505523631505724e1	1.03445351829890910e1	3.80791587321806276e2	3.80840962343592423e2	1.03445258630754946e1	3.81001629222549923e2	3.82331881425808206e2	-9.27796601636817845e-6	5.00000000000000000e0	4.99999999999999467e0	0.00000000000000000e0	3.48529078245810897e0	3.73148954567460800e0
GROUP	53	27780904	6.14778863929539510e-1	-4.20233477665904598e0	9.55505523646283308e1	1.03445351825805574e1	3.80791587321806674e2	3.80840962343592821e2	1.03445258629489114e1	3.81001629222548388e2	3.82331881425805136e2	-9.27796604041730729e-6	5.00000000000000000e0	4.99999999999999467e0	0.00000000000000000e0	3.48529078245810853e0	3.73148954567379132e0
GROUP	53	27780905	6.14778863929539510e-1	-4.20233477949861367e0	9.55505523617887604e1	1.03445351817988467e1	3.80791587321806787e2	3.80840962343592935e2	1.03445258628813423e1	3.81001629222547422e2	3.82331881425803545e2	-9.27796605350911120e-6	5.00000000000000000e0	4.99999999999999467e0	0.00000000000000000e0	3.48529078245810808e0	3.73148954567335611e0
GROUP	53	27780906	6.14778863929539510e-1	-4.20233477685708667e0	9.55505523644302883e1	1.03445351822246607e1	3.80791587321806787e2	3.80840962343592935e2	1.03445258627955194e1	3.81001629222546171e2	3.82331881425801669e2	-9.27796606786261474e-6	5.00000000000000000e0	4.99999999999999467e0	0.00000000000000000e0	3.48529078245810719e0	3.73148954567280366e0
RIGHT	53	27780907	6.14778863929539621e-1	-4.20233477723071847e0	9.55505523640500911e1	1.03445351817433107e1	3.80791587321807015e2	3.80840962343593162e2	1.03445258626238736e1	3.81001629222544011e2	3.82331881425797746e2	-9.27796609596398478e-6	5.00000000000000000e0	4.99999999999999467e0	0.00000000000000000e0	3.48529078245810542e0	3.73148954567169522e0
LEFT	54	27782059	6.14802084196969245e-1	-4.15459339380443016e0	9.45820114166307064e1	1.01969706096151640e1	3.80785425560721364e2	3.80834799783547908e2	1.01969612152915037e1	3.80993270002779866e2	3.82321526293864451e2	-4.45108333305065176e-6	5.00000000000000000e0	4.99999999999999467e0	0.00000000000000000e0	3.48514184780062086e0	3.69638337236292136e0
GROUP	54	27782060	6.14802084196969356e-1	-4.15459339288812135e0	9.45820114175404143e1	1.01969706113127927e1	3.80785425560721649e2	3.80834799783548192e2	1.01969612151486526e1	3.80993270002778502e2	3.82321526293860700e2	-4.45108336462553536e-6	5.00000000000000000e0	4.99999999999999467e0	0.00000000000000000e0	3.48514184780061953e0	3.69638337236199499e0
GROUP	54	27782061	6.14802084196969356e-1	-4.15459339354893853e0	9.45820114168795953e1	1.01969706114755354e1	3.80785425560721819e2	3.80834799783548362e2	1.01969612150842313e1	3.80993270002777820e2	3.82321526293858824e2	-4.45108338038587846e-6	5.00000000000000000e0	4.99999999999999467e0	0.00000000000000000e0	3.48514184780061997e0	3.69638337236157755e0
GROUP	54	27782062	6.14802084196969356e-1	-4.15459339265045724e0	9.45820114177780766e1	1.01969706111481173e1	3.80785425560722047e2	3.80834799783548590e2	1.01969612150000568e1	3.80993270002776853e2	3.82321526293856550e2	-4.45108340038476764e-6	5.00000000000000000e0	4.99999999999999467e0	0.00000000000000000e0	3.48514184780062086e0	3.69638337236103265e0
RIGHT	54	27782063	6.14802084196969467e-1	-4.15459339188237120e0	9.45820114185461591e1	1.01969706098660140e1	3.80785425560722331e2	3.80834799783548874e2	1.01969612148317079e1	3.80993270002775148e2	3.82321526293852799e2	-4.45108343166030641e-6	5.00000000000000000e0	4.99999999999999467e0	0.00000000000000000e0	3.48514184780061997e0	3.69638337235994197e0
LEFT	55	27954978	6.18612917467665557e-1	1.01162534949487792e2	-1.11444200976328034e0	-1.08896429245349466e1	3.76675699493554475e2	3.76724540832197476e2	1.08896322392359188e1	3.76893181740699958e2	3.78230744558034075e2	-1.42983168258251841e-5	5.00000000000000000e0	4.99999999999999467e0	0.00000000000000000e0	3.48928689908078171e0	3.77169239330387196e0
GROUP	55	27954979	6.18612917467665668e-1	1.01162534948161962e2	-1.11444201109556218e0	-1.08896429503233136e1	3.76675699493554873e2	3.76724540832197874e2	1.08896322390745350e1	3.76893181740698253e2	3.78230744558029869e2	-1.42983168545054283e-5	5.00000000000000000e0	4.99999999999999467e0	0.00000000000000000e0	3.48928689908078260e0	3.77169239330313122e0
GROUP	55	27954980	6.18612917467665668e-1	1.01162534946167654e2	-1.11444201308987090e0	-1.08896429312022534e1	3.76675699493555044e2	3.76724540832198045e2	1.08896322389933218e1	3.76893181740697457e2	3.78230744558027766e2	-1.42983168684616310e-5	5.00000000000000000e0	4.99999999999999467e0	0.00000000000000000e0	3.48928689908078349e0	3.77169239330275685e0
RIGHT	55	27954981	6.18612917467665779e-1	1.01162534948807675e2	-1.11444201045306102e0	-1.08896429354356084e1	3.76675699493555385e2	3.76724540832198386e2	1.08896322388882574e1	3.76893181740696321e2	3.78230744558024981e2	-1.42983168869852861e-5	5.00000000000000000e0	4.99999999999999467e0	0.00000000000000000e0	3.48928689908078393e0	3.77169239330227102e0
LEFT	56	28183785	6.23113035437430907e-1	9.86159377149840282e1	-1.10039752340497898e0	-1.02961346026715326e1	3.81214604675670785e2	3.81264034547647327e2	1.02961252935293182e1	3.81423992701400607e2	3.82753591076774683e2	-9.12550998455623799e-6	5.00000000000000000e0	4.99999999999999467e0	0.00000000000000000e0	3.48710534491566149e0	3.72431985586710823e0
GROUP	56	28183786	6.23113035437431018e-1	9.86159377113001625e1	-1.10039752708226501e0	-1.02961346292649338e1	3.81214604675671183e2	3.81264034547647725e2	1.02961252934079397e1	3.81423992701399300e2	3.82753591076771727e2	-9.12551000662969975e-6	5.00000000000000000e0	4.99999999999999467e0	0.00000000000000000e0	3.48710534491566060e0	3.72431985586630532e0
GROUP	56	28183787	6.23113035437431018e-1	9.86159377077404002e1	-1.10039753064202728e0	-1.02961346130541340e1	3.81214604675671353e2	3.81264034547647896e2	1.02961252933430174e1	3.81423992701398561e2	3.82753591076770078e2	-9.12551001907470592e-6	5.00000000000000000e0	4.99999999999999467e0	0.00000000000000000e0	3.48710534491566060e0	3.72431985586587588e0
GROUP	56	28183788	6.23113035437431018e-1	9.86159377123638450e1	-1.10039752601858254e0	-1.02961346534990312e1	3.81214604675671467e2	3.81264034547648009e2	1.02961252932609337e1	3.81423992701397879e2	3.82753591076767975e2	-9.12551003514131157e-6	5.00000000000000000e0	4.99999999999999467e0	0.00000000000000000e0	3.48710534491566015e0	3.72431985586533321e0
RIGHT	56	28183789	6.23113035437431129e-1	9.86159377109163700e1	-1.10039752746276065e0	-1.02961346577323383e1	3.81214604675671637e2	3.81264034547648180e2	1.02961252930967664e1	3.81423992701396287e2	3.82753591076763939e2	-9.12551006527069193e-6	5.00000000000000000e0	4.99999999999999467e0	0.00000000000000000e0	3.48710534491565882e0	3.72431985586424830e0
LEFT	57	28355251	6.26892824632420020e-1	-4.27168325320188647e0	9.56999946781675277e1	1.05589288318770969e1	3.77102019740175535e2	3.77150916357275776e2	1.05589178867560172e1	3.77314626374612033e2	3.78647765296133969e2	-1.22717377816546031e-6	5.00000000000000000e0	4.99999999999999467e0	0.00000000000000000e0	3.49054615950698688e0	3.67400942877090975e0
GROUP	57	28355252	6.26892824632420131e-1	-4.27168325268310056e0	9.56999946786928604e1	1.05589288306774165e1	3.77102019740175763e2	3.77150916357276003e2	1.05589178866337416e1	3.77314626374610668e2	3.78647765296130785e2	-1.22717380782611805e-6	5.00000000000000000e0	4.99999999999999467e0	0.00000000000000000e0	3.49054615950698777e0	3.67400942877038794e0
GROUP	57	28355253	6.26892824632420131e-1	-4.27168325289329776e0	9.56999946784826676e1	1.05589288319131924e1	3.77102019740175933e2	3.77150916357276174e2	1.05589178865643039e1	3.77314626374609816e2	3.78647765296129080e2	-1.22717382443667110e-6	5.00000000000000000e0	4.99999999999999467e0	0.00000000000000000e0	3.49054615950698777e0	3.67400942877009129e0
GROUP	57	28355254	6.26892824632420131e-1	-4.27168325364937029e0	9.56999946777265933e1	1.05589288311586529e1	3.77102019740176047e2	3.77150916357276287e2	1.05589178864809643e1	3.77314626374608793e2	3.78647765296127204e2	-1.22717384117377512e-6	5.00000000000000000e0	4.99999999999999467e0	0.00000000000000000e0	3.49054615950698732e0	3.67400942876973602e0
RIGHT	57	28355255	6.26892824632420242e-1	-4.27168325265677318e0	9.56999946787224758e1	1.05589288316060674e1	3.77102019740176445e2	3.77150916357276685e2	1.05589178863142799e1	3.77314626374607258e2	3.78647765296123055e2	-1.22717387767146068e-6	5.00000000000000000e0	4.99999999999999467e0	0.00000000000000000e0	3.49054615950698688e0	3.67400942876902459e0
LEFT	58	28355659	6.26900570338701946e-1	-4.28747415209533944e0	9.60209610301091772e1	1.06077540062038906e1	3.77100263706446242e2	3.77149160095851812e2	1.06077430940650697e1	3.77313586925770039e2	3.78647381154273376e2	-1.17097239227662561e-6	5.00000000000000000e0	4.99999999999999467e0	0.00000000000000000e0	3.49060208938112249e0	3.68900324800483448e0
GROUP	58	28355660	6.26900570338702057e-1	-4.28747415037468027e0	9.60209610318363929e1	1.06077540074735452e1	3.77100263706446583e2	3.77149160095852153e2	1.06077430939436574e1	3.77313586925768675e2	3.78647381154270363e2	-1.17097241917138049e-6	5.00000000000000000e0	4.99999999999999467e0	0.00000000000000000e0	3.49060208938112249e0	3.68900324800430912e0
GROUP	58	28355661	6.26900570338702057e-1	-4.28747415115821706e0	9.60209610310528490e1	1.06077540046131844e1	3.77100263706446697e2	3.77149160095852267e2	1.06077430938746424e1	3.77313586925767936e2	3.78647381154268544e2	-1.17097243587509340e-6	5.00000000000000000e0	4.99999999999999467e0	0.00000000000000000e0	3.49060208938112249e0	3.68900324800400981e0
GROUP	58	28355662	6.26900570338702057e-1	-4.28747415134752785e0	9.60209610308635462e1	1.06077540080332824e1	3.77100263706446754e2	3.77149160095852324e2	1.06077430937918429e1	3.77313586925766856e2	3.78647381154266441e2	-1.17097245484189137e-6	5.00000000000000000e0	4.99999999999999467e0	0.00000000000000000e0	3.49060208938112337e0	3.68900324800365143e0
RIGHT	58	28355663	6.26900570338702168e-1	-4.28747415243712826e0	9.60209610297772116e1	1.06077540066312963e1	3.77100263706446924e2	3.77149160095852494e2	1.06077430936262420e1	3.77313586925764582e2	3.78647381154262177e2	-1.17097249320871331e-6	5.00000000000000000e0	4.99999999999999467e0	0.00000000000000000e0	3.49060208938112471e0	3.68900324800293467e0
LEFT	59	28585148	6.31408499089878172e-1	-4.27267652691704125e0	9.70851222522147879e1	1.05619998466863763e1	3.81594461241706995e2	3.81643940367466541e2	1.05619906174757645e1	3.81807848880511301e2	3.83141029070148932e2	-1.39150208969896049e-5	5.00000000000000000e0	4.99999999999999467e0	0.00000000000000000e0	3.48905921596014279e0	3.78942908265031786e0
GROUP	59	28585149	6.31408499089878283e-1	-4.27267652613459248e0	9.70851222529972375e1	1.05619998466940501e1	3.81594461241707336e2	3.81643940367466882e2	1.05619906173048506e1	3.81807848880509255e2	3.83141029070144612e2	-1.39150209255452183e-5	5.00000000000000000e0	4.99999999999999467e0	0.00000000000000000e0	3.48905921596014235e0	3.78942908264918010e0
GROUP	59	28585150	6.31408499089878283e-1	-4.27267652609128579e0	9.70851222530405380e1	1.05619998448107708e1	3.81594461241707450e2	3.81643940367466996e2	1.05619906172266163e1	3.81807848880508459e2	3.83141029070142679e2	-1.39150209382335567e-5	5.00000000000000000e0	4.99999999999999467e0	0.00000000000000000e0	3.48905921596014190e0	3.78942908264866007e0
RIGHT	59	28585151	6.31408499089878394e-1	-4.27267652599705539e0	9.70851222531282474e1	1.05619998456730286e1	3.81594461241707563e2	3.81643940367467110e2	1.05619906171233797e1	3.81807848880507549e2	3.83141029070139950e2	-1.39150209554162232e-5	5.00000000000000000e0	4.99999999999999467e0	0.00000000000000000e0	3.48905921596014146e0	3.78942908264797484e0
LEFT	60	28585924	6.31423991652935279e-1	-4.24878104289319936e0	9.64399697298126455e1	1.04881200786903719e1	3.81591002361880385e2	3.81640481039147176e2	1.04881108006906221e1	3.81803311503058637e2	3.83135498715531924e2	-1.45454054111801401e-5	5.00000000000000000e0	4.99999999999999467e0	0.00000000000000000e0	3.48895901053302770e0	3.76715249373645822e0
GROUP	60	28585925	6.31423991652935390e-1	-4.24878104240090604e0	9.64399697303016836e1	1.04881200784539601e1	3.81591002361880783e2	3.81640481039147573e2	1.04881108005333932e1	3.81803311503056648e2	3.83135498715527945e2	-1.45454054379387258e-5	5.00000000000000000e0	4.99999999999999467e0	0.00000000000000000e0	3.48895901053302770e0	3.76715249373542749e0
GROUP	60	28585926	6.31423991652935390e-1	-4.24878104271947965e0	9.64399697299831047e1	1.04881200758805448e1	3.81591002361880953e2	3.81640481039147744e2	1.04881108004535477e1	3.81803311503055625e2	3.83135498715525955e2	-1.45454054516934109e-5	5.00000000000000000e0	4.99999999999999467e0	0.00000000000000000e0	3.48895901053302726e0	3.76715249373490346e0
RIGHT	60	28585927	6.31423991652935501e-1	-4.24878104273553436e0	9.64399697299605378e1	1.04881200796863823e1	3.81591002361881067e2	3.81640481039147858e2	1.04881108003511851e1	3.81803311503054545e2	3.83135498715523340e2	-1.45454054690796431e-5	5.00000000000000000e0	4.99999999999999467e0	0.00000000000000000e0	3.48895901053302726e0	3.76715249373423111e0
LEFT	61	28586703	6.31439473815713970e-1	-4.21183854553637538e0	9.58048821130464177e1	1.03739134559447166e1	3.81587343352558548e2	3.81636821555382994e2	1.03739041294945835e1	3.81797957068738526e2	3.83128605747767097e2	-1.23850284371657073e-5	5.00000000000000000e0	4.99999999999999467e0	0.00000000000000000e0	3.48885925997667012e0	3.74341296868748374e0
GROUP	61	28586704	6.31439473815714081e-1	-4.21183854566911187e0	9.58048821129104056e1	1.03739134571836757e1	3.81587343352558889e2	3.81636821555383335e2	1.03739041293582090e1	3.81797957068736991e2	3.83128605747763686e2	-1.23850284592835807e-5	5.00000000000000000e0	4.99999999999999467e0	0.00000000000000000e0	3.48885925997666968e0	3.74341296868657825e0
GROUP	61	28586705	6.31439473815714081e-1	-4.21183854451548445e0	9.58048821140640285e1	1.03739134554807038e1	3.81587343352559117e2	3.81636821555383563e2	1.03739041292857141e1	3.81797957068735968e2	3.83128605747761924e2	-1.23850284715383382e-5	5.00000000000000000e0	4.99999999999999467e0	0.00000000000000000e0	3.48885925997666968e0	3.74341296868609641e0
RIGHT	61	28586706	6.31439473815714192e-1	-4.21183854481808329e0	9.58048821137548714e1	1.03739134580957852e1	3.81587343352559287e2	3.81636821555383733e2	1.03739041291929510e1	3.81797957068734718e2	3.83128605747759877e2	-1.23850284850339041e-5	5.00000000000000000e0	4.99999999999999467e0	0.00000000000000000e0	3.48885925997666968e0	3.74341296868548090e0
LEFT	62	28759401	6.35250234145464221e-1	9.99050843218494578e1	-1.11053887339606661e0	-1.07241865910427343e1	3.77461701676242512e2	3.77510644931199295e2	1.07241757196929353e1	3.77676792190860112e2	3.79012146036056890e2	-1.07045256167391353e-6	5.00000000000000000e0	4.99999999999999467e0	0.00000000000000000e0	3.49263664819527575e0	3.71751143976686116e0
GROUP	62	28759402	6.35250234145464332e-1	9.99050843226672498e1	-1.11053887258152884e0	-1.07241866057756674e1	3.77461701676242967e2	3.77510644931199749e2	1.07241757195623464e1	3.77676792190858805e2	3.79012146036053650e2	-1.07045259087430797e-6	5.00000000000000000e0	4.99999999999999467e0	0.00000000000000000e0	3.49263664819527708e0	3.71751143976628917e0
GROUP	62	28759403	6.35250234145464332e-1	9.99050843224504348e1	-1.11053887279834385e0	-1.07241865610350047e1	3.77461701676243138e2	3.77510644931199920e2	1.07241757194883451e1	3.77676792190858009e2	3.79012146036051774e2	-1.07045260706282516e-6	5.00000000000000000e0	4.99999999999999467e0	0.00000000000000000e0	3.49263664819527753e0	3.71751143976596410e0
RIGHT	62	28759404	6.35250234145464443e-1	9.99050843211675925e1	-1.11053887408770890e0	-1.07241866336211373e1	3.77461701676243251e2	3.77510644931200034e2	1.07241757193993585e1	3.77676792190857043e2	3.79012146036049558e2	-1.07045262650001271e-6	5.00000000000000000e0	4.99999999999999467e0	0.00000000000000000e0	3.49263664819527753e0	3.71751143976557419e0
LEFT	63	28760565	6.35273504117098597e-1	1.00903183395523897e2	-1.11352014065477078e0	-1.08505296192006409e1	3.77457367411383132e2	3.77506310104341139e2	1.08505188016698995e1	3.77674373075468111e2	3.79011414462841515e2	-1.11264317080978621e-5	5.00000000000000000e0	4.99999999999999467e0	0.00000000000000000e0	3.49280567975737766e0	3.75924672269968818e0
GROUP	63	28760566	6.35273504117098708e-1	1.00903183396559768e2	-1.11352013962212482e0	-1.08505295936758976e1	3.77457367411383359e2	3.77506310104341367e2	1.08505188015617868e1	3.77674373075467088e2	3.79011414462838786e2	-1.11264317285327098e-5	5.00000000000000000e0	4.99999999999999467e0	0.00000000000000000e0	3.49280567975737721e0	3.75924672269918725e0
GROUP	63	28760567	6.35273504117098708e-1	1.00903183391637199e2	-1.11352014454469384e0	-1.08505296048809541e1	3.77457367411383473e2	3.77506310104341480e2	1.08505188015035330e1	3.77674373075466349e2	3.79011414462837251e2	-1.11264317401754606e-5	5.00000000000000000e0	4.99999999999999467e0	0.00000000000000000e0	3.49280567975737677e0	3.75924672269891680e0
GROUP	63	28760568	6.35273504117098708e-1	1.00903183401596166e2	-1.11352013458572685e0	-1.08505295374758148e1	3.77457367411383586e2	3.77506310104341594e2	1.08505188014307095e1	3.77674373075465326e2	3.79011414462835660e2	-1.11264317520012840e-5	5.00000000000000000e0	4.99999999999999467e0	0.00000000000000000e0	3.49280567975737677e0	3.75924672269857929e0
RIGHT	63	28760569	6.35273504117098819e-1	1.00903183393661891e2	-1.11352014252645404e0	-1.08505295944266713e1	3.77457367411384098e2	3.77506310104342106e2	1.08505188012850606e1	3.77674373075463450e2	3.79011414462832249e2	-1.11264317767736282e-5	5.00000000000000000e0	4.99999999999999467e0	0.00000000000000000e0	3.49280567975737766e0	3.75924672269790516e0
LEFT	64	28760982	6.35281252181281508e-1	1.01233607456796662e2	-1.11468139491563534e0	-1.08998032863288152e1	3.77456049718039765e2	3.77504992240140155e2	1.08997925312315846e1	3.77673783318179403e2	3.79011481508830514e2	-1.17077622405359162e-5	5.00000000000000000e0	4.99999999999999467e0	0.00000000000000000e0	3.49286195948400247e0	3.77213874490811829e0
GROUP	64	28760983	6.35281252181281619e-1	1.01233607454814148e2	-1.11468139690136070e0	-1.08998032380989471e1	3.77456049718040163e2	3.77504992240140552e2	1.08997925311241186e1	3.77673783318178096e2	3.79011481508827785e2	-1.17077622597818228e-5	5.00000000000000000e0	4.99999999999999467e0	0.00000000000000000e0	3.49286195948400335e0	3.77213874490761958e0
GROUP	64	28760984	6.35281252181281619e-1	1.01233607451306511e2	-1.11468140040899755e0	-1.08998032566841321e1	3.77456049718040276e2	3.77504992240140666e2	1.08997925310661614e1	3.77673783318177357e2	3.79011481508826250e2	-1.17077622714623038e-5	5.00000000000000000e0	4.99999999999999467e0	0.00000000000000000e0	3.49286195948400335e0	3.77213874490735090e0
GROUP	64	28760985	6.35281252181281619e-1	1.01233607454460468e2	-1.11468139725504045e0	-1.08998033114745745e1	3.77456049718040276e2	3.77504992240140666e2	1.08997925309937536e1	3.77673783318176447e2	3.79011481508824318e2	-1.17077622862485209e-5	5.00000000000000000e0	4.99999999999999467e0	0.00000000000000000e0	3.49286195948400291e0	3.77213874490701562e0
RIGHT	64	28760986	6.35281252181281730e-1	1.01233607450050940e2	-1.11468140167102092e0	-1.08998032868904406e1	3.77456049718040560e2	3.77504992240140950e2	1.08997925308489396e1	3.77673783318174799e2	3.79011481508820680e2	-1.17077623126512324e-5	5.00000000000000000e0	4.99999999999999467e0	0.00000000000000000e0	3.49286195948400424e0	3.77213874490634415e0
LEFT	65	28761384	6.35289011191653707e-1	1.01563854304099024e2	-1.11561323179171268e0	-1.09393664027220137e1	3.77454831485720206e2	3.77503773849859499e2	1.09393556933489648e1	3.77673168360032378e2	3.79011393379084041e2	-1.51300755446967045e-5	5.00000000000000000e0	4.99999999999999467e0	0.00000000000000000e0	3.49291831472110781e0	3.78513498530055559e0
GROUP	65	28761385	6.35289011191653818e-1	1.01563854306000138e2	-1.11561322989702205e0	-1.09393663703928610e1	3.77454831485720661e2	3.77503773849859954e2	1.09393556931772036e1	3.77673168360030502e2	3.79011393379079720e2	-1.51300755733796948e-5	5.00000000000000000e0	4.99999999999999467e0	0.00000000000000000e0	3.49291831472110870e0	3.78513498529974468e0
GROUP	65	28761386	6.35289011191653818e-1	1.01563854307054967e2	-1.11561322884219294e0	-1.09393663491377566e1	3.77454831485720774e2	3.77503773849860067e2	1.09393556930904055e1	3.77673168360029479e2	3.79011393379077560e2	-1.51300755869465182e-5	5.00000000000000000e0	4.99999999999999467e0	0.00000000000000000e0	3.49291831472110825e0	3.78513498529933479e0
RIGHT	65	28761387	6.35289011191653930e-1	1.01563854306030777e2	-1.11561322987280676e0	-1.09393663404660870e1	3.77454831485721002e2	3.77503773849860295e2	1.09393556929787366e1	3.77673168360028114e2	3.79011393379074832e2	-1.51300756056059425e-5	5.00000000000000000e0	4.99999999999999467e0	0.00000000000000000e0	3.49291831472110736e0	3.78513498529880810e0
LEFT	66	28990094	6.39773639016365303e-1	9.88790045283782177e1	-1.10151082853897719e0	-1.03429914941881158e1	3.81951368501867307e2	3.82000893905707414e2	1.03429821571474747e1	3.82161567130416472e2	3.83491798493547890e2	-1.03977442543671780e-5	5.00000000000000000e0	4.99999999999999467e0	0.00000000000000000e0	3.49087264537257314e0	3.73666689319127876e0
GROUP	66	28990095	6.39773639016365414e-1	9.88790045259436994e1	-1.10151083096694435e0	-1.03429914705360613e1	3.81951368501867591e2	3.82000893905707699e2	1.03429821570335463e1	3.82161567130415108e2	3.83491798493545048e2	-1.03977442743307976e-5	5.00000000000000000e0	4.99999999999999467e0	0.00000000000000000e0	3.49087264537257225e0	3.73666689319051359e0
GROUP	66	28990096	6.39773639016365414e-1	9.88790045326539939e1	-1.10151082425664981e0	-1.03429915109389530e1	3.81951368501867762e2	3.82000893905707869e2	1.03429821569724574e1	3.82161567130414369e2	3.83491798493543399e2	-1.03977442862628237e-5	5.00000000000000000e0	4.99999999999999467e0	0.00000000000000000e0	3.49087264537257180e0	3.73666689319010281e0
GROUP	66	28990097	6.39773639016365414e-1	9.88790045307744663e1	-1.10151082613617746e0	-1.03429914587533247e1	3.81951368501867876e2	3.82000893905707983e2	1.03429821568957507e1	3.82161567130413573e2	3.83491798493541239e2	-1.03977443024516257e-5	5.00000000000000000e0	4.99999999999999467e0	0.00000000000000000e0	3.49087264537257136e0	3.73666689318958811e0
RIGHT	66	28990098	6.39773639016365525e-1	9.88790045282923415e1	-1.10151082861501948e0	-1.03429915122378606e1	3.81951368501868046e2	3.82000893905708153e2	1.03429821567423375e1	3.82161567130411811e2	3.83491798493537090e2	-1.03977443339505702e-5	5.00000000000000000e0	4.99999999999999467e0	0.00000000000000000e0	3.49087264537257003e0	3.73666689318856005e0
LEFT	67	28990900	6.39789111862872573e-1	9.82062483971226499e1	-1.09905479949496510e0	-1.02396665938063975e1	3.81947263849778665e2	3.81996788721392477e2	1.02396571980545783e1	3.82155910235290378e2	3.83484744789325930e2	-4.92415148931770332e-6	5.00000000000000000e0	4.99999999999999467e0	0.00000000000000000e0	3.49077340861194418e0	3.70825440404177087e0
GROUP	67	28990901	6.39789111862872684e-1	9.82062483940592301e1	-1.09905480255177679e0	-1.02396666041139905e1	3.81947263849779006e2	3.81996788721392818e2	1.02396571979107609e1	3.82155910235288673e2	3.83484744789322576e2	-4.92415151735064581e-6	5.00000000000000000e0	4.99999999999999467e0	0.00000000000000000e0	3.49077340861194374e0	3.70825440404081474e0
GROUP	67	28990902	6.39789111862872684e-1	9.82062483985973671e1	-1.09905479801363981e0	-1.02396665864617145e1	3.81947263849779119e2	3.81996788721392932e2	1.02396571978357667e1	3.82155910235287820e2	3.83484744789320814e2	-4.92415153277335988e-6	5.00000000000000000e0	4.99999999999999467e0	0.00000000000000000e0	3.49077340861194330e0	3.70825440404031603e0
RIGHT	67	28990903	6.39789111862872795e-1	9.82062483924865717e1	-1.09905480412113832e0	-1.02396665938399352e1	3.81947263849779176e2	3.81996788721392988e2	1.02396571977407795e1	3.82155910235286797e2	3.83484744789318540e2	-4.92415155206779802e-6	5.00000000000000000e0	4.99999999999999467e0	0.00000000000000000e0	3.49077340861194285e0	3.70825440403968454e0
LEFT	68	29162859	6.43584406982074753e-1	-4.34000327227587412e0	9.67118712101374172e1	1.07701912659489949e1	3.77820690112065336e2	3.77869679914956578e2	1.07701803984120001e1	3.78036518618881814e2	3.79372487516228944e2	-1.20386555890639812e-6	5.00000000000000000e0	4.99999999999999467e0	0.00000000000000000e0	3.49465550306946193e0	3.72534428059270795e0
GROUP	68	29162860	6.43584406982074864e-1	-4.34000327305032041e0	9.67118712093695052e1	1.07701912687767845e1	3.77820690112065620e2	3.77869679914956862e2	1.07701803982904067e1	3.78036518618880450e2	3.79372487516225931e2	-1.20386558600599416e-6	5.00000000000000000e0	4.99999999999999467e0	0.00000000000000000e0	3.49465550306946149e0	3.72534428059217815e0
GROUP	68	29162861	6.43584406982074864e-1	-4.34000327266095276e0	9.67118712097588684e1	1.07701912679167435e1	3.77820690112065790e2	3.77869679914957032e2	1.07701803982213580e1	3.78036518618879711e2	3.79372487516224226e2	-1.20386560038243344e-6	5.00000000000000000e0	4.99999999999999467e0	0.00000000000000000e0	3.49465550306946060e0	3.72534428059187794e0
GROUP	68	29162862	6.43584406982074864e-1	-4.34000327115231688e0	9.67118712112675070e1	1.07701912685156458e1	3.77820690112065961e2	3.77869679914957203e2	1.07701803981384927e1	3.78036518618878631e2	3.79372487516222122e2	-1.20386561853658016e-6	5.00000000000000000e0	4.99999999999999467e0	0.00000000000000000e0	3.49465550306945971e0	3.72534428059151779e0
RIGHT	68	29162863	6.43584406982074975e-1	-4.34000327250283657e0	9.67118712099202327e1	1.07701912659288723e1	3.77820690112066245e2	3.77869679914957487e2	1.07701803979727622e1	3.78036518618876471e2	3.79372487516217802e2	-1.20386565492332494e-6	5.00000000000000000e0	4.99999999999999467e0	0.00000000000000000e0	3.49465550306945927e0	3.72534428059079570e0
LEFT	69	29163270	6.43592176782940784e-1	-4.35343655960950748e0	9.70334713168752359e1	1.08117358091819824e1	3.77819194033863312e2	3.77868183642766837e2	1.08117249716910582e1	3.78035678503411020e2	3.79372202256925902e2	-8.86201563858633844e-6	5.00000000000000000e0	4.99999999999999467e0	0.00000000000000000e0	3.49471190902931550e0	3.74044425828617522e0
GROUP	69	29163271	6.43592176782940895e-1	-4.35343656039015325e0	9.70334713161010853e1	1.08117358094370957e1	3.77819194033863766e2	3.77868183642767292e2	1.08117249715793040e1	3.78035678503409827e2	3.79372202256923174e2	-8.86201565987457356e-6	5.00000000000000000e0	4.99999999999999467e0	0.00000000000000000e0	3.49471190902931639e0	3.74044425828567606e0
GROUP	69	29163272	6.43592176782940895e-1	-4.35343655910837057e0	9.70334713173828618e1	1.08117358068400904e1	3.77819194033863880e2	3.77868183642767406e2	1.08117249715193804e1	3.78035678503409144e2	3.79372202256921696e2	-8.86201567085430251e-6	5.00000000000000000e0	4.99999999999999467e0	0.00000000000000000e0	3.49471190902931594e0	3.74044425828540961e0
GROUP	69	29163273	6.43592176782940895e-1	-4.35343655943184427e0	9.70334713170593943e1	1.08117358095133795e1	3.77819194033863823e2	3.77868183642767349e2	1.08117249714441410e1	3.78035678503408292e2	3.79372202256919820e2	-8.86201568443117678e-6	5.00000000000000000e0	4.99999999999999467e0	0.00000000000000000e0	3.49471190902931550e0	3.74044425828507432e0
RIGHT	69	29163274	6.43592176782941006e-1	-4.35343656016194558e0	9.70334713163325091e1	1.08117358067877944e1	3.77819194033863937e2	3.77868183642767463e2	1.08117249712936658e1	3.78035678503406473e2	3.79372202256916182e2	-8.86201571133145241e-6	5.00000000000000000e0	4.99999999999999467e0	0.00000000000000000e0	3.49471190902931728e0	3.74044425828440374e0
LEFT	70	29391425	6.48076837653557281e-1	-4.28300663020044592e0	9.70027571195314664e1	1.05939401574753447e1	3.82323277030088263e2	3.82372850657135757e2	1.05939308972881090e1	3.82537241657580751e2	3.83870850589460588e2	-1.22714084648125580e-5	5.00000000000000000e0	4.99999999999999467e0	0.00000000000000000e0	3.49295998722797973e0	3.78830452581622534e0
GROUP	70	29391426	6.48076837653557392e-1	-4.28300663025705486e0	9.70027571194716103e1	1.05939401588298665e1	3.82323277030088605e2	3.82372850657136098e2	1.05939308971344008e1	3.82537241657578875e2	3.83870850589456836e2	-1.22714084910460612e-5	5.00000000000000000e0	4.99999999999999467e0	0.00000000000000000e0	3.49295998722797929e0	3.78830452581521815e0
GROUP	70	29391427	6.48076837653557392e-1	-4.28300663027416917e0	9.70027571194544862e1	1.05939401560082729e1	3.82323277030088832e2	3.82372850657136325e2	1.05939308970532338e1	3.82537241657578022e2	3.83870850589454847e2	-1.22714085050924831e-5	5.00000000000000000e0	4.99999999999999467e0	0.00000000000000000e0	3.49295998722797929e0	3.78830452581468569e0
RIGHT	70	29391428	6.48076837653557503e-1	-4.28300662988954084e0	9.70027571198326228e1	1.05939401569126517e1	3.82323277030089059e2	3.82372850657136553e2	1.05939308969480646e1	3.82537241657576942e2	3.83870850589452175e2	-1.22714085246695947e-5	5.00000000000000000e0	4.99999999999999467e0	0.00000000000000000e0	3.49295998722797929e0	3.78830452581399513e0
