$MeshFormat
2.2 0 8
$EndMeshFormat
$Nodes
1267
1 0.07829999999999999 0.12935 7.000000000000001e-05
2 0.07829999999999999 0.12935 0
3 0.07829999999999999 0.13465 7.000000000000001e-05
4 0.07829999999999999 0.13465 0
5 0.0818 0.12935 0
6 0.0818 0.12935 7.000000000000001e-05
7 0.0818 0.13465 7.000000000000001e-05
8 0.0818 0.134 7.000000000000001e-05
9 0.08070000000000001 0.134 7.000000000000001e-05
10 0.08070000000000001 0.13 7.000000000000001e-05
11 0.0818 0.13 7.000000000000001e-05
12 0.0818 0.13465 0
13 0.0818 0.134 0
14 0.08070000000000001 0.134 0
15 0.08070000000000001 0.13 0
16 0.0818 0.13 0
17 0.08179999999999997 0.1336703293088491 7.000000000000001e-05
18 0.08179999999999997 0.1336703293088491 0
19 0.08179999999999996 0.130329670691151 7.000000000000001e-05
20 0.08179999999999996 0.130329670691151 0
21 0.0742 0.12935 7.000000000000001e-05
22 0.07419999999999996 0.1295890873097518 7.000000000000001e-05
23 0.07419999999999996 0.1295890873097518 0
24 0.0742 0.12935 0
25 0.07529999999999999 0.12935 7.000000000000001e-05
26 0.07529999999999999 0.12935 0
27 0.07419999999999995 0.1344109126902482 7.000000000000001e-05
28 0.07419999999999995 0.1344109126902482 0
29 0.07529999999999999 0.13465 7.000000000000001e-05
30 0.07529999999999999 0.13465 0
31 0.0742 0.13465 7.000000000000001e-05
32 0.0742 0.13465 0
33 0.07770000000000001 0.12935 0
34 0.07770000000000001 0.12935 7.000000000000001e-05
35 0.0777000000000002 0.1308763897472887 0
36 0.0777000000000002 0.1308763897472887 7.000000000000001e-05
37 0.0777000000000002 0.1331236102527114 7.000000000000001e-05
38 0.0777000000000002 0.1331236102527114 0
39 0.07770000000000001 0.13465 0
40 0.07770000000000001 0.13465 7.000000000000001e-05
41 0.0839 0.13 0
42 0.0839 0.13 7.000000000000001e-05
43 0.0839 0.134 0
44 0.08270000000000001 0.132 0
45 0.0839 0.134 7.000000000000001e-05
46 0.08270000000000001 0.132 7.000000000000001e-05
47 0.0711 0.12935 7.000000000000001e-05
48 0.0711 0.12935 0
49 0.0711 0.13465 7.000000000000001e-05
50 0.0711 0.13465 0
51 0.07794999999999999 0.132 7.000000000000001e-05
52 0.07794999999999999 0.132 0
53 0.07829999999999999 0.1297285714285714 7.000000000000001e-05
54 0.07829999999999999 0.1301071428571428 7.000000000000001e-05
55 0.07829999999999999 0.1304857142857143 7.000000000000001e-05
56 0.07829999999999999 0.1308642857142857 7.000000000000001e-05
57 0.07829999999999999 0.1312428571428571 7.000000000000001e-05
58 0.07829999999999999 0.1316214285714286 7.000000000000001e-05
59 0.07829999999999999 0.132 7.000000000000001e-05
60 0.07829999999999999 0.1323785714285714 7.000000000000001e-05
61 0.07829999999999999 0.1327571428571429 7.000000000000001e-05
62 0.07829999999999999 0.1331357142857143 7.000000000000001e-05
63 0.07829999999999999 0.1335142857142857 7.000000000000001e-05
64 0.07829999999999999 0.1338928571428571 7.000000000000001e-05
65 0.07829999999999999 0.1342714285714286 7.000000000000001e-05
66 0.07829999999999999 0.1297285714285714 0
67 0.07829999999999999 0.1301071428571428 0
68 0.07829999999999999 0.1304857142857143 0
69 0.07829999999999999 0.1308642857142857 0
70 0.07829999999999999 0.1312428571428571 0
71 0.07829999999999999 0.1316214285714286 0
72 0.07829999999999999 0.132 0
73 0.07829999999999999 0.1323785714285714 0
74 0.07829999999999999 0.1327571428571429 0
75 0.07829999999999999 0.1331357142857143 0
76 0.07829999999999999 0.1335142857142857 0
77 0.07829999999999999 0.1338928571428571 0
78 0.07829999999999999 0.1342714285714286 0
79 0.07868888888888888 0.12935 0
80 0.07907777777777777 0.12935 0
81 0.07946666666666666 0.12935 0
82 0.07985555555555555 0.12935 0
83 0.08024444444444444 0.12935 0
84 0.08063333333333333 0.12935 0
85 0.08102222222222222 0.12935 0
86 0.08141111111111111 0.12935 0
87 0.07868888888888888 0.12935 7.000000000000001e-05
88 0.07907777777777777 0.12935 7.000000000000001e-05
89 0.07946666666666666 0.12935 7.000000000000001e-05
90 0.07985555555555555 0.12935 7.000000000000001e-05
91 0.08024444444444444 0.12935 7.000000000000001e-05
92 0.08063333333333333 0.12935 7.000000000000001e-05
93 0.08102222222222222 0.12935 7.000000000000001e-05
94 0.08141111111111111 0.12935 7.000000000000001e-05
95 0.07868888888888888 0.13465 7.000000000000001e-05
96 0.07907777777777777 0.13465 7.000000000000001e-05
97 0.07946666666666666 0.13465 7.000000000000001e-05
98 0.07985555555555555 0.13465 7.000000000000001e-05
99 0.08024444444444444 0.13465 7.000000000000001e-05
100 0.08063333333333333 0.13465 7.000000000000001e-05
101 0.08102222222222222 0.13465 7.000000000000001e-05
102 0.08141111111111111 0.13465 7.000000000000001e-05
103 0.0818 0.134325 7.000000000000001e-05
104 0.08106666666666668 0.134 7.000000000000001e-05
105 0.08143333333333333 0.134 7.000000000000001e-05
106 0.08030981935596775 0.1339615705608065 7.000000000000001e-05
107 0.07993463313526983 0.1338477590650226 7.000000000000001e-05
108 0.0795888595339608 0.1336629392246051 7.000000000000001e-05
109 0.07928578643762692 0.1334142135623731 7.000000000000001e-05
110 0.07903706077539492 0.1331111404660392 7.000000000000001e-05
111 0.07885224093497743 0.1327653668647302 7.000000000000001e-05
112 0.07873842943919354 0.1323901806440323 7.000000000000001e-05
113 0.07870000000000001 0.132 7.000000000000001e-05
114 0.07873842943919354 0.1316098193559678 7.000000000000001e-05
115 0.07885224093497743 0.1312346331352698 7.000000000000001e-05
116 0.07903706077539491 0.1308888595339608 7.000000000000001e-05
117 0.0792857864376269 0.1305857864376269 7.000000000000001e-05
118 0.0795888595339608 0.1303370607753949 7.000000000000001e-05
119 0.07993463313526983 0.1301522409349774 7.000000000000001e-05
120 0.08030981935596775 0.1300384294391936 7.000000000000001e-05
121 0.08106666666666668 0.13 7.000000000000001e-05
122 0.08143333333333333 0.13 7.000000000000001e-05
123 0.0818 0.129675 7.000000000000001e-05
124 0.07868888888888888 0.13465 0
125 0.07907777777777777 0.13465 0
126 0.07946666666666666 0.13465 0
127 0.07985555555555555 0.13465 0
128 0.08024444444444444 0.13465 0
129 0.08063333333333333 0.13465 0
130 0.08102222222222222 0.13465 0
131 0.08141111111111111 0.13465 0
132 0.0818 0.134325 0
133 0.08106666666666668 0.134 0
134 0.08143333333333333 0.134 0
135 0.08030981935596775 0.1339615705608065 0
136 0.07993463313526983 0.1338477590650226 0
137 0.0795888595339608 0.1336629392246051 0
138 0.07928578643762692 0.1334142135623731 0
139 0.07903706077539492 0.1331111404660392 0
140 0.07885224093497743 0.1327653668647302 0
141 0.07873842943919354 0.1323901806440323 0
142 0.07870000000000001 0.132 0
143 0.07873842943919354 0.1316098193559678 0
144 0.07885224093497743 0.1312346331352698 0
145 0.07903706077539491 0.1308888595339608 0
146 0.0792857864376269 0.1305857864376269 0
147 0.0795888595339608 0.1303370607753949 0
148 0.07993463313526983 0.1301522409349774 0
149 0.08030981935596775 0.1300384294391936 0
150 0.08106666666666668 0.13 0
151 0.08143333333333333 0.13 0
152 0.0818 0.129675 0
153 0.0814571252043258 0.13385115137819 7.000000000000001e-05
154 0.0810858090483776 0.1339624350634327 7.000000000000001e-05
155 0.0814571252043258 0.13385115137819 0
156 0.0810858090483776 0.1339624350634327 0
157 0.08070000000000001 0.1304 7.000000000000001e-05
158 0.08070000000000001 0.1308 7.000000000000001e-05
159 0.08070000000000001 0.1312 7.000000000000001e-05
160 0.08070000000000001 0.1316 7.000000000000001e-05
161 0.08070000000000001 0.132 7.000000000000001e-05
162 0.08070000000000001 0.1324 7.000000000000001e-05
163 0.08070000000000001 0.1328 7.000000000000001e-05
164 0.08070000000000001 0.1332 7.000000000000001e-05
165 0.08070000000000001 0.1336 7.000000000000001e-05
166 0.08070000000000001 0.1304 0
167 0.08070000000000001 0.1308 0
168 0.08070000000000001 0.1312 0
169 0.08070000000000001 0.1316 0
170 0.08070000000000001 0.132 0
171 0.08070000000000001 0.1324 0
172 0.08070000000000001 0.1328 0
173 0.08070000000000001 0.1332 0
174 0.08070000000000001 0.1336 0
175 0.0810858090483776 0.1300375649365673 7.000000000000001e-05
176 0.08145712520432578 0.13014884862181 7.000000000000001e-05
177 0.0810858090483776 0.1300375649365673 0
178 0.08145712520432578 0.13014884862181 0
179 0.0818 0.1307008549820063 7.000000000000001e-05
180 0.0818 0.1310720392728617 7.000000000000001e-05
181 0.0818 0.131443223563717 7.000000000000001e-05
182 0.0818 0.1318144078545723 7.000000000000001e-05
183 0.0818 0.1321855921454277 7.000000000000001e-05
184 0.0818 0.132556776436283 7.000000000000001e-05
185 0.0818 0.1329279607271384 7.000000000000001e-05
186 0.0818 0.1332991450179937 7.000000000000001e-05
187 0.0818 0.1307008549820063 0
188 0.0818 0.1310720392728617 0
189 0.0818 0.131443223563717 0
190 0.0818 0.1318144078545723 0
191 0.0818 0.1321855921454277 0
192 0.0818 0.132556776436283 0
193 0.0818 0.1329279607271384 0
194 0.0818 0.1332991450179937 0
195 0.07455400627351225 0.129457168239926 7.000000000000001e-05
196 0.074923173889039 0.1293769288835226 7.000000000000001e-05
197 0.07456666666666667 0.12935 7.000000000000001e-05
198 0.07493333333333332 0.12935 7.000000000000001e-05
199 0.07455400627351225 0.129457168239926 0
200 0.074923173889039 0.1293769288835226 0
201 0.07456666666666667 0.12935 0
202 0.07493333333333332 0.12935 0
203 0.0742 0.1299599969544054 7.000000000000001e-05
204 0.0742 0.1303309065990589 7.000000000000001e-05
205 0.0742 0.1307018162437125 7.000000000000001e-05
206 0.0742 0.1310727258883661 7.000000000000001e-05
207 0.0742 0.1314436355330197 7.000000000000001e-05
208 0.0742 0.1318145451776732 7.000000000000001e-05
209 0.0742 0.1321854548223268 7.000000000000001e-05
210 0.0742 0.1325563644669804 7.000000000000001e-05
211 0.0742 0.1329272741116339 7.000000000000001e-05
212 0.0742 0.1332981837562875 7.000000000000001e-05
213 0.0742 0.1336690934009411 7.000000000000001e-05
214 0.0742 0.1340400030455946 7.000000000000001e-05
215 0.0742 0.1299599969544054 0
216 0.0742 0.1303309065990589 0
217 0.0742 0.1307018162437125 0
218 0.0742 0.1310727258883661 0
219 0.0742 0.1314436355330197 0
220 0.0742 0.1318145451776732 0
221 0.0742 0.1321854548223268 0
222 0.0742 0.1325563644669804 0
223 0.0742 0.1329272741116339 0
224 0.0742 0.1332981837562875 0
225 0.0742 0.1336690934009411 0
226 0.0742 0.1340400030455946 0
227 0.074923173889039 0.1346230711164774 7.000000000000001e-05
228 0.07455400627351225 0.134542831760074 7.000000000000001e-05
229 0.07529999999999999 0.1297285714285714 7.000000000000001e-05
230 0.07529999999999999 0.1301071428571428 7.000000000000001e-05
231 0.07529999999999999 0.1304857142857143 7.000000000000001e-05
232 0.07529999999999999 0.1308642857142857 7.000000000000001e-05
233 0.07529999999999999 0.1312428571428571 7.000000000000001e-05
234 0.07529999999999999 0.1316214285714286 7.000000000000001e-05
235 0.07529999999999999 0.132 7.000000000000001e-05
236 0.07529999999999999 0.1323785714285714 7.000000000000001e-05
237 0.07529999999999999 0.1327571428571429 7.000000000000001e-05
238 0.07529999999999999 0.1331357142857143 7.000000000000001e-05
239 0.07529999999999999 0.1335142857142857 7.000000000000001e-05
240 0.07529999999999999 0.1338928571428571 7.000000000000001e-05
241 0.07529999999999999 0.1342714285714286 7.000000000000001e-05
242 0.074923173889039 0.1346230711164774 0
243 0.07455400627351225 0.134542831760074 0
244 0.07529999999999999 0.1297285714285714 0
245 0.07529999999999999 0.1301071428571428 0
246 0.07529999999999999 0.1304857142857143 0
247 0.07529999999999999 0.1308642857142857 0
248 0.07529999999999999 0.1312428571428571 0
249 0.07529999999999999 0.1316214285714286 0
250 0.07529999999999999 0.132 0
251 0.07529999999999999 0.1323785714285714 0
252 0.07529999999999999 0.1327571428571429 0
253 0.07529999999999999 0.1331357142857143 0
254 0.07529999999999999 0.1335142857142857 0
255 0.07529999999999999 0.1338928571428571 0
256 0.07529999999999999 0.1342714285714286 0
257 0.07456666666666667 0.13465 7.000000000000001e-05
258 0.07493333333333332 0.13465 7.000000000000001e-05
259 0.07456666666666667 0.13465 0
260 0.07493333333333332 0.13465 0
261 0.07569999999999999 0.12935 0
262 0.0761 0.12935 0
263 0.0765 0.12935 0
264 0.0769 0.12935 0
265 0.07730000000000001 0.12935 0
266 0.07569999999999999 0.12935 7.000000000000001e-05
267 0.0761 0.12935 7.000000000000001e-05
268 0.0765 0.12935 7.000000000000001e-05
269 0.0769 0.12935 7.000000000000001e-05
270 0.07730000000000001 0.12935 7.000000000000001e-05
271 0.07567403144084039 0.1293765289250188 0
272 0.07604057408768175 0.1294555845424431 0
273 0.07639228908588687 0.1295855840141243 0
274 0.0767221344574819 0.1297639245127137 0
275 0.07702350609444354 0.1299870353350305 0
276 0.0772903699850286 0.1302504493940737 0
277 0.07751738302573247 0.1305488926582801 0
278 0.07770000000000001 0.1297315974368222 0
279 0.07770000000000001 0.1301131948736443 0
280 0.07770000000000001 0.1304947923104665 0
281 0.07770000000000001 0.1297315974368222 7.000000000000001e-05
282 0.07770000000000001 0.1301131948736443 7.000000000000001e-05
283 0.07770000000000001 0.1304947923104665 7.000000000000001e-05
284 0.07567403144084039 0.1293765289250188 7.000000000000001e-05
285 0.07604057408768175 0.1294555845424431 7.000000000000001e-05
286 0.07639228908588687 0.1295855840141243 7.000000000000001e-05
287 0.0767221344574819 0.1297639245127137 7.000000000000001e-05
288 0.07702350609444354 0.1299870353350305 7.000000000000001e-05
289 0.0772903699850286 0.1302504493940737 7.000000000000001e-05
290 0.07751738302573247 0.1305488926582801 7.000000000000001e-05
291 0.07751738302573247 0.1334511073417199 7.000000000000001e-05
292 0.0772903699850286 0.1337495506059264 7.000000000000001e-05
293 0.07702350609444356 0.1340129646649695 7.000000000000001e-05
294 0.07672213445748191 0.1342360754872863 7.000000000000001e-05
295 0.07639228908588687 0.1344144159858758 7.000000000000001e-05
296 0.07604057408768175 0.1345444154575569 7.000000000000001e-05
297 0.07567403144084039 0.1346234710749812 7.000000000000001e-05
298 0.07770000000000001 0.1312509264981924 7.000000000000001e-05
299 0.07770000000000001 0.1316254632490962 7.000000000000001e-05
300 0.07770000000000001 0.132 7.000000000000001e-05
301 0.07770000000000001 0.1323745367509038 7.000000000000001e-05
302 0.07770000000000001 0.1327490735018076 7.000000000000001e-05
303 0.07751738302573247 0.1334511073417199 0
304 0.0772903699850286 0.1337495506059264 0
305 0.07702350609444356 0.1340129646649695 0
306 0.07672213445748191 0.1342360754872863 0
307 0.07639228908588687 0.1344144159858758 0
308 0.07604057408768175 0.1345444154575569 0
309 0.07567403144084039 0.1346234710749812 0
310 0.07770000000000001 0.1312509264981924 0
311 0.07770000000000001 0.1316254632490962 0
312 0.07770000000000001 0.132 0
313 0.07770000000000001 0.1323745367509038 0
314 0.07770000000000001 0.1327490735018076 0
315 0.07569999999999999 0.13465 0
316 0.0761 0.13465 0
317 0.0765 0.13465 0
318 0.0769 0.13465 0
319 0.07730000000000001 0.13465 0
320 0.07569999999999999 0.13465 7.000000000000001e-05
321 0.0761 0.13465 7.000000000000001e-05
322 0.0765 0.13465 7.000000000000001e-05
323 0.0769 0.13465 7.000000000000001e-05
324 0.07730000000000001 0.13465 7.000000000000001e-05
325 0.07770000000000001 0.1335052076895335 0
326 0.07770000000000001 0.1338868051263557 0
327 0.07770000000000001 0.1342684025631778 0
328 0.07770000000000001 0.1335052076895335 7.000000000000001e-05
329 0.07770000000000001 0.1338868051263557 7.000000000000001e-05
330 0.07770000000000001 0.1342684025631778 7.000000000000001e-05
331 0.08215 0.13 0
332 0.0825 0.13 0
333 0.08285000000000001 0.13 0
334 0.0832 0.13 0
335 0.08355 0.13 0
336 0.08215 0.13 7.000000000000001e-05
337 0.0825 0.13 7.000000000000001e-05
338 0.08285000000000001 0.13 7.000000000000001e-05
339 0.0832 0.13 7.000000000000001e-05
340 0.08355 0.13 7.000000000000001e-05
341 0.08215 0.134 0
342 0.0825 0.134 0
343 0.08285000000000001 0.134 0
344 0.0832 0.134 0
345 0.08355 0.134 0
346 0.0839 0.1304 0
347 0.0839 0.1308 0
348 0.0839 0.1312 0
349 0.0839 0.1316 0
350 0.0839 0.132 0
351 0.0839 0.1324 0
352 0.0839 0.1328 0
353 0.0839 0.1332 0
354 0.0839 0.1336 0
355 0.08210663086017651 0.1305782441759574 0
356 0.08235846948806393 0.130882199052979 0
357 0.08254570606006931 0.131229695423989 0
358 0.08266104718455965 0.1316071973269812 0
359 0.08266104718455965 0.1323928026730188 0
360 0.08254570606006931 0.132770304576011 0
361 0.08235846948806393 0.133117800947021 0
362 0.08210663086017653 0.1334217558240426 0
363 0.0839 0.1304 7.000000000000001e-05
364 0.0839 0.1308 7.000000000000001e-05
365 0.0839 0.1312 7.000000000000001e-05
366 0.0839 0.1316 7.000000000000001e-05
367 0.0839 0.132 7.000000000000001e-05
368 0.0839 0.1324 7.000000000000001e-05
369 0.0839 0.1328 7.000000000000001e-05
370 0.0839 0.1332 7.000000000000001e-05
371 0.0839 0.1336 7.000000000000001e-05
372 0.08215 0.134 7.000000000000001e-05
373 0.0825 0.134 7.000000000000001e-05
374 0.08285000000000001 0.134 7.000000000000001e-05
375 0.0832 0.134 7.000000000000001e-05
376 0.08355 0.134 7.000000000000001e-05
377 0.08210663086017651 0.1305782441759574 7.000000000000001e-05
378 0.08235846948806393 0.130882199052979 7.000000000000001e-05
379 0.08254570606006931 0.131229695423989 7.000000000000001e-05
380 0.08266104718455965 0.1316071973269812 7.000000000000001e-05
381 0.08266104718455965 0.1323928026730188 7.000000000000001e-05
382 0.08254570606006931 0.132770304576011 7.000000000000001e-05
383 0.08235846948806393 0.133117800947021 7.000000000000001e-05
384 0.08210663086017653 0.1334217558240426 7.000000000000001e-05
385 0.0711 0.1297285714285714 7.000000000000001e-05
386 0.0711 0.1301071428571428 7.000000000000001e-05
387 0.0711 0.1304857142857143 7.000000000000001e-05
388 0.0711 0.1308642857142857 7.000000000000001e-05
389 0.0711 0.1312428571428571 7.000000000000001e-05
390 0.0711 0.1316214285714286 7.000000000000001e-05
391 0.0711 0.132 7.000000000000001e-05
392 0.0711 0.1323785714285714 7.000000000000001e-05
393 0.0711 0.1327571428571429 7.000000000000001e-05
394 0.0711 0.1331357142857143 7.000000000000001e-05
395 0.0711 0.1335142857142857 7.000000000000001e-05
396 0.0711 0.1338928571428571 7.000000000000001e-05
397 0.0711 0.1342714285714286 7.000000000000001e-05
398 0.0711 0.1297285714285714 0
399 0.0711 0.1301071428571428 0
400 0.0711 0.1304857142857143 0
401 0.0711 0.1308642857142857 0
402 0.0711 0.1312428571428571 0
403 0.0711 0.1316214285714286 0
404 0.0711 0.132 0
405 0.0711 0.1323785714285714 0
406 0.0711 0.1327571428571429 0
407 0.0711 0.1331357142857143 0
408 0.0711 0.1335142857142857 0
409 0.0711 0.1338928571428571 0
410 0.0711 0.1342714285714286 0
411 0.0714875 0.12935 0
412 0.07187499999999999 0.12935 0
413 0.07226249999999999 0.12935 0
414 0.07265000000000001 0.12935 0
415 0.07303750000000001 0.12935 0
416 0.073425 0.12935 0
417 0.0738125 0.12935 0
418 0.0714875 0.12935 7.000000000000001e-05
419 0.07187499999999999 0.12935 7.000000000000001e-05
420 0.07226249999999999 0.12935 7.000000000000001e-05
421 0.07265000000000001 0.12935 7.000000000000001e-05
422 0.07303750000000001 0.12935 7.000000000000001e-05
423 0.073425 0.12935 7.000000000000001e-05
424 0.0738125 0.12935 7.000000000000001e-05
425 0.0714875 0.13465 7.000000000000001e-05
426 0.07187499999999999 0.13465 7.000000000000001e-05
427 0.07226249999999999 0.13465 7.000000000000001e-05
428 0.07265000000000001 0.13465 7.000000000000001e-05
429 0.07303750000000001 0.13465 7.000000000000001e-05
430 0.073425 0.13465 7.000000000000001e-05
431 0.0738125 0.13465 7.000000000000001e-05
432 0.0738679895132718 0.1342297636569602 7.000000000000001e-05
433 0.07356514859290945 0.1340031950966683 7.000000000000001e-05
434 0.07329764600541752 0.1337358221338546 7.000000000000001e-05
435 0.0730709306874841 0.1334330910647966 7.000000000000001e-05
436 0.07288962075299446 0.1331011684183653 7.000000000000001e-05
437 0.07275740942362251 0.1327468153459299 7.000000000000001e-05
438 0.072676989799162 0.1323772498990057 7.000000000000001e-05
439 0.07264999999999999 0.132 7.000000000000001e-05
440 0.072676989799162 0.1316227501009943 7.000000000000001e-05
441 0.07275740942362252 0.1312531846540701 7.000000000000001e-05
442 0.07288962075299446 0.1308988315816347 7.000000000000001e-05
443 0.0730709306874841 0.1305669089352034 7.000000000000001e-05
444 0.07329764600541752 0.1302641778661454 7.000000000000001e-05
445 0.07356514859290945 0.1299968049033317 7.000000000000001e-05
446 0.07386798951327181 0.1297702363430398 7.000000000000001e-05
447 0.0714875 0.13465 0
448 0.07187499999999999 0.13465 0
449 0.07226249999999999 0.13465 0
450 0.07265000000000001 0.13465 0
451 0.07303750000000001 0.13465 0
452 0.073425 0.13465 0
453 0.0738125 0.13465 0
454 0.0738679895132718 0.1342297636569602 0
455 0.07356514859290945 0.1340031950966683 0
456 0.07329764600541752 0.1337358221338546 0
457 0.0730709306874841 0.1334330910647966 0
458 0.07288962075299446 0.1331011684183653 0
459 0.07275740942362251 0.1327468153459299 0
460 0.072676989799162 0.1323772498990057 0
461 0.07264999999999999 0.132 0
462 0.072676989799162 0.1316227501009943 0
463 0.07275740942362252 0.1312531846540701 0
464 0.07288962075299446 0.1308988315816347 0
465 0.0730709306874841 0.1305669089352034 0
466 0.07329764600541752 0.1302641778661454 0
467 0.07356514859290945 0.1299968049033317 0
468 0.07386798951327181 0.1297702363430398 0
469 0.07783789596593441 0.1312373834081966 0
470 0.07792182420365346 0.1316145939217697 0
471 0.07783789596593441 0.1312373834081966 7.000000000000001e-05
472 0.07792182420365346 0.1316145939217697 7.000000000000001e-05
473 0.07792182420365346 0.1323854060782303 7.000000000000001e-05
474 0.07783789596593441 0.1327626165918034 7.000000000000001e-05
475 0.07792182420365346 0.1323854060782303 0
476 0.07783789596593441 0.1327626165918034 0
477 0.07922558959595943 0.1302211780593028 7.000000000000001e-05
478 0.07926247371603964 0.1338167023714943 7.000000000000001e-05
479 0.07860989066709136 0.1340938083026194 7.000000000000001e-05
480 0.07859905211637025 0.129919088220477 7.000000000000001e-05
481 0.07889895460588216 0.1305219202437279 7.000000000000001e-05
482 0.0795666328338436 0.1299357562101376 7.000000000000001e-05
483 0.07895464839364066 0.1335509535381468 7.000000000000001e-05
484 0.07961573709222544 0.1340246075637786 7.000000000000001e-05
485 0.07927466493114735 0.1342672576238701 7.000000000000001e-05
486 0.0791587420795888 0.1298129617075304 7.000000000000001e-05
487 0.0800134664146409 0.1342600377200224 7.000000000000001e-05
488 0.08000645152058636 0.1297365133226685 7.000000000000001e-05
489 0.07862739351446758 0.1333255838782993 7.000000000000001e-05
490 0.08046289699794421 0.1296934931510353 7.000000000000001e-05
491 0.0804640661469533 0.1343059320227465 7.000000000000001e-05
492 0.08122373814011705 0.129686826204931 7.000000000000001e-05
493 0.08122373814011705 0.134313173795069 7.000000000000001e-05
494 0.08085147622671392 0.1296800532259944 7.000000000000001e-05
495 0.0808516710848821 0.1343198509696359 7.000000000000001e-05
496 0.07869448064135946 0.1308505588953229 7.000000000000001e-05
497 0.07861201365586014 0.1302964285714286 7.000000000000001e-05
498 0.07887355131475378 0.1343411103567877 7.000000000000001e-05
499 0.07862458123267951 0.1337306495059015 7.000000000000001e-05
500 0.07965382767172803 0.1295988814764457 7.000000000000001e-05
501 0.07889100290681389 0.1300710469589846 7.000000000000001e-05
502 0.07885166538722255 0.1296547049514411 7.000000000000001e-05
503 0.07895555482087745 0.1340064084592011 7.000000000000001e-05
504 0.07964975898320831 0.1343734700637803 7.000000000000001e-05
505 0.0786151547666008 0.1329557239734907 7.000000000000001e-05
506 0.07855594363148048 0.1311125911465423 7.000000000000001e-05
507 0.08152576217403563 0.1297349410852368 7.000000000000001e-05
508 0.08152576217403563 0.1342650589147632 7.000000000000001e-05
509 0.07856116502815436 0.1326493971535935 7.000000000000001e-05
510 0.07857818637572164 0.1343746900795805 7.000000000000001e-05
511 0.07855636461424387 0.1296060837072288 7.000000000000001e-05
512 0.07854391456644336 0.1314108535268176 7.000000000000001e-05
513 0.07938472940592096 0.1296095198788227 7.000000000000001e-05
514 0.08162081215228903 0.1295125 7.000000000000001e-05
515 0.07850700204129565 0.1318079167903243 7.000000000000001e-05
516 0.07850236523742654 0.1321700354170918 7.000000000000001e-05
517 0.07856135094972937 0.1305929280169834 7.000000000000001e-05
518 0.07922558959595943 0.1302211780593028 0
519 0.07926247371603964 0.1338167023714943 0
520 0.07860989066709136 0.1340938083026194 0
521 0.07859905211637025 0.129919088220477 0
522 0.07889895460588216 0.1305219202437279 0
523 0.0795666328338436 0.1299357562101376 0
524 0.07895464839364066 0.1335509535381468 0
525 0.07961573709222544 0.1340246075637786 0
526 0.07927466493114735 0.1342672576238701 0
527 0.0791587420795888 0.1298129617075304 0
528 0.0800134664146409 0.1342600377200224 0
529 0.08000645152058636 0.1297365133226685 0
530 0.07862739351446758 0.1333255838782993 0
531 0.08046289699794421 0.1296934931510353 0
532 0.0804640661469533 0.1343059320227465 0
533 0.08122373814011705 0.129686826204931 0
534 0.08122373814011705 0.134313173795069 0
535 0.0808516710848821 0.1343198509696359 0
536 0.08085147622671392 0.1296800532259944 0
537 0.07869448064135946 0.1308505588953229 0
538 0.07861201365586014 0.1302964285714286 0
539 0.07887355131475378 0.1343411103567877 0
540 0.07862458123267951 0.1337306495059015 0
541 0.07965382767172803 0.1295988814764457 0
542 0.07889100290681389 0.1300710469589846 0
543 0.07885166538722255 0.1296547049514411 0
544 0.07895555482087745 0.1340064084592011 0
545 0.07964975898320831 0.1343734700637803 0
546 0.0786151547666008 0.1329557239734907 0
547 0.07855594363148048 0.1311125911465423 0
548 0.08152576217403563 0.1297349410852368 0
549 0.08152576217403563 0.1342650589147632 0
550 0.07856116502815436 0.1326493971535935 0
551 0.07857818637572164 0.1343746900795805 0
552 0.07855636461424387 0.1296060837072288 0
553 0.07854391456644336 0.1314108535268176 0
554 0.07938472940592096 0.1296095198788227 0
555 0.08162081215228903 0.1295125 0
556 0.07850700204129565 0.1318079167903243 0
557 0.07850236523742654 0.1321700354170918 0
558 0.07856135094972937 0.1305929280169834 0
559 0.07903347470769398 0.1318201351143112 7.000000000000001e-05
560 0.07924409957787781 0.1327781949884598 7.000000000000001e-05
561 0.08035415869637735 0.1313990574929821 7.000000000000001e-05
562 0.08035377975666948 0.1321988980898955 7.000000000000001e-05
563 0.08036394048277504 0.1329822403510714 7.000000000000001e-05
564 0.07935993567300872 0.1308879389408777 7.000000000000001e-05
565 0.07995900648306496 0.1305392788104541 7.000000000000001e-05
566 0.07961388681404193 0.1333037083947508 7.000000000000001e-05
567 0.08022078989221033 0.1335797440146403 7.000000000000001e-05
568 0.08034820192721931 0.1306228069724222 7.000000000000001e-05
569 0.08037714439666332 0.1310034674208985 7.000000000000001e-05
570 0.08001431412265279 0.1311774154884295 7.000000000000001e-05
571 0.08000945787034384 0.1315932909376461 7.000000000000001e-05
572 0.07964956771803956 0.1314085049937548 7.000000000000001e-05
573 0.07966955310540112 0.1318025858460595 7.000000000000001e-05
574 0.08000955464132319 0.1319975425406535 7.000000000000001e-05
575 0.07966798214988496 0.1322018665557023 7.000000000000001e-05
576 0.0803558546892455 0.1325970188116825 7.000000000000001e-05
577 0.07999477421917248 0.1327799802490455 7.000000000000001e-05
578 0.08000642348742662 0.1323940075725628 7.000000000000001e-05
579 0.07965659546826412 0.1325887391883971 7.000000000000001e-05
580 0.07932950848339025 0.1323827038662218 7.000000000000001e-05
581 0.08035449182745232 0.1317981315101962 7.000000000000001e-05
582 0.08000722044911283 0.1332011204567603 7.000000000000001e-05
583 0.07933554108426552 0.1316058782694605 7.000000000000001e-05
584 0.07964183818728778 0.1329620698450595 7.000000000000001e-05
585 0.07934578220927771 0.1320173221116145 7.000000000000001e-05
586 0.07902930261468827 0.1321862248431359 7.000000000000001e-05
587 0.07927899629532968 0.1312318973010692 7.000000000000001e-05
588 0.07962560884009104 0.1307224104943832 7.000000000000001e-05
589 0.07988001898257063 0.1308829461126282 7.000000000000001e-05
590 0.07987307796491915 0.1335190542311558 7.000000000000001e-05
591 0.07904773649229203 0.1315004726352157 7.000000000000001e-05
592 0.08039839016481964 0.1333126209644944 7.000000000000001e-05
593 0.08025033218030438 0.1303505512314095 7.000000000000001e-05
594 0.07903124875399149 0.132505322326457 7.000000000000001e-05
595 0.07934541533694422 0.1331181938900254 7.000000000000001e-05
596 0.07964768474576746 0.1310660235554171 7.000000000000001e-05
597 0.0801423116548541 0.1308116263975991 7.000000000000001e-05
598 0.07903347470769398 0.1318201351143112 0
599 0.07924409957787781 0.1327781949884598 0
600 0.08035415869637735 0.1313990574929821 0
601 0.08035377975666948 0.1321988980898955 0
602 0.08036394048277504 0.1329822403510714 0
603 0.07935993567300872 0.1308879389408777 0
604 0.07995900648306496 0.1305392788104541 0
605 0.07961388681404193 0.1333037083947508 0
606 0.08022078989221033 0.1335797440146403 0
607 0.08034820192721931 0.1306228069724222 0
608 0.08037714439666332 0.1310034674208985 0
609 0.08001431412265279 0.1311774154884295 0
610 0.08000945787034384 0.1315932909376461 0
611 0.07964956771803956 0.1314085049937548 0
612 0.07966955310540112 0.1318025858460595 0
613 0.08000955464132319 0.1319975425406535 0
614 0.07966798214988496 0.1322018665557023 0
615 0.0803558546892455 0.1325970188116825 0
616 0.07999477421917248 0.1327799802490455 0
617 0.08000642348742662 0.1323940075725628 0
618 0.07965659546826412 0.1325887391883971 0
619 0.07932950848339025 0.1323827038662218 0
620 0.08035449182745232 0.1317981315101962 0
621 0.08000722044911283 0.1332011204567603 0
622 0.07933554108426552 0.1316058782694605 0
623 0.07964183818728778 0.1329620698450595 0
624 0.07934578220927771 0.1320173221116145 0
625 0.07902930261468827 0.1321862248431359 0
626 0.07927899629532968 0.1312318973010692 0
627 0.07962560884009104 0.1307224104943832 0
628 0.07988001898257063 0.1308829461126282 0
629 0.07987307796491915 0.1335190542311558 0
630 0.07904773649229203 0.1315004726352157 0
631 0.08039839016481964 0.1333126209644944 0
632 0.08025033218030438 0.1303505512314095 0
633 0.07903124875399149 0.132505322326457 0
634 0.07934541533694422 0.1331181938900254 0
635 0.07964768474576746 0.1310660235554171 0
636 0.0801423116548541 0.1308116263975991 0
637 0.08147854497463357 0.133113552872566 7.000000000000001e-05
638 0.08147854497463357 0.130886447127434 7.000000000000001e-05
639 0.08142467893348031 0.1316186433105779 7.000000000000001e-05
640 0.08142500130145547 0.1323796592464456 7.000000000000001e-05
641 0.08110669793734453 0.1335573111301042 7.000000000000001e-05
642 0.08117160640039063 0.1304115033503331 7.000000000000001e-05
643 0.08106567992061663 0.131412145292626 7.000000000000001e-05
644 0.08106572856534737 0.1325853071950495 7.000000000000001e-05
645 0.0811003496208432 0.1309890810779131 7.000000000000001e-05
646 0.0811054995748723 0.1329477953041513 7.000000000000001e-05
647 0.0810525685877804 0.131804001153076 7.000000000000001e-05
648 0.08105366191087428 0.1321948279324285 7.000000000000001e-05
649 0.08142598512226508 0.1319995219404213 7.000000000000001e-05
650 0.08144579573605144 0.1327518419636056 7.000000000000001e-05
651 0.08144487557492895 0.131236929940855 7.000000000000001e-05
652 0.08147542450848719 0.1334561721472141 7.000000000000001e-05
653 0.08150702667362177 0.1305152628365787 7.000000000000001e-05
654 0.08099864207628087 0.1306827367506037 7.000000000000001e-05
655 0.08121017893461926 0.1332455431755813 7.000000000000001e-05
656 0.08125974864932078 0.1306934635793914 7.000000000000001e-05
657 0.08147854497463357 0.130886447127434 0
658 0.08147854497463357 0.133113552872566 0
659 0.08142467893348031 0.1316186433105779 0
660 0.08142500130145547 0.1323796592464456 0
661 0.08110669793734453 0.1335573111301042 0
662 0.08117160640039063 0.1304115033503331 0
663 0.08106567992061663 0.131412145292626 0
664 0.08106572856534737 0.1325853071950495 0
665 0.0811003496208432 0.1309890810779131 0
666 0.0811054995748723 0.1329477953041513 0
667 0.0810525685877804 0.131804001153076 0
668 0.08105366191087428 0.1321948279324285 0
669 0.08142598512226508 0.1319995219404213 0
670 0.08144579573605144 0.1327518419636056 0
671 0.08144487557492895 0.131236929940855 0
672 0.08147542450848719 0.1334561721472141 0
673 0.08150702667362177 0.1305152628365787 0
674 0.08099864207628087 0.1306827367506037 0
675 0.08121017893461926 0.1332455431755813 0
676 0.08125974864932078 0.1306934635793914 0
677 0.07457546692789026 0.1301475292900191 7.000000000000001e-05
678 0.07457546692789026 0.1338524707099809 7.000000000000001e-05
679 0.07447083881992622 0.1308794021405147 7.000000000000001e-05
680 0.07447077522921823 0.1331202562211406 7.000000000000001e-05
681 0.07453314827867338 0.1316269975785375 7.000000000000001e-05
682 0.07455563968993636 0.1323724995989101 7.000000000000001e-05
683 0.07488277821475091 0.1341982231668178 7.000000000000001e-05
684 0.07488277821475092 0.1298017768331823 7.000000000000001e-05
685 0.07503142843931723 0.1307428920584093 7.000000000000001e-05
686 0.07503150890900148 0.1332565944621658 7.000000000000001e-05
687 0.07497214752571017 0.1314321428571429 7.000000000000001e-05
688 0.07496427250600655 0.1325668063788095 7.000000000000001e-05
689 0.07497140149227317 0.1338020386792861 7.000000000000001e-05
690 0.07497140149227317 0.1301979613207139 7.000000000000001e-05
691 0.0750060921483133 0.131064714153634 7.000000000000001e-05
692 0.07500474006438675 0.1329347404405 7.000000000000001e-05
693 0.074646518679686 0.1327571412408418 7.000000000000001e-05
694 0.07491713931826495 0.1321853088367447 7.000000000000001e-05
695 0.07463375099465878 0.1312304655604271 7.000000000000001e-05
696 0.07489345935045136 0.131802651137884 7.000000000000001e-05
697 0.07450519079457663 0.1334379006948608 7.000000000000001e-05
698 0.07450513433495776 0.1305618999130325 7.000000000000001e-05
699 0.07454989777288767 0.131997909525346 7.000000000000001e-05
700 0.07450661527166355 0.1297998333701611 7.000000000000001e-05
701 0.07450661527166355 0.1342001666298389 7.000000000000001e-05
702 0.07486152818960728 0.1305000164558779 7.000000000000001e-05
703 0.074861618069228 0.1334997222798175 7.000000000000001e-05
704 0.07477761563160368 0.1331435509338302 7.000000000000001e-05
705 0.07477681567416587 0.1308551984190593 7.000000000000001e-05
706 0.07457546692789026 0.1301475292900191 0
707 0.07457546692789026 0.1338524707099809 0
708 0.07447083881992622 0.1308794021405147 0
709 0.07447077522921823 0.1331202562211406 0
710 0.07453314827867338 0.1316269975785375 0
711 0.07455563968993636 0.1323724995989101 0
712 0.07488277821475091 0.1341982231668178 0
713 0.07488277821475092 0.1298017768331823 0
714 0.07503142843931723 0.1307428920584093 0
715 0.07503150890900148 0.1332565944621658 0
716 0.07497214752571017 0.1314321428571429 0
717 0.07496427250600655 0.1325668063788095 0
718 0.07497140149227317 0.1338020386792861 0
719 0.07497140149227317 0.1301979613207139 0
720 0.0750060921483133 0.131064714153634 0
721 0.07500474006438675 0.1329347404405 0
722 0.074646518679686 0.1327571412408418 0
723 0.07491713931826495 0.1321853088367447 0
724 0.07463375099465878 0.1312304655604271 0
725 0.07489345935045136 0.131802651137884 0
726 0.07450519079457663 0.1334379006948608 0
727 0.07450513433495776 0.1305618999130325 0
728 0.07454989777288767 0.131997909525346 0
729 0.07450661527166355 0.1297998333701611 0
730 0.07450661527166355 0.1342001666298389 0
731 0.07486152818960728 0.1305000164558779 0
732 0.074861618069228 0.1334997222798175 0
733 0.07477761563160368 0.1331435509338302 0
734 0.07477681567416587 0.1308551984190593 0
735 0.07740118926403448 0.1299493397751733 0
736 0.07713011586153021 0.1296684037226818 0
737 0.07662679982173023 0.1295305739193524 0
738 0.07753480847892427 0.1303000766677029 0
739 0.07744018967561501 0.1296099928528478 0
740 0.07740118926403448 0.1299493397751733 7.000000000000001e-05
741 0.07713011586153021 0.1296684037226818 7.000000000000001e-05
742 0.07662679982173023 0.1295305739193524 7.000000000000001e-05
743 0.07753480847892427 0.1303000766677029 7.000000000000001e-05
744 0.07744018967561501 0.1296099928528478 7.000000000000001e-05
745 0.07737564165906645 0.1318127316245481 7.000000000000001e-05
746 0.07719956298821339 0.1334224019473145 7.000000000000001e-05
747 0.07562785247428981 0.1310535714285714 7.000000000000001e-05
748 0.07562808713794243 0.1325684233078772 7.000000000000001e-05
749 0.07719863309887047 0.1305807660720542 7.000000000000001e-05
750 0.07562785247428981 0.1318107142857143 7.000000000000001e-05
751 0.07562782109599818 0.1333255226880442 7.000000000000001e-05
752 0.07737564165906646 0.1325618051263557 7.000000000000001e-05
753 0.07640276436938233 0.129960408734541 7.000000000000001e-05
754 0.07639134798140484 0.1340441929146846 7.000000000000001e-05
755 0.07562150557132544 0.1303073091322147 7.000000000000001e-05
756 0.07558798754169403 0.1340817783070455 7.000000000000001e-05
757 0.07741697879376239 0.1310824395527635 7.000000000000001e-05
758 0.07579724713903691 0.1297298705612992 7.000000000000001e-05
759 0.07562093561841622 0.1337035995538816 7.000000000000001e-05
760 0.07595286189008234 0.1335131892745104 7.000000000000001e-05
761 0.07595540982249482 0.1331369995957477 7.000000000000001e-05
762 0.07628059019674301 0.1333245056554486 7.000000000000001e-05
763 0.07628233668906018 0.1329490508020249 7.000000000000001e-05
764 0.07659405538896459 0.1331379955798868 7.000000000000001e-05
765 0.07660675877743389 0.1327615155716895 7.000000000000001e-05
766 0.07628303151503329 0.1325725591924053 7.000000000000001e-05
767 0.07660956518628226 0.1323849783875173 7.000000000000001e-05
768 0.07628422913845882 0.1321959900877559 7.000000000000001e-05
769 0.07661104085572508 0.1320084838835012 7.000000000000001e-05
770 0.0762852962326043 0.1318194020746624 7.000000000000001e-05
771 0.07661184544272119 0.1316317856130548 7.000000000000001e-05
772 0.07628615533107548 0.1314427666832053 7.000000000000001e-05
773 0.0766127933133595 0.1312552341441421 7.000000000000001e-05
774 0.07628705004231304 0.1310661583717646 7.000000000000001e-05
775 0.07659939986215497 0.130878621167125 7.000000000000001e-05
776 0.07628800618114014 0.1306895580066677 7.000000000000001e-05
777 0.07661663261783977 0.1304982556779329 7.000000000000001e-05
778 0.07660797962605026 0.1335150219147234 7.000000000000001e-05
779 0.07693831304799909 0.1314443192367483 7.000000000000001e-05
780 0.07693651979272914 0.1321975631101673 7.000000000000001e-05
781 0.07690918264233938 0.1329477745210673 7.000000000000001e-05
782 0.07596027367471084 0.131253697436549 7.000000000000001e-05
783 0.07595848337812858 0.1320069489939539 7.000000000000001e-05
784 0.07562798199442382 0.1329473173525001 7.000000000000001e-05
785 0.07595747643636935 0.1339098200575658 7.000000000000001e-05
786 0.07692839829921516 0.1318198257698187 7.000000000000001e-05
787 0.07692559117560907 0.132572557482343 7.000000000000001e-05
788 0.07562760987137403 0.1306789807827819 7.000000000000001e-05
789 0.07595544321169 0.1304886085179478 7.000000000000001e-05
790 0.07596800487992721 0.1300806118283352 7.000000000000001e-05
791 0.07691240744927767 0.1310673072240111 7.000000000000001e-05
792 0.07562756339429254 0.1321897864155284 7.000000000000001e-05
793 0.07562747870698174 0.1314327902411107 7.000000000000001e-05
794 0.07595579628452215 0.1327596526766136 7.000000000000001e-05
795 0.07737564165906645 0.1314381948736443 7.000000000000001e-05
796 0.07737564165906645 0.1321872683754519 7.000000000000001e-05
797 0.07741906630282869 0.1329177251879363 7.000000000000001e-05
798 0.07595770590925298 0.1308717624240471 7.000000000000001e-05
799 0.07595959945536748 0.1316303246215089 7.000000000000001e-05
800 0.07595793054817834 0.1323835658091264 7.000000000000001e-05
801 0.07631297898508517 0.1303064286375188 7.000000000000001e-05
802 0.07630483445571364 0.1336993403169522 7.000000000000001e-05
803 0.07610029000870525 0.1342049188387972 7.000000000000001e-05
804 0.07694641891191625 0.1336547735800502 7.000000000000001e-05
805 0.07666603692116841 0.133860394813111 7.000000000000001e-05
806 0.07694862968079938 0.1303509706339561 7.000000000000001e-05
807 0.07667110770083868 0.1301445039219488 7.000000000000001e-05
808 0.07612017591238301 0.1297624119361485 7.000000000000001e-05
809 0.0755899082496795 0.1299542005449215 7.000000000000001e-05
810 0.07580462389855298 0.1343396968547128 7.000000000000001e-05
811 0.07690303100712174 0.1332998284846145 7.000000000000001e-05
812 0.07690523575061724 0.1307095859336183 7.000000000000001e-05
813 0.07715936109588328 0.1312529770310968 7.000000000000001e-05
814 0.07715955698264668 0.1316254632490962 7.000000000000001e-05
815 0.07715785286562055 0.1320014786462573 7.000000000000001e-05
816 0.0771587373186045 0.1308902766140104 7.000000000000001e-05
817 0.07716035035491917 0.1323745367509038 7.000000000000001e-05
818 0.07715999505272376 0.1327491152128312 7.000000000000001e-05
819 0.07716098648524661 0.1331210033646447 7.000000000000001e-05
820 0.0755455894365664 0.1296147824675682 7.000000000000001e-05
821 0.07739834644739403 0.1307957529288793 7.000000000000001e-05
822 0.07741723785095898 0.1332017853802908 7.000000000000001e-05
823 0.07554085535324512 0.1343902473114723 7.000000000000001e-05
824 0.07737564165906645 0.1318127316245481 0
825 0.07719956298821339 0.1334224019473145 0
826 0.07562785247428981 0.1310535714285714 0
827 0.07562808713794243 0.1325684233078772 0
828 0.07719863309887047 0.1305807660720542 0
829 0.07562785247428981 0.1318107142857143 0
830 0.07562782109599818 0.1333255226880442 0
831 0.07737564165906646 0.1325618051263557 0
832 0.07640276436938233 0.129960408734541 0
833 0.07639134798140484 0.1340441929146846 0
834 0.07562150557132544 0.1303073091322147 0
835 0.07558798754169403 0.1340817783070455 0
836 0.07741697879376239 0.1310824395527635 0
837 0.07579724713903691 0.1297298705612992 0
838 0.07562093561841622 0.1337035995538816 0
839 0.07595286189008234 0.1335131892745104 0
840 0.07595540982249482 0.1331369995957477 0
841 0.07628059019674301 0.1333245056554486 0
842 0.07628233668906018 0.1329490508020249 0
843 0.07659405538896459 0.1331379955798868 0
844 0.07660675877743389 0.1327615155716895 0
845 0.07628303151503329 0.1325725591924053 0
846 0.07660956518628226 0.1323849783875173 0
847 0.07628422913845882 0.1321959900877559 0
848 0.07661104085572508 0.1320084838835012 0
849 0.0762852962326043 0.1318194020746624 0
850 0.07661184544272119 0.1316317856130548 0
851 0.07628615533107548 0.1314427666832053 0
852 0.0766127933133595 0.1312552341441421 0
853 0.07628705004231304 0.1310661583717646 0
854 0.07659939986215497 0.130878621167125 0
855 0.07628800618114014 0.1306895580066677 0
856 0.07661663261783977 0.1304982556779329 0
857 0.07660797962605026 0.1335150219147234 0
858 0.07693831304799909 0.1314443192367483 0
859 0.07693651979272914 0.1321975631101673 0
860 0.07690918264233938 0.1329477745210673 0
861 0.07596027367471084 0.131253697436549 0
862 0.07595848337812858 0.1320069489939539 0
863 0.07562798199442382 0.1329473173525001 0
864 0.07595747643636935 0.1339098200575658 0
865 0.07692839829921516 0.1318198257698187 0
866 0.07692559117560907 0.132572557482343 0
867 0.07562760987137403 0.1306789807827819 0
868 0.07595544321169 0.1304886085179478 0
869 0.07596800487992721 0.1300806118283352 0
870 0.07691240744927767 0.1310673072240111 0
871 0.07562756339429254 0.1321897864155284 0
872 0.07562747870698174 0.1314327902411107 0
873 0.07595579628452215 0.1327596526766136 0
874 0.07737564165906645 0.1314381948736443 0
875 0.07737564165906645 0.1321872683754519 0
876 0.07741906630282869 0.1329177251879363 0
877 0.07595770590925298 0.1308717624240471 0
878 0.07595959945536748 0.1316303246215089 0
879 0.07595793054817834 0.1323835658091264 0
880 0.07631297898508517 0.1303064286375188 0
881 0.07630483445571364 0.1336993403169522 0
882 0.07610029000870525 0.1342049188387972 0
883 0.07694641891191625 0.1336547735800502 0
884 0.07666603692116841 0.133860394813111 0
885 0.07694862968079938 0.1303509706339561 0
886 0.07667110770083868 0.1301445039219488 0
887 0.07612017591238301 0.1297624119361485 0
888 0.0755899082496795 0.1299542005449215 0
889 0.07580462389855298 0.1343396968547128 0
890 0.07690303100712174 0.1332998284846145 0
891 0.07690523575061724 0.1307095859336183 0
892 0.07715936109588328 0.1312529770310968 0
893 0.07715955698264668 0.1316254632490962 0
894 0.07715785286562055 0.1320014786462573 0
895 0.0771587373186045 0.1308902766140104 0
896 0.07716035035491917 0.1323745367509038 0
897 0.07715999505272376 0.1327491152128312 0
898 0.07716098648524661 0.1331210033646447 0
899 0.0755455894365664 0.1296147824675682 0
900 0.07739834644739403 0.1307957529288793 0
901 0.07741723785095898 0.1332017853802908 0
902 0.07554085535324512 0.1343902473114723 0
903 0.07740118926403448 0.1340506602248267 0
904 0.07713011586153021 0.1343315962773182 0
905 0.07662679982173023 0.1344694260806476 0
906 0.07753480847892427 0.1336999233322971 0
907 0.07744018967561501 0.1343900071471522 0
908 0.07740118926403448 0.1340506602248267 7.000000000000001e-05
909 0.07713011586153021 0.1343315962773182 7.000000000000001e-05
910 0.07662679982173023 0.1344694260806476 7.000000000000001e-05
911 0.07753480847892427 0.1336999233322971 7.000000000000001e-05
912 0.07744018967561501 0.1343900071471522 7.000000000000001e-05
913 0.08273803737077608 0.1309000141976462 0
914 0.08273905347323478 0.1330753440789421 0
915 0.08353617241168872 0.1314165137250302 0
916 0.08358832719725845 0.1325995073384914 0
917 0.0835325291429897 0.1306071978606553 0
918 0.08359799444243518 0.1334392525213566 0
919 0.08303070361176178 0.1302887032503642 0
920 0.08303077315522808 0.1337072740830129 0
921 0.08302070068578851 0.1317698645357703 0
922 0.08253955005780042 0.1334294823509002 0
923 0.08252895863647836 0.1305751866497955 0
924 0.08293595857793229 0.1312386339741895 0
925 0.08289894443085789 0.132713677605852 0
926 0.08313500538062384 0.1330306929097 0
927 0.08303342954312259 0.1322883958962592 0
928 0.08337472874088717 0.1320219351712859 0
929 0.08313987576756825 0.1309095201910065 0
930 0.08355698522682788 0.1309941190148808 0
931 0.08351069565731907 0.1330254112318945 0
932 0.082325 0.1336995784321703 0
933 0.082325 0.1303004215678297 0
934 0.083375 0.1336989422246579 0
935 0.08336151262688053 0.1302902648590628 0
936 0.08324007287243726 0.1333874684112588 0
937 0.08321963412888624 0.1314665693803144 0
938 0.08318943845370473 0.1305368729927306 0
939 0.08268071712309213 0.1302757992185397 0
940 0.08268164737856278 0.1337242118675671 0
941 0.08360254523633877 0.131754601110223 0
942 0.08288257111932339 0.130588678802564 0
943 0.0828858436144936 0.1334060173995521 0
944 0.08361797761789865 0.1322852312927881 0
945 0.08325100360451376 0.1327057005833257 0
946 0.08329411571930491 0.1311848644714408 0
947 0.08205910608464466 0.1337458721258019 0
948 0.08205910608464465 0.1302541278741981 0
949 0.08365419245528442 0.1337380433983739 0
950 0.08364880835397405 0.1302594925439436 0
951 0.0833598758580537 0.1323871711700682 0
952 0.08332678993299547 0.1317097301903734 0
953 0.08273803737077608 0.1309000141976462 7.000000000000001e-05
954 0.08273905347323478 0.1330753440789421 7.000000000000001e-05
955 0.08353617241168872 0.1314165137250302 7.000000000000001e-05
956 0.08358832719725845 0.1325995073384914 7.000000000000001e-05
957 0.0835325291429897 0.1306071978606553 7.000000000000001e-05
958 0.08359799444243518 0.1334392525213566 7.000000000000001e-05
959 0.08303070361176178 0.1302887032503642 7.000000000000001e-05
960 0.08303077315522808 0.1337072740830129 7.000000000000001e-05
961 0.08302070068578851 0.1317698645357703 7.000000000000001e-05
962 0.08253955005780042 0.1334294823509002 7.000000000000001e-05
963 0.08252895863647836 0.1305751866497955 7.000000000000001e-05
964 0.08293595857793229 0.1312386339741895 7.000000000000001e-05
965 0.08289894443085789 0.132713677605852 7.000000000000001e-05
966 0.08313500538062384 0.1330306929097 7.000000000000001e-05
967 0.08303342954312259 0.1322883958962592 7.000000000000001e-05
968 0.08337472874088717 0.1320219351712859 7.000000000000001e-05
969 0.08313987576756825 0.1309095201910065 7.000000000000001e-05
970 0.08355698522682788 0.1309941190148808 7.000000000000001e-05
971 0.08351069565731907 0.1330254112318945 7.000000000000001e-05
972 0.082325 0.1336995784321703 7.000000000000001e-05
973 0.082325 0.1303004215678297 7.000000000000001e-05
974 0.083375 0.1336989422246579 7.000000000000001e-05
975 0.08336151262688053 0.1302902648590628 7.000000000000001e-05
976 0.08324007287243726 0.1333874684112588 7.000000000000001e-05
977 0.08321963412888624 0.1314665693803144 7.000000000000001e-05
978 0.08318943845370473 0.1305368729927306 7.000000000000001e-05
979 0.08268071712309213 0.1302757992185397 7.000000000000001e-05
980 0.08268164737856278 0.1337242118675671 7.000000000000001e-05
981 0.08360254523633877 0.131754601110223 7.000000000000001e-05
982 0.08288257111932339 0.130588678802564 7.000000000000001e-05
983 0.0828858436144936 0.1334060173995521 7.000000000000001e-05
984 0.08361797761789865 0.1322852312927881 7.000000000000001e-05
985 0.08325100360451376 0.1327057005833257 7.000000000000001e-05
986 0.08329411571930491 0.1311848644714408 7.000000000000001e-05
987 0.08205910608464466 0.1337458721258019 7.000000000000001e-05
988 0.08205910608464465 0.1302541278741981 7.000000000000001e-05
989 0.08365419245528442 0.1337380433983739 7.000000000000001e-05
990 0.08364880835397405 0.1302594925439436 7.000000000000001e-05
991 0.0833598758580537 0.1323871711700682 7.000000000000001e-05
992 0.08332678993299547 0.1317097301903734 7.000000000000001e-05
993 0.08212145502536643 0.132 7.000000000000001e-05
994 0.08235162512388818 0.1315277244895023 7.000000000000001e-05
995 0.08235162512388818 0.1324722755104978 7.000000000000001e-05
996 0.08213942418077072 0.1312505764011089 7.000000000000001e-05
997 0.08213942418077072 0.1327494235988911 7.000000000000001e-05
998 0.08204090490580224 0.1308967827769826 7.000000000000001e-05
999 0.08204090490580224 0.1331032172230174 7.000000000000001e-05
1000 0.08238534931035206 0.1318377083892895 7.000000000000001e-05
1001 0.08238160109408456 0.1321641788623422 7.000000000000001e-05
1002 0.08207781222798763 0.1316989434550517 7.000000000000001e-05
1003 0.08207764961274626 0.1323011384227957 7.000000000000001e-05
1004 0.08212145502536643 0.132 0
1005 0.08235162512388818 0.1315277244895023 0
1006 0.08235162512388818 0.1324722755104978 0
1007 0.08213942418077072 0.1312505764011089 0
1008 0.08213942418077072 0.1327494235988911 0
1009 0.08204090490580224 0.1308967827769826 0
1010 0.08204090490580224 0.1331032172230174 0
1011 0.08238534931035206 0.1318377083892895 0
1012 0.08238160109408456 0.1321641788623422 0
1013 0.08207781222798763 0.1316989434550517 0
1014 0.08207764961274626 0.1323011384227957 0
1015 0.07205119268368494 0.1296930386810383 7.000000000000001e-05
1016 0.07210573371455135 0.1343354483628143 7.000000000000001e-05
1017 0.07139850551390979 0.1306678439786159 7.000000000000001e-05
1018 0.07140833096186597 0.1333254475099609 7.000000000000001e-05
1019 0.0714171134777956 0.1325678523489236 7.000000000000001e-05
1020 0.07141061724869843 0.1314104087492419 7.000000000000001e-05
1021 0.07270035453390765 0.1334270907605623 7.000000000000001e-05
1022 0.07266509847214241 0.130599940173348 7.000000000000001e-05
1023 0.07233810085903608 0.1322177882339068 7.000000000000001e-05
1024 0.07239588431008526 0.1313844875539121 7.000000000000001e-05
1025 0.0728836941532425 0.1343582894605656 7.000000000000001e-05
1026 0.07285027217040368 0.1296862257607188 7.000000000000001e-05
1027 0.07142785247428982 0.1299178571428571 7.000000000000001e-05
1028 0.07141219732708656 0.1340687953382175 7.000000000000001e-05
1029 0.0725075481302485 0.1309863576489102 7.000000000000001e-05
1030 0.07228961565425465 0.1306489595511356 7.000000000000001e-05
1031 0.07212998513020635 0.1310879176740692 7.000000000000001e-05
1032 0.07244115310667726 0.1302864788026797 7.000000000000001e-05
1033 0.07205583925518499 0.1303781798349385 7.000000000000001e-05
1034 0.07204354423364352 0.1314711222864942 7.000000000000001e-05
1035 0.07191353475183254 0.1307590166810948 7.000000000000001e-05
1036 0.0728304229527624 0.1302764730861327 7.000000000000001e-05
1037 0.07239670712951778 0.1326237346447111 7.000000000000001e-05
1038 0.0720398479822859 0.1324863718015767 7.000000000000001e-05
1039 0.07208289210362218 0.1328476841891754 7.000000000000001e-05
1040 0.07200919465921531 0.1321172016281739 7.000000000000001e-05
1041 0.07292088908074834 0.1337503913771546 7.000000000000001e-05
1042 0.07252978633278363 0.1337730018468206 7.000000000000001e-05
1043 0.07231148490270133 0.1334656215456024 7.000000000000001e-05
1044 0.07214910765222821 0.1338021142897511 7.000000000000001e-05
1045 0.07195447632681737 0.1334930486720506 7.000000000000001e-05
1046 0.07246221667075942 0.1330579732399458 7.000000000000001e-05
1047 0.0717361093561202 0.1311368646138656 7.000000000000001e-05
1048 0.07230199109673635 0.1318098291116853 7.000000000000001e-05
1049 0.07175180484079249 0.1338503874403475 7.000000000000001e-05
1050 0.07322604978472561 0.1298704350896466 7.000000000000001e-05
1051 0.07316788116424314 0.1340885358793449 7.000000000000001e-05
1052 0.07243506323596298 0.1296793531802088 7.000000000000001e-05
1053 0.07249786613422964 0.134341292583854 7.000000000000001e-05
1054 0.07141922734554346 0.1329464975640852 7.000000000000001e-05
1055 0.07176281073926251 0.1331543634484364 7.000000000000001e-05
1056 0.07141200224383593 0.1321892888198752 7.000000000000001e-05
1057 0.07140288688621832 0.1318070973374437 7.000000000000001e-05
1058 0.07142014181404116 0.1302899212483049 7.000000000000001e-05
1059 0.07180106723641923 0.1300595351013224 7.000000000000001e-05
1060 0.07140262539953432 0.1336947999376376 7.000000000000001e-05
1061 0.07171267500536774 0.1342815557769446 7.000000000000001e-05
1062 0.07167918973382731 0.1296681899258108 7.000000000000001e-05
1063 0.07173428132057766 0.1327571419483515 7.000000000000001e-05
1064 0.07222792572111657 0.1300138641380036 7.000000000000001e-05
1065 0.0717079811529161 0.1316018747967927 7.000000000000001e-05
1066 0.07171380106317293 0.1304877282894847 7.000000000000001e-05
1067 0.07210166267081661 0.1331963113851681 7.000000000000001e-05
1068 0.07139466314565666 0.1310361987060448 7.000000000000001e-05
1069 0.07171271067959814 0.1323785714285714 7.000000000000001e-05
1070 0.07358401012136949 0.1296389824108244 7.000000000000001e-05
1071 0.07357570031844342 0.1343551562990315 7.000000000000001e-05
1072 0.072618217970501 0.1299828547465549 7.000000000000001e-05
1073 0.07169036996618521 0.1319897793941847 7.000000000000001e-05
1074 0.07272642620194879 0.1340476120303183 7.000000000000001e-05
1075 0.07196423293461059 0.1317919815329315 7.000000000000001e-05
1076 0.07321795512718582 0.1344203963277884 7.000000000000001e-05
1077 0.07322456641529976 0.1295791286522379 7.000000000000001e-05
1078 0.0723392001966507 0.1340490407203883 7.000000000000001e-05
1079 0.07137803991458326 0.1343744364014474 7.000000000000001e-05
1080 0.07137803991458326 0.1296255635985525 7.000000000000001e-05
1081 0.07164800760062186 0.1335121368743002 7.000000000000001e-05
1082 0.07199541609839603 0.1340529894377567 7.000000000000001e-05
1083 0.07293489627661801 0.1299706903520311 7.000000000000001e-05
1084 0.07396013295867956 0.1344557122964742 7.000000000000001e-05
1085 0.07396013295867955 0.1295442877035258 7.000000000000001e-05
1086 0.07163713699488246 0.1308532375033388 7.000000000000001e-05
1087 0.07205144227826228 0.1296930204917487 0
1088 0.07210573371455135 0.1343354483628143 0
1089 0.07139850551390979 0.1306678439786159 0
1090 0.07140833096186597 0.1333254475099609 0
1091 0.0714171134777956 0.1325678523489236 0
1092 0.07141061724869843 0.1314104087492419 0
1093 0.07270035453390765 0.1334270907605623 0
1094 0.07266509847214241 0.130599940173348 0
1095 0.07233810085903608 0.1322177882339068 0
1096 0.07239588431008526 0.1313844875539121 0
1097 0.0728836941532425 0.1343582894605656 0
1098 0.0728503525964177 0.1296862338337817 0
1099 0.07142785247428982 0.1299178571428571 0
1100 0.07141219732708656 0.1340687953382175 0
1101 0.0725075481302485 0.1309863576489102 0
1102 0.07228961565425465 0.1306489595511356 0
1103 0.07212998513020635 0.1310879176740692 0
1104 0.07244115597690401 0.1302864948500029 0
1105 0.07205583973355612 0.1303781825094924 0
1106 0.07204354423364352 0.1314711222864942 0
1107 0.07191353479251035 0.1307590169085228 0
1108 0.07283043445739661 0.1302765374080835 0
1109 0.07239670712951778 0.1326237346447111 0
1110 0.0720398479822859 0.1324863718015767 0
1111 0.07208289210362218 0.1328476841891754 0
1112 0.07200919465921531 0.1321172016281739 0
1113 0.07292088908074834 0.1337503913771546 0
1114 0.07252978633278363 0.1337730018468206 0
1115 0.07231148490270133 0.1334656215456024 0
1116 0.07214910765222821 0.1338021142897511 0
1117 0.07195447632681737 0.1334930486720506 0
1118 0.07246221667075942 0.1330579732399458 0
1119 0.07173610935823796 0.1311368646257058 0
1120 0.07230199109673635 0.1318098291116853 0
1121 0.07175180484079249 0.1338503874403475 0
1122 0.07322605935925108 0.1298704360507255 0
1123 0.07316788116424314 0.1340885358793449 0
1124 0.07243512926565795 0.1296794131415679 0
1125 0.07249786613422964 0.134341292583854 0
1126 0.07141922734554346 0.1329464975640852 0
1127 0.07176281073926251 0.1331543634484364 0
1128 0.07141200224383593 0.1321892888198752 0
1129 0.07140288688621832 0.1318070973374437 0
1130 0.07142014181404116 0.1302899212483049 0
1131 0.07180110296112614 0.1300595328849316 0
1132 0.07140262539953432 0.1336947999376376 0
1133 0.07171267500536774 0.1342815557769446 0
1134 0.07167922370040876 0.1296681874965631 0
1135 0.07173428132057766 0.1327571419483515 0
1136 0.07222799586364251 0.1300139354983265 0
1137 0.07170798115326905 0.1316018747987661 0
1138 0.07171380537790578 0.1304877283711026 0
1139 0.07210166267081661 0.1331963113851681 0
1140 0.07139466314590877 0.1310361987074544 0
1141 0.07171271067959814 0.1323785714285714 0
1142 0.07358401148915884 0.1296389825481214 0
1143 0.07357570031844342 0.1343551562990315 0
1144 0.07261825646601698 0.1299828913738914 0
1145 0.07169036996621522 0.1319897793943525 0
1146 0.07272642620194879 0.1340476120303183 0
1147 0.07196423293464967 0.13179198153315 0
1148 0.07321795512718582 0.1344203963277884 0
1149 0.07322458468896552 0.1295791304865257 0
1150 0.0723392001966507 0.1340490407203883 0
1151 0.07137803991458326 0.1343744364014474 0
1152 0.07137803991458326 0.1296255635985525 0
1153 0.07164800760062186 0.1335121368743002 0
1154 0.07199541609839603 0.1340529894377567 0
1155 0.07293490356528365 0.1299706960779489 0
1156 0.07396013295867955 0.1295442877035258 0
1157 0.07396013295867956 0.1344557122964742 0
1158 0.07163713699488246 0.1308532375033388 0
1159 0.07387862936160434 0.1320001234822094 7.000000000000001e-05
1160 0.07315983474945452 0.1312310355318623 7.000000000000001e-05
1161 0.0731385704899275 0.1328010136417501 7.000000000000001e-05
1162 0.07294393843222255 0.1321901713079424 7.000000000000001e-05
1163 0.07387878282522137 0.1308872710660393 7.000000000000001e-05
1164 0.07388564267289592 0.1331024578878029 7.000000000000001e-05
1165 0.07360016118560625 0.1303637123220127 7.000000000000001e-05
1166 0.07359548337295316 0.1336354700868278 7.000000000000001e-05
1167 0.07387878282522135 0.1316290903553464 7.000000000000001e-05
1168 0.0735596951054919 0.1318079752186486 7.000000000000001e-05
1169 0.07355673709989943 0.1321926124855383 7.000000000000001e-05
1170 0.0735563720475859 0.1314415643813501 7.000000000000001e-05
1171 0.07323828094622126 0.1316272444827722 7.000000000000001e-05
1172 0.07352644406139544 0.1310527864235817 7.000000000000001e-05
1173 0.07387884165947078 0.1323727575731404 7.000000000000001e-05
1174 0.07355773044827962 0.1325601708924806 7.000000000000001e-05
1175 0.07387682004631561 0.1312568438170793 7.000000000000001e-05
1176 0.07388068535777753 0.1327411511025962 7.000000000000001e-05
1177 0.07354161738274032 0.1329378770803321 7.000000000000001e-05
1178 0.07358383895397366 0.1332840225977582 7.000000000000001e-05
1179 0.07322443546778433 0.1323944272043547 7.000000000000001e-05
1180 0.0735812895720411 0.1307129537496111 7.000000000000001e-05
1181 0.07388954432654216 0.1338349069936877 7.000000000000001e-05
1182 0.07389032396198433 0.130164956741119 7.000000000000001e-05
1183 0.07326179205885379 0.1331700655268523 7.000000000000001e-05
1184 0.07294511495210705 0.1318271421453488 7.000000000000001e-05
1185 0.07324470033395442 0.1320065954741008 7.000000000000001e-05
1186 0.07325147201172237 0.1308427521197046 7.000000000000001e-05
1187 0.07389175959080885 0.130526936120259 7.000000000000001e-05
1188 0.07389241822106081 0.1334706891205509 7.000000000000001e-05
1189 0.07295579694650745 0.1314957296072127 7.000000000000001e-05
1190 0.0729359465834801 0.1325108550433774 7.000000000000001e-05
1191 0.07335789719597222 0.1305475180363367 7.000000000000001e-05
1192 0.07336193821573644 0.1334516942820179 7.000000000000001e-05
1193 0.07387862936160434 0.1320001234822094 0
1194 0.07315983474945452 0.1312310355318623 0
1195 0.0731385704899275 0.1328010136417501 0
1196 0.07294393843222255 0.1321901713079424 0
1197 0.07387878282522137 0.1308872710660393 0
1198 0.07388564267289592 0.1331024578878029 0
1199 0.07360016118560625 0.1303637123220127 0
1200 0.07359548337295316 0.1336354700868278 0
1201 0.07387878282522135 0.1316290903553464 0
1202 0.07355969510549189 0.1318079752186486 0
1203 0.07355673709989943 0.1321926124855383 0
1204 0.0735563720475859 0.1314415643813501 0
1205 0.07323828094622127 0.1316272444827722 0
1206 0.07352644406139544 0.1310527864235817 0
1207 0.07387884165947078 0.1323727575731404 0
1208 0.07355773044827962 0.1325601708924806 0
1209 0.07387682004631561 0.1312568438170793 0
1210 0.07388068535777755 0.1327411511025962 0
1211 0.07354161738274032 0.1329378770803321 0
1212 0.07358383895397366 0.1332840225977582 0
1213 0.07322443546778433 0.1323944272043547 0
1214 0.0735812895720411 0.1307129537496111 0
1215 0.07388954432654216 0.1338349069936877 0
1216 0.07389032396198433 0.130164956741119 0
1217 0.07326179205885379 0.1331700655268523 0
1218 0.07294511495210705 0.1318271421453488 0
1219 0.07324470033395442 0.1320065954741008 0
1220 0.07325147201172237 0.1308427521197046 0
1221 0.07389175959080885 0.130526936120259 0
1222 0.07389241822106081 0.1334706891205509 0
1223 0.07295579694650745 0.1314957296072127 0
1224 0.0729359465834801 0.1325108550433774 0
1225 0.07335789719597222 0.1305475180363367 0
1226 0.07336193821573644 0.1334516942820179 0
1227 0.07778800510394698 0.1314381948736443 0
1228 0.07778800510394698 0.1325618051263557 0
1229 0.07781795605091336 0.1321899857072835 0
1230 0.07781795605091336 0.1318100142927165 0
1231 0.07778800510394698 0.1314381948736443 7.000000000000001e-05
1232 0.07778800510394698 0.1325618051263557 7.000000000000001e-05
1233 0.07781795605091336 0.1318100142927165 7.000000000000001e-05
1234 0.07781795605091336 0.1321899857072835 7.000000000000001e-05
1235 0.07930972461678848 0.1294365066262742 3.5e-05
1236 0.07851680809094665 0.1309424785853837 3.5e-05
1237 0.0793790398958758 0.1336312850528242 3.5e-05
1238 0.08049129516764035 0.134089167527851 3.500000000000001e-05
1239 0.0783927287919072 0.1344320395503363 3.5e-05
1240 0.07873554104692924 0.1335357289741159 3.5e-05
1241 0.07836900068043189 0.1318097817872509 3.5e-05
1242 0.07856978909290742 0.1319926507358054 3.5e-05
1243 0.080083634670608 0.1299757278989465 3.5e-05
1244 0.08161064108780004 0.1294041666666667 3.5e-05
1245 0.0804695501746099 0.1315990630010595 3.500000000000001e-05
1246 0.08168570840144193 0.1301595064376537 3.5e-05
1247 0.08095534318048661 0.1312004087901797 3.5e-05
1248 0.07503531736792997 0.1296357590484254 3.5e-05
1249 0.0751907158419034 0.1314321428571429 3.5e-05
1250 0.07517439129634633 0.134514833229302 3.500000000000001e-05
1251 0.07508967085679775 0.1327528965588174 3.5e-05
1252 0.07606688102158858 0.1321955016302787 3.5e-05
1253 0.07547628096497973 0.1342478180633155 3.500000000000059e-05
1254 0.07751210138459597 0.1330810402736462 3.5e-05
1255 0.08267721579285427 0.1339080706225224 3.5e-05
1256 0.08271423727418707 0.1313585089083866 3.5e-05
1257 0.08362575799240864 0.1319255120938363 3.499999999999999e-05
1258 0.08318904158255674 0.1316487213688194 3.5e-05
1259 0.08251945945617235 0.1325451275865092 3.5e-05
1260 0.0726100945109566 0.1314201407696588 3.5e-05
1261 0.07247012204474322 0.1345470975279513 3.500000000000001e-05
1262 0.07131211360777968 0.1327571642567172 3.5e-05
1263 0.07268742245179513 0.1308283764679643 3.5e-05
1264 0.07360717026919787 0.1294463275505105 3.499999722855831e-05
1265 0.07409287645386811 0.1320000411607364 3.5e-05
1266 0.07408932983775725 0.1342268931309344 3.5e-05
1267 0.0737744873560552 0.1299773326624968 3.5e-05
$EndNodes
$Elements
3543
1 2 2 13 54 42 41 346
2 2 2 13 54 346 363 42
3 2 2 13 54 354 43 45
4 2 2 13 54 45 371 354
5 2 2 13 54 364 346 347
6 2 2 13 54 364 363 346
7 2 2 13 54 365 347 348
8 2 2 13 54 365 364 347
9 2 2 13 54 348 349 366
10 2 2 13 54 366 365 348
11 2 2 13 54 366 349 350
12 2 2 13 54 367 350 351
13 2 2 13 54 366 350 367
14 2 2 13 54 368 351 352
15 2 2 13 54 367 351 368
16 2 2 13 54 353 370 352
17 2 2 13 54 352 369 368
18 2 2 13 54 370 369 352
19 2 2 13 54 354 371 353
20 2 2 13 54 371 370 353
21 2 2 13 61 47 398 48
22 2 2 13 61 47 385 398
23 2 2 13 61 410 49 50
24 2 2 13 61 397 49 410
25 2 2 13 61 385 386 399
26 2 2 13 61 385 399 398
27 2 2 13 61 386 387 399
28 2 2 13 61 387 388 401
29 2 2 13 61 399 387 400
30 2 2 13 61 387 401 400
31 2 2 13 61 388 389 401
32 2 2 13 61 389 390 403
33 2 2 13 61 401 389 402
34 2 2 13 61 389 403 402
35 2 2 13 61 390 391 404
36 2 2 13 61 390 404 403
37 2 2 13 61 391 392 405
38 2 2 13 61 391 405 404
39 2 2 13 61 392 393 406
40 2 2 13 61 392 406 405
41 2 2 13 61 393 394 407
42 2 2 13 61 393 407 406
43 2 2 13 61 394 395 408
44 2 2 13 61 394 408 407
45 2 2 13 61 395 396 409
46 2 2 13 61 395 409 408
47 2 2 13 61 396 397 410
48 2 2 13 61 396 410 409
49 4 2 1 1 71 72 58 1241
50 4 2 1 1 59 58 72 1241
51 4 2 1 1 80 554 513 1235
52 4 2 1 1 89 81 88 1235
53 4 2 1 1 88 80 513 1235
54 4 2 1 1 80 88 81 1235
55 4 2 1 1 5 86 6 1244
56 4 2 1 1 86 94 6 1244
57 4 2 1 1 69 56 537 1236
58 4 2 1 1 108 137 109 1237
59 4 2 1 1 109 137 138 1237
60 4 2 1 1 537 56 496 1236
61 4 2 1 1 514 94 548 555
62 4 2 1 1 540 499 489 1240
63 4 2 1 1 530 540 489 1240
64 4 2 1 1 508 132 12 103
65 4 2 1 1 4 65 78 1239
66 4 2 1 1 3 65 4 1239
67 4 2 1 1 524 530 483 1240
68 4 2 1 1 514 94 555 1244
69 4 2 1 1 113 142 515 1242
70 4 2 1 1 483 530 489 1240
71 4 2 1 1 106 9 14 1238
72 4 2 1 1 515 142 556 1242
73 4 2 1 1 71 58 515 1241
74 4 2 1 1 556 71 515 1241
75 4 2 1 1 102 130 493 101
76 4 2 1 1 131 493 130 534
77 4 2 1 1 492 94 93 533
78 4 2 1 1 93 86 85 533
79 4 2 1 1 514 94 507 548
80 4 2 1 1 548 94 86 555
81 4 2 1 1 520 78 64 479
82 4 2 1 1 94 86 93 533
83 4 2 1 1 130 102 493 131
84 4 2 1 1 130 100 535 101
85 4 2 1 1 100 535 101 495
86 4 2 1 1 529 523 541 500
87 4 2 1 1 93 494 85 92
88 4 2 1 1 494 536 85 92
89 4 2 1 1 84 85 536 92
90 4 2 1 1 130 100 129 535
91 4 2 1 1 131 508 7 102
92 4 2 1 1 55 54 538 497
93 4 2 1 1 149 529 488 1243
94 4 2 1 1 55 67 538 54
95 4 2 1 1 67 55 538 68
96 4 2 1 1 521 497 54 480
97 4 2 1 1 497 521 54 538
98 4 2 1 1 65 64 78 479
99 4 2 1 1 64 77 78 520
100 4 2 1 1 522 538 542 497
101 4 2 1 1 148 120 119 1243
102 4 2 1 1 67 54 521 538
103 4 2 1 1 492 93 494 533
104 4 2 1 1 130 493 535 534
105 4 2 1 1 493 130 535 101
106 4 2 1 1 532 99 487 491
107 4 2 1 1 99 532 487 128
108 4 2 1 1 493 101 535 495
109 4 2 1 1 98 127 128 487
110 4 2 1 1 85 494 93 533
111 4 2 1 1 494 85 536 533
112 4 2 1 1 132 508 12 549
113 4 2 1 1 117 481 146 477
114 4 2 1 1 484 528 545 504
115 4 2 1 1 126 96 526 97
116 4 2 1 1 128 528 532 487
117 4 2 1 1 520 499 503 479
118 4 2 1 1 96 126 526 125
119 4 2 1 1 521 54 53 480
120 4 2 1 1 103 12 508 7
121 4 2 1 1 544 540 524 499
122 4 2 1 1 104 134 534 105
123 4 2 1 1 151 121 492 122
124 4 2 1 1 526 498 96 539
125 4 2 1 1 90 529 83 82
126 4 2 1 1 136 528 484 107
127 4 2 1 1 521 53 67 66
128 4 2 1 1 54 521 53 67
129 4 2 1 1 531 83 91 488
130 4 2 1 1 530 139 524 483
131 4 2 1 1 550 112 509 73
132 4 2 1 1 121 494 150 492
133 4 2 1 1 104 133 535 534
134 4 2 1 1 523 529 148 482
135 4 2 1 1 64 63 77 540
136 4 2 1 1 531 91 490 488
137 4 2 1 1 134 104 534 133
138 4 2 1 1 121 151 492 150
139 4 2 1 1 60 557 112 516
140 4 2 1 1 519 137 108 1237
141 4 2 1 1 491 535 100 495
142 4 2 1 1 129 532 535 100
143 4 2 1 1 110 483 530 489
144 4 2 1 1 530 139 483 110
145 4 2 1 1 63 76 77 540
146 4 2 1 1 149 488 120 1243
147 4 2 1 1 481 542 518 477
148 4 2 1 1 492 494 150 533
149 4 2 1 1 536 531 84 92
150 4 2 1 1 494 490 536 92
151 4 2 1 1 535 493 104 534
152 4 2 1 1 526 96 485 97
153 4 2 1 1 110 530 546 505
154 4 2 1 1 540 524 499 1240
155 4 2 1 1 534 104 105 493
156 4 2 1 1 151 492 150 533
157 4 2 1 1 99 98 128 487
158 4 2 1 1 536 150 494 533
159 4 2 1 1 535 493 495 104
160 4 2 1 1 14 133 535 104
161 4 2 1 1 481 501 542 477
162 4 2 1 1 518 522 542 481
163 4 2 1 1 483 544 524 499
164 4 2 1 1 499 483 544 503
165 4 2 1 1 16 123 507 152
166 4 2 1 1 526 125 539 96
167 4 2 1 1 499 520 64 479
168 4 2 1 1 80 554 527 513
169 4 2 1 1 494 150 10 121
170 4 2 1 1 478 526 525 519
171 4 2 1 1 526 478 525 485
172 4 2 1 1 481 146 145 117
173 4 2 1 1 528 128 127 487
174 4 2 1 1 530 110 489 505
175 4 2 1 1 139 530 546 110
176 4 2 1 1 552 1 87 511
177 4 2 1 1 138 524 139 109
178 4 2 1 1 504 545 485 97
179 4 2 1 1 83 531 529 488
180 4 2 1 1 508 12 131 7
181 4 2 1 1 508 12 549 131
182 4 2 1 1 63 76 540 489
183 4 2 1 1 478 525 485 484
184 4 2 1 1 150 494 10 536
185 4 2 1 1 535 9 104 495
186 4 2 1 1 506 547 496 1236
187 4 2 1 1 94 492 548 533
188 4 2 1 1 62 75 76 489
189 4 2 1 1 481 518 146 477
190 4 2 1 1 90 83 488 91
191 4 2 1 1 14 135 106 1238
192 4 2 1 1 536 15 10 150
193 4 2 1 1 9 535 104 14
194 4 2 1 1 64 77 520 540
195 4 2 1 1 551 124 4 95
196 4 2 1 1 136 528 525 484
197 4 2 1 1 487 484 528 107
198 4 2 1 1 552 53 1 511
199 4 2 1 1 524 483 499 1240
200 4 2 1 1 115 506 547 496
201 4 2 1 1 498 526 96 485
202 4 2 1 1 76 63 62 489
203 4 2 1 1 518 146 522 481
204 4 2 1 1 147 118 477 482
205 4 2 1 1 502 501 521 480
206 4 2 1 1 482 147 118 119
207 4 2 1 1 528 127 545 504
208 4 2 1 1 477 518 523 486
209 4 2 1 1 145 116 481 117
210 4 2 1 1 548 86 94 533
211 4 2 1 1 94 492 507 548
212 4 2 1 1 532 129 99 100
213 4 2 1 1 543 88 486 502
214 4 2 1 1 75 61 505 62
215 4 2 1 1 61 75 505 74
216 4 2 1 1 139 111 546 140
217 4 2 1 1 148 147 482 119
218 4 2 1 1 497 542 522 481
219 4 2 1 1 542 497 501 481
220 4 2 1 1 56 558 496 517
221 4 2 1 1 91 84 531 92
222 4 2 1 1 64 63 540 499
223 4 2 1 1 144 537 145 496
224 4 2 1 1 540 544 520 499
225 4 2 1 1 558 56 55 517
226 4 2 1 1 95 125 539 124
227 4 2 1 1 55 69 558 68
228 4 2 1 1 145 116 115 496
229 4 2 1 1 523 529 482 500
230 4 2 1 1 529 482 500 488
231 4 2 1 1 545 485 484 504
232 4 2 1 1 504 484 528 487
233 4 2 1 1 528 545 525 484
234 4 2 1 1 87 2 1 552
235 4 2 1 1 152 5 514 555
236 4 2 1 1 529 90 83 488
237 4 2 1 1 57 547 69 70
238 4 2 1 1 523 477 147 518
239 4 2 1 1 477 118 146 117
240 4 2 1 1 545 126 526 97
241 4 2 1 1 53 2 66 552
242 4 2 1 1 115 144 145 496
243 4 2 1 1 135 532 491 1238
244 4 2 1 1 100 532 535 491
245 4 2 1 1 550 112 73 141
246 4 2 1 1 60 73 509 112
247 4 2 1 1 108 478 519 1237
248 4 2 1 1 518 527 523 486
249 4 2 1 1 87 2 552 79
250 4 2 1 1 69 56 558 537
251 4 2 1 1 9 535 491 495
252 4 2 1 1 63 540 499 489
253 4 2 1 1 490 536 10 494
254 4 2 1 1 11 151 507 122
255 4 2 1 1 529 541 90 500
256 4 2 1 1 526 503 478 485
257 4 2 1 1 526 544 519 478
258 4 2 1 1 98 504 127 487
259 4 2 1 1 531 536 490 92
260 4 2 1 1 55 69 56 558
261 4 2 1 1 145 522 146 481
262 4 2 1 1 95 498 539 96
263 4 2 1 1 544 524 519 478
264 4 2 1 1 109 524 139 483
265 4 2 1 1 1 2 53 552
266 4 2 1 1 10 15 536 490
267 4 2 1 1 151 11 507 16
268 4 2 1 1 523 477 486 482
269 4 2 1 1 503 526 478 544
270 4 2 1 1 499 544 520 503
271 4 2 1 1 544 483 478 503
272 4 2 1 1 483 544 478 524
273 4 2 1 1 503 526 539 498
274 4 2 1 1 120 148 149 1243
275 4 2 1 1 139 109 483 110
276 4 2 1 1 94 86 555 1244
277 4 2 1 1 123 16 507 11
278 4 2 1 1 521 543 501 502
279 4 2 1 1 141 73 557 112
280 4 2 1 1 557 60 112 73
281 4 2 1 1 486 88 80 513
282 4 2 1 1 486 80 527 513
283 4 2 1 1 520 499 64 540
284 4 2 1 1 485 545 526 97
285 4 2 1 1 477 147 146 118
286 4 2 1 1 56 558 537 496
287 4 2 1 1 501 497 521 480
288 4 2 1 1 497 542 521 538
289 4 2 1 1 527 543 80 486
290 4 2 1 1 88 543 486 80
291 4 2 1 1 546 111 110 505
292 4 2 1 1 548 16 507 152
293 4 2 1 1 125 95 539 96
294 4 2 1 1 477 523 147 482
295 4 2 1 1 16 507 151 548
296 4 2 1 1 13 508 103 132
297 4 2 1 1 148 147 523 482
298 4 2 1 1 100 99 532 491
299 4 2 1 1 532 129 128 99
300 4 2 1 1 144 547 537 496
301 4 2 1 1 540 76 530 489
302 4 2 1 1 550 74 73 509
303 4 2 1 1 547 537 496 1236
304 4 2 1 1 528 136 135 107
305 4 2 1 1 131 508 493 534
306 4 2 1 1 111 139 546 110
307 4 2 1 1 91 84 83 531
308 4 2 1 1 541 90 82 529
309 4 2 1 1 147 477 146 518
310 4 2 1 1 541 89 90 500
311 4 2 1 1 136 525 137 108
312 4 2 1 1 74 60 509 61
313 4 2 1 1 546 75 74 505
314 4 2 1 1 490 91 531 92
315 4 2 1 1 58 71 515 512
316 4 2 1 1 530 76 75 489
317 4 2 1 1 547 144 115 496
318 4 2 1 1 504 528 127 487
319 4 2 1 1 519 137 525 108
320 4 2 1 1 521 543 542 501
321 4 2 1 1 87 88 79 543
322 4 2 1 1 102 508 493 131
323 4 2 1 1 526 525 545 485
324 4 2 1 1 520 503 498 479
325 4 2 1 1 498 503 526 485
326 4 2 1 1 109 478 524 483
327 4 2 1 1 522 496 145 537
328 4 2 1 1 526 539 544 503
329 4 2 1 1 487 135 532 491
330 4 2 1 1 556 71 553 515
331 4 2 1 1 515 71 553 512
332 4 2 1 1 145 116 496 481
333 4 2 1 1 89 541 90 81
334 4 2 1 1 536 15 531 490
335 4 2 1 1 62 75 489 505
336 4 2 1 1 485 525 545 484
337 4 2 1 1 113 112 557 516
338 4 2 1 1 97 545 127 504
339 4 2 1 1 484 108 136 107
340 4 2 1 1 70 71 57 553
341 4 2 1 1 528 135 532 487
342 4 2 1 1 149 490 488 531
343 4 2 1 1 112 111 550 509
344 4 2 1 1 543 87 88 502
345 4 2 1 1 487 135 107 528
346 4 2 1 1 135 491 106 1238
347 4 2 1 1 71 58 57 512
348 4 2 1 1 543 521 552 511
349 4 2 1 1 515 553 143 114
350 4 2 1 1 556 553 143 515
351 4 2 1 1 78 65 510 1239
352 4 2 1 1 549 13 105 134
353 4 2 1 1 521 511 53 552
354 4 2 1 1 123 5 514 152
355 4 2 1 1 486 501 543 502
356 4 2 1 1 553 144 143 114
357 4 2 1 1 114 515 553 512
358 4 2 1 1 8 13 105 508
359 4 2 1 1 78 510 551 1239
360 4 2 1 1 90 82 81 541
361 4 2 1 1 553 71 57 512
362 4 2 1 1 149 529 531 488
363 4 2 1 1 553 114 512 115
364 4 2 1 1 522 496 481 145
365 4 2 1 1 511 502 521 480
366 4 2 1 1 112 140 550 111
367 4 2 1 1 503 539 520 498
368 4 2 1 1 8 13 508 103
369 4 2 1 1 97 504 127 98
370 4 2 1 1 478 525 108 519
371 4 2 1 1 511 521 53 480
372 4 2 1 1 542 497 521 501
373 4 2 1 1 60 74 509 73
374 4 2 1 1 66 53 552 521
375 4 2 1 1 522 558 538 517
376 4 2 1 1 554 523 527 513
377 4 2 1 1 538 522 517 497
378 4 2 1 1 142 112 557 113
379 4 2 1 1 142 113 515 114
380 4 2 1 1 515 143 142 114
381 4 2 1 1 496 558 522 517
382 4 2 1 1 143 515 142 556
383 4 2 1 1 545 97 127 126
384 4 2 1 1 507 151 492 122
385 4 2 1 1 108 136 525 484
386 4 2 1 1 149 10 490 15
387 4 2 1 1 538 558 55 517
388 4 2 1 1 517 55 538 497
389 4 2 1 1 500 90 529 488
390 4 2 1 1 525 478 108 484
391 4 2 1 1 558 55 68 538
392 4 2 1 1 506 547 512 115
393 4 2 1 1 486 542 543 501
394 4 2 1 1 557 60 59 516
395 4 2 1 1 477 542 518 486
396 4 2 1 1 114 553 144 115
397 4 2 1 1 508 131 549 534
398 4 2 1 1 492 151 548 533
399 4 2 1 1 80 79 88 543
400 4 2 1 1 477 501 542 486
401 4 2 1 1 530 75 546 505
402 4 2 1 1 491 487 135 106
403 4 2 1 1 151 507 492 548
404 4 2 1 1 490 149 488 120
405 4 2 1 1 520 510 78 479
406 4 2 1 1 542 486 543 527
407 4 2 1 1 140 112 550 141
408 4 2 1 1 135 487 107 106
409 4 2 1 1 521 543 502 511
410 4 2 1 1 75 530 489 505
411 4 2 1 1 539 503 520 544
412 4 2 1 1 558 496 522 537
413 4 2 1 1 527 518 542 486
414 4 2 1 1 59 72 73 557
415 4 2 1 1 479 498 520 510
416 4 2 1 1 5 514 555 1244
417 4 2 1 1 479 78 65 510
418 4 2 1 1 112 142 557 141
419 4 2 1 1 509 74 505 550
420 4 2 1 1 149 531 15 490
421 4 2 1 1 510 520 78 551
422 4 2 1 1 547 553 512 115
423 4 2 1 1 74 509 505 61
424 4 2 1 1 59 557 556 72
425 4 2 1 1 514 548 152 555
426 4 2 1 1 486 527 523 513
427 4 2 1 1 551 520 539 510
428 4 2 1 1 514 6 5 123
429 4 2 1 1 554 541 523 500
430 4 2 1 1 482 486 523 513
431 4 2 1 1 522 517 497 481
432 4 2 1 1 496 517 522 481
433 4 2 1 1 13 105 508 549
434 4 2 1 1 543 552 87 511
435 4 2 1 1 534 549 105 134
436 4 2 1 1 13 508 132 549
437 4 2 1 1 124 551 539 95
438 4 2 1 1 510 539 551 95
439 4 2 1 1 498 539 520 510
440 4 2 1 1 553 547 144 115
441 4 2 1 1 105 493 508 534
442 4 2 1 1 513 554 523 500
443 4 2 1 1 59 73 60 557
444 4 2 1 1 510 498 539 95
445 4 2 1 1 552 87 79 543
446 4 2 1 1 10 149 490 120
447 4 2 1 1 74 550 546 505
448 4 2 1 1 502 543 87 511
449 4 2 1 1 512 57 547 506
450 4 2 1 1 514 507 123 152
451 4 2 1 1 57 553 547 70
452 4 2 1 1 505 550 111 509
453 4 2 1 1 549 105 508 534
454 4 2 1 1 523 482 513 500
455 4 2 1 1 553 57 547 512
456 4 2 1 1 140 546 550 111
457 4 2 1 1 6 514 5 1244
458 4 2 1 1 507 514 548 152
459 4 2 1 1 541 554 89 500
460 4 2 1 1 550 505 111 546
461 4 2 1 1 554 89 81 541
462 4 2 1 1 513 89 554 500
463 4 2 1 1 556 59 72 1241
464 4 2 1 1 59 556 515 1241
465 4 2 1 1 557 113 516 1242
466 4 2 1 1 89 554 81 1235
467 4 2 1 1 89 513 554 1235
468 4 2 1 1 557 142 113 1242
469 4 2 1 1 78 551 4 1239
470 4 2 1 1 69 537 547 1236
471 4 2 1 1 514 6 94 1244
472 4 2 1 1 108 109 478 1237
473 4 2 1 1 556 142 557 1242
474 4 2 1 1 14 532 135 1238
475 4 2 1 1 148 529 149 1243
476 4 2 1 1 58 59 515 1241
477 4 2 1 1 86 5 555 1244
478 4 2 1 1 80 81 554 1235
479 4 2 1 1 120 488 119 1243
480 4 2 1 1 499 483 489 1240
481 4 2 1 1 516 113 515 1242
482 4 2 1 1 137 519 138 1237
483 4 2 1 1 71 556 72 1241
484 4 2 1 1 540 530 524 1240
485 4 2 1 1 491 9 106 1238
486 4 2 1 1 65 3 510 1239
487 4 2 1 1 506 496 56 1236
488 4 2 1 1 88 513 89 1235
489 4 2 1 1 148 1243 488 529
490 4 2 1 1 488 1243 148 119
491 4 2 1 1 488 482 148 529
492 4 2 1 1 148 482 488 119
493 4 2 1 1 557 1242 515 556
494 4 2 1 1 515 1242 557 516
495 4 2 1 1 515 59 557 556
496 4 2 1 1 557 59 515 516
497 4 2 1 1 1237 109 519 138
498 4 2 1 1 1237 519 109 478
499 4 2 1 1 524 519 109 138
500 4 2 1 1 524 109 519 478
501 4 2 1 1 1238 14 491 9
502 4 2 1 1 1238 491 14 532
503 4 2 1 1 535 491 14 9
504 4 2 1 1 535 14 491 532
505 4 2 1 1 3 95 551 4
506 4 2 1 1 551 95 3 510
507 4 2 1 1 551 1239 3 4
508 4 2 1 1 3 1239 551 510
509 4 2 1 1 57 69 506 56
510 4 2 1 1 57 506 69 547
511 4 2 1 1 1236 506 69 56
512 4 2 1 1 1236 69 506 547
513 4 2 1 2 153 17 13 8
514 4 2 1 2 153 18 13 17
515 4 2 1 2 14 156 133 104
516 4 2 1 2 9 156 14 104
517 4 2 1 2 18 153 13 155
518 4 2 1 2 105 13 155 134
519 4 2 1 2 13 153 8 105
520 4 2 1 2 9 156 104 154
521 4 2 1 2 134 104 133 156
522 4 2 1 2 13 153 105 155
523 4 2 1 2 154 155 105 153
524 4 2 1 2 104 134 154 156
525 4 2 1 2 104 154 134 105
526 4 2 1 2 155 154 134 156
527 4 2 1 2 155 134 154 105
528 4 2 1 3 561 620 581 1245
529 4 2 1 3 600 620 561 1245
530 4 2 1 3 600 561 160 1245
531 4 2 1 3 600 160 169 1245
532 4 2 1 3 581 161 601 562
533 4 2 1 3 170 581 601 620
534 4 2 1 3 601 615 578 562
535 4 2 1 3 601 581 562 574
536 4 2 1 3 601 581 574 620
537 4 2 1 3 601 615 617 578
538 4 2 1 3 613 620 601 574
539 4 2 1 3 576 578 615 562
540 4 2 1 3 581 170 601 161
541 4 2 1 3 614 612 613 575
542 4 2 1 3 575 612 613 573
543 4 2 1 3 581 620 571 574
544 4 2 1 3 162 601 161 562
545 4 2 1 3 601 578 574 562
546 4 2 1 3 616 602 582 563
547 4 2 1 3 563 582 616 577
548 4 2 1 3 620 613 571 574
549 4 2 1 3 149 10 15 166
550 4 2 1 3 9 174 106 14
551 4 2 1 3 613 575 573 574
552 4 2 1 3 578 601 574 617
553 4 2 1 3 617 613 601 574
554 4 2 1 3 615 601 162 562
555 4 2 1 3 171 601 170 161
556 4 2 1 3 610 572 570 571
557 4 2 1 3 573 612 613 571
558 4 2 1 3 627 147 604 588
559 4 2 1 3 170 161 581 160
560 4 2 1 3 576 615 162 562
561 4 2 1 3 601 162 161 171
562 4 2 1 3 617 614 613 575
563 4 2 1 3 620 571 561 581
564 4 2 1 3 613 573 571 574
565 4 2 1 3 620 613 610 571
566 4 2 1 3 171 615 601 162
567 4 2 1 3 617 578 575 574
568 4 2 1 3 575 613 617 574
569 4 2 1 3 600 620 610 561
570 4 2 1 3 577 615 563 576
571 4 2 1 3 616 602 621 582
572 4 2 1 3 598 142 143 559
573 4 2 1 3 570 600 610 561
574 4 2 1 3 142 586 559 625
575 4 2 1 3 625 142 598 559
576 4 2 1 3 622 612 624 573
577 4 2 1 3 569 609 600 608
578 4 2 1 3 115 145 587 116
579 4 2 1 3 585 598 622 559
580 4 2 1 3 569 600 570 561
581 4 2 1 3 609 610 611 572
582 4 2 1 3 572 609 610 570
583 4 2 1 3 577 617 615 578
584 4 2 1 3 577 623 582 616
585 4 2 1 3 615 577 578 576
586 4 2 1 3 610 613 612 571
587 4 2 1 3 619 618 599 580
588 4 2 1 3 571 620 561 610
589 4 2 1 3 571 570 610 561
590 4 2 1 3 145 115 587 144
591 4 2 1 3 144 145 626 587
592 4 2 1 3 591 144 630 587
593 4 2 1 3 612 573 572 571
594 4 2 1 3 585 622 573 583
595 4 2 1 3 585 622 624 573
596 4 2 1 3 142 586 113 559
597 4 2 1 3 615 616 563 602
598 4 2 1 3 615 577 563 616
599 4 2 1 3 623 616 621 582
600 4 2 1 3 634 560 584 595
601 4 2 1 3 114 142 113 559
602 4 2 1 3 114 143 142 559
603 4 2 1 3 623 577 582 584
604 4 2 1 3 162 163 615 576
605 4 2 1 3 617 577 615 616
606 4 2 1 3 145 603 626 564
607 4 2 1 3 600 570 610 609
608 4 2 1 3 118 604 588 565
609 4 2 1 3 147 604 588 118
610 4 2 1 3 162 172 171 615
611 4 2 1 3 596 626 603 564
612 4 2 1 3 575 612 624 614
613 4 2 1 3 612 575 624 573
614 4 2 1 3 572 610 612 571
615 4 2 1 3 609 569 600 570
616 4 2 1 3 588 147 146 627
617 4 2 1 3 624 598 622 585
618 4 2 1 3 622 585 559 583
619 4 2 1 3 624 575 585 573
620 4 2 1 3 561 159 600 160
621 4 2 1 3 146 588 117 118
622 4 2 1 3 606 629 621 590
623 4 2 1 3 579 623 599 584
624 4 2 1 3 612 611 610 572
625 4 2 1 3 605 621 629 590
626 4 2 1 3 160 168 600 169
627 4 2 1 3 162 172 615 163
628 4 2 1 3 584 582 605 566
629 4 2 1 3 118 604 119 147
630 4 2 1 3 604 118 119 565
631 4 2 1 3 575 617 614 579
632 4 2 1 3 579 599 580 560
633 4 2 1 3 599 579 580 618
634 4 2 1 3 119 147 604 148
635 4 2 1 3 141 586 142 625
636 4 2 1 3 625 585 586 559
637 4 2 1 3 585 625 598 559
638 4 2 1 3 575 578 617 579
639 4 2 1 3 584 599 579 560
640 4 2 1 3 623 579 599 618
641 4 2 1 3 106 606 165 567
642 4 2 1 3 159 600 608 569
643 4 2 1 3 594 633 599 580
644 4 2 1 3 569 159 600 561
645 4 2 1 3 147 588 146 118
646 4 2 1 3 622 573 572 612
647 4 2 1 3 586 112 142 113
648 4 2 1 3 563 615 163 576
649 4 2 1 3 611 635 609 596
650 4 2 1 3 632 120 166 593
651 4 2 1 3 611 626 635 596
652 4 2 1 3 605 623 621 582
653 4 2 1 3 580 575 614 579
654 4 2 1 3 605 623 582 584
655 4 2 1 3 144 630 143 591
656 4 2 1 3 603 635 626 596
657 4 2 1 3 578 577 617 579
658 4 2 1 3 573 622 572 583
659 4 2 1 3 590 137 136 629
660 4 2 1 3 144 626 630 587
661 4 2 1 3 587 591 144 115
662 4 2 1 3 618 619 614 580
663 4 2 1 3 168 160 600 159
664 4 2 1 3 607 167 608 569
665 4 2 1 3 563 615 602 163
666 4 2 1 3 575 624 580 614
667 4 2 1 3 624 625 598 585
668 4 2 1 3 604 628 627 589
669 4 2 1 3 174 14 135 106
670 4 2 1 3 599 594 140 633
671 4 2 1 3 614 624 580 619
672 4 2 1 3 587 145 564 116
673 4 2 1 3 582 563 631 592
674 4 2 1 3 609 636 608 597
675 4 2 1 3 572 622 626 583
676 4 2 1 3 615 172 602 163
677 4 2 1 3 174 9 106 165
678 4 2 1 3 10 166 120 157
679 4 2 1 3 166 149 10 120
680 4 2 1 3 582 602 631 563
681 4 2 1 3 577 616 617 579
682 4 2 1 3 572 609 596 611
683 4 2 1 3 609 572 596 570
684 4 2 1 3 596 572 626 587
685 4 2 1 3 586 585 625 580
686 4 2 1 3 167 568 569 607
687 4 2 1 3 624 575 580 585
688 4 2 1 3 145 587 564 626
689 4 2 1 3 622 611 612 572
690 4 2 1 3 582 590 605 566
691 4 2 1 3 603 145 146 564
692 4 2 1 3 559 143 630 591
693 4 2 1 3 599 634 584 623
694 4 2 1 3 626 611 572 596
695 4 2 1 3 174 135 606 106
696 4 2 1 3 165 174 606 106
697 4 2 1 3 626 596 587 564
698 4 2 1 3 137 108 109 566
699 4 2 1 3 618 614 617 579
700 4 2 1 3 139 111 140 560
701 4 2 1 3 140 594 112 633
702 4 2 1 3 605 109 137 138
703 4 2 1 3 583 626 572 587
704 4 2 1 3 597 608 609 569
705 4 2 1 3 600 608 168 159
706 4 2 1 3 602 582 631 621
707 4 2 1 3 631 165 567 592
708 4 2 1 3 109 605 137 566
709 4 2 1 3 594 586 633 580
710 4 2 1 3 622 572 626 611
711 4 2 1 3 167 569 159 608
712 4 2 1 3 586 141 142 112
713 4 2 1 3 560 634 584 599
714 4 2 1 3 583 591 630 587
715 4 2 1 3 621 567 590 582
716 4 2 1 3 568 167 569 158
717 4 2 1 3 633 619 599 580
718 4 2 1 3 114 144 143 591
719 4 2 1 3 619 625 624 580
720 4 2 1 3 136 590 629 606
721 4 2 1 3 588 604 627 589
722 4 2 1 3 618 617 616 579
723 4 2 1 3 137 590 136 108
724 4 2 1 3 630 598 143 559
725 4 2 1 3 631 582 592 567
726 4 2 1 3 590 605 137 629
727 4 2 1 3 590 605 621 582
728 4 2 1 3 580 614 618 579
729 4 2 1 3 585 624 625 580
730 4 2 1 3 630 583 559 591
731 4 2 1 3 120 632 166 149
732 4 2 1 3 593 120 166 157
733 4 2 1 3 564 627 146 603
734 4 2 1 3 569 609 597 570
735 4 2 1 3 609 628 636 589
736 4 2 1 3 560 140 594 111
737 4 2 1 3 631 582 567 621
738 4 2 1 3 586 625 633 580
739 4 2 1 3 117 145 564 146
740 4 2 1 3 166 568 167 607
741 4 2 1 3 596 603 627 564
742 4 2 1 3 559 114 143 591
743 4 2 1 3 577 623 616 579
744 4 2 1 3 108 590 136 107
745 4 2 1 3 609 589 596 628
746 4 2 1 3 569 167 159 158
747 4 2 1 3 599 139 140 560
748 4 2 1 3 630 622 598 559
749 4 2 1 3 591 114 144 115
750 4 2 1 3 167 168 608 159
751 4 2 1 3 594 140 112 111
752 4 2 1 3 604 588 565 589
753 4 2 1 3 567 606 621 590
754 4 2 1 3 579 577 623 584
755 4 2 1 3 166 607 593 568
756 4 2 1 3 165 606 631 567
757 4 2 1 3 139 111 560 110
758 4 2 1 3 633 586 594 112
759 4 2 1 3 145 117 564 116
760 4 2 1 3 157 167 568 158
761 4 2 1 3 634 139 560 595
762 4 2 1 3 580 599 594 560
763 4 2 1 3 588 146 564 627
764 4 2 1 3 139 634 109 595
765 4 2 1 3 619 633 625 580
766 4 2 1 3 590 108 137 566
767 4 2 1 3 623 618 616 579
768 4 2 1 3 636 609 589 597
769 4 2 1 3 622 630 626 583
770 4 2 1 3 627 596 564 588
771 4 2 1 3 146 588 564 117
772 4 2 1 3 605 590 137 566
773 4 2 1 3 606 621 631 567
774 4 2 1 3 602 163 164 563
775 4 2 1 3 136 590 606 107
776 4 2 1 3 583 630 559 622
777 4 2 1 3 604 607 636 597
778 4 2 1 3 583 630 626 587
779 4 2 1 3 607 632 166 593
780 4 2 1 3 584 634 595 605
781 4 2 1 3 173 163 602 172
782 4 2 1 3 594 599 140 560
783 4 2 1 3 625 633 141 586
784 4 2 1 3 605 595 109 634
785 4 2 1 3 635 603 627 596
786 4 2 1 3 140 112 141 633
787 4 2 1 3 604 119 632 565
788 4 2 1 3 628 609 635 596
789 4 2 1 3 174 606 631 165
790 4 2 1 3 604 119 148 632
791 4 2 1 3 604 636 628 589
792 4 2 1 3 138 139 634 109
793 4 2 1 3 607 565 568 597
794 4 2 1 3 609 589 597 570
795 4 2 1 3 628 596 627 589
796 4 2 1 3 607 604 565 597
797 4 2 1 3 107 135 606 136
798 4 2 1 3 589 609 596 570
799 4 2 1 3 565 119 632 593
800 4 2 1 3 597 608 607 636
801 4 2 1 3 568 166 167 157
802 4 2 1 3 567 107 606 590
803 4 2 1 3 595 584 605 566
804 4 2 1 3 604 636 589 597
805 4 2 1 3 634 605 138 109
806 4 2 1 3 595 605 109 566
807 4 2 1 3 608 597 607 569
808 4 2 1 3 607 565 593 568
809 4 2 1 3 627 596 588 589
810 4 2 1 3 586 633 141 112
811 4 2 1 3 568 593 166 157
812 4 2 1 3 634 139 599 560
813 4 2 1 3 632 607 604 565
814 4 2 1 3 597 568 607 569
815 4 2 1 3 110 560 139 595
816 4 2 1 3 110 139 109 595
817 4 2 1 3 596 628 627 635
818 4 2 1 3 584 634 605 623
819 4 2 1 3 106 107 606 567
820 4 2 1 3 589 565 604 597
821 4 2 1 3 163 173 602 164
822 4 2 1 3 632 607 565 593
823 4 2 1 3 592 631 165 164
824 4 2 1 3 164 631 563 592
825 4 2 1 3 135 107 606 106
826 4 2 1 3 602 164 631 563
827 4 2 1 3 148 120 632 119
828 4 2 1 3 119 120 632 593
829 4 2 1 3 631 174 165 164
830 4 2 1 3 174 631 173 164
831 4 2 1 3 120 148 632 149
832 4 2 1 3 602 164 173 631
833 4 2 1 3 600 169 620 1245
834 4 2 1 3 581 160 561 1245
835 4 2 1 3 1245 620 160 169
836 4 2 1 3 1245 160 620 581
837 4 2 1 3 170 160 620 169
838 4 2 1 3 170 620 160 581
839 4 2 1 4 20 176 178 1246
840 4 2 1 4 19 176 20 1246
841 4 2 1 4 11 16 178 1246
842 4 2 1 4 176 11 178 1246
843 4 2 1 4 19 16 11 1246
844 4 2 1 4 19 20 16 1246
845 4 2 1 4 150 177 10 121
846 4 2 1 4 177 10 15 150
847 4 2 1 4 122 11 151 178
848 4 2 1 4 151 11 16 178
849 4 2 1 4 11 122 176 178
850 4 2 1 4 175 10 177 121
851 4 2 1 4 151 121 177 150
852 4 2 1 4 178 175 122 176
853 4 2 1 4 20 178 16 1246
854 4 2 1 4 11 176 19 1246
855 4 2 1 4 121 151 175 122
856 4 2 1 4 121 175 151 177
857 4 2 1 4 178 175 151 122
858 4 2 1 4 178 151 175 177
859 4 2 1 5 168 159 665 1247
860 4 2 1 5 159 645 665 1247
861 4 2 1 5 643 663 645 1247
862 4 2 1 5 643 168 663 1247
863 4 2 1 5 645 663 665 1247
864 4 2 1 5 159 168 643 1247
865 4 2 1 5 170 668 171 161
866 4 2 1 5 10 15 166 177
867 4 2 1 5 9 156 174 14
868 4 2 1 5 162 172 644 171
869 4 2 1 5 171 162 161 648
870 4 2 1 5 161 667 160 170
871 4 2 1 5 160 170 667 169
872 4 2 1 5 645 663 651 671
873 4 2 1 5 651 643 663 645
874 4 2 1 5 667 668 648 649
875 4 2 1 5 647 667 648 649
876 4 2 1 5 667 668 649 669
877 4 2 1 5 161 668 171 648
878 4 2 1 5 171 664 172 644
879 4 2 1 5 667 161 160 647
880 4 2 1 5 187 180 638 179
881 4 2 1 5 186 672 18 194
882 4 2 1 5 172 162 644 163
883 4 2 1 5 171 644 162 648
884 4 2 1 5 643 169 168 160
885 4 2 1 5 643 667 169 160
886 4 2 1 5 651 188 181 180
887 4 2 1 5 159 158 167 665
888 4 2 1 5 649 660 183 669
889 4 2 1 5 182 669 659 649
890 4 2 1 5 183 192 660 184
891 4 2 1 5 183 660 191 669
892 4 2 1 5 660 649 183 640
893 4 2 1 5 161 668 667 170
894 4 2 1 5 181 659 190 189
895 4 2 1 5 185 192 670 193
896 4 2 1 5 649 182 639 659
897 4 2 1 5 669 182 659 190
898 4 2 1 5 659 667 649 669
899 4 2 1 5 667 639 649 647
900 4 2 1 5 638 179 653 187
901 4 2 1 5 648 668 644 640
902 4 2 1 5 668 648 649 640
903 4 2 1 5 647 643 667 639
904 4 2 1 5 187 653 638 673
905 4 2 1 5 660 649 668 669
906 4 2 1 5 639 667 649 659
907 4 2 1 5 644 171 668 648
908 4 2 1 5 668 664 640 660
909 4 2 1 5 640 649 668 660
910 4 2 1 5 639 663 667 659
911 4 2 1 5 643 663 667 639
912 4 2 1 5 668 664 644 640
913 4 2 1 5 160 643 667 647
914 4 2 1 5 663 645 665 671
915 4 2 1 5 640 184 183 660
916 4 2 1 5 192 183 660 191
917 4 2 1 5 659 181 671 189
918 4 2 1 5 167 168 159 665
919 4 2 1 5 158 159 645 665
920 4 2 1 5 20 176 653 673
921 4 2 1 5 664 171 668 644
922 4 2 1 5 182 659 181 639
923 4 2 1 5 659 182 181 190
924 4 2 1 5 169 643 168 663
925 4 2 1 5 663 667 169 643
926 4 2 1 5 650 640 664 670
927 4 2 1 5 180 187 638 188
928 4 2 1 5 186 193 658 194
929 4 2 1 5 657 188 638 187
930 4 2 1 5 668 161 667 648
931 4 2 1 5 648 161 667 647
932 4 2 1 5 181 659 671 639
933 4 2 1 5 659 639 663 671
934 4 2 1 5 660 670 184 192
935 4 2 1 5 184 640 650 670
936 4 2 1 5 183 182 649 669
937 4 2 1 5 651 639 181 671
938 4 2 1 5 651 663 639 671
939 4 2 1 5 663 651 639 643
940 4 2 1 5 190 183 191 669
941 4 2 1 5 186 17 18 652
942 4 2 1 5 190 183 669 182
943 4 2 1 5 672 186 18 652
944 4 2 1 5 670 640 664 660
945 4 2 1 5 184 670 185 192
946 4 2 1 5 670 184 185 650
947 4 2 1 5 181 189 188 671
948 4 2 1 5 664 644 640 650
949 4 2 1 5 184 640 670 660
950 4 2 1 5 638 657 187 673
951 4 2 1 5 18 153 652 17
952 4 2 1 5 188 651 181 671
953 4 2 1 5 155 18 652 672
954 4 2 1 5 20 176 673 178
955 4 2 1 5 176 19 20 653
956 4 2 1 5 651 638 645 657
957 4 2 1 5 168 159 643 160
958 4 2 1 5 193 186 658 185
959 4 2 1 5 642 175 157 662
960 4 2 1 5 653 179 19 187
961 4 2 1 5 185 658 193 670
962 4 2 1 5 20 653 187 673
963 4 2 1 5 185 186 658 637
964 4 2 1 5 172 173 163 646
965 4 2 1 5 638 188 651 180
966 4 2 1 5 188 638 651 657
967 4 2 1 5 644 664 172 666
968 4 2 1 5 155 652 661 672
969 4 2 1 5 637 185 650 658
970 4 2 1 5 657 645 651 671
971 4 2 1 5 646 172 644 163
972 4 2 1 5 186 672 194 658
973 4 2 1 5 656 657 673 676
974 4 2 1 5 658 185 650 670
975 4 2 1 5 653 20 187 19
976 4 2 1 5 656 645 657 676
977 4 2 1 5 653 176 642 673
978 4 2 1 5 156 9 174 154
979 4 2 1 5 177 157 10 175
980 4 2 1 5 154 9 174 165
981 4 2 1 5 157 177 10 166
982 4 2 1 5 657 651 188 671
983 4 2 1 5 175 177 157 662
984 4 2 1 5 18 153 155 652
985 4 2 1 5 177 166 157 662
986 4 2 1 5 645 657 665 671
987 4 2 1 5 652 186 637 672
988 4 2 1 5 650 658 666 637
989 4 2 1 5 172 173 646 666
990 4 2 1 5 661 655 164 675
991 4 2 1 5 654 157 674 662
992 4 2 1 5 176 662 673 178
993 4 2 1 5 658 650 666 670
994 4 2 1 5 650 664 666 670
995 4 2 1 5 672 186 637 658
996 4 2 1 5 172 646 644 666
997 4 2 1 5 638 656 673 653
998 4 2 1 5 675 646 173 666
999 4 2 1 5 664 650 666 644
1000 4 2 1 5 652 155 661 153
1001 4 2 1 5 661 675 164 173
1002 4 2 1 5 655 661 164 641
1003 4 2 1 5 654 167 665 674
1004 4 2 1 5 657 656 673 638
1005 4 2 1 5 638 656 645 657
1006 4 2 1 5 655 646 164 675
1007 4 2 1 5 173 164 163 646
1008 4 2 1 5 157 654 642 662
1009 4 2 1 5 167 654 665 158
1010 4 2 1 5 637 650 646 666
1011 4 2 1 5 164 174 165 641
1012 4 2 1 5 650 644 646 666
1013 4 2 1 5 173 164 646 675
1014 4 2 1 5 665 158 654 645
1015 4 2 1 5 164 661 173 174
1016 4 2 1 5 164 661 174 641
1017 4 2 1 5 662 176 673 642
1018 4 2 1 5 174 156 154 661
1019 4 2 1 5 174 154 165 641
1020 4 2 1 5 175 178 662 176
1021 4 2 1 5 641 174 154 661
1022 4 2 1 5 153 652 641 661
1023 4 2 1 5 665 657 645 676
1024 4 2 1 5 157 166 674 662
1025 4 2 1 5 157 674 167 654
1026 4 2 1 5 676 656 642 673
1027 4 2 1 5 155 154 661 153
1028 4 2 1 5 167 157 654 158
1029 4 2 1 5 653 642 656 673
1030 4 2 1 5 176 662 175 642
1031 4 2 1 5 155 154 156 661
1032 4 2 1 5 654 676 645 656
1033 4 2 1 5 153 641 154 661
1034 4 2 1 5 178 175 662 177
1035 4 2 1 5 166 674 167 157
1036 4 2 1 5 637 675 658 666
1037 4 2 1 5 662 676 642 673
1038 4 2 1 5 654 665 676 674
1039 4 2 1 5 652 637 655 672
1040 4 2 1 5 642 676 654 656
1041 4 2 1 5 661 652 655 672
1042 4 2 1 5 637 675 672 658
1043 4 2 1 5 675 637 646 666
1044 4 2 1 5 654 665 645 676
1045 4 2 1 5 655 637 646 675
1046 4 2 1 5 676 654 674 662
1047 4 2 1 5 675 637 672 655
1048 4 2 1 5 661 672 655 675
1049 4 2 1 5 652 661 655 641
1050 4 2 1 5 676 642 654 662
1051 4 2 1 5 663 168 665 1247
1052 4 2 1 5 643 645 159 1247
1053 4 2 2 6 26 198 200 202
1054 4 2 2 6 23 195 22 21
1055 4 2 2 6 21 24 23 199
1056 4 2 2 6 198 26 200 25
1057 4 2 2 6 200 198 197 202
1058 4 2 2 6 197 200 202 201
1059 4 2 2 6 199 197 21 201
1060 4 2 2 6 23 195 21 199
1061 4 2 2 6 21 24 199 201
1062 4 2 2 6 25 200 198 196
1063 4 2 2 6 200 197 199 201
1064 4 2 2 6 197 199 21 195
1065 4 2 2 6 197 196 198 200
1066 4 2 2 6 197 195 196 199
1067 4 2 2 6 200 197 196 199
1068 4 2 2 7 241 256 242 1250
1069 4 2 2 7 241 242 227 1250
1070 4 2 2 7 256 29 30 1250
1071 4 2 2 7 229 244 200 1248
1072 4 2 2 7 196 229 200 1248
1073 4 2 2 7 237 252 688 1251
1074 4 2 2 7 29 256 241 1250
1075 4 2 2 7 234 248 233 1249
1076 4 2 2 7 248 716 233 1249
1077 4 2 2 7 688 252 717 1251
1078 4 2 2 7 249 248 234 1249
1079 4 2 2 7 237 721 252 1251
1080 4 2 2 7 237 692 721 1251
1081 4 2 2 7 717 721 692 1251
1082 4 2 2 7 233 716 687 1249
1083 4 2 2 7 229 26 25 200
1084 4 2 2 7 220 221 208 699
1085 4 2 2 7 249 234 687 1249
1086 4 2 2 7 221 209 208 699
1087 4 2 2 7 235 696 694 723
1088 4 2 2 7 220 221 699 728
1089 4 2 2 7 692 688 717 1251
1090 4 2 2 7 234 235 249 696
1091 4 2 2 7 730 683 243 701
1092 4 2 2 7 199 729 700 713
1093 4 2 2 7 696 235 249 725
1094 4 2 2 7 235 250 249 725
1095 4 2 2 7 726 225 213 678
1096 4 2 2 7 216 677 698 204
1097 4 2 2 7 235 236 251 694
1098 4 2 2 7 694 251 235 723
1099 4 2 2 7 678 726 703 697
1100 4 2 2 7 702 698 727 706
1101 4 2 2 7 726 213 697 678
1102 4 2 2 7 698 216 727 706
1103 4 2 2 7 694 711 717 723
1104 4 2 2 7 723 250 235 725
1105 4 2 2 7 235 696 723 725
1106 4 2 2 7 249 687 716 1249
1107 4 2 2 7 708 695 218 679
1108 4 2 2 7 680 223 709 693
1109 4 2 2 7 706 700 729 713
1110 4 2 2 7 678 730 701 683
1111 4 2 2 7 214 225 678 213
1112 4 2 2 7 215 204 677 216
1113 4 2 2 7 207 218 695 206
1114 4 2 2 7 685 246 702 714
1115 4 2 2 7 225 214 678 226
1116 4 2 2 7 204 215 677 203
1117 4 2 2 7 254 686 732 715
1118 4 2 2 7 682 221 699 209
1119 4 2 2 7 689 712 240 718
1120 4 2 2 7 719 245 690 713
1121 4 2 2 7 196 200 713 1248
1122 4 2 2 7 251 250 235 723
1123 4 2 2 7 730 28 226 701
1124 4 2 2 7 729 215 23 700
1125 4 2 2 7 684 196 713 1248
1126 4 2 2 7 222 223 211 693
1127 4 2 2 7 711 694 699 728
1128 4 2 2 7 22 23 215 700
1129 4 2 2 7 682 688 694 717
1130 4 2 2 7 711 694 717 682
1131 4 2 2 7 711 699 221 728
1132 4 2 2 7 694 696 699 728
1133 4 2 2 7 28 27 226 701
1134 4 2 2 7 707 703 726 732
1135 4 2 2 7 727 702 706 731
1136 4 2 2 7 237 253 721 238
1137 4 2 2 7 210 222 211 693
1138 4 2 2 7 222 223 693 722
1139 4 2 2 7 218 207 695 219
1140 4 2 2 7 218 219 695 724
1141 4 2 2 7 253 237 721 252
1142 4 2 2 7 232 233 247 691
1143 4 2 2 7 701 226 730 678
1144 4 2 2 7 700 215 706 729
1145 4 2 2 7 236 237 252 688
1146 4 2 2 7 694 711 723 728
1147 4 2 2 7 726 678 703 707
1148 4 2 2 7 722 682 222 711
1149 4 2 2 7 698 702 677 706
1150 4 2 2 7 244 229 684 1248
1151 4 2 2 7 726 225 678 707
1152 4 2 2 7 244 684 713 1248
1153 4 2 2 7 677 216 698 706
1154 4 2 2 7 248 247 233 691
1155 4 2 2 7 696 694 723 728
1156 4 2 2 7 694 236 251 688
1157 4 2 2 7 251 694 717 723
1158 4 2 2 7 246 690 731 719
1159 4 2 2 7 239 703 689 718
1160 4 2 2 7 692 238 237 721
1161 4 2 2 7 246 702 690 231
1162 4 2 2 7 703 239 254 718
1163 4 2 2 7 696 687 681 725
1164 4 2 2 7 719 690 706 713
1165 4 2 2 7 707 712 689 718
1166 4 2 2 7 225 226 678 707
1167 4 2 2 7 216 677 215 706
1168 4 2 2 7 244 26 229 200
1169 4 2 2 7 213 224 726 212
1170 4 2 2 7 216 205 698 217
1171 4 2 2 7 25 196 229 200
1172 4 2 2 7 203 22 215 700
1173 4 2 2 7 682 694 699 711
1174 4 2 2 7 702 246 690 731
1175 4 2 2 7 254 703 718 732
1176 4 2 2 7 699 220 681 208
1177 4 2 2 7 221 682 699 711
1178 4 2 2 7 248 247 691 720
1179 4 2 2 7 728 723 696 725
1180 4 2 2 7 214 226 27 701
1181 4 2 2 7 251 694 688 717
1182 4 2 2 7 730 243 28 701
1183 4 2 2 7 729 23 199 700
1184 4 2 2 7 222 210 682 693
1185 4 2 2 7 693 682 222 722
1186 4 2 2 7 23 195 700 22
1187 4 2 2 7 680 211 223 693
1188 4 2 2 7 679 218 206 695
1189 4 2 2 7 690 677 706 713
1190 4 2 2 7 678 712 689 707
1191 4 2 2 7 27 243 701 28
1192 4 2 2 7 247 246 685 714
1193 4 2 2 7 725 687 681 716
1194 4 2 2 7 681 710 725 716
1195 4 2 2 7 686 254 253 715
1196 4 2 2 7 236 252 251 688
1197 4 2 2 7 701 214 226 678
1198 4 2 2 7 215 677 203 700
1199 4 2 2 7 246 685 702 231
1200 4 2 2 7 686 239 254 703
1201 4 2 2 7 681 728 220 699
1202 4 2 2 7 693 223 709 722
1203 4 2 2 7 701 243 228 683
1204 4 2 2 7 700 195 199 684
1205 4 2 2 7 231 247 685 232
1206 4 2 2 7 703 718 707 689
1207 4 2 2 7 710 695 716 681
1208 4 2 2 7 695 681 687 716
1209 4 2 2 7 690 706 731 719
1210 4 2 2 7 684 690 230 713
1211 4 2 2 7 240 718 712 255
1212 4 2 2 7 245 230 690 713
1213 4 2 2 7 712 689 240 683
1214 4 2 2 7 698 705 702 734
1215 4 2 2 7 695 710 716 724
1216 4 2 2 7 706 700 713 677
1217 4 2 2 7 712 678 730 707
1218 4 2 2 7 210 209 221 682
1219 4 2 2 7 238 254 253 686
1220 4 2 2 7 705 720 734 724
1221 4 2 2 7 695 219 681 710
1222 4 2 2 7 695 679 708 705
1223 4 2 2 7 695 708 218 724
1224 4 2 2 7 714 246 702 731
1225 4 2 2 7 703 254 686 732
1226 4 2 2 7 256 241 242 683
1227 4 2 2 7 242 241 227 683
1228 4 2 2 7 224 213 726 225
1229 4 2 2 7 216 205 204 698
1230 4 2 2 7 681 207 219 695
1231 4 2 2 7 710 695 219 724
1232 4 2 2 7 703 704 697 733
1233 4 2 2 7 683 242 256 712
1234 4 2 2 7 720 705 691 724
1235 4 2 2 7 217 216 727 698
1236 4 2 2 7 726 213 212 697
1237 4 2 2 7 704 692 693 721
1238 4 2 2 7 709 680 693 704
1239 4 2 2 7 252 251 688 717
1240 4 2 2 7 718 703 707 732
1241 4 2 2 7 706 702 690 731
1242 4 2 2 7 702 727 698 734
1243 4 2 2 7 733 704 709 722
1244 4 2 2 7 688 682 693 717
1245 4 2 2 7 711 722 682 717
1246 4 2 2 7 696 249 234 687
1247 4 2 2 7 704 733 721 722
1248 4 2 2 7 708 705 734 724
1249 4 2 2 7 703 726 733 697
1250 4 2 2 7 678 689 703 707
1251 4 2 2 7 699 696 681 728
1252 4 2 2 7 702 706 690 677
1253 4 2 2 7 687 696 249 725
1254 4 2 2 7 679 698 708 705
1255 4 2 2 7 691 248 716 233
1256 4 2 2 7 215 677 700 706
1257 4 2 2 7 678 226 730 707
1258 4 2 2 7 684 199 700 713
1259 4 2 2 7 683 730 243 712
1260 4 2 2 7 677 690 684 713
1261 4 2 2 7 712 678 689 683
1262 4 2 2 7 691 716 720 724
1263 4 2 2 7 244 229 230 684
1264 4 2 2 7 256 240 241 683
1265 4 2 2 7 705 698 708 734
1266 4 2 2 7 684 230 244 713
1267 4 2 2 7 230 245 244 713
1268 4 2 2 7 712 240 256 683
1269 4 2 2 7 712 240 255 256
1270 4 2 2 7 721 693 717 692
1271 4 2 2 7 700 677 684 713
1272 4 2 2 7 683 678 730 712
1273 4 2 2 7 222 682 221 711
1274 4 2 2 7 702 727 734 731
1275 4 2 2 7 725 249 687 716
1276 4 2 2 7 722 693 682 717
1277 4 2 2 7 195 196 199 684
1278 4 2 2 7 228 242 683 243
1279 4 2 2 7 726 703 733 732
1280 4 2 2 7 248 691 716 720
1281 4 2 2 7 728 696 681 725
1282 4 2 2 7 728 681 220 710
1283 4 2 2 7 727 708 698 734
1284 4 2 2 7 238 239 254 686
1285 4 2 2 7 231 247 246 685
1286 4 2 2 7 709 704 697 680
1287 4 2 2 7 704 709 697 733
1288 4 2 2 7 681 220 219 208
1289 4 2 2 7 206 217 679 205
1290 4 2 2 7 686 253 721 715
1291 4 2 2 7 239 240 718 689
1292 4 2 2 7 690 246 245 719
1293 4 2 2 7 709 726 697 733
1294 4 2 2 7 708 218 217 679
1295 4 2 2 7 254 240 718 239
1296 4 2 2 7 246 230 231 690
1297 4 2 2 7 247 685 720 714
1298 4 2 2 7 27 243 228 701
1299 4 2 2 7 195 23 700 199
1300 4 2 2 7 695 691 705 724
1301 4 2 2 7 253 686 721 238
1302 4 2 2 7 682 222 221 210
1303 4 2 2 7 681 710 728 725
1304 4 2 2 7 196 200 199 713
1305 4 2 2 7 242 228 683 227
1306 4 2 2 7 247 232 691 685
1307 4 2 2 7 684 196 199 713
1308 4 2 2 7 243 242 683 712
1309 4 2 2 7 688 693 692 717
1310 4 2 2 7 704 693 709 722
1311 4 2 2 7 721 693 704 722
1312 4 2 2 7 721 238 686 692
1313 4 2 2 7 705 708 695 724
1314 4 2 2 7 212 709 223 224
1315 4 2 2 7 716 695 691 687
1316 4 2 2 7 695 716 691 724
1317 4 2 2 7 217 205 698 679
1318 4 2 2 7 685 691 247 720
1319 4 2 2 7 698 708 217 679
1320 4 2 2 7 716 691 233 687
1321 4 2 2 7 693 721 717 722
1322 4 2 2 7 709 212 223 680
1323 4 2 2 7 709 224 212 726
1324 4 2 2 7 681 220 710 219
1325 4 2 2 7 254 240 255 718
1326 4 2 2 7 230 246 245 690
1327 4 2 2 7 219 681 208 207
1328 4 2 2 7 217 206 679 218
1329 4 2 2 7 709 697 212 680
1330 4 2 2 7 708 217 727 698
1331 4 2 2 7 702 705 685 714
1332 4 2 2 7 697 709 212 726
1333 4 2 2 7 733 732 686 715
1334 4 2 2 7 29 227 30 1250
1335 4 2 2 7 212 211 223 680
1336 4 2 2 7 714 702 705 734
1337 4 2 2 7 705 714 720 685
1338 4 2 2 7 733 686 721 715
1339 4 2 2 7 686 704 703 733
1340 4 2 2 7 714 705 720 734
1341 4 2 2 7 704 686 692 721
1342 4 2 2 7 691 685 705 720
1343 4 2 2 7 686 733 721 704
1344 4 2 2 7 734 714 702 731
1345 4 2 2 7 732 686 703 733
1346 4 2 2 7 30 227 242 1250
1347 4 2 2 7 688 692 237 1251
1348 4 2 2 7 721 717 252 1251
1349 4 2 2 7 200 244 713 1248
1350 4 2 2 7 241 227 29 1250
1351 4 2 2 7 242 256 30 1250
1352 4 2 2 7 248 249 716 1249
1353 4 2 2 7 196 684 229 1248
1354 4 2 2 7 233 687 234 1249
1355 4 2 2 8 29 260 227 258
1356 4 2 2 8 243 27 31 28
1357 4 2 2 8 31 243 28 32
1358 4 2 2 8 260 29 227 30
1359 4 2 2 8 227 259 257 258
1360 4 2 2 8 227 260 259 258
1361 4 2 2 8 228 259 31 257
1362 4 2 2 8 259 243 31 32
1363 4 2 2 8 27 243 31 228
1364 4 2 2 8 227 260 30 242
1365 4 2 2 8 227 259 228 257
1366 4 2 2 8 228 259 243 31
1367 4 2 2 8 227 260 242 259
1368 4 2 2 8 259 242 228 243
1369 4 2 2 8 259 227 228 242
1370 4 2 2 9 261 25 271 26
1371 4 2 2 9 737 269 287 742
1372 4 2 2 9 741 264 287 736
1373 4 2 2 9 264 274 287 736
1374 4 2 2 9 264 741 287 269
1375 4 2 2 9 287 264 737 274
1376 4 2 2 9 269 737 287 264
1377 4 2 2 9 271 285 261 272
1378 4 2 2 9 282 281 740 279
1379 4 2 2 9 281 735 279 278
1380 4 2 2 9 740 288 289 276
1381 4 2 2 9 735 281 279 740
1382 4 2 2 9 736 275 288 735
1383 4 2 2 9 275 276 288 735
1384 4 2 2 9 270 744 34 739
1385 4 2 2 9 740 741 288 735
1386 4 2 2 9 276 740 288 735
1387 4 2 2 9 275 287 736 288
1388 4 2 2 9 739 34 281 744
1389 4 2 2 9 269 268 742 737
1390 4 2 2 9 736 288 741 735
1391 4 2 2 9 741 739 735 744
1392 4 2 2 9 265 34 33 739
1393 4 2 2 9 265 264 270 736
1394 4 2 2 9 739 281 33 278
1395 4 2 2 9 265 270 34 739
1396 4 2 2 9 741 287 288 736
1397 4 2 2 9 264 741 270 736
1398 4 2 2 9 268 273 262 286
1399 4 2 2 9 262 261 285 272
1400 4 2 2 9 744 741 740 735
1401 4 2 2 9 34 739 281 33
1402 4 2 2 9 273 268 262 263
1403 4 2 2 9 286 268 267 262
1404 4 2 2 9 739 281 735 744
1405 4 2 2 9 275 287 274 736
1406 4 2 2 9 741 270 269 264
1407 4 2 2 9 266 262 285 267
1408 4 2 2 9 739 741 735 736
1409 4 2 2 9 287 286 737 742
1410 4 2 2 9 266 262 261 285
1411 4 2 2 9 281 739 735 278
1412 4 2 2 9 280 290 35 277
1413 4 2 2 9 290 280 35 283
1414 4 2 2 9 744 740 281 735
1415 4 2 2 9 283 738 282 743
1416 4 2 2 9 282 738 740 743
1417 4 2 2 9 268 264 263 737
1418 4 2 2 9 290 35 36 283
1419 4 2 2 9 283 279 738 280
1420 4 2 2 9 279 283 738 282
1421 4 2 2 9 738 282 740 279
1422 4 2 2 9 738 290 289 743
1423 4 2 2 9 738 289 740 743
1424 4 2 2 9 279 740 738 735
1425 4 2 2 9 289 738 276 277
1426 4 2 2 9 290 738 289 277
1427 4 2 2 9 289 738 740 276
1428 4 2 2 9 276 738 740 735
1429 4 2 2 9 274 286 273 737
1430 4 2 2 9 285 273 262 272
1431 4 2 2 9 273 285 262 286
1432 4 2 2 9 268 264 737 269
1433 4 2 2 9 741 744 270 739
1434 4 2 2 9 286 267 285 262
1435 4 2 2 9 739 265 270 736
1436 4 2 2 9 274 286 737 287
1437 4 2 2 9 739 270 741 736
1438 4 2 2 9 286 742 268 737
1439 4 2 2 9 273 286 268 737
1440 4 2 2 9 268 273 737 263
1441 4 2 2 9 280 738 290 277
1442 4 2 2 9 283 743 290 738
1443 4 2 2 9 738 290 283 280
1444 4 2 2 9 284 285 261 271
1445 4 2 2 9 261 285 284 266
1446 4 2 2 9 261 25 284 271
1447 4 2 2 9 284 25 261 266
1448 4 2 2 10 797 38 876 1254
1449 4 2 2 10 768 879 847 1252
1450 4 2 2 10 768 800 879 1252
1451 4 2 2 10 847 783 768 1252
1452 4 2 2 10 862 879 800 1252
1453 4 2 2 10 800 783 862 1252
1454 4 2 2 10 797 37 38 1254
1455 4 2 2 10 862 783 847 1252
1456 4 2 2 10 902 835 823 1253
1457 4 2 2 10 901 822 876 1254
1458 4 2 2 10 823 835 756 1253
1459 4 2 2 10 822 797 876 1254
1460 4 2 2 10 256 756 835 1253
1461 4 2 2 10 313 796 831 875
1462 4 2 2 10 313 796 752 831
1463 4 2 2 10 848 771 770 850
1464 4 2 2 10 769 771 770 848
1465 4 2 2 10 770 768 769 847
1466 4 2 2 10 848 770 769 847
1467 4 2 2 10 849 848 770 850
1468 4 2 2 10 847 848 770 849
1469 4 2 2 10 771 772 770 850
1470 4 2 2 10 772 849 850 851
1471 4 2 2 10 849 772 850 770
1472 4 2 2 10 771 772 850 852
1473 4 2 2 10 851 850 772 852
1474 4 2 2 10 772 771 773 852
1475 4 2 2 10 848 769 767 847
1476 4 2 2 10 769 768 767 847
1477 4 2 2 10 847 767 848 846
1478 4 2 2 10 768 766 767 847
1479 4 2 2 10 847 766 767 846
1480 4 2 2 10 766 847 845 846
1481 4 2 2 10 767 780 769 848
1482 4 2 2 10 859 848 767 846
1483 4 2 2 10 840 761 751 863
1484 4 2 2 10 852 771 858 850
1485 4 2 2 10 858 773 771 852
1486 4 2 2 10 830 840 751 863
1487 4 2 2 10 784 794 748 863
1488 4 2 2 10 784 751 761 863
1489 4 2 2 10 873 748 863 827
1490 4 2 2 10 748 873 863 794
1491 4 2 2 10 848 767 780 859
1492 4 2 2 10 763 766 794 845
1493 4 2 2 10 765 767 766 844
1494 4 2 2 10 846 766 767 844
1495 4 2 2 10 773 858 771 779
1496 4 2 2 10 846 845 766 844
1497 4 2 2 10 845 873 763 842
1498 4 2 2 10 763 873 840 842
1499 4 2 2 10 840 794 761 863
1500 4 2 2 10 763 794 761 840
1501 4 2 2 10 794 784 761 863
1502 4 2 2 10 863 840 794 873
1503 4 2 2 10 792 748 879 827
1504 4 2 2 10 873 763 794 845
1505 4 2 2 10 873 763 840 794
1506 4 2 2 10 772 852 853 851
1507 4 2 2 10 766 844 763 765
1508 4 2 2 10 874 745 311 824
1509 4 2 2 10 875 313 796 312
1510 4 2 2 10 796 300 745 824
1511 4 2 2 10 796 312 824 875
1512 4 2 2 10 745 874 311 795
1513 4 2 2 10 796 752 301 313
1514 4 2 2 10 752 314 313 831
1515 4 2 2 10 852 772 853 773
1516 4 2 2 10 844 766 763 845
1517 4 2 2 10 844 845 763 842
1518 4 2 2 10 770 847 783 768
1519 4 2 2 10 766 768 879 847
1520 4 2 2 10 847 770 783 849
1521 4 2 2 10 830 751 253 863
1522 4 2 2 10 763 840 762 842
1523 4 2 2 10 847 879 766 845
1524 4 2 2 10 748 863 252 784
1525 4 2 2 10 751 784 253 863
1526 4 2 2 10 863 748 252 827
1527 4 2 2 10 827 879 792 871
1528 4 2 2 10 792 748 800 879
1529 4 2 2 10 840 763 762 761
1530 4 2 2 10 762 842 840 841
1531 4 2 2 10 879 748 873 827
1532 4 2 2 10 873 794 748 879
1533 4 2 2 10 772 849 851 878
1534 4 2 2 10 770 772 799 849
1535 4 2 2 10 879 794 766 845
1536 4 2 2 10 848 786 780 769
1537 4 2 2 10 853 773 772 774
1538 4 2 2 10 786 848 780 865
1539 4 2 2 10 780 848 859 865
1540 4 2 2 10 866 767 859 787
1541 4 2 2 10 299 795 745 311
1542 4 2 2 10 298 299 310 795
1543 4 2 2 10 301 314 752 302
1544 4 2 2 10 313 301 796 312
1545 4 2 2 10 311 745 300 824
1546 4 2 2 10 314 301 752 313
1547 4 2 2 10 795 311 310 874
1548 4 2 2 10 312 796 824 300
1549 4 2 2 10 871 792 750 862
1550 4 2 2 10 879 873 794 845
1551 4 2 2 10 794 800 748 879
1552 4 2 2 10 861 798 747 877
1553 4 2 2 10 767 866 859 846
1554 4 2 2 10 784 253 238 751
1555 4 2 2 10 766 768 800 879
1556 4 2 2 10 862 750 871 829
1557 4 2 2 10 792 783 750 862
1558 4 2 2 10 798 853 861 774
1559 4 2 2 10 784 252 253 863
1560 4 2 2 10 767 859 787 780
1561 4 2 2 10 858 771 865 850
1562 4 2 2 10 252 237 748 784
1563 4 2 2 10 853 798 861 877
1564 4 2 2 10 783 862 847 849
1565 4 2 2 10 865 771 779 786
1566 4 2 2 10 858 771 779 865
1567 4 2 2 10 792 879 862 871
1568 4 2 2 10 879 792 862 800
1569 4 2 2 10 766 800 794 879
1570 4 2 2 10 857 764 841 843
1571 4 2 2 10 772 853 861 851
1572 4 2 2 10 783 770 799 849
1573 4 2 2 10 767 787 866 844
1574 4 2 2 10 783 792 800 862
1575 4 2 2 10 877 747 861 826
1576 4 2 2 10 798 861 747 782
1577 4 2 2 10 764 857 841 778
1578 4 2 2 10 778 764 762 841
1579 4 2 2 10 787 767 765 844
1580 4 2 2 10 750 872 829 878
1581 4 2 2 10 846 767 866 844
1582 4 2 2 10 300 796 301 312
1583 4 2 2 10 300 312 311 824
1584 4 2 2 10 745 311 300 299
1585 4 2 2 10 311 795 310 299
1586 4 2 2 10 764 763 844 765
1587 4 2 2 10 849 772 799 878
1588 4 2 2 10 842 764 844 843
1589 4 2 2 10 774 798 782 861
1590 4 2 2 10 764 842 844 763
1591 4 2 2 10 237 253 238 784
1592 4 2 2 10 793 878 750 799
1593 4 2 2 10 793 878 872 750
1594 4 2 2 10 878 851 772 861
1595 4 2 2 10 237 253 784 252
1596 4 2 2 10 829 862 750 878
1597 4 2 2 10 862 783 750 878
1598 4 2 2 10 774 776 798 853
1599 4 2 2 10 826 793 861 872
1600 4 2 2 10 865 771 848 850
1601 4 2 2 10 769 786 771 848
1602 4 2 2 10 855 798 853 877
1603 4 2 2 10 233 247 826 232
1604 4 2 2 10 772 853 774 861
1605 4 2 2 10 883 811 857 890
1606 4 2 2 10 848 786 771 865
1607 4 2 2 10 783 799 750 878
1608 4 2 2 10 747 861 793 782
1609 4 2 2 10 793 826 861 747
1610 4 2 2 10 857 804 811 883
1611 4 2 2 10 887 869 808 832
1612 4 2 2 10 798 788 747 867
1613 4 2 2 10 881 762 839 841
1614 4 2 2 10 232 747 788 867
1615 4 2 2 10 877 798 747 867
1616 4 2 2 10 232 233 747 826
1617 4 2 2 10 783 862 849 878
1618 4 2 2 10 853 852 773 854
1619 4 2 2 10 782 878 793 799
1620 4 2 2 10 793 861 872 878
1621 4 2 2 10 793 861 878 782
1622 4 2 2 10 849 799 783 878
1623 4 2 2 10 840 762 839 761
1624 4 2 2 10 798 855 853 776
1625 4 2 2 10 867 247 232 826
1626 4 2 2 10 751 840 839 761
1627 4 2 2 10 840 762 841 839
1628 4 2 2 10 840 751 839 830
1629 4 2 2 10 772 774 782 861
1630 4 2 2 10 247 233 826 248
1631 4 2 2 10 811 764 857 890
1632 4 2 2 10 793 233 248 826
1633 4 2 2 10 775 776 854 856
1634 4 2 2 10 776 775 777 856
1635 4 2 2 10 774 773 775 854
1636 4 2 2 10 788 798 789 867
1637 4 2 2 10 867 747 877 826
1638 4 2 2 10 777 775 812 891
1639 4 2 2 10 773 858 870 852
1640 4 2 2 10 872 793 248 826
1641 4 2 2 10 232 747 867 826
1642 4 2 2 10 867 877 798 868
1643 4 2 2 10 877 855 798 868
1644 4 2 2 10 878 782 772 799
1645 4 2 2 10 791 773 858 870
1646 4 2 2 10 791 773 779 858
1647 4 2 2 10 773 774 853 854
1648 4 2 2 10 806 891 777 812
1649 4 2 2 10 776 801 789 855
1650 4 2 2 10 233 793 747 826
1651 4 2 2 10 782 878 772 861
1652 4 2 2 10 866 787 781 844
1653 4 2 2 10 781 866 844 860
1654 4 2 2 10 787 765 781 844
1655 4 2 2 10 839 751 759 830
1656 4 2 2 10 789 855 798 776
1657 4 2 2 10 778 804 811 857
1658 4 2 2 10 860 764 844 781
1659 4 2 2 10 776 855 854 856
1660 4 2 2 10 843 842 764 841
1661 4 2 2 10 762 842 764 763
1662 4 2 2 10 304 883 804 305
1663 4 2 2 10 844 764 765 781
1664 4 2 2 10 842 762 764 841
1665 4 2 2 10 764 860 844 843
1666 4 2 2 10 885 288 276 806
1667 4 2 2 10 285 271 284 758
1668 4 2 2 10 285 271 758 272
1669 4 2 2 10 803 296 295 882
1670 4 2 2 10 890 764 857 843
1671 4 2 2 10 884 804 883 305
1672 4 2 2 10 891 806 777 885
1673 4 2 2 10 778 811 764 857
1674 4 2 2 10 881 762 760 839
1675 4 2 2 10 885 288 806 886
1676 4 2 2 10 762 761 760 839
1677 4 2 2 10 760 761 751 839
1678 4 2 2 10 825 292 804 746
1679 4 2 2 10 758 272 271 837
1680 4 2 2 10 288 806 289 276
1681 4 2 2 10 801 790 789 868
1682 4 2 2 10 810 803 785 882
1683 4 2 2 10 852 870 773 854
1684 4 2 2 10 777 775 891 856
1685 4 2 2 10 891 775 854 856
1686 4 2 2 10 870 812 775 891
1687 4 2 2 10 310 757 874 836
1688 4 2 2 10 855 801 789 868
1689 4 2 2 10 773 791 775 870
1690 4 2 2 10 759 838 839 830
1691 4 2 2 10 762 760 802 881
1692 4 2 2 10 777 891 885 856
1693 4 2 2 10 812 749 806 828
1694 4 2 2 10 785 803 754 882
1695 4 2 2 10 876 752 314 797
1696 4 2 2 10 292 305 304 804
1697 4 2 2 10 804 746 811 825
1698 4 2 2 10 880 790 801 868
1699 4 2 2 10 870 775 773 854
1700 4 2 2 10 806 289 828 749
1701 4 2 2 10 288 885 276 275
1702 4 2 2 10 759 760 751 839
1703 4 2 2 10 868 855 801 880
1704 4 2 2 10 867 798 789 868
1705 4 2 2 10 855 789 798 868
1706 4 2 2 10 864 881 760 839
1707 4 2 2 10 749 289 828 277
1708 4 2 2 10 748 792 251 827
1709 4 2 2 10 764 811 781 890
1710 4 2 2 10 748 251 252 827
1711 4 2 2 10 775 776 774 854
1712 4 2 2 10 827 792 251 871
1713 4 2 2 10 853 774 776 854
1714 4 2 2 10 292 305 804 293
1715 4 2 2 10 886 885 288 275
1716 4 2 2 10 778 881 857 841
1717 4 2 2 10 762 881 778 841
1718 4 2 2 10 776 777 801 856
1719 4 2 2 10 307 295 296 882
1720 4 2 2 10 308 307 296 882
1721 4 2 2 10 291 746 292 825
1722 4 2 2 10 760 785 802 881
1723 4 2 2 10 293 804 805 305
1724 4 2 2 10 252 237 236 748
1725 4 2 2 10 855 853 776 854
1726 4 2 2 10 253 254 751 830
1727 4 2 2 10 867 232 231 788
1728 4 2 2 10 795 310 757 874
1729 4 2 2 10 310 795 757 298
1730 4 2 2 10 791 812 775 870
1731 4 2 2 10 860 764 781 890
1732 4 2 2 10 288 807 806 886
1733 4 2 2 10 797 302 752 314
1734 4 2 2 10 752 876 314 831
1735 4 2 2 10 890 860 764 843
1736 4 2 2 10 247 231 867 232
1737 4 2 2 10 855 776 801 856
1738 4 2 2 10 854 870 775 891
1739 4 2 2 10 884 804 305 805
1740 4 2 2 10 825 883 804 304
1741 4 2 2 10 238 254 751 253
1742 4 2 2 10 891 812 806 828
1743 4 2 2 10 785 754 802 881
1744 4 2 2 10 755 790 868 789
1745 4 2 2 10 864 759 756 838
1746 4 2 2 10 753 880 790 801
1747 4 2 2 10 756 256 241 1253
1748 4 2 2 10 821 35 277 900
1749 4 2 2 10 35 757 310 836
1750 4 2 2 10 838 864 759 839
1751 4 2 2 10 811 883 825 890
1752 4 2 2 10 883 804 811 825
1753 4 2 2 10 869 755 868 834
1754 4 2 2 10 755 867 788 789
1755 4 2 2 10 760 759 864 839
1756 4 2 2 10 38 797 876 314
1757 4 2 2 10 856 801 886 777
1758 4 2 2 10 828 806 891 885
1759 4 2 2 10 778 881 884 857
1760 4 2 2 10 276 806 828 885
1761 4 2 2 10 751 254 759 830
1762 4 2 2 10 756 835 864 838
1763 4 2 2 10 864 756 810 835
1764 4 2 2 10 750 871 235 792
1765 4 2 2 10 750 872 234 829
1766 4 2 2 10 248 234 233 793
1767 4 2 2 10 287 275 886 288
1768 4 2 2 10 871 750 235 829
1769 4 2 2 10 292 825 804 304
1770 4 2 2 10 880 790 868 869
1771 4 2 2 10 793 248 234 872
1772 4 2 2 10 872 750 234 793
1773 4 2 2 10 804 857 884 883
1774 4 2 2 10 881 762 778 802
1775 4 2 2 10 37 822 291 901
1776 4 2 2 10 856 801 855 880
1777 4 2 2 10 287 288 886 807
1778 4 2 2 10 777 801 886 807
1779 4 2 2 10 869 809 755 888
1780 4 2 2 10 806 276 828 289
1781 4 2 2 10 885 806 777 886
1782 4 2 2 10 294 805 305 293
1783 4 2 2 10 289 276 828 277
1784 4 2 2 10 289 749 290 277
1785 4 2 2 10 900 821 35 836
1786 4 2 2 10 310 36 298 757
1787 4 2 2 10 838 759 254 830
1788 4 2 2 10 802 805 778 884
1789 4 2 2 10 778 884 804 857
1790 4 2 2 10 37 314 302 797
1791 4 2 2 10 294 884 305 805
1792 4 2 2 10 808 273 285 887
1793 4 2 2 10 292 291 825 304
1794 4 2 2 10 303 825 291 304
1795 4 2 2 10 868 755 789 867
1796 4 2 2 10 792 251 236 748
1797 4 2 2 10 856 885 777 886
1798 4 2 2 10 251 748 252 236
1799 4 2 2 10 880 753 790 832
1800 4 2 2 10 832 790 880 869
1801 4 2 2 10 888 755 869 834
1802 4 2 2 10 897 819 797 876
1803 4 2 2 10 868 755 867 834
1804 4 2 2 10 881 760 785 864
1805 4 2 2 10 310 36 757 35
1806 4 2 2 10 881 778 884 802
1807 4 2 2 10 869 755 790 868
1808 4 2 2 10 808 758 869 887
1809 4 2 2 10 801 856 886 880
1810 4 2 2 10 881 785 754 833
1811 4 2 2 10 869 790 808 832
1812 4 2 2 10 753 808 790 832
1813 4 2 2 10 37 314 797 38
1814 4 2 2 10 833 881 785 864
1815 4 2 2 10 807 777 806 886
1816 4 2 2 10 884 778 804 805
1817 4 2 2 10 231 867 788 755
1818 4 2 2 10 897 898 819 876
1819 4 2 2 10 816 813 757 836
1820 4 2 2 10 254 238 751 239
1821 4 2 2 10 797 818 819 897
1822 4 2 2 10 273 285 887 272
1823 4 2 2 10 813 816 895 836
1824 4 2 2 10 231 247 867 246
1825 4 2 2 10 756 864 810 785
1826 4 2 2 10 810 835 889 864
1827 4 2 2 10 285 887 758 808
1828 4 2 2 10 759 864 756 785
1829 4 2 2 10 871 235 792 251
1830 4 2 2 10 760 759 785 864
1831 4 2 2 10 273 808 285 286
1832 4 2 2 10 309 823 29 902
1833 4 2 2 10 803 295 754 882
1834 4 2 2 10 26 820 271 899
1835 4 2 2 10 813 895 892 836
1836 4 2 2 10 882 785 810 864
1837 4 2 2 10 810 889 882 864
1838 4 2 2 10 785 833 882 754
1839 4 2 2 10 808 887 832 273
1840 4 2 2 10 254 751 759 239
1841 4 2 2 10 809 869 755 790
1842 4 2 2 10 833 785 882 864
1843 4 2 2 10 248 249 234 872
1844 4 2 2 10 872 249 234 829
1845 4 2 2 10 869 758 809 837
1846 4 2 2 10 750 234 235 829
1847 4 2 2 10 275 287 886 274
1848 4 2 2 10 757 35 821 836
1849 4 2 2 10 758 869 887 837
1850 4 2 2 10 35 290 821 277
1851 4 2 2 10 829 235 871 250
1852 4 2 2 10 887 285 758 272
1853 4 2 2 10 246 867 755 834
1854 4 2 2 10 819 860 898 897
1855 4 2 2 10 837 809 869 888
1856 4 2 2 10 884 294 305 306
1857 4 2 2 10 860 819 818 897
1858 4 2 2 10 284 25 820 271
1859 4 2 2 10 781 819 818 860
1860 4 2 2 10 822 825 291 901
1861 4 2 2 10 307 754 295 882
1862 4 2 2 10 306 754 295 307
1863 4 2 2 10 274 286 753 273
1864 4 2 2 10 272 758 887 837
1865 4 2 2 10 290 35 821 36
1866 4 2 2 10 823 309 29 297
1867 4 2 2 10 860 818 866 897
1868 4 2 2 10 812 870 895 891
1869 4 2 2 10 787 781 818 866
1870 4 2 2 10 866 781 818 860
1871 4 2 2 10 812 816 749 828
1872 4 2 2 10 791 816 812 895
1873 4 2 2 10 753 286 808 273
1874 4 2 2 10 303 37 291 901
1875 4 2 2 10 791 813 816 895
1876 4 2 2 10 813 791 779 892
1877 4 2 2 10 251 235 792 236
1878 4 2 2 10 822 825 901 898
1879 4 2 2 10 231 867 755 246
1880 4 2 2 10 870 858 791 892
1881 4 2 2 10 858 779 791 892
1882 4 2 2 10 303 38 37 901
1883 4 2 2 10 817 866 818 896
1884 4 2 2 10 818 866 897 896
1885 4 2 2 10 866 817 818 787
1886 4 2 2 10 900 821 749 277
1887 4 2 2 10 791 813 895 892
1888 4 2 2 10 898 901 822 876
1889 4 2 2 10 870 812 895 791
1890 4 2 2 10 25 26 820 271
1891 4 2 2 10 35 757 821 36
1892 4 2 2 10 895 870 791 892
1893 4 2 2 10 812 895 828 891
1894 4 2 2 10 781 811 819 890
1895 4 2 2 10 815 865 894 814
1896 4 2 2 10 814 894 893 865
1897 4 2 2 10 866 817 859 896
1898 4 2 2 10 874 757 813 836
1899 4 2 2 10 29 309 902 30
1900 4 2 2 10 895 812 828 816
1901 4 2 2 10 859 787 817 866
1902 4 2 2 10 897 797 752 876
1903 4 2 2 10 815 865 814 786
1904 4 2 2 10 859 815 865 894
1905 4 2 2 10 811 819 825 746
1906 4 2 2 10 780 787 817 859
1907 4 2 2 10 815 859 865 780
1908 4 2 2 10 780 865 815 786
1909 4 2 2 10 890 819 860 898
1910 4 2 2 10 871 235 251 250
1911 4 2 2 10 884 754 802 805
1912 4 2 2 10 779 893 865 814
1913 4 2 2 10 37 822 901 1254
1914 4 2 2 10 825 822 291 746
1915 4 2 2 10 779 786 814 865
1916 4 2 2 10 749 900 816 821
1917 4 2 2 10 893 779 865 858
1918 4 2 2 10 860 781 819 890
1919 4 2 2 10 894 745 893 824
1920 4 2 2 10 894 745 814 893
1921 4 2 2 10 815 745 814 894
1922 4 2 2 10 886 801 753 807
1923 4 2 2 10 796 824 894 875
1924 4 2 2 10 824 796 894 745
1925 4 2 2 10 897 752 896 831
1926 4 2 2 10 752 817 818 896
1927 4 2 2 10 752 897 896 818
1928 4 2 2 10 896 752 796 831
1929 4 2 2 10 831 796 896 875
1930 4 2 2 10 817 752 796 896
1931 4 2 2 10 816 821 900 836
1932 4 2 2 10 894 745 796 815
1933 4 2 2 10 795 745 874 893
1934 4 2 2 10 745 874 893 824
1935 4 2 2 10 893 813 779 892
1936 4 2 2 10 892 874 813 836
1937 4 2 2 10 758 869 809 790
1938 4 2 2 10 817 859 896 894
1939 4 2 2 10 235 249 829 234
1940 4 2 2 10 745 795 814 893
1941 4 2 2 10 754 881 884 802
1942 4 2 2 10 859 817 815 894
1943 4 2 2 10 893 874 813 892
1944 4 2 2 10 795 757 813 874
1945 4 2 2 10 752 897 876 831
1946 4 2 2 10 797 897 752 818
1947 4 2 2 10 813 893 779 814
1948 4 2 2 10 780 817 815 859
1949 4 2 2 10 896 796 894 875
1950 4 2 2 10 796 896 894 817
1951 4 2 2 10 874 813 795 893
1952 4 2 2 10 808 758 790 869
1953 4 2 2 10 796 894 815 817
1954 4 2 2 10 858 893 779 892
1955 4 2 2 10 813 814 795 893
1956 4 2 2 10 249 235 829 250
1957 4 2 2 10 271 820 758 899
1958 4 2 2 10 890 819 825 811
1959 4 2 2 10 825 819 822 746
1960 4 2 2 10 828 900 749 277
1961 4 2 2 10 886 801 880 753
1962 4 2 2 10 819 890 825 898
1963 4 2 2 10 294 754 295 306
1964 4 2 2 10 820 271 758 284
1965 4 2 2 10 286 274 753 287
1966 4 2 2 10 753 274 273 832
1967 4 2 2 10 754 294 805 884
1968 4 2 2 10 754 306 833 307
1969 4 2 2 10 886 287 807 753
1970 4 2 2 10 307 833 754 882
1971 4 2 2 10 900 749 816 828
1972 4 2 2 10 759 254 255 838
1973 4 2 2 10 797 819 822 876
1974 4 2 2 10 832 753 808 273
1975 4 2 2 10 291 825 303 901
1976 4 2 2 10 899 758 271 837
1977 4 2 2 10 759 255 756 838
1978 4 2 2 10 825 819 898 822
1979 4 2 2 10 881 754 884 833
1980 4 2 2 10 898 822 819 876
1981 4 2 2 10 835 756 255 838
1982 4 2 2 10 886 753 880 832
1983 4 2 2 10 821 816 757 836
1984 4 2 2 10 895 900 816 828
1985 4 2 2 10 297 308 810 309
1986 4 2 2 10 308 297 810 296
1987 4 2 2 10 882 296 810 803
1988 4 2 2 10 290 749 821 277
1989 4 2 2 10 816 900 895 836
1990 4 2 2 10 823 241 29 902
1991 4 2 2 10 244 820 26 899
1992 4 2 2 10 755 245 246 834
1993 4 2 2 10 240 254 759 239
1994 4 2 2 10 754 294 884 306
1995 4 2 2 10 306 884 754 833
1996 4 2 2 10 296 882 810 308
1997 4 2 2 10 886 287 753 274
1998 4 2 2 10 274 753 886 832
1999 4 2 2 10 899 758 809 820
2000 4 2 2 10 246 230 755 231
2001 4 2 2 10 38 37 901 1254
2002 4 2 2 10 809 230 755 888
2003 4 2 2 10 25 26 229 820
2004 4 2 2 10 29 256 30 902
2005 4 2 2 10 899 809 244 820
2006 4 2 2 10 755 245 834 888
2007 4 2 2 10 758 899 809 837
2008 4 2 2 10 837 899 809 888
2009 4 2 2 10 810 309 308 889
2010 4 2 2 10 254 240 759 255
2011 4 2 2 10 809 899 244 888
2012 4 2 2 10 255 759 756 240
2013 4 2 2 10 889 308 810 882
2014 4 2 2 10 230 246 755 245
2015 4 2 2 10 835 902 823 889
2016 4 2 2 10 809 244 230 888
2017 4 2 2 10 756 255 256 835
2018 4 2 2 10 820 244 26 229
2019 4 2 2 10 230 245 755 888
2020 4 2 2 10 29 256 902 241
2021 4 2 2 10 835 810 823 756
2022 4 2 2 10 229 244 809 820
2023 4 2 2 10 902 309 823 889
2024 4 2 2 10 810 835 823 889
2025 4 2 2 10 244 230 229 809
2026 4 2 2 10 244 245 230 888
2027 4 2 2 10 810 309 823 297
2028 4 2 2 10 756 256 240 241
2029 4 2 2 10 255 756 256 240
2030 4 2 2 10 309 810 823 889
2031 4 2 2 10 823 241 902 1253
2032 4 2 2 10 256 902 241 1253
2033 4 2 2 10 862 847 879 1252
2034 4 2 2 10 797 822 37 1254
2035 4 2 2 10 783 800 768 1252
2036 4 2 2 10 756 241 823 1253
2037 4 2 2 10 902 256 835 1253
2038 4 2 2 10 901 876 38 1254
2039 4 2 2 11 29 309 320 297
2040 4 2 2 11 309 29 320 30
2041 4 2 2 11 309 30 320 315
2042 4 2 2 11 306 910 318 905
2043 4 2 2 11 904 323 294 909
2044 4 2 2 11 323 904 294 318
2045 4 2 2 11 318 904 294 306
2046 4 2 2 11 910 306 318 294
2047 4 2 2 11 323 294 910 318
2048 4 2 2 11 327 329 903 326
2049 4 2 2 11 297 296 308 320
2050 4 2 2 11 320 309 308 297
2051 4 2 2 11 327 329 330 903
2052 4 2 2 11 329 908 330 903
2053 4 2 2 11 292 305 908 304
2054 4 2 2 11 907 912 40 319
2055 4 2 2 11 293 909 908 305
2056 4 2 2 11 908 904 903 305
2057 4 2 2 11 305 292 908 293
2058 4 2 2 11 903 304 908 305
2059 4 2 2 11 320 309 315 308
2060 4 2 2 11 909 293 294 305
2061 4 2 2 11 330 912 40 907
2062 4 2 2 11 319 323 904 324
2063 4 2 2 11 910 322 318 905
2064 4 2 2 11 903 904 912 907
2065 4 2 2 11 904 908 909 305
2066 4 2 2 11 907 40 39 319
2067 4 2 2 11 912 324 40 319
2068 4 2 2 11 323 324 909 904
2069 4 2 2 11 39 330 907 327
2070 4 2 2 11 904 909 294 305
2071 4 2 2 11 321 322 295 307
2072 4 2 2 11 908 904 912 903
2073 4 2 2 11 330 39 907 40
2074 4 2 2 11 308 321 320 296
2075 4 2 2 11 912 330 903 907
2076 4 2 2 11 321 322 307 317
2077 4 2 2 11 317 307 321 316
2078 4 2 2 11 323 319 904 318
2079 4 2 2 11 306 904 294 305
2080 4 2 2 11 316 308 320 315
2081 4 2 2 11 904 908 912 909
2082 4 2 2 11 910 306 307 905
2083 4 2 2 11 321 308 320 316
2084 4 2 2 11 327 903 330 907
2085 4 2 2 11 912 330 908 903
2086 4 2 2 11 291 328 37 303
2087 4 2 2 11 328 38 303 325
2088 4 2 2 11 906 328 329 911
2089 4 2 2 11 38 328 303 37
2090 4 2 2 11 908 906 329 911
2091 4 2 2 11 329 325 906 326
2092 4 2 2 11 905 322 318 317
2093 4 2 2 11 906 329 326 903
2094 4 2 2 11 328 906 329 325
2095 4 2 2 11 291 292 911 906
2096 4 2 2 11 292 906 908 911
2097 4 2 2 11 906 908 329 903
2098 4 2 2 11 906 303 291 304
2099 4 2 2 11 291 292 906 304
2100 4 2 2 11 906 292 908 304
2101 4 2 2 11 908 906 304 903
2102 4 2 2 11 306 295 910 307
2103 4 2 2 11 295 296 321 307
2104 4 2 2 11 307 296 321 308
2105 4 2 2 11 323 910 322 318
2106 4 2 2 11 907 904 912 319
2107 4 2 2 11 308 321 307 316
2108 4 2 2 11 904 324 912 319
2109 4 2 2 11 324 904 912 909
2110 4 2 2 11 295 306 910 294
2111 4 2 2 11 905 322 307 910
2112 4 2 2 11 322 910 295 307
2113 4 2 2 11 322 905 307 317
2114 4 2 2 11 911 328 291 906
2115 4 2 2 11 303 328 906 291
2116 4 2 2 11 328 303 906 325
2117 4 2 3 12 343 374 342 1255
2118 4 2 3 12 374 373 342 1255
2119 4 2 3 12 379 357 380 1256
2120 4 2 3 12 968 981 941 1257
2121 4 2 3 12 357 358 380 1256
2122 4 2 3 12 940 342 373 1255
2123 4 2 3 12 964 937 921 977
2124 4 2 3 12 937 921 977 1258
2125 4 2 3 12 373 980 940 1255
2126 4 2 3 12 980 374 343 1255
2127 4 2 3 12 940 980 343 1255
2128 4 2 3 12 928 968 941 1257
2129 4 2 3 12 974 344 345 934
2130 4 2 3 12 376 974 375 345
2131 4 2 3 12 366 348 915 349
2132 4 2 3 12 344 974 345 375
2133 4 2 3 12 917 978 929 938
2134 4 2 3 12 342 372 932 373
2135 4 2 3 12 373 372 932 972
2136 4 2 3 12 968 984 367 944
2137 4 2 3 12 331 973 332 933
2138 4 2 3 12 930 915 955 348
2139 4 2 3 12 955 365 970 348
2140 4 2 3 12 336 332 973 337
2141 4 2 3 12 332 336 973 331
2142 4 2 3 12 372 342 932 341
2143 4 2 3 12 930 955 970 348
2144 4 2 3 12 955 348 366 365
2145 4 2 3 12 348 955 366 915
2146 4 2 3 12 932 962 972 362
2147 4 2 3 12 933 355 973 923
2148 4 2 3 12 370 352 971 353
2149 4 2 3 12 333 339 959 338
2150 4 2 3 12 959 333 919 334
2151 4 2 3 12 340 935 335 334
2152 4 2 3 12 339 333 959 334
2153 4 2 3 12 970 969 930 917
2154 4 2 3 12 935 340 339 334
2155 4 2 3 12 342 940 373 932
2156 4 2 3 12 972 373 940 932
2157 4 2 3 12 344 974 920 934
2158 4 2 3 12 973 332 933 939
2159 4 2 3 12 337 939 332 973
2160 4 2 3 12 340 935 339 975
2161 4 2 3 12 352 370 971 369
2162 4 2 3 12 353 352 971 931
2163 4 2 3 12 353 958 918 971
2164 4 2 3 12 344 960 374 343
2165 4 2 3 12 959 979 982 919
2166 4 2 3 12 344 960 974 375
2167 4 2 3 12 958 353 370 971
2168 4 2 3 12 926 954 943 914
2169 4 2 3 12 352 956 931 916
2170 4 2 3 12 936 958 971 918
2171 4 2 3 12 333 959 979 338
2172 4 2 3 12 959 333 979 919
2173 4 2 3 12 374 375 960 344
2174 4 2 3 12 961 44 46 927
2175 4 2 3 12 337 939 973 979
2176 4 2 3 12 347 365 970 364
2177 4 2 3 12 972 373 980 940
2178 4 2 3 12 930 986 955 946
2179 4 2 3 12 991 927 985 951
2180 4 2 3 12 365 347 970 348
2181 4 2 3 12 364 347 346 917
2182 4 2 3 12 961 977 964 921
2183 4 2 3 12 937 964 921 924
2184 4 2 3 12 971 352 369 956
2185 4 2 3 12 919 935 959 334
2186 4 2 3 12 347 930 970 348
2187 4 2 3 12 971 352 956 931
2188 4 2 3 12 379 953 378 913
2189 4 2 3 12 939 942 979 919
2190 4 2 3 12 353 971 918 931
2191 4 2 3 12 957 346 364 363
2192 4 2 3 12 344 920 960 343
2193 4 2 3 12 960 344 974 920
2194 4 2 3 12 356 379 913 357
2195 4 2 3 12 935 339 959 334
2196 4 2 3 12 979 333 338 337
2197 4 2 3 12 919 333 979 939
2198 4 2 3 12 971 936 918 931
2199 4 2 3 12 976 958 971 936
2200 4 2 3 12 339 959 975 935
2201 4 2 3 12 359 381 967 925
2202 4 2 3 12 936 920 974 934
2203 4 2 3 12 963 355 973 377
2204 4 2 3 12 355 963 973 923
2205 4 2 3 12 354 989 45 949
2206 4 2 3 12 333 337 939 332
2207 4 2 3 12 382 359 925 381
2208 4 2 3 12 932 922 962 362
2209 4 2 3 12 384 972 962 362
2210 4 2 3 12 967 359 46 381
2211 4 2 3 12 943 966 954 926
2212 4 2 3 12 966 943 954 983
2213 4 2 3 12 960 980 374 343
2214 4 2 3 12 382 359 360 925
2215 4 2 3 12 969 970 957 917
2216 4 2 3 12 969 929 930 917
2217 4 2 3 12 926 925 954 914
2218 4 2 3 12 961 977 921 1258
2219 4 2 3 12 362 922 383 361
2220 4 2 3 12 992 952 937 1258
2221 4 2 3 12 379 356 913 378
2222 4 2 3 12 355 356 963 923
2223 4 2 3 12 378 355 963 377
2224 4 2 3 12 922 383 962 362
2225 4 2 3 12 383 384 962 362
2226 4 2 3 12 977 992 937 1258
2227 4 2 3 12 950 990 41 346
2228 4 2 3 12 954 360 383 914
2229 4 2 3 12 360 954 383 382
2230 4 2 3 12 979 333 337 939
2231 4 2 3 12 378 355 356 963
2232 4 2 3 12 929 969 978 917
2233 4 2 3 12 969 957 978 917
2234 4 2 3 12 331 988 11 336
2235 4 2 3 12 987 341 8 372
2236 4 2 3 12 941 955 366 981
2237 4 2 3 12 922 954 383 914
2238 4 2 3 12 973 933 923 939
2239 4 2 3 12 942 982 979 919
2240 4 2 3 12 964 380 961 921
2241 4 2 3 12 987 13 341 947
2242 4 2 3 12 16 988 331 948
2243 4 2 3 12 980 960 940 343
2244 4 2 3 12 974 976 960 920
2245 4 2 3 12 985 925 967 965
2246 4 2 3 12 949 376 45 345
2247 4 2 3 12 967 961 46 927
2248 4 2 3 12 960 920 940 343
2249 4 2 3 12 965 967 381 925
2250 4 2 3 12 41 340 990 335
2251 4 2 3 12 989 376 45 949
2252 4 2 3 12 364 970 347 917
2253 4 2 3 12 955 915 930 946
2254 4 2 3 12 383 360 361 914
2255 4 2 3 12 970 986 955 930
2256 4 2 3 12 353 958 371 354
2257 4 2 3 12 45 354 949 43
2258 4 2 3 12 46 44 359 927
2259 4 2 3 12 923 979 973 939
2260 4 2 3 12 929 953 913 942
2261 4 2 3 12 381 382 965 925
2262 4 2 3 12 361 922 383 914
2263 4 2 3 12 349 366 941 915
2264 4 2 3 12 989 354 45 371
2265 4 2 3 12 970 930 347 917
2266 4 2 3 12 335 990 41 950
2267 4 2 3 12 954 966 965 925
2268 4 2 3 12 954 383 962 922
2269 4 2 3 12 961 44 927 921
2270 4 2 3 12 16 988 11 331
2271 4 2 3 12 987 13 8 341
2272 4 2 3 12 940 962 972 932
2273 4 2 3 12 954 966 925 926
2274 4 2 3 12 982 953 929 942
2275 4 2 3 12 953 963 378 913
2276 4 2 3 12 969 986 930 946
2277 4 2 3 12 950 957 990 346
2278 4 2 3 12 927 985 945 925
2279 4 2 3 12 923 942 979 939
2280 4 2 3 12 346 957 364 917
2281 4 2 3 12 958 353 918 354
2282 4 2 3 12 945 931 956 916
2283 4 2 3 12 346 42 990 41
2284 4 2 3 12 978 982 929 938
2285 4 2 3 12 971 966 976 926
2286 4 2 3 12 916 352 368 351
2287 4 2 3 12 353 958 370 371
2288 4 2 3 12 936 971 976 926
2289 4 2 3 12 936 971 926 931
2290 4 2 3 12 955 941 366 915
2291 4 2 3 12 940 983 960 980
2292 4 2 3 12 925 360 954 914
2293 4 2 3 12 360 954 382 925
2294 4 2 3 12 983 920 940 960
2295 4 2 3 12 355 988 20 948
2296 4 2 3 12 985 951 927 945
2297 4 2 3 12 356 913 963 923
2298 4 2 3 12 980 962 972 940
2299 4 2 3 12 956 985 971 931
2300 4 2 3 12 913 963 378 356
2301 4 2 3 12 936 974 958 934
2302 4 2 3 12 967 968 961 927
2303 4 2 3 12 983 976 966 943
2304 4 2 3 12 943 976 966 926
2305 4 2 3 12 346 42 363 990
2306 4 2 3 12 976 943 936 926
2307 4 2 3 12 953 379 924 913
2308 4 2 3 12 947 987 18 362
2309 4 2 3 12 913 963 942 953
2310 4 2 3 12 927 968 961 928
2311 4 2 3 12 368 956 352 916
2312 4 2 3 12 357 924 379 913
2313 4 2 3 12 974 345 949 934
2314 4 2 3 12 943 954 922 914
2315 4 2 3 12 941 366 350 981
2316 4 2 3 12 376 949 974 345
2317 4 2 3 12 949 45 43 345
2318 4 2 3 12 924 357 379 1256
2319 4 2 3 12 956 985 931 945
2320 4 2 3 12 953 982 963 942
2321 4 2 3 12 949 376 974 989
2322 4 2 3 12 942 929 982 938
2323 4 2 3 12 928 961 927 921
2324 4 2 3 12 963 979 973 923
2325 4 2 3 12 979 963 982 942
2326 4 2 3 12 927 985 925 967
2327 4 2 3 12 41 340 42 990
2328 4 2 3 12 368 956 369 352
2329 4 2 3 12 963 913 942 923
2330 4 2 3 12 927 359 967 925
2331 4 2 3 12 377 20 988 19
2332 4 2 3 12 920 974 976 936
2333 4 2 3 12 954 965 382 925
2334 4 2 3 12 915 992 941 952
2335 4 2 3 12 979 963 942 923
2336 4 2 3 12 363 990 957 346
2337 4 2 3 12 366 941 350 349
2338 4 2 3 12 951 968 991 927
2339 4 2 3 12 20 988 16 948
2340 4 2 3 12 987 18 13 947
2341 4 2 3 12 970 364 957 917
2342 4 2 3 12 359 967 46 927
2343 4 2 3 12 962 983 954 922
2344 4 2 3 12 340 935 990 335
2345 4 2 3 12 384 18 17 987
2346 4 2 3 12 990 935 975 957
2347 4 2 3 12 927 991 985 967
2348 4 2 3 12 969 986 970 930
2349 4 2 3 12 935 959 978 919
2350 4 2 3 12 990 935 957 950
2351 4 2 3 12 944 367 351 984
2352 4 2 3 12 13 17 987 8
2353 4 2 3 12 988 19 16 11
2354 4 2 3 12 355 973 988 933
2355 4 2 3 12 335 935 990 950
2356 4 2 3 12 935 340 990 975
2357 4 2 3 12 367 984 368 351
2358 4 2 3 12 959 978 975 935
2359 4 2 3 12 940 962 983 980
2360 4 2 3 12 976 983 960 920
2361 4 2 3 12 954 943 922 983
2362 4 2 3 12 962 940 922 932
2363 4 2 3 12 982 953 969 929
2364 4 2 3 12 988 948 355 933
2365 4 2 3 12 20 377 988 355
2366 4 2 3 12 952 915 992 937
2367 4 2 3 12 955 992 981 941
2368 4 2 3 12 331 988 973 933
2369 4 2 3 12 336 988 973 331
2370 4 2 3 12 992 955 977 937
2371 4 2 3 12 932 372 341 987
2372 4 2 3 12 932 372 987 972
2373 4 2 3 12 920 983 940 943
2374 4 2 3 12 932 972 987 362
2375 4 2 3 12 913 924 953 929
2376 4 2 3 12 978 957 975 935
2377 4 2 3 12 988 331 948 933
2378 4 2 3 12 341 932 987 947
2379 4 2 3 12 20 988 19 16
2380 4 2 3 12 18 987 13 17
2381 4 2 3 12 947 932 987 362
2382 4 2 3 12 938 935 978 919
2383 4 2 3 12 982 978 959 919
2384 4 2 3 12 949 974 934 958
2385 4 2 3 12 987 384 18 362
2386 4 2 3 12 918 936 958 934
2387 4 2 3 12 978 917 935 938
2388 4 2 3 12 937 986 964 946
2389 4 2 3 12 986 937 964 977
2390 4 2 3 12 949 974 958 989
2391 4 2 3 12 968 992 961 952
2392 4 2 3 12 955 986 937 946
2393 4 2 3 12 955 986 977 937
2394 4 2 3 12 961 44 380 46
2395 4 2 3 12 955 992 941 915
2396 4 2 3 12 978 982 969 929
2397 4 2 3 12 978 982 938 919
2398 4 2 3 12 346 950 957 917
2399 4 2 3 12 930 929 969 946
2400 4 2 3 12 966 971 985 926
2401 4 2 3 12 962 940 983 922
2402 4 2 3 12 926 971 985 931
2403 4 2 3 12 974 958 976 936
2404 4 2 3 12 921 380 44 358
2405 4 2 3 12 976 983 920 943
2406 4 2 3 12 973 355 988 377
2407 4 2 3 12 943 920 976 936
2408 4 2 3 12 922 940 983 943
2409 4 2 3 12 931 985 926 945
2410 4 2 3 12 955 992 915 937
2411 4 2 3 12 985 956 991 951
2412 4 2 3 12 379 964 953 924
2413 4 2 3 12 984 951 968 991
2414 4 2 3 12 351 984 916 944
2415 4 2 3 12 982 942 938 919
2416 4 2 3 12 964 986 969 946
2417 4 2 3 12 379 964 924 1256
2418 4 2 3 12 366 981 367 350
2419 4 2 3 12 384 987 972 362
2420 4 2 3 12 916 368 984 351
2421 4 2 3 12 924 969 953 929
2422 4 2 3 12 958 989 354 949
2423 4 2 3 12 350 941 981 1257
2424 4 2 3 12 937 915 955 946
2425 4 2 3 12 949 918 958 934
2426 4 2 3 12 966 925 985 965
2427 4 2 3 12 367 944 351 350
2428 4 2 3 12 925 966 985 926
2429 4 2 3 12 951 984 968 944
2430 4 2 3 12 956 368 984 916
2431 4 2 3 12 967 991 968 927
2432 4 2 3 12 950 935 957 917
2433 4 2 3 12 951 968 927 928
2434 4 2 3 12 985 925 926 945
2435 4 2 3 12 44 961 380 921
2436 4 2 3 12 964 969 953 924
2437 4 2 3 12 956 945 916 951
2438 4 2 3 12 989 371 958 354
2439 4 2 3 12 917 978 935 957
2440 4 2 3 12 941 992 968 952
2441 4 2 3 12 918 958 354 949
2442 4 2 3 12 956 951 984 991
2443 4 2 3 12 968 981 992 941
2444 4 2 3 12 956 985 945 951
2445 4 2 3 12 928 968 961 952
2446 4 2 3 12 961 928 952 921
2447 4 2 3 12 924 937 964 946
2448 4 2 3 12 951 916 984 944
2449 4 2 3 12 992 961 952 1258
2450 4 2 3 12 969 924 946 929
2451 4 2 3 12 981 367 350 1257
2452 4 2 3 12 944 968 951 928
2453 4 2 3 12 951 956 984 916
2454 4 2 3 12 924 969 946 964
2455 4 2 3 12 968 928 941 952
2456 4 2 3 12 952 961 921 1258
2457 4 2 3 12 374 980 373 1255
2458 4 2 3 12 367 981 968 1257
2459 4 2 3 12 350 928 941 1257
2460 4 2 3 12 921 937 952 1258
2461 4 2 3 12 924 358 357 1256
2462 4 2 3 12 961 992 977 1258
2463 4 2 3 12 379 380 964 1256
2464 4 2 3 12 343 342 940 1255
2465 4 2 3 12 1257 968 350 928
2466 4 2 3 12 1257 350 968 367
2467 4 2 3 12 944 350 968 928
2468 4 2 3 12 944 968 350 367
2469 4 2 3 12 1256 924 380 964
2470 4 2 3 12 1256 380 924 358
2471 4 2 3 12 921 380 924 964
2472 4 2 3 12 921 924 380 358
2473 4 2 3 13 382 359 381 1259
2474 4 2 3 13 359 382 360 1259
2475 4 2 3 13 995 1006 360 1259
2476 4 2 3 13 382 995 360 1259
2477 4 2 3 13 1013 994 996 1005
2478 4 2 3 13 1003 1006 1008 995
2479 4 2 3 13 360 383 997 382
2480 4 2 3 13 379 356 996 357
2481 4 2 3 13 383 360 997 361
2482 4 2 3 13 379 356 378 996
2483 4 2 3 13 1001 381 46 1012
2484 4 2 3 13 1006 1008 995 360
2485 4 2 3 13 994 357 996 1005
2486 4 2 3 13 181 189 1013 1007
2487 4 2 3 13 1003 184 997 192
2488 4 2 3 13 383 1010 997 999
2489 4 2 3 13 378 1009 998 996
2490 4 2 3 13 1008 361 997 360
2491 4 2 3 13 357 356 996 1007
2492 4 2 3 13 19 179 377 187
2493 4 2 3 13 191 993 190 1004
2494 4 2 3 13 362 186 18 194
2495 4 2 3 13 1012 381 46 359
2496 4 2 3 13 181 1002 996 1013
2497 4 2 3 13 1013 996 181 1007
2498 4 2 3 13 1008 1003 192 1014
2499 4 2 3 13 1008 1003 997 192
2500 4 2 3 13 181 188 1007 180
2501 4 2 3 13 20 377 187 19
2502 4 2 3 13 995 381 1006 1259
2503 4 2 3 13 382 995 997 360
2504 4 2 3 13 357 994 996 379
2505 4 2 3 13 193 997 185 192
2506 4 2 3 13 1003 995 1008 997
2507 4 2 3 13 1006 1003 1008 1014
2508 4 2 3 13 994 1013 996 1002
2509 4 2 3 13 996 1013 1005 1007
2510 4 2 3 13 186 18 17 384
2511 4 2 3 13 1000 44 380 1011
2512 4 2 3 13 358 994 1005 357
2513 4 2 3 13 1012 44 1000 1011
2514 4 2 3 13 46 1012 1000 1001
2515 4 2 3 13 188 181 1007 189
2516 4 2 3 13 184 185 997 192
2517 4 2 3 13 1010 383 997 361
2518 4 2 3 13 378 1009 996 356
2519 4 2 3 13 20 377 355 187
2520 4 2 3 13 381 1001 995 1006
2521 4 2 3 13 46 44 1012 359
2522 4 2 3 13 190 183 993 191
2523 4 2 3 13 183 190 993 182
2524 4 2 3 13 381 1001 1006 1012
2525 4 2 3 13 996 998 180 1009
2526 4 2 3 13 1010 185 997 999
2527 4 2 3 13 1008 997 995 360
2528 4 2 3 13 996 1005 357 1007
2529 4 2 3 13 186 18 384 362
2530 4 2 3 13 997 1010 361 1008
2531 4 2 3 13 1009 996 356 1007
2532 4 2 3 13 1006 381 359 1259
2533 4 2 3 13 181 996 180 1007
2534 4 2 3 13 180 179 1009 998
2535 4 2 3 13 1009 377 378 998
2536 4 2 3 13 193 1008 997 192
2537 4 2 3 13 357 994 379 380
2538 4 2 3 13 180 1007 1009 188
2539 4 2 3 13 384 383 999 1010
2540 4 2 3 13 187 180 179 1009
2541 4 2 3 13 185 1010 186 999
2542 4 2 3 13 186 1010 193 194
2543 4 2 3 13 185 1010 997 193
2544 4 2 3 13 1012 1006 381 359
2545 4 2 3 13 187 180 1009 188
2546 4 2 3 13 1012 1000 1004 1011
2547 4 2 3 13 1000 44 46 380
2548 4 2 3 13 358 994 1011 1005
2549 4 2 3 13 1000 1012 1004 1001
2550 4 2 3 13 380 994 1000 1011
2551 4 2 3 13 185 1010 193 186
2552 4 2 3 13 1012 46 1000 44
2553 4 2 3 13 993 1001 1000 1004
2554 4 2 3 13 358 380 44 1011
2555 4 2 3 13 355 378 1009 377
2556 4 2 3 13 358 994 357 380
2557 4 2 3 13 378 355 1009 356
2558 4 2 3 13 1011 994 1013 1005
2559 4 2 3 13 994 1002 1000 1011
2560 4 2 3 13 1007 180 1009 996
2561 4 2 3 13 362 383 1010 361
2562 4 2 3 13 997 1010 1008 193
2563 4 2 3 13 383 362 1010 384
2564 4 2 3 13 1001 1003 995 1006
2565 4 2 3 13 1009 179 377 998
2566 4 2 3 13 1006 1001 1014 1012
2567 4 2 3 13 179 1009 377 187
2568 4 2 3 13 186 1010 384 999
2569 4 2 3 13 186 362 1010 194
2570 4 2 3 13 181 190 1013 189
2571 4 2 3 13 1003 192 183 184
2572 4 2 3 13 1004 1000 1002 1011
2573 4 2 3 13 191 1003 192 183
2574 4 2 3 13 190 1002 182 181
2575 4 2 3 13 1004 191 993 1014
2576 4 2 3 13 1000 1004 1002 993
2577 4 2 3 13 190 993 1002 1004
2578 4 2 3 13 1014 1001 1004 1012
2579 4 2 3 13 1004 993 1001 1014
2580 4 2 3 13 994 358 1011 380
2581 4 2 3 13 377 187 1009 355
2582 4 2 3 13 1003 191 192 1014
2583 4 2 3 13 190 1002 181 1013
2584 4 2 3 13 1002 994 1013 1011
2585 4 2 3 13 362 186 1010 384
2586 4 2 3 13 1006 1001 1003 1014
2587 4 2 3 13 1003 993 183 191
2588 4 2 3 13 190 993 182 1002
2589 4 2 3 13 1003 993 191 1014
2590 4 2 3 13 1004 1002 190 1013
2591 4 2 3 13 1013 1004 1002 1011
2592 4 2 3 13 993 1003 1001 1014
2593 4 2 3 13 381 995 382 1259
2594 4 2 3 13 359 360 1006 1259
2595 4 2 3 14 416 423 417 1264
2596 4 2 3 14 417 423 424 1264
2597 4 2 3 14 1094 1101 1029 1263
2598 4 2 3 14 1094 1029 1022 1263
2599 4 2 3 14 1054 1091 1019 1262
2600 4 2 3 14 424 1142 417 1264
2601 4 2 3 14 449 450 428 1261
2602 4 2 3 14 427 449 428 1261
2603 4 2 3 14 1125 427 1053 1261
2604 4 2 3 14 1125 449 427 1261
2605 4 2 3 14 1101 442 1029 1263
2606 4 2 3 14 1091 406 1019 1262
2607 4 2 3 14 1091 1054 1126 1262
2608 4 2 3 14 393 1019 406 1262
2609 4 2 3 14 1101 464 442 1263
2610 4 2 3 14 1142 424 1070 1264
2611 4 2 3 14 406 1126 393 1262
2612 4 2 3 14 1126 1054 393 1262
2613 4 2 3 14 463 1096 441 1260
2614 4 2 3 14 440 463 441 1260
2615 4 2 3 14 463 440 462 1260
2616 4 2 3 14 1024 441 1096 1260
2617 4 2 3 14 440 1024 462 1260
2618 4 2 3 14 1076 1148 1143 1051
2619 4 2 3 14 1052 414 1026 421
2620 4 2 3 14 450 1125 1053 1261
2621 4 2 3 14 1053 428 450 1261
2622 4 2 3 14 1096 462 1024 1260
2623 4 2 3 14 385 399 386 1099
2624 4 2 3 14 1033 1136 1131 1105
2625 4 2 3 14 1133 426 448 425
2626 4 2 3 14 406 405 1091 1019
2627 4 2 3 14 1120 1075 1040 1147
2628 4 2 3 14 385 399 1099 398
2629 4 2 3 14 1128 1091 405 1019
2630 4 2 3 14 414 1052 1026 1124
2631 4 2 3 14 415 421 422 1026
2632 4 2 3 14 1016 1133 426 1088
2633 4 2 3 14 406 405 1019 392
2634 4 2 3 14 1019 393 406 392
2635 4 2 3 14 392 1128 1019 1056
2636 4 2 3 14 1098 1124 414 1026
2637 4 2 3 14 1128 392 1019 405
2638 4 2 3 14 1027 386 1099 385
2639 4 2 3 14 415 414 421 1026
2640 4 2 3 14 426 1088 1133 448
2641 4 2 3 14 1058 1099 1059 1027
2642 4 2 3 14 1120 439 440 461
2643 4 2 3 14 1060 1132 1100 1049
2644 4 2 3 14 1093 1115 1118 1043
2645 4 2 3 14 1095 1120 461 439
2646 4 2 3 14 1136 1033 1131 1064
2647 4 2 3 14 1049 1133 1100 1028
2648 4 2 3 14 427 1088 1125 1053
2649 4 2 3 14 1056 392 1128 391
2650 4 2 3 14 449 1088 1125 427
2651 4 2 3 14 1093 1021 1043 1046
2652 4 2 3 14 1043 1118 1093 1046
2653 4 2 3 14 1015 412 420 419
2654 4 2 3 14 1015 1059 1134 1062
2655 4 2 3 14 392 405 1128 391
2656 4 2 3 14 404 1128 405 391
2657 4 2 3 14 1088 427 1016 1053
2658 4 2 3 14 459 1037 437 1046
2659 4 2 3 14 394 407 1126 393
2660 4 2 3 14 407 406 1126 393
2661 4 2 3 14 425 448 1133 447
2662 4 2 3 14 1049 1154 1133 1082
2663 4 2 3 14 1120 1147 1106 1075
2664 4 2 3 14 1133 426 425 1061
2665 4 2 3 14 1126 1018 1127 1090
2666 4 2 3 14 436 1118 1093 458
2667 4 2 3 14 438 1095 460 439
2668 4 2 3 14 1120 440 1024 462
2669 4 2 3 14 1029 1102 1103 1101
2670 4 2 3 14 1120 1023 439 1095
2671 4 2 3 14 1051 455 1071 433
2672 4 2 3 14 420 414 1052 421
2673 4 2 3 14 437 436 459 1046
2674 4 2 3 14 1118 459 458 436
2675 4 2 3 14 1095 460 1109 438
2676 4 2 3 14 1033 1059 1131 1064
2677 4 2 3 14 1044 1117 1049 1116
2678 4 2 3 14 1037 1118 459 1109
2679 4 2 3 14 1118 1037 459 1046
2680 4 2 3 14 1057 1056 1128 391
2681 4 2 3 14 1038 1023 1110 1037
2682 4 2 3 14 1067 1115 1118 1139
2683 4 2 3 14 449 426 1088 427
2684 4 2 3 14 1037 1111 1118 1109
2685 4 2 3 14 400 1089 401 1017
2686 4 2 3 14 1018 1126 1127 1054
2687 4 2 3 14 1037 1118 1039 1046
2688 4 2 3 14 414 415 1098 1026
2689 4 2 3 14 1023 1095 1110 1037
2690 4 2 3 14 462 461 1120 440
2691 4 2 3 14 1049 1100 1060 1028
2692 4 2 3 14 1102 1035 1031 1107
2693 4 2 3 14 1128 404 1129 391
2694 4 2 3 14 412 413 1087 420
2695 4 2 3 14 410 396 1028 397
2696 4 2 3 14 1118 436 1093 1046
2697 4 2 3 14 436 1021 1093 1046
2698 4 2 3 14 445 1142 1122 467
2699 4 2 3 14 418 412 1134 419
2700 4 2 3 14 418 412 411 1134
2701 4 2 3 14 1067 1118 1039 1139
2702 4 2 3 14 427 426 1088 1016
2703 4 2 3 14 1105 1138 1131 1033
2704 4 2 3 14 1111 1037 1118 1039
2705 4 2 3 14 414 420 1052 413
2706 4 2 3 14 1072 1124 1144 1026
2707 4 2 3 14 408 1132 409 1060
2708 4 2 3 14 436 1118 459 1046
2709 4 2 3 14 461 460 1095 439
2710 4 2 3 14 1133 1016 426 1061
2711 4 2 3 14 1087 1136 1131 1064
2712 4 2 3 14 1140 389 401 1068
2713 4 2 3 14 401 387 1017 388
2714 4 2 3 14 387 401 1017 400
2715 4 2 3 14 1054 394 1126 393
2716 4 2 3 14 408 395 394 1018
2717 4 2 3 14 407 408 394 1018
2718 4 2 3 14 1055 1135 1111 1063
2719 4 2 3 14 1117 1044 1049 1045
2720 4 2 3 14 444 465 1108 443
2721 4 2 3 14 396 410 1028 409
2722 4 2 3 14 395 408 409 1060
2723 4 2 3 14 409 395 1060 396
2724 4 2 3 14 1091 1063 1054 1019
2725 4 2 3 14 440 1120 1024 1048
2726 4 2 3 14 1120 1096 462 1024
2727 4 2 3 14 389 1140 401 402
2728 4 2 3 14 401 389 388 1068
2729 4 2 3 14 1114 1093 1113 1042
2730 4 2 3 14 1126 407 394 1018
2731 4 2 3 14 1140 1119 1020 1068
2732 4 2 3 14 1133 1049 1061 1028
2733 4 2 3 14 1121 1133 1100 1049
2734 4 2 3 14 464 1094 1022 1263
2735 4 2 3 14 1129 403 1092 390
2736 4 2 3 14 1057 1128 1129 391
2737 4 2 3 14 426 449 1088 448
2738 4 2 3 14 1063 1141 1038 1069
2739 4 2 3 14 1145 1040 1069 1073
2740 4 2 3 14 1065 1092 1119 1020
2741 4 2 3 14 1097 450 1053 1025
2742 4 2 3 14 1128 1141 1091 1019
2743 4 2 3 14 1097 450 1125 1053
2744 4 2 3 14 408 407 1090 1018
2745 4 2 3 14 439 1120 440 1048
2746 4 2 3 14 413 414 1124 1052
2747 4 2 3 14 428 1053 450 1025
2748 4 2 3 14 457 456 1113 435
2749 4 2 3 14 419 1134 418 1062
2750 4 2 3 14 1064 1131 1087 1015
2751 4 2 3 14 1138 1130 1059 1066
2752 4 2 3 14 1134 1087 1131 1015
2753 4 2 3 14 438 1023 1095 439
2754 4 2 3 14 401 1089 1140 1068
2755 4 2 3 14 407 1126 1090 1018
2756 4 2 3 14 1120 1095 1112 1023
2757 4 2 3 14 1023 1120 439 1048
2758 4 2 3 14 1128 1069 1019 1056
2759 4 2 3 14 1064 1059 1131 1015
2760 4 2 3 14 1059 1134 1131 1015
2761 4 2 3 14 1027 1099 1059 1062
2762 4 2 3 14 1112 1141 1145 1069
2763 4 2 3 14 1104 1033 1136 1032
2764 4 2 3 14 1126 1135 1127 1054
2765 4 2 3 14 1099 1058 1059 1130
2766 4 2 3 14 1131 1130 1099 1059
2767 4 2 3 14 1037 1023 1095 438
2768 4 2 3 14 1063 1091 1141 1019
2769 4 2 3 14 1128 1073 1069 1056
2770 4 2 3 14 404 390 1129 391
2771 4 2 3 14 390 404 1129 403
2772 4 2 3 14 1068 401 1089 1017
2773 4 2 3 14 464 1022 442 1263
2774 4 2 3 14 1017 1068 401 388
2775 4 2 3 14 1132 1100 409 1060
2776 4 2 3 14 1057 1092 390 1129
2777 4 2 3 14 1088 1150 1125 1078
2778 4 2 3 14 434 1113 456 435
2779 4 2 3 14 389 403 1092 402
2780 4 2 3 14 1139 1039 1067 1055
2781 4 2 3 14 1130 386 387 399
2782 4 2 3 14 400 399 1130 387
2783 4 2 3 14 1059 1130 1058 1066
2784 4 2 3 14 1138 1130 1131 1059
2785 4 2 3 14 396 1060 409 1028
2786 4 2 3 14 409 1100 410 1028
2787 4 2 3 14 1065 1119 1106 1034
2788 4 2 3 14 1018 394 1126 1054
2789 4 2 3 14 1101 463 1096 441
2790 4 2 3 14 1109 1110 1095 1037
2791 4 2 3 14 1135 1055 1054 1063
2792 4 2 3 14 1141 1063 1038 1135
2793 4 2 3 14 1110 1135 1141 1038
2794 4 2 3 14 1052 1124 1072 1026
2795 4 2 3 14 408 1090 1132 1060
2796 4 2 3 14 1116 1117 1049 1121
2797 4 2 3 14 1132 1121 1100 1049
2798 4 2 3 14 1078 1125 1088 1053
2799 4 2 3 14 1073 1128 1069 1145
2800 4 2 3 14 1138 1059 1033 1066
2801 4 2 3 14 1099 1134 1059 1062
2802 4 2 3 14 49 410 1079 397
2803 4 2 3 14 450 1097 451 1025
2804 4 2 3 14 1054 1135 1091 1126
2805 4 2 3 14 408 1018 1060 395
2806 4 2 3 14 1098 1144 1124 1026
2807 4 2 3 14 1124 1144 1136 1072
2808 4 2 3 14 403 389 1092 390
2809 4 2 3 14 1123 1113 456 434
2810 4 2 3 14 1120 1040 1023 1112
2811 4 2 3 14 1033 1104 1136 1105
2812 4 2 3 14 1069 1128 1019 1141
2813 4 2 3 14 428 451 1025 450
2814 4 2 3 14 1088 1016 1078 1053
2815 4 2 3 14 1129 391 390 1057
2816 4 2 3 14 1025 1074 1097 1051
2817 4 2 3 14 1141 1128 1145 1069
2818 4 2 3 14 1113 1042 1021 1041
2819 4 2 3 14 1042 1044 1114 1043
2820 4 2 3 14 1130 400 1017 1089
2821 4 2 3 14 1022 465 464 443
2822 4 2 3 14 1120 1048 1034 1024
2823 4 2 3 14 1034 1096 1120 1024
2824 4 2 3 14 1119 1106 1137 1065
2825 4 2 3 14 1065 1119 1034 1047
2826 4 2 3 14 1080 398 47 385
2827 4 2 3 14 411 1152 48 418
2828 4 2 3 14 1135 1054 1091 1063
2829 4 2 3 14 1059 1138 1033 1131
2830 4 2 3 14 1031 1102 1029 1030
2831 4 2 3 14 1031 1102 1103 1029
2832 4 2 3 14 1123 456 455 434
2833 4 2 3 14 1140 1020 389 1068
2834 4 2 3 14 1019 1141 1063 1069
2835 4 2 3 14 1080 47 1152 418
2836 4 2 3 14 451 428 1025 429
2837 4 2 3 14 1111 1127 1135 1055
2838 4 2 3 14 1111 1039 1055 1063
2839 4 2 3 14 1055 1018 1127 1054
2840 4 2 3 14 1018 408 1060 1090
2841 4 2 3 14 412 1015 420 1087
2842 4 2 3 14 441 1096 1101 1029
2843 4 2 3 14 1152 47 48 418
2844 4 2 3 14 1029 1102 1094 1022
2845 4 2 3 14 1101 1102 1094 1029
2846 4 2 3 14 1142 445 1122 1070
2847 4 2 3 14 1050 1070 1122 445
2848 4 2 3 14 1092 389 402 1140
2849 4 2 3 14 1130 387 1017 400
2850 4 2 3 14 1120 1040 1048 1023
2851 4 2 3 14 1052 1087 413 420
2852 4 2 3 14 1130 399 1099 386
2853 4 2 3 14 398 1080 47 1152
2854 4 2 3 14 1151 49 410 1079
2855 4 2 3 14 1115 1114 1116 1044
2856 4 2 3 14 1035 1102 1031 1030
2857 4 2 3 14 1102 1107 1031 1103
2858 4 2 3 14 1042 1114 1093 1043
2859 4 2 3 14 1115 1067 1118 1043
2860 4 2 3 14 1100 409 1060 1028
2861 4 2 3 14 1122 1098 1149 1077
2862 4 2 3 14 1016 1133 1154 1082
2863 4 2 3 14 1094 465 464 1022
2864 4 2 3 14 49 1151 410 50
2865 4 2 3 14 1152 48 47 398
2866 4 2 3 14 1051 1146 1113 1041
2867 4 2 3 14 1040 1112 1145 1069
2868 4 2 3 14 1037 1095 1109 438
2869 4 2 3 14 1118 1043 1067 1046
2870 4 2 3 14 1092 1119 1137 1065
2871 4 2 3 14 1119 1065 1020 1047
2872 4 2 3 14 1092 1057 390 1020
2873 4 2 3 14 1091 1063 1141 1135
2874 4 2 3 14 1134 412 1015 419
2875 4 2 3 14 1067 1118 1046 1039
2876 4 2 3 14 1032 1033 1136 1064
2877 4 2 3 14 1106 1096 1120 1034
2878 4 2 3 14 1147 1040 1120 1112
2879 4 2 3 14 1073 1137 1147 1075
2880 4 2 3 14 1071 1076 1143 1051
2881 4 2 3 14 1148 1123 1143 1051
2882 4 2 3 14 1103 1029 1101 1096
2883 4 2 3 14 1064 1124 1072 1052
2884 4 2 3 14 459 1109 460 438
2885 4 2 3 14 1042 1093 1113 1021
2886 4 2 3 14 1128 1056 1057 1073
2887 4 2 3 14 413 1124 1087 1052
2888 4 2 3 14 1118 1139 1111 1039
2889 4 2 3 14 443 464 1022 442
2890 4 2 3 14 1058 386 1099 1027
2891 4 2 3 14 441 1024 1096 1029
2892 4 2 3 14 1155 1083 444 1036
2893 4 2 3 14 435 458 1093 457
2894 4 2 3 14 434 1041 1113 435
2895 4 2 3 14 1108 444 1155 466
2896 4 2 3 14 444 1108 1155 1036
2897 4 2 3 14 1092 1140 1119 1020
2898 4 2 3 14 455 1051 434 433
2899 4 2 3 14 1030 1104 1022 1032
2900 4 2 3 14 1061 1049 1133 1082
2901 4 2 3 14 1154 1049 1133 1121
2902 4 2 3 14 1104 1030 1033 1032
2903 4 2 3 14 1055 1135 1054 1127
2904 4 2 3 14 1077 1122 1070 1149
2905 4 2 3 14 435 1093 1113 457
2906 4 2 3 14 466 465 1108 444
2907 4 2 3 14 1036 444 1108 443
2908 4 2 3 14 1121 1153 1117 1081
2909 4 2 3 14 1101 441 442 463
2910 4 2 3 14 1128 1129 1145 1073
2911 4 2 3 14 1051 1113 434 1041
2912 4 2 3 14 1075 1120 1040 1048
2913 4 2 3 14 1099 1134 1131 1059
2914 4 2 3 14 1038 1141 1112 1069
2915 4 2 3 14 467 444 1122 445
2916 4 2 3 14 1071 1143 455 1051
2917 4 2 3 14 1143 1123 455 1051
2918 4 2 3 14 1153 1090 1127 1081
2919 4 2 3 14 1064 1124 1136 1072
2920 4 2 3 14 419 1015 1134 1062
2921 4 2 3 14 1026 415 1077 422
2922 4 2 3 14 1097 1053 1074 1025
2923 4 2 3 14 1053 1125 1097 1074
2924 4 2 3 14 1051 1074 1146 1041
2925 4 2 3 14 1122 444 1155 1050
2926 4 2 3 14 1129 1128 1057 1073
2927 4 2 3 14 1079 1061 1151 425
2928 4 2 3 14 415 1149 1098 1077
2929 4 2 3 14 1096 1024 1031 1029
2930 4 2 3 14 1030 1105 1104 1033
2931 4 2 3 14 390 389 1092 1020
2932 4 2 3 14 1026 1077 1098 1050
2933 4 2 3 14 1107 1031 1047 1035
2934 4 2 3 14 1038 1135 1111 1110
2935 4 2 3 14 1135 1038 1111 1063
2936 4 2 3 14 441 1101 442 1029
2937 4 2 3 14 1146 1078 1125 1150
2938 4 2 3 14 1030 1035 1105 1033
2939 4 2 3 14 1112 1110 1141 1038
2940 4 2 3 14 1079 1151 49 425
2941 4 2 3 14 1044 1115 1114 1043
2942 4 2 3 14 1144 1032 1136 1072
2943 4 2 3 14 1111 1139 1127 1055
2944 4 2 3 14 1139 1111 1039 1055
2945 4 2 3 14 1104 1094 1102 1022
2946 4 2 3 14 1154 1088 1133 1016
2947 4 2 3 14 1151 50 49 425
2948 4 2 3 14 1078 1016 1154 1082
2949 4 2 3 14 1053 1078 1125 1074
2950 4 2 3 14 1122 1098 1077 1050
2951 4 2 3 14 1110 1112 1023 1038
2952 4 2 3 14 1074 1146 1097 1051
2953 4 2 3 14 1073 1147 1040 1075
2954 4 2 3 14 1052 1015 1087 420
2955 4 2 3 14 1034 1103 1119 1106
2956 4 2 3 14 1104 1108 1022 1032
2957 4 2 3 14 1032 1144 1136 1104
2958 4 2 3 14 1112 1095 1110 1023
2959 4 2 3 14 386 1130 387 1058
2960 4 2 3 14 1081 1090 1127 1018
2961 4 2 3 14 1105 1102 1107 1035
2962 4 2 3 14 1115 1093 1114 1043
2963 4 2 3 14 463 1101 464 442
2964 4 2 3 14 1102 1029 1030 1022
2965 4 2 3 14 1120 1048 1075 1034
2966 4 2 3 14 1022 1108 465 443
2967 4 2 3 14 1117 1153 1127 1081
2968 4 2 3 14 1092 389 1140 1020
2969 4 2 3 14 1021 1042 1093 1043
2970 4 2 3 14 1076 451 452 1148
2971 4 2 3 14 1112 1040 1038 1069
2972 4 2 3 14 1031 1034 1119 1047
2973 4 2 3 14 1044 1154 1049 1082
2974 4 2 3 14 1103 1034 1119 1031
2975 4 2 3 14 1121 1132 1153 1081
2976 4 2 3 14 1049 1117 1045 1081
2977 4 2 3 14 1122 1149 1142 1070
2978 4 2 3 14 1122 1077 1070 1050
2979 4 2 3 14 1068 1119 1020 1047
2980 4 2 3 14 459 1037 438 437
2981 4 2 3 14 1094 1108 465 1022
2982 4 2 3 14 1040 1023 1112 1038
2983 4 2 3 14 1086 1138 1089 1158
2984 4 2 3 14 1103 1029 1096 1031
2985 4 2 3 14 415 1026 1077 1098
2986 4 2 3 14 1144 1032 1072 1036
2987 4 2 3 14 1041 1021 1113 435
2988 4 2 3 14 1064 1087 1124 1052
2989 4 2 3 14 1076 1025 1148 1051
2990 4 2 3 14 1060 1081 1132 1049
2991 4 2 3 14 1129 1137 1145 1073
2992 4 2 3 14 386 1099 1130 1058
2993 4 2 3 14 1086 1089 1066 1017
2994 4 2 3 14 1108 1094 1104 1022
2995 4 2 3 14 1032 1108 1144 1104
2996 4 2 3 14 444 1050 1122 445
2997 4 2 3 14 1088 1078 1154 1150
2998 4 2 3 14 1075 1106 1120 1034
2999 4 2 3 14 1083 1050 1155 444
3000 4 2 3 14 1147 1145 1137 1073
3001 4 2 3 14 444 1122 1155 466
3002 4 2 3 14 1017 1130 1089 1066
3003 4 2 3 14 1134 412 1087 1015
3004 4 2 3 14 1037 459 438 1109
3005 4 2 3 14 458 435 1093 436
3006 4 2 3 14 1113 1123 1146 1051
3007 4 2 3 14 387 1130 1017 1058
3008 4 2 3 14 1111 1038 1039 1063
3009 4 2 3 14 1133 425 447 1151
3010 4 2 3 14 1137 1129 1057 1073
3011 4 2 3 14 1133 425 1151 1061
3012 4 2 3 14 1138 1105 1035 1033
3013 4 2 3 14 1116 1117 1115 1044
3014 4 2 3 14 1038 1111 1037 1110
3015 4 2 3 14 1044 1114 1150 1078
3016 4 2 3 14 1057 1137 1092 1129
3017 4 2 3 14 467 1142 468 445
3018 4 2 3 14 1136 1087 1124 1064
3019 4 2 3 14 1078 1088 1154 1016
3020 4 2 3 14 1158 1107 1047 1086
3021 4 2 3 14 1016 1061 1133 1082
3022 4 2 3 14 1136 1032 1064 1072
3023 4 2 3 14 1146 1150 1114 1078
3024 4 2 3 14 1093 436 435 1021
3025 4 2 3 14 1031 1119 1107 1047
3026 4 2 3 14 1049 1117 1081 1121
3027 4 2 3 14 1114 1044 1042 1078
3028 4 2 3 14 1125 1146 1097 1074
3029 4 2 3 14 1119 1031 1107 1103
3030 4 2 3 14 1151 447 50 425
3031 4 2 3 14 453 430 1071 431
3032 4 2 3 14 1113 1146 1114 1042
3033 4 2 3 14 435 1093 1021 1113
3034 4 2 3 14 1107 1138 1105 1035
3035 4 2 3 14 1123 1097 1146 1051
3036 4 2 3 14 1089 1158 1068 1086
3037 4 2 3 14 1146 1042 1078 1114
3038 4 2 3 14 429 452 1076 451
3039 4 2 3 14 452 429 1076 430
3040 4 2 3 14 1044 1117 1115 1045
3041 4 2 3 14 1140 1089 1158 1068
3042 4 2 3 14 1045 1117 1127 1081
3043 4 2 3 14 446 468 1142 445
3044 4 2 3 14 1030 1104 1102 1022
3045 4 2 3 14 453 430 452 1071
3046 4 2 3 14 1113 1051 434 1123
3047 4 2 3 14 1102 1105 1104 1030
3048 4 2 3 14 1086 1068 1089 1017
3049 4 2 3 14 1116 1114 1150 1044
3050 4 2 3 14 1087 1064 1015 1052
3051 4 2 3 14 1025 1097 1148 1051
3052 4 2 3 14 1055 1139 1045 1067
3053 4 2 3 14 1078 1146 1125 1074
3054 4 2 3 14 1154 1044 1049 1116
3055 4 2 3 14 1105 1102 1035 1030
3056 4 2 3 14 1018 1127 1081 1055
3057 4 2 3 14 1051 1123 455 434
3058 4 2 3 14 1040 1145 1147 1073
3059 4 2 3 14 1066 1138 1035 1033
3060 4 2 3 14 1065 1057 1092 1020
3061 4 2 3 14 1110 1109 1111 1037
3062 4 2 3 14 444 467 1122 466
3063 4 2 3 14 1149 423 415 416
3064 4 2 3 14 415 423 1077 422
3065 4 2 3 14 1108 1022 1036 443
3066 4 2 3 14 1132 1081 1090 1153
3067 4 2 3 14 423 1149 415 1077
3068 4 2 3 14 1045 1115 1044 1043
3069 4 2 3 14 424 1156 1142 1085
3070 4 2 3 14 1042 1113 1146 1041
3071 4 2 3 14 1111 1038 1037 1039
3072 4 2 3 14 1108 1022 1032 1036
3073 4 2 3 14 1081 1132 1090 1060
3074 4 2 3 14 1156 424 1142 417
3075 4 2 3 14 22 1156 446 23
3076 4 2 3 14 1121 1132 1081 1049
3077 4 2 3 14 1127 1045 1139 1117
3078 4 2 3 14 1156 22 446 1085
3079 4 2 3 14 1127 1045 1081 1055
3080 4 2 3 14 1070 446 1142 445
3081 4 2 3 14 1085 1156 21 424
3082 4 2 3 14 1086 1107 1047 1035
3083 4 2 3 14 1138 1086 1089 1066
3084 4 2 3 14 1089 1130 1138 1066
3085 4 2 3 14 1060 1090 1081 1018
3086 4 2 3 14 24 21 1156 424
3087 4 2 3 14 1154 1121 1116 1049
3088 4 2 3 14 1024 1034 1096 1031
3089 4 2 3 14 28 432 27 1157
3090 4 2 3 14 1156 417 24 424
3091 4 2 3 14 468 1156 23 446
3092 4 2 3 14 1074 1042 1146 1041
3093 4 2 3 14 1017 1130 1066 1058
3094 4 2 3 14 385 1099 1080 398
3095 4 2 3 14 416 1070 423 1264
3096 4 2 3 14 1108 1032 1144 1036
3097 4 2 3 14 1042 1146 1078 1074
3098 4 2 3 14 453 1084 31 431
3099 4 2 3 14 1157 31 32 453
3100 4 2 3 14 1145 1040 1147 1112
3101 4 2 3 14 1025 1148 451 1076
3102 4 2 3 14 1079 410 1028 397
3103 4 2 3 14 1073 1057 1137 1065
3104 4 2 3 14 1099 398 1152 1080
3105 4 2 3 14 1137 1057 1092 1065
3106 4 2 3 14 28 432 1157 454
3107 4 2 3 14 431 1071 453 1084
3108 4 2 3 14 1139 1045 1067 1115
3109 4 2 3 14 1157 432 27 1084
3110 4 2 3 14 1137 1073 1065 1075
3111 4 2 3 14 1084 453 31 1157
3112 4 2 3 14 1096 1106 1103 1034
3113 4 2 3 14 424 1085 1142 1070
3114 4 2 3 14 1061 1151 1028 1079
3115 4 2 3 14 1099 385 1080 1027
3116 4 2 3 14 1086 1107 1138 1158
3117 4 2 3 14 1139 1055 1045 1127
3118 4 2 3 14 1106 1147 1137 1075
3119 4 2 3 14 1028 1151 410 1079
3120 4 2 3 14 1157 1071 1084 453
3121 4 2 3 14 1078 1154 1044 1082
3122 4 2 3 14 1103 1096 1034 1031
3123 4 2 3 14 1156 446 1142 1085
3124 4 2 3 14 1151 1100 1133 1028
3125 4 2 3 14 1070 1149 416 423
3126 4 2 3 14 423 1070 1149 1077
3127 4 2 3 14 1151 1028 410 1100
3128 4 2 3 14 1148 1143 452 1076
3129 4 2 3 14 446 1156 1142 468
3130 4 2 3 14 1097 1148 451 1025
3131 4 2 3 14 1119 1158 1107 1047
3132 4 2 3 14 1139 1045 1115 1117
3133 4 2 3 14 1134 418 1152 411
3134 4 2 3 14 451 1025 1076 429
3135 4 2 3 14 1026 1155 1050 1098
3136 4 2 3 14 416 1142 1070 1264
3137 4 2 3 14 1152 1080 418 1062
3138 4 2 3 14 433 454 1071 432
3139 4 2 3 14 1098 1122 1155 1050
3140 4 2 3 14 453 452 1143 1071
3141 4 2 3 14 1150 1154 1044 1078
3142 4 2 3 14 1071 455 454 433
3143 4 2 3 14 1123 1148 1097 1051
3144 4 2 3 14 1151 1061 1028 1133
3145 4 2 3 14 1043 1045 1115 1067
3146 4 2 3 14 418 1134 1152 1062
3147 4 2 3 14 416 1142 1149 1070
3148 4 2 3 14 1107 1086 1138 1035
3149 4 2 3 14 1116 1150 1154 1044
3150 4 2 3 14 1071 452 1076 430
3151 4 2 3 14 1085 446 1142 1070
3152 4 2 3 14 1157 432 1071 454
3153 4 2 3 14 432 1157 1071 1084
3154 4 2 3 14 1068 1158 1047 1086
3155 4 2 3 14 1068 1119 1158 1140
3156 4 2 3 14 1035 1086 1138 1066
3157 4 2 3 14 1155 1026 1050 1083
3158 4 2 3 14 1080 1099 1062 1152
3159 4 2 3 14 1144 1072 1026 1083
3160 4 2 3 14 1099 1080 1062 1027
3161 4 2 3 14 1157 1071 453 1143
3162 4 2 3 14 1134 1099 1152 1062
3163 4 2 3 14 1144 1098 1155 1026
3164 4 2 3 14 455 1071 454 1143
3165 4 2 3 14 1065 1106 1075 1034
3166 4 2 3 14 1106 1065 1075 1137
3167 4 2 3 14 1144 1072 1083 1036
3168 4 2 3 14 454 1071 1157 1143
3169 4 2 3 14 1076 1143 452 1071
3170 4 2 3 14 1026 1155 1144 1083
3171 4 2 3 14 1119 1068 1158 1047
3172 4 2 3 14 1155 1144 1083 1036
3173 4 2 3 14 1144 1155 1108 1036
3174 4 2 3 14 21 23 1156 22
3175 4 2 3 14 1156 21 22 1085
3176 4 2 3 14 23 21 1156 24
3177 4 2 3 14 28 31 1157 27
3178 4 2 3 14 31 28 1157 32
3179 4 2 3 14 27 31 1157 1084
3180 4 2 3 14 1070 424 423 1264
3181 4 2 3 14 1022 1029 442 1263
3182 4 2 3 14 1053 427 428 1261
3183 4 2 3 14 393 1054 1019 1262
3184 4 2 3 14 464 1101 1094 1263
3185 4 2 3 14 1125 450 449 1261
3186 4 2 3 14 1024 440 441 1260
3187 4 2 3 14 462 1096 463 1260
3188 4 2 3 14 417 1142 416 1264
3189 4 2 3 14 1126 406 1091 1262
3190 4 2 3 15 1216 468 446 1267
3191 4 2 3 15 1216 446 1182 1267
3192 4 2 3 15 468 467 445 1267
3193 4 2 3 15 220 1193 1159 1265
3194 4 2 3 15 446 468 445 1267
3195 4 2 3 15 209 1159 1193 1265
3196 4 2 3 15 432 28 27 1266
3197 4 2 3 15 220 1159 208 1265
3198 4 2 3 15 28 432 454 1266
3199 4 2 3 15 209 1193 221 1265
3200 4 2 3 15 454 432 214 1266
3201 4 2 3 15 27 28 226 1266
3202 4 2 3 15 221 220 208 1265
3203 4 2 3 15 214 226 454 1266
3204 4 2 3 15 209 221 208 1265
3205 4 2 3 15 445 467 1182 1267
3206 4 2 3 15 226 214 27 1266
3207 4 2 3 15 467 1216 1182 1267
3208 4 2 3 15 1159 1202 1203 1193
3209 4 2 3 15 1173 1193 1203 1207
3210 4 2 3 15 1159 1203 1173 1193
3211 4 2 3 15 1202 1159 1203 1168
3212 4 2 3 15 1201 1159 1168 1167
3213 4 2 3 15 1203 1159 1169 1168
3214 4 2 3 15 1198 1178 1222 1212
3215 4 2 3 15 1202 1201 1193 1159
3216 4 2 3 15 1159 1201 220 1167
3217 4 2 3 15 1192 457 456 1226
3218 4 2 3 15 1193 1201 220 1159
3219 4 2 3 15 1207 1193 209 1173
3220 4 2 3 15 1163 1197 1206 1175
3221 4 2 3 15 1203 1159 1173 1169
3222 4 2 3 15 1222 1188 1178 1164
3223 4 2 3 15 1159 209 1193 1173
3224 4 2 3 15 1159 1202 1201 1168
3225 4 2 3 15 212 1222 1164 1188
3226 4 2 3 15 1172 1194 1170 1206
3227 4 2 3 15 1198 212 224 1222
3228 4 2 3 15 1187 205 1221 1163
3229 4 2 3 15 1178 1198 1222 1164
3230 4 2 3 15 1185 1202 1203 1168
3231 4 2 3 15 1197 1209 1206 1175
3232 4 2 3 15 1198 212 1222 1164
3233 4 2 3 15 1175 1206 1163 1172
3234 4 2 3 15 1159 220 208 1167
3235 4 2 3 15 1163 1214 1221 1180
3236 4 2 3 15 1203 1219 1202 1185
3237 4 2 3 15 1169 1185 1203 1168
3238 4 2 3 15 1166 1212 1222 1178
3239 4 2 3 15 1219 1203 1179 1185
3240 4 2 3 15 1204 1205 1194 1171
3241 4 2 3 15 1219 1196 1218 1184
3242 4 2 3 15 1196 1219 1162 1184
3243 4 2 3 15 1185 1203 1179 1169
3244 4 2 3 15 1221 1187 1163 1180
3245 4 2 3 15 1197 205 1221 217
3246 4 2 3 15 463 441 442 1160
3247 4 2 3 15 1165 1221 1214 1180
3248 4 2 3 15 1178 1222 1166 1188
3249 4 2 3 15 1161 1213 1208 1179
3250 4 2 3 15 1193 209 221 1207
3251 4 2 3 15 1212 1166 1222 1200
3252 4 2 3 15 1164 1177 1198 1176
3253 4 2 3 15 1221 1165 1187 1180
3254 4 2 3 15 1171 1202 1185 1168
3255 4 2 3 15 1211 1195 1208 1177
3256 4 2 3 15 215 23 22 446
3257 4 2 3 15 1165 445 1199 1182
3258 4 2 3 15 1199 1221 1214 1165
3259 4 2 3 15 454 1215 214 1181
3260 4 2 3 15 432 454 214 1181
3261 4 2 3 15 1181 454 1215 433
3262 4 2 3 15 1181 432 454 433
3263 4 2 3 15 1219 1205 1202 1185
3264 4 2 3 15 1216 468 215 446
3265 4 2 3 15 203 1216 446 1182
3266 4 2 3 15 1218 1205 1219 1184
3267 4 2 3 15 1186 1220 442 1160
3268 4 2 3 15 1221 204 205 1187
3269 4 2 3 15 1200 1226 1212 1192
3270 4 2 3 15 205 1197 1221 1163
3271 4 2 3 15 1196 1219 1179 1162
3272 4 2 3 15 1177 1210 1198 1176
3273 4 2 3 15 1172 1214 1163 1180
3274 4 2 3 15 1204 1194 1206 1170
3275 4 2 3 15 1194 1172 1170 1160
3276 4 2 3 15 1222 212 213 1188
3277 4 2 3 15 439 1218 1196 1184
3278 4 2 3 15 1196 1162 439 1184
3279 4 2 3 15 455 1215 454 433
3280 4 2 3 15 1212 1211 1198 1178
3281 4 2 3 15 1221 1197 1214 1163
3282 4 2 3 15 205 216 1221 217
3283 4 2 3 15 1219 1203 1213 1179
3284 4 2 3 15 1219 1185 1162 1184
3285 4 2 3 15 467 1199 445 1182
3286 4 2 3 15 23 215 468 446
3287 4 2 3 15 442 464 463 1160
3288 4 2 3 15 1205 1202 1185 1171
3289 4 2 3 15 1200 1181 433 1166
3290 4 2 3 15 1222 212 224 213
3291 4 2 3 15 1189 1194 463 1223
3292 4 2 3 15 1205 1223 1194 1189
3293 4 2 3 15 1166 1222 1181 1188
3294 4 2 3 15 1166 1222 1200 1181
3295 4 2 3 15 1215 214 226 454
3296 4 2 3 15 1216 203 446 215
3297 4 2 3 15 1199 467 1216 1182
3298 4 2 3 15 1196 1162 438 439
3299 4 2 3 15 1185 1219 1205 1184
3300 4 2 3 15 1221 1165 1182 1187
3301 4 2 3 15 1171 1160 1194 1170
3302 4 2 3 15 1171 1194 1204 1170
3303 4 2 3 15 442 1220 464 1160
3304 4 2 3 15 1185 1179 1219 1162
3305 4 2 3 15 1195 1211 1217 1183
3306 4 2 3 15 1165 1221 1182 1199
3307 4 2 3 15 203 215 22 446
3308 4 2 3 15 1197 1206 1214 1163
3309 4 2 3 15 1198 1178 1177 1164
3310 4 2 3 15 464 1194 463 1160
3311 4 2 3 15 1200 433 434 1166
3312 4 2 3 15 1172 1220 1186 1160
3313 4 2 3 15 1191 1225 1214 1165
3314 4 2 3 15 1205 1218 1223 1189
3315 4 2 3 15 1201 1168 1170 1167
3316 4 2 3 15 1187 1221 204 1182
3317 4 2 3 15 1175 1209 1206 1170
3318 4 2 3 15 1210 1177 1198 1211
3319 4 2 3 15 1222 213 1181 1188
3320 4 2 3 15 1172 1175 1206 1170
3321 4 2 3 15 1194 1220 1206 1172
3322 4 2 3 15 1171 1185 1205 1184
3323 4 2 3 15 1170 1209 1201 1167
3324 4 2 3 15 1181 1200 433 1215
3325 4 2 3 15 1218 439 1196 461
3326 4 2 3 15 1225 1214 1220 1191
3327 4 2 3 15 1161 1208 1177 1174
3328 4 2 3 15 1177 1195 1208 1161
3329 4 2 3 15 1222 1181 1215 1200
3330 4 2 3 15 1168 1201 1170 1202
3331 4 2 3 15 1194 464 1220 1160
3332 4 2 3 15 460 1196 438 439
3333 4 2 3 15 1217 1192 1212 1226
3334 4 2 3 15 434 455 1200 456
3335 4 2 3 15 217 206 1197 205
3336 4 2 3 15 1214 1172 1163 1206
3337 4 2 3 15 1208 1161 1179 1174
3338 4 2 3 15 1195 1213 1208 1161
3339 4 2 3 15 216 205 1221 204
3340 4 2 3 15 1215 455 1200 433
3341 4 2 3 15 1196 1219 1213 1179
3342 4 2 3 15 457 1192 456 435
3343 4 2 3 15 1218 439 440 1184
3344 4 2 3 15 1222 213 224 225
3345 4 2 3 15 1195 1224 1213 1190
3346 4 2 3 15 1199 1216 1221 1182
3347 4 2 3 15 1196 460 461 439
3348 4 2 3 15 435 458 457 1183
3349 4 2 3 15 1197 205 206 1163
3350 4 2 3 15 1212 1211 1178 1183
3351 4 2 3 15 1192 456 435 434
3352 4 2 3 15 1195 1211 1183 1177
3353 4 2 3 15 213 1215 1222 1181
3354 4 2 3 15 458 457 1183 1217
3355 4 2 3 15 1205 1218 1189 1184
3356 4 2 3 15 1221 1216 204 1182
3357 4 2 3 15 1173 1207 1203 1174
3358 4 2 3 15 1207 1176 1174 1173
3359 4 2 3 15 220 219 1167 1201
3360 4 2 3 15 433 1200 434 455
3361 4 2 3 15 1183 1195 458 1217
3362 4 2 3 15 1186 1180 1214 1172
3363 4 2 3 15 1189 463 440 1223
3364 4 2 3 15 1166 1192 1212 1178
3365 4 2 3 15 1167 219 1209 1201
3366 4 2 3 15 1170 1175 1209 1167
3367 4 2 3 15 212 223 1198 224
3368 4 2 3 15 1204 1206 1209 1170
3369 4 2 3 15 1178 1211 1198 1177
3370 4 2 3 15 1198 211 212 1164
3371 4 2 3 15 1207 210 1176 1173
3372 4 2 3 15 1202 1171 1170 1168
3373 4 2 3 15 1194 1220 1172 1160
3374 4 2 3 15 1207 209 210 1173
3375 4 2 3 15 1192 1212 1200 1166
3376 4 2 3 15 1203 1173 1174 1169
3377 4 2 3 15 1215 213 1222 225
3378 4 2 3 15 1226 457 1217 1192
3379 4 2 3 15 1176 1207 1174 1210
3380 4 2 3 15 463 441 1160 1189
3381 4 2 3 15 1189 1194 1205 1171
3382 4 2 3 15 1214 1191 1165 1180
3383 4 2 3 15 1216 204 216 1221
3384 4 2 3 15 440 1223 1218 1189
3385 4 2 3 15 1163 206 1197 1175
3386 4 2 3 15 208 219 1167 220
3387 4 2 3 15 1199 444 445 1165
3388 4 2 3 15 1211 1212 1217 1183
3389 4 2 3 15 439 461 1218 440
3390 4 2 3 15 1176 1177 1210 1174
3391 4 2 3 15 1200 1192 456 1226
3392 4 2 3 15 1203 1174 1179 1169
3393 4 2 3 15 1225 1199 1214 1165
3394 4 2 3 15 1215 213 214 1181
3395 4 2 3 15 1210 1207 222 1176
3396 4 2 3 15 1216 203 204 1182
3397 4 2 3 15 1202 1205 1204 1171
3398 4 2 3 15 1180 1214 1191 1186
3399 4 2 3 15 207 1209 1175 1167
3400 4 2 3 15 1209 1197 206 1175
3401 4 2 3 15 444 467 1199 445
3402 4 2 3 15 1164 1198 211 1176
3403 4 2 3 15 1171 1205 1189 1184
3404 4 2 3 15 436 1195 458 1183
3405 4 2 3 15 210 221 209 1207
3406 4 2 3 15 1214 1220 1186 1172
3407 4 2 3 15 1201 1170 1202 1204
3408 4 2 3 15 435 458 1183 436
3409 4 2 3 15 461 462 1218 440
3410 4 2 3 15 1201 1204 1209 1170
3411 4 2 3 15 1177 1183 1195 1161
3412 4 2 3 15 1198 1210 211 1176
3413 4 2 3 15 225 213 214 1215
3414 4 2 3 15 1220 1214 1206 1172
3415 4 2 3 15 1213 1161 1190 1179
3416 4 2 3 15 1178 1192 1212 1183
3417 4 2 3 15 226 225 214 1215
3418 4 2 3 15 215 204 216 1216
3419 4 2 3 15 1190 1213 1196 1224
3420 4 2 3 15 1189 1218 440 1184
3421 4 2 3 15 443 444 1225 1191
3422 4 2 3 15 1203 1179 1208 1213
3423 4 2 3 15 215 204 1216 203
3424 4 2 3 15 442 443 1220 1186
3425 4 2 3 15 1208 1177 1210 1211
3426 4 2 3 15 1211 1178 1183 1177
3427 4 2 3 15 1196 1179 1190 1162
3428 4 2 3 15 217 206 218 1197
3429 4 2 3 15 1194 1189 463 1160
3430 4 2 3 15 1189 1160 1194 1171
3431 4 2 3 15 443 464 1220 465
3432 4 2 3 15 438 1190 1224 437
3433 4 2 3 15 443 1225 1220 1191
3434 4 2 3 15 1214 1220 1191 1186
3435 4 2 3 15 1171 1204 1202 1170
3436 4 2 3 15 463 1189 440 441
3437 4 2 3 15 1192 1217 1212 1183
3438 4 2 3 15 436 459 1195 437
3439 4 2 3 15 459 436 1195 458
3440 4 2 3 15 1190 1195 1224 437
3441 4 2 3 15 1190 1196 438 1224
3442 4 2 3 15 464 443 1220 442
3443 4 2 3 15 436 1195 1183 1161
3444 4 2 3 15 1197 206 218 1209
3445 4 2 3 15 440 463 462 1223
3446 4 2 3 15 1190 1196 1162 438
3447 4 2 3 15 438 459 1224 460
3448 4 2 3 15 211 1198 212 223
3449 4 2 3 15 219 208 1167 207
3450 4 2 3 15 1207 1208 1203 1174
3451 4 2 3 15 1208 1207 1210 1174
3452 4 2 3 15 1200 434 1192 1166
3453 4 2 3 15 1167 219 207 1209
3454 4 2 3 15 1177 1208 1210 1174
3455 4 2 3 15 1223 1218 462 440
3456 4 2 3 15 1161 1213 1190 1195
3457 4 2 3 15 1174 1203 1179 1208
3458 4 2 3 15 457 1192 435 1183
3459 4 2 3 15 1213 1190 1196 1179
3460 4 2 3 15 460 1196 1224 438
3461 4 2 3 15 444 467 466 1199
3462 4 2 3 15 206 207 1209 1175
3463 4 2 3 15 1192 457 1217 1183
3464 4 2 3 15 210 1207 1176 222
3465 4 2 3 15 222 221 210 1207
3466 4 2 3 15 1210 222 211 1176
3467 4 2 3 15 1200 434 456 1192
3468 4 2 3 15 1210 211 223 1198
3469 4 2 3 15 437 1195 436 1161
3470 4 2 3 15 1191 444 1225 1165
3471 4 2 3 15 459 438 1224 437
3472 4 2 3 15 465 444 1225 443
3473 4 2 3 15 459 1224 1195 437
3474 4 2 3 15 1191 1220 443 1186
3475 4 2 3 15 218 207 1209 206
3476 4 2 3 15 1225 443 1220 465
3477 4 2 3 15 218 207 219 1209
3478 4 2 3 15 444 1199 1225 1165
3479 4 2 3 15 223 222 211 1210
3480 4 2 3 15 1190 1161 1195 437
3481 4 2 3 15 444 465 1225 466
3482 4 2 3 15 210 211 222 1176
3483 4 2 3 15 1199 444 1225 466
3484 4 2 3 15 208 1159 209 1265
3485 4 2 3 15 467 468 1216 1267
3486 4 2 3 15 226 28 454 1266
3487 4 2 3 15 445 1182 446 1267
3488 4 2 3 15 214 432 27 1266
3489 4 2 3 15 221 1193 220 1265
3490 4 2 3 16 1232 476 473 1228
3491 4 2 3 16 301 1228 314 1232
3492 4 2 3 16 1228 301 314 313
3493 4 2 3 16 301 314 302 1232
3494 4 2 3 16 310 299 1227 311
3495 4 2 3 16 476 1232 473 474
3496 4 2 3 16 472 469 1227 470
3497 4 2 3 16 473 476 475 1228
3498 4 2 3 16 52 470 1233 1230
3499 4 2 3 16 473 1229 51 1234
3500 4 2 3 16 301 1234 300 1229
3501 4 2 3 16 312 1233 311 1230
3502 4 2 3 16 51 470 1233 52
3503 4 2 3 16 51 1229 475 52
3504 4 2 3 16 51 470 472 1233
3505 4 2 3 16 1229 473 51 475
3506 4 2 3 16 301 313 1229 312
3507 4 2 3 16 1229 300 301 312
3508 4 2 3 16 1233 312 311 300
3509 4 2 3 16 300 1233 299 311
3510 4 2 3 16 310 36 469 298
3511 4 2 3 16 37 314 476 302
3512 4 2 3 16 469 36 471 298
3513 4 2 3 16 37 476 474 302
3514 4 2 3 16 314 37 476 38
3515 4 2 3 16 36 310 469 35
3516 4 2 3 16 52 1233 312 1230
3517 4 2 3 16 1229 300 51 1234
3518 4 2 3 16 473 301 1232 1228
3519 4 2 3 16 1227 472 299 1231
3520 4 2 3 16 1233 1230 470 311
3521 4 2 3 16 301 473 1234 1229
3522 4 2 3 16 300 1229 51 312
3523 4 2 3 16 51 1233 300 312
3524 4 2 3 16 1229 52 51 312
3525 4 2 3 16 1233 52 312 51
3526 4 2 3 16 473 313 1229 301
3527 4 2 3 16 470 299 1233 311
3528 4 2 3 16 313 473 1229 475
3529 4 2 3 16 473 301 1228 313
3530 4 2 3 16 314 476 1232 1228
3531 4 2 3 16 299 470 1233 472
3532 4 2 3 16 1227 299 470 311
3533 4 2 3 16 313 1228 473 475
3534 4 2 3 16 472 1227 299 470
3535 4 2 3 16 302 476 1232 314
3536 4 2 3 16 476 302 1232 474
3537 4 2 3 16 472 1231 469 471
3538 4 2 3 16 472 469 1231 1227
3539 4 2 3 16 298 469 1231 471
3540 4 2 3 16 469 1231 310 298
3541 4 2 3 16 469 310 1231 1227
3542 4 2 3 16 299 310 1231 298
3543 4 2 3 16 299 1231 310 1227
$EndElements
