ISO-10303-21;
HEADER;
FILE_DESCRIPTION(('Open CASCADE Model'),'2;1');
FILE_NAME('Open CASCADE Shape Model','2026-10-04T18:12:26',('Author'),(
    'Open CASCADE'),'Open CASCADE STEP processor 7.8','Open CASCADE 7.8'
  ,'Unknown');
FILE_SCHEMA(('AUTOMOTIVE_DESIGN { 1 0 10303 214 1 1 1 1 }'));
ENDSEC;
DATA;
#1 = APPLICATION_PROTOCOL_DEFINITION('international standard',
  'automotive_design',2000,#2);
#2 = APPLICATION_CONTEXT(
  'core data for automotive mechanical design processes');
#3 = SHAPE_DEFINITION_REPRESENTATION(#4,#10);
#4 = PRODUCT_DEFINITION_SHAPE('','',#5);
#5 = PRODUCT_DEFINITION('design','',#6,#9);
#6 = PRODUCT_DEFINITION_FORMATION('','',#7);
#7 = PRODUCT('PR1-section','PR1-section','',(#8));
#8 = PRODUCT_CONTEXT('',#2,'mechanical');
#9 = PRODUCT_DEFINITION_CONTEXT('part definition',#2,'design');
#10 = SHAPE_REPRESENTATION('',(#11,#15,#19,#23,#27,#31,#35,#39,#43,#47,
    #51,#55,#59,#63,#67,#71,#75,#79,#83,#87),#91);
#11 = AXIS2_PLACEMENT_3D('',#12,#13,#14);
#12 = CARTESIAN_POINT('',(0.,0.,0.));
#13 = DIRECTION('',(0.,0.,1.));
#14 = DIRECTION('',(1.,0.,-0.));
#15 = AXIS2_PLACEMENT_3D('',#16,#17,#18);
#16 = CARTESIAN_POINT('',(0.,0.,0.));
#17 = DIRECTION('',(0.,0.,1.));
#18 = DIRECTION('',(1.,0.,-0.));
#19 = AXIS2_PLACEMENT_3D('',#20,#21,#22);
#20 = CARTESIAN_POINT('',(0.,0.,0.));
#21 = DIRECTION('',(0.,0.,1.));
#22 = DIRECTION('',(1.,0.,-0.));
#23 = AXIS2_PLACEMENT_3D('',#24,#25,#26);
#24 = CARTESIAN_POINT('',(0.,0.,0.));
#25 = DIRECTION('',(0.,0.,1.));
#26 = DIRECTION('',(1.,0.,-0.));
#27 = AXIS2_PLACEMENT_3D('',#28,#29,#30);
#28 = CARTESIAN_POINT('',(0.,0.,0.));
#29 = DIRECTION('',(0.,0.,1.));
#30 = DIRECTION('',(1.,0.,-0.));
#31 = AXIS2_PLACEMENT_3D('',#32,#33,#34);
#32 = CARTESIAN_POINT('',(0.,0.,0.));
#33 = DIRECTION('',(0.,0.,1.));
#34 = DIRECTION('',(1.,0.,-0.));
#35 = AXIS2_PLACEMENT_3D('',#36,#37,#38);
#36 = CARTESIAN_POINT('',(0.,0.,0.));
#37 = DIRECTION('',(0.,0.,1.));
#38 = DIRECTION('',(1.,0.,-0.));
#39 = AXIS2_PLACEMENT_3D('',#40,#41,#42);
#40 = CARTESIAN_POINT('',(0.,0.,0.));
#41 = DIRECTION('',(0.,0.,1.));
#42 = DIRECTION('',(1.,0.,-0.));
#43 = AXIS2_PLACEMENT_3D('',#44,#45,#46);
#44 = CARTESIAN_POINT('',(0.,0.,0.));
#45 = DIRECTION('',(0.,0.,1.));
#46 = DIRECTION('',(1.,0.,-0.));
#47 = AXIS2_PLACEMENT_3D('',#48,#49,#50);
#48 = CARTESIAN_POINT('',(0.,0.,0.));
#49 = DIRECTION('',(0.,0.,1.));
#50 = DIRECTION('',(1.,0.,-0.));
#51 = AXIS2_PLACEMENT_3D('',#52,#53,#54);
#52 = CARTESIAN_POINT('',(0.,0.,0.));
#53 = DIRECTION('',(0.,0.,1.));
#54 = DIRECTION('',(1.,0.,-0.));
#55 = AXIS2_PLACEMENT_3D('',#56,#57,#58);
#56 = CARTESIAN_POINT('',(0.,0.,0.));
#57 = DIRECTION('',(0.,0.,1.));
#58 = DIRECTION('',(1.,0.,-0.));
#59 = AXIS2_PLACEMENT_3D('',#60,#61,#62);
#60 = CARTESIAN_POINT('',(0.,0.,0.));
#61 = DIRECTION('',(0.,0.,1.));
#62 = DIRECTION('',(1.,0.,-0.));
#63 = AXIS2_PLACEMENT_3D('',#64,#65,#66);
#64 = CARTESIAN_POINT('',(0.,0.,0.));
#65 = DIRECTION('',(0.,0.,1.));
#66 = DIRECTION('',(1.,0.,-0.));
#67 = AXIS2_PLACEMENT_3D('',#68,#69,#70);
#68 = CARTESIAN_POINT('',(0.,0.,0.));
#69 = DIRECTION('',(0.,0.,1.));
#70 = DIRECTION('',(1.,0.,-0.));
#71 = AXIS2_PLACEMENT_3D('',#72,#73,#74);
#72 = CARTESIAN_POINT('',(0.,0.,0.));
#73 = DIRECTION('',(0.,0.,1.));
#74 = DIRECTION('',(1.,0.,-0.));
#75 = AXIS2_PLACEMENT_3D('',#76,#77,#78);
#76 = CARTESIAN_POINT('',(0.,0.,0.));
#77 = DIRECTION('',(0.,0.,1.));
#78 = DIRECTION('',(1.,0.,-0.));
#79 = AXIS2_PLACEMENT_3D('',#80,#81,#82);
#80 = CARTESIAN_POINT('',(0.,0.,0.));
#81 = DIRECTION('',(0.,0.,1.));
#82 = DIRECTION('',(1.,0.,-0.));
#83 = AXIS2_PLACEMENT_3D('',#84,#85,#86);
#84 = CARTESIAN_POINT('',(0.,0.,0.));
#85 = DIRECTION('',(0.,0.,1.));
#86 = DIRECTION('',(1.,0.,-0.));
#87 = AXIS2_PLACEMENT_3D('',#88,#89,#90);
#88 = CARTESIAN_POINT('',(0.,0.,0.));
#89 = DIRECTION('',(0.,0.,1.));
#90 = DIRECTION('',(1.,0.,-0.));
#91 = ( GEOMETRIC_REPRESENTATION_CONTEXT(3)
GLOBAL_UNCERTAINTY_ASSIGNED_CONTEXT((#95)) GLOBAL_UNIT_ASSIGNED_CONTEXT(
(#92,#93,#94)) REPRESENTATION_CONTEXT('Context #1',
  '3D Context with UNIT and UNCERTAINTY') );
#92 = ( LENGTH_UNIT() NAMED_UNIT(*) SI_UNIT(.MILLI.,.METRE.) );
#93 = ( NAMED_UNIT(*) PLANE_ANGLE_UNIT() SI_UNIT($,.RADIAN.) );
#94 = ( NAMED_UNIT(*) SI_UNIT($,.STERADIAN.) SOLID_ANGLE_UNIT() );
#95 = UNCERTAINTY_MEASURE_WITH_UNIT(LENGTH_MEASURE(1.E-07),#92,
  'distance_accuracy_value','confusion accuracy');
#96 = PRODUCT_RELATED_PRODUCT_CATEGORY('part',$,(#7));
#97 = SHAPE_DEFINITION_REPRESENTATION(#98,#104);
#98 = PRODUCT_DEFINITION_SHAPE('','',#99);
#99 = PRODUCT_DEFINITION('design','',#100,#103);
#100 = PRODUCT_DEFINITION_FORMATION('','',#101);
#101 = PRODUCT('body_with_independent_flange',
  'body_with_independent_flange','',(#102));
#102 = PRODUCT_CONTEXT('',#2,'mechanical');
#103 = PRODUCT_DEFINITION_CONTEXT('part definition',#2,'design');
#104 = ADVANCED_BREP_SHAPE_REPRESENTATION('',(#11,#105),#1935);
#105 = MANIFOLD_SOLID_BREP('',#106);
#106 = CLOSED_SHELL('',(#107,#394,#555,#639,#644,#743,#767,#1047,#1189,
    #1434,#1479,#1507,#1540,#1568,#1596,#1624,#1652,#1680,#1708,#1740,
    #1847,#1874,#1901,#1908));
#107 = ADVANCED_FACE('',(#108),#123,.T.);
#108 = FACE_BOUND('',#109,.F.);
#109 = EDGE_LOOP('',(#110,#146,#174,#207,#233,#266,#292,#316,#342,#375)
  );
#110 = ORIENTED_EDGE('',*,*,#111,.F.);
#111 = EDGE_CURVE('',#112,#114,#116,.T.);
#112 = VERTEX_POINT('',#113);
#113 = CARTESIAN_POINT('',(10.,0.,-25.));
#114 = VERTEX_POINT('',#115);
#115 = CARTESIAN_POINT('',(6.018765166532,7.985891676584,-25.));
#116 = SURFACE_CURVE('',#117,(#122,#134),.PCURVE_S1.);
#117 = CIRCLE('',#118,10.);
#118 = AXIS2_PLACEMENT_3D('',#119,#120,#121);
#119 = CARTESIAN_POINT('',(0.,0.,-25.));
#120 = DIRECTION('',(0.,0.,1.));
#121 = DIRECTION('',(1.,0.,0.));
#122 = PCURVE('',#123,#128);
#123 = CYLINDRICAL_SURFACE('',#124,10.);
#124 = AXIS2_PLACEMENT_3D('',#125,#126,#127);
#125 = CARTESIAN_POINT('',(0.,0.,-25.));
#126 = DIRECTION('',(-0.,-0.,-1.));
#127 = DIRECTION('',(1.,0.,0.));
#128 = DEFINITIONAL_REPRESENTATION('',(#129),#133);
#129 = LINE('',#130,#131);
#130 = CARTESIAN_POINT('',(-0.,0.));
#131 = VECTOR('',#132,1.);
#132 = DIRECTION('',(-1.,0.));
#133 = ( GEOMETRIC_REPRESENTATION_CONTEXT(2)
PARAMETRIC_REPRESENTATION_CONTEXT() REPRESENTATION_CONTEXT('2D SPACE',''
  ) );
#134 = PCURVE('',#135,#140);
#135 = PLANE('',#136);
#136 = AXIS2_PLACEMENT_3D('',#137,#138,#139);
#137 = CARTESIAN_POINT('',(-8.415016200243E-16,1.152322960418E-15,-25.)
  );
#138 = DIRECTION('',(0.,0.,1.));
#139 = DIRECTION('',(1.,0.,-0.));
#140 = DEFINITIONAL_REPRESENTATION('',(#141),#145);
#141 = CIRCLE('',#142,10.);
#142 = AXIS2_PLACEMENT_2D('',#143,#144);
#143 = CARTESIAN_POINT('',(8.415016200243E-16,-1.152322960418E-15));
#144 = DIRECTION('',(1.,0.));
#145 = ( GEOMETRIC_REPRESENTATION_CONTEXT(2)
PARAMETRIC_REPRESENTATION_CONTEXT() REPRESENTATION_CONTEXT('2D SPACE',''
  ) );
#146 = ORIENTED_EDGE('',*,*,#147,.T.);
#147 = EDGE_CURVE('',#112,#148,#150,.T.);
#148 = VERTEX_POINT('',#149);
#149 = CARTESIAN_POINT('',(10.,0.,-22.));
#150 = SURFACE_CURVE('',#151,(#155,#162),.PCURVE_S1.);
#151 = LINE('',#152,#153);
#152 = CARTESIAN_POINT('',(10.,0.,-25.));
#153 = VECTOR('',#154,1.);
#154 = DIRECTION('',(0.,0.,1.));
#155 = PCURVE('',#123,#156);
#156 = DEFINITIONAL_REPRESENTATION('',(#157),#161);
#157 = LINE('',#158,#159);
#158 = CARTESIAN_POINT('',(-0.,0.));
#159 = VECTOR('',#160,1.);
#160 = DIRECTION('',(-0.,-1.));
#161 = ( GEOMETRIC_REPRESENTATION_CONTEXT(2)
PARAMETRIC_REPRESENTATION_CONTEXT() REPRESENTATION_CONTEXT('2D SPACE',''
  ) );
#162 = PCURVE('',#163,#168);
#163 = PLANE('',#164);
#164 = AXIS2_PLACEMENT_3D('',#165,#166,#167);
#165 = CARTESIAN_POINT('',(-40.,0.,-80.));
#166 = DIRECTION('',(0.,1.,0.));
#167 = DIRECTION('',(0.,0.,1.));
#168 = DEFINITIONAL_REPRESENTATION('',(#169),#173);
#169 = LINE('',#170,#171);
#170 = CARTESIAN_POINT('',(55.,50.));
#171 = VECTOR('',#172,1.);
#172 = DIRECTION('',(1.,0.));
#173 = ( GEOMETRIC_REPRESENTATION_CONTEXT(2)
PARAMETRIC_REPRESENTATION_CONTEXT() REPRESENTATION_CONTEXT('2D SPACE',''
  ) );
#174 = ORIENTED_EDGE('',*,*,#175,.F.);
#175 = EDGE_CURVE('',#176,#148,#178,.T.);
#176 = VERTEX_POINT('',#177);
#177 = CARTESIAN_POINT('',(-10.,-1.224646799147E-15,-22.));
#178 = SURFACE_CURVE('',#179,(#184,#191),.PCURVE_S1.);
#179 = CIRCLE('',#180,10.);
#180 = AXIS2_PLACEMENT_3D('',#181,#182,#183);
#181 = CARTESIAN_POINT('',(0.,0.,-22.));
#182 = DIRECTION('',(0.,0.,-1.));
#183 = DIRECTION('',(1.,0.,0.));
#184 = PCURVE('',#123,#185);
#185 = DEFINITIONAL_REPRESENTATION('',(#186),#190);
#186 = LINE('',#187,#188);
#187 = CARTESIAN_POINT('',(-6.28318530718,-3.));
#188 = VECTOR('',#189,1.);
#189 = DIRECTION('',(1.,-0.));
#190 = ( GEOMETRIC_REPRESENTATION_CONTEXT(2)
PARAMETRIC_REPRESENTATION_CONTEXT() REPRESENTATION_CONTEXT('2D SPACE',''
  ) );
#191 = PCURVE('',#192,#197);
#192 = PLANE('',#193);
#193 = AXIS2_PLACEMENT_3D('',#194,#195,#196);
#194 = CARTESIAN_POINT('',(-1.025580099405E-15,1.398015239264E-15,-22.)
  );
#195 = DIRECTION('',(0.,0.,1.));
#196 = DIRECTION('',(1.,0.,-0.));
#197 = DEFINITIONAL_REPRESENTATION('',(#198),#206);
#198 = ( BOUNDED_CURVE() B_SPLINE_CURVE(2,(#199,#200,#201,#202,#203,#204
,#205),.UNSPECIFIED.,.T.,.F.) B_SPLINE_CURVE_WITH_KNOTS((1,2,2,2,2,1),(
    -2.094395102393,0.,2.094395102393,4.188790204786,6.28318530718,
8.377580409573),.UNSPECIFIED.) CURVE() GEOMETRIC_REPRESENTATION_ITEM()
RATIONAL_B_SPLINE_CURVE((1.,0.5,1.,0.5,1.,0.5,1.)) REPRESENTATION_ITEM(
  '') );
#199 = CARTESIAN_POINT('',(10.,-1.398015239264E-15));
#200 = CARTESIAN_POINT('',(10.,-17.32050807568));
#201 = CARTESIAN_POINT('',(-5.,-8.660254037844));
#202 = CARTESIAN_POINT('',(-20.,-3.847308837559E-15));
#203 = CARTESIAN_POINT('',(-5.,8.660254037844));
#204 = CARTESIAN_POINT('',(10.,17.320508075689));
#205 = CARTESIAN_POINT('',(10.,-1.398015239264E-15));
#206 = ( GEOMETRIC_REPRESENTATION_CONTEXT(2)
PARAMETRIC_REPRESENTATION_CONTEXT() REPRESENTATION_CONTEXT('2D SPACE',''
  ) );
#207 = ORIENTED_EDGE('',*,*,#208,.T.);
#208 = EDGE_CURVE('',#176,#209,#211,.T.);
#209 = VERTEX_POINT('',#210);
#210 = CARTESIAN_POINT('',(-10.,-1.224646799147E-15,-24.));
#211 = SURFACE_CURVE('',#212,(#216,#222),.PCURVE_S1.);
#212 = LINE('',#213,#214);
#213 = CARTESIAN_POINT('',(-10.,0.,-25.));
#214 = VECTOR('',#215,1.);
#215 = DIRECTION('',(-0.,-0.,-1.));
#216 = PCURVE('',#123,#217);
#217 = DEFINITIONAL_REPRESENTATION('',(#218),#221);
#218 = B_SPLINE_CURVE_WITH_KNOTS('',1,(#219,#220),.UNSPECIFIED.,.F.,.F.,
  (2,2),(-3.0000006,5.999999999062E-07),.PIECEWISE_BEZIER_KNOTS.);
#219 = CARTESIAN_POINT('',(-3.14159265359,-3.0000006));
#220 = CARTESIAN_POINT('',(-3.14159265359,5.999999999062E-07));
#221 = ( GEOMETRIC_REPRESENTATION_CONTEXT(2)
PARAMETRIC_REPRESENTATION_CONTEXT() REPRESENTATION_CONTEXT('2D SPACE',''
  ) );
#222 = PCURVE('',#223,#228);
#223 = PLANE('',#224);
#224 = AXIS2_PLACEMENT_3D('',#225,#226,#227);
#225 = CARTESIAN_POINT('',(-40.,0.,-80.));
#226 = DIRECTION('',(0.,1.,0.));
#227 = DIRECTION('',(0.,0.,1.));
#228 = DEFINITIONAL_REPRESENTATION('',(#229),#232);
#229 = B_SPLINE_CURVE_WITH_KNOTS('',1,(#230,#231),.UNSPECIFIED.,.F.,.F.,
  (2,2),(-3.0000006,5.999999999062E-07),.PIECEWISE_BEZIER_KNOTS.);
#230 = CARTESIAN_POINT('',(58.0000006,30.));
#231 = CARTESIAN_POINT('',(54.9999994,30.));
#232 = ( GEOMETRIC_REPRESENTATION_CONTEXT(2)
PARAMETRIC_REPRESENTATION_CONTEXT() REPRESENTATION_CONTEXT('2D SPACE',''
  ) );
#233 = ORIENTED_EDGE('',*,*,#234,.T.);
#234 = EDGE_CURVE('',#209,#235,#237,.T.);
#235 = VERTEX_POINT('',#236);
#236 = CARTESIAN_POINT('',(-9.925367647059,1.219457695338,-24.));
#237 = SURFACE_CURVE('',#238,(#243,#250),.PCURVE_S1.);
#238 = CIRCLE('',#239,10.);
#239 = AXIS2_PLACEMENT_3D('',#240,#241,#242);
#240 = CARTESIAN_POINT('',(0.,0.,-24.));
#241 = DIRECTION('',(0.,0.,-1.));
#242 = DIRECTION('',(1.,0.,0.));
#243 = PCURVE('',#123,#244);
#244 = DEFINITIONAL_REPRESENTATION('',(#245),#249);
#245 = LINE('',#246,#247);
#246 = CARTESIAN_POINT('',(-6.28318530718,-1.));
#247 = VECTOR('',#248,1.);
#248 = DIRECTION('',(1.,-0.));
#249 = ( GEOMETRIC_REPRESENTATION_CONTEXT(2)
PARAMETRIC_REPRESENTATION_CONTEXT() REPRESENTATION_CONTEXT('2D SPACE',''
  ) );
#250 = PCURVE('',#251,#256);
#251 = PLANE('',#252);
#252 = AXIS2_PLACEMENT_3D('',#253,#254,#255);
#253 = CARTESIAN_POINT('',(-10.2,1.387859125176E-15,-24.));
#254 = DIRECTION('',(0.,0.,1.));
#255 = DIRECTION('',(1.,0.,-0.));
#256 = DEFINITIONAL_REPRESENTATION('',(#257),#265);
#257 = ( BOUNDED_CURVE() B_SPLINE_CURVE(2,(#258,#259,#260,#261,#262,#263
,#264),.UNSPECIFIED.,.T.,.F.) B_SPLINE_CURVE_WITH_KNOTS((1,2,2,2,2,1),(
    -2.094395102393,0.,2.094395102393,4.188790204786,6.28318530718,
8.377580409573),.UNSPECIFIED.) CURVE() GEOMETRIC_REPRESENTATION_ITEM()
RATIONAL_B_SPLINE_CURVE((1.,0.5,1.,0.5,1.,0.5,1.)) REPRESENTATION_ITEM(
  '') );
#258 = CARTESIAN_POINT('',(20.2,-1.387859125176E-15));
#259 = CARTESIAN_POINT('',(20.2,-17.32050807568));
#260 = CARTESIAN_POINT('',(5.2,-8.660254037844));
#261 = CARTESIAN_POINT('',(-9.8,-3.837152723471E-15));
#262 = CARTESIAN_POINT('',(5.2,8.660254037844));
#263 = CARTESIAN_POINT('',(20.2,17.320508075689));
#264 = CARTESIAN_POINT('',(20.2,-1.387859125176E-15));
#265 = ( GEOMETRIC_REPRESENTATION_CONTEXT(2)
PARAMETRIC_REPRESENTATION_CONTEXT() REPRESENTATION_CONTEXT('2D SPACE',''
  ) );
#266 = ORIENTED_EDGE('',*,*,#267,.T.);
#267 = EDGE_CURVE('',#235,#268,#270,.T.);
#268 = VERTEX_POINT('',#269);
#269 = CARTESIAN_POINT('',(-9.925367647059,1.219457695338,-25.));
#270 = SURFACE_CURVE('',#271,(#275,#281),.PCURVE_S1.);
#271 = LINE('',#272,#273);
#272 = CARTESIAN_POINT('',(-9.925367647059,1.219457695338,-25.));
#273 = VECTOR('',#274,1.);
#274 = DIRECTION('',(-0.,-0.,-1.));
#275 = PCURVE('',#123,#276);
#276 = DEFINITIONAL_REPRESENTATION('',(#277),#280);
#277 = B_SPLINE_CURVE_WITH_KNOTS('',1,(#278,#279),.UNSPECIFIED.,.F.,.F.,
  (2,2),(-1.0000006,5.999999999062E-07),.PIECEWISE_BEZIER_KNOTS.);
#278 = CARTESIAN_POINT('',(-3.019342605511,-1.0000006));
#279 = CARTESIAN_POINT('',(-3.019342605511,5.999999999062E-07));
#280 = ( GEOMETRIC_REPRESENTATION_CONTEXT(2)
PARAMETRIC_REPRESENTATION_CONTEXT() REPRESENTATION_CONTEXT('2D SPACE',''
  ) );
#281 = PCURVE('',#282,#287);
#282 = CYLINDRICAL_SURFACE('',#283,1.25);
#283 = AXIS2_PLACEMENT_3D('',#284,#285,#286);
#284 = CARTESIAN_POINT('',(-10.2,1.24913973513E-15,-30.));
#285 = DIRECTION('',(-0.,-0.,-1.));
#286 = DIRECTION('',(1.,0.,0.));
#287 = DEFINITIONAL_REPRESENTATION('',(#288),#291);
#288 = B_SPLINE_CURVE_WITH_KNOTS('',1,(#289,#290),.UNSPECIFIED.,.F.,.F.,
  (2,2),(-1.0000006,5.999999999062E-07),.PIECEWISE_BEZIER_KNOTS.);
#289 = CARTESIAN_POINT('',(-1.3492833506,-6.0000006));
#290 = CARTESIAN_POINT('',(-1.3492833506,-4.9999994));
#291 = ( GEOMETRIC_REPRESENTATION_CONTEXT(2)
PARAMETRIC_REPRESENTATION_CONTEXT() REPRESENTATION_CONTEXT('2D SPACE',''
  ) );
#292 = ORIENTED_EDGE('',*,*,#293,.F.);
#293 = EDGE_CURVE('',#294,#268,#296,.T.);
#294 = VERTEX_POINT('',#295);
#295 = CARTESIAN_POINT('',(3.906602480527,9.205349371922,-25.));
#296 = SURFACE_CURVE('',#297,(#302,#309),.PCURVE_S1.);
#297 = CIRCLE('',#298,10.);
#298 = AXIS2_PLACEMENT_3D('',#299,#300,#301);
#299 = CARTESIAN_POINT('',(0.,0.,-25.));
#300 = DIRECTION('',(0.,0.,1.));
#301 = DIRECTION('',(1.,0.,0.));
#302 = PCURVE('',#123,#303);
#303 = DEFINITIONAL_REPRESENTATION('',(#304),#308);
#304 = LINE('',#305,#306);
#305 = CARTESIAN_POINT('',(-0.,0.));
#306 = VECTOR('',#307,1.);
#307 = DIRECTION('',(-1.,0.));
#308 = ( GEOMETRIC_REPRESENTATION_CONTEXT(2)
PARAMETRIC_REPRESENTATION_CONTEXT() REPRESENTATION_CONTEXT('2D SPACE',''
  ) );
#309 = PCURVE('',#135,#310);
#310 = DEFINITIONAL_REPRESENTATION('',(#311),#315);
#311 = CIRCLE('',#312,10.);
#312 = AXIS2_PLACEMENT_2D('',#313,#314);
#313 = CARTESIAN_POINT('',(8.415016200243E-16,-1.152322960418E-15));
#314 = DIRECTION('',(1.,0.));
#315 = ( GEOMETRIC_REPRESENTATION_CONTEXT(2)
PARAMETRIC_REPRESENTATION_CONTEXT() REPRESENTATION_CONTEXT('2D SPACE',''
  ) );
#316 = ORIENTED_EDGE('',*,*,#317,.F.);
#317 = EDGE_CURVE('',#318,#294,#320,.T.);
#318 = VERTEX_POINT('',#319);
#319 = CARTESIAN_POINT('',(3.906602480527,9.205349371922,-24.));
#320 = SURFACE_CURVE('',#321,(#325,#331),.PCURVE_S1.);
#321 = LINE('',#322,#323);
#322 = CARTESIAN_POINT('',(3.906602480527,9.205349371922,-25.));
#323 = VECTOR('',#324,1.);
#324 = DIRECTION('',(-0.,-0.,-1.));
#325 = PCURVE('',#123,#326);
#326 = DEFINITIONAL_REPRESENTATION('',(#327),#330);
#327 = B_SPLINE_CURVE_WITH_KNOTS('',1,(#328,#329),.UNSPECIFIED.,.F.,.F.,
  (2,2),(-1.0000006,5.999999999062E-07),.PIECEWISE_BEZIER_KNOTS.);
#328 = CARTESIAN_POINT('',(-1.169447599276,-1.0000006));
#329 = CARTESIAN_POINT('',(-1.169447599276,5.999999999062E-07));
#330 = ( GEOMETRIC_REPRESENTATION_CONTEXT(2)
PARAMETRIC_REPRESENTATION_CONTEXT() REPRESENTATION_CONTEXT('2D SPACE',''
  ) );
#331 = PCURVE('',#332,#337);
#332 = CYLINDRICAL_SURFACE('',#333,1.25);
#333 = AXIS2_PLACEMENT_3D('',#334,#335,#336);
#334 = CARTESIAN_POINT('',(5.1,8.833459118601,-30.));
#335 = DIRECTION('',(-0.,-0.,-1.));
#336 = DIRECTION('',(1.,0.,0.));
#337 = DEFINITIONAL_REPRESENTATION('',(#338),#341);
#338 = B_SPLINE_CURVE_WITH_KNOTS('',1,(#339,#340),.UNSPECIFIED.,.F.,.F.,
  (2,2),(-1.0000006,5.999999999062E-07),.PIECEWISE_BEZIER_KNOTS.);
#339 = CARTESIAN_POINT('',(-2.839506854187,-6.0000006));
#340 = CARTESIAN_POINT('',(-2.839506854187,-4.9999994));
#341 = ( GEOMETRIC_REPRESENTATION_CONTEXT(2)
PARAMETRIC_REPRESENTATION_CONTEXT() REPRESENTATION_CONTEXT('2D SPACE',''
  ) );
#342 = ORIENTED_EDGE('',*,*,#343,.T.);
#343 = EDGE_CURVE('',#318,#344,#346,.T.);
#344 = VERTEX_POINT('',#345);
#345 = CARTESIAN_POINT('',(6.018765166532,7.985891676584,-24.));
#346 = SURFACE_CURVE('',#347,(#352,#359),.PCURVE_S1.);
#347 = CIRCLE('',#348,10.);
#348 = AXIS2_PLACEMENT_3D('',#349,#350,#351);
#349 = CARTESIAN_POINT('',(0.,0.,-24.));
#350 = DIRECTION('',(0.,0.,-1.));
#351 = DIRECTION('',(1.,0.,0.));
#352 = PCURVE('',#123,#353);
#353 = DEFINITIONAL_REPRESENTATION('',(#354),#358);
#354 = LINE('',#355,#356);
#355 = CARTESIAN_POINT('',(-6.28318530718,-1.));
#356 = VECTOR('',#357,1.);
#357 = DIRECTION('',(1.,-0.));
#358 = ( GEOMETRIC_REPRESENTATION_CONTEXT(2)
PARAMETRIC_REPRESENTATION_CONTEXT() REPRESENTATION_CONTEXT('2D SPACE',''
  ) );
#359 = PCURVE('',#360,#365);
#360 = PLANE('',#361);
#361 = AXIS2_PLACEMENT_3D('',#362,#363,#364);
#362 = CARTESIAN_POINT('',(5.1,8.833459118601,-24.));
#363 = DIRECTION('',(0.,0.,1.));
#364 = DIRECTION('',(1.,0.,-0.));
#365 = DEFINITIONAL_REPRESENTATION('',(#366),#374);
#366 = ( BOUNDED_CURVE() B_SPLINE_CURVE(2,(#367,#368,#369,#370,#371,#372
,#373),.UNSPECIFIED.,.T.,.F.) B_SPLINE_CURVE_WITH_KNOTS((1,2,2,2,2,1),(
    -2.094395102393,0.,2.094395102393,4.188790204786,6.28318530718,
8.377580409573),.UNSPECIFIED.) CURVE() GEOMETRIC_REPRESENTATION_ITEM()
RATIONAL_B_SPLINE_CURVE((1.,0.5,1.,0.5,1.,0.5,1.)) REPRESENTATION_ITEM(
  '') );
#367 = CARTESIAN_POINT('',(4.9,-8.833459118601));
#368 = CARTESIAN_POINT('',(4.9,-26.15396719429));
#369 = CARTESIAN_POINT('',(-10.1,-17.49371315644));
#370 = CARTESIAN_POINT('',(-25.1,-8.833459118601));
#371 = CARTESIAN_POINT('',(-10.1,-0.173205080757));
#372 = CARTESIAN_POINT('',(4.9,8.487048957088));
#373 = CARTESIAN_POINT('',(4.9,-8.833459118601));
#374 = ( GEOMETRIC_REPRESENTATION_CONTEXT(2)
PARAMETRIC_REPRESENTATION_CONTEXT() REPRESENTATION_CONTEXT('2D SPACE',''
  ) );
#375 = ORIENTED_EDGE('',*,*,#376,.T.);
#376 = EDGE_CURVE('',#344,#114,#377,.T.);
#377 = SURFACE_CURVE('',#378,(#382,#388),.PCURVE_S1.);
#378 = LINE('',#379,#380);
#379 = CARTESIAN_POINT('',(6.018765166532,7.985891676584,-25.));
#380 = VECTOR('',#381,1.);
#381 = DIRECTION('',(-0.,-0.,-1.));
#382 = PCURVE('',#123,#383);
#383 = DEFINITIONAL_REPRESENTATION('',(#384),#387);
#384 = B_SPLINE_CURVE_WITH_KNOTS('',1,(#385,#386),.UNSPECIFIED.,.F.,.F.,
  (2,2),(-1.0000006,5.999999999062E-07),.PIECEWISE_BEZIER_KNOTS.);
#385 = CARTESIAN_POINT('',(-0.924947503117,-1.0000006));
#386 = CARTESIAN_POINT('',(-0.924947503117,5.999999999062E-07));
#387 = ( GEOMETRIC_REPRESENTATION_CONTEXT(2)
PARAMETRIC_REPRESENTATION_CONTEXT() REPRESENTATION_CONTEXT('2D SPACE',''
  ) );
#388 = PCURVE('',#332,#389);
#389 = DEFINITIONAL_REPRESENTATION('',(#390),#393);
#390 = B_SPLINE_CURVE_WITH_KNOTS('',1,(#391,#392),.UNSPECIFIED.,.F.,.F.,
  (2,2),(-1.0000006,5.999999999062E-07),.PIECEWISE_BEZIER_KNOTS.);
#391 = CARTESIAN_POINT('',(-5.538073555386,-6.0000006));
#392 = CARTESIAN_POINT('',(-5.538073555386,-4.9999994));
#393 = ( GEOMETRIC_REPRESENTATION_CONTEXT(2)
PARAMETRIC_REPRESENTATION_CONTEXT() REPRESENTATION_CONTEXT('2D SPACE',''
  ) );
#394 = ADVANCED_FACE('',(#395),#135,.T.);
#395 = FACE_BOUND('',#396,.T.);
#396 = EDGE_LOOP('',(#397,#418,#447,#473,#499,#500,#528,#554));
#397 = ORIENTED_EDGE('',*,*,#398,.F.);
#398 = EDGE_CURVE('',#399,#112,#401,.T.);
#399 = VERTEX_POINT('',#400);
#400 = CARTESIAN_POINT('',(13.,0.,-25.));
#401 = SURFACE_CURVE('',#402,(#406,#412),.PCURVE_S1.);
#402 = LINE('',#403,#404);
#403 = CARTESIAN_POINT('',(-20.,0.,-25.));
#404 = VECTOR('',#405,1.);
#405 = DIRECTION('',(-1.,0.,0.));
#406 = PCURVE('',#135,#407);
#407 = DEFINITIONAL_REPRESENTATION('',(#408),#411);
#408 = B_SPLINE_CURVE_WITH_KNOTS('',1,(#409,#410),.UNSPECIFIED.,.F.,.F.,
  (2,2),(-33.,-7.),.PIECEWISE_BEZIER_KNOTS.);
#409 = CARTESIAN_POINT('',(13.,-1.152322960418E-15));
#410 = CARTESIAN_POINT('',(-13.,-1.152322960418E-15));
#411 = ( GEOMETRIC_REPRESENTATION_CONTEXT(2)
PARAMETRIC_REPRESENTATION_CONTEXT() REPRESENTATION_CONTEXT('2D SPACE',''
  ) );
#412 = PCURVE('',#163,#413);
#413 = DEFINITIONAL_REPRESENTATION('',(#414),#417);
#414 = B_SPLINE_CURVE_WITH_KNOTS('',1,(#415,#416),.UNSPECIFIED.,.F.,.F.,
  (2,2),(-33.,-7.),.PIECEWISE_BEZIER_KNOTS.);
#415 = CARTESIAN_POINT('',(55.,53.));
#416 = CARTESIAN_POINT('',(55.,27.));
#417 = ( GEOMETRIC_REPRESENTATION_CONTEXT(2)
PARAMETRIC_REPRESENTATION_CONTEXT() REPRESENTATION_CONTEXT('2D SPACE',''
  ) );
#418 = ORIENTED_EDGE('',*,*,#419,.T.);
#419 = EDGE_CURVE('',#399,#420,#422,.T.);
#420 = VERTEX_POINT('',#421);
#421 = CARTESIAN_POINT('',(-13.,1.592040838892E-15,-25.));
#422 = SURFACE_CURVE('',#423,(#428,#435),.PCURVE_S1.);
#423 = CIRCLE('',#424,13.);
#424 = AXIS2_PLACEMENT_3D('',#425,#426,#427);
#425 = CARTESIAN_POINT('',(0.,0.,-25.));
#426 = DIRECTION('',(0.,0.,1.));
#427 = DIRECTION('',(1.,0.,0.));
#428 = PCURVE('',#135,#429);
#429 = DEFINITIONAL_REPRESENTATION('',(#430),#434);
#430 = CIRCLE('',#431,13.);
#431 = AXIS2_PLACEMENT_2D('',#432,#433);
#432 = CARTESIAN_POINT('',(8.415016200243E-16,-1.152322960418E-15));
#433 = DIRECTION('',(1.,0.));
#434 = ( GEOMETRIC_REPRESENTATION_CONTEXT(2)
PARAMETRIC_REPRESENTATION_CONTEXT() REPRESENTATION_CONTEXT('2D SPACE',''
  ) );
#435 = PCURVE('',#436,#441);
#436 = CYLINDRICAL_SURFACE('',#437,13.);
#437 = AXIS2_PLACEMENT_3D('',#438,#439,#440);
#438 = CARTESIAN_POINT('',(0.,0.,-29.));
#439 = DIRECTION('',(-0.,-0.,-1.));
#440 = DIRECTION('',(1.,0.,0.));
#441 = DEFINITIONAL_REPRESENTATION('',(#442),#446);
#442 = LINE('',#443,#444);
#443 = CARTESIAN_POINT('',(-0.,-4.));
#444 = VECTOR('',#445,1.);
#445 = DIRECTION('',(-1.,0.));
#446 = ( GEOMETRIC_REPRESENTATION_CONTEXT(2)
PARAMETRIC_REPRESENTATION_CONTEXT() REPRESENTATION_CONTEXT('2D SPACE',''
  ) );
#447 = ORIENTED_EDGE('',*,*,#448,.F.);
#448 = EDGE_CURVE('',#449,#420,#451,.T.);
#449 = VERTEX_POINT('',#450);
#450 = CARTESIAN_POINT('',(-11.45,-1.416413938828E-17,-25.));
#451 = SURFACE_CURVE('',#452,(#456,#462),.PCURVE_S1.);
#452 = LINE('',#453,#454);
#453 = CARTESIAN_POINT('',(-20.,0.,-25.));
#454 = VECTOR('',#455,1.);
#455 = DIRECTION('',(-1.,0.,0.));
#456 = PCURVE('',#135,#457);
#457 = DEFINITIONAL_REPRESENTATION('',(#458),#461);
#458 = B_SPLINE_CURVE_WITH_KNOTS('',1,(#459,#460),.UNSPECIFIED.,.F.,.F.,
  (2,2),(-33.,-7.),.PIECEWISE_BEZIER_KNOTS.);
#459 = CARTESIAN_POINT('',(13.,-1.152322960418E-15));
#460 = CARTESIAN_POINT('',(-13.,-1.152322960418E-15));
#461 = ( GEOMETRIC_REPRESENTATION_CONTEXT(2)
PARAMETRIC_REPRESENTATION_CONTEXT() REPRESENTATION_CONTEXT('2D SPACE',''
  ) );
#462 = PCURVE('',#463,#468);
#463 = PLANE('',#464);
#464 = AXIS2_PLACEMENT_3D('',#465,#466,#467);
#465 = CARTESIAN_POINT('',(-40.,0.,-80.));
#466 = DIRECTION('',(0.,1.,0.));
#467 = DIRECTION('',(0.,0.,1.));
#468 = DEFINITIONAL_REPRESENTATION('',(#469),#472);
#469 = B_SPLINE_CURVE_WITH_KNOTS('',1,(#470,#471),.UNSPECIFIED.,.F.,.F.,
  (2,2),(-33.,-7.),.PIECEWISE_BEZIER_KNOTS.);
#470 = CARTESIAN_POINT('',(55.,53.));
#471 = CARTESIAN_POINT('',(55.,27.));
#472 = ( GEOMETRIC_REPRESENTATION_CONTEXT(2)
PARAMETRIC_REPRESENTATION_CONTEXT() REPRESENTATION_CONTEXT('2D SPACE',''
  ) );
#473 = ORIENTED_EDGE('',*,*,#474,.T.);
#474 = EDGE_CURVE('',#449,#268,#475,.T.);
#475 = SURFACE_CURVE('',#476,(#481,#492),.PCURVE_S1.);
#476 = CIRCLE('',#477,1.25);
#477 = AXIS2_PLACEMENT_3D('',#478,#479,#480);
#478 = CARTESIAN_POINT('',(-10.2,1.24913973513E-15,-25.));
#479 = DIRECTION('',(0.,0.,-1.));
#480 = DIRECTION('',(1.,0.,0.));
#481 = PCURVE('',#135,#482);
#482 = DEFINITIONAL_REPRESENTATION('',(#483),#491);
#483 = ( BOUNDED_CURVE() B_SPLINE_CURVE(2,(#484,#485,#486,#487,#488,#489
,#490),.UNSPECIFIED.,.T.,.F.) B_SPLINE_CURVE_WITH_KNOTS((1,2,2,2,2,1),(
    -2.094395102393,0.,2.094395102393,4.188790204786,6.28318530718,
8.377580409573),.UNSPECIFIED.) CURVE() GEOMETRIC_REPRESENTATION_ITEM()
RATIONAL_B_SPLINE_CURVE((1.,0.5,1.,0.5,1.,0.5,1.)) REPRESENTATION_ITEM(
  '') );
#484 = CARTESIAN_POINT('',(-8.95,9.68167747123E-17));
#485 = CARTESIAN_POINT('',(-8.95,-2.165063509461));
#486 = CARTESIAN_POINT('',(-10.825,-1.082531754731));
#487 = CARTESIAN_POINT('',(-12.7,-2.093449250745E-16));
#488 = CARTESIAN_POINT('',(-10.825,1.082531754731));
#489 = CARTESIAN_POINT('',(-8.95,2.165063509461));
#490 = CARTESIAN_POINT('',(-8.95,9.68167747123E-17));
#491 = ( GEOMETRIC_REPRESENTATION_CONTEXT(2)
PARAMETRIC_REPRESENTATION_CONTEXT() REPRESENTATION_CONTEXT('2D SPACE',''
  ) );
#492 = PCURVE('',#282,#493);
#493 = DEFINITIONAL_REPRESENTATION('',(#494),#498);
#494 = LINE('',#495,#496);
#495 = CARTESIAN_POINT('',(-6.28318530718,-5.));
#496 = VECTOR('',#497,1.);
#497 = DIRECTION('',(1.,-0.));
#498 = ( GEOMETRIC_REPRESENTATION_CONTEXT(2)
PARAMETRIC_REPRESENTATION_CONTEXT() REPRESENTATION_CONTEXT('2D SPACE',''
  ) );
#499 = ORIENTED_EDGE('',*,*,#293,.F.);
#500 = ORIENTED_EDGE('',*,*,#501,.T.);
#501 = EDGE_CURVE('',#294,#502,#504,.T.);
#502 = VERTEX_POINT('',#503);
#503 = CARTESIAN_POINT('',(6.35,8.833459118601,-25.));
#504 = SURFACE_CURVE('',#505,(#510,#521),.PCURVE_S1.);
#505 = CIRCLE('',#506,1.25);
#506 = AXIS2_PLACEMENT_3D('',#507,#508,#509);
#507 = CARTESIAN_POINT('',(5.1,8.833459118601,-25.));
#508 = DIRECTION('',(0.,0.,-1.));
#509 = DIRECTION('',(1.,0.,0.));
#510 = PCURVE('',#135,#511);
#511 = DEFINITIONAL_REPRESENTATION('',(#512),#520);
#512 = ( BOUNDED_CURVE() B_SPLINE_CURVE(2,(#513,#514,#515,#516,#517,#518
,#519),.UNSPECIFIED.,.T.,.F.) B_SPLINE_CURVE_WITH_KNOTS((1,2,2,2,2,1),(
    -2.094395102393,0.,2.094395102393,4.188790204786,6.28318530718,
8.377580409573),.UNSPECIFIED.) CURVE() GEOMETRIC_REPRESENTATION_ITEM()
RATIONAL_B_SPLINE_CURVE((1.,0.5,1.,0.5,1.,0.5,1.)) REPRESENTATION_ITEM(
  '') );
#513 = CARTESIAN_POINT('',(6.35,8.833459118601));
#514 = CARTESIAN_POINT('',(6.35,6.66839560914));
#515 = CARTESIAN_POINT('',(4.475,7.750927363871));
#516 = CARTESIAN_POINT('',(2.6,8.833459118601));
#517 = CARTESIAN_POINT('',(4.475,9.915990873332));
#518 = CARTESIAN_POINT('',(6.35,10.998522628062));
#519 = CARTESIAN_POINT('',(6.35,8.833459118601));
#520 = ( GEOMETRIC_REPRESENTATION_CONTEXT(2)
PARAMETRIC_REPRESENTATION_CONTEXT() REPRESENTATION_CONTEXT('2D SPACE',''
  ) );
#521 = PCURVE('',#332,#522);
#522 = DEFINITIONAL_REPRESENTATION('',(#523),#527);
#523 = LINE('',#524,#525);
#524 = CARTESIAN_POINT('',(-6.28318530718,-5.));
#525 = VECTOR('',#526,1.);
#526 = DIRECTION('',(1.,-0.));
#527 = ( GEOMETRIC_REPRESENTATION_CONTEXT(2)
PARAMETRIC_REPRESENTATION_CONTEXT() REPRESENTATION_CONTEXT('2D SPACE',''
  ) );
#528 = ORIENTED_EDGE('',*,*,#529,.T.);
#529 = EDGE_CURVE('',#502,#114,#530,.T.);
#530 = SURFACE_CURVE('',#531,(#536,#547),.PCURVE_S1.);
#531 = CIRCLE('',#532,1.25);
#532 = AXIS2_PLACEMENT_3D('',#533,#534,#535);
#533 = CARTESIAN_POINT('',(5.1,8.833459118601,-25.));
#534 = DIRECTION('',(0.,0.,-1.));
#535 = DIRECTION('',(1.,0.,0.));
#536 = PCURVE('',#135,#537);
#537 = DEFINITIONAL_REPRESENTATION('',(#538),#546);
#538 = ( BOUNDED_CURVE() B_SPLINE_CURVE(2,(#539,#540,#541,#542,#543,#544
,#545),.UNSPECIFIED.,.T.,.F.) B_SPLINE_CURVE_WITH_KNOTS((1,2,2,2,2,1),(
    -2.094395102393,0.,2.094395102393,4.188790204786,6.28318530718,
8.377580409573),.UNSPECIFIED.) CURVE() GEOMETRIC_REPRESENTATION_ITEM()
RATIONAL_B_SPLINE_CURVE((1.,0.5,1.,0.5,1.,0.5,1.)) REPRESENTATION_ITEM(
  '') );
#539 = CARTESIAN_POINT('',(6.35,8.833459118601));
#540 = CARTESIAN_POINT('',(6.35,6.66839560914));
#541 = CARTESIAN_POINT('',(4.475,7.750927363871));
#542 = CARTESIAN_POINT('',(2.6,8.833459118601));
#543 = CARTESIAN_POINT('',(4.475,9.915990873332));
#544 = CARTESIAN_POINT('',(6.35,10.998522628062));
#545 = CARTESIAN_POINT('',(6.35,8.833459118601));
#546 = ( GEOMETRIC_REPRESENTATION_CONTEXT(2)
PARAMETRIC_REPRESENTATION_CONTEXT() REPRESENTATION_CONTEXT('2D SPACE',''
  ) );
#547 = PCURVE('',#332,#548);
#548 = DEFINITIONAL_REPRESENTATION('',(#549),#553);
#549 = LINE('',#550,#551);
#550 = CARTESIAN_POINT('',(-6.28318530718,-5.));
#551 = VECTOR('',#552,1.);
#552 = DIRECTION('',(1.,-0.));
#553 = ( GEOMETRIC_REPRESENTATION_CONTEXT(2)
PARAMETRIC_REPRESENTATION_CONTEXT() REPRESENTATION_CONTEXT('2D SPACE',''
  ) );
#554 = ORIENTED_EDGE('',*,*,#111,.F.);
#555 = ADVANCED_FACE('',(#556),#332,.F.);
#556 = FACE_BOUND('',#557,.T.);
#557 = EDGE_LOOP('',(#558,#591,#612,#613,#614,#636,#637,#638));
#558 = ORIENTED_EDGE('',*,*,#559,.T.);
#559 = EDGE_CURVE('',#560,#560,#562,.T.);
#560 = VERTEX_POINT('',#561);
#561 = CARTESIAN_POINT('',(6.35,8.833459118601,-29.));
#562 = SURFACE_CURVE('',#563,(#568,#575),.PCURVE_S1.);
#563 = CIRCLE('',#564,1.25);
#564 = AXIS2_PLACEMENT_3D('',#565,#566,#567);
#565 = CARTESIAN_POINT('',(5.1,8.833459118601,-29.));
#566 = DIRECTION('',(0.,0.,-1.));
#567 = DIRECTION('',(1.,0.,0.));
#568 = PCURVE('',#332,#569);
#569 = DEFINITIONAL_REPRESENTATION('',(#570),#574);
#570 = LINE('',#571,#572);
#571 = CARTESIAN_POINT('',(-6.28318530718,-1.));
#572 = VECTOR('',#573,1.);
#573 = DIRECTION('',(1.,-0.));
#574 = ( GEOMETRIC_REPRESENTATION_CONTEXT(2)
PARAMETRIC_REPRESENTATION_CONTEXT() REPRESENTATION_CONTEXT('2D SPACE',''
  ) );
#575 = PCURVE('',#576,#581);
#576 = PLANE('',#577);
#577 = AXIS2_PLACEMENT_3D('',#578,#579,#580);
#578 = CARTESIAN_POINT('',(-8.415016200243E-16,1.152322960418E-15,-29.)
  );
#579 = DIRECTION('',(0.,0.,1.));
#580 = DIRECTION('',(1.,0.,-0.));
#581 = DEFINITIONAL_REPRESENTATION('',(#582),#590);
#582 = ( BOUNDED_CURVE() B_SPLINE_CURVE(2,(#583,#584,#585,#586,#587,#588
,#589),.UNSPECIFIED.,.T.,.F.) B_SPLINE_CURVE_WITH_KNOTS((1,2,2,2,2,1),(
    -2.094395102393,0.,2.094395102393,4.188790204786,6.28318530718,
8.377580409573),.UNSPECIFIED.) CURVE() GEOMETRIC_REPRESENTATION_ITEM()
RATIONAL_B_SPLINE_CURVE((1.,0.5,1.,0.5,1.,0.5,1.)) REPRESENTATION_ITEM(
  '') );
#583 = CARTESIAN_POINT('',(6.35,8.833459118601));
#584 = CARTESIAN_POINT('',(6.35,6.66839560914));
#585 = CARTESIAN_POINT('',(4.475,7.750927363871));
#586 = CARTESIAN_POINT('',(2.6,8.833459118601));
#587 = CARTESIAN_POINT('',(4.475,9.915990873332));
#588 = CARTESIAN_POINT('',(6.35,10.998522628062));
#589 = CARTESIAN_POINT('',(6.35,8.833459118601));
#590 = ( GEOMETRIC_REPRESENTATION_CONTEXT(2)
PARAMETRIC_REPRESENTATION_CONTEXT() REPRESENTATION_CONTEXT('2D SPACE',''
  ) );
#591 = ORIENTED_EDGE('',*,*,#592,.T.);
#592 = EDGE_CURVE('',#560,#502,#593,.T.);
#593 = SEAM_CURVE('',#594,(#598,#605),.PCURVE_S1.);
#594 = LINE('',#595,#596);
#595 = CARTESIAN_POINT('',(6.35,8.833459118601,-30.));
#596 = VECTOR('',#597,1.);
#597 = DIRECTION('',(0.,0.,1.));
#598 = PCURVE('',#332,#599);
#599 = DEFINITIONAL_REPRESENTATION('',(#600),#604);
#600 = LINE('',#601,#602);
#601 = CARTESIAN_POINT('',(-6.28318530718,0.));
#602 = VECTOR('',#603,1.);
#603 = DIRECTION('',(-0.,-1.));
#604 = ( GEOMETRIC_REPRESENTATION_CONTEXT(2)
PARAMETRIC_REPRESENTATION_CONTEXT() REPRESENTATION_CONTEXT('2D SPACE',''
  ) );
#605 = PCURVE('',#332,#606);
#606 = DEFINITIONAL_REPRESENTATION('',(#607),#611);
#607 = LINE('',#608,#609);
#608 = CARTESIAN_POINT('',(-0.,0.));
#609 = VECTOR('',#610,1.);
#610 = DIRECTION('',(-0.,-1.));
#611 = ( GEOMETRIC_REPRESENTATION_CONTEXT(2)
PARAMETRIC_REPRESENTATION_CONTEXT() REPRESENTATION_CONTEXT('2D SPACE',''
  ) );
#612 = ORIENTED_EDGE('',*,*,#501,.F.);
#613 = ORIENTED_EDGE('',*,*,#317,.F.);
#614 = ORIENTED_EDGE('',*,*,#615,.T.);
#615 = EDGE_CURVE('',#318,#344,#616,.T.);
#616 = SURFACE_CURVE('',#617,(#622,#629),.PCURVE_S1.);
#617 = CIRCLE('',#618,1.25);
#618 = AXIS2_PLACEMENT_3D('',#619,#620,#621);
#619 = CARTESIAN_POINT('',(5.1,8.833459118601,-24.));
#620 = DIRECTION('',(0.,0.,1.));
#621 = DIRECTION('',(1.,0.,0.));
#622 = PCURVE('',#332,#623);
#623 = DEFINITIONAL_REPRESENTATION('',(#624),#628);
#624 = LINE('',#625,#626);
#625 = CARTESIAN_POINT('',(-0.,-6.));
#626 = VECTOR('',#627,1.);
#627 = DIRECTION('',(-1.,0.));
#628 = ( GEOMETRIC_REPRESENTATION_CONTEXT(2)
PARAMETRIC_REPRESENTATION_CONTEXT() REPRESENTATION_CONTEXT('2D SPACE',''
  ) );
#629 = PCURVE('',#360,#630);
#630 = DEFINITIONAL_REPRESENTATION('',(#631),#635);
#631 = CIRCLE('',#632,1.25);
#632 = AXIS2_PLACEMENT_2D('',#633,#634);
#633 = CARTESIAN_POINT('',(0.,0.));
#634 = DIRECTION('',(1.,0.));
#635 = ( GEOMETRIC_REPRESENTATION_CONTEXT(2)
PARAMETRIC_REPRESENTATION_CONTEXT() REPRESENTATION_CONTEXT('2D SPACE',''
  ) );
#636 = ORIENTED_EDGE('',*,*,#376,.T.);
#637 = ORIENTED_EDGE('',*,*,#529,.F.);
#638 = ORIENTED_EDGE('',*,*,#592,.F.);
#639 = ADVANCED_FACE('',(#640),#360,.F.);
#640 = FACE_BOUND('',#641,.F.);
#641 = EDGE_LOOP('',(#642,#643));
#642 = ORIENTED_EDGE('',*,*,#343,.F.);
#643 = ORIENTED_EDGE('',*,*,#615,.T.);
#644 = ADVANCED_FACE('',(#645),#282,.F.);
#645 = FACE_BOUND('',#646,.T.);
#646 = EDGE_LOOP('',(#647,#677,#700,#722,#723,#724));
#647 = ORIENTED_EDGE('',*,*,#648,.T.);
#648 = EDGE_CURVE('',#649,#651,#653,.T.);
#649 = VERTEX_POINT('',#650);
#650 = CARTESIAN_POINT('',(-11.45,-1.416413938828E-17,-29.));
#651 = VERTEX_POINT('',#652);
#652 = CARTESIAN_POINT('',(-8.95,1.24913973513E-15,-29.));
#653 = SURFACE_CURVE('',#654,(#659,#666),.PCURVE_S1.);
#654 = CIRCLE('',#655,1.25);
#655 = AXIS2_PLACEMENT_3D('',#656,#657,#658);
#656 = CARTESIAN_POINT('',(-10.2,1.24913973513E-15,-29.));
#657 = DIRECTION('',(0.,0.,-1.));
#658 = DIRECTION('',(1.,0.,0.));
#659 = PCURVE('',#282,#660);
#660 = DEFINITIONAL_REPRESENTATION('',(#661),#665);
#661 = LINE('',#662,#663);
#662 = CARTESIAN_POINT('',(-6.28318530718,-1.));
#663 = VECTOR('',#664,1.);
#664 = DIRECTION('',(1.,-0.));
#665 = ( GEOMETRIC_REPRESENTATION_CONTEXT(2)
PARAMETRIC_REPRESENTATION_CONTEXT() REPRESENTATION_CONTEXT('2D SPACE',''
  ) );
#666 = PCURVE('',#576,#667);
#667 = DEFINITIONAL_REPRESENTATION('',(#668),#676);
#668 = ( BOUNDED_CURVE() B_SPLINE_CURVE(2,(#669,#670,#671,#672,#673,#674
,#675),.UNSPECIFIED.,.T.,.F.) B_SPLINE_CURVE_WITH_KNOTS((1,2,2,2,2,1),(
    -2.094395102393,0.,2.094395102393,4.188790204786,6.28318530718,
8.377580409573),.UNSPECIFIED.) CURVE() GEOMETRIC_REPRESENTATION_ITEM()
RATIONAL_B_SPLINE_CURVE((1.,0.5,1.,0.5,1.,0.5,1.)) REPRESENTATION_ITEM(
  '') );
#669 = CARTESIAN_POINT('',(-8.95,9.68167747123E-17));
#670 = CARTESIAN_POINT('',(-8.95,-2.165063509461));
#671 = CARTESIAN_POINT('',(-10.825,-1.082531754731));
#672 = CARTESIAN_POINT('',(-12.7,-2.093449250745E-16));
#673 = CARTESIAN_POINT('',(-10.825,1.082531754731));
#674 = CARTESIAN_POINT('',(-8.95,2.165063509461));
#675 = CARTESIAN_POINT('',(-8.95,9.68167747123E-17));
#676 = ( GEOMETRIC_REPRESENTATION_CONTEXT(2)
PARAMETRIC_REPRESENTATION_CONTEXT() REPRESENTATION_CONTEXT('2D SPACE',''
  ) );
#677 = ORIENTED_EDGE('',*,*,#678,.T.);
#678 = EDGE_CURVE('',#651,#679,#681,.T.);
#679 = VERTEX_POINT('',#680);
#680 = CARTESIAN_POINT('',(-8.95,1.24913973513E-15,-24.));
#681 = SURFACE_CURVE('',#682,(#686,#693),.PCURVE_S1.);
#682 = LINE('',#683,#684);
#683 = CARTESIAN_POINT('',(-8.95,1.24913973513E-15,-30.));
#684 = VECTOR('',#685,1.);
#685 = DIRECTION('',(0.,0.,1.));
#686 = PCURVE('',#282,#687);
#687 = DEFINITIONAL_REPRESENTATION('',(#688),#692);
#688 = LINE('',#689,#690);
#689 = CARTESIAN_POINT('',(-0.,0.));
#690 = VECTOR('',#691,1.);
#691 = DIRECTION('',(-0.,-1.));
#692 = ( GEOMETRIC_REPRESENTATION_CONTEXT(2)
PARAMETRIC_REPRESENTATION_CONTEXT() REPRESENTATION_CONTEXT('2D SPACE',''
  ) );
#693 = PCURVE('',#223,#694);
#694 = DEFINITIONAL_REPRESENTATION('',(#695),#699);
#695 = LINE('',#696,#697);
#696 = CARTESIAN_POINT('',(50.,31.05));
#697 = VECTOR('',#698,1.);
#698 = DIRECTION('',(1.,0.));
#699 = ( GEOMETRIC_REPRESENTATION_CONTEXT(2)
PARAMETRIC_REPRESENTATION_CONTEXT() REPRESENTATION_CONTEXT('2D SPACE',''
  ) );
#700 = ORIENTED_EDGE('',*,*,#701,.T.);
#701 = EDGE_CURVE('',#679,#235,#702,.T.);
#702 = SURFACE_CURVE('',#703,(#708,#715),.PCURVE_S1.);
#703 = CIRCLE('',#704,1.25);
#704 = AXIS2_PLACEMENT_3D('',#705,#706,#707);
#705 = CARTESIAN_POINT('',(-10.2,1.24913973513E-15,-24.));
#706 = DIRECTION('',(0.,0.,1.));
#707 = DIRECTION('',(1.,0.,0.));
#708 = PCURVE('',#282,#709);
#709 = DEFINITIONAL_REPRESENTATION('',(#710),#714);
#710 = LINE('',#711,#712);
#711 = CARTESIAN_POINT('',(-0.,-6.));
#712 = VECTOR('',#713,1.);
#713 = DIRECTION('',(-1.,0.));
#714 = ( GEOMETRIC_REPRESENTATION_CONTEXT(2)
PARAMETRIC_REPRESENTATION_CONTEXT() REPRESENTATION_CONTEXT('2D SPACE',''
  ) );
#715 = PCURVE('',#251,#716);
#716 = DEFINITIONAL_REPRESENTATION('',(#717),#721);
#717 = CIRCLE('',#718,1.25);
#718 = AXIS2_PLACEMENT_2D('',#719,#720);
#719 = CARTESIAN_POINT('',(-1.7763568394E-15,-1.387193900458E-16));
#720 = DIRECTION('',(1.,0.));
#721 = ( GEOMETRIC_REPRESENTATION_CONTEXT(2)
PARAMETRIC_REPRESENTATION_CONTEXT() REPRESENTATION_CONTEXT('2D SPACE',''
  ) );
#722 = ORIENTED_EDGE('',*,*,#267,.T.);
#723 = ORIENTED_EDGE('',*,*,#474,.F.);
#724 = ORIENTED_EDGE('',*,*,#725,.T.);
#725 = EDGE_CURVE('',#449,#649,#726,.T.);
#726 = SURFACE_CURVE('',#727,(#731,#737),.PCURVE_S1.);
#727 = LINE('',#728,#729);
#728 = CARTESIAN_POINT('',(-11.45,0.,-30.));
#729 = VECTOR('',#730,1.);
#730 = DIRECTION('',(-0.,-0.,-1.));
#731 = PCURVE('',#282,#732);
#732 = DEFINITIONAL_REPRESENTATION('',(#733),#736);
#733 = B_SPLINE_CURVE_WITH_KNOTS('',1,(#734,#735),.UNSPECIFIED.,.F.,.F.,
  (2,2),(-6.0000006,-0.9999994),.PIECEWISE_BEZIER_KNOTS.);
#734 = CARTESIAN_POINT('',(-3.14159265359,-6.0000006));
#735 = CARTESIAN_POINT('',(-3.14159265359,-0.9999994));
#736 = ( GEOMETRIC_REPRESENTATION_CONTEXT(2)
PARAMETRIC_REPRESENTATION_CONTEXT() REPRESENTATION_CONTEXT('2D SPACE',''
  ) );
#737 = PCURVE('',#463,#738);
#738 = DEFINITIONAL_REPRESENTATION('',(#739),#742);
#739 = B_SPLINE_CURVE_WITH_KNOTS('',1,(#740,#741),.UNSPECIFIED.,.F.,.F.,
  (2,2),(-6.0000006,-0.9999994),.PIECEWISE_BEZIER_KNOTS.);
#740 = CARTESIAN_POINT('',(56.0000006,28.55));
#741 = CARTESIAN_POINT('',(50.9999994,28.55));
#742 = ( GEOMETRIC_REPRESENTATION_CONTEXT(2)
PARAMETRIC_REPRESENTATION_CONTEXT() REPRESENTATION_CONTEXT('2D SPACE',''
  ) );
#743 = ADVANCED_FACE('',(#744),#251,.F.);
#744 = FACE_BOUND('',#745,.F.);
#745 = EDGE_LOOP('',(#746,#765,#766));
#746 = ORIENTED_EDGE('',*,*,#747,.F.);
#747 = EDGE_CURVE('',#679,#209,#748,.T.);
#748 = SURFACE_CURVE('',#749,(#753,#759),.PCURVE_S1.);
#749 = LINE('',#750,#751);
#750 = CARTESIAN_POINT('',(-25.1,0.,-24.));
#751 = VECTOR('',#752,1.);
#752 = DIRECTION('',(-1.,0.,0.));
#753 = PCURVE('',#251,#754);
#754 = DEFINITIONAL_REPRESENTATION('',(#755),#758);
#755 = B_SPLINE_CURVE_WITH_KNOTS('',1,(#756,#757),.UNSPECIFIED.,.F.,.F.,
  (2,2),(-16.15,-15.1),.PIECEWISE_BEZIER_KNOTS.);
#756 = CARTESIAN_POINT('',(1.25,-1.387859125176E-15));
#757 = CARTESIAN_POINT('',(0.2,-1.387859125176E-15));
#758 = ( GEOMETRIC_REPRESENTATION_CONTEXT(2)
PARAMETRIC_REPRESENTATION_CONTEXT() REPRESENTATION_CONTEXT('2D SPACE',''
  ) );
#759 = PCURVE('',#223,#760);
#760 = DEFINITIONAL_REPRESENTATION('',(#761),#764);
#761 = B_SPLINE_CURVE_WITH_KNOTS('',1,(#762,#763),.UNSPECIFIED.,.F.,.F.,
  (2,2),(-16.15,-15.1),.PIECEWISE_BEZIER_KNOTS.);
#762 = CARTESIAN_POINT('',(56.,31.05));
#763 = CARTESIAN_POINT('',(56.,30.));
#764 = ( GEOMETRIC_REPRESENTATION_CONTEXT(2)
PARAMETRIC_REPRESENTATION_CONTEXT() REPRESENTATION_CONTEXT('2D SPACE',''
  ) );
#765 = ORIENTED_EDGE('',*,*,#701,.T.);
#766 = ORIENTED_EDGE('',*,*,#234,.F.);
#767 = ADVANCED_FACE('',(#768),#223,.F.);
#768 = FACE_BOUND('',#769,.F.);
#769 = EDGE_LOOP('',(#770,#791,#792,#793,#794,#815,#841,#867,#893,#919,
    #945,#971,#997,#1023));
#770 = ORIENTED_EDGE('',*,*,#771,.T.);
#771 = EDGE_CURVE('',#772,#651,#774,.T.);
#772 = VERTEX_POINT('',#773);
#773 = CARTESIAN_POINT('',(-5.2,4.821443109796E-16,-29.));
#774 = SURFACE_CURVE('',#775,(#779,#785),.PCURVE_S1.);
#775 = LINE('',#776,#777);
#776 = CARTESIAN_POINT('',(-20.,0.,-29.));
#777 = VECTOR('',#778,1.);
#778 = DIRECTION('',(-1.,0.,0.));
#779 = PCURVE('',#223,#780);
#780 = DEFINITIONAL_REPRESENTATION('',(#781),#784);
#781 = B_SPLINE_CURVE_WITH_KNOTS('',1,(#782,#783),.UNSPECIFIED.,.F.,.F.,
  (2,2),(-33.,-7.),.PIECEWISE_BEZIER_KNOTS.);
#782 = CARTESIAN_POINT('',(51.,53.));
#783 = CARTESIAN_POINT('',(51.,27.));
#784 = ( GEOMETRIC_REPRESENTATION_CONTEXT(2)
PARAMETRIC_REPRESENTATION_CONTEXT() REPRESENTATION_CONTEXT('2D SPACE',''
  ) );
#785 = PCURVE('',#576,#786);
#786 = DEFINITIONAL_REPRESENTATION('',(#787),#790);
#787 = B_SPLINE_CURVE_WITH_KNOTS('',1,(#788,#789),.UNSPECIFIED.,.F.,.F.,
  (2,2),(-33.,-7.),.PIECEWISE_BEZIER_KNOTS.);
#788 = CARTESIAN_POINT('',(13.,-1.152322960418E-15));
#789 = CARTESIAN_POINT('',(-13.,-1.152322960418E-15));
#790 = ( GEOMETRIC_REPRESENTATION_CONTEXT(2)
PARAMETRIC_REPRESENTATION_CONTEXT() REPRESENTATION_CONTEXT('2D SPACE',''
  ) );
#791 = ORIENTED_EDGE('',*,*,#678,.T.);
#792 = ORIENTED_EDGE('',*,*,#747,.T.);
#793 = ORIENTED_EDGE('',*,*,#208,.F.);
#794 = ORIENTED_EDGE('',*,*,#795,.T.);
#795 = EDGE_CURVE('',#176,#796,#798,.T.);
#796 = VERTEX_POINT('',#797);
#797 = CARTESIAN_POINT('',(-16.,1.959434878636E-15,-22.));
#798 = SURFACE_CURVE('',#799,(#803,#809),.PCURVE_S1.);
#799 = LINE('',#800,#801);
#800 = CARTESIAN_POINT('',(-20.,0.,-22.));
#801 = VECTOR('',#802,1.);
#802 = DIRECTION('',(-1.,0.,0.));
#803 = PCURVE('',#223,#804);
#804 = DEFINITIONAL_REPRESENTATION('',(#805),#808);
#805 = B_SPLINE_CURVE_WITH_KNOTS('',1,(#806,#807),.UNSPECIFIED.,.F.,.F.,
  (2,2),(-36.,-4.),.PIECEWISE_BEZIER_KNOTS.);
#806 = CARTESIAN_POINT('',(58.,56.));
#807 = CARTESIAN_POINT('',(58.,24.));
#808 = ( GEOMETRIC_REPRESENTATION_CONTEXT(2)
PARAMETRIC_REPRESENTATION_CONTEXT() REPRESENTATION_CONTEXT('2D SPACE',''
  ) );
#809 = PCURVE('',#192,#810);
#810 = DEFINITIONAL_REPRESENTATION('',(#811),#814);
#811 = B_SPLINE_CURVE_WITH_KNOTS('',1,(#812,#813),.UNSPECIFIED.,.F.,.F.,
  (2,2),(-36.,-4.),.PIECEWISE_BEZIER_KNOTS.);
#812 = CARTESIAN_POINT('',(16.,-1.398015239264E-15));
#813 = CARTESIAN_POINT('',(-16.,-1.398015239264E-15));
#814 = ( GEOMETRIC_REPRESENTATION_CONTEXT(2)
PARAMETRIC_REPRESENTATION_CONTEXT() REPRESENTATION_CONTEXT('2D SPACE',''
  ) );
#815 = ORIENTED_EDGE('',*,*,#816,.F.);
#816 = EDGE_CURVE('',#817,#796,#819,.T.);
#817 = VERTEX_POINT('',#818);
#818 = CARTESIAN_POINT('',(-16.,1.959434878636E-15,-19.));
#819 = SURFACE_CURVE('',#820,(#824,#830),.PCURVE_S1.);
#820 = LINE('',#821,#822);
#821 = CARTESIAN_POINT('',(-16.,0.,-22.));
#822 = VECTOR('',#823,1.);
#823 = DIRECTION('',(-0.,-0.,-1.));
#824 = PCURVE('',#223,#825);
#825 = DEFINITIONAL_REPRESENTATION('',(#826),#829);
#826 = B_SPLINE_CURVE_WITH_KNOTS('',1,(#827,#828),.UNSPECIFIED.,.F.,.F.,
  (2,2),(-3.0000006,5.999999999062E-07),.PIECEWISE_BEZIER_KNOTS.);
#827 = CARTESIAN_POINT('',(61.0000006,24.));
#828 = CARTESIAN_POINT('',(57.9999994,24.));
#829 = ( GEOMETRIC_REPRESENTATION_CONTEXT(2)
PARAMETRIC_REPRESENTATION_CONTEXT() REPRESENTATION_CONTEXT('2D SPACE',''
  ) );
#830 = PCURVE('',#831,#836);
#831 = CYLINDRICAL_SURFACE('',#832,16.);
#832 = AXIS2_PLACEMENT_3D('',#833,#834,#835);
#833 = CARTESIAN_POINT('',(0.,0.,-22.));
#834 = DIRECTION('',(-0.,-0.,-1.));
#835 = DIRECTION('',(1.,0.,0.));
#836 = DEFINITIONAL_REPRESENTATION('',(#837),#840);
#837 = B_SPLINE_CURVE_WITH_KNOTS('',1,(#838,#839),.UNSPECIFIED.,.F.,.F.,
  (2,2),(-3.0000006,5.999999999062E-07),.PIECEWISE_BEZIER_KNOTS.);
#838 = CARTESIAN_POINT('',(-3.14159265359,-3.0000006));
#839 = CARTESIAN_POINT('',(-3.14159265359,5.999999999062E-07));
#840 = ( GEOMETRIC_REPRESENTATION_CONTEXT(2)
PARAMETRIC_REPRESENTATION_CONTEXT() REPRESENTATION_CONTEXT('2D SPACE',''
  ) );
#841 = ORIENTED_EDGE('',*,*,#842,.F.);
#842 = EDGE_CURVE('',#843,#817,#845,.T.);
#843 = VERTEX_POINT('',#844);
#844 = CARTESIAN_POINT('',(-10.,-1.224646799147E-15,-19.));
#845 = SURFACE_CURVE('',#846,(#850,#856),.PCURVE_S1.);
#846 = LINE('',#847,#848);
#847 = CARTESIAN_POINT('',(-20.,0.,-19.));
#848 = VECTOR('',#849,1.);
#849 = DIRECTION('',(-1.,0.,0.));
#850 = PCURVE('',#223,#851);
#851 = DEFINITIONAL_REPRESENTATION('',(#852),#855);
#852 = B_SPLINE_CURVE_WITH_KNOTS('',1,(#853,#854),.UNSPECIFIED.,.F.,.F.,
  (2,2),(-36.,-4.),.PIECEWISE_BEZIER_KNOTS.);
#853 = CARTESIAN_POINT('',(61.,56.));
#854 = CARTESIAN_POINT('',(61.,24.));
#855 = ( GEOMETRIC_REPRESENTATION_CONTEXT(2)
PARAMETRIC_REPRESENTATION_CONTEXT() REPRESENTATION_CONTEXT('2D SPACE',''
  ) );
#856 = PCURVE('',#857,#862);
#857 = PLANE('',#858);
#858 = AXIS2_PLACEMENT_3D('',#859,#860,#861);
#859 = CARTESIAN_POINT('',(-1.025580099405E-15,1.398015239264E-15,-19.)
  );
#860 = DIRECTION('',(0.,0.,1.));
#861 = DIRECTION('',(1.,0.,-0.));
#862 = DEFINITIONAL_REPRESENTATION('',(#863),#866);
#863 = B_SPLINE_CURVE_WITH_KNOTS('',1,(#864,#865),.UNSPECIFIED.,.F.,.F.,
  (2,2),(-36.,-4.),.PIECEWISE_BEZIER_KNOTS.);
#864 = CARTESIAN_POINT('',(16.,-1.398015239264E-15));
#865 = CARTESIAN_POINT('',(-16.,-1.398015239264E-15));
#866 = ( GEOMETRIC_REPRESENTATION_CONTEXT(2)
PARAMETRIC_REPRESENTATION_CONTEXT() REPRESENTATION_CONTEXT('2D SPACE',''
  ) );
#867 = ORIENTED_EDGE('',*,*,#868,.F.);
#868 = EDGE_CURVE('',#869,#843,#871,.T.);
#869 = VERTEX_POINT('',#870);
#870 = CARTESIAN_POINT('',(-10.,1.224646799147E-15,-14.));
#871 = SURFACE_CURVE('',#872,(#876,#882),.PCURVE_S1.);
#872 = LINE('',#873,#874);
#873 = CARTESIAN_POINT('',(-10.,0.,-25.));
#874 = VECTOR('',#875,1.);
#875 = DIRECTION('',(-0.,-0.,-1.));
#876 = PCURVE('',#223,#877);
#877 = DEFINITIONAL_REPRESENTATION('',(#878),#881);
#878 = B_SPLINE_CURVE_WITH_KNOTS('',1,(#879,#880),.UNSPECIFIED.,.F.,.F.,
  (2,2),(-11.0000006,-5.9999994),.PIECEWISE_BEZIER_KNOTS.);
#879 = CARTESIAN_POINT('',(66.0000006,30.));
#880 = CARTESIAN_POINT('',(60.9999994,30.));
#881 = ( GEOMETRIC_REPRESENTATION_CONTEXT(2)
PARAMETRIC_REPRESENTATION_CONTEXT() REPRESENTATION_CONTEXT('2D SPACE',''
  ) );
#882 = PCURVE('',#883,#888);
#883 = CYLINDRICAL_SURFACE('',#884,10.);
#884 = AXIS2_PLACEMENT_3D('',#885,#886,#887);
#885 = CARTESIAN_POINT('',(0.,0.,-25.));
#886 = DIRECTION('',(-0.,-0.,-1.));
#887 = DIRECTION('',(1.,0.,0.));
#888 = DEFINITIONAL_REPRESENTATION('',(#889),#892);
#889 = B_SPLINE_CURVE_WITH_KNOTS('',1,(#890,#891),.UNSPECIFIED.,.F.,.F.,
  (2,2),(-11.0000006,-5.9999994),.PIECEWISE_BEZIER_KNOTS.);
#890 = CARTESIAN_POINT('',(-3.14159265359,-11.0000006));
#891 = CARTESIAN_POINT('',(-3.14159265359,-5.9999994));
#892 = ( GEOMETRIC_REPRESENTATION_CONTEXT(2)
PARAMETRIC_REPRESENTATION_CONTEXT() REPRESENTATION_CONTEXT('2D SPACE',''
  ) );
#893 = ORIENTED_EDGE('',*,*,#894,.F.);
#894 = EDGE_CURVE('',#895,#869,#897,.T.);
#895 = VERTEX_POINT('',#896);
#896 = CARTESIAN_POINT('',(-8.5,1.040949779275E-15,-14.));
#897 = SURFACE_CURVE('',#898,(#902,#908),.PCURVE_S1.);
#898 = LINE('',#899,#900);
#899 = CARTESIAN_POINT('',(-20.,0.,-14.));
#900 = VECTOR('',#901,1.);
#901 = DIRECTION('',(-1.,0.,0.));
#902 = PCURVE('',#223,#903);
#903 = DEFINITIONAL_REPRESENTATION('',(#904),#907);
#904 = B_SPLINE_CURVE_WITH_KNOTS('',1,(#905,#906),.UNSPECIFIED.,.F.,.F.,
  (2,2),(-30.,-10.),.PIECEWISE_BEZIER_KNOTS.);
#905 = CARTESIAN_POINT('',(66.,50.));
#906 = CARTESIAN_POINT('',(66.,30.));
#907 = ( GEOMETRIC_REPRESENTATION_CONTEXT(2)
PARAMETRIC_REPRESENTATION_CONTEXT() REPRESENTATION_CONTEXT('2D SPACE',''
  ) );
#908 = PCURVE('',#909,#914);
#909 = PLANE('',#910);
#910 = AXIS2_PLACEMENT_3D('',#911,#912,#913);
#911 = CARTESIAN_POINT('',(-5.469760530158E-16,6.857365063158E-16,-14.)
  );
#912 = DIRECTION('',(0.,0.,1.));
#913 = DIRECTION('',(1.,0.,-0.));
#914 = DEFINITIONAL_REPRESENTATION('',(#915),#918);
#915 = B_SPLINE_CURVE_WITH_KNOTS('',1,(#916,#917),.UNSPECIFIED.,.F.,.F.,
  (2,2),(-30.,-10.),.PIECEWISE_BEZIER_KNOTS.);
#916 = CARTESIAN_POINT('',(10.,-6.857365063158E-16));
#917 = CARTESIAN_POINT('',(-10.,-6.857365063158E-16));
#918 = ( GEOMETRIC_REPRESENTATION_CONTEXT(2)
PARAMETRIC_REPRESENTATION_CONTEXT() REPRESENTATION_CONTEXT('2D SPACE',''
  ) );
#919 = ORIENTED_EDGE('',*,*,#920,.F.);
#920 = EDGE_CURVE('',#921,#895,#923,.T.);
#921 = VERTEX_POINT('',#922);
#922 = CARTESIAN_POINT('',(-8.5,1.040949779275E-15,-0.8));
#923 = SURFACE_CURVE('',#924,(#928,#934),.PCURVE_S1.);
#924 = LINE('',#925,#926);
#925 = CARTESIAN_POINT('',(-8.5,0.,-14.));
#926 = VECTOR('',#927,1.);
#927 = DIRECTION('',(-0.,-0.,-1.));
#928 = PCURVE('',#223,#929);
#929 = DEFINITIONAL_REPRESENTATION('',(#930),#933);
#930 = B_SPLINE_CURVE_WITH_KNOTS('',1,(#931,#932),.UNSPECIFIED.,.F.,.F.,
  (2,2),(-13.2000006,5.999999999062E-07),.PIECEWISE_BEZIER_KNOTS.);
#931 = CARTESIAN_POINT('',(79.2000006,31.5));
#932 = CARTESIAN_POINT('',(65.9999994,31.5));
#933 = ( GEOMETRIC_REPRESENTATION_CONTEXT(2)
PARAMETRIC_REPRESENTATION_CONTEXT() REPRESENTATION_CONTEXT('2D SPACE',''
  ) );
#934 = PCURVE('',#935,#940);
#935 = CYLINDRICAL_SURFACE('',#936,8.5);
#936 = AXIS2_PLACEMENT_3D('',#937,#938,#939);
#937 = CARTESIAN_POINT('',(0.,0.,-14.));
#938 = DIRECTION('',(-0.,-0.,-1.));
#939 = DIRECTION('',(1.,0.,0.));
#940 = DEFINITIONAL_REPRESENTATION('',(#941),#944);
#941 = B_SPLINE_CURVE_WITH_KNOTS('',1,(#942,#943),.UNSPECIFIED.,.F.,.F.,
  (2,2),(-13.2000006,5.999999999062E-07),.PIECEWISE_BEZIER_KNOTS.);
#942 = CARTESIAN_POINT('',(-3.14159265359,-13.2000006));
#943 = CARTESIAN_POINT('',(-3.14159265359,5.999999999062E-07));
#944 = ( GEOMETRIC_REPRESENTATION_CONTEXT(2)
PARAMETRIC_REPRESENTATION_CONTEXT() REPRESENTATION_CONTEXT('2D SPACE',''
  ) );
#945 = ORIENTED_EDGE('',*,*,#946,.F.);
#946 = EDGE_CURVE('',#947,#921,#949,.T.);
#947 = VERTEX_POINT('',#948);
#948 = CARTESIAN_POINT('',(-7.,4.017208769962E-16,-0.8));
#949 = SURFACE_CURVE('',#950,(#954,#960),.PCURVE_S1.);
#950 = LINE('',#951,#952);
#951 = CARTESIAN_POINT('',(-20.,0.,-0.8));
#952 = VECTOR('',#953,1.);
#953 = DIRECTION('',(-1.,0.,0.));
#954 = PCURVE('',#223,#955);
#955 = DEFINITIONAL_REPRESENTATION('',(#956),#959);
#956 = B_SPLINE_CURVE_WITH_KNOTS('',1,(#957,#958),.UNSPECIFIED.,.F.,.F.,
  (2,2),(-28.5,-11.5),.PIECEWISE_BEZIER_KNOTS.);
#957 = CARTESIAN_POINT('',(79.2,48.5));
#958 = CARTESIAN_POINT('',(79.2,31.5));
#959 = ( GEOMETRIC_REPRESENTATION_CONTEXT(2)
PARAMETRIC_REPRESENTATION_CONTEXT() REPRESENTATION_CONTEXT('2D SPACE',''
  ) );
#960 = PCURVE('',#961,#966);
#961 = PLANE('',#962);
#962 = AXIS2_PLACEMENT_3D('',#963,#964,#965);
#963 = CARTESIAN_POINT('',(-6.435012388421E-16,6.182685985047E-16,-0.8)
  );
#964 = DIRECTION('',(0.,0.,1.));
#965 = DIRECTION('',(1.,0.,-0.));
#966 = DEFINITIONAL_REPRESENTATION('',(#967),#970);
#967 = B_SPLINE_CURVE_WITH_KNOTS('',1,(#968,#969),.UNSPECIFIED.,.F.,.F.,
  (2,2),(-28.5,-11.5),.PIECEWISE_BEZIER_KNOTS.);
#968 = CARTESIAN_POINT('',(8.5,-6.182685985047E-16));
#969 = CARTESIAN_POINT('',(-8.5,-6.182685985047E-16));
#970 = ( GEOMETRIC_REPRESENTATION_CONTEXT(2)
PARAMETRIC_REPRESENTATION_CONTEXT() REPRESENTATION_CONTEXT('2D SPACE',''
  ) );
#971 = ORIENTED_EDGE('',*,*,#972,.T.);
#972 = EDGE_CURVE('',#947,#973,#975,.T.);
#973 = VERTEX_POINT('',#974);
#974 = CARTESIAN_POINT('',(-7.,4.017208769962E-16,-4.2));
#975 = SURFACE_CURVE('',#976,(#980,#986),.PCURVE_S1.);
#976 = LINE('',#977,#978);
#977 = CARTESIAN_POINT('',(-7.,0.,-4.2));
#978 = VECTOR('',#979,1.);
#979 = DIRECTION('',(-0.,-0.,-1.));
#980 = PCURVE('',#223,#981);
#981 = DEFINITIONAL_REPRESENTATION('',(#982),#985);
#982 = B_SPLINE_CURVE_WITH_KNOTS('',1,(#983,#984),.UNSPECIFIED.,.F.,.F.,
  (2,2),(-3.4000006,5.999999999062E-07),.PIECEWISE_BEZIER_KNOTS.);
#983 = CARTESIAN_POINT('',(79.2000006,33.));
#984 = CARTESIAN_POINT('',(75.7999994,33.));
#985 = ( GEOMETRIC_REPRESENTATION_CONTEXT(2)
PARAMETRIC_REPRESENTATION_CONTEXT() REPRESENTATION_CONTEXT('2D SPACE',''
  ) );
#986 = PCURVE('',#987,#992);
#987 = CYLINDRICAL_SURFACE('',#988,7.);
#988 = AXIS2_PLACEMENT_3D('',#989,#990,#991);
#989 = CARTESIAN_POINT('',(4.068161849901E-14,-4.55531882407E-16,-4.2));
#990 = DIRECTION('',(-0.,-0.,-1.));
#991 = DIRECTION('',(1.,0.,0.));
#992 = DEFINITIONAL_REPRESENTATION('',(#993),#996);
#993 = B_SPLINE_CURVE_WITH_KNOTS('',1,(#994,#995),.UNSPECIFIED.,.F.,.F.,
  (2,2),(-3.4000006,5.999999999062E-07),.PIECEWISE_BEZIER_KNOTS.);
#994 = CARTESIAN_POINT('',(-3.14159265359,-3.4000006));
#995 = CARTESIAN_POINT('',(-3.14159265359,5.999999999062E-07));
#996 = ( GEOMETRIC_REPRESENTATION_CONTEXT(2)
PARAMETRIC_REPRESENTATION_CONTEXT() REPRESENTATION_CONTEXT('2D SPACE',''
  ) );
#997 = ORIENTED_EDGE('',*,*,#998,.F.);
#998 = EDGE_CURVE('',#999,#973,#1001,.T.);
#999 = VERTEX_POINT('',#1000);
#1000 = CARTESIAN_POINT('',(-5.2,1.812844531497E-16,-4.2));
#1001 = SURFACE_CURVE('',#1002,(#1006,#1012),.PCURVE_S1.);
#1002 = LINE('',#1003,#1004);
#1003 = CARTESIAN_POINT('',(-20.,0.,-4.2));
#1004 = VECTOR('',#1005,1.);
#1005 = DIRECTION('',(-1.,0.,0.));
#1006 = PCURVE('',#223,#1007);
#1007 = DEFINITIONAL_REPRESENTATION('',(#1008),#1011);
#1008 = B_SPLINE_CURVE_WITH_KNOTS('',1,(#1009,#1010),.UNSPECIFIED.,.F.,
  .F.,(2,2),(-27.,-13.),.PIECEWISE_BEZIER_KNOTS.);
#1009 = CARTESIAN_POINT('',(75.8,47.));
#1010 = CARTESIAN_POINT('',(75.8,33.));
#1011 = ( GEOMETRIC_REPRESENTATION_CONTEXT(2)
PARAMETRIC_REPRESENTATION_CONTEXT() REPRESENTATION_CONTEXT('2D SPACE',''
  ) );
#1012 = PCURVE('',#1013,#1018);
#1013 = PLANE('',#1014);
#1014 = AXIS2_PLACEMENT_3D('',#1015,#1016,#1017);
#1015 = CARTESIAN_POINT('',(-6.435012388421E-16,6.182685985047E-16,-4.2)
  );
#1016 = DIRECTION('',(0.,0.,1.));
#1017 = DIRECTION('',(1.,0.,-0.));
#1018 = DEFINITIONAL_REPRESENTATION('',(#1019),#1022);
#1019 = B_SPLINE_CURVE_WITH_KNOTS('',1,(#1020,#1021),.UNSPECIFIED.,.F.,
  .F.,(2,2),(-27.,-13.),.PIECEWISE_BEZIER_KNOTS.);
#1020 = CARTESIAN_POINT('',(7.,-6.182685985047E-16));
#1021 = CARTESIAN_POINT('',(-7.,-6.182685985047E-16));
#1022 = ( GEOMETRIC_REPRESENTATION_CONTEXT(2)
PARAMETRIC_REPRESENTATION_CONTEXT() REPRESENTATION_CONTEXT('2D SPACE',''
  ) );
#1023 = ORIENTED_EDGE('',*,*,#1024,.T.);
#1024 = EDGE_CURVE('',#999,#772,#1025,.T.);
#1025 = SURFACE_CURVE('',#1026,(#1030,#1036),.PCURVE_S1.);
#1026 = LINE('',#1027,#1028);
#1027 = CARTESIAN_POINT('',(-5.2,0.,-25.));
#1028 = VECTOR('',#1029,1.);
#1029 = DIRECTION('',(-0.,-0.,-1.));
#1030 = PCURVE('',#223,#1031);
#1031 = DEFINITIONAL_REPRESENTATION('',(#1032),#1035);
#1032 = B_SPLINE_CURVE_WITH_KNOTS('',1,(#1033,#1034),.UNSPECIFIED.,.F.,
  .F.,(2,2),(-20.8000006,4.0000006),.PIECEWISE_BEZIER_KNOTS.);
#1033 = CARTESIAN_POINT('',(75.8000006,34.8));
#1034 = CARTESIAN_POINT('',(50.9999994,34.8));
#1035 = ( GEOMETRIC_REPRESENTATION_CONTEXT(2)
PARAMETRIC_REPRESENTATION_CONTEXT() REPRESENTATION_CONTEXT('2D SPACE',''
  ) );
#1036 = PCURVE('',#1037,#1042);
#1037 = CYLINDRICAL_SURFACE('',#1038,5.2);
#1038 = AXIS2_PLACEMENT_3D('',#1039,#1040,#1041);
#1039 = CARTESIAN_POINT('',(4.77831664327E-14,1.725828681946E-16,-25.));
#1040 = DIRECTION('',(-0.,-0.,-1.));
#1041 = DIRECTION('',(1.,0.,0.));
#1042 = DEFINITIONAL_REPRESENTATION('',(#1043),#1046);
#1043 = B_SPLINE_CURVE_WITH_KNOTS('',1,(#1044,#1045),.UNSPECIFIED.,.F.,
  .F.,(2,2),(-20.8000006,4.0000006),.PIECEWISE_BEZIER_KNOTS.);
#1044 = CARTESIAN_POINT('',(-3.14159265359,-20.8000006));
#1045 = CARTESIAN_POINT('',(-3.14159265359,4.0000006));
#1046 = ( GEOMETRIC_REPRESENTATION_CONTEXT(2)
PARAMETRIC_REPRESENTATION_CONTEXT() REPRESENTATION_CONTEXT('2D SPACE',''
  ) );
#1047 = ADVANCED_FACE('',(#1048,#1154),#192,.F.);
#1048 = FACE_BOUND('',#1049,.F.);
#1049 = EDGE_LOOP('',(#1050,#1078,#1100,#1101,#1102,#1123));
#1050 = ORIENTED_EDGE('',*,*,#1051,.F.);
#1051 = EDGE_CURVE('',#1052,#1054,#1056,.T.);
#1052 = VERTEX_POINT('',#1053);
#1053 = CARTESIAN_POINT('',(16.,0.,-22.));
#1054 = VERTEX_POINT('',#1055);
#1055 = CARTESIAN_POINT('',(13.95,0.,-22.));
#1056 = SURFACE_CURVE('',#1057,(#1061,#1067),.PCURVE_S1.);
#1057 = LINE('',#1058,#1059);
#1058 = CARTESIAN_POINT('',(-20.,0.,-22.));
#1059 = VECTOR('',#1060,1.);
#1060 = DIRECTION('',(-1.,0.,0.));
#1061 = PCURVE('',#192,#1062);
#1062 = DEFINITIONAL_REPRESENTATION('',(#1063),#1066);
#1063 = B_SPLINE_CURVE_WITH_KNOTS('',1,(#1064,#1065),.UNSPECIFIED.,.F.,
  .F.,(2,2),(-36.,-4.),.PIECEWISE_BEZIER_KNOTS.);
#1064 = CARTESIAN_POINT('',(16.,-1.398015239264E-15));
#1065 = CARTESIAN_POINT('',(-16.,-1.398015239264E-15));
#1066 = ( GEOMETRIC_REPRESENTATION_CONTEXT(2)
PARAMETRIC_REPRESENTATION_CONTEXT() REPRESENTATION_CONTEXT('2D SPACE',''
  ) );
#1067 = PCURVE('',#1068,#1073);
#1068 = PLANE('',#1069);
#1069 = AXIS2_PLACEMENT_3D('',#1070,#1071,#1072);
#1070 = CARTESIAN_POINT('',(-40.,0.,-80.));
#1071 = DIRECTION('',(0.,1.,0.));
#1072 = DIRECTION('',(0.,0.,1.));
#1073 = DEFINITIONAL_REPRESENTATION('',(#1074),#1077);
#1074 = B_SPLINE_CURVE_WITH_KNOTS('',1,(#1075,#1076),.UNSPECIFIED.,.F.,
  .F.,(2,2),(-36.,-4.),.PIECEWISE_BEZIER_KNOTS.);
#1075 = CARTESIAN_POINT('',(58.,56.));
#1076 = CARTESIAN_POINT('',(58.,24.));
#1077 = ( GEOMETRIC_REPRESENTATION_CONTEXT(2)
PARAMETRIC_REPRESENTATION_CONTEXT() REPRESENTATION_CONTEXT('2D SPACE',''
  ) );
#1078 = ORIENTED_EDGE('',*,*,#1079,.T.);
#1079 = EDGE_CURVE('',#1052,#796,#1080,.T.);
#1080 = SURFACE_CURVE('',#1081,(#1086,#1093),.PCURVE_S1.);
#1081 = CIRCLE('',#1082,16.);
#1082 = AXIS2_PLACEMENT_3D('',#1083,#1084,#1085);
#1083 = CARTESIAN_POINT('',(0.,0.,-22.));
#1084 = DIRECTION('',(0.,0.,1.));
#1085 = DIRECTION('',(1.,0.,0.));
#1086 = PCURVE('',#192,#1087);
#1087 = DEFINITIONAL_REPRESENTATION('',(#1088),#1092);
#1088 = CIRCLE('',#1089,16.);
#1089 = AXIS2_PLACEMENT_2D('',#1090,#1091);
#1090 = CARTESIAN_POINT('',(1.025580099405E-15,-1.398015239264E-15));
#1091 = DIRECTION('',(1.,0.));
#1092 = ( GEOMETRIC_REPRESENTATION_CONTEXT(2)
PARAMETRIC_REPRESENTATION_CONTEXT() REPRESENTATION_CONTEXT('2D SPACE',''
  ) );
#1093 = PCURVE('',#831,#1094);
#1094 = DEFINITIONAL_REPRESENTATION('',(#1095),#1099);
#1095 = LINE('',#1096,#1097);
#1096 = CARTESIAN_POINT('',(-0.,0.));
#1097 = VECTOR('',#1098,1.);
#1098 = DIRECTION('',(-1.,0.));
#1099 = ( GEOMETRIC_REPRESENTATION_CONTEXT(2)
PARAMETRIC_REPRESENTATION_CONTEXT() REPRESENTATION_CONTEXT('2D SPACE',''
  ) );
#1100 = ORIENTED_EDGE('',*,*,#795,.F.);
#1101 = ORIENTED_EDGE('',*,*,#175,.T.);
#1102 = ORIENTED_EDGE('',*,*,#1103,.F.);
#1103 = EDGE_CURVE('',#1104,#148,#1106,.T.);
#1104 = VERTEX_POINT('',#1105);
#1105 = CARTESIAN_POINT('',(11.05,-1.775737858764E-16,-22.));
#1106 = SURFACE_CURVE('',#1107,(#1111,#1117),.PCURVE_S1.);
#1107 = LINE('',#1108,#1109);
#1108 = CARTESIAN_POINT('',(-20.,0.,-22.));
#1109 = VECTOR('',#1110,1.);
#1110 = DIRECTION('',(-1.,0.,0.));
#1111 = PCURVE('',#192,#1112);
#1112 = DEFINITIONAL_REPRESENTATION('',(#1113),#1116);
#1113 = B_SPLINE_CURVE_WITH_KNOTS('',1,(#1114,#1115),.UNSPECIFIED.,.F.,
  .F.,(2,2),(-36.,-4.),.PIECEWISE_BEZIER_KNOTS.);
#1114 = CARTESIAN_POINT('',(16.,-1.398015239264E-15));
#1115 = CARTESIAN_POINT('',(-16.,-1.398015239264E-15));
#1116 = ( GEOMETRIC_REPRESENTATION_CONTEXT(2)
PARAMETRIC_REPRESENTATION_CONTEXT() REPRESENTATION_CONTEXT('2D SPACE',''
  ) );
#1117 = PCURVE('',#163,#1118);
#1118 = DEFINITIONAL_REPRESENTATION('',(#1119),#1122);
#1119 = B_SPLINE_CURVE_WITH_KNOTS('',1,(#1120,#1121),.UNSPECIFIED.,.F.,
  .F.,(2,2),(-36.,-4.),.PIECEWISE_BEZIER_KNOTS.);
#1120 = CARTESIAN_POINT('',(58.,56.));
#1121 = CARTESIAN_POINT('',(58.,24.));
#1122 = ( GEOMETRIC_REPRESENTATION_CONTEXT(2)
PARAMETRIC_REPRESENTATION_CONTEXT() REPRESENTATION_CONTEXT('2D SPACE',''
  ) );
#1123 = ORIENTED_EDGE('',*,*,#1124,.T.);
#1124 = EDGE_CURVE('',#1104,#1054,#1125,.T.);
#1125 = SURFACE_CURVE('',#1126,(#1131,#1142),.PCURVE_S1.);
#1126 = CIRCLE('',#1127,1.45);
#1127 = AXIS2_PLACEMENT_3D('',#1128,#1129,#1130);
#1128 = CARTESIAN_POINT('',(12.5,0.,-22.));
#1129 = DIRECTION('',(0.,0.,-1.));
#1130 = DIRECTION('',(1.,0.,0.));
#1131 = PCURVE('',#192,#1132);
#1132 = DEFINITIONAL_REPRESENTATION('',(#1133),#1141);
#1133 = ( BOUNDED_CURVE() B_SPLINE_CURVE(2,(#1134,#1135,#1136,#1137,
#1138,#1139,#1140),.UNSPECIFIED.,.T.,.F.) B_SPLINE_CURVE_WITH_KNOTS((1,2
    ,2,2,2,1),(-2.094395102393,0.,2.094395102393,4.188790204786,
6.28318530718,8.377580409573),.UNSPECIFIED.) CURVE()
GEOMETRIC_REPRESENTATION_ITEM() RATIONAL_B_SPLINE_CURVE((1.,0.5,1.,0.5,
1.,0.5,1.)) REPRESENTATION_ITEM('') );
#1134 = CARTESIAN_POINT('',(13.95,-1.398015239264E-15));
#1135 = CARTESIAN_POINT('',(13.95,-2.511473670975));
#1136 = CARTESIAN_POINT('',(11.775,-1.255736835487));
#1137 = CARTESIAN_POINT('',(9.6,-1.753162811017E-15));
#1138 = CARTESIAN_POINT('',(11.775,1.255736835487));
#1139 = CARTESIAN_POINT('',(13.95,2.511473670975));
#1140 = CARTESIAN_POINT('',(13.95,-1.398015239264E-15));
#1141 = ( GEOMETRIC_REPRESENTATION_CONTEXT(2)
PARAMETRIC_REPRESENTATION_CONTEXT() REPRESENTATION_CONTEXT('2D SPACE',''
  ) );
#1142 = PCURVE('',#1143,#1148);
#1143 = CYLINDRICAL_SURFACE('',#1144,1.45);
#1144 = AXIS2_PLACEMENT_3D('',#1145,#1146,#1147);
#1145 = CARTESIAN_POINT('',(12.5,0.,-25.));
#1146 = DIRECTION('',(-0.,-0.,-1.));
#1147 = DIRECTION('',(1.,0.,0.));
#1148 = DEFINITIONAL_REPRESENTATION('',(#1149),#1153);
#1149 = LINE('',#1150,#1151);
#1150 = CARTESIAN_POINT('',(-6.28318530718,-3.));
#1151 = VECTOR('',#1152,1.);
#1152 = DIRECTION('',(1.,-0.));
#1153 = ( GEOMETRIC_REPRESENTATION_CONTEXT(2)
PARAMETRIC_REPRESENTATION_CONTEXT() REPRESENTATION_CONTEXT('2D SPACE',''
  ) );
#1154 = FACE_BOUND('',#1155,.F.);
#1155 = EDGE_LOOP('',(#1156));
#1156 = ORIENTED_EDGE('',*,*,#1157,.T.);
#1157 = EDGE_CURVE('',#1158,#1158,#1160,.T.);
#1158 = VERTEX_POINT('',#1159);
#1159 = CARTESIAN_POINT('',(-4.8,10.825317547305,-22.));
#1160 = SURFACE_CURVE('',#1161,(#1166,#1177),.PCURVE_S1.);
#1161 = CIRCLE('',#1162,1.45);
#1162 = AXIS2_PLACEMENT_3D('',#1163,#1164,#1165);
#1163 = CARTESIAN_POINT('',(-6.25,10.825317547305,-22.));
#1164 = DIRECTION('',(0.,0.,-1.));
#1165 = DIRECTION('',(1.,0.,0.));
#1166 = PCURVE('',#192,#1167);
#1167 = DEFINITIONAL_REPRESENTATION('',(#1168),#1176);
#1168 = ( BOUNDED_CURVE() B_SPLINE_CURVE(2,(#1169,#1170,#1171,#1172,
#1173,#1174,#1175),.UNSPECIFIED.,.T.,.F.) B_SPLINE_CURVE_WITH_KNOTS((1,2
    ,2,2,2,1),(-2.094395102393,0.,2.094395102393,4.188790204786,
6.28318530718,8.377580409573),.UNSPECIFIED.) CURVE()
GEOMETRIC_REPRESENTATION_ITEM() RATIONAL_B_SPLINE_CURVE((1.,0.5,1.,0.5,
1.,0.5,1.)) REPRESENTATION_ITEM('') );
#1169 = CARTESIAN_POINT('',(-4.8,10.825317547305));
#1170 = CARTESIAN_POINT('',(-4.8,8.313843876331));
#1171 = CARTESIAN_POINT('',(-6.975,9.569580711818));
#1172 = CARTESIAN_POINT('',(-9.15,10.825317547305));
#1173 = CARTESIAN_POINT('',(-6.975,12.081054382793));
#1174 = CARTESIAN_POINT('',(-4.8,13.33679121828));
#1175 = CARTESIAN_POINT('',(-4.8,10.825317547305));
#1176 = ( GEOMETRIC_REPRESENTATION_CONTEXT(2)
PARAMETRIC_REPRESENTATION_CONTEXT() REPRESENTATION_CONTEXT('2D SPACE',''
  ) );
#1177 = PCURVE('',#1178,#1183);
#1178 = CYLINDRICAL_SURFACE('',#1179,1.45);
#1179 = AXIS2_PLACEMENT_3D('',#1180,#1181,#1182);
#1180 = CARTESIAN_POINT('',(-6.25,10.825317547305,-25.));
#1181 = DIRECTION('',(-0.,-0.,-1.));
#1182 = DIRECTION('',(1.,0.,0.));
#1183 = DEFINITIONAL_REPRESENTATION('',(#1184),#1188);
#1184 = LINE('',#1185,#1186);
#1185 = CARTESIAN_POINT('',(-6.28318530718,-3.));
#1186 = VECTOR('',#1187,1.);
#1187 = DIRECTION('',(1.,-0.));
#1188 = ( GEOMETRIC_REPRESENTATION_CONTEXT(2)
PARAMETRIC_REPRESENTATION_CONTEXT() REPRESENTATION_CONTEXT('2D SPACE',''
  ) );
#1189 = ADVANCED_FACE('',(#1190),#163,.F.);
#1190 = FACE_BOUND('',#1191,.F.);
#1191 = EDGE_LOOP('',(#1192,#1193,#1194,#1217,#1238,#1261,#1282,#1305,
    #1326,#1349,#1370,#1393,#1414,#1433));
#1192 = ORIENTED_EDGE('',*,*,#147,.F.);
#1193 = ORIENTED_EDGE('',*,*,#398,.F.);
#1194 = ORIENTED_EDGE('',*,*,#1195,.F.);
#1195 = EDGE_CURVE('',#1196,#399,#1198,.T.);
#1196 = VERTEX_POINT('',#1197);
#1197 = CARTESIAN_POINT('',(13.,0.,-29.));
#1198 = SURFACE_CURVE('',#1199,(#1203,#1210),.PCURVE_S1.);
#1199 = LINE('',#1200,#1201);
#1200 = CARTESIAN_POINT('',(13.,0.,-29.));
#1201 = VECTOR('',#1202,1.);
#1202 = DIRECTION('',(0.,0.,1.));
#1203 = PCURVE('',#163,#1204);
#1204 = DEFINITIONAL_REPRESENTATION('',(#1205),#1209);
#1205 = LINE('',#1206,#1207);
#1206 = CARTESIAN_POINT('',(51.,53.));
#1207 = VECTOR('',#1208,1.);
#1208 = DIRECTION('',(1.,0.));
#1209 = ( GEOMETRIC_REPRESENTATION_CONTEXT(2)
PARAMETRIC_REPRESENTATION_CONTEXT() REPRESENTATION_CONTEXT('2D SPACE',''
  ) );
#1210 = PCURVE('',#436,#1211);
#1211 = DEFINITIONAL_REPRESENTATION('',(#1212),#1216);
#1212 = LINE('',#1213,#1214);
#1213 = CARTESIAN_POINT('',(-0.,0.));
#1214 = VECTOR('',#1215,1.);
#1215 = DIRECTION('',(-0.,-1.));
#1216 = ( GEOMETRIC_REPRESENTATION_CONTEXT(2)
PARAMETRIC_REPRESENTATION_CONTEXT() REPRESENTATION_CONTEXT('2D SPACE',''
  ) );
#1217 = ORIENTED_EDGE('',*,*,#1218,.T.);
#1218 = EDGE_CURVE('',#1196,#1219,#1221,.T.);
#1219 = VERTEX_POINT('',#1220);
#1220 = CARTESIAN_POINT('',(5.2,-1.546720245771E-16,-29.));
#1221 = SURFACE_CURVE('',#1222,(#1226,#1232),.PCURVE_S1.);
#1222 = LINE('',#1223,#1224);
#1223 = CARTESIAN_POINT('',(-20.,0.,-29.));
#1224 = VECTOR('',#1225,1.);
#1225 = DIRECTION('',(-1.,0.,0.));
#1226 = PCURVE('',#163,#1227);
#1227 = DEFINITIONAL_REPRESENTATION('',(#1228),#1231);
#1228 = B_SPLINE_CURVE_WITH_KNOTS('',1,(#1229,#1230),.UNSPECIFIED.,.F.,
  .F.,(2,2),(-33.,-7.),.PIECEWISE_BEZIER_KNOTS.);
#1229 = CARTESIAN_POINT('',(51.,53.));
#1230 = CARTESIAN_POINT('',(51.,27.));
#1231 = ( GEOMETRIC_REPRESENTATION_CONTEXT(2)
PARAMETRIC_REPRESENTATION_CONTEXT() REPRESENTATION_CONTEXT('2D SPACE',''
  ) );
#1232 = PCURVE('',#576,#1233);
#1233 = DEFINITIONAL_REPRESENTATION('',(#1234),#1237);
#1234 = B_SPLINE_CURVE_WITH_KNOTS('',1,(#1235,#1236),.UNSPECIFIED.,.F.,
  .F.,(2,2),(-33.,-7.),.PIECEWISE_BEZIER_KNOTS.);
#1235 = CARTESIAN_POINT('',(13.,-1.152322960418E-15));
#1236 = CARTESIAN_POINT('',(-13.,-1.152322960418E-15));
#1237 = ( GEOMETRIC_REPRESENTATION_CONTEXT(2)
PARAMETRIC_REPRESENTATION_CONTEXT() REPRESENTATION_CONTEXT('2D SPACE',''
  ) );
#1238 = ORIENTED_EDGE('',*,*,#1239,.T.);
#1239 = EDGE_CURVE('',#1219,#1240,#1242,.T.);
#1240 = VERTEX_POINT('',#1241);
#1241 = CARTESIAN_POINT('',(5.2,-4.55531882407E-16,-4.2));
#1242 = SURFACE_CURVE('',#1243,(#1247,#1254),.PCURVE_S1.);
#1243 = LINE('',#1244,#1245);
#1244 = CARTESIAN_POINT('',(5.2,-1.546720245771E-16,-29.));
#1245 = VECTOR('',#1246,1.);
#1246 = DIRECTION('',(-8.2371385698E-16,-1.213144588024E-17,1.));
#1247 = PCURVE('',#163,#1248);
#1248 = DEFINITIONAL_REPRESENTATION('',(#1249),#1253);
#1249 = LINE('',#1250,#1251);
#1250 = CARTESIAN_POINT('',(51.,45.2));
#1251 = VECTOR('',#1252,1.);
#1252 = DIRECTION('',(1.,-8.2371385698E-16));
#1253 = ( GEOMETRIC_REPRESENTATION_CONTEXT(2)
PARAMETRIC_REPRESENTATION_CONTEXT() REPRESENTATION_CONTEXT('2D SPACE',''
  ) );
#1254 = PCURVE('',#1037,#1255);
#1255 = DEFINITIONAL_REPRESENTATION('',(#1256),#1260);
#1256 = LINE('',#1257,#1258);
#1257 = CARTESIAN_POINT('',(-0.,4.));
#1258 = VECTOR('',#1259,1.);
#1259 = DIRECTION('',(-0.,-1.));
#1260 = ( GEOMETRIC_REPRESENTATION_CONTEXT(2)
PARAMETRIC_REPRESENTATION_CONTEXT() REPRESENTATION_CONTEXT('2D SPACE',''
  ) );
#1261 = ORIENTED_EDGE('',*,*,#1262,.F.);
#1262 = EDGE_CURVE('',#1263,#1240,#1265,.T.);
#1263 = VERTEX_POINT('',#1264);
#1264 = CARTESIAN_POINT('',(7.,-4.55531882407E-16,-4.2));
#1265 = SURFACE_CURVE('',#1266,(#1270,#1276),.PCURVE_S1.);
#1266 = LINE('',#1267,#1268);
#1267 = CARTESIAN_POINT('',(-20.,0.,-4.2));
#1268 = VECTOR('',#1269,1.);
#1269 = DIRECTION('',(-1.,0.,0.));
#1270 = PCURVE('',#163,#1271);
#1271 = DEFINITIONAL_REPRESENTATION('',(#1272),#1275);
#1272 = B_SPLINE_CURVE_WITH_KNOTS('',1,(#1273,#1274),.UNSPECIFIED.,.F.,
  .F.,(2,2),(-27.,-13.),.PIECEWISE_BEZIER_KNOTS.);
#1273 = CARTESIAN_POINT('',(75.8,47.));
#1274 = CARTESIAN_POINT('',(75.8,33.));
#1275 = ( GEOMETRIC_REPRESENTATION_CONTEXT(2)
PARAMETRIC_REPRESENTATION_CONTEXT() REPRESENTATION_CONTEXT('2D SPACE',''
  ) );
#1276 = PCURVE('',#1013,#1277);
#1277 = DEFINITIONAL_REPRESENTATION('',(#1278),#1281);
#1278 = B_SPLINE_CURVE_WITH_KNOTS('',1,(#1279,#1280),.UNSPECIFIED.,.F.,
  .F.,(2,2),(-27.,-13.),.PIECEWISE_BEZIER_KNOTS.);
#1279 = CARTESIAN_POINT('',(7.,-6.182685985047E-16));
#1280 = CARTESIAN_POINT('',(-7.,-6.182685985047E-16));
#1281 = ( GEOMETRIC_REPRESENTATION_CONTEXT(2)
PARAMETRIC_REPRESENTATION_CONTEXT() REPRESENTATION_CONTEXT('2D SPACE',''
  ) );
#1282 = ORIENTED_EDGE('',*,*,#1283,.T.);
#1283 = EDGE_CURVE('',#1263,#1284,#1286,.T.);
#1284 = VERTEX_POINT('',#1285);
#1285 = CARTESIAN_POINT('',(7.,-4.55531882407E-16,-0.8));
#1286 = SURFACE_CURVE('',#1287,(#1291,#1298),.PCURVE_S1.);
#1287 = LINE('',#1288,#1289);
#1288 = CARTESIAN_POINT('',(7.,-4.55531882407E-16,-4.2));
#1289 = VECTOR('',#1290,1.);
#1290 = DIRECTION('',(0.,0.,1.));
#1291 = PCURVE('',#163,#1292);
#1292 = DEFINITIONAL_REPRESENTATION('',(#1293),#1297);
#1293 = LINE('',#1294,#1295);
#1294 = CARTESIAN_POINT('',(75.8,47.));
#1295 = VECTOR('',#1296,1.);
#1296 = DIRECTION('',(1.,0.));
#1297 = ( GEOMETRIC_REPRESENTATION_CONTEXT(2)
PARAMETRIC_REPRESENTATION_CONTEXT() REPRESENTATION_CONTEXT('2D SPACE',''
  ) );
#1298 = PCURVE('',#987,#1299);
#1299 = DEFINITIONAL_REPRESENTATION('',(#1300),#1304);
#1300 = LINE('',#1301,#1302);
#1301 = CARTESIAN_POINT('',(-0.,0.));
#1302 = VECTOR('',#1303,1.);
#1303 = DIRECTION('',(-0.,-1.));
#1304 = ( GEOMETRIC_REPRESENTATION_CONTEXT(2)
PARAMETRIC_REPRESENTATION_CONTEXT() REPRESENTATION_CONTEXT('2D SPACE',''
  ) );
#1305 = ORIENTED_EDGE('',*,*,#1306,.F.);
#1306 = EDGE_CURVE('',#1307,#1284,#1309,.T.);
#1307 = VERTEX_POINT('',#1308);
#1308 = CARTESIAN_POINT('',(8.5,0.,-0.8));
#1309 = SURFACE_CURVE('',#1310,(#1314,#1320),.PCURVE_S1.);
#1310 = LINE('',#1311,#1312);
#1311 = CARTESIAN_POINT('',(-20.,0.,-0.8));
#1312 = VECTOR('',#1313,1.);
#1313 = DIRECTION('',(-1.,0.,0.));
#1314 = PCURVE('',#163,#1315);
#1315 = DEFINITIONAL_REPRESENTATION('',(#1316),#1319);
#1316 = B_SPLINE_CURVE_WITH_KNOTS('',1,(#1317,#1318),.UNSPECIFIED.,.F.,
  .F.,(2,2),(-28.5,-11.5),.PIECEWISE_BEZIER_KNOTS.);
#1317 = CARTESIAN_POINT('',(79.2,48.5));
#1318 = CARTESIAN_POINT('',(79.2,31.5));
#1319 = ( GEOMETRIC_REPRESENTATION_CONTEXT(2)
PARAMETRIC_REPRESENTATION_CONTEXT() REPRESENTATION_CONTEXT('2D SPACE',''
  ) );
#1320 = PCURVE('',#961,#1321);
#1321 = DEFINITIONAL_REPRESENTATION('',(#1322),#1325);
#1322 = B_SPLINE_CURVE_WITH_KNOTS('',1,(#1323,#1324),.UNSPECIFIED.,.F.,
  .F.,(2,2),(-28.5,-11.5),.PIECEWISE_BEZIER_KNOTS.);
#1323 = CARTESIAN_POINT('',(8.5,-6.182685985047E-16));
#1324 = CARTESIAN_POINT('',(-8.5,-6.182685985047E-16));
#1325 = ( GEOMETRIC_REPRESENTATION_CONTEXT(2)
PARAMETRIC_REPRESENTATION_CONTEXT() REPRESENTATION_CONTEXT('2D SPACE',''
  ) );
#1326 = ORIENTED_EDGE('',*,*,#1327,.T.);
#1327 = EDGE_CURVE('',#1307,#1328,#1330,.T.);
#1328 = VERTEX_POINT('',#1329);
#1329 = CARTESIAN_POINT('',(8.5,0.,-14.));
#1330 = SURFACE_CURVE('',#1331,(#1335,#1342),.PCURVE_S1.);
#1331 = LINE('',#1332,#1333);
#1332 = CARTESIAN_POINT('',(8.5,0.,-0.8));
#1333 = VECTOR('',#1334,1.);
#1334 = DIRECTION('',(0.,0.,-1.));
#1335 = PCURVE('',#163,#1336);
#1336 = DEFINITIONAL_REPRESENTATION('',(#1337),#1341);
#1337 = LINE('',#1338,#1339);
#1338 = CARTESIAN_POINT('',(79.2,48.5));
#1339 = VECTOR('',#1340,1.);
#1340 = DIRECTION('',(-1.,0.));
#1341 = ( GEOMETRIC_REPRESENTATION_CONTEXT(2)
PARAMETRIC_REPRESENTATION_CONTEXT() REPRESENTATION_CONTEXT('2D SPACE',''
  ) );
#1342 = PCURVE('',#935,#1343);
#1343 = DEFINITIONAL_REPRESENTATION('',(#1344),#1348);
#1344 = LINE('',#1345,#1346);
#1345 = CARTESIAN_POINT('',(-0.,-13.2));
#1346 = VECTOR('',#1347,1.);
#1347 = DIRECTION('',(0.,1.));
#1348 = ( GEOMETRIC_REPRESENTATION_CONTEXT(2)
PARAMETRIC_REPRESENTATION_CONTEXT() REPRESENTATION_CONTEXT('2D SPACE',''
  ) );
#1349 = ORIENTED_EDGE('',*,*,#1350,.F.);
#1350 = EDGE_CURVE('',#1351,#1328,#1353,.T.);
#1351 = VERTEX_POINT('',#1352);
#1352 = CARTESIAN_POINT('',(10.,0.,-14.));
#1353 = SURFACE_CURVE('',#1354,(#1358,#1364),.PCURVE_S1.);
#1354 = LINE('',#1355,#1356);
#1355 = CARTESIAN_POINT('',(-20.,0.,-14.));
#1356 = VECTOR('',#1357,1.);
#1357 = DIRECTION('',(-1.,0.,0.));
#1358 = PCURVE('',#163,#1359);
#1359 = DEFINITIONAL_REPRESENTATION('',(#1360),#1363);
#1360 = B_SPLINE_CURVE_WITH_KNOTS('',1,(#1361,#1362),.UNSPECIFIED.,.F.,
  .F.,(2,2),(-30.,-10.),.PIECEWISE_BEZIER_KNOTS.);
#1361 = CARTESIAN_POINT('',(66.,50.));
#1362 = CARTESIAN_POINT('',(66.,30.));
#1363 = ( GEOMETRIC_REPRESENTATION_CONTEXT(2)
PARAMETRIC_REPRESENTATION_CONTEXT() REPRESENTATION_CONTEXT('2D SPACE',''
  ) );
#1364 = PCURVE('',#909,#1365);
#1365 = DEFINITIONAL_REPRESENTATION('',(#1366),#1369);
#1366 = B_SPLINE_CURVE_WITH_KNOTS('',1,(#1367,#1368),.UNSPECIFIED.,.F.,
  .F.,(2,2),(-30.,-10.),.PIECEWISE_BEZIER_KNOTS.);
#1367 = CARTESIAN_POINT('',(10.,-6.857365063158E-16));
#1368 = CARTESIAN_POINT('',(-10.,-6.857365063158E-16));
#1369 = ( GEOMETRIC_REPRESENTATION_CONTEXT(2)
PARAMETRIC_REPRESENTATION_CONTEXT() REPRESENTATION_CONTEXT('2D SPACE',''
  ) );
#1370 = ORIENTED_EDGE('',*,*,#1371,.F.);
#1371 = EDGE_CURVE('',#1372,#1351,#1374,.T.);
#1372 = VERTEX_POINT('',#1373);
#1373 = CARTESIAN_POINT('',(10.,0.,-19.));
#1374 = SURFACE_CURVE('',#1375,(#1379,#1386),.PCURVE_S1.);
#1375 = LINE('',#1376,#1377);
#1376 = CARTESIAN_POINT('',(10.,0.,-25.));
#1377 = VECTOR('',#1378,1.);
#1378 = DIRECTION('',(0.,0.,1.));
#1379 = PCURVE('',#163,#1380);
#1380 = DEFINITIONAL_REPRESENTATION('',(#1381),#1385);
#1381 = LINE('',#1382,#1383);
#1382 = CARTESIAN_POINT('',(55.,50.));
#1383 = VECTOR('',#1384,1.);
#1384 = DIRECTION('',(1.,0.));
#1385 = ( GEOMETRIC_REPRESENTATION_CONTEXT(2)
PARAMETRIC_REPRESENTATION_CONTEXT() REPRESENTATION_CONTEXT('2D SPACE',''
  ) );
#1386 = PCURVE('',#883,#1387);
#1387 = DEFINITIONAL_REPRESENTATION('',(#1388),#1392);
#1388 = LINE('',#1389,#1390);
#1389 = CARTESIAN_POINT('',(-0.,0.));
#1390 = VECTOR('',#1391,1.);
#1391 = DIRECTION('',(-0.,-1.));
#1392 = ( GEOMETRIC_REPRESENTATION_CONTEXT(2)
PARAMETRIC_REPRESENTATION_CONTEXT() REPRESENTATION_CONTEXT('2D SPACE',''
  ) );
#1393 = ORIENTED_EDGE('',*,*,#1394,.F.);
#1394 = EDGE_CURVE('',#1395,#1372,#1397,.T.);
#1395 = VERTEX_POINT('',#1396);
#1396 = CARTESIAN_POINT('',(11.05,-1.775737858764E-16,-19.));
#1397 = SURFACE_CURVE('',#1398,(#1402,#1408),.PCURVE_S1.);
#1398 = LINE('',#1399,#1400);
#1399 = CARTESIAN_POINT('',(-20.,0.,-19.));
#1400 = VECTOR('',#1401,1.);
#1401 = DIRECTION('',(-1.,0.,0.));
#1402 = PCURVE('',#163,#1403);
#1403 = DEFINITIONAL_REPRESENTATION('',(#1404),#1407);
#1404 = B_SPLINE_CURVE_WITH_KNOTS('',1,(#1405,#1406),.UNSPECIFIED.,.F.,
  .F.,(2,2),(-36.,-4.),.PIECEWISE_BEZIER_KNOTS.);
#1405 = CARTESIAN_POINT('',(61.,56.));
#1406 = CARTESIAN_POINT('',(61.,24.));
#1407 = ( GEOMETRIC_REPRESENTATION_CONTEXT(2)
PARAMETRIC_REPRESENTATION_CONTEXT() REPRESENTATION_CONTEXT('2D SPACE',''
  ) );
#1408 = PCURVE('',#857,#1409);
#1409 = DEFINITIONAL_REPRESENTATION('',(#1410),#1413);
#1410 = B_SPLINE_CURVE_WITH_KNOTS('',1,(#1411,#1412),.UNSPECIFIED.,.F.,
  .F.,(2,2),(-36.,-4.),.PIECEWISE_BEZIER_KNOTS.);
#1411 = CARTESIAN_POINT('',(16.,-1.398015239264E-15));
#1412 = CARTESIAN_POINT('',(-16.,-1.398015239264E-15));
#1413 = ( GEOMETRIC_REPRESENTATION_CONTEXT(2)
PARAMETRIC_REPRESENTATION_CONTEXT() REPRESENTATION_CONTEXT('2D SPACE',''
  ) );
#1414 = ORIENTED_EDGE('',*,*,#1415,.T.);
#1415 = EDGE_CURVE('',#1395,#1104,#1416,.T.);
#1416 = SURFACE_CURVE('',#1417,(#1421,#1427),.PCURVE_S1.);
#1417 = LINE('',#1418,#1419);
#1418 = CARTESIAN_POINT('',(11.05,0.,-25.));
#1419 = VECTOR('',#1420,1.);
#1420 = DIRECTION('',(-0.,-0.,-1.));
#1421 = PCURVE('',#163,#1422);
#1422 = DEFINITIONAL_REPRESENTATION('',(#1423),#1426);
#1423 = B_SPLINE_CURVE_WITH_KNOTS('',1,(#1424,#1425),.UNSPECIFIED.,.F.,
  .F.,(2,2),(-6.0000006,-2.9999994),.PIECEWISE_BEZIER_KNOTS.);
#1424 = CARTESIAN_POINT('',(61.0000006,51.05));
#1425 = CARTESIAN_POINT('',(57.9999994,51.05));
#1426 = ( GEOMETRIC_REPRESENTATION_CONTEXT(2)
PARAMETRIC_REPRESENTATION_CONTEXT() REPRESENTATION_CONTEXT('2D SPACE',''
  ) );
#1427 = PCURVE('',#1143,#1428);
#1428 = DEFINITIONAL_REPRESENTATION('',(#1429),#1432);
#1429 = B_SPLINE_CURVE_WITH_KNOTS('',1,(#1430,#1431),.UNSPECIFIED.,.F.,
  .F.,(2,2),(-6.0000006,-2.9999994),.PIECEWISE_BEZIER_KNOTS.);
#1430 = CARTESIAN_POINT('',(-3.14159265359,-6.0000006));
#1431 = CARTESIAN_POINT('',(-3.14159265359,-2.9999994));
#1432 = ( GEOMETRIC_REPRESENTATION_CONTEXT(2)
PARAMETRIC_REPRESENTATION_CONTEXT() REPRESENTATION_CONTEXT('2D SPACE',''
  ) );
#1433 = ORIENTED_EDGE('',*,*,#1103,.T.);
#1434 = ADVANCED_FACE('',(#1435),#463,.F.);
#1435 = FACE_BOUND('',#1436,.F.);
#1436 = EDGE_LOOP('',(#1437,#1438,#1439,#1460));
#1437 = ORIENTED_EDGE('',*,*,#448,.F.);
#1438 = ORIENTED_EDGE('',*,*,#725,.T.);
#1439 = ORIENTED_EDGE('',*,*,#1440,.T.);
#1440 = EDGE_CURVE('',#649,#1441,#1443,.T.);
#1441 = VERTEX_POINT('',#1442);
#1442 = CARTESIAN_POINT('',(-13.,1.592040838892E-15,-29.));
#1443 = SURFACE_CURVE('',#1444,(#1448,#1454),.PCURVE_S1.);
#1444 = LINE('',#1445,#1446);
#1445 = CARTESIAN_POINT('',(-20.,0.,-29.));
#1446 = VECTOR('',#1447,1.);
#1447 = DIRECTION('',(-1.,0.,0.));
#1448 = PCURVE('',#463,#1449);
#1449 = DEFINITIONAL_REPRESENTATION('',(#1450),#1453);
#1450 = B_SPLINE_CURVE_WITH_KNOTS('',1,(#1451,#1452),.UNSPECIFIED.,.F.,
  .F.,(2,2),(-33.,-7.),.PIECEWISE_BEZIER_KNOTS.);
#1451 = CARTESIAN_POINT('',(51.,53.));
#1452 = CARTESIAN_POINT('',(51.,27.));
#1453 = ( GEOMETRIC_REPRESENTATION_CONTEXT(2)
PARAMETRIC_REPRESENTATION_CONTEXT() REPRESENTATION_CONTEXT('2D SPACE',''
  ) );
#1454 = PCURVE('',#576,#1455);
#1455 = DEFINITIONAL_REPRESENTATION('',(#1456),#1459);
#1456 = B_SPLINE_CURVE_WITH_KNOTS('',1,(#1457,#1458),.UNSPECIFIED.,.F.,
  .F.,(2,2),(-33.,-7.),.PIECEWISE_BEZIER_KNOTS.);
#1457 = CARTESIAN_POINT('',(13.,-1.152322960418E-15));
#1458 = CARTESIAN_POINT('',(-13.,-1.152322960418E-15));
#1459 = ( GEOMETRIC_REPRESENTATION_CONTEXT(2)
PARAMETRIC_REPRESENTATION_CONTEXT() REPRESENTATION_CONTEXT('2D SPACE',''
  ) );
#1460 = ORIENTED_EDGE('',*,*,#1461,.F.);
#1461 = EDGE_CURVE('',#420,#1441,#1462,.T.);
#1462 = SURFACE_CURVE('',#1463,(#1467,#1473),.PCURVE_S1.);
#1463 = LINE('',#1464,#1465);
#1464 = CARTESIAN_POINT('',(-13.,0.,-29.));
#1465 = VECTOR('',#1466,1.);
#1466 = DIRECTION('',(-0.,-0.,-1.));
#1467 = PCURVE('',#463,#1468);
#1468 = DEFINITIONAL_REPRESENTATION('',(#1469),#1472);
#1469 = B_SPLINE_CURVE_WITH_KNOTS('',1,(#1470,#1471),.UNSPECIFIED.,.F.,
  .F.,(2,2),(-4.0000006,5.999999999062E-07),.PIECEWISE_BEZIER_KNOTS.);
#1470 = CARTESIAN_POINT('',(55.0000006,27.));
#1471 = CARTESIAN_POINT('',(50.9999994,27.));
#1472 = ( GEOMETRIC_REPRESENTATION_CONTEXT(2)
PARAMETRIC_REPRESENTATION_CONTEXT() REPRESENTATION_CONTEXT('2D SPACE',''
  ) );
#1473 = PCURVE('',#436,#1474);
#1474 = DEFINITIONAL_REPRESENTATION('',(#1475),#1478);
#1475 = B_SPLINE_CURVE_WITH_KNOTS('',1,(#1476,#1477),.UNSPECIFIED.,.F.,
  .F.,(2,2),(-4.0000006,5.999999999062E-07),.PIECEWISE_BEZIER_KNOTS.);
#1476 = CARTESIAN_POINT('',(-3.14159265359,-4.0000006));
#1477 = CARTESIAN_POINT('',(-3.14159265359,5.999999999062E-07));
#1478 = ( GEOMETRIC_REPRESENTATION_CONTEXT(2)
PARAMETRIC_REPRESENTATION_CONTEXT() REPRESENTATION_CONTEXT('2D SPACE',''
  ) );
#1479 = ADVANCED_FACE('',(#1480),#436,.T.);
#1480 = FACE_BOUND('',#1481,.F.);
#1481 = EDGE_LOOP('',(#1482,#1504,#1505,#1506));
#1482 = ORIENTED_EDGE('',*,*,#1483,.F.);
#1483 = EDGE_CURVE('',#1196,#1441,#1484,.T.);
#1484 = SURFACE_CURVE('',#1485,(#1490,#1497),.PCURVE_S1.);
#1485 = CIRCLE('',#1486,13.);
#1486 = AXIS2_PLACEMENT_3D('',#1487,#1488,#1489);
#1487 = CARTESIAN_POINT('',(0.,0.,-29.));
#1488 = DIRECTION('',(0.,0.,1.));
#1489 = DIRECTION('',(1.,0.,0.));
#1490 = PCURVE('',#436,#1491);
#1491 = DEFINITIONAL_REPRESENTATION('',(#1492),#1496);
#1492 = LINE('',#1493,#1494);
#1493 = CARTESIAN_POINT('',(-0.,0.));
#1494 = VECTOR('',#1495,1.);
#1495 = DIRECTION('',(-1.,0.));
#1496 = ( GEOMETRIC_REPRESENTATION_CONTEXT(2)
PARAMETRIC_REPRESENTATION_CONTEXT() REPRESENTATION_CONTEXT('2D SPACE',''
  ) );
#1497 = PCURVE('',#576,#1498);
#1498 = DEFINITIONAL_REPRESENTATION('',(#1499),#1503);
#1499 = CIRCLE('',#1500,13.);
#1500 = AXIS2_PLACEMENT_2D('',#1501,#1502);
#1501 = CARTESIAN_POINT('',(8.415016200243E-16,-1.152322960418E-15));
#1502 = DIRECTION('',(1.,0.));
#1503 = ( GEOMETRIC_REPRESENTATION_CONTEXT(2)
PARAMETRIC_REPRESENTATION_CONTEXT() REPRESENTATION_CONTEXT('2D SPACE',''
  ) );
#1504 = ORIENTED_EDGE('',*,*,#1195,.T.);
#1505 = ORIENTED_EDGE('',*,*,#419,.T.);
#1506 = ORIENTED_EDGE('',*,*,#1461,.T.);
#1507 = ADVANCED_FACE('',(#1508,#1537),#576,.F.);
#1508 = FACE_BOUND('',#1509,.F.);
#1509 = EDGE_LOOP('',(#1510,#1511,#1512,#1513,#1514,#1515));
#1510 = ORIENTED_EDGE('',*,*,#1218,.F.);
#1511 = ORIENTED_EDGE('',*,*,#1483,.T.);
#1512 = ORIENTED_EDGE('',*,*,#1440,.F.);
#1513 = ORIENTED_EDGE('',*,*,#648,.T.);
#1514 = ORIENTED_EDGE('',*,*,#771,.F.);
#1515 = ORIENTED_EDGE('',*,*,#1516,.F.);
#1516 = EDGE_CURVE('',#1219,#772,#1517,.T.);
#1517 = SURFACE_CURVE('',#1518,(#1523,#1530),.PCURVE_S1.);
#1518 = CIRCLE('',#1519,5.2);
#1519 = AXIS2_PLACEMENT_3D('',#1520,#1521,#1522);
#1520 = CARTESIAN_POINT('',(6.135933553993E-14,-1.546720245771E-16,-29.)
  );
#1521 = DIRECTION('',(0.,0.,1.));
#1522 = DIRECTION('',(1.,0.,0.));
#1523 = PCURVE('',#576,#1524);
#1524 = DEFINITIONAL_REPRESENTATION('',(#1525),#1529);
#1525 = CIRCLE('',#1526,5.2);
#1526 = AXIS2_PLACEMENT_2D('',#1527,#1528);
#1527 = CARTESIAN_POINT('',(6.220083715996E-14,-1.306994984995E-15));
#1528 = DIRECTION('',(1.,0.));
#1529 = ( GEOMETRIC_REPRESENTATION_CONTEXT(2)
PARAMETRIC_REPRESENTATION_CONTEXT() REPRESENTATION_CONTEXT('2D SPACE',''
  ) );
#1530 = PCURVE('',#1037,#1531);
#1531 = DEFINITIONAL_REPRESENTATION('',(#1532),#1536);
#1532 = LINE('',#1533,#1534);
#1533 = CARTESIAN_POINT('',(-0.,4.));
#1534 = VECTOR('',#1535,1.);
#1535 = DIRECTION('',(-1.,0.));
#1536 = ( GEOMETRIC_REPRESENTATION_CONTEXT(2)
PARAMETRIC_REPRESENTATION_CONTEXT() REPRESENTATION_CONTEXT('2D SPACE',''
  ) );
#1537 = FACE_BOUND('',#1538,.F.);
#1538 = EDGE_LOOP('',(#1539));
#1539 = ORIENTED_EDGE('',*,*,#559,.T.);
#1540 = ADVANCED_FACE('',(#1541),#1037,.F.);
#1541 = FACE_BOUND('',#1542,.T.);
#1542 = EDGE_LOOP('',(#1543,#1544,#1545,#1567));
#1543 = ORIENTED_EDGE('',*,*,#1516,.F.);
#1544 = ORIENTED_EDGE('',*,*,#1239,.T.);
#1545 = ORIENTED_EDGE('',*,*,#1546,.T.);
#1546 = EDGE_CURVE('',#1240,#999,#1547,.T.);
#1547 = SURFACE_CURVE('',#1548,(#1553,#1560),.PCURVE_S1.);
#1548 = CIRCLE('',#1549,5.2);
#1549 = AXIS2_PLACEMENT_3D('',#1550,#1551,#1552);
#1550 = CARTESIAN_POINT('',(4.068161849901E-14,-4.55531882407E-16,-4.2)
  );
#1551 = DIRECTION('',(0.,0.,1.));
#1552 = DIRECTION('',(1.,0.,0.));
#1553 = PCURVE('',#1037,#1554);
#1554 = DEFINITIONAL_REPRESENTATION('',(#1555),#1559);
#1555 = LINE('',#1556,#1557);
#1556 = CARTESIAN_POINT('',(-0.,-20.8));
#1557 = VECTOR('',#1558,1.);
#1558 = DIRECTION('',(-1.,0.));
#1559 = ( GEOMETRIC_REPRESENTATION_CONTEXT(2)
PARAMETRIC_REPRESENTATION_CONTEXT() REPRESENTATION_CONTEXT('2D SPACE',''
  ) );
#1560 = PCURVE('',#1013,#1561);
#1561 = DEFINITIONAL_REPRESENTATION('',(#1562),#1566);
#1562 = CIRCLE('',#1563,5.2);
#1563 = AXIS2_PLACEMENT_2D('',#1564,#1565);
#1564 = CARTESIAN_POINT('',(4.132511973786E-14,-1.073800480912E-15));
#1565 = DIRECTION('',(1.,0.));
#1566 = ( GEOMETRIC_REPRESENTATION_CONTEXT(2)
PARAMETRIC_REPRESENTATION_CONTEXT() REPRESENTATION_CONTEXT('2D SPACE',''
  ) );
#1567 = ORIENTED_EDGE('',*,*,#1024,.T.);
#1568 = ADVANCED_FACE('',(#1569),#1013,.T.);
#1569 = FACE_BOUND('',#1570,.T.);
#1570 = EDGE_LOOP('',(#1571,#1572,#1594,#1595));
#1571 = ORIENTED_EDGE('',*,*,#1262,.F.);
#1572 = ORIENTED_EDGE('',*,*,#1573,.T.);
#1573 = EDGE_CURVE('',#1263,#973,#1574,.T.);
#1574 = SURFACE_CURVE('',#1575,(#1580,#1587),.PCURVE_S1.);
#1575 = CIRCLE('',#1576,7.);
#1576 = AXIS2_PLACEMENT_3D('',#1577,#1578,#1579);
#1577 = CARTESIAN_POINT('',(4.068161849901E-14,-4.55531882407E-16,-4.2)
  );
#1578 = DIRECTION('',(0.,0.,1.));
#1579 = DIRECTION('',(1.,0.,0.));
#1580 = PCURVE('',#1013,#1581);
#1581 = DEFINITIONAL_REPRESENTATION('',(#1582),#1586);
#1582 = CIRCLE('',#1583,7.);
#1583 = AXIS2_PLACEMENT_2D('',#1584,#1585);
#1584 = CARTESIAN_POINT('',(4.132511973786E-14,-1.073800480912E-15));
#1585 = DIRECTION('',(1.,0.));
#1586 = ( GEOMETRIC_REPRESENTATION_CONTEXT(2)
PARAMETRIC_REPRESENTATION_CONTEXT() REPRESENTATION_CONTEXT('2D SPACE',''
  ) );
#1587 = PCURVE('',#987,#1588);
#1588 = DEFINITIONAL_REPRESENTATION('',(#1589),#1593);
#1589 = LINE('',#1590,#1591);
#1590 = CARTESIAN_POINT('',(-0.,0.));
#1591 = VECTOR('',#1592,1.);
#1592 = DIRECTION('',(-1.,0.));
#1593 = ( GEOMETRIC_REPRESENTATION_CONTEXT(2)
PARAMETRIC_REPRESENTATION_CONTEXT() REPRESENTATION_CONTEXT('2D SPACE',''
  ) );
#1594 = ORIENTED_EDGE('',*,*,#998,.F.);
#1595 = ORIENTED_EDGE('',*,*,#1546,.F.);
#1596 = ADVANCED_FACE('',(#1597),#987,.F.);
#1597 = FACE_BOUND('',#1598,.T.);
#1598 = EDGE_LOOP('',(#1599,#1600,#1601,#1623));
#1599 = ORIENTED_EDGE('',*,*,#1573,.F.);
#1600 = ORIENTED_EDGE('',*,*,#1283,.T.);
#1601 = ORIENTED_EDGE('',*,*,#1602,.T.);
#1602 = EDGE_CURVE('',#1284,#947,#1603,.T.);
#1603 = SURFACE_CURVE('',#1604,(#1609,#1616),.PCURVE_S1.);
#1604 = CIRCLE('',#1605,7.);
#1605 = AXIS2_PLACEMENT_3D('',#1606,#1607,#1608);
#1606 = CARTESIAN_POINT('',(4.068161849901E-14,-4.55531882407E-16,-0.8)
  );
#1607 = DIRECTION('',(0.,0.,1.));
#1608 = DIRECTION('',(1.,0.,0.));
#1609 = PCURVE('',#987,#1610);
#1610 = DEFINITIONAL_REPRESENTATION('',(#1611),#1615);
#1611 = LINE('',#1612,#1613);
#1612 = CARTESIAN_POINT('',(-0.,-3.4));
#1613 = VECTOR('',#1614,1.);
#1614 = DIRECTION('',(-1.,0.));
#1615 = ( GEOMETRIC_REPRESENTATION_CONTEXT(2)
PARAMETRIC_REPRESENTATION_CONTEXT() REPRESENTATION_CONTEXT('2D SPACE',''
  ) );
#1616 = PCURVE('',#961,#1617);
#1617 = DEFINITIONAL_REPRESENTATION('',(#1618),#1622);
#1618 = CIRCLE('',#1619,7.);
#1619 = AXIS2_PLACEMENT_2D('',#1620,#1621);
#1620 = CARTESIAN_POINT('',(4.132511973786E-14,-1.073800480912E-15));
#1621 = DIRECTION('',(1.,0.));
#1622 = ( GEOMETRIC_REPRESENTATION_CONTEXT(2)
PARAMETRIC_REPRESENTATION_CONTEXT() REPRESENTATION_CONTEXT('2D SPACE',''
  ) );
#1623 = ORIENTED_EDGE('',*,*,#972,.T.);
#1624 = ADVANCED_FACE('',(#1625),#961,.T.);
#1625 = FACE_BOUND('',#1626,.T.);
#1626 = EDGE_LOOP('',(#1627,#1628,#1650,#1651));
#1627 = ORIENTED_EDGE('',*,*,#1306,.F.);
#1628 = ORIENTED_EDGE('',*,*,#1629,.T.);
#1629 = EDGE_CURVE('',#1307,#921,#1630,.T.);
#1630 = SURFACE_CURVE('',#1631,(#1636,#1643),.PCURVE_S1.);
#1631 = CIRCLE('',#1632,8.5);
#1632 = AXIS2_PLACEMENT_3D('',#1633,#1634,#1635);
#1633 = CARTESIAN_POINT('',(0.,0.,-0.8));
#1634 = DIRECTION('',(0.,0.,1.));
#1635 = DIRECTION('',(1.,0.,0.));
#1636 = PCURVE('',#961,#1637);
#1637 = DEFINITIONAL_REPRESENTATION('',(#1638),#1642);
#1638 = CIRCLE('',#1639,8.5);
#1639 = AXIS2_PLACEMENT_2D('',#1640,#1641);
#1640 = CARTESIAN_POINT('',(6.435012388421E-16,-6.182685985047E-16));
#1641 = DIRECTION('',(1.,0.));
#1642 = ( GEOMETRIC_REPRESENTATION_CONTEXT(2)
PARAMETRIC_REPRESENTATION_CONTEXT() REPRESENTATION_CONTEXT('2D SPACE',''
  ) );
#1643 = PCURVE('',#935,#1644);
#1644 = DEFINITIONAL_REPRESENTATION('',(#1645),#1649);
#1645 = LINE('',#1646,#1647);
#1646 = CARTESIAN_POINT('',(-0.,-13.2));
#1647 = VECTOR('',#1648,1.);
#1648 = DIRECTION('',(-1.,0.));
#1649 = ( GEOMETRIC_REPRESENTATION_CONTEXT(2)
PARAMETRIC_REPRESENTATION_CONTEXT() REPRESENTATION_CONTEXT('2D SPACE',''
  ) );
#1650 = ORIENTED_EDGE('',*,*,#946,.F.);
#1651 = ORIENTED_EDGE('',*,*,#1602,.F.);
#1652 = ADVANCED_FACE('',(#1653),#935,.T.);
#1653 = FACE_BOUND('',#1654,.F.);
#1654 = EDGE_LOOP('',(#1655,#1677,#1678,#1679));
#1655 = ORIENTED_EDGE('',*,*,#1656,.F.);
#1656 = EDGE_CURVE('',#1328,#895,#1657,.T.);
#1657 = SURFACE_CURVE('',#1658,(#1663,#1670),.PCURVE_S1.);
#1658 = CIRCLE('',#1659,8.5);
#1659 = AXIS2_PLACEMENT_3D('',#1660,#1661,#1662);
#1660 = CARTESIAN_POINT('',(0.,0.,-14.));
#1661 = DIRECTION('',(0.,0.,1.));
#1662 = DIRECTION('',(1.,0.,0.));
#1663 = PCURVE('',#935,#1664);
#1664 = DEFINITIONAL_REPRESENTATION('',(#1665),#1669);
#1665 = LINE('',#1666,#1667);
#1666 = CARTESIAN_POINT('',(-0.,0.));
#1667 = VECTOR('',#1668,1.);
#1668 = DIRECTION('',(-1.,0.));
#1669 = ( GEOMETRIC_REPRESENTATION_CONTEXT(2)
PARAMETRIC_REPRESENTATION_CONTEXT() REPRESENTATION_CONTEXT('2D SPACE',''
  ) );
#1670 = PCURVE('',#909,#1671);
#1671 = DEFINITIONAL_REPRESENTATION('',(#1672),#1676);
#1672 = CIRCLE('',#1673,8.5);
#1673 = AXIS2_PLACEMENT_2D('',#1674,#1675);
#1674 = CARTESIAN_POINT('',(5.469760530158E-16,-6.857365063158E-16));
#1675 = DIRECTION('',(1.,0.));
#1676 = ( GEOMETRIC_REPRESENTATION_CONTEXT(2)
PARAMETRIC_REPRESENTATION_CONTEXT() REPRESENTATION_CONTEXT('2D SPACE',''
  ) );
#1677 = ORIENTED_EDGE('',*,*,#1327,.F.);
#1678 = ORIENTED_EDGE('',*,*,#1629,.T.);
#1679 = ORIENTED_EDGE('',*,*,#920,.T.);
#1680 = ADVANCED_FACE('',(#1681),#909,.T.);
#1681 = FACE_BOUND('',#1682,.T.);
#1682 = EDGE_LOOP('',(#1683,#1684,#1706,#1707));
#1683 = ORIENTED_EDGE('',*,*,#1350,.F.);
#1684 = ORIENTED_EDGE('',*,*,#1685,.T.);
#1685 = EDGE_CURVE('',#1351,#869,#1686,.T.);
#1686 = SURFACE_CURVE('',#1687,(#1692,#1699),.PCURVE_S1.);
#1687 = CIRCLE('',#1688,10.);
#1688 = AXIS2_PLACEMENT_3D('',#1689,#1690,#1691);
#1689 = CARTESIAN_POINT('',(0.,0.,-14.));
#1690 = DIRECTION('',(0.,0.,1.));
#1691 = DIRECTION('',(1.,0.,0.));
#1692 = PCURVE('',#909,#1693);
#1693 = DEFINITIONAL_REPRESENTATION('',(#1694),#1698);
#1694 = CIRCLE('',#1695,10.);
#1695 = AXIS2_PLACEMENT_2D('',#1696,#1697);
#1696 = CARTESIAN_POINT('',(5.469760530158E-16,-6.857365063158E-16));
#1697 = DIRECTION('',(1.,0.));
#1698 = ( GEOMETRIC_REPRESENTATION_CONTEXT(2)
PARAMETRIC_REPRESENTATION_CONTEXT() REPRESENTATION_CONTEXT('2D SPACE',''
  ) );
#1699 = PCURVE('',#883,#1700);
#1700 = DEFINITIONAL_REPRESENTATION('',(#1701),#1705);
#1701 = LINE('',#1702,#1703);
#1702 = CARTESIAN_POINT('',(-0.,-11.));
#1703 = VECTOR('',#1704,1.);
#1704 = DIRECTION('',(-1.,0.));
#1705 = ( GEOMETRIC_REPRESENTATION_CONTEXT(2)
PARAMETRIC_REPRESENTATION_CONTEXT() REPRESENTATION_CONTEXT('2D SPACE',''
  ) );
#1706 = ORIENTED_EDGE('',*,*,#894,.F.);
#1707 = ORIENTED_EDGE('',*,*,#1656,.F.);
#1708 = ADVANCED_FACE('',(#1709),#883,.T.);
#1709 = FACE_BOUND('',#1710,.F.);
#1710 = EDGE_LOOP('',(#1711,#1737,#1738,#1739));
#1711 = ORIENTED_EDGE('',*,*,#1712,.T.);
#1712 = EDGE_CURVE('',#843,#1372,#1713,.T.);
#1713 = SURFACE_CURVE('',#1714,(#1719,#1726),.PCURVE_S1.);
#1714 = CIRCLE('',#1715,10.);
#1715 = AXIS2_PLACEMENT_3D('',#1716,#1717,#1718);
#1716 = CARTESIAN_POINT('',(0.,0.,-19.));
#1717 = DIRECTION('',(0.,0.,-1.));
#1718 = DIRECTION('',(1.,0.,0.));
#1719 = PCURVE('',#883,#1720);
#1720 = DEFINITIONAL_REPRESENTATION('',(#1721),#1725);
#1721 = LINE('',#1722,#1723);
#1722 = CARTESIAN_POINT('',(-6.28318530718,-6.));
#1723 = VECTOR('',#1724,1.);
#1724 = DIRECTION('',(1.,-0.));
#1725 = ( GEOMETRIC_REPRESENTATION_CONTEXT(2)
PARAMETRIC_REPRESENTATION_CONTEXT() REPRESENTATION_CONTEXT('2D SPACE',''
  ) );
#1726 = PCURVE('',#857,#1727);
#1727 = DEFINITIONAL_REPRESENTATION('',(#1728),#1736);
#1728 = ( BOUNDED_CURVE() B_SPLINE_CURVE(2,(#1729,#1730,#1731,#1732,
#1733,#1734,#1735),.UNSPECIFIED.,.T.,.F.) B_SPLINE_CURVE_WITH_KNOTS((1,2
    ,2,2,2,1),(-2.094395102393,0.,2.094395102393,4.188790204786,
6.28318530718,8.377580409573),.UNSPECIFIED.) CURVE()
GEOMETRIC_REPRESENTATION_ITEM() RATIONAL_B_SPLINE_CURVE((1.,0.5,1.,0.5,
1.,0.5,1.)) REPRESENTATION_ITEM('') );
#1729 = CARTESIAN_POINT('',(10.,-1.398015239264E-15));
#1730 = CARTESIAN_POINT('',(10.,-17.32050807568));
#1731 = CARTESIAN_POINT('',(-5.,-8.660254037844));
#1732 = CARTESIAN_POINT('',(-20.,-3.847308837559E-15));
#1733 = CARTESIAN_POINT('',(-5.,8.660254037844));
#1734 = CARTESIAN_POINT('',(10.,17.320508075689));
#1735 = CARTESIAN_POINT('',(10.,-1.398015239264E-15));
#1736 = ( GEOMETRIC_REPRESENTATION_CONTEXT(2)
PARAMETRIC_REPRESENTATION_CONTEXT() REPRESENTATION_CONTEXT('2D SPACE',''
  ) );
#1737 = ORIENTED_EDGE('',*,*,#1371,.T.);
#1738 = ORIENTED_EDGE('',*,*,#1685,.T.);
#1739 = ORIENTED_EDGE('',*,*,#868,.T.);
#1740 = ADVANCED_FACE('',(#1741,#1817),#857,.T.);
#1741 = FACE_BOUND('',#1742,.T.);
#1742 = EDGE_LOOP('',(#1743,#1766,#1788,#1789,#1790,#1791));
#1743 = ORIENTED_EDGE('',*,*,#1744,.F.);
#1744 = EDGE_CURVE('',#1745,#1747,#1749,.T.);
#1745 = VERTEX_POINT('',#1746);
#1746 = CARTESIAN_POINT('',(16.,0.,-19.));
#1747 = VERTEX_POINT('',#1748);
#1748 = CARTESIAN_POINT('',(13.95,0.,-19.));
#1749 = SURFACE_CURVE('',#1750,(#1754,#1760),.PCURVE_S1.);
#1750 = LINE('',#1751,#1752);
#1751 = CARTESIAN_POINT('',(-20.,0.,-19.));
#1752 = VECTOR('',#1753,1.);
#1753 = DIRECTION('',(-1.,0.,0.));
#1754 = PCURVE('',#857,#1755);
#1755 = DEFINITIONAL_REPRESENTATION('',(#1756),#1759);
#1756 = B_SPLINE_CURVE_WITH_KNOTS('',1,(#1757,#1758),.UNSPECIFIED.,.F.,
  .F.,(2,2),(-36.,-4.),.PIECEWISE_BEZIER_KNOTS.);
#1757 = CARTESIAN_POINT('',(16.,-1.398015239264E-15));
#1758 = CARTESIAN_POINT('',(-16.,-1.398015239264E-15));
#1759 = ( GEOMETRIC_REPRESENTATION_CONTEXT(2)
PARAMETRIC_REPRESENTATION_CONTEXT() REPRESENTATION_CONTEXT('2D SPACE',''
  ) );
#1760 = PCURVE('',#1068,#1761);
#1761 = DEFINITIONAL_REPRESENTATION('',(#1762),#1765);
#1762 = B_SPLINE_CURVE_WITH_KNOTS('',1,(#1763,#1764),.UNSPECIFIED.,.F.,
  .F.,(2,2),(-36.,-4.),.PIECEWISE_BEZIER_KNOTS.);
#1763 = CARTESIAN_POINT('',(61.,56.));
#1764 = CARTESIAN_POINT('',(61.,24.));
#1765 = ( GEOMETRIC_REPRESENTATION_CONTEXT(2)
PARAMETRIC_REPRESENTATION_CONTEXT() REPRESENTATION_CONTEXT('2D SPACE',''
  ) );
#1766 = ORIENTED_EDGE('',*,*,#1767,.T.);
#1767 = EDGE_CURVE('',#1745,#817,#1768,.T.);
#1768 = SURFACE_CURVE('',#1769,(#1774,#1781),.PCURVE_S1.);
#1769 = CIRCLE('',#1770,16.);
#1770 = AXIS2_PLACEMENT_3D('',#1771,#1772,#1773);
#1771 = CARTESIAN_POINT('',(0.,0.,-19.));
#1772 = DIRECTION('',(0.,0.,1.));
#1773 = DIRECTION('',(1.,0.,0.));
#1774 = PCURVE('',#857,#1775);
#1775 = DEFINITIONAL_REPRESENTATION('',(#1776),#1780);
#1776 = CIRCLE('',#1777,16.);
#1777 = AXIS2_PLACEMENT_2D('',#1778,#1779);
#1778 = CARTESIAN_POINT('',(1.025580099405E-15,-1.398015239264E-15));
#1779 = DIRECTION('',(1.,0.));
#1780 = ( GEOMETRIC_REPRESENTATION_CONTEXT(2)
PARAMETRIC_REPRESENTATION_CONTEXT() REPRESENTATION_CONTEXT('2D SPACE',''
  ) );
#1781 = PCURVE('',#831,#1782);
#1782 = DEFINITIONAL_REPRESENTATION('',(#1783),#1787);
#1783 = LINE('',#1784,#1785);
#1784 = CARTESIAN_POINT('',(-0.,-3.));
#1785 = VECTOR('',#1786,1.);
#1786 = DIRECTION('',(-1.,0.));
#1787 = ( GEOMETRIC_REPRESENTATION_CONTEXT(2)
PARAMETRIC_REPRESENTATION_CONTEXT() REPRESENTATION_CONTEXT('2D SPACE',''
  ) );
#1788 = ORIENTED_EDGE('',*,*,#842,.F.);
#1789 = ORIENTED_EDGE('',*,*,#1712,.T.);
#1790 = ORIENTED_EDGE('',*,*,#1394,.F.);
#1791 = ORIENTED_EDGE('',*,*,#1792,.T.);
#1792 = EDGE_CURVE('',#1395,#1747,#1793,.T.);
#1793 = SURFACE_CURVE('',#1794,(#1799,#1810),.PCURVE_S1.);
#1794 = CIRCLE('',#1795,1.45);
#1795 = AXIS2_PLACEMENT_3D('',#1796,#1797,#1798);
#1796 = CARTESIAN_POINT('',(12.5,0.,-19.));
#1797 = DIRECTION('',(0.,0.,-1.));
#1798 = DIRECTION('',(1.,0.,0.));
#1799 = PCURVE('',#857,#1800);
#1800 = DEFINITIONAL_REPRESENTATION('',(#1801),#1809);
#1801 = ( BOUNDED_CURVE() B_SPLINE_CURVE(2,(#1802,#1803,#1804,#1805,
#1806,#1807,#1808),.UNSPECIFIED.,.T.,.F.) B_SPLINE_CURVE_WITH_KNOTS((1,2
    ,2,2,2,1),(-2.094395102393,0.,2.094395102393,4.188790204786,
6.28318530718,8.377580409573),.UNSPECIFIED.) CURVE()
GEOMETRIC_REPRESENTATION_ITEM() RATIONAL_B_SPLINE_CURVE((1.,0.5,1.,0.5,
1.,0.5,1.)) REPRESENTATION_ITEM('') );
#1802 = CARTESIAN_POINT('',(13.95,-1.398015239264E-15));
#1803 = CARTESIAN_POINT('',(13.95,-2.511473670975));
#1804 = CARTESIAN_POINT('',(11.775,-1.255736835487));
#1805 = CARTESIAN_POINT('',(9.6,-1.753162811017E-15));
#1806 = CARTESIAN_POINT('',(11.775,1.255736835487));
#1807 = CARTESIAN_POINT('',(13.95,2.511473670975));
#1808 = CARTESIAN_POINT('',(13.95,-1.398015239264E-15));
#1809 = ( GEOMETRIC_REPRESENTATION_CONTEXT(2)
PARAMETRIC_REPRESENTATION_CONTEXT() REPRESENTATION_CONTEXT('2D SPACE',''
  ) );
#1810 = PCURVE('',#1143,#1811);
#1811 = DEFINITIONAL_REPRESENTATION('',(#1812),#1816);
#1812 = LINE('',#1813,#1814);
#1813 = CARTESIAN_POINT('',(-6.28318530718,-6.));
#1814 = VECTOR('',#1815,1.);
#1815 = DIRECTION('',(1.,-0.));
#1816 = ( GEOMETRIC_REPRESENTATION_CONTEXT(2)
PARAMETRIC_REPRESENTATION_CONTEXT() REPRESENTATION_CONTEXT('2D SPACE',''
  ) );
#1817 = FACE_BOUND('',#1818,.T.);
#1818 = EDGE_LOOP('',(#1819));
#1819 = ORIENTED_EDGE('',*,*,#1820,.T.);
#1820 = EDGE_CURVE('',#1821,#1821,#1823,.T.);
#1821 = VERTEX_POINT('',#1822);
#1822 = CARTESIAN_POINT('',(-4.8,10.825317547305,-19.));
#1823 = SURFACE_CURVE('',#1824,(#1829,#1840),.PCURVE_S1.);
#1824 = CIRCLE('',#1825,1.45);
#1825 = AXIS2_PLACEMENT_3D('',#1826,#1827,#1828);
#1826 = CARTESIAN_POINT('',(-6.25,10.825317547305,-19.));
#1827 = DIRECTION('',(0.,0.,-1.));
#1828 = DIRECTION('',(1.,0.,0.));
#1829 = PCURVE('',#857,#1830);
#1830 = DEFINITIONAL_REPRESENTATION('',(#1831),#1839);
#1831 = ( BOUNDED_CURVE() B_SPLINE_CURVE(2,(#1832,#1833,#1834,#1835,
#1836,#1837,#1838),.UNSPECIFIED.,.T.,.F.) B_SPLINE_CURVE_WITH_KNOTS((1,2
    ,2,2,2,1),(-2.094395102393,0.,2.094395102393,4.188790204786,
6.28318530718,8.377580409573),.UNSPECIFIED.) CURVE()
GEOMETRIC_REPRESENTATION_ITEM() RATIONAL_B_SPLINE_CURVE((1.,0.5,1.,0.5,
1.,0.5,1.)) REPRESENTATION_ITEM('') );
#1832 = CARTESIAN_POINT('',(-4.8,10.825317547305));
#1833 = CARTESIAN_POINT('',(-4.8,8.313843876331));
#1834 = CARTESIAN_POINT('',(-6.975,9.569580711818));
#1835 = CARTESIAN_POINT('',(-9.15,10.825317547305));
#1836 = CARTESIAN_POINT('',(-6.975,12.081054382793));
#1837 = CARTESIAN_POINT('',(-4.8,13.33679121828));
#1838 = CARTESIAN_POINT('',(-4.8,10.825317547305));
#1839 = ( GEOMETRIC_REPRESENTATION_CONTEXT(2)
PARAMETRIC_REPRESENTATION_CONTEXT() REPRESENTATION_CONTEXT('2D SPACE',''
  ) );
#1840 = PCURVE('',#1178,#1841);
#1841 = DEFINITIONAL_REPRESENTATION('',(#1842),#1846);
#1842 = LINE('',#1843,#1844);
#1843 = CARTESIAN_POINT('',(-6.28318530718,-6.));
#1844 = VECTOR('',#1845,1.);
#1845 = DIRECTION('',(1.,-0.));
#1846 = ( GEOMETRIC_REPRESENTATION_CONTEXT(2)
PARAMETRIC_REPRESENTATION_CONTEXT() REPRESENTATION_CONTEXT('2D SPACE',''
  ) );
#1847 = ADVANCED_FACE('',(#1848),#831,.T.);
#1848 = FACE_BOUND('',#1849,.F.);
#1849 = EDGE_LOOP('',(#1850,#1851,#1872,#1873));
#1850 = ORIENTED_EDGE('',*,*,#1079,.F.);
#1851 = ORIENTED_EDGE('',*,*,#1852,.T.);
#1852 = EDGE_CURVE('',#1052,#1745,#1853,.T.);
#1853 = SURFACE_CURVE('',#1854,(#1858,#1865),.PCURVE_S1.);
#1854 = LINE('',#1855,#1856);
#1855 = CARTESIAN_POINT('',(16.,0.,-22.));
#1856 = VECTOR('',#1857,1.);
#1857 = DIRECTION('',(0.,0.,1.));
#1858 = PCURVE('',#831,#1859);
#1859 = DEFINITIONAL_REPRESENTATION('',(#1860),#1864);
#1860 = LINE('',#1861,#1862);
#1861 = CARTESIAN_POINT('',(-0.,0.));
#1862 = VECTOR('',#1863,1.);
#1863 = DIRECTION('',(-0.,-1.));
#1864 = ( GEOMETRIC_REPRESENTATION_CONTEXT(2)
PARAMETRIC_REPRESENTATION_CONTEXT() REPRESENTATION_CONTEXT('2D SPACE',''
  ) );
#1865 = PCURVE('',#1068,#1866);
#1866 = DEFINITIONAL_REPRESENTATION('',(#1867),#1871);
#1867 = LINE('',#1868,#1869);
#1868 = CARTESIAN_POINT('',(58.,56.));
#1869 = VECTOR('',#1870,1.);
#1870 = DIRECTION('',(1.,0.));
#1871 = ( GEOMETRIC_REPRESENTATION_CONTEXT(2)
PARAMETRIC_REPRESENTATION_CONTEXT() REPRESENTATION_CONTEXT('2D SPACE',''
  ) );
#1872 = ORIENTED_EDGE('',*,*,#1767,.T.);
#1873 = ORIENTED_EDGE('',*,*,#816,.T.);
#1874 = ADVANCED_FACE('',(#1875),#1068,.F.);
#1875 = FACE_BOUND('',#1876,.F.);
#1876 = EDGE_LOOP('',(#1877,#1878,#1879,#1900));
#1877 = ORIENTED_EDGE('',*,*,#1852,.F.);
#1878 = ORIENTED_EDGE('',*,*,#1051,.T.);
#1879 = ORIENTED_EDGE('',*,*,#1880,.T.);
#1880 = EDGE_CURVE('',#1054,#1747,#1881,.T.);
#1881 = SURFACE_CURVE('',#1882,(#1886,#1893),.PCURVE_S1.);
#1882 = LINE('',#1883,#1884);
#1883 = CARTESIAN_POINT('',(13.95,0.,-25.));
#1884 = VECTOR('',#1885,1.);
#1885 = DIRECTION('',(0.,0.,1.));
#1886 = PCURVE('',#1068,#1887);
#1887 = DEFINITIONAL_REPRESENTATION('',(#1888),#1892);
#1888 = LINE('',#1889,#1890);
#1889 = CARTESIAN_POINT('',(55.,53.95));
#1890 = VECTOR('',#1891,1.);
#1891 = DIRECTION('',(1.,0.));
#1892 = ( GEOMETRIC_REPRESENTATION_CONTEXT(2)
PARAMETRIC_REPRESENTATION_CONTEXT() REPRESENTATION_CONTEXT('2D SPACE',''
  ) );
#1893 = PCURVE('',#1143,#1894);
#1894 = DEFINITIONAL_REPRESENTATION('',(#1895),#1899);
#1895 = LINE('',#1896,#1897);
#1896 = CARTESIAN_POINT('',(-0.,0.));
#1897 = VECTOR('',#1898,1.);
#1898 = DIRECTION('',(-0.,-1.));
#1899 = ( GEOMETRIC_REPRESENTATION_CONTEXT(2)
PARAMETRIC_REPRESENTATION_CONTEXT() REPRESENTATION_CONTEXT('2D SPACE',''
  ) );
#1900 = ORIENTED_EDGE('',*,*,#1744,.F.);
#1901 = ADVANCED_FACE('',(#1902),#1143,.F.);
#1902 = FACE_BOUND('',#1903,.T.);
#1903 = EDGE_LOOP('',(#1904,#1905,#1906,#1907));
#1904 = ORIENTED_EDGE('',*,*,#1124,.T.);
#1905 = ORIENTED_EDGE('',*,*,#1880,.T.);
#1906 = ORIENTED_EDGE('',*,*,#1792,.F.);
#1907 = ORIENTED_EDGE('',*,*,#1415,.T.);
#1908 = ADVANCED_FACE('',(#1909),#1178,.F.);
#1909 = FACE_BOUND('',#1910,.T.);
#1910 = EDGE_LOOP('',(#1911,#1912,#1933,#1934));
#1911 = ORIENTED_EDGE('',*,*,#1157,.T.);
#1912 = ORIENTED_EDGE('',*,*,#1913,.T.);
#1913 = EDGE_CURVE('',#1158,#1821,#1914,.T.);
#1914 = SEAM_CURVE('',#1915,(#1919,#1926),.PCURVE_S1.);
#1915 = LINE('',#1916,#1917);
#1916 = CARTESIAN_POINT('',(-4.8,10.825317547305,-25.));
#1917 = VECTOR('',#1918,1.);
#1918 = DIRECTION('',(0.,0.,1.));
#1919 = PCURVE('',#1178,#1920);
#1920 = DEFINITIONAL_REPRESENTATION('',(#1921),#1925);
#1921 = LINE('',#1922,#1923);
#1922 = CARTESIAN_POINT('',(-6.28318530718,0.));
#1923 = VECTOR('',#1924,1.);
#1924 = DIRECTION('',(-0.,-1.));
#1925 = ( GEOMETRIC_REPRESENTATION_CONTEXT(2)
PARAMETRIC_REPRESENTATION_CONTEXT() REPRESENTATION_CONTEXT('2D SPACE',''
  ) );
#1926 = PCURVE('',#1178,#1927);
#1927 = DEFINITIONAL_REPRESENTATION('',(#1928),#1932);
#1928 = LINE('',#1929,#1930);
#1929 = CARTESIAN_POINT('',(-0.,0.));
#1930 = VECTOR('',#1931,1.);
#1931 = DIRECTION('',(-0.,-1.));
#1932 = ( GEOMETRIC_REPRESENTATION_CONTEXT(2)
PARAMETRIC_REPRESENTATION_CONTEXT() REPRESENTATION_CONTEXT('2D SPACE',''
  ) );
#1933 = ORIENTED_EDGE('',*,*,#1820,.F.);
#1934 = ORIENTED_EDGE('',*,*,#1913,.F.);
#1935 = ( GEOMETRIC_REPRESENTATION_CONTEXT(3)
GLOBAL_UNCERTAINTY_ASSIGNED_CONTEXT((#1939))
GLOBAL_UNIT_ASSIGNED_CONTEXT((#1936,#1937,#1938)) REPRESENTATION_CONTEXT
('Context #1','3D Context with UNIT and UNCERTAINTY') );
#1936 = ( LENGTH_UNIT() NAMED_UNIT(*) SI_UNIT(.MILLI.,.METRE.) );
#1937 = ( NAMED_UNIT(*) PLANE_ANGLE_UNIT() SI_UNIT($,.RADIAN.) );
#1938 = ( NAMED_UNIT(*) SI_UNIT($,.STERADIAN.) SOLID_ANGLE_UNIT() );
#1939 = UNCERTAINTY_MEASURE_WITH_UNIT(LENGTH_MEASURE(1.E-07),#1936,
  'distance_accuracy_value','confusion accuracy');
#1940 = CONTEXT_DEPENDENT_SHAPE_REPRESENTATION(#1941,#1943);
#1941 = ( REPRESENTATION_RELATIONSHIP('','',#104,#10)
REPRESENTATION_RELATIONSHIP_WITH_TRANSFORMATION(#1942)
SHAPE_REPRESENTATION_RELATIONSHIP() );
#1942 = ITEM_DEFINED_TRANSFORMATION('','',#11,#15);
#1943 = PRODUCT_DEFINITION_SHAPE('Placement','Placement of an item',
  #1944);
#1944 = NEXT_ASSEMBLY_USAGE_OCCURRENCE('89',
  'body_with_independent_flange','',#5,#99,$);
#1945 = PRODUCT_RELATED_PRODUCT_CATEGORY('part',$,(#101));
#1946 = SHAPE_DEFINITION_REPRESENTATION(#1947,#1953);
#1947 = PRODUCT_DEFINITION_SHAPE('','',#1948);
#1948 = PRODUCT_DEFINITION('design','',#1949,#1952);
#1949 = PRODUCT_DEFINITION_FORMATION('','',#1950);
#1950 = PRODUCT('insulating_guide','insulating_guide','',(#1951));
#1951 = PRODUCT_CONTEXT('',#2,'mechanical');
#1952 = PRODUCT_DEFINITION_CONTEXT('part definition',#2,'design');
#1953 = ADVANCED_BREP_SHAPE_REPRESENTATION('',(#11,#1954),#2432);
#1954 = MANIFOLD_SOLID_BREP('',#1955);
#1955 = CLOSED_SHELL('',(#1956,#2080,#2153,#2250,#2298,#2369,#2397,#2425
    ));
#1956 = ADVANCED_FACE('',(#1957),#1972,.T.);
#1957 = FACE_BOUND('',#1958,.F.);
#1958 = EDGE_LOOP('',(#1959,#1995,#2023,#2056));
#1959 = ORIENTED_EDGE('',*,*,#1960,.F.);
#1960 = EDGE_CURVE('',#1961,#1963,#1965,.T.);
#1961 = VERTEX_POINT('',#1962);
#1962 = CARTESIAN_POINT('',(5.,0.,-14.));
#1963 = VERTEX_POINT('',#1964);
#1964 = CARTESIAN_POINT('',(-5.,6.123233995737E-16,-14.));
#1965 = SURFACE_CURVE('',#1966,(#1971,#1983),.PCURVE_S1.);
#1966 = CIRCLE('',#1967,5.);
#1967 = AXIS2_PLACEMENT_3D('',#1968,#1969,#1970);
#1968 = CARTESIAN_POINT('',(0.,0.,-14.));
#1969 = DIRECTION('',(0.,0.,1.));
#1970 = DIRECTION('',(1.,0.,0.));
#1971 = PCURVE('',#1972,#1977);
#1972 = CYLINDRICAL_SURFACE('',#1973,5.);
#1973 = AXIS2_PLACEMENT_3D('',#1974,#1975,#1976);
#1974 = CARTESIAN_POINT('',(0.,0.,-14.));
#1975 = DIRECTION('',(-0.,-0.,-1.));
#1976 = DIRECTION('',(1.,0.,0.));
#1977 = DEFINITIONAL_REPRESENTATION('',(#1978),#1982);
#1978 = LINE('',#1979,#1980);
#1979 = CARTESIAN_POINT('',(-0.,0.));
#1980 = VECTOR('',#1981,1.);
#1981 = DIRECTION('',(-1.,0.));
#1982 = ( GEOMETRIC_REPRESENTATION_CONTEXT(2)
PARAMETRIC_REPRESENTATION_CONTEXT() REPRESENTATION_CONTEXT('2D SPACE',''
  ) );
#1983 = PCURVE('',#1984,#1989);
#1984 = PLANE('',#1985);
#1985 = AXIS2_PLACEMENT_3D('',#1986,#1987,#1988);
#1986 = CARTESIAN_POINT('',(-2.734880265079E-16,3.428682531579E-16,-14.)
  );
#1987 = DIRECTION('',(0.,0.,1.));
#1988 = DIRECTION('',(1.,0.,-0.));
#1989 = DEFINITIONAL_REPRESENTATION('',(#1990),#1994);
#1990 = CIRCLE('',#1991,5.);
#1991 = AXIS2_PLACEMENT_2D('',#1992,#1993);
#1992 = CARTESIAN_POINT('',(2.734880265079E-16,-3.428682531579E-16));
#1993 = DIRECTION('',(1.,0.));
#1994 = ( GEOMETRIC_REPRESENTATION_CONTEXT(2)
PARAMETRIC_REPRESENTATION_CONTEXT() REPRESENTATION_CONTEXT('2D SPACE',''
  ) );
#1995 = ORIENTED_EDGE('',*,*,#1996,.T.);
#1996 = EDGE_CURVE('',#1961,#1997,#1999,.T.);
#1997 = VERTEX_POINT('',#1998);
#1998 = CARTESIAN_POINT('',(5.,0.,-4.2));
#1999 = SURFACE_CURVE('',#2000,(#2004,#2011),.PCURVE_S1.);
#2000 = LINE('',#2001,#2002);
#2001 = CARTESIAN_POINT('',(5.,0.,-14.));
#2002 = VECTOR('',#2003,1.);
#2003 = DIRECTION('',(0.,0.,1.));
#2004 = PCURVE('',#1972,#2005);
#2005 = DEFINITIONAL_REPRESENTATION('',(#2006),#2010);
#2006 = LINE('',#2007,#2008);
#2007 = CARTESIAN_POINT('',(-0.,0.));
#2008 = VECTOR('',#2009,1.);
#2009 = DIRECTION('',(-0.,-1.));
#2010 = ( GEOMETRIC_REPRESENTATION_CONTEXT(2)
PARAMETRIC_REPRESENTATION_CONTEXT() REPRESENTATION_CONTEXT('2D SPACE',''
  ) );
#2011 = PCURVE('',#2012,#2017);
#2012 = PLANE('',#2013);
#2013 = AXIS2_PLACEMENT_3D('',#2014,#2015,#2016);
#2014 = CARTESIAN_POINT('',(-40.,0.,-80.));
#2015 = DIRECTION('',(0.,1.,0.));
#2016 = DIRECTION('',(0.,0.,1.));
#2017 = DEFINITIONAL_REPRESENTATION('',(#2018),#2022);
#2018 = LINE('',#2019,#2020);
#2019 = CARTESIAN_POINT('',(66.,45.));
#2020 = VECTOR('',#2021,1.);
#2021 = DIRECTION('',(1.,0.));
#2022 = ( GEOMETRIC_REPRESENTATION_CONTEXT(2)
PARAMETRIC_REPRESENTATION_CONTEXT() REPRESENTATION_CONTEXT('2D SPACE',''
  ) );
#2023 = ORIENTED_EDGE('',*,*,#2024,.F.);
#2024 = EDGE_CURVE('',#2025,#1997,#2027,.T.);
#2025 = VERTEX_POINT('',#2026);
#2026 = CARTESIAN_POINT('',(-5.,-6.123233995737E-16,-4.2));
#2027 = SURFACE_CURVE('',#2028,(#2033,#2040),.PCURVE_S1.);
#2028 = CIRCLE('',#2029,5.);
#2029 = AXIS2_PLACEMENT_3D('',#2030,#2031,#2032);
#2030 = CARTESIAN_POINT('',(0.,0.,-4.2));
#2031 = DIRECTION('',(0.,0.,-1.));
#2032 = DIRECTION('',(1.,0.,0.));
#2033 = PCURVE('',#1972,#2034);
#2034 = DEFINITIONAL_REPRESENTATION('',(#2035),#2039);
#2035 = LINE('',#2036,#2037);
#2036 = CARTESIAN_POINT('',(-6.28318530718,-9.8));
#2037 = VECTOR('',#2038,1.);
#2038 = DIRECTION('',(1.,-0.));
#2039 = ( GEOMETRIC_REPRESENTATION_CONTEXT(2)
PARAMETRIC_REPRESENTATION_CONTEXT() REPRESENTATION_CONTEXT('2D SPACE',''
  ) );
#2040 = PCURVE('',#2041,#2046);
#2041 = PLANE('',#2042);
#2042 = AXIS2_PLACEMENT_3D('',#2043,#2044,#2045);
#2043 = CARTESIAN_POINT('',(-6.215636966088E-16,1.449535019268E-16,-4.2)
  );
#2044 = DIRECTION('',(0.,0.,1.));
#2045 = DIRECTION('',(1.,0.,-0.));
#2046 = DEFINITIONAL_REPRESENTATION('',(#2047),#2055);
#2047 = ( BOUNDED_CURVE() B_SPLINE_CURVE(2,(#2048,#2049,#2050,#2051,
#2052,#2053,#2054),.UNSPECIFIED.,.T.,.F.) B_SPLINE_CURVE_WITH_KNOTS((1,2
    ,2,2,2,1),(-2.094395102393,0.,2.094395102393,4.188790204786,
6.28318530718,8.377580409573),.UNSPECIFIED.) CURVE()
GEOMETRIC_REPRESENTATION_ITEM() RATIONAL_B_SPLINE_CURVE((1.,0.5,1.,0.5,
1.,0.5,1.)) REPRESENTATION_ITEM('') );
#2048 = CARTESIAN_POINT('',(5.,-1.449535019268E-16));
#2049 = CARTESIAN_POINT('',(5.,-8.660254037844));
#2050 = CARTESIAN_POINT('',(-2.5,-4.330127018922));
#2051 = CARTESIAN_POINT('',(-10.,-1.369600301074E-15));
#2052 = CARTESIAN_POINT('',(-2.5,4.330127018922));
#2053 = CARTESIAN_POINT('',(5.,8.660254037844));
#2054 = CARTESIAN_POINT('',(5.,-1.449535019268E-16));
#2055 = ( GEOMETRIC_REPRESENTATION_CONTEXT(2)
PARAMETRIC_REPRESENTATION_CONTEXT() REPRESENTATION_CONTEXT('2D SPACE',''
  ) );
#2056 = ORIENTED_EDGE('',*,*,#2057,.T.);
#2057 = EDGE_CURVE('',#2025,#1963,#2058,.T.);
#2058 = SURFACE_CURVE('',#2059,(#2063,#2069),.PCURVE_S1.);
#2059 = LINE('',#2060,#2061);
#2060 = CARTESIAN_POINT('',(-5.,0.,-14.));
#2061 = VECTOR('',#2062,1.);
#2062 = DIRECTION('',(-0.,-0.,-1.));
#2063 = PCURVE('',#1972,#2064);
#2064 = DEFINITIONAL_REPRESENTATION('',(#2065),#2068);
#2065 = B_SPLINE_CURVE_WITH_KNOTS('',1,(#2066,#2067),.UNSPECIFIED.,.F.,
  .F.,(2,2),(-9.8000006,5.999999999062E-07),.PIECEWISE_BEZIER_KNOTS.);
#2066 = CARTESIAN_POINT('',(-3.14159265359,-9.8000006));
#2067 = CARTESIAN_POINT('',(-3.14159265359,5.999999999062E-07));
#2068 = ( GEOMETRIC_REPRESENTATION_CONTEXT(2)
PARAMETRIC_REPRESENTATION_CONTEXT() REPRESENTATION_CONTEXT('2D SPACE',''
  ) );
#2069 = PCURVE('',#2070,#2075);
#2070 = PLANE('',#2071);
#2071 = AXIS2_PLACEMENT_3D('',#2072,#2073,#2074);
#2072 = CARTESIAN_POINT('',(-40.,0.,-80.));
#2073 = DIRECTION('',(0.,1.,0.));
#2074 = DIRECTION('',(0.,0.,1.));
#2075 = DEFINITIONAL_REPRESENTATION('',(#2076),#2079);
#2076 = B_SPLINE_CURVE_WITH_KNOTS('',1,(#2077,#2078),.UNSPECIFIED.,.F.,
  .F.,(2,2),(-9.8000006,5.999999999062E-07),.PIECEWISE_BEZIER_KNOTS.);
#2077 = CARTESIAN_POINT('',(75.8000006,35.));
#2078 = CARTESIAN_POINT('',(65.9999994,35.));
#2079 = ( GEOMETRIC_REPRESENTATION_CONTEXT(2)
PARAMETRIC_REPRESENTATION_CONTEXT() REPRESENTATION_CONTEXT('2D SPACE',''
  ) );
#2080 = ADVANCED_FACE('',(#2081),#1984,.F.);
#2081 = FACE_BOUND('',#2082,.F.);
#2082 = EDGE_LOOP('',(#2083,#2104,#2105,#2126));
#2083 = ORIENTED_EDGE('',*,*,#2084,.F.);
#2084 = EDGE_CURVE('',#1961,#2085,#2087,.T.);
#2085 = VERTEX_POINT('',#2086);
#2086 = CARTESIAN_POINT('',(3.2,8.629143409729E-17,-14.));
#2087 = SURFACE_CURVE('',#2088,(#2092,#2098),.PCURVE_S1.);
#2088 = LINE('',#2089,#2090);
#2089 = CARTESIAN_POINT('',(-20.,0.,-14.));
#2090 = VECTOR('',#2091,1.);
#2091 = DIRECTION('',(-1.,0.,0.));
#2092 = PCURVE('',#1984,#2093);
#2093 = DEFINITIONAL_REPRESENTATION('',(#2094),#2097);
#2094 = B_SPLINE_CURVE_WITH_KNOTS('',1,(#2095,#2096),.UNSPECIFIED.,.F.,
  .F.,(2,2),(-25.,-15.),.PIECEWISE_BEZIER_KNOTS.);
#2095 = CARTESIAN_POINT('',(5.,-3.428682531579E-16));
#2096 = CARTESIAN_POINT('',(-5.,-3.428682531579E-16));
#2097 = ( GEOMETRIC_REPRESENTATION_CONTEXT(2)
PARAMETRIC_REPRESENTATION_CONTEXT() REPRESENTATION_CONTEXT('2D SPACE',''
  ) );
#2098 = PCURVE('',#2012,#2099);
#2099 = DEFINITIONAL_REPRESENTATION('',(#2100),#2103);
#2100 = B_SPLINE_CURVE_WITH_KNOTS('',1,(#2101,#2102),.UNSPECIFIED.,.F.,
  .F.,(2,2),(-25.,-15.),.PIECEWISE_BEZIER_KNOTS.);
#2101 = CARTESIAN_POINT('',(66.,45.));
#2102 = CARTESIAN_POINT('',(66.,35.));
#2103 = ( GEOMETRIC_REPRESENTATION_CONTEXT(2)
PARAMETRIC_REPRESENTATION_CONTEXT() REPRESENTATION_CONTEXT('2D SPACE',''
  ) );
#2104 = ORIENTED_EDGE('',*,*,#1960,.T.);
#2105 = ORIENTED_EDGE('',*,*,#2106,.F.);
#2106 = EDGE_CURVE('',#2107,#1963,#2109,.T.);
#2107 = VERTEX_POINT('',#2108);
#2108 = CARTESIAN_POINT('',(-3.2,4.781784098244E-16,-14.));
#2109 = SURFACE_CURVE('',#2110,(#2114,#2120),.PCURVE_S1.);
#2110 = LINE('',#2111,#2112);
#2111 = CARTESIAN_POINT('',(-20.,0.,-14.));
#2112 = VECTOR('',#2113,1.);
#2113 = DIRECTION('',(-1.,0.,0.));
#2114 = PCURVE('',#1984,#2115);
#2115 = DEFINITIONAL_REPRESENTATION('',(#2116),#2119);
#2116 = B_SPLINE_CURVE_WITH_KNOTS('',1,(#2117,#2118),.UNSPECIFIED.,.F.,
  .F.,(2,2),(-25.,-15.),.PIECEWISE_BEZIER_KNOTS.);
#2117 = CARTESIAN_POINT('',(5.,-3.428682531579E-16));
#2118 = CARTESIAN_POINT('',(-5.,-3.428682531579E-16));
#2119 = ( GEOMETRIC_REPRESENTATION_CONTEXT(2)
PARAMETRIC_REPRESENTATION_CONTEXT() REPRESENTATION_CONTEXT('2D SPACE',''
  ) );
#2120 = PCURVE('',#2070,#2121);
#2121 = DEFINITIONAL_REPRESENTATION('',(#2122),#2125);
#2122 = B_SPLINE_CURVE_WITH_KNOTS('',1,(#2123,#2124),.UNSPECIFIED.,.F.,
  .F.,(2,2),(-25.,-15.),.PIECEWISE_BEZIER_KNOTS.);
#2123 = CARTESIAN_POINT('',(66.,45.));
#2124 = CARTESIAN_POINT('',(66.,35.));
#2125 = ( GEOMETRIC_REPRESENTATION_CONTEXT(2)
PARAMETRIC_REPRESENTATION_CONTEXT() REPRESENTATION_CONTEXT('2D SPACE',''
  ) );
#2126 = ORIENTED_EDGE('',*,*,#2127,.F.);
#2127 = EDGE_CURVE('',#2085,#2107,#2128,.T.);
#2128 = SURFACE_CURVE('',#2129,(#2134,#2141),.PCURVE_S1.);
#2129 = CIRCLE('',#2130,3.2);
#2130 = AXIS2_PLACEMENT_3D('',#2131,#2132,#2133);
#2131 = CARTESIAN_POINT('',(2.389158321635E-14,8.629143409729E-17,-14.)
  );
#2132 = DIRECTION('',(0.,0.,1.));
#2133 = DIRECTION('',(1.,0.,0.));
#2134 = PCURVE('',#1984,#2135);
#2135 = DEFINITIONAL_REPRESENTATION('',(#2136),#2140);
#2136 = CIRCLE('',#2137,3.2);
#2137 = AXIS2_PLACEMENT_2D('',#2138,#2139);
#2138 = CARTESIAN_POINT('',(2.416507124286E-14,-2.565768190606E-16));
#2139 = DIRECTION('',(1.,0.));
#2140 = ( GEOMETRIC_REPRESENTATION_CONTEXT(2)
PARAMETRIC_REPRESENTATION_CONTEXT() REPRESENTATION_CONTEXT('2D SPACE',''
  ) );
#2141 = PCURVE('',#2142,#2147);
#2142 = CYLINDRICAL_SURFACE('',#2143,3.2);
#2143 = AXIS2_PLACEMENT_3D('',#2144,#2145,#2146);
#2144 = CARTESIAN_POINT('',(2.389158321635E-14,8.629143409729E-17,-14.)
  );
#2145 = DIRECTION('',(-0.,-0.,-1.));
#2146 = DIRECTION('',(1.,0.,0.));
#2147 = DEFINITIONAL_REPRESENTATION('',(#2148),#2152);
#2148 = LINE('',#2149,#2150);
#2149 = CARTESIAN_POINT('',(-0.,0.));
#2150 = VECTOR('',#2151,1.);
#2151 = DIRECTION('',(-1.,0.));
#2152 = ( GEOMETRIC_REPRESENTATION_CONTEXT(2)
PARAMETRIC_REPRESENTATION_CONTEXT() REPRESENTATION_CONTEXT('2D SPACE',''
  ) );
#2153 = ADVANCED_FACE('',(#2154),#2070,.F.);
#2154 = FACE_BOUND('',#2155,.F.);
#2155 = EDGE_LOOP('',(#2156,#2157,#2178,#2204,#2230,#2249));
#2156 = ORIENTED_EDGE('',*,*,#2057,.F.);
#2157 = ORIENTED_EDGE('',*,*,#2158,.T.);
#2158 = EDGE_CURVE('',#2025,#2159,#2161,.T.);
#2159 = VERTEX_POINT('',#2160);
#2160 = CARTESIAN_POINT('',(-6.6,8.082668874373E-16,-4.2));
#2161 = SURFACE_CURVE('',#2162,(#2166,#2172),.PCURVE_S1.);
#2162 = LINE('',#2163,#2164);
#2163 = CARTESIAN_POINT('',(-20.,0.,-4.2));
#2164 = VECTOR('',#2165,1.);
#2165 = DIRECTION('',(-1.,0.,0.));
#2166 = PCURVE('',#2070,#2167);
#2167 = DEFINITIONAL_REPRESENTATION('',(#2168),#2171);
#2168 = B_SPLINE_CURVE_WITH_KNOTS('',1,(#2169,#2170),.UNSPECIFIED.,.F.,
  .F.,(2,2),(-26.6,-13.4),.PIECEWISE_BEZIER_KNOTS.);
#2169 = CARTESIAN_POINT('',(75.8,46.6));
#2170 = CARTESIAN_POINT('',(75.8,33.4));
#2171 = ( GEOMETRIC_REPRESENTATION_CONTEXT(2)
PARAMETRIC_REPRESENTATION_CONTEXT() REPRESENTATION_CONTEXT('2D SPACE',''
  ) );
#2172 = PCURVE('',#2041,#2173);
#2173 = DEFINITIONAL_REPRESENTATION('',(#2174),#2177);
#2174 = B_SPLINE_CURVE_WITH_KNOTS('',1,(#2175,#2176),.UNSPECIFIED.,.F.,
  .F.,(2,2),(-26.6,-13.4),.PIECEWISE_BEZIER_KNOTS.);
#2175 = CARTESIAN_POINT('',(6.6,-1.449535019268E-16));
#2176 = CARTESIAN_POINT('',(-6.6,-1.449535019268E-16));
#2177 = ( GEOMETRIC_REPRESENTATION_CONTEXT(2)
PARAMETRIC_REPRESENTATION_CONTEXT() REPRESENTATION_CONTEXT('2D SPACE',''
  ) );
#2178 = ORIENTED_EDGE('',*,*,#2179,.F.);
#2179 = EDGE_CURVE('',#2180,#2159,#2182,.T.);
#2180 = VERTEX_POINT('',#2181);
#2181 = CARTESIAN_POINT('',(-6.6,8.082668874373E-16,-3.2));
#2182 = SURFACE_CURVE('',#2183,(#2187,#2193),.PCURVE_S1.);
#2183 = LINE('',#2184,#2185);
#2184 = CARTESIAN_POINT('',(-6.6,0.,-4.2));
#2185 = VECTOR('',#2186,1.);
#2186 = DIRECTION('',(-0.,-0.,-1.));
#2187 = PCURVE('',#2070,#2188);
#2188 = DEFINITIONAL_REPRESENTATION('',(#2189),#2192);
#2189 = B_SPLINE_CURVE_WITH_KNOTS('',1,(#2190,#2191),.UNSPECIFIED.,.F.,
  .F.,(2,2),(-1.0000006,5.999999999062E-07),.PIECEWISE_BEZIER_KNOTS.);
#2190 = CARTESIAN_POINT('',(76.8000006,33.4));
#2191 = CARTESIAN_POINT('',(75.7999994,33.4));
#2192 = ( GEOMETRIC_REPRESENTATION_CONTEXT(2)
PARAMETRIC_REPRESENTATION_CONTEXT() REPRESENTATION_CONTEXT('2D SPACE',''
  ) );
#2193 = PCURVE('',#2194,#2199);
#2194 = CYLINDRICAL_SURFACE('',#2195,6.6);
#2195 = AXIS2_PLACEMENT_3D('',#2196,#2197,#2198);
#2196 = CARTESIAN_POINT('',(0.,0.,-4.2));
#2197 = DIRECTION('',(-0.,-0.,-1.));
#2198 = DIRECTION('',(1.,0.,0.));
#2199 = DEFINITIONAL_REPRESENTATION('',(#2200),#2203);
#2200 = B_SPLINE_CURVE_WITH_KNOTS('',1,(#2201,#2202),.UNSPECIFIED.,.F.,
  .F.,(2,2),(-1.0000006,5.999999999062E-07),.PIECEWISE_BEZIER_KNOTS.);
#2201 = CARTESIAN_POINT('',(-3.14159265359,-1.0000006));
#2202 = CARTESIAN_POINT('',(-3.14159265359,5.999999999062E-07));
#2203 = ( GEOMETRIC_REPRESENTATION_CONTEXT(2)
PARAMETRIC_REPRESENTATION_CONTEXT() REPRESENTATION_CONTEXT('2D SPACE',''
  ) );
#2204 = ORIENTED_EDGE('',*,*,#2205,.F.);
#2205 = EDGE_CURVE('',#2206,#2180,#2208,.T.);
#2206 = VERTEX_POINT('',#2207);
#2207 = CARTESIAN_POINT('',(-3.2,4.781784098244E-16,-3.2));
#2208 = SURFACE_CURVE('',#2209,(#2213,#2219),.PCURVE_S1.);
#2209 = LINE('',#2210,#2211);
#2210 = CARTESIAN_POINT('',(-20.,0.,-3.2));
#2211 = VECTOR('',#2212,1.);
#2212 = DIRECTION('',(-1.,0.,0.));
#2213 = PCURVE('',#2070,#2214);
#2214 = DEFINITIONAL_REPRESENTATION('',(#2215),#2218);
#2215 = B_SPLINE_CURVE_WITH_KNOTS('',1,(#2216,#2217),.UNSPECIFIED.,.F.,
  .F.,(2,2),(-26.6,-13.4),.PIECEWISE_BEZIER_KNOTS.);
#2216 = CARTESIAN_POINT('',(76.8,46.6));
#2217 = CARTESIAN_POINT('',(76.8,33.4));
#2218 = ( GEOMETRIC_REPRESENTATION_CONTEXT(2)
PARAMETRIC_REPRESENTATION_CONTEXT() REPRESENTATION_CONTEXT('2D SPACE',''
  ) );
#2219 = PCURVE('',#2220,#2225);
#2220 = PLANE('',#2221);
#2221 = AXIS2_PLACEMENT_3D('',#2222,#2223,#2224);
#2222 = CARTESIAN_POINT('',(-6.215636966088E-16,1.449535019268E-16,-3.2)
  );
#2223 = DIRECTION('',(0.,0.,1.));
#2224 = DIRECTION('',(1.,0.,-0.));
#2225 = DEFINITIONAL_REPRESENTATION('',(#2226),#2229);
#2226 = B_SPLINE_CURVE_WITH_KNOTS('',1,(#2227,#2228),.UNSPECIFIED.,.F.,
  .F.,(2,2),(-26.6,-13.4),.PIECEWISE_BEZIER_KNOTS.);
#2227 = CARTESIAN_POINT('',(6.6,-1.449535019268E-16));
#2228 = CARTESIAN_POINT('',(-6.6,-1.449535019268E-16));
#2229 = ( GEOMETRIC_REPRESENTATION_CONTEXT(2)
PARAMETRIC_REPRESENTATION_CONTEXT() REPRESENTATION_CONTEXT('2D SPACE',''
  ) );
#2230 = ORIENTED_EDGE('',*,*,#2231,.T.);
#2231 = EDGE_CURVE('',#2206,#2107,#2232,.T.);
#2232 = SURFACE_CURVE('',#2233,(#2237,#2243),.PCURVE_S1.);
#2233 = LINE('',#2234,#2235);
#2234 = CARTESIAN_POINT('',(-3.2,0.,-14.));
#2235 = VECTOR('',#2236,1.);
#2236 = DIRECTION('',(-0.,-0.,-1.));
#2237 = PCURVE('',#2070,#2238);
#2238 = DEFINITIONAL_REPRESENTATION('',(#2239),#2242);
#2239 = B_SPLINE_CURVE_WITH_KNOTS('',1,(#2240,#2241),.UNSPECIFIED.,.F.,
  .F.,(2,2),(-10.8000006,5.999999999062E-07),.PIECEWISE_BEZIER_KNOTS.);
#2240 = CARTESIAN_POINT('',(76.8000006,36.8));
#2241 = CARTESIAN_POINT('',(65.9999994,36.8));
#2242 = ( GEOMETRIC_REPRESENTATION_CONTEXT(2)
PARAMETRIC_REPRESENTATION_CONTEXT() REPRESENTATION_CONTEXT('2D SPACE',''
  ) );
#2243 = PCURVE('',#2142,#2244);
#2244 = DEFINITIONAL_REPRESENTATION('',(#2245),#2248);
#2245 = B_SPLINE_CURVE_WITH_KNOTS('',1,(#2246,#2247),.UNSPECIFIED.,.F.,
  .F.,(2,2),(-10.8000006,5.999999999062E-07),.PIECEWISE_BEZIER_KNOTS.);
#2246 = CARTESIAN_POINT('',(-3.14159265359,-10.8000006));
#2247 = CARTESIAN_POINT('',(-3.14159265359,5.999999999062E-07));
#2248 = ( GEOMETRIC_REPRESENTATION_CONTEXT(2)
PARAMETRIC_REPRESENTATION_CONTEXT() REPRESENTATION_CONTEXT('2D SPACE',''
  ) );
#2249 = ORIENTED_EDGE('',*,*,#2106,.T.);
#2250 = ADVANCED_FACE('',(#2251),#2041,.F.);
#2251 = FACE_BOUND('',#2252,.F.);
#2252 = EDGE_LOOP('',(#2253,#2274,#2296,#2297));
#2253 = ORIENTED_EDGE('',*,*,#2254,.F.);
#2254 = EDGE_CURVE('',#2255,#1997,#2257,.T.);
#2255 = VERTEX_POINT('',#2256);
#2256 = CARTESIAN_POINT('',(6.6,0.,-4.2));
#2257 = SURFACE_CURVE('',#2258,(#2262,#2268),.PCURVE_S1.);
#2258 = LINE('',#2259,#2260);
#2259 = CARTESIAN_POINT('',(-20.,0.,-4.2));
#2260 = VECTOR('',#2261,1.);
#2261 = DIRECTION('',(-1.,0.,0.));
#2262 = PCURVE('',#2041,#2263);
#2263 = DEFINITIONAL_REPRESENTATION('',(#2264),#2267);
#2264 = B_SPLINE_CURVE_WITH_KNOTS('',1,(#2265,#2266),.UNSPECIFIED.,.F.,
  .F.,(2,2),(-26.6,-13.4),.PIECEWISE_BEZIER_KNOTS.);
#2265 = CARTESIAN_POINT('',(6.6,-1.449535019268E-16));
#2266 = CARTESIAN_POINT('',(-6.6,-1.449535019268E-16));
#2267 = ( GEOMETRIC_REPRESENTATION_CONTEXT(2)
PARAMETRIC_REPRESENTATION_CONTEXT() REPRESENTATION_CONTEXT('2D SPACE',''
  ) );
#2268 = PCURVE('',#2012,#2269);
#2269 = DEFINITIONAL_REPRESENTATION('',(#2270),#2273);
#2270 = B_SPLINE_CURVE_WITH_KNOTS('',1,(#2271,#2272),.UNSPECIFIED.,.F.,
  .F.,(2,2),(-26.6,-13.4),.PIECEWISE_BEZIER_KNOTS.);
#2271 = CARTESIAN_POINT('',(75.8,46.6));
#2272 = CARTESIAN_POINT('',(75.8,33.4));
#2273 = ( GEOMETRIC_REPRESENTATION_CONTEXT(2)
PARAMETRIC_REPRESENTATION_CONTEXT() REPRESENTATION_CONTEXT('2D SPACE',''
  ) );
#2274 = ORIENTED_EDGE('',*,*,#2275,.T.);
#2275 = EDGE_CURVE('',#2255,#2159,#2276,.T.);
#2276 = SURFACE_CURVE('',#2277,(#2282,#2289),.PCURVE_S1.);
#2277 = CIRCLE('',#2278,6.6);
#2278 = AXIS2_PLACEMENT_3D('',#2279,#2280,#2281);
#2279 = CARTESIAN_POINT('',(0.,0.,-4.2));
#2280 = DIRECTION('',(0.,0.,1.));
#2281 = DIRECTION('',(1.,0.,0.));
#2282 = PCURVE('',#2041,#2283);
#2283 = DEFINITIONAL_REPRESENTATION('',(#2284),#2288);
#2284 = CIRCLE('',#2285,6.6);
#2285 = AXIS2_PLACEMENT_2D('',#2286,#2287);
#2286 = CARTESIAN_POINT('',(6.215636966088E-16,-1.449535019268E-16));
#2287 = DIRECTION('',(1.,0.));
#2288 = ( GEOMETRIC_REPRESENTATION_CONTEXT(2)
PARAMETRIC_REPRESENTATION_CONTEXT() REPRESENTATION_CONTEXT('2D SPACE',''
  ) );
#2289 = PCURVE('',#2194,#2290);
#2290 = DEFINITIONAL_REPRESENTATION('',(#2291),#2295);
#2291 = LINE('',#2292,#2293);
#2292 = CARTESIAN_POINT('',(-0.,0.));
#2293 = VECTOR('',#2294,1.);
#2294 = DIRECTION('',(-1.,0.));
#2295 = ( GEOMETRIC_REPRESENTATION_CONTEXT(2)
PARAMETRIC_REPRESENTATION_CONTEXT() REPRESENTATION_CONTEXT('2D SPACE',''
  ) );
#2296 = ORIENTED_EDGE('',*,*,#2158,.F.);
#2297 = ORIENTED_EDGE('',*,*,#2024,.T.);
#2298 = ADVANCED_FACE('',(#2299),#2012,.F.);
#2299 = FACE_BOUND('',#2300,.F.);
#2300 = EDGE_LOOP('',(#2301,#2302,#2303,#2326,#2347,#2368));
#2301 = ORIENTED_EDGE('',*,*,#1996,.F.);
#2302 = ORIENTED_EDGE('',*,*,#2084,.T.);
#2303 = ORIENTED_EDGE('',*,*,#2304,.T.);
#2304 = EDGE_CURVE('',#2085,#2305,#2307,.T.);
#2305 = VERTEX_POINT('',#2306);
#2306 = CARTESIAN_POINT('',(3.2,8.5999289067E-18,-3.2));
#2307 = SURFACE_CURVE('',#2308,(#2312,#2319),.PCURVE_S1.);
#2308 = LINE('',#2309,#2310);
#2309 = CARTESIAN_POINT('',(3.2,8.629143409729E-17,-14.));
#2310 = VECTOR('',#2311,1.);
#2311 = DIRECTION('',(3.289549702593E-16,-7.193657888017E-18,1.));
#2312 = PCURVE('',#2012,#2313);
#2313 = DEFINITIONAL_REPRESENTATION('',(#2314),#2318);
#2314 = LINE('',#2315,#2316);
#2315 = CARTESIAN_POINT('',(66.,43.2));
#2316 = VECTOR('',#2317,1.);
#2317 = DIRECTION('',(1.,3.289549702593E-16));
#2318 = ( GEOMETRIC_REPRESENTATION_CONTEXT(2)
PARAMETRIC_REPRESENTATION_CONTEXT() REPRESENTATION_CONTEXT('2D SPACE',''
  ) );
#2319 = PCURVE('',#2142,#2320);
#2320 = DEFINITIONAL_REPRESENTATION('',(#2321),#2325);
#2321 = LINE('',#2322,#2323);
#2322 = CARTESIAN_POINT('',(-0.,0.));
#2323 = VECTOR('',#2324,1.);
#2324 = DIRECTION('',(-0.,-1.));
#2325 = ( GEOMETRIC_REPRESENTATION_CONTEXT(2)
PARAMETRIC_REPRESENTATION_CONTEXT() REPRESENTATION_CONTEXT('2D SPACE',''
  ) );
#2326 = ORIENTED_EDGE('',*,*,#2327,.F.);
#2327 = EDGE_CURVE('',#2328,#2305,#2330,.T.);
#2328 = VERTEX_POINT('',#2329);
#2329 = CARTESIAN_POINT('',(6.6,0.,-3.2));
#2330 = SURFACE_CURVE('',#2331,(#2335,#2341),.PCURVE_S1.);
#2331 = LINE('',#2332,#2333);
#2332 = CARTESIAN_POINT('',(-20.,0.,-3.2));
#2333 = VECTOR('',#2334,1.);
#2334 = DIRECTION('',(-1.,0.,0.));
#2335 = PCURVE('',#2012,#2336);
#2336 = DEFINITIONAL_REPRESENTATION('',(#2337),#2340);
#2337 = B_SPLINE_CURVE_WITH_KNOTS('',1,(#2338,#2339),.UNSPECIFIED.,.F.,
  .F.,(2,2),(-26.6,-13.4),.PIECEWISE_BEZIER_KNOTS.);
#2338 = CARTESIAN_POINT('',(76.8,46.6));
#2339 = CARTESIAN_POINT('',(76.8,33.4));
#2340 = ( GEOMETRIC_REPRESENTATION_CONTEXT(2)
PARAMETRIC_REPRESENTATION_CONTEXT() REPRESENTATION_CONTEXT('2D SPACE',''
  ) );
#2341 = PCURVE('',#2220,#2342);
#2342 = DEFINITIONAL_REPRESENTATION('',(#2343),#2346);
#2343 = B_SPLINE_CURVE_WITH_KNOTS('',1,(#2344,#2345),.UNSPECIFIED.,.F.,
  .F.,(2,2),(-26.6,-13.4),.PIECEWISE_BEZIER_KNOTS.);
#2344 = CARTESIAN_POINT('',(6.6,-1.449535019268E-16));
#2345 = CARTESIAN_POINT('',(-6.6,-1.449535019268E-16));
#2346 = ( GEOMETRIC_REPRESENTATION_CONTEXT(2)
PARAMETRIC_REPRESENTATION_CONTEXT() REPRESENTATION_CONTEXT('2D SPACE',''
  ) );
#2347 = ORIENTED_EDGE('',*,*,#2348,.F.);
#2348 = EDGE_CURVE('',#2255,#2328,#2349,.T.);
#2349 = SURFACE_CURVE('',#2350,(#2354,#2361),.PCURVE_S1.);
#2350 = LINE('',#2351,#2352);
#2351 = CARTESIAN_POINT('',(6.6,0.,-4.2));
#2352 = VECTOR('',#2353,1.);
#2353 = DIRECTION('',(0.,0.,1.));
#2354 = PCURVE('',#2012,#2355);
#2355 = DEFINITIONAL_REPRESENTATION('',(#2356),#2360);
#2356 = LINE('',#2357,#2358);
#2357 = CARTESIAN_POINT('',(75.8,46.6));
#2358 = VECTOR('',#2359,1.);
#2359 = DIRECTION('',(1.,0.));
#2360 = ( GEOMETRIC_REPRESENTATION_CONTEXT(2)
PARAMETRIC_REPRESENTATION_CONTEXT() REPRESENTATION_CONTEXT('2D SPACE',''
  ) );
#2361 = PCURVE('',#2194,#2362);
#2362 = DEFINITIONAL_REPRESENTATION('',(#2363),#2367);
#2363 = LINE('',#2364,#2365);
#2364 = CARTESIAN_POINT('',(-0.,0.));
#2365 = VECTOR('',#2366,1.);
#2366 = DIRECTION('',(-0.,-1.));
#2367 = ( GEOMETRIC_REPRESENTATION_CONTEXT(2)
PARAMETRIC_REPRESENTATION_CONTEXT() REPRESENTATION_CONTEXT('2D SPACE',''
  ) );
#2368 = ORIENTED_EDGE('',*,*,#2254,.T.);
#2369 = ADVANCED_FACE('',(#2370),#2142,.F.);
#2370 = FACE_BOUND('',#2371,.T.);
#2371 = EDGE_LOOP('',(#2372,#2373,#2374,#2396));
#2372 = ORIENTED_EDGE('',*,*,#2127,.F.);
#2373 = ORIENTED_EDGE('',*,*,#2304,.T.);
#2374 = ORIENTED_EDGE('',*,*,#2375,.T.);
#2375 = EDGE_CURVE('',#2305,#2206,#2376,.T.);
#2376 = SURFACE_CURVE('',#2377,(#2382,#2389),.PCURVE_S1.);
#2377 = CIRCLE('',#2378,3.2);
#2378 = AXIS2_PLACEMENT_3D('',#2379,#2380,#2381);
#2379 = CARTESIAN_POINT('',(2.389158321635E-14,8.629143409729E-17,-3.2)
  );
#2380 = DIRECTION('',(0.,0.,1.));
#2381 = DIRECTION('',(1.,0.,0.));
#2382 = PCURVE('',#2142,#2383);
#2383 = DEFINITIONAL_REPRESENTATION('',(#2384),#2388);
#2384 = LINE('',#2385,#2386);
#2385 = CARTESIAN_POINT('',(-0.,-10.8));
#2386 = VECTOR('',#2387,1.);
#2387 = DIRECTION('',(-1.,0.));
#2388 = ( GEOMETRIC_REPRESENTATION_CONTEXT(2)
PARAMETRIC_REPRESENTATION_CONTEXT() REPRESENTATION_CONTEXT('2D SPACE',''
  ) );
#2389 = PCURVE('',#2220,#2390);
#2390 = DEFINITIONAL_REPRESENTATION('',(#2391),#2395);
#2391 = CIRCLE('',#2392,3.2);
#2392 = AXIS2_PLACEMENT_2D('',#2393,#2394);
#2393 = CARTESIAN_POINT('',(2.451314691296E-14,-5.866206782951E-17));
#2394 = DIRECTION('',(1.,0.));
#2395 = ( GEOMETRIC_REPRESENTATION_CONTEXT(2)
PARAMETRIC_REPRESENTATION_CONTEXT() REPRESENTATION_CONTEXT('2D SPACE',''
  ) );
#2396 = ORIENTED_EDGE('',*,*,#2231,.T.);
#2397 = ADVANCED_FACE('',(#2398),#2220,.T.);
#2398 = FACE_BOUND('',#2399,.T.);
#2399 = EDGE_LOOP('',(#2400,#2401,#2423,#2424));
#2400 = ORIENTED_EDGE('',*,*,#2327,.F.);
#2401 = ORIENTED_EDGE('',*,*,#2402,.T.);
#2402 = EDGE_CURVE('',#2328,#2180,#2403,.T.);
#2403 = SURFACE_CURVE('',#2404,(#2409,#2416),.PCURVE_S1.);
#2404 = CIRCLE('',#2405,6.6);
#2405 = AXIS2_PLACEMENT_3D('',#2406,#2407,#2408);
#2406 = CARTESIAN_POINT('',(0.,0.,-3.2));
#2407 = DIRECTION('',(0.,0.,1.));
#2408 = DIRECTION('',(1.,0.,0.));
#2409 = PCURVE('',#2220,#2410);
#2410 = DEFINITIONAL_REPRESENTATION('',(#2411),#2415);
#2411 = CIRCLE('',#2412,6.6);
#2412 = AXIS2_PLACEMENT_2D('',#2413,#2414);
#2413 = CARTESIAN_POINT('',(6.215636966088E-16,-1.449535019268E-16));
#2414 = DIRECTION('',(1.,0.));
#2415 = ( GEOMETRIC_REPRESENTATION_CONTEXT(2)
PARAMETRIC_REPRESENTATION_CONTEXT() REPRESENTATION_CONTEXT('2D SPACE',''
  ) );
#2416 = PCURVE('',#2194,#2417);
#2417 = DEFINITIONAL_REPRESENTATION('',(#2418),#2422);
#2418 = LINE('',#2419,#2420);
#2419 = CARTESIAN_POINT('',(-0.,-1.));
#2420 = VECTOR('',#2421,1.);
#2421 = DIRECTION('',(-1.,0.));
#2422 = ( GEOMETRIC_REPRESENTATION_CONTEXT(2)
PARAMETRIC_REPRESENTATION_CONTEXT() REPRESENTATION_CONTEXT('2D SPACE',''
  ) );
#2423 = ORIENTED_EDGE('',*,*,#2205,.F.);
#2424 = ORIENTED_EDGE('',*,*,#2375,.F.);
#2425 = ADVANCED_FACE('',(#2426),#2194,.T.);
#2426 = FACE_BOUND('',#2427,.F.);
#2427 = EDGE_LOOP('',(#2428,#2429,#2430,#2431));
#2428 = ORIENTED_EDGE('',*,*,#2275,.F.);
#2429 = ORIENTED_EDGE('',*,*,#2348,.T.);
#2430 = ORIENTED_EDGE('',*,*,#2402,.T.);
#2431 = ORIENTED_EDGE('',*,*,#2179,.T.);
#2432 = ( GEOMETRIC_REPRESENTATION_CONTEXT(3)
GLOBAL_UNCERTAINTY_ASSIGNED_CONTEXT((#2436))
GLOBAL_UNIT_ASSIGNED_CONTEXT((#2433,#2434,#2435)) REPRESENTATION_CONTEXT
('Context #1','3D Context with UNIT and UNCERTAINTY') );
#2433 = ( LENGTH_UNIT() NAMED_UNIT(*) SI_UNIT(.MILLI.,.METRE.) );
#2434 = ( NAMED_UNIT(*) PLANE_ANGLE_UNIT() SI_UNIT($,.RADIAN.) );
#2435 = ( NAMED_UNIT(*) SI_UNIT($,.STERADIAN.) SOLID_ANGLE_UNIT() );
#2436 = UNCERTAINTY_MEASURE_WITH_UNIT(LENGTH_MEASURE(2.E-07),#2433,
  'distance_accuracy_value','confusion accuracy');
#2437 = CONTEXT_DEPENDENT_SHAPE_REPRESENTATION(#2438,#2440);
#2438 = ( REPRESENTATION_RELATIONSHIP('','',#1953,#10)
REPRESENTATION_RELATIONSHIP_WITH_TRANSFORMATION(#2439)
SHAPE_REPRESENTATION_RELATIONSHIP() );
#2439 = ITEM_DEFINED_TRANSFORMATION('','',#11,#19);
#2440 = PRODUCT_DEFINITION_SHAPE('Placement','Placement of an item',
  #2441);
#2441 = NEXT_ASSEMBLY_USAGE_OCCURRENCE('90','insulating_guide','',#5,
  #1948,$);
#2442 = PRODUCT_RELATED_PRODUCT_CATEGORY('part',$,(#1950));
#2443 = SHAPE_DEFINITION_REPRESENTATION(#2444,#2450);
#2444 = PRODUCT_DEFINITION_SHAPE('','',#2445);
#2445 = PRODUCT_DEFINITION('design','',#2446,#2449);
#2446 = PRODUCT_DEFINITION_FORMATION('','',#2447);
#2447 = PRODUCT('M14_retainer_thread_envelope',
  'M14_retainer_thread_envelope','',(#2448));
#2448 = PRODUCT_CONTEXT('',#2,'mechanical');
#2449 = PRODUCT_DEFINITION_CONTEXT('part definition',#2,'design');
#2450 = ADVANCED_BREP_SHAPE_REPRESENTATION('',(#11,#2451),#3369);
#2451 = MANIFOLD_SOLID_BREP('',#2452);
#2452 = CLOSED_SHELL('',(#2453,#2573,#2646,#2790,#3004,#3098,#3105,#3154
    ,#3203,#3230,#3279,#3328,#3355,#3362));
#2453 = ADVANCED_FACE('',(#2454),#2469,.T.);
#2454 = FACE_BOUND('',#2455,.F.);
#2455 = EDGE_LOOP('',(#2456,#2492,#2520,#2549));
#2456 = ORIENTED_EDGE('',*,*,#2457,.F.);
#2457 = EDGE_CURVE('',#2458,#2460,#2462,.T.);
#2458 = VERTEX_POINT('',#2459);
#2459 = CARTESIAN_POINT('',(7.,0.,-3.2));
#2460 = VERTEX_POINT('',#2461);
#2461 = CARTESIAN_POINT('',(-7.,8.572527594031E-16,-3.2));
#2462 = SURFACE_CURVE('',#2463,(#2468,#2480),.PCURVE_S1.);
#2463 = CIRCLE('',#2464,7.);
#2464 = AXIS2_PLACEMENT_3D('',#2465,#2466,#2467);
#2465 = CARTESIAN_POINT('',(0.,0.,-3.2));
#2466 = DIRECTION('',(0.,0.,1.));
#2467 = DIRECTION('',(1.,0.,0.));
#2468 = PCURVE('',#2469,#2474);
#2469 = CYLINDRICAL_SURFACE('',#2470,7.);
#2470 = AXIS2_PLACEMENT_3D('',#2471,#2472,#2473);
#2471 = CARTESIAN_POINT('',(0.,0.,-3.2));
#2472 = DIRECTION('',(-0.,-0.,-1.));
#2473 = DIRECTION('',(1.,0.,0.));
#2474 = DEFINITIONAL_REPRESENTATION('',(#2475),#2479);
#2475 = LINE('',#2476,#2477);
#2476 = CARTESIAN_POINT('',(-0.,0.));
#2477 = VECTOR('',#2478,1.);
#2478 = DIRECTION('',(-1.,0.));
#2479 = ( GEOMETRIC_REPRESENTATION_CONTEXT(2)
PARAMETRIC_REPRESENTATION_CONTEXT() REPRESENTATION_CONTEXT('2D SPACE',''
  ) );
#2480 = PCURVE('',#2481,#2486);
#2481 = PLANE('',#2482);
#2482 = AXIS2_PLACEMENT_3D('',#2483,#2484,#2485);
#2483 = CARTESIAN_POINT('',(-3.906971807255E-16,4.9564344165E-16,-3.2));
#2484 = DIRECTION('',(0.,0.,1.));
#2485 = DIRECTION('',(1.,0.,-0.));
#2486 = DEFINITIONAL_REPRESENTATION('',(#2487),#2491);
#2487 = CIRCLE('',#2488,7.);
#2488 = AXIS2_PLACEMENT_2D('',#2489,#2490);
#2489 = CARTESIAN_POINT('',(3.906971807255E-16,-4.9564344165E-16));
#2490 = DIRECTION('',(1.,0.));
#2491 = ( GEOMETRIC_REPRESENTATION_CONTEXT(2)
PARAMETRIC_REPRESENTATION_CONTEXT() REPRESENTATION_CONTEXT('2D SPACE',''
  ) );
#2492 = ORIENTED_EDGE('',*,*,#2493,.T.);
#2493 = EDGE_CURVE('',#2458,#2494,#2496,.T.);
#2494 = VERTEX_POINT('',#2495);
#2495 = CARTESIAN_POINT('',(7.,0.,-2.6));
#2496 = SURFACE_CURVE('',#2497,(#2501,#2508),.PCURVE_S1.);
#2497 = LINE('',#2498,#2499);
#2498 = CARTESIAN_POINT('',(7.,0.,-3.2));
#2499 = VECTOR('',#2500,1.);
#2500 = DIRECTION('',(0.,0.,1.));
#2501 = PCURVE('',#2469,#2502);
#2502 = DEFINITIONAL_REPRESENTATION('',(#2503),#2507);
#2503 = LINE('',#2504,#2505);
#2504 = CARTESIAN_POINT('',(-0.,0.));
#2505 = VECTOR('',#2506,1.);
#2506 = DIRECTION('',(-0.,-1.));
#2507 = ( GEOMETRIC_REPRESENTATION_CONTEXT(2)
PARAMETRIC_REPRESENTATION_CONTEXT() REPRESENTATION_CONTEXT('2D SPACE',''
  ) );
#2508 = PCURVE('',#2509,#2514);
#2509 = PLANE('',#2510);
#2510 = AXIS2_PLACEMENT_3D('',#2511,#2512,#2513);
#2511 = CARTESIAN_POINT('',(-40.,0.,-80.));
#2512 = DIRECTION('',(0.,1.,0.));
#2513 = DIRECTION('',(0.,0.,1.));
#2514 = DEFINITIONAL_REPRESENTATION('',(#2515),#2519);
#2515 = LINE('',#2516,#2517);
#2516 = CARTESIAN_POINT('',(76.8,47.));
#2517 = VECTOR('',#2518,1.);
#2518 = DIRECTION('',(1.,0.));
#2519 = ( GEOMETRIC_REPRESENTATION_CONTEXT(2)
PARAMETRIC_REPRESENTATION_CONTEXT() REPRESENTATION_CONTEXT('2D SPACE',''
  ) );
#2520 = ORIENTED_EDGE('',*,*,#2521,.T.);
#2521 = EDGE_CURVE('',#2494,#2522,#2524,.T.);
#2522 = VERTEX_POINT('',#2523);
#2523 = CARTESIAN_POINT('',(-7.,8.572527594031E-16,-2.6));
#2524 = SURFACE_CURVE('',#2525,(#2530,#2537),.PCURVE_S1.);
#2525 = CIRCLE('',#2526,7.);
#2526 = AXIS2_PLACEMENT_3D('',#2527,#2528,#2529);
#2527 = CARTESIAN_POINT('',(0.,0.,-2.6));
#2528 = DIRECTION('',(0.,0.,1.));
#2529 = DIRECTION('',(1.,0.,0.));
#2530 = PCURVE('',#2469,#2531);
#2531 = DEFINITIONAL_REPRESENTATION('',(#2532),#2536);
#2532 = LINE('',#2533,#2534);
#2533 = CARTESIAN_POINT('',(-0.,-0.6));
#2534 = VECTOR('',#2535,1.);
#2535 = DIRECTION('',(-1.,0.));
#2536 = ( GEOMETRIC_REPRESENTATION_CONTEXT(2)
PARAMETRIC_REPRESENTATION_CONTEXT() REPRESENTATION_CONTEXT('2D SPACE',''
  ) );
#2537 = PCURVE('',#2538,#2543);
#2538 = PLANE('',#2539);
#2539 = AXIS2_PLACEMENT_3D('',#2540,#2541,#2542);
#2540 = CARTESIAN_POINT('',(-3.906971807255E-16,4.9564344165E-16,-2.6));
#2541 = DIRECTION('',(0.,0.,1.));
#2542 = DIRECTION('',(1.,0.,-0.));
#2543 = DEFINITIONAL_REPRESENTATION('',(#2544),#2548);
#2544 = CIRCLE('',#2545,7.);
#2545 = AXIS2_PLACEMENT_2D('',#2546,#2547);
#2546 = CARTESIAN_POINT('',(3.906971807255E-16,-4.9564344165E-16));
#2547 = DIRECTION('',(1.,0.));
#2548 = ( GEOMETRIC_REPRESENTATION_CONTEXT(2)
PARAMETRIC_REPRESENTATION_CONTEXT() REPRESENTATION_CONTEXT('2D SPACE',''
  ) );
#2549 = ORIENTED_EDGE('',*,*,#2550,.T.);
#2550 = EDGE_CURVE('',#2522,#2460,#2551,.T.);
#2551 = SURFACE_CURVE('',#2552,(#2556,#2562),.PCURVE_S1.);
#2552 = LINE('',#2553,#2554);
#2553 = CARTESIAN_POINT('',(-7.,0.,-3.2));
#2554 = VECTOR('',#2555,1.);
#2555 = DIRECTION('',(-0.,-0.,-1.));
#2556 = PCURVE('',#2469,#2557);
#2557 = DEFINITIONAL_REPRESENTATION('',(#2558),#2561);
#2558 = B_SPLINE_CURVE_WITH_KNOTS('',1,(#2559,#2560),.UNSPECIFIED.,.F.,
  .F.,(2,2),(-0.6000006,5.999999999062E-07),.PIECEWISE_BEZIER_KNOTS.);
#2559 = CARTESIAN_POINT('',(-3.14159265359,-0.6000006));
#2560 = CARTESIAN_POINT('',(-3.14159265359,5.999999999062E-07));
#2561 = ( GEOMETRIC_REPRESENTATION_CONTEXT(2)
PARAMETRIC_REPRESENTATION_CONTEXT() REPRESENTATION_CONTEXT('2D SPACE',''
  ) );
#2562 = PCURVE('',#2563,#2568);
#2563 = PLANE('',#2564);
#2564 = AXIS2_PLACEMENT_3D('',#2565,#2566,#2567);
#2565 = CARTESIAN_POINT('',(-40.,0.,-80.));
#2566 = DIRECTION('',(0.,1.,0.));
#2567 = DIRECTION('',(0.,0.,1.));
#2568 = DEFINITIONAL_REPRESENTATION('',(#2569),#2572);
#2569 = B_SPLINE_CURVE_WITH_KNOTS('',1,(#2570,#2571),.UNSPECIFIED.,.F.,
  .F.,(2,2),(-0.6000006,5.999999999062E-07),.PIECEWISE_BEZIER_KNOTS.);
#2570 = CARTESIAN_POINT('',(77.4000006,33.));
#2571 = CARTESIAN_POINT('',(76.7999994,33.));
#2572 = ( GEOMETRIC_REPRESENTATION_CONTEXT(2)
PARAMETRIC_REPRESENTATION_CONTEXT() REPRESENTATION_CONTEXT('2D SPACE',''
  ) );
#2573 = ADVANCED_FACE('',(#2574),#2481,.F.);
#2574 = FACE_BOUND('',#2575,.F.);
#2575 = EDGE_LOOP('',(#2576,#2597,#2598,#2619));
#2576 = ORIENTED_EDGE('',*,*,#2577,.F.);
#2577 = EDGE_CURVE('',#2458,#2578,#2580,.T.);
#2578 = VERTEX_POINT('',#2579);
#2579 = CARTESIAN_POINT('',(5.2,1.494464942933E-16,-3.2));
#2580 = SURFACE_CURVE('',#2581,(#2585,#2591),.PCURVE_S1.);
#2581 = LINE('',#2582,#2583);
#2582 = CARTESIAN_POINT('',(-20.,0.,-3.2));
#2583 = VECTOR('',#2584,1.);
#2584 = DIRECTION('',(-1.,0.,0.));
#2585 = PCURVE('',#2481,#2586);
#2586 = DEFINITIONAL_REPRESENTATION('',(#2587),#2590);
#2587 = B_SPLINE_CURVE_WITH_KNOTS('',1,(#2588,#2589),.UNSPECIFIED.,.F.,
  .F.,(2,2),(-27.,-13.),.PIECEWISE_BEZIER_KNOTS.);
#2588 = CARTESIAN_POINT('',(7.,-4.9564344165E-16));
#2589 = CARTESIAN_POINT('',(-7.,-4.9564344165E-16));
#2590 = ( GEOMETRIC_REPRESENTATION_CONTEXT(2)
PARAMETRIC_REPRESENTATION_CONTEXT() REPRESENTATION_CONTEXT('2D SPACE',''
  ) );
#2591 = PCURVE('',#2509,#2592);
#2592 = DEFINITIONAL_REPRESENTATION('',(#2593),#2596);
#2593 = B_SPLINE_CURVE_WITH_KNOTS('',1,(#2594,#2595),.UNSPECIFIED.,.F.,
  .F.,(2,2),(-27.,-13.),.PIECEWISE_BEZIER_KNOTS.);
#2594 = CARTESIAN_POINT('',(76.8,47.));
#2595 = CARTESIAN_POINT('',(76.8,33.));
#2596 = ( GEOMETRIC_REPRESENTATION_CONTEXT(2)
PARAMETRIC_REPRESENTATION_CONTEXT() REPRESENTATION_CONTEXT('2D SPACE',''
  ) );
#2597 = ORIENTED_EDGE('',*,*,#2457,.T.);
#2598 = ORIENTED_EDGE('',*,*,#2599,.F.);
#2599 = EDGE_CURVE('',#2600,#2460,#2602,.T.);
#2600 = VERTEX_POINT('',#2601);
#2601 = CARTESIAN_POINT('',(-5.2,7.862628298499E-16,-3.2));
#2602 = SURFACE_CURVE('',#2603,(#2607,#2613),.PCURVE_S1.);
#2603 = LINE('',#2604,#2605);
#2604 = CARTESIAN_POINT('',(-20.,0.,-3.2));
#2605 = VECTOR('',#2606,1.);
#2606 = DIRECTION('',(-1.,0.,0.));
#2607 = PCURVE('',#2481,#2608);
#2608 = DEFINITIONAL_REPRESENTATION('',(#2609),#2612);
#2609 = B_SPLINE_CURVE_WITH_KNOTS('',1,(#2610,#2611),.UNSPECIFIED.,.F.,
  .F.,(2,2),(-27.,-13.),.PIECEWISE_BEZIER_KNOTS.);
#2610 = CARTESIAN_POINT('',(7.,-4.9564344165E-16));
#2611 = CARTESIAN_POINT('',(-7.,-4.9564344165E-16));
#2612 = ( GEOMETRIC_REPRESENTATION_CONTEXT(2)
PARAMETRIC_REPRESENTATION_CONTEXT() REPRESENTATION_CONTEXT('2D SPACE',''
  ) );
#2613 = PCURVE('',#2563,#2614);
#2614 = DEFINITIONAL_REPRESENTATION('',(#2615),#2618);
#2615 = B_SPLINE_CURVE_WITH_KNOTS('',1,(#2616,#2617),.UNSPECIFIED.,.F.,
  .F.,(2,2),(-27.,-13.),.PIECEWISE_BEZIER_KNOTS.);
#2616 = CARTESIAN_POINT('',(76.8,47.));
#2617 = CARTESIAN_POINT('',(76.8,33.));
#2618 = ( GEOMETRIC_REPRESENTATION_CONTEXT(2)
PARAMETRIC_REPRESENTATION_CONTEXT() REPRESENTATION_CONTEXT('2D SPACE',''
  ) );
#2619 = ORIENTED_EDGE('',*,*,#2620,.F.);
#2620 = EDGE_CURVE('',#2578,#2600,#2621,.T.);
#2621 = SURFACE_CURVE('',#2622,(#2627,#2634),.PCURVE_S1.);
#2622 = CIRCLE('',#2623,5.2);
#2623 = AXIS2_PLACEMENT_3D('',#2624,#2625,#2626);
#2624 = CARTESIAN_POINT('',(3.294897844032E-14,1.494464942933E-16,-3.2)
  );
#2625 = DIRECTION('',(0.,0.,1.));
#2626 = DIRECTION('',(1.,0.,0.));
#2627 = PCURVE('',#2481,#2628);
#2628 = DEFINITIONAL_REPRESENTATION('',(#2629),#2633);
#2629 = CIRCLE('',#2630,5.2);
#2630 = AXIS2_PLACEMENT_2D('',#2631,#2632);
#2631 = CARTESIAN_POINT('',(3.333967562105E-14,-3.461969473567E-16));
#2632 = DIRECTION('',(1.,0.));
#2633 = ( GEOMETRIC_REPRESENTATION_CONTEXT(2)
PARAMETRIC_REPRESENTATION_CONTEXT() REPRESENTATION_CONTEXT('2D SPACE',''
  ) );
#2634 = PCURVE('',#2635,#2640);
#2635 = CYLINDRICAL_SURFACE('',#2636,5.2);
#2636 = AXIS2_PLACEMENT_3D('',#2637,#2638,#2639);
#2637 = CARTESIAN_POINT('',(3.294897844032E-14,1.494464942933E-16,-3.2)
  );
#2638 = DIRECTION('',(-0.,-0.,-1.));
#2639 = DIRECTION('',(1.,0.,0.));
#2640 = DEFINITIONAL_REPRESENTATION('',(#2641),#2645);
#2641 = LINE('',#2642,#2643);
#2642 = CARTESIAN_POINT('',(-0.,0.));
#2643 = VECTOR('',#2644,1.);
#2644 = DIRECTION('',(-1.,0.));
#2645 = ( GEOMETRIC_REPRESENTATION_CONTEXT(2)
PARAMETRIC_REPRESENTATION_CONTEXT() REPRESENTATION_CONTEXT('2D SPACE',''
  ) );
#2646 = ADVANCED_FACE('',(#2647),#2563,.F.);
#2647 = FACE_BOUND('',#2648,.F.);
#2648 = EDGE_LOOP('',(#2649,#2650,#2671,#2697,#2723,#2749,#2770,#2789));
#2649 = ORIENTED_EDGE('',*,*,#2550,.F.);
#2650 = ORIENTED_EDGE('',*,*,#2651,.F.);
#2651 = EDGE_CURVE('',#2652,#2522,#2654,.T.);
#2652 = VERTEX_POINT('',#2653);
#2653 = CARTESIAN_POINT('',(-6.45,0.,-2.6));
#2654 = SURFACE_CURVE('',#2655,(#2659,#2665),.PCURVE_S1.);
#2655 = LINE('',#2656,#2657);
#2656 = CARTESIAN_POINT('',(-20.,0.,-2.6));
#2657 = VECTOR('',#2658,1.);
#2658 = DIRECTION('',(-1.,0.,0.));
#2659 = PCURVE('',#2563,#2660);
#2660 = DEFINITIONAL_REPRESENTATION('',(#2661),#2664);
#2661 = B_SPLINE_CURVE_WITH_KNOTS('',1,(#2662,#2663),.UNSPECIFIED.,.F.,
  .F.,(2,2),(-27.,-13.),.PIECEWISE_BEZIER_KNOTS.);
#2662 = CARTESIAN_POINT('',(77.4,47.));
#2663 = CARTESIAN_POINT('',(77.4,33.));
#2664 = ( GEOMETRIC_REPRESENTATION_CONTEXT(2)
PARAMETRIC_REPRESENTATION_CONTEXT() REPRESENTATION_CONTEXT('2D SPACE',''
  ) );
#2665 = PCURVE('',#2538,#2666);
#2666 = DEFINITIONAL_REPRESENTATION('',(#2667),#2670);
#2667 = B_SPLINE_CURVE_WITH_KNOTS('',1,(#2668,#2669),.UNSPECIFIED.,.F.,
  .F.,(2,2),(-27.,-13.),.PIECEWISE_BEZIER_KNOTS.);
#2668 = CARTESIAN_POINT('',(7.,-4.9564344165E-16));
#2669 = CARTESIAN_POINT('',(-7.,-4.9564344165E-16));
#2670 = ( GEOMETRIC_REPRESENTATION_CONTEXT(2)
PARAMETRIC_REPRESENTATION_CONTEXT() REPRESENTATION_CONTEXT('2D SPACE',''
  ) );
#2671 = ORIENTED_EDGE('',*,*,#2672,.F.);
#2672 = EDGE_CURVE('',#2673,#2652,#2675,.T.);
#2673 = VERTEX_POINT('',#2674);
#2674 = CARTESIAN_POINT('',(-6.45,0.,-2.775));
#2675 = SURFACE_CURVE('',#2676,(#2680,#2686),.PCURVE_S1.);
#2676 = LINE('',#2677,#2678);
#2677 = CARTESIAN_POINT('',(-6.45,0.,-41.3875));
#2678 = VECTOR('',#2679,1.);
#2679 = DIRECTION('',(0.,0.,1.));
#2680 = PCURVE('',#2563,#2681);
#2681 = DEFINITIONAL_REPRESENTATION('',(#2682),#2685);
#2682 = B_SPLINE_CURVE_WITH_KNOTS('',1,(#2683,#2684),.UNSPECIFIED.,.F.,
  .F.,(2,2),(38.6125,38.7875),.PIECEWISE_BEZIER_KNOTS.);
#2683 = CARTESIAN_POINT('',(77.225,33.55));
#2684 = CARTESIAN_POINT('',(77.4,33.55));
#2685 = ( GEOMETRIC_REPRESENTATION_CONTEXT(2)
PARAMETRIC_REPRESENTATION_CONTEXT() REPRESENTATION_CONTEXT('2D SPACE',''
  ) );
#2686 = PCURVE('',#2687,#2692);
#2687 = PLANE('',#2688);
#2688 = AXIS2_PLACEMENT_3D('',#2689,#2690,#2691);
#2689 = CARTESIAN_POINT('',(-6.45,-1.,-2.775));
#2690 = DIRECTION('',(1.,0.,0.));
#2691 = DIRECTION('',(0.,0.,1.));
#2692 = DEFINITIONAL_REPRESENTATION('',(#2693),#2696);
#2693 = B_SPLINE_CURVE_WITH_KNOTS('',1,(#2694,#2695),.UNSPECIFIED.,.F.,
  .F.,(2,2),(38.6125,38.7875),.PIECEWISE_BEZIER_KNOTS.);
#2694 = CARTESIAN_POINT('',(0.,-1.));
#2695 = CARTESIAN_POINT('',(0.175,-1.));
#2696 = ( GEOMETRIC_REPRESENTATION_CONTEXT(2)
PARAMETRIC_REPRESENTATION_CONTEXT() REPRESENTATION_CONTEXT('2D SPACE',''
  ) );
#2697 = ORIENTED_EDGE('',*,*,#2698,.F.);
#2698 = EDGE_CURVE('',#2699,#2673,#2701,.T.);
#2699 = VERTEX_POINT('',#2700);
#2700 = CARTESIAN_POINT('',(-5.75,0.,-2.775));
#2701 = SURFACE_CURVE('',#2702,(#2706,#2712),.PCURVE_S1.);
#2702 = LINE('',#2703,#2704);
#2703 = CARTESIAN_POINT('',(-23.225,0.,-2.775));
#2704 = VECTOR('',#2705,1.);
#2705 = DIRECTION('',(-1.,0.,0.));
#2706 = PCURVE('',#2563,#2707);
#2707 = DEFINITIONAL_REPRESENTATION('',(#2708),#2711);
#2708 = B_SPLINE_CURVE_WITH_KNOTS('',1,(#2709,#2710),.UNSPECIFIED.,.F.,
  .F.,(2,2),(-17.475,-16.775),.PIECEWISE_BEZIER_KNOTS.);
#2709 = CARTESIAN_POINT('',(77.225,34.25));
#2710 = CARTESIAN_POINT('',(77.225,33.55));
#2711 = ( GEOMETRIC_REPRESENTATION_CONTEXT(2)
PARAMETRIC_REPRESENTATION_CONTEXT() REPRESENTATION_CONTEXT('2D SPACE',''
  ) );
#2712 = PCURVE('',#2713,#2718);
#2713 = PLANE('',#2714);
#2714 = AXIS2_PLACEMENT_3D('',#2715,#2716,#2717);
#2715 = CARTESIAN_POINT('',(-6.45,-1.,-2.775));
#2716 = DIRECTION('',(0.,0.,1.));
#2717 = DIRECTION('',(1.,0.,0.));
#2718 = DEFINITIONAL_REPRESENTATION('',(#2719),#2722);
#2719 = B_SPLINE_CURVE_WITH_KNOTS('',1,(#2720,#2721),.UNSPECIFIED.,.F.,
  .F.,(2,2),(-17.475,-16.775),.PIECEWISE_BEZIER_KNOTS.);
#2720 = CARTESIAN_POINT('',(0.7,1.));
#2721 = CARTESIAN_POINT('',(0.,1.));
#2722 = ( GEOMETRIC_REPRESENTATION_CONTEXT(2)
PARAMETRIC_REPRESENTATION_CONTEXT() REPRESENTATION_CONTEXT('2D SPACE',''
  ) );
#2723 = ORIENTED_EDGE('',*,*,#2724,.T.);
#2724 = EDGE_CURVE('',#2699,#2725,#2727,.T.);
#2725 = VERTEX_POINT('',#2726);
#2726 = CARTESIAN_POINT('',(-5.75,0.,-2.6));
#2727 = SURFACE_CURVE('',#2728,(#2732,#2738),.PCURVE_S1.);
#2728 = LINE('',#2729,#2730);
#2729 = CARTESIAN_POINT('',(-5.75,0.,-41.3875));
#2730 = VECTOR('',#2731,1.);
#2731 = DIRECTION('',(0.,0.,1.));
#2732 = PCURVE('',#2563,#2733);
#2733 = DEFINITIONAL_REPRESENTATION('',(#2734),#2737);
#2734 = B_SPLINE_CURVE_WITH_KNOTS('',1,(#2735,#2736),.UNSPECIFIED.,.F.,
  .F.,(2,2),(38.6125,38.7875),.PIECEWISE_BEZIER_KNOTS.);
#2735 = CARTESIAN_POINT('',(77.225,34.25));
#2736 = CARTESIAN_POINT('',(77.4,34.25));
#2737 = ( GEOMETRIC_REPRESENTATION_CONTEXT(2)
PARAMETRIC_REPRESENTATION_CONTEXT() REPRESENTATION_CONTEXT('2D SPACE',''
  ) );
#2738 = PCURVE('',#2739,#2744);
#2739 = PLANE('',#2740);
#2740 = AXIS2_PLACEMENT_3D('',#2741,#2742,#2743);
#2741 = CARTESIAN_POINT('',(-5.75,-1.,-2.775));
#2742 = DIRECTION('',(1.,0.,0.));
#2743 = DIRECTION('',(0.,0.,1.));
#2744 = DEFINITIONAL_REPRESENTATION('',(#2745),#2748);
#2745 = B_SPLINE_CURVE_WITH_KNOTS('',1,(#2746,#2747),.UNSPECIFIED.,.F.,
  .F.,(2,2),(38.6125,38.7875),.PIECEWISE_BEZIER_KNOTS.);
#2746 = CARTESIAN_POINT('',(0.,-1.));
#2747 = CARTESIAN_POINT('',(0.175,-1.));
#2748 = ( GEOMETRIC_REPRESENTATION_CONTEXT(2)
PARAMETRIC_REPRESENTATION_CONTEXT() REPRESENTATION_CONTEXT('2D SPACE',''
  ) );
#2749 = ORIENTED_EDGE('',*,*,#2750,.F.);
#2750 = EDGE_CURVE('',#2751,#2725,#2753,.T.);
#2751 = VERTEX_POINT('',#2752);
#2752 = CARTESIAN_POINT('',(-5.2,7.862628298499E-16,-2.6));
#2753 = SURFACE_CURVE('',#2754,(#2758,#2764),.PCURVE_S1.);
#2754 = LINE('',#2755,#2756);
#2755 = CARTESIAN_POINT('',(-20.,0.,-2.6));
#2756 = VECTOR('',#2757,1.);
#2757 = DIRECTION('',(-1.,0.,0.));
#2758 = PCURVE('',#2563,#2759);
#2759 = DEFINITIONAL_REPRESENTATION('',(#2760),#2763);
#2760 = B_SPLINE_CURVE_WITH_KNOTS('',1,(#2761,#2762),.UNSPECIFIED.,.F.,
  .F.,(2,2),(-27.,-13.),.PIECEWISE_BEZIER_KNOTS.);
#2761 = CARTESIAN_POINT('',(77.4,47.));
#2762 = CARTESIAN_POINT('',(77.4,33.));
#2763 = ( GEOMETRIC_REPRESENTATION_CONTEXT(2)
PARAMETRIC_REPRESENTATION_CONTEXT() REPRESENTATION_CONTEXT('2D SPACE',''
  ) );
#2764 = PCURVE('',#2538,#2765);
#2765 = DEFINITIONAL_REPRESENTATION('',(#2766),#2769);
#2766 = B_SPLINE_CURVE_WITH_KNOTS('',1,(#2767,#2768),.UNSPECIFIED.,.F.,
  .F.,(2,2),(-27.,-13.),.PIECEWISE_BEZIER_KNOTS.);
#2767 = CARTESIAN_POINT('',(7.,-4.9564344165E-16));
#2768 = CARTESIAN_POINT('',(-7.,-4.9564344165E-16));
#2769 = ( GEOMETRIC_REPRESENTATION_CONTEXT(2)
PARAMETRIC_REPRESENTATION_CONTEXT() REPRESENTATION_CONTEXT('2D SPACE',''
  ) );
#2770 = ORIENTED_EDGE('',*,*,#2771,.T.);
#2771 = EDGE_CURVE('',#2751,#2600,#2772,.T.);
#2772 = SURFACE_CURVE('',#2773,(#2777,#2783),.PCURVE_S1.);
#2773 = LINE('',#2774,#2775);
#2774 = CARTESIAN_POINT('',(-5.2,0.,-3.2));
#2775 = VECTOR('',#2776,1.);
#2776 = DIRECTION('',(-0.,-0.,-1.));
#2777 = PCURVE('',#2563,#2778);
#2778 = DEFINITIONAL_REPRESENTATION('',(#2779),#2782);
#2779 = B_SPLINE_CURVE_WITH_KNOTS('',1,(#2780,#2781),.UNSPECIFIED.,.F.,
  .F.,(2,2),(-0.6000006,5.999999999062E-07),.PIECEWISE_BEZIER_KNOTS.);
#2780 = CARTESIAN_POINT('',(77.4000006,34.8));
#2781 = CARTESIAN_POINT('',(76.7999994,34.8));
#2782 = ( GEOMETRIC_REPRESENTATION_CONTEXT(2)
PARAMETRIC_REPRESENTATION_CONTEXT() REPRESENTATION_CONTEXT('2D SPACE',''
  ) );
#2783 = PCURVE('',#2635,#2784);
#2784 = DEFINITIONAL_REPRESENTATION('',(#2785),#2788);
#2785 = B_SPLINE_CURVE_WITH_KNOTS('',1,(#2786,#2787),.UNSPECIFIED.,.F.,
  .F.,(2,2),(-0.6000006,5.999999999062E-07),.PIECEWISE_BEZIER_KNOTS.);
#2786 = CARTESIAN_POINT('',(-3.14159265359,-0.6000006));
#2787 = CARTESIAN_POINT('',(-3.14159265359,5.999999999062E-07));
#2788 = ( GEOMETRIC_REPRESENTATION_CONTEXT(2)
PARAMETRIC_REPRESENTATION_CONTEXT() REPRESENTATION_CONTEXT('2D SPACE',''
  ) );
#2789 = ORIENTED_EDGE('',*,*,#2599,.T.);
#2790 = ADVANCED_FACE('',(#2791),#2538,.T.);
#2791 = FACE_BOUND('',#2792,.T.);
#2792 = EDGE_LOOP('',(#2793,#2814,#2815,#2816,#2837,#2863,#2882,#2883,
    #2907,#2928,#2954,#2980));
#2793 = ORIENTED_EDGE('',*,*,#2794,.F.);
#2794 = EDGE_CURVE('',#2494,#2795,#2797,.T.);
#2795 = VERTEX_POINT('',#2796);
#2796 = CARTESIAN_POINT('',(6.45,0.,-2.6));
#2797 = SURFACE_CURVE('',#2798,(#2802,#2808),.PCURVE_S1.);
#2798 = LINE('',#2799,#2800);
#2799 = CARTESIAN_POINT('',(-20.,0.,-2.6));
#2800 = VECTOR('',#2801,1.);
#2801 = DIRECTION('',(-1.,0.,0.));
#2802 = PCURVE('',#2538,#2803);
#2803 = DEFINITIONAL_REPRESENTATION('',(#2804),#2807);
#2804 = B_SPLINE_CURVE_WITH_KNOTS('',1,(#2805,#2806),.UNSPECIFIED.,.F.,
  .F.,(2,2),(-27.,-13.),.PIECEWISE_BEZIER_KNOTS.);
#2805 = CARTESIAN_POINT('',(7.,-4.9564344165E-16));
#2806 = CARTESIAN_POINT('',(-7.,-4.9564344165E-16));
#2807 = ( GEOMETRIC_REPRESENTATION_CONTEXT(2)
PARAMETRIC_REPRESENTATION_CONTEXT() REPRESENTATION_CONTEXT('2D SPACE',''
  ) );
#2808 = PCURVE('',#2509,#2809);
#2809 = DEFINITIONAL_REPRESENTATION('',(#2810),#2813);
#2810 = B_SPLINE_CURVE_WITH_KNOTS('',1,(#2811,#2812),.UNSPECIFIED.,.F.,
  .F.,(2,2),(-27.,-13.),.PIECEWISE_BEZIER_KNOTS.);
#2811 = CARTESIAN_POINT('',(77.4,47.));
#2812 = CARTESIAN_POINT('',(77.4,33.));
#2813 = ( GEOMETRIC_REPRESENTATION_CONTEXT(2)
PARAMETRIC_REPRESENTATION_CONTEXT() REPRESENTATION_CONTEXT('2D SPACE',''
  ) );
#2814 = ORIENTED_EDGE('',*,*,#2521,.T.);
#2815 = ORIENTED_EDGE('',*,*,#2651,.F.);
#2816 = ORIENTED_EDGE('',*,*,#2817,.T.);
#2817 = EDGE_CURVE('',#2652,#2818,#2820,.T.);
#2818 = VERTEX_POINT('',#2819);
#2819 = CARTESIAN_POINT('',(-6.45,1.,-2.6));
#2820 = SURFACE_CURVE('',#2821,(#2825,#2831),.PCURVE_S1.);
#2821 = LINE('',#2822,#2823);
#2822 = CARTESIAN_POINT('',(-6.45,-0.5,-2.6));
#2823 = VECTOR('',#2824,1.);
#2824 = DIRECTION('',(0.,1.,0.));
#2825 = PCURVE('',#2538,#2826);
#2826 = DEFINITIONAL_REPRESENTATION('',(#2827),#2830);
#2827 = B_SPLINE_CURVE_WITH_KNOTS('',1,(#2828,#2829),.UNSPECIFIED.,.F.,
  .F.,(2,2),(-0.5,1.5),.PIECEWISE_BEZIER_KNOTS.);
#2828 = CARTESIAN_POINT('',(-6.45,-1.));
#2829 = CARTESIAN_POINT('',(-6.45,1.));
#2830 = ( GEOMETRIC_REPRESENTATION_CONTEXT(2)
PARAMETRIC_REPRESENTATION_CONTEXT() REPRESENTATION_CONTEXT('2D SPACE',''
  ) );
#2831 = PCURVE('',#2687,#2832);
#2832 = DEFINITIONAL_REPRESENTATION('',(#2833),#2836);
#2833 = B_SPLINE_CURVE_WITH_KNOTS('',1,(#2834,#2835),.UNSPECIFIED.,.F.,
  .F.,(2,2),(-0.5,1.5),.PIECEWISE_BEZIER_KNOTS.);
#2834 = CARTESIAN_POINT('',(0.175,0.));
#2835 = CARTESIAN_POINT('',(0.175,-2.));
#2836 = ( GEOMETRIC_REPRESENTATION_CONTEXT(2)
PARAMETRIC_REPRESENTATION_CONTEXT() REPRESENTATION_CONTEXT('2D SPACE',''
  ) );
#2837 = ORIENTED_EDGE('',*,*,#2838,.F.);
#2838 = EDGE_CURVE('',#2839,#2818,#2841,.T.);
#2839 = VERTEX_POINT('',#2840);
#2840 = CARTESIAN_POINT('',(-5.75,1.,-2.6));
#2841 = SURFACE_CURVE('',#2842,(#2846,#2852),.PCURVE_S1.);
#2842 = LINE('',#2843,#2844);
#2843 = CARTESIAN_POINT('',(-3.225,1.,-2.6));
#2844 = VECTOR('',#2845,1.);
#2845 = DIRECTION('',(-1.,0.,0.));
#2846 = PCURVE('',#2538,#2847);
#2847 = DEFINITIONAL_REPRESENTATION('',(#2848),#2851);
#2848 = B_SPLINE_CURVE_WITH_KNOTS('',1,(#2849,#2850),.UNSPECIFIED.,.F.,
  .F.,(2,2),(2.525,3.225),.PIECEWISE_BEZIER_KNOTS.);
#2849 = CARTESIAN_POINT('',(-5.75,1.));
#2850 = CARTESIAN_POINT('',(-6.45,1.));
#2851 = ( GEOMETRIC_REPRESENTATION_CONTEXT(2)
PARAMETRIC_REPRESENTATION_CONTEXT() REPRESENTATION_CONTEXT('2D SPACE',''
  ) );
#2852 = PCURVE('',#2853,#2858);
#2853 = PLANE('',#2854);
#2854 = AXIS2_PLACEMENT_3D('',#2855,#2856,#2857);
#2855 = CARTESIAN_POINT('',(-6.45,1.,-2.775));
#2856 = DIRECTION('',(0.,1.,0.));
#2857 = DIRECTION('',(0.,0.,1.));
#2858 = DEFINITIONAL_REPRESENTATION('',(#2859),#2862);
#2859 = B_SPLINE_CURVE_WITH_KNOTS('',1,(#2860,#2861),.UNSPECIFIED.,.F.,
  .F.,(2,2),(2.525,3.225),.PIECEWISE_BEZIER_KNOTS.);
#2860 = CARTESIAN_POINT('',(0.175,0.7));
#2861 = CARTESIAN_POINT('',(0.175,0.));
#2862 = ( GEOMETRIC_REPRESENTATION_CONTEXT(2)
PARAMETRIC_REPRESENTATION_CONTEXT() REPRESENTATION_CONTEXT('2D SPACE',''
  ) );
#2863 = ORIENTED_EDGE('',*,*,#2864,.F.);
#2864 = EDGE_CURVE('',#2725,#2839,#2865,.T.);
#2865 = SURFACE_CURVE('',#2866,(#2870,#2876),.PCURVE_S1.);
#2866 = LINE('',#2867,#2868);
#2867 = CARTESIAN_POINT('',(-5.75,-0.5,-2.6));
#2868 = VECTOR('',#2869,1.);
#2869 = DIRECTION('',(0.,1.,0.));
#2870 = PCURVE('',#2538,#2871);
#2871 = DEFINITIONAL_REPRESENTATION('',(#2872),#2875);
#2872 = B_SPLINE_CURVE_WITH_KNOTS('',1,(#2873,#2874),.UNSPECIFIED.,.F.,
  .F.,(2,2),(-0.5,1.5),.PIECEWISE_BEZIER_KNOTS.);
#2873 = CARTESIAN_POINT('',(-5.75,-1.));
#2874 = CARTESIAN_POINT('',(-5.75,1.));
#2875 = ( GEOMETRIC_REPRESENTATION_CONTEXT(2)
PARAMETRIC_REPRESENTATION_CONTEXT() REPRESENTATION_CONTEXT('2D SPACE',''
  ) );
#2876 = PCURVE('',#2739,#2877);
#2877 = DEFINITIONAL_REPRESENTATION('',(#2878),#2881);
#2878 = B_SPLINE_CURVE_WITH_KNOTS('',1,(#2879,#2880),.UNSPECIFIED.,.F.,
  .F.,(2,2),(-0.5,1.5),.PIECEWISE_BEZIER_KNOTS.);
#2879 = CARTESIAN_POINT('',(0.175,0.));
#2880 = CARTESIAN_POINT('',(0.175,-2.));
#2881 = ( GEOMETRIC_REPRESENTATION_CONTEXT(2)
PARAMETRIC_REPRESENTATION_CONTEXT() REPRESENTATION_CONTEXT('2D SPACE',''
  ) );
#2882 = ORIENTED_EDGE('',*,*,#2750,.F.);
#2883 = ORIENTED_EDGE('',*,*,#2884,.F.);
#2884 = EDGE_CURVE('',#2885,#2751,#2887,.T.);
#2885 = VERTEX_POINT('',#2886);
#2886 = CARTESIAN_POINT('',(5.2,1.494464942933E-16,-2.6));
#2887 = SURFACE_CURVE('',#2888,(#2893,#2900),.PCURVE_S1.);
#2888 = CIRCLE('',#2889,5.2);
#2889 = AXIS2_PLACEMENT_3D('',#2890,#2891,#2892);
#2890 = CARTESIAN_POINT('',(3.294897844032E-14,1.494464942933E-16,-2.6)
  );
#2891 = DIRECTION('',(0.,0.,1.));
#2892 = DIRECTION('',(1.,0.,0.));
#2893 = PCURVE('',#2538,#2894);
#2894 = DEFINITIONAL_REPRESENTATION('',(#2895),#2899);
#2895 = CIRCLE('',#2896,5.2);
#2896 = AXIS2_PLACEMENT_2D('',#2897,#2898);
#2897 = CARTESIAN_POINT('',(3.333967562105E-14,-3.461969473567E-16));
#2898 = DIRECTION('',(1.,0.));
#2899 = ( GEOMETRIC_REPRESENTATION_CONTEXT(2)
PARAMETRIC_REPRESENTATION_CONTEXT() REPRESENTATION_CONTEXT('2D SPACE',''
  ) );
#2900 = PCURVE('',#2635,#2901);
#2901 = DEFINITIONAL_REPRESENTATION('',(#2902),#2906);
#2902 = LINE('',#2903,#2904);
#2903 = CARTESIAN_POINT('',(-0.,-0.6));
#2904 = VECTOR('',#2905,1.);
#2905 = DIRECTION('',(-1.,0.));
#2906 = ( GEOMETRIC_REPRESENTATION_CONTEXT(2)
PARAMETRIC_REPRESENTATION_CONTEXT() REPRESENTATION_CONTEXT('2D SPACE',''
  ) );
#2907 = ORIENTED_EDGE('',*,*,#2908,.F.);
#2908 = EDGE_CURVE('',#2909,#2885,#2911,.T.);
#2909 = VERTEX_POINT('',#2910);
#2910 = CARTESIAN_POINT('',(5.75,0.,-2.6));
#2911 = SURFACE_CURVE('',#2912,(#2916,#2922),.PCURVE_S1.);
#2912 = LINE('',#2913,#2914);
#2913 = CARTESIAN_POINT('',(-20.,0.,-2.6));
#2914 = VECTOR('',#2915,1.);
#2915 = DIRECTION('',(-1.,0.,0.));
#2916 = PCURVE('',#2538,#2917);
#2917 = DEFINITIONAL_REPRESENTATION('',(#2918),#2921);
#2918 = B_SPLINE_CURVE_WITH_KNOTS('',1,(#2919,#2920),.UNSPECIFIED.,.F.,
  .F.,(2,2),(-27.,-13.),.PIECEWISE_BEZIER_KNOTS.);
#2919 = CARTESIAN_POINT('',(7.,-4.9564344165E-16));
#2920 = CARTESIAN_POINT('',(-7.,-4.9564344165E-16));
#2921 = ( GEOMETRIC_REPRESENTATION_CONTEXT(2)
PARAMETRIC_REPRESENTATION_CONTEXT() REPRESENTATION_CONTEXT('2D SPACE',''
  ) );
#2922 = PCURVE('',#2509,#2923);
#2923 = DEFINITIONAL_REPRESENTATION('',(#2924),#2927);
#2924 = B_SPLINE_CURVE_WITH_KNOTS('',1,(#2925,#2926),.UNSPECIFIED.,.F.,
  .F.,(2,2),(-27.,-13.),.PIECEWISE_BEZIER_KNOTS.);
#2925 = CARTESIAN_POINT('',(77.4,47.));
#2926 = CARTESIAN_POINT('',(77.4,33.));
#2927 = ( GEOMETRIC_REPRESENTATION_CONTEXT(2)
PARAMETRIC_REPRESENTATION_CONTEXT() REPRESENTATION_CONTEXT('2D SPACE',''
  ) );
#2928 = ORIENTED_EDGE('',*,*,#2929,.T.);
#2929 = EDGE_CURVE('',#2909,#2930,#2932,.T.);
#2930 = VERTEX_POINT('',#2931);
#2931 = CARTESIAN_POINT('',(5.75,1.,-2.6));
#2932 = SURFACE_CURVE('',#2933,(#2937,#2943),.PCURVE_S1.);
#2933 = LINE('',#2934,#2935);
#2934 = CARTESIAN_POINT('',(5.75,-0.5,-2.6));
#2935 = VECTOR('',#2936,1.);
#2936 = DIRECTION('',(0.,1.,0.));
#2937 = PCURVE('',#2538,#2938);
#2938 = DEFINITIONAL_REPRESENTATION('',(#2939),#2942);
#2939 = B_SPLINE_CURVE_WITH_KNOTS('',1,(#2940,#2941),.UNSPECIFIED.,.F.,
  .F.,(2,2),(-0.5,1.5),.PIECEWISE_BEZIER_KNOTS.);
#2940 = CARTESIAN_POINT('',(5.75,-1.));
#2941 = CARTESIAN_POINT('',(5.75,1.));
#2942 = ( GEOMETRIC_REPRESENTATION_CONTEXT(2)
PARAMETRIC_REPRESENTATION_CONTEXT() REPRESENTATION_CONTEXT('2D SPACE',''
  ) );
#2943 = PCURVE('',#2944,#2949);
#2944 = PLANE('',#2945);
#2945 = AXIS2_PLACEMENT_3D('',#2946,#2947,#2948);
#2946 = CARTESIAN_POINT('',(5.75,-1.,-2.775));
#2947 = DIRECTION('',(1.,0.,0.));
#2948 = DIRECTION('',(0.,0.,1.));
#2949 = DEFINITIONAL_REPRESENTATION('',(#2950),#2953);
#2950 = B_SPLINE_CURVE_WITH_KNOTS('',1,(#2951,#2952),.UNSPECIFIED.,.F.,
  .F.,(2,2),(-0.5,1.5),.PIECEWISE_BEZIER_KNOTS.);
#2951 = CARTESIAN_POINT('',(0.175,0.));
#2952 = CARTESIAN_POINT('',(0.175,-2.));
#2953 = ( GEOMETRIC_REPRESENTATION_CONTEXT(2)
PARAMETRIC_REPRESENTATION_CONTEXT() REPRESENTATION_CONTEXT('2D SPACE',''
  ) );
#2954 = ORIENTED_EDGE('',*,*,#2955,.F.);
#2955 = EDGE_CURVE('',#2956,#2930,#2958,.T.);
#2956 = VERTEX_POINT('',#2957);
#2957 = CARTESIAN_POINT('',(6.45,1.,-2.6));
#2958 = SURFACE_CURVE('',#2959,(#2963,#2969),.PCURVE_S1.);
#2959 = LINE('',#2960,#2961);
#2960 = CARTESIAN_POINT('',(2.875,1.,-2.6));
#2961 = VECTOR('',#2962,1.);
#2962 = DIRECTION('',(-1.,0.,0.));
#2963 = PCURVE('',#2538,#2964);
#2964 = DEFINITIONAL_REPRESENTATION('',(#2965),#2968);
#2965 = B_SPLINE_CURVE_WITH_KNOTS('',1,(#2966,#2967),.UNSPECIFIED.,.F.,
  .F.,(2,2),(-3.575,-2.875),.PIECEWISE_BEZIER_KNOTS.);
#2966 = CARTESIAN_POINT('',(6.45,1.));
#2967 = CARTESIAN_POINT('',(5.75,1.));
#2968 = ( GEOMETRIC_REPRESENTATION_CONTEXT(2)
PARAMETRIC_REPRESENTATION_CONTEXT() REPRESENTATION_CONTEXT('2D SPACE',''
  ) );
#2969 = PCURVE('',#2970,#2975);
#2970 = PLANE('',#2971);
#2971 = AXIS2_PLACEMENT_3D('',#2972,#2973,#2974);
#2972 = CARTESIAN_POINT('',(5.75,1.,-2.775));
#2973 = DIRECTION('',(0.,1.,0.));
#2974 = DIRECTION('',(0.,0.,1.));
#2975 = DEFINITIONAL_REPRESENTATION('',(#2976),#2979);
#2976 = B_SPLINE_CURVE_WITH_KNOTS('',1,(#2977,#2978),.UNSPECIFIED.,.F.,
  .F.,(2,2),(-3.575,-2.875),.PIECEWISE_BEZIER_KNOTS.);
#2977 = CARTESIAN_POINT('',(0.175,0.7));
#2978 = CARTESIAN_POINT('',(0.175,0.));
#2979 = ( GEOMETRIC_REPRESENTATION_CONTEXT(2)
PARAMETRIC_REPRESENTATION_CONTEXT() REPRESENTATION_CONTEXT('2D SPACE',''
  ) );
#2980 = ORIENTED_EDGE('',*,*,#2981,.F.);
#2981 = EDGE_CURVE('',#2795,#2956,#2982,.T.);
#2982 = SURFACE_CURVE('',#2983,(#2987,#2993),.PCURVE_S1.);
#2983 = LINE('',#2984,#2985);
#2984 = CARTESIAN_POINT('',(6.45,-0.5,-2.6));
#2985 = VECTOR('',#2986,1.);
#2986 = DIRECTION('',(0.,1.,0.));
#2987 = PCURVE('',#2538,#2988);
#2988 = DEFINITIONAL_REPRESENTATION('',(#2989),#2992);
#2989 = B_SPLINE_CURVE_WITH_KNOTS('',1,(#2990,#2991),.UNSPECIFIED.,.F.,
  .F.,(2,2),(-0.5,1.5),.PIECEWISE_BEZIER_KNOTS.);
#2990 = CARTESIAN_POINT('',(6.45,-1.));
#2991 = CARTESIAN_POINT('',(6.45,1.));
#2992 = ( GEOMETRIC_REPRESENTATION_CONTEXT(2)
PARAMETRIC_REPRESENTATION_CONTEXT() REPRESENTATION_CONTEXT('2D SPACE',''
  ) );
#2993 = PCURVE('',#2994,#2999);
#2994 = PLANE('',#2995);
#2995 = AXIS2_PLACEMENT_3D('',#2996,#2997,#2998);
#2996 = CARTESIAN_POINT('',(6.45,-1.,-2.775));
#2997 = DIRECTION('',(1.,0.,0.));
#2998 = DIRECTION('',(0.,0.,1.));
#2999 = DEFINITIONAL_REPRESENTATION('',(#3000),#3003);
#3000 = B_SPLINE_CURVE_WITH_KNOTS('',1,(#3001,#3002),.UNSPECIFIED.,.F.,
  .F.,(2,2),(-0.5,1.5),.PIECEWISE_BEZIER_KNOTS.);
#3001 = CARTESIAN_POINT('',(0.175,0.));
#3002 = CARTESIAN_POINT('',(0.175,-2.));
#3003 = ( GEOMETRIC_REPRESENTATION_CONTEXT(2)
PARAMETRIC_REPRESENTATION_CONTEXT() REPRESENTATION_CONTEXT('2D SPACE',''
  ) );
#3004 = ADVANCED_FACE('',(#3005),#2509,.F.);
#3005 = FACE_BOUND('',#3006,.F.);
#3006 = EDGE_LOOP('',(#3007,#3008,#3009,#3030,#3031,#3052,#3078,#3097));
#3007 = ORIENTED_EDGE('',*,*,#2493,.F.);
#3008 = ORIENTED_EDGE('',*,*,#2577,.T.);
#3009 = ORIENTED_EDGE('',*,*,#3010,.T.);
#3010 = EDGE_CURVE('',#2578,#2885,#3011,.T.);
#3011 = SURFACE_CURVE('',#3012,(#3016,#3023),.PCURVE_S1.);
#3012 = LINE('',#3013,#3014);
#3013 = CARTESIAN_POINT('',(5.2,1.494464942933E-16,-3.2));
#3014 = VECTOR('',#3015,1.);
#3015 = DIRECTION('',(0.,0.,1.));
#3016 = PCURVE('',#2509,#3017);
#3017 = DEFINITIONAL_REPRESENTATION('',(#3018),#3022);
#3018 = LINE('',#3019,#3020);
#3019 = CARTESIAN_POINT('',(76.8,45.2));
#3020 = VECTOR('',#3021,1.);
#3021 = DIRECTION('',(1.,0.));
#3022 = ( GEOMETRIC_REPRESENTATION_CONTEXT(2)
PARAMETRIC_REPRESENTATION_CONTEXT() REPRESENTATION_CONTEXT('2D SPACE',''
  ) );
#3023 = PCURVE('',#2635,#3024);
#3024 = DEFINITIONAL_REPRESENTATION('',(#3025),#3029);
#3025 = LINE('',#3026,#3027);
#3026 = CARTESIAN_POINT('',(-0.,0.));
#3027 = VECTOR('',#3028,1.);
#3028 = DIRECTION('',(-0.,-1.));
#3029 = ( GEOMETRIC_REPRESENTATION_CONTEXT(2)
PARAMETRIC_REPRESENTATION_CONTEXT() REPRESENTATION_CONTEXT('2D SPACE',''
  ) );
#3030 = ORIENTED_EDGE('',*,*,#2908,.F.);
#3031 = ORIENTED_EDGE('',*,*,#3032,.F.);
#3032 = EDGE_CURVE('',#3033,#2909,#3035,.T.);
#3033 = VERTEX_POINT('',#3034);
#3034 = CARTESIAN_POINT('',(5.75,0.,-2.775));
#3035 = SURFACE_CURVE('',#3036,(#3040,#3046),.PCURVE_S1.);
#3036 = LINE('',#3037,#3038);
#3037 = CARTESIAN_POINT('',(5.75,0.,-41.3875));
#3038 = VECTOR('',#3039,1.);
#3039 = DIRECTION('',(0.,0.,1.));
#3040 = PCURVE('',#2509,#3041);
#3041 = DEFINITIONAL_REPRESENTATION('',(#3042),#3045);
#3042 = B_SPLINE_CURVE_WITH_KNOTS('',1,(#3043,#3044),.UNSPECIFIED.,.F.,
  .F.,(2,2),(38.6125,38.7875),.PIECEWISE_BEZIER_KNOTS.);
#3043 = CARTESIAN_POINT('',(77.225,45.75));
#3044 = CARTESIAN_POINT('',(77.4,45.75));
#3045 = ( GEOMETRIC_REPRESENTATION_CONTEXT(2)
PARAMETRIC_REPRESENTATION_CONTEXT() REPRESENTATION_CONTEXT('2D SPACE',''
  ) );
#3046 = PCURVE('',#2944,#3047);
#3047 = DEFINITIONAL_REPRESENTATION('',(#3048),#3051);
#3048 = B_SPLINE_CURVE_WITH_KNOTS('',1,(#3049,#3050),.UNSPECIFIED.,.F.,
  .F.,(2,2),(38.6125,38.7875),.PIECEWISE_BEZIER_KNOTS.);
#3049 = CARTESIAN_POINT('',(0.,-1.));
#3050 = CARTESIAN_POINT('',(0.175,-1.));
#3051 = ( GEOMETRIC_REPRESENTATION_CONTEXT(2)
PARAMETRIC_REPRESENTATION_CONTEXT() REPRESENTATION_CONTEXT('2D SPACE',''
  ) );
#3052 = ORIENTED_EDGE('',*,*,#3053,.F.);
#3053 = EDGE_CURVE('',#3054,#3033,#3056,.T.);
#3054 = VERTEX_POINT('',#3055);
#3055 = CARTESIAN_POINT('',(6.45,0.,-2.775));
#3056 = SURFACE_CURVE('',#3057,(#3061,#3067),.PCURVE_S1.);
#3057 = LINE('',#3058,#3059);
#3058 = CARTESIAN_POINT('',(-17.125,0.,-2.775));
#3059 = VECTOR('',#3060,1.);
#3060 = DIRECTION('',(-1.,0.,0.));
#3061 = PCURVE('',#2509,#3062);
#3062 = DEFINITIONAL_REPRESENTATION('',(#3063),#3066);
#3063 = B_SPLINE_CURVE_WITH_KNOTS('',1,(#3064,#3065),.UNSPECIFIED.,.F.,
  .F.,(2,2),(-23.575,-22.875),.PIECEWISE_BEZIER_KNOTS.);
#3064 = CARTESIAN_POINT('',(77.225,46.45));
#3065 = CARTESIAN_POINT('',(77.225,45.75));
#3066 = ( GEOMETRIC_REPRESENTATION_CONTEXT(2)
PARAMETRIC_REPRESENTATION_CONTEXT() REPRESENTATION_CONTEXT('2D SPACE',''
  ) );
#3067 = PCURVE('',#3068,#3073);
#3068 = PLANE('',#3069);
#3069 = AXIS2_PLACEMENT_3D('',#3070,#3071,#3072);
#3070 = CARTESIAN_POINT('',(5.75,-1.,-2.775));
#3071 = DIRECTION('',(0.,0.,1.));
#3072 = DIRECTION('',(1.,0.,0.));
#3073 = DEFINITIONAL_REPRESENTATION('',(#3074),#3077);
#3074 = B_SPLINE_CURVE_WITH_KNOTS('',1,(#3075,#3076),.UNSPECIFIED.,.F.,
  .F.,(2,2),(-23.575,-22.875),.PIECEWISE_BEZIER_KNOTS.);
#3075 = CARTESIAN_POINT('',(0.7,1.));
#3076 = CARTESIAN_POINT('',(0.,1.));
#3077 = ( GEOMETRIC_REPRESENTATION_CONTEXT(2)
PARAMETRIC_REPRESENTATION_CONTEXT() REPRESENTATION_CONTEXT('2D SPACE',''
  ) );
#3078 = ORIENTED_EDGE('',*,*,#3079,.T.);
#3079 = EDGE_CURVE('',#3054,#2795,#3080,.T.);
#3080 = SURFACE_CURVE('',#3081,(#3085,#3091),.PCURVE_S1.);
#3081 = LINE('',#3082,#3083);
#3082 = CARTESIAN_POINT('',(6.45,0.,-41.3875));
#3083 = VECTOR('',#3084,1.);
#3084 = DIRECTION('',(0.,0.,1.));
#3085 = PCURVE('',#2509,#3086);
#3086 = DEFINITIONAL_REPRESENTATION('',(#3087),#3090);
#3087 = B_SPLINE_CURVE_WITH_KNOTS('',1,(#3088,#3089),.UNSPECIFIED.,.F.,
  .F.,(2,2),(38.6125,38.7875),.PIECEWISE_BEZIER_KNOTS.);
#3088 = CARTESIAN_POINT('',(77.225,46.45));
#3089 = CARTESIAN_POINT('',(77.4,46.45));
#3090 = ( GEOMETRIC_REPRESENTATION_CONTEXT(2)
PARAMETRIC_REPRESENTATION_CONTEXT() REPRESENTATION_CONTEXT('2D SPACE',''
  ) );
#3091 = PCURVE('',#2994,#3092);
#3092 = DEFINITIONAL_REPRESENTATION('',(#3093),#3096);
#3093 = B_SPLINE_CURVE_WITH_KNOTS('',1,(#3094,#3095),.UNSPECIFIED.,.F.,
  .F.,(2,2),(38.6125,38.7875),.PIECEWISE_BEZIER_KNOTS.);
#3094 = CARTESIAN_POINT('',(0.,-1.));
#3095 = CARTESIAN_POINT('',(0.175,-1.));
#3096 = ( GEOMETRIC_REPRESENTATION_CONTEXT(2)
PARAMETRIC_REPRESENTATION_CONTEXT() REPRESENTATION_CONTEXT('2D SPACE',''
  ) );
#3097 = ORIENTED_EDGE('',*,*,#2794,.F.);
#3098 = ADVANCED_FACE('',(#3099),#2635,.F.);
#3099 = FACE_BOUND('',#3100,.T.);
#3100 = EDGE_LOOP('',(#3101,#3102,#3103,#3104));
#3101 = ORIENTED_EDGE('',*,*,#2620,.F.);
#3102 = ORIENTED_EDGE('',*,*,#3010,.T.);
#3103 = ORIENTED_EDGE('',*,*,#2884,.T.);
#3104 = ORIENTED_EDGE('',*,*,#2771,.T.);
#3105 = ADVANCED_FACE('',(#3106),#2739,.F.);
#3106 = FACE_BOUND('',#3107,.F.);
#3107 = EDGE_LOOP('',(#3108,#3109,#3132,#3153));
#3108 = ORIENTED_EDGE('',*,*,#2724,.F.);
#3109 = ORIENTED_EDGE('',*,*,#3110,.T.);
#3110 = EDGE_CURVE('',#2699,#3111,#3113,.T.);
#3111 = VERTEX_POINT('',#3112);
#3112 = CARTESIAN_POINT('',(-5.75,1.,-2.775));
#3113 = SURFACE_CURVE('',#3114,(#3118,#3125),.PCURVE_S1.);
#3114 = LINE('',#3115,#3116);
#3115 = CARTESIAN_POINT('',(-5.75,-1.,-2.775));
#3116 = VECTOR('',#3117,1.);
#3117 = DIRECTION('',(0.,1.,0.));
#3118 = PCURVE('',#2739,#3119);
#3119 = DEFINITIONAL_REPRESENTATION('',(#3120),#3124);
#3120 = LINE('',#3121,#3122);
#3121 = CARTESIAN_POINT('',(0.,0.));
#3122 = VECTOR('',#3123,1.);
#3123 = DIRECTION('',(0.,-1.));
#3124 = ( GEOMETRIC_REPRESENTATION_CONTEXT(2)
PARAMETRIC_REPRESENTATION_CONTEXT() REPRESENTATION_CONTEXT('2D SPACE',''
  ) );
#3125 = PCURVE('',#2713,#3126);
#3126 = DEFINITIONAL_REPRESENTATION('',(#3127),#3131);
#3127 = LINE('',#3128,#3129);
#3128 = CARTESIAN_POINT('',(0.7,0.));
#3129 = VECTOR('',#3130,1.);
#3130 = DIRECTION('',(0.,1.));
#3131 = ( GEOMETRIC_REPRESENTATION_CONTEXT(2)
PARAMETRIC_REPRESENTATION_CONTEXT() REPRESENTATION_CONTEXT('2D SPACE',''
  ) );
#3132 = ORIENTED_EDGE('',*,*,#3133,.T.);
#3133 = EDGE_CURVE('',#3111,#2839,#3134,.T.);
#3134 = SURFACE_CURVE('',#3135,(#3139,#3146),.PCURVE_S1.);
#3135 = LINE('',#3136,#3137);
#3136 = CARTESIAN_POINT('',(-5.75,1.,-2.775));
#3137 = VECTOR('',#3138,1.);
#3138 = DIRECTION('',(0.,0.,1.));
#3139 = PCURVE('',#2739,#3140);
#3140 = DEFINITIONAL_REPRESENTATION('',(#3141),#3145);
#3141 = LINE('',#3142,#3143);
#3142 = CARTESIAN_POINT('',(0.,-2.));
#3143 = VECTOR('',#3144,1.);
#3144 = DIRECTION('',(1.,0.));
#3145 = ( GEOMETRIC_REPRESENTATION_CONTEXT(2)
PARAMETRIC_REPRESENTATION_CONTEXT() REPRESENTATION_CONTEXT('2D SPACE',''
  ) );
#3146 = PCURVE('',#2853,#3147);
#3147 = DEFINITIONAL_REPRESENTATION('',(#3148),#3152);
#3148 = LINE('',#3149,#3150);
#3149 = CARTESIAN_POINT('',(0.,0.7));
#3150 = VECTOR('',#3151,1.);
#3151 = DIRECTION('',(1.,0.));
#3152 = ( GEOMETRIC_REPRESENTATION_CONTEXT(2)
PARAMETRIC_REPRESENTATION_CONTEXT() REPRESENTATION_CONTEXT('2D SPACE',''
  ) );
#3153 = ORIENTED_EDGE('',*,*,#2864,.F.);
#3154 = ADVANCED_FACE('',(#3155),#2713,.T.);
#3155 = FACE_BOUND('',#3156,.T.);
#3156 = EDGE_LOOP('',(#3157,#3180,#3181,#3182));
#3157 = ORIENTED_EDGE('',*,*,#3158,.F.);
#3158 = EDGE_CURVE('',#2673,#3159,#3161,.T.);
#3159 = VERTEX_POINT('',#3160);
#3160 = CARTESIAN_POINT('',(-6.45,1.,-2.775));
#3161 = SURFACE_CURVE('',#3162,(#3166,#3173),.PCURVE_S1.);
#3162 = LINE('',#3163,#3164);
#3163 = CARTESIAN_POINT('',(-6.45,-1.,-2.775));
#3164 = VECTOR('',#3165,1.);
#3165 = DIRECTION('',(0.,1.,0.));
#3166 = PCURVE('',#2713,#3167);
#3167 = DEFINITIONAL_REPRESENTATION('',(#3168),#3172);
#3168 = LINE('',#3169,#3170);
#3169 = CARTESIAN_POINT('',(0.,0.));
#3170 = VECTOR('',#3171,1.);
#3171 = DIRECTION('',(0.,1.));
#3172 = ( GEOMETRIC_REPRESENTATION_CONTEXT(2)
PARAMETRIC_REPRESENTATION_CONTEXT() REPRESENTATION_CONTEXT('2D SPACE',''
  ) );
#3173 = PCURVE('',#2687,#3174);
#3174 = DEFINITIONAL_REPRESENTATION('',(#3175),#3179);
#3175 = LINE('',#3176,#3177);
#3176 = CARTESIAN_POINT('',(0.,0.));
#3177 = VECTOR('',#3178,1.);
#3178 = DIRECTION('',(0.,-1.));
#3179 = ( GEOMETRIC_REPRESENTATION_CONTEXT(2)
PARAMETRIC_REPRESENTATION_CONTEXT() REPRESENTATION_CONTEXT('2D SPACE',''
  ) );
#3180 = ORIENTED_EDGE('',*,*,#2698,.F.);
#3181 = ORIENTED_EDGE('',*,*,#3110,.T.);
#3182 = ORIENTED_EDGE('',*,*,#3183,.F.);
#3183 = EDGE_CURVE('',#3159,#3111,#3184,.T.);
#3184 = SURFACE_CURVE('',#3185,(#3189,#3196),.PCURVE_S1.);
#3185 = LINE('',#3186,#3187);
#3186 = CARTESIAN_POINT('',(-6.45,1.,-2.775));
#3187 = VECTOR('',#3188,1.);
#3188 = DIRECTION('',(1.,0.,0.));
#3189 = PCURVE('',#2713,#3190);
#3190 = DEFINITIONAL_REPRESENTATION('',(#3191),#3195);
#3191 = LINE('',#3192,#3193);
#3192 = CARTESIAN_POINT('',(0.,2.));
#3193 = VECTOR('',#3194,1.);
#3194 = DIRECTION('',(1.,0.));
#3195 = ( GEOMETRIC_REPRESENTATION_CONTEXT(2)
PARAMETRIC_REPRESENTATION_CONTEXT() REPRESENTATION_CONTEXT('2D SPACE',''
  ) );
#3196 = PCURVE('',#2853,#3197);
#3197 = DEFINITIONAL_REPRESENTATION('',(#3198),#3202);
#3198 = LINE('',#3199,#3200);
#3199 = CARTESIAN_POINT('',(0.,0.));
#3200 = VECTOR('',#3201,1.);
#3201 = DIRECTION('',(0.,1.));
#3202 = ( GEOMETRIC_REPRESENTATION_CONTEXT(2)
PARAMETRIC_REPRESENTATION_CONTEXT() REPRESENTATION_CONTEXT('2D SPACE',''
  ) );
#3203 = ADVANCED_FACE('',(#3204),#2687,.T.);
#3204 = FACE_BOUND('',#3205,.T.);
#3205 = EDGE_LOOP('',(#3206,#3207,#3208,#3229));
#3206 = ORIENTED_EDGE('',*,*,#2672,.F.);
#3207 = ORIENTED_EDGE('',*,*,#3158,.T.);
#3208 = ORIENTED_EDGE('',*,*,#3209,.T.);
#3209 = EDGE_CURVE('',#3159,#2818,#3210,.T.);
#3210 = SURFACE_CURVE('',#3211,(#3215,#3222),.PCURVE_S1.);
#3211 = LINE('',#3212,#3213);
#3212 = CARTESIAN_POINT('',(-6.45,1.,-2.775));
#3213 = VECTOR('',#3214,1.);
#3214 = DIRECTION('',(0.,0.,1.));
#3215 = PCURVE('',#2687,#3216);
#3216 = DEFINITIONAL_REPRESENTATION('',(#3217),#3221);
#3217 = LINE('',#3218,#3219);
#3218 = CARTESIAN_POINT('',(0.,-2.));
#3219 = VECTOR('',#3220,1.);
#3220 = DIRECTION('',(1.,0.));
#3221 = ( GEOMETRIC_REPRESENTATION_CONTEXT(2)
PARAMETRIC_REPRESENTATION_CONTEXT() REPRESENTATION_CONTEXT('2D SPACE',''
  ) );
#3222 = PCURVE('',#2853,#3223);
#3223 = DEFINITIONAL_REPRESENTATION('',(#3224),#3228);
#3224 = LINE('',#3225,#3226);
#3225 = CARTESIAN_POINT('',(0.,0.));
#3226 = VECTOR('',#3227,1.);
#3227 = DIRECTION('',(1.,0.));
#3228 = ( GEOMETRIC_REPRESENTATION_CONTEXT(2)
PARAMETRIC_REPRESENTATION_CONTEXT() REPRESENTATION_CONTEXT('2D SPACE',''
  ) );
#3229 = ORIENTED_EDGE('',*,*,#2817,.F.);
#3230 = ADVANCED_FACE('',(#3231),#2994,.F.);
#3231 = FACE_BOUND('',#3232,.F.);
#3232 = EDGE_LOOP('',(#3233,#3234,#3257,#3278));
#3233 = ORIENTED_EDGE('',*,*,#3079,.F.);
#3234 = ORIENTED_EDGE('',*,*,#3235,.T.);
#3235 = EDGE_CURVE('',#3054,#3236,#3238,.T.);
#3236 = VERTEX_POINT('',#3237);
#3237 = CARTESIAN_POINT('',(6.45,1.,-2.775));
#3238 = SURFACE_CURVE('',#3239,(#3243,#3250),.PCURVE_S1.);
#3239 = LINE('',#3240,#3241);
#3240 = CARTESIAN_POINT('',(6.45,-1.,-2.775));
#3241 = VECTOR('',#3242,1.);
#3242 = DIRECTION('',(0.,1.,0.));
#3243 = PCURVE('',#2994,#3244);
#3244 = DEFINITIONAL_REPRESENTATION('',(#3245),#3249);
#3245 = LINE('',#3246,#3247);
#3246 = CARTESIAN_POINT('',(0.,0.));
#3247 = VECTOR('',#3248,1.);
#3248 = DIRECTION('',(0.,-1.));
#3249 = ( GEOMETRIC_REPRESENTATION_CONTEXT(2)
PARAMETRIC_REPRESENTATION_CONTEXT() REPRESENTATION_CONTEXT('2D SPACE',''
  ) );
#3250 = PCURVE('',#3068,#3251);
#3251 = DEFINITIONAL_REPRESENTATION('',(#3252),#3256);
#3252 = LINE('',#3253,#3254);
#3253 = CARTESIAN_POINT('',(0.7,0.));
#3254 = VECTOR('',#3255,1.);
#3255 = DIRECTION('',(0.,1.));
#3256 = ( GEOMETRIC_REPRESENTATION_CONTEXT(2)
PARAMETRIC_REPRESENTATION_CONTEXT() REPRESENTATION_CONTEXT('2D SPACE',''
  ) );
#3257 = ORIENTED_EDGE('',*,*,#3258,.T.);
#3258 = EDGE_CURVE('',#3236,#2956,#3259,.T.);
#3259 = SURFACE_CURVE('',#3260,(#3264,#3271),.PCURVE_S1.);
#3260 = LINE('',#3261,#3262);
#3261 = CARTESIAN_POINT('',(6.45,1.,-2.775));
#3262 = VECTOR('',#3263,1.);
#3263 = DIRECTION('',(0.,0.,1.));
#3264 = PCURVE('',#2994,#3265);
#3265 = DEFINITIONAL_REPRESENTATION('',(#3266),#3270);
#3266 = LINE('',#3267,#3268);
#3267 = CARTESIAN_POINT('',(0.,-2.));
#3268 = VECTOR('',#3269,1.);
#3269 = DIRECTION('',(1.,0.));
#3270 = ( GEOMETRIC_REPRESENTATION_CONTEXT(2)
PARAMETRIC_REPRESENTATION_CONTEXT() REPRESENTATION_CONTEXT('2D SPACE',''
  ) );
#3271 = PCURVE('',#2970,#3272);
#3272 = DEFINITIONAL_REPRESENTATION('',(#3273),#3277);
#3273 = LINE('',#3274,#3275);
#3274 = CARTESIAN_POINT('',(0.,0.7));
#3275 = VECTOR('',#3276,1.);
#3276 = DIRECTION('',(1.,0.));
#3277 = ( GEOMETRIC_REPRESENTATION_CONTEXT(2)
PARAMETRIC_REPRESENTATION_CONTEXT() REPRESENTATION_CONTEXT('2D SPACE',''
  ) );
#3278 = ORIENTED_EDGE('',*,*,#2981,.F.);
#3279 = ADVANCED_FACE('',(#3280),#2970,.F.);
#3280 = FACE_BOUND('',#3281,.F.);
#3281 = EDGE_LOOP('',(#3282,#3283,#3306,#3327));
#3282 = ORIENTED_EDGE('',*,*,#3258,.F.);
#3283 = ORIENTED_EDGE('',*,*,#3284,.F.);
#3284 = EDGE_CURVE('',#3285,#3236,#3287,.T.);
#3285 = VERTEX_POINT('',#3286);
#3286 = CARTESIAN_POINT('',(5.75,1.,-2.775));
#3287 = SURFACE_CURVE('',#3288,(#3292,#3299),.PCURVE_S1.);
#3288 = LINE('',#3289,#3290);
#3289 = CARTESIAN_POINT('',(5.75,1.,-2.775));
#3290 = VECTOR('',#3291,1.);
#3291 = DIRECTION('',(1.,0.,0.));
#3292 = PCURVE('',#2970,#3293);
#3293 = DEFINITIONAL_REPRESENTATION('',(#3294),#3298);
#3294 = LINE('',#3295,#3296);
#3295 = CARTESIAN_POINT('',(0.,0.));
#3296 = VECTOR('',#3297,1.);
#3297 = DIRECTION('',(0.,1.));
#3298 = ( GEOMETRIC_REPRESENTATION_CONTEXT(2)
PARAMETRIC_REPRESENTATION_CONTEXT() REPRESENTATION_CONTEXT('2D SPACE',''
  ) );
#3299 = PCURVE('',#3068,#3300);
#3300 = DEFINITIONAL_REPRESENTATION('',(#3301),#3305);
#3301 = LINE('',#3302,#3303);
#3302 = CARTESIAN_POINT('',(0.,2.));
#3303 = VECTOR('',#3304,1.);
#3304 = DIRECTION('',(1.,0.));
#3305 = ( GEOMETRIC_REPRESENTATION_CONTEXT(2)
PARAMETRIC_REPRESENTATION_CONTEXT() REPRESENTATION_CONTEXT('2D SPACE',''
  ) );
#3306 = ORIENTED_EDGE('',*,*,#3307,.T.);
#3307 = EDGE_CURVE('',#3285,#2930,#3308,.T.);
#3308 = SURFACE_CURVE('',#3309,(#3313,#3320),.PCURVE_S1.);
#3309 = LINE('',#3310,#3311);
#3310 = CARTESIAN_POINT('',(5.75,1.,-2.775));
#3311 = VECTOR('',#3312,1.);
#3312 = DIRECTION('',(0.,0.,1.));
#3313 = PCURVE('',#2970,#3314);
#3314 = DEFINITIONAL_REPRESENTATION('',(#3315),#3319);
#3315 = LINE('',#3316,#3317);
#3316 = CARTESIAN_POINT('',(0.,0.));
#3317 = VECTOR('',#3318,1.);
#3318 = DIRECTION('',(1.,0.));
#3319 = ( GEOMETRIC_REPRESENTATION_CONTEXT(2)
PARAMETRIC_REPRESENTATION_CONTEXT() REPRESENTATION_CONTEXT('2D SPACE',''
  ) );
#3320 = PCURVE('',#2944,#3321);
#3321 = DEFINITIONAL_REPRESENTATION('',(#3322),#3326);
#3322 = LINE('',#3323,#3324);
#3323 = CARTESIAN_POINT('',(0.,-2.));
#3324 = VECTOR('',#3325,1.);
#3325 = DIRECTION('',(1.,0.));
#3326 = ( GEOMETRIC_REPRESENTATION_CONTEXT(2)
PARAMETRIC_REPRESENTATION_CONTEXT() REPRESENTATION_CONTEXT('2D SPACE',''
  ) );
#3327 = ORIENTED_EDGE('',*,*,#2955,.F.);
#3328 = ADVANCED_FACE('',(#3329),#2944,.T.);
#3329 = FACE_BOUND('',#3330,.T.);
#3330 = EDGE_LOOP('',(#3331,#3332,#3353,#3354));
#3331 = ORIENTED_EDGE('',*,*,#3032,.F.);
#3332 = ORIENTED_EDGE('',*,*,#3333,.T.);
#3333 = EDGE_CURVE('',#3033,#3285,#3334,.T.);
#3334 = SURFACE_CURVE('',#3335,(#3339,#3346),.PCURVE_S1.);
#3335 = LINE('',#3336,#3337);
#3336 = CARTESIAN_POINT('',(5.75,-1.,-2.775));
#3337 = VECTOR('',#3338,1.);
#3338 = DIRECTION('',(0.,1.,0.));
#3339 = PCURVE('',#2944,#3340);
#3340 = DEFINITIONAL_REPRESENTATION('',(#3341),#3345);
#3341 = LINE('',#3342,#3343);
#3342 = CARTESIAN_POINT('',(0.,0.));
#3343 = VECTOR('',#3344,1.);
#3344 = DIRECTION('',(0.,-1.));
#3345 = ( GEOMETRIC_REPRESENTATION_CONTEXT(2)
PARAMETRIC_REPRESENTATION_CONTEXT() REPRESENTATION_CONTEXT('2D SPACE',''
  ) );
#3346 = PCURVE('',#3068,#3347);
#3347 = DEFINITIONAL_REPRESENTATION('',(#3348),#3352);
#3348 = LINE('',#3349,#3350);
#3349 = CARTESIAN_POINT('',(0.,0.));
#3350 = VECTOR('',#3351,1.);
#3351 = DIRECTION('',(0.,1.));
#3352 = ( GEOMETRIC_REPRESENTATION_CONTEXT(2)
PARAMETRIC_REPRESENTATION_CONTEXT() REPRESENTATION_CONTEXT('2D SPACE',''
  ) );
#3353 = ORIENTED_EDGE('',*,*,#3307,.T.);
#3354 = ORIENTED_EDGE('',*,*,#2929,.F.);
#3355 = ADVANCED_FACE('',(#3356),#2853,.F.);
#3356 = FACE_BOUND('',#3357,.F.);
#3357 = EDGE_LOOP('',(#3358,#3359,#3360,#3361));
#3358 = ORIENTED_EDGE('',*,*,#3133,.F.);
#3359 = ORIENTED_EDGE('',*,*,#3183,.F.);
#3360 = ORIENTED_EDGE('',*,*,#3209,.T.);
#3361 = ORIENTED_EDGE('',*,*,#2838,.F.);
#3362 = ADVANCED_FACE('',(#3363),#3068,.T.);
#3363 = FACE_BOUND('',#3364,.T.);
#3364 = EDGE_LOOP('',(#3365,#3366,#3367,#3368));
#3365 = ORIENTED_EDGE('',*,*,#3333,.F.);
#3366 = ORIENTED_EDGE('',*,*,#3053,.F.);
#3367 = ORIENTED_EDGE('',*,*,#3235,.T.);
#3368 = ORIENTED_EDGE('',*,*,#3284,.F.);
#3369 = ( GEOMETRIC_REPRESENTATION_CONTEXT(3)
GLOBAL_UNCERTAINTY_ASSIGNED_CONTEXT((#3373))
GLOBAL_UNIT_ASSIGNED_CONTEXT((#3370,#3371,#3372)) REPRESENTATION_CONTEXT
('Context #1','3D Context with UNIT and UNCERTAINTY') );
#3370 = ( LENGTH_UNIT() NAMED_UNIT(*) SI_UNIT(.MILLI.,.METRE.) );
#3371 = ( NAMED_UNIT(*) PLANE_ANGLE_UNIT() SI_UNIT($,.RADIAN.) );
#3372 = ( NAMED_UNIT(*) SI_UNIT($,.STERADIAN.) SOLID_ANGLE_UNIT() );
#3373 = UNCERTAINTY_MEASURE_WITH_UNIT(LENGTH_MEASURE(2.E-07),#3370,
  'distance_accuracy_value','confusion accuracy');
#3374 = CONTEXT_DEPENDENT_SHAPE_REPRESENTATION(#3375,#3377);
#3375 = ( REPRESENTATION_RELATIONSHIP('','',#2450,#10)
REPRESENTATION_RELATIONSHIP_WITH_TRANSFORMATION(#3376)
SHAPE_REPRESENTATION_RELATIONSHIP() );
#3376 = ITEM_DEFINED_TRANSFORMATION('','',#11,#23);
#3377 = PRODUCT_DEFINITION_SHAPE('Placement','Placement of an item',
  #3378);
#3378 = NEXT_ASSEMBLY_USAGE_OCCURRENCE('91',
  'M14_retainer_thread_envelope','',#5,#2445,$);
#3379 = PRODUCT_RELATED_PRODUCT_CATEGORY('part',$,(#2447));
#3380 = SHAPE_DEFINITION_REPRESENTATION(#3381,#3387);
#3381 = PRODUCT_DEFINITION_SHAPE('','',#3382);
#3382 = PRODUCT_DEFINITION('design','',#3383,#3386);
#3383 = PRODUCT_DEFINITION_FORMATION('','',#3384);
#3384 = PRODUCT('PR1_plunger_lower_stem3p6','PR1_plunger_lower_stem3p6',
  '',(#3385));
#3385 = PRODUCT_CONTEXT('',#2,'mechanical');
#3386 = PRODUCT_DEFINITION_CONTEXT('part definition',#2,'design');
#3387 = ADVANCED_BREP_SHAPE_REPRESENTATION('',(#11,#3388),#4326);
#3388 = MANIFOLD_SOLID_BREP('',#3389);
#3389 = CLOSED_SHELL('',(#3390,#3514,#3587,#3840,#3888,#4091,#4119,#4147
    ,#4175,#4203,#4231,#4259,#4291,#4319));
#3390 = ADVANCED_FACE('',(#3391),#3406,.T.);
#3391 = FACE_BOUND('',#3392,.F.);
#3392 = EDGE_LOOP('',(#3393,#3429,#3457,#3490));
#3393 = ORIENTED_EDGE('',*,*,#3394,.F.);
#3394 = EDGE_CURVE('',#3395,#3397,#3399,.T.);
#3395 = VERTEX_POINT('',#3396);
#3396 = CARTESIAN_POINT('',(3.,0.,-15.));
#3397 = VERTEX_POINT('',#3398);
#3398 = CARTESIAN_POINT('',(-3.,3.673940397442E-16,-15.));
#3399 = SURFACE_CURVE('',#3400,(#3405,#3417),.PCURVE_S1.);
#3400 = CIRCLE('',#3401,3.);
#3401 = AXIS2_PLACEMENT_3D('',#3402,#3403,#3404);
#3402 = CARTESIAN_POINT('',(0.,0.,-15.));
#3403 = DIRECTION('',(0.,0.,1.));
#3404 = DIRECTION('',(1.,0.,0.));
#3405 = PCURVE('',#3406,#3411);
#3406 = CYLINDRICAL_SURFACE('',#3407,3.);
#3407 = AXIS2_PLACEMENT_3D('',#3408,#3409,#3410);
#3408 = CARTESIAN_POINT('',(0.,0.,-15.));
#3409 = DIRECTION('',(-0.,-0.,-1.));
#3410 = DIRECTION('',(1.,0.,0.));
#3411 = DEFINITIONAL_REPRESENTATION('',(#3412),#3416);
#3412 = LINE('',#3413,#3414);
#3413 = CARTESIAN_POINT('',(-0.,0.));
#3414 = VECTOR('',#3415,1.);
#3415 = DIRECTION('',(-1.,0.));
#3416 = ( GEOMETRIC_REPRESENTATION_CONTEXT(2)
PARAMETRIC_REPRESENTATION_CONTEXT() REPRESENTATION_CONTEXT('2D SPACE',''
  ) );
#3417 = PCURVE('',#3418,#3423);
#3418 = PLANE('',#3419);
#3419 = AXIS2_PLACEMENT_3D('',#3420,#3421,#3422);
#3420 = CARTESIAN_POINT('',(-1.709300165674E-16,1.054420088418E-16,-15.)
  );
#3421 = DIRECTION('',(0.,0.,1.));
#3422 = DIRECTION('',(1.,0.,-0.));
#3423 = DEFINITIONAL_REPRESENTATION('',(#3424),#3428);
#3424 = CIRCLE('',#3425,3.);
#3425 = AXIS2_PLACEMENT_2D('',#3426,#3427);
#3426 = CARTESIAN_POINT('',(1.709300165674E-16,-1.054420088418E-16));
#3427 = DIRECTION('',(1.,0.));
#3428 = ( GEOMETRIC_REPRESENTATION_CONTEXT(2)
PARAMETRIC_REPRESENTATION_CONTEXT() REPRESENTATION_CONTEXT('2D SPACE',''
  ) );
#3429 = ORIENTED_EDGE('',*,*,#3430,.T.);
#3430 = EDGE_CURVE('',#3395,#3431,#3433,.T.);
#3431 = VERTEX_POINT('',#3432);
#3432 = CARTESIAN_POINT('',(3.,0.,-14.75));
#3433 = SURFACE_CURVE('',#3434,(#3438,#3445),.PCURVE_S1.);
#3434 = LINE('',#3435,#3436);
#3435 = CARTESIAN_POINT('',(3.,0.,-15.));
#3436 = VECTOR('',#3437,1.);
#3437 = DIRECTION('',(0.,0.,1.));
#3438 = PCURVE('',#3406,#3439);
#3439 = DEFINITIONAL_REPRESENTATION('',(#3440),#3444);
#3440 = LINE('',#3441,#3442);
#3441 = CARTESIAN_POINT('',(-0.,0.));
#3442 = VECTOR('',#3443,1.);
#3443 = DIRECTION('',(-0.,-1.));
#3444 = ( GEOMETRIC_REPRESENTATION_CONTEXT(2)
PARAMETRIC_REPRESENTATION_CONTEXT() REPRESENTATION_CONTEXT('2D SPACE',''
  ) );
#3445 = PCURVE('',#3446,#3451);
#3446 = PLANE('',#3447);
#3447 = AXIS2_PLACEMENT_3D('',#3448,#3449,#3450);
#3448 = CARTESIAN_POINT('',(-40.,0.,-80.));
#3449 = DIRECTION('',(0.,1.,0.));
#3450 = DIRECTION('',(0.,0.,1.));
#3451 = DEFINITIONAL_REPRESENTATION('',(#3452),#3456);
#3452 = LINE('',#3453,#3454);
#3453 = CARTESIAN_POINT('',(65.,43.));
#3454 = VECTOR('',#3455,1.);
#3455 = DIRECTION('',(1.,0.));
#3456 = ( GEOMETRIC_REPRESENTATION_CONTEXT(2)
PARAMETRIC_REPRESENTATION_CONTEXT() REPRESENTATION_CONTEXT('2D SPACE',''
  ) );
#3457 = ORIENTED_EDGE('',*,*,#3458,.F.);
#3458 = EDGE_CURVE('',#3459,#3431,#3461,.T.);
#3459 = VERTEX_POINT('',#3460);
#3460 = CARTESIAN_POINT('',(-3.,-3.673940397442E-16,-14.75));
#3461 = SURFACE_CURVE('',#3462,(#3467,#3474),.PCURVE_S1.);
#3462 = CIRCLE('',#3463,3.);
#3463 = AXIS2_PLACEMENT_3D('',#3464,#3465,#3466);
#3464 = CARTESIAN_POINT('',(0.,0.,-14.75));
#3465 = DIRECTION('',(0.,0.,-1.));
#3466 = DIRECTION('',(1.,0.,0.));
#3467 = PCURVE('',#3406,#3468);
#3468 = DEFINITIONAL_REPRESENTATION('',(#3469),#3473);
#3469 = LINE('',#3470,#3471);
#3470 = CARTESIAN_POINT('',(-6.28318530718,-0.25));
#3471 = VECTOR('',#3472,1.);
#3472 = DIRECTION('',(1.,-0.));
#3473 = ( GEOMETRIC_REPRESENTATION_CONTEXT(2)
PARAMETRIC_REPRESENTATION_CONTEXT() REPRESENTATION_CONTEXT('2D SPACE',''
  ) );
#3474 = PCURVE('',#3475,#3480);
#3475 = PLANE('',#3476);
#3476 = AXIS2_PLACEMENT_3D('',#3477,#3478,#3479);
#3477 = CARTESIAN_POINT('',(-2.20554860087E-16,9.400802417511E-17,-14.75
    ));
#3478 = DIRECTION('',(0.,0.,1.));
#3479 = DIRECTION('',(1.,0.,-0.));
#3480 = DEFINITIONAL_REPRESENTATION('',(#3481),#3489);
#3481 = ( BOUNDED_CURVE() B_SPLINE_CURVE(2,(#3482,#3483,#3484,#3485,
#3486,#3487,#3488),.UNSPECIFIED.,.T.,.F.) B_SPLINE_CURVE_WITH_KNOTS((1,2
    ,2,2,2,1),(-2.094395102393,0.,2.094395102393,4.188790204786,
6.28318530718,8.377580409573),.UNSPECIFIED.) CURVE()
GEOMETRIC_REPRESENTATION_ITEM() RATIONAL_B_SPLINE_CURVE((1.,0.5,1.,0.5,
1.,0.5,1.)) REPRESENTATION_ITEM('') );
#3482 = CARTESIAN_POINT('',(3.,-9.400802417511E-17));
#3483 = CARTESIAN_POINT('',(3.,-5.196152422707));
#3484 = CARTESIAN_POINT('',(-1.5,-2.598076211353));
#3485 = CARTESIAN_POINT('',(-6.,-8.287961036635E-16));
#3486 = CARTESIAN_POINT('',(-1.5,2.598076211353));
#3487 = CARTESIAN_POINT('',(3.,5.196152422707));
#3488 = CARTESIAN_POINT('',(3.,-9.400802417511E-17));
#3489 = ( GEOMETRIC_REPRESENTATION_CONTEXT(2)
PARAMETRIC_REPRESENTATION_CONTEXT() REPRESENTATION_CONTEXT('2D SPACE',''
  ) );
#3490 = ORIENTED_EDGE('',*,*,#3491,.T.);
#3491 = EDGE_CURVE('',#3459,#3397,#3492,.T.);
#3492 = SURFACE_CURVE('',#3493,(#3497,#3503),.PCURVE_S1.);
#3493 = LINE('',#3494,#3495);
#3494 = CARTESIAN_POINT('',(-3.,0.,-15.));
#3495 = VECTOR('',#3496,1.);
#3496 = DIRECTION('',(-0.,-0.,-1.));
#3497 = PCURVE('',#3406,#3498);
#3498 = DEFINITIONAL_REPRESENTATION('',(#3499),#3502);
#3499 = B_SPLINE_CURVE_WITH_KNOTS('',1,(#3500,#3501),.UNSPECIFIED.,.F.,
  .F.,(2,2),(-0.2500006,5.999999999062E-07),.PIECEWISE_BEZIER_KNOTS.);
#3500 = CARTESIAN_POINT('',(-3.14159265359,-0.2500006));
#3501 = CARTESIAN_POINT('',(-3.14159265359,5.999999999062E-07));
#3502 = ( GEOMETRIC_REPRESENTATION_CONTEXT(2)
PARAMETRIC_REPRESENTATION_CONTEXT() REPRESENTATION_CONTEXT('2D SPACE',''
  ) );
#3503 = PCURVE('',#3504,#3509);
#3504 = PLANE('',#3505);
#3505 = AXIS2_PLACEMENT_3D('',#3506,#3507,#3508);
#3506 = CARTESIAN_POINT('',(-40.,0.,-80.));
#3507 = DIRECTION('',(0.,1.,0.));
#3508 = DIRECTION('',(0.,0.,1.));
#3509 = DEFINITIONAL_REPRESENTATION('',(#3510),#3513);
#3510 = B_SPLINE_CURVE_WITH_KNOTS('',1,(#3511,#3512),.UNSPECIFIED.,.F.,
  .F.,(2,2),(-0.2500006,5.999999999062E-07),.PIECEWISE_BEZIER_KNOTS.);
#3511 = CARTESIAN_POINT('',(65.2500006,37.));
#3512 = CARTESIAN_POINT('',(64.9999994,37.));
#3513 = ( GEOMETRIC_REPRESENTATION_CONTEXT(2)
PARAMETRIC_REPRESENTATION_CONTEXT() REPRESENTATION_CONTEXT('2D SPACE',''
  ) );
#3514 = ADVANCED_FACE('',(#3515),#3418,.F.);
#3515 = FACE_BOUND('',#3516,.F.);
#3516 = EDGE_LOOP('',(#3517,#3538,#3539,#3560));
#3517 = ORIENTED_EDGE('',*,*,#3518,.F.);
#3518 = EDGE_CURVE('',#3395,#3519,#3521,.T.);
#3519 = VERTEX_POINT('',#3520);
#3520 = CARTESIAN_POINT('',(1.8,0.,-15.));
#3521 = SURFACE_CURVE('',#3522,(#3526,#3532),.PCURVE_S1.);
#3522 = LINE('',#3523,#3524);
#3523 = CARTESIAN_POINT('',(-20.,0.,-15.));
#3524 = VECTOR('',#3525,1.);
#3525 = DIRECTION('',(-1.,0.,0.));
#3526 = PCURVE('',#3418,#3527);
#3527 = DEFINITIONAL_REPRESENTATION('',(#3528),#3531);
#3528 = B_SPLINE_CURVE_WITH_KNOTS('',1,(#3529,#3530),.UNSPECIFIED.,.F.,
  .F.,(2,2),(-23.,-17.),.PIECEWISE_BEZIER_KNOTS.);
#3529 = CARTESIAN_POINT('',(3.,-1.054420088418E-16));
#3530 = CARTESIAN_POINT('',(-3.,-1.054420088418E-16));
#3531 = ( GEOMETRIC_REPRESENTATION_CONTEXT(2)
PARAMETRIC_REPRESENTATION_CONTEXT() REPRESENTATION_CONTEXT('2D SPACE',''
  ) );
#3532 = PCURVE('',#3446,#3533);
#3533 = DEFINITIONAL_REPRESENTATION('',(#3534),#3537);
#3534 = B_SPLINE_CURVE_WITH_KNOTS('',1,(#3535,#3536),.UNSPECIFIED.,.F.,
  .F.,(2,2),(-23.,-17.),.PIECEWISE_BEZIER_KNOTS.);
#3535 = CARTESIAN_POINT('',(65.,43.));
#3536 = CARTESIAN_POINT('',(65.,37.));
#3537 = ( GEOMETRIC_REPRESENTATION_CONTEXT(2)
PARAMETRIC_REPRESENTATION_CONTEXT() REPRESENTATION_CONTEXT('2D SPACE',''
  ) );
#3538 = ORIENTED_EDGE('',*,*,#3394,.T.);
#3539 = ORIENTED_EDGE('',*,*,#3540,.F.);
#3540 = EDGE_CURVE('',#3541,#3397,#3543,.T.);
#3541 = VERTEX_POINT('',#3542);
#3542 = CARTESIAN_POINT('',(-1.8,2.204364238465E-16,-15.));
#3543 = SURFACE_CURVE('',#3544,(#3548,#3554),.PCURVE_S1.);
#3544 = LINE('',#3545,#3546);
#3545 = CARTESIAN_POINT('',(-20.,0.,-15.));
#3546 = VECTOR('',#3547,1.);
#3547 = DIRECTION('',(-1.,0.,0.));
#3548 = PCURVE('',#3418,#3549);
#3549 = DEFINITIONAL_REPRESENTATION('',(#3550),#3553);
#3550 = B_SPLINE_CURVE_WITH_KNOTS('',1,(#3551,#3552),.UNSPECIFIED.,.F.,
  .F.,(2,2),(-23.,-17.),.PIECEWISE_BEZIER_KNOTS.);
#3551 = CARTESIAN_POINT('',(3.,-1.054420088418E-16));
#3552 = CARTESIAN_POINT('',(-3.,-1.054420088418E-16));
#3553 = ( GEOMETRIC_REPRESENTATION_CONTEXT(2)
PARAMETRIC_REPRESENTATION_CONTEXT() REPRESENTATION_CONTEXT('2D SPACE',''
  ) );
#3554 = PCURVE('',#3504,#3555);
#3555 = DEFINITIONAL_REPRESENTATION('',(#3556),#3559);
#3556 = B_SPLINE_CURVE_WITH_KNOTS('',1,(#3557,#3558),.UNSPECIFIED.,.F.,
  .F.,(2,2),(-23.,-17.),.PIECEWISE_BEZIER_KNOTS.);
#3557 = CARTESIAN_POINT('',(65.,43.));
#3558 = CARTESIAN_POINT('',(65.,37.));
#3559 = ( GEOMETRIC_REPRESENTATION_CONTEXT(2)
PARAMETRIC_REPRESENTATION_CONTEXT() REPRESENTATION_CONTEXT('2D SPACE',''
  ) );
#3560 = ORIENTED_EDGE('',*,*,#3561,.F.);
#3561 = EDGE_CURVE('',#3519,#3541,#3562,.T.);
#3562 = SURFACE_CURVE('',#3563,(#3568,#3575),.PCURVE_S1.);
#3563 = CIRCLE('',#3564,1.8);
#3564 = AXIS2_PLACEMENT_3D('',#3565,#3566,#3567);
#3565 = CARTESIAN_POINT('',(0.,0.,-15.));
#3566 = DIRECTION('',(0.,0.,1.));
#3567 = DIRECTION('',(1.,0.,0.));
#3568 = PCURVE('',#3418,#3569);
#3569 = DEFINITIONAL_REPRESENTATION('',(#3570),#3574);
#3570 = CIRCLE('',#3571,1.8);
#3571 = AXIS2_PLACEMENT_2D('',#3572,#3573);
#3572 = CARTESIAN_POINT('',(1.709300165674E-16,-1.054420088418E-16));
#3573 = DIRECTION('',(1.,0.));
#3574 = ( GEOMETRIC_REPRESENTATION_CONTEXT(2)
PARAMETRIC_REPRESENTATION_CONTEXT() REPRESENTATION_CONTEXT('2D SPACE',''
  ) );
#3575 = PCURVE('',#3576,#3581);
#3576 = CYLINDRICAL_SURFACE('',#3577,1.8);
#3577 = AXIS2_PLACEMENT_3D('',#3578,#3579,#3580);
#3578 = CARTESIAN_POINT('',(0.,0.,-19.));
#3579 = DIRECTION('',(-0.,-0.,-1.));
#3580 = DIRECTION('',(1.,0.,0.));
#3581 = DEFINITIONAL_REPRESENTATION('',(#3582),#3586);
#3582 = LINE('',#3583,#3584);
#3583 = CARTESIAN_POINT('',(-0.,-4.));
#3584 = VECTOR('',#3585,1.);
#3585 = DIRECTION('',(-1.,0.));
#3586 = ( GEOMETRIC_REPRESENTATION_CONTEXT(2)
PARAMETRIC_REPRESENTATION_CONTEXT() REPRESENTATION_CONTEXT('2D SPACE',''
  ) );
#3587 = ADVANCED_FACE('',(#3588),#3504,.F.);
#3588 = FACE_BOUND('',#3589,.F.);
#3589 = EDGE_LOOP('',(#3590,#3591,#3612,#3638,#3664,#3690,#3716,#3742,
    #3768,#3794,#3820,#3839));
#3590 = ORIENTED_EDGE('',*,*,#3491,.F.);
#3591 = ORIENTED_EDGE('',*,*,#3592,.F.);
#3592 = EDGE_CURVE('',#3593,#3459,#3595,.T.);
#3593 = VERTEX_POINT('',#3594);
#3594 = CARTESIAN_POINT('',(-2.7,2.3420580509E-16,-14.75));
#3595 = SURFACE_CURVE('',#3596,(#3600,#3606),.PCURVE_S1.);
#3596 = LINE('',#3597,#3598);
#3597 = CARTESIAN_POINT('',(-20.,0.,-14.75));
#3598 = VECTOR('',#3599,1.);
#3599 = DIRECTION('',(-1.,0.,0.));
#3600 = PCURVE('',#3504,#3601);
#3601 = DEFINITIONAL_REPRESENTATION('',(#3602),#3605);
#3602 = B_SPLINE_CURVE_WITH_KNOTS('',1,(#3603,#3604),.UNSPECIFIED.,.F.,
  .F.,(2,2),(-23.,-17.),.PIECEWISE_BEZIER_KNOTS.);
#3603 = CARTESIAN_POINT('',(65.25,43.));
#3604 = CARTESIAN_POINT('',(65.25,37.));
#3605 = ( GEOMETRIC_REPRESENTATION_CONTEXT(2)
PARAMETRIC_REPRESENTATION_CONTEXT() REPRESENTATION_CONTEXT('2D SPACE',''
  ) );
#3606 = PCURVE('',#3475,#3607);
#3607 = DEFINITIONAL_REPRESENTATION('',(#3608),#3611);
#3608 = B_SPLINE_CURVE_WITH_KNOTS('',1,(#3609,#3610),.UNSPECIFIED.,.F.,
  .F.,(2,2),(-23.,-17.),.PIECEWISE_BEZIER_KNOTS.);
#3609 = CARTESIAN_POINT('',(3.,-9.400802417511E-17));
#3610 = CARTESIAN_POINT('',(-3.,-9.400802417511E-17));
#3611 = ( GEOMETRIC_REPRESENTATION_CONTEXT(2)
PARAMETRIC_REPRESENTATION_CONTEXT() REPRESENTATION_CONTEXT('2D SPACE',''
  ) );
#3612 = ORIENTED_EDGE('',*,*,#3613,.F.);
#3613 = EDGE_CURVE('',#3614,#3593,#3616,.T.);
#3614 = VERTEX_POINT('',#3615);
#3615 = CARTESIAN_POINT('',(-2.7,2.3420580509E-16,-14.));
#3616 = SURFACE_CURVE('',#3617,(#3621,#3627),.PCURVE_S1.);
#3617 = LINE('',#3618,#3619);
#3618 = CARTESIAN_POINT('',(-2.7,0.,-14.75));
#3619 = VECTOR('',#3620,1.);
#3620 = DIRECTION('',(-0.,-0.,-1.));
#3621 = PCURVE('',#3504,#3622);
#3622 = DEFINITIONAL_REPRESENTATION('',(#3623),#3626);
#3623 = B_SPLINE_CURVE_WITH_KNOTS('',1,(#3624,#3625),.UNSPECIFIED.,.F.,
  .F.,(2,2),(-0.7500006,5.999999999062E-07),.PIECEWISE_BEZIER_KNOTS.);
#3624 = CARTESIAN_POINT('',(66.0000006,37.3));
#3625 = CARTESIAN_POINT('',(65.2499994,37.3));
#3626 = ( GEOMETRIC_REPRESENTATION_CONTEXT(2)
PARAMETRIC_REPRESENTATION_CONTEXT() REPRESENTATION_CONTEXT('2D SPACE',''
  ) );
#3627 = PCURVE('',#3628,#3633);
#3628 = CYLINDRICAL_SURFACE('',#3629,2.7);
#3629 = AXIS2_PLACEMENT_3D('',#3630,#3631,#3632);
#3630 = CARTESIAN_POINT('',(1.484503314987E-14,-9.644883067981E-17,
    -14.75));
#3631 = DIRECTION('',(-0.,-0.,-1.));
#3632 = DIRECTION('',(1.,0.,0.));
#3633 = DEFINITIONAL_REPRESENTATION('',(#3634),#3637);
#3634 = B_SPLINE_CURVE_WITH_KNOTS('',1,(#3635,#3636),.UNSPECIFIED.,.F.,
  .F.,(2,2),(-0.7500006,5.999999999062E-07),.PIECEWISE_BEZIER_KNOTS.);
#3635 = CARTESIAN_POINT('',(-3.14159265359,-0.7500006));
#3636 = CARTESIAN_POINT('',(-3.14159265359,5.999999999062E-07));
#3637 = ( GEOMETRIC_REPRESENTATION_CONTEXT(2)
PARAMETRIC_REPRESENTATION_CONTEXT() REPRESENTATION_CONTEXT('2D SPACE',''
  ) );
#3638 = ORIENTED_EDGE('',*,*,#3639,.T.);
#3639 = EDGE_CURVE('',#3614,#3640,#3642,.T.);
#3640 = VERTEX_POINT('',#3641);
#3641 = CARTESIAN_POINT('',(-3.,-3.673940397442E-16,-14.));
#3642 = SURFACE_CURVE('',#3643,(#3647,#3653),.PCURVE_S1.);
#3643 = LINE('',#3644,#3645);
#3644 = CARTESIAN_POINT('',(-20.,0.,-14.));
#3645 = VECTOR('',#3646,1.);
#3646 = DIRECTION('',(-1.,0.,0.));
#3647 = PCURVE('',#3504,#3648);
#3648 = DEFINITIONAL_REPRESENTATION('',(#3649),#3652);
#3649 = B_SPLINE_CURVE_WITH_KNOTS('',1,(#3650,#3651),.UNSPECIFIED.,.F.,
  .F.,(2,2),(-23.,-17.),.PIECEWISE_BEZIER_KNOTS.);
#3650 = CARTESIAN_POINT('',(66.,43.));
#3651 = CARTESIAN_POINT('',(66.,37.));
#3652 = ( GEOMETRIC_REPRESENTATION_CONTEXT(2)
PARAMETRIC_REPRESENTATION_CONTEXT() REPRESENTATION_CONTEXT('2D SPACE',''
  ) );
#3653 = PCURVE('',#3654,#3659);
#3654 = PLANE('',#3655);
#3655 = AXIS2_PLACEMENT_3D('',#3656,#3657,#3658);
#3656 = CARTESIAN_POINT('',(-2.20554860087E-16,9.400802417511E-17,-14.)
  );
#3657 = DIRECTION('',(0.,0.,1.));
#3658 = DIRECTION('',(1.,0.,-0.));
#3659 = DEFINITIONAL_REPRESENTATION('',(#3660),#3663);
#3660 = B_SPLINE_CURVE_WITH_KNOTS('',1,(#3661,#3662),.UNSPECIFIED.,.F.,
  .F.,(2,2),(-23.,-17.),.PIECEWISE_BEZIER_KNOTS.);
#3661 = CARTESIAN_POINT('',(3.,-9.400802417511E-17));
#3662 = CARTESIAN_POINT('',(-3.,-9.400802417511E-17));
#3663 = ( GEOMETRIC_REPRESENTATION_CONTEXT(2)
PARAMETRIC_REPRESENTATION_CONTEXT() REPRESENTATION_CONTEXT('2D SPACE',''
  ) );
#3664 = ORIENTED_EDGE('',*,*,#3665,.F.);
#3665 = EDGE_CURVE('',#3666,#3640,#3668,.T.);
#3666 = VERTEX_POINT('',#3667);
#3667 = CARTESIAN_POINT('',(-3.,3.673940397442E-16,-2.));
#3668 = SURFACE_CURVE('',#3669,(#3673,#3679),.PCURVE_S1.);
#3669 = LINE('',#3670,#3671);
#3670 = CARTESIAN_POINT('',(-3.,0.,-15.));
#3671 = VECTOR('',#3672,1.);
#3672 = DIRECTION('',(-0.,-0.,-1.));
#3673 = PCURVE('',#3504,#3674);
#3674 = DEFINITIONAL_REPRESENTATION('',(#3675),#3678);
#3675 = B_SPLINE_CURVE_WITH_KNOTS('',1,(#3676,#3677),.UNSPECIFIED.,.F.,
  .F.,(2,2),(-13.0000006,-0.9999994),.PIECEWISE_BEZIER_KNOTS.);
#3676 = CARTESIAN_POINT('',(78.0000006,37.));
#3677 = CARTESIAN_POINT('',(65.9999994,37.));
#3678 = ( GEOMETRIC_REPRESENTATION_CONTEXT(2)
PARAMETRIC_REPRESENTATION_CONTEXT() REPRESENTATION_CONTEXT('2D SPACE',''
  ) );
#3679 = PCURVE('',#3680,#3685);
#3680 = CYLINDRICAL_SURFACE('',#3681,3.);
#3681 = AXIS2_PLACEMENT_3D('',#3682,#3683,#3684);
#3682 = CARTESIAN_POINT('',(0.,0.,-15.));
#3683 = DIRECTION('',(-0.,-0.,-1.));
#3684 = DIRECTION('',(1.,0.,0.));
#3685 = DEFINITIONAL_REPRESENTATION('',(#3686),#3689);
#3686 = B_SPLINE_CURVE_WITH_KNOTS('',1,(#3687,#3688),.UNSPECIFIED.,.F.,
  .F.,(2,2),(-13.0000006,-0.9999994),.PIECEWISE_BEZIER_KNOTS.);
#3687 = CARTESIAN_POINT('',(-3.14159265359,-13.0000006));
#3688 = CARTESIAN_POINT('',(-3.14159265359,-0.9999994));
#3689 = ( GEOMETRIC_REPRESENTATION_CONTEXT(2)
PARAMETRIC_REPRESENTATION_CONTEXT() REPRESENTATION_CONTEXT('2D SPACE',''
  ) );
#3690 = ORIENTED_EDGE('',*,*,#3691,.T.);
#3691 = EDGE_CURVE('',#3666,#3692,#3694,.T.);
#3692 = VERTEX_POINT('',#3693);
#3693 = CARTESIAN_POINT('',(-4.8,5.878304635907E-16,-2.));
#3694 = SURFACE_CURVE('',#3695,(#3699,#3705),.PCURVE_S1.);
#3695 = LINE('',#3696,#3697);
#3696 = CARTESIAN_POINT('',(-20.,0.,-2.));
#3697 = VECTOR('',#3698,1.);
#3698 = DIRECTION('',(-1.,0.,0.));
#3699 = PCURVE('',#3504,#3700);
#3700 = DEFINITIONAL_REPRESENTATION('',(#3701),#3704);
#3701 = B_SPLINE_CURVE_WITH_KNOTS('',1,(#3702,#3703),.UNSPECIFIED.,.F.,
  .F.,(2,2),(-24.8,-15.2),.PIECEWISE_BEZIER_KNOTS.);
#3702 = CARTESIAN_POINT('',(78.,44.8));
#3703 = CARTESIAN_POINT('',(78.,35.2));
#3704 = ( GEOMETRIC_REPRESENTATION_CONTEXT(2)
PARAMETRIC_REPRESENTATION_CONTEXT() REPRESENTATION_CONTEXT('2D SPACE',''
  ) );
#3705 = PCURVE('',#3706,#3711);
#3706 = PLANE('',#3707);
#3707 = AXIS2_PLACEMENT_3D('',#3708,#3709,#3710);
#3708 = CARTESIAN_POINT('',(-5.697667218914E-16,8.893987308214E-17,-2.)
  );
#3709 = DIRECTION('',(0.,0.,1.));
#3710 = DIRECTION('',(1.,0.,-0.));
#3711 = DEFINITIONAL_REPRESENTATION('',(#3712),#3715);
#3712 = B_SPLINE_CURVE_WITH_KNOTS('',1,(#3713,#3714),.UNSPECIFIED.,.F.,
  .F.,(2,2),(-24.8,-15.2),.PIECEWISE_BEZIER_KNOTS.);
#3713 = CARTESIAN_POINT('',(4.8,-8.893987308214E-17));
#3714 = CARTESIAN_POINT('',(-4.8,-8.893987308214E-17));
#3715 = ( GEOMETRIC_REPRESENTATION_CONTEXT(2)
PARAMETRIC_REPRESENTATION_CONTEXT() REPRESENTATION_CONTEXT('2D SPACE',''
  ) );
#3716 = ORIENTED_EDGE('',*,*,#3717,.F.);
#3717 = EDGE_CURVE('',#3718,#3692,#3720,.T.);
#3718 = VERTEX_POINT('',#3719);
#3719 = CARTESIAN_POINT('',(-4.8,5.878304635907E-16,-1.4));
#3720 = SURFACE_CURVE('',#3721,(#3725,#3731),.PCURVE_S1.);
#3721 = LINE('',#3722,#3723);
#3722 = CARTESIAN_POINT('',(-4.8,0.,-2.));
#3723 = VECTOR('',#3724,1.);
#3724 = DIRECTION('',(-0.,-0.,-1.));
#3725 = PCURVE('',#3504,#3726);
#3726 = DEFINITIONAL_REPRESENTATION('',(#3727),#3730);
#3727 = B_SPLINE_CURVE_WITH_KNOTS('',1,(#3728,#3729),.UNSPECIFIED.,.F.,
  .F.,(2,2),(-0.6000006,5.999999999062E-07),.PIECEWISE_BEZIER_KNOTS.);
#3728 = CARTESIAN_POINT('',(78.6000006,35.2));
#3729 = CARTESIAN_POINT('',(77.9999994,35.2));
#3730 = ( GEOMETRIC_REPRESENTATION_CONTEXT(2)
PARAMETRIC_REPRESENTATION_CONTEXT() REPRESENTATION_CONTEXT('2D SPACE',''
  ) );
#3731 = PCURVE('',#3732,#3737);
#3732 = CYLINDRICAL_SURFACE('',#3733,4.8);
#3733 = AXIS2_PLACEMENT_3D('',#3734,#3735,#3736);
#3734 = CARTESIAN_POINT('',(0.,0.,-2.));
#3735 = DIRECTION('',(-0.,-0.,-1.));
#3736 = DIRECTION('',(1.,0.,0.));
#3737 = DEFINITIONAL_REPRESENTATION('',(#3738),#3741);
#3738 = B_SPLINE_CURVE_WITH_KNOTS('',1,(#3739,#3740),.UNSPECIFIED.,.F.,
  .F.,(2,2),(-0.6000006,5.999999999062E-07),.PIECEWISE_BEZIER_KNOTS.);
#3739 = CARTESIAN_POINT('',(-3.14159265359,-0.6000006));
#3740 = CARTESIAN_POINT('',(-3.14159265359,5.999999999062E-07));
#3741 = ( GEOMETRIC_REPRESENTATION_CONTEXT(2)
PARAMETRIC_REPRESENTATION_CONTEXT() REPRESENTATION_CONTEXT('2D SPACE',''
  ) );
#3742 = ORIENTED_EDGE('',*,*,#3743,.F.);
#3743 = EDGE_CURVE('',#3744,#3718,#3746,.T.);
#3744 = VERTEX_POINT('',#3745);
#3745 = CARTESIAN_POINT('',(-1.4,1.679456123497E-17,-1.4));
#3746 = SURFACE_CURVE('',#3747,(#3751,#3757),.PCURVE_S1.);
#3747 = LINE('',#3748,#3749);
#3748 = CARTESIAN_POINT('',(-20.,0.,-1.4));
#3749 = VECTOR('',#3750,1.);
#3750 = DIRECTION('',(-1.,0.,0.));
#3751 = PCURVE('',#3504,#3752);
#3752 = DEFINITIONAL_REPRESENTATION('',(#3753),#3756);
#3753 = B_SPLINE_CURVE_WITH_KNOTS('',1,(#3754,#3755),.UNSPECIFIED.,.F.,
  .F.,(2,2),(-24.8,-15.2),.PIECEWISE_BEZIER_KNOTS.);
#3754 = CARTESIAN_POINT('',(78.6,44.8));
#3755 = CARTESIAN_POINT('',(78.6,35.2));
#3756 = ( GEOMETRIC_REPRESENTATION_CONTEXT(2)
PARAMETRIC_REPRESENTATION_CONTEXT() REPRESENTATION_CONTEXT('2D SPACE',''
  ) );
#3757 = PCURVE('',#3758,#3763);
#3758 = PLANE('',#3759);
#3759 = AXIS2_PLACEMENT_3D('',#3760,#3761,#3762);
#3760 = CARTESIAN_POINT('',(-5.697667218914E-16,8.893987308214E-17,-1.4)
  );
#3761 = DIRECTION('',(0.,0.,1.));
#3762 = DIRECTION('',(1.,0.,-0.));
#3763 = DEFINITIONAL_REPRESENTATION('',(#3764),#3767);
#3764 = B_SPLINE_CURVE_WITH_KNOTS('',1,(#3765,#3766),.UNSPECIFIED.,.F.,
  .F.,(2,2),(-24.8,-15.2),.PIECEWISE_BEZIER_KNOTS.);
#3765 = CARTESIAN_POINT('',(4.8,-8.893987308214E-17));
#3766 = CARTESIAN_POINT('',(-4.8,-8.893987308214E-17));
#3767 = ( GEOMETRIC_REPRESENTATION_CONTEXT(2)
PARAMETRIC_REPRESENTATION_CONTEXT() REPRESENTATION_CONTEXT('2D SPACE',''
  ) );
#3768 = ORIENTED_EDGE('',*,*,#3769,.T.);
#3769 = EDGE_CURVE('',#3744,#3770,#3772,.T.);
#3770 = VERTEX_POINT('',#3771);
#3771 = CARTESIAN_POINT('',(-1.4,6.476293672877E-17,-19.));
#3772 = SURFACE_CURVE('',#3773,(#3777,#3783),.PCURVE_S1.);
#3773 = LINE('',#3774,#3775);
#3774 = CARTESIAN_POINT('',(-1.4,0.,-15.));
#3775 = VECTOR('',#3776,1.);
#3776 = DIRECTION('',(-0.,-0.,-1.));
#3777 = PCURVE('',#3504,#3778);
#3778 = DEFINITIONAL_REPRESENTATION('',(#3779),#3782);
#3779 = B_SPLINE_CURVE_WITH_KNOTS('',1,(#3780,#3781),.UNSPECIFIED.,.F.,
  .F.,(2,2),(-13.6000006,4.0000006),.PIECEWISE_BEZIER_KNOTS.);
#3780 = CARTESIAN_POINT('',(78.6000006,38.6));
#3781 = CARTESIAN_POINT('',(60.9999994,38.6));
#3782 = ( GEOMETRIC_REPRESENTATION_CONTEXT(2)
PARAMETRIC_REPRESENTATION_CONTEXT() REPRESENTATION_CONTEXT('2D SPACE',''
  ) );
#3783 = PCURVE('',#3784,#3789);
#3784 = CYLINDRICAL_SURFACE('',#3785,1.4);
#3785 = AXIS2_PLACEMENT_3D('',#3786,#3787,#3788);
#3786 = CARTESIAN_POINT('',(1.430561193494E-14,1.651792145905E-16,-15.)
  );
#3787 = DIRECTION('',(-0.,-0.,-1.));
#3788 = DIRECTION('',(1.,0.,0.));
#3789 = DEFINITIONAL_REPRESENTATION('',(#3790),#3793);
#3790 = B_SPLINE_CURVE_WITH_KNOTS('',1,(#3791,#3792),.UNSPECIFIED.,.F.,
  .F.,(2,2),(-13.6000006,4.0000006),.PIECEWISE_BEZIER_KNOTS.);
#3791 = CARTESIAN_POINT('',(-3.14159265359,-13.6000006));
#3792 = CARTESIAN_POINT('',(-3.14159265359,4.0000006));
#3793 = ( GEOMETRIC_REPRESENTATION_CONTEXT(2)
PARAMETRIC_REPRESENTATION_CONTEXT() REPRESENTATION_CONTEXT('2D SPACE',''
  ) );
#3794 = ORIENTED_EDGE('',*,*,#3795,.T.);
#3795 = EDGE_CURVE('',#3770,#3796,#3798,.T.);
#3796 = VERTEX_POINT('',#3797);
#3797 = CARTESIAN_POINT('',(-1.8,2.204364238465E-16,-19.));
#3798 = SURFACE_CURVE('',#3799,(#3803,#3809),.PCURVE_S1.);
#3799 = LINE('',#3800,#3801);
#3800 = CARTESIAN_POINT('',(-20.,0.,-19.));
#3801 = VECTOR('',#3802,1.);
#3802 = DIRECTION('',(-1.,0.,0.));
#3803 = PCURVE('',#3504,#3804);
#3804 = DEFINITIONAL_REPRESENTATION('',(#3805),#3808);
#3805 = B_SPLINE_CURVE_WITH_KNOTS('',1,(#3806,#3807),.UNSPECIFIED.,.F.,
  .F.,(2,2),(-21.8,-18.2),.PIECEWISE_BEZIER_KNOTS.);
#3806 = CARTESIAN_POINT('',(61.,41.8));
#3807 = CARTESIAN_POINT('',(61.,38.2));
#3808 = ( GEOMETRIC_REPRESENTATION_CONTEXT(2)
PARAMETRIC_REPRESENTATION_CONTEXT() REPRESENTATION_CONTEXT('2D SPACE',''
  ) );
#3809 = PCURVE('',#3810,#3815);
#3810 = PLANE('',#3811);
#3811 = AXIS2_PLACEMENT_3D('',#3812,#3813,#3814);
#3812 = CARTESIAN_POINT('',(-9.496112031524E-17,1.164434326816E-16,-19.)
  );
#3813 = DIRECTION('',(0.,0.,1.));
#3814 = DIRECTION('',(1.,0.,-0.));
#3815 = DEFINITIONAL_REPRESENTATION('',(#3816),#3819);
#3816 = B_SPLINE_CURVE_WITH_KNOTS('',1,(#3817,#3818),.UNSPECIFIED.,.F.,
  .F.,(2,2),(-21.8,-18.2),.PIECEWISE_BEZIER_KNOTS.);
#3817 = CARTESIAN_POINT('',(1.8,-1.164434326816E-16));
#3818 = CARTESIAN_POINT('',(-1.8,-1.164434326816E-16));
#3819 = ( GEOMETRIC_REPRESENTATION_CONTEXT(2)
PARAMETRIC_REPRESENTATION_CONTEXT() REPRESENTATION_CONTEXT('2D SPACE',''
  ) );
#3820 = ORIENTED_EDGE('',*,*,#3821,.F.);
#3821 = EDGE_CURVE('',#3541,#3796,#3822,.T.);
#3822 = SURFACE_CURVE('',#3823,(#3827,#3833),.PCURVE_S1.);
#3823 = LINE('',#3824,#3825);
#3824 = CARTESIAN_POINT('',(-1.8,0.,-19.));
#3825 = VECTOR('',#3826,1.);
#3826 = DIRECTION('',(-0.,-0.,-1.));
#3827 = PCURVE('',#3504,#3828);
#3828 = DEFINITIONAL_REPRESENTATION('',(#3829),#3832);
#3829 = B_SPLINE_CURVE_WITH_KNOTS('',1,(#3830,#3831),.UNSPECIFIED.,.F.,
  .F.,(2,2),(-4.0000006,5.999999999062E-07),.PIECEWISE_BEZIER_KNOTS.);
#3830 = CARTESIAN_POINT('',(65.0000006,38.2));
#3831 = CARTESIAN_POINT('',(60.9999994,38.2));
#3832 = ( GEOMETRIC_REPRESENTATION_CONTEXT(2)
PARAMETRIC_REPRESENTATION_CONTEXT() REPRESENTATION_CONTEXT('2D SPACE',''
  ) );
#3833 = PCURVE('',#3576,#3834);
#3834 = DEFINITIONAL_REPRESENTATION('',(#3835),#3838);
#3835 = B_SPLINE_CURVE_WITH_KNOTS('',1,(#3836,#3837),.UNSPECIFIED.,.F.,
  .F.,(2,2),(-4.0000006,5.999999999062E-07),.PIECEWISE_BEZIER_KNOTS.);
#3836 = CARTESIAN_POINT('',(-3.14159265359,-4.0000006));
#3837 = CARTESIAN_POINT('',(-3.14159265359,5.999999999062E-07));
#3838 = ( GEOMETRIC_REPRESENTATION_CONTEXT(2)
PARAMETRIC_REPRESENTATION_CONTEXT() REPRESENTATION_CONTEXT('2D SPACE',''
  ) );
#3839 = ORIENTED_EDGE('',*,*,#3540,.T.);
#3840 = ADVANCED_FACE('',(#3841),#3475,.T.);
#3841 = FACE_BOUND('',#3842,.T.);
#3842 = EDGE_LOOP('',(#3843,#3864,#3865,#3866));
#3843 = ORIENTED_EDGE('',*,*,#3844,.F.);
#3844 = EDGE_CURVE('',#3431,#3845,#3847,.T.);
#3845 = VERTEX_POINT('',#3846);
#3846 = CARTESIAN_POINT('',(2.7,-9.644883067981E-17,-14.75));
#3847 = SURFACE_CURVE('',#3848,(#3852,#3858),.PCURVE_S1.);
#3848 = LINE('',#3849,#3850);
#3849 = CARTESIAN_POINT('',(-20.,0.,-14.75));
#3850 = VECTOR('',#3851,1.);
#3851 = DIRECTION('',(-1.,0.,0.));
#3852 = PCURVE('',#3475,#3853);
#3853 = DEFINITIONAL_REPRESENTATION('',(#3854),#3857);
#3854 = B_SPLINE_CURVE_WITH_KNOTS('',1,(#3855,#3856),.UNSPECIFIED.,.F.,
  .F.,(2,2),(-23.,-17.),.PIECEWISE_BEZIER_KNOTS.);
#3855 = CARTESIAN_POINT('',(3.,-9.400802417511E-17));
#3856 = CARTESIAN_POINT('',(-3.,-9.400802417511E-17));
#3857 = ( GEOMETRIC_REPRESENTATION_CONTEXT(2)
PARAMETRIC_REPRESENTATION_CONTEXT() REPRESENTATION_CONTEXT('2D SPACE',''
  ) );
#3858 = PCURVE('',#3446,#3859);
#3859 = DEFINITIONAL_REPRESENTATION('',(#3860),#3863);
#3860 = B_SPLINE_CURVE_WITH_KNOTS('',1,(#3861,#3862),.UNSPECIFIED.,.F.,
  .F.,(2,2),(-23.,-17.),.PIECEWISE_BEZIER_KNOTS.);
#3861 = CARTESIAN_POINT('',(65.25,43.));
#3862 = CARTESIAN_POINT('',(65.25,37.));
#3863 = ( GEOMETRIC_REPRESENTATION_CONTEXT(2)
PARAMETRIC_REPRESENTATION_CONTEXT() REPRESENTATION_CONTEXT('2D SPACE',''
  ) );
#3864 = ORIENTED_EDGE('',*,*,#3458,.F.);
#3865 = ORIENTED_EDGE('',*,*,#3592,.F.);
#3866 = ORIENTED_EDGE('',*,*,#3867,.F.);
#3867 = EDGE_CURVE('',#3845,#3593,#3868,.T.);
#3868 = SURFACE_CURVE('',#3869,(#3874,#3881),.PCURVE_S1.);
#3869 = CIRCLE('',#3870,2.7);
#3870 = AXIS2_PLACEMENT_3D('',#3871,#3872,#3873);
#3871 = CARTESIAN_POINT('',(1.484503314987E-14,-9.644883067981E-17,
    -14.75));
#3872 = DIRECTION('',(0.,0.,1.));
#3873 = DIRECTION('',(1.,0.,0.));
#3874 = PCURVE('',#3475,#3875);
#3875 = DEFINITIONAL_REPRESENTATION('',(#3876),#3880);
#3876 = CIRCLE('',#3877,2.7);
#3877 = AXIS2_PLACEMENT_2D('',#3878,#3879);
#3878 = CARTESIAN_POINT('',(1.506558800995E-14,-1.904568548549E-16));
#3879 = DIRECTION('',(1.,0.));
#3880 = ( GEOMETRIC_REPRESENTATION_CONTEXT(2)
PARAMETRIC_REPRESENTATION_CONTEXT() REPRESENTATION_CONTEXT('2D SPACE',''
  ) );
#3881 = PCURVE('',#3628,#3882);
#3882 = DEFINITIONAL_REPRESENTATION('',(#3883),#3887);
#3883 = LINE('',#3884,#3885);
#3884 = CARTESIAN_POINT('',(-0.,0.));
#3885 = VECTOR('',#3886,1.);
#3886 = DIRECTION('',(-1.,0.));
#3887 = ( GEOMETRIC_REPRESENTATION_CONTEXT(2)
PARAMETRIC_REPRESENTATION_CONTEXT() REPRESENTATION_CONTEXT('2D SPACE',''
  ) );
#3888 = ADVANCED_FACE('',(#3889),#3446,.F.);
#3889 = FACE_BOUND('',#3890,.F.);
#3890 = EDGE_LOOP('',(#3891,#3892,#3893,#3916,#3937,#3960,#3981,#4004,
    #4025,#4048,#4069,#4090));
#3891 = ORIENTED_EDGE('',*,*,#3430,.F.);
#3892 = ORIENTED_EDGE('',*,*,#3518,.T.);
#3893 = ORIENTED_EDGE('',*,*,#3894,.F.);
#3894 = EDGE_CURVE('',#3895,#3519,#3897,.T.);
#3895 = VERTEX_POINT('',#3896);
#3896 = CARTESIAN_POINT('',(1.8,0.,-19.));
#3897 = SURFACE_CURVE('',#3898,(#3902,#3909),.PCURVE_S1.);
#3898 = LINE('',#3899,#3900);
#3899 = CARTESIAN_POINT('',(1.8,0.,-19.));
#3900 = VECTOR('',#3901,1.);
#3901 = DIRECTION('',(0.,0.,1.));
#3902 = PCURVE('',#3446,#3903);
#3903 = DEFINITIONAL_REPRESENTATION('',(#3904),#3908);
#3904 = LINE('',#3905,#3906);
#3905 = CARTESIAN_POINT('',(61.,41.8));
#3906 = VECTOR('',#3907,1.);
#3907 = DIRECTION('',(1.,0.));
#3908 = ( GEOMETRIC_REPRESENTATION_CONTEXT(2)
PARAMETRIC_REPRESENTATION_CONTEXT() REPRESENTATION_CONTEXT('2D SPACE',''
  ) );
#3909 = PCURVE('',#3576,#3910);
#3910 = DEFINITIONAL_REPRESENTATION('',(#3911),#3915);
#3911 = LINE('',#3912,#3913);
#3912 = CARTESIAN_POINT('',(-0.,0.));
#3913 = VECTOR('',#3914,1.);
#3914 = DIRECTION('',(-0.,-1.));
#3915 = ( GEOMETRIC_REPRESENTATION_CONTEXT(2)
PARAMETRIC_REPRESENTATION_CONTEXT() REPRESENTATION_CONTEXT('2D SPACE',''
  ) );
#3916 = ORIENTED_EDGE('',*,*,#3917,.T.);
#3917 = EDGE_CURVE('',#3895,#3918,#3920,.T.);
#3918 = VERTEX_POINT('',#3919);
#3919 = CARTESIAN_POINT('',(1.4,-1.066876151519E-16,-19.));
#3920 = SURFACE_CURVE('',#3921,(#3925,#3931),.PCURVE_S1.);
#3921 = LINE('',#3922,#3923);
#3922 = CARTESIAN_POINT('',(-20.,0.,-19.));
#3923 = VECTOR('',#3924,1.);
#3924 = DIRECTION('',(-1.,0.,0.));
#3925 = PCURVE('',#3446,#3926);
#3926 = DEFINITIONAL_REPRESENTATION('',(#3927),#3930);
#3927 = B_SPLINE_CURVE_WITH_KNOTS('',1,(#3928,#3929),.UNSPECIFIED.,.F.,
  .F.,(2,2),(-21.8,-18.2),.PIECEWISE_BEZIER_KNOTS.);
#3928 = CARTESIAN_POINT('',(61.,41.8));
#3929 = CARTESIAN_POINT('',(61.,38.2));
#3930 = ( GEOMETRIC_REPRESENTATION_CONTEXT(2)
PARAMETRIC_REPRESENTATION_CONTEXT() REPRESENTATION_CONTEXT('2D SPACE',''
  ) );
#3931 = PCURVE('',#3810,#3932);
#3932 = DEFINITIONAL_REPRESENTATION('',(#3933),#3936);
#3933 = B_SPLINE_CURVE_WITH_KNOTS('',1,(#3934,#3935),.UNSPECIFIED.,.F.,
  .F.,(2,2),(-21.8,-18.2),.PIECEWISE_BEZIER_KNOTS.);
#3934 = CARTESIAN_POINT('',(1.8,-1.164434326816E-16));
#3935 = CARTESIAN_POINT('',(-1.8,-1.164434326816E-16));
#3936 = ( GEOMETRIC_REPRESENTATION_CONTEXT(2)
PARAMETRIC_REPRESENTATION_CONTEXT() REPRESENTATION_CONTEXT('2D SPACE',''
  ) );
#3937 = ORIENTED_EDGE('',*,*,#3938,.T.);
#3938 = EDGE_CURVE('',#3918,#3939,#3941,.T.);
#3939 = VERTEX_POINT('',#3940);
#3940 = CARTESIAN_POINT('',(1.4,-1.546559906457E-16,-1.4));
#3941 = SURFACE_CURVE('',#3942,(#3946,#3953),.PCURVE_S1.);
#3942 = LINE('',#3943,#3944);
#3943 = CARTESIAN_POINT('',(1.4,-1.066876151519E-16,-19.));
#3944 = VECTOR('',#3945,1.);
#3945 = DIRECTION('',(8.074349270001E-16,-2.72547588033E-18,1.));
#3946 = PCURVE('',#3446,#3947);
#3947 = DEFINITIONAL_REPRESENTATION('',(#3948),#3952);
#3948 = LINE('',#3949,#3950);
#3949 = CARTESIAN_POINT('',(61.,41.4));
#3950 = VECTOR('',#3951,1.);
#3951 = DIRECTION('',(1.,8.074349270001E-16));
#3952 = ( GEOMETRIC_REPRESENTATION_CONTEXT(2)
PARAMETRIC_REPRESENTATION_CONTEXT() REPRESENTATION_CONTEXT('2D SPACE',''
  ) );
#3953 = PCURVE('',#3784,#3954);
#3954 = DEFINITIONAL_REPRESENTATION('',(#3955),#3959);
#3955 = LINE('',#3956,#3957);
#3956 = CARTESIAN_POINT('',(-0.,4.));
#3957 = VECTOR('',#3958,1.);
#3958 = DIRECTION('',(-0.,-1.));
#3959 = ( GEOMETRIC_REPRESENTATION_CONTEXT(2)
PARAMETRIC_REPRESENTATION_CONTEXT() REPRESENTATION_CONTEXT('2D SPACE',''
  ) );
#3960 = ORIENTED_EDGE('',*,*,#3961,.F.);
#3961 = EDGE_CURVE('',#3962,#3939,#3964,.T.);
#3962 = VERTEX_POINT('',#3963);
#3963 = CARTESIAN_POINT('',(4.8,0.,-1.4));
#3964 = SURFACE_CURVE('',#3965,(#3969,#3975),.PCURVE_S1.);
#3965 = LINE('',#3966,#3967);
#3966 = CARTESIAN_POINT('',(-20.,0.,-1.4));
#3967 = VECTOR('',#3968,1.);
#3968 = DIRECTION('',(-1.,0.,0.));
#3969 = PCURVE('',#3446,#3970);
#3970 = DEFINITIONAL_REPRESENTATION('',(#3971),#3974);
#3971 = B_SPLINE_CURVE_WITH_KNOTS('',1,(#3972,#3973),.UNSPECIFIED.,.F.,
  .F.,(2,2),(-24.8,-15.2),.PIECEWISE_BEZIER_KNOTS.);
#3972 = CARTESIAN_POINT('',(78.6,44.8));
#3973 = CARTESIAN_POINT('',(78.6,35.2));
#3974 = ( GEOMETRIC_REPRESENTATION_CONTEXT(2)
PARAMETRIC_REPRESENTATION_CONTEXT() REPRESENTATION_CONTEXT('2D SPACE',''
  ) );
#3975 = PCURVE('',#3758,#3976);
#3976 = DEFINITIONAL_REPRESENTATION('',(#3977),#3980);
#3977 = B_SPLINE_CURVE_WITH_KNOTS('',1,(#3978,#3979),.UNSPECIFIED.,.F.,
  .F.,(2,2),(-24.8,-15.2),.PIECEWISE_BEZIER_KNOTS.);
#3978 = CARTESIAN_POINT('',(4.8,-8.893987308214E-17));
#3979 = CARTESIAN_POINT('',(-4.8,-8.893987308214E-17));
#3980 = ( GEOMETRIC_REPRESENTATION_CONTEXT(2)
PARAMETRIC_REPRESENTATION_CONTEXT() REPRESENTATION_CONTEXT('2D SPACE',''
  ) );
#3981 = ORIENTED_EDGE('',*,*,#3982,.F.);
#3982 = EDGE_CURVE('',#3983,#3962,#3985,.T.);
#3983 = VERTEX_POINT('',#3984);
#3984 = CARTESIAN_POINT('',(4.8,0.,-2.));
#3985 = SURFACE_CURVE('',#3986,(#3990,#3997),.PCURVE_S1.);
#3986 = LINE('',#3987,#3988);
#3987 = CARTESIAN_POINT('',(4.8,0.,-2.));
#3988 = VECTOR('',#3989,1.);
#3989 = DIRECTION('',(0.,0.,1.));
#3990 = PCURVE('',#3446,#3991);
#3991 = DEFINITIONAL_REPRESENTATION('',(#3992),#3996);
#3992 = LINE('',#3993,#3994);
#3993 = CARTESIAN_POINT('',(78.,44.8));
#3994 = VECTOR('',#3995,1.);
#3995 = DIRECTION('',(1.,0.));
#3996 = ( GEOMETRIC_REPRESENTATION_CONTEXT(2)
PARAMETRIC_REPRESENTATION_CONTEXT() REPRESENTATION_CONTEXT('2D SPACE',''
  ) );
#3997 = PCURVE('',#3732,#3998);
#3998 = DEFINITIONAL_REPRESENTATION('',(#3999),#4003);
#3999 = LINE('',#4000,#4001);
#4000 = CARTESIAN_POINT('',(-0.,0.));
#4001 = VECTOR('',#4002,1.);
#4002 = DIRECTION('',(-0.,-1.));
#4003 = ( GEOMETRIC_REPRESENTATION_CONTEXT(2)
PARAMETRIC_REPRESENTATION_CONTEXT() REPRESENTATION_CONTEXT('2D SPACE',''
  ) );
#4004 = ORIENTED_EDGE('',*,*,#4005,.T.);
#4005 = EDGE_CURVE('',#3983,#4006,#4008,.T.);
#4006 = VERTEX_POINT('',#4007);
#4007 = CARTESIAN_POINT('',(3.,0.,-2.));
#4008 = SURFACE_CURVE('',#4009,(#4013,#4019),.PCURVE_S1.);
#4009 = LINE('',#4010,#4011);
#4010 = CARTESIAN_POINT('',(-20.,0.,-2.));
#4011 = VECTOR('',#4012,1.);
#4012 = DIRECTION('',(-1.,0.,0.));
#4013 = PCURVE('',#3446,#4014);
#4014 = DEFINITIONAL_REPRESENTATION('',(#4015),#4018);
#4015 = B_SPLINE_CURVE_WITH_KNOTS('',1,(#4016,#4017),.UNSPECIFIED.,.F.,
  .F.,(2,2),(-24.8,-15.2),.PIECEWISE_BEZIER_KNOTS.);
#4016 = CARTESIAN_POINT('',(78.,44.8));
#4017 = CARTESIAN_POINT('',(78.,35.2));
#4018 = ( GEOMETRIC_REPRESENTATION_CONTEXT(2)
PARAMETRIC_REPRESENTATION_CONTEXT() REPRESENTATION_CONTEXT('2D SPACE',''
  ) );
#4019 = PCURVE('',#3706,#4020);
#4020 = DEFINITIONAL_REPRESENTATION('',(#4021),#4024);
#4021 = B_SPLINE_CURVE_WITH_KNOTS('',1,(#4022,#4023),.UNSPECIFIED.,.F.,
  .F.,(2,2),(-24.8,-15.2),.PIECEWISE_BEZIER_KNOTS.);
#4022 = CARTESIAN_POINT('',(4.8,-8.893987308214E-17));
#4023 = CARTESIAN_POINT('',(-4.8,-8.893987308214E-17));
#4024 = ( GEOMETRIC_REPRESENTATION_CONTEXT(2)
PARAMETRIC_REPRESENTATION_CONTEXT() REPRESENTATION_CONTEXT('2D SPACE',''
  ) );
#4025 = ORIENTED_EDGE('',*,*,#4026,.F.);
#4026 = EDGE_CURVE('',#4027,#4006,#4029,.T.);
#4027 = VERTEX_POINT('',#4028);
#4028 = CARTESIAN_POINT('',(3.,0.,-14.));
#4029 = SURFACE_CURVE('',#4030,(#4034,#4041),.PCURVE_S1.);
#4030 = LINE('',#4031,#4032);
#4031 = CARTESIAN_POINT('',(3.,0.,-15.));
#4032 = VECTOR('',#4033,1.);
#4033 = DIRECTION('',(0.,0.,1.));
#4034 = PCURVE('',#3446,#4035);
#4035 = DEFINITIONAL_REPRESENTATION('',(#4036),#4040);
#4036 = LINE('',#4037,#4038);
#4037 = CARTESIAN_POINT('',(65.,43.));
#4038 = VECTOR('',#4039,1.);
#4039 = DIRECTION('',(1.,0.));
#4040 = ( GEOMETRIC_REPRESENTATION_CONTEXT(2)
PARAMETRIC_REPRESENTATION_CONTEXT() REPRESENTATION_CONTEXT('2D SPACE',''
  ) );
#4041 = PCURVE('',#3680,#4042);
#4042 = DEFINITIONAL_REPRESENTATION('',(#4043),#4047);
#4043 = LINE('',#4044,#4045);
#4044 = CARTESIAN_POINT('',(-0.,0.));
#4045 = VECTOR('',#4046,1.);
#4046 = DIRECTION('',(-0.,-1.));
#4047 = ( GEOMETRIC_REPRESENTATION_CONTEXT(2)
PARAMETRIC_REPRESENTATION_CONTEXT() REPRESENTATION_CONTEXT('2D SPACE',''
  ) );
#4048 = ORIENTED_EDGE('',*,*,#4049,.T.);
#4049 = EDGE_CURVE('',#4027,#4050,#4052,.T.);
#4050 = VERTEX_POINT('',#4051);
#4051 = CARTESIAN_POINT('',(2.7,-9.644883067981E-17,-14.));
#4052 = SURFACE_CURVE('',#4053,(#4057,#4063),.PCURVE_S1.);
#4053 = LINE('',#4054,#4055);
#4054 = CARTESIAN_POINT('',(-20.,0.,-14.));
#4055 = VECTOR('',#4056,1.);
#4056 = DIRECTION('',(-1.,0.,0.));
#4057 = PCURVE('',#3446,#4058);
#4058 = DEFINITIONAL_REPRESENTATION('',(#4059),#4062);
#4059 = B_SPLINE_CURVE_WITH_KNOTS('',1,(#4060,#4061),.UNSPECIFIED.,.F.,
  .F.,(2,2),(-23.,-17.),.PIECEWISE_BEZIER_KNOTS.);
#4060 = CARTESIAN_POINT('',(66.,43.));
#4061 = CARTESIAN_POINT('',(66.,37.));
#4062 = ( GEOMETRIC_REPRESENTATION_CONTEXT(2)
PARAMETRIC_REPRESENTATION_CONTEXT() REPRESENTATION_CONTEXT('2D SPACE',''
  ) );
#4063 = PCURVE('',#3654,#4064);
#4064 = DEFINITIONAL_REPRESENTATION('',(#4065),#4068);
#4065 = B_SPLINE_CURVE_WITH_KNOTS('',1,(#4066,#4067),.UNSPECIFIED.,.F.,
  .F.,(2,2),(-23.,-17.),.PIECEWISE_BEZIER_KNOTS.);
#4066 = CARTESIAN_POINT('',(3.,-9.400802417511E-17));
#4067 = CARTESIAN_POINT('',(-3.,-9.400802417511E-17));
#4068 = ( GEOMETRIC_REPRESENTATION_CONTEXT(2)
PARAMETRIC_REPRESENTATION_CONTEXT() REPRESENTATION_CONTEXT('2D SPACE',''
  ) );
#4069 = ORIENTED_EDGE('',*,*,#4070,.F.);
#4070 = EDGE_CURVE('',#3845,#4050,#4071,.T.);
#4071 = SURFACE_CURVE('',#4072,(#4076,#4083),.PCURVE_S1.);
#4072 = LINE('',#4073,#4074);
#4073 = CARTESIAN_POINT('',(2.7,-9.644883067981E-17,-14.75));
#4074 = VECTOR('',#4075,1.);
#4075 = DIRECTION('',(0.,0.,1.));
#4076 = PCURVE('',#3446,#4077);
#4077 = DEFINITIONAL_REPRESENTATION('',(#4078),#4082);
#4078 = LINE('',#4079,#4080);
#4079 = CARTESIAN_POINT('',(65.25,42.7));
#4080 = VECTOR('',#4081,1.);
#4081 = DIRECTION('',(1.,0.));
#4082 = ( GEOMETRIC_REPRESENTATION_CONTEXT(2)
PARAMETRIC_REPRESENTATION_CONTEXT() REPRESENTATION_CONTEXT('2D SPACE',''
  ) );
#4083 = PCURVE('',#3628,#4084);
#4084 = DEFINITIONAL_REPRESENTATION('',(#4085),#4089);
#4085 = LINE('',#4086,#4087);
#4086 = CARTESIAN_POINT('',(-0.,0.));
#4087 = VECTOR('',#4088,1.);
#4088 = DIRECTION('',(-0.,-1.));
#4089 = ( GEOMETRIC_REPRESENTATION_CONTEXT(2)
PARAMETRIC_REPRESENTATION_CONTEXT() REPRESENTATION_CONTEXT('2D SPACE',''
  ) );
#4090 = ORIENTED_EDGE('',*,*,#3844,.F.);
#4091 = ADVANCED_FACE('',(#4092),#3576,.T.);
#4092 = FACE_BOUND('',#4093,.F.);
#4093 = EDGE_LOOP('',(#4094,#4116,#4117,#4118));
#4094 = ORIENTED_EDGE('',*,*,#4095,.F.);
#4095 = EDGE_CURVE('',#3895,#3796,#4096,.T.);
#4096 = SURFACE_CURVE('',#4097,(#4102,#4109),.PCURVE_S1.);
#4097 = CIRCLE('',#4098,1.8);
#4098 = AXIS2_PLACEMENT_3D('',#4099,#4100,#4101);
#4099 = CARTESIAN_POINT('',(0.,0.,-19.));
#4100 = DIRECTION('',(0.,0.,1.));
#4101 = DIRECTION('',(1.,0.,0.));
#4102 = PCURVE('',#3576,#4103);
#4103 = DEFINITIONAL_REPRESENTATION('',(#4104),#4108);
#4104 = LINE('',#4105,#4106);
#4105 = CARTESIAN_POINT('',(-0.,0.));
#4106 = VECTOR('',#4107,1.);
#4107 = DIRECTION('',(-1.,0.));
#4108 = ( GEOMETRIC_REPRESENTATION_CONTEXT(2)
PARAMETRIC_REPRESENTATION_CONTEXT() REPRESENTATION_CONTEXT('2D SPACE',''
  ) );
#4109 = PCURVE('',#3810,#4110);
#4110 = DEFINITIONAL_REPRESENTATION('',(#4111),#4115);
#4111 = CIRCLE('',#4112,1.8);
#4112 = AXIS2_PLACEMENT_2D('',#4113,#4114);
#4113 = CARTESIAN_POINT('',(9.496112031524E-17,-1.164434326816E-16));
#4114 = DIRECTION('',(1.,0.));
#4115 = ( GEOMETRIC_REPRESENTATION_CONTEXT(2)
PARAMETRIC_REPRESENTATION_CONTEXT() REPRESENTATION_CONTEXT('2D SPACE',''
  ) );
#4116 = ORIENTED_EDGE('',*,*,#3894,.T.);
#4117 = ORIENTED_EDGE('',*,*,#3561,.T.);
#4118 = ORIENTED_EDGE('',*,*,#3821,.T.);
#4119 = ADVANCED_FACE('',(#4120),#3810,.F.);
#4120 = FACE_BOUND('',#4121,.F.);
#4121 = EDGE_LOOP('',(#4122,#4123,#4124,#4125));
#4122 = ORIENTED_EDGE('',*,*,#3917,.F.);
#4123 = ORIENTED_EDGE('',*,*,#4095,.T.);
#4124 = ORIENTED_EDGE('',*,*,#3795,.F.);
#4125 = ORIENTED_EDGE('',*,*,#4126,.F.);
#4126 = EDGE_CURVE('',#3918,#3770,#4127,.T.);
#4127 = SURFACE_CURVE('',#4128,(#4133,#4140),.PCURVE_S1.);
#4128 = CIRCLE('',#4129,1.4);
#4129 = AXIS2_PLACEMENT_3D('',#4130,#4131,#4132);
#4130 = CARTESIAN_POINT('',(8.60051347801E-15,-1.066876151519E-16,-19.)
  );
#4131 = DIRECTION('',(0.,0.,1.));
#4132 = DIRECTION('',(1.,0.,0.));
#4133 = PCURVE('',#3810,#4134);
#4134 = DEFINITIONAL_REPRESENTATION('',(#4135),#4139);
#4135 = CIRCLE('',#4136,1.4);
#4136 = AXIS2_PLACEMENT_2D('',#4137,#4138);
#4137 = CARTESIAN_POINT('',(8.695474598326E-15,-2.231310478335E-16));
#4138 = DIRECTION('',(1.,0.));
#4139 = ( GEOMETRIC_REPRESENTATION_CONTEXT(2)
PARAMETRIC_REPRESENTATION_CONTEXT() REPRESENTATION_CONTEXT('2D SPACE',''
  ) );
#4140 = PCURVE('',#3784,#4141);
#4141 = DEFINITIONAL_REPRESENTATION('',(#4142),#4146);
#4142 = LINE('',#4143,#4144);
#4143 = CARTESIAN_POINT('',(-0.,4.));
#4144 = VECTOR('',#4145,1.);
#4145 = DIRECTION('',(-1.,0.));
#4146 = ( GEOMETRIC_REPRESENTATION_CONTEXT(2)
PARAMETRIC_REPRESENTATION_CONTEXT() REPRESENTATION_CONTEXT('2D SPACE',''
  ) );
#4147 = ADVANCED_FACE('',(#4148),#3784,.F.);
#4148 = FACE_BOUND('',#4149,.T.);
#4149 = EDGE_LOOP('',(#4150,#4151,#4152,#4174));
#4150 = ORIENTED_EDGE('',*,*,#4126,.F.);
#4151 = ORIENTED_EDGE('',*,*,#3938,.T.);
#4152 = ORIENTED_EDGE('',*,*,#4153,.T.);
#4153 = EDGE_CURVE('',#3939,#3744,#4154,.T.);
#4154 = SURFACE_CURVE('',#4155,(#4160,#4167),.PCURVE_S1.);
#4155 = CIRCLE('',#4156,1.4);
#4156 = AXIS2_PLACEMENT_3D('',#4157,#4158,#4159);
#4157 = CARTESIAN_POINT('',(2.293100340055E-14,-1.546559906457E-16,-1.4)
  );
#4158 = DIRECTION('',(0.,0.,1.));
#4159 = DIRECTION('',(1.,0.,0.));
#4160 = PCURVE('',#3784,#4161);
#4161 = DEFINITIONAL_REPRESENTATION('',(#4162),#4166);
#4162 = LINE('',#4163,#4164);
#4163 = CARTESIAN_POINT('',(-0.,-13.6));
#4164 = VECTOR('',#4165,1.);
#4165 = DIRECTION('',(-1.,0.));
#4166 = ( GEOMETRIC_REPRESENTATION_CONTEXT(2)
PARAMETRIC_REPRESENTATION_CONTEXT() REPRESENTATION_CONTEXT('2D SPACE',''
  ) );
#4167 = PCURVE('',#3758,#4168);
#4168 = DEFINITIONAL_REPRESENTATION('',(#4169),#4173);
#4169 = CIRCLE('',#4170,1.4);
#4170 = AXIS2_PLACEMENT_2D('',#4171,#4172);
#4171 = CARTESIAN_POINT('',(2.350077012244E-14,-2.435958637278E-16));
#4172 = DIRECTION('',(1.,0.));
#4173 = ( GEOMETRIC_REPRESENTATION_CONTEXT(2)
PARAMETRIC_REPRESENTATION_CONTEXT() REPRESENTATION_CONTEXT('2D SPACE',''
  ) );
#4174 = ORIENTED_EDGE('',*,*,#3769,.T.);
#4175 = ADVANCED_FACE('',(#4176),#3758,.T.);
#4176 = FACE_BOUND('',#4177,.T.);
#4177 = EDGE_LOOP('',(#4178,#4179,#4201,#4202));
#4178 = ORIENTED_EDGE('',*,*,#3961,.F.);
#4179 = ORIENTED_EDGE('',*,*,#4180,.T.);
#4180 = EDGE_CURVE('',#3962,#3718,#4181,.T.);
#4181 = SURFACE_CURVE('',#4182,(#4187,#4194),.PCURVE_S1.);
#4182 = CIRCLE('',#4183,4.8);
#4183 = AXIS2_PLACEMENT_3D('',#4184,#4185,#4186);
#4184 = CARTESIAN_POINT('',(0.,0.,-1.4));
#4185 = DIRECTION('',(0.,0.,1.));
#4186 = DIRECTION('',(1.,0.,0.));
#4187 = PCURVE('',#3758,#4188);
#4188 = DEFINITIONAL_REPRESENTATION('',(#4189),#4193);
#4189 = CIRCLE('',#4190,4.8);
#4190 = AXIS2_PLACEMENT_2D('',#4191,#4192);
#4191 = CARTESIAN_POINT('',(5.697667218914E-16,-8.893987308214E-17));
#4192 = DIRECTION('',(1.,0.));
#4193 = ( GEOMETRIC_REPRESENTATION_CONTEXT(2)
PARAMETRIC_REPRESENTATION_CONTEXT() REPRESENTATION_CONTEXT('2D SPACE',''
  ) );
#4194 = PCURVE('',#3732,#4195);
#4195 = DEFINITIONAL_REPRESENTATION('',(#4196),#4200);
#4196 = LINE('',#4197,#4198);
#4197 = CARTESIAN_POINT('',(-0.,-0.6));
#4198 = VECTOR('',#4199,1.);
#4199 = DIRECTION('',(-1.,0.));
#4200 = ( GEOMETRIC_REPRESENTATION_CONTEXT(2)
PARAMETRIC_REPRESENTATION_CONTEXT() REPRESENTATION_CONTEXT('2D SPACE',''
  ) );
#4201 = ORIENTED_EDGE('',*,*,#3743,.F.);
#4202 = ORIENTED_EDGE('',*,*,#4153,.F.);
#4203 = ADVANCED_FACE('',(#4204),#3732,.T.);
#4204 = FACE_BOUND('',#4205,.F.);
#4205 = EDGE_LOOP('',(#4206,#4228,#4229,#4230));
#4206 = ORIENTED_EDGE('',*,*,#4207,.F.);
#4207 = EDGE_CURVE('',#3983,#3692,#4208,.T.);
#4208 = SURFACE_CURVE('',#4209,(#4214,#4221),.PCURVE_S1.);
#4209 = CIRCLE('',#4210,4.8);
#4210 = AXIS2_PLACEMENT_3D('',#4211,#4212,#4213);
#4211 = CARTESIAN_POINT('',(0.,0.,-2.));
#4212 = DIRECTION('',(0.,0.,1.));
#4213 = DIRECTION('',(1.,0.,0.));
#4214 = PCURVE('',#3732,#4215);
#4215 = DEFINITIONAL_REPRESENTATION('',(#4216),#4220);
#4216 = LINE('',#4217,#4218);
#4217 = CARTESIAN_POINT('',(-0.,0.));
#4218 = VECTOR('',#4219,1.);
#4219 = DIRECTION('',(-1.,0.));
#4220 = ( GEOMETRIC_REPRESENTATION_CONTEXT(2)
PARAMETRIC_REPRESENTATION_CONTEXT() REPRESENTATION_CONTEXT('2D SPACE',''
  ) );
#4221 = PCURVE('',#3706,#4222);
#4222 = DEFINITIONAL_REPRESENTATION('',(#4223),#4227);
#4223 = CIRCLE('',#4224,4.8);
#4224 = AXIS2_PLACEMENT_2D('',#4225,#4226);
#4225 = CARTESIAN_POINT('',(5.697667218914E-16,-8.893987308214E-17));
#4226 = DIRECTION('',(1.,0.));
#4227 = ( GEOMETRIC_REPRESENTATION_CONTEXT(2)
PARAMETRIC_REPRESENTATION_CONTEXT() REPRESENTATION_CONTEXT('2D SPACE',''
  ) );
#4228 = ORIENTED_EDGE('',*,*,#3982,.T.);
#4229 = ORIENTED_EDGE('',*,*,#4180,.T.);
#4230 = ORIENTED_EDGE('',*,*,#3717,.T.);
#4231 = ADVANCED_FACE('',(#4232),#3706,.F.);
#4232 = FACE_BOUND('',#4233,.F.);
#4233 = EDGE_LOOP('',(#4234,#4235,#4236,#4237));
#4234 = ORIENTED_EDGE('',*,*,#4005,.F.);
#4235 = ORIENTED_EDGE('',*,*,#4207,.T.);
#4236 = ORIENTED_EDGE('',*,*,#3691,.F.);
#4237 = ORIENTED_EDGE('',*,*,#4238,.F.);
#4238 = EDGE_CURVE('',#4006,#3666,#4239,.T.);
#4239 = SURFACE_CURVE('',#4240,(#4245,#4252),.PCURVE_S1.);
#4240 = CIRCLE('',#4241,3.);
#4241 = AXIS2_PLACEMENT_3D('',#4242,#4243,#4244);
#4242 = CARTESIAN_POINT('',(0.,0.,-2.));
#4243 = DIRECTION('',(0.,0.,1.));
#4244 = DIRECTION('',(1.,0.,0.));
#4245 = PCURVE('',#3706,#4246);
#4246 = DEFINITIONAL_REPRESENTATION('',(#4247),#4251);
#4247 = CIRCLE('',#4248,3.);
#4248 = AXIS2_PLACEMENT_2D('',#4249,#4250);
#4249 = CARTESIAN_POINT('',(5.697667218914E-16,-8.893987308214E-17));
#4250 = DIRECTION('',(1.,0.));
#4251 = ( GEOMETRIC_REPRESENTATION_CONTEXT(2)
PARAMETRIC_REPRESENTATION_CONTEXT() REPRESENTATION_CONTEXT('2D SPACE',''
  ) );
#4252 = PCURVE('',#3680,#4253);
#4253 = DEFINITIONAL_REPRESENTATION('',(#4254),#4258);
#4254 = LINE('',#4255,#4256);
#4255 = CARTESIAN_POINT('',(-0.,-13.));
#4256 = VECTOR('',#4257,1.);
#4257 = DIRECTION('',(-1.,0.));
#4258 = ( GEOMETRIC_REPRESENTATION_CONTEXT(2)
PARAMETRIC_REPRESENTATION_CONTEXT() REPRESENTATION_CONTEXT('2D SPACE',''
  ) );
#4259 = ADVANCED_FACE('',(#4260),#3680,.T.);
#4260 = FACE_BOUND('',#4261,.F.);
#4261 = EDGE_LOOP('',(#4262,#4288,#4289,#4290));
#4262 = ORIENTED_EDGE('',*,*,#4263,.T.);
#4263 = EDGE_CURVE('',#3640,#4027,#4264,.T.);
#4264 = SURFACE_CURVE('',#4265,(#4270,#4277),.PCURVE_S1.);
#4265 = CIRCLE('',#4266,3.);
#4266 = AXIS2_PLACEMENT_3D('',#4267,#4268,#4269);
#4267 = CARTESIAN_POINT('',(0.,0.,-14.));
#4268 = DIRECTION('',(0.,0.,-1.));
#4269 = DIRECTION('',(1.,0.,0.));
#4270 = PCURVE('',#3680,#4271);
#4271 = DEFINITIONAL_REPRESENTATION('',(#4272),#4276);
#4272 = LINE('',#4273,#4274);
#4273 = CARTESIAN_POINT('',(-6.28318530718,-1.));
#4274 = VECTOR('',#4275,1.);
#4275 = DIRECTION('',(1.,-0.));
#4276 = ( GEOMETRIC_REPRESENTATION_CONTEXT(2)
PARAMETRIC_REPRESENTATION_CONTEXT() REPRESENTATION_CONTEXT('2D SPACE',''
  ) );
#4277 = PCURVE('',#3654,#4278);
#4278 = DEFINITIONAL_REPRESENTATION('',(#4279),#4287);
#4279 = ( BOUNDED_CURVE() B_SPLINE_CURVE(2,(#4280,#4281,#4282,#4283,
#4284,#4285,#4286),.UNSPECIFIED.,.T.,.F.) B_SPLINE_CURVE_WITH_KNOTS((1,2
    ,2,2,2,1),(-2.094395102393,0.,2.094395102393,4.188790204786,
6.28318530718,8.377580409573),.UNSPECIFIED.) CURVE()
GEOMETRIC_REPRESENTATION_ITEM() RATIONAL_B_SPLINE_CURVE((1.,0.5,1.,0.5,
1.,0.5,1.)) REPRESENTATION_ITEM('') );
#4280 = CARTESIAN_POINT('',(3.,-9.400802417511E-17));
#4281 = CARTESIAN_POINT('',(3.,-5.196152422707));
#4282 = CARTESIAN_POINT('',(-1.5,-2.598076211353));
#4283 = CARTESIAN_POINT('',(-6.,-8.287961036635E-16));
#4284 = CARTESIAN_POINT('',(-1.5,2.598076211353));
#4285 = CARTESIAN_POINT('',(3.,5.196152422707));
#4286 = CARTESIAN_POINT('',(3.,-9.400802417511E-17));
#4287 = ( GEOMETRIC_REPRESENTATION_CONTEXT(2)
PARAMETRIC_REPRESENTATION_CONTEXT() REPRESENTATION_CONTEXT('2D SPACE',''
  ) );
#4288 = ORIENTED_EDGE('',*,*,#4026,.T.);
#4289 = ORIENTED_EDGE('',*,*,#4238,.T.);
#4290 = ORIENTED_EDGE('',*,*,#3665,.T.);
#4291 = ADVANCED_FACE('',(#4292),#3654,.F.);
#4292 = FACE_BOUND('',#4293,.F.);
#4293 = EDGE_LOOP('',(#4294,#4295,#4296,#4297));
#4294 = ORIENTED_EDGE('',*,*,#4049,.F.);
#4295 = ORIENTED_EDGE('',*,*,#4263,.F.);
#4296 = ORIENTED_EDGE('',*,*,#3639,.F.);
#4297 = ORIENTED_EDGE('',*,*,#4298,.F.);
#4298 = EDGE_CURVE('',#4050,#3614,#4299,.T.);
#4299 = SURFACE_CURVE('',#4300,(#4305,#4312),.PCURVE_S1.);
#4300 = CIRCLE('',#4301,2.7);
#4301 = AXIS2_PLACEMENT_3D('',#4302,#4303,#4304);
#4302 = CARTESIAN_POINT('',(1.484503314987E-14,-9.644883067981E-17,-14.)
  );
#4303 = DIRECTION('',(0.,0.,1.));
#4304 = DIRECTION('',(1.,0.,0.));
#4305 = PCURVE('',#3654,#4306);
#4306 = DEFINITIONAL_REPRESENTATION('',(#4307),#4311);
#4307 = CIRCLE('',#4308,2.7);
#4308 = AXIS2_PLACEMENT_2D('',#4309,#4310);
#4309 = CARTESIAN_POINT('',(1.506558800995E-14,-1.904568548549E-16));
#4310 = DIRECTION('',(1.,0.));
#4311 = ( GEOMETRIC_REPRESENTATION_CONTEXT(2)
PARAMETRIC_REPRESENTATION_CONTEXT() REPRESENTATION_CONTEXT('2D SPACE',''
  ) );
#4312 = PCURVE('',#3628,#4313);
#4313 = DEFINITIONAL_REPRESENTATION('',(#4314),#4318);
#4314 = LINE('',#4315,#4316);
#4315 = CARTESIAN_POINT('',(-0.,-0.75));
#4316 = VECTOR('',#4317,1.);
#4317 = DIRECTION('',(-1.,0.));
#4318 = ( GEOMETRIC_REPRESENTATION_CONTEXT(2)
PARAMETRIC_REPRESENTATION_CONTEXT() REPRESENTATION_CONTEXT('2D SPACE',''
  ) );
#4319 = ADVANCED_FACE('',(#4320),#3628,.T.);
#4320 = FACE_BOUND('',#4321,.F.);
#4321 = EDGE_LOOP('',(#4322,#4323,#4324,#4325));
#4322 = ORIENTED_EDGE('',*,*,#3867,.F.);
#4323 = ORIENTED_EDGE('',*,*,#4070,.T.);
#4324 = ORIENTED_EDGE('',*,*,#4298,.T.);
#4325 = ORIENTED_EDGE('',*,*,#3613,.T.);
#4326 = ( GEOMETRIC_REPRESENTATION_CONTEXT(3)
GLOBAL_UNCERTAINTY_ASSIGNED_CONTEXT((#4330))
GLOBAL_UNIT_ASSIGNED_CONTEXT((#4327,#4328,#4329)) REPRESENTATION_CONTEXT
('Context #1','3D Context with UNIT and UNCERTAINTY') );
#4327 = ( LENGTH_UNIT() NAMED_UNIT(*) SI_UNIT(.MILLI.,.METRE.) );
#4328 = ( NAMED_UNIT(*) PLANE_ANGLE_UNIT() SI_UNIT($,.RADIAN.) );
#4329 = ( NAMED_UNIT(*) SI_UNIT($,.STERADIAN.) SOLID_ANGLE_UNIT() );
#4330 = UNCERTAINTY_MEASURE_WITH_UNIT(LENGTH_MEASURE(2.E-07),#4327,
  'distance_accuracy_value','confusion accuracy');
#4331 = CONTEXT_DEPENDENT_SHAPE_REPRESENTATION(#4332,#4334);
#4332 = ( REPRESENTATION_RELATIONSHIP('','',#3387,#10)
REPRESENTATION_RELATIONSHIP_WITH_TRANSFORMATION(#4333)
SHAPE_REPRESENTATION_RELATIONSHIP() );
#4333 = ITEM_DEFINED_TRANSFORMATION('','',#11,#27);
#4334 = PRODUCT_DEFINITION_SHAPE('Placement','Placement of an item',
  #4335);
#4335 = NEXT_ASSEMBLY_USAGE_OCCURRENCE('92','PR1_plunger_lower_stem3p6',
  '',#5,#3382,$);
#4336 = PRODUCT_RELATED_PRODUCT_CATEGORY('part',$,(#3384));
#4337 = SHAPE_DEFINITION_REPRESENTATION(#4338,#4344);
#4338 = PRODUCT_DEFINITION_SHAPE('','',#4339);
#4339 = PRODUCT_DEFINITION('design','',#4340,#4343);
#4340 = PRODUCT_DEFINITION_FORMATION('','',#4341);
#4341 = PRODUCT('upper_capture_clip_geometry_candidate',
  'upper_capture_clip_geometry_candidate','',(#4342));
#4342 = PRODUCT_CONTEXT('',#2,'mechanical');
#4343 = PRODUCT_DEFINITION_CONTEXT('part definition',#2,'design');
#4344 = ADVANCED_BREP_SHAPE_REPRESENTATION('',(#11,#4345),#4671);
#4345 = MANIFOLD_SOLID_BREP('',#4346);
#4346 = CLOSED_SHELL('',(#4347,#4469,#4542,#4587,#4639,#4664));
#4347 = ADVANCED_FACE('',(#4348),#4363,.T.);
#4348 = FACE_BOUND('',#4349,.F.);
#4349 = EDGE_LOOP('',(#4350,#4386,#4412,#4445));
#4350 = ORIENTED_EDGE('',*,*,#4351,.F.);
#4351 = EDGE_CURVE('',#4352,#4354,#4356,.T.);
#4352 = VERTEX_POINT('',#4353);
#4353 = CARTESIAN_POINT('',(4.9,-3.138263904992E-16,-14.6));
#4354 = VERTEX_POINT('',#4355);
#4355 = CARTESIAN_POINT('',(-4.9,1.987675986164E-15,-14.6));
#4356 = SURFACE_CURVE('',#4357,(#4362,#4374),.PCURVE_S1.);
#4357 = CIRCLE('',#4358,4.9);
#4358 = AXIS2_PLACEMENT_3D('',#4359,#4360,#4361);
#4359 = CARTESIAN_POINT('',(0.,0.,-14.6));
#4360 = DIRECTION('',(0.,0.,1.));
#4361 = DIRECTION('',(0.357142857143,-0.934049773616,0.));
#4362 = PCURVE('',#4363,#4368);
#4363 = CYLINDRICAL_SURFACE('',#4364,4.9);
#4364 = AXIS2_PLACEMENT_3D('',#4365,#4366,#4367);
#4365 = CARTESIAN_POINT('',(0.,0.,-14.6));
#4366 = DIRECTION('',(-0.,-0.,-1.));
#4367 = DIRECTION('',(1.,0.,0.));
#4368 = DEFINITIONAL_REPRESENTATION('',(#4369),#4373);
#4369 = LINE('',#4370,#4371);
#4370 = CARTESIAN_POINT('',(-5.077596201675,0.));
#4371 = VECTOR('',#4372,1.);
#4372 = DIRECTION('',(-1.,0.));
#4373 = ( GEOMETRIC_REPRESENTATION_CONTEXT(2)
PARAMETRIC_REPRESENTATION_CONTEXT() REPRESENTATION_CONTEXT('2D SPACE',''
  ) );
#4374 = PCURVE('',#4375,#4380);
#4375 = PLANE('',#4376);
#4376 = AXIS2_PLACEMENT_3D('',#4377,#4378,#4379);
#4377 = CARTESIAN_POINT('',(-2.79069414804E-16,3.581131857472E-16,-14.6)
  );
#4378 = DIRECTION('',(0.,0.,1.));
#4379 = DIRECTION('',(1.,0.,-0.));
#4380 = DEFINITIONAL_REPRESENTATION('',(#4381),#4385);
#4381 = CIRCLE('',#4382,4.9);
#4382 = AXIS2_PLACEMENT_2D('',#4383,#4384);
#4383 = CARTESIAN_POINT('',(2.79069414804E-16,-3.581131857472E-16));
#4384 = DIRECTION('',(0.357142857143,-0.934049773616));
#4385 = ( GEOMETRIC_REPRESENTATION_CONTEXT(2)
PARAMETRIC_REPRESENTATION_CONTEXT() REPRESENTATION_CONTEXT('2D SPACE',''
  ) );
#4386 = ORIENTED_EDGE('',*,*,#4387,.F.);
#4387 = EDGE_CURVE('',#4388,#4352,#4390,.T.);
#4388 = VERTEX_POINT('',#4389);
#4389 = CARTESIAN_POINT('',(4.9,-1.072545816116E-17,-14.));
#4390 = SURFACE_CURVE('',#4391,(#4395,#4401),.PCURVE_S1.);
#4391 = LINE('',#4392,#4393);
#4392 = CARTESIAN_POINT('',(4.9,0.,-14.6));
#4393 = VECTOR('',#4394,1.);
#4394 = DIRECTION('',(-0.,-0.,-1.));
#4395 = PCURVE('',#4363,#4396);
#4396 = DEFINITIONAL_REPRESENTATION('',(#4397),#4400);
#4397 = B_SPLINE_CURVE_WITH_KNOTS('',1,(#4398,#4399),.UNSPECIFIED.,.F.,
  .F.,(2,2),(-0.6000006,5.999999999062E-07),.PIECEWISE_BEZIER_KNOTS.);
#4398 = CARTESIAN_POINT('',(-6.28318530718,-0.6000006));
#4399 = CARTESIAN_POINT('',(-6.28318530718,5.999999999062E-07));
#4400 = ( GEOMETRIC_REPRESENTATION_CONTEXT(2)
PARAMETRIC_REPRESENTATION_CONTEXT() REPRESENTATION_CONTEXT('2D SPACE',''
  ) );
#4401 = PCURVE('',#4402,#4407);
#4402 = PLANE('',#4403);
#4403 = AXIS2_PLACEMENT_3D('',#4404,#4405,#4406);
#4404 = CARTESIAN_POINT('',(-40.,0.,-80.));
#4405 = DIRECTION('',(0.,1.,0.));
#4406 = DIRECTION('',(0.,0.,1.));
#4407 = DEFINITIONAL_REPRESENTATION('',(#4408),#4411);
#4408 = B_SPLINE_CURVE_WITH_KNOTS('',1,(#4409,#4410),.UNSPECIFIED.,.F.,
  .F.,(2,2),(-0.6000006,5.999999999062E-07),.PIECEWISE_BEZIER_KNOTS.);
#4409 = CARTESIAN_POINT('',(66.0000006,44.9));
#4410 = CARTESIAN_POINT('',(65.3999994,44.9));
#4411 = ( GEOMETRIC_REPRESENTATION_CONTEXT(2)
PARAMETRIC_REPRESENTATION_CONTEXT() REPRESENTATION_CONTEXT('2D SPACE',''
  ) );
#4412 = ORIENTED_EDGE('',*,*,#4413,.F.);
#4413 = EDGE_CURVE('',#4414,#4388,#4416,.T.);
#4414 = VERTEX_POINT('',#4415);
#4415 = CARTESIAN_POINT('',(-4.9,-1.966752548017E-16,-14.));
#4416 = SURFACE_CURVE('',#4417,(#4422,#4429),.PCURVE_S1.);
#4417 = CIRCLE('',#4418,4.9);
#4418 = AXIS2_PLACEMENT_3D('',#4419,#4420,#4421);
#4419 = CARTESIAN_POINT('',(0.,0.,-14.));
#4420 = DIRECTION('',(-0.,0.,-1.));
#4421 = DIRECTION('',(-0.357142857143,-0.934049773616,0.));
#4422 = PCURVE('',#4363,#4423);
#4423 = DEFINITIONAL_REPRESENTATION('',(#4424),#4428);
#4424 = LINE('',#4425,#4426);
#4425 = CARTESIAN_POINT('',(-10.63036706627,-0.6));
#4426 = VECTOR('',#4427,1.);
#4427 = DIRECTION('',(1.,-0.));
#4428 = ( GEOMETRIC_REPRESENTATION_CONTEXT(2)
PARAMETRIC_REPRESENTATION_CONTEXT() REPRESENTATION_CONTEXT('2D SPACE',''
  ) );
#4429 = PCURVE('',#4430,#4435);
#4430 = PLANE('',#4431);
#4431 = AXIS2_PLACEMENT_3D('',#4432,#4433,#4434);
#4432 = CARTESIAN_POINT('',(-2.79069414804E-16,3.581131857472E-16,-14.)
  );
#4433 = DIRECTION('',(0.,0.,1.));
#4434 = DIRECTION('',(1.,0.,-0.));
#4435 = DEFINITIONAL_REPRESENTATION('',(#4436),#4444);
#4436 = ( BOUNDED_CURVE() B_SPLINE_CURVE(2,(#4437,#4438,#4439,#4440,
#4441,#4442,#4443),.UNSPECIFIED.,.T.,.F.) B_SPLINE_CURVE_WITH_KNOTS((1,2
    ,2,2,2,1),(-2.094395102393,0.,2.094395102393,4.188790204786,
6.28318530718,8.377580409573),.UNSPECIFIED.) CURVE()
GEOMETRIC_REPRESENTATION_ITEM() RATIONAL_B_SPLINE_CURVE((1.,0.5,1.,0.5,
1.,0.5,1.)) REPRESENTATION_ITEM('') );
#4437 = CARTESIAN_POINT('',(-1.75,-4.576843890718));
#4438 = CARTESIAN_POINT('',(-9.677326157034,-1.545754977472));
#4439 = CARTESIAN_POINT('',(-3.088663078517,3.803966401982));
#4440 = CARTESIAN_POINT('',(3.5,9.153687781435));
#4441 = CARTESIAN_POINT('',(4.838663078517,0.772877488736));
#4442 = CARTESIAN_POINT('',(6.177326157034,-7.607932803963));
#4443 = CARTESIAN_POINT('',(-1.75,-4.576843890718));
#4444 = ( GEOMETRIC_REPRESENTATION_CONTEXT(2)
PARAMETRIC_REPRESENTATION_CONTEXT() REPRESENTATION_CONTEXT('2D SPACE',''
  ) );
#4445 = ORIENTED_EDGE('',*,*,#4446,.T.);
#4446 = EDGE_CURVE('',#4414,#4354,#4447,.T.);
#4447 = SURFACE_CURVE('',#4448,(#4452,#4458),.PCURVE_S1.);
#4448 = LINE('',#4449,#4450);
#4449 = CARTESIAN_POINT('',(-4.9,0.,-14.6));
#4450 = VECTOR('',#4451,1.);
#4451 = DIRECTION('',(-0.,-0.,-1.));
#4452 = PCURVE('',#4363,#4453);
#4453 = DEFINITIONAL_REPRESENTATION('',(#4454),#4457);
#4454 = B_SPLINE_CURVE_WITH_KNOTS('',1,(#4455,#4456),.UNSPECIFIED.,.F.,
  .F.,(2,2),(-0.6000006,5.999999999062E-07),.PIECEWISE_BEZIER_KNOTS.);
#4455 = CARTESIAN_POINT('',(-9.424777960769,-0.6000006));
#4456 = CARTESIAN_POINT('',(-9.424777960769,5.999999999062E-07));
#4457 = ( GEOMETRIC_REPRESENTATION_CONTEXT(2)
PARAMETRIC_REPRESENTATION_CONTEXT() REPRESENTATION_CONTEXT('2D SPACE',''
  ) );
#4458 = PCURVE('',#4459,#4464);
#4459 = PLANE('',#4460);
#4460 = AXIS2_PLACEMENT_3D('',#4461,#4462,#4463);
#4461 = CARTESIAN_POINT('',(-40.,0.,-80.));
#4462 = DIRECTION('',(0.,1.,0.));
#4463 = DIRECTION('',(0.,0.,1.));
#4464 = DEFINITIONAL_REPRESENTATION('',(#4465),#4468);
#4465 = B_SPLINE_CURVE_WITH_KNOTS('',1,(#4466,#4467),.UNSPECIFIED.,.F.,
  .F.,(2,2),(-0.6000006,5.999999999062E-07),.PIECEWISE_BEZIER_KNOTS.);
#4466 = CARTESIAN_POINT('',(66.0000006,35.1));
#4467 = CARTESIAN_POINT('',(65.3999994,35.1));
#4468 = ( GEOMETRIC_REPRESENTATION_CONTEXT(2)
PARAMETRIC_REPRESENTATION_CONTEXT() REPRESENTATION_CONTEXT('2D SPACE',''
  ) );
#4469 = ADVANCED_FACE('',(#4470),#4375,.F.);
#4470 = FACE_BOUND('',#4471,.F.);
#4471 = EDGE_LOOP('',(#4472,#4493,#4494,#4515));
#4472 = ORIENTED_EDGE('',*,*,#4473,.F.);
#4473 = EDGE_CURVE('',#4352,#4474,#4476,.T.);
#4474 = VERTEX_POINT('',#4475);
#4475 = CARTESIAN_POINT('',(2.7,6.811823302536E-16,-14.6));
#4476 = SURFACE_CURVE('',#4477,(#4481,#4487),.PCURVE_S1.);
#4477 = LINE('',#4478,#4479);
#4478 = CARTESIAN_POINT('',(-20.,0.,-14.6));
#4479 = VECTOR('',#4480,1.);
#4480 = DIRECTION('',(-1.,0.,0.));
#4481 = PCURVE('',#4375,#4482);
#4482 = DEFINITIONAL_REPRESENTATION('',(#4483),#4486);
#4483 = B_SPLINE_CURVE_WITH_KNOTS('',1,(#4484,#4485),.UNSPECIFIED.,.F.,
  .F.,(2,2),(-24.9,-15.1),.PIECEWISE_BEZIER_KNOTS.);
#4484 = CARTESIAN_POINT('',(4.9,-3.581131857472E-16));
#4485 = CARTESIAN_POINT('',(-4.9,-3.581131857472E-16));
#4486 = ( GEOMETRIC_REPRESENTATION_CONTEXT(2)
PARAMETRIC_REPRESENTATION_CONTEXT() REPRESENTATION_CONTEXT('2D SPACE',''
  ) );
#4487 = PCURVE('',#4402,#4488);
#4488 = DEFINITIONAL_REPRESENTATION('',(#4489),#4492);
#4489 = B_SPLINE_CURVE_WITH_KNOTS('',1,(#4490,#4491),.UNSPECIFIED.,.F.,
  .F.,(2,2),(-24.9,-15.1),.PIECEWISE_BEZIER_KNOTS.);
#4490 = CARTESIAN_POINT('',(65.4,44.9));
#4491 = CARTESIAN_POINT('',(65.4,35.1));
#4492 = ( GEOMETRIC_REPRESENTATION_CONTEXT(2)
PARAMETRIC_REPRESENTATION_CONTEXT() REPRESENTATION_CONTEXT('2D SPACE',''
  ) );
#4493 = ORIENTED_EDGE('',*,*,#4351,.T.);
#4494 = ORIENTED_EDGE('',*,*,#4495,.F.);
#4495 = EDGE_CURVE('',#4496,#4354,#4498,.T.);
#4496 = VERTEX_POINT('',#4497);
#4497 = CARTESIAN_POINT('',(-2.7,8.001864642099E-16,-14.6));
#4498 = SURFACE_CURVE('',#4499,(#4503,#4509),.PCURVE_S1.);
#4499 = LINE('',#4500,#4501);
#4500 = CARTESIAN_POINT('',(-20.,0.,-14.6));
#4501 = VECTOR('',#4502,1.);
#4502 = DIRECTION('',(-1.,0.,0.));
#4503 = PCURVE('',#4375,#4504);
#4504 = DEFINITIONAL_REPRESENTATION('',(#4505),#4508);
#4505 = B_SPLINE_CURVE_WITH_KNOTS('',1,(#4506,#4507),.UNSPECIFIED.,.F.,
  .F.,(2,2),(-24.9,-15.1),.PIECEWISE_BEZIER_KNOTS.);
#4506 = CARTESIAN_POINT('',(4.9,-3.581131857472E-16));
#4507 = CARTESIAN_POINT('',(-4.9,-3.581131857472E-16));
#4508 = ( GEOMETRIC_REPRESENTATION_CONTEXT(2)
PARAMETRIC_REPRESENTATION_CONTEXT() REPRESENTATION_CONTEXT('2D SPACE',''
  ) );
#4509 = PCURVE('',#4459,#4510);
#4510 = DEFINITIONAL_REPRESENTATION('',(#4511),#4514);
#4511 = B_SPLINE_CURVE_WITH_KNOTS('',1,(#4512,#4513),.UNSPECIFIED.,.F.,
  .F.,(2,2),(-24.9,-15.1),.PIECEWISE_BEZIER_KNOTS.);
#4512 = CARTESIAN_POINT('',(65.4,44.9));
#4513 = CARTESIAN_POINT('',(65.4,35.1));
#4514 = ( GEOMETRIC_REPRESENTATION_CONTEXT(2)
PARAMETRIC_REPRESENTATION_CONTEXT() REPRESENTATION_CONTEXT('2D SPACE',''
  ) );
#4515 = ORIENTED_EDGE('',*,*,#4516,.F.);
#4516 = EDGE_CURVE('',#4474,#4496,#4517,.T.);
#4517 = SURFACE_CURVE('',#4518,(#4523,#4530),.PCURVE_S1.);
#4518 = CIRCLE('',#4519,2.7);
#4519 = AXIS2_PLACEMENT_3D('',#4520,#4521,#4522);
#4520 = CARTESIAN_POINT('',(2.326047326138E-14,-9.965291349159E-17,-14.6
    ));
#4521 = DIRECTION('',(0.,0.,1.));
#4522 = DIRECTION('',(0.648148148148,-0.76151426648,0.));
#4523 = PCURVE('',#4375,#4524);
#4524 = DEFINITIONAL_REPRESENTATION('',(#4525),#4529);
#4525 = CIRCLE('',#4526,2.7);
#4526 = AXIS2_PLACEMENT_2D('',#4527,#4528);
#4527 = CARTESIAN_POINT('',(2.353954267618E-14,-4.577660992388E-16));
#4528 = DIRECTION('',(0.648148148148,-0.76151426648));
#4529 = ( GEOMETRIC_REPRESENTATION_CONTEXT(2)
PARAMETRIC_REPRESENTATION_CONTEXT() REPRESENTATION_CONTEXT('2D SPACE',''
  ) );
#4530 = PCURVE('',#4531,#4536);
#4531 = CYLINDRICAL_SURFACE('',#4532,2.7);
#4532 = AXIS2_PLACEMENT_3D('',#4533,#4534,#4535);
#4533 = CARTESIAN_POINT('',(2.326047326138E-14,-9.965291349159E-17,-14.6
    ));
#4534 = DIRECTION('',(-0.,-0.,-1.));
#4535 = DIRECTION('',(1.,0.,0.));
#4536 = DEFINITIONAL_REPRESENTATION('',(#4537),#4541);
#4537 = LINE('',#4538,#4539);
#4538 = CARTESIAN_POINT('',(-5.417539090915,0.));
#4539 = VECTOR('',#4540,1.);
#4540 = DIRECTION('',(-1.,0.));
#4541 = ( GEOMETRIC_REPRESENTATION_CONTEXT(2)
PARAMETRIC_REPRESENTATION_CONTEXT() REPRESENTATION_CONTEXT('2D SPACE',''
  ) );
#4542 = ADVANCED_FACE('',(#4543),#4459,.F.);
#4543 = FACE_BOUND('',#4544,.F.);
#4544 = EDGE_LOOP('',(#4545,#4546,#4567,#4586));
#4545 = ORIENTED_EDGE('',*,*,#4446,.F.);
#4546 = ORIENTED_EDGE('',*,*,#4547,.F.);
#4547 = EDGE_CURVE('',#4548,#4414,#4550,.T.);
#4548 = VERTEX_POINT('',#4549);
#4549 = CARTESIAN_POINT('',(-2.7,-3.001777500597E-16,-14.));
#4550 = SURFACE_CURVE('',#4551,(#4555,#4561),.PCURVE_S1.);
#4551 = LINE('',#4552,#4553);
#4552 = CARTESIAN_POINT('',(-20.,0.,-14.));
#4553 = VECTOR('',#4554,1.);
#4554 = DIRECTION('',(-1.,0.,0.));
#4555 = PCURVE('',#4459,#4556);
#4556 = DEFINITIONAL_REPRESENTATION('',(#4557),#4560);
#4557 = B_SPLINE_CURVE_WITH_KNOTS('',1,(#4558,#4559),.UNSPECIFIED.,.F.,
  .F.,(2,2),(-24.9,-15.1),.PIECEWISE_BEZIER_KNOTS.);
#4558 = CARTESIAN_POINT('',(66.,44.9));
#4559 = CARTESIAN_POINT('',(66.,35.1));
#4560 = ( GEOMETRIC_REPRESENTATION_CONTEXT(2)
PARAMETRIC_REPRESENTATION_CONTEXT() REPRESENTATION_CONTEXT('2D SPACE',''
  ) );
#4561 = PCURVE('',#4430,#4562);
#4562 = DEFINITIONAL_REPRESENTATION('',(#4563),#4566);
#4563 = B_SPLINE_CURVE_WITH_KNOTS('',1,(#4564,#4565),.UNSPECIFIED.,.F.,
  .F.,(2,2),(-24.9,-15.1),.PIECEWISE_BEZIER_KNOTS.);
#4564 = CARTESIAN_POINT('',(4.9,-3.581131857472E-16));
#4565 = CARTESIAN_POINT('',(-4.9,-3.581131857472E-16));
#4566 = ( GEOMETRIC_REPRESENTATION_CONTEXT(2)
PARAMETRIC_REPRESENTATION_CONTEXT() REPRESENTATION_CONTEXT('2D SPACE',''
  ) );
#4567 = ORIENTED_EDGE('',*,*,#4568,.T.);
#4568 = EDGE_CURVE('',#4548,#4496,#4569,.T.);
#4569 = SURFACE_CURVE('',#4570,(#4574,#4580),.PCURVE_S1.);
#4570 = LINE('',#4571,#4572);
#4571 = CARTESIAN_POINT('',(-2.7,0.,-14.6));
#4572 = VECTOR('',#4573,1.);
#4573 = DIRECTION('',(-0.,-0.,-1.));
#4574 = PCURVE('',#4459,#4575);
#4575 = DEFINITIONAL_REPRESENTATION('',(#4576),#4579);
#4576 = B_SPLINE_CURVE_WITH_KNOTS('',1,(#4577,#4578),.UNSPECIFIED.,.F.,
  .F.,(2,2),(-0.6000006,5.999999999062E-07),.PIECEWISE_BEZIER_KNOTS.);
#4577 = CARTESIAN_POINT('',(66.0000006,37.3));
#4578 = CARTESIAN_POINT('',(65.3999994,37.3));
#4579 = ( GEOMETRIC_REPRESENTATION_CONTEXT(2)
PARAMETRIC_REPRESENTATION_CONTEXT() REPRESENTATION_CONTEXT('2D SPACE',''
  ) );
#4580 = PCURVE('',#4531,#4581);
#4581 = DEFINITIONAL_REPRESENTATION('',(#4582),#4585);
#4582 = B_SPLINE_CURVE_WITH_KNOTS('',1,(#4583,#4584),.UNSPECIFIED.,.F.,
  .F.,(2,2),(-0.6000006,5.999999999062E-07),.PIECEWISE_BEZIER_KNOTS.);
#4583 = CARTESIAN_POINT('',(-9.424777960769,-0.6000006));
#4584 = CARTESIAN_POINT('',(-9.424777960769,5.999999999062E-07));
#4585 = ( GEOMETRIC_REPRESENTATION_CONTEXT(2)
PARAMETRIC_REPRESENTATION_CONTEXT() REPRESENTATION_CONTEXT('2D SPACE',''
  ) );
#4586 = ORIENTED_EDGE('',*,*,#4495,.T.);
#4587 = ADVANCED_FACE('',(#4588),#4430,.T.);
#4588 = FACE_BOUND('',#4589,.T.);
#4589 = EDGE_LOOP('',(#4590,#4611,#4612,#4613));
#4590 = ORIENTED_EDGE('',*,*,#4591,.F.);
#4591 = EDGE_CURVE('',#4388,#4592,#4594,.T.);
#4592 = VERTEX_POINT('',#4593);
#4593 = CARTESIAN_POINT('',(2.7,-6.821821136875E-17,-14.));
#4594 = SURFACE_CURVE('',#4595,(#4599,#4605),.PCURVE_S1.);
#4595 = LINE('',#4596,#4597);
#4596 = CARTESIAN_POINT('',(-20.,0.,-14.));
#4597 = VECTOR('',#4598,1.);
#4598 = DIRECTION('',(-1.,0.,0.));
#4599 = PCURVE('',#4430,#4600);
#4600 = DEFINITIONAL_REPRESENTATION('',(#4601),#4604);
#4601 = B_SPLINE_CURVE_WITH_KNOTS('',1,(#4602,#4603),.UNSPECIFIED.,.F.,
  .F.,(2,2),(-24.9,-15.1),.PIECEWISE_BEZIER_KNOTS.);
#4602 = CARTESIAN_POINT('',(4.9,-3.581131857472E-16));
#4603 = CARTESIAN_POINT('',(-4.9,-3.581131857472E-16));
#4604 = ( GEOMETRIC_REPRESENTATION_CONTEXT(2)
PARAMETRIC_REPRESENTATION_CONTEXT() REPRESENTATION_CONTEXT('2D SPACE',''
  ) );
#4605 = PCURVE('',#4402,#4606);
#4606 = DEFINITIONAL_REPRESENTATION('',(#4607),#4610);
#4607 = B_SPLINE_CURVE_WITH_KNOTS('',1,(#4608,#4609),.UNSPECIFIED.,.F.,
  .F.,(2,2),(-24.9,-15.1),.PIECEWISE_BEZIER_KNOTS.);
#4608 = CARTESIAN_POINT('',(66.,44.9));
#4609 = CARTESIAN_POINT('',(66.,35.1));
#4610 = ( GEOMETRIC_REPRESENTATION_CONTEXT(2)
PARAMETRIC_REPRESENTATION_CONTEXT() REPRESENTATION_CONTEXT('2D SPACE',''
  ) );
#4611 = ORIENTED_EDGE('',*,*,#4413,.F.);
#4612 = ORIENTED_EDGE('',*,*,#4547,.F.);
#4613 = ORIENTED_EDGE('',*,*,#4614,.T.);
#4614 = EDGE_CURVE('',#4548,#4592,#4615,.T.);
#4615 = SURFACE_CURVE('',#4616,(#4621,#4632),.PCURVE_S1.);
#4616 = CIRCLE('',#4617,2.7);
#4617 = AXIS2_PLACEMENT_3D('',#4618,#4619,#4620);
#4618 = CARTESIAN_POINT('',(2.326047326138E-14,-9.965291349159E-17,-14.)
  );
#4619 = DIRECTION('',(-0.,0.,-1.));
#4620 = DIRECTION('',(-0.648148148148,-0.76151426648,0.));
#4621 = PCURVE('',#4430,#4622);
#4622 = DEFINITIONAL_REPRESENTATION('',(#4623),#4631);
#4623 = ( BOUNDED_CURVE() B_SPLINE_CURVE(2,(#4624,#4625,#4626,#4627,
#4628,#4629,#4630),.UNSPECIFIED.,.T.,.F.) B_SPLINE_CURVE_WITH_KNOTS((1,2
    ,2,2,2,1),(-2.094395102393,0.,2.094395102393,4.188790204786,
6.28318530718,8.377580409573),.UNSPECIFIED.) CURVE()
GEOMETRIC_REPRESENTATION_ITEM() RATIONAL_B_SPLINE_CURVE((1.,0.5,1.,0.5,
1.,0.5,1.)) REPRESENTATION_ITEM('') );
#4624 = CARTESIAN_POINT('',(-1.75,-2.056088519495));
#4625 = CARTESIAN_POINT('',(-5.311249780625,0.97500039375));
#4626 = CARTESIAN_POINT('',(-0.905624890312,2.54358871637));
#4627 = CARTESIAN_POINT('',(3.5,4.11217703899));
#4628 = CARTESIAN_POINT('',(2.655624890312,-0.487500196875));
#4629 = CARTESIAN_POINT('',(1.811249780625,-5.087177432741));
#4630 = CARTESIAN_POINT('',(-1.75,-2.056088519495));
#4631 = ( GEOMETRIC_REPRESENTATION_CONTEXT(2)
PARAMETRIC_REPRESENTATION_CONTEXT() REPRESENTATION_CONTEXT('2D SPACE',''
  ) );
#4632 = PCURVE('',#4531,#4633);
#4633 = DEFINITIONAL_REPRESENTATION('',(#4634),#4638);
#4634 = LINE('',#4635,#4636);
#4635 = CARTESIAN_POINT('',(-10.29042417703,-0.6));
#4636 = VECTOR('',#4637,1.);
#4637 = DIRECTION('',(1.,-0.));
#4638 = ( GEOMETRIC_REPRESENTATION_CONTEXT(2)
PARAMETRIC_REPRESENTATION_CONTEXT() REPRESENTATION_CONTEXT('2D SPACE',''
  ) );
#4639 = ADVANCED_FACE('',(#4640),#4402,.F.);
#4640 = FACE_BOUND('',#4641,.F.);
#4641 = EDGE_LOOP('',(#4642,#4643,#4644,#4645));
#4642 = ORIENTED_EDGE('',*,*,#4591,.F.);
#4643 = ORIENTED_EDGE('',*,*,#4387,.T.);
#4644 = ORIENTED_EDGE('',*,*,#4473,.T.);
#4645 = ORIENTED_EDGE('',*,*,#4646,.F.);
#4646 = EDGE_CURVE('',#4592,#4474,#4647,.T.);
#4647 = SURFACE_CURVE('',#4648,(#4652,#4658),.PCURVE_S1.);
#4648 = LINE('',#4649,#4650);
#4649 = CARTESIAN_POINT('',(2.7,0.,-14.6));
#4650 = VECTOR('',#4651,1.);
#4651 = DIRECTION('',(-0.,-0.,-1.));
#4652 = PCURVE('',#4402,#4653);
#4653 = DEFINITIONAL_REPRESENTATION('',(#4654),#4657);
#4654 = B_SPLINE_CURVE_WITH_KNOTS('',1,(#4655,#4656),.UNSPECIFIED.,.F.,
  .F.,(2,2),(-0.6000006,5.999999999062E-07),.PIECEWISE_BEZIER_KNOTS.);
#4655 = CARTESIAN_POINT('',(66.0000006,42.7));
#4656 = CARTESIAN_POINT('',(65.3999994,42.7));
#4657 = ( GEOMETRIC_REPRESENTATION_CONTEXT(2)
PARAMETRIC_REPRESENTATION_CONTEXT() REPRESENTATION_CONTEXT('2D SPACE',''
  ) );
#4658 = PCURVE('',#4531,#4659);
#4659 = DEFINITIONAL_REPRESENTATION('',(#4660),#4663);
#4660 = B_SPLINE_CURVE_WITH_KNOTS('',1,(#4661,#4662),.UNSPECIFIED.,.F.,
  .F.,(2,2),(-0.6000006,5.999999999062E-07),.PIECEWISE_BEZIER_KNOTS.);
#4661 = CARTESIAN_POINT('',(-6.28318530718,-0.6000006));
#4662 = CARTESIAN_POINT('',(-6.28318530718,5.999999999062E-07));
#4663 = ( GEOMETRIC_REPRESENTATION_CONTEXT(2)
PARAMETRIC_REPRESENTATION_CONTEXT() REPRESENTATION_CONTEXT('2D SPACE',''
  ) );
#4664 = ADVANCED_FACE('',(#4665),#4531,.F.);
#4665 = FACE_BOUND('',#4666,.T.);
#4666 = EDGE_LOOP('',(#4667,#4668,#4669,#4670));
#4667 = ORIENTED_EDGE('',*,*,#4614,.F.);
#4668 = ORIENTED_EDGE('',*,*,#4568,.T.);
#4669 = ORIENTED_EDGE('',*,*,#4516,.F.);
#4670 = ORIENTED_EDGE('',*,*,#4646,.F.);
#4671 = ( GEOMETRIC_REPRESENTATION_CONTEXT(3)
GLOBAL_UNCERTAINTY_ASSIGNED_CONTEXT((#4675))
GLOBAL_UNIT_ASSIGNED_CONTEXT((#4672,#4673,#4674)) REPRESENTATION_CONTEXT
('Context #1','3D Context with UNIT and UNCERTAINTY') );
#4672 = ( LENGTH_UNIT() NAMED_UNIT(*) SI_UNIT(.MILLI.,.METRE.) );
#4673 = ( NAMED_UNIT(*) PLANE_ANGLE_UNIT() SI_UNIT($,.RADIAN.) );
#4674 = ( NAMED_UNIT(*) SI_UNIT($,.STERADIAN.) SOLID_ANGLE_UNIT() );
#4675 = UNCERTAINTY_MEASURE_WITH_UNIT(LENGTH_MEASURE(2.E-07),#4672,
  'distance_accuracy_value','confusion accuracy');
#4676 = CONTEXT_DEPENDENT_SHAPE_REPRESENTATION(#4677,#4679);
#4677 = ( REPRESENTATION_RELATIONSHIP('','',#4344,#10)
REPRESENTATION_RELATIONSHIP_WITH_TRANSFORMATION(#4678)
SHAPE_REPRESENTATION_RELATIONSHIP() );
#4678 = ITEM_DEFINED_TRANSFORMATION('','',#11,#31);
#4679 = PRODUCT_DEFINITION_SHAPE('Placement','Placement of an item',
  #4680);
#4680 = NEXT_ASSEMBLY_USAGE_OCCURRENCE('93',
  'upper_capture_clip_geometry_candidate','',#5,#4339,$);
#4681 = PRODUCT_RELATED_PRODUCT_CATEGORY('part',$,(#4341));
#4682 = SHAPE_DEFINITION_REPRESENTATION(#4683,#4689);
#4683 = PRODUCT_DEFINITION_SHAPE('','',#4684);
#4684 = PRODUCT_DEFINITION('design','',#4685,#4688);
#4685 = PRODUCT_DEFINITION_FORMATION('','',#4686);
#4686 = PRODUCT('PR1_custom_316L_cap','PR1_custom_316L_cap','',(#4687));
#4687 = PRODUCT_CONTEXT('',#2,'mechanical');
#4688 = PRODUCT_DEFINITION_CONTEXT('part definition',#2,'design');
#4689 = ADVANCED_BREP_SHAPE_REPRESENTATION('',(#11,#4690),#5012);
#4690 = MANIFOLD_SOLID_BREP('',#4691);
#4691 = CLOSED_SHELL('',(#4692,#4807,#4946,#4974,#4979,#5007));
#4692 = ADVANCED_FACE('',(#4693),#4707,.T.);
#4693 = FACE_BOUND('',#4694,.F.);
#4694 = EDGE_LOOP('',(#4695,#4730,#4759,#4780));
#4695 = ORIENTED_EDGE('',*,*,#4696,.T.);
#4696 = EDGE_CURVE('',#4697,#4699,#4701,.T.);
#4697 = VERTEX_POINT('',#4698);
#4698 = CARTESIAN_POINT('',(5.,0.,-1.4));
#4699 = VERTEX_POINT('',#4700);
#4700 = CARTESIAN_POINT('',(5.,0.,0.6));
#4701 = SURFACE_CURVE('',#4702,(#4706,#4718),.PCURVE_S1.);
#4702 = LINE('',#4703,#4704);
#4703 = CARTESIAN_POINT('',(5.,0.,-1.4));
#4704 = VECTOR('',#4705,1.);
#4705 = DIRECTION('',(0.,0.,1.));
#4706 = PCURVE('',#4707,#4712);
#4707 = CYLINDRICAL_SURFACE('',#4708,5.);
#4708 = AXIS2_PLACEMENT_3D('',#4709,#4710,#4711);
#4709 = CARTESIAN_POINT('',(0.,0.,0.45));
#4710 = DIRECTION('',(-0.,-0.,-1.));
#4711 = DIRECTION('',(1.,0.,0.));
#4712 = DEFINITIONAL_REPRESENTATION('',(#4713),#4717);
#4713 = LINE('',#4714,#4715);
#4714 = CARTESIAN_POINT('',(-0.,1.85));
#4715 = VECTOR('',#4716,1.);
#4716 = DIRECTION('',(-0.,-1.));
#4717 = ( GEOMETRIC_REPRESENTATION_CONTEXT(2)
PARAMETRIC_REPRESENTATION_CONTEXT() REPRESENTATION_CONTEXT('2D SPACE',''
  ) );
#4718 = PCURVE('',#4719,#4724);
#4719 = PLANE('',#4720);
#4720 = AXIS2_PLACEMENT_3D('',#4721,#4722,#4723);
#4721 = CARTESIAN_POINT('',(-40.,0.,-80.));
#4722 = DIRECTION('',(0.,1.,0.));
#4723 = DIRECTION('',(0.,0.,1.));
#4724 = DEFINITIONAL_REPRESENTATION('',(#4725),#4729);
#4725 = LINE('',#4726,#4727);
#4726 = CARTESIAN_POINT('',(78.6,45.));
#4727 = VECTOR('',#4728,1.);
#4728 = DIRECTION('',(1.,0.));
#4729 = ( GEOMETRIC_REPRESENTATION_CONTEXT(2)
PARAMETRIC_REPRESENTATION_CONTEXT() REPRESENTATION_CONTEXT('2D SPACE',''
  ) );
#4730 = ORIENTED_EDGE('',*,*,#4731,.T.);
#4731 = EDGE_CURVE('',#4699,#4732,#4734,.T.);
#4732 = VERTEX_POINT('',#4733);
#4733 = CARTESIAN_POINT('',(-5.,6.123233995737E-16,0.6));
#4734 = SURFACE_CURVE('',#4735,(#4740,#4747),.PCURVE_S1.);
#4735 = CIRCLE('',#4736,5.);
#4736 = AXIS2_PLACEMENT_3D('',#4737,#4738,#4739);
#4737 = CARTESIAN_POINT('',(0.,0.,0.6));
#4738 = DIRECTION('',(0.,0.,1.));
#4739 = DIRECTION('',(1.,0.,0.));
#4740 = PCURVE('',#4707,#4741);
#4741 = DEFINITIONAL_REPRESENTATION('',(#4742),#4746);
#4742 = LINE('',#4743,#4744);
#4743 = CARTESIAN_POINT('',(-0.,-0.15));
#4744 = VECTOR('',#4745,1.);
#4745 = DIRECTION('',(-1.,0.));
#4746 = ( GEOMETRIC_REPRESENTATION_CONTEXT(2)
PARAMETRIC_REPRESENTATION_CONTEXT() REPRESENTATION_CONTEXT('2D SPACE',''
  ) );
#4747 = PCURVE('',#4748,#4753);
#4748 = PLANE('',#4749);
#4749 = AXIS2_PLACEMENT_3D('',#4750,#4751,#4752);
#4750 = CARTESIAN_POINT('',(-2.734880265079E-16,3.428682531579E-16,0.6)
  );
#4751 = DIRECTION('',(0.,0.,1.));
#4752 = DIRECTION('',(1.,0.,-0.));
#4753 = DEFINITIONAL_REPRESENTATION('',(#4754),#4758);
#4754 = CIRCLE('',#4755,5.);
#4755 = AXIS2_PLACEMENT_2D('',#4756,#4757);
#4756 = CARTESIAN_POINT('',(2.734880265079E-16,-3.428682531579E-16));
#4757 = DIRECTION('',(1.,0.));
#4758 = ( GEOMETRIC_REPRESENTATION_CONTEXT(2)
PARAMETRIC_REPRESENTATION_CONTEXT() REPRESENTATION_CONTEXT('2D SPACE',''
  ) );
#4759 = ORIENTED_EDGE('',*,*,#4760,.T.);
#4760 = EDGE_CURVE('',#4732,#4761,#4763,.T.);
#4761 = VERTEX_POINT('',#4762);
#4762 = CARTESIAN_POINT('',(-5.,6.123233995737E-16,-1.4));
#4763 = SURFACE_CURVE('',#4764,(#4768,#4774),.PCURVE_S1.);
#4764 = LINE('',#4765,#4766);
#4765 = CARTESIAN_POINT('',(-5.,0.,0.45));
#4766 = VECTOR('',#4767,1.);
#4767 = DIRECTION('',(-0.,-0.,-1.));
#4768 = PCURVE('',#4707,#4769);
#4769 = DEFINITIONAL_REPRESENTATION('',(#4770),#4773);
#4770 = B_SPLINE_CURVE_WITH_KNOTS('',1,(#4771,#4772),.UNSPECIFIED.,.F.,
  .F.,(2,2),(-0.1500006,1.8500006),.PIECEWISE_BEZIER_KNOTS.);
#4771 = CARTESIAN_POINT('',(-3.14159265359,-0.1500006));
#4772 = CARTESIAN_POINT('',(-3.14159265359,1.8500006));
#4773 = ( GEOMETRIC_REPRESENTATION_CONTEXT(2)
PARAMETRIC_REPRESENTATION_CONTEXT() REPRESENTATION_CONTEXT('2D SPACE',''
  ) );
#4774 = PCURVE('',#4719,#4775);
#4775 = DEFINITIONAL_REPRESENTATION('',(#4776),#4779);
#4776 = B_SPLINE_CURVE_WITH_KNOTS('',1,(#4777,#4778),.UNSPECIFIED.,.F.,
  .F.,(2,2),(-0.1500006,1.8500006),.PIECEWISE_BEZIER_KNOTS.);
#4777 = CARTESIAN_POINT('',(80.6000006,35.));
#4778 = CARTESIAN_POINT('',(78.5999994,35.));
#4779 = ( GEOMETRIC_REPRESENTATION_CONTEXT(2)
PARAMETRIC_REPRESENTATION_CONTEXT() REPRESENTATION_CONTEXT('2D SPACE',''
  ) );
#4780 = ORIENTED_EDGE('',*,*,#4781,.F.);
#4781 = EDGE_CURVE('',#4697,#4761,#4782,.T.);
#4782 = SURFACE_CURVE('',#4783,(#4788,#4795),.PCURVE_S1.);
#4783 = CIRCLE('',#4784,5.);
#4784 = AXIS2_PLACEMENT_3D('',#4785,#4786,#4787);
#4785 = CARTESIAN_POINT('',(0.,0.,-1.4));
#4786 = DIRECTION('',(0.,0.,1.));
#4787 = DIRECTION('',(1.,0.,0.));
#4788 = PCURVE('',#4707,#4789);
#4789 = DEFINITIONAL_REPRESENTATION('',(#4790),#4794);
#4790 = LINE('',#4791,#4792);
#4791 = CARTESIAN_POINT('',(-0.,1.85));
#4792 = VECTOR('',#4793,1.);
#4793 = DIRECTION('',(-1.,0.));
#4794 = ( GEOMETRIC_REPRESENTATION_CONTEXT(2)
PARAMETRIC_REPRESENTATION_CONTEXT() REPRESENTATION_CONTEXT('2D SPACE',''
  ) );
#4795 = PCURVE('',#4796,#4801);
#4796 = PLANE('',#4797);
#4797 = AXIS2_PLACEMENT_3D('',#4798,#4799,#4800);
#4798 = CARTESIAN_POINT('',(-2.734880265079E-16,3.428682531579E-16,-1.4)
  );
#4799 = DIRECTION('',(0.,0.,1.));
#4800 = DIRECTION('',(1.,0.,-0.));
#4801 = DEFINITIONAL_REPRESENTATION('',(#4802),#4806);
#4802 = CIRCLE('',#4803,5.);
#4803 = AXIS2_PLACEMENT_2D('',#4804,#4805);
#4804 = CARTESIAN_POINT('',(2.734880265079E-16,-3.428682531579E-16));
#4805 = DIRECTION('',(1.,0.));
#4806 = ( GEOMETRIC_REPRESENTATION_CONTEXT(2)
PARAMETRIC_REPRESENTATION_CONTEXT() REPRESENTATION_CONTEXT('2D SPACE',''
  ) );
#4807 = ADVANCED_FACE('',(#4808),#4719,.F.);
#4808 = FACE_BOUND('',#4809,.F.);
#4809 = EDGE_LOOP('',(#4810,#4811,#4832,#4860,#4886,#4907,#4926,#4927));
#4810 = ORIENTED_EDGE('',*,*,#4696,.F.);
#4811 = ORIENTED_EDGE('',*,*,#4812,.T.);
#4812 = EDGE_CURVE('',#4697,#4813,#4815,.T.);
#4813 = VERTEX_POINT('',#4814);
#4814 = CARTESIAN_POINT('',(4.6,8.629143409729E-17,-1.4));
#4815 = SURFACE_CURVE('',#4816,(#4820,#4826),.PCURVE_S1.);
#4816 = LINE('',#4817,#4818);
#4817 = CARTESIAN_POINT('',(-20.,0.,-1.4));
#4818 = VECTOR('',#4819,1.);
#4819 = DIRECTION('',(-1.,0.,0.));
#4820 = PCURVE('',#4719,#4821);
#4821 = DEFINITIONAL_REPRESENTATION('',(#4822),#4825);
#4822 = B_SPLINE_CURVE_WITH_KNOTS('',1,(#4823,#4824),.UNSPECIFIED.,.F.,
  .F.,(2,2),(-25.,-15.),.PIECEWISE_BEZIER_KNOTS.);
#4823 = CARTESIAN_POINT('',(78.6,45.));
#4824 = CARTESIAN_POINT('',(78.6,35.));
#4825 = ( GEOMETRIC_REPRESENTATION_CONTEXT(2)
PARAMETRIC_REPRESENTATION_CONTEXT() REPRESENTATION_CONTEXT('2D SPACE',''
  ) );
#4826 = PCURVE('',#4796,#4827);
#4827 = DEFINITIONAL_REPRESENTATION('',(#4828),#4831);
#4828 = B_SPLINE_CURVE_WITH_KNOTS('',1,(#4829,#4830),.UNSPECIFIED.,.F.,
  .F.,(2,2),(-25.,-15.),.PIECEWISE_BEZIER_KNOTS.);
#4829 = CARTESIAN_POINT('',(5.,-3.428682531579E-16));
#4830 = CARTESIAN_POINT('',(-5.,-3.428682531579E-16));
#4831 = ( GEOMETRIC_REPRESENTATION_CONTEXT(2)
PARAMETRIC_REPRESENTATION_CONTEXT() REPRESENTATION_CONTEXT('2D SPACE',''
  ) );
#4832 = ORIENTED_EDGE('',*,*,#4833,.T.);
#4833 = EDGE_CURVE('',#4813,#4834,#4836,.T.);
#4834 = VERTEX_POINT('',#4835);
#4835 = CARTESIAN_POINT('',(4.6,8.629143409729E-17,0.45));
#4836 = SURFACE_CURVE('',#4837,(#4841,#4848),.PCURVE_S1.);
#4837 = LINE('',#4838,#4839);
#4838 = CARTESIAN_POINT('',(4.6,8.629143409729E-17,-1.4));
#4839 = VECTOR('',#4840,1.);
#4840 = DIRECTION('',(0.,0.,1.));
#4841 = PCURVE('',#4719,#4842);
#4842 = DEFINITIONAL_REPRESENTATION('',(#4843),#4847);
#4843 = LINE('',#4844,#4845);
#4844 = CARTESIAN_POINT('',(78.6,44.6));
#4845 = VECTOR('',#4846,1.);
#4846 = DIRECTION('',(1.,0.));
#4847 = ( GEOMETRIC_REPRESENTATION_CONTEXT(2)
PARAMETRIC_REPRESENTATION_CONTEXT() REPRESENTATION_CONTEXT('2D SPACE',''
  ) );
#4848 = PCURVE('',#4849,#4854);
#4849 = CYLINDRICAL_SURFACE('',#4850,4.6);
#4850 = AXIS2_PLACEMENT_3D('',#4851,#4852,#4853);
#4851 = CARTESIAN_POINT('',(2.389158321635E-14,8.629143409729E-17,-1.4)
  );
#4852 = DIRECTION('',(-0.,-0.,-1.));
#4853 = DIRECTION('',(1.,0.,0.));
#4854 = DEFINITIONAL_REPRESENTATION('',(#4855),#4859);
#4855 = LINE('',#4856,#4857);
#4856 = CARTESIAN_POINT('',(-0.,0.));
#4857 = VECTOR('',#4858,1.);
#4858 = DIRECTION('',(-0.,-1.));
#4859 = ( GEOMETRIC_REPRESENTATION_CONTEXT(2)
PARAMETRIC_REPRESENTATION_CONTEXT() REPRESENTATION_CONTEXT('2D SPACE',''
  ) );
#4860 = ORIENTED_EDGE('',*,*,#4861,.T.);
#4861 = EDGE_CURVE('',#4834,#4862,#4864,.T.);
#4862 = VERTEX_POINT('',#4863);
#4863 = CARTESIAN_POINT('',(-4.6,6.496289617051E-16,0.45));
#4864 = SURFACE_CURVE('',#4865,(#4869,#4875),.PCURVE_S1.);
#4865 = LINE('',#4866,#4867);
#4866 = CARTESIAN_POINT('',(-20.,0.,0.45));
#4867 = VECTOR('',#4868,1.);
#4868 = DIRECTION('',(-1.,0.,0.));
#4869 = PCURVE('',#4719,#4870);
#4870 = DEFINITIONAL_REPRESENTATION('',(#4871),#4874);
#4871 = B_SPLINE_CURVE_WITH_KNOTS('',1,(#4872,#4873),.UNSPECIFIED.,.F.,
  .F.,(2,2),(-24.6,-15.4),.PIECEWISE_BEZIER_KNOTS.);
#4872 = CARTESIAN_POINT('',(80.45,44.6));
#4873 = CARTESIAN_POINT('',(80.45,35.4));
#4874 = ( GEOMETRIC_REPRESENTATION_CONTEXT(2)
PARAMETRIC_REPRESENTATION_CONTEXT() REPRESENTATION_CONTEXT('2D SPACE',''
  ) );
#4875 = PCURVE('',#4876,#4881);
#4876 = PLANE('',#4877);
#4877 = AXIS2_PLACEMENT_3D('',#4878,#4879,#4880);
#4878 = CARTESIAN_POINT('',(-2.734880265079E-16,3.428682531579E-16,0.45)
  );
#4879 = DIRECTION('',(0.,0.,1.));
#4880 = DIRECTION('',(1.,0.,-0.));
#4881 = DEFINITIONAL_REPRESENTATION('',(#4882),#4885);
#4882 = B_SPLINE_CURVE_WITH_KNOTS('',1,(#4883,#4884),.UNSPECIFIED.,.F.,
  .F.,(2,2),(-24.6,-15.4),.PIECEWISE_BEZIER_KNOTS.);
#4883 = CARTESIAN_POINT('',(4.6,-3.428682531579E-16));
#4884 = CARTESIAN_POINT('',(-4.6,-3.428682531579E-16));
#4885 = ( GEOMETRIC_REPRESENTATION_CONTEXT(2)
PARAMETRIC_REPRESENTATION_CONTEXT() REPRESENTATION_CONTEXT('2D SPACE',''
  ) );
#4886 = ORIENTED_EDGE('',*,*,#4887,.T.);
#4887 = EDGE_CURVE('',#4862,#4888,#4890,.T.);
#4888 = VERTEX_POINT('',#4889);
#4889 = CARTESIAN_POINT('',(-4.6,6.496289617051E-16,-1.4));
#4890 = SURFACE_CURVE('',#4891,(#4895,#4901),.PCURVE_S1.);
#4891 = LINE('',#4892,#4893);
#4892 = CARTESIAN_POINT('',(-4.6,0.,-1.4));
#4893 = VECTOR('',#4894,1.);
#4894 = DIRECTION('',(-0.,-0.,-1.));
#4895 = PCURVE('',#4719,#4896);
#4896 = DEFINITIONAL_REPRESENTATION('',(#4897),#4900);
#4897 = B_SPLINE_CURVE_WITH_KNOTS('',1,(#4898,#4899),.UNSPECIFIED.,.F.,
  .F.,(2,2),(-1.8500006,5.999999999062E-07),.PIECEWISE_BEZIER_KNOTS.);
#4898 = CARTESIAN_POINT('',(80.4500006,35.4));
#4899 = CARTESIAN_POINT('',(78.5999994,35.4));
#4900 = ( GEOMETRIC_REPRESENTATION_CONTEXT(2)
PARAMETRIC_REPRESENTATION_CONTEXT() REPRESENTATION_CONTEXT('2D SPACE',''
  ) );
#4901 = PCURVE('',#4849,#4902);
#4902 = DEFINITIONAL_REPRESENTATION('',(#4903),#4906);
#4903 = B_SPLINE_CURVE_WITH_KNOTS('',1,(#4904,#4905),.UNSPECIFIED.,.F.,
  .F.,(2,2),(-1.8500006,5.999999999062E-07),.PIECEWISE_BEZIER_KNOTS.);
#4904 = CARTESIAN_POINT('',(-3.14159265359,-1.8500006));
#4905 = CARTESIAN_POINT('',(-3.14159265359,5.999999999062E-07));
#4906 = ( GEOMETRIC_REPRESENTATION_CONTEXT(2)
PARAMETRIC_REPRESENTATION_CONTEXT() REPRESENTATION_CONTEXT('2D SPACE',''
  ) );
#4907 = ORIENTED_EDGE('',*,*,#4908,.T.);
#4908 = EDGE_CURVE('',#4888,#4761,#4909,.T.);
#4909 = SURFACE_CURVE('',#4910,(#4914,#4920),.PCURVE_S1.);
#4910 = LINE('',#4911,#4912);
#4911 = CARTESIAN_POINT('',(-20.,0.,-1.4));
#4912 = VECTOR('',#4913,1.);
#4913 = DIRECTION('',(-1.,0.,0.));
#4914 = PCURVE('',#4719,#4915);
#4915 = DEFINITIONAL_REPRESENTATION('',(#4916),#4919);
#4916 = B_SPLINE_CURVE_WITH_KNOTS('',1,(#4917,#4918),.UNSPECIFIED.,.F.,
  .F.,(2,2),(-25.,-15.),.PIECEWISE_BEZIER_KNOTS.);
#4917 = CARTESIAN_POINT('',(78.6,45.));
#4918 = CARTESIAN_POINT('',(78.6,35.));
#4919 = ( GEOMETRIC_REPRESENTATION_CONTEXT(2)
PARAMETRIC_REPRESENTATION_CONTEXT() REPRESENTATION_CONTEXT('2D SPACE',''
  ) );
#4920 = PCURVE('',#4796,#4921);
#4921 = DEFINITIONAL_REPRESENTATION('',(#4922),#4925);
#4922 = B_SPLINE_CURVE_WITH_KNOTS('',1,(#4923,#4924),.UNSPECIFIED.,.F.,
  .F.,(2,2),(-25.,-15.),.PIECEWISE_BEZIER_KNOTS.);
#4923 = CARTESIAN_POINT('',(5.,-3.428682531579E-16));
#4924 = CARTESIAN_POINT('',(-5.,-3.428682531579E-16));
#4925 = ( GEOMETRIC_REPRESENTATION_CONTEXT(2)
PARAMETRIC_REPRESENTATION_CONTEXT() REPRESENTATION_CONTEXT('2D SPACE',''
  ) );
#4926 = ORIENTED_EDGE('',*,*,#4760,.F.);
#4927 = ORIENTED_EDGE('',*,*,#4928,.F.);
#4928 = EDGE_CURVE('',#4699,#4732,#4929,.T.);
#4929 = SURFACE_CURVE('',#4930,(#4934,#4940),.PCURVE_S1.);
#4930 = LINE('',#4931,#4932);
#4931 = CARTESIAN_POINT('',(-20.,0.,0.6));
#4932 = VECTOR('',#4933,1.);
#4933 = DIRECTION('',(-1.,0.,0.));
#4934 = PCURVE('',#4719,#4935);
#4935 = DEFINITIONAL_REPRESENTATION('',(#4936),#4939);
#4936 = B_SPLINE_CURVE_WITH_KNOTS('',1,(#4937,#4938),.UNSPECIFIED.,.F.,
  .F.,(2,2),(-25.,-15.),.PIECEWISE_BEZIER_KNOTS.);
#4937 = CARTESIAN_POINT('',(80.6,45.));
#4938 = CARTESIAN_POINT('',(80.6,35.));
#4939 = ( GEOMETRIC_REPRESENTATION_CONTEXT(2)
PARAMETRIC_REPRESENTATION_CONTEXT() REPRESENTATION_CONTEXT('2D SPACE',''
  ) );
#4940 = PCURVE('',#4748,#4941);
#4941 = DEFINITIONAL_REPRESENTATION('',(#4942),#4945);
#4942 = B_SPLINE_CURVE_WITH_KNOTS('',1,(#4943,#4944),.UNSPECIFIED.,.F.,
  .F.,(2,2),(-25.,-15.),.PIECEWISE_BEZIER_KNOTS.);
#4943 = CARTESIAN_POINT('',(5.,-3.428682531579E-16));
#4944 = CARTESIAN_POINT('',(-5.,-3.428682531579E-16));
#4945 = ( GEOMETRIC_REPRESENTATION_CONTEXT(2)
PARAMETRIC_REPRESENTATION_CONTEXT() REPRESENTATION_CONTEXT('2D SPACE',''
  ) );
#4946 = ADVANCED_FACE('',(#4947),#4796,.F.);
#4947 = FACE_BOUND('',#4948,.F.);
#4948 = EDGE_LOOP('',(#4949,#4950,#4951,#4952));
#4949 = ORIENTED_EDGE('',*,*,#4812,.F.);
#4950 = ORIENTED_EDGE('',*,*,#4781,.T.);
#4951 = ORIENTED_EDGE('',*,*,#4908,.F.);
#4952 = ORIENTED_EDGE('',*,*,#4953,.F.);
#4953 = EDGE_CURVE('',#4813,#4888,#4954,.T.);
#4954 = SURFACE_CURVE('',#4955,(#4960,#4967),.PCURVE_S1.);
#4955 = CIRCLE('',#4956,4.6);
#4956 = AXIS2_PLACEMENT_3D('',#4957,#4958,#4959);
#4957 = CARTESIAN_POINT('',(2.389158321635E-14,8.629143409729E-17,-1.4)
  );
#4958 = DIRECTION('',(0.,0.,1.));
#4959 = DIRECTION('',(1.,0.,0.));
#4960 = PCURVE('',#4796,#4961);
#4961 = DEFINITIONAL_REPRESENTATION('',(#4962),#4966);
#4962 = CIRCLE('',#4963,4.6);
#4963 = AXIS2_PLACEMENT_2D('',#4964,#4965);
#4964 = CARTESIAN_POINT('',(2.416507124286E-14,-2.565768190606E-16));
#4965 = DIRECTION('',(1.,0.));
#4966 = ( GEOMETRIC_REPRESENTATION_CONTEXT(2)
PARAMETRIC_REPRESENTATION_CONTEXT() REPRESENTATION_CONTEXT('2D SPACE',''
  ) );
#4967 = PCURVE('',#4849,#4968);
#4968 = DEFINITIONAL_REPRESENTATION('',(#4969),#4973);
#4969 = LINE('',#4970,#4971);
#4970 = CARTESIAN_POINT('',(-0.,0.));
#4971 = VECTOR('',#4972,1.);
#4972 = DIRECTION('',(-1.,0.));
#4973 = ( GEOMETRIC_REPRESENTATION_CONTEXT(2)
PARAMETRIC_REPRESENTATION_CONTEXT() REPRESENTATION_CONTEXT('2D SPACE',''
  ) );
#4974 = ADVANCED_FACE('',(#4975),#4748,.T.);
#4975 = FACE_BOUND('',#4976,.T.);
#4976 = EDGE_LOOP('',(#4977,#4978));
#4977 = ORIENTED_EDGE('',*,*,#4928,.F.);
#4978 = ORIENTED_EDGE('',*,*,#4731,.T.);
#4979 = ADVANCED_FACE('',(#4980),#4849,.F.);
#4980 = FACE_BOUND('',#4981,.T.);
#4981 = EDGE_LOOP('',(#4982,#4983,#4984,#5006));
#4982 = ORIENTED_EDGE('',*,*,#4953,.F.);
#4983 = ORIENTED_EDGE('',*,*,#4833,.T.);
#4984 = ORIENTED_EDGE('',*,*,#4985,.T.);
#4985 = EDGE_CURVE('',#4834,#4862,#4986,.T.);
#4986 = SURFACE_CURVE('',#4987,(#4992,#4999),.PCURVE_S1.);
#4987 = CIRCLE('',#4988,4.6);
#4988 = AXIS2_PLACEMENT_3D('',#4989,#4990,#4991);
#4989 = CARTESIAN_POINT('',(2.389158321635E-14,8.629143409729E-17,0.45)
  );
#4990 = DIRECTION('',(0.,0.,1.));
#4991 = DIRECTION('',(1.,0.,0.));
#4992 = PCURVE('',#4849,#4993);
#4993 = DEFINITIONAL_REPRESENTATION('',(#4994),#4998);
#4994 = LINE('',#4995,#4996);
#4995 = CARTESIAN_POINT('',(-0.,-1.85));
#4996 = VECTOR('',#4997,1.);
#4997 = DIRECTION('',(-1.,0.));
#4998 = ( GEOMETRIC_REPRESENTATION_CONTEXT(2)
PARAMETRIC_REPRESENTATION_CONTEXT() REPRESENTATION_CONTEXT('2D SPACE',''
  ) );
#4999 = PCURVE('',#4876,#5000);
#5000 = DEFINITIONAL_REPRESENTATION('',(#5001),#5005);
#5001 = CIRCLE('',#5002,4.6);
#5002 = AXIS2_PLACEMENT_2D('',#5003,#5004);
#5003 = CARTESIAN_POINT('',(2.416507124286E-14,-2.565768190606E-16));
#5004 = DIRECTION('',(1.,0.));
#5005 = ( GEOMETRIC_REPRESENTATION_CONTEXT(2)
PARAMETRIC_REPRESENTATION_CONTEXT() REPRESENTATION_CONTEXT('2D SPACE',''
  ) );
#5006 = ORIENTED_EDGE('',*,*,#4887,.T.);
#5007 = ADVANCED_FACE('',(#5008),#4876,.F.);
#5008 = FACE_BOUND('',#5009,.F.);
#5009 = EDGE_LOOP('',(#5010,#5011));
#5010 = ORIENTED_EDGE('',*,*,#4861,.F.);
#5011 = ORIENTED_EDGE('',*,*,#4985,.T.);
#5012 = ( GEOMETRIC_REPRESENTATION_CONTEXT(3)
GLOBAL_UNCERTAINTY_ASSIGNED_CONTEXT((#5016))
GLOBAL_UNIT_ASSIGNED_CONTEXT((#5013,#5014,#5015)) REPRESENTATION_CONTEXT
('Context #1','3D Context with UNIT and UNCERTAINTY') );
#5013 = ( LENGTH_UNIT() NAMED_UNIT(*) SI_UNIT(.MILLI.,.METRE.) );
#5014 = ( NAMED_UNIT(*) PLANE_ANGLE_UNIT() SI_UNIT($,.RADIAN.) );
#5015 = ( NAMED_UNIT(*) SI_UNIT($,.STERADIAN.) SOLID_ANGLE_UNIT() );
#5016 = UNCERTAINTY_MEASURE_WITH_UNIT(LENGTH_MEASURE(2.E-07),#5013,
  'distance_accuracy_value','confusion accuracy');
#5017 = CONTEXT_DEPENDENT_SHAPE_REPRESENTATION(#5018,#5020);
#5018 = ( REPRESENTATION_RELATIONSHIP('','',#4689,#10)
REPRESENTATION_RELATIONSHIP_WITH_TRANSFORMATION(#5019)
SHAPE_REPRESENTATION_RELATIONSHIP() );
#5019 = ITEM_DEFINED_TRANSFORMATION('','',#11,#35);
#5020 = PRODUCT_DEFINITION_SHAPE('Placement','Placement of an item',
  #5021);
#5021 = NEXT_ASSEMBLY_USAGE_OCCURRENCE('94','PR1_custom_316L_cap','',#5,
  #4684,$);
#5022 = PRODUCT_RELATED_PRODUCT_CATEGORY('part',$,(#4686));
#5023 = SHAPE_DEFINITION_REPRESENTATION(#5024,#5030);
#5024 = PRODUCT_DEFINITION_SHAPE('','',#5025);
#5025 = PRODUCT_DEFINITION('design','',#5026,#5029);
#5026 = PRODUCT_DEFINITION_FORMATION('','',#5027);
#5027 = PRODUCT('PR1_Resbond908_bond_process_candidate',
  'PR1_Resbond908_bond_process_candidate','',(#5028));
#5028 = PRODUCT_CONTEXT('',#2,'mechanical');
#5029 = PRODUCT_DEFINITION_CONTEXT('part definition',#2,'design');
#5030 = ADVANCED_BREP_SHAPE_REPRESENTATION('',(#11,#5031),#5353);
#5031 = MANIFOLD_SOLID_BREP('',#5032);
#5032 = CLOSED_SHELL('',(#5033,#5151,#5225,#5274,#5321,#5346));
#5033 = ADVANCED_FACE('',(#5034),#5048,.F.);
#5034 = FACE_BOUND('',#5035,.F.);
#5035 = EDGE_LOOP('',(#5036,#5071,#5097,#5125));
#5036 = ORIENTED_EDGE('',*,*,#5037,.F.);
#5037 = EDGE_CURVE('',#5038,#5040,#5042,.T.);
#5038 = VERTEX_POINT('',#5039);
#5039 = CARTESIAN_POINT('',(-1.35,0.,0.45));
#5040 = VERTEX_POINT('',#5041);
#5041 = CARTESIAN_POINT('',(-1.35,1.25,0.45));
#5042 = SURFACE_CURVE('',#5043,(#5047,#5059),.PCURVE_S1.);
#5043 = LINE('',#5044,#5045);
#5044 = CARTESIAN_POINT('',(-1.35,-1.25,0.45));
#5045 = VECTOR('',#5046,1.);
#5046 = DIRECTION('',(0.,1.,0.));
#5047 = PCURVE('',#5048,#5053);
#5048 = PLANE('',#5049);
#5049 = AXIS2_PLACEMENT_3D('',#5050,#5051,#5052);
#5050 = CARTESIAN_POINT('',(-1.35,-1.25,0.35));
#5051 = DIRECTION('',(1.,0.,0.));
#5052 = DIRECTION('',(0.,0.,1.));
#5053 = DEFINITIONAL_REPRESENTATION('',(#5054),#5058);
#5054 = LINE('',#5055,#5056);
#5055 = CARTESIAN_POINT('',(1.E-01,0.));
#5056 = VECTOR('',#5057,1.);
#5057 = DIRECTION('',(0.,-1.));
#5058 = ( GEOMETRIC_REPRESENTATION_CONTEXT(2)
PARAMETRIC_REPRESENTATION_CONTEXT() REPRESENTATION_CONTEXT('2D SPACE',''
  ) );
#5059 = PCURVE('',#5060,#5065);
#5060 = PLANE('',#5061);
#5061 = AXIS2_PLACEMENT_3D('',#5062,#5063,#5064);
#5062 = CARTESIAN_POINT('',(-1.35,-1.25,0.45));
#5063 = DIRECTION('',(0.,0.,1.));
#5064 = DIRECTION('',(1.,0.,0.));
#5065 = DEFINITIONAL_REPRESENTATION('',(#5066),#5070);
#5066 = LINE('',#5067,#5068);
#5067 = CARTESIAN_POINT('',(0.,0.));
#5068 = VECTOR('',#5069,1.);
#5069 = DIRECTION('',(0.,1.));
#5070 = ( GEOMETRIC_REPRESENTATION_CONTEXT(2)
PARAMETRIC_REPRESENTATION_CONTEXT() REPRESENTATION_CONTEXT('2D SPACE',''
  ) );
#5071 = ORIENTED_EDGE('',*,*,#5072,.F.);
#5072 = EDGE_CURVE('',#5073,#5038,#5075,.T.);
#5073 = VERTEX_POINT('',#5074);
#5074 = CARTESIAN_POINT('',(-1.35,0.,0.35));
#5075 = SURFACE_CURVE('',#5076,(#5080,#5086),.PCURVE_S1.);
#5076 = LINE('',#5077,#5078);
#5077 = CARTESIAN_POINT('',(-1.35,0.,-39.825));
#5078 = VECTOR('',#5079,1.);
#5079 = DIRECTION('',(0.,0.,1.));
#5080 = PCURVE('',#5048,#5081);
#5081 = DEFINITIONAL_REPRESENTATION('',(#5082),#5085);
#5082 = B_SPLINE_CURVE_WITH_KNOTS('',1,(#5083,#5084),.UNSPECIFIED.,.F.,
  .F.,(2,2),(40.175,40.275),.PIECEWISE_BEZIER_KNOTS.);
#5083 = CARTESIAN_POINT('',(0.,-1.25));
#5084 = CARTESIAN_POINT('',(0.1,-1.25));
#5085 = ( GEOMETRIC_REPRESENTATION_CONTEXT(2)
PARAMETRIC_REPRESENTATION_CONTEXT() REPRESENTATION_CONTEXT('2D SPACE',''
  ) );
#5086 = PCURVE('',#5087,#5092);
#5087 = PLANE('',#5088);
#5088 = AXIS2_PLACEMENT_3D('',#5089,#5090,#5091);
#5089 = CARTESIAN_POINT('',(-40.,0.,-80.));
#5090 = DIRECTION('',(0.,1.,0.));
#5091 = DIRECTION('',(0.,0.,1.));
#5092 = DEFINITIONAL_REPRESENTATION('',(#5093),#5096);
#5093 = B_SPLINE_CURVE_WITH_KNOTS('',1,(#5094,#5095),.UNSPECIFIED.,.F.,
  .F.,(2,2),(40.175,40.275),.PIECEWISE_BEZIER_KNOTS.);
#5094 = CARTESIAN_POINT('',(80.35,38.65));
#5095 = CARTESIAN_POINT('',(80.45,38.65));
#5096 = ( GEOMETRIC_REPRESENTATION_CONTEXT(2)
PARAMETRIC_REPRESENTATION_CONTEXT() REPRESENTATION_CONTEXT('2D SPACE',''
  ) );
#5097 = ORIENTED_EDGE('',*,*,#5098,.T.);
#5098 = EDGE_CURVE('',#5073,#5099,#5101,.T.);
#5099 = VERTEX_POINT('',#5100);
#5100 = CARTESIAN_POINT('',(-1.35,1.25,0.35));
#5101 = SURFACE_CURVE('',#5102,(#5106,#5113),.PCURVE_S1.);
#5102 = LINE('',#5103,#5104);
#5103 = CARTESIAN_POINT('',(-1.35,-1.25,0.35));
#5104 = VECTOR('',#5105,1.);
#5105 = DIRECTION('',(0.,1.,0.));
#5106 = PCURVE('',#5048,#5107);
#5107 = DEFINITIONAL_REPRESENTATION('',(#5108),#5112);
#5108 = LINE('',#5109,#5110);
#5109 = CARTESIAN_POINT('',(0.,0.));
#5110 = VECTOR('',#5111,1.);
#5111 = DIRECTION('',(0.,-1.));
#5112 = ( GEOMETRIC_REPRESENTATION_CONTEXT(2)
PARAMETRIC_REPRESENTATION_CONTEXT() REPRESENTATION_CONTEXT('2D SPACE',''
  ) );
#5113 = PCURVE('',#5114,#5119);
#5114 = PLANE('',#5115);
#5115 = AXIS2_PLACEMENT_3D('',#5116,#5117,#5118);
#5116 = CARTESIAN_POINT('',(-1.35,-1.25,0.35));
#5117 = DIRECTION('',(0.,0.,1.));
#5118 = DIRECTION('',(1.,0.,0.));
#5119 = DEFINITIONAL_REPRESENTATION('',(#5120),#5124);
#5120 = LINE('',#5121,#5122);
#5121 = CARTESIAN_POINT('',(0.,0.));
#5122 = VECTOR('',#5123,1.);
#5123 = DIRECTION('',(0.,1.));
#5124 = ( GEOMETRIC_REPRESENTATION_CONTEXT(2)
PARAMETRIC_REPRESENTATION_CONTEXT() REPRESENTATION_CONTEXT('2D SPACE',''
  ) );
#5125 = ORIENTED_EDGE('',*,*,#5126,.T.);
#5126 = EDGE_CURVE('',#5099,#5040,#5127,.T.);
#5127 = SURFACE_CURVE('',#5128,(#5132,#5139),.PCURVE_S1.);
#5128 = LINE('',#5129,#5130);
#5129 = CARTESIAN_POINT('',(-1.35,1.25,0.35));
#5130 = VECTOR('',#5131,1.);
#5131 = DIRECTION('',(0.,0.,1.));
#5132 = PCURVE('',#5048,#5133);
#5133 = DEFINITIONAL_REPRESENTATION('',(#5134),#5138);
#5134 = LINE('',#5135,#5136);
#5135 = CARTESIAN_POINT('',(0.,-2.5));
#5136 = VECTOR('',#5137,1.);
#5137 = DIRECTION('',(1.,0.));
#5138 = ( GEOMETRIC_REPRESENTATION_CONTEXT(2)
PARAMETRIC_REPRESENTATION_CONTEXT() REPRESENTATION_CONTEXT('2D SPACE',''
  ) );
#5139 = PCURVE('',#5140,#5145);
#5140 = PLANE('',#5141);
#5141 = AXIS2_PLACEMENT_3D('',#5142,#5143,#5144);
#5142 = CARTESIAN_POINT('',(-1.35,1.25,0.35));
#5143 = DIRECTION('',(0.,1.,0.));
#5144 = DIRECTION('',(0.,0.,1.));
#5145 = DEFINITIONAL_REPRESENTATION('',(#5146),#5150);
#5146 = LINE('',#5147,#5148);
#5147 = CARTESIAN_POINT('',(0.,0.));
#5148 = VECTOR('',#5149,1.);
#5149 = DIRECTION('',(1.,0.));
#5150 = ( GEOMETRIC_REPRESENTATION_CONTEXT(2)
PARAMETRIC_REPRESENTATION_CONTEXT() REPRESENTATION_CONTEXT('2D SPACE',''
  ) );
#5151 = ADVANCED_FACE('',(#5152),#5060,.T.);
#5152 = FACE_BOUND('',#5153,.T.);
#5153 = EDGE_LOOP('',(#5154,#5155,#5176,#5204));
#5154 = ORIENTED_EDGE('',*,*,#5037,.F.);
#5155 = ORIENTED_EDGE('',*,*,#5156,.F.);
#5156 = EDGE_CURVE('',#5157,#5038,#5159,.T.);
#5157 = VERTEX_POINT('',#5158);
#5158 = CARTESIAN_POINT('',(1.35,0.,0.45));
#5159 = SURFACE_CURVE('',#5160,(#5164,#5170),.PCURVE_S1.);
#5160 = LINE('',#5161,#5162);
#5161 = CARTESIAN_POINT('',(-20.675,0.,0.45));
#5162 = VECTOR('',#5163,1.);
#5163 = DIRECTION('',(-1.,0.,0.));
#5164 = PCURVE('',#5060,#5165);
#5165 = DEFINITIONAL_REPRESENTATION('',(#5166),#5169);
#5166 = B_SPLINE_CURVE_WITH_KNOTS('',1,(#5167,#5168),.UNSPECIFIED.,.F.,
  .F.,(2,2),(-22.025,-19.325),.PIECEWISE_BEZIER_KNOTS.);
#5167 = CARTESIAN_POINT('',(2.7,1.25));
#5168 = CARTESIAN_POINT('',(0.,1.25));
#5169 = ( GEOMETRIC_REPRESENTATION_CONTEXT(2)
PARAMETRIC_REPRESENTATION_CONTEXT() REPRESENTATION_CONTEXT('2D SPACE',''
  ) );
#5170 = PCURVE('',#5087,#5171);
#5171 = DEFINITIONAL_REPRESENTATION('',(#5172),#5175);
#5172 = B_SPLINE_CURVE_WITH_KNOTS('',1,(#5173,#5174),.UNSPECIFIED.,.F.,
  .F.,(2,2),(-22.025,-19.325),.PIECEWISE_BEZIER_KNOTS.);
#5173 = CARTESIAN_POINT('',(80.45,41.35));
#5174 = CARTESIAN_POINT('',(80.45,38.65));
#5175 = ( GEOMETRIC_REPRESENTATION_CONTEXT(2)
PARAMETRIC_REPRESENTATION_CONTEXT() REPRESENTATION_CONTEXT('2D SPACE',''
  ) );
#5176 = ORIENTED_EDGE('',*,*,#5177,.T.);
#5177 = EDGE_CURVE('',#5157,#5178,#5180,.T.);
#5178 = VERTEX_POINT('',#5179);
#5179 = CARTESIAN_POINT('',(1.35,1.25,0.45));
#5180 = SURFACE_CURVE('',#5181,(#5185,#5192),.PCURVE_S1.);
#5181 = LINE('',#5182,#5183);
#5182 = CARTESIAN_POINT('',(1.35,-1.25,0.45));
#5183 = VECTOR('',#5184,1.);
#5184 = DIRECTION('',(0.,1.,0.));
#5185 = PCURVE('',#5060,#5186);
#5186 = DEFINITIONAL_REPRESENTATION('',(#5187),#5191);
#5187 = LINE('',#5188,#5189);
#5188 = CARTESIAN_POINT('',(2.7,0.));
#5189 = VECTOR('',#5190,1.);
#5190 = DIRECTION('',(0.,1.));
#5191 = ( GEOMETRIC_REPRESENTATION_CONTEXT(2)
PARAMETRIC_REPRESENTATION_CONTEXT() REPRESENTATION_CONTEXT('2D SPACE',''
  ) );
#5192 = PCURVE('',#5193,#5198);
#5193 = PLANE('',#5194);
#5194 = AXIS2_PLACEMENT_3D('',#5195,#5196,#5197);
#5195 = CARTESIAN_POINT('',(1.35,-1.25,0.35));
#5196 = DIRECTION('',(1.,0.,0.));
#5197 = DIRECTION('',(0.,0.,1.));
#5198 = DEFINITIONAL_REPRESENTATION('',(#5199),#5203);
#5199 = LINE('',#5200,#5201);
#5200 = CARTESIAN_POINT('',(1.E-01,0.));
#5201 = VECTOR('',#5202,1.);
#5202 = DIRECTION('',(0.,-1.));
#5203 = ( GEOMETRIC_REPRESENTATION_CONTEXT(2)
PARAMETRIC_REPRESENTATION_CONTEXT() REPRESENTATION_CONTEXT('2D SPACE',''
  ) );
#5204 = ORIENTED_EDGE('',*,*,#5205,.F.);
#5205 = EDGE_CURVE('',#5040,#5178,#5206,.T.);
#5206 = SURFACE_CURVE('',#5207,(#5211,#5218),.PCURVE_S1.);
#5207 = LINE('',#5208,#5209);
#5208 = CARTESIAN_POINT('',(-1.35,1.25,0.45));
#5209 = VECTOR('',#5210,1.);
#5210 = DIRECTION('',(1.,0.,0.));
#5211 = PCURVE('',#5060,#5212);
#5212 = DEFINITIONAL_REPRESENTATION('',(#5213),#5217);
#5213 = LINE('',#5214,#5215);
#5214 = CARTESIAN_POINT('',(0.,2.5));
#5215 = VECTOR('',#5216,1.);
#5216 = DIRECTION('',(1.,0.));
#5217 = ( GEOMETRIC_REPRESENTATION_CONTEXT(2)
PARAMETRIC_REPRESENTATION_CONTEXT() REPRESENTATION_CONTEXT('2D SPACE',''
  ) );
#5218 = PCURVE('',#5140,#5219);
#5219 = DEFINITIONAL_REPRESENTATION('',(#5220),#5224);
#5220 = LINE('',#5221,#5222);
#5221 = CARTESIAN_POINT('',(1.E-01,0.));
#5222 = VECTOR('',#5223,1.);
#5223 = DIRECTION('',(0.,1.));
#5224 = ( GEOMETRIC_REPRESENTATION_CONTEXT(2)
PARAMETRIC_REPRESENTATION_CONTEXT() REPRESENTATION_CONTEXT('2D SPACE',''
  ) );
#5225 = ADVANCED_FACE('',(#5226),#5140,.T.);
#5226 = FACE_BOUND('',#5227,.T.);
#5227 = EDGE_LOOP('',(#5228,#5251,#5252,#5253));
#5228 = ORIENTED_EDGE('',*,*,#5229,.F.);
#5229 = EDGE_CURVE('',#5099,#5230,#5232,.T.);
#5230 = VERTEX_POINT('',#5231);
#5231 = CARTESIAN_POINT('',(1.35,1.25,0.35));
#5232 = SURFACE_CURVE('',#5233,(#5237,#5244),.PCURVE_S1.);
#5233 = LINE('',#5234,#5235);
#5234 = CARTESIAN_POINT('',(-1.35,1.25,0.35));
#5235 = VECTOR('',#5236,1.);
#5236 = DIRECTION('',(1.,0.,0.));
#5237 = PCURVE('',#5140,#5238);
#5238 = DEFINITIONAL_REPRESENTATION('',(#5239),#5243);
#5239 = LINE('',#5240,#5241);
#5240 = CARTESIAN_POINT('',(0.,0.));
#5241 = VECTOR('',#5242,1.);
#5242 = DIRECTION('',(0.,1.));
#5243 = ( GEOMETRIC_REPRESENTATION_CONTEXT(2)
PARAMETRIC_REPRESENTATION_CONTEXT() REPRESENTATION_CONTEXT('2D SPACE',''
  ) );
#5244 = PCURVE('',#5114,#5245);
#5245 = DEFINITIONAL_REPRESENTATION('',(#5246),#5250);
#5246 = LINE('',#5247,#5248);
#5247 = CARTESIAN_POINT('',(0.,2.5));
#5248 = VECTOR('',#5249,1.);
#5249 = DIRECTION('',(1.,0.));
#5250 = ( GEOMETRIC_REPRESENTATION_CONTEXT(2)
PARAMETRIC_REPRESENTATION_CONTEXT() REPRESENTATION_CONTEXT('2D SPACE',''
  ) );
#5251 = ORIENTED_EDGE('',*,*,#5126,.T.);
#5252 = ORIENTED_EDGE('',*,*,#5205,.T.);
#5253 = ORIENTED_EDGE('',*,*,#5254,.F.);
#5254 = EDGE_CURVE('',#5230,#5178,#5255,.T.);
#5255 = SURFACE_CURVE('',#5256,(#5260,#5267),.PCURVE_S1.);
#5256 = LINE('',#5257,#5258);
#5257 = CARTESIAN_POINT('',(1.35,1.25,0.35));
#5258 = VECTOR('',#5259,1.);
#5259 = DIRECTION('',(0.,0.,1.));
#5260 = PCURVE('',#5140,#5261);
#5261 = DEFINITIONAL_REPRESENTATION('',(#5262),#5266);
#5262 = LINE('',#5263,#5264);
#5263 = CARTESIAN_POINT('',(0.,2.7));
#5264 = VECTOR('',#5265,1.);
#5265 = DIRECTION('',(1.,0.));
#5266 = ( GEOMETRIC_REPRESENTATION_CONTEXT(2)
PARAMETRIC_REPRESENTATION_CONTEXT() REPRESENTATION_CONTEXT('2D SPACE',''
  ) );
#5267 = PCURVE('',#5193,#5268);
#5268 = DEFINITIONAL_REPRESENTATION('',(#5269),#5273);
#5269 = LINE('',#5270,#5271);
#5270 = CARTESIAN_POINT('',(0.,-2.5));
#5271 = VECTOR('',#5272,1.);
#5272 = DIRECTION('',(1.,0.));
#5273 = ( GEOMETRIC_REPRESENTATION_CONTEXT(2)
PARAMETRIC_REPRESENTATION_CONTEXT() REPRESENTATION_CONTEXT('2D SPACE',''
  ) );
#5274 = ADVANCED_FACE('',(#5275),#5114,.F.);
#5275 = FACE_BOUND('',#5276,.F.);
#5276 = EDGE_LOOP('',(#5277,#5278,#5299,#5320));
#5277 = ORIENTED_EDGE('',*,*,#5098,.F.);
#5278 = ORIENTED_EDGE('',*,*,#5279,.F.);
#5279 = EDGE_CURVE('',#5280,#5073,#5282,.T.);
#5280 = VERTEX_POINT('',#5281);
#5281 = CARTESIAN_POINT('',(1.35,0.,0.35));
#5282 = SURFACE_CURVE('',#5283,(#5287,#5293),.PCURVE_S1.);
#5283 = LINE('',#5284,#5285);
#5284 = CARTESIAN_POINT('',(-20.675,0.,0.35));
#5285 = VECTOR('',#5286,1.);
#5286 = DIRECTION('',(-1.,0.,0.));
#5287 = PCURVE('',#5114,#5288);
#5288 = DEFINITIONAL_REPRESENTATION('',(#5289),#5292);
#5289 = B_SPLINE_CURVE_WITH_KNOTS('',1,(#5290,#5291),.UNSPECIFIED.,.F.,
  .F.,(2,2),(-22.025,-19.325),.PIECEWISE_BEZIER_KNOTS.);
#5290 = CARTESIAN_POINT('',(2.7,1.25));
#5291 = CARTESIAN_POINT('',(0.,1.25));
#5292 = ( GEOMETRIC_REPRESENTATION_CONTEXT(2)
PARAMETRIC_REPRESENTATION_CONTEXT() REPRESENTATION_CONTEXT('2D SPACE',''
  ) );
#5293 = PCURVE('',#5087,#5294);
#5294 = DEFINITIONAL_REPRESENTATION('',(#5295),#5298);
#5295 = B_SPLINE_CURVE_WITH_KNOTS('',1,(#5296,#5297),.UNSPECIFIED.,.F.,
  .F.,(2,2),(-22.025,-19.325),.PIECEWISE_BEZIER_KNOTS.);
#5296 = CARTESIAN_POINT('',(80.35,41.35));
#5297 = CARTESIAN_POINT('',(80.35,38.65));
#5298 = ( GEOMETRIC_REPRESENTATION_CONTEXT(2)
PARAMETRIC_REPRESENTATION_CONTEXT() REPRESENTATION_CONTEXT('2D SPACE',''
  ) );
#5299 = ORIENTED_EDGE('',*,*,#5300,.T.);
#5300 = EDGE_CURVE('',#5280,#5230,#5301,.T.);
#5301 = SURFACE_CURVE('',#5302,(#5306,#5313),.PCURVE_S1.);
#5302 = LINE('',#5303,#5304);
#5303 = CARTESIAN_POINT('',(1.35,-1.25,0.35));
#5304 = VECTOR('',#5305,1.);
#5305 = DIRECTION('',(0.,1.,0.));
#5306 = PCURVE('',#5114,#5307);
#5307 = DEFINITIONAL_REPRESENTATION('',(#5308),#5312);
#5308 = LINE('',#5309,#5310);
#5309 = CARTESIAN_POINT('',(2.7,0.));
#5310 = VECTOR('',#5311,1.);
#5311 = DIRECTION('',(0.,1.));
#5312 = ( GEOMETRIC_REPRESENTATION_CONTEXT(2)
PARAMETRIC_REPRESENTATION_CONTEXT() REPRESENTATION_CONTEXT('2D SPACE',''
  ) );
#5313 = PCURVE('',#5193,#5314);
#5314 = DEFINITIONAL_REPRESENTATION('',(#5315),#5319);
#5315 = LINE('',#5316,#5317);
#5316 = CARTESIAN_POINT('',(0.,0.));
#5317 = VECTOR('',#5318,1.);
#5318 = DIRECTION('',(0.,-1.));
#5319 = ( GEOMETRIC_REPRESENTATION_CONTEXT(2)
PARAMETRIC_REPRESENTATION_CONTEXT() REPRESENTATION_CONTEXT('2D SPACE',''
  ) );
#5320 = ORIENTED_EDGE('',*,*,#5229,.F.);
#5321 = ADVANCED_FACE('',(#5322),#5087,.F.);
#5322 = FACE_BOUND('',#5323,.F.);
#5323 = EDGE_LOOP('',(#5324,#5325,#5326,#5327));
#5324 = ORIENTED_EDGE('',*,*,#5279,.T.);
#5325 = ORIENTED_EDGE('',*,*,#5072,.T.);
#5326 = ORIENTED_EDGE('',*,*,#5156,.F.);
#5327 = ORIENTED_EDGE('',*,*,#5328,.F.);
#5328 = EDGE_CURVE('',#5280,#5157,#5329,.T.);
#5329 = SURFACE_CURVE('',#5330,(#5334,#5340),.PCURVE_S1.);
#5330 = LINE('',#5331,#5332);
#5331 = CARTESIAN_POINT('',(1.35,0.,-39.825));
#5332 = VECTOR('',#5333,1.);
#5333 = DIRECTION('',(0.,0.,1.));
#5334 = PCURVE('',#5087,#5335);
#5335 = DEFINITIONAL_REPRESENTATION('',(#5336),#5339);
#5336 = B_SPLINE_CURVE_WITH_KNOTS('',1,(#5337,#5338),.UNSPECIFIED.,.F.,
  .F.,(2,2),(40.175,40.275),.PIECEWISE_BEZIER_KNOTS.);
#5337 = CARTESIAN_POINT('',(80.35,41.35));
#5338 = CARTESIAN_POINT('',(80.45,41.35));
#5339 = ( GEOMETRIC_REPRESENTATION_CONTEXT(2)
PARAMETRIC_REPRESENTATION_CONTEXT() REPRESENTATION_CONTEXT('2D SPACE',''
  ) );
#5340 = PCURVE('',#5193,#5341);
#5341 = DEFINITIONAL_REPRESENTATION('',(#5342),#5345);
#5342 = B_SPLINE_CURVE_WITH_KNOTS('',1,(#5343,#5344),.UNSPECIFIED.,.F.,
  .F.,(2,2),(40.175,40.275),.PIECEWISE_BEZIER_KNOTS.);
#5343 = CARTESIAN_POINT('',(0.,-1.25));
#5344 = CARTESIAN_POINT('',(0.1,-1.25));
#5345 = ( GEOMETRIC_REPRESENTATION_CONTEXT(2)
PARAMETRIC_REPRESENTATION_CONTEXT() REPRESENTATION_CONTEXT('2D SPACE',''
  ) );
#5346 = ADVANCED_FACE('',(#5347),#5193,.T.);
#5347 = FACE_BOUND('',#5348,.T.);
#5348 = EDGE_LOOP('',(#5349,#5350,#5351,#5352));
#5349 = ORIENTED_EDGE('',*,*,#5177,.F.);
#5350 = ORIENTED_EDGE('',*,*,#5328,.F.);
#5351 = ORIENTED_EDGE('',*,*,#5300,.T.);
#5352 = ORIENTED_EDGE('',*,*,#5254,.T.);
#5353 = ( GEOMETRIC_REPRESENTATION_CONTEXT(3)
GLOBAL_UNCERTAINTY_ASSIGNED_CONTEXT((#5357))
GLOBAL_UNIT_ASSIGNED_CONTEXT((#5354,#5355,#5356)) REPRESENTATION_CONTEXT
('Context #1','3D Context with UNIT and UNCERTAINTY') );
#5354 = ( LENGTH_UNIT() NAMED_UNIT(*) SI_UNIT(.MILLI.,.METRE.) );
#5355 = ( NAMED_UNIT(*) PLANE_ANGLE_UNIT() SI_UNIT($,.RADIAN.) );
#5356 = ( NAMED_UNIT(*) SI_UNIT($,.STERADIAN.) SOLID_ANGLE_UNIT() );
#5357 = UNCERTAINTY_MEASURE_WITH_UNIT(LENGTH_MEASURE(1.E-07),#5354,
  'distance_accuracy_value','confusion accuracy');
#5358 = CONTEXT_DEPENDENT_SHAPE_REPRESENTATION(#5359,#5361);
#5359 = ( REPRESENTATION_RELATIONSHIP('','',#5030,#10)
REPRESENTATION_RELATIONSHIP_WITH_TRANSFORMATION(#5360)
SHAPE_REPRESENTATION_RELATIONSHIP() );
#5360 = ITEM_DEFINED_TRANSFORMATION('','',#11,#39);
#5361 = PRODUCT_DEFINITION_SHAPE('Placement','Placement of an item',
  #5362);
#5362 = NEXT_ASSEMBLY_USAGE_OCCURRENCE('95',
  'PR1_Resbond908_bond_process_candidate','',#5,#5025,$);
#5363 = PRODUCT_RELATED_PRODUCT_CATEGORY('part',$,(#5027));
#5364 = SHAPE_DEFINITION_REPRESENTATION(#5365,#5371);
#5365 = PRODUCT_DEFINITION_SHAPE('','',#5366);
#5366 = PRODUCT_DEFINITION('design','',#5367,#5370);
#5367 = PRODUCT_DEFINITION_FORMATION('','',#5368);
#5368 = PRODUCT('Yageo_M222_32208550_body','Yageo_M222_32208550_body',''
  ,(#5369));
#5369 = PRODUCT_CONTEXT('',#2,'mechanical');
#5370 = PRODUCT_DEFINITION_CONTEXT('part definition',#2,'design');
#5371 = ADVANCED_BREP_SHAPE_REPRESENTATION('',(#11,#5372),#5694);
#5372 = MANIFOLD_SOLID_BREP('',#5373);
#5373 = CLOSED_SHELL('',(#5374,#5492,#5566,#5615,#5662,#5687));
#5374 = ADVANCED_FACE('',(#5375),#5389,.F.);
#5375 = FACE_BOUND('',#5376,.F.);
#5376 = EDGE_LOOP('',(#5377,#5412,#5438,#5466));
#5377 = ORIENTED_EDGE('',*,*,#5378,.F.);
#5378 = EDGE_CURVE('',#5379,#5381,#5383,.T.);
#5379 = VERTEX_POINT('',#5380);
#5380 = CARTESIAN_POINT('',(-1.15,0.,0.35));
#5381 = VERTEX_POINT('',#5382);
#5382 = CARTESIAN_POINT('',(-1.15,1.05,0.35));
#5383 = SURFACE_CURVE('',#5384,(#5388,#5400),.PCURVE_S1.);
#5384 = LINE('',#5385,#5386);
#5385 = CARTESIAN_POINT('',(-1.15,-1.05,0.35));
#5386 = VECTOR('',#5387,1.);
#5387 = DIRECTION('',(0.,1.,0.));
#5388 = PCURVE('',#5389,#5394);
#5389 = PLANE('',#5390);
#5390 = AXIS2_PLACEMENT_3D('',#5391,#5392,#5393);
#5391 = CARTESIAN_POINT('',(-1.15,-1.05,-0.55));
#5392 = DIRECTION('',(1.,0.,0.));
#5393 = DIRECTION('',(0.,0.,1.));
#5394 = DEFINITIONAL_REPRESENTATION('',(#5395),#5399);
#5395 = LINE('',#5396,#5397);
#5396 = CARTESIAN_POINT('',(0.9,0.));
#5397 = VECTOR('',#5398,1.);
#5398 = DIRECTION('',(0.,-1.));
#5399 = ( GEOMETRIC_REPRESENTATION_CONTEXT(2)
PARAMETRIC_REPRESENTATION_CONTEXT() REPRESENTATION_CONTEXT('2D SPACE',''
  ) );
#5400 = PCURVE('',#5401,#5406);
#5401 = PLANE('',#5402);
#5402 = AXIS2_PLACEMENT_3D('',#5403,#5404,#5405);
#5403 = CARTESIAN_POINT('',(-1.15,-1.05,0.35));
#5404 = DIRECTION('',(0.,0.,1.));
#5405 = DIRECTION('',(1.,0.,0.));
#5406 = DEFINITIONAL_REPRESENTATION('',(#5407),#5411);
#5407 = LINE('',#5408,#5409);
#5408 = CARTESIAN_POINT('',(0.,0.));
#5409 = VECTOR('',#5410,1.);
#5410 = DIRECTION('',(0.,1.));
#5411 = ( GEOMETRIC_REPRESENTATION_CONTEXT(2)
PARAMETRIC_REPRESENTATION_CONTEXT() REPRESENTATION_CONTEXT('2D SPACE',''
  ) );
#5412 = ORIENTED_EDGE('',*,*,#5413,.F.);
#5413 = EDGE_CURVE('',#5414,#5379,#5416,.T.);
#5414 = VERTEX_POINT('',#5415);
#5415 = CARTESIAN_POINT('',(-1.15,0.,-0.55));
#5416 = SURFACE_CURVE('',#5417,(#5421,#5427),.PCURVE_S1.);
#5417 = LINE('',#5418,#5419);
#5418 = CARTESIAN_POINT('',(-1.15,0.,-40.275));
#5419 = VECTOR('',#5420,1.);
#5420 = DIRECTION('',(0.,0.,1.));
#5421 = PCURVE('',#5389,#5422);
#5422 = DEFINITIONAL_REPRESENTATION('',(#5423),#5426);
#5423 = B_SPLINE_CURVE_WITH_KNOTS('',1,(#5424,#5425),.UNSPECIFIED.,.F.,
  .F.,(2,2),(39.725,40.625),.PIECEWISE_BEZIER_KNOTS.);
#5424 = CARTESIAN_POINT('',(0.,-1.05));
#5425 = CARTESIAN_POINT('',(0.9,-1.05));
#5426 = ( GEOMETRIC_REPRESENTATION_CONTEXT(2)
PARAMETRIC_REPRESENTATION_CONTEXT() REPRESENTATION_CONTEXT('2D SPACE',''
  ) );
#5427 = PCURVE('',#5428,#5433);
#5428 = PLANE('',#5429);
#5429 = AXIS2_PLACEMENT_3D('',#5430,#5431,#5432);
#5430 = CARTESIAN_POINT('',(-40.,0.,-80.));
#5431 = DIRECTION('',(0.,1.,0.));
#5432 = DIRECTION('',(0.,0.,1.));
#5433 = DEFINITIONAL_REPRESENTATION('',(#5434),#5437);
#5434 = B_SPLINE_CURVE_WITH_KNOTS('',1,(#5435,#5436),.UNSPECIFIED.,.F.,
  .F.,(2,2),(39.725,40.625),.PIECEWISE_BEZIER_KNOTS.);
#5435 = CARTESIAN_POINT('',(79.45,38.85));
#5436 = CARTESIAN_POINT('',(80.35,38.85));
#5437 = ( GEOMETRIC_REPRESENTATION_CONTEXT(2)
PARAMETRIC_REPRESENTATION_CONTEXT() REPRESENTATION_CONTEXT('2D SPACE',''
  ) );
#5438 = ORIENTED_EDGE('',*,*,#5439,.T.);
#5439 = EDGE_CURVE('',#5414,#5440,#5442,.T.);
#5440 = VERTEX_POINT('',#5441);
#5441 = CARTESIAN_POINT('',(-1.15,1.05,-0.55));
#5442 = SURFACE_CURVE('',#5443,(#5447,#5454),.PCURVE_S1.);
#5443 = LINE('',#5444,#5445);
#5444 = CARTESIAN_POINT('',(-1.15,-1.05,-0.55));
#5445 = VECTOR('',#5446,1.);
#5446 = DIRECTION('',(0.,1.,0.));
#5447 = PCURVE('',#5389,#5448);
#5448 = DEFINITIONAL_REPRESENTATION('',(#5449),#5453);
#5449 = LINE('',#5450,#5451);
#5450 = CARTESIAN_POINT('',(0.,0.));
#5451 = VECTOR('',#5452,1.);
#5452 = DIRECTION('',(0.,-1.));
#5453 = ( GEOMETRIC_REPRESENTATION_CONTEXT(2)
PARAMETRIC_REPRESENTATION_CONTEXT() REPRESENTATION_CONTEXT('2D SPACE',''
  ) );
#5454 = PCURVE('',#5455,#5460);
#5455 = PLANE('',#5456);
#5456 = AXIS2_PLACEMENT_3D('',#5457,#5458,#5459);
#5457 = CARTESIAN_POINT('',(-1.15,-1.05,-0.55));
#5458 = DIRECTION('',(0.,0.,1.));
#5459 = DIRECTION('',(1.,0.,0.));
#5460 = DEFINITIONAL_REPRESENTATION('',(#5461),#5465);
#5461 = LINE('',#5462,#5463);
#5462 = CARTESIAN_POINT('',(0.,0.));
#5463 = VECTOR('',#5464,1.);
#5464 = DIRECTION('',(0.,1.));
#5465 = ( GEOMETRIC_REPRESENTATION_CONTEXT(2)
PARAMETRIC_REPRESENTATION_CONTEXT() REPRESENTATION_CONTEXT('2D SPACE',''
  ) );
#5466 = ORIENTED_EDGE('',*,*,#5467,.T.);
#5467 = EDGE_CURVE('',#5440,#5381,#5468,.T.);
#5468 = SURFACE_CURVE('',#5469,(#5473,#5480),.PCURVE_S1.);
#5469 = LINE('',#5470,#5471);
#5470 = CARTESIAN_POINT('',(-1.15,1.05,-0.55));
#5471 = VECTOR('',#5472,1.);
#5472 = DIRECTION('',(0.,0.,1.));
#5473 = PCURVE('',#5389,#5474);
#5474 = DEFINITIONAL_REPRESENTATION('',(#5475),#5479);
#5475 = LINE('',#5476,#5477);
#5476 = CARTESIAN_POINT('',(0.,-2.1));
#5477 = VECTOR('',#5478,1.);
#5478 = DIRECTION('',(1.,0.));
#5479 = ( GEOMETRIC_REPRESENTATION_CONTEXT(2)
PARAMETRIC_REPRESENTATION_CONTEXT() REPRESENTATION_CONTEXT('2D SPACE',''
  ) );
#5480 = PCURVE('',#5481,#5486);
#5481 = PLANE('',#5482);
#5482 = AXIS2_PLACEMENT_3D('',#5483,#5484,#5485);
#5483 = CARTESIAN_POINT('',(-1.15,1.05,-0.55));
#5484 = DIRECTION('',(0.,1.,0.));
#5485 = DIRECTION('',(0.,0.,1.));
#5486 = DEFINITIONAL_REPRESENTATION('',(#5487),#5491);
#5487 = LINE('',#5488,#5489);
#5488 = CARTESIAN_POINT('',(0.,0.));
#5489 = VECTOR('',#5490,1.);
#5490 = DIRECTION('',(1.,0.));
#5491 = ( GEOMETRIC_REPRESENTATION_CONTEXT(2)
PARAMETRIC_REPRESENTATION_CONTEXT() REPRESENTATION_CONTEXT('2D SPACE',''
  ) );
#5492 = ADVANCED_FACE('',(#5493),#5401,.T.);
#5493 = FACE_BOUND('',#5494,.T.);
#5494 = EDGE_LOOP('',(#5495,#5496,#5517,#5545));
#5495 = ORIENTED_EDGE('',*,*,#5378,.F.);
#5496 = ORIENTED_EDGE('',*,*,#5497,.F.);
#5497 = EDGE_CURVE('',#5498,#5379,#5500,.T.);
#5498 = VERTEX_POINT('',#5499);
#5499 = CARTESIAN_POINT('',(1.15,0.,0.35));
#5500 = SURFACE_CURVE('',#5501,(#5505,#5511),.PCURVE_S1.);
#5501 = LINE('',#5502,#5503);
#5502 = CARTESIAN_POINT('',(-20.575,0.,0.35));
#5503 = VECTOR('',#5504,1.);
#5504 = DIRECTION('',(-1.,0.,0.));
#5505 = PCURVE('',#5401,#5506);
#5506 = DEFINITIONAL_REPRESENTATION('',(#5507),#5510);
#5507 = B_SPLINE_CURVE_WITH_KNOTS('',1,(#5508,#5509),.UNSPECIFIED.,.F.,
  .F.,(2,2),(-21.725,-19.425),.PIECEWISE_BEZIER_KNOTS.);
#5508 = CARTESIAN_POINT('',(2.3,1.05));
#5509 = CARTESIAN_POINT('',(0.,1.05));
#5510 = ( GEOMETRIC_REPRESENTATION_CONTEXT(2)
PARAMETRIC_REPRESENTATION_CONTEXT() REPRESENTATION_CONTEXT('2D SPACE',''
  ) );
#5511 = PCURVE('',#5428,#5512);
#5512 = DEFINITIONAL_REPRESENTATION('',(#5513),#5516);
#5513 = B_SPLINE_CURVE_WITH_KNOTS('',1,(#5514,#5515),.UNSPECIFIED.,.F.,
  .F.,(2,2),(-21.725,-19.425),.PIECEWISE_BEZIER_KNOTS.);
#5514 = CARTESIAN_POINT('',(80.35,41.15));
#5515 = CARTESIAN_POINT('',(80.35,38.85));
#5516 = ( GEOMETRIC_REPRESENTATION_CONTEXT(2)
PARAMETRIC_REPRESENTATION_CONTEXT() REPRESENTATION_CONTEXT('2D SPACE',''
  ) );
#5517 = ORIENTED_EDGE('',*,*,#5518,.T.);
#5518 = EDGE_CURVE('',#5498,#5519,#5521,.T.);
#5519 = VERTEX_POINT('',#5520);
#5520 = CARTESIAN_POINT('',(1.15,1.05,0.35));
#5521 = SURFACE_CURVE('',#5522,(#5526,#5533),.PCURVE_S1.);
#5522 = LINE('',#5523,#5524);
#5523 = CARTESIAN_POINT('',(1.15,-1.05,0.35));
#5524 = VECTOR('',#5525,1.);
#5525 = DIRECTION('',(0.,1.,0.));
#5526 = PCURVE('',#5401,#5527);
#5527 = DEFINITIONAL_REPRESENTATION('',(#5528),#5532);
#5528 = LINE('',#5529,#5530);
#5529 = CARTESIAN_POINT('',(2.3,0.));
#5530 = VECTOR('',#5531,1.);
#5531 = DIRECTION('',(0.,1.));
#5532 = ( GEOMETRIC_REPRESENTATION_CONTEXT(2)
PARAMETRIC_REPRESENTATION_CONTEXT() REPRESENTATION_CONTEXT('2D SPACE',''
  ) );
#5533 = PCURVE('',#5534,#5539);
#5534 = PLANE('',#5535);
#5535 = AXIS2_PLACEMENT_3D('',#5536,#5537,#5538);
#5536 = CARTESIAN_POINT('',(1.15,-1.05,-0.55));
#5537 = DIRECTION('',(1.,0.,0.));
#5538 = DIRECTION('',(0.,0.,1.));
#5539 = DEFINITIONAL_REPRESENTATION('',(#5540),#5544);
#5540 = LINE('',#5541,#5542);
#5541 = CARTESIAN_POINT('',(0.9,0.));
#5542 = VECTOR('',#5543,1.);
#5543 = DIRECTION('',(0.,-1.));
#5544 = ( GEOMETRIC_REPRESENTATION_CONTEXT(2)
PARAMETRIC_REPRESENTATION_CONTEXT() REPRESENTATION_CONTEXT('2D SPACE',''
  ) );
#5545 = ORIENTED_EDGE('',*,*,#5546,.F.);
#5546 = EDGE_CURVE('',#5381,#5519,#5547,.T.);
#5547 = SURFACE_CURVE('',#5548,(#5552,#5559),.PCURVE_S1.);
#5548 = LINE('',#5549,#5550);
#5549 = CARTESIAN_POINT('',(-1.15,1.05,0.35));
#5550 = VECTOR('',#5551,1.);
#5551 = DIRECTION('',(1.,0.,0.));
#5552 = PCURVE('',#5401,#5553);
#5553 = DEFINITIONAL_REPRESENTATION('',(#5554),#5558);
#5554 = LINE('',#5555,#5556);
#5555 = CARTESIAN_POINT('',(0.,2.1));
#5556 = VECTOR('',#5557,1.);
#5557 = DIRECTION('',(1.,0.));
#5558 = ( GEOMETRIC_REPRESENTATION_CONTEXT(2)
PARAMETRIC_REPRESENTATION_CONTEXT() REPRESENTATION_CONTEXT('2D SPACE',''
  ) );
#5559 = PCURVE('',#5481,#5560);
#5560 = DEFINITIONAL_REPRESENTATION('',(#5561),#5565);
#5561 = LINE('',#5562,#5563);
#5562 = CARTESIAN_POINT('',(0.9,0.));
#5563 = VECTOR('',#5564,1.);
#5564 = DIRECTION('',(0.,1.));
#5565 = ( GEOMETRIC_REPRESENTATION_CONTEXT(2)
PARAMETRIC_REPRESENTATION_CONTEXT() REPRESENTATION_CONTEXT('2D SPACE',''
  ) );
#5566 = ADVANCED_FACE('',(#5567),#5481,.T.);
#5567 = FACE_BOUND('',#5568,.T.);
#5568 = EDGE_LOOP('',(#5569,#5592,#5593,#5594));
#5569 = ORIENTED_EDGE('',*,*,#5570,.F.);
#5570 = EDGE_CURVE('',#5440,#5571,#5573,.T.);
#5571 = VERTEX_POINT('',#5572);
#5572 = CARTESIAN_POINT('',(1.15,1.05,-0.55));
#5573 = SURFACE_CURVE('',#5574,(#5578,#5585),.PCURVE_S1.);
#5574 = LINE('',#5575,#5576);
#5575 = CARTESIAN_POINT('',(-1.15,1.05,-0.55));
#5576 = VECTOR('',#5577,1.);
#5577 = DIRECTION('',(1.,0.,0.));
#5578 = PCURVE('',#5481,#5579);
#5579 = DEFINITIONAL_REPRESENTATION('',(#5580),#5584);
#5580 = LINE('',#5581,#5582);
#5581 = CARTESIAN_POINT('',(0.,0.));
#5582 = VECTOR('',#5583,1.);
#5583 = DIRECTION('',(0.,1.));
#5584 = ( GEOMETRIC_REPRESENTATION_CONTEXT(2)
PARAMETRIC_REPRESENTATION_CONTEXT() REPRESENTATION_CONTEXT('2D SPACE',''
  ) );
#5585 = PCURVE('',#5455,#5586);
#5586 = DEFINITIONAL_REPRESENTATION('',(#5587),#5591);
#5587 = LINE('',#5588,#5589);
#5588 = CARTESIAN_POINT('',(0.,2.1));
#5589 = VECTOR('',#5590,1.);
#5590 = DIRECTION('',(1.,0.));
#5591 = ( GEOMETRIC_REPRESENTATION_CONTEXT(2)
PARAMETRIC_REPRESENTATION_CONTEXT() REPRESENTATION_CONTEXT('2D SPACE',''
  ) );
#5592 = ORIENTED_EDGE('',*,*,#5467,.T.);
#5593 = ORIENTED_EDGE('',*,*,#5546,.T.);
#5594 = ORIENTED_EDGE('',*,*,#5595,.F.);
#5595 = EDGE_CURVE('',#5571,#5519,#5596,.T.);
#5596 = SURFACE_CURVE('',#5597,(#5601,#5608),.PCURVE_S1.);
#5597 = LINE('',#5598,#5599);
#5598 = CARTESIAN_POINT('',(1.15,1.05,-0.55));
#5599 = VECTOR('',#5600,1.);
#5600 = DIRECTION('',(0.,0.,1.));
#5601 = PCURVE('',#5481,#5602);
#5602 = DEFINITIONAL_REPRESENTATION('',(#5603),#5607);
#5603 = LINE('',#5604,#5605);
#5604 = CARTESIAN_POINT('',(0.,2.3));
#5605 = VECTOR('',#5606,1.);
#5606 = DIRECTION('',(1.,0.));
#5607 = ( GEOMETRIC_REPRESENTATION_CONTEXT(2)
PARAMETRIC_REPRESENTATION_CONTEXT() REPRESENTATION_CONTEXT('2D SPACE',''
  ) );
#5608 = PCURVE('',#5534,#5609);
#5609 = DEFINITIONAL_REPRESENTATION('',(#5610),#5614);
#5610 = LINE('',#5611,#5612);
#5611 = CARTESIAN_POINT('',(0.,-2.1));
#5612 = VECTOR('',#5613,1.);
#5613 = DIRECTION('',(1.,0.));
#5614 = ( GEOMETRIC_REPRESENTATION_CONTEXT(2)
PARAMETRIC_REPRESENTATION_CONTEXT() REPRESENTATION_CONTEXT('2D SPACE',''
  ) );
#5615 = ADVANCED_FACE('',(#5616),#5455,.F.);
#5616 = FACE_BOUND('',#5617,.F.);
#5617 = EDGE_LOOP('',(#5618,#5619,#5640,#5661));
#5618 = ORIENTED_EDGE('',*,*,#5439,.F.);
#5619 = ORIENTED_EDGE('',*,*,#5620,.F.);
#5620 = EDGE_CURVE('',#5621,#5414,#5623,.T.);
#5621 = VERTEX_POINT('',#5622);
#5622 = CARTESIAN_POINT('',(1.15,0.,-0.55));
#5623 = SURFACE_CURVE('',#5624,(#5628,#5634),.PCURVE_S1.);
#5624 = LINE('',#5625,#5626);
#5625 = CARTESIAN_POINT('',(-20.575,0.,-0.55));
#5626 = VECTOR('',#5627,1.);
#5627 = DIRECTION('',(-1.,0.,0.));
#5628 = PCURVE('',#5455,#5629);
#5629 = DEFINITIONAL_REPRESENTATION('',(#5630),#5633);
#5630 = B_SPLINE_CURVE_WITH_KNOTS('',1,(#5631,#5632),.UNSPECIFIED.,.F.,
  .F.,(2,2),(-21.725,-19.425),.PIECEWISE_BEZIER_KNOTS.);
#5631 = CARTESIAN_POINT('',(2.3,1.05));
#5632 = CARTESIAN_POINT('',(0.,1.05));
#5633 = ( GEOMETRIC_REPRESENTATION_CONTEXT(2)
PARAMETRIC_REPRESENTATION_CONTEXT() REPRESENTATION_CONTEXT('2D SPACE',''
  ) );
#5634 = PCURVE('',#5428,#5635);
#5635 = DEFINITIONAL_REPRESENTATION('',(#5636),#5639);
#5636 = B_SPLINE_CURVE_WITH_KNOTS('',1,(#5637,#5638),.UNSPECIFIED.,.F.,
  .F.,(2,2),(-21.725,-19.425),.PIECEWISE_BEZIER_KNOTS.);
#5637 = CARTESIAN_POINT('',(79.45,41.15));
#5638 = CARTESIAN_POINT('',(79.45,38.85));
#5639 = ( GEOMETRIC_REPRESENTATION_CONTEXT(2)
PARAMETRIC_REPRESENTATION_CONTEXT() REPRESENTATION_CONTEXT('2D SPACE',''
  ) );
#5640 = ORIENTED_EDGE('',*,*,#5641,.T.);
#5641 = EDGE_CURVE('',#5621,#5571,#5642,.T.);
#5642 = SURFACE_CURVE('',#5643,(#5647,#5654),.PCURVE_S1.);
#5643 = LINE('',#5644,#5645);
#5644 = CARTESIAN_POINT('',(1.15,-1.05,-0.55));
#5645 = VECTOR('',#5646,1.);
#5646 = DIRECTION('',(0.,1.,0.));
#5647 = PCURVE('',#5455,#5648);
#5648 = DEFINITIONAL_REPRESENTATION('',(#5649),#5653);
#5649 = LINE('',#5650,#5651);
#5650 = CARTESIAN_POINT('',(2.3,0.));
#5651 = VECTOR('',#5652,1.);
#5652 = DIRECTION('',(0.,1.));
#5653 = ( GEOMETRIC_REPRESENTATION_CONTEXT(2)
PARAMETRIC_REPRESENTATION_CONTEXT() REPRESENTATION_CONTEXT('2D SPACE',''
  ) );
#5654 = PCURVE('',#5534,#5655);
#5655 = DEFINITIONAL_REPRESENTATION('',(#5656),#5660);
#5656 = LINE('',#5657,#5658);
#5657 = CARTESIAN_POINT('',(0.,0.));
#5658 = VECTOR('',#5659,1.);
#5659 = DIRECTION('',(0.,-1.));
#5660 = ( GEOMETRIC_REPRESENTATION_CONTEXT(2)
PARAMETRIC_REPRESENTATION_CONTEXT() REPRESENTATION_CONTEXT('2D SPACE',''
  ) );
#5661 = ORIENTED_EDGE('',*,*,#5570,.F.);
#5662 = ADVANCED_FACE('',(#5663),#5428,.F.);
#5663 = FACE_BOUND('',#5664,.F.);
#5664 = EDGE_LOOP('',(#5665,#5666,#5667,#5668));
#5665 = ORIENTED_EDGE('',*,*,#5620,.T.);
#5666 = ORIENTED_EDGE('',*,*,#5413,.T.);
#5667 = ORIENTED_EDGE('',*,*,#5497,.F.);
#5668 = ORIENTED_EDGE('',*,*,#5669,.F.);
#5669 = EDGE_CURVE('',#5621,#5498,#5670,.T.);
#5670 = SURFACE_CURVE('',#5671,(#5675,#5681),.PCURVE_S1.);
#5671 = LINE('',#5672,#5673);
#5672 = CARTESIAN_POINT('',(1.15,0.,-40.275));
#5673 = VECTOR('',#5674,1.);
#5674 = DIRECTION('',(0.,0.,1.));
#5675 = PCURVE('',#5428,#5676);
#5676 = DEFINITIONAL_REPRESENTATION('',(#5677),#5680);
#5677 = B_SPLINE_CURVE_WITH_KNOTS('',1,(#5678,#5679),.UNSPECIFIED.,.F.,
  .F.,(2,2),(39.725,40.625),.PIECEWISE_BEZIER_KNOTS.);
#5678 = CARTESIAN_POINT('',(79.45,41.15));
#5679 = CARTESIAN_POINT('',(80.35,41.15));
#5680 = ( GEOMETRIC_REPRESENTATION_CONTEXT(2)
PARAMETRIC_REPRESENTATION_CONTEXT() REPRESENTATION_CONTEXT('2D SPACE',''
  ) );
#5681 = PCURVE('',#5534,#5682);
#5682 = DEFINITIONAL_REPRESENTATION('',(#5683),#5686);
#5683 = B_SPLINE_CURVE_WITH_KNOTS('',1,(#5684,#5685),.UNSPECIFIED.,.F.,
  .F.,(2,2),(39.725,40.625),.PIECEWISE_BEZIER_KNOTS.);
#5684 = CARTESIAN_POINT('',(0.,-1.05));
#5685 = CARTESIAN_POINT('',(0.9,-1.05));
#5686 = ( GEOMETRIC_REPRESENTATION_CONTEXT(2)
PARAMETRIC_REPRESENTATION_CONTEXT() REPRESENTATION_CONTEXT('2D SPACE',''
  ) );
#5687 = ADVANCED_FACE('',(#5688),#5534,.T.);
#5688 = FACE_BOUND('',#5689,.T.);
#5689 = EDGE_LOOP('',(#5690,#5691,#5692,#5693));
#5690 = ORIENTED_EDGE('',*,*,#5518,.F.);
#5691 = ORIENTED_EDGE('',*,*,#5669,.F.);
#5692 = ORIENTED_EDGE('',*,*,#5641,.T.);
#5693 = ORIENTED_EDGE('',*,*,#5595,.T.);
#5694 = ( GEOMETRIC_REPRESENTATION_CONTEXT(3)
GLOBAL_UNCERTAINTY_ASSIGNED_CONTEXT((#5698))
GLOBAL_UNIT_ASSIGNED_CONTEXT((#5695,#5696,#5697)) REPRESENTATION_CONTEXT
('Context #1','3D Context with UNIT and UNCERTAINTY') );
#5695 = ( LENGTH_UNIT() NAMED_UNIT(*) SI_UNIT(.MILLI.,.METRE.) );
#5696 = ( NAMED_UNIT(*) PLANE_ANGLE_UNIT() SI_UNIT($,.RADIAN.) );
#5697 = ( NAMED_UNIT(*) SI_UNIT($,.STERADIAN.) SOLID_ANGLE_UNIT() );
#5698 = UNCERTAINTY_MEASURE_WITH_UNIT(LENGTH_MEASURE(1.E-07),#5695,
  'distance_accuracy_value','confusion accuracy');
#5699 = CONTEXT_DEPENDENT_SHAPE_REPRESENTATION(#5700,#5702);
#5700 = ( REPRESENTATION_RELATIONSHIP('','',#5371,#10)
REPRESENTATION_RELATIONSHIP_WITH_TRANSFORMATION(#5701)
SHAPE_REPRESENTATION_RELATIONSHIP() );
#5701 = ITEM_DEFINED_TRANSFORMATION('','',#11,#43);
#5702 = PRODUCT_DEFINITION_SHAPE('Placement','Placement of an item',
  #5703);
#5703 = NEXT_ASSEMBLY_USAGE_OCCURRENCE('96','Yageo_M222_32208550_body',
  '',#5,#5366,$);
#5704 = PRODUCT_RELATED_PRODUCT_CATEGORY('part',$,(#5368));
#5705 = SHAPE_DEFINITION_REPRESENTATION(#5706,#5712);
#5706 = PRODUCT_DEFINITION_SHAPE('','',#5707);
#5707 = PRODUCT_DEFINITION('design','',#5708,#5711);
#5708 = PRODUCT_DEFINITION_FORMATION('','',#5709);
#5709 = PRODUCT('outer_seal_clamp','outer_seal_clamp','',(#5710));
#5710 = PRODUCT_CONTEXT('',#2,'mechanical');
#5711 = PRODUCT_DEFINITION_CONTEXT('part definition',#2,'design');
#5712 = ADVANCED_BREP_SHAPE_REPRESENTATION('',(#11,#5713),#6035);
#5713 = MANIFOLD_SOLID_BREP('',#5714);
#5714 = CLOSED_SHELL('',(#5715,#5835,#5908,#5953,#6001,#6028));
#5715 = ADVANCED_FACE('',(#5716),#5731,.T.);
#5716 = FACE_BOUND('',#5717,.F.);
#5717 = EDGE_LOOP('',(#5718,#5754,#5782,#5811));
#5718 = ORIENTED_EDGE('',*,*,#5719,.F.);
#5719 = EDGE_CURVE('',#5720,#5722,#5724,.T.);
#5720 = VERTEX_POINT('',#5721);
#5721 = CARTESIAN_POINT('',(8.5,0.,-0.6));
#5722 = VERTEX_POINT('',#5723);
#5723 = CARTESIAN_POINT('',(-8.5,1.040949779275E-15,-0.6));
#5724 = SURFACE_CURVE('',#5725,(#5730,#5742),.PCURVE_S1.);
#5725 = CIRCLE('',#5726,8.5);
#5726 = AXIS2_PLACEMENT_3D('',#5727,#5728,#5729);
#5727 = CARTESIAN_POINT('',(0.,0.,-0.6));
#5728 = DIRECTION('',(0.,0.,1.));
#5729 = DIRECTION('',(1.,0.,0.));
#5730 = PCURVE('',#5731,#5736);
#5731 = CYLINDRICAL_SURFACE('',#5732,8.5);
#5732 = AXIS2_PLACEMENT_3D('',#5733,#5734,#5735);
#5733 = CARTESIAN_POINT('',(0.,0.,-0.6));
#5734 = DIRECTION('',(-0.,-0.,-1.));
#5735 = DIRECTION('',(1.,0.,0.));
#5736 = DEFINITIONAL_REPRESENTATION('',(#5737),#5741);
#5737 = LINE('',#5738,#5739);
#5738 = CARTESIAN_POINT('',(-0.,0.));
#5739 = VECTOR('',#5740,1.);
#5740 = DIRECTION('',(-1.,0.));
#5741 = ( GEOMETRIC_REPRESENTATION_CONTEXT(2)
PARAMETRIC_REPRESENTATION_CONTEXT() REPRESENTATION_CONTEXT('2D SPACE',''
  ) );
#5742 = PCURVE('',#5743,#5748);
#5743 = PLANE('',#5744);
#5744 = AXIS2_PLACEMENT_3D('',#5745,#5746,#5747);
#5745 = CARTESIAN_POINT('',(-6.435012388421E-16,6.182685985047E-16,-0.6)
  );
#5746 = DIRECTION('',(0.,0.,1.));
#5747 = DIRECTION('',(1.,0.,-0.));
#5748 = DEFINITIONAL_REPRESENTATION('',(#5749),#5753);
#5749 = CIRCLE('',#5750,8.5);
#5750 = AXIS2_PLACEMENT_2D('',#5751,#5752);
#5751 = CARTESIAN_POINT('',(6.435012388421E-16,-6.182685985047E-16));
#5752 = DIRECTION('',(1.,0.));
#5753 = ( GEOMETRIC_REPRESENTATION_CONTEXT(2)
PARAMETRIC_REPRESENTATION_CONTEXT() REPRESENTATION_CONTEXT('2D SPACE',''
  ) );
#5754 = ORIENTED_EDGE('',*,*,#5755,.T.);
#5755 = EDGE_CURVE('',#5720,#5756,#5758,.T.);
#5756 = VERTEX_POINT('',#5757);
#5757 = CARTESIAN_POINT('',(8.5,0.,-0.25));
#5758 = SURFACE_CURVE('',#5759,(#5763,#5770),.PCURVE_S1.);
#5759 = LINE('',#5760,#5761);
#5760 = CARTESIAN_POINT('',(8.5,0.,-0.6));
#5761 = VECTOR('',#5762,1.);
#5762 = DIRECTION('',(0.,0.,1.));
#5763 = PCURVE('',#5731,#5764);
#5764 = DEFINITIONAL_REPRESENTATION('',(#5765),#5769);
#5765 = LINE('',#5766,#5767);
#5766 = CARTESIAN_POINT('',(-0.,0.));
#5767 = VECTOR('',#5768,1.);
#5768 = DIRECTION('',(-0.,-1.));
#5769 = ( GEOMETRIC_REPRESENTATION_CONTEXT(2)
PARAMETRIC_REPRESENTATION_CONTEXT() REPRESENTATION_CONTEXT('2D SPACE',''
  ) );
#5770 = PCURVE('',#5771,#5776);
#5771 = PLANE('',#5772);
#5772 = AXIS2_PLACEMENT_3D('',#5773,#5774,#5775);
#5773 = CARTESIAN_POINT('',(-40.,0.,-80.));
#5774 = DIRECTION('',(0.,1.,0.));
#5775 = DIRECTION('',(0.,0.,1.));
#5776 = DEFINITIONAL_REPRESENTATION('',(#5777),#5781);
#5777 = LINE('',#5778,#5779);
#5778 = CARTESIAN_POINT('',(79.4,48.5));
#5779 = VECTOR('',#5780,1.);
#5780 = DIRECTION('',(1.,0.));
#5781 = ( GEOMETRIC_REPRESENTATION_CONTEXT(2)
PARAMETRIC_REPRESENTATION_CONTEXT() REPRESENTATION_CONTEXT('2D SPACE',''
  ) );
#5782 = ORIENTED_EDGE('',*,*,#5783,.T.);
#5783 = EDGE_CURVE('',#5756,#5784,#5786,.T.);
#5784 = VERTEX_POINT('',#5785);
#5785 = CARTESIAN_POINT('',(-8.5,1.040949779275E-15,-0.25));
#5786 = SURFACE_CURVE('',#5787,(#5792,#5799),.PCURVE_S1.);
#5787 = CIRCLE('',#5788,8.5);
#5788 = AXIS2_PLACEMENT_3D('',#5789,#5790,#5791);
#5789 = CARTESIAN_POINT('',(0.,0.,-0.25));
#5790 = DIRECTION('',(0.,0.,1.));
#5791 = DIRECTION('',(1.,0.,0.));
#5792 = PCURVE('',#5731,#5793);
#5793 = DEFINITIONAL_REPRESENTATION('',(#5794),#5798);
#5794 = LINE('',#5795,#5796);
#5795 = CARTESIAN_POINT('',(-0.,-0.35));
#5796 = VECTOR('',#5797,1.);
#5797 = DIRECTION('',(-1.,0.));
#5798 = ( GEOMETRIC_REPRESENTATION_CONTEXT(2)
PARAMETRIC_REPRESENTATION_CONTEXT() REPRESENTATION_CONTEXT('2D SPACE',''
  ) );
#5799 = PCURVE('',#5800,#5805);
#5800 = PLANE('',#5801);
#5801 = AXIS2_PLACEMENT_3D('',#5802,#5803,#5804);
#5802 = CARTESIAN_POINT('',(-6.435012388421E-16,6.182685985047E-16,-0.25
    ));
#5803 = DIRECTION('',(0.,0.,1.));
#5804 = DIRECTION('',(1.,0.,-0.));
#5805 = DEFINITIONAL_REPRESENTATION('',(#5806),#5810);
#5806 = CIRCLE('',#5807,8.5);
#5807 = AXIS2_PLACEMENT_2D('',#5808,#5809);
#5808 = CARTESIAN_POINT('',(6.435012388421E-16,-6.182685985047E-16));
#5809 = DIRECTION('',(1.,0.));
#5810 = ( GEOMETRIC_REPRESENTATION_CONTEXT(2)
PARAMETRIC_REPRESENTATION_CONTEXT() REPRESENTATION_CONTEXT('2D SPACE',''
  ) );
#5811 = ORIENTED_EDGE('',*,*,#5812,.T.);
#5812 = EDGE_CURVE('',#5784,#5722,#5813,.T.);
#5813 = SURFACE_CURVE('',#5814,(#5818,#5824),.PCURVE_S1.);
#5814 = LINE('',#5815,#5816);
#5815 = CARTESIAN_POINT('',(-8.5,0.,-0.6));
#5816 = VECTOR('',#5817,1.);
#5817 = DIRECTION('',(-0.,-0.,-1.));
#5818 = PCURVE('',#5731,#5819);
#5819 = DEFINITIONAL_REPRESENTATION('',(#5820),#5823);
#5820 = B_SPLINE_CURVE_WITH_KNOTS('',1,(#5821,#5822),.UNSPECIFIED.,.F.,
  .F.,(2,2),(-0.3500006,6.000000000173E-07),.PIECEWISE_BEZIER_KNOTS.);
#5821 = CARTESIAN_POINT('',(-3.14159265359,-0.3500006));
#5822 = CARTESIAN_POINT('',(-3.14159265359,6.000000000173E-07));
#5823 = ( GEOMETRIC_REPRESENTATION_CONTEXT(2)
PARAMETRIC_REPRESENTATION_CONTEXT() REPRESENTATION_CONTEXT('2D SPACE',''
  ) );
#5824 = PCURVE('',#5825,#5830);
#5825 = PLANE('',#5826);
#5826 = AXIS2_PLACEMENT_3D('',#5827,#5828,#5829);
#5827 = CARTESIAN_POINT('',(-40.,0.,-80.));
#5828 = DIRECTION('',(0.,1.,0.));
#5829 = DIRECTION('',(0.,0.,1.));
#5830 = DEFINITIONAL_REPRESENTATION('',(#5831),#5834);
#5831 = B_SPLINE_CURVE_WITH_KNOTS('',1,(#5832,#5833),.UNSPECIFIED.,.F.,
  .F.,(2,2),(-0.3500006,6.000000000173E-07),.PIECEWISE_BEZIER_KNOTS.);
#5832 = CARTESIAN_POINT('',(79.7500006,31.5));
#5833 = CARTESIAN_POINT('',(79.3999994,31.5));
#5834 = ( GEOMETRIC_REPRESENTATION_CONTEXT(2)
PARAMETRIC_REPRESENTATION_CONTEXT() REPRESENTATION_CONTEXT('2D SPACE',''
  ) );
#5835 = ADVANCED_FACE('',(#5836),#5743,.F.);
#5836 = FACE_BOUND('',#5837,.F.);
#5837 = EDGE_LOOP('',(#5838,#5859,#5860,#5881));
#5838 = ORIENTED_EDGE('',*,*,#5839,.F.);
#5839 = EDGE_CURVE('',#5720,#5840,#5842,.T.);
#5840 = VERTEX_POINT('',#5841);
#5841 = CARTESIAN_POINT('',(7.5,-4.55531882407E-16,-0.6));
#5842 = SURFACE_CURVE('',#5843,(#5847,#5853),.PCURVE_S1.);
#5843 = LINE('',#5844,#5845);
#5844 = CARTESIAN_POINT('',(-20.,0.,-0.6));
#5845 = VECTOR('',#5846,1.);
#5846 = DIRECTION('',(-1.,0.,0.));
#5847 = PCURVE('',#5743,#5848);
#5848 = DEFINITIONAL_REPRESENTATION('',(#5849),#5852);
#5849 = B_SPLINE_CURVE_WITH_KNOTS('',1,(#5850,#5851),.UNSPECIFIED.,.F.,
  .F.,(2,2),(-28.5,-11.5),.PIECEWISE_BEZIER_KNOTS.);
#5850 = CARTESIAN_POINT('',(8.5,-6.182685985047E-16));
#5851 = CARTESIAN_POINT('',(-8.5,-6.182685985047E-16));
#5852 = ( GEOMETRIC_REPRESENTATION_CONTEXT(2)
PARAMETRIC_REPRESENTATION_CONTEXT() REPRESENTATION_CONTEXT('2D SPACE',''
  ) );
#5853 = PCURVE('',#5771,#5854);
#5854 = DEFINITIONAL_REPRESENTATION('',(#5855),#5858);
#5855 = B_SPLINE_CURVE_WITH_KNOTS('',1,(#5856,#5857),.UNSPECIFIED.,.F.,
  .F.,(2,2),(-28.5,-11.5),.PIECEWISE_BEZIER_KNOTS.);
#5856 = CARTESIAN_POINT('',(79.4,48.5));
#5857 = CARTESIAN_POINT('',(79.4,31.5));
#5858 = ( GEOMETRIC_REPRESENTATION_CONTEXT(2)
PARAMETRIC_REPRESENTATION_CONTEXT() REPRESENTATION_CONTEXT('2D SPACE',''
  ) );
#5859 = ORIENTED_EDGE('',*,*,#5719,.T.);
#5860 = ORIENTED_EDGE('',*,*,#5861,.F.);
#5861 = EDGE_CURVE('',#5862,#5722,#5864,.T.);
#5862 = VERTEX_POINT('',#5863);
#5863 = CARTESIAN_POINT('',(-7.5,4.629532169535E-16,-0.6));
#5864 = SURFACE_CURVE('',#5865,(#5869,#5875),.PCURVE_S1.);
#5865 = LINE('',#5866,#5867);
#5866 = CARTESIAN_POINT('',(-20.,0.,-0.6));
#5867 = VECTOR('',#5868,1.);
#5868 = DIRECTION('',(-1.,0.,0.));
#5869 = PCURVE('',#5743,#5870);
#5870 = DEFINITIONAL_REPRESENTATION('',(#5871),#5874);
#5871 = B_SPLINE_CURVE_WITH_KNOTS('',1,(#5872,#5873),.UNSPECIFIED.,.F.,
  .F.,(2,2),(-28.5,-11.5),.PIECEWISE_BEZIER_KNOTS.);
#5872 = CARTESIAN_POINT('',(8.5,-6.182685985047E-16));
#5873 = CARTESIAN_POINT('',(-8.5,-6.182685985047E-16));
#5874 = ( GEOMETRIC_REPRESENTATION_CONTEXT(2)
PARAMETRIC_REPRESENTATION_CONTEXT() REPRESENTATION_CONTEXT('2D SPACE',''
  ) );
#5875 = PCURVE('',#5825,#5876);
#5876 = DEFINITIONAL_REPRESENTATION('',(#5877),#5880);
#5877 = B_SPLINE_CURVE_WITH_KNOTS('',1,(#5878,#5879),.UNSPECIFIED.,.F.,
  .F.,(2,2),(-28.5,-11.5),.PIECEWISE_BEZIER_KNOTS.);
#5878 = CARTESIAN_POINT('',(79.4,48.5));
#5879 = CARTESIAN_POINT('',(79.4,31.5));
#5880 = ( GEOMETRIC_REPRESENTATION_CONTEXT(2)
PARAMETRIC_REPRESENTATION_CONTEXT() REPRESENTATION_CONTEXT('2D SPACE',''
  ) );
#5881 = ORIENTED_EDGE('',*,*,#5882,.F.);
#5882 = EDGE_CURVE('',#5840,#5862,#5883,.T.);
#5883 = SURFACE_CURVE('',#5884,(#5889,#5896),.PCURVE_S1.);
#5884 = CIRCLE('',#5885,7.5);
#5885 = AXIS2_PLACEMENT_3D('',#5886,#5887,#5888);
#5886 = CARTESIAN_POINT('',(4.068161849901E-14,-4.55531882407E-16,-0.6)
  );
#5887 = DIRECTION('',(0.,0.,1.));
#5888 = DIRECTION('',(1.,0.,0.));
#5889 = PCURVE('',#5743,#5890);
#5890 = DEFINITIONAL_REPRESENTATION('',(#5891),#5895);
#5891 = CIRCLE('',#5892,7.5);
#5892 = AXIS2_PLACEMENT_2D('',#5893,#5894);
#5893 = CARTESIAN_POINT('',(4.132511973786E-14,-1.073800480912E-15));
#5894 = DIRECTION('',(1.,0.));
#5895 = ( GEOMETRIC_REPRESENTATION_CONTEXT(2)
PARAMETRIC_REPRESENTATION_CONTEXT() REPRESENTATION_CONTEXT('2D SPACE',''
  ) );
#5896 = PCURVE('',#5897,#5902);
#5897 = CYLINDRICAL_SURFACE('',#5898,7.5);
#5898 = AXIS2_PLACEMENT_3D('',#5899,#5900,#5901);
#5899 = CARTESIAN_POINT('',(4.068161849901E-14,-4.55531882407E-16,-0.6)
  );
#5900 = DIRECTION('',(-0.,-0.,-1.));
#5901 = DIRECTION('',(1.,0.,0.));
#5902 = DEFINITIONAL_REPRESENTATION('',(#5903),#5907);
#5903 = LINE('',#5904,#5905);
#5904 = CARTESIAN_POINT('',(-0.,0.));
#5905 = VECTOR('',#5906,1.);
#5906 = DIRECTION('',(-1.,0.));
#5907 = ( GEOMETRIC_REPRESENTATION_CONTEXT(2)
PARAMETRIC_REPRESENTATION_CONTEXT() REPRESENTATION_CONTEXT('2D SPACE',''
  ) );
#5908 = ADVANCED_FACE('',(#5909),#5825,.F.);
#5909 = FACE_BOUND('',#5910,.F.);
#5910 = EDGE_LOOP('',(#5911,#5912,#5933,#5952));
#5911 = ORIENTED_EDGE('',*,*,#5812,.F.);
#5912 = ORIENTED_EDGE('',*,*,#5913,.F.);
#5913 = EDGE_CURVE('',#5914,#5784,#5916,.T.);
#5914 = VERTEX_POINT('',#5915);
#5915 = CARTESIAN_POINT('',(-7.5,4.629532169535E-16,-0.25));
#5916 = SURFACE_CURVE('',#5917,(#5921,#5927),.PCURVE_S1.);
#5917 = LINE('',#5918,#5919);
#5918 = CARTESIAN_POINT('',(-20.,0.,-0.25));
#5919 = VECTOR('',#5920,1.);
#5920 = DIRECTION('',(-1.,0.,0.));
#5921 = PCURVE('',#5825,#5922);
#5922 = DEFINITIONAL_REPRESENTATION('',(#5923),#5926);
#5923 = B_SPLINE_CURVE_WITH_KNOTS('',1,(#5924,#5925),.UNSPECIFIED.,.F.,
  .F.,(2,2),(-28.5,-11.5),.PIECEWISE_BEZIER_KNOTS.);
#5924 = CARTESIAN_POINT('',(79.75,48.5));
#5925 = CARTESIAN_POINT('',(79.75,31.5));
#5926 = ( GEOMETRIC_REPRESENTATION_CONTEXT(2)
PARAMETRIC_REPRESENTATION_CONTEXT() REPRESENTATION_CONTEXT('2D SPACE',''
  ) );
#5927 = PCURVE('',#5800,#5928);
#5928 = DEFINITIONAL_REPRESENTATION('',(#5929),#5932);
#5929 = B_SPLINE_CURVE_WITH_KNOTS('',1,(#5930,#5931),.UNSPECIFIED.,.F.,
  .F.,(2,2),(-28.5,-11.5),.PIECEWISE_BEZIER_KNOTS.);
#5930 = CARTESIAN_POINT('',(8.5,-6.182685985047E-16));
#5931 = CARTESIAN_POINT('',(-8.5,-6.182685985047E-16));
#5932 = ( GEOMETRIC_REPRESENTATION_CONTEXT(2)
PARAMETRIC_REPRESENTATION_CONTEXT() REPRESENTATION_CONTEXT('2D SPACE',''
  ) );
#5933 = ORIENTED_EDGE('',*,*,#5934,.T.);
#5934 = EDGE_CURVE('',#5914,#5862,#5935,.T.);
#5935 = SURFACE_CURVE('',#5936,(#5940,#5946),.PCURVE_S1.);
#5936 = LINE('',#5937,#5938);
#5937 = CARTESIAN_POINT('',(-7.5,0.,-0.6));
#5938 = VECTOR('',#5939,1.);
#5939 = DIRECTION('',(-0.,-0.,-1.));
#5940 = PCURVE('',#5825,#5941);
#5941 = DEFINITIONAL_REPRESENTATION('',(#5942),#5945);
#5942 = B_SPLINE_CURVE_WITH_KNOTS('',1,(#5943,#5944),.UNSPECIFIED.,.F.,
  .F.,(2,2),(-0.3500006,6.000000000173E-07),.PIECEWISE_BEZIER_KNOTS.);
#5943 = CARTESIAN_POINT('',(79.7500006,32.5));
#5944 = CARTESIAN_POINT('',(79.3999994,32.5));
#5945 = ( GEOMETRIC_REPRESENTATION_CONTEXT(2)
PARAMETRIC_REPRESENTATION_CONTEXT() REPRESENTATION_CONTEXT('2D SPACE',''
  ) );
#5946 = PCURVE('',#5897,#5947);
#5947 = DEFINITIONAL_REPRESENTATION('',(#5948),#5951);
#5948 = B_SPLINE_CURVE_WITH_KNOTS('',1,(#5949,#5950),.UNSPECIFIED.,.F.,
  .F.,(2,2),(-0.3500006,6.000000000173E-07),.PIECEWISE_BEZIER_KNOTS.);
#5949 = CARTESIAN_POINT('',(-3.14159265359,-0.3500006));
#5950 = CARTESIAN_POINT('',(-3.14159265359,6.000000000173E-07));
#5951 = ( GEOMETRIC_REPRESENTATION_CONTEXT(2)
PARAMETRIC_REPRESENTATION_CONTEXT() REPRESENTATION_CONTEXT('2D SPACE',''
  ) );
#5952 = ORIENTED_EDGE('',*,*,#5861,.T.);
#5953 = ADVANCED_FACE('',(#5954),#5800,.T.);
#5954 = FACE_BOUND('',#5955,.T.);
#5955 = EDGE_LOOP('',(#5956,#5977,#5978,#5979));
#5956 = ORIENTED_EDGE('',*,*,#5957,.F.);
#5957 = EDGE_CURVE('',#5756,#5958,#5960,.T.);
#5958 = VERTEX_POINT('',#5959);
#5959 = CARTESIAN_POINT('',(7.5,-4.55531882407E-16,-0.25));
#5960 = SURFACE_CURVE('',#5961,(#5965,#5971),.PCURVE_S1.);
#5961 = LINE('',#5962,#5963);
#5962 = CARTESIAN_POINT('',(-20.,0.,-0.25));
#5963 = VECTOR('',#5964,1.);
#5964 = DIRECTION('',(-1.,0.,0.));
#5965 = PCURVE('',#5800,#5966);
#5966 = DEFINITIONAL_REPRESENTATION('',(#5967),#5970);
#5967 = B_SPLINE_CURVE_WITH_KNOTS('',1,(#5968,#5969),.UNSPECIFIED.,.F.,
  .F.,(2,2),(-28.5,-11.5),.PIECEWISE_BEZIER_KNOTS.);
#5968 = CARTESIAN_POINT('',(8.5,-6.182685985047E-16));
#5969 = CARTESIAN_POINT('',(-8.5,-6.182685985047E-16));
#5970 = ( GEOMETRIC_REPRESENTATION_CONTEXT(2)
PARAMETRIC_REPRESENTATION_CONTEXT() REPRESENTATION_CONTEXT('2D SPACE',''
  ) );
#5971 = PCURVE('',#5771,#5972);
#5972 = DEFINITIONAL_REPRESENTATION('',(#5973),#5976);
#5973 = B_SPLINE_CURVE_WITH_KNOTS('',1,(#5974,#5975),.UNSPECIFIED.,.F.,
  .F.,(2,2),(-28.5,-11.5),.PIECEWISE_BEZIER_KNOTS.);
#5974 = CARTESIAN_POINT('',(79.75,48.5));
#5975 = CARTESIAN_POINT('',(79.75,31.5));
#5976 = ( GEOMETRIC_REPRESENTATION_CONTEXT(2)
PARAMETRIC_REPRESENTATION_CONTEXT() REPRESENTATION_CONTEXT('2D SPACE',''
  ) );
#5977 = ORIENTED_EDGE('',*,*,#5783,.T.);
#5978 = ORIENTED_EDGE('',*,*,#5913,.F.);
#5979 = ORIENTED_EDGE('',*,*,#5980,.F.);
#5980 = EDGE_CURVE('',#5958,#5914,#5981,.T.);
#5981 = SURFACE_CURVE('',#5982,(#5987,#5994),.PCURVE_S1.);
#5982 = CIRCLE('',#5983,7.5);
#5983 = AXIS2_PLACEMENT_3D('',#5984,#5985,#5986);
#5984 = CARTESIAN_POINT('',(4.068161849901E-14,-4.55531882407E-16,-0.25)
  );
#5985 = DIRECTION('',(0.,0.,1.));
#5986 = DIRECTION('',(1.,0.,0.));
#5987 = PCURVE('',#5800,#5988);
#5988 = DEFINITIONAL_REPRESENTATION('',(#5989),#5993);
#5989 = CIRCLE('',#5990,7.5);
#5990 = AXIS2_PLACEMENT_2D('',#5991,#5992);
#5991 = CARTESIAN_POINT('',(4.132511973786E-14,-1.073800480912E-15));
#5992 = DIRECTION('',(1.,0.));
#5993 = ( GEOMETRIC_REPRESENTATION_CONTEXT(2)
PARAMETRIC_REPRESENTATION_CONTEXT() REPRESENTATION_CONTEXT('2D SPACE',''
  ) );
#5994 = PCURVE('',#5897,#5995);
#5995 = DEFINITIONAL_REPRESENTATION('',(#5996),#6000);
#5996 = LINE('',#5997,#5998);
#5997 = CARTESIAN_POINT('',(-0.,-0.35));
#5998 = VECTOR('',#5999,1.);
#5999 = DIRECTION('',(-1.,0.));
#6000 = ( GEOMETRIC_REPRESENTATION_CONTEXT(2)
PARAMETRIC_REPRESENTATION_CONTEXT() REPRESENTATION_CONTEXT('2D SPACE',''
  ) );
#6001 = ADVANCED_FACE('',(#6002),#5771,.F.);
#6002 = FACE_BOUND('',#6003,.F.);
#6003 = EDGE_LOOP('',(#6004,#6005,#6006,#6027));
#6004 = ORIENTED_EDGE('',*,*,#5755,.F.);
#6005 = ORIENTED_EDGE('',*,*,#5839,.T.);
#6006 = ORIENTED_EDGE('',*,*,#6007,.T.);
#6007 = EDGE_CURVE('',#5840,#5958,#6008,.T.);
#6008 = SURFACE_CURVE('',#6009,(#6013,#6020),.PCURVE_S1.);
#6009 = LINE('',#6010,#6011);
#6010 = CARTESIAN_POINT('',(7.5,-4.55531882407E-16,-0.6));
#6011 = VECTOR('',#6012,1.);
#6012 = DIRECTION('',(0.,0.,1.));
#6013 = PCURVE('',#5771,#6014);
#6014 = DEFINITIONAL_REPRESENTATION('',(#6015),#6019);
#6015 = LINE('',#6016,#6017);
#6016 = CARTESIAN_POINT('',(79.4,47.5));
#6017 = VECTOR('',#6018,1.);
#6018 = DIRECTION('',(1.,0.));
#6019 = ( GEOMETRIC_REPRESENTATION_CONTEXT(2)
PARAMETRIC_REPRESENTATION_CONTEXT() REPRESENTATION_CONTEXT('2D SPACE',''
  ) );
#6020 = PCURVE('',#5897,#6021);
#6021 = DEFINITIONAL_REPRESENTATION('',(#6022),#6026);
#6022 = LINE('',#6023,#6024);
#6023 = CARTESIAN_POINT('',(-0.,0.));
#6024 = VECTOR('',#6025,1.);
#6025 = DIRECTION('',(-0.,-1.));
#6026 = ( GEOMETRIC_REPRESENTATION_CONTEXT(2)
PARAMETRIC_REPRESENTATION_CONTEXT() REPRESENTATION_CONTEXT('2D SPACE',''
  ) );
#6027 = ORIENTED_EDGE('',*,*,#5957,.F.);
#6028 = ADVANCED_FACE('',(#6029),#5897,.F.);
#6029 = FACE_BOUND('',#6030,.T.);
#6030 = EDGE_LOOP('',(#6031,#6032,#6033,#6034));
#6031 = ORIENTED_EDGE('',*,*,#5882,.F.);
#6032 = ORIENTED_EDGE('',*,*,#6007,.T.);
#6033 = ORIENTED_EDGE('',*,*,#5980,.T.);
#6034 = ORIENTED_EDGE('',*,*,#5934,.T.);
#6035 = ( GEOMETRIC_REPRESENTATION_CONTEXT(3)
GLOBAL_UNCERTAINTY_ASSIGNED_CONTEXT((#6039))
GLOBAL_UNIT_ASSIGNED_CONTEXT((#6036,#6037,#6038)) REPRESENTATION_CONTEXT
('Context #1','3D Context with UNIT and UNCERTAINTY') );
#6036 = ( LENGTH_UNIT() NAMED_UNIT(*) SI_UNIT(.MILLI.,.METRE.) );
#6037 = ( NAMED_UNIT(*) PLANE_ANGLE_UNIT() SI_UNIT($,.RADIAN.) );
#6038 = ( NAMED_UNIT(*) SI_UNIT($,.STERADIAN.) SOLID_ANGLE_UNIT() );
#6039 = UNCERTAINTY_MEASURE_WITH_UNIT(LENGTH_MEASURE(2.E-07),#6036,
  'distance_accuracy_value','confusion accuracy');
#6040 = CONTEXT_DEPENDENT_SHAPE_REPRESENTATION(#6041,#6043);
#6041 = ( REPRESENTATION_RELATIONSHIP('','',#5712,#10)
REPRESENTATION_RELATIONSHIP_WITH_TRANSFORMATION(#6042)
SHAPE_REPRESENTATION_RELATIONSHIP() );
#6042 = ITEM_DEFINED_TRANSFORMATION('','',#11,#47);
#6043 = PRODUCT_DEFINITION_SHAPE('Placement','Placement of an item',
  #6044);
#6044 = NEXT_ASSEMBLY_USAGE_OCCURRENCE('97','outer_seal_clamp','',#5,
  #5707,$);
#6045 = PRODUCT_RELATED_PRODUCT_CATEGORY('part',$,(#5709));
#6046 = SHAPE_DEFINITION_REPRESENTATION(#6047,#6053);
#6047 = PRODUCT_DEFINITION_SHAPE('','',#6048);
#6048 = PRODUCT_DEFINITION('design','',#6049,#6052);
#6049 = PRODUCT_DEFINITION_FORMATION('','',#6050);
#6050 = PRODUCT('static_glass_aperture_seal_ENVELOPE',
  'static_glass_aperture_seal_ENVELOPE','',(#6051));
#6051 = PRODUCT_CONTEXT('',#2,'mechanical');
#6052 = PRODUCT_DEFINITION_CONTEXT('part definition',#2,'design');
#6053 = ADVANCED_BREP_SHAPE_REPRESENTATION('',(#11,#6054),#6376);
#6054 = MANIFOLD_SOLID_BREP('',#6055);
#6055 = CLOSED_SHELL('',(#6056,#6176,#6249,#6294,#6342,#6369));
#6056 = ADVANCED_FACE('',(#6057),#6072,.T.);
#6057 = FACE_BOUND('',#6058,.F.);
#6058 = EDGE_LOOP('',(#6059,#6095,#6123,#6152));
#6059 = ORIENTED_EDGE('',*,*,#6060,.F.);
#6060 = EDGE_CURVE('',#6061,#6063,#6065,.T.);
#6061 = VERTEX_POINT('',#6062);
#6062 = CARTESIAN_POINT('',(9.,0.,-4.));
#6063 = VERTEX_POINT('',#6064);
#6064 = CARTESIAN_POINT('',(-9.,1.102182119233E-15,-4.));
#6065 = SURFACE_CURVE('',#6066,(#6071,#6083),.PCURVE_S1.);
#6066 = CIRCLE('',#6067,9.);
#6067 = AXIS2_PLACEMENT_3D('',#6068,#6069,#6070);
#6068 = CARTESIAN_POINT('',(0.,0.,-4.));
#6069 = DIRECTION('',(0.,0.,1.));
#6070 = DIRECTION('',(1.,0.,0.));
#6071 = PCURVE('',#6072,#6077);
#6072 = CYLINDRICAL_SURFACE('',#6073,9.);
#6073 = AXIS2_PLACEMENT_3D('',#6074,#6075,#6076);
#6074 = CARTESIAN_POINT('',(0.,0.,-4.));
#6075 = DIRECTION('',(-0.,-0.,-1.));
#6076 = DIRECTION('',(1.,0.,0.));
#6077 = DEFINITIONAL_REPRESENTATION('',(#6078),#6082);
#6078 = LINE('',#6079,#6080);
#6079 = CARTESIAN_POINT('',(-0.,0.));
#6080 = VECTOR('',#6081,1.);
#6081 = DIRECTION('',(-1.,0.));
#6082 = ( GEOMETRIC_REPRESENTATION_CONTEXT(2)
PARAMETRIC_REPRESENTATION_CONTEXT() REPRESENTATION_CONTEXT('2D SPACE',''
  ) );
#6083 = PCURVE('',#6084,#6089);
#6084 = PLANE('',#6085);
#6085 = AXIS2_PLACEMENT_3D('',#6086,#6087,#6088);
#6086 = CARTESIAN_POINT('',(-3.038755850088E-16,2.403571302733E-16,-4.)
  );
#6087 = DIRECTION('',(0.,0.,1.));
#6088 = DIRECTION('',(1.,0.,-0.));
#6089 = DEFINITIONAL_REPRESENTATION('',(#6090),#6094);
#6090 = CIRCLE('',#6091,9.);
#6091 = AXIS2_PLACEMENT_2D('',#6092,#6093);
#6092 = CARTESIAN_POINT('',(3.038755850088E-16,-2.403571302733E-16));
#6093 = DIRECTION('',(1.,0.));
#6094 = ( GEOMETRIC_REPRESENTATION_CONTEXT(2)
PARAMETRIC_REPRESENTATION_CONTEXT() REPRESENTATION_CONTEXT('2D SPACE',''
  ) );
#6095 = ORIENTED_EDGE('',*,*,#6096,.T.);
#6096 = EDGE_CURVE('',#6061,#6097,#6099,.T.);
#6097 = VERTEX_POINT('',#6098);
#6098 = CARTESIAN_POINT('',(9.,0.,-0.25));
#6099 = SURFACE_CURVE('',#6100,(#6104,#6111),.PCURVE_S1.);
#6100 = LINE('',#6101,#6102);
#6101 = CARTESIAN_POINT('',(9.,0.,-4.));
#6102 = VECTOR('',#6103,1.);
#6103 = DIRECTION('',(0.,0.,1.));
#6104 = PCURVE('',#6072,#6105);
#6105 = DEFINITIONAL_REPRESENTATION('',(#6106),#6110);
#6106 = LINE('',#6107,#6108);
#6107 = CARTESIAN_POINT('',(-0.,0.));
#6108 = VECTOR('',#6109,1.);
#6109 = DIRECTION('',(-0.,-1.));
#6110 = ( GEOMETRIC_REPRESENTATION_CONTEXT(2)
PARAMETRIC_REPRESENTATION_CONTEXT() REPRESENTATION_CONTEXT('2D SPACE',''
  ) );
#6111 = PCURVE('',#6112,#6117);
#6112 = PLANE('',#6113);
#6113 = AXIS2_PLACEMENT_3D('',#6114,#6115,#6116);
#6114 = CARTESIAN_POINT('',(-40.,0.,-80.));
#6115 = DIRECTION('',(0.,1.,0.));
#6116 = DIRECTION('',(0.,0.,1.));
#6117 = DEFINITIONAL_REPRESENTATION('',(#6118),#6122);
#6118 = LINE('',#6119,#6120);
#6119 = CARTESIAN_POINT('',(76.,49.));
#6120 = VECTOR('',#6121,1.);
#6121 = DIRECTION('',(1.,0.));
#6122 = ( GEOMETRIC_REPRESENTATION_CONTEXT(2)
PARAMETRIC_REPRESENTATION_CONTEXT() REPRESENTATION_CONTEXT('2D SPACE',''
  ) );
#6123 = ORIENTED_EDGE('',*,*,#6124,.T.);
#6124 = EDGE_CURVE('',#6097,#6125,#6127,.T.);
#6125 = VERTEX_POINT('',#6126);
#6126 = CARTESIAN_POINT('',(-9.,1.102182119233E-15,-0.25));
#6127 = SURFACE_CURVE('',#6128,(#6133,#6140),.PCURVE_S1.);
#6128 = CIRCLE('',#6129,9.);
#6129 = AXIS2_PLACEMENT_3D('',#6130,#6131,#6132);
#6130 = CARTESIAN_POINT('',(0.,0.,-0.25));
#6131 = DIRECTION('',(0.,0.,1.));
#6132 = DIRECTION('',(1.,0.,0.));
#6133 = PCURVE('',#6072,#6134);
#6134 = DEFINITIONAL_REPRESENTATION('',(#6135),#6139);
#6135 = LINE('',#6136,#6137);
#6136 = CARTESIAN_POINT('',(-0.,-3.75));
#6137 = VECTOR('',#6138,1.);
#6138 = DIRECTION('',(-1.,0.));
#6139 = ( GEOMETRIC_REPRESENTATION_CONTEXT(2)
PARAMETRIC_REPRESENTATION_CONTEXT() REPRESENTATION_CONTEXT('2D SPACE',''
  ) );
#6140 = PCURVE('',#6141,#6146);
#6141 = PLANE('',#6142);
#6142 = AXIS2_PLACEMENT_3D('',#6143,#6144,#6145);
#6143 = CARTESIAN_POINT('',(-3.038755850088E-16,2.403571302733E-16,-0.25
    ));
#6144 = DIRECTION('',(0.,0.,1.));
#6145 = DIRECTION('',(1.,0.,-0.));
#6146 = DEFINITIONAL_REPRESENTATION('',(#6147),#6151);
#6147 = CIRCLE('',#6148,9.);
#6148 = AXIS2_PLACEMENT_2D('',#6149,#6150);
#6149 = CARTESIAN_POINT('',(3.038755850088E-16,-2.403571302733E-16));
#6150 = DIRECTION('',(1.,0.));
#6151 = ( GEOMETRIC_REPRESENTATION_CONTEXT(2)
PARAMETRIC_REPRESENTATION_CONTEXT() REPRESENTATION_CONTEXT('2D SPACE',''
  ) );
#6152 = ORIENTED_EDGE('',*,*,#6153,.T.);
#6153 = EDGE_CURVE('',#6125,#6063,#6154,.T.);
#6154 = SURFACE_CURVE('',#6155,(#6159,#6165),.PCURVE_S1.);
#6155 = LINE('',#6156,#6157);
#6156 = CARTESIAN_POINT('',(-9.,0.,-4.));
#6157 = VECTOR('',#6158,1.);
#6158 = DIRECTION('',(-0.,-0.,-1.));
#6159 = PCURVE('',#6072,#6160);
#6160 = DEFINITIONAL_REPRESENTATION('',(#6161),#6164);
#6161 = B_SPLINE_CURVE_WITH_KNOTS('',1,(#6162,#6163),.UNSPECIFIED.,.F.,
  .F.,(2,2),(-3.7500006,5.999999999062E-07),.PIECEWISE_BEZIER_KNOTS.);
#6162 = CARTESIAN_POINT('',(-3.14159265359,-3.7500006));
#6163 = CARTESIAN_POINT('',(-3.14159265359,5.999999999062E-07));
#6164 = ( GEOMETRIC_REPRESENTATION_CONTEXT(2)
PARAMETRIC_REPRESENTATION_CONTEXT() REPRESENTATION_CONTEXT('2D SPACE',''
  ) );
#6165 = PCURVE('',#6166,#6171);
#6166 = PLANE('',#6167);
#6167 = AXIS2_PLACEMENT_3D('',#6168,#6169,#6170);
#6168 = CARTESIAN_POINT('',(-40.,0.,-80.));
#6169 = DIRECTION('',(0.,1.,0.));
#6170 = DIRECTION('',(0.,0.,1.));
#6171 = DEFINITIONAL_REPRESENTATION('',(#6172),#6175);
#6172 = B_SPLINE_CURVE_WITH_KNOTS('',1,(#6173,#6174),.UNSPECIFIED.,.F.,
  .F.,(2,2),(-3.7500006,5.999999999062E-07),.PIECEWISE_BEZIER_KNOTS.);
#6173 = CARTESIAN_POINT('',(79.7500006,31.));
#6174 = CARTESIAN_POINT('',(75.9999994,31.));
#6175 = ( GEOMETRIC_REPRESENTATION_CONTEXT(2)
PARAMETRIC_REPRESENTATION_CONTEXT() REPRESENTATION_CONTEXT('2D SPACE',''
  ) );
#6176 = ADVANCED_FACE('',(#6177),#6084,.F.);
#6177 = FACE_BOUND('',#6178,.F.);
#6178 = EDGE_LOOP('',(#6179,#6200,#6201,#6222));
#6179 = ORIENTED_EDGE('',*,*,#6180,.F.);
#6180 = EDGE_CURVE('',#6061,#6181,#6183,.T.);
#6181 = VERTEX_POINT('',#6182);
#6182 = CARTESIAN_POINT('',(8.5,-9.52093560636E-18,-4.));
#6183 = SURFACE_CURVE('',#6184,(#6188,#6194),.PCURVE_S1.);
#6184 = LINE('',#6185,#6186);
#6185 = CARTESIAN_POINT('',(-20.,0.,-4.));
#6186 = VECTOR('',#6187,1.);
#6187 = DIRECTION('',(-1.,0.,0.));
#6188 = PCURVE('',#6084,#6189);
#6189 = DEFINITIONAL_REPRESENTATION('',(#6190),#6193);
#6190 = B_SPLINE_CURVE_WITH_KNOTS('',1,(#6191,#6192),.UNSPECIFIED.,.F.,
  .F.,(2,2),(-29.,-11.),.PIECEWISE_BEZIER_KNOTS.);
#6191 = CARTESIAN_POINT('',(9.,-2.403571302733E-16));
#6192 = CARTESIAN_POINT('',(-9.,-2.403571302733E-16));
#6193 = ( GEOMETRIC_REPRESENTATION_CONTEXT(2)
PARAMETRIC_REPRESENTATION_CONTEXT() REPRESENTATION_CONTEXT('2D SPACE',''
  ) );
#6194 = PCURVE('',#6112,#6195);
#6195 = DEFINITIONAL_REPRESENTATION('',(#6196),#6199);
#6196 = B_SPLINE_CURVE_WITH_KNOTS('',1,(#6197,#6198),.UNSPECIFIED.,.F.,
  .F.,(2,2),(-29.,-11.),.PIECEWISE_BEZIER_KNOTS.);
#6197 = CARTESIAN_POINT('',(76.,49.));
#6198 = CARTESIAN_POINT('',(76.,31.));
#6199 = ( GEOMETRIC_REPRESENTATION_CONTEXT(2)
PARAMETRIC_REPRESENTATION_CONTEXT() REPRESENTATION_CONTEXT('2D SPACE',''
  ) );
#6200 = ORIENTED_EDGE('',*,*,#6060,.T.);
#6201 = ORIENTED_EDGE('',*,*,#6202,.F.);
#6202 = EDGE_CURVE('',#6203,#6063,#6205,.T.);
#6203 = VERTEX_POINT('',#6204);
#6204 = CARTESIAN_POINT('',(-8.5,1.031428843669E-15,-4.));
#6205 = SURFACE_CURVE('',#6206,(#6210,#6216),.PCURVE_S1.);
#6206 = LINE('',#6207,#6208);
#6207 = CARTESIAN_POINT('',(-20.,0.,-4.));
#6208 = VECTOR('',#6209,1.);
#6209 = DIRECTION('',(-1.,0.,0.));
#6210 = PCURVE('',#6084,#6211);
#6211 = DEFINITIONAL_REPRESENTATION('',(#6212),#6215);
#6212 = B_SPLINE_CURVE_WITH_KNOTS('',1,(#6213,#6214),.UNSPECIFIED.,.F.,
  .F.,(2,2),(-29.,-11.),.PIECEWISE_BEZIER_KNOTS.);
#6213 = CARTESIAN_POINT('',(9.,-2.403571302733E-16));
#6214 = CARTESIAN_POINT('',(-9.,-2.403571302733E-16));
#6215 = ( GEOMETRIC_REPRESENTATION_CONTEXT(2)
PARAMETRIC_REPRESENTATION_CONTEXT() REPRESENTATION_CONTEXT('2D SPACE',''
  ) );
#6216 = PCURVE('',#6166,#6217);
#6217 = DEFINITIONAL_REPRESENTATION('',(#6218),#6221);
#6218 = B_SPLINE_CURVE_WITH_KNOTS('',1,(#6219,#6220),.UNSPECIFIED.,.F.,
  .F.,(2,2),(-29.,-11.),.PIECEWISE_BEZIER_KNOTS.);
#6219 = CARTESIAN_POINT('',(76.,49.));
#6220 = CARTESIAN_POINT('',(76.,31.));
#6221 = ( GEOMETRIC_REPRESENTATION_CONTEXT(2)
PARAMETRIC_REPRESENTATION_CONTEXT() REPRESENTATION_CONTEXT('2D SPACE',''
  ) );
#6222 = ORIENTED_EDGE('',*,*,#6223,.F.);
#6223 = EDGE_CURVE('',#6181,#6203,#6224,.T.);
#6224 = SURFACE_CURVE('',#6225,(#6230,#6237),.PCURVE_S1.);
#6225 = CIRCLE('',#6226,8.5);
#6226 = AXIS2_PLACEMENT_3D('',#6227,#6228,#6229);
#6227 = CARTESIAN_POINT('',(4.293269938937E-14,-9.52093560636E-18,-4.));
#6228 = DIRECTION('',(0.,0.,1.));
#6229 = DIRECTION('',(1.,0.,0.));
#6230 = PCURVE('',#6084,#6231);
#6231 = DEFINITIONAL_REPRESENTATION('',(#6232),#6236);
#6232 = CIRCLE('',#6233,8.5);
#6233 = AXIS2_PLACEMENT_2D('',#6234,#6235);
#6234 = CARTESIAN_POINT('',(4.323657497438E-14,-2.498780658797E-16));
#6235 = DIRECTION('',(1.,0.));
#6236 = ( GEOMETRIC_REPRESENTATION_CONTEXT(2)
PARAMETRIC_REPRESENTATION_CONTEXT() REPRESENTATION_CONTEXT('2D SPACE',''
  ) );
#6237 = PCURVE('',#6238,#6243);
#6238 = CYLINDRICAL_SURFACE('',#6239,8.5);
#6239 = AXIS2_PLACEMENT_3D('',#6240,#6241,#6242);
#6240 = CARTESIAN_POINT('',(4.293269938937E-14,-9.52093560636E-18,-4.));
#6241 = DIRECTION('',(-0.,-0.,-1.));
#6242 = DIRECTION('',(1.,0.,0.));
#6243 = DEFINITIONAL_REPRESENTATION('',(#6244),#6248);
#6244 = LINE('',#6245,#6246);
#6245 = CARTESIAN_POINT('',(-0.,0.));
#6246 = VECTOR('',#6247,1.);
#6247 = DIRECTION('',(-1.,0.));
#6248 = ( GEOMETRIC_REPRESENTATION_CONTEXT(2)
PARAMETRIC_REPRESENTATION_CONTEXT() REPRESENTATION_CONTEXT('2D SPACE',''
  ) );
#6249 = ADVANCED_FACE('',(#6250),#6166,.F.);
#6250 = FACE_BOUND('',#6251,.F.);
#6251 = EDGE_LOOP('',(#6252,#6253,#6274,#6293));
#6252 = ORIENTED_EDGE('',*,*,#6153,.F.);
#6253 = ORIENTED_EDGE('',*,*,#6254,.F.);
#6254 = EDGE_CURVE('',#6255,#6125,#6257,.T.);
#6255 = VERTEX_POINT('',#6256);
#6256 = CARTESIAN_POINT('',(-8.5,1.031428843669E-15,-0.25));
#6257 = SURFACE_CURVE('',#6258,(#6262,#6268),.PCURVE_S1.);
#6258 = LINE('',#6259,#6260);
#6259 = CARTESIAN_POINT('',(-20.,0.,-0.25));
#6260 = VECTOR('',#6261,1.);
#6261 = DIRECTION('',(-1.,0.,0.));
#6262 = PCURVE('',#6166,#6263);
#6263 = DEFINITIONAL_REPRESENTATION('',(#6264),#6267);
#6264 = B_SPLINE_CURVE_WITH_KNOTS('',1,(#6265,#6266),.UNSPECIFIED.,.F.,
  .F.,(2,2),(-29.,-11.),.PIECEWISE_BEZIER_KNOTS.);
#6265 = CARTESIAN_POINT('',(79.75,49.));
#6266 = CARTESIAN_POINT('',(79.75,31.));
#6267 = ( GEOMETRIC_REPRESENTATION_CONTEXT(2)
PARAMETRIC_REPRESENTATION_CONTEXT() REPRESENTATION_CONTEXT('2D SPACE',''
  ) );
#6268 = PCURVE('',#6141,#6269);
#6269 = DEFINITIONAL_REPRESENTATION('',(#6270),#6273);
#6270 = B_SPLINE_CURVE_WITH_KNOTS('',1,(#6271,#6272),.UNSPECIFIED.,.F.,
  .F.,(2,2),(-29.,-11.),.PIECEWISE_BEZIER_KNOTS.);
#6271 = CARTESIAN_POINT('',(9.,-2.403571302733E-16));
#6272 = CARTESIAN_POINT('',(-9.,-2.403571302733E-16));
#6273 = ( GEOMETRIC_REPRESENTATION_CONTEXT(2)
PARAMETRIC_REPRESENTATION_CONTEXT() REPRESENTATION_CONTEXT('2D SPACE',''
  ) );
#6274 = ORIENTED_EDGE('',*,*,#6275,.T.);
#6275 = EDGE_CURVE('',#6255,#6203,#6276,.T.);
#6276 = SURFACE_CURVE('',#6277,(#6281,#6287),.PCURVE_S1.);
#6277 = LINE('',#6278,#6279);
#6278 = CARTESIAN_POINT('',(-8.5,0.,-4.));
#6279 = VECTOR('',#6280,1.);
#6280 = DIRECTION('',(-0.,-0.,-1.));
#6281 = PCURVE('',#6166,#6282);
#6282 = DEFINITIONAL_REPRESENTATION('',(#6283),#6286);
#6283 = B_SPLINE_CURVE_WITH_KNOTS('',1,(#6284,#6285),.UNSPECIFIED.,.F.,
  .F.,(2,2),(-3.7500006,5.999999999062E-07),.PIECEWISE_BEZIER_KNOTS.);
#6284 = CARTESIAN_POINT('',(79.7500006,31.5));
#6285 = CARTESIAN_POINT('',(75.9999994,31.5));
#6286 = ( GEOMETRIC_REPRESENTATION_CONTEXT(2)
PARAMETRIC_REPRESENTATION_CONTEXT() REPRESENTATION_CONTEXT('2D SPACE',''
  ) );
#6287 = PCURVE('',#6238,#6288);
#6288 = DEFINITIONAL_REPRESENTATION('',(#6289),#6292);
#6289 = B_SPLINE_CURVE_WITH_KNOTS('',1,(#6290,#6291),.UNSPECIFIED.,.F.,
  .F.,(2,2),(-3.7500006,5.999999999062E-07),.PIECEWISE_BEZIER_KNOTS.);
#6290 = CARTESIAN_POINT('',(-3.14159265359,-3.7500006));
#6291 = CARTESIAN_POINT('',(-3.14159265359,5.999999999062E-07));
#6292 = ( GEOMETRIC_REPRESENTATION_CONTEXT(2)
PARAMETRIC_REPRESENTATION_CONTEXT() REPRESENTATION_CONTEXT('2D SPACE',''
  ) );
#6293 = ORIENTED_EDGE('',*,*,#6202,.T.);
#6294 = ADVANCED_FACE('',(#6295),#6141,.T.);
#6295 = FACE_BOUND('',#6296,.T.);
#6296 = EDGE_LOOP('',(#6297,#6318,#6319,#6320));
#6297 = ORIENTED_EDGE('',*,*,#6298,.F.);
#6298 = EDGE_CURVE('',#6097,#6299,#6301,.T.);
#6299 = VERTEX_POINT('',#6300);
#6300 = CARTESIAN_POINT('',(8.5,-9.52093560636E-18,-0.25));
#6301 = SURFACE_CURVE('',#6302,(#6306,#6312),.PCURVE_S1.);
#6302 = LINE('',#6303,#6304);
#6303 = CARTESIAN_POINT('',(-20.,0.,-0.25));
#6304 = VECTOR('',#6305,1.);
#6305 = DIRECTION('',(-1.,0.,0.));
#6306 = PCURVE('',#6141,#6307);
#6307 = DEFINITIONAL_REPRESENTATION('',(#6308),#6311);
#6308 = B_SPLINE_CURVE_WITH_KNOTS('',1,(#6309,#6310),.UNSPECIFIED.,.F.,
  .F.,(2,2),(-29.,-11.),.PIECEWISE_BEZIER_KNOTS.);
#6309 = CARTESIAN_POINT('',(9.,-2.403571302733E-16));
#6310 = CARTESIAN_POINT('',(-9.,-2.403571302733E-16));
#6311 = ( GEOMETRIC_REPRESENTATION_CONTEXT(2)
PARAMETRIC_REPRESENTATION_CONTEXT() REPRESENTATION_CONTEXT('2D SPACE',''
  ) );
#6312 = PCURVE('',#6112,#6313);
#6313 = DEFINITIONAL_REPRESENTATION('',(#6314),#6317);
#6314 = B_SPLINE_CURVE_WITH_KNOTS('',1,(#6315,#6316),.UNSPECIFIED.,.F.,
  .F.,(2,2),(-29.,-11.),.PIECEWISE_BEZIER_KNOTS.);
#6315 = CARTESIAN_POINT('',(79.75,49.));
#6316 = CARTESIAN_POINT('',(79.75,31.));
#6317 = ( GEOMETRIC_REPRESENTATION_CONTEXT(2)
PARAMETRIC_REPRESENTATION_CONTEXT() REPRESENTATION_CONTEXT('2D SPACE',''
  ) );
#6318 = ORIENTED_EDGE('',*,*,#6124,.T.);
#6319 = ORIENTED_EDGE('',*,*,#6254,.F.);
#6320 = ORIENTED_EDGE('',*,*,#6321,.F.);
#6321 = EDGE_CURVE('',#6299,#6255,#6322,.T.);
#6322 = SURFACE_CURVE('',#6323,(#6328,#6335),.PCURVE_S1.);
#6323 = CIRCLE('',#6324,8.5);
#6324 = AXIS2_PLACEMENT_3D('',#6325,#6326,#6327);
#6325 = CARTESIAN_POINT('',(4.293269938937E-14,-9.52093560636E-18,-0.25)
  );
#6326 = DIRECTION('',(0.,0.,1.));
#6327 = DIRECTION('',(1.,0.,0.));
#6328 = PCURVE('',#6141,#6329);
#6329 = DEFINITIONAL_REPRESENTATION('',(#6330),#6334);
#6330 = CIRCLE('',#6331,8.5);
#6331 = AXIS2_PLACEMENT_2D('',#6332,#6333);
#6332 = CARTESIAN_POINT('',(4.323657497438E-14,-2.498780658797E-16));
#6333 = DIRECTION('',(1.,0.));
#6334 = ( GEOMETRIC_REPRESENTATION_CONTEXT(2)
PARAMETRIC_REPRESENTATION_CONTEXT() REPRESENTATION_CONTEXT('2D SPACE',''
  ) );
#6335 = PCURVE('',#6238,#6336);
#6336 = DEFINITIONAL_REPRESENTATION('',(#6337),#6341);
#6337 = LINE('',#6338,#6339);
#6338 = CARTESIAN_POINT('',(-0.,-3.75));
#6339 = VECTOR('',#6340,1.);
#6340 = DIRECTION('',(-1.,0.));
#6341 = ( GEOMETRIC_REPRESENTATION_CONTEXT(2)
PARAMETRIC_REPRESENTATION_CONTEXT() REPRESENTATION_CONTEXT('2D SPACE',''
  ) );
#6342 = ADVANCED_FACE('',(#6343),#6112,.F.);
#6343 = FACE_BOUND('',#6344,.F.);
#6344 = EDGE_LOOP('',(#6345,#6346,#6347,#6368));
#6345 = ORIENTED_EDGE('',*,*,#6096,.F.);
#6346 = ORIENTED_EDGE('',*,*,#6180,.T.);
#6347 = ORIENTED_EDGE('',*,*,#6348,.T.);
#6348 = EDGE_CURVE('',#6181,#6299,#6349,.T.);
#6349 = SURFACE_CURVE('',#6350,(#6354,#6361),.PCURVE_S1.);
#6350 = LINE('',#6351,#6352);
#6351 = CARTESIAN_POINT('',(8.5,-9.52093560636E-18,-4.));
#6352 = VECTOR('',#6353,1.);
#6353 = DIRECTION('',(0.,0.,1.));
#6354 = PCURVE('',#6112,#6355);
#6355 = DEFINITIONAL_REPRESENTATION('',(#6356),#6360);
#6356 = LINE('',#6357,#6358);
#6357 = CARTESIAN_POINT('',(76.,48.5));
#6358 = VECTOR('',#6359,1.);
#6359 = DIRECTION('',(1.,0.));
#6360 = ( GEOMETRIC_REPRESENTATION_CONTEXT(2)
PARAMETRIC_REPRESENTATION_CONTEXT() REPRESENTATION_CONTEXT('2D SPACE',''
  ) );
#6361 = PCURVE('',#6238,#6362);
#6362 = DEFINITIONAL_REPRESENTATION('',(#6363),#6367);
#6363 = LINE('',#6364,#6365);
#6364 = CARTESIAN_POINT('',(-0.,0.));
#6365 = VECTOR('',#6366,1.);
#6366 = DIRECTION('',(-0.,-1.));
#6367 = ( GEOMETRIC_REPRESENTATION_CONTEXT(2)
PARAMETRIC_REPRESENTATION_CONTEXT() REPRESENTATION_CONTEXT('2D SPACE',''
  ) );
#6368 = ORIENTED_EDGE('',*,*,#6298,.F.);
#6369 = ADVANCED_FACE('',(#6370),#6238,.F.);
#6370 = FACE_BOUND('',#6371,.T.);
#6371 = EDGE_LOOP('',(#6372,#6373,#6374,#6375));
#6372 = ORIENTED_EDGE('',*,*,#6223,.F.);
#6373 = ORIENTED_EDGE('',*,*,#6348,.T.);
#6374 = ORIENTED_EDGE('',*,*,#6321,.T.);
#6375 = ORIENTED_EDGE('',*,*,#6275,.T.);
#6376 = ( GEOMETRIC_REPRESENTATION_CONTEXT(3)
GLOBAL_UNCERTAINTY_ASSIGNED_CONTEXT((#6380))
GLOBAL_UNIT_ASSIGNED_CONTEXT((#6377,#6378,#6379)) REPRESENTATION_CONTEXT
('Context #1','3D Context with UNIT and UNCERTAINTY') );
#6377 = ( LENGTH_UNIT() NAMED_UNIT(*) SI_UNIT(.MILLI.,.METRE.) );
#6378 = ( NAMED_UNIT(*) PLANE_ANGLE_UNIT() SI_UNIT($,.RADIAN.) );
#6379 = ( NAMED_UNIT(*) SI_UNIT($,.STERADIAN.) SOLID_ANGLE_UNIT() );
#6380 = UNCERTAINTY_MEASURE_WITH_UNIT(LENGTH_MEASURE(2.E-07),#6377,
  'distance_accuracy_value','confusion accuracy');
#6381 = CONTEXT_DEPENDENT_SHAPE_REPRESENTATION(#6382,#6384);
#6382 = ( REPRESENTATION_RELATIONSHIP('','',#6053,#10)
REPRESENTATION_RELATIONSHIP_WITH_TRANSFORMATION(#6383)
SHAPE_REPRESENTATION_RELATIONSHIP() );
#6383 = ITEM_DEFINED_TRANSFORMATION('','',#11,#51);
#6384 = PRODUCT_DEFINITION_SHAPE('Placement','Placement of an item',
  #6385);
#6385 = NEXT_ASSEMBLY_USAGE_OCCURRENCE('98',
  'static_glass_aperture_seal_ENVELOPE','',#5,#6048,$);
#6386 = PRODUCT_RELATED_PRODUCT_CATEGORY('part',$,(#6050));
#6387 = SHAPE_DEFINITION_REPRESENTATION(#6388,#6394);
#6388 = PRODUCT_DEFINITION_SHAPE('','',#6389);
#6389 = PRODUCT_DEFINITION('design','',#6390,#6393);
#6390 = PRODUCT_DEFINITION_FORMATION('','',#6391);
#6391 = PRODUCT('flex_diaphragm_ENVELOPE','flex_diaphragm_ENVELOPE','',(
    #6392));
#6392 = PRODUCT_CONTEXT('',#2,'mechanical');
#6393 = PRODUCT_DEFINITION_CONTEXT('part definition',#2,'design');
#6394 = ADVANCED_BREP_SHAPE_REPRESENTATION('',(#11,#6395),#7175);
#6395 = MANIFOLD_SOLID_BREP('',#6396);
#6396 = CLOSED_SHELL('',(#6397,#6515,#6753,#6801,#6972,#7000,#7028,#7056
    ,#7084,#7112,#7140,#7168));
#6397 = ADVANCED_FACE('',(#6398),#6412,.T.);
#6398 = FACE_BOUND('',#6399,.F.);
#6399 = EDGE_LOOP('',(#6400,#6433,#6462,#6488));
#6400 = ORIENTED_EDGE('',*,*,#6401,.F.);
#6401 = EDGE_CURVE('',#6402,#6404,#6406,.T.);
#6402 = VERTEX_POINT('',#6403);
#6403 = CARTESIAN_POINT('',(5.,0.,-0.5));
#6404 = VERTEX_POINT('',#6405);
#6405 = CARTESIAN_POINT('',(5.6,0.,-0.5));
#6406 = SURFACE_CURVE('',#6407,(#6411,#6422),.PCURVE_S1.);
#6407 = LINE('',#6408,#6409);
#6408 = CARTESIAN_POINT('',(-20.,0.,-0.5));
#6409 = VECTOR('',#6410,1.);
#6410 = DIRECTION('',(1.,0.,0.));
#6411 = PCURVE('',#6412,#6417);
#6412 = PLANE('',#6413);
#6413 = AXIS2_PLACEMENT_3D('',#6414,#6415,#6416);
#6414 = CARTESIAN_POINT('',(0.,0.,-0.5));
#6415 = DIRECTION('',(0.,0.,1.));
#6416 = DIRECTION('',(1.,0.,-0.));
#6417 = DEFINITIONAL_REPRESENTATION('',(#6418),#6421);
#6418 = B_SPLINE_CURVE_WITH_KNOTS('',1,(#6419,#6420),.UNSPECIFIED.,.F.,
  .F.,(2,2),(14.4,25.6),.PIECEWISE_BEZIER_KNOTS.);
#6419 = CARTESIAN_POINT('',(-5.6,0.));
#6420 = CARTESIAN_POINT('',(5.6,0.));
#6421 = ( GEOMETRIC_REPRESENTATION_CONTEXT(2)
PARAMETRIC_REPRESENTATION_CONTEXT() REPRESENTATION_CONTEXT('2D SPACE',''
  ) );
#6422 = PCURVE('',#6423,#6428);
#6423 = PLANE('',#6424);
#6424 = AXIS2_PLACEMENT_3D('',#6425,#6426,#6427);
#6425 = CARTESIAN_POINT('',(-40.,0.,-80.));
#6426 = DIRECTION('',(0.,1.,0.));
#6427 = DIRECTION('',(0.,0.,1.));
#6428 = DEFINITIONAL_REPRESENTATION('',(#6429),#6432);
#6429 = B_SPLINE_CURVE_WITH_KNOTS('',1,(#6430,#6431),.UNSPECIFIED.,.F.,
  .F.,(2,2),(14.4,25.6),.PIECEWISE_BEZIER_KNOTS.);
#6430 = CARTESIAN_POINT('',(79.5,34.4));
#6431 = CARTESIAN_POINT('',(79.5,45.6));
#6432 = ( GEOMETRIC_REPRESENTATION_CONTEXT(2)
PARAMETRIC_REPRESENTATION_CONTEXT() REPRESENTATION_CONTEXT('2D SPACE',''
  ) );
#6433 = ORIENTED_EDGE('',*,*,#6434,.T.);
#6434 = EDGE_CURVE('',#6402,#6435,#6437,.T.);
#6435 = VERTEX_POINT('',#6436);
#6436 = CARTESIAN_POINT('',(-5.,6.123233995737E-16,-0.5));
#6437 = SURFACE_CURVE('',#6438,(#6443,#6450),.PCURVE_S1.);
#6438 = CIRCLE('',#6439,5.);
#6439 = AXIS2_PLACEMENT_3D('',#6440,#6441,#6442);
#6440 = CARTESIAN_POINT('',(0.,0.,-0.5));
#6441 = DIRECTION('',(0.,0.,1.));
#6442 = DIRECTION('',(1.,0.,-0.));
#6443 = PCURVE('',#6412,#6444);
#6444 = DEFINITIONAL_REPRESENTATION('',(#6445),#6449);
#6445 = CIRCLE('',#6446,5.);
#6446 = AXIS2_PLACEMENT_2D('',#6447,#6448);
#6447 = CARTESIAN_POINT('',(0.,0.));
#6448 = DIRECTION('',(1.,-0.));
#6449 = ( GEOMETRIC_REPRESENTATION_CONTEXT(2)
PARAMETRIC_REPRESENTATION_CONTEXT() REPRESENTATION_CONTEXT('2D SPACE',''
  ) );
#6450 = PCURVE('',#6451,#6456);
#6451 = CYLINDRICAL_SURFACE('',#6452,5.);
#6452 = AXIS2_PLACEMENT_3D('',#6453,#6454,#6455);
#6453 = CARTESIAN_POINT('',(0.,0.,-0.7));
#6454 = DIRECTION('',(0.,0.,1.));
#6455 = DIRECTION('',(1.,0.,-0.));
#6456 = DEFINITIONAL_REPRESENTATION('',(#6457),#6461);
#6457 = LINE('',#6458,#6459);
#6458 = CARTESIAN_POINT('',(0.,0.2));
#6459 = VECTOR('',#6460,1.);
#6460 = DIRECTION('',(1.,0.));
#6461 = ( GEOMETRIC_REPRESENTATION_CONTEXT(2)
PARAMETRIC_REPRESENTATION_CONTEXT() REPRESENTATION_CONTEXT('2D SPACE',''
  ) );
#6462 = ORIENTED_EDGE('',*,*,#6463,.F.);
#6463 = EDGE_CURVE('',#6464,#6435,#6466,.T.);
#6464 = VERTEX_POINT('',#6465);
#6465 = CARTESIAN_POINT('',(-5.6,6.858022075225E-16,-0.5));
#6466 = SURFACE_CURVE('',#6467,(#6471,#6477),.PCURVE_S1.);
#6467 = LINE('',#6468,#6469);
#6468 = CARTESIAN_POINT('',(-20.,0.,-0.5));
#6469 = VECTOR('',#6470,1.);
#6470 = DIRECTION('',(1.,0.,0.));
#6471 = PCURVE('',#6412,#6472);
#6472 = DEFINITIONAL_REPRESENTATION('',(#6473),#6476);
#6473 = B_SPLINE_CURVE_WITH_KNOTS('',1,(#6474,#6475),.UNSPECIFIED.,.F.,
  .F.,(2,2),(14.4,25.6),.PIECEWISE_BEZIER_KNOTS.);
#6474 = CARTESIAN_POINT('',(-5.6,0.));
#6475 = CARTESIAN_POINT('',(5.6,0.));
#6476 = ( GEOMETRIC_REPRESENTATION_CONTEXT(2)
PARAMETRIC_REPRESENTATION_CONTEXT() REPRESENTATION_CONTEXT('2D SPACE',''
  ) );
#6477 = PCURVE('',#6478,#6483);
#6478 = PLANE('',#6479);
#6479 = AXIS2_PLACEMENT_3D('',#6480,#6481,#6482);
#6480 = CARTESIAN_POINT('',(-40.,0.,-80.));
#6481 = DIRECTION('',(0.,1.,0.));
#6482 = DIRECTION('',(0.,0.,1.));
#6483 = DEFINITIONAL_REPRESENTATION('',(#6484),#6487);
#6484 = B_SPLINE_CURVE_WITH_KNOTS('',1,(#6485,#6486),.UNSPECIFIED.,.F.,
  .F.,(2,2),(14.4,25.6),.PIECEWISE_BEZIER_KNOTS.);
#6485 = CARTESIAN_POINT('',(79.5,34.4));
#6486 = CARTESIAN_POINT('',(79.5,45.6));
#6487 = ( GEOMETRIC_REPRESENTATION_CONTEXT(2)
PARAMETRIC_REPRESENTATION_CONTEXT() REPRESENTATION_CONTEXT('2D SPACE',''
  ) );
#6488 = ORIENTED_EDGE('',*,*,#6489,.F.);
#6489 = EDGE_CURVE('',#6404,#6464,#6490,.T.);
#6490 = SURFACE_CURVE('',#6491,(#6496,#6503),.PCURVE_S1.);
#6491 = CIRCLE('',#6492,5.6);
#6492 = AXIS2_PLACEMENT_3D('',#6493,#6494,#6495);
#6493 = CARTESIAN_POINT('',(0.,0.,-0.5));
#6494 = DIRECTION('',(0.,0.,1.));
#6495 = DIRECTION('',(1.,0.,-0.));
#6496 = PCURVE('',#6412,#6497);
#6497 = DEFINITIONAL_REPRESENTATION('',(#6498),#6502);
#6498 = CIRCLE('',#6499,5.6);
#6499 = AXIS2_PLACEMENT_2D('',#6500,#6501);
#6500 = CARTESIAN_POINT('',(0.,0.));
#6501 = DIRECTION('',(1.,-0.));
#6502 = ( GEOMETRIC_REPRESENTATION_CONTEXT(2)
PARAMETRIC_REPRESENTATION_CONTEXT() REPRESENTATION_CONTEXT('2D SPACE',''
  ) );
#6503 = PCURVE('',#6504,#6509);
#6504 = CONICAL_SURFACE('',#6505,5.6,0.661043168851);
#6505 = AXIS2_PLACEMENT_3D('',#6506,#6507,#6508);
#6506 = CARTESIAN_POINT('',(0.,0.,-0.5));
#6507 = DIRECTION('',(-0.,-0.,-1.));
#6508 = DIRECTION('',(1.,0.,0.));
#6509 = DEFINITIONAL_REPRESENTATION('',(#6510),#6514);
#6510 = LINE('',#6511,#6512);
#6511 = CARTESIAN_POINT('',(-0.,0.));
#6512 = VECTOR('',#6513,1.);
#6513 = DIRECTION('',(-1.,0.));
#6514 = ( GEOMETRIC_REPRESENTATION_CONTEXT(2)
PARAMETRIC_REPRESENTATION_CONTEXT() REPRESENTATION_CONTEXT('2D SPACE',''
  ) );
#6515 = ADVANCED_FACE('',(#6516),#6423,.F.);
#6516 = FACE_BOUND('',#6517,.F.);
#6517 = EDGE_LOOP('',(#6518,#6519,#6542,#6570,#6596,#6624,#6650,#6678,
    #6706,#6732));
#6518 = ORIENTED_EDGE('',*,*,#6401,.T.);
#6519 = ORIENTED_EDGE('',*,*,#6520,.T.);
#6520 = EDGE_CURVE('',#6404,#6521,#6523,.T.);
#6521 = VERTEX_POINT('',#6522);
#6522 = CARTESIAN_POINT('',(6.3,0.,-1.4));
#6523 = SURFACE_CURVE('',#6524,(#6528,#6535),.PCURVE_S1.);
#6524 = LINE('',#6525,#6526);
#6525 = CARTESIAN_POINT('',(5.6,0.,-0.5));
#6526 = VECTOR('',#6527,1.);
#6527 = DIRECTION('',(0.613940613515,0.,-0.789352217376));
#6528 = PCURVE('',#6423,#6529);
#6529 = DEFINITIONAL_REPRESENTATION('',(#6530),#6534);
#6530 = LINE('',#6531,#6532);
#6531 = CARTESIAN_POINT('',(79.5,45.6));
#6532 = VECTOR('',#6533,1.);
#6533 = DIRECTION('',(-0.789352217376,0.613940613515));
#6534 = ( GEOMETRIC_REPRESENTATION_CONTEXT(2)
PARAMETRIC_REPRESENTATION_CONTEXT() REPRESENTATION_CONTEXT('2D SPACE',''
  ) );
#6535 = PCURVE('',#6504,#6536);
#6536 = DEFINITIONAL_REPRESENTATION('',(#6537),#6541);
#6537 = LINE('',#6538,#6539);
#6538 = CARTESIAN_POINT('',(-0.,0.));
#6539 = VECTOR('',#6540,1.);
#6540 = DIRECTION('',(-0.,1.));
#6541 = ( GEOMETRIC_REPRESENTATION_CONTEXT(2)
PARAMETRIC_REPRESENTATION_CONTEXT() REPRESENTATION_CONTEXT('2D SPACE',''
  ) );
#6542 = ORIENTED_EDGE('',*,*,#6543,.T.);
#6543 = EDGE_CURVE('',#6521,#6544,#6546,.T.);
#6544 = VERTEX_POINT('',#6545);
#6545 = CARTESIAN_POINT('',(7.5,0.,-0.6));
#6546 = SURFACE_CURVE('',#6547,(#6551,#6558),.PCURVE_S1.);
#6547 = LINE('',#6548,#6549);
#6548 = CARTESIAN_POINT('',(6.3,0.,-1.4));
#6549 = VECTOR('',#6550,1.);
#6550 = DIRECTION('',(0.832050294338,0.,0.554700196225));
#6551 = PCURVE('',#6423,#6552);
#6552 = DEFINITIONAL_REPRESENTATION('',(#6553),#6557);
#6553 = LINE('',#6554,#6555);
#6554 = CARTESIAN_POINT('',(78.6,46.3));
#6555 = VECTOR('',#6556,1.);
#6556 = DIRECTION('',(0.554700196225,0.832050294338));
#6557 = ( GEOMETRIC_REPRESENTATION_CONTEXT(2)
PARAMETRIC_REPRESENTATION_CONTEXT() REPRESENTATION_CONTEXT('2D SPACE',''
  ) );
#6558 = PCURVE('',#6559,#6564);
#6559 = CONICAL_SURFACE('',#6560,6.3,0.982793723247);
#6560 = AXIS2_PLACEMENT_3D('',#6561,#6562,#6563);
#6561 = CARTESIAN_POINT('',(0.,0.,-1.4));
#6562 = DIRECTION('',(0.,0.,1.));
#6563 = DIRECTION('',(1.,0.,-0.));
#6564 = DEFINITIONAL_REPRESENTATION('',(#6565),#6569);
#6565 = LINE('',#6566,#6567);
#6566 = CARTESIAN_POINT('',(0.,0.));
#6567 = VECTOR('',#6568,1.);
#6568 = DIRECTION('',(0.,1.));
#6569 = ( GEOMETRIC_REPRESENTATION_CONTEXT(2)
PARAMETRIC_REPRESENTATION_CONTEXT() REPRESENTATION_CONTEXT('2D SPACE',''
  ) );
#6570 = ORIENTED_EDGE('',*,*,#6571,.T.);
#6571 = EDGE_CURVE('',#6544,#6572,#6574,.T.);
#6572 = VERTEX_POINT('',#6573);
#6573 = CARTESIAN_POINT('',(8.5,0.,-0.6));
#6574 = SURFACE_CURVE('',#6575,(#6579,#6585),.PCURVE_S1.);
#6575 = LINE('',#6576,#6577);
#6576 = CARTESIAN_POINT('',(-20.,0.,-0.6));
#6577 = VECTOR('',#6578,1.);
#6578 = DIRECTION('',(1.,0.,0.));
#6579 = PCURVE('',#6423,#6580);
#6580 = DEFINITIONAL_REPRESENTATION('',(#6581),#6584);
#6581 = B_SPLINE_CURVE_WITH_KNOTS('',1,(#6582,#6583),.UNSPECIFIED.,.F.,
  .F.,(2,2),(11.5,28.5),.PIECEWISE_BEZIER_KNOTS.);
#6582 = CARTESIAN_POINT('',(79.4,31.5));
#6583 = CARTESIAN_POINT('',(79.4,48.5));
#6584 = ( GEOMETRIC_REPRESENTATION_CONTEXT(2)
PARAMETRIC_REPRESENTATION_CONTEXT() REPRESENTATION_CONTEXT('2D SPACE',''
  ) );
#6585 = PCURVE('',#6586,#6591);
#6586 = PLANE('',#6587);
#6587 = AXIS2_PLACEMENT_3D('',#6588,#6589,#6590);
#6588 = CARTESIAN_POINT('',(0.,0.,-0.6));
#6589 = DIRECTION('',(0.,0.,1.));
#6590 = DIRECTION('',(1.,0.,-0.));
#6591 = DEFINITIONAL_REPRESENTATION('',(#6592),#6595);
#6592 = B_SPLINE_CURVE_WITH_KNOTS('',1,(#6593,#6594),.UNSPECIFIED.,.F.,
  .F.,(2,2),(11.5,28.5),.PIECEWISE_BEZIER_KNOTS.);
#6593 = CARTESIAN_POINT('',(-8.5,0.));
#6594 = CARTESIAN_POINT('',(8.5,0.));
#6595 = ( GEOMETRIC_REPRESENTATION_CONTEXT(2)
PARAMETRIC_REPRESENTATION_CONTEXT() REPRESENTATION_CONTEXT('2D SPACE',''
  ) );
#6596 = ORIENTED_EDGE('',*,*,#6597,.T.);
#6597 = EDGE_CURVE('',#6572,#6598,#6600,.T.);
#6598 = VERTEX_POINT('',#6599);
#6599 = CARTESIAN_POINT('',(8.5,0.,-0.8));
#6600 = SURFACE_CURVE('',#6601,(#6605,#6612),.PCURVE_S1.);
#6601 = LINE('',#6602,#6603);
#6602 = CARTESIAN_POINT('',(8.5,0.,-0.6));
#6603 = VECTOR('',#6604,1.);
#6604 = DIRECTION('',(0.,0.,-1.));
#6605 = PCURVE('',#6423,#6606);
#6606 = DEFINITIONAL_REPRESENTATION('',(#6607),#6611);
#6607 = LINE('',#6608,#6609);
#6608 = CARTESIAN_POINT('',(79.4,48.5));
#6609 = VECTOR('',#6610,1.);
#6610 = DIRECTION('',(-1.,0.));
#6611 = ( GEOMETRIC_REPRESENTATION_CONTEXT(2)
PARAMETRIC_REPRESENTATION_CONTEXT() REPRESENTATION_CONTEXT('2D SPACE',''
  ) );
#6612 = PCURVE('',#6613,#6618);
#6613 = CYLINDRICAL_SURFACE('',#6614,8.5);
#6614 = AXIS2_PLACEMENT_3D('',#6615,#6616,#6617);
#6615 = CARTESIAN_POINT('',(0.,0.,-0.6));
#6616 = DIRECTION('',(-0.,-0.,-1.));
#6617 = DIRECTION('',(1.,0.,0.));
#6618 = DEFINITIONAL_REPRESENTATION('',(#6619),#6623);
#6619 = LINE('',#6620,#6621);
#6620 = CARTESIAN_POINT('',(-0.,0.));
#6621 = VECTOR('',#6622,1.);
#6622 = DIRECTION('',(-0.,1.));
#6623 = ( GEOMETRIC_REPRESENTATION_CONTEXT(2)
PARAMETRIC_REPRESENTATION_CONTEXT() REPRESENTATION_CONTEXT('2D SPACE',''
  ) );
#6624 = ORIENTED_EDGE('',*,*,#6625,.T.);
#6625 = EDGE_CURVE('',#6598,#6626,#6628,.T.);
#6626 = VERTEX_POINT('',#6627);
#6627 = CARTESIAN_POINT('',(7.5,0.,-0.8));
#6628 = SURFACE_CURVE('',#6629,(#6633,#6639),.PCURVE_S1.);
#6629 = LINE('',#6630,#6631);
#6630 = CARTESIAN_POINT('',(-20.,0.,-0.8));
#6631 = VECTOR('',#6632,1.);
#6632 = DIRECTION('',(-1.,0.,0.));
#6633 = PCURVE('',#6423,#6634);
#6634 = DEFINITIONAL_REPRESENTATION('',(#6635),#6638);
#6635 = B_SPLINE_CURVE_WITH_KNOTS('',1,(#6636,#6637),.UNSPECIFIED.,.F.,
  .F.,(2,2),(-28.5,-11.5),.PIECEWISE_BEZIER_KNOTS.);
#6636 = CARTESIAN_POINT('',(79.2,48.5));
#6637 = CARTESIAN_POINT('',(79.2,31.5));
#6638 = ( GEOMETRIC_REPRESENTATION_CONTEXT(2)
PARAMETRIC_REPRESENTATION_CONTEXT() REPRESENTATION_CONTEXT('2D SPACE',''
  ) );
#6639 = PCURVE('',#6640,#6645);
#6640 = PLANE('',#6641);
#6641 = AXIS2_PLACEMENT_3D('',#6642,#6643,#6644);
#6642 = CARTESIAN_POINT('',(0.,0.,-0.8));
#6643 = DIRECTION('',(0.,0.,1.));
#6644 = DIRECTION('',(1.,0.,-0.));
#6645 = DEFINITIONAL_REPRESENTATION('',(#6646),#6649);
#6646 = B_SPLINE_CURVE_WITH_KNOTS('',1,(#6647,#6648),.UNSPECIFIED.,.F.,
  .F.,(2,2),(-28.5,-11.5),.PIECEWISE_BEZIER_KNOTS.);
#6647 = CARTESIAN_POINT('',(8.5,0.));
#6648 = CARTESIAN_POINT('',(-8.5,0.));
#6649 = ( GEOMETRIC_REPRESENTATION_CONTEXT(2)
PARAMETRIC_REPRESENTATION_CONTEXT() REPRESENTATION_CONTEXT('2D SPACE',''
  ) );
#6650 = ORIENTED_EDGE('',*,*,#6651,.T.);
#6651 = EDGE_CURVE('',#6626,#6652,#6654,.T.);
#6652 = VERTEX_POINT('',#6653);
#6653 = CARTESIAN_POINT('',(6.3,0.,-1.6));
#6654 = SURFACE_CURVE('',#6655,(#6659,#6666),.PCURVE_S1.);
#6655 = LINE('',#6656,#6657);
#6656 = CARTESIAN_POINT('',(7.5,0.,-0.8));
#6657 = VECTOR('',#6658,1.);
#6658 = DIRECTION('',(-0.832050294338,0.,-0.554700196225));
#6659 = PCURVE('',#6423,#6660);
#6660 = DEFINITIONAL_REPRESENTATION('',(#6661),#6665);
#6661 = LINE('',#6662,#6663);
#6662 = CARTESIAN_POINT('',(79.2,47.5));
#6663 = VECTOR('',#6664,1.);
#6664 = DIRECTION('',(-0.554700196225,-0.832050294338));
#6665 = ( GEOMETRIC_REPRESENTATION_CONTEXT(2)
PARAMETRIC_REPRESENTATION_CONTEXT() REPRESENTATION_CONTEXT('2D SPACE',''
  ) );
#6666 = PCURVE('',#6667,#6672);
#6667 = CONICAL_SURFACE('',#6668,7.5,0.982793723247);
#6668 = AXIS2_PLACEMENT_3D('',#6669,#6670,#6671);
#6669 = CARTESIAN_POINT('',(0.,0.,-0.8));
#6670 = DIRECTION('',(0.,0.,1.));
#6671 = DIRECTION('',(1.,0.,0.));
#6672 = DEFINITIONAL_REPRESENTATION('',(#6673),#6677);
#6673 = LINE('',#6674,#6675);
#6674 = CARTESIAN_POINT('',(0.,-0.));
#6675 = VECTOR('',#6676,1.);
#6676 = DIRECTION('',(0.,-1.));
#6677 = ( GEOMETRIC_REPRESENTATION_CONTEXT(2)
PARAMETRIC_REPRESENTATION_CONTEXT() REPRESENTATION_CONTEXT('2D SPACE',''
  ) );
#6678 = ORIENTED_EDGE('',*,*,#6679,.T.);
#6679 = EDGE_CURVE('',#6652,#6680,#6682,.T.);
#6680 = VERTEX_POINT('',#6681);
#6681 = CARTESIAN_POINT('',(5.6,0.,-0.7));
#6682 = SURFACE_CURVE('',#6683,(#6687,#6694),.PCURVE_S1.);
#6683 = LINE('',#6684,#6685);
#6684 = CARTESIAN_POINT('',(6.3,0.,-1.6));
#6685 = VECTOR('',#6686,1.);
#6686 = DIRECTION('',(-0.613940613515,0.,0.789352217376));
#6687 = PCURVE('',#6423,#6688);
#6688 = DEFINITIONAL_REPRESENTATION('',(#6689),#6693);
#6689 = LINE('',#6690,#6691);
#6690 = CARTESIAN_POINT('',(78.4,46.3));
#6691 = VECTOR('',#6692,1.);
#6692 = DIRECTION('',(0.789352217376,-0.613940613515));
#6693 = ( GEOMETRIC_REPRESENTATION_CONTEXT(2)
PARAMETRIC_REPRESENTATION_CONTEXT() REPRESENTATION_CONTEXT('2D SPACE',''
  ) );
#6694 = PCURVE('',#6695,#6700);
#6695 = CONICAL_SURFACE('',#6696,6.3,0.661043168851);
#6696 = AXIS2_PLACEMENT_3D('',#6697,#6698,#6699);
#6697 = CARTESIAN_POINT('',(0.,0.,-1.6));
#6698 = DIRECTION('',(-0.,-0.,-1.));
#6699 = DIRECTION('',(1.,0.,-0.));
#6700 = DEFINITIONAL_REPRESENTATION('',(#6701),#6705);
#6701 = LINE('',#6702,#6703);
#6702 = CARTESIAN_POINT('',(-0.,-0.));
#6703 = VECTOR('',#6704,1.);
#6704 = DIRECTION('',(-0.,-1.));
#6705 = ( GEOMETRIC_REPRESENTATION_CONTEXT(2)
PARAMETRIC_REPRESENTATION_CONTEXT() REPRESENTATION_CONTEXT('2D SPACE',''
  ) );
#6706 = ORIENTED_EDGE('',*,*,#6707,.T.);
#6707 = EDGE_CURVE('',#6680,#6708,#6710,.T.);
#6708 = VERTEX_POINT('',#6709);
#6709 = CARTESIAN_POINT('',(5.,0.,-0.7));
#6710 = SURFACE_CURVE('',#6711,(#6715,#6721),.PCURVE_S1.);
#6711 = LINE('',#6712,#6713);
#6712 = CARTESIAN_POINT('',(-20.,0.,-0.7));
#6713 = VECTOR('',#6714,1.);
#6714 = DIRECTION('',(-1.,0.,0.));
#6715 = PCURVE('',#6423,#6716);
#6716 = DEFINITIONAL_REPRESENTATION('',(#6717),#6720);
#6717 = B_SPLINE_CURVE_WITH_KNOTS('',1,(#6718,#6719),.UNSPECIFIED.,.F.,
  .F.,(2,2),(-25.6,-14.4),.PIECEWISE_BEZIER_KNOTS.);
#6718 = CARTESIAN_POINT('',(79.3,45.6));
#6719 = CARTESIAN_POINT('',(79.3,34.4));
#6720 = ( GEOMETRIC_REPRESENTATION_CONTEXT(2)
PARAMETRIC_REPRESENTATION_CONTEXT() REPRESENTATION_CONTEXT('2D SPACE',''
  ) );
#6721 = PCURVE('',#6722,#6727);
#6722 = PLANE('',#6723);
#6723 = AXIS2_PLACEMENT_3D('',#6724,#6725,#6726);
#6724 = CARTESIAN_POINT('',(0.,0.,-0.7));
#6725 = DIRECTION('',(0.,0.,1.));
#6726 = DIRECTION('',(1.,0.,-0.));
#6727 = DEFINITIONAL_REPRESENTATION('',(#6728),#6731);
#6728 = B_SPLINE_CURVE_WITH_KNOTS('',1,(#6729,#6730),.UNSPECIFIED.,.F.,
  .F.,(2,2),(-25.6,-14.4),.PIECEWISE_BEZIER_KNOTS.);
#6729 = CARTESIAN_POINT('',(5.6,0.));
#6730 = CARTESIAN_POINT('',(-5.6,0.));
#6731 = ( GEOMETRIC_REPRESENTATION_CONTEXT(2)
PARAMETRIC_REPRESENTATION_CONTEXT() REPRESENTATION_CONTEXT('2D SPACE',''
  ) );
#6732 = ORIENTED_EDGE('',*,*,#6733,.T.);
#6733 = EDGE_CURVE('',#6708,#6402,#6734,.T.);
#6734 = SURFACE_CURVE('',#6735,(#6739,#6746),.PCURVE_S1.);
#6735 = LINE('',#6736,#6737);
#6736 = CARTESIAN_POINT('',(5.,0.,-0.7));
#6737 = VECTOR('',#6738,1.);
#6738 = DIRECTION('',(0.,0.,1.));
#6739 = PCURVE('',#6423,#6740);
#6740 = DEFINITIONAL_REPRESENTATION('',(#6741),#6745);
#6741 = LINE('',#6742,#6743);
#6742 = CARTESIAN_POINT('',(79.3,45.));
#6743 = VECTOR('',#6744,1.);
#6744 = DIRECTION('',(1.,0.));
#6745 = ( GEOMETRIC_REPRESENTATION_CONTEXT(2)
PARAMETRIC_REPRESENTATION_CONTEXT() REPRESENTATION_CONTEXT('2D SPACE',''
  ) );
#6746 = PCURVE('',#6451,#6747);
#6747 = DEFINITIONAL_REPRESENTATION('',(#6748),#6752);
#6748 = LINE('',#6749,#6750);
#6749 = CARTESIAN_POINT('',(0.,0.));
#6750 = VECTOR('',#6751,1.);
#6751 = DIRECTION('',(0.,1.));
#6752 = ( GEOMETRIC_REPRESENTATION_CONTEXT(2)
PARAMETRIC_REPRESENTATION_CONTEXT() REPRESENTATION_CONTEXT('2D SPACE',''
  ) );
#6753 = ADVANCED_FACE('',(#6754),#6504,.T.);
#6754 = FACE_BOUND('',#6755,.F.);
#6755 = EDGE_LOOP('',(#6756,#6757,#6758,#6779));
#6756 = ORIENTED_EDGE('',*,*,#6520,.F.);
#6757 = ORIENTED_EDGE('',*,*,#6489,.T.);
#6758 = ORIENTED_EDGE('',*,*,#6759,.T.);
#6759 = EDGE_CURVE('',#6464,#6760,#6762,.T.);
#6760 = VERTEX_POINT('',#6761);
#6761 = CARTESIAN_POINT('',(-6.3,7.715274834628E-16,-1.4));
#6762 = SURFACE_CURVE('',#6763,(#6767,#6773),.PCURVE_S1.);
#6763 = LINE('',#6764,#6765);
#6764 = CARTESIAN_POINT('',(0.,0.,6.7));
#6765 = VECTOR('',#6766,1.);
#6766 = DIRECTION('',(-0.613940613515,0.,-0.789352217376));
#6767 = PCURVE('',#6504,#6768);
#6768 = DEFINITIONAL_REPRESENTATION('',(#6769),#6772);
#6769 = B_SPLINE_CURVE_WITH_KNOTS('',1,(#6770,#6771),.UNSPECIFIED.,.F.,
  .F.,(2,2),(9.121403400793,10.261578825892),.PIECEWISE_BEZIER_KNOTS.);
#6770 = CARTESIAN_POINT('',(-3.14159265359,-1.402171210032E-15));
#6771 = CARTESIAN_POINT('',(-3.14159265359,0.9));
#6772 = ( GEOMETRIC_REPRESENTATION_CONTEXT(2)
PARAMETRIC_REPRESENTATION_CONTEXT() REPRESENTATION_CONTEXT('2D SPACE',''
  ) );
#6773 = PCURVE('',#6478,#6774);
#6774 = DEFINITIONAL_REPRESENTATION('',(#6775),#6778);
#6775 = B_SPLINE_CURVE_WITH_KNOTS('',1,(#6776,#6777),.UNSPECIFIED.,.F.,
  .F.,(2,2),(9.121403400793,10.261578825892),.PIECEWISE_BEZIER_KNOTS.);
#6776 = CARTESIAN_POINT('',(79.5,34.4));
#6777 = CARTESIAN_POINT('',(78.6,33.7));
#6778 = ( GEOMETRIC_REPRESENTATION_CONTEXT(2)
PARAMETRIC_REPRESENTATION_CONTEXT() REPRESENTATION_CONTEXT('2D SPACE',''
  ) );
#6779 = ORIENTED_EDGE('',*,*,#6780,.F.);
#6780 = EDGE_CURVE('',#6521,#6760,#6781,.T.);
#6781 = SURFACE_CURVE('',#6782,(#6787,#6794),.PCURVE_S1.);
#6782 = CIRCLE('',#6783,6.3);
#6783 = AXIS2_PLACEMENT_3D('',#6784,#6785,#6786);
#6784 = CARTESIAN_POINT('',(0.,0.,-1.4));
#6785 = DIRECTION('',(0.,0.,1.));
#6786 = DIRECTION('',(1.,0.,-0.));
#6787 = PCURVE('',#6504,#6788);
#6788 = DEFINITIONAL_REPRESENTATION('',(#6789),#6793);
#6789 = LINE('',#6790,#6791);
#6790 = CARTESIAN_POINT('',(-0.,0.9));
#6791 = VECTOR('',#6792,1.);
#6792 = DIRECTION('',(-1.,0.));
#6793 = ( GEOMETRIC_REPRESENTATION_CONTEXT(2)
PARAMETRIC_REPRESENTATION_CONTEXT() REPRESENTATION_CONTEXT('2D SPACE',''
  ) );
#6794 = PCURVE('',#6559,#6795);
#6795 = DEFINITIONAL_REPRESENTATION('',(#6796),#6800);
#6796 = LINE('',#6797,#6798);
#6797 = CARTESIAN_POINT('',(0.,0.));
#6798 = VECTOR('',#6799,1.);
#6799 = DIRECTION('',(1.,0.));
#6800 = ( GEOMETRIC_REPRESENTATION_CONTEXT(2)
PARAMETRIC_REPRESENTATION_CONTEXT() REPRESENTATION_CONTEXT('2D SPACE',''
  ) );
#6801 = ADVANCED_FACE('',(#6802),#6478,.F.);
#6802 = FACE_BOUND('',#6803,.F.);
#6803 = EDGE_LOOP('',(#6804,#6805,#6806,#6827,#6848,#6869,#6890,#6911,
    #6932,#6953));
#6804 = ORIENTED_EDGE('',*,*,#6759,.F.);
#6805 = ORIENTED_EDGE('',*,*,#6463,.T.);
#6806 = ORIENTED_EDGE('',*,*,#6807,.F.);
#6807 = EDGE_CURVE('',#6808,#6435,#6810,.T.);
#6808 = VERTEX_POINT('',#6809);
#6809 = CARTESIAN_POINT('',(-5.,6.123233995737E-16,-0.7));
#6810 = SURFACE_CURVE('',#6811,(#6815,#6821),.PCURVE_S1.);
#6811 = LINE('',#6812,#6813);
#6812 = CARTESIAN_POINT('',(-5.,0.,-0.7));
#6813 = VECTOR('',#6814,1.);
#6814 = DIRECTION('',(0.,0.,1.));
#6815 = PCURVE('',#6478,#6816);
#6816 = DEFINITIONAL_REPRESENTATION('',(#6817),#6820);
#6817 = B_SPLINE_CURVE_WITH_KNOTS('',1,(#6818,#6819),.UNSPECIFIED.,.F.,
  .F.,(2,2),(-6.000000000173E-07,0.2000006),.PIECEWISE_BEZIER_KNOTS.);
#6818 = CARTESIAN_POINT('',(79.2999994,35.));
#6819 = CARTESIAN_POINT('',(79.5000006,35.));
#6820 = ( GEOMETRIC_REPRESENTATION_CONTEXT(2)
PARAMETRIC_REPRESENTATION_CONTEXT() REPRESENTATION_CONTEXT('2D SPACE',''
  ) );
#6821 = PCURVE('',#6451,#6822);
#6822 = DEFINITIONAL_REPRESENTATION('',(#6823),#6826);
#6823 = B_SPLINE_CURVE_WITH_KNOTS('',1,(#6824,#6825),.UNSPECIFIED.,.F.,
  .F.,(2,2),(-6.000000000173E-07,0.2000006),.PIECEWISE_BEZIER_KNOTS.);
#6824 = CARTESIAN_POINT('',(3.14159265359,-6.000000000173E-07));
#6825 = CARTESIAN_POINT('',(3.14159265359,0.2000006));
#6826 = ( GEOMETRIC_REPRESENTATION_CONTEXT(2)
PARAMETRIC_REPRESENTATION_CONTEXT() REPRESENTATION_CONTEXT('2D SPACE',''
  ) );
#6827 = ORIENTED_EDGE('',*,*,#6828,.T.);
#6828 = EDGE_CURVE('',#6808,#6829,#6831,.T.);
#6829 = VERTEX_POINT('',#6830);
#6830 = CARTESIAN_POINT('',(-5.6,6.858022075225E-16,-0.7));
#6831 = SURFACE_CURVE('',#6832,(#6836,#6842),.PCURVE_S1.);
#6832 = LINE('',#6833,#6834);
#6833 = CARTESIAN_POINT('',(-20.,0.,-0.7));
#6834 = VECTOR('',#6835,1.);
#6835 = DIRECTION('',(-1.,0.,0.));
#6836 = PCURVE('',#6478,#6837);
#6837 = DEFINITIONAL_REPRESENTATION('',(#6838),#6841);
#6838 = B_SPLINE_CURVE_WITH_KNOTS('',1,(#6839,#6840),.UNSPECIFIED.,.F.,
  .F.,(2,2),(-25.6,-14.4),.PIECEWISE_BEZIER_KNOTS.);
#6839 = CARTESIAN_POINT('',(79.3,45.6));
#6840 = CARTESIAN_POINT('',(79.3,34.4));
#6841 = ( GEOMETRIC_REPRESENTATION_CONTEXT(2)
PARAMETRIC_REPRESENTATION_CONTEXT() REPRESENTATION_CONTEXT('2D SPACE',''
  ) );
#6842 = PCURVE('',#6722,#6843);
#6843 = DEFINITIONAL_REPRESENTATION('',(#6844),#6847);
#6844 = B_SPLINE_CURVE_WITH_KNOTS('',1,(#6845,#6846),.UNSPECIFIED.,.F.,
  .F.,(2,2),(-25.6,-14.4),.PIECEWISE_BEZIER_KNOTS.);
#6845 = CARTESIAN_POINT('',(5.6,0.));
#6846 = CARTESIAN_POINT('',(-5.6,0.));
#6847 = ( GEOMETRIC_REPRESENTATION_CONTEXT(2)
PARAMETRIC_REPRESENTATION_CONTEXT() REPRESENTATION_CONTEXT('2D SPACE',''
  ) );
#6848 = ORIENTED_EDGE('',*,*,#6849,.T.);
#6849 = EDGE_CURVE('',#6829,#6850,#6852,.T.);
#6850 = VERTEX_POINT('',#6851);
#6851 = CARTESIAN_POINT('',(-6.3,7.715274834628E-16,-1.6));
#6852 = SURFACE_CURVE('',#6853,(#6857,#6863),.PCURVE_S1.);
#6853 = LINE('',#6854,#6855);
#6854 = CARTESIAN_POINT('',(0.,0.,6.5));
#6855 = VECTOR('',#6856,1.);
#6856 = DIRECTION('',(-0.613940613515,-0.,-0.789352217376));
#6857 = PCURVE('',#6478,#6858);
#6858 = DEFINITIONAL_REPRESENTATION('',(#6859),#6862);
#6859 = B_SPLINE_CURVE_WITH_KNOTS('',1,(#6860,#6861),.UNSPECIFIED.,.F.,
  .F.,(2,2),(9.121403400793,10.261578825892),.PIECEWISE_BEZIER_KNOTS.);
#6860 = CARTESIAN_POINT('',(79.3,34.4));
#6861 = CARTESIAN_POINT('',(78.4,33.7));
#6862 = ( GEOMETRIC_REPRESENTATION_CONTEXT(2)
PARAMETRIC_REPRESENTATION_CONTEXT() REPRESENTATION_CONTEXT('2D SPACE',''
  ) );
#6863 = PCURVE('',#6695,#6864);
#6864 = DEFINITIONAL_REPRESENTATION('',(#6865),#6868);
#6865 = B_SPLINE_CURVE_WITH_KNOTS('',1,(#6866,#6867),.UNSPECIFIED.,.F.,
  .F.,(2,2),(9.121403400793,10.261578825892),.PIECEWISE_BEZIER_KNOTS.);
#6866 = CARTESIAN_POINT('',(-3.14159265359,-0.9));
#6867 = CARTESIAN_POINT('',(-3.14159265359,0.));
#6868 = ( GEOMETRIC_REPRESENTATION_CONTEXT(2)
PARAMETRIC_REPRESENTATION_CONTEXT() REPRESENTATION_CONTEXT('2D SPACE',''
  ) );
#6869 = ORIENTED_EDGE('',*,*,#6870,.T.);
#6870 = EDGE_CURVE('',#6850,#6871,#6873,.T.);
#6871 = VERTEX_POINT('',#6872);
#6872 = CARTESIAN_POINT('',(-7.5,9.184850993605E-16,-0.8));
#6873 = SURFACE_CURVE('',#6874,(#6878,#6884),.PCURVE_S1.);
#6874 = LINE('',#6875,#6876);
#6875 = CARTESIAN_POINT('',(0.,0.,-5.8));
#6876 = VECTOR('',#6877,1.);
#6877 = DIRECTION('',(-0.832050294338,-0.,0.554700196225));
#6878 = PCURVE('',#6478,#6879);
#6879 = DEFINITIONAL_REPRESENTATION('',(#6880),#6883);
#6880 = B_SPLINE_CURVE_WITH_KNOTS('',1,(#6881,#6882),.UNSPECIFIED.,.F.,
  .F.,(2,2),(7.571657678474,9.01387818866),.PIECEWISE_BEZIER_KNOTS.);
#6881 = CARTESIAN_POINT('',(78.4,33.7));
#6882 = CARTESIAN_POINT('',(79.2,32.5));
#6883 = ( GEOMETRIC_REPRESENTATION_CONTEXT(2)
PARAMETRIC_REPRESENTATION_CONTEXT() REPRESENTATION_CONTEXT('2D SPACE',''
  ) );
#6884 = PCURVE('',#6667,#6885);
#6885 = DEFINITIONAL_REPRESENTATION('',(#6886),#6889);
#6886 = B_SPLINE_CURVE_WITH_KNOTS('',1,(#6887,#6888),.UNSPECIFIED.,.F.,
  .F.,(2,2),(7.571657678474,9.01387818866),.PIECEWISE_BEZIER_KNOTS.);
#6887 = CARTESIAN_POINT('',(3.14159265359,-0.8));
#6888 = CARTESIAN_POINT('',(3.14159265359,0.));
#6889 = ( GEOMETRIC_REPRESENTATION_CONTEXT(2)
PARAMETRIC_REPRESENTATION_CONTEXT() REPRESENTATION_CONTEXT('2D SPACE',''
  ) );
#6890 = ORIENTED_EDGE('',*,*,#6891,.T.);
#6891 = EDGE_CURVE('',#6871,#6892,#6894,.T.);
#6892 = VERTEX_POINT('',#6893);
#6893 = CARTESIAN_POINT('',(-8.5,1.040949779275E-15,-0.8));
#6894 = SURFACE_CURVE('',#6895,(#6899,#6905),.PCURVE_S1.);
#6895 = LINE('',#6896,#6897);
#6896 = CARTESIAN_POINT('',(-20.,0.,-0.8));
#6897 = VECTOR('',#6898,1.);
#6898 = DIRECTION('',(-1.,0.,0.));
#6899 = PCURVE('',#6478,#6900);
#6900 = DEFINITIONAL_REPRESENTATION('',(#6901),#6904);
#6901 = B_SPLINE_CURVE_WITH_KNOTS('',1,(#6902,#6903),.UNSPECIFIED.,.F.,
  .F.,(2,2),(-28.5,-11.5),.PIECEWISE_BEZIER_KNOTS.);
#6902 = CARTESIAN_POINT('',(79.2,48.5));
#6903 = CARTESIAN_POINT('',(79.2,31.5));
#6904 = ( GEOMETRIC_REPRESENTATION_CONTEXT(2)
PARAMETRIC_REPRESENTATION_CONTEXT() REPRESENTATION_CONTEXT('2D SPACE',''
  ) );
#6905 = PCURVE('',#6640,#6906);
#6906 = DEFINITIONAL_REPRESENTATION('',(#6907),#6910);
#6907 = B_SPLINE_CURVE_WITH_KNOTS('',1,(#6908,#6909),.UNSPECIFIED.,.F.,
  .F.,(2,2),(-28.5,-11.5),.PIECEWISE_BEZIER_KNOTS.);
#6908 = CARTESIAN_POINT('',(8.5,0.));
#6909 = CARTESIAN_POINT('',(-8.5,0.));
#6910 = ( GEOMETRIC_REPRESENTATION_CONTEXT(2)
PARAMETRIC_REPRESENTATION_CONTEXT() REPRESENTATION_CONTEXT('2D SPACE',''
  ) );
#6911 = ORIENTED_EDGE('',*,*,#6912,.F.);
#6912 = EDGE_CURVE('',#6913,#6892,#6915,.T.);
#6913 = VERTEX_POINT('',#6914);
#6914 = CARTESIAN_POINT('',(-8.5,1.040949779275E-15,-0.6));
#6915 = SURFACE_CURVE('',#6916,(#6920,#6926),.PCURVE_S1.);
#6916 = LINE('',#6917,#6918);
#6917 = CARTESIAN_POINT('',(-8.5,0.,-0.6));
#6918 = VECTOR('',#6919,1.);
#6919 = DIRECTION('',(-0.,-0.,-1.));
#6920 = PCURVE('',#6478,#6921);
#6921 = DEFINITIONAL_REPRESENTATION('',(#6922),#6925);
#6922 = B_SPLINE_CURVE_WITH_KNOTS('',1,(#6923,#6924),.UNSPECIFIED.,.F.,
  .F.,(2,2),(-6.000000000173E-07,0.2000006),.PIECEWISE_BEZIER_KNOTS.);
#6923 = CARTESIAN_POINT('',(79.4000006,31.5));
#6924 = CARTESIAN_POINT('',(79.1999994,31.5));
#6925 = ( GEOMETRIC_REPRESENTATION_CONTEXT(2)
PARAMETRIC_REPRESENTATION_CONTEXT() REPRESENTATION_CONTEXT('2D SPACE',''
  ) );
#6926 = PCURVE('',#6613,#6927);
#6927 = DEFINITIONAL_REPRESENTATION('',(#6928),#6931);
#6928 = B_SPLINE_CURVE_WITH_KNOTS('',1,(#6929,#6930),.UNSPECIFIED.,.F.,
  .F.,(2,2),(-6.000000000173E-07,0.2000006),.PIECEWISE_BEZIER_KNOTS.);
#6929 = CARTESIAN_POINT('',(-3.14159265359,-6.000000000173E-07));
#6930 = CARTESIAN_POINT('',(-3.14159265359,0.2000006));
#6931 = ( GEOMETRIC_REPRESENTATION_CONTEXT(2)
PARAMETRIC_REPRESENTATION_CONTEXT() REPRESENTATION_CONTEXT('2D SPACE',''
  ) );
#6932 = ORIENTED_EDGE('',*,*,#6933,.T.);
#6933 = EDGE_CURVE('',#6913,#6934,#6936,.T.);
#6934 = VERTEX_POINT('',#6935);
#6935 = CARTESIAN_POINT('',(-7.5,9.184850993605E-16,-0.6));
#6936 = SURFACE_CURVE('',#6937,(#6941,#6947),.PCURVE_S1.);
#6937 = LINE('',#6938,#6939);
#6938 = CARTESIAN_POINT('',(-20.,0.,-0.6));
#6939 = VECTOR('',#6940,1.);
#6940 = DIRECTION('',(1.,0.,0.));
#6941 = PCURVE('',#6478,#6942);
#6942 = DEFINITIONAL_REPRESENTATION('',(#6943),#6946);
#6943 = B_SPLINE_CURVE_WITH_KNOTS('',1,(#6944,#6945),.UNSPECIFIED.,.F.,
  .F.,(2,2),(11.5,28.5),.PIECEWISE_BEZIER_KNOTS.);
#6944 = CARTESIAN_POINT('',(79.4,31.5));
#6945 = CARTESIAN_POINT('',(79.4,48.5));
#6946 = ( GEOMETRIC_REPRESENTATION_CONTEXT(2)
PARAMETRIC_REPRESENTATION_CONTEXT() REPRESENTATION_CONTEXT('2D SPACE',''
  ) );
#6947 = PCURVE('',#6586,#6948);
#6948 = DEFINITIONAL_REPRESENTATION('',(#6949),#6952);
#6949 = B_SPLINE_CURVE_WITH_KNOTS('',1,(#6950,#6951),.UNSPECIFIED.,.F.,
  .F.,(2,2),(11.5,28.5),.PIECEWISE_BEZIER_KNOTS.);
#6950 = CARTESIAN_POINT('',(-8.5,0.));
#6951 = CARTESIAN_POINT('',(8.5,0.));
#6952 = ( GEOMETRIC_REPRESENTATION_CONTEXT(2)
PARAMETRIC_REPRESENTATION_CONTEXT() REPRESENTATION_CONTEXT('2D SPACE',''
  ) );
#6953 = ORIENTED_EDGE('',*,*,#6954,.F.);
#6954 = EDGE_CURVE('',#6760,#6934,#6955,.T.);
#6955 = SURFACE_CURVE('',#6956,(#6960,#6966),.PCURVE_S1.);
#6956 = LINE('',#6957,#6958);
#6957 = CARTESIAN_POINT('',(0.,0.,-5.6));
#6958 = VECTOR('',#6959,1.);
#6959 = DIRECTION('',(-0.832050294338,0.,0.554700196225));
#6960 = PCURVE('',#6478,#6961);
#6961 = DEFINITIONAL_REPRESENTATION('',(#6962),#6965);
#6962 = B_SPLINE_CURVE_WITH_KNOTS('',1,(#6963,#6964),.UNSPECIFIED.,.F.,
  .F.,(2,2),(7.571657678474,9.01387818866),.PIECEWISE_BEZIER_KNOTS.);
#6963 = CARTESIAN_POINT('',(78.6,33.7));
#6964 = CARTESIAN_POINT('',(79.4,32.5));
#6965 = ( GEOMETRIC_REPRESENTATION_CONTEXT(2)
PARAMETRIC_REPRESENTATION_CONTEXT() REPRESENTATION_CONTEXT('2D SPACE',''
  ) );
#6966 = PCURVE('',#6559,#6967);
#6967 = DEFINITIONAL_REPRESENTATION('',(#6968),#6971);
#6968 = B_SPLINE_CURVE_WITH_KNOTS('',1,(#6969,#6970),.UNSPECIFIED.,.F.,
  .F.,(2,2),(7.571657678474,9.01387818866),.PIECEWISE_BEZIER_KNOTS.);
#6969 = CARTESIAN_POINT('',(3.14159265359,-4.926727436907E-16));
#6970 = CARTESIAN_POINT('',(3.14159265359,0.8));
#6971 = ( GEOMETRIC_REPRESENTATION_CONTEXT(2)
PARAMETRIC_REPRESENTATION_CONTEXT() REPRESENTATION_CONTEXT('2D SPACE',''
  ) );
#6972 = ADVANCED_FACE('',(#6973),#6451,.F.);
#6973 = FACE_BOUND('',#6974,.F.);
#6974 = EDGE_LOOP('',(#6975,#6976,#6998,#6999));
#6975 = ORIENTED_EDGE('',*,*,#6733,.F.);
#6976 = ORIENTED_EDGE('',*,*,#6977,.T.);
#6977 = EDGE_CURVE('',#6708,#6808,#6978,.T.);
#6978 = SURFACE_CURVE('',#6979,(#6984,#6991),.PCURVE_S1.);
#6979 = CIRCLE('',#6980,5.);
#6980 = AXIS2_PLACEMENT_3D('',#6981,#6982,#6983);
#6981 = CARTESIAN_POINT('',(0.,0.,-0.7));
#6982 = DIRECTION('',(0.,0.,1.));
#6983 = DIRECTION('',(1.,0.,-0.));
#6984 = PCURVE('',#6451,#6985);
#6985 = DEFINITIONAL_REPRESENTATION('',(#6986),#6990);
#6986 = LINE('',#6987,#6988);
#6987 = CARTESIAN_POINT('',(0.,0.));
#6988 = VECTOR('',#6989,1.);
#6989 = DIRECTION('',(1.,0.));
#6990 = ( GEOMETRIC_REPRESENTATION_CONTEXT(2)
PARAMETRIC_REPRESENTATION_CONTEXT() REPRESENTATION_CONTEXT('2D SPACE',''
  ) );
#6991 = PCURVE('',#6722,#6992);
#6992 = DEFINITIONAL_REPRESENTATION('',(#6993),#6997);
#6993 = CIRCLE('',#6994,5.);
#6994 = AXIS2_PLACEMENT_2D('',#6995,#6996);
#6995 = CARTESIAN_POINT('',(0.,0.));
#6996 = DIRECTION('',(1.,0.));
#6997 = ( GEOMETRIC_REPRESENTATION_CONTEXT(2)
PARAMETRIC_REPRESENTATION_CONTEXT() REPRESENTATION_CONTEXT('2D SPACE',''
  ) );
#6998 = ORIENTED_EDGE('',*,*,#6807,.T.);
#6999 = ORIENTED_EDGE('',*,*,#6434,.F.);
#7000 = ADVANCED_FACE('',(#7001),#6722,.F.);
#7001 = FACE_BOUND('',#7002,.F.);
#7002 = EDGE_LOOP('',(#7003,#7004,#7026,#7027));
#7003 = ORIENTED_EDGE('',*,*,#6707,.F.);
#7004 = ORIENTED_EDGE('',*,*,#7005,.T.);
#7005 = EDGE_CURVE('',#6680,#6829,#7006,.T.);
#7006 = SURFACE_CURVE('',#7007,(#7012,#7019),.PCURVE_S1.);
#7007 = CIRCLE('',#7008,5.6);
#7008 = AXIS2_PLACEMENT_3D('',#7009,#7010,#7011);
#7009 = CARTESIAN_POINT('',(0.,0.,-0.7));
#7010 = DIRECTION('',(0.,0.,1.));
#7011 = DIRECTION('',(1.,0.,-0.));
#7012 = PCURVE('',#6722,#7013);
#7013 = DEFINITIONAL_REPRESENTATION('',(#7014),#7018);
#7014 = CIRCLE('',#7015,5.6);
#7015 = AXIS2_PLACEMENT_2D('',#7016,#7017);
#7016 = CARTESIAN_POINT('',(0.,0.));
#7017 = DIRECTION('',(1.,0.));
#7018 = ( GEOMETRIC_REPRESENTATION_CONTEXT(2)
PARAMETRIC_REPRESENTATION_CONTEXT() REPRESENTATION_CONTEXT('2D SPACE',''
  ) );
#7019 = PCURVE('',#6695,#7020);
#7020 = DEFINITIONAL_REPRESENTATION('',(#7021),#7025);
#7021 = LINE('',#7022,#7023);
#7022 = CARTESIAN_POINT('',(-0.,-0.9));
#7023 = VECTOR('',#7024,1.);
#7024 = DIRECTION('',(-1.,-0.));
#7025 = ( GEOMETRIC_REPRESENTATION_CONTEXT(2)
PARAMETRIC_REPRESENTATION_CONTEXT() REPRESENTATION_CONTEXT('2D SPACE',''
  ) );
#7026 = ORIENTED_EDGE('',*,*,#6828,.F.);
#7027 = ORIENTED_EDGE('',*,*,#6977,.F.);
#7028 = ADVANCED_FACE('',(#7029),#6695,.F.);
#7029 = FACE_BOUND('',#7030,.F.);
#7030 = EDGE_LOOP('',(#7031,#7032,#7054,#7055));
#7031 = ORIENTED_EDGE('',*,*,#6679,.F.);
#7032 = ORIENTED_EDGE('',*,*,#7033,.T.);
#7033 = EDGE_CURVE('',#6652,#6850,#7034,.T.);
#7034 = SURFACE_CURVE('',#7035,(#7040,#7047),.PCURVE_S1.);
#7035 = CIRCLE('',#7036,6.3);
#7036 = AXIS2_PLACEMENT_3D('',#7037,#7038,#7039);
#7037 = CARTESIAN_POINT('',(0.,0.,-1.6));
#7038 = DIRECTION('',(0.,0.,1.));
#7039 = DIRECTION('',(1.,0.,-0.));
#7040 = PCURVE('',#6695,#7041);
#7041 = DEFINITIONAL_REPRESENTATION('',(#7042),#7046);
#7042 = LINE('',#7043,#7044);
#7043 = CARTESIAN_POINT('',(-0.,-0.));
#7044 = VECTOR('',#7045,1.);
#7045 = DIRECTION('',(-1.,-0.));
#7046 = ( GEOMETRIC_REPRESENTATION_CONTEXT(2)
PARAMETRIC_REPRESENTATION_CONTEXT() REPRESENTATION_CONTEXT('2D SPACE',''
  ) );
#7047 = PCURVE('',#6667,#7048);
#7048 = DEFINITIONAL_REPRESENTATION('',(#7049),#7053);
#7049 = LINE('',#7050,#7051);
#7050 = CARTESIAN_POINT('',(0.,-0.8));
#7051 = VECTOR('',#7052,1.);
#7052 = DIRECTION('',(1.,-0.));
#7053 = ( GEOMETRIC_REPRESENTATION_CONTEXT(2)
PARAMETRIC_REPRESENTATION_CONTEXT() REPRESENTATION_CONTEXT('2D SPACE',''
  ) );
#7054 = ORIENTED_EDGE('',*,*,#6849,.F.);
#7055 = ORIENTED_EDGE('',*,*,#7005,.F.);
#7056 = ADVANCED_FACE('',(#7057),#6667,.T.);
#7057 = FACE_BOUND('',#7058,.F.);
#7058 = EDGE_LOOP('',(#7059,#7060,#7082,#7083));
#7059 = ORIENTED_EDGE('',*,*,#6651,.F.);
#7060 = ORIENTED_EDGE('',*,*,#7061,.T.);
#7061 = EDGE_CURVE('',#6626,#6871,#7062,.T.);
#7062 = SURFACE_CURVE('',#7063,(#7068,#7075),.PCURVE_S1.);
#7063 = CIRCLE('',#7064,7.5);
#7064 = AXIS2_PLACEMENT_3D('',#7065,#7066,#7067);
#7065 = CARTESIAN_POINT('',(0.,0.,-0.8));
#7066 = DIRECTION('',(0.,0.,1.));
#7067 = DIRECTION('',(1.,0.,-0.));
#7068 = PCURVE('',#6667,#7069);
#7069 = DEFINITIONAL_REPRESENTATION('',(#7070),#7074);
#7070 = LINE('',#7071,#7072);
#7071 = CARTESIAN_POINT('',(0.,-0.));
#7072 = VECTOR('',#7073,1.);
#7073 = DIRECTION('',(1.,-0.));
#7074 = ( GEOMETRIC_REPRESENTATION_CONTEXT(2)
PARAMETRIC_REPRESENTATION_CONTEXT() REPRESENTATION_CONTEXT('2D SPACE',''
  ) );
#7075 = PCURVE('',#6640,#7076);
#7076 = DEFINITIONAL_REPRESENTATION('',(#7077),#7081);
#7077 = CIRCLE('',#7078,7.5);
#7078 = AXIS2_PLACEMENT_2D('',#7079,#7080);
#7079 = CARTESIAN_POINT('',(0.,0.));
#7080 = DIRECTION('',(1.,0.));
#7081 = ( GEOMETRIC_REPRESENTATION_CONTEXT(2)
PARAMETRIC_REPRESENTATION_CONTEXT() REPRESENTATION_CONTEXT('2D SPACE',''
  ) );
#7082 = ORIENTED_EDGE('',*,*,#6870,.F.);
#7083 = ORIENTED_EDGE('',*,*,#7033,.F.);
#7084 = ADVANCED_FACE('',(#7085),#6640,.F.);
#7085 = FACE_BOUND('',#7086,.F.);
#7086 = EDGE_LOOP('',(#7087,#7088,#7110,#7111));
#7087 = ORIENTED_EDGE('',*,*,#6625,.F.);
#7088 = ORIENTED_EDGE('',*,*,#7089,.T.);
#7089 = EDGE_CURVE('',#6598,#6892,#7090,.T.);
#7090 = SURFACE_CURVE('',#7091,(#7096,#7103),.PCURVE_S1.);
#7091 = CIRCLE('',#7092,8.5);
#7092 = AXIS2_PLACEMENT_3D('',#7093,#7094,#7095);
#7093 = CARTESIAN_POINT('',(0.,0.,-0.8));
#7094 = DIRECTION('',(0.,0.,1.));
#7095 = DIRECTION('',(1.,0.,-0.));
#7096 = PCURVE('',#6640,#7097);
#7097 = DEFINITIONAL_REPRESENTATION('',(#7098),#7102);
#7098 = CIRCLE('',#7099,8.5);
#7099 = AXIS2_PLACEMENT_2D('',#7100,#7101);
#7100 = CARTESIAN_POINT('',(0.,0.));
#7101 = DIRECTION('',(1.,0.));
#7102 = ( GEOMETRIC_REPRESENTATION_CONTEXT(2)
PARAMETRIC_REPRESENTATION_CONTEXT() REPRESENTATION_CONTEXT('2D SPACE',''
  ) );
#7103 = PCURVE('',#6613,#7104);
#7104 = DEFINITIONAL_REPRESENTATION('',(#7105),#7109);
#7105 = LINE('',#7106,#7107);
#7106 = CARTESIAN_POINT('',(-0.,0.2));
#7107 = VECTOR('',#7108,1.);
#7108 = DIRECTION('',(-1.,0.));
#7109 = ( GEOMETRIC_REPRESENTATION_CONTEXT(2)
PARAMETRIC_REPRESENTATION_CONTEXT() REPRESENTATION_CONTEXT('2D SPACE',''
  ) );
#7110 = ORIENTED_EDGE('',*,*,#6891,.F.);
#7111 = ORIENTED_EDGE('',*,*,#7061,.F.);
#7112 = ADVANCED_FACE('',(#7113),#6613,.T.);
#7113 = FACE_BOUND('',#7114,.F.);
#7114 = EDGE_LOOP('',(#7115,#7116,#7138,#7139));
#7115 = ORIENTED_EDGE('',*,*,#6597,.F.);
#7116 = ORIENTED_EDGE('',*,*,#7117,.T.);
#7117 = EDGE_CURVE('',#6572,#6913,#7118,.T.);
#7118 = SURFACE_CURVE('',#7119,(#7124,#7131),.PCURVE_S1.);
#7119 = CIRCLE('',#7120,8.5);
#7120 = AXIS2_PLACEMENT_3D('',#7121,#7122,#7123);
#7121 = CARTESIAN_POINT('',(0.,0.,-0.6));
#7122 = DIRECTION('',(0.,0.,1.));
#7123 = DIRECTION('',(1.,0.,-0.));
#7124 = PCURVE('',#6613,#7125);
#7125 = DEFINITIONAL_REPRESENTATION('',(#7126),#7130);
#7126 = LINE('',#7127,#7128);
#7127 = CARTESIAN_POINT('',(-0.,0.));
#7128 = VECTOR('',#7129,1.);
#7129 = DIRECTION('',(-1.,0.));
#7130 = ( GEOMETRIC_REPRESENTATION_CONTEXT(2)
PARAMETRIC_REPRESENTATION_CONTEXT() REPRESENTATION_CONTEXT('2D SPACE',''
  ) );
#7131 = PCURVE('',#6586,#7132);
#7132 = DEFINITIONAL_REPRESENTATION('',(#7133),#7137);
#7133 = CIRCLE('',#7134,8.5);
#7134 = AXIS2_PLACEMENT_2D('',#7135,#7136);
#7135 = CARTESIAN_POINT('',(0.,0.));
#7136 = DIRECTION('',(1.,-0.));
#7137 = ( GEOMETRIC_REPRESENTATION_CONTEXT(2)
PARAMETRIC_REPRESENTATION_CONTEXT() REPRESENTATION_CONTEXT('2D SPACE',''
  ) );
#7138 = ORIENTED_EDGE('',*,*,#6912,.T.);
#7139 = ORIENTED_EDGE('',*,*,#7089,.F.);
#7140 = ADVANCED_FACE('',(#7141),#6586,.T.);
#7141 = FACE_BOUND('',#7142,.F.);
#7142 = EDGE_LOOP('',(#7143,#7144,#7166,#7167));
#7143 = ORIENTED_EDGE('',*,*,#6571,.F.);
#7144 = ORIENTED_EDGE('',*,*,#7145,.T.);
#7145 = EDGE_CURVE('',#6544,#6934,#7146,.T.);
#7146 = SURFACE_CURVE('',#7147,(#7152,#7159),.PCURVE_S1.);
#7147 = CIRCLE('',#7148,7.5);
#7148 = AXIS2_PLACEMENT_3D('',#7149,#7150,#7151);
#7149 = CARTESIAN_POINT('',(0.,0.,-0.6));
#7150 = DIRECTION('',(0.,0.,1.));
#7151 = DIRECTION('',(1.,0.,-0.));
#7152 = PCURVE('',#6586,#7153);
#7153 = DEFINITIONAL_REPRESENTATION('',(#7154),#7158);
#7154 = CIRCLE('',#7155,7.5);
#7155 = AXIS2_PLACEMENT_2D('',#7156,#7157);
#7156 = CARTESIAN_POINT('',(0.,0.));
#7157 = DIRECTION('',(1.,-0.));
#7158 = ( GEOMETRIC_REPRESENTATION_CONTEXT(2)
PARAMETRIC_REPRESENTATION_CONTEXT() REPRESENTATION_CONTEXT('2D SPACE',''
  ) );
#7159 = PCURVE('',#6559,#7160);
#7160 = DEFINITIONAL_REPRESENTATION('',(#7161),#7165);
#7161 = LINE('',#7162,#7163);
#7162 = CARTESIAN_POINT('',(0.,0.8));
#7163 = VECTOR('',#7164,1.);
#7164 = DIRECTION('',(1.,0.));
#7165 = ( GEOMETRIC_REPRESENTATION_CONTEXT(2)
PARAMETRIC_REPRESENTATION_CONTEXT() REPRESENTATION_CONTEXT('2D SPACE',''
  ) );
#7166 = ORIENTED_EDGE('',*,*,#6933,.F.);
#7167 = ORIENTED_EDGE('',*,*,#7117,.F.);
#7168 = ADVANCED_FACE('',(#7169),#6559,.F.);
#7169 = FACE_BOUND('',#7170,.F.);
#7170 = EDGE_LOOP('',(#7171,#7172,#7173,#7174));
#7171 = ORIENTED_EDGE('',*,*,#6543,.F.);
#7172 = ORIENTED_EDGE('',*,*,#6780,.T.);
#7173 = ORIENTED_EDGE('',*,*,#6954,.T.);
#7174 = ORIENTED_EDGE('',*,*,#7145,.F.);
#7175 = ( GEOMETRIC_REPRESENTATION_CONTEXT(3)
GLOBAL_UNCERTAINTY_ASSIGNED_CONTEXT((#7179))
GLOBAL_UNIT_ASSIGNED_CONTEXT((#7176,#7177,#7178)) REPRESENTATION_CONTEXT
('Context #1','3D Context with UNIT and UNCERTAINTY') );
#7176 = ( LENGTH_UNIT() NAMED_UNIT(*) SI_UNIT(.MILLI.,.METRE.) );
#7177 = ( NAMED_UNIT(*) PLANE_ANGLE_UNIT() SI_UNIT($,.RADIAN.) );
#7178 = ( NAMED_UNIT(*) SI_UNIT($,.STERADIAN.) SOLID_ANGLE_UNIT() );
#7179 = UNCERTAINTY_MEASURE_WITH_UNIT(LENGTH_MEASURE(1.E-07),#7176,
  'distance_accuracy_value','confusion accuracy');
#7180 = CONTEXT_DEPENDENT_SHAPE_REPRESENTATION(#7181,#7183);
#7181 = ( REPRESENTATION_RELATIONSHIP('','',#6394,#10)
REPRESENTATION_RELATIONSHIP_WITH_TRANSFORMATION(#7182)
SHAPE_REPRESENTATION_RELATIONSHIP() );
#7182 = ITEM_DEFINED_TRANSFORMATION('','',#11,#55);
#7183 = PRODUCT_DEFINITION_SHAPE('Placement','Placement of an item',
  #7184);
#7184 = NEXT_ASSEMBLY_USAGE_OCCURRENCE('99','flex_diaphragm_ENVELOPE',''
  ,#5,#6389,$);
#7185 = PRODUCT_RELATED_PRODUCT_CATEGORY('part',$,(#6391));
#7186 = SHAPE_DEFINITION_REPRESENTATION(#7187,#7193);
#7187 = PRODUCT_DEFINITION_SHAPE('','',#7188);
#7188 = PRODUCT_DEFINITION('design','',#7189,#7192);
#7189 = PRODUCT_DEFINITION_FORMATION('','',#7190);
#7190 = PRODUCT('PR1_lower_cap_spring_seat_z_minus28p45',
  'PR1_lower_cap_spring_seat_z_minus28p45','',(#7191));
#7191 = PRODUCT_CONTEXT('',#2,'mechanical');
#7192 = PRODUCT_DEFINITION_CONTEXT('part definition',#2,'design');
#7193 = ADVANCED_BREP_SHAPE_REPRESENTATION('',(#11,#7194),#8088);
#7194 = MANIFOLD_SOLID_BREP('',#7195);
#7195 = CLOSED_SHELL('',(#7196,#7316,#7487,#7532,#7664,#7794,#7842,#7951
    ,#7958,#7985,#8017,#8049,#8081));
#7196 = ADVANCED_FACE('',(#7197),#7212,.T.);
#7197 = FACE_BOUND('',#7198,.F.);
#7198 = EDGE_LOOP('',(#7199,#7235,#7263,#7292));
#7199 = ORIENTED_EDGE('',*,*,#7200,.F.);
#7200 = EDGE_CURVE('',#7201,#7203,#7205,.T.);
#7201 = VERTEX_POINT('',#7202);
#7202 = CARTESIAN_POINT('',(13.,0.,-33.));
#7203 = VERTEX_POINT('',#7204);
#7204 = CARTESIAN_POINT('',(-13.,1.592040838892E-15,-33.));
#7205 = SURFACE_CURVE('',#7206,(#7211,#7223),.PCURVE_S1.);
#7206 = CIRCLE('',#7207,13.);
#7207 = AXIS2_PLACEMENT_3D('',#7208,#7209,#7210);
#7208 = CARTESIAN_POINT('',(0.,0.,-33.));
#7209 = DIRECTION('',(0.,0.,1.));
#7210 = DIRECTION('',(1.,0.,0.));
#7211 = PCURVE('',#7212,#7217);
#7212 = CYLINDRICAL_SURFACE('',#7213,13.);
#7213 = AXIS2_PLACEMENT_3D('',#7214,#7215,#7216);
#7214 = CARTESIAN_POINT('',(0.,0.,-33.));
#7215 = DIRECTION('',(-0.,-0.,-1.));
#7216 = DIRECTION('',(1.,0.,0.));
#7217 = DEFINITIONAL_REPRESENTATION('',(#7218),#7222);
#7218 = LINE('',#7219,#7220);
#7219 = CARTESIAN_POINT('',(-0.,0.));
#7220 = VECTOR('',#7221,1.);
#7221 = DIRECTION('',(-1.,0.));
#7222 = ( GEOMETRIC_REPRESENTATION_CONTEXT(2)
PARAMETRIC_REPRESENTATION_CONTEXT() REPRESENTATION_CONTEXT('2D SPACE',''
  ) );
#7223 = PCURVE('',#7224,#7229);
#7224 = PLANE('',#7225);
#7225 = AXIS2_PLACEMENT_3D('',#7226,#7227,#7228);
#7226 = CARTESIAN_POINT('',(-8.415016200243E-16,1.152322960418E-15,-33.)
  );
#7227 = DIRECTION('',(0.,0.,1.));
#7228 = DIRECTION('',(1.,0.,-0.));
#7229 = DEFINITIONAL_REPRESENTATION('',(#7230),#7234);
#7230 = CIRCLE('',#7231,13.);
#7231 = AXIS2_PLACEMENT_2D('',#7232,#7233);
#7232 = CARTESIAN_POINT('',(8.415016200243E-16,-1.152322960418E-15));
#7233 = DIRECTION('',(1.,0.));
#7234 = ( GEOMETRIC_REPRESENTATION_CONTEXT(2)
PARAMETRIC_REPRESENTATION_CONTEXT() REPRESENTATION_CONTEXT('2D SPACE',''
  ) );
#7235 = ORIENTED_EDGE('',*,*,#7236,.T.);
#7236 = EDGE_CURVE('',#7201,#7237,#7239,.T.);
#7237 = VERTEX_POINT('',#7238);
#7238 = CARTESIAN_POINT('',(13.,0.,-29.));
#7239 = SURFACE_CURVE('',#7240,(#7244,#7251),.PCURVE_S1.);
#7240 = LINE('',#7241,#7242);
#7241 = CARTESIAN_POINT('',(13.,0.,-33.));
#7242 = VECTOR('',#7243,1.);
#7243 = DIRECTION('',(0.,0.,1.));
#7244 = PCURVE('',#7212,#7245);
#7245 = DEFINITIONAL_REPRESENTATION('',(#7246),#7250);
#7246 = LINE('',#7247,#7248);
#7247 = CARTESIAN_POINT('',(-0.,0.));
#7248 = VECTOR('',#7249,1.);
#7249 = DIRECTION('',(-0.,-1.));
#7250 = ( GEOMETRIC_REPRESENTATION_CONTEXT(2)
PARAMETRIC_REPRESENTATION_CONTEXT() REPRESENTATION_CONTEXT('2D SPACE',''
  ) );
#7251 = PCURVE('',#7252,#7257);
#7252 = PLANE('',#7253);
#7253 = AXIS2_PLACEMENT_3D('',#7254,#7255,#7256);
#7254 = CARTESIAN_POINT('',(-40.,0.,-80.));
#7255 = DIRECTION('',(0.,1.,0.));
#7256 = DIRECTION('',(0.,0.,1.));
#7257 = DEFINITIONAL_REPRESENTATION('',(#7258),#7262);
#7258 = LINE('',#7259,#7260);
#7259 = CARTESIAN_POINT('',(47.,53.));
#7260 = VECTOR('',#7261,1.);
#7261 = DIRECTION('',(1.,0.));
#7262 = ( GEOMETRIC_REPRESENTATION_CONTEXT(2)
PARAMETRIC_REPRESENTATION_CONTEXT() REPRESENTATION_CONTEXT('2D SPACE',''
  ) );
#7263 = ORIENTED_EDGE('',*,*,#7264,.T.);
#7264 = EDGE_CURVE('',#7237,#7265,#7267,.T.);
#7265 = VERTEX_POINT('',#7266);
#7266 = CARTESIAN_POINT('',(-13.,1.592040838892E-15,-29.));
#7267 = SURFACE_CURVE('',#7268,(#7273,#7280),.PCURVE_S1.);
#7268 = CIRCLE('',#7269,13.);
#7269 = AXIS2_PLACEMENT_3D('',#7270,#7271,#7272);
#7270 = CARTESIAN_POINT('',(0.,0.,-29.));
#7271 = DIRECTION('',(0.,0.,1.));
#7272 = DIRECTION('',(1.,0.,0.));
#7273 = PCURVE('',#7212,#7274);
#7274 = DEFINITIONAL_REPRESENTATION('',(#7275),#7279);
#7275 = LINE('',#7276,#7277);
#7276 = CARTESIAN_POINT('',(-0.,-4.));
#7277 = VECTOR('',#7278,1.);
#7278 = DIRECTION('',(-1.,0.));
#7279 = ( GEOMETRIC_REPRESENTATION_CONTEXT(2)
PARAMETRIC_REPRESENTATION_CONTEXT() REPRESENTATION_CONTEXT('2D SPACE',''
  ) );
#7280 = PCURVE('',#7281,#7286);
#7281 = PLANE('',#7282);
#7282 = AXIS2_PLACEMENT_3D('',#7283,#7284,#7285);
#7283 = CARTESIAN_POINT('',(-8.415016200243E-16,1.152322960418E-15,-29.)
  );
#7284 = DIRECTION('',(0.,0.,1.));
#7285 = DIRECTION('',(1.,0.,-0.));
#7286 = DEFINITIONAL_REPRESENTATION('',(#7287),#7291);
#7287 = CIRCLE('',#7288,13.);
#7288 = AXIS2_PLACEMENT_2D('',#7289,#7290);
#7289 = CARTESIAN_POINT('',(8.415016200243E-16,-1.152322960418E-15));
#7290 = DIRECTION('',(1.,0.));
#7291 = ( GEOMETRIC_REPRESENTATION_CONTEXT(2)
PARAMETRIC_REPRESENTATION_CONTEXT() REPRESENTATION_CONTEXT('2D SPACE',''
  ) );
#7292 = ORIENTED_EDGE('',*,*,#7293,.T.);
#7293 = EDGE_CURVE('',#7265,#7203,#7294,.T.);
#7294 = SURFACE_CURVE('',#7295,(#7299,#7305),.PCURVE_S1.);
#7295 = LINE('',#7296,#7297);
#7296 = CARTESIAN_POINT('',(-13.,0.,-33.));
#7297 = VECTOR('',#7298,1.);
#7298 = DIRECTION('',(-0.,-0.,-1.));
#7299 = PCURVE('',#7212,#7300);
#7300 = DEFINITIONAL_REPRESENTATION('',(#7301),#7304);
#7301 = B_SPLINE_CURVE_WITH_KNOTS('',1,(#7302,#7303),.UNSPECIFIED.,.F.,
  .F.,(2,2),(-4.0000006,5.999999999062E-07),.PIECEWISE_BEZIER_KNOTS.);
#7302 = CARTESIAN_POINT('',(-3.14159265359,-4.0000006));
#7303 = CARTESIAN_POINT('',(-3.14159265359,5.999999999062E-07));
#7304 = ( GEOMETRIC_REPRESENTATION_CONTEXT(2)
PARAMETRIC_REPRESENTATION_CONTEXT() REPRESENTATION_CONTEXT('2D SPACE',''
  ) );
#7305 = PCURVE('',#7306,#7311);
#7306 = PLANE('',#7307);
#7307 = AXIS2_PLACEMENT_3D('',#7308,#7309,#7310);
#7308 = CARTESIAN_POINT('',(-40.,0.,-80.));
#7309 = DIRECTION('',(0.,1.,0.));
#7310 = DIRECTION('',(0.,0.,1.));
#7311 = DEFINITIONAL_REPRESENTATION('',(#7312),#7315);
#7312 = B_SPLINE_CURVE_WITH_KNOTS('',1,(#7313,#7314),.UNSPECIFIED.,.F.,
  .F.,(2,2),(-4.0000006,5.999999999062E-07),.PIECEWISE_BEZIER_KNOTS.);
#7313 = CARTESIAN_POINT('',(51.0000006,27.));
#7314 = CARTESIAN_POINT('',(46.9999994,27.));
#7315 = ( GEOMETRIC_REPRESENTATION_CONTEXT(2)
PARAMETRIC_REPRESENTATION_CONTEXT() REPRESENTATION_CONTEXT('2D SPACE',''
  ) );
#7316 = ADVANCED_FACE('',(#7317,#7452),#7224,.F.);
#7317 = FACE_BOUND('',#7318,.F.);
#7318 = EDGE_LOOP('',(#7319,#7340,#7341,#7362,#7395,#7421));
#7319 = ORIENTED_EDGE('',*,*,#7320,.F.);
#7320 = EDGE_CURVE('',#7201,#7321,#7323,.T.);
#7321 = VERTEX_POINT('',#7322);
#7322 = CARTESIAN_POINT('',(3.,0.,-33.));
#7323 = SURFACE_CURVE('',#7324,(#7328,#7334),.PCURVE_S1.);
#7324 = LINE('',#7325,#7326);
#7325 = CARTESIAN_POINT('',(-20.,0.,-33.));
#7326 = VECTOR('',#7327,1.);
#7327 = DIRECTION('',(-1.,0.,0.));
#7328 = PCURVE('',#7224,#7329);
#7329 = DEFINITIONAL_REPRESENTATION('',(#7330),#7333);
#7330 = B_SPLINE_CURVE_WITH_KNOTS('',1,(#7331,#7332),.UNSPECIFIED.,.F.,
  .F.,(2,2),(-33.,-7.),.PIECEWISE_BEZIER_KNOTS.);
#7331 = CARTESIAN_POINT('',(13.,-1.152322960418E-15));
#7332 = CARTESIAN_POINT('',(-13.,-1.152322960418E-15));
#7333 = ( GEOMETRIC_REPRESENTATION_CONTEXT(2)
PARAMETRIC_REPRESENTATION_CONTEXT() REPRESENTATION_CONTEXT('2D SPACE',''
  ) );
#7334 = PCURVE('',#7252,#7335);
#7335 = DEFINITIONAL_REPRESENTATION('',(#7336),#7339);
#7336 = B_SPLINE_CURVE_WITH_KNOTS('',1,(#7337,#7338),.UNSPECIFIED.,.F.,
  .F.,(2,2),(-33.,-7.),.PIECEWISE_BEZIER_KNOTS.);
#7337 = CARTESIAN_POINT('',(47.,53.));
#7338 = CARTESIAN_POINT('',(47.,27.));
#7339 = ( GEOMETRIC_REPRESENTATION_CONTEXT(2)
PARAMETRIC_REPRESENTATION_CONTEXT() REPRESENTATION_CONTEXT('2D SPACE',''
  ) );
#7340 = ORIENTED_EDGE('',*,*,#7200,.T.);
#7341 = ORIENTED_EDGE('',*,*,#7342,.F.);
#7342 = EDGE_CURVE('',#7343,#7203,#7345,.T.);
#7343 = VERTEX_POINT('',#7344);
#7344 = CARTESIAN_POINT('',(-11.65,-2.162927593112E-16,-33.));
#7345 = SURFACE_CURVE('',#7346,(#7350,#7356),.PCURVE_S1.);
#7346 = LINE('',#7347,#7348);
#7347 = CARTESIAN_POINT('',(-20.,0.,-33.));
#7348 = VECTOR('',#7349,1.);
#7349 = DIRECTION('',(-1.,0.,0.));
#7350 = PCURVE('',#7224,#7351);
#7351 = DEFINITIONAL_REPRESENTATION('',(#7352),#7355);
#7352 = B_SPLINE_CURVE_WITH_KNOTS('',1,(#7353,#7354),.UNSPECIFIED.,.F.,
  .F.,(2,2),(-33.,-7.),.PIECEWISE_BEZIER_KNOTS.);
#7353 = CARTESIAN_POINT('',(13.,-1.152322960418E-15));
#7354 = CARTESIAN_POINT('',(-13.,-1.152322960418E-15));
#7355 = ( GEOMETRIC_REPRESENTATION_CONTEXT(2)
PARAMETRIC_REPRESENTATION_CONTEXT() REPRESENTATION_CONTEXT('2D SPACE',''
  ) );
#7356 = PCURVE('',#7306,#7357);
#7357 = DEFINITIONAL_REPRESENTATION('',(#7358),#7361);
#7358 = B_SPLINE_CURVE_WITH_KNOTS('',1,(#7359,#7360),.UNSPECIFIED.,.F.,
  .F.,(2,2),(-33.,-7.),.PIECEWISE_BEZIER_KNOTS.);
#7359 = CARTESIAN_POINT('',(47.,53.));
#7360 = CARTESIAN_POINT('',(47.,27.));
#7361 = ( GEOMETRIC_REPRESENTATION_CONTEXT(2)
PARAMETRIC_REPRESENTATION_CONTEXT() REPRESENTATION_CONTEXT('2D SPACE',''
  ) );
#7362 = ORIENTED_EDGE('',*,*,#7363,.T.);
#7363 = EDGE_CURVE('',#7343,#7364,#7366,.T.);
#7364 = VERTEX_POINT('',#7365);
#7365 = CARTESIAN_POINT('',(-8.75,1.24913973513E-15,-33.));
#7366 = SURFACE_CURVE('',#7367,(#7372,#7383),.PCURVE_S1.);
#7367 = CIRCLE('',#7368,1.45);
#7368 = AXIS2_PLACEMENT_3D('',#7369,#7370,#7371);
#7369 = CARTESIAN_POINT('',(-10.2,1.24913973513E-15,-33.));
#7370 = DIRECTION('',(0.,0.,-1.));
#7371 = DIRECTION('',(1.,0.,0.));
#7372 = PCURVE('',#7224,#7373);
#7373 = DEFINITIONAL_REPRESENTATION('',(#7374),#7382);
#7374 = ( BOUNDED_CURVE() B_SPLINE_CURVE(2,(#7375,#7376,#7377,#7378,
#7379,#7380,#7381),.UNSPECIFIED.,.T.,.F.) B_SPLINE_CURVE_WITH_KNOTS((1,2
    ,2,2,2,1),(-2.094395102393,0.,2.094395102393,4.188790204786,
6.28318530718,8.377580409573),.UNSPECIFIED.) CURVE()
GEOMETRIC_REPRESENTATION_ITEM() RATIONAL_B_SPLINE_CURVE((1.,0.5,1.,0.5,
1.,0.5,1.)) REPRESENTATION_ITEM('') );
#7375 = CARTESIAN_POINT('',(-8.75,9.68167747123E-17));
#7376 = CARTESIAN_POINT('',(-8.75,-2.511473670975));
#7377 = CARTESIAN_POINT('',(-10.925,-1.255736835487));
#7378 = CARTESIAN_POINT('',(-13.1,-2.583307970404E-16));
#7379 = CARTESIAN_POINT('',(-10.925,1.255736835487));
#7380 = CARTESIAN_POINT('',(-8.75,2.511473670975));
#7381 = CARTESIAN_POINT('',(-8.75,9.68167747123E-17));
#7382 = ( GEOMETRIC_REPRESENTATION_CONTEXT(2)
PARAMETRIC_REPRESENTATION_CONTEXT() REPRESENTATION_CONTEXT('2D SPACE',''
  ) );
#7383 = PCURVE('',#7384,#7389);
#7384 = CYLINDRICAL_SURFACE('',#7385,1.45);
#7385 = AXIS2_PLACEMENT_3D('',#7386,#7387,#7388);
#7386 = CARTESIAN_POINT('',(-10.2,1.24913973513E-15,-34.));
#7387 = DIRECTION('',(-0.,-0.,-1.));
#7388 = DIRECTION('',(1.,0.,0.));
#7389 = DEFINITIONAL_REPRESENTATION('',(#7390),#7394);
#7390 = LINE('',#7391,#7392);
#7391 = CARTESIAN_POINT('',(-6.28318530718,-1.));
#7392 = VECTOR('',#7393,1.);
#7393 = DIRECTION('',(1.,-0.));
#7394 = ( GEOMETRIC_REPRESENTATION_CONTEXT(2)
PARAMETRIC_REPRESENTATION_CONTEXT() REPRESENTATION_CONTEXT('2D SPACE',''
  ) );
#7395 = ORIENTED_EDGE('',*,*,#7396,.F.);
#7396 = EDGE_CURVE('',#7397,#7364,#7399,.T.);
#7397 = VERTEX_POINT('',#7398);
#7398 = CARTESIAN_POINT('',(-3.,-3.673940397442E-16,-33.));
#7399 = SURFACE_CURVE('',#7400,(#7404,#7410),.PCURVE_S1.);
#7400 = LINE('',#7401,#7402);
#7401 = CARTESIAN_POINT('',(-20.,0.,-33.));
#7402 = VECTOR('',#7403,1.);
#7403 = DIRECTION('',(-1.,0.,0.));
#7404 = PCURVE('',#7224,#7405);
#7405 = DEFINITIONAL_REPRESENTATION('',(#7406),#7409);
#7406 = B_SPLINE_CURVE_WITH_KNOTS('',1,(#7407,#7408),.UNSPECIFIED.,.F.,
  .F.,(2,2),(-33.,-7.),.PIECEWISE_BEZIER_KNOTS.);
#7407 = CARTESIAN_POINT('',(13.,-1.152322960418E-15));
#7408 = CARTESIAN_POINT('',(-13.,-1.152322960418E-15));
#7409 = ( GEOMETRIC_REPRESENTATION_CONTEXT(2)
PARAMETRIC_REPRESENTATION_CONTEXT() REPRESENTATION_CONTEXT('2D SPACE',''
  ) );
#7410 = PCURVE('',#7411,#7416);
#7411 = PLANE('',#7412);
#7412 = AXIS2_PLACEMENT_3D('',#7413,#7414,#7415);
#7413 = CARTESIAN_POINT('',(-40.,0.,-80.));
#7414 = DIRECTION('',(0.,1.,0.));
#7415 = DIRECTION('',(0.,0.,1.));
#7416 = DEFINITIONAL_REPRESENTATION('',(#7417),#7420);
#7417 = B_SPLINE_CURVE_WITH_KNOTS('',1,(#7418,#7419),.UNSPECIFIED.,.F.,
  .F.,(2,2),(-33.,-7.),.PIECEWISE_BEZIER_KNOTS.);
#7418 = CARTESIAN_POINT('',(47.,53.));
#7419 = CARTESIAN_POINT('',(47.,27.));
#7420 = ( GEOMETRIC_REPRESENTATION_CONTEXT(2)
PARAMETRIC_REPRESENTATION_CONTEXT() REPRESENTATION_CONTEXT('2D SPACE',''
  ) );
#7421 = ORIENTED_EDGE('',*,*,#7422,.T.);
#7422 = EDGE_CURVE('',#7397,#7321,#7423,.T.);
#7423 = SURFACE_CURVE('',#7424,(#7429,#7440),.PCURVE_S1.);
#7424 = CIRCLE('',#7425,3.);
#7425 = AXIS2_PLACEMENT_3D('',#7426,#7427,#7428);
#7426 = CARTESIAN_POINT('',(0.,0.,-33.));
#7427 = DIRECTION('',(0.,0.,-1.));
#7428 = DIRECTION('',(1.,0.,0.));
#7429 = PCURVE('',#7224,#7430);
#7430 = DEFINITIONAL_REPRESENTATION('',(#7431),#7439);
#7431 = ( BOUNDED_CURVE() B_SPLINE_CURVE(2,(#7432,#7433,#7434,#7435,
#7436,#7437,#7438),.UNSPECIFIED.,.T.,.F.) B_SPLINE_CURVE_WITH_KNOTS((1,2
    ,2,2,2,1),(-2.094395102393,0.,2.094395102393,4.188790204786,
6.28318530718,8.377580409573),.UNSPECIFIED.) CURVE()
GEOMETRIC_REPRESENTATION_ITEM() RATIONAL_B_SPLINE_CURVE((1.,0.5,1.,0.5,
1.,0.5,1.)) REPRESENTATION_ITEM('') );
#7432 = CARTESIAN_POINT('',(3.,-1.152322960418E-15));
#7433 = CARTESIAN_POINT('',(3.,-5.196152422707));
#7434 = CARTESIAN_POINT('',(-1.5,-2.598076211353));
#7435 = CARTESIAN_POINT('',(-6.,-1.887111039906E-15));
#7436 = CARTESIAN_POINT('',(-1.5,2.598076211353));
#7437 = CARTESIAN_POINT('',(3.,5.196152422707));
#7438 = CARTESIAN_POINT('',(3.,-1.152322960418E-15));
#7439 = ( GEOMETRIC_REPRESENTATION_CONTEXT(2)
PARAMETRIC_REPRESENTATION_CONTEXT() REPRESENTATION_CONTEXT('2D SPACE',''
  ) );
#7440 = PCURVE('',#7441,#7446);
#7441 = CYLINDRICAL_SURFACE('',#7442,3.);
#7442 = AXIS2_PLACEMENT_3D('',#7443,#7444,#7445);
#7443 = CARTESIAN_POINT('',(0.,0.,-34.));
#7444 = DIRECTION('',(-0.,-0.,-1.));
#7445 = DIRECTION('',(1.,0.,0.));
#7446 = DEFINITIONAL_REPRESENTATION('',(#7447),#7451);
#7447 = LINE('',#7448,#7449);
#7448 = CARTESIAN_POINT('',(-6.28318530718,-1.));
#7449 = VECTOR('',#7450,1.);
#7450 = DIRECTION('',(1.,-0.));
#7451 = ( GEOMETRIC_REPRESENTATION_CONTEXT(2)
PARAMETRIC_REPRESENTATION_CONTEXT() REPRESENTATION_CONTEXT('2D SPACE',''
  ) );
#7452 = FACE_BOUND('',#7453,.F.);
#7453 = EDGE_LOOP('',(#7454));
#7454 = ORIENTED_EDGE('',*,*,#7455,.T.);
#7455 = EDGE_CURVE('',#7456,#7456,#7458,.T.);
#7456 = VERTEX_POINT('',#7457);
#7457 = CARTESIAN_POINT('',(6.55,8.833459118601,-33.));
#7458 = SURFACE_CURVE('',#7459,(#7464,#7475),.PCURVE_S1.);
#7459 = CIRCLE('',#7460,1.45);
#7460 = AXIS2_PLACEMENT_3D('',#7461,#7462,#7463);
#7461 = CARTESIAN_POINT('',(5.1,8.833459118601,-33.));
#7462 = DIRECTION('',(0.,0.,-1.));
#7463 = DIRECTION('',(1.,0.,0.));
#7464 = PCURVE('',#7224,#7465);
#7465 = DEFINITIONAL_REPRESENTATION('',(#7466),#7474);
#7466 = ( BOUNDED_CURVE() B_SPLINE_CURVE(2,(#7467,#7468,#7469,#7470,
#7471,#7472,#7473),.UNSPECIFIED.,.T.,.F.) B_SPLINE_CURVE_WITH_KNOTS((1,2
    ,2,2,2,1),(-2.094395102393,0.,2.094395102393,4.188790204786,
6.28318530718,8.377580409573),.UNSPECIFIED.) CURVE()
GEOMETRIC_REPRESENTATION_ITEM() RATIONAL_B_SPLINE_CURVE((1.,0.5,1.,0.5,
1.,0.5,1.)) REPRESENTATION_ITEM('') );
#7467 = CARTESIAN_POINT('',(6.55,8.833459118601));
#7468 = CARTESIAN_POINT('',(6.55,6.321985447626));
#7469 = CARTESIAN_POINT('',(4.375,7.577722283114));
#7470 = CARTESIAN_POINT('',(2.2,8.833459118601));
#7471 = CARTESIAN_POINT('',(4.375,10.089195954089));
#7472 = CARTESIAN_POINT('',(6.55,11.344932789576));
#7473 = CARTESIAN_POINT('',(6.55,8.833459118601));
#7474 = ( GEOMETRIC_REPRESENTATION_CONTEXT(2)
PARAMETRIC_REPRESENTATION_CONTEXT() REPRESENTATION_CONTEXT('2D SPACE',''
  ) );
#7475 = PCURVE('',#7476,#7481);
#7476 = CYLINDRICAL_SURFACE('',#7477,1.45);
#7477 = AXIS2_PLACEMENT_3D('',#7478,#7479,#7480);
#7478 = CARTESIAN_POINT('',(5.1,8.833459118601,-34.));
#7479 = DIRECTION('',(-0.,-0.,-1.));
#7480 = DIRECTION('',(1.,0.,0.));
#7481 = DEFINITIONAL_REPRESENTATION('',(#7482),#7486);
#7482 = LINE('',#7483,#7484);
#7483 = CARTESIAN_POINT('',(-6.28318530718,-1.));
#7484 = VECTOR('',#7485,1.);
#7485 = DIRECTION('',(1.,-0.));
#7486 = ( GEOMETRIC_REPRESENTATION_CONTEXT(2)
PARAMETRIC_REPRESENTATION_CONTEXT() REPRESENTATION_CONTEXT('2D SPACE',''
  ) );
#7487 = ADVANCED_FACE('',(#7488),#7306,.F.);
#7488 = FACE_BOUND('',#7489,.F.);
#7489 = EDGE_LOOP('',(#7490,#7491,#7512,#7531));
#7490 = ORIENTED_EDGE('',*,*,#7293,.F.);
#7491 = ORIENTED_EDGE('',*,*,#7492,.F.);
#7492 = EDGE_CURVE('',#7493,#7265,#7495,.T.);
#7493 = VERTEX_POINT('',#7494);
#7494 = CARTESIAN_POINT('',(-11.65,-2.162927593112E-16,-29.));
#7495 = SURFACE_CURVE('',#7496,(#7500,#7506),.PCURVE_S1.);
#7496 = LINE('',#7497,#7498);
#7497 = CARTESIAN_POINT('',(-20.,0.,-29.));
#7498 = VECTOR('',#7499,1.);
#7499 = DIRECTION('',(-1.,0.,0.));
#7500 = PCURVE('',#7306,#7501);
#7501 = DEFINITIONAL_REPRESENTATION('',(#7502),#7505);
#7502 = B_SPLINE_CURVE_WITH_KNOTS('',1,(#7503,#7504),.UNSPECIFIED.,.F.,
  .F.,(2,2),(-33.,-7.),.PIECEWISE_BEZIER_KNOTS.);
#7503 = CARTESIAN_POINT('',(51.,53.));
#7504 = CARTESIAN_POINT('',(51.,27.));
#7505 = ( GEOMETRIC_REPRESENTATION_CONTEXT(2)
PARAMETRIC_REPRESENTATION_CONTEXT() REPRESENTATION_CONTEXT('2D SPACE',''
  ) );
#7506 = PCURVE('',#7281,#7507);
#7507 = DEFINITIONAL_REPRESENTATION('',(#7508),#7511);
#7508 = B_SPLINE_CURVE_WITH_KNOTS('',1,(#7509,#7510),.UNSPECIFIED.,.F.,
  .F.,(2,2),(-33.,-7.),.PIECEWISE_BEZIER_KNOTS.);
#7509 = CARTESIAN_POINT('',(13.,-1.152322960418E-15));
#7510 = CARTESIAN_POINT('',(-13.,-1.152322960418E-15));
#7511 = ( GEOMETRIC_REPRESENTATION_CONTEXT(2)
PARAMETRIC_REPRESENTATION_CONTEXT() REPRESENTATION_CONTEXT('2D SPACE',''
  ) );
#7512 = ORIENTED_EDGE('',*,*,#7513,.T.);
#7513 = EDGE_CURVE('',#7493,#7343,#7514,.T.);
#7514 = SURFACE_CURVE('',#7515,(#7519,#7525),.PCURVE_S1.);
#7515 = LINE('',#7516,#7517);
#7516 = CARTESIAN_POINT('',(-11.65,0.,-34.));
#7517 = VECTOR('',#7518,1.);
#7518 = DIRECTION('',(-0.,-0.,-1.));
#7519 = PCURVE('',#7306,#7520);
#7520 = DEFINITIONAL_REPRESENTATION('',(#7521),#7524);
#7521 = B_SPLINE_CURVE_WITH_KNOTS('',1,(#7522,#7523),.UNSPECIFIED.,.F.,
  .F.,(2,2),(-5.0000006,-0.9999994),.PIECEWISE_BEZIER_KNOTS.);
#7522 = CARTESIAN_POINT('',(51.0000006,28.35));
#7523 = CARTESIAN_POINT('',(46.9999994,28.35));
#7524 = ( GEOMETRIC_REPRESENTATION_CONTEXT(2)
PARAMETRIC_REPRESENTATION_CONTEXT() REPRESENTATION_CONTEXT('2D SPACE',''
  ) );
#7525 = PCURVE('',#7384,#7526);
#7526 = DEFINITIONAL_REPRESENTATION('',(#7527),#7530);
#7527 = B_SPLINE_CURVE_WITH_KNOTS('',1,(#7528,#7529),.UNSPECIFIED.,.F.,
  .F.,(2,2),(-5.0000006,-0.9999994),.PIECEWISE_BEZIER_KNOTS.);
#7528 = CARTESIAN_POINT('',(-3.14159265359,-5.0000006));
#7529 = CARTESIAN_POINT('',(-3.14159265359,-0.9999994));
#7530 = ( GEOMETRIC_REPRESENTATION_CONTEXT(2)
PARAMETRIC_REPRESENTATION_CONTEXT() REPRESENTATION_CONTEXT('2D SPACE',''
  ) );
#7531 = ORIENTED_EDGE('',*,*,#7342,.T.);
#7532 = ADVANCED_FACE('',(#7533,#7634),#7281,.T.);
#7533 = FACE_BOUND('',#7534,.T.);
#7534 = EDGE_LOOP('',(#7535,#7556,#7557,#7558,#7586,#7607));
#7535 = ORIENTED_EDGE('',*,*,#7536,.F.);
#7536 = EDGE_CURVE('',#7237,#7537,#7539,.T.);
#7537 = VERTEX_POINT('',#7538);
#7538 = CARTESIAN_POINT('',(5.2,0.,-29.));
#7539 = SURFACE_CURVE('',#7540,(#7544,#7550),.PCURVE_S1.);
#7540 = LINE('',#7541,#7542);
#7541 = CARTESIAN_POINT('',(-20.,0.,-29.));
#7542 = VECTOR('',#7543,1.);
#7543 = DIRECTION('',(-1.,0.,0.));
#7544 = PCURVE('',#7281,#7545);
#7545 = DEFINITIONAL_REPRESENTATION('',(#7546),#7549);
#7546 = B_SPLINE_CURVE_WITH_KNOTS('',1,(#7547,#7548),.UNSPECIFIED.,.F.,
  .F.,(2,2),(-33.,-7.),.PIECEWISE_BEZIER_KNOTS.);
#7547 = CARTESIAN_POINT('',(13.,-1.152322960418E-15));
#7548 = CARTESIAN_POINT('',(-13.,-1.152322960418E-15));
#7549 = ( GEOMETRIC_REPRESENTATION_CONTEXT(2)
PARAMETRIC_REPRESENTATION_CONTEXT() REPRESENTATION_CONTEXT('2D SPACE',''
  ) );
#7550 = PCURVE('',#7252,#7551);
#7551 = DEFINITIONAL_REPRESENTATION('',(#7552),#7555);
#7552 = B_SPLINE_CURVE_WITH_KNOTS('',1,(#7553,#7554),.UNSPECIFIED.,.F.,
  .F.,(2,2),(-33.,-7.),.PIECEWISE_BEZIER_KNOTS.);
#7553 = CARTESIAN_POINT('',(51.,53.));
#7554 = CARTESIAN_POINT('',(51.,27.));
#7555 = ( GEOMETRIC_REPRESENTATION_CONTEXT(2)
PARAMETRIC_REPRESENTATION_CONTEXT() REPRESENTATION_CONTEXT('2D SPACE',''
  ) );
#7556 = ORIENTED_EDGE('',*,*,#7264,.T.);
#7557 = ORIENTED_EDGE('',*,*,#7492,.F.);
#7558 = ORIENTED_EDGE('',*,*,#7559,.T.);
#7559 = EDGE_CURVE('',#7493,#7560,#7562,.T.);
#7560 = VERTEX_POINT('',#7561);
#7561 = CARTESIAN_POINT('',(-8.75,1.24913973513E-15,-29.));
#7562 = SURFACE_CURVE('',#7563,(#7568,#7579),.PCURVE_S1.);
#7563 = CIRCLE('',#7564,1.45);
#7564 = AXIS2_PLACEMENT_3D('',#7565,#7566,#7567);
#7565 = CARTESIAN_POINT('',(-10.2,1.24913973513E-15,-29.));
#7566 = DIRECTION('',(0.,0.,-1.));
#7567 = DIRECTION('',(1.,0.,0.));
#7568 = PCURVE('',#7281,#7569);
#7569 = DEFINITIONAL_REPRESENTATION('',(#7570),#7578);
#7570 = ( BOUNDED_CURVE() B_SPLINE_CURVE(2,(#7571,#7572,#7573,#7574,
#7575,#7576,#7577),.UNSPECIFIED.,.T.,.F.) B_SPLINE_CURVE_WITH_KNOTS((1,2
    ,2,2,2,1),(-2.094395102393,0.,2.094395102393,4.188790204786,
6.28318530718,8.377580409573),.UNSPECIFIED.) CURVE()
GEOMETRIC_REPRESENTATION_ITEM() RATIONAL_B_SPLINE_CURVE((1.,0.5,1.,0.5,
1.,0.5,1.)) REPRESENTATION_ITEM('') );
#7571 = CARTESIAN_POINT('',(-8.75,9.68167747123E-17));
#7572 = CARTESIAN_POINT('',(-8.75,-2.511473670975));
#7573 = CARTESIAN_POINT('',(-10.925,-1.255736835487));
#7574 = CARTESIAN_POINT('',(-13.1,-2.583307970404E-16));
#7575 = CARTESIAN_POINT('',(-10.925,1.255736835487));
#7576 = CARTESIAN_POINT('',(-8.75,2.511473670975));
#7577 = CARTESIAN_POINT('',(-8.75,9.68167747123E-17));
#7578 = ( GEOMETRIC_REPRESENTATION_CONTEXT(2)
PARAMETRIC_REPRESENTATION_CONTEXT() REPRESENTATION_CONTEXT('2D SPACE',''
  ) );
#7579 = PCURVE('',#7384,#7580);
#7580 = DEFINITIONAL_REPRESENTATION('',(#7581),#7585);
#7581 = LINE('',#7582,#7583);
#7582 = CARTESIAN_POINT('',(-6.28318530718,-5.));
#7583 = VECTOR('',#7584,1.);
#7584 = DIRECTION('',(1.,-0.));
#7585 = ( GEOMETRIC_REPRESENTATION_CONTEXT(2)
PARAMETRIC_REPRESENTATION_CONTEXT() REPRESENTATION_CONTEXT('2D SPACE',''
  ) );
#7586 = ORIENTED_EDGE('',*,*,#7587,.F.);
#7587 = EDGE_CURVE('',#7588,#7560,#7590,.T.);
#7588 = VERTEX_POINT('',#7589);
#7589 = CARTESIAN_POINT('',(-5.2,6.368163355566E-16,-29.));
#7590 = SURFACE_CURVE('',#7591,(#7595,#7601),.PCURVE_S1.);
#7591 = LINE('',#7592,#7593);
#7592 = CARTESIAN_POINT('',(-20.,0.,-29.));
#7593 = VECTOR('',#7594,1.);
#7594 = DIRECTION('',(-1.,0.,0.));
#7595 = PCURVE('',#7281,#7596);
#7596 = DEFINITIONAL_REPRESENTATION('',(#7597),#7600);
#7597 = B_SPLINE_CURVE_WITH_KNOTS('',1,(#7598,#7599),.UNSPECIFIED.,.F.,
  .F.,(2,2),(-33.,-7.),.PIECEWISE_BEZIER_KNOTS.);
#7598 = CARTESIAN_POINT('',(13.,-1.152322960418E-15));
#7599 = CARTESIAN_POINT('',(-13.,-1.152322960418E-15));
#7600 = ( GEOMETRIC_REPRESENTATION_CONTEXT(2)
PARAMETRIC_REPRESENTATION_CONTEXT() REPRESENTATION_CONTEXT('2D SPACE',''
  ) );
#7601 = PCURVE('',#7411,#7602);
#7602 = DEFINITIONAL_REPRESENTATION('',(#7603),#7606);
#7603 = B_SPLINE_CURVE_WITH_KNOTS('',1,(#7604,#7605),.UNSPECIFIED.,.F.,
  .F.,(2,2),(-33.,-7.),.PIECEWISE_BEZIER_KNOTS.);
#7604 = CARTESIAN_POINT('',(51.,53.));
#7605 = CARTESIAN_POINT('',(51.,27.));
#7606 = ( GEOMETRIC_REPRESENTATION_CONTEXT(2)
PARAMETRIC_REPRESENTATION_CONTEXT() REPRESENTATION_CONTEXT('2D SPACE',''
  ) );
#7607 = ORIENTED_EDGE('',*,*,#7608,.F.);
#7608 = EDGE_CURVE('',#7537,#7588,#7609,.T.);
#7609 = SURFACE_CURVE('',#7610,(#7615,#7622),.PCURVE_S1.);
#7610 = CIRCLE('',#7611,5.2);
#7611 = AXIS2_PLACEMENT_3D('',#7612,#7613,#7614);
#7612 = CARTESIAN_POINT('',(0.,0.,-29.));
#7613 = DIRECTION('',(0.,0.,1.));
#7614 = DIRECTION('',(1.,0.,0.));
#7615 = PCURVE('',#7281,#7616);
#7616 = DEFINITIONAL_REPRESENTATION('',(#7617),#7621);
#7617 = CIRCLE('',#7618,5.2);
#7618 = AXIS2_PLACEMENT_2D('',#7619,#7620);
#7619 = CARTESIAN_POINT('',(8.415016200243E-16,-1.152322960418E-15));
#7620 = DIRECTION('',(1.,0.));
#7621 = ( GEOMETRIC_REPRESENTATION_CONTEXT(2)
PARAMETRIC_REPRESENTATION_CONTEXT() REPRESENTATION_CONTEXT('2D SPACE',''
  ) );
#7622 = PCURVE('',#7623,#7628);
#7623 = CYLINDRICAL_SURFACE('',#7624,5.2);
#7624 = AXIS2_PLACEMENT_3D('',#7625,#7626,#7627);
#7625 = CARTESIAN_POINT('',(0.,0.,-29.));
#7626 = DIRECTION('',(-0.,-0.,-1.));
#7627 = DIRECTION('',(1.,0.,0.));
#7628 = DEFINITIONAL_REPRESENTATION('',(#7629),#7633);
#7629 = LINE('',#7630,#7631);
#7630 = CARTESIAN_POINT('',(-0.,0.));
#7631 = VECTOR('',#7632,1.);
#7632 = DIRECTION('',(-1.,0.));
#7633 = ( GEOMETRIC_REPRESENTATION_CONTEXT(2)
PARAMETRIC_REPRESENTATION_CONTEXT() REPRESENTATION_CONTEXT('2D SPACE',''
  ) );
#7634 = FACE_BOUND('',#7635,.T.);
#7635 = EDGE_LOOP('',(#7636));
#7636 = ORIENTED_EDGE('',*,*,#7637,.T.);
#7637 = EDGE_CURVE('',#7638,#7638,#7640,.T.);
#7638 = VERTEX_POINT('',#7639);
#7639 = CARTESIAN_POINT('',(6.55,8.833459118601,-29.));
#7640 = SURFACE_CURVE('',#7641,(#7646,#7657),.PCURVE_S1.);
#7641 = CIRCLE('',#7642,1.45);
#7642 = AXIS2_PLACEMENT_3D('',#7643,#7644,#7645);
#7643 = CARTESIAN_POINT('',(5.1,8.833459118601,-29.));
#7644 = DIRECTION('',(0.,0.,-1.));
#7645 = DIRECTION('',(1.,0.,0.));
#7646 = PCURVE('',#7281,#7647);
#7647 = DEFINITIONAL_REPRESENTATION('',(#7648),#7656);
#7648 = ( BOUNDED_CURVE() B_SPLINE_CURVE(2,(#7649,#7650,#7651,#7652,
#7653,#7654,#7655),.UNSPECIFIED.,.T.,.F.) B_SPLINE_CURVE_WITH_KNOTS((1,2
    ,2,2,2,1),(-2.094395102393,0.,2.094395102393,4.188790204786,
6.28318530718,8.377580409573),.UNSPECIFIED.) CURVE()
GEOMETRIC_REPRESENTATION_ITEM() RATIONAL_B_SPLINE_CURVE((1.,0.5,1.,0.5,
1.,0.5,1.)) REPRESENTATION_ITEM('') );
#7649 = CARTESIAN_POINT('',(6.55,8.833459118601));
#7650 = CARTESIAN_POINT('',(6.55,6.321985447626));
#7651 = CARTESIAN_POINT('',(4.375,7.577722283114));
#7652 = CARTESIAN_POINT('',(2.2,8.833459118601));
#7653 = CARTESIAN_POINT('',(4.375,10.089195954089));
#7654 = CARTESIAN_POINT('',(6.55,11.344932789576));
#7655 = CARTESIAN_POINT('',(6.55,8.833459118601));
#7656 = ( GEOMETRIC_REPRESENTATION_CONTEXT(2)
PARAMETRIC_REPRESENTATION_CONTEXT() REPRESENTATION_CONTEXT('2D SPACE',''
  ) );
#7657 = PCURVE('',#7476,#7658);
#7658 = DEFINITIONAL_REPRESENTATION('',(#7659),#7663);
#7659 = LINE('',#7660,#7661);
#7660 = CARTESIAN_POINT('',(-6.28318530718,-5.));
#7661 = VECTOR('',#7662,1.);
#7662 = DIRECTION('',(1.,-0.));
#7663 = ( GEOMETRIC_REPRESENTATION_CONTEXT(2)
PARAMETRIC_REPRESENTATION_CONTEXT() REPRESENTATION_CONTEXT('2D SPACE',''
  ) );
#7664 = ADVANCED_FACE('',(#7665),#7252,.F.);
#7665 = FACE_BOUND('',#7666,.F.);
#7666 = EDGE_LOOP('',(#7667,#7668,#7669,#7692,#7718,#7746,#7772,#7793));
#7667 = ORIENTED_EDGE('',*,*,#7236,.F.);
#7668 = ORIENTED_EDGE('',*,*,#7320,.T.);
#7669 = ORIENTED_EDGE('',*,*,#7670,.T.);
#7670 = EDGE_CURVE('',#7321,#7671,#7673,.T.);
#7671 = VERTEX_POINT('',#7672);
#7672 = CARTESIAN_POINT('',(3.,0.,-31.));
#7673 = SURFACE_CURVE('',#7674,(#7678,#7685),.PCURVE_S1.);
#7674 = LINE('',#7675,#7676);
#7675 = CARTESIAN_POINT('',(3.,0.,-34.));
#7676 = VECTOR('',#7677,1.);
#7677 = DIRECTION('',(0.,0.,1.));
#7678 = PCURVE('',#7252,#7679);
#7679 = DEFINITIONAL_REPRESENTATION('',(#7680),#7684);
#7680 = LINE('',#7681,#7682);
#7681 = CARTESIAN_POINT('',(46.,43.));
#7682 = VECTOR('',#7683,1.);
#7683 = DIRECTION('',(1.,0.));
#7684 = ( GEOMETRIC_REPRESENTATION_CONTEXT(2)
PARAMETRIC_REPRESENTATION_CONTEXT() REPRESENTATION_CONTEXT('2D SPACE',''
  ) );
#7685 = PCURVE('',#7441,#7686);
#7686 = DEFINITIONAL_REPRESENTATION('',(#7687),#7691);
#7687 = LINE('',#7688,#7689);
#7688 = CARTESIAN_POINT('',(-0.,0.));
#7689 = VECTOR('',#7690,1.);
#7690 = DIRECTION('',(-0.,-1.));
#7691 = ( GEOMETRIC_REPRESENTATION_CONTEXT(2)
PARAMETRIC_REPRESENTATION_CONTEXT() REPRESENTATION_CONTEXT('2D SPACE',''
  ) );
#7692 = ORIENTED_EDGE('',*,*,#7693,.T.);
#7693 = EDGE_CURVE('',#7671,#7694,#7696,.T.);
#7694 = VERTEX_POINT('',#7695);
#7695 = CARTESIAN_POINT('',(1.8,-1.569101123541E-17,-31.));
#7696 = SURFACE_CURVE('',#7697,(#7701,#7707),.PCURVE_S1.);
#7697 = LINE('',#7698,#7699);
#7698 = CARTESIAN_POINT('',(-20.,0.,-31.));
#7699 = VECTOR('',#7700,1.);
#7700 = DIRECTION('',(-1.,0.,0.));
#7701 = PCURVE('',#7252,#7702);
#7702 = DEFINITIONAL_REPRESENTATION('',(#7703),#7706);
#7703 = B_SPLINE_CURVE_WITH_KNOTS('',1,(#7704,#7705),.UNSPECIFIED.,.F.,
  .F.,(2,2),(-23.,-17.),.PIECEWISE_BEZIER_KNOTS.);
#7704 = CARTESIAN_POINT('',(49.,43.));
#7705 = CARTESIAN_POINT('',(49.,37.));
#7706 = ( GEOMETRIC_REPRESENTATION_CONTEXT(2)
PARAMETRIC_REPRESENTATION_CONTEXT() REPRESENTATION_CONTEXT('2D SPACE',''
  ) );
#7707 = PCURVE('',#7708,#7713);
#7708 = PLANE('',#7709);
#7709 = AXIS2_PLACEMENT_3D('',#7710,#7711,#7712);
#7710 = CARTESIAN_POINT('',(-1.709300165674E-16,1.054420088418E-16,-31.)
  );
#7711 = DIRECTION('',(0.,0.,1.));
#7712 = DIRECTION('',(1.,0.,-0.));
#7713 = DEFINITIONAL_REPRESENTATION('',(#7714),#7717);
#7714 = B_SPLINE_CURVE_WITH_KNOTS('',1,(#7715,#7716),.UNSPECIFIED.,.F.,
  .F.,(2,2),(-23.,-17.),.PIECEWISE_BEZIER_KNOTS.);
#7715 = CARTESIAN_POINT('',(3.,-1.054420088418E-16));
#7716 = CARTESIAN_POINT('',(-3.,-1.054420088418E-16));
#7717 = ( GEOMETRIC_REPRESENTATION_CONTEXT(2)
PARAMETRIC_REPRESENTATION_CONTEXT() REPRESENTATION_CONTEXT('2D SPACE',''
  ) );
#7718 = ORIENTED_EDGE('',*,*,#7719,.T.);
#7719 = EDGE_CURVE('',#7694,#7720,#7722,.T.);
#7720 = VERTEX_POINT('',#7721);
#7721 = CARTESIAN_POINT('',(1.8,1.615097807752E-16,-28.45));
#7722 = SURFACE_CURVE('',#7723,(#7727,#7734),.PCURVE_S1.);
#7723 = LINE('',#7724,#7725);
#7724 = CARTESIAN_POINT('',(1.8,-1.546720245771E-16,-33.));
#7725 = VECTOR('',#7726,1.);
#7726 = DIRECTION('',(-7.327471962526E-15,6.949050667083E-17,1.));
#7727 = PCURVE('',#7252,#7728);
#7728 = DEFINITIONAL_REPRESENTATION('',(#7729),#7733);
#7729 = LINE('',#7730,#7731);
#7730 = CARTESIAN_POINT('',(47.,41.8));
#7731 = VECTOR('',#7732,1.);
#7732 = DIRECTION('',(1.,-7.327471962526E-15));
#7733 = ( GEOMETRIC_REPRESENTATION_CONTEXT(2)
PARAMETRIC_REPRESENTATION_CONTEXT() REPRESENTATION_CONTEXT('2D SPACE',''
  ) );
#7734 = PCURVE('',#7735,#7740);
#7735 = CYLINDRICAL_SURFACE('',#7736,1.8);
#7736 = AXIS2_PLACEMENT_3D('',#7737,#7738,#7739);
#7737 = CARTESIAN_POINT('',(6.135933553993E-14,-1.546720245771E-16,-33.)
  );
#7738 = DIRECTION('',(-0.,-0.,-1.));
#7739 = DIRECTION('',(1.,0.,0.));
#7740 = DEFINITIONAL_REPRESENTATION('',(#7741),#7745);
#7741 = LINE('',#7742,#7743);
#7742 = CARTESIAN_POINT('',(-0.,0.));
#7743 = VECTOR('',#7744,1.);
#7744 = DIRECTION('',(-0.,-1.));
#7745 = ( GEOMETRIC_REPRESENTATION_CONTEXT(2)
PARAMETRIC_REPRESENTATION_CONTEXT() REPRESENTATION_CONTEXT('2D SPACE',''
  ) );
#7746 = ORIENTED_EDGE('',*,*,#7747,.F.);
#7747 = EDGE_CURVE('',#7748,#7720,#7750,.T.);
#7748 = VERTEX_POINT('',#7749);
#7749 = CARTESIAN_POINT('',(5.2,0.,-28.45));
#7750 = SURFACE_CURVE('',#7751,(#7755,#7761),.PCURVE_S1.);
#7751 = LINE('',#7752,#7753);
#7752 = CARTESIAN_POINT('',(-20.,0.,-28.45));
#7753 = VECTOR('',#7754,1.);
#7754 = DIRECTION('',(-1.,0.,0.));
#7755 = PCURVE('',#7252,#7756);
#7756 = DEFINITIONAL_REPRESENTATION('',(#7757),#7760);
#7757 = B_SPLINE_CURVE_WITH_KNOTS('',1,(#7758,#7759),.UNSPECIFIED.,.F.,
  .F.,(2,2),(-25.2,-14.8),.PIECEWISE_BEZIER_KNOTS.);
#7758 = CARTESIAN_POINT('',(51.55,45.2));
#7759 = CARTESIAN_POINT('',(51.55,34.8));
#7760 = ( GEOMETRIC_REPRESENTATION_CONTEXT(2)
PARAMETRIC_REPRESENTATION_CONTEXT() REPRESENTATION_CONTEXT('2D SPACE',''
  ) );
#7761 = PCURVE('',#7762,#7767);
#7762 = PLANE('',#7763);
#7763 = AXIS2_PLACEMENT_3D('',#7764,#7765,#7766);
#7764 = CARTESIAN_POINT('',(-5.160151443545E-16,2.996608765051E-16,
    -28.45));
#7765 = DIRECTION('',(0.,0.,1.));
#7766 = DIRECTION('',(1.,0.,-0.));
#7767 = DEFINITIONAL_REPRESENTATION('',(#7768),#7771);
#7768 = B_SPLINE_CURVE_WITH_KNOTS('',1,(#7769,#7770),.UNSPECIFIED.,.F.,
  .F.,(2,2),(-25.2,-14.8),.PIECEWISE_BEZIER_KNOTS.);
#7769 = CARTESIAN_POINT('',(5.2,-2.996608765051E-16));
#7770 = CARTESIAN_POINT('',(-5.2,-2.996608765051E-16));
#7771 = ( GEOMETRIC_REPRESENTATION_CONTEXT(2)
PARAMETRIC_REPRESENTATION_CONTEXT() REPRESENTATION_CONTEXT('2D SPACE',''
  ) );
#7772 = ORIENTED_EDGE('',*,*,#7773,.F.);
#7773 = EDGE_CURVE('',#7537,#7748,#7774,.T.);
#7774 = SURFACE_CURVE('',#7775,(#7779,#7786),.PCURVE_S1.);
#7775 = LINE('',#7776,#7777);
#7776 = CARTESIAN_POINT('',(5.2,0.,-29.));
#7777 = VECTOR('',#7778,1.);
#7778 = DIRECTION('',(0.,0.,1.));
#7779 = PCURVE('',#7252,#7780);
#7780 = DEFINITIONAL_REPRESENTATION('',(#7781),#7785);
#7781 = LINE('',#7782,#7783);
#7782 = CARTESIAN_POINT('',(51.,45.2));
#7783 = VECTOR('',#7784,1.);
#7784 = DIRECTION('',(1.,0.));
#7785 = ( GEOMETRIC_REPRESENTATION_CONTEXT(2)
PARAMETRIC_REPRESENTATION_CONTEXT() REPRESENTATION_CONTEXT('2D SPACE',''
  ) );
#7786 = PCURVE('',#7623,#7787);
#7787 = DEFINITIONAL_REPRESENTATION('',(#7788),#7792);
#7788 = LINE('',#7789,#7790);
#7789 = CARTESIAN_POINT('',(-0.,0.));
#7790 = VECTOR('',#7791,1.);
#7791 = DIRECTION('',(-0.,-1.));
#7792 = ( GEOMETRIC_REPRESENTATION_CONTEXT(2)
PARAMETRIC_REPRESENTATION_CONTEXT() REPRESENTATION_CONTEXT('2D SPACE',''
  ) );
#7793 = ORIENTED_EDGE('',*,*,#7536,.F.);
#7794 = ADVANCED_FACE('',(#7795),#7441,.F.);
#7795 = FACE_BOUND('',#7796,.T.);
#7796 = EDGE_LOOP('',(#7797,#7798,#7799,#7823));
#7797 = ORIENTED_EDGE('',*,*,#7422,.T.);
#7798 = ORIENTED_EDGE('',*,*,#7670,.T.);
#7799 = ORIENTED_EDGE('',*,*,#7800,.T.);
#7800 = EDGE_CURVE('',#7671,#7801,#7803,.T.);
#7801 = VERTEX_POINT('',#7802);
#7802 = CARTESIAN_POINT('',(-3.,3.673940397442E-16,-31.));
#7803 = SURFACE_CURVE('',#7804,(#7809,#7816),.PCURVE_S1.);
#7804 = CIRCLE('',#7805,3.);
#7805 = AXIS2_PLACEMENT_3D('',#7806,#7807,#7808);
#7806 = CARTESIAN_POINT('',(0.,0.,-31.));
#7807 = DIRECTION('',(0.,0.,1.));
#7808 = DIRECTION('',(1.,0.,0.));
#7809 = PCURVE('',#7441,#7810);
#7810 = DEFINITIONAL_REPRESENTATION('',(#7811),#7815);
#7811 = LINE('',#7812,#7813);
#7812 = CARTESIAN_POINT('',(-0.,-3.));
#7813 = VECTOR('',#7814,1.);
#7814 = DIRECTION('',(-1.,0.));
#7815 = ( GEOMETRIC_REPRESENTATION_CONTEXT(2)
PARAMETRIC_REPRESENTATION_CONTEXT() REPRESENTATION_CONTEXT('2D SPACE',''
  ) );
#7816 = PCURVE('',#7708,#7817);
#7817 = DEFINITIONAL_REPRESENTATION('',(#7818),#7822);
#7818 = CIRCLE('',#7819,3.);
#7819 = AXIS2_PLACEMENT_2D('',#7820,#7821);
#7820 = CARTESIAN_POINT('',(1.709300165674E-16,-1.054420088418E-16));
#7821 = DIRECTION('',(1.,0.));
#7822 = ( GEOMETRIC_REPRESENTATION_CONTEXT(2)
PARAMETRIC_REPRESENTATION_CONTEXT() REPRESENTATION_CONTEXT('2D SPACE',''
  ) );
#7823 = ORIENTED_EDGE('',*,*,#7824,.T.);
#7824 = EDGE_CURVE('',#7801,#7397,#7825,.T.);
#7825 = SURFACE_CURVE('',#7826,(#7830,#7836),.PCURVE_S1.);
#7826 = LINE('',#7827,#7828);
#7827 = CARTESIAN_POINT('',(-3.,0.,-34.));
#7828 = VECTOR('',#7829,1.);
#7829 = DIRECTION('',(-0.,-0.,-1.));
#7830 = PCURVE('',#7441,#7831);
#7831 = DEFINITIONAL_REPRESENTATION('',(#7832),#7835);
#7832 = B_SPLINE_CURVE_WITH_KNOTS('',1,(#7833,#7834),.UNSPECIFIED.,.F.,
  .F.,(2,2),(-3.0000006,-0.9999994),.PIECEWISE_BEZIER_KNOTS.);
#7833 = CARTESIAN_POINT('',(-3.14159265359,-3.0000006));
#7834 = CARTESIAN_POINT('',(-3.14159265359,-0.9999994));
#7835 = ( GEOMETRIC_REPRESENTATION_CONTEXT(2)
PARAMETRIC_REPRESENTATION_CONTEXT() REPRESENTATION_CONTEXT('2D SPACE',''
  ) );
#7836 = PCURVE('',#7411,#7837);
#7837 = DEFINITIONAL_REPRESENTATION('',(#7838),#7841);
#7838 = B_SPLINE_CURVE_WITH_KNOTS('',1,(#7839,#7840),.UNSPECIFIED.,.F.,
  .F.,(2,2),(-3.0000006,-0.9999994),.PIECEWISE_BEZIER_KNOTS.);
#7839 = CARTESIAN_POINT('',(49.0000006,37.));
#7840 = CARTESIAN_POINT('',(46.9999994,37.));
#7841 = ( GEOMETRIC_REPRESENTATION_CONTEXT(2)
PARAMETRIC_REPRESENTATION_CONTEXT() REPRESENTATION_CONTEXT('2D SPACE',''
  ) );
#7842 = ADVANCED_FACE('',(#7843),#7411,.F.);
#7843 = FACE_BOUND('',#7844,.F.);
#7844 = EDGE_LOOP('',(#7845,#7846,#7867,#7868,#7889,#7910,#7931,#7950));
#7845 = ORIENTED_EDGE('',*,*,#7396,.T.);
#7846 = ORIENTED_EDGE('',*,*,#7847,.T.);
#7847 = EDGE_CURVE('',#7364,#7560,#7848,.T.);
#7848 = SURFACE_CURVE('',#7849,(#7853,#7860),.PCURVE_S1.);
#7849 = LINE('',#7850,#7851);
#7850 = CARTESIAN_POINT('',(-8.75,1.24913973513E-15,-34.));
#7851 = VECTOR('',#7852,1.);
#7852 = DIRECTION('',(0.,0.,1.));
#7853 = PCURVE('',#7411,#7854);
#7854 = DEFINITIONAL_REPRESENTATION('',(#7855),#7859);
#7855 = LINE('',#7856,#7857);
#7856 = CARTESIAN_POINT('',(46.,31.25));
#7857 = VECTOR('',#7858,1.);
#7858 = DIRECTION('',(1.,0.));
#7859 = ( GEOMETRIC_REPRESENTATION_CONTEXT(2)
PARAMETRIC_REPRESENTATION_CONTEXT() REPRESENTATION_CONTEXT('2D SPACE',''
  ) );
#7860 = PCURVE('',#7384,#7861);
#7861 = DEFINITIONAL_REPRESENTATION('',(#7862),#7866);
#7862 = LINE('',#7863,#7864);
#7863 = CARTESIAN_POINT('',(-0.,0.));
#7864 = VECTOR('',#7865,1.);
#7865 = DIRECTION('',(-0.,-1.));
#7866 = ( GEOMETRIC_REPRESENTATION_CONTEXT(2)
PARAMETRIC_REPRESENTATION_CONTEXT() REPRESENTATION_CONTEXT('2D SPACE',''
  ) );
#7867 = ORIENTED_EDGE('',*,*,#7587,.F.);
#7868 = ORIENTED_EDGE('',*,*,#7869,.F.);
#7869 = EDGE_CURVE('',#7870,#7588,#7872,.T.);
#7870 = VERTEX_POINT('',#7871);
#7871 = CARTESIAN_POINT('',(-5.2,-6.368163355566E-16,-28.45));
#7872 = SURFACE_CURVE('',#7873,(#7877,#7883),.PCURVE_S1.);
#7873 = LINE('',#7874,#7875);
#7874 = CARTESIAN_POINT('',(-5.2,0.,-29.));
#7875 = VECTOR('',#7876,1.);
#7876 = DIRECTION('',(-0.,-0.,-1.));
#7877 = PCURVE('',#7411,#7878);
#7878 = DEFINITIONAL_REPRESENTATION('',(#7879),#7882);
#7879 = B_SPLINE_CURVE_WITH_KNOTS('',1,(#7880,#7881),.UNSPECIFIED.,.F.,
  .F.,(2,2),(-0.5500006,5.999999999062E-07),.PIECEWISE_BEZIER_KNOTS.);
#7880 = CARTESIAN_POINT('',(51.5500006,34.8));
#7881 = CARTESIAN_POINT('',(50.9999994,34.8));
#7882 = ( GEOMETRIC_REPRESENTATION_CONTEXT(2)
PARAMETRIC_REPRESENTATION_CONTEXT() REPRESENTATION_CONTEXT('2D SPACE',''
  ) );
#7883 = PCURVE('',#7623,#7884);
#7884 = DEFINITIONAL_REPRESENTATION('',(#7885),#7888);
#7885 = B_SPLINE_CURVE_WITH_KNOTS('',1,(#7886,#7887),.UNSPECIFIED.,.F.,
  .F.,(2,2),(-0.5500006,5.999999999062E-07),.PIECEWISE_BEZIER_KNOTS.);
#7886 = CARTESIAN_POINT('',(-3.14159265359,-0.5500006));
#7887 = CARTESIAN_POINT('',(-3.14159265359,5.999999999062E-07));
#7888 = ( GEOMETRIC_REPRESENTATION_CONTEXT(2)
PARAMETRIC_REPRESENTATION_CONTEXT() REPRESENTATION_CONTEXT('2D SPACE',''
  ) );
#7889 = ORIENTED_EDGE('',*,*,#7890,.F.);
#7890 = EDGE_CURVE('',#7891,#7870,#7893,.T.);
#7891 = VERTEX_POINT('',#7892);
#7892 = CARTESIAN_POINT('',(-1.8,-3.751084484236E-16,-28.45));
#7893 = SURFACE_CURVE('',#7894,(#7898,#7904),.PCURVE_S1.);
#7894 = LINE('',#7895,#7896);
#7895 = CARTESIAN_POINT('',(-20.,0.,-28.45));
#7896 = VECTOR('',#7897,1.);
#7897 = DIRECTION('',(-1.,0.,0.));
#7898 = PCURVE('',#7411,#7899);
#7899 = DEFINITIONAL_REPRESENTATION('',(#7900),#7903);
#7900 = B_SPLINE_CURVE_WITH_KNOTS('',1,(#7901,#7902),.UNSPECIFIED.,.F.,
  .F.,(2,2),(-25.2,-14.8),.PIECEWISE_BEZIER_KNOTS.);
#7901 = CARTESIAN_POINT('',(51.55,45.2));
#7902 = CARTESIAN_POINT('',(51.55,34.8));
#7903 = ( GEOMETRIC_REPRESENTATION_CONTEXT(2)
PARAMETRIC_REPRESENTATION_CONTEXT() REPRESENTATION_CONTEXT('2D SPACE',''
  ) );
#7904 = PCURVE('',#7762,#7905);
#7905 = DEFINITIONAL_REPRESENTATION('',(#7906),#7909);
#7906 = B_SPLINE_CURVE_WITH_KNOTS('',1,(#7907,#7908),.UNSPECIFIED.,.F.,
  .F.,(2,2),(-25.2,-14.8),.PIECEWISE_BEZIER_KNOTS.);
#7907 = CARTESIAN_POINT('',(5.2,-2.996608765051E-16));
#7908 = CARTESIAN_POINT('',(-5.2,-2.996608765051E-16));
#7909 = ( GEOMETRIC_REPRESENTATION_CONTEXT(2)
PARAMETRIC_REPRESENTATION_CONTEXT() REPRESENTATION_CONTEXT('2D SPACE',''
  ) );
#7910 = ORIENTED_EDGE('',*,*,#7911,.T.);
#7911 = EDGE_CURVE('',#7891,#7912,#7914,.T.);
#7912 = VERTEX_POINT('',#7913);
#7913 = CARTESIAN_POINT('',(-1.8,-3.751084484236E-16,-31.));
#7914 = SURFACE_CURVE('',#7915,(#7919,#7925),.PCURVE_S1.);
#7915 = LINE('',#7916,#7917);
#7916 = CARTESIAN_POINT('',(-1.8,0.,-33.));
#7917 = VECTOR('',#7918,1.);
#7918 = DIRECTION('',(-0.,-0.,-1.));
#7919 = PCURVE('',#7411,#7920);
#7920 = DEFINITIONAL_REPRESENTATION('',(#7921),#7924);
#7921 = B_SPLINE_CURVE_WITH_KNOTS('',1,(#7922,#7923),.UNSPECIFIED.,.F.,
  .F.,(2,2),(-4.5500006,-1.9999994),.PIECEWISE_BEZIER_KNOTS.);
#7922 = CARTESIAN_POINT('',(51.5500006,38.2));
#7923 = CARTESIAN_POINT('',(48.9999994,38.2));
#7924 = ( GEOMETRIC_REPRESENTATION_CONTEXT(2)
PARAMETRIC_REPRESENTATION_CONTEXT() REPRESENTATION_CONTEXT('2D SPACE',''
  ) );
#7925 = PCURVE('',#7735,#7926);
#7926 = DEFINITIONAL_REPRESENTATION('',(#7927),#7930);
#7927 = B_SPLINE_CURVE_WITH_KNOTS('',1,(#7928,#7929),.UNSPECIFIED.,.F.,
  .F.,(2,2),(-4.5500006,-1.9999994),.PIECEWISE_BEZIER_KNOTS.);
#7928 = CARTESIAN_POINT('',(-3.14159265359,-4.5500006));
#7929 = CARTESIAN_POINT('',(-3.14159265359,-1.9999994));
#7930 = ( GEOMETRIC_REPRESENTATION_CONTEXT(2)
PARAMETRIC_REPRESENTATION_CONTEXT() REPRESENTATION_CONTEXT('2D SPACE',''
  ) );
#7931 = ORIENTED_EDGE('',*,*,#7932,.T.);
#7932 = EDGE_CURVE('',#7912,#7801,#7933,.T.);
#7933 = SURFACE_CURVE('',#7934,(#7938,#7944),.PCURVE_S1.);
#7934 = LINE('',#7935,#7936);
#7935 = CARTESIAN_POINT('',(-20.,0.,-31.));
#7936 = VECTOR('',#7937,1.);
#7937 = DIRECTION('',(-1.,0.,0.));
#7938 = PCURVE('',#7411,#7939);
#7939 = DEFINITIONAL_REPRESENTATION('',(#7940),#7943);
#7940 = B_SPLINE_CURVE_WITH_KNOTS('',1,(#7941,#7942),.UNSPECIFIED.,.F.,
  .F.,(2,2),(-23.,-17.),.PIECEWISE_BEZIER_KNOTS.);
#7941 = CARTESIAN_POINT('',(49.,43.));
#7942 = CARTESIAN_POINT('',(49.,37.));
#7943 = ( GEOMETRIC_REPRESENTATION_CONTEXT(2)
PARAMETRIC_REPRESENTATION_CONTEXT() REPRESENTATION_CONTEXT('2D SPACE',''
  ) );
#7944 = PCURVE('',#7708,#7945);
#7945 = DEFINITIONAL_REPRESENTATION('',(#7946),#7949);
#7946 = B_SPLINE_CURVE_WITH_KNOTS('',1,(#7947,#7948),.UNSPECIFIED.,.F.,
  .F.,(2,2),(-23.,-17.),.PIECEWISE_BEZIER_KNOTS.);
#7947 = CARTESIAN_POINT('',(3.,-1.054420088418E-16));
#7948 = CARTESIAN_POINT('',(-3.,-1.054420088418E-16));
#7949 = ( GEOMETRIC_REPRESENTATION_CONTEXT(2)
PARAMETRIC_REPRESENTATION_CONTEXT() REPRESENTATION_CONTEXT('2D SPACE',''
  ) );
#7950 = ORIENTED_EDGE('',*,*,#7824,.T.);
#7951 = ADVANCED_FACE('',(#7952),#7384,.F.);
#7952 = FACE_BOUND('',#7953,.T.);
#7953 = EDGE_LOOP('',(#7954,#7955,#7956,#7957));
#7954 = ORIENTED_EDGE('',*,*,#7363,.T.);
#7955 = ORIENTED_EDGE('',*,*,#7847,.T.);
#7956 = ORIENTED_EDGE('',*,*,#7559,.F.);
#7957 = ORIENTED_EDGE('',*,*,#7513,.T.);
#7958 = ADVANCED_FACE('',(#7959),#7476,.F.);
#7959 = FACE_BOUND('',#7960,.T.);
#7960 = EDGE_LOOP('',(#7961,#7962,#7983,#7984));
#7961 = ORIENTED_EDGE('',*,*,#7455,.T.);
#7962 = ORIENTED_EDGE('',*,*,#7963,.T.);
#7963 = EDGE_CURVE('',#7456,#7638,#7964,.T.);
#7964 = SEAM_CURVE('',#7965,(#7969,#7976),.PCURVE_S1.);
#7965 = LINE('',#7966,#7967);
#7966 = CARTESIAN_POINT('',(6.55,8.833459118601,-34.));
#7967 = VECTOR('',#7968,1.);
#7968 = DIRECTION('',(0.,0.,1.));
#7969 = PCURVE('',#7476,#7970);
#7970 = DEFINITIONAL_REPRESENTATION('',(#7971),#7975);
#7971 = LINE('',#7972,#7973);
#7972 = CARTESIAN_POINT('',(-6.28318530718,0.));
#7973 = VECTOR('',#7974,1.);
#7974 = DIRECTION('',(-0.,-1.));
#7975 = ( GEOMETRIC_REPRESENTATION_CONTEXT(2)
PARAMETRIC_REPRESENTATION_CONTEXT() REPRESENTATION_CONTEXT('2D SPACE',''
  ) );
#7976 = PCURVE('',#7476,#7977);
#7977 = DEFINITIONAL_REPRESENTATION('',(#7978),#7982);
#7978 = LINE('',#7979,#7980);
#7979 = CARTESIAN_POINT('',(-0.,0.));
#7980 = VECTOR('',#7981,1.);
#7981 = DIRECTION('',(-0.,-1.));
#7982 = ( GEOMETRIC_REPRESENTATION_CONTEXT(2)
PARAMETRIC_REPRESENTATION_CONTEXT() REPRESENTATION_CONTEXT('2D SPACE',''
  ) );
#7983 = ORIENTED_EDGE('',*,*,#7637,.F.);
#7984 = ORIENTED_EDGE('',*,*,#7963,.F.);
#7985 = ADVANCED_FACE('',(#7986),#7623,.T.);
#7986 = FACE_BOUND('',#7987,.F.);
#7987 = EDGE_LOOP('',(#7988,#7989,#7990,#8016));
#7988 = ORIENTED_EDGE('',*,*,#7608,.F.);
#7989 = ORIENTED_EDGE('',*,*,#7773,.T.);
#7990 = ORIENTED_EDGE('',*,*,#7991,.F.);
#7991 = EDGE_CURVE('',#7870,#7748,#7992,.T.);
#7992 = SURFACE_CURVE('',#7993,(#7998,#8005),.PCURVE_S1.);
#7993 = CIRCLE('',#7994,5.2);
#7994 = AXIS2_PLACEMENT_3D('',#7995,#7996,#7997);
#7995 = CARTESIAN_POINT('',(0.,0.,-28.45));
#7996 = DIRECTION('',(0.,0.,-1.));
#7997 = DIRECTION('',(1.,0.,0.));
#7998 = PCURVE('',#7623,#7999);
#7999 = DEFINITIONAL_REPRESENTATION('',(#8000),#8004);
#8000 = LINE('',#8001,#8002);
#8001 = CARTESIAN_POINT('',(-6.28318530718,-0.55));
#8002 = VECTOR('',#8003,1.);
#8003 = DIRECTION('',(1.,-0.));
#8004 = ( GEOMETRIC_REPRESENTATION_CONTEXT(2)
PARAMETRIC_REPRESENTATION_CONTEXT() REPRESENTATION_CONTEXT('2D SPACE',''
  ) );
#8005 = PCURVE('',#7762,#8006);
#8006 = DEFINITIONAL_REPRESENTATION('',(#8007),#8015);
#8007 = ( BOUNDED_CURVE() B_SPLINE_CURVE(2,(#8008,#8009,#8010,#8011,
#8012,#8013,#8014),.UNSPECIFIED.,.T.,.F.) B_SPLINE_CURVE_WITH_KNOTS((1,2
    ,2,2,2,1),(-2.094395102393,0.,2.094395102393,4.188790204786,
6.28318530718,8.377580409573),.UNSPECIFIED.) CURVE()
GEOMETRIC_REPRESENTATION_ITEM() RATIONAL_B_SPLINE_CURVE((1.,0.5,1.,0.5,
1.,0.5,1.)) REPRESENTATION_ITEM('') );
#8008 = CARTESIAN_POINT('',(5.2,-2.996608765051E-16));
#8009 = CARTESIAN_POINT('',(5.2,-9.006664199358));
#8010 = CARTESIAN_POINT('',(-2.6,-4.503332099679));
#8011 = CARTESIAN_POINT('',(-10.4,-1.573293547618E-15));
#8012 = CARTESIAN_POINT('',(-2.6,4.503332099679));
#8013 = CARTESIAN_POINT('',(5.2,9.006664199358));
#8014 = CARTESIAN_POINT('',(5.2,-2.996608765051E-16));
#8015 = ( GEOMETRIC_REPRESENTATION_CONTEXT(2)
PARAMETRIC_REPRESENTATION_CONTEXT() REPRESENTATION_CONTEXT('2D SPACE',''
  ) );
#8016 = ORIENTED_EDGE('',*,*,#7869,.T.);
#8017 = ADVANCED_FACE('',(#8018),#7762,.T.);
#8018 = FACE_BOUND('',#8019,.T.);
#8019 = EDGE_LOOP('',(#8020,#8021,#8022,#8023));
#8020 = ORIENTED_EDGE('',*,*,#7747,.F.);
#8021 = ORIENTED_EDGE('',*,*,#7991,.F.);
#8022 = ORIENTED_EDGE('',*,*,#7890,.F.);
#8023 = ORIENTED_EDGE('',*,*,#8024,.T.);
#8024 = EDGE_CURVE('',#7891,#7720,#8025,.T.);
#8025 = SURFACE_CURVE('',#8026,(#8031,#8042),.PCURVE_S1.);
#8026 = CIRCLE('',#8027,1.8);
#8027 = AXIS2_PLACEMENT_3D('',#8028,#8029,#8030);
#8028 = CARTESIAN_POINT('',(6.135933553993E-14,-1.546720245771E-16,
    -28.45));
#8029 = DIRECTION('',(0.,0.,-1.));
#8030 = DIRECTION('',(1.,0.,0.));
#8031 = PCURVE('',#7762,#8032);
#8032 = DEFINITIONAL_REPRESENTATION('',(#8033),#8041);
#8033 = ( BOUNDED_CURVE() B_SPLINE_CURVE(2,(#8034,#8035,#8036,#8037,
#8038,#8039,#8040),.UNSPECIFIED.,.T.,.F.) B_SPLINE_CURVE_WITH_KNOTS((1,2
    ,2,2,2,1),(-2.094395102393,0.,2.094395102393,4.188790204786,
6.28318530718,8.377580409573),.UNSPECIFIED.) CURVE()
GEOMETRIC_REPRESENTATION_ITEM() RATIONAL_B_SPLINE_CURVE((1.,0.5,1.,0.5,
1.,0.5,1.)) REPRESENTATION_ITEM('') );
#8034 = CARTESIAN_POINT('',(1.8,-4.543329010822E-16));
#8035 = CARTESIAN_POINT('',(1.8,-3.117691453624));
#8036 = CARTESIAN_POINT('',(-0.9,-1.558845726812));
#8037 = CARTESIAN_POINT('',(-3.6,-8.952057487752E-16));
#8038 = CARTESIAN_POINT('',(-0.9,1.558845726812));
#8039 = CARTESIAN_POINT('',(1.8,3.117691453624));
#8040 = CARTESIAN_POINT('',(1.8,-4.543329010822E-16));
#8041 = ( GEOMETRIC_REPRESENTATION_CONTEXT(2)
PARAMETRIC_REPRESENTATION_CONTEXT() REPRESENTATION_CONTEXT('2D SPACE',''
  ) );
#8042 = PCURVE('',#7735,#8043);
#8043 = DEFINITIONAL_REPRESENTATION('',(#8044),#8048);
#8044 = LINE('',#8045,#8046);
#8045 = CARTESIAN_POINT('',(-6.28318530718,-4.55));
#8046 = VECTOR('',#8047,1.);
#8047 = DIRECTION('',(1.,-0.));
#8048 = ( GEOMETRIC_REPRESENTATION_CONTEXT(2)
PARAMETRIC_REPRESENTATION_CONTEXT() REPRESENTATION_CONTEXT('2D SPACE',''
  ) );
#8049 = ADVANCED_FACE('',(#8050),#7735,.F.);
#8050 = FACE_BOUND('',#8051,.T.);
#8051 = EDGE_LOOP('',(#8052,#8078,#8079,#8080));
#8052 = ORIENTED_EDGE('',*,*,#8053,.T.);
#8053 = EDGE_CURVE('',#7912,#7694,#8054,.T.);
#8054 = SURFACE_CURVE('',#8055,(#8060,#8067),.PCURVE_S1.);
#8055 = CIRCLE('',#8056,1.8);
#8056 = AXIS2_PLACEMENT_3D('',#8057,#8058,#8059);
#8057 = CARTESIAN_POINT('',(6.135933553993E-14,-1.546720245771E-16,-31.)
  );
#8058 = DIRECTION('',(0.,0.,-1.));
#8059 = DIRECTION('',(1.,0.,0.));
#8060 = PCURVE('',#7735,#8061);
#8061 = DEFINITIONAL_REPRESENTATION('',(#8062),#8066);
#8062 = LINE('',#8063,#8064);
#8063 = CARTESIAN_POINT('',(-6.28318530718,-2.));
#8064 = VECTOR('',#8065,1.);
#8065 = DIRECTION('',(1.,-0.));
#8066 = ( GEOMETRIC_REPRESENTATION_CONTEXT(2)
PARAMETRIC_REPRESENTATION_CONTEXT() REPRESENTATION_CONTEXT('2D SPACE',''
  ) );
#8067 = PCURVE('',#7708,#8068);
#8068 = DEFINITIONAL_REPRESENTATION('',(#8069),#8077);
#8069 = ( BOUNDED_CURVE() B_SPLINE_CURVE(2,(#8070,#8071,#8072,#8073,
#8074,#8075,#8076),.UNSPECIFIED.,.T.,.F.) B_SPLINE_CURVE_WITH_KNOTS((1,2
    ,2,2,2,1),(-2.094395102393,0.,2.094395102393,4.188790204786,
6.28318530718,8.377580409573),.UNSPECIFIED.) CURVE()
GEOMETRIC_REPRESENTATION_ITEM() RATIONAL_B_SPLINE_CURVE((1.,0.5,1.,0.5,
1.,0.5,1.)) REPRESENTATION_ITEM('') );
#8070 = CARTESIAN_POINT('',(1.8,-2.601140334189E-16));
#8071 = CARTESIAN_POINT('',(1.8,-3.117691453624));
#8072 = CARTESIAN_POINT('',(-0.9,-1.558845726812));
#8073 = CARTESIAN_POINT('',(-3.6,-7.009868811119E-16));
#8074 = CARTESIAN_POINT('',(-0.9,1.558845726812));
#8075 = CARTESIAN_POINT('',(1.8,3.117691453624));
#8076 = CARTESIAN_POINT('',(1.8,-2.601140334189E-16));
#8077 = ( GEOMETRIC_REPRESENTATION_CONTEXT(2)
PARAMETRIC_REPRESENTATION_CONTEXT() REPRESENTATION_CONTEXT('2D SPACE',''
  ) );
#8078 = ORIENTED_EDGE('',*,*,#7719,.T.);
#8079 = ORIENTED_EDGE('',*,*,#8024,.F.);
#8080 = ORIENTED_EDGE('',*,*,#7911,.T.);
#8081 = ADVANCED_FACE('',(#8082),#7708,.F.);
#8082 = FACE_BOUND('',#8083,.F.);
#8083 = EDGE_LOOP('',(#8084,#8085,#8086,#8087));
#8084 = ORIENTED_EDGE('',*,*,#7693,.F.);
#8085 = ORIENTED_EDGE('',*,*,#7800,.T.);
#8086 = ORIENTED_EDGE('',*,*,#7932,.F.);
#8087 = ORIENTED_EDGE('',*,*,#8053,.T.);
#8088 = ( GEOMETRIC_REPRESENTATION_CONTEXT(3)
GLOBAL_UNCERTAINTY_ASSIGNED_CONTEXT((#8092))
GLOBAL_UNIT_ASSIGNED_CONTEXT((#8089,#8090,#8091)) REPRESENTATION_CONTEXT
('Context #1','3D Context with UNIT and UNCERTAINTY') );
#8089 = ( LENGTH_UNIT() NAMED_UNIT(*) SI_UNIT(.MILLI.,.METRE.) );
#8090 = ( NAMED_UNIT(*) PLANE_ANGLE_UNIT() SI_UNIT($,.RADIAN.) );
#8091 = ( NAMED_UNIT(*) SI_UNIT($,.STERADIAN.) SOLID_ANGLE_UNIT() );
#8092 = UNCERTAINTY_MEASURE_WITH_UNIT(LENGTH_MEASURE(1.E-07),#8089,
  'distance_accuracy_value','confusion accuracy');
#8093 = CONTEXT_DEPENDENT_SHAPE_REPRESENTATION(#8094,#8096);
#8094 = ( REPRESENTATION_RELATIONSHIP('','',#7193,#10)
REPRESENTATION_RELATIONSHIP_WITH_TRANSFORMATION(#8095)
SHAPE_REPRESENTATION_RELATIONSHIP() );
#8095 = ITEM_DEFINED_TRANSFORMATION('','',#11,#59);
#8096 = PRODUCT_DEFINITION_SHAPE('Placement','Placement of an item',
  #8097);
#8097 = NEXT_ASSEMBLY_USAGE_OCCURRENCE('100',
  'PR1_lower_cap_spring_seat_z_minus28p45','',#5,#7188,$);
#8098 = PRODUCT_RELATED_PRODUCT_CATEGORY('part',$,(#7190));
#8099 = SHAPE_DEFINITION_REPRESENTATION(#8100,#8106);
#8100 = PRODUCT_DEFINITION_SHAPE('','',#8101);
#8101 = PRODUCT_DEFINITION('design','',#8102,#8105);
#8102 = PRODUCT_DEFINITION_FORMATION('','',#8103);
#8103 = PRODUCT('lower_M2p5x8_screw_1_thread_envelope',
  'lower_M2p5x8_screw_1_thread_envelope','',(#8104));
#8104 = PRODUCT_CONTEXT('',#2,'mechanical');
#8105 = PRODUCT_DEFINITION_CONTEXT('part definition',#2,'design');
#8106 = ADVANCED_BREP_SHAPE_REPRESENTATION('',(#11,#8107),#8295);
#8107 = MANIFOLD_SOLID_BREP('',#8108);
#8108 = CLOSED_SHELL('',(#8109,#8197,#8201,#8236,#8291));
#8109 = ADVANCED_FACE('',(#8110),#8124,.T.);
#8110 = FACE_BOUND('',#8111,.F.);
#8111 = EDGE_LOOP('',(#8112,#8142,#8169,#8170));
#8112 = ORIENTED_EDGE('',*,*,#8113,.T.);
#8113 = EDGE_CURVE('',#8114,#8116,#8118,.T.);
#8114 = VERTEX_POINT('',#8115);
#8115 = CARTESIAN_POINT('',(7.35,8.833459118601,-35.5));
#8116 = VERTEX_POINT('',#8117);
#8117 = CARTESIAN_POINT('',(7.35,8.833459118601,-33.));
#8118 = SEAM_CURVE('',#8119,(#8123,#8135),.PCURVE_S1.);
#8119 = LINE('',#8120,#8121);
#8120 = CARTESIAN_POINT('',(7.35,8.833459118601,-35.5));
#8121 = VECTOR('',#8122,1.);
#8122 = DIRECTION('',(0.,0.,1.));
#8123 = PCURVE('',#8124,#8129);
#8124 = CYLINDRICAL_SURFACE('',#8125,2.25);
#8125 = AXIS2_PLACEMENT_3D('',#8126,#8127,#8128);
#8126 = CARTESIAN_POINT('',(5.1,8.833459118601,-35.5));
#8127 = DIRECTION('',(-0.,-0.,-1.));
#8128 = DIRECTION('',(1.,0.,0.));
#8129 = DEFINITIONAL_REPRESENTATION('',(#8130),#8134);
#8130 = LINE('',#8131,#8132);
#8131 = CARTESIAN_POINT('',(-0.,0.));
#8132 = VECTOR('',#8133,1.);
#8133 = DIRECTION('',(-0.,-1.));
#8134 = ( GEOMETRIC_REPRESENTATION_CONTEXT(2)
PARAMETRIC_REPRESENTATION_CONTEXT() REPRESENTATION_CONTEXT('2D SPACE',''
  ) );
#8135 = PCURVE('',#8124,#8136);
#8136 = DEFINITIONAL_REPRESENTATION('',(#8137),#8141);
#8137 = LINE('',#8138,#8139);
#8138 = CARTESIAN_POINT('',(-6.28318530718,0.));
#8139 = VECTOR('',#8140,1.);
#8140 = DIRECTION('',(-0.,-1.));
#8141 = ( GEOMETRIC_REPRESENTATION_CONTEXT(2)
PARAMETRIC_REPRESENTATION_CONTEXT() REPRESENTATION_CONTEXT('2D SPACE',''
  ) );
#8142 = ORIENTED_EDGE('',*,*,#8143,.T.);
#8143 = EDGE_CURVE('',#8116,#8116,#8144,.T.);
#8144 = SURFACE_CURVE('',#8145,(#8150,#8157),.PCURVE_S1.);
#8145 = CIRCLE('',#8146,2.25);
#8146 = AXIS2_PLACEMENT_3D('',#8147,#8148,#8149);
#8147 = CARTESIAN_POINT('',(5.1,8.833459118601,-33.));
#8148 = DIRECTION('',(0.,0.,1.));
#8149 = DIRECTION('',(1.,0.,0.));
#8150 = PCURVE('',#8124,#8151);
#8151 = DEFINITIONAL_REPRESENTATION('',(#8152),#8156);
#8152 = LINE('',#8153,#8154);
#8153 = CARTESIAN_POINT('',(-0.,-2.5));
#8154 = VECTOR('',#8155,1.);
#8155 = DIRECTION('',(-1.,0.));
#8156 = ( GEOMETRIC_REPRESENTATION_CONTEXT(2)
PARAMETRIC_REPRESENTATION_CONTEXT() REPRESENTATION_CONTEXT('2D SPACE',''
  ) );
#8157 = PCURVE('',#8158,#8163);
#8158 = PLANE('',#8159);
#8159 = AXIS2_PLACEMENT_3D('',#8160,#8161,#8162);
#8160 = CARTESIAN_POINT('',(5.1,8.833459118601,-33.));
#8161 = DIRECTION('',(0.,0.,1.));
#8162 = DIRECTION('',(1.,0.,-0.));
#8163 = DEFINITIONAL_REPRESENTATION('',(#8164),#8168);
#8164 = CIRCLE('',#8165,2.25);
#8165 = AXIS2_PLACEMENT_2D('',#8166,#8167);
#8166 = CARTESIAN_POINT('',(0.,0.));
#8167 = DIRECTION('',(1.,0.));
#8168 = ( GEOMETRIC_REPRESENTATION_CONTEXT(2)
PARAMETRIC_REPRESENTATION_CONTEXT() REPRESENTATION_CONTEXT('2D SPACE',''
  ) );
#8169 = ORIENTED_EDGE('',*,*,#8113,.F.);
#8170 = ORIENTED_EDGE('',*,*,#8171,.F.);
#8171 = EDGE_CURVE('',#8114,#8114,#8172,.T.);
#8172 = SURFACE_CURVE('',#8173,(#8178,#8185),.PCURVE_S1.);
#8173 = CIRCLE('',#8174,2.25);
#8174 = AXIS2_PLACEMENT_3D('',#8175,#8176,#8177);
#8175 = CARTESIAN_POINT('',(5.1,8.833459118601,-35.5));
#8176 = DIRECTION('',(0.,0.,1.));
#8177 = DIRECTION('',(1.,0.,0.));
#8178 = PCURVE('',#8124,#8179);
#8179 = DEFINITIONAL_REPRESENTATION('',(#8180),#8184);
#8180 = LINE('',#8181,#8182);
#8181 = CARTESIAN_POINT('',(-0.,0.));
#8182 = VECTOR('',#8183,1.);
#8183 = DIRECTION('',(-1.,0.));
#8184 = ( GEOMETRIC_REPRESENTATION_CONTEXT(2)
PARAMETRIC_REPRESENTATION_CONTEXT() REPRESENTATION_CONTEXT('2D SPACE',''
  ) );
#8185 = PCURVE('',#8186,#8191);
#8186 = PLANE('',#8187);
#8187 = AXIS2_PLACEMENT_3D('',#8188,#8189,#8190);
#8188 = CARTESIAN_POINT('',(5.1,8.833459118601,-35.5));
#8189 = DIRECTION('',(0.,0.,1.));
#8190 = DIRECTION('',(1.,0.,-0.));
#8191 = DEFINITIONAL_REPRESENTATION('',(#8192),#8196);
#8192 = CIRCLE('',#8193,2.25);
#8193 = AXIS2_PLACEMENT_2D('',#8194,#8195);
#8194 = CARTESIAN_POINT('',(0.,0.));
#8195 = DIRECTION('',(1.,0.));
#8196 = ( GEOMETRIC_REPRESENTATION_CONTEXT(2)
PARAMETRIC_REPRESENTATION_CONTEXT() REPRESENTATION_CONTEXT('2D SPACE',''
  ) );
#8197 = ADVANCED_FACE('',(#8198),#8186,.F.);
#8198 = FACE_BOUND('',#8199,.F.);
#8199 = EDGE_LOOP('',(#8200));
#8200 = ORIENTED_EDGE('',*,*,#8171,.T.);
#8201 = ADVANCED_FACE('',(#8202,#8205),#8158,.T.);
#8202 = FACE_BOUND('',#8203,.T.);
#8203 = EDGE_LOOP('',(#8204));
#8204 = ORIENTED_EDGE('',*,*,#8143,.T.);
#8205 = FACE_BOUND('',#8206,.T.);
#8206 = EDGE_LOOP('',(#8207));
#8207 = ORIENTED_EDGE('',*,*,#8208,.F.);
#8208 = EDGE_CURVE('',#8209,#8209,#8211,.T.);
#8209 = VERTEX_POINT('',#8210);
#8210 = CARTESIAN_POINT('',(6.35,8.833459118601,-33.));
#8211 = SURFACE_CURVE('',#8212,(#8217,#8224),.PCURVE_S1.);
#8212 = CIRCLE('',#8213,1.25);
#8213 = AXIS2_PLACEMENT_3D('',#8214,#8215,#8216);
#8214 = CARTESIAN_POINT('',(5.1,8.833459118601,-33.));
#8215 = DIRECTION('',(0.,0.,1.));
#8216 = DIRECTION('',(1.,0.,0.));
#8217 = PCURVE('',#8158,#8218);
#8218 = DEFINITIONAL_REPRESENTATION('',(#8219),#8223);
#8219 = CIRCLE('',#8220,1.25);
#8220 = AXIS2_PLACEMENT_2D('',#8221,#8222);
#8221 = CARTESIAN_POINT('',(0.,0.));
#8222 = DIRECTION('',(1.,0.));
#8223 = ( GEOMETRIC_REPRESENTATION_CONTEXT(2)
PARAMETRIC_REPRESENTATION_CONTEXT() REPRESENTATION_CONTEXT('2D SPACE',''
  ) );
#8224 = PCURVE('',#8225,#8230);
#8225 = CYLINDRICAL_SURFACE('',#8226,1.25);
#8226 = AXIS2_PLACEMENT_3D('',#8227,#8228,#8229);
#8227 = CARTESIAN_POINT('',(5.1,8.833459118601,-33.));
#8228 = DIRECTION('',(-0.,-0.,-1.));
#8229 = DIRECTION('',(1.,0.,0.));
#8230 = DEFINITIONAL_REPRESENTATION('',(#8231),#8235);
#8231 = LINE('',#8232,#8233);
#8232 = CARTESIAN_POINT('',(-0.,0.));
#8233 = VECTOR('',#8234,1.);
#8234 = DIRECTION('',(-1.,0.));
#8235 = ( GEOMETRIC_REPRESENTATION_CONTEXT(2)
PARAMETRIC_REPRESENTATION_CONTEXT() REPRESENTATION_CONTEXT('2D SPACE',''
  ) );
#8236 = ADVANCED_FACE('',(#8237),#8225,.T.);
#8237 = FACE_BOUND('',#8238,.F.);
#8238 = EDGE_LOOP('',(#8239,#8262,#8289,#8290));
#8239 = ORIENTED_EDGE('',*,*,#8240,.T.);
#8240 = EDGE_CURVE('',#8209,#8241,#8243,.T.);
#8241 = VERTEX_POINT('',#8242);
#8242 = CARTESIAN_POINT('',(6.35,8.833459118601,-25.));
#8243 = SEAM_CURVE('',#8244,(#8248,#8255),.PCURVE_S1.);
#8244 = LINE('',#8245,#8246);
#8245 = CARTESIAN_POINT('',(6.35,8.833459118601,-33.));
#8246 = VECTOR('',#8247,1.);
#8247 = DIRECTION('',(0.,0.,1.));
#8248 = PCURVE('',#8225,#8249);
#8249 = DEFINITIONAL_REPRESENTATION('',(#8250),#8254);
#8250 = LINE('',#8251,#8252);
#8251 = CARTESIAN_POINT('',(-0.,0.));
#8252 = VECTOR('',#8253,1.);
#8253 = DIRECTION('',(-0.,-1.));
#8254 = ( GEOMETRIC_REPRESENTATION_CONTEXT(2)
PARAMETRIC_REPRESENTATION_CONTEXT() REPRESENTATION_CONTEXT('2D SPACE',''
  ) );
#8255 = PCURVE('',#8225,#8256);
#8256 = DEFINITIONAL_REPRESENTATION('',(#8257),#8261);
#8257 = LINE('',#8258,#8259);
#8258 = CARTESIAN_POINT('',(-6.28318530718,0.));
#8259 = VECTOR('',#8260,1.);
#8260 = DIRECTION('',(-0.,-1.));
#8261 = ( GEOMETRIC_REPRESENTATION_CONTEXT(2)
PARAMETRIC_REPRESENTATION_CONTEXT() REPRESENTATION_CONTEXT('2D SPACE',''
  ) );
#8262 = ORIENTED_EDGE('',*,*,#8263,.T.);
#8263 = EDGE_CURVE('',#8241,#8241,#8264,.T.);
#8264 = SURFACE_CURVE('',#8265,(#8270,#8277),.PCURVE_S1.);
#8265 = CIRCLE('',#8266,1.25);
#8266 = AXIS2_PLACEMENT_3D('',#8267,#8268,#8269);
#8267 = CARTESIAN_POINT('',(5.1,8.833459118601,-25.));
#8268 = DIRECTION('',(0.,0.,1.));
#8269 = DIRECTION('',(1.,0.,0.));
#8270 = PCURVE('',#8225,#8271);
#8271 = DEFINITIONAL_REPRESENTATION('',(#8272),#8276);
#8272 = LINE('',#8273,#8274);
#8273 = CARTESIAN_POINT('',(-0.,-8.));
#8274 = VECTOR('',#8275,1.);
#8275 = DIRECTION('',(-1.,0.));
#8276 = ( GEOMETRIC_REPRESENTATION_CONTEXT(2)
PARAMETRIC_REPRESENTATION_CONTEXT() REPRESENTATION_CONTEXT('2D SPACE',''
  ) );
#8277 = PCURVE('',#8278,#8283);
#8278 = PLANE('',#8279);
#8279 = AXIS2_PLACEMENT_3D('',#8280,#8281,#8282);
#8280 = CARTESIAN_POINT('',(5.1,8.833459118601,-25.));
#8281 = DIRECTION('',(0.,0.,1.));
#8282 = DIRECTION('',(1.,0.,-0.));
#8283 = DEFINITIONAL_REPRESENTATION('',(#8284),#8288);
#8284 = CIRCLE('',#8285,1.25);
#8285 = AXIS2_PLACEMENT_2D('',#8286,#8287);
#8286 = CARTESIAN_POINT('',(0.,0.));
#8287 = DIRECTION('',(1.,0.));
#8288 = ( GEOMETRIC_REPRESENTATION_CONTEXT(2)
PARAMETRIC_REPRESENTATION_CONTEXT() REPRESENTATION_CONTEXT('2D SPACE',''
  ) );
#8289 = ORIENTED_EDGE('',*,*,#8240,.F.);
#8290 = ORIENTED_EDGE('',*,*,#8208,.F.);
#8291 = ADVANCED_FACE('',(#8292),#8278,.T.);
#8292 = FACE_BOUND('',#8293,.T.);
#8293 = EDGE_LOOP('',(#8294));
#8294 = ORIENTED_EDGE('',*,*,#8263,.T.);
#8295 = ( GEOMETRIC_REPRESENTATION_CONTEXT(3)
GLOBAL_UNCERTAINTY_ASSIGNED_CONTEXT((#8299))
GLOBAL_UNIT_ASSIGNED_CONTEXT((#8296,#8297,#8298)) REPRESENTATION_CONTEXT
('Context #1','3D Context with UNIT and UNCERTAINTY') );
#8296 = ( LENGTH_UNIT() NAMED_UNIT(*) SI_UNIT(.MILLI.,.METRE.) );
#8297 = ( NAMED_UNIT(*) PLANE_ANGLE_UNIT() SI_UNIT($,.RADIAN.) );
#8298 = ( NAMED_UNIT(*) SI_UNIT($,.STERADIAN.) SOLID_ANGLE_UNIT() );
#8299 = UNCERTAINTY_MEASURE_WITH_UNIT(LENGTH_MEASURE(1.E-07),#8296,
  'distance_accuracy_value','confusion accuracy');
#8300 = CONTEXT_DEPENDENT_SHAPE_REPRESENTATION(#8301,#8303);
#8301 = ( REPRESENTATION_RELATIONSHIP('','',#8106,#10)
REPRESENTATION_RELATIONSHIP_WITH_TRANSFORMATION(#8302)
SHAPE_REPRESENTATION_RELATIONSHIP() );
#8302 = ITEM_DEFINED_TRANSFORMATION('','',#11,#63);
#8303 = PRODUCT_DEFINITION_SHAPE('Placement','Placement of an item',
  #8304);
#8304 = NEXT_ASSEMBLY_USAGE_OCCURRENCE('101',
  'lower_M2p5x8_screw_1_thread_envelope','',#5,#8101,$);
#8305 = PRODUCT_RELATED_PRODUCT_CATEGORY('part',$,(#8103));
#8306 = SHAPE_DEFINITION_REPRESENTATION(#8307,#8313);
#8307 = PRODUCT_DEFINITION_SHAPE('','',#8308);
#8308 = PRODUCT_DEFINITION('design','',#8309,#8312);
#8309 = PRODUCT_DEFINITION_FORMATION('','',#8310);
#8310 = PRODUCT('lower_M2p5x8_screw_2_thread_envelope',
  'lower_M2p5x8_screw_2_thread_envelope','',(#8311));
#8311 = PRODUCT_CONTEXT('',#2,'mechanical');
#8312 = PRODUCT_DEFINITION_CONTEXT('part definition',#2,'design');
#8313 = ADVANCED_BREP_SHAPE_REPRESENTATION('',(#11,#8314),#8636);
#8314 = MANIFOLD_SOLID_BREP('',#8315);
#8315 = CLOSED_SHELL('',(#8316,#8431,#8454,#8575,#8603,#8631));
#8316 = ADVANCED_FACE('',(#8317),#8332,.T.);
#8317 = FACE_BOUND('',#8318,.F.);
#8318 = EDGE_LOOP('',(#8319,#8355,#8383,#8412));
#8319 = ORIENTED_EDGE('',*,*,#8320,.F.);
#8320 = EDGE_CURVE('',#8321,#8323,#8325,.T.);
#8321 = VERTEX_POINT('',#8322);
#8322 = CARTESIAN_POINT('',(-7.95,1.24913973513E-15,-35.5));
#8323 = VERTEX_POINT('',#8324);
#8324 = CARTESIAN_POINT('',(-12.45,5.254845427758E-16,-35.5));
#8325 = SURFACE_CURVE('',#8326,(#8331,#8343),.PCURVE_S1.);
#8326 = CIRCLE('',#8327,2.25);
#8327 = AXIS2_PLACEMENT_3D('',#8328,#8329,#8330);
#8328 = CARTESIAN_POINT('',(-10.2,1.24913973513E-15,-35.5));
#8329 = DIRECTION('',(0.,0.,1.));
#8330 = DIRECTION('',(1.,0.,0.));
#8331 = PCURVE('',#8332,#8337);
#8332 = CYLINDRICAL_SURFACE('',#8333,2.25);
#8333 = AXIS2_PLACEMENT_3D('',#8334,#8335,#8336);
#8334 = CARTESIAN_POINT('',(-10.2,1.24913973513E-15,-35.5));
#8335 = DIRECTION('',(-0.,-0.,-1.));
#8336 = DIRECTION('',(1.,0.,0.));
#8337 = DEFINITIONAL_REPRESENTATION('',(#8338),#8342);
#8338 = LINE('',#8339,#8340);
#8339 = CARTESIAN_POINT('',(-0.,0.));
#8340 = VECTOR('',#8341,1.);
#8341 = DIRECTION('',(-1.,0.));
#8342 = ( GEOMETRIC_REPRESENTATION_CONTEXT(2)
PARAMETRIC_REPRESENTATION_CONTEXT() REPRESENTATION_CONTEXT('2D SPACE',''
  ) );
#8343 = PCURVE('',#8344,#8349);
#8344 = PLANE('',#8345);
#8345 = AXIS2_PLACEMENT_3D('',#8346,#8347,#8348);
#8346 = CARTESIAN_POINT('',(-10.2,1.483781578458E-15,-35.5));
#8347 = DIRECTION('',(0.,0.,1.));
#8348 = DIRECTION('',(1.,0.,-0.));
#8349 = DEFINITIONAL_REPRESENTATION('',(#8350),#8354);
#8350 = CIRCLE('',#8351,2.25);
#8351 = AXIS2_PLACEMENT_2D('',#8352,#8353);
#8352 = CARTESIAN_POINT('',(-1.7763568394E-15,-2.346418433281E-16));
#8353 = DIRECTION('',(1.,0.));
#8354 = ( GEOMETRIC_REPRESENTATION_CONTEXT(2)
PARAMETRIC_REPRESENTATION_CONTEXT() REPRESENTATION_CONTEXT('2D SPACE',''
  ) );
#8355 = ORIENTED_EDGE('',*,*,#8356,.T.);
#8356 = EDGE_CURVE('',#8321,#8357,#8359,.T.);
#8357 = VERTEX_POINT('',#8358);
#8358 = CARTESIAN_POINT('',(-7.95,1.24913973513E-15,-33.));
#8359 = SURFACE_CURVE('',#8360,(#8364,#8371),.PCURVE_S1.);
#8360 = LINE('',#8361,#8362);
#8361 = CARTESIAN_POINT('',(-7.95,1.24913973513E-15,-35.5));
#8362 = VECTOR('',#8363,1.);
#8363 = DIRECTION('',(0.,0.,1.));
#8364 = PCURVE('',#8332,#8365);
#8365 = DEFINITIONAL_REPRESENTATION('',(#8366),#8370);
#8366 = LINE('',#8367,#8368);
#8367 = CARTESIAN_POINT('',(-0.,0.));
#8368 = VECTOR('',#8369,1.);
#8369 = DIRECTION('',(-0.,-1.));
#8370 = ( GEOMETRIC_REPRESENTATION_CONTEXT(2)
PARAMETRIC_REPRESENTATION_CONTEXT() REPRESENTATION_CONTEXT('2D SPACE',''
  ) );
#8371 = PCURVE('',#8372,#8377);
#8372 = PLANE('',#8373);
#8373 = AXIS2_PLACEMENT_3D('',#8374,#8375,#8376);
#8374 = CARTESIAN_POINT('',(-40.,0.,-80.));
#8375 = DIRECTION('',(0.,1.,0.));
#8376 = DIRECTION('',(0.,0.,1.));
#8377 = DEFINITIONAL_REPRESENTATION('',(#8378),#8382);
#8378 = LINE('',#8379,#8380);
#8379 = CARTESIAN_POINT('',(44.5,32.05));
#8380 = VECTOR('',#8381,1.);
#8381 = DIRECTION('',(1.,0.));
#8382 = ( GEOMETRIC_REPRESENTATION_CONTEXT(2)
PARAMETRIC_REPRESENTATION_CONTEXT() REPRESENTATION_CONTEXT('2D SPACE',''
  ) );
#8383 = ORIENTED_EDGE('',*,*,#8384,.T.);
#8384 = EDGE_CURVE('',#8357,#8385,#8387,.T.);
#8385 = VERTEX_POINT('',#8386);
#8386 = CARTESIAN_POINT('',(-12.45,5.254845427758E-16,-33.));
#8387 = SURFACE_CURVE('',#8388,(#8393,#8400),.PCURVE_S1.);
#8388 = CIRCLE('',#8389,2.25);
#8389 = AXIS2_PLACEMENT_3D('',#8390,#8391,#8392);
#8390 = CARTESIAN_POINT('',(-10.2,1.24913973513E-15,-33.));
#8391 = DIRECTION('',(0.,0.,1.));
#8392 = DIRECTION('',(1.,0.,0.));
#8393 = PCURVE('',#8332,#8394);
#8394 = DEFINITIONAL_REPRESENTATION('',(#8395),#8399);
#8395 = LINE('',#8396,#8397);
#8396 = CARTESIAN_POINT('',(-0.,-2.5));
#8397 = VECTOR('',#8398,1.);
#8398 = DIRECTION('',(-1.,0.));
#8399 = ( GEOMETRIC_REPRESENTATION_CONTEXT(2)
PARAMETRIC_REPRESENTATION_CONTEXT() REPRESENTATION_CONTEXT('2D SPACE',''
  ) );
#8400 = PCURVE('',#8401,#8406);
#8401 = PLANE('',#8402);
#8402 = AXIS2_PLACEMENT_3D('',#8403,#8404,#8405);
#8403 = CARTESIAN_POINT('',(-10.2,1.483781578458E-15,-33.));
#8404 = DIRECTION('',(0.,0.,1.));
#8405 = DIRECTION('',(1.,0.,-0.));
#8406 = DEFINITIONAL_REPRESENTATION('',(#8407),#8411);
#8407 = CIRCLE('',#8408,2.25);
#8408 = AXIS2_PLACEMENT_2D('',#8409,#8410);
#8409 = CARTESIAN_POINT('',(-1.7763568394E-15,-2.346418433281E-16));
#8410 = DIRECTION('',(1.,0.));
#8411 = ( GEOMETRIC_REPRESENTATION_CONTEXT(2)
PARAMETRIC_REPRESENTATION_CONTEXT() REPRESENTATION_CONTEXT('2D SPACE',''
  ) );
#8412 = ORIENTED_EDGE('',*,*,#8413,.T.);
#8413 = EDGE_CURVE('',#8385,#8323,#8414,.T.);
#8414 = SURFACE_CURVE('',#8415,(#8419,#8425),.PCURVE_S1.);
#8415 = LINE('',#8416,#8417);
#8416 = CARTESIAN_POINT('',(-12.45,0.,-35.5));
#8417 = VECTOR('',#8418,1.);
#8418 = DIRECTION('',(-0.,-0.,-1.));
#8419 = PCURVE('',#8332,#8420);
#8420 = DEFINITIONAL_REPRESENTATION('',(#8421),#8424);
#8421 = B_SPLINE_CURVE_WITH_KNOTS('',1,(#8422,#8423),.UNSPECIFIED.,.F.,
  .F.,(2,2),(-2.5000006,5.999999999062E-07),.PIECEWISE_BEZIER_KNOTS.);
#8422 = CARTESIAN_POINT('',(-3.14159265359,-2.5000006));
#8423 = CARTESIAN_POINT('',(-3.14159265359,5.999999999062E-07));
#8424 = ( GEOMETRIC_REPRESENTATION_CONTEXT(2)
PARAMETRIC_REPRESENTATION_CONTEXT() REPRESENTATION_CONTEXT('2D SPACE',''
  ) );
#8425 = PCURVE('',#8372,#8426);
#8426 = DEFINITIONAL_REPRESENTATION('',(#8427),#8430);
#8427 = B_SPLINE_CURVE_WITH_KNOTS('',1,(#8428,#8429),.UNSPECIFIED.,.F.,
  .F.,(2,2),(-2.5000006,5.999999999062E-07),.PIECEWISE_BEZIER_KNOTS.);
#8428 = CARTESIAN_POINT('',(47.0000006,27.55));
#8429 = CARTESIAN_POINT('',(44.4999994,27.55));
#8430 = ( GEOMETRIC_REPRESENTATION_CONTEXT(2)
PARAMETRIC_REPRESENTATION_CONTEXT() REPRESENTATION_CONTEXT('2D SPACE',''
  ) );
#8431 = ADVANCED_FACE('',(#8432),#8344,.F.);
#8432 = FACE_BOUND('',#8433,.F.);
#8433 = EDGE_LOOP('',(#8434,#8453));
#8434 = ORIENTED_EDGE('',*,*,#8435,.F.);
#8435 = EDGE_CURVE('',#8321,#8323,#8436,.T.);
#8436 = SURFACE_CURVE('',#8437,(#8441,#8447),.PCURVE_S1.);
#8437 = LINE('',#8438,#8439);
#8438 = CARTESIAN_POINT('',(-25.1,0.,-35.5));
#8439 = VECTOR('',#8440,1.);
#8440 = DIRECTION('',(-1.,0.,0.));
#8441 = PCURVE('',#8344,#8442);
#8442 = DEFINITIONAL_REPRESENTATION('',(#8443),#8446);
#8443 = B_SPLINE_CURVE_WITH_KNOTS('',1,(#8444,#8445),.UNSPECIFIED.,.F.,
  .F.,(2,2),(-17.15,-12.65),.PIECEWISE_BEZIER_KNOTS.);
#8444 = CARTESIAN_POINT('',(2.25,-1.483781578458E-15));
#8445 = CARTESIAN_POINT('',(-2.25,-1.483781578458E-15));
#8446 = ( GEOMETRIC_REPRESENTATION_CONTEXT(2)
PARAMETRIC_REPRESENTATION_CONTEXT() REPRESENTATION_CONTEXT('2D SPACE',''
  ) );
#8447 = PCURVE('',#8372,#8448);
#8448 = DEFINITIONAL_REPRESENTATION('',(#8449),#8452);
#8449 = B_SPLINE_CURVE_WITH_KNOTS('',1,(#8450,#8451),.UNSPECIFIED.,.F.,
  .F.,(2,2),(-17.15,-12.65),.PIECEWISE_BEZIER_KNOTS.);
#8450 = CARTESIAN_POINT('',(44.5,32.05));
#8451 = CARTESIAN_POINT('',(44.5,27.55));
#8452 = ( GEOMETRIC_REPRESENTATION_CONTEXT(2)
PARAMETRIC_REPRESENTATION_CONTEXT() REPRESENTATION_CONTEXT('2D SPACE',''
  ) );
#8453 = ORIENTED_EDGE('',*,*,#8320,.T.);
#8454 = ADVANCED_FACE('',(#8455),#8372,.F.);
#8455 = FACE_BOUND('',#8456,.F.);
#8456 = EDGE_LOOP('',(#8457,#8458,#8459,#8460,#8481,#8507,#8533,#8556));
#8457 = ORIENTED_EDGE('',*,*,#8356,.F.);
#8458 = ORIENTED_EDGE('',*,*,#8435,.T.);
#8459 = ORIENTED_EDGE('',*,*,#8413,.F.);
#8460 = ORIENTED_EDGE('',*,*,#8461,.F.);
#8461 = EDGE_CURVE('',#8462,#8385,#8464,.T.);
#8462 = VERTEX_POINT('',#8463);
#8463 = CARTESIAN_POINT('',(-11.45,2.919975603986E-16,-33.));
#8464 = SURFACE_CURVE('',#8465,(#8469,#8475),.PCURVE_S1.);
#8465 = LINE('',#8466,#8467);
#8466 = CARTESIAN_POINT('',(-25.1,0.,-33.));
#8467 = VECTOR('',#8468,1.);
#8468 = DIRECTION('',(-1.,0.,0.));
#8469 = PCURVE('',#8372,#8470);
#8470 = DEFINITIONAL_REPRESENTATION('',(#8471),#8474);
#8471 = B_SPLINE_CURVE_WITH_KNOTS('',1,(#8472,#8473),.UNSPECIFIED.,.F.,
  .F.,(2,2),(-17.15,-12.65),.PIECEWISE_BEZIER_KNOTS.);
#8472 = CARTESIAN_POINT('',(47.,32.05));
#8473 = CARTESIAN_POINT('',(47.,27.55));
#8474 = ( GEOMETRIC_REPRESENTATION_CONTEXT(2)
PARAMETRIC_REPRESENTATION_CONTEXT() REPRESENTATION_CONTEXT('2D SPACE',''
  ) );
#8475 = PCURVE('',#8401,#8476);
#8476 = DEFINITIONAL_REPRESENTATION('',(#8477),#8480);
#8477 = B_SPLINE_CURVE_WITH_KNOTS('',1,(#8478,#8479),.UNSPECIFIED.,.F.,
  .F.,(2,2),(-17.15,-12.65),.PIECEWISE_BEZIER_KNOTS.);
#8478 = CARTESIAN_POINT('',(2.25,-1.483781578458E-15));
#8479 = CARTESIAN_POINT('',(-2.25,-1.483781578458E-15));
#8480 = ( GEOMETRIC_REPRESENTATION_CONTEXT(2)
PARAMETRIC_REPRESENTATION_CONTEXT() REPRESENTATION_CONTEXT('2D SPACE',''
  ) );
#8481 = ORIENTED_EDGE('',*,*,#8482,.F.);
#8482 = EDGE_CURVE('',#8483,#8462,#8485,.T.);
#8483 = VERTEX_POINT('',#8484);
#8484 = CARTESIAN_POINT('',(-11.45,2.919975603986E-16,-25.));
#8485 = SURFACE_CURVE('',#8486,(#8490,#8496),.PCURVE_S1.);
#8486 = LINE('',#8487,#8488);
#8487 = CARTESIAN_POINT('',(-11.45,0.,-33.));
#8488 = VECTOR('',#8489,1.);
#8489 = DIRECTION('',(-0.,-0.,-1.));
#8490 = PCURVE('',#8372,#8491);
#8491 = DEFINITIONAL_REPRESENTATION('',(#8492),#8495);
#8492 = B_SPLINE_CURVE_WITH_KNOTS('',1,(#8493,#8494),.UNSPECIFIED.,.F.,
  .F.,(2,2),(-8.0000006,5.999999999062E-07),.PIECEWISE_BEZIER_KNOTS.);
#8493 = CARTESIAN_POINT('',(55.0000006,28.55));
#8494 = CARTESIAN_POINT('',(46.9999994,28.55));
#8495 = ( GEOMETRIC_REPRESENTATION_CONTEXT(2)
PARAMETRIC_REPRESENTATION_CONTEXT() REPRESENTATION_CONTEXT('2D SPACE',''
  ) );
#8496 = PCURVE('',#8497,#8502);
#8497 = CYLINDRICAL_SURFACE('',#8498,1.25);
#8498 = AXIS2_PLACEMENT_3D('',#8499,#8500,#8501);
#8499 = CARTESIAN_POINT('',(-10.2,1.24913973513E-15,-33.));
#8500 = DIRECTION('',(-0.,-0.,-1.));
#8501 = DIRECTION('',(1.,0.,0.));
#8502 = DEFINITIONAL_REPRESENTATION('',(#8503),#8506);
#8503 = B_SPLINE_CURVE_WITH_KNOTS('',1,(#8504,#8505),.UNSPECIFIED.,.F.,
  .F.,(2,2),(-8.0000006,5.999999999062E-07),.PIECEWISE_BEZIER_KNOTS.);
#8504 = CARTESIAN_POINT('',(-3.14159265359,-8.0000006));
#8505 = CARTESIAN_POINT('',(-3.14159265359,5.999999999062E-07));
#8506 = ( GEOMETRIC_REPRESENTATION_CONTEXT(2)
PARAMETRIC_REPRESENTATION_CONTEXT() REPRESENTATION_CONTEXT('2D SPACE',''
  ) );
#8507 = ORIENTED_EDGE('',*,*,#8508,.F.);
#8508 = EDGE_CURVE('',#8509,#8483,#8511,.T.);
#8509 = VERTEX_POINT('',#8510);
#8510 = CARTESIAN_POINT('',(-8.95,1.24913973513E-15,-25.));
#8511 = SURFACE_CURVE('',#8512,(#8516,#8522),.PCURVE_S1.);
#8512 = LINE('',#8513,#8514);
#8513 = CARTESIAN_POINT('',(-25.1,0.,-25.));
#8514 = VECTOR('',#8515,1.);
#8515 = DIRECTION('',(-1.,0.,0.));
#8516 = PCURVE('',#8372,#8517);
#8517 = DEFINITIONAL_REPRESENTATION('',(#8518),#8521);
#8518 = B_SPLINE_CURVE_WITH_KNOTS('',1,(#8519,#8520),.UNSPECIFIED.,.F.,
  .F.,(2,2),(-16.15,-13.65),.PIECEWISE_BEZIER_KNOTS.);
#8519 = CARTESIAN_POINT('',(55.,31.05));
#8520 = CARTESIAN_POINT('',(55.,28.55));
#8521 = ( GEOMETRIC_REPRESENTATION_CONTEXT(2)
PARAMETRIC_REPRESENTATION_CONTEXT() REPRESENTATION_CONTEXT('2D SPACE',''
  ) );
#8522 = PCURVE('',#8523,#8528);
#8523 = PLANE('',#8524);
#8524 = AXIS2_PLACEMENT_3D('',#8525,#8526,#8527);
#8525 = CARTESIAN_POINT('',(-10.2,1.387859125176E-15,-25.));
#8526 = DIRECTION('',(0.,0.,1.));
#8527 = DIRECTION('',(1.,0.,-0.));
#8528 = DEFINITIONAL_REPRESENTATION('',(#8529),#8532);
#8529 = B_SPLINE_CURVE_WITH_KNOTS('',1,(#8530,#8531),.UNSPECIFIED.,.F.,
  .F.,(2,2),(-16.15,-13.65),.PIECEWISE_BEZIER_KNOTS.);
#8530 = CARTESIAN_POINT('',(1.25,-1.387859125176E-15));
#8531 = CARTESIAN_POINT('',(-1.25,-1.387859125176E-15));
#8532 = ( GEOMETRIC_REPRESENTATION_CONTEXT(2)
PARAMETRIC_REPRESENTATION_CONTEXT() REPRESENTATION_CONTEXT('2D SPACE',''
  ) );
#8533 = ORIENTED_EDGE('',*,*,#8534,.F.);
#8534 = EDGE_CURVE('',#8535,#8509,#8537,.T.);
#8535 = VERTEX_POINT('',#8536);
#8536 = CARTESIAN_POINT('',(-8.95,1.24913973513E-15,-33.));
#8537 = SURFACE_CURVE('',#8538,(#8542,#8549),.PCURVE_S1.);
#8538 = LINE('',#8539,#8540);
#8539 = CARTESIAN_POINT('',(-8.95,1.24913973513E-15,-33.));
#8540 = VECTOR('',#8541,1.);
#8541 = DIRECTION('',(0.,0.,1.));
#8542 = PCURVE('',#8372,#8543);
#8543 = DEFINITIONAL_REPRESENTATION('',(#8544),#8548);
#8544 = LINE('',#8545,#8546);
#8545 = CARTESIAN_POINT('',(47.,31.05));
#8546 = VECTOR('',#8547,1.);
#8547 = DIRECTION('',(1.,0.));
#8548 = ( GEOMETRIC_REPRESENTATION_CONTEXT(2)
PARAMETRIC_REPRESENTATION_CONTEXT() REPRESENTATION_CONTEXT('2D SPACE',''
  ) );
#8549 = PCURVE('',#8497,#8550);
#8550 = DEFINITIONAL_REPRESENTATION('',(#8551),#8555);
#8551 = LINE('',#8552,#8553);
#8552 = CARTESIAN_POINT('',(-0.,0.));
#8553 = VECTOR('',#8554,1.);
#8554 = DIRECTION('',(-0.,-1.));
#8555 = ( GEOMETRIC_REPRESENTATION_CONTEXT(2)
PARAMETRIC_REPRESENTATION_CONTEXT() REPRESENTATION_CONTEXT('2D SPACE',''
  ) );
#8556 = ORIENTED_EDGE('',*,*,#8557,.F.);
#8557 = EDGE_CURVE('',#8357,#8535,#8558,.T.);
#8558 = SURFACE_CURVE('',#8559,(#8563,#8569),.PCURVE_S1.);
#8559 = LINE('',#8560,#8561);
#8560 = CARTESIAN_POINT('',(-25.1,0.,-33.));
#8561 = VECTOR('',#8562,1.);
#8562 = DIRECTION('',(-1.,0.,0.));
#8563 = PCURVE('',#8372,#8564);
#8564 = DEFINITIONAL_REPRESENTATION('',(#8565),#8568);
#8565 = B_SPLINE_CURVE_WITH_KNOTS('',1,(#8566,#8567),.UNSPECIFIED.,.F.,
  .F.,(2,2),(-17.15,-12.65),.PIECEWISE_BEZIER_KNOTS.);
#8566 = CARTESIAN_POINT('',(47.,32.05));
#8567 = CARTESIAN_POINT('',(47.,27.55));
#8568 = ( GEOMETRIC_REPRESENTATION_CONTEXT(2)
PARAMETRIC_REPRESENTATION_CONTEXT() REPRESENTATION_CONTEXT('2D SPACE',''
  ) );
#8569 = PCURVE('',#8401,#8570);
#8570 = DEFINITIONAL_REPRESENTATION('',(#8571),#8574);
#8571 = B_SPLINE_CURVE_WITH_KNOTS('',1,(#8572,#8573),.UNSPECIFIED.,.F.,
  .F.,(2,2),(-17.15,-12.65),.PIECEWISE_BEZIER_KNOTS.);
#8572 = CARTESIAN_POINT('',(2.25,-1.483781578458E-15));
#8573 = CARTESIAN_POINT('',(-2.25,-1.483781578458E-15));
#8574 = ( GEOMETRIC_REPRESENTATION_CONTEXT(2)
PARAMETRIC_REPRESENTATION_CONTEXT() REPRESENTATION_CONTEXT('2D SPACE',''
  ) );
#8575 = ADVANCED_FACE('',(#8576),#8401,.T.);
#8576 = FACE_BOUND('',#8577,.T.);
#8577 = EDGE_LOOP('',(#8578,#8579,#8580,#8581));
#8578 = ORIENTED_EDGE('',*,*,#8557,.F.);
#8579 = ORIENTED_EDGE('',*,*,#8384,.T.);
#8580 = ORIENTED_EDGE('',*,*,#8461,.F.);
#8581 = ORIENTED_EDGE('',*,*,#8582,.F.);
#8582 = EDGE_CURVE('',#8535,#8462,#8583,.T.);
#8583 = SURFACE_CURVE('',#8584,(#8589,#8596),.PCURVE_S1.);
#8584 = CIRCLE('',#8585,1.25);
#8585 = AXIS2_PLACEMENT_3D('',#8586,#8587,#8588);
#8586 = CARTESIAN_POINT('',(-10.2,1.24913973513E-15,-33.));
#8587 = DIRECTION('',(0.,0.,1.));
#8588 = DIRECTION('',(1.,0.,0.));
#8589 = PCURVE('',#8401,#8590);
#8590 = DEFINITIONAL_REPRESENTATION('',(#8591),#8595);
#8591 = CIRCLE('',#8592,1.25);
#8592 = AXIS2_PLACEMENT_2D('',#8593,#8594);
#8593 = CARTESIAN_POINT('',(-1.7763568394E-15,-2.346418433281E-16));
#8594 = DIRECTION('',(1.,0.));
#8595 = ( GEOMETRIC_REPRESENTATION_CONTEXT(2)
PARAMETRIC_REPRESENTATION_CONTEXT() REPRESENTATION_CONTEXT('2D SPACE',''
  ) );
#8596 = PCURVE('',#8497,#8597);
#8597 = DEFINITIONAL_REPRESENTATION('',(#8598),#8602);
#8598 = LINE('',#8599,#8600);
#8599 = CARTESIAN_POINT('',(-0.,0.));
#8600 = VECTOR('',#8601,1.);
#8601 = DIRECTION('',(-1.,0.));
#8602 = ( GEOMETRIC_REPRESENTATION_CONTEXT(2)
PARAMETRIC_REPRESENTATION_CONTEXT() REPRESENTATION_CONTEXT('2D SPACE',''
  ) );
#8603 = ADVANCED_FACE('',(#8604),#8497,.T.);
#8604 = FACE_BOUND('',#8605,.F.);
#8605 = EDGE_LOOP('',(#8606,#8607,#8608,#8630));
#8606 = ORIENTED_EDGE('',*,*,#8582,.F.);
#8607 = ORIENTED_EDGE('',*,*,#8534,.T.);
#8608 = ORIENTED_EDGE('',*,*,#8609,.T.);
#8609 = EDGE_CURVE('',#8509,#8483,#8610,.T.);
#8610 = SURFACE_CURVE('',#8611,(#8616,#8623),.PCURVE_S1.);
#8611 = CIRCLE('',#8612,1.25);
#8612 = AXIS2_PLACEMENT_3D('',#8613,#8614,#8615);
#8613 = CARTESIAN_POINT('',(-10.2,1.24913973513E-15,-25.));
#8614 = DIRECTION('',(0.,0.,1.));
#8615 = DIRECTION('',(1.,0.,0.));
#8616 = PCURVE('',#8497,#8617);
#8617 = DEFINITIONAL_REPRESENTATION('',(#8618),#8622);
#8618 = LINE('',#8619,#8620);
#8619 = CARTESIAN_POINT('',(-0.,-8.));
#8620 = VECTOR('',#8621,1.);
#8621 = DIRECTION('',(-1.,0.));
#8622 = ( GEOMETRIC_REPRESENTATION_CONTEXT(2)
PARAMETRIC_REPRESENTATION_CONTEXT() REPRESENTATION_CONTEXT('2D SPACE',''
  ) );
#8623 = PCURVE('',#8523,#8624);
#8624 = DEFINITIONAL_REPRESENTATION('',(#8625),#8629);
#8625 = CIRCLE('',#8626,1.25);
#8626 = AXIS2_PLACEMENT_2D('',#8627,#8628);
#8627 = CARTESIAN_POINT('',(-1.7763568394E-15,-1.387193900458E-16));
#8628 = DIRECTION('',(1.,0.));
#8629 = ( GEOMETRIC_REPRESENTATION_CONTEXT(2)
PARAMETRIC_REPRESENTATION_CONTEXT() REPRESENTATION_CONTEXT('2D SPACE',''
  ) );
#8630 = ORIENTED_EDGE('',*,*,#8482,.T.);
#8631 = ADVANCED_FACE('',(#8632),#8523,.T.);
#8632 = FACE_BOUND('',#8633,.T.);
#8633 = EDGE_LOOP('',(#8634,#8635));
#8634 = ORIENTED_EDGE('',*,*,#8508,.F.);
#8635 = ORIENTED_EDGE('',*,*,#8609,.T.);
#8636 = ( GEOMETRIC_REPRESENTATION_CONTEXT(3)
GLOBAL_UNCERTAINTY_ASSIGNED_CONTEXT((#8640))
GLOBAL_UNIT_ASSIGNED_CONTEXT((#8637,#8638,#8639)) REPRESENTATION_CONTEXT
('Context #1','3D Context with UNIT and UNCERTAINTY') );
#8637 = ( LENGTH_UNIT() NAMED_UNIT(*) SI_UNIT(.MILLI.,.METRE.) );
#8638 = ( NAMED_UNIT(*) PLANE_ANGLE_UNIT() SI_UNIT($,.RADIAN.) );
#8639 = ( NAMED_UNIT(*) SI_UNIT($,.STERADIAN.) SOLID_ANGLE_UNIT() );
#8640 = UNCERTAINTY_MEASURE_WITH_UNIT(LENGTH_MEASURE(2.E-07),#8637,
  'distance_accuracy_value','confusion accuracy');
#8641 = CONTEXT_DEPENDENT_SHAPE_REPRESENTATION(#8642,#8644);
#8642 = ( REPRESENTATION_RELATIONSHIP('','',#8313,#10)
REPRESENTATION_RELATIONSHIP_WITH_TRANSFORMATION(#8643)
SHAPE_REPRESENTATION_RELATIONSHIP() );
#8643 = ITEM_DEFINED_TRANSFORMATION('','',#11,#67);
#8644 = PRODUCT_DEFINITION_SHAPE('Placement','Placement of an item',
  #8645);
#8645 = NEXT_ASSEMBLY_USAGE_OCCURRENCE('102',
  'lower_M2p5x8_screw_2_thread_envelope','',#5,#8308,$);
#8646 = PRODUCT_RELATED_PRODUCT_CATEGORY('part',$,(#8310));
#8647 = SHAPE_DEFINITION_REPRESENTATION(#8648,#8654);
#8648 = PRODUCT_DEFINITION_SHAPE('','',#8649);
#8649 = PRODUCT_DEFINITION('design','',#8650,#8653);
#8650 = PRODUCT_DEFINITION_FORMATION('','',#8651);
#8651 = PRODUCT('mount_M2p5x8_screw_1_thread_envelope',
  'mount_M2p5x8_screw_1_thread_envelope','',(#8652));
#8652 = PRODUCT_CONTEXT('',#2,'mechanical');
#8653 = PRODUCT_DEFINITION_CONTEXT('part definition',#2,'design');
#8654 = ADVANCED_BREP_SHAPE_REPRESENTATION('',(#11,#8655),#8977);
#8655 = MANIFOLD_SOLID_BREP('',#8656);
#8656 = CLOSED_SHELL('',(#8657,#8772,#8795,#8916,#8944,#8972));
#8657 = ADVANCED_FACE('',(#8658),#8673,.T.);
#8658 = FACE_BOUND('',#8659,.F.);
#8659 = EDGE_LOOP('',(#8660,#8696,#8724,#8753));
#8660 = ORIENTED_EDGE('',*,*,#8661,.F.);
#8661 = EDGE_CURVE('',#8662,#8664,#8666,.T.);
#8662 = VERTEX_POINT('',#8663);
#8663 = CARTESIAN_POINT('',(14.75,0.,-24.5));
#8664 = VERTEX_POINT('',#8665);
#8665 = CARTESIAN_POINT('',(10.25,2.755455298082E-16,-24.5));
#8666 = SURFACE_CURVE('',#8667,(#8672,#8684),.PCURVE_S1.);
#8667 = CIRCLE('',#8668,2.25);
#8668 = AXIS2_PLACEMENT_3D('',#8669,#8670,#8671);
#8669 = CARTESIAN_POINT('',(12.5,0.,-24.5));
#8670 = DIRECTION('',(0.,0.,1.));
#8671 = DIRECTION('',(1.,0.,0.));
#8672 = PCURVE('',#8673,#8678);
#8673 = CYLINDRICAL_SURFACE('',#8674,2.25);
#8674 = AXIS2_PLACEMENT_3D('',#8675,#8676,#8677);
#8675 = CARTESIAN_POINT('',(12.5,0.,-24.5));
#8676 = DIRECTION('',(-0.,-0.,-1.));
#8677 = DIRECTION('',(1.,0.,0.));
#8678 = DEFINITIONAL_REPRESENTATION('',(#8679),#8683);
#8679 = LINE('',#8680,#8681);
#8680 = CARTESIAN_POINT('',(-0.,0.));
#8681 = VECTOR('',#8682,1.);
#8682 = DIRECTION('',(-1.,0.));
#8683 = ( GEOMETRIC_REPRESENTATION_CONTEXT(2)
PARAMETRIC_REPRESENTATION_CONTEXT() REPRESENTATION_CONTEXT('2D SPACE',''
  ) );
#8684 = PCURVE('',#8685,#8690);
#8685 = PLANE('',#8686);
#8686 = AXIS2_PLACEMENT_3D('',#8687,#8688,#8689);
#8687 = CARTESIAN_POINT('',(12.5,1.360581788205E-16,-24.5));
#8688 = DIRECTION('',(0.,0.,1.));
#8689 = DIRECTION('',(1.,0.,-0.));
#8690 = DEFINITIONAL_REPRESENTATION('',(#8691),#8695);
#8691 = CIRCLE('',#8692,2.25);
#8692 = AXIS2_PLACEMENT_2D('',#8693,#8694);
#8693 = CARTESIAN_POINT('',(1.7763568394E-15,-1.360581788205E-16));
#8694 = DIRECTION('',(1.,0.));
#8695 = ( GEOMETRIC_REPRESENTATION_CONTEXT(2)
PARAMETRIC_REPRESENTATION_CONTEXT() REPRESENTATION_CONTEXT('2D SPACE',''
  ) );
#8696 = ORIENTED_EDGE('',*,*,#8697,.T.);
#8697 = EDGE_CURVE('',#8662,#8698,#8700,.T.);
#8698 = VERTEX_POINT('',#8699);
#8699 = CARTESIAN_POINT('',(14.75,0.,-22.));
#8700 = SURFACE_CURVE('',#8701,(#8705,#8712),.PCURVE_S1.);
#8701 = LINE('',#8702,#8703);
#8702 = CARTESIAN_POINT('',(14.75,0.,-24.5));
#8703 = VECTOR('',#8704,1.);
#8704 = DIRECTION('',(0.,0.,1.));
#8705 = PCURVE('',#8673,#8706);
#8706 = DEFINITIONAL_REPRESENTATION('',(#8707),#8711);
#8707 = LINE('',#8708,#8709);
#8708 = CARTESIAN_POINT('',(-0.,0.));
#8709 = VECTOR('',#8710,1.);
#8710 = DIRECTION('',(-0.,-1.));
#8711 = ( GEOMETRIC_REPRESENTATION_CONTEXT(2)
PARAMETRIC_REPRESENTATION_CONTEXT() REPRESENTATION_CONTEXT('2D SPACE',''
  ) );
#8712 = PCURVE('',#8713,#8718);
#8713 = PLANE('',#8714);
#8714 = AXIS2_PLACEMENT_3D('',#8715,#8716,#8717);
#8715 = CARTESIAN_POINT('',(-40.,0.,-80.));
#8716 = DIRECTION('',(0.,1.,0.));
#8717 = DIRECTION('',(0.,0.,1.));
#8718 = DEFINITIONAL_REPRESENTATION('',(#8719),#8723);
#8719 = LINE('',#8720,#8721);
#8720 = CARTESIAN_POINT('',(55.5,54.75));
#8721 = VECTOR('',#8722,1.);
#8722 = DIRECTION('',(1.,0.));
#8723 = ( GEOMETRIC_REPRESENTATION_CONTEXT(2)
PARAMETRIC_REPRESENTATION_CONTEXT() REPRESENTATION_CONTEXT('2D SPACE',''
  ) );
#8724 = ORIENTED_EDGE('',*,*,#8725,.T.);
#8725 = EDGE_CURVE('',#8698,#8726,#8728,.T.);
#8726 = VERTEX_POINT('',#8727);
#8727 = CARTESIAN_POINT('',(10.25,2.755455298082E-16,-22.));
#8728 = SURFACE_CURVE('',#8729,(#8734,#8741),.PCURVE_S1.);
#8729 = CIRCLE('',#8730,2.25);
#8730 = AXIS2_PLACEMENT_3D('',#8731,#8732,#8733);
#8731 = CARTESIAN_POINT('',(12.5,0.,-22.));
#8732 = DIRECTION('',(0.,0.,1.));
#8733 = DIRECTION('',(1.,0.,0.));
#8734 = PCURVE('',#8673,#8735);
#8735 = DEFINITIONAL_REPRESENTATION('',(#8736),#8740);
#8736 = LINE('',#8737,#8738);
#8737 = CARTESIAN_POINT('',(-0.,-2.5));
#8738 = VECTOR('',#8739,1.);
#8739 = DIRECTION('',(-1.,0.));
#8740 = ( GEOMETRIC_REPRESENTATION_CONTEXT(2)
PARAMETRIC_REPRESENTATION_CONTEXT() REPRESENTATION_CONTEXT('2D SPACE',''
  ) );
#8741 = PCURVE('',#8742,#8747);
#8742 = PLANE('',#8743);
#8743 = AXIS2_PLACEMENT_3D('',#8744,#8745,#8746);
#8744 = CARTESIAN_POINT('',(12.5,1.360581788205E-16,-22.));
#8745 = DIRECTION('',(0.,0.,1.));
#8746 = DIRECTION('',(1.,0.,-0.));
#8747 = DEFINITIONAL_REPRESENTATION('',(#8748),#8752);
#8748 = CIRCLE('',#8749,2.25);
#8749 = AXIS2_PLACEMENT_2D('',#8750,#8751);
#8750 = CARTESIAN_POINT('',(1.7763568394E-15,-1.360581788205E-16));
#8751 = DIRECTION('',(1.,0.));
#8752 = ( GEOMETRIC_REPRESENTATION_CONTEXT(2)
PARAMETRIC_REPRESENTATION_CONTEXT() REPRESENTATION_CONTEXT('2D SPACE',''
  ) );
#8753 = ORIENTED_EDGE('',*,*,#8754,.T.);
#8754 = EDGE_CURVE('',#8726,#8664,#8755,.T.);
#8755 = SURFACE_CURVE('',#8756,(#8760,#8766),.PCURVE_S1.);
#8756 = LINE('',#8757,#8758);
#8757 = CARTESIAN_POINT('',(10.25,0.,-24.5));
#8758 = VECTOR('',#8759,1.);
#8759 = DIRECTION('',(-0.,-0.,-1.));
#8760 = PCURVE('',#8673,#8761);
#8761 = DEFINITIONAL_REPRESENTATION('',(#8762),#8765);
#8762 = B_SPLINE_CURVE_WITH_KNOTS('',1,(#8763,#8764),.UNSPECIFIED.,.F.,
  .F.,(2,2),(-2.5000006,5.999999999062E-07),.PIECEWISE_BEZIER_KNOTS.);
#8763 = CARTESIAN_POINT('',(-3.14159265359,-2.5000006));
#8764 = CARTESIAN_POINT('',(-3.14159265359,5.999999999062E-07));
#8765 = ( GEOMETRIC_REPRESENTATION_CONTEXT(2)
PARAMETRIC_REPRESENTATION_CONTEXT() REPRESENTATION_CONTEXT('2D SPACE',''
  ) );
#8766 = PCURVE('',#8713,#8767);
#8767 = DEFINITIONAL_REPRESENTATION('',(#8768),#8771);
#8768 = B_SPLINE_CURVE_WITH_KNOTS('',1,(#8769,#8770),.UNSPECIFIED.,.F.,
  .F.,(2,2),(-2.5000006,5.999999999062E-07),.PIECEWISE_BEZIER_KNOTS.);
#8769 = CARTESIAN_POINT('',(58.0000006,50.25));
#8770 = CARTESIAN_POINT('',(55.4999994,50.25));
#8771 = ( GEOMETRIC_REPRESENTATION_CONTEXT(2)
PARAMETRIC_REPRESENTATION_CONTEXT() REPRESENTATION_CONTEXT('2D SPACE',''
  ) );
#8772 = ADVANCED_FACE('',(#8773),#8685,.F.);
#8773 = FACE_BOUND('',#8774,.F.);
#8774 = EDGE_LOOP('',(#8775,#8794));
#8775 = ORIENTED_EDGE('',*,*,#8776,.F.);
#8776 = EDGE_CURVE('',#8662,#8664,#8777,.T.);
#8777 = SURFACE_CURVE('',#8778,(#8782,#8788),.PCURVE_S1.);
#8778 = LINE('',#8779,#8780);
#8779 = CARTESIAN_POINT('',(-13.75,0.,-24.5));
#8780 = VECTOR('',#8781,1.);
#8781 = DIRECTION('',(-1.,0.,0.));
#8782 = PCURVE('',#8685,#8783);
#8783 = DEFINITIONAL_REPRESENTATION('',(#8784),#8787);
#8784 = B_SPLINE_CURVE_WITH_KNOTS('',1,(#8785,#8786),.UNSPECIFIED.,.F.,
  .F.,(2,2),(-28.5,-24.),.PIECEWISE_BEZIER_KNOTS.);
#8785 = CARTESIAN_POINT('',(2.25,-1.360581788205E-16));
#8786 = CARTESIAN_POINT('',(-2.25,-1.360581788205E-16));
#8787 = ( GEOMETRIC_REPRESENTATION_CONTEXT(2)
PARAMETRIC_REPRESENTATION_CONTEXT() REPRESENTATION_CONTEXT('2D SPACE',''
  ) );
#8788 = PCURVE('',#8713,#8789);
#8789 = DEFINITIONAL_REPRESENTATION('',(#8790),#8793);
#8790 = B_SPLINE_CURVE_WITH_KNOTS('',1,(#8791,#8792),.UNSPECIFIED.,.F.,
  .F.,(2,2),(-28.5,-24.),.PIECEWISE_BEZIER_KNOTS.);
#8791 = CARTESIAN_POINT('',(55.5,54.75));
#8792 = CARTESIAN_POINT('',(55.5,50.25));
#8793 = ( GEOMETRIC_REPRESENTATION_CONTEXT(2)
PARAMETRIC_REPRESENTATION_CONTEXT() REPRESENTATION_CONTEXT('2D SPACE',''
  ) );
#8794 = ORIENTED_EDGE('',*,*,#8661,.T.);
#8795 = ADVANCED_FACE('',(#8796),#8713,.F.);
#8796 = FACE_BOUND('',#8797,.F.);
#8797 = EDGE_LOOP('',(#8798,#8799,#8800,#8801,#8822,#8848,#8874,#8897));
#8798 = ORIENTED_EDGE('',*,*,#8697,.F.);
#8799 = ORIENTED_EDGE('',*,*,#8776,.T.);
#8800 = ORIENTED_EDGE('',*,*,#8754,.F.);
#8801 = ORIENTED_EDGE('',*,*,#8802,.F.);
#8802 = EDGE_CURVE('',#8803,#8726,#8805,.T.);
#8803 = VERTEX_POINT('',#8804);
#8804 = CARTESIAN_POINT('',(11.25,1.530808498934E-16,-22.));
#8805 = SURFACE_CURVE('',#8806,(#8810,#8816),.PCURVE_S1.);
#8806 = LINE('',#8807,#8808);
#8807 = CARTESIAN_POINT('',(-13.75,0.,-22.));
#8808 = VECTOR('',#8809,1.);
#8809 = DIRECTION('',(-1.,0.,0.));
#8810 = PCURVE('',#8713,#8811);
#8811 = DEFINITIONAL_REPRESENTATION('',(#8812),#8815);
#8812 = B_SPLINE_CURVE_WITH_KNOTS('',1,(#8813,#8814),.UNSPECIFIED.,.F.,
  .F.,(2,2),(-28.5,-24.),.PIECEWISE_BEZIER_KNOTS.);
#8813 = CARTESIAN_POINT('',(58.,54.75));
#8814 = CARTESIAN_POINT('',(58.,50.25));
#8815 = ( GEOMETRIC_REPRESENTATION_CONTEXT(2)
PARAMETRIC_REPRESENTATION_CONTEXT() REPRESENTATION_CONTEXT('2D SPACE',''
  ) );
#8816 = PCURVE('',#8742,#8817);
#8817 = DEFINITIONAL_REPRESENTATION('',(#8818),#8821);
#8818 = B_SPLINE_CURVE_WITH_KNOTS('',1,(#8819,#8820),.UNSPECIFIED.,.F.,
  .F.,(2,2),(-28.5,-24.),.PIECEWISE_BEZIER_KNOTS.);
#8819 = CARTESIAN_POINT('',(2.25,-1.360581788205E-16));
#8820 = CARTESIAN_POINT('',(-2.25,-1.360581788205E-16));
#8821 = ( GEOMETRIC_REPRESENTATION_CONTEXT(2)
PARAMETRIC_REPRESENTATION_CONTEXT() REPRESENTATION_CONTEXT('2D SPACE',''
  ) );
#8822 = ORIENTED_EDGE('',*,*,#8823,.F.);
#8823 = EDGE_CURVE('',#8824,#8803,#8826,.T.);
#8824 = VERTEX_POINT('',#8825);
#8825 = CARTESIAN_POINT('',(11.25,1.530808498934E-16,-14.));
#8826 = SURFACE_CURVE('',#8827,(#8831,#8837),.PCURVE_S1.);
#8827 = LINE('',#8828,#8829);
#8828 = CARTESIAN_POINT('',(11.25,0.,-22.));
#8829 = VECTOR('',#8830,1.);
#8830 = DIRECTION('',(-0.,-0.,-1.));
#8831 = PCURVE('',#8713,#8832);
#8832 = DEFINITIONAL_REPRESENTATION('',(#8833),#8836);
#8833 = B_SPLINE_CURVE_WITH_KNOTS('',1,(#8834,#8835),.UNSPECIFIED.,.F.,
  .F.,(2,2),(-8.0000006,5.999999999062E-07),.PIECEWISE_BEZIER_KNOTS.);
#8834 = CARTESIAN_POINT('',(66.0000006,51.25));
#8835 = CARTESIAN_POINT('',(57.9999994,51.25));
#8836 = ( GEOMETRIC_REPRESENTATION_CONTEXT(2)
PARAMETRIC_REPRESENTATION_CONTEXT() REPRESENTATION_CONTEXT('2D SPACE',''
  ) );
#8837 = PCURVE('',#8838,#8843);
#8838 = CYLINDRICAL_SURFACE('',#8839,1.25);
#8839 = AXIS2_PLACEMENT_3D('',#8840,#8841,#8842);
#8840 = CARTESIAN_POINT('',(12.5,0.,-22.));
#8841 = DIRECTION('',(-0.,-0.,-1.));
#8842 = DIRECTION('',(1.,0.,0.));
#8843 = DEFINITIONAL_REPRESENTATION('',(#8844),#8847);
#8844 = B_SPLINE_CURVE_WITH_KNOTS('',1,(#8845,#8846),.UNSPECIFIED.,.F.,
  .F.,(2,2),(-8.0000006,5.999999999062E-07),.PIECEWISE_BEZIER_KNOTS.);
#8845 = CARTESIAN_POINT('',(-3.14159265359,-8.0000006));
#8846 = CARTESIAN_POINT('',(-3.14159265359,5.999999999062E-07));
#8847 = ( GEOMETRIC_REPRESENTATION_CONTEXT(2)
PARAMETRIC_REPRESENTATION_CONTEXT() REPRESENTATION_CONTEXT('2D SPACE',''
  ) );
#8848 = ORIENTED_EDGE('',*,*,#8849,.F.);
#8849 = EDGE_CURVE('',#8850,#8824,#8852,.T.);
#8850 = VERTEX_POINT('',#8851);
#8851 = CARTESIAN_POINT('',(13.75,0.,-14.));
#8852 = SURFACE_CURVE('',#8853,(#8857,#8863),.PCURVE_S1.);
#8853 = LINE('',#8854,#8855);
#8854 = CARTESIAN_POINT('',(-13.75,0.,-14.));
#8855 = VECTOR('',#8856,1.);
#8856 = DIRECTION('',(-1.,0.,0.));
#8857 = PCURVE('',#8713,#8858);
#8858 = DEFINITIONAL_REPRESENTATION('',(#8859),#8862);
#8859 = B_SPLINE_CURVE_WITH_KNOTS('',1,(#8860,#8861),.UNSPECIFIED.,.F.,
  .F.,(2,2),(-27.5,-25.),.PIECEWISE_BEZIER_KNOTS.);
#8860 = CARTESIAN_POINT('',(66.,53.75));
#8861 = CARTESIAN_POINT('',(66.,51.25));
#8862 = ( GEOMETRIC_REPRESENTATION_CONTEXT(2)
PARAMETRIC_REPRESENTATION_CONTEXT() REPRESENTATION_CONTEXT('2D SPACE',''
  ) );
#8863 = PCURVE('',#8864,#8869);
#8864 = PLANE('',#8865);
#8865 = AXIS2_PLACEMENT_3D('',#8866,#8867,#8868);
#8866 = CARTESIAN_POINT('',(12.5,8.571706328947E-17,-14.));
#8867 = DIRECTION('',(0.,0.,1.));
#8868 = DIRECTION('',(1.,0.,-0.));
#8869 = DEFINITIONAL_REPRESENTATION('',(#8870),#8873);
#8870 = B_SPLINE_CURVE_WITH_KNOTS('',1,(#8871,#8872),.UNSPECIFIED.,.F.,
  .F.,(2,2),(-27.5,-25.),.PIECEWISE_BEZIER_KNOTS.);
#8871 = CARTESIAN_POINT('',(1.25,-8.571706328947E-17));
#8872 = CARTESIAN_POINT('',(-1.25,-8.571706328947E-17));
#8873 = ( GEOMETRIC_REPRESENTATION_CONTEXT(2)
PARAMETRIC_REPRESENTATION_CONTEXT() REPRESENTATION_CONTEXT('2D SPACE',''
  ) );
#8874 = ORIENTED_EDGE('',*,*,#8875,.F.);
#8875 = EDGE_CURVE('',#8876,#8850,#8878,.T.);
#8876 = VERTEX_POINT('',#8877);
#8877 = CARTESIAN_POINT('',(13.75,0.,-22.));
#8878 = SURFACE_CURVE('',#8879,(#8883,#8890),.PCURVE_S1.);
#8879 = LINE('',#8880,#8881);
#8880 = CARTESIAN_POINT('',(13.75,0.,-22.));
#8881 = VECTOR('',#8882,1.);
#8882 = DIRECTION('',(0.,0.,1.));
#8883 = PCURVE('',#8713,#8884);
#8884 = DEFINITIONAL_REPRESENTATION('',(#8885),#8889);
#8885 = LINE('',#8886,#8887);
#8886 = CARTESIAN_POINT('',(58.,53.75));
#8887 = VECTOR('',#8888,1.);
#8888 = DIRECTION('',(1.,0.));
#8889 = ( GEOMETRIC_REPRESENTATION_CONTEXT(2)
PARAMETRIC_REPRESENTATION_CONTEXT() REPRESENTATION_CONTEXT('2D SPACE',''
  ) );
#8890 = PCURVE('',#8838,#8891);
#8891 = DEFINITIONAL_REPRESENTATION('',(#8892),#8896);
#8892 = LINE('',#8893,#8894);
#8893 = CARTESIAN_POINT('',(-0.,0.));
#8894 = VECTOR('',#8895,1.);
#8895 = DIRECTION('',(-0.,-1.));
#8896 = ( GEOMETRIC_REPRESENTATION_CONTEXT(2)
PARAMETRIC_REPRESENTATION_CONTEXT() REPRESENTATION_CONTEXT('2D SPACE',''
  ) );
#8897 = ORIENTED_EDGE('',*,*,#8898,.F.);
#8898 = EDGE_CURVE('',#8698,#8876,#8899,.T.);
#8899 = SURFACE_CURVE('',#8900,(#8904,#8910),.PCURVE_S1.);
#8900 = LINE('',#8901,#8902);
#8901 = CARTESIAN_POINT('',(-13.75,0.,-22.));
#8902 = VECTOR('',#8903,1.);
#8903 = DIRECTION('',(-1.,0.,0.));
#8904 = PCURVE('',#8713,#8905);
#8905 = DEFINITIONAL_REPRESENTATION('',(#8906),#8909);
#8906 = B_SPLINE_CURVE_WITH_KNOTS('',1,(#8907,#8908),.UNSPECIFIED.,.F.,
  .F.,(2,2),(-28.5,-24.),.PIECEWISE_BEZIER_KNOTS.);
#8907 = CARTESIAN_POINT('',(58.,54.75));
#8908 = CARTESIAN_POINT('',(58.,50.25));
#8909 = ( GEOMETRIC_REPRESENTATION_CONTEXT(2)
PARAMETRIC_REPRESENTATION_CONTEXT() REPRESENTATION_CONTEXT('2D SPACE',''
  ) );
#8910 = PCURVE('',#8742,#8911);
#8911 = DEFINITIONAL_REPRESENTATION('',(#8912),#8915);
#8912 = B_SPLINE_CURVE_WITH_KNOTS('',1,(#8913,#8914),.UNSPECIFIED.,.F.,
  .F.,(2,2),(-28.5,-24.),.PIECEWISE_BEZIER_KNOTS.);
#8913 = CARTESIAN_POINT('',(2.25,-1.360581788205E-16));
#8914 = CARTESIAN_POINT('',(-2.25,-1.360581788205E-16));
#8915 = ( GEOMETRIC_REPRESENTATION_CONTEXT(2)
PARAMETRIC_REPRESENTATION_CONTEXT() REPRESENTATION_CONTEXT('2D SPACE',''
  ) );
#8916 = ADVANCED_FACE('',(#8917),#8742,.T.);
#8917 = FACE_BOUND('',#8918,.T.);
#8918 = EDGE_LOOP('',(#8919,#8920,#8921,#8922));
#8919 = ORIENTED_EDGE('',*,*,#8898,.F.);
#8920 = ORIENTED_EDGE('',*,*,#8725,.T.);
#8921 = ORIENTED_EDGE('',*,*,#8802,.F.);
#8922 = ORIENTED_EDGE('',*,*,#8923,.F.);
#8923 = EDGE_CURVE('',#8876,#8803,#8924,.T.);
#8924 = SURFACE_CURVE('',#8925,(#8930,#8937),.PCURVE_S1.);
#8925 = CIRCLE('',#8926,1.25);
#8926 = AXIS2_PLACEMENT_3D('',#8927,#8928,#8929);
#8927 = CARTESIAN_POINT('',(12.5,0.,-22.));
#8928 = DIRECTION('',(0.,0.,1.));
#8929 = DIRECTION('',(1.,0.,0.));
#8930 = PCURVE('',#8742,#8931);
#8931 = DEFINITIONAL_REPRESENTATION('',(#8932),#8936);
#8932 = CIRCLE('',#8933,1.25);
#8933 = AXIS2_PLACEMENT_2D('',#8934,#8935);
#8934 = CARTESIAN_POINT('',(1.7763568394E-15,-1.360581788205E-16));
#8935 = DIRECTION('',(1.,0.));
#8936 = ( GEOMETRIC_REPRESENTATION_CONTEXT(2)
PARAMETRIC_REPRESENTATION_CONTEXT() REPRESENTATION_CONTEXT('2D SPACE',''
  ) );
#8937 = PCURVE('',#8838,#8938);
#8938 = DEFINITIONAL_REPRESENTATION('',(#8939),#8943);
#8939 = LINE('',#8940,#8941);
#8940 = CARTESIAN_POINT('',(-0.,0.));
#8941 = VECTOR('',#8942,1.);
#8942 = DIRECTION('',(-1.,0.));
#8943 = ( GEOMETRIC_REPRESENTATION_CONTEXT(2)
PARAMETRIC_REPRESENTATION_CONTEXT() REPRESENTATION_CONTEXT('2D SPACE',''
  ) );
#8944 = ADVANCED_FACE('',(#8945),#8838,.T.);
#8945 = FACE_BOUND('',#8946,.F.);
#8946 = EDGE_LOOP('',(#8947,#8948,#8949,#8971));
#8947 = ORIENTED_EDGE('',*,*,#8923,.F.);
#8948 = ORIENTED_EDGE('',*,*,#8875,.T.);
#8949 = ORIENTED_EDGE('',*,*,#8950,.T.);
#8950 = EDGE_CURVE('',#8850,#8824,#8951,.T.);
#8951 = SURFACE_CURVE('',#8952,(#8957,#8964),.PCURVE_S1.);
#8952 = CIRCLE('',#8953,1.25);
#8953 = AXIS2_PLACEMENT_3D('',#8954,#8955,#8956);
#8954 = CARTESIAN_POINT('',(12.5,0.,-14.));
#8955 = DIRECTION('',(0.,0.,1.));
#8956 = DIRECTION('',(1.,0.,0.));
#8957 = PCURVE('',#8838,#8958);
#8958 = DEFINITIONAL_REPRESENTATION('',(#8959),#8963);
#8959 = LINE('',#8960,#8961);
#8960 = CARTESIAN_POINT('',(-0.,-8.));
#8961 = VECTOR('',#8962,1.);
#8962 = DIRECTION('',(-1.,0.));
#8963 = ( GEOMETRIC_REPRESENTATION_CONTEXT(2)
PARAMETRIC_REPRESENTATION_CONTEXT() REPRESENTATION_CONTEXT('2D SPACE',''
  ) );
#8964 = PCURVE('',#8864,#8965);
#8965 = DEFINITIONAL_REPRESENTATION('',(#8966),#8970);
#8966 = CIRCLE('',#8967,1.25);
#8967 = AXIS2_PLACEMENT_2D('',#8968,#8969);
#8968 = CARTESIAN_POINT('',(1.7763568394E-15,-8.571706328947E-17));
#8969 = DIRECTION('',(1.,0.));
#8970 = ( GEOMETRIC_REPRESENTATION_CONTEXT(2)
PARAMETRIC_REPRESENTATION_CONTEXT() REPRESENTATION_CONTEXT('2D SPACE',''
  ) );
#8971 = ORIENTED_EDGE('',*,*,#8823,.T.);
#8972 = ADVANCED_FACE('',(#8973),#8864,.T.);
#8973 = FACE_BOUND('',#8974,.T.);
#8974 = EDGE_LOOP('',(#8975,#8976));
#8975 = ORIENTED_EDGE('',*,*,#8849,.F.);
#8976 = ORIENTED_EDGE('',*,*,#8950,.T.);
#8977 = ( GEOMETRIC_REPRESENTATION_CONTEXT(3)
GLOBAL_UNCERTAINTY_ASSIGNED_CONTEXT((#8981))
GLOBAL_UNIT_ASSIGNED_CONTEXT((#8978,#8979,#8980)) REPRESENTATION_CONTEXT
('Context #1','3D Context with UNIT and UNCERTAINTY') );
#8978 = ( LENGTH_UNIT() NAMED_UNIT(*) SI_UNIT(.MILLI.,.METRE.) );
#8979 = ( NAMED_UNIT(*) PLANE_ANGLE_UNIT() SI_UNIT($,.RADIAN.) );
#8980 = ( NAMED_UNIT(*) SI_UNIT($,.STERADIAN.) SOLID_ANGLE_UNIT() );
#8981 = UNCERTAINTY_MEASURE_WITH_UNIT(LENGTH_MEASURE(2.E-07),#8978,
  'distance_accuracy_value','confusion accuracy');
#8982 = CONTEXT_DEPENDENT_SHAPE_REPRESENTATION(#8983,#8985);
#8983 = ( REPRESENTATION_RELATIONSHIP('','',#8654,#10)
REPRESENTATION_RELATIONSHIP_WITH_TRANSFORMATION(#8984)
SHAPE_REPRESENTATION_RELATIONSHIP() );
#8984 = ITEM_DEFINED_TRANSFORMATION('','',#11,#71);
#8985 = PRODUCT_DEFINITION_SHAPE('Placement','Placement of an item',
  #8986);
#8986 = NEXT_ASSEMBLY_USAGE_OCCURRENCE('103',
  'mount_M2p5x8_screw_1_thread_envelope','',#5,#8649,$);
#8987 = PRODUCT_RELATED_PRODUCT_CATEGORY('part',$,(#8651));
#8988 = SHAPE_DEFINITION_REPRESENTATION(#8989,#8995);
#8989 = PRODUCT_DEFINITION_SHAPE('','',#8990);
#8990 = PRODUCT_DEFINITION('design','',#8991,#8994);
#8991 = PRODUCT_DEFINITION_FORMATION('','',#8992);
#8992 = PRODUCT('mount_M2p5x8_screw_2_thread_envelope',
  'mount_M2p5x8_screw_2_thread_envelope','',(#8993));
#8993 = PRODUCT_CONTEXT('',#2,'mechanical');
#8994 = PRODUCT_DEFINITION_CONTEXT('part definition',#2,'design');
#8995 = ADVANCED_BREP_SHAPE_REPRESENTATION('',(#11,#8996),#9184);
#8996 = MANIFOLD_SOLID_BREP('',#8997);
#8997 = CLOSED_SHELL('',(#8998,#9086,#9090,#9125,#9180));
#8998 = ADVANCED_FACE('',(#8999),#9013,.T.);
#8999 = FACE_BOUND('',#9000,.F.);
#9000 = EDGE_LOOP('',(#9001,#9031,#9058,#9059));
#9001 = ORIENTED_EDGE('',*,*,#9002,.T.);
#9002 = EDGE_CURVE('',#9003,#9005,#9007,.T.);
#9003 = VERTEX_POINT('',#9004);
#9004 = CARTESIAN_POINT('',(-4.,10.825317547305,-24.5));
#9005 = VERTEX_POINT('',#9006);
#9006 = CARTESIAN_POINT('',(-4.,10.825317547305,-22.));
#9007 = SEAM_CURVE('',#9008,(#9012,#9024),.PCURVE_S1.);
#9008 = LINE('',#9009,#9010);
#9009 = CARTESIAN_POINT('',(-4.,10.825317547305,-24.5));
#9010 = VECTOR('',#9011,1.);
#9011 = DIRECTION('',(0.,0.,1.));
#9012 = PCURVE('',#9013,#9018);
#9013 = CYLINDRICAL_SURFACE('',#9014,2.25);
#9014 = AXIS2_PLACEMENT_3D('',#9015,#9016,#9017);
#9015 = CARTESIAN_POINT('',(-6.25,10.825317547305,-24.5));
#9016 = DIRECTION('',(-0.,-0.,-1.));
#9017 = DIRECTION('',(1.,0.,0.));
#9018 = DEFINITIONAL_REPRESENTATION('',(#9019),#9023);
#9019 = LINE('',#9020,#9021);
#9020 = CARTESIAN_POINT('',(-0.,0.));
#9021 = VECTOR('',#9022,1.);
#9022 = DIRECTION('',(-0.,-1.));
#9023 = ( GEOMETRIC_REPRESENTATION_CONTEXT(2)
PARAMETRIC_REPRESENTATION_CONTEXT() REPRESENTATION_CONTEXT('2D SPACE',''
  ) );
#9024 = PCURVE('',#9013,#9025);
#9025 = DEFINITIONAL_REPRESENTATION('',(#9026),#9030);
#9026 = LINE('',#9027,#9028);
#9027 = CARTESIAN_POINT('',(-6.28318530718,0.));
#9028 = VECTOR('',#9029,1.);
#9029 = DIRECTION('',(-0.,-1.));
#9030 = ( GEOMETRIC_REPRESENTATION_CONTEXT(2)
PARAMETRIC_REPRESENTATION_CONTEXT() REPRESENTATION_CONTEXT('2D SPACE',''
  ) );
#9031 = ORIENTED_EDGE('',*,*,#9032,.T.);
#9032 = EDGE_CURVE('',#9005,#9005,#9033,.T.);
#9033 = SURFACE_CURVE('',#9034,(#9039,#9046),.PCURVE_S1.);
#9034 = CIRCLE('',#9035,2.25);
#9035 = AXIS2_PLACEMENT_3D('',#9036,#9037,#9038);
#9036 = CARTESIAN_POINT('',(-6.25,10.825317547305,-22.));
#9037 = DIRECTION('',(0.,0.,1.));
#9038 = DIRECTION('',(1.,0.,0.));
#9039 = PCURVE('',#9013,#9040);
#9040 = DEFINITIONAL_REPRESENTATION('',(#9041),#9045);
#9041 = LINE('',#9042,#9043);
#9042 = CARTESIAN_POINT('',(-0.,-2.5));
#9043 = VECTOR('',#9044,1.);
#9044 = DIRECTION('',(-1.,0.));
#9045 = ( GEOMETRIC_REPRESENTATION_CONTEXT(2)
PARAMETRIC_REPRESENTATION_CONTEXT() REPRESENTATION_CONTEXT('2D SPACE',''
  ) );
#9046 = PCURVE('',#9047,#9052);
#9047 = PLANE('',#9048);
#9048 = AXIS2_PLACEMENT_3D('',#9049,#9050,#9051);
#9049 = CARTESIAN_POINT('',(-6.25,10.825317547305,-22.));
#9050 = DIRECTION('',(0.,0.,1.));
#9051 = DIRECTION('',(1.,0.,-0.));
#9052 = DEFINITIONAL_REPRESENTATION('',(#9053),#9057);
#9053 = CIRCLE('',#9054,2.25);
#9054 = AXIS2_PLACEMENT_2D('',#9055,#9056);
#9055 = CARTESIAN_POINT('',(0.,0.));
#9056 = DIRECTION('',(1.,0.));
#9057 = ( GEOMETRIC_REPRESENTATION_CONTEXT(2)
PARAMETRIC_REPRESENTATION_CONTEXT() REPRESENTATION_CONTEXT('2D SPACE',''
  ) );
#9058 = ORIENTED_EDGE('',*,*,#9002,.F.);
#9059 = ORIENTED_EDGE('',*,*,#9060,.F.);
#9060 = EDGE_CURVE('',#9003,#9003,#9061,.T.);
#9061 = SURFACE_CURVE('',#9062,(#9067,#9074),.PCURVE_S1.);
#9062 = CIRCLE('',#9063,2.25);
#9063 = AXIS2_PLACEMENT_3D('',#9064,#9065,#9066);
#9064 = CARTESIAN_POINT('',(-6.25,10.825317547305,-24.5));
#9065 = DIRECTION('',(0.,0.,1.));
#9066 = DIRECTION('',(1.,0.,0.));
#9067 = PCURVE('',#9013,#9068);
#9068 = DEFINITIONAL_REPRESENTATION('',(#9069),#9073);
#9069 = LINE('',#9070,#9071);
#9070 = CARTESIAN_POINT('',(-0.,0.));
#9071 = VECTOR('',#9072,1.);
#9072 = DIRECTION('',(-1.,0.));
#9073 = ( GEOMETRIC_REPRESENTATION_CONTEXT(2)
PARAMETRIC_REPRESENTATION_CONTEXT() REPRESENTATION_CONTEXT('2D SPACE',''
  ) );
#9074 = PCURVE('',#9075,#9080);
#9075 = PLANE('',#9076);
#9076 = AXIS2_PLACEMENT_3D('',#9077,#9078,#9079);
#9077 = CARTESIAN_POINT('',(-6.25,10.825317547305,-24.5));
#9078 = DIRECTION('',(0.,0.,1.));
#9079 = DIRECTION('',(1.,0.,-0.));
#9080 = DEFINITIONAL_REPRESENTATION('',(#9081),#9085);
#9081 = CIRCLE('',#9082,2.25);
#9082 = AXIS2_PLACEMENT_2D('',#9083,#9084);
#9083 = CARTESIAN_POINT('',(0.,0.));
#9084 = DIRECTION('',(1.,0.));
#9085 = ( GEOMETRIC_REPRESENTATION_CONTEXT(2)
PARAMETRIC_REPRESENTATION_CONTEXT() REPRESENTATION_CONTEXT('2D SPACE',''
  ) );
#9086 = ADVANCED_FACE('',(#9087),#9075,.F.);
#9087 = FACE_BOUND('',#9088,.F.);
#9088 = EDGE_LOOP('',(#9089));
#9089 = ORIENTED_EDGE('',*,*,#9060,.T.);
#9090 = ADVANCED_FACE('',(#9091,#9094),#9047,.T.);
#9091 = FACE_BOUND('',#9092,.T.);
#9092 = EDGE_LOOP('',(#9093));
#9093 = ORIENTED_EDGE('',*,*,#9032,.T.);
#9094 = FACE_BOUND('',#9095,.T.);
#9095 = EDGE_LOOP('',(#9096));
#9096 = ORIENTED_EDGE('',*,*,#9097,.F.);
#9097 = EDGE_CURVE('',#9098,#9098,#9100,.T.);
#9098 = VERTEX_POINT('',#9099);
#9099 = CARTESIAN_POINT('',(-5.,10.825317547305,-22.));
#9100 = SURFACE_CURVE('',#9101,(#9106,#9113),.PCURVE_S1.);
#9101 = CIRCLE('',#9102,1.25);
#9102 = AXIS2_PLACEMENT_3D('',#9103,#9104,#9105);
#9103 = CARTESIAN_POINT('',(-6.25,10.825317547305,-22.));
#9104 = DIRECTION('',(0.,0.,1.));
#9105 = DIRECTION('',(1.,0.,0.));
#9106 = PCURVE('',#9047,#9107);
#9107 = DEFINITIONAL_REPRESENTATION('',(#9108),#9112);
#9108 = CIRCLE('',#9109,1.25);
#9109 = AXIS2_PLACEMENT_2D('',#9110,#9111);
#9110 = CARTESIAN_POINT('',(0.,0.));
#9111 = DIRECTION('',(1.,0.));
#9112 = ( GEOMETRIC_REPRESENTATION_CONTEXT(2)
PARAMETRIC_REPRESENTATION_CONTEXT() REPRESENTATION_CONTEXT('2D SPACE',''
  ) );
#9113 = PCURVE('',#9114,#9119);
#9114 = CYLINDRICAL_SURFACE('',#9115,1.25);
#9115 = AXIS2_PLACEMENT_3D('',#9116,#9117,#9118);
#9116 = CARTESIAN_POINT('',(-6.25,10.825317547305,-22.));
#9117 = DIRECTION('',(-0.,-0.,-1.));
#9118 = DIRECTION('',(1.,0.,0.));
#9119 = DEFINITIONAL_REPRESENTATION('',(#9120),#9124);
#9120 = LINE('',#9121,#9122);
#9121 = CARTESIAN_POINT('',(-0.,0.));
#9122 = VECTOR('',#9123,1.);
#9123 = DIRECTION('',(-1.,0.));
#9124 = ( GEOMETRIC_REPRESENTATION_CONTEXT(2)
PARAMETRIC_REPRESENTATION_CONTEXT() REPRESENTATION_CONTEXT('2D SPACE',''
  ) );
#9125 = ADVANCED_FACE('',(#9126),#9114,.T.);
#9126 = FACE_BOUND('',#9127,.F.);
#9127 = EDGE_LOOP('',(#9128,#9151,#9178,#9179));
#9128 = ORIENTED_EDGE('',*,*,#9129,.T.);
#9129 = EDGE_CURVE('',#9098,#9130,#9132,.T.);
#9130 = VERTEX_POINT('',#9131);
#9131 = CARTESIAN_POINT('',(-5.,10.825317547305,-14.));
#9132 = SEAM_CURVE('',#9133,(#9137,#9144),.PCURVE_S1.);
#9133 = LINE('',#9134,#9135);
#9134 = CARTESIAN_POINT('',(-5.,10.825317547305,-22.));
#9135 = VECTOR('',#9136,1.);
#9136 = DIRECTION('',(0.,0.,1.));
#9137 = PCURVE('',#9114,#9138);
#9138 = DEFINITIONAL_REPRESENTATION('',(#9139),#9143);
#9139 = LINE('',#9140,#9141);
#9140 = CARTESIAN_POINT('',(-0.,0.));
#9141 = VECTOR('',#9142,1.);
#9142 = DIRECTION('',(-0.,-1.));
#9143 = ( GEOMETRIC_REPRESENTATION_CONTEXT(2)
PARAMETRIC_REPRESENTATION_CONTEXT() REPRESENTATION_CONTEXT('2D SPACE',''
  ) );
#9144 = PCURVE('',#9114,#9145);
#9145 = DEFINITIONAL_REPRESENTATION('',(#9146),#9150);
#9146 = LINE('',#9147,#9148);
#9147 = CARTESIAN_POINT('',(-6.28318530718,0.));
#9148 = VECTOR('',#9149,1.);
#9149 = DIRECTION('',(-0.,-1.));
#9150 = ( GEOMETRIC_REPRESENTATION_CONTEXT(2)
PARAMETRIC_REPRESENTATION_CONTEXT() REPRESENTATION_CONTEXT('2D SPACE',''
  ) );
#9151 = ORIENTED_EDGE('',*,*,#9152,.T.);
#9152 = EDGE_CURVE('',#9130,#9130,#9153,.T.);
#9153 = SURFACE_CURVE('',#9154,(#9159,#9166),.PCURVE_S1.);
#9154 = CIRCLE('',#9155,1.25);
#9155 = AXIS2_PLACEMENT_3D('',#9156,#9157,#9158);
#9156 = CARTESIAN_POINT('',(-6.25,10.825317547305,-14.));
#9157 = DIRECTION('',(0.,0.,1.));
#9158 = DIRECTION('',(1.,0.,0.));
#9159 = PCURVE('',#9114,#9160);
#9160 = DEFINITIONAL_REPRESENTATION('',(#9161),#9165);
#9161 = LINE('',#9162,#9163);
#9162 = CARTESIAN_POINT('',(-0.,-8.));
#9163 = VECTOR('',#9164,1.);
#9164 = DIRECTION('',(-1.,0.));
#9165 = ( GEOMETRIC_REPRESENTATION_CONTEXT(2)
PARAMETRIC_REPRESENTATION_CONTEXT() REPRESENTATION_CONTEXT('2D SPACE',''
  ) );
#9166 = PCURVE('',#9167,#9172);
#9167 = PLANE('',#9168);
#9168 = AXIS2_PLACEMENT_3D('',#9169,#9170,#9171);
#9169 = CARTESIAN_POINT('',(-6.25,10.825317547305,-14.));
#9170 = DIRECTION('',(0.,0.,1.));
#9171 = DIRECTION('',(1.,0.,-0.));
#9172 = DEFINITIONAL_REPRESENTATION('',(#9173),#9177);
#9173 = CIRCLE('',#9174,1.25);
#9174 = AXIS2_PLACEMENT_2D('',#9175,#9176);
#9175 = CARTESIAN_POINT('',(0.,0.));
#9176 = DIRECTION('',(1.,0.));
#9177 = ( GEOMETRIC_REPRESENTATION_CONTEXT(2)
PARAMETRIC_REPRESENTATION_CONTEXT() REPRESENTATION_CONTEXT('2D SPACE',''
  ) );
#9178 = ORIENTED_EDGE('',*,*,#9129,.F.);
#9179 = ORIENTED_EDGE('',*,*,#9097,.F.);
#9180 = ADVANCED_FACE('',(#9181),#9167,.T.);
#9181 = FACE_BOUND('',#9182,.T.);
#9182 = EDGE_LOOP('',(#9183));
#9183 = ORIENTED_EDGE('',*,*,#9152,.T.);
#9184 = ( GEOMETRIC_REPRESENTATION_CONTEXT(3)
GLOBAL_UNCERTAINTY_ASSIGNED_CONTEXT((#9188))
GLOBAL_UNIT_ASSIGNED_CONTEXT((#9185,#9186,#9187)) REPRESENTATION_CONTEXT
('Context #1','3D Context with UNIT and UNCERTAINTY') );
#9185 = ( LENGTH_UNIT() NAMED_UNIT(*) SI_UNIT(.MILLI.,.METRE.) );
#9186 = ( NAMED_UNIT(*) PLANE_ANGLE_UNIT() SI_UNIT($,.RADIAN.) );
#9187 = ( NAMED_UNIT(*) SI_UNIT($,.STERADIAN.) SOLID_ANGLE_UNIT() );
#9188 = UNCERTAINTY_MEASURE_WITH_UNIT(LENGTH_MEASURE(1.E-07),#9185,
  'distance_accuracy_value','confusion accuracy');
#9189 = CONTEXT_DEPENDENT_SHAPE_REPRESENTATION(#9190,#9192);
#9190 = ( REPRESENTATION_RELATIONSHIP('','',#8995,#10)
REPRESENTATION_RELATIONSHIP_WITH_TRANSFORMATION(#9191)
SHAPE_REPRESENTATION_RELATIONSHIP() );
#9191 = ITEM_DEFINED_TRANSFORMATION('','',#11,#75);
#9192 = PRODUCT_DEFINITION_SHAPE('Placement','Placement of an item',
  #9193);
#9193 = NEXT_ASSEMBLY_USAGE_OCCURRENCE('104',
  'mount_M2p5x8_screw_2_thread_envelope','',#5,#8990,$);
#9194 = PRODUCT_RELATED_PRODUCT_CATEGORY('part',$,(#8992));
#9195 = SHAPE_DEFINITION_REPRESENTATION(#9196,#9202);
#9196 = PRODUCT_DEFINITION_SHAPE('','',#9197);
#9197 = PRODUCT_DEFINITION('design','',#9198,#9201);
#9198 = PRODUCT_DEFINITION_FORMATION('','',#9199);
#9199 = PRODUCT('M6_gland_body_thread_envelope',
  'M6_gland_body_thread_envelope','',(#9200));
#9200 = PRODUCT_CONTEXT('',#2,'mechanical');
#9201 = PRODUCT_DEFINITION_CONTEXT('part definition',#2,'design');
#9202 = ADVANCED_BREP_SHAPE_REPRESENTATION('',(#11,#9203),#9837);
#9203 = MANIFOLD_SOLID_BREP('',#9204);
#9204 = CLOSED_SHELL('',(#9205,#9325,#9451,#9527,#9608,#9680,#9728,#9776
    ,#9801,#9828));
#9205 = ADVANCED_FACE('',(#9206),#9220,.F.);
#9206 = FACE_BOUND('',#9207,.F.);
#9207 = EDGE_LOOP('',(#9208,#9243,#9271,#9299));
#9208 = ORIENTED_EDGE('',*,*,#9209,.T.);
#9209 = EDGE_CURVE('',#9210,#9212,#9214,.T.);
#9210 = VERTEX_POINT('',#9211);
#9211 = CARTESIAN_POINT('',(4.,0.,-39.));
#9212 = VERTEX_POINT('',#9213);
#9213 = CARTESIAN_POINT('',(4.,0.,-33.));
#9214 = SURFACE_CURVE('',#9215,(#9219,#9231),.PCURVE_S1.);
#9215 = LINE('',#9216,#9217);
#9216 = CARTESIAN_POINT('',(4.,0.,-39.));
#9217 = VECTOR('',#9218,1.);
#9218 = DIRECTION('',(0.,0.,1.));
#9219 = PCURVE('',#9220,#9225);
#9220 = PLANE('',#9221);
#9221 = AXIS2_PLACEMENT_3D('',#9222,#9223,#9224);
#9222 = CARTESIAN_POINT('',(4.,0.,-39.));
#9223 = DIRECTION('',(-0.866025403784,-0.5,0.));
#9224 = DIRECTION('',(-0.5,0.866025403784,0.));
#9225 = DEFINITIONAL_REPRESENTATION('',(#9226),#9230);
#9226 = LINE('',#9227,#9228);
#9227 = CARTESIAN_POINT('',(0.,0.));
#9228 = VECTOR('',#9229,1.);
#9229 = DIRECTION('',(0.,-1.));
#9230 = ( GEOMETRIC_REPRESENTATION_CONTEXT(2)
PARAMETRIC_REPRESENTATION_CONTEXT() REPRESENTATION_CONTEXT('2D SPACE',''
  ) );
#9231 = PCURVE('',#9232,#9237);
#9232 = PLANE('',#9233);
#9233 = AXIS2_PLACEMENT_3D('',#9234,#9235,#9236);
#9234 = CARTESIAN_POINT('',(-40.,0.,-80.));
#9235 = DIRECTION('',(0.,1.,0.));
#9236 = DIRECTION('',(0.,0.,1.));
#9237 = DEFINITIONAL_REPRESENTATION('',(#9238),#9242);
#9238 = LINE('',#9239,#9240);
#9239 = CARTESIAN_POINT('',(41.,44.));
#9240 = VECTOR('',#9241,1.);
#9241 = DIRECTION('',(1.,0.));
#9242 = ( GEOMETRIC_REPRESENTATION_CONTEXT(2)
PARAMETRIC_REPRESENTATION_CONTEXT() REPRESENTATION_CONTEXT('2D SPACE',''
  ) );
#9243 = ORIENTED_EDGE('',*,*,#9244,.T.);
#9244 = EDGE_CURVE('',#9212,#9245,#9247,.T.);
#9245 = VERTEX_POINT('',#9246);
#9246 = CARTESIAN_POINT('',(2.,3.464101615138,-33.));
#9247 = SURFACE_CURVE('',#9248,(#9252,#9259),.PCURVE_S1.);
#9248 = LINE('',#9249,#9250);
#9249 = CARTESIAN_POINT('',(4.,0.,-33.));
#9250 = VECTOR('',#9251,1.);
#9251 = DIRECTION('',(-0.5,0.866025403784,0.));
#9252 = PCURVE('',#9220,#9253);
#9253 = DEFINITIONAL_REPRESENTATION('',(#9254),#9258);
#9254 = LINE('',#9255,#9256);
#9255 = CARTESIAN_POINT('',(0.,-6.));
#9256 = VECTOR('',#9257,1.);
#9257 = DIRECTION('',(1.,0.));
#9258 = ( GEOMETRIC_REPRESENTATION_CONTEXT(2)
PARAMETRIC_REPRESENTATION_CONTEXT() REPRESENTATION_CONTEXT('2D SPACE',''
  ) );
#9259 = PCURVE('',#9260,#9265);
#9260 = PLANE('',#9261);
#9261 = AXIS2_PLACEMENT_3D('',#9262,#9263,#9264);
#9262 = CARTESIAN_POINT('',(-2.22044604925E-16,1.1828140033E-16,-33.));
#9263 = DIRECTION('',(0.,0.,1.));
#9264 = DIRECTION('',(1.,0.,-0.));
#9265 = DEFINITIONAL_REPRESENTATION('',(#9266),#9270);
#9266 = LINE('',#9267,#9268);
#9267 = CARTESIAN_POINT('',(4.,-1.1828140033E-16));
#9268 = VECTOR('',#9269,1.);
#9269 = DIRECTION('',(-0.5,0.866025403784));
#9270 = ( GEOMETRIC_REPRESENTATION_CONTEXT(2)
PARAMETRIC_REPRESENTATION_CONTEXT() REPRESENTATION_CONTEXT('2D SPACE',''
  ) );
#9271 = ORIENTED_EDGE('',*,*,#9272,.F.);
#9272 = EDGE_CURVE('',#9273,#9245,#9275,.T.);
#9273 = VERTEX_POINT('',#9274);
#9274 = CARTESIAN_POINT('',(2.,3.464101615138,-39.));
#9275 = SURFACE_CURVE('',#9276,(#9280,#9287),.PCURVE_S1.);
#9276 = LINE('',#9277,#9278);
#9277 = CARTESIAN_POINT('',(2.,3.464101615138,-39.));
#9278 = VECTOR('',#9279,1.);
#9279 = DIRECTION('',(0.,0.,1.));
#9280 = PCURVE('',#9220,#9281);
#9281 = DEFINITIONAL_REPRESENTATION('',(#9282),#9286);
#9282 = LINE('',#9283,#9284);
#9283 = CARTESIAN_POINT('',(4.,0.));
#9284 = VECTOR('',#9285,1.);
#9285 = DIRECTION('',(0.,-1.));
#9286 = ( GEOMETRIC_REPRESENTATION_CONTEXT(2)
PARAMETRIC_REPRESENTATION_CONTEXT() REPRESENTATION_CONTEXT('2D SPACE',''
  ) );
#9287 = PCURVE('',#9288,#9293);
#9288 = PLANE('',#9289);
#9289 = AXIS2_PLACEMENT_3D('',#9290,#9291,#9292);
#9290 = CARTESIAN_POINT('',(2.,3.464101615138,-39.));
#9291 = DIRECTION('',(-1.110223024625E-16,-1.,0.));
#9292 = DIRECTION('',(-1.,1.110223024625E-16,0.));
#9293 = DEFINITIONAL_REPRESENTATION('',(#9294),#9298);
#9294 = LINE('',#9295,#9296);
#9295 = CARTESIAN_POINT('',(0.,0.));
#9296 = VECTOR('',#9297,1.);
#9297 = DIRECTION('',(0.,-1.));
#9298 = ( GEOMETRIC_REPRESENTATION_CONTEXT(2)
PARAMETRIC_REPRESENTATION_CONTEXT() REPRESENTATION_CONTEXT('2D SPACE',''
  ) );
#9299 = ORIENTED_EDGE('',*,*,#9300,.F.);
#9300 = EDGE_CURVE('',#9210,#9273,#9301,.T.);
#9301 = SURFACE_CURVE('',#9302,(#9306,#9313),.PCURVE_S1.);
#9302 = LINE('',#9303,#9304);
#9303 = CARTESIAN_POINT('',(4.,0.,-39.));
#9304 = VECTOR('',#9305,1.);
#9305 = DIRECTION('',(-0.5,0.866025403784,0.));
#9306 = PCURVE('',#9220,#9307);
#9307 = DEFINITIONAL_REPRESENTATION('',(#9308),#9312);
#9308 = LINE('',#9309,#9310);
#9309 = CARTESIAN_POINT('',(0.,0.));
#9310 = VECTOR('',#9311,1.);
#9311 = DIRECTION('',(1.,0.));
#9312 = ( GEOMETRIC_REPRESENTATION_CONTEXT(2)
PARAMETRIC_REPRESENTATION_CONTEXT() REPRESENTATION_CONTEXT('2D SPACE',''
  ) );
#9313 = PCURVE('',#9314,#9319);
#9314 = PLANE('',#9315);
#9315 = AXIS2_PLACEMENT_3D('',#9316,#9317,#9318);
#9316 = CARTESIAN_POINT('',(-2.22044604925E-16,1.1828140033E-16,-39.));
#9317 = DIRECTION('',(0.,0.,1.));
#9318 = DIRECTION('',(1.,0.,-0.));
#9319 = DEFINITIONAL_REPRESENTATION('',(#9320),#9324);
#9320 = LINE('',#9321,#9322);
#9321 = CARTESIAN_POINT('',(4.,-1.1828140033E-16));
#9322 = VECTOR('',#9323,1.);
#9323 = DIRECTION('',(-0.5,0.866025403784));
#9324 = ( GEOMETRIC_REPRESENTATION_CONTEXT(2)
PARAMETRIC_REPRESENTATION_CONTEXT() REPRESENTATION_CONTEXT('2D SPACE',''
  ) );
#9325 = ADVANCED_FACE('',(#9326),#9232,.F.);
#9326 = FACE_BOUND('',#9327,.F.);
#9327 = EDGE_LOOP('',(#9328,#9329,#9350,#9378,#9404,#9432));
#9328 = ORIENTED_EDGE('',*,*,#9209,.F.);
#9329 = ORIENTED_EDGE('',*,*,#9330,.T.);
#9330 = EDGE_CURVE('',#9210,#9331,#9333,.T.);
#9331 = VERTEX_POINT('',#9332);
#9332 = CARTESIAN_POINT('',(1.5,0.,-39.));
#9333 = SURFACE_CURVE('',#9334,(#9338,#9344),.PCURVE_S1.);
#9334 = LINE('',#9335,#9336);
#9335 = CARTESIAN_POINT('',(-20.,0.,-39.));
#9336 = VECTOR('',#9337,1.);
#9337 = DIRECTION('',(-1.,0.,0.));
#9338 = PCURVE('',#9232,#9339);
#9339 = DEFINITIONAL_REPRESENTATION('',(#9340),#9343);
#9340 = B_SPLINE_CURVE_WITH_KNOTS('',1,(#9341,#9342),.UNSPECIFIED.,.F.,
  .F.,(2,2),(-24.,-16.),.PIECEWISE_BEZIER_KNOTS.);
#9341 = CARTESIAN_POINT('',(41.,44.));
#9342 = CARTESIAN_POINT('',(41.,36.));
#9343 = ( GEOMETRIC_REPRESENTATION_CONTEXT(2)
PARAMETRIC_REPRESENTATION_CONTEXT() REPRESENTATION_CONTEXT('2D SPACE',''
  ) );
#9344 = PCURVE('',#9314,#9345);
#9345 = DEFINITIONAL_REPRESENTATION('',(#9346),#9349);
#9346 = B_SPLINE_CURVE_WITH_KNOTS('',1,(#9347,#9348),.UNSPECIFIED.,.F.,
  .F.,(2,2),(-24.,-16.),.PIECEWISE_BEZIER_KNOTS.);
#9347 = CARTESIAN_POINT('',(4.,-1.1828140033E-16));
#9348 = CARTESIAN_POINT('',(-4.,-1.1828140033E-16));
#9349 = ( GEOMETRIC_REPRESENTATION_CONTEXT(2)
PARAMETRIC_REPRESENTATION_CONTEXT() REPRESENTATION_CONTEXT('2D SPACE',''
  ) );
#9350 = ORIENTED_EDGE('',*,*,#9351,.T.);
#9351 = EDGE_CURVE('',#9331,#9352,#9354,.T.);
#9352 = VERTEX_POINT('',#9353);
#9353 = CARTESIAN_POINT('',(1.5,1.651792145905E-16,-31.));
#9354 = SURFACE_CURVE('',#9355,(#9359,#9366),.PCURVE_S1.);
#9355 = LINE('',#9356,#9357);
#9356 = CARTESIAN_POINT('',(1.5,0.,-39.));
#9357 = VECTOR('',#9358,1.);
#9358 = DIRECTION('',(1.7763568394E-15,2.064740182382E-17,1.));
#9359 = PCURVE('',#9232,#9360);
#9360 = DEFINITIONAL_REPRESENTATION('',(#9361),#9365);
#9361 = LINE('',#9362,#9363);
#9362 = CARTESIAN_POINT('',(41.,41.5));
#9363 = VECTOR('',#9364,1.);
#9364 = DIRECTION('',(1.,1.7763568394E-15));
#9365 = ( GEOMETRIC_REPRESENTATION_CONTEXT(2)
PARAMETRIC_REPRESENTATION_CONTEXT() REPRESENTATION_CONTEXT('2D SPACE',''
  ) );
#9366 = PCURVE('',#9367,#9372);
#9367 = CYLINDRICAL_SURFACE('',#9368,1.5);
#9368 = AXIS2_PLACEMENT_3D('',#9369,#9370,#9371);
#9369 = CARTESIAN_POINT('',(0.,0.,-40.));
#9370 = DIRECTION('',(-0.,-0.,-1.));
#9371 = DIRECTION('',(1.,0.,0.));
#9372 = DEFINITIONAL_REPRESENTATION('',(#9373),#9377);
#9373 = LINE('',#9374,#9375);
#9374 = CARTESIAN_POINT('',(-0.,-1.));
#9375 = VECTOR('',#9376,1.);
#9376 = DIRECTION('',(-0.,-1.));
#9377 = ( GEOMETRIC_REPRESENTATION_CONTEXT(2)
PARAMETRIC_REPRESENTATION_CONTEXT() REPRESENTATION_CONTEXT('2D SPACE',''
  ) );
#9378 = ORIENTED_EDGE('',*,*,#9379,.F.);
#9379 = EDGE_CURVE('',#9380,#9352,#9382,.T.);
#9380 = VERTEX_POINT('',#9381);
#9381 = CARTESIAN_POINT('',(3.,0.,-31.));
#9382 = SURFACE_CURVE('',#9383,(#9387,#9393),.PCURVE_S1.);
#9383 = LINE('',#9384,#9385);
#9384 = CARTESIAN_POINT('',(-20.,0.,-31.));
#9385 = VECTOR('',#9386,1.);
#9386 = DIRECTION('',(-1.,0.,0.));
#9387 = PCURVE('',#9232,#9388);
#9388 = DEFINITIONAL_REPRESENTATION('',(#9389),#9392);
#9389 = B_SPLINE_CURVE_WITH_KNOTS('',1,(#9390,#9391),.UNSPECIFIED.,.F.,
  .F.,(2,2),(-23.,-17.),.PIECEWISE_BEZIER_KNOTS.);
#9390 = CARTESIAN_POINT('',(49.,43.));
#9391 = CARTESIAN_POINT('',(49.,37.));
#9392 = ( GEOMETRIC_REPRESENTATION_CONTEXT(2)
PARAMETRIC_REPRESENTATION_CONTEXT() REPRESENTATION_CONTEXT('2D SPACE',''
  ) );
#9393 = PCURVE('',#9394,#9399);
#9394 = PLANE('',#9395);
#9395 = AXIS2_PLACEMENT_3D('',#9396,#9397,#9398);
#9396 = CARTESIAN_POINT('',(-1.709300165674E-16,1.054420088418E-16,-31.)
  );
#9397 = DIRECTION('',(0.,0.,1.));
#9398 = DIRECTION('',(1.,0.,-0.));
#9399 = DEFINITIONAL_REPRESENTATION('',(#9400),#9403);
#9400 = B_SPLINE_CURVE_WITH_KNOTS('',1,(#9401,#9402),.UNSPECIFIED.,.F.,
  .F.,(2,2),(-23.,-17.),.PIECEWISE_BEZIER_KNOTS.);
#9401 = CARTESIAN_POINT('',(3.,-1.054420088418E-16));
#9402 = CARTESIAN_POINT('',(-3.,-1.054420088418E-16));
#9403 = ( GEOMETRIC_REPRESENTATION_CONTEXT(2)
PARAMETRIC_REPRESENTATION_CONTEXT() REPRESENTATION_CONTEXT('2D SPACE',''
  ) );
#9404 = ORIENTED_EDGE('',*,*,#9405,.F.);
#9405 = EDGE_CURVE('',#9406,#9380,#9408,.T.);
#9406 = VERTEX_POINT('',#9407);
#9407 = CARTESIAN_POINT('',(3.,0.,-33.));
#9408 = SURFACE_CURVE('',#9409,(#9413,#9420),.PCURVE_S1.);
#9409 = LINE('',#9410,#9411);
#9410 = CARTESIAN_POINT('',(3.,0.,-33.));
#9411 = VECTOR('',#9412,1.);
#9412 = DIRECTION('',(0.,0.,1.));
#9413 = PCURVE('',#9232,#9414);
#9414 = DEFINITIONAL_REPRESENTATION('',(#9415),#9419);
#9415 = LINE('',#9416,#9417);
#9416 = CARTESIAN_POINT('',(47.,43.));
#9417 = VECTOR('',#9418,1.);
#9418 = DIRECTION('',(1.,0.));
#9419 = ( GEOMETRIC_REPRESENTATION_CONTEXT(2)
PARAMETRIC_REPRESENTATION_CONTEXT() REPRESENTATION_CONTEXT('2D SPACE',''
  ) );
#9420 = PCURVE('',#9421,#9426);
#9421 = CYLINDRICAL_SURFACE('',#9422,3.);
#9422 = AXIS2_PLACEMENT_3D('',#9423,#9424,#9425);
#9423 = CARTESIAN_POINT('',(0.,0.,-33.));
#9424 = DIRECTION('',(-0.,-0.,-1.));
#9425 = DIRECTION('',(1.,0.,0.));
#9426 = DEFINITIONAL_REPRESENTATION('',(#9427),#9431);
#9427 = LINE('',#9428,#9429);
#9428 = CARTESIAN_POINT('',(-0.,0.));
#9429 = VECTOR('',#9430,1.);
#9430 = DIRECTION('',(-0.,-1.));
#9431 = ( GEOMETRIC_REPRESENTATION_CONTEXT(2)
PARAMETRIC_REPRESENTATION_CONTEXT() REPRESENTATION_CONTEXT('2D SPACE',''
  ) );
#9432 = ORIENTED_EDGE('',*,*,#9433,.F.);
#9433 = EDGE_CURVE('',#9212,#9406,#9434,.T.);
#9434 = SURFACE_CURVE('',#9435,(#9439,#9445),.PCURVE_S1.);
#9435 = LINE('',#9436,#9437);
#9436 = CARTESIAN_POINT('',(-20.,0.,-33.));
#9437 = VECTOR('',#9438,1.);
#9438 = DIRECTION('',(-1.,0.,0.));
#9439 = PCURVE('',#9232,#9440);
#9440 = DEFINITIONAL_REPRESENTATION('',(#9441),#9444);
#9441 = B_SPLINE_CURVE_WITH_KNOTS('',1,(#9442,#9443),.UNSPECIFIED.,.F.,
  .F.,(2,2),(-24.,-16.),.PIECEWISE_BEZIER_KNOTS.);
#9442 = CARTESIAN_POINT('',(47.,44.));
#9443 = CARTESIAN_POINT('',(47.,36.));
#9444 = ( GEOMETRIC_REPRESENTATION_CONTEXT(2)
PARAMETRIC_REPRESENTATION_CONTEXT() REPRESENTATION_CONTEXT('2D SPACE',''
  ) );
#9445 = PCURVE('',#9260,#9446);
#9446 = DEFINITIONAL_REPRESENTATION('',(#9447),#9450);
#9447 = B_SPLINE_CURVE_WITH_KNOTS('',1,(#9448,#9449),.UNSPECIFIED.,.F.,
  .F.,(2,2),(-24.,-16.),.PIECEWISE_BEZIER_KNOTS.);
#9448 = CARTESIAN_POINT('',(4.,-1.1828140033E-16));
#9449 = CARTESIAN_POINT('',(-4.,-1.1828140033E-16));
#9450 = ( GEOMETRIC_REPRESENTATION_CONTEXT(2)
PARAMETRIC_REPRESENTATION_CONTEXT() REPRESENTATION_CONTEXT('2D SPACE',''
  ) );
#9451 = ADVANCED_FACE('',(#9452),#9288,.F.);
#9452 = FACE_BOUND('',#9453,.F.);
#9453 = EDGE_LOOP('',(#9454,#9455,#9478,#9506));
#9454 = ORIENTED_EDGE('',*,*,#9272,.T.);
#9455 = ORIENTED_EDGE('',*,*,#9456,.T.);
#9456 = EDGE_CURVE('',#9245,#9457,#9459,.T.);
#9457 = VERTEX_POINT('',#9458);
#9458 = CARTESIAN_POINT('',(-2.,3.464101615138,-33.));
#9459 = SURFACE_CURVE('',#9460,(#9464,#9471),.PCURVE_S1.);
#9460 = LINE('',#9461,#9462);
#9461 = CARTESIAN_POINT('',(2.,3.464101615138,-33.));
#9462 = VECTOR('',#9463,1.);
#9463 = DIRECTION('',(-1.,1.110223024625E-16,0.));
#9464 = PCURVE('',#9288,#9465);
#9465 = DEFINITIONAL_REPRESENTATION('',(#9466),#9470);
#9466 = LINE('',#9467,#9468);
#9467 = CARTESIAN_POINT('',(0.,-6.));
#9468 = VECTOR('',#9469,1.);
#9469 = DIRECTION('',(1.,0.));
#9470 = ( GEOMETRIC_REPRESENTATION_CONTEXT(2)
PARAMETRIC_REPRESENTATION_CONTEXT() REPRESENTATION_CONTEXT('2D SPACE',''
  ) );
#9471 = PCURVE('',#9260,#9472);
#9472 = DEFINITIONAL_REPRESENTATION('',(#9473),#9477);
#9473 = LINE('',#9474,#9475);
#9474 = CARTESIAN_POINT('',(2.,3.464101615138));
#9475 = VECTOR('',#9476,1.);
#9476 = DIRECTION('',(-1.,1.110223024625E-16));
#9477 = ( GEOMETRIC_REPRESENTATION_CONTEXT(2)
PARAMETRIC_REPRESENTATION_CONTEXT() REPRESENTATION_CONTEXT('2D SPACE',''
  ) );
#9478 = ORIENTED_EDGE('',*,*,#9479,.F.);
#9479 = EDGE_CURVE('',#9480,#9457,#9482,.T.);
#9480 = VERTEX_POINT('',#9481);
#9481 = CARTESIAN_POINT('',(-2.,3.464101615138,-39.));
#9482 = SURFACE_CURVE('',#9483,(#9487,#9494),.PCURVE_S1.);
#9483 = LINE('',#9484,#9485);
#9484 = CARTESIAN_POINT('',(-2.,3.464101615138,-39.));
#9485 = VECTOR('',#9486,1.);
#9486 = DIRECTION('',(0.,0.,1.));
#9487 = PCURVE('',#9288,#9488);
#9488 = DEFINITIONAL_REPRESENTATION('',(#9489),#9493);
#9489 = LINE('',#9490,#9491);
#9490 = CARTESIAN_POINT('',(4.,0.));
#9491 = VECTOR('',#9492,1.);
#9492 = DIRECTION('',(0.,-1.));
#9493 = ( GEOMETRIC_REPRESENTATION_CONTEXT(2)
PARAMETRIC_REPRESENTATION_CONTEXT() REPRESENTATION_CONTEXT('2D SPACE',''
  ) );
#9494 = PCURVE('',#9495,#9500);
#9495 = PLANE('',#9496);
#9496 = AXIS2_PLACEMENT_3D('',#9497,#9498,#9499);
#9497 = CARTESIAN_POINT('',(-2.,3.464101615138,-39.));
#9498 = DIRECTION('',(0.866025403784,-0.5,0.));
#9499 = DIRECTION('',(-0.5,-0.866025403784,0.));
#9500 = DEFINITIONAL_REPRESENTATION('',(#9501),#9505);
#9501 = LINE('',#9502,#9503);
#9502 = CARTESIAN_POINT('',(0.,0.));
#9503 = VECTOR('',#9504,1.);
#9504 = DIRECTION('',(0.,-1.));
#9505 = ( GEOMETRIC_REPRESENTATION_CONTEXT(2)
PARAMETRIC_REPRESENTATION_CONTEXT() REPRESENTATION_CONTEXT('2D SPACE',''
  ) );
#9506 = ORIENTED_EDGE('',*,*,#9507,.F.);
#9507 = EDGE_CURVE('',#9273,#9480,#9508,.T.);
#9508 = SURFACE_CURVE('',#9509,(#9513,#9520),.PCURVE_S1.);
#9509 = LINE('',#9510,#9511);
#9510 = CARTESIAN_POINT('',(2.,3.464101615138,-39.));
#9511 = VECTOR('',#9512,1.);
#9512 = DIRECTION('',(-1.,1.110223024625E-16,0.));
#9513 = PCURVE('',#9288,#9514);
#9514 = DEFINITIONAL_REPRESENTATION('',(#9515),#9519);
#9515 = LINE('',#9516,#9517);
#9516 = CARTESIAN_POINT('',(0.,0.));
#9517 = VECTOR('',#9518,1.);
#9518 = DIRECTION('',(1.,0.));
#9519 = ( GEOMETRIC_REPRESENTATION_CONTEXT(2)
PARAMETRIC_REPRESENTATION_CONTEXT() REPRESENTATION_CONTEXT('2D SPACE',''
  ) );
#9520 = PCURVE('',#9314,#9521);
#9521 = DEFINITIONAL_REPRESENTATION('',(#9522),#9526);
#9522 = LINE('',#9523,#9524);
#9523 = CARTESIAN_POINT('',(2.,3.464101615138));
#9524 = VECTOR('',#9525,1.);
#9525 = DIRECTION('',(-1.,1.110223024625E-16));
#9526 = ( GEOMETRIC_REPRESENTATION_CONTEXT(2)
PARAMETRIC_REPRESENTATION_CONTEXT() REPRESENTATION_CONTEXT('2D SPACE',''
  ) );
#9527 = ADVANCED_FACE('',(#9528),#9314,.F.);
#9528 = FACE_BOUND('',#9529,.F.);
#9529 = EDGE_LOOP('',(#9530,#9531,#9532,#9533,#9556,#9582));
#9530 = ORIENTED_EDGE('',*,*,#9330,.F.);
#9531 = ORIENTED_EDGE('',*,*,#9300,.T.);
#9532 = ORIENTED_EDGE('',*,*,#9507,.T.);
#9533 = ORIENTED_EDGE('',*,*,#9534,.T.);
#9534 = EDGE_CURVE('',#9480,#9535,#9537,.T.);
#9535 = VERTEX_POINT('',#9536);
#9536 = CARTESIAN_POINT('',(-4.,4.898587196589E-16,-39.));
#9537 = SURFACE_CURVE('',#9538,(#9542,#9549),.PCURVE_S1.);
#9538 = LINE('',#9539,#9540);
#9539 = CARTESIAN_POINT('',(-2.,3.464101615138,-39.));
#9540 = VECTOR('',#9541,1.);
#9541 = DIRECTION('',(-0.5,-0.866025403784,0.));
#9542 = PCURVE('',#9314,#9543);
#9543 = DEFINITIONAL_REPRESENTATION('',(#9544),#9548);
#9544 = LINE('',#9545,#9546);
#9545 = CARTESIAN_POINT('',(-2.,3.464101615138));
#9546 = VECTOR('',#9547,1.);
#9547 = DIRECTION('',(-0.5,-0.866025403784));
#9548 = ( GEOMETRIC_REPRESENTATION_CONTEXT(2)
PARAMETRIC_REPRESENTATION_CONTEXT() REPRESENTATION_CONTEXT('2D SPACE',''
  ) );
#9549 = PCURVE('',#9495,#9550);
#9550 = DEFINITIONAL_REPRESENTATION('',(#9551),#9555);
#9551 = LINE('',#9552,#9553);
#9552 = CARTESIAN_POINT('',(0.,0.));
#9553 = VECTOR('',#9554,1.);
#9554 = DIRECTION('',(1.,0.));
#9555 = ( GEOMETRIC_REPRESENTATION_CONTEXT(2)
PARAMETRIC_REPRESENTATION_CONTEXT() REPRESENTATION_CONTEXT('2D SPACE',''
  ) );
#9556 = ORIENTED_EDGE('',*,*,#9557,.F.);
#9557 = EDGE_CURVE('',#9558,#9535,#9560,.T.);
#9558 = VERTEX_POINT('',#9559);
#9559 = CARTESIAN_POINT('',(-1.5,-1.836970198721E-16,-39.));
#9560 = SURFACE_CURVE('',#9561,(#9565,#9571),.PCURVE_S1.);
#9561 = LINE('',#9562,#9563);
#9562 = CARTESIAN_POINT('',(-20.,0.,-39.));
#9563 = VECTOR('',#9564,1.);
#9564 = DIRECTION('',(-1.,0.,0.));
#9565 = PCURVE('',#9314,#9566);
#9566 = DEFINITIONAL_REPRESENTATION('',(#9567),#9570);
#9567 = B_SPLINE_CURVE_WITH_KNOTS('',1,(#9568,#9569),.UNSPECIFIED.,.F.,
  .F.,(2,2),(-24.,-16.),.PIECEWISE_BEZIER_KNOTS.);
#9568 = CARTESIAN_POINT('',(4.,-1.1828140033E-16));
#9569 = CARTESIAN_POINT('',(-4.,-1.1828140033E-16));
#9570 = ( GEOMETRIC_REPRESENTATION_CONTEXT(2)
PARAMETRIC_REPRESENTATION_CONTEXT() REPRESENTATION_CONTEXT('2D SPACE',''
  ) );
#9571 = PCURVE('',#9572,#9577);
#9572 = PLANE('',#9573);
#9573 = AXIS2_PLACEMENT_3D('',#9574,#9575,#9576);
#9574 = CARTESIAN_POINT('',(-40.,0.,-80.));
#9575 = DIRECTION('',(0.,1.,0.));
#9576 = DIRECTION('',(0.,0.,1.));
#9577 = DEFINITIONAL_REPRESENTATION('',(#9578),#9581);
#9578 = B_SPLINE_CURVE_WITH_KNOTS('',1,(#9579,#9580),.UNSPECIFIED.,.F.,
  .F.,(2,2),(-24.,-16.),.PIECEWISE_BEZIER_KNOTS.);
#9579 = CARTESIAN_POINT('',(41.,44.));
#9580 = CARTESIAN_POINT('',(41.,36.));
#9581 = ( GEOMETRIC_REPRESENTATION_CONTEXT(2)
PARAMETRIC_REPRESENTATION_CONTEXT() REPRESENTATION_CONTEXT('2D SPACE',''
  ) );
#9582 = ORIENTED_EDGE('',*,*,#9583,.T.);
#9583 = EDGE_CURVE('',#9558,#9331,#9584,.T.);
#9584 = SURFACE_CURVE('',#9585,(#9590,#9601),.PCURVE_S1.);
#9585 = CIRCLE('',#9586,1.5);
#9586 = AXIS2_PLACEMENT_3D('',#9587,#9588,#9589);
#9587 = CARTESIAN_POINT('',(0.,0.,-39.));
#9588 = DIRECTION('',(0.,0.,-1.));
#9589 = DIRECTION('',(1.,0.,0.));
#9590 = PCURVE('',#9314,#9591);
#9591 = DEFINITIONAL_REPRESENTATION('',(#9592),#9600);
#9592 = ( BOUNDED_CURVE() B_SPLINE_CURVE(2,(#9593,#9594,#9595,#9596,
#9597,#9598,#9599),.UNSPECIFIED.,.T.,.F.) B_SPLINE_CURVE_WITH_KNOTS((1,2
    ,2,2,2,1),(-2.094395102393,0.,2.094395102393,4.188790204786,
6.28318530718,8.377580409573),.UNSPECIFIED.) CURVE()
GEOMETRIC_REPRESENTATION_ITEM() RATIONAL_B_SPLINE_CURVE((1.,0.5,1.,0.5,
1.,0.5,1.)) REPRESENTATION_ITEM('') );
#9593 = CARTESIAN_POINT('',(1.5,-1.1828140033E-16));
#9594 = CARTESIAN_POINT('',(1.5,-2.598076211353));
#9595 = CARTESIAN_POINT('',(-0.75,-1.299038105677));
#9596 = CARTESIAN_POINT('',(-3.,-4.856754400742E-16));
#9597 = CARTESIAN_POINT('',(-0.75,1.299038105677));
#9598 = CARTESIAN_POINT('',(1.5,2.598076211353));
#9599 = CARTESIAN_POINT('',(1.5,-1.1828140033E-16));
#9600 = ( GEOMETRIC_REPRESENTATION_CONTEXT(2)
PARAMETRIC_REPRESENTATION_CONTEXT() REPRESENTATION_CONTEXT('2D SPACE',''
  ) );
#9601 = PCURVE('',#9367,#9602);
#9602 = DEFINITIONAL_REPRESENTATION('',(#9603),#9607);
#9603 = LINE('',#9604,#9605);
#9604 = CARTESIAN_POINT('',(-6.28318530718,-1.));
#9605 = VECTOR('',#9606,1.);
#9606 = DIRECTION('',(1.,-0.));
#9607 = ( GEOMETRIC_REPRESENTATION_CONTEXT(2)
PARAMETRIC_REPRESENTATION_CONTEXT() REPRESENTATION_CONTEXT('2D SPACE',''
  ) );
#9608 = ADVANCED_FACE('',(#9609),#9260,.T.);
#9609 = FACE_BOUND('',#9610,.T.);
#9610 = EDGE_LOOP('',(#9611,#9612,#9613,#9614,#9637,#9658));
#9611 = ORIENTED_EDGE('',*,*,#9433,.F.);
#9612 = ORIENTED_EDGE('',*,*,#9244,.T.);
#9613 = ORIENTED_EDGE('',*,*,#9456,.T.);
#9614 = ORIENTED_EDGE('',*,*,#9615,.T.);
#9615 = EDGE_CURVE('',#9457,#9616,#9618,.T.);
#9616 = VERTEX_POINT('',#9617);
#9617 = CARTESIAN_POINT('',(-4.,4.898587196589E-16,-33.));
#9618 = SURFACE_CURVE('',#9619,(#9623,#9630),.PCURVE_S1.);
#9619 = LINE('',#9620,#9621);
#9620 = CARTESIAN_POINT('',(-2.,3.464101615138,-33.));
#9621 = VECTOR('',#9622,1.);
#9622 = DIRECTION('',(-0.5,-0.866025403784,0.));
#9623 = PCURVE('',#9260,#9624);
#9624 = DEFINITIONAL_REPRESENTATION('',(#9625),#9629);
#9625 = LINE('',#9626,#9627);
#9626 = CARTESIAN_POINT('',(-2.,3.464101615138));
#9627 = VECTOR('',#9628,1.);
#9628 = DIRECTION('',(-0.5,-0.866025403784));
#9629 = ( GEOMETRIC_REPRESENTATION_CONTEXT(2)
PARAMETRIC_REPRESENTATION_CONTEXT() REPRESENTATION_CONTEXT('2D SPACE',''
  ) );
#9630 = PCURVE('',#9495,#9631);
#9631 = DEFINITIONAL_REPRESENTATION('',(#9632),#9636);
#9632 = LINE('',#9633,#9634);
#9633 = CARTESIAN_POINT('',(0.,-6.));
#9634 = VECTOR('',#9635,1.);
#9635 = DIRECTION('',(1.,0.));
#9636 = ( GEOMETRIC_REPRESENTATION_CONTEXT(2)
PARAMETRIC_REPRESENTATION_CONTEXT() REPRESENTATION_CONTEXT('2D SPACE',''
  ) );
#9637 = ORIENTED_EDGE('',*,*,#9638,.F.);
#9638 = EDGE_CURVE('',#9639,#9616,#9641,.T.);
#9639 = VERTEX_POINT('',#9640);
#9640 = CARTESIAN_POINT('',(-3.,3.673940397442E-16,-33.));
#9641 = SURFACE_CURVE('',#9642,(#9646,#9652),.PCURVE_S1.);
#9642 = LINE('',#9643,#9644);
#9643 = CARTESIAN_POINT('',(-20.,0.,-33.));
#9644 = VECTOR('',#9645,1.);
#9645 = DIRECTION('',(-1.,0.,0.));
#9646 = PCURVE('',#9260,#9647);
#9647 = DEFINITIONAL_REPRESENTATION('',(#9648),#9651);
#9648 = B_SPLINE_CURVE_WITH_KNOTS('',1,(#9649,#9650),.UNSPECIFIED.,.F.,
  .F.,(2,2),(-24.,-16.),.PIECEWISE_BEZIER_KNOTS.);
#9649 = CARTESIAN_POINT('',(4.,-1.1828140033E-16));
#9650 = CARTESIAN_POINT('',(-4.,-1.1828140033E-16));
#9651 = ( GEOMETRIC_REPRESENTATION_CONTEXT(2)
PARAMETRIC_REPRESENTATION_CONTEXT() REPRESENTATION_CONTEXT('2D SPACE',''
  ) );
#9652 = PCURVE('',#9572,#9653);
#9653 = DEFINITIONAL_REPRESENTATION('',(#9654),#9657);
#9654 = B_SPLINE_CURVE_WITH_KNOTS('',1,(#9655,#9656),.UNSPECIFIED.,.F.,
  .F.,(2,2),(-24.,-16.),.PIECEWISE_BEZIER_KNOTS.);
#9655 = CARTESIAN_POINT('',(47.,44.));
#9656 = CARTESIAN_POINT('',(47.,36.));
#9657 = ( GEOMETRIC_REPRESENTATION_CONTEXT(2)
PARAMETRIC_REPRESENTATION_CONTEXT() REPRESENTATION_CONTEXT('2D SPACE',''
  ) );
#9658 = ORIENTED_EDGE('',*,*,#9659,.F.);
#9659 = EDGE_CURVE('',#9406,#9639,#9660,.T.);
#9660 = SURFACE_CURVE('',#9661,(#9666,#9673),.PCURVE_S1.);
#9661 = CIRCLE('',#9662,3.);
#9662 = AXIS2_PLACEMENT_3D('',#9663,#9664,#9665);
#9663 = CARTESIAN_POINT('',(0.,0.,-33.));
#9664 = DIRECTION('',(0.,0.,1.));
#9665 = DIRECTION('',(1.,0.,0.));
#9666 = PCURVE('',#9260,#9667);
#9667 = DEFINITIONAL_REPRESENTATION('',(#9668),#9672);
#9668 = CIRCLE('',#9669,3.);
#9669 = AXIS2_PLACEMENT_2D('',#9670,#9671);
#9670 = CARTESIAN_POINT('',(2.22044604925E-16,-1.1828140033E-16));
#9671 = DIRECTION('',(1.,0.));
#9672 = ( GEOMETRIC_REPRESENTATION_CONTEXT(2)
PARAMETRIC_REPRESENTATION_CONTEXT() REPRESENTATION_CONTEXT('2D SPACE',''
  ) );
#9673 = PCURVE('',#9421,#9674);
#9674 = DEFINITIONAL_REPRESENTATION('',(#9675),#9679);
#9675 = LINE('',#9676,#9677);
#9676 = CARTESIAN_POINT('',(-0.,0.));
#9677 = VECTOR('',#9678,1.);
#9678 = DIRECTION('',(-1.,0.));
#9679 = ( GEOMETRIC_REPRESENTATION_CONTEXT(2)
PARAMETRIC_REPRESENTATION_CONTEXT() REPRESENTATION_CONTEXT('2D SPACE',''
  ) );
#9680 = ADVANCED_FACE('',(#9681),#9421,.T.);
#9681 = FACE_BOUND('',#9682,.F.);
#9682 = EDGE_LOOP('',(#9683,#9684,#9685,#9709));
#9683 = ORIENTED_EDGE('',*,*,#9659,.F.);
#9684 = ORIENTED_EDGE('',*,*,#9405,.T.);
#9685 = ORIENTED_EDGE('',*,*,#9686,.T.);
#9686 = EDGE_CURVE('',#9380,#9687,#9689,.T.);
#9687 = VERTEX_POINT('',#9688);
#9688 = CARTESIAN_POINT('',(-3.,3.673940397442E-16,-31.));
#9689 = SURFACE_CURVE('',#9690,(#9695,#9702),.PCURVE_S1.);
#9690 = CIRCLE('',#9691,3.);
#9691 = AXIS2_PLACEMENT_3D('',#9692,#9693,#9694);
#9692 = CARTESIAN_POINT('',(0.,0.,-31.));
#9693 = DIRECTION('',(0.,0.,1.));
#9694 = DIRECTION('',(1.,0.,0.));
#9695 = PCURVE('',#9421,#9696);
#9696 = DEFINITIONAL_REPRESENTATION('',(#9697),#9701);
#9697 = LINE('',#9698,#9699);
#9698 = CARTESIAN_POINT('',(-0.,-2.));
#9699 = VECTOR('',#9700,1.);
#9700 = DIRECTION('',(-1.,0.));
#9701 = ( GEOMETRIC_REPRESENTATION_CONTEXT(2)
PARAMETRIC_REPRESENTATION_CONTEXT() REPRESENTATION_CONTEXT('2D SPACE',''
  ) );
#9702 = PCURVE('',#9394,#9703);
#9703 = DEFINITIONAL_REPRESENTATION('',(#9704),#9708);
#9704 = CIRCLE('',#9705,3.);
#9705 = AXIS2_PLACEMENT_2D('',#9706,#9707);
#9706 = CARTESIAN_POINT('',(1.709300165674E-16,-1.054420088418E-16));
#9707 = DIRECTION('',(1.,0.));
#9708 = ( GEOMETRIC_REPRESENTATION_CONTEXT(2)
PARAMETRIC_REPRESENTATION_CONTEXT() REPRESENTATION_CONTEXT('2D SPACE',''
  ) );
#9709 = ORIENTED_EDGE('',*,*,#9710,.T.);
#9710 = EDGE_CURVE('',#9687,#9639,#9711,.T.);
#9711 = SURFACE_CURVE('',#9712,(#9716,#9722),.PCURVE_S1.);
#9712 = LINE('',#9713,#9714);
#9713 = CARTESIAN_POINT('',(-3.,0.,-33.));
#9714 = VECTOR('',#9715,1.);
#9715 = DIRECTION('',(-0.,-0.,-1.));
#9716 = PCURVE('',#9421,#9717);
#9717 = DEFINITIONAL_REPRESENTATION('',(#9718),#9721);
#9718 = B_SPLINE_CURVE_WITH_KNOTS('',1,(#9719,#9720),.UNSPECIFIED.,.F.,
  .F.,(2,2),(-2.0000006,5.999999999062E-07),.PIECEWISE_BEZIER_KNOTS.);
#9719 = CARTESIAN_POINT('',(-3.14159265359,-2.0000006));
#9720 = CARTESIAN_POINT('',(-3.14159265359,5.999999999062E-07));
#9721 = ( GEOMETRIC_REPRESENTATION_CONTEXT(2)
PARAMETRIC_REPRESENTATION_CONTEXT() REPRESENTATION_CONTEXT('2D SPACE',''
  ) );
#9722 = PCURVE('',#9572,#9723);
#9723 = DEFINITIONAL_REPRESENTATION('',(#9724),#9727);
#9724 = B_SPLINE_CURVE_WITH_KNOTS('',1,(#9725,#9726),.UNSPECIFIED.,.F.,
  .F.,(2,2),(-2.0000006,5.999999999062E-07),.PIECEWISE_BEZIER_KNOTS.);
#9725 = CARTESIAN_POINT('',(49.0000006,37.));
#9726 = CARTESIAN_POINT('',(46.9999994,37.));
#9727 = ( GEOMETRIC_REPRESENTATION_CONTEXT(2)
PARAMETRIC_REPRESENTATION_CONTEXT() REPRESENTATION_CONTEXT('2D SPACE',''
  ) );
#9728 = ADVANCED_FACE('',(#9729),#9394,.T.);
#9729 = FACE_BOUND('',#9730,.T.);
#9730 = EDGE_LOOP('',(#9731,#9732,#9733,#9754));
#9731 = ORIENTED_EDGE('',*,*,#9379,.F.);
#9732 = ORIENTED_EDGE('',*,*,#9686,.T.);
#9733 = ORIENTED_EDGE('',*,*,#9734,.F.);
#9734 = EDGE_CURVE('',#9735,#9687,#9737,.T.);
#9735 = VERTEX_POINT('',#9736);
#9736 = CARTESIAN_POINT('',(-1.5,3.488762344626E-16,-31.));
#9737 = SURFACE_CURVE('',#9738,(#9742,#9748),.PCURVE_S1.);
#9738 = LINE('',#9739,#9740);
#9739 = CARTESIAN_POINT('',(-20.,0.,-31.));
#9740 = VECTOR('',#9741,1.);
#9741 = DIRECTION('',(-1.,0.,0.));
#9742 = PCURVE('',#9394,#9743);
#9743 = DEFINITIONAL_REPRESENTATION('',(#9744),#9747);
#9744 = B_SPLINE_CURVE_WITH_KNOTS('',1,(#9745,#9746),.UNSPECIFIED.,.F.,
  .F.,(2,2),(-23.,-17.),.PIECEWISE_BEZIER_KNOTS.);
#9745 = CARTESIAN_POINT('',(3.,-1.054420088418E-16));
#9746 = CARTESIAN_POINT('',(-3.,-1.054420088418E-16));
#9747 = ( GEOMETRIC_REPRESENTATION_CONTEXT(2)
PARAMETRIC_REPRESENTATION_CONTEXT() REPRESENTATION_CONTEXT('2D SPACE',''
  ) );
#9748 = PCURVE('',#9572,#9749);
#9749 = DEFINITIONAL_REPRESENTATION('',(#9750),#9753);
#9750 = B_SPLINE_CURVE_WITH_KNOTS('',1,(#9751,#9752),.UNSPECIFIED.,.F.,
  .F.,(2,2),(-23.,-17.),.PIECEWISE_BEZIER_KNOTS.);
#9751 = CARTESIAN_POINT('',(49.,43.));
#9752 = CARTESIAN_POINT('',(49.,37.));
#9753 = ( GEOMETRIC_REPRESENTATION_CONTEXT(2)
PARAMETRIC_REPRESENTATION_CONTEXT() REPRESENTATION_CONTEXT('2D SPACE',''
  ) );
#9754 = ORIENTED_EDGE('',*,*,#9755,.F.);
#9755 = EDGE_CURVE('',#9352,#9735,#9756,.T.);
#9756 = SURFACE_CURVE('',#9757,(#9762,#9769),.PCURVE_S1.);
#9757 = CIRCLE('',#9758,1.5);
#9758 = AXIS2_PLACEMENT_3D('',#9759,#9760,#9761);
#9759 = CARTESIAN_POINT('',(1.430561193494E-14,1.651792145905E-16,-31.)
  );
#9760 = DIRECTION('',(0.,0.,1.));
#9761 = DIRECTION('',(1.,0.,0.));
#9762 = PCURVE('',#9394,#9763);
#9763 = DEFINITIONAL_REPRESENTATION('',(#9764),#9768);
#9764 = CIRCLE('',#9765,1.5);
#9765 = AXIS2_PLACEMENT_2D('',#9766,#9767);
#9766 = CARTESIAN_POINT('',(1.447654195151E-14,5.97372057487E-17));
#9767 = DIRECTION('',(1.,0.));
#9768 = ( GEOMETRIC_REPRESENTATION_CONTEXT(2)
PARAMETRIC_REPRESENTATION_CONTEXT() REPRESENTATION_CONTEXT('2D SPACE',''
  ) );
#9769 = PCURVE('',#9367,#9770);
#9770 = DEFINITIONAL_REPRESENTATION('',(#9771),#9775);
#9771 = LINE('',#9772,#9773);
#9772 = CARTESIAN_POINT('',(-0.,-9.));
#9773 = VECTOR('',#9774,1.);
#9774 = DIRECTION('',(-1.,0.));
#9775 = ( GEOMETRIC_REPRESENTATION_CONTEXT(2)
PARAMETRIC_REPRESENTATION_CONTEXT() REPRESENTATION_CONTEXT('2D SPACE',''
  ) );
#9776 = ADVANCED_FACE('',(#9777),#9367,.F.);
#9777 = FACE_BOUND('',#9778,.T.);
#9778 = EDGE_LOOP('',(#9779,#9780,#9781,#9782));
#9779 = ORIENTED_EDGE('',*,*,#9583,.T.);
#9780 = ORIENTED_EDGE('',*,*,#9351,.T.);
#9781 = ORIENTED_EDGE('',*,*,#9755,.T.);
#9782 = ORIENTED_EDGE('',*,*,#9783,.T.);
#9783 = EDGE_CURVE('',#9735,#9558,#9784,.T.);
#9784 = SURFACE_CURVE('',#9785,(#9789,#9795),.PCURVE_S1.);
#9785 = LINE('',#9786,#9787);
#9786 = CARTESIAN_POINT('',(-1.5,0.,-40.));
#9787 = VECTOR('',#9788,1.);
#9788 = DIRECTION('',(-0.,-0.,-1.));
#9789 = PCURVE('',#9367,#9790);
#9790 = DEFINITIONAL_REPRESENTATION('',(#9791),#9794);
#9791 = B_SPLINE_CURVE_WITH_KNOTS('',1,(#9792,#9793),.UNSPECIFIED.,.F.,
  .F.,(2,2),(-9.0000006,-0.9999994),.PIECEWISE_BEZIER_KNOTS.);
#9792 = CARTESIAN_POINT('',(-3.14159265359,-9.0000006));
#9793 = CARTESIAN_POINT('',(-3.14159265359,-0.9999994));
#9794 = ( GEOMETRIC_REPRESENTATION_CONTEXT(2)
PARAMETRIC_REPRESENTATION_CONTEXT() REPRESENTATION_CONTEXT('2D SPACE',''
  ) );
#9795 = PCURVE('',#9572,#9796);
#9796 = DEFINITIONAL_REPRESENTATION('',(#9797),#9800);
#9797 = B_SPLINE_CURVE_WITH_KNOTS('',1,(#9798,#9799),.UNSPECIFIED.,.F.,
  .F.,(2,2),(-9.0000006,-0.9999994),.PIECEWISE_BEZIER_KNOTS.);
#9798 = CARTESIAN_POINT('',(49.0000006,38.5));
#9799 = CARTESIAN_POINT('',(40.9999994,38.5));
#9800 = ( GEOMETRIC_REPRESENTATION_CONTEXT(2)
PARAMETRIC_REPRESENTATION_CONTEXT() REPRESENTATION_CONTEXT('2D SPACE',''
  ) );
#9801 = ADVANCED_FACE('',(#9802),#9495,.F.);
#9802 = FACE_BOUND('',#9803,.F.);
#9803 = EDGE_LOOP('',(#9804,#9805,#9806,#9827));
#9804 = ORIENTED_EDGE('',*,*,#9479,.T.);
#9805 = ORIENTED_EDGE('',*,*,#9615,.T.);
#9806 = ORIENTED_EDGE('',*,*,#9807,.F.);
#9807 = EDGE_CURVE('',#9535,#9616,#9808,.T.);
#9808 = SURFACE_CURVE('',#9809,(#9813,#9820),.PCURVE_S1.);
#9809 = LINE('',#9810,#9811);
#9810 = CARTESIAN_POINT('',(-4.,4.898587196589E-16,-39.));
#9811 = VECTOR('',#9812,1.);
#9812 = DIRECTION('',(0.,0.,1.));
#9813 = PCURVE('',#9495,#9814);
#9814 = DEFINITIONAL_REPRESENTATION('',(#9815),#9819);
#9815 = LINE('',#9816,#9817);
#9816 = CARTESIAN_POINT('',(4.,0.));
#9817 = VECTOR('',#9818,1.);
#9818 = DIRECTION('',(0.,-1.));
#9819 = ( GEOMETRIC_REPRESENTATION_CONTEXT(2)
PARAMETRIC_REPRESENTATION_CONTEXT() REPRESENTATION_CONTEXT('2D SPACE',''
  ) );
#9820 = PCURVE('',#9572,#9821);
#9821 = DEFINITIONAL_REPRESENTATION('',(#9822),#9826);
#9822 = LINE('',#9823,#9824);
#9823 = CARTESIAN_POINT('',(41.,36.));
#9824 = VECTOR('',#9825,1.);
#9825 = DIRECTION('',(1.,0.));
#9826 = ( GEOMETRIC_REPRESENTATION_CONTEXT(2)
PARAMETRIC_REPRESENTATION_CONTEXT() REPRESENTATION_CONTEXT('2D SPACE',''
  ) );
#9827 = ORIENTED_EDGE('',*,*,#9534,.F.);
#9828 = ADVANCED_FACE('',(#9829),#9572,.F.);
#9829 = FACE_BOUND('',#9830,.F.);
#9830 = EDGE_LOOP('',(#9831,#9832,#9833,#9834,#9835,#9836));
#9831 = ORIENTED_EDGE('',*,*,#9557,.T.);
#9832 = ORIENTED_EDGE('',*,*,#9807,.T.);
#9833 = ORIENTED_EDGE('',*,*,#9638,.F.);
#9834 = ORIENTED_EDGE('',*,*,#9710,.F.);
#9835 = ORIENTED_EDGE('',*,*,#9734,.F.);
#9836 = ORIENTED_EDGE('',*,*,#9783,.T.);
#9837 = ( GEOMETRIC_REPRESENTATION_CONTEXT(3)
GLOBAL_UNCERTAINTY_ASSIGNED_CONTEXT((#9841))
GLOBAL_UNIT_ASSIGNED_CONTEXT((#9838,#9839,#9840)) REPRESENTATION_CONTEXT
('Context #1','3D Context with UNIT and UNCERTAINTY') );
#9838 = ( LENGTH_UNIT() NAMED_UNIT(*) SI_UNIT(.MILLI.,.METRE.) );
#9839 = ( NAMED_UNIT(*) PLANE_ANGLE_UNIT() SI_UNIT($,.RADIAN.) );
#9840 = ( NAMED_UNIT(*) SI_UNIT($,.STERADIAN.) SOLID_ANGLE_UNIT() );
#9841 = UNCERTAINTY_MEASURE_WITH_UNIT(LENGTH_MEASURE(1.E-07),#9838,
  'distance_accuracy_value','confusion accuracy');
#9842 = CONTEXT_DEPENDENT_SHAPE_REPRESENTATION(#9843,#9845);
#9843 = ( REPRESENTATION_RELATIONSHIP('','',#9202,#10)
REPRESENTATION_RELATIONSHIP_WITH_TRANSFORMATION(#9844)
SHAPE_REPRESENTATION_RELATIONSHIP() );
#9844 = ITEM_DEFINED_TRANSFORMATION('','',#11,#79);
#9845 = PRODUCT_DEFINITION_SHAPE('Placement','Placement of an item',
  #9846);
#9846 = NEXT_ASSEMBLY_USAGE_OCCURRENCE('105',
  'M6_gland_body_thread_envelope','',#5,#9197,$);
#9847 = PRODUCT_RELATED_PRODUCT_CATEGORY('part',$,(#9199));
#9848 = SHAPE_DEFINITION_REPRESENTATION(#9849,#9855);
#9849 = PRODUCT_DEFINITION_SHAPE('','',#9850);
#9850 = PRODUCT_DEFINITION('design','',#9851,#9854);
#9851 = PRODUCT_DEFINITION_FORMATION('','',#9852);
#9852 = PRODUCT('compression_bushing_ENVELOPE',
  'compression_bushing_ENVELOPE','',(#9853));
#9853 = PRODUCT_CONTEXT('',#2,'mechanical');
#9854 = PRODUCT_DEFINITION_CONTEXT('part definition',#2,'design');
#9855 = ADVANCED_BREP_SHAPE_REPRESENTATION('',(#11,#9856),#10178);
#9856 = MANIFOLD_SOLID_BREP('',#9857);
#9857 = CLOSED_SHELL('',(#9858,#9978,#10051,#10096,#10144,#10171));
#9858 = ADVANCED_FACE('',(#9859),#9874,.T.);
#9859 = FACE_BOUND('',#9860,.F.);
#9860 = EDGE_LOOP('',(#9861,#9897,#9925,#9954));
#9861 = ORIENTED_EDGE('',*,*,#9862,.F.);
#9862 = EDGE_CURVE('',#9863,#9865,#9867,.T.);
#9863 = VERTEX_POINT('',#9864);
#9864 = CARTESIAN_POINT('',(1.5,0.,-39.));
#9865 = VERTEX_POINT('',#9866);
#9866 = CARTESIAN_POINT('',(-1.5,1.836970198721E-16,-39.));
#9867 = SURFACE_CURVE('',#9868,(#9873,#9885),.PCURVE_S1.);
#9868 = CIRCLE('',#9869,1.5);
#9869 = AXIS2_PLACEMENT_3D('',#9870,#9871,#9872);
#9870 = CARTESIAN_POINT('',(0.,0.,-39.));
#9871 = DIRECTION('',(0.,0.,1.));
#9872 = DIRECTION('',(1.,0.,0.));
#9873 = PCURVE('',#9874,#9879);
#9874 = CYLINDRICAL_SURFACE('',#9875,1.5);
#9875 = AXIS2_PLACEMENT_3D('',#9876,#9877,#9878);
#9876 = CARTESIAN_POINT('',(0.,0.,-39.));
#9877 = DIRECTION('',(-0.,-0.,-1.));
#9878 = DIRECTION('',(1.,0.,0.));
#9879 = DEFINITIONAL_REPRESENTATION('',(#9880),#9884);
#9880 = LINE('',#9881,#9882);
#9881 = CARTESIAN_POINT('',(-0.,0.));
#9882 = VECTOR('',#9883,1.);
#9883 = DIRECTION('',(-1.,0.));
#9884 = ( GEOMETRIC_REPRESENTATION_CONTEXT(2)
PARAMETRIC_REPRESENTATION_CONTEXT() REPRESENTATION_CONTEXT('2D SPACE',''
  ) );
#9885 = PCURVE('',#9886,#9891);
#9886 = PLANE('',#9887);
#9887 = AXIS2_PLACEMENT_3D('',#9888,#9889,#9890);
#9888 = CARTESIAN_POINT('',(-8.546500828371E-17,5.272100442092E-17,-39.)
  );
#9889 = DIRECTION('',(0.,0.,1.));
#9890 = DIRECTION('',(1.,0.,-0.));
#9891 = DEFINITIONAL_REPRESENTATION('',(#9892),#9896);
#9892 = CIRCLE('',#9893,1.5);
#9893 = AXIS2_PLACEMENT_2D('',#9894,#9895);
#9894 = CARTESIAN_POINT('',(8.546500828371E-17,-5.272100442092E-17));
#9895 = DIRECTION('',(1.,0.));
#9896 = ( GEOMETRIC_REPRESENTATION_CONTEXT(2)
PARAMETRIC_REPRESENTATION_CONTEXT() REPRESENTATION_CONTEXT('2D SPACE',''
  ) );
#9897 = ORIENTED_EDGE('',*,*,#9898,.T.);
#9898 = EDGE_CURVE('',#9863,#9899,#9901,.T.);
#9899 = VERTEX_POINT('',#9900);
#9900 = CARTESIAN_POINT('',(1.5,0.,-33.));
#9901 = SURFACE_CURVE('',#9902,(#9906,#9913),.PCURVE_S1.);
#9902 = LINE('',#9903,#9904);
#9903 = CARTESIAN_POINT('',(1.5,0.,-39.));
#9904 = VECTOR('',#9905,1.);
#9905 = DIRECTION('',(0.,0.,1.));
#9906 = PCURVE('',#9874,#9907);
#9907 = DEFINITIONAL_REPRESENTATION('',(#9908),#9912);
#9908 = LINE('',#9909,#9910);
#9909 = CARTESIAN_POINT('',(-0.,0.));
#9910 = VECTOR('',#9911,1.);
#9911 = DIRECTION('',(-0.,-1.));
#9912 = ( GEOMETRIC_REPRESENTATION_CONTEXT(2)
PARAMETRIC_REPRESENTATION_CONTEXT() REPRESENTATION_CONTEXT('2D SPACE',''
  ) );
#9913 = PCURVE('',#9914,#9919);
#9914 = PLANE('',#9915);
#9915 = AXIS2_PLACEMENT_3D('',#9916,#9917,#9918);
#9916 = CARTESIAN_POINT('',(-40.,0.,-80.));
#9917 = DIRECTION('',(0.,1.,0.));
#9918 = DIRECTION('',(0.,0.,1.));
#9919 = DEFINITIONAL_REPRESENTATION('',(#9920),#9924);
#9920 = LINE('',#9921,#9922);
#9921 = CARTESIAN_POINT('',(41.,41.5));
#9922 = VECTOR('',#9923,1.);
#9923 = DIRECTION('',(1.,0.));
#9924 = ( GEOMETRIC_REPRESENTATION_CONTEXT(2)
PARAMETRIC_REPRESENTATION_CONTEXT() REPRESENTATION_CONTEXT('2D SPACE',''
  ) );
#9925 = ORIENTED_EDGE('',*,*,#9926,.T.);
#9926 = EDGE_CURVE('',#9899,#9927,#9929,.T.);
#9927 = VERTEX_POINT('',#9928);
#9928 = CARTESIAN_POINT('',(-1.5,1.836970198721E-16,-33.));
#9929 = SURFACE_CURVE('',#9930,(#9935,#9942),.PCURVE_S1.);
#9930 = CIRCLE('',#9931,1.5);
#9931 = AXIS2_PLACEMENT_3D('',#9932,#9933,#9934);
#9932 = CARTESIAN_POINT('',(0.,0.,-33.));
#9933 = DIRECTION('',(0.,0.,1.));
#9934 = DIRECTION('',(1.,0.,0.));
#9935 = PCURVE('',#9874,#9936);
#9936 = DEFINITIONAL_REPRESENTATION('',(#9937),#9941);
#9937 = LINE('',#9938,#9939);
#9938 = CARTESIAN_POINT('',(-0.,-6.));
#9939 = VECTOR('',#9940,1.);
#9940 = DIRECTION('',(-1.,0.));
#9941 = ( GEOMETRIC_REPRESENTATION_CONTEXT(2)
PARAMETRIC_REPRESENTATION_CONTEXT() REPRESENTATION_CONTEXT('2D SPACE',''
  ) );
#9942 = PCURVE('',#9943,#9948);
#9943 = PLANE('',#9944);
#9944 = AXIS2_PLACEMENT_3D('',#9945,#9946,#9947);
#9945 = CARTESIAN_POINT('',(-8.546500828371E-17,5.272100442092E-17,-33.)
  );
#9946 = DIRECTION('',(0.,0.,1.));
#9947 = DIRECTION('',(1.,0.,-0.));
#9948 = DEFINITIONAL_REPRESENTATION('',(#9949),#9953);
#9949 = CIRCLE('',#9950,1.5);
#9950 = AXIS2_PLACEMENT_2D('',#9951,#9952);
#9951 = CARTESIAN_POINT('',(8.546500828371E-17,-5.272100442092E-17));
#9952 = DIRECTION('',(1.,0.));
#9953 = ( GEOMETRIC_REPRESENTATION_CONTEXT(2)
PARAMETRIC_REPRESENTATION_CONTEXT() REPRESENTATION_CONTEXT('2D SPACE',''
  ) );
#9954 = ORIENTED_EDGE('',*,*,#9955,.T.);
#9955 = EDGE_CURVE('',#9927,#9865,#9956,.T.);
#9956 = SURFACE_CURVE('',#9957,(#9961,#9967),.PCURVE_S1.);
#9957 = LINE('',#9958,#9959);
#9958 = CARTESIAN_POINT('',(-1.5,0.,-39.));
#9959 = VECTOR('',#9960,1.);
#9960 = DIRECTION('',(-0.,-0.,-1.));
#9961 = PCURVE('',#9874,#9962);
#9962 = DEFINITIONAL_REPRESENTATION('',(#9963),#9966);
#9963 = B_SPLINE_CURVE_WITH_KNOTS('',1,(#9964,#9965),.UNSPECIFIED.,.F.,
  .F.,(2,2),(-6.0000006,5.999999999062E-07),.PIECEWISE_BEZIER_KNOTS.);
#9964 = CARTESIAN_POINT('',(-3.14159265359,-6.0000006));
#9965 = CARTESIAN_POINT('',(-3.14159265359,5.999999999062E-07));
#9966 = ( GEOMETRIC_REPRESENTATION_CONTEXT(2)
PARAMETRIC_REPRESENTATION_CONTEXT() REPRESENTATION_CONTEXT('2D SPACE',''
  ) );
#9967 = PCURVE('',#9968,#9973);
#9968 = PLANE('',#9969);
#9969 = AXIS2_PLACEMENT_3D('',#9970,#9971,#9972);
#9970 = CARTESIAN_POINT('',(-40.,0.,-80.));
#9971 = DIRECTION('',(0.,1.,0.));
#9972 = DIRECTION('',(0.,0.,1.));
#9973 = DEFINITIONAL_REPRESENTATION('',(#9974),#9977);
#9974 = B_SPLINE_CURVE_WITH_KNOTS('',1,(#9975,#9976),.UNSPECIFIED.,.F.,
  .F.,(2,2),(-6.0000006,5.999999999062E-07),.PIECEWISE_BEZIER_KNOTS.);
#9975 = CARTESIAN_POINT('',(47.0000006,38.5));
#9976 = CARTESIAN_POINT('',(40.9999994,38.5));
#9977 = ( GEOMETRIC_REPRESENTATION_CONTEXT(2)
PARAMETRIC_REPRESENTATION_CONTEXT() REPRESENTATION_CONTEXT('2D SPACE',''
  ) );
#9978 = ADVANCED_FACE('',(#9979),#9886,.F.);
#9979 = FACE_BOUND('',#9980,.F.);
#9980 = EDGE_LOOP('',(#9981,#10002,#10003,#10024));
#9981 = ORIENTED_EDGE('',*,*,#9982,.F.);
#9982 = EDGE_CURVE('',#9863,#9983,#9985,.T.);
#9983 = VERTEX_POINT('',#9984);
#9984 = CARTESIAN_POINT('',(0.8,8.258960729527E-17,-39.));
#9985 = SURFACE_CURVE('',#9986,(#9990,#9996),.PCURVE_S1.);
#9986 = LINE('',#9987,#9988);
#9987 = CARTESIAN_POINT('',(-20.,0.,-39.));
#9988 = VECTOR('',#9989,1.);
#9989 = DIRECTION('',(-1.,0.,0.));
#9990 = PCURVE('',#9886,#9991);
#9991 = DEFINITIONAL_REPRESENTATION('',(#9992),#9995);
#9992 = B_SPLINE_CURVE_WITH_KNOTS('',1,(#9993,#9994),.UNSPECIFIED.,.F.,
  .F.,(2,2),(-21.5,-18.5),.PIECEWISE_BEZIER_KNOTS.);
#9993 = CARTESIAN_POINT('',(1.5,-5.272100442092E-17));
#9994 = CARTESIAN_POINT('',(-1.5,-5.272100442092E-17));
#9995 = ( GEOMETRIC_REPRESENTATION_CONTEXT(2)
PARAMETRIC_REPRESENTATION_CONTEXT() REPRESENTATION_CONTEXT('2D SPACE',''
  ) );
#9996 = PCURVE('',#9914,#9997);
#9997 = DEFINITIONAL_REPRESENTATION('',(#9998),#10001);
#9998 = B_SPLINE_CURVE_WITH_KNOTS('',1,(#9999,#10000),.UNSPECIFIED.,.F.,
  .F.,(2,2),(-21.5,-18.5),.PIECEWISE_BEZIER_KNOTS.);
#9999 = CARTESIAN_POINT('',(41.,41.5));
#10000 = CARTESIAN_POINT('',(41.,38.5));
#10001 = ( GEOMETRIC_REPRESENTATION_CONTEXT(2)
PARAMETRIC_REPRESENTATION_CONTEXT() REPRESENTATION_CONTEXT('2D SPACE',''
  ) );
#10002 = ORIENTED_EDGE('',*,*,#9862,.T.);
#10003 = ORIENTED_EDGE('',*,*,#10004,.F.);
#10004 = EDGE_CURVE('',#10005,#9865,#10007,.T.);
#10005 = VERTEX_POINT('',#10006);
#10006 = CARTESIAN_POINT('',(-0.8,1.805613512271E-16,-39.));
#10007 = SURFACE_CURVE('',#10008,(#10012,#10018),.PCURVE_S1.);
#10008 = LINE('',#10009,#10010);
#10009 = CARTESIAN_POINT('',(-20.,0.,-39.));
#10010 = VECTOR('',#10011,1.);
#10011 = DIRECTION('',(-1.,0.,0.));
#10012 = PCURVE('',#9886,#10013);
#10013 = DEFINITIONAL_REPRESENTATION('',(#10014),#10017);
#10014 = B_SPLINE_CURVE_WITH_KNOTS('',1,(#10015,#10016),.UNSPECIFIED.,
  .F.,.F.,(2,2),(-21.5,-18.5),.PIECEWISE_BEZIER_KNOTS.);
#10015 = CARTESIAN_POINT('',(1.5,-5.272100442092E-17));
#10016 = CARTESIAN_POINT('',(-1.5,-5.272100442092E-17));
#10017 = ( GEOMETRIC_REPRESENTATION_CONTEXT(2)
PARAMETRIC_REPRESENTATION_CONTEXT() REPRESENTATION_CONTEXT('2D SPACE',''
  ) );
#10018 = PCURVE('',#9968,#10019);
#10019 = DEFINITIONAL_REPRESENTATION('',(#10020),#10023);
#10020 = B_SPLINE_CURVE_WITH_KNOTS('',1,(#10021,#10022),.UNSPECIFIED.,
  .F.,.F.,(2,2),(-21.5,-18.5),.PIECEWISE_BEZIER_KNOTS.);
#10021 = CARTESIAN_POINT('',(41.,41.5));
#10022 = CARTESIAN_POINT('',(41.,38.5));
#10023 = ( GEOMETRIC_REPRESENTATION_CONTEXT(2)
PARAMETRIC_REPRESENTATION_CONTEXT() REPRESENTATION_CONTEXT('2D SPACE',''
  ) );
#10024 = ORIENTED_EDGE('',*,*,#10025,.F.);
#10025 = EDGE_CURVE('',#9983,#10005,#10026,.T.);
#10026 = SURFACE_CURVE('',#10027,(#10032,#10039),.PCURVE_S1.);
#10027 = CIRCLE('',#10028,0.8);
#10028 = AXIS2_PLACEMENT_3D('',#10029,#10030,#10031);
#10029 = CARTESIAN_POINT('',(7.152805967472E-15,8.258960729527E-17,-39.)
  );
#10030 = DIRECTION('',(0.,0.,1.));
#10031 = DIRECTION('',(1.,0.,0.));
#10032 = PCURVE('',#9886,#10033);
#10033 = DEFINITIONAL_REPRESENTATION('',(#10034),#10038);
#10034 = CIRCLE('',#10035,0.8);
#10035 = AXIS2_PLACEMENT_2D('',#10036,#10037);
#10036 = CARTESIAN_POINT('',(7.238270975756E-15,2.986860287435E-17));
#10037 = DIRECTION('',(1.,0.));
#10038 = ( GEOMETRIC_REPRESENTATION_CONTEXT(2)
PARAMETRIC_REPRESENTATION_CONTEXT() REPRESENTATION_CONTEXT('2D SPACE',''
  ) );
#10039 = PCURVE('',#10040,#10045);
#10040 = CYLINDRICAL_SURFACE('',#10041,0.8);
#10041 = AXIS2_PLACEMENT_3D('',#10042,#10043,#10044);
#10042 = CARTESIAN_POINT('',(7.152805967472E-15,8.258960729527E-17,-39.)
  );
#10043 = DIRECTION('',(-0.,-0.,-1.));
#10044 = DIRECTION('',(1.,0.,0.));
#10045 = DEFINITIONAL_REPRESENTATION('',(#10046),#10050);
#10046 = LINE('',#10047,#10048);
#10047 = CARTESIAN_POINT('',(-0.,0.));
#10048 = VECTOR('',#10049,1.);
#10049 = DIRECTION('',(-1.,0.));
#10050 = ( GEOMETRIC_REPRESENTATION_CONTEXT(2)
PARAMETRIC_REPRESENTATION_CONTEXT() REPRESENTATION_CONTEXT('2D SPACE',''
  ) );
#10051 = ADVANCED_FACE('',(#10052),#9968,.F.);
#10052 = FACE_BOUND('',#10053,.F.);
#10053 = EDGE_LOOP('',(#10054,#10055,#10076,#10095));
#10054 = ORIENTED_EDGE('',*,*,#9955,.F.);
#10055 = ORIENTED_EDGE('',*,*,#10056,.F.);
#10056 = EDGE_CURVE('',#10057,#9927,#10059,.T.);
#10057 = VERTEX_POINT('',#10058);
#10058 = CARTESIAN_POINT('',(-0.8,1.805613512271E-16,-33.));
#10059 = SURFACE_CURVE('',#10060,(#10064,#10070),.PCURVE_S1.);
#10060 = LINE('',#10061,#10062);
#10061 = CARTESIAN_POINT('',(-20.,0.,-33.));
#10062 = VECTOR('',#10063,1.);
#10063 = DIRECTION('',(-1.,0.,0.));
#10064 = PCURVE('',#9968,#10065);
#10065 = DEFINITIONAL_REPRESENTATION('',(#10066),#10069);
#10066 = B_SPLINE_CURVE_WITH_KNOTS('',1,(#10067,#10068),.UNSPECIFIED.,
  .F.,.F.,(2,2),(-21.5,-18.5),.PIECEWISE_BEZIER_KNOTS.);
#10067 = CARTESIAN_POINT('',(47.,41.5));
#10068 = CARTESIAN_POINT('',(47.,38.5));
#10069 = ( GEOMETRIC_REPRESENTATION_CONTEXT(2)
PARAMETRIC_REPRESENTATION_CONTEXT() REPRESENTATION_CONTEXT('2D SPACE',''
  ) );
#10070 = PCURVE('',#9943,#10071);
#10071 = DEFINITIONAL_REPRESENTATION('',(#10072),#10075);
#10072 = B_SPLINE_CURVE_WITH_KNOTS('',1,(#10073,#10074),.UNSPECIFIED.,
  .F.,.F.,(2,2),(-21.5,-18.5),.PIECEWISE_BEZIER_KNOTS.);
#10073 = CARTESIAN_POINT('',(1.5,-5.272100442092E-17));
#10074 = CARTESIAN_POINT('',(-1.5,-5.272100442092E-17));
#10075 = ( GEOMETRIC_REPRESENTATION_CONTEXT(2)
PARAMETRIC_REPRESENTATION_CONTEXT() REPRESENTATION_CONTEXT('2D SPACE',''
  ) );
#10076 = ORIENTED_EDGE('',*,*,#10077,.T.);
#10077 = EDGE_CURVE('',#10057,#10005,#10078,.T.);
#10078 = SURFACE_CURVE('',#10079,(#10083,#10089),.PCURVE_S1.);
#10079 = LINE('',#10080,#10081);
#10080 = CARTESIAN_POINT('',(-0.8,0.,-39.));
#10081 = VECTOR('',#10082,1.);
#10082 = DIRECTION('',(-0.,-0.,-1.));
#10083 = PCURVE('',#9968,#10084);
#10084 = DEFINITIONAL_REPRESENTATION('',(#10085),#10088);
#10085 = B_SPLINE_CURVE_WITH_KNOTS('',1,(#10086,#10087),.UNSPECIFIED.,
  .F.,.F.,(2,2),(-6.0000006,5.999999999062E-07),
  .PIECEWISE_BEZIER_KNOTS.);
#10086 = CARTESIAN_POINT('',(47.0000006,39.2));
#10087 = CARTESIAN_POINT('',(40.9999994,39.2));
#10088 = ( GEOMETRIC_REPRESENTATION_CONTEXT(2)
PARAMETRIC_REPRESENTATION_CONTEXT() REPRESENTATION_CONTEXT('2D SPACE',''
  ) );
#10089 = PCURVE('',#10040,#10090);
#10090 = DEFINITIONAL_REPRESENTATION('',(#10091),#10094);
#10091 = B_SPLINE_CURVE_WITH_KNOTS('',1,(#10092,#10093),.UNSPECIFIED.,
  .F.,.F.,(2,2),(-6.0000006,5.999999999062E-07),
  .PIECEWISE_BEZIER_KNOTS.);
#10092 = CARTESIAN_POINT('',(-3.14159265359,-6.0000006));
#10093 = CARTESIAN_POINT('',(-3.14159265359,5.999999999062E-07));
#10094 = ( GEOMETRIC_REPRESENTATION_CONTEXT(2)
PARAMETRIC_REPRESENTATION_CONTEXT() REPRESENTATION_CONTEXT('2D SPACE',''
  ) );
#10095 = ORIENTED_EDGE('',*,*,#10004,.T.);
#10096 = ADVANCED_FACE('',(#10097),#9943,.T.);
#10097 = FACE_BOUND('',#10098,.T.);
#10098 = EDGE_LOOP('',(#10099,#10120,#10121,#10122));
#10099 = ORIENTED_EDGE('',*,*,#10100,.F.);
#10100 = EDGE_CURVE('',#9899,#10101,#10103,.T.);
#10101 = VERTEX_POINT('',#10102);
#10102 = CARTESIAN_POINT('',(0.8,8.258960729527E-17,-33.));
#10103 = SURFACE_CURVE('',#10104,(#10108,#10114),.PCURVE_S1.);
#10104 = LINE('',#10105,#10106);
#10105 = CARTESIAN_POINT('',(-20.,0.,-33.));
#10106 = VECTOR('',#10107,1.);
#10107 = DIRECTION('',(-1.,0.,0.));
#10108 = PCURVE('',#9943,#10109);
#10109 = DEFINITIONAL_REPRESENTATION('',(#10110),#10113);
#10110 = B_SPLINE_CURVE_WITH_KNOTS('',1,(#10111,#10112),.UNSPECIFIED.,
  .F.,.F.,(2,2),(-21.5,-18.5),.PIECEWISE_BEZIER_KNOTS.);
#10111 = CARTESIAN_POINT('',(1.5,-5.272100442092E-17));
#10112 = CARTESIAN_POINT('',(-1.5,-5.272100442092E-17));
#10113 = ( GEOMETRIC_REPRESENTATION_CONTEXT(2)
PARAMETRIC_REPRESENTATION_CONTEXT() REPRESENTATION_CONTEXT('2D SPACE',''
  ) );
#10114 = PCURVE('',#9914,#10115);
#10115 = DEFINITIONAL_REPRESENTATION('',(#10116),#10119);
#10116 = B_SPLINE_CURVE_WITH_KNOTS('',1,(#10117,#10118),.UNSPECIFIED.,
  .F.,.F.,(2,2),(-21.5,-18.5),.PIECEWISE_BEZIER_KNOTS.);
#10117 = CARTESIAN_POINT('',(47.,41.5));
#10118 = CARTESIAN_POINT('',(47.,38.5));
#10119 = ( GEOMETRIC_REPRESENTATION_CONTEXT(2)
PARAMETRIC_REPRESENTATION_CONTEXT() REPRESENTATION_CONTEXT('2D SPACE',''
  ) );
#10120 = ORIENTED_EDGE('',*,*,#9926,.T.);
#10121 = ORIENTED_EDGE('',*,*,#10056,.F.);
#10122 = ORIENTED_EDGE('',*,*,#10123,.F.);
#10123 = EDGE_CURVE('',#10101,#10057,#10124,.T.);
#10124 = SURFACE_CURVE('',#10125,(#10130,#10137),.PCURVE_S1.);
#10125 = CIRCLE('',#10126,0.8);
#10126 = AXIS2_PLACEMENT_3D('',#10127,#10128,#10129);
#10127 = CARTESIAN_POINT('',(7.152805967472E-15,8.258960729527E-17,-33.)
  );
#10128 = DIRECTION('',(0.,0.,1.));
#10129 = DIRECTION('',(1.,0.,0.));
#10130 = PCURVE('',#9943,#10131);
#10131 = DEFINITIONAL_REPRESENTATION('',(#10132),#10136);
#10132 = CIRCLE('',#10133,0.8);
#10133 = AXIS2_PLACEMENT_2D('',#10134,#10135);
#10134 = CARTESIAN_POINT('',(7.238270975756E-15,2.986860287435E-17));
#10135 = DIRECTION('',(1.,0.));
#10136 = ( GEOMETRIC_REPRESENTATION_CONTEXT(2)
PARAMETRIC_REPRESENTATION_CONTEXT() REPRESENTATION_CONTEXT('2D SPACE',''
  ) );
#10137 = PCURVE('',#10040,#10138);
#10138 = DEFINITIONAL_REPRESENTATION('',(#10139),#10143);
#10139 = LINE('',#10140,#10141);
#10140 = CARTESIAN_POINT('',(-0.,-6.));
#10141 = VECTOR('',#10142,1.);
#10142 = DIRECTION('',(-1.,0.));
#10143 = ( GEOMETRIC_REPRESENTATION_CONTEXT(2)
PARAMETRIC_REPRESENTATION_CONTEXT() REPRESENTATION_CONTEXT('2D SPACE',''
  ) );
#10144 = ADVANCED_FACE('',(#10145),#9914,.F.);
#10145 = FACE_BOUND('',#10146,.F.);
#10146 = EDGE_LOOP('',(#10147,#10148,#10149,#10170));
#10147 = ORIENTED_EDGE('',*,*,#9898,.F.);
#10148 = ORIENTED_EDGE('',*,*,#9982,.T.);
#10149 = ORIENTED_EDGE('',*,*,#10150,.T.);
#10150 = EDGE_CURVE('',#9983,#10101,#10151,.T.);
#10151 = SURFACE_CURVE('',#10152,(#10156,#10163),.PCURVE_S1.);
#10152 = LINE('',#10153,#10154);
#10153 = CARTESIAN_POINT('',(0.8,8.258960729527E-17,-39.));
#10154 = VECTOR('',#10155,1.);
#10155 = DIRECTION('',(0.,0.,1.));
#10156 = PCURVE('',#9914,#10157);
#10157 = DEFINITIONAL_REPRESENTATION('',(#10158),#10162);
#10158 = LINE('',#10159,#10160);
#10159 = CARTESIAN_POINT('',(41.,40.8));
#10160 = VECTOR('',#10161,1.);
#10161 = DIRECTION('',(1.,0.));
#10162 = ( GEOMETRIC_REPRESENTATION_CONTEXT(2)
PARAMETRIC_REPRESENTATION_CONTEXT() REPRESENTATION_CONTEXT('2D SPACE',''
  ) );
#10163 = PCURVE('',#10040,#10164);
#10164 = DEFINITIONAL_REPRESENTATION('',(#10165),#10169);
#10165 = LINE('',#10166,#10167);
#10166 = CARTESIAN_POINT('',(-0.,0.));
#10167 = VECTOR('',#10168,1.);
#10168 = DIRECTION('',(-0.,-1.));
#10169 = ( GEOMETRIC_REPRESENTATION_CONTEXT(2)
PARAMETRIC_REPRESENTATION_CONTEXT() REPRESENTATION_CONTEXT('2D SPACE',''
  ) );
#10170 = ORIENTED_EDGE('',*,*,#10100,.F.);
#10171 = ADVANCED_FACE('',(#10172),#10040,.F.);
#10172 = FACE_BOUND('',#10173,.T.);
#10173 = EDGE_LOOP('',(#10174,#10175,#10176,#10177));
#10174 = ORIENTED_EDGE('',*,*,#10025,.F.);
#10175 = ORIENTED_EDGE('',*,*,#10150,.T.);
#10176 = ORIENTED_EDGE('',*,*,#10123,.T.);
#10177 = ORIENTED_EDGE('',*,*,#10077,.T.);
#10178 = ( GEOMETRIC_REPRESENTATION_CONTEXT(3)
GLOBAL_UNCERTAINTY_ASSIGNED_CONTEXT((#10182))
GLOBAL_UNIT_ASSIGNED_CONTEXT((#10179,#10180,#10181))
REPRESENTATION_CONTEXT('Context #1',
  '3D Context with UNIT and UNCERTAINTY') );
#10179 = ( LENGTH_UNIT() NAMED_UNIT(*) SI_UNIT(.MILLI.,.METRE.) );
#10180 = ( NAMED_UNIT(*) PLANE_ANGLE_UNIT() SI_UNIT($,.RADIAN.) );
#10181 = ( NAMED_UNIT(*) SI_UNIT($,.STERADIAN.) SOLID_ANGLE_UNIT() );
#10182 = UNCERTAINTY_MEASURE_WITH_UNIT(LENGTH_MEASURE(2.E-07),#10179,
  'distance_accuracy_value','confusion accuracy');
#10183 = CONTEXT_DEPENDENT_SHAPE_REPRESENTATION(#10184,#10186);
#10184 = ( REPRESENTATION_RELATIONSHIP('','',#9855,#10)
REPRESENTATION_RELATIONSHIP_WITH_TRANSFORMATION(#10185)
SHAPE_REPRESENTATION_RELATIONSHIP() );
#10185 = ITEM_DEFINED_TRANSFORMATION('','',#11,#83);
#10186 = PRODUCT_DEFINITION_SHAPE('Placement','Placement of an item',
  #10187);
#10187 = NEXT_ASSEMBLY_USAGE_OCCURRENCE('106',
  'compression_bushing_ENVELOPE','',#5,#9850,$);
#10188 = PRODUCT_RELATED_PRODUCT_CATEGORY('part',$,(#9852));
#10189 = SHAPE_DEFINITION_REPRESENTATION(#10190,#10196);
#10190 = PRODUCT_DEFINITION_SHAPE('','',#10191);
#10191 = PRODUCT_DEFINITION('design','',#10192,#10195);
#10192 = PRODUCT_DEFINITION_FORMATION('','',#10193);
#10193 = PRODUCT('C01800120560X_INSTALLED_ENVELOPE_not_wire',
  'C01800120560X_INSTALLED_ENVELOPE_not_wire','',(#10194));
#10194 = PRODUCT_CONTEXT('',#2,'mechanical');
#10195 = PRODUCT_DEFINITION_CONTEXT('part definition',#2,'design');
#10196 = ADVANCED_BREP_SHAPE_REPRESENTATION('',(#11,#10197),#10519);
#10197 = MANIFOLD_SOLID_BREP('',#10198);
#10198 = CLOSED_SHELL('',(#10199,#10319,#10392,#10437,#10485,#10512));
#10199 = ADVANCED_FACE('',(#10200),#10215,.T.);
#10200 = FACE_BOUND('',#10201,.F.);
#10201 = EDGE_LOOP('',(#10202,#10238,#10266,#10295));
#10202 = ORIENTED_EDGE('',*,*,#10203,.F.);
#10203 = EDGE_CURVE('',#10204,#10206,#10208,.T.);
#10204 = VERTEX_POINT('',#10205);
#10205 = CARTESIAN_POINT('',(2.3,0.,-28.45));
#10206 = VERTEX_POINT('',#10207);
#10207 = CARTESIAN_POINT('',(-2.3,2.816687638039E-16,-28.45));
#10208 = SURFACE_CURVE('',#10209,(#10214,#10226),.PCURVE_S1.);
#10209 = CIRCLE('',#10210,2.3);
#10210 = AXIS2_PLACEMENT_3D('',#10211,#10212,#10213);
#10211 = CARTESIAN_POINT('',(0.,0.,-28.45));
#10212 = DIRECTION('',(0.,0.,1.));
#10213 = DIRECTION('',(1.,0.,0.));
#10214 = PCURVE('',#10215,#10220);
#10215 = CYLINDRICAL_SURFACE('',#10216,2.3);
#10216 = AXIS2_PLACEMENT_3D('',#10217,#10218,#10219);
#10217 = CARTESIAN_POINT('',(0.,0.,-28.45));
#10218 = DIRECTION('',(-0.,-0.,-1.));
#10219 = DIRECTION('',(1.,0.,0.));
#10220 = DEFINITIONAL_REPRESENTATION('',(#10221),#10225);
#10221 = LINE('',#10222,#10223);
#10222 = CARTESIAN_POINT('',(-0.,0.));
#10223 = VECTOR('',#10224,1.);
#10224 = DIRECTION('',(-1.,0.));
#10225 = ( GEOMETRIC_REPRESENTATION_CONTEXT(2)
PARAMETRIC_REPRESENTATION_CONTEXT() REPRESENTATION_CONTEXT('2D SPACE',''
  ) );
#10226 = PCURVE('',#10227,#10232);
#10227 = PLANE('',#10228);
#10228 = AXIS2_PLACEMENT_3D('',#10229,#10230,#10231);
#10229 = CARTESIAN_POINT('',(-2.229521955227E-16,1.290626075881E-16,
    -28.45));
#10230 = DIRECTION('',(0.,0.,1.));
#10231 = DIRECTION('',(1.,0.,-0.));
#10232 = DEFINITIONAL_REPRESENTATION('',(#10233),#10237);
#10233 = CIRCLE('',#10234,2.3);
#10234 = AXIS2_PLACEMENT_2D('',#10235,#10236);
#10235 = CARTESIAN_POINT('',(2.229521955227E-16,-1.290626075881E-16));
#10236 = DIRECTION('',(1.,0.));
#10237 = ( GEOMETRIC_REPRESENTATION_CONTEXT(2)
PARAMETRIC_REPRESENTATION_CONTEXT() REPRESENTATION_CONTEXT('2D SPACE',''
  ) );
#10238 = ORIENTED_EDGE('',*,*,#10239,.T.);
#10239 = EDGE_CURVE('',#10204,#10240,#10242,.T.);
#10240 = VERTEX_POINT('',#10241);
#10241 = CARTESIAN_POINT('',(2.3,0.,-15.));
#10242 = SURFACE_CURVE('',#10243,(#10247,#10254),.PCURVE_S1.);
#10243 = LINE('',#10244,#10245);
#10244 = CARTESIAN_POINT('',(2.3,0.,-28.45));
#10245 = VECTOR('',#10246,1.);
#10246 = DIRECTION('',(0.,0.,1.));
#10247 = PCURVE('',#10215,#10248);
#10248 = DEFINITIONAL_REPRESENTATION('',(#10249),#10253);
#10249 = LINE('',#10250,#10251);
#10250 = CARTESIAN_POINT('',(-0.,0.));
#10251 = VECTOR('',#10252,1.);
#10252 = DIRECTION('',(-0.,-1.));
#10253 = ( GEOMETRIC_REPRESENTATION_CONTEXT(2)
PARAMETRIC_REPRESENTATION_CONTEXT() REPRESENTATION_CONTEXT('2D SPACE',''
  ) );
#10254 = PCURVE('',#10255,#10260);
#10255 = PLANE('',#10256);
#10256 = AXIS2_PLACEMENT_3D('',#10257,#10258,#10259);
#10257 = CARTESIAN_POINT('',(-40.,0.,-80.));
#10258 = DIRECTION('',(0.,1.,0.));
#10259 = DIRECTION('',(0.,0.,1.));
#10260 = DEFINITIONAL_REPRESENTATION('',(#10261),#10265);
#10261 = LINE('',#10262,#10263);
#10262 = CARTESIAN_POINT('',(51.55,42.3));
#10263 = VECTOR('',#10264,1.);
#10264 = DIRECTION('',(1.,0.));
#10265 = ( GEOMETRIC_REPRESENTATION_CONTEXT(2)
PARAMETRIC_REPRESENTATION_CONTEXT() REPRESENTATION_CONTEXT('2D SPACE',''
  ) );
#10266 = ORIENTED_EDGE('',*,*,#10267,.T.);
#10267 = EDGE_CURVE('',#10240,#10268,#10270,.T.);
#10268 = VERTEX_POINT('',#10269);
#10269 = CARTESIAN_POINT('',(-2.3,2.816687638039E-16,-15.));
#10270 = SURFACE_CURVE('',#10271,(#10276,#10283),.PCURVE_S1.);
#10271 = CIRCLE('',#10272,2.3);
#10272 = AXIS2_PLACEMENT_3D('',#10273,#10274,#10275);
#10273 = CARTESIAN_POINT('',(0.,0.,-15.));
#10274 = DIRECTION('',(0.,0.,1.));
#10275 = DIRECTION('',(1.,0.,0.));
#10276 = PCURVE('',#10215,#10277);
#10277 = DEFINITIONAL_REPRESENTATION('',(#10278),#10282);
#10278 = LINE('',#10279,#10280);
#10279 = CARTESIAN_POINT('',(-0.,-13.45));
#10280 = VECTOR('',#10281,1.);
#10281 = DIRECTION('',(-1.,0.));
#10282 = ( GEOMETRIC_REPRESENTATION_CONTEXT(2)
PARAMETRIC_REPRESENTATION_CONTEXT() REPRESENTATION_CONTEXT('2D SPACE',''
  ) );
#10283 = PCURVE('',#10284,#10289);
#10284 = PLANE('',#10285);
#10285 = AXIS2_PLACEMENT_3D('',#10286,#10287,#10288);
#10286 = CARTESIAN_POINT('',(-2.229521955227E-16,1.290626075881E-16,-15.
    ));
#10287 = DIRECTION('',(0.,0.,1.));
#10288 = DIRECTION('',(1.,0.,-0.));
#10289 = DEFINITIONAL_REPRESENTATION('',(#10290),#10294);
#10290 = CIRCLE('',#10291,2.3);
#10291 = AXIS2_PLACEMENT_2D('',#10292,#10293);
#10292 = CARTESIAN_POINT('',(2.229521955227E-16,-1.290626075881E-16));
#10293 = DIRECTION('',(1.,0.));
#10294 = ( GEOMETRIC_REPRESENTATION_CONTEXT(2)
PARAMETRIC_REPRESENTATION_CONTEXT() REPRESENTATION_CONTEXT('2D SPACE',''
  ) );
#10295 = ORIENTED_EDGE('',*,*,#10296,.T.);
#10296 = EDGE_CURVE('',#10268,#10206,#10297,.T.);
#10297 = SURFACE_CURVE('',#10298,(#10302,#10308),.PCURVE_S1.);
#10298 = LINE('',#10299,#10300);
#10299 = CARTESIAN_POINT('',(-2.3,0.,-28.45));
#10300 = VECTOR('',#10301,1.);
#10301 = DIRECTION('',(-0.,-0.,-1.));
#10302 = PCURVE('',#10215,#10303);
#10303 = DEFINITIONAL_REPRESENTATION('',(#10304),#10307);
#10304 = B_SPLINE_CURVE_WITH_KNOTS('',1,(#10305,#10306),.UNSPECIFIED.,
  .F.,.F.,(2,2),(-13.4500006,5.999999999062E-07),
  .PIECEWISE_BEZIER_KNOTS.);
#10305 = CARTESIAN_POINT('',(-3.14159265359,-13.4500006));
#10306 = CARTESIAN_POINT('',(-3.14159265359,5.999999999062E-07));
#10307 = ( GEOMETRIC_REPRESENTATION_CONTEXT(2)
PARAMETRIC_REPRESENTATION_CONTEXT() REPRESENTATION_CONTEXT('2D SPACE',''
  ) );
#10308 = PCURVE('',#10309,#10314);
#10309 = PLANE('',#10310);
#10310 = AXIS2_PLACEMENT_3D('',#10311,#10312,#10313);
#10311 = CARTESIAN_POINT('',(-40.,0.,-80.));
#10312 = DIRECTION('',(0.,1.,0.));
#10313 = DIRECTION('',(0.,0.,1.));
#10314 = DEFINITIONAL_REPRESENTATION('',(#10315),#10318);
#10315 = B_SPLINE_CURVE_WITH_KNOTS('',1,(#10316,#10317),.UNSPECIFIED.,
  .F.,.F.,(2,2),(-13.4500006,5.999999999062E-07),
  .PIECEWISE_BEZIER_KNOTS.);
#10316 = CARTESIAN_POINT('',(65.0000006,37.7));
#10317 = CARTESIAN_POINT('',(51.5499994,37.7));
#10318 = ( GEOMETRIC_REPRESENTATION_CONTEXT(2)
PARAMETRIC_REPRESENTATION_CONTEXT() REPRESENTATION_CONTEXT('2D SPACE',''
  ) );
#10319 = ADVANCED_FACE('',(#10320),#10227,.F.);
#10320 = FACE_BOUND('',#10321,.F.);
#10321 = EDGE_LOOP('',(#10322,#10343,#10344,#10365));
#10322 = ORIENTED_EDGE('',*,*,#10323,.F.);
#10323 = EDGE_CURVE('',#10204,#10324,#10326,.T.);
#10324 = VERTEX_POINT('',#10325);
#10325 = CARTESIAN_POINT('',(2.,2.087018053189E-17,-28.45));
#10326 = SURFACE_CURVE('',#10327,(#10331,#10337),.PCURVE_S1.);
#10327 = LINE('',#10328,#10329);
#10328 = CARTESIAN_POINT('',(-20.,0.,-28.45));
#10329 = VECTOR('',#10330,1.);
#10330 = DIRECTION('',(-1.,0.,0.));
#10331 = PCURVE('',#10227,#10332);
#10332 = DEFINITIONAL_REPRESENTATION('',(#10333),#10336);
#10333 = B_SPLINE_CURVE_WITH_KNOTS('',1,(#10334,#10335),.UNSPECIFIED.,
  .F.,.F.,(2,2),(-22.3,-17.7),.PIECEWISE_BEZIER_KNOTS.);
#10334 = CARTESIAN_POINT('',(2.3,-1.290626075881E-16));
#10335 = CARTESIAN_POINT('',(-2.3,-1.290626075881E-16));
#10336 = ( GEOMETRIC_REPRESENTATION_CONTEXT(2)
PARAMETRIC_REPRESENTATION_CONTEXT() REPRESENTATION_CONTEXT('2D SPACE',''
  ) );
#10337 = PCURVE('',#10255,#10338);
#10338 = DEFINITIONAL_REPRESENTATION('',(#10339),#10342);
#10339 = B_SPLINE_CURVE_WITH_KNOTS('',1,(#10340,#10341),.UNSPECIFIED.,
  .F.,.F.,(2,2),(-22.3,-17.7),.PIECEWISE_BEZIER_KNOTS.);
#10340 = CARTESIAN_POINT('',(51.55,42.3));
#10341 = CARTESIAN_POINT('',(51.55,37.7));
#10342 = ( GEOMETRIC_REPRESENTATION_CONTEXT(2)
PARAMETRIC_REPRESENTATION_CONTEXT() REPRESENTATION_CONTEXT('2D SPACE',''
  ) );
#10343 = ORIENTED_EDGE('',*,*,#10203,.T.);
#10344 = ORIENTED_EDGE('',*,*,#10345,.F.);
#10345 = EDGE_CURVE('',#10346,#10206,#10348,.T.);
#10346 = VERTEX_POINT('',#10347);
#10347 = CARTESIAN_POINT('',(-2.,2.657995403614E-16,-28.45));
#10348 = SURFACE_CURVE('',#10349,(#10353,#10359),.PCURVE_S1.);
#10349 = LINE('',#10350,#10351);
#10350 = CARTESIAN_POINT('',(-20.,0.,-28.45));
#10351 = VECTOR('',#10352,1.);
#10352 = DIRECTION('',(-1.,0.,0.));
#10353 = PCURVE('',#10227,#10354);
#10354 = DEFINITIONAL_REPRESENTATION('',(#10355),#10358);
#10355 = B_SPLINE_CURVE_WITH_KNOTS('',1,(#10356,#10357),.UNSPECIFIED.,
  .F.,.F.,(2,2),(-22.3,-17.7),.PIECEWISE_BEZIER_KNOTS.);
#10356 = CARTESIAN_POINT('',(2.3,-1.290626075881E-16));
#10357 = CARTESIAN_POINT('',(-2.3,-1.290626075881E-16));
#10358 = ( GEOMETRIC_REPRESENTATION_CONTEXT(2)
PARAMETRIC_REPRESENTATION_CONTEXT() REPRESENTATION_CONTEXT('2D SPACE',''
  ) );
#10359 = PCURVE('',#10309,#10360);
#10360 = DEFINITIONAL_REPRESENTATION('',(#10361),#10364);
#10361 = B_SPLINE_CURVE_WITH_KNOTS('',1,(#10362,#10363),.UNSPECIFIED.,
  .F.,.F.,(2,2),(-22.3,-17.7),.PIECEWISE_BEZIER_KNOTS.);
#10362 = CARTESIAN_POINT('',(51.55,42.3));
#10363 = CARTESIAN_POINT('',(51.55,37.7));
#10364 = ( GEOMETRIC_REPRESENTATION_CONTEXT(2)
PARAMETRIC_REPRESENTATION_CONTEXT() REPRESENTATION_CONTEXT('2D SPACE',''
  ) );
#10365 = ORIENTED_EDGE('',*,*,#10366,.F.);
#10366 = EDGE_CURVE('',#10324,#10346,#10367,.T.);
#10367 = SURFACE_CURVE('',#10368,(#10373,#10380),.PCURVE_S1.);
#10368 = CIRCLE('',#10369,2.);
#10369 = AXIS2_PLACEMENT_3D('',#10370,#10371,#10372);
#10370 = CARTESIAN_POINT('',(1.096427430758E-14,2.087018053189E-17,
    -28.45));
#10371 = DIRECTION('',(0.,0.,1.));
#10372 = DIRECTION('',(1.,0.,0.));
#10373 = PCURVE('',#10227,#10374);
#10374 = DEFINITIONAL_REPRESENTATION('',(#10375),#10379);
#10375 = CIRCLE('',#10376,2.);
#10376 = AXIS2_PLACEMENT_2D('',#10377,#10378);
#10377 = CARTESIAN_POINT('',(1.11872265031E-14,-1.081924270562E-16));
#10378 = DIRECTION('',(1.,0.));
#10379 = ( GEOMETRIC_REPRESENTATION_CONTEXT(2)
PARAMETRIC_REPRESENTATION_CONTEXT() REPRESENTATION_CONTEXT('2D SPACE',''
  ) );
#10380 = PCURVE('',#10381,#10386);
#10381 = CYLINDRICAL_SURFACE('',#10382,2.);
#10382 = AXIS2_PLACEMENT_3D('',#10383,#10384,#10385);
#10383 = CARTESIAN_POINT('',(1.096427430758E-14,2.087018053189E-17,
    -28.45));
#10384 = DIRECTION('',(-0.,-0.,-1.));
#10385 = DIRECTION('',(1.,0.,0.));
#10386 = DEFINITIONAL_REPRESENTATION('',(#10387),#10391);
#10387 = LINE('',#10388,#10389);
#10388 = CARTESIAN_POINT('',(-0.,0.));
#10389 = VECTOR('',#10390,1.);
#10390 = DIRECTION('',(-1.,0.));
#10391 = ( GEOMETRIC_REPRESENTATION_CONTEXT(2)
PARAMETRIC_REPRESENTATION_CONTEXT() REPRESENTATION_CONTEXT('2D SPACE',''
  ) );
#10392 = ADVANCED_FACE('',(#10393),#10309,.F.);
#10393 = FACE_BOUND('',#10394,.F.);
#10394 = EDGE_LOOP('',(#10395,#10396,#10417,#10436));
#10395 = ORIENTED_EDGE('',*,*,#10296,.F.);
#10396 = ORIENTED_EDGE('',*,*,#10397,.F.);
#10397 = EDGE_CURVE('',#10398,#10268,#10400,.T.);
#10398 = VERTEX_POINT('',#10399);
#10399 = CARTESIAN_POINT('',(-2.,2.657995403614E-16,-15.));
#10400 = SURFACE_CURVE('',#10401,(#10405,#10411),.PCURVE_S1.);
#10401 = LINE('',#10402,#10403);
#10402 = CARTESIAN_POINT('',(-20.,0.,-15.));
#10403 = VECTOR('',#10404,1.);
#10404 = DIRECTION('',(-1.,0.,0.));
#10405 = PCURVE('',#10309,#10406);
#10406 = DEFINITIONAL_REPRESENTATION('',(#10407),#10410);
#10407 = B_SPLINE_CURVE_WITH_KNOTS('',1,(#10408,#10409),.UNSPECIFIED.,
  .F.,.F.,(2,2),(-22.3,-17.7),.PIECEWISE_BEZIER_KNOTS.);
#10408 = CARTESIAN_POINT('',(65.,42.3));
#10409 = CARTESIAN_POINT('',(65.,37.7));
#10410 = ( GEOMETRIC_REPRESENTATION_CONTEXT(2)
PARAMETRIC_REPRESENTATION_CONTEXT() REPRESENTATION_CONTEXT('2D SPACE',''
  ) );
#10411 = PCURVE('',#10284,#10412);
#10412 = DEFINITIONAL_REPRESENTATION('',(#10413),#10416);
#10413 = B_SPLINE_CURVE_WITH_KNOTS('',1,(#10414,#10415),.UNSPECIFIED.,
  .F.,.F.,(2,2),(-22.3,-17.7),.PIECEWISE_BEZIER_KNOTS.);
#10414 = CARTESIAN_POINT('',(2.3,-1.290626075881E-16));
#10415 = CARTESIAN_POINT('',(-2.3,-1.290626075881E-16));
#10416 = ( GEOMETRIC_REPRESENTATION_CONTEXT(2)
PARAMETRIC_REPRESENTATION_CONTEXT() REPRESENTATION_CONTEXT('2D SPACE',''
  ) );
#10417 = ORIENTED_EDGE('',*,*,#10418,.T.);
#10418 = EDGE_CURVE('',#10398,#10346,#10419,.T.);
#10419 = SURFACE_CURVE('',#10420,(#10424,#10430),.PCURVE_S1.);
#10420 = LINE('',#10421,#10422);
#10421 = CARTESIAN_POINT('',(-2.,0.,-28.45));
#10422 = VECTOR('',#10423,1.);
#10423 = DIRECTION('',(-0.,-0.,-1.));
#10424 = PCURVE('',#10309,#10425);
#10425 = DEFINITIONAL_REPRESENTATION('',(#10426),#10429);
#10426 = B_SPLINE_CURVE_WITH_KNOTS('',1,(#10427,#10428),.UNSPECIFIED.,
  .F.,.F.,(2,2),(-13.4500006,5.999999999062E-07),
  .PIECEWISE_BEZIER_KNOTS.);
#10427 = CARTESIAN_POINT('',(65.0000006,38.));
#10428 = CARTESIAN_POINT('',(51.5499994,38.));
#10429 = ( GEOMETRIC_REPRESENTATION_CONTEXT(2)
PARAMETRIC_REPRESENTATION_CONTEXT() REPRESENTATION_CONTEXT('2D SPACE',''
  ) );
#10430 = PCURVE('',#10381,#10431);
#10431 = DEFINITIONAL_REPRESENTATION('',(#10432),#10435);
#10432 = B_SPLINE_CURVE_WITH_KNOTS('',1,(#10433,#10434),.UNSPECIFIED.,
  .F.,.F.,(2,2),(-13.4500006,5.999999999062E-07),
  .PIECEWISE_BEZIER_KNOTS.);
#10433 = CARTESIAN_POINT('',(-3.14159265359,-13.4500006));
#10434 = CARTESIAN_POINT('',(-3.14159265359,5.999999999062E-07));
#10435 = ( GEOMETRIC_REPRESENTATION_CONTEXT(2)
PARAMETRIC_REPRESENTATION_CONTEXT() REPRESENTATION_CONTEXT('2D SPACE',''
  ) );
#10436 = ORIENTED_EDGE('',*,*,#10345,.T.);
#10437 = ADVANCED_FACE('',(#10438),#10284,.T.);
#10438 = FACE_BOUND('',#10439,.T.);
#10439 = EDGE_LOOP('',(#10440,#10461,#10462,#10463));
#10440 = ORIENTED_EDGE('',*,*,#10441,.F.);
#10441 = EDGE_CURVE('',#10240,#10442,#10444,.T.);
#10442 = VERTEX_POINT('',#10443);
#10443 = CARTESIAN_POINT('',(2.,2.087018053189E-17,-15.));
#10444 = SURFACE_CURVE('',#10445,(#10449,#10455),.PCURVE_S1.);
#10445 = LINE('',#10446,#10447);
#10446 = CARTESIAN_POINT('',(-20.,0.,-15.));
#10447 = VECTOR('',#10448,1.);
#10448 = DIRECTION('',(-1.,0.,0.));
#10449 = PCURVE('',#10284,#10450);
#10450 = DEFINITIONAL_REPRESENTATION('',(#10451),#10454);
#10451 = B_SPLINE_CURVE_WITH_KNOTS('',1,(#10452,#10453),.UNSPECIFIED.,
  .F.,.F.,(2,2),(-22.3,-17.7),.PIECEWISE_BEZIER_KNOTS.);
#10452 = CARTESIAN_POINT('',(2.3,-1.290626075881E-16));
#10453 = CARTESIAN_POINT('',(-2.3,-1.290626075881E-16));
#10454 = ( GEOMETRIC_REPRESENTATION_CONTEXT(2)
PARAMETRIC_REPRESENTATION_CONTEXT() REPRESENTATION_CONTEXT('2D SPACE',''
  ) );
#10455 = PCURVE('',#10255,#10456);
#10456 = DEFINITIONAL_REPRESENTATION('',(#10457),#10460);
#10457 = B_SPLINE_CURVE_WITH_KNOTS('',1,(#10458,#10459),.UNSPECIFIED.,
  .F.,.F.,(2,2),(-22.3,-17.7),.PIECEWISE_BEZIER_KNOTS.);
#10458 = CARTESIAN_POINT('',(65.,42.3));
#10459 = CARTESIAN_POINT('',(65.,37.7));
#10460 = ( GEOMETRIC_REPRESENTATION_CONTEXT(2)
PARAMETRIC_REPRESENTATION_CONTEXT() REPRESENTATION_CONTEXT('2D SPACE',''
  ) );
#10461 = ORIENTED_EDGE('',*,*,#10267,.T.);
#10462 = ORIENTED_EDGE('',*,*,#10397,.F.);
#10463 = ORIENTED_EDGE('',*,*,#10464,.F.);
#10464 = EDGE_CURVE('',#10442,#10398,#10465,.T.);
#10465 = SURFACE_CURVE('',#10466,(#10471,#10478),.PCURVE_S1.);
#10466 = CIRCLE('',#10467,2.);
#10467 = AXIS2_PLACEMENT_3D('',#10468,#10469,#10470);
#10468 = CARTESIAN_POINT('',(1.096427430758E-14,2.087018053189E-17,-15.)
  );
#10469 = DIRECTION('',(0.,0.,1.));
#10470 = DIRECTION('',(1.,0.,0.));
#10471 = PCURVE('',#10284,#10472);
#10472 = DEFINITIONAL_REPRESENTATION('',(#10473),#10477);
#10473 = CIRCLE('',#10474,2.);
#10474 = AXIS2_PLACEMENT_2D('',#10475,#10476);
#10475 = CARTESIAN_POINT('',(1.11872265031E-14,-1.081924270562E-16));
#10476 = DIRECTION('',(1.,0.));
#10477 = ( GEOMETRIC_REPRESENTATION_CONTEXT(2)
PARAMETRIC_REPRESENTATION_CONTEXT() REPRESENTATION_CONTEXT('2D SPACE',''
  ) );
#10478 = PCURVE('',#10381,#10479);
#10479 = DEFINITIONAL_REPRESENTATION('',(#10480),#10484);
#10480 = LINE('',#10481,#10482);
#10481 = CARTESIAN_POINT('',(-0.,-13.45));
#10482 = VECTOR('',#10483,1.);
#10483 = DIRECTION('',(-1.,0.));
#10484 = ( GEOMETRIC_REPRESENTATION_CONTEXT(2)
PARAMETRIC_REPRESENTATION_CONTEXT() REPRESENTATION_CONTEXT('2D SPACE',''
  ) );
#10485 = ADVANCED_FACE('',(#10486),#10255,.F.);
#10486 = FACE_BOUND('',#10487,.F.);
#10487 = EDGE_LOOP('',(#10488,#10489,#10490,#10511));
#10488 = ORIENTED_EDGE('',*,*,#10239,.F.);
#10489 = ORIENTED_EDGE('',*,*,#10323,.T.);
#10490 = ORIENTED_EDGE('',*,*,#10491,.T.);
#10491 = EDGE_CURVE('',#10324,#10442,#10492,.T.);
#10492 = SURFACE_CURVE('',#10493,(#10497,#10504),.PCURVE_S1.);
#10493 = LINE('',#10494,#10495);
#10494 = CARTESIAN_POINT('',(2.,2.087018053189E-17,-28.45));
#10495 = VECTOR('',#10496,1.);
#10496 = DIRECTION('',(0.,0.,1.));
#10497 = PCURVE('',#10255,#10498);
#10498 = DEFINITIONAL_REPRESENTATION('',(#10499),#10503);
#10499 = LINE('',#10500,#10501);
#10500 = CARTESIAN_POINT('',(51.55,42.));
#10501 = VECTOR('',#10502,1.);
#10502 = DIRECTION('',(1.,0.));
#10503 = ( GEOMETRIC_REPRESENTATION_CONTEXT(2)
PARAMETRIC_REPRESENTATION_CONTEXT() REPRESENTATION_CONTEXT('2D SPACE',''
  ) );
#10504 = PCURVE('',#10381,#10505);
#10505 = DEFINITIONAL_REPRESENTATION('',(#10506),#10510);
#10506 = LINE('',#10507,#10508);
#10507 = CARTESIAN_POINT('',(-0.,0.));
#10508 = VECTOR('',#10509,1.);
#10509 = DIRECTION('',(-0.,-1.));
#10510 = ( GEOMETRIC_REPRESENTATION_CONTEXT(2)
PARAMETRIC_REPRESENTATION_CONTEXT() REPRESENTATION_CONTEXT('2D SPACE',''
  ) );
#10511 = ORIENTED_EDGE('',*,*,#10441,.F.);
#10512 = ADVANCED_FACE('',(#10513),#10381,.F.);
#10513 = FACE_BOUND('',#10514,.T.);
#10514 = EDGE_LOOP('',(#10515,#10516,#10517,#10518));
#10515 = ORIENTED_EDGE('',*,*,#10366,.F.);
#10516 = ORIENTED_EDGE('',*,*,#10491,.T.);
#10517 = ORIENTED_EDGE('',*,*,#10464,.T.);
#10518 = ORIENTED_EDGE('',*,*,#10418,.T.);
#10519 = ( GEOMETRIC_REPRESENTATION_CONTEXT(3)
GLOBAL_UNCERTAINTY_ASSIGNED_CONTEXT((#10523))
GLOBAL_UNIT_ASSIGNED_CONTEXT((#10520,#10521,#10522))
REPRESENTATION_CONTEXT('Context #1',
  '3D Context with UNIT and UNCERTAINTY') );
#10520 = ( LENGTH_UNIT() NAMED_UNIT(*) SI_UNIT(.MILLI.,.METRE.) );
#10521 = ( NAMED_UNIT(*) PLANE_ANGLE_UNIT() SI_UNIT($,.RADIAN.) );
#10522 = ( NAMED_UNIT(*) SI_UNIT($,.STERADIAN.) SOLID_ANGLE_UNIT() );
#10523 = UNCERTAINTY_MEASURE_WITH_UNIT(LENGTH_MEASURE(2.E-07),#10520,
  'distance_accuracy_value','confusion accuracy');
#10524 = CONTEXT_DEPENDENT_SHAPE_REPRESENTATION(#10525,#10527);
#10525 = ( REPRESENTATION_RELATIONSHIP('','',#10196,#10)
REPRESENTATION_RELATIONSHIP_WITH_TRANSFORMATION(#10526)
SHAPE_REPRESENTATION_RELATIONSHIP() );
#10526 = ITEM_DEFINED_TRANSFORMATION('','',#11,#87);
#10527 = PRODUCT_DEFINITION_SHAPE('Placement','Placement of an item',
  #10528);
#10528 = NEXT_ASSEMBLY_USAGE_OCCURRENCE('107',
  'C01800120560X_INSTALLED_ENVELOPE_not_wire','',#5,#10191,$);
#10529 = PRODUCT_RELATED_PRODUCT_CATEGORY('part',$,(#10193));
#10530 = MECHANICAL_DESIGN_GEOMETRIC_PRESENTATION_REPRESENTATION('',(
    #10531),#6376);
#10531 = STYLED_ITEM('color',(#10532),#6054);
#10532 = PRESENTATION_STYLE_ASSIGNMENT((#10533));
#10533 = SURFACE_STYLE_USAGE(.BOTH.,#10534);
#10534 = SURFACE_SIDE_STYLE('',(#10535));
#10535 = SURFACE_STYLE_FILL_AREA(#10536);
#10536 = FILL_AREA_STYLE('',(#10537));
#10537 = FILL_AREA_STYLE_COLOUR('',#10538);
#10538 = COLOUR_RGB('',0.789999995908,0.480000004686,0.250000000672);
#10539 = MECHANICAL_DESIGN_GEOMETRIC_PRESENTATION_REPRESENTATION('',(
    #10540),#10178);
#10540 = STYLED_ITEM('color',(#10541),#9856);
#10541 = PRESENTATION_STYLE_ASSIGNMENT((#10542));
#10542 = SURFACE_STYLE_USAGE(.BOTH.,#10543);
#10543 = SURFACE_SIDE_STYLE('',(#10544));
#10544 = SURFACE_STYLE_FILL_AREA(#10545);
#10545 = FILL_AREA_STYLE('',(#10546));
#10546 = FILL_AREA_STYLE_COLOUR('',#10538);
#10547 = MECHANICAL_DESIGN_GEOMETRIC_PRESENTATION_REPRESENTATION('',(
    #10548),#8295);
#10548 = STYLED_ITEM('color',(#10549),#8107);
#10549 = PRESENTATION_STYLE_ASSIGNMENT((#10550));
#10550 = SURFACE_STYLE_USAGE(.BOTH.,#10551);
#10551 = SURFACE_SIDE_STYLE('',(#10552));
#10552 = SURFACE_STYLE_FILL_AREA(#10553);
#10553 = FILL_AREA_STYLE('',(#10554));
#10554 = FILL_AREA_STYLE_COLOUR('',#10555);
#10555 = COLOUR_RGB('',0.250000000672,0.339999993741,0.319999999843);
#10556 = MECHANICAL_DESIGN_GEOMETRIC_PRESENTATION_REPRESENTATION('',(
    #10557),#3369);
#10557 = STYLED_ITEM('color',(#10558),#2451);
#10558 = PRESENTATION_STYLE_ASSIGNMENT((#10559));
#10559 = SURFACE_STYLE_USAGE(.BOTH.,#10560);
#10560 = SURFACE_SIDE_STYLE('',(#10561));
#10561 = SURFACE_STYLE_FILL_AREA(#10562);
#10562 = FILL_AREA_STYLE('',(#10563));
#10563 = FILL_AREA_STYLE_COLOUR('',#10555);
#10564 = MECHANICAL_DESIGN_GEOMETRIC_PRESENTATION_REPRESENTATION('',(
    #10565),#1935);
#10565 = STYLED_ITEM('color',(#10566),#105);
#10566 = PRESENTATION_STYLE_ASSIGNMENT((#10567));
#10567 = SURFACE_STYLE_USAGE(.BOTH.,#10568);
#10568 = SURFACE_SIDE_STYLE('',(#10569));
#10569 = SURFACE_STYLE_FILL_AREA(#10570);
#10570 = FILL_AREA_STYLE('',(#10571));
#10571 = FILL_AREA_STYLE_COLOUR('',#10572);
#10572 = COLOUR_RGB('',0.659999992303,0.720000003324,0.720000003324);
#10573 = MECHANICAL_DESIGN_GEOMETRIC_PRESENTATION_REPRESENTATION('',(
    #10574),#9837);
#10574 = STYLED_ITEM('color',(#10575),#9203);
#10575 = PRESENTATION_STYLE_ASSIGNMENT((#10576));
#10576 = SURFACE_STYLE_USAGE(.BOTH.,#10577);
#10577 = SURFACE_SIDE_STYLE('',(#10578));
#10578 = SURFACE_STYLE_FILL_AREA(#10579);
#10579 = FILL_AREA_STYLE('',(#10580));
#10580 = FILL_AREA_STYLE_COLOUR('',#10555);
#10581 = MECHANICAL_DESIGN_GEOMETRIC_PRESENTATION_REPRESENTATION('',(
    #10582),#4671);
#10582 = STYLED_ITEM('color',(#10583),#4345);
#10583 = PRESENTATION_STYLE_ASSIGNMENT((#10584));
#10584 = SURFACE_STYLE_USAGE(.BOTH.,#10585);
#10585 = SURFACE_SIDE_STYLE('',(#10586));
#10586 = SURFACE_STYLE_FILL_AREA(#10587);
#10587 = FILL_AREA_STYLE('',(#10588));
#10588 = FILL_AREA_STYLE_COLOUR('',#10555);
#10589 = MECHANICAL_DESIGN_GEOMETRIC_PRESENTATION_REPRESENTATION('',(
    #10590),#4326);
#10590 = STYLED_ITEM('color',(#10591),#3388);
#10591 = PRESENTATION_STYLE_ASSIGNMENT((#10592));
#10592 = SURFACE_STYLE_USAGE(.BOTH.,#10593);
#10593 = SURFACE_SIDE_STYLE('',(#10594));
#10594 = SURFACE_STYLE_FILL_AREA(#10595);
#10595 = FILL_AREA_STYLE('',(#10596));
#10596 = FILL_AREA_STYLE_COLOUR('',#10597);
#10597 = COLOUR_RGB('',0.850000012718,0.789999995908,0.659999992303);
#10598 = MECHANICAL_DESIGN_GEOMETRIC_PRESENTATION_REPRESENTATION('',(
    #10599),#9184);
#10599 = STYLED_ITEM('color',(#10600),#8996);
#10600 = PRESENTATION_STYLE_ASSIGNMENT((#10601));
#10601 = SURFACE_STYLE_USAGE(.BOTH.,#10602);
#10602 = SURFACE_SIDE_STYLE('',(#10603));
#10603 = SURFACE_STYLE_FILL_AREA(#10604);
#10604 = FILL_AREA_STYLE('',(#10605));
#10605 = FILL_AREA_STYLE_COLOUR('',#10555);
#10606 = MECHANICAL_DESIGN_GEOMETRIC_PRESENTATION_REPRESENTATION('',(
    #10607),#10519);
#10607 = STYLED_ITEM('color',(#10608),#10197);
#10608 = PRESENTATION_STYLE_ASSIGNMENT((#10609));
#10609 = SURFACE_STYLE_USAGE(.BOTH.,#10610);
#10610 = SURFACE_SIDE_STYLE('',(#10611));
#10611 = SURFACE_STYLE_FILL_AREA(#10612);
#10612 = FILL_AREA_STYLE('',(#10613));
#10613 = FILL_AREA_STYLE_COLOUR('',#10555);
#10614 = MECHANICAL_DESIGN_GEOMETRIC_PRESENTATION_REPRESENTATION('',(
    #10615),#2432);
#10615 = STYLED_ITEM('color',(#10616),#1954);
#10616 = PRESENTATION_STYLE_ASSIGNMENT((#10617));
#10617 = SURFACE_STYLE_USAGE(.BOTH.,#10618);
#10618 = SURFACE_SIDE_STYLE('',(#10619));
#10619 = SURFACE_STYLE_FILL_AREA(#10620);
#10620 = FILL_AREA_STYLE('',(#10621));
#10621 = FILL_AREA_STYLE_COLOUR('',#10597);
#10622 = MECHANICAL_DESIGN_GEOMETRIC_PRESENTATION_REPRESENTATION('',(
    #10623),#8088);
#10623 = STYLED_ITEM('color',(#10624),#7194);
#10624 = PRESENTATION_STYLE_ASSIGNMENT((#10625));
#10625 = SURFACE_STYLE_USAGE(.BOTH.,#10626);
#10626 = SURFACE_SIDE_STYLE('',(#10627));
#10627 = SURFACE_STYLE_FILL_AREA(#10628);
#10628 = FILL_AREA_STYLE('',(#10629));
#10629 = FILL_AREA_STYLE_COLOUR('',#10572);
#10630 = MECHANICAL_DESIGN_GEOMETRIC_PRESENTATION_REPRESENTATION('',(
    #10631),#6035);
#10631 = STYLED_ITEM('color',(#10632),#5713);
#10632 = PRESENTATION_STYLE_ASSIGNMENT((#10633));
#10633 = SURFACE_STYLE_USAGE(.BOTH.,#10634);
#10634 = SURFACE_SIDE_STYLE('',(#10635));
#10635 = SURFACE_STYLE_FILL_AREA(#10636);
#10636 = FILL_AREA_STYLE('',(#10637));
#10637 = FILL_AREA_STYLE_COLOUR('',#10572);
#10638 = MECHANICAL_DESIGN_GEOMETRIC_PRESENTATION_REPRESENTATION('',(
    #10639),#7175);
#10639 = STYLED_ITEM('color',(#10640),#6395);
#10640 = PRESENTATION_STYLE_ASSIGNMENT((#10641));
#10641 = SURFACE_STYLE_USAGE(.BOTH.,#10642);
#10642 = SURFACE_SIDE_STYLE('',(#10643));
#10643 = SURFACE_STYLE_FILL_AREA(#10644);
#10644 = FILL_AREA_STYLE('',(#10645));
#10645 = FILL_AREA_STYLE_COLOUR('',#10538);
#10646 = MECHANICAL_DESIGN_GEOMETRIC_PRESENTATION_REPRESENTATION('',(
    #10647),#5694);
#10647 = STYLED_ITEM('color',(#10648),#5372);
#10648 = PRESENTATION_STYLE_ASSIGNMENT((#10649));
#10649 = SURFACE_STYLE_USAGE(.BOTH.,#10650);
#10650 = SURFACE_SIDE_STYLE('',(#10651));
#10651 = SURFACE_STYLE_FILL_AREA(#10652);
#10652 = FILL_AREA_STYLE('',(#10653));
#10653 = FILL_AREA_STYLE_COLOUR('',#10654);
#10654 = COLOUR_RGB('',0.78000000177,0.319999999843,0.250000000672);
#10655 = MECHANICAL_DESIGN_GEOMETRIC_PRESENTATION_REPRESENTATION('',(
    #10656),#5353);
#10656 = STYLED_ITEM('color',(#10657),#5031);
#10657 = PRESENTATION_STYLE_ASSIGNMENT((#10658));
#10658 = SURFACE_STYLE_USAGE(.BOTH.,#10659);
#10659 = SURFACE_SIDE_STYLE('',(#10660));
#10660 = SURFACE_STYLE_FILL_AREA(#10661);
#10661 = FILL_AREA_STYLE('',(#10662));
#10662 = FILL_AREA_STYLE_COLOUR('',#10663);
#10663 = COLOUR_RGB('',0.910000008889,0.769999993182,0.460000000054);
#10664 = MECHANICAL_DESIGN_GEOMETRIC_PRESENTATION_REPRESENTATION('',(
    #10665),#8636);
#10665 = STYLED_ITEM('color',(#10666),#8314);
#10666 = PRESENTATION_STYLE_ASSIGNMENT((#10667));
#10667 = SURFACE_STYLE_USAGE(.BOTH.,#10668);
#10668 = SURFACE_SIDE_STYLE('',(#10669));
#10669 = SURFACE_STYLE_FILL_AREA(#10670);
#10670 = FILL_AREA_STYLE('',(#10671));
#10671 = FILL_AREA_STYLE_COLOUR('',#10555);
#10672 = MECHANICAL_DESIGN_GEOMETRIC_PRESENTATION_REPRESENTATION('',(
    #10673),#5012);
#10673 = STYLED_ITEM('color',(#10674),#4690);
#10674 = PRESENTATION_STYLE_ASSIGNMENT((#10675));
#10675 = SURFACE_STYLE_USAGE(.BOTH.,#10676);
#10676 = SURFACE_SIDE_STYLE('',(#10677));
#10677 = SURFACE_STYLE_FILL_AREA(#10678);
#10678 = FILL_AREA_STYLE('',(#10679));
#10679 = FILL_AREA_STYLE_COLOUR('',#10572);
#10680 = MECHANICAL_DESIGN_GEOMETRIC_PRESENTATION_REPRESENTATION('',(
    #10681),#8977);
#10681 = STYLED_ITEM('color',(#10682),#8655);
#10682 = PRESENTATION_STYLE_ASSIGNMENT((#10683));
#10683 = SURFACE_STYLE_USAGE(.BOTH.,#10684);
#10684 = SURFACE_SIDE_STYLE('',(#10685));
#10685 = SURFACE_STYLE_FILL_AREA(#10686);
#10686 = FILL_AREA_STYLE('',(#10687));
#10687 = FILL_AREA_STYLE_COLOUR('',#10555);
ENDSEC;
END-ISO-10303-21;
