$MeshFormat
2.2 0 8
$EndMeshFormat
$Nodes
2082
1 -0.00125000000000007 0.0009291561975886373 0.00144
2 -0.00125000000000007 0.0009291561975886373 0.00151
3 -0.0015 0.0001 0.00144
4 -0.0015 0.0001 0.00151
5 -0.00125 0.009000000000000001 0.00144
6 -0.00125 0.009000000000000001 0.00151
7 -0.0015 -0.0001 0.00144
8 -0.0015 -0.0001 0.00151
9 0.00125 0.009000000000000001 0.00144
10 0.0015 -0.0001 0.00144
11 0.00125000000000007 0.0009291561975886375 0.00144
12 0.0015 0.0001 0.00144
13 0.0008 -1.959434878635765e-19 0.00144
14 0.00125 0.009000000000000001 0.00151
15 0.0015 -0.0001 0.00151
16 0.00125000000000007 0.0009291561975886375 0.00151
17 0.0015 0.0001 0.00151
18 0.0008 -1.959434878635765e-19 0.00151
19 -0.0025 -0.002 0.00144
20 -0.0025 -0.002 0
21 -0.0025 0.009000000000000001 0.00144
22 -0.0025 0.009000000000000001 0
23 0.0025 -0.002 0
24 0.0025 -0.002 0.00144
25 0.0025 0.009000000000000001 0.00144
26 0.0025 0.009000000000000001 0
27 0.0008 -1.959434878635765e-19 0
28 -0.00138710280922151 0.0006709166284579523 0.00144
29 -0.001471505048212928 0.0003909860702574394 0.00144
30 -0.00138710280922151 0.0006709166284579523 0.00151
31 -0.001471505048212928 0.0003909860702574394 0.00151
32 -0.00125 0.008615674104647079 0.00144
33 -0.00125 0.008231348209294158 0.00144
34 -0.00125 0.007847022313941236 0.00144
35 -0.00125 0.007462696418588315 0.00144
36 -0.00125 0.007078370523235393 0.00144
37 -0.00125 0.006694044627882471 0.00144
38 -0.00125 0.00630971873252955 0.00144
39 -0.00125 0.005925392837176628 0.00144
40 -0.00125 0.005541066941823705 0.00144
41 -0.00125 0.005156741046470781 0.00144
42 -0.00125 0.00477241515111786 0.00144
43 -0.00125 0.004388089255764938 0.00144
44 -0.00125 0.004003763360412017 0.00144
45 -0.00125 0.003619437465059095 0.00144
46 -0.00125 0.003235111569706173 0.00144
47 -0.00125 0.002850785674353252 0.00144
48 -0.00125 0.00246645977900033 0.00144
49 -0.00125 0.002082133883647407 0.00144
50 -0.00125 0.001697807988294483 0.00144
51 -0.00125 0.00131348209294156 0.00144
52 -0.00125 0.008615674104647079 0.00151
53 -0.00125 0.008231348209294158 0.00151
54 -0.00125 0.007847022313941236 0.00151
55 -0.00125 0.007462696418588315 0.00151
56 -0.00125 0.007078370523235393 0.00151
57 -0.00125 0.006694044627882471 0.00151
58 -0.00125 0.00630971873252955 0.00151
59 -0.00125 0.005925392837176628 0.00151
60 -0.00125 0.005541066941823705 0.00151
61 -0.00125 0.005156741046470781 0.00151
62 -0.00125 0.00477241515111786 0.00151
63 -0.00125 0.004388089255764938 0.00151
64 -0.00125 0.004003763360412017 0.00151
65 -0.00125 0.003619437465059095 0.00151
66 -0.00125 0.003235111569706173 0.00151
67 -0.00125 0.002850785674353252 0.00151
68 -0.00125 0.00246645977900033 0.00151
69 -0.00125 0.002082133883647407 0.00151
70 -0.00125 0.001697807988294483 0.00151
71 -0.00125 0.00131348209294156 0.00151
72 0.0008928571428571432 0.009000000000000001 0.00144
73 0.0005357142857142861 0.009000000000000001 0.00144
74 0.0001785714285714288 0.009000000000000001 0.00144
75 -0.0001785714285714283 0.009000000000000001 0.00144
76 -0.0005357142857142856 0.009000000000000001 0.00144
77 -0.0008928571428571429 0.009000000000000001 0.00144
78 -0.001448888739433603 -0.0004882285676537806 0.00144
79 -0.001299038105676659 -0.0008499999999999992 0.00144
80 -0.001060660171779823 -0.00116066017177982 0.00144
81 -0.0007500000000000028 -0.001399038105676656 0.00144
82 -0.0003882285676537861 -0.001548888739433601 0.00144
83 -6.936883677559094e-18 -0.0016 0.00144
84 0.000388228567653774 -0.001548888739433604 0.00144
85 0.000749999999999992 -0.001399038105676663 0.00144
86 0.001060660171779816 -0.001160660171779826 0.00144
87 0.001299038105676656 -0.0008500000000000042 0.00144
88 0.001448888739433602 -0.0004882285676537837 0.00144
89 0.00125 0.001313482092941559 0.00144
90 0.00125 0.001697807988294481 0.00144
91 0.00125 0.002082133883647403 0.00144
92 0.00125 0.002466459779000325 0.00144
93 0.00125 0.002850785674353246 0.00144
94 0.00125 0.003235111569706168 0.00144
95 0.00125 0.003619437465059089 0.00144
96 0.00125 0.004003763360412011 0.00144
97 0.00125 0.004388089255764933 0.00144
98 0.00125 0.004772415151117855 0.00144
99 0.00125 0.005156741046470776 0.00144
100 0.00125 0.005541066941823699 0.00144
101 0.00125 0.00592539283717662 0.00144
102 0.00125 0.006309718732529541 0.00144
103 0.00125 0.006694044627882464 0.00144
104 0.00125 0.007078370523235385 0.00144
105 0.00125 0.007462696418588308 0.00144
106 0.00125 0.007847022313941231 0.00144
107 0.00125 0.008231348209294154 0.00144
108 0.00125 0.008615674104647078 0.00144
109 0.001471505048212928 0.0003909860702574406 0.00144
110 0.001387102809221509 0.0006709166284579536 0.00144
111 0.0007083648205225679 0.0003717785376350148 0.00144
112 0.0004544517973849247 0.0006583870927149251 0.00144
113 9.642934420425858e-05 0.0007941670992784432 0.00144
114 -0.0002836839096340284 0.000748012994148332 0.00144
115 -0.0005988085985368807 0.0005304981265926365 0.00144
116 -0.0007767534539408415 0.0001914525314300465 0.00144
117 -0.0007767534539408418 -0.000191452531430046 0.00144
118 -0.000598808598536881 -0.000530498126592636 0.00144
119 -0.0002836839096340288 -0.0007480129941483318 0.00144
120 9.642934420425786e-05 -0.0007941670992784434 0.00144
121 0.0004544517973849245 -0.0006583870927149253 0.00144
122 0.0007083648205225677 -0.0003717785376350154 0.00144
123 0.0008928571428571432 0.009000000000000001 0.00151
124 0.0005357142857142861 0.009000000000000001 0.00151
125 0.0001785714285714288 0.009000000000000001 0.00151
126 -0.0001785714285714283 0.009000000000000001 0.00151
127 -0.0005357142857142856 0.009000000000000001 0.00151
128 -0.0008928571428571429 0.009000000000000001 0.00151
129 -0.001448888739433603 -0.0004882285676537806 0.00151
130 -0.001299038105676659 -0.0008499999999999992 0.00151
131 -0.001060660171779823 -0.00116066017177982 0.00151
132 -0.0007500000000000028 -0.001399038105676656 0.00151
133 -0.0003882285676537861 -0.001548888739433601 0.00151
134 -6.936883677559094e-18 -0.0016 0.00151
135 0.000388228567653774 -0.001548888739433604 0.00151
136 0.000749999999999992 -0.001399038105676663 0.00151
137 0.001060660171779816 -0.001160660171779826 0.00151
138 0.001299038105676656 -0.0008500000000000042 0.00151
139 0.001448888739433602 -0.0004882285676537837 0.00151
140 0.00125 0.001313482092941559 0.00151
141 0.00125 0.001697807988294481 0.00151
142 0.00125 0.002082133883647403 0.00151
143 0.00125 0.002466459779000325 0.00151
144 0.00125 0.002850785674353246 0.00151
145 0.00125 0.003235111569706168 0.00151
146 0.00125 0.003619437465059089 0.00151
147 0.00125 0.004003763360412011 0.00151
148 0.00125 0.004388089255764933 0.00151
149 0.00125 0.004772415151117855 0.00151
150 0.00125 0.005156741046470776 0.00151
151 0.00125 0.005541066941823699 0.00151
152 0.00125 0.00592539283717662 0.00151
153 0.00125 0.006309718732529541 0.00151
154 0.00125 0.006694044627882464 0.00151
155 0.00125 0.007078370523235385 0.00151
156 0.00125 0.007462696418588308 0.00151
157 0.00125 0.007847022313941231 0.00151
158 0.00125 0.008231348209294154 0.00151
159 0.00125 0.008615674104647078 0.00151
160 0.001471505048212928 0.0003909860702574406 0.00151
161 0.001387102809221509 0.0006709166284579536 0.00151
162 0.0007083648205225679 0.0003717785376350148 0.00151
163 0.0004544517973849247 0.0006583870927149251 0.00151
164 9.642934420425858e-05 0.0007941670992784432 0.00151
165 -0.0002836839096340284 0.000748012994148332 0.00151
166 -0.0005988085985368807 0.0005304981265926365 0.00151
167 -0.0007767534539408415 0.0001914525314300465 0.00151
168 -0.0007767534539408418 -0.000191452531430046 0.00151
169 -0.000598808598536881 -0.000530498126592636 0.00151
170 -0.0002836839096340288 -0.0007480129941483318 0.00151
171 9.642934420425786e-05 -0.0007941670992784434 0.00151
172 0.0004544517973849245 -0.0006583870927149253 0.00151
173 0.0007083648205225677 -0.0003717785376350154 0.00151
174 -0.0025 -0.002 0.0003599999999999992
175 -0.0025 -0.002 0.0007199999999999982
176 -0.0025 -0.002 0.001079999999999999
177 -0.0025 -0.001607142857142857 0.00144
178 -0.0025 -0.001214285714285715 0.00144
179 -0.0025 -0.0008214285714285723 0.00144
180 -0.0025 -0.0004285714285714296 0.00144
181 -0.0025 -3.571428571428736e-05 0.00144
182 -0.0025 0.0003571428571428558 0.00144
183 -0.0025 0.0007499999999999985 0.00144
184 -0.0025 0.001142857142857142 0.00144
185 -0.0025 0.001535714285714284 0.00144
186 -0.0025 0.001928571428571428 0.00144
187 -0.0025 0.002321428571428571 0.00144
188 -0.0025 0.002714285714285714 0.00144
189 -0.0025 0.003107142857142857 0.00144
190 -0.0025 0.003499999999999999 0.00144
191 -0.0025 0.003892857142857142 0.00144
192 -0.0025 0.004285714285714285 0.00144
193 -0.0025 0.004678571428571427 0.00144
194 -0.0025 0.00507142857142857 0.00144
195 -0.0025 0.005464285714285713 0.00144
196 -0.0025 0.005857142857142858 0.00144
197 -0.0025 0.00625 0.00144
198 -0.0025 0.006642857142857141 0.00144
199 -0.0025 0.007035714285714286 0.00144
200 -0.0025 0.007428571428571428 0.00144
201 -0.0025 0.007821428571428571 0.00144
202 -0.0025 0.008214285714285716 0.00144
203 -0.0025 0.008607142857142858 0.00144
204 -0.0025 0.009000000000000001 0.0003599999999999992
205 -0.0025 0.009000000000000001 0.0007199999999999982
206 -0.0025 0.009000000000000001 0.001079999999999999
207 -0.0025 -0.001607142857142857 0
208 -0.0025 -0.001214285714285715 0
209 -0.0025 -0.0008214285714285723 0
210 -0.0025 -0.0004285714285714296 0
211 -0.0025 -3.571428571428736e-05 0
212 -0.0025 0.0003571428571428558 0
213 -0.0025 0.0007499999999999985 0
214 -0.0025 0.001142857142857142 0
215 -0.0025 0.001535714285714284 0
216 -0.0025 0.001928571428571428 0
217 -0.0025 0.002321428571428571 0
218 -0.0025 0.002714285714285714 0
219 -0.0025 0.003107142857142857 0
220 -0.0025 0.003499999999999999 0
221 -0.0025 0.003892857142857142 0
222 -0.0025 0.004285714285714285 0
223 -0.0025 0.004678571428571427 0
224 -0.0025 0.00507142857142857 0
225 -0.0025 0.005464285714285713 0
226 -0.0025 0.005857142857142858 0
227 -0.0025 0.00625 0
228 -0.0025 0.006642857142857141 0
229 -0.0025 0.007035714285714286 0
230 -0.0025 0.007428571428571428 0
231 -0.0025 0.007821428571428571 0
232 -0.0025 0.008214285714285716 0
233 -0.0025 0.008607142857142858 0
234 -0.002115384615384616 -0.002 0
235 -0.001730769230769231 -0.002 0
236 -0.001346153846153847 -0.002 0
237 -0.0009615384615384622 -0.002 0
238 -0.0005769230769230771 -0.002 0
239 -0.0001923076923076926 -0.002 0
240 0.0001923076923076921 -0.002 0
241 0.0005769230769230769 -0.002 0
242 0.0009615384615384616 -0.002 0
243 0.001346153846153847 -0.002 0
244 0.001730769230769231 -0.002 0
245 0.002115384615384616 -0.002 0
246 0.0025 -0.002 0.0003599999999999992
247 0.0025 -0.002 0.0007199999999999982
248 0.0025 -0.002 0.001079999999999999
249 -0.002115384615384616 -0.002 0.00144
250 -0.001730769230769231 -0.002 0.00144
251 -0.001346153846153847 -0.002 0.00144
252 -0.0009615384615384622 -0.002 0.00144
253 -0.0005769230769230771 -0.002 0.00144
254 -0.0001923076923076926 -0.002 0.00144
255 0.0001923076923076921 -0.002 0.00144
256 0.0005769230769230769 -0.002 0.00144
257 0.0009615384615384616 -0.002 0.00144
258 0.001346153846153847 -0.002 0.00144
259 0.001730769230769231 -0.002 0.00144
260 0.002115384615384616 -0.002 0.00144
261 -0.0021875 0.009000000000000001 0.00144
262 -0.001875 0.009000000000000001 0.00144
263 -0.0015625 0.009000000000000001 0.00144
264 0.0015625 0.009000000000000001 0.00144
265 0.001875000000000001 0.009000000000000001 0.00144
266 0.002187500000000001 0.009000000000000001 0.00144
267 0.0025 -0.001607142857142857 0.00144
268 0.0025 -0.001214285714285715 0.00144
269 0.0025 -0.0008214285714285723 0.00144
270 0.0025 -0.0004285714285714296 0.00144
271 0.0025 -3.571428571428736e-05 0.00144
272 0.0025 0.0003571428571428558 0.00144
273 0.0025 0.0007499999999999985 0.00144
274 0.0025 0.001142857142857142 0.00144
275 0.0025 0.001535714285714284 0.00144
276 0.0025 0.001928571428571428 0.00144
277 0.0025 0.002321428571428571 0.00144
278 0.0025 0.002714285714285714 0.00144
279 0.0025 0.003107142857142857 0.00144
280 0.0025 0.003499999999999999 0.00144
281 0.0025 0.003892857142857142 0.00144
282 0.0025 0.004285714285714285 0.00144
283 0.0025 0.004678571428571427 0.00144
284 0.0025 0.00507142857142857 0.00144
285 0.0025 0.005464285714285713 0.00144
286 0.0025 0.005857142857142858 0.00144
287 0.0025 0.00625 0.00144
288 0.0025 0.006642857142857141 0.00144
289 0.0025 0.007035714285714286 0.00144
290 0.0025 0.007428571428571428 0.00144
291 0.0025 0.007821428571428571 0.00144
292 0.0025 0.008214285714285716 0.00144
293 0.0025 0.008607142857142858 0.00144
294 -0.002115384615384616 0.009000000000000001 0
295 -0.001730769230769231 0.009000000000000001 0
296 -0.001346153846153847 0.009000000000000001 0
297 -0.0009615384615384622 0.009000000000000001 0
298 -0.0005769230769230771 0.009000000000000001 0
299 -0.0001923076923076926 0.009000000000000001 0
300 0.0001923076923076921 0.009000000000000001 0
301 0.0005769230769230769 0.009000000000000001 0
302 0.0009615384615384616 0.009000000000000001 0
303 0.001346153846153847 0.009000000000000001 0
304 0.001730769230769231 0.009000000000000001 0
305 0.002115384615384616 0.009000000000000001 0
306 0.0025 0.009000000000000001 0.0003599999999999992
307 0.0025 0.009000000000000001 0.0007199999999999982
308 0.0025 0.009000000000000001 0.001079999999999999
309 0.0025 -0.001607142857142857 0
310 0.0025 -0.001214285714285715 0
311 0.0025 -0.0008214285714285723 0
312 0.0025 -0.0004285714285714296 0
313 0.0025 -3.571428571428736e-05 0
314 0.0025 0.0003571428571428558 0
315 0.0025 0.0007499999999999985 0
316 0.0025 0.001142857142857142 0
317 0.0025 0.001535714285714284 0
318 0.0025 0.001928571428571428 0
319 0.0025 0.002321428571428571 0
320 0.0025 0.002714285714285714 0
321 0.0025 0.003107142857142857 0
322 0.0025 0.003499999999999999 0
323 0.0025 0.003892857142857142 0
324 0.0025 0.004285714285714285 0
325 0.0025 0.004678571428571427 0
326 0.0025 0.00507142857142857 0
327 0.0025 0.005464285714285713 0
328 0.0025 0.005857142857142858 0
329 0.0025 0.00625 0
330 0.0025 0.006642857142857141 0
331 0.0025 0.007035714285714286 0
332 0.0025 0.007428571428571428 0
333 0.0025 0.007821428571428571 0
334 0.0025 0.008214285714285716 0
335 0.0025 0.008607142857142858 0
336 0.0007083648205225679 0.0003717785376350148 0
337 0.0004544517973849247 0.0006583870927149251 0
338 9.642934420425858e-05 0.0007941670992784432 0
339 -0.0002836839096340284 0.000748012994148332 0
340 -0.0005988085985368807 0.0005304981265926365 0
341 -0.0007767534539408415 0.0001914525314300465 0
342 -0.0007767534539408418 -0.000191452531430046 0
343 -0.000598808598536881 -0.000530498126592636 0
344 -0.0002836839096340288 -0.0007480129941483318 0
345 9.642934420425786e-05 -0.0007941670992784434 0
346 0.0004544517973849245 -0.0006583870927149253 0
347 0.0007083648205225677 -0.0003717785376350154 0
348 0.0008 -1.959434878635765e-19 0.0003599999999999992
349 0.0008 -1.959434878635765e-19 0.0007199999999999982
350 0.0008 -1.959434878635765e-19 0.001079999999999999
351 -7.855130827467861e-06 0.00870241685059994 0.00144
352 0.0009227429329209259 0.006155234362060295 0.00144
353 0.0009040898931473336 0.003467397160800917 0.00144
354 -0.00092405553046112 0.00495595817135244 0.00144
355 -0.0009167271693124423 0.0072699036838095 0.00144
356 0.0009063053676241301 0.002293942121107521 0.00144
357 -0.000867405446791714 0.003770869818566819 0.00144
358 0.0009293302112079271 0.004606271957545404 0.00144
359 -0.0009285373341700473 0.002677700177012889 0.00144
360 -0.0009073910327135523 0.006084420478082278 0.00144
361 0.0009872716622019852 0.007270702590321272 0.00144
362 -0.0001190381606134036 0.001111577903470014 0.00144
363 0.0009171640112921702 0.005348903994147237 0.00144
364 -0.0009524002450442462 0.001890239984186347 0.00144
365 -0.0009277792166944604 0.00800786223591371 0.00144
366 0.0009255681510416192 0.008033667249061602 0.00144
367 0.0009348409577876116 0.00153568863615307 0.00144
368 -0.0009514666337243796 0.001124044665895632 0.00144
369 -0.001289710728948624 -1.975396738724745e-05 0.00144
370 0.0002747565439707495 0.001155975423896926 0.00144
371 2.370054275864592e-05 0.001456364510901772 0.00144
372 -0.0003319068562830904 0.001406725975585925 0.00144
373 -0.000205260102666869 0.001758993059483115 0.00144
374 0.0001695084348896802 0.001806402066431564 0.00144
375 -6.121688988459908e-05 0.002112075187390826 0.00144
376 0.0007142857142857131 0.00869070521293413 0.00144
377 -0.0007142857142857159 0.00869070521293413 0.00144
378 0.001338425075970376 2.270821578405634e-06 0.00144
379 0.0003064337522715199 0.002150531983644006 0.00144
380 8.46543475550287e-05 0.002464429672472239 0.00144
381 -0.0002955275970597499 0.002414827005007357 0.00144
382 -0.0001473039801805483 0.002770415850552478 0.00144
383 0.0002360446924461799 0.002819543939646367 0.00144
384 -6.380782861496687e-06 0.003130620753927246 0.00144
385 -0.0003805298752880213 0.003078516103303082 0.00144
386 -0.0002289655837498537 0.003433790334431646 0.00144
387 0.0001418092975145894 0.003485507843930518 0.00144
388 -7.891337397875749e-05 0.003787986410743283 0.00144
389 0.0003025030726227378 0.003834900461270969 0.00144
390 7.297857976546039e-05 0.004141092180863759 0.00144
391 -0.0002987882003113235 0.004090145301732733 0.00144
392 -0.0001561152018770465 0.004447099708216111 0.00144
393 0.0002186948012378027 0.004490410589682936 0.00144
394 -7.944082072172462e-06 0.004800659465314661 0.00144
395 0.0003532715511828365 0.004827492053825682 0.00144
396 0.0001392880844774229 0.005151615288358572 0.00144
397 -0.0002339870617292004 0.005111629701343137 0.00144
398 -8.82473799029446e-05 0.005462085544985852 0.00144
399 -0.0004637825988995698 0.00541982364420391 0.00144
400 -0.0003173359145885648 0.005769252462124067 0.00144
401 6.21728695313392e-05 0.005815936378663457 0.00144
402 -0.0001677519382506144 0.006122331546482507 0.00144
403 0.0002084936676985127 0.00617121645282124 0.00144
404 -1.945593855438307e-05 0.006476671164839861 0.00144
405 0.0003576922776075822 0.006525342324015517 0.00144
406 0.0001299446037244354 0.006830651495355338 0.00144
407 -0.0002506826629377599 0.006783555925393535 0.00144
408 -9.972929298704852e-05 0.007136671447587827 0.00144
409 -0.0005711859847845993 0.004409084807947568 0.00144
410 0.0002692537457985682 0.007188037809283884 0.00144
411 4.97972532645162e-05 0.007489844444255622 0.00144
412 0.0004337469775355192 0.007553121075896171 0.00144
413 0.000199517334367787 0.007841301214812064 0.00144
414 -0.0001754345803073311 0.007792858893937016 0.00144
415 0.0006518127432661965 0.001015123196900525 0.00144
416 0.0004138701876482829 0.005864796383833385 0.00144
417 -0.001126574801189863 0.0006450069136064834 0.00144
418 -1.292954800452481e-05 0.008124403345648148 0.00144
419 0.0003464484733524782 0.008143586689362247 0.00144
420 0.00109490937748126 0.0006813018973072704 0.00144
421 -0.0003533310118463845 0.008109134407823265 0.00144
422 -0.0005739625063436869 0.007802096143794192 0.00144
423 -0.0006079508987910902 0.003396401036848029 0.00144
424 -0.0001316612115543806 -0.001084325303052466 0.00144
425 0.000574478827221653 0.001767837504369645 0.00144
426 0.0003867308621758856 -0.001019313984173296 0.00144
427 -0.0006439339326292214 -0.0009305152539391176 0.00144
428 0.0008466400633031456 -0.0007468329937454254 0.00144
429 -0.0005464998916986107 0.007099885564711247 0.00144
430 -0.000624873657581172 0.006671213531494637 0.00144
431 0.001018955116352172 -0.0002421734072529052 0.00144
432 0.001008554298690762 0.0002584515518522707 0.00144
433 -0.0006819957826658059 0.005741298908937199 0.00144
434 -0.001058153772674162 -0.000477037187634731 0.00144
435 0.0005603339403415406 0.005163184434426811 0.00144
436 -0.000881028717660574 0.005376227233048529 0.00144
437 -0.000742009967396339 0.003056772941920384 0.00144
438 0.0004997441563667321 0.003504079578193795 0.00144
439 0.0006813564157990101 0.003847033818227937 0.00144
440 0.0006616564371025973 0.003206442386804018 0.00144
441 -0.0006296196550894945 0.0009121615463200225 0.00144
442 -0.0009433593635326294 0.001502950342606067 0.00144
443 0.0008588227786689211 0.007616026737769348 0.00144
444 0.0005706480593317536 0.007886598681326792 0.00144
445 0.000508898275732183 0.006877643371177591 0.00144
446 0.0007186828848142133 0.006530597724965515 0.00144
447 -0.0005281269306380821 0.00272620266454266 0.00144
448 -0.0006618885246187909 0.002366274759200625 0.00144
449 -0.0009276230044984648 0.007638919029760995 0.00144
450 0.0005281345940691619 0.00247967916405972 0.00144
451 -0.0003804976221978033 0.006409884739339082 0.00144
452 0.0002868801736089096 0.005499780828681961 0.00144
453 -0.0009333319978473582 0.004582314807564856 0.00144
454 -0.0009174461443529578 0.004196213906258864 0.00144
455 0.0009292281366333141 0.004974527993158757 0.00144
456 0.0008881607485312847 0.004194888836422902 0.00144
457 0.0009196540696926197 0.002658449926580661 0.00144
458 0.0009481290520954287 0.005739509652368027 0.00144
459 -0.0003741784271260863 0.004771060143831806 0.00144
460 0.0004561343676102118 0.004170882907121816 0.00144
461 -0.0004577197908542894 0.00374014139573572 0.00144
462 0.0003403757582091791 0.001505158380731803 0.00144
463 -0.0003321830254520601 0.007460881646134154 0.00144
464 -0.0003584520456141027 0.008703416502221211 0.00144
465 0.0003479785378441455 0.00870599277116741 0.00144
466 -0.0004212931143374761 0.00207426578648262 0.00144
467 0.0009241305673442611 0.001921868273251633 0.00144
468 -0.0009437059269647799 0.006496421280095716 0.00144
469 -0.0006057984590135689 0.001714166668637491 0.00144
470 -0.0005430188707618169 0.006072613532797528 0.00144
471 -0.001267738620679947 -0.0002497427295615134 0.00144
472 0.0009235695006719781 0.006897302208612104 0.00144
473 0.0009233376844395686 0.008404440681081897 0.00144
474 -0.0009177841909861493 0.008403665372923034 0.00144
475 0.0005560809965818627 0.006195430014145428 0.00144
476 0.0009472135208839531 0.001167923167719648 0.00144
477 -0.001285917708851429 0.0002398604242943984 0.00144
478 -0.001095904594309658 0.0001265360363689278 0.00144
479 -0.00108520121746405 0.0003848151186392494 0.00144
480 0.001269002297460934 0.0002033206761552754 0.00144
481 0.001281692009440779 -0.0002262026206997693 0.00144
482 -0.0009527682063928825 0.006886207575558934 0.00144
483 -0.0005318162490369028 0.008415220373120477 0.00144
484 -0.0009588132104307884 0.00337464289236292 0.00144
485 -0.0005882517717472401 0.005085472029051507 0.00144
486 0.0005776957273125103 0.004516228625156273 0.00144
487 0.0001535392236633215 -0.001258225730470023 0.00144
488 0.0009544444730417031 0.003041574665822238 0.00144
489 0.000638411120086518 0.005576205808453678 0.00144
490 -0.0004425826958561471 -0.001203884049149655 0.00144
491 0.0007741096711788563 0.0006858013250661962 0.00144
492 0.001092621648078937 -3.684505413880614e-07 0.00144
493 0.0006073969180904516 0.002877037444573274 0.00144
494 -0.0001888238902871255 0.008410697378393606 0.00144
495 0.0007144571313305959 -0.001056464076826888 0.00144
496 0.001108063588707845 -0.000533929466271758 0.00144
497 -0.000632753436694075 0.004023161387296989 0.00144
498 -0.0006693966309314874 0.001282347074311474 0.00144
499 -0.0009489856276998582 -0.0008313455750380339 0.00144
500 0.0005357142857142834 0.008433241772521796 0.00144
501 0.0003302692050744679 0.003192998449599406 0.00144
502 -0.0009882934440333044 0.002274296831323869 0.00144
503 0.001194677384052164 0.0004478944002720135 0.00144
504 0.0006297639999916163 0.007245841486743261 0.00144
505 0.0001700887879652981 0.008420056467948857 0.00144
506 -0.0006559334095122376 0.007451364690464021 0.00144
507 0.0009968234655925101 0.003811600412735551 0.00144
508 0.0006425428016278671 0.002131636865472555 0.00144
509 -0.001001445833094009 0.005733460190680523 0.00144
510 0.0006316810729323503 0.001352597150608747 0.00144
511 -0.001043077230577529 -0.0001328975218515117 0.00144
512 -0.000851753527309045 0.0005872913105509324 0.00144
513 -0.0006875864605462598 0.004772415151117857 0.00144
514 0.0006543000650989405 0.008166382330916086 0.00144
515 0.000668540656958247 0.004799651375244458 0.00144
516 0.0009936838506449225 0.00873559114840664 0.00144
517 -0.000993683850644928 0.008735591148406637 0.00144
518 -0.0004122109376653212 0.001100483541297593 0.00144
519 0.001024504204417479 0.006505915897980882 0.00144
520 -0.0006772026651010738 0.006332922735026435 0.00144
521 0.000936990473245591 0.0004823895776018705 0.00144
522 -0.0009113475603500925 0.0008545341858787536 0.00144
523 -0.0006609346349815168 0.008147595706714935 0.00144
524 -0.001041384342450298 0.003042948622029713 0.00144
525 0.0006958468578666037 0.005906235244172164 0.00144
526 -0.0007215452763758641 0.002073544635439186 0.00144
527 -0.001276802505395003 0.000484970440161804 0.00144
528 0.0009417758966999649 0.000889865536276035 0.00144
529 -0.0001649039587775955 -0.001357760305830017 0.00144
530 0.0003961845124437509 0.0009207000792370114 0.00144
531 0.0004863334473190732 -0.001274605082588098 0.00144
532 -7.867424262104318e-06 0.008702434510157987 0.00151
533 0.0009278710489055372 0.006176935622495924 0.00151
534 0.0009040806419043113 0.0034674049026516 0.00151
535 -0.0009408968002635835 0.004579929026235574 0.00151
536 -0.0009171640112921702 0.007270533470911853 0.00151
537 0.0009063046138462445 0.002293941553390798 0.00151
538 -0.0008749123827294231 0.00267956171224461 0.00151
539 0.0009296233869625433 0.004975729541406531 0.00151
540 -0.0009180953102091193 0.005782385170237657 0.00151
541 0.0009872547812533172 0.00727069950774589 0.00151
542 -0.0001190381606134036 0.001111577903470014 0.00151
543 0.0009171640112921702 0.004195926308088472 0.00151
544 -0.0009230204220733926 0.003437417745707569 0.00151
545 -0.0009368286663126169 0.006511523128261807 0.00151
546 -0.0009189230666925023 0.001889469904472102 0.00151
547 -0.0009278432048392778 0.008007908482136247 0.00151
548 0.0009255454654472244 0.008033666105278846 0.00151
549 0.0009348409577876116 0.00153568863615307 0.00151
550 -0.0009514666337243796 0.001124044665895632 0.00151
551 -0.001289710728948624 -1.975396738724763e-05 0.00151
552 0.0002747565439707497 0.001155975423896926 0.00151
553 2.3700542758646e-05 0.001456364510901772 0.00151
554 -0.0003323435545747399 0.001406226331555655 0.00151
555 -0.0001857992685464687 0.001749942190286876 0.00151
556 0.0001727519072430803 0.001804893588232191 0.00151
557 -3.746165464906874e-05 0.002101846976417862 0.00151
558 0.0007142857142857131 0.00869070521293413 0.00151
559 -0.0007142857142857159 0.00869070521293413 0.00151
560 0.001338425075970376 2.270821578405618e-06 0.00151
561 0.0003109327830917893 0.002148575301065228 0.00151
562 8.936299252515977e-05 0.00246239589261192 0.00151
563 -0.0003065289103864321 0.002367215368138004 0.00151
564 -0.0001465731112164759 0.002763476912007862 0.00151
565 0.0002360404998108807 0.002819540779673234 0.00151
566 -6.268215898304985e-06 0.003129461637545254 0.00151
567 -0.0003611530786853856 0.003055209930058313 0.00151
568 -0.0002654315463412595 0.003453837287397614 0.00151
569 0.0001357400961055462 0.003488660951006152 0.00151
570 -7.631913250738321e-05 0.003786988352693293 0.00151
571 0.0003019089360447039 0.003835271286056 0.00151
572 7.328550210967785e-05 0.004140992356089624 0.00151
573 -0.0002910518620069335 0.004096200071766706 0.00151
574 -0.0001574824945898912 0.004447667377176554 0.00151
575 0.0002238773926843117 0.004494565807755489 0.00151
576 -7.353307499360744e-06 0.00480145185021116 0.00151
577 0.0006518127432661965 0.001015123196900525 0.00151
578 -0.000382482677734376 0.004762926067342583 0.00151
579 -0.0002375978904981054 0.005109756675008305 0.00151
580 0.0001429810498612222 0.005155457460319174 0.00151
581 -8.829689452792719e-05 0.005462416832029246 0.00151
582 0.0002929565019937988 0.005509005120132922 0.00151
583 6.168062498815116e-05 0.005815972632016144 0.00151
584 -0.000608514777756235 0.005061988221834909 0.00151
585 -0.0003053168798585745 0.005762986210266642 0.00151
586 -0.0001672423234373399 0.006121843877571947 0.00151
587 0.0002084253285965882 0.006171152718440526 0.00151
588 -1.951610765879547e-05 0.00647663209422112 0.00151
589 0.0003575896875254307 0.006525340972581534 0.00151
590 0.0001298154954854725 0.006830654323938851 0.00151
591 -0.0002456701610936213 0.006781348728830319 0.00151
592 -9.902604253117358e-05 0.007136307231357768 0.00151
593 0.0002692537473574522 0.007187989187545149 0.00151
594 4.962333198298539e-05 0.007489856533205219 0.00151
595 0.0004336419947649383 0.007553123373819522 0.00151
596 0.000199340605600495 0.007841315150022602 0.00151
597 -0.0001756192146508187 0.007792860600515259 0.00151
598 -0.001126574801189863 0.0006450069136064833 0.00151
599 -1.306912447374776e-05 0.008124426502022393 0.00151
600 0.0003463517025462694 0.008143588197139645 0.00151
601 -0.0005621254001488549 0.006054572006417548 0.00151
602 0.00109490937748126 0.0006813018973072706 0.00151
603 -0.0003534356948803242 0.008109178635570615 0.00151
604 -0.0005740806436592997 0.007802154930930392 0.00151
605 -0.0001316612115543806 -0.001084325303052466 0.00151
606 0.0005755848991036058 0.001767342481401338 0.00151
607 0.0003867308621758856 -0.001019313984173296 0.00151
608 -0.0006439339326292214 -0.0009305152539391176 0.00151
609 0.0008466400633031456 -0.0007468329937454254 0.00151
610 -0.0005363146606613339 0.007097690339264976 0.00151
611 0.001018955116352172 -0.0002421734072529052 0.00151
612 0.001008554298690762 0.0002584515518522707 0.00151
613 0.0005731974711841397 0.005169606373510599 0.00151
614 0.0006495457388518446 0.005593979506328702 0.00151
615 -0.001058153772674162 -0.000477037187634731 0.00151
616 0.0004986241583967314 0.003504675083895481 0.00151
617 -0.0006296196550894945 0.0009121615463200225 0.00151
618 -0.0009382165320989883 0.001502322351956757 0.00151
619 0.0006811406385063891 0.003847159500263995 0.00151
620 0.0006614248377515973 0.00320656469866025 0.00151
621 0.0008587639252830523 0.007616031040882361 0.00151
622 0.0005704571775690555 0.007886632526840708 0.00151
623 0.0005087768341900781 0.006877661949237278 0.00151
624 0.0007194756609629423 0.006534216403669607 0.00151
625 -0.0009172286881549698 0.002274184807711422 0.00151
626 -0.0006122327601215157 0.002110543412831939 0.00151
627 0.0005294485429268433 0.002479109127806886 0.00151
628 -0.0009277432936140178 0.007639046908956071 0.00151
629 0.0003741157033232602 0.004848302516617042 0.00151
630 0.0006016859750673969 0.004531496670768284 0.00151
631 -0.0009267557599955047 0.003813290769145832 0.00151
632 -0.0006226898660881852 0.00363566347368517 0.00151
633 -0.0009313336351714896 0.00419615398964571 0.00151
634 -0.0005751785271367256 0.004408159703512628 0.00151
635 0.0009198703436838078 0.002658355481978921 0.00151
636 -0.0008668593214219063 0.005372492420391444 0.00151
637 -0.0009264965738985496 0.003080354875768985 0.00151
638 -0.0009152440002822469 0.006895941055140535 0.00151
639 0.0004158615877769123 0.0058745362602993 0.00151
640 -0.0003787697867499579 0.006416001459297955 0.00151
641 -0.0004535214511469434 0.005409173572989033 0.00151
642 0.0004665104092841082 0.004174235321503644 0.00151
643 -0.0004920958641803494 0.002710364756531378 0.00151
644 0.0003412456670562499 0.001504757680498267 0.00151
645 -0.0003304648552355001 0.007460472578750333 0.00151
646 -0.0003584540945198752 0.008703436389164709 0.00151
647 0.0003479641955037359 0.008705992641569541 0.00151
648 0.0009243147870282723 0.001921785674804128 0.00151
649 -0.0009304453882878706 0.006143315900682225 0.00151
650 -0.0005680412091788227 0.001707573753209523 0.00151
651 -0.001267738620679947 -0.0002497427295615136 0.00151
652 0.0009235616385533788 0.006897288591023234 0.00151
653 0.0009233368528357496 0.008404436619500428 0.00151
654 -0.0009177975244968161 0.008403682898079499 0.00151
655 0.0005568668992705656 0.00620218332598179 0.00151
656 0.000947213520883953 0.001167923167719648 0.00151
657 -0.001285917708851428 0.0002398604242943982 0.00151
658 -0.001095904594309657 0.0001265360363689275 0.00151
659 -0.001085201217464049 0.0003848151186392489 0.00151
660 0.001269002297460934 0.0002033206761552755 0.00151
661 0.001281692009440779 -0.0002262026206997693 0.00151
662 -0.0006149558899722588 0.006673438753042613 0.00151
663 0.000932184490646598 0.005368531451689451 0.00151
664 -0.0005318560845488879 0.008415269326153817 0.00151
665 0.0009479168182983256 0.004592857534497691 0.00151
666 -0.0009451554508877152 0.004958334508983656 0.00151
667 0.0009535965600433272 0.00575613738965304 0.00151
668 0.0001535392236633215 -0.001258225730470023 0.00151
669 0.0009544360208579821 0.003041577067757629 0.00151
670 -0.0004425826958561471 -0.001203884049149655 0.00151
671 -0.0006360203523471249 0.004003763281879355 0.00151
672 0.0007741096711788561 0.0006858013250661961 0.00151
673 0.001092621648078937 -3.684505413880567e-07 0.00151
674 0.0006075469862539362 0.002876974455953686 0.00151
675 -0.0001888859232810213 0.00841073072343344 0.00151
676 0.0007144571313305959 -0.001056464076826888 0.00151
677 0.001108063588707845 -0.000533929466271758 0.00151
678 -0.0006590239070873652 0.00128717736164702 0.00151
679 -0.0009489856276998582 -0.0008313455750380339 0.00151
680 0.0005357142857142804 0.008433177148794003 0.00151
681 -0.0006314046167140652 0.002421060864863627 0.00151
682 -0.0006204883693133355 0.003290328294561271 0.00151
683 0.0003299487071162028 0.003193116467177225 0.00151
684 0.001194677384052164 0.0004478944002720136 0.00151
685 0.0006297001475489765 0.007245837193914516 0.00151
686 0.0001700346186245687 0.008420058287186168 0.00151
687 -0.0006499181302875459 0.00744657251375232 0.00151
688 0.0009968101524807254 0.003811600412735552 0.00151
689 0.0006435574469801571 0.002131193307191962 0.00151
690 0.0006319163087334247 0.001352490516894242 0.00151
691 -0.0006145429428189126 0.005685401078403653 0.00151
692 -0.001043077230577529 -0.000132897521851512 0.00151
693 -0.000851753527309045 0.0005872913105509322 0.00151
694 0.000654300387868722 0.008166338877627041 0.00151
695 -0.0006894559956379996 0.004758899106999026 0.00151
696 0.0009936838506449225 0.00873559114840664 0.00151
697 -0.000993683850644928 0.008735591148406637 0.00151
698 -0.0004151126969033488 0.001106867188340281 0.00151
699 0.001023263839849204 0.006509374069168886 0.00151
700 -0.0006789168531449941 0.006343761512707991 0.00151
701 -0.0003701312028344539 0.003804449242216835 0.00151
702 0.0006629939630519567 0.00482539046401316 0.00151
703 0.000936990473245591 0.0004823895776018706 0.00151
704 -0.0009113475603500925 0.0008545341858787536 0.00151
705 -0.0006610026304849211 0.008147638854574113 0.00151
706 -0.0006550292537614087 0.002963163913832912 0.00151
707 0.0007007483669696374 0.005920754420951752 0.00151
708 -0.001276802505395003 0.0004849704401618039 0.00151
709 0.0009417758966999647 0.000889865536276035 0.00151
710 -0.0001649039587775955 -0.001357760305830017 0.00151
711 -0.0003252690162616934 0.002010930972567525 0.00151
712 0.0003961845124437509 0.0009207000792370114 0.00151
713 0.0004863334473190732 -0.001274605082588098 0.00151
714 -0.0025 0.006446428571428568 0.0003402242657724564
715 -0.0025 0.00448213356222507 0.0003402296321957425
716 -0.0025 0.003296127321958864 0.0003743376081819206
717 -0.0025 -0.0002309726921772754 0.001084551751356826
718 -0.0025 0.008014518000754414 0.000378037212224099
719 -0.0025 -0.00101417899264972 0.001060970293175937
720 -0.0025 0.005661722390424659 0.0003405553153983072
721 -0.0025 0.0009512762812059605 0.001084887117106068
722 -0.0025 0.001732142857142856 0.001099775734227541
723 -0.0025 0.002512897135445108 0.001085130792702323
724 -0.0025 0.007214093985292862 0.001072017846791065
725 -0.0025 0.004876601576167322 0.001064634356921709
726 -0.0025 0.003695315997476998 0.001089124776202702
727 -0.0025 0.006053571428571431 0.001099775734227543
728 -0.0025 0.0001678651947058869 0.0003739070734747473
729 -0.0025 -0.0006251104204400219 0.0003398537855917008
730 -0.0025 0.001339285714285713 0.0003402242657724579
731 -0.0025 0.002125 0.0003402242657724579
732 -0.0025 0.008424641922824059 0.001079179660399719
733 -0.0025 -0.001424630672115327 0.0003606808886855262
734 -0.0025 0.007211848043704993 0.000345444271610569
735 -0.0025 0.008717496969780908 0.0005483149944026121
736 -0.0025 -0.001717483843954051 0.0008916846135043202
737 -0.0025 0.008021158169192917 0.00109733784036956
738 -0.0025 0.008193117262382978 0.0007281586016039557
739 -0.0025 0.007807584375464608 0.0007382409112975555
740 -0.0025 0.007608092805276162 0.0003622755474486408
741 -0.0025 0.007407772673398103 0.000709466805544774
742 -0.0025 0.007002062448680877 0.0006797616148973605
743 -0.0025 0.006813680255140992 0.001054890823742148
744 -0.0025 -0.001020194943997321 0.0003422378887198087
745 -0.0025 -0.001192256537191203 0.0007116102491211481
746 -0.0025 -0.0008179301977518524 0.0006923711344049264
747 -0.0025 -0.0004282800382278485 0.0006862641109536664
748 -0.0025 -0.0006244682468252646 0.001053659222868707
749 -0.0025 -2.900249152324027e-05 0.0007295910250152891
750 -0.0025 0.0001642877932703166 0.001092964014887555
751 -0.0025 0.0003672358196120753 0.0007457985903074446
752 -0.0025 0.0005665117804660707 0.0003864408586134745
753 -0.0025 0.0007573929176149033 0.0007234409646304812
754 -0.0025 0.00761676820055808 0.001082843900667159
755 -0.0025 0.006615927381493743 0.0007083947788089516
756 -0.0025 -0.0002322745796738649 0.0003403048369263287
757 -0.0025 0.004874998450847033 0.0003402251601763405
758 -0.0025 0.004678836550587522 0.0006890200163446683
759 -0.0025 0.004285605911549014 0.0006814731509111521
760 -0.0025 0.005074432249173354 0.0006922785208348849
761 -0.0025 0.005277080998116371 0.001047639598982311
762 -0.0025 0.004482173193187155 0.001056128488063892
763 -0.0025 0.004088645027050661 0.001052255679171922
764 -0.0025 0.003890870047754465 0.0007002134521545998
765 -0.0025 0.00349281824313346 0.0007322420272022005
766 -0.0025 0.005467678799029386 0.0007003241256452414
767 -0.0025 0.003299832877275095 0.001094559588569067
768 -0.0025 0.003098145879464007 0.0007413294643150434
769 -0.0025 0.002897576165373724 0.0003867508933231346
770 -0.0025 0.002706975811039899 0.000722912881623438
771 -0.0025 0.004088934920254757 0.0003436561836664421
772 -0.0025 0.002122360779611809 0.001084545535059408
773 -0.0025 0.001928571428571427 0.0007595514684550827
774 -0.0025 0.001535714285714284 0.0007595514684550841
775 -0.0025 0.001732142857142856 0.000392421441828827
776 -0.0025 0.001341874241500069 0.001084519901638628
777 -0.0025 0.005269091029198119 0.0003455638536757956
778 -0.0025 0.005858776426750322 0.0006911434488651025
779 -0.0025 0.003693601279326447 0.0003584082118675272
780 -0.0025 0.006049419031990909 0.0003565966383661509
781 -0.0025 0.001151654292985077 0.0006929735006366962
782 -0.0025 0.002312481869560298 0.0006928933900515596
783 -0.0025 0.0005578892781410178 0.001087848447821925
784 -0.0025 0.005663089370649346 0.001069813817953366
785 -0.0025 0.002906546712442113 0.001087322121201645
786 -0.0025 0.0009519774412787394 0.0003421639868730522
787 -0.0025 0.002512225817152611 0.0003421100658061208
788 -0.0025 0.006433474555528805 0.001095845131038609
789 -0.0025 -0.001423479851178918 0.001062978877866535
790 -0.0025 0.008423664367476701 0.0003768459237725617
791 -0.0025 -0.001726995510421208 0.0005504103715762182
792 -0.0025 0.008727012699003996 0.000889565929162744
793 -0.0025 0.00622991076584006 0.0007485872663972263
794 -0.0025 0.006825806312313267 0.0003456374885148895
795 -0.0025 -0.001749621310455165 0.001182932698274171
796 -0.0025 0.008749660838880093 0.0002570321836350346
797 -0.0025 0.00874658816111557 0.001185165819889979
798 -0.0025 -0.001746584098359638 0.0002548108729420489
799 -0.0025 -0.001496969282972141 0.0007154730001507495
800 -0.0025 0.008497186644293728 0.0007244130218683185
801 0.001532482460711542 -0.002 0.001057286106663428
802 -0.0007679696105621779 -0.002 0.0003542505674636357
803 -0.001534906182928078 -0.002 0.0003858921561140659
804 5.319320299617715e-06 -0.002 0.0003510644291067952
805 0.0007690408141202598 -0.002 0.00033397531787541
806 -0.00115393285416573 -0.002 0.001107191097265383
807 -0.0003773641959498616 -0.002 0.001092254628446238
808 0.0003847111980783842 -0.002 0.001071116557863906
809 -0.001935451055571265 -0.002 0.001082201137898956
810 0.001935462049456299 -0.002 0.0003579019496482464
811 0.002222029977058891 -0.002 0.0008921840938393773
812 -0.002222017150859683 -0.002 0.0005478164150367282
813 0.001541262274468662 -0.002 0.0003364801773655794
814 0.001709007980831248 -0.002 0.0007080425234894302
815 0.001339427838901909 -0.002 0.0006872838937414945
816 0.001142650456366961 -0.002 0.001035202005427247
817 0.0009580732098982826 -0.002 0.0006941642516360717
818 -0.001540538343930525 -0.002 0.001103834802068515
819 -0.001708805435046453 -0.002 0.000732534272349663
820 -0.001342546320562508 -0.002 0.0007575383336297039
821 -0.000960982124167383 -0.002 0.0007658269553058409
822 -0.001153146744908042 -0.002 0.0003956688989345428
823 -0.0005657568869806614 -0.002 0.0007133591531393387
824 0.001152582740846903 -0.002 0.0003419839401030926
825 0.000576725463988671 -0.002 0.0007001635127881842
826 -0.0003771461036863144 -0.002 0.0003645020355276431
827 -0.0007660829332875293 -0.002 0.0010931053056928
828 -0.0001652386756438948 -0.002 0.0007683380634560894
829 0.0003862451608468201 -0.002 0.0003410033643935022
830 0.0007667640753669879 -0.002 0.001085432963948427
831 6.543820654371629e-06 -0.002 0.001078754362726143
832 0.0001981221742761571 -0.002 0.0006901994717259023
833 0.001934127067002977 -0.002 0.001061520119820348
834 -0.00193443155172259 -0.002 0.0003790168260009858
835 -0.002231287869883028 -0.002 0.0008900355142155512
836 0.002231304666096276 -0.002 0.0005499822607311066
837 0.002254308331889297 -0.002 0.001182740842731945
838 -0.002254366663593378 -0.002 0.0002573666482075426
839 -0.002242761269203669 -0.002 0.001183785357324892
840 0.002242763294721037 -0.002 0.0002562234518947762
841 -0.002006398612616604 -0.002 0.0007263208331003767
842 0.002006386348089138 -0.002 0.0007139261895057016
843 0.001566079190221429 0.0009030723627063827 0.00144
844 -0.001546637215431638 0.0009161646986505798 0.00144
845 -0.001689088124173061 1.956921214961395e-05 0.00144
846 0.001709993564352756 -5.412186038965261e-06 0.00144
847 -0.001578162719450876 0.008038144061290831 0.00144
848 0.001582835988707831 0.00803918526161769 0.00144
849 0.00158283598870783 0.007270533470911849 0.00144
850 -0.00158283598870783 0.007270533470911856 0.00144
851 0.001582835988707829 0.006501881680205998 0.00144
852 -0.00158283598870783 0.006501881680206009 0.00144
853 0.001582835988707829 0.005733229889500162 0.00144
854 -0.001582835988707831 0.005733229889500166 0.00144
855 0.00158283598870783 0.004964578098794317 0.00144
856 -0.00158283598870783 0.004964578098794322 0.00144
857 0.00158283598870783 0.004195926308088475 0.00144
858 -0.00158283598870783 0.004195926308088478 0.00144
859 0.001552064583416677 0.003385912096729672 0.00144
860 -0.001542734667469669 0.003406090937324096 0.00144
861 0.001579828334108454 0.002682368640956953 0.00144
862 -0.001579842361820516 0.002682492761327305 0.00144
863 0.001583217288275493 0.001906649853607288 0.00144
864 -0.001585544327314669 0.001906647937883572 0.00144
865 -0.001448888739433603 -0.001211771432346217 0.00144
866 0.0014488887394336 -0.001211771432346226 0.00144
867 0.002155262005784551 0.001351540268873577 0.00144
868 -0.002196101913564644 0.001342922803320999 0.00144
869 -0.002185214698599675 0.0005799993554076056 0.00144
870 0.00217850401701244 0.0006145601772966263 0.00144
871 -0.002159775734227543 -0.001410714285714286 0.00144
872 0.002176641165052616 -0.001412311077955393 0.00144
873 -0.002127406238922116 -0.000620151781294763 0.00144
874 0.002195057458797286 -0.0005901775585222776 0.00144
875 -0.001729311371098047 0.008732666349500888 0.00144
876 0.001729311371098046 0.008732666349500881 0.00144
877 0.002174547776659771 0.007634953122088253 0.00144
878 -0.002176019733189163 0.007636133995593776 0.00144
879 0.002173072110294068 0.006855216588451939 0.00144
880 -0.002172994816023434 0.006854926334710116 0.00144
881 0.002171678702761019 0.006075189801073804 0.00144
882 -0.002171678702761019 0.006075189801073808 0.00144
883 0.002170453424861731 0.005294872759953839 0.00144
884 -0.002170453424861729 0.005294872759953842 0.00144
885 0.00216934471191697 0.004514845972575701 0.00144
886 -0.002169344711916971 0.00451455571883388 0.00144
887 0.002177853539575517 0.003714785151701885 0.00144
888 -0.002168464269815669 0.003734819185197568 0.00144
889 0.002174127137408744 0.002910296373224919 0.00144
890 -0.002174127136999533 0.002910731434065485 0.00144
891 0.002174296573461528 0.002125017441844394 0.00144
892 -0.002174296573461528 0.002125017441844394 0.00144
893 0.002174845279441401 0.008437614663347992 0.00144
894 -0.002175429660272503 0.008438875629560005 0.00144
895 -0.001713768988816411 -0.0002589839483494887 0.00144
896 -0.001925865765635 -0.0001021946890295161 0.00144
897 -0.001894424328455121 0.0001641430404705968 0.00144
898 0.001730953803890799 -0.0002869240745085192 0.00144
899 0.001957216967220048 -0.0001238930387297474 0.00144
900 0.001911676403659671 0.0001528820715453218 0.00144
901 0.001662986027668978 -0.0009066217146399369 0.00144
902 -0.001706449198703906 -0.0008710494009859676 0.00144
903 0.001646158397077422 0.0005879762353374176 0.00144
904 0.001871992931084799 0.0007832244775878997 0.00144
905 0.001801591082231971 0.001178508849782285 0.00144
906 -0.001677339861502213 0.0006118953500754806 0.00144
907 -0.001837497449982354 0.00092014358903724 0.00144
908 -0.00168603678198124 0.001193799279188113 0.00144
909 -0.00109885307141804 -0.001697923643098343 0.00144
910 0.001098853071418038 -0.001697923643098345 0.00144
911 0.002178529810815385 0.001734346949220453 0.00144
912 0.001855923133158694 0.001600894775353298 0.00144
913 -0.002187086862519436 0.001732908469950687 0.00144
914 -0.002176543393808049 0.008029792864893139 0.00144
915 0.002174565416584043 0.008026980237264654 0.00144
916 -0.001792775477567772 -0.0005419578255344368 0.00144
917 -0.002103713952755122 -0.001027440282146239 0.00144
918 0.002173057221622126 0.004914812488353027 0.00144
919 -0.00217463903446806 0.005692991818576089 0.00144
920 -0.002176371978988128 0.006471122773175514 0.00144
921 -0.002168140805776222 0.003330023505136656 0.00144
922 -0.001821812562451104 0.003108010089354933 0.00144
923 -0.002178771599667098 0.002517735249142199 0.00144
924 -0.001832831088333396 0.00230691275481719 0.00144
925 0.002176384861366567 0.006471171148799143 0.00144
926 0.002179051966158025 0.003306433148819529 0.00144
927 0.001827886327230418 0.003077244788289519 0.00144
928 -0.002173057221622127 0.004914764112729393 0.00144
929 0.002174639034468059 0.005692991818576089 0.00144
930 0.0021787715997353 0.002517662739002106 0.00144
931 0.001832496650235818 0.002306884938419085 0.00144
932 0.002173369018694723 0.004133342528170994 0.00144
933 -0.002171761152252652 0.004136633158129972 0.00144
934 0.002178340549309904 0.00724925372777493 0.00144
935 -0.002178495698749063 0.007249402164402218 0.00144
936 0.002093702842608108 -0.0009738361392058143 0.00144
937 -0.001578300273221147 0.007654814194100107 0.00144
938 0.00158283598870784 0.006886207575558918 0.00144
939 0.001563577478777777 0.00378467264246438 0.00144
940 -0.001582835988707823 0.006886207575558922 0.00144
941 -0.001582835988707826 0.004580252203441402 0.00144
942 -0.001582835988707828 0.006117555784853087 0.00144
943 -0.001561262584649926 0.003809078557966684 0.00144
944 -0.001582835988707822 0.005348903994147241 0.00144
945 0.001582835988707831 0.005348903994147236 0.00144
946 0.001582835988707835 0.00765485936626477 0.00144
947 0.001582835988707826 0.004580252203441396 0.00144
948 0.001582835988707825 0.006117555784853079 0.00144
949 0.001511380870317019 -0.001604117176932726 0.00144
950 -0.001510122921268528 -0.001608612234702065 0.00144
951 -0.001848712749138579 0.001536547170234858 0.00144
952 -0.00218146033996611 7.249080112534806e-05 0.00144
953 -0.002196751227547062 -0.0002431610721771291 0.00144
954 0.001573931916868023 0.008445109918509705 0.00144
955 -0.001573264306974174 0.008444961175605871 0.00144
956 0.002021892257047999 0.008739206558315315 0.00144
957 -0.002021989653853183 0.008739416719350659 0.00144
958 0.001799934082409884 -0.00129757123561033 0.00144
959 0.002180826430973983 0.0009853960500666998 0.00144
960 -0.001910589380226435 -0.00167468615157068 0.00144
961 0.001910832359006158 -0.001675226818159637 0.00144
962 -0.001812456898602364 -0.001282210821473316 0.00144
963 -0.002159325383382466 0.0009402546526412793 0.00144
964 0.001691244362657135 0.0002765123825478923 0.00144
965 0.002201884342432581 6.218996184053499e-05 0.00144
966 0.001874295854104529 0.008216716015634574 0.00144
967 -0.00187462294614835 0.008217196624069546 0.00144
968 0.002223959918983996 -0.000263905023226745 0.00144
969 -0.001685090118231659 0.0002876985088406713 0.00144
970 -0.001878183347046628 0.0004395973800908996 0.00144
971 -0.001874297044306566 0.007839796359755952 0.00144
972 0.001872172128577136 0.007841457616061571 0.00144
973 0.001902973099024793 0.0004511183798523205 0.00144
974 0.001868784853143869 0.007458721020187528 0.00144
975 -0.001874962530238956 0.007454841784666547 0.00144
976 0.001867238657253721 0.007073587689166959 0.00144
977 -0.001870630238359611 0.007071195858797267 0.00144
978 -0.001503900845690141 0.001461600602301292 0.00144
979 0.001865478998085892 0.006688391196540423 0.00144
980 -0.001869029415272466 0.006685804769273251 0.00144
981 0.001867510927872475 0.006300346119847613 0.00144
982 -0.001867932062968682 0.006300032452836814 0.00144
983 0.001530224570082412 0.001486861578303306 0.00144
984 -0.0007692307692307697 -0.001729980573261955 0.00144
985 0.0007692307692307707 -0.001729980573261957 0.00144
986 0.001862930675033187 0.005917571691990798 0.00144
987 -0.00186296648584069 0.005917545019625934 0.00144
988 0.00186534312121728 0.005528913316787592 0.00144
989 -0.001865347384408648 0.005528910141506064 0.00144
990 0.001860466824165798 0.005146881312655231 0.00144
991 -0.001860467186682069 0.005146876929074867 0.00144
992 0.001863334497246543 0.004757530439793746 0.00144
993 -0.001863334540403243 0.004757489604919246 0.00144
994 0.001858530086246597 0.004375940044701394 0.00144
995 -0.001858371433850512 0.004376191706380191 0.00144
996 0.00187611411117666 0.00395064998986869 0.00144
997 -0.001864522715777936 0.00397868106347033 0.00144
998 0.001924892691189383 0.001934758791688904 0.00144
999 -0.001925694320153522 0.001921606754946141 0.00144
1000 0.001881252966281158 0.003518306243112532 0.00144
1001 -0.001854489600990088 0.003561117223075045 0.00144
1002 0.001918622009743747 0.002698891495978517 0.00144
1003 -0.001917476949854329 0.002705176457741423 0.00144
1004 -0.001488877918348258 0.003056498206413153 0.00144
1005 0.001491955848951109 0.003046284554007113 0.00144
1006 0.001499108454523953 0.002288899419126211 0.00144
1007 -0.001499643555493716 0.002288929423335162 0.00144
1008 -0.002127856542813507 0.0003226746868474611 0.00144
1009 0.001982839125440325 -0.0003789540057532481 0.00144
1010 0.001852404666306516 -0.0006041236767139299 0.00144
1011 0.002139007572425898 0.0003275786895355318 0.00144
1012 -0.002225415098102516 -0.001725060968549041 0.00144
1013 0.002240571627888677 -0.001738936150651578 0.00144
1014 -0.001874961014116965 0.008509607985091084 0.00144
1015 0.00187492619168979 0.008509424006236129 0.00144
1016 -0.001944084992537622 0.0006939510886198319 0.00144
1017 0.001479578968507163 0.001162216216264435 0.00144
1018 -0.002276983862825138 0.008757087041210705 0.00144
1019 0.00227684750729788 0.008756792815761232 0.00144
1020 -0.001473015135614444 0.00875866032595077 0.00144
1021 0.001473148657593213 0.008758690074531535 0.00144
1022 -0.001960946517905577 0.001162976031322812 0.00144
1023 -0.001447314968620628 0.001162840574134043 0.00144
1024 -0.001189141790021034 -0.001408746476347499 0.00144
1025 0.001189321497027958 -0.001408104325237597 0.00144
1026 -0.001945775020759147 -0.0003448250495781263 0.00144
1027 0.001405353979906348 0.009000000000000001 0.001174867675268817
1028 -0.001404777923777413 0.009000000000000001 0.001170649605921559
1029 1.653439088348911e-07 0.009000000000000001 0.001197665299920778
1030 0.0007182307853026743 0.009000000000000001 0.001150852562402603
1031 -0.0006895820450946973 0.009000000000000001 0.001094201170969521
1032 0.001155401313211104 0.009000000000000001 0.0003311832867166685
1033 -0.001163600034009298 0.009000000000000001 0.0003334378954309992
1034 -0.000405559060237481 0.009000000000000001 0.0003553167536943954
1035 0.0003985021286125059 0.009000000000000001 0.0003390680586304949
1036 0.002194144773236929 0.009000000000000001 0.0009027434507060466
1037 -0.002194144773236929 0.009000000000000001 0.0009027434507060466
1038 0.001928898112941497 0.009000000000000001 0.0003539972536587845
1039 -0.001928898112941498 0.009000000000000001 0.0003539972536587843
1040 -0.001542189218963051 0.009000000000000001 0.0003317925678475351
1041 -0.001707410306140456 0.009000000000000001 0.0006397390512362764
1042 -0.001369652529724155 0.009000000000000001 0.000632961363398388
1043 -0.001017547938439479 0.009000000000000001 0.0006441492264553607
1044 -0.0007885371547714857 0.009000000000000001 0.0003583118627280695
1045 -0.0006365014331352926 0.009000000000000001 0.0007018550768240078
1046 -0.0002972796683357606 0.009000000000000001 0.000633953974409453
1047 -9.879645734363948e-06 0.009000000000000001 0.0004087024716197083
1048 0.0003150778342999876 0.009000000000000001 0.0007121175035380121
1049 0.000657376129669796 0.009000000000000001 0.0006449667692687811
1050 0.001538662740218879 0.009000000000000001 0.0003312618609416999
1051 0.001704662534405289 0.009000000000000001 0.0006394956612985238
1052 0.001365661401625509 0.009000000000000001 0.0006314652028129461
1053 0.001023345385009355 0.009000000000000001 0.0006311304960635159
1054 -0.001065615877714484 0.009000000000000001 0.001165980114650541
1055 0.00107302675602479 0.009000000000000001 0.001177290535642514
1056 0.0003263286690079526 0.009000000000000001 0.001099742580151309
1057 -0.0003062324013263745 0.009000000000000001 0.001148921654291531
1058 0.001718716623886148 0.009000000000000001 0.001171162715178823
1059 -0.001718681635054216 0.009000000000000001 0.001170906515631492
1060 0.0007939145362958863 0.009000000000000001 0.0003234638083377562
1061 0.00222124188359101 0.009000000000000001 0.0005469990799954558
1062 -0.002221241883591011 0.009000000000000001 0.0005469990799954556
1063 0.002021965422628817 0.009000000000000001 0.001178642752370638
1064 -0.002021959591156828 0.009000000000000001 0.001178600052446083
1065 0.001553241239102705 0.009000000000000001 0.0009089970022777704
1066 -0.001553992346015698 0.009000000000000001 0.0009082187210387286
1067 0.001861537408129856 0.009000000000000001 0.0009135104534757207
1068 -0.001862113751187229 0.009000000000000001 0.0009133714883468582
1069 -0.001219996600764354 0.009000000000000001 0.0009083800882513911
1070 0.001223773501785589 0.009000000000000001 0.0009095217510363294
1071 0.0008719111405844147 0.009000000000000001 0.0009040681226459805
1072 -0.0009172990042795725 0.009000000000000001 0.0009153580477307063
1073 0.00224076678563157 0.009000000000000001 0.0002585829580881719
1074 -0.002240766785631571 0.009000000000000001 0.000258582958088171
1075 0.000551046146522842 0.009000000000000001 0.0009076228919210314
1076 -5.804836860150977e-05 0.009000000000000001 0.0008679786950077209
1077 -0.002280720872878751 0.009000000000000001 0.001208268700630426
1078 0.002280722039173149 0.009000000000000001 0.001208277240615337
1079 -0.0004080973343650457 0.009000000000000001 0.0008852007619641069
1080 0.001980496060477583 0.009000000000000001 0.0006738268824542251
1081 -0.001980970934019375 0.009000000000000001 0.0006738418002840668
1082 -1.578346109095243e-05 0.008675064370474909 0
1083 -0.002169560113184937 0.006053021171663469 0
1084 -0.002159450212005201 0.003303172184603732 0
1085 0.002160134269837569 0.004482142857142856 0
1086 0.002162866787512259 0.006082489471977435 0
1087 -0.00217339571200702 0.004896491901650504 0
1088 0.00216911730661152 0.003288837780819216 0
1089 -0.0001335979102464985 0.001100277780852507 0
1090 -0.002163316249748085 0.007253920158136798 0
1091 0.002159775734227542 0.007232142857142855 0
1092 0.00215987586644243 0.002124227437507182 0
1093 -0.002159672436158118 0.002124164171116343 0
1094 0.001215091773537503 0.008701611491526458 0
1095 -0.001153846153846152 0.008681223249634924 0
1096 0.0008194844216125935 0.0007200186912499789 0
1097 -0.002160111854069454 0.001338692144516972 0
1098 0.002175799303782375 0.005268409861761717 0
1099 -0.002167279903794718 0.004076439319937608 0
1100 0.002184203869446124 -0.0009569038679332247 0
1101 -0.002162469474560523 -0.001014066648831979 0
1102 0.002163805713068027 0.001339282618958253 0
1103 0.0008564852582907075 -0.0007094425836328276 0
1104 -0.002130723861129535 0.0005047274245380774 0
1105 0.002191997105119711 -0.0002130424492602411 0
1106 -0.002132117380559158 -0.000208457608157705 0
1107 -0.001186377430445068 -0.001620678835183039 0
1108 0.002167947263069239 0.000553732161841629 0
1109 0.002124362368913242 0.008007758947626644 0
1110 -0.002101532181575959 0.008007203682875006 0
1111 -0.0009851385681859978 -0.0005272518792441879 0
1112 -0.001030977677119437 0.0005109064054601119 0
1113 0.001542064384125748 -0.00166046794292505 0
1114 0.001103287303518143 -0.0004780393643143053 0
1115 0.001222705066184964 -4.6438293372406e-05 0
1116 0.0003930295058046161 0.001036333635576366 0
1117 0.0001698527588636614 0.00139886332240801 0
1118 0.000800620960775524 0.001159899707218351 0
1119 0.00114937023839907 0.0009680983537071032 0
1120 0.001132731961421263 0.001359121380872479 0
1121 -0.0005841182395719987 0.0009496983772132902 0
1122 -0.0005039169033090674 0.001318507209893103 0
1123 -0.0008787029558457776 0.001225406271523533 0
1124 -0.0007903942359117424 0.001597245957575466 0
1125 -0.001148559878664338 0.001496458964597862 0
1126 -0.001048826063263887 0.001869926263624529 0
1127 -0.0006883271272695333 0.001969698453162198 0
1128 -0.0009451504447418784 0.002243672062876735 0
1129 -0.0005683667562080233 0.002339336793427628 0
1130 -0.0008337269852733168 0.002601944808248018 0
1131 -0.0004587666617626236 0.002710845123417312 0
1132 -0.0007607031165629006 0.002995451308095733 0
1133 -0.0003572842781516049 0.003088977734920818 0
1134 -0.000615696446239546 0.00337353148720015 0
1135 -0.0002443078036867799 0.003466164577121124 0
1136 -0.0005170750798074368 0.003746492598918964 0
1137 -0.0001478745618550014 0.003845204044239159 0
1138 -0.0004137142428740498 0.004123221080072555 0
1139 -4.430889622755209e-05 0.004222332521149358 0
1140 -0.0003083435231613402 0.004500446729556889 0
1141 6.273771476938104e-05 0.004599306748860523 0
1142 -0.0002019187368415497 0.004877780005427985 0
1143 0.0001694200451725554 0.004976648113772811 0
1144 -9.498967480483156e-05 0.005255102758545469 0
1145 7.897971503574401e-06 0.003194275380122123 0
1146 0.0002847944049234265 0.005351612332225768 0
1147 1.345635738406962e-05 0.005632049576494212 0
1148 0.0003929777329924338 0.005728340971214474 0
1149 0.0001204887478716476 0.006009059324254126 0
1150 0.0004997147178765369 0.006105044830672781 0
1151 0.0002268461998968492 0.006385209963511987 0
1152 -0.0001518365184938974 0.006289488208695035 0
1153 -4.57659618021424e-05 0.006665128041056368 0
1154 0.0003320699732244073 0.006761249837517736 0
1155 0.0003739011739879129 0.004342432585021237 0
1156 -0.0004241901069061611 0.006569354756387119 0
1157 -0.0003181133098619747 0.006944895879374909 0
1158 -0.0004725641233528483 0.005158275883805302 0
1159 0.0005727028830825836 0.00504335543432603 0
1160 -0.0006859704651328014 0.004403224128759099 0
1161 -0.0006963492974660997 0.006849214339906541 0
1162 -0.0005898904408189502 0.007224453150067063 0
1163 -0.0002124643592234777 0.007319920311499062 0
1164 -0.0008028297619133025 0.006473332857315472 0
1165 0.0007729763654633092 0.005824635247993376 0
1166 0.0008792991619444366 0.006201482753185718 0
1167 -0.0001911316633054351 0.002447394606975554 0
1168 -0.0008629303157103121 0.003636542595926093 0
1169 -0.0004838948826496863 0.007599123970136261 0
1170 -0.0008609800281710049 0.007503766233889741 0
1171 -0.001075181194013179 0.006753573560356654 0
1172 -0.001214198438069098 0.002520973375066473 0
1173 -0.0001072181328525728 0.007694431672872397 0
1174 -0.001181838836391267 0.006377267790428463 0
1175 0.001152741623736623 0.005920992595997531 0
1176 0.001258968981834015 0.006298128127112126 0
1177 -0.0009090789954290101 0.006096803328655569 0
1178 -0.001185322453619709 0.0001829319312364585 0
1179 -0.001288577748919704 0.006000484731247613 0
1180 0.000405501601095341 -0.001061213089720768 0
1181 0.001210692412316534 -0.0008119419446216227 0
1182 -0.0003847730868306843 -0.00167866362454594 0
1183 -0.001454584090677614 0.006657804239752003 0
1184 -0.0005757969517919234 -0.0009267578319584269 0
1185 -0.001225260515185381 0.001121212026983066 0
1186 -0.0007552539475659649 0.007877849310676239 0
1187 -0.001131839687480761 0.007782599352184224 0
1188 0.0008048260187554913 0.001547833266863605 0
1189 0.001127545777838392 0.001746691279500423 0
1190 0.000790868819375584 0.001935665200425408 0
1191 0.001120749690535333 0.002135059422416356 0
1192 0.0007956129109927472 0.002324856796321525 0
1193 0.001117033084419479 0.002524762817307117 0
1194 0.0007913755938906762 0.002714901409261745 0
1195 0.001112675792566753 0.002915245855961478 0
1196 0.001453444369245492 0.002724752178758899 0
1197 0.0007730725876693482 0.003105509022985314 0
1198 0.001105063298349768 0.003306353754148483 0
1199 0.0007843993811178789 0.003486165681986222 0
1200 0.001116860216327761 0.003696456714006836 0
1201 -0.001054354312646706 -0.0009340764127145286 0
1202 -0.001452461706239077 0.0005380238041241881 0
1203 0.0001642376798723154 0.007415878480384041 0
1204 0.0002696867868568049 0.007789878985839346 0
1205 0.0005406411491029012 0.007511733686108159 0
1206 0.0006462351292431758 0.007885524450916883 0
1207 0.0009170749938764221 0.007607394224790124 0
1208 0.0009852398248363053 0.006578031858241266 0
1209 0.00136504361990034 0.006675124805727984 0
1210 -0.001465139433020407 0.001784411570052738 0
1211 -0.001332661180515893 0.007030112519255708 0
1212 0.001044957584184531 0.005549708874452028 0
1213 0.001426272952031962 0.005641165982003748 0
1214 0.001345407574714783 0.005288076691564895 0
1215 -0.001015584469324946 0.005719856726662143 0
1216 -0.001395341067902401 0.005623369902787797 0
1217 0.0007998945382252636 -0.001158847302466735 0
1218 -0.0011220303350338 0.0053423625387684 0
1219 0.001502941692454441 -0.0005060517378782693 0
1220 -0.001494208951030141 0.005243688868600556 0
1221 -0.001228051372957673 0.004964295703114274 0
1222 0.001457597774707584 0.003523059396680571 0
1223 0.00143297956797449 0.003885358058133248 0
1224 0.001109647804140931 0.004087666161075858 0
1225 0.001445637229824922 0.004293855434855828 0
1226 0.00109055198940965 0.004482248889700141 0
1227 0.00102438776100229 0.007974437848906089 0
1228 0.001272758639820294 0.007708131828202352 0
1229 0.00139792120424204 0.008070028649833102 0
1230 0.001467947585925064 0.001557758876200267 0
1231 0.0004188576448776976 0.002171627575355003 0
1232 -0.001550400296874092 0.0001584183969966665 0
1233 -0.001884351909789787 -0.001644930401875167 0
1234 -0.001923076923076921 0.008666913306236755 0
1235 0.001881852068053942 0.008648756759562242 0
1236 -0.001787860716376304 0.005527306977394884 0
1237 0.0008132203245511198 0.007233277979847979 0
1238 -0.0006368263511119764 0.005816611465571098 0
1239 0.001231201697614798 0.0005677802038793873 0
1240 0.001502799802488152 0.0008178890066481278 0
1241 0.001577106267418341 0.0004788733024710229 0
1242 0.0007445413597438728 0.008259945168323908 0
1243 5.261295531010972e-05 -0.001147875353041941 0
1244 0.0003954252303799573 -0.001686374598415225 0
1245 0.001626705655459607 0.006398172742878907 0
1246 0.001407956249189397 0.004707919381265907 0
1247 0.001749220095027767 0.006759878924864909 0
1248 0.001484870614127072 0.007097365793715929 0
1249 0.001537859396456192 -0.000917996434448826 0
1250 1.392934401292251e-06 0.008055850869086698 0
1251 0.001779381690179672 0.003708314832105434 0
1252 0.001610891292536176 -0.000127414229741641 0
1253 0.00123650429408359 -0.001242181325604246 0
1254 -0.001589872812316418 0.004862943078146153 0
1255 -0.001332767557592311 0.00458605603795744 0
1256 -0.001715572018616059 0.004490688990738134 0
1257 -0.001492294123651067 0.004158780381317813 0
1258 0.001680617084644469 0.0077785854656706 0
1259 -0.001041148475036603 0.008134841688865482 0
1260 -0.0006521785023947714 0.008305106149894751 0
1261 -0.001419936163071367 0.008048311357269718 0
1262 -0.001541699636833024 0.007661212237777718 0
1263 -0.001349404340054303 -0.0001619678893039025 0
1264 -0.001692360550017504 0.006924430207457815 0
1265 -0.001834250095697632 0.006561873818827137 0
1266 0.0004772466090795682 0.002850515620459741 0
1267 0.00185119946580069 -0.0006943055460754246 0
1268 0.001973494499371037 0.006444841468863328 0
1269 0.001054874128754095 0.004831855764949651 0
1270 0.00168173160978527 0.005367744561557987 0
1271 0.001826136227396533 0.005768237720086436 0
1272 0.0007222049128253506 0.00466185356721345 0
1273 -0.001723107437105209 -0.0001781567164633995 0
1274 -0.001551890075682877 -0.0004725306943410817 0
1275 -0.001925747051229304 0.0001435869336106977 0
1276 0.001780925368406002 0.008186479293365486 0
1277 0.002078336106948007 0.007618512306232473 0
1278 0.001762190336670933 0.007387448882167807 0
1279 0.001504770648413453 0.008451416992247381 0
1280 0.001608844455980727 -0.001281238738762548 0
1281 0.001892848399881107 -0.001490322361361317 0
1282 0.001128745683489352 -0.001666801150743995 0
1283 -0.002162034539889185 -0.0006306613132464351 0
1284 -0.001764433188732022 -0.0007980116565370718 0
1285 -0.001825462075094367 -0.001211093052842126 0
1286 -0.00148514355281116 -0.001016062785034049 0
1287 -0.00152727661777989 -0.001405431558419826 0
1288 0.00219422605825631 0.0001640206663899883 0
1289 -0.002155567919755268 0.0009382909141141056 0
1290 -0.001832966644901716 0.001149905928243568 0
1291 -0.001821721133706869 0.001553866052638612 0
1292 -0.002160271274531291 0.001734927989643667 0
1293 -0.001820122223253306 0.001928559855304365 0
1294 -0.001836640511061728 0.002319985463839876 0
1295 -0.00182135755759951 0.000750610768388893 0
1296 -0.0003785485462973318 0.007979800864958994 0
1297 -0.0002177122208075343 0.008345851617987454 0
1298 0.00216831173485468 0.0009465532311734829 0
1299 0.001831101292121996 0.001094215742220706 0
1300 0.0003777371951548861 0.008149085415382151 0
1301 0.0004832149838901205 0.008531909303523764 0
1302 -0.002162328522562216 0.002516616948318057 0
1303 -0.001834101013520376 0.002712695013994086 0
1304 0.002164316052825268 0.001731906586279332 0
1305 0.001820824750026463 0.001927948860039533 0
1306 0.00182001350860109 0.002319387507998285 0
1307 0.00216201352229586 0.002517073660390869 0
1308 0.002158879903478474 0.002909574876527423 0
1309 0.001820059480431576 0.003050280629326213 0
1310 -0.002160148094865806 0.007625644947544235 0
1311 -0.001820722002081677 0.00742921491611555 0
1312 -0.002162474508889558 0.002910187848396364 0
1313 -0.001822495553320974 0.003106535460935755 0
1314 -0.001820238637559448 0.003499946767946176 0
1315 -0.001485528891476407 0.003293920858581439 0
1316 -0.001484826260713697 0.003699072129855221 0
1317 -0.001447153726011466 0.002865382278516752 0
1318 -0.001140363280758324 0.003106456620521302 0
1319 -0.002109696583209484 0.006860945979334371 0
1320 -0.0009654655037829561 0.007128335703516947 0
1321 1.387123163785467e-05 -0.001691407617853144 0
1322 0.000605854678082148 0.006481326756191712 0
1323 -0.0007745842223740211 -0.001661324901754305 0
1324 -0.0005763358454344693 -0.00131412915154971 0
1325 -0.0009609702609499273 -0.001334351638170193 0
1326 5.917912263993935e-05 0.007040945044841726 0
1327 0.001091108116091105 0.006961837088237019 0
1328 -0.0002781430603299531 0.002036707683689113 0
1329 -0.002161157896010475 0.003694212096386325 0
1330 0.0007758120656975935 0.00423724732693055 0
1331 0.0005259652840340951 0.004009220970497277 0
1332 -0.0001077803154146133 0.00281891407480513 0
1333 0.0001914068350614096 0.002569192776977247 0
1334 0.002179871904138994 0.00487509211981743 0
1335 0.001807044682056981 0.004675773543181334 0
1336 -0.002159775734227542 0.005660714285714284 0
1337 -0.002159330840924269 0.005292734335299056 0
1338 -0.002115175536115744 0.004482749803557774 0
1339 0.002092381351218353 0.004050593843532141 0
1340 0.0004702578516442781 0.001721402646272878 0
1341 0.0001090580827749722 0.0018656251318614 0
1342 -0.0001567418844045454 0.00166071603193084 0
1343 -0.0005794859277383694 0.004780669050731771 0
1344 0.0004005859197745007 0.00325203361434359 0
1345 0.0001097286637113419 0.003555709461973484 0
1346 -0.001819978622703484 0.003892857162973298 0
1347 -0.001645214589741613 0.005921146699255026 0
1348 0.001532625006661969 0.006017557452146589 0
1349 -0.0007855239005404645 0.004024378664157674 0
1350 0.0006665301892874232 0.005449957566226297 0
1351 -0.001548590142497855 0.006292649012980751 0
1352 -0.001538461538461537 0.00867870934959797 0
1353 -0.001751694095093605 0.008306309095393928 0
1354 -0.0007692307692307653 0.008666913306236755 0
1355 -0.0005304220968954244 0.006193822278436529 0
1356 0.0007104339384025994 0.00685905353987566 0
1357 -0.001237730881712608 0.00740889441762599 0
1358 -0.001304763883711207 0.002176406065557243 0
1359 -0.0002582986685903581 0.00591267656593198 0
1360 0.0004366303646322132 0.00713702309476255 0
1361 -0.0003653991952267031 0.005535793030919607 0
1362 0.001833516002653772 0.004293548895908482 0
1363 -0.0007436639784560389 0.005439283535038831 0
1364 -0.001070581365737966 0.004297805298976594 0
1365 -0.0009579358546695535 0.004682171937288633 0
1366 0.001169390453093199 0.007344806320988712 0
1367 -0.0008506219320347139 0.005061176441457867 0
1368 -0.001151585402011728 0.003892413424064729 0
1369 0.00215184512768799 0.003642189605739667 0
1370 0.00214704508957067 0.006808067792161565 0
1371 0.0007607076932887101 -0.001696550593772647 0
1372 0.001460544628310928 0.00314397622021449 0
1373 0.001827144364335325 0.00269506685568644 0
1374 0.001443302148806595 0.002334409138073686 0
1375 0.002184721666879984 0.005654722093964178 0
1376 0.001451753577219077 0.001960354842503625 0
1377 0.001835012903493965 0.001518871539772252 0
1378 -0.001760918259730835 0.007961077223131658 0
1379 -0.00218202836000482 -0.001401521095352467 0
1380 -0.002167673965349307 0.008411342508020621 0
1381 0.002167837750992903 0.008397005244853315 0
1382 0.001465432070667487 0.001191334997546688 0
1383 0.001626218451938544 0.004995460362223004 0
1384 -0.002176231396840483 0.006440258799531031 0
1385 -0.0004040226204591328 0.008665489240765644 0
1386 -0.0009341893744602818 0.0008549737899063749 0
1387 0.001854133441774093 0.0007080764837231854 0
1388 -0.000246727342002206 -0.001055774741231048 0
1389 0.0010378238021167 0.0002717330997659821 0
1390 0.0009428180895401385 0.005189973907069671 0
1391 0.002182127382041098 -0.000571561575163602 0
1392 -0.001502909023979845 0.001356222788933686 0
1393 0.0008532904597846813 0.00863466169596951 0
1394 0.001127647935012377 0.0083389180900797 0
1395 -0.001844572404481423 0.005106278088494539 0
1396 0.001897131493852596 0.0003377875704979501 0
1397 0.0003801933459675563 0.00472471928983881 0
1398 0.0005256022491153399 0.001366474178219887 0
1399 0.002189851203932615 -0.001341969101153946 0
1400 -0.001171641714188742 0.003466769932140682 0
1401 -0.001546589753746734 0.0009466340231101106 0
1402 0.0001926177285893663 0.003946755660119705 0
1403 -0.001333380632483084 0.008388451608916225 0
1404 0.00185525502095354 0.007075412088010243 0
1405 -0.001534985806987565 -0.001734208159095606 0
1406 -0.00175691112173244 0.000422566584968647 0
1407 -0.001858781422994708 -0.0004815666594909685 0
1408 0.0005761956345768848 -0.001399753853045023 0
1409 -0.00154454040661775 0.002483549794210545 0
1410 -0.0001595002789970944 -0.001385291237708654 0
1411 0.001824365635280281 0.006142259771190537 0
1412 0.0001507141707220165 0.008414618310815912 0
1413 0.0005348999187804195 0.002526218835675051 0
1414 -0.00188729904876527 0.006211992952213948 0
1415 0.0004712160827685407 0.003670486010459929 0
1416 0.0007973168056811331 0.003864540477492778 0
1417 0.001868448980789142 -0.001101051604781275 0
1418 -0.001330692885016018 -0.0007234198462302021 0
1419 5.000956781573817e-05 0.002218109554971663 0
1420 -0.001552784523530694 0.007283958675102054 0
1421 -0.001863073346185905 0.004214571212436432 0
1422 -0.002245734071444176 0.0001576322079335415 0
1423 0.0002395591960753806 -0.001387669744749555 0
1424 -0.0004549085757089002 0.001672285376705002 0
1425 -0.001243592800985668 -0.001223176777341955 0
1426 0.001535727513385596 0.008760357048667216 0
1427 -0.001083289945928026 0.00280620688049662 0
1428 0.001837656702065581 0.003402453614557844 0
1429 0.001918976217679471 0.005081289683912111 0
1430 0.001903518007264282 5.744203982311312e-07 0
1431 -0.001237895805350183 0.0007943500099167702 0
1432 0.002216153017963732 -0.001713952543522472 0
1433 -0.00221988670058424 -0.001717607897136956 0
1434 -0.002219886700584238 0.008717607897136959 0
1435 0.002219886700584238 0.00871760789713695 0
1436 -0.001886532074940917 0.004751885142318311 0
1437 0.000924656050975808 -0.001395491077101149 0
1438 0.001717438382811886 0.004033948703437137 0
1439 -0.0009615384615384601 0.00844391212495558 0
1440 -0.001053966252538723 -0.0001189431083069793 0
1441 0.001664261082984222 0.0001824788328122933 0
1442 -0.0009122768784796547 0.003301963653314855 0
1443 0.001374091578344585 0.000221570042483429 0
1444 -0.001606599031096573 0.002124400545836726 0
1445 0.001873779157536065 -0.0003519668529534913 0
1446 0.0002754355927842892 0.008729948288440511 0
1447 -0.001945692735865077 0.005861748636012463 0
1448 -0.001884479284157385 0.007714015974687564 0
1449 0.001961861947835843 0.005473385678330643 0
1450 -0.001252687298047323 -0.0004098399622659292 0
1451 0.001463492455506047 0.007462571473289019 0
1452 0.001275454898827392 0.005002657221414625 0
1453 0.002276507191112379 0.006446031940685366 0
1454 0.0008231500035505422 0.0049317596683897 0
1455 0.001016537687519737 -0.001033850104451288 0
1456 -0.0008120824967457836 -0.001064288207954268 0
1457 -0.0002254653231642183 0.001375934964633692 0
1458 0.0006613311593124901 -0.0009322546268072283 0
1459 -0.0008182342564428068 -0.000784319068744369 0
1460 0.001367428347922942 -0.0002614524992091713 0
1461 0.001899443929624886 -0.001772948569561768 0
1462 0.0009928211832349499 -0.0001919009585953412 0
1463 -0.001885587493193098 0.007158559352590677 0
1464 0.0001314284246565094 0.001082410459528831 0
1465 0.0001780421754944833 0.00294012000788294 0
1466 0.0025 0.006437334189457624 0.0003587150507678119
1467 0.0025 0.004492365957012297 0.0003750581571965665
1468 0.0025 0.003293583386106707 0.0003665645566449394
1469 0.0025 -0.000233100528379417 0.0003408836783948901
1470 0.0025 0.008014518000754414 0.000378037212224099
1471 0.0025 -0.001012415484419827 0.0010629237922228
1472 0.0025 0.002125113842001874 0.0003466575429232743
1473 0.0025 0.00565911270954696 0.0003753656430782901
1474 0.0025 0.0009469146326197588 0.001092515208025313
1475 0.0025 0.007214093985292862 0.001072017846791065
1476 0.0025 0.004879483808152507 0.001102272972479832
1477 0.0025 0.002904770991452999 0.00108927173756049
1478 0.0025 0.003696428571428573 0.001099775734227543
1479 0.0025 0.006047558063570515 0.001103247552129557
1480 0.0025 0.000161155994728871 0.001074650838808402
1481 0.0025 0.001740619590292198 0.001087290495566801
1482 0.0025 0.0005531632800969731 0.0003416406205629498
1483 0.0025 0.001344884191106585 0.0003513453921138712
1484 0.0025 0.008424641922824059 0.001079179660399719
1485 0.0025 -0.001424641922824064 0.0003608203396002782
1486 0.0025 0.007211848043704993 0.000345444271610569
1487 0.0025 0.008717496969780908 0.0005483149944026121
1488 0.0025 -0.001717496969780911 0.0008916850055973845
1489 0.0025 0.008021158169192917 0.00109733784036956
1490 0.0025 0.008193117262382978 0.0007281586016039557
1491 0.0025 0.007807584375464608 0.0007382409112975555
1492 0.0025 0.007608092805276162 0.0003622755474486408
1493 0.0025 0.007407772673398103 0.000709466805544774
1494 0.0025 0.007002062448680877 0.0006797616148973605
1495 0.0025 0.006813680255140992 0.001054890823742148
1496 0.0025 -0.001020955378682273 0.0003423709575360471
1497 0.0025 -0.001192733044575444 0.0007119530321214598
1498 0.0025 -0.0008159154488786237 0.0006946141608921443
1499 0.0025 -0.0006219600078231581 0.001057299928952474
1500 0.0025 -0.0004262014007573847 0.0006900686846114735
1501 0.0025 0.00761676820055808 0.001082843900667159
1502 0.0025 0.006608088392544431 0.0007099336522090781
1503 0.0025 -0.0006243621261162837 0.0003446562469057592
1504 0.0025 -3.415392971551148e-05 0.0006932205573022927
1505 0.0025 0.000160714285714284 0.0003431507647686917
1506 0.0025 0.0003572237505422718 0.0006942877324995199
1507 0.0025 0.0007500529000739058 0.0006917540887258209
1508 0.0025 0.0005536978051998908 0.001060308040346469
1509 0.0025 0.001151218857360827 0.0007269748017857381
1510 0.0025 0.00134571959721815 0.001078396409252461
1511 0.0025 0.0009486960619159044 0.00035195248386473
1512 0.0025 0.001551106993261423 0.0007038486927170194
1513 0.0025 0.001958153038717072 0.000759713537812099
1514 0.0025 0.005659712058214134 0.001100354370544545
1515 0.0025 0.005857142857142861 0.0007595514684550851
1516 0.0025 0.005461158927434758 0.0007492466484185557
1517 0.0025 0.005264803504912294 0.0003835966854816185
1518 0.0025 0.006051492158600289 0.0003994496979233084
1519 0.0025 0.00507268229721046 0.0007557016253566054
1520 0.0025 0.004499017462821837 0.001095762087776173
1521 0.0025 0.003301262317372999 0.001090746705218905
1522 0.0025 0.003496934476968016 0.0007444167634489142
1523 0.0025 0.003903539105580746 0.0007493214420371537
1524 0.0025 0.00369603330429972 0.0003799383274689394
1525 0.0025 0.003088149721540066 0.0007395985692327457
1526 0.0025 0.002692840910434794 0.0007370692077015067
1527 0.0025 0.002896936270651001 0.000360806934892049
1528 0.0025 0.004099722273194975 0.0003838106223922195
1529 0.0025 0.004298684744669131 0.0007471576414376073
1530 0.0025 0.005268125229454357 0.00109792926946659
1531 0.0025 0.004096040218845284 0.001095336150913079
1532 0.0025 0.004872900046005964 0.0004017743206147069
1533 0.0025 -0.0002309075096421501 0.001065873334945774
1534 0.0025 0.001740590629895444 0.0003602608609277106
1535 0.0025 0.002513849718226254 0.001079450451116633
1536 0.0025 0.002131232411498495 0.00107817685523624
1537 0.0025 0.006432638378418613 0.001096737523491898
1538 0.0025 0.00232295743623994 0.000677662742864196
1539 0.0025 -0.001423309119742113 0.001063307310252052
1540 0.0025 0.008423664367476701 0.0003768459237725617
1541 0.0025 -0.001727012699004001 0.0005504340708372519
1542 0.0025 0.008727012699003996 0.000889565929162744
1543 0.0025 0.006235448202063643 0.0007479967250999684
1544 0.0025 0.006830968555888186 0.0003274444028473452
1545 0.0025 0.004685855719312032 0.0007462878008102484
1546 0.0025 0.002504647479475235 0.0003445307964567227
1547 0.0025 -0.001749589789333176 0.001182998463169887
1548 0.0025 0.008749660838880093 0.0002570321836350346
1549 0.0025 0.00874658816111557 0.001185165819889979
1550 0.0025 -0.001746588161115571 0.0002548341801100183
1551 0.0025 0.008497186644293728 0.0007244130218683185
1552 0.0025 -0.001497038751185307 0.0007156399516816854
1553 -9.642934420425887e-05 -0.0007941670992784432 0.001109210318375501
1554 -0.0004562728897342159 0.0006571263577833324 0.001093356926610861
1555 0.0002836839096340287 0.0007480129941483318 0.0011092103183755
1556 -0.0007073436896754844 -0.0003737176804437703 0.0003741608118772882
1557 0.0002836839096340285 -0.000748012994148332 0.0003307896816245012
1558 -0.000708364820522657 0.0003717785376348451 0.000330789681624422
1559 -8.248659349083477e-05 0.0007957361132274178 0.0003678006121749279
1560 -0.00079999706396482 2.167405745979186e-06 0.001093383807876769
1561 0.0007392499999997474 -0.000305793128602285 0.0008999999999999987
1562 0.0007392500000000474 0.0003057931286015597 0.0005399999999999987
1563 0.0007393468900902362 0.0003055587932197276 0.0008995691987635035
1564 0.000561112698822805 0.0005702214826010926 0.000611981175805911
1565 0.0005616858081666369 0.0005696569607265341 0.0003490592059263264
1566 0.000286528586683903 0.0007469279543656972 0.0005318622870841369
1567 0.0007393468900902359 -0.0003055587932197285 0.0005404308012364924
1568 0.0005611376231036228 -0.0005701969553913951 0.000828020509324709
1569 0.0005616858081654881 -0.0005696569607276669 0.001090940794073223
1570 0.0002865285866827355 -0.0007469279543661451 0.0009081377129142641
1571 -9.642934420452619e-05 -0.0007941670992784107 0.0003307896816243874
1572 -0.0004544517973849246 0.0006583870927149252 0.0003307896816276354
1573 -0.0005968523515030087 0.000532698104469435 0.0006742428168437522
1574 -0.0007774344612745222 0.0001886681171337476 0.0006745559795163889
1575 -0.0007083592967655905 0.0003717890620846156 0.001051046443537828
1576 -0.000773264834537393 -0.0002050889945069167 0.0007294192948644462
1577 -0.0002770965344326311 0.000750478187961133 0.0007077572605984071
1578 -0.0007057102619829733 -0.0003767930813217292 0.001099966495867266
1579 -0.0005860994214806587 -0.0005445066281874236 0.0007438507429613397
1580 -0.0004509528118641524 -0.0006607885906035413 0.0003671518647600229
1581 -0.0002054327267347694 -0.0007731735864515275 0.0007460724950164779
1582 -0.0007999970352901896 -2.177963936143853e-06 0.0003417051191573884
1583 -0.0004498019113866128 -0.0006615725512088223 0.001102462150444573
1584 -0.0001025524377384235 0.000793399645521667 0.001086078861699627
1585 0.0005851614147993307 -0.0005455145448382158 0.0003196757897276476
1586 0.0005851614147993343 0.000545514544838212 0.001120324210272356
1587 7.311756349393238e-05 0.0007966516314605217 0.0007966607020334767
1588 9.704146449302711e-05 -0.0007940925350165738 0.0006129382146538893
1589 0.0002836839096340278 -0.0007480129941483322 0.001210370757045951
1590 0.0002836839096340285 0.000748012994148332 0.0002296292429531477
1591 0.0007536381748693852 -0.0002683831242450653 0.001160412420796076
1592 0.0007557143679228144 0.0002624800832730382 0.0002591391221756634
1593 0.0007556421751054673 -0.000262687843650745 0.0002593692016088447
1594 0.0007556421751056102 0.0002626878436503341 0.001180630798390844
1595 0.0003448018062685501 0.0007218806787786644 0.0008321600866672871
1596 2.039082033726288e-05 -0.0007997400918085659 0.0008596223253119954
1597 0.000346391883349668 -0.0007211190353537133 0.000614927103709654
1598 0.0001805892637723629 -0.001469038156634543 0.001475
1599 -0.0008181980348030157 -0.001163404510465198 0.001475
1600 0.001095561758060432 0.0008334412103906476 0.001475
1601 0.001131089591290629 -0.0001562481594980209 0.001475
1602 0.001759257531213588 0.0001394498163195562 0.0007243528183061316
1603 -0.001634128008302879 0.0001528441711674614 0.0007247713289524221
1604 -0.001394719216858742 0.0008404749138564521 0.0007319071348858966
1605 0.001456872362826055 0.0008021962319563217 0.0007268564347268832
1606 -0.001536845881503825 0.008286801952714987 0.0007203468518617644
1607 0.000162141760913341 0.0082205023827845 0.0007207199322262747
1608 0.001533149886589266 0.008286888163080383 0.0007204192788138949
1609 -0.001702338212056632 -0.0005788549853601636 0.0007115280565268374
1610 0.0008995996310756057 0.004790391748666249 0.0007231092259033787
1611 0.0007057358820190658 0.006089385871215345 0.0007168583409371755
1612 -0.0007199629271340852 0.006146141708829982 0.0007194848710800577
1613 0.000156183062905607 0.006601239664099186 0.0007205212626913018
1614 -0.001700009096196134 0.004705391591966985 0.000717373934671849
1615 0.001433966076444506 0.006244031428447607 0.0007215999664136893
1616 -0.001471131861163495 0.007461382141942835 0.0007237342998219717
1617 0.001547222035985495 0.005156741046470777 0.0007220635622372771
1618 -0.001661537960936442 0.006694044627882467 0.0007196449058143833
1619 -0.0001786115372916967 0.005633702800975336 0.0007202518590894351
1620 -0.001038429755612423 0.0032183377741219 0.0007227299472831002
1621 -0.0007464411820919553 0.00761081668258141 0.000723138072521298
1622 -0.001442182786568786 0.005976848381852245 0.0007253571916414209
1623 0.0001655429335067529 0.00468948784356566 0.0007282483788940727
1624 -4.724961458196374e-07 0.003963466089378124 0.0007204280585531956
1625 2.130535674436808e-05 0.002912119899118731 0.0007280412185540324
1626 0.0003802872642190987 0.007354453365567799 0.0007163792055415001
1627 0.001218298505058082 0.00150564504061802 0.0007231738774257224
1628 0.0004900723047545438 0.001436599297611491 0.0007272671856284508
1629 -0.001043664569030912 0.002075416277154559 0.0007215987479849896
1630 -0.000875224403340287 0.001360130115958165 0.0007223879775532605
1631 -0.0007403100447909059 0.004622297516959614 0.0007111003962103461
1632 0.001366150125258492 0.007279548441488583 0.0007214100950298046
1633 -0.0002419666001160122 0.002214233097130164 0.0007235703776319525
1634 0.0007498250356173326 0.003022747992231963 0.0007318498248171799
1635 0.0005037962045163538 0.005395200295511114 0.0007024249854055373
1636 0.001014817331932327 0.003890246640113689 0.0007056047647883437
1637 -0.0005112276444332973 0.006912852931311053 0.0007101600791094498
1638 0.0008353911367724161 0.007929642217784963 0.0007073310729031617
1639 0.0007936034004701639 0.002109628319869254 0.0007175809151881143
1640 0.001680052575452672 0.00442327031913879 0.0007178179533348303
1641 -0.0007319765034775629 0.003886955602525244 0.0007240614995357282
1642 0.001677246351824139 -0.0005998534734795398 0.0007170547881556159
1643 -0.001778300786557673 0.002155526388517726 0.0007181016091845283
1644 0.0008453115028983207 0.006790325529647961 0.0006987211319706884
1645 -0.0009362721274155069 0.005443322696644774 0.0007097359103071092
1646 -0.001673535773947365 0.003964252423563728 0.000723521321671099
1647 0.0009774959629409849 -0.001216423434251219 0.0007113779687711547
1648 -0.0008281240889023173 0.008317788202798984 0.000741237296761988
1649 -0.001723815297388713 0.002906536393874008 0.0007191998909633286
1650 0.0014410096952949 0.003230434143843711 0.0007439330536827924
1651 -0.0007718983118691175 -0.001262515138326518 0.0007124338097353462
1652 -0.0001992459693017415 0.001520290415976065 0.0006803245865057486
1653 -0.001499981692868297 -0.001278427792449921 0.0007165897884501691
1654 -0.0017619868456971 0.005379432352903252 0.0007845201783235772
1655 0.001462724387341724 0.002501377998459211 0.0007432044957448618
1656 0.001673038717573135 -0.001300285639181899 0.0006975107209655194
1657 0.001287208823803642 9.709659805332295e-05 0.0009333539514228063
1658 -0.00179101757344253 0.001438164945975456 0.0007074971071895474
1659 0.001803188052938178 0.001889560009009432 0.0007519173561162641
1660 0.001842948682406566 0.0067908025996072 0.0007639641301268472
1661 -0.001220079048042451 0.0003601364991556616 0.0009456422737170998
1662 0.001096741546823637 0.005596812457408476 0.0008233489401310744
1663 0.0003502755772400834 -0.001373421041340603 0.0007551318447267537
1664 0.001851280248440322 0.005737991563771281 0.0008039050157101209
1665 -0.0007293242997626573 0.002645525042852661 0.0006456076924431589
1666 0.001851492017393493 0.007716672596383739 0.0007949820585894913
1667 -0.001936547249272276 0.0006423360045081363 0.0008528515790672607
1668 0.001839853805460448 0.003772186006413908 0.0007906970125584179
1669 0.0008968212005680399 0.001029826642976183 0.0008666528291431758
1670 -0.000427647368523809 0.003343166820445126 0.000605130261001871
1671 -0.0001376291724694352 0.007684985100701691 0.0006209516925649697
1672 -0.001121924390107815 0.006968188645174881 0.0005808294971153344
1673 -0.0003139422722989347 0.00504836826107027 0.0005848322945415808
1674 0.0003124444151210583 0.00344493625631048 0.000846722584779926
1675 0.0007113889020777513 0.008452756588647043 0.0008977451508619403
1676 -0.001292905592100052 -0.0001361031305385403 0.0009520945050817394
1677 0.001941443401199265 0.0006222050665733769 0.000917644423021232
1678 0.001880670937848396 0.001268937814564375 0.0006141434668761451
1679 0.0005924438761896241 0.004296440279081455 0.000569825371204351
1680 0.002004276323997827 -0.0002479831103297392 0.0009476649086090648
1681 -0.001918247404243465 0.007840559427644739 0.0005874569772245522
1682 -0.001246300392948541 0.004351635064536682 0.0008505934285275645
1683 0.0002553021676274016 0.001949704106535574 0.000879842272213378
1684 0.001929824147625586 0.002880029716051955 0.0008557921969881533
1685 -0.001145545814308609 -0.0007958765408469952 0.0008488322292023096
1686 -0.001194434748247411 0.00494809524224638 0.0008845620215286752
1687 -0.0003115416953833831 0.008452092436961815 0.0008987639709605679
1688 0.0001635028570001015 0.006056968480483102 0.0008848358648531364
1689 0.0004493039595549449 0.002553104243881259 0.0005728175451888876
1690 -0.0002259296807312832 -0.001422654940271267 0.0008591981275662414
1691 -0.001927632908955528 0.00344684968280196 0.0005814626313686026
1692 0.001992077225089733 0.008480368399258649 0.0009179760608680705
1693 -0.001152530728407593 0.00648572191238172 0.0008979612149897568
1694 -0.001993076285523006 0.008481752495518731 0.0009193843356232499
1695 -0.001260721706334848 0.002592090083383031 0.0008732776765463537
1696 -0.001954851629079291 0.007174891975825147 0.0005767230397930686
1697 -0.00196054475285275 0.006107554175585046 0.0009146519031465522
1698 0.001413280560691923 -0.000194361969997538 0.0005171608329141929
1699 -0.001995975577444622 -0.0001860862241373797 0.0009189034732225882
1700 0.001354134376489003 0.000355835355642014 0.0004950688360429049
1701 0.001146619747771359 -0.0007046886381820951 0.0008973866048433258
1702 -0.0002146748857048665 0.006244699958878927 0.0005397845018588411
1703 0.001971663842171177 0.006226360589648271 0.0005414135146128013
1704 -0.001980608052647731 -0.001477295263223443 0.0008928359952427151
1705 0.00197964728477148 0.004855226737408741 0.0009035583796839703
1706 0.001351172088047473 0.0005073937130230324 0.001044166971405341
1707 -0.0002655817928444335 0.004408075388430624 0.0005389961676875819
1708 -0.001976575756539603 -0.001038468475870963 0.0005433252339031994
1709 -0.001385583900719017 0.001286528707636475 0.0009588954012771731
1710 0.0008817859209685584 0.007415717320867959 0.0005098333265806968
1711 -0.001183744662082558 0.007900296504046143 0.000894779236685742
1712 0.001178177868067347 0.004372335911103668 0.000522399857098925
1713 -0.001310335388014175 0.001634952664531711 0.0005493455270876421
1714 -0.001220605164851213 0.003706774942313101 0.0005222365234553054
1715 0.001345187481563753 0.007800357943610315 0.000539473253164118
1716 -0.001252335140559618 -0.0004134136909206695 0.0005172901189092187
1717 0.001080983371598131 0.008482014974431582 0.0005128115591941718
1718 0.00199725139641534 -0.0002008757339333709 0.0004549410375300746
1719 0.001332290014383831 0.006733255123635156 0.0009128095010240068
1720 -7.77203123762225e-05 0.007161282525301287 0.0005074564628237529
1721 -0.001821287458692255 0.0009781989035659428 0.0004829825239887698
1722 0.001293594845951683 0.002011594716805293 0.0009038741565540037
1723 -0.0005922576950016666 0.00185571841770858 0.0005200392089488757
1724 0.0009828903801442845 0.002588544661568582 0.0005167684262853196
1725 0.001951851805200461 0.007261929246867045 0.000506137513700919
1726 0.0004798771145418082 0.003939958707389845 0.0009490321774023938
1727 -0.0009071881297398503 0.0008760772056051231 0.0009175627438150854
1728 6.093914357825139e-05 0.005207943127189007 0.0009208032209994613
1729 0.0003908827987772092 0.007816428614122519 0.0009563757952170317
1730 0.002020025519239242 0.0004614534771553657 0.0004597049198834288
1731 0.002045196451666202 -0.001548007061011327 0.0008865405603820245
1732 -0.001494972295052027 0.003441710216909991 0.0009037635526336249
1733 -0.0004318373941656424 0.0079515374149732 0.000953185808205614
1734 -0.002000052237826593 0.004321827106978183 0.0005028799379167223
1735 0.0005024994529063373 0.00497140018347267 0.0009749084312141733
1736 -0.001316418221340612 0.0004304596271019593 0.0004644399002289964
1737 0.001091641011081337 0.005205844273964565 0.0004909130523050928
1738 0.001354849120035548 0.004741844406012044 0.0009436807272836636
1739 -0.001876231373398556 0.005800447358086338 0.0005080778362185184
1740 -0.000287778530635819 0.008156976341706595 0.0004761008204165833
1741 -0.0004448020831931736 0.00295501138359921 0.0009437656551191892
1742 0.0002447083732360865 0.005766656180907407 0.0004805174893578987
1743 0.001999093747590817 0.008140402700085307 0.0005080573409866301
1744 0.001930118435699226 0.003308932678680879 0.0005252693281811678
1745 0.001025430632306958 0.006383750788447441 0.0004627001220891545
1746 0.0005014589366218148 0.004953855000037465 0.0004817969250008833
1747 0.001992912931256736 0.005330140264343825 0.0005045262472047897
1748 0.001014482009414071 0.003409604083885217 0.0005031356775970979
1749 -0.001470206352082496 0.00509298703438168 0.0004839719490601709
1750 0.001444046021419048 0.005783474052579321 0.0004935932493730466
1751 0.002002309861503684 -0.0009460453694733922 0.0004926257783571269
1752 -0.0020229453847207 0.005042029887947636 0.0004853074288787059
1753 0.001974395131012923 0.00238444812895576 0.000675631076788093
1754 0.0001003006317515959 0.001265277517012007 0.0009861978539825518
1755 -0.0003190592309185145 0.006027888112084714 0.0009805812785207732
1756 -0.001990018364459558 0.006378967849157889 0.0004770614388297476
1757 0.0001306997387450355 0.001225540751748368 0.0004689645787817253
1758 0.0008326337472505881 0.001683477018829458 0.0004730324884689305
1759 0.00153877133404383 0.001223379762001013 0.0009594291373641658
1760 -0.0002872617523606363 0.006529772814223507 0.0009488911074755716
1761 0.001435415662840472 0.004041238395562547 0.0009612016311700048
1762 0.0004289791139606954 0.006928600732633736 0.0004603168395902192
1763 -0.002029763491376332 0.0003314083519429984 0.0004646110830444787
1764 0.001790411985570361 0.007266465894695237 0.0009908957096933435
1765 0.001436337584603807 0.003701591256273931 0.0004810218656803423
1766 -0.0002982277887143364 0.007318625862939441 0.0009458524245496624
1767 0.001637032523018273 -8.925790709817968e-05 0.001043824580003965
1768 -0.0002874694525281664 0.004700711593311264 0.0009486283058384104
1769 -0.001454682043034811 0.007048564325815759 0.0009925804524947329
1770 0.001093966509489164 0.005143838248462726 0.0009851731387589724
1771 0.0009362338294340452 0.007204119100360115 0.0009530387776853514
1772 0.0001076443190723936 0.007027064244476653 0.0009797661311645063
1773 -0.002003307473554648 0.002548980848802325 0.0009587634645245775
1774 -0.0006769183944978828 0.005071707670675355 0.0009397724044220206
1775 -0.0002765966102223866 0.003636805568183454 0.0009833038284819465
1776 -0.000457607793370581 0.001166267326904765 0.0009379424639175429
1777 0.0001219467066030224 0.008586967707068727 0.001006859073144841
1778 0.0008347971423858942 0.001689503636946979 0.000959571308964391
1779 0.001358910068886292 -0.0009434290544718114 0.0004873580687753074
1780 0.0005795165457830741 0.003712695693851902 0.0004998397010421288
1781 0.0004076941092343275 0.007875668897127531 0.0004663651921762246
1782 0.0009176571063544484 0.004340715252885432 0.0009557337411212822
1783 0.0007950606646966823 0.005692095535554647 0.0004614927937296675
1784 0.001023789261224806 0.0007398844783573345 0.0004703643102841441
1785 0.001174486254730391 0.008531066953416579 0.0009773288982924109
1786 -0.000816097697162221 0.006581343935205698 0.000489557841190983
1787 -0.001957950047289404 0.002546422195642908 0.0004582111971920629
1788 0.0007024960194774491 -0.001526987590287659 0.0004540437683006182
1789 -0.001199175391658748 0.008522712399404622 0.0009700856152092832
1790 0.001172692605637978 0.002857390047704061 0.0009446129508803825
1791 -0.001366850882242536 0.006389945192364315 0.0004605157019184425
1792 -0.0004446152611681712 0.004220447531733115 0.0009733977124983954
1793 -0.001588757111334177 0.008623340864161163 0.001069392312136693
1794 -0.0006019337376135526 0.005728310921801359 0.000484483748996415
1795 -0.002020631527257229 0.007506318973709658 0.0009560599432244871
1796 0.001588857632914023 0.008623891542494305 0.001069822172960786
1797 -0.001030356532020562 0.005853516095127668 0.0009640441772023063
1798 0.0003323249029082063 0.006241339287765733 0.0004495915832699476
1799 -0.001989989894645756 0.004994765824329246 0.0009901817252080595
1800 -0.002023048692224984 0.001797329292307899 0.0009659573709055583
1801 -0.001184462277295206 0.008524697089289586 0.0004679898995032619
1802 0.001028506040227739 0.006353585739071528 0.0009741884236435057
1803 0.0005653821372938667 0.006487977838589117 0.0009503891935483257
1804 -0.001691531209316553 0.0009573452147050695 0.001030123375093782
1805 -0.001904944180274131 -0.0001357102717584871 0.000446369921879894
1806 0.002038467434004419 0.0002231503534319245 0.001037496324783264
1807 0.0007624556191898716 0.002547259218252643 0.0009712239049468109
1808 -0.001053544655983071 0.005934102048424466 0.0004354184908093595
1809 -0.0008595929835533619 0.007179712430186964 0.0009509612985525101
1810 -0.001624042390318102 0.0004339365242519906 0.001047662645606656
1811 -0.001013977250208689 0.004913940530559624 0.000434010295908375
1812 6.816330429812e-05 0.005317932758980667 0.0004504013218793814
1813 0.0005126707143436654 0.005763192759147514 0.0009929747763284368
1814 -0.001398628046502719 0.002350294046759381 0.0004586455676071399
1815 0.001286772981902092 -0.001542587646196408 0.000492574129962791
1816 -0.002014826872073526 0.0002379807170349089 0.001025699640137759
1817 -0.0006259214509909646 0.002043805359005587 0.0009656268142233025
1818 -0.001993618070088527 0.006923642666670253 0.0009922999878984864
1819 -0.001664300999740649 0.007846510012804384 0.001001775558725691
1820 0.0001640168702762714 0.002179734963907395 0.0004665036998680024
1821 0.000188720917701749 0.001701186478893649 0.000464965309662809
1822 3.687655696344442e-05 0.003320848492436397 0.0004673396317867001
1823 0.0001238715809369219 0.002473436713419696 0.0009426194110429768
1824 -0.001994934106150779 0.004230075570432592 0.0009882759914684178
1825 -0.00112908373757309 -0.001521732197068705 0.0009536148849314157
1826 -0.0002743489893650528 0.002626798067455808 0.0004531016336080894
1827 0.0008014431724061371 0.003504954893829701 0.0009488695731988427
1828 0.001258090891876339 0.006884632675298315 0.0004534341986873052
1829 0.001157529711856385 0.007655367361833054 0.0009836538908292378
1830 -0.001974504768249339 0.001804178148058929 0.000444440398237431
1831 -0.001260773926108749 0.002863144345619659 0.0004588127576852019
1832 -0.001050037376706387 0.003627660843016271 0.0009923974805379095
1833 0.002014190027662792 0.006399785869659769 0.000990438679581348
1834 -0.001425203430270707 0.007879306385213572 0.0004642387448669621
1835 -0.001365450031116274 0.00556603510911887 0.0004801894650396835
1836 -0.002066185239929003 0.008567841452067758 0.0004672744317524503
1837 -0.0003533612815040709 0.003789197018743299 0.0004478524319490939
1838 0.001438434724427395 0.005867445458442189 0.001009132797284361
1839 0.002032085207733124 0.00418877946983675 0.0009709870450883809
1840 -0.002031270727713582 0.003185165493752747 0.0009877258228615088
1841 0.0005499937004127816 0.008344311624141995 0.0004478458002703962
1842 0.001447566294750591 0.004761331061375501 0.000477971569218847
1843 -0.001222823886097381 0.001183303280599214 0.0004637925049377014
1844 0.0001761582298259677 0.004302053358815471 0.001004276374475596
1845 -0.0005827138350781457 0.005624285636476657 0.0009829819905288781
1846 1.913038845965758e-05 -0.001228375920721389 0.0004590707617155035
1847 -0.000950242158421423 0.004247892214261023 0.0004731693015892054
1848 -0.001014987223735293 0.0007752418651880205 0.0004836105116335639
1849 -0.0008939039514737822 -0.0009260339142476894 0.0004280102340674902
1850 0.001237116575758157 0.002186481264553622 0.0004616672169443079
1851 0.001967384418798134 0.005321577616391278 0.001008030383844079
1852 -0.001039858430528339 0.00169915788862856 0.001012993562196998
1853 -0.001326424828252524 0.005398875233019917 0.0009871356728356473
1854 0.002033915308114761 0.004652208484227989 0.0004513961961430422
1855 0.002021754628029327 0.004161461458960932 0.0004801179490520313
1856 0.0006449633694453734 0.00106641606886662 0.0004516744056801302
1857 -0.00108566260584 0.007422865525338137 0.0004494339021071508
1858 0.002052961913316052 0.001537111423568272 0.0009915276252375413
1859 -0.0020251513357846 0.003728381161881153 0.0009710185585170616
1860 0.002078457972000681 0.008580060985392947 0.0004907801526166371
1861 0.001634533718091139 0.002871642986846345 0.0004471160173898426
1862 0.001900959490873966 -0.0009590503145214326 0.0009805245878989112
1863 -0.001132725836423167 -0.001482416399788847 0.0004660924263174914
1864 -0.00141188013378518 -0.0008631115815742372 0.0004534850922204919
1865 -0.001517989442538777 0.004344504157507059 0.000448052720687786
1866 -0.001249921988280092 0.0007275119203053798 0.001077688217515482
1867 -0.000485716729312666 0.002489795057965191 0.001016491682077667
1868 -0.002080152530134937 -0.001576674711412078 0.0004601315623548805
1869 0.0006015261274309816 -0.001071431252529349 0.0004415163168290253
1870 -0.001527626204563793 0.001757958739301677 0.0009739673116593215
1871 -0.0009451986356024274 0.007953507087695297 0.00044117911331337
1872 0.001305973453491887 -0.001462527773975266 0.0009714544082953605
1873 0.0003821683890718635 0.002999880888779974 0.0004372130779111238
1874 -0.0008180033167685064 0.003458987880265616 0.0004118376131907078
1875 -0.001560253031725103 0.006309718732529548 0.001021594468390643
1876 -0.0007239350482946649 0.006475266309467146 0.001020137044743911
1877 0.001271099138475986 0.003602611527790486 0.000972252957972523
1878 -0.0004435275827736482 -0.00147693877170653 0.0004331783163935512
1879 0.002038183744118818 0.003381722715496868 0.0009873004497422673
1880 -0.0002004869369181517 0.006698630234705209 0.0004377305414494304
1881 -0.0009008477758428291 0.002886311936460144 0.001022193131815206
1882 -0.0004711469438889154 0.007393188888905023 0.0004172824674888922
1883 0.001152967138830406 -0.0002776777272233199 0.001049246864140592
1884 -0.0004992957887339819 0.001218261739083836 0.0004659704075591008
1885 -0.0005170696769345251 0.008565731173956344 0.0004928336606195504
1886 0.001600928014249279 0.006569512755120531 0.0004327182903977428
1887 0.001797795752358903 0.0008597681375051908 0.0004276492824204022
1888 -0.002044515143476319 -0.0008206158884185633 0.0009884314112149769
1889 -0.00136919820523821 -2.991875820466049e-06 0.0004098540875374248
1890 -0.001536529740399312 0.007075690714100784 0.0004107723840202193
1891 0.002088998563627961 -0.001591028552320837 0.0004452935498912897
1892 -0.001597021333154294 6.560852688661005e-05 0.001083510444285381
1893 0.001664523900767417 0.0002915579966178428 0.001060398215608694
1894 -0.00151881479520506 0.003249326738388059 0.0004811063990989372
1895 -0.001636741145665618 -0.0003418621033807766 0.001044626980441114
1896 -0.0013396937463428 0.003023138560414024 0.001007826463574644
1897 -0.002069622891408332 0.003865168296052204 0.0004262060044583829
1898 -0.0006857847607238079 0.005223847521329107 0.000394408742621625
1899 -5.017361746822746e-06 0.008498504680106935 0.0004116546598915873
1900 0.0003770749587157318 0.003013633529149514 0.001012025940358991
1901 0.001971417363099614 0.001071860890780634 0.001022918787692498
1902 0.001448644242297983 -0.001028600004253789 0.001018876196939705
1903 -0.002067882153356472 0.001216667286363891 0.0009977097905260405
1904 -0.0001760987352552115 0.001851820061000211 0.0009936993930325076
1905 0.001083669164333197 0.00119010799003406 0.0004215420947557751
1906 -0.0007671293953389999 0.00225885155957773 0.000414983430016878
1907 0.001693939395887071 2.500894432196603e-05 0.0003564372197403316
1908 0.0005552036659732737 0.006964783573740706 0.0009986310695377745
1909 0.0007442529361824464 -0.001564569752344517 0.0009177850814086773
1910 -6.27501781623959e-06 0.007972334101212432 0.001033936901959903
1911 0.0007692489212336813 0.00542089507619107 0.001040222327856344
1912 -0.001369586148344833 0.002178294693790764 0.001015890595000887
1913 0.0001579200406882514 0.004270904628851786 0.0004132039550569809
1914 -0.0005997114710952433 0.00159249280185665 0.0009970877893684686
1915 0.0006236088041888898 -0.001065303497135668 0.0009797944076103474
1916 -5.456700242153001e-05 0.003249591534089418 0.0010115671444867
1917 0.001190136432871967 0.002990630623801423 0.0004450645747545867
1918 0.0008957973337376332 0.005934557714016585 0.001065075798864452
1919 0.001123335292212241 -0.0005483336371668504 0.0004648188916799604
1920 0.001256086305842457 0.008091714777814311 0.001013974999581067
1921 -0.001985128321697037 0.005676670802334496 0.001034483378930795
1922 -0.000684046651295974 0.003346477822353206 0.0009881473876121468
1923 -0.002061868446839423 0.003032120535343213 0.0004326409386011588
1924 0.001423368545654739 0.005418166918951758 0.001043802889456748
1925 0.0001043941717075 0.005621627525866555 0.001051852515103589
1926 0.001797718488802593 0.008094967183258589 0.001020353021396547
1927 0.002072632416336657 0.002747751621304717 0.0004177516163236387
1928 0.001586142921355046 0.004113315068475133 0.000415576382428336
1929 -0.002061956314632833 -0.0005606822710501433 0.00043639521959607
1930 0.002053808464442723 0.00165935399123473 0.0004413445840654394
1931 0.001589612254895929 0.001598718542240107 0.0004534255665020298
1932 -0.002070005863832631 0.008039503057341937 0.0009626434339657599
1933 -0.0005535539046649773 0.002970177287831593 0.0003946313205205926
1934 0.000971377650021021 0.0006172322076932559 0.001069102345476832
1935 -0.001557290995235546 0.001960944036502622 0.0004182370382075998
1936 0.0006318000595496554 0.006544835554308921 0.0004217398955540171
1937 -0.0007522845525135273 0.00706457961918065 0.0003734114572400879
1938 0.001652524272080244 0.008611391699042575 0.0004687581795555978
1939 0.0005136241607902663 0.001138359329298608 0.001044896397856013
1940 9.15088476038626e-05 0.00750381186684003 0.001006490454125666
1941 -0.001567483875451393 -0.000916834523593267 0.0009995715112823241
1942 -0.0009066726709673061 0.002375217128746456 0.001007544084425111
1943 0.001540094568668264 0.001663032239693368 0.001030995919787336
1944 -0.0001790809892624826 0.001922288514182239 0.0004106323991526203
1945 0.0005252138231185523 0.004542997542938673 0.0009189225244326363
1946 -0.001621810457924654 0.004434022262810736 0.00103934840914205
1947 -0.001645154268765758 0.008614702084448877 0.000474845101473966
1948 -0.0016391131976791 -0.001567287885515243 0.0003994726712973775
1949 0.0002450618725511616 -0.001593450330521678 0.0003962638179745816
1950 0.002071817409385635 0.005803199049703494 0.0004132074928842736
1951 0.002037055737533306 0.006639727206785779 0.0003951143000261625
1952 0.001109231870806185 0.005983243182992834 0.000654644766475298
1953 0.0004127656861252697 0.008214995091245691 0.001043277366462948
1954 -0.0006869368736350207 0.008583942872804205 0.001034357788005061
1955 0.002103510025569916 0.001959212179675703 0.001050511672269922
1956 -0.001156067546050769 0.007487016336874064 0.001018686775467272
1957 0.002106230813273786 -0.0006344746459971956 0.0007771674121710061
1958 0.002150453201477776 0.0001493294816819739 0.0006651427906625984
1959 0.001590202202428208 0.007472414468180548 0.0004100836142367567
1960 -7.757655912115036e-05 0.004756759186004504 0.0003871420953474266
1961 0.0001184549543506757 0.003757296041666599 0.001068572614215537
1962 0.0005183420726917163 0.001958194378843147 0.0004408427199121507
1963 -0.001671099819718997 0.0006075497247982859 0.0005485981786768192
1964 0.001672758293521929 0.002221601874046426 0.001027308364433782
1965 -0.0008531953987879066 0.004358620516083971 0.001040041467926064
1966 -0.001971338256837468 0.006504932388224273 0.00106802316071159
1967 -0.000629432705333628 -0.001565395529658005 0.001028233837226526
1968 0.0007169509613491698 0.007558267349986915 0.0008740553268798711
1969 0.001159749194754756 0.002398752319708588 0.001027310437130371
1970 0.0009401597686500177 0.004884469778392148 0.0003577987361125668
1971 -0.0005399474789844009 0.007816563641779118 0.0004083557335352436
1972 0.001634983265426775 0.0007528599779004309 0.001098726399165169
1973 -0.001574839370588907 0.00506023070692879 0.001028990996817538
1974 0.0001600994849201712 0.003729335246080487 0.0003934702855965741
1975 0.000180224904493096 0.006414941704043504 0.001086096818648384
1976 -0.001342960167472894 0.003954792148002714 0.001013140366190095
1977 -0.002101945955373914 0.004613521470114896 0.0008315791587126315
1978 0.001680229119616948 0.0005040967667114772 0.0006334666531465246
1979 0.0005473203924452578 0.002198240596829031 0.001040721078901654
1980 -0.0008118573838972335 0.007823439681586965 0.001080147375252339
1981 0.0008186069517960514 0.007032822509460627 0.0003631761685363185
1982 0.001687405276644693 0.002158974173173106 0.0004043343111106182
1983 -0.002111323413274781 0.006773301259492483 0.0006048799957264854
1984 0.0001801167911552972 0.007533902823417628 0.0003987326797027699
1985 -0.002134497614361611 0.005457722160043751 0.0004729347698185801
1986 -0.001548154611045987 -0.0002205975060669707 0.0006744400689663802
1987 0.001564649752129134 0.002962897412973221 0.00103836180709094
1988 -0.001747271974392193 0.007500118588068688 0.0004083839704796377
1989 -0.001306138886923959 0.004672676522202593 0.0005979908017064339
1990 0.0003174579696315725 0.001594232600620992 0.001051233986472122
1991 -0.0001401636502476507 0.005871507654395545 0.0003895452402744453
1992 0.002066202169619522 0.003731044884890981 0.000419185827237275
1993 -0.0003303471423904785 0.00527954874180846 0.001064115977363836
1994 -0.0004903081308902621 0.004724731331420768 0.0003990826836280291
1995 0.001623760944750515 0.006309718732529538 0.001079592116151645
1996 0.001479498097145489 0.001178294691018187 0.0005498667631559805
1997 0.001044725158242416 0.001352785215402347 0.00108138455430023
1998 -0.00123499529023647 0.0001092815329530469 0.001151035157970551
1999 -0.0003261950204721218 0.005426060992667587 0.0003957509105011888
2000 0.002090115248759313 0.00599049075086351 0.001037867997391725
2001 -0.0009191950213151383 0.001622822052138873 0.0003983600901752741
2002 0.001274757389452791 0.0008857558984414694 0.001057029909277427
2003 -0.0005548292426617713 0.004148595090314507 0.0003904978576780085
2004 0.001713213120221021 -0.0004753246148208979 0.001091673929989453
2005 0.002108385181352289 0.006984445397278623 0.001037584902031059
2006 -0.001574867500582481 0.005726910082731821 0.001026726902888129
2007 0.001095065974411377 0.0003939377189339478 0.0007786275655275737
2008 -0.001676874504242561 0.006133040960077538 0.0003607450658841492
2009 -0.001579670572344905 -0.001579552670288019 0.001015159778040193
2010 0.001071499652033746 0.008081363285020514 0.0003996934408881354
2011 0.0007931373684725025 0.008106572217047961 0.001073277870714933
2012 0.001722056053886 -0.0002258218711361132 0.0007136062785520567
2013 0.001976129587063432 0.00250410859456809 0.001075428672539761
2014 -0.00208066285057512 0.001312122579517758 0.0004193056970970784
2015 0.001663967709784596 0.00698355742344608 0.0003670101329878546
2016 0.001145981758889107 5.848394713041534e-05 0.0005883693929313493
2017 0.0007109052946066295 0.005284661437159863 0.0003695924298374612
2018 0.00122504074126736 0.001780492948408847 0.0003979718763040729
2019 0.001451646166382593 0.005383003611344207 0.0003887521500367641
2020 -0.001417254759406039 0.0008197903922421591 0.0003441740644015345
2021 0.001788908512024024 0.004984827168490046 0.0003856915755853133
2022 0.001540793976409284 0.007778919180606967 0.001052958295984952
2023 0.002082632981447063 0.007720074382610238 0.0004246013259730125
2024 0.001432716238001113 0.007092120550290123 0.001076539963334011
2025 -0.00182514102783918 0.008219125224070317 0.0004120225812779217
2026 -0.0004868652308388625 -0.001095467671776992 0.001010632727886886
2027 -0.002141264630091012 0.0007233906131787619 0.0005072742539774908
2028 0.0009692264495174992 -0.0009132981181711441 0.0003831966402324247
2029 0.0005073584833178273 0.001518513327097643 0.0003523309946007772
2030 0.0008552517219660845 0.004054857076577212 0.0003620008160729006
2031 -0.001628423015008007 0.003690107510827811 0.00040079904178434
2032 -0.0006948613004540019 0.006012188087624961 0.001085386795565749
2033 0.00213239257423316 0.00783096857691808 0.001077360692561662
2034 0.0007151048209086423 0.006052509263266548 0.0003251553572387778
2035 0.0008663051524775902 0.003955177900905254 0.001080548612589843
2036 0.0005304537887414603 0.007312770695321625 0.0003474392740281414
2037 -0.0005738754285865702 0.00628860444497768 0.0003811225496535336
2038 0.001611653479271706 0.006170838473491049 0.0003657815873683934
2039 0.0008031569191199164 0.005160041134503249 0.0007375491779105946
2040 0.001663296342653519 0.003528420637586133 0.001070752296687757
2041 -0.001643838596901809 0.007453831439711921 0.001087057147070759
2042 -0.001661724177870056 0.0002704136253789074 0.0003552442309588293
2043 -0.001662971735290283 0.008232677680487776 0.001102122910794798
2044 0.001683513844696045 -0.00164030325986091 0.0004700526848492608
2045 0.001687659971717628 -0.0004273235082732315 0.0003448554753948057
2046 0.0001172736262297901 0.002699937847942498 0.0004005541010637292
2047 0.0002243608968938623 -0.001124863434089578 0.001057327618110115
2048 -0.0002803342328259395 0.00692474564765712 0.001044408271413348
2049 0.0009999680528581766 0.004783212647363929 0.001099808685779457
2050 -0.0019050107528611 0.004682645754735767 0.0003847594911678346
2051 0.0006329851159683364 0.003324176459314164 0.0003545927040705198
2052 -0.0008848181110100347 0.003852728276965243 0.0003518167493980956
2053 0.001095952961790797 0.003242849177279756 0.001060412279587384
2054 0.0001710397718525683 0.006603567598615521 0.0003251691803658841
2055 0.00171004785930804 0.004612838369009203 0.001065345191422626
2056 0.002092907251125651 0.002070945835252513 0.000406029541801877
2057 -0.0008935677733931855 0.004759372358234922 0.001078377229132108
2058 0.0001198552806896969 -0.001594283073004146 0.001033702843129877
2059 0.002131576875825521 0.0009407436579916531 0.0006621831417765963
2060 0.0008077998881582508 0.00291140364124911 0.0003501264276572635
2061 -0.001011483291451554 0.001310176509791079 0.001093167878999129
2062 0.0003873419488086475 0.005355925486031069 0.001071103024226084
2063 0.0003045562688105524 0.008588521458285878 0.0006499577541746995
2064 0.00214600538718263 0.0074556348151753 0.0009117040378241014
2065 -0.001576756259641379 0.006694044627882465 0.001100489777210911
2066 0.0008048569376800073 0.007769053045395274 0.0003451792368439191
2067 0.0007000076403404468 0.002307623267423525 0.0003856339831540985
2068 0.0004004799100383498 0.004584322443224604 0.0003723109400013631
2069 -0.00159910005702494 0.001297267730027836 0.0003848129525259732
2070 -0.0007797988349607228 -0.001660715430294967 0.0005938865355711696
2071 -0.001631567870963453 0.00268834618775433 0.0003489730672224005
2072 -0.0009036570597054344 -0.001067053169334897 0.001060992516253869
2073 3.008149876935163e-05 0.007945706330374452 0.0003774275727302776
2074 0.0001417292286937947 0.004858957771978813 0.001081675050903237
2075 -0.0005012029865847581 -0.001064232618006565 0.000463478035564162
2076 0.001153809111312924 0.0003018943317763398 0.001168572812821885
2077 -0.0009924080732141858 0.008197418818094217 0.001089638752540648
2078 -0.000937897593412454 0.003079707572870031 0.0003599722342789678
2079 0.001609802388116663 0.008075718039812014 0.0003663986029327608
2080 -0.0009034919799940724 0.006794038463663055 0.0008640098080954445
2081 -0.00175514384560016 0.00205933850509837 0.00110555671389062
2082 -0.001746524505862214 0.005373943397484018 0.0003763523674437099
$EndNodes
$Elements
10963
1 2 2 13 1 1 28 2
2 2 2 13 1 2 28 30
3 2 2 13 1 29 3 4
4 2 2 13 1 31 29 4
5 2 2 13 1 28 29 31
6 2 2 13 1 28 31 30
7 2 2 13 2 71 1 2
8 2 2 13 2 51 1 71
9 2 2 13 2 6 5 52
10 2 2 13 2 5 32 52
11 2 2 13 2 32 33 53
12 2 2 13 2 32 53 52
13 2 2 13 2 33 34 54
14 2 2 13 2 33 54 53
15 2 2 13 2 34 35 55
16 2 2 13 2 34 55 54
17 2 2 13 2 35 36 56
18 2 2 13 2 35 56 55
19 2 2 13 2 36 37 56
20 2 2 13 2 37 38 58
21 2 2 13 2 56 37 57
22 2 2 13 2 37 58 57
23 2 2 13 2 38 39 59
24 2 2 13 2 38 59 58
25 2 2 13 2 39 40 60
26 2 2 13 2 39 60 59
27 2 2 13 2 40 41 61
28 2 2 13 2 40 61 60
29 2 2 13 2 41 42 62
30 2 2 13 2 41 62 61
31 2 2 13 2 42 43 63
32 2 2 13 2 42 63 62
33 2 2 13 2 43 44 64
34 2 2 13 2 43 64 63
35 2 2 13 2 44 45 65
36 2 2 13 2 44 65 64
37 2 2 13 2 45 46 66
38 2 2 13 2 45 66 65
39 2 2 13 2 46 47 67
40 2 2 13 2 46 67 66
41 2 2 13 2 47 48 68
42 2 2 13 2 47 68 67
43 2 2 13 2 69 48 49
44 2 2 13 2 48 69 68
45 2 2 13 2 50 69 49
46 2 2 13 2 50 51 70
47 2 2 13 2 50 70 69
48 2 2 13 2 70 51 71
49 2 2 13 3 7 4 3
50 2 2 13 3 4 7 8
51 2 2 13 5 30 598 2
52 2 2 13 5 2 550 71
53 2 2 13 5 2 704 550
54 2 2 13 5 598 704 2
55 2 2 13 5 8 551 4
56 2 2 13 5 4 657 31
57 2 2 13 5 551 657 4
58 2 2 13 5 52 697 6
59 2 2 13 5 6 697 128
60 2 2 13 5 129 651 8
61 2 2 13 5 8 651 551
62 2 2 13 5 123 696 14
63 2 2 13 5 14 696 159
64 2 2 13 5 17 560 15
65 2 2 13 5 15 661 139
66 2 2 13 5 560 661 15
67 2 2 13 5 140 656 16
68 2 2 13 5 16 602 161
69 2 2 13 5 16 709 602
70 2 2 13 5 656 709 16
71 2 2 13 5 160 660 17
72 2 2 13 5 17 660 560
73 2 2 13 5 18 612 162
74 2 2 13 5 173 611 18
75 2 2 13 5 611 673 18
76 2 2 13 5 18 673 612
77 2 2 13 5 31 708 30
78 2 2 13 5 30 708 598
79 2 2 13 5 657 708 31
80 2 2 13 5 53 654 52
81 2 2 13 5 654 697 52
82 2 2 13 5 54 547 53
83 2 2 13 5 547 654 53
84 2 2 13 5 55 628 54
85 2 2 13 5 54 628 547
86 2 2 13 5 56 536 55
87 2 2 13 5 536 628 55
88 2 2 13 5 57 638 56
89 2 2 13 5 56 638 536
90 2 2 13 5 58 545 57
91 2 2 13 5 545 638 57
92 2 2 13 5 59 649 58
93 2 2 13 5 58 649 545
94 2 2 13 5 60 540 59
95 2 2 13 5 540 649 59
96 2 2 13 5 61 636 60
97 2 2 13 5 60 636 540
98 2 2 13 5 62 666 61
99 2 2 13 5 61 666 636
100 2 2 13 5 63 535 62
101 2 2 13 5 535 666 62
102 2 2 13 5 64 633 63
103 2 2 13 5 63 633 535
104 2 2 13 5 65 631 64
105 2 2 13 5 631 633 64
106 2 2 13 5 66 544 65
107 2 2 13 5 544 631 65
108 2 2 13 5 67 637 66
109 2 2 13 5 66 637 544
110 2 2 13 5 68 538 67
111 2 2 13 5 538 637 67
112 2 2 13 5 69 625 68
113 2 2 13 5 68 625 538
114 2 2 13 5 70 546 69
115 2 2 13 5 546 625 69
116 2 2 13 5 71 618 70
117 2 2 13 5 70 618 546
118 2 2 13 5 550 618 71
119 2 2 13 5 124 558 123
120 2 2 13 5 558 696 123
121 2 2 13 5 125 647 124
122 2 2 13 5 124 647 558
123 2 2 13 5 126 532 125
124 2 2 13 5 532 647 125
125 2 2 13 5 127 646 126
126 2 2 13 5 126 646 532
127 2 2 13 5 128 559 127
128 2 2 13 5 559 646 127
129 2 2 13 5 128 697 559
130 2 2 13 5 130 615 129
131 2 2 13 5 615 651 129
132 2 2 13 5 131 679 130
133 2 2 13 5 130 679 615
134 2 2 13 5 132 608 131
135 2 2 13 5 608 679 131
136 2 2 13 5 133 670 132
137 2 2 13 5 132 670 608
138 2 2 13 5 134 710 133
139 2 2 13 5 133 710 670
140 2 2 13 5 135 668 134
141 2 2 13 5 668 710 134
142 2 2 13 5 136 713 135
143 2 2 13 5 135 713 668
144 2 2 13 5 137 676 136
145 2 2 13 5 676 713 136
146 2 2 13 5 138 609 137
147 2 2 13 5 609 676 137
148 2 2 13 5 139 677 138
149 2 2 13 5 138 677 609
150 2 2 13 5 661 677 139
151 2 2 13 5 141 549 140
152 2 2 13 5 549 656 140
153 2 2 13 5 142 648 141
154 2 2 13 5 141 648 549
155 2 2 13 5 143 537 142
156 2 2 13 5 537 648 142
157 2 2 13 5 144 635 143
158 2 2 13 5 143 635 537
159 2 2 13 5 145 669 144
160 2 2 13 5 144 669 635
161 2 2 13 5 146 534 145
162 2 2 13 5 534 669 145
163 2 2 13 5 147 688 146
164 2 2 13 5 146 688 534
165 2 2 13 5 148 543 147
166 2 2 13 5 543 688 147
167 2 2 13 5 149 665 148
168 2 2 13 5 148 665 543
169 2 2 13 5 150 539 149
170 2 2 13 5 539 665 149
171 2 2 13 5 151 663 150
172 2 2 13 5 150 663 539
173 2 2 13 5 152 667 151
174 2 2 13 5 151 667 663
175 2 2 13 5 153 533 152
176 2 2 13 5 533 667 152
177 2 2 13 5 154 699 153
178 2 2 13 5 153 699 533
179 2 2 13 5 155 652 154
180 2 2 13 5 652 699 154
181 2 2 13 5 156 541 155
182 2 2 13 5 541 652 155
183 2 2 13 5 157 621 156
184 2 2 13 5 156 621 541
185 2 2 13 5 158 548 157
186 2 2 13 5 548 621 157
187 2 2 13 5 159 653 158
188 2 2 13 5 158 653 548
189 2 2 13 5 159 696 653
190 2 2 13 5 161 684 160
191 2 2 13 5 160 684 660
192 2 2 13 5 602 684 161
193 2 2 13 5 162 672 163
194 2 2 13 5 612 703 162
195 2 2 13 5 162 703 672
196 2 2 13 5 163 712 164
197 2 2 13 5 163 672 577
198 2 2 13 5 577 712 163
199 2 2 13 5 164 542 165
200 2 2 13 5 164 552 542
201 2 2 13 5 164 712 552
202 2 2 13 5 165 617 166
203 2 2 13 5 542 698 165
204 2 2 13 5 165 698 617
205 2 2 13 5 166 693 167
206 2 2 13 5 617 693 166
207 2 2 13 5 167 692 168
208 2 2 13 5 167 659 658
209 2 2 13 5 658 692 167
210 2 2 13 5 167 693 659
211 2 2 13 5 168 615 169
212 2 2 13 5 168 692 615
213 2 2 13 5 169 608 170
214 2 2 13 5 169 679 608
215 2 2 13 5 615 679 169
216 2 2 13 5 170 605 171
217 2 2 13 5 170 670 605
218 2 2 13 5 608 670 170
219 2 2 13 5 171 607 172
220 2 2 13 5 605 668 171
221 2 2 13 5 171 668 607
222 2 2 13 5 172 609 173
223 2 2 13 5 607 676 172
224 2 2 13 5 172 676 609
225 2 2 13 5 609 677 173
226 2 2 13 5 173 677 611
227 2 2 13 5 646 675 532
228 2 2 13 5 532 686 647
229 2 2 13 5 675 686 532
230 2 2 13 5 624 655 533
231 2 2 13 5 533 699 624
232 2 2 13 5 655 707 533
233 2 2 13 5 533 707 667
234 2 2 13 5 534 619 616
235 2 2 13 5 616 620 534
236 2 2 13 5 534 688 619
237 2 2 13 5 620 669 534
238 2 2 13 5 633 634 535
239 2 2 13 5 634 695 535
240 2 2 13 5 535 695 666
241 2 2 13 5 536 638 610
242 2 2 13 5 610 687 536
243 2 2 13 5 536 687 628
244 2 2 13 5 537 635 627
245 2 2 13 5 627 689 537
246 2 2 13 5 537 689 648
247 2 2 13 5 625 681 538
248 2 2 13 5 538 706 637
249 2 2 13 5 538 681 643
250 2 2 13 5 643 706 538
251 2 2 13 5 539 663 613
252 2 2 13 5 613 702 539
253 2 2 13 5 539 702 665
254 2 2 13 5 601 649 540
255 2 2 13 5 540 691 601
256 2 2 13 5 636 691 540
257 2 2 13 5 621 685 541
258 2 2 13 5 541 685 652
259 2 2 13 5 552 553 542
260 2 2 13 5 553 554 542
261 2 2 13 5 554 698 542
262 2 2 13 5 543 642 619
263 2 2 13 5 619 688 543
264 2 2 13 5 630 642 543
265 2 2 13 5 543 665 630
266 2 2 13 5 544 632 631
267 2 2 13 5 544 682 632
268 2 2 13 5 637 682 544
269 2 2 13 5 545 662 638
270 2 2 13 5 649 700 545
271 2 2 13 5 545 700 662
272 2 2 13 5 618 650 546
273 2 2 13 5 546 626 625
274 2 2 13 5 546 650 626
275 2 2 13 5 547 628 604
276 2 2 13 5 604 705 547
277 2 2 13 5 547 705 654
278 2 2 13 5 548 622 621
279 2 2 13 5 548 694 622
280 2 2 13 5 653 694 548
281 2 2 13 5 549 648 606
282 2 2 13 5 606 690 549
283 2 2 13 5 549 690 656
284 2 2 13 5 617 678 550
285 2 2 13 5 550 704 617
286 2 2 13 5 550 678 618
287 2 2 13 5 651 692 551
288 2 2 13 5 551 658 657
289 2 2 13 5 551 692 658
290 2 2 13 5 552 644 553
291 2 2 13 5 577 690 552
292 2 2 13 5 552 712 577
293 2 2 13 5 552 690 644
294 2 2 13 5 553 555 554
295 2 2 13 5 553 556 555
296 2 2 13 5 553 644 556
297 2 2 13 5 555 650 554
298 2 2 13 5 650 678 554
299 2 2 13 5 678 698 554
300 2 2 13 5 556 557 555
301 2 2 13 5 557 711 555
302 2 2 13 5 555 711 650
303 2 2 13 5 556 561 557
304 2 2 13 5 556 606 561
305 2 2 13 5 556 644 606
306 2 2 13 5 561 562 557
307 2 2 13 5 562 563 557
308 2 2 13 5 563 711 557
309 2 2 13 5 647 680 558
310 2 2 13 5 558 680 653
311 2 2 13 5 653 696 558
312 2 2 13 5 559 664 646
313 2 2 13 5 654 664 559
314 2 2 13 5 559 697 654
315 2 2 13 5 660 673 560
316 2 2 13 5 560 673 661
317 2 2 13 5 561 627 562
318 2 2 13 5 606 689 561
319 2 2 13 5 561 689 627
320 2 2 13 5 562 564 563
321 2 2 13 5 562 565 564
322 2 2 13 5 562 627 565
323 2 2 13 5 564 643 563
324 2 2 13 5 563 681 626
325 2 2 13 5 626 711 563
326 2 2 13 5 643 681 563
327 2 2 13 5 565 566 564
328 2 2 13 5 566 567 564
329 2 2 13 5 567 643 564
330 2 2 13 5 565 683 566
331 2 2 13 5 627 674 565
332 2 2 13 5 674 683 565
333 2 2 13 5 566 568 567
334 2 2 13 5 566 569 568
335 2 2 13 5 566 683 569
336 2 2 13 5 568 682 567
337 2 2 13 5 567 706 643
338 2 2 13 5 682 706 567
339 2 2 13 5 569 570 568
340 2 2 13 5 570 701 568
341 2 2 13 5 632 682 568
342 2 2 13 5 568 701 632
343 2 2 13 5 569 571 570
344 2 2 13 5 569 616 571
345 2 2 13 5 569 683 616
346 2 2 13 5 571 572 570
347 2 2 13 5 572 573 570
348 2 2 13 5 573 701 570
349 2 2 13 5 571 642 572
350 2 2 13 5 616 619 571
351 2 2 13 5 619 642 571
352 2 2 13 5 572 574 573
353 2 2 13 5 572 575 574
354 2 2 13 5 572 642 575
355 2 2 13 5 574 634 573
356 2 2 13 5 634 671 573
357 2 2 13 5 671 701 573
358 2 2 13 5 575 576 574
359 2 2 13 5 576 578 574
360 2 2 13 5 578 634 574
361 2 2 13 5 575 629 576
362 2 2 13 5 575 630 629
363 2 2 13 5 575 642 630
364 2 2 13 5 576 579 578
365 2 2 13 5 576 580 579
366 2 2 13 5 576 629 580
367 2 2 13 5 656 690 577
368 2 2 13 5 577 709 656
369 2 2 13 5 672 709 577
370 2 2 13 5 579 584 578
371 2 2 13 5 584 695 578
372 2 2 13 5 578 695 634
373 2 2 13 5 580 581 579
374 2 2 13 5 581 641 579
375 2 2 13 5 579 641 584
376 2 2 13 5 580 582 581
377 2 2 13 5 580 613 582
378 2 2 13 5 580 629 613
379 2 2 13 5 582 583 581
380 2 2 13 5 583 585 581
381 2 2 13 5 585 641 581
382 2 2 13 5 582 639 583
383 2 2 13 5 613 614 582
384 2 2 13 5 614 639 582
385 2 2 13 5 583 586 585
386 2 2 13 5 583 587 586
387 2 2 13 5 583 639 587
388 2 2 13 5 584 641 636
389 2 2 13 5 636 666 584
390 2 2 13 5 666 695 584
391 2 2 13 5 586 601 585
392 2 2 13 5 601 691 585
393 2 2 13 5 585 691 641
394 2 2 13 5 587 588 586
395 2 2 13 5 588 640 586
396 2 2 13 5 586 640 601
397 2 2 13 5 587 589 588
398 2 2 13 5 587 655 589
399 2 2 13 5 639 655 587
400 2 2 13 5 589 590 588
401 2 2 13 5 590 591 588
402 2 2 13 5 591 640 588
403 2 2 13 5 589 623 590
404 2 2 13 5 589 624 623
405 2 2 13 5 589 655 624
406 2 2 13 5 590 592 591
407 2 2 13 5 590 593 592
408 2 2 13 5 590 623 593
409 2 2 13 5 592 610 591
410 2 2 13 5 610 662 591
411 2 2 13 5 591 662 640
412 2 2 13 5 593 594 592
413 2 2 13 5 594 645 592
414 2 2 13 5 592 645 610
415 2 2 13 5 593 595 594
416 2 2 13 5 593 685 595
417 2 2 13 5 623 685 593
418 2 2 13 5 595 596 594
419 2 2 13 5 596 597 594
420 2 2 13 5 597 645 594
421 2 2 13 5 595 622 596
422 2 2 13 5 621 622 595
423 2 2 13 5 595 685 621
424 2 2 13 5 596 599 597
425 2 2 13 5 596 600 599
426 2 2 13 5 596 622 600
427 2 2 13 5 599 603 597
428 2 2 13 5 603 604 597
429 2 2 13 5 604 645 597
430 2 2 13 5 659 693 598
431 2 2 13 5 598 708 659
432 2 2 13 5 693 704 598
433 2 2 13 5 600 686 599
434 2 2 13 5 599 675 603
435 2 2 13 5 599 686 675
436 2 2 13 5 622 694 600
437 2 2 13 5 680 686 600
438 2 2 13 5 600 694 680
439 2 2 13 5 640 700 601
440 2 2 13 5 601 700 649
441 2 2 13 5 672 703 602
442 2 2 13 5 602 709 672
443 2 2 13 5 602 703 684
444 2 2 13 5 603 705 604
445 2 2 13 5 603 675 664
446 2 2 13 5 664 705 603
447 2 2 13 5 628 687 604
448 2 2 13 5 604 687 645
449 2 2 13 5 605 710 668
450 2 2 13 5 670 710 605
451 2 2 13 5 644 690 606
452 2 2 13 5 648 689 606
453 2 2 13 5 668 713 607
454 2 2 13 5 607 713 676
455 2 2 13 5 638 662 610
456 2 2 13 5 645 687 610
457 2 2 13 5 661 673 611
458 2 2 13 5 611 677 661
459 2 2 13 5 612 673 660
460 2 2 13 5 660 684 612
461 2 2 13 5 684 703 612
462 2 2 13 5 613 663 614
463 2 2 13 5 629 702 613
464 2 2 13 5 614 707 639
465 2 2 13 5 663 667 614
466 2 2 13 5 667 707 614
467 2 2 13 5 615 692 651
468 2 2 13 5 616 683 620
469 2 2 13 5 617 698 678
470 2 2 13 5 617 704 693
471 2 2 13 5 618 678 650
472 2 2 13 5 620 674 669
473 2 2 13 5 620 683 674
474 2 2 13 5 624 652 623
475 2 2 13 5 652 685 623
476 2 2 13 5 624 699 652
477 2 2 13 5 626 681 625
478 2 2 13 5 650 711 626
479 2 2 13 5 635 674 627
480 2 2 13 5 630 702 629
481 2 2 13 5 665 702 630
482 2 2 13 5 632 671 631
483 2 2 13 5 631 671 633
484 2 2 13 5 632 701 671
485 2 2 13 5 633 671 634
486 2 2 13 5 669 674 635
487 2 2 13 5 641 691 636
488 2 2 13 5 637 706 682
489 2 2 13 5 639 707 655
490 2 2 13 5 662 700 640
491 2 2 13 5 664 675 646
492 2 2 13 5 647 686 680
493 2 2 13 5 680 694 653
494 2 2 13 5 654 705 664
495 2 2 13 5 658 659 657
496 2 2 13 5 659 708 657
497 2 2 12 6 128 5 6
498 2 2 12 6 5 128 77
499 2 2 12 6 9 123 14
500 2 2 12 6 72 123 9
501 2 2 12 6 73 123 72
502 2 2 12 6 73 74 125
503 2 2 12 6 123 73 124
504 2 2 12 6 73 125 124
505 2 2 12 6 126 74 75
506 2 2 12 6 74 126 125
507 2 2 12 6 76 126 75
508 2 2 12 6 128 76 77
509 2 2 12 6 126 76 127
510 2 2 12 6 76 128 127
511 2 2 13 7 8 7 129
512 2 2 13 7 7 78 129
513 2 2 13 7 88 10 15
514 2 2 13 7 139 88 15
515 2 2 13 7 78 79 130
516 2 2 13 7 78 130 129
517 2 2 13 7 79 80 131
518 2 2 13 7 130 79 131
519 2 2 13 7 80 81 132
520 2 2 13 7 80 132 131
521 2 2 13 7 81 82 133
522 2 2 13 7 132 81 133
523 2 2 13 7 82 83 134
524 2 2 13 7 133 82 134
525 2 2 13 7 83 84 134
526 2 2 13 7 135 84 85
527 2 2 13 7 134 84 135
528 2 2 13 7 85 86 136
529 2 2 13 7 135 85 136
530 2 2 13 7 137 86 87
531 2 2 13 7 136 86 137
532 2 2 13 7 87 88 138
533 2 2 13 7 137 87 138
534 2 2 13 7 138 88 139
535 2 2 13 8 14 108 9
536 2 2 13 8 89 16 11
537 2 2 13 8 159 108 14
538 2 2 13 8 16 89 140
539 2 2 13 8 89 90 140
540 2 2 13 8 90 91 142
541 2 2 13 8 140 90 141
542 2 2 13 8 90 142 141
543 2 2 13 8 91 92 142
544 2 2 13 8 144 92 93
545 2 2 13 8 142 92 143
546 2 2 13 8 92 144 143
547 2 2 13 8 145 93 94
548 2 2 13 8 145 144 93
549 2 2 13 8 95 145 94
550 2 2 13 8 147 95 96
551 2 2 13 8 145 95 146
552 2 2 13 8 95 147 146
553 2 2 13 8 97 147 96
554 2 2 13 8 98 148 97
555 2 2 13 8 148 147 97
556 2 2 13 8 150 98 99
557 2 2 13 8 148 98 149
558 2 2 13 8 98 150 149
559 2 2 13 8 100 150 99
560 2 2 13 8 101 151 100
561 2 2 13 8 151 150 100
562 2 2 13 8 153 101 102
563 2 2 13 8 151 101 152
564 2 2 13 8 101 153 152
565 2 2 13 8 103 153 102
566 2 2 13 8 104 155 103
567 2 2 13 8 153 103 154
568 2 2 13 8 103 155 154
569 2 2 13 8 156 104 105
570 2 2 13 8 156 155 104
571 2 2 13 8 106 156 105
572 2 2 13 8 158 106 107
573 2 2 13 8 157 156 106
574 2 2 13 8 158 157 106
575 2 2 13 8 108 158 107
576 2 2 13 8 159 158 108
577 2 2 13 9 12 15 10
578 2 2 13 9 12 17 15
579 2 2 13 10 110 11 16
580 2 2 13 10 17 12 160
581 2 2 13 10 12 109 160
582 2 2 13 10 161 110 16
583 2 2 13 10 109 110 161
584 2 2 13 10 109 161 160
585 2 2 11 11 13 18 111
586 2 2 11 11 173 18 13
587 2 2 11 11 173 13 122
588 2 2 11 11 18 162 111
589 2 2 11 11 111 162 112
590 2 2 11 11 112 163 113
591 2 2 11 11 162 163 112
592 2 2 11 11 113 165 114
593 2 2 11 11 163 164 113
594 2 2 11 11 113 164 165
595 2 2 11 11 114 166 115
596 2 2 11 11 165 166 114
597 2 2 11 11 115 167 116
598 2 2 11 11 115 166 167
599 2 2 11 11 116 168 117
600 2 2 11 11 167 168 116
601 2 2 11 11 117 168 118
602 2 2 11 11 118 169 119
603 2 2 11 11 168 169 118
604 2 2 11 11 119 171 120
605 2 2 11 11 169 170 119
606 2 2 11 11 119 170 171
607 2 2 11 11 171 121 120
608 2 2 11 11 121 172 122
609 2 2 11 11 171 172 121
610 2 2 11 11 172 173 122
611 2 2 13 12 176 19 795
612 2 2 13 12 19 177 795
613 2 2 13 12 20 174 798
614 2 2 13 12 207 20 798
615 2 2 13 12 203 21 797
616 2 2 13 12 21 206 797
617 2 2 13 12 204 22 796
618 2 2 13 12 22 233 796
619 2 2 13 12 174 175 791
620 2 2 13 12 174 791 798
621 2 2 13 12 175 176 736
622 2 2 13 12 175 736 791
623 2 2 13 12 736 176 795
624 2 2 13 12 177 178 789
625 2 2 13 12 177 789 795
626 2 2 13 12 178 179 719
627 2 2 13 12 178 719 789
628 2 2 13 12 179 180 748
629 2 2 13 12 719 179 748
630 2 2 13 12 180 181 717
631 2 2 13 12 180 717 748
632 2 2 13 12 181 182 750
633 2 2 13 12 717 181 750
634 2 2 13 12 182 183 783
635 2 2 13 12 750 182 783
636 2 2 13 12 183 184 721
637 2 2 13 12 183 721 783
638 2 2 13 12 184 185 776
639 2 2 13 12 721 184 776
640 2 2 13 12 185 186 722
641 2 2 13 12 185 722 776
642 2 2 13 12 186 187 772
643 2 2 13 12 722 186 772
644 2 2 13 12 187 188 723
645 2 2 13 12 187 723 772
646 2 2 13 12 188 189 785
647 2 2 13 12 723 188 785
648 2 2 13 12 189 190 767
649 2 2 13 12 189 767 785
650 2 2 13 12 190 191 726
651 2 2 13 12 190 726 767
652 2 2 13 12 191 192 763
653 2 2 13 12 726 191 763
654 2 2 13 12 192 193 762
655 2 2 13 12 192 762 763
656 2 2 13 12 193 194 725
657 2 2 13 12 193 725 762
658 2 2 13 12 194 195 761
659 2 2 13 12 725 194 761
660 2 2 13 12 195 196 784
661 2 2 13 12 761 195 784
662 2 2 13 12 196 197 727
663 2 2 13 12 196 727 784
664 2 2 13 12 197 198 788
665 2 2 13 12 727 197 788
666 2 2 13 12 198 199 743
667 2 2 13 12 198 743 788
668 2 2 13 12 199 200 724
669 2 2 13 12 199 724 743
670 2 2 13 12 200 201 754
671 2 2 13 12 724 200 754
672 2 2 13 12 201 202 737
673 2 2 13 12 201 737 754
674 2 2 13 12 202 203 732
675 2 2 13 12 202 732 737
676 2 2 13 12 732 203 797
677 2 2 13 12 205 204 735
678 2 2 13 12 735 204 796
679 2 2 13 12 206 205 792
680 2 2 13 12 205 735 792
681 2 2 13 12 206 792 797
682 2 2 13 12 208 207 733
683 2 2 13 12 733 207 798
684 2 2 13 12 209 208 744
685 2 2 13 12 208 733 744
686 2 2 13 12 210 209 729
687 2 2 13 12 729 209 744
688 2 2 13 12 211 210 756
689 2 2 13 12 210 729 756
690 2 2 13 12 212 211 728
691 2 2 13 12 728 211 756
692 2 2 13 12 213 212 752
693 2 2 13 12 212 728 752
694 2 2 13 12 214 213 786
695 2 2 13 12 213 752 786
696 2 2 13 12 215 214 730
697 2 2 13 12 730 214 786
698 2 2 13 12 216 215 775
699 2 2 13 12 215 730 775
700 2 2 13 12 217 216 731
701 2 2 13 12 731 216 775
702 2 2 13 12 218 217 787
703 2 2 13 12 217 731 787
704 2 2 13 12 219 218 769
705 2 2 13 12 769 218 787
706 2 2 13 12 220 219 716
707 2 2 13 12 716 219 769
708 2 2 13 12 221 220 779
709 2 2 13 12 220 716 779
710 2 2 13 12 222 221 771
711 2 2 13 12 771 221 779
712 2 2 13 12 223 222 715
713 2 2 13 12 715 222 771
714 2 2 13 12 224 223 757
715 2 2 13 12 223 715 757
716 2 2 13 12 225 224 777
717 2 2 13 12 224 757 777
718 2 2 13 12 226 225 720
719 2 2 13 12 720 225 777
720 2 2 13 12 227 226 780
721 2 2 13 12 226 720 780
722 2 2 13 12 228 227 714
723 2 2 13 12 714 227 780
724 2 2 13 12 229 228 794
725 2 2 13 12 228 714 794
726 2 2 13 12 230 229 734
727 2 2 13 12 734 229 794
728 2 2 13 12 231 230 740
729 2 2 13 12 230 734 740
730 2 2 13 12 232 231 718
731 2 2 13 12 718 231 740
732 2 2 13 12 233 232 790
733 2 2 13 12 232 718 790
734 2 2 13 12 233 790 796
735 2 2 13 12 755 714 793
736 2 2 13 12 714 755 794
737 2 2 13 12 714 780 793
738 2 2 13 12 757 715 758
739 2 2 13 12 758 715 759
740 2 2 13 12 759 715 771
741 2 2 13 12 765 716 768
742 2 2 13 12 716 765 779
743 2 2 13 12 768 716 769
744 2 2 13 12 717 747 748
745 2 2 13 12 747 717 749
746 2 2 13 12 749 717 750
747 2 2 13 12 738 718 739
748 2 2 13 12 718 738 790
749 2 2 13 12 739 718 740
750 2 2 13 12 745 719 746
751 2 2 13 12 719 745 789
752 2 2 13 12 746 719 748
753 2 2 13 12 766 720 777
754 2 2 13 12 720 766 778
755 2 2 13 12 720 778 780
756 2 2 13 12 753 721 781
757 2 2 13 12 721 753 783
758 2 2 13 12 721 776 781
759 2 2 13 12 722 772 773
760 2 2 13 12 722 773 774
761 2 2 13 12 722 774 776
762 2 2 13 12 723 770 782
763 2 2 13 12 770 723 785
764 2 2 13 12 772 723 782
765 2 2 13 12 724 741 742
766 2 2 13 12 741 724 754
767 2 2 13 12 724 742 743
768 2 2 13 12 758 725 760
769 2 2 13 12 725 758 762
770 2 2 13 12 760 725 761
771 2 2 13 12 726 763 764
772 2 2 13 12 726 764 765
773 2 2 13 12 726 765 767
774 2 2 13 12 727 778 784
775 2 2 13 12 778 727 793
776 2 2 13 12 727 788 793
777 2 2 13 12 728 749 751
778 2 2 13 12 749 728 756
779 2 2 13 12 728 751 752
780 2 2 13 12 729 744 746
781 2 2 13 12 729 746 747
782 2 2 13 12 729 747 756
783 2 2 13 12 730 774 775
784 2 2 13 12 774 730 781
785 2 2 13 12 781 730 786
786 2 2 13 12 773 731 775
787 2 2 13 12 731 773 782
788 2 2 13 12 731 782 787
789 2 2 13 12 737 732 738
790 2 2 13 12 738 732 800
791 2 2 13 12 792 732 797
792 2 2 13 12 732 792 800
793 2 2 13 12 744 733 745
794 2 2 13 12 745 733 799
795 2 2 13 12 791 733 798
796 2 2 13 12 733 791 799
797 2 2 13 12 740 734 741
798 2 2 13 12 741 734 742
799 2 2 13 12 742 734 794
800 2 2 13 12 790 735 796
801 2 2 13 12 735 790 800
802 2 2 13 12 792 735 800
803 2 2 13 12 789 736 795
804 2 2 13 12 736 789 799
805 2 2 13 12 791 736 799
806 2 2 13 12 737 738 739
807 2 2 13 12 737 739 754
808 2 2 13 12 790 738 800
809 2 2 13 12 739 740 741
810 2 2 13 12 739 741 754
811 2 2 13 12 743 742 755
812 2 2 13 12 755 742 794
813 2 2 13 12 743 755 788
814 2 2 13 12 744 745 746
815 2 2 13 12 789 745 799
816 2 2 13 12 747 746 748
817 2 2 13 12 747 749 756
818 2 2 13 12 749 750 751
819 2 2 13 12 751 750 783
820 2 2 13 12 752 751 753
821 2 2 13 12 753 751 783
822 2 2 13 12 752 753 786
823 2 2 13 12 753 781 786
824 2 2 13 12 788 755 793
825 2 2 13 12 757 758 760
826 2 2 13 12 757 760 777
827 2 2 13 12 758 759 762
828 2 2 13 12 762 759 763
829 2 2 13 12 763 759 764
830 2 2 13 12 764 759 771
831 2 2 13 12 760 761 766
832 2 2 13 12 760 766 777
833 2 2 13 12 766 761 784
834 2 2 13 12 765 764 779
835 2 2 13 12 764 771 779
836 2 2 13 12 767 765 768
837 2 2 13 12 778 766 784
838 2 2 13 12 767 768 785
839 2 2 13 12 768 769 770
840 2 2 13 12 768 770 785
841 2 2 13 12 770 769 787
842 2 2 13 12 782 770 787
843 2 2 13 12 773 772 782
844 2 2 13 12 774 773 775
845 2 2 13 12 776 774 781
846 2 2 13 12 780 778 793
847 2 2 13 13 19 176 839
848 2 2 13 13 249 19 839
849 2 2 13 13 174 20 838
850 2 2 13 13 20 234 838
851 2 2 13 13 245 23 840
852 2 2 13 13 23 246 840
853 2 2 13 13 248 24 837
854 2 2 13 13 24 260 837
855 2 2 13 13 175 174 812
856 2 2 13 13 812 174 838
857 2 2 13 13 176 175 835
858 2 2 13 13 175 812 835
859 2 2 13 13 176 835 839
860 2 2 13 13 234 235 834
861 2 2 13 13 234 834 838
862 2 2 13 13 235 236 803
863 2 2 13 13 235 803 834
864 2 2 13 13 236 237 822
865 2 2 13 13 803 236 822
866 2 2 13 13 237 238 802
867 2 2 13 13 237 802 822
868 2 2 13 13 238 239 826
869 2 2 13 13 802 238 826
870 2 2 13 13 239 240 804
871 2 2 13 13 239 804 826
872 2 2 13 13 240 241 829
873 2 2 13 13 804 240 829
874 2 2 13 13 241 242 805
875 2 2 13 13 241 805 829
876 2 2 13 13 242 243 824
877 2 2 13 13 805 242 824
878 2 2 13 13 243 244 813
879 2 2 13 13 243 813 824
880 2 2 13 13 244 245 810
881 2 2 13 13 244 810 813
882 2 2 13 13 810 245 840
883 2 2 13 13 246 247 836
884 2 2 13 13 246 836 840
885 2 2 13 13 247 248 811
886 2 2 13 13 247 811 836
887 2 2 13 13 811 248 837
888 2 2 13 13 250 249 809
889 2 2 13 13 809 249 839
890 2 2 13 13 251 250 818
891 2 2 13 13 250 809 818
892 2 2 13 13 252 251 806
893 2 2 13 13 806 251 818
894 2 2 13 13 253 252 827
895 2 2 13 13 252 806 827
896 2 2 13 13 254 253 807
897 2 2 13 13 807 253 827
898 2 2 13 13 255 254 831
899 2 2 13 13 254 807 831
900 2 2 13 13 256 255 808
901 2 2 13 13 808 255 831
902 2 2 13 13 257 256 830
903 2 2 13 13 256 808 830
904 2 2 13 13 258 257 816
905 2 2 13 13 816 257 830
906 2 2 13 13 259 258 801
907 2 2 13 13 801 258 816
908 2 2 13 13 260 259 833
909 2 2 13 13 259 801 833
910 2 2 13 13 260 833 837
911 2 2 13 13 814 801 815
912 2 2 13 13 801 814 833
913 2 2 13 13 815 801 816
914 2 2 13 13 802 821 822
915 2 2 13 13 821 802 823
916 2 2 13 13 823 802 826
917 2 2 13 13 819 803 820
918 2 2 13 13 803 819 834
919 2 2 13 13 820 803 822
920 2 2 13 13 826 804 828
921 2 2 13 13 828 804 832
922 2 2 13 13 804 829 832
923 2 2 13 13 817 805 824
924 2 2 13 13 805 817 825
925 2 2 13 13 805 825 829
926 2 2 13 13 806 818 820
927 2 2 13 13 806 820 821
928 2 2 13 13 806 821 827
929 2 2 13 13 823 807 827
930 2 2 13 13 807 823 828
931 2 2 13 13 807 828 831
932 2 2 13 13 808 825 830
933 2 2 13 13 825 808 832
934 2 2 13 13 808 831 832
935 2 2 13 13 818 809 819
936 2 2 13 13 819 809 841
937 2 2 13 13 835 809 839
938 2 2 13 13 809 835 841
939 2 2 13 13 813 810 814
940 2 2 13 13 814 810 842
941 2 2 13 13 836 810 840
942 2 2 13 13 810 836 842
943 2 2 13 13 833 811 837
944 2 2 13 13 811 833 842
945 2 2 13 13 836 811 842
946 2 2 13 13 834 812 838
947 2 2 13 13 812 834 841
948 2 2 13 13 835 812 841
949 2 2 13 13 813 814 815
950 2 2 13 13 813 815 824
951 2 2 13 13 833 814 842
952 2 2 13 13 815 816 817
953 2 2 13 13 815 817 824
954 2 2 13 13 817 816 830
955 2 2 13 13 825 817 830
956 2 2 13 13 818 819 820
957 2 2 13 13 834 819 841
958 2 2 13 13 821 820 822
959 2 2 13 13 821 823 827
960 2 2 13 13 823 826 828
961 2 2 13 13 829 825 832
962 2 2 13 13 831 828 832
963 2 2 13 14 1 844 28
964 2 2 13 14 51 1023 1
965 2 2 13 14 1 1023 844
966 2 2 13 14 3 845 7
967 2 2 13 14 29 969 3
968 2 2 13 14 3 969 845
969 2 2 13 14 5 1020 32
970 2 2 13 14 263 1020 5
971 2 2 13 14 7 895 78
972 2 2 13 14 845 895 7
973 2 2 13 14 108 1021 9
974 2 2 13 14 9 1021 264
975 2 2 13 14 10 846 12
976 2 2 13 14 88 898 10
977 2 2 13 14 10 898 846
978 2 2 13 14 11 1017 89
979 2 2 13 14 110 843 11
980 2 2 13 14 843 1017 11
981 2 2 13 14 12 964 109
982 2 2 13 14 846 964 12
983 2 2 13 14 19 1012 177
984 2 2 13 14 249 1012 19
985 2 2 13 14 203 1018 21
986 2 2 13 14 21 1018 261
987 2 2 13 14 24 1013 260
988 2 2 13 14 267 1013 24
989 2 2 13 14 266 1019 25
990 2 2 13 14 25 1019 293
991 2 2 13 14 28 906 29
992 2 2 13 14 844 906 28
993 2 2 13 14 906 969 29
994 2 2 13 14 32 955 33
995 2 2 13 14 32 1020 955
996 2 2 13 14 33 847 34
997 2 2 13 14 33 955 847
998 2 2 13 14 34 937 35
999 2 2 13 14 847 937 34
1000 2 2 13 14 35 850 36
1001 2 2 13 14 35 937 850
1002 2 2 13 14 36 940 37
1003 2 2 13 14 850 940 36
1004 2 2 13 14 37 852 38
1005 2 2 13 14 37 940 852
1006 2 2 13 14 38 942 39
1007 2 2 13 14 852 942 38
1008 2 2 13 14 39 854 40
1009 2 2 13 14 39 942 854
1010 2 2 13 14 40 944 41
1011 2 2 13 14 854 944 40
1012 2 2 13 14 41 856 42
1013 2 2 13 14 41 944 856
1014 2 2 13 14 42 941 43
1015 2 2 13 14 856 941 42
1016 2 2 13 14 43 858 44
1017 2 2 13 14 43 941 858
1018 2 2 13 14 44 943 45
1019 2 2 13 14 858 943 44
1020 2 2 13 14 45 860 46
1021 2 2 13 14 45 943 860
1022 2 2 13 14 46 1004 47
1023 2 2 13 14 860 1004 46
1024 2 2 13 14 47 862 48
1025 2 2 13 14 47 1004 862
1026 2 2 13 14 48 1007 49
1027 2 2 13 14 862 1007 48
1028 2 2 13 14 49 864 50
1029 2 2 13 14 49 1007 864
1030 2 2 13 14 50 978 51
1031 2 2 13 14 864 978 50
1032 2 2 13 14 978 1023 51
1033 2 2 13 14 78 902 79
1034 2 2 13 14 895 916 78
1035 2 2 13 14 78 916 902
1036 2 2 13 14 79 865 80
1037 2 2 13 14 79 902 865
1038 2 2 13 14 80 1024 81
1039 2 2 13 14 865 1024 80
1040 2 2 13 14 81 984 82
1041 2 2 13 14 909 984 81
1042 2 2 13 14 81 1024 909
1043 2 2 13 14 83 82 254
1044 2 2 13 14 254 82 253
1045 2 2 13 14 82 984 253
1046 2 2 13 14 84 83 255
1047 2 2 13 14 83 254 255
1048 2 2 13 14 84 985 85
1049 2 2 13 14 255 256 84
1050 2 2 13 14 256 985 84
1051 2 2 13 14 85 1025 86
1052 2 2 13 14 85 985 910
1053 2 2 13 14 910 1025 85
1054 2 2 13 14 86 866 87
1055 2 2 13 14 86 1025 866
1056 2 2 13 14 87 901 88
1057 2 2 13 14 866 901 87
1058 2 2 13 14 88 1010 898
1059 2 2 13 14 901 1010 88
1060 2 2 13 14 89 983 90
1061 2 2 13 14 89 1017 983
1062 2 2 13 14 90 863 91
1063 2 2 13 14 90 983 863
1064 2 2 13 14 91 1006 92
1065 2 2 13 14 863 1006 91
1066 2 2 13 14 92 861 93
1067 2 2 13 14 92 1006 861
1068 2 2 13 14 93 1005 94
1069 2 2 13 14 861 1005 93
1070 2 2 13 14 94 859 95
1071 2 2 13 14 94 1005 859
1072 2 2 13 14 95 939 96
1073 2 2 13 14 859 939 95
1074 2 2 13 14 96 857 97
1075 2 2 13 14 96 939 857
1076 2 2 13 14 97 947 98
1077 2 2 13 14 857 947 97
1078 2 2 13 14 98 855 99
1079 2 2 13 14 98 947 855
1080 2 2 13 14 99 945 100
1081 2 2 13 14 855 945 99
1082 2 2 13 14 100 853 101
1083 2 2 13 14 100 945 853
1084 2 2 13 14 101 948 102
1085 2 2 13 14 853 948 101
1086 2 2 13 14 102 851 103
1087 2 2 13 14 102 948 851
1088 2 2 13 14 103 938 104
1089 2 2 13 14 851 938 103
1090 2 2 13 14 104 849 105
1091 2 2 13 14 104 938 849
1092 2 2 13 14 105 946 106
1093 2 2 13 14 849 946 105
1094 2 2 13 14 106 848 107
1095 2 2 13 14 106 946 848
1096 2 2 13 14 107 954 108
1097 2 2 13 14 848 954 107
1098 2 2 13 14 954 1021 108
1099 2 2 13 14 109 903 110
1100 2 2 13 14 109 964 903
1101 2 2 13 14 110 903 843
1102 2 2 13 14 177 871 178
1103 2 2 13 14 177 1012 871
1104 2 2 13 14 178 917 179
1105 2 2 13 14 871 917 178
1106 2 2 13 14 179 873 180
1107 2 2 13 14 179 917 873
1108 2 2 13 14 180 953 181
1109 2 2 13 14 873 953 180
1110 2 2 13 14 181 952 182
1111 2 2 13 14 181 953 952
1112 2 2 13 14 182 869 183
1113 2 2 13 14 182 1008 869
1114 2 2 13 14 952 1008 182
1115 2 2 13 14 183 963 184
1116 2 2 13 14 869 963 183
1117 2 2 13 14 184 868 185
1118 2 2 13 14 184 963 868
1119 2 2 13 14 185 913 186
1120 2 2 13 14 868 913 185
1121 2 2 13 14 186 892 187
1122 2 2 13 14 186 913 892
1123 2 2 13 14 187 923 188
1124 2 2 13 14 892 923 187
1125 2 2 13 14 188 890 189
1126 2 2 13 14 188 923 890
1127 2 2 13 14 189 921 190
1128 2 2 13 14 890 921 189
1129 2 2 13 14 190 888 191
1130 2 2 13 14 190 921 888
1131 2 2 13 14 191 933 192
1132 2 2 13 14 888 933 191
1133 2 2 13 14 192 886 193
1134 2 2 13 14 192 933 886
1135 2 2 13 14 193 928 194
1136 2 2 13 14 886 928 193
1137 2 2 13 14 194 884 195
1138 2 2 13 14 194 928 884
1139 2 2 13 14 195 919 196
1140 2 2 13 14 884 919 195
1141 2 2 13 14 196 882 197
1142 2 2 13 14 196 919 882
1143 2 2 13 14 197 920 198
1144 2 2 13 14 882 920 197
1145 2 2 13 14 198 880 199
1146 2 2 13 14 198 920 880
1147 2 2 13 14 199 935 200
1148 2 2 13 14 880 935 199
1149 2 2 13 14 200 878 201
1150 2 2 13 14 200 935 878
1151 2 2 13 14 201 914 202
1152 2 2 13 14 878 914 201
1153 2 2 13 14 202 894 203
1154 2 2 13 14 202 914 894
1155 2 2 13 14 894 1018 203
1156 2 2 13 14 250 960 249
1157 2 2 13 14 960 1012 249
1158 2 2 13 14 251 950 250
1159 2 2 13 14 950 960 250
1160 2 2 13 14 252 909 251
1161 2 2 13 14 909 950 251
1162 2 2 13 14 253 984 252
1163 2 2 13 14 252 984 909
1164 2 2 13 14 257 985 256
1165 2 2 13 14 258 910 257
1166 2 2 13 14 910 985 257
1167 2 2 13 14 259 949 258
1168 2 2 13 14 258 949 910
1169 2 2 13 14 260 961 259
1170 2 2 13 14 259 961 949
1171 2 2 13 14 260 1013 961
1172 2 2 13 14 261 957 262
1173 2 2 13 14 261 1018 957
1174 2 2 13 14 262 875 263
1175 2 2 13 14 262 957 875
1176 2 2 13 14 875 1020 263
1177 2 2 13 14 264 876 265
1178 2 2 13 14 264 1021 876
1179 2 2 13 14 265 956 266
1180 2 2 13 14 876 956 265
1181 2 2 13 14 956 1019 266
1182 2 2 13 14 268 872 267
1183 2 2 13 14 872 1013 267
1184 2 2 13 14 269 936 268
1185 2 2 13 14 268 936 872
1186 2 2 13 14 270 874 269
1187 2 2 13 14 874 936 269
1188 2 2 13 14 271 968 270
1189 2 2 13 14 270 968 874
1190 2 2 13 14 272 965 271
1191 2 2 13 14 965 968 271
1192 2 2 13 14 273 870 272
1193 2 2 13 14 870 1011 272
1194 2 2 13 14 272 1011 965
1195 2 2 13 14 274 959 273
1196 2 2 13 14 273 959 870
1197 2 2 13 14 275 867 274
1198 2 2 13 14 867 959 274
1199 2 2 13 14 276 911 275
1200 2 2 13 14 275 911 867
1201 2 2 13 14 277 891 276
1202 2 2 13 14 891 911 276
1203 2 2 13 14 278 930 277
1204 2 2 13 14 277 930 891
1205 2 2 13 14 279 889 278
1206 2 2 13 14 889 930 278
1207 2 2 13 14 280 926 279
1208 2 2 13 14 279 926 889
1209 2 2 13 14 281 887 280
1210 2 2 13 14 887 926 280
1211 2 2 13 14 282 932 281
1212 2 2 13 14 281 932 887
1213 2 2 13 14 283 885 282
1214 2 2 13 14 885 932 282
1215 2 2 13 14 284 918 283
1216 2 2 13 14 283 918 885
1217 2 2 13 14 285 883 284
1218 2 2 13 14 883 918 284
1219 2 2 13 14 286 929 285
1220 2 2 13 14 285 929 883
1221 2 2 13 14 287 881 286
1222 2 2 13 14 881 929 286
1223 2 2 13 14 288 925 287
1224 2 2 13 14 287 925 881
1225 2 2 13 14 289 879 288
1226 2 2 13 14 879 925 288
1227 2 2 13 14 290 934 289
1228 2 2 13 14 289 934 879
1229 2 2 13 14 291 877 290
1230 2 2 13 14 877 934 290
1231 2 2 13 14 292 915 291
1232 2 2 13 14 291 915 877
1233 2 2 13 14 293 893 292
1234 2 2 13 14 893 915 292
1235 2 2 13 14 293 1019 893
1236 2 2 13 14 903 904 843
1237 2 2 13 14 904 905 843
1238 2 2 13 14 905 1017 843
1239 2 2 13 14 844 907 906
1240 2 2 13 14 844 908 907
1241 2 2 13 14 844 1023 908
1242 2 2 13 14 845 896 895
1243 2 2 13 14 845 897 896
1244 2 2 13 14 845 969 897
1245 2 2 13 14 898 899 846
1246 2 2 13 14 899 900 846
1247 2 2 13 14 900 964 846
1248 2 2 13 14 847 971 937
1249 2 2 13 14 955 967 847
1250 2 2 13 14 967 971 847
1251 2 2 13 14 946 972 848
1252 2 2 13 14 848 966 954
1253 2 2 13 14 848 972 966
1254 2 2 13 14 938 976 849
1255 2 2 13 14 849 974 946
1256 2 2 13 14 849 976 974
1257 2 2 13 14 937 975 850
1258 2 2 13 14 850 977 940
1259 2 2 13 14 975 977 850
1260 2 2 13 14 851 979 938
1261 2 2 13 14 948 981 851
1262 2 2 13 14 851 981 979
1263 2 2 13 14 940 980 852
1264 2 2 13 14 852 982 942
1265 2 2 13 14 980 982 852
1266 2 2 13 14 945 988 853
1267 2 2 13 14 853 986 948
1268 2 2 13 14 853 988 986
1269 2 2 13 14 942 987 854
1270 2 2 13 14 854 989 944
1271 2 2 13 14 987 989 854
1272 2 2 13 14 855 990 945
1273 2 2 13 14 947 992 855
1274 2 2 13 14 855 992 990
1275 2 2 13 14 856 993 941
1276 2 2 13 14 944 991 856
1277 2 2 13 14 991 993 856
1278 2 2 13 14 939 996 857
1279 2 2 13 14 857 994 947
1280 2 2 13 14 857 996 994
1281 2 2 13 14 941 995 858
1282 2 2 13 14 858 997 943
1283 2 2 13 14 995 997 858
1284 2 2 13 14 927 1000 859
1285 2 2 13 14 859 1005 927
1286 2 2 13 14 859 1000 939
1287 2 2 13 14 860 1001 922
1288 2 2 13 14 922 1004 860
1289 2 2 13 14 943 1001 860
1290 2 2 13 14 861 1002 927
1291 2 2 13 14 927 1005 861
1292 2 2 13 14 931 1002 861
1293 2 2 13 14 861 1006 931
1294 2 2 13 14 922 1003 862
1295 2 2 13 14 862 1004 922
1296 2 2 13 14 862 1003 924
1297 2 2 13 14 924 1007 862
1298 2 2 13 14 863 983 912
1299 2 2 13 14 912 998 863
1300 2 2 13 14 863 998 931
1301 2 2 13 14 931 1006 863
1302 2 2 13 14 924 999 864
1303 2 2 13 14 864 1007 924
1304 2 2 13 14 951 978 864
1305 2 2 13 14 864 999 951
1306 2 2 13 14 902 962 865
1307 2 2 13 14 865 962 950
1308 2 2 13 14 950 1024 865
1309 2 2 13 14 866 958 901
1310 2 2 13 14 949 958 866
1311 2 2 13 14 866 1025 949
1312 2 2 13 14 867 912 905
1313 2 2 13 14 905 959 867
1314 2 2 13 14 911 912 867
1315 2 2 13 14 868 951 913
1316 2 2 13 14 868 1022 951
1317 2 2 13 14 963 1022 868
1318 2 2 13 14 869 1016 963
1319 2 2 13 14 869 1008 970
1320 2 2 13 14 970 1016 869
1321 2 2 13 14 870 959 904
1322 2 2 13 14 904 973 870
1323 2 2 13 14 973 1011 870
1324 2 2 13 14 871 962 917
1325 2 2 13 14 960 962 871
1326 2 2 13 14 871 1012 960
1327 2 2 13 14 936 958 872
1328 2 2 13 14 958 961 872
1329 2 2 13 14 961 1013 872
1330 2 2 13 14 902 916 873
1331 2 2 13 14 873 917 902
1332 2 2 13 14 916 1026 873
1333 2 2 13 14 873 1026 953
1334 2 2 13 14 874 1010 936
1335 2 2 13 14 968 1009 874
1336 2 2 13 14 1009 1010 874
1337 2 2 13 14 875 1014 955
1338 2 2 13 14 955 1020 875
1339 2 2 13 14 957 1014 875
1340 2 2 13 14 954 1015 876
1341 2 2 13 14 876 1021 954
1342 2 2 13 14 876 1015 956
1343 2 2 13 14 915 972 877
1344 2 2 13 14 877 974 934
1345 2 2 13 14 972 974 877
1346 2 2 13 14 878 971 914
1347 2 2 13 14 935 975 878
1348 2 2 13 14 878 975 971
1349 2 2 13 14 879 979 925
1350 2 2 13 14 934 976 879
1351 2 2 13 14 976 979 879
1352 2 2 13 14 920 980 880
1353 2 2 13 14 880 977 935
1354 2 2 13 14 880 980 977
1355 2 2 13 14 925 981 881
1356 2 2 13 14 881 986 929
1357 2 2 13 14 981 986 881
1358 2 2 13 14 919 987 882
1359 2 2 13 14 882 982 920
1360 2 2 13 14 882 987 982
1361 2 2 13 14 883 990 918
1362 2 2 13 14 929 988 883
1363 2 2 13 14 988 990 883
1364 2 2 13 14 884 989 919
1365 2 2 13 14 928 991 884
1366 2 2 13 14 884 991 989
1367 2 2 13 14 918 992 885
1368 2 2 13 14 885 994 932
1369 2 2 13 14 992 994 885
1370 2 2 13 14 886 993 928
1371 2 2 13 14 933 995 886
1372 2 2 13 14 886 995 993
1373 2 2 13 14 887 1000 926
1374 2 2 13 14 932 996 887
1375 2 2 13 14 996 1000 887
1376 2 2 13 14 921 1001 888
1377 2 2 13 14 888 997 933
1378 2 2 13 14 888 1001 997
1379 2 2 13 14 926 927 889
1380 2 2 13 14 927 1002 889
1381 2 2 13 14 889 1002 930
1382 2 2 13 14 890 922 921
1383 2 2 13 14 890 1003 922
1384 2 2 13 14 923 1003 890
1385 2 2 13 14 891 998 911
1386 2 2 13 14 930 931 891
1387 2 2 13 14 931 998 891
1388 2 2 13 14 913 999 892
1389 2 2 13 14 892 924 923
1390 2 2 13 14 892 999 924
1391 2 2 13 14 893 966 915
1392 2 2 13 14 956 1015 893
1393 2 2 13 14 893 1019 956
1394 2 2 13 14 893 1015 966
1395 2 2 13 14 914 967 894
1396 2 2 13 14 894 1014 957
1397 2 2 13 14 957 1018 894
1398 2 2 13 14 967 1014 894
1399 2 2 13 14 896 1026 895
1400 2 2 13 14 895 1026 916
1401 2 2 13 14 897 952 896
1402 2 2 13 14 952 953 896
1403 2 2 13 14 953 1026 896
1404 2 2 13 14 897 1008 952
1405 2 2 13 14 969 970 897
1406 2 2 13 14 970 1008 897
1407 2 2 13 14 898 1009 899
1408 2 2 13 14 898 1010 1009
1409 2 2 13 14 899 965 900
1410 2 2 13 14 899 968 965
1411 2 2 13 14 899 1009 968
1412 2 2 13 14 900 973 964
1413 2 2 13 14 965 1011 900
1414 2 2 13 14 900 1011 973
1415 2 2 13 14 901 958 936
1416 2 2 13 14 936 1010 901
1417 2 2 13 14 917 962 902
1418 2 2 13 14 903 973 904
1419 2 2 13 14 964 973 903
1420 2 2 13 14 904 959 905
1421 2 2 13 14 912 983 905
1422 2 2 13 14 983 1017 905
1423 2 2 13 14 907 1016 906
1424 2 2 13 14 906 970 969
1425 2 2 13 14 906 1016 970
1426 2 2 13 14 908 1022 907
1427 2 2 13 14 963 1016 907
1428 2 2 13 14 907 1022 963
1429 2 2 13 14 908 978 951
1430 2 2 13 14 951 1022 908
1431 2 2 13 14 908 1023 978
1432 2 2 13 14 909 1024 950
1433 2 2 13 14 949 1025 910
1434 2 2 13 14 911 998 912
1435 2 2 13 14 951 999 913
1436 2 2 13 14 914 971 967
1437 2 2 13 14 966 972 915
1438 2 2 13 14 990 992 918
1439 2 2 13 14 919 989 987
1440 2 2 13 14 920 982 980
1441 2 2 13 14 922 1001 921
1442 2 2 13 14 924 1003 923
1443 2 2 13 14 979 981 925
1444 2 2 13 14 926 1000 927
1445 2 2 13 14 928 993 991
1446 2 2 13 14 986 988 929
1447 2 2 13 14 930 1002 931
1448 2 2 13 14 994 996 932
1449 2 2 13 14 933 997 995
1450 2 2 13 14 974 976 934
1451 2 2 13 14 935 977 975
1452 2 2 13 14 971 975 937
1453 2 2 13 14 938 979 976
1454 2 2 13 14 939 1000 996
1455 2 2 13 14 977 980 940
1456 2 2 13 14 993 995 941
1457 2 2 13 14 982 987 942
1458 2 2 13 14 997 1001 943
1459 2 2 13 14 989 991 944
1460 2 2 13 14 945 990 988
1461 2 2 13 14 946 974 972
1462 2 2 13 14 947 994 992
1463 2 2 13 14 948 986 981
1464 2 2 13 14 949 961 958
1465 2 2 13 14 950 962 960
1466 2 2 13 14 966 1015 954
1467 2 2 13 14 955 1014 967
1468 2 2 13 15 77 1054 5
1469 2 2 13 15 5 1028 263
1470 2 2 13 15 5 1054 1028
1471 2 2 13 15 9 1055 72
1472 2 2 13 15 264 1027 9
1473 2 2 13 15 1027 1055 9
1474 2 2 13 15 21 1077 206
1475 2 2 13 15 261 1077 21
1476 2 2 13 15 204 1074 22
1477 2 2 13 15 22 1074 294
1478 2 2 13 15 25 1078 266
1479 2 2 13 15 308 1078 25
1480 2 2 13 15 305 1073 26
1481 2 2 13 15 26 1073 306
1482 2 2 13 15 72 1030 73
1483 2 2 13 15 72 1055 1030
1484 2 2 13 15 73 1056 74
1485 2 2 13 15 1030 1056 73
1486 2 2 13 15 74 1029 75
1487 2 2 13 15 74 1056 1029
1488 2 2 13 15 75 1057 76
1489 2 2 13 15 1029 1057 75
1490 2 2 13 15 76 1031 77
1491 2 2 13 15 76 1057 1031
1492 2 2 13 15 1031 1054 77
1493 2 2 13 15 205 1062 204
1494 2 2 13 15 1062 1074 204
1495 2 2 13 15 206 1037 205
1496 2 2 13 15 1037 1062 205
1497 2 2 13 15 206 1077 1037
1498 2 2 13 15 262 1064 261
1499 2 2 13 15 1064 1077 261
1500 2 2 13 15 263 1059 262
1501 2 2 13 15 1059 1064 262
1502 2 2 13 15 1028 1059 263
1503 2 2 13 15 265 1058 264
1504 2 2 13 15 264 1058 1027
1505 2 2 13 15 266 1063 265
1506 2 2 13 15 265 1063 1058
1507 2 2 13 15 266 1078 1063
1508 2 2 13 15 294 1039 295
1509 2 2 13 15 294 1074 1039
1510 2 2 13 15 295 1040 296
1511 2 2 13 15 1039 1040 295
1512 2 2 13 15 296 1033 297
1513 2 2 13 15 296 1040 1033
1514 2 2 13 15 297 1044 298
1515 2 2 13 15 1033 1044 297
1516 2 2 13 15 298 1034 299
1517 2 2 13 15 298 1044 1034
1518 2 2 13 15 299 1047 300
1519 2 2 13 15 1034 1047 299
1520 2 2 13 15 300 1035 301
1521 2 2 13 15 300 1047 1035
1522 2 2 13 15 301 1060 302
1523 2 2 13 15 1035 1060 301
1524 2 2 13 15 302 1032 303
1525 2 2 13 15 302 1060 1032
1526 2 2 13 15 303 1050 304
1527 2 2 13 15 1032 1050 303
1528 2 2 13 15 304 1038 305
1529 2 2 13 15 304 1050 1038
1530 2 2 13 15 1038 1073 305
1531 2 2 13 15 306 1061 307
1532 2 2 13 15 306 1073 1061
1533 2 2 13 15 307 1036 308
1534 2 2 13 15 307 1061 1036
1535 2 2 13 15 1036 1078 308
1536 2 2 13 15 1027 1070 1055
1537 2 2 13 15 1058 1065 1027
1538 2 2 13 15 1065 1070 1027
1539 2 2 13 15 1054 1069 1028
1540 2 2 13 15 1028 1066 1059
1541 2 2 13 15 1028 1069 1066
1542 2 2 13 15 1056 1076 1029
1543 2 2 13 15 1029 1076 1057
1544 2 2 13 15 1055 1071 1030
1545 2 2 13 15 1030 1075 1056
1546 2 2 13 15 1071 1075 1030
1547 2 2 13 15 1045 1072 1031
1548 2 2 13 15 1031 1079 1045
1549 2 2 13 15 1031 1072 1054
1550 2 2 13 15 1057 1079 1031
1551 2 2 13 15 1032 1052 1050
1552 2 2 13 15 1032 1053 1052
1553 2 2 13 15 1032 1060 1053
1554 2 2 13 15 1040 1042 1033
1555 2 2 13 15 1042 1043 1033
1556 2 2 13 15 1043 1044 1033
1557 2 2 13 15 1044 1045 1034
1558 2 2 13 15 1045 1046 1034
1559 2 2 13 15 1046 1047 1034
1560 2 2 13 15 1047 1048 1035
1561 2 2 13 15 1048 1049 1035
1562 2 2 13 15 1049 1060 1035
1563 2 2 13 15 1061 1080 1036
1564 2 2 13 15 1036 1067 1063
1565 2 2 13 15 1063 1078 1036
1566 2 2 13 15 1036 1080 1067
1567 2 2 13 15 1037 1081 1062
1568 2 2 13 15 1064 1068 1037
1569 2 2 13 15 1037 1077 1064
1570 2 2 13 15 1068 1081 1037
1571 2 2 13 15 1050 1051 1038
1572 2 2 13 15 1051 1080 1038
1573 2 2 13 15 1061 1073 1038
1574 2 2 13 15 1038 1080 1061
1575 2 2 13 15 1039 1041 1040
1576 2 2 13 15 1039 1081 1041
1577 2 2 13 15 1039 1074 1062
1578 2 2 13 15 1062 1081 1039
1579 2 2 13 15 1041 1042 1040
1580 2 2 13 15 1041 1066 1042
1581 2 2 13 15 1041 1068 1066
1582 2 2 13 15 1041 1081 1068
1583 2 2 13 15 1042 1069 1043
1584 2 2 13 15 1066 1069 1042
1585 2 2 13 15 1043 1045 1044
1586 2 2 13 15 1043 1072 1045
1587 2 2 13 15 1069 1072 1043
1588 2 2 13 15 1045 1079 1046
1589 2 2 13 15 1046 1076 1047
1590 2 2 13 15 1046 1079 1076
1591 2 2 13 15 1047 1076 1048
1592 2 2 13 15 1048 1075 1049
1593 2 2 13 15 1056 1075 1048
1594 2 2 13 15 1048 1076 1056
1595 2 2 13 15 1053 1060 1049
1596 2 2 13 15 1049 1071 1053
1597 2 2 13 15 1049 1075 1071
1598 2 2 13 15 1050 1052 1051
1599 2 2 13 15 1052 1065 1051
1600 2 2 13 15 1065 1067 1051
1601 2 2 13 15 1067 1080 1051
1602 2 2 13 15 1053 1070 1052
1603 2 2 13 15 1052 1070 1065
1604 2 2 13 15 1053 1071 1070
1605 2 2 13 15 1054 1072 1069
1606 2 2 13 15 1070 1071 1055
1607 2 2 13 15 1076 1079 1057
1608 2 2 13 15 1063 1067 1058
1609 2 2 13 15 1058 1067 1065
1610 2 2 13 15 1059 1068 1064
1611 2 2 13 15 1066 1068 1059
1612 2 2 13 16 20 207 1433
1613 2 2 13 16 234 20 1433
1614 2 2 13 16 233 22 1434
1615 2 2 13 16 22 294 1434
1616 2 2 13 16 23 245 1432
1617 2 2 13 16 309 23 1432
1618 2 2 13 16 305 26 1435
1619 2 2 13 16 26 335 1435
1620 2 2 13 16 27 336 1389
1621 2 2 13 16 347 27 1462
1622 2 2 13 16 1115 27 1389
1623 2 2 13 16 27 1115 1462
1624 2 2 13 16 207 208 1379
1625 2 2 13 16 207 1379 1433
1626 2 2 13 16 208 209 1101
1627 2 2 13 16 208 1101 1379
1628 2 2 13 16 209 210 1283
1629 2 2 13 16 1101 209 1283
1630 2 2 13 16 210 211 1106
1631 2 2 13 16 210 1106 1283
1632 2 2 13 16 211 212 1422
1633 2 2 13 16 1106 211 1422
1634 2 2 13 16 212 213 1104
1635 2 2 13 16 212 1104 1422
1636 2 2 13 16 213 214 1289
1637 2 2 13 16 1104 213 1289
1638 2 2 13 16 214 215 1097
1639 2 2 13 16 214 1097 1289
1640 2 2 13 16 215 216 1292
1641 2 2 13 16 1097 215 1292
1642 2 2 13 16 216 217 1093
1643 2 2 13 16 216 1093 1292
1644 2 2 13 16 217 218 1302
1645 2 2 13 16 1093 217 1302
1646 2 2 13 16 218 219 1312
1647 2 2 13 16 1302 218 1312
1648 2 2 13 16 219 220 1084
1649 2 2 13 16 219 1084 1312
1650 2 2 13 16 220 221 1329
1651 2 2 13 16 1084 220 1329
1652 2 2 13 16 221 222 1099
1653 2 2 13 16 221 1099 1329
1654 2 2 13 16 222 223 1338
1655 2 2 13 16 1099 222 1338
1656 2 2 13 16 223 224 1087
1657 2 2 13 16 223 1087 1338
1658 2 2 13 16 224 225 1337
1659 2 2 13 16 1087 224 1337
1660 2 2 13 16 225 226 1336
1661 2 2 13 16 225 1336 1337
1662 2 2 13 16 226 227 1083
1663 2 2 13 16 226 1083 1336
1664 2 2 13 16 227 228 1384
1665 2 2 13 16 1083 227 1384
1666 2 2 13 16 228 229 1319
1667 2 2 13 16 228 1319 1384
1668 2 2 13 16 229 230 1090
1669 2 2 13 16 229 1090 1319
1670 2 2 13 16 230 231 1310
1671 2 2 13 16 1090 230 1310
1672 2 2 13 16 231 232 1110
1673 2 2 13 16 231 1110 1310
1674 2 2 13 16 232 233 1380
1675 2 2 13 16 1110 232 1380
1676 2 2 13 16 1380 233 1434
1677 2 2 13 16 235 234 1233
1678 2 2 13 16 1233 234 1433
1679 2 2 13 16 236 235 1405
1680 2 2 13 16 235 1233 1405
1681 2 2 13 16 237 236 1107
1682 2 2 13 16 1107 236 1405
1683 2 2 13 16 238 237 1323
1684 2 2 13 16 237 1107 1323
1685 2 2 13 16 239 238 1182
1686 2 2 13 16 1182 238 1323
1687 2 2 13 16 240 239 1321
1688 2 2 13 16 239 1182 1321
1689 2 2 13 16 241 240 1244
1690 2 2 13 16 1244 240 1321
1691 2 2 13 16 242 241 1371
1692 2 2 13 16 241 1244 1371
1693 2 2 13 16 243 242 1282
1694 2 2 13 16 1282 242 1371
1695 2 2 13 16 244 243 1113
1696 2 2 13 16 1113 243 1282
1697 2 2 13 16 245 244 1461
1698 2 2 13 16 244 1113 1461
1699 2 2 13 16 1432 245 1461
1700 2 2 13 16 294 295 1234
1701 2 2 13 16 294 1234 1434
1702 2 2 13 16 295 296 1352
1703 2 2 13 16 1234 295 1352
1704 2 2 13 16 296 297 1095
1705 2 2 13 16 296 1095 1352
1706 2 2 13 16 297 298 1354
1707 2 2 13 16 1095 297 1354
1708 2 2 13 16 298 299 1385
1709 2 2 13 16 1354 298 1385
1710 2 2 13 16 299 300 1082
1711 2 2 13 16 299 1082 1385
1712 2 2 13 16 300 301 1446
1713 2 2 13 16 1082 300 1446
1714 2 2 13 16 301 302 1393
1715 2 2 13 16 1301 301 1393
1716 2 2 13 16 301 1301 1446
1717 2 2 13 16 302 303 1094
1718 2 2 13 16 302 1094 1393
1719 2 2 13 16 303 304 1426
1720 2 2 13 16 1094 303 1426
1721 2 2 13 16 304 305 1235
1722 2 2 13 16 304 1235 1426
1723 2 2 13 16 1235 305 1435
1724 2 2 13 16 310 309 1399
1725 2 2 13 16 1399 309 1432
1726 2 2 13 16 311 310 1100
1727 2 2 13 16 1100 310 1399
1728 2 2 13 16 312 311 1391
1729 2 2 13 16 311 1100 1391
1730 2 2 13 16 313 312 1105
1731 2 2 13 16 1105 312 1391
1732 2 2 13 16 314 313 1288
1733 2 2 13 16 313 1105 1288
1734 2 2 13 16 315 314 1108
1735 2 2 13 16 1108 314 1288
1736 2 2 13 16 316 315 1298
1737 2 2 13 16 315 1108 1298
1738 2 2 13 16 317 316 1102
1739 2 2 13 16 1102 316 1298
1740 2 2 13 16 318 317 1304
1741 2 2 13 16 317 1102 1304
1742 2 2 13 16 319 318 1092
1743 2 2 13 16 1092 318 1304
1744 2 2 13 16 320 319 1307
1745 2 2 13 16 319 1092 1307
1746 2 2 13 16 321 320 1308
1747 2 2 13 16 320 1307 1308
1748 2 2 13 16 322 321 1088
1749 2 2 13 16 1088 321 1308
1750 2 2 13 16 323 322 1369
1751 2 2 13 16 322 1088 1369
1752 2 2 13 16 324 323 1339
1753 2 2 13 16 1339 323 1369
1754 2 2 13 16 325 324 1085
1755 2 2 13 16 1085 324 1339
1756 2 2 13 16 326 325 1334
1757 2 2 13 16 325 1085 1334
1758 2 2 13 16 327 326 1098
1759 2 2 13 16 1098 326 1334
1760 2 2 13 16 328 327 1375
1761 2 2 13 16 327 1098 1375
1762 2 2 13 16 329 328 1086
1763 2 2 13 16 1086 328 1375
1764 2 2 13 16 330 329 1453
1765 2 2 13 16 329 1086 1453
1766 2 2 13 16 331 330 1370
1767 2 2 13 16 1370 330 1453
1768 2 2 13 16 332 331 1091
1769 2 2 13 16 1091 331 1370
1770 2 2 13 16 333 332 1277
1771 2 2 13 16 332 1091 1277
1772 2 2 13 16 334 333 1109
1773 2 2 13 16 1109 333 1277
1774 2 2 13 16 335 334 1381
1775 2 2 13 16 334 1109 1381
1776 2 2 13 16 335 1381 1435
1777 2 2 13 16 336 337 1096
1778 2 2 13 16 336 1096 1389
1779 2 2 13 16 337 338 1116
1780 2 2 13 16 1096 337 1116
1781 2 2 13 16 338 339 1089
1782 2 2 13 16 338 1089 1464
1783 2 2 13 16 1116 338 1464
1784 2 2 13 16 339 340 1121
1785 2 2 13 16 1089 339 1121
1786 2 2 13 16 340 341 1112
1787 2 2 13 16 340 1112 1386
1788 2 2 13 16 1121 340 1386
1789 2 2 13 16 341 342 1440
1790 2 2 13 16 1112 341 1178
1791 2 2 13 16 1178 341 1440
1792 2 2 13 16 342 343 1111
1793 2 2 13 16 342 1111 1440
1794 2 2 13 16 343 344 1184
1795 2 2 13 16 1111 343 1459
1796 2 2 13 16 343 1184 1459
1797 2 2 13 16 344 345 1388
1798 2 2 13 16 1184 344 1388
1799 2 2 13 16 345 346 1180
1800 2 2 13 16 345 1180 1243
1801 2 2 13 16 345 1243 1388
1802 2 2 13 16 346 347 1103
1803 2 2 13 16 346 1103 1458
1804 2 2 13 16 1180 346 1458
1805 2 2 13 16 1103 347 1114
1806 2 2 13 16 1114 347 1462
1807 2 2 13 16 1082 1297 1385
1808 2 2 13 16 1297 1082 1412
1809 2 2 13 16 1412 1082 1446
1810 2 2 13 16 1336 1083 1447
1811 2 2 13 16 1083 1384 1414
1812 2 2 13 16 1083 1414 1447
1813 2 2 13 16 1312 1084 1313
1814 2 2 13 16 1313 1084 1314
1815 2 2 13 16 1314 1084 1329
1816 2 2 13 16 1334 1085 1335
1817 2 2 13 16 1335 1085 1362
1818 2 2 13 16 1085 1339 1362
1819 2 2 13 16 1268 1086 1411
1820 2 2 13 16 1086 1268 1453
1821 2 2 13 16 1271 1086 1375
1822 2 2 13 16 1086 1271 1411
1823 2 2 13 16 1087 1337 1395
1824 2 2 13 16 1338 1087 1436
1825 2 2 13 16 1087 1395 1436
1826 2 2 13 16 1088 1308 1309
1827 2 2 13 16 1088 1309 1428
1828 2 2 13 16 1369 1088 1428
1829 2 2 13 16 1117 1089 1457
1830 2 2 13 16 1089 1117 1464
1831 2 2 13 16 1089 1121 1122
1832 2 2 13 16 1089 1122 1457
1833 2 2 13 16 1090 1310 1311
1834 2 2 13 16 1090 1311 1463
1835 2 2 13 16 1319 1090 1463
1836 2 2 13 16 1277 1091 1278
1837 2 2 13 16 1278 1091 1404
1838 2 2 13 16 1091 1370 1404
1839 2 2 13 16 1092 1304 1305
1840 2 2 13 16 1092 1305 1306
1841 2 2 13 16 1092 1306 1307
1842 2 2 13 16 1292 1093 1293
1843 2 2 13 16 1293 1093 1294
1844 2 2 13 16 1294 1093 1302
1845 2 2 13 16 1094 1279 1394
1846 2 2 13 16 1279 1094 1426
1847 2 2 13 16 1393 1094 1394
1848 2 2 13 16 1352 1095 1403
1849 2 2 13 16 1095 1354 1439
1850 2 2 13 16 1403 1095 1439
1851 2 2 13 16 1096 1116 1118
1852 2 2 13 16 1096 1118 1119
1853 2 2 13 16 1096 1119 1239
1854 2 2 13 16 1096 1239 1389
1855 2 2 13 16 1289 1097 1290
1856 2 2 13 16 1290 1097 1291
1857 2 2 13 16 1291 1097 1292
1858 2 2 13 16 1098 1334 1429
1859 2 2 13 16 1375 1098 1449
1860 2 2 13 16 1098 1429 1449
1861 2 2 13 16 1329 1099 1346
1862 2 2 13 16 1099 1338 1421
1863 2 2 13 16 1346 1099 1421
1864 2 2 13 16 1100 1267 1391
1865 2 2 13 16 1267 1100 1417
1866 2 2 13 16 1100 1399 1417
1867 2 2 13 16 1101 1283 1284
1868 2 2 13 16 1101 1284 1285
1869 2 2 13 16 1101 1285 1379
1870 2 2 13 16 1102 1298 1299
1871 2 2 13 16 1102 1299 1377
1872 2 2 13 16 1304 1102 1377
1873 2 2 13 16 1103 1114 1181
1874 2 2 13 16 1103 1181 1455
1875 2 2 13 16 1103 1455 1458
1876 2 2 13 16 1275 1104 1406
1877 2 2 13 16 1104 1275 1422
1878 2 2 13 16 1104 1289 1295
1879 2 2 13 16 1104 1295 1406
1880 2 2 13 16 1288 1105 1430
1881 2 2 13 16 1105 1391 1445
1882 2 2 13 16 1430 1105 1445
1883 2 2 13 16 1273 1106 1275
1884 2 2 13 16 1106 1273 1407
1885 2 2 13 16 1275 1106 1422
1886 2 2 13 16 1283 1106 1407
1887 2 2 13 16 1287 1107 1405
1888 2 2 13 16 1107 1287 1425
1889 2 2 13 16 1323 1107 1325
1890 2 2 13 16 1325 1107 1425
1891 2 2 13 16 1108 1288 1396
1892 2 2 13 16 1298 1108 1387
1893 2 2 13 16 1387 1108 1396
1894 2 2 13 16 1109 1258 1276
1895 2 2 13 16 1258 1109 1277
1896 2 2 13 16 1109 1276 1381
1897 2 2 13 16 1310 1110 1448
1898 2 2 13 16 1110 1353 1378
1899 2 2 13 16 1353 1110 1380
1900 2 2 13 16 1110 1378 1448
1901 2 2 13 16 1111 1201 1418
1902 2 2 13 16 1201 1111 1459
1903 2 2 13 16 1111 1418 1450
1904 2 2 13 16 1440 1111 1450
1905 2 2 13 16 1112 1178 1202
1906 2 2 13 16 1112 1202 1431
1907 2 2 13 16 1386 1112 1431
1908 2 2 13 16 1113 1253 1280
1909 2 2 13 16 1253 1113 1282
1910 2 2 13 16 1113 1280 1281
1911 2 2 13 16 1113 1281 1461
1912 2 2 13 16 1181 1114 1219
1913 2 2 13 16 1219 1114 1460
1914 2 2 13 16 1460 1114 1462
1915 2 2 13 16 1252 1115 1443
1916 2 2 13 16 1115 1252 1460
1917 2 2 13 16 1115 1389 1443
1918 2 2 13 16 1115 1460 1462
1919 2 2 13 16 1116 1117 1398
1920 2 2 13 16 1117 1116 1464
1921 2 2 13 16 1118 1116 1398
1922 2 2 13 16 1340 1117 1341
1923 2 2 13 16 1117 1340 1398
1924 2 2 13 16 1341 1117 1342
1925 2 2 13 16 1342 1117 1457
1926 2 2 13 16 1119 1118 1120
1927 2 2 13 16 1120 1118 1188
1928 2 2 13 16 1188 1118 1398
1929 2 2 13 16 1119 1120 1382
1930 2 2 13 16 1239 1119 1240
1931 2 2 13 16 1240 1119 1382
1932 2 2 13 16 1120 1188 1189
1933 2 2 13 16 1120 1189 1230
1934 2 2 13 16 1120 1230 1382
1935 2 2 13 16 1122 1121 1123
1936 2 2 13 16 1123 1121 1386
1937 2 2 13 16 1122 1123 1124
1938 2 2 13 16 1122 1124 1424
1939 2 2 13 16 1122 1424 1457
1940 2 2 13 16 1124 1123 1125
1941 2 2 13 16 1125 1123 1185
1942 2 2 13 16 1185 1123 1386
1943 2 2 13 16 1124 1125 1126
1944 2 2 13 16 1124 1126 1127
1945 2 2 13 16 1124 1127 1424
1946 2 2 13 16 1126 1125 1210
1947 2 2 13 16 1125 1185 1392
1948 2 2 13 16 1210 1125 1392
1949 2 2 13 16 1127 1126 1128
1950 2 2 13 16 1128 1126 1358
1951 2 2 13 16 1126 1210 1358
1952 2 2 13 16 1127 1128 1129
1953 2 2 13 16 1127 1129 1328
1954 2 2 13 16 1127 1328 1424
1955 2 2 13 16 1129 1128 1130
1956 2 2 13 16 1130 1128 1172
1957 2 2 13 16 1172 1128 1358
1958 2 2 13 16 1129 1130 1131
1959 2 2 13 16 1129 1131 1167
1960 2 2 13 16 1129 1167 1328
1961 2 2 13 16 1131 1130 1132
1962 2 2 13 16 1132 1130 1427
1963 2 2 13 16 1130 1172 1427
1964 2 2 13 16 1131 1132 1133
1965 2 2 13 16 1131 1133 1332
1966 2 2 13 16 1167 1131 1332
1967 2 2 13 16 1133 1132 1134
1968 2 2 13 16 1134 1132 1442
1969 2 2 13 16 1318 1132 1427
1970 2 2 13 16 1132 1318 1442
1971 2 2 13 16 1133 1134 1135
1972 2 2 13 16 1133 1135 1145
1973 2 2 13 16 1133 1145 1332
1974 2 2 13 16 1135 1134 1136
1975 2 2 13 16 1136 1134 1168
1976 2 2 13 16 1168 1134 1442
1977 2 2 13 16 1135 1136 1137
1978 2 2 13 16 1135 1137 1345
1979 2 2 13 16 1145 1135 1345
1980 2 2 13 16 1137 1136 1138
1981 2 2 13 16 1138 1136 1349
1982 2 2 13 16 1136 1168 1349
1983 2 2 13 16 1137 1138 1139
1984 2 2 13 16 1137 1139 1402
1985 2 2 13 16 1345 1137 1402
1986 2 2 13 16 1139 1138 1140
1987 2 2 13 16 1140 1138 1160
1988 2 2 13 16 1160 1138 1349
1989 2 2 13 16 1139 1140 1141
1990 2 2 13 16 1139 1141 1155
1991 2 2 13 16 1139 1155 1402
1992 2 2 13 16 1141 1140 1142
1993 2 2 13 16 1142 1140 1343
1994 2 2 13 16 1140 1160 1343
1995 2 2 13 16 1141 1142 1143
1996 2 2 13 16 1141 1143 1397
1997 2 2 13 16 1155 1141 1397
1998 2 2 13 16 1143 1142 1144
1999 2 2 13 16 1144 1142 1158
2000 2 2 13 16 1158 1142 1343
2001 2 2 13 16 1143 1144 1146
2002 2 2 13 16 1143 1146 1159
2003 2 2 13 16 1143 1159 1397
2004 2 2 13 16 1146 1144 1147
2005 2 2 13 16 1147 1144 1361
2006 2 2 13 16 1144 1158 1361
2007 2 2 13 16 1332 1145 1465
2008 2 2 13 16 1344 1145 1345
2009 2 2 13 16 1145 1344 1465
2010 2 2 13 16 1146 1147 1148
2011 2 2 13 16 1146 1148 1350
2012 2 2 13 16 1159 1146 1350
2013 2 2 13 16 1148 1147 1149
2014 2 2 13 16 1149 1147 1359
2015 2 2 13 16 1359 1147 1361
2016 2 2 13 16 1148 1149 1150
2017 2 2 13 16 1148 1150 1165
2018 2 2 13 16 1148 1165 1350
2019 2 2 13 16 1150 1149 1151
2020 2 2 13 16 1151 1149 1152
2021 2 2 13 16 1152 1149 1359
2022 2 2 13 16 1150 1151 1322
2023 2 2 13 16 1165 1150 1166
2024 2 2 13 16 1166 1150 1322
2025 2 2 13 16 1151 1152 1153
2026 2 2 13 16 1151 1153 1154
2027 2 2 13 16 1151 1154 1322
2028 2 2 13 16 1153 1152 1156
2029 2 2 13 16 1156 1152 1355
2030 2 2 13 16 1355 1152 1359
2031 2 2 13 16 1154 1153 1326
2032 2 2 13 16 1153 1156 1157
2033 2 2 13 16 1153 1157 1326
2034 2 2 13 16 1322 1154 1356
2035 2 2 13 16 1154 1326 1360
2036 2 2 13 16 1356 1154 1360
2037 2 2 13 16 1155 1272 1330
2038 2 2 13 16 1272 1155 1397
2039 2 2 13 16 1155 1330 1331
2040 2 2 13 16 1155 1331 1402
2041 2 2 13 16 1157 1156 1161
2042 2 2 13 16 1161 1156 1164
2043 2 2 13 16 1164 1156 1355
2044 2 2 13 16 1157 1161 1162
2045 2 2 13 16 1157 1162 1163
2046 2 2 13 16 1157 1163 1326
2047 2 2 13 16 1158 1343 1367
2048 2 2 13 16 1361 1158 1363
2049 2 2 13 16 1363 1158 1367
2050 2 2 13 16 1159 1272 1397
2051 2 2 13 16 1272 1159 1454
2052 2 2 13 16 1159 1350 1390
2053 2 2 13 16 1159 1390 1454
2054 2 2 13 16 1343 1160 1365
2055 2 2 13 16 1160 1349 1364
2056 2 2 13 16 1160 1364 1365
2057 2 2 13 16 1162 1161 1320
2058 2 2 13 16 1161 1164 1171
2059 2 2 13 16 1161 1171 1320
2060 2 2 13 16 1163 1162 1169
2061 2 2 13 16 1169 1162 1170
2062 2 2 13 16 1170 1162 1320
2063 2 2 13 16 1163 1169 1173
2064 2 2 13 16 1163 1173 1203
2065 2 2 13 16 1163 1203 1326
2066 2 2 13 16 1171 1164 1174
2067 2 2 13 16 1174 1164 1177
2068 2 2 13 16 1177 1164 1355
2069 2 2 13 16 1165 1166 1175
2070 2 2 13 16 1165 1175 1212
2071 2 2 13 16 1165 1212 1350
2072 2 2 13 16 1175 1166 1176
2073 2 2 13 16 1176 1166 1208
2074 2 2 13 16 1208 1166 1322
2075 2 2 13 16 1328 1167 1419
2076 2 2 13 16 1167 1332 1333
2077 2 2 13 16 1167 1333 1419
2078 2 2 13 16 1349 1168 1368
2079 2 2 13 16 1368 1168 1400
2080 2 2 13 16 1400 1168 1442
2081 2 2 13 16 1169 1170 1186
2082 2 2 13 16 1173 1169 1296
2083 2 2 13 16 1169 1186 1296
2084 2 2 13 16 1186 1170 1187
2085 2 2 13 16 1187 1170 1357
2086 2 2 13 16 1170 1320 1357
2087 2 2 13 16 1171 1174 1183
2088 2 2 13 16 1171 1183 1211
2089 2 2 13 16 1171 1211 1320
2090 2 2 13 16 1317 1172 1409
2091 2 2 13 16 1172 1317 1427
2092 2 2 13 16 1172 1358 1409
2093 2 2 13 16 1203 1173 1204
2094 2 2 13 16 1204 1173 1250
2095 2 2 13 16 1250 1173 1296
2096 2 2 13 16 1174 1177 1179
2097 2 2 13 16 1174 1179 1351
2098 2 2 13 16 1183 1174 1351
2099 2 2 13 16 1175 1176 1348
2100 2 2 13 16 1212 1175 1213
2101 2 2 13 16 1213 1175 1348
2102 2 2 13 16 1176 1208 1209
2103 2 2 13 16 1176 1209 1245
2104 2 2 13 16 1176 1245 1348
2105 2 2 13 16 1179 1177 1215
2106 2 2 13 16 1215 1177 1238
2107 2 2 13 16 1238 1177 1355
2108 2 2 13 16 1202 1178 1232
2109 2 2 13 16 1232 1178 1263
2110 2 2 13 16 1263 1178 1440
2111 2 2 13 16 1179 1215 1216
2112 2 2 13 16 1179 1216 1347
2113 2 2 13 16 1179 1347 1351
2114 2 2 13 16 1180 1217 1408
2115 2 2 13 16 1217 1180 1458
2116 2 2 13 16 1243 1180 1423
2117 2 2 13 16 1180 1408 1423
2118 2 2 13 16 1181 1219 1249
2119 2 2 13 16 1181 1249 1253
2120 2 2 13 16 1181 1253 1455
2121 2 2 13 16 1321 1182 1410
2122 2 2 13 16 1182 1323 1324
2123 2 2 13 16 1182 1324 1410
2124 2 2 13 16 1211 1183 1264
2125 2 2 13 16 1264 1183 1265
2126 2 2 13 16 1265 1183 1351
2127 2 2 13 16 1324 1184 1388
2128 2 2 13 16 1184 1324 1456
2129 2 2 13 16 1184 1456 1459
2130 2 2 13 16 1185 1386 1431
2131 2 2 13 16 1392 1185 1401
2132 2 2 13 16 1401 1185 1431
2133 2 2 13 16 1186 1187 1259
2134 2 2 13 16 1186 1259 1260
2135 2 2 13 16 1186 1260 1296
2136 2 2 13 16 1259 1187 1261
2137 2 2 13 16 1261 1187 1262
2138 2 2 13 16 1262 1187 1357
2139 2 2 13 16 1189 1188 1190
2140 2 2 13 16 1190 1188 1340
2141 2 2 13 16 1340 1188 1398
2142 2 2 13 16 1189 1190 1191
2143 2 2 13 16 1189 1191 1376
2144 2 2 13 16 1230 1189 1376
2145 2 2 13 16 1191 1190 1192
2146 2 2 13 16 1192 1190 1231
2147 2 2 13 16 1231 1190 1340
2148 2 2 13 16 1191 1192 1193
2149 2 2 13 16 1191 1193 1374
2150 2 2 13 16 1191 1374 1376
2151 2 2 13 16 1193 1192 1194
2152 2 2 13 16 1194 1192 1413
2153 2 2 13 16 1192 1231 1413
2154 2 2 13 16 1193 1194 1195
2155 2 2 13 16 1193 1195 1196
2156 2 2 13 16 1193 1196 1374
2157 2 2 13 16 1195 1194 1197
2158 2 2 13 16 1197 1194 1266
2159 2 2 13 16 1266 1194 1413
2160 2 2 13 16 1196 1195 1372
2161 2 2 13 16 1195 1197 1198
2162 2 2 13 16 1195 1198 1372
2163 2 2 13 16 1309 1196 1372
2164 2 2 13 16 1196 1309 1373
2165 2 2 13 16 1196 1373 1374
2166 2 2 13 16 1198 1197 1199
2167 2 2 13 16 1199 1197 1344
2168 2 2 13 16 1197 1266 1344
2169 2 2 13 16 1198 1199 1200
2170 2 2 13 16 1198 1200 1222
2171 2 2 13 16 1198 1222 1372
2172 2 2 13 16 1200 1199 1416
2173 2 2 13 16 1199 1344 1415
2174 2 2 13 16 1199 1415 1416
2175 2 2 13 16 1222 1200 1223
2176 2 2 13 16 1223 1200 1224
2177 2 2 13 16 1224 1200 1416
2178 2 2 13 16 1201 1286 1418
2179 2 2 13 16 1286 1201 1425
2180 2 2 13 16 1201 1325 1425
2181 2 2 13 16 1325 1201 1456
2182 2 2 13 16 1456 1201 1459
2183 2 2 13 16 1202 1232 1406
2184 2 2 13 16 1202 1295 1401
2185 2 2 13 16 1295 1202 1406
2186 2 2 13 16 1202 1401 1431
2187 2 2 13 16 1203 1204 1205
2188 2 2 13 16 1203 1205 1360
2189 2 2 13 16 1326 1203 1360
2190 2 2 13 16 1205 1204 1206
2191 2 2 13 16 1206 1204 1300
2192 2 2 13 16 1204 1250 1300
2193 2 2 13 16 1205 1206 1207
2194 2 2 13 16 1205 1207 1237
2195 2 2 13 16 1205 1237 1360
2196 2 2 13 16 1207 1206 1227
2197 2 2 13 16 1227 1206 1242
2198 2 2 13 16 1242 1206 1300
2199 2 2 13 16 1207 1227 1228
2200 2 2 13 16 1207 1228 1366
2201 2 2 13 16 1237 1207 1366
2202 2 2 13 16 1209 1208 1327
2203 2 2 13 16 1208 1322 1356
2204 2 2 13 16 1327 1208 1356
2205 2 2 13 16 1245 1209 1247
2206 2 2 13 16 1247 1209 1248
2207 2 2 13 16 1248 1209 1327
2208 2 2 13 16 1210 1291 1293
2209 2 2 13 16 1291 1210 1392
2210 2 2 13 16 1210 1293 1444
2211 2 2 13 16 1358 1210 1444
2212 2 2 13 16 1211 1264 1420
2213 2 2 13 16 1320 1211 1357
2214 2 2 13 16 1357 1211 1420
2215 2 2 13 16 1212 1213 1214
2216 2 2 13 16 1212 1214 1390
2217 2 2 13 16 1350 1212 1390
2218 2 2 13 16 1214 1213 1270
2219 2 2 13 16 1270 1213 1271
2220 2 2 13 16 1271 1213 1348
2221 2 2 13 16 1214 1270 1383
2222 2 2 13 16 1214 1383 1452
2223 2 2 13 16 1390 1214 1452
2224 2 2 13 16 1216 1215 1218
2225 2 2 13 16 1218 1215 1363
2226 2 2 13 16 1215 1238 1363
2227 2 2 13 16 1216 1218 1220
2228 2 2 13 16 1216 1220 1236
2229 2 2 13 16 1216 1236 1347
2230 2 2 13 16 1408 1217 1437
2231 2 2 13 16 1437 1217 1455
2232 2 2 13 16 1455 1217 1458
2233 2 2 13 16 1220 1218 1221
2234 2 2 13 16 1221 1218 1367
2235 2 2 13 16 1218 1363 1367
2236 2 2 13 16 1249 1219 1267
2237 2 2 13 16 1219 1252 1445
2238 2 2 13 16 1252 1219 1460
2239 2 2 13 16 1267 1219 1445
2240 2 2 13 16 1220 1221 1254
2241 2 2 13 16 1236 1220 1395
2242 2 2 13 16 1220 1254 1395
2243 2 2 13 16 1254 1221 1255
2244 2 2 13 16 1255 1221 1365
2245 2 2 13 16 1365 1221 1367
2246 2 2 13 16 1222 1223 1251
2247 2 2 13 16 1222 1251 1428
2248 2 2 13 16 1372 1222 1428
2249 2 2 13 16 1223 1224 1225
2250 2 2 13 16 1223 1225 1438
2251 2 2 13 16 1251 1223 1438
2252 2 2 13 16 1225 1224 1226
2253 2 2 13 16 1226 1224 1330
2254 2 2 13 16 1330 1224 1416
2255 2 2 13 16 1225 1226 1246
2256 2 2 13 16 1225 1246 1335
2257 2 2 13 16 1225 1335 1362
2258 2 2 13 16 1225 1362 1438
2259 2 2 13 16 1246 1226 1269
2260 2 2 13 16 1269 1226 1272
2261 2 2 13 16 1272 1226 1330
2262 2 2 13 16 1228 1227 1229
2263 2 2 13 16 1229 1227 1394
2264 2 2 13 16 1227 1242 1394
2265 2 2 13 16 1228 1229 1258
2266 2 2 13 16 1228 1258 1451
2267 2 2 13 16 1366 1228 1451
2268 2 2 13 16 1258 1229 1276
2269 2 2 13 16 1276 1229 1279
2270 2 2 13 16 1279 1229 1394
2271 2 2 13 16 1305 1230 1376
2272 2 2 13 16 1230 1305 1377
2273 2 2 13 16 1230 1377 1382
2274 2 2 13 16 1231 1333 1413
2275 2 2 13 16 1333 1231 1419
2276 2 2 13 16 1231 1340 1341
2277 2 2 13 16 1231 1341 1419
2278 2 2 13 16 1232 1263 1273
2279 2 2 13 16 1232 1273 1275
2280 2 2 13 16 1232 1275 1406
2281 2 2 13 16 1233 1285 1287
2282 2 2 13 16 1285 1233 1379
2283 2 2 13 16 1233 1287 1405
2284 2 2 13 16 1379 1233 1433
2285 2 2 13 16 1234 1352 1353
2286 2 2 13 16 1234 1353 1380
2287 2 2 13 16 1234 1380 1434
2288 2 2 13 16 1235 1276 1279
2289 2 2 13 16 1276 1235 1381
2290 2 2 13 16 1235 1279 1426
2291 2 2 13 16 1381 1235 1435
2292 2 2 13 16 1336 1236 1337
2293 2 2 13 16 1236 1336 1447
2294 2 2 13 16 1337 1236 1395
2295 2 2 13 16 1347 1236 1447
2296 2 2 13 16 1237 1327 1356
2297 2 2 13 16 1327 1237 1366
2298 2 2 13 16 1237 1356 1360
2299 2 2 13 16 1238 1355 1359
2300 2 2 13 16 1238 1359 1361
2301 2 2 13 16 1238 1361 1363
2302 2 2 13 16 1239 1240 1241
2303 2 2 13 16 1239 1241 1443
2304 2 2 13 16 1389 1239 1443
2305 2 2 13 16 1241 1240 1387
2306 2 2 13 16 1299 1240 1382
2307 2 2 13 16 1240 1299 1387
2308 2 2 13 16 1241 1387 1396
2309 2 2 13 16 1241 1396 1441
2310 2 2 13 16 1241 1441 1443
2311 2 2 13 16 1242 1300 1301
2312 2 2 13 16 1242 1301 1393
2313 2 2 13 16 1242 1393 1394
2314 2 2 13 16 1388 1243 1410
2315 2 2 13 16 1410 1243 1423
2316 2 2 13 16 1244 1321 1423
2317 2 2 13 16 1371 1244 1408
2318 2 2 13 16 1408 1244 1423
2319 2 2 13 16 1245 1247 1268
2320 2 2 13 16 1245 1268 1411
2321 2 2 13 16 1348 1245 1411
2322 2 2 13 16 1246 1269 1452
2323 2 2 13 16 1335 1246 1383
2324 2 2 13 16 1383 1246 1452
2325 2 2 13 16 1247 1248 1404
2326 2 2 13 16 1268 1247 1370
2327 2 2 13 16 1370 1247 1404
2328 2 2 13 16 1248 1278 1404
2329 2 2 13 16 1278 1248 1451
2330 2 2 13 16 1248 1327 1366
2331 2 2 13 16 1248 1366 1451
2332 2 2 13 16 1253 1249 1280
2333 2 2 13 16 1249 1267 1417
2334 2 2 13 16 1280 1249 1417
2335 2 2 13 16 1250 1296 1297
2336 2 2 13 16 1250 1297 1412
2337 2 2 13 16 1300 1250 1412
2338 2 2 13 16 1251 1339 1369
2339 2 2 13 16 1339 1251 1438
2340 2 2 13 16 1251 1369 1428
2341 2 2 13 16 1430 1252 1441
2342 2 2 13 16 1252 1430 1445
2343 2 2 13 16 1441 1252 1443
2344 2 2 13 16 1253 1282 1437
2345 2 2 13 16 1253 1437 1455
2346 2 2 13 16 1254 1255 1256
2347 2 2 13 16 1254 1256 1436
2348 2 2 13 16 1395 1254 1436
2349 2 2 13 16 1256 1255 1257
2350 2 2 13 16 1257 1255 1364
2351 2 2 13 16 1364 1255 1365
2352 2 2 13 16 1256 1257 1421
2353 2 2 13 16 1338 1256 1421
2354 2 2 13 16 1256 1338 1436
2355 2 2 13 16 1257 1316 1346
2356 2 2 13 16 1316 1257 1368
2357 2 2 13 16 1257 1346 1421
2358 2 2 13 16 1257 1364 1368
2359 2 2 13 16 1258 1277 1278
2360 2 2 13 16 1258 1278 1451
2361 2 2 13 16 1260 1259 1439
2362 2 2 13 16 1259 1261 1403
2363 2 2 13 16 1259 1403 1439
2364 2 2 13 16 1296 1260 1297
2365 2 2 13 16 1297 1260 1385
2366 2 2 13 16 1260 1354 1385
2367 2 2 13 16 1354 1260 1439
2368 2 2 13 16 1261 1262 1378
2369 2 2 13 16 1353 1261 1378
2370 2 2 13 16 1261 1353 1403
2371 2 2 13 16 1311 1262 1420
2372 2 2 13 16 1262 1311 1448
2373 2 2 13 16 1262 1357 1420
2374 2 2 13 16 1378 1262 1448
2375 2 2 13 16 1273 1263 1274
2376 2 2 13 16 1274 1263 1450
2377 2 2 13 16 1263 1440 1450
2378 2 2 13 16 1264 1265 1319
2379 2 2 13 16 1264 1319 1463
2380 2 2 13 16 1420 1264 1463
2381 2 2 13 16 1319 1265 1384
2382 2 2 13 16 1265 1351 1414
2383 2 2 13 16 1384 1265 1414
2384 2 2 13 16 1333 1266 1413
2385 2 2 13 16 1266 1333 1465
2386 2 2 13 16 1344 1266 1465
2387 2 2 13 16 1391 1267 1445
2388 2 2 13 16 1268 1370 1453
2389 2 2 13 16 1269 1272 1454
2390 2 2 13 16 1269 1390 1452
2391 2 2 13 16 1390 1269 1454
2392 2 2 13 16 1270 1271 1449
2393 2 2 13 16 1383 1270 1429
2394 2 2 13 16 1429 1270 1449
2395 2 2 13 16 1271 1348 1411
2396 2 2 13 16 1271 1375 1449
2397 2 2 13 16 1273 1274 1407
2398 2 2 13 16 1274 1284 1407
2399 2 2 13 16 1284 1274 1418
2400 2 2 13 16 1418 1274 1450
2401 2 2 13 16 1281 1280 1417
2402 2 2 13 16 1399 1281 1417
2403 2 2 13 16 1281 1399 1432
2404 2 2 13 16 1281 1432 1461
2405 2 2 13 16 1282 1371 1437
2406 2 2 13 16 1284 1283 1407
2407 2 2 13 16 1285 1284 1286
2408 2 2 13 16 1286 1284 1418
2409 2 2 13 16 1285 1286 1287
2410 2 2 13 16 1287 1286 1425
2411 2 2 13 16 1396 1288 1430
2412 2 2 13 16 1289 1290 1295
2413 2 2 13 16 1290 1291 1392
2414 2 2 13 16 1295 1290 1401
2415 2 2 13 16 1290 1392 1401
2416 2 2 13 16 1291 1292 1293
2417 2 2 13 16 1293 1294 1444
2418 2 2 13 16 1294 1302 1303
2419 2 2 13 16 1294 1303 1409
2420 2 2 13 16 1294 1409 1444
2421 2 2 13 16 1299 1298 1387
2422 2 2 13 16 1377 1299 1382
2423 2 2 13 16 1301 1300 1412
2424 2 2 13 16 1301 1412 1446
2425 2 2 13 16 1303 1302 1312
2426 2 2 13 16 1303 1312 1313
2427 2 2 13 16 1303 1313 1317
2428 2 2 13 16 1303 1317 1409
2429 2 2 13 16 1305 1304 1377
2430 2 2 13 16 1306 1305 1376
2431 2 2 13 16 1307 1306 1373
2432 2 2 13 16 1373 1306 1374
2433 2 2 13 16 1374 1306 1376
2434 2 2 13 16 1308 1307 1373
2435 2 2 13 16 1309 1308 1373
2436 2 2 13 16 1309 1372 1428
2437 2 2 13 16 1311 1310 1448
2438 2 2 13 16 1311 1420 1463
2439 2 2 13 16 1313 1314 1315
2440 2 2 13 16 1313 1315 1317
2441 2 2 13 16 1315 1314 1316
2442 2 2 13 16 1316 1314 1346
2443 2 2 13 16 1314 1329 1346
2444 2 2 13 16 1315 1316 1400
2445 2 2 13 16 1317 1315 1318
2446 2 2 13 16 1318 1315 1400
2447 2 2 13 16 1316 1368 1400
2448 2 2 13 16 1317 1318 1427
2449 2 2 13 16 1318 1400 1442
2450 2 2 13 16 1321 1410 1423
2451 2 2 13 16 1324 1323 1325
2452 2 2 13 16 1324 1325 1456
2453 2 2 13 16 1324 1388 1410
2454 2 2 13 16 1328 1341 1342
2455 2 2 13 16 1341 1328 1419
2456 2 2 13 16 1328 1342 1424
2457 2 2 13 16 1331 1330 1416
2458 2 2 13 16 1402 1331 1415
2459 2 2 13 16 1415 1331 1416
2460 2 2 13 16 1333 1332 1465
2461 2 2 13 16 1334 1335 1429
2462 2 2 13 16 1335 1383 1429
2463 2 2 13 16 1362 1339 1438
2464 2 2 13 16 1424 1342 1457
2465 2 2 13 16 1343 1365 1367
2466 2 2 13 16 1344 1345 1415
2467 2 2 13 16 1345 1402 1415
2468 2 2 13 16 1351 1347 1414
2469 2 2 13 16 1414 1347 1447
2470 2 2 13 16 1364 1349 1368
2471 2 2 13 16 1353 1352 1403
2472 2 2 13 16 1409 1358 1444
2473 2 2 13 16 1371 1408 1437
2474 2 2 13 16 1396 1430 1441
2475 2 2 13 17 23 1550 246
2476 2 2 13 17 309 1550 23
2477 2 2 13 17 248 1547 24
2478 2 2 13 17 24 1547 267
2479 2 2 13 17 293 1549 25
2480 2 2 13 17 25 1549 308
2481 2 2 13 17 306 1548 26
2482 2 2 13 17 26 1548 335
2483 2 2 13 17 246 1541 247
2484 2 2 13 17 246 1550 1541
2485 2 2 13 17 247 1488 248
2486 2 2 13 17 247 1541 1488
2487 2 2 13 17 1488 1547 248
2488 2 2 13 17 267 1539 268
2489 2 2 13 17 267 1547 1539
2490 2 2 13 17 268 1471 269
2491 2 2 13 17 268 1539 1471
2492 2 2 13 17 269 1499 270
2493 2 2 13 17 1471 1499 269
2494 2 2 13 17 270 1533 271
2495 2 2 13 17 1499 1533 270
2496 2 2 13 17 271 1480 272
2497 2 2 13 17 271 1533 1480
2498 2 2 13 17 272 1508 273
2499 2 2 13 17 1480 1508 272
2500 2 2 13 17 273 1474 274
2501 2 2 13 17 273 1508 1474
2502 2 2 13 17 274 1510 275
2503 2 2 13 17 1474 1510 274
2504 2 2 13 17 275 1481 276
2505 2 2 13 17 275 1510 1481
2506 2 2 13 17 276 1536 277
2507 2 2 13 17 1481 1536 276
2508 2 2 13 17 277 1535 278
2509 2 2 13 17 277 1536 1535
2510 2 2 13 17 278 1477 279
2511 2 2 13 17 278 1535 1477
2512 2 2 13 17 279 1521 280
2513 2 2 13 17 1477 1521 279
2514 2 2 13 17 280 1478 281
2515 2 2 13 17 280 1521 1478
2516 2 2 13 17 281 1531 282
2517 2 2 13 17 1478 1531 281
2518 2 2 13 17 282 1520 283
2519 2 2 13 17 282 1531 1520
2520 2 2 13 17 283 1476 284
2521 2 2 13 17 283 1520 1476
2522 2 2 13 17 284 1530 285
2523 2 2 13 17 1476 1530 284
2524 2 2 13 17 285 1514 286
2525 2 2 13 17 285 1530 1514
2526 2 2 13 17 286 1479 287
2527 2 2 13 17 286 1514 1479
2528 2 2 13 17 287 1537 288
2529 2 2 13 17 1479 1537 287
2530 2 2 13 17 288 1495 289
2531 2 2 13 17 288 1537 1495
2532 2 2 13 17 289 1475 290
2533 2 2 13 17 289 1495 1475
2534 2 2 13 17 290 1501 291
2535 2 2 13 17 1475 1501 290
2536 2 2 13 17 291 1489 292
2537 2 2 13 17 291 1501 1489
2538 2 2 13 17 292 1484 293
2539 2 2 13 17 292 1489 1484
2540 2 2 13 17 1484 1549 293
2541 2 2 13 17 307 1487 306
2542 2 2 13 17 1487 1548 306
2543 2 2 13 17 308 1542 307
2544 2 2 13 17 307 1542 1487
2545 2 2 13 17 308 1549 1542
2546 2 2 13 17 310 1485 309
2547 2 2 13 17 1485 1550 309
2548 2 2 13 17 311 1496 310
2549 2 2 13 17 310 1496 1485
2550 2 2 13 17 312 1503 311
2551 2 2 13 17 311 1503 1496
2552 2 2 13 17 313 1469 312
2553 2 2 13 17 1469 1503 312
2554 2 2 13 17 314 1505 313
2555 2 2 13 17 313 1505 1469
2556 2 2 13 17 315 1482 314
2557 2 2 13 17 1482 1505 314
2558 2 2 13 17 316 1511 315
2559 2 2 13 17 315 1511 1482
2560 2 2 13 17 317 1483 316
2561 2 2 13 17 1483 1511 316
2562 2 2 13 17 318 1534 317
2563 2 2 13 17 317 1534 1483
2564 2 2 13 17 319 1472 318
2565 2 2 13 17 1472 1534 318
2566 2 2 13 17 320 1546 319
2567 2 2 13 17 319 1546 1472
2568 2 2 13 17 321 1527 320
2569 2 2 13 17 1527 1546 320
2570 2 2 13 17 322 1468 321
2571 2 2 13 17 1468 1527 321
2572 2 2 13 17 323 1524 322
2573 2 2 13 17 322 1524 1468
2574 2 2 13 17 324 1528 323
2575 2 2 13 17 323 1528 1524
2576 2 2 13 17 325 1467 324
2577 2 2 13 17 1467 1528 324
2578 2 2 13 17 326 1532 325
2579 2 2 13 17 325 1532 1467
2580 2 2 13 17 327 1517 326
2581 2 2 13 17 1517 1532 326
2582 2 2 13 17 328 1473 327
2583 2 2 13 17 1473 1517 327
2584 2 2 13 17 329 1518 328
2585 2 2 13 17 328 1518 1473
2586 2 2 13 17 330 1466 329
2587 2 2 13 17 1466 1518 329
2588 2 2 13 17 331 1544 330
2589 2 2 13 17 330 1544 1466
2590 2 2 13 17 332 1486 331
2591 2 2 13 17 1486 1544 331
2592 2 2 13 17 333 1492 332
2593 2 2 13 17 332 1492 1486
2594 2 2 13 17 334 1470 333
2595 2 2 13 17 1470 1492 333
2596 2 2 13 17 335 1540 334
2597 2 2 13 17 334 1540 1470
2598 2 2 13 17 335 1548 1540
2599 2 2 13 17 1502 1543 1466
2600 2 2 13 17 1466 1544 1502
2601 2 2 13 17 1466 1543 1518
2602 2 2 13 17 1467 1529 1528
2603 2 2 13 17 1467 1545 1529
2604 2 2 13 17 1532 1545 1467
2605 2 2 13 17 1468 1524 1522
2606 2 2 13 17 1522 1525 1468
2607 2 2 13 17 1525 1527 1468
2608 2 2 13 17 1500 1503 1469
2609 2 2 13 17 1469 1504 1500
2610 2 2 13 17 1469 1505 1504
2611 2 2 13 17 1490 1491 1470
2612 2 2 13 17 1470 1540 1490
2613 2 2 13 17 1491 1492 1470
2614 2 2 13 17 1497 1498 1471
2615 2 2 13 17 1471 1539 1497
2616 2 2 13 17 1498 1499 1471
2617 2 2 13 17 1513 1534 1472
2618 2 2 13 17 1472 1538 1513
2619 2 2 13 17 1472 1546 1538
2620 2 2 13 17 1515 1516 1473
2621 2 2 13 17 1473 1518 1515
2622 2 2 13 17 1516 1517 1473
2623 2 2 13 17 1474 1508 1507
2624 2 2 13 17 1507 1509 1474
2625 2 2 13 17 1509 1510 1474
2626 2 2 13 17 1475 1494 1493
2627 2 2 13 17 1493 1501 1475
2628 2 2 13 17 1475 1495 1494
2629 2 2 13 17 1519 1530 1476
2630 2 2 13 17 1476 1545 1519
2631 2 2 13 17 1520 1545 1476
2632 2 2 13 17 1477 1525 1521
2633 2 2 13 17 1477 1526 1525
2634 2 2 13 17 1477 1535 1526
2635 2 2 13 17 1521 1522 1478
2636 2 2 13 17 1522 1523 1478
2637 2 2 13 17 1523 1531 1478
2638 2 2 13 17 1514 1515 1479
2639 2 2 13 17 1515 1543 1479
2640 2 2 13 17 1479 1543 1537
2641 2 2 13 17 1504 1506 1480
2642 2 2 13 17 1480 1533 1504
2643 2 2 13 17 1506 1508 1480
2644 2 2 13 17 1510 1512 1481
2645 2 2 13 17 1512 1513 1481
2646 2 2 13 17 1513 1536 1481
2647 2 2 13 17 1482 1506 1505
2648 2 2 13 17 1482 1507 1506
2649 2 2 13 17 1482 1511 1507
2650 2 2 13 17 1509 1511 1483
2651 2 2 13 17 1483 1512 1509
2652 2 2 13 17 1483 1534 1512
2653 2 2 13 17 1489 1490 1484
2654 2 2 13 17 1490 1551 1484
2655 2 2 13 17 1542 1549 1484
2656 2 2 13 17 1484 1551 1542
2657 2 2 13 17 1496 1497 1485
2658 2 2 13 17 1497 1552 1485
2659 2 2 13 17 1541 1550 1485
2660 2 2 13 17 1485 1552 1541
2661 2 2 13 17 1492 1493 1486
2662 2 2 13 17 1493 1494 1486
2663 2 2 13 17 1494 1544 1486
2664 2 2 13 17 1540 1548 1487
2665 2 2 13 17 1487 1551 1540
2666 2 2 13 17 1542 1551 1487
2667 2 2 13 17 1539 1547 1488
2668 2 2 13 17 1488 1552 1539
2669 2 2 13 17 1541 1552 1488
2670 2 2 13 17 1489 1491 1490
2671 2 2 13 17 1489 1501 1491
2672 2 2 13 17 1540 1551 1490
2673 2 2 13 17 1491 1493 1492
2674 2 2 13 17 1491 1501 1493
2675 2 2 13 17 1495 1502 1494
2676 2 2 13 17 1502 1544 1494
2677 2 2 13 17 1495 1537 1502
2678 2 2 13 17 1496 1498 1497
2679 2 2 13 17 1496 1503 1498
2680 2 2 13 17 1539 1552 1497
2681 2 2 13 17 1498 1500 1499
2682 2 2 13 17 1498 1503 1500
2683 2 2 13 17 1500 1533 1499
2684 2 2 13 17 1504 1533 1500
2685 2 2 13 17 1537 1543 1502
2686 2 2 13 17 1505 1506 1504
2687 2 2 13 17 1507 1508 1506
2688 2 2 13 17 1507 1511 1509
2689 2 2 13 17 1509 1512 1510
2690 2 2 13 17 1512 1534 1513
2691 2 2 13 17 1513 1538 1536
2692 2 2 13 17 1514 1516 1515
2693 2 2 13 17 1514 1530 1516
2694 2 2 13 17 1518 1543 1515
2695 2 2 13 17 1516 1519 1517
2696 2 2 13 17 1516 1530 1519
2697 2 2 13 17 1519 1532 1517
2698 2 2 13 17 1519 1545 1532
2699 2 2 13 17 1520 1531 1529
2700 2 2 13 17 1529 1545 1520
2701 2 2 13 17 1521 1525 1522
2702 2 2 13 17 1522 1524 1523
2703 2 2 13 17 1524 1528 1523
2704 2 2 13 17 1528 1529 1523
2705 2 2 13 17 1529 1531 1523
2706 2 2 13 17 1526 1527 1525
2707 2 2 13 17 1526 1546 1527
2708 2 2 13 17 1535 1538 1526
2709 2 2 13 17 1538 1546 1526
2710 2 2 13 17 1536 1538 1535
2711 2 2 13 18 13 111 1594
2712 2 2 13 18 122 13 1591
2713 2 2 13 18 13 350 1591
2714 2 2 13 18 350 13 1594
2715 2 2 13 18 336 27 1592
2716 2 2 13 18 27 347 1593
2717 2 2 13 18 27 348 1592
2718 2 2 13 18 348 27 1593
2719 2 2 13 18 111 112 1586
2720 2 2 13 18 111 1586 1594
2721 2 2 13 18 112 113 1555
2722 2 2 13 18 112 1555 1586
2723 2 2 13 18 113 114 1584
2724 2 2 13 18 1555 113 1584
2725 2 2 13 18 114 115 1554
2726 2 2 13 18 114 1554 1584
2727 2 2 13 18 115 116 1575
2728 2 2 13 18 1554 115 1575
2729 2 2 13 18 116 117 1560
2730 2 2 13 18 116 1560 1575
2731 2 2 13 18 117 118 1578
2732 2 2 13 18 1560 117 1578
2733 2 2 13 18 118 119 1583
2734 2 2 13 18 1578 118 1583
2735 2 2 13 18 119 120 1553
2736 2 2 13 18 119 1553 1583
2737 2 2 13 18 120 121 1589
2738 2 2 13 18 1553 120 1589
2739 2 2 13 18 121 122 1569
2740 2 2 13 18 121 1569 1589
2741 2 2 13 18 1569 122 1591
2742 2 2 13 18 337 336 1565
2743 2 2 13 18 1565 336 1592
2744 2 2 13 18 338 337 1590
2745 2 2 13 18 337 1565 1590
2746 2 2 13 18 339 338 1559
2747 2 2 13 18 1559 338 1590
2748 2 2 13 18 340 339 1572
2749 2 2 13 18 339 1559 1572
2750 2 2 13 18 341 340 1558
2751 2 2 13 18 1558 340 1572
2752 2 2 13 18 342 341 1582
2753 2 2 13 18 341 1558 1582
2754 2 2 13 18 343 342 1556
2755 2 2 13 18 1556 342 1582
2756 2 2 13 18 344 343 1580
2757 2 2 13 18 343 1556 1580
2758 2 2 13 18 345 344 1571
2759 2 2 13 18 1571 344 1580
2760 2 2 13 18 346 345 1557
2761 2 2 13 18 1557 345 1571
2762 2 2 13 18 347 346 1585
2763 2 2 13 18 346 1557 1585
2764 2 2 13 18 347 1585 1593
2765 2 2 13 18 348 349 1562
2766 2 2 13 18 349 348 1567
2767 2 2 13 18 348 1562 1592
2768 2 2 13 18 1567 348 1593
2769 2 2 13 18 350 349 1561
2770 2 2 13 18 349 350 1563
2771 2 2 13 18 1561 349 1567
2772 2 2 13 18 1562 349 1563
2773 2 2 13 18 350 1561 1591
2774 2 2 13 18 1563 350 1594
2775 2 2 13 18 1553 1581 1583
2776 2 2 13 18 1581 1553 1596
2777 2 2 13 18 1553 1589 1596
2778 2 2 13 18 1573 1554 1575
2779 2 2 13 18 1554 1573 1577
2780 2 2 13 18 1554 1577 1584
2781 2 2 13 18 1555 1584 1587
2782 2 2 13 18 1586 1555 1595
2783 2 2 13 18 1555 1587 1595
2784 2 2 13 18 1556 1576 1579
2785 2 2 13 18 1576 1556 1582
2786 2 2 13 18 1556 1579 1580
2787 2 2 13 18 1557 1571 1588
2788 2 2 13 18 1585 1557 1597
2789 2 2 13 18 1557 1588 1597
2790 2 2 13 18 1558 1572 1573
2791 2 2 13 18 1558 1573 1574
2792 2 2 13 18 1558 1574 1582
2793 2 2 13 18 1559 1566 1587
2794 2 2 13 18 1566 1559 1590
2795 2 2 13 18 1572 1559 1577
2796 2 2 13 18 1577 1559 1587
2797 2 2 13 18 1560 1574 1575
2798 2 2 13 18 1574 1560 1576
2799 2 2 13 18 1576 1560 1578
2800 2 2 13 18 1561 1567 1568
2801 2 2 13 18 1561 1568 1569
2802 2 2 13 18 1561 1569 1591
2803 2 2 13 18 1562 1563 1564
2804 2 2 13 18 1562 1564 1565
2805 2 2 13 18 1562 1565 1592
2806 2 2 13 18 1564 1563 1586
2807 2 2 13 18 1586 1563 1594
2808 2 2 13 18 1565 1564 1566
2809 2 2 13 18 1566 1564 1595
2810 2 2 13 18 1564 1586 1595
2811 2 2 13 18 1565 1566 1590
2812 2 2 13 18 1587 1566 1595
2813 2 2 13 18 1568 1567 1585
2814 2 2 13 18 1585 1567 1593
2815 2 2 13 18 1569 1568 1570
2816 2 2 13 18 1570 1568 1597
2817 2 2 13 18 1568 1585 1597
2818 2 2 13 18 1569 1570 1589
2819 2 2 13 18 1570 1588 1596
2820 2 2 13 18 1588 1570 1597
2821 2 2 13 18 1589 1570 1596
2822 2 2 13 18 1571 1580 1581
2823 2 2 13 18 1571 1581 1588
2824 2 2 13 18 1573 1572 1577
2825 2 2 13 18 1574 1573 1575
2826 2 2 13 18 1574 1576 1582
2827 2 2 13 18 1576 1578 1579
2828 2 2 13 18 1584 1577 1587
2829 2 2 13 18 1579 1578 1583
2830 2 2 13 18 1580 1579 1581
2831 2 2 13 18 1581 1579 1583
2832 2 2 13 18 1588 1581 1596
2833 4 2 1 1 67 66 637 524
2834 4 2 1 1 447 437 706 385
2835 4 2 1 1 373 466 711 375
2836 4 2 1 1 701 461 391 388
2837 4 2 1 1 626 526 546 625
2838 4 2 1 1 359 437 706 447
2839 4 2 1 1 682 385 437 423
2840 4 2 1 1 433 400 691 399
2841 4 2 1 1 357 454 44 631
2842 4 2 1 1 706 437 637 682
2843 4 2 1 1 433 360 509 540
2844 4 2 1 1 484 357 544 423
2845 4 2 1 1 673 492 661 1601
2846 4 2 1 1 44 45 357 631
2847 4 2 1 1 632 682 423 568
2848 4 2 1 1 540 433 601 691
2849 4 2 1 1 649 38 468 360
2850 4 2 1 1 711 466 626 563
2851 4 2 1 1 502 68 69 625
2852 4 2 1 1 524 637 437 484
2853 4 2 1 1 66 544 637 484
2854 4 2 1 1 637 538 67 524
2855 4 2 1 1 448 681 381 447
2856 4 2 1 1 626 466 526 448
2857 4 2 1 1 492 481 661 1601
2858 4 2 1 1 427 81 608 1599
2859 4 2 1 1 81 132 608 1599
2860 4 2 1 1 360 649 540 601
2861 4 2 1 1 67 68 359 538
2862 4 2 1 1 602 16 420 1600
2863 4 2 1 1 131 80 427 1599
2864 4 2 1 1 131 427 608 1599
2865 4 2 1 1 357 632 544 423
2866 4 2 1 1 566 386 568 569
2867 4 2 1 1 461 701 632 568
2868 4 2 1 1 448 538 681 447
2869 4 2 1 1 691 436 433 399
2870 4 2 1 1 563 564 381 643
2871 4 2 1 1 134 135 84 1598
2872 4 2 1 1 359 538 448 447
2873 4 2 1 1 544 45 357 484
2874 4 2 1 1 538 359 706 447
2875 4 2 1 1 643 382 381 447
2876 4 2 1 1 16 11 420 1600
2877 4 2 1 1 711 469 466 373
2878 4 2 1 1 631 357 632 544
2879 4 2 1 1 429 430 638 482
2880 4 2 1 1 83 134 84 1598
2881 4 2 1 1 701 461 388 386
2882 4 2 1 1 70 69 546 364
2883 4 2 1 1 546 469 650 618
2884 4 2 1 1 570 390 571 389
2885 4 2 1 1 390 570 388 389
2886 4 2 1 1 403 404 588 589
2887 4 2 1 1 587 403 588 589
2888 4 2 1 1 406 590 404 589
2889 4 2 1 1 590 588 404 589
2890 4 2 1 1 404 403 405 589
2891 4 2 1 1 405 406 404 589
2892 4 2 1 1 544 632 682 423
2893 4 2 1 1 400 585 586 470
2894 4 2 1 1 395 629 576 575
2895 4 2 1 1 134 83 668 1598
2896 4 2 1 1 570 390 572 571
2897 4 2 1 1 372 469 650 373
2898 4 2 1 1 124 647 465 558
2899 4 2 1 1 386 568 567 566
2900 4 2 1 1 586 402 400 470
2901 4 2 1 1 586 403 587 583
2902 4 2 1 1 109 110 503 684
2903 4 2 1 1 404 586 402 403
2904 4 2 1 1 76 128 559 127
2905 4 2 1 1 588 403 586 404
2906 4 2 1 1 403 588 586 587
2907 4 2 1 1 538 68 359 625
2908 4 2 1 1 431 611 481 1601
2909 4 2 1 1 424 670 605 170
2910 4 2 1 1 586 403 583 401
2911 4 2 1 1 398 400 585 401
2912 4 2 1 1 403 586 402 401
2913 4 2 1 1 159 158 653 473
2914 4 2 1 1 113 362 542 370
2915 4 2 1 1 107 158 108 473
2916 4 2 1 1 110 109 161 684
2917 4 2 1 1 109 160 161 684
2918 4 2 1 1 431 611 122 496
2919 4 2 1 1 375 381 466 563
2920 4 2 1 1 158 159 108 473
2921 4 2 1 1 426 676 172 607
2922 4 2 1 1 437 484 682 423
2923 4 2 1 1 355 56 35 36
2924 4 2 1 1 414 411 413 596
2925 4 2 1 1 559 464 76 646
2926 4 2 1 1 474 53 32 33
2927 4 2 1 1 464 559 76 377
2928 4 2 1 1 76 559 646 127
2929 4 2 1 1 511 658 167 478
2930 4 2 1 1 613 539 363 663
2931 4 2 1 1 75 351 532 464
2932 4 2 1 1 351 74 75 532
2933 4 2 1 1 164 113 542 370
2934 4 2 1 1 464 532 75 646
2935 4 2 1 1 92 537 142 143
2936 4 2 1 1 32 52 53 654
2937 4 2 1 1 53 33 474 547
2938 4 2 1 1 370 542 164 552
2939 4 2 1 1 607 668 171 426
2940 4 2 1 1 398 585 581 583
2941 4 2 1 1 616 439 534 438
2942 4 2 1 1 53 474 32 654
2943 4 2 1 1 542 371 553 370
2944 4 2 1 1 589 406 590 623
2945 4 2 1 1 589 405 406 623
2946 4 2 1 1 623 406 590 593
2947 4 2 1 1 712 577 112 530
2948 4 2 1 1 578 459 392 409
2949 4 2 1 1 171 605 424 668
2950 4 2 1 1 53 474 654 547
2951 4 2 1 1 569 388 570 389
2952 4 2 1 1 411 414 594 596
2953 4 2 1 1 388 569 387 389
2954 4 2 1 1 585 586 583 401
2955 4 2 1 1 583 398 585 401
2956 4 2 1 1 472 541 361 504
2957 4 2 1 1 118 168 117 434
2958 4 2 1 1 655 403 587 589
2959 4 2 1 1 403 655 405 589
2960 4 2 1 1 628 35 34 449
2961 4 2 1 1 126 74 532 75
2962 4 2 1 1 126 75 532 646
2963 4 2 1 1 571 569 570 389
2964 4 2 1 1 432 111 18 612
2965 4 2 1 1 628 365 604 449
2966 4 2 1 1 34 55 628 54
2967 4 2 1 1 55 34 628 35
2968 4 2 1 1 125 351 647 532
2969 4 2 1 1 668 487 135 1598
2970 4 2 1 1 371 542 362 370
2971 4 2 1 1 403 655 475 405
2972 4 2 1 1 464 75 76 646
2973 4 2 1 1 114 165 113 542
2974 4 2 1 1 362 114 113 542
2975 4 2 1 1 382 447 567 385
2976 4 2 1 1 392 574 578 409
2977 4 2 1 1 418 599 414 596
2978 4 2 1 1 645 463 408 610
2979 4 2 1 1 611 661 481 1601
2980 4 2 1 1 422 414 597 463
2981 4 2 1 1 421 603 422 597
2982 4 2 1 1 166 114 617 165
2983 4 2 1 1 445 623 652 685
2984 4 2 1 1 675 532 351 464
2985 4 2 1 1 464 675 532 646
2986 4 2 1 1 561 508 689 425
2987 4 2 1 1 657 3 29 477
2988 4 2 1 1 594 414 597 596
2989 4 2 1 1 164 113 165 542
2990 4 2 1 1 35 56 536 55
2991 4 2 1 1 415 672 112 491
2992 4 2 1 1 74 126 532 125
2993 4 2 1 1 620 353 669 440
2994 4 2 1 1 583 398 452 581
2995 4 2 1 1 351 675 686 532
2996 4 2 1 1 145 146 95 353
2997 4 2 1 1 494 675 351 464
2998 4 2 1 1 576 392 394 393
2999 4 2 1 1 543 456 642 630
3000 4 2 1 1 109 12 660 480
3001 4 2 1 1 623 652 624 445
3002 4 2 1 1 392 574 409 573
3003 4 2 1 1 365 474 33 547
3004 4 2 1 1 672 703 521 602
3005 4 2 1 1 370 553 542 552
3006 4 2 1 1 537 91 92 142
3007 4 2 1 1 68 502 359 625
3008 4 2 1 1 594 595 593 411
3009 4 2 1 1 391 392 409 573
3010 4 2 1 1 576 394 397 396
3011 4 2 1 1 106 105 156 443
3012 4 2 1 1 406 623 410 593
3013 4 2 1 1 75 126 76 646
3014 4 2 1 1 127 76 126 646
3015 4 2 1 1 398 583 452 401
3016 4 2 1 1 634 578 574 409
3017 4 2 1 1 640 586 601 470
3018 4 2 1 1 675 351 686 494
3019 4 2 1 1 358 456 97 665
3020 4 2 1 1 465 125 351 647
3021 4 2 1 1 413 411 595 596
3022 4 2 1 1 590 404 591 406
3023 4 2 1 1 538 359 67 524
3024 4 2 1 1 591 588 404 590
3025 4 2 1 1 444 622 621 548
3026 4 2 1 1 638 57 56 482
3027 4 2 1 1 73 72 123 558
3028 4 2 1 1 124 73 123 558
3029 4 2 1 1 73 124 465 558
3030 4 2 1 1 632 701 461 671
3031 4 2 1 1 497 573 634 671
3032 4 2 1 1 390 572 460 393
3033 4 2 1 1 581 579 397 580
3034 4 2 1 1 40 60 61 436
3035 4 2 1 1 570 568 386 569
3036 4 2 1 1 125 124 647 465
3037 4 2 1 1 98 150 539 149
3038 4 2 1 1 150 98 539 99
3039 4 2 1 1 409 574 634 573
3040 4 2 1 1 72 73 376 558
3041 4 2 1 1 712 370 577 530
3042 4 2 1 1 386 388 570 569
3043 4 2 1 1 568 423 461 386
3044 4 2 1 1 403 583 639 587
3045 4 2 1 1 569 386 388 387
3046 4 2 1 1 125 465 351 74
3047 4 2 1 1 413 418 414 596
3048 4 2 1 1 90 141 142 648
3049 4 2 1 1 599 494 675 686
3050 4 2 1 1 474 377 559 664
3051 4 2 1 1 480 109 684 660
3052 4 2 1 1 90 91 467 648
3053 4 2 1 1 391 461 701 497
3054 4 2 1 1 644 462 510 370
3055 4 2 1 1 384 386 385 566
3056 4 2 1 1 365 54 33 34
3057 4 2 1 1 113 712 530 370
3058 4 2 1 1 502 359 625 448
3059 4 2 1 1 101 153 102 533
3060 4 2 1 1 624 405 589 623
3061 4 2 1 1 505 351 494 686
3062 4 2 1 1 11 89 476 656
3063 4 2 1 1 33 54 547 53
3064 4 2 1 1 411 594 595 596
3065 4 2 1 1 604 547 365 628
3066 4 2 1 1 354 436 41 666
3067 4 2 1 1 489 582 613 614
3068 4 2 1 1 559 77 76 377
3069 4 2 1 1 674 440 501 620
3070 4 2 1 1 631 65 45 544
3071 4 2 1 1 595 410 593 411
3072 4 2 1 1 583 403 639 401
3073 4 2 1 1 366 621 157 548
3074 4 2 1 1 475 655 533 446
3075 4 2 1 1 59 38 58 649
3076 4 2 1 1 92 144 635 143
3077 4 2 1 1 446 624 472 445
3078 4 2 1 1 363 99 100 663
3079 4 2 1 1 601 586 585 470
3080 4 2 1 1 56 355 35 536
3081 4 2 1 1 408 592 645 610
3082 4 2 1 1 597 604 422 463
3083 4 2 1 1 376 73 465 558
3084 4 2 1 1 2 598 417 704
3085 4 2 1 1 505 494 418 686
3086 4 2 1 1 439 353 534 438
3087 4 2 1 1 439 616 534 619
3088 4 2 1 1 150 100 99 663
3089 4 2 1 1 414 421 422 597
3090 4 2 1 1 89 11 16 656
3091 4 2 1 1 406 623 445 410
3092 4 2 1 1 41 40 61 436
3093 4 2 1 1 623 405 406 445
3094 4 2 1 1 91 90 142 648
3095 4 2 1 1 597 604 463 645
3096 4 2 1 1 557 373 375 374
3097 4 2 1 1 84 135 487 1598
3098 4 2 1 1 575 460 572 393
3099 4 2 1 1 363 489 613 663
3100 4 2 1 1 419 418 413 600
3101 4 2 1 1 403 416 639 401
3102 4 2 1 1 389 390 571 460
3103 4 2 1 1 644 370 553 462
3104 4 2 1 1 91 537 92 356
3105 4 2 1 1 452 582 580 435
3106 4 2 1 1 144 92 635 93
3107 4 2 1 1 399 400 585 398
3108 4 2 1 1 641 585 581 398
3109 4 2 1 1 76 128 77 559
3110 4 2 1 1 494 599 418 686
3111 4 2 1 1 600 419 418 505
3112 4 2 1 1 365 422 604 449
3113 4 2 1 1 402 586 451 470
3114 4 2 1 1 572 390 392 393
3115 4 2 1 1 636 61 60 436
3116 4 2 1 1 440 620 353 438
3117 4 2 1 1 574 576 575 393
3118 4 2 1 1 450 627 565 562
3119 4 2 1 1 140 89 16 656
3120 4 2 1 1 610 662 407 591
3121 4 2 1 1 12 160 660 17
3122 4 2 1 1 613 580 582 435
3123 4 2 1 1 137 87 609 138
3124 4 2 1 1 555 373 374 371
3125 4 2 1 1 150 151 100 663
3126 4 2 1 1 581 397 641 398
3127 4 2 1 1 532 351 647 686
3128 4 2 1 1 452 580 396 435
3129 4 2 1 1 567 385 386 566
3130 4 2 1 1 395 394 576 396
3131 4 2 1 1 579 397 641 581
3132 4 2 1 1 584 485 636 641
3133 4 2 1 1 137 87 86 609
3134 4 2 1 1 609 87 86 428
3135 4 2 1 1 619 543 456 642
3136 4 2 1 1 467 549 648 606
3137 4 2 1 1 622 621 412 444
3138 4 2 1 1 557 555 373 374
3139 4 2 1 1 599 597 414 596
3140 4 2 1 1 674 383 493 450
3141 4 2 1 1 576 629 395 580
3142 4 2 1 1 616 387 389 438
3143 4 2 1 1 418 600 505 686
3144 4 2 1 1 43 63 64 633
3145 4 2 1 1 390 572 571 460
3146 4 2 1 1 596 418 599 600
3147 4 2 1 1 610 463 408 429
3148 4 2 1 1 619 571 389 616
3149 4 2 1 1 404 586 451 402
3150 4 2 1 1 657 369 3 477
3151 4 2 1 1 54 365 33 547
3152 4 2 1 1 592 411 645 594
3153 4 2 1 1 586 640 451 470
3154 4 2 1 1 436 61 41 666
3155 4 2 1 1 600 418 599 686
3156 4 2 1 1 166 114 115 617
3157 4 2 1 1 599 414 421 418
3158 4 2 1 1 366 444 621 548
3159 4 2 1 1 650 372 554 678
3160 4 2 1 1 95 94 145 353
3161 4 2 1 1 99 98 539 455
3162 4 2 1 1 662 430 429 407
3163 4 2 1 1 668 83 487 1598
3164 4 2 1 1 488 145 94 353
3165 4 2 1 1 453 409 634 454
3166 4 2 1 1 652 472 445 504
3167 4 2 1 1 504 445 652 685
3168 4 2 1 1 157 106 156 443
3169 4 2 1 1 621 157 156 443
3170 4 2 1 1 680 694 514 653
3171 4 2 1 1 419 600 680 505
3172 4 2 1 1 447 643 382 567
3173 4 2 1 1 711 650 469 373
3174 4 2 1 1 457 537 627 356
3175 4 2 1 1 459 576 579 578
3176 4 2 1 1 160 12 660 109
3177 4 2 1 1 505 647 351 686
3178 4 2 1 1 376 500 473 558
3179 4 2 1 1 153 101 152 533
3180 4 2 1 1 684 503 109 480
3181 4 2 1 1 97 96 543 456
3182 4 2 1 1 115 114 441 617
3183 4 2 1 1 465 647 351 505
3184 4 2 1 1 576 574 392 393
3185 4 2 1 1 537 467 91 648
3186 4 2 1 1 527 28 29 708
3187 4 2 1 1 625 526 502 448
3188 4 2 1 1 382 384 566 383
3189 4 2 1 1 1 550 71 2
3190 4 2 1 1 592 590 406 593
3191 4 2 1 1 550 1 71 368
3192 4 2 1 1 662 429 610 407
3193 4 2 1 1 611 122 13 431
3194 4 2 1 1 640 591 588 404
3195 4 2 1 1 603 604 422 597
3196 4 2 1 1 70 71 51 442
3197 4 2 1 1 652 472 624 445
3198 4 2 1 1 499 679 118 615
3199 4 2 1 1 63 43 42 535
3200 4 2 1 1 62 63 42 535
3201 4 2 1 1 436 636 61 666
3202 4 2 1 1 169 118 679 615
3203 4 2 1 1 615 118 499 434
3204 4 2 1 1 702 515 435 455
3205 4 2 1 1 659 512 167 479
3206 4 2 1 1 492 560 378 480
3207 4 2 1 1 575 572 574 393
3208 4 2 1 1 361 541 443 504
3209 4 2 1 1 35 628 536 449
3210 4 2 1 1 408 610 429 407
3211 4 2 1 1 474 377 664 483
3212 4 2 1 1 505 600 680 686
3213 4 2 1 1 467 549 90 648
3214 4 2 1 1 549 141 90 648
3215 4 2 1 1 597 421 603 599
3216 4 2 1 1 641 584 485 579
3217 4 2 1 1 559 464 646 664
3218 4 2 1 1 148 98 665 149
3219 4 2 1 1 600 413 419 622
3220 4 2 1 1 628 35 536 55
3221 4 2 1 1 705 523 474 483
3222 4 2 1 1 34 365 628 449
3223 4 2 1 1 110 503 684 420
3224 4 2 1 1 157 106 443 366
3225 4 2 1 1 621 366 157 443
3226 4 2 1 1 595 412 410 411
3227 4 2 1 1 594 645 414 411
3228 4 2 1 1 635 537 627 457
3229 4 2 1 1 464 559 377 664
3230 4 2 1 1 623 624 405 445
3231 4 2 1 1 596 413 418 600
3232 4 2 1 1 474 523 705 365
3233 4 2 1 1 54 34 365 628
3234 4 2 1 1 370 577 690 552
3235 4 2 1 1 577 370 690 415
3236 4 2 1 1 643 381 681 447
3237 4 2 1 1 71 1 51 368
3238 4 2 1 1 44 65 631 64
3239 4 2 1 1 50 70 51 442
3240 4 2 1 1 73 125 465 124
3241 4 2 1 1 473 158 366 107
3242 4 2 1 1 109 160 684 660
3243 4 2 1 1 50 70 442 364
3244 4 2 1 1 663 100 363 458
3245 4 2 1 1 626 625 681 448
3246 4 2 1 1 537 91 142 648
3247 4 2 1 1 103 155 472 154
3248 4 2 1 1 488 669 145 353
3249 4 2 1 1 618 70 546 364
3250 4 2 1 1 158 473 366 653
3251 4 2 1 1 523 705 365 604
3252 4 2 1 1 635 627 674 457
3253 4 2 1 1 483 494 675 603
3254 4 2 1 1 663 489 613 614
3255 4 2 1 1 665 358 456 630
3256 4 2 1 1 461 701 568 386
3257 4 2 1 1 118 169 168 615
3258 4 2 1 1 168 118 615 434
3259 4 2 1 1 69 50 49 364
3260 4 2 1 1 369 657 3 551
3261 4 2 1 1 397 399 641 398
3262 4 2 1 1 513 409 578 695
3263 4 2 1 1 604 628 506 687
3264 4 2 1 1 613 539 455 363
3265 4 2 1 1 640 451 407 404
3266 4 2 1 1 352 101 102 533
3267 4 2 1 1 492 560 661 378
3268 4 2 1 1 446 475 655 405
3269 4 2 1 1 353 145 146 534
3270 4 2 1 1 368 71 550 442
3271 4 2 1 1 381 448 466 563
3272 4 2 1 1 616 389 439 438
3273 4 2 1 1 462 510 425 644
3274 4 2 1 1 161 110 684 420
3275 4 2 1 1 90 89 140 367
3276 4 2 1 1 650 469 372 498
3277 4 2 1 1 155 103 472 104
3278 4 2 1 1 654 474 559 664
3279 4 2 1 1 469 498 618 442
3280 4 2 1 1 535 43 42 453
3281 4 2 1 1 425 556 462 644
3282 4 2 1 1 453 535 43 633
3283 4 2 1 1 713 136 135 531
3284 4 2 1 1 667 352 101 458
3285 4 2 1 1 645 414 597 594
3286 4 2 1 1 429 430 662 638
3287 4 2 1 1 678 650 372 498
3288 4 2 1 1 595 412 411 413
3289 4 2 1 1 655 533 446 624
3290 4 2 1 1 533 352 475 446
3291 4 2 1 1 63 43 535 633
3292 4 2 1 1 69 70 50 364
3293 4 2 1 1 455 539 99 363
3294 4 2 1 1 410 592 406 593
3295 4 2 1 1 646 464 675 664
3296 4 2 1 1 674 383 450 565
3297 4 2 1 1 140 141 90 549
3298 4 2 1 1 585 641 399 398
3299 4 2 1 1 370 690 415 510
3300 4 2 1 1 696 9 108 516
3301 4 2 1 1 368 51 71 442
3302 4 2 1 1 613 629 580 435
3303 4 2 1 1 111 162 18 612
3304 4 2 1 1 610 429 662 638
3305 4 2 1 1 627 565 674 450
3306 4 2 1 1 624 446 405 445
3307 4 2 1 1 572 392 574 393
3308 4 2 1 1 353 669 145 534
3309 4 2 1 1 407 591 404 406
3310 4 2 1 1 3 657 29 4
3311 4 2 1 1 111 18 13 432
3312 4 2 1 1 590 591 592 406
3313 4 2 1 1 680 647 505 686
3314 4 2 1 1 97 98 358 665
3315 4 2 1 1 581 582 452 583
3316 4 2 1 1 464 494 675 483
3317 4 2 1 1 518 165 542 698
3318 4 2 1 1 467 367 549 606
3319 4 2 1 1 352 707 525 667
3320 4 2 1 1 500 647 465 505
3321 4 2 1 1 595 621 685 412
3322 4 2 1 1 672 415 112 577
3323 4 2 1 1 163 112 577 672
3324 4 2 1 1 557 555 374 556
3325 4 2 1 1 553 462 370 371
3326 4 2 1 1 462 556 553 644
3327 4 2 1 1 73 125 74 465
3328 4 2 1 1 456 460 642 486
3329 4 2 1 1 367 690 606 510
3330 4 2 1 1 494 603 599 675
3331 4 2 1 1 500 680 653 558
3332 4 2 1 1 391 573 388 390
3333 4 2 1 1 412 595 621 622
3334 4 2 1 1 500 653 473 558
3335 4 2 1 1 355 449 35 536
3336 4 2 1 1 594 593 592 411
3337 4 2 1 1 395 629 515 435
3338 4 2 1 1 635 93 92 457
3339 4 2 1 1 78 129 130 615
3340 4 2 1 1 455 435 613 363
3341 4 2 1 1 522 2 417 704
3342 4 2 1 1 147 148 97 543
3343 4 2 1 1 513 453 409 695
3344 4 2 1 1 520 640 700 470
3345 4 2 1 1 689 508 627 537
3346 4 2 1 1 621 443 444 366
3347 4 2 1 1 457 627 450 356
3348 4 2 1 1 370 690 644 552
3349 4 2 1 1 54 365 547 628
3350 4 2 1 1 673 13 432 492
3351 4 2 1 1 467 537 91 356
3352 4 2 1 1 123 9 696 72
3353 4 2 1 1 472 652 541 504
3354 4 2 1 1 504 652 541 685
3355 4 2 1 1 597 414 421 599
3356 4 2 1 1 555 554 372 553
3357 4 2 1 1 396 576 395 580
3358 4 2 1 1 456 543 97 665
3359 4 2 1 1 595 413 596 622
3360 4 2 1 1 389 571 619 460
3361 4 2 1 1 65 44 631 45
3362 4 2 1 1 390 392 573 572
3363 4 2 1 1 561 556 425 606
3364 4 2 1 1 517 5 32 697
3365 4 2 1 1 653 500 514 680
3366 4 2 1 1 600 596 413 622
3367 4 2 1 1 485 436 636 399
3368 4 2 1 1 680 500 419 505
3369 4 2 1 1 500 653 514 473
3370 4 2 1 1 635 537 92 143
3371 4 2 1 1 603 483 494 421
3372 4 2 1 1 690 367 606 549
3373 4 2 1 1 563 375 381 380
3374 4 2 1 1 541 443 156 361
3375 4 2 1 1 664 705 474 483
3376 4 2 1 1 642 460 572 575
3377 4 2 1 1 449 604 628 506
3378 4 2 1 1 72 9 696 516
3379 4 2 1 1 70 618 442 364
3380 4 2 1 1 580 398 581 452
3381 4 2 1 1 429 610 536 638
3382 4 2 1 1 643 538 706 447
3383 4 2 1 1 112 672 162 491
3384 4 2 1 1 98 148 665 97
3385 4 2 1 1 29 31 4 657
3386 4 2 1 1 506 429 463 687
3387 4 2 1 1 630 629 395 575
3388 4 2 1 1 641 485 636 399
3389 4 2 1 1 480 432 492 660
3390 4 2 1 1 599 421 494 418
3391 4 2 1 1 604 523 705 603
3392 4 2 1 1 383 501 674 493
3393 4 2 1 1 593 410 592 411
3394 4 2 1 1 542 362 114 518
3395 4 2 1 1 114 165 542 518
3396 4 2 1 1 383 683 674 501
3397 4 2 1 1 579 584 485 578
3398 4 2 1 1 566 564 382 565
3399 4 2 1 1 371 555 372 553
3400 4 2 1 1 712 112 113 530
3401 4 2 1 1 651 78 7 471
3402 4 2 1 1 45 357 631 544
3403 4 2 1 1 486 642 456 630
3404 4 2 1 1 408 463 645 411
3405 4 2 1 1 68 47 359 48
3406 4 2 1 1 353 488 669 440
3407 4 2 1 1 148 97 543 665
3408 4 2 1 1 601 433 360 470
3409 4 2 1 1 564 381 382 380
3410 4 2 1 1 542 372 554 553
3411 4 2 1 1 489 613 435 363
3412 4 2 1 1 702 515 629 435
3413 4 2 1 1 690 370 644 510
3414 4 2 1 1 360 649 59 540
3415 4 2 1 1 549 467 90 367
3416 4 2 1 1 534 688 507 439
3417 4 2 1 1 645 463 414 411
3418 4 2 1 1 370 644 553 552
3419 4 2 1 1 664 377 464 483
3420 4 2 1 1 58 38 37 468
3421 4 2 1 1 577 415 112 530
3422 4 2 1 1 112 163 577 712
3423 4 2 1 1 71 70 618 442
3424 4 2 1 1 454 453 43 633
3425 4 2 1 1 545 58 468 649
3426 4 2 1 1 483 675 664 603
3427 4 2 1 1 373 555 372 371
3428 4 2 1 1 633 64 44 631
3429 4 2 1 1 416 639 475 403
3430 4 2 1 1 534 620 616 438
3431 4 2 1 1 456 543 665 630
3432 4 2 1 1 486 456 358 630
3433 4 2 1 1 173 122 611 677
3434 4 2 1 1 677 122 611 496
3435 4 2 1 1 622 412 413 444
3436 4 2 1 1 602 161 684 420
3437 4 2 1 1 474 654 705 664
3438 4 2 1 1 604 463 645 687
3439 4 2 1 1 546 526 469 364
3440 4 2 1 1 705 654 474 547
3441 4 2 1 1 108 14 9 696
3442 4 2 1 1 97 96 147 543
3443 4 2 1 1 440 674 501 493
3444 4 2 1 1 476 528 11 656
3445 4 2 1 1 497 454 357 631
3446 4 2 1 1 490 119 170 424
3447 4 2 1 1 424 670 170 490
3448 4 2 1 1 548 158 366 653
3449 4 2 1 1 668 120 171 426
3450 4 2 1 1 120 668 487 426
3451 4 2 1 1 674 501 683 620
3452 4 2 1 1 413 419 622 444
3453 4 2 1 1 603 494 599 421
3454 4 2 1 1 120 171 424 668
3455 4 2 1 1 668 424 120 487
3456 4 2 1 1 459 579 485 578
3457 4 2 1 1 512 659 167 693
3458 4 2 1 1 621 443 504 412
3459 4 2 1 1 495 172 121 426
3460 4 2 1 1 676 426 172 495
3461 4 2 1 1 545 57 638 482
3462 4 2 1 1 467 689 508 425
3463 4 2 1 1 89 656 367 476
3464 4 2 1 1 658 511 167 692
3465 4 2 1 1 372 542 371 553
3466 4 2 1 1 485 397 579 459
3467 4 2 1 1 621 504 685 412
3468 4 2 1 1 500 680 647 505
3469 4 2 1 1 521 491 602 420
3470 4 2 1 1 591 640 407 404
3471 4 2 1 1 52 5 6 697
3472 4 2 1 1 512 617 522 704
3473 4 2 1 1 621 443 412 444
3474 4 2 1 1 379 557 375 374
3475 4 2 1 1 125 351 532 74
3476 4 2 1 1 439 619 389 616
3477 4 2 1 1 108 14 696 159
3478 4 2 1 1 353 620 669 534
3479 4 2 1 1 32 517 697 654
3480 4 2 1 1 409 578 459 513
3481 4 2 1 1 158 107 106 366
3482 4 2 1 1 603 422 523 421
3483 4 2 1 1 64 44 43 633
3484 4 2 1 1 492 560 480 660
3485 4 2 1 1 573 391 392 390
3486 4 2 1 1 656 89 367 140
3487 4 2 1 1 425 689 561 606
3488 4 2 1 1 672 528 415 709
3489 4 2 1 1 518 617 165 698
3490 4 2 1 1 664 464 675 483
3491 4 2 1 1 376 465 500 558
3492 4 2 1 1 465 647 500 558
3493 4 2 1 1 367 140 90 549
3494 4 2 1 1 56 36 355 482
3495 4 2 1 1 696 108 473 516
3496 4 2 1 1 45 66 46 484
3497 4 2 1 1 561 379 508 425
3498 4 2 1 1 411 592 645 408
3499 4 2 1 1 684 521 703 602
3500 4 2 1 1 564 382 381 643
3501 4 2 1 1 62 42 666 535
3502 4 2 1 1 383 566 382 565
3503 4 2 1 1 623 685 410 593
3504 4 2 1 1 372 542 362 371
3505 4 2 1 1 618 550 71 442
3506 4 2 1 1 572 571 460 642
3507 4 2 1 1 657 4 3 551
3508 4 2 1 1 47 68 359 67
3509 4 2 1 1 691 636 436 399
3510 4 2 1 1 521 162 612 703
3511 4 2 1 1 365 705 474 547
3512 4 2 1 1 707 352 533 667
3513 4 2 1 1 521 672 162 703
3514 4 2 1 1 52 5 697 32
3515 4 2 1 1 707 525 475 352
3516 4 2 1 1 488 93 144 635
3517 4 2 1 1 7 651 8 129
3518 4 2 1 1 497 461 632 357
3519 4 2 1 1 547 365 705 604
3520 4 2 1 1 364 49 69 502
3521 4 2 1 1 617 550 522 704
3522 4 2 1 1 173 13 18 611
3523 4 2 1 1 432 673 492 660
3524 4 2 1 1 113 164 712 370
3525 4 2 1 1 354 41 42 666
3526 4 2 1 1 454 409 634 497
3527 4 2 1 1 15 139 661 481
3528 4 2 1 1 502 48 68 359
3529 4 2 1 1 556 553 371 462
3530 4 2 1 1 367 467 425 606
3531 4 2 1 1 114 441 617 518
3532 4 2 1 1 511 167 116 478
3533 4 2 1 1 366 694 653 514
3534 4 2 1 1 60 40 509 436
3535 4 2 1 1 610 645 463 687
3536 4 2 1 1 633 44 454 631
3537 4 2 1 1 449 422 604 506
3538 4 2 1 1 164 712 370 552
3539 4 2 1 1 29 527 708 477
3540 4 2 1 1 42 666 535 453
3541 4 2 1 1 370 712 577 552
3542 4 2 1 1 530 577 415 370
3543 4 2 1 1 478 658 167 479
3544 4 2 1 1 453 535 634 695
3545 4 2 1 1 30 28 2 598
3546 4 2 1 1 683 383 674 565
3547 4 2 1 1 6 5 128 697
3548 4 2 1 1 123 9 14 696
3549 4 2 1 1 663 151 100 458
3550 4 2 1 1 392 574 573 572
3551 4 2 1 1 368 550 441 498
3552 4 2 1 1 620 669 674 440
3553 4 2 1 1 131 132 80 1599
3554 4 2 1 1 522 550 2 704
3555 4 2 1 1 165 114 617 518
3556 4 2 1 1 406 408 592 410
3557 4 2 1 1 78 130 79 615
3558 4 2 1 1 636 691 641 399
3559 4 2 1 1 422 523 365 604
3560 4 2 1 1 537 457 92 356
3561 4 2 1 1 681 625 538 448
3562 4 2 1 1 28 31 708 30
3563 4 2 1 1 446 699 519 472
3564 4 2 1 1 648 689 467 606
3565 4 2 1 1 445 623 685 410
3566 4 2 1 1 80 132 81 1599
3567 4 2 1 1 425 510 367 606
3568 4 2 1 1 492 673 13 431
3569 4 2 1 1 662 640 451 407
3570 4 2 1 1 409 634 578 695
3571 4 2 1 1 425 556 374 462
3572 4 2 1 1 62 42 41 666
3573 4 2 1 1 380 450 562 379
3574 4 2 1 1 580 396 398 452
3575 4 2 1 1 87 677 496 609
3576 4 2 1 1 18 432 612 673
3577 4 2 1 1 443 105 156 361
3578 4 2 1 1 620 534 353 438
3579 4 2 1 1 617 441 550 498
3580 4 2 1 1 473 653 159 696
3581 4 2 1 1 112 162 111 491
3582 4 2 1 1 454 43 44 633
3583 4 2 1 1 480 684 432 660
3584 4 2 1 1 472 154 155 652
3585 4 2 1 1 450 627 562 379
3586 4 2 1 1 688 507 439 456
3587 4 2 1 1 159 108 473 696
3588 4 2 1 1 606 510 690 644
3589 4 2 1 1 634 409 453 695
3590 4 2 1 1 601 700 640 470
3591 4 2 1 1 151 152 101 667
3592 4 2 1 1 541 155 472 361
3593 4 2 1 1 457 537 92 635
3594 4 2 1 1 2 522 417 1
3595 4 2 1 1 697 52 32 654
3596 4 2 1 1 647 680 500 558
3597 4 2 1 1 595 412 413 622
3598 4 2 1 1 537 508 627 356
3599 4 2 1 1 674 493 488 457
3600 4 2 1 1 167 116 479 512
3601 4 2 1 1 469 626 466 526
3602 4 2 1 1 621 443 541 504
3603 4 2 1 1 556 371 374 462
3604 4 2 1 1 567 564 382 566
3605 4 2 1 1 667 525 352 458
3606 4 2 1 1 560 492 673 660
3607 4 2 1 1 517 32 474 654
3608 4 2 1 1 544 637 484 682
3609 4 2 1 1 666 42 354 453
3610 4 2 1 1 612 521 703 684
3611 4 2 1 1 504 541 621 685
3612 4 2 1 1 693 166 512 617
3613 4 2 1 1 591 407 408 406
3614 4 2 1 1 472 154 699 103
3615 4 2 1 1 534 688 439 619
3616 4 2 1 1 699 446 624 472
3617 4 2 1 1 643 681 538 447
3618 4 2 1 1 37 56 482 36
3619 4 2 1 1 116 168 511 117
3620 4 2 1 1 397 641 485 579
3621 4 2 1 1 560 673 492 661
3622 4 2 1 1 507 688 147 543
3623 4 2 1 1 582 580 581 452
3624 4 2 1 1 31 28 708 29
3625 4 2 1 1 5 77 128 697
3626 4 2 1 1 110 161 16 420
3627 4 2 1 1 151 663 667 458
3628 4 2 1 1 157 158 366 548
3629 4 2 1 1 619 439 389 460
3630 4 2 1 1 408 592 410 411
3631 4 2 1 1 615 79 78 434
3632 4 2 1 1 650 711 555 373
3633 4 2 1 1 635 488 674 669
3634 4 2 1 1 591 408 592 406
3635 4 2 1 1 167 511 168 692
3636 4 2 1 1 656 367 476 690
3637 4 2 1 1 657 29 708 477
3638 4 2 1 1 37 57 545 482
3639 4 2 1 1 417 2 28 598
3640 4 2 1 1 507 353 534 439
3641 4 2 1 1 454 497 671 631
3642 4 2 1 1 56 355 536 482
3643 4 2 1 1 677 173 122 609
3644 4 2 1 1 496 677 122 609
3645 4 2 1 1 488 635 674 457
3646 4 2 1 1 381 681 563 643
3647 4 2 1 1 416 639 582 614
3648 4 2 1 1 93 145 488 144
3649 4 2 1 1 685 595 410 593
3650 4 2 1 1 672 521 491 602
3651 4 2 1 1 512 167 166 693
3652 4 2 1 1 77 5 517 697
3653 4 2 1 1 56 37 482 57
3654 4 2 1 1 155 104 472 361
3655 4 2 1 1 359 538 625 448
3656 4 2 1 1 540 433 360 601
3657 4 2 1 1 140 367 656 549
3658 4 2 1 1 383 384 566 501
3659 4 2 1 1 468 58 38 649
3660 4 2 1 1 562 627 561 379
3661 4 2 1 1 537 508 467 689
3662 4 2 1 1 78 471 651 434
3663 4 2 1 1 430 468 545 482
3664 4 2 1 1 539 702 613 455
3665 4 2 1 1 520 451 640 470
3666 4 2 1 1 559 474 517 377
3667 4 2 1 1 653 366 514 473
3668 4 2 1 1 528 672 415 491
3669 4 2 1 1 541 156 155 361
3670 4 2 1 1 630 486 642 575
3671 4 2 1 1 672 112 162 163
3672 4 2 1 1 380 557 375 379
3673 4 2 1 1 509 433 540 436
3674 4 2 1 1 352 533 519 446
3675 4 2 1 1 604 422 523 603
3676 4 2 1 1 460 571 619 642
3677 4 2 1 1 575 486 460 393
3678 4 2 1 1 488 144 669 635
3679 4 2 1 1 575 395 486 393
3680 4 2 1 1 501 620 440 438
3681 4 2 1 1 430 662 451 407
3682 4 2 1 1 635 488 93 457
3683 4 2 1 1 617 441 512 522
3684 4 2 1 1 525 475 639 707
3685 4 2 1 1 147 96 507 543
3686 4 2 1 1 168 116 511 167
3687 4 2 1 1 429 610 463 687
3688 4 2 1 1 684 480 432 503
3689 4 2 1 1 607 171 172 426
3690 4 2 1 1 627 561 508 689
3691 4 2 1 1 486 630 395 575
3692 4 2 1 1 643 564 382 567
3693 4 2 1 1 387 569 566 683
3694 4 2 1 1 677 87 138 609
3695 4 2 1 1 545 468 37 482
3696 4 2 1 1 441 550 368 522
3697 4 2 1 1 672 528 709 602
3698 4 2 1 1 699 103 519 472
3699 4 2 1 1 684 503 521 420
3700 4 2 1 1 609 495 172 428
3701 4 2 1 1 609 496 87 428
3702 4 2 1 1 122 611 13 173
3703 4 2 1 1 48 69 49 502
3704 4 2 1 1 399 641 485 397
3705 4 2 1 1 473 376 558 696
3706 4 2 1 1 559 697 517 654
3707 4 2 1 1 146 147 95 507
3708 4 2 1 1 375 711 557 563
3709 4 2 1 1 508 450 627 356
3710 4 2 1 1 605 170 171 424
3711 4 2 1 1 104 155 156 361
3712 4 2 1 1 473 376 696 516
3713 4 2 1 1 713 135 487 531
3714 4 2 1 1 156 621 443 541
3715 4 2 1 1 479 658 167 659
3716 4 2 1 1 638 56 536 482
3717 4 2 1 1 658 477 369 657
3718 4 2 1 1 661 139 677 481
3719 4 2 1 1 147 146 688 507
3720 4 2 1 1 602 16 161 420
3721 4 2 1 1 685 504 445 410
3722 4 2 1 1 628 506 687 536
3723 4 2 1 1 617 512 693 704
3724 4 2 1 1 602 491 528 420
3725 4 2 1 1 435 613 702 455
3726 4 2 1 1 520 700 430 468
3727 4 2 1 1 441 617 550 522
3728 4 2 1 1 472 624 699 652
3729 4 2 1 1 495 121 172 428
3730 4 2 1 1 495 609 172 676
3731 4 2 1 1 432 612 673 660
3732 4 2 1 1 663 363 489 458
3733 4 2 1 1 166 115 512 617
3734 4 2 1 1 678 617 550 498
3735 4 2 1 1 145 93 488 94
3736 4 2 1 1 687 429 610 536
3737 4 2 1 1 157 158 106 366
3738 4 2 1 1 683 383 566 501
3739 4 2 1 1 685 595 412 410
3740 4 2 1 1 619 688 439 456
3741 4 2 1 1 699 519 533 446
3742 4 2 1 1 514 694 444 366
3743 4 2 1 1 550 2 1 522
3744 4 2 1 1 441 512 115 617
3745 4 2 1 1 662 640 407 591
3746 4 2 1 1 368 550 1 522
3747 4 2 1 1 467 537 689 648
3748 4 2 1 1 122 496 609 428
3749 4 2 1 1 167 115 512 166
3750 4 2 1 1 96 507 543 456
3751 4 2 1 1 690 367 476 510
3752 4 2 1 1 671 633 454 631
3753 4 2 1 1 415 709 528 656
3754 4 2 1 1 639 525 707 614
3755 4 2 1 1 62 41 61 666
3756 4 2 1 1 170 427 490 608
3757 4 2 1 1 448 681 626 563
3758 4 2 1 1 430 662 638 545
3759 4 2 1 1 353 146 95 507
3760 4 2 1 1 611 13 673 431
3761 4 2 1 1 113 163 712 164
3762 4 2 1 1 670 170 490 608
3763 4 2 1 1 427 170 490 119
3764 4 2 1 1 606 425 510 644
3765 4 2 1 1 688 146 534 507
3766 4 2 1 1 551 369 657 658
3767 4 2 1 1 669 145 144 488
3768 4 2 1 1 683 387 569 616
3769 4 2 1 1 499 679 131 427
3770 4 2 1 1 172 122 173 609
3771 4 2 1 1 489 416 582 614
3772 4 2 1 1 556 425 606 644
3773 4 2 1 1 163 113 712 112
3774 4 2 1 1 616 501 387 438
3775 4 2 1 1 656 367 690 549
3776 4 2 1 1 628 449 506 536
3777 4 2 1 1 521 684 432 503
3778 4 2 1 1 708 28 598 527
3779 4 2 1 1 446 533 699 624
3780 4 2 1 1 499 79 130 615
3781 4 2 1 1 545 638 430 482
3782 4 2 1 1 694 366 653 548
3783 4 2 1 1 653 473 558 696
3784 4 2 1 1 705 523 483 603
3785 4 2 1 1 359 47 67 524
3786 4 2 1 1 499 118 679 427
3787 4 2 1 1 679 118 169 427
3788 4 2 1 1 545 468 700 649
3789 4 2 1 1 558 696 72 123
3790 4 2 1 1 688 619 543 456
3791 4 2 1 1 416 582 452 489
3792 4 2 1 1 493 674 488 440
3793 4 2 1 1 694 419 680 514
3794 4 2 1 1 497 632 461 671
3795 4 2 1 1 147 96 95 507
3796 4 2 1 1 600 419 680 694
3797 4 2 1 1 78 651 7 129
3798 4 2 1 1 376 696 72 558
3799 4 2 1 1 562 564 565 380
3800 4 2 1 1 696 376 72 516
3801 4 2 1 1 474 559 517 654
3802 4 2 1 1 105 104 156 361
3803 4 2 1 1 374 379 557 556
3804 4 2 1 1 690 415 476 656
3805 4 2 1 1 499 131 80 427
3806 4 2 1 1 477 527 708 659
3807 4 2 1 1 492 673 431 1601
3808 4 2 1 1 466 711 375 563
3809 4 2 1 1 496 431 611 481
3810 4 2 1 1 602 684 521 420
3811 4 2 1 1 425 467 689 606
3812 4 2 1 1 488 674 669 440
3813 4 2 1 1 504 685 412 410
3814 4 2 1 1 40 39 60 509
3815 4 2 1 1 427 679 131 608
3816 4 2 1 1 387 683 501 616
3817 4 2 1 1 13 673 432 18
3818 4 2 1 1 508 537 467 356
3819 4 2 1 1 565 383 566 683
3820 4 2 1 1 130 679 499 615
3821 4 2 1 1 475 639 416 525
3822 4 2 1 1 495 609 86 428
3823 4 2 1 1 676 86 609 137
3824 4 2 1 1 615 499 79 434
3825 4 2 1 1 154 472 699 652
3826 4 2 1 1 670 81 132 608
3827 4 2 1 1 427 81 490 608
3828 4 2 1 1 169 679 427 608
3829 4 2 1 1 460 642 486 575
3830 4 2 1 1 523 483 603 421
3831 4 2 1 1 491 528 672 602
3832 4 2 1 1 355 506 449 536
3833 4 2 1 1 670 490 81 608
3834 4 2 1 1 29 657 708 31
3835 4 2 1 1 663 614 667 458
3836 4 2 1 1 111 521 612 432
3837 4 2 1 1 501 616 620 438
3838 4 2 1 1 694 444 419 514
3839 4 2 1 1 475 655 639 707
3840 4 2 1 1 612 432 684 660
3841 4 2 1 1 502 364 526 625
3842 4 2 1 1 419 600 622 694
3843 4 2 1 1 614 663 489 458
3844 4 2 1 1 83 529 710 487
3845 4 2 1 1 153 103 102 519
3846 4 2 1 1 676 86 495 609
3847 4 2 1 1 48 69 502 68
3848 4 2 1 1 135 85 531 136
3849 4 2 1 1 155 472 652 541
3850 4 2 1 1 711 557 373 375
3851 4 2 1 1 622 444 694 548
3852 4 2 1 1 711 557 555 373
3853 4 2 1 1 483 664 705 603
3854 4 2 1 1 172 122 609 428
3855 4 2 1 1 709 577 415 672
3856 4 2 1 1 364 546 526 625
3857 4 2 1 1 380 562 557 379
3858 4 2 1 1 661 677 611 481
3859 4 2 1 1 378 560 12 480
3860 4 2 1 1 708 657 477 659
3861 4 2 1 1 468 700 430 545
3862 4 2 1 1 415 690 577 656
3863 4 2 1 1 626 466 448 563
3864 4 2 1 1 481 492 661 378
3865 4 2 1 1 559 517 77 377
3866 4 2 1 1 578 584 513 695
3867 4 2 1 1 167 115 116 512
3868 4 2 1 1 528 709 602 1600
3869 4 2 1 1 616 501 620 683
3870 4 2 1 1 419 500 680 514
3871 4 2 1 1 691 400 585 399
3872 4 2 1 1 702 515 665 630
3873 4 2 1 1 122 172 121 428
3874 4 2 1 1 700 649 360 601
3875 4 2 1 1 529 82 83 710
3876 4 2 1 1 570 701 573 388
3877 4 2 1 1 77 128 697 559
3878 4 2 1 1 528 602 420 1600
3879 4 2 1 1 415 510 690 476
3880 4 2 1 1 706 567 385 682
3881 4 2 1 1 146 353 534 507
3882 4 2 1 1 672 521 162 491
3883 4 2 1 1 46 67 524 66
3884 4 2 1 1 46 67 47 524
3885 4 2 1 1 697 517 77 559
3886 4 2 1 1 525 639 416 614
3887 4 2 1 1 513 354 453 695
3888 4 2 1 1 710 529 424 487
3889 4 2 1 1 426 713 487 531
3890 4 2 1 1 423 461 632 568
3891 4 2 1 1 612 521 684 432
3892 4 2 1 1 484 637 437 682
3893 4 2 1 1 129 78 651 615
3894 4 2 1 1 366 694 444 548
3895 4 2 1 1 478 167 116 479
3896 4 2 1 1 567 447 706 385
3897 4 2 1 1 539 358 515 455
3898 4 2 1 1 562 561 557 379
3899 4 2 1 1 15 10 88 481
3900 4 2 1 1 139 15 88 481
3901 4 2 1 1 2 417 28 1
3902 4 2 1 1 13 611 673 18
3903 4 2 1 1 82 133 134 710
3904 4 2 1 1 110 16 11 420
3905 4 2 1 1 525 707 614 667
3906 4 2 1 1 693 417 598 704
3907 4 2 1 1 702 515 630 629
3908 4 2 1 1 139 88 138 677
3909 4 2 1 1 444 694 419 622
3910 4 2 1 1 641 691 585 399
3911 4 2 1 1 550 678 498 618
3912 4 2 1 1 379 561 557 556
3913 4 2 1 1 613 702 629 435
3914 4 2 1 1 169 119 427 118
3915 4 2 1 1 447 706 643 567
3916 4 2 1 1 662 430 700 545
3917 4 2 1 1 171 120 121 426
3918 4 2 1 1 434 168 117 511
3919 4 2 1 1 28 708 598 30
3920 4 2 1 1 476 415 528 656
3921 4 2 1 1 542 372 698 554
3922 4 2 1 1 171 119 120 424
3923 4 2 1 1 515 630 629 395
3924 4 2 1 1 673 611 431 1601
3925 4 2 1 1 102 352 533 519
3926 4 2 1 1 416 489 525 614
3927 4 2 1 1 477 658 369 478
3928 4 2 1 1 524 66 637 484
3929 4 2 1 1 171 121 172 426
3930 4 2 1 1 701 391 573 388
3931 4 2 1 1 660 12 560 480
3932 4 2 1 1 713 676 136 531
3933 4 2 1 1 417 598 659 693
3934 4 2 1 1 533 153 102 519
3935 4 2 1 1 427 170 169 608
3936 4 2 1 1 119 169 427 170
3937 4 2 1 1 171 119 424 170
3938 4 2 1 1 607 713 668 426
3939 4 2 1 1 511 434 168 692
3940 4 2 1 1 527 708 659 598
3941 4 2 1 1 471 651 434 511
3942 4 2 1 1 668 424 710 605
3943 4 2 1 1 354 485 584 513
3944 4 2 1 1 134 83 710 668
3945 4 2 1 1 521 111 162 491
3946 4 2 1 1 162 521 612 111
3947 4 2 1 1 385 437 706 682
3948 4 2 1 1 507 688 543 456
3949 4 2 1 1 598 527 28 417
3950 4 2 1 1 709 415 577 656
3951 4 2 1 1 424 710 670 529
3952 4 2 1 1 426 676 713 531
3953 4 2 1 1 87 677 88 496
3954 4 2 1 1 660 12 17 560
3955 4 2 1 1 519 533 153 699
3956 4 2 1 1 139 88 677 481
3957 4 2 1 1 134 83 82 710
3958 4 2 1 1 515 358 665 630
3959 4 2 1 1 659 477 658 657
3960 4 2 1 1 522 417 512 704
3961 4 2 1 1 369 551 692 658
3962 4 2 1 1 614 489 525 458
3963 4 2 1 1 676 85 86 136
3964 4 2 1 1 46 66 524 484
3965 4 2 1 1 513 584 354 695
3966 4 2 1 1 496 611 677 481
3967 4 2 1 1 86 676 136 137
3968 4 2 1 1 487 668 135 713
3969 4 2 1 1 584 666 354 695
3970 4 2 1 1 615 78 651 434
3971 4 2 1 1 681 448 381 563
3972 4 2 1 1 135 85 84 531
3973 4 2 1 1 651 369 551 692
3974 4 2 1 1 678 698 617 498
3975 4 2 1 1 434 615 168 692
3976 4 2 1 1 677 87 88 138
3977 4 2 1 1 630 515 486 395
3978 4 2 1 1 372 698 554 678
3979 4 2 1 1 651 369 7 551
3980 4 2 1 1 710 424 670 605
3981 4 2 1 1 607 676 713 426
3982 4 2 1 1 133 81 132 670
3983 4 2 1 1 496 677 88 481
3984 4 2 1 1 417 659 479 512
3985 4 2 1 1 135 84 487 531
3986 4 2 1 1 667 614 525 458
3987 4 2 1 1 79 131 499 130
3988 4 2 1 1 82 670 81 133
3989 4 2 1 1 668 83 710 487
3990 4 2 1 1 130 131 499 679
3991 4 2 1 1 710 82 670 529
3992 4 2 1 1 463 414 597 645
3993 4 2 1 1 693 512 417 704
3994 4 2 1 1 79 131 80 499
3995 4 2 1 1 658 511 369 478
3996 4 2 1 1 651 471 369 511
3997 4 2 1 1 598 659 527 417
3998 4 2 1 1 358 515 486 630
3999 4 2 1 1 527 477 479 659
4000 4 2 1 1 676 85 495 86
4001 4 2 1 1 369 651 7 471
4002 4 2 1 1 512 417 659 693
4003 4 2 1 1 424 668 710 487
4004 4 2 1 1 713 487 668 426
4005 4 2 1 1 477 658 478 479
4006 4 2 1 1 511 651 434 692
4007 4 2 1 1 85 676 531 136
4008 4 2 1 1 625 626 526 448
4009 4 2 1 1 82 670 490 81
4010 4 2 1 1 497 461 701 671
4011 4 2 1 1 82 710 670 133
4012 4 2 1 1 661 560 15 378
4013 4 2 1 1 477 659 658 479
4014 4 2 1 1 682 484 544 423
4015 4 2 1 1 495 676 426 531
4016 4 2 1 1 659 479 527 417
4017 4 2 1 1 651 615 434 692
4018 4 2 1 1 529 670 424 490
4019 4 2 1 1 515 702 539 455
4020 4 2 1 1 369 3 7 551
4021 4 2 1 1 651 551 7 8
4022 4 2 1 1 676 85 531 495
4023 4 2 1 1 692 511 369 658
4024 4 2 1 1 7 4 551 3
4025 4 2 1 1 369 651 511 692
4026 4 2 1 1 670 529 82 490
4027 4 2 1 1 481 661 15 378
4028 4 2 1 1 15 10 481 378
4029 4 2 1 1 4 7 551 8
4030 4 2 1 1 560 12 15 378
4031 4 2 1 1 15 17 12 560
4032 4 2 1 1 12 10 15 378
4033 4 2 1 1 528 420 11 1600
4034 4 2 1 1 80 81 427 1599
4035 4 2 1 1 131 608 132 1599
4036 4 2 1 1 709 16 602 1600
4037 4 2 1 1 84 487 83 1598
4038 4 2 1 1 357 461 632 423
4039 4 2 1 1 492 431 481 1601
4040 4 2 1 1 611 673 661 1601
4041 4 2 1 1 135 134 668 1598
4042 4 2 1 1 459 576 392 394
4043 4 2 1 1 566 385 382 567
4044 4 2 1 1 566 382 385 384
4045 4 2 1 1 433 470 691 400
4046 4 2 1 1 433 691 470 601
4047 4 2 1 1 585 691 470 400
4048 4 2 1 1 585 470 691 601
4049 4 2 1 1 533 101 667 352
4050 4 2 1 1 533 667 101 152
4051 4 2 1 1 700 360 468 520
4052 4 2 1 1 468 360 700 649
4053 4 2 1 1 430 520 662 700
4054 4 2 1 1 430 662 520 451
4055 4 2 1 1 640 662 520 700
4056 4 2 1 1 640 520 662 451
4057 4 2 1 1 650 498 618 469
4058 4 2 1 1 618 498 650 678
4059 4 2 1 1 485 578 513 459
4060 4 2 1 1 513 578 485 584
4061 4 2 1 1 640 404 586 451
4062 4 2 1 1 586 404 640 588
4063 4 2 1 1 711 469 626 466
4064 4 2 1 1 711 626 469 650
4065 4 2 1 1 423 386 682 385
4066 4 2 1 1 423 682 386 568
4067 4 2 1 1 567 682 386 385
4068 4 2 1 1 567 386 682 568
4069 4 2 1 1 506 604 463 422
4070 4 2 1 1 463 604 506 687
4071 4 2 1 1 397 576 459 394
4072 4 2 1 1 459 576 397 579
4073 4 2 1 1 409 573 497 391
4074 4 2 1 1 497 573 409 634
4075 4 2 1 1 435 582 489 452
4076 4 2 1 1 435 489 582 613
4077 4 2 1 1 390 570 573 388
4078 4 2 1 1 573 570 390 572
4079 4 2 1 1 400 586 401 402
4080 4 2 1 1 400 401 586 585
4081 4 2 1 1 563 380 564 562
4082 4 2 1 1 564 380 563 381
4083 4 2 1 1 389 569 616 571
4084 4 2 1 1 389 616 569 387
4085 4 2 1 1 524 437 706 359
4086 4 2 1 1 706 437 524 637
4087 4 2 1 1 706 538 524 359
4088 4 2 1 1 524 538 706 637
4089 4 2 1 1 364 625 69 546
4090 4 2 1 1 69 625 364 502
4091 4 2 1 1 469 626 546 650
4092 4 2 1 1 546 626 469 526
4093 4 2 1 1 436 666 584 636
4094 4 2 1 1 584 666 436 354
4095 4 2 1 1 584 485 436 636
4096 4 2 1 1 436 485 584 354
4097 4 2 1 1 576 393 395 575
4098 4 2 1 1 395 393 576 394
4099 4 2 1 1 98 358 539 455
4100 4 2 1 1 386 570 701 568
4101 4 2 1 1 386 701 570 388
4102 4 2 1 1 360 59 38 39
4103 4 2 1 1 360 38 59 649
4104 4 2 1 1 691 436 540 433
4105 4 2 1 1 691 540 436 636
4106 4 2 1 1 436 540 60 636
4107 4 2 1 1 436 60 540 509
4108 4 2 1 1 395 580 435 396
4109 4 2 1 1 435 580 395 629
4110 4 2 1 1 398 580 397 396
4111 4 2 1 1 397 580 398 581
4112 4 2 1 1 401 452 582 583
4113 4 2 1 1 582 452 401 416
4114 4 2 1 1 582 639 401 583
4115 4 2 1 1 401 639 582 416
4116 4 2 1 1 453 633 634 535
4117 4 2 1 1 634 633 453 454
4118 4 2 1 1 663 99 539 363
4119 4 2 1 1 663 539 99 150
4120 4 2 1 1 618 364 469 442
4121 4 2 1 1 469 364 618 546
4122 4 2 1 1 566 387 386 569
4123 4 2 1 1 386 387 566 384
4124 4 2 1 1 450 674 457 493
4125 4 2 1 1 450 457 674 627
4126 4 2 1 1 442 550 498 618
4127 4 2 1 1 442 498 550 368
4128 4 2 1 1 544 45 66 65
4129 4 2 1 1 544 66 45 484
4130 4 2 1 1 371 556 555 553
4131 4 2 1 1 555 556 371 374
4132 4 2 1 1 515 665 539 702
4133 4 2 1 1 539 665 515 358
4134 4 2 1 1 372 555 650 554
4135 4 2 1 1 372 650 555 373
4136 4 2 1 1 578 392 576 574
4137 4 2 1 1 578 576 392 459
4138 4 2 1 1 533 475 707 655
4139 4 2 1 1 533 707 475 352
4140 4 2 1 1 397 580 576 396
4141 4 2 1 1 576 580 397 579
4142 4 2 1 1 458 151 101 667
4143 4 2 1 1 458 101 151 100
4144 4 2 1 1 536 482 429 638
4145 4 2 1 1 429 482 536 355
4146 4 2 1 1 403 655 639 475
4147 4 2 1 1 639 655 403 587
4148 4 2 1 1 545 37 58 57
4149 4 2 1 1 545 58 37 468
4150 4 2 1 1 557 380 563 562
4151 4 2 1 1 563 380 557 375
4152 4 2 1 1 631 497 632 357
4153 4 2 1 1 631 632 497 671
4154 4 2 1 1 619 460 456 439
4155 4 2 1 1 456 460 619 642
4156 4 2 1 1 405 624 655 446
4157 4 2 1 1 405 655 624 589
4158 4 2 1 1 666 453 695 535
4159 4 2 1 1 695 453 666 354
4160 4 2 1 1 671 454 634 497
4161 4 2 1 1 671 634 454 633
4162 4 2 1 1 379 627 508 450
4163 4 2 1 1 379 508 627 561
4164 4 2 1 1 382 565 380 383
4165 4 2 1 1 380 565 382 564
4166 4 2 1 1 408 591 610 407
4167 4 2 1 1 610 591 408 592
4168 4 2 1 1 379 556 425 561
4169 4 2 1 1 425 556 379 374
4170 4 2 1 1 566 501 387 683
4171 4 2 1 1 387 501 566 384
4172 4 2 1 1 565 380 450 562
4173 4 2 1 1 450 380 565 383
4174 4 2 1 1 497 573 701 391
4175 4 2 1 1 497 701 573 671
4176 4 2 1 1 536 506 429 355
4177 4 2 1 1 536 429 506 687
4178 4 2 1 1 542 518 372 362
4179 4 2 1 1 542 372 518 698
4180 4 2 1 1 470 700 360 601
4181 4 2 1 1 470 360 700 520
4182 4 2 1 1 699 103 153 519
4183 4 2 1 1 699 153 103 154
4184 4 2 1 1 518 617 498 441
4185 4 2 1 1 518 498 617 698
4186 4 2 1 1 698 498 372 518
4187 4 2 1 1 372 498 698 678
4188 4 2 1 1 528 1600 16 709
4189 4 2 1 1 16 1600 528 11
4190 4 2 1 1 16 656 528 709
4191 4 2 1 1 528 656 16 11
4192 4 2 1 1 98 665 539 358
4193 4 2 1 1 539 665 98 149
4194 4 2 1 1 509 360 59 540
4195 4 2 1 1 59 360 509 39
4196 4 2 1 1 59 60 509 540
4197 4 2 1 1 509 60 59 39
4198 4 2 2 31 1391 1503 1718 1957
4199 4 2 2 31 1609 1716 1274 1986
4200 4 2 2 31 461 1641 1775 1922
4201 4 2 2 31 1332 1826 1822 1933
4202 4 2 2 31 1218 1363 1215 1645
4203 4 2 2 31 1130 1665 1831 1906
4204 4 2 2 31 1643 1773 772 1800
4205 4 2 2 31 1609 1274 1805 1986
4206 4 2 2 31 1650 1744 1372 1765
4207 4 2 2 31 1708 1864 1653 1948
4208 4 2 2 31 814 1731 1656 1872
4209 4 2 2 31 1643 1695 1649 1773
4210 4 2 2 31 1332 1822 1826 2046
4211 4 2 2 31 855 1705 1617 1851
4212 4 2 2 31 1656 1731 958 1872
4213 4 2 2 31 979 851 938 1719
4214 4 2 2 31 1649 1695 1643 1814
4215 4 2 2 31 1130 1831 1172 1906
4216 4 2 2 31 979 851 1719 1995
4217 4 2 2 31 1241 1907 1730 1978
4218 4 2 2 31 1007 1773 1912 2081
4219 4 2 2 31 855 1617 1705 2055
4220 4 2 2 31 1172 1831 1814 1906
4221 4 2 2 31 979 938 1660 1719
4222 4 2 2 31 1625 382 1741 1823
4223 4 2 2 31 1019 1063 1078 1692
4224 4 2 2 31 1656 1751 1280 1779
4225 4 2 2 31 855 1738 1617 2055
4226 4 2 2 31 1610 1712 1679 1970
4227 4 2 2 31 1363 1645 1218 1898
4228 4 2 2 31 1396 1241 1441 1907
4229 4 2 2 31 475 1688 1803 1813
4230 4 2 2 31 855 1851 1617 1924
4231 4 2 2 31 1391 1718 1751 1957
4232 4 2 2 31 1644 1802 472 1803
4233 4 2 2 31 1633 1906 1826 1944
4234 4 2 2 31 1310 1696 1090 1988
4235 4 2 2 31 1265 1618 1264 1983
4236 4 2 2 31 1218 1645 1215 1835
4237 4 2 2 31 731 1787 1643 1830
4238 4 2 2 31 1129 1826 1906 1944
4239 4 2 2 31 467 1722 1639 1969
4240 4 2 2 31 1183 1618 1265 1791
4241 4 2 2 31 1280 1281 1417 2044
4242 4 2 2 31 1363 1215 1645 1794
4243 4 2 2 31 979 1719 1660 1995
4244 4 2 2 31 1272 1679 1712 1970
4245 4 2 2 31 1748 1765 1650 1917
4246 4 2 2 31 1814 1831 1665 1906
4247 4 2 2 31 1645 1218 1811 1835
4248 4 2 2 31 1618 1890 1264 1983
4249 4 2 2 31 1700 1241 1887 1978
4250 4 2 2 31 1644 1719 472 1802
4251 4 2 2 31 465 1030 376 1675
4252 4 2 2 31 1653 1849 1685 1863
4253 4 2 2 31 1685 1849 1651 1863
4254 4 2 2 31 1653 1685 1651 1863
4255 4 2 2 31 467 1969 1639 1979
4256 4 2 2 31 1627 1669 1628 1758
4257 4 2 2 31 1741 1823 382 1867
4258 4 2 2 31 1391 1751 1503 1957
4259 4 2 2 31 1648 1801 1439 1871
4260 4 2 2 31 1222 1372 1744 1765
4261 4 2 2 31 1730 1907 1718 1958
4262 4 2 2 31 1439 1801 1648 1885
4263 4 2 2 31 1803 1813 1611 1918
4264 4 2 2 31 1288 1718 1730 1907
4265 4 2 2 31 1093 1294 1787 1830
4266 4 2 2 31 1310 740 1696 1988
4267 4 2 2 31 1126 1713 1629 1935
4268 4 2 2 31 382 1900 1625 1916
4269 4 2 2 31 78 1676 1685 1895
4270 4 2 2 31 1358 1629 1814 1935
4271 4 2 2 31 1417 1280 1751 1779
4272 4 2 2 31 949 1731 801 1872
4273 4 2 2 31 1126 1629 1358 1935
4274 4 2 2 31 1822 1826 1625 1933
4275 4 2 2 31 1681 1696 740 1988
4276 4 2 2 31 1654 1799 761 1985
4277 4 2 2 31 372 1754 1652 1904
4278 4 2 2 31 1652 372 1904 1914
4279 4 2 2 31 1695 1773 1643 1912
4280 4 2 2 31 1310 740 1090 1696
4281 4 2 2 31 1652 1776 372 1914
4282 4 2 2 31 1332 1822 1133 1933
4283 4 2 2 31 1183 1264 1265 1618
4284 4 2 2 31 814 801 1731 1872
4285 4 2 2 31 467 1639 1722 1778
4286 4 2 2 31 1652 1754 372 1776
4287 4 2 2 31 1628 1758 1669 1905
4288 4 2 2 31 1396 1730 1241 1907
4289 4 2 2 31 375 1867 1633 1904
4290 4 2 2 31 1285 1864 1708 1948
4291 4 2 2 31 1625 1826 1822 2046
4292 4 2 2 31 1264 1618 1183 1890
4293 4 2 2 31 1621 1766 506 1809
4294 4 2 2 31 772 1643 782 1773
4295 4 2 2 31 1391 1751 1718 2045
4296 4 2 2 31 1774 1673 1898 1999
4297 4 2 2 31 1649 1814 1643 2071
4298 4 2 2 31 506 422 1766 1980
4299 4 2 2 31 1649 1643 1787 2071
4300 4 2 2 31 782 1643 772 1800
4301 4 2 2 31 1621 506 1766 1980
4302 4 2 2 31 1825 1941 865 2072
4303 4 2 2 31 381 375 466 1867
4304 4 2 2 31 1645 1794 1215 1808
4305 4 2 2 31 1676 1716 1895 1986
4306 4 2 2 31 475 1813 1803 1918
4307 4 2 2 31 1644 1803 472 1908
4308 4 2 2 31 1274 1805 1407 1929
4309 4 2 2 31 1478 1668 887 1839
4310 4 2 2 31 1274 1609 1805 1929
4311 4 2 2 31 956 1063 1019 1692
4312 4 2 2 31 862 1773 1695 1912
4313 4 2 2 31 1649 1773 1003 1840
4314 4 2 2 31 1652 1757 1754 1776
4315 4 2 2 31 1174 1177 1786 1808
4316 4 2 2 31 1774 1845 1673 1999
4317 4 2 2 31 440 1634 493 1900
4318 4 2 2 31 1645 1811 1218 1898
4319 4 2 2 31 1749 1811 1218 1835
4320 4 2 2 31 1265 1756 1618 1983
4321 4 2 2 31 1602 1657 1893 1978
4322 4 2 2 31 1617 1738 855 1924
4323 4 2 2 31 1612 1797 1693 1808
4324 4 2 2 31 1647 1815 1437 2028
4325 4 2 2 31 1174 1786 1791 1808
4326 4 2 2 31 1368 1714 1847 1865
4327 4 2 2 31 1363 1794 1645 1898
4328 4 2 2 31 1676 1716 1685 1895
4329 4 2 2 31 1372 1650 1765 1917
4330 4 2 2 31 949 958 1731 1872
4331 4 2 2 31 461 357 1641 1922
4332 4 2 2 31 1740 1871 1648 1885
4333 4 2 2 31 1126 1358 1629 1906
4334 4 2 2 31 375 466 1867 1904
4335 4 2 2 31 42 1686 1682 1946
4336 4 2 2 31 1639 1778 467 1979
4337 4 2 2 31 761 1799 1654 1921
4338 4 2 2 31 731 1093 1787 1830
4339 4 2 2 31 1774 1898 1845 1999
4340 4 2 2 31 1645 1808 1215 1835
4341 4 2 2 31 1652 1757 1776 1884
4342 4 2 2 31 740 1681 741 1696
4343 4 2 2 31 1421 1865 1734 1897
4344 4 2 2 31 357 1832 1641 1922
4345 4 2 2 31 770 1840 1773 1923
4346 4 2 2 31 1019 1078 1549 1692
4347 4 2 2 31 1605 1700 1887 1978
4348 4 2 2 31 1026 916 1888 1895
4349 4 2 2 31 1625 1741 382 1916
4350 4 2 2 31 1288 1430 1718 1907
4351 4 2 2 31 348 1593 1462 2016
4352 4 2 2 31 1358 1814 1629 1906
4353 4 2 2 31 1653 1941 1825 2072
4354 4 2 2 31 1175 1176 1952 2038
4355 4 2 2 31 741 1696 1681 1795
4356 4 2 2 31 1745 1952 1176 2038
4357 4 2 2 31 1298 1102 1678 2059
4358 4 2 2 31 1372 1765 1748 1917
4359 4 2 2 31 828 1878 1690 1949
4360 4 2 2 31 1545 1839 1705 1854
4361 4 2 2 31 1611 1803 1688 1813
4362 4 2 2 31 1175 1176 1745 1952
4363 4 2 2 31 1077 1018 797 1694
4364 4 2 2 31 436 1774 1686 1853
4365 4 2 2 31 1123 1843 1848 1884
4366 4 2 2 31 731 782 1643 1787
4367 4 2 2 31 1171 1672 1183 1791
4368 4 2 2 31 390 391 1844 1961
4369 4 2 2 31 1624 1844 1792 1961
4370 4 2 2 31 1632 1710 1366 1828
4371 4 2 2 31 1574 1676 1661 1889
4372 4 2 2 31 1274 1716 1889 1986
4373 4 2 2 31 1709 1721 1604 1804
4374 4 2 2 31 1183 1791 1672 1890
4375 4 2 2 31 1605 1700 1240 1887
4376 4 2 2 31 1673 1845 1993 1999
4377 4 2 2 31 1241 1700 1907 1978
4378 4 2 2 31 1372 1744 1650 1861
4379 4 2 2 31 862 1649 1695 1773
4380 4 2 2 31 463 506 422 1766
4381 4 2 2 31 1792 1844 391 1961
4382 4 2 2 31 1016 1667 963 1804
4383 4 2 2 31 1628 1627 1758 1778
4384 4 2 2 31 1641 1832 357 1965
4385 4 2 2 31 772 1800 1773 2081
4386 4 2 2 31 1738 1770 855 1924
4387 4 2 2 31 497 1641 357 1965
4388 4 2 2 31 1425 1863 1653 1948
4389 4 2 2 31 1457 1652 1757 1821
4390 4 2 2 31 454 1965 1832 1976
4391 4 2 2 31 1365 1811 1631 1994
4392 4 2 2 31 461 357 497 1641
4393 4 2 2 31 1629 1713 1126 2001
4394 4 2 2 31 1593 1698 1462 2016
4395 4 2 2 31 1421 1346 1865 1897
4396 4 2 2 31 1576 1685 1676 1716
4397 4 2 2 31 1016 869 963 1667
4398 4 2 2 31 782 731 1643 1830
4399 4 2 2 31 1196 1655 1724 1850
4400 4 2 2 31 1167 1826 1129 1944
4401 4 2 2 31 472 1719 1644 1771
4402 4 2 2 31 506 1621 1809 1980
4403 4 2 2 31 1685 1849 1653 1864
4404 4 2 2 31 1673 1845 1774 1993
4405 4 2 2 31 1693 1797 1622 1808
4406 4 2 2 31 1609 1895 1716 1986
4407 4 2 2 31 1669 1758 1627 1905
4408 4 2 2 31 38 1693 1797 1875
4409 4 2 2 31 440 1634 1827 2053
4410 4 2 2 31 1773 1800 1643 2081
4411 4 2 2 31 440 488 1634 2053
4412 4 2 2 31 1773 1840 1649 1923
4413 4 2 2 31 1634 1790 488 1807
4414 4 2 2 31 1222 1748 1372 1765
4415 4 2 2 31 1634 440 1827 1900
4416 4 2 2 31 1733 1766 422 1980
4417 4 2 2 31 908 1709 1804 1903
4418 4 2 2 31 1519 1705 1747 1854
4419 4 2 2 31 855 990 1705 1851
4420 4 2 2 31 1425 1653 1863 1864
4421 4 2 2 31 1695 1814 1665 1906
4422 4 2 2 31 1272 1712 1226 1970
4423 4 2 2 31 1682 1847 1714 1865
4424 4 2 2 31 1651 1685 1653 2072
4425 4 2 2 31 1260 1871 1740 1885
4426 4 2 2 31 1656 814 1872 2044
4427 4 2 2 31 375 1633 1823 1904
4428 4 2 2 31 440 488 493 1634
4429 4 2 2 31 943 1732 1859 1976
4430 4 2 2 31 892 772 1773 2081
4431 4 2 2 31 483 1733 523 1954
4432 4 2 2 31 1765 1928 1224 2030
4433 4 2 2 31 1030 1056 1075 1675
4434 4 2 2 31 1612 1791 1786 1808
4435 4 2 2 31 908 951 1709 1903
4436 4 2 2 31 1706 1893 1657 1978
4437 4 2 2 31 1606 1801 1711 1871
4438 4 2 2 31 1693 1791 1612 1808
4439 4 2 2 31 467 356 1969 1979
4440 4 2 2 31 86 1701 1647 1915
4441 4 2 2 31 97 1738 1761 1782
4442 4 2 2 31 949 961 801 1731
4443 4 2 2 31 1647 1915 1701 2028
4444 4 2 2 31 1183 1618 1791 1890
4445 4 2 2 31 1366 1710 1632 1959
4446 4 2 2 31 1641 1847 1714 1976
4447 4 2 2 31 1711 1801 1648 1871
4448 4 2 2 31 1456 1849 1325 2075
4449 4 2 2 31 887 1668 1478 1879
4450 4 2 2 31 1682 1714 1646 1865
4451 4 2 2 31 862 1007 1773 1912
4452 4 2 2 31 1331 1780 1679 1913
4453 4 2 2 31 1126 1128 1358 1906
4454 4 2 2 31 1288 1730 1718 1958
4455 4 2 2 31 1849 1863 1653 1864
4456 4 2 2 31 1651 1653 1825 2072
4457 4 2 2 31 1629 1814 1695 1906
4458 4 2 2 31 1240 1700 1605 1784
4459 4 2 2 31 1646 1897 1865 2031
4460 4 2 2 31 1366 1715 1710 1959
4461 4 2 2 31 1016 963 907 1804
4462 4 2 2 31 1325 1651 1878 2075
4463 4 2 2 31 1578 434 1676 1685
4464 4 2 2 31 99 855 1770 1924
4465 4 2 2 31 1632 1828 1366 1959
4466 4 2 2 31 1643 1773 1649 1787
4467 4 2 2 31 97 1761 1738 2055
4468 4 2 2 31 1697 1739 778 1756
4469 4 2 2 31 990 1851 855 1924
4470 4 2 2 31 475 1803 1688 1975
4471 4 2 2 31 1078 1063 1036 1692
4472 4 2 2 31 1578 1676 1576 1685
4473 4 2 2 31 1049 1717 1675 1841
4474 4 2 2 31 1786 1808 1177 2037
4475 4 2 2 31 1693 1786 1612 1791
4476 4 2 2 31 1196 1724 1655 1861
4477 4 2 2 31 42 1686 1946 1973
4478 4 2 2 31 1658 1709 951 1903
4479 4 2 2 31 1483 1678 1102 2059
4480 4 2 2 31 1665 1814 1695 1831
4481 4 2 2 31 1060 1717 1049 1841
4482 4 2 2 31 436 1645 1774 1853
4483 4 2 2 31 1685 1716 1609 1895
4484 4 2 2 31 1648 1711 1606 1801
4485 4 2 2 31 360 1797 1693 2032
4486 4 2 2 31 1679 1610 1970 2068
4487 4 2 2 31 1280 1656 1779 1815
4488 4 2 2 31 1751 1957 1718 2045
4489 4 2 2 31 1274 1716 1609 1864
4490 4 2 2 31 1771 1908 1626 1981
4491 4 2 2 31 1832 1965 1641 1976
4492 4 2 2 31 1298 1678 1887 2059
4493 4 2 2 31 412 1626 1940 1968
4494 4 2 2 31 1365 1631 1847 1994
4495 4 2 2 31 376 500 465 1675
4496 4 2 2 31 1497 1751 1731 1862
4497 4 2 2 31 1647 1788 1437 1815
4498 4 2 2 31 504 1908 1626 1968
4499 4 2 2 31 1346 1865 1897 2031
4500 4 2 2 31 1273 1274 1889 1986
4501 4 2 2 31 1629 1695 1665 1906
4502 4 2 2 31 493 1634 488 1807
4503 4 2 2 31 1631 1811 1365 1847
4504 4 2 2 31 1750 1783 1212 2019
4505 4 2 2 31 446 472 1802 1803
4506 4 2 2 31 39 1875 1797 2006
4507 4 2 2 31 1325 1651 1863 1878
4508 4 2 2 31 1298 1511 1102 2059
4509 4 2 2 31 531 1909 1663 1915
4510 4 2 2 31 38 1797 39 1875
4511 4 2 2 31 1077 1037 1064 1694
4512 4 2 2 31 1757 1856 1628 1939
4513 4 2 2 31 1656 1872 958 1902
4514 4 2 2 31 1653 865 1825 1941
4515 4 2 2 31 1679 1780 1624 1913
4516 4 2 2 31 1624 1679 1726 1780
4517 4 2 2 31 1647 1701 86 1902
4518 4 2 2 31 1424 1652 1723 1884
4519 4 2 2 31 1023 1804 1709 1866
4520 4 2 2 31 1577 1776 1757 1884
4521 4 2 2 31 42 1682 1686 2057
4522 4 2 2 31 483 1687 1733 1954
4523 4 2 2 31 523 1954 1733 2077
4524 4 2 2 31 1241 1240 1700 1887
4525 4 2 2 31 1167 1129 1328 1944
4526 4 2 2 31 414 1733 1910 1940
4527 4 2 2 31 1310 1681 740 1988
4528 4 2 2 31 962 1704 1888 1941
4529 4 2 2 31 1717 1785 1675 1920
4530 4 2 2 31 465 1675 500 1777
4531 4 2 2 31 1780 1913 1331 1974
4532 4 2 2 31 1026 1888 1699 1895
4533 4 2 2 31 531 1915 1663 2047
4534 4 2 2 31 414 1766 1733 1940
4535 4 2 2 31 1641 1682 1847 1976
4536 4 2 2 31 740 734 1090 1696
4537 4 2 2 31 1648 1801 1043 1885
4538 4 2 2 31 1240 1784 1605 1996
4539 4 2 2 31 1693 1769 37 2080
4540 4 2 2 31 463 422 1733 1766
4541 4 2 2 31 1520 885 1705 1839
4542 4 2 2 31 1674 1775 1624 1822
4543 4 2 2 31 997 1859 1646 1976
4544 4 2 2 31 1424 1457 1652 1884
4545 4 2 2 31 1325 1849 1651 2075
4546 4 2 2 31 979 1660 938 2005
4547 4 2 2 31 1644 1908 1771 1981
4548 4 2 2 31 99 855 1738 1770
4549 4 2 2 31 1662 1737 1783 2019
4550 4 2 2 31 1625 1823 1741 1867
4551 4 2 2 31 1604 1721 1709 2069
4552 4 2 2 31 1286 1864 1285 1948
4553 4 2 2 31 1171 1786 1672 1791
4554 4 2 2 31 1712 1761 1738 1782
4555 4 2 2 31 497 1792 1641 1965
4556 4 2 2 31 412 1626 504 1940
4557 4 2 2 31 738 1836 1932 2025
4558 4 2 2 31 1482 1298 1108 1730
4559 4 2 2 31 1624 1822 1775 1837
4560 4 2 2 31 1424 1723 1652 1944
4561 4 2 2 31 1638 1717 1675 1920
4562 4 2 2 31 1636 1928 1765 2030
4563 4 2 2 31 1545 1529 1839 1854
4564 4 2 2 31 1520 1705 1545 1839
4565 4 2 2 31 1264 1890 1696 1983
4566 4 2 2 31 938 2005 1660 2024
4567 4 2 2 31 1196 1724 1193 1850
4568 4 2 2 31 436 1797 1645 1853
4569 4 2 2 31 1645 1811 1749 1835
4570 4 2 2 31 997 943 1859 1976
4571 4 2 2 31 1052 1796 1785 1938
4572 4 2 2 31 1660 1719 938 2024
4573 4 2 2 31 1007 924 1773 2081
4574 4 2 2 31 1692 1926 1743 2033
4575 4 2 2 31 436 354 1686 1774
4576 4 2 2 31 484 1832 1620 1896
4577 4 2 2 31 1175 1952 1750 2038
4578 4 2 2 31 36 1769 1809 2080
4579 4 2 2 31 1687 1777 494 1910
4580 4 2 2 31 1861 1927 1753 1982
4581 4 2 2 31 961 833 801 1731
4582 4 2 2 31 504 1626 412 1968
4583 4 2 2 31 38 1693 360 1797
4584 4 2 2 31 862 1695 1649 1896
4585 4 2 2 31 945 990 855 1924
4586 4 2 2 31 814 1656 1731 2044
4587 4 2 2 31 1737 1212 1783 2019
4588 4 2 2 31 1797 1875 1622 2006
4589 4 2 2 31 1653 1685 1941 2072
4590 4 2 2 31 782 1643 773 1830
4591 4 2 2 31 1661 1676 1603 1889
4592 4 2 2 31 1712 1928 1636 2030
4593 4 2 2 31 1497 1731 1751 1891
4594 4 2 2 31 1325 1878 1324 2075
4595 4 2 2 31 465 1056 1675 1777
4596 4 2 2 31 436 1686 41 1853
4597 4 2 2 31 1625 1826 1823 1867
4598 4 2 2 31 1332 1145 1133 1822
4599 4 2 2 31 440 438 1827 1900
4600 4 2 2 31 951 1709 1658 1870
4601 4 2 2 31 1662 1783 1750 2019
4602 4 2 2 31 1437 1788 1647 2028
4603 4 2 2 31 738 1932 1681 2025
4604 4 2 2 31 1750 1950 1747 2019
4605 4 2 2 31 1457 1342 1652 1821
4606 4 2 2 31 1714 1847 1682 1976
4607 4 2 2 31 1171 1211 1183 1672
4608 4 2 2 31 1786 1880 1760 2037
4609 4 2 2 31 1734 1865 1646 1897
4610 4 2 2 31 1624 1913 1780 1974
4611 4 2 2 31 1354 1801 1439 1885
4612 4 2 2 31 1456 1325 1324 2075
4613 4 2 2 31 1273 1805 1274 1986
4614 4 2 2 31 906 28 1810 1866
4615 4 2 2 31 1640 1738 1712 1761
4616 4 2 2 31 1692 1743 1490 2033
4617 4 2 2 31 360 1693 1876 2032
4618 4 2 2 31 371 1754 372 1904
4619 4 2 2 31 1030 465 1056 1675
4620 4 2 2 31 382 383 1900 1916
4621 4 2 2 31 871 789 719 1704
4622 4 2 2 31 1200 1636 1748 1765
4623 4 2 2 31 1130 1831 1665 2078
4624 4 2 2 31 1694 1932 1836 2025
4625 4 2 2 31 1157 1880 1720 1937
4626 4 2 2 31 1645 1797 436 1845
4627 4 2 2 31 1259 1801 1834 1871
4628 4 2 2 31 1274 1407 1284 1929
4629 4 2 2 31 872 1539 1731 1862
4630 4 2 2 31 1646 1824 997 1976
4631 4 2 2 31 1052 1785 1717 1938
4632 4 2 2 31 858 997 1824 1976
4633 4 2 2 31 869 721 963 1667
4634 4 2 2 31 516 376 1030 1675
4635 4 2 2 31 1690 1878 1846 1949
4636 4 2 2 31 1075 1675 1056 1777
4637 4 2 2 31 1478 1523 1668 1839
4638 4 2 2 31 410 412 504 1940
4639 4 2 2 31 1635 1812 1742 2017
4640 4 2 2 31 1646 1859 1732 1976
4641 4 2 2 31 1212 1750 1175 1783
4642 4 2 2 31 1685 1716 1579 1849
4643 4 2 2 31 1630 1848 1843 1884
4644 4 2 2 31 1604 1661 1848 1866
4645 4 2 2 31 1200 1748 1636 2030
4646 4 2 2 31 1077 797 1037 1694
4647 4 2 2 31 1130 1427 1831 2078
4648 4 2 2 31 1612 1786 1760 2037
4649 4 2 2 31 828 804 1878 1949
4650 4 2 2 31 773 1643 782 1800
4651 4 2 2 31 1606 1947 1801 2025
4652 4 2 2 31 1123 1630 1843 1884
4653 4 2 2 31 1708 1888 1704 1941
4654 4 2 2 31 892 1800 772 2081
4655 4 2 2 31 1576 1716 1676 1889
4656 4 2 2 31 1629 1126 1906 2001
4657 4 2 2 31 410 1908 1772 1940
4658 4 2 2 31 1424 1457 1342 1652
4659 4 2 2 31 1646 1714 1682 1976
4660 4 2 2 31 780 778 1739 1756
4661 4 2 2 31 43 42 1682 1946
4662 4 2 2 31 1119 1905 1784 1996
4663 4 2 2 31 720 1336 1083 1739
4664 4 2 2 31 1760 1786 1612 1876
4665 4 2 2 31 418 494 1777 1910
4666 4 2 2 31 922 1649 1003 1840
4667 4 2 2 31 1183 1672 1211 1890
4668 4 2 2 31 1071 1675 1717 1785
4669 4 2 2 31 958 1731 1656 1862
4670 4 2 2 31 1228 1710 1366 1715
4671 4 2 2 31 1067 1051 1080 1692
4672 4 2 2 31 454 357 1832 1965
4673 4 2 2 31 391 1775 1792 1961
4674 4 2 2 31 1511 1483 1102 2059
4675 4 2 2 31 516 1675 1030 1785
4676 4 2 2 31 1200 1636 1765 2030
4677 4 2 2 31 1863 1878 1651 2070
4678 4 2 2 31 1712 1224 1928 2030
4679 4 2 2 31 1164 1174 1177 1786
4680 4 2 2 31 1647 1872 86 1909
4681 4 2 2 31 1683 1778 1628 1962
4682 4 2 2 31 988 853 1664 1924
4683 4 2 2 31 768 1840 770 1923
4684 4 2 2 31 1705 1839 885 2055
4685 4 2 2 31 1689 1820 1639 1979
4686 4 2 2 31 1626 1908 1762 1981
4687 4 2 2 31 1016 1667 970 1816
4688 4 2 2 31 1298 1887 1730 2059
4689 4 2 2 31 1041 1068 1081 1694
4690 4 2 2 31 1573 1848 1727 1884
4691 4 2 2 31 858 1824 1946 1976
4692 4 2 2 31 1622 1791 1693 1808
4693 4 2 2 31 917 1704 719 1888
4694 4 2 2 31 1647 1909 86 1915
4695 4 2 2 31 871 719 917 1704
4696 4 2 2 31 1645 1845 1774 1898
4697 4 2 2 31 78 1676 434 1685
4698 4 2 2 31 1325 1878 1863 2070
4699 4 2 2 31 424 529 1690 2047
4700 4 2 2 31 906 1804 28 1866
4701 4 2 2 31 991 989 1654 1921
4702 4 2 2 31 1257 1714 1865 2031
4703 4 2 2 31 1593 1919 1698 2016
4704 4 2 2 31 991 1654 1799 1921
4705 4 2 2 31 375 1823 1683 1904
4706 4 2 2 31 1130 1427 1172 1831
4707 4 2 2 31 1030 1675 1071 1785
4708 4 2 2 31 1403 1261 1834 2025
4709 4 2 2 31 1791 1875 1618 2008
4710 4 2 2 31 876 1058 1063 1796
4711 4 2 2 31 1 1023 1709 1866
4712 4 2 2 31 875 1064 1059 1793
4713 4 2 2 31 1786 1880 1161 1937
4714 4 2 2 31 1807 1823 450 1900
4715 4 2 2 31 1365 1847 1160 1994
4716 4 2 2 31 1148 1783 1742 2017
4717 4 2 2 31 1043 1045 1072 1954
4718 4 2 2 31 1249 1779 1751 2045
4719 4 2 2 31 1820 1826 1167 1944
4720 4 2 2 31 738 1681 718 2025
4721 4 2 2 31 949 958 961 1731
4722 4 2 2 31 1593 1462 1698 1919
4723 4 2 2 31 1741 1881 1620 1933
4724 4 2 2 31 1577 1727 1776 1884
4725 4 2 2 31 1272 1679 1970 2068
4726 4 2 2 31 1639 1820 1689 1962
4727 4 2 2 31 37 1769 1693 2065
4728 4 2 2 31 1043 1045 1648 1885
4729 4 2 2 31 989 944 991 1654
4730 4 2 2 31 1817 1867 466 1904
4731 4 2 2 31 738 1836 1694 1932
4732 4 2 2 31 1030 1071 1055 1785
4733 4 2 2 31 915 1692 1489 2033
4734 4 2 2 31 472 1771 1644 1908
4735 4 2 2 31 421 1687 494 1910
4736 4 2 2 31 1260 1740 1871 1971
4737 4 2 2 31 963 1804 1667 1903
4738 4 2 2 31 1254 1989 1749 2050
4739 4 2 2 31 1602 1700 1657 1978
4740 4 2 2 31 1003 1649 862 1773
4741 4 2 2 31 42 1946 941 1973
4742 4 2 2 31 1606 1834 1801 1871
4743 4 2 2 31 1625 1741 1826 1867
4744 4 2 2 31 1658 1721 1709 1804
4745 4 2 2 31 1241 1700 1441 1907
4746 4 2 2 31 1523 1478 1668 1879
4747 4 2 2 31 1556 1579 1716 1849
4748 4 2 2 31 1845 1898 1794 1999
4749 4 2 2 31 475 416 1688 1813
4750 4 2 2 31 1624 1792 1775 1961
4751 4 2 2 31 500 1777 1675 1953
4752 4 2 2 31 1179 1835 1808 2008
4753 4 2 2 31 364 1852 1912 1942
4754 4 2 2 31 865 1653 1825 2009
4755 4 2 2 31 1519 1747 1532 1854
4756 4 2 2 31 1009 1680 874 2004
4757 4 2 2 31 1653 1863 820 1948
4758 4 2 2 31 405 406 1908 1975
4759 4 2 2 31 1724 1655 1861 1917
4760 4 2 2 31 1400 1714 1894 2078
4761 4 2 2 31 400 1845 1755 1925
4762 4 2 2 31 869 783 721 1667
4763 4 2 2 31 351 464 1057 1777
4764 4 2 2 31 1639 1820 1962 1979
4765 4 2 2 31 1695 1814 1649 2071
4766 4 2 2 31 1299 1298 1678 1887
4767 4 2 2 31 1610 1738 1737 1770
4768 4 2 2 31 1416 1748 1200 2030
4769 4 2 2 31 484 46 1832 1896
4770 4 2 2 31 1772 1908 1626 1940
4771 4 2 2 31 1606 1711 1834 1871
4772 4 2 2 31 1137 1913 1837 1974
4773 4 2 2 31 1709 1727 1604 1843
4774 4 2 2 31 1638 1920 1675 2011
4775 4 2 2 31 1123 1843 1630 2001
4776 4 2 2 31 1400 1874 1714 2078
4777 4 2 2 31 1043 1648 1045 1954
4778 4 2 2 31 1553 424 1690 2047
4779 4 2 2 31 1620 1832 484 1922
4780 4 2 2 31 1720 1882 1157 1937
4781 4 2 2 31 1175 1783 1750 1952
4782 4 2 2 31 424 1553 1690 2026
4783 4 2 2 31 1665 1881 1741 1933
4784 4 2 2 31 1698 1919 1883 2016
4785 4 2 2 31 1665 1620 1881 1933
4786 4 2 2 31 492 1657 378 1883
4787 4 2 2 31 1643 1912 1773 2081
4788 4 2 2 31 1254 1865 1989 2050
4789 4 2 2 31 1368 1257 1714 1865
4790 4 2 2 31 1156 1161 1786 1880
4791 4 2 2 31 1329 779 1084 1691
4792 4 2 2 31 1240 1119 1784 1996
4793 4 2 2 31 1699 1763 749 1816
4794 4 2 2 31 1634 1807 493 1900
4795 4 2 2 31 1682 1641 1965 1976
4796 4 2 2 31 1071 1717 1053 1785
4797 4 2 2 31 1424 1652 1342 1944
4798 4 2 2 31 1801 1947 1403 2025
4799 4 2 2 31 1698 1883 1642 2012
4800 4 2 2 31 846 900 899 1767
4801 4 2 2 31 1365 1847 1811 1989
4802 4 2 2 31 1772 1908 406 1975
4803 4 2 2 31 42 43 1682 2057
4804 4 2 2 31 1595 1856 1757 1939
4805 4 2 2 31 1030 1055 516 1785
4806 4 2 2 31 1730 1887 1241 1978
4807 4 2 2 31 915 1926 1692 2033
4808 4 2 2 31 1051 1692 1067 1796
4809 4 2 2 31 1299 1298 1102 1678
4810 4 2 2 31 1482 1511 1298 1730
4811 4 2 2 31 820 1653 1825 1863
4812 4 2 2 31 1416 1780 1748 2030
4813 4 2 2 31 1200 1765 1224 2030
4814 4 2 2 31 1041 1068 1694 1793
4815 4 2 2 31 1083 780 1739 1756
4816 4 2 2 31 1621 1766 1733 1980
4817 4 2 2 31 1477 1684 889 1879
4818 4 2 2 31 820 1825 1653 2009
4819 4 2 2 31 1762 1908 1644 1981
4820 4 2 2 31 1567 349 1883 2016
4821 4 2 2 31 1366 1828 1710 1981
4822 4 2 2 31 1653 1948 820 2009
4823 4 2 2 31 1717 2010 1394 2079
4824 4 2 2 31 1760 1786 1637 1880
4825 4 2 2 31 1756 1618 1875 2008
4826 4 2 2 31 1653 1708 1704 1941
4827 4 2 2 31 382 384 383 1916
4828 4 2 2 31 1325 1651 1849 1863
4829 4 2 2 31 1704 1708 745 1888
4830 4 2 2 31 436 354 41 1686
4831 4 2 2 31 1630 1884 1123 2001
4832 4 2 2 31 875 957 1064 1793
4833 4 2 2 31 1714 1620 1894 2078
4834 4 2 2 31 1514 1664 1516 1851
4835 4 2 2 31 991 1654 944 1973
4836 4 2 2 31 958 1862 1656 1902
4837 4 2 2 31 1670 1822 1625 1933
4838 4 2 2 31 1720 1880 1637 1937
4839 4 2 2 31 1298 1730 1511 2059
4840 4 2 2 31 1620 1922 1741 1933
4841 4 2 2 31 876 1063 956 1796
4842 4 2 2 31 869 1016 970 1816
4843 4 2 2 31 979 1660 1833 1995
4844 4 2 2 31 1620 1670 1922 1933
4845 4 2 2 31 1741 1922 1670 1933
4846 4 2 2 31 417 512 479 1866
4847 4 2 2 31 1714 1874 1620 2078
4848 4 2 2 31 1052 1065 1796 1938
4849 4 2 2 31 414 463 1733 1766
4850 4 2 2 31 1656 1815 1280 2044
4851 4 2 2 31 991 1799 884 1921
4852 4 2 2 31 519 446 472 1802
4853 4 2 2 31 1417 1249 1280 1779
4854 4 2 2 31 509 1797 436 1853
4855 4 2 2 31 1240 1605 1887 1996
4856 4 2 2 31 364 1912 49 1942
4857 4 2 2 31 1615 1833 1703 1886
4858 4 2 2 31 1273 1889 1805 1986
4859 4 2 2 31 1603 1763 1699 1816
4860 4 2 2 31 1146 1742 1812 2017
4861 4 2 2 31 1903 2014 1721 2027
4862 4 2 2 31 828 1949 1690 2058
4863 4 2 2 31 488 1790 1634 2053
4864 4 2 2 31 1737 1738 1610 1842
4865 4 2 2 31 1148 1742 1146 2017
4866 4 2 2 31 760 1799 1752 1985
4867 4 2 2 31 28 527 29 1810
4868 4 2 2 31 1354 1044 1801 1885
4869 4 2 2 31 1228 1715 1366 1959
4870 4 2 2 31 483 1687 421 1733
4871 4 2 2 31 1724 1861 1196 1917
4872 4 2 2 31 1705 1839 1640 1854
4873 4 2 2 31 1809 2048 429 2080
4874 4 2 2 31 853 1838 1664 1924
4875 4 2 2 31 1425 1863 1849 1864
4876 4 2 2 31 963 1667 721 1903
4877 4 2 2 31 996 887 1668 1839
4878 4 2 2 31 1683 1962 1820 1979
4879 4 2 2 31 1271 1747 1950 2019
4880 4 2 2 31 1016 1804 906 1810
4881 4 2 2 31 464 1687 1057 1777
4882 4 2 2 31 782 1773 1643 1787
4883 4 2 2 31 1619 1993 1845 1999
4884 4 2 2 31 90 1778 1722 1943
4885 4 2 2 31 415 528 491 1934
4886 4 2 2 31 1699 1888 747 1929
4887 4 2 2 31 945 1851 990 1924
4888 4 2 2 31 1751 1779 1642 2045
4889 4 2 2 31 962 1704 1941 2009
4890 4 2 2 31 480 109 12 2076
4891 4 2 2 31 1822 1837 1624 1974
4892 4 2 2 31 872 1471 1539 1862
4893 4 2 2 31 1362 1854 1335 1928
4894 4 2 2 31 1602 1698 1657 2016
4895 4 2 2 31 1335 1640 1842 1928
4896 4 2 2 31 1633 1826 1820 1944
4897 4 2 2 31 1075 1675 1777 2063
4898 4 2 2 31 1374 1861 1655 1982
4899 4 2 2 31 1615 1660 1833 1886
4900 4 2 2 31 436 1774 1645 1845
4901 4 2 2 31 997 1824 1646 1859
4902 4 2 2 31 785 1773 770 1840
4903 4 2 2 31 1630 1727 1848 1884
4904 4 2 2 31 1270 1747 1449 2019
4905 4 2 2 31 1643 1800 773 1830
4906 4 2 2 31 483 421 523 1733
4907 4 2 2 31 1044 1043 1801 1885
4908 4 2 2 31 1651 1825 1653 1863
4909 4 2 2 31 1579 1651 2026 2072
4910 4 2 2 31 1609 1864 1708 1929
4911 4 2 2 31 1686 1774 1645 1853
4912 4 2 2 31 1271 1950 1750 2019
4913 4 2 2 31 475 416 403 1688
4914 4 2 2 31 1468 1744 1088 1927
4915 4 2 2 31 1335 1854 1640 1928
4916 4 2 2 31 770 1773 1787 1923
4917 4 2 2 31 1628 1669 1856 1905
4918 4 2 2 31 1042 1789 1793 1947
4919 4 2 2 31 90 1778 1943 1997
4920 4 2 2 31 1670 1775 1822 1837
4921 4 2 2 31 1293 1294 1830 1935
4922 4 2 2 31 875 1014 957 1793
4923 4 2 2 31 1703 1833 1660 1886
4924 4 2 2 31 1731 1751 1656 1862
4925 4 2 2 31 1767 2004 1883 2012
4926 4 2 2 31 1628 1856 1758 1905
4927 4 2 2 31 1656 1751 1731 1891
4928 4 2 2 31 1362 1855 1854 1928
4929 4 2 2 31 1747 1854 1705 2021
4930 4 2 2 31 1484 1489 915 1692
4931 4 2 2 31 1700 1706 1657 1978
4932 4 2 2 31 1660 1725 1494 1951
4933 4 2 2 31 1523 1668 1522 1879
4934 4 2 2 31 897 845 896 1892
4935 4 2 2 31 1015 876 956 1796
4936 4 2 2 31 1145 1822 1332 2046
4937 4 2 2 31 1175 1952 1745 2034
4938 4 2 2 31 1607 1781 1841 1953
4939 4 2 2 31 1635 1742 1812 1925
4940 4 2 2 31 1660 1615 1833 1995
4941 4 2 2 31 1633 1867 1817 1904
4942 4 2 2 31 1667 753 1903 2027
4943 4 2 2 31 1574 1576 1676 1889
4944 4 2 2 31 1595 1566 1757 1856
4945 4 2 2 31 1131 1665 1130 1906
4946 4 2 2 31 1698 1701 1642 1883
4947 4 2 2 31 893 1484 915 1692
4948 4 2 2 31 524 46 484 1896
4949 4 2 2 31 1310 718 740 1681
4950 4 2 2 31 1574 1661 1736 1889
4951 4 2 2 31 378 1657 492 2076
4952 4 2 2 31 1417 1751 1249 1779
4953 4 2 2 31 887 1668 1879 2040
4954 4 2 2 31 991 884 989 1921
4955 4 2 2 31 1012 839 795 1704
4956 4 2 2 31 1068 1059 1064 1793
4957 4 2 2 31 1131 1826 1665 1906
4958 4 2 2 31 1672 1791 1618 1890
4959 4 2 2 31 102 1838 1802 1995
4960 4 2 2 31 1660 2005 1764 2024
4961 4 2 2 31 1267 1751 1391 2045
4962 4 2 2 31 1612 1702 1755 1794
4963 4 2 2 31 378 1657 1767 1883
4964 4 2 2 31 1042 1793 1066 1947
4965 4 2 2 31 1664 1851 1514 2000
4966 4 2 2 31 1624 1674 1822 1974
4967 4 2 2 31 1032 1717 1094 1938
4968 4 2 2 31 1058 1067 1063 1796
4969 4 2 2 31 1640 1335 1842 1854
4970 4 2 2 31 761 884 1799 1921
4971 4 2 2 31 719 1704 745 1888
4972 4 2 2 31 1622 1797 1693 1875
4973 4 2 2 31 1567 349 1561 1883
4974 4 2 2 31 1674 1827 438 1900
4975 4 2 2 31 381 382 1823 1867
4976 4 2 2 31 1399 1751 1417 1891
4977 4 2 2 31 1164 1786 1177 2037
4978 4 2 2 31 404 406 1975 2048
4979 4 2 2 31 1645 1794 1845 1898
4980 4 2 2 31 78 1895 1685 1941
4981 4 2 2 31 720 1083 780 1739
4982 4 2 2 31 1043 1648 1789 1801
4983 4 2 2 31 1139 1837 1137 1913
4984 4 2 2 31 988 1664 1851 1924
4985 4 2 2 31 1641 1792 1775 1837
4986 4 2 2 31 12 378 1657 1767
4987 4 2 2 31 1370 1544 1725 1951
4988 4 2 2 31 1279 1938 1717 2079
4989 4 2 2 31 28 1804 844 1866
4990 4 2 2 31 1747 1750 1664 1950
4991 4 2 2 31 1756 1875 1697 2008
4992 4 2 2 31 1754 1757 1628 1939
4993 4 2 2 31 1457 1757 1652 1884
4994 4 2 2 31 1035 1060 1049 1841
4995 4 2 2 31 78 471 434 1676
4996 4 2 2 31 1755 1794 1702 1991
4997 4 2 2 31 1775 1792 1624 1837
4998 4 2 2 31 1648 1733 1621 1871
4999 4 2 2 31 1567 1883 1919 2016
5000 4 2 2 31 1424 1884 1723 2001
5001 4 2 2 31 1523 1522 1478 1879
5002 4 2 2 31 1223 1224 1765 1928
5003 4 2 2 31 749 1763 1699 1805
5004 4 2 2 31 424 1690 529 2026
5005 4 2 2 31 1602 1657 1700 2016
5006 4 2 2 31 400 1845 1925 1993
5007 4 2 2 31 773 782 772 1800
5008 4 2 2 31 364 1817 1852 1942
5009 4 2 2 31 1823 1826 1633 1867
5010 4 2 2 31 1755 1845 1619 1925
5011 4 2 2 31 1319 1264 1696 1983
5012 4 2 2 31 28 527 1810 1866
5013 4 2 2 31 1650 1372 1861 1917
5014 4 2 2 31 1648 1733 1871 1971
5015 4 2 2 31 1248 1366 1828 1959
5016 4 2 2 31 1869 1915 1647 2028
5017 4 2 2 31 1529 1839 1854 1855
5018 4 2 2 31 1623 1673 1812 1960
5019 4 2 2 31 1623 1728 1746 1812
5020 4 2 2 31 1331 1679 1780 2030
5021 4 2 2 31 1399 1485 1751 1891
5022 4 2 2 31 1658 1709 1721 2069
5023 4 2 2 31 472 1803 446 1908
5024 4 2 2 31 1675 1920 1785 2011
5025 4 2 2 31 979 938 976 2005
5026 4 2 2 31 1629 1870 1912 1935
5027 4 2 2 31 1817 1867 1633 1906
5028 4 2 2 31 1653 1941 1704 2009
5029 4 2 2 31 1623 1673 1728 1812
5030 4 2 2 31 497 357 454 1965
5031 4 2 2 31 1702 1760 1880 2037
5032 4 2 2 31 1655 1861 1753 1982
5033 4 2 2 31 1607 1729 1671 1781
5034 4 2 2 31 1449 1747 1271 2019
5035 4 2 2 31 1638 1841 1781 1953
5036 4 2 2 31 1279 1717 1394 2079
5037 4 2 2 31 988 853 986 1664
5038 4 2 2 31 1710 1828 1771 1981
5039 4 2 2 31 1319 1265 1264 1983
5040 4 2 2 31 1321 1878 804 1949
5041 4 2 2 31 1612 1693 1797 2032
5042 4 2 2 31 1267 1249 1751 2045
5043 4 2 2 31 1294 1093 1293 1830
5044 4 2 2 31 1489 1692 1490 2033
5045 4 2 2 31 1745 1208 1936 1981
5046 4 2 2 31 1016 1667 1804 1810
5047 4 2 2 31 793 1697 778 1756
5048 4 2 2 31 929 1514 1851 2000
5049 4 2 2 31 1062 792 735 1836
5050 4 2 2 31 1733 1621 1871 1971
5051 4 2 2 31 475 1688 403 1975
5052 4 2 2 31 1152 1702 1149 1798
5053 4 2 2 31 1701 1915 1568 2028
5054 4 2 2 31 1646 1865 1714 2031
5055 4 2 2 31 716 1084 779 1691
5056 4 2 2 31 1737 1738 1617 1770
5057 4 2 2 31 1710 1715 1228 2066
5058 4 2 2 31 406 1772 1975 2048
5059 4 2 2 31 1111 1716 1418 1849
5060 4 2 2 31 1632 1660 1719 2015
5061 4 2 2 31 1628 1821 1754 1990
5062 4 2 2 31 1098 1334 1517 1747
5063 4 2 2 31 1617 1770 1738 1924
5064 4 2 2 31 1727 1848 1661 1866
5065 4 2 2 31 1647 86 1872 1902
5066 4 2 2 31 1689 1820 1413 2067
5067 4 2 2 31 364 49 502 1942
5068 4 2 2 31 1222 1198 1372 1748
5069 4 2 2 31 1699 1763 1603 1805
5070 4 2 2 31 1604 1661 1810 1963
5071 4 2 2 31 1678 1931 1299 1996
5072 4 2 2 31 84 1663 531 1909
5073 4 2 2 31 844 28 906 1804
5074 4 2 2 31 900 899 1767 1806
5075 4 2 2 31 102 101 1802 1838
5076 4 2 2 31 1443 1700 1698 1907
5077 4 2 2 31 1532 1747 1334 2021
5078 4 2 2 31 1123 1848 1121 1884
5079 4 2 2 31 1769 1696 1818 2041
5080 4 2 2 31 1606 1711 1648 1789
5081 4 2 2 31 1649 1840 922 1896
5082 4 2 2 31 970 1667 1016 1810
5083 4 2 2 31 1665 1867 1817 1906
5084 4 2 2 31 1372 1748 1198 1917
5085 4 2 2 31 475 1803 1802 1918
5086 4 2 2 31 1841 1899 1300 2073
5087 4 2 2 31 1579 2026 1651 2075
5088 4 2 2 31 421 1733 1687 1910
5089 4 2 2 31 1648 1621 1733 1980
5090 4 2 2 31 1222 1744 1428 1765
5091 4 2 2 31 791 736 835 1868
5092 4 2 2 31 995 993 1946 1977
5093 4 2 2 31 922 862 1649 1896
5094 4 2 2 31 454 1832 357 1976
5095 4 2 2 31 1573 1727 1577 1884
5096 4 2 2 31 988 929 1851 2000
5097 4 2 2 31 1062 1037 792 1836
5098 4 2 2 31 1326 1720 1762 2036
5099 4 2 2 31 1661 1603 1810 1963
5100 4 2 2 31 897 896 1816 1892
5101 4 2 2 31 1632 1771 1710 1828
5102 4 2 2 31 1063 1692 956 1796
5103 4 2 2 31 1722 1982 1659 2018
5104 4 2 2 31 1368 1847 1257 1865
5105 4 2 2 31 1689 1823 1807 1900
5106 4 2 2 31 1579 1651 1849 2075
5107 4 2 2 31 1336 1447 1083 1739
5108 4 2 2 31 1365 1255 1847 1989
5109 4 2 2 31 1573 1661 1727 1848
5110 4 2 2 31 1222 1372 1428 1744
5111 4 2 2 31 869 1667 1016 1816
5112 4 2 2 31 988 1851 1664 2000
5113 4 2 2 31 1708 1864 1284 1929
5114 4 2 2 31 97 857 1761 2055
5115 4 2 2 31 1667 1903 1721 2027
5116 4 2 2 31 441 1727 368 2061
5117 4 2 2 31 1702 1149 1798 1991
5118 4 2 2 31 100 1838 1662 1918
5119 4 2 2 31 1671 1729 1607 1910
5120 4 2 2 31 1076 1687 1046 1899
5121 4 2 2 31 473 376 516 1675
5122 4 2 2 31 430 429 2048 2080
5123 4 2 2 31 913 868 722 1800
5124 4 2 2 31 1604 1727 1709 1866
5125 4 2 2 31 957 1694 1064 1793
5126 4 2 2 31 1674 1624 1775 1961
5127 4 2 2 31 1238 1177 1808 2037
5128 4 2 2 31 1238 1808 1794 2037
5129 4 2 2 31 1139 1138 1837 2003
5130 4 2 2 31 779 1691 1329 1897
5131 4 2 2 31 1412 1300 1899 2073
5132 4 2 2 31 1745 1828 1208 1981
5133 4 2 2 31 791 835 812 1868
5134 4 2 2 31 857 1839 1761 2055
5135 4 2 2 31 1326 1984 1720 2036
5136 4 2 2 31 861 1655 1987 2013
5137 4 2 2 31 1437 1217 1788 2028
5138 4 2 2 31 1738 1761 1640 2055
5139 4 2 2 31 1713 1870 1629 1935
5140 4 2 2 31 1808 1835 1622 2008
5141 4 2 2 31 1419 1820 1167 1944
5142 4 2 2 31 1207 1710 1228 2066
5143 4 2 2 31 1623 1812 1746 1960
5144 4 2 2 31 1618 1693 1672 1769
5145 4 2 2 31 781 2014 1903 2027
5146 4 2 2 31 861 1964 1655 2013
5147 4 2 2 31 430 2048 1876 2080
5148 4 2 2 31 1696 1795 724 1818
5149 4 2 2 31 817 1872 1815 1909
5150 4 2 2 31 1163 1173 1882 1984
5151 4 2 2 31 1658 1800 951 1870
5152 4 2 2 31 1632 1719 1828 2015
5153 4 2 2 31 479 1575 1661 1866
5154 4 2 2 31 1624 1837 1792 2003
5155 4 2 2 31 1326 1203 1984 2036
5156 4 2 2 31 1239 1700 1240 1784
5157 4 2 2 31 404 1975 1760 2048
5158 4 2 2 31 1638 1781 1729 1953
5159 4 2 2 31 865 1941 1653 2009
5160 4 2 2 31 1060 1393 1717 1841
5161 4 2 2 31 1368 1847 1714 2052
5162 4 2 2 31 993 1946 1799 1973
5163 4 2 2 31 418 494 505 1777
5164 4 2 2 31 1003 922 862 1649
5165 4 2 2 31 1418 1849 1716 1864
5166 4 2 2 31 1637 1809 1766 1882
5167 4 2 2 31 1710 1715 1632 1959
5168 4 2 2 31 748 717 953 1699
5169 4 2 2 31 1646 1946 1824 1976
5170 4 2 2 31 1624 1792 1707 2003
5171 4 2 2 31 887 996 1668 2040
5172 4 2 2 31 1671 1607 1781 2073
5173 4 2 2 31 1658 1804 1709 1903
5174 4 2 2 31 1648 1733 1954 2077
5175 4 2 2 31 415 1669 528 1934
5176 4 2 2 31 1347 1835 1179 2008
5177 4 2 2 31 1531 1478 887 1839
5178 4 2 2 31 1648 1871 1740 1971
5179 4 2 2 31 1253 1437 1815 2028
5180 4 2 2 31 1532 1854 1747 2021
5181 4 2 2 31 527 1661 29 1810
5182 4 2 2 31 1604 1848 1727 1866
5183 4 2 2 31 1671 1882 1173 1984
5184 4 2 2 31 944 1654 989 2006
5185 4 2 2 31 736 1704 835 1868
5186 4 2 2 31 1161 1880 1157 1937
5187 4 2 2 31 1619 1812 1742 1925
5188 4 2 2 31 1647 1779 1815 2028
5189 4 2 2 31 1613 1772 1880 2048
5190 4 2 2 31 1619 1794 1755 1991
5191 4 2 2 31 1486 1091 1544 1725
5192 4 2 2 31 36 1809 482 2080
5193 4 2 2 31 1628 1778 1758 1962
5194 4 2 2 31 1175 1783 1952 2034
5195 4 2 2 31 1649 1787 1773 1923
5196 4 2 2 31 1221 1749 1254 1989
5197 4 2 2 31 1669 1996 1759 2002
5198 4 2 2 31 1905 1931 1120 2018
5199 4 2 2 31 1108 1730 1298 1887
5200 4 2 2 31 849 2022 1764 2024
5201 4 2 2 31 1325 1323 1878 2070
5202 4 2 2 31 1665 1633 1867 1906
5203 4 2 2 31 828 832 1949 2058
5204 4 2 2 31 1573 1572 1848 1884
5205 4 2 2 31 492 1657 350 2076
5206 4 2 2 31 1684 1744 1525 1927
5207 4 2 2 31 1883 2004 1642 2012
5208 4 2 2 31 1609 1888 1699 1929
5209 4 2 2 31 1035 1841 1049 2063
5210 4 2 2 31 505 418 1777 1910
5211 4 2 2 31 1093 1302 787 1787
5212 4 2 2 31 364 1852 49 1912
5213 4 2 2 31 1321 1410 1878 1949
5214 4 2 2 31 1412 1300 1841 1899
5215 4 2 2 31 386 1916 385 1922
5216 4 2 2 31 1717 1938 1608 2079
5217 4 2 2 31 1171 1174 1786 1791
5218 4 2 2 31 1775 1822 1674 1916
5219 4 2 2 31 1766 1809 1621 1882
5220 4 2 2 31 1615 1745 1719 1886
5221 4 2 2 31 1768 1792 1707 1844
5222 4 2 2 31 906 1810 1804 1866
5223 4 2 2 31 1720 1880 1772 2048
5224 4 2 2 31 1515 1664 1514 2000
5225 4 2 2 31 1627 1759 1669 1996
5226 4 2 2 31 1664 1615 1838 1995
5227 4 2 2 31 84 531 1663 2047
5228 4 2 2 31 391 388 1775 1961
5229 4 2 2 31 100 1770 1911 1924
5230 4 2 2 31 1617 1738 1737 1842
5231 4 2 2 31 1752 1799 1654 1985
5232 4 2 2 31 951 1800 1658 1903
5233 4 2 2 31 1630 1884 1723 1914
5234 4 2 2 31 1359 1794 1991 2037
5235 4 2 2 31 1723 1884 1652 1914
5236 4 2 2 31 1742 1783 1611 1813
5237 4 2 2 31 1785 1796 1608 1938
5238 4 2 2 31 995 886 993 1977
5239 4 2 2 31 1687 1885 1046 1899
5240 4 2 2 31 1719 1771 472 2024
5241 4 2 2 31 436 1797 509 1845
5242 4 2 2 31 1614 1946 1686 1973
5243 4 2 2 31 1665 1695 1629 1942
5244 4 2 2 31 1578 1685 1579 2072
5245 4 2 2 31 1496 1399 1485 1751
5246 4 2 2 31 1462 1698 1115 2016
5247 4 2 2 31 1556 1716 1111 1849
5248 4 2 2 31 1612 1876 1693 2032
5249 4 2 2 31 1628 1757 1754 1821
5250 4 2 2 31 1837 1913 1624 1974
5251 4 2 2 31 1792 1847 1631 2003
5252 4 2 2 31 1516 1747 1664 1950
5253 4 2 2 31 1515 1516 1514 1664
5254 4 2 2 31 1080 1692 1051 1938
5255 4 2 2 31 360 1693 468 1876
5256 4 2 2 31 405 1908 1803 1975
5257 4 2 2 31 1639 1758 1722 1778
5258 4 2 2 31 1357 1857 1262 1988
5259 4 2 2 31 916 1888 1895 1941
5260 4 2 2 31 1722 1850 1982 2018
5261 4 2 2 31 962 1704 917 1888
5262 4 2 2 31 986 1664 853 1838
5263 4 2 2 31 849 105 2022 2024
5264 4 2 2 31 1081 1041 1694 1947
5265 4 2 2 31 1274 1716 1263 1889
5266 4 2 2 31 1050 1032 1094 1938
5267 4 2 2 31 874 1680 1957 2004
5268 4 2 2 31 1666 2023 1743 2033
5269 4 2 2 31 1148 1350 1783 2017
5270 4 2 2 31 1635 1812 1728 1925
5271 4 2 2 31 1733 1671 1910 1940
5272 4 2 2 31 1544 1091 1370 1725
5273 4 2 2 31 409 513 1768 2057
5274 4 2 2 31 943 1732 1001 1859
5275 4 2 2 31 505 1910 1777 1953
5276 4 2 2 31 1228 1207 1366 1710
5277 4 2 2 31 460 1782 1726 1945
5278 4 2 2 31 445 405 406 1908
5279 4 2 2 31 774 1800 1658 1830
5280 4 2 2 31 1226 1712 1842 1970
5281 4 2 2 31 1170 1857 1882 1971
5282 4 2 2 31 744 733 1379 1708
5283 4 2 2 31 1612 1808 1786 2037
5284 4 2 2 31 1379 1708 733 1868
5285 4 2 2 31 1042 1801 1789 1947
5286 4 2 2 31 1110 718 1310 1681
5287 4 2 2 31 1520 1545 1529 1839
5288 4 2 2 31 1733 1766 1671 1940
5289 4 2 2 31 467 1722 90 1778
5290 4 2 2 31 1009 968 874 1680
5291 4 2 2 31 1802 1838 101 1918
5292 4 2 2 31 1771 1828 1644 1981
5293 4 2 2 31 1629 1912 1852 1942
5294 4 2 2 31 1668 1761 996 1839
5295 4 2 2 31 1052 1717 1032 1938
5296 4 2 2 31 1672 1693 1618 1791
5297 4 2 2 31 1037 797 792 1694
5298 4 2 2 31 1732 1840 1649 1896
5299 4 2 2 31 1288 1718 1505 1958
5300 4 2 2 31 506 1809 1956 1980
5301 4 2 2 31 1238 1794 1359 2037
5302 4 2 2 31 1824 1859 764 1897
5303 4 2 2 31 1133 1822 1670 1933
5304 4 2 2 31 1319 1264 1463 1696
5305 4 2 2 31 1754 1821 1652 1990
5306 4 2 2 31 384 1900 383 1916
5307 4 2 2 31 774 1830 1658 2014
5308 4 2 2 31 102 1802 1719 1995
5309 4 2 2 31 1655 1850 1374 1982
5310 4 2 2 31 12 1893 1657 2076
5311 4 2 2 31 1387 1241 1730 1887
5312 4 2 2 31 100 1911 1662 1924
5313 4 2 2 31 1755 1760 402 1975
5314 4 2 2 31 815 1872 814 2044
5315 4 2 2 31 1631 1847 1792 1965
5316 4 2 2 31 1790 1969 1655 1987
5317 4 2 2 31 991 1799 1654 1973
5318 4 2 2 31 1262 1857 1834 1988
5319 4 2 2 31 1226 1842 1269 1970
5320 4 2 2 31 428 1701 86 1915
5321 4 2 2 31 993 1799 1946 1977
5322 4 2 2 31 1717 1785 1608 1938
5323 4 2 2 31 1630 1727 1709 1843
5324 4 2 2 31 1722 1758 1627 1778
5325 4 2 2 31 1476 1705 918 1851
5326 4 2 2 31 1664 1747 1516 1851
5327 4 2 2 31 409 1768 1965 2057
5328 4 2 2 31 1644 1745 1936 1981
5329 4 2 2 31 1624 1726 1679 1844
5330 4 2 2 31 986 1838 1995 2000
5331 4 2 2 31 109 1893 12 2076
5332 4 2 2 31 1612 1760 1702 2037
5333 4 2 2 31 1854 1855 1640 1928
5334 4 2 2 31 1037 1694 792 1836
5335 4 2 2 31 1648 1740 1733 1971
5336 4 2 2 31 1607 1687 1740 1910
5337 4 2 2 31 862 1007 924 1773
5338 4 2 2 31 1281 1399 1417 1891
5339 4 2 2 31 1497 1751 1485 1891
5340 4 2 2 31 421 494 418 1910
5341 4 2 2 31 1627 1758 1722 2018
5342 4 2 2 31 1717 1920 1638 2010
5343 4 2 2 31 1200 1223 1224 1765
5344 4 2 2 31 1661 1810 527 1866
5345 4 2 2 31 1613 1772 1720 1880
5346 4 2 2 31 1621 1648 1871 1980
5347 4 2 2 31 1045 1648 1885 1954
5348 4 2 2 31 1696 1769 1616 2041
5349 4 2 2 31 966 1692 893 1926
5350 4 2 2 31 473 1675 516 1785
5351 4 2 2 31 1627 1943 1778 1997
5352 4 2 2 31 1637 1882 1720 1937
5353 4 2 2 31 1702 1798 1152 2054
5354 4 2 2 31 455 1770 1735 1911
5355 4 2 2 31 922 1840 1732 1896
5356 4 2 2 31 1015 956 1692 1796
5357 4 2 2 31 1238 1359 1355 2037
5358 4 2 2 31 1664 1750 1747 2019
5359 4 2 2 31 1499 1862 874 1957
5360 4 2 2 31 1133 1135 1670 1822
5361 4 2 2 31 1640 1705 1842 2055
5362 4 2 2 31 1662 1911 1770 1924
5363 4 2 2 31 893 1019 1549 1692
5364 4 2 2 31 1846 1878 1410 1949
5365 4 2 2 31 861 1655 1969 1987
5366 4 2 2 31 873 1699 1026 1888
5367 4 2 2 31 966 893 915 1926
5368 4 2 2 31 721 1667 753 1903
5369 4 2 2 31 1661 1676 1560 1998
5370 4 2 2 31 1625 1741 1670 1933
5371 4 2 2 31 1606 1789 1648 1801
5372 4 2 2 31 1641 1847 1792 2003
5373 4 2 2 31 1729 1781 1607 1953
5374 4 2 2 31 1641 1792 1847 1965
5375 4 2 2 31 1530 1476 918 1851
5376 4 2 2 31 996 1761 1668 2040
5377 4 2 2 31 438 1674 1726 1827
5378 4 2 2 31 1613 1908 1772 1975
5379 4 2 2 31 1722 1778 1627 1943
5380 4 2 2 31 978 908 951 1709
5381 4 2 2 31 1722 1758 1639 2018
5382 4 2 2 31 1642 1751 1656 1779
5383 4 2 2 31 383 450 1823 1900
5384 4 2 2 31 1188 1905 1758 2029
5385 4 2 2 31 1062 1081 1037 1836
5386 4 2 2 31 790 718 1380 2025
5387 4 2 2 31 1622 1697 1875 2008
5388 4 2 2 31 1014 1694 957 1793
5389 4 2 2 31 1746 1970 1610 2068
5390 4 2 2 31 741 1681 739 1795
5391 4 2 2 31 1018 894 797 1694
5392 4 2 2 31 1287 1286 1285 1948
5393 4 2 2 31 755 1966 1756 1983
5394 4 2 2 31 866 958 1872 1902
5395 4 2 2 31 1661 1603 1736 1889
5396 4 2 2 31 1647 1872 1779 1902
5397 4 2 2 31 1779 1872 1656 1902
5398 4 2 2 31 1170 1871 1857 1971
5399 4 2 2 31 861 1655 1964 1969
5400 4 2 2 31 39 942 1875 2006
5401 4 2 2 31 402 1688 401 1755
5402 4 2 2 31 1742 1783 1635 2017
5403 4 2 2 31 1049 1841 1675 2063
5404 4 2 2 31 80 1825 865 2072
5405 4 2 2 31 1749 1989 1614 2050
5406 4 2 2 31 1494 1725 1660 2005
5407 4 2 2 31 1134 1670 1135 1837
5408 4 2 2 31 467 91 1722 1969
5409 4 2 2 31 1624 1844 1679 1913
5410 4 2 2 31 1698 1700 1443 2016
5411 4 2 2 31 893 1692 915 1926
5412 4 2 2 31 506 1956 449 1980
5413 4 2 2 31 1686 1749 1645 1811
5414 4 2 2 31 1102 1678 1483 1930
5415 4 2 2 31 847 33 1711 2043
5416 4 2 2 31 412 1940 1729 1968
5417 4 2 2 31 1271 1747 1449 1950
5418 4 2 2 31 1631 1898 1774 1994
5419 4 2 2 31 1644 1771 1719 1828
5420 4 2 2 31 1083 1756 1739 2008
5421 4 2 2 31 1270 1449 1271 2019
5422 4 2 2 31 1373 1927 1861 1982
5423 4 2 2 31 400 1925 398 1993
5424 4 2 2 31 1660 1632 1764 2015
5425 4 2 2 31 1370 1725 1404 1951
5426 4 2 2 31 1613 1702 1688 1760
5427 4 2 2 31 1664 1747 1617 2019
5428 4 2 2 31 1624 1707 1792 1844
5429 4 2 2 31 1686 1946 1614 1989
5430 4 2 2 31 1057 1029 351 1777
5431 4 2 2 31 1829 2022 105 2024
5432 4 2 2 31 780 793 778 1756
5433 4 2 2 31 783 1667 869 1816
5434 4 2 2 31 1675 1841 1638 1953
5435 4 2 2 31 995 1946 1824 1977
5436 4 2 2 31 1026 873 953 1699
5437 4 2 2 31 1799 1946 1614 1973
5438 4 2 2 31 893 956 1019 1692
5439 4 2 2 31 1709 1 1866 2061
5440 4 2 2 31 102 1719 103 1995
5441 4 2 2 31 1616 1769 1672 1956
5442 4 2 2 31 988 1664 986 2000
5443 4 2 2 31 1637 1880 1786 1937
5444 4 2 2 31 1732 1832 46 1896
5445 4 2 2 31 1342 1652 1821 1944
5446 4 2 2 31 1746 1812 1143 1960
5447 4 2 2 31 1783 1813 1662 1918
5448 4 2 2 31 1149 1702 1152 1991
5449 4 2 2 31 1588 1663 1570 2047
5450 4 2 2 31 1334 1747 1098 2021
5451 4 2 2 31 1477 889 1521 1879
5452 4 2 2 31 1622 1875 1791 2008
5453 4 2 2 31 1611 1813 1783 1918
5454 4 2 2 31 1745 1828 1719 1886
5455 4 2 2 31 1733 1740 1687 1910
5456 4 2 2 31 896 845 895 1892
5457 4 2 2 31 1076 1777 1687 1899
5458 4 2 2 31 1710 1968 1781 2036
5459 4 2 2 31 1544 1494 1725 1951
5460 4 2 2 31 505 418 1910 1953
5461 4 2 2 31 1199 1748 1416 1780
5462 4 2 2 31 957 894 1018 1694
5463 4 2 2 31 1130 1665 1131 1933
5464 4 2 2 31 1001 1732 1840 1859
5465 4 2 2 31 1719 1771 1632 1828
5466 4 2 2 31 1641 1714 1832 1976
5467 4 2 2 31 371 1754 1904 1990
5468 4 2 2 31 1520 885 1476 1705
5469 4 2 2 31 392 1792 1768 1844
5470 4 2 2 31 1774 1898 1673 1994
5471 4 2 2 31 1660 1719 1615 1995
5472 4 2 2 31 40 509 436 1853
5473 4 2 2 31 1644 1828 1745 1981
5474 4 2 2 31 1666 2022 974 2033
5475 4 2 2 31 1642 1779 1656 1902
5476 4 2 2 31 1725 1404 1951 2015
5477 4 2 2 31 1668 1744 1650 1765
5478 4 2 2 31 1326 1762 1360 2036
5479 4 2 2 31 1662 1813 1783 1911
5480 4 2 2 31 1602 1700 1698 2016
5481 4 2 2 31 1568 1915 1869 2028
5482 4 2 2 31 1632 1719 1660 2024
5483 4 2 2 31 1139 1138 1137 1837
5484 4 2 2 31 1605 1677 1887 1901
5485 4 2 2 31 499 1685 1578 2072
5486 4 2 2 31 1781 1968 1626 2036
5487 4 2 2 31 1701 1883 1698 1919
5488 4 2 2 31 86 1872 1025 1909
5489 4 2 2 31 1259 1439 1801 1871
5490 4 2 2 31 1648 1733 1687 1954
5491 4 2 2 31 846 900 1767 1893
5492 4 2 2 31 1692 1796 1051 1938
5493 4 2 2 31 1254 1256 1865 2050
5494 4 2 2 31 1613 1760 1688 1975
5495 4 2 2 31 1665 1906 1817 1942
5496 4 2 2 31 1522 1668 1523 1992
5497 4 2 2 31 401 1755 1688 1925
5498 4 2 2 31 790 1380 1836 2025
5499 4 2 2 31 748 747 1699 1888
5500 4 2 2 31 1663 1846 1588 1869
5501 4 2 2 31 741 740 739 1681
5502 4 2 2 31 1251 1765 1744 1992
5503 4 2 2 31 782 773 731 1830
5504 4 2 2 31 1778 1979 1683 1990
5505 4 2 2 31 1669 1759 1627 1997
5506 4 2 2 31 34 847 33 1711
5507 4 2 2 31 768 785 770 1840
5508 4 2 2 31 1632 2022 1829 2024
5509 4 2 2 31 724 1696 741 1795
5510 4 2 2 31 1416 1199 1200 1748
5511 4 2 2 31 1739 1921 778 1985
5512 4 2 2 31 463 1766 414 1940
5513 4 2 2 31 1090 734 1319 1696
5514 4 2 2 31 104 472 1771 2024
5515 4 2 2 31 972 974 2022 2033
5516 4 2 2 31 1131 1129 1826 1906
5517 4 2 2 31 1632 1764 2022 2024
5518 4 2 2 31 1628 1778 1683 1990
5519 4 2 2 31 1604 1709 1843 2069
5520 4 2 2 31 817 1815 1788 1909
5521 4 2 2 31 1629 1912 1814 1935
5522 4 2 2 31 1635 1783 1742 1813
5523 4 2 2 31 1519 1747 1705 1851
5524 4 2 2 31 1659 1982 1931 2018
5525 4 2 2 31 1723 1852 1629 2001
5526 4 2 2 31 1688 1755 1702 1991
5527 4 2 2 31 1662 1750 1924 2019
5528 4 2 2 31 1743 2023 1491 2033
5529 4 2 2 31 451 520 1876 2032
5530 4 2 2 31 1722 1659 1931 2018
5531 4 2 2 31 1670 1837 1134 1874
5532 4 2 2 31 1690 2047 529 2058
5533 4 2 2 31 1635 1746 1728 1812
5534 4 2 2 31 1688 1755 402 1975
5535 4 2 2 31 1615 1703 1664 2038
5536 4 2 2 31 1130 1665 1933 2078
5537 4 2 2 31 1175 1745 1166 2034
5538 4 2 2 31 1668 1522 1879 1992
5539 4 2 2 31 1641 1847 1682 1965
5540 4 2 2 31 1368 1714 1257 2031
5541 4 2 2 31 85 86 1909 1915
5542 4 2 2 31 1642 1701 1698 1919
5543 4 2 2 31 1460 1698 1462 1919
5544 4 2 2 31 1592 1562 1700 1784
5545 4 2 2 31 1607 1899 1841 2073
5546 4 2 2 31 1498 1751 1497 1862
5547 4 2 2 31 785 890 1773 1840
5548 4 2 2 31 874 968 1499 1680
5549 4 2 2 31 492 350 1657 1883
5550 4 2 2 31 1642 1656 1862 1902
5551 4 2 2 31 1196 1374 1655 1850
5552 4 2 2 31 1650 1684 1744 1879
5553 4 2 2 31 1726 1782 460 2035
5554 4 2 2 31 1688 1619 1755 1991
5555 4 2 2 31 954 1920 1796 1926
5556 4 2 2 31 1645 1749 1686 1853
5557 4 2 2 31 1255 1865 1847 1989
5558 4 2 2 31 1567 1883 1561 1919
5559 4 2 2 31 43 1682 1965 1976
5560 4 2 2 31 808 1909 1663 2058
5561 4 2 2 31 1667 1804 1721 1903
5562 4 2 2 31 1043 1069 1042 1801
5563 4 2 2 31 1347 1835 1739 2082
5564 4 2 2 31 488 1790 457 1807
5565 4 2 2 31 1611 1802 1745 1803
5566 4 2 2 31 1712 1761 1636 1928
5567 4 2 2 31 868 776 722 1800
5568 4 2 2 31 1656 1751 1642 1862
5569 4 2 2 31 1517 1334 1532 1747
5570 4 2 2 31 1673 1993 1619 1999
5571 4 2 2 31 1690 1949 1663 2058
5572 4 2 2 31 1754 1757 1652 1821
5573 4 2 2 31 872 1731 958 1862
5574 4 2 2 31 1191 1190 1850 2067
5575 4 2 2 31 1041 1793 1694 1947
5576 4 2 2 31 1666 1764 974 2022
5577 4 2 2 31 993 941 1946 1973
5578 4 2 2 31 1642 1883 1701 2004
5579 4 2 2 31 851 102 103 1995
5580 4 2 2 31 1423 1869 1846 1949
5581 4 2 2 31 1830 1870 1658 1935
5582 4 2 2 31 1685 1895 1609 1941
5583 4 2 2 31 1671 1733 1621 1766
5584 4 2 2 31 974 1666 2033 2064
5585 4 2 2 31 1745 1611 1803 1936
5586 4 2 2 31 34 937 1819 1956
5587 4 2 2 31 995 1824 886 1977
5588 4 2 2 31 874 1862 1010 1957
5589 4 2 2 31 1665 1826 1131 1933
5590 4 2 2 31 1067 1692 1063 1796
5591 4 2 2 31 974 1764 1666 2064
5592 4 2 2 31 1049 1060 1053 1717
5593 4 2 2 31 977 1818 1795 2041
5594 4 2 2 31 1623 1768 1707 1844
5595 4 2 2 31 1640 1842 1738 2055
5596 4 2 2 31 1682 1946 1686 1989
5597 4 2 2 31 1699 1816 896 1892
5598 4 2 2 31 1619 1925 1845 1993
5599 4 2 2 31 525 1813 475 1918
5600 4 2 2 31 1129 1131 1130 1906
5601 4 2 2 31 468 360 38 1693
5602 4 2 2 31 978 1709 951 1870
5603 4 2 2 31 1631 1811 1774 1898
5604 4 2 2 31 1734 1646 1865 1946
5605 4 2 2 31 1629 1852 1817 1942
5606 4 2 2 31 1637 1786 1760 1876
5607 4 2 2 31 1602 1657 1698 2012
5608 4 2 2 31 1081 1694 1037 1836
5609 4 2 2 31 1579 1685 1576 1716
5610 4 2 2 31 748 953 873 1699
5611 4 2 2 31 1809 1882 1637 1937
5612 4 2 2 31 1789 2043 1711 2077
5613 4 2 2 31 1671 1781 1729 1984
5614 4 2 2 31 1070 1053 1052 1785
5615 4 2 2 31 438 1726 1674 1961
5616 4 2 2 31 1597 1570 1588 1663
5617 4 2 2 31 1616 1672 1857 1956
5618 4 2 2 31 1350 1148 1146 2017
5619 4 2 2 31 1574 1736 1661 1848
5620 4 2 2 31 1255 1254 1865 1989
5621 4 2 2 31 1704 1708 1653 1948
5622 4 2 2 31 874 1957 1010 2004
5623 4 2 2 31 1633 1823 1820 2046
5624 4 2 2 31 800 735 792 1836
5625 4 2 2 31 1 1727 522 1866
5626 4 2 2 31 1775 1916 386 1922
5627 4 2 2 31 352 475 1802 1918
5628 4 2 2 31 1500 1718 1503 1957
5629 4 2 2 31 860 1001 1732 1840
5630 4 2 2 31 385 1916 1741 1922
5631 4 2 2 31 1666 1715 1632 2022
5632 4 2 2 31 1068 1064 1694 1793
5633 4 2 2 31 1684 1879 1650 1987
5634 4 2 2 31 812 835 841 1868
5635 4 2 2 31 100 1770 363 1911
5636 4 2 2 31 1523 1668 1839 1855
5637 4 2 2 31 1729 1940 1671 1984
5638 4 2 2 31 1725 1764 1632 2015
5639 4 2 2 31 1532 1334 1854 2021
5640 4 2 2 31 868 776 1800 1903
5641 4 2 2 31 1630 1852 1723 2001
5642 4 2 2 31 1739 1835 1347 2008
5643 4 2 2 31 1516 1664 1515 1950
5644 4 2 2 31 100 1662 458 1918
5645 4 2 2 31 1698 1700 1602 1907
5646 4 2 2 31 479 512 1575 1866
5647 4 2 2 31 33 1711 2043 2077
5648 4 2 2 31 778 1739 1697 1921
5649 4 2 2 31 1795 1818 1696 2041
5650 4 2 2 31 918 1476 885 1705
5651 4 2 2 31 1643 1870 1830 1935
5652 4 2 2 31 998 1955 1943 1964
5653 4 2 2 31 1665 1817 1867 1942
5654 4 2 2 31 1217 1869 1788 2028
5655 4 2 2 31 104 1719 472 2024
5656 4 2 2 31 1605 1887 1678 1901
5657 4 2 2 31 1640 1842 1705 2021
5658 4 2 2 31 889 926 1521 1879
5659 4 2 2 31 42 941 856 1973
5660 4 2 2 31 1613 1803 1908 1975
5661 4 2 2 31 1654 1921 989 2006
5662 4 2 2 31 441 368 498 2061
5663 4 2 2 31 1783 1813 1635 1911
5664 4 2 2 31 1191 1850 1190 2018
5665 4 2 2 31 1781 1968 1710 2066
5666 4 2 2 31 1010 1957 1862 2004
5667 4 2 2 31 1035 1301 1060 1841
5668 4 2 2 31 451 1876 1755 2032
5669 4 2 2 31 43 1965 1682 2057
5670 4 2 2 31 1680 1767 899 1806
5671 4 2 2 31 873 1026 916 1888
5672 4 2 2 31 97 1761 96 1782
5673 4 2 2 31 1447 1083 1739 2008
5674 4 2 2 31 1469 1391 1503 1718
5675 4 2 2 31 1498 1751 1862 1957
5676 4 2 2 31 479 527 417 1866
5677 4 2 2 31 1505 1288 1105 1718
5678 4 2 2 31 1710 2036 1781 2066
5679 4 2 2 31 1643 1912 1870 1935
5680 4 2 2 31 1637 2048 1809 2080
5681 4 2 2 31 1465 1145 1332 2046
5682 4 2 2 31 1069 1789 1042 1801
5683 4 2 2 31 1621 1882 1809 1937
5684 4 2 2 31 1633 1826 1823 2046
5685 4 2 2 31 392 1844 1768 2074
5686 4 2 2 31 1573 1661 1575 1727
5687 4 2 2 31 103 1719 102 1802
5688 4 2 2 31 1326 1360 1203 2036
5689 4 2 2 31 922 1004 862 1896
5690 4 2 2 31 1346 1257 1865 2031
5691 4 2 2 31 1163 1882 1720 1984
5692 4 2 2 31 1448 1681 1310 1988
5693 4 2 2 31 1135 1670 1822 1837
5694 4 2 2 31 385 382 1741 1916
5695 4 2 2 31 747 1805 1699 1929
5696 4 2 2 31 986 1664 1838 2000
5697 4 2 2 31 889 1684 1477 2013
5698 4 2 2 31 1704 1868 1708 1948
5699 4 2 2 31 1687 1733 1648 1740
5700 4 2 2 31 1660 1833 1502 2005
5701 4 2 2 31 1630 1723 1852 1914
5702 4 2 2 31 1669 1605 1996 2002
5703 4 2 2 31 1654 1749 1614 1752
5704 4 2 2 31 1620 1831 1665 1881
5705 4 2 2 31 1735 1770 455 2049
5706 4 2 2 31 38 360 39 1797
5707 4 2 2 31 1723 1817 1629 1852
5708 4 2 2 31 1374 1196 1655 1861
5709 4 2 2 31 1144 1812 1673 1960
5710 4 2 2 31 1660 1764 1725 2015
5711 4 2 2 31 1525 1744 1684 1879
5712 4 2 2 31 996 939 1761 2040
5713 4 2 2 31 740 741 734 1696
5714 4 2 2 31 1759 1997 1669 2002
5715 4 2 2 31 1094 1717 1279 1938
5716 4 2 2 31 1608 1715 1666 2022
5717 4 2 2 31 1761 1839 1640 2055
5718 4 2 2 31 872 936 1471 1862
5719 4 2 2 31 1697 1756 1618 1875
5720 4 2 2 31 1394 2010 1229 2079
5721 4 2 2 31 1635 1735 1728 1746
5722 4 2 2 31 438 440 501 1900
5723 4 2 2 31 1688 1742 1611 1813
5724 4 2 2 31 896 1699 1892 1895
5725 4 2 2 31 1697 1756 793 1966
5726 4 2 2 31 1325 1863 1323 2070
5727 4 2 2 31 1654 1614 1749 1973
5728 4 2 2 31 851 103 1719 1995
5729 4 2 2 31 392 391 1792 1844
5730 4 2 2 31 1615 1664 1750 2038
5731 4 2 2 31 1768 1993 397 2074
5732 4 2 2 31 451 470 520 2032
5733 4 2 2 31 1815 1872 1647 1909
5734 4 2 2 31 886 1799 993 1977
5735 4 2 2 31 1630 1776 1727 1884
5736 4 2 2 31 1661 1736 1603 1963
5737 4 2 2 31 724 742 1696 1818
5738 4 2 2 31 1734 715 1977 2050
5739 4 2 2 31 815 1815 1872 2044
5740 4 2 2 31 1329 1084 1314 1691
5741 4 2 2 31 1221 1218 1749 1811
5742 4 2 2 31 404 402 1760 1975
5743 4 2 2 31 1614 1734 1865 1946
5744 4 2 2 31 1265 1351 1791 2008
5745 4 2 2 31 1257 1847 1364 1865
5746 4 2 2 31 1723 1906 1633 1944
5747 4 2 2 31 1644 1745 1802 1803
5748 4 2 2 31 1482 1511 1730 2059
5749 4 2 2 31 1314 1691 1084 1923
5750 4 2 2 31 1156 1880 1786 2037
5751 4 2 2 31 1536 1753 1955 2013
5752 4 2 2 31 1686 1774 354 2057
5753 4 2 2 31 1488 1541 811 1731
5754 4 2 2 31 392 390 391 1844
5755 4 2 2 31 348 1462 1115 2016
5756 4 2 2 31 1525 1684 1477 1879
5757 4 2 2 31 375 379 1683 1823
5758 4 2 2 31 1665 1620 1933 2078
5759 4 2 2 31 1161 1156 1157 1880
5760 4 2 2 31 1675 1717 1638 1841
5761 4 2 2 31 1613 1803 1762 1908
5762 4 2 2 31 1613 1762 1720 1772
5763 4 2 2 31 979 1833 1660 2005
5764 4 2 2 31 1658 1800 774 1903
5765 4 2 2 31 1788 1815 1647 1909
5766 4 2 2 31 808 825 1663 1909
5767 4 2 2 31 1640 1705 1854 2021
5768 4 2 2 31 404 407 406 2048
5769 4 2 2 31 1592 1700 1562 2016
5770 4 2 2 31 987 1697 942 2006
5771 4 2 2 31 808 1663 825 2058
5772 4 2 2 31 1142 1144 1673 1960
5773 4 2 2 31 1711 1789 1606 2043
5774 4 2 2 31 96 1782 1761 2035
5775 4 2 2 31 1326 1762 1720 2054
5776 4 2 2 31 1622 1835 1797 1853
5777 4 2 2 31 1121 1848 1572 1884
5778 4 2 2 31 1728 1735 1623 1746
5779 4 2 2 31 977 1769 1818 2041
5780 4 2 2 31 1674 1827 1634 2051
5781 4 2 2 31 781 1903 753 2027
5782 4 2 2 31 1429 1334 1098 2021
5783 4 2 2 31 1664 1838 1750 1924
5784 4 2 2 31 1264 1463 1696 1890
5785 4 2 2 31 1421 1346 1257 1865
5786 4 2 2 31 1321 1182 804 1878
5787 4 2 2 31 1709 1866 1727 2061
5788 4 2 2 31 1800 1830 1643 1870
5789 4 2 2 31 1645 1835 1749 1853
5790 4 2 2 31 977 935 1795 1818
5791 4 2 2 31 1727 1866 1 2061
5792 4 2 2 31 755 793 1756 1966
5793 4 2 2 31 1452 1737 1842 2019
5794 4 2 2 31 1615 1719 1660 1886
5795 4 2 2 31 409 1768 1792 1965
5796 4 2 2 31 1678 1659 1931 1943
5797 4 2 2 31 1248 1959 1828 2015
5798 4 2 2 31 1702 1755 1688 1760
5799 4 2 2 31 787 1302 1312 1787
5800 4 2 2 31 1003 1773 890 1840
5801 4 2 2 31 444 1968 1729 2011
5802 4 2 2 31 873 748 1699 1888
5803 4 2 2 31 992 855 990 1705
5804 4 2 2 31 1693 1769 1618 2065
5805 4 2 2 31 751 749 1763 1816
5806 4 2 2 31 1426 1050 1094 1938
5807 4 2 2 31 1678 1759 1605 1901
5808 4 2 2 31 1176 1886 1745 2038
5809 4 2 2 31 1621 1882 1857 1971
5810 4 2 2 31 861 1969 1790 1987
5811 4 2 2 31 1513 1930 1858 1955
5812 4 2 2 31 1347 1216 1179 1835
5813 4 2 2 31 1659 1678 1858 1943
5814 4 2 2 31 1211 1672 1320 1857
5815 4 2 2 31 932 1531 887 1839
5816 4 2 2 31 1802 1838 1615 1995
5817 4 2 2 31 1614 1654 1799 1973
5818 4 2 2 31 468 1693 37 2080
5819 4 2 2 31 1644 1745 1803 1936
5820 4 2 2 31 1672 1786 1693 1791
5821 4 2 2 31 1523 1668 1855 1992
5822 4 2 2 31 1610 1737 1842 1970
5823 4 2 2 31 364 526 1817 1942
5824 4 2 2 31 799 736 791 1868
5825 4 2 2 31 388 391 390 1961
5826 4 2 2 31 493 1807 450 1900
5827 4 2 2 31 944 1853 1654 2006
5828 4 2 2 31 482 1809 429 2080
5829 4 2 2 31 823 1690 1878 2070
5830 4 2 2 31 1611 1798 1688 1803
5831 4 2 2 31 887 1879 1000 2040
5832 4 2 2 31 1402 1331 1913 1974
5833 4 2 2 31 1632 1715 1666 1959
5834 4 2 2 31 1604 1736 1661 1963
5835 4 2 2 31 100 458 1662 1911
5836 4 2 2 31 1423 1408 1869 1949
5837 4 2 2 31 493 488 457 1807
5838 4 2 2 31 823 1967 1690 2070
5839 4 2 2 31 1380 718 1110 2025
5840 4 2 2 31 839 1012 809 1704
5841 4 2 2 31 946 849 105 2022
5842 4 2 2 31 1658 1830 1800 1870
5843 4 2 2 31 1101 744 1379 1708
5844 4 2 2 31 1239 1241 1240 1700
5845 4 2 2 31 788 882 1697 1966
5846 4 2 2 31 1654 1752 1614 1799
5847 4 2 2 31 1607 1740 1671 1910
5848 4 2 2 31 1490 1743 1491 2033
5849 4 2 2 31 1640 1854 1839 1855
5850 4 2 2 31 1792 1837 1641 2003
5851 4 2 2 31 1288 1505 1730 1958
5852 4 2 2 31 1273 1274 1263 1889
5853 4 2 2 31 1761 1765 1636 1928
5854 4 2 2 31 892 723 923 1773
5855 4 2 2 31 1602 1767 1657 2012
5856 4 2 2 31 1597 1663 1588 1869
5857 4 2 2 31 1811 1898 1631 1994
5858 4 2 2 31 1688 1702 1798 1991
5859 4 2 2 31 1400 1894 1318 2078
5860 4 2 2 31 1499 874 1680 1957
5861 4 2 2 31 1604 1810 1661 1866
5862 4 2 2 31 1633 1820 1826 2046
5863 4 2 2 31 1817 1852 1723 1914
5864 4 2 2 31 1582 1716 1576 1889
5865 4 2 2 31 1160 1994 1847 2003
5866 4 2 2 31 912 1858 1759 1943
5867 4 2 2 31 373 371 372 1904
5868 4 2 2 31 1696 1769 1618 1890
5869 4 2 2 31 1546 1927 1307 2056
5870 4 2 2 31 1422 1763 728 1805
5871 4 2 2 31 1709 1727 1630 2061
5872 4 2 2 31 1643 1814 1695 1912
5873 4 2 2 31 1052 1032 1050 1938
5874 4 2 2 31 1654 1835 1739 2006
5875 4 2 2 31 1044 1095 1354 1801
5876 4 2 2 31 1728 1812 1619 1925
5877 4 2 2 31 1542 1061 1487 1860
5878 4 2 2 31 43 1965 454 1976
5879 4 2 2 31 1583 1578 1579 2072
5880 4 2 2 31 1626 1940 1729 1984
5881 4 2 2 31 1452 1842 1383 2019
5882 4 2 2 31 1151 1152 1798 2054
5883 4 2 2 31 1657 12 1767 1893
5884 4 2 2 31 1667 1810 970 1816
5885 4 2 2 31 1604 1661 1736 1848
5886 4 2 2 31 1681 1795 1696 1988
5887 4 2 2 31 847 1711 1819 2043
5888 4 2 2 31 36 1809 1769 1956
5889 4 2 2 31 1478 1531 1523 1839
5890 4 2 2 31 1708 1868 1285 1948
5891 4 2 2 31 1041 1066 1068 1793
5892 4 2 2 31 1769 1809 1672 1956
5893 4 2 2 31 1291 1935 1830 2069
5894 4 2 2 31 1670 1822 1775 1916
5895 4 2 2 31 97 1738 1782 2049
5896 4 2 2 31 1616 1769 1696 1890
5897 4 2 2 31 1620 1881 1741 1922
5898 4 2 2 31 1654 1853 944 1973
5899 4 2 2 31 1036 1542 1692 1860
5900 4 2 2 31 720 1336 1739 1985
5901 4 2 2 31 835 1704 841 1868
5902 4 2 2 31 1644 1762 1803 1908
5903 4 2 2 31 1648 1789 1711 2077
5904 4 2 2 31 1665 1831 1695 1881
5905 4 2 2 31 799 1704 736 1868
5906 4 2 2 31 1653 1864 1708 1941
5907 4 2 2 31 1474 1677 870 1901
5908 4 2 2 31 1625 1826 1741 1933
5909 4 2 2 31 1643 1814 1912 1935
5910 4 2 2 31 1179 1808 1791 2008
5911 4 2 2 31 1734 1824 1646 1946
5912 4 2 2 31 789 1012 795 1704
5913 4 2 2 31 883 1530 918 1851
5914 4 2 2 31 34 1819 1711 1956
5915 4 2 2 31 1575 1727 1661 1866
5916 4 2 2 31 1666 1715 1608 2079
5917 4 2 2 31 749 1699 747 1805
5918 4 2 2 31 1626 1981 1762 2036
5919 4 2 2 31 942 1697 1875 2006
5920 4 2 2 31 1443 1698 1115 1907
5921 4 2 2 31 1282 1788 824 1815
5922 4 2 2 31 1819 1956 937 2041
5923 4 2 2 31 1091 1725 1486 2023
5924 4 2 2 31 1036 1061 1542 1860
5925 4 2 2 31 1720 1637 1880 2048
5926 4 2 2 31 896 1892 895 1895
5927 4 2 2 31 1173 1882 1671 1971
5928 4 2 2 31 1618 1769 1696 1818
5929 4 2 2 31 1627 1669 1905 1996
5930 4 2 2 31 1509 1858 1678 1901
5931 4 2 2 31 1499 968 1533 1680
5932 4 2 2 31 1057 1687 464 1954
5933 4 2 2 31 836 811 1541 1731
5934 4 2 2 31 1623 1728 1673 1768
5935 4 2 2 31 928 993 886 1799
5936 4 2 2 31 1635 1813 1742 1925
5937 4 2 2 31 1423 1180 1846 1869
5938 4 2 2 31 1142 1144 1158 1673
5939 4 2 2 31 512 417 522 1866
5940 4 2 2 31 446 1802 475 1803
5941 4 2 2 31 1065 1051 1067 1796
5942 4 2 2 31 1545 1705 1519 1854
5943 4 2 2 31 1708 1864 1609 1941
5944 4 2 2 31 1672 1769 1693 2080
5945 4 2 2 31 801 814 815 1872
5946 4 2 2 31 1683 1823 1633 1904
5947 4 2 2 31 1325 1323 1324 1878
5948 4 2 2 31 718 1681 1110 2025
5949 4 2 2 31 1834 1857 1616 1988
5950 4 2 2 31 928 1799 886 1977
5951 4 2 2 31 997 858 943 1976
5952 4 2 2 31 1015 1796 1692 1926
5953 4 2 2 31 963 907 1804 1903
5954 4 2 2 31 1658 1903 774 2014
5955 4 2 2 31 1612 1794 1797 1808
5956 4 2 2 31 451 1760 1755 1876
5957 4 2 2 31 1667 751 1763 1816
5958 4 2 2 31 1617 1705 1842 2021
5959 4 2 2 31 1677 1506 1806 1958
5960 4 2 2 31 1483 1678 1512 1930
5961 4 2 2 31 79 78 1685 1941
5962 4 2 2 31 1231 1413 1820 2067
5963 4 2 2 31 1378 1834 1681 1988
5964 4 2 2 31 1574 1661 1573 1848
5965 4 2 2 31 1720 1762 1613 2054
5966 4 2 2 31 1255 1221 1254 1989
5967 4 2 2 31 1660 1502 1833 1951
5968 4 2 2 31 855 1705 992 2055
5969 4 2 2 31 1739 1835 1622 2006
5970 4 2 2 31 401 400 1755 1925
5971 4 2 2 31 1832 1874 1641 1922
5972 4 2 2 31 1650 1744 1668 2040
5973 4 2 2 31 1053 1717 1052 1785
5974 4 2 2 31 1634 1917 1748 2053
5975 4 2 2 31 1188 1118 1905 2029
5976 4 2 2 31 527 479 477 1998
5977 4 2 2 31 1561 1883 1701 1919
5978 4 2 2 31 1615 1952 1745 2038
5979 4 2 2 31 1123 1386 1121 1848
5980 4 2 2 31 1274 1273 1407 1805
5981 4 2 2 31 1496 1485 1497 1751
5982 4 2 2 31 1778 1939 510 1990
5983 4 2 2 31 1105 1469 1505 1718
5984 4 2 2 31 825 1663 832 2058
5985 4 2 2 31 1768 1774 459 1993
5986 4 2 2 31 1664 1995 1838 2000
5987 4 2 2 31 1395 1254 1749 2050
5988 4 2 2 31 1552 1731 1497 1891
5989 4 2 2 31 1608 1920 1717 2010
5990 4 2 2 31 29 477 3 1998
5991 4 2 2 31 1484 1490 1489 1692
5992 4 2 2 31 506 355 449 1956
5993 4 2 2 31 1364 1365 1255 1847
5994 4 2 2 31 513 1774 1768 2057
5995 4 2 2 31 1043 1789 1069 1801
5996 4 2 2 31 1858 1930 1659 1955
5997 4 2 2 31 378 1767 10 1883
5998 4 2 2 31 1613 1762 1803 1936
5999 4 2 2 31 1613 1880 1760 2048
6000 4 2 2 31 506 1809 355 1956
6001 4 2 2 31 1604 1804 1810 1866
6002 4 2 2 31 1688 1798 1742 1991
6003 4 2 2 31 97 947 857 2055
6004 4 2 2 31 1703 1950 1515 2000
6005 4 2 2 31 1115 1698 1443 2016
6006 4 2 2 31 402 403 401 1688
6007 4 2 2 31 1689 1807 1634 1900
6008 4 2 2 31 471 1676 78 1895
6009 4 2 2 31 1618 1756 1697 1966
6010 4 2 2 31 1677 1887 1901 2059
6011 4 2 2 31 800 792 1694 1836
6012 4 2 2 31 494 421 483 1687
6013 4 2 2 31 1108 1387 1730 1887
6014 4 2 2 31 1666 2023 1959 2079
6015 4 2 2 31 1632 1660 1764 2024
6016 4 2 2 31 977 1795 975 2041
6017 4 2 2 31 1509 1901 1678 2059
6018 4 2 2 31 414 463 422 1733
6019 4 2 2 31 857 996 1761 1839
6020 4 2 2 31 1221 1811 1749 1989
6021 4 2 2 31 1146 1812 1746 2017
6022 4 2 2 31 504 1771 1908 1968
6023 4 2 2 31 1183 1265 1351 1791
6024 4 2 2 31 1368 1364 1257 1847
6025 4 2 2 31 1462 1460 1115 1698
6026 4 2 2 31 1665 1826 1633 1906
6027 4 2 2 31 479 1661 527 1866
6028 4 2 2 31 756 1422 728 1805
6029 4 2 2 31 965 1533 1680 1806
6030 4 2 2 31 1640 1839 1705 2055
6031 4 2 2 31 1370 1091 1404 1725
6032 4 2 2 31 1762 1644 1803 1936
6033 4 2 2 31 1809 1857 1672 1956
6034 4 2 2 31 1621 1809 1857 1937
6035 4 2 2 31 425 1979 1778 1990
6036 4 2 2 31 859 2040 1987 2053
6037 4 2 2 31 1513 1659 1930 1955
6038 4 2 2 31 1607 1777 1687 1910
6039 4 2 2 31 1677 1901 1605 1972
6040 4 2 2 31 1602 1907 1730 1958
6041 4 2 2 31 1083 1414 1756 2008
6042 4 2 2 31 745 1708 1704 1868
6043 4 2 2 31 1659 1513 1930 2056
6044 4 2 2 31 1655 1861 1790 1987
6045 4 2 2 31 1387 1241 1396 1730
6046 4 2 2 31 1610 1945 1746 2068
6047 4 2 2 31 1688 1798 1613 1803
6048 4 2 2 31 1655 1964 1722 1982
6049 4 2 2 31 378 10 481 1883
6050 4 2 2 31 98 99 855 1738
6051 4 2 2 31 1616 1857 1890 1988
6052 4 2 2 31 1711 1871 1648 1980
6053 4 2 2 31 1219 1919 1779 2045
6054 4 2 2 31 1575 512 1727 1866
6055 4 2 2 31 731 1093 787 1787
6056 4 2 2 31 1703 1833 1502 1951
6057 4 2 2 31 1672 1857 1211 1890
6058 4 2 2 31 1655 1684 1987 2013
6059 4 2 2 31 889 1684 927 1879
6060 4 2 2 31 1690 1846 1663 1949
6061 4 2 2 31 1469 1105 1391 1718
6062 4 2 2 31 1080 1860 1692 1938
6063 4 2 2 31 928 886 725 1977
6064 4 2 2 31 1646 1859 1824 1897
6065 4 2 2 31 1730 1907 1602 1978
6066 4 2 2 31 1612 1797 1794 1845
6067 4 2 2 31 1658 1830 1935 2069
6068 4 2 2 31 1702 1794 1612 2037
6069 4 2 2 31 1744 1879 1522 1992
6070 4 2 2 31 1618 1697 1875 1966
6071 4 2 2 31 1645 1774 1686 1811
6072 4 2 2 31 1378 1681 1448 1988
6073 4 2 2 31 79 1941 1685 2072
6074 4 2 2 31 906 970 1016 1810
6075 4 2 2 31 100 1662 1838 1924
6076 4 2 2 31 34 847 1711 1819
6077 4 2 2 31 1821 1904 1683 1944
6078 4 2 2 31 1679 1712 1610 1782
6079 4 2 2 31 765 1859 1691 1897
6080 4 2 2 31 1644 1745 1719 1802
6081 4 2 2 31 451 1755 470 2032
6082 4 2 2 31 1577 1757 1559 1884
6083 4 2 2 31 102 1802 101 1918
6084 4 2 2 31 1662 1924 1617 2019
6085 4 2 2 31 1135 1837 1822 1974
6086 4 2 2 31 1228 1366 1451 1959
6087 4 2 2 31 1051 1796 1065 1938
6088 4 2 2 31 1689 1413 2060 2067
6089 4 2 2 31 1611 1742 1688 1798
6090 4 2 2 31 1712 1738 1610 1782
6091 4 2 2 31 1665 1831 1620 2078
6092 4 2 2 31 1279 1394 1229 2079
6093 4 2 2 31 1674 1822 1780 2051
6094 4 2 2 31 1081 1694 1836 1947
6095 4 2 2 31 1502 1660 1494 1951
6096 4 2 2 31 1711 1857 1834 1871
6097 4 2 2 31 1788 1869 1647 2028
6098 4 2 2 31 1799 1614 1946 1977
6099 4 2 2 31 429 506 1766 1809
6100 4 2 2 31 1649 1732 1691 1840
6101 4 2 2 31 833 814 801 1731
6102 4 2 2 31 905 1759 912 1858
6103 4 2 2 31 1691 1840 768 1923
6104 4 2 2 31 1778 1939 1628 1997
6105 4 2 2 31 1108 1298 1387 1887
6106 4 2 2 31 385 384 382 1916
6107 4 2 2 31 1512 1678 1509 1858
6108 4 2 2 31 1627 1931 1722 1943
6109 4 2 2 31 986 1838 948 1995
6110 4 2 2 31 1668 1761 1640 1928
6111 4 2 2 31 104 103 472 1719
6112 4 2 2 31 1135 1134 1133 1670
6113 4 2 2 31 756 1106 1422 1805
6114 4 2 2 31 1313 1894 1923 2071
6115 4 2 2 31 1618 1696 1890 1983
6116 4 2 2 31 887 1000 996 2040
6117 4 2 2 31 1079 1885 1687 1954
6118 4 2 2 31 936 874 1499 1862
6119 4 2 2 31 1722 1931 1659 1943
6120 4 2 2 31 1471 1498 1497 1862
6121 4 2 2 31 1151 1152 1149 1798
6122 4 2 2 31 1619 1845 1794 1999
6123 4 2 2 31 758 1977 715 2050
6124 4 2 2 31 1628 1939 1778 1990
6125 4 2 2 31 1087 757 715 2050
6126 4 2 2 31 993 856 941 1973
6127 4 2 2 31 1111 1440 1450 1716
6128 4 2 2 31 1596 1690 1846 2047
6129 4 2 2 31 1637 1876 2048 2080
6130 4 2 2 31 1015 954 1796 1926
6131 4 2 2 31 1623 1844 1707 1913
6132 4 2 2 31 1196 1193 1374 1850
6133 4 2 2 31 1610 1842 1712 1970
6134 4 2 2 31 43 941 42 1946
6135 4 2 2 31 728 1763 749 1805
6136 4 2 2 31 1610 1679 1945 2068
6137 4 2 2 31 1758 1856 1628 2029
6138 4 2 2 31 946 1764 849 2022
6139 4 2 2 31 399 1774 1845 1993
6140 4 2 2 31 1144 1158 1673 1999
6141 4 2 2 31 977 935 975 1795
6142 4 2 2 31 817 815 1815 1872
6143 4 2 2 31 1128 1130 1172 1906
6144 4 2 2 31 900 1806 1767 1893
6145 4 2 2 31 865 962 1941 2009
6146 4 2 2 31 1688 1760 1755 1975
6147 4 2 2 31 1495 1833 925 2005
6148 4 2 2 31 1701 1568 1919 2028
6149 4 2 2 31 1650 1790 1861 1987
6150 4 2 2 31 1033 1095 1044 1801
6151 4 2 2 31 1452 1842 1737 1970
6152 4 2 2 31 800 1694 738 1836
6153 4 2 2 31 1513 1659 1955 2056
6154 4 2 2 31 1569 1701 428 1915
6155 4 2 2 31 1617 1851 1664 1924
6156 4 2 2 31 1662 1737 1617 1770
6157 4 2 2 31 1193 1724 1196 1917
6158 4 2 2 31 461 391 1775 1792
6159 4 2 2 31 1379 1285 1708 1868
6160 4 2 2 31 837 1013 1547 1731
6161 4 2 2 31 1671 1740 1733 1910
6162 4 2 2 31 450 1823 1807 1979
6163 4 2 2 31 1625 1823 1689 1900
6164 4 2 2 31 879 1495 925 2005
6165 4 2 2 31 1588 1846 1663 2047
6166 4 2 2 31 1136 1134 1837 1874
6167 4 2 2 31 745 719 789 1704
6168 4 2 2 31 861 1964 1006 1969
6169 4 2 2 31 724 742 741 1696
6170 4 2 2 31 1650 1668 1765 2040
6171 4 2 2 31 1043 1044 1045 1885
6172 4 2 2 31 1663 1909 84 2058
6173 4 2 2 31 1640 1761 1668 1839
6174 4 2 2 31 459 1768 513 1774
6175 4 2 2 31 372 1754 362 1776
6176 4 2 2 31 1750 1783 1662 1952
6177 4 2 2 31 1707 1792 1631 2003
6178 4 2 2 31 1650 1987 1879 2040
6179 4 2 2 31 403 1688 402 1975
6180 4 2 2 31 1636 1726 1679 1780
6181 4 2 2 31 1670 1775 1641 1922
6182 4 2 2 31 1259 1260 1439 1871
6183 4 2 2 31 438 501 1674 1900
6184 4 2 2 31 381 380 375 1823
6185 4 2 2 31 1742 1783 1148 2034
6186 4 2 2 31 1274 1450 1263 1716
6187 4 2 2 31 1556 1579 1576 1716
6188 4 2 2 31 1242 1841 1206 2066
6189 4 2 2 31 1015 966 954 1926
6190 4 2 2 31 1477 1684 1526 2013
6191 4 2 2 31 857 994 1839 2055
6192 4 2 2 31 394 1768 397 2074
6193 4 2 2 31 757 758 715 2050
6194 4 2 2 31 892 772 723 1773
6195 4 2 2 31 1677 1730 1506 1958
6196 4 2 2 31 807 1690 82 2058
6197 4 2 2 31 1347 1739 1236 2082
6198 4 2 2 31 1790 1861 1655 1917
6199 4 2 2 31 1200 1748 1222 1765
6200 4 2 2 31 1650 1748 1917 2053
6201 4 2 2 31 1395 1749 1752 2050
6202 4 2 2 31 1632 1764 1666 2022
6203 4 2 2 31 1606 1793 1789 1947
6204 4 2 2 31 1670 1641 1874 1922
6205 4 2 2 31 1615 1719 1745 1802
6206 4 2 2 31 1167 1826 1820 2046
6207 4 2 2 31 1447 1414 1083 2008
6208 4 2 2 31 1509 1512 1483 1678
6209 4 2 2 31 965 1680 899 1806
6210 4 2 2 31 430 482 429 2080
6211 4 2 2 31 97 1738 947 2055
6212 4 2 2 31 1678 1931 1759 1943
6213 4 2 2 31 1134 1135 1136 1837
6214 4 2 2 31 1720 1613 1880 2054
6215 4 2 2 31 962 871 917 1704
6216 4 2 2 31 1280 1779 1253 1815
6217 4 2 2 31 1822 1974 1780 2051
6218 4 2 2 31 1597 1570 1663 1915
6219 4 2 2 31 1828 1959 1632 2015
6220 4 2 2 31 1428 1744 1251 1765
6221 4 2 2 31 1640 1854 1842 2021
6222 4 2 2 31 1641 1775 1670 1837
6223 4 2 2 31 1722 1964 1659 1982
6224 4 2 2 31 1603 1667 1763 1816
6225 4 2 2 31 460 1726 1844 1945
6226 4 2 2 31 789 795 736 1704
6227 4 2 2 31 1413 1266 1689 2060
6228 4 2 2 31 1790 1917 1634 2053
6229 4 2 2 31 404 1760 407 2048
6230 4 2 2 31 1400 1894 1714 2031
6231 4 2 2 31 860 1732 922 1840
6232 4 2 2 31 1698 1883 1657 2016
6233 4 2 2 31 766 778 1921 1985
6234 4 2 2 31 1546 1753 1927 2056
6235 4 2 2 31 1652 1904 1821 1944
6236 4 2 2 31 1084 1691 716 1923
6237 4 2 2 31 1664 1950 1750 2038
6238 4 2 2 31 1365 1811 1255 1989
6239 4 2 2 31 50 49 1852 1912
6240 4 2 2 31 819 1948 1704 2009
6241 4 2 2 31 1383 2019 1842 2021
6242 4 2 2 31 99 1738 98 1770
6243 4 2 2 31 1669 1628 1939 1997
6244 4 2 2 31 1649 1923 1894 2071
6245 4 2 2 31 1612 1794 1755 1845
6246 4 2 2 31 1608 1666 1926 2022
6247 4 2 2 31 1242 2010 1841 2066
6248 4 2 2 31 1616 1834 1711 1857
6249 4 2 2 31 33 2043 1789 2077
6250 4 2 2 31 1780 1822 1674 1974
6251 4 2 2 31 1175 1176 1166 1745
6252 4 2 2 31 1314 1329 1691 1897
6253 4 2 2 31 1645 1797 1794 1808
6254 4 2 2 31 378 492 480 2076
6255 4 2 2 31 84 2047 1663 2058
6256 4 2 2 31 1631 1965 1768 2057
6257 4 2 2 31 1276 1743 1860 1938
6258 4 2 2 31 1253 1815 1779 2028
6259 4 2 2 31 1354 1439 1260 1885
6260 4 2 2 31 1688 1813 416 1925
6261 4 2 2 31 1544 1494 1486 1725
6262 4 2 2 31 1612 1755 1702 1760
6263 4 2 2 31 1226 1246 1269 1842
6264 4 2 2 31 1307 1927 1306 2056
6265 4 2 2 31 401 1688 416 1925
6266 4 2 2 31 1325 1849 1425 1863
6267 4 2 2 31 1075 1049 1071 1675
6268 4 2 2 31 1711 1621 1857 1871
6269 4 2 2 31 921 1840 767 1859
6270 4 2 2 31 1359 1702 1355 2037
6271 4 2 2 31 1710 1715 1638 1829
6272 4 2 2 31 1679 1726 1636 2035
6273 4 2 2 31 1608 2010 1717 2079
6274 4 2 2 31 1326 1720 1880 2054
6275 4 2 2 31 381 382 380 1823
6276 4 2 2 31 1668 1640 1855 1928
6277 4 2 2 31 1627 1722 1931 2018
6278 4 2 2 31 1494 1660 1502 2005
6279 4 2 2 31 745 1704 799 1868
6280 4 2 2 31 1788 1869 1408 1949
6281 4 2 2 31 1311 1310 1090 1988
6282 4 2 2 31 1785 1796 954 1920
6283 4 2 2 31 1359 1991 1702 2037
6284 4 2 2 31 1662 1770 1617 1924
6285 4 2 2 31 1719 1745 1644 1828
6286 4 2 2 31 1781 1841 1300 2073
6287 4 2 2 31 1041 1066 1793 1947
6288 4 2 2 31 523 1733 1980 2077
6289 4 2 2 31 817 824 1788 1815
6290 4 2 2 31 1758 1778 1639 1962
6291 4 2 2 31 1987 2040 1650 2053
6292 4 2 2 31 1553 1690 1596 2047
6293 4 2 2 31 809 835 839 1704
6294 4 2 2 31 1628 1821 1683 1962
6295 4 2 2 31 1312 769 1787 1923
6296 4 2 2 31 899 1009 898 1680
6297 4 2 2 31 1492 1091 1486 2023
6298 4 2 2 31 1494 1725 2005 2064
6299 4 2 2 31 1306 1927 1753 2056
6300 4 2 2 31 1797 1835 1645 1853
6301 4 2 2 31 1052 1051 1065 1938
6302 4 2 2 31 471 511 434 1676
6303 4 2 2 31 954 848 1920 1926
6304 4 2 2 31 103 1719 104 2024
6305 4 2 2 31 1538 1753 1536 2013
6306 4 2 2 31 496 1701 1591 1883
6307 4 2 2 31 1265 1319 1756 1983
6308 4 2 2 31 1209 1745 1176 1886
6309 4 2 2 31 768 716 1691 1923
6310 4 2 2 31 1650 1861 1790 1917
6311 4 2 2 31 1707 1844 1624 1913
6312 4 2 2 31 1448 1110 1310 1681
6313 4 2 2 31 1674 1780 1827 2051
6314 4 2 2 31 1382 1299 1931 1996
6315 4 2 2 31 1712 1610 1738 1842
6316 4 2 2 31 467 356 91 1969
6317 4 2 2 31 443 1968 444 2011
6318 4 2 2 31 1606 1932 1694 2025
6319 4 2 2 31 1190 1962 1758 2067
6320 4 2 2 31 1206 1841 1781 2066
6321 4 2 2 31 1314 1691 1313 1894
6322 4 2 2 31 1666 1608 1743 2079
6323 4 2 2 31 1557 1588 1846 1869
6324 4 2 2 31 1702 1880 1152 2037
6325 4 2 2 31 1688 1702 1613 1798
6326 4 2 2 31 1049 1675 1075 2063
6327 4 2 2 31 1679 1636 1782 2035
6328 4 2 2 31 1723 1906 1127 2001
6329 4 2 2 31 1299 1678 1377 1931
6330 4 2 2 31 1632 1715 1710 1829
6331 4 2 2 31 459 1774 485 1993
6332 4 2 2 31 1748 1780 1636 2030
6333 4 2 2 31 1638 1841 1717 2010
6334 4 2 2 31 1658 1935 1713 2069
6335 4 2 2 31 805 1282 1371 1788
6336 4 2 2 31 1662 1750 1838 1924
6337 4 2 2 31 1355 1359 1152 1702
6338 4 2 2 31 1744 1765 1668 1992
6339 4 2 2 31 1691 1840 1732 1859
6340 4 2 2 31 1126 1127 1906 2001
6341 4 2 2 31 393 1844 392 2074
6342 4 2 2 31 29 3 1892 1998
6343 4 2 2 31 1175 1750 1348 2038
6344 4 2 2 31 757 1752 758 2050
6345 4 2 2 31 1640 1839 1668 1855
6346 4 2 2 31 751 1667 783 1816
6347 4 2 2 31 819 820 1948 2009
6348 4 2 2 31 45 46 1732 1832
6349 4 2 2 31 1713 1658 1870 1935
6350 4 2 2 31 91 90 467 1722
6351 4 2 2 31 1701 1902 1642 2004
6352 4 2 2 31 102 948 1838 1995
6353 4 2 2 31 1639 1962 1689 2067
6354 4 2 2 31 1695 1881 1831 1896
6355 4 2 2 31 1171 1672 1786 1937
6356 4 2 2 31 1684 1753 1655 1861
6357 4 2 2 31 1071 1030 1075 1675
6358 4 2 2 31 1513 1512 1858 1930
6359 4 2 2 31 1620 1831 1881 1896
6360 4 2 2 31 1327 1828 1366 1981
6361 4 2 2 31 1758 1905 1120 2018
6362 4 2 2 31 1645 1797 1808 1835
6363 4 2 2 31 1620 1670 1933 2078
6364 4 2 2 31 1811 1847 1631 1989
6365 4 2 2 31 455 1735 435 1911
6366 4 2 2 31 1282 1437 1788 1815
6367 4 2 2 31 1146 1143 1746 1812
6368 4 2 2 31 959 1474 870 1901
6369 4 2 2 31 1080 1036 1692 1860
6370 4 2 2 31 1579 1578 1576 1685
6371 4 2 2 31 819 1868 1704 1948
6372 4 2 2 31 765 768 1691 1840
6373 4 2 2 31 1664 1617 1747 1851
6374 4 2 2 31 1212 1213 1175 1750
6375 4 2 2 31 1709 1804 1604 1866
6376 4 2 2 31 1771 1829 105 2024
6377 4 2 2 31 1652 1904 1754 1990
6378 4 2 2 31 1615 1750 1664 1838
6379 4 2 2 31 1355 1702 1152 2037
6380 4 2 2 31 841 1704 819 1868
6381 4 2 2 31 1167 1820 1419 2046
6382 4 2 2 31 1663 1915 1570 2047
6383 4 2 2 31 1678 1858 1512 1930
6384 4 2 2 31 1405 803 1107 1948
6385 4 2 2 31 401 403 416 1688
6386 4 2 2 31 992 1705 885 2055
6387 4 2 2 31 1614 1824 1734 1946
6388 4 2 2 31 1513 1955 1753 2056
6389 4 2 2 31 971 1795 878 1932
6390 4 2 2 31 1469 1503 1500 1718
6391 4 2 2 31 375 1683 374 1904
6392 4 2 2 31 107 1785 954 1920
6393 4 2 2 31 1009 874 1010 2004
6394 4 2 2 31 446 352 475 1802
6395 4 2 2 31 1691 1732 1646 1859
6396 4 2 2 31 1596 1690 1553 2026
6397 4 2 2 31 1180 1557 1846 1869
6398 4 2 2 31 1711 1857 1621 1956
6399 4 2 2 31 983 912 1759 1943
6400 4 2 2 31 1674 1634 1873 2051
6401 4 2 2 31 905 1759 1858 1901
6402 4 2 2 31 454 357 44 1976
6403 4 2 2 31 1857 1871 1621 1971
6404 4 2 2 31 747 1888 746 1929
6405 4 2 2 31 1175 1348 1176 2038
6406 4 2 2 31 1 1023 51 1709
6407 4 2 2 31 436 399 1774 1845
6408 4 2 2 31 1758 1962 1639 2067
6409 4 2 2 31 1622 1808 1797 1835
6410 4 2 2 31 1605 2002 1784 2007
6411 4 2 2 31 823 1690 828 1878
6412 4 2 2 31 85 86 1025 1909
6413 4 2 2 31 1658 1721 1804 1903
6414 4 2 2 31 1213 1750 1212 2019
6415 4 2 2 31 724 1795 935 1818
6416 4 2 2 31 1723 1884 1630 2001
6417 4 2 2 31 409 513 459 1768
6418 4 2 2 31 1156 1152 1880 2037
6419 4 2 2 31 899 965 968 1680
6420 4 2 2 31 508 356 467 1979
6421 4 2 2 31 929 1514 883 1851
6422 4 2 2 31 443 1829 1968 2011
6423 4 2 2 31 865 80 1024 1825
6424 4 2 2 31 1137 1402 1913 1974
6425 4 2 2 31 1616 1857 1711 1956
6426 4 2 2 31 1613 1762 1772 1908
6427 4 2 2 31 769 787 1312 1787
6428 4 2 2 31 1406 1295 1763 1963
6429 4 2 2 31 1671 1940 1720 1984
6430 4 2 2 31 1445 1391 1718 2045
6431 4 2 2 31 1174 1791 1179 1808
6432 4 2 2 31 1364 1847 1255 1865
6433 4 2 2 31 1193 1850 1724 2067
6434 4 2 2 31 1490 1692 1551 1860
6435 4 2 2 31 928 725 1799 1977
6436 4 2 2 31 368 522 1 1727
6437 4 2 2 31 1636 1761 1712 1782
6438 4 2 2 31 1689 1873 1625 1900
6439 4 2 2 31 1784 2002 1934 2007
6440 4 2 2 31 973 1893 903 1972
6441 4 2 2 31 1090 1319 1463 1696
6442 4 2 2 31 1508 1677 1506 1806
6443 4 2 2 31 1255 1254 1256 1865
6444 4 2 2 31 412 1729 444 1968
6445 4 2 2 31 50 1852 1870 1912
6446 4 2 2 31 1605 1901 1759 1972
6447 4 2 2 31 364 1852 1817 1914
6448 4 2 2 31 1608 1666 1743 1926
6449 4 2 2 31 808 825 832 2058
6450 4 2 2 31 1314 1084 1313 1923
6451 4 2 2 31 754 878 1795 1932
6452 4 2 2 31 1558 1178 1582 1736
6453 4 2 2 31 1720 1882 1671 1984
6454 4 2 2 31 389 390 1844 1961
6455 4 2 2 31 1516 1747 1519 1851
6456 4 2 2 31 1728 1768 1623 2074
6457 4 2 2 31 1856 1905 1118 2029
6458 4 2 2 31 1943 1955 1659 1964
6459 4 2 2 31 1573 1577 1572 1884
6460 4 2 2 31 1509 1678 1483 2059
6461 4 2 2 31 765 1840 1691 1859
6462 4 2 2 31 1664 1703 1950 2038
6463 4 2 2 31 1140 1707 1141 1960
6464 4 2 2 31 1774 1811 1645 1898
6465 4 2 2 31 1639 1850 1724 1969
6466 4 2 2 31 1625 1670 1741 1916
6467 4 2 2 31 1060 1301 1393 1841
6468 4 2 2 31 1684 1753 1526 2013
6469 4 2 2 31 1440 1716 1582 1889
6470 4 2 2 31 1282 805 824 1788
6471 4 2 2 31 1682 1631 1989 2057
6472 4 2 2 31 1646 1824 1734 1897
6473 4 2 2 31 1012 789 871 1704
6474 4 2 2 31 1679 1782 1726 2035
6475 4 2 2 31 896 895 1026 1895
6476 4 2 2 31 1722 1850 1655 1982
6477 4 2 2 31 1777 1899 1076 2063
6478 4 2 2 31 499 434 1578 1685
6479 4 2 2 31 1796 1920 1608 1926
6480 4 2 2 31 1611 1783 1742 2034
6481 4 2 2 31 460 486 1782 1945
6482 4 2 2 31 739 1681 738 1932
6483 4 2 2 31 364 502 526 1942
6484 4 2 2 31 1314 1313 1691 1923
6485 4 2 2 31 1720 1940 1626 1984
6486 4 2 2 31 1720 1762 1626 1772
6487 4 2 2 31 1642 1957 1751 2045
6488 4 2 2 31 1581 1846 1690 2075
6489 4 2 2 31 744 1708 1101 1929
6490 4 2 2 31 1170 1882 1857 1937
6491 4 2 2 31 1574 1582 1576 1889
6492 4 2 2 31 788 920 882 1966
6493 4 2 2 31 1789 1801 1606 1947
6494 4 2 2 31 1758 1905 1856 2029
6495 4 2 2 31 1378 1681 1834 2025
6496 4 2 2 31 1344 1974 1822 2051
6497 4 2 2 31 438 389 1726 1961
6498 4 2 2 31 476 528 1669 2002
6499 4 2 2 31 525 416 475 1813
6500 4 2 2 31 1620 1874 1670 2078
6501 4 2 2 31 1046 1687 1079 1885
6502 4 2 2 31 1702 1991 1794 2037
6503 4 2 2 31 1602 1677 1806 1958
6504 4 2 2 31 930 889 1477 2013
6505 4 2 2 31 1699 1888 1609 1895
6506 4 2 2 31 1320 1211 1171 1672
6507 4 2 2 31 816 1872 817 1909
6508 4 2 2 31 1602 1730 1677 1958
6509 4 2 2 31 1291 1210 1935 2069
6510 4 2 2 31 1090 1696 1463 1988
6511 4 2 2 31 1338 1087 715 2050
6512 4 2 2 31 45 1732 943 1976
6513 4 2 2 31 1242 1717 1841 2010
6514 4 2 2 31 1752 1977 758 2050
6515 4 2 2 31 1759 1858 1678 1943
6516 4 2 2 31 1194 2060 1413 2067
6517 4 2 2 31 1163 1157 1720 1882
6518 4 2 2 31 780 778 720 1739
6519 4 2 2 31 1036 1063 1067 1692
6520 4 2 2 31 510 1939 1778 1997
6521 4 2 2 31 1729 1940 1626 1968
6522 4 2 2 31 1620 1874 1832 1922
6523 4 2 2 31 1617 1737 1662 2019
6524 4 2 2 31 1578 434 511 1676
6525 4 2 2 31 1763 1963 1295 2027
6526 4 2 2 31 397 1768 459 1993
6527 4 2 2 31 512 522 1727 1866
6528 4 2 2 31 1678 1901 1887 2059
6529 4 2 2 31 1629 1906 1723 2001
6530 4 2 2 31 1802 1803 1611 1918
6531 4 2 2 31 1114 1460 1462 1919
6532 4 2 2 31 1622 1853 1797 2006
6533 4 2 2 31 988 986 929 2000
6534 4 2 2 31 1220 1749 1218 1835
6535 4 2 2 31 1855 1928 1438 1992
6536 4 2 2 31 1671 1740 1607 2073
6537 4 2 2 31 1150 1798 1742 2034
6538 4 2 2 31 983 912 905 1759
6539 4 2 2 31 1713 1935 1210 2069
6540 4 2 2 31 1663 1788 825 1949
6541 4 2 2 31 1173 1971 1671 2073
6542 4 2 2 31 1631 1847 1994 2003
6543 4 2 2 31 1569 1561 1591 1701
6544 4 2 2 31 1606 1681 1932 2025
6545 4 2 2 31 1737 1783 1212 2017
6546 4 2 2 31 952 1699 750 1816
6547 4 2 2 31 1012 960 809 1704
6548 4 2 2 31 1679 1844 1623 1913
6549 4 2 2 31 1080 1061 1036 1860
6550 4 2 2 31 1474 1508 870 1677
6551 4 2 2 31 1420 1357 1262 1988
6552 4 2 2 31 1665 1826 1741 1867
6553 4 2 2 31 1209 1828 1745 1886
6554 4 2 2 31 828 804 826 1878
6555 4 2 2 31 1687 1777 1607 1899
6556 4 2 2 31 1189 1188 1120 1758
6557 4 2 2 31 811 1547 1488 1731
6558 4 2 2 31 43 454 44 1976
6559 4 2 2 31 1691 1732 1649 1894
6560 4 2 2 31 105 361 1771 2024
6561 4 2 2 31 1498 1862 1471 1957
6562 4 2 2 31 912 1943 998 1955
6563 4 2 2 31 1299 1887 1678 1996
6564 4 2 2 31 1306 1753 1927 1982
6565 4 2 2 31 1328 1419 1167 1944
6566 4 2 2 31 476 528 415 1669
6567 4 2 2 31 788 882 727 1697
6568 4 2 2 31 1222 1200 1198 1748
6569 4 2 2 31 371 1904 374 1990
6570 4 2 2 31 1169 1882 1173 1971
6571 4 2 2 31 1162 1157 1882 1937
6572 4 2 2 31 826 804 1182 1878
6573 4 2 2 31 43 858 1946 1976
6574 4 2 2 31 1650 1879 1744 2040
6575 4 2 2 31 1099 715 771 1734
6576 4 2 2 31 1143 1746 1960 2068
6577 4 2 2 31 1313 1894 1691 1923
6578 4 2 2 31 1838 1918 1802 1952
6579 4 2 2 31 1632 1666 1764 1959
6580 4 2 2 31 738 739 718 1681
6581 4 2 2 31 1037 1068 1064 1694
6582 4 2 2 31 402 1755 451 1760
6583 4 2 2 31 1251 1928 1765 1992
6584 4 2 2 31 1715 1666 1959 2079
6585 4 2 2 31 445 1803 405 1908
6586 4 2 2 31 438 1726 439 1827
6587 4 2 2 31 1582 1736 1178 1889
6588 4 2 2 31 1634 1873 1689 1900
6589 4 2 2 31 1650 1917 1790 2053
6590 4 2 2 31 1583 499 1578 2072
6591 4 2 2 31 1729 1781 1626 1984
6592 4 2 2 31 441 522 368 1727
6593 4 2 2 31 1506 1677 1507 1730
6594 4 2 2 31 1134 1133 1670 1933
6595 4 2 2 31 1746 1812 1635 2017
6596 4 2 2 31 1111 1556 1440 1716
6597 4 2 2 31 1597 1663 1869 1915
6598 4 2 2 31 1500 1680 1504 1718
6599 4 2 2 31 43 1946 1682 1976
6600 4 2 2 31 29 1892 1810 1998
6601 4 2 2 31 1210 1713 1126 1935
6602 4 2 2 31 1354 1095 1439 1801
6603 4 2 2 31 1473 1375 1098 1747
6604 4 2 2 31 43 453 1965 2057
6605 4 2 2 31 50 1852 1709 1870
6606 4 2 2 31 1319 1384 1756 1983
6607 4 2 2 31 1367 1898 1811 1994
6608 4 2 2 31 1499 1471 1862 1957
6609 4 2 2 31 1574 1736 1582 1889
6610 4 2 2 31 1335 1842 1225 1928
6611 4 2 2 31 1663 1846 1690 2047
6612 4 2 2 31 936 1499 1471 1862
6613 4 2 2 31 1144 1673 1812 1999
6614 4 2 2 31 733 1708 745 1868
6615 4 2 2 31 1149 1742 1150 1798
6616 4 2 2 31 1142 1673 1158 1994
6617 4 2 2 31 1443 1441 1700 1907
6618 4 2 2 31 1079 1687 1057 1954
6619 4 2 2 31 1608 1715 1920 2010
6620 4 2 2 31 1595 1669 1856 1939
6621 4 2 2 31 1677 1730 1602 1978
6622 4 2 2 31 1686 1774 1631 1811
6623 4 2 2 31 50 51 1709 2061
6624 4 2 2 31 428 1569 1591 1701
6625 4 2 2 31 1536 1753 1538 1955
6626 4 2 2 31 1791 1808 1622 2008
6627 4 2 2 31 368 1727 1 2061
6628 4 2 2 31 896 1026 1699 1895
6629 4 2 2 31 746 1888 1708 1929
6630 4 2 2 31 1120 1758 1188 1905
6631 4 2 2 31 1688 1803 1613 1975
6632 4 2 2 31 404 402 451 1760
6633 4 2 2 31 1592 1700 1389 1784
6634 4 2 2 31 949 866 958 1872
6635 4 2 2 31 756 1805 747 1929
6636 4 2 2 31 1335 1225 1362 1928
6637 4 2 2 31 1367 1218 1811 1898
6638 4 2 2 31 1141 1707 1913 1960
6639 4 2 2 31 1607 1841 1781 2073
6640 4 2 2 31 1504 1718 1680 1958
6641 4 2 2 31 1722 1639 1850 2018
6642 4 2 2 31 389 1844 1726 1961
6643 4 2 2 31 1621 1671 1766 1882
6644 4 2 2 31 1669 1934 1784 2002
6645 4 2 2 31 1723 1817 1633 1906
6646 4 2 2 31 1636 1780 1679 2030
6647 4 2 2 31 1625 1822 1674 1873
6648 4 2 2 31 1755 1794 1619 1845
6649 4 2 2 31 1521 1525 1477 1879
6650 4 2 2 31 1530 883 1514 1851
6651 4 2 2 31 765 768 716 1691
6652 4 2 2 31 1171 1183 1174 1791
6653 4 2 2 31 1122 1123 1884 2001
6654 4 2 2 31 1632 1771 1719 2024
6655 4 2 2 31 50 1709 1852 2061
6656 4 2 2 31 1625 1822 1670 1916
6657 4 2 2 31 1633 1683 1904 1944
6658 4 2 2 31 1343 1367 1811 1994
6659 4 2 2 31 1293 1444 1294 1935
6660 4 2 2 31 508 467 425 1979
6661 4 2 2 31 1603 1676 1661 1892
6662 4 2 2 31 1319 794 1384 1983
6663 4 2 2 31 1765 1928 1668 1992
6664 4 2 2 31 1622 1835 1739 2008
6665 4 2 2 31 1098 1517 1473 1747
6666 4 2 2 31 1496 1100 1399 1751
6667 4 2 2 31 861 1006 92 1969
6668 4 2 2 31 1243 1180 1557 1846
6669 4 2 2 31 1627 1931 1905 2018
6670 4 2 2 31 47 359 48 1695
6671 4 2 2 31 850 35 1769 2041
6672 4 2 2 31 767 1840 765 1859
6673 4 2 2 31 1143 1812 1144 1960
6674 4 2 2 31 494 483 464 1687
6675 4 2 2 31 1424 1122 1457 1884
6676 4 2 2 31 868 1800 951 1903
6677 4 2 2 31 870 1677 1508 1806
6678 4 2 2 31 1742 1813 1688 1925
6679 4 2 2 31 1735 1911 1770 2039
6680 4 2 2 31 517 1789 1054 1954
6681 4 2 2 31 1090 1463 1311 1988
6682 4 2 2 31 42 453 43 2057
6683 4 2 2 31 1560 478 479 1998
6684 4 2 2 31 1620 1832 1732 1896
6685 4 2 2 31 1675 1953 1638 2011
6686 4 2 2 31 387 1674 501 1916
6687 4 2 2 31 1357 1211 1857 1890
6688 4 2 2 31 923 785 890 1773
6689 4 2 2 31 447 1741 382 1867
6690 4 2 2 31 349 1657 1883 2016
6691 4 2 2 31 531 85 1909 1915
6692 4 2 2 31 977 850 1769 2041
6693 4 2 2 31 1641 1832 1714 1874
6694 4 2 2 31 1727 1604 1843 1848
6695 4 2 2 31 1150 1742 1148 2034
6696 4 2 2 31 1017 89 1759 2002
6697 4 2 2 31 1728 1993 1768 2074
6698 4 2 2 31 1723 1652 1904 1914
6699 4 2 2 31 1122 1124 1123 2001
6700 4 2 2 31 78 434 79 1685
6701 4 2 2 31 1595 1566 1587 1757
6702 4 2 2 31 1455 1217 1437 2028
6703 4 2 2 31 969 897 1816 1892
6704 4 2 2 31 1674 1873 1634 1900
6705 4 2 2 31 1625 1873 1674 1900
6706 4 2 2 31 1606 1681 1819 1932
6707 4 2 2 31 1706 1893 109 2076
6708 4 2 2 31 1634 1827 1674 1900
6709 4 2 2 31 1482 1108 1288 1730
6710 4 2 2 31 1662 1783 1737 2039
6711 4 2 2 31 1359 1152 1702 1991
6712 4 2 2 31 1015 1692 966 1926
6713 4 2 2 31 1615 1838 1802 1952
6714 4 2 2 31 1025 1872 910 1909
6715 4 2 2 31 496 428 1591 1701
6716 4 2 2 31 1120 1931 1230 2018
6717 4 2 2 31 359 1695 47 1881
6718 4 2 2 31 88 1701 1883 2004
6719 4 2 2 31 1457 1089 1757 1884
6720 4 2 2 31 1561 1591 1701 1883
6721 4 2 2 31 1189 1758 1120 2018
6722 4 2 2 31 1574 1558 1736 1848
6723 4 2 2 31 1041 1042 1066 1947
6724 4 2 2 31 1391 1100 1503 1751
6725 4 2 2 31 1668 1879 1744 1992
6726 4 2 2 31 1679 1623 1844 1945
6727 4 2 2 31 1605 1759 1678 1996
6728 4 2 2 31 101 102 948 1838
6729 4 2 2 31 1088 1744 1468 1992
6730 4 2 2 31 756 749 747 1805
6731 4 2 2 31 1794 1797 1645 1845
6732 4 2 2 31 893 1549 1484 1692
6733 4 2 2 31 481 492 378 1883
6734 4 2 2 31 468 37 482 2080
6735 4 2 2 31 992 918 885 1705
6736 4 2 2 31 1034 1046 1885 1899
6737 4 2 2 31 461 497 391 1792
6738 4 2 2 31 1522 1744 1525 1879
6739 4 2 2 31 1794 1808 1612 2037
6740 4 2 2 31 1650 1765 1877 2040
6741 4 2 2 31 349 1657 350 1883
6742 4 2 2 31 1715 1829 1632 2022
6743 4 2 2 31 1309 1744 1372 1861
6744 4 2 2 31 1135 1137 1837 1974
6745 4 2 2 31 1673 1728 1619 1993
6746 4 2 2 31 765 764 1859 1897
6747 4 2 2 31 423 386 385 1922
6748 4 2 2 31 1425 1849 1201 1864
6749 4 2 2 31 1696 1616 1795 2041
6750 4 2 2 31 1043 1072 1069 1789
6751 4 2 2 31 1674 1726 1624 1961
6752 4 2 2 31 1164 1171 1174 1786
6753 4 2 2 31 1080 1036 1067 1692
6754 4 2 2 31 1532 1545 1519 1854
6755 4 2 2 31 783 753 721 1667
6756 4 2 2 31 29 1810 1661 1998
6757 4 2 2 31 1750 1950 1271 2038
6758 4 2 2 31 973 1677 1893 1972
6759 4 2 2 31 940 977 1769 1818
6760 4 2 2 31 811 837 1547 1731
6761 4 2 2 31 1642 1779 1919 2045
6762 4 2 2 31 1614 1989 1865 2050
6763 4 2 2 31 720 1739 778 1985
6764 4 2 2 31 924 892 1773 2081
6765 4 2 2 31 1621 1871 1711 1980
6766 4 2 2 31 1495 1502 1833 2005
6767 4 2 2 31 1542 1551 1692 1860
6768 4 2 2 31 1631 1792 1768 1965
6769 4 2 2 31 1374 1373 1861 1982
6770 4 2 2 31 822 1863 1107 1948
6771 4 2 2 31 1745 1886 1615 2038
6772 4 2 2 31 1618 1769 1672 1890
6773 4 2 2 31 938 851 103 1719
6774 4 2 2 31 797 894 732 1694
6775 4 2 2 31 1629 1906 1665 1942
6776 4 2 2 31 1423 1408 1180 1869
6777 4 2 2 31 1657 1706 1700 2007
6778 4 2 2 31 1533 968 965 1680
6779 4 2 2 31 1452 1269 1842 1970
6780 4 2 2 31 1681 1795 1616 1819
6781 4 2 2 31 38 37 1693 2065
6782 4 2 2 31 1705 1747 1617 1851
6783 4 2 2 31 1712 1842 1640 1928
6784 4 2 2 31 1650 1744 1684 1861
6785 4 2 2 31 1761 1877 96 2035
6786 4 2 2 31 1755 1760 1612 1876
6787 4 2 2 31 1068 1037 1081 1694
6788 4 2 2 31 1152 1880 1702 2054
6789 4 2 2 31 1482 1288 1505 1730
6790 4 2 2 31 870 973 1677 1806
6791 4 2 2 31 1208 1356 1936 1981
6792 4 2 2 31 1079 1045 1885 1954
6793 4 2 2 31 1686 1989 1631 2057
6794 4 2 2 31 1426 1094 1279 1938
6795 4 2 2 31 1560 1661 1574 1676
6796 4 2 2 31 825 1788 1663 1909
6797 4 2 2 31 35 1956 1769 2041
6798 4 2 2 31 1500 1680 1718 1957
6799 4 2 2 31 933 763 1824 1859
6800 4 2 2 31 912 1858 1943 1955
6801 4 2 2 31 1777 1910 1607 1953
6802 4 2 2 31 1681 1616 1795 1988
6803 4 2 2 31 429 1809 1766 2048
6804 4 2 2 31 1753 1955 1659 2056
6805 4 2 2 31 1673 1768 1728 1993
6806 4 2 2 31 1677 1806 973 1893
6807 4 2 2 31 1133 1145 1135 1822
6808 4 2 2 31 1723 1904 1652 1944
6809 4 2 2 31 1343 1898 1367 1994
6810 4 2 2 31 468 1876 1693 2080
6811 4 2 2 31 868 913 951 1800
6812 4 2 2 31 1633 1820 1683 1944
6813 4 2 2 31 1672 1769 1616 1890
6814 4 2 2 31 36 850 35 1769
6815 4 2 2 31 1241 1443 1441 1700
6816 4 2 2 31 1604 1804 1721 1963
6817 4 2 2 31 1629 1817 1906 1942
6818 4 2 2 31 1636 1782 1712 2030
6819 4 2 2 31 1413 1689 1266 2046
6820 4 2 2 31 726 921 767 1859
6821 4 2 2 31 1743 1926 1666 2033
6822 4 2 2 31 1706 1972 1893 1978
6823 4 2 2 31 940 1818 1769 2065
6824 4 2 2 31 982 942 987 1697
6825 4 2 2 31 1619 1728 1673 1812
6826 4 2 2 31 746 1708 744 1929
6827 4 2 2 31 1515 1543 1703 2000
6828 4 2 2 31 1712 1782 1679 2030
6829 4 2 2 31 1556 1111 1459 1849
6830 4 2 2 31 1181 1779 1219 1919
6831 4 2 2 31 1300 1781 1206 1841
6832 4 2 2 31 832 1663 825 1949
6833 4 2 2 31 1622 1835 1853 2006
6834 4 2 2 31 1526 1753 1684 1927
6835 4 2 2 31 1263 1450 1440 1716
6836 4 2 2 31 1171 1320 1672 1937
6837 4 2 2 31 98 1770 1738 2049
6838 4 2 2 31 458 1662 1911 1918
6839 4 2 2 31 383 493 450 1900
6840 4 2 2 31 998 1943 863 1964
6841 4 2 2 31 1542 1487 1551 1860
6842 4 2 2 31 770 1773 782 1787
6843 4 2 2 31 1674 1873 1822 2051
6844 4 2 2 31 870 1677 904 1901
6845 4 2 2 31 1664 1950 1703 2000
6846 4 2 2 31 479 1661 1575 1998
6847 4 2 2 31 1609 1895 1888 1941
6848 4 2 2 31 1446 1035 1899 2063
6849 4 2 2 31 1667 1603 1810 1816
6850 4 2 2 31 102 352 1802 1918
6851 4 2 2 31 807 1690 828 1967
6852 4 2 2 31 1582 1440 1556 1716
6853 4 2 2 31 1054 1789 1072 1954
6854 4 2 2 31 1490 1743 1692 1860
6855 4 2 2 31 1519 1517 1532 1747
6856 4 2 2 31 910 1872 816 1909
6857 4 2 2 31 823 828 1690 1967
6858 4 2 2 31 1035 1301 1841 2063
6859 4 2 2 31 1629 1852 1713 2001
6860 4 2 2 31 1315 1894 1400 2031
6861 4 2 2 31 1665 1633 1826 1867
6862 4 2 2 31 1611 1742 1798 2034
6863 4 2 2 31 1761 1765 1668 1877
6864 4 2 2 31 1093 1294 1302 1787
6865 4 2 2 31 373 1904 372 1914
6866 4 2 2 31 415 491 1586 1934
6867 4 2 2 31 1541 836 1731 1891
6868 4 2 2 31 729 744 1101 1929
6869 4 2 2 31 918 1705 990 1851
6870 4 2 2 31 1664 1515 1950 2000
6871 4 2 2 31 1641 1837 1670 1874
6872 4 2 2 31 1385 1082 1034 1899
6873 4 2 2 31 1216 1808 1179 1835
6874 4 2 2 31 933 888 763 1859
6875 4 2 2 31 1714 1847 1641 2052
6876 4 2 2 31 1276 1743 1938 2079
6877 4 2 2 31 86 1701 87 1902
6878 4 2 2 31 914 878 737 1932
6879 4 2 2 31 1752 1799 760 1977
6880 4 2 2 31 739 1795 1681 1932
6881 4 2 2 31 1646 1732 1714 1976
6882 4 2 2 31 870 1011 973 1806
6883 4 2 2 31 1333 1231 1413 1820
6884 4 2 2 31 109 1706 903 1893
6885 4 2 2 31 1099 1338 715 1734
6886 4 2 2 31 943 860 1001 1732
6887 4 2 2 31 515 1945 1735 2049
6888 4 2 2 31 1700 1784 1562 2007
6889 4 2 2 31 1667 1763 751 2027
6890 4 2 2 31 35 36 1769 1956
6891 4 2 2 31 1384 714 1756 1983
6892 4 2 2 31 1682 1989 1686 2057
6893 4 2 2 31 725 886 762 1977
6894 4 2 2 31 1219 1779 1249 2045
6895 4 2 2 31 1266 1873 1689 2060
6896 4 2 2 31 916 1895 78 1941
6897 4 2 2 31 1617 1747 1705 2021
6898 4 2 2 31 392 1768 394 2074
6899 4 2 2 31 727 1697 882 1921
6900 4 2 2 31 1759 1996 1605 2002
6901 4 2 2 31 1357 1211 1320 1857
6902 4 2 2 31 1363 1238 1215 1794
6903 4 2 2 31 1581 1690 2026 2075
6904 4 2 2 31 1596 1846 1588 2047
6905 4 2 2 31 754 737 878 1932
6906 4 2 2 31 1466 1453 1703 1951
6907 4 2 2 31 919 884 784 1921
6908 4 2 2 31 1139 1141 1140 1707
6909 4 2 2 31 1742 1798 1149 1991
6910 4 2 2 31 1255 1811 1221 1989
6911 4 2 2 31 1626 1762 1720 2036
6912 4 2 2 31 1033 1040 1352 1801
6913 4 2 2 31 743 1818 1966 1983
6914 4 2 2 31 1384 794 714 1983
6915 4 2 2 31 971 1819 1795 1932
6916 4 2 2 31 1608 1785 1717 1920
6917 4 2 2 31 1316 1714 1368 2031
6918 4 2 2 31 1450 1418 1111 1716
6919 4 2 2 31 39 942 38 1875
6920 4 2 2 31 438 501 387 1674
6921 4 2 2 31 1238 1215 1794 1808
6922 4 2 2 31 464 1687 483 1954
6923 4 2 2 31 899 1680 898 1767
6924 4 2 2 31 89 1943 1759 1997
6925 4 2 2 31 1652 1884 1776 1914
6926 4 2 2 31 1225 1842 1712 1928
6927 4 2 2 31 1318 1894 1831 2078
6928 4 2 2 31 1655 1753 1684 2013
6929 4 2 2 31 1460 1698 1919 2045
6930 4 2 2 31 456 460 1782 2035
6931 4 2 2 31 1477 1526 1535 2013
6932 4 2 2 31 1725 1764 1666 1959
6933 4 2 2 31 1094 1394 1279 1717
6934 4 2 2 31 1723 1904 1817 1914
6935 4 2 2 31 1468 1744 1522 1992
6936 4 2 2 31 1603 1763 1667 1963
6937 4 2 2 31 1636 1679 1782 2030
6938 4 2 2 31 394 459 397 1768
6939 4 2 2 31 1268 1703 1453 1951
6940 4 2 2 31 1352 1095 1033 1801
6941 4 2 2 31 467 1778 425 1979
6942 4 2 2 31 38 1693 1875 2065
6943 4 2 2 31 728 749 756 1805
6944 4 2 2 31 362 1754 1584 1776
6945 4 2 2 31 1691 1646 1732 2031
6946 4 2 2 31 1301 1899 1841 2063
6947 4 2 2 31 1846 1869 1663 1949
6948 4 2 2 31 994 885 1839 2055
6949 4 2 2 31 355 1809 36 1956
6950 4 2 2 31 1724 1790 1655 1917
6951 4 2 2 31 438 1674 387 1961
6952 4 2 2 31 1625 1823 1826 2046
6953 4 2 2 31 1393 1242 1717 1841
6954 4 2 2 31 894 732 1694 1932
6955 4 2 2 31 1687 1740 1648 1885
6956 4 2 2 31 104 1771 361 2024
6957 4 2 2 31 1675 1607 1953 2063
6958 4 2 2 31 1579 2026 1583 2072
6959 4 2 2 31 1406 1963 1763 2042
6960 4 2 2 31 1626 1772 1762 1908
6961 4 2 2 31 48 1695 359 1942
6962 4 2 2 31 946 974 1764 2022
6963 4 2 2 31 364 1817 469 1914
6964 4 2 2 31 1798 1803 1611 1936
6965 4 2 2 31 1226 1712 1246 1842
6966 4 2 2 31 1692 1743 1608 1938
6967 4 2 2 31 1071 1053 1070 1785
6968 4 2 2 31 808 84 1909 2058
6969 4 2 2 31 764 1824 763 1859
6970 4 2 2 31 1728 397 1993 2074
6971 4 2 2 31 807 83 831 2058
6972 4 2 2 31 1657 2007 350 2076
6973 4 2 2 31 1607 1841 1675 1953
6974 4 2 2 31 1149 1148 1150 1742
6975 4 2 2 31 1603 1892 1699 1986
6976 4 2 2 31 1640 1761 1712 1928
6977 4 2 2 31 1185 1431 1848 2020
6978 4 2 2 31 1365 1343 1811 1994
6979 4 2 2 31 402 401 400 1755
6980 4 2 2 31 779 765 1691 1897
6981 4 2 2 31 1608 1920 1715 2022
6982 4 2 2 31 350 1657 349 2007
6983 4 2 2 31 1691 1894 1314 2031
6984 4 2 2 31 1301 1446 1899 2063
6985 4 2 2 31 1321 1410 1182 1878
6986 4 2 2 31 846 964 900 1893
6987 4 2 2 31 1137 1402 1139 1913
6988 4 2 2 31 1371 1244 805 1788
6989 4 2 2 31 1716 1849 1685 1864
6990 4 2 2 31 460 389 390 1844
6991 4 2 2 31 505 419 418 1953
6992 4 2 2 31 1035 1446 1301 2063
6993 4 2 2 31 746 745 1708 1888
6994 4 2 2 31 102 101 352 1918
6995 4 2 2 31 1537 925 1495 1833
6996 4 2 2 31 894 1694 967 1932
6997 4 2 2 31 942 1697 982 1875
6998 4 2 2 31 1378 1262 1834 1988
6999 4 2 2 31 1647 1779 1701 1902
7000 4 2 2 31 1619 1742 1688 1925
7001 4 2 2 31 785 923 723 1773
7002 4 2 2 31 1165 1783 1175 2034
7003 4 2 2 31 727 778 1697 1921
7004 4 2 2 31 965 1480 1533 1806
7005 4 2 2 31 1715 1638 1920 2010
7006 4 2 2 31 82 1690 807 1967
7007 4 2 2 31 1316 1368 1257 2031
7008 4 2 2 31 1543 1502 1703 1833
7009 4 2 2 31 1696 1795 1616 1988
7010 4 2 2 31 1684 1861 1655 1987
7011 4 2 2 31 1630 1713 1709 1852
7012 4 2 2 31 1713 1852 1629 1870
7013 4 2 2 31 1753 1982 1306 2056
7014 4 2 2 31 1748 1634 1827 2051
7015 4 2 2 31 1155 1331 1679 1913
7016 4 2 2 31 718 739 740 1681
7017 4 2 2 31 1677 1901 1474 2059
7018 4 2 2 31 1606 1819 1681 1834
7019 4 2 2 31 836 842 811 1731
7020 4 2 2 31 1727 1843 1630 1848
7021 4 2 2 31 1672 1809 1769 2080
7022 4 2 2 31 807 82 83 2058
7023 4 2 2 31 1807 1823 1689 1979
7024 4 2 2 31 1671 1729 1910 1940
7025 4 2 2 31 1573 1574 1575 1661
7026 4 2 2 31 1549 1542 1484 1692
7027 4 2 2 31 1670 1741 1916 1922
7028 4 2 2 31 1638 1715 1710 2066
7029 4 2 2 31 1672 1857 1809 1937
7030 4 2 2 31 784 884 761 1921
7031 4 2 2 31 1558 1112 1178 1736
7032 4 2 2 31 1388 1878 1846 2075
7033 4 2 2 31 1016 907 906 1804
7034 4 2 2 31 894 914 732 1932
7035 4 2 2 31 1330 1679 1272 2068
7036 4 2 2 31 1208 1828 1327 1981
7037 4 2 2 31 1700 1602 1907 1978
7038 4 2 2 31 1768 1844 1623 2074
7039 4 2 2 31 35 937 34 1956
7040 4 2 2 31 1813 1911 1662 1918
7041 4 2 2 31 1605 1706 2002 2007
7042 4 2 2 31 1621 1956 1809 1980
7043 4 2 2 31 1105 1288 1430 1718
7044 4 2 2 31 744 745 733 1708
7045 4 2 2 31 1510 1858 1509 1901
7046 4 2 2 31 1466 1453 1086 1703
7047 4 2 2 31 1621 1733 1671 1971
7048 4 2 2 31 996 932 887 1839
7049 4 2 2 31 913 772 892 1800
7050 4 2 2 31 1612 1797 1845 2032
7051 4 2 2 31 870 1508 1011 1806
7052 4 2 2 31 1263 1716 1440 1889
7053 4 2 2 31 505 1777 500 1953
7054 4 2 2 31 1661 1892 1676 1998
7055 4 2 2 31 988 1851 945 1924
7056 4 2 2 31 1451 1366 1248 1959
7057 4 2 2 31 1692 1860 1743 1938
7058 4 2 2 31 45 1832 1732 1976
7059 4 2 2 31 913 722 772 1800
7060 4 2 2 31 1314 1897 1691 2031
7061 4 2 2 31 1123 1843 1386 1848
7062 4 2 2 31 437 1881 524 1922
7063 4 2 2 31 393 395 1945 2074
7064 4 2 2 31 1639 1969 1807 1979
7065 4 2 2 31 1345 1822 1344 1974
7066 4 2 2 31 1578 511 1560 1676
7067 4 2 2 31 1626 1720 1984 2036
7068 4 2 2 31 1385 1034 1885 1899
7069 4 2 2 31 1619 1688 1742 1991
7070 4 2 2 31 1326 1720 1157 1880
7071 4 2 2 31 899 968 1009 1680
7072 4 2 2 31 356 1807 1969 1979
7073 4 2 2 31 1253 1455 1437 2028
7074 4 2 2 31 1668 1765 1761 1928
7075 4 2 2 31 805 817 824 1788
7076 4 2 2 31 1695 1649 1831 2071
7077 4 2 2 31 1905 1931 1627 1996
7078 4 2 2 31 1721 1604 2020 2069
7079 4 2 2 31 1574 1558 1582 1736
7080 4 2 2 31 1526 1684 1525 1927
7081 4 2 2 31 1637 1760 1880 2048
7082 4 2 2 31 1032 1060 1393 1717
7083 4 2 2 31 1673 1898 1158 1994
7084 4 2 2 31 1621 1857 1882 1937
7085 4 2 2 31 1141 1707 1139 1913
7086 4 2 2 31 459 513 485 1774
7087 4 2 2 31 1265 1319 1384 1756
7088 4 2 2 31 802 1323 1863 2070
7089 4 2 2 31 1714 1832 1620 1874
7090 4 2 2 31 1187 1834 1857 1871
7091 4 2 2 31 1209 1208 1745 1828
7092 4 2 2 31 1110 1448 1378 1681
7093 4 2 2 31 1776 1884 1630 1914
7094 4 2 2 31 1668 1877 1765 2040
7095 4 2 2 31 1605 1706 1700 1978
7096 4 2 2 31 33 34 1711 2077
7097 4 2 2 31 1535 1538 1536 2013
7098 4 2 2 31 1613 1803 1798 1936
7099 4 2 2 31 1647 1788 1663 1869
7100 4 2 2 31 99 945 855 1924
7101 4 2 2 31 1633 1904 1723 1944
7102 4 2 2 31 1682 1865 1646 1946
7103 4 2 2 31 1251 1438 1928 1992
7104 4 2 2 31 376 473 500 1675
7105 4 2 2 31 956 893 1015 1692
7106 4 2 2 31 1377 1678 1102 1930
7107 4 2 2 31 1187 1857 1170 1871
7108 4 2 2 31 1394 1717 1242 2010
7109 4 2 2 31 1627 1759 1931 1943
7110 4 2 2 31 1634 1689 1724 1807
7111 4 2 2 31 792 797 732 1694
7112 4 2 2 31 861 1790 93 1987
7113 4 2 2 31 1170 1186 1871 1971
7114 4 2 2 31 1134 1670 1874 1933
7115 4 2 2 31 817 816 815 1872
7116 4 2 2 31 1841 2010 1638 2066
7117 4 2 2 31 1361 1359 1794 1991
7118 4 2 2 31 1734 1824 1614 1977
7119 4 2 2 31 397 459 485 1993
7120 4 2 2 31 96 456 1782 2035
7121 4 2 2 31 100 363 458 1911
7122 4 2 2 31 1670 1916 1775 1922
7123 4 2 2 31 927 1879 1684 1987
7124 4 2 2 31 415 1586 1669 1934
7125 4 2 2 31 775 1292 1830 2014
7126 4 2 2 31 1538 1753 1513 1955
7127 4 2 2 31 1697 1739 1622 2006
7128 4 2 2 31 1726 1780 1636 1827
7129 4 2 2 31 943 45 860 1732
7130 4 2 2 31 1586 415 1669 1939
7131 4 2 2 31 1378 1448 1262 1988
7132 4 2 2 31 505 465 500 1777
7133 4 2 2 31 485 436 399 1774
7134 4 2 2 31 1753 1861 1684 1927
7135 4 2 2 31 1125 1843 1713 2069
7136 4 2 2 31 392 409 1768 1792
7137 4 2 2 31 1562 1700 2007 2016
7138 4 2 2 31 1785 1920 473 2011
7139 4 2 2 31 1877 2040 859 2053
7140 4 2 2 31 393 392 394 2074
7141 4 2 2 31 1171 1786 1161 1937
7142 4 2 2 31 1002 1684 889 2013
7143 4 2 2 31 1605 1669 1784 2002
7144 4 2 2 31 1647 1869 1663 1915
7145 4 2 2 31 1676 1603 1889 1986
7146 4 2 2 31 359 1881 1867 1942
7147 4 2 2 31 469 1817 1904 1914
7148 4 2 2 31 393 1945 1844 2074
7149 4 2 2 31 1242 1300 1206 1841
7150 4 2 2 31 460 1726 389 1844
7151 4 2 2 31 1529 1854 1467 1855
7152 4 2 2 31 966 1015 893 1692
7153 4 2 2 31 97 96 456 1782
7154 4 2 2 31 1251 1744 1428 1992
7155 4 2 2 31 1830 2014 1291 2069
7156 4 2 2 31 927 1879 1987 2040
7157 4 2 2 31 731 787 782 1787
7158 4 2 2 31 1012 871 960 1704
7159 4 2 2 31 1704 1948 1653 2009
7160 4 2 2 31 1275 1763 1422 1805
7161 4 2 2 31 1389 1700 1592 2016
7162 4 2 2 31 1626 1720 1772 1940
7163 4 2 2 31 466 469 1817 1904
7164 4 2 2 31 1552 1541 1488 1731
7165 4 2 2 31 1719 1802 1615 1995
7166 4 2 2 31 957 1014 894 1694
7167 4 2 2 31 399 485 1774 1993
7168 4 2 2 31 1632 1829 1771 2024
7169 4 2 2 31 1609 1888 1708 1941
7170 4 2 2 31 1656 1872 1815 2044
7171 4 2 2 31 1639 1722 1850 1969
7172 4 2 2 31 359 1695 1881 1942
7173 4 2 2 31 962 1888 902 1941
7174 4 2 2 31 1201 1111 1418 1849
7175 4 2 2 31 1292 1093 731 1830
7176 4 2 2 31 1344 1415 1974 2051
7177 4 2 2 31 727 882 919 1921
7178 4 2 2 31 1505 1718 1469 1958
7179 4 2 2 31 379 1683 1823 1979
7180 4 2 2 31 1820 1821 1683 1944
7181 4 2 2 31 1118 1856 1784 1905
7182 4 2 2 31 1536 891 930 2013
7183 4 2 2 31 1014 967 894 1694
7184 4 2 2 31 1675 1785 473 2011
7185 4 2 2 31 1418 1450 1274 1716
7186 4 2 2 31 908 1709 1023 1804
7187 4 2 2 31 1220 1221 1218 1749
7188 4 2 2 31 1473 1375 1747 1950
7189 4 2 2 31 743 1966 755 1983
7190 4 2 2 31 1642 1701 1779 1902
7191 4 2 2 31 1195 1724 1193 1917
7192 4 2 2 31 769 770 1787 1923
7193 4 2 2 31 1620 1732 1714 1894
7194 4 2 2 31 1843 2020 1604 2069
7195 4 2 2 31 1596 1690 1581 1846
7196 4 2 2 31 1677 1507 1730 2059
7197 4 2 2 31 1715 2010 1228 2066
7198 4 2 2 31 1101 1283 729 1929
7199 4 2 2 31 952 896 1699 1816
7200 4 2 2 31 1584 1754 1587 1776
7201 4 2 2 31 437 524 484 1922
7202 4 2 2 31 1616 1681 1819 1834
7203 4 2 2 31 1535 930 1477 2013
7204 4 2 2 31 909 1825 806 2009
7205 4 2 2 31 1674 1900 501 1916
7206 4 2 2 31 519 103 102 1802
7207 4 2 2 31 1735 2039 1770 2049
7208 4 2 2 31 1271 1750 1213 2019
7209 4 2 2 31 1330 1679 1331 2030
7210 4 2 2 31 107 954 848 1920
7211 4 2 2 31 507 96 1877 2035
7212 4 2 2 31 1147 1812 1742 1991
7213 4 2 2 31 387 1916 386 1961
7214 4 2 2 31 822 1107 803 1948
7215 4 2 2 31 1726 1782 1679 1945
7216 4 2 2 31 822 1323 1107 1863
7217 4 2 2 31 1632 1764 1725 1959
7218 4 2 2 31 1677 1602 1806 1893
7219 4 2 2 31 1642 1779 1701 1919
7220 4 2 2 31 447 1867 359 1881
7221 4 2 2 31 1603 1667 1810 1963
7222 4 2 2 31 1412 1250 1300 2073
7223 4 2 2 31 443 412 444 1968
7224 4 2 2 31 1607 1740 1687 1899
7225 4 2 2 31 1874 1933 1670 2078
7226 4 2 2 31 1177 1238 1355 2037
7227 4 2 2 31 1633 1817 1723 1904
7228 4 2 2 31 1146 1746 1159 2017
7229 4 2 2 31 832 1663 1949 2058
7230 4 2 2 31 972 974 946 2022
7231 4 2 2 31 1749 1835 1654 1853
7232 4 2 2 31 1418 1716 1274 1864
7233 4 2 2 31 415 1555 530 1939
7234 4 2 2 31 865 1825 1024 2009
7235 4 2 2 31 1667 1721 1804 1963
7236 4 2 2 31 1602 1718 1907 1958
7237 4 2 2 31 1676 1889 1716 1986
7238 4 2 2 31 1671 1766 1720 1940
7239 4 2 2 31 1320 1857 1672 1937
7240 4 2 2 31 433 436 509 1845
7241 4 2 2 31 726 888 921 1859
7242 4 2 2 31 823 807 828 1967
7243 4 2 2 31 1663 1788 1647 1909
7244 4 2 2 31 1156 1161 1164 1786
7245 4 2 2 31 1460 1919 1219 2045
7246 4 2 2 31 1518 1515 1703 1950
7247 4 2 2 31 1709 1713 1630 1843
7248 4 2 2 31 1377 1299 1102 1678
7249 4 2 2 31 716 779 765 1691
7250 4 2 2 31 1027 108 1055 1785
7251 4 2 2 31 47 1881 1695 1896
7252 4 2 2 31 1140 1994 1160 2003
7253 4 2 2 31 1205 1781 2036 2066
7254 4 2 2 31 1766 1809 1637 2048
7255 4 2 2 31 1612 1845 1755 2032
7256 4 2 2 31 1353 1403 1947 2025
7257 4 2 2 31 843 1759 905 1972
7258 4 2 2 31 1147 1146 1742 1812
7259 4 2 2 31 1710 1771 1632 1829
7260 4 2 2 31 896 953 952 1699
7261 4 2 2 31 1536 1955 891 2013
7262 4 2 2 31 766 784 761 1921
7263 4 2 2 31 1688 1755 1619 1925
7264 4 2 2 31 1678 1887 1605 1996
7265 4 2 2 31 737 732 914 1932
7266 4 2 2 31 1373 1306 1927 1982
7267 4 2 2 31 1554 1727 441 1776
7268 4 2 2 31 1622 1739 1697 2008
7269 4 2 2 31 1276 1860 1235 1938
7270 4 2 2 31 1650 2040 1877 2053
7271 4 2 2 31 33 955 1789 2043
7272 4 2 2 31 1476 1545 1520 1705
7273 4 2 2 31 1724 1807 1639 1969
7274 4 2 2 31 843 1017 905 1759
7275 4 2 2 31 1693 1612 1786 1876
7276 4 2 2 31 822 802 1323 1863
7277 4 2 2 31 361 1771 443 1829
7278 4 2 2 31 1736 1848 1431 2020
7279 4 2 2 31 1136 1874 1837 2052
7280 4 2 2 31 1147 1812 1991 1999
7281 4 2 2 31 1002 1987 1684 2013
7282 4 2 2 31 428 86 495 1915
7283 4 2 2 31 1626 1781 1729 1968
7284 4 2 2 31 1260 1871 1186 1971
7285 4 2 2 31 946 974 849 1764
7286 4 2 2 31 1606 1932 1819 2043
7287 4 2 2 31 1618 1791 1693 1875
7288 4 2 2 31 107 473 1785 1920
7289 4 2 2 31 1507 1677 1474 2059
7290 4 2 2 31 952 717 750 1699
7291 4 2 2 31 1026 953 896 1699
7292 4 2 2 31 1076 1057 1687 1777
7293 4 2 2 31 1714 1732 1646 2031
7294 4 2 2 31 1040 1352 1801 1947
7295 4 2 2 31 1140 1707 1994 2003
7296 4 2 2 31 1682 1631 1847 1989
7297 4 2 2 31 1017 1759 843 2002
7298 4 2 2 31 105 104 361 2024
7299 4 2 2 31 775 1830 774 2014
7300 4 2 2 31 984 827 1825 1967
7301 4 2 2 31 1659 1858 1678 1930
7302 4 2 2 31 729 746 744 1929
7303 4 2 2 31 1146 1143 1159 1746
7304 4 2 2 31 1267 1249 1417 1751
7305 4 2 2 31 1649 1831 1894 1896
7306 4 2 2 31 1215 1808 1216 1835
7307 4 2 2 31 46 860 45 1732
7308 4 2 2 31 1623 1768 1673 1960
7309 4 2 2 31 1142 1143 1144 1960
7310 4 2 2 31 1082 1047 1034 1899
7311 4 2 2 31 1130 1933 1132 2078
7312 4 2 2 31 1384 714 1083 1756
7313 4 2 2 31 1101 1708 1284 1929
7314 4 2 2 31 474 1789 517 1954
7315 4 2 2 31 1276 1743 1381 1860
7316 4 2 2 31 1930 1931 1659 1982
7317 4 2 2 31 1697 1921 1739 2006
7318 4 2 2 31 1707 1768 1631 1792
7319 4 2 2 31 1577 1727 1554 1776
7320 4 2 2 31 1703 1886 1268 2038
7321 4 2 2 31 1620 1894 1831 1896
7322 4 2 2 31 443 1829 1771 1968
7323 4 2 2 31 443 1771 504 1968
7324 4 2 2 31 433 509 1797 1845
7325 4 2 2 31 860 922 1001 1840
7326 4 2 2 31 1557 1597 1588 1869
7327 4 2 2 31 1494 1493 1725 2064
7328 4 2 2 31 1680 1602 1958 2012
7329 4 2 2 31 1628 1683 1821 1990
7330 4 2 2 31 750 1699 749 1816
7331 4 2 2 31 447 1741 1867 1881
7332 4 2 2 31 515 395 1735 1945
7333 4 2 2 31 430 1760 1876 2048
7334 4 2 2 31 959 870 904 1901
7335 4 2 2 31 1046 1076 1079 1687
7336 4 2 2 31 753 783 751 1667
7337 4 2 2 31 1198 1748 1197 2060
7338 4 2 2 31 1514 1516 1530 1851
7339 4 2 2 31 1602 1767 1680 1806
7340 4 2 2 31 1610 1782 1738 2049
7341 4 2 2 31 1268 1886 1703 1951
7342 4 2 2 31 89 90 1943 1997
7343 4 2 2 31 1092 1546 1307 2056
7344 4 2 2 31 1748 1827 1780 2051
7345 4 2 2 31 1112 1736 1558 1848
7346 4 2 2 31 1602 1657 1767 1893
7347 4 2 2 31 1744 1879 1668 2040
7348 4 2 2 31 1660 1725 1951 2015
7349 4 2 2 31 928 761 884 1799
7350 4 2 2 31 375 379 374 1683
7351 4 2 2 31 1361 1359 1238 1794
7352 4 2 2 31 1724 1850 1655 1969
7353 4 2 2 31 773 1800 774 1830
7354 4 2 2 31 1663 1909 1647 1915
7355 4 2 2 31 1503 1100 1496 1751
7356 4 2 2 31 1699 1805 1609 1929
7357 4 2 2 31 386 1916 1775 1961
7358 4 2 2 31 99 1770 100 1924
7359 4 2 2 31 1610 1735 1746 1945
7360 4 2 2 31 776 774 1800 1903
7361 4 2 2 31 1713 1843 1709 2069
7362 4 2 2 31 1094 1032 1393 1717
7363 4 2 2 31 1282 1437 1371 1788
7364 4 2 2 31 1148 1783 1165 2034
7365 4 2 2 31 1101 1379 1285 1708
7366 4 2 2 31 3 969 29 1892
7367 4 2 2 31 781 721 753 1903
7368 4 2 2 31 1741 1826 1665 1933
7369 4 2 2 31 804 828 832 1949
7370 4 2 2 31 1177 1174 1179 1808
7371 4 2 2 31 1205 1781 1984 2036
7372 4 2 2 31 1008 783 869 1816
7373 4 2 2 31 1820 1823 1689 2046
7374 4 2 2 31 1411 1950 1703 2038
7375 4 2 2 31 527 1661 479 1998
7376 4 2 2 31 361 105 1771 1829
7377 4 2 2 31 985 830 808 1909
7378 4 2 2 31 419 413 1910 1953
7379 4 2 2 31 1412 1899 1250 2073
7380 4 2 2 31 759 771 1734 1897
7381 4 2 2 31 1198 1917 1748 2060
7382 4 2 2 31 1400 1315 1318 1894
7383 4 2 2 31 515 486 1945 2049
7384 4 2 2 31 1525 1522 1468 1744
7385 4 2 2 31 788 793 755 1966
7386 4 2 2 31 1222 1428 1251 1765
7387 4 2 2 31 1637 1766 1720 1882
7388 4 2 2 31 916 902 1888 1941
7389 4 2 2 31 1516 1473 1747 1950
7390 4 2 2 31 1693 1791 1622 1875
7391 4 2 2 31 1554 512 522 1727
7392 4 2 2 31 1606 1711 1819 1834
7393 4 2 2 31 1083 714 780 1756
7394 4 2 2 31 1410 1846 1388 1878
7395 4 2 2 31 969 1816 1810 1892
7396 4 2 2 31 1689 1873 1266 2046
7397 4 2 2 31 1721 2014 1289 2027
7398 4 2 2 31 1617 1842 1737 2019
7399 4 2 2 31 1554 522 441 1727
7400 4 2 2 31 1633 1683 1820 1823
7401 4 2 2 31 47 1695 862 1896
7402 4 2 2 31 1260 1296 1740 1971
7403 4 2 2 31 1783 2017 1737 2039
7404 4 2 2 31 1502 1466 1703 1951
7405 4 2 2 31 1118 1784 1119 1905
7406 4 2 2 31 1626 1908 1771 1968
7407 4 2 2 31 1197 1748 2051 2060
7408 4 2 2 31 1637 1876 1760 2048
7409 4 2 2 31 1766 1772 1720 1940
7410 4 2 2 31 1559 1757 1089 1884
7411 4 2 2 31 1317 1894 1313 2071
7412 4 2 2 31 1243 1423 1180 1846
7413 4 2 2 31 1395 1752 1749 2082
7414 4 2 2 31 880 724 935 1818
7415 4 2 2 31 1718 1958 1602 2012
7416 4 2 2 31 1606 1694 1932 2043
7417 4 2 2 31 89 1997 1759 2002
7418 4 2 2 31 1712 1738 1640 1842
7419 4 2 2 31 1185 1848 1843 2020
7420 4 2 2 31 1047 1076 1046 1899
7421 4 2 2 31 1014 967 1694 2043
7422 4 2 2 31 1775 1916 1674 1961
7423 4 2 2 31 515 1735 455 2049
7424 4 2 2 31 1382 1119 1240 1996
7425 4 2 2 31 1343 1365 1160 1994
7426 4 2 2 31 889 927 926 1879
7427 4 2 2 31 1258 1959 2023 2079
7428 4 2 2 31 370 1555 1584 1754
7429 4 2 2 31 1609 1716 1685 1864
7430 4 2 2 31 1721 1295 1963 2027
7431 4 2 2 31 51 1 1709 2061
7432 4 2 2 31 1165 1212 1175 1783
7433 4 2 2 31 374 371 373 1904
7434 4 2 2 31 1619 1812 1673 1999
7435 4 2 2 31 1658 1721 1903 2014
7436 4 2 2 31 1805 1889 1273 2042
7437 4 2 2 31 419 1910 418 1953
7438 4 2 2 31 1163 1162 1157 1882
7439 4 2 2 31 1781 1841 1638 2066
7440 4 2 2 31 955 1793 1789 2043
7441 4 2 2 31 748 747 717 1699
7442 4 2 2 31 788 1697 793 1966
7443 4 2 2 31 1564 1784 1669 1934
7444 4 2 2 31 98 1738 97 2049
7445 4 2 2 31 100 99 363 1770
7446 4 2 2 31 1660 1833 1703 1951
7447 4 2 2 31 1686 1749 1614 1973
7448 4 2 2 31 1513 1753 1538 2056
7449 4 2 2 31 1743 2023 1666 2079
7450 4 2 2 31 988 945 853 1924
7451 4 2 2 31 87 86 428 1701
7452 4 2 2 31 1605 1887 1677 1978
7453 4 2 2 31 754 878 935 1795
7454 4 2 2 31 1892 1895 1699 1986
7455 4 2 2 31 528 1934 1669 2002
7456 4 2 2 31 1170 1882 1169 1971
7457 4 2 2 31 461 423 357 1922
7458 4 2 2 31 1005 1987 93 2053
7459 4 2 2 31 366 1920 1829 2011
7460 4 2 2 31 1278 1959 1725 2023
7461 4 2 2 31 1602 1893 1677 1978
7462 4 2 2 31 1638 1829 1715 1920
7463 4 2 2 31 1673 1960 1768 1994
7464 4 2 2 31 443 366 1829 2011
7465 4 2 2 31 1537 881 1833 2000
7466 4 2 2 31 50 1709 978 1870
7467 4 2 2 31 1240 1119 1239 1784
7468 4 2 2 31 1616 1819 1795 2041
7469 4 2 2 31 1032 1053 1060 1717
7470 4 2 2 31 992 990 918 1705
7471 4 2 2 31 805 1244 829 1788
7472 4 2 2 31 1621 1857 1809 1956
7473 4 2 2 31 715 1734 1338 2050
7474 4 2 2 31 1412 1841 1301 1899
7475 4 2 2 31 1616 1857 1672 1890
7476 4 2 2 31 1493 2023 1725 2064
7477 4 2 2 31 1079 1076 1057 1687
7478 4 2 2 31 964 973 900 1893
7479 4 2 2 31 985 808 84 1909
7480 4 2 2 31 1173 1296 1971 2073
7481 4 2 2 31 1317 1831 1318 1894
7482 4 2 2 31 1608 1796 1692 1938
7483 4 2 2 31 1689 1962 1820 2067
7484 4 2 2 31 1631 1774 1686 2057
7485 4 2 2 31 1654 1921 1739 1985
7486 4 2 2 31 372 371 362 1754
7487 4 2 2 31 108 1027 1021 1796
7488 4 2 2 31 1683 374 1904 1990
7489 4 2 2 31 1658 1713 1709 2069
7490 4 2 2 31 1695 1831 1649 1896
7491 4 2 2 31 1658 2014 1830 2069
7492 4 2 2 31 1392 1713 1210 2069
7493 4 2 2 31 1613 1798 1702 2054
7494 4 2 2 31 99 1770 98 2049
7495 4 2 2 31 1768 1960 1707 1994
7496 4 2 2 31 846 1767 12 1893
7497 4 2 2 31 387 1674 1916 1961
7498 4 2 2 31 953 717 952 1699
7499 4 2 2 31 438 389 439 1726
7500 4 2 2 31 1523 1839 1529 1855
7501 4 2 2 31 12 10 378 1767
7502 4 2 2 31 456 460 486 1782
7503 4 2 2 31 1642 1902 1862 2004
7504 4 2 2 31 1295 1104 1763 2027
7505 4 2 2 31 758 1752 760 1977
7506 4 2 2 31 1744 1861 1309 1927
7507 4 2 2 31 1417 1399 1100 1751
7508 4 2 2 31 1648 1980 1733 2077
7509 4 2 2 31 1123 1125 1843 2001
7510 4 2 2 31 981 986 1995 2000
7511 4 2 2 31 1603 1816 1699 1892
7512 4 2 2 31 1680 1602 1806 1958
7513 4 2 2 31 1216 1215 1179 1808
7514 4 2 2 31 420 110 503 1706
7515 4 2 2 31 1148 1147 1146 1742
7516 4 2 2 31 1470 1540 1381 1743
7517 4 2 2 31 1696 1890 1463 1988
7518 4 2 2 31 1361 1991 1794 1999
7519 4 2 2 31 1638 1710 1829 1968
7520 4 2 2 31 820 1825 821 1863
7521 4 2 2 31 1753 1964 1655 1982
7522 4 2 2 31 1639 1807 1689 1979
7523 4 2 2 31 1708 1888 1609 1929
7524 4 2 2 31 1474 1507 1508 1677
7525 4 2 2 31 89 983 1759 1943
7526 4 2 2 31 1268 1086 1453 1703
7527 4 2 2 31 987 1921 1697 2006
7528 4 2 2 31 1639 1689 1807 2067
7529 4 2 2 31 964 846 12 1893
7530 4 2 2 31 1053 1032 1052 1717
7531 4 2 2 31 439 1827 1726 2035
7532 4 2 2 31 1846 1878 1690 2075
7533 4 2 2 31 97 98 947 1738
7534 4 2 2 31 1755 1876 1612 2032
7535 4 2 2 31 973 1806 900 1893
7536 4 2 2 31 786 1289 2014 2027
7537 4 2 2 31 1378 1110 1681 2025
7538 4 2 2 31 1135 1822 1345 1974
7539 4 2 2 31 1581 1690 1596 2026
7540 4 2 2 31 1642 1718 1957 2045
7541 4 2 2 31 42 41 1686 1973
7542 4 2 2 31 1326 1880 1153 2054
7543 4 2 2 31 1331 1415 1780 1974
7544 4 2 2 31 1761 1782 1636 2035
7545 4 2 2 31 1309 1428 1372 1744
7546 4 2 2 31 1250 1899 1740 2073
7547 4 2 2 31 1616 1819 1711 1834
7548 4 2 2 31 920 743 880 1966
7549 4 2 2 31 872 958 936 1862
7550 4 2 2 31 1650 1765 1748 1877
7551 4 2 2 31 1237 1366 1710 1981
7552 4 2 2 31 1659 1943 1858 1955
7553 4 2 2 31 476 1669 1939 1997
7554 4 2 2 31 1326 1154 1762 2054
7555 4 2 2 31 1631 1994 1707 2003
7556 4 2 2 31 1256 1734 1421 1865
7557 4 2 2 31 1674 1780 1726 1827
7558 4 2 2 31 370 113 1584 1555
7559 4 2 2 31 1618 1756 1966 1983
7560 4 2 2 31 443 361 504 1771
7561 4 2 2 31 914 971 878 1932
7562 4 2 2 31 1406 1295 1104 1763
7563 4 2 2 31 1625 1674 1822 1916
7564 4 2 2 31 1714 1732 1620 1832
7565 4 2 2 31 1353 1261 1403 2025
7566 4 2 2 31 32 1028 1054 1789
7567 4 2 2 31 1169 1163 1173 1882
7568 4 2 2 31 969 897 970 1816
7569 4 2 2 31 1530 1516 1519 1851
7570 4 2 2 31 885 1520 932 1839
7571 4 2 2 31 425 1778 510 1990
7572 4 2 2 31 1607 1675 1841 2063
7573 4 2 2 31 1170 1162 1882 1937
7574 4 2 2 31 1659 1930 1678 1931
7575 4 2 2 31 1008 869 970 1816
7576 4 2 2 31 1156 1786 1164 2037
7577 4 2 2 31 107 473 1920 2011
7578 4 2 2 31 772 782 723 1773
7579 4 2 2 31 975 1795 971 2041
7580 4 2 2 31 48 862 47 1695
7581 4 2 2 31 1218 1215 1216 1835
7582 4 2 2 31 722 776 774 1800
7583 4 2 2 31 363 1770 455 1911
7584 4 2 2 31 1694 1793 1606 1947
7585 4 2 2 31 801 816 949 1872
7586 4 2 2 31 1088 1468 1369 1992
7587 4 2 2 31 1684 1861 1744 1927
7588 4 2 2 31 487 529 2047 2058
7589 4 2 2 31 7 1676 471 1895
7590 4 2 2 31 1673 1774 1768 1993
7591 4 2 2 31 886 1824 762 1977
7592 4 2 2 31 415 476 1669 1939
7593 4 2 2 31 1382 1905 1119 1996
7594 4 2 2 31 937 1956 35 2041
7595 4 2 2 31 1654 1853 1835 2006
7596 4 2 2 31 951 1870 1800 2081
7597 4 2 2 31 423 1775 386 1922
7598 4 2 2 31 1629 1870 1852 1912
7599 4 2 2 31 763 764 759 1824
7600 4 2 2 31 1725 1764 1660 2005
7601 4 2 2 31 1729 1910 413 1953
7602 4 2 2 31 754 1795 739 1932
7603 4 2 2 31 473 500 1675 2011
7604 4 2 2 31 1382 1299 1377 1931
7605 4 2 2 31 1543 1833 1703 2000
7606 4 2 2 31 925 1537 881 1833
7607 4 2 2 31 1345 1344 1415 1974
7608 4 2 2 31 1537 1479 881 2000
7609 4 2 2 31 520 360 1876 2032
7610 4 2 2 31 1569 1568 1701 1915
7611 4 2 2 31 1642 1919 1698 2045
7612 4 2 2 31 784 766 778 1921
7613 4 2 2 31 107 108 954 1785
7614 4 2 2 31 85 1025 910 1909
7615 4 2 2 31 1693 1786 1672 2080
7616 4 2 2 31 1749 1853 1654 1973
7617 4 2 2 31 1298 315 1482 1108
7618 4 2 2 31 809 1704 960 2009
7619 4 2 2 31 1610 1679 1782 1945
7620 4 2 2 31 1375 1449 1098 1747
7621 4 2 2 31 1142 1960 1673 1994
7622 4 2 2 31 1552 1497 1485 1891
7623 4 2 2 31 1678 1759 1931 1996
7624 4 2 2 31 934 1764 974 2064
7625 4 2 2 31 1182 1323 802 1878
7626 4 2 2 31 933 1824 997 1859
7627 4 2 2 31 32 1020 1028 1793
7628 4 2 2 31 727 784 778 1921
7629 4 2 2 31 1143 1397 1746 2068
7630 4 2 2 31 1690 1651 2026 2075
7631 4 2 2 31 1565 337 1590 1856
7632 4 2 2 31 1614 1752 1749 2050
7633 4 2 2 31 1638 1968 1829 2011
7634 4 2 2 31 1558 1572 1386 1848
7635 4 2 2 31 753 1667 751 2027
7636 4 2 2 31 1378 1834 1261 2025
7637 4 2 2 31 950 806 818 2009
7638 4 2 2 31 1634 1724 1790 1807
7639 4 2 2 31 1126 1713 1125 2001
7640 4 2 2 31 1739 1756 1697 2008
7641 4 2 2 31 1795 1819 971 2041
7642 4 2 2 31 362 370 1584 1754
7643 4 2 2 31 1732 1832 1714 1976
7644 4 2 2 31 763 888 726 1859
7645 4 2 2 31 108 1785 1027 1796
7646 4 2 2 31 939 96 1761 1877
7647 4 2 2 31 1713 1852 1630 2001
7648 4 2 2 31 1726 1679 1844 1945
7649 4 2 2 31 391 388 461 1775
7650 4 2 2 31 1109 2023 1743 2079
7651 4 2 2 31 860 1732 46 1896
7652 4 2 2 31 518 372 362 1776
7653 4 2 2 31 1091 1492 1277 2023
7654 4 2 2 31 1711 1980 1648 2077
7655 4 2 2 31 987 882 1697 1921
7656 4 2 2 31 924 892 923 1773
7657 4 2 2 31 1686 1853 1749 1973
7658 4 2 2 31 1002 927 889 1684
7659 4 2 2 31 1759 1627 1931 1996
7660 4 2 2 31 1634 1724 1689 2060
7661 4 2 2 31 88 1883 1767 2004
7662 4 2 2 31 1638 1968 1781 2066
7663 4 2 2 31 1671 1984 1173 2073
7664 4 2 2 31 1628 1962 1758 2029
7665 4 2 2 31 1668 1928 1855 1992
7666 4 2 2 31 1700 1706 1605 2007
7667 4 2 2 31 1636 1748 1765 1877
7668 4 2 2 31 476 1669 1997 2002
7669 4 2 2 31 1748 1780 1199 2051
7670 4 2 2 31 877 974 2033 2064
7671 4 2 2 31 1686 1811 1631 1989
7672 4 2 2 31 1654 1739 1921 2006
7673 4 2 2 31 1639 1807 1724 2067
7674 4 2 2 31 734 1696 742 1983
7675 4 2 2 31 399 1845 400 1993
7676 4 2 2 31 1691 1859 1646 1897
7677 4 2 2 31 1443 1700 1389 2016
7678 4 2 2 31 1634 1748 1827 2053
7679 4 2 2 31 1087 777 757 1752
7680 4 2 2 31 51 978 50 1709
7681 4 2 2 31 1431 1736 1112 1848
7682 4 2 2 31 1824 1946 1614 1977
7683 4 2 2 31 1636 1765 1761 1877
7684 4 2 2 31 1579 1581 2026 2075
7685 4 2 2 31 1724 1807 1689 2067
7686 4 2 2 31 886 933 762 1824
7687 4 2 2 31 1788 1663 1869 1949
7688 4 2 2 31 463 414 411 1940
7689 4 2 2 31 1685 1864 1653 1941
7690 4 2 2 31 1117 1757 1398 2029
7691 4 2 2 31 1389 1700 1239 1784
7692 4 2 2 31 726 767 765 1859
7693 4 2 2 31 1711 1819 1616 1956
7694 4 2 2 31 1606 1694 1947 2025
7695 4 2 2 31 1034 1047 1046 1899
7696 4 2 2 31 1224 1712 1226 2030
7697 4 2 2 31 725 760 1799 1977
7698 4 2 2 31 1201 1849 1418 1864
7699 4 2 2 31 1115 1698 1252 1907
7700 4 2 2 31 1780 1974 1415 2051
7701 4 2 2 31 1125 1713 1392 2069
7702 4 2 2 31 1208 1176 1209 1745
7703 4 2 2 31 1507 1506 1508 1677
7704 4 2 2 31 1389 1592 348 2016
7705 4 2 2 31 1135 1345 1137 1974
7706 4 2 2 31 1709 1852 1713 1870
7707 4 2 2 31 1166 1745 1208 1936
7708 4 2 2 31 1768 1774 1631 2057
7709 4 2 2 31 474 1954 523 2077
7710 4 2 2 31 87 901 1902 2004
7711 4 2 2 31 1725 1632 1959 2015
7712 4 2 2 31 1242 1394 1393 1717
7713 4 2 2 31 48 1912 1695 1942
7714 4 2 2 31 1259 1834 1187 1871
7715 4 2 2 31 518 362 1584 1776
7716 4 2 2 31 1069 1028 1066 1793
7717 4 2 2 31 1614 1749 1686 1989
7718 4 2 2 31 526 469 364 1817
7719 4 2 2 31 98 855 947 1738
7720 4 2 2 31 34 1956 1711 1980
7721 4 2 2 31 982 1697 882 1966
7722 4 2 2 31 1027 1055 1070 1785
7723 4 2 2 31 445 446 1803 1908
7724 4 2 2 31 1649 1894 1732 1896
7725 4 2 2 31 1520 1531 932 1839
7726 4 2 2 31 520 360 468 1876
7727 4 2 2 31 761 928 725 1799
7728 4 2 2 31 1498 1503 1751 1957
7729 4 2 2 31 855 947 1738 2055
7730 4 2 2 31 1735 1945 395 2074
7731 4 2 2 31 1126 1210 1125 1713
7732 4 2 2 31 1620 1670 1874 1922
7733 4 2 2 31 1210 1126 1358 1935
7734 4 2 2 31 730 1097 1292 2014
7735 4 2 2 31 1040 1033 1042 1801
7736 4 2 2 31 1292 731 775 1830
7737 4 2 2 31 1305 1931 1930 1982
7738 4 2 2 31 1701 1779 1647 2028
7739 4 2 2 31 1365 1343 1367 1811
7740 4 2 2 31 1467 1085 1528 1855
7741 4 2 2 31 1726 1827 1636 2035
7742 4 2 2 31 1629 1817 1723 1906
7743 4 2 2 31 1675 1953 1777 2063
7744 4 2 2 31 468 482 1876 2080
7745 4 2 2 31 1626 1984 1781 2036
7746 4 2 2 31 1322 1936 1798 2034
7747 4 2 2 31 747 748 746 1888
7748 4 2 2 31 1234 1947 1836 2025
7749 4 2 2 31 1087 1752 757 2050
7750 4 2 2 31 498 1914 1776 2061
7751 4 2 2 31 1260 1740 1297 1885
7752 4 2 2 31 781 774 1903 2014
7753 4 2 2 31 1636 1780 1748 1827
7754 4 2 2 31 1650 1861 1684 1987
7755 4 2 2 31 1755 1845 400 2032
7756 4 2 2 31 38 852 37 2065
7757 4 2 2 31 1316 1400 1714 2031
7758 4 2 2 31 1205 1781 1204 1984
7759 4 2 2 31 1934 2002 1706 2007
7760 4 2 2 31 1690 1878 1651 2075
7761 4 2 2 31 1001 1840 921 1859
7762 4 2 2 31 1727 1776 1630 2061
7763 4 2 2 31 1733 1740 1671 1971
7764 4 2 2 31 1009 898 1680 2004
7765 4 2 2 31 939 95 96 1877
7766 4 2 2 31 1515 1543 1518 1703
7767 4 2 2 31 1424 1328 1723 1944
7768 4 2 2 31 894 967 914 1932
7769 4 2 2 31 1412 1301 1446 1899
7770 4 2 2 31 382 383 380 1823
7771 4 2 2 31 1225 1246 1712 1842
7772 4 2 2 31 1616 1956 1819 2041
7773 4 2 2 31 997 943 1001 1859
7774 4 2 2 31 786 2014 781 2027
7775 4 2 2 31 1194 1724 2060 2067
7776 4 2 2 31 1398 1757 1116 2029
7777 4 2 2 31 1526 1477 1525 1684
7778 4 2 2 31 1363 1361 1794 1999
7779 4 2 2 31 1302 1093 787 217
7780 4 2 2 31 1728 1635 1925 2062
7781 4 2 2 31 1336 1083 226 720
7782 4 2 2 31 1695 1814 1629 1912
7783 4 2 2 31 1445 1267 1391 2045
7784 4 2 2 31 1608 1796 1785 1920
7785 4 2 2 31 1248 1366 1327 1828
7786 4 2 2 31 1628 1821 1962 2029
7787 4 2 2 31 1069 1054 1028 1789
7788 4 2 2 31 464 377 1031 1954
7789 4 2 2 31 1623 1960 1746 2068
7790 4 2 2 31 850 940 977 1769
7791 4 2 2 31 899 898 846 1767
7792 4 2 2 31 743 1818 880 1966
7793 4 2 2 31 727 919 784 1921
7794 4 2 2 31 1333 1419 1820 2046
7795 4 2 2 31 1044 1354 1034 1885
7796 4 2 2 31 1343 1158 1898 1994
7797 4 2 2 31 1331 1330 1155 1679
7798 4 2 2 31 362 113 1584 370
7799 4 2 2 31 1040 1801 1042 1947
7800 4 2 2 31 1123 1185 1386 1843
7801 4 2 2 31 1363 1794 1898 1999
7802 4 2 2 31 359 1867 448 1942
7803 4 2 2 31 1351 1179 1791 2008
7804 4 2 2 31 909 806 950 2009
7805 4 2 2 31 457 1790 93 1969
7806 4 2 2 31 1236 1739 1336 1985
7807 4 2 2 31 1467 1854 1085 1855
7808 4 2 2 31 1076 1899 1047 2063
7809 4 2 2 31 1466 1086 1518 1703
7810 4 2 2 31 38 1875 852 2065
7811 4 2 2 31 1761 1877 1668 2040
7812 4 2 2 31 1637 1786 1876 2080
7813 4 2 2 31 903 1893 1706 1972
7814 4 2 2 31 1246 1452 1269 1842
7815 4 2 2 31 474 483 523 1954
7816 4 2 2 31 1609 1864 1685 1941
7817 4 2 2 31 1085 1854 1362 1855
7818 4 2 2 31 94 1877 859 2053
7819 4 2 2 31 1536 930 1535 2013
7820 4 2 2 31 441 1554 512 522
7821 4 2 2 31 93 1987 1790 2053
7822 4 2 2 31 367 1778 90 1997
7823 4 2 2 31 1606 1819 1711 2043
7824 4 2 2 31 42 1686 354 2057
7825 4 2 2 31 951 1800 999 2081
7826 4 2 2 31 1197 1748 1198 2051
7827 4 2 2 31 32 1028 1789 1793
7828 4 2 2 31 1657 1893 1706 2076
7829 4 2 2 31 1637 1720 1766 2048
7830 4 2 2 31 1623 1707 1768 1960
7831 4 2 2 31 109 110 903 1706
7832 4 2 2 31 1105 1445 1391 1718
7833 4 2 2 31 1694 967 1932 2043
7834 4 2 2 31 1166 1745 1936 2034
7835 4 2 2 31 1703 1886 1660 1951
7836 4 2 2 31 857 996 939 1761
7837 4 2 2 31 1836 1947 1694 2025
7838 4 2 2 31 414 1910 413 1940
7839 4 2 2 31 1099 1734 771 1897
7840 4 2 2 31 836 842 1731 1891
7841 4 2 2 31 1607 1899 1777 2063
7842 4 2 2 31 1008 750 783 1816
7843 4 2 2 31 1069 1789 1028 1793
7844 4 2 2 31 1336 1236 1447 1739
7845 4 2 2 31 1732 1894 1620 1896
7846 4 2 2 31 34 449 1956 1980
7847 4 2 2 31 1603 1661 1810 1892
7848 4 2 2 31 1044 1043 1033 1801
7849 4 2 2 31 1374 1373 1196 1861
7850 4 2 2 31 1325 1201 1425 1849
7851 4 2 2 31 1005 93 94 2053
7852 4 2 2 31 1031 1057 464 1954
7853 4 2 2 31 1322 1798 1150 2034
7854 4 2 2 31 1764 2005 1725 2064
7855 4 2 2 31 1638 1953 1729 2011
7856 4 2 2 31 843 1759 1972 2002
7857 4 2 2 31 1244 829 1788 1949
7858 4 2 2 31 492 431 350 1883
7859 4 2 2 31 29 906 28 1810
7860 4 2 2 31 108 954 1785 1796
7861 4 2 2 31 1571 1243 1557 1846
7862 4 2 2 31 1152 1153 1880 2054
7863 4 2 2 31 1329 220 1084 779
7864 4 2 2 31 1649 1840 1691 1923
7865 4 2 2 31 948 986 853 1838
7866 4 2 2 31 715 1087 223 757
7867 4 2 2 31 1564 1784 1934 2007
7868 4 2 2 31 399 400 398 1993
7869 4 2 2 31 887 1478 926 1879
7870 4 2 2 31 367 467 90 1778
7871 4 2 2 31 926 1478 1521 1879
7872 4 2 2 31 951 908 1022 1903
7873 4 2 2 31 1759 1901 905 1972
7874 4 2 2 31 1631 1682 1965 2057
7875 4 2 2 31 1610 2039 1735 2049
7876 4 2 2 31 1143 1960 1397 2068
7877 4 2 2 31 1400 1442 1874 2078
7878 4 2 2 31 1748 1650 1877 2053
7879 4 2 2 31 883 918 990 1851
7880 4 2 2 31 1102 1483 1304 1930
7881 4 2 2 31 1659 1964 1753 1982
7882 4 2 2 31 1842 2019 1617 2021
7883 4 2 2 31 1125 1392 1843 2069
7884 4 2 2 31 1027 1785 1070 1796
7885 4 2 2 31 1181 1249 1219 1779
7886 4 2 2 31 1158 1898 1673 1999
7887 4 2 2 31 877 934 974 2064
7888 4 2 2 31 1695 1831 1814 2071
7889 4 2 2 31 959 867 1510 1901
7890 4 2 2 31 1195 1193 1196 1917
7891 4 2 2 31 1245 1268 1886 2038
7892 4 2 2 31 1628 1856 1669 1939
7893 4 2 2 31 1696 1818 742 1983
7894 4 2 2 31 1411 1271 1950 2038
7895 4 2 2 31 911 275 867 1858
7896 4 2 2 31 1075 1777 1048 2063
7897 4 2 2 31 420 110 1706 2002
7898 4 2 2 31 1348 1750 1271 2038
7899 4 2 2 31 1690 1967 82 2026
7900 4 2 2 31 787 769 770 1787
7901 4 2 2 31 1621 1671 1882 1971
7902 4 2 2 31 1070 1055 1071 1785
7903 4 2 2 31 1702 1760 1613 1880
7904 4 2 2 31 1678 1930 1377 1931
7905 4 2 2 31 1365 1364 1160 1847
7906 4 2 2 31 1822 1873 1625 2046
7907 4 2 2 31 466 373 469 1904
7908 4 2 2 31 1720 1766 1671 1882
7909 4 2 2 31 476 11 528 2002
7910 4 2 2 31 41 354 42 1686
7911 4 2 2 31 437 385 1741 1922
7912 4 2 2 31 1322 1166 1208 1936
7913 4 2 2 31 1210 1392 1125 1713
7914 4 2 2 31 1559 1121 1572 1884
7915 4 2 2 31 1157 1326 1163 1720
7916 4 2 2 31 1413 1194 1266 2060
7917 4 2 2 31 1091 1277 1725 2023
7918 4 2 2 31 396 1728 398 1925
7919 4 2 2 31 1315 1317 1318 1894
7920 4 2 2 31 396 397 1728 2074
7921 4 2 2 31 81 1967 1825 2072
7922 4 2 2 31 1746 1945 1623 2068
7923 4 2 2 31 1214 1212 1737 2019
7924 4 2 2 31 1108 314 1482 1288
7925 4 2 2 31 348 1115 1389 2016
7926 4 2 2 31 1585 1919 1568 2028
7927 4 2 2 31 790 800 738 1836
7928 4 2 2 31 1630 1852 1709 2061
7929 4 2 2 31 1128 1126 1127 1906
7930 4 2 2 31 823 828 826 1878
7931 4 2 2 31 1623 1735 1728 2074
7932 4 2 2 31 910 949 816 1872
7933 4 2 2 31 927 1684 1002 1987
7934 4 2 2 31 457 93 92 1969
7935 4 2 2 31 901 1862 1902 2004
7936 4 2 2 31 1655 1790 1724 1969
7937 4 2 2 31 1609 1805 1699 1986
7938 4 2 2 31 1316 1315 1400 2031
7939 4 2 2 31 507 96 95 1877
7940 4 2 2 31 1029 465 351 1777
7941 4 2 2 31 1232 1273 1889 2042
7942 4 2 2 31 1482 1730 1507 2059
7943 4 2 2 31 392 409 459 1768
7944 4 2 2 31 1543 1502 1466 1703
7945 4 2 2 31 1106 1805 756 1929
7946 4 2 2 31 1271 1213 1270 2019
7947 4 2 2 31 1339 1855 1438 1992
7948 4 2 2 31 963 1022 907 1903
7949 4 2 2 31 1538 1753 1526 1927
7950 4 2 2 31 960 1704 962 2009
7951 4 2 2 31 1176 1245 1886 2038
7952 4 2 2 31 1504 1469 1718 1958
7953 4 2 2 31 1454 1159 1970 2017
7954 4 2 2 31 1508 1480 1011 1806
7955 4 2 2 31 1552 1541 1731 1891
7956 4 2 2 31 1529 1545 1467 1854
7957 4 2 2 31 1635 2017 1783 2039
7958 4 2 2 31 967 971 1932 2043
7959 4 2 2 31 1125 1713 1843 2001
7960 4 2 2 31 1735 1945 1610 2049
7961 4 2 2 31 1724 1634 1790 1917
7962 4 2 2 31 1720 1772 1766 2048
7963 4 2 2 31 802 1878 1323 2070
7964 4 2 2 31 447 385 382 1741
7965 4 2 2 31 1014 1694 1793 2043
7966 4 2 2 31 375 380 379 1823
7967 4 2 2 31 1491 1743 1470 2023
7968 4 2 2 31 1221 1367 1218 1811
7969 4 2 2 31 1395 1436 1254 2050
7970 4 2 2 31 1682 1946 1646 1976
7971 4 2 2 31 754 935 724 1795
7972 4 2 2 31 1312 1787 1303 1923
7973 4 2 2 31 85 84 531 1909
7974 4 2 2 31 1227 1228 2010 2066
7975 4 2 2 31 841 809 819 1704
7976 4 2 2 31 1421 1734 1099 1897
7977 4 2 2 31 370 462 1939 1990
7978 4 2 2 31 1205 1206 1781 2066
7979 4 2 2 31 1127 1424 1328 1723
7980 4 2 2 31 1747 2019 1270 2021
7981 4 2 2 31 969 970 1810 1816
7982 4 2 2 31 961 958 872 1731
7983 4 2 2 31 1622 1875 1697 2006
7984 4 2 2 31 432 492 350 2076
7985 4 2 2 31 1459 1580 1556 1849
7986 4 2 2 31 759 764 771 1897
7987 4 2 2 31 1578 1560 1576 1676
7988 4 2 2 31 814 1731 842 2044
7989 4 2 2 31 1170 1857 1320 1937
7990 4 2 2 31 359 447 448 1867
7991 4 2 2 31 1297 1885 1740 1899
7992 4 2 2 31 1893 1972 1677 1978
7993 4 2 2 31 867 1858 1510 1901
7994 4 2 2 31 1040 1039 1234 1947
7995 4 2 2 31 969 845 897 1892
7996 4 2 2 31 398 396 397 1993
7997 4 2 2 31 1076 1029 1057 1777
7998 4 2 2 31 1237 1710 1207 2036
7999 4 2 2 31 97 1782 358 2049
8000 4 2 2 31 1546 1753 1538 1927
8001 4 2 2 31 1767 1806 1602 1893
8002 4 2 2 31 482 430 1876 2080
8003 4 2 2 31 1259 1261 1187 1834
8004 4 2 2 31 806 1825 820 2009
8005 4 2 2 31 715 222 1099 771
8006 4 2 2 31 1731 1891 842 2044
8007 4 2 2 31 767 890 785 1840
8008 4 2 2 31 1204 1205 1206 1781
8009 4 2 2 31 1272 1970 1746 2068
8010 4 2 2 31 1313 1923 1303 2071
8011 4 2 2 31 965 899 900 1806
8012 4 2 2 31 433 1845 1797 2032
8013 4 2 2 31 806 909 827 1825
8014 4 2 2 31 934 2005 1764 2064
8015 4 2 2 31 1584 1587 1577 1776
8016 4 2 2 31 1577 1587 1559 1757
8017 4 2 2 31 1317 1831 1894 2071
8018 4 2 2 31 940 980 977 1818
8019 4 2 2 31 1623 1679 1913 2068
8020 4 2 2 31 969 1810 29 1892
8021 4 2 2 31 939 1877 1761 2040
8022 4 2 2 31 962 917 902 1888
8023 4 2 2 31 1477 1521 889 279
8024 4 2 2 31 1798 1936 1151 2054
8025 4 2 2 31 1411 1703 1268 2038
8026 4 2 2 31 37 940 36 1769
8027 4 2 2 31 745 789 799 1704
8028 4 2 2 31 1185 2020 1843 2069
8029 4 2 2 31 733 745 799 1868
8030 4 2 2 31 775 730 1292 2014
8031 4 2 2 31 1193 1724 1195 2060
8032 4 2 2 31 841 819 834 1868
8033 4 2 2 31 787 1312 1302 218
8034 4 2 2 31 1631 1768 1707 1994
8035 4 2 2 31 1709 1713 1658 1870
8036 4 2 2 31 1025 866 1872 1902
8037 4 2 2 31 1194 1724 1193 2060
8038 4 2 2 31 475 405 1803 1975
8039 4 2 2 31 90 1722 863 1943
8040 4 2 2 31 89 90 983 1943
8041 4 2 2 31 1153 1326 1157 1880
8042 4 2 2 31 984 827 909 1825
8043 4 2 2 31 1809 1937 1637 2080
8044 4 2 2 31 1244 805 241 1371
8045 4 2 2 31 1027 1070 1065 1796
8046 4 2 2 31 103 938 1719 2024
8047 4 2 2 31 789 178 871 719
8048 4 2 2 31 1387 1240 1241 1887
8049 4 2 2 31 316 1102 1298 1511
8050 4 2 2 31 1608 1743 1692 1926
8051 4 2 2 31 940 980 1818 2065
8052 4 2 2 31 1238 1177 1215 1808
8053 4 2 2 31 500 1953 1675 2011
8054 4 2 2 31 1590 1757 1566 1856
8055 4 2 2 31 1369 1468 1524 1992
8056 4 2 2 31 877 1501 934 2064
8057 4 2 2 31 732 738 1694 1932
8058 4 2 2 31 515 358 486 2049
8059 4 2 2 31 1207 2036 1710 2066
8060 4 2 2 31 1151 1798 1322 1936
8061 4 2 2 31 861 1987 1002 2013
8062 4 2 2 31 1538 1753 1546 2056
8063 4 2 2 31 451 402 470 1755
8064 4 2 2 31 1298 315 1511 1482
8065 4 2 2 31 1625 1900 1674 1916
8066 4 2 2 31 1606 1834 1681 2025
8067 4 2 2 31 1022 1804 907 1903
8068 4 2 2 31 1291 1830 1292 2014
8069 4 2 2 31 1540 1381 1743 1860
8070 4 2 2 31 777 1087 1337 1752
8071 4 2 2 31 515 435 455 1735
8072 4 2 2 31 445 472 446 1908
8073 4 2 2 31 357 484 1832 1922
8074 4 2 2 31 1533 1680 1500 1957
8075 4 2 2 31 743 788 755 1966
8076 4 2 2 31 1636 1877 1761 2035
8077 4 2 2 31 1047 1446 1035 1899
8078 4 2 2 31 841 835 809 1704
8079 4 2 2 31 1681 1834 1616 1988
8080 4 2 2 31 1689 2060 1724 2067
8081 4 2 2 31 499 79 434 1685
8082 4 2 2 31 1188 1398 1118 2029
8083 4 2 2 31 1771 1829 1710 1968
8084 4 2 2 31 821 1863 1825 2070
8085 4 2 2 31 1623 1746 1735 1945
8086 4 2 2 31 398 1728 396 1993
8087 4 2 2 31 1256 1734 1865 2050
8088 4 2 2 31 1303 1923 1787 2071
8089 4 2 2 31 770 782 787 1787
8090 4 2 2 31 1721 1963 1295 2020
8091 4 2 2 31 802 1863 822 2070
8092 4 2 2 31 933 997 888 1859
8093 4 2 2 31 1505 1482 314 1288
8094 4 2 2 31 496 88 1701 1883
8095 4 2 2 31 1092 1472 1546 2056
8096 4 2 2 31 297 1354 1044 1095
8097 4 2 2 31 819 1704 809 2009
8098 4 2 2 31 1533 1499 1680 1957
8099 4 2 2 31 1672 1937 1809 2080
8100 4 2 2 31 1333 1167 1419 2046
8101 4 2 2 31 940 1769 37 2065
8102 4 2 2 31 1267 1100 1391 1751
8103 4 2 2 31 33 955 32 1789
8104 4 2 2 31 1165 1148 1350 1783
8105 4 2 2 31 393 395 486 1945
8106 4 2 2 31 1233 1285 1868 1948
8107 4 2 2 31 1595 1669 1564 1856
8108 4 2 2 31 1628 1856 1757 2029
8109 4 2 2 31 759 1824 1734 1977
8110 4 2 2 31 90 91 863 1722
8111 4 2 2 31 1740 1885 1687 1899
8112 4 2 2 31 1790 1807 1724 1969
8113 4 2 2 31 1400 1714 1874 2052
8114 4 2 2 31 424 487 529 2047
8115 4 2 2 31 1449 1747 1375 1950
8116 4 2 2 31 890 767 921 1840
8117 4 2 2 31 1627 1905 1758 2018
8118 4 2 2 31 1225 1712 1224 1928
8119 4 2 2 31 1576 1560 1574 1676
8120 4 2 2 31 1335 1246 1225 1842
8121 4 2 2 31 1185 1431 1386 1848
8122 4 2 2 31 1105 1505 313 1288
8123 4 2 2 31 1837 1874 1641 2052
8124 4 2 2 31 1678 1858 1759 1901
8125 4 2 2 31 910 816 830 1909
8126 4 2 2 31 461 1775 423 1922
8127 4 2 2 31 872 1013 961 1731
8128 4 2 2 31 1422 1104 728 1763
8129 4 2 2 31 440 1827 353 2053
8130 4 2 2 31 1930 1982 1659 2056
8131 4 2 2 31 1636 1827 1748 1877
8132 4 2 2 31 922 1003 890 1840
8133 4 2 2 31 1214 1452 1383 2019
8134 4 2 2 31 1560 479 1575 1998
8135 4 2 2 31 387 386 388 1961
8136 4 2 2 31 1595 1586 1669 1939
8137 4 2 2 31 893 292 915 1484
8138 4 2 2 31 1699 1805 1603 1986
8139 4 2 2 31 1325 1456 1201 1849
8140 4 2 2 31 1034 1354 1385 1885
8141 4 2 2 31 1039 1234 295 1040
8142 4 2 2 31 448 466 1817 1867
8143 4 2 2 31 370 1754 462 1990
8144 4 2 2 31 1046 1079 1045 1885
8145 4 2 2 31 1331 1780 1416 2030
8146 4 2 2 31 926 889 1521 279
8147 4 2 2 31 49 364 50 1852
8148 4 2 2 31 1481 1513 1858 1955
8149 4 2 2 31 386 1775 388 1961
8150 4 2 2 31 1151 1936 1322 2054
8151 4 2 2 31 443 504 412 1968
8152 4 2 2 31 1831 1894 1620 2078
8153 4 2 2 31 1229 1228 1715 2010
8154 4 2 2 31 45 484 46 1832
8155 4 2 2 31 1344 1822 1873 2051
8156 4 2 2 31 1297 1740 1250 1899
8157 4 2 2 31 857 994 996 1839
8158 4 2 2 31 1229 1715 1228 2079
8159 4 2 2 31 1605 1972 1706 1978
8160 4 2 2 31 1163 1203 1173 1984
8161 4 2 2 31 463 411 1766 1940
8162 4 2 2 31 1484 1551 1490 1692
8163 4 2 2 31 411 414 413 1940
8164 4 2 2 31 319 1307 1092 1546
8165 4 2 2 31 1524 1468 1522 1992
8166 4 2 2 31 1171 1164 1161 1786
8167 4 2 2 31 363 455 435 1911
8168 4 2 2 31 1540 1490 1551 1860
8169 4 2 2 31 457 1807 1790 1969
8170 4 2 2 31 1238 1363 1361 1794
8171 4 2 2 31 1757 1856 1116 2029
8172 4 2 2 31 460 1844 486 1945
8173 4 2 2 31 1682 1847 1631 1965
8174 4 2 2 31 1463 1890 1420 1988
8175 4 2 2 31 478 116 1560 479
8176 4 2 2 31 910 830 985 1909
8177 4 2 2 31 973 964 903 1893
8178 4 2 2 31 854 942 39 2006
8179 4 2 2 31 1729 1781 1638 1968
8180 4 2 2 31 1207 1205 2036 2066
8181 4 2 2 31 185 913 868 722
8182 4 2 2 31 732 738 800 1694
8183 4 2 2 31 469 1904 373 1914
8184 4 2 2 31 746 719 745 1888
8185 4 2 2 31 1718 1957 1680 2012
8186 4 2 2 31 743 920 788 1966
8187 4 2 2 31 1753 1964 1955 2013
8188 4 2 2 31 1715 2010 1608 2079
8189 4 2 2 31 878 971 975 1795
8190 4 2 2 31 1189 1191 1190 2018
8191 4 2 2 31 437 1741 447 1881
8192 4 2 2 31 186 892 913 772
8193 4 2 2 31 1748 1877 1827 2053
8194 4 2 2 31 772 913 186 722
8195 4 2 2 31 429 506 463 1766
8196 4 2 2 31 1235 1276 1381 1860
8197 4 2 2 31 856 993 991 1799
8198 4 2 2 31 411 408 1766 1940
8199 4 2 2 31 952 897 896 1816
8200 4 2 2 31 1459 1111 1201 1849
8201 4 2 2 31 1275 1422 1106 1805
8202 4 2 2 31 1739 1835 1654 2082
8203 4 2 2 31 414 1733 421 1910
8204 4 2 2 31 476 1939 510 1997
8205 4 2 2 31 95 353 507 1877
8206 4 2 2 31 408 1772 1766 1940
8207 4 2 2 31 202 914 732 894
8208 4 2 2 31 1357 1420 1211 1890
8209 4 2 2 31 1680 1958 1718 2012
8210 4 2 2 31 724 880 743 1818
8211 4 2 2 31 1332 1131 1826 1933
8212 4 2 2 31 1494 1493 1486 1725
8213 4 2 2 31 908 1804 1022 1903
8214 4 2 2 31 1615 1750 1952 2038
8215 4 2 2 31 1356 1762 1154 1936
8216 4 2 2 31 396 1728 397 1993
8217 4 2 2 31 740 1310 231 718
8218 4 2 2 31 963 184 868 1903
8219 4 2 2 31 489 1813 525 1918
8220 4 2 2 31 278 1477 930 889
8221 4 2 2 31 1556 1576 1582 1716
8222 4 2 2 31 987 882 982 1697
8223 4 2 2 31 917 871 178 719
8224 4 2 2 31 1174 1351 1179 1791
8225 4 2 2 31 1390 1737 1212 2017
8226 4 2 2 31 379 1823 450 1979
8227 4 2 2 31 515 486 395 1945
8228 4 2 2 31 1087 223 1338 715
8229 4 2 2 31 1728 1925 396 2062
8230 4 2 2 31 1293 1830 1291 1935
8231 4 2 2 31 297 1044 1033 1095
8232 4 2 2 31 1227 2010 1242 2066
8233 4 2 2 31 1691 1894 1649 1923
8234 4 2 2 31 911 1481 275 1858
8235 4 2 2 31 762 933 763 1824
8236 4 2 2 31 393 486 1844 1945
8237 4 2 2 31 1814 1831 1172 2071
8238 4 2 2 31 1677 1887 1730 1978
8239 4 2 2 31 860 46 1004 1896
8240 4 2 2 31 37 468 38 1693
8241 4 2 2 31 995 858 1824 1946
8242 4 2 2 31 904 1677 973 1972
8243 4 2 2 31 1484 292 915 1489
8244 4 2 2 31 1819 1932 971 2043
8245 4 2 2 31 473 514 500 2011
8246 4 2 2 31 1115 1443 1389 2016
8247 4 2 2 31 1182 802 826 1878
8248 4 2 2 31 1411 1086 1703 1950
8249 4 2 2 31 34 1980 1711 2077
8250 4 2 2 31 445 446 405 1803
8251 4 2 2 31 819 834 1868 1948
8252 4 2 2 31 1428 1744 1088 1992
8253 4 2 2 31 1593 1114 1462 1919
8254 4 2 2 31 383 450 380 1823
8255 4 2 2 31 1540 1743 1490 1860
8256 4 2 2 31 1102 317 1304 1483
8257 4 2 2 31 1714 1894 1732 2031
8258 4 2 2 31 991 856 1799 1973
8259 4 2 2 31 1659 1955 1753 1964
8260 4 2 2 31 1585 1568 1869 2028
8261 4 2 2 31 413 1910 1729 1940
8262 4 2 2 31 1295 1963 1202 2020
8263 4 2 2 31 1655 1964 1753 2013
8264 4 2 2 31 1728 398 1925 1993
8265 4 2 2 31 1121 1386 1572 1848
8266 4 2 2 31 856 993 1799 1973
8267 4 2 2 31 1554 1577 1573 1727
8268 4 2 2 31 1088 1308 321 1527
8269 4 2 2 31 1220 1218 1216 1835
8270 4 2 2 31 1017 11 89 2002
8271 4 2 2 31 1663 2047 1690 2058
8272 4 2 2 31 489 1911 1813 1918
8273 4 2 2 31 825 1788 829 1949
8274 4 2 2 31 220 716 1084 779
8275 4 2 2 31 751 750 749 1816
8276 4 2 2 31 1099 1338 222 715
8277 4 2 2 31 424 529 490 2026
8278 4 2 2 31 1847 1865 1682 1989
8279 4 2 2 31 1237 1366 1207 1710
8280 4 2 2 31 36 355 482 1809
8281 4 2 2 31 381 447 382 1867
8282 4 2 2 31 1085 1339 1528 1855
8283 4 2 2 31 1113 1280 1815 2044
8284 4 2 2 31 720 1083 226 780
8285 4 2 2 31 1742 1812 1619 1991
8286 4 2 2 31 437 1741 1881 1922
8287 4 2 2 31 1166 1936 1322 2034
8288 4 2 2 31 1505 1469 1105 313
8289 4 2 2 31 1101 1284 1283 1929
8290 4 2 2 31 1194 1193 1195 2060
8291 4 2 2 31 1593 1103 1114 1919
8292 4 2 2 31 1724 1917 1195 2060
8293 4 2 2 31 44 858 43 1976
8294 4 2 2 31 1130 1132 1427 2078
8295 4 2 2 31 892 999 1800 2081
8296 4 2 2 31 1326 1154 1360 1762
8297 4 2 2 31 1072 1054 1069 1789
8298 4 2 2 31 962 960 871 1704
8299 4 2 2 31 1398 1116 1856 2029
8300 4 2 2 31 1448 1310 1311 1988
8301 4 2 2 31 973 904 870 1677
8302 4 2 2 31 1397 1960 1141 2068
8303 4 2 2 31 41 1853 1686 1973
8304 4 2 2 31 914 732 737 202
8305 4 2 2 31 892 187 923 723
8306 4 2 2 31 1400 1874 1168 2052
8307 4 2 2 31 983 1017 89 1759
8308 4 2 2 31 1232 1889 1736 2042
8309 4 2 2 31 979 1833 981 1995
8310 4 2 2 31 377 1031 76 464
8311 4 2 2 31 1314 1894 1315 2031
8312 4 2 2 31 1445 1718 1430 1907
8313 4 2 2 31 905 1858 867 1901
8314 4 2 2 31 1240 1887 1382 1996
8315 4 2 2 31 927 1987 859 2040
8316 4 2 2 31 1312 1302 1303 1787
8317 4 2 2 31 1825 1967 1651 2072
8318 4 2 2 31 1134 1933 1874 2078
8319 4 2 2 31 984 1825 81 1967
8320 4 2 2 31 1625 1689 1823 2046
8321 4 2 2 31 395 396 1735 2074
8322 4 2 2 31 1206 1227 1242 2066
8323 4 2 2 31 1040 1234 1352 1947
8324 4 2 2 31 1031 517 1054 1954
8325 4 2 2 31 470 1755 400 2032
8326 4 2 2 31 433 1797 509 2032
8327 4 2 2 31 1470 1491 1490 1743
8328 4 2 2 31 775 773 774 1830
8329 4 2 2 31 1781 1984 1671 2073
8330 4 2 2 31 1641 1874 1714 2052
8331 4 2 2 31 1237 1207 1205 2036
8332 4 2 2 31 751 749 728 1763
8333 4 2 2 31 1236 1739 1985 2082
8334 4 2 2 31 1759 1943 1627 1997
8335 4 2 2 31 1523 1855 1528 1992
8336 4 2 2 31 1136 1837 2003 2052
8337 4 2 2 31 1251 1223 1765 1928
8338 4 2 2 31 1346 1897 1314 2031
8339 4 2 2 31 296 1095 1033 1352
8340 4 2 2 31 1035 1047 1899 2063
8341 4 2 2 31 891 277 1536 930
8342 4 2 2 31 734 742 794 1983
8343 4 2 2 31 410 1772 408 1940
8344 4 2 2 31 412 413 1729 1940
8345 4 2 2 31 1324 1878 1388 2075
8346 4 2 2 31 972 2022 1926 2033
8347 4 2 2 31 1740 1971 1296 2073
8348 4 2 2 31 1610 1770 1737 2039
8349 4 2 2 31 1603 1805 1889 1986
8350 4 2 2 31 1385 1885 1297 1899
8351 4 2 2 31 1392 1210 1291 2069
8352 4 2 2 31 1657 349 2007 2016
8353 4 2 2 31 936 1010 874 1862
8354 4 2 2 31 1499 936 269 874
8355 4 2 2 31 867 275 1510 1858
8356 4 2 2 31 476 1997 11 2002
8357 4 2 2 31 365 1980 34 2077
8358 4 2 2 31 1820 1821 1341 1962
8359 4 2 2 31 106 1829 366 1920
8360 4 2 2 31 799 789 736 1704
8361 4 2 2 31 1335 1842 1854 2021
8362 4 2 2 31 1722 1655 1850 1969
8363 4 2 2 31 1608 1938 1743 2079
8364 4 2 2 31 1185 1386 1843 1848
8365 4 2 2 31 1352 1033 296 1040
8366 4 2 2 31 1789 1954 474 2077
8367 4 2 2 31 1495 1502 1537 1833
8368 4 2 2 31 756 729 1283 1929
8369 4 2 2 31 396 2062 1735 2074
8370 4 2 2 31 1574 1573 1558 1848
8371 4 2 2 31 863 1722 91 1964
8372 4 2 2 31 796 1062 735 1836
8373 4 2 2 31 316 1102 1511 1483
8374 4 2 2 31 1225 1246 1226 1712
8375 4 2 2 31 1510 1512 1509 1858
8376 4 2 2 31 1251 1438 1223 1928
8377 4 2 2 31 1277 1278 1725 2023
8378 4 2 2 31 188 890 923 785
8379 4 2 2 31 1503 1496 1498 1751
8380 4 2 2 31 1155 1679 1330 2068
8381 4 2 2 31 955 32 1789 1793
8382 4 2 2 31 1217 1408 1788 1869
8383 4 2 2 31 1745 1802 1611 1952
8384 4 2 2 31 1554 518 1584 1776
8385 4 2 2 31 1381 1109 1470 1743
8386 4 2 2 31 1642 1957 1718 2012
8387 4 2 2 31 1585 1567 1568 1919
8388 4 2 2 31 517 1031 377 1954
8389 4 2 2 31 511 1676 471 1998
8390 4 2 2 31 1295 1406 1202 1963
8391 4 2 2 31 1259 1439 1403 1801
8392 4 2 2 31 350 2007 1563 2076
8393 4 2 2 31 1098 1375 1473 327
8394 4 2 2 31 1398 1856 1118 2029
8395 4 2 2 31 1603 1889 1805 2042
8396 4 2 2 31 1089 1121 1559 1884
8397 4 2 2 31 916 78 902 1941
8398 4 2 2 31 40 436 41 1853
8399 4 2 2 31 1500 1504 1469 1718
8400 4 2 2 31 757 760 758 1752
8401 4 2 2 31 818 809 960 2009
8402 4 2 2 31 818 806 820 2009
8403 4 2 2 31 964 12 109 1893
8404 4 2 2 31 737 878 914 201
8405 4 2 2 31 1597 1869 1568 1915
8406 4 2 2 31 510 1778 367 1997
8407 4 2 2 31 350 349 1563 2007
8408 4 2 2 31 1156 1152 1153 1880
8409 4 2 2 31 247 811 1488 1541
8410 4 2 2 31 786 1289 1097 2014
8411 4 2 2 31 1118 1120 1188 1905
8412 4 2 2 31 898 1767 1680 2004
8413 4 2 2 31 1665 1867 1741 1881
8414 4 2 2 31 981 1995 1833 2000
8415 4 2 2 31 1513 1512 1481 1858
8416 4 2 2 31 1611 1936 1745 2034
8417 4 2 2 31 1352 295 1234 1040
8418 4 2 2 31 1460 1252 1115 1698
8419 4 2 2 31 339 1572 1559 1121
8420 4 2 2 31 1374 1306 1373 1982
8421 4 2 2 31 1452 1214 1737 2019
8422 4 2 2 31 844 906 907 1804
8423 4 2 2 31 7 1892 1676 1895
8424 4 2 2 31 11 1997 89 2002
8425 4 2 2 31 1315 1314 1313 1894
8426 4 2 2 31 1473 1516 1515 1950
8427 4 2 2 31 370 1555 1754 1939
8428 4 2 2 31 35 355 36 1956
8429 4 2 2 31 1749 1835 1220 2082
8430 4 2 2 31 883 285 1530 1514
8431 4 2 2 31 995 858 997 1824
8432 4 2 2 31 285 883 929 1514
8433 4 2 2 31 908 978 1023 1709
8434 4 2 2 31 1534 1304 1483 1930
8435 4 2 2 31 1504 1505 1469 1958
8436 4 2 2 31 1546 1538 1526 1927
8437 4 2 2 31 504 1771 472 1908
8438 4 2 2 31 959 1510 1474 1901
8439 4 2 2 31 898 10 1767 2004
8440 4 2 2 31 1473 1517 1098 327
8441 4 2 2 31 1299 1382 1887 1996
8442 4 2 2 31 436 485 354 1774
8443 4 2 2 31 1517 1098 326 1334
8444 4 2 2 31 1695 1665 1881 1942
8445 4 2 2 31 1003 923 890 1773
8446 4 2 2 31 1521 926 280 1478
8447 4 2 2 31 1344 1822 1145 1873
8448 4 2 2 31 1619 1991 1812 1999
8449 4 2 2 31 890 189 921 767
8450 4 2 2 31 1662 1918 1838 1952
8451 4 2 2 31 1295 1721 1289 2027
8452 4 2 2 31 1406 1202 1963 2042
8453 4 2 2 31 964 109 903 1893
8454 4 2 2 31 1635 1813 1925 2062
8455 4 2 2 31 104 472 361 1771
8456 4 2 2 31 750 717 749 1699
8457 4 2 2 31 1776 1914 1630 2061
8458 4 2 2 31 1084 219 1312 1923
8459 4 2 2 31 767 890 189 785
8460 4 2 2 31 729 209 1101 744
8461 4 2 2 31 779 764 765 1897
8462 4 2 2 31 1464 1559 1590 1757
8463 4 2 2 31 1343 1142 1158 1994
8464 4 2 2 31 982 882 920 1966
8465 4 2 2 31 1186 1187 1170 1871
8466 4 2 2 31 1554 1575 512 1727
8467 4 2 2 31 1613 1702 1880 2054
8468 4 2 2 31 1086 1518 1703 1950
8469 4 2 2 31 1185 1401 2020 2069
8470 4 2 2 31 1191 1192 1190 2067
8471 4 2 2 31 1669 1784 1564 1856
8472 4 2 2 31 1691 1897 1646 2031
8473 4 2 2 31 463 411 408 1766
8474 4 2 2 31 1255 1365 1221 1811
8475 4 2 2 31 42 856 41 1973
8476 4 2 2 31 401 398 400 1925
8477 4 2 2 31 1305 1982 1930 2056
8478 4 2 2 31 1552 1539 1497 1731
8479 4 2 2 31 1141 1397 1143 1960
8480 4 2 2 31 725 758 760 1977
8481 4 2 2 31 1236 1347 1447 1739
8482 4 2 2 31 820 821 822 1863
8483 4 2 2 31 1376 1931 1982 2018
8484 4 2 2 31 819 820 803 1948
8485 4 2 2 31 1693 1618 1875 2065
8486 4 2 2 31 741 742 734 1696
8487 4 2 2 31 981 986 948 1995
8488 4 2 2 31 1421 1256 1338 1734
8489 4 2 2 31 1634 1689 1873 2060
8490 4 2 2 31 1554 441 518 1776
8491 4 2 2 31 1390 1214 1212 1737
8492 4 2 2 31 1075 1056 1048 1777
8493 4 2 2 31 1460 1114 1219 1919
8494 4 2 2 31 805 1244 241 829
8495 4 2 2 31 1147 1742 1149 1991
8496 4 2 2 31 1528 323 1524 1992
8497 4 2 2 31 1276 1938 1279 2079
8498 4 2 2 31 1289 214 786 1097
8499 4 2 2 31 1493 1491 2023 2064
8500 4 2 2 31 863 1943 1722 1964
8501 4 2 2 31 32 1054 517 1789
8502 4 2 2 31 1310 1110 231 718
8503 4 2 2 31 108 516 1055 1785
8504 4 2 2 31 451 430 1760 1876
8505 4 2 2 31 862 924 1003 1773
8506 4 2 2 31 887 280 926 1478
8507 4 2 2 31 988 929 883 1851
8508 4 2 2 31 1144 1812 1147 1999
8509 4 2 2 31 370 1939 1754 1990
8510 4 2 2 31 1247 1951 1404 2015
8511 4 2 2 31 281 887 1531 1478
8512 4 2 2 31 1343 1158 1367 1898
8513 4 2 2 31 1234 1353 1947 2025
8514 4 2 2 31 1106 756 1283 1929
8515 4 2 2 31 983 905 1017 1759
8516 4 2 2 31 1386 1112 1558 1848
8517 4 2 2 31 1258 1959 1278 2023
8518 4 2 2 31 1229 2010 1715 2079
8519 4 2 2 31 1147 1991 1361 1999
8520 4 2 2 31 1304 318 1092 2056
8521 4 2 2 31 1334 1085 1467 1854
8522 4 2 2 31 441 498 518 1776
8523 4 2 2 31 1379 1233 1285 1868
8524 4 2 2 31 100 1838 853 1924
8525 4 2 2 31 1732 1894 1691 2031
8526 4 2 2 31 351 505 494 1777
8527 4 2 2 31 1189 1190 1758 2018
8528 4 2 2 31 876 265 1063 1058
8529 4 2 2 31 1662 1737 1770 2039
8530 4 2 2 31 1586 530 415 1555
8531 4 2 2 31 237 822 1323 1107
8532 4 2 2 31 1506 1730 1505 1958
8533 4 2 2 31 107 366 473 2011
8534 4 2 2 31 944 40 1853 2006
8535 4 2 2 31 787 769 1312 218
8536 4 2 2 31 1638 1829 1920 2011
8537 4 2 2 31 1064 1059 262 875
8538 4 2 2 31 919 195 784 884
8539 4 2 2 31 1749 1752 1654 2082
8540 4 2 2 31 1867 1881 1665 1942
8541 4 2 2 31 1090 1310 230 740
8542 4 2 2 31 1827 1877 353 2053
8543 4 2 2 31 1403 1801 1352 1947
8544 4 2 2 31 944 854 40 2006
8545 4 2 2 31 1314 1346 1329 1897
8546 4 2 2 31 811 247 836 1541
8547 4 2 2 31 96 97 857 1761
8548 4 2 2 31 1411 1086 1268 1703
8549 4 2 2 31 1061 307 1542 1487
8550 4 2 2 31 205 735 1062 792
8551 4 2 2 31 1289 1721 1290 2014
8552 4 2 2 31 1414 1384 1083 1756
8553 4 2 2 31 1623 1913 1707 1960
8554 4 2 2 31 34 937 847 1819
8555 4 2 2 31 1108 1396 1288 1730
8556 4 2 2 31 762 1824 759 1977
8557 4 2 2 31 1615 1802 1745 1952
8558 4 2 2 31 1725 1959 1666 2023
8559 4 2 2 31 1519 1516 1517 1747
8560 4 2 2 31 1256 1338 1734 2050
8561 4 2 2 31 1213 1348 1175 1750
8562 4 2 2 31 974 934 976 1764
8563 4 2 2 31 430 407 1760 2048
8564 4 2 2 31 1423 1846 1410 1949
8565 4 2 2 31 963 721 184 1903
8566 4 2 2 31 1547 1539 1488 1731
8567 4 2 2 31 1452 1737 1390 1970
8568 4 2 2 31 1542 1551 1484 1692
8569 4 2 2 31 731 773 775 1830
8570 4 2 2 31 411 410 408 1940
8571 4 2 2 31 811 833 837 1731
8572 4 2 2 31 476 89 11 1997
8573 4 2 2 31 1614 1799 1752 1977
8574 4 2 2 31 85 910 985 1909
8575 4 2 2 31 1500 1533 1504 1680
8576 4 2 2 31 1561 349 350 1883
8577 4 2 2 31 1615 1886 1703 2038
8578 4 2 2 31 770 785 723 1773
8579 4 2 2 31 1195 1917 1198 2060
8580 4 2 2 31 934 976 1764 2005
8581 4 2 2 31 372 1776 498 1914
8582 4 2 2 31 1208 1327 1356 1981
8583 4 2 2 31 1265 1756 1414 2008
8584 4 2 2 31 999 913 892 1800
8585 4 2 2 31 281 887 932 1531
8586 4 2 2 31 1728 1735 1635 2062
8587 4 2 2 31 353 440 438 1827
8588 4 2 2 31 878 737 754 201
8589 4 2 2 31 1798 1936 1611 2034
8590 4 2 2 31 298 1034 1044 1354
8591 4 2 2 31 40 854 39 2006
8592 4 2 2 31 1097 1291 1292 2014
8593 4 2 2 31 94 95 859 1877
8594 4 2 2 31 1762 1936 1356 1981
8595 4 2 2 31 1715 1920 1829 2022
8596 4 2 2 31 1596 1588 1570 2047
8597 4 2 2 31 433 400 1845 2032
8598 4 2 2 31 1333 1413 1266 2046
8599 4 2 2 31 1202 1736 1431 2020
8600 4 2 2 31 1571 1388 1846 2075
8601 4 2 2 31 818 950 251 806
8602 4 2 2 31 928 193 725 886
8603 4 2 2 31 1367 1363 1218 1898
8604 4 2 2 31 1510 275 1481 1858
8605 4 2 2 31 393 486 460 1844
8606 4 2 2 31 429 355 506 1809
8607 4 2 2 31 1109 1258 2023 2079
8608 4 2 2 31 1311 1463 1420 1988
8609 4 2 2 31 1700 1605 1784 2007
8610 4 2 2 31 1603 1810 1816 1892
8611 4 2 2 31 514 1953 500 2011
8612 4 2 2 31 1729 1953 444 2011
8613 4 2 2 31 1332 1133 1131 1933
8614 4 2 2 31 792 732 800 1694
8615 4 2 2 31 1468 1088 321 1527
8616 4 2 2 31 1321 1182 239 804
8617 4 2 2 31 785 923 188 723
8618 4 2 2 31 1061 1548 1487 1860
8619 4 2 2 31 1136 1168 1874 2052
8620 4 2 2 31 1396 1441 1430 1907
8621 4 2 2 31 1093 731 787 217
8622 4 2 2 31 187 892 772 723
8623 4 2 2 31 1254 1220 1395 1749
8624 4 2 2 31 1696 1618 1818 1983
8625 4 2 2 31 1209 1176 1245 1886
8626 4 2 2 31 788 727 793 1697
8627 4 2 2 31 1334 1467 1532 1854
8628 4 2 2 31 1340 1758 1962 2029
8629 4 2 2 31 1331 1415 1416 1780
8630 4 2 2 31 79 1685 499 2072
8631 4 2 2 31 1400 1318 1442 2078
8632 4 2 2 31 728 1104 752 1763
8633 4 2 2 31 1437 1217 1408 1788
8634 4 2 2 31 918 283 885 1476
8635 4 2 2 31 1516 1473 1517 1747
8636 4 2 2 31 982 1875 1697 1966
8637 4 2 2 31 224 1087 777 757
8638 4 2 2 31 1025 1872 86 1902
8639 4 2 2 31 1147 1148 1149 1742
8640 4 2 2 31 722 868 185 776
8641 4 2 2 31 462 510 1939 1990
8642 4 2 2 31 824 813 1113 1815
8643 4 2 2 31 1244 1788 1408 1949
8644 4 2 2 31 904 973 903 1972
8645 4 2 2 31 232 1380 790 718
8646 4 2 2 31 369 511 471 1998
8647 4 2 2 31 1494 2005 1475 2064
8648 4 2 2 31 905 912 867 1858
8649 4 2 2 31 1471 1499 936 269
8650 4 2 2 31 744 746 745 1708
8651 4 2 2 31 1810 1892 1661 1998
8652 4 2 2 31 1572 340 1558 1386
8653 4 2 2 31 184 776 868 1903
8654 4 2 2 31 1536 1538 1513 1955
8655 4 2 2 31 1520 885 283 1476
8656 4 2 2 31 1260 1186 1296 1971
8657 4 2 2 31 925 287 881 1537
8658 4 2 2 31 422 523 421 1733
8659 4 2 2 31 1508 1506 1480 1806
8660 4 2 2 31 1368 1714 1400 2052
8661 4 2 2 31 1608 1926 1920 2022
8662 4 2 2 31 1118 1096 1784 1856
8663 4 2 2 31 987 942 854 2006
8664 4 2 2 31 1677 1730 1887 2059
8665 4 2 2 31 1592 1562 348 2016
8666 4 2 2 31 1544 1502 1494 1951
8667 4 2 2 31 1258 1715 1228 1959
8668 4 2 2 31 920 197 788 882
8669 4 2 2 31 951 864 1870 2081
8670 4 2 2 31 1769 1818 1618 2065
8671 4 2 2 31 1074 1062 796 1836
8672 4 2 2 31 1084 716 219 1923
8673 4 2 2 31 511 1560 1676 1998
8674 4 2 2 31 523 1733 422 1980
8675 4 2 2 31 1519 1545 1476 1705
8676 4 2 2 31 1689 1625 1873 2046
8677 4 2 2 31 1693 1876 1786 2080
8678 4 2 2 31 1534 1304 317 1483
8679 4 2 2 31 1692 1796 1608 1926
8680 4 2 2 31 290 934 877 1501
8681 4 2 2 31 361 443 105 1829
8682 4 2 2 31 1362 1438 1855 1928
8683 4 2 2 31 1031 1054 1072 1954
8684 4 2 2 31 1729 1968 1638 2011
8685 4 2 2 31 1610 1945 1782 2049
8686 4 2 2 31 210 1283 756 729
8687 4 2 2 31 1619 1728 1925 1993
8688 4 2 2 31 928 761 194 884
8689 4 2 2 31 1602 1698 1907 2012
8690 4 2 2 31 903 1706 110 1972
8691 4 2 2 31 1082 1446 1047 1899
8692 4 2 2 31 1410 1388 1324 1878
8693 4 2 2 31 1465 1344 1145 1873
8694 4 2 2 31 1679 1623 1945 2068
8695 4 2 2 31 1787 1923 1649 2071
8696 4 2 2 31 1844 1945 1623 2074
8697 4 2 2 31 901 1862 958 1902
8698 4 2 2 31 1724 1850 1639 2067
8699 4 2 2 31 409 1792 497 1965
8700 4 2 2 31 379 380 450 1823
8701 4 2 2 31 1490 1491 1489 2033
8702 4 2 2 31 1428 1088 1369 1992
8703 4 2 2 31 1510 1509 1474 1901
8704 4 2 2 31 1662 1838 1750 1952
8705 4 2 2 31 1073 1038 1435 1860
8706 4 2 2 31 437 385 447 1741
8707 4 2 2 31 918 883 284 1530
8708 4 2 2 31 1472 319 1092 1546
8709 4 2 2 31 1613 1762 1936 2054
8710 4 2 2 31 935 754 200 878
8711 4 2 2 31 215 1292 730 1097
8712 4 2 2 31 107 1920 366 2011
8713 4 2 2 31 1081 1039 1041 1947
8714 4 2 2 31 1548 1435 1540 1860
8715 4 2 2 31 1610 1746 1735 2039
8716 4 2 2 31 209 1101 1283 729
8717 4 2 2 31 1317 1315 1313 1894
8718 4 2 2 31 110 109 503 1706
8719 4 2 2 31 395 396 435 1735
8720 4 2 2 31 1285 1284 1101 1708
8721 4 2 2 31 1542 1036 307 1061
8722 4 2 2 31 1037 205 1062 792
8723 4 2 2 31 1583 427 499 2072
8724 4 2 2 31 73 465 1030 376
8725 4 2 2 31 934 1501 1475 2064
8726 4 2 2 31 1271 1348 1213 1750
8727 4 2 2 31 1274 1284 1418 1864
8728 4 2 2 31 419 413 418 1910
8729 4 2 2 31 751 783 750 1816
8730 4 2 2 31 1090 229 1319 734
8731 4 2 2 31 1258 1228 1715 2079
8732 4 2 2 31 1106 1407 1805 1929
8733 4 2 2 31 869 183 963 721
8734 4 2 2 31 1216 1220 1835 2082
8735 4 2 2 31 87 88 901 2004
8736 4 2 2 31 278 1477 1535 930
8737 4 2 2 31 1649 1894 1831 2071
8738 4 2 2 31 448 1867 1817 1942
8739 4 2 2 31 1531 932 282 1520
8740 4 2 2 31 987 919 882 1921
8741 4 2 2 31 1031 1079 1057 1954
8742 4 2 2 31 1025 86 866 1902
8743 4 2 2 31 791 812 838 1868
8744 4 2 2 31 817 1788 825 1909
8745 4 2 2 31 1057 76 1031 464
8746 4 2 2 31 801 815 816 1872
8747 4 2 2 31 1258 1715 1959 2079
8748 4 2 2 31 736 175 791 835
8749 4 2 2 31 469 373 372 1914
8750 4 2 2 31 1385 1082 299 1034
8751 4 2 2 31 208 1379 744 733
8752 4 2 2 31 396 435 1735 2062
8753 4 2 2 31 1060 1035 301 1301
8754 4 2 2 31 1181 1455 1779 2028
8755 4 2 2 31 1151 1150 1322 1798
8756 4 2 2 31 1676 1892 7 1998
8757 4 2 2 31 1185 1123 1125 1843
8758 4 2 2 31 748 180 953 717
8759 4 2 2 31 812 791 175 835
8760 4 2 2 31 225 1336 720 1985
8761 4 2 2 31 1533 1500 1499 1957
8762 4 2 2 31 972 877 974 2033
8763 4 2 2 31 979 981 851 1995
8764 4 2 2 31 1616 1890 1696 1988
8765 4 2 2 31 1476 918 284 1530
8766 4 2 2 31 731 1292 216 1093
8767 4 2 2 31 1687 1885 1648 1954
8768 4 2 2 31 474 32 517 1789
8769 4 2 2 31 765 767 768 1840
8770 4 2 2 31 1212 1783 1350 2017
8771 4 2 2 31 1526 1525 1527 1927
8772 4 2 2 31 1537 287 881 1479
8773 4 2 2 31 734 1090 230 740
8774 4 2 2 31 1615 1750 1838 1952
8775 4 2 2 31 1581 1596 1553 2026
8776 4 2 2 31 1564 1669 1586 1934
8777 4 2 2 31 805 1282 242 1371
8778 4 2 2 31 1528 1339 323 1992
8779 4 2 2 31 1331 1402 1415 1974
8780 4 2 2 31 1245 1411 1268 2038
8781 4 2 2 31 1195 1198 1197 2060
8782 4 2 2 31 1786 1937 1672 2080
8783 4 2 2 31 933 191 763 888
8784 4 2 2 31 1638 2010 1715 2066
8785 4 2 2 31 1544 1486 331 1091
8786 4 2 2 31 730 786 1097 2014
8787 4 2 2 31 448 1817 526 1942
8788 4 2 2 31 227 1083 1384 714
8789 4 2 2 31 1506 1482 1505 1730
8790 4 2 2 31 357 423 484 1922
8791 4 2 2 31 489 458 1911 1918
8792 4 2 2 31 1725 2023 1666 2064
8793 4 2 2 31 1340 1188 1758 2029
8794 4 2 2 31 237 1323 822 802
8795 4 2 2 31 1511 1509 1483 2059
8796 4 2 2 31 1637 1937 1786 2080
8797 4 2 2 31 951 999 864 2081
8798 4 2 2 31 1001 921 888 1859
8799 4 2 2 31 1482 1507 1511 2059
8800 4 2 2 31 814 833 842 1731
8801 4 2 2 31 421 414 422 1733
8802 4 2 2 31 932 885 282 1520
8803 4 2 2 31 968 874 1499 270
8804 4 2 2 31 1592 1565 1562 1784
8805 4 2 2 31 1528 1855 1339 1992
8806 4 2 2 31 452 396 398 1925
8807 4 2 2 31 1651 1967 1690 2026
8808 4 2 2 31 1141 1960 1913 2068
8809 4 2 2 31 1050 1426 1235 1938
8810 4 2 2 31 1154 1936 1762 2054
8811 4 2 2 31 212 1422 1104 728
8812 4 2 2 31 465 351 74 1029
8813 4 2 2 31 32 474 33 1789
8814 4 2 2 31 1308 1307 320 1927
8815 4 2 2 31 420 1706 503 1934
8816 4 2 2 31 453 513 409 2057
8817 4 2 2 31 1408 1244 1371 1788
8818 4 2 2 31 1560 1575 1661 1998
8819 4 2 2 31 1160 1847 1349 2003
8820 4 2 2 31 1559 1089 339 1121
8821 4 2 2 31 1613 1936 1798 2054
8822 4 2 2 31 730 786 214 1097
8823 4 2 2 31 81 1825 80 2072
8824 4 2 2 31 1169 1173 1296 1971
8825 4 2 2 31 384 501 1900 1916
8826 4 2 2 31 288 925 879 1495
8827 4 2 2 31 1587 1754 1555 1939
8828 4 2 2 31 1034 298 1385 1354
8829 4 2 2 31 417 1 522 1866
8830 4 2 2 31 1337 777 1752 1985
8831 4 2 2 31 920 743 198 880
8832 4 2 2 31 1273 1275 1805 2042
8833 4 2 2 31 392 459 394 1768
8834 4 2 2 31 1080 1051 1038 1938
8835 4 2 2 31 1707 1960 1140 1994
8836 4 2 2 31 1300 1204 1781 2073
8837 4 2 2 31 179 719 748 1888
8838 4 2 2 31 495 86 85 1915
8839 4 2 2 31 504 361 472 1771
8840 4 2 2 31 1395 1752 1436 2050
8841 4 2 2 31 1083 227 780 714
8842 4 2 2 31 1746 1970 1159 2017
8843 4 2 2 31 1039 1836 1234 1947
8844 4 2 2 31 1568 1597 1585 1869
8845 4 2 2 31 439 353 1827 2035
8846 4 2 2 31 1380 232 1110 718
8847 4 2 2 31 1099 1421 1338 1734
8848 4 2 2 31 183 869 783 721
8849 4 2 2 31 1666 1764 1725 2064
8850 4 2 2 31 1480 1806 1506 1958
8851 4 2 2 31 1337 1985 1752 2082
8852 4 2 2 31 1590 337 1116 1856
8853 4 2 2 31 88 87 496 1701
8854 4 2 2 31 1220 1395 1749 2082
8855 4 2 2 31 438 387 389 1961
8856 4 2 2 31 1293 1291 1210 1935
8857 4 2 2 31 1419 1231 1333 1820
8858 4 2 2 31 1329 1099 221 1897
8859 4 2 2 31 1795 1819 1681 1932
8860 4 2 2 31 794 1319 229 734
8861 4 2 2 31 439 507 353 2035
8862 4 2 2 31 1178 1558 1582 341
8863 4 2 2 31 1081 1836 1039 1947
8864 4 2 2 31 1738 1770 1610 2049
8865 4 2 2 31 1136 2003 1349 2052
8866 4 2 2 31 1482 1506 1507 1730
8867 4 2 2 31 1718 1907 1445 2045
8868 4 2 2 31 451 430 407 1760
8869 4 2 2 31 1757 1821 1628 2029
8870 4 2 2 31 1735 1746 1635 2039
8871 4 2 2 31 1237 1327 1366 1981
8872 4 2 2 31 331 1370 1544 1091
8873 4 2 2 31 1178 1736 1232 1889
8874 4 2 2 31 1117 1821 1757 2029
8875 4 2 2 31 1610 1770 2039 2049
8876 4 2 2 31 954 966 848 1926
8877 4 2 2 31 796 790 1434 1836
8878 4 2 2 31 1496 1497 1498 1751
8879 4 2 2 31 334 1470 1540 1381
8880 4 2 2 31 801 833 961 259
8881 4 2 2 31 908 1023 844 1804
8882 4 2 2 31 1509 1474 1901 2059
8883 4 2 2 31 994 992 885 2055
8884 4 2 2 31 404 403 402 1975
8885 4 2 2 31 931 891 1955 2013
8886 4 2 2 31 1459 1184 1580 1849
8887 4 2 2 31 262 957 1064 875
8888 4 2 2 31 1118 1096 1119 1784
8889 4 2 2 31 526 448 466 1817
8890 4 2 2 31 1412 1297 1250 1899
8891 4 2 2 31 975 935 878 1795
8892 4 2 2 31 904 1901 1677 1972
8893 4 2 2 31 944 989 854 2006
8894 4 2 2 31 277 1535 1536 930
8895 4 2 2 31 876 265 956 1063
8896 4 2 2 31 179 917 719 1888
8897 4 2 2 31 1074 1434 1039 1836
8898 4 2 2 31 848 1920 1926 2022
8899 4 2 2 31 1330 1224 1226 2030
8900 4 2 2 31 108 107 473 1785
8901 4 2 2 31 1701 1919 1779 2028
8902 4 2 2 31 1260 1297 1385 1885
8903 4 2 2 31 95 353 1877 2053
8904 4 2 2 31 1595 1586 1564 1669
8905 4 2 2 31 1247 1370 1404 1951
8906 4 2 2 31 28 844 1 1866
8907 4 2 2 31 286 929 881 2000
8908 4 2 2 31 760 761 725 1799
8909 4 2 2 31 762 725 193 886
8910 4 2 2 31 210 1283 1106 756
8911 4 2 2 31 1322 1356 1154 1936
8912 4 2 2 31 931 1955 1964 2013
8913 4 2 2 31 880 935 977 1818
8914 4 2 2 31 438 439 353 1827
8915 4 2 2 31 1134 1874 1442 2078
8916 4 2 2 31 998 912 863 1943
8917 4 2 2 31 1436 1752 1087 2050
8918 4 2 2 31 1722 1943 1659 1964
8919 4 2 2 31 1061 1073 1548 1860
8920 4 2 2 31 452 396 1925 2062
8921 4 2 2 31 1134 1132 1933 2078
8922 4 2 2 31 1617 2019 1747 2021
8923 4 2 2 31 81 2026 1967 2072
8924 4 2 2 31 1569 1568 1561 1701
8925 4 2 2 31 1231 1820 1962 2067
8926 4 2 2 31 1082 299 1034 1047
8927 4 2 2 31 1614 1977 1752 2050
8928 4 2 2 31 1443 1115 1252 1907
8929 4 2 2 31 1603 1676 1892 1986
8930 4 2 2 31 771 221 1099 1897
8931 4 2 2 31 1454 1970 1390 2017
8932 4 2 2 31 1607 1841 1899 2063
8933 4 2 2 31 489 525 458 1918
8934 4 2 2 31 1116 1757 1590 1856
8935 4 2 2 31 1170 1320 1162 1937
8936 4 2 2 31 1389 1096 1592 1784
8937 4 2 2 31 791 838 798 1868
8938 4 2 2 31 462 1754 371 1990
8939 4 2 2 31 259 961 801 949
8940 4 2 2 31 370 530 1555 1939
8941 4 2 2 31 448 381 466 1867
8942 4 2 2 31 960 950 818 2009
8943 4 2 2 31 1259 1186 1260 1871
8944 4 2 2 31 1852 1914 442 2061
8945 4 2 2 31 1073 1435 1548 1860
8946 4 2 2 31 1721 2020 1401 2069
8947 4 2 2 31 1363 1898 1158 1999
8948 4 2 2 31 1181 1219 1114 1919
8949 4 2 2 31 457 488 93 1790
8950 4 2 2 31 1726 1844 1624 1961
8951 4 2 2 31 1609 1699 1895 1986
8952 4 2 2 31 1202 1963 1736 2020
8953 4 2 2 31 984 909 81 1825
8954 4 2 2 31 1581 1571 1846 2075
8955 4 2 2 31 888 190 726 921
8956 4 2 2 31 1603 1805 1763 2042
8957 4 2 2 31 318 1304 1534 2056
8958 4 2 2 31 1132 1130 1131 1933
8959 4 2 2 31 213 1104 1289 2027
8960 4 2 2 31 33 1789 474 2077
8961 4 2 2 31 824 1113 1282 1815
8962 4 2 2 31 1583 118 1578 499
8963 4 2 2 31 1363 1158 1361 1999
8964 4 2 2 31 1368 1364 1847 2052
8965 4 2 2 31 1596 1581 1588 1846
8966 4 2 2 31 725 761 194 928
8967 4 2 2 31 1170 1169 1186 1971
8968 4 2 2 31 1784 1856 1669 1905
8969 4 2 2 31 1565 1096 337 1856
8970 4 2 2 31 1094 1393 1394 1717
8971 4 2 2 31 304 1235 1050 1426
8972 4 2 2 31 1080 1038 1860 1938
8973 4 2 2 31 1280 1249 1253 1779
8974 4 2 2 31 1143 1397 1159 1746
8975 4 2 2 31 1534 1930 1513 2056
8976 4 2 2 31 1321 1423 1410 1949
8977 4 2 2 31 1278 1725 1959 2015
8978 4 2 2 31 971 1819 937 2041
8979 4 2 2 31 715 759 771 1734
8980 4 2 2 31 1635 1911 1735 2039
8981 4 2 2 31 737 754 739 1932
8982 4 2 2 31 1323 238 1182 802
8983 4 2 2 31 1495 1494 1502 2005
8984 4 2 2 31 1006 863 91 1964
8985 4 2 2 31 1353 1403 1352 1947
8986 4 2 2 31 352 525 475 1918
8987 4 2 2 31 1748 1917 1634 2060
8988 4 2 2 31 468 482 430 1876
8989 4 2 2 31 1161 1157 1162 1937
8990 4 2 2 31 1087 1337 224 777
8991 4 2 2 31 1329 221 779 1897
8992 4 2 2 31 1091 1277 1278 1725
8993 4 2 2 31 453 409 1965 2057
8994 4 2 2 31 420 1934 528 2002
8995 4 2 2 31 1589 495 426 1915
8996 4 2 2 31 405 446 475 1803
8997 4 2 2 31 1355 1152 1156 2037
8998 4 2 2 31 1231 1820 1341 1962
8999 4 2 2 31 286 881 1479 2000
9000 4 2 2 31 1197 2051 1873 2060
9001 4 2 2 31 1221 1220 1254 1749
9002 4 2 2 31 1618 1966 1818 1983
9003 4 2 2 31 423 461 386 1775
9004 4 2 2 31 1290 1291 2014 2069
9005 4 2 2 31 1351 1265 1414 2008
9006 4 2 2 31 843 905 904 1972
9007 4 2 2 31 106 443 366 1829
9008 4 2 2 31 412 410 411 1940
9009 4 2 2 31 975 971 937 2041
9010 4 2 2 31 724 199 880 935
9011 4 2 2 31 886 192 762 933
9012 4 2 2 31 914 967 971 1932
9013 4 2 2 31 184 721 776 1903
9014 4 2 2 31 1272 1746 1397 2068
9015 4 2 2 31 768 770 769 1923
9016 4 2 2 31 1154 1322 1936 2054
9017 4 2 2 31 1405 1107 1287 1948
9018 4 2 2 31 1523 1529 1528 1855
9019 4 2 2 31 934 1475 2005 2064
9020 4 2 2 31 895 845 7 1892
9021 4 2 2 31 1587 1555 1595 1939
9022 4 2 2 31 761 784 195 884
9023 4 2 2 31 1112 1431 1202 1736
9024 4 2 2 31 326 1532 1517 1334
9025 4 2 2 31 426 1915 531 2047
9026 4 2 2 31 1763 1805 1275 2042
9027 4 2 2 31 849 1764 976 2024
9028 4 2 2 31 190 726 921 767
9029 4 2 2 31 1170 1162 1169 1882
9030 4 2 2 31 1029 1056 465 1777
9031 4 2 2 31 1745 1952 1611 2034
9032 4 2 2 31 1209 1327 1208 1828
9033 4 2 2 31 1434 1074 796 1836
9034 4 2 2 31 435 1911 1735 2062
9035 4 2 2 31 1391 1105 1469 312
9036 4 2 2 31 1926 2022 1666 2033
9037 4 2 2 31 443 444 366 2011
9038 4 2 2 31 1695 1912 1629 1942
9039 4 2 2 31 1184 1849 1456 2075
9040 4 2 2 31 1293 1093 1292 1830
9041 4 2 2 31 498 442 1914 2061
9042 4 2 2 31 1656 1891 1731 2044
9043 4 2 2 31 727 778 793 1697
9044 4 2 2 31 1610 1970 1746 2039
9045 4 2 2 31 1360 1762 1356 1981
9046 4 2 2 31 759 762 763 1824
9047 4 2 2 31 428 496 87 1701
9048 4 2 2 31 1359 1149 1152 1991
9049 4 2 2 31 416 1813 452 1925
9050 4 2 2 31 1312 219 769 1923
9051 4 2 2 31 780 714 793 1756
9052 4 2 2 31 1171 1161 1320 1937
9053 4 2 2 31 1572 1577 1559 1884
9054 4 2 2 31 225 1337 1336 1985
9055 4 2 2 31 927 1000 1879 2040
9056 4 2 2 31 945 988 990 1851
9057 4 2 2 31 1292 730 775 215
9058 4 2 2 31 225 720 777 1985
9059 4 2 2 31 1736 1963 1202 2042
9060 4 2 2 31 254 807 83 831
9061 4 2 2 31 1582 1178 1440 1889
9062 4 2 2 31 1740 1899 1607 2073
9063 4 2 2 31 1769 1956 1616 2041
9064 4 2 2 31 822 1863 821 2070
9065 4 2 2 31 407 404 451 1760
9066 4 2 2 31 1586 1555 415 1939
9067 4 2 2 31 1155 1913 1679 2068
9068 4 2 2 31 1827 1877 1636 2035
9069 4 2 2 31 400 470 402 1755
9070 4 2 2 31 838 834 1433 1868
9071 4 2 2 31 1197 1873 1266 2060
9072 4 2 2 31 1401 1721 1295 2020
9073 4 2 2 31 1334 325 1467 1085
9074 4 2 2 31 213 752 1104 2027
9075 4 2 2 31 1131 1129 1167 1826
9076 4 2 2 31 100 101 853 1838
9077 4 2 2 31 1136 1837 1138 2003
9078 4 2 2 31 95 1877 94 2053
9079 4 2 2 31 1913 1960 1623 2068
9080 4 2 2 31 968 1499 1533 270
9081 4 2 2 31 1546 320 1307 1927
9082 4 2 2 31 1219 1249 1267 2045
9083 4 2 2 31 1306 1092 1307 2056
9084 4 2 2 31 1160 1138 1140 2003
9085 4 2 2 31 1352 1403 1095 1801
9086 4 2 2 31 1564 1934 1563 2007
9087 4 2 2 31 1282 824 805 242
9088 4 2 2 31 1800 1870 1643 2081
9089 4 2 2 31 1383 1270 2019 2021
9090 4 2 2 31 1323 1325 1107 1863
9091 4 2 2 31 881 981 1833 2000
9092 4 2 2 31 1227 1207 1228 2066
9093 4 2 2 31 919 989 884 1921
9094 4 2 2 31 1671 1971 1740 2073
9095 4 2 2 31 1603 1763 1963 2042
9096 4 2 2 31 490 82 1967 2026
9097 4 2 2 31 1379 1101 208 744
9098 4 2 2 31 408 1766 1772 2048
9099 4 2 2 31 1651 1967 1825 2070
9100 4 2 2 31 771 779 221 1897
9101 4 2 2 31 977 975 850 2041
9102 4 2 2 31 1571 1243 345 1557
9103 4 2 2 31 770 723 782 1773
9104 4 2 2 31 1395 1087 1436 1752
9105 4 2 2 31 1602 1680 1767 2012
9106 4 2 2 31 824 813 243 1113
9107 4 2 2 31 1614 1865 1734 2050
9108 4 2 2 31 367 510 425 1778
9109 4 2 2 31 821 806 827 1825
9110 4 2 2 31 268 1471 1539 872
9111 4 2 2 31 384 387 501 1916
9112 4 2 2 31 1553 424 119 2026
9113 4 2 2 31 1461 1891 1281 2044
9114 4 2 2 31 1286 1425 1201 1864
9115 4 2 2 31 1260 1296 1297 1740
9116 4 2 2 31 235 803 1405 1948
9117 4 2 2 31 742 1818 743 1983
9118 4 2 2 31 1233 235 1405 1948
9119 4 2 2 31 1229 1227 1228 2010
9120 4 2 2 31 1199 1198 1200 1748
9121 4 2 2 31 927 1005 859 1987
9122 4 2 2 31 1042 1033 1043 1801
9123 4 2 2 31 485 1774 513 2057
9124 4 2 2 31 412 411 413 1940
9125 4 2 2 31 777 760 1752 1985
9126 4 2 2 31 1278 1404 1725 2015
9127 4 2 2 31 462 425 510 1990
9128 4 2 2 31 1524 1522 1523 1992
9129 4 2 2 31 1136 1168 1134 1874
9130 4 2 2 31 1461 840 1432 1891
9131 4 2 2 31 726 763 191 888
9132 4 2 2 31 88 1767 10 2004
9133 4 2 2 31 1356 1322 1208 1936
9134 4 2 2 31 741 739 754 1795
9135 4 2 2 31 1524 323 1369 1992
9136 4 2 2 31 324 1528 1467 1085
9137 4 2 2 31 724 743 742 1818
9138 4 2 2 31 981 925 881 1833
9139 4 2 2 31 371 462 370 1754
9140 4 2 2 31 213 1289 786 2027
9141 4 2 2 31 28 417 527 1866
9142 4 2 2 31 446 519 352 1802
9143 4 2 2 31 1486 1492 332 1091
9144 4 2 2 31 180 953 873 748
9145 4 2 2 31 1276 1235 1279 1938
9146 4 2 2 31 1748 1634 2051 2060
9147 4 2 2 31 1341 1821 1820 1944
9148 4 2 2 31 1469 1503 1391 312
9149 4 2 2 31 941 995 993 1946
9150 4 2 2 31 1337 1752 1395 2082
9151 4 2 2 31 466 469 526 1817
9152 4 2 2 31 1510 274 867 959
9153 4 2 2 31 1390 1452 1214 1737
9154 4 2 2 31 1634 1917 1724 2060
9155 4 2 2 31 733 798 1433 1868
9156 4 2 2 31 1368 1400 1168 2052
9157 4 2 2 31 408 429 1766 2048
9158 4 2 2 31 1452 1246 1383 1842
9159 4 2 2 31 911 1858 912 1955
9160 4 2 2 31 1276 1109 1743 2079
9161 4 2 2 31 1466 1518 1543 1703
9162 4 2 2 31 433 470 400 2032
9163 4 2 2 31 1135 1137 1136 1837
9164 4 2 2 31 1540 1470 1490 1743
9165 4 2 2 31 930 1002 889 2013
9166 4 2 2 31 1116 1464 1590 1757
9167 4 2 2 31 1579 1849 1580 2075
9168 4 2 2 31 1134 1442 1132 2078
9169 4 2 2 31 931 1964 861 2013
9170 4 2 2 31 1521 1522 1525 1879
9171 4 2 2 31 1264 1183 1211 1890
9172 4 2 2 31 827 1967 823 2070
9173 4 2 2 31 1292 775 731 216
9174 4 2 2 31 1711 1956 1621 1980
9175 4 2 2 31 108 473 516 1785
9176 4 2 2 31 415 510 476 1939
9177 4 2 2 31 1529 1467 1528 1855
9178 4 2 2 31 1190 1340 1758 1962
9179 4 2 2 31 1683 1821 1820 1962
9180 4 2 2 31 911 912 998 1955
9181 4 2 2 31 1108 1387 1396 1730
9182 4 2 2 31 303 1426 1050 1094
9183 4 2 2 31 1138 1136 1137 1837
9184 4 2 2 31 386 384 385 1916
9185 4 2 2 31 1967 2026 1651 2072
9186 4 2 2 31 373 375 374 1904
9187 4 2 2 31 396 394 397 2074
9188 4 2 2 31 1630 1843 1713 2001
9189 4 2 2 31 1415 1199 1416 1780
9190 4 2 2 31 989 987 854 1921
9191 4 2 2 31 41 944 1853 1973
9192 4 2 2 31 1593 1585 1103 1919
9193 4 2 2 31 1178 1112 1558 341
9194 4 2 2 31 806 950 251 909
9195 4 2 2 31 1602 1907 1718 2012
9196 4 2 2 31 1125 1392 1185 1843
9197 4 2 2 31 1349 1847 1364 2052
9198 4 2 2 31 1050 1235 1038 1938
9199 4 2 2 31 486 358 456 1782
9200 4 2 2 31 1324 1184 1456 2075
9201 4 2 2 31 1447 1739 1347 2008
9202 4 2 2 31 1182 826 239 804
9203 4 2 2 31 1520 1529 1531 1839
9204 4 2 2 31 1308 320 1527 1927
9205 4 2 2 31 1531 1529 1523 1839
9206 4 2 2 31 1524 1369 322 1468
9207 4 2 2 31 1149 1150 1151 1798
9208 4 2 2 31 1642 1862 1751 1957
9209 4 2 2 31 1252 1907 1698 2045
9210 4 2 2 31 268 936 1471 872
9211 4 2 2 31 749 717 747 1699
9212 4 2 2 31 1554 114 1584 518
9213 4 2 2 31 1256 1254 1436 2050
9214 4 2 2 31 1654 1835 1749 2082
9215 4 2 2 31 998 931 1955 1964
9216 4 2 2 31 1253 1437 1282 1815
9217 4 2 2 31 392 391 409 1792
9218 4 2 2 31 805 829 825 1788
9219 4 2 2 31 1145 1344 1345 1822
9220 4 2 2 31 755 1756 714 1983
9221 4 2 2 31 1039 1434 1234 1836
9222 4 2 2 31 1224 1225 1226 1712
9223 4 2 2 31 1501 290 934 1475
9224 4 2 2 31 1209 1828 1886 2015
9225 4 2 2 31 524 1881 47 1896
9226 4 2 2 31 437 423 385 1922
9227 4 2 2 31 325 1467 1532 1334
9228 4 2 2 31 1662 1770 1911 2039
9229 4 2 2 31 1499 1498 1471 1957
9230 4 2 2 31 1300 1204 1206 1781
9231 4 2 2 31 1085 324 1528 1339
9232 4 2 2 31 1154 1356 1360 1762
9233 4 2 2 31 81 1024 80 1825
9234 4 2 2 31 200 724 754 935
9235 4 2 2 31 1189 1190 1188 1758
9236 4 2 2 31 1676 1895 1892 1986
9237 4 2 2 31 925 288 1537 1495
9238 4 2 2 31 987 854 1921 2006
9239 4 2 2 31 228 1384 1319 794
9240 4 2 2 31 1605 1677 1972 1978
9241 4 2 2 31 1569 495 1589 1915
9242 4 2 2 31 429 482 355 1809
9243 4 2 2 31 1397 1272 1159 1746
9244 4 2 2 31 1263 1232 1273 1889
9245 4 2 2 31 518 498 372 1776
9246 4 2 2 31 1104 1295 1289 2027
9247 4 2 2 31 433 399 436 1845
9248 4 2 2 31 51 368 1 2061
9249 4 2 2 31 1289 1295 1290 1721
9250 4 2 2 31 34 449 35 1956
9251 4 2 2 31 377 474 517 1954
9252 4 2 2 31 939 95 1877 2040
9253 4 2 2 31 1735 1911 1635 2062
9254 4 2 2 31 1419 1341 1820 1944
9255 4 2 2 31 764 763 726 1859
9256 4 2 2 31 1642 2012 1718 2045
9257 4 2 2 31 97 456 358 1782
9258 4 2 2 31 198 788 743 920
9259 4 2 2 31 859 1877 95 2040
9260 4 2 2 31 818 250 960 809
9261 4 2 2 31 769 219 716 1923
9262 4 2 2 31 1241 1239 1443 1700
9263 4 2 2 31 1461 810 840 1891
9264 4 2 2 31 1550 836 1541 1891
9265 4 2 2 31 938 849 976 2024
9266 4 2 2 31 1187 1357 1170 1857
9267 4 2 2 31 1200 1224 1416 2030
9268 4 2 2 31 1200 1222 1223 1765
9269 4 2 2 31 1369 323 1339 1992
9270 4 2 2 31 1155 1402 1331 1913
9271 4 2 2 31 1202 1232 1736 2042
9272 4 2 2 31 1250 1740 1296 2073
9273 4 2 2 31 1223 1225 1224 1928
9274 4 2 2 31 1385 1354 1260 1885
9275 4 2 2 31 1421 1099 1346 1897
9276 4 2 2 31 1642 1862 1957 2004
9277 4 2 2 31 99 455 1770 2049
9278 4 2 2 31 1050 303 1094 1032
9279 4 2 2 31 50 1852 442 2061
9280 4 2 2 31 1277 1258 1278 2023
9281 4 2 2 31 1170 1357 1320 1857
9282 4 2 2 31 420 1706 1934 2002
9283 4 2 2 31 360 509 1797 2032
9284 4 2 2 31 1611 1802 1918 1952
9285 4 2 2 31 1251 1339 1438 1992
9286 4 2 2 31 763 762 192 933
9287 4 2 2 31 838 1433 798 1868
9288 4 2 2 31 396 1728 2062 2074
9289 4 2 2 31 1376 1982 1850 2018
9290 4 2 2 31 1258 1229 1228 2079
9291 4 2 2 31 1350 1212 1165 1783
9292 4 2 2 31 755 793 714 1756
9293 4 2 2 31 1088 322 1369 1468
9294 4 2 2 31 197 727 788 882
9295 4 2 2 31 196 727 882 919
9296 4 2 2 31 905 1901 904 1972
9297 4 2 2 31 1557 1180 1458 1869
9298 4 2 2 31 915 972 966 1926
9299 4 2 2 31 225 777 1337 1985
9300 4 2 2 31 752 212 1104 728
9301 4 2 2 31 1208 1166 1176 1745
9302 4 2 2 31 1749 1811 1686 1989
9303 4 2 2 31 1556 1580 1579 1849
9304 4 2 2 31 213 786 752 2027
9305 4 2 2 31 103 104 938 2024
9306 4 2 2 31 1575 1560 116 479
9307 4 2 2 31 1494 1475 1493 2064
9308 4 2 2 31 826 1878 802 2070
9309 4 2 2 31 444 1953 514 2011
9310 4 2 2 31 1261 1378 1262 1834
9311 4 2 2 31 488 93 1790 2053
9312 4 2 2 31 1564 1562 1784 2007
9313 4 2 2 31 826 823 1878 2070
9314 4 2 2 31 1470 1743 1109 2023
9315 4 2 2 31 39 360 509 1797
9316 4 2 2 31 1459 1456 1184 1849
9317 4 2 2 31 1825 1863 1651 2070
9318 4 2 2 31 824 817 815 1815
9319 4 2 2 31 1361 1147 1359 1991
9320 4 2 2 31 1398 1117 1116 1757
9321 4 2 2 31 750 182 1008 783
9322 4 2 2 31 1344 1873 1197 2051
9323 4 2 2 31 418 414 421 1910
9324 4 2 2 31 350 1594 432 2076
9325 4 2 2 31 1455 1253 1779 2028
9326 4 2 2 31 406 408 1772 2048
9327 4 2 2 31 1417 1100 1267 1751
9328 4 2 2 31 1370 1453 1544 1951
9329 4 2 2 31 989 1921 854 2006
9330 4 2 2 31 916 1026 895 1895
9331 4 2 2 31 1550 840 836 1891
9332 4 2 2 31 1144 1147 1361 1999
9333 4 2 2 31 1400 1368 1316 1714
9334 4 2 2 31 50 442 51 2061
9335 4 2 2 31 832 825 829 1949
9336 4 2 2 31 1190 1340 1188 1758
9337 4 2 2 31 345 1243 1180 1557
9338 4 2 2 31 752 1763 1104 2027
9339 4 2 2 31 1353 1378 1261 2025
9340 4 2 2 31 1722 1964 1655 1969
9341 4 2 2 31 1401 1290 1721 2069
9342 4 2 2 31 982 852 1875 1966
9343 4 2 2 31 356 450 1807 1979
9344 4 2 2 31 1268 1247 1886 1951
9345 4 2 2 31 408 429 463 1766
9346 4 2 2 31 420 503 521 1934
9347 4 2 2 31 475 403 405 1975
9348 4 2 2 31 1050 1038 1235 304
9349 4 2 2 31 1198 1748 1199 2051
9350 4 2 2 31 1777 1953 1607 2063
9351 4 2 2 31 928 884 991 1799
9352 4 2 2 31 1240 1299 1382 1887
9353 4 2 2 31 1349 1160 1364 1847
9354 4 2 2 31 243 1282 824 1113
9355 4 2 2 31 1304 1930 1534 2056
9356 4 2 2 31 810 1461 813 2044
9357 4 2 2 31 1167 1332 1826 2046
9358 4 2 2 31 1422 211 1106 756
9359 4 2 2 31 492 13 432 350
9360 4 2 2 31 1480 1508 1011 272
9361 4 2 2 31 379 508 425 1979
9362 4 2 2 31 1273 1232 1275 2042
9363 4 2 2 31 1607 1910 1729 1953
9364 4 2 2 31 1592 1096 1565 1784
9365 4 2 2 31 1360 1762 1981 2036
9366 4 2 2 31 1301 1412 1300 1841
9367 4 2 2 31 1789 1793 1606 2043
9368 4 2 2 31 420 528 11 2002
9369 4 2 2 31 412 413 444 1729
9370 4 2 2 31 1351 1174 1183 1791
9371 4 2 2 31 1571 1557 1588 1846
9372 4 2 2 31 1055 9 108 1027
9373 4 2 2 31 460 439 1726 2035
9374 4 2 2 31 1204 1173 1984 2073
9375 4 2 2 31 1970 2017 1746 2039
9376 4 2 2 31 1048 1049 1075 2063
9377 4 2 2 31 873 179 748 1888
9378 4 2 2 31 318 1472 1092 2056
9379 4 2 2 31 880 1818 980 1966
9380 4 2 2 31 732 737 738 1932
9381 4 2 2 31 464 483 377 1954
9382 4 2 2 31 1523 1528 1524 1992
9383 4 2 2 31 826 1182 238 802
9384 4 2 2 31 765 764 726 1859
9385 4 2 2 31 1556 1459 343 1580
9386 4 2 2 31 110 1972 1706 2002
9387 4 2 2 31 351 1057 75 1029
9388 4 2 2 31 1404 1091 1278 1725
9389 4 2 2 31 431 496 1591 1883
9390 4 2 2 31 1266 1197 1344 1873
9391 4 2 2 31 1252 1445 1430 1907
9392 4 2 2 31 1269 1272 1226 1970
9393 4 2 2 31 514 444 419 1953
9394 4 2 2 31 1181 1779 1919 2028
9395 4 2 2 31 1559 1464 1089 1757
9396 4 2 2 31 810 1891 1461 2044
9397 4 2 2 31 1257 1364 1255 1865
9398 4 2 2 31 1303 1787 1294 2071
9399 4 2 2 31 1443 1252 1441 1907
9400 4 2 2 31 1316 1257 1346 2031
9401 4 2 2 31 109 503 1706 2076
9402 4 2 2 31 1638 1710 1968 2066
9403 4 2 2 31 373 466 375 1904
9404 4 2 2 31 503 1934 1706 2076
9405 4 2 2 31 1194 1413 1192 2067
9406 4 2 2 31 901 1010 1862 2004
9407 4 2 2 31 1543 1537 1502 1833
9408 4 2 2 31 1565 1784 1096 1856
9409 4 2 2 31 98 97 358 2049
9410 4 2 2 31 1585 1869 1458 2028
9411 4 2 2 31 1236 1336 1337 1985
9412 4 2 2 31 1345 1135 1145 1822
9413 4 2 2 31 348 349 1567 2016
9414 4 2 2 31 1430 1445 1105 1718
9415 4 2 2 31 1485 1432 1550 1891
9416 4 2 2 31 1534 1512 1513 1930
9417 4 2 2 31 1341 1821 1340 1962
9418 4 2 2 31 981 979 925 1833
9419 4 2 2 31 1140 1960 1142 1994
9420 4 2 2 31 1540 1435 1381 1860
9421 4 2 2 31 850 36 940 1769
9422 4 2 2 31 950 250 960 818
9423 4 2 2 31 1411 1348 1271 2038
9424 4 2 2 31 1611 1952 1783 2034
9425 4 2 2 31 1290 2014 1721 2069
9426 4 2 2 31 1492 332 1091 1277
9427 4 2 2 31 301 1393 1060 1301
9428 4 2 2 31 866 901 958 1902
9429 4 2 2 31 1245 1268 1247 1886
9430 4 2 2 31 1146 1144 1143 1812
9431 4 2 2 31 994 885 932 1839
9432 4 2 2 31 825 817 805 1788
9433 4 2 2 31 1305 1376 1931 1982
9434 4 2 2 31 971 847 1819 2043
9435 4 2 2 31 1478 1522 1521 1879
9436 4 2 2 31 1321 240 1244 1949
9437 4 2 2 31 351 75 1057 464
9438 4 2 2 31 260 1013 837 961
9439 4 2 2 31 302 1393 1032 1060
9440 4 2 2 31 1544 1453 1466 1951
9441 4 2 2 31 84 85 985 1909
9442 4 2 2 31 1059 1068 1066 1793
9443 4 2 2 31 1252 1698 1460 2045
9444 4 2 2 31 1233 834 235 1948
9445 4 2 2 31 485 513 354 2057
9446 4 2 2 31 724 199 743 880
9447 4 2 2 31 1358 1814 1444 1935
9448 4 2 2 31 1492 1493 1491 2023
9449 4 2 2 31 1317 1172 1831 2071
9450 4 2 2 31 1546 1527 320 1927
9451 4 2 2 31 96 857 939 1761
9452 4 2 2 31 1243 1410 1423 1846
9453 4 2 2 31 334 1109 1470 1381
9454 4 2 2 31 1440 1556 1111 342
9455 4 2 2 31 752 751 1763 2027
9456 4 2 2 31 390 392 393 1844
9457 4 2 2 31 865 1024 950 2009
9458 4 2 2 31 972 1926 915 2033
9459 4 2 2 31 1870 1912 1643 2081
9460 4 2 2 31 1027 1058 1021 1796
9461 4 2 2 31 1558 1573 1572 1848
9462 4 2 2 31 485 354 1774 2057
9463 4 2 2 31 1253 1113 1280 1815
9464 4 2 2 31 1006 861 931 1964
9465 4 2 2 31 1571 1588 1581 1846
9466 4 2 2 31 1048 1076 1047 2063
9467 4 2 2 31 1030 465 73 1056
9468 4 2 2 31 756 1422 211 728
9469 4 2 2 31 1337 1236 1985 2082
9470 4 2 2 31 1100 1503 1496 311
9471 4 2 2 31 1067 1058 1065 1796
9472 4 2 2 31 1472 1538 1546 2056
9473 4 2 2 31 834 803 235 1948
9474 4 2 2 31 980 1966 1818 2065
9475 4 2 2 31 777 760 757 1752
9476 4 2 2 31 1214 1213 1212 2019
9477 4 2 2 31 973 1011 900 1806
9478 4 2 2 31 1122 1123 1121 1884
9479 4 2 2 31 898 88 10 2004
9480 4 2 2 31 727 196 784 919
9481 4 2 2 31 1604 1963 1721 2020
9482 4 2 2 31 879 979 976 2005
9483 4 2 2 31 179 873 917 1888
9484 4 2 2 31 1605 1972 1759 2002
9485 4 2 2 31 356 1807 457 1969
9486 4 2 2 31 370 530 113 1555
9487 4 2 2 31 1606 1793 1694 2043
9488 4 2 2 31 733 1433 1379 1868
9489 4 2 2 31 895 1892 7 1895
9490 4 2 2 31 971 967 847 2043
9491 4 2 2 31 1004 47 862 1896
9492 4 2 2 31 965 1011 1480 1806
9493 4 2 2 31 1235 1860 1038 1938
9494 4 2 2 31 834 1233 1868 1948
9495 4 2 2 31 274 1510 1474 959
9496 4 2 2 31 807 83 82 254
9497 4 2 2 31 1372 1196 1861 1917
9498 4 2 2 31 1380 1434 790 1836
9499 4 2 2 31 1391 1503 1100 311
9500 4 2 2 31 1813 452 1925 2062
9501 4 2 2 31 240 829 1244 1949
9502 4 2 2 31 1389 1239 1096 1784
9503 4 2 2 31 1349 1136 1138 2003
9504 4 2 2 31 1059 1028 1020 1793
9505 4 2 2 31 530 415 112 1586
9506 4 2 2 31 1368 1349 1364 2052
9507 4 2 2 31 1595 1555 1586 1939
9508 4 2 2 31 1038 1235 1435 1860
9509 4 2 2 31 1837 1641 2003 2052
9510 4 2 2 31 3 369 7 1998
9511 4 2 2 31 1362 1438 1339 1855
9512 4 2 2 31 842 1891 810 2044
9513 4 2 2 31 1399 1432 1485 1891
9514 4 2 2 31 1437 1408 1371 1788
9515 4 2 2 31 1082 1385 1297 1899
9516 4 2 2 31 1150 1148 1165 2034
9517 4 2 2 31 1165 1175 1166 2034
9518 4 2 2 31 1232 1178 1202 1736
9519 4 2 2 31 1875 1966 852 2065
9520 4 2 2 31 1094 302 1393 1032
9521 4 2 2 31 228 1384 794 714
9522 4 2 2 31 1172 1427 1317 1831
9523 4 2 2 31 1466 1453 329 1086
9524 4 2 2 31 1059 1020 875 1793
9525 4 2 2 31 908 907 1022 1804
9526 4 2 2 31 1058 876 1021 1796
9527 4 2 2 31 340 1112 1558 1386
9528 4 2 2 31 767 785 768 1840
9529 4 2 2 31 431 1591 350 1883
9530 4 2 2 31 502 48 359 1942
9531 4 2 2 31 43 858 941 1946
9532 4 2 2 31 1155 1330 1272 2068
9533 4 2 2 31 1278 1959 1248 2015
9534 4 2 2 31 1560 1575 1574 1661
9535 4 2 2 31 1234 1353 1352 1947
9536 4 2 2 31 1583 2026 427 2072
9537 4 2 2 31 1140 1343 1160 1994
9538 4 2 2 31 1147 1144 1146 1812
9539 4 2 2 31 81 909 1024 1825
9540 4 2 2 31 1299 1387 1298 1887
9541 4 2 2 31 431 13 492 350
9542 4 2 2 31 457 450 493 1807
9543 4 2 2 31 911 1481 1858 1955
9544 4 2 2 31 1181 1919 1103 2028
9545 4 2 2 31 952 750 1008 1816
9546 4 2 2 31 1085 1362 1339 1855
9547 4 2 2 31 1753 1659 1982 2056
9548 4 2 2 31 1022 868 951 1903
9549 4 2 2 31 1209 1248 1828 2015
9550 4 2 2 31 1585 1103 1919 2028
9551 4 2 2 31 1644 1936 1762 1981
9552 4 2 2 31 99 98 455 2049
9553 4 2 2 31 370 462 510 1939
9554 4 2 2 31 1233 1433 834 1868
9555 4 2 2 31 1557 1458 1585 1869
9556 4 2 2 31 318 1534 1472 2056
9557 4 2 2 31 1569 428 495 1915
9558 4 2 2 31 813 1815 815 2044
9559 4 2 2 31 1579 1581 1583 2026
9560 4 2 2 31 775 774 730 2014
9561 4 2 2 31 1266 1873 1465 2046
9562 4 2 2 31 492 481 431 1883
9563 4 2 2 31 1604 1843 1848 2020
9564 4 2 2 31 1197 1198 1199 2051
9565 4 2 2 31 1604 1848 1736 2020
9566 4 2 2 31 99 455 363 1770
9567 4 2 2 31 388 386 461 1775
9568 4 2 2 31 1388 1243 1571 1846
9569 4 2 2 31 1111 1556 1459 343
9570 4 2 2 31 1457 1122 1089 1884
9571 4 2 2 31 1117 1089 1464 1757
9572 4 2 2 31 1258 1228 1451 1959
9573 4 2 2 31 1028 5 32 1054
9574 4 2 2 31 1256 1421 1257 1865
9575 4 2 2 31 1444 1358 1409 1814
9576 4 2 2 31 1300 1250 1204 2073
9577 4 2 2 31 1164 1177 1355 2037
9578 4 2 2 31 1794 1991 1619 1999
9579 4 2 2 31 754 724 741 1795
9580 4 2 2 31 1313 1312 1303 1923
9581 4 2 2 31 365 449 34 1980
9582 4 2 2 31 1498 1500 1503 1957
9583 4 2 2 31 437 447 359 1881
9584 4 2 2 31 521 1934 503 2076
9585 4 2 2 31 1296 1250 1297 1740
9586 4 2 2 31 998 931 891 1955
9587 4 2 2 31 813 1113 1815 2044
9588 4 2 2 31 1455 1253 1181 1779
9589 4 2 2 31 994 857 947 2055
9590 4 2 2 31 1407 1273 1106 1805
9591 4 2 2 31 886 995 933 1824
9592 4 2 2 31 881 986 981 2000
9593 4 2 2 31 7 471 78 1895
9594 4 2 2 31 772 722 773 1800
9595 4 2 2 31 1014 1793 955 2043
9596 4 2 2 31 1453 1370 1544 330
9597 4 2 2 31 1470 333 1492 2023
9598 4 2 2 31 1335 1383 1842 2021
9599 4 2 2 31 1017 843 11 2002
9600 4 2 2 31 406 405 404 1975
9601 4 2 2 31 1036 308 1078 1542
9602 4 2 2 31 1307 1373 1306 1927
9603 4 2 2 31 1305 1377 1930 1931
9604 4 2 2 31 1340 1962 1821 2029
9605 4 2 2 31 440 353 488 2053
9606 4 2 2 31 74 465 1029 1056
9607 4 2 2 31 1237 1981 1710 2036
9608 4 2 2 31 105 1829 106 2022
9609 4 2 2 31 1340 1821 1117 2029
9610 4 2 2 31 1185 1843 1392 2069
9611 4 2 2 31 1122 1121 1089 1884
9612 4 2 2 31 1184 1580 1849 2075
9613 4 2 2 31 1790 1987 1650 2053
9614 4 2 2 31 1222 1251 1223 1765
9615 4 2 2 31 505 351 465 1777
9616 4 2 2 31 505 500 419 1953
9617 4 2 2 31 1737 1390 1970 2017
9618 4 2 2 31 1409 1814 1172 2071
9619 4 2 2 31 501 383 384 1900
9620 4 2 2 31 3 845 969 1892
9621 4 2 2 31 1642 1680 1957 2012
9622 4 2 2 31 1203 1205 1204 1984
9623 4 2 2 31 1614 1734 1977 2050
9624 4 2 2 31 951 913 999 1800
9625 4 2 2 31 1157 1156 1153 1880
9626 4 2 2 31 1204 1984 1781 2073
9627 4 2 2 31 877 2033 1501 2064
9628 4 2 2 31 356 508 450 1979
9629 4 2 2 31 1549 1078 308 1542
9630 4 2 2 31 1342 1821 1341 1944
9631 4 2 2 31 818 819 809 2009
9632 4 2 2 31 1290 1295 1401 1721
9633 4 2 2 31 1618 1966 1875 2065
9634 4 2 2 31 1252 1445 1907 2045
9635 4 2 2 31 177 1012 795 789
9636 4 2 2 31 1326 1153 1154 2054
9637 4 2 2 31 84 487 531 2047
9638 4 2 2 31 1113 1281 1280 2044
9639 4 2 2 31 1103 1181 1114 1919
9640 4 2 2 31 460 439 389 1726
9641 4 2 2 31 387 384 386 1916
9642 4 2 2 31 1154 1151 1322 2054
9643 4 2 2 31 939 996 1000 2040
9644 4 2 2 31 489 452 416 1813
9645 4 2 2 31 808 830 825 1909
9646 4 2 2 31 1324 1323 1182 1878
9647 4 2 2 31 1189 1120 1230 2018
9648 4 2 2 31 1088 1428 1309 1744
9649 4 2 2 31 1457 1089 1117 1757
9650 4 2 2 31 821 827 823 2070
9651 4 2 2 31 902 865 962 1941
9652 4 2 2 31 1276 1258 1109 2079
9653 4 2 2 31 451 520 430 1876
9654 4 2 2 31 1152 1151 1153 2054
9655 4 2 2 31 843 1972 110 2002
9656 4 2 2 31 1349 2003 1847 2052
9657 4 2 2 31 1462 1115 27 348
9658 4 2 2 31 489 452 1813 2062
9659 4 2 2 31 1406 1763 1275 2042
9660 4 2 2 31 1289 1290 1097 2014
9661 4 2 2 31 1818 1966 1618 2065
9662 4 2 2 31 1173 1250 1296 2073
9663 4 2 2 31 824 815 813 1815
9664 4 2 2 31 1185 1392 1401 2069
9665 4 2 2 31 1269 1452 1390 1970
9666 4 2 2 31 1217 1180 1408 1869
9667 4 2 2 31 489 1813 1911 2062
9668 4 2 2 31 1247 1886 1951 2015
9669 4 2 2 31 1648 1954 1789 2077
9670 4 2 2 31 1117 1464 1116 1757
9671 4 2 2 31 1603 1963 1736 2042
9672 4 2 2 31 1594 350 1563 2076
9673 4 2 2 31 830 816 817 1909
9674 4 2 2 31 806 821 820 1825
9675 4 2 2 31 1754 1939 1628 1990
9676 4 2 2 31 371 370 362 1754
9677 4 2 2 31 391 497 409 1792
9678 4 2 2 31 1586 112 530 1555
9679 4 2 2 31 1126 1124 1127 2001
9680 4 2 2 31 1261 1262 1187 1834
9681 4 2 2 31 1199 1780 1415 2051
9682 4 2 2 31 504 472 445 1908
9683 4 2 2 31 853 101 948 1838
9684 4 2 2 31 1303 1302 1294 1787
9685 4 2 2 31 1410 1243 1388 1846
9686 4 2 2 31 1393 1301 1242 1841
9687 4 2 2 31 1045 1079 1031 1954
9688 4 2 2 31 1184 1388 1580 2075
9689 4 2 2 31 1001 922 921 1840
9690 4 2 2 31 869 1008 182 783
9691 4 2 2 31 1610 1737 1970 2039
9692 4 2 2 31 433 400 399 1845
9693 4 2 2 31 1660 1951 1886 2015
9694 4 2 2 31 1423 1244 1408 1949
9695 4 2 2 31 1736 1889 1603 2042
9696 4 2 2 31 121 495 426 1589
9697 4 2 2 31 980 880 977 1818
9698 4 2 2 31 1399 1496 1485 310
9699 4 2 2 31 1265 1384 1414 1756
9700 4 2 2 31 3 7 1892 1998
9701 4 2 2 31 1006 91 92 1969
9702 4 2 2 31 1473 1518 328 1950
9703 4 2 2 31 1419 1341 1231 1820
9704 4 2 2 31 1335 1383 1246 1842
9705 4 2 2 31 1116 337 1096 1856
9706 4 2 2 31 517 1031 77 377
9707 4 2 2 31 454 409 497 1965
9708 4 2 2 31 105 106 946 2022
9709 4 2 2 31 1179 1215 1177 1808
9710 4 2 2 31 1086 328 1518 1950
9711 4 2 2 31 1290 1291 1097 2014
9712 4 2 2 31 893 1019 293 1549
9713 4 2 2 31 84 985 256 808
9714 4 2 2 31 498 442 469 1914
9715 4 2 2 31 1209 1886 1247 2015
9716 4 2 2 31 747 746 729 1929
9717 4 2 2 31 916 902 873 1888
9718 4 2 2 31 993 928 991 1799
9719 4 2 2 31 1654 1985 1739 2082
9720 4 2 2 31 927 859 1000 2040
9721 4 2 2 31 1018 203 797 894
9722 4 2 2 31 1205 1984 1203 2036
9723 4 2 2 31 1231 1962 1190 2067
9724 4 2 2 31 362 1584 114 518
9725 4 2 2 31 848 1926 972 2022
9726 4 2 2 31 109 480 503 2076
9727 4 2 2 31 33 365 34 2077
9728 4 2 2 31 728 752 751 1763
9729 4 2 2 31 1752 1985 1654 2082
9730 4 2 2 31 1045 1031 1072 1954
9731 4 2 2 31 950 960 962 2009
9732 4 2 2 31 100 853 945 1924
9733 4 2 2 31 1087 1395 1337 1752
9734 4 2 2 31 1166 1322 1150 2034
9735 4 2 2 31 1587 1584 1555 1754
9736 4 2 2 31 467 367 425 1778
9737 4 2 2 31 1735 2062 1728 2074
9738 4 2 2 31 1338 1436 1087 2050
9739 4 2 2 31 525 489 416 1813
9740 4 2 2 31 51 1023 978 1709
9741 4 2 2 31 840 1550 1432 1891
9742 4 2 2 31 1103 1585 1458 2028
9743 4 2 2 31 440 493 501 1900
9744 4 2 2 31 1321 804 240 1949
9745 4 2 2 31 813 810 244 1461
9746 4 2 2 31 410 504 445 1908
9747 4 2 2 31 996 994 932 1839
9748 4 2 2 31 865 950 962 2009
9749 4 2 2 31 796 233 1434 790
9750 4 2 2 31 335 1540 1548 1435
9751 4 2 2 31 515 395 435 1735
9752 4 2 2 31 1473 328 1375 1950
9753 4 2 2 31 502 448 526 1942
9754 4 2 2 31 1667 1963 1763 2027
9755 4 2 2 31 830 256 985 808
9756 4 2 2 31 934 289 879 2005
9757 4 2 2 31 1008 970 897 1816
9758 4 2 2 31 1589 121 495 1569
9759 4 2 2 31 974 976 849 1764
9760 4 2 2 31 29 969 906 1810
9761 4 2 2 31 521 1594 1934 2076
9762 4 2 2 31 1406 1104 1275 1763
9763 4 2 2 31 911 891 276 1955
9764 4 2 2 31 1134 1132 1133 1933
9765 4 2 2 31 1095 1403 1439 1801
9766 4 2 2 31 1117 1341 1342 1821
9767 4 2 2 31 41 856 944 1973
9768 4 2 2 31 1318 1831 1427 2078
9769 4 2 2 31 1011 1508 870 272
9770 4 2 2 31 1642 1957 1680 2004
9771 4 2 2 31 1001 888 997 1859
9772 4 2 2 31 1184 1324 1388 2075
9773 4 2 2 31 1623 1945 1735 2074
9774 4 2 2 31 1184 1388 344 1580
9775 4 2 2 31 1106 1283 1407 1929
9776 4 2 2 31 79 902 78 1941
9777 4 2 2 31 1284 1407 1283 1929
9778 4 2 2 31 1021 264 1058 1027
9779 4 2 2 31 43 453 454 1965
9780 4 2 2 31 773 722 774 1800
9781 4 2 2 31 1383 1270 1214 2019
9782 4 2 2 31 490 2026 81 2072
9783 4 2 2 31 1593 347 1114 1103
9784 4 2 2 31 41 944 40 1853
9785 4 2 2 31 978 951 864 1870
9786 4 2 2 31 490 119 424 2026
9787 4 2 2 31 406 407 408 2048
9788 4 2 2 31 1400 1442 1168 1874
9789 4 2 2 31 1125 1123 1124 2001
9790 4 2 2 31 449 355 35 1956
9791 4 2 2 31 531 495 85 1915
9792 4 2 2 31 1362 1085 1335 1854
9793 4 2 2 31 1566 1590 1559 1757
9794 4 2 2 31 1343 1140 1142 1994
9795 4 2 2 31 1394 1242 1227 2010
9796 4 2 2 31 1411 1271 1086 1950
9797 4 2 2 31 487 83 529 2058
9798 4 2 2 31 388 390 389 1961
9799 4 2 2 31 234 1433 838 834
9800 4 2 2 31 839 1012 249 809
9801 4 2 2 31 969 970 906 1810
9802 4 2 2 31 837 833 260 961
9803 4 2 2 31 920 880 980 1966
9804 4 2 2 31 1508 1474 870 273
9805 4 2 2 31 1021 108 9 1027
9806 4 2 2 31 1193 1191 1374 1850
9807 4 2 2 31 487 2047 84 2058
9808 4 2 2 31 923 1003 924 1773
9809 4 2 2 31 271 965 1533 968
9810 4 2 2 31 420 11 110 2002
9811 4 2 2 31 852 1966 980 2065
9812 4 2 2 31 1216 1236 1220 2082
9813 4 2 2 31 1086 1375 328 1950
9814 4 2 2 31 1657 2007 1700 2016
9815 4 2 2 31 798 1433 207 733
9816 4 2 2 31 1367 1221 1365 1811
9817 4 2 2 31 1303 1317 1313 2071
9818 4 2 2 31 1000 887 926 1879
9819 4 2 2 31 401 416 452 1925
9820 4 2 2 31 1562 2007 349 2016
9821 4 2 2 31 1539 1552 1488 1731
9822 4 2 2 31 1028 1059 1020 263
9823 4 2 2 31 1109 333 1470 2023
9824 4 2 2 31 1305 1930 1304 2056
9825 4 2 2 31 490 427 2026 2072
9826 4 2 2 31 523 1980 365 2077
9827 4 2 2 31 1035 1049 1048 2063
9828 4 2 2 31 393 460 390 1844
9829 4 2 2 31 1012 177 871 789
9830 4 2 2 31 517 77 1031 1054
9831 4 2 2 31 829 240 804 1949
9832 4 2 2 31 1013 267 1547 872
9833 4 2 2 31 777 766 760 1985
9834 4 2 2 31 450 457 356 1807
9835 4 2 2 31 1204 1173 1203 1984
9836 4 2 2 31 114 1554 441 518
9837 4 2 2 31 329 1518 1466 1086
9838 4 2 2 31 1453 1544 1466 330
9839 4 2 2 31 1409 1303 1294 2071
9840 4 2 2 31 253 82 807 1967
9841 4 2 2 31 1360 1981 1237 2036
9842 4 2 2 31 1399 1100 1496 310
9843 4 2 2 31 1737 2017 1970 2039
9844 4 2 2 31 807 827 253 1967
9845 4 2 2 31 720 778 766 1985
9846 4 2 2 31 430 429 407 2048
9847 4 2 2 31 868 1022 963 1903
9848 4 2 2 31 1316 1314 1315 2031
9849 4 2 2 31 1350 1146 1159 2017
9850 4 2 2 31 1412 1446 1082 1899
9851 4 2 2 31 1291 1293 1292 1830
9852 4 2 2 31 1571 1580 1388 2075
9853 4 2 2 31 1481 911 276 1955
9854 4 2 2 31 462 371 374 1990
9855 4 2 2 31 521 432 1594 2076
9856 4 2 2 31 1595 1564 1566 1856
9857 4 2 2 31 424 1553 120 2047
9858 4 2 2 31 755 742 743 1983
9859 4 2 2 31 926 927 1000 1879
9860 4 2 2 31 1195 1372 1198 1917
9861 4 2 2 31 1564 1563 1562 2007
9862 4 2 2 31 786 781 753 2027
9863 4 2 2 31 1386 1431 1112 1848
9864 4 2 2 31 1440 1582 1556 342
9865 4 2 2 31 1264 1420 1463 1890
9866 4 2 2 31 1422 1275 1104 1763
9867 4 2 2 31 1231 1341 1340 1962
9868 4 2 2 31 1248 1327 1209 1828
9869 4 2 2 31 104 105 849 2024
9870 4 2 2 31 1389 1443 1239 1700
9871 4 2 2 31 939 859 95 2040
9872 4 2 2 31 1390 1212 1350 2017
9873 4 2 2 31 997 933 995 1824
9874 4 2 2 31 827 984 253 1967
9875 4 2 2 31 1721 1963 1667 2027
9876 4 2 2 31 426 1589 1915 2047
9877 4 2 2 31 1048 1777 1076 2063
9878 4 2 2 31 410 406 408 1772
9879 4 2 2 31 106 1920 848 2022
9880 4 2 2 31 819 803 834 1948
9881 4 2 2 31 469 372 498 1914
9882 4 2 2 31 1360 1356 1237 1981
9883 4 2 2 31 1286 1201 1418 1864
9884 4 2 2 31 864 1912 1870 2081
9885 4 2 2 31 819 818 820 2009
9886 4 2 2 31 499 1583 118 427
9887 4 2 2 31 1230 1382 1377 1931
9888 4 2 2 31 1028 32 5 1020
9889 4 2 2 31 982 980 852 1966
9890 4 2 2 31 253 984 82 1967
9891 4 2 2 31 488 94 93 2053
9892 4 2 2 31 491 112 415 1586
9893 4 2 2 31 1278 1451 1248 1959
9894 4 2 2 31 255 84 808 2058
9895 4 2 2 31 1485 1550 1432 309
9896 4 2 2 31 1630 1914 1852 2061
9897 4 2 2 31 359 47 524 1881
9898 4 2 2 31 1736 1963 1604 2020
9899 4 2 2 31 852 38 942 1875
9900 4 2 2 31 781 774 776 1903
9901 4 2 2 31 1427 1318 1317 1831
9902 4 2 2 31 1130 1128 1129 1906
9903 4 2 2 31 811 842 833 1731
9904 4 2 2 31 474 377 483 1954
9905 4 2 2 31 1573 1575 1554 1727
9906 4 2 2 31 252 827 806 909
9907 4 2 2 31 1021 264 876 1058
9908 4 2 2 31 735 790 796 1836
9909 4 2 2 31 861 927 1002 1987
9910 4 2 2 31 1020 1059 875 263
9911 4 2 2 31 248 1488 811 1547
9912 4 2 2 31 991 944 856 1973
9913 4 2 2 31 746 748 719 1888
9914 4 2 2 31 1492 333 1277 2023
9915 4 2 2 31 1191 1376 1850 2018
9916 4 2 2 31 519 102 352 1802
9917 4 2 2 31 943 858 44 1976
9918 4 2 2 31 1039 1081 1062 1836
9919 4 2 2 31 1532 1467 1545 1854
9920 4 2 2 31 1217 1458 1869 2028
9921 4 2 2 31 490 1967 81 2026
9922 4 2 2 31 1035 1048 1047 2063
9923 4 2 2 31 813 1461 1113 2044
9924 4 2 2 31 934 1475 289 2005
9925 4 2 2 31 750 952 181 717
9926 4 2 2 31 106 1829 1920 2022
9927 4 2 2 31 122 496 428 1591
9928 4 2 2 31 756 747 729 1929
9929 4 2 2 31 1454 1390 1159 2017
9930 4 2 2 31 10 12 846 1767
9931 4 2 2 31 1474 870 273 959
9932 4 2 2 31 1381 1276 1109 1743
9933 4 2 2 31 1335 1854 1334 2021
9934 4 2 2 31 356 92 91 1969
9935 4 2 2 31 852 942 982 1875
9936 4 2 2 31 952 953 181 717
9937 4 2 2 31 1112 1202 1178 1736
9938 4 2 2 31 1273 1275 1106 1805
9939 4 2 2 31 1583 1553 119 2026
9940 4 2 2 31 1372 1195 1196 1917
9941 4 2 2 31 1481 1512 1510 1858
9942 4 2 2 31 1038 1073 1435 305
9943 4 2 2 31 1144 1361 1158 1999
9944 4 2 2 31 866 949 1025 1872
9945 4 2 2 31 1479 1515 1514 2000
9946 4 2 2 31 99 100 945 1924
9947 4 2 2 31 1515 1479 1543 2000
9948 4 2 2 31 1634 1873 2051 2060
9949 4 2 2 31 1565 1564 1784 1856
9950 4 2 2 31 50 978 864 1870
9951 4 2 2 31 531 426 495 1915
9952 4 2 2 31 1163 1169 1162 1882
9953 4 2 2 31 1461 1432 1281 1891
9954 4 2 2 31 422 506 449 1980
9955 4 2 2 31 1718 2012 1907 2045
9956 4 2 2 31 908 844 907 1804
9957 4 2 2 31 1544 1466 1502 1951
9958 4 2 2 31 937 35 850 2041
9959 4 2 2 31 1554 1584 1577 1776
9960 4 2 2 31 1579 1580 1581 2075
9961 4 2 2 31 1399 1281 1432 1891
9962 4 2 2 31 843 110 11 2002
9963 4 2 2 31 800 790 735 1836
9964 4 2 2 31 360 433 509 2032
9965 4 2 2 31 1074 1039 1062 1836
9966 4 2 2 31 823 827 807 1967
9967 4 2 2 31 1282 1113 1253 1815
9968 4 2 2 31 1425 1107 1325 1863
9969 4 2 2 31 118 1578 499 434
9970 4 2 2 31 1279 1235 1426 1938
9971 4 2 2 31 1483 1512 1534 1930
9972 4 2 2 31 1571 344 1388 1580
9973 4 2 2 31 1570 1597 1568 1915
9974 4 2 2 31 768 769 716 1923
9975 4 2 2 31 95 94 353 2053
9976 4 2 2 31 1351 1347 1179 2008
9977 4 2 2 31 1548 1540 1487 1860
9978 4 2 2 31 1635 1746 2017 2039
9979 4 2 2 31 855 992 947 2055
9980 4 2 2 31 1167 1332 1131 1826
9981 4 2 2 31 737 739 738 1932
9982 4 2 2 31 46 524 47 1896
9983 4 2 2 31 1180 1458 346 1557
9984 4 2 2 31 851 948 102 1995
9985 4 2 2 31 1907 2012 1698 2045
9986 4 2 2 31 1064 1077 957 261
9987 4 2 2 31 1156 1164 1355 2037
9988 4 2 2 31 460 456 439 2035
9989 4 2 2 31 359 448 502 1942
9990 4 2 2 31 489 1911 435 2062
9991 4 2 2 31 837 248 811 1547
9992 4 2 2 31 735 796 204 1062
9993 4 2 2 31 1061 1487 1548 306
9994 4 2 2 31 1353 1380 1110 2025
9995 4 2 2 31 866 86 87 1902
9996 4 2 2 31 1432 1399 1485 309
9997 4 2 2 31 1286 1418 1284 1864
9998 4 2 2 31 1590 1566 1565 1856
9999 4 2 2 31 1566 1559 1587 1757
10000 4 2 2 31 814 842 810 2044
10001 4 2 2 31 1312 1313 1084 1923
10002 4 2 2 31 1635 1911 1813 2062
10003 4 2 2 31 971 847 937 1819
10004 4 2 2 31 1167 1333 1332 2046
10005 4 2 2 31 276 891 1536 1955
10006 4 2 2 31 1253 1249 1181 1779
10007 4 2 2 31 990 988 883 1851
10008 4 2 2 31 911 867 912 1858
10009 4 2 2 31 106 105 443 1829
10010 4 2 2 31 1155 1141 1913 2068
10011 4 2 2 31 1233 1287 1285 1948
10012 4 2 2 31 965 1533 1480 271
10013 4 2 2 31 1559 338 1464 1590
10014 4 2 2 31 1359 1147 1149 1991
10015 4 2 2 31 1454 1269 1390 1970
10016 4 2 2 31 958 901 936 1862
10017 4 2 2 31 876 1015 954 1796
10018 4 2 2 31 1117 1340 1341 1821
10019 4 2 2 31 1721 2014 1658 2069
10020 4 2 2 31 49 1007 48 1912
10021 4 2 2 31 875 955 1014 1793
10022 4 2 2 31 1217 1458 1180 1869
10023 4 2 2 31 736 795 176 835
10024 4 2 2 31 1501 2033 1491 2064
10025 4 2 2 31 1591 428 122 1569
10026 4 2 2 31 1025 949 910 1872
10027 4 2 2 31 1424 1342 1328 1944
10028 4 2 2 31 1358 1172 1409 1814
10029 4 2 2 31 960 249 1012 809
10030 4 2 2 31 414 418 413 1910
10031 4 2 2 31 1492 1491 1470 2023
10032 4 2 2 31 1255 1256 1257 1865
10033 4 2 2 31 289 1495 879 2005
10034 4 2 2 31 1419 1328 1341 1944
10035 4 2 2 31 174 838 791 812
10036 4 2 2 31 1034 1045 1044 1885
10037 4 2 2 31 1050 1051 1052 1938
10038 4 2 2 31 1073 1061 1038 1860
10039 4 2 2 31 3 477 369 1998
10040 4 2 2 31 1176 1348 1245 2038
10041 4 2 2 31 1240 1387 1299 1887
10042 4 2 2 31 1333 1266 1465 2046
10043 4 2 2 31 1410 1324 1182 1878
10044 4 2 2 31 1585 346 1458 1557
10045 4 2 2 31 484 423 437 1922
10046 4 2 2 31 1077 1018 957 261
10047 4 2 2 31 106 107 848 1920
10048 4 2 2 31 828 831 832 2058
10049 4 2 2 31 1594 432 13 350
10050 4 2 2 31 1379 207 1433 733
10051 4 2 2 31 45 357 484 1832
10052 4 2 2 31 293 893 1549 1484
10053 4 2 2 31 45 943 44 1976
10054 4 2 2 31 252 984 827 909
10055 4 2 2 31 1140 1141 1142 1960
10056 4 2 2 31 203 732 797 894
10057 4 2 2 31 356 457 92 1969
10058 4 2 2 31 1562 349 348 2016
10059 4 2 2 31 1045 1034 1046 1885
10060 4 2 2 31 1027 1065 1058 1796
10061 4 2 2 31 108 1021 954 1796
10062 4 2 2 31 812 841 834 1868
10063 4 2 2 31 1119 1382 1120 1905
10064 4 2 2 31 246 836 1541 1550
10065 4 2 2 31 730 774 781 2014
10066 4 2 2 31 1035 1446 301 1301
10067 4 2 2 31 1231 1190 1192 2067
10068 4 2 2 31 1534 1513 1472 2056
10069 4 2 2 31 830 817 825 1909
10070 4 2 2 31 1546 1526 1527 1927
10071 4 2 2 31 1061 1080 1038 1860
10072 4 2 2 31 721 781 776 1903
10073 4 2 2 31 955 1020 32 1793
10074 4 2 2 31 1433 234 1233 834
10075 4 2 2 31 1847 2003 1641 2052
10076 4 2 2 31 812 834 838 1868
10077 4 2 2 31 267 1539 1547 872
10078 4 2 2 31 1447 1347 1414 2008
10079 4 2 2 31 786 730 781 2014
10080 4 2 2 31 1358 1444 1210 1935
10081 4 2 2 31 936 901 1010 1862
10082 4 2 2 31 1377 1102 1304 1930
10083 4 2 2 31 1518 1473 1515 1950
10084 4 2 2 31 1059 1066 1028 1793
10085 4 2 2 31 458 363 489 1911
10086 4 2 2 31 931 930 891 2013
10087 4 2 2 31 1550 246 836 840
10088 4 2 2 31 10 846 898 1767
10089 4 2 2 31 922 890 921 1840
10090 4 2 2 31 1680 1642 2004 2012
10091 4 2 2 31 442 50 364 1852
10092 4 2 2 31 733 799 791 1868
10093 4 2 2 31 420 491 528 1934
10094 4 2 2 31 340 1572 1121 1386
10095 4 2 2 31 794 755 714 1983
10096 4 2 2 31 959 905 867 1901
10097 4 2 2 31 1040 1042 1041 1947
10098 4 2 2 31 381 448 447 1867
10099 4 2 2 31 428 495 121 1569
10100 4 2 2 31 881 929 986 2000
10101 4 2 2 31 972 848 966 1926
10102 4 2 2 31 1552 1485 1541 1891
10103 4 2 2 31 33 847 955 2043
10104 4 2 2 31 1380 1434 233 790
10105 4 2 2 31 1394 1227 1229 2010
10106 4 2 2 31 808 831 255 2058
10107 4 2 2 31 1278 1248 1404 2015
10108 4 2 2 31 1115 1389 27 348
10109 4 2 2 31 1007 49 864 1912
10110 4 2 2 31 512 115 1554 441
10111 4 2 2 31 107 106 366 1920
10112 4 2 2 31 848 972 946 2022
10113 4 2 2 31 733 791 798 1868
10114 4 2 2 31 838 798 174 791
10115 4 2 2 31 1548 1073 1061 306
10116 4 2 2 31 796 1074 204 1062
10117 4 2 2 31 244 1113 813 1461
10118 4 2 2 31 998 863 931 1964
10119 4 2 2 31 1381 1435 1235 1860
10120 4 2 2 31 521 491 420 1934
10121 4 2 2 31 1360 1205 1203 2036
10122 4 2 2 31 1329 1346 1099 1897
10123 4 2 2 31 1446 1082 1047 300
10124 4 2 2 31 1030 1055 72 516
10125 4 2 2 31 276 1536 1481 1955
10126 4 2 2 31 1113 1461 1281 2044
10127 4 2 2 31 1563 1564 1586 1934
10128 4 2 2 31 1540 1551 1487 1860
10129 4 2 2 31 836 810 842 1891
10130 4 2 2 31 47 1004 46 1896
10131 4 2 2 31 1007 1912 864 2081
10132 4 2 2 31 795 839 176 835
10133 4 2 2 31 1435 335 1540 1381
10134 4 2 2 31 1383 1429 1270 2021
10135 4 2 2 31 1472 1513 1538 2056
10136 4 2 2 31 1233 1379 1433 1868
10137 4 2 2 31 1002 931 861 2013
10138 4 2 2 31 831 808 832 2058
10139 4 2 2 31 762 759 758 1977
10140 4 2 2 31 1209 1247 1248 2015
10141 4 2 2 31 1239 1119 1096 1784
10142 4 2 2 31 394 395 393 2074
10143 4 2 2 31 934 879 976 2005
10144 4 2 2 31 1129 1128 1127 1906
10145 4 2 2 31 1337 1395 1236 2082
10146 4 2 2 31 1005 861 93 1987
10147 4 2 2 31 90 89 367 1997
10148 4 2 2 31 476 510 367 1997
10149 4 2 2 31 1116 1096 1118 1856
10150 4 2 2 31 1301 1300 1242 1841
10151 4 2 2 31 514 419 500 1953
10152 4 2 2 31 434 117 1578 511
10153 4 2 2 31 1256 1436 1338 2050
10154 4 2 2 31 1109 1277 333 2023
10155 4 2 2 31 1401 1295 1202 2020
10156 4 2 2 31 477 479 478 1998
10157 4 2 2 31 1109 1258 1277 2023
10158 4 2 2 31 771 764 779 1897
10159 4 2 2 31 1569 1589 1570 1915
10160 4 2 2 31 1380 1234 1434 1836
10161 4 2 2 31 1560 1578 117 511
10162 4 2 2 31 905 959 904 1901
10163 4 2 2 31 490 81 427 2072
10164 4 2 2 31 1055 108 9 516
10165 4 2 2 31 496 481 88 1883
10166 4 2 2 31 1509 1507 1474 2059
10167 4 2 2 31 1309 1861 1373 1927
10168 4 2 2 31 1120 1118 1119 1905
10169 4 2 2 31 1263 1440 1178 1889
10170 4 2 2 31 1642 1698 2012 2045
10171 4 2 2 31 1138 1160 1349 2003
10172 4 2 2 31 1706 1972 1605 2002
10173 4 2 2 31 1420 1262 1311 1988
10174 4 2 2 31 1136 1349 1168 2052
10175 4 2 2 31 1047 1035 1446 300
10176 4 2 2 31 813 815 814 2044
10177 4 2 2 31 1204 1250 1173 2073
10178 4 2 2 31 989 919 987 1921
10179 4 2 2 31 479 116 1575 512
10180 4 2 2 31 1143 1142 1141 1960
10181 4 2 2 31 965 900 1011 1806
10182 4 2 2 31 363 435 489 1911
10183 4 2 2 31 1657 1706 2007 2076
10184 4 2 2 31 496 122 431 1591
10185 4 2 2 31 1190 1231 1340 1962
10186 4 2 2 31 1367 1158 1363 1898
10187 4 2 2 31 1465 1266 1344 1873
10188 4 2 2 31 1116 1118 1398 1856
10189 4 2 2 31 902 917 873 1888
10190 4 2 2 31 255 83 84 2058
10191 4 2 2 31 517 32 5 1054
10192 4 2 2 31 462 374 425 1990
10193 4 2 2 31 1 417 28 1866
10194 4 2 2 31 1092 1305 1304 2056
10195 4 2 2 31 910 257 985 830
10196 4 2 2 31 752 753 751 2027
10197 4 2 2 31 758 725 762 1977
10198 4 2 2 31 291 1501 877 2033
10199 4 2 2 31 1461 840 245 1432
10200 4 2 2 31 1251 1428 1369 1992
10201 4 2 2 31 1209 1245 1247 1886
10202 4 2 2 31 1205 1207 1206 2066
10203 4 2 2 31 79 499 80 2072
10204 4 2 2 31 1317 1409 1172 2071
10205 4 2 2 31 1040 1041 1039 1947
10206 4 2 2 31 1475 1495 289 2005
10207 4 2 2 31 1376 1230 1931 2018
10208 4 2 2 31 1263 1178 1232 1889
10209 4 2 2 31 1378 1353 1110 2025
10210 4 2 2 31 1593 1567 1585 1919
10211 4 2 2 31 1504 1480 1506 1958
10212 4 2 2 31 511 478 1560 1998
10213 4 2 2 31 1051 1050 1038 1938
10214 4 2 2 31 78 895 7 1895
10215 4 2 2 31 257 910 816 830
10216 4 2 2 31 255 831 83 2058
10217 4 2 2 31 1480 1011 965 272
10218 4 2 2 31 343 1459 1184 1580
10219 4 2 2 31 1589 1570 1915 2047
10220 4 2 2 31 1335 1334 1429 2021
10221 4 2 2 31 1191 1189 1376 2018
10222 4 2 2 31 826 802 823 2070
10223 4 2 2 31 432 480 492 2076
10224 4 2 2 31 1014 955 967 2043
10225 4 2 2 31 1141 1139 1155 1913
10226 4 2 2 31 892 924 999 2081
10227 4 2 2 31 897 952 1008 1816
10228 4 2 2 31 1269 1454 1272 1970
10229 4 2 2 31 1541 1485 1550 1891
10230 4 2 2 31 13 431 1591 350
10231 4 2 2 31 1096 336 1389 1592
10232 4 2 2 31 916 895 78 1895
10233 4 2 2 31 424 120 487 2047
10234 4 2 2 31 902 79 865 1941
10235 4 2 2 31 376 1030 72 516
10236 4 2 2 31 1369 1339 1251 1992
10237 4 2 2 31 1005 927 861 1987
10238 4 2 2 31 1374 1850 1376 1982
10239 4 2 2 31 119 427 1583 2026
10240 4 2 2 31 1563 349 1562 2007
10241 4 2 2 31 1442 1134 1168 1874
10242 4 2 2 31 1217 1455 1458 2028
10243 4 2 2 31 305 1435 1038 1235
10244 4 2 2 31 1305 1376 1230 1931
10245 4 2 2 31 245 810 840 1461
10246 4 2 2 31 1311 1262 1448 1988
10247 4 2 2 31 1290 1392 1291 2069
10248 4 2 2 31 1563 1934 1594 2076
10249 4 2 2 31 521 1586 491 1934
10250 4 2 2 31 96 507 456 2035
10251 4 2 2 31 915 1489 291 2033
10252 4 2 2 31 383 501 493 1900
10253 4 2 2 31 359 524 437 1881
10254 4 2 2 31 1185 1401 1431 2020
10255 4 2 2 31 1103 1458 1455 2028
10256 4 2 2 31 520 468 430 1876
10257 4 2 2 31 877 915 291 2033
10258 4 2 2 31 1557 1585 1597 1869
10259 4 2 2 31 1401 1392 1290 2069
10260 4 2 2 31 836 840 810 1891
10261 4 2 2 31 995 941 858 1946
10262 4 2 2 31 370 415 530 1939
10263 4 2 2 31 1132 1131 1133 1933
10264 4 2 2 31 1561 350 1591 1883
10265 4 2 2 31 458 352 101 1918
10266 4 2 2 31 1563 2007 1934 2076
10267 4 2 2 31 1305 1377 1304 1930
10268 4 2 2 31 1076 1056 1029 1777
10269 4 2 2 31 1305 1230 1377 1931
10270 4 2 2 31 1259 1187 1186 1871
10271 4 2 2 31 389 387 388 1961
10272 4 2 2 31 1008 952 182 750
10273 4 2 2 31 409 454 453 1965
10274 4 2 2 31 521 1594 1586 1934
10275 4 2 2 31 431 481 496 1883
10276 4 2 2 31 843 903 110 1972
10277 4 2 2 31 1456 1459 1201 1849
10278 4 2 2 31 1680 2004 1767 2012
10279 4 2 2 31 119 490 427 2026
10280 4 2 2 31 1211 1420 1264 1890
10281 4 2 2 31 523 422 365 1980
10282 4 2 2 31 1056 1076 1048 1777
10283 4 2 2 31 1564 1562 1565 1784
10284 4 2 2 31 1010 901 88 2004
10285 4 2 2 31 1554 1575 115 512
10286 4 2 2 31 1244 1423 1321 1949
10287 4 2 2 31 1581 1553 1583 2026
10288 4 2 2 31 1271 1449 1375 1950
10289 4 2 2 31 1585 347 1593 1103
10290 4 2 2 31 1489 1501 291 2033
10291 4 2 2 31 1268 1453 1370 1951
10292 4 2 2 31 1372 1196 1309 1861
10293 4 2 2 31 1345 1402 1137 1974
10294 4 2 2 31 1162 1320 1161 1937
10295 4 2 2 31 520 470 360 2032
10296 4 2 2 31 401 452 398 1925
10297 4 2 2 31 397 399 398 1993
10298 4 2 2 31 1475 1494 1495 2005
10299 4 2 2 31 1297 1412 1082 1899
10300 4 2 2 31 1268 1370 1247 1951
10301 4 2 2 31 1139 1402 1155 1913
10302 4 2 2 31 849 938 104 2024
10303 4 2 2 31 1231 1192 1413 2067
10304 4 2 2 31 1086 1271 1375 1950
10305 4 2 2 31 940 37 852 2065
10306 4 2 2 31 863 1006 931 1964
10307 4 2 2 31 1501 1491 1493 2064
10308 4 2 2 31 1335 1085 1334 1854
10309 4 2 2 31 917 178 179 719
10310 4 2 2 31 1169 1296 1186 1971
10311 4 2 2 31 426 487 120 2047
10312 4 2 2 31 408 407 429 2048
10313 4 2 2 31 236 822 237 1107
10314 4 2 2 31 42 354 453 2057
10315 4 2 2 31 983 90 863 1943
10316 4 2 2 31 983 863 912 1943
10317 4 2 2 31 1498 1499 1500 1957
10318 4 2 2 31 106 848 946 2022
10319 4 2 2 31 1233 1405 1287 1948
10320 4 2 2 31 1316 1346 1314 2031
10321 4 2 2 31 1124 1126 1125 2001
10322 4 2 2 31 370 510 415 1939
10323 4 2 2 31 1362 1225 1438 1928
10324 4 2 2 31 1582 1440 1178 341
10325 4 2 2 31 405 403 404 1975
10326 4 2 2 31 804 832 829 1949
10327 4 2 2 31 1444 1293 1210 1935
10328 4 2 2 31 1594 111 521 1586
10329 4 2 2 31 1110 232 231 718
10330 4 2 2 31 521 503 432 2076
10331 4 2 2 31 1360 1237 1205 2036
10332 4 2 2 31 1581 1580 1571 2075
10333 4 2 2 31 1339 324 1528 323
10334 4 2 2 31 491 521 111 1586
10335 4 2 2 31 1356 1327 1237 1981
10336 4 2 2 31 1276 1279 1229 2079
10337 4 2 2 31 1155 1397 1141 2068
10338 4 2 2 31 1308 1309 1373 1927
10339 4 2 2 31 473 366 514 2011
10340 4 2 2 31 1340 1117 1398 2029
10341 4 2 2 31 523 365 474 2077
10342 4 2 2 31 1306 1982 1305 2056
10343 4 2 2 31 336 1096 1565 1592
10344 4 2 2 31 1345 1415 1402 1974
10345 4 2 2 31 269 936 1471 268
10346 4 2 2 31 1155 1272 1397 2068
10347 4 2 2 31 7 845 3 1892
10348 4 2 2 31 1044 298 1354 297
10349 4 2 2 31 1501 1489 1491 2033
10350 4 2 2 31 258 259 801 949
10351 4 2 2 31 489 435 452 2062
10352 4 2 2 31 399 397 485 1993
10353 4 2 2 31 1374 1191 1376 1850
10354 4 2 2 31 1553 1589 120 2047
10355 4 2 2 31 1570 1568 1569 1915
10356 4 2 2 31 1342 1341 1328 1944
10357 4 2 2 31 998 891 911 1955
10358 4 2 2 31 980 982 920 1966
10359 4 2 2 31 867 274 1510 275
10360 4 2 2 31 1308 320 321 1527
10361 4 2 2 31 396 452 435 2062
10362 4 2 2 31 1330 1331 1416 2030
10363 4 2 2 31 295 294 1234 1039
10364 4 2 2 31 265 876 264 1058
10365 4 2 2 31 225 1336 226 720
10366 4 2 2 31 1227 1206 1207 2066
10367 4 2 2 31 1059 262 875 263
10368 4 2 2 31 883 285 284 1530
10369 4 2 2 31 876 954 1021 1796
10370 4 2 2 31 1220 1236 1395 2082
10371 4 2 2 31 875 1020 955 1793
10372 4 2 2 31 802 822 821 2070
10373 4 2 2 31 223 222 1338 715
10374 4 2 2 31 871 177 178 789
10375 4 2 2 31 216 1292 775 215
10376 4 2 2 31 1104 212 752 213
10377 4 2 2 31 1194 1197 1266 2060
10378 4 2 2 31 1031 76 77 377
10379 4 2 2 31 444 514 366 2011
10380 4 2 2 31 314 1482 315 1108
10381 4 2 2 31 426 120 1589 2047
10382 4 2 2 31 1278 1258 1451 1959
10383 4 2 2 31 487 426 531 2047
10384 4 2 2 31 1565 1566 1564 1856
10385 4 2 2 31 1307 1308 1373 1927
10386 4 2 2 31 1344 1199 1415 2051
10387 4 2 2 31 769 1312 218 219
10388 4 2 2 31 255 84 256 808
10389 4 2 2 31 286 881 287 1479
10390 4 2 2 31 1333 1465 1332 2046
10391 4 2 2 31 1492 332 1277 333
10392 4 2 2 31 94 488 353 2053
10393 4 2 2 31 720 766 777 1985
10394 4 2 2 31 1092 1306 1305 2056
10395 4 2 2 31 80 427 81 2072
10396 4 2 2 31 1441 1252 1430 1907
10397 4 2 2 31 396 395 394 2074
10398 4 2 2 31 1524 1369 323 322
10399 4 2 2 31 1202 1406 1232 2042
10400 4 2 2 31 508 379 450 1979
10401 4 2 2 31 1438 1225 1223 1928
10402 4 2 2 31 1318 1427 1132 2078
10403 4 2 2 31 1350 1159 1390 2017
10404 4 2 2 31 814 810 813 2044
10405 4 2 2 31 716 1084 219 220
10406 4 2 2 31 235 1233 234 834
10407 4 2 2 31 1095 1033 297 296
10408 4 2 2 31 285 929 286 1514
10409 4 2 2 31 525 352 458 1918
10410 4 2 2 31 511 369 478 1998
10411 4 2 2 31 885 283 282 1520
10412 4 2 2 31 994 947 992 2055
10413 4 2 2 31 338 1089 1559 1464
10414 4 2 2 31 230 1310 231 740
10415 4 2 2 31 221 220 1329 779
10416 4 2 2 31 1504 1506 1505 1958
10417 4 2 2 31 1934 2007 1706 2076
10418 4 2 2 31 81 490 82 1967
10419 4 2 2 31 1298 315 316 1511
10420 4 2 2 31 1584 114 113 362
10421 4 2 2 31 762 193 192 886
10422 4 2 2 31 227 226 1083 780
10423 4 2 2 31 360 470 433 2032
10424 4 2 2 31 1503 1391 312 311
10425 4 2 2 31 229 228 1319 794
10426 4 2 2 31 761 195 194 884
10427 4 2 2 31 192 191 763 933
10428 4 2 2 31 319 320 1307 1546
10429 4 2 2 31 1194 1195 1197 2060
10430 4 2 2 31 851 981 948 1995
10431 4 2 2 31 312 1105 1469 313
10432 4 2 2 31 1219 1252 1460 2045
10433 4 2 2 31 183 184 963 721
10434 4 2 2 31 1592 27 1389 348
10435 4 2 2 31 889 278 1477 279
10436 4 2 2 31 241 1244 240 829
10437 4 2 2 31 319 1092 318 1472
10438 4 2 2 31 1243 1388 1571 345
10439 4 2 2 31 972 915 877 2033
10440 4 2 2 31 289 288 879 1495
10441 4 2 2 31 272 1508 870 273
10442 4 2 2 31 199 198 743 880
10443 4 2 2 31 918 284 283 1476
10444 4 2 2 31 1181 1103 1455 2028
10445 4 2 2 31 1340 1398 1188 2029
10446 4 2 2 31 250 950 251 818
10447 4 2 2 31 794 742 755 1983
10448 4 2 2 31 1337 225 224 777
10449 4 2 2 31 203 202 732 894
10450 4 2 2 31 893 293 292 1484
10451 4 2 2 31 422 449 365 1980
10452 4 2 2 31 33 474 365 2077
10453 4 2 2 31 302 1094 303 1032
10454 4 2 2 31 892 186 187 772
10455 4 2 2 31 1511 1507 1509 2059
10456 4 2 2 31 901 866 87 1902
10457 4 2 2 31 345 1180 346 1557
10458 4 2 2 31 975 937 850 2041
10459 4 2 2 31 1114 1462 347 1593
10460 4 2 2 31 1166 1150 1165 2034
10461 4 2 2 31 196 195 784 919
10462 4 2 2 31 1304 317 318 1534
10463 4 2 2 31 1082 299 1047 300
10464 4 2 2 31 1556 1111 342 343
10465 4 2 2 31 314 313 1505 1288
10466 4 2 2 31 281 932 282 1531
10467 4 2 2 31 852 980 940 2065
10468 4 2 2 31 1102 316 317 1483
10469 4 2 2 31 254 82 807 253
10470 4 2 2 31 1090 230 229 734
10471 4 2 2 31 1411 1245 1348 2038
10472 4 2 2 31 277 1536 276 891
10473 4 2 2 31 218 1302 787 217
10474 4 2 2 31 242 1282 824 243
10475 4 2 2 31 921 189 190 767
10476 4 2 2 31 913 185 186 722
10477 4 2 2 31 1379 208 207 733
10478 4 2 2 31 326 1098 1517 327
10479 4 2 2 31 873 179 180 748
10480 4 2 2 31 1351 1414 1347 2008
10481 4 2 2 31 1154 1153 1151 2054
10482 4 2 2 31 498 368 442 2061
10483 4 2 2 31 310 1485 1399 309
10484 4 2 2 31 194 193 725 928
10485 4 2 2 31 1202 1431 1401 2020
10486 4 2 2 31 1009 1010 898 2004
10487 4 2 2 31 1368 1168 1349 2052
10488 4 2 2 31 290 877 291 1501
10489 4 2 2 31 890 188 189 785
10490 4 2 2 31 1481 911 275 276
10491 4 2 2 31 1416 1224 1330 2030
10492 4 2 2 31 1371 242 805 241
10493 4 2 2 31 792 1037 205 206
10494 4 2 2 31 1542 1036 308 307
10495 4 2 2 31 1318 1132 1442 2078
10496 4 2 2 31 1232 1406 1275 2042
10497 4 2 2 31 754 200 878 201
10498 4 2 2 31 1521 926 279 280
10499 4 2 2 31 1235 1038 305 304
10500 4 2 2 31 869 182 183 783
10501 4 2 2 31 925 288 287 1537
10502 4 2 2 31 1196 1373 1309 1861
10503 4 2 2 31 788 198 197 920
10504 4 2 2 31 1270 1213 1214 2019
10505 4 2 2 31 939 1000 859 2040
10506 4 2 2 31 1088 321 322 1468
10507 4 2 2 31 874 269 1499 270
10508 4 2 2 31 335 334 1540 1381
10509 4 2 2 31 811 1488 248 247
10510 4 2 2 31 1481 1536 1513 1955
10511 4 2 2 31 961 833 260 259
10512 4 2 2 31 487 84 83 2058
10513 4 2 2 31 1283 210 209 729
10514 4 2 2 31 211 210 1106 756
10515 4 2 2 31 1578 118 117 434
10516 4 2 2 31 261 957 1064 262
10517 4 2 2 31 1501 1493 1475 2064
10518 4 2 2 31 903 843 904 1972
10519 4 2 2 31 968 1533 271 270
10520 4 2 2 31 265 266 956 1063
10521 4 2 2 31 181 182 952 750
10522 4 2 2 31 277 278 1535 930
10523 4 2 2 31 281 280 887 1478
10524 4 2 2 31 1380 233 232 790
10525 4 2 2 31 221 1099 222 771
10526 4 2 2 31 187 188 923 723
10527 4 2 2 31 295 1352 296 1040
10528 4 2 2 31 1532 326 325 1334
10529 4 2 2 31 1376 1189 1230 2018
10530 4 2 2 31 1199 1344 1197 2051
10531 4 2 2 31 967 955 847 2043
10532 4 2 2 31 249 960 250 809
10533 4 2 2 31 368 51 442 2061
10534 4 2 2 31 191 190 726 888
10535 4 2 2 31 302 1393 1060 301
10536 4 2 2 31 329 328 1518 1086
10537 4 2 2 31 209 208 1101 744
10538 4 2 2 31 1548 1073 26 1435
10539 4 2 2 31 1074 22 1434 796
10540 4 2 2 31 1487 1061 307 306
10541 4 2 2 31 204 735 1062 205
10542 4 2 2 31 1585 346 1103 1458
10543 4 2 2 31 798 20 1433 838
10544 4 2 2 31 333 1109 1470 334
10545 4 2 2 31 19 1012 839 795
10546 4 2 2 31 455 358 515 2049
10547 4 2 2 31 786 753 752 2027
10548 4 2 2 31 840 1550 23 1432
10549 4 2 2 31 75 76 1057 464
10550 4 2 2 31 310 1100 1496 311
10551 4 2 2 31 727 197 196 882
10552 4 2 2 31 1219 1267 1445 2045
10553 4 2 2 31 1248 1247 1404 2015
10554 4 2 2 31 292 291 915 1489
10555 4 2 2 31 271 1480 965 272
10556 4 2 2 31 1219 1445 1252 2045
10557 4 2 2 31 202 737 914 201
10558 4 2 2 31 1596 1570 1589 2047
10559 4 2 2 31 1182 239 826 238
10560 4 2 2 31 1087 224 223 757
10561 4 2 2 31 290 289 934 1475
10562 4 2 2 31 199 724 200 935
10563 4 2 2 31 868 184 185 776
10564 4 2 2 31 476 367 89 1997
10565 4 2 2 31 341 1112 1558 340
10566 4 2 2 31 1093 216 731 217
10567 4 2 2 31 1589 1553 1596 2047
10568 4 2 2 31 116 1560 511 478
10569 4 2 2 31 736 176 175 835
10570 4 2 2 31 1547 837 24 1013
10571 4 2 2 31 477 478 369 1998
10572 4 2 2 31 1303 1409 1317 2071
10573 4 2 2 31 213 214 786 1289
10574 4 2 2 31 330 1370 1544 331
10575 4 2 2 31 255 254 83 831
10576 4 2 2 31 791 175 174 812
10577 4 2 2 31 465 74 73 1056
10578 4 2 2 31 239 240 1321 804
10579 4 2 2 31 299 298 1385 1034
10580 4 2 2 31 180 181 953 717
10581 4 2 2 31 235 236 1405 803
10582 4 2 2 31 214 215 730 1097
10583 4 2 2 31 343 1184 344 1580
10584 4 2 2 31 82 984 81 1967
10585 4 2 2 31 238 1323 237 802
10586 4 2 2 31 324 1467 325 1085
10587 4 2 2 31 1375 328 1473 327
10588 4 2 2 31 802 821 823 2070
10589 4 2 2 31 1335 1429 1383 2021
10590 4 2 2 31 116 115 1575 512
10591 4 2 2 31 332 331 1486 1091
10592 4 2 2 31 1002 930 931 2013
10593 4 2 2 31 1007 864 924 2081
10594 4 2 2 31 98 358 455 2049
10595 4 2 2 31 1030 72 73 376
10596 4 2 2 31 115 114 1554 441
10597 4 2 2 31 1306 1376 1305 1982
10598 4 2 2 31 1276 1229 1258 2079
10599 4 2 2 31 75 74 351 1029
10600 4 2 2 31 267 268 1539 872
10601 4 2 2 31 797 1077 21 1018
10602 4 2 2 31 910 257 816 258
10603 4 2 2 31 1078 25 1019 1549
10604 4 2 2 31 88 898 1010 2004
10605 4 2 2 31 1462 27 1593 348
10606 4 2 2 31 247 836 1541 246
10607 4 2 2 31 1306 1374 1376 1982
10608 4 2 2 31 499 427 80 2072
10609 4 2 2 31 507 439 456 2035
10610 4 2 2 31 273 274 1474 959
10611 4 2 2 31 111 521 432 1594
10612 4 2 2 31 1050 304 1426 303
10613 4 2 2 31 864 999 924 2081
10614 4 2 2 31 1422 212 211 728
10615 4 2 2 31 112 113 530 1555
10616 4 2 2 31 245 244 810 1461
10617 4 2 2 31 339 1089 1559 338
10618 4 2 2 31 453 354 513 2057
10619 4 2 2 31 1113 813 243 244
10620 4 2 2 31 252 806 251 909
10621 4 2 2 31 264 1021 9 1027
10622 4 2 2 31 1388 344 1571 345
10623 4 2 2 31 1020 5 1028 263
10624 4 2 2 31 1582 1440 341 342
10625 4 2 2 31 428 121 122 1569
10626 4 2 2 31 503 480 432 2076
10627 4 2 2 31 13 111 432 1594
10628 4 2 2 31 1055 9 72 516
10629 4 2 2 31 1384 228 227 714
10630 4 2 2 31 1434 294 22 1074
10631 4 2 2 31 245 840 23 1432
10632 4 2 2 31 117 116 1560 511
10633 4 2 2 31 20 1433 207 798
10634 4 2 2 31 1432 1550 23 309
10635 4 2 2 31 1012 249 19 839
10636 4 2 2 31 839 176 19 795
10637 4 2 2 31 431 122 13 1591
10638 4 2 2 31 1074 204 22 796
10639 4 2 2 31 26 1073 1548 306
10640 4 2 2 31 233 1434 22 796
10641 4 2 2 31 335 1548 26 1435
10642 4 2 2 31 23 246 1550 840
10643 4 2 2 31 1012 19 177 795
10644 4 2 2 31 1585 346 347 1103
10645 4 2 2 31 234 1433 20 838
10646 4 2 2 31 1435 1073 26 305
10647 4 2 2 31 837 24 248 1547
10648 4 2 2 31 798 174 20 838
10649 4 2 2 31 1018 1077 21 261
10650 4 2 2 31 1019 266 25 1078
10651 4 2 2 31 1565 337 1096 336
10652 4 2 2 31 1553 120 119 424
10653 4 2 2 31 267 1547 24 1013
10654 4 2 2 31 1466 1453 330 329
10655 4 2 2 31 1549 1078 25 308
10656 4 2 2 31 1077 21 206 797
10657 4 2 2 31 1013 837 24 260
10658 4 2 2 31 203 797 21 1018
10659 4 2 2 31 293 1019 25 1549
10660 4 2 2 31 340 1572 339 1121
10661 4 2 2 31 1035 1446 300 301
10662 4 2 2 31 517 5 77 1054
10663 4 2 2 31 1594 1563 1586 1934
10664 4 2 2 31 827 253 984 252
10665 4 2 2 31 1583 119 118 427
10666 4 2 2 31 491 111 112 1586
10667 4 2 2 31 256 985 257 830
10668 4 2 2 31 1464 338 1116 1590
10669 4 2 2 31 27 347 1462 1593
10670 4 2 2 31 1590 338 1116 337
10671 4 2 2 31 1389 336 27 1592
10672 4 2 2 31 426 120 121 1589
10673 4 2 2 31 1940 1908 504 410
10674 4 2 2 31 1940 504 1908 1626
10675 4 2 2 31 1867 375 1823 381
10676 4 2 2 31 1867 1823 375 1633
10677 4 2 2 31 2044 1417 1891 1281
10678 4 2 2 31 1294 1935 2071 1787
10679 4 2 2 31 1643 1935 2071 1814
10680 4 2 2 31 1643 2071 1935 1787
10681 4 2 2 31 1985 761 1921 766
10682 4 2 2 31 1985 1921 761 1654
10683 4 2 2 31 1751 1891 2044 1417
10684 4 2 2 31 2044 1891 1751 1656
10685 4 2 2 31 2044 1280 1751 1417
10686 4 2 2 31 1751 1280 2044 1656
10687 4 2 2 31 761 1985 760 766
10688 4 2 2 31 760 1985 761 1799
10689 4 2 2 31 1792 461 1641 1775
10690 4 2 2 31 1792 1641 461 497
10691 4 2 2 31 1907 1288 1396 1730
10692 4 2 2 31 1907 1396 1288 1430
10693 4 2 2 31 1954 1043 1789 1072
10694 4 2 2 31 1954 1789 1043 1648
10695 4 2 2 31 1900 382 1823 383
10696 4 2 2 31 1900 1823 382 1625
10697 4 2 2 31 1864 1948 1425 1653
10698 4 2 2 31 1801 2025 1834 1606
10699 4 2 2 31 1834 2025 1801 1403
10700 4 2 2 31 1885 1871 1439 1260
10701 4 2 2 31 1885 1439 1871 1648
10702 4 2 2 31 1717 1071 1049 1675
10703 4 2 2 31 1717 1049 1071 1053
10704 4 2 2 31 1821 1457 1117 1757
10705 4 2 2 31 1821 1117 1457 1342
10706 4 2 2 31 1948 1425 1107 1287
10707 4 2 2 31 1948 1107 1425 1863
10708 4 2 2 31 1906 1358 1172 1128
10709 4 2 2 31 1906 1172 1358 1814
10710 4 2 2 31 1866 1023 844 1
10711 4 2 2 31 1866 844 1023 1804
10712 4 2 2 31 1787 1935 1830 1294
10713 4 2 2 31 1830 1935 1787 1643
10714 4 2 2 31 1088 1927 1309 1308
10715 4 2 2 31 1309 1927 1088 1744
10716 4 2 2 31 1777 464 494 351
10717 4 2 2 31 1777 494 464 1687
10718 4 2 2 31 1862 1539 1497 1471
10719 4 2 2 31 1862 1497 1539 1731
10720 4 2 2 31 1948 1286 1425 1287
10721 4 2 2 31 1948 1425 1286 1864
10722 4 2 2 31 1944 1129 1723 1906
10723 4 2 2 31 1944 1723 1129 1328
10724 4 2 2 31 1127 1723 1129 1906
10725 4 2 2 31 1127 1129 1723 1328
10726 4 2 2 31 1776 1587 1757 1754
10727 4 2 2 31 1776 1757 1587 1577
10728 4 2 2 31 976 2024 2005 938
10729 4 2 2 31 2005 2024 976 1764
10730 4 2 2 31 1834 1403 1259 1261
10731 4 2 2 31 1834 1259 1403 1801
10732 4 2 2 31 1890 1357 1988 1857
10733 4 2 2 31 1890 1988 1357 1420
10734 4 2 2 31 2076 378 12 480
10735 4 2 2 31 2076 12 378 1657
10736 4 2 2 31 1998 527 29 477
10737 4 2 2 31 1998 29 527 1661
10738 4 2 2 31 2080 36 37 482
10739 4 2 2 31 2080 37 36 1769
10740 4 2 2 31 1997 1628 1627 1669
10741 4 2 2 31 1997 1627 1628 1778
10742 4 2 2 31 1929 1864 1274 1609
10743 4 2 2 31 1929 1274 1864 1284
10744 4 2 2 31 1820 1979 1823 1683
10745 4 2 2 31 1823 1979 1820 1689
10746 4 2 2 31 1924 2019 1664 1617
10747 4 2 2 31 1664 2019 1924 1750
10748 4 2 2 31 2025 790 738 1836
10749 4 2 2 31 2025 738 790 718
10750 4 2 2 31 1962 1979 1778 1639
10751 4 2 2 31 1778 1979 1962 1683
10752 4 2 2 31 1226 2030 1679 1330
10753 4 2 2 31 1679 2030 1226 1712
10754 4 2 2 31 1679 1272 1226 1330
10755 4 2 2 31 1226 1272 1679 1712
10756 4 2 2 31 1983 734 1319 794
10757 4 2 2 31 1983 1319 734 1696
10758 4 2 2 31 1927 1468 1525 1527
10759 4 2 2 31 1927 1525 1468 1744
10760 4 2 2 31 2016 1593 1567 348
10761 4 2 2 31 2016 1567 1593 1919
10762 4 2 2 31 1872 1779 1815 1647
10763 4 2 2 31 1872 1815 1779 1656
10764 4 2 2 31 1139 2003 1913 1707
10765 4 2 2 31 1139 1913 2003 1837
10766 4 2 2 31 1624 1913 2003 1707
10767 4 2 2 31 1624 2003 1913 1837
10768 4 2 2 31 1796 1070 1052 1785
10769 4 2 2 31 1796 1052 1070 1065
10770 4 2 2 31 2061 441 1776 498
10771 4 2 2 31 2061 1776 441 1727
10772 4 2 2 31 2021 1270 1449 1429
10773 4 2 2 31 1449 1270 2021 1747
10774 4 2 2 31 1449 1098 2021 1429
10775 4 2 2 31 2021 1098 1449 1747
10776 4 2 2 31 2036 1968 1981 1710
10777 4 2 2 31 2036 1981 1968 1626
10778 4 2 2 31 1771 1981 1968 1710
10779 4 2 2 31 1771 1968 1981 1626
10780 4 2 2 31 1864 1285 1284 1286
10781 4 2 2 31 1864 1284 1285 1708
10782 4 2 2 31 2070 1690 1651 1967
10783 4 2 2 31 2070 1651 1690 1878
10784 4 2 2 31 1853 509 2006 40
10785 4 2 2 31 1853 2006 509 1797
10786 4 2 2 31 39 2006 509 40
10787 4 2 2 31 39 509 2006 1797
10788 4 2 2 31 1984 1326 1163 1203
10789 4 2 2 31 1984 1163 1326 1720
10790 4 2 2 31 1833 2000 1664 1703
10791 4 2 2 31 1664 2000 1833 1995
10792 4 2 2 31 1664 1615 1833 1703
10793 4 2 2 31 1833 1615 1664 1995
10794 4 2 2 31 1851 1476 1519 1530
10795 4 2 2 31 1851 1519 1476 1705
10796 4 2 2 31 865 2072 79 80
10797 4 2 2 31 79 2072 865 1941
10798 4 2 2 31 1942 49 48 1912
10799 4 2 2 31 1942 48 49 502
10800 4 2 2 31 1774 1994 1768 1631
10801 4 2 2 31 1768 1994 1774 1673
10802 4 2 2 31 2015 1719 1886 1660
10803 4 2 2 31 2015 1886 1719 1828
10804 4 2 2 31 1918 100 101 458
10805 4 2 2 31 1918 101 100 1838
10806 4 2 2 31 925 2005 979 879
10807 4 2 2 31 979 2005 925 1833
10808 4 2 2 31 2033 2023 2064 1666
10809 4 2 2 31 2033 2064 2023 1491
10810 4 2 2 31 1857 1262 1187 1357
10811 4 2 2 31 1857 1187 1262 1834
10812 4 2 2 31 2008 1618 1265 1756
10813 4 2 2 31 2008 1265 1618 1791
10814 4 2 2 31 1783 1918 1952 1611
10815 4 2 2 31 1952 1918 1783 1662
10816 4 2 2 31 1896 860 922 1004
10817 4 2 2 31 1896 922 860 1732
10818 4 2 2 31 1561 1919 1568 1567
10819 4 2 2 31 1568 1919 1561 1701
10820 4 2 2 31 1912 862 48 1695
10821 4 2 2 31 1912 48 862 1007
10822 4 2 2 31 1780 1624 1674 1726
10823 4 2 2 31 1780 1674 1624 1974
10824 4 2 2 31 2082 1216 1347 1835
10825 4 2 2 31 2082 1347 1216 1236
10826 4 2 2 31 1486 2023 1493 1492
10827 4 2 2 31 1493 2023 1486 1725
10828 4 2 2 31 795 835 1704 839
10829 4 2 2 31 1704 835 795 736
10830 4 2 2 31 1912 50 864 1870
10831 4 2 2 31 1912 864 50 49
10832 4 2 2 31 1897 759 1824 1734
10833 4 2 2 31 1897 1824 759 764
10834 4 2 2 31 1793 1069 1042 1066
10835 4 2 2 31 1793 1042 1069 1789
10836 4 2 2 31 2055 1617 1842 1738
10837 4 2 2 31 2055 1842 1617 1705
10838 4 2 2 31 1802 103 472 519
10839 4 2 2 31 1802 472 103 1719
10840 4 2 2 31 2003 1139 1140 1707
10841 4 2 2 31 2003 1140 1139 1138
10842 4 2 2 31 1783 1911 2039 1662
10843 4 2 2 31 2039 1911 1783 1635
10844 4 2 2 31 1821 1904 1990 1683
10845 4 2 2 31 1990 1904 1821 1652
10846 4 2 2 31 1922 524 1620 1881
10847 4 2 2 31 1922 1620 524 484
10848 4 2 2 31 1896 1620 524 1881
10849 4 2 2 31 1896 524 1620 484
10850 4 2 2 31 1996 1931 1120 1905
10851 4 2 2 31 1120 1382 1996 1905
10852 4 2 2 31 1977 715 759 758
10853 4 2 2 31 1977 759 715 1734
10854 4 2 2 31 2012 1657 1883 1767
10855 4 2 2 31 2012 1883 1657 1698
10856 4 2 2 31 2067 1191 1193 1850
10857 4 2 2 31 2067 1193 1191 1192
10858 4 2 2 31 374 1990 379 425
10859 4 2 2 31 374 379 1990 1683
10860 4 2 2 31 1979 379 1990 425
10861 4 2 2 31 1979 1990 379 1683
10862 4 2 2 31 1969 93 861 1790
10863 4 2 2 31 1969 861 93 92
10864 4 2 2 31 1190 2018 2067 1758
10865 4 2 2 31 1190 2067 2018 1850
10866 4 2 2 31 1639 2067 2018 1758
10867 4 2 2 31 1639 2018 2067 1850
10868 4 2 2 31 1806 1533 1958 1480
10869 4 2 2 31 1806 1958 1533 1680
10870 4 2 2 31 1504 1958 1533 1480
10871 4 2 2 31 1504 1533 1958 1680
10872 4 2 2 31 2001 1122 1424 1884
10873 4 2 2 31 2001 1424 1122 1124
10874 4 2 2 31 2004 87 1701 1902
10875 4 2 2 31 2004 1701 87 88
10876 4 2 2 31 2058 807 828 831
10877 4 2 2 31 2058 828 807 1690
10878 4 2 2 31 1651 1685 1579 1849
10879 4 2 2 31 1579 1685 1651 2072
10880 4 2 2 31 2026 529 82 1690
10881 4 2 2 31 2026 82 529 490
10882 4 2 2 31 2048 1613 1975 1760
10883 4 2 2 31 2048 1975 1613 1772
10884 4 2 2 31 1976 357 45 1832
10885 4 2 2 31 1976 45 357 44
10886 4 2 2 31 1914 364 442 469
10887 4 2 2 31 1914 442 364 1852
10888 4 2 2 31 1107 803 236 822
10889 4 2 2 31 1107 236 803 1405
10890 4 2 2 31 2013 1538 1526 1535
10891 4 2 2 31 2013 1526 1538 1753
10892 4 2 2 31 2049 486 1782 358
10893 4 2 2 31 2049 1782 486 1945
10894 4 2 2 31 471 1998 7 369
10895 4 2 2 31 7 1998 471 1676
10896 4 2 2 31 1804 1963 1810 1667
10897 4 2 2 31 1810 1963 1804 1604
10898 4 2 2 31 1948 822 820 803
10899 4 2 2 31 1948 820 822 1863
10900 4 2 2 31 1547 872 1731 1013
10901 4 2 2 31 1731 872 1547 1539
10902 4 2 2 31 1939 1587 1757 1595
10903 4 2 2 31 1939 1757 1587 1754
10904 4 2 2 31 1953 413 444 419
10905 4 2 2 31 1953 444 413 1729
10906 4 2 2 31 1159 1970 1272 1454
10907 4 2 2 31 1272 1970 1159 1746
10908 4 2 2 31 2001 1424 1127 1723
10909 4 2 2 31 2001 1127 1424 1124
10910 4 2 2 31 1996 1784 1669 1905
10911 4 2 2 31 1996 1669 1784 1605
10912 4 2 2 31 1145 1873 2046 1465
10913 4 2 2 31 2046 1873 1145 1822
10914 4 2 2 31 406 1908 410 445
10915 4 2 2 31 410 1908 406 1772
10916 4 2 2 31 91 1964 1969 1006
10917 4 2 2 31 1969 1964 91 1722
10918 4 2 2 31 1088 1527 1927 1308
10919 4 2 2 31 1927 1527 1088 1468
10920 4 2 2 31 1883 10 88 1767
10921 4 2 2 31 1883 88 10 481
10922 4 2 2 31 2058 82 529 1690
10923 4 2 2 31 2058 529 82 83
10924 4 2 2 31 1193 2067 1194 1192
10925 4 2 2 31 1194 2067 1193 1724
10926 4 2 2 31 2046 1413 1820 1333
10927 4 2 2 31 2046 1820 1413 1689
10928 4 2 2 31 2009 909 1024 950
10929 4 2 2 31 2009 1024 909 1825
10930 4 2 2 31 2053 1005 859 94
10931 4 2 2 31 2053 859 1005 1987
10932 4 2 2 31 2035 353 1877 507
10933 4 2 2 31 2035 1877 353 1827
10934 4 2 2 31 816 949 258 801
10935 4 2 2 31 258 949 816 910
10936 4 2 2 31 1931 1382 1120 1230
10937 4 2 2 31 1931 1120 1382 1996
10938 4 2 2 31 1989 1946 1865 1682
10939 4 2 2 31 1989 1865 1946 1614
10940 4 2 2 31 837 961 1731 833
10941 4 2 2 31 1731 961 837 1013
10942 4 2 2 31 2000 286 1514 1479
10943 4 2 2 31 2000 1514 286 929
10944 4 2 2 31 2000 1537 1543 1833
10945 4 2 2 31 2000 1543 1537 1479
10946 4 2 2 31 2025 1234 1380 1836
10947 4 2 2 31 2025 1380 1234 1353
10948 4 2 2 31 1077 957 1694 1064
10949 4 2 2 31 1694 957 1077 1018
10950 4 2 2 31 1019 1063 266 1078
10951 4 2 2 31 266 1063 1019 956
10952 4 2 2 31 2070 827 1825 821
10953 4 2 2 31 2070 1825 827 1967
10954 4 2 2 31 1037 797 206 792
10955 4 2 2 31 206 797 1037 1077
10956 4 2 2 31 1542 1078 1692 1549
10957 4 2 2 31 1542 1692 1078 1036
10958 4 2 2 31 1434 1039 294 1074
10959 4 2 2 31 294 1039 1434 1234
10960 4 2 2 31 1935 2071 1444 1294
10961 4 2 2 31 1935 1444 2071 1814
10962 4 2 2 31 1409 1444 2071 1294
10963 4 2 2 31 1409 2071 1444 1814
$EndElements
