height_mm,gap_mm,preload_N,rate_N_mm,drag_N,mass_kg,eccentricity_mm,thermal_case,area_fraction,status,minimum_static_force_N,t90_s,error100_C,error200_C
0.45,0,0.12,0.2,0,0.15,0,CAD_mid,0.3,supported_contact,0.210000,13.600,5.75860,10.07699
0.45,0,0.12,0.2,0,0.15,0,CAD_mid,1,supported_contact,0.210000,9.700,4.31679,7.58654
0.45,0,0.12,0.2,0,0.15,0,conditional_candidate,0.3,supported_contact,0.210000,3.150,1.01654,1.84363
0.45,0,0.12,0.2,0,0.15,0,conditional_candidate,1,supported_contact,0.210000,2.200,0.83651,1.52562
0.45,0,0.12,0.2,0,0.15,60,CAD_mid,0.3,supported_contact,0.210000,13.600,5.75860,10.07699
0.45,0,0.12,0.2,0,0.15,60,CAD_mid,1,supported_contact,0.210000,9.700,4.31679,7.58654
0.45,0,0.12,0.2,0,0.15,60,conditional_candidate,0.3,supported_contact,0.210000,3.150,1.01654,1.84363
0.45,0,0.12,0.2,0,0.15,60,conditional_candidate,1,supported_contact,0.210000,2.200,0.83651,1.52562
0.45,0,0.12,0.2,0,0.6,0,CAD_mid,0.3,supported_contact,0.210000,13.600,5.75860,10.07699
0.45,0,0.12,0.2,0,0.6,0,CAD_mid,1,supported_contact,0.210000,9.700,4.31679,7.58654
0.45,0,0.12,0.2,0,0.6,0,conditional_candidate,0.3,supported_contact,0.210000,3.150,1.01654,1.84363
0.45,0,0.12,0.2,0,0.6,0,conditional_candidate,1,supported_contact,0.210000,2.200,0.83651,1.52562
0.45,0,0.12,0.2,0,0.6,60,CAD_mid,0.3,supported_contact,0.210000,13.600,5.75860,10.07699
0.45,0,0.12,0.2,0,0.6,60,CAD_mid,1,supported_contact,0.210000,9.700,4.31679,7.58654
0.45,0,0.12,0.2,0,0.6,60,conditional_candidate,0.3,supported_contact,0.210000,3.150,1.01654,1.84363
0.45,0,0.12,0.2,0,0.6,60,conditional_candidate,1,supported_contact,0.210000,2.200,0.83651,1.52562
0.45,0,0.12,0.2,0.05,0.15,0,CAD_mid,0.3,supported_contact,0.160000,16.000,6.63006,11.58227
0.45,0,0.12,0.2,0.05,0.15,0,CAD_mid,1,supported_contact,0.160000,11.450,4.95192,8.68361
0.45,0,0.12,0.2,0.05,0.15,0,conditional_candidate,0.3,supported_contact,0.160000,3.600,1.10345,1.99715
0.45,0,0.12,0.2,0.05,0.15,0,conditional_candidate,1,supported_contact,0.160000,2.500,0.89739,1.63316
0.45,0,0.12,0.2,0.05,0.15,60,CAD_mid,0.3,supported_contact,0.160000,16.000,6.63006,11.58227
0.45,0,0.12,0.2,0.05,0.15,60,CAD_mid,1,supported_contact,0.160000,11.450,4.95192,8.68361
0.45,0,0.12,0.2,0.05,0.15,60,conditional_candidate,0.3,supported_contact,0.160000,3.600,1.10345,1.99715
0.45,0,0.12,0.2,0.05,0.15,60,conditional_candidate,1,supported_contact,0.160000,2.500,0.89739,1.63316
0.45,0,0.12,0.2,0.05,0.6,0,CAD_mid,0.3,supported_contact,0.160000,16.000,6.63006,11.58227
0.45,0,0.12,0.2,0.05,0.6,0,CAD_mid,1,supported_contact,0.160000,11.450,4.95192,8.68361
0.45,0,0.12,0.2,0.05,0.6,0,conditional_candidate,0.3,supported_contact,0.160000,3.600,1.10345,1.99715
0.45,0,0.12,0.2,0.05,0.6,0,conditional_candidate,1,supported_contact,0.160000,2.500,0.89739,1.63316
0.45,0,0.12,0.2,0.05,0.6,60,CAD_mid,0.3,supported_contact,0.160000,16.000,6.63006,11.58227
0.45,0,0.12,0.2,0.05,0.6,60,CAD_mid,1,supported_contact,0.160000,11.450,4.95192,8.68361
0.45,0,0.12,0.2,0.05,0.6,60,conditional_candidate,0.3,supported_contact,0.160000,3.600,1.10345,1.99715
0.45,0,0.12,0.2,0.05,0.6,60,conditional_candidate,1,supported_contact,0.160000,2.500,0.89739,1.63316
0.45,0,0.12,0.3,0,0.15,0,CAD_mid,0.3,supported_contact,0.255000,12.150,5.21954,9.14587
0.45,0,0.12,0.3,0,0.15,0,CAD_mid,1,supported_contact,0.255000,8.650,3.92622,6.91191
0.45,0,0.12,0.3,0,0.15,0,conditional_candidate,0.3,supported_contact,0.255000,2.850,0.96376,1.75040
0.45,0,0.12,0.3,0,0.15,0,conditional_candidate,1,supported_contact,0.255000,2.000,0.79956,1.46036
0.45,0,0.12,0.3,0,0.15,60,CAD_mid,0.3,supported_contact,0.255000,12.150,5.21954,9.14587
0.45,0,0.12,0.3,0,0.15,60,CAD_mid,1,supported_contact,0.255000,8.650,3.92622,6.91191
0.45,0,0.12,0.3,0,0.15,60,conditional_candidate,0.3,supported_contact,0.255000,2.850,0.96376,1.75040
0.45,0,0.12,0.3,0,0.15,60,conditional_candidate,1,supported_contact,0.255000,2.000,0.79956,1.46036
0.45,0,0.12,0.3,0,0.6,0,CAD_mid,0.3,supported_contact,0.255000,12.150,5.21954,9.14587
0.45,0,0.12,0.3,0,0.6,0,CAD_mid,1,supported_contact,0.255000,8.650,3.92622,6.91191
0.45,0,0.12,0.3,0,0.6,0,conditional_candidate,0.3,supported_contact,0.255000,2.850,0.96376,1.75040
0.45,0,0.12,0.3,0,0.6,0,conditional_candidate,1,supported_contact,0.255000,2.000,0.79956,1.46036
0.45,0,0.12,0.3,0,0.6,60,CAD_mid,0.3,supported_contact,0.255000,12.150,5.21954,9.14587
0.45,0,0.12,0.3,0,0.6,60,CAD_mid,1,supported_contact,0.255000,8.650,3.92622,6.91191
0.45,0,0.12,0.3,0,0.6,60,conditional_candidate,0.3,supported_contact,0.255000,2.850,0.96376,1.75040
0.45,0,0.12,0.3,0,0.6,60,conditional_candidate,1,supported_contact,0.255000,2.000,0.79956,1.46036
0.45,0,0.12,0.3,0.05,0.15,0,CAD_mid,0.3,supported_contact,0.205000,13.800,5.83013,10.20054
0.45,0,0.12,0.3,0.05,0.15,0,CAD_mid,1,supported_contact,0.205000,9.850,4.36875,7.67629
0.45,0,0.12,0.3,0.05,0.15,0,conditional_candidate,0.3,supported_contact,0.205000,3.150,1.02359,1.85609
0.45,0,0.12,0.3,0.05,0.15,0,conditional_candidate,1,supported_contact,0.205000,2.200,0.84145,1.53435
0.45,0,0.12,0.3,0.05,0.15,60,CAD_mid,0.3,supported_contact,0.205000,13.800,5.83013,10.20054
0.45,0,0.12,0.3,0.05,0.15,60,CAD_mid,1,supported_contact,0.205000,9.850,4.36875,7.67629
0.45,0,0.12,0.3,0.05,0.15,60,conditional_candidate,0.3,supported_contact,0.205000,3.150,1.02359,1.85609
0.45,0,0.12,0.3,0.05,0.15,60,conditional_candidate,1,supported_contact,0.205000,2.200,0.84145,1.53435
0.45,0,0.12,0.3,0.05,0.6,0,CAD_mid,0.3,supported_contact,0.205000,13.800,5.83013,10.20054
0.45,0,0.12,0.3,0.05,0.6,0,CAD_mid,1,supported_contact,0.205000,9.850,4.36875,7.67629
0.45,0,0.12,0.3,0.05,0.6,0,conditional_candidate,0.3,supported_contact,0.205000,3.150,1.02359,1.85609
0.45,0,0.12,0.3,0.05,0.6,0,conditional_candidate,1,supported_contact,0.205000,2.200,0.84145,1.53435
0.45,0,0.12,0.3,0.05,0.6,60,CAD_mid,0.3,supported_contact,0.205000,13.800,5.83013,10.20054
0.45,0,0.12,0.3,0.05,0.6,60,CAD_mid,1,supported_contact,0.205000,9.850,4.36875,7.67629
0.45,0,0.12,0.3,0.05,0.6,60,conditional_candidate,0.3,supported_contact,0.205000,3.150,1.02359,1.85609
0.45,0,0.12,0.3,0.05,0.6,60,conditional_candidate,1,supported_contact,0.205000,2.200,0.84145,1.53435
0.45,0,0.15,0.2,0,0.15,0,CAD_mid,0.3,supported_contact,0.240000,12.600,5.38094,9.42466
0.45,0,0.15,0.2,0,0.15,0,CAD_mid,1,supported_contact,0.240000,8.950,4.04298,7.11358
0.45,0,0.15,0.2,0,0.15,0,conditional_candidate,0.3,supported_contact,0.240000,2.950,0.97948,1.77818
0.45,0,0.15,0.2,0,0.15,0,conditional_candidate,1,supported_contact,0.240000,2.050,0.81057,1.47980
0.45,0,0.15,0.2,0,0.15,60,CAD_mid,0.3,supported_contact,0.240000,12.600,5.38094,9.42466
0.45,0,0.15,0.2,0,0.15,60,CAD_mid,1,supported_contact,0.240000,8.950,4.04298,7.11358
0.45,0,0.15,0.2,0,0.15,60,conditional_candidate,0.3,supported_contact,0.240000,2.950,0.97948,1.77818
0.45,0,0.15,0.2,0,0.15,60,conditional_candidate,1,supported_contact,0.240000,2.050,0.81057,1.47980
0.45,0,0.15,0.2,0,0.6,0,CAD_mid,0.3,supported_contact,0.240000,12.600,5.38094,9.42466
0.45,0,0.15,0.2,0,0.6,0,CAD_mid,1,supported_contact,0.240000,8.950,4.04298,7.11358
0.45,0,0.15,0.2,0,0.6,0,conditional_candidate,0.3,supported_contact,0.240000,2.950,0.97948,1.77818
0.45,0,0.15,0.2,0,0.6,0,conditional_candidate,1,supported_contact,0.240000,2.050,0.81057,1.47980
0.45,0,0.15,0.2,0,0.6,60,CAD_mid,0.3,supported_contact,0.240000,12.600,5.38094,9.42466
0.45,0,0.15,0.2,0,0.6,60,CAD_mid,1,supported_contact,0.240000,8.950,4.04298,7.11358
0.45,0,0.15,0.2,0,0.6,60,conditional_candidate,0.3,supported_contact,0.240000,2.950,0.97948,1.77818
0.45,0,0.15,0.2,0,0.6,60,conditional_candidate,1,supported_contact,0.240000,2.050,0.81057,1.47980
0.45,0,0.15,0.2,0.05,0.15,0,CAD_mid,0.3,supported_contact,0.190000,14.450,6.06272,10.60230
0.45,0,0.15,0.2,0.05,0.15,0,CAD_mid,1,supported_contact,0.190000,10.300,4.53791,7.96849
0.45,0,0.15,0.2,0.05,0.15,0,conditional_candidate,0.3,supported_contact,0.190000,3.300,1.04664,1.89680
0.45,0,0.15,0.2,0.05,0.15,0,conditional_candidate,1,supported_contact,0.190000,2.300,0.85759,1.56286
0.45,0,0.15,0.2,0.05,0.15,60,CAD_mid,0.3,supported_contact,0.190000,14.450,6.06272,10.60230
0.45,0,0.15,0.2,0.05,0.15,60,CAD_mid,1,supported_contact,0.190000,10.300,4.53791,7.96849
0.45,0,0.15,0.2,0.05,0.15,60,conditional_candidate,0.3,supported_contact,0.190000,3.300,1.04664,1.89680
0.45,0,0.15,0.2,0.05,0.15,60,conditional_candidate,1,supported_contact,0.190000,2.300,0.85759,1.56286
0.45,0,0.15,0.2,0.05,0.6,0,CAD_mid,0.3,supported_contact,0.190000,14.450,6.06272,10.60230
0.45,0,0.15,0.2,0.05,0.6,0,CAD_mid,1,supported_contact,0.190000,10.300,4.53791,7.96849
0.45,0,0.15,0.2,0.05,0.6,0,conditional_candidate,0.3,supported_contact,0.190000,3.300,1.04664,1.89680
0.45,0,0.15,0.2,0.05,0.6,0,conditional_candidate,1,supported_contact,0.190000,2.300,0.85759,1.56286
0.45,0,0.15,0.2,0.05,0.6,60,CAD_mid,0.3,supported_contact,0.190000,14.450,6.06272,10.60230
0.45,0,0.15,0.2,0.05,0.6,60,CAD_mid,1,supported_contact,0.190000,10.300,4.53791,7.96849
0.45,0,0.15,0.2,0.05,0.6,60,conditional_candidate,0.3,supported_contact,0.190000,3.300,1.04664,1.89680
0.45,0,0.15,0.2,0.05,0.6,60,conditional_candidate,1,supported_contact,0.190000,2.300,0.85759,1.56286
0.45,0,0.15,0.3,0,0.15,0,CAD_mid,0.3,supported_contact,0.285000,11.400,4.93890,8.66112
0.45,0,0.15,0.3,0,0.15,0,CAD_mid,1,supported_contact,0.285000,8.100,3.72358,6.56188
0.45,0,0.15,0.3,0,0.15,0,conditional_candidate,0.3,supported_contact,0.285000,2.700,0.93658,1.70239
0.45,0,0.15,0.3,0,0.15,0,conditional_candidate,1,supported_contact,0.285000,1.900,0.78054,1.42675
0.45,0,0.15,0.3,0,0.15,60,CAD_mid,0.3,supported_contact,0.285000,11.400,4.93890,8.66112
0.45,0,0.15,0.3,0,0.15,60,CAD_mid,1,supported_contact,0.285000,8.100,3.72358,6.56188
0.45,0,0.15,0.3,0,0.15,60,conditional_candidate,0.3,supported_contact,0.285000,2.700,0.93658,1.70239
0.45,0,0.15,0.3,0,0.15,60,conditional_candidate,1,supported_contact,0.285000,1.900,0.78054,1.42675
0.45,0,0.15,0.3,0,0.6,0,CAD_mid,0.3,supported_contact,0.285000,11.400,4.93890,8.66112
0.45,0,0.15,0.3,0,0.6,0,CAD_mid,1,supported_contact,0.285000,8.100,3.72358,6.56188
0.45,0,0.15,0.3,0,0.6,0,conditional_candidate,0.3,supported_contact,0.285000,2.700,0.93658,1.70239
0.45,0,0.15,0.3,0,0.6,0,conditional_candidate,1,supported_contact,0.285000,1.900,0.78054,1.42675
0.45,0,0.15,0.3,0,0.6,60,CAD_mid,0.3,supported_contact,0.285000,11.400,4.93890,8.66112
0.45,0,0.15,0.3,0,0.6,60,CAD_mid,1,supported_contact,0.285000,8.100,3.72358,6.56188
0.45,0,0.15,0.3,0,0.6,60,conditional_candidate,0.3,supported_contact,0.285000,2.700,0.93658,1.70239
0.45,0,0.15,0.3,0,0.6,60,conditional_candidate,1,supported_contact,0.285000,1.900,0.78054,1.42675
0.45,0,0.15,0.3,0.05,0.15,0,CAD_mid,0.3,supported_contact,0.235000,12.750,5.43843,9.52396
0.45,0,0.15,0.3,0.05,0.15,0,CAD_mid,1,supported_contact,0.235000,9.100,4.08460,7.18548
0.45,0,0.15,0.3,0.05,0.15,0,conditional_candidate,0.3,supported_contact,0.235000,2.950,0.98510,1.78810
0.45,0,0.15,0.3,0.05,0.15,0,conditional_candidate,1,supported_contact,0.235000,2.050,0.81450,1.48674
0.45,0,0.15,0.3,0.05,0.15,60,CAD_mid,0.3,supported_contact,0.235000,12.750,5.43843,9.52396
0.45,0,0.15,0.3,0.05,0.15,60,CAD_mid,1,supported_contact,0.235000,9.100,4.08460,7.18548
0.45,0,0.15,0.3,0.05,0.15,60,conditional_candidate,0.3,supported_contact,0.235000,2.950,0.98510,1.78810
0.45,0,0.15,0.3,0.05,0.15,60,conditional_candidate,1,supported_contact,0.235000,2.050,0.81450,1.48674
0.45,0,0.15,0.3,0.05,0.6,0,CAD_mid,0.3,supported_contact,0.235000,12.750,5.43843,9.52396
0.45,0,0.15,0.3,0.05,0.6,0,CAD_mid,1,supported_contact,0.235000,9.100,4.08460,7.18548
0.45,0,0.15,0.3,0.05,0.6,0,conditional_candidate,0.3,supported_contact,0.235000,2.950,0.98510,1.78810
0.45,0,0.15,0.3,0.05,0.6,0,conditional_candidate,1,supported_contact,0.235000,2.050,0.81450,1.48674
0.45,0,0.15,0.3,0.05,0.6,60,CAD_mid,0.3,supported_contact,0.235000,12.750,5.43843,9.52396
0.45,0,0.15,0.3,0.05,0.6,60,CAD_mid,1,supported_contact,0.235000,9.100,4.08460,7.18548
0.45,0,0.15,0.3,0.05,0.6,60,conditional_candidate,0.3,supported_contact,0.235000,2.950,0.98510,1.78810
0.45,0,0.15,0.3,0.05,0.6,60,conditional_candidate,1,supported_contact,0.235000,2.050,0.81450,1.48674
0.45,0.35,0.12,0.2,0,0.15,0,CAD_mid,0.3,supported_contact,0.140000,17.300,7.11303,12.41651
0.45,0.35,0.12,0.2,0,0.15,0,CAD_mid,1,supported_contact,0.140000,12.400,5.30592,9.29507
0.45,0.35,0.12,0.2,0,0.15,0,conditional_candidate,0.3,supported_contact,0.140000,3.850,1.15249,2.08377
0.45,0.35,0.12,0.2,0,0.15,0,conditional_candidate,1,supported_contact,0.140000,2.700,0.93176,1.69388
0.45,0.35,0.12,0.2,0,0.15,60,CAD_mid,0.3,supported_contact,0.140000,17.300,7.11303,12.41651
0.45,0.35,0.12,0.2,0,0.15,60,CAD_mid,1,supported_contact,0.140000,12.400,5.30592,9.29507
0.45,0.35,0.12,0.2,0,0.15,60,conditional_candidate,0.3,supported_contact,0.140000,3.850,1.15249,2.08377
0.45,0.35,0.12,0.2,0,0.15,60,conditional_candidate,1,supported_contact,0.140000,2.700,0.93176,1.69388
0.45,0.35,0.12,0.2,0,0.6,0,CAD_mid,0.3,supported_contact,0.140000,17.300,7.11303,12.41651
0.45,0.35,0.12,0.2,0,0.6,0,CAD_mid,1,supported_contact,0.140000,12.400,5.30592,9.29507
0.45,0.35,0.12,0.2,0,0.6,0,conditional_candidate,0.3,supported_contact,0.140000,3.850,1.15249,2.08377
0.45,0.35,0.12,0.2,0,0.6,0,conditional_candidate,1,supported_contact,0.140000,2.700,0.93176,1.69388
0.45,0.35,0.12,0.2,0,0.6,60,CAD_mid,0.3,supported_contact,0.140000,17.300,7.11303,12.41651
0.45,0.35,0.12,0.2,0,0.6,60,CAD_mid,1,supported_contact,0.140000,12.400,5.30592,9.29507
0.45,0.35,0.12,0.2,0,0.6,60,conditional_candidate,0.3,supported_contact,0.140000,3.850,1.15249,2.08377
0.45,0.35,0.12,0.2,0,0.6,60,conditional_candidate,1,supported_contact,0.140000,2.700,0.93176,1.69388
0.45,0.35,0.12,0.2,0.05,0.15,0,CAD_mid,0.3,supported_contact,0.090000,22.450,9.00650,15.68713
0.45,0.35,0.12,0.2,0.05,0.15,0,CAD_mid,1,supported_contact,0.090000,16.200,6.70769,11.71636
0.45,0.35,0.12,0.2,0.05,0.15,0,conditional_candidate,0.3,supported_contact,0.090000,4.900,1.35100,2.43443
0.45,0.35,0.12,0.2,0.05,0.15,0,conditional_candidate,1,supported_contact,0.090000,3.400,1.07103,1.93989
0.45,0.35,0.12,0.2,0.05,0.15,60,CAD_mid,0.3,supported_contact,0.090000,22.450,9.00650,15.68713
0.45,0.35,0.12,0.2,0.05,0.15,60,CAD_mid,1,supported_contact,0.090000,16.200,6.70769,11.71636
0.45,0.35,0.12,0.2,0.05,0.15,60,conditional_candidate,0.3,supported_contact,0.090000,4.900,1.35100,2.43443
0.45,0.35,0.12,0.2,0.05,0.15,60,conditional_candidate,1,supported_contact,0.090000,3.400,1.07103,1.93989
0.45,0.35,0.12,0.2,0.05,0.6,0,CAD_mid,0.3,supported_contact,0.090000,22.450,9.00650,15.68713
0.45,0.35,0.12,0.2,0.05,0.6,0,CAD_mid,1,supported_contact,0.090000,16.200,6.70769,11.71636
0.45,0.35,0.12,0.2,0.05,0.6,0,conditional_candidate,0.3,supported_contact,0.090000,4.900,1.35100,2.43443
0.45,0.35,0.12,0.2,0.05,0.6,0,conditional_candidate,1,supported_contact,0.090000,3.400,1.07103,1.93989
0.45,0.35,0.12,0.2,0.05,0.6,60,CAD_mid,0.3,supported_contact,0.090000,22.450,9.00650,15.68713
0.45,0.35,0.12,0.2,0.05,0.6,60,CAD_mid,1,supported_contact,0.090000,16.200,6.70769,11.71636
0.45,0.35,0.12,0.2,0.05,0.6,60,conditional_candidate,0.3,supported_contact,0.090000,4.900,1.35100,2.43443
0.45,0.35,0.12,0.2,0.05,0.6,60,conditional_candidate,1,supported_contact,0.090000,3.400,1.07103,1.93989
0.45,0.35,0.12,0.3,0,0.15,0,CAD_mid,0.3,supported_contact,0.150000,16.600,6.85871,11.97722
0.45,0.35,0.12,0.3,0,0.15,0,CAD_mid,1,supported_contact,0.150000,11.900,5.11933,8.97278
0.45,0.35,0.12,0.3,0,0.15,0,conditional_candidate,0.3,supported_contact,0.150000,3.700,1.12659,2.03802
0.45,0.35,0.12,0.3,0,0.15,0,conditional_candidate,1,supported_contact,0.150000,2.600,0.91361,1.66181
0.45,0.35,0.12,0.3,0,0.15,60,CAD_mid,0.3,supported_contact,0.150000,16.600,6.85871,11.97722
0.45,0.35,0.12,0.3,0,0.15,60,CAD_mid,1,supported_contact,0.150000,11.900,5.11933,8.97278
0.45,0.35,0.12,0.3,0,0.15,60,conditional_candidate,0.3,supported_contact,0.150000,3.700,1.12659,2.03802
0.45,0.35,0.12,0.3,0,0.15,60,conditional_candidate,1,supported_contact,0.150000,2.600,0.91361,1.66181
0.45,0.35,0.12,0.3,0,0.6,0,CAD_mid,0.3,supported_contact,0.150000,16.600,6.85871,11.97722
0.45,0.35,0.12,0.3,0,0.6,0,CAD_mid,1,supported_contact,0.150000,11.900,5.11933,8.97278
0.45,0.35,0.12,0.3,0,0.6,0,conditional_candidate,0.3,supported_contact,0.150000,3.700,1.12659,2.03802
0.45,0.35,0.12,0.3,0,0.6,0,conditional_candidate,1,supported_contact,0.150000,2.600,0.91361,1.66181
0.45,0.35,0.12,0.3,0,0.6,60,CAD_mid,0.3,supported_contact,0.150000,16.600,6.85871,11.97722
0.45,0.35,0.12,0.3,0,0.6,60,CAD_mid,1,supported_contact,0.150000,11.900,5.11933,8.97278
0.45,0.35,0.12,0.3,0,0.6,60,conditional_candidate,0.3,supported_contact,0.150000,3.700,1.12659,2.03802
0.45,0.35,0.12,0.3,0,0.6,60,conditional_candidate,1,supported_contact,0.150000,2.600,0.91361,1.66181
0.45,0.35,0.12,0.3,0.05,0.15,0,CAD_mid,0.3,supported_contact,0.100000,21.100,8.51087,14.83102
0.45,0.35,0.12,0.3,0.05,0.15,0,CAD_mid,1,supported_contact,0.100000,15.200,6.33860,11.07883
0.45,0.35,0.12,0.3,0.05,0.15,0,conditional_candidate,0.3,supported_contact,0.100000,4.600,1.29805,2.34090
0.45,0.35,0.12,0.3,0.05,0.15,0,conditional_candidate,1,supported_contact,0.100000,3.200,1.03386,1.87423
0.45,0.35,0.12,0.3,0.05,0.15,60,CAD_mid,0.3,supported_contact,0.100000,21.100,8.51087,14.83102
0.45,0.35,0.12,0.3,0.05,0.15,60,CAD_mid,1,supported_contact,0.100000,15.200,6.33860,11.07883
0.45,0.35,0.12,0.3,0.05,0.15,60,conditional_candidate,0.3,supported_contact,0.100000,4.600,1.29805,2.34090
0.45,0.35,0.12,0.3,0.05,0.15,60,conditional_candidate,1,supported_contact,0.100000,3.200,1.03386,1.87423
0.45,0.35,0.12,0.3,0.05,0.6,0,CAD_mid,0.3,supported_contact,0.100000,21.100,8.51087,14.83102
0.45,0.35,0.12,0.3,0.05,0.6,0,CAD_mid,1,supported_contact,0.100000,15.200,6.33860,11.07883
0.45,0.35,0.12,0.3,0.05,0.6,0,conditional_candidate,0.3,supported_contact,0.100000,4.600,1.29805,2.34090
0.45,0.35,0.12,0.3,0.05,0.6,0,conditional_candidate,1,supported_contact,0.100000,3.200,1.03386,1.87423
0.45,0.35,0.12,0.3,0.05,0.6,60,CAD_mid,0.3,supported_contact,0.100000,21.100,8.51087,14.83102
0.45,0.35,0.12,0.3,0.05,0.6,60,CAD_mid,1,supported_contact,0.100000,15.200,6.33860,11.07883
0.45,0.35,0.12,0.3,0.05,0.6,60,conditional_candidate,0.3,supported_contact,0.100000,4.600,1.29805,2.34090
0.45,0.35,0.12,0.3,0.05,0.6,60,conditional_candidate,1,supported_contact,0.100000,3.200,1.03386,1.87423
0.45,0.35,0.15,0.2,0,0.15,0,CAD_mid,0.3,supported_contact,0.170000,15.450,6.42317,11.22490
0.45,0.35,0.15,0.2,0,0.15,0,CAD_mid,1,supported_contact,0.170000,11.050,4.80072,8.42243
0.45,0.35,0.15,0.2,0,0.15,0,conditional_candidate,0.3,supported_contact,0.170000,3.450,1.08263,1.96038
0.45,0.35,0.15,0.2,0,0.15,0,conditional_candidate,1,supported_contact,0.170000,2.450,0.88281,1.60740
0.45,0.35,0.15,0.2,0,0.15,60,CAD_mid,0.3,supported_contact,0.170000,15.450,6.42317,11.22490
0.45,0.35,0.15,0.2,0,0.15,60,CAD_mid,1,supported_contact,0.170000,11.050,4.80072,8.42243
0.45,0.35,0.15,0.2,0,0.15,60,conditional_candidate,0.3,supported_contact,0.170000,3.450,1.08263,1.96038
0.45,0.35,0.15,0.2,0,0.15,60,conditional_candidate,1,supported_contact,0.170000,2.450,0.88281,1.60740
0.45,0.35,0.15,0.2,0,0.6,0,CAD_mid,0.3,supported_contact,0.170000,15.450,6.42317,11.22490
0.45,0.35,0.15,0.2,0,0.6,0,CAD_mid,1,supported_contact,0.170000,11.050,4.80072,8.42243
0.45,0.35,0.15,0.2,0,0.6,0,conditional_candidate,0.3,supported_contact,0.170000,3.450,1.08263,1.96038
0.45,0.35,0.15,0.2,0,0.6,0,conditional_candidate,1,supported_contact,0.170000,2.450,0.88281,1.60740
0.45,0.35,0.15,0.2,0,0.6,60,CAD_mid,0.3,supported_contact,0.170000,15.450,6.42317,11.22490
0.45,0.35,0.15,0.2,0,0.6,60,CAD_mid,1,supported_contact,0.170000,11.050,4.80072,8.42243
0.45,0.35,0.15,0.2,0,0.6,60,conditional_candidate,0.3,supported_contact,0.170000,3.450,1.08263,1.96038
0.45,0.35,0.15,0.2,0,0.6,60,conditional_candidate,1,supported_contact,0.170000,2.450,0.88281,1.60740
0.45,0.35,0.15,0.2,0.05,0.15,0,CAD_mid,0.3,supported_contact,0.120000,18.950,7.71988,13.46473
0.45,0.35,0.15,0.2,0.05,0.15,0,CAD_mid,1,supported_contact,0.120000,13.600,5.75275,10.06689
0.45,0.35,0.15,0.2,0.05,0.15,0,conditional_candidate,0.3,supported_contact,0.120000,4.150,1.21501,2.19421
0.45,0.35,0.15,0.2,0.05,0.15,0,conditional_candidate,1,supported_contact,0.120000,2.900,0.97560,1.77131
0.45,0.35,0.15,0.2,0.05,0.15,60,CAD_mid,0.3,supported_contact,0.120000,18.950,7.71988,13.46473
0.45,0.35,0.15,0.2,0.05,0.15,60,CAD_mid,1,supported_contact,0.120000,13.600,5.75275,10.06689
0.45,0.35,0.15,0.2,0.05,0.15,60,conditional_candidate,0.3,supported_contact,0.120000,4.150,1.21501,2.19421
0.45,0.35,0.15,0.2,0.05,0.15,60,conditional_candidate,1,supported_contact,0.120000,2.900,0.97560,1.77131
0.45,0.35,0.15,0.2,0.05,0.6,0,CAD_mid,0.3,supported_contact,0.120000,18.950,7.71988,13.46473
0.45,0.35,0.15,0.2,0.05,0.6,0,CAD_mid,1,supported_contact,0.120000,13.600,5.75275,10.06689
0.45,0.35,0.15,0.2,0.05,0.6,0,conditional_candidate,0.3,supported_contact,0.120000,4.150,1.21501,2.19421
0.45,0.35,0.15,0.2,0.05,0.6,0,conditional_candidate,1,supported_contact,0.120000,2.900,0.97560,1.77131
0.45,0.35,0.15,0.2,0.05,0.6,60,CAD_mid,0.3,supported_contact,0.120000,18.950,7.71988,13.46473
0.45,0.35,0.15,0.2,0.05,0.6,60,CAD_mid,1,supported_contact,0.120000,13.600,5.75275,10.06689
0.45,0.35,0.15,0.2,0.05,0.6,60,conditional_candidate,0.3,supported_contact,0.120000,4.150,1.21501,2.19421
0.45,0.35,0.15,0.2,0.05,0.6,60,conditional_candidate,1,supported_contact,0.120000,2.900,0.97560,1.77131
0.45,0.35,0.15,0.3,0,0.15,0,CAD_mid,0.3,supported_contact,0.180000,14.900,6.23490,10.89971
0.45,0.35,0.15,0.3,0,0.15,0,CAD_mid,1,supported_contact,0.180000,10.650,4.66335,8.18516
0.45,0.35,0.15,0.3,0,0.15,0,conditional_candidate,0.3,supported_contact,0.180000,3.350,1.06379,1.92710
0.45,0.35,0.15,0.3,0,0.15,0,conditional_candidate,1,supported_contact,0.180000,2.350,0.86961,1.58408
0.45,0.35,0.15,0.3,0,0.15,60,CAD_mid,0.3,supported_contact,0.180000,14.900,6.23490,10.89971
0.45,0.35,0.15,0.3,0,0.15,60,CAD_mid,1,supported_contact,0.180000,10.650,4.66335,8.18516
0.45,0.35,0.15,0.3,0,0.15,60,conditional_candidate,0.3,supported_contact,0.180000,3.350,1.06379,1.92710
0.45,0.35,0.15,0.3,0,0.15,60,conditional_candidate,1,supported_contact,0.180000,2.350,0.86961,1.58408
0.45,0.35,0.15,0.3,0,0.6,0,CAD_mid,0.3,supported_contact,0.180000,14.900,6.23490,10.89971
0.45,0.35,0.15,0.3,0,0.6,0,CAD_mid,1,supported_contact,0.180000,10.650,4.66335,8.18516
0.45,0.35,0.15,0.3,0,0.6,0,conditional_candidate,0.3,supported_contact,0.180000,3.350,1.06379,1.92710
0.45,0.35,0.15,0.3,0,0.6,0,conditional_candidate,1,supported_contact,0.180000,2.350,0.86961,1.58408
0.45,0.35,0.15,0.3,0,0.6,60,CAD_mid,0.3,supported_contact,0.180000,14.900,6.23490,10.89971
0.45,0.35,0.15,0.3,0,0.6,60,CAD_mid,1,supported_contact,0.180000,10.650,4.66335,8.18516
0.45,0.35,0.15,0.3,0,0.6,60,conditional_candidate,0.3,supported_contact,0.180000,3.350,1.06379,1.92710
0.45,0.35,0.15,0.3,0,0.6,60,conditional_candidate,1,supported_contact,0.180000,2.350,0.86961,1.58408
0.45,0.35,0.15,0.3,0.05,0.15,0,CAD_mid,0.3,supported_contact,0.130000,18.050,7.39796,12.90868
0.45,0.35,0.15,0.3,0.05,0.15,0,CAD_mid,1,supported_contact,0.130000,12.950,5.51544,9.65697
0.45,0.35,0.15,0.3,0.05,0.15,0,conditional_candidate,0.3,supported_contact,0.130000,4.000,1.18172,2.13540
0.45,0.35,0.15,0.3,0.05,0.15,0,conditional_candidate,1,supported_contact,0.130000,2.800,0.95225,1.73007
0.45,0.35,0.15,0.3,0.05,0.15,60,CAD_mid,0.3,supported_contact,0.130000,18.050,7.39796,12.90868
0.45,0.35,0.15,0.3,0.05,0.15,60,CAD_mid,1,supported_contact,0.130000,12.950,5.51544,9.65697
0.45,0.35,0.15,0.3,0.05,0.15,60,conditional_candidate,0.3,supported_contact,0.130000,4.000,1.18172,2.13540
0.45,0.35,0.15,0.3,0.05,0.15,60,conditional_candidate,1,supported_contact,0.130000,2.800,0.95225,1.73007
0.45,0.35,0.15,0.3,0.05,0.6,0,CAD_mid,0.3,supported_contact,0.130000,18.050,7.39796,12.90868
0.45,0.35,0.15,0.3,0.05,0.6,0,CAD_mid,1,supported_contact,0.130000,12.950,5.51544,9.65697
0.45,0.35,0.15,0.3,0.05,0.6,0,conditional_candidate,0.3,supported_contact,0.130000,4.000,1.18172,2.13540
0.45,0.35,0.15,0.3,0.05,0.6,0,conditional_candidate,1,supported_contact,0.130000,2.800,0.95225,1.73007
0.45,0.35,0.15,0.3,0.05,0.6,60,CAD_mid,0.3,supported_contact,0.130000,18.050,7.39796,12.90868
0.45,0.35,0.15,0.3,0.05,0.6,60,CAD_mid,1,supported_contact,0.130000,12.950,5.51544,9.65697
0.45,0.35,0.15,0.3,0.05,0.6,60,conditional_candidate,0.3,supported_contact,0.130000,4.000,1.18172,2.13540
0.45,0.35,0.15,0.3,0.05,0.6,60,conditional_candidate,1,supported_contact,0.130000,2.800,0.95225,1.73007
0.45,0.6,0.12,0.2,0,0.15,0,CAD_mid,0.3,no_contact,0.000000,NaN,NaN,NaN
0.45,0.6,0.12,0.2,0,0.15,0,CAD_mid,1,no_contact,0.000000,NaN,NaN,NaN
0.45,0.6,0.12,0.2,0,0.15,0,conditional_candidate,0.3,no_contact,0.000000,NaN,NaN,NaN
0.45,0.6,0.12,0.2,0,0.15,0,conditional_candidate,1,no_contact,0.000000,NaN,NaN,NaN
0.45,0.6,0.12,0.2,0,0.15,60,CAD_mid,0.3,no_contact,0.000000,NaN,NaN,NaN
0.45,0.6,0.12,0.2,0,0.15,60,CAD_mid,1,no_contact,0.000000,NaN,NaN,NaN
0.45,0.6,0.12,0.2,0,0.15,60,conditional_candidate,0.3,no_contact,0.000000,NaN,NaN,NaN
0.45,0.6,0.12,0.2,0,0.15,60,conditional_candidate,1,no_contact,0.000000,NaN,NaN,NaN
0.45,0.6,0.12,0.2,0,0.6,0,CAD_mid,0.3,no_contact,0.000000,NaN,NaN,NaN
0.45,0.6,0.12,0.2,0,0.6,0,CAD_mid,1,no_contact,0.000000,NaN,NaN,NaN
0.45,0.6,0.12,0.2,0,0.6,0,conditional_candidate,0.3,no_contact,0.000000,NaN,NaN,NaN
0.45,0.6,0.12,0.2,0,0.6,0,conditional_candidate,1,no_contact,0.000000,NaN,NaN,NaN
0.45,0.6,0.12,0.2,0,0.6,60,CAD_mid,0.3,no_contact,0.000000,NaN,NaN,NaN
0.45,0.6,0.12,0.2,0,0.6,60,CAD_mid,1,no_contact,0.000000,NaN,NaN,NaN
0.45,0.6,0.12,0.2,0,0.6,60,conditional_candidate,0.3,no_contact,0.000000,NaN,NaN,NaN
0.45,0.6,0.12,0.2,0,0.6,60,conditional_candidate,1,no_contact,0.000000,NaN,NaN,NaN
0.45,0.6,0.12,0.2,0.05,0.15,0,CAD_mid,0.3,no_contact,0.000000,NaN,NaN,NaN
0.45,0.6,0.12,0.2,0.05,0.15,0,CAD_mid,1,no_contact,0.000000,NaN,NaN,NaN
0.45,0.6,0.12,0.2,0.05,0.15,0,conditional_candidate,0.3,no_contact,0.000000,NaN,NaN,NaN
0.45,0.6,0.12,0.2,0.05,0.15,0,conditional_candidate,1,no_contact,0.000000,NaN,NaN,NaN
0.45,0.6,0.12,0.2,0.05,0.15,60,CAD_mid,0.3,no_contact,0.000000,NaN,NaN,NaN
0.45,0.6,0.12,0.2,0.05,0.15,60,CAD_mid,1,no_contact,0.000000,NaN,NaN,NaN
0.45,0.6,0.12,0.2,0.05,0.15,60,conditional_candidate,0.3,no_contact,0.000000,NaN,NaN,NaN
0.45,0.6,0.12,0.2,0.05,0.15,60,conditional_candidate,1,no_contact,0.000000,NaN,NaN,NaN
0.45,0.6,0.12,0.2,0.05,0.6,0,CAD_mid,0.3,no_contact,0.000000,NaN,NaN,NaN
0.45,0.6,0.12,0.2,0.05,0.6,0,CAD_mid,1,no_contact,0.000000,NaN,NaN,NaN
0.45,0.6,0.12,0.2,0.05,0.6,0,conditional_candidate,0.3,no_contact,0.000000,NaN,NaN,NaN
0.45,0.6,0.12,0.2,0.05,0.6,0,conditional_candidate,1,no_contact,0.000000,NaN,NaN,NaN
0.45,0.6,0.12,0.2,0.05,0.6,60,CAD_mid,0.3,no_contact,0.000000,NaN,NaN,NaN
0.45,0.6,0.12,0.2,0.05,0.6,60,CAD_mid,1,no_contact,0.000000,NaN,NaN,NaN
0.45,0.6,0.12,0.2,0.05,0.6,60,conditional_candidate,0.3,no_contact,0.000000,NaN,NaN,NaN
0.45,0.6,0.12,0.2,0.05,0.6,60,conditional_candidate,1,no_contact,0.000000,NaN,NaN,NaN
0.45,0.6,0.12,0.3,0,0.15,0,CAD_mid,0.3,no_contact,0.000000,NaN,NaN,NaN
0.45,0.6,0.12,0.3,0,0.15,0,CAD_mid,1,no_contact,0.000000,NaN,NaN,NaN
0.45,0.6,0.12,0.3,0,0.15,0,conditional_candidate,0.3,no_contact,0.000000,NaN,NaN,NaN
0.45,0.6,0.12,0.3,0,0.15,0,conditional_candidate,1,no_contact,0.000000,NaN,NaN,NaN
0.45,0.6,0.12,0.3,0,0.15,60,CAD_mid,0.3,no_contact,0.000000,NaN,NaN,NaN
0.45,0.6,0.12,0.3,0,0.15,60,CAD_mid,1,no_contact,0.000000,NaN,NaN,NaN
0.45,0.6,0.12,0.3,0,0.15,60,conditional_candidate,0.3,no_contact,0.000000,NaN,NaN,NaN
0.45,0.6,0.12,0.3,0,0.15,60,conditional_candidate,1,no_contact,0.000000,NaN,NaN,NaN
0.45,0.6,0.12,0.3,0,0.6,0,CAD_mid,0.3,no_contact,0.000000,NaN,NaN,NaN
0.45,0.6,0.12,0.3,0,0.6,0,CAD_mid,1,no_contact,0.000000,NaN,NaN,NaN
0.45,0.6,0.12,0.3,0,0.6,0,conditional_candidate,0.3,no_contact,0.000000,NaN,NaN,NaN
0.45,0.6,0.12,0.3,0,0.6,0,conditional_candidate,1,no_contact,0.000000,NaN,NaN,NaN
0.45,0.6,0.12,0.3,0,0.6,60,CAD_mid,0.3,no_contact,0.000000,NaN,NaN,NaN
0.45,0.6,0.12,0.3,0,0.6,60,CAD_mid,1,no_contact,0.000000,NaN,NaN,NaN
0.45,0.6,0.12,0.3,0,0.6,60,conditional_candidate,0.3,no_contact,0.000000,NaN,NaN,NaN
0.45,0.6,0.12,0.3,0,0.6,60,conditional_candidate,1,no_contact,0.000000,NaN,NaN,NaN
0.45,0.6,0.12,0.3,0.05,0.15,0,CAD_mid,0.3,no_contact,0.000000,NaN,NaN,NaN
0.45,0.6,0.12,0.3,0.05,0.15,0,CAD_mid,1,no_contact,0.000000,NaN,NaN,NaN
0.45,0.6,0.12,0.3,0.05,0.15,0,conditional_candidate,0.3,no_contact,0.000000,NaN,NaN,NaN
0.45,0.6,0.12,0.3,0.05,0.15,0,conditional_candidate,1,no_contact,0.000000,NaN,NaN,NaN
0.45,0.6,0.12,0.3,0.05,0.15,60,CAD_mid,0.3,no_contact,0.000000,NaN,NaN,NaN
0.45,0.6,0.12,0.3,0.05,0.15,60,CAD_mid,1,no_contact,0.000000,NaN,NaN,NaN
0.45,0.6,0.12,0.3,0.05,0.15,60,conditional_candidate,0.3,no_contact,0.000000,NaN,NaN,NaN
0.45,0.6,0.12,0.3,0.05,0.15,60,conditional_candidate,1,no_contact,0.000000,NaN,NaN,NaN
0.45,0.6,0.12,0.3,0.05,0.6,0,CAD_mid,0.3,no_contact,0.000000,NaN,NaN,NaN
0.45,0.6,0.12,0.3,0.05,0.6,0,CAD_mid,1,no_contact,0.000000,NaN,NaN,NaN
0.45,0.6,0.12,0.3,0.05,0.6,0,conditional_candidate,0.3,no_contact,0.000000,NaN,NaN,NaN
0.45,0.6,0.12,0.3,0.05,0.6,0,conditional_candidate,1,no_contact,0.000000,NaN,NaN,NaN
0.45,0.6,0.12,0.3,0.05,0.6,60,CAD_mid,0.3,no_contact,0.000000,NaN,NaN,NaN
0.45,0.6,0.12,0.3,0.05,0.6,60,CAD_mid,1,no_contact,0.000000,NaN,NaN,NaN
0.45,0.6,0.12,0.3,0.05,0.6,60,conditional_candidate,0.3,no_contact,0.000000,NaN,NaN,NaN
0.45,0.6,0.12,0.3,0.05,0.6,60,conditional_candidate,1,no_contact,0.000000,NaN,NaN,NaN
0.45,0.6,0.15,0.2,0,0.15,0,CAD_mid,0.3,no_contact,0.000000,NaN,NaN,NaN
0.45,0.6,0.15,0.2,0,0.15,0,CAD_mid,1,no_contact,0.000000,NaN,NaN,NaN
0.45,0.6,0.15,0.2,0,0.15,0,conditional_candidate,0.3,no_contact,0.000000,NaN,NaN,NaN
0.45,0.6,0.15,0.2,0,0.15,0,conditional_candidate,1,no_contact,0.000000,NaN,NaN,NaN
0.45,0.6,0.15,0.2,0,0.15,60,CAD_mid,0.3,no_contact,0.000000,NaN,NaN,NaN
0.45,0.6,0.15,0.2,0,0.15,60,CAD_mid,1,no_contact,0.000000,NaN,NaN,NaN
0.45,0.6,0.15,0.2,0,0.15,60,conditional_candidate,0.3,no_contact,0.000000,NaN,NaN,NaN
0.45,0.6,0.15,0.2,0,0.15,60,conditional_candidate,1,no_contact,0.000000,NaN,NaN,NaN
0.45,0.6,0.15,0.2,0,0.6,0,CAD_mid,0.3,no_contact,0.000000,NaN,NaN,NaN
0.45,0.6,0.15,0.2,0,0.6,0,CAD_mid,1,no_contact,0.000000,NaN,NaN,NaN
0.45,0.6,0.15,0.2,0,0.6,0,conditional_candidate,0.3,no_contact,0.000000,NaN,NaN,NaN
0.45,0.6,0.15,0.2,0,0.6,0,conditional_candidate,1,no_contact,0.000000,NaN,NaN,NaN
0.45,0.6,0.15,0.2,0,0.6,60,CAD_mid,0.3,no_contact,0.000000,NaN,NaN,NaN
0.45,0.6,0.15,0.2,0,0.6,60,CAD_mid,1,no_contact,0.000000,NaN,NaN,NaN
0.45,0.6,0.15,0.2,0,0.6,60,conditional_candidate,0.3,no_contact,0.000000,NaN,NaN,NaN
0.45,0.6,0.15,0.2,0,0.6,60,conditional_candidate,1,no_contact,0.000000,NaN,NaN,NaN
0.45,0.6,0.15,0.2,0.05,0.15,0,CAD_mid,0.3,no_contact,0.000000,NaN,NaN,NaN
0.45,0.6,0.15,0.2,0.05,0.15,0,CAD_mid,1,no_contact,0.000000,NaN,NaN,NaN
0.45,0.6,0.15,0.2,0.05,0.15,0,conditional_candidate,0.3,no_contact,0.000000,NaN,NaN,NaN
0.45,0.6,0.15,0.2,0.05,0.15,0,conditional_candidate,1,no_contact,0.000000,NaN,NaN,NaN
0.45,0.6,0.15,0.2,0.05,0.15,60,CAD_mid,0.3,no_contact,0.000000,NaN,NaN,NaN
0.45,0.6,0.15,0.2,0.05,0.15,60,CAD_mid,1,no_contact,0.000000,NaN,NaN,NaN
0.45,0.6,0.15,0.2,0.05,0.15,60,conditional_candidate,0.3,no_contact,0.000000,NaN,NaN,NaN
0.45,0.6,0.15,0.2,0.05,0.15,60,conditional_candidate,1,no_contact,0.000000,NaN,NaN,NaN
0.45,0.6,0.15,0.2,0.05,0.6,0,CAD_mid,0.3,no_contact,0.000000,NaN,NaN,NaN
0.45,0.6,0.15,0.2,0.05,0.6,0,CAD_mid,1,no_contact,0.000000,NaN,NaN,NaN
0.45,0.6,0.15,0.2,0.05,0.6,0,conditional_candidate,0.3,no_contact,0.000000,NaN,NaN,NaN
0.45,0.6,0.15,0.2,0.05,0.6,0,conditional_candidate,1,no_contact,0.000000,NaN,NaN,NaN
0.45,0.6,0.15,0.2,0.05,0.6,60,CAD_mid,0.3,no_contact,0.000000,NaN,NaN,NaN
0.45,0.6,0.15,0.2,0.05,0.6,60,CAD_mid,1,no_contact,0.000000,NaN,NaN,NaN
0.45,0.6,0.15,0.2,0.05,0.6,60,conditional_candidate,0.3,no_contact,0.000000,NaN,NaN,NaN
0.45,0.6,0.15,0.2,0.05,0.6,60,conditional_candidate,1,no_contact,0.000000,NaN,NaN,NaN
0.45,0.6,0.15,0.3,0,0.15,0,CAD_mid,0.3,no_contact,0.000000,NaN,NaN,NaN
0.45,0.6,0.15,0.3,0,0.15,0,CAD_mid,1,no_contact,0.000000,NaN,NaN,NaN
0.45,0.6,0.15,0.3,0,0.15,0,conditional_candidate,0.3,no_contact,0.000000,NaN,NaN,NaN
0.45,0.6,0.15,0.3,0,0.15,0,conditional_candidate,1,no_contact,0.000000,NaN,NaN,NaN
0.45,0.6,0.15,0.3,0,0.15,60,CAD_mid,0.3,no_contact,0.000000,NaN,NaN,NaN
0.45,0.6,0.15,0.3,0,0.15,60,CAD_mid,1,no_contact,0.000000,NaN,NaN,NaN
0.45,0.6,0.15,0.3,0,0.15,60,conditional_candidate,0.3,no_contact,0.000000,NaN,NaN,NaN
0.45,0.6,0.15,0.3,0,0.15,60,conditional_candidate,1,no_contact,0.000000,NaN,NaN,NaN
0.45,0.6,0.15,0.3,0,0.6,0,CAD_mid,0.3,no_contact,0.000000,NaN,NaN,NaN
0.45,0.6,0.15,0.3,0,0.6,0,CAD_mid,1,no_contact,0.000000,NaN,NaN,NaN
0.45,0.6,0.15,0.3,0,0.6,0,conditional_candidate,0.3,no_contact,0.000000,NaN,NaN,NaN
0.45,0.6,0.15,0.3,0,0.6,0,conditional_candidate,1,no_contact,0.000000,NaN,NaN,NaN
0.45,0.6,0.15,0.3,0,0.6,60,CAD_mid,0.3,no_contact,0.000000,NaN,NaN,NaN
0.45,0.6,0.15,0.3,0,0.6,60,CAD_mid,1,no_contact,0.000000,NaN,NaN,NaN
0.45,0.6,0.15,0.3,0,0.6,60,conditional_candidate,0.3,no_contact,0.000000,NaN,NaN,NaN
0.45,0.6,0.15,0.3,0,0.6,60,conditional_candidate,1,no_contact,0.000000,NaN,NaN,NaN
0.45,0.6,0.15,0.3,0.05,0.15,0,CAD_mid,0.3,no_contact,0.000000,NaN,NaN,NaN
0.45,0.6,0.15,0.3,0.05,0.15,0,CAD_mid,1,no_contact,0.000000,NaN,NaN,NaN
0.45,0.6,0.15,0.3,0.05,0.15,0,conditional_candidate,0.3,no_contact,0.000000,NaN,NaN,NaN
0.45,0.6,0.15,0.3,0.05,0.15,0,conditional_candidate,1,no_contact,0.000000,NaN,NaN,NaN
0.45,0.6,0.15,0.3,0.05,0.15,60,CAD_mid,0.3,no_contact,0.000000,NaN,NaN,NaN
0.45,0.6,0.15,0.3,0.05,0.15,60,CAD_mid,1,no_contact,0.000000,NaN,NaN,NaN
0.45,0.6,0.15,0.3,0.05,0.15,60,conditional_candidate,0.3,no_contact,0.000000,NaN,NaN,NaN
0.45,0.6,0.15,0.3,0.05,0.15,60,conditional_candidate,1,no_contact,0.000000,NaN,NaN,NaN
0.45,0.6,0.15,0.3,0.05,0.6,0,CAD_mid,0.3,no_contact,0.000000,NaN,NaN,NaN
0.45,0.6,0.15,0.3,0.05,0.6,0,CAD_mid,1,no_contact,0.000000,NaN,NaN,NaN
0.45,0.6,0.15,0.3,0.05,0.6,0,conditional_candidate,0.3,no_contact,0.000000,NaN,NaN,NaN
0.45,0.6,0.15,0.3,0.05,0.6,0,conditional_candidate,1,no_contact,0.000000,NaN,NaN,NaN
0.45,0.6,0.15,0.3,0.05,0.6,60,CAD_mid,0.3,no_contact,0.000000,NaN,NaN,NaN
0.45,0.6,0.15,0.3,0.05,0.6,60,CAD_mid,1,no_contact,0.000000,NaN,NaN,NaN
0.45,0.6,0.15,0.3,0.05,0.6,60,conditional_candidate,0.3,no_contact,0.000000,NaN,NaN,NaN
0.45,0.6,0.15,0.3,0.05,0.6,60,conditional_candidate,1,no_contact,0.000000,NaN,NaN,NaN
0.6,0,0.12,0.2,0,0.15,0,CAD_mid,0.3,supported_contact,0.240000,12.600,5.38094,9.42466
0.6,0,0.12,0.2,0,0.15,0,CAD_mid,1,supported_contact,0.240000,8.950,4.04298,7.11358
0.6,0,0.12,0.2,0,0.15,0,conditional_candidate,0.3,supported_contact,0.240000,2.950,0.97948,1.77818
0.6,0,0.12,0.2,0,0.15,0,conditional_candidate,1,supported_contact,0.240000,2.050,0.81057,1.47980
0.6,0,0.12,0.2,0,0.15,60,CAD_mid,0.3,supported_contact,0.240000,12.600,5.38094,9.42466
0.6,0,0.12,0.2,0,0.15,60,CAD_mid,1,supported_contact,0.240000,8.950,4.04298,7.11358
0.6,0,0.12,0.2,0,0.15,60,conditional_candidate,0.3,supported_contact,0.240000,2.950,0.97948,1.77818
0.6,0,0.12,0.2,0,0.15,60,conditional_candidate,1,supported_contact,0.240000,2.050,0.81057,1.47980
0.6,0,0.12,0.2,0,0.6,0,CAD_mid,0.3,supported_contact,0.240000,12.600,5.38094,9.42466
0.6,0,0.12,0.2,0,0.6,0,CAD_mid,1,supported_contact,0.240000,8.950,4.04298,7.11358
0.6,0,0.12,0.2,0,0.6,0,conditional_candidate,0.3,supported_contact,0.240000,2.950,0.97948,1.77818
0.6,0,0.12,0.2,0,0.6,0,conditional_candidate,1,supported_contact,0.240000,2.050,0.81057,1.47980
0.6,0,0.12,0.2,0,0.6,60,CAD_mid,0.3,supported_contact,0.240000,12.600,5.38094,9.42466
0.6,0,0.12,0.2,0,0.6,60,CAD_mid,1,supported_contact,0.240000,8.950,4.04298,7.11358
0.6,0,0.12,0.2,0,0.6,60,conditional_candidate,0.3,supported_contact,0.240000,2.950,0.97948,1.77818
0.6,0,0.12,0.2,0,0.6,60,conditional_candidate,1,supported_contact,0.240000,2.050,0.81057,1.47980
0.6,0,0.12,0.2,0.05,0.15,0,CAD_mid,0.3,supported_contact,0.190000,14.450,6.06272,10.60230
0.6,0,0.12,0.2,0.05,0.15,0,CAD_mid,1,supported_contact,0.190000,10.300,4.53791,7.96849
0.6,0,0.12,0.2,0.05,0.15,0,conditional_candidate,0.3,supported_contact,0.190000,3.300,1.04664,1.89680
0.6,0,0.12,0.2,0.05,0.15,0,conditional_candidate,1,supported_contact,0.190000,2.300,0.85759,1.56286
0.6,0,0.12,0.2,0.05,0.15,60,CAD_mid,0.3,supported_contact,0.190000,14.450,6.06272,10.60230
0.6,0,0.12,0.2,0.05,0.15,60,CAD_mid,1,supported_contact,0.190000,10.300,4.53791,7.96849
0.6,0,0.12,0.2,0.05,0.15,60,conditional_candidate,0.3,supported_contact,0.190000,3.300,1.04664,1.89680
0.6,0,0.12,0.2,0.05,0.15,60,conditional_candidate,1,supported_contact,0.190000,2.300,0.85759,1.56286
0.6,0,0.12,0.2,0.05,0.6,0,CAD_mid,0.3,supported_contact,0.190000,14.450,6.06272,10.60230
0.6,0,0.12,0.2,0.05,0.6,0,CAD_mid,1,supported_contact,0.190000,10.300,4.53791,7.96849
0.6,0,0.12,0.2,0.05,0.6,0,conditional_candidate,0.3,supported_contact,0.190000,3.300,1.04664,1.89680
0.6,0,0.12,0.2,0.05,0.6,0,conditional_candidate,1,supported_contact,0.190000,2.300,0.85759,1.56286
0.6,0,0.12,0.2,0.05,0.6,60,CAD_mid,0.3,supported_contact,0.190000,14.450,6.06272,10.60230
0.6,0,0.12,0.2,0.05,0.6,60,CAD_mid,1,supported_contact,0.190000,10.300,4.53791,7.96849
0.6,0,0.12,0.2,0.05,0.6,60,conditional_candidate,0.3,supported_contact,0.190000,3.300,1.04664,1.89680
0.6,0,0.12,0.2,0.05,0.6,60,conditional_candidate,1,supported_contact,0.190000,2.300,0.85759,1.56286
0.6,0,0.12,0.3,0,0.15,0,CAD_mid,0.3,supported_contact,0.300000,11.050,4.81595,8.44874
0.6,0,0.12,0.3,0,0.15,0,CAD_mid,1,supported_contact,0.300000,7.850,3.63495,6.40879
0.6,0,0.12,0.3,0,0.15,0,conditional_candidate,0.3,supported_contact,0.300000,2.650,0.92473,1.68146
0.6,0,0.12,0.3,0,0.15,0,conditional_candidate,1,supported_contact,0.300000,1.850,0.77225,1.41211
0.6,0,0.12,0.3,0,0.15,60,CAD_mid,0.3,supported_contact,0.300000,11.050,4.81595,8.44874
0.6,0,0.12,0.3,0,0.15,60,CAD_mid,1,supported_contact,0.300000,7.850,3.63495,6.40879
0.6,0,0.12,0.3,0,0.15,60,conditional_candidate,0.3,supported_contact,0.300000,2.650,0.92473,1.68146
0.6,0,0.12,0.3,0,0.15,60,conditional_candidate,1,supported_contact,0.300000,1.850,0.77225,1.41211
0.6,0,0.12,0.3,0,0.6,0,CAD_mid,0.3,supported_contact,0.300000,11.050,4.81595,8.44874
0.6,0,0.12,0.3,0,0.6,0,CAD_mid,1,supported_contact,0.300000,7.850,3.63495,6.40879
0.6,0,0.12,0.3,0,0.6,0,conditional_candidate,0.3,supported_contact,0.300000,2.650,0.92473,1.68146
0.6,0,0.12,0.3,0,0.6,0,conditional_candidate,1,supported_contact,0.300000,1.850,0.77225,1.41211
0.6,0,0.12,0.3,0,0.6,60,CAD_mid,0.3,supported_contact,0.300000,11.050,4.81595,8.44874
0.6,0,0.12,0.3,0,0.6,60,CAD_mid,1,supported_contact,0.300000,7.850,3.63495,6.40879
0.6,0,0.12,0.3,0,0.6,60,conditional_candidate,0.3,supported_contact,0.300000,2.650,0.92473,1.68146
0.6,0,0.12,0.3,0,0.6,60,conditional_candidate,1,supported_contact,0.300000,1.850,0.77225,1.41211
0.6,0,0.12,0.3,0.05,0.15,0,CAD_mid,0.3,supported_contact,0.250000,12.300,5.27159,9.23578
0.6,0,0.12,0.3,0.05,0.15,0,CAD_mid,1,supported_contact,0.250000,8.750,3.96386,6.97692
0.6,0,0.12,0.3,0.05,0.15,0,conditional_candidate,0.3,supported_contact,0.250000,2.900,0.96882,1.75935
0.6,0,0.12,0.3,0.05,0.15,0,conditional_candidate,1,supported_contact,0.250000,2.000,0.80311,1.46662
0.6,0,0.12,0.3,0.05,0.15,60,CAD_mid,0.3,supported_contact,0.250000,12.300,5.27159,9.23578
0.6,0,0.12,0.3,0.05,0.15,60,CAD_mid,1,supported_contact,0.250000,8.750,3.96386,6.97692
0.6,0,0.12,0.3,0.05,0.15,60,conditional_candidate,0.3,supported_contact,0.250000,2.900,0.96882,1.75935
0.6,0,0.12,0.3,0.05,0.15,60,conditional_candidate,1,supported_contact,0.250000,2.000,0.80311,1.46662
0.6,0,0.12,0.3,0.05,0.6,0,CAD_mid,0.3,supported_contact,0.250000,12.300,5.27159,9.23578
0.6,0,0.12,0.3,0.05,0.6,0,CAD_mid,1,supported_contact,0.250000,8.750,3.96386,6.97692
0.6,0,0.12,0.3,0.05,0.6,0,conditional_candidate,0.3,supported_contact,0.250000,2.900,0.96882,1.75935
0.6,0,0.12,0.3,0.05,0.6,0,conditional_candidate,1,supported_contact,0.250000,2.000,0.80311,1.46662
0.6,0,0.12,0.3,0.05,0.6,60,CAD_mid,0.3,supported_contact,0.250000,12.300,5.27159,9.23578
0.6,0,0.12,0.3,0.05,0.6,60,CAD_mid,1,supported_contact,0.250000,8.750,3.96386,6.97692
0.6,0,0.12,0.3,0.05,0.6,60,conditional_candidate,0.3,supported_contact,0.250000,2.900,0.96882,1.75935
0.6,0,0.12,0.3,0.05,0.6,60,conditional_candidate,1,supported_contact,0.250000,2.000,0.80311,1.46662
0.6,0,0.15,0.2,0,0.15,0,CAD_mid,0.3,supported_contact,0.270000,11.750,5.07288,8.89253
0.6,0,0.15,0.2,0,0.15,0,CAD_mid,1,supported_contact,0.270000,8.350,3.82026,6.72887
0.6,0,0.15,0.2,0,0.15,0,conditional_candidate,0.3,supported_contact,0.270000,2.800,0.94953,1.72527
0.6,0,0.15,0.2,0,0.15,0,conditional_candidate,1,supported_contact,0.270000,1.950,0.78960,1.44276
0.6,0,0.15,0.2,0,0.15,60,CAD_mid,0.3,supported_contact,0.270000,11.750,5.07288,8.89253
0.6,0,0.15,0.2,0,0.15,60,CAD_mid,1,supported_contact,0.270000,8.350,3.82026,6.72887
0.6,0,0.15,0.2,0,0.15,60,conditional_candidate,0.3,supported_contact,0.270000,2.800,0.94953,1.72527
0.6,0,0.15,0.2,0,0.15,60,conditional_candidate,1,supported_contact,0.270000,1.950,0.78960,1.44276
0.6,0,0.15,0.2,0,0.6,0,CAD_mid,0.3,supported_contact,0.270000,11.750,5.07288,8.89253
0.6,0,0.15,0.2,0,0.6,0,CAD_mid,1,supported_contact,0.270000,8.350,3.82026,6.72887
0.6,0,0.15,0.2,0,0.6,0,conditional_candidate,0.3,supported_contact,0.270000,2.800,0.94953,1.72527
0.6,0,0.15,0.2,0,0.6,0,conditional_candidate,1,supported_contact,0.270000,1.950,0.78960,1.44276
0.6,0,0.15,0.2,0,0.6,60,CAD_mid,0.3,supported_contact,0.270000,11.750,5.07288,8.89253
0.6,0,0.15,0.2,0,0.6,60,CAD_mid,1,supported_contact,0.270000,8.350,3.82026,6.72887
0.6,0,0.15,0.2,0,0.6,60,conditional_candidate,0.3,supported_contact,0.270000,2.800,0.94953,1.72527
0.6,0,0.15,0.2,0,0.6,60,conditional_candidate,1,supported_contact,0.270000,1.950,0.78960,1.44276
0.6,0,0.15,0.2,0.05,0.15,0,CAD_mid,0.3,supported_contact,0.220000,13.250,5.62348,9.84359
0.6,0,0.15,0.2,0.05,0.15,0,CAD_mid,1,supported_contact,0.220000,9.450,4.21872,7.41715
0.6,0,0.15,0.2,0.05,0.15,0,conditional_candidate,0.3,supported_contact,0.220000,3.050,1.00324,1.82013
0.6,0,0.15,0.2,0.05,0.15,0,conditional_candidate,1,supported_contact,0.220000,2.150,0.82720,1.50917
0.6,0,0.15,0.2,0.05,0.15,60,CAD_mid,0.3,supported_contact,0.220000,13.250,5.62348,9.84359
0.6,0,0.15,0.2,0.05,0.15,60,CAD_mid,1,supported_contact,0.220000,9.450,4.21872,7.41715
0.6,0,0.15,0.2,0.05,0.15,60,conditional_candidate,0.3,supported_contact,0.220000,3.050,1.00324,1.82013
0.6,0,0.15,0.2,0.05,0.15,60,conditional_candidate,1,supported_contact,0.220000,2.150,0.82720,1.50917
0.6,0,0.15,0.2,0.05,0.6,0,CAD_mid,0.3,supported_contact,0.220000,13.250,5.62348,9.84359
0.6,0,0.15,0.2,0.05,0.6,0,CAD_mid,1,supported_contact,0.220000,9.450,4.21872,7.41715
0.6,0,0.15,0.2,0.05,0.6,0,conditional_candidate,0.3,supported_contact,0.220000,3.050,1.00324,1.82013
0.6,0,0.15,0.2,0.05,0.6,0,conditional_candidate,1,supported_contact,0.220000,2.150,0.82720,1.50917
0.6,0,0.15,0.2,0.05,0.6,60,CAD_mid,0.3,supported_contact,0.220000,13.250,5.62348,9.84359
0.6,0,0.15,0.2,0.05,0.6,60,CAD_mid,1,supported_contact,0.220000,9.450,4.21872,7.41715
0.6,0,0.15,0.2,0.05,0.6,60,conditional_candidate,0.3,supported_contact,0.220000,3.050,1.00324,1.82013
0.6,0,0.15,0.2,0.05,0.6,60,conditional_candidate,1,supported_contact,0.220000,2.150,0.82720,1.50917
0.6,0,0.15,0.3,0,0.15,0,CAD_mid,0.3,supported_contact,0.330000,10.500,4.59784,8.07199
0.6,0,0.15,0.3,0,0.15,0,CAD_mid,1,supported_contact,0.330000,7.450,3.47794,6.13758
0.6,0,0.15,0.3,0,0.15,0,conditional_candidate,0.3,supported_contact,0.330000,2.550,0.90381,1.64450
0.6,0,0.15,0.3,0,0.15,0,conditional_candidate,1,supported_contact,0.330000,1.800,0.75761,1.38625
0.6,0,0.15,0.3,0,0.15,60,CAD_mid,0.3,supported_contact,0.330000,10.500,4.59784,8.07199
0.6,0,0.15,0.3,0,0.15,60,CAD_mid,1,supported_contact,0.330000,7.450,3.47794,6.13758
0.6,0,0.15,0.3,0,0.15,60,conditional_candidate,0.3,supported_contact,0.330000,2.550,0.90381,1.64450
0.6,0,0.15,0.3,0,0.15,60,conditional_candidate,1,supported_contact,0.330000,1.800,0.75761,1.38625
0.6,0,0.15,0.3,0,0.6,0,CAD_mid,0.3,supported_contact,0.330000,10.500,4.59784,8.07199
0.6,0,0.15,0.3,0,0.6,0,CAD_mid,1,supported_contact,0.330000,7.450,3.47794,6.13758
0.6,0,0.15,0.3,0,0.6,0,conditional_candidate,0.3,supported_contact,0.330000,2.550,0.90381,1.64450
0.6,0,0.15,0.3,0,0.6,0,conditional_candidate,1,supported_contact,0.330000,1.800,0.75761,1.38625
0.6,0,0.15,0.3,0,0.6,60,CAD_mid,0.3,supported_contact,0.330000,10.500,4.59784,8.07199
0.6,0,0.15,0.3,0,0.6,60,CAD_mid,1,supported_contact,0.330000,7.450,3.47794,6.13758
0.6,0,0.15,0.3,0,0.6,60,conditional_candidate,0.3,supported_contact,0.330000,2.550,0.90381,1.64450
0.6,0,0.15,0.3,0,0.6,60,conditional_candidate,1,supported_contact,0.330000,1.800,0.75761,1.38625
0.6,0,0.15,0.3,0.05,0.15,0,CAD_mid,0.3,supported_contact,0.280000,11.500,4.98226,8.73601
0.6,0,0.15,0.3,0.05,0.15,0,CAD_mid,1,supported_contact,0.280000,8.200,3.75485,6.61590
0.6,0,0.15,0.3,0.05,0.15,0,conditional_candidate,0.3,supported_contact,0.280000,2.750,0.94077,1.70978
0.6,0,0.15,0.3,0.05,0.15,0,conditional_candidate,1,supported_contact,0.280000,1.900,0.78347,1.43193
0.6,0,0.15,0.3,0.05,0.15,60,CAD_mid,0.3,supported_contact,0.280000,11.500,4.98226,8.73601
0.6,0,0.15,0.3,0.05,0.15,60,CAD_mid,1,supported_contact,0.280000,8.200,3.75485,6.61590
0.6,0,0.15,0.3,0.05,0.15,60,conditional_candidate,0.3,supported_contact,0.280000,2.750,0.94077,1.70978
0.6,0,0.15,0.3,0.05,0.15,60,conditional_candidate,1,supported_contact,0.280000,1.900,0.78347,1.43193
0.6,0,0.15,0.3,0.05,0.6,0,CAD_mid,0.3,supported_contact,0.280000,11.500,4.98226,8.73601
0.6,0,0.15,0.3,0.05,0.6,0,CAD_mid,1,supported_contact,0.280000,8.200,3.75485,6.61590
0.6,0,0.15,0.3,0.05,0.6,0,conditional_candidate,0.3,supported_contact,0.280000,2.750,0.94077,1.70978
0.6,0,0.15,0.3,0.05,0.6,0,conditional_candidate,1,supported_contact,0.280000,1.900,0.78347,1.43193
0.6,0,0.15,0.3,0.05,0.6,60,CAD_mid,0.3,supported_contact,0.280000,11.500,4.98226,8.73601
0.6,0,0.15,0.3,0.05,0.6,60,CAD_mid,1,supported_contact,0.280000,8.200,3.75485,6.61590
0.6,0,0.15,0.3,0.05,0.6,60,conditional_candidate,0.3,supported_contact,0.280000,2.750,0.94077,1.70978
0.6,0,0.15,0.3,0.05,0.6,60,conditional_candidate,1,supported_contact,0.280000,1.900,0.78347,1.43193
0.6,0.35,0.12,0.2,0,0.15,0,CAD_mid,0.3,supported_contact,0.170000,15.450,6.42317,11.22490
0.6,0.35,0.12,0.2,0,0.15,0,CAD_mid,1,supported_contact,0.170000,11.050,4.80072,8.42243
0.6,0.35,0.12,0.2,0,0.15,0,conditional_candidate,0.3,supported_contact,0.170000,3.450,1.08263,1.96038
0.6,0.35,0.12,0.2,0,0.15,0,conditional_candidate,1,supported_contact,0.170000,2.450,0.88281,1.60740
0.6,0.35,0.12,0.2,0,0.15,60,CAD_mid,0.3,supported_contact,0.170000,15.450,6.42317,11.22490
0.6,0.35,0.12,0.2,0,0.15,60,CAD_mid,1,supported_contact,0.170000,11.050,4.80072,8.42243
0.6,0.35,0.12,0.2,0,0.15,60,conditional_candidate,0.3,supported_contact,0.170000,3.450,1.08263,1.96038
0.6,0.35,0.12,0.2,0,0.15,60,conditional_candidate,1,supported_contact,0.170000,2.450,0.88281,1.60740
0.6,0.35,0.12,0.2,0,0.6,0,CAD_mid,0.3,supported_contact,0.170000,15.450,6.42317,11.22490
0.6,0.35,0.12,0.2,0,0.6,0,CAD_mid,1,supported_contact,0.170000,11.050,4.80072,8.42243
0.6,0.35,0.12,0.2,0,0.6,0,conditional_candidate,0.3,supported_contact,0.170000,3.450,1.08263,1.96038
0.6,0.35,0.12,0.2,0,0.6,0,conditional_candidate,1,supported_contact,0.170000,2.450,0.88281,1.60740
0.6,0.35,0.12,0.2,0,0.6,60,CAD_mid,0.3,supported_contact,0.170000,15.450,6.42317,11.22490
0.6,0.35,0.12,0.2,0,0.6,60,CAD_mid,1,supported_contact,0.170000,11.050,4.80072,8.42243
0.6,0.35,0.12,0.2,0,0.6,60,conditional_candidate,0.3,supported_contact,0.170000,3.450,1.08263,1.96038
0.6,0.35,0.12,0.2,0,0.6,60,conditional_candidate,1,supported_contact,0.170000,2.450,0.88281,1.60740
0.6,0.35,0.12,0.2,0.05,0.15,0,CAD_mid,0.3,supported_contact,0.120000,18.950,7.71988,13.46473
0.6,0.35,0.12,0.2,0.05,0.15,0,CAD_mid,1,supported_contact,0.120000,13.600,5.75275,10.06689
0.6,0.35,0.12,0.2,0.05,0.15,0,conditional_candidate,0.3,supported_contact,0.120000,4.150,1.21501,2.19421
0.6,0.35,0.12,0.2,0.05,0.15,0,conditional_candidate,1,supported_contact,0.120000,2.900,0.97560,1.77131
0.6,0.35,0.12,0.2,0.05,0.15,60,CAD_mid,0.3,supported_contact,0.120000,18.950,7.71988,13.46473
0.6,0.35,0.12,0.2,0.05,0.15,60,CAD_mid,1,supported_contact,0.120000,13.600,5.75275,10.06689
0.6,0.35,0.12,0.2,0.05,0.15,60,conditional_candidate,0.3,supported_contact,0.120000,4.150,1.21501,2.19421
0.6,0.35,0.12,0.2,0.05,0.15,60,conditional_candidate,1,supported_contact,0.120000,2.900,0.97560,1.77131
0.6,0.35,0.12,0.2,0.05,0.6,0,CAD_mid,0.3,supported_contact,0.120000,18.950,7.71988,13.46473
0.6,0.35,0.12,0.2,0.05,0.6,0,CAD_mid,1,supported_contact,0.120000,13.600,5.75275,10.06689
0.6,0.35,0.12,0.2,0.05,0.6,0,conditional_candidate,0.3,supported_contact,0.120000,4.150,1.21501,2.19421
0.6,0.35,0.12,0.2,0.05,0.6,0,conditional_candidate,1,supported_contact,0.120000,2.900,0.97560,1.77131
0.6,0.35,0.12,0.2,0.05,0.6,60,CAD_mid,0.3,supported_contact,0.120000,18.950,7.71988,13.46473
0.6,0.35,0.12,0.2,0.05,0.6,60,CAD_mid,1,supported_contact,0.120000,13.600,5.75275,10.06689
0.6,0.35,0.12,0.2,0.05,0.6,60,conditional_candidate,0.3,supported_contact,0.120000,4.150,1.21501,2.19421
0.6,0.35,0.12,0.2,0.05,0.6,60,conditional_candidate,1,supported_contact,0.120000,2.900,0.97560,1.77131
0.6,0.35,0.12,0.3,0,0.15,0,CAD_mid,0.3,supported_contact,0.195000,14.250,5.98199,10.46286
0.6,0.35,0.12,0.3,0,0.15,0,CAD_mid,1,supported_contact,0.195000,10.150,4.47916,7.86700
0.6,0.35,0.12,0.3,0,0.15,0,conditional_candidate,0.3,supported_contact,0.195000,3.250,1.03863,1.88264
0.6,0.35,0.12,0.3,0,0.15,0,conditional_candidate,1,supported_contact,0.195000,2.250,0.85198,1.55295
0.6,0.35,0.12,0.3,0,0.15,60,CAD_mid,0.3,supported_contact,0.195000,14.250,5.98199,10.46286
0.6,0.35,0.12,0.3,0,0.15,60,CAD_mid,1,supported_contact,0.195000,10.150,4.47916,7.86700
0.6,0.35,0.12,0.3,0,0.15,60,conditional_candidate,0.3,supported_contact,0.195000,3.250,1.03863,1.88264
0.6,0.35,0.12,0.3,0,0.15,60,conditional_candidate,1,supported_contact,0.195000,2.250,0.85198,1.55295
0.6,0.35,0.12,0.3,0,0.6,0,CAD_mid,0.3,supported_contact,0.195000,14.250,5.98199,10.46286
0.6,0.35,0.12,0.3,0,0.6,0,CAD_mid,1,supported_contact,0.195000,10.150,4.47916,7.86700
0.6,0.35,0.12,0.3,0,0.6,0,conditional_candidate,0.3,supported_contact,0.195000,3.250,1.03863,1.88264
0.6,0.35,0.12,0.3,0,0.6,0,conditional_candidate,1,supported_contact,0.195000,2.250,0.85198,1.55295
0.6,0.35,0.12,0.3,0,0.6,60,CAD_mid,0.3,supported_contact,0.195000,14.250,5.98199,10.46286
0.6,0.35,0.12,0.3,0,0.6,60,CAD_mid,1,supported_contact,0.195000,10.150,4.47916,7.86700
0.6,0.35,0.12,0.3,0,0.6,60,conditional_candidate,0.3,supported_contact,0.195000,3.250,1.03863,1.88264
0.6,0.35,0.12,0.3,0,0.6,60,conditional_candidate,1,supported_contact,0.195000,2.250,0.85198,1.55295
0.6,0.35,0.12,0.3,0.05,0.15,0,CAD_mid,0.3,supported_contact,0.145000,16.950,6.98238,12.19083
0.6,0.35,0.12,0.3,0.05,0.15,0,CAD_mid,1,supported_contact,0.145000,12.150,5.21002,9.12941
0.6,0.35,0.12,0.3,0.05,0.15,0,conditional_candidate,0.3,supported_contact,0.145000,3.750,1.13916,2.06023
0.6,0.35,0.12,0.3,0.05,0.15,0,conditional_candidate,1,supported_contact,0.145000,2.650,0.92242,1.67737
0.6,0.35,0.12,0.3,0.05,0.15,60,CAD_mid,0.3,supported_contact,0.145000,16.950,6.98238,12.19083
0.6,0.35,0.12,0.3,0.05,0.15,60,CAD_mid,1,supported_contact,0.145000,12.150,5.21002,9.12941
0.6,0.35,0.12,0.3,0.05,0.15,60,conditional_candidate,0.3,supported_contact,0.145000,3.750,1.13916,2.06023
0.6,0.35,0.12,0.3,0.05,0.15,60,conditional_candidate,1,supported_contact,0.145000,2.650,0.92242,1.67737
0.6,0.35,0.12,0.3,0.05,0.6,0,CAD_mid,0.3,supported_contact,0.145000,16.950,6.98238,12.19083
0.6,0.35,0.12,0.3,0.05,0.6,0,CAD_mid,1,supported_contact,0.145000,12.150,5.21002,9.12941
0.6,0.35,0.12,0.3,0.05,0.6,0,conditional_candidate,0.3,supported_contact,0.145000,3.750,1.13916,2.06023
0.6,0.35,0.12,0.3,0.05,0.6,0,conditional_candidate,1,supported_contact,0.145000,2.650,0.92242,1.67737
0.6,0.35,0.12,0.3,0.05,0.6,60,CAD_mid,0.3,supported_contact,0.145000,16.950,6.98238,12.19083
0.6,0.35,0.12,0.3,0.05,0.6,60,CAD_mid,1,supported_contact,0.145000,12.150,5.21002,9.12941
0.6,0.35,0.12,0.3,0.05,0.6,60,conditional_candidate,0.3,supported_contact,0.145000,3.750,1.13916,2.06023
0.6,0.35,0.12,0.3,0.05,0.6,60,conditional_candidate,1,supported_contact,0.145000,2.650,0.92242,1.67737
0.6,0.35,0.15,0.2,0,0.15,0,CAD_mid,0.3,supported_contact,0.200000,14.000,5.90453,10.32906
0.6,0.35,0.15,0.2,0,0.15,0,CAD_mid,1,supported_contact,0.200000,10.000,4.42283,7.76969
0.6,0.35,0.15,0.2,0,0.15,0,conditional_candidate,0.3,supported_contact,0.200000,3.200,1.03095,1.86909
0.6,0.35,0.15,0.2,0,0.15,0,conditional_candidate,1,supported_contact,0.200000,2.250,0.84660,1.54345
0.6,0.35,0.15,0.2,0,0.15,60,CAD_mid,0.3,supported_contact,0.200000,14.000,5.90453,10.32906
0.6,0.35,0.15,0.2,0,0.15,60,CAD_mid,1,supported_contact,0.200000,10.000,4.42283,7.76969
0.6,0.35,0.15,0.2,0,0.15,60,conditional_candidate,0.3,supported_contact,0.200000,3.200,1.03095,1.86909
0.6,0.35,0.15,0.2,0,0.15,60,conditional_candidate,1,supported_contact,0.200000,2.250,0.84660,1.54345
0.6,0.35,0.15,0.2,0,0.6,0,CAD_mid,0.3,supported_contact,0.200000,14.000,5.90453,10.32906
0.6,0.35,0.15,0.2,0,0.6,0,CAD_mid,1,supported_contact,0.200000,10.000,4.42283,7.76969
0.6,0.35,0.15,0.2,0,0.6,0,conditional_candidate,0.3,supported_contact,0.200000,3.200,1.03095,1.86909
0.6,0.35,0.15,0.2,0,0.6,0,conditional_candidate,1,supported_contact,0.200000,2.250,0.84660,1.54345
0.6,0.35,0.15,0.2,0,0.6,60,CAD_mid,0.3,supported_contact,0.200000,14.000,5.90453,10.32906
0.6,0.35,0.15,0.2,0,0.6,60,CAD_mid,1,supported_contact,0.200000,10.000,4.42283,7.76969
0.6,0.35,0.15,0.2,0,0.6,60,conditional_candidate,0.3,supported_contact,0.200000,3.200,1.03095,1.86909
0.6,0.35,0.15,0.2,0,0.6,60,conditional_candidate,1,supported_contact,0.200000,2.250,0.84660,1.54345
0.6,0.35,0.15,0.2,0.05,0.15,0,CAD_mid,0.3,supported_contact,0.150000,16.600,6.85871,11.97722
0.6,0.35,0.15,0.2,0.05,0.15,0,CAD_mid,1,supported_contact,0.150000,11.900,5.11933,8.97278
0.6,0.35,0.15,0.2,0.05,0.15,0,conditional_candidate,0.3,supported_contact,0.150000,3.700,1.12659,2.03802
0.6,0.35,0.15,0.2,0.05,0.15,0,conditional_candidate,1,supported_contact,0.150000,2.600,0.91361,1.66181
0.6,0.35,0.15,0.2,0.05,0.15,60,CAD_mid,0.3,supported_contact,0.150000,16.600,6.85871,11.97722
0.6,0.35,0.15,0.2,0.05,0.15,60,CAD_mid,1,supported_contact,0.150000,11.900,5.11933,8.97278
0.6,0.35,0.15,0.2,0.05,0.15,60,conditional_candidate,0.3,supported_contact,0.150000,3.700,1.12659,2.03802
0.6,0.35,0.15,0.2,0.05,0.15,60,conditional_candidate,1,supported_contact,0.150000,2.600,0.91361,1.66181
0.6,0.35,0.15,0.2,0.05,0.6,0,CAD_mid,0.3,supported_contact,0.150000,16.600,6.85871,11.97722
0.6,0.35,0.15,0.2,0.05,0.6,0,CAD_mid,1,supported_contact,0.150000,11.900,5.11933,8.97278
0.6,0.35,0.15,0.2,0.05,0.6,0,conditional_candidate,0.3,supported_contact,0.150000,3.700,1.12659,2.03802
0.6,0.35,0.15,0.2,0.05,0.6,0,conditional_candidate,1,supported_contact,0.150000,2.600,0.91361,1.66181
0.6,0.35,0.15,0.2,0.05,0.6,60,CAD_mid,0.3,supported_contact,0.150000,16.600,6.85871,11.97722
0.6,0.35,0.15,0.2,0.05,0.6,60,CAD_mid,1,supported_contact,0.150000,11.900,5.11933,8.97278
0.6,0.35,0.15,0.2,0.05,0.6,60,conditional_candidate,0.3,supported_contact,0.150000,3.700,1.12659,2.03802
0.6,0.35,0.15,0.2,0.05,0.6,60,conditional_candidate,1,supported_contact,0.150000,2.600,0.91361,1.66181
0.6,0.35,0.15,0.3,0,0.15,0,CAD_mid,0.3,supported_contact,0.225000,13.100,5.55958,9.73322
0.6,0.35,0.15,0.3,0,0.15,0,CAD_mid,1,supported_contact,0.225000,9.300,4.17239,7.33711
0.6,0.35,0.15,0.3,0,0.15,0,conditional_candidate,0.3,supported_contact,0.225000,3.000,0.99696,1.80905
0.6,0.35,0.15,0.3,0,0.15,0,conditional_candidate,1,supported_contact,0.225000,2.100,0.82281,1.50142
0.6,0.35,0.15,0.3,0,0.15,60,CAD_mid,0.3,supported_contact,0.225000,13.100,5.55958,9.73322
0.6,0.35,0.15,0.3,0,0.15,60,CAD_mid,1,supported_contact,0.225000,9.300,4.17239,7.33711
0.6,0.35,0.15,0.3,0,0.15,60,conditional_candidate,0.3,supported_contact,0.225000,3.000,0.99696,1.80905
0.6,0.35,0.15,0.3,0,0.15,60,conditional_candidate,1,supported_contact,0.225000,2.100,0.82281,1.50142
0.6,0.35,0.15,0.3,0,0.6,0,CAD_mid,0.3,supported_contact,0.225000,13.100,5.55958,9.73322
0.6,0.35,0.15,0.3,0,0.6,0,CAD_mid,1,supported_contact,0.225000,9.300,4.17239,7.33711
0.6,0.35,0.15,0.3,0,0.6,0,conditional_candidate,0.3,supported_contact,0.225000,3.000,0.99696,1.80905
0.6,0.35,0.15,0.3,0,0.6,0,conditional_candidate,1,supported_contact,0.225000,2.100,0.82281,1.50142
0.6,0.35,0.15,0.3,0,0.6,60,CAD_mid,0.3,supported_contact,0.225000,13.100,5.55958,9.73322
0.6,0.35,0.15,0.3,0,0.6,60,CAD_mid,1,supported_contact,0.225000,9.300,4.17239,7.33711
0.6,0.35,0.15,0.3,0,0.6,60,conditional_candidate,0.3,supported_contact,0.225000,3.000,0.99696,1.80905
0.6,0.35,0.15,0.3,0,0.6,60,conditional_candidate,1,supported_contact,0.225000,2.100,0.82281,1.50142
0.6,0.35,0.15,0.3,0.05,0.15,0,CAD_mid,0.3,supported_contact,0.175000,15.150,6.32688,11.05858
0.6,0.35,0.15,0.3,0.05,0.15,0,CAD_mid,1,supported_contact,0.175000,10.850,4.73044,8.30103
0.6,0.35,0.15,0.3,0.05,0.15,0,conditional_candidate,0.3,supported_contact,0.175000,3.400,1.07298,1.94334
0.6,0.35,0.15,0.3,0.05,0.15,0,conditional_candidate,1,supported_contact,0.175000,2.400,0.87605,1.59546
0.6,0.35,0.15,0.3,0.05,0.15,60,CAD_mid,0.3,supported_contact,0.175000,15.150,6.32688,11.05858
0.6,0.35,0.15,0.3,0.05,0.15,60,CAD_mid,1,supported_contact,0.175000,10.850,4.73044,8.30103
0.6,0.35,0.15,0.3,0.05,0.15,60,conditional_candidate,0.3,supported_contact,0.175000,3.400,1.07298,1.94334
0.6,0.35,0.15,0.3,0.05,0.15,60,conditional_candidate,1,supported_contact,0.175000,2.400,0.87605,1.59546
0.6,0.35,0.15,0.3,0.05,0.6,0,CAD_mid,0.3,supported_contact,0.175000,15.150,6.32688,11.05858
0.6,0.35,0.15,0.3,0.05,0.6,0,CAD_mid,1,supported_contact,0.175000,10.850,4.73044,8.30103
0.6,0.35,0.15,0.3,0.05,0.6,0,conditional_candidate,0.3,supported_contact,0.175000,3.400,1.07298,1.94334
0.6,0.35,0.15,0.3,0.05,0.6,0,conditional_candidate,1,supported_contact,0.175000,2.400,0.87605,1.59546
0.6,0.35,0.15,0.3,0.05,0.6,60,CAD_mid,0.3,supported_contact,0.175000,15.150,6.32688,11.05858
0.6,0.35,0.15,0.3,0.05,0.6,60,CAD_mid,1,supported_contact,0.175000,10.850,4.73044,8.30103
0.6,0.35,0.15,0.3,0.05,0.6,60,conditional_candidate,0.3,supported_contact,0.175000,3.400,1.07298,1.94334
0.6,0.35,0.15,0.3,0.05,0.6,60,conditional_candidate,1,supported_contact,0.175000,2.400,0.87605,1.59546
0.6,0.6,0.12,0.2,0,0.15,0,CAD_mid,0.3,no_contact,0.000000,NaN,NaN,NaN
0.6,0.6,0.12,0.2,0,0.15,0,CAD_mid,1,no_contact,0.000000,NaN,NaN,NaN
0.6,0.6,0.12,0.2,0,0.15,0,conditional_candidate,0.3,no_contact,0.000000,NaN,NaN,NaN
0.6,0.6,0.12,0.2,0,0.15,0,conditional_candidate,1,no_contact,0.000000,NaN,NaN,NaN
0.6,0.6,0.12,0.2,0,0.15,60,CAD_mid,0.3,no_contact,0.000000,NaN,NaN,NaN
0.6,0.6,0.12,0.2,0,0.15,60,CAD_mid,1,no_contact,0.000000,NaN,NaN,NaN
0.6,0.6,0.12,0.2,0,0.15,60,conditional_candidate,0.3,no_contact,0.000000,NaN,NaN,NaN
0.6,0.6,0.12,0.2,0,0.15,60,conditional_candidate,1,no_contact,0.000000,NaN,NaN,NaN
0.6,0.6,0.12,0.2,0,0.6,0,CAD_mid,0.3,no_contact,0.000000,NaN,NaN,NaN
0.6,0.6,0.12,0.2,0,0.6,0,CAD_mid,1,no_contact,0.000000,NaN,NaN,NaN
0.6,0.6,0.12,0.2,0,0.6,0,conditional_candidate,0.3,no_contact,0.000000,NaN,NaN,NaN
0.6,0.6,0.12,0.2,0,0.6,0,conditional_candidate,1,no_contact,0.000000,NaN,NaN,NaN
0.6,0.6,0.12,0.2,0,0.6,60,CAD_mid,0.3,no_contact,0.000000,NaN,NaN,NaN
0.6,0.6,0.12,0.2,0,0.6,60,CAD_mid,1,no_contact,0.000000,NaN,NaN,NaN
0.6,0.6,0.12,0.2,0,0.6,60,conditional_candidate,0.3,no_contact,0.000000,NaN,NaN,NaN
0.6,0.6,0.12,0.2,0,0.6,60,conditional_candidate,1,no_contact,0.000000,NaN,NaN,NaN
0.6,0.6,0.12,0.2,0.05,0.15,0,CAD_mid,0.3,no_contact,0.000000,NaN,NaN,NaN
0.6,0.6,0.12,0.2,0.05,0.15,0,CAD_mid,1,no_contact,0.000000,NaN,NaN,NaN
0.6,0.6,0.12,0.2,0.05,0.15,0,conditional_candidate,0.3,no_contact,0.000000,NaN,NaN,NaN
0.6,0.6,0.12,0.2,0.05,0.15,0,conditional_candidate,1,no_contact,0.000000,NaN,NaN,NaN
0.6,0.6,0.12,0.2,0.05,0.15,60,CAD_mid,0.3,no_contact,0.000000,NaN,NaN,NaN
0.6,0.6,0.12,0.2,0.05,0.15,60,CAD_mid,1,no_contact,0.000000,NaN,NaN,NaN
0.6,0.6,0.12,0.2,0.05,0.15,60,conditional_candidate,0.3,no_contact,0.000000,NaN,NaN,NaN
0.6,0.6,0.12,0.2,0.05,0.15,60,conditional_candidate,1,no_contact,0.000000,NaN,NaN,NaN
0.6,0.6,0.12,0.2,0.05,0.6,0,CAD_mid,0.3,no_contact,0.000000,NaN,NaN,NaN
0.6,0.6,0.12,0.2,0.05,0.6,0,CAD_mid,1,no_contact,0.000000,NaN,NaN,NaN
0.6,0.6,0.12,0.2,0.05,0.6,0,conditional_candidate,0.3,no_contact,0.000000,NaN,NaN,NaN
0.6,0.6,0.12,0.2,0.05,0.6,0,conditional_candidate,1,no_contact,0.000000,NaN,NaN,NaN
0.6,0.6,0.12,0.2,0.05,0.6,60,CAD_mid,0.3,no_contact,0.000000,NaN,NaN,NaN
0.6,0.6,0.12,0.2,0.05,0.6,60,CAD_mid,1,no_contact,0.000000,NaN,NaN,NaN
0.6,0.6,0.12,0.2,0.05,0.6,60,conditional_candidate,0.3,no_contact,0.000000,NaN,NaN,NaN
0.6,0.6,0.12,0.2,0.05,0.6,60,conditional_candidate,1,no_contact,0.000000,NaN,NaN,NaN
0.6,0.6,0.12,0.3,0,0.15,0,CAD_mid,0.3,no_contact,0.000000,NaN,NaN,NaN
0.6,0.6,0.12,0.3,0,0.15,0,CAD_mid,1,no_contact,0.000000,NaN,NaN,NaN
0.6,0.6,0.12,0.3,0,0.15,0,conditional_candidate,0.3,no_contact,0.000000,NaN,NaN,NaN
0.6,0.6,0.12,0.3,0,0.15,0,conditional_candidate,1,no_contact,0.000000,NaN,NaN,NaN
0.6,0.6,0.12,0.3,0,0.15,60,CAD_mid,0.3,no_contact,0.000000,NaN,NaN,NaN
0.6,0.6,0.12,0.3,0,0.15,60,CAD_mid,1,no_contact,0.000000,NaN,NaN,NaN
0.6,0.6,0.12,0.3,0,0.15,60,conditional_candidate,0.3,no_contact,0.000000,NaN,NaN,NaN
0.6,0.6,0.12,0.3,0,0.15,60,conditional_candidate,1,no_contact,0.000000,NaN,NaN,NaN
0.6,0.6,0.12,0.3,0,0.6,0,CAD_mid,0.3,no_contact,0.000000,NaN,NaN,NaN
0.6,0.6,0.12,0.3,0,0.6,0,CAD_mid,1,no_contact,0.000000,NaN,NaN,NaN
0.6,0.6,0.12,0.3,0,0.6,0,conditional_candidate,0.3,no_contact,0.000000,NaN,NaN,NaN
0.6,0.6,0.12,0.3,0,0.6,0,conditional_candidate,1,no_contact,0.000000,NaN,NaN,NaN
0.6,0.6,0.12,0.3,0,0.6,60,CAD_mid,0.3,no_contact,0.000000,NaN,NaN,NaN
0.6,0.6,0.12,0.3,0,0.6,60,CAD_mid,1,no_contact,0.000000,NaN,NaN,NaN
0.6,0.6,0.12,0.3,0,0.6,60,conditional_candidate,0.3,no_contact,0.000000,NaN,NaN,NaN
0.6,0.6,0.12,0.3,0,0.6,60,conditional_candidate,1,no_contact,0.000000,NaN,NaN,NaN
0.6,0.6,0.12,0.3,0.05,0.15,0,CAD_mid,0.3,no_contact,0.000000,NaN,NaN,NaN
0.6,0.6,0.12,0.3,0.05,0.15,0,CAD_mid,1,no_contact,0.000000,NaN,NaN,NaN
0.6,0.6,0.12,0.3,0.05,0.15,0,conditional_candidate,0.3,no_contact,0.000000,NaN,NaN,NaN
0.6,0.6,0.12,0.3,0.05,0.15,0,conditional_candidate,1,no_contact,0.000000,NaN,NaN,NaN
0.6,0.6,0.12,0.3,0.05,0.15,60,CAD_mid,0.3,no_contact,0.000000,NaN,NaN,NaN
0.6,0.6,0.12,0.3,0.05,0.15,60,CAD_mid,1,no_contact,0.000000,NaN,NaN,NaN
0.6,0.6,0.12,0.3,0.05,0.15,60,conditional_candidate,0.3,no_contact,0.000000,NaN,NaN,NaN
0.6,0.6,0.12,0.3,0.05,0.15,60,conditional_candidate,1,no_contact,0.000000,NaN,NaN,NaN
0.6,0.6,0.12,0.3,0.05,0.6,0,CAD_mid,0.3,no_contact,0.000000,NaN,NaN,NaN
0.6,0.6,0.12,0.3,0.05,0.6,0,CAD_mid,1,no_contact,0.000000,NaN,NaN,NaN
0.6,0.6,0.12,0.3,0.05,0.6,0,conditional_candidate,0.3,no_contact,0.000000,NaN,NaN,NaN
0.6,0.6,0.12,0.3,0.05,0.6,0,conditional_candidate,1,no_contact,0.000000,NaN,NaN,NaN
0.6,0.6,0.12,0.3,0.05,0.6,60,CAD_mid,0.3,no_contact,0.000000,NaN,NaN,NaN
0.6,0.6,0.12,0.3,0.05,0.6,60,CAD_mid,1,no_contact,0.000000,NaN,NaN,NaN
0.6,0.6,0.12,0.3,0.05,0.6,60,conditional_candidate,0.3,no_contact,0.000000,NaN,NaN,NaN
0.6,0.6,0.12,0.3,0.05,0.6,60,conditional_candidate,1,no_contact,0.000000,NaN,NaN,NaN
0.6,0.6,0.15,0.2,0,0.15,0,CAD_mid,0.3,no_contact,0.000000,NaN,NaN,NaN
0.6,0.6,0.15,0.2,0,0.15,0,CAD_mid,1,no_contact,0.000000,NaN,NaN,NaN
0.6,0.6,0.15,0.2,0,0.15,0,conditional_candidate,0.3,no_contact,0.000000,NaN,NaN,NaN
0.6,0.6,0.15,0.2,0,0.15,0,conditional_candidate,1,no_contact,0.000000,NaN,NaN,NaN
0.6,0.6,0.15,0.2,0,0.15,60,CAD_mid,0.3,no_contact,0.000000,NaN,NaN,NaN
0.6,0.6,0.15,0.2,0,0.15,60,CAD_mid,1,no_contact,0.000000,NaN,NaN,NaN
0.6,0.6,0.15,0.2,0,0.15,60,conditional_candidate,0.3,no_contact,0.000000,NaN,NaN,NaN
0.6,0.6,0.15,0.2,0,0.15,60,conditional_candidate,1,no_contact,0.000000,NaN,NaN,NaN
0.6,0.6,0.15,0.2,0,0.6,0,CAD_mid,0.3,no_contact,0.000000,NaN,NaN,NaN
0.6,0.6,0.15,0.2,0,0.6,0,CAD_mid,1,no_contact,0.000000,NaN,NaN,NaN
0.6,0.6,0.15,0.2,0,0.6,0,conditional_candidate,0.3,no_contact,0.000000,NaN,NaN,NaN
0.6,0.6,0.15,0.2,0,0.6,0,conditional_candidate,1,no_contact,0.000000,NaN,NaN,NaN
0.6,0.6,0.15,0.2,0,0.6,60,CAD_mid,0.3,no_contact,0.000000,NaN,NaN,NaN
0.6,0.6,0.15,0.2,0,0.6,60,CAD_mid,1,no_contact,0.000000,NaN,NaN,NaN
0.6,0.6,0.15,0.2,0,0.6,60,conditional_candidate,0.3,no_contact,0.000000,NaN,NaN,NaN
0.6,0.6,0.15,0.2,0,0.6,60,conditional_candidate,1,no_contact,0.000000,NaN,NaN,NaN
0.6,0.6,0.15,0.2,0.05,0.15,0,CAD_mid,0.3,no_contact,0.000000,NaN,NaN,NaN
0.6,0.6,0.15,0.2,0.05,0.15,0,CAD_mid,1,no_contact,0.000000,NaN,NaN,NaN
0.6,0.6,0.15,0.2,0.05,0.15,0,conditional_candidate,0.3,no_contact,0.000000,NaN,NaN,NaN
0.6,0.6,0.15,0.2,0.05,0.15,0,conditional_candidate,1,no_contact,0.000000,NaN,NaN,NaN
0.6,0.6,0.15,0.2,0.05,0.15,60,CAD_mid,0.3,no_contact,0.000000,NaN,NaN,NaN
0.6,0.6,0.15,0.2,0.05,0.15,60,CAD_mid,1,no_contact,0.000000,NaN,NaN,NaN
0.6,0.6,0.15,0.2,0.05,0.15,60,conditional_candidate,0.3,no_contact,0.000000,NaN,NaN,NaN
0.6,0.6,0.15,0.2,0.05,0.15,60,conditional_candidate,1,no_contact,0.000000,NaN,NaN,NaN
0.6,0.6,0.15,0.2,0.05,0.6,0,CAD_mid,0.3,no_contact,0.000000,NaN,NaN,NaN
0.6,0.6,0.15,0.2,0.05,0.6,0,CAD_mid,1,no_contact,0.000000,NaN,NaN,NaN
0.6,0.6,0.15,0.2,0.05,0.6,0,conditional_candidate,0.3,no_contact,0.000000,NaN,NaN,NaN
0.6,0.6,0.15,0.2,0.05,0.6,0,conditional_candidate,1,no_contact,0.000000,NaN,NaN,NaN
0.6,0.6,0.15,0.2,0.05,0.6,60,CAD_mid,0.3,no_contact,0.000000,NaN,NaN,NaN
0.6,0.6,0.15,0.2,0.05,0.6,60,CAD_mid,1,no_contact,0.000000,NaN,NaN,NaN
0.6,0.6,0.15,0.2,0.05,0.6,60,conditional_candidate,0.3,no_contact,0.000000,NaN,NaN,NaN
0.6,0.6,0.15,0.2,0.05,0.6,60,conditional_candidate,1,no_contact,0.000000,NaN,NaN,NaN
0.6,0.6,0.15,0.3,0,0.15,0,CAD_mid,0.3,no_contact,0.000000,NaN,NaN,NaN
0.6,0.6,0.15,0.3,0,0.15,0,CAD_mid,1,no_contact,0.000000,NaN,NaN,NaN
0.6,0.6,0.15,0.3,0,0.15,0,conditional_candidate,0.3,no_contact,0.000000,NaN,NaN,NaN
0.6,0.6,0.15,0.3,0,0.15,0,conditional_candidate,1,no_contact,0.000000,NaN,NaN,NaN
0.6,0.6,0.15,0.3,0,0.15,60,CAD_mid,0.3,no_contact,0.000000,NaN,NaN,NaN
0.6,0.6,0.15,0.3,0,0.15,60,CAD_mid,1,no_contact,0.000000,NaN,NaN,NaN
0.6,0.6,0.15,0.3,0,0.15,60,conditional_candidate,0.3,no_contact,0.000000,NaN,NaN,NaN
0.6,0.6,0.15,0.3,0,0.15,60,conditional_candidate,1,no_contact,0.000000,NaN,NaN,NaN
0.6,0.6,0.15,0.3,0,0.6,0,CAD_mid,0.3,no_contact,0.000000,NaN,NaN,NaN
0.6,0.6,0.15,0.3,0,0.6,0,CAD_mid,1,no_contact,0.000000,NaN,NaN,NaN
0.6,0.6,0.15,0.3,0,0.6,0,conditional_candidate,0.3,no_contact,0.000000,NaN,NaN,NaN
0.6,0.6,0.15,0.3,0,0.6,0,conditional_candidate,1,no_contact,0.000000,NaN,NaN,NaN
0.6,0.6,0.15,0.3,0,0.6,60,CAD_mid,0.3,no_contact,0.000000,NaN,NaN,NaN
0.6,0.6,0.15,0.3,0,0.6,60,CAD_mid,1,no_contact,0.000000,NaN,NaN,NaN
0.6,0.6,0.15,0.3,0,0.6,60,conditional_candidate,0.3,no_contact,0.000000,NaN,NaN,NaN
0.6,0.6,0.15,0.3,0,0.6,60,conditional_candidate,1,no_contact,0.000000,NaN,NaN,NaN
0.6,0.6,0.15,0.3,0.05,0.15,0,CAD_mid,0.3,no_contact,0.000000,NaN,NaN,NaN
0.6,0.6,0.15,0.3,0.05,0.15,0,CAD_mid,1,no_contact,0.000000,NaN,NaN,NaN
0.6,0.6,0.15,0.3,0.05,0.15,0,conditional_candidate,0.3,no_contact,0.000000,NaN,NaN,NaN
0.6,0.6,0.15,0.3,0.05,0.15,0,conditional_candidate,1,no_contact,0.000000,NaN,NaN,NaN
0.6,0.6,0.15,0.3,0.05,0.15,60,CAD_mid,0.3,no_contact,0.000000,NaN,NaN,NaN
0.6,0.6,0.15,0.3,0.05,0.15,60,CAD_mid,1,no_contact,0.000000,NaN,NaN,NaN
0.6,0.6,0.15,0.3,0.05,0.15,60,conditional_candidate,0.3,no_contact,0.000000,NaN,NaN,NaN
0.6,0.6,0.15,0.3,0.05,0.15,60,conditional_candidate,1,no_contact,0.000000,NaN,NaN,NaN
0.6,0.6,0.15,0.3,0.05,0.6,0,CAD_mid,0.3,no_contact,0.000000,NaN,NaN,NaN
0.6,0.6,0.15,0.3,0.05,0.6,0,CAD_mid,1,no_contact,0.000000,NaN,NaN,NaN
0.6,0.6,0.15,0.3,0.05,0.6,0,conditional_candidate,0.3,no_contact,0.000000,NaN,NaN,NaN
0.6,0.6,0.15,0.3,0.05,0.6,0,conditional_candidate,1,no_contact,0.000000,NaN,NaN,NaN
0.6,0.6,0.15,0.3,0.05,0.6,60,CAD_mid,0.3,no_contact,0.000000,NaN,NaN,NaN
0.6,0.6,0.15,0.3,0.05,0.6,60,CAD_mid,1,no_contact,0.000000,NaN,NaN,NaN
0.6,0.6,0.15,0.3,0.05,0.6,60,conditional_candidate,0.3,no_contact,0.000000,NaN,NaN,NaN
0.6,0.6,0.15,0.3,0.05,0.6,60,conditional_candidate,1,no_contact,0.000000,NaN,NaN,NaN
0.75,0,0.12,0.2,0,0.15,0,CAD_mid,0.3,supported_contact,0.270000,11.750,5.07288,8.89253
0.75,0,0.12,0.2,0,0.15,0,CAD_mid,1,supported_contact,0.270000,8.350,3.82026,6.72887
0.75,0,0.12,0.2,0,0.15,0,conditional_candidate,0.3,supported_contact,0.270000,2.800,0.94953,1.72527
0.75,0,0.12,0.2,0,0.15,0,conditional_candidate,1,supported_contact,0.270000,1.950,0.78960,1.44276
0.75,0,0.12,0.2,0,0.15,60,CAD_mid,0.3,supported_contact,0.270000,11.750,5.07288,8.89253
0.75,0,0.12,0.2,0,0.15,60,CAD_mid,1,supported_contact,0.270000,8.350,3.82026,6.72887
0.75,0,0.12,0.2,0,0.15,60,conditional_candidate,0.3,supported_contact,0.270000,2.800,0.94953,1.72527
0.75,0,0.12,0.2,0,0.15,60,conditional_candidate,1,supported_contact,0.270000,1.950,0.78960,1.44276
0.75,0,0.12,0.2,0,0.6,0,CAD_mid,0.3,supported_contact,0.270000,11.750,5.07288,8.89253
0.75,0,0.12,0.2,0,0.6,0,CAD_mid,1,supported_contact,0.270000,8.350,3.82026,6.72887
0.75,0,0.12,0.2,0,0.6,0,conditional_candidate,0.3,supported_contact,0.270000,2.800,0.94953,1.72527
0.75,0,0.12,0.2,0,0.6,0,conditional_candidate,1,supported_contact,0.270000,1.950,0.78960,1.44276
0.75,0,0.12,0.2,0,0.6,60,CAD_mid,0.3,supported_contact,0.270000,11.750,5.07288,8.89253
0.75,0,0.12,0.2,0,0.6,60,CAD_mid,1,supported_contact,0.270000,8.350,3.82026,6.72887
0.75,0,0.12,0.2,0,0.6,60,conditional_candidate,0.3,supported_contact,0.270000,2.800,0.94953,1.72527
0.75,0,0.12,0.2,0,0.6,60,conditional_candidate,1,supported_contact,0.270000,1.950,0.78960,1.44276
0.75,0,0.12,0.2,0.05,0.15,0,CAD_mid,0.3,supported_contact,0.220000,13.250,5.62348,9.84359
0.75,0,0.12,0.2,0.05,0.15,0,CAD_mid,1,supported_contact,0.220000,9.450,4.21872,7.41715
0.75,0,0.12,0.2,0.05,0.15,0,conditional_candidate,0.3,supported_contact,0.220000,3.050,1.00324,1.82013
0.75,0,0.12,0.2,0.05,0.15,0,conditional_candidate,1,supported_contact,0.220000,2.150,0.82720,1.50917
0.75,0,0.12,0.2,0.05,0.15,60,CAD_mid,0.3,supported_contact,0.220000,13.250,5.62348,9.84359
0.75,0,0.12,0.2,0.05,0.15,60,CAD_mid,1,supported_contact,0.220000,9.450,4.21872,7.41715
0.75,0,0.12,0.2,0.05,0.15,60,conditional_candidate,0.3,supported_contact,0.220000,3.050,1.00324,1.82013
0.75,0,0.12,0.2,0.05,0.15,60,conditional_candidate,1,supported_contact,0.220000,2.150,0.82720,1.50917
0.75,0,0.12,0.2,0.05,0.6,0,CAD_mid,0.3,supported_contact,0.220000,13.250,5.62348,9.84359
0.75,0,0.12,0.2,0.05,0.6,0,CAD_mid,1,supported_contact,0.220000,9.450,4.21872,7.41715
0.75,0,0.12,0.2,0.05,0.6,0,conditional_candidate,0.3,supported_contact,0.220000,3.050,1.00324,1.82013
0.75,0,0.12,0.2,0.05,0.6,0,conditional_candidate,1,supported_contact,0.220000,2.150,0.82720,1.50917
0.75,0,0.12,0.2,0.05,0.6,60,CAD_mid,0.3,supported_contact,0.220000,13.250,5.62348,9.84359
0.75,0,0.12,0.2,0.05,0.6,60,CAD_mid,1,supported_contact,0.220000,9.450,4.21872,7.41715
0.75,0,0.12,0.2,0.05,0.6,60,conditional_candidate,0.3,supported_contact,0.220000,3.050,1.00324,1.82013
0.75,0,0.12,0.2,0.05,0.6,60,conditional_candidate,1,supported_contact,0.220000,2.150,0.82720,1.50917
0.75,0,0.12,0.3,0,0.15,0,CAD_mid,0.3,supported_contact,0.345000,10.200,4.50054,7.90394
0.75,0,0.12,0.3,0,0.15,0,CAD_mid,1,supported_contact,0.345000,7.250,3.40800,6.01677
0.75,0,0.12,0.3,0,0.15,0,conditional_candidate,0.3,supported_contact,0.345000,2.500,0.89451,1.62808
0.75,0,0.12,0.3,0,0.15,0,conditional_candidate,1,supported_contact,0.345000,1.750,0.75111,1.37476
0.75,0,0.12,0.3,0,0.15,60,CAD_mid,0.3,supported_contact,0.345000,10.200,4.50054,7.90394
0.75,0,0.12,0.3,0,0.15,60,CAD_mid,1,supported_contact,0.345000,7.250,3.40800,6.01677
0.75,0,0.12,0.3,0,0.15,60,conditional_candidate,0.3,supported_contact,0.345000,2.500,0.89451,1.62808
0.75,0,0.12,0.3,0,0.15,60,conditional_candidate,1,supported_contact,0.345000,1.750,0.75111,1.37476
0.75,0,0.12,0.3,0,0.6,0,CAD_mid,0.3,supported_contact,0.345000,10.200,4.50054,7.90394
0.75,0,0.12,0.3,0,0.6,0,CAD_mid,1,supported_contact,0.345000,7.250,3.40800,6.01677
0.75,0,0.12,0.3,0,0.6,0,conditional_candidate,0.3,supported_contact,0.345000,2.500,0.89451,1.62808
0.75,0,0.12,0.3,0,0.6,0,conditional_candidate,1,supported_contact,0.345000,1.750,0.75111,1.37476
0.75,0,0.12,0.3,0,0.6,60,CAD_mid,0.3,supported_contact,0.345000,10.200,4.50054,7.90394
0.75,0,0.12,0.3,0,0.6,60,CAD_mid,1,supported_contact,0.345000,7.250,3.40800,6.01677
0.75,0,0.12,0.3,0,0.6,60,conditional_candidate,0.3,supported_contact,0.345000,2.500,0.89451,1.62808
0.75,0,0.12,0.3,0,0.6,60,conditional_candidate,1,supported_contact,0.345000,1.750,0.75111,1.37476
0.75,0,0.12,0.3,0.05,0.15,0,CAD_mid,0.3,supported_contact,0.295000,11.150,4.85580,8.51758
0.75,0,0.12,0.3,0.05,0.15,0,CAD_mid,1,supported_contact,0.295000,7.950,3.66366,6.45839
0.75,0,0.12,0.3,0.05,0.15,0,conditional_candidate,0.3,supported_contact,0.295000,2.650,0.92857,1.68824
0.75,0,0.12,0.3,0.05,0.15,0,conditional_candidate,1,supported_contact,0.295000,1.850,0.77493,1.41685
0.75,0,0.12,0.3,0.05,0.15,60,CAD_mid,0.3,supported_contact,0.295000,11.150,4.85580,8.51758
0.75,0,0.12,0.3,0.05,0.15,60,CAD_mid,1,supported_contact,0.295000,7.950,3.66366,6.45839
0.75,0,0.12,0.3,0.05,0.15,60,conditional_candidate,0.3,supported_contact,0.295000,2.650,0.92857,1.68824
0.75,0,0.12,0.3,0.05,0.15,60,conditional_candidate,1,supported_contact,0.295000,1.850,0.77493,1.41685
0.75,0,0.12,0.3,0.05,0.6,0,CAD_mid,0.3,supported_contact,0.295000,11.150,4.85580,8.51758
0.75,0,0.12,0.3,0.05,0.6,0,CAD_mid,1,supported_contact,0.295000,7.950,3.66366,6.45839
0.75,0,0.12,0.3,0.05,0.6,0,conditional_candidate,0.3,supported_contact,0.295000,2.650,0.92857,1.68824
0.75,0,0.12,0.3,0.05,0.6,0,conditional_candidate,1,supported_contact,0.295000,1.850,0.77493,1.41685
0.75,0,0.12,0.3,0.05,0.6,60,CAD_mid,0.3,supported_contact,0.295000,11.150,4.85580,8.51758
0.75,0,0.12,0.3,0.05,0.6,60,CAD_mid,1,supported_contact,0.295000,7.950,3.66366,6.45839
0.75,0,0.12,0.3,0.05,0.6,60,conditional_candidate,0.3,supported_contact,0.295000,2.650,0.92857,1.68824
0.75,0,0.12,0.3,0.05,0.6,60,conditional_candidate,1,supported_contact,0.295000,1.850,0.77493,1.41685
0.75,0,0.15,0.2,0,0.15,0,CAD_mid,0.3,supported_contact,0.300000,11.050,4.81595,8.44874
0.75,0,0.15,0.2,0,0.15,0,CAD_mid,1,supported_contact,0.300000,7.850,3.63495,6.40879
0.75,0,0.15,0.2,0,0.15,0,conditional_candidate,0.3,supported_contact,0.300000,2.650,0.92473,1.68146
0.75,0,0.15,0.2,0,0.15,0,conditional_candidate,1,supported_contact,0.300000,1.850,0.77225,1.41211
0.75,0,0.15,0.2,0,0.15,60,CAD_mid,0.3,supported_contact,0.300000,11.050,4.81595,8.44874
0.75,0,0.15,0.2,0,0.15,60,CAD_mid,1,supported_contact,0.300000,7.850,3.63495,6.40879
0.75,0,0.15,0.2,0,0.15,60,conditional_candidate,0.3,supported_contact,0.300000,2.650,0.92473,1.68146
0.75,0,0.15,0.2,0,0.15,60,conditional_candidate,1,supported_contact,0.300000,1.850,0.77225,1.41211
0.75,0,0.15,0.2,0,0.6,0,CAD_mid,0.3,supported_contact,0.300000,11.050,4.81595,8.44874
0.75,0,0.15,0.2,0,0.6,0,CAD_mid,1,supported_contact,0.300000,7.850,3.63495,6.40879
0.75,0,0.15,0.2,0,0.6,0,conditional_candidate,0.3,supported_contact,0.300000,2.650,0.92473,1.68146
0.75,0,0.15,0.2,0,0.6,0,conditional_candidate,1,supported_contact,0.300000,1.850,0.77225,1.41211
0.75,0,0.15,0.2,0,0.6,60,CAD_mid,0.3,supported_contact,0.300000,11.050,4.81595,8.44874
0.75,0,0.15,0.2,0,0.6,60,CAD_mid,1,supported_contact,0.300000,7.850,3.63495,6.40879
0.75,0,0.15,0.2,0,0.6,60,conditional_candidate,0.3,supported_contact,0.300000,2.650,0.92473,1.68146
0.75,0,0.15,0.2,0,0.6,60,conditional_candidate,1,supported_contact,0.300000,1.850,0.77225,1.41211
0.75,0,0.15,0.2,0.05,0.15,0,CAD_mid,0.3,supported_contact,0.250000,12.300,5.27159,9.23578
0.75,0,0.15,0.2,0.05,0.15,0,CAD_mid,1,supported_contact,0.250000,8.750,3.96386,6.97692
0.75,0,0.15,0.2,0.05,0.15,0,conditional_candidate,0.3,supported_contact,0.250000,2.900,0.96882,1.75935
0.75,0,0.15,0.2,0.05,0.15,0,conditional_candidate,1,supported_contact,0.250000,2.000,0.80311,1.46662
0.75,0,0.15,0.2,0.05,0.15,60,CAD_mid,0.3,supported_contact,0.250000,12.300,5.27159,9.23578
0.75,0,0.15,0.2,0.05,0.15,60,CAD_mid,1,supported_contact,0.250000,8.750,3.96386,6.97692
0.75,0,0.15,0.2,0.05,0.15,60,conditional_candidate,0.3,supported_contact,0.250000,2.900,0.96882,1.75935
0.75,0,0.15,0.2,0.05,0.15,60,conditional_candidate,1,supported_contact,0.250000,2.000,0.80311,1.46662
0.75,0,0.15,0.2,0.05,0.6,0,CAD_mid,0.3,supported_contact,0.250000,12.300,5.27159,9.23578
0.75,0,0.15,0.2,0.05,0.6,0,CAD_mid,1,supported_contact,0.250000,8.750,3.96386,6.97692
0.75,0,0.15,0.2,0.05,0.6,0,conditional_candidate,0.3,supported_contact,0.250000,2.900,0.96882,1.75935
0.75,0,0.15,0.2,0.05,0.6,0,conditional_candidate,1,supported_contact,0.250000,2.000,0.80311,1.46662
0.75,0,0.15,0.2,0.05,0.6,60,CAD_mid,0.3,supported_contact,0.250000,12.300,5.27159,9.23578
0.75,0,0.15,0.2,0.05,0.6,60,CAD_mid,1,supported_contact,0.250000,8.750,3.96386,6.97692
0.75,0,0.15,0.2,0.05,0.6,60,conditional_candidate,0.3,supported_contact,0.250000,2.900,0.96882,1.75935
0.75,0,0.15,0.2,0.05,0.6,60,conditional_candidate,1,supported_contact,0.250000,2.000,0.80311,1.46662
0.75,0,0.15,0.3,0,0.15,0,CAD_mid,0.3,supported_contact,0.375000,9.750,4.32534,7.60130
0.75,0,0.15,0.3,0,0.15,0,CAD_mid,1,supported_contact,0.375000,6.900,3.28218,5.79945
0.75,0,0.15,0.3,0,0.15,0,conditional_candidate,0.3,supported_contact,0.375000,2.400,0.87783,1.59862
0.75,0,0.15,0.3,0,0.15,0,conditional_candidate,1,supported_contact,0.375000,1.700,0.73944,1.35415
0.75,0,0.15,0.3,0,0.15,60,CAD_mid,0.3,supported_contact,0.375000,9.750,4.32534,7.60130
0.75,0,0.15,0.3,0,0.15,60,CAD_mid,1,supported_contact,0.375000,6.900,3.28218,5.79945
0.75,0,0.15,0.3,0,0.15,60,conditional_candidate,0.3,supported_contact,0.375000,2.400,0.87783,1.59862
0.75,0,0.15,0.3,0,0.15,60,conditional_candidate,1,supported_contact,0.375000,1.700,0.73944,1.35415
0.75,0,0.15,0.3,0,0.6,0,CAD_mid,0.3,supported_contact,0.375000,9.750,4.32534,7.60130
0.75,0,0.15,0.3,0,0.6,0,CAD_mid,1,supported_contact,0.375000,6.900,3.28218,5.79945
0.75,0,0.15,0.3,0,0.6,0,conditional_candidate,0.3,supported_contact,0.375000,2.400,0.87783,1.59862
0.75,0,0.15,0.3,0,0.6,0,conditional_candidate,1,supported_contact,0.375000,1.700,0.73944,1.35415
0.75,0,0.15,0.3,0,0.6,60,CAD_mid,0.3,supported_contact,0.375000,9.750,4.32534,7.60130
0.75,0,0.15,0.3,0,0.6,60,CAD_mid,1,supported_contact,0.375000,6.900,3.28218,5.79945
0.75,0,0.15,0.3,0,0.6,60,conditional_candidate,0.3,supported_contact,0.375000,2.400,0.87783,1.59862
0.75,0,0.15,0.3,0,0.6,60,conditional_candidate,1,supported_contact,0.375000,1.700,0.73944,1.35415
0.75,0,0.15,0.3,0.05,0.15,0,CAD_mid,0.3,supported_contact,0.325000,10.550,4.63189,8.13082
0.75,0,0.15,0.3,0.05,0.15,0,CAD_mid,1,supported_contact,0.325000,7.500,3.50244,6.17990
0.75,0,0.15,0.3,0.05,0.15,0,conditional_candidate,0.3,supported_contact,0.325000,2.550,0.90707,1.65026
0.75,0,0.15,0.3,0.05,0.15,0,conditional_candidate,1,supported_contact,0.325000,1.800,0.75989,1.39028
0.75,0,0.15,0.3,0.05,0.15,60,CAD_mid,0.3,supported_contact,0.325000,10.550,4.63189,8.13082
0.75,0,0.15,0.3,0.05,0.15,60,CAD_mid,1,supported_contact,0.325000,7.500,3.50244,6.17990
0.75,0,0.15,0.3,0.05,0.15,60,conditional_candidate,0.3,supported_contact,0.325000,2.550,0.90707,1.65026
0.75,0,0.15,0.3,0.05,0.15,60,conditional_candidate,1,supported_contact,0.325000,1.800,0.75989,1.39028
0.75,0,0.15,0.3,0.05,0.6,0,CAD_mid,0.3,supported_contact,0.325000,10.550,4.63189,8.13082
0.75,0,0.15,0.3,0.05,0.6,0,CAD_mid,1,supported_contact,0.325000,7.500,3.50244,6.17990
0.75,0,0.15,0.3,0.05,0.6,0,conditional_candidate,0.3,supported_contact,0.325000,2.550,0.90707,1.65026
0.75,0,0.15,0.3,0.05,0.6,0,conditional_candidate,1,supported_contact,0.325000,1.800,0.75989,1.39028
0.75,0,0.15,0.3,0.05,0.6,60,CAD_mid,0.3,supported_contact,0.325000,10.550,4.63189,8.13082
0.75,0,0.15,0.3,0.05,0.6,60,CAD_mid,1,supported_contact,0.325000,7.500,3.50244,6.17990
0.75,0,0.15,0.3,0.05,0.6,60,conditional_candidate,0.3,supported_contact,0.325000,2.550,0.90707,1.65026
0.75,0,0.15,0.3,0.05,0.6,60,conditional_candidate,1,supported_contact,0.325000,1.800,0.75989,1.39028
0.75,0.35,0.12,0.2,0,0.15,0,CAD_mid,0.3,supported_contact,0.200000,14.000,5.90453,10.32906
0.75,0.35,0.12,0.2,0,0.15,0,CAD_mid,1,supported_contact,0.200000,10.000,4.42283,7.76969
0.75,0.35,0.12,0.2,0,0.15,0,conditional_candidate,0.3,supported_contact,0.200000,3.200,1.03095,1.86909
0.75,0.35,0.12,0.2,0,0.15,0,conditional_candidate,1,supported_contact,0.200000,2.250,0.84660,1.54345
0.75,0.35,0.12,0.2,0,0.15,60,CAD_mid,0.3,supported_contact,0.200000,14.000,5.90453,10.32906
0.75,0.35,0.12,0.2,0,0.15,60,CAD_mid,1,supported_contact,0.200000,10.000,4.42283,7.76969
0.75,0.35,0.12,0.2,0,0.15,60,conditional_candidate,0.3,supported_contact,0.200000,3.200,1.03095,1.86909
0.75,0.35,0.12,0.2,0,0.15,60,conditional_candidate,1,supported_contact,0.200000,2.250,0.84660,1.54345
0.75,0.35,0.12,0.2,0,0.6,0,CAD_mid,0.3,supported_contact,0.200000,14.000,5.90453,10.32906
0.75,0.35,0.12,0.2,0,0.6,0,CAD_mid,1,supported_contact,0.200000,10.000,4.42283,7.76969
0.75,0.35,0.12,0.2,0,0.6,0,conditional_candidate,0.3,supported_contact,0.200000,3.200,1.03095,1.86909
0.75,0.35,0.12,0.2,0,0.6,0,conditional_candidate,1,supported_contact,0.200000,2.250,0.84660,1.54345
0.75,0.35,0.12,0.2,0,0.6,60,CAD_mid,0.3,supported_contact,0.200000,14.000,5.90453,10.32906
0.75,0.35,0.12,0.2,0,0.6,60,CAD_mid,1,supported_contact,0.200000,10.000,4.42283,7.76969
0.75,0.35,0.12,0.2,0,0.6,60,conditional_candidate,0.3,supported_contact,0.200000,3.200,1.03095,1.86909
0.75,0.35,0.12,0.2,0,0.6,60,conditional_candidate,1,supported_contact,0.200000,2.250,0.84660,1.54345
0.75,0.35,0.12,0.2,0.05,0.15,0,CAD_mid,0.3,supported_contact,0.150000,16.600,6.85871,11.97722
0.75,0.35,0.12,0.2,0.05,0.15,0,CAD_mid,1,supported_contact,0.150000,11.900,5.11933,8.97278
0.75,0.35,0.12,0.2,0.05,0.15,0,conditional_candidate,0.3,supported_contact,0.150000,3.700,1.12659,2.03802
0.75,0.35,0.12,0.2,0.05,0.15,0,conditional_candidate,1,supported_contact,0.150000,2.600,0.91361,1.66181
0.75,0.35,0.12,0.2,0.05,0.15,60,CAD_mid,0.3,supported_contact,0.150000,16.600,6.85871,11.97722
0.75,0.35,0.12,0.2,0.05,0.15,60,CAD_mid,1,supported_contact,0.150000,11.900,5.11933,8.97278
0.75,0.35,0.12,0.2,0.05,0.15,60,conditional_candidate,0.3,supported_contact,0.150000,3.700,1.12659,2.03802
0.75,0.35,0.12,0.2,0.05,0.15,60,conditional_candidate,1,supported_contact,0.150000,2.600,0.91361,1.66181
0.75,0.35,0.12,0.2,0.05,0.6,0,CAD_mid,0.3,supported_contact,0.150000,16.600,6.85871,11.97722
0.75,0.35,0.12,0.2,0.05,0.6,0,CAD_mid,1,supported_contact,0.150000,11.900,5.11933,8.97278
0.75,0.35,0.12,0.2,0.05,0.6,0,conditional_candidate,0.3,supported_contact,0.150000,3.700,1.12659,2.03802
0.75,0.35,0.12,0.2,0.05,0.6,0,conditional_candidate,1,supported_contact,0.150000,2.600,0.91361,1.66181
0.75,0.35,0.12,0.2,0.05,0.6,60,CAD_mid,0.3,supported_contact,0.150000,16.600,6.85871,11.97722
0.75,0.35,0.12,0.2,0.05,0.6,60,CAD_mid,1,supported_contact,0.150000,11.900,5.11933,8.97278
0.75,0.35,0.12,0.2,0.05,0.6,60,conditional_candidate,0.3,supported_contact,0.150000,3.700,1.12659,2.03802
0.75,0.35,0.12,0.2,0.05,0.6,60,conditional_candidate,1,supported_contact,0.150000,2.600,0.91361,1.66181
0.75,0.35,0.12,0.3,0,0.15,0,CAD_mid,0.3,supported_contact,0.240000,12.600,5.38094,9.42466
0.75,0.35,0.12,0.3,0,0.15,0,CAD_mid,1,supported_contact,0.240000,8.950,4.04298,7.11358
0.75,0.35,0.12,0.3,0,0.15,0,conditional_candidate,0.3,supported_contact,0.240000,2.950,0.97948,1.77818
0.75,0.35,0.12,0.3,0,0.15,0,conditional_candidate,1,supported_contact,0.240000,2.050,0.81057,1.47980
0.75,0.35,0.12,0.3,0,0.15,60,CAD_mid,0.3,supported_contact,0.240000,12.600,5.38094,9.42466
0.75,0.35,0.12,0.3,0,0.15,60,CAD_mid,1,supported_contact,0.240000,8.950,4.04298,7.11358
0.75,0.35,0.12,0.3,0,0.15,60,conditional_candidate,0.3,supported_contact,0.240000,2.950,0.97948,1.77818
0.75,0.35,0.12,0.3,0,0.15,60,conditional_candidate,1,supported_contact,0.240000,2.050,0.81057,1.47980
0.75,0.35,0.12,0.3,0,0.6,0,CAD_mid,0.3,supported_contact,0.240000,12.600,5.38094,9.42466
0.75,0.35,0.12,0.3,0,0.6,0,CAD_mid,1,supported_contact,0.240000,8.950,4.04298,7.11358
0.75,0.35,0.12,0.3,0,0.6,0,conditional_candidate,0.3,supported_contact,0.240000,2.950,0.97948,1.77818
0.75,0.35,0.12,0.3,0,0.6,0,conditional_candidate,1,supported_contact,0.240000,2.050,0.81057,1.47980
0.75,0.35,0.12,0.3,0,0.6,60,CAD_mid,0.3,supported_contact,0.240000,12.600,5.38094,9.42466
0.75,0.35,0.12,0.3,0,0.6,60,CAD_mid,1,supported_contact,0.240000,8.950,4.04298,7.11358
0.75,0.35,0.12,0.3,0,0.6,60,conditional_candidate,0.3,supported_contact,0.240000,2.950,0.97948,1.77818
0.75,0.35,0.12,0.3,0,0.6,60,conditional_candidate,1,supported_contact,0.240000,2.050,0.81057,1.47980
0.75,0.35,0.12,0.3,0.05,0.15,0,CAD_mid,0.3,supported_contact,0.190000,14.450,6.06272,10.60230
0.75,0.35,0.12,0.3,0.05,0.15,0,CAD_mid,1,supported_contact,0.190000,10.300,4.53791,7.96849
0.75,0.35,0.12,0.3,0.05,0.15,0,conditional_candidate,0.3,supported_contact,0.190000,3.300,1.04664,1.89680
0.75,0.35,0.12,0.3,0.05,0.15,0,conditional_candidate,1,supported_contact,0.190000,2.300,0.85759,1.56286
0.75,0.35,0.12,0.3,0.05,0.15,60,CAD_mid,0.3,supported_contact,0.190000,14.450,6.06272,10.60230
0.75,0.35,0.12,0.3,0.05,0.15,60,CAD_mid,1,supported_contact,0.190000,10.300,4.53791,7.96849
0.75,0.35,0.12,0.3,0.05,0.15,60,conditional_candidate,0.3,supported_contact,0.190000,3.300,1.04664,1.89680
0.75,0.35,0.12,0.3,0.05,0.15,60,conditional_candidate,1,supported_contact,0.190000,2.300,0.85759,1.56286
0.75,0.35,0.12,0.3,0.05,0.6,0,CAD_mid,0.3,supported_contact,0.190000,14.450,6.06272,10.60230
0.75,0.35,0.12,0.3,0.05,0.6,0,CAD_mid,1,supported_contact,0.190000,10.300,4.53791,7.96849
0.75,0.35,0.12,0.3,0.05,0.6,0,conditional_candidate,0.3,supported_contact,0.190000,3.300,1.04664,1.89680
0.75,0.35,0.12,0.3,0.05,0.6,0,conditional_candidate,1,supported_contact,0.190000,2.300,0.85759,1.56286
0.75,0.35,0.12,0.3,0.05,0.6,60,CAD_mid,0.3,supported_contact,0.190000,14.450,6.06272,10.60230
0.75,0.35,0.12,0.3,0.05,0.6,60,CAD_mid,1,supported_contact,0.190000,10.300,4.53791,7.96849
0.75,0.35,0.12,0.3,0.05,0.6,60,conditional_candidate,0.3,supported_contact,0.190000,3.300,1.04664,1.89680
0.75,0.35,0.12,0.3,0.05,0.6,60,conditional_candidate,1,supported_contact,0.190000,2.300,0.85759,1.56286
0.75,0.35,0.15,0.2,0,0.15,0,CAD_mid,0.3,supported_contact,0.230000,12.900,5.49794,9.62675
0.75,0.35,0.15,0.2,0,0.15,0,CAD_mid,1,supported_contact,0.230000,9.200,4.12771,7.25994
0.75,0.35,0.15,0.2,0,0.15,0,conditional_candidate,0.3,supported_contact,0.230000,3.000,0.99092,1.79838
0.75,0.35,0.15,0.2,0,0.15,0,conditional_candidate,1,supported_contact,0.230000,2.100,0.81858,1.49395
0.75,0.35,0.15,0.2,0,0.15,60,CAD_mid,0.3,supported_contact,0.230000,12.900,5.49794,9.62675
0.75,0.35,0.15,0.2,0,0.15,60,CAD_mid,1,supported_contact,0.230000,9.200,4.12771,7.25994
0.75,0.35,0.15,0.2,0,0.15,60,conditional_candidate,0.3,supported_contact,0.230000,3.000,0.99092,1.79838
0.75,0.35,0.15,0.2,0,0.15,60,conditional_candidate,1,supported_contact,0.230000,2.100,0.81858,1.49395
0.75,0.35,0.15,0.2,0,0.6,0,CAD_mid,0.3,supported_contact,0.230000,12.900,5.49794,9.62675
0.75,0.35,0.15,0.2,0,0.6,0,CAD_mid,1,supported_contact,0.230000,9.200,4.12771,7.25994
0.75,0.35,0.15,0.2,0,0.6,0,conditional_candidate,0.3,supported_contact,0.230000,3.000,0.99092,1.79838
0.75,0.35,0.15,0.2,0,0.6,0,conditional_candidate,1,supported_contact,0.230000,2.100,0.81858,1.49395
0.75,0.35,0.15,0.2,0,0.6,60,CAD_mid,0.3,supported_contact,0.230000,12.900,5.49794,9.62675
0.75,0.35,0.15,0.2,0,0.6,60,CAD_mid,1,supported_contact,0.230000,9.200,4.12771,7.25994
0.75,0.35,0.15,0.2,0,0.6,60,conditional_candidate,0.3,supported_contact,0.230000,3.000,0.99092,1.79838
0.75,0.35,0.15,0.2,0,0.6,60,conditional_candidate,1,supported_contact,0.230000,2.100,0.81858,1.49395
0.75,0.35,0.15,0.2,0.05,0.15,0,CAD_mid,0.3,supported_contact,0.180000,14.900,6.23490,10.89971
0.75,0.35,0.15,0.2,0.05,0.15,0,CAD_mid,1,supported_contact,0.180000,10.650,4.66335,8.18516
0.75,0.35,0.15,0.2,0.05,0.15,0,conditional_candidate,0.3,supported_contact,0.180000,3.350,1.06379,1.92710
0.75,0.35,0.15,0.2,0.05,0.15,0,conditional_candidate,1,supported_contact,0.180000,2.350,0.86961,1.58408
0.75,0.35,0.15,0.2,0.05,0.15,60,CAD_mid,0.3,supported_contact,0.180000,14.900,6.23490,10.89971
0.75,0.35,0.15,0.2,0.05,0.15,60,CAD_mid,1,supported_contact,0.180000,10.650,4.66335,8.18516
0.75,0.35,0.15,0.2,0.05,0.15,60,conditional_candidate,0.3,supported_contact,0.180000,3.350,1.06379,1.92710
0.75,0.35,0.15,0.2,0.05,0.15,60,conditional_candidate,1,supported_contact,0.180000,2.350,0.86961,1.58408
0.75,0.35,0.15,0.2,0.05,0.6,0,CAD_mid,0.3,supported_contact,0.180000,14.900,6.23490,10.89971
0.75,0.35,0.15,0.2,0.05,0.6,0,CAD_mid,1,supported_contact,0.180000,10.650,4.66335,8.18516
0.75,0.35,0.15,0.2,0.05,0.6,0,conditional_candidate,0.3,supported_contact,0.180000,3.350,1.06379,1.92710
0.75,0.35,0.15,0.2,0.05,0.6,0,conditional_candidate,1,supported_contact,0.180000,2.350,0.86961,1.58408
0.75,0.35,0.15,0.2,0.05,0.6,60,CAD_mid,0.3,supported_contact,0.180000,14.900,6.23490,10.89971
0.75,0.35,0.15,0.2,0.05,0.6,60,CAD_mid,1,supported_contact,0.180000,10.650,4.66335,8.18516
0.75,0.35,0.15,0.2,0.05,0.6,60,conditional_candidate,0.3,supported_contact,0.180000,3.350,1.06379,1.92710
0.75,0.35,0.15,0.2,0.05,0.6,60,conditional_candidate,1,supported_contact,0.180000,2.350,0.86961,1.58408
0.75,0.35,0.15,0.3,0,0.15,0,CAD_mid,0.3,supported_contact,0.270000,11.750,5.07288,8.89253
0.75,0.35,0.15,0.3,0,0.15,0,CAD_mid,1,supported_contact,0.270000,8.350,3.82026,6.72887
0.75,0.35,0.15,0.3,0,0.15,0,conditional_candidate,0.3,supported_contact,0.270000,2.800,0.94953,1.72527
0.75,0.35,0.15,0.3,0,0.15,0,conditional_candidate,1,supported_contact,0.270000,1.950,0.78960,1.44276
0.75,0.35,0.15,0.3,0,0.15,60,CAD_mid,0.3,supported_contact,0.270000,11.750,5.07288,8.89253
0.75,0.35,0.15,0.3,0,0.15,60,CAD_mid,1,supported_contact,0.270000,8.350,3.82026,6.72887
0.75,0.35,0.15,0.3,0,0.15,60,conditional_candidate,0.3,supported_contact,0.270000,2.800,0.94953,1.72527
0.75,0.35,0.15,0.3,0,0.15,60,conditional_candidate,1,supported_contact,0.270000,1.950,0.78960,1.44276
0.75,0.35,0.15,0.3,0,0.6,0,CAD_mid,0.3,supported_contact,0.270000,11.750,5.07288,8.89253
0.75,0.35,0.15,0.3,0,0.6,0,CAD_mid,1,supported_contact,0.270000,8.350,3.82026,6.72887
0.75,0.35,0.15,0.3,0,0.6,0,conditional_candidate,0.3,supported_contact,0.270000,2.800,0.94953,1.72527
0.75,0.35,0.15,0.3,0,0.6,0,conditional_candidate,1,supported_contact,0.270000,1.950,0.78960,1.44276
0.75,0.35,0.15,0.3,0,0.6,60,CAD_mid,0.3,supported_contact,0.270000,11.750,5.07288,8.89253
0.75,0.35,0.15,0.3,0,0.6,60,CAD_mid,1,supported_contact,0.270000,8.350,3.82026,6.72887
0.75,0.35,0.15,0.3,0,0.6,60,conditional_candidate,0.3,supported_contact,0.270000,2.800,0.94953,1.72527
0.75,0.35,0.15,0.3,0,0.6,60,conditional_candidate,1,supported_contact,0.270000,1.950,0.78960,1.44276
0.75,0.35,0.15,0.3,0.05,0.15,0,CAD_mid,0.3,supported_contact,0.220000,13.250,5.62348,9.84359
0.75,0.35,0.15,0.3,0.05,0.15,0,CAD_mid,1,supported_contact,0.220000,9.450,4.21872,7.41715
0.75,0.35,0.15,0.3,0.05,0.15,0,conditional_candidate,0.3,supported_contact,0.220000,3.050,1.00324,1.82013
0.75,0.35,0.15,0.3,0.05,0.15,0,conditional_candidate,1,supported_contact,0.220000,2.150,0.82720,1.50917
0.75,0.35,0.15,0.3,0.05,0.15,60,CAD_mid,0.3,supported_contact,0.220000,13.250,5.62348,9.84359
0.75,0.35,0.15,0.3,0.05,0.15,60,CAD_mid,1,supported_contact,0.220000,9.450,4.21872,7.41715
0.75,0.35,0.15,0.3,0.05,0.15,60,conditional_candidate,0.3,supported_contact,0.220000,3.050,1.00324,1.82013
0.75,0.35,0.15,0.3,0.05,0.15,60,conditional_candidate,1,supported_contact,0.220000,2.150,0.82720,1.50917
0.75,0.35,0.15,0.3,0.05,0.6,0,CAD_mid,0.3,supported_contact,0.220000,13.250,5.62348,9.84359
0.75,0.35,0.15,0.3,0.05,0.6,0,CAD_mid,1,supported_contact,0.220000,9.450,4.21872,7.41715
0.75,0.35,0.15,0.3,0.05,0.6,0,conditional_candidate,0.3,supported_contact,0.220000,3.050,1.00324,1.82013
0.75,0.35,0.15,0.3,0.05,0.6,0,conditional_candidate,1,supported_contact,0.220000,2.150,0.82720,1.50917
0.75,0.35,0.15,0.3,0.05,0.6,60,CAD_mid,0.3,supported_contact,0.220000,13.250,5.62348,9.84359
0.75,0.35,0.15,0.3,0.05,0.6,60,CAD_mid,1,supported_contact,0.220000,9.450,4.21872,7.41715
0.75,0.35,0.15,0.3,0.05,0.6,60,conditional_candidate,0.3,supported_contact,0.220000,3.050,1.00324,1.82013
0.75,0.35,0.15,0.3,0.05,0.6,60,conditional_candidate,1,supported_contact,0.220000,2.150,0.82720,1.50917
0.75,0.6,0.12,0.2,0,0.15,0,CAD_mid,0.3,supported_contact,0.150000,16.600,6.85871,11.97722
0.75,0.6,0.12,0.2,0,0.15,0,CAD_mid,1,supported_contact,0.150000,11.900,5.11933,8.97278
0.75,0.6,0.12,0.2,0,0.15,0,conditional_candidate,0.3,supported_contact,0.150000,3.700,1.12659,2.03802
0.75,0.6,0.12,0.2,0,0.15,0,conditional_candidate,1,supported_contact,0.150000,2.600,0.91361,1.66181
0.75,0.6,0.12,0.2,0,0.15,60,CAD_mid,0.3,supported_contact,0.150000,16.600,6.85871,11.97722
0.75,0.6,0.12,0.2,0,0.15,60,CAD_mid,1,supported_contact,0.150000,11.900,5.11933,8.97278
0.75,0.6,0.12,0.2,0,0.15,60,conditional_candidate,0.3,supported_contact,0.150000,3.700,1.12659,2.03802
0.75,0.6,0.12,0.2,0,0.15,60,conditional_candidate,1,supported_contact,0.150000,2.600,0.91361,1.66181
0.75,0.6,0.12,0.2,0,0.6,0,CAD_mid,0.3,supported_contact,0.150000,16.600,6.85871,11.97722
0.75,0.6,0.12,0.2,0,0.6,0,CAD_mid,1,supported_contact,0.150000,11.900,5.11933,8.97278
0.75,0.6,0.12,0.2,0,0.6,0,conditional_candidate,0.3,supported_contact,0.150000,3.700,1.12659,2.03802
0.75,0.6,0.12,0.2,0,0.6,0,conditional_candidate,1,supported_contact,0.150000,2.600,0.91361,1.66181
0.75,0.6,0.12,0.2,0,0.6,60,CAD_mid,0.3,supported_contact,0.150000,16.600,6.85871,11.97722
0.75,0.6,0.12,0.2,0,0.6,60,CAD_mid,1,supported_contact,0.150000,11.900,5.11933,8.97278
0.75,0.6,0.12,0.2,0,0.6,60,conditional_candidate,0.3,supported_contact,0.150000,3.700,1.12659,2.03802
0.75,0.6,0.12,0.2,0,0.6,60,conditional_candidate,1,supported_contact,0.150000,2.600,0.91361,1.66181
0.75,0.6,0.12,0.2,0.05,0.15,0,CAD_mid,0.3,supported_contact,0.100000,21.100,8.51087,14.83102
0.75,0.6,0.12,0.2,0.05,0.15,0,CAD_mid,1,supported_contact,0.100000,15.200,6.33860,11.07883
0.75,0.6,0.12,0.2,0.05,0.15,0,conditional_candidate,0.3,supported_contact,0.100000,4.600,1.29805,2.34090
0.75,0.6,0.12,0.2,0.05,0.15,0,conditional_candidate,1,supported_contact,0.100000,3.200,1.03386,1.87423
0.75,0.6,0.12,0.2,0.05,0.15,60,CAD_mid,0.3,supported_contact,0.100000,21.100,8.51087,14.83102
0.75,0.6,0.12,0.2,0.05,0.15,60,CAD_mid,1,supported_contact,0.100000,15.200,6.33860,11.07883
0.75,0.6,0.12,0.2,0.05,0.15,60,conditional_candidate,0.3,supported_contact,0.100000,4.600,1.29805,2.34090
0.75,0.6,0.12,0.2,0.05,0.15,60,conditional_candidate,1,supported_contact,0.100000,3.200,1.03386,1.87423
0.75,0.6,0.12,0.2,0.05,0.6,0,CAD_mid,0.3,supported_contact,0.100000,21.100,8.51087,14.83102
0.75,0.6,0.12,0.2,0.05,0.6,0,CAD_mid,1,supported_contact,0.100000,15.200,6.33860,11.07883
0.75,0.6,0.12,0.2,0.05,0.6,0,conditional_candidate,0.3,supported_contact,0.100000,4.600,1.29805,2.34090
0.75,0.6,0.12,0.2,0.05,0.6,0,conditional_candidate,1,supported_contact,0.100000,3.200,1.03386,1.87423
0.75,0.6,0.12,0.2,0.05,0.6,60,CAD_mid,0.3,supported_contact,0.100000,21.100,8.51087,14.83102
0.75,0.6,0.12,0.2,0.05,0.6,60,CAD_mid,1,supported_contact,0.100000,15.200,6.33860,11.07883
0.75,0.6,0.12,0.2,0.05,0.6,60,conditional_candidate,0.3,supported_contact,0.100000,4.600,1.29805,2.34090
0.75,0.6,0.12,0.2,0.05,0.6,60,conditional_candidate,1,supported_contact,0.100000,3.200,1.03386,1.87423
0.75,0.6,0.12,0.3,0,0.15,0,CAD_mid,0.3,supported_contact,0.165000,15.700,6.52410,11.39925
0.75,0.6,0.12,0.3,0,0.15,0,CAD_mid,1,supported_contact,0.165000,11.250,4.87445,8.54980
0.75,0.6,0.12,0.3,0,0.15,0,conditional_candidate,0.3,supported_contact,0.165000,3.550,1.09277,1.97829
0.75,0.6,0.12,0.3,0,0.15,0,conditional_candidate,1,supported_contact,0.165000,2.450,0.88991,1.61995
0.75,0.6,0.12,0.3,0,0.15,60,CAD_mid,0.3,supported_contact,0.165000,15.700,6.52410,11.39925
0.75,0.6,0.12,0.3,0,0.15,60,CAD_mid,1,supported_contact,0.165000,11.250,4.87445,8.54980
0.75,0.6,0.12,0.3,0,0.15,60,conditional_candidate,0.3,supported_contact,0.165000,3.550,1.09277,1.97829
0.75,0.6,0.12,0.3,0,0.15,60,conditional_candidate,1,supported_contact,0.165000,2.450,0.88991,1.61995
0.75,0.6,0.12,0.3,0,0.6,0,CAD_mid,0.3,supported_contact,0.165000,15.700,6.52410,11.39925
0.75,0.6,0.12,0.3,0,0.6,0,CAD_mid,1,supported_contact,0.165000,11.250,4.87445,8.54980
0.75,0.6,0.12,0.3,0,0.6,0,conditional_candidate,0.3,supported_contact,0.165000,3.550,1.09277,1.97829
0.75,0.6,0.12,0.3,0,0.6,0,conditional_candidate,1,supported_contact,0.165000,2.450,0.88991,1.61995
0.75,0.6,0.12,0.3,0,0.6,60,CAD_mid,0.3,supported_contact,0.165000,15.700,6.52410,11.39925
0.75,0.6,0.12,0.3,0,0.6,60,CAD_mid,1,supported_contact,0.165000,11.250,4.87445,8.54980
0.75,0.6,0.12,0.3,0,0.6,60,conditional_candidate,0.3,supported_contact,0.165000,3.550,1.09277,1.97829
0.75,0.6,0.12,0.3,0,0.6,60,conditional_candidate,1,supported_contact,0.165000,2.450,0.88991,1.61995
0.75,0.6,0.12,0.3,0.05,0.15,0,CAD_mid,0.3,supported_contact,0.115000,19.450,7.89722,13.77105
0.75,0.6,0.12,0.3,0.05,0.15,0,CAD_mid,1,supported_contact,0.115000,13.950,5.88376,10.29318
0.75,0.6,0.12,0.3,0.05,0.15,0,conditional_candidate,0.3,supported_contact,0.115000,4.250,1.23347,2.22682
0.75,0.6,0.12,0.3,0.05,0.15,0,conditional_candidate,1,supported_contact,0.115000,3.000,0.98855,1.79419
0.75,0.6,0.12,0.3,0.05,0.15,60,CAD_mid,0.3,supported_contact,0.115000,19.450,7.89722,13.77105
0.75,0.6,0.12,0.3,0.05,0.15,60,CAD_mid,1,supported_contact,0.115000,13.950,5.88376,10.29318
0.75,0.6,0.12,0.3,0.05,0.15,60,conditional_candidate,0.3,supported_contact,0.115000,4.250,1.23347,2.22682
0.75,0.6,0.12,0.3,0.05,0.15,60,conditional_candidate,1,supported_contact,0.115000,3.000,0.98855,1.79419
0.75,0.6,0.12,0.3,0.05,0.6,0,CAD_mid,0.3,supported_contact,0.115000,19.450,7.89722,13.77105
0.75,0.6,0.12,0.3,0.05,0.6,0,CAD_mid,1,supported_contact,0.115000,13.950,5.88376,10.29318
0.75,0.6,0.12,0.3,0.05,0.6,0,conditional_candidate,0.3,supported_contact,0.115000,4.250,1.23347,2.22682
0.75,0.6,0.12,0.3,0.05,0.6,0,conditional_candidate,1,supported_contact,0.115000,3.000,0.98855,1.79419
0.75,0.6,0.12,0.3,0.05,0.6,60,CAD_mid,0.3,supported_contact,0.115000,19.450,7.89722,13.77105
0.75,0.6,0.12,0.3,0.05,0.6,60,CAD_mid,1,supported_contact,0.115000,13.950,5.88376,10.29318
0.75,0.6,0.12,0.3,0.05,0.6,60,conditional_candidate,0.3,supported_contact,0.115000,4.250,1.23347,2.22682
0.75,0.6,0.12,0.3,0.05,0.6,60,conditional_candidate,1,supported_contact,0.115000,3.000,0.98855,1.79419
0.75,0.6,0.15,0.2,0,0.15,0,CAD_mid,0.3,supported_contact,0.180000,14.900,6.23490,10.89971
0.75,0.6,0.15,0.2,0,0.15,0,CAD_mid,1,supported_contact,0.180000,10.650,4.66335,8.18516
0.75,0.6,0.15,0.2,0,0.15,0,conditional_candidate,0.3,supported_contact,0.180000,3.350,1.06379,1.92710
0.75,0.6,0.15,0.2,0,0.15,0,conditional_candidate,1,supported_contact,0.180000,2.350,0.86961,1.58408
0.75,0.6,0.15,0.2,0,0.15,60,CAD_mid,0.3,supported_contact,0.180000,14.900,6.23490,10.89971
0.75,0.6,0.15,0.2,0,0.15,60,CAD_mid,1,supported_contact,0.180000,10.650,4.66335,8.18516
0.75,0.6,0.15,0.2,0,0.15,60,conditional_candidate,0.3,supported_contact,0.180000,3.350,1.06379,1.92710
0.75,0.6,0.15,0.2,0,0.15,60,conditional_candidate,1,supported_contact,0.180000,2.350,0.86961,1.58408
0.75,0.6,0.15,0.2,0,0.6,0,CAD_mid,0.3,supported_contact,0.180000,14.900,6.23490,10.89971
0.75,0.6,0.15,0.2,0,0.6,0,CAD_mid,1,supported_contact,0.180000,10.650,4.66335,8.18516
0.75,0.6,0.15,0.2,0,0.6,0,conditional_candidate,0.3,supported_contact,0.180000,3.350,1.06379,1.92710
0.75,0.6,0.15,0.2,0,0.6,0,conditional_candidate,1,supported_contact,0.180000,2.350,0.86961,1.58408
0.75,0.6,0.15,0.2,0,0.6,60,CAD_mid,0.3,supported_contact,0.180000,14.900,6.23490,10.89971
0.75,0.6,0.15,0.2,0,0.6,60,CAD_mid,1,supported_contact,0.180000,10.650,4.66335,8.18516
0.75,0.6,0.15,0.2,0,0.6,60,conditional_candidate,0.3,supported_contact,0.180000,3.350,1.06379,1.92710
0.75,0.6,0.15,0.2,0,0.6,60,conditional_candidate,1,supported_contact,0.180000,2.350,0.86961,1.58408
0.75,0.6,0.15,0.2,0.05,0.15,0,CAD_mid,0.3,supported_contact,0.130000,18.050,7.39796,12.90868
0.75,0.6,0.15,0.2,0.05,0.15,0,CAD_mid,1,supported_contact,0.130000,12.950,5.51544,9.65697
0.75,0.6,0.15,0.2,0.05,0.15,0,conditional_candidate,0.3,supported_contact,0.130000,4.000,1.18172,2.13540
0.75,0.6,0.15,0.2,0.05,0.15,0,conditional_candidate,1,supported_contact,0.130000,2.800,0.95225,1.73007
0.75,0.6,0.15,0.2,0.05,0.15,60,CAD_mid,0.3,supported_contact,0.130000,18.050,7.39796,12.90868
0.75,0.6,0.15,0.2,0.05,0.15,60,CAD_mid,1,supported_contact,0.130000,12.950,5.51544,9.65697
0.75,0.6,0.15,0.2,0.05,0.15,60,conditional_candidate,0.3,supported_contact,0.130000,4.000,1.18172,2.13540
0.75,0.6,0.15,0.2,0.05,0.15,60,conditional_candidate,1,supported_contact,0.130000,2.800,0.95225,1.73007
0.75,0.6,0.15,0.2,0.05,0.6,0,CAD_mid,0.3,supported_contact,0.130000,18.050,7.39796,12.90868
0.75,0.6,0.15,0.2,0.05,0.6,0,CAD_mid,1,supported_contact,0.130000,12.950,5.51544,9.65697
0.75,0.6,0.15,0.2,0.05,0.6,0,conditional_candidate,0.3,supported_contact,0.130000,4.000,1.18172,2.13540
0.75,0.6,0.15,0.2,0.05,0.6,0,conditional_candidate,1,supported_contact,0.130000,2.800,0.95225,1.73007
0.75,0.6,0.15,0.2,0.05,0.6,60,CAD_mid,0.3,supported_contact,0.130000,18.050,7.39796,12.90868
0.75,0.6,0.15,0.2,0.05,0.6,60,CAD_mid,1,supported_contact,0.130000,12.950,5.51544,9.65697
0.75,0.6,0.15,0.2,0.05,0.6,60,conditional_candidate,0.3,supported_contact,0.130000,4.000,1.18172,2.13540
0.75,0.6,0.15,0.2,0.05,0.6,60,conditional_candidate,1,supported_contact,0.130000,2.800,0.95225,1.73007
0.75,0.6,0.15,0.3,0,0.15,0,CAD_mid,0.3,supported_contact,0.195000,14.250,5.98199,10.46286
0.75,0.6,0.15,0.3,0,0.15,0,CAD_mid,1,supported_contact,0.195000,10.150,4.47916,7.86700
0.75,0.6,0.15,0.3,0,0.15,0,conditional_candidate,0.3,supported_contact,0.195000,3.250,1.03863,1.88264
0.75,0.6,0.15,0.3,0,0.15,0,conditional_candidate,1,supported_contact,0.195000,2.250,0.85198,1.55295
0.75,0.6,0.15,0.3,0,0.15,60,CAD_mid,0.3,supported_contact,0.195000,14.250,5.98199,10.46286
0.75,0.6,0.15,0.3,0,0.15,60,CAD_mid,1,supported_contact,0.195000,10.150,4.47916,7.86700
0.75,0.6,0.15,0.3,0,0.15,60,conditional_candidate,0.3,supported_contact,0.195000,3.250,1.03863,1.88264
0.75,0.6,0.15,0.3,0,0.15,60,conditional_candidate,1,supported_contact,0.195000,2.250,0.85198,1.55295
0.75,0.6,0.15,0.3,0,0.6,0,CAD_mid,0.3,supported_contact,0.195000,14.250,5.98199,10.46286
0.75,0.6,0.15,0.3,0,0.6,0,CAD_mid,1,supported_contact,0.195000,10.150,4.47916,7.86700
0.75,0.6,0.15,0.3,0,0.6,0,conditional_candidate,0.3,supported_contact,0.195000,3.250,1.03863,1.88264
0.75,0.6,0.15,0.3,0,0.6,0,conditional_candidate,1,supported_contact,0.195000,2.250,0.85198,1.55295
0.75,0.6,0.15,0.3,0,0.6,60,CAD_mid,0.3,supported_contact,0.195000,14.250,5.98199,10.46286
0.75,0.6,0.15,0.3,0,0.6,60,CAD_mid,1,supported_contact,0.195000,10.150,4.47916,7.86700
0.75,0.6,0.15,0.3,0,0.6,60,conditional_candidate,0.3,supported_contact,0.195000,3.250,1.03863,1.88264
0.75,0.6,0.15,0.3,0,0.6,60,conditional_candidate,1,supported_contact,0.195000,2.250,0.85198,1.55295
0.75,0.6,0.15,0.3,0.05,0.15,0,CAD_mid,0.3,supported_contact,0.145000,16.950,6.98238,12.19083
0.75,0.6,0.15,0.3,0.05,0.15,0,CAD_mid,1,supported_contact,0.145000,12.150,5.21002,9.12941
0.75,0.6,0.15,0.3,0.05,0.15,0,conditional_candidate,0.3,supported_contact,0.145000,3.750,1.13916,2.06023
0.75,0.6,0.15,0.3,0.05,0.15,0,conditional_candidate,1,supported_contact,0.145000,2.650,0.92242,1.67737
0.75,0.6,0.15,0.3,0.05,0.15,60,CAD_mid,0.3,supported_contact,0.145000,16.950,6.98238,12.19083
0.75,0.6,0.15,0.3,0.05,0.15,60,CAD_mid,1,supported_contact,0.145000,12.150,5.21002,9.12941
0.75,0.6,0.15,0.3,0.05,0.15,60,conditional_candidate,0.3,supported_contact,0.145000,3.750,1.13916,2.06023
0.75,0.6,0.15,0.3,0.05,0.15,60,conditional_candidate,1,supported_contact,0.145000,2.650,0.92242,1.67737
0.75,0.6,0.15,0.3,0.05,0.6,0,CAD_mid,0.3,supported_contact,0.145000,16.950,6.98238,12.19083
0.75,0.6,0.15,0.3,0.05,0.6,0,CAD_mid,1,supported_contact,0.145000,12.150,5.21002,9.12941
0.75,0.6,0.15,0.3,0.05,0.6,0,conditional_candidate,0.3,supported_contact,0.145000,3.750,1.13916,2.06023
0.75,0.6,0.15,0.3,0.05,0.6,0,conditional_candidate,1,supported_contact,0.145000,2.650,0.92242,1.67737
0.75,0.6,0.15,0.3,0.05,0.6,60,CAD_mid,0.3,supported_contact,0.145000,16.950,6.98238,12.19083
0.75,0.6,0.15,0.3,0.05,0.6,60,CAD_mid,1,supported_contact,0.145000,12.150,5.21002,9.12941
0.75,0.6,0.15,0.3,0.05,0.6,60,conditional_candidate,0.3,supported_contact,0.145000,3.750,1.13916,2.06023
0.75,0.6,0.15,0.3,0.05,0.6,60,conditional_candidate,1,supported_contact,0.145000,2.650,0.92242,1.67737
