material,cells,dt_s,pan_glass_h,hole,radius_mm,pan_C,glass_C
steel,20,0.2,50,false,2.25000,104.75103,43.96636
steel,20,0.2,50,false,6.75000,108.07989,45.11719
steel,20,0.2,50,false,11.25000,114.81146,47.43965
steel,20,0.2,50,false,15.75000,125.09176,50.95381
steel,20,0.2,50,false,20.25000,139.13618,55.63121
steel,20,0.2,50,false,24.75000,157.22700,61.31174
steel,20,0.2,50,false,29.25000,179.71322,67.57235
steel,20,0.2,50,false,33.75000,202.39201,73.53000
steel,20,0.2,50,false,38.25000,217.53911,78.19583
steel,20,0.2,50,false,42.75000,226.60575,81.26843
steel,20,0.2,50,false,47.25000,230.52378,82.72766
steel,20,0.2,50,false,51.75000,229.87047,82.63802
steel,20,0.2,50,false,56.25000,224.96508,81.06572
steel,20,0.2,50,false,60.75000,215.92998,78.06613
steel,20,0.2,50,false,65.25000,202.73182,73.72483
steel,20,0.2,50,false,69.75000,185.20989,68.25141
steel,20,0.2,50,false,74.25000,163.09365,62.13540
steel,20,0.2,50,false,78.75000,140.69873,56.38273
steel,20,0.2,50,false,83.25000,126.51950,52.18535
steel,20,0.2,50,false,87.75000,119.71363,50.02992
steel,20,0.2,50,true,2.25000,104.85409,NaN
steel,20,0.2,50,true,6.75000,108.51999,NaN
steel,20,0.2,50,true,11.25000,115.08964,49.30980
steel,20,0.2,50,true,15.75000,125.26474,51.66452
steel,20,0.2,50,true,20.25000,139.24209,55.89710
steel,20,0.2,50,true,24.75000,157.29110,61.40925
steel,20,0.2,50,true,29.25000,179.75172,67.60776
steel,20,0.2,50,true,33.75000,202.41506,73.54306
steel,20,0.2,50,true,38.25000,217.55291,78.20093
steel,20,0.2,50,true,42.75000,226.61405,81.27064
steel,20,0.2,50,true,47.25000,230.52881,82.72874
steel,20,0.2,50,true,51.75000,229.87355,82.63861
steel,20,0.2,50,true,56.25000,224.96700,81.06607
steel,20,0.2,50,true,60.75000,215.93119,78.06634
steel,20,0.2,50,true,65.25000,202.73259,73.72496
steel,20,0.2,50,true,69.75000,185.21038,68.25149
steel,20,0.2,50,true,74.25000,163.09398,62.13545
steel,20,0.2,50,true,78.75000,140.69895,56.38276
steel,20,0.2,50,true,83.25000,126.51966,52.18537
steel,20,0.2,50,true,87.75000,119.71376,50.02994
steel,20,0.2,200,false,2.25000,84.44673,58.36199
steel,20,0.2,200,false,6.75000,87.39366,60.48057
steel,20,0.2,200,false,11.25000,93.37759,64.78075
steel,20,0.2,200,false,15.75000,102.57711,71.35606
steel,20,0.2,200,false,20.25000,115.25828,80.25024
steel,20,0.2,200,false,24.75000,131.77927,91.29145
steel,20,0.2,200,false,29.25000,152.61147,103.76186
steel,20,0.2,200,false,33.75000,173.77538,115.73916
steel,20,0.2,200,false,38.25000,187.79580,124.93292
steel,20,0.2,200,false,42.75000,196.20024,130.88050
steel,20,0.2,200,false,47.25000,199.93263,133.69419
steel,20,0.2,200,false,51.75000,199.55382,133.58491
steel,20,0.2,200,false,56.25000,195.34882,130.70079
steel,20,0.2,200,false,60.75000,187.39029,125.11020
steel,20,0.2,200,false,65.25000,175.57867,116.87930
steel,20,0.2,200,false,69.75000,159.66335,106.25978
steel,20,0.2,200,false,74.25000,139.23777,94.06738
steel,20,0.2,200,false,78.75000,118.37537,82.43671
steel,20,0.2,200,false,83.25000,105.29061,74.07499
steel,20,0.2,200,false,87.75000,99.04134,69.83715
steel,20,0.2,200,true,2.25000,87.13938,NaN
steel,20,0.2,200,true,6.75000,89.91252,NaN
steel,20,0.2,200,true,11.25000,94.99484,67.62990
steel,20,0.2,200,true,15.75000,103.61248,72.56134
steel,20,0.2,200,true,20.25000,115.91677,80.80120
steel,20,0.2,200,true,24.75000,132.19501,91.56189
steel,20,0.2,200,true,29.25000,152.87194,103.90298
steel,20,0.2,200,true,33.75000,173.93725,115.81624
steel,20,0.2,200,true,38.25000,187.89552,124.97624
steel,20,0.2,200,true,42.75000,196.26110,130.90521
steel,20,0.2,200,true,47.25000,199.96941,133.70834
steel,20,0.2,200,true,51.75000,199.57584,133.59299
steel,20,0.2,200,true,56.25000,195.36185,130.70538
steel,20,0.2,200,true,60.75000,187.39793,125.11279
steel,20,0.2,200,true,65.25000,175.58310,116.88074
steel,20,0.2,200,true,69.75000,159.66590,106.26058
steel,20,0.2,200,true,74.25000,139.23924,94.06783
steel,20,0.2,200,true,78.75000,118.37623,82.43696
steel,20,0.2,200,true,83.25000,105.29114,74.07514
steel,20,0.2,200,true,87.75000,99.04174,69.83725
steel,20,0.2,1000,false,2.25000,73.88186,63.79648
steel,20,0.2,1000,false,6.75000,76.69651,66.33945
steel,20,0.2,1000,false,11.25000,82.41937,71.51970
steel,20,0.2,1000,false,15.75000,91.23356,79.50462
steel,20,0.2,1000,false,20.25000,103.40697,90.47221
steel,20,0.2,1000,false,24.75000,119.29620,104.43925
steel,20,0.2,1000,false,29.25000,139.38887,120.76551
steel,20,0.2,1000,false,33.75000,159.84940,136.66269
steel,20,0.2,1000,false,38.25000,173.41180,148.45733
steel,20,0.2,1000,false,42.75000,181.59070,155.88567
steel,20,0.2,1000,false,47.25000,185.29423,159.35557
steel,20,0.2,1000,false,51.75000,185.05508,159.25265
steel,20,0.2,1000,false,56.25000,181.13732,155.79130
steel,20,0.2,1000,false,60.75000,173.59841,149.02023
steel,20,0.2,1000,false,65.25000,162.33100,138.90062
steel,20,0.2,1000,false,69.75000,147.08459,125.50276
steel,20,0.2,1000,false,74.25000,127.43967,109.54806
steel,20,0.2,1000,false,78.75000,107.32739,94.03969
steel,20,0.2,1000,false,83.25000,94.73652,83.20651
steel,20,0.2,1000,false,87.75000,88.72236,77.83271
steel,20,0.2,1000,true,2.25000,77.44394,NaN
steel,20,0.2,1000,true,6.75000,79.92476,NaN
steel,20,0.2,1000,true,11.25000,84.55505,74.57947
steel,20,0.2,1000,true,15.75000,92.60298,80.92860
steel,20,0.2,1000,true,20.25000,104.27409,91.23295
steel,20,0.2,1000,true,24.75000,119.84040,104.87431
steel,20,0.2,1000,true,29.25000,139.72735,121.02107
steel,20,0.2,1000,true,33.75000,160.05783,136.81371
steel,20,0.2,1000,true,38.25000,173.53874,148.54623
steel,20,0.2,1000,true,42.75000,181.66711,155.93755
steel,20,0.2,1000,true,47.25000,185.33966,159.38552
steel,20,0.2,1000,true,51.75000,185.08176,159.26975
steel,20,0.2,1000,true,56.25000,181.15278,155.80093
steel,20,0.2,1000,true,60.75000,173.60726,149.02560
steel,20,0.2,1000,true,65.25000,162.33600,138.90356
steel,20,0.2,1000,true,69.75000,147.08739,125.50436
steel,20,0.2,1000,true,74.25000,127.44123,109.54893
steel,20,0.2,1000,true,78.75000,107.32827,94.04016
steel,20,0.2,1000,true,83.25000,94.73704,83.20678
steel,20,0.2,1000,true,87.75000,88.72273,77.83290
steel,40,0.2,50,false,1.12500,104.21482,43.74897
steel,40,0.2,50,false,3.37500,105.04650,44.03815
steel,40,0.2,50,false,5.62500,106.71447,44.61808
steel,40,0.2,50,false,7.87500,109.22793,45.49161
steel,40,0.2,50,false,10.12500,112.60060,46.66212
steel,40,0.2,50,false,12.37500,116.85068,48.13253
steel,40,0.2,50,false,14.62500,122.00071,49.90374
steel,40,0.2,50,false,16.87500,128.07752,51.97265
steel,40,0.2,50,false,19.12500,135.11213,54.32952
steel,40,0.2,50,false,21.37500,143.13971,56.95470
steel,40,0.2,50,false,23.62500,152.19955,59.81447
steel,40,0.2,50,false,25.87500,162.33515,62.85602
steel,40,0.2,50,false,28.12500,173.59439,66.00129
steel,40,0.2,50,false,30.37500,186.02983,69.13945
steel,40,0.2,50,false,32.62500,197.38721,72.11789
steel,40,0.2,50,false,34.87500,206.74756,74.81413
steel,40,0.2,50,false,37.12500,214.33449,77.15714
steel,40,0.2,50,false,39.37500,220.32727,79.10990
steel,40,0.2,50,false,41.62500,224.86991,80.65714
steel,40,0.2,50,false,43.87500,228.07769,81.79679
steel,40,0.2,50,false,46.12500,230.04212,82.53390
steel,40,0.2,50,false,48.37500,230.83465,82.87672
steel,40,0.2,50,false,50.62500,230.50961,82.83414
steel,40,0.2,50,false,52.87500,229.10651,82.41432
steel,40,0.2,50,false,55.12500,226.65188,81.62439
steel,40,0.2,50,false,57.37500,223.16080,80.47091
steel,40,0.2,50,false,59.62500,218.63816,78.96120
steel,40,0.2,50,false,61.87500,213.07971,77.10542
steel,40,0.2,50,false,64.12500,206.47294,74.91960
steel,40,0.2,50,false,66.37500,198.79775,72.42943
steel,40,0.2,50,false,68.62500,190.02704,69.67522
steel,40,0.2,50,false,70.87500,180.12706,66.71791
steel,40,0.2,50,false,73.12500,169.05754,63.64656
steel,40,0.2,50,false,75.37500,156.77169,60.58726
steel,40,0.2,50,false,77.62500,145.56098,57.71398
steel,40,0.2,50,false,79.87500,136.46893,55.17600
steel,40,0.2,50,false,82.12500,129.37086,53.07135
steel,40,0.2,50,false,84.37500,124.16184,51.46081
steel,40,0.2,50,false,86.62500,120.75479,50.37808
steel,40,0.2,50,false,88.87500,119.07903,49.83719
steel,40,0.2,50,true,1.12500,104.26887,NaN
steel,40,0.2,50,true,3.37500,105.16514,NaN
steel,40,0.2,50,true,5.62500,107.03348,NaN
steel,40,0.2,50,true,7.87500,109.63449,NaN
steel,40,0.2,50,true,10.12500,112.92433,49.09163
steel,40,0.2,50,true,12.37500,117.10738,49.61863
steel,40,0.2,50,true,14.62500,122.20336,50.81157
steel,40,0.2,50,true,16.87500,128.23683,52.52463
steel,40,0.2,50,true,19.12500,135.23691,54.66301
steel,40,0.2,50,true,21.37500,143.23713,57.15480
steel,40,0.2,50,true,23.62500,152.27542,59.93379
steel,40,0.2,50,true,25.87500,162.39412,62.92687
steel,40,0.2,50,true,28.12500,173.64016,66.04329
steel,40,0.2,50,true,30.37500,186.06532,69.16443
steel,40,0.2,50,true,32.62500,197.41472,72.13289
steel,40,0.2,50,true,34.87500,206.76889,74.82330
steel,40,0.2,50,true,37.12500,214.35103,77.16288
steel,40,0.2,50,true,39.37500,220.34012,79.11361
steel,40,0.2,50,true,41.62500,224.87991,80.65963
steel,40,0.2,50,true,43.87500,228.08548,81.79852
steel,40,0.2,50,true,46.12500,230.04820,82.53515
steel,40,0.2,50,true,48.37500,230.83942,82.87765
steel,40,0.2,50,true,50.62500,230.51336,82.83484
steel,40,0.2,50,true,52.87500,229.10946,82.41486
steel,40,0.2,50,true,55.12500,226.65421,81.62481
steel,40,0.2,50,true,57.37500,223.16265,80.47124
steel,40,0.2,50,true,59.62500,218.63963,78.96145
steel,40,0.2,50,true,61.87500,213.08088,77.10563
steel,40,0.2,50,true,64.12500,206.47387,74.91976
steel,40,0.2,50,true,66.37500,198.79850,72.42956
steel,40,0.2,50,true,68.62500,190.02764,69.67532
steel,40,0.2,50,true,70.87500,180.12754,66.71799
steel,40,0.2,50,true,73.12500,169.05793,63.64663
steel,40,0.2,50,true,75.37500,156.77201,60.58731
steel,40,0.2,50,true,77.62500,145.56125,57.71402
steel,40,0.2,50,true,79.87500,136.46915,55.17603
steel,40,0.2,50,true,82.12500,129.37105,53.07138
steel,40,0.2,50,true,84.37500,124.16200,51.46083
steel,40,0.2,50,true,86.62500,120.75494,50.37810
steel,40,0.2,50,true,88.87500,119.07917,49.83721
steel,40,0.2,200,false,1.12500,83.92822,57.94905
steel,40,0.2,200,false,3.37500,84.66392,58.47974
steel,40,0.2,200,false,5.62500,86.14096,59.54554
steel,40,0.2,200,false,7.87500,88.37053,61.15478
steel,40,0.2,200,false,10.12500,91.36939,63.31877
steel,40,0.2,200,false,12.37500,95.15975,66.05020
steel,40,0.2,200,false,14.62500,99.76923,69.36066
steel,40,0.2,200,false,16.87500,105.23091,73.25716
steel,40,0.2,200,false,19.12500,111.58337,77.73708
steel,40,0.2,200,false,21.37500,118.87108,82.78106
steel,40,0.2,200,false,23.62500,127.14499,88.34287
steel,40,0.2,200,false,25.87500,136.46366,94.33508
steel,40,0.2,200,false,28.12500,146.89509,100.60874
steel,40,0.2,200,false,30.37500,158.51961,106.92438
steel,40,0.2,200,false,32.62500,169.12242,112.91054
steel,40,0.2,200,false,34.87500,177.81552,118.28303
steel,40,0.2,200,false,37.12500,184.83986,122.90242
steel,40,0.2,200,false,39.37500,190.38399,126.71369
steel,40,0.2,200,false,41.62500,194.59624,129.70879
steel,40,0.2,200,false,43.87500,197.59320,131.90365
steel,40,0.2,200,false,46.12500,199.46565,133.32405
steel,40,0.2,200,false,48.37500,200.28287,133.99722
steel,40,0.2,200,false,50.62500,200.09586,133.94712
steel,40,0.2,200,false,52.87500,198.93979,133.19225
steel,40,0.2,200,false,55.12500,196.83591,131.74519
steel,40,0.2,200,false,57.37500,193.79313,129.61363
steel,40,0.2,200,false,59.62500,189.80920,126.80281
steel,40,0.2,200,false,61.87500,184.87170,123.31933
steel,40,0.2,200,false,64.12500,178.95873,119.17689
steel,40,0.2,200,false,66.37500,172.03919,114.40449
steel,40,0.2,200,false,68.62500,164.07272,109.05793
steel,40,0.2,200,false,70.87500,155.00889,103.23620
steel,40,0.2,200,false,73.12500,144.78556,97.10474
steel,40,0.2,200,false,75.37500,133.32593,90.92860
steel,40,0.2,200,false,77.62500,122.87887,85.12007
steel,40,0.2,200,false,79.87500,114.45278,80.01904
steel,40,0.2,200,false,82.12500,107.90174,75.82185
steel,40,0.2,200,false,84.37500,103.10857,72.63374
steel,40,0.2,200,false,86.62500,99.97991,70.50295
steel,40,0.2,200,false,88.87500,98.44289,69.44241
steel,40,0.2,200,true,1.12500,86.57464,NaN
steel,40,0.2,200,true,3.37500,87.25240,NaN
steel,40,0.2,200,true,5.62500,88.66577,NaN
steel,40,0.2,200,true,7.87500,90.66003,NaN
steel,40,0.2,200,true,10.12500,93.20502,66.97289
steel,40,0.2,200,true,12.37500,96.63035,68.35581
steel,40,0.2,200,true,14.62500,100.94556,70.84899
steel,40,0.2,200,true,16.87500,106.17012,74.23829
steel,40,0.2,200,true,19.12500,112.33185,78.39707
steel,40,0.2,200,true,21.37500,119.46642,83.23384
steel,40,0.2,200,true,23.62500,127.61761,88.65939
steel,40,0.2,200,true,25.87500,136.83812,94.56026
steel,40,0.2,200,true,28.12500,147.19117,100.77145
steel,40,0.2,200,true,30.37500,158.75324,107.04351
steel,40,0.2,200,true,32.62500,169.30637,112.99872
steel,40,0.2,200,true,34.87500,177.96003,118.34883
steel,40,0.2,200,true,37.12500,184.95313,122.95183
steel,40,0.2,200,true,39.37500,190.47256,126.75093
steel,40,0.2,200,true,41.62500,194.66533,129.73693
steel,40,0.2,200,true,43.87500,197.64695,131.92493
steel,40,0.2,200,true,46.12500,199.50736,133.34014
steel,40,0.2,200,true,48.37500,200.31516,134.00938
steel,40,0.2,200,true,50.62500,200.12078,133.95630
steel,40,0.2,200,true,52.87500,198.95897,133.19916
steel,40,0.2,200,true,55.12500,196.85064,131.75039
steel,40,0.2,200,true,57.37500,193.80441,129.61754
steel,40,0.2,200,true,59.62500,189.81781,126.80573
steel,40,0.2,200,true,61.87500,184.87826,123.32151
steel,40,0.2,200,true,64.12500,178.96371,119.17852
steel,40,0.2,200,true,66.37500,172.04297,114.40570
steel,40,0.2,200,true,68.62500,164.07558,109.05883
steel,40,0.2,200,true,70.87500,155.01104,103.23687
steel,40,0.2,200,true,73.12500,144.78718,97.10523
steel,40,0.2,200,true,75.37500,133.32716,90.92896
steel,40,0.2,200,true,77.62500,122.87981,85.12034
steel,40,0.2,200,true,79.87500,114.45349,80.01924
steel,40,0.2,200,true,82.12500,107.90230,75.82201
steel,40,0.2,200,true,84.37500,103.10903,72.63386
steel,40,0.2,200,true,86.62500,99.98030,70.50306
steel,40,0.2,200,true,88.87500,98.44325,69.44251
steel,40,0.2,1000,false,1.12500,73.36051,63.29729
steel,40,0.2,1000,false,3.37500,74.06337,63.93258
steel,40,0.2,1000,false,5.62500,75.47495,65.20935
steel,40,0.2,1000,false,7.87500,77.60690,67.13975
steel,40,0.2,1000,false,10.12500,80.47652,69.74127
steel,40,0.2,1000,false,12.37500,84.10658,73.03580
steel,40,0.2,1000,false,14.62500,88.52510,77.04793
steel,40,0.2,1000,false,16.87500,93.76525,81.80220
steel,40,0.2,1000,false,19.12500,99.86534,87.31850
steel,40,0.2,1000,false,21.37500,106.86921,93.60408
steel,40,0.2,1000,false,23.62500,114.82737,100.63976
steel,40,0.2,1000,false,25.87500,123.79936,108.35559
steel,40,0.2,1000,false,28.12500,133.85870,116.58743
steel,40,0.2,1000,false,30.37500,145.10219,124.99926
steel,40,0.2,1000,false,32.62500,155.35540,132.94323
steel,40,0.2,1000,false,34.87500,163.75661,139.96110
steel,40,0.2,1000,false,37.12500,170.55225,145.89031
steel,40,0.2,1000,false,39.37500,175.92847,150.70625
steel,40,0.2,1000,false,41.62500,180.02893,154.44372
steel,40,0.2,1000,false,43.87500,182.96539,157.15795
steel,40,0.2,1000,false,46.12500,184.82433,158.90578
steel,40,0.2,1000,false,48.37500,185.67142,159.73684
steel,40,0.2,1000,false,50.62500,185.55456,159.68990
steel,40,0.2,1000,false,52.87500,184.50628,158.79179
steel,40,0.2,1000,false,55.12500,182.54556,157.05786
steel,40,0.2,1000,false,57.37500,179.67942,154.49330
steel,40,0.2,1000,false,59.62500,175.90419,151.09539
steel,40,0.2,1000,false,61.87500,171.20660,146.85692
steel,40,0.2,1000,false,64.12500,165.56456,141.77155
steel,40,0.2,1000,false,66.37500,158.94745,135.84260
steel,40,0.2,1000,false,68.62500,151.31551,129.09805
steel,40,0.2,1000,false,70.87500,142.61784,121.61687
steel,40,0.2,1000,false,73.12500,132.78750,113.57596
steel,40,0.2,1000,false,75.37500,121.73177,105.33498
steel,40,0.2,1000,false,77.62500,111.65834,97.59050
steel,40,0.2,1000,false,79.87500,103.54684,90.87700
steel,40,0.2,1000,false,82.12500,97.24342,85.43429
steel,40,0.2,1000,false,84.37500,92.63132,81.35303
steel,40,0.2,1000,false,86.62500,89.62031,78.65131
steel,40,0.2,1000,false,88.87500,88.14086,77.31439
steel,40,0.2,1000,true,1.12500,76.89346,NaN
steel,40,0.2,1000,true,3.37500,77.49989,NaN
steel,40,0.2,1000,true,5.62500,78.76530,NaN
steel,40,0.2,1000,true,7.87500,80.56998,NaN
steel,40,0.2,1000,true,10.12500,82.89004,73.62940
steel,40,0.2,1000,true,12.37500,86.04972,75.53047
steel,40,0.2,1000,true,14.62500,90.07971,78.74249
steel,40,0.2,1000,true,16.87500,95.00424,83.00437
steel,40,0.2,1000,true,19.12500,100.85008,88.19827
steel,40,0.2,1000,true,21.37500,107.65008,94.26158
steel,40,0.2,1000,true,23.62500,115.44521,101.13779
steel,40,0.2,1000,true,25.87500,124.28712,108.73585
steel,40,0.2,1000,true,28.12500,134.24284,116.87902
steel,40,0.2,1000,true,30.37500,145.40397,125.22325
steel,40,0.2,1000,true,32.62500,155.59183,133.11529
steel,40,0.2,1000,true,34.87500,163.94132,140.09314
steel,40,0.2,1000,true,37.12500,170.69613,145.99145
steel,40,0.2,1000,true,39.37500,176.04020,150.78354
steel,40,0.2,1000,true,41.62500,180.11542,154.50263
steel,40,0.2,1000,true,43.87500,183.03213,157.20271
steel,40,0.2,1000,true,46.12500,184.87566,158.93969
steel,40,0.2,1000,true,48.37500,185.71076,159.76246
steel,40,0.2,1000,true,50.62500,185.58461,159.70918
steel,40,0.2,1000,true,52.87500,184.52916,158.80625
steel,40,0.2,1000,true,55.12500,182.56292,157.06867
steel,40,0.2,1000,true,57.37500,179.69255,154.50136
steel,40,0.2,1000,true,59.62500,175.91408,151.10138
steel,40,0.2,1000,true,61.87500,171.21402,146.86135
steel,40,0.2,1000,true,64.12500,165.57012,141.77482
steel,40,0.2,1000,true,66.37500,158.95159,135.84500
steel,40,0.2,1000,true,68.62500,151.31860,129.09982
steel,40,0.2,1000,true,70.87500,142.62013,121.61816
steel,40,0.2,1000,true,73.12500,132.78920,113.57690
steel,40,0.2,1000,true,75.37500,121.73302,105.33566
steel,40,0.2,1000,true,77.62500,111.65927,97.59101
steel,40,0.2,1000,true,79.87500,103.54754,90.87738
steel,40,0.2,1000,true,82.12500,97.24396,85.43457
steel,40,0.2,1000,true,84.37500,92.63174,81.35324
steel,40,0.2,1000,true,86.62500,89.62067,78.65149
steel,40,0.2,1000,true,88.87500,88.14119,77.31456
steel,80,0.2,50,false,0.56250,104.08864,43.69765
steel,80,0.2,50,false,1.68750,104.29653,43.77003
steel,80,0.2,50,false,2.81250,104.71259,43.91489
steel,80,0.2,50,false,3.93750,105.33741,44.13243
steel,80,0.2,50,false,5.06250,106.17184,44.42294
steel,80,0.2,50,false,6.18750,107.21703,44.78678
steel,80,0.2,50,false,7.31250,108.47442,45.22436
steel,80,0.2,50,false,8.43750,109.94572,45.73611
steel,80,0.2,50,false,9.56250,111.63292,46.32245
steel,80,0.2,50,false,10.68750,113.53830,46.98377
steel,80,0.2,50,false,11.81250,115.66440,47.72033
steel,80,0.2,50,false,12.93750,118.01403,48.53226
steel,80,0.2,50,false,14.06250,120.59029,49.41946
steel,80,0.2,50,false,15.18750,123.39652,50.38157
steel,80,0.2,50,false,16.31250,126.43633,51.41782
steel,80,0.2,50,false,17.43750,129.71360,52.52702
steel,80,0.2,50,false,18.56250,133.23247,53.70739
steel,80,0.2,50,false,19.68750,136.99732,54.95647
steel,80,0.2,50,false,20.81250,141.01281,56.27100
steel,80,0.2,50,false,21.93750,145.28384,57.64678
steel,80,0.2,50,false,23.06250,149.81559,59.07848
steel,80,0.2,50,false,24.18750,154.61348,60.55949
steel,80,0.2,50,false,25.31250,159.68323,62.08173
steel,80,0.2,50,false,26.43750,165.03081,63.63542
steel,80,0.2,50,false,27.56250,170.66250,65.20886
steel,80,0.2,50,false,28.68750,176.58485,66.78819
steel,80,0.2,50,false,29.81250,182.80476,68.35705
steel,80,0.2,50,false,30.93750,189.03522,69.89633
steel,80,0.2,50,false,32.06250,194.71579,71.38647
steel,80,0.2,50,false,33.18750,199.88137,72.81223
steel,80,0.2,50,false,34.31250,204.56315,74.16187
steel,80,0.2,50,false,35.43750,208.78896,75.42657
steel,80,0.2,50,false,36.56250,212.58376,76.59983
steel,80,0.2,50,false,37.68750,215.96989,77.67707
steel,80,0.2,50,false,38.81250,218.96738,78.65519
steel,80,0.2,50,false,39.93750,221.59417,79.53233
steel,80,0.2,50,false,41.06250,223.86634,80.30754
steel,80,0.2,50,false,42.18750,225.79827,80.98057
steel,80,0.2,50,false,43.31250,227.40278,81.55170
steel,80,0.2,50,false,44.43750,228.69127,82.02159
steel,80,0.2,50,false,45.56250,229.67386,82.39114
steel,80,0.2,50,false,46.68750,230.35945,82.66137
steel,80,0.2,50,false,47.81250,230.75586,82.83341
steel,80,0.2,50,false,48.93750,230.86984,82.90836
steel,80,0.2,50,false,50.06250,230.70723,82.88731
steel,80,0.2,50,false,51.18750,230.27294,82.77129
steel,80,0.2,50,false,52.31250,229.57107,82.56125
steel,80,0.2,50,false,53.43750,228.60493,82.25806
steel,80,0.2,50,false,54.56250,227.37708,81.86258
steel,80,0.2,50,false,55.68750,225.88940,81.37561
steel,80,0.2,50,false,56.81250,224.14311,80.79799
steel,80,0.2,50,false,57.93750,222.13884,80.13062
steel,80,0.2,50,false,59.06250,219.87659,79.37454
steel,80,0.2,50,false,60.18750,217.35583,78.53101
steel,80,0.2,50,false,61.31250,214.57549,77.60162
steel,80,0.2,50,false,62.43750,211.53403,76.58834
steel,80,0.2,50,false,63.56250,208.22938,75.49371
steel,80,0.2,50,false,64.68750,204.65903,74.32093
steel,80,0.2,50,false,65.81250,200.82003,73.07403
steel,80,0.2,50,false,66.93750,196.70899,71.75805
steel,80,0.2,50,false,68.06250,192.32211,70.37921
steel,80,0.2,50,false,69.18750,187.65516,68.94514
steel,80,0.2,50,false,70.31250,182.70352,67.46508
steel,80,0.2,50,false,71.43750,177.46215,65.95018
steel,80,0.2,50,false,72.56250,171.92563,64.41375
steel,80,0.2,50,false,73.68750,166.08809,62.87157
steel,80,0.2,50,false,74.81250,159.94327,61.34225
steel,80,0.2,50,false,75.93750,153.77976,59.84757
steel,80,0.2,50,false,77.06250,148.17283,58.41022
steel,80,0.2,50,false,78.18750,143.10416,57.04883
steel,80,0.2,50,false,79.31250,138.55685,55.77860
steel,80,0.2,50,false,80.43750,134.51532,54.61178
steel,80,0.2,50,false,81.56250,130.96528,53.55810
steel,80,0.2,50,false,82.68750,127.89360,52.62513
steel,80,0.2,50,false,83.81250,125.28834,51.81863
steel,80,0.2,50,false,84.93750,123.13861,51.14282
steel,80,0.2,50,false,86.06250,121.43459,50.60055
steel,80,0.2,50,false,87.18750,120.16745,50.19359
steel,80,0.2,50,false,88.31250,119.32932,49.92267
steel,80,0.2,50,false,89.43750,118.91327,49.78768
steel,80,0.2,50,true,0.56250,104.11654,NaN
steel,80,0.2,50,true,1.68750,104.33980,NaN
steel,80,0.2,50,true,2.81250,104.79103,NaN
steel,80,0.2,50,true,3.93750,105.47980,NaN
steel,80,0.2,50,true,5.06250,106.42070,NaN
steel,80,0.2,50,true,6.18750,107.56386,NaN
steel,80,0.2,50,true,7.31250,108.86476,NaN
steel,80,0.2,50,true,8.43750,110.33425,NaN
steel,80,0.2,50,true,9.56250,111.97969,49.08529
steel,80,0.2,50,true,10.68750,113.84749,49.14104
steel,80,0.2,50,true,11.81250,115.93978,49.40586
steel,80,0.2,50,true,12.93750,118.25904,49.84904
steel,80,0.2,50,true,14.06250,120.80802,50.44746
steel,80,0.2,50,true,15.18750,123.58980,51.18320
steel,80,0.2,50,true,16.31250,126.60774,52.04205
steel,80,0.2,50,true,17.43750,129.86547,53.01230
steel,80,0.2,50,true,18.56250,133.36690,54.08397
steel,80,0.2,50,true,19.68750,137.11623,55.24817
steel,80,0.2,50,true,20.81250,141.11790,56.49655
steel,80,0.2,50,true,21.93750,145.37666,57.82086
steel,80,0.2,50,true,23.06250,149.89752,59.21263
steel,80,0.2,50,true,24.18750,154.68577,60.66273
steel,80,0.2,50,true,25.31250,159.74698,62.16110
steel,80,0.2,50,true,26.43750,165.08701,63.69641
steel,80,0.2,50,true,27.56250,170.71202,65.25572
steel,80,0.2,50,true,28.68750,176.62849,66.82421
steel,80,0.2,50,true,29.81250,182.84320,68.38478
steel,80,0.2,50,true,30.93750,189.06908,69.91772
steel,80,0.2,50,true,32.06250,194.74561,71.40303
steel,80,0.2,50,true,33.18750,199.90764,72.82510
steel,80,0.2,50,true,34.31250,204.58629,74.17193
steel,80,0.2,50,true,35.43750,208.80935,75.43448
steel,80,0.2,50,true,36.56250,212.60173,76.60610
steel,80,0.2,50,true,37.68750,215.98573,77.68207
steel,80,0.2,50,true,38.81250,218.98134,78.65922
steel,80,0.2,50,true,39.93750,221.60649,79.53561
steel,80,0.2,50,true,41.06250,223.87721,80.31024
steel,80,0.2,50,true,42.18750,225.80787,80.98281
steel,80,0.2,50,true,43.31250,227.41125,81.55358
steel,80,0.2,50,true,44.43750,228.69876,82.02318
steel,80,0.2,50,true,45.56250,229.68048,82.39249
steel,80,0.2,50,true,46.68750,230.36531,82.66253
steel,80,0.2,50,true,47.81250,230.76105,82.83441
steel,80,0.2,50,true,48.93750,230.87444,82.90923
steel,80,0.2,50,true,50.06250,230.71131,82.88807
steel,80,0.2,50,true,51.18750,230.27656,82.77196
steel,80,0.2,50,true,52.31250,229.57429,82.56183
steel,80,0.2,50,true,53.43750,228.60778,82.25858
steel,80,0.2,50,true,54.56250,227.37961,81.86304
steel,80,0.2,50,true,55.68750,225.89166,81.37602
steel,80,0.2,50,true,56.81250,224.14513,80.79835
steel,80,0.2,50,true,57.93750,222.14063,80.13093
steel,80,0.2,50,true,59.06250,219.87818,79.37482
steel,80,0.2,50,true,60.18750,217.35725,78.53126
steel,80,0.2,50,true,61.31250,214.57677,77.60184
steel,80,0.2,50,true,62.43750,211.53516,76.58853
steel,80,0.2,50,true,63.56250,208.23039,75.49388
steel,80,0.2,50,true,64.68750,204.65994,74.32108
steel,80,0.2,50,true,65.81250,200.82084,73.07417
steel,80,0.2,50,true,66.93750,196.70972,71.75817
steel,80,0.2,50,true,68.06250,192.32276,70.37932
steel,80,0.2,50,true,69.18750,187.65575,68.94523
steel,80,0.2,50,true,70.31250,182.70404,67.46516
steel,80,0.2,50,true,71.43750,177.46263,65.95025
steel,80,0.2,50,true,72.56250,171.92605,64.41381
steel,80,0.2,50,true,73.68750,166.08847,62.87163
steel,80,0.2,50,true,74.81250,159.94361,61.34230
steel,80,0.2,50,true,75.93750,153.78007,59.84762
steel,80,0.2,50,true,77.06250,148.17311,58.41026
steel,80,0.2,50,true,78.18750,143.10442,57.04886
steel,80,0.2,50,true,79.31250,138.55708,55.77863
steel,80,0.2,50,true,80.43750,134.51554,54.61181
steel,80,0.2,50,true,81.56250,130.96547,53.55812
steel,80,0.2,50,true,82.68750,127.89378,52.62515
steel,80,0.2,50,true,83.81250,125.28851,51.81866
steel,80,0.2,50,true,84.93750,123.13877,51.14284
steel,80,0.2,50,true,86.06250,121.43474,50.60057
steel,80,0.2,50,true,87.18750,120.16759,50.19361
steel,80,0.2,50,true,88.31250,119.32946,49.92269
steel,80,0.2,50,true,89.43750,118.91342,49.78770
steel,80,0.2,200,false,0.56250,83.80630,57.85170
steel,80,0.2,200,false,1.68750,83.99017,57.98443
steel,80,0.2,200,false,2.81250,84.35825,58.25017
steel,80,0.2,200,false,3.93750,84.91126,58.64947
steel,80,0.2,200,false,5.06250,85.65023,59.18316
steel,80,0.2,200,false,6.18750,86.57658,59.85229
steel,80,0.2,200,false,7.31250,87.69204,60.65812
steel,80,0.2,200,false,8.43750,88.99871,61.60210
steel,80,0.2,200,false,9.56250,90.49903,62.68576
steel,80,0.2,200,false,10.68750,92.19575,63.91072
steel,80,0.2,200,false,11.81250,94.09201,65.27857
steel,80,0.2,200,false,12.93750,96.19124,66.79079
steel,80,0.2,200,false,14.06250,98.49723,68.44865
steel,80,0.2,200,false,15.18750,101.01411,70.25307
steel,80,0.2,200,false,16.31250,103.74636,72.20444
steel,80,0.2,200,false,17.43750,106.69878,74.30249
steel,80,0.2,200,false,18.56250,109.87655,76.54601
steel,80,0.2,200,false,19.68750,113.28524,78.93265
steel,80,0.2,200,false,20.81250,116.93076,81.45852
steel,80,0.2,200,false,21.93750,120.81950,84.11789
steel,80,0.2,200,false,23.06250,124.95826,86.90271
steel,80,0.2,200,false,24.18750,129.35436,89.80209
steel,80,0.2,200,false,25.31250,134.01566,92.80164
steel,80,0.2,200,false,26.43750,138.95067,95.88274
steel,80,0.2,200,false,27.56250,144.16858,99.02163
steel,80,0.2,200,false,28.68750,149.67946,102.18830
steel,80,0.2,200,false,29.81250,155.49433,105.34524
steel,80,0.2,200,false,30.93750,161.33112,108.44581
steel,80,0.2,200,false,32.06250,166.63449,111.44146
steel,80,0.2,200,false,33.18750,171.44323,114.29687
steel,80,0.2,200,false,34.31250,175.79137,116.98696
steel,80,0.2,200,false,35.43750,179.70893,119.49449
steel,80,0.2,200,false,36.56250,183.22243,121.80820
steel,80,0.2,200,false,37.68750,186.35535,123.92138
steel,80,0.2,200,false,38.81250,189.12851,125.83067
steel,80,0.2,200,false,39.93750,191.56041,127.53519
steel,80,0.2,200,false,41.06250,193.66743,129.03580
steel,80,0.2,200,false,42.18750,195.46411,130.33459
steel,80,0.2,200,false,43.31250,196.96327,131.43441
steel,80,0.2,200,false,44.43750,198.17623,132.33855
steel,80,0.2,200,false,45.56250,199.11291,133.05047
steel,80,0.2,200,false,46.68750,199.78194,133.57361
steel,80,0.2,200,false,47.81250,200.19077,133.91125
steel,80,0.2,200,false,48.93750,200.34576,134.06643
steel,80,0.2,200,false,50.06250,200.25224,134.04181
steel,80,0.2,200,false,51.18750,199.91459,133.83973
steel,80,0.2,200,false,52.31250,199.33629,133.46212
steel,80,0.2,200,false,53.43750,198.52001,132.91054
steel,80,0.2,200,false,54.56250,197.46758,132.18623
steel,80,0.2,200,false,55.68750,196.18012,131.29012
steel,80,0.2,200,false,56.81250,194.65803,130.22295
steel,80,0.2,200,false,57.93750,192.90101,128.98535
steel,80,0.2,200,false,59.06250,190.90813,127.57794
steel,80,0.2,200,false,60.18750,188.67786,126.00150
steel,80,0.2,200,false,61.31250,186.20803,124.25717
steel,80,0.2,200,false,62.43750,183.49590,122.34659
steel,80,0.2,200,false,63.56250,180.53817,120.27223
steel,80,0.2,200,false,64.68750,177.33096,118.03766
steel,80,0.2,200,false,65.81250,173.86982,115.64790
steel,80,0.2,200,false,66.93750,170.14970,113.10988
steel,80,0.2,200,false,68.06250,166.16495,110.43291
steel,80,0.2,200,false,69.18750,161.90929,107.62931
steel,80,0.2,200,false,70.31250,157.37571,104.71515
steel,80,0.2,200,false,71.43750,152.55645,101.71107
steel,80,0.2,200,false,72.56250,147.44289,98.64338
steel,80,0.2,200,false,73.68750,142.02544,95.54524
steel,80,0.2,200,false,74.81250,136.29334,92.45819
steel,80,0.2,200,false,75.93750,130.52987,89.43395
steel,80,0.2,200,false,77.06250,125.30471,86.52738
steel,80,0.2,200,false,78.18750,120.59515,83.78088
steel,80,0.2,200,false,79.31250,116.38087,81.22687
steel,80,0.2,200,false,80.43750,112.64368,78.88976
steel,80,0.2,200,false,81.56250,109.36723,76.78764
steel,80,0.2,200,false,82.68750,106.53692,74.93355
steel,80,0.2,200,false,83.81250,104.13966,73.33654
steel,80,0.2,200,false,84.93750,102.16380,72.00257
steel,80,0.2,200,false,86.06250,100.59902,70.93512
steel,80,0.2,200,false,87.18750,99.43623,70.13573
steel,80,0.2,200,false,88.31250,98.66751,69.60441
steel,80,0.2,200,false,89.43750,98.28602,69.33991
steel,80,0.2,200,true,0.56250,86.43168,NaN
steel,80,0.2,200,true,1.68750,86.60050,NaN
steel,80,0.2,200,true,2.81250,86.94174,NaN
steel,80,0.2,200,true,3.93750,87.46269,NaN
steel,80,0.2,200,true,5.06250,88.17450,NaN
steel,80,0.2,200,true,6.18750,89.04446,NaN
steel,80,0.2,200,true,7.31250,90.04192,NaN
steel,80,0.2,200,true,8.43750,91.17445,NaN
steel,80,0.2,200,true,9.56250,92.44737,66.82614
steel,80,0.2,200,true,10.68750,93.94021,67.17459
steel,80,0.2,200,true,11.81250,95.65344,67.86825
steel,80,0.2,200,true,12.93750,97.58830,68.85783
steel,80,0.2,200,true,14.06250,99.74669,70.10780
steel,80,0.2,200,true,15.18750,102.13104,71.59201
steel,80,0.2,200,true,16.31250,104.74433,73.29068
steel,80,0.2,200,true,17.43750,107.59004,75.18828
steel,80,0.2,200,true,18.56250,110.67213,77.27206
steel,80,0.2,200,true,19.68750,113.99505,79.53077
steel,80,0.2,200,true,20.81250,117.56376,81.95371
steel,80,0.2,200,true,21.93750,121.38372,84.52987
steel,80,0.2,200,true,23.06250,125.46092,87.24710
steel,80,0.2,200,true,24.18750,129.80196,90.09128
steel,80,0.2,200,true,25.31250,134.41403,93.04555
steel,80,0.2,200,true,26.43750,139.30504,96.08931
steel,80,0.2,200,true,27.56250,144.48366,99.19724
steel,80,0.2,200,true,28.68750,149.95946,102.33813
steel,80,0.2,200,true,29.81250,155.74301,105.47347
steel,80,0.2,200,true,30.93750,161.55188,108.55588
steel,80,0.2,200,true,32.06250,166.83035,111.53618
steel,80,0.2,200,true,33.18750,171.61690,114.37856
steel,80,0.2,200,true,34.31250,175.94528,117.05755
steel,80,0.2,200,true,35.43750,179.84525,119.55558
steel,80,0.2,200,true,36.56250,183.34310,121.86116
steel,80,0.2,200,true,37.68750,186.46210,123.96733
steel,80,0.2,200,true,38.81250,189.22289,125.87057
steel,80,0.2,200,true,39.93750,191.64380,127.56985
steel,80,0.2,200,true,41.06250,193.74107,129.06593
steel,80,0.2,200,true,42.18750,195.52909,130.36079
steel,80,0.2,200,true,43.31250,197.02058,131.45720
steel,80,0.2,200,true,44.43750,198.22674,132.35837
steel,80,0.2,200,true,45.56250,199.15740,133.06770
steel,80,0.2,200,true,46.68750,199.82109,133.58859
steel,80,0.2,200,true,47.81250,200.22521,133.92428
steel,80,0.2,200,true,48.93750,200.37603,134.07774
steel,80,0.2,200,true,50.06250,200.27883,134.05164
steel,80,0.2,200,true,51.18750,199.93792,133.84827
steel,80,0.2,200,true,52.31250,199.35676,133.46953
steel,80,0.2,200,true,53.43750,198.53795,132.91697
steel,80,0.2,200,true,54.56250,197.48330,132.19180
steel,80,0.2,200,true,55.68750,196.19388,131.29494
steel,80,0.2,200,true,56.81250,194.67006,130.22713
steel,80,0.2,200,true,57.93750,192.91153,128.98896
steel,80,0.2,200,true,59.06250,190.91732,127.58106
steel,80,0.2,200,true,60.18750,188.68588,126.00421
steel,80,0.2,200,true,61.31250,186.21502,124.25950
steel,80,0.2,200,true,62.43750,183.50200,122.34860
steel,80,0.2,200,true,63.56250,180.54349,120.27397
steel,80,0.2,200,true,64.68750,177.33559,118.03916
steel,80,0.2,200,true,65.81250,173.87385,115.64920
steel,80,0.2,200,true,66.93750,170.15320,113.11100
steel,80,0.2,200,true,68.06250,166.16800,110.43387
steel,80,0.2,200,true,69.18750,161.91193,107.63014
steel,80,0.2,200,true,70.31250,157.37800,104.71586
steel,80,0.2,200,true,71.43750,152.55844,101.71168
steel,80,0.2,200,true,72.56250,147.44462,98.64390
steel,80,0.2,200,true,73.68750,142.02694,95.54569
steel,80,0.2,200,true,74.81250,136.29465,92.45858
steel,80,0.2,200,true,75.93750,130.53101,89.43428
steel,80,0.2,200,true,77.06250,125.30570,86.52767
steel,80,0.2,200,true,78.18750,120.59601,83.78113
steel,80,0.2,200,true,79.31250,116.38163,81.22708
steel,80,0.2,200,true,80.43750,112.64434,78.88995
steel,80,0.2,200,true,81.56250,109.36782,76.78781
steel,80,0.2,200,true,82.68750,106.53744,74.93369
steel,80,0.2,200,true,83.81250,104.14013,73.33667
steel,80,0.2,200,true,84.93750,102.16423,72.00269
steel,80,0.2,200,true,86.06250,100.59942,70.93523
steel,80,0.2,200,true,87.18750,99.43661,70.13583
steel,80,0.2,200,true,88.31250,98.66786,69.60451
steel,80,0.2,200,true,89.43750,98.28637,69.34001
steel,80,0.2,1000,false,0.56250,73.23794,63.17984
steel,80,0.2,1000,false,1.68750,73.41361,63.33863
steel,80,0.2,1000,false,2.81250,73.76531,63.65659
steel,80,0.2,1000,false,3.93750,74.29378,64.13452
steel,80,0.2,1000,false,5.06250,75.00011,64.77356
steel,80,0.2,1000,false,6.18750,75.88576,65.57525
steel,80,0.2,1000,false,7.31250,76.95253,66.54146
steel,80,0.2,1000,false,8.43750,78.20259,67.67438
steel,80,0.2,1000,false,9.56250,79.63844,68.97653
steel,80,0.2,1000,false,10.68750,81.26292,70.45067
steel,80,0.2,1000,false,11.81250,83.07921,72.09976
steel,80,0.2,1000,false,12.93750,85.09080,73.92691
steel,80,0.2,1000,false,14.06250,87.30151,75.93531
steel,80,0.2,1000,false,15.18750,89.71547,78.12808
steel,80,0.2,1000,false,16.31250,92.33715,80.50816
steel,80,0.2,1000,false,17.43750,95.17132,83.07812
steel,80,0.2,1000,false,18.56250,98.22308,85.83993
steel,80,0.2,1000,false,19.68750,101.49790,88.79462
steel,80,0.2,1000,false,20.81250,105.00162,91.94188
steel,80,0.2,1000,false,21.93750,108.74054,95.27947
steel,80,0.2,1000,false,23.06250,112.72146,98.80252
steel,80,0.2,1000,false,24.18750,116.95178,102.50247
steel,80,0.2,1000,false,25.31250,121.43969,106.36579
steel,80,0.2,1000,false,26.43750,126.19436,110.37213
steel,80,0.2,1000,false,27.56250,131.22621,114.49194
steel,80,0.2,1000,false,28.68750,136.54735,118.68319
steel,80,0.2,1000,false,29.81250,142.17209,122.88700
steel,80,0.2,1000,false,30.93750,147.82349,127.02170
steel,80,0.2,1000,false,32.06250,152.95187,130.99929
steel,80,0.2,1000,false,33.18750,157.59923,134.76326
steel,80,0.2,1000,false,34.31250,161.80124,138.27896
steel,80,0.2,1000,false,35.43750,165.58852,141.52672
steel,80,0.2,1000,false,36.56250,168.98761,144.49715
steel,80,0.2,1000,false,37.68750,172.02164,147.18764
steel,80,0.2,1000,false,38.81250,174.71091,149.60009
steel,80,0.2,1000,false,39.93750,177.07329,151.73915
steel,80,0.2,1000,false,41.06250,179.12454,153.61114
steel,80,0.2,1000,false,42.18750,180.87856,155.22314
steel,80,0.2,1000,false,43.31250,182.34761,156.58251
steel,80,0.2,1000,false,44.43750,183.54245,157.69649
steel,80,0.2,1000,false,45.56250,184.47250,158.57189
steel,80,0.2,1000,false,46.68750,185.14594,159.21497
steel,80,0.2,1000,false,47.81250,185.56980,159.63136
steel,80,0.2,1000,false,48.93750,185.75003,159.82590
steel,80,0.2,1000,false,50.06250,185.69163,159.80274
steel,80,0.2,1000,false,51.18750,185.39864,159.56522
steel,80,0.2,1000,false,52.31250,184.87424,159.11598
steel,80,0.2,1000,false,53.43750,184.12079,158.45691
steel,80,0.2,1000,false,54.56250,183.13989,157.58927
steel,80,0.2,1000,false,55.68750,181.93241,156.51368
steel,80,0.2,1000,false,56.81250,180.49853,155.23022
steel,80,0.2,1000,false,57.93750,178.83780,153.73852
steel,80,0.2,1000,false,59.06250,176.94915,152.03782
steel,80,0.2,1000,false,60.18750,174.83091,150.12718
steel,80,0.2,1000,false,61.31250,172.48088,148.00557
steel,80,0.2,1000,false,62.43750,169.89632,145.67209
steel,80,0.2,1000,false,63.56250,167.07392,143.12627
steel,80,0.2,1000,false,64.68750,164.00989,140.36839
steel,80,0.2,1000,false,65.81250,160.69987,137.39995
steel,80,0.2,1000,false,66.93750,157.13891,134.22424
steel,80,0.2,1000,false,68.06250,153.32142,130.84720
steel,80,0.2,1000,false,69.18750,149.24108,127.27847
steel,80,0.2,1000,false,70.31250,144.89065,123.53282
steel,80,0.2,1000,false,71.43750,140.26182,119.63214
steel,80,0.2,1000,false,72.56250,135.34483,115.60803
steel,80,0.2,1000,false,73.68750,130.12810,111.50538
steel,80,0.2,1000,false,74.81250,124.59763,107.38720
steel,80,0.2,1000,false,75.93750,119.03148,103.34112
steel,80,0.2,1000,false,77.06250,113.99341,99.46351
steel,80,0.2,1000,false,78.18750,109.45717,95.82069
steel,80,0.2,1000,false,79.31250,105.40050,92.45741
steel,80,0.2,1000,false,80.43750,101.80424,89.40308
steel,80,0.2,1000,false,81.56250,98.65179,86.67622
steel,80,0.2,1000,false,82.68750,95.92862,84.28771
steel,80,0.2,1000,false,83.81250,93.62197,82.24310
steel,80,0.2,1000,false,84.93750,91.72062,80.54436
steel,80,0.2,1000,false,86.06250,90.21469,79.19100
steel,80,0.2,1000,false,87.18750,89.09553,78.18101
steel,80,0.2,1000,false,88.31250,88.35558,77.51136
steel,80,0.2,1000,false,89.43750,87.98837,77.17850
steel,80,0.2,1000,true,0.56250,76.75636,NaN
steel,80,0.2,1000,true,1.68750,76.90742,NaN
steel,80,0.2,1000,true,2.81250,77.21282,NaN
steel,80,0.2,1000,true,3.93750,77.67917,NaN
steel,80,0.2,1000,true,5.06250,78.31661,NaN
steel,80,0.2,1000,true,6.18750,79.09937,NaN
steel,80,0.2,1000,true,7.31250,80.00219,NaN
steel,80,0.2,1000,true,8.43750,81.03153,NaN
steel,80,0.2,1000,true,9.56250,82.19215,73.39044
steel,80,0.2,1000,true,10.68750,83.56004,73.92033
steel,80,0.2,1000,true,11.81250,85.14030,74.87506
steel,80,0.2,1000,true,12.93750,86.93671,76.18175
steel,80,0.2,1000,true,14.06250,88.95241,77.79274
steel,80,0.2,1000,true,15.18750,91.19037,79.67661
steel,80,0.2,1000,true,16.31250,93.65366,81.81246
steel,80,0.2,1000,true,17.43750,96.34559,84.18624
steel,80,0.2,1000,true,18.56250,99.26980,86.78814
steel,80,0.2,1000,true,19.68750,102.43038,89.61075
steel,80,0.2,1000,true,20.81250,105.83186,92.64764
steel,80,0.2,1000,true,21.93750,109.47935,95.89209
steel,80,0.2,1000,true,23.06250,113.37853,99.33583
steel,80,0.2,1000,true,24.18750,117.53584,102.96779
steel,80,0.2,1000,true,25.31250,121.95856,106.77247
steel,80,0.2,1000,true,26.43750,126.65503,110.72799
steel,80,0.2,1000,true,27.56250,131.63497,114.80359
steel,80,0.2,1000,true,28.68750,136.90982,118.95626
steel,80,0.2,1000,true,29.81250,142.49330,123.12633
steel,80,0.2,1000,true,30.93750,148.10795,127.23148
steel,80,0.2,1000,true,32.06250,153.20361,131.18314
steel,80,0.2,1000,true,33.18750,157.82186,134.92435
steel,80,0.2,1000,true,34.31250,161.99798,138.42005
steel,80,0.2,1000,true,35.43750,165.76225,141.65025
steel,80,0.2,1000,true,36.56250,169.14090,144.60524
steel,80,0.2,1000,true,37.68750,172.15680,147.28217
steel,80,0.2,1000,true,38.81250,174.82999,149.68271
steel,80,0.2,1000,true,39.93750,177.17812,151.81131
steel,80,0.2,1000,true,41.06250,179.21674,153.67411
steel,80,0.2,1000,true,42.18750,180.95960,155.27806
steel,80,0.2,1000,true,43.31250,182.41877,156.63038
steel,80,0.2,1000,true,44.43750,183.60489,157.73817
steel,80,0.2,1000,true,45.56250,184.52724,158.60815
steel,80,0.2,1000,true,46.68750,185.19389,159.24650
steel,80,0.2,1000,true,47.81250,185.61176,159.65874
steel,80,0.2,1000,true,48.93750,185.78673,159.84967
steel,80,0.2,1000,true,50.06250,185.72369,159.82335
steel,80,0.2,1000,true,51.18750,185.42663,159.58308
steel,80,0.2,1000,true,52.31250,184.89865,159.13144
steel,80,0.2,1000,true,53.43750,184.14206,158.47029
steel,80,0.2,1000,true,54.56250,183.15841,157.60084
steel,80,0.2,1000,true,55.68750,181.94852,156.52367
steel,80,0.2,1000,true,56.81250,180.51253,155.23884
steel,80,0.2,1000,true,57.93750,178.84996,153.74594
steel,80,0.2,1000,true,59.06250,176.95970,152.04422
steel,80,0.2,1000,true,60.18750,174.84006,150.13269
steel,80,0.2,1000,true,61.31250,172.48880,148.01030
steel,80,0.2,1000,true,62.43750,169.90317,145.67616
steel,80,0.2,1000,true,63.56250,167.07985,143.12976
steel,80,0.2,1000,true,64.68750,164.01501,140.37139
steel,80,0.2,1000,true,65.81250,160.70429,137.40251
steel,80,0.2,1000,true,66.93750,157.14272,134.22644
steel,80,0.2,1000,true,68.06250,153.32470,130.84908
steel,80,0.2,1000,true,69.18750,149.24391,127.28008
steel,80,0.2,1000,true,70.31250,144.89309,123.53420
steel,80,0.2,1000,true,71.43750,140.26391,119.63331
steel,80,0.2,1000,true,72.56250,135.34663,115.60903
steel,80,0.2,1000,true,73.68750,130.12965,111.50623
steel,80,0.2,1000,true,74.81250,124.59896,107.38793
steel,80,0.2,1000,true,75.93750,119.03263,103.34174
steel,80,0.2,1000,true,77.06250,113.99439,99.46405
steel,80,0.2,1000,true,78.18750,109.45802,95.82115
steel,80,0.2,1000,true,79.31250,105.40124,92.45780
steel,80,0.2,1000,true,80.43750,101.80488,89.40342
steel,80,0.2,1000,true,81.56250,98.65235,86.67652
steel,80,0.2,1000,true,82.68750,95.92911,84.28796
steel,80,0.2,1000,true,83.81250,93.62241,82.24333
steel,80,0.2,1000,true,84.93750,91.72101,80.54456
steel,80,0.2,1000,true,86.06250,90.21505,79.19119
steel,80,0.2,1000,true,87.18750,89.09586,78.18117
steel,80,0.2,1000,true,88.31250,88.35590,77.51152
steel,80,0.2,1000,true,89.43750,87.98868,77.17865
cast_iron,20,0.2,50,false,2.25000,164.93234,61.40113
cast_iron,20,0.2,50,false,6.75000,166.33576,61.97907
cast_iron,20,0.2,50,false,11.25000,169.14917,63.12772
cast_iron,20,0.2,50,false,15.75000,173.38581,64.82552
cast_iron,20,0.2,50,false,20.25000,179.06577,67.02089
cast_iron,20,0.2,50,false,24.75000,186.21641,69.60501
cast_iron,20,0.2,50,false,29.25000,194.87320,72.36870
cast_iron,20,0.2,50,false,33.75000,203.43714,74.93762
cast_iron,20,0.2,50,false,38.25000,209.06406,76.90642
cast_iron,20,0.2,50,false,42.75000,212.21905,78.12934
cast_iron,20,0.2,50,false,47.25000,213.21750,78.57887
cast_iron,20,0.2,50,false,51.75000,212.27757,78.27671
cast_iron,20,0.2,50,false,56.25000,209.55074,77.26406
cast_iron,20,0.2,50,false,60.75000,205.14052,75.59590
cast_iron,20,0.2,50,false,65.25000,199.11432,73.35343
cast_iron,20,0.2,50,false,69.75000,191.51109,70.67395
cast_iron,20,0.2,50,false,74.25000,182.34603,67.80145
cast_iron,20,0.2,50,false,78.75000,173.28051,65.16379
cast_iron,20,0.2,50,false,83.25000,167.45353,63.24515
cast_iron,20,0.2,50,false,87.75000,164.63085,62.25827
cast_iron,20,0.2,50,true,2.25000,165.25369,NaN
cast_iron,20,0.2,50,true,6.75000,166.85246,NaN
cast_iron,20,0.2,50,true,11.25000,169.51977,64.91650
cast_iron,20,0.2,50,true,15.75000,173.65775,65.57082
cast_iron,20,0.2,50,true,20.25000,179.26702,67.32798
cast_iron,20,0.2,50,true,24.75000,186.36581,69.72995
cast_iron,20,0.2,50,true,29.25000,194.98412,72.41964
cast_iron,20,0.2,50,true,33.75000,203.51930,74.95905
cast_iron,20,0.2,50,true,38.25000,209.12465,76.91603
cast_iron,20,0.2,50,true,42.75000,212.26345,78.13404
cast_iron,20,0.2,50,true,47.25000,213.24974,78.58132
cast_iron,20,0.2,50,true,51.75000,212.30073,78.27801
cast_iron,20,0.2,50,true,56.25000,209.56714,77.26470
cast_iron,20,0.2,50,true,60.75000,205.15194,75.59615
cast_iron,20,0.2,50,true,65.25000,199.12209,73.35343
cast_iron,20,0.2,50,true,69.75000,191.51624,70.67380
cast_iron,20,0.2,50,true,74.25000,182.34935,67.80121
cast_iron,20,0.2,50,true,78.75000,173.28260,65.16350
cast_iron,20,0.2,50,true,83.25000,167.45487,63.24484
cast_iron,20,0.2,50,true,87.75000,164.63185,62.25794
cast_iron,20,0.2,200,false,2.25000,134.71790,90.17620
cast_iron,20,0.2,200,false,6.75000,136.09250,91.27236
cast_iron,20,0.2,200,false,11.25000,138.84944,93.46022
cast_iron,20,0.2,200,false,15.75000,143.00441,96.71998
cast_iron,20,0.2,200,false,20.25000,148.58157,100.98916
cast_iron,20,0.2,200,false,24.75000,155.61521,106.10570
cast_iron,20,0.2,200,false,29.25000,164.15357,111.69378
cast_iron,20,0.2,200,false,33.75000,172.62349,116.93630
cast_iron,20,0.2,200,false,38.25000,178.20981,120.89620
cast_iron,20,0.2,200,false,42.75000,181.38395,123.32936
cast_iron,20,0.2,200,false,47.25000,182.45931,124.23760
cast_iron,20,0.2,200,false,51.75000,181.64883,123.69587
cast_iron,20,0.2,200,false,56.25000,179.09727,121.79185
cast_iron,20,0.2,200,false,60.75000,174.90034,118.61705
cast_iron,20,0.2,200,false,65.25000,169.11638,114.29122
cast_iron,20,0.2,200,false,69.75000,161.77281,109.02541
cast_iron,20,0.2,200,false,74.25000,152.86747,103.25154
cast_iron,20,0.2,200,false,78.75000,144.03054,97.88245
cast_iron,20,0.2,200,false,83.25000,138.36494,94.01960
cast_iron,20,0.2,200,false,87.75000,135.62390,92.05279
cast_iron,20,0.2,200,true,2.25000,137.15450,NaN
cast_iron,20,0.2,200,true,6.75000,138.40330,NaN
cast_iron,20,0.2,200,true,11.25000,140.54100,95.79922
cast_iron,20,0.2,200,true,15.75000,144.28266,97.96142
cast_iron,20,0.2,200,true,20.25000,149.56262,101.73063
cast_iron,20,0.2,200,true,24.75000,156.37478,106.59165
cast_iron,20,0.2,200,true,29.25000,164.74467,112.03337
cast_iron,20,0.2,200,true,33.75000,173.08480,117.18300
cast_iron,20,0.2,200,true,38.25000,178.57032,121.07921
cast_iron,20,0.2,200,true,42.75000,181.66583,123.46653
cast_iron,20,0.2,200,true,47.25000,182.67973,124.34087
cast_iron,20,0.2,200,true,51.75000,181.82126,123.77379
cast_iron,20,0.2,200,true,56.25000,179.23234,121.85074
cast_iron,20,0.2,200,true,60.75000,175.00653,118.66169
cast_iron,20,0.2,200,true,65.25000,169.20046,114.32527
cast_iron,20,0.2,200,true,69.75000,161.84025,109.05170
cast_iron,20,0.2,200,true,74.25000,152.92275,103.27228
cast_iron,20,0.2,200,true,78.75000,144.07737,97.89941
cast_iron,20,0.2,200,true,83.25000,138.40648,94.03423
cast_iron,20,0.2,200,true,87.75000,135.66292,92.06632
cast_iron,20,0.2,1000,false,2.25000,120.25949,103.01512
cast_iron,20,0.2,1000,false,6.75000,121.64486,104.33696
cast_iron,20,0.2,1000,false,11.25000,124.42141,106.98360
cast_iron,20,0.2,1000,false,15.75000,128.60080,110.95467
cast_iron,20,0.2,1000,false,20.25000,134.20113,116.22599
cast_iron,20,0.2,1000,false,24.75000,141.24908,122.68906
cast_iron,20,0.2,1000,false,29.25000,149.78758,129.97102
cast_iron,20,0.2,1000,false,33.75000,158.25596,136.89288
cast_iron,20,0.2,1000,false,38.25000,163.86115,141.96390
cast_iron,20,0.2,1000,false,42.75000,167.06763,144.99916
cast_iron,20,0.2,1000,false,47.25000,168.18032,146.11065
cast_iron,20,0.2,1000,false,51.75000,167.40694,145.44544
cast_iron,20,0.2,1000,false,56.25000,164.89051,143.12662
cast_iron,20,0.2,1000,false,60.75000,160.72821,139.25149
cast_iron,20,0.2,1000,false,65.25000,154.98272,133.91589
cast_iron,20,0.2,1000,false,69.75000,147.68794,127.28195
cast_iron,20,0.2,1000,false,74.25000,138.84641,119.77349
cast_iron,20,0.2,1000,false,78.75000,130.07458,112.66805
cast_iron,20,0.2,1000,false,83.25000,124.44915,107.67634
cast_iron,20,0.2,1000,false,87.75000,121.72595,105.18075
cast_iron,20,0.2,1000,true,2.25000,123.36035,NaN
cast_iron,20,0.2,1000,true,6.75000,124.52255,NaN
cast_iron,20,0.2,1000,true,11.25000,126.54987,109.58529
cast_iron,20,0.2,1000,true,15.75000,130.21576,112.55893
cast_iron,20,0.2,1000,true,20.25000,135.44366,117.34739
cast_iron,20,0.2,1000,true,24.75000,142.21252,123.51687
cast_iron,20,0.2,1000,true,29.25000,150.53754,130.59569
cast_iron,20,0.2,1000,true,33.75000,158.84059,137.36811
cast_iron,20,0.2,1000,true,38.25000,164.31680,142.32627
cast_iron,20,0.2,1000,true,42.75000,167.42239,145.27540
cast_iron,20,0.2,1000,true,47.25000,168.45613,146.32095
cast_iron,20,0.2,1000,true,51.75000,167.62110,145.60531
cast_iron,20,0.2,1000,true,56.25000,165.05677,143.24807
cast_iron,20,0.2,1000,true,60.75000,160.85751,139.34385
cast_iron,20,0.2,1000,true,65.25000,155.08383,133.98645
cast_iron,20,0.2,1000,true,69.75000,147.76791,127.33643
cast_iron,20,0.2,1000,true,74.25000,138.91099,119.81643
cast_iron,20,0.2,1000,true,78.75000,130.12850,112.70310
cast_iron,20,0.2,1000,true,83.25000,124.49643,107.70650
cast_iron,20,0.2,1000,true,87.75000,121.77006,105.20860
cast_iron,40,0.2,50,false,1.12500,164.77613,61.33306
cast_iron,40,0.2,50,false,3.37500,165.12687,61.47840
cast_iron,40,0.2,50,false,5.62500,165.82875,61.76873
cast_iron,40,0.2,50,false,7.87500,166.88261,62.20320
cast_iron,40,0.2,50,false,10.12500,168.28967,62.78028
cast_iron,40,0.2,50,false,12.37500,170.05159,63.49738
cast_iron,40,0.2,50,false,14.62500,172.17043,64.35041
cast_iron,40,0.2,50,false,16.87500,174.64871,65.33303
cast_iron,40,0.2,50,false,19.12500,177.48938,66.43588
cast_iron,40,0.2,50,false,21.37500,180.69584,67.64545
cast_iron,40,0.2,50,false,23.62500,184.27201,68.94274
cast_iron,40,0.2,50,false,25.87500,188.22231,70.30163
cast_iron,40,0.2,50,false,28.12500,192.55175,71.68679
cast_iron,40,0.2,50,false,30.37500,197.26595,73.05126
cast_iron,40,0.2,50,false,32.62500,201.54924,74.33348
cast_iron,40,0.2,50,false,34.87500,205.06275,75.48320
cast_iron,40,0.2,50,false,37.12500,207.87704,76.46933
cast_iron,40,0.2,50,false,39.37500,210.04956,77.27390
cast_iron,40,0.2,50,false,41.62500,211.62753,77.88776
cast_iron,40,0.2,50,false,43.87500,212.64997,78.30764
cast_iron,40,0.2,50,false,46.12500,213.14936,78.53398
cast_iron,40,0.2,50,false,48.37500,213.15273,78.56957
cast_iron,40,0.2,50,false,50.62500,212.68266,78.41862
cast_iron,40,0.2,50,false,52.87500,211.75795,78.08624
cast_iron,40,0.2,50,false,55.12500,210.39419,77.57835
cast_iron,40,0.2,50,false,57.37500,208.60425,76.90170
cast_iron,40,0.2,50,false,59.62500,206.39858,76.06435
cast_iron,40,0.2,50,false,61.87500,203.78557,75.07629
cast_iron,40,0.2,50,false,64.12500,200.77173,73.95042
cast_iron,40,0.2,50,false,66.37500,197.36189,72.70375
cast_iron,40,0.2,50,false,68.62500,193.55937,71.35902
cast_iron,40,0.2,50,false,70.87500,189.36603,69.94667
cast_iron,40,0.2,50,false,73.12500,184.78239,68.50725
cast_iron,40,0.2,50,false,75.37500,179.80766,67.09438
cast_iron,40,0.2,50,false,77.62500,175.27353,65.77828
cast_iron,40,0.2,50,false,79.87500,171.56582,64.61954
cast_iron,40,0.2,50,false,82.12500,168.65149,63.65936
cast_iron,40,0.2,50,false,84.37500,166.50134,62.92428
cast_iron,40,0.2,50,false,86.62500,165.08960,62.42972
cast_iron,40,0.2,50,false,88.87500,164.39364,62.18249
cast_iron,40,0.2,50,true,1.12500,165.08586,NaN
cast_iron,40,0.2,50,true,3.37500,165.48228,NaN
cast_iron,40,0.2,50,true,5.62500,166.28677,NaN
cast_iron,40,0.2,50,true,7.87500,167.36175,NaN
cast_iron,40,0.2,50,true,10.12500,168.69546,65.04127
cast_iron,40,0.2,50,true,12.37500,170.39773,64.94778
cast_iron,40,0.2,50,true,14.62500,172.46695,65.28086
cast_iron,40,0.2,50,true,16.87500,174.90339,65.92800
cast_iron,40,0.2,50,true,19.12500,177.70848,66.81451
cast_iron,40,0.2,50,true,21.37500,180.88454,67.88520
cast_iron,40,0.2,50,true,23.62500,184.43461,69.09396
cast_iron,40,0.2,50,true,25.87500,188.36245,70.39685
cast_iron,40,0.2,50,true,28.12500,192.67252,71.74685
cast_iron,40,0.2,50,true,30.37500,197.36999,73.08941
cast_iron,40,0.2,50,true,32.62500,201.63880,74.35801
cast_iron,40,0.2,50,true,34.87500,205.13978,75.49927
cast_iron,40,0.2,50,true,37.12500,207.94321,76.48011
cast_iron,40,0.2,50,true,39.37500,210.10633,77.28132
cast_iron,40,0.2,50,true,41.62500,211.67613,77.89301
cast_iron,40,0.2,50,true,43.87500,212.69151,78.31144
cast_iron,40,0.2,50,true,46.12500,213.18478,78.53678
cast_iron,40,0.2,50,true,48.37500,213.18286,78.57165
cast_iron,40,0.2,50,true,50.62500,212.70821,78.42016
cast_iron,40,0.2,50,true,52.87500,211.77955,78.08738
cast_iron,40,0.2,50,true,55.12500,210.41238,77.57916
cast_iron,40,0.2,50,true,57.37500,208.61951,76.90227
cast_iron,40,0.2,50,true,59.62500,206.41133,76.06472
cast_iron,40,0.2,50,true,61.87500,203.79617,75.07651
cast_iron,40,0.2,50,true,64.12500,200.78049,73.95051
cast_iron,40,0.2,50,true,66.37500,197.36909,72.70374
cast_iron,40,0.2,50,true,68.62500,193.56524,71.35893
cast_iron,40,0.2,50,true,70.87500,189.37078,69.94652
cast_iron,40,0.2,50,true,73.12500,184.78623,68.50706
cast_iron,40,0.2,50,true,75.37500,179.81073,67.09415
cast_iron,40,0.2,50,true,77.62500,175.27598,65.77803
cast_iron,40,0.2,50,true,79.87500,171.56778,64.61927
cast_iron,40,0.2,50,true,82.12500,168.65307,63.65907
cast_iron,40,0.2,50,true,84.37500,166.50264,62.92398
cast_iron,40,0.2,50,true,86.62500,165.09073,62.42941
cast_iron,40,0.2,50,true,88.87500,164.39468,62.18219
cast_iron,40,0.2,200,false,1.12500,134.55967,90.04271
cast_iron,40,0.2,200,false,3.37500,134.90323,90.31775
cast_iron,40,0.2,200,false,5.62500,135.59083,90.86771
cast_iron,40,0.2,200,false,7.87500,136.62344,91.69218
cast_iron,40,0.2,200,false,10.12500,138.00249,92.79016
cast_iron,40,0.2,200,false,12.37500,139.72994,94.15948
cast_iron,40,0.2,200,false,14.62500,141.80823,95.79602
cast_iron,40,0.2,200,false,16.87500,144.24035,97.69249
cast_iron,40,0.2,200,false,19.12500,147.02990,99.83668
cast_iron,40,0.2,200,false,21.37500,150.18111,102.20906
cast_iron,40,0.2,200,false,23.62500,153.69901,104.77920
cast_iron,40,0.2,200,false,25.87500,157.58958,107.50090
cast_iron,40,0.2,200,false,28.12500,161.86004,110.30508
cast_iron,40,0.2,200,false,30.37500,166.51923,113.08982
cast_iron,40,0.2,200,false,32.62500,170.75617,115.70614
cast_iron,40,0.2,200,false,34.87500,174.23559,118.03772
cast_iron,40,0.2,200,false,37.12500,177.02987,120.02236
cast_iron,40,0.2,200,false,39.37500,179.19720,121.63055
cast_iron,40,0.2,200,false,41.62500,180.78490,122.85213
cast_iron,40,0.2,200,false,43.87500,181.83175,123.68802
cast_iron,40,0.2,200,false,46.12500,182.36968,124.14507
cast_iron,40,0.2,200,false,48.37500,182.42507,124.23298
cast_iron,40,0.2,200,false,50.62500,182.01972,123.96254
cast_iron,40,0.2,200,false,52.87500,181.17159,123.34472
cast_iron,40,0.2,200,false,55.12500,179.89538,122.39046
cast_iron,40,0.2,200,false,57.37500,178.20298,121.11095
cast_iron,40,0.2,200,false,59.62500,176.10383,119.51833
cast_iron,40,0.2,200,false,61.87500,173.60519,117.62702
cast_iron,40,0.2,200,false,64.12500,170.71235,115.45562
cast_iron,40,0.2,200,false,66.37500,167.42873,113.02966
cast_iron,40,0.2,200,false,68.62500,163.75597,110.38560
cast_iron,40,0.2,200,false,70.87500,159.69381,107.57641
cast_iron,40,0.2,200,false,73.12500,155.23998,104.67965
cast_iron,40,0.2,200,false,75.37500,150.38980,101.80886
cast_iron,40,0.2,200,false,77.62500,145.96948,99.12991
cast_iron,40,0.2,200,false,79.87500,142.36033,96.78094
cast_iron,40,0.2,200,false,82.12500,139.52657,94.84590
cast_iron,40,0.2,200,false,84.37500,137.43748,93.37293
cast_iron,40,0.2,200,false,86.62500,136.06654,92.38639
cast_iron,40,0.2,200,false,88.87500,135.39088,91.89465
cast_iron,40,0.2,200,true,1.12500,136.97546,NaN
cast_iron,40,0.2,200,true,3.37500,137.28517,NaN
cast_iron,40,0.2,200,true,5.62500,137.91374,NaN
cast_iron,40,0.2,200,true,7.87500,138.76680,NaN
cast_iron,40,0.2,200,true,10.12500,139.83592,95.62832
cast_iron,40,0.2,200,true,12.37500,141.31342,96.14675
cast_iron,40,0.2,200,true,14.62500,143.18454,97.23767
cast_iron,40,0.2,200,true,16.87500,145.44199,98.77273
cast_iron,40,0.2,200,true,19.12500,148.08250,100.67029
cast_iron,40,0.2,200,true,21.37500,151.10547,102.86934
cast_iron,40,0.2,200,true,23.62500,154.51230,105.31399
cast_iron,40,0.2,200,true,25.87500,158.30621,107.94208
cast_iron,40,0.2,200,true,28.12500,162.49220,110.67437
cast_iron,40,0.2,200,true,30.37500,167.07734,113.40241
cast_iron,40,0.2,200,true,32.62500,171.24919,115.97293
cast_iron,40,0.2,200,true,34.87500,174.67130,118.26678
cast_iron,40,0.2,200,true,37.12500,177.41503,120.21985
cast_iron,40,0.2,200,true,39.37500,179.53774,121.80131
cast_iron,40,0.2,200,true,41.62500,181.08601,123.00005
cast_iron,40,0.2,200,true,43.87500,182.09800,123.81630
cast_iron,40,0.2,200,true,46.12500,182.60510,124.25641
cast_iron,40,0.2,200,true,48.37500,182.63325,124.32966
cast_iron,40,0.2,200,true,50.62500,182.20383,124.04652
cast_iron,40,0.2,200,true,52.87500,181.33446,123.41769
cast_iron,40,0.2,200,true,55.12500,180.03951,122.45389
cast_iron,40,0.2,200,true,57.37500,178.33061,121.16611
cast_iron,40,0.2,200,true,59.62500,176.21697,119.56634
cast_iron,40,0.2,200,true,61.87500,173.70563,117.66886
cast_iron,40,0.2,200,true,64.12500,170.80169,115.49214
cast_iron,40,0.2,200,true,66.37500,167.50843,113.06163
cast_iron,40,0.2,200,true,68.62500,163.82732,110.41367
cast_iron,40,0.2,200,true,70.87500,159.75799,107.60118
cast_iron,40,0.2,200,true,73.12500,155.29806,104.70164
cast_iron,40,0.2,200,true,75.37500,150.44275,101.82853
cast_iron,40,0.2,200,true,77.62500,146.01820,99.14768
cast_iron,40,0.2,200,true,79.87500,142.40562,96.79720
cast_iron,40,0.2,200,true,82.12500,139.56922,94.86099
cast_iron,40,0.2,200,true,84.37500,137.47819,93.38717
cast_iron,40,0.2,200,true,86.62500,136.10598,92.40008
cast_iron,40,0.2,200,true,88.87500,135.42970,91.90807
cast_iron,40,0.2,1000,false,1.12500,120.10174,102.85818
cast_iron,40,0.2,1000,false,3.37500,120.44808,103.18901
cast_iron,40,0.2,1000,false,5.62500,121.14114,103.85095
cast_iron,40,0.2,1000,false,7.87500,122.18161,104.84449
cast_iron,40,0.2,1000,false,10.12500,123.57057,106.17018
cast_iron,40,0.2,1000,false,12.37500,125.30946,107.82833
cast_iron,40,0.2,1000,false,14.62500,127.40009,109.81845
cast_iron,40,0.2,1000,false,16.87500,129.84466,112.13838
cast_iron,40,0.2,1000,false,19.12500,132.64583,114.78264
cast_iron,40,0.2,1000,false,21.37500,135.80685,117.73955
cast_iron,40,0.2,1000,false,23.62500,139.33172,120.98625
cast_iron,40,0.2,1000,false,25.87500,143.22563,124.47974
cast_iron,40,0.2,1000,false,28.12500,147.49563,128.14110
cast_iron,40,0.2,1000,false,30.37500,152.15194,131.82728
cast_iron,40,0.2,1000,false,32.62500,156.38817,135.28094
cast_iron,40,0.2,1000,false,34.87500,159.87183,138.31624
cast_iron,40,0.2,1000,false,37.12500,162.67532,140.85899
cast_iron,40,0.2,1000,false,39.37500,164.85589,142.88916
cast_iron,40,0.2,1000,false,41.62500,166.45966,144.41183
cast_iron,40,0.2,1000,false,43.87500,167.52428,145.44264
cast_iron,40,0.2,1000,false,46.12500,168.08080,146.00058
cast_iron,40,0.2,1000,false,48.37500,168.15492,146.10465
cast_iron,40,0.2,1000,false,50.62500,167.76803,145.77229
cast_iron,40,0.2,1000,false,52.87500,166.93786,145.01897
cast_iron,40,0.2,1000,false,55.12500,165.67909,143.85815
cast_iron,40,0.2,1000,false,57.37500,164.00382,142.30169
cast_iron,40,0.2,1000,false,59.62500,161.92185,140.36052
cast_iron,40,0.2,1000,false,61.87500,159.44103,138.04573
cast_iron,40,0.2,1000,false,64.12500,156.56737,135.37044
cast_iron,40,0.2,1000,false,66.37500,153.30518,132.35290
cast_iron,40,0.2,1000,false,68.62500,149.65699,129.02186
cast_iron,40,0.2,1000,false,70.87500,145.62329,125.42622
cast_iron,40,0.2,1000,false,73.12500,141.20190,121.65214
cast_iron,40,0.2,1000,false,75.37500,136.38665,117.85378
cast_iron,40,0.2,1000,false,77.62500,131.99884,114.30865
cast_iron,40,0.2,1000,false,79.87500,128.41642,111.23263
cast_iron,40,0.2,1000,false,82.12500,125.60298,108.72978
cast_iron,40,0.2,1000,false,84.37500,123.52821,106.84520
cast_iron,40,0.2,1000,false,86.62500,122.16627,105.59321
cast_iron,40,0.2,1000,false,88.87500,121.49493,104.97224
cast_iron,40,0.2,1000,true,1.12500,123.18219,NaN
cast_iron,40,0.2,1000,true,3.37500,123.47050,NaN
cast_iron,40,0.2,1000,true,5.62500,124.05567,NaN
cast_iron,40,0.2,1000,true,7.87500,124.85900,NaN
cast_iron,40,0.2,1000,true,10.12500,125.87315,109.23528
cast_iron,40,0.2,1000,true,12.37500,127.30410,110.09973
cast_iron,40,0.2,1000,true,14.62500,129.13718,111.60080
cast_iron,40,0.2,1000,true,16.87500,131.36354,113.59311
cast_iron,40,0.2,1000,true,19.12500,133.97796,116.00108
cast_iron,40,0.2,1000,true,21.37500,136.97784,118.77708
cast_iron,40,0.2,1000,true,23.62500,140.36280,121.87894
cast_iron,40,0.2,1000,true,25.87500,144.13459,125.25275
cast_iron,40,0.2,1000,true,28.12500,148.29758,128.81311
cast_iron,40,0.2,1000,true,30.37500,152.85981,132.41284
cast_iron,40,0.2,1000,true,32.62500,157.01315,135.79186
cast_iron,40,0.2,1000,true,34.87500,160.42364,138.76232
cast_iron,40,0.2,1000,true,37.12500,163.16247,141.24855
cast_iron,40,0.2,1000,true,39.37500,165.28585,143.22935
cast_iron,40,0.2,1000,true,41.62500,166.83902,144.70885
cast_iron,40,0.2,1000,true,43.87500,167.85887,145.70187
cast_iron,40,0.2,1000,true,46.12500,168.37579,146.22674
cast_iron,40,0.2,1000,true,48.37500,168.41491,146.30187
cast_iron,40,0.2,1000,true,50.62500,167.99709,145.94422
cast_iron,40,0.2,1000,true,52.87500,167.13963,145.16880
cast_iron,40,0.2,1000,true,55.12500,165.85684,143.98870
cast_iron,40,0.2,1000,true,57.37500,164.16043,142.41545
cast_iron,40,0.2,1000,true,59.62500,162.05992,140.45969
cast_iron,40,0.2,1000,true,61.87500,159.56288,138.13225
cast_iron,40,0.2,1000,true,64.12500,156.67507,135.44603
cast_iron,40,0.2,1000,true,66.37500,153.40060,132.41907
cast_iron,40,0.2,1000,true,68.62500,149.74181,129.07996
cast_iron,40,0.2,1000,true,70.87500,145.69902,125.47747
cast_iron,40,0.2,1000,true,73.12500,141.26991,121.69760
cast_iron,40,0.2,1000,true,75.37500,136.44819,117.89441
cast_iron,40,0.2,1000,true,77.62500,132.05504,114.34533
cast_iron,40,0.2,1000,true,79.87500,128.46831,111.26614
cast_iron,40,0.2,1000,true,82.12500,125.65154,108.76084
cast_iron,40,0.2,1000,true,84.37500,123.57433,106.87448
cast_iron,40,0.2,1000,true,86.62500,122.21081,105.62134
cast_iron,40,0.2,1000,true,88.87500,121.53869,104.99980
cast_iron,80,0.2,50,false,0.56250,164.73830,61.31672
cast_iron,80,0.2,50,false,1.68750,164.82598,61.35310
cast_iron,80,0.2,50,false,2.81250,165.00136,61.42585
cast_iron,80,0.2,50,false,3.93750,165.26450,61.53492
cast_iron,80,0.2,50,false,5.06250,165.61546,61.68024
cast_iron,80,0.2,50,false,6.18750,166.05436,61.86170
cast_iron,80,0.2,50,false,7.31250,166.58132,62.07917
cast_iron,80,0.2,50,false,8.43750,167.19650,62.33245
cast_iron,80,0.2,50,false,9.56250,167.90007,62.62129
cast_iron,80,0.2,50,false,10.68750,168.69225,62.94539
cast_iron,80,0.2,50,false,11.81250,169.57326,63.30432
cast_iron,80,0.2,50,false,12.93750,170.54337,63.69758
cast_iron,80,0.2,50,false,14.06250,171.60285,64.12453
cast_iron,80,0.2,50,false,15.18750,172.75203,64.58439
cast_iron,80,0.2,50,false,16.31250,173.99125,65.07619
cast_iron,80,0.2,50,false,17.43750,175.32086,65.59876
cast_iron,80,0.2,50,false,18.56250,176.74128,66.15069
cast_iron,80,0.2,50,false,19.68750,178.25292,66.73030
cast_iron,80,0.2,50,false,20.81250,179.85625,67.33557
cast_iron,80,0.2,50,false,21.93750,181.55175,67.96414
cast_iron,80,0.2,50,false,23.06250,183.33994,68.61321
cast_iron,80,0.2,50,false,24.18750,185.22137,69.27951
cast_iron,80,0.2,50,false,25.31250,187.19664,69.95923
cast_iron,80,0.2,50,false,26.43750,189.26637,70.64795
cast_iron,80,0.2,50,false,27.56250,191.43122,71.34056
cast_iron,80,0.2,50,false,28.68750,193.69190,72.03119
cast_iron,80,0.2,50,false,29.81250,196.04915,72.71309
cast_iron,80,0.2,50,false,30.93750,198.39916,73.37855
cast_iron,80,0.2,50,false,32.06250,200.54092,74.01974
cast_iron,80,0.2,50,false,33.18750,202.48533,74.63039
cast_iron,80,0.2,50,false,34.31250,204.24217,75.20556
cast_iron,80,0.2,50,false,35.43750,205.82023,75.74137
cast_iron,80,0.2,50,false,36.56250,207.22743,76.23485
cast_iron,80,0.2,50,false,37.68750,208.47094,76.68376
cast_iron,80,0.2,50,false,38.81250,209.55723,77.08648
cast_iron,80,0.2,50,false,39.93750,210.49220,77.44187
cast_iron,80,0.2,50,false,41.06250,211.28120,77.74920
cast_iron,80,0.2,50,false,42.18750,211.92909,78.00807
cast_iron,80,0.2,50,false,43.31250,212.44031,78.21834
cast_iron,80,0.2,50,false,44.43750,212.81891,78.38007
cast_iron,80,0.2,50,false,45.56250,213.06858,78.49348
cast_iron,80,0.2,50,false,46.68750,213.19270,78.55893
cast_iron,80,0.2,50,false,47.81250,213.19435,78.57687
cast_iron,80,0.2,50,false,48.93750,213.07635,78.54782
cast_iron,80,0.2,50,false,50.06250,212.84126,78.47237
cast_iron,80,0.2,50,false,51.18750,212.49143,78.35118
cast_iron,80,0.2,50,false,52.31250,212.02901,78.18492
cast_iron,80,0.2,50,false,53.43750,211.45593,77.97433
cast_iron,80,0.2,50,false,54.56250,210.77397,77.72020
cast_iron,80,0.2,50,false,55.68750,209.98473,77.42338
cast_iron,80,0.2,50,false,56.81250,209.08967,77.08477
cast_iron,80,0.2,50,false,57.93750,208.09008,76.70539
cast_iron,80,0.2,50,false,59.06250,206.98714,76.28635
cast_iron,80,0.2,50,false,60.18750,205.78189,75.82889
cast_iron,80,0.2,50,false,61.31250,204.47527,75.33442
cast_iron,80,0.2,50,false,62.43750,203.06808,74.80456
cast_iron,80,0.2,50,false,63.56250,201.56102,74.24114
cast_iron,80,0.2,50,false,64.68750,199.95471,73.64629
cast_iron,80,0.2,50,false,65.81250,198.24965,73.02246
cast_iron,80,0.2,50,false,66.93750,196.44625,72.37251
cast_iron,80,0.2,50,false,68.06250,194.54483,71.69971
cast_iron,80,0.2,50,false,69.18750,192.54563,71.00788
cast_iron,80,0.2,50,false,70.31250,190.44879,70.30141
cast_iron,80,0.2,50,false,71.43750,188.25438,69.58537
cast_iron,80,0.2,50,false,72.56250,185.96239,68.86561
cast_iron,80,0.2,50,false,73.68750,183.57270,68.14884
cast_iron,80,0.2,50,false,74.81250,181.08513,67.44275
cast_iron,80,0.2,50,false,75.93750,178.60442,66.75612
cast_iron,80,0.2,50,false,77.06250,176.33719,66.09803
cast_iron,80,0.2,50,false,78.18750,174.27878,65.47604
cast_iron,80,0.2,50,false,79.31250,172.42480,64.89642
cast_iron,80,0.2,50,false,80.43750,170.77112,64.36432
cast_iron,80,0.2,50,false,81.56250,169.31385,63.88390
cast_iron,80,0.2,50,false,82.68750,168.04936,63.45848
cast_iron,80,0.2,50,false,83.81250,166.97421,63.09063
cast_iron,80,0.2,50,false,84.93750,166.08519,62.78227
cast_iron,80,0.2,50,false,86.06250,165.37927,62.53475
cast_iron,80,0.2,50,false,87.18750,164.85363,62.34893
cast_iron,80,0.2,50,false,88.31250,164.50563,62.22519
cast_iron,80,0.2,50,false,89.43750,164.33278,62.16352
cast_iron,80,0.2,50,true,0.56250,165.03918,NaN
cast_iron,80,0.2,50,true,1.68750,165.13815,NaN
cast_iron,80,0.2,50,true,2.81250,165.33683,NaN
cast_iron,80,0.2,50,true,3.93750,165.63668,NaN
cast_iron,80,0.2,50,true,5.06250,166.03988,NaN
cast_iron,80,0.2,50,true,6.18750,166.51931,NaN
cast_iron,80,0.2,50,true,7.31250,167.05677,NaN
cast_iron,80,0.2,50,true,8.43750,167.65732,NaN
cast_iron,80,0.2,50,true,9.56250,168.32415,65.15848
cast_iron,80,0.2,50,true,10.68750,169.08332,64.97403
cast_iron,80,0.2,50,true,11.81250,169.93445,64.92800
cast_iron,80,0.2,50,true,12.93750,170.87736,64.99747
cast_iron,80,0.2,50,true,14.06250,171.91199,65.16486
cast_iron,80,0.2,50,true,15.18750,173.03836,65.41637
cast_iron,80,0.2,50,true,16.31250,174.25661,65.74086
cast_iron,80,0.2,50,true,17.43750,175.56691,66.12912
cast_iron,80,0.2,50,true,18.56250,176.96950,66.57331
cast_iron,80,0.2,50,true,19.68750,178.46467,67.06660
cast_iron,80,0.2,50,true,20.81250,180.05276,67.60284
cast_iron,80,0.2,50,true,21.93750,181.73415,68.17629
cast_iron,80,0.2,50,true,23.06250,183.50926,68.78145
cast_iron,80,0.2,50,true,24.18750,185.37857,69.41283
cast_iron,80,0.2,50,true,25.31250,187.34259,70.06485
cast_iron,80,0.2,50,true,26.43750,189.40187,70.73164
cast_iron,80,0.2,50,true,27.56250,191.55701,71.40693
cast_iron,80,0.2,50,true,28.68750,193.80867,72.08389
cast_iron,80,0.2,50,true,29.81250,196.15754,72.75503
cast_iron,80,0.2,50,true,30.93750,198.49975,73.41202
cast_iron,80,0.2,50,true,32.06250,200.63425,74.04655
cast_iron,80,0.2,50,true,33.18750,202.57191,74.65197
cast_iron,80,0.2,50,true,34.31250,204.32247,75.22302
cast_iron,80,0.2,50,true,35.43750,205.89469,75.75558
cast_iron,80,0.2,50,true,36.56250,207.29645,76.24650
cast_iron,80,0.2,50,true,37.68750,208.53489,76.69337
cast_iron,80,0.2,50,true,38.81250,209.61647,77.09447
cast_iron,80,0.2,50,true,39.93750,210.54705,77.44855
cast_iron,80,0.2,50,true,41.06250,211.33196,77.75484
cast_iron,80,0.2,50,true,42.18750,211.97604,78.01286
cast_iron,80,0.2,50,true,43.31250,212.48372,78.22242
cast_iron,80,0.2,50,true,44.43750,212.85902,78.38357
cast_iron,80,0.2,50,true,45.56250,213.10563,78.49649
cast_iron,80,0.2,50,true,46.68750,213.22690,78.56153
cast_iron,80,0.2,50,true,47.81250,213.22589,78.57911
cast_iron,80,0.2,50,true,48.93750,213.10542,78.54976
cast_iron,80,0.2,50,true,50.06250,212.86803,78.47405
cast_iron,80,0.2,50,true,51.18750,212.51608,78.35263
cast_iron,80,0.2,50,true,52.31250,212.05167,78.18617
cast_iron,80,0.2,50,true,53.43750,211.47675,77.97540
cast_iron,80,0.2,50,true,54.56250,210.79309,77.72111
cast_iron,80,0.2,50,true,55.68750,210.00226,77.42415
cast_iron,80,0.2,50,true,56.81250,209.10572,77.08542
cast_iron,80,0.2,50,true,57.93750,208.10477,76.70593
cast_iron,80,0.2,50,true,59.06250,207.00057,76.28679
cast_iron,80,0.2,50,true,60.18750,205.79416,75.82924
cast_iron,80,0.2,50,true,61.31250,204.48645,75.33469
cast_iron,80,0.2,50,true,62.43750,203.07826,74.80476
cast_iron,80,0.2,50,true,63.56250,201.57029,74.24127
cast_iron,80,0.2,50,true,64.68750,199.96313,73.64637
cast_iron,80,0.2,50,true,65.81250,198.25728,73.02249
cast_iron,80,0.2,50,true,66.93750,196.45316,72.37249
cast_iron,80,0.2,50,true,68.06250,194.55108,71.69966
cast_iron,80,0.2,50,true,69.18750,192.55126,71.00779
cast_iron,80,0.2,50,true,70.31250,190.45387,70.30129
cast_iron,80,0.2,50,true,71.43750,188.25895,69.58523
cast_iron,80,0.2,50,true,72.56250,185.96649,68.86544
cast_iron,80,0.2,50,true,73.68750,183.57638,68.14865
cast_iron,80,0.2,50,true,74.81250,181.08843,67.44254
cast_iron,80,0.2,50,true,75.93750,178.60737,66.75590
cast_iron,80,0.2,50,true,77.06250,176.33983,66.09779
cast_iron,80,0.2,50,true,78.18750,174.28114,65.47579
cast_iron,80,0.2,50,true,79.31250,172.42691,64.89616
cast_iron,80,0.2,50,true,80.43750,170.77301,64.36405
cast_iron,80,0.2,50,true,81.56250,169.31556,63.88363
cast_iron,80,0.2,50,true,82.68750,168.05090,63.45820
cast_iron,80,0.2,50,true,83.81250,166.97561,63.09034
cast_iron,80,0.2,50,true,84.93750,166.08648,62.78198
cast_iron,80,0.2,50,true,86.06250,165.38047,62.53446
cast_iron,80,0.2,50,true,87.18750,164.85477,62.34863
cast_iron,80,0.2,50,true,88.31250,164.50672,62.22489
cast_iron,80,0.2,50,true,89.43750,164.33385,62.16322
cast_iron,80,0.2,200,false,0.56250,134.52164,90.01076
cast_iron,80,0.2,200,false,1.68750,134.60753,90.07958
cast_iron,80,0.2,200,false,2.81250,134.77933,90.21721
cast_iron,80,0.2,200,false,3.93750,135.03710,90.42363
cast_iron,80,0.2,200,false,5.06250,135.38094,90.69883
cast_iron,80,0.2,200,false,6.18750,135.81096,91.04274
cast_iron,80,0.2,200,false,7.31250,136.32732,91.45531
cast_iron,80,0.2,200,false,8.43750,136.93019,91.93641
cast_iron,80,0.2,200,false,9.56250,137.61978,92.48585
cast_iron,80,0.2,200,false,10.68750,138.39635,93.10338
cast_iron,80,0.2,200,false,11.81250,139.26016,93.78863
cast_iron,80,0.2,200,false,12.93750,140.21151,94.54109
cast_iron,80,0.2,200,false,14.06250,141.25075,95.36008
cast_iron,80,0.2,200,false,15.18750,142.37825,96.24471
cast_iron,80,0.2,200,false,16.31250,143.59443,97.19381
cast_iron,80,0.2,200,false,17.43750,144.89971,98.20585
cast_iron,80,0.2,200,false,18.56250,146.29461,99.27892
cast_iron,80,0.2,200,false,19.68750,147.77963,100.41059
cast_iron,80,0.2,200,false,20.81250,149.35536,101.59781
cast_iron,80,0.2,200,false,21.93750,151.02243,102.83681
cast_iron,80,0.2,200,false,23.06250,152.78152,104.12289
cast_iron,80,0.2,200,false,24.18750,154.63338,105.45028
cast_iron,80,0.2,200,false,25.31250,156.57882,106.81192
cast_iron,80,0.2,200,false,26.43750,158.61876,108.19917
cast_iron,80,0.2,200,false,27.56250,160.75417,109.60152
cast_iron,80,0.2,200,false,28.68750,162.98618,111.00620
cast_iron,80,0.2,200,false,29.81250,165.31601,112.39776
cast_iron,80,0.2,200,false,30.93750,167.64044,113.75750
cast_iron,80,0.2,200,false,32.06250,169.75906,115.06610
cast_iron,80,0.2,200,false,33.18750,171.68323,116.30911
cast_iron,80,0.2,200,false,34.31250,173.42305,117.47585
cast_iron,80,0.2,200,false,35.43750,174.98752,118.55862
cast_iron,80,0.2,200,false,36.56250,176.38473,119.55200
cast_iron,80,0.2,200,false,37.68750,177.62192,120.45236
cast_iron,80,0.2,200,false,38.81250,178.70563,121.25744
cast_iron,80,0.2,200,false,39.93750,179.64176,121.96600
cast_iron,80,0.2,200,false,41.06250,180.43563,122.57761
cast_iron,80,0.2,200,false,42.18750,181.09209,123.09241
cast_iron,80,0.2,200,false,43.31250,181.61551,123.51097
cast_iron,80,0.2,200,false,44.43750,182.00989,123.83419
cast_iron,80,0.2,200,false,45.56250,182.27883,124.06314
cast_iron,80,0.2,200,false,46.68750,182.42563,124.19906
cast_iron,80,0.2,200,false,47.81250,182.45329,124.24325
cast_iron,80,0.2,200,false,48.93750,182.36451,124.19708
cast_iron,80,0.2,200,false,50.06250,182.16177,124.06192
cast_iron,80,0.2,200,false,51.18750,181.84732,123.83914
cast_iron,80,0.2,200,false,52.31250,181.42317,123.53012
cast_iron,80,0.2,200,false,53.43750,180.89117,123.13622
cast_iron,80,0.2,200,false,54.56250,180.25296,122.65882
cast_iron,80,0.2,200,false,55.68750,179.51003,122.09929
cast_iron,80,0.2,200,false,56.81250,178.66371,121.45909
cast_iron,80,0.2,200,false,57.93750,177.71518,120.73971
cast_iron,80,0.2,200,false,59.06250,176.66547,119.94279
cast_iron,80,0.2,200,false,60.18750,175.51549,119.07011
cast_iron,80,0.2,200,false,61.31250,174.26602,118.12369
cast_iron,80,0.2,200,false,62.43750,172.91772,117.10582
cast_iron,80,0.2,200,false,63.56250,171.47114,116.01921
cast_iron,80,0.2,200,false,64.68750,169.92671,114.86702
cast_iron,80,0.2,200,false,65.81250,168.28473,113.65303
cast_iron,80,0.2,200,false,66.93750,166.54542,112.38179
cast_iron,80,0.2,200,false,68.06250,164.70885,111.05875
cast_iron,80,0.2,200,false,69.18750,162.77501,109.69053
cast_iron,80,0.2,200,false,70.31250,160.74373,108.28512
cast_iron,80,0.2,200,false,71.43750,158.61474,106.85221
cast_iron,80,0.2,200,false,72.56250,156.38760,105.40353
cast_iron,80,0.2,200,false,73.68750,154.06173,103.95330
cast_iron,80,0.2,200,false,74.81250,151.63637,102.51870
cast_iron,80,0.2,200,false,75.93750,149.21556,101.12052
cast_iron,80,0.2,200,false,77.06250,147.00521,99.78061
cast_iron,80,0.2,200,false,78.18750,145.00009,98.51621
cast_iron,80,0.2,200,false,79.31250,143.19538,97.34081
cast_iron,80,0.2,200,false,80.43750,141.58660,96.26486
cast_iron,80,0.2,200,false,81.56250,140.16962,95.29635
cast_iron,80,0.2,200,false,82.68750,138.94061,94.44126
cast_iron,80,0.2,200,false,83.81250,137.89599,93.70392
cast_iron,80,0.2,200,false,84.93750,137.03246,93.08735
cast_iron,80,0.2,200,false,86.06250,136.34694,92.59348
cast_iron,80,0.2,200,false,87.18750,135.83658,92.22333
cast_iron,80,0.2,200,false,88.31250,135.49873,91.97714
cast_iron,80,0.2,200,false,89.43750,135.33093,91.85454
cast_iron,80,0.2,200,true,0.56250,136.92793,NaN
cast_iron,80,0.2,200,true,1.68750,137.00526,NaN
cast_iron,80,0.2,200,true,2.81250,137.16049,NaN
cast_iron,80,0.2,200,true,3.93750,137.39478,NaN
cast_iron,80,0.2,200,true,5.06250,137.70985,NaN
cast_iron,80,0.2,200,true,6.18750,138.08701,NaN
cast_iron,80,0.2,200,true,7.31250,138.51355,NaN
cast_iron,80,0.2,200,true,8.43750,138.99299,NaN
cast_iron,80,0.2,200,true,9.56250,139.52757,95.61934
cast_iron,80,0.2,200,true,10.68750,140.16551,95.69806
cast_iron,80,0.2,200,true,11.81250,140.90427,95.95817
cast_iron,80,0.2,200,true,12.93750,141.74207,96.37187
cast_iron,80,0.2,200,true,14.06250,142.67766,96.91858
cast_iron,80,0.2,200,true,15.18750,143.71015,97.58256
cast_iron,80,0.2,200,true,16.31250,144.83891,98.35149
cast_iron,80,0.2,200,true,17.43750,146.06356,99.21531
cast_iron,80,0.2,200,true,18.56250,147.38388,100.16554
cast_iron,80,0.2,200,true,19.68750,148.79979,101.19465
cast_iron,80,0.2,200,true,20.81250,150.31135,102.29561
cast_iron,80,0.2,200,true,21.93750,151.91874,103.46148
cast_iron,80,0.2,200,true,23.06250,153.62226,104.68512
cast_iron,80,0.2,200,true,24.18750,155.42230,105.95880
cast_iron,80,0.2,200,true,25.31250,157.31937,107.27386
cast_iron,80,0.2,200,true,26.43750,159.31411,108.62044
cast_iron,80,0.2,200,true,27.56250,161.40725,109.98702
cast_iron,80,0.2,200,true,28.68750,163.59970,111.36002
cast_iron,80,0.2,200,true,29.81250,165.89247,112.72335
cast_iron,80,0.2,200,true,30.93750,168.18217,114.05778
cast_iron,80,0.2,200,true,32.06250,170.26823,115.34356
cast_iron,80,0.2,200,true,33.18750,172.16185,116.56590
cast_iron,80,0.2,200,true,34.31250,173.87298,117.71383
cast_iron,80,0.2,200,true,35.43750,175.41053,118.77942
cast_iron,80,0.2,200,true,36.56250,176.78244,119.75705
cast_iron,80,0.2,200,true,37.68750,177.99587,120.64293
cast_iron,80,0.2,200,true,38.81250,179.05725,121.43466
cast_iron,80,0.2,200,true,39.93750,179.97239,122.13089
cast_iron,80,0.2,200,true,41.06250,180.74653,122.73108
cast_iron,80,0.2,200,true,42.18750,181.38443,123.23531
cast_iron,80,0.2,200,true,43.31250,181.89041,123.64406
cast_iron,80,0.2,200,true,44.43750,182.26839,123.95816
cast_iron,80,0.2,200,true,45.56250,182.52190,124.17864
cast_iron,80,0.2,200,true,46.68750,182.65421,124.30668
cast_iron,80,0.2,200,true,47.81250,182.66823,124.34354
cast_iron,80,0.2,200,true,48.93750,182.56663,124.29055
cast_iron,80,0.2,200,true,50.06250,182.35185,124.14903
cast_iron,80,0.2,200,true,51.18750,182.02608,123.92034
cast_iron,80,0.2,200,true,52.31250,181.59130,123.60581
cast_iron,80,0.2,200,true,53.43750,181.04931,123.20678
cast_iron,80,0.2,200,true,54.56250,180.40172,122.72459
cast_iron,80,0.2,200,true,55.68750,179.65000,122.16063
cast_iron,80,0.2,200,true,56.81250,178.79542,121.51628
cast_iron,80,0.2,200,true,57.93750,177.83915,120.79306
cast_iron,80,0.2,200,true,59.06250,176.78218,119.99256
cast_iron,80,0.2,200,true,60.18750,175.62541,119.11656
cast_iron,80,0.2,200,true,61.31250,174.36959,118.16704
cast_iron,80,0.2,200,true,62.43750,173.01535,117.14631
cast_iron,80,0.2,200,true,63.56250,171.56322,116.05703
cast_iron,80,0.2,200,true,64.68750,170.01360,114.90238
cast_iron,80,0.2,200,true,65.81250,168.36680,113.68611
cast_iron,80,0.2,200,true,66.93750,166.62299,112.41275
cast_iron,80,0.2,200,true,68.06250,164.78225,111.08777
cast_iron,80,0.2,200,true,69.18750,162.84453,109.71775
cast_iron,80,0.2,200,true,70.31250,160.80966,108.31069
cast_iron,80,0.2,200,true,71.43750,158.67736,106.87626
cast_iron,80,0.2,200,true,72.56250,156.44716,105.42619
cast_iron,80,0.2,200,true,73.68750,154.11849,103.97468
cast_iron,80,0.2,200,true,74.81250,151.69056,102.53892
cast_iron,80,0.2,200,true,75.93750,149.26741,101.13970
cast_iron,80,0.2,200,true,77.06250,147.05494,99.79884
cast_iron,80,0.2,200,true,78.18750,145.04791,98.53359
cast_iron,80,0.2,200,true,79.31250,143.24149,97.35743
cast_iron,80,0.2,200,true,80.43750,141.63119,96.28081
cast_iron,80,0.2,200,true,81.56250,140.21289,95.31172
cast_iron,80,0.2,200,true,82.68750,138.98273,94.45612
cast_iron,80,0.2,200,true,83.81250,137.93714,93.71835
cast_iron,80,0.2,200,true,84.93750,137.07281,93.10144
cast_iron,80,0.2,200,true,86.06250,136.38666,92.60729
cast_iron,80,0.2,200,true,87.18750,135.87583,92.23693
cast_iron,80,0.2,200,true,88.31250,135.53766,91.99061
cast_iron,80,0.2,200,true,89.43750,135.36972,91.86794
cast_iron,80,0.2,1000,false,0.56250,120.06396,102.82070
cast_iron,80,0.2,1000,false,1.68750,120.15054,102.90343
cast_iron,80,0.2,1000,false,2.81250,120.32374,103.06890
cast_iron,80,0.2,1000,false,3.93750,120.58359,103.31715
cast_iron,80,0.2,1000,false,5.06250,120.93015,103.64823
cast_iron,80,0.2,1000,false,6.18750,121.36353,104.06221
cast_iron,80,0.2,1000,false,7.31250,121.88383,104.55917
cast_iron,80,0.2,1000,false,8.43750,122.49118,105.13917
cast_iron,80,0.2,1000,false,9.56250,123.18574,105.80228
cast_iron,80,0.2,1000,false,10.68750,123.96769,106.54855
cast_iron,80,0.2,1000,false,11.81250,124.83723,107.37799
cast_iron,80,0.2,1000,false,12.93750,125.79459,108.29055
cast_iron,80,0.2,1000,false,14.06250,126.84001,109.28611
cast_iron,80,0.2,1000,false,15.18750,127.97377,110.36443
cast_iron,80,0.2,1000,false,16.31250,129.19617,111.52507
cast_iron,80,0.2,1000,false,17.43750,130.50754,112.76739
cast_iron,80,0.2,1000,false,18.56250,131.90824,114.09041
cast_iron,80,0.2,1000,false,19.68750,133.39869,115.49272
cast_iron,80,0.2,1000,false,20.81250,134.97931,116.97232
cast_iron,80,0.2,1000,false,21.93750,136.65062,118.52641
cast_iron,80,0.2,1000,false,23.06250,138.41317,120.15113
cast_iron,80,0.2,1000,false,24.18750,140.26761,121.84117
cast_iron,80,0.2,1000,false,25.31250,142.21469,123.58931
cast_iron,80,0.2,1000,false,26.43750,144.25528,125.38573
cast_iron,80,0.2,1000,false,27.56250,146.39043,127.21719
cast_iron,80,0.2,1000,false,28.68750,148.62143,129.06578
cast_iron,80,0.2,1000,false,29.81250,150.94984,130.90740
cast_iron,80,0.2,1000,false,30.93750,153.27302,132.70965
cast_iron,80,0.2,1000,false,32.06250,155.39124,134.43790
cast_iron,80,0.2,1000,false,33.18750,157.31617,136.06918
cast_iron,80,0.2,1000,false,34.31250,159.05804,137.58874
cast_iron,80,0.2,1000,false,35.43750,160.62587,138.98756
cast_iron,80,0.2,1000,false,36.56250,162.02764,140.26057
cast_iron,80,0.2,1000,false,37.68750,163.27049,141.40546
cast_iron,80,0.2,1000,false,38.81250,164.36079,142.42176
cast_iron,80,0.2,1000,false,39.93750,165.30429,143.31021
cast_iron,80,0.2,1000,false,41.06250,166.10618,144.07236
cast_iron,80,0.2,1000,false,42.18750,166.77114,144.71025
cast_iron,80,0.2,1000,false,43.31250,167.30344,145.22616
cast_iron,80,0.2,1000,false,44.43750,167.70695,145.62253
cast_iron,80,0.2,1000,false,45.56250,167.98517,145.90180
cast_iron,80,0.2,1000,false,46.68750,168.14133,146.06635
cast_iron,80,0.2,1000,false,47.81250,168.17834,146.11851
cast_iron,80,0.2,1000,false,48.93750,168.09887,146.06047
cast_iron,80,0.2,1000,false,50.06250,167.90535,145.89429
cast_iron,80,0.2,1000,false,51.18750,167.59999,145.62192
cast_iron,80,0.2,1000,false,52.31250,167.18480,145.24515
cast_iron,80,0.2,1000,false,53.43750,166.66163,144.76568
cast_iron,80,0.2,1000,false,54.56250,166.03213,144.18506
cast_iron,80,0.2,1000,false,55.68750,165.29781,143.50478
cast_iron,80,0.2,1000,false,56.81250,164.46004,142.72623
cast_iron,80,0.2,1000,false,57.93750,163.52004,141.85077
cast_iron,80,0.2,1000,false,59.06250,162.47891,140.87973
cast_iron,80,0.2,1000,false,60.18750,161.33763,139.81448
cast_iron,80,0.2,1000,false,61.31250,160.09706,138.65646
cast_iron,80,0.2,1000,false,62.43750,158.75795,137.40728
cast_iron,80,0.2,1000,false,63.56250,157.32096,136.06880
cast_iron,80,0.2,1000,false,64.68750,155.78662,134.64324
cast_iron,80,0.2,1000,false,65.81250,154.15536,133.13338
cast_iron,80,0.2,1000,false,66.93750,152.42750,131.54273
cast_iron,80,0.2,1000,false,68.06250,150.60324,129.87587
cast_iron,80,0.2,1000,false,69.18750,148.68265,128.13884
cast_iron,80,0.2,1000,false,70.31250,146.66564,126.33964
cast_iron,80,0.2,1000,false,71.43750,144.55193,124.48894
cast_iron,80,0.2,1000,false,72.56250,142.34104,122.60108
cast_iron,80,0.2,1000,false,73.68750,140.03220,120.69531
cast_iron,80,0.2,1000,false,74.81250,137.62428,118.79753
cast_iron,80,0.2,1000,false,75.93750,135.22071,116.94263
cast_iron,80,0.2,1000,false,77.06250,133.02667,115.16859
cast_iron,80,0.2,1000,false,78.18750,131.03653,113.50223
cast_iron,80,0.2,1000,false,79.31250,129.24524,111.96222
cast_iron,80,0.2,1000,false,80.43750,127.64827,110.56137
cast_iron,80,0.2,1000,false,81.56250,126.24149,109.30823
cast_iron,80,0.2,1000,false,82.68750,125.02113,108.20827
cast_iron,80,0.2,1000,false,83.81250,123.98369,107.26474
cast_iron,80,0.2,1000,false,84.93750,123.12597,106.47933
cast_iron,80,0.2,1000,false,86.06250,122.44497,105.85257
cast_iron,80,0.2,1000,false,87.18750,121.93792,105.38419
cast_iron,80,0.2,1000,false,88.31250,121.60223,105.07334
cast_iron,80,0.2,1000,false,89.43750,121.43550,104.91873
cast_iron,80,0.2,1000,true,0.56250,123.13567,NaN
cast_iron,80,0.2,1000,true,1.68750,123.20767,NaN
cast_iron,80,0.2,1000,true,2.81250,123.35219,NaN
cast_iron,80,0.2,1000,true,3.93750,123.57031,NaN
cast_iron,80,0.2,1000,true,5.06250,123.86366,NaN
cast_iron,80,0.2,1000,true,6.18750,124.21659,NaN
cast_iron,80,0.2,1000,true,7.31250,124.61830,NaN
cast_iron,80,0.2,1000,true,8.43750,125.07176,NaN
cast_iron,80,0.2,1000,true,9.56250,125.57888,109.15470
cast_iron,80,0.2,1000,true,10.68750,126.19133,109.37918
cast_iron,80,0.2,1000,true,11.81250,126.90680,109.81312
cast_iron,80,0.2,1000,true,12.93750,127.72349,110.41903
cast_iron,80,0.2,1000,true,14.06250,128.64003,111.17148
cast_iron,80,0.2,1000,true,15.18750,129.65532,112.05290
cast_iron,80,0.2,1000,true,16.31250,130.76852,113.05080
cast_iron,80,0.2,1000,true,17.43750,131.97899,114.15606
cast_iron,80,0.2,1000,true,18.56250,133.28625,115.36165
cast_iron,80,0.2,1000,true,19.68750,134.68997,116.66183
cast_iron,80,0.2,1000,true,20.81250,136.18997,118.05142
cast_iron,80,0.2,1000,true,21.93750,137.78621,119.52530
cast_iron,80,0.2,1000,true,23.06250,139.47875,121.07786
cast_iron,80,0.2,1000,true,24.18750,141.26783,122.70247
cast_iron,80,0.2,1000,true,25.31250,143.15380,124.39092
cast_iron,80,0.2,1000,true,26.43750,145.13722,126.13259
cast_iron,80,0.2,1000,true,27.56250,147.21884,127.91362
cast_iron,80,0.2,1000,true,28.68750,149.39965,129.71560
cast_iron,80,0.2,1000,true,29.81250,151.68099,131.51403
cast_iron,80,0.2,1000,true,30.93750,153.96001,133.27617
cast_iron,80,0.2,1000,true,32.06250,156.03674,134.96710
cast_iron,80,0.2,1000,true,33.18750,157.92271,136.56362
cast_iron,80,0.2,1000,true,34.31250,159.62798,138.05076
cast_iron,80,0.2,1000,true,35.43750,161.16139,139.41931
cast_iron,80,0.2,1000,true,36.56250,162.53081,140.66406
cast_iron,80,0.2,1000,true,37.68750,163.74323,141.78253
cast_iron,80,0.2,1000,true,38.81250,164.80491,142.77412
cast_iron,80,0.2,1000,true,39.93750,165.72150,143.63948
cast_iron,80,0.2,1000,true,41.06250,166.49807,144.38002
cast_iron,80,0.2,1000,true,42.18750,167.13921,144.99770
cast_iron,80,0.2,1000,true,43.31250,167.64911,145.49470
cast_iron,80,0.2,1000,true,44.43750,168.03154,145.87338
cast_iron,80,0.2,1000,true,45.56250,168.28995,146.13610
cast_iron,80,0.2,1000,true,46.68750,168.42748,146.28517
cast_iron,80,0.2,1000,true,47.81250,168.44697,146.32285
cast_iron,80,0.2,1000,true,48.93750,168.35103,146.25126
cast_iron,80,0.2,1000,true,50.06250,168.14204,146.07243
cast_iron,80,0.2,1000,true,51.18750,167.82214,145.78822
cast_iron,80,0.2,1000,true,52.31250,167.39330,145.40040
cast_iron,80,0.2,1000,true,53.43750,166.85731,144.91059
cast_iron,80,0.2,1000,true,54.56250,166.21578,144.32032
cast_iron,80,0.2,1000,true,55.68750,165.47019,143.63104
cast_iron,80,0.2,1000,true,56.81250,164.62184,142.84409
cast_iron,80,0.2,1000,true,57.93750,163.67193,141.96079
cast_iron,80,0.2,1000,true,59.06250,162.62152,140.98245
cast_iron,80,0.2,1000,true,60.18750,161.47155,139.91039
cast_iron,80,0.2,1000,true,61.31250,160.22286,138.74604
cast_iron,80,0.2,1000,true,62.43750,158.87617,137.49098
cast_iron,80,0.2,1000,true,63.56250,157.43210,136.14703
cast_iron,80,0.2,1000,true,64.68750,155.89116,134.71639
cast_iron,80,0.2,1000,true,65.81250,154.25376,133.20181
cast_iron,80,0.2,1000,true,66.93750,152.52018,131.60680
cast_iron,80,0.2,1000,true,68.06250,150.69062,129.93591
cast_iron,80,0.2,1000,true,69.18750,148.76511,128.19515
cast_iron,80,0.2,1000,true,70.31250,146.74355,126.39252
cast_iron,80,0.2,1000,true,71.43750,144.62565,124.53866
cast_iron,80,0.2,1000,true,72.56250,142.41089,122.64791
cast_iron,80,0.2,1000,true,73.68750,140.09850,120.73949
cast_iron,80,0.2,1000,true,74.81250,137.68735,118.83929
cast_iron,80,0.2,1000,true,75.93750,135.28083,116.98220
cast_iron,80,0.2,1000,true,77.06250,133.08411,115.20618
cast_iron,80,0.2,1000,true,78.18750,131.09156,113.53804
cast_iron,80,0.2,1000,true,79.31250,129.29812,111.99645
cast_iron,80,0.2,1000,true,80.43750,127.69924,110.59420
cast_iron,80,0.2,1000,true,81.56250,126.29080,109.33983
cast_iron,80,0.2,1000,true,82.68750,125.06899,108.23882
cast_iron,80,0.2,1000,true,83.81250,124.03034,107.29440
cast_iron,80,0.2,1000,true,84.93750,123.17161,106.50825
cast_iron,80,0.2,1000,true,86.06250,122.48982,105.88091
cast_iron,80,0.2,1000,true,87.18750,121.98218,105.41210
cast_iron,80,0.2,1000,true,88.31250,121.64610,105.10097
cast_iron,80,0.2,1000,true,89.43750,121.47918,104.94622
aluminum_core_proxy,20,0.2,50,false,2.25000,234.99478,84.43079
aluminum_core_proxy,20,0.2,50,false,6.75000,235.40279,84.60650
aluminum_core_proxy,20,0.2,50,false,11.25000,236.21936,84.95431
aluminum_core_proxy,20,0.2,50,false,15.75000,237.44558,85.46513
aluminum_core_proxy,20,0.2,50,false,20.25000,239.08310,86.12006
aluminum_core_proxy,20,0.2,50,false,24.75000,241.13416,86.88308
aluminum_core_proxy,20,0.2,50,false,29.25000,243.60170,87.68933
aluminum_core_proxy,20,0.2,50,false,33.75000,246.02701,88.42745
aluminum_core_proxy,20,0.2,50,false,38.25000,247.60163,88.97824
aluminum_core_proxy,20,0.2,50,false,42.75000,248.45256,89.29736
aluminum_core_proxy,20,0.2,50,false,47.25000,248.66794,89.37585
aluminum_core_proxy,20,0.2,50,false,51.75000,248.31102,89.22080
aluminum_core_proxy,20,0.2,50,false,56.25000,247.42832,88.84691
aluminum_core_proxy,20,0.2,50,false,60.75000,246.05460,88.27468
aluminum_core_proxy,20,0.2,50,false,65.25000,244.21608,87.53361
aluminum_core_proxy,20,0.2,50,false,69.75000,241.93257,86.67017
aluminum_core_proxy,20,0.2,50,false,74.25000,239.21883,85.76147
aluminum_core_proxy,20,0.2,50,false,78.75000,236.55456,84.93613
aluminum_core_proxy,20,0.2,50,false,83.25000,234.83447,84.33734
aluminum_core_proxy,20,0.2,50,false,87.75000,233.99904,84.02942
aluminum_core_proxy,20,0.2,50,true,2.25000,235.26877,NaN
aluminum_core_proxy,20,0.2,50,true,6.75000,235.75417,NaN
aluminum_core_proxy,20,0.2,50,true,11.25000,236.50568,86.80892
aluminum_core_proxy,20,0.2,50,true,15.75000,237.68666,86.28180
aluminum_core_proxy,20,0.2,50,true,20.25000,239.28996,86.47981
aluminum_core_proxy,20,0.2,50,true,24.75000,241.31408,87.04295
aluminum_core_proxy,20,0.2,50,true,29.25000,243.75988,87.76359
aluminum_core_proxy,20,0.2,50,true,33.75000,246.16736,88.46567
aluminum_core_proxy,20,0.2,50,true,38.25000,247.72719,89.00117
aluminum_core_proxy,20,0.2,50,true,42.75000,248.56578,89.31340
aluminum_core_proxy,20,0.2,50,true,47.25000,248.77084,89.38834
aluminum_core_proxy,20,0.2,50,true,51.75000,248.40528,89.23113
aluminum_core_proxy,20,0.2,50,true,56.25000,247.51538,88.85571
aluminum_core_proxy,20,0.2,50,true,60.75000,246.13572,88.28231
aluminum_core_proxy,20,0.2,50,true,65.25000,244.29237,87.54032
aluminum_core_proxy,20,0.2,50,true,69.75000,242.00501,86.67617
aluminum_core_proxy,20,0.2,50,true,74.25000,239.28833,85.76692
aluminum_core_proxy,20,0.2,50,true,78.75000,236.62192,84.94119
aluminum_core_proxy,20,0.2,50,true,83.25000,234.90046,84.34216
aluminum_core_proxy,20,0.2,50,true,87.75000,234.06437,84.03412
aluminum_core_proxy,20,0.2,200,false,2.25000,185.58043,125.95291
aluminum_core_proxy,20,0.2,200,false,6.75000,185.98634,126.28676
aluminum_core_proxy,20,0.2,200,false,11.25000,186.79872,126.95054
aluminum_core_proxy,20,0.2,200,false,15.75000,188.01870,127.93339
aluminum_core_proxy,20,0.2,200,false,20.25000,189.64810,129.20994
aluminum_core_proxy,20,0.2,200,false,24.75000,191.68950,130.72458
aluminum_core_proxy,20,0.2,200,false,29.25000,194.14667,132.35958
aluminum_core_proxy,20,0.2,200,false,33.75000,196.56283,133.87185
aluminum_core_proxy,20,0.2,200,false,38.25000,198.13171,134.98603
aluminum_core_proxy,20,0.2,200,false,42.75000,198.98079,135.62671
aluminum_core_proxy,20,0.2,200,false,47.25000,199.19808,135.79241
aluminum_core_proxy,20,0.2,200,false,51.75000,198.84654,135.50647
aluminum_core_proxy,20,0.2,200,false,56.25000,197.97233,134.79956
aluminum_core_proxy,20,0.2,200,false,60.75000,196.60988,133.70674
aluminum_core_proxy,20,0.2,200,false,65.25000,194.78500,132.27398
aluminum_core_proxy,20,0.2,200,false,69.75000,192.51691,130.57537
aluminum_core_proxy,20,0.2,200,false,74.25000,189.81930,128.74915
aluminum_core_proxy,20,0.2,200,false,78.75000,187.16963,127.06987
aluminum_core_proxy,20,0.2,200,false,83.25000,185.45991,125.86320
aluminum_core_proxy,20,0.2,200,false,87.75000,184.62973,125.24835
aluminum_core_proxy,20,0.2,200,true,2.25000,186.94208,NaN
aluminum_core_proxy,20,0.2,200,true,6.75000,187.30421,NaN
aluminum_core_proxy,20,0.2,200,true,11.25000,187.88413,128.46553
aluminum_core_proxy,20,0.2,200,true,15.75000,188.94779,128.85976
aluminum_core_proxy,20,0.2,200,true,20.25000,190.46108,129.86458
aluminum_core_proxy,20,0.2,200,true,24.75000,192.41172,131.23717
aluminum_core_proxy,20,0.2,200,true,29.25000,194.79573,132.78756
aluminum_core_proxy,20,0.2,200,true,33.75000,197.15175,134.24282
aluminum_core_proxy,20,0.2,200,true,38.25000,198.67059,135.31474
aluminum_core_proxy,20,0.2,200,true,42.75000,199.47772,135.92211
aluminum_core_proxy,20,0.2,200,true,47.25000,199.65974,136.06071
aluminum_core_proxy,20,0.2,200,true,51.75000,199.27856,135.75242
aluminum_core_proxy,20,0.2,200,true,56.25000,198.37958,135.02702
aluminum_core_proxy,20,0.2,200,true,60.75000,196.99659,133.91903
aluminum_core_proxy,20,0.2,200,true,65.25000,195.15496,132.47396
aluminum_core_proxy,20,0.2,200,true,69.75000,192.87351,130.76560
aluminum_core_proxy,20,0.2,200,true,74.25000,190.16564,128.93192
aluminum_core_proxy,20,0.2,200,true,78.75000,187.50853,127.24725
aluminum_core_proxy,20,0.2,200,true,83.25000,185.79402,126.03711
aluminum_core_proxy,20,0.2,200,true,87.75000,184.96151,125.42059
aluminum_core_proxy,20,0.2,1000,false,2.25000,165.25609,142.99092
aluminum_core_proxy,20,0.2,1000,false,6.75000,165.66187,143.38208
aluminum_core_proxy,20,0.2,1000,false,11.25000,166.47381,144.16339
aluminum_core_proxy,20,0.2,1000,false,15.75000,167.69274,145.33111
aluminum_core_proxy,20,0.2,1000,false,20.25000,169.31995,146.87289
aluminum_core_proxy,20,0.2,1000,false,24.75000,171.35744,148.75053
aluminum_core_proxy,20,0.2,1000,false,29.25000,173.80861,150.84834
aluminum_core_proxy,20,0.2,1000,false,33.75000,176.21779,152.81895
aluminum_core_proxy,20,0.2,1000,false,38.25000,177.78067,154.22738
aluminum_core_proxy,20,0.2,1000,false,42.75000,178.62433,155.01630
aluminum_core_proxy,20,0.2,1000,false,47.25000,178.83628,155.21766
aluminum_core_proxy,20,0.2,1000,false,51.75000,178.47928,154.87686
aluminum_core_proxy,20,0.2,1000,false,56.25000,177.59961,154.03521
aluminum_core_proxy,20,0.2,1000,false,60.75000,176.23207,152.72890
aluminum_core_proxy,20,0.2,1000,false,65.25000,174.40310,150.99573
aluminum_core_proxy,20,0.2,1000,false,69.75000,172.13268,148.89429
aluminum_core_proxy,20,0.2,1000,false,74.25000,169.43508,146.55983
aluminum_core_proxy,20,0.2,1000,false,78.75000,166.78675,144.37283
aluminum_core_proxy,20,0.2,1000,false,83.25000,165.07765,142.83578
aluminum_core_proxy,20,0.2,1000,false,87.75000,164.24761,142.06616
aluminum_core_proxy,20,0.2,1000,true,2.25000,166.86726,NaN
aluminum_core_proxy,20,0.2,1000,true,6.75000,167.19839,NaN
aluminum_core_proxy,20,0.2,1000,true,11.25000,167.74049,145.60889
aluminum_core_proxy,20,0.2,1000,true,15.75000,168.77778,146.40432
aluminum_core_proxy,20,0.2,1000,true,20.25000,170.27009,147.75985
aluminum_core_proxy,20,0.2,1000,true,24.75000,172.20190,149.51747
aluminum_core_proxy,20,0.2,1000,true,29.25000,174.56755,151.52583
aluminum_core_proxy,20,0.2,1000,true,33.75000,176.90608,153.42497
aluminum_core_proxy,20,0.2,1000,true,38.25000,178.40985,154.77445
aluminum_core_proxy,20,0.2,1000,true,42.75000,179.20370,155.51406
aluminum_core_proxy,20,0.2,1000,true,47.25000,179.37356,155.67395
aluminum_core_proxy,20,0.2,1000,true,51.75000,178.98102,155.29830
aluminum_core_proxy,20,0.2,1000,true,56.25000,178.07151,154.42747
aluminum_core_proxy,20,0.2,1000,true,60.75000,176.67916,153.09697
aluminum_core_proxy,20,0.2,1000,true,65.25000,174.82988,151.34405
aluminum_core_proxy,20,0.2,1000,true,69.75000,172.54321,149.22685
aluminum_core_proxy,20,0.2,1000,true,74.25000,169.83309,146.88029
aluminum_core_proxy,20,0.2,1000,true,78.75000,167.17569,144.68452
aluminum_core_proxy,20,0.2,1000,true,83.25000,165.46073,143.14180
aluminum_core_proxy,20,0.2,1000,true,87.75000,164.62784,142.36943
aluminum_core_proxy,40,0.2,50,false,1.12500,234.95128,84.41363
aluminum_core_proxy,40,0.2,50,false,3.37500,235.05327,84.45782
aluminum_core_proxy,40,0.2,50,false,5.62500,235.25729,84.54599
aluminum_core_proxy,40,0.2,50,false,7.87500,235.56341,84.67772
aluminum_core_proxy,40,0.2,50,false,10.12500,235.97172,84.85228
aluminum_core_proxy,40,0.2,50,false,12.37500,236.48237,85.06856
aluminum_core_proxy,40,0.2,50,false,14.62500,237.09552,85.32494
aluminum_core_proxy,40,0.2,50,false,16.87500,237.81138,85.61910
aluminum_core_proxy,40,0.2,50,false,19.12500,238.63019,85.94777
aluminum_core_proxy,40,0.2,50,false,21.37500,239.55223,86.30649
aluminum_core_proxy,40,0.2,50,false,23.62500,240.57784,86.68918
aluminum_core_proxy,40,0.2,50,false,25.87500,241.70736,87.08775
aluminum_core_proxy,40,0.2,50,false,28.12500,242.94121,87.49149
aluminum_core_proxy,40,0.2,50,false,30.37500,244.27986,87.88644
aluminum_core_proxy,40,0.2,50,false,32.62500,245.49262,88.25456
aluminum_core_proxy,40,0.2,50,false,34.87500,246.48314,88.58107
aluminum_core_proxy,40,0.2,50,false,37.12500,247.27052,88.85669
aluminum_core_proxy,40,0.2,50,false,39.37500,247.87045,89.07596
aluminum_core_proxy,40,0.2,50,false,41.62500,248.29596,89.23600
aluminum_core_proxy,40,0.2,50,false,43.87500,248.55795,89.33576
aluminum_core_proxy,40,0.2,50,false,46.12500,248.66566,89.37533
aluminum_core_proxy,40,0.2,50,false,48.37500,248.62693,89.35564
aluminum_core_proxy,40,0.2,50,false,50.62500,248.44847,89.27812
aluminum_core_proxy,40,0.2,50,false,52.87500,248.13607,89.14460
aluminum_core_proxy,40,0.2,50,false,55.12500,247.69470,88.95725
aluminum_core_proxy,40,0.2,50,false,57.37500,247.12869,88.71862
aluminum_core_proxy,40,0.2,50,false,59.62500,246.44179,88.43170
aluminum_core_proxy,40,0.2,50,false,61.87500,245.63727,88.10014
aluminum_core_proxy,40,0.2,50,false,64.12500,244.71797,87.72848
aluminum_core_proxy,40,0.2,50,false,66.37500,243.68634,87.32249
aluminum_core_proxy,40,0.2,50,false,68.62500,242.54452,86.88960
aluminum_core_proxy,40,0.2,50,false,70.87500,241.29435,86.43943
aluminum_core_proxy,40,0.2,50,false,73.12500,239.93740,85.98445
aluminum_core_proxy,40,0.2,50,false,75.37500,238.47500,85.54077
aluminum_core_proxy,40,0.2,50,false,77.62500,237.14276,85.12912
aluminum_core_proxy,40,0.2,50,false,79.87500,236.05067,84.76741
aluminum_core_proxy,40,0.2,50,false,82.12500,235.19056,84.46796
aluminum_core_proxy,40,0.2,50,false,84.37500,234.55501,84.23879
aluminum_core_proxy,40,0.2,50,false,86.62500,234.13727,84.08462
aluminum_core_proxy,40,0.2,50,false,88.87500,233.93119,84.00755
aluminum_core_proxy,40,0.2,50,true,1.12500,235.22245,NaN
aluminum_core_proxy,40,0.2,50,true,3.37500,235.34350,NaN
aluminum_core_proxy,40,0.2,50,true,5.62500,235.58659,NaN
aluminum_core_proxy,40,0.2,50,true,7.87500,235.89741,NaN
aluminum_core_proxy,40,0.2,50,true,10.12500,236.27315,87.15858
aluminum_core_proxy,40,0.2,50,true,12.37500,236.75704,86.58768
aluminum_core_proxy,40,0.2,50,true,14.62500,237.34752,86.32789
aluminum_core_proxy,40,0.2,50,true,16.87500,238.04380,86.28093
aluminum_core_proxy,40,0.2,50,true,19.12500,238.84547,86.38396
aluminum_core_proxy,40,0.2,50,true,21.37500,239.75236,86.59389
aluminum_core_proxy,40,0.2,50,true,23.62500,240.76446,86.87906
aluminum_core_proxy,40,0.2,50,true,25.87500,241.88188,87.21414
aluminum_core_proxy,40,0.2,50,true,28.12500,243.10484,87.57687
aluminum_core_proxy,40,0.2,50,true,30.37500,244.43364,87.94548
aluminum_core_proxy,40,0.2,50,true,32.62500,245.63748,88.29676
aluminum_core_proxy,40,0.2,50,true,34.87500,246.61987,88.61249
aluminum_core_proxy,40,0.2,50,true,37.12500,247.39985,88.88116
aluminum_core_proxy,40,0.2,50,true,39.37500,247.99302,89.09585
aluminum_core_proxy,40,0.2,50,true,41.62500,248.41235,89.25281
aluminum_core_proxy,40,0.2,50,true,43.87500,248.66870,89.35039
aluminum_core_proxy,40,0.2,50,true,46.12500,248.77124,89.38836
aluminum_core_proxy,40,0.2,50,true,48.37500,248.72778,89.36742
aluminum_core_proxy,40,0.2,50,true,50.62500,248.54499,89.28888
aluminum_core_proxy,40,0.2,50,true,52.87500,248.22864,89.15450
aluminum_core_proxy,40,0.2,50,true,55.12500,247.78367,88.96642
aluminum_core_proxy,40,0.2,50,true,57.37500,247.21438,88.72714
aluminum_core_proxy,40,0.2,50,true,59.62500,246.52451,88.43964
aluminum_core_proxy,40,0.2,50,true,61.87500,245.71730,88.10757
aluminum_core_proxy,40,0.2,50,true,64.12500,244.79557,87.73545
aluminum_core_proxy,40,0.2,50,true,66.37500,243.76178,87.32906
aluminum_core_proxy,40,0.2,50,true,68.62500,242.61803,86.89581
aluminum_core_proxy,40,0.2,50,true,70.87500,241.36617,86.44532
aluminum_core_proxy,40,0.2,50,true,73.12500,240.00774,85.99007
aluminum_core_proxy,40,0.2,50,true,75.37500,238.54408,85.54616
aluminum_core_proxy,40,0.2,50,true,77.62500,237.21077,85.13431
aluminum_core_proxy,40,0.2,50,true,79.87500,236.11781,84.77245
aluminum_core_proxy,40,0.2,50,true,82.12500,235.25702,84.47287
aluminum_core_proxy,40,0.2,50,true,84.37500,234.62096,84.24361
aluminum_core_proxy,40,0.2,50,true,86.62500,234.20288,84.08938
aluminum_core_proxy,40,0.2,50,true,88.87500,233.99664,84.01228
aluminum_core_proxy,40,0.2,200,false,1.12500,185.53721,125.91876
aluminum_core_proxy,40,0.2,200,false,3.37500,185.63867,126.00253
aluminum_core_proxy,40,0.2,200,false,5.62500,185.84164,126.16987
aluminum_core_proxy,40,0.2,200,false,7.87500,186.14618,126.42034
aluminum_core_proxy,40,0.2,200,false,10.12500,186.55239,126.75314
aluminum_core_proxy,40,0.2,200,false,12.37500,187.06042,127.16702
aluminum_core_proxy,40,0.2,200,false,14.62500,187.67044,127.65999
aluminum_core_proxy,40,0.2,200,false,16.87500,188.38269,128.22903
aluminum_core_proxy,40,0.2,200,false,19.12500,189.19743,128.86960
aluminum_core_proxy,40,0.2,200,false,21.37500,190.11498,129.57493
aluminum_core_proxy,40,0.2,200,false,23.62500,191.13573,130.33509
aluminum_core_proxy,40,0.2,200,false,25.87500,192.26015,131.13557
aluminum_core_proxy,40,0.2,200,false,28.12500,193.48880,131.95535
aluminum_core_proxy,40,0.2,200,false,30.37500,194.82238,132.76410
aluminum_core_proxy,40,0.2,200,false,32.62500,196.03058,133.51825
aluminum_core_proxy,40,0.2,200,false,34.87500,197.01731,134.18363
aluminum_core_proxy,40,0.2,200,false,37.12500,197.80181,134.74158
aluminum_core_proxy,40,0.2,200,false,39.37500,198.39983,135.18297
aluminum_core_proxy,40,0.2,200,false,41.62500,198.82440,135.50440
aluminum_core_proxy,40,0.2,200,false,43.87500,199.08642,135.70588
aluminum_core_proxy,40,0.2,200,false,46.12500,199.19508,135.78938
aluminum_core_proxy,40,0.2,200,false,48.37500,199.15819,135.75790
aluminum_core_proxy,40,0.2,200,false,50.62500,198.98241,135.61500
aluminum_core_proxy,40,0.2,200,false,52.87500,198.67348,135.36453
aluminum_core_proxy,40,0.2,200,false,55.12500,198.23636,135.01052
aluminum_core_proxy,40,0.2,200,false,57.37500,197.67531,134.55729
aluminum_core_proxy,40,0.2,200,false,59.62500,196.99405,134.00961
aluminum_core_proxy,40,0.2,200,false,61.87500,196.19579,133.37307
aluminum_core_proxy,40,0.2,200,false,64.12500,195.28331,132.65459
aluminum_core_proxy,40,0.2,200,false,66.37500,194.25900,131.86321
aluminum_core_proxy,40,0.2,200,false,68.62500,193.12490,131.01115
aluminum_core_proxy,40,0.2,200,false,70.87500,191.88273,130.11542
aluminum_core_proxy,40,0.2,200,false,73.12500,190.53386,129.20000
aluminum_core_proxy,40,0.2,200,false,75.37500,189.07935,128.29906
aluminum_core_proxy,40,0.2,200,false,77.62500,187.75438,127.46147
aluminum_core_proxy,40,0.2,200,false,79.87500,186.66863,126.72806
aluminum_core_proxy,40,0.2,200,false,82.12500,185.81371,126.12403
aluminum_core_proxy,40,0.2,200,false,84.37500,185.18210,125.66412
aluminum_core_proxy,40,0.2,200,false,86.62500,184.76698,125.35598
aluminum_core_proxy,40,0.2,200,false,88.87500,184.56221,125.20234
aluminum_core_proxy,40,0.2,200,true,1.12500,186.89137,NaN
aluminum_core_proxy,40,0.2,200,true,3.37500,186.98168,NaN
aluminum_core_proxy,40,0.2,200,true,5.62500,187.16307,NaN
aluminum_core_proxy,40,0.2,200,true,7.87500,187.39969,NaN
aluminum_core_proxy,40,0.2,200,true,10.12500,187.68966,128.52956
aluminum_core_proxy,40,0.2,200,true,12.37500,188.10400,128.49065
aluminum_core_proxy,40,0.2,200,true,14.62500,188.63582,128.69184
aluminum_core_proxy,40,0.2,200,true,16.87500,189.28122,129.06643
aluminum_core_proxy,40,0.2,200,true,19.12500,190.03787,129.57327
aluminum_core_proxy,40,0.2,200,true,21.37500,190.90431,130.18369
aluminum_core_proxy,40,0.2,200,true,23.62500,191.87965,130.87423
aluminum_core_proxy,40,0.2,200,true,25.87500,192.96342,131.62188
aluminum_core_proxy,40,0.2,200,true,28.12500,194.15548,132.40019
aluminum_core_proxy,40,0.2,200,true,30.37500,195.45595,133.17532
aluminum_core_proxy,40,0.2,200,true,32.62500,196.63407,133.90143
aluminum_core_proxy,40,0.2,200,true,34.87500,197.59339,134.54283
aluminum_core_proxy,40,0.2,200,true,37.12500,198.35286,135.07988
aluminum_core_proxy,40,0.2,200,true,39.37500,198.92798,135.50277
aluminum_core_proxy,40,0.2,200,true,41.62500,199.33157,135.80765
aluminum_core_proxy,40,0.2,200,true,43.87500,199.57436,135.99422
aluminum_core_proxy,40,0.2,200,true,46.12500,199.66537,136.06421
aluminum_core_proxy,40,0.2,200,true,48.37500,199.61230,136.02046
aluminum_core_proxy,40,0.2,200,true,50.62500,199.42170,135.86640
aluminum_core_proxy,40,0.2,200,true,52.87500,199.09921,135.60576
aluminum_core_proxy,40,0.2,200,true,55.12500,198.64969,135.24252
aluminum_core_proxy,40,0.2,200,true,57.37500,198.07734,134.78090
aluminum_core_proxy,40,0.2,200,true,59.62500,197.38581,134.22563
aluminum_core_proxy,40,0.2,200,true,61.87500,196.57826,133.58224
aluminum_core_proxy,40,0.2,200,true,64.12500,195.65740,132.85761
aluminum_core_proxy,40,0.2,200,true,66.37500,194.62558,132.06073
aluminum_core_proxy,40,0.2,200,true,68.62500,193.48481,131.20379
aluminum_core_proxy,40,0.2,200,true,70.87500,192.23674,130.30376
aluminum_core_proxy,40,0.2,200,true,73.12500,190.88274,129.38460
aluminum_core_proxy,40,0.2,200,true,75.37500,189.42381,128.48046
aluminum_core_proxy,40,0.2,200,true,77.62500,188.09513,127.64018
aluminum_core_proxy,40,0.2,200,true,79.87500,187.00633,126.90456
aluminum_core_proxy,40,0.2,200,true,82.12500,186.14901,126.29880
aluminum_core_proxy,40,0.2,200,true,84.37500,185.51563,125.83761
aluminum_core_proxy,40,0.2,200,true,86.62500,185.09935,125.52863
aluminum_core_proxy,40,0.2,200,true,88.87500,184.89400,125.37458
aluminum_core_proxy,40,0.2,1000,false,1.12500,165.21322,142.94994
aluminum_core_proxy,40,0.2,1000,false,3.37500,165.31466,143.04783
aluminum_core_proxy,40,0.2,1000,false,5.62500,165.51755,143.24356
aluminum_core_proxy,40,0.2,1000,false,7.87500,165.82196,143.53706
aluminum_core_proxy,40,0.2,1000,false,10.12500,166.22795,143.92813
aluminum_core_proxy,40,0.2,1000,false,12.37500,166.73562,144.41642
aluminum_core_proxy,40,0.2,1000,false,14.62500,167.34510,145.00122
aluminum_core_proxy,40,0.2,1000,false,16.87500,168.05656,145.68126
aluminum_core_proxy,40,0.2,1000,false,19.12500,168.87018,146.45418
aluminum_core_proxy,40,0.2,1000,false,21.37500,169.78620,147.31574
aluminum_core_proxy,40,0.2,1000,false,23.62500,170.80495,148.25841
aluminum_core_proxy,40,0.2,1000,false,25.87500,171.92683,149.26874
aluminum_core_proxy,40,0.2,1000,false,28.12500,173.15241,150.32290
aluminum_core_proxy,40,0.2,1000,false,30.37500,174.48251,151.37870
aluminum_core_proxy,40,0.2,1000,false,32.62500,175.68720,152.36135
aluminum_core_proxy,40,0.2,1000,false,34.87500,176.67065,153.21664
aluminum_core_proxy,40,0.2,1000,false,37.12500,177.45211,153.92251
aluminum_core_proxy,40,0.2,1000,false,39.37500,178.04729,154.47267
aluminum_core_proxy,40,0.2,1000,false,41.62500,178.46913,154.86831
aluminum_core_proxy,40,0.2,1000,false,43.87500,178.72847,155.11389
aluminum_core_proxy,40,0.2,1000,false,46.12500,178.83444,155.21508
aluminum_core_proxy,40,0.2,1000,false,48.37500,178.79484,155.17773
aluminum_core_proxy,40,0.2,1000,false,50.62500,178.61633,155.00742
aluminum_core_proxy,40,0.2,1000,false,52.87500,178.30466,154.70934
aluminum_core_proxy,40,0.2,1000,false,55.12500,177.86480,154.28825
aluminum_core_proxy,40,0.2,1000,false,57.37500,177.30109,153.74859
aluminum_core_proxy,40,0.2,1000,false,59.62500,176.61729,153.09465
aluminum_core_proxy,40,0.2,1000,false,61.87500,175.81670,152.33091
aluminum_core_proxy,40,0.2,1000,false,64.12500,174.90219,151.46250
aluminum_core_proxy,40,0.2,1000,false,66.37500,173.87626,150.49618
aluminum_core_proxy,40,0.2,1000,false,68.62500,172.74104,149.44182
aluminum_core_proxy,40,0.2,1000,false,70.87500,171.49832,148.31515
aluminum_core_proxy,40,0.2,1000,false,73.12500,170.14951,147.14269
aluminum_core_proxy,40,0.2,1000,false,75.37500,168.69557,145.97045
aluminum_core_proxy,40,0.2,1000,false,77.62500,167.37129,144.87958
aluminum_core_proxy,40,0.2,1000,false,79.87500,166.28607,143.93345
aluminum_core_proxy,40,0.2,1000,false,82.12500,165.43150,143.16322
aluminum_core_proxy,40,0.2,1000,false,84.37500,164.80006,142.58279
aluminum_core_proxy,40,0.2,1000,false,86.62500,164.38503,142.19692
aluminum_core_proxy,40,0.2,1000,false,88.87500,164.18029,142.00544
aluminum_core_proxy,40,0.2,1000,true,1.12500,166.81595,NaN
aluminum_core_proxy,40,0.2,1000,true,3.37500,166.89854,NaN
aluminum_core_proxy,40,0.2,1000,true,5.62500,167.06442,NaN
aluminum_core_proxy,40,0.2,1000,true,7.87500,167.28369,NaN
aluminum_core_proxy,40,0.2,1000,true,10.12500,167.55476,145.54272
aluminum_core_proxy,40,0.2,1000,true,12.37500,167.95357,145.73736
aluminum_core_proxy,40,0.2,1000,true,14.62500,168.47217,146.13993
aluminum_core_proxy,40,0.2,1000,true,16.87500,169.10598,146.69627
aluminum_core_proxy,40,0.2,1000,true,19.12500,169.85211,147.37817
aluminum_core_proxy,40,0.2,1000,true,21.37500,170.70872,148.16817
aluminum_core_proxy,40,0.2,1000,true,23.62500,171.67461,149.05169
aluminum_core_proxy,40,0.2,1000,true,25.87500,172.74910,150.01138
aluminum_core_proxy,40,0.2,1000,true,28.12500,173.93191,151.02115
aluminum_core_proxy,40,0.2,1000,true,30.37500,175.22321,152.03738
aluminum_core_proxy,40,0.2,1000,true,32.62500,176.39258,152.98440
aluminum_core_proxy,40,0.2,1000,true,34.87500,177.34375,153.80739
aluminum_core_proxy,40,0.2,1000,true,37.12500,178.09565,154.48381
aluminum_core_proxy,40,0.2,1000,true,39.37500,178.66371,155.00706
aluminum_core_proxy,40,0.2,1000,true,41.62500,179.06064,155.37805
aluminum_core_proxy,40,0.2,1000,true,43.87500,179.29708,155.60104
aluminum_core_proxy,40,0.2,1000,true,46.12500,179.38200,155.68149
aluminum_core_proxy,40,0.2,1000,true,48.37500,179.32305,155.62511
aluminum_core_proxy,40,0.2,1000,true,50.62500,179.12677,155.43737
aluminum_core_proxy,40,0.2,1000,true,52.87500,178.79880,155.12333
aluminum_core_proxy,40,0.2,1000,true,55.12500,178.34402,154.68765
aluminum_core_proxy,40,0.2,1000,true,57.37500,177.76668,154.13468
aluminum_core_proxy,40,0.2,1000,true,59.62500,177.07047,153.46865
aluminum_core_proxy,40,0.2,1000,true,61.87500,176.25862,152.69394
aluminum_core_proxy,40,0.2,1000,true,64.12500,175.33395,151.81566
aluminum_core_proxy,40,0.2,1000,true,66.37500,174.29890,150.84048
aluminum_core_proxy,40,0.2,1000,true,68.62500,173.15555,149.77824
aluminum_core_proxy,40,0.2,1000,true,70.87500,171.90566,148.64462
aluminum_core_proxy,40,0.2,1000,true,73.12500,170.55060,147.46610
aluminum_core_proxy,40,0.2,1000,true,75.37500,169.09127,146.28865
aluminum_core_proxy,40,0.2,1000,true,77.62500,167.76245,145.19339
aluminum_core_proxy,40,0.2,1000,true,79.87500,166.67351,144.24367
aluminum_core_proxy,40,0.2,1000,true,82.12500,165.81601,143.47061
aluminum_core_proxy,40,0.2,1000,true,84.37500,165.18241,142.88809
aluminum_core_proxy,40,0.2,1000,true,86.62500,164.76595,142.50084
aluminum_core_proxy,40,0.2,1000,true,88.87500,164.56050,142.30868
aluminum_core_proxy,80,0.2,50,false,0.56250,234.94052,84.40936
aluminum_core_proxy,80,0.2,50,false,1.68750,234.96601,84.42042
aluminum_core_proxy,80,0.2,50,false,2.81250,235.01701,84.44253
aluminum_core_proxy,80,0.2,50,false,3.93750,235.09351,84.47567
aluminum_core_proxy,80,0.2,50,false,5.06250,235.19553,84.51979
aluminum_core_proxy,80,0.2,50,false,6.18750,235.32306,84.57485
aluminum_core_proxy,80,0.2,50,false,7.31250,235.47612,84.64076
aluminum_core_proxy,80,0.2,50,false,8.43750,235.65472,84.71745
aluminum_core_proxy,80,0.2,50,false,9.56250,235.85888,84.80480
aluminum_core_proxy,80,0.2,50,false,10.68750,236.08862,84.90268
aluminum_core_proxy,80,0.2,50,false,11.81250,236.34394,85.01090
aluminum_core_proxy,80,0.2,50,false,12.93750,236.62488,85.12929
aluminum_core_proxy,80,0.2,50,false,14.06250,236.93146,85.25758
aluminum_core_proxy,80,0.2,50,false,15.18750,237.26371,85.39549
aluminum_core_proxy,80,0.2,50,false,16.31250,237.62164,85.54268
aluminum_core_proxy,80,0.2,50,false,17.43750,238.00530,85.69873
aluminum_core_proxy,80,0.2,50,false,18.56250,238.41471,85.86318
aluminum_core_proxy,80,0.2,50,false,19.68750,238.84992,86.03547
aluminum_core_proxy,80,0.2,50,false,20.81250,239.31095,86.21493
aluminum_core_proxy,80,0.2,50,false,21.93750,239.79785,86.40082
aluminum_core_proxy,80,0.2,50,false,23.06250,240.31066,86.59225
aluminum_core_proxy,80,0.2,50,false,24.18750,240.84942,86.78821
aluminum_core_proxy,80,0.2,50,false,25.31250,241.41419,86.98754
aluminum_core_proxy,80,0.2,50,false,26.43750,242.00502,87.18889
aluminum_core_proxy,80,0.2,50,false,27.56250,242.62196,87.39073
aluminum_core_proxy,80,0.2,50,false,28.68750,243.26506,87.59132
aluminum_core_proxy,80,0.2,50,false,29.81250,243.93440,87.78866
aluminum_core_proxy,80,0.2,50,false,30.93750,244.60061,87.98050
aluminum_core_proxy,80,0.2,50,false,32.06250,245.20700,88.16455
aluminum_core_proxy,80,0.2,50,false,33.18750,245.75651,88.33896
aluminum_core_proxy,80,0.2,50,false,34.31250,246.25178,88.50227
aluminum_core_proxy,80,0.2,50,false,35.43750,246.69518,88.65333
aluminum_core_proxy,80,0.2,50,false,36.56250,247.08887,88.79123
aluminum_core_proxy,80,0.2,50,false,37.68750,247.43482,88.91529
aluminum_core_proxy,80,0.2,50,false,38.81250,247.73479,89.02503
aluminum_core_proxy,80,0.2,50,false,39.93750,247.99041,89.12007
aluminum_core_proxy,80,0.2,50,false,41.06250,248.20316,89.20019
aluminum_core_proxy,80,0.2,50,false,42.18750,248.37442,89.26525
aluminum_core_proxy,80,0.2,50,false,43.31250,248.50542,89.31521
aluminum_core_proxy,80,0.2,50,false,44.43750,248.59731,89.35008
aluminum_core_proxy,80,0.2,50,false,45.56250,248.65117,89.36993
aluminum_core_proxy,80,0.2,50,false,46.68750,248.66796,89.37487
aluminum_core_proxy,80,0.2,50,false,47.81250,248.64859,89.36506
aluminum_core_proxy,80,0.2,50,false,48.93750,248.59390,89.34068
aluminum_core_proxy,80,0.2,50,false,50.06250,248.50467,89.30193
aluminum_core_proxy,80,0.2,50,false,51.18750,248.38162,89.24904
aluminum_core_proxy,80,0.2,50,false,52.31250,248.22541,89.18227
aluminum_core_proxy,80,0.2,50,false,53.43750,248.03667,89.10188
aluminum_core_proxy,80,0.2,50,false,54.56250,247.81598,89.00817
aluminum_core_proxy,80,0.2,50,false,55.68750,247.56388,88.90145
aluminum_core_proxy,80,0.2,50,false,56.81250,247.28087,88.78207
aluminum_core_proxy,80,0.2,50,false,57.93750,246.96742,88.65041
aluminum_core_proxy,80,0.2,50,false,59.06250,246.62397,88.50686
aluminum_core_proxy,80,0.2,50,false,60.18750,246.25091,88.35190
aluminum_core_proxy,80,0.2,50,false,61.31250,245.84865,88.18602
aluminum_core_proxy,80,0.2,50,false,62.43750,245.41752,88.00979
aluminum_core_proxy,80,0.2,50,false,63.56250,244.95785,87.82386
aluminum_core_proxy,80,0.2,50,false,64.68750,244.46997,87.62893
aluminum_core_proxy,80,0.2,50,false,65.81250,243.95414,87.42583
aluminum_core_proxy,80,0.2,50,false,66.93750,243.41065,87.21549
aluminum_core_proxy,80,0.2,50,false,68.06250,242.83972,86.99895
aluminum_core_proxy,80,0.2,50,false,69.18750,242.24161,86.77744
aluminum_core_proxy,80,0.2,50,false,70.31250,241.61651,86.55230
aluminum_core_proxy,80,0.2,50,false,71.43750,240.96463,86.32512
aluminum_core_proxy,80,0.2,50,false,72.56250,240.28614,86.09765
aluminum_core_proxy,80,0.2,50,false,73.68750,239.58121,85.87192
aluminum_core_proxy,80,0.2,50,false,74.81250,238.85000,85.65021
aluminum_core_proxy,80,0.2,50,false,75.93750,238.12216,85.43512
aluminum_core_proxy,80,0.2,50,false,77.06250,237.45603,85.22932
aluminum_core_proxy,80,0.2,50,false,78.18750,236.85048,85.03504
aluminum_core_proxy,80,0.2,50,false,79.31250,236.30442,84.85414
aluminum_core_proxy,80,0.2,50,false,80.43750,235.81685,84.68817
aluminum_core_proxy,80,0.2,50,false,81.56250,235.38679,84.53838
aluminum_core_proxy,80,0.2,50,false,82.68750,235.01332,84.40577
aluminum_core_proxy,80,0.2,50,false,83.81250,234.69553,84.29112
aluminum_core_proxy,80,0.2,50,false,84.93750,234.43261,84.19501
aluminum_core_proxy,80,0.2,50,false,86.06250,234.22373,84.11787
aluminum_core_proxy,80,0.2,50,false,87.18750,234.06814,84.05996
aluminum_core_proxy,80,0.2,50,false,88.31250,233.96510,84.02139
aluminum_core_proxy,80,0.2,50,false,89.43750,233.91391,84.00217
aluminum_core_proxy,80,0.2,50,true,0.56250,235.20890,NaN
aluminum_core_proxy,80,0.2,50,true,1.68750,235.23915,NaN
aluminum_core_proxy,80,0.2,50,true,2.81250,235.29970,NaN
aluminum_core_proxy,80,0.2,50,true,3.93750,235.39070,NaN
aluminum_core_proxy,80,0.2,50,true,5.06250,235.51231,NaN
aluminum_core_proxy,80,0.2,50,true,6.18750,235.65399,NaN
aluminum_core_proxy,80,0.2,50,true,7.31250,235.80938,NaN
aluminum_core_proxy,80,0.2,50,true,8.43750,235.98041,NaN
aluminum_core_proxy,80,0.2,50,true,9.56250,236.16827,87.37361
aluminum_core_proxy,80,0.2,50,true,10.68750,236.38330,86.98309
aluminum_core_proxy,80,0.2,50,true,11.81250,236.62524,86.69837
aluminum_core_proxy,80,0.2,50,true,12.93750,236.89390,86.49913
aluminum_core_proxy,80,0.2,50,true,14.06250,237.18913,86.36991
aluminum_core_proxy,80,0.2,50,true,15.18750,237.51085,86.29865
aluminum_core_proxy,80,0.2,50,true,16.31250,237.85899,86.27579
aluminum_core_proxy,80,0.2,50,true,17.43750,238.23349,86.29359
aluminum_core_proxy,80,0.2,50,true,18.56250,238.63433,86.34567
aluminum_core_proxy,80,0.2,50,true,19.68750,239.06147,86.42671
aluminum_core_proxy,80,0.2,50,true,20.81250,239.51492,86.53218
aluminum_core_proxy,80,0.2,50,true,21.93750,239.99466,86.65816
aluminum_core_proxy,80,0.2,50,true,23.06250,240.50072,86.80117
aluminum_core_proxy,80,0.2,50,true,24.18750,241.03309,86.95807
aluminum_core_proxy,80,0.2,50,true,25.31250,241.59181,87.12595
aluminum_core_proxy,80,0.2,50,true,26.43750,242.17689,87.30203
aluminum_core_proxy,80,0.2,50,true,27.56250,242.78838,87.48361
aluminum_core_proxy,80,0.2,50,true,28.68750,243.42631,87.66798
aluminum_core_proxy,80,0.2,50,true,29.81250,244.09072,87.85236
aluminum_core_proxy,80,0.2,50,true,30.93750,244.75224,88.03384
aluminum_core_proxy,80,0.2,50,true,32.06250,245.35416,88.20962
aluminum_core_proxy,80,0.2,50,true,33.18750,245.89941,88.37744
aluminum_core_proxy,80,0.2,50,true,34.31250,246.39061,88.53548
aluminum_core_proxy,80,0.2,50,true,35.43750,246.83014,88.68232
aluminum_core_proxy,80,0.2,50,true,36.56250,247.22013,88.81683
aluminum_core_proxy,80,0.2,50,true,37.68750,247.56254,88.93817
aluminum_core_proxy,80,0.2,50,true,38.81250,247.85912,89.04568
aluminum_core_proxy,80,0.2,50,true,39.93750,248.11151,89.13890
aluminum_core_proxy,80,0.2,50,true,41.06250,248.32118,89.21753
aluminum_core_proxy,80,0.2,50,true,42.18750,248.48948,89.28134
aluminum_core_proxy,80,0.2,50,true,43.31250,248.61765,89.33024
aluminum_core_proxy,80,0.2,50,true,44.43750,248.70684,89.36421
aluminum_core_proxy,80,0.2,50,true,45.56250,248.75811,89.38327
aluminum_core_proxy,80,0.2,50,true,46.68750,248.77243,89.38753
aluminum_core_proxy,80,0.2,50,true,47.81250,248.75069,89.37711
aluminum_core_proxy,80,0.2,50,true,48.93750,248.69374,89.35218
aluminum_core_proxy,80,0.2,50,true,50.06250,248.60235,89.31293
aluminum_core_proxy,80,0.2,50,true,51.18750,248.47722,89.25958
aluminum_core_proxy,80,0.2,50,true,52.31250,248.31904,89.19239
aluminum_core_proxy,80,0.2,50,true,53.43750,248.12841,89.11161
aluminum_core_proxy,80,0.2,50,true,54.56250,247.90592,89.01753
aluminum_core_proxy,80,0.2,50,true,55.68750,247.65210,88.91047
aluminum_core_proxy,80,0.2,50,true,56.81250,247.36745,88.79077
aluminum_core_proxy,80,0.2,50,true,57.93750,247.05244,88.65879
aluminum_core_proxy,80,0.2,50,true,59.06250,246.70750,88.51496
aluminum_core_proxy,80,0.2,50,true,60.18750,246.33303,88.35973
aluminum_core_proxy,80,0.2,50,true,61.31250,245.92942,88.19359
aluminum_core_proxy,80,0.2,50,true,62.43750,245.49701,88.01712
aluminum_core_proxy,80,0.2,50,true,63.56250,245.03614,87.83096
aluminum_core_proxy,80,0.2,50,true,64.68750,244.54710,87.63582
aluminum_core_proxy,80,0.2,50,true,65.81250,244.03020,87.43251
aluminum_core_proxy,80,0.2,50,true,66.93750,243.48568,87.22198
aluminum_core_proxy,80,0.2,50,true,68.06250,242.91379,87.00527
aluminum_core_proxy,80,0.2,50,true,69.18750,242.31477,86.78358
aluminum_core_proxy,80,0.2,50,true,70.31250,241.68883,86.55829
aluminum_core_proxy,80,0.2,50,true,71.43750,241.03615,86.33096
aluminum_core_proxy,80,0.2,50,true,72.56250,240.35693,86.10336
aluminum_core_proxy,80,0.2,50,true,73.68750,239.65131,85.87750
aluminum_core_proxy,80,0.2,50,true,74.81250,238.91946,85.65567
aluminum_core_proxy,80,0.2,50,true,75.93750,238.19105,85.44048
aluminum_core_proxy,80,0.2,50,true,77.06250,237.52438,85.23458
aluminum_core_proxy,80,0.2,50,true,78.18750,236.91834,85.04021
aluminum_core_proxy,80,0.2,50,true,79.31250,236.37185,84.85924
aluminum_core_proxy,80,0.2,50,true,80.43750,235.88389,84.69320
aluminum_core_proxy,80,0.2,50,true,81.56250,235.45349,84.54334
aluminum_core_proxy,80,0.2,50,true,82.68750,235.07971,84.41067
aluminum_core_proxy,80,0.2,50,true,83.81250,234.76167,84.29597
aluminum_core_proxy,80,0.2,50,true,84.93750,234.49854,84.19983
aluminum_core_proxy,80,0.2,50,true,86.06250,234.28950,84.12266
aluminum_core_proxy,80,0.2,50,true,87.18750,234.13378,84.06472
aluminum_core_proxy,80,0.2,50,true,88.31250,234.03066,84.02614
aluminum_core_proxy,80,0.2,50,true,89.43750,233.97943,84.00692
aluminum_core_proxy,80,0.2,200,false,0.56250,185.52652,125.91029
aluminum_core_proxy,80,0.2,200,false,1.68750,185.55189,125.93125
aluminum_core_proxy,80,0.2,200,false,2.81250,185.60262,125.97316
aluminum_core_proxy,80,0.2,200,false,3.93750,185.67873,126.03599
aluminum_core_proxy,80,0.2,200,false,5.06250,185.78021,126.11971
aluminum_core_proxy,80,0.2,200,false,6.18750,185.90709,126.22426
aluminum_core_proxy,80,0.2,200,false,7.31250,186.05936,126.34956
aluminum_core_proxy,80,0.2,200,false,8.43750,186.23704,126.49553
aluminum_core_proxy,80,0.2,200,false,9.56250,186.44015,126.66203
aluminum_core_proxy,80,0.2,200,false,10.68750,186.66870,126.84892
aluminum_core_proxy,80,0.2,200,false,11.81250,186.92272,127.05599
aluminum_core_proxy,80,0.2,200,false,12.93750,187.20222,127.28300
aluminum_core_proxy,80,0.2,200,false,14.06250,187.50724,127.52965
aluminum_core_proxy,80,0.2,200,false,15.18750,187.83780,127.79556
aluminum_core_proxy,80,0.2,200,false,16.31250,188.19393,128.08028
aluminum_core_proxy,80,0.2,200,false,17.43750,188.57566,128.38323
aluminum_core_proxy,80,0.2,200,false,18.56250,188.98303,128.70374
aluminum_core_proxy,80,0.2,200,false,19.68750,189.41609,129.04095
aluminum_core_proxy,80,0.2,200,false,20.81250,189.87487,129.39385
aluminum_core_proxy,80,0.2,200,false,21.93750,190.35943,129.76120
aluminum_core_proxy,80,0.2,200,false,23.06250,190.86981,130.14150
aluminum_core_proxy,80,0.2,200,false,24.18750,191.40608,130.53294
aluminum_core_proxy,80,0.2,200,false,25.31250,191.96829,130.93334
aluminum_core_proxy,80,0.2,200,false,26.43750,192.55653,131.34007
aluminum_core_proxy,80,0.2,200,false,27.56250,193.17087,131.74996
aluminum_core_proxy,80,0.2,200,false,28.68750,193.81139,132.15923
aluminum_core_proxy,80,0.2,200,false,29.81250,194.47820,132.56330
aluminum_core_proxy,80,0.2,200,false,30.93750,195.14198,132.95673
aluminum_core_proxy,80,0.2,200,false,32.06250,195.74608,133.33386
aluminum_core_proxy,80,0.2,200,false,33.18750,196.29349,133.69047
aluminum_core_proxy,80,0.2,200,false,34.31250,196.78686,134.02337
aluminum_core_proxy,80,0.2,200,false,35.43750,197.22859,134.33026
aluminum_core_proxy,80,0.2,200,false,36.56250,197.62085,134.60949
aluminum_core_proxy,80,0.2,200,false,37.68750,197.96559,134.85993
aluminum_core_proxy,80,0.2,200,false,38.81250,198.26460,135.08086
aluminum_core_proxy,80,0.2,200,false,39.93750,198.51951,135.27188
aluminum_core_proxy,80,0.2,200,false,41.06250,198.73179,135.43279
aluminum_core_proxy,80,0.2,200,false,42.18750,198.90282,135.56363
aluminum_core_proxy,80,0.2,200,false,43.31250,199.03383,135.66453
aluminum_core_proxy,80,0.2,200,false,44.43750,199.12597,135.73574
aluminum_core_proxy,80,0.2,200,false,45.56250,199.18029,135.77760
aluminum_core_proxy,80,0.2,200,false,46.68750,199.19778,135.79049
aluminum_core_proxy,80,0.2,200,false,47.81250,199.17933,135.77481
aluminum_core_proxy,80,0.2,200,false,48.93750,199.12577,135.73103
aluminum_core_proxy,80,0.2,200,false,50.06250,199.03788,135.65961
aluminum_core_proxy,80,0.2,200,false,51.18750,198.91637,135.56102
aluminum_core_proxy,80,0.2,200,false,52.31250,198.76190,135.43577
aluminum_core_proxy,80,0.2,200,false,53.43750,198.57509,135.28435
aluminum_core_proxy,80,0.2,200,false,54.56250,198.35653,135.10729
aluminum_core_proxy,80,0.2,200,false,55.68750,198.10673,134.90512
aluminum_core_proxy,80,0.2,200,false,56.81250,197.82620,134.67841
aluminum_core_proxy,80,0.2,200,false,57.93750,197.51540,134.42775
aluminum_core_proxy,80,0.2,200,false,59.06250,197.17476,134.15377
aluminum_core_proxy,80,0.2,200,false,60.18750,196.80469,133.85718
aluminum_core_proxy,80,0.2,200,false,61.31250,196.40555,133.53873
aluminum_core_proxy,80,0.2,200,false,62.43750,195.97769,133.19930
aluminum_core_proxy,80,0.2,200,false,63.56250,195.52144,132.83985
aluminum_core_proxy,80,0.2,200,false,64.68750,195.03710,132.46152
aluminum_core_proxy,80,0.2,200,false,65.81250,194.52494,132.06560
aluminum_core_proxy,80,0.2,200,false,66.93750,193.98521,131.65362
aluminum_core_proxy,80,0.2,200,false,68.06250,193.41815,131.22736
aluminum_core_proxy,80,0.2,200,false,69.18750,192.82398,130.78896
aluminum_core_proxy,80,0.2,200,false,70.31250,192.20288,130.34093
aluminum_core_proxy,80,0.2,200,false,71.43750,191.55503,129.88626
aluminum_core_proxy,80,0.2,200,false,72.56250,190.88058,129.42854
aluminum_core_proxy,80,0.2,200,false,73.68750,190.17967,128.97203
aluminum_core_proxy,80,0.2,200,false,74.81250,189.45239,128.52185
aluminum_core_proxy,80,0.2,200,false,75.93750,188.72837,128.08413
aluminum_core_proxy,80,0.2,200,false,77.06250,188.06588,127.66527
aluminum_core_proxy,80,0.2,200,false,78.18750,187.46374,127.27038
aluminum_core_proxy,80,0.2,200,false,79.31250,186.92086,126.90347
aluminum_core_proxy,80,0.2,200,false,80.43750,186.43618,126.56768
aluminum_core_proxy,80,0.2,200,false,81.56250,186.00871,126.26543
aluminum_core_proxy,80,0.2,200,false,82.68750,185.63752,125.99855
aluminum_core_proxy,80,0.2,200,false,83.81250,185.32171,125.76838
aluminum_core_proxy,80,0.2,200,false,84.93750,185.06043,125.57589
aluminum_core_proxy,80,0.2,200,false,86.06250,184.85287,125.42167
aluminum_core_proxy,80,0.2,200,false,87.18750,184.69826,125.30606
aluminum_core_proxy,80,0.2,200,false,88.31250,184.59587,125.22916
aluminum_core_proxy,80,0.2,200,false,89.43750,184.54501,125.19086
aluminum_core_proxy,80,0.2,200,true,0.56250,186.87735,NaN
aluminum_core_proxy,80,0.2,200,true,1.68750,186.89992,NaN
aluminum_core_proxy,80,0.2,200,true,2.81250,186.94510,NaN
aluminum_core_proxy,80,0.2,200,true,3.93750,187.01300,NaN
aluminum_core_proxy,80,0.2,200,true,5.06250,187.10376,NaN
aluminum_core_proxy,80,0.2,200,true,6.18750,187.21039,NaN
aluminum_core_proxy,80,0.2,200,true,7.31250,187.32869,NaN
aluminum_core_proxy,80,0.2,200,true,8.43750,187.45994,NaN
aluminum_core_proxy,80,0.2,200,true,9.56250,187.60492,128.59353
aluminum_core_proxy,80,0.2,200,true,10.68750,187.78157,128.49459
aluminum_core_proxy,80,0.2,200,true,11.81250,187.98874,128.47565
aluminum_core_proxy,80,0.2,200,true,12.93750,188.22559,128.52215
aluminum_core_proxy,80,0.2,200,true,14.06250,188.49149,128.62332
aluminum_core_proxy,80,0.2,200,true,15.18750,188.78598,128.77100
aluminum_core_proxy,80,0.2,200,true,16.31250,189.10868,128.95887
aluminum_core_proxy,80,0.2,200,true,17.43750,189.45931,129.18185
aluminum_core_proxy,80,0.2,200,true,18.56250,189.83763,129.43581
aluminum_core_proxy,80,0.2,200,true,19.68750,190.24347,129.71720
aluminum_core_proxy,80,0.2,200,true,20.81250,190.67669,130.02290
aluminum_core_proxy,80,0.2,200,true,21.93750,191.13718,130.34999
aluminum_core_proxy,80,0.2,200,true,23.06250,191.62485,130.69568
aluminum_core_proxy,80,0.2,200,true,24.18750,192.13966,131.05710
aluminum_core_proxy,80,0.2,200,true,25.31250,192.68155,131.43123
aluminum_core_proxy,80,0.2,200,true,26.43750,193.25051,131.81477
aluminum_core_proxy,80,0.2,200,true,27.56250,193.84655,132.20404
aluminum_core_proxy,80,0.2,200,true,28.68750,194.46967,132.59481
aluminum_core_proxy,80,0.2,200,true,29.81250,195.11992,132.98216
aluminum_core_proxy,80,0.2,200,true,30.93750,195.76793,133.36035
aluminum_core_proxy,80,0.2,200,true,32.06250,196.35699,133.72352
aluminum_core_proxy,80,0.2,200,true,33.18750,196.89005,134.06724
aluminum_core_proxy,80,0.2,200,true,34.31250,197.36971,134.38820
aluminum_core_proxy,80,0.2,200,true,35.43750,197.79835,134.68396
aluminum_core_proxy,80,0.2,200,true,36.56250,198.17809,134.95276
aluminum_core_proxy,80,0.2,200,true,37.68750,198.51086,135.19342
aluminum_core_proxy,80,0.2,200,true,38.81250,198.79842,135.40512
aluminum_core_proxy,80,0.2,200,true,39.93750,199.04237,135.58741
aluminum_core_proxy,80,0.2,200,true,41.06250,199.24416,135.74007
aluminum_core_proxy,80,0.2,200,true,42.18750,199.40514,135.86307
aluminum_core_proxy,80,0.2,200,true,43.31250,199.52653,135.95652
aluminum_core_proxy,80,0.2,200,true,44.43750,199.60946,136.02065
aluminum_core_proxy,80,0.2,200,true,45.56250,199.65496,136.05576
aluminum_core_proxy,80,0.2,200,true,46.68750,199.66400,136.06221
aluminum_core_proxy,80,0.2,200,true,47.81250,199.63746,136.04040
aluminum_core_proxy,80,0.2,200,true,48.93750,199.57616,135.99077
aluminum_core_proxy,80,0.2,200,true,50.06250,199.48086,135.91377
aluminum_core_proxy,80,0.2,200,true,51.18750,199.35225,135.80986
aluminum_core_proxy,80,0.2,200,true,52.31250,199.19100,135.67952
aluminum_core_proxy,80,0.2,200,true,53.43750,198.99771,135.52326
aluminum_core_proxy,80,0.2,200,true,54.56250,198.77294,135.34158
aluminum_core_proxy,80,0.2,200,true,55.68750,198.51723,135.13502
aluminum_core_proxy,80,0.2,200,true,56.81250,198.23105,134.90411
aluminum_core_proxy,80,0.2,200,true,57.93750,197.91486,134.64946
aluminum_core_proxy,80,0.2,200,true,59.06250,197.56909,134.37169
aluminum_core_proxy,80,0.2,200,true,60.18750,197.19413,134.07148
aluminum_core_proxy,80,0.2,200,true,61.31250,196.79034,133.74961
aluminum_core_proxy,80,0.2,200,true,62.43750,196.35807,133.40693
aluminum_core_proxy,80,0.2,200,true,63.56250,195.89763,133.04441
aluminum_core_proxy,80,0.2,200,true,64.68750,195.40931,132.66316
aluminum_core_proxy,80,0.2,200,true,65.81250,194.89340,132.26449
aluminum_core_proxy,80,0.2,200,true,66.93750,194.35012,131.84991
aluminum_core_proxy,80,0.2,200,true,68.06250,193.77973,131.42122
aluminum_core_proxy,80,0.2,200,true,69.18750,193.18241,130.98053
aluminum_core_proxy,80,0.2,200,true,70.31250,192.55837,130.53035
aluminum_core_proxy,80,0.2,200,true,71.43750,191.90776,130.07367
aluminum_core_proxy,80,0.2,200,true,72.56250,191.23074,129.61408
aluminum_core_proxy,80,0.2,200,true,73.68750,190.52744,129.15584
aluminum_core_proxy,80,0.2,200,true,74.81250,189.79796,128.70406
aluminum_core_proxy,80,0.2,200,true,75.93750,189.07191,128.26486
aluminum_core_proxy,80,0.2,200,true,77.06250,188.40756,127.84466
aluminum_core_proxy,80,0.2,200,true,78.18750,187.80373,127.44854
aluminum_core_proxy,80,0.2,200,true,79.31250,187.25933,127.08053
aluminum_core_proxy,80,0.2,200,true,80.43750,186.77329,126.74375
aluminum_core_proxy,80,0.2,200,true,81.56250,186.34462,126.44064
aluminum_core_proxy,80,0.2,200,true,82.68750,185.97239,126.17300
aluminum_core_proxy,80,0.2,200,true,83.81250,185.65569,125.94220
aluminum_core_proxy,80,0.2,200,true,84.93750,185.39368,125.74917
aluminum_core_proxy,80,0.2,200,true,86.06250,185.18554,125.59453
aluminum_core_proxy,80,0.2,200,true,87.18750,185.03049,125.47861
aluminum_core_proxy,80,0.2,200,true,88.31250,184.92782,125.40151
aluminum_core_proxy,80,0.2,200,true,89.43750,184.87682,125.36311
aluminum_core_proxy,80,0.2,1000,false,0.56250,165.20261,142.93979
aluminum_core_proxy,80,0.2,1000,false,1.68750,165.22797,142.96427
aluminum_core_proxy,80,0.2,1000,false,2.81250,165.27868,143.01322
aluminum_core_proxy,80,0.2,1000,false,3.93750,165.35477,143.08664
aluminum_core_proxy,80,0.2,1000,false,5.06250,165.45622,143.18452
aluminum_core_proxy,80,0.2,1000,false,6.18750,165.58304,143.30686
aluminum_core_proxy,80,0.2,1000,false,7.31250,165.73524,143.45363
aluminum_core_proxy,80,0.2,1000,false,8.43750,165.91284,143.62483
aluminum_core_proxy,80,0.2,1000,false,9.56250,166.11584,143.82041
aluminum_core_proxy,80,0.2,1000,false,10.68750,166.34425,144.04034
aluminum_core_proxy,80,0.2,1000,false,11.81250,166.59808,144.28455
aluminum_core_proxy,80,0.2,1000,false,12.93750,166.87737,144.55297
aluminum_core_proxy,80,0.2,1000,false,14.06250,167.18211,144.84547
aluminum_core_proxy,80,0.2,1000,false,15.18750,167.51234,145.16191
aluminum_core_proxy,80,0.2,1000,false,16.31250,167.86806,145.50207
aluminum_core_proxy,80,0.2,1000,false,17.43750,168.24932,145.86568
aluminum_core_proxy,80,0.2,1000,false,18.56250,168.65613,146.25234
aluminum_core_proxy,80,0.2,1000,false,19.68750,169.08853,146.66155
aluminum_core_proxy,80,0.2,1000,false,20.81250,169.54655,147.09260
aluminum_core_proxy,80,0.2,1000,false,21.93750,170.03022,147.54458
aluminum_core_proxy,80,0.2,1000,false,23.06250,170.53960,148.01625
aluminum_core_proxy,80,0.2,1000,false,24.18750,171.07473,148.50594
aluminum_core_proxy,80,0.2,1000,false,25.31250,171.63567,149.01144
aluminum_core_proxy,80,0.2,1000,false,26.43750,172.22250,149.52978
aluminum_core_proxy,80,0.2,1000,false,27.56250,172.83529,150.05702
aluminum_core_proxy,80,0.2,1000,false,28.68750,173.47416,150.58787
aluminum_core_proxy,80,0.2,1000,false,29.81250,174.13922,151.11528
aluminum_core_proxy,80,0.2,1000,false,30.93750,174.80122,151.62985
aluminum_core_proxy,80,0.2,1000,false,32.06250,175.40357,152.12151
aluminum_core_proxy,80,0.2,1000,false,33.18750,175.94927,152.58359
aluminum_core_proxy,80,0.2,1000,false,34.31250,176.44099,153.01174
aluminum_core_proxy,80,0.2,1000,false,35.43750,176.88113,153.40326
aluminum_core_proxy,80,0.2,1000,false,36.56250,177.27186,153.75663
aluminum_core_proxy,80,0.2,1000,false,37.68750,177.61513,154.07111
aluminum_core_proxy,80,0.2,1000,false,38.81250,177.91272,154.34650
aluminum_core_proxy,80,0.2,1000,false,39.93750,178.16623,154.58301
aluminum_core_proxy,80,0.2,1000,false,41.06250,178.37715,154.78104
aluminum_core_proxy,80,0.2,1000,false,42.18750,178.54682,154.94119
aluminum_core_proxy,80,0.2,1000,false,43.31250,178.67649,155.06412
aluminum_core_proxy,80,0.2,1000,false,44.43750,178.76729,155.15055
aluminum_core_proxy,80,0.2,1000,false,45.56250,178.82028,155.20123
aluminum_core_proxy,80,0.2,1000,false,46.68750,178.83642,155.21689
aluminum_core_proxy,80,0.2,1000,false,47.81250,178.81662,155.19825
aluminum_core_proxy,80,0.2,1000,false,48.93750,178.76170,155.14603
aluminum_core_proxy,80,0.2,1000,false,50.06250,178.67244,155.06089
aluminum_core_proxy,80,0.2,1000,false,51.18750,178.54956,154.94349
aluminum_core_proxy,80,0.2,1000,false,52.31250,178.39372,154.79444
aluminum_core_proxy,80,0.2,1000,false,53.43750,178.20554,154.61435
aluminum_core_proxy,80,0.2,1000,false,54.56250,177.98561,154.40378
aluminum_core_proxy,80,0.2,1000,false,55.68750,177.73446,154.16328
aluminum_core_proxy,80,0.2,1000,false,56.81250,177.45260,153.89339
aluminum_core_proxy,80,0.2,1000,false,57.93750,177.14049,153.59466
aluminum_core_proxy,80,0.2,1000,false,59.06250,176.79859,153.26760
aluminum_core_proxy,80,0.2,1000,false,60.18750,176.42729,152.91278
aluminum_core_proxy,80,0.2,1000,false,61.31250,176.02699,152.53078
aluminum_core_proxy,80,0.2,1000,false,62.43750,175.59804,152.12223
aluminum_core_proxy,80,0.2,1000,false,63.56250,175.14078,151.68784
aluminum_core_proxy,80,0.2,1000,false,64.68750,174.65552,151.22844
aluminum_core_proxy,80,0.2,1000,false,65.81250,174.14255,150.74503
aluminum_core_proxy,80,0.2,1000,false,66.93750,173.60213,150.23880
aluminum_core_proxy,80,0.2,1000,false,68.06250,173.03451,149.71130
aluminum_core_proxy,80,0.2,1000,false,69.18750,172.43992,149.16445
aluminum_core_proxy,80,0.2,1000,false,70.31250,171.81856,148.60079
aluminum_core_proxy,80,0.2,1000,false,71.43750,171.17060,148.02359
aluminum_core_proxy,80,0.2,1000,false,72.56250,170.49618,147.43719
aluminum_core_proxy,80,0.2,1000,false,73.68750,169.79544,146.84735
aluminum_core_proxy,80,0.2,1000,false,74.81250,169.06845,146.26169
aluminum_core_proxy,80,0.2,1000,false,75.93750,168.34478,145.69043
aluminum_core_proxy,80,0.2,1000,false,77.06250,167.68263,145.14464
aluminum_core_proxy,80,0.2,1000,false,78.18750,167.08082,144.63218
aluminum_core_proxy,80,0.2,1000,false,79.31250,166.53821,144.15859
aluminum_core_proxy,80,0.2,1000,false,80.43750,166.05376,143.72771
aluminum_core_proxy,80,0.2,1000,false,81.56250,165.62647,143.34214
aluminum_core_proxy,80,0.2,1000,false,82.68750,165.25541,143.00357
aluminum_core_proxy,80,0.2,1000,false,83.81250,164.93969,142.71303
aluminum_core_proxy,80,0.2,1000,false,84.93750,164.67847,142.47108
aluminum_core_proxy,80,0.2,1000,false,86.06250,164.47096,142.27794
aluminum_core_proxy,80,0.2,1000,false,87.18750,164.31638,142.13357
aluminum_core_proxy,80,0.2,1000,false,88.31250,164.21401,142.03773
aluminum_core_proxy,80,0.2,1000,false,89.43750,164.16315,141.99006
aluminum_core_proxy,80,0.2,1000,true,0.56250,166.80198,NaN
aluminum_core_proxy,80,0.2,1000,true,1.68750,166.82262,NaN
aluminum_core_proxy,80,0.2,1000,true,2.81250,166.86394,NaN
aluminum_core_proxy,80,0.2,1000,true,3.93750,166.92604,NaN
aluminum_core_proxy,80,0.2,1000,true,5.06250,167.00904,NaN
aluminum_core_proxy,80,0.2,1000,true,6.18750,167.10711,NaN
aluminum_core_proxy,80,0.2,1000,true,7.31250,167.21675,NaN
aluminum_core_proxy,80,0.2,1000,true,8.43750,167.33900,NaN
aluminum_core_proxy,80,0.2,1000,true,9.56250,167.47454,145.54031
aluminum_core_proxy,80,0.2,1000,true,10.68750,167.64265,145.56767
aluminum_core_proxy,80,0.2,1000,true,11.81250,167.84205,145.66563
aluminum_core_proxy,80,0.2,1000,true,12.93750,168.07176,145.82031
aluminum_core_proxy,80,0.2,1000,true,14.06250,168.33106,146.02227
aluminum_core_proxy,80,0.2,1000,true,15.18750,168.61938,146.26496
aluminum_core_proxy,80,0.2,1000,true,16.31250,168.93628,146.54371
aluminum_core_proxy,80,0.2,1000,true,17.43750,169.28141,146.85511
aluminum_core_proxy,80,0.2,1000,true,18.56250,169.65447,147.19655
aluminum_core_proxy,80,0.2,1000,true,19.68750,170.05525,147.56593
aluminum_core_proxy,80,0.2,1000,true,20.81250,170.48355,147.96139
aluminum_core_proxy,80,0.2,1000,true,21.93750,170.93923,148.38116
aluminum_core_proxy,80,0.2,1000,true,23.06250,171.42218,148.82337
aluminum_core_proxy,80,0.2,1000,true,24.18750,171.93230,149.28588
aluminum_core_proxy,80,0.2,1000,true,25.31250,172.46954,149.76613
aluminum_core_proxy,80,0.2,1000,true,26.43750,173.03387,150.26088
aluminum_core_proxy,80,0.2,1000,true,27.56250,173.62528,150.76596
aluminum_core_proxy,80,0.2,1000,true,28.68750,174.24379,151.27592
aluminum_core_proxy,80,0.2,1000,true,29.81250,174.88946,151.78357
aluminum_core_proxy,80,0.2,1000,true,30.93750,175.53295,152.27940
aluminum_core_proxy,80,0.2,1000,true,32.06250,176.11764,152.75327
aluminum_core_proxy,80,0.2,1000,true,33.18750,176.64646,153.19841
aluminum_core_proxy,80,0.2,1000,true,34.31250,177.12204,153.61041
aluminum_core_proxy,80,0.2,1000,true,35.43750,177.54674,153.98652
aluminum_core_proxy,80,0.2,1000,true,36.56250,177.92269,154.32517
aluminum_core_proxy,80,0.2,1000,true,37.68750,178.25181,154.62558
aluminum_core_proxy,80,0.2,1000,true,38.81250,178.53583,154.88753
aluminum_core_proxy,80,0.2,1000,true,39.93750,178.77635,155.11116
aluminum_core_proxy,80,0.2,1000,true,41.06250,178.97481,155.29687
aluminum_core_proxy,80,0.2,1000,true,42.18750,179.13254,155.44521
aluminum_core_proxy,80,0.2,1000,true,43.31250,179.25076,155.55684
aluminum_core_proxy,80,0.2,1000,true,44.43750,179.33058,155.63245
aluminum_core_proxy,80,0.2,1000,true,45.56250,179.37304,155.67276
aluminum_core_proxy,80,0.2,1000,true,46.68750,179.37909,155.67849
aluminum_core_proxy,80,0.2,1000,true,47.81250,179.34961,155.65035
aluminum_core_proxy,80,0.2,1000,true,48.93750,179.28542,155.58901
aluminum_core_proxy,80,0.2,1000,true,50.06250,179.18728,155.49516
aluminum_core_proxy,80,0.2,1000,true,51.18750,179.05588,155.36941
aluminum_core_proxy,80,0.2,1000,true,52.31250,178.89189,155.21238
aluminum_core_proxy,80,0.2,1000,true,53.43750,178.69592,155.02466
aluminum_core_proxy,80,0.2,1000,true,54.56250,178.46852,154.80679
aluminum_core_proxy,80,0.2,1000,true,55.68750,178.21024,154.55932
aluminum_core_proxy,80,0.2,1000,true,56.81250,177.92156,154.28278
aluminum_core_proxy,80,0.2,1000,true,57.93750,177.60295,153.97770
aluminum_core_proxy,80,0.2,1000,true,59.06250,177.25484,153.64459
aluminum_core_proxy,80,0.2,1000,true,60.18750,176.87764,153.28401
aluminum_core_proxy,80,0.2,1000,true,61.31250,176.47171,152.89653
aluminum_core_proxy,80,0.2,1000,true,62.43750,176.03741,152.48277
aluminum_core_proxy,80,0.2,1000,true,63.56250,175.57507,152.04344
aluminum_core_proxy,80,0.2,1000,true,64.68750,175.08499,151.57936
aluminum_core_proxy,80,0.2,1000,true,65.81250,174.56745,151.09152
aluminum_core_proxy,80,0.2,1000,true,66.93750,174.02273,150.58112
aluminum_core_proxy,80,0.2,1000,true,68.06250,173.45105,150.04967
aluminum_core_proxy,80,0.2,1000,true,69.18750,172.85263,149.49912
aluminum_core_proxy,80,0.2,1000,true,70.31250,172.22768,148.93198
aluminum_core_proxy,80,0.2,1000,true,71.43750,171.57636,148.35153
aluminum_core_proxy,80,0.2,1000,true,72.56250,170.89882,147.76210
aluminum_core_proxy,80,0.2,1000,true,73.68750,170.19517,147.16944
aluminum_core_proxy,80,0.2,1000,true,74.81250,169.46549,146.58118
aluminum_core_proxy,80,0.2,1000,true,75.93750,168.73934,146.00753
aluminum_core_proxy,80,0.2,1000,true,77.06250,168.07493,145.45954
aluminum_core_proxy,80,0.2,1000,true,78.18750,167.47105,144.94508
aluminum_core_proxy,80,0.2,1000,true,79.31250,166.92658,144.46970
aluminum_core_proxy,80,0.2,1000,true,80.43750,166.44046,144.03722
aluminum_core_proxy,80,0.2,1000,true,81.56250,166.01171,143.65023
aluminum_core_proxy,80,0.2,1000,true,82.68750,165.63937,143.31043
aluminum_core_proxy,80,0.2,1000,true,83.81250,165.32257,143.01884
aluminum_core_proxy,80,0.2,1000,true,84.93750,165.06046,142.77603
aluminum_core_proxy,80,0.2,1000,true,86.06250,164.85223,142.58220
aluminum_core_proxy,80,0.2,1000,true,87.18750,164.69712,142.43732
aluminum_core_proxy,80,0.2,1000,true,88.31250,164.59440,142.34114
aluminum_core_proxy,80,0.2,1000,true,89.43750,164.54337,142.29330
