force_N,h_ref_W_m2K,bond_mm,bond_k_W_mK,face_mm,loss_W_K,pan_k_W_mK,chip_scale,t90_of_final_s,t90_of_pan_step_s,steady_error100_C,steady_error200_C,local_contact_error100_C,ramp_delay_s
0.2,250,0.05,0.2,0.15,0.0005,16,1,25.150,39.500,5.669557,10.112834,5.494783,11.073204
0.2,250,0.05,0.2,0.15,0.0005,16,1.8,26.550,41.700,5.690929,10.152873,5.516174,11.813442
0.2,250,0.05,0.2,0.15,0.0005,45,1,24.600,38.050,5.565283,9.928667,5.503047,10.834301
0.2,250,0.05,0.2,0.15,0.0005,45,1.8,26.000,40.200,5.586698,9.968784,5.524469,11.564226
0.2,250,0.05,0.2,0.15,0.0005,160,1,24.400,37.500,5.523846,9.855482,5.506331,10.739364
0.2,250,0.05,0.2,0.15,0.0005,160,1.8,25.750,39.600,5.545278,9.895630,5.527766,11.465191
0.2,250,0.05,0.2,0.15,0.002,16,1,22.550,NaN,13.051185,22.681162,12.600752,9.931564
0.2,250,0.05,0.2,0.15,0.002,16,1.8,23.800,NaN,13.070330,22.717420,12.619913,10.622519
0.2,250,0.05,0.2,0.15,0.002,45,1,22.100,NaN,12.810488,22.265406,12.649711,9.740372
0.2,250,0.05,0.2,0.15,0.002,45,1.8,23.350,NaN,12.829715,22.301807,12.668945,10.423073
0.2,250,0.05,0.2,0.15,0.002,160,1,21.900,NaN,12.714520,22.099642,12.669232,9.664142
0.2,250,0.05,0.2,0.15,0.002,160,1.8,23.200,NaN,12.733781,22.136100,12.688494,10.343552
0.2,250,0.05,0.2,0.15,0.01,16,1,14.550,NaN,35.487826,60.882907,34.199521,6.461523
0.2,250,0.05,0.2,0.15,0.01,16,1.8,15.500,NaN,35.500132,60.907548,34.211833,7.002688
0.2,250,0.05,0.2,0.15,0.01,45,1,14.350,NaN,35.045535,60.126029,34.582343,6.383177
0.2,250,0.05,0.2,0.15,0.01,45,1.8,15.300,NaN,35.057981,60.150910,34.594791,6.920960
0.2,250,0.05,0.2,0.15,0.01,160,1,14.300,NaN,34.867389,59.821175,34.736536,6.351620
0.2,250,0.05,0.2,0.15,0.01,160,1.8,15.250,NaN,34.879892,59.846152,34.749039,6.888042
0.2,250,0.05,0.2,0.35,0.0005,16,1,36.650,58.000,5.711287,10.191012,5.536550,16.081006
0.2,250,0.05,0.2,0.35,0.0005,16,1.8,38.050,60.250,5.732632,10.231002,5.557915,16.832847
0.2,250,0.05,0.2,0.35,0.0005,45,1,35.850,55.850,5.607097,10.006998,5.544875,15.730905
0.2,250,0.05,0.2,0.35,0.0005,45,1.8,37.250,58.050,5.628487,10.047066,5.566271,16.472443
0.2,250,0.05,0.2,0.35,0.0005,160,1,35.550,55.050,5.565694,9.933874,5.548183,15.591780
0.2,250,0.05,0.2,0.35,0.0005,160,1.8,36.900,57.200,5.587101,9.973973,5.569592,16.329224
0.2,250,0.05,0.2,0.35,0.002,16,1,32.800,NaN,13.088567,22.751956,12.638164,14.407989
0.2,250,0.05,0.2,0.35,0.002,16,1.8,34.100,NaN,13.107689,22.788170,12.657301,15.110597
0.2,250,0.05,0.2,0.35,0.002,45,1,32.150,NaN,12.848031,22.336481,12.687265,14.127806
0.2,250,0.05,0.2,0.35,0.002,45,1.8,33.450,NaN,12.867235,22.372839,12.706475,14.822170
0.2,250,0.05,0.2,0.35,0.002,160,1,31.900,NaN,12.752127,22.170829,12.706842,14.016095
0.2,250,0.05,0.2,0.35,0.002,160,1.8,33.150,NaN,12.771365,22.207243,12.726081,14.707172
0.2,250,0.05,0.2,0.35,0.01,16,1,21.100,NaN,35.511854,60.931020,34.223561,9.322844
0.2,250,0.05,0.2,0.35,0.01,16,1.8,22.050,NaN,35.524145,60.955631,34.235858,9.875827
0.2,250,0.05,0.2,0.35,0.01,45,1,20.850,NaN,35.069836,60.174610,34.606649,9.208033
0.2,250,0.05,0.2,0.35,0.01,45,1.8,21.800,NaN,35.082267,60.199461,34.619082,9.757638
0.2,250,0.05,0.2,0.35,0.01,160,1,20.750,NaN,34.891801,59.869945,34.760948,9.161789
0.2,250,0.05,0.2,0.35,0.01,160,1.8,21.650,NaN,34.904288,59.894892,34.773436,9.710034
0.2,250,0.05,0.9,0.15,0.0005,16,1,24.900,36.050,5.013904,8.884499,4.838540,10.828779
0.2,250,0.05,0.9,0.15,0.0005,16,1.8,26.100,37.850,5.035681,8.925299,4.860337,11.387309
0.2,250,0.05,0.9,0.15,0.0005,45,1,24.350,34.800,4.908287,8.697925,4.845842,10.589716
0.2,250,0.05,0.9,0.15,0.0005,45,1.8,25.500,36.550,4.930110,8.738804,4.867671,11.137737
0.2,250,0.05,0.9,0.15,0.0005,160,1,24.150,34.350,4.866317,8.623782,4.848743,10.494715
0.2,250,0.05,0.9,0.15,0.0005,160,1.8,25.300,36.050,4.888157,8.664694,4.870585,11.038560
0.2,250,0.05,0.9,0.15,0.002,16,1,22.250,NaN,12.463823,21.568814,12.012919,9.686354
0.2,250,0.05,0.9,0.15,0.002,16,1.8,23.350,NaN,12.483333,21.605761,12.032444,10.194664
0.2,250,0.05,0.9,0.15,0.002,45,1,21.850,NaN,12.220588,21.148633,12.059643,9.495025
0.2,250,0.05,0.9,0.15,0.002,45,1.8,22.900,NaN,12.240182,21.185728,12.079243,9.994924
0.2,250,0.05,0.9,0.15,0.002,160,1,21.650,NaN,12.123608,20.981103,12.078272,9.418740
0.2,250,0.05,0.9,0.15,0.002,160,1.8,22.700,NaN,12.143236,21.018257,12.097902,9.915285
0.2,250,0.05,0.9,0.15,0.01,16,1,14.250,NaN,35.110254,60.126878,33.821758,6.213587
0.2,250,0.05,0.9,0.15,0.01,16,1.8,15.000,NaN,35.122797,60.151992,33.834306,6.569244
0.2,250,0.05,0.9,0.15,0.01,45,1,14.100,NaN,34.663670,59.362633,34.200408,6.135173
0.2,250,0.05,0.9,0.15,0.01,45,1.8,14.800,NaN,34.676354,59.387992,34.213096,6.487384
0.2,250,0.05,0.9,0.15,0.01,160,1,14.000,NaN,34.483794,59.054811,34.352921,6.103590
0.2,250,0.05,0.9,0.15,0.01,160,1.8,14.750,NaN,34.496537,59.080268,34.365664,6.454413
0.2,250,0.05,0.9,0.35,0.0005,16,1,36.400,52.950,5.056426,8.964162,4.881100,15.835741
0.2,250,0.05,0.9,0.35,0.0005,16,1.8,37.600,54.800,5.078177,9.004912,4.902871,16.406094
0.2,250,0.05,0.9,0.35,0.0005,45,1,35.600,51.150,4.950896,8.777744,4.888464,15.485530
0.2,250,0.05,0.9,0.35,0.0005,45,1.8,36.750,52.950,4.972692,8.818574,4.910267,16.045385
0.2,250,0.05,0.9,0.35,0.0005,160,1,35.300,50.450,4.908960,8.703664,4.891391,15.346361
0.2,250,0.05,0.9,0.35,0.0005,160,1.8,36.450,52.200,4.930774,8.744525,4.913206,15.902044
0.2,250,0.05,0.9,0.35,0.002,16,1,32.550,NaN,12.501917,21.640956,12.051043,14.162169
0.2,250,0.05,0.9,0.35,0.002,16,1.8,33.650,NaN,12.521403,21.677859,12.070545,14.682355
0.2,250,0.05,0.9,0.35,0.002,45,1,31.900,NaN,12.258847,21.221062,12.097912,13.881886
0.2,250,0.05,0.9,0.35,0.002,45,1.8,32.950,NaN,12.278417,21.258112,12.117488,14.393669
0.2,250,0.05,0.9,0.35,0.002,160,1,31.650,NaN,12.161932,21.053647,12.116600,13.770134
0.2,250,0.05,0.9,0.35,0.002,160,1.8,32.700,NaN,12.181536,21.090755,12.136205,14.278568
0.2,250,0.05,0.9,0.35,0.01,16,1,20.850,NaN,35.134744,60.175914,33.846259,9.074842
0.2,250,0.05,0.9,0.35,0.01,16,1.8,21.550,NaN,35.147271,60.200997,33.858793,9.442544
0.2,250,0.05,0.9,0.35,0.01,45,1,20.550,NaN,34.688437,59.412147,34.225181,8.959973
0.2,250,0.05,0.9,0.35,0.01,45,1.8,21.300,NaN,34.701107,59.437475,34.237852,9.324232
0.2,250,0.05,0.9,0.35,0.01,160,1,20.450,NaN,34.508674,59.104517,34.377802,8.913706
0.2,250,0.05,0.9,0.35,0.01,160,1.8,21.200,NaN,34.521401,59.129943,34.390530,9.276578
0.2,250,0.05,2,0.15,0.0005,16,1,24.850,35.550,4.909743,8.689360,4.734286,10.789961
0.2,250,0.05,2,0.15,0.0005,16,1.8,26.000,37.300,4.931586,8.730281,4.756148,11.319625
0.2,250,0.05,2,0.15,0.0005,45,1,24.300,34.400,4.803913,8.502402,4.741434,10.550873
0.2,250,0.05,2,0.15,0.0005,45,1.8,25.450,36.050,4.825800,8.543403,4.763328,11.069996
0.2,250,0.05,2,0.15,0.0005,160,1,24.100,33.900,4.761857,8.428107,4.744275,10.455862
0.2,250,0.05,2,0.15,0.0005,160,1.8,25.200,35.550,4.783763,8.469140,4.766182,10.970797
0.2,250,0.05,2,0.15,0.002,16,1,22.250,NaN,12.370509,21.392095,11.919530,9.647411
0.2,250,0.05,2,0.15,0.002,16,1.8,23.250,NaN,12.390077,21.429153,11.939114,10.126704
0.2,250,0.05,2,0.15,0.002,45,1,21.800,NaN,12.126871,20.971211,11.965899,9.456060
0.2,250,0.05,2,0.15,0.002,45,1.8,22.800,NaN,12.146523,21.008417,11.985557,9.926917
0.2,250,0.05,2,0.15,0.002,160,1,21.600,NaN,12.029730,20.803400,11.984386,9.379766
0.2,250,0.05,2,0.15,0.002,160,1.8,22.650,NaN,12.049416,20.840665,12.004074,9.847260
0.2,250,0.05,2,0.15,0.01,16,1,14.250,NaN,35.050265,60.006758,33.761737,6.174208
0.2,250,0.05,2,0.15,0.01,16,1.8,14.900,NaN,35.062845,60.031947,33.774324,6.500391
0.2,250,0.05,2,0.15,0.01,45,1,14.050,NaN,34.602998,59.241342,34.139725,6.095783
0.2,250,0.05,2,0.15,0.01,45,1.8,14.750,NaN,34.615721,59.266777,34.152451,6.418510
0.2,250,0.05,2,0.15,0.01,160,1,14.000,NaN,34.422847,58.933048,34.291971,6.064196
0.2,250,0.05,2,0.15,0.01,160,1.8,14.650,NaN,34.435628,58.958582,34.304752,6.385530
0.2,250,0.05,2,0.35,0.0005,16,1,36.350,52.300,4.952392,8.769260,4.776972,15.796790
0.2,250,0.05,2,0.35,0.0005,16,1.8,37.550,54.100,4.974208,8.810131,4.798808,16.338312
0.2,250,0.05,2,0.35,0.0005,45,1,35.550,50.550,4.846649,8.582459,4.784184,15.446562
0.2,250,0.05,2,0.35,0.0005,45,1.8,36.700,52.250,4.868510,8.623410,4.806051,15.977554
0.2,250,0.05,2,0.35,0.0005,160,1,35.250,49.850,4.804628,8.508226,4.787049,15.307386
0.2,250,0.05,2,0.35,0.0005,160,1.8,36.350,51.550,4.826507,8.549210,4.808930,15.834193
0.2,250,0.05,2,0.35,0.002,16,1,32.500,NaN,12.408716,21.464453,11.957768,14.123130
0.2,250,0.05,2,0.35,0.002,16,1.8,33.550,NaN,12.428261,21.501466,11.977328,14.614334
0.2,250,0.05,2,0.35,0.002,45,1,31.850,NaN,12.165243,21.043857,12.004282,13.842830
0.2,250,0.05,2,0.35,0.002,45,1.8,32.900,NaN,12.184872,21.081017,12.023917,14.325607
0.2,250,0.05,2,0.35,0.002,160,1,31.600,NaN,12.068168,20.876161,12.022828,13.731072
0.2,250,0.05,2,0.35,0.002,160,1.8,32.650,NaN,12.087831,20.913380,12.042492,14.210489
0.2,250,0.05,2,0.35,0.01,16,1,20.800,NaN,35.074828,60.055942,33.786313,9.035452
0.2,250,0.05,2,0.35,0.01,16,1.8,21.500,NaN,35.087392,60.081100,33.798884,9.373716
0.2,250,0.05,2,0.35,0.01,45,1,20.550,NaN,34.627840,59.291005,34.164572,8.920574
0.2,250,0.05,2,0.35,0.01,45,1.8,21.200,NaN,34.640547,59.316409,34.177282,9.255385
0.2,250,0.05,2,0.35,0.01,160,1,20.400,NaN,34.447802,58.982904,34.316927,8.874303
0.2,250,0.05,2,0.35,0.01,160,1.8,21.100,NaN,34.460567,59.008407,34.329693,9.207724
0.2,250,0.2,0.2,0.15,0.0005,16,1,26.950,NaN,8.087445,14.642627,7.914845,12.431339
0.2,250,0.2,0.2,0.15,0.0005,16,1.8,29.300,NaN,8.107352,14.679922,7.934770,13.841699
0.2,250,0.2,0.2,0.15,0.0005,45,1,26.400,NaN,7.988061,14.467232,7.926601,12.188155
0.2,250,0.2,0.2,0.15,0.0005,45,1.8,28.700,NaN,8.008008,14.504599,7.946554,13.588908
0.2,250,0.2,0.2,0.15,0.0005,160,1,26.150,NaN,7.948568,14.397535,7.931272,12.091520
0.2,250,0.2,0.2,0.15,0.0005,160,1.8,28.500,NaN,7.968531,14.434930,7.951237,13.488455
0.2,250,0.2,0.2,0.15,0.002,16,1,24.300,NaN,15.216986,26.782761,14.768289,11.269323
0.2,250,0.2,0.2,0.15,0.002,16,1.8,26.550,NaN,15.234816,26.816528,14.786133,12.633778
0.2,250,0.2,0.2,0.15,0.002,45,1,23.850,NaN,14.985602,26.383242,14.825448,11.074739
0.2,250,0.2,0.2,0.15,0.002,45,1.8,26.100,NaN,15.003508,26.417142,14.843359,12.431506
0.2,250,0.2,0.2,0.15,0.002,160,1,23.650,NaN,14.893349,26.223954,14.848237,10.997158
0.2,250,0.2,0.2,0.15,0.002,160,1.8,25.900,NaN,14.911286,26.257907,14.866175,12.350861
0.2,250,0.2,0.2,0.15,0.01,16,1,16.250,NaN,36.879577,63.669676,35.591977,7.738624
0.2,250,0.2,0.2,0.15,0.01,16,1.8,18.300,NaN,36.891031,63.692612,35.603438,8.963609
0.2,250,0.2,0.2,0.15,0.01,45,1,16.050,NaN,36.453101,62.939930,35.990166,7.658930
0.2,250,0.2,0.2,0.15,0.01,45,1.8,18.100,NaN,36.464685,62.963089,36.001753,8.880767
0.2,250,0.2,0.2,0.15,0.01,160,1,16.000,NaN,36.281327,62.646006,36.150546,7.626832
0.2,250,0.2,0.2,0.15,0.01,160,1.8,18.050,NaN,36.292964,62.669255,36.162184,8.847401
0.2,250,0.2,0.2,0.35,0.0005,16,1,38.400,NaN,8.126315,14.715448,7.953750,17.447704
0.2,250,0.2,0.2,0.35,0.0005,16,1.8,40.650,NaN,8.146199,14.752700,7.973652,18.868871
0.2,250,0.2,0.2,0.35,0.0005,45,1,37.600,NaN,8.027009,14.540193,7.965561,17.093141
0.2,250,0.2,0.2,0.35,0.0005,45,1.8,39.800,NaN,8.046933,14.577516,7.985492,18.504711
0.2,250,0.2,0.2,0.35,0.0005,160,1,37.250,NaN,7.987547,14.470551,7.970255,16.952247
0.2,250,0.2,0.2,0.35,0.0005,160,1.8,39.500,NaN,8.007487,14.507903,7.990196,18.360003
0.2,250,0.2,0.2,0.35,0.002,16,1,34.500,NaN,15.251800,26.848693,14.803131,15.753487
0.2,250,0.2,0.2,0.35,0.002,16,1.8,36.650,NaN,15.269609,26.882420,14.820954,17.128795
0.2,250,0.2,0.2,0.35,0.002,45,1,33.850,NaN,15.020565,26.449434,14.860421,15.469783
0.2,250,0.2,0.2,0.35,0.002,45,1.8,36.000,NaN,15.038451,26.483294,14.878312,16.837412
0.2,250,0.2,0.2,0.35,0.002,160,1,33.600,NaN,14.928373,26.290249,14.883263,15.356671
0.2,250,0.2,0.2,0.35,0.002,160,1.8,35.750,NaN,14.946289,26.324163,14.901180,16.721239
0.2,250,0.2,0.2,0.35,0.01,16,1,22.700,NaN,36.901942,63.714459,35.614354,10.605762
0.2,250,0.2,0.2,0.35,0.01,16,1.8,24.650,NaN,36.913383,63.737368,35.625801,11.841747
0.2,250,0.2,0.2,0.35,0.01,45,1,22.450,NaN,36.475721,62.985149,36.012790,10.489570
0.2,250,0.2,0.2,0.35,0.01,45,1.8,24.350,NaN,36.487292,63.008281,36.024363,11.722411
0.2,250,0.2,0.2,0.35,0.01,160,1,22.350,NaN,36.304049,62.691401,36.173270,10.442771
0.2,250,0.2,0.2,0.35,0.01,160,1.8,24.250,NaN,36.315672,62.714623,36.184894,11.674346
0.2,250,0.2,0.9,0.15,0.0005,16,1,25.700,39.850,5.576646,9.938769,5.401788,11.321396
0.2,250,0.2,0.9,0.15,0.0005,16,1.8,27.100,42.000,5.598075,9.978915,5.423236,12.035888
0.2,250,0.2,0.9,0.15,0.0005,45,1,25.150,38.400,5.472181,9.754262,5.409916,11.077447
0.2,250,0.2,0.9,0.15,0.0005,45,1.8,26.500,40.500,5.493654,9.794486,5.431396,11.781597
0.2,250,0.2,0.9,0.15,0.0005,160,1,24.900,37.850,5.430669,9.680941,5.413146,10.980505
0.2,250,0.2,0.9,0.15,0.0005,160,1.8,26.250,39.900,5.452159,9.721197,5.434638,11.680546
0.2,250,0.2,0.9,0.15,0.002,16,1,23.000,NaN,12.967953,22.523537,12.517453,10.155638
0.2,250,0.2,0.9,0.15,0.002,16,1.8,24.300,NaN,12.987149,22.559891,12.536665,10.820713
0.2,250,0.2,0.9,0.15,0.002,45,1,22.550,NaN,12.726896,22.107154,12.566096,9.960406
0.2,250,0.2,0.9,0.15,0.002,45,1.8,23.800,NaN,12.746175,22.143653,12.585381,10.617205
0.2,250,0.2,0.9,0.15,0.002,160,1,22.400,NaN,12.630785,21.941139,12.585490,9.882565
0.2,250,0.2,0.9,0.15,0.002,160,1.8,23.650,NaN,12.650097,21.977696,12.604804,10.536065
0.2,250,0.2,0.9,0.15,0.01,16,1,14.850,NaN,35.434325,60.775781,34.145993,6.612240
0.2,250,0.2,0.9,0.15,0.01,16,1.8,15.800,NaN,35.446665,60.800488,34.158339,7.127121
0.2,250,0.2,0.9,0.15,0.01,45,1,14.700,NaN,34.991426,60.017859,34.528224,6.532237
0.2,250,0.2,0.9,0.15,0.01,45,1.8,15.600,NaN,35.003905,60.042807,34.540706,7.043727
0.2,250,0.2,0.9,0.15,0.01,160,1,14.600,NaN,34.813035,59.712584,34.682179,6.500013
0.2,250,0.2,0.9,0.15,0.01,160,1.8,15.550,NaN,34.825572,59.737629,34.694716,7.010137
0.2,250,0.2,0.9,0.35,0.0005,16,1,37.200,58.050,5.618487,10.017156,5.443667,16.334715
0.2,250,0.2,0.9,0.35,0.0005,16,1.8,38.600,60.250,5.639890,10.057253,5.465089,17.060839
0.2,250,0.2,0.9,0.35,0.0005,45,1,36.400,55.950,5.514108,9.832802,5.451856,15.979580
0.2,250,0.2,0.9,0.35,0.0005,45,1.8,37.750,58.100,5.535555,9.872978,5.473310,16.695375
0.2,250,0.2,0.9,0.35,0.0005,160,1,36.050,55.150,5.472629,9.759543,5.455110,15.838455
0.2,250,0.2,0.9,0.35,0.0005,160,1.8,37.400,57.250,5.494093,9.799750,5.476577,16.550144
0.2,250,0.2,0.9,0.35,0.002,16,1,33.300,NaN,13.005435,22.594521,12.554965,14.637641
0.2,250,0.2,0.9,0.35,0.002,16,1.8,34.550,NaN,13.024608,22.630831,12.574154,15.314401
0.2,250,0.2,0.9,0.35,0.002,45,1,32.650,NaN,12.764540,22.178420,12.603751,14.353428
0.2,250,0.2,0.9,0.35,0.002,45,1.8,33.900,NaN,12.783796,22.214875,12.623012,15.021921
0.2,250,0.2,0.9,0.35,0.002,160,1,32.400,NaN,12.668493,22.012518,12.623202,14.240111
0.2,250,0.2,0.9,0.35,0.002,160,1.8,33.650,NaN,12.687783,22.049030,12.642492,14.905307
0.2,250,0.2,0.9,0.35,0.01,16,1,21.450,NaN,35.458419,60.824024,34.170098,9.479304
0.2,250,0.2,0.9,0.35,0.01,16,1.8,22.350,NaN,35.470743,60.848701,34.182429,10.006035
0.2,250,0.2,0.9,0.35,0.01,45,1,21.150,NaN,35.015793,60.066571,34.552596,9.362839
0.2,250,0.2,0.9,0.35,0.01,45,1.8,22.100,NaN,35.028257,60.091490,34.565063,9.886183
0.2,250,0.2,0.9,0.35,0.01,160,1,21.050,NaN,34.837513,59.761486,34.706658,9.315930
0.2,250,0.2,0.9,0.35,0.01,160,1.8,21.950,NaN,34.850034,59.786501,34.719179,9.837909
0.2,250,0.2,2,0.15,0.0005,16,1,25.500,37.550,5.164858,9.167305,4.989630,11.140210
0.2,250,0.2,2,0.15,0.0005,16,1.8,26.750,39.450,5.186542,9.207929,5.011333,11.740579
0.2,250,0.2,2,0.15,0.0005,45,1,24.950,36.250,5.059551,8.981286,4.997154,10.896132
0.2,250,0.2,2,0.15,0.0005,45,1.8,26.150,38.100,5.081280,9.021990,5.018889,11.486036
0.2,250,0.2,2,0.15,0.0005,160,1,24.750,35.750,5.017704,8.907365,5.000144,10.799138
0.2,250,0.2,2,0.15,0.0005,160,1.8,25.950,37.550,5.039450,8.948100,5.021892,11.384884
0.2,250,0.2,2,0.15,0.002,16,1,22.850,NaN,12.599057,21.824920,12.148261,9.973821
0.2,250,0.2,2,0.15,0.002,16,1.8,23.950,NaN,12.618482,21.861709,12.167702,10.524185
0.2,250,0.2,2,0.15,0.002,45,1,22.400,NaN,12.356407,21.405759,12.195501,9.778480
0.2,250,0.2,2,0.15,0.002,45,1.8,23.500,NaN,12.375916,21.442694,12.215016,10.320468
0.2,250,0.2,2,0.15,0.002,160,1,22.200,NaN,12.259660,21.238636,12.214335,9.700595
0.2,250,0.2,2,0.15,0.002,160,1.8,23.300,NaN,12.279203,21.275629,12.233880,10.239245
0.2,250,0.2,2,0.15,0.01,16,1,14.650,NaN,35.197191,60.300956,33.908739,6.428286
0.2,250,0.2,2,0.15,0.01,16,1.8,15.450,NaN,35.209679,60.325961,33.921233,6.826658
0.2,250,0.2,2,0.15,0.01,45,1,14.500,NaN,34.751595,59.538407,34.288350,6.348231
0.2,250,0.2,2,0.15,0.01,45,1.8,15.250,NaN,34.764225,59.563655,34.300982,6.743171
0.2,250,0.2,2,0.15,0.01,160,1,14.400,NaN,34.572118,59.231268,34.441250,6.315986
0.2,250,0.2,2,0.15,0.01,160,1.8,15.150,NaN,34.584805,59.256615,34.453937,6.709544
0.2,250,0.2,2,0.35,0.0005,16,1,37.000,54.800,5.207197,9.246625,5.032007,16.153034
0.2,250,0.2,2,0.35,0.0005,16,1.8,38.250,56.750,5.228855,9.287199,5.053684,16.765173
0.2,250,0.2,2,0.35,0.0005,45,1,36.200,52.900,5.101977,9.060762,5.039593,15.797802
0.2,250,0.2,2,0.35,0.0005,45,1.8,37.450,54.800,5.123679,9.101416,5.061302,16.399488
0.2,250,0.2,2,0.35,0.0005,160,1,35.900,52.200,5.060164,8.986902,5.042608,15.656637
0.2,250,0.2,2,0.35,0.0005,160,1.8,37.100,54.050,5.081883,9.027587,5.064329,16.254170
0.2,250,0.2,2,0.35,0.002,16,1,33.100,NaN,12.636986,21.896751,12.186221,14.455474
0.2,250,0.2,2,0.35,0.002,16,1.8,34.250,NaN,12.656388,21.933495,12.205638,15.017661
0.2,250,0.2,2,0.35,0.002,45,1,32.450,NaN,12.394500,21.477876,12.233605,14.171174
0.2,250,0.2,2,0.35,0.002,45,1.8,33.550,NaN,12.413986,21.514765,12.253096,14.724997
0.2,250,0.2,2,0.35,0.002,160,1,32.200,NaN,12.297819,21.310867,12.252497,14.057822
0.2,250,0.2,2,0.35,0.002,160,1.8,33.300,NaN,12.317338,21.347815,12.272018,14.608309
0.2,250,0.2,2,0.35,0.01,16,1,21.250,NaN,35.221574,60.349779,33.933134,9.295342
0.2,250,0.2,2,0.35,0.01,16,1.8,22.000,NaN,35.234046,60.374753,33.945612,9.705706
0.2,250,0.2,2,0.35,0.01,45,1,20.950,NaN,34.776255,59.587706,34.313015,9.178832
0.2,250,0.2,2,0.35,0.01,45,1.8,21.750,NaN,34.788869,59.612923,34.325631,9.585768
0.2,250,0.2,2,0.35,0.01,160,1,20.850,NaN,34.596890,59.280758,34.466023,9.131903
0.2,250,0.2,2,0.35,0.01,160,1.8,21.650,NaN,34.609561,59.306074,34.478695,9.537459
0.2,250,0.4,0.2,0.15,0.0005,16,1,30.100,NaN,11.060612,20.212709,10.890686,14.650669
0.2,250,0.4,0.2,0.15,0.0005,16,1.8,33.900,NaN,11.078789,20.246764,10.908880,16.885109
0.2,250,0.4,0.2,0.15,0.0005,45,1,29.550,NaN,10.967117,20.047868,10.906611,14.402146
0.2,250,0.4,0.2,0.15,0.0005,45,1.8,33.350,NaN,10.985330,20.081986,10.924830,16.627813
0.2,250,0.4,0.2,0.15,0.0005,160,1,29.300,NaN,10.929966,19.982366,10.912939,14.303393
0.2,250,0.4,0.2,0.15,0.0005,160,1.8,33.150,NaN,10.948193,20.016510,10.931168,16.525574
0.2,250,0.4,0.2,0.15,0.002,16,1,27.400,NaN,17.879642,31.825307,17.433079,13.463248
0.2,250,0.4,0.2,0.15,0.002,16,1.8,31.250,NaN,17.895919,31.856133,17.449369,15.655772
0.2,250,0.4,0.2,0.15,0.002,45,1,26.950,NaN,17.659619,31.445580,17.500230,13.264434
0.2,250,0.4,0.2,0.15,0.002,45,1.8,30.800,NaN,17.675966,31.476527,17.516581,15.449940
0.2,250,0.4,0.2,0.15,0.002,160,1,26.800,NaN,17.571899,31.294188,17.527002,13.185170
0.2,250,0.4,0.2,0.15,0.002,160,1.8,30.600,NaN,17.588273,31.325182,17.543377,15.367878
0.2,250,0.4,0.2,0.15,0.01,16,1,19.450,NaN,38.589572,67.093681,37.302841,9.856957
0.2,250,0.4,0.2,0.15,0.01,16,1.8,23.300,NaN,38.600022,67.114606,37.313296,11.922189
0.2,250,0.4,0.2,0.15,0.01,45,1,19.300,NaN,38.182505,66.397225,37.719885,9.775585
0.2,250,0.4,0.2,0.15,0.01,45,1.8,23.100,NaN,38.193073,66.418352,37.730456,11.837945
0.2,250,0.4,0.2,0.15,0.01,160,1,19.200,NaN,38.018550,66.116712,37.887859,9.742811
0.2,250,0.4,0.2,0.15,0.01,160,1.8,23.050,NaN,38.029166,66.137922,37.898476,11.804014
0.2,250,0.4,0.2,0.35,0.0005,16,1,41.350,NaN,11.096105,20.279204,10.926211,19.677646
0.2,250,0.4,0.2,0.35,0.0005,16,1.8,44.900,NaN,11.114263,20.313221,10.944385,21.921956
0.2,250,0.4,0.2,0.35,0.0005,45,1,40.550,NaN,11.002680,20.114487,10.942185,19.317522
0.2,250,0.4,0.2,0.35,0.0005,45,1.8,44.050,NaN,11.020873,20.148568,10.960384,21.553068
0.2,250,0.4,0.2,0.35,0.0005,160,1,40.200,NaN,10.965557,20.049035,10.948533,19.174423
0.2,250,0.4,0.2,0.35,0.0005,160,1.8,43.750,NaN,10.983764,20.083141,10.966741,21.406486
0.2,250,0.4,0.2,0.35,0.002,16,1,37.450,NaN,17.911425,31.885498,17.464888,17.957008
0.2,250,0.4,0.2,0.35,0.002,16,1.8,40.950,NaN,17.927684,31.916290,17.481160,20.159442
0.2,250,0.4,0.2,0.35,0.002,45,1,36.800,NaN,17.691537,31.506006,17.532157,17.668916
0.2,250,0.4,0.2,0.35,0.002,45,1.8,40.300,NaN,17.707866,31.536918,17.548490,19.864339
0.2,250,0.4,0.2,0.35,0.002,160,1,36.550,NaN,17.603871,31.354707,17.558976,17.554058
0.2,250,0.4,0.2,0.35,0.002,160,1.8,40.050,NaN,17.620227,31.385668,17.575334,19.746686
0.2,250,0.4,0.2,0.35,0.01,16,1,25.650,NaN,38.609977,67.134538,37.323256,12.731323
0.2,250,0.4,0.2,0.35,0.01,16,1.8,29.200,NaN,38.620415,67.155439,37.333699,14.806592
0.2,250,0.4,0.2,0.35,0.01,45,1,25.400,NaN,38.203141,66.438479,37.740525,12.613411
0.2,250,0.4,0.2,0.35,0.01,45,1.8,28.950,NaN,38.213698,66.459583,37.751084,14.685811
0.2,250,0.4,0.2,0.35,0.01,160,1,25.300,NaN,38.039279,66.158126,37.908589,12.565920
0.2,250,0.4,0.2,0.35,0.01,160,1.8,28.850,NaN,38.049884,66.179312,37.919194,14.637165
0.2,250,0.4,0.9,0.15,0.0005,16,1,26.950,46.850,6.313040,11.318368,6.138845,12.089667
0.2,250,0.4,0.9,0.15,0.0005,16,1.8,28.600,49.650,6.334017,11.357667,6.159840,13.008251
0.2,250,0.4,0.9,0.15,0.0005,45,1,26.350,44.900,6.210076,11.136552,6.148047,11.839316
0.2,250,0.4,0.9,0.15,0.0005,45,1.8,28.000,47.650,6.231096,11.175928,6.169073,12.747777
0.2,250,0.4,0.9,0.15,0.0005,160,1,26.150,44.200,6.169160,11.064302,6.151704,11.739831
0.2,250,0.4,0.9,0.15,0.0005,160,1.8,27.750,46.850,6.190196,11.103708,6.172742,12.644269
0.2,250,0.4,0.9,0.15,0.002,16,1,24.200,NaN,13.627617,23.772811,13.177646,10.893345
0.2,250,0.4,0.9,0.15,0.002,16,1.8,25.750,NaN,13.646408,23.808396,13.196451,11.763555
0.2,250,0.4,0.9,0.15,0.002,45,1,23.700,NaN,13.389405,23.361388,13.228794,10.693000
0.2,250,0.4,0.9,0.15,0.002,45,1.8,25.250,NaN,13.408276,23.397115,13.247671,11.555109
0.2,250,0.4,0.9,0.15,0.002,160,1,23.550,NaN,13.294428,23.197352,13.249187,10.613121
0.2,250,0.4,0.9,0.15,0.002,160,1.8,25.050,NaN,13.313332,23.233135,13.268092,11.472001
0.2,250,0.4,0.9,0.15,0.01,16,1,15.850,NaN,35.858317,61.624759,34.570199,7.257444
0.2,250,0.4,0.9,0.15,0.01,16,1.8,17.050,NaN,35.870393,61.648940,34.582282,7.980645
0.2,250,0.4,0.9,0.15,0.01,45,1,15.650,NaN,35.420237,60.875107,34.957114,7.175359
0.2,250,0.4,0.9,0.15,0.01,45,1.8,16.850,NaN,35.432451,60.899523,34.969330,7.895242
0.2,250,0.4,0.9,0.15,0.01,160,1,15.550,NaN,35.243789,60.573163,35.112955,7.142297
0.2,250,0.4,0.9,0.15,0.01,160,1.8,16.800,NaN,35.256058,60.597675,35.125224,7.860843
0.2,250,0.4,0.9,0.35,0.0005,16,1,38.400,67.600,6.353999,11.395101,6.179840,17.111311
0.2,250,0.4,0.9,0.35,0.0005,16,1.8,40.050,70.450,6.374950,11.434353,6.200811,18.041283
0.2,250,0.4,0.9,0.35,0.0005,45,1,37.600,64.800,6.251118,11.213435,6.189102,16.749726
0.2,250,0.4,0.9,0.35,0.0005,45,1.8,39.200,67.550,6.272112,11.252763,6.210103,17.669586
0.2,250,0.4,0.9,0.35,0.0005,160,1,37.250,63.700,6.210235,11.141244,6.192782,16.606039
0.2,250,0.4,0.9,0.35,0.0005,160,1.8,38.850,66.400,6.231246,11.180603,6.213795,17.521880
0.2,250,0.4,0.9,0.35,0.002,16,1,34.450,NaN,13.664307,23.842293,13.214365,15.383451
0.2,250,0.4,0.9,0.35,0.002,16,1.8,35.950,NaN,13.683075,23.877836,13.233148,16.265100
0.2,250,0.4,0.9,0.35,0.002,45,1,33.800,NaN,13.426252,23.431146,13.265652,15.094091
0.2,250,0.4,0.9,0.35,0.002,45,1.8,35.300,NaN,13.445101,23.466830,13.284506,15.967648
0.2,250,0.4,0.9,0.35,0.002,160,1,33.500,NaN,13.331339,23.267220,13.286100,14.978723
0.2,250,0.4,0.9,0.35,0.002,160,1.8,35.000,NaN,13.350220,23.302960,13.304983,15.849052
0.2,250,0.4,0.9,0.35,0.01,16,1,22.350,NaN,35.881897,61.671974,34.593791,10.132115
0.2,250,0.4,0.9,0.35,0.01,16,1.8,23.550,NaN,35.893958,61.696126,34.605859,10.866914
0.2,250,0.4,0.9,0.35,0.01,45,1,22.100,NaN,35.444085,60.922781,34.980966,10.013561
0.2,250,0.4,0.9,0.35,0.01,45,1.8,23.300,NaN,35.456284,60.947168,34.993167,10.745045
0.2,250,0.4,0.9,0.35,0.01,160,1,22.000,NaN,35.267745,60.621023,35.136912,9.965810
0.2,250,0.4,0.9,0.35,0.01,160,1.8,23.200,NaN,35.279999,60.645505,35.149166,10.695958
0.2,250,0.4,2,0.15,0.0005,16,1,26.450,40.550,5.502137,9.799180,5.327212,11.659021
0.2,250,0.4,2,0.15,0.0005,16,1.8,27.800,42.650,5.523612,9.839412,5.348706,12.352866
0.2,250,0.4,2,0.15,0.0005,45,1,25.850,39.100,5.397520,9.614400,5.335231,11.408342
0.2,250,0.4,2,0.15,0.0005,45,1.8,27.200,41.150,5.419039,9.654711,5.356757,12.091824
0.2,250,0.4,2,0.15,0.0005,160,1,25.650,38.550,5.355947,9.540971,5.338418,11.308727
0.2,250,0.4,2,0.15,0.0005,160,1.8,26.950,40.600,5.377483,9.581313,5.359956,11.988090
0.2,250,0.4,2,0.15,0.002,16,1,23.700,NaN,12.901206,22.397130,12.450652,10.461106
0.2,250,0.4,2,0.15,0.002,16,1.8,24.950,NaN,12.920443,22.433563,12.469905,11.105427
0.2,250,0.4,2,0.15,0.002,45,1,23.250,NaN,12.659861,21.980245,12.499041,10.260487
0.2,250,0.4,2,0.15,0.002,45,1.8,24.450,NaN,12.679182,22.016823,12.518368,10.896515
0.2,250,0.4,2,0.15,0.002,160,1,23.050,NaN,12.563635,21.814030,12.518334,10.180499
0.2,250,0.4,2,0.15,0.002,160,1.8,24.250,NaN,12.582989,21.850666,12.537690,10.813220
0.2,250,0.4,2,0.15,0.01,16,1,15.300,NaN,35.391420,60.689870,34.103066,6.819922
0.2,250,0.4,2,0.15,0.01,16,1.8,16.200,NaN,35.403787,60.714632,34.115439,7.313724
0.2,250,0.4,2,0.15,0.01,45,1,15.100,NaN,34.948033,59.931111,34.484824,6.737710
0.2,250,0.4,2,0.15,0.01,45,1.8,16.050,NaN,34.960540,59.956114,34.497333,7.228114
0.2,250,0.4,2,0.15,0.01,160,1,15.050,NaN,34.769446,59.625499,34.638587,6.704597
0.2,250,0.4,2,0.15,0.01,160,1.8,15.950,NaN,34.782009,59.650599,34.651152,7.193632
0.2,250,0.4,2,0.35,0.0005,16,1,37.950,58.600,5.544068,9.877735,5.369181,16.679771
0.2,250,0.4,2,0.35,0.0005,16,1.8,39.300,60.800,5.565517,9.917919,5.390649,17.385275
0.2,250,0.4,2,0.35,0.0005,45,1,37.150,56.500,5.439537,9.693109,5.377261,16.317922
0.2,250,0.4,2,0.35,0.0005,45,1.8,38.450,58.600,5.461030,9.733371,5.398761,17.013073
0.2,250,0.4,2,0.35,0.0005,160,1,36.800,55.700,5.397998,9.619741,5.380472,16.174128
0.2,250,0.4,2,0.35,0.0005,160,1.8,38.100,57.750,5.419508,9.660035,5.401985,16.865165
0.2,250,0.4,2,0.35,0.002,16,1,34.000,NaN,12.938769,22.468267,12.488245,14.950605
0.2,250,0.4,2,0.35,0.002,16,1.8,35.200,NaN,12.957983,22.504656,12.507475,15.606637
0.2,250,0.4,2,0.35,0.002,45,1,33.300,NaN,12.697586,22.051665,12.536777,14.661017
0.2,250,0.4,2,0.35,0.002,45,1.8,34.550,NaN,12.716883,22.088198,12.556080,15.308764
0.2,250,0.4,2,0.35,0.002,160,1,33.050,NaN,12.601424,21.885563,12.556127,14.545556
0.2,250,0.4,2,0.35,0.002,160,1.8,34.250,NaN,12.620755,21.922154,12.575459,15.190000
0.2,250,0.4,2,0.35,0.01,16,1,21.900,NaN,35.415566,60.738218,34.127224,9.694663
0.2,250,0.4,2,0.35,0.01,16,1.8,22.800,NaN,35.427917,60.762949,34.139581,10.200341
0.2,250,0.4,2,0.35,0.01,45,1,21.600,NaN,34.972453,59.979930,34.509248,9.575994
0.2,250,0.4,2,0.35,0.01,45,1.8,22.500,NaN,34.984945,60.004902,34.521742,10.078277
0.2,250,0.4,2,0.35,0.01,160,1,21.500,NaN,34.793977,59.674507,34.663119,9.528196
0.2,250,0.4,2,0.35,0.01,160,1.8,22.400,NaN,34.806525,59.699577,34.675668,10.029112
0.2,1000,0.05,0.2,0.15,0.0005,16,1,7.650,8.750,2.351008,4.251714,2.167868,3.470094
0.2,1000,0.05,0.2,0.15,0.0005,16,1.8,8.350,9.500,2.373785,4.294274,2.190666,3.882144
0.2,1000,0.05,0.2,0.15,0.0005,45,1,7.050,8.000,2.236504,4.049480,2.171285,3.207754
0.2,1000,0.05,0.2,0.15,0.0005,45,1.8,7.750,8.750,2.259330,4.092128,2.194119,3.608482
0.2,1000,0.05,0.2,0.15,0.0005,160,1,6.800,7.700,2.190997,3.969108,2.172643,3.103493
0.2,1000,0.05,0.2,0.15,0.0005,160,1.8,7.500,8.450,2.213843,4.011790,2.195491,3.499722
0.2,1000,0.05,0.2,0.15,0.002,16,1,7.450,10.350,4.785082,8.403152,4.274546,3.365576
0.2,1000,0.05,0.2,0.15,0.002,16,1.8,8.100,11.200,4.807101,8.444420,4.296584,3.773115
0.2,1000,0.05,0.2,0.15,0.002,45,1,6.850,9.250,4.475704,7.868764,4.293380,3.119828
0.2,1000,0.05,0.2,0.15,0.002,45,1.8,7.500,10.050,4.497832,7.910222,4.315515,3.516762
0.2,1000,0.05,0.2,0.15,0.002,160,1,6.650,8.850,4.352263,7.655546,4.300895,3.021776
0.2,1000,0.05,0.2,0.15,0.002,160,1.8,7.300,9.650,4.374435,7.697079,4.323068,3.414478
0.2,1000,0.05,0.2,0.15,0.01,16,1,6.400,NaN,15.429754,26.558189,13.487450,2.908499
0.2,1000,0.05,0.2,0.15,0.01,16,1.8,7.000,NaN,15.448454,26.593799,13.506164,3.296312
0.2,1000,0.05,0.2,0.15,0.01,45,1,5.950,NaN,14.418687,24.827982,13.716369,2.729402
0.2,1000,0.05,0.2,0.15,0.01,45,1.8,6.600,NaN,14.437711,24.864150,13.735398,3.109485
0.2,1000,0.05,0.2,0.15,0.01,160,1,5.800,NaN,14.008178,24.125492,13.809313,2.656686
0.2,1000,0.05,0.2,0.15,0.01,160,1.8,6.450,NaN,14.027335,24.161886,13.828471,3.033631
0.2,1000,0.05,0.2,0.35,0.0005,16,1,11.000,12.650,2.395481,4.334814,2.212382,4.939116
0.2,1000,0.05,0.2,0.35,0.0005,16,1.8,11.700,13.400,2.418230,4.377321,2.235152,5.363132
0.2,1000,0.05,0.2,0.35,0.0005,45,1,10.150,11.550,2.281073,4.132752,2.215869,4.554677
0.2,1000,0.05,0.2,0.35,0.0005,45,1.8,10.800,12.250,2.303871,4.175348,2.238674,4.967385
0.2,1000,0.05,0.2,0.35,0.0005,160,1,9.800,11.100,2.235604,4.052448,2.217254,4.401891
0.2,1000,0.05,0.2,0.35,0.0005,160,1.8,10.400,11.800,2.258422,4.095078,2.240074,4.810105
0.2,1000,0.05,0.2,0.35,0.002,16,1,10.650,14.950,4.828075,8.483729,4.317577,4.785953
0.2,1000,0.05,0.2,0.35,0.002,16,1.8,11.300,15.850,4.850067,8.524946,4.339588,5.205464
0.2,1000,0.05,0.2,0.35,0.002,45,1,9.850,13.350,4.518910,7.949712,4.336599,4.425829
0.2,1000,0.05,0.2,0.35,0.002,45,1.8,10.500,14.150,4.541010,7.991119,4.358707,4.834746
0.2,1000,0.05,0.2,0.35,0.002,160,1,9.500,12.750,4.395554,7.736642,4.344189,4.282141
0.2,1000,0.05,0.2,0.35,0.002,160,1.8,10.150,13.550,4.417698,7.778125,4.366336,4.686831
0.2,1000,0.05,0.2,0.35,0.01,16,1,9.100,NaN,15.466266,26.627719,13.523990,4.116143
0.2,1000,0.05,0.2,0.35,0.01,16,1.8,9.750,NaN,15.484943,26.663286,13.542681,4.515950
0.2,1000,0.05,0.2,0.35,0.01,45,1,8.500,NaN,14.455833,24.898601,13.753525,3.853690
0.2,1000,0.05,0.2,0.35,0.01,45,1.8,9.150,NaN,14.474834,24.934724,13.772531,4.245777
0.2,1000,0.05,0.2,0.35,0.01,160,1,8.250,NaN,14.045582,24.196553,13.846720,3.747130
0.2,1000,0.05,0.2,0.35,0.01,160,1.8,8.900,NaN,14.064715,24.232903,13.865854,4.136083
0.2,1000,0.05,0.9,0.15,0.0005,16,1,7.400,8.100,1.652126,2.945817,1.468338,3.219397
0.2,1000,0.05,0.9,0.15,0.0005,16,1.8,7.800,8.550,1.675343,2.989200,1.491577,3.443454
0.2,1000,0.05,0.9,0.15,0.0005,45,1,6.750,7.400,1.536111,2.740873,1.470661,2.956797
0.2,1000,0.05,0.9,0.15,0.0005,45,1.8,7.150,7.800,1.559378,2.784346,1.493936,3.169313
0.2,1000,0.05,0.9,0.15,0.0005,160,1,6.550,7.100,1.490003,2.659423,1.471584,2.852433
0.2,1000,0.05,0.9,0.15,0.0005,160,1.8,6.900,7.500,1.513291,2.702931,1.494874,3.060361
0.2,1000,0.05,0.9,0.15,0.002,16,1,7.150,9.400,4.109458,7.136898,3.598317,3.114776
0.2,1000,0.05,0.9,0.15,0.002,16,1.8,7.550,9.950,4.131903,7.178963,3.620782,3.334235
0.2,1000,0.05,0.9,0.15,0.002,45,1,6.550,8.400,3.796731,6.596671,3.614191,2.868784
0.2,1000,0.05,0.9,0.15,0.002,45,1.8,6.950,8.900,3.819287,6.638931,3.636754,3.077431
0.2,1000,0.05,0.9,0.15,0.002,160,1,6.350,8.050,3.671954,6.381121,3.620524,2.770633
0.2,1000,0.05,0.9,0.15,0.002,160,1.8,6.700,8.500,3.694554,6.423459,3.643127,2.974967
0.2,1000,0.05,0.9,0.15,0.01,16,1,6.100,NaN,14.855972,25.465513,12.913232,2.657242
0.2,1000,0.05,0.9,0.15,0.01,16,1.8,6.450,NaN,14.875033,25.501813,12.932308,2.856593
0.2,1000,0.05,0.9,0.15,0.01,45,1,5.650,NaN,13.834933,23.718199,13.132455,2.477963
0.2,1000,0.05,0.9,0.15,0.01,45,1.8,6.000,NaN,13.854326,23.755067,13.151853,2.669434
0.2,1000,0.05,0.9,0.15,0.01,160,1,5.500,NaN,13.420374,23.008759,13.221463,2.405173
0.2,1000,0.05,0.9,0.15,0.01,160,1.8,5.850,NaN,13.439901,23.045858,13.240992,2.593445
0.2,1000,0.05,0.9,0.35,0.0005,16,1,10.750,11.800,1.697458,3.030523,1.513713,4.688631
0.2,1000,0.05,0.9,0.35,0.0005,16,1.8,11.150,12.300,1.720647,3.073852,1.536923,4.924885
0.2,1000,0.05,0.9,0.35,0.0005,45,1,9.850,10.750,1.581542,2.825755,1.516106,4.303948
0.2,1000,0.05,0.9,0.35,0.0005,45,1.8,10.250,11.200,1.604780,2.869174,1.539353,4.528675
0.2,1000,0.05,0.9,0.35,0.0005,160,1,9.500,10.350,1.535473,2.744375,1.517058,4.151064
0.2,1000,0.05,0.9,0.35,0.0005,160,1.8,9.900,10.800,1.558732,2.787830,1.540319,4.371209
0.2,1000,0.05,0.9,0.35,0.002,16,1,10.400,13.700,4.153282,7.219032,3.642180,4.535372
0.2,1000,0.05,0.9,0.35,0.002,16,1.8,10.800,14.300,4.175699,7.261046,3.664617,4.767033
0.2,1000,0.05,0.9,0.35,0.002,45,1,9.550,12.300,3.840773,6.679185,3.658246,4.175017
0.2,1000,0.05,0.9,0.35,0.002,45,1.8,9.950,12.800,3.863301,6.721392,3.680781,4.395880
0.2,1000,0.05,0.9,0.35,0.002,160,1,9.200,11.700,3.716082,6.463786,3.664656,4.031236
0.2,1000,0.05,0.9,0.35,0.002,160,1.8,9.600,12.200,3.738654,6.506071,3.687231,4.247791
0.2,1000,0.05,0.9,0.35,0.01,16,1,8.850,NaN,14.893190,25.536390,12.950479,3.865130
0.2,1000,0.05,0.9,0.35,0.01,16,1.8,9.200,NaN,14.912228,25.572644,12.969531,4.076707
0.2,1000,0.05,0.9,0.35,0.01,45,1,8.250,NaN,13.872798,23.790185,13.170330,3.602505
0.2,1000,0.05,0.9,0.35,0.01,45,1.8,8.600,NaN,13.892167,23.827008,13.189704,3.806212
0.2,1000,0.05,0.9,0.35,0.01,160,1,8.000,NaN,13.458502,23.081196,13.259594,3.495875
0.2,1000,0.05,0.9,0.35,0.01,160,1.8,8.350,NaN,13.478005,23.118249,13.279098,3.696387
0.2,1000,0.05,2,0.15,0.0005,16,1,7.350,8.000,1.541077,2.738317,1.357187,3.179576
0.2,1000,0.05,2,0.15,0.0005,16,1.8,7.700,8.400,1.564365,2.781831,1.380496,3.373762
0.2,1000,0.05,2,0.15,0.0005,45,1,6.750,7.300,1.424821,2.532941,1.359335,2.916935
0.2,1000,0.05,2,0.15,0.0005,45,1.8,7.100,7.700,1.448159,2.576546,1.382680,3.099544
0.2,1000,0.05,2,0.15,0.0005,160,1,6.500,7.000,1.378618,2.451319,1.360188,2.812553
0.2,1000,0.05,2,0.15,0.0005,160,1.8,6.850,7.400,1.401976,2.494959,1.383549,2.990562
0.2,1000,0.05,2,0.15,0.002,16,1,7.100,9.250,4.002105,6.935696,3.490867,3.074939
0.2,1000,0.05,2,0.15,0.002,16,1.8,7.450,9.750,4.024618,6.977889,3.513400,3.264512
0.2,1000,0.05,2,0.15,0.002,45,1,6.550,8.300,3.688845,6.394540,3.506270,2.828907
0.2,1000,0.05,2,0.15,0.002,45,1.8,6.900,8.750,3.711470,6.436928,3.528901,3.007637
0.2,1000,0.05,2,0.15,0.002,160,1,6.300,7.900,3.563855,6.178620,3.512416,2.730741
0.2,1000,0.05,2,0.15,0.002,160,1.8,6.650,8.350,3.586524,6.221085,3.535086,2.905144
0.2,1000,0.05,2,0.15,0.01,16,1,6.050,NaN,14.764800,25.291891,12.821991,2.617332
0.2,1000,0.05,2,0.15,0.01,16,1.8,6.350,NaN,14.783919,25.328300,12.841125,2.786736
0.2,1000,0.05,2,0.15,0.01,45,1,5.650,NaN,13.742176,23.541857,13.039672,2.438024
0.2,1000,0.05,2,0.15,0.01,45,1.8,5.950,NaN,13.761628,23.578837,13.059129,2.599525
0.2,1000,0.05,2,0.15,0.01,160,1,5.450,NaN,13.326973,22.831313,13.128054,2.365222
0.2,1000,0.05,2,0.15,0.01,160,1.8,5.750,NaN,13.346560,22.868524,13.147643,2.523514
0.2,1000,0.05,2,0.35,0.0005,16,1,10.700,11.700,1.586547,2.823280,1.402699,4.648844
0.2,1000,0.05,2,0.35,0.0005,16,1.8,11.100,12.150,1.609806,2.866740,1.425979,4.855264
0.2,1000,0.05,2,0.35,0.0005,45,1,9.800,10.650,1.470390,2.618080,1.404918,4.264122
0.2,1000,0.05,2,0.35,0.0005,45,1.8,10.200,11.050,1.493699,2.661631,1.428235,4.458980
0.2,1000,0.05,2,0.35,0.0005,160,1,9.450,10.250,1.424226,2.536528,1.405800,4.111223
0.2,1000,0.05,2,0.35,0.0005,160,1.8,9.800,10.650,1.447555,2.580115,1.429131,4.301485
0.2,1000,0.05,2,0.35,0.002,16,1,10.350,13.550,4.046062,7.018079,3.534863,4.495569
0.2,1000,0.05,2,0.35,0.002,16,1.8,10.750,14.050,4.068546,7.060220,3.557368,4.697382
0.2,1000,0.05,2,0.35,0.002,45,1,9.500,12.100,3.733020,6.477304,3.550459,4.135178
0.2,1000,0.05,2,0.35,0.002,45,1.8,9.850,12.600,3.755616,6.519640,3.573062,4.326160
0.2,1000,0.05,2,0.35,0.002,160,1,9.200,11.600,3.608117,6.261535,3.556681,3.991382
0.2,1000,0.05,2,0.35,0.002,160,1.8,9.550,12.000,3.630758,6.303948,3.579324,4.178043
0.2,1000,0.05,2,0.35,0.01,16,1,8.800,NaN,14.802131,25.362982,12.859350,3.825259
0.2,1000,0.05,2,0.35,0.01,16,1.8,9.150,NaN,14.821226,25.399346,12.878460,4.006927
0.2,1000,0.05,2,0.35,0.01,45,1,8.200,NaN,13.780156,23.614062,13.077663,3.562606
0.2,1000,0.05,2,0.35,0.01,45,1.8,8.500,NaN,13.799584,23.650996,13.097095,3.736381
0.2,1000,0.05,2,0.35,0.01,160,1,7.950,NaN,13.365217,22.903970,13.166301,3.455964
0.2,1000,0.05,2,0.35,0.01,160,1.8,8.250,NaN,13.384779,22.941135,13.185865,3.626534
0.2,1000,0.2,0.2,0.15,0.0005,16,1,9.400,12.800,4.926362,9.063892,4.745608,4.696442
0.2,1000,0.2,0.2,0.15,0.0005,16,1.8,11.450,15.450,4.947553,9.103488,4.766819,5.801269
0.2,1000,0.2,0.2,0.15,0.0005,45,1,8.850,11.850,4.817358,8.871520,4.752990,4.429720
0.2,1000,0.2,0.2,0.15,0.0005,45,1.8,10.900,14.500,4.838594,8.911197,4.774233,5.524012
0.2,1000,0.2,0.2,0.15,0.0005,160,1,8.600,11.450,4.774039,8.795069,4.755924,4.323721
0.2,1000,0.2,0.2,0.15,0.0005,160,1.8,10.700,14.100,4.795292,8.834777,4.777180,5.413826
0.2,1000,0.2,0.2,0.15,0.002,16,1,9.200,20.300,7.274704,13.069203,6.766396,4.590177
0.2,1000,0.2,0.2,0.15,0.002,16,1.8,11.250,24.550,7.295189,13.107597,6.786900,5.690806
0.2,1000,0.2,0.2,0.15,0.002,45,1,8.650,16.400,6.977604,12.556215,6.796080,4.340328
0.2,1000,0.2,0.2,0.15,0.002,45,1.8,10.700,20.100,6.998190,12.594784,6.816672,5.431089
0.2,1000,0.2,0.2,0.15,0.002,160,1,8.450,15.350,6.859065,12.351540,6.807923,4.240642
0.2,1000,0.2,0.2,0.15,0.002,160,1.8,10.500,18.950,6.879691,12.390179,6.828551,5.327466
0.2,1000,0.2,0.2,0.15,0.01,16,1,8.200,NaN,17.544002,30.584428,15.603302,4.125479
0.2,1000,0.2,0.2,0.15,0.01,16,1.8,10.250,NaN,17.561398,30.617556,15.620711,5.207755
0.2,1000,0.2,0.2,0.15,0.01,45,1,7.800,NaN,16.569638,28.917187,15.867910,3.943405
0.2,1000,0.2,0.2,0.15,0.01,45,1.8,9.900,NaN,16.587336,28.950832,15.885612,5.018490
0.2,1000,0.2,0.2,0.15,0.01,160,1,7.650,NaN,16.174040,28.240275,15.975342,3.869481
0.2,1000,0.2,0.2,0.15,0.01,160,1.8,9.750,NaN,16.191860,28.274131,15.993164,4.941646
0.2,1000,0.2,0.2,0.35,0.0005,16,1,12.650,17.450,4.967739,9.141206,4.787023,6.170328
0.2,1000,0.2,0.2,0.35,0.0005,16,1.8,14.550,19.750,4.988904,9.180755,4.808209,7.286288
0.2,1000,0.2,0.2,0.35,0.0005,45,1,11.750,16.050,4.858822,8.948991,4.794468,5.781454
0.2,1000,0.2,0.2,0.35,0.0005,45,1.8,13.700,18.350,4.880033,8.988621,4.815686,6.886892
0.2,1000,0.2,0.2,0.35,0.0005,160,1,11.400,15.450,4.815538,8.872602,4.797427,5.626910
0.2,1000,0.2,0.2,0.35,0.0005,160,1.8,13.350,17.800,4.836766,8.912264,4.818657,6.728166
0.2,1000,0.2,0.2,0.35,0.002,16,1,12.300,28.800,7.314703,13.144169,6.806431,6.015396
0.2,1000,0.2,0.2,0.35,0.002,16,1.8,14.200,32.550,7.335164,13.182517,6.826911,7.127164
0.2,1000,0.2,0.2,0.35,0.002,45,1,11.500,22.650,7.017799,12.631523,6.836288,5.651123
0.2,1000,0.2,0.2,0.35,0.002,45,1.8,13.400,25.750,7.038361,12.670046,6.856856,6.753034
0.2,1000,0.2,0.2,0.35,0.002,160,1,11.150,21.100,6.899339,12.426985,6.848200,5.505783
0.2,1000,0.2,0.2,0.35,0.002,160,1.8,13.100,24.100,6.919941,12.465578,6.868804,6.603762
0.2,1000,0.2,0.2,0.35,0.01,16,1,10.800,NaN,17.577969,30.649112,15.637295,5.337880
0.2,1000,0.2,0.2,0.35,0.01,16,1.8,12.700,NaN,17.595344,30.682201,15.654683,6.431315
0.2,1000,0.2,0.2,0.35,0.01,45,1,10.200,NaN,16.604194,28.982882,15.902475,5.072421
0.2,1000,0.2,0.2,0.35,0.01,45,1.8,12.150,NaN,16.621871,29.016487,15.920157,6.158673
0.2,1000,0.2,0.2,0.35,0.01,160,1,9.950,NaN,16.208835,28.306381,16.010140,4.964642
0.2,1000,0.2,0.2,0.35,0.01,160,1.8,11.900,NaN,16.226634,28.340196,16.027941,6.047979
0.2,1000,0.2,0.9,0.15,0.0005,16,1,7.850,8.900,2.251985,4.066683,2.068753,3.557513
0.2,1000,0.2,0.9,0.15,0.0005,16,1.8,8.500,9.650,2.274824,4.109359,2.091613,3.942927
0.2,1000,0.2,0.9,0.15,0.0005,45,1,7.250,8.150,2.137267,3.864066,2.072015,3.289619
0.2,1000,0.2,0.9,0.15,0.0005,45,1.8,7.850,8.850,2.160155,3.906830,2.094911,3.663680
0.2,1000,0.2,0.9,0.15,0.0005,160,1,7.000,7.850,2.091675,3.783541,2.073312,3.183152
0.2,1000,0.2,0.9,0.15,0.0005,160,1.8,7.600,8.550,2.114583,3.826341,2.096222,3.552700
0.2,1000,0.2,0.9,0.15,0.002,16,1,7.600,10.450,4.689354,8.223739,4.178732,3.450782
0.2,1000,0.2,0.9,0.15,0.002,16,1.8,8.250,11.300,4.711433,8.265119,4.200831,3.831673
0.2,1000,0.2,0.9,0.15,0.002,45,1,7.050,9.400,4.379502,7.688524,4.197147,3.199832
0.2,1000,0.2,0.9,0.15,0.002,45,1.8,7.650,10.150,4.401690,7.730095,4.219342,3.570088
0.2,1000,0.2,0.9,0.15,0.002,160,1,6.800,8.950,4.255872,7.474975,4.204495,3.099704
0.2,1000,0.2,0.9,0.15,0.002,160,1.8,7.400,9.750,4.278104,7.516622,4.226729,3.465716
0.2,1000,0.2,0.9,0.15,0.01,16,1,6.550,NaN,15.348457,26.403370,13.406091,2.984029
0.2,1000,0.2,0.9,0.15,0.01,16,1.8,7.150,NaN,15.367207,26.439078,13.424856,3.345139
0.2,1000,0.2,0.9,0.15,0.01,45,1,6.100,NaN,14.335977,24.670740,13.633636,2.801140
0.2,1000,0.2,0.9,0.15,0.01,45,1.8,6.700,NaN,14.355053,24.707007,13.652717,3.154499
0.2,1000,0.2,0.9,0.15,0.01,160,1,5.950,NaN,13.924894,23.967266,13.726022,2.726884
0.2,1000,0.2,0.9,0.15,0.01,160,1.8,6.550,NaN,13.944103,24.003760,13.745233,3.077097
0.2,1000,0.2,0.9,0.35,0.0005,16,1,11.200,12.750,2.296579,4.150009,2.113388,5.032394
0.2,1000,0.2,0.9,0.35,0.0005,16,1.8,11.850,13.500,2.319390,4.192633,2.136220,5.429807
0.2,1000,0.2,0.9,0.35,0.0005,45,1,10.300,11.650,2.181957,3.947565,2.116720,4.642411
0.2,1000,0.2,0.9,0.35,0.0005,45,1.8,10.900,12.350,2.204817,3.990277,2.139588,5.028484
0.2,1000,0.2,0.9,0.35,0.0005,160,1,9.950,11.200,2.136404,3.867109,2.118044,4.487422
0.2,1000,0.2,0.9,0.35,0.0005,160,1.8,10.550,11.900,2.159283,3.909856,2.140926,4.868988
0.2,1000,0.2,0.9,0.35,0.002,16,1,10.850,15.050,4.732464,8.304535,4.221880,4.877022
0.2,1000,0.2,0.9,0.35,0.002,16,1.8,11.450,15.900,4.754516,8.345865,4.243952,5.269917
0.2,1000,0.2,0.9,0.35,0.002,45,1,10.000,13.450,4.422825,7.769693,4.240484,4.511704
0.2,1000,0.2,0.9,0.35,0.002,45,1.8,10.600,14.250,4.444986,7.811213,4.262653,4.893977
0.2,1000,0.2,0.9,0.35,0.002,160,1,9.650,12.850,4.299280,7.556293,4.247907,4.365944
0.2,1000,0.2,0.9,0.35,0.002,160,1.8,10.250,13.600,4.321485,7.597889,4.270114,4.743978
0.2,1000,0.2,0.9,0.35,0.01,16,1,9.300,NaN,15.385068,26.473091,13.442730,4.197551
0.2,1000,0.2,0.9,0.35,0.01,16,1.8,9.850,NaN,15.403796,26.508755,13.461472,4.570689
0.2,1000,0.2,0.9,0.35,0.01,45,1,8.650,NaN,14.373224,24.741552,13.670893,3.931312
0.2,1000,0.2,0.9,0.35,0.01,45,1.8,9.250,NaN,14.392277,24.777774,13.689952,4.296708
0.2,1000,0.2,0.9,0.35,0.01,160,1,8.400,NaN,13.962400,24.038521,13.763531,3.823215
0.2,1000,0.2,0.9,0.35,0.01,160,1.8,9.000,NaN,13.981585,24.074970,13.782718,4.185468
0.2,1000,0.2,2,0.15,0.0005,16,1,7.650,8.450,1.813053,3.246518,1.629415,3.371453
0.2,1000,0.2,2,0.15,0.0005,16,1.8,8.100,9.000,1.836169,3.289711,1.652552,3.638798
0.2,1000,0.2,2,0.15,0.0005,45,1,7.000,7.700,1.697387,3.042200,1.631990,3.103363
0.2,1000,0.2,2,0.15,0.0005,45,1.8,7.450,8.200,1.720552,3.085482,1.655163,3.359217
0.2,1000,0.2,2,0.15,0.0005,160,1,6.750,7.400,1.651418,2.960998,1.633014,2.996817
0.2,1000,0.2,2,0.15,0.0005,160,1.8,7.200,7.900,1.674603,3.004316,1.656201,3.248105
0.2,1000,0.2,2,0.15,0.002,16,1,7.400,9.800,4.265030,7.428471,3.754028,3.264645
0.2,1000,0.2,2,0.15,0.002,16,1.8,7.850,10.450,4.287377,7.470352,3.776394,3.527412
0.2,1000,0.2,2,0.15,0.002,45,1,6.800,8.800,3.953075,6.889590,3.770584,3.013510
0.2,1000,0.2,2,0.15,0.002,45,1.8,7.250,9.350,3.975532,6.931664,3.793048,3.265513
0.2,1000,0.2,2,0.15,0.002,160,1,6.600,8.400,3.828606,6.674577,3.777190,2.913308
0.2,1000,0.2,2,0.15,0.002,160,1.8,7.000,8.950,3.851107,6.716729,3.799693,3.161016
0.2,1000,0.2,2,0.15,0.01,16,1,6.300,NaN,14.988095,25.717120,13.045455,2.797547
0.2,1000,0.2,2,0.15,0.01,16,1.8,6.750,NaN,15.007072,25.753260,13.064448,3.040294
0.2,1000,0.2,2,0.15,0.01,45,1,5.900,NaN,13.969352,23.973745,13.266911,2.614521
0.2,1000,0.2,2,0.15,0.01,45,1.8,6.300,NaN,13.988660,24.010451,13.286224,2.849423
0.2,1000,0.2,2,0.15,0.01,160,1,5.700,NaN,13.555726,23.265906,13.356825,2.540209
0.2,1000,0.2,2,0.15,0.01,160,1.8,6.100,NaN,13.575168,23.302842,13.376268,2.771927
0.2,1000,0.2,2,0.35,0.0005,16,1,11.000,12.200,1.858187,3.330853,1.674590,4.846502
0.2,1000,0.2,2,0.35,0.0005,16,1.8,11.500,12.750,1.881274,3.373992,1.697699,5.125991
0.2,1000,0.2,2,0.35,0.0005,45,1,10.100,11.150,1.742618,3.126709,1.677236,4.456333
0.2,1000,0.2,2,0.35,0.0005,45,1.8,10.550,11.650,1.765755,3.169938,1.700381,4.724344
0.2,1000,0.2,2,0.35,0.0005,160,1,9.750,10.700,1.696688,3.045577,1.678288,4.301269
0.2,1000,0.2,2,0.35,0.0005,160,1.8,10.200,11.200,1.719845,3.088842,1.701447,4.564719
0.2,1000,0.2,2,0.35,0.002,16,1,10.650,14.250,4.308662,7.510245,3.797699,4.691057
0.2,1000,0.2,2,0.35,0.002,16,1.8,11.100,14.850,4.330981,7.552075,3.820038,4.965973
0.2,1000,0.2,2,0.35,0.002,45,1,9.800,12.750,3.996923,6.971742,3.814446,4.325563
0.2,1000,0.2,2,0.35,0.002,45,1.8,10.250,13.300,4.019353,7.013764,3.836883,4.589728
0.2,1000,0.2,2,0.35,0.002,160,1,9.450,12.150,3.872540,6.756880,3.821129,4.179732
0.2,1000,0.2,2,0.35,0.002,160,1.8,9.900,12.700,3.895014,6.798979,3.843604,4.439607
0.2,1000,0.2,2,0.35,0.01,16,1,9.050,NaN,15.025150,25.787685,13.082538,4.011257
0.2,1000,0.2,2,0.35,0.01,16,1.8,9.500,NaN,15.044104,25.823780,13.101507,4.266177
0.2,1000,0.2,2,0.35,0.01,45,1,8.450,NaN,14.007051,24.045415,13.304620,3.744888
0.2,1000,0.2,2,0.35,0.01,45,1.8,8.850,NaN,14.026335,24.082076,13.323909,3.991972
0.2,1000,0.2,2,0.35,0.01,160,1,8.200,NaN,13.593686,23.338025,13.394789,3.636737
0.2,1000,0.2,2,0.35,0.01,160,1.8,8.600,NaN,13.613104,23.374916,13.414208,3.880640
0.2,1000,0.4,0.2,0.15,0.0005,16,1,13.000,NaN,8.088959,14.973362,7.911135,6.751574
0.2,1000,0.4,0.2,0.15,0.0005,16,1.8,16.900,NaN,8.108280,15.009465,7.930475,8.707207
0.2,1000,0.4,0.2,0.15,0.0005,45,1,12.450,NaN,7.986565,14.792830,7.923242,6.479396
0.2,1000,0.4,0.2,0.15,0.0005,45,1.8,16.400,NaN,8.005926,14.829005,7.942610,8.425423
0.2,1000,0.4,0.2,0.15,0.0005,160,1,12.250,NaN,7.945873,14.721087,7.928053,6.371232
0.2,1000,0.4,0.2,0.15,0.0005,160,1.8,16.200,NaN,7.965251,14.757290,7.947432,8.313442
0.2,1000,0.4,0.2,0.15,0.002,16,1,12.750,NaN,10.331964,18.799122,9.826394,6.643134
0.2,1000,0.4,0.2,0.15,0.002,16,1.8,16.700,NaN,10.350642,18.834128,9.845088,8.594939
0.2,1000,0.4,0.2,0.15,0.002,45,1,12.250,NaN,10.049810,18.312166,9.869267,6.388178
0.2,1000,0.4,0.2,0.15,0.002,45,1.8,16.250,NaN,10.068579,18.347330,9.888042,8.330986
0.2,1000,0.4,0.2,0.15,0.002,160,1,12.050,NaN,9.937238,18.117884,9.886373,6.286458
0.2,1000,0.4,0.2,0.15,0.002,160,1.8,16.050,NaN,9.956043,18.153111,9.905179,8.225676
0.2,1000,0.4,0.2,0.15,0.01,16,1,11.850,NaN,20.140095,35.528264,18.201365,6.168949
0.2,1000,0.4,0.2,0.15,0.01,16,1.8,15.800,NaN,20.155955,35.558466,18.217237,8.104020
0.2,1000,0.4,0.2,0.15,0.01,45,1,11.500,NaN,19.210717,33.938181,18.509713,5.983168
0.2,1000,0.4,0.2,0.15,0.01,45,1.8,15.500,NaN,19.226852,33.968854,18.525852,7.911683
0.2,1000,0.4,0.2,0.15,0.01,160,1,11.350,NaN,18.833393,33.292612,18.634902,5.907742
0.2,1000,0.4,0.2,0.15,0.01,160,1.8,15.350,NaN,18.849638,33.323476,18.651149,7.833595
0.2,1000,0.4,0.2,0.35,0.0005,16,1,15.900,NaN,8.126686,15.043857,7.948897,8.231511
0.2,1000,0.4,0.2,0.35,0.0005,16,1.8,19.650,NaN,8.145985,15.079920,7.968215,10.197297
0.2,1000,0.4,0.2,0.35,0.0005,45,1,15.100,NaN,8.024370,14.863465,7.961059,7.837116
0.2,1000,0.4,0.2,0.35,0.0005,45,1.8,18.900,NaN,8.043709,14.899598,7.980405,9.793306
0.2,1000,0.4,0.2,0.35,0.0005,160,1,14.800,NaN,7.983709,14.791777,7.965892,7.680384
0.2,1000,0.4,0.2,0.35,0.0005,160,1.8,18.550,NaN,8.003065,14.827939,7.985250,9.632761
0.2,1000,0.4,0.2,0.35,0.002,16,1,15.600,NaN,10.368434,18.867474,9.862896,8.074377
0.2,1000,0.4,0.2,0.35,0.002,16,1.8,19.350,NaN,10.387091,18.902440,9.881570,10.036340
0.2,1000,0.4,0.2,0.35,0.002,45,1,14.850,NaN,10.086457,18.380827,9.905927,7.704939
0.2,1000,0.4,0.2,0.35,0.002,45,1.8,18.600,NaN,10.105205,18.415951,9.924680,9.657914
0.2,1000,0.4,0.2,0.35,0.002,160,1,14.550,NaN,9.973957,18.186668,9.923094,7.557544
0.2,1000,0.4,0.2,0.35,0.002,160,1.8,18.350,NaN,9.992740,18.221855,9.941880,9.506932
0.2,1000,0.4,0.2,0.35,0.01,16,1,14.200,NaN,20.171063,35.587236,18.232356,7.387269
0.2,1000,0.4,0.2,0.35,0.01,16,1.8,18.000,NaN,20.186904,35.617404,18.248210,9.332515
0.2,1000,0.4,0.2,0.35,0.01,45,1,13.650,NaN,19.242221,33.998073,18.541225,7.118067
0.2,1000,0.4,0.2,0.35,0.01,45,1.8,17.500,NaN,19.258337,34.028711,18.557346,9.056764
0.2,1000,0.4,0.2,0.35,0.01,160,1,13.450,NaN,18.865114,33.352877,18.666625,7.008773
0.2,1000,0.4,0.2,0.35,0.01,160,1.8,17.250,NaN,18.881341,33.383706,18.682854,8.944810
0.2,1000,0.4,0.9,0.15,0.0005,16,1,8.650,10.300,3.036698,5.532959,2.854193,4.123454
0.2,1000,0.4,0.9,0.15,0.0005,16,1.8,9.700,11.450,3.059047,5.574720,2.876563,4.719955
0.2,1000,0.4,0.9,0.15,0.0005,45,1,8.050,9.450,2.923669,5.333371,2.858676,3.848631
0.2,1000,0.4,0.9,0.15,0.0005,45,1.8,9.050,10.600,2.946066,5.375217,2.881081,4.434022
0.2,1000,0.4,0.9,0.15,0.0005,160,1,7.800,9.150,2.878748,5.254050,2.860458,3.739410
0.2,1000,0.4,0.9,0.15,0.0005,160,1.8,8.800,10.250,2.901164,5.295930,2.882876,4.320386
0.2,1000,0.4,0.9,0.15,0.002,16,1,8.400,12.400,5.447950,9.645499,4.938007,4.013963
0.2,1000,0.4,0.9,0.15,0.002,16,1.8,9.450,13.800,5.469555,9.685991,4.959631,4.606037
0.2,1000,0.4,0.9,0.15,0.002,45,1,7.850,11.100,5.141850,9.116826,4.959739,3.756522
0.2,1000,0.4,0.9,0.15,0.002,45,1.8,8.850,12.400,5.163562,9.157505,4.981458,4.338190
0.2,1000,0.4,0.9,0.15,0.002,160,1,7.600,10.650,5.019718,8.905889,4.968410,3.653805
0.2,1000,0.4,0.9,0.15,0.002,160,1.8,8.600,11.900,5.041473,8.946642,4.990166,4.231320
0.2,1000,0.4,0.9,0.15,0.01,16,1,7.350,NaN,15.992692,27.630212,14.050815,3.535140
0.2,1000,0.4,0.9,0.15,0.01,16,1.8,8.350,NaN,16.011040,27.665153,14.069177,4.107858
0.2,1000,0.4,0.9,0.15,0.01,45,1,6.900,NaN,14.991403,25.916782,14.289242,3.347525
0.2,1000,0.4,0.9,0.15,0.01,45,1.8,7.900,NaN,15.010070,25.952269,14.307914,3.912658
0.2,1000,0.4,0.9,0.15,0.01,160,1,6.750,NaN,14.584867,25.221107,14.386047,3.271350
0.2,1000,0.4,0.9,0.15,0.01,160,1.8,7.750,NaN,14.603663,25.256816,14.404844,3.833405
0.2,1000,0.4,0.9,0.35,0.0005,16,1,12.000,14.300,3.080335,5.614498,2.897871,5.605729
0.2,1000,0.4,0.9,0.35,0.0005,16,1.8,12.950,15.400,3.102657,5.656208,2.920214,6.213972
0.2,1000,0.4,0.9,0.35,0.0005,45,1,11.100,13.100,2.967400,5.415078,2.902422,5.208807
0.2,1000,0.4,0.9,0.35,0.0005,45,1.8,12.050,14.200,2.989770,5.456873,2.924799,5.805952
0.2,1000,0.4,0.9,0.35,0.0005,160,1,10.700,12.650,2.922517,5.335824,2.904230,5.051061
0.2,1000,0.4,0.9,0.35,0.0005,160,1.8,11.650,13.700,2.944906,5.377653,2.926621,5.643797
0.2,1000,0.4,0.9,0.35,0.002,16,1,11.600,17.400,5.490135,9.724562,4.980229,5.447592
0.2,1000,0.4,0.9,0.35,0.002,16,1.8,12.600,18.650,5.511714,9.765005,5.001828,6.051414
0.2,1000,0.4,0.9,0.35,0.002,45,1,10.750,15.500,5.184243,9.196253,5.002146,5.075776
0.2,1000,0.4,0.9,0.35,0.002,45,1.8,11.700,16.700,5.205929,9.236882,5.023838,5.669202
0.2,1000,0.4,0.9,0.35,0.002,160,1,10.450,14.800,5.062195,8.985461,5.010890,4.927424
0.2,1000,0.4,0.9,0.35,0.002,160,1.8,11.400,16.000,5.083923,9.026164,5.032620,5.516702
0.2,1000,0.4,0.9,0.35,0.01,16,1,10.050,NaN,16.028518,27.698435,14.086668,4.756038
0.2,1000,0.4,0.9,0.35,0.01,16,1.8,11.000,NaN,16.046843,27.733333,14.105007,5.340525
0.2,1000,0.4,0.9,0.35,0.01,45,1,9.450,NaN,15.027851,25.986072,14.325700,4.485068
0.2,1000,0.4,0.9,0.35,0.01,45,1.8,10.350,NaN,15.046495,26.021516,14.344349,5.061980
0.2,1000,0.4,0.9,0.35,0.01,160,1,9.200,NaN,14.621567,25.290831,14.422749,4.375051
0.2,1000,0.4,0.9,0.35,0.01,160,1.8,10.100,NaN,14.640341,25.326497,14.441524,4.948887
0.2,1000,0.4,2,0.15,0.0005,16,1,8.100,9.150,2.172571,3.918295,1.989266,3.680846
0.2,1000,0.4,2,0.15,0.0005,16,1.8,8.750,9.850,2.195460,3.961064,2.012176,4.044899
0.2,1000,0.4,2,0.15,0.0005,45,1,7.450,8.350,2.057682,3.715370,1.992404,3.405553
0.2,1000,0.4,2,0.15,0.0005,45,1.8,8.050,9.050,2.080620,3.758228,2.015350,3.758228
0.2,1000,0.4,2,0.15,0.0005,160,1,7.200,8.050,2.012022,3.634723,1.993651,3.296145
0.2,1000,0.4,2,0.15,0.0005,160,1.8,7.800,8.700,2.034980,3.677616,2.016611,3.644298
0.2,1000,0.4,2,0.15,0.002,16,1,7.850,10.700,4.612583,8.079855,4.101892,3.571168
0.2,1000,0.4,2,0.15,0.002,16,1.8,8.450,11.550,4.634711,8.121326,4.124039,3.930688
0.2,1000,0.4,2,0.15,0.002,45,1,7.250,9.600,4.302351,7.543978,4.119972,3.313286
0.2,1000,0.4,2,0.15,0.002,45,1.8,7.850,10.350,4.324588,7.585639,4.142215,3.662148
0.2,1000,0.4,2,0.15,0.002,160,1,7.000,9.200,4.178569,7.330164,4.127185,3.210392
0.2,1000,0.4,2,0.15,0.002,160,1.8,7.600,9.950,4.200850,7.371902,4.149468,3.555001
0.2,1000,0.4,2,0.15,0.01,16,1,6.750,NaN,15.283259,26.279211,13.340843,3.091522
0.2,1000,0.4,2,0.15,0.01,16,1.8,7.350,NaN,15.302050,26.314997,13.359649,3.431218
0.2,1000,0.4,2,0.15,0.01,45,1,6.300,NaN,14.269646,24.544637,13.567286,2.903581
0.2,1000,0.4,2,0.15,0.01,45,1.8,6.900,NaN,14.288764,24.580983,13.586410,3.235509
0.2,1000,0.4,2,0.15,0.01,160,1,6.150,NaN,13.858103,23.840374,13.659226,2.827274
0.2,1000,0.4,2,0.15,0.01,160,1.8,6.700,NaN,13.877354,23.876947,13.678478,3.156048
0.2,1000,0.4,2,0.35,0.0005,16,1,11.450,13.000,2.217262,4.001803,2.033998,5.163539
0.2,1000,0.4,2,0.35,0.0005,16,1.8,12.050,13.700,2.240123,4.044520,2.056880,5.539617
0.2,1000,0.4,2,0.35,0.0005,45,1,10.550,11.850,2.102470,3.799052,2.037206,4.766167
0.2,1000,0.4,2,0.35,0.0005,45,1.8,11.150,12.500,2.125380,3.841857,2.060124,5.130881
0.2,1000,0.4,2,0.35,0.0005,160,1,10.200,11.400,2.056848,3.718473,2.038481,4.608241
0.2,1000,0.4,2,0.35,0.0005,160,1.8,10.750,12.050,2.079778,3.761313,2.061413,4.968438
0.2,1000,0.4,2,0.35,0.002,16,1,11.100,15.300,4.655788,8.160828,4.145135,5.005224
0.2,1000,0.4,2,0.35,0.002,16,1.8,11.700,16.050,4.677887,8.202248,4.167255,5.376774
0.2,1000,0.4,2,0.35,0.002,45,1,10.250,13.650,4.345769,7.625324,4.163404,4.632984
0.2,1000,0.4,2,0.35,0.002,45,1.8,10.800,14.400,4.367978,7.666934,4.185620,4.993889
0.2,1000,0.4,2,0.35,0.002,160,1,9.900,13.050,4.222073,7.411659,4.170693,4.484462
0.2,1000,0.4,2,0.35,0.002,160,1.8,10.450,13.800,4.244326,7.453346,4.192948,4.841119
0.2,1000,0.4,2,0.35,0.01,16,1,9.500,NaN,15.319950,26.349084,13.377563,4.312879
0.2,1000,0.4,2,0.35,0.01,16,1.8,10.050,NaN,15.338719,26.384826,13.396345,4.664629
0.2,1000,0.4,2,0.35,0.01,45,1,8.900,NaN,14.306975,24.615604,13.604626,4.041595
0.2,1000,0.4,2,0.35,0.01,45,1.8,9.450,NaN,14.326069,24.651905,13.623726,4.385586
0.2,1000,0.4,2,0.35,0.01,160,1,8.650,NaN,13.895691,23.911785,13.696817,3.931450
0.2,1000,0.4,2,0.35,0.01,160,1.8,9.150,NaN,13.914918,23.948313,13.716046,4.272291
0.2,4000,0.05,0.2,0.15,0.0005,16,1,3.050,3.300,1.471131,2.697701,1.285773,1.454211
0.2,4000,0.05,0.2,0.15,0.0005,16,1.8,3.650,3.900,1.494286,2.740940,1.308950,1.779260
0.2,4000,0.05,0.2,0.15,0.0005,45,1,2.500,2.650,1.353834,2.490535,1.287824,1.185473
0.2,4000,0.05,0.2,0.15,0.0005,45,1.8,3.050,3.250,1.377040,2.533865,1.311038,1.498925
0.2,4000,0.05,0.2,0.15,0.0005,160,1,2.250,2.400,1.307216,2.408200,1.288639,1.078667
0.2,4000,0.05,0.2,0.15,0.0005,160,1.8,2.850,3.000,1.330442,2.451566,1.311867,1.387509
0.2,4000,0.05,0.2,0.15,0.002,16,1,3.050,3.450,2.361980,4.217736,1.833825,1.440840
0.2,4000,0.05,0.2,0.15,0.002,16,1.8,3.600,4.050,2.384855,4.260497,1.856721,1.765312
0.2,4000,0.05,0.2,0.15,0.002,45,1,2.450,2.700,2.030829,3.645741,1.842185,1.177798
0.2,4000,0.05,0.2,0.15,0.002,45,1.8,3.050,3.350,2.053822,3.688707,1.865185,1.490919
0.2,4000,0.05,0.2,0.15,0.002,160,1,2.250,2.450,1.898674,3.417469,1.845521,1.072824
0.2,4000,0.05,0.2,0.15,0.002,160,1.8,2.800,3.100,1.921714,3.460517,1.868563,1.381413
0.2,4000,0.05,0.2,0.15,0.01,16,1,2.900,5.300,6.770730,11.740284,4.546096,1.374667
0.2,4000,0.05,0.2,0.15,0.01,16,1.8,3.450,6.200,6.792220,11.780682,4.567604,1.696283
0.2,4000,0.05,0.2,0.15,0.01,45,1,2.400,3.400,5.441085,9.464907,4.634689,1.139138
0.2,4000,0.05,0.2,0.15,0.01,45,1.8,2.950,4.200,5.463005,9.506043,4.656617,1.450590
0.2,4000,0.05,0.2,0.15,0.01,160,1,2.150,2.900,4.899350,8.537854,4.670785,1.043177
0.2,4000,0.05,0.2,0.15,0.01,160,1.8,2.750,3.700,4.921446,8.579290,4.692883,1.350487
0.2,4000,0.05,0.2,0.35,0.0005,16,1,4.250,4.600,1.516343,2.782126,1.331027,1.985002
0.2,4000,0.05,0.2,0.35,0.0005,16,1.8,4.800,5.150,1.539469,2.825312,1.354175,2.322121
0.2,4000,0.05,0.2,0.35,0.0005,45,1,3.350,3.600,1.399145,2.575138,1.333150,1.591190
0.2,4000,0.05,0.2,0.35,0.0005,45,1.8,3.900,4.200,1.422322,2.618414,1.356335,1.916725
0.2,4000,0.05,0.2,0.35,0.0005,160,1,3.000,3.200,1.352566,2.492873,1.333993,1.434674
0.2,4000,0.05,0.2,0.35,0.0005,160,1.8,3.550,3.800,1.375764,2.536185,1.357193,1.755606
0.2,4000,0.05,0.2,0.35,0.002,16,1,4.200,4.800,2.406645,4.301228,1.878531,1.965408
0.2,4000,0.05,0.2,0.35,0.002,16,1.8,4.750,5.350,2.429492,4.343937,1.901399,2.301951
0.2,4000,0.05,0.2,0.35,0.002,45,1,3.350,3.700,2.075724,3.729634,1.887094,1.579943
0.2,4000,0.05,0.2,0.35,0.002,45,1.8,3.900,4.300,2.098689,3.772547,1.910067,1.905147
0.2,4000,0.05,0.2,0.35,0.002,160,1,3.000,3.300,1.943660,3.501522,1.890512,1.426111
0.2,4000,0.05,0.2,0.35,0.002,160,1.8,3.550,3.900,1.966672,3.544517,1.913526,1.746791
0.2,4000,0.05,0.2,0.35,0.01,16,1,4.000,7.500,6.812690,11.819162,4.588092,1.868437
0.2,4000,0.05,0.2,0.35,0.01,16,1.8,4.550,8.350,6.834154,11.859511,4.609575,2.202128
0.2,4000,0.05,0.2,0.35,0.01,45,1,3.200,4.700,5.483885,9.545226,4.677503,1.523290
0.2,4000,0.05,0.2,0.35,0.01,45,1.8,3.750,5.400,5.505778,9.586311,4.699403,1.846828
0.2,4000,0.05,0.2,0.35,0.01,160,1,2.900,3.950,4.942493,8.618761,4.713931,1.382667
0.2,4000,0.05,0.2,0.35,0.01,160,1.8,3.450,4.650,4.964561,8.660146,4.736002,1.702069
0.2,4000,0.05,0.9,0.15,0.0005,16,1,2.750,2.850,0.760605,1.370918,0.574583,1.201440
0.2,4000,0.05,0.9,0.15,0.0005,16,1.8,2.950,3.100,0.784210,1.414996,0.598210,1.336810
0.2,4000,0.05,0.9,0.15,0.0005,45,1,2.100,2.200,0.641750,1.160958,0.575503,0.932412
0.2,4000,0.05,0.9,0.15,0.0005,45,1.8,2.300,2.400,0.665407,1.205129,0.599168,1.055960
0.2,4000,0.05,0.9,0.15,0.0005,160,1,1.850,1.950,0.594513,1.077511,0.575869,0.825490
0.2,4000,0.05,0.9,0.15,0.0005,160,1.8,2.050,2.150,0.618190,1.121720,0.599549,0.944339
0.2,4000,0.05,0.9,0.15,0.002,16,1,2.700,2.950,1.660041,2.905602,1.131239,1.188054
0.2,4000,0.05,0.9,0.15,0.002,16,1.8,2.950,3.200,1.683361,2.949194,1.154580,1.322837
0.2,4000,0.05,0.9,0.15,0.002,45,1,2.100,2.250,1.325279,2.327311,1.136402,0.924729
0.2,4000,0.05,0.9,0.15,0.002,45,1.8,2.300,2.450,1.348719,2.371112,1.159850,1.047939
0.2,4000,0.05,0.9,0.15,0.002,160,1,1.850,2.000,1.191681,2.096524,1.138463,0.819640
0.2,4000,0.05,0.9,0.15,0.002,160,1.8,2.050,2.200,1.215169,2.140408,1.161953,0.938232
0.2,4000,0.05,0.9,0.15,0.01,16,1,2.550,4.250,6.111298,10.500662,3.886093,1.121810
0.2,4000,0.05,0.9,0.15,0.01,16,1.8,2.750,4.600,6.133206,10.541845,3.908020,1.253682
0.2,4000,0.05,0.9,0.15,0.01,45,1,2.000,2.800,4.768451,8.202634,3.961845,0.886027
0.2,4000,0.05,0.9,0.15,0.01,45,1.8,2.200,3.050,4.790798,8.244570,3.984198,1.007536
0.2,4000,0.05,0.9,0.15,0.01,160,1,1.800,2.350,4.221334,7.266346,3.992708,0.789961
0.2,4000,0.05,0.9,0.15,0.01,160,1.8,2.000,2.600,4.243859,7.308588,4.015235,0.907249
0.2,4000,0.05,0.9,0.35,0.0005,16,1,3.950,4.100,0.806694,1.456982,0.620716,1.732531
0.2,4000,0.05,0.9,0.35,0.0005,16,1.8,4.150,4.350,0.830270,1.501006,0.644314,1.880205
0.2,4000,0.05,0.9,0.35,0.0005,45,1,3.050,3.150,0.687941,1.247204,0.621709,1.338434
0.2,4000,0.05,0.9,0.35,0.0005,45,1.8,3.250,3.350,0.711568,1.291320,0.645345,1.474301
0.2,4000,0.05,0.9,0.35,0.0005,160,1,2.650,2.750,0.640744,1.163829,0.622104,1.181805
0.2,4000,0.05,0.9,0.35,0.0005,160,1.8,2.850,2.950,0.664392,1.207983,0.645755,1.312978
0.2,4000,0.05,0.9,0.35,0.002,16,1,3.900,4.250,1.705574,2.990716,1.176813,1.712922
0.2,4000,0.05,0.9,0.35,0.002,16,1.8,4.100,4.550,1.728864,3.034253,1.200125,1.860010
0.2,4000,0.05,0.9,0.35,0.002,45,1,3.000,3.250,1.371046,2.412833,1.182184,1.327179
0.2,4000,0.05,0.9,0.35,0.002,45,1.8,3.200,3.450,1.394457,2.456580,1.205603,1.462708
0.2,4000,0.05,0.9,0.35,0.002,160,1,2.650,2.850,1.237542,2.182210,1.184328,1.173235
0.2,4000,0.05,0.9,0.35,0.002,160,1.8,2.850,3.050,1.261000,2.226040,1.207789,1.304152
0.2,4000,0.05,0.9,0.35,0.01,16,1,3.650,6.150,6.154073,10.581073,3.928905,1.615882
0.2,4000,0.05,0.9,0.35,0.01,16,1.8,3.900,6.500,6.175954,10.622204,3.950805,1.760062
0.2,4000,0.05,0.9,0.35,0.01,45,1,2.850,4.000,4.812083,8.284514,4.005490,1.270485
0.2,4000,0.05,0.9,0.35,0.01,45,1.8,3.100,4.300,4.834402,8.326397,4.027816,1.404315
0.2,4000,0.05,0.9,0.35,0.01,160,1,2.550,3.350,4.265315,7.348825,4.036693,1.129759
0.2,4000,0.05,0.9,0.35,0.01,160,1.8,2.750,3.600,4.287812,7.391015,4.059192,1.259373
0.2,4000,0.05,2,0.15,0.0005,16,1,2.700,2.800,0.647700,1.160089,0.461574,1.161287
0.2,4000,0.05,2,0.15,0.0005,16,1.8,2.850,2.950,0.671377,1.204301,0.485272,1.266518
0.2,4000,0.05,2,0.15,0.0005,45,1,2.050,2.150,0.528597,0.949683,0.462313,0.892213
0.2,4000,0.05,2,0.15,0.0005,45,1.8,2.250,2.300,0.552326,0.993989,0.486050,0.985585
0.2,4000,0.05,2,0.15,0.0005,160,1,1.850,1.850,0.481261,0.866059,0.462607,0.785273
0.2,4000,0.05,2,0.15,0.0005,160,1.8,1.950,2.000,0.505011,0.910402,0.486359,0.873931
0.2,4000,0.05,2,0.15,0.002,16,1,2.650,2.900,1.548501,2.697101,1.019596,1.147899
0.2,4000,0.05,2,0.15,0.002,16,1.8,2.850,3.100,1.571892,2.740825,1.043008,1.252540
0.2,4000,0.05,2,0.15,0.002,45,1,2.050,2.200,1.213165,2.117807,1.024251,0.884529
0.2,4000,0.05,2,0.15,0.002,45,1.8,2.200,2.350,1.236676,2.161741,1.047770,0.977562
0.2,4000,0.05,2,0.15,0.002,160,1,1.800,1.900,1.079337,1.886620,1.026109,0.779422
0.2,4000,0.05,2,0.15,0.002,160,1.8,1.950,2.050,1.102896,1.930638,1.049670,0.867822
0.2,4000,0.05,2,0.15,0.01,16,1,2.500,4.100,6.006513,10.303683,3.781217,1.081644
0.2,4000,0.05,2,0.15,0.01,16,1.8,2.700,4.400,6.028487,10.344991,3.803210,1.183365
0.2,4000,0.05,2,0.15,0.01,45,1,1.950,2.700,4.661567,8.002054,3.854927,0.845820
0.2,4000,0.05,2,0.15,0.01,45,1.8,2.100,2.900,4.683982,8.044117,3.877348,0.937147
0.2,4000,0.05,2,0.15,0.01,160,1,1.750,2.300,4.113594,7.064298,3.884959,0.749738
0.2,4000,0.05,2,0.15,0.01,160,1.8,1.900,2.450,4.136188,7.106669,3.907555,0.836830
0.2,4000,0.05,2,0.35,0.0005,16,1,3.900,4.050,0.693930,1.246415,0.507846,1.692426
0.2,4000,0.05,2,0.35,0.0005,16,1.8,4.100,4.250,0.717577,1.290572,0.531516,1.809998
0.2,4000,0.05,2,0.35,0.0005,45,1,3.000,3.050,0.574929,1.036191,0.508660,1.298284
0.2,4000,0.05,2,0.35,0.0005,45,1.8,3.150,3.250,0.598628,1.080442,0.532367,1.404012
0.2,4000,0.05,2,0.35,0.0005,160,1,2.600,2.700,0.527633,0.952640,0.508983,1.141637
0.2,4000,0.05,2,0.35,0.0005,160,1.8,2.800,2.850,0.551353,0.996928,0.532705,1.242657
0.2,4000,0.05,2,0.35,0.002,16,1,3.850,4.200,1.594172,2.782473,1.065309,1.672816
0.2,4000,0.05,2,0.35,0.002,16,1.8,4.050,4.400,1.617534,2.826143,1.088692,1.789798
0.2,4000,0.05,2,0.35,0.002,45,1,2.950,3.150,1.259071,2.203590,1.070172,1.287028
0.2,4000,0.05,2,0.35,0.002,45,1.8,3.150,3.350,1.282553,2.247470,1.093662,1.392418
0.2,4000,0.05,2,0.35,0.002,160,1,2.600,2.750,1.125337,1.972567,1.072113,1.133066
0.2,4000,0.05,2,0.35,0.002,160,1.8,2.750,2.950,1.148867,2.016530,1.095645,1.233829
0.2,4000,0.05,2,0.35,0.01,16,1,3.600,6.000,6.049418,10.384338,3.824159,1.575765
0.2,4000,0.05,2,0.35,0.01,16,1.8,3.800,6.300,6.071365,10.425594,3.846125,1.689831
0.2,4000,0.05,2,0.35,0.01,45,1,2.850,3.900,4.705332,8.084184,3.898705,1.230327
0.2,4000,0.05,2,0.35,0.01,45,1.8,3.000,4.150,4.727718,8.126194,3.921099,1.334013
0.2,4000,0.05,2,0.35,0.01,160,1,2.500,3.300,4.157709,7.147029,3.929078,1.089585
0.2,4000,0.05,2,0.35,0.01,160,1.8,2.650,3.500,4.180275,7.189347,3.951645,1.189041
0.2,4000,0.2,0.2,0.15,0.0005,16,1,5.200,6.400,4.088866,7.585864,3.905952,2.647162
0.2,4000,0.2,0.2,0.15,0.0005,16,1.8,7.350,9.250,4.110402,7.626079,3.927508,3.671054
0.2,4000,0.2,0.2,0.15,0.0005,45,1,4.700,5.750,3.977239,7.388863,3.912101,2.374021
0.2,4000,0.2,0.2,0.15,0.0005,45,1.8,6.850,8.650,3.998822,7.429161,3.933690,3.387125
0.2,4000,0.2,0.2,0.15,0.0005,160,1,4.500,5.550,3.932876,7.310570,3.914544,2.265468
0.2,4000,0.2,0.2,0.15,0.0005,160,1.8,6.700,8.400,3.954477,7.350901,3.936147,3.274285
0.2,4000,0.2,0.2,0.15,0.002,16,1,5.150,6.850,4.948073,9.051920,4.422303,2.633572
0.2,4000,0.2,0.2,0.15,0.002,16,1.8,7.300,9.950,4.969348,9.091691,4.443598,3.656927
0.2,4000,0.2,0.2,0.15,0.002,45,1,4.650,6.050,4.630161,8.502997,4.442372,2.366221
0.2,4000,0.2,0.2,0.15,0.002,45,1.8,6.850,9.150,4.651545,8.542957,4.463764,3.379017
0.2,4000,0.2,0.2,0.15,0.002,160,1,4.450,5.750,4.503292,8.283939,4.450381,2.259529
0.2,4000,0.2,0.2,0.15,0.002,160,1.8,6.700,8.850,4.524720,8.323974,4.471811,3.268112
0.2,4000,0.2,0.2,0.15,0.01,16,1,5.050,NaN,9.200201,16.307287,6.977671,2.566314
0.2,4000,0.2,0.2,0.15,0.01,16,1.8,7.200,NaN,9.220188,16.344860,6.997676,3.587013
0.2,4000,0.2,0.2,0.15,0.01,45,1,4.600,NaN,7.919138,14.115251,7.113520,2.326928
0.2,4000,0.2,0.2,0.15,0.01,45,1.8,6.800,NaN,7.939525,14.153509,7.133913,3.338173
0.2,4000,0.2,0.2,0.15,0.01,160,1,4.400,10.700,7.397211,13.222177,7.168868,2.229398
0.2,4000,0.2,0.2,0.15,0.01,160,1.8,6.650,17.600,7.417760,13.260714,7.189419,3.236791
0.2,4000,0.2,0.2,0.35,0.0005,16,1,6.200,7.700,4.130917,7.664386,3.948042,3.182541
0.2,4000,0.2,0.2,0.35,0.0005,16,1.8,8.300,10.350,4.152428,7.704554,3.969573,4.217660
0.2,4000,0.2,0.2,0.35,0.0005,45,1,5.450,6.650,4.019380,7.467547,3.954256,2.784311
0.2,4000,0.2,0.2,0.35,0.0005,45,1.8,7.550,9.400,4.040937,7.507797,3.975820,3.808655
0.2,4000,0.2,0.2,0.35,0.0005,160,1,5.150,6.300,3.975053,7.389318,3.956725,2.626045
0.2,4000,0.2,0.2,0.35,0.0005,160,1.8,7.250,9.100,3.996628,7.429601,3.978302,3.646106
0.2,4000,0.2,0.2,0.35,0.002,16,1,6.150,8.200,4.989615,9.129575,4.463883,3.162727
0.2,4000,0.2,0.2,0.35,0.002,16,1.8,8.250,11.100,5.010866,9.169299,4.485154,4.197309
0.2,4000,0.2,0.2,0.35,0.002,45,1,5.400,7.000,4.671915,8.581021,4.484140,2.772938
0.2,4000,0.2,0.2,0.35,0.002,45,1.8,7.550,9.900,4.693274,8.620934,4.505506,3.796974
0.2,4000,0.2,0.2,0.35,0.002,160,1,5.100,6.550,4.545131,8.362110,4.492224,2.617386
0.2,4000,0.2,0.2,0.35,0.002,160,1.8,7.250,9.500,4.566533,8.402098,4.513628,3.637213
0.2,4000,0.2,0.2,0.35,0.01,16,1,5.950,NaN,9.239227,16.380650,7.016731,3.064667
0.2,4000,0.2,0.2,0.35,0.01,16,1.8,8.050,NaN,9.259191,16.418178,7.036712,4.096596
0.2,4000,0.2,0.2,0.35,0.01,45,1,5.300,NaN,7.958944,14.189951,7.153339,2.715651
0.2,4000,0.2,0.2,0.35,0.01,45,1.8,7.450,NaN,7.979306,14.228164,7.173707,3.738137
0.2,4000,0.2,0.2,0.35,0.01,160,1,5.050,12.450,7.437334,13.297422,7.208995,2.573456
0.2,4000,0.2,0.2,0.35,0.01,160,1.8,7.200,20.050,7.457859,13.335913,7.229522,3.592095
0.2,4000,0.2,0.9,0.15,0.0005,16,1,3.150,3.350,1.370461,2.509718,1.185009,1.498943
0.2,4000,0.2,0.9,0.15,0.0005,16,1.8,3.700,3.950,1.393680,2.553075,1.208249,1.797118
0.2,4000,0.2,0.9,0.15,0.0005,45,1,2.550,2.700,1.252944,2.302157,1.186900,1.224513
0.2,4000,0.2,0.9,0.15,0.0005,45,1.8,3.050,3.250,1.276214,2.345605,1.210178,1.511058
0.2,4000,0.2,0.9,0.15,0.0005,160,1,2.300,2.450,1.206239,2.219665,1.187652,1.115444
0.2,4000,0.2,0.9,0.15,0.0005,160,1.8,2.850,3.000,1.229528,2.263149,1.210944,1.397368
0.2,4000,0.2,0.9,0.15,0.002,16,1,3.100,3.500,2.262526,4.031828,1.734280,1.485289
0.2,4000,0.2,0.9,0.15,0.002,16,1.8,3.650,4.100,2.285465,4.074706,1.757239,1.782885
0.2,4000,0.2,0.9,0.15,0.002,45,1,2.550,2.750,1.930865,3.458942,1.742187,1.216676
0.2,4000,0.2,0.9,0.15,0.002,45,1.8,3.050,3.350,1.953921,3.502026,1.765251,1.502889
0.2,4000,0.2,0.9,0.15,0.002,160,1,2.300,2.500,1.798505,3.230314,1.745343,1.109477
0.2,4000,0.2,0.9,0.15,0.002,160,1.8,2.800,3.050,1.821608,3.273480,1.768449,1.391147
0.2,4000,0.2,0.9,0.15,0.01,16,1,2.950,5.300,6.677299,11.564650,4.452584,1.417715
0.2,4000,0.2,0.9,0.15,0.01,16,1.8,3.500,6.150,6.698848,11.605159,4.474152,1.712447
0.2,4000,0.2,0.9,0.15,0.01,45,1,2.450,3.450,5.345784,9.286064,4.539359,1.177196
0.2,4000,0.2,0.9,0.15,0.01,45,1.8,2.950,4.150,5.367765,9.327313,4.561346,1.461737
0.2,4000,0.2,0.9,0.15,0.01,160,1,2.250,2.950,4.803287,8.357703,4.574713,1.079202
0.2,4000,0.2,0.9,0.15,0.01,160,1.8,2.750,3.650,4.825443,8.399254,4.596872,1.359590
0.2,4000,0.2,0.9,0.35,0.0005,16,1,4.350,4.650,1.415797,2.594374,1.230387,2.035658
0.2,4000,0.2,0.9,0.35,0.0005,16,1.8,4.850,5.200,1.438987,2.637678,1.253599,2.345936
0.2,4000,0.2,0.9,0.35,0.0005,45,1,3.450,3.650,1.298379,2.386991,1.232350,1.636161
0.2,4000,0.2,0.9,0.35,0.0005,45,1.8,3.950,4.200,1.321620,2.430386,1.255599,1.934823
0.2,4000,0.2,0.9,0.35,0.0005,160,1,3.100,3.250,1.251713,2.304570,1.233130,1.477386
0.2,4000,0.2,0.9,0.35,0.0005,160,1.8,3.600,3.800,1.274974,2.348000,1.256394,1.771433
0.2,4000,0.2,0.9,0.35,0.002,16,1,4.300,4.850,2.307314,4.115549,1.779109,2.015781
0.2,4000,0.2,0.9,0.35,0.002,16,1.8,4.800,5.400,2.330224,4.158375,1.802040,2.325481
0.2,4000,0.2,0.9,0.35,0.002,45,1,3.400,3.750,1.975883,3.543065,1.787220,1.624752
0.2,4000,0.2,0.9,0.35,0.002,45,1.8,3.900,4.300,1.998910,3.586096,1.810255,1.923083
0.2,4000,0.2,0.9,0.35,0.002,160,1,3.050,3.350,1.843615,3.314597,1.790457,1.468700
0.2,4000,0.2,0.9,0.35,0.002,160,1.8,3.550,3.900,1.866689,3.357710,1.813534,1.762493
0.2,4000,0.2,0.9,0.35,0.01,16,1,4.050,7.450,6.719374,11.643745,4.494696,1.917411
0.2,4000,0.2,0.9,0.35,0.01,16,1.8,4.550,8.250,6.740897,11.684204,4.516237,2.224251
0.2,4000,0.2,0.9,0.35,0.01,45,1,3.300,4.750,5.388702,9.366604,4.582290,1.567281
0.2,4000,0.2,0.9,0.35,0.01,45,1.8,3.800,5.400,5.410655,9.407802,4.604250,1.863941
0.2,4000,0.2,0.9,0.35,0.01,160,1,2.950,4.000,4.846548,8.438832,4.617978,1.424628
0.2,4000,0.2,0.9,0.35,0.01,160,1.8,3.500,4.650,4.868677,8.480331,4.640109,1.717140
0.2,4000,0.2,2,0.15,0.0005,16,1,2.900,3.050,0.924219,1.676439,0.738350,1.311327
0.2,4000,0.2,2,0.15,0.0005,16,1.8,3.200,3.350,0.947720,1.720323,0.761873,1.490375
0.2,4000,0.2,2,0.15,0.0005,45,1,2.250,2.350,0.805724,1.467123,0.739531,1.036681
0.2,4000,0.2,2,0.15,0.0005,45,1.8,2.550,2.650,0.829276,1.511100,0.763092,1.203958
0.2,4000,0.2,2,0.15,0.0005,160,1,2.000,2.100,0.758629,1.383933,0.740001,0.927526
0.2,4000,0.2,2,0.15,0.0005,160,1.8,2.300,2.400,0.782202,1.427947,0.763576,1.090125
0.2,4000,0.2,2,0.15,0.002,16,1,2.850,3.150,1.821678,3.207749,1.293024,1.297662
0.2,4000,0.2,2,0.15,0.002,16,1.8,3.150,3.500,1.844895,3.251149,1.316263,1.476124
0.2,4000,0.2,2,0.15,0.002,45,1,2.250,2.450,1.487748,2.630909,1.298925,1.028837
0.2,4000,0.2,2,0.15,0.002,45,1.8,2.550,2.750,1.511085,2.674517,1.322269,1.195778
0.2,4000,0.2,2,0.15,0.002,160,1,2.000,2.150,1.354482,2.400702,1.301279,0.921554
0.2,4000,0.2,2,0.15,0.002,160,1.8,2.300,2.450,1.377866,2.444393,1.324666,1.083897
0.2,4000,0.2,2,0.15,0.01,16,1,2.700,4.600,6.263147,10.786112,4.038073,1.230034
0.2,4000,0.2,2,0.15,0.01,16,1.8,3.000,5.000,6.284958,10.827114,4.059903,1.405598
0.2,4000,0.2,2,0.15,0.01,45,1,2.150,3.000,4.923341,8.493301,4.116782,0.989327
0.2,4000,0.2,2,0.15,0.01,45,1.8,2.450,3.350,4.945588,8.535052,4.139037,1.154574
0.2,4000,0.2,2,0.15,0.01,160,1,1.950,2.550,4.377463,7.559140,4.148851,0.891255
0.2,4000,0.2,2,0.15,0.01,160,1.8,2.200,2.900,4.399888,7.601196,4.171279,1.052300
0.2,4000,0.2,2,0.35,0.0005,16,1,4.100,4.300,0.970105,1.762124,0.784280,1.848266
0.2,4000,0.2,2,0.35,0.0005,16,1.8,4.400,4.600,0.993577,1.805954,0.807773,2.039564
0.2,4000,0.2,2,0.35,0.0005,45,1,3.200,3.300,0.851711,1.552989,0.785534,1.448556
0.2,4000,0.2,2,0.35,0.0005,45,1.8,3.450,3.600,0.875234,1.596911,0.809065,1.628098
0.2,4000,0.2,2,0.35,0.0005,160,1,2.800,2.950,0.804656,1.469871,0.786032,1.289696
0.2,4000,0.2,2,0.35,0.0005,160,1.8,3.100,3.200,0.828200,1.513830,0.809578,1.464566
0.2,4000,0.2,2,0.35,0.002,16,1,4.050,4.500,1.867010,3.292488,1.338398,1.828378
0.2,4000,0.2,2,0.35,0.002,16,1.8,4.350,4.800,1.890198,3.335834,1.361608,2.019091
0.2,4000,0.2,2,0.35,0.002,45,1,3.150,3.400,1.533313,2.716055,1.344505,1.437141
0.2,4000,0.2,2,0.35,0.002,45,1.8,3.450,3.700,1.556621,2.759609,1.367820,1.616347
0.2,4000,0.2,2,0.35,0.002,160,1,2.800,3.000,1.400141,2.486010,1.346942,1.281005
0.2,4000,0.2,2,0.35,0.002,160,1.8,3.100,3.300,1.423496,2.529647,1.370300,1.455618
0.2,4000,0.2,2,0.35,0.01,16,1,3.850,6.550,6.305734,10.866169,4.080697,1.729956
0.2,4000,0.2,2,0.35,0.01,16,1.8,4.100,7.000,6.327518,10.907119,4.102500,1.917774
0.2,4000,0.2,2,0.35,0.01,45,1,3.000,4.250,4.966780,8.574820,4.160236,1.379639
0.2,4000,0.2,2,0.35,0.01,45,1.8,3.300,4.600,4.989000,8.616519,4.182463,1.557154
0.2,4000,0.2,2,0.35,0.01,160,1,2.700,3.600,4.421250,7.641256,4.192642,1.236910
0.2,4000,0.2,2,0.35,0.01,160,1.8,3.000,3.900,4.443648,7.683260,4.215042,1.410226
0.2,4000,0.4,0.2,0.15,0.0005,16,1,9.150,20.450,7.302378,13.586536,7.122465,4.660728
0.2,4000,0.4,0.2,0.15,0.0005,16,1.8,13.250,31.450,7.322007,13.623189,7.142112,6.542574
0.2,4000,0.4,0.2,0.15,0.0005,45,1,8.700,18.550,7.197561,13.401731,7.133493,4.382107
0.2,4000,0.4,0.2,0.15,0.0005,45,1.8,12.850,28.600,7.217231,13.438458,7.153169,6.254121
0.2,4000,0.4,0.2,0.15,0.0005,160,1,8.550,17.900,7.155905,13.328288,7.137875,4.271381
0.2,4000,0.4,0.2,0.15,0.0005,160,1.8,12.700,27.700,7.175592,13.365044,7.157563,6.139487
0.2,4000,0.4,0.2,0.15,0.002,16,1,9.100,NaN,8.122734,14.986315,7.599892,4.646864
0.2,4000,0.4,0.2,0.15,0.002,16,1.8,13.250,NaN,8.142125,15.022563,7.619301,6.528221
0.2,4000,0.4,0.2,0.15,0.002,45,1,8.700,NaN,7.820927,14.465441,7.634189,4.374151
0.2,4000,0.4,0.2,0.15,0.002,45,1.8,12.850,NaN,7.840417,14.501860,7.653685,6.245884
0.2,4000,0.4,0.2,0.15,0.002,160,1,8.550,NaN,7.700490,14.257583,7.647876,4.265323
0.2,4000,0.4,0.2,0.15,0.002,160,1.8,12.700,NaN,7.720018,14.294070,7.667406,6.133215
0.2,4000,0.4,0.2,0.15,0.01,16,1,9.000,NaN,12.182561,21.913629,9.962615,4.578256
0.2,4000,0.4,0.2,0.15,0.01,16,1.8,13.150,NaN,12.200777,21.947874,9.980847,6.457192
0.2,4000,0.4,0.2,0.15,0.01,45,1,8.650,NaN,10.961011,19.823666,10.156348,4.334071
0.2,4000,0.4,0.2,0.15,0.01,45,1.8,12.800,NaN,10.979591,19.858533,10.174933,6.204390
0.2,4000,0.4,0.2,0.15,0.01,160,1,8.500,NaN,10.463346,18.972205,10.235276,4.234589
0.2,4000,0.4,0.2,0.15,0.01,160,1.8,12.650,NaN,10.482074,19.007326,10.254005,6.101397
0.2,4000,0.4,0.2,0.35,0.0005,16,1,10.000,22.350,7.340705,13.658105,7.160827,5.201816
0.2,4000,0.4,0.2,0.35,0.0005,16,1.8,14.050,33.700,7.360312,13.694716,7.180452,7.093895
0.2,4000,0.4,0.2,0.35,0.0005,45,1,9.350,19.750,7.235968,13.473444,7.171912,4.798088
0.2,4000,0.4,0.2,0.35,0.0005,45,1.8,13.450,30.050,7.255616,13.510129,7.191567,6.680346
0.2,4000,0.4,0.2,0.35,0.0005,160,1,9.100,18.950,7.194344,13.400058,7.176318,4.637643
0.2,4000,0.4,0.2,0.35,0.0005,160,1.8,13.200,28.950,7.214008,13.436772,7.195983,6.515998
0.2,4000,0.4,0.2,0.35,0.002,16,1,10.000,NaN,8.160597,15.057093,7.637790,5.181727
0.2,4000,0.4,0.2,0.35,0.002,16,1.8,14.050,NaN,8.179967,15.093300,7.657178,7.073318
0.2,4000,0.4,0.2,0.35,0.002,45,1,9.300,NaN,7.858982,14.536552,7.672256,4.786559
0.2,4000,0.4,0.2,0.35,0.002,45,1.8,13.450,NaN,7.878449,14.572929,7.691730,6.668537
0.2,4000,0.4,0.2,0.35,0.002,160,1,9.050,NaN,7.738621,14.328827,7.686010,4.628865
0.2,4000,0.4,0.2,0.35,0.002,160,1.8,13.200,NaN,7.758127,14.365273,7.705518,6.507007
0.2,4000,0.4,0.2,0.35,0.01,16,1,9.800,NaN,12.218130,21.980494,9.998215,5.082312
0.2,4000,0.4,0.2,0.35,0.01,16,1.8,13.850,NaN,12.236326,22.014700,10.016427,6.971485
0.2,4000,0.4,0.2,0.35,0.01,45,1,9.250,NaN,10.997290,19.891747,10.192638,4.728482
0.2,4000,0.4,0.2,0.35,0.01,45,1.8,13.350,NaN,11.015848,19.926575,10.211202,6.609048
0.2,4000,0.4,0.2,0.35,0.01,160,1,9.000,NaN,10.499914,19.040782,10.271847,4.584330
0.2,4000,0.4,0.2,0.35,0.01,160,1.8,13.150,NaN,10.518620,19.075863,10.290555,6.461389
0.2,4000,0.4,0.9,0.15,0.0005,16,1,4.000,4.400,2.168185,3.999329,1.983478,2.011723
0.2,4000,0.4,0.9,0.15,0.0005,16,1.8,5.000,5.500,2.190904,4.041751,2.006218,2.522858
0.2,4000,0.4,0.9,0.15,0.0005,45,1,3.400,3.750,2.052409,3.794889,1.986631,1.730221
0.2,4000,0.4,0.9,0.15,0.0005,45,1.8,4.400,4.850,2.075177,3.837401,2.009407,2.229977
0.2,4000,0.4,0.9,0.15,0.0005,160,1,3.200,3.500,2.006396,3.713639,1.987884,1.618343
0.2,4000,0.4,0.9,0.15,0.0005,160,1.8,4.200,4.600,2.029183,3.756185,2.010674,2.113576
0.2,4000,0.4,0.9,0.15,0.002,16,1,3.950,4.600,3.050609,5.504990,2.523089,1.997717
0.2,4000,0.4,0.9,0.15,0.002,16,1.8,4.950,5.750,3.073053,5.546945,2.545553,2.508286
0.2,4000,0.4,0.9,0.15,0.002,45,1,3.400,3.850,2.722994,4.939159,2.534578,1.722182
0.2,4000,0.4,0.9,0.15,0.002,45,1.8,4.400,5.050,2.745553,4.981314,2.557144,2.221613
0.2,4000,0.4,0.9,0.15,0.002,160,1,3.200,3.600,2.592250,4.713348,2.539162,1.612222
0.2,4000,0.4,0.9,0.15,0.002,160,1.8,4.200,4.750,2.614855,4.755583,2.561769,2.107208
0.2,4000,0.4,0.9,0.15,0.01,16,1,3.800,9.400,7.417656,12.956398,5.193582,1.928401
0.2,4000,0.4,0.9,0.15,0.01,16,1.8,4.800,12.350,7.438740,12.996034,5.214685,2.436168
0.2,4000,0.4,0.9,0.15,0.01,45,1,3.300,5.050,6.100957,10.703230,5.294768,1.681685
0.2,4000,0.4,0.9,0.15,0.01,45,1.8,4.300,6.650,6.122463,10.743589,5.316281,2.179479
0.2,4000,0.4,0.9,0.15,0.01,160,1,3.100,4.400,5.564500,9.785232,5.335994,1.581167
0.2,4000,0.4,0.9,0.15,0.01,160,1.8,4.150,5.950,5.586178,9.825886,5.357674,2.074898
0.2,4000,0.4,0.9,0.35,0.0005,16,1,5.100,5.700,2.212544,4.082161,2.027878,2.555799
0.2,4000,0.4,0.9,0.35,0.0005,16,1.8,6.050,6.750,2.235235,4.124532,2.050590,3.078777
0.2,4000,0.4,0.9,0.35,0.0005,45,1,4.250,4.700,2.096864,3.877895,2.031101,2.149233
0.2,4000,0.4,0.9,0.35,0.0005,45,1.8,5.250,5.750,2.119605,3.920354,2.053849,2.660845
0.2,4000,0.4,0.9,0.35,0.0005,160,1,3.900,4.300,2.050890,3.796713,2.032382,1.987650
0.2,4000,0.4,0.9,0.35,0.0005,160,1.8,4.900,5.400,2.073649,3.839208,2.055144,2.494745
0.2,4000,0.4,0.9,0.35,0.002,16,1,5.100,5.950,3.094431,5.586908,2.566952,2.535570
0.2,4000,0.4,0.9,0.35,0.002,16,1.8,6.050,7.050,3.116848,5.628811,2.589389,3.057983
0.2,4000,0.4,0.9,0.35,0.002,45,1,4.250,4.850,2.767042,5.021468,2.578639,2.137622
0.2,4000,0.4,0.9,0.35,0.002,45,1.8,5.200,5.950,2.789573,5.063572,2.601178,2.648910
0.2,4000,0.4,0.9,0.35,0.002,160,1,3.900,4.400,2.636388,4.795814,2.583304,1.978810
0.2,4000,0.4,0.9,0.35,0.002,160,1.8,4.900,5.550,2.658965,4.837998,2.605883,2.485658
0.2,4000,0.4,0.9,0.35,0.01,16,1,4.850,13.400,7.458824,13.033788,5.234786,2.435459
0.2,4000,0.4,0.9,0.35,0.01,16,1.8,5.800,16.900,7.479883,13.073376,5.255864,2.955073
0.2,4000,0.4,0.9,0.35,0.01,45,1,4.100,6.300,6.142949,10.782033,5.336774,2.079134
0.2,4000,0.4,0.9,0.35,0.01,45,1.8,5.100,7.800,6.164429,10.822343,5.358261,2.588787
0.2,4000,0.4,0.9,0.35,0.01,160,1,3.800,5.400,5.606828,9.864611,5.378326,1.933959
0.2,4000,0.4,0.9,0.35,0.01,160,1.8,4.800,6.850,5.628480,9.905216,5.399980,2.439553
0.2,4000,0.4,2,0.15,0.0005,16,1,3.300,3.500,1.289726,2.358960,1.104199,1.565409
0.2,4000,0.4,2,0.15,0.0005,16,1.8,3.750,4.000,1.312996,2.402412,1.127490,1.842032
0.2,4000,0.4,2,0.15,0.0005,45,1,2.650,2.800,1.172033,2.151082,1.105962,1.283396
0.2,4000,0.4,2,0.15,0.0005,45,1.8,3.150,3.300,1.195353,2.194626,1.129290,1.548363
0.2,4000,0.4,2,0.15,0.0005,160,1,2.400,2.550,1.125257,2.068464,1.106663,1.171314
0.2,4000,0.4,2,0.15,0.0005,160,1.8,2.900,3.050,1.148598,2.112044,1.130006,1.431649
0.2,4000,0.4,2,0.15,0.002,16,1,3.250,3.650,2.182768,3.882735,1.654447,1.551377
0.2,4000,0.4,2,0.15,0.002,16,1.8,3.750,4.150,2.205756,3.925707,1.677457,1.827420
0.2,4000,0.4,2,0.15,0.002,45,1,2.650,2.900,1.850696,3.309134,1.661992,1.275342
0.2,4000,0.4,2,0.15,0.002,45,1.8,3.100,3.400,1.873803,3.352312,1.685106,1.539977
0.2,4000,0.4,2,0.15,0.002,160,1,2.400,2.600,1.718172,3.080220,1.665003,1.165181
0.2,4000,0.4,2,0.15,0.002,160,1.8,2.900,3.100,1.741326,3.123481,1.688159,1.425263
0.2,4000,0.4,2,0.15,0.01,16,1,3.100,5.400,6.602370,11.423796,4.377590,1.481936
0.2,4000,0.4,2,0.15,0.01,16,1.8,3.600,6.200,6.623967,11.464394,4.399205,1.755109
0.2,4000,0.4,2,0.15,0.01,45,1,2.550,3.600,5.269356,9.142637,4.462906,1.234772
0.2,4000,0.4,2,0.15,0.01,45,1.8,3.050,4.250,5.291384,9.183977,4.484942,1.497730
0.2,4000,0.4,2,0.15,0.01,160,1,2.350,3.100,4.726247,8.213227,4.497666,1.134070
0.2,4000,0.4,2,0.15,0.01,160,1.8,2.800,3.700,4.748452,8.254869,4.519873,1.392866
0.2,4000,0.4,2,0.35,0.0005,16,1,4.450,4.750,1.335161,2.443802,1.149676,2.110015
0.2,4000,0.4,2,0.35,0.0005,16,1.8,4.950,5.250,1.358402,2.487201,1.172939,2.398767
0.2,4000,0.4,2,0.35,0.0005,45,1,3.550,3.750,1.217567,2.236103,1.151512,1.702945
0.2,4000,0.4,2,0.35,0.0005,45,1.8,4.000,4.250,1.240859,2.279592,1.174811,1.980056
0.2,4000,0.4,2,0.35,0.0005,160,1,3.200,3.350,1.170831,2.153555,1.152241,1.541161
0.2,4000,0.4,2,0.35,0.0005,160,1.8,3.650,3.850,1.194143,2.197081,1.175555,1.813646
0.2,4000,0.4,2,0.35,0.002,16,1,4.400,4.950,2.227653,3.966640,1.699375,2.089761
0.2,4000,0.4,2,0.35,0.002,16,1.8,4.900,5.500,2.250614,4.009559,1.722356,2.377934
0.2,4000,0.4,2,0.35,0.002,45,1,3.500,3.850,1.895813,3.393441,1.707124,1.691320
0.2,4000,0.4,2,0.35,0.002,45,1.8,4.000,4.400,1.918891,3.436567,1.730209,1.968099
0.2,4000,0.4,2,0.35,0.002,160,1,3.150,3.450,1.763381,3.164689,1.710216,1.532309
0.2,4000,0.4,2,0.35,0.002,160,1.8,3.650,3.950,1.786506,3.207896,1.733344,1.804541
0.2,4000,0.4,2,0.35,0.01,16,1,4.200,7.550,6.644538,11.503065,4.419795,1.989527
0.2,4000,0.4,2,0.35,0.01,16,1.8,4.650,8.250,6.666108,11.543612,4.441383,2.274833
0.2,4000,0.4,2,0.35,0.01,45,1,3.400,4.850,5.312367,9.223354,4.505931,1.632759
0.2,4000,0.4,2,0.35,0.01,45,1.8,3.850,5.450,5.334369,9.264642,4.527940,1.907864
0.2,4000,0.4,2,0.35,0.01,160,1,3.050,4.100,4.769603,8.294534,4.541026,1.487402
0.2,4000,0.4,2,0.35,0.01,160,1.8,3.550,4.700,4.791780,8.336124,4.563206,1.758350
0.4,250,0.05,0.2,0.15,0.0005,16,1,16.400,21.350,4.007349,7.177092,3.828384,7.264926
0.4,250,0.05,0.2,0.15,0.0005,16,1.8,17.450,22.650,4.029420,7.218385,3.850475,7.840770
0.4,250,0.05,0.2,0.15,0.0005,45,1,15.800,20.400,3.898010,6.983981,3.834280,7.014421
0.4,250,0.05,0.2,0.15,0.0005,45,1.8,16.850,21.650,3.920128,7.025358,3.856405,7.579452
0.4,250,0.05,0.2,0.15,0.0005,160,1,15.600,20.000,3.854558,6.907238,3.836624,6.914869
0.4,250,0.05,0.2,0.15,0.0005,160,1.8,16.600,21.250,3.876694,6.948648,3.858761,7.475603
0.4,250,0.05,0.2,0.15,0.002,16,1,15.250,NaN,9.072968,15.809603,8.593609,6.771559
0.4,250,0.05,0.2,0.15,0.002,16,1.8,16.250,NaN,9.093487,15.848255,8.614145,7.326107
0.4,250,0.05,0.2,0.15,0.002,45,1,14.750,NaN,8.800296,15.338617,8.629152,6.554968
0.4,250,0.05,0.2,0.15,0.002,45,1.8,15.750,NaN,8.820910,15.377434,8.649772,7.100167
0.4,250,0.05,0.2,0.15,0.002,160,1,14.550,NaN,8.691542,15.150766,8.643328,6.468582
0.4,250,0.05,0.2,0.15,0.002,160,1.8,15.500,NaN,8.712193,15.189649,8.663982,7.010052
0.4,250,0.05,0.2,0.15,0.01,16,1,11.200,NaN,27.246009,46.778956,25.688977,5.001593
0.4,250,0.05,0.2,0.15,0.01,16,1.8,12.000,NaN,27.260930,46.808084,25.703907,5.479744
0.4,250,0.05,0.2,0.15,0.01,45,1,10.900,NaN,26.598447,45.670806,26.037329,4.886886
0.4,250,0.05,0.2,0.15,0.01,45,1.8,11.750,NaN,26.613575,45.700287,26.052459,5.360086
0.4,250,0.05,0.2,0.15,0.01,160,1,10.800,NaN,26.336766,45.223000,26.178098,4.840533
0.4,250,0.05,0.2,0.15,0.01,160,1.8,11.600,NaN,26.351977,45.252624,26.193310,5.311732
0.4,250,0.05,0.2,0.35,0.0005,16,1,23.800,31.150,4.050444,7.257720,3.871518,10.500181
0.4,250,0.05,0.2,0.35,0.0005,16,1.8,24.850,32.450,4.072488,7.298963,3.893583,11.087804
0.4,250,0.05,0.2,0.35,0.0005,45,1,22.950,29.750,3.941195,7.064772,3.877480,10.133082
0.4,250,0.05,0.2,0.35,0.0005,45,1.8,23.950,31.050,3.963286,7.106098,3.899577,10.709903
0.4,250,0.05,0.2,0.35,0.0005,160,1,22.650,29.200,3.897780,6.988093,3.879849,9.987194
0.4,250,0.05,0.2,0.35,0.0005,160,1.8,23.600,30.450,3.919889,7.029453,3.901960,10.559724
0.4,250,0.05,0.2,0.35,0.002,16,1,22.150,NaN,9.113032,15.885073,8.633707,9.777183
0.4,250,0.05,0.2,0.35,0.002,16,1.8,23.150,NaN,9.133526,15.923679,8.654218,10.343533
0.4,250,0.05,0.2,0.35,0.002,45,1,21.400,NaN,8.840545,15.414410,8.669413,9.459782
0.4,250,0.05,0.2,0.35,0.002,45,1.8,22.350,NaN,8.861133,15.453180,8.690008,10.016794
0.4,250,0.05,0.2,0.35,0.002,160,1,21.100,NaN,8.731864,15.226688,8.683655,9.333188
0.4,250,0.05,0.2,0.35,0.002,160,1.8,22.050,NaN,8.752491,15.265524,8.704283,9.886476
0.4,250,0.05,0.2,0.35,0.01,16,1,16.150,NaN,27.275143,46.835830,25.718129,7.183416
0.4,250,0.05,0.2,0.35,0.01,16,1.8,17.000,NaN,27.290046,46.864922,25.733041,7.673456
0.4,250,0.05,0.2,0.35,0.01,45,1,15.800,NaN,26.627984,45.728370,26.066872,7.015321
0.4,250,0.05,0.2,0.35,0.01,45,1.8,16.600,NaN,26.643093,45.757815,26.081984,7.500416
0.4,250,0.05,0.2,0.35,0.01,160,1,15.650,NaN,26.366466,45.280843,26.207800,6.947393
0.4,250,0.05,0.2,0.35,0.01,160,1.8,16.450,NaN,26.381658,45.310431,26.222993,7.430490
0.4,250,0.05,0.9,0.15,0.0005,16,1,16.100,19.900,3.330178,5.910147,3.150595,7.017667
0.4,250,0.05,0.9,0.15,0.0005,16,1.8,16.950,20.900,3.352672,5.952232,3.173110,7.408668
0.4,250,0.05,0.9,0.15,0.0005,45,1,15.550,19.000,3.219415,5.714480,3.155464,6.766954
0.4,250,0.05,0.9,0.15,0.0005,45,1.8,16.350,20.000,3.241956,5.756651,3.178013,7.146935
0.4,250,0.05,0.9,0.15,0.0005,160,1,15.300,18.650,3.175397,5.636721,3.157399,6.667319
0.4,250,0.05,0.9,0.15,0.0005,160,1.8,16.100,19.600,3.197957,5.678925,3.179962,7.042920
0.4,250,0.05,0.9,0.15,0.002,16,1,15.000,NaN,8.443419,14.623686,7.963527,6.523888
0.4,250,0.05,0.9,0.15,0.002,16,1.8,15.750,NaN,8.464332,14.663080,7.984457,6.893185
0.4,250,0.05,0.9,0.15,0.002,45,1,14.500,NaN,8.167836,14.147624,7.996501,6.307113
0.4,250,0.05,0.9,0.15,0.002,45,1.8,15.200,NaN,8.188845,14.187186,8.017516,6.666881
0.4,250,0.05,0.9,0.15,0.002,160,1,14.300,NaN,8.057919,13.957747,8.009652,6.220652
0.4,250,0.05,0.9,0.15,0.002,160,1.8,15.000,NaN,8.078967,13.997377,8.030702,6.576620
0.4,250,0.05,0.9,0.15,0.01,16,1,10.900,NaN,26.788185,45.885233,25.230873,4.752358
0.4,250,0.05,0.9,0.15,0.01,16,1.8,11.500,NaN,26.803393,45.914922,25.246091,5.043790
0.4,250,0.05,0.9,0.15,0.01,45,1,10.650,NaN,26.134296,44.766227,25.573075,4.637545
0.4,250,0.05,0.9,0.15,0.01,45,1.8,11.200,NaN,26.149715,44.796276,25.588497,4.923930
0.4,250,0.05,0.9,0.15,0.01,160,1,10.550,NaN,25.870057,44.314032,25.711360,4.591148
0.4,250,0.05,0.9,0.15,0.01,160,1.8,11.100,NaN,25.885561,44.344227,25.726865,4.875495
0.4,250,0.05,0.9,0.35,0.0005,16,1,23.550,29.150,3.374099,5.992320,3.194556,10.252751
0.4,250,0.05,0.9,0.35,0.0005,16,1.8,24.350,30.200,3.396565,6.034354,3.217043,10.655756
0.4,250,0.05,0.9,0.35,0.0005,45,1,22.700,27.850,3.263428,5.796819,3.199492,9.885477
0.4,250,0.05,0.9,0.35,0.0005,45,1.8,23.500,28.850,3.285942,5.838938,3.222013,10.277475
0.4,250,0.05,0.9,0.35,0.0005,160,1,22.350,27.350,3.219447,5.719126,3.201454,9.739520
0.4,250,0.05,0.9,0.35,0.0005,160,1.8,23.150,28.350,3.241979,5.761278,3.223988,10.127143
0.4,250,0.05,0.9,0.35,0.002,16,1,21.900,NaN,8.484252,14.700604,8.004394,9.529406
0.4,250,0.05,0.9,0.35,0.002,16,1.8,22.650,NaN,8.505139,14.739950,8.025298,9.910732
0.4,250,0.05,0.9,0.35,0.002,45,1,21.150,NaN,8.208857,14.224871,8.037535,9.211849
0.4,250,0.05,0.9,0.35,0.002,45,1.8,21.900,NaN,8.229840,14.264386,8.058524,9.583657
0.4,250,0.05,0.9,0.35,0.002,160,1,20.850,NaN,8.099016,14.035126,8.050753,9.085192
0.4,250,0.05,0.9,0.35,0.002,160,1.8,21.600,NaN,8.120038,14.074708,8.071776,9.453204
0.4,250,0.05,0.9,0.35,0.01,16,1,15.900,NaN,26.817880,45.943202,25.260586,6.934272
0.4,250,0.05,0.9,0.35,0.01,16,1.8,16.500,NaN,26.833070,45.972854,25.275786,7.237822
0.4,250,0.05,0.9,0.35,0.01,45,1,15.500,NaN,26.164402,44.824900,25.603188,6.766082
0.4,250,0.05,0.9,0.35,0.01,45,1.8,16.100,NaN,26.179801,44.854912,25.618591,7.064591
0.4,250,0.05,0.9,0.35,0.01,160,1,15.350,NaN,25.900329,44.372990,25.741634,6.698115
0.4,250,0.05,0.9,0.35,0.01,160,1.8,15.950,NaN,25.915814,44.403148,25.757120,6.994588
0.4,250,0.05,2,0.15,0.0005,16,1,16.100,19.700,3.222589,5.708855,3.042908,6.978396
0.4,250,0.05,2,0.15,0.0005,16,1.8,16.850,20.650,3.245151,5.751067,3.065491,7.340029
0.4,250,0.05,2,0.15,0.0005,45,1,15.500,18.800,3.111599,5.512781,3.047614,6.727650
0.4,250,0.05,2,0.15,0.0005,45,1.8,16.250,19.750,3.134208,5.555078,3.070230,7.078230
0.4,250,0.05,2,0.15,0.0005,160,1,15.300,18.450,3.067490,5.434859,3.049483,6.628001
0.4,250,0.05,2,0.15,0.0005,160,1.8,16.000,19.400,3.090119,5.477190,3.072114,6.974188
0.4,250,0.05,2,0.15,0.002,16,1,14.950,NaN,8.343395,14.435266,7.863418,6.484551
0.4,250,0.05,2,0.15,0.002,16,1.8,15.650,NaN,8.364371,14.474778,7.884411,6.824415
0.4,250,0.05,2,0.15,0.002,45,1,14.450,NaN,8.067349,13.958395,7.895983,6.267746
0.4,250,0.05,2,0.15,0.002,45,1.8,15.150,NaN,8.088421,13.998077,7.917062,6.598053
0.4,250,0.05,2,0.15,0.002,160,1,14.250,NaN,7.957248,13.768196,7.908972,6.181274
0.4,250,0.05,2,0.15,0.002,160,1.8,14.950,NaN,7.978359,13.807946,7.930085,6.507769
0.4,250,0.05,2,0.15,0.01,16,1,10.850,NaN,26.715441,45.743231,25.158085,4.712771
0.4,250,0.05,2,0.15,0.01,16,1.8,11.400,NaN,26.730696,45.773009,25.173349,4.974535
0.4,250,0.05,2,0.15,0.01,45,1,10.600,NaN,26.060547,44.622499,25.499310,4.597941
0.4,250,0.05,2,0.15,0.01,45,1.8,11.150,NaN,26.076012,44.652639,25.514779,4.854644
0.4,250,0.05,2,0.15,0.01,160,1,10.500,NaN,25.795902,44.169607,25.637200,4.551538
0.4,250,0.05,2,0.15,0.01,160,1.8,11.000,NaN,25.811452,44.199893,25.652752,4.806195
0.4,250,0.05,2,0.35,0.0005,16,1,23.500,28.850,3.266642,5.791275,3.087001,10.213453
0.4,250,0.05,2,0.35,0.0005,16,1.8,24.300,29.850,3.289176,5.833435,3.109556,10.587126
0.4,250,0.05,2,0.35,0.0005,45,1,22.650,27.600,3.155745,5.595367,3.091773,9.846152
0.4,250,0.05,2,0.35,0.0005,45,1.8,23.400,28.550,3.178326,5.637613,3.114362,10.208784
0.4,250,0.05,2,0.35,0.0005,160,1,22.350,27.100,3.111673,5.517512,3.093670,9.700183
0.4,250,0.05,2,0.35,0.0005,160,1.8,23.050,28.050,3.134273,5.559791,3.116273,10.058428
0.4,250,0.05,2,0.35,0.002,16,1,21.850,NaN,8.384351,14.512415,7.904408,9.490053
0.4,250,0.05,2,0.35,0.002,16,1.8,22.550,NaN,8.405300,14.551879,7.925376,9.841981
0.4,250,0.05,2,0.35,0.002,45,1,21.100,NaN,8.108493,14.035876,7.937141,9.172470
0.4,250,0.05,2,0.35,0.002,45,1.8,21.800,NaN,8.129540,14.075509,7.958194,9.514853
0.4,250,0.05,2,0.35,0.002,160,1,20.800,NaN,7.998468,13.845808,7.950196,9.045803
0.4,250,0.05,2,0.35,0.002,160,1.8,21.500,NaN,8.019553,13.885509,7.971283,9.384378
0.4,250,0.05,2,0.35,0.01,16,1,15.850,NaN,26.745227,45.801375,25.187889,6.894700
0.4,250,0.05,2,0.35,0.01,16,1.8,16.400,NaN,26.760462,45.831116,25.203134,7.168619
0.4,250,0.05,2,0.35,0.01,45,1,15.500,NaN,26.090744,44.681349,25.529514,6.726494
0.4,250,0.05,2,0.35,0.01,45,1.8,16.000,NaN,26.106190,44.711452,25.544963,6.995357
0.4,250,0.05,2,0.35,0.01,160,1,15.300,NaN,25.826265,44.228742,25.667565,6.658521
0.4,250,0.05,2,0.35,0.01,160,1.8,15.850,NaN,25.841797,44.258992,25.683098,6.925342
0.4,250,0.2,0.2,0.15,0.0005,16,1,18.100,31.900,6.503638,11.847496,6.326953,8.555900
0.4,250,0.2,0.2,0.15,0.0005,16,1.8,20.200,35.150,6.524184,11.885937,6.347518,9.813168
0.4,250,0.2,0.2,0.15,0.0005,45,1,17.500,30.200,6.399490,11.663694,6.336573,8.301059
0.4,250,0.2,0.2,0.15,0.0005,45,1.8,19.600,33.300,6.420079,11.702211,6.357168,9.548260
0.4,250,0.2,0.2,0.15,0.0005,160,1,17.300,29.500,6.358102,11.590652,6.340396,8.199786
0.4,250,0.2,0.2,0.15,0.0005,160,1.8,19.350,32.600,6.378707,11.629199,6.361003,9.442987
0.4,250,0.2,0.2,0.15,0.002,16,1,16.950,NaN,11.393594,20.181094,10.916201,8.054002
0.4,250,0.2,0.2,0.15,0.002,16,1.8,19.050,NaN,11.412694,20.217074,10.935317,9.291444
0.4,250,0.2,0.2,0.15,0.002,45,1,16.450,NaN,11.131603,19.728727,10.961164,7.833678
0.4,250,0.2,0.2,0.15,0.002,45,1.8,18.500,NaN,11.150791,19.764859,10.980357,9.062417
0.4,250,0.2,0.2,0.15,0.002,160,1,16.250,NaN,11.027112,19.548306,10.979097,7.745804
0.4,250,0.2,0.2,0.15,0.002,160,1.8,18.300,NaN,11.046334,19.584499,10.998321,8.971073
0.4,250,0.2,0.2,0.15,0.01,16,1,12.900,NaN,28.933330,50.072793,27.377329,6.253747
0.4,250,0.2,0.2,0.15,0.01,16,1.8,14.900,NaN,28.947215,50.099899,27.391223,7.420082
0.4,250,0.2,0.2,0.15,0.01,45,1,12.600,NaN,28.309068,49.004614,27.748326,6.137095
0.4,250,0.2,0.2,0.15,0.01,45,1.8,14.650,NaN,28.323146,49.032049,27.762407,7.298822
0.4,250,0.2,0.2,0.15,0.01,160,1,12.500,NaN,28.056806,48.572967,27.898245,6.089956
0.4,250,0.2,0.2,0.15,0.01,160,1.8,14.550,NaN,28.070961,48.600534,27.912401,7.249821
0.4,250,0.2,0.2,0.35,0.0005,16,1,25.450,45.800,6.543756,11.922555,6.367108,11.797339
0.4,250,0.2,0.2,0.35,0.0005,16,1.8,27.400,48.850,6.564279,11.960951,6.387649,13.065573
0.4,250,0.2,0.2,0.35,0.0005,45,1,24.600,43.200,6.439691,11.738901,6.376787,11.425784
0.4,250,0.2,0.2,0.35,0.0005,45,1.8,26.550,46.150,6.460255,11.777373,6.397358,12.683962
0.4,250,0.2,0.2,0.35,0.0005,160,1,24.250,42.250,6.398336,11.665918,6.380633,11.278130
0.4,250,0.2,0.2,0.35,0.0005,160,1.8,26.200,45.100,6.418917,11.704420,6.401217,12.532312
0.4,250,0.2,0.2,0.35,0.002,16,1,23.750,NaN,11.430888,20.251347,10.953526,11.065578
0.4,250,0.2,0.2,0.35,0.002,16,1.8,25.700,NaN,11.449966,20.287284,10.972620,12.314008
0.4,250,0.2,0.2,0.35,0.002,45,1,23.000,NaN,11.169068,19.799277,10.998640,10.744349
0.4,250,0.2,0.2,0.35,0.002,45,1.8,24.950,NaN,11.188233,19.835367,11.017811,11.984085
0.4,250,0.2,0.2,0.35,0.002,160,1,22.750,NaN,11.064645,19.618975,11.016633,10.616231
0.4,250,0.2,0.2,0.35,0.002,160,1.8,24.650,NaN,11.083845,19.655126,11.035835,11.852500
0.4,250,0.2,0.2,0.35,0.01,16,1,17.750,NaN,28.960442,50.125719,27.404458,8.440840
0.4,250,0.2,0.2,0.35,0.01,16,1.8,19.650,NaN,28.974311,50.152794,27.418336,9.618240
0.4,250,0.2,0.2,0.35,0.01,45,1,17.400,NaN,28.336555,49.058183,27.775819,8.270763
0.4,250,0.2,0.2,0.35,0.01,45,1.8,19.250,NaN,28.350615,49.085585,27.789883,9.443560
0.4,250,0.2,0.2,0.35,0.01,160,1,17.200,NaN,28.084444,48.626794,27.925885,8.202036
0.4,250,0.2,0.2,0.35,0.01,160,1.8,19.100,NaN,28.098582,48.654329,27.940024,9.372973
0.4,250,0.2,0.9,0.15,0.0005,16,1,16.750,21.600,3.911395,6.997567,3.732342,7.432634
0.4,250,0.2,0.9,0.15,0.0005,16,1.8,17.750,22.900,3.933525,7.038973,3.754493,7.982287
0.4,250,0.2,0.9,0.15,0.0005,45,1,16.150,20.650,3.801855,6.804096,3.738093,7.176832
0.4,250,0.2,0.9,0.15,0.0005,45,1.8,17.150,21.900,3.824032,6.845584,3.760278,7.715643
0.4,250,0.2,0.9,0.15,0.0005,160,1,15.950,20.300,3.758323,6.727209,3.740379,7.075175
0.4,250,0.2,0.9,0.15,0.0005,160,1.8,16.900,21.500,3.780519,6.768731,3.762577,7.609677
0.4,250,0.2,0.9,0.15,0.002,16,1,15.600,NaN,8.983763,15.641561,8.504328,6.928834
0.4,250,0.2,0.9,0.15,0.002,16,1.8,16.550,NaN,9.004337,15.680318,8.524920,7.457133
0.4,250,0.2,0.9,0.15,0.002,45,1,15.100,NaN,8.710678,15.169857,8.539508,6.707662
0.4,250,0.2,0.9,0.15,0.002,45,1.8,16.050,NaN,8.731348,15.208779,8.560183,7.226587
0.4,250,0.2,0.9,0.15,0.002,160,1,14.900,NaN,8.601760,14.981719,8.553539,6.619449
0.4,250,0.2,0.9,0.15,0.002,160,1.8,15.800,NaN,8.622467,15.020708,8.574248,7.134635
0.4,250,0.2,0.9,0.15,0.01,16,1,11.450,NaN,27.181138,46.652322,25.624067,5.121426
0.4,250,0.2,0.9,0.15,0.01,16,1.8,12.250,NaN,27.196100,46.681529,25.639038,5.573120
0.4,250,0.2,0.9,0.15,0.01,45,1,11.150,NaN,26.532680,45.542634,25.971547,5.004291
0.4,250,0.2,0.9,0.15,0.01,45,1.8,11.950,NaN,26.547849,45.572195,25.986719,5.451022
0.4,250,0.2,0.9,0.15,0.01,160,1,11.050,NaN,26.270637,45.094206,26.111965,4.956957
0.4,250,0.2,0.9,0.15,0.01,160,1.8,11.850,NaN,26.285889,45.123911,26.127218,5.401682
0.4,250,0.2,0.9,0.35,0.0005,16,1,24.200,31.350,3.954606,7.078413,3.775593,10.673597
0.4,250,0.2,0.9,0.35,0.0005,16,1.8,25.200,32.650,3.976710,7.119768,3.797717,11.235061
0.4,250,0.2,0.9,0.35,0.0005,45,1,23.300,29.950,3.845157,6.885104,3.781410,10.301211
0.4,250,0.2,0.9,0.35,0.0005,45,1.8,24.300,31.200,3.867307,6.926543,3.803567,10.851845
0.4,250,0.2,0.9,0.35,0.0005,160,1,23.000,29.400,3.801661,6.808282,3.783721,10.153223
0.4,250,0.2,0.9,0.35,0.0005,160,1.8,23.950,30.650,3.823830,6.849754,3.805892,10.699553
0.4,250,0.2,0.9,0.35,0.002,16,1,22.500,NaN,9.023935,15.717236,8.544535,9.940187
0.4,250,0.2,0.9,0.35,0.002,16,1.8,23.450,NaN,9.044485,15.755946,8.565101,10.480321
0.4,250,0.2,0.9,0.35,0.002,45,1,21.750,NaN,8.751036,15.245855,8.579878,9.618215
0.4,250,0.2,0.9,0.35,0.002,45,1.8,22.700,NaN,8.771681,15.284731,8.600528,10.148986
0.4,250,0.2,0.9,0.35,0.002,160,1,21.450,NaN,8.642192,15.057847,8.593974,9.489798
0.4,250,0.2,0.9,0.35,0.002,160,1.8,22.400,NaN,8.662874,15.096788,8.614658,10.016834
0.4,250,0.2,0.9,0.35,0.01,16,1,16.450,NaN,27.210352,46.709350,25.653298,7.309051
0.4,250,0.2,0.9,0.35,0.01,16,1.8,17.200,NaN,27.225295,46.738522,25.668251,7.772668
0.4,250,0.2,0.9,0.35,0.01,45,1,16.050,NaN,26.562298,45.600354,26.001171,7.138533
0.4,250,0.2,0.9,0.35,0.01,45,1.8,16.800,NaN,26.577448,45.629880,26.016324,7.597191
0.4,250,0.2,0.9,0.35,0.01,160,1,15.900,NaN,26.300417,45.152206,26.141747,7.069627
0.4,250,0.2,0.9,0.35,0.01,160,1.8,16.650,NaN,26.315651,45.181875,26.156982,7.526281
0.4,250,0.2,2,0.15,0.0005,16,1,16.550,20.650,3.486096,6.201861,3.306656,7.249204
0.4,250,0.2,2,0.15,0.0005,16,1.8,17.400,21.750,3.508493,6.243763,3.329073,7.682766
0.4,250,0.2,2,0.15,0.0005,45,1,15.950,19.750,3.375662,6.006784,3.311762,6.993240
0.4,250,0.2,2,0.15,0.0005,45,1.8,16.800,20.800,3.398105,6.048771,3.334213,7.415830
0.4,250,0.2,2,0.15,0.0005,160,1,15.750,19.400,3.331774,5.929259,3.313791,6.891519
0.4,250,0.2,2,0.15,0.0005,160,1.8,16.550,20.400,3.354237,5.971279,3.336256,7.309747
0.4,250,0.2,2,0.15,0.002,16,1,15.400,NaN,8.588374,14.896745,8.108604,6.745084
0.4,250,0.2,2,0.15,0.002,16,1.8,16.200,NaN,8.609195,14.935968,8.129444,7.157036
0.4,250,0.2,2,0.15,0.002,45,1,14.900,NaN,8.313461,14.421853,8.142170,6.523770
0.4,250,0.2,2,0.15,0.002,45,1.8,15.650,NaN,8.334379,14.461243,8.163094,6.926235
0.4,250,0.2,2,0.15,0.002,160,1,14.700,NaN,8.203813,14.232442,8.155558,6.435499
0.4,250,0.2,2,0.15,0.002,160,1.8,15.450,NaN,8.224769,14.271900,8.176516,6.834180
0.4,250,0.2,2,0.15,0.01,16,1,11.250,NaN,26.893602,46.091020,25.336355,4.936474
0.4,250,0.2,2,0.15,0.01,16,1.8,11.850,NaN,26.908745,46.120580,25.351507,5.270900
0.4,250,0.2,2,0.15,0.01,45,1,10.950,NaN,26.241171,44.974514,25.679973,4.819259
0.4,250,0.2,2,0.15,0.01,45,1.8,11.600,NaN,26.256522,45.004432,25.695328,5.148661
0.4,250,0.2,2,0.15,0.01,160,1,10.850,NaN,25.977521,44.523330,25.818831,4.771892
0.4,250,0.2,2,0.15,0.01,160,1.8,11.450,NaN,25.992957,44.553393,25.834268,5.099264
0.4,250,0.2,2,0.35,0.0005,16,1,24.000,30.050,3.529826,6.283677,3.350426,10.490093
0.4,250,0.2,2,0.35,0.0005,16,1.8,24.850,31.150,3.552195,6.325528,3.372815,10.935607
0.4,250,0.2,2,0.35,0.0005,45,1,23.150,28.700,3.419484,6.088765,3.355598,10.117567
0.4,250,0.2,2,0.35,0.0005,45,1.8,23.950,29.800,3.441900,6.130701,3.378022,10.552121
0.4,250,0.2,2,0.35,0.0005,160,1,22.800,28.200,3.375633,6.011306,3.357654,9.969523
0.4,250,0.2,2,0.35,0.0005,160,1.8,23.600,29.250,3.398068,6.053275,3.380091,10.399721
0.4,250,0.2,2,0.35,0.002,16,1,22.300,NaN,8.629029,14.973329,8.149294,9.756405
0.4,250,0.2,2,0.35,0.002,16,1.8,23.100,NaN,8.649825,15.012504,8.170107,10.180333
0.4,250,0.2,2,0.35,0.002,45,1,21.550,NaN,8.354304,14.498764,8.183025,9.434308
0.4,250,0.2,2,0.35,0.002,45,1.8,22.350,NaN,8.375196,14.538107,8.203924,9.848760
0.4,250,0.2,2,0.35,0.002,160,1,21.250,NaN,8.244731,14.309485,8.196479,9.305840
0.4,250,0.2,2,0.35,0.002,160,1.8,22.050,NaN,8.265661,14.348894,8.217412,9.716513
0.4,250,0.2,2,0.35,0.01,16,1,16.250,NaN,26.923168,46.148736,25.365939,7.124192
0.4,250,0.2,2,0.35,0.01,16,1.8,16.850,NaN,26.938292,46.178259,25.381072,7.470683
0.4,250,0.2,2,0.35,0.01,45,1,15.850,NaN,26.271145,45.032930,25.709954,6.953600
0.4,250,0.2,2,0.35,0.01,45,1.8,16.450,NaN,26.286478,45.062812,25.725290,7.295072
0.4,250,0.2,2,0.35,0.01,160,1,15.700,NaN,26.007660,44.582030,25.848972,6.884663
0.4,250,0.2,2,0.35,0.01,160,1.8,16.300,NaN,26.023078,44.612056,25.864390,7.224108
0.4,250,0.4,0.2,0.15,0.0005,16,1,21.250,NaN,9.571172,17.586665,9.397288,10.691517
0.4,250,0.4,0.2,0.15,0.0005,16,1.8,25.100,NaN,9.589920,17.621740,9.416053,12.786205
0.4,250,0.4,0.2,0.15,0.0005,45,1,20.700,NaN,9.473267,17.414049,9.411349,10.431272
0.4,250,0.4,0.2,0.15,0.0005,45,1.8,24.500,NaN,9.492053,17.449192,9.430141,12.516775
0.4,250,0.4,0.2,0.15,0.0005,160,1,20.500,NaN,9.434362,17.345454,9.416937,10.327856
0.4,250,0.4,0.2,0.15,0.0005,160,1.8,24.300,NaN,9.453162,17.380624,9.435739,12.409708
0.4,250,0.4,0.2,0.15,0.002,16,1,20.150,NaN,14.245021,25.552485,13.770043,10.178989
0.4,250,0.4,0.2,0.15,0.002,16,1.8,24.000,NaN,14.262447,25.585311,13.787484,12.255587
0.4,250,0.4,0.2,0.15,0.002,45,1,19.650,NaN,13.996046,25.122791,13.826473,9.954014
0.4,250,0.4,0.2,0.15,0.002,45,1.8,23.500,NaN,14.013552,25.155755,13.843984,12.022672
0.4,250,0.4,0.2,0.15,0.002,160,1,19.450,NaN,13.896749,24.951418,13.848979,9.864289
0.4,250,0.4,0.2,0.15,0.002,160,1.8,23.300,NaN,13.914286,24.984437,13.866517,11.929779
0.4,250,0.4,0.2,0.15,0.01,16,1,16.250,NaN,31.005955,54.118785,29.451221,8.341009
0.4,250,0.4,0.2,0.15,0.01,16,1.8,20.100,NaN,31.018619,54.143507,29.463893,10.352737
0.4,250,0.4,0.2,0.15,0.01,45,1,16.000,NaN,30.410272,53.099624,29.849993,8.221933
0.4,250,0.4,0.2,0.15,0.01,45,1.8,19.850,NaN,30.423111,53.124645,29.862834,10.229458
0.4,250,0.4,0.2,0.15,0.01,160,1,15.900,NaN,30.169562,52.687791,30.011133,8.173816
0.4,250,0.4,0.2,0.15,0.01,160,1.8,19.750,NaN,30.182471,52.712933,30.024043,10.179643
0.4,250,0.4,0.2,0.35,0.0005,16,1,28.350,NaN,9.607778,17.655153,9.433928,13.940636
0.4,250,0.4,0.2,0.35,0.0005,16,1.8,31.900,NaN,9.626505,17.690190,9.452671,16.045331
0.4,250,0.4,0.2,0.35,0.0005,45,1,27.500,NaN,9.509948,17.482669,9.448041,13.563530
0.4,250,0.4,0.2,0.35,0.0005,45,1.8,31.050,NaN,9.528712,17.517773,9.466812,15.659049
0.4,250,0.4,0.2,0.35,0.0005,160,1,27.200,NaN,9.471071,17.414127,9.453650,13.413675
0.4,250,0.4,0.2,0.35,0.0005,160,1.8,30.700,NaN,9.489851,17.449257,9.472431,15.505548
0.4,250,0.4,0.2,0.35,0.002,16,1,26.700,NaN,14.279047,25.616582,13.804098,13.197961
0.4,250,0.4,0.2,0.35,0.002,16,1.8,30.250,NaN,14.296454,25.649371,13.821519,15.284585
0.4,250,0.4,0.2,0.35,0.002,45,1,26.000,NaN,14.030227,25.187156,13.860664,12.871963
0.4,250,0.4,0.2,0.35,0.002,45,1.8,29.500,NaN,14.047712,25.220084,13.878155,14.950654
0.4,250,0.4,0.2,0.35,0.002,160,1,25.700,NaN,13.930991,25.015891,13.883224,12.741947
0.4,250,0.4,0.2,0.35,0.002,160,1.8,29.250,NaN,13.948508,25.048873,13.900743,14.817474
0.4,250,0.4,0.2,0.35,0.01,16,1,20.850,NaN,31.030683,54.167057,29.475964,10.534656
0.4,250,0.4,0.2,0.35,0.01,16,1.8,24.450,NaN,31.043333,54.191751,29.488622,12.556476
0.4,250,0.4,0.2,0.35,0.01,45,1,20.450,NaN,30.435341,53.148481,29.875067,10.362111
0.4,250,0.4,0.2,0.35,0.01,45,1.8,24.100,NaN,30.448165,53.173474,29.887894,12.379733
0.4,250,0.4,0.2,0.35,0.01,160,1,20.300,NaN,30.194768,52.736883,30.036341,10.292387
0.4,250,0.4,0.2,0.35,0.01,160,1.8,23.950,NaN,30.207663,52.761997,30.049237,12.308313
0.4,250,0.4,0.9,0.15,0.0005,16,1,17.750,24.450,4.671842,8.420319,4.493485,8.099201
0.4,250,0.4,0.9,0.15,0.0005,16,1.8,19.050,26.200,4.693502,8.460843,4.515164,8.856436
0.4,250,0.4,0.9,0.15,0.0005,45,1,17.150,23.350,4.563895,8.229704,4.500382,7.836735
0.4,250,0.4,0.9,0.15,0.0005,45,1.8,18.450,25.050,4.585600,8.270310,4.522094,8.583357
0.4,250,0.4,0.9,0.15,0.0005,160,1,16.900,22.950,4.520997,8.153953,4.503123,7.732430
0.4,250,0.4,0.9,0.15,0.0005,160,1.8,18.200,24.600,4.542720,8.194591,4.524848,8.474835
0.4,250,0.4,0.9,0.15,0.002,16,1,16.550,NaN,9.690719,16.973294,9.211884,7.582278
0.4,250,0.4,0.9,0.15,0.002,16,1.8,17.850,NaN,9.710856,17.011226,9.232037,8.318613
0.4,250,0.4,0.9,0.15,0.002,45,1,16.050,NaN,9.420898,16.507279,9.249942,7.355349
0.4,250,0.4,0.9,0.15,0.002,45,1.8,17.300,NaN,9.441127,16.545372,9.270177,8.082509
0.4,250,0.4,0.9,0.15,0.002,160,1,15.850,NaN,9.313282,16.321412,9.265121,7.264840
0.4,250,0.4,0.9,0.15,0.002,160,1.8,17.100,NaN,9.333548,16.359570,9.285389,7.988340
0.4,250,0.4,0.9,0.15,0.01,16,1,12.300,NaN,27.695220,47.655865,26.138462,5.727891
0.4,250,0.4,0.9,0.15,0.01,16,1.8,13.450,NaN,27.709861,47.684448,26.153113,6.389254
0.4,250,0.4,0.9,0.15,0.01,45,1,12.050,NaN,27.053864,46.558362,26.492846,5.607718
0.4,250,0.4,0.9,0.15,0.01,45,1.8,13.150,NaN,27.068708,46.587292,26.507693,6.264222
0.4,250,0.4,0.9,0.15,0.01,160,1,11.950,NaN,26.794692,46.114860,26.636053,5.559155
0.4,250,0.4,0.9,0.15,0.01,160,1.8,13.050,NaN,26.809618,46.143930,26.650979,6.213697
0.4,250,0.4,0.9,0.35,0.0005,16,1,25.150,34.900,4.714135,8.499445,4.535815,11.347862
0.4,250,0.4,0.9,0.35,0.0005,16,1.8,26.450,36.600,4.735768,8.539921,4.557469,12.116656
0.4,250,0.4,0.9,0.35,0.0005,45,1,24.300,33.300,4.606276,8.308989,4.542776,10.968782
0.4,250,0.4,0.9,0.35,0.0005,45,1.8,25.550,34.950,4.627955,8.349545,4.564462,11.726976
0.4,250,0.4,0.9,0.35,0.0005,160,1,23.950,32.700,4.563412,8.233301,4.545542,10.818135
0.4,250,0.4,0.9,0.35,0.0005,160,1.8,25.200,34.350,4.585109,8.273890,4.567241,11.572116
0.4,250,0.4,0.9,0.35,0.002,16,1,23.450,NaN,9.730036,17.047358,9.251234,10.601272
0.4,250,0.4,0.9,0.35,0.002,16,1.8,24.700,NaN,9.750148,17.085243,9.271363,11.349189
0.4,250,0.4,0.9,0.35,0.002,45,1,22.700,NaN,9.460396,16.581658,9.289452,10.273519
0.4,250,0.4,0.9,0.35,0.002,45,1.8,23.900,NaN,9.480601,16.619706,9.309663,11.012272
0.4,250,0.4,0.9,0.35,0.002,160,1,22.400,NaN,9.352852,16.395917,9.304695,10.142797
0.4,250,0.4,0.9,0.35,0.002,160,1.8,23.600,NaN,9.373094,16.434029,9.324938,10.877895
0.4,250,0.4,0.9,0.35,0.01,16,1,17.300,NaN,27.723808,47.711674,26.167069,7.922995
0.4,250,0.4,0.9,0.35,0.01,16,1.8,18.350,NaN,27.738433,47.740222,26.181702,8.596025
0.4,250,0.4,0.9,0.35,0.01,45,1,16.900,NaN,27.082848,46.614848,26.521836,7.749429
0.4,250,0.4,0.9,0.35,0.01,45,1.8,17.950,NaN,27.097674,46.643743,26.536666,8.417607
0.4,250,0.4,0.9,0.35,0.01,160,1,16.750,NaN,26.823835,46.171620,26.665198,7.679292
0.4,250,0.4,0.9,0.35,0.01,160,1.8,17.800,NaN,26.838743,46.200655,26.680107,8.345508
0.4,250,0.4,2,0.15,0.0005,16,1,17.250,22.100,3.834444,6.853598,3.655322,7.662961
0.4,250,0.4,2,0.15,0.0005,16,1.8,18.250,23.350,3.856623,6.895093,3.677521,8.191612
0.4,250,0.4,2,0.15,0.0005,45,1,16.650,21.150,3.724743,6.659836,3.660956,7.400099
0.4,250,0.4,2,0.15,0.0005,45,1.8,17.600,22.350,3.746968,6.701415,3.683189,7.917883
0.4,250,0.4,2,0.15,0.0005,160,1,16.400,20.750,3.681147,6.582834,3.663196,7.295636
0.4,250,0.4,2,0.15,0.0005,160,1.8,17.350,21.950,3.703390,6.624446,3.685442,7.809102
0.4,250,0.4,2,0.15,0.002,16,1,16.050,NaN,8.912225,15.506801,8.432729,7.145255
0.4,250,0.4,2,0.15,0.002,16,1.8,17.000,NaN,8.932844,15.545642,8.453366,7.652505
0.4,250,0.4,2,0.15,0.002,45,1,15.550,NaN,8.638809,15.034519,8.467617,6.917978
0.4,250,0.4,2,0.15,0.002,45,1.8,16.450,NaN,8.659524,15.073527,8.488337,7.415833
0.4,250,0.4,2,0.15,0.002,160,1,15.350,NaN,8.529759,14.846152,8.481532,6.827329
0.4,250,0.4,2,0.15,0.002,160,1.8,16.250,NaN,8.550511,14.885225,8.502286,7.321438
0.4,250,0.4,2,0.15,0.01,16,1,11.800,NaN,27.129115,46.550767,25.572012,5.287948
0.4,250,0.4,2,0.15,0.01,16,1.8,12.550,NaN,27.144109,46.580038,25.587015,5.718427
0.4,250,0.4,2,0.15,0.01,45,1,11.500,NaN,26.479938,45.439845,25.918794,5.167580
0.4,250,0.4,2,0.15,0.01,45,1.8,12.250,NaN,26.495140,45.469471,25.933998,5.593083
0.4,250,0.4,2,0.15,0.01,160,1,11.400,NaN,26.217604,44.990919,26.058929,5.118938
0.4,250,0.4,2,0.15,0.01,160,1.8,12.150,NaN,26.232890,45.020688,26.074215,5.542431
0.4,250,0.4,2,0.35,0.0005,16,1,24.700,31.800,3.877749,6.934619,3.698666,10.911562
0.4,250,0.4,2,0.35,0.0005,16,1.8,25.650,33.050,3.899901,6.976064,3.720838,11.452048
0.4,250,0.4,2,0.35,0.0005,45,1,23.800,30.350,3.768139,6.741021,3.704367,10.532128
0.4,250,0.4,2,0.35,0.0005,45,1.8,24.750,31.600,3.790337,6.782549,3.726572,11.061761
0.4,250,0.4,2,0.35,0.0005,160,1,23.450,29.800,3.724579,6.664084,3.706632,10.381339
0.4,250,0.4,2,0.35,0.0005,160,1.8,24.400,31.000,3.746796,6.705645,3.728851,10.906659
0.4,250,0.4,2,0.35,0.002,16,1,22.950,NaN,8.952484,15.582640,8.473023,10.164270
0.4,250,0.4,2,0.35,0.002,16,1.8,23.900,NaN,8.973078,15.621433,8.493634,10.683381
0.4,250,0.4,2,0.35,0.002,45,1,22.200,NaN,8.679255,15.110683,8.508075,9.836204
0.4,250,0.4,2,0.35,0.002,45,1.8,23.100,NaN,8.699944,15.149642,8.528770,10.345930
0.4,250,0.4,2,0.35,0.002,160,1,21.900,NaN,8.570278,14.922444,8.522055,9.705356
0.4,250,0.4,2,0.35,0.002,160,1.8,22.800,NaN,8.591005,14.961470,8.542784,10.211339
0.4,250,0.4,2,0.35,0.01,16,1,16.800,NaN,27.158392,46.607919,25.601307,7.483319
0.4,250,0.4,2,0.35,0.01,16,1.8,17.550,NaN,27.173368,46.637154,25.616292,7.925745
0.4,250,0.4,2,0.35,0.01,45,1,16.400,NaN,26.509620,45.497691,25.948482,7.309572
0.4,250,0.4,2,0.35,0.01,45,1.8,17.150,NaN,26.524803,45.527281,25.963668,7.747028
0.4,250,0.4,2,0.35,0.01,160,1,16.250,NaN,26.247449,45.049045,26.088776,7.239360
0.4,250,0.4,2,0.35,0.01,160,1.8,17.000,NaN,26.262716,45.078779,26.104044,7.674809
0.4,1000,0.05,0.2,0.15,0.0005,16,1,5.300,5.900,1.902656,3.459848,1.718386,2.442876
0.4,1000,0.05,0.2,0.15,0.0005,16,1.8,5.900,6.550,1.925625,3.502753,1.741377,2.810593
0.4,1000,0.05,0.2,0.15,0.0005,45,1,4.700,5.150,1.786733,3.255108,1.721111,2.177286
0.4,1000,0.05,0.2,0.15,0.0005,45,1.8,5.300,5.800,1.809752,3.298103,1.744138,2.533541
0.4,1000,0.05,0.2,0.15,0.0005,160,1,4.450,4.900,1.740662,3.173739,1.722194,2.071732
0.4,1000,0.05,0.2,0.15,0.0005,160,1.8,5.050,5.500,1.763701,3.216769,1.745235,2.423431
0.4,1000,0.05,0.2,0.15,0.002,16,1,5.200,6.450,3.563618,6.293321,3.044200,2.395334
0.4,1000,0.05,0.2,0.15,0.002,16,1.8,5.800,7.150,3.586068,6.335341,3.066670,2.760999
0.4,1000,0.05,0.2,0.15,0.002,45,1,4.600,5.600,3.243358,5.740137,3.057848,2.140942
0.4,1000,0.05,0.2,0.15,0.002,45,1.8,5.200,6.250,3.265921,5.782353,3.080418,2.495629
0.4,1000,0.05,0.2,0.15,0.002,160,1,4.400,5.250,3.115561,5.519395,3.063294,2.039430
0.4,1000,0.05,0.2,0.15,0.002,160,1.8,5.000,5.900,3.138170,5.561690,3.085904,2.389736
0.4,1000,0.05,0.2,0.15,0.01,16,1,4.700,NaN,11.285055,19.465500,9.207611,2.174320
0.4,1000,0.05,0.2,0.15,0.01,16,1.8,5.300,NaN,11.305088,19.503398,9.227661,2.530447
0.4,1000,0.05,0.2,0.15,0.01,45,1,4.250,NaN,10.127032,17.483813,9.374960,1.969192
0.4,1000,0.05,0.2,0.15,0.01,45,1.8,4.800,NaN,10.147438,17.522352,9.395372,2.316466
0.4,1000,0.05,0.2,0.15,0.01,160,1,4.050,NaN,9.656075,16.677881,9.443019,1.885768
0.4,1000,0.05,0.2,0.15,0.01,160,1.8,4.650,NaN,9.676633,16.716680,9.463579,2.229442
0.4,1000,0.05,0.2,0.35,0.0005,16,1,7.550,8.400,1.947505,3.543622,1.763276,3.433809
0.4,1000,0.05,0.2,0.35,0.0005,16,1.8,8.150,9.050,1.970446,3.586474,1.786239,3.813545
0.4,1000,0.05,0.2,0.35,0.0005,45,1,6.650,7.350,1.831679,3.339057,1.766072,3.044608
0.4,1000,0.05,0.2,0.35,0.0005,45,1.8,7.250,7.950,1.854670,3.381999,1.789071,3.412895
0.4,1000,0.05,0.2,0.35,0.0005,160,1,6.300,6.950,1.785647,3.257757,1.767183,2.889927
0.4,1000,0.05,0.2,0.35,0.0005,160,1.8,6.900,7.550,1.808658,3.300734,1.790196,3.253665
0.4,1000,0.05,0.2,0.35,0.002,16,1,7.400,9.250,3.607452,6.375365,3.088074,3.364140
0.4,1000,0.05,0.2,0.35,0.002,16,1.8,8.000,9.900,3.629874,6.417333,3.110517,3.741826
0.4,1000,0.05,0.2,0.35,0.002,45,1,6.550,7.950,3.287413,5.822566,3.101917,2.991350
0.4,1000,0.05,0.2,0.35,0.002,45,1.8,7.100,8.600,3.309948,5.864731,3.124460,3.358070
0.4,1000,0.05,0.2,0.35,0.002,160,1,6.200,7.450,3.159705,5.601978,3.107441,2.842592
0.4,1000,0.05,0.2,0.35,0.002,160,1.8,6.750,8.100,3.182286,5.644222,3.130024,3.204937
0.4,1000,0.05,0.2,0.35,0.01,16,1,6.650,NaN,11.324170,19.539497,9.246758,3.040263
0.4,1000,0.05,0.2,0.35,0.01,16,1.8,7.250,NaN,11.344178,19.577349,9.266783,3.408422
0.4,1000,0.05,0.2,0.35,0.01,45,1,5.950,NaN,10.166876,17.559061,9.414816,2.739664
0.4,1000,0.05,0.2,0.35,0.01,45,1.8,6.550,NaN,10.187257,17.597552,9.435203,3.098981
0.4,1000,0.05,0.2,0.35,0.01,160,1,5.700,NaN,9.696216,16.753638,9.483163,2.617413
0.4,1000,0.05,0.2,0.35,0.01,160,1.8,6.250,NaN,9.716749,16.792389,9.503698,2.973134
0.4,1000,0.05,0.9,0.15,0.0005,16,1,5.000,5.350,1.197850,2.143325,1.012924,2.191144
0.4,1000,0.05,0.9,0.15,0.0005,16,1.8,5.350,5.700,1.221265,2.187062,1.036360,2.370010
0.4,1000,0.05,0.9,0.15,0.0005,45,1,4.400,4.650,1.080392,1.935833,1.014536,1.925278
0.4,1000,0.05,0.9,0.15,0.0005,45,1.8,4.700,5.000,1.103858,1.979661,1.038010,2.092460
0.4,1000,0.05,0.9,0.15,0.0005,160,1,4.150,4.400,1.033711,1.853368,1.015177,1.819614
0.4,1000,0.05,0.9,0.15,0.0005,160,1.8,4.450,4.700,1.057197,1.897233,1.038665,1.982152
0.4,1000,0.05,0.9,0.15,0.002,16,1,4.900,5.850,2.874754,5.003983,2.354710,2.143553
0.4,1000,0.05,0.9,0.15,0.002,16,1.8,5.200,6.200,2.897639,5.046816,2.377616,2.320327
0.4,1000,0.05,0.9,0.15,0.002,45,1,4.300,5.000,2.551014,4.444731,2.365279,1.888897
0.4,1000,0.05,0.9,0.15,0.002,45,1.8,4.600,5.350,2.574015,4.487766,2.388287,2.054480
0.4,1000,0.05,0.9,0.15,0.002,160,1,4.100,4.700,2.421828,4.221566,2.369497,1.787279
0.4,1000,0.05,0.9,0.15,0.002,160,1.8,4.350,5.000,2.444875,4.264682,2.392546,1.948396
0.4,1000,0.05,0.9,0.15,0.01,16,1,4.400,NaN,10.670347,18.302610,8.592405,1.922310
0.4,1000,0.05,0.9,0.15,0.01,16,1.8,4.700,NaN,10.690768,18.341242,8.612843,2.089361
0.4,1000,0.05,0.9,0.15,0.01,45,1,3.900,NaN,9.500866,16.301265,8.748611,1.716967
0.4,1000,0.05,0.9,0.15,0.01,45,1.8,4.200,NaN,9.521668,16.340551,8.769419,1.874994
0.4,1000,0.05,0.9,0.15,0.01,160,1,3.750,NaN,9.025247,15.487333,8.812139,1.633455
0.4,1000,0.05,0.9,0.15,0.01,160,1.8,4.000,NaN,9.046204,15.526885,8.833098,1.787812
0.4,1000,0.05,0.9,0.35,0.0005,16,1,7.250,7.800,1.243568,2.228722,1.058684,3.182344
0.4,1000,0.05,0.9,0.35,0.0005,16,1.8,7.600,8.150,1.266953,2.272404,1.082091,3.373461
0.4,1000,0.05,0.9,0.35,0.0005,45,1,6.350,6.750,1.126210,2.021408,1.060369,2.792878
0.4,1000,0.05,0.9,0.35,0.0005,45,1.8,6.700,7.100,1.149646,2.065182,1.083813,2.972325
0.4,1000,0.05,0.9,0.35,0.0005,160,1,6.000,6.400,1.079568,1.939015,1.061038,2.638092
0.4,1000,0.05,0.9,0.35,0.0005,160,1.8,6.300,6.700,1.103024,1.982825,1.084497,2.812900
0.4,1000,0.05,0.9,0.35,0.002,16,1,7.100,8.500,2.919438,5.087616,2.399434,3.112627
0.4,1000,0.05,0.9,0.35,0.002,16,1.8,7.450,8.850,2.942294,5.130396,2.422311,3.301655
0.4,1000,0.05,0.9,0.35,0.002,45,1,6.250,7.300,2.595923,4.528759,2.410203,2.739583
0.4,1000,0.05,0.9,0.35,0.002,45,1.8,6.550,7.650,2.618895,4.571740,2.433183,2.917433
0.4,1000,0.05,0.9,0.35,0.002,160,1,5.900,6.800,2.466828,4.305751,2.414501,2.590723
0.4,1000,0.05,0.9,0.35,0.002,160,1.8,6.200,7.150,2.489846,4.348813,2.437521,2.764113
0.4,1000,0.05,0.9,0.35,0.01,16,1,6.350,NaN,10.710220,18.378041,8.632311,2.788530
0.4,1000,0.05,0.9,0.35,0.01,16,1.8,6.650,NaN,10.730616,18.416626,8.652724,2.967847
0.4,1000,0.05,0.9,0.35,0.01,45,1,5.650,NaN,9.541483,16.377972,8.789240,2.487724
0.4,1000,0.05,0.9,0.35,0.01,45,1.8,5.950,NaN,9.562259,16.417209,8.810022,2.658027
0.4,1000,0.05,0.9,0.35,0.01,160,1,5.400,NaN,9.066166,15.564559,8.853062,2.365388
0.4,1000,0.05,0.9,0.35,0.01,160,1.8,5.650,NaN,9.087097,15.604062,8.873994,2.532026
0.4,1000,0.05,2,0.15,0.0005,16,1,4.950,5.250,1.085857,1.934131,0.900827,2.151158
0.4,1000,0.05,2,0.15,0.0005,16,1.8,5.250,5.550,1.109343,1.978000,0.924335,2.300015
0.4,1000,0.05,2,0.15,0.0005,45,1,4.350,4.600,0.968155,1.726200,0.902262,1.885248
0.4,1000,0.05,2,0.15,0.0005,45,1.8,4.600,4.850,0.991692,1.770161,0.925806,2.022386
0.4,1000,0.05,2,0.15,0.0005,160,1,4.100,4.300,0.921376,1.643561,0.902832,1.779567
0.4,1000,0.05,2,0.15,0.0005,160,1.8,4.350,4.600,0.944933,1.687559,0.926391,1.912047
0.4,1000,0.05,2,0.15,0.002,16,1,4.850,5.750,2.765294,4.799108,2.245151,2.103558
0.4,1000,0.05,2,0.15,0.002,16,1.8,5.150,6.050,2.788249,4.842072,2.268126,2.250318
0.4,1000,0.05,2,0.15,0.002,45,1,4.250,4.950,2.441001,4.238891,2.255230,1.848861
0.4,1000,0.05,2,0.15,0.002,45,1.8,4.500,5.200,2.464071,4.282057,2.278308,1.984395
0.4,1000,0.05,2,0.15,0.002,160,1,4.050,4.600,2.311594,4.015341,2.259253,1.747226
0.4,1000,0.05,2,0.15,0.002,160,1.8,4.300,4.900,2.334710,4.058588,2.282371,1.878280
0.4,1000,0.05,2,0.15,0.01,16,1,4.350,NaN,10.572670,18.117827,8.494649,1.882279
0.4,1000,0.05,2,0.15,0.01,16,1.8,4.600,NaN,10.593153,18.156577,8.515149,2.019286
0.4,1000,0.05,2,0.15,0.01,45,1,3.900,NaN,9.401368,16.113357,8.649084,1.676902
0.4,1000,0.05,2,0.15,0.01,45,1.8,4.100,NaN,9.422233,16.152763,8.669955,1.804857
0.4,1000,0.05,2,0.15,0.01,160,1,3.700,NaN,8.925008,15.298154,8.711891,1.593376
0.4,1000,0.05,2,0.15,0.01,160,1.8,3.900,NaN,8.946028,15.337826,8.732914,1.717650
0.4,1000,0.05,2,0.35,0.0005,16,1,7.250,7.700,1.131714,2.019787,0.946726,3.142400
0.4,1000,0.05,2,0.35,0.0005,16,1.8,7.500,8.000,1.155170,2.063602,0.970204,3.303546
0.4,1000,0.05,2,0.35,0.0005,45,1,6.350,6.700,1.014111,1.812036,0.948233,2.752892
0.4,1000,0.05,2,0.35,0.0005,45,1.8,6.600,6.950,1.037619,1.855942,0.971749,2.902333
0.4,1000,0.05,2,0.35,0.0005,160,1,5.950,6.300,0.967372,1.729468,0.948832,2.598089
0.4,1000,0.05,2,0.35,0.0005,160,1.8,6.250,6.550,0.990900,1.773411,0.972363,2.742877
0.4,1000,0.05,2,0.35,0.002,16,1,7.050,8.350,2.810114,4.882996,2.290011,3.072676
0.4,1000,0.05,2,0.35,0.002,16,1.8,7.350,8.700,2.833039,4.925906,2.312957,3.231727
0.4,1000,0.05,2,0.35,0.002,45,1,6.200,7.200,2.486046,4.323174,2.300291,2.699592
0.4,1000,0.05,2,0.35,0.002,45,1.8,6.450,7.500,2.509088,4.366286,2.323340,2.847431
0.4,1000,0.05,2,0.35,0.002,160,1,5.850,6.750,2.356730,4.099782,2.304393,2.550715
0.4,1000,0.05,2,0.35,0.002,160,1.8,6.100,7.000,2.379818,4.142975,2.327483,2.694080
0.4,1000,0.05,2,0.35,0.01,16,1,6.300,NaN,10.612664,18.193487,8.534676,2.748544
0.4,1000,0.05,2,0.35,0.01,16,1.8,6.600,NaN,10.633122,18.232189,8.555151,2.897854
0.4,1000,0.05,2,0.35,0.01,45,1,5.650,NaN,9.442108,16.190298,8.689836,2.447704
0.4,1000,0.05,2,0.35,0.01,45,1.8,5.850,NaN,9.462948,16.229654,8.710682,2.587973
0.4,1000,0.05,2,0.35,0.01,160,1,5.350,NaN,8.966051,15.375615,8.752938,2.325355
0.4,1000,0.05,2,0.35,0.01,160,1.8,5.600,NaN,8.987046,15.415237,8.773935,2.461947
0.4,1000,0.2,0.2,0.15,0.0005,16,1,7.200,9.250,4.499573,8.310686,4.317718,3.652126
0.4,1000,0.2,0.2,0.15,0.0005,16,1.8,9.300,11.950,4.520939,8.350597,4.339105,4.715707
0.4,1000,0.2,0.2,0.15,0.0005,45,1,6.650,8.450,4.389236,8.115962,4.324476,3.382142
0.4,1000,0.2,0.2,0.15,0.0005,45,1.8,8.750,11.150,4.410648,8.155955,4.345895,4.435060
0.4,1000,0.2,0.2,0.15,0.0005,160,1,6.400,8.100,4.345386,8.038575,4.327161,3.274845
0.4,1000,0.2,0.2,0.15,0.0005,160,1.8,8.500,10.850,4.366817,8.078600,4.348593,4.323526
0.4,1000,0.2,0.2,0.15,0.002,16,1,7.100,10.850,6.101782,11.043975,5.584672,3.603796
0.4,1000,0.2,0.2,0.15,0.002,16,1.8,9.200,14.100,6.122665,11.083062,5.605574,4.665469
0.4,1000,0.2,0.2,0.15,0.002,45,1,6.550,9.550,5.794279,10.513024,5.609597,3.345198
0.4,1000,0.2,0.2,0.15,0.002,45,1.8,8.650,12.750,5.815267,10.552293,5.630591,4.396657
0.4,1000,0.2,0.2,0.15,0.002,160,1,6.350,9.100,5.671577,10.301160,5.619543,3.242010
0.4,1000,0.2,0.2,0.15,0.002,160,1.8,8.450,12.300,5.692606,10.340501,5.640574,4.289394
0.4,1000,0.2,0.2,0.15,0.01,16,1,6.650,NaN,13.549936,23.750152,11.474328,3.379128
0.4,1000,0.2,0.2,0.15,0.01,16,1.8,8.750,NaN,13.568570,23.785404,11.492978,4.431927
0.4,1000,0.2,0.2,0.15,0.01,45,1,6.200,NaN,12.434082,21.840806,11.682687,3.170613
0.4,1000,0.2,0.2,0.15,0.01,45,1.8,8.300,NaN,12.453063,21.876652,11.701674,4.215178
0.4,1000,0.2,0.2,0.15,0.01,160,1,6.050,NaN,11.980286,21.064311,11.767423,3.085815
0.4,1000,0.2,0.2,0.15,0.01,160,1.8,8.150,NaN,11.999408,21.100399,11.786546,4.127030
0.4,1000,0.2,0.2,0.35,0.0005,16,1,9.250,12.100,4.541292,8.388615,4.359476,4.647745
0.4,1000,0.2,0.2,0.35,0.0005,16,1.8,11.250,14.500,4.562634,8.428479,4.380838,5.722507
0.4,1000,0.2,0.2,0.35,0.0005,45,1,8.450,10.850,4.431045,8.194050,4.366298,4.254117
0.4,1000,0.2,0.2,0.35,0.0005,45,1.8,10.400,13.300,4.452431,8.233996,4.387692,5.318228
0.4,1000,0.2,0.2,0.35,0.0005,160,1,8.100,10.350,4.387230,8.116727,4.369009,4.097682
0.4,1000,0.2,0.2,0.35,0.0005,160,1.8,10.100,12.850,4.408635,8.156704,4.390416,5.157560
0.4,1000,0.2,0.2,0.35,0.002,16,1,9.100,14.300,6.142558,11.120294,5.625484,4.577282
0.4,1000,0.2,0.2,0.35,0.002,16,1.8,11.100,17.100,6.163416,11.159335,5.646362,5.650137
0.4,1000,0.2,0.2,0.35,0.002,45,1,8.300,12.350,5.835259,10.589699,5.650590,4.200254
0.4,1000,0.2,0.2,0.35,0.002,45,1.8,10.300,15.150,5.856221,10.628921,5.671559,5.262908
0.4,1000,0.2,0.2,0.35,0.002,160,1,8.000,11.650,5.712638,10.377977,5.660608,4.049810
0.4,1000,0.2,0.2,0.35,0.002,160,1.8,10.000,14.450,5.733642,10.417272,5.681614,5.108393
0.4,1000,0.2,0.2,0.35,0.01,16,1,8.400,NaN,13.586321,23.818984,11.510742,4.249722
0.4,1000,0.2,0.2,0.35,0.01,16,1.8,10.400,NaN,13.604933,23.854194,11.529370,5.313715
0.4,1000,0.2,0.2,0.35,0.01,45,1,7.800,NaN,12.471144,21.910798,11.719760,3.945715
0.4,1000,0.2,0.2,0.35,0.01,45,1.8,9.800,NaN,12.490102,21.946603,11.738724,5.001482
0.4,1000,0.2,0.2,0.35,0.01,160,1,7.500,NaN,12.017622,21.134776,11.804763,3.822082
0.4,1000,0.2,0.2,0.35,0.01,160,1.8,9.550,NaN,12.036722,21.170822,11.823864,4.874504
0.4,1000,0.2,0.9,0.15,0.0005,16,1,5.450,6.000,1.802795,3.273315,1.618432,2.508547
0.4,1000,0.2,0.9,0.15,0.0005,16,1.8,6.000,6.600,1.825827,3.316337,1.641485,2.849506
0.4,1000,0.2,0.9,0.15,0.0005,45,1,4.800,5.250,1.686655,3.068186,1.621000,2.237332
0.4,1000,0.2,0.9,0.15,0.0005,45,1.8,5.400,5.850,1.709737,3.111298,1.644089,2.566798
0.4,1000,0.2,0.9,0.15,0.0005,160,1,4.600,5.000,1.640497,2.986662,1.622020,2.129543
0.4,1000,0.2,0.9,0.15,0.0005,160,1.8,5.150,5.550,1.663599,3.029810,1.645124,2.454441
0.4,1000,0.2,0.9,0.15,0.002,16,1,5.350,6.550,3.466016,6.110640,2.946509,2.459998
0.4,1000,0.2,0.9,0.15,0.002,16,1.8,5.900,7.200,3.488527,6.152774,2.969041,2.798900
0.4,1000,0.2,0.9,0.15,0.002,45,1,4.750,5.700,3.145263,5.556597,2.959721,2.200219
0.4,1000,0.2,0.9,0.15,0.002,45,1.8,5.300,6.300,3.167887,5.598929,2.982353,2.528112
0.4,1000,0.2,0.9,0.15,0.002,160,1,4.500,5.350,3.017270,5.335512,2.964993,2.096557
0.4,1000,0.2,0.9,0.15,0.002,160,1.8,5.050,5.950,3.039940,5.377923,2.987665,2.420057
0.4,1000,0.2,0.9,0.15,0.01,16,1,4.800,NaN,11.197959,19.300735,9.120446,2.234304
0.4,1000,0.2,0.9,0.15,0.01,16,1.8,5.350,NaN,11.218047,19.338737,9.140550,2.563642
0.4,1000,0.2,0.9,0.15,0.01,45,1,4.350,NaN,10.038313,17.316264,9.286216,2.024831
0.4,1000,0.2,0.9,0.15,0.01,45,1.8,4.900,NaN,10.058776,17.354908,9.306684,2.345292
0.4,1000,0.2,0.9,0.15,0.01,160,1,4.150,NaN,9.566696,16.509198,9.353633,1.939641
0.4,1000,0.2,0.9,0.15,0.01,160,1.8,4.700,NaN,9.587311,16.548104,9.374249,2.256491
0.4,1000,0.2,0.9,0.35,0.0005,16,1,7.700,8.500,1.847766,3.357318,1.663445,3.505373
0.4,1000,0.2,0.9,0.35,0.0005,16,1.8,8.250,9.100,1.870770,3.400287,1.686470,3.858385
0.4,1000,0.2,0.9,0.35,0.0005,45,1,6.800,7.450,1.731724,3.152364,1.666084,3.110556
0.4,1000,0.2,0.9,0.35,0.0005,45,1.8,7.300,8.000,1.754778,3.195424,1.689145,3.452088
0.4,1000,0.2,0.9,0.35,0.0005,160,1,6.450,7.050,1.685605,3.070910,1.667132,2.953644
0.4,1000,0.2,0.9,0.35,0.0005,160,1.8,6.950,7.600,1.708679,3.114004,1.690208,3.290613
0.4,1000,0.2,0.9,0.35,0.002,16,1,7.550,9.350,3.509970,6.192908,2.990503,3.434699
0.4,1000,0.2,0.9,0.35,0.002,16,1.8,8.100,9.950,3.532453,6.234991,3.013007,3.785655
0.4,1000,0.2,0.9,0.35,0.002,45,1,6.650,8.050,3.189438,5.639252,3.003911,3.056530
0.4,1000,0.2,0.9,0.35,0.002,45,1.8,7.200,8.650,3.212036,5.681532,3.026516,3.396490
0.4,1000,0.2,0.9,0.35,0.002,160,1,6.300,7.550,3.061534,5.418321,3.009262,2.905625
0.4,1000,0.2,0.9,0.35,0.002,160,1.8,6.850,8.150,3.084176,5.460680,3.031906,3.241198
0.4,1000,0.2,0.9,0.35,0.01,16,1,6.800,NaN,11.237182,19.374935,9.159700,3.106148
0.4,1000,0.2,0.9,0.35,0.01,16,1.8,7.300,NaN,11.257245,19.412890,9.179779,3.447552
0.4,1000,0.2,0.9,0.35,0.01,45,1,6.100,NaN,10.078267,17.391718,9.326181,2.801212
0.4,1000,0.2,0.9,0.35,0.01,45,1.8,6.600,NaN,10.098704,17.430314,9.346624,3.133748
0.4,1000,0.2,0.9,0.35,0.01,160,1,5.800,NaN,9.606947,16.585162,9.393887,2.677197
0.4,1000,0.2,0.9,0.35,0.01,160,1.8,6.300,NaN,9.627536,16.624020,9.414478,3.006128
0.4,1000,0.2,2,0.15,0.0005,16,1,5.200,5.600,1.360144,2.446478,1.175369,2.321708
0.4,1000,0.2,2,0.15,0.0005,16,1.8,5.600,6.000,1.383456,2.490022,1.198703,2.544060
0.4,1000,0.2,2,0.15,0.0005,45,1,4.600,4.900,1.243041,2.239621,1.177238,2.050287
0.4,1000,0.2,2,0.15,0.0005,45,1.8,4.950,5.300,1.266403,2.283256,1.200609,2.261006
0.4,1000,0.2,2,0.15,0.0005,160,1,4.350,4.650,1.196500,2.157409,1.177981,1.942415
0.4,1000,0.2,2,0.15,0.0005,160,1.8,4.700,5.000,1.219882,2.201080,1.201366,2.148511
0.4,1000,0.2,2,0.15,0.002,16,1,5.100,6.100,3.033377,5.300876,2.513478,2.273122
0.4,1000,0.2,2,0.15,0.002,16,1.8,5.500,6.550,3.056162,5.343521,2.536283,2.493391
0.4,1000,0.2,2,0.15,0.002,45,1,4.500,5.300,2.710439,4.743023,2.524756,2.013145
0.4,1000,0.2,2,0.15,0.002,45,1.8,4.850,5.700,2.733339,4.785869,2.547663,2.222273
0.4,1000,0.2,2,0.15,0.002,160,1,4.250,4.950,2.581574,4.520416,2.529257,1.909404
0.4,1000,0.2,2,0.15,0.002,160,1.8,4.600,5.350,2.604519,4.563343,2.552205,2.114085
0.4,1000,0.2,2,0.15,0.01,16,1,4.600,NaN,10.811895,18.570387,8.734068,2.047256
0.4,1000,0.2,2,0.15,0.01,16,1.8,4.950,NaN,10.832226,18.608850,8.754416,2.257846
0.4,1000,0.2,2,0.15,0.01,45,1,4.100,NaN,9.645053,16.573570,8.892840,1.837623
0.4,1000,0.2,2,0.15,0.01,45,1.8,4.450,NaN,9.665764,16.612683,8.913557,2.039228
0.4,1000,0.2,2,0.15,0.01,160,1,3.900,NaN,9.170508,15.761480,8.957412,1.752367
0.4,1000,0.2,2,0.15,0.01,160,1.8,4.250,NaN,9.191372,15.800858,8.978278,1.950317
0.4,1000,0.2,2,0.35,0.0005,16,1,7.500,8.050,1.405661,2.531500,1.220928,3.318737
0.4,1000,0.2,2,0.35,0.0005,16,1.8,7.850,8.500,1.428944,2.574990,1.244233,3.553286
0.4,1000,0.2,2,0.35,0.0005,45,1,6.550,7.050,1.288657,2.324820,1.222869,2.923721
0.4,1000,0.2,2,0.35,0.0005,45,1.8,6.950,7.450,1.311990,2.368402,1.246211,3.146651
0.4,1000,0.2,2,0.35,0.0005,160,1,6.200,6.650,1.242155,2.242679,1.223641,2.766728
0.4,1000,0.2,2,0.35,0.0005,160,1.8,6.550,7.000,1.265509,2.286297,1.246997,2.985041
0.4,1000,0.2,2,0.35,0.002,16,1,7.300,8.800,3.077865,5.384142,2.558005,3.248027
0.4,1000,0.2,2,0.35,0.002,16,1.8,7.700,9.250,3.100621,5.426735,2.580782,3.480497
0.4,1000,0.2,2,0.35,0.002,45,1,6.450,7.600,2.755151,4.826681,2.569483,2.869666
0.4,1000,0.2,2,0.35,0.002,45,1.8,6.800,8.000,2.778022,4.869474,2.592362,3.091007
0.4,1000,0.2,2,0.35,0.002,160,1,6.100,7.100,2.626375,4.604231,2.574063,2.718685
0.4,1000,0.2,2,0.35,0.002,160,1.8,6.450,7.500,2.649292,4.647104,2.596982,2.935585
0.4,1000,0.2,2,0.35,0.01,16,1,6.550,NaN,10.851593,18.645487,8.773799,2.919310
0.4,1000,0.2,2,0.35,0.01,16,1.8,6.900,NaN,10.871900,18.683903,8.794122,3.142111
0.4,1000,0.2,2,0.35,0.01,45,1,5.850,NaN,9.685491,16.649940,8.933290,2.614218
0.4,1000,0.2,2,0.35,0.01,45,1.8,6.200,NaN,9.706176,16.689005,8.953981,2.828045
0.4,1000,0.2,2,0.35,0.01,160,1,5.550,NaN,9.211247,15.838367,8.998154,2.490139
0.4,1000,0.2,2,0.35,0.01,160,1.8,5.900,NaN,9.232086,15.877696,9.018995,2.700316
0.4,1000,0.4,0.2,0.15,0.0005,16,1,10.900,NaN,7.688078,14.266566,7.509189,5.685974
0.4,1000,0.4,0.2,0.15,0.0005,16,1.8,14.950,NaN,7.707556,14.302949,7.528685,7.604001
0.4,1000,0.4,0.2,0.15,0.0005,45,1,10.400,NaN,7.584452,14.083863,7.520750,5.410522
0.4,1000,0.4,0.2,0.15,0.0005,45,1.8,14.450,NaN,7.603971,14.120319,7.540274,7.318828
0.4,1000,0.4,0.2,0.15,0.0005,160,1,10.200,NaN,7.543271,14.011256,7.525344,5.301056
0.4,1000,0.4,0.2,0.15,0.0005,160,1.8,14.300,NaN,7.562806,14.047740,7.544880,7.205499
0.4,1000,0.4,0.2,0.15,0.002,16,1,10.850,NaN,9.218125,16.876800,8.703847,5.636665
0.4,1000,0.4,0.2,0.15,0.002,16,1.8,14.850,NaN,9.237162,16.912431,8.722902,7.552951
0.4,1000,0.4,0.2,0.15,0.002,45,1,10.350,NaN,8.926146,16.372887,8.742480,5.372831
0.4,1000,0.4,0.2,0.15,0.002,45,1.8,14.400,NaN,8.945278,16.408682,8.761618,7.279807
0.4,1000,0.4,0.2,0.15,0.002,160,1,10.150,NaN,8.809642,16.171818,8.757895,5.267558
0.4,1000,0.4,0.2,0.15,0.002,160,1.8,14.250,NaN,8.828811,16.207679,8.777066,7.170819
0.4,1000,0.4,0.2,0.15,0.01,16,1,10.400,NaN,16.330637,29.010620,14.257283,5.407447
0.4,1000,0.4,0.2,0.15,0.01,16,1.8,14.450,NaN,16.347623,29.042754,14.274283,7.315644
0.4,1000,0.4,0.2,0.15,0.01,45,1,10.050,NaN,15.266455,27.189898,14.515890,5.194719
0.4,1000,0.4,0.2,0.15,0.01,45,1.8,14.100,NaN,15.283756,27.222573,14.533197,7.095409
0.4,1000,0.4,0.2,0.15,0.01,160,1,9.900,NaN,14.833684,26.449465,14.621058,5.108209
0.4,1000,0.4,0.2,0.15,0.01,160,1.8,13.950,NaN,14.851114,26.482360,14.638489,7.005847
0.4,1000,0.4,0.2,0.35,0.0005,16,1,12.800,NaN,7.726110,14.337607,7.547257,6.687425
0.4,1000,0.4,0.2,0.35,0.0005,16,1.8,16.650,NaN,7.745566,14.373949,7.566731,8.615645
0.4,1000,0.4,0.2,0.35,0.0005,45,1,12.000,NaN,7.622564,14.155046,7.558874,6.288287
0.4,1000,0.4,0.2,0.35,0.0005,45,1.8,15.900,NaN,7.642060,14.191460,7.578376,8.206797
0.4,1000,0.4,0.2,0.35,0.0005,160,1,11.700,NaN,7.581414,14.082495,7.563490,6.129668
0.4,1000,0.4,0.2,0.35,0.0005,160,1.8,15.650,NaN,7.600926,14.118938,7.583004,8.044319
0.4,1000,0.4,0.2,0.35,0.002,16,1,12.650,NaN,9.255297,16.946373,8.741052,6.615974
0.4,1000,0.4,0.2,0.35,0.002,16,1.8,16.550,NaN,9.274312,16.981964,8.760085,8.542456
0.4,1000,0.4,0.2,0.35,0.002,45,1,11.900,NaN,8.963502,16.442781,8.779848,6.233672
0.4,1000,0.4,0.2,0.35,0.002,45,1.8,15.800,NaN,8.982612,16.478536,8.798964,8.150854
0.4,1000,0.4,0.2,0.35,0.002,160,1,11.600,NaN,8.847072,16.241840,8.795328,6.081128
0.4,1000,0.4,0.2,0.35,0.002,160,1.8,15.550,NaN,8.866219,16.277661,8.814477,7.994599
0.4,1000,0.4,0.2,0.35,0.01,16,1,12.000,NaN,16.363804,29.073364,14.290477,6.283831
0.4,1000,0.4,0.2,0.35,0.01,16,1.8,15.900,NaN,16.380771,29.105462,14.307457,8.202233
0.4,1000,0.4,0.2,0.35,0.01,45,1,11.400,NaN,15.300237,27.253698,14.549683,5.975583
0.4,1000,0.4,0.2,0.35,0.01,45,1.8,15.350,NaN,15.317519,27.286336,14.566970,7.886486
0.4,1000,0.4,0.2,0.35,0.01,160,1,11.200,NaN,14.867717,26.513696,14.655094,5.850228
0.4,1000,0.4,0.2,0.35,0.01,160,1.8,15.150,NaN,14.885127,26.546553,14.672506,7.758081
0.4,1000,0.4,0.9,0.15,0.0005,16,1,6.250,7.150,2.594128,4.751463,2.410501,3.047374
0.4,1000,0.4,0.9,0.15,0.0005,16,1.8,7.250,8.250,2.616665,4.793560,2.433059,3.600374
0.4,1000,0.4,0.9,0.15,0.0005,45,1,5.650,6.400,2.479703,4.549410,2.414310,2.769157
0.4,1000,0.4,0.9,0.15,0.0005,45,1.8,6.600,7.450,2.502288,4.591595,2.436903,3.310910
0.4,1000,0.4,0.9,0.15,0.0005,160,1,5.400,6.100,2.434227,4.469109,2.415824,2.658586
0.4,1000,0.4,0.9,0.15,0.0005,160,1.8,6.350,7.150,2.456832,4.511328,2.438431,3.195870
0.4,1000,0.4,0.9,0.15,0.002,16,1,6.150,7.900,4.239448,7.558264,3.720644,2.997571
0.4,1000,0.4,0.9,0.15,0.002,16,1.8,7.100,9.100,4.261475,7.599492,3.742691,3.548558
0.4,1000,0.4,0.9,0.15,0.002,45,1,5.550,6.900,3.922594,7.011018,3.737304,2.731086
0.4,1000,0.4,0.9,0.15,0.002,45,1.8,6.550,8.100,3.944732,7.052439,3.759450,3.271301
0.4,1000,0.4,0.9,0.15,0.002,160,1,5.300,6.550,3.796158,6.792647,3.743953,2.624749
0.4,1000,0.4,0.9,0.15,0.002,160,1.8,6.300,7.750,3.818340,6.834146,3.766137,3.160665
0.4,1000,0.4,0.9,0.15,0.01,16,1,5.600,NaN,11.888126,20.606376,9.811171,2.766051
0.4,1000,0.4,0.9,0.15,0.01,16,1.8,6.600,NaN,11.907781,20.643560,9.830843,3.307679
0.4,1000,0.4,0.9,0.15,0.01,45,1,5.150,NaN,10.741338,18.643965,9.989447,2.551173
0.4,1000,0.4,0.9,0.15,0.01,45,1.8,6.150,NaN,10.761360,18.681778,10.009475,3.084114
0.4,1000,0.4,0.9,0.15,0.01,160,1,4.950,NaN,10.274954,17.845877,10.061950,2.463784
0.4,1000,0.4,0.9,0.15,0.01,160,1.8,5.950,NaN,10.295125,17.883945,10.082122,2.993193
0.4,1000,0.4,0.9,0.35,0.0005,16,1,8.450,9.750,2.638132,4.833660,2.454546,4.051566
0.4,1000,0.4,0.9,0.35,0.0005,16,1.8,9.400,10.750,2.660642,4.875706,2.477077,4.616359
0.4,1000,0.4,0.9,0.35,0.0005,45,1,7.550,8.600,2.523802,4.631777,2.458424,3.649744
0.4,1000,0.4,0.9,0.35,0.0005,45,1.8,8.450,9.650,2.546361,4.673911,2.480990,4.203303
0.4,1000,0.4,0.9,0.35,0.0005,160,1,7.200,8.150,2.478365,4.551544,2.459965,3.490049
0.4,1000,0.4,0.9,0.35,0.0005,160,1.8,8.100,9.200,2.500942,4.593712,2.482545,4.039144
0.4,1000,0.4,0.9,0.35,0.002,16,1,8.300,10.800,4.282457,7.638764,3.763692,3.979637
0.4,1000,0.4,0.9,0.35,0.002,16,1.8,9.200,11.900,4.304457,7.679942,3.785713,4.542419
0.4,1000,0.4,0.9,0.35,0.002,45,1,7.400,9.350,3.965819,7.091895,3.780544,3.594759
0.4,1000,0.4,0.9,0.35,0.002,45,1.8,8.350,10.450,3.987931,7.133266,3.802662,4.146781
0.4,1000,0.4,0.9,0.35,0.002,160,1,7.050,8.850,3.839470,6.873675,3.787269,3.441179
0.4,1000,0.4,0.9,0.35,0.002,160,1.8,8.000,9.900,3.861625,6.915123,3.809426,3.988907
0.4,1000,0.4,0.9,0.35,0.01,16,1,7.550,NaN,11.926504,20.678980,9.849581,3.645258
0.4,1000,0.4,0.9,0.35,0.01,16,1.8,8.450,NaN,11.946136,20.716119,9.869228,4.198692
0.4,1000,0.4,0.9,0.35,0.01,45,1,6.850,NaN,10.780432,18.717795,10.028552,3.334914
0.4,1000,0.4,0.9,0.35,0.01,45,1.8,7.750,NaN,10.800429,18.755562,10.048555,3.879672
0.4,1000,0.4,0.9,0.35,0.01,160,1,6.550,NaN,10.314338,17.920206,10.101337,3.208701
0.4,1000,0.4,0.9,0.35,0.01,160,1.8,7.500,NaN,10.334484,17.958227,10.121485,3.749931
0.4,1000,0.4,2,0.15,0.0005,16,1,5.650,6.150,1.722709,3.123721,1.538271,2.602905
0.4,1000,0.4,2,0.15,0.0005,16,1.8,6.150,6.750,1.745792,3.166838,1.561376,2.922406
0.4,1000,0.4,2,0.15,0.0005,45,1,5.000,5.450,1.606395,2.918280,1.540713,2.324198
0.4,1000,0.4,2,0.15,0.0005,45,1.8,5.500,6.000,1.629528,2.961487,1.563854,2.632180
0.4,1000,0.4,2,0.15,0.0005,160,1,4.750,5.150,1.560168,2.836631,1.541684,2.213431
0.4,1000,0.4,2,0.15,0.0005,160,1.8,5.250,5.700,1.583321,2.879874,1.564839,2.516836
0.4,1000,0.4,2,0.15,0.002,16,1,5.500,6.750,3.387741,5.964135,2.868164,2.553015
0.4,1000,0.4,2,0.15,0.002,16,1.8,6.050,7.350,3.410302,6.006362,2.890745,2.870454
0.4,1000,0.4,2,0.15,0.002,45,1,4.900,5.850,3.066593,5.409403,2.881026,2.286060
0.4,1000,0.4,2,0.15,0.002,45,1.8,5.450,6.450,3.089268,5.451828,2.903708,2.592466
0.4,1000,0.4,2,0.15,0.002,160,1,4.650,5.500,2.938442,5.188043,2.886159,2.179534
0.4,1000,0.4,2,0.15,0.002,160,1.8,5.200,6.100,2.961162,5.230547,2.908881,2.481538
0.4,1000,0.4,2,0.15,0.01,16,1,5.000,NaN,11.128112,19.168599,9.050541,2.321086
0.4,1000,0.4,2,0.15,0.01,16,1.8,5.500,NaN,11.148243,19.206684,9.070689,2.628940
0.4,1000,0.4,2,0.15,0.01,45,1,4.500,NaN,9.967164,17.181894,9.215046,2.105827
0.4,1000,0.4,2,0.15,0.01,45,1.8,5.000,NaN,9.987671,17.220623,9.235559,2.404784
0.4,1000,0.4,2,0.15,0.01,160,1,4.300,NaN,9.495017,16.373920,9.281948,2.018283
0.4,1000,0.4,2,0.15,0.01,160,1.8,4.800,NaN,9.515677,16.412910,9.302609,2.313622
0.4,1000,0.4,2,0.35,0.0005,16,1,7.900,8.650,1.767779,3.207908,1.583383,3.607585
0.4,1000,0.4,2,0.35,0.0005,16,1.8,8.400,9.250,1.790833,3.250971,1.606459,3.939164
0.4,1000,0.4,2,0.35,0.0005,45,1,6.950,7.600,1.651563,3.002643,1.585896,3.205286
0.4,1000,0.4,2,0.35,0.0005,45,1.8,7.450,8.150,1.674667,3.045796,1.609008,3.525360
0.4,1000,0.4,2,0.35,0.0005,160,1,6.600,7.200,1.605375,2.921064,1.586895,3.045400
0.4,1000,0.4,2,0.35,0.0005,160,1.8,7.100,7.700,1.628499,2.964253,1.610021,3.360901
0.4,1000,0.4,2,0.35,0.002,16,1,7.700,9.500,3.431792,6.046584,2.912254,3.535571
0.4,1000,0.4,2,0.35,0.002,16,1.8,8.250,10.100,3.454324,6.088758,2.934807,3.865091
0.4,1000,0.4,2,0.35,0.002,45,1,6.850,8.200,3.110866,5.492239,2.925313,3.150235
0.4,1000,0.4,2,0.35,0.002,45,1.8,7.350,8.800,3.133512,5.534612,2.947967,3.468735
0.4,1000,0.4,2,0.35,0.002,160,1,6.500,7.700,2.982804,5.271034,2.930524,2.996471
0.4,1000,0.4,2,0.35,0.002,160,1.8,7.000,8.250,3.005496,5.313486,2.953218,3.310574
0.4,1000,0.4,2,0.35,0.01,16,1,6.950,NaN,11.167420,19.242961,9.089881,3.200794
0.4,1000,0.4,2,0.35,0.01,16,1.8,7.450,NaN,11.187527,19.280999,9.110005,3.520740
0.4,1000,0.4,2,0.35,0.01,45,1,6.250,NaN,10.007205,17.257513,9.255098,2.890079
0.4,1000,0.4,2,0.35,0.01,45,1.8,6.750,NaN,10.027686,17.296194,9.275586,3.201138
0.4,1000,0.4,2,0.35,0.01,160,1,5.950,NaN,9.535356,16.450050,9.322290,2.763713
0.4,1000,0.4,2,0.35,0.01,160,1.8,6.450,NaN,9.555990,16.488993,9.342926,3.071159
0.4,4000,0.05,0.2,0.15,0.0005,16,1,2.500,2.650,1.356838,2.495841,1.171192,1.192356
0.4,4000,0.05,0.2,0.15,0.0005,16,1.8,3.050,3.250,1.380043,2.539168,1.194418,1.506104
0.4,4000,0.05,0.2,0.15,0.0005,45,1,1.900,2.000,1.239176,2.288030,1.173063,0.922781
0.4,4000,0.05,0.2,0.15,0.0005,45,1.8,2.500,2.650,1.262432,2.331448,1.196327,1.224896
0.4,4000,0.05,0.2,0.15,0.0005,160,1,1.700,1.800,1.192413,2.205438,1.173807,0.815642
0.4,4000,0.05,0.2,0.15,0.0005,160,1.8,2.300,2.400,1.215689,2.248893,1.197085,1.113133
0.4,4000,0.05,0.2,0.15,0.002,16,1,2.500,2.750,2.039335,3.660432,1.508834,1.184554
0.4,4000,0.05,0.2,0.15,0.002,16,1.8,3.050,3.350,2.062325,3.703393,1.531845,1.497966
0.4,4000,0.05,0.2,0.15,0.002,45,1,1.900,2.050,1.705229,3.083333,1.515743,0.919166
0.4,4000,0.05,0.2,0.15,0.002,45,1.8,2.500,2.700,1.728338,3.126501,1.538859,1.221124
0.4,4000,0.05,0.2,0.15,0.002,160,1,1.700,1.800,1.571890,2.853018,1.518500,0.813251
0.4,4000,0.05,0.2,0.15,0.002,160,1.8,2.300,2.450,1.595047,2.896268,1.541659,1.110639
0.4,4000,0.05,0.2,0.15,0.01,16,1,2.400,3.450,5.475730,9.524194,3.208872,1.145275
0.4,4000,0.05,0.2,0.15,0.01,16,1.8,2.950,4.250,5.497639,9.565311,3.230801,1.456992
0.4,4000,0.05,0.2,0.15,0.01,45,1,1.850,2.350,4.094622,7.160749,3.272617,0.900630
0.4,4000,0.05,0.2,0.15,0.01,45,1.8,2.450,3.050,4.116978,7.202633,3.294980,1.201789
0.4,4000,0.05,0.2,0.15,0.01,160,1,1.650,2.000,3.531626,6.197313,3.298602,0.800903
0.4,4000,0.05,0.2,0.15,0.01,160,1.8,2.250,2.700,3.554165,6.239510,3.321143,1.097758
0.4,4000,0.05,0.2,0.35,0.0005,16,1,3.400,3.600,1.402146,2.580439,1.216542,1.601275
0.4,4000,0.05,0.2,0.35,0.0005,16,1.8,3.950,4.200,1.425322,2.623713,1.239740,1.927107
0.4,4000,0.05,0.2,0.35,0.0005,45,1,2.500,2.650,1.284584,2.372806,1.218486,1.206237
0.4,4000,0.05,0.2,0.35,0.0005,45,1.8,3.100,3.250,1.307810,2.416171,1.241720,1.520449
0.4,4000,0.05,0.2,0.35,0.0005,160,1,2.150,2.300,1.237860,2.290285,1.219258,1.049234
0.4,4000,0.05,0.2,0.35,0.0005,160,1.8,2.750,2.900,1.261107,2.333686,1.242507,1.358828
0.4,4000,0.05,0.2,0.35,0.002,16,1,3.350,3.750,2.084224,3.744315,1.553764,1.589843
0.4,4000,0.05,0.2,0.35,0.002,16,1.8,3.900,4.350,2.107185,3.787223,1.576747,1.915339
0.4,4000,0.05,0.2,0.35,0.002,45,1,2.500,2.700,1.750350,3.167620,1.560879,1.200939
0.4,4000,0.05,0.2,0.35,0.002,45,1.8,3.050,3.350,1.773430,3.210735,1.583967,1.514995
0.4,4000,0.05,0.2,0.35,0.002,160,1,2.150,2.350,1.617104,2.937466,1.563718,1.045730
0.4,4000,0.05,0.2,0.35,0.002,160,1.8,2.750,2.950,1.640231,2.980663,1.586848,1.355221
0.4,4000,0.05,0.2,0.35,0.01,16,1,3.250,4.750,5.518509,9.604476,3.251688,1.532283
0.4,4000,0.05,0.2,0.35,0.01,16,1.8,3.800,5.450,5.540391,9.645542,3.273590,1.856085
0.4,4000,0.05,0.2,0.35,0.01,45,1,2.450,3.100,4.138274,7.242529,3.316283,1.173776
0.4,4000,0.05,0.2,0.35,0.01,45,1.8,3.000,3.750,4.160602,7.284361,3.338619,1.487034
0.4,4000,0.05,0.2,0.35,0.01,160,1,2.100,2.550,3.575634,6.279704,3.342614,1.027635
0.4,4000,0.05,0.2,0.35,0.01,160,1.8,2.700,3.250,3.598145,6.321849,3.365127,1.336594
0.4,4000,0.05,0.9,0.15,0.0005,16,1,2.150,2.200,0.644794,1.166335,0.458482,0.939302
0.4,4000,0.05,0.9,0.15,0.0005,16,1.8,2.350,2.400,0.668450,1.210504,0.482160,1.063153
0.4,4000,0.05,0.9,0.15,0.0005,45,1,1.500,1.550,0.525568,0.955719,0.459218,0.669434
0.4,4000,0.05,0.9,0.15,0.0005,45,1.8,1.700,1.750,0.549276,0.999981,0.482933,0.781425
0.4,4000,0.05,0.9,0.15,0.0005,160,1,1.250,1.300,0.478183,0.872011,0.459510,0.562177
0.4,4000,0.05,0.9,0.15,0.0005,160,1.8,1.450,1.500,0.501911,0.916310,0.483240,0.669454
0.4,4000,0.05,0.9,0.15,0.002,16,1,2.100,2.250,1.333877,2.342164,0.802723,0.931492
0.4,4000,0.05,0.9,0.15,0.002,16,1.8,2.300,2.500,1.357314,2.385959,0.826182,1.055000
0.4,4000,0.05,0.9,0.15,0.002,45,1,1.500,1.600,0.996124,1.758706,0.806404,0.665814
0.4,4000,0.05,0.9,0.15,0.002,45,1.8,1.700,1.800,1.019682,1.802713,0.829969,0.777646
0.4,4000,0.05,0.9,0.15,0.002,160,1,1.250,1.300,0.861329,1.525850,0.807872,0.559783
0.4,4000,0.05,0.9,0.15,0.002,160,1.8,1.450,1.500,0.884935,1.569941,0.831481,0.666956
0.4,4000,0.05,0.9,0.15,0.01,16,1,2.050,2.800,4.803441,8.262512,2.535990,0.892170
0.4,4000,0.05,0.9,0.15,0.01,16,1.8,2.250,3.100,4.825776,8.304428,2.558344,1.013950
0.4,4000,0.05,0.9,0.15,0.01,45,1,1.450,1.800,3.408605,5.875516,2.586381,0.647258
0.4,4000,0.05,0.9,0.15,0.01,45,1.8,1.650,2.000,3.431396,5.918214,2.609179,0.758275
0.4,4000,0.05,0.9,0.15,0.01,160,1,1.250,1.450,2.840010,4.902473,2.606923,0.547422
0.4,4000,0.05,0.9,0.15,0.01,160,1.8,1.400,1.650,2.862987,4.945490,2.629902,0.654051
0.4,4000,0.05,0.9,0.35,0.0005,16,1,3.050,3.150,0.690982,1.252576,0.504714,1.348527
0.4,4000,0.05,0.9,0.35,0.0005,16,1.8,3.250,3.400,0.714608,1.296690,0.528362,1.484696
0.4,4000,0.05,0.9,0.35,0.0005,45,1,2.150,2.200,0.571858,1.042142,0.505523,0.953199
0.4,4000,0.05,0.9,0.35,0.0005,45,1.8,2.350,2.400,0.595536,1.086349,0.529209,1.077523
0.4,4000,0.05,0.9,0.35,0.0005,160,1,1.800,1.850,0.524513,0.958507,0.505844,0.796080
0.4,4000,0.05,0.9,0.35,0.0005,160,1.8,2.000,2.050,0.548212,1.002751,0.529545,0.915696
0.4,4000,0.05,0.9,0.35,0.002,16,1,3.050,3.250,1.379638,2.427676,0.848526,1.337087
0.4,4000,0.05,0.9,0.35,0.002,16,1.8,3.250,3.500,1.403046,2.471417,0.871956,1.472913
0.4,4000,0.05,0.9,0.35,0.002,45,1,2.150,2.250,1.042122,1.844631,0.852417,0.947898
0.4,4000,0.05,0.9,0.35,0.002,45,1.8,2.350,2.450,1.065651,1.888583,0.875953,1.072062
0.4,4000,0.05,0.9,0.35,0.002,160,1,1.800,1.850,0.907421,1.611940,0.853969,0.792574
0.4,4000,0.05,0.9,0.35,0.002,160,1.8,1.950,2.050,0.930998,1.655977,0.877548,0.912085
0.4,4000,0.05,0.9,0.35,0.01,16,1,2.900,4.050,4.847050,8.344354,2.579638,1.279485
0.4,4000,0.05,0.9,0.35,0.01,16,1.8,3.100,4.300,4.869357,8.386217,2.601964,1.413585
0.4,4000,0.05,0.9,0.35,0.01,45,1,2.050,2.550,3.453106,5.958886,2.630895,0.920715
0.4,4000,0.05,0.9,0.35,0.01,45,1.8,2.250,2.750,3.475868,6.001531,2.653665,1.044066
0.4,4000,0.05,0.9,0.35,0.01,160,1,1.750,2.050,2.884873,4.986466,2.651790,0.774465
0.4,4000,0.05,0.9,0.35,0.01,160,1.8,1.950,2.250,2.907822,5.029430,2.674741,0.893434
0.4,4000,0.05,2,0.15,0.0005,16,1,2.100,2.150,0.531648,0.955072,0.345230,0.899104
0.4,4000,0.05,2,0.15,0.0005,16,1.8,2.250,2.300,0.555375,0.999375,0.368980,0.992780
0.4,4000,0.05,2,0.15,0.0005,45,1,1.450,1.500,0.412172,0.744008,0.345784,0.629189
0.4,4000,0.05,2,0.15,0.0005,45,1.8,1.600,1.650,0.435952,0.788405,0.369572,0.710969
0.4,4000,0.05,2,0.15,0.0005,160,1,1.200,1.250,0.364688,0.660123,0.346004,0.521914
0.4,4000,0.05,2,0.15,0.0005,160,1.8,1.350,1.350,0.388488,0.704557,0.369807,0.598966
0.4,4000,0.05,2,0.15,0.002,16,1,2.050,2.200,1.221778,2.132686,0.690520,0.891293
0.4,4000,0.05,2,0.15,0.002,16,1.8,2.250,2.400,1.245286,2.176615,0.714049,0.984625
0.4,4000,0.05,2,0.15,0.002,45,1,1.450,1.550,0.883444,1.548216,0.693686,0.625569
0.4,4000,0.05,2,0.15,0.002,45,1.8,1.600,1.650,0.907074,1.592357,0.717324,0.707189
0.4,4000,0.05,2,0.15,0.002,160,1,1.200,1.250,0.748417,1.314956,0.694950,0.519520
0.4,4000,0.05,2,0.15,0.002,160,1.8,1.350,1.400,0.772095,1.359182,0.718631,0.596466
0.4,4000,0.05,2,0.15,0.01,16,1,2.000,2.750,4.696611,8.062026,2.429066,0.851965
0.4,4000,0.05,2,0.15,0.01,16,1.8,2.150,2.950,4.719014,8.104069,2.451489,0.943562
0.4,4000,0.05,2,0.15,0.01,45,1,1.400,1.750,3.299594,5.671286,2.477335,0.607010
0.4,4000,0.05,2,0.15,0.01,45,1.8,1.550,1.900,3.322455,5.714115,2.500203,0.687812
0.4,4000,0.05,2,0.15,0.01,160,1,1.200,1.400,2.730108,4.696716,2.497011,0.507156
0.4,4000,0.05,2,0.15,0.01,160,1.8,1.300,1.550,2.753156,4.739864,2.520060,0.583557
0.4,4000,0.05,2,0.35,0.0005,16,1,3.000,3.100,0.577976,1.041575,0.391602,1.308379
0.4,4000,0.05,2,0.35,0.0005,16,1.8,3.200,3.300,0.601674,1.085823,0.415323,1.414410
0.4,4000,0.05,2,0.35,0.0005,45,1,2.100,2.150,0.458603,0.830695,0.392230,0.913005
0.4,4000,0.05,2,0.35,0.0005,45,1.8,2.250,2.300,0.482353,0.875037,0.415989,1.007154
0.4,4000,0.05,2,0.35,0.0005,160,1,1.750,1.750,0.411159,0.746882,0.392480,0.755867
0.4,4000,0.05,2,0.35,0.0005,160,1.8,1.900,1.900,0.434930,0.791261,0.416253,0.845295
0.4,4000,0.05,2,0.35,0.002,16,1,3.000,3.200,1.267678,2.218459,0.736462,1.296937
0.4,4000,0.05,2,0.35,0.002,16,1.8,3.150,3.350,1.291157,2.262333,0.759963,1.402624
0.4,4000,0.05,2,0.35,0.002,45,1,2.100,2.200,0.929582,1.634403,0.739839,0.907702
0.4,4000,0.05,2,0.35,0.002,45,1.8,2.250,2.350,0.953182,1.678489,0.763447,1.001693
0.4,4000,0.05,2,0.35,0.002,160,1,1.750,1.800,0.794649,1.401308,0.741187,0.752360
0.4,4000,0.05,2,0.35,0.002,160,1.8,1.850,1.950,0.818298,1.445479,0.764838,0.841682
0.4,4000,0.05,2,0.35,0.01,16,1,2.850,3.950,4.740354,8.144117,2.472847,1.239328
0.4,4000,0.05,2,0.35,0.01,16,1.8,3.000,4.200,4.762729,8.186108,2.495242,1.343284
0.4,4000,0.05,2,0.35,0.01,45,1,2.000,2.500,3.344230,5.754910,2.521985,0.880516
0.4,4000,0.05,2,0.35,0.01,45,1.8,2.150,2.650,3.367062,5.797685,2.544824,0.973690
0.4,4000,0.05,2,0.35,0.01,160,1,1.700,2.000,2.775109,4.780965,2.542015,0.734249
0.4,4000,0.05,2,0.35,0.01,160,1.8,1.850,2.150,2.798127,4.824060,2.565036,0.823027
0.4,4000,0.2,0.2,0.15,0.0005,16,1,4.700,5.800,3.980098,7.393908,3.796903,2.381016
0.4,4000,0.2,0.2,0.15,0.0005,16,1.8,6.900,8.650,4.001679,7.434204,3.818505,3.394397
0.4,4000,0.2,0.2,0.15,0.0005,45,1,4.200,5.200,3.868128,7.196302,3.802890,2.107036
0.4,4000,0.2,0.2,0.15,0.0005,45,1.8,6.450,8.100,3.889756,7.236680,3.824524,3.109596
0.4,4000,0.2,0.2,0.15,0.0005,160,1,4.050,5.000,3.823628,7.117768,3.805269,1.998149
0.4,4000,0.2,0.2,0.15,0.0005,160,1.8,6.300,7.900,3.845275,7.158180,3.826917,2.996409
0.4,4000,0.2,0.2,0.15,0.002,16,1,4.650,6.100,4.638326,8.517095,4.110231,2.373087
0.4,4000,0.2,0.2,0.15,0.002,16,1.8,6.850,9.150,4.659708,8.557050,4.131633,3.386155
0.4,4000,0.2,0.2,0.15,0.002,45,1,4.200,5.400,4.317590,7.963296,4.128967,2.103361
0.4,4000,0.2,0.2,0.15,0.002,45,1.8,6.450,8.400,4.339081,8.003442,4.150466,3.105777
0.4,4000,0.2,0.2,0.15,0.002,160,1,4.050,5.150,4.189591,7.742286,4.136445,1.995719
0.4,4000,0.2,0.2,0.15,0.002,160,1.8,6.300,8.150,4.211126,7.782508,4.157982,2.993883
0.4,4000,0.2,0.2,0.15,0.01,16,1,4.600,NaN,7.952517,14.172366,5.687844,2.333165
0.4,4000,0.2,0.2,0.15,0.01,16,1.8,6.800,NaN,7.972893,14.210606,5.708238,3.344656
0.4,4000,0.2,0.2,0.15,0.01,45,1,4.200,7.200,6.621920,11.895571,5.800723,2.084523
0.4,4000,0.2,0.2,0.15,0.01,45,1.8,6.400,11.500,6.642711,11.934523,5.821521,3.086195
0.4,4000,0.2,0.2,0.15,0.01,160,1,4.000,6.300,6.079529,10.967482,5.846736,1.983169
0.4,4000,0.2,0.2,0.15,0.01,160,1.8,6.250,10.150,6.100490,11.006725,5.867698,2.980838
0.4,4000,0.2,0.2,0.35,0.0005,16,1,5.450,6.700,4.022237,7.472588,3.839081,2.794510
0.4,4000,0.2,0.2,0.35,0.0005,16,1.8,7.550,9.450,4.043792,7.512836,3.860657,3.819129
0.4,4000,0.2,0.2,0.35,0.0005,45,1,4.700,5.750,3.910357,7.275144,3.845133,2.395056
0.4,4000,0.2,0.2,0.35,0.0005,45,1.8,6.900,8.600,3.931959,7.315474,3.866742,3.408868
0.4,4000,0.2,0.2,0.35,0.0005,160,1,4.450,5.450,3.865894,7.196674,3.847538,2.236303
0.4,4000,0.2,0.2,0.35,0.0005,160,1.8,6.650,8.300,3.887514,7.237038,3.869160,3.245820
0.4,4000,0.2,0.2,0.35,0.002,16,1,5.400,7.000,4.680075,8.595110,4.152019,2.782950
0.4,4000,0.2,0.2,0.35,0.002,16,1.8,7.550,9.950,4.701431,8.635018,4.173395,3.807257
0.4,4000,0.2,0.2,0.35,0.002,45,1,4.700,5.950,4.359553,8.041684,4.170944,2.389699
0.4,4000,0.2,0.2,0.35,0.002,45,1.8,6.900,8.950,4.381019,8.081782,4.192417,3.403366
0.4,4000,0.2,0.2,0.35,0.002,160,1,4.400,5.600,4.231639,7.820822,4.178497,2.232760
0.4,4000,0.2,0.2,0.35,0.002,160,1.8,6.650,8.550,4.253148,7.860996,4.200008,3.242181
0.4,4000,0.2,0.2,0.35,0.01,16,1,5.300,NaN,7.992303,14.247031,5.727665,2.724745
0.4,4000,0.2,0.2,0.35,0.01,16,1.8,7.450,NaN,8.012655,14.285226,5.748035,3.747477
0.4,4000,0.2,0.2,0.35,0.01,45,1,4.650,7.850,6.662516,11.971627,5.841332,2.362233
0.4,4000,0.2,0.2,0.35,0.01,45,1.8,6.850,12.150,6.683283,12.010533,5.862105,3.375158
0.4,4000,0.2,0.2,0.35,0.01,160,1,4.400,6.800,6.120456,11.044105,5.887666,2.214463
0.4,4000,0.2,0.2,0.35,0.01,160,1.8,6.600,10.650,6.141392,11.083301,5.908604,3.223390
0.4,4000,0.2,0.9,0.15,0.0005,16,1,2.550,2.700,1.255954,2.307473,1.070213,1.231541
0.4,4000,0.2,0.9,0.15,0.0005,16,1.8,3.100,3.250,1.279222,2.350919,1.093503,1.518384
0.4,4000,0.2,0.9,0.15,0.0005,45,1,1.950,2.050,1.138071,2.099265,1.071924,0.956256
0.4,4000,0.2,0.9,0.15,0.0005,45,1.8,2.500,2.650,1.161390,2.142803,1.095251,1.231433
0.4,4000,0.2,0.9,0.15,0.0005,160,1,1.750,1.800,1.091219,2.016516,1.072604,0.846847
0.4,4000,0.2,0.9,0.15,0.0005,160,1.8,2.300,2.400,1.114559,2.060089,1.095946,1.117388
0.4,4000,0.2,0.9,0.15,0.002,16,1,2.550,2.800,1.939383,3.473656,1.408790,1.223575
0.4,4000,0.2,0.9,0.15,0.002,16,1.8,3.050,3.350,1.962436,3.516735,1.431864,1.510080
0.4,4000,0.2,0.9,0.15,0.002,45,1,1.950,2.100,1.604762,2.895657,1.415242,0.952564
0.4,4000,0.2,0.9,0.15,0.002,45,1.8,2.500,2.700,1.627934,2.938943,1.438422,1.227585
0.4,4000,0.2,0.9,0.15,0.002,160,1,1.750,1.850,1.471217,2.664982,1.417817,0.844405
0.4,4000,0.2,0.9,0.15,0.002,160,1.8,2.250,2.450,1.494436,2.708351,1.441039,1.114843
0.4,4000,0.2,0.9,0.15,0.01,16,1,2.450,3.500,5.380478,9.345435,3.113536,1.183463
0.4,4000,0.2,0.9,0.15,0.01,16,1.8,3.000,4.200,5.402448,9.386665,3.135525,1.468269
0.4,4000,0.2,0.9,0.15,0.01,45,1,1.900,2.400,3.997426,6.978654,3.175390,0.933636
0.4,4000,0.2,0.9,0.15,0.01,45,1.8,2.450,3.050,4.019843,7.020653,3.197814,1.207854
0.4,4000,0.2,0.9,0.15,0.01,160,1,1.700,2.050,3.433637,6.013858,3.200603,0.831796
0.4,4000,0.2,0.9,0.15,0.01,160,1.8,2.250,2.700,3.456238,6.056170,3.223206,1.101699
0.4,4000,0.2,0.9,0.35,0.0005,16,1,3.450,3.700,1.301386,2.392302,1.115688,1.646392
0.4,4000,0.2,0.9,0.35,0.0005,16,1.8,3.950,4.200,1.324626,2.435695,1.138949,1.945352
0.4,4000,0.2,0.9,0.35,0.0005,45,1,2.550,2.700,1.183602,2.184273,1.117471,1.245651
0.4,4000,0.2,0.9,0.35,0.0005,45,1.8,3.100,3.250,1.206893,2.227757,1.140769,1.532959
0.4,4000,0.2,0.9,0.35,0.0005,160,1,2.250,2.350,1.136791,2.101595,1.118180,1.086381
0.4,4000,0.2,0.9,0.35,0.0005,160,1.8,2.750,2.900,1.160102,2.145115,1.141493,1.369059
0.4,4000,0.2,0.9,0.35,0.002,16,1,3.450,3.800,1.984395,3.557769,1.453844,1.634795
0.4,4000,0.2,0.9,0.35,0.002,16,1.8,3.950,4.350,2.007420,3.600794,1.476889,1.933418
0.4,4000,0.2,0.9,0.35,0.002,45,1,2.550,2.750,1.650006,2.980175,1.460502,1.240276
0.4,4000,0.2,0.9,0.35,0.002,45,1.8,3.100,3.300,1.673150,3.023408,1.483653,1.527428
0.4,4000,0.2,0.9,0.35,0.002,160,1,2.200,2.350,1.516554,2.749662,1.463159,1.082827
0.4,4000,0.2,0.9,0.35,0.002,160,1.8,2.750,2.950,1.539745,2.792977,1.486352,1.365401
0.4,4000,0.2,0.9,0.35,0.01,16,1,3.300,4.800,5.423374,9.425937,3.156470,1.576404
0.4,4000,0.2,0.9,0.35,0.01,16,1.8,3.800,5.450,5.445316,9.467116,3.178431,1.873329
0.4,4000,0.2,0.9,0.35,0.01,45,1,2.500,3.150,4.041197,7.060659,3.219175,1.212722
0.4,4000,0.2,0.9,0.35,0.01,45,1.8,3.000,3.750,4.063587,7.102606,3.241572,1.499073
0.4,4000,0.2,0.9,0.35,0.01,160,1,2.200,2.600,3.477765,6.096475,3.244736,1.064470
0.4,4000,0.2,0.9,0.35,0.01,160,1.8,2.700,3.250,3.500338,6.138735,3.267311,1.346511
0.4,4000,0.2,2,0.15,0.0005,16,1,2.300,2.400,0.808758,1.472484,0.622600,1.043714
0.4,4000,0.2,2,0.15,0.0005,16,1.8,2.550,2.650,0.832310,1.516458,0.646173,1.211293
0.4,4000,0.2,2,0.15,0.0005,45,1,1.650,1.700,0.689893,1.262515,0.623597,0.768211
0.4,4000,0.2,2,0.15,0.0005,45,1.8,1.950,2.000,0.713496,1.306582,0.647208,0.923982
0.4,4000,0.2,2,0.15,0.0005,160,1,1.400,1.450,0.642651,1.179065,0.623994,0.658715
0.4,4000,0.2,2,0.15,0.0005,160,1.8,1.700,1.750,0.666275,1.223169,0.647620,0.809793
0.4,4000,0.2,2,0.15,0.002,16,1,2.250,2.450,1.496325,2.645725,0.965321,1.035742
0.4,4000,0.2,2,0.15,0.002,16,1.8,2.550,2.750,1.519658,2.689328,0.988676,1.202979
0.4,4000,0.2,2,0.15,0.002,45,1,1.650,1.750,1.159412,2.063732,0.969746,0.764516
0.4,4000,0.2,2,0.15,0.002,45,1.8,1.950,2.050,1.182867,2.107545,0.993208,0.920128
0.4,4000,0.2,2,0.15,0.002,160,1,1.400,1.500,1.024952,1.831462,0.971512,0.656271
0.4,4000,0.2,2,0.15,0.002,160,1.8,1.700,1.750,1.048455,1.875359,0.995016,0.807244
0.4,4000,0.2,2,0.15,0.01,16,1,2.200,3.050,4.958251,8.553043,2.690936,0.995599
0.4,4000,0.2,2,0.15,0.01,16,1.8,2.450,3.400,4.980487,8.594774,2.713192,1.161115
0.4,4000,0.2,2,0.15,0.01,45,1,1.600,1.950,3.566577,6.171471,2.744403,0.745572
0.4,4000,0.2,2,0.15,0.01,45,1.8,1.900,2.300,3.589268,6.213981,2.767101,0.900373
0.4,4000,0.2,2,0.15,0.01,160,1,1.400,1.650,2.999271,5.200641,2.766198,0.643651
0.4,4000,0.2,2,0.15,0.01,160,1.8,1.650,1.950,3.022147,5.243469,2.789076,0.794084
0.4,4000,0.2,2,0.35,0.0005,16,1,3.200,3.350,0.854743,1.558345,0.668628,1.458793
0.4,4000,0.2,2,0.35,0.0005,16,1.8,3.500,3.650,0.878265,1.602265,0.692172,1.638636
0.4,4000,0.2,2,0.35,0.0005,45,1,2.300,2.400,0.735979,1.348557,0.669699,1.057836
0.4,4000,0.2,2,0.35,0.0005,45,1.8,2.550,2.650,0.759553,1.392570,0.693280,1.225885
0.4,4000,0.2,2,0.35,0.0005,160,1,1.950,2.000,0.688777,1.265179,0.670124,0.898480
0.4,4000,0.2,2,0.35,0.0005,160,1.8,2.200,2.300,0.712372,1.309229,0.693721,1.061842
0.4,4000,0.2,2,0.35,0.002,16,1,3.200,3.450,1.541884,2.730860,1.010923,1.447190
0.4,4000,0.2,2,0.35,0.002,16,1.8,3.450,3.750,1.565189,2.774409,1.034249,1.626691
0.4,4000,0.2,2,0.35,0.002,45,1,2.300,2.400,1.205207,2.149279,1.015556,1.052458
0.4,4000,0.2,2,0.35,0.002,45,1.8,2.550,2.700,1.228633,2.193037,1.038989,1.220350
0.4,4000,0.2,2,0.35,0.002,160,1,1.950,2.050,1.070842,1.917173,1.017405,0.894923
0.4,4000,0.2,2,0.35,0.002,160,1.8,2.200,2.300,1.094315,1.961015,1.040880,1.058181
0.4,4000,0.2,2,0.35,0.01,16,1,3.050,4.300,5.001668,8.634524,2.734392,1.388767
0.4,4000,0.2,2,0.35,0.01,16,1.8,3.350,4.650,5.023877,8.676203,2.756620,1.566550
0.4,4000,0.2,2,0.35,0.01,45,1,2.200,2.750,3.610881,6.254474,2.788721,1.024889
0.4,4000,0.2,2,0.35,0.01,45,1.8,2.500,3.050,3.633543,6.296931,2.811391,1.191970
0.4,4000,0.2,2,0.35,0.01,160,1,1.900,2.200,3.043937,5.284264,2.810868,0.876557
0.4,4000,0.2,2,0.35,0.01,160,1.8,2.150,2.550,3.066784,5.327038,2.833718,1.039275
0.4,4000,0.4,0.2,0.15,0.0005,16,1,8.700,18.550,7.200245,13.406464,7.020060,4.389242
0.4,4000,0.4,0.2,0.15,0.0005,16,1.8,12.850,28.650,7.219914,13.443189,7.039747,6.261508
0.4,4000,0.4,0.2,0.15,0.0005,45,1,8.350,17.100,7.095111,13.221101,7.030946,4.109780
0.4,4000,0.4,0.2,0.15,0.0005,45,1.8,12.500,26.550,7.114821,13.257900,7.050662,5.972184
0.4,4000,0.4,0.2,0.15,0.0005,160,1,8.200,16.650,7.053330,13.147436,7.035272,3.998719
0.4,4000,0.4,0.2,0.15,0.0005,160,1.8,12.350,25.900,7.073056,13.184264,7.055000,5.857203
0.4,4000,0.4,0.2,0.15,0.002,16,1,8.700,NaN,7.828679,14.478819,7.303538,4.381155
0.4,4000,0.4,0.2,0.15,0.002,16,1.8,12.850,NaN,7.848165,14.515233,7.323043,6.253135
0.4,4000,0.4,0.2,0.15,0.002,45,1,8.300,NaN,7.524206,13.953344,7.336643,4.106032
0.4,4000,0.4,0.2,0.15,0.002,45,1.8,12.500,NaN,7.543792,13.989930,7.356235,5.968304
0.4,4000,0.4,0.2,0.15,0.002,160,1,8.200,21.350,7.402702,13.743645,7.349854,3.996240
0.4,4000,0.4,0.2,0.15,0.002,160,1.8,12.350,34.200,7.422327,13.780300,7.369481,5.854637
0.4,4000,0.4,0.2,0.15,0.01,16,1,8.650,NaN,10.992839,19.878120,8.730848,4.340433
0.4,4000,0.4,0.2,0.15,0.01,16,1.8,12.800,NaN,11.011409,19.912971,8.749435,6.210976
0.4,4000,0.4,0.2,0.15,0.01,45,1,8.300,NaN,9.724113,17.707443,8.903908,4.086818
0.4,4000,0.4,0.2,0.15,0.01,45,1.8,12.450,NaN,9.743060,17.742941,8.922861,5.948411
0.4,4000,0.4,0.2,0.15,0.01,160,1,8.150,NaN,9.206960,16.822640,8.974449,3.983440
0.4,4000,0.4,0.2,0.15,0.01,160,1.8,12.300,NaN,9.226061,16.858402,8.993553,5.841386
0.4,4000,0.4,0.2,0.35,0.0005,16,1,9.350,19.800,7.238650,13.478173,7.058501,4.808427
0.4,4000,0.4,0.2,0.35,0.0005,16,1.8,13.450,30.150,7.258297,13.514856,7.078166,6.690937
0.4,4000,0.4,0.2,0.35,0.0005,45,1,8.750,17.950,7.133597,13.292954,7.069444,4.403480
0.4,4000,0.4,0.2,0.35,0.0005,45,1.8,12.900,27.600,7.153284,13.329711,7.089138,6.276139
0.4,4000,0.4,0.2,0.35,0.0005,160,1,8.500,17.300,7.091847,13.219346,7.073793,4.242549
0.4,4000,0.4,0.2,0.35,0.0005,160,1.8,12.650,26.800,7.111551,13.256132,7.093499,6.111294
0.4,4000,0.4,0.2,0.35,0.002,16,1,9.350,NaN,7.866728,14.549921,7.341623,4.796708
0.4,4000,0.4,0.2,0.35,0.002,16,1.8,13.450,NaN,7.886193,14.586294,7.361106,6.678933
0.4,4000,0.4,0.2,0.35,0.002,45,1,8.750,NaN,7.562449,14.024782,7.374899,4.398049
0.4,4000,0.4,0.2,0.35,0.002,45,1.8,12.900,NaN,7.582012,14.061327,7.394468,6.270576
0.4,4000,0.4,0.2,0.35,0.002,160,1,8.500,23.350,7.441021,13.815217,7.388178,4.238958
0.4,4000,0.4,0.2,0.35,0.002,160,1.8,12.650,38.050,7.460624,13.851831,7.407782,6.107615
0.4,4000,0.4,0.2,0.35,0.01,16,1,9.250,NaN,11.029099,19.946169,8.767140,4.737701
0.4,4000,0.4,0.2,0.35,0.01,16,1.8,13.350,NaN,11.047648,19.980981,8.785706,6.618491
0.4,4000,0.4,0.2,0.35,0.01,45,1,8.700,NaN,9.761110,17.776756,8.940917,4.370207
0.4,4000,0.4,0.2,0.35,0.01,45,1.8,12.850,NaN,9.780036,17.812214,8.959849,6.242057
0.4,4000,0.4,0.2,0.35,0.01,160,1,8.500,NaN,9.244257,16.892469,9.011751,4.220410
0.4,4000,0.4,0.2,0.35,0.01,160,1.8,12.650,NaN,9.263338,16.928190,9.030832,6.088616
0.4,4000,0.4,0.9,0.15,0.0005,16,1,3.450,3.750,2.055374,3.800125,1.870381,1.737430
0.4,4000,0.4,0.9,0.15,0.0005,16,1.8,4.450,4.900,2.078141,3.842634,1.893169,2.237478
0.4,4000,0.4,0.9,0.15,0.0005,45,1,2.900,3.150,1.939239,3.595052,1.873359,1.455055
0.4,4000,0.4,0.9,0.15,0.0005,45,1.8,3.900,4.250,1.962055,3.637650,1.896183,1.943688
0.4,4000,0.4,0.9,0.15,0.0005,160,1,2.650,2.900,1.893083,3.513549,1.874542,1.342829
0.4,4000,0.4,0.9,0.15,0.0005,160,1.8,3.700,4.050,1.915919,3.556182,1.897380,1.826926
0.4,4000,0.4,0.9,0.15,0.002,16,1,3.400,3.900,2.731409,4.953692,2.201548,1.729258
0.4,4000,0.4,0.9,0.15,0.002,16,1.8,4.400,5.050,2.753965,4.995842,2.224125,2.228976
0.4,4000,0.4,0.9,0.15,0.002,45,1,2.850,3.200,2.400874,4.382817,2.211618,1.451267
0.4,4000,0.4,0.9,0.15,0.002,45,1.8,3.900,4.350,2.423546,4.425170,2.234297,1.939748
0.4,4000,0.4,0.9,0.15,0.002,160,1,2.650,2.950,2.268961,4.154987,2.215636,1.340324
0.4,4000,0.4,0.9,0.15,0.002,160,1.8,3.700,4.150,2.291680,4.197421,2.238357,1.824320
0.4,4000,0.4,0.9,0.15,0.01,16,1,3.350,5.100,6.135264,10.761938,3.868988,1.688114
0.4,4000,0.4,0.9,0.15,0.01,16,1.8,4.350,6.750,6.156760,10.802278,3.890503,2.186168
0.4,4000,0.4,0.9,0.15,0.01,45,1,2.850,3.700,4.767616,8.421585,3.945826,1.431852
0.4,4000,0.4,0.9,0.15,0.01,45,1.8,3.850,5.150,4.789550,8.462677,3.967767,1.919547
0.4,4000,0.4,0.9,0.15,0.01,160,1,2.650,3.300,4.210111,7.467569,3.977148,1.327390
0.4,4000,0.4,0.9,0.15,0.01,160,1.8,3.650,4.700,4.232224,7.508968,3.999263,1.810863
0.4,4000,0.4,0.9,0.35,0.0005,16,1,4.300,4.700,2.099827,3.883126,1.914875,2.159645
0.4,4000,0.4,0.9,0.35,0.0005,16,1.8,5.250,5.800,2.122566,3.925583,1.937635,2.671549
0.4,4000,0.4,0.9,0.35,0.0005,45,1,3.450,3.750,1.983789,3.678226,1.917923,1.751817
0.4,4000,0.4,0.9,0.35,0.0005,45,1.8,4.450,4.850,2.006577,3.720773,1.940719,2.252320
0.4,4000,0.4,0.9,0.35,0.0005,160,1,3.100,3.400,1.937671,3.596792,1.919135,1.589733
0.4,4000,0.4,0.9,0.35,0.0005,160,1.8,4.150,4.500,1.960479,3.639374,1.941945,2.085705
0.4,4000,0.4,0.9,0.35,0.002,16,1,4.250,4.850,2.775450,5.035991,2.245631,2.147843
0.4,4000,0.4,0.9,0.35,0.002,16,1.8,5.200,5.950,2.797979,5.078090,2.268180,2.659416
0.4,4000,0.4,0.9,0.35,0.002,45,1,3.450,3.850,2.445143,4.465512,2.255901,1.746348
0.4,4000,0.4,0.9,0.35,0.002,45,1.8,4.450,4.950,2.467787,4.507813,2.278553,2.246698
0.4,4000,0.4,0.9,0.35,0.002,160,1,3.100,3.450,2.313321,4.237840,2.260000,1.586116
0.4,4000,0.4,0.9,0.35,0.002,160,1.8,4.150,4.600,2.336012,4.280222,2.282693,2.081986
0.4,4000,0.4,0.9,0.35,0.01,16,1,4.150,6.350,6.177235,10.840704,3.910996,2.088419
0.4,4000,0.4,0.9,0.35,0.01,16,1.8,5.100,7.850,6.198704,10.880996,3.932484,2.598331
0.4,4000,0.4,0.9,0.35,0.01,45,1,3.350,4.400,4.810443,8.501820,3.988667,1.718306
0.4,4000,0.4,0.9,0.35,0.01,45,1.8,4.350,5.800,4.832351,8.542863,4.010581,2.217873
0.4,4000,0.4,0.9,0.35,0.01,160,1,3.100,3.850,4.253288,7.548403,4.020329,1.567435
0.4,4000,0.4,0.9,0.35,0.01,160,1.8,4.100,5.200,4.275374,7.589753,4.042417,2.062783
0.4,4000,0.4,2,0.15,0.0005,16,1,2.650,2.800,1.175047,2.156406,0.989231,1.290619
0.4,4000,0.4,2,0.15,0.0005,16,1.8,3.150,3.350,1.198366,2.199947,1.012572,1.555884
0.4,4000,0.4,2,0.15,0.0005,45,1,2.050,2.150,1.056986,1.947880,0.990813,1.007727
0.4,4000,0.4,2,0.15,0.0005,45,1.8,2.550,2.650,1.080357,1.991513,1.014191,1.261301
0.4,4000,0.4,2,0.15,0.0005,160,1,1.800,1.900,1.010065,1.865004,0.991441,0.895295
0.4,4000,0.4,2,0.15,0.0005,160,1.8,2.300,2.400,1.033455,1.908674,1.014835,1.144223
0.4,4000,0.4,2,0.15,0.002,16,1,2.650,2.900,1.859225,3.323867,1.328557,1.282432
0.4,4000,0.4,2,0.15,0.002,16,1.8,3.150,3.400,1.882329,3.367040,1.351682,1.547359
0.4,4000,0.4,2,0.15,0.002,45,1,2.050,2.200,1.524189,2.745145,1.334643,1.003933
0.4,4000,0.4,2,0.15,0.002,45,1.8,2.550,2.700,1.547412,2.788527,1.357874,1.257350
0.4,4000,0.4,2,0.15,0.002,160,1,1.800,1.950,1.390479,2.514182,1.337072,0.892785
0.4,4000,0.4,2,0.15,0.002,160,1.8,2.300,2.450,1.413749,2.557646,1.360345,1.141610
0.4,4000,0.4,2,0.15,0.01,16,1,2.550,3.600,5.304089,9.202075,3.037079,1.241212
0.4,4000,0.4,2,0.15,0.01,16,1.8,3.050,4.250,5.326106,9.243395,3.059116,1.504436
0.4,4000,0.4,2,0.15,0.01,45,1,2.000,2.450,3.919477,6.832619,3.097416,0.984481
0.4,4000,0.4,2,0.15,0.01,45,1.8,2.500,3.100,3.941944,6.874710,3.119890,1.237095
0.4,4000,0.4,2,0.15,0.01,160,1,1.800,2.100,3.355052,5.866731,3.122011,0.879827
0.4,4000,0.4,2,0.15,0.01,160,1.8,2.300,2.700,3.377702,5.909136,3.144663,1.128116
0.4,4000,0.4,2,0.35,0.0005,16,1,3.550,3.800,1.220579,2.241422,1.034805,1.713371
0.4,4000,0.4,2,0.35,0.0005,16,1.8,4.050,4.300,1.243869,2.284909,1.058118,1.990780
0.4,4000,0.4,2,0.35,0.0005,45,1,2.650,2.800,1.102618,2.033075,1.036460,1.305032
0.4,4000,0.4,2,0.35,0.0005,45,1.8,3.150,3.300,1.125960,2.076654,1.059809,1.570764
0.4,4000,0.4,2,0.35,0.0005,160,1,2.300,2.450,1.055736,1.950270,1.037117,1.142743
0.4,4000,0.4,2,0.35,0.0005,160,1.8,2.800,2.950,1.079098,1.993886,1.060481,1.403835
0.4,4000,0.4,2,0.35,0.002,16,1,3.550,3.900,1.904336,3.408164,1.373710,1.701554
0.4,4000,0.4,2,0.35,0.002,16,1.8,4.000,4.400,1.927411,3.451284,1.396806,1.978625
0.4,4000,0.4,2,0.35,0.002,45,1,2.650,2.850,1.569533,2.829849,1.380002,1.299556
0.4,4000,0.4,2,0.35,0.002,45,1.8,3.150,3.350,1.592727,2.873177,1.403204,1.565131
0.4,4000,0.4,2,0.35,0.002,160,1,2.300,2.450,1.435916,2.599048,1.382513,1.139121
0.4,4000,0.4,2,0.35,0.002,160,1.8,2.800,3.000,1.459158,2.642458,1.405757,1.400109
0.4,4000,0.4,2,0.35,0.01,16,1,3.400,4.900,5.347079,9.282754,3.080107,1.642055
0.4,4000,0.4,2,0.35,0.01,16,1.8,3.900,5.500,5.369069,9.324023,3.102117,1.917425
0.4,4000,0.4,2,0.35,0.01,45,1,2.600,3.250,3.963344,6.914803,3.141297,1.271479
0.4,4000,0.4,2,0.35,0.01,45,1.8,3.100,3.800,3.985783,6.956842,3.163743,1.536252
0.4,4000,0.4,2,0.35,0.01,160,1,2.250,2.700,3.399277,5.949529,3.166241,1.120417
0.4,4000,0.4,2,0.35,0.01,160,1.8,2.750,3.300,3.421899,5.991883,3.188865,1.380870
0.6,250,0.05,0.2,0.15,0.0005,16,1,12.800,15.750,3.327433,5.976245,3.146754,5.707175
0.6,250,0.05,0.2,0.15,0.0005,16,1.8,13.700,16.800,3.349793,6.018057,3.169135,6.215780
0.6,250,0.05,0.2,0.15,0.0005,45,1,12.200,14.900,3.215988,5.779415,3.151647,5.451845
0.6,250,0.05,0.2,0.15,0.0005,45,1.8,13.100,15.900,3.238396,5.821312,3.174062,5.949430
0.6,250,0.05,0.2,0.15,0.0005,160,1,12.000,14.550,3.171699,5.701193,3.153592,5.350373
0.6,250,0.05,0.2,0.15,0.0005,160,1.8,12.850,15.550,3.194125,5.743123,3.176020,5.843578
0.6,250,0.05,0.2,0.15,0.002,16,1,12.100,31.700,7.354121,12.840643,6.862264,5.406232
0.6,250,0.05,0.2,0.15,0.002,16,1.8,13.000,34.400,7.375238,12.880340,6.883400,5.901848
0.6,250,0.05,0.2,0.15,0.002,45,1,11.600,25.000,7.067014,12.344725,6.891389,5.178176
0.6,250,0.05,0.2,0.15,0.002,45,1.8,12.450,26.800,7.088232,12.384596,6.912614,5.663948
0.6,250,0.05,0.2,0.15,0.002,160,1,11.400,23.450,6.952485,12.146900,6.903007,5.087202
0.6,250,0.05,0.2,0.15,0.002,160,1.8,12.200,25.100,6.973743,12.186841,6.924267,5.569048
0.6,250,0.05,0.2,0.15,0.01,16,1,9.450,NaN,22.950127,39.427556,21.253027,4.240634
0.6,250,0.05,0.2,0.15,0.01,16,1.8,10.200,NaN,22.966418,39.459034,21.269329,4.685942
0.6,250,0.05,0.2,0.15,0.01,45,1,9.100,NaN,22.179878,38.109454,21.567535,4.104195
0.6,250,0.05,0.2,0.15,0.01,45,1.8,9.850,NaN,22.196415,38.141354,21.584076,4.543613
0.6,250,0.05,0.2,0.15,0.01,160,1,9.000,NaN,21.868085,37.575892,21.694847,4.048965
0.6,250,0.05,0.2,0.15,0.01,160,1.8,9.750,NaN,21.884722,37.607963,21.711485,4.486000
0.6,250,0.05,0.2,0.35,0.0005,16,1,18.550,22.900,3.371091,6.057884,3.190453,8.217397
0.6,250,0.05,0.2,0.35,0.0005,16,1.8,19.450,23.950,3.393424,6.099645,3.212806,8.737857
0.6,250,0.05,0.2,0.35,0.0005,45,1,17.700,21.650,3.259740,5.861221,3.195413,7.843228
0.6,250,0.05,0.2,0.35,0.0005,45,1.8,18.550,22.650,3.282119,5.903066,3.217800,8.352680
0.6,250,0.05,0.2,0.35,0.0005,160,1,17.350,21.150,3.215487,5.783064,3.197384,7.694529
0.6,250,0.05,0.2,0.35,0.0005,160,1.8,18.200,22.150,3.237886,5.824943,3.219785,8.199606
0.6,250,0.05,0.2,0.35,0.002,16,1,17.550,48.600,7.395354,12.918153,6.903533,7.776386
0.6,250,0.05,0.2,0.35,0.002,16,1.8,18.400,52.200,7.416446,12.957801,6.924643,8.283871
0.6,250,0.05,0.2,0.35,0.002,45,1,16.750,37.050,7.108443,12.422575,6.932831,7.442185
0.6,250,0.05,0.2,0.35,0.002,45,1.8,17.600,39.000,7.129635,12.462398,6.954030,7.939838
0.6,250,0.05,0.2,0.35,0.002,160,1,16.450,34.600,6.993992,12.224887,6.944518,7.308870
0.6,250,0.05,0.2,0.35,0.002,160,1.8,17.300,36.350,7.015225,12.264779,6.965752,7.802601
0.6,250,0.05,0.2,0.35,0.01,16,1,13.600,NaN,22.981936,39.489018,21.284857,6.068285
0.6,250,0.05,0.2,0.35,0.01,16,1.8,14.350,NaN,22.998207,39.520457,21.301139,6.525520
0.6,250,0.05,0.2,0.35,0.01,45,1,13.150,NaN,22.212168,38.171740,21.599832,5.868343
0.6,250,0.05,0.2,0.35,0.01,45,1.8,13.900,NaN,22.228684,38.203601,21.616353,6.319696
0.6,250,0.05,0.2,0.35,0.01,160,1,12.950,NaN,21.900569,37.638512,21.727333,5.787408
0.6,250,0.05,0.2,0.35,0.01,160,1.8,13.700,NaN,21.917185,37.670544,21.743950,6.236379
0.6,250,0.05,0.9,0.15,0.0005,16,1,12.550,14.700,2.641383,4.693369,2.460074,5.458579
0.6,250,0.05,0.9,0.15,0.0005,16,1.8,13.200,15.450,2.664172,4.735985,2.482885,5.781051
0.6,250,0.05,0.9,0.15,0.0005,45,1,11.950,13.900,2.528478,4.493920,2.463912,5.203020
0.6,250,0.05,0.9,0.15,0.0005,45,1.8,12.550,14.600,2.551317,4.536623,2.486758,5.514259
0.6,250,0.05,0.9,0.15,0.0005,160,1,11.700,13.550,2.483608,4.414656,2.465438,5.101457
0.6,250,0.05,0.9,0.15,0.0005,160,1.8,12.300,14.300,2.506466,4.457393,2.488298,5.408232
0.6,250,0.05,0.9,0.15,0.002,16,1,11.850,22.800,6.706177,11.622653,6.213759,5.157366
0.6,250,0.05,0.9,0.15,0.002,16,1.8,12.450,24.050,6.727701,11.663113,6.235302,5.466599
0.6,250,0.05,0.9,0.15,0.002,45,1,11.300,20.300,6.415988,11.121359,6.240162,4.929102
0.6,250,0.05,0.9,0.15,0.002,45,1.8,11.900,21.400,6.437615,11.161998,6.261795,5.228302
0.6,250,0.05,0.9,0.15,0.002,160,1,11.100,19.450,6.300229,10.921389,6.250695,4.838046
0.6,250,0.05,0.9,0.15,0.002,160,1.8,11.700,20.500,6.321897,10.962099,6.272364,5.133244
0.6,250,0.05,0.9,0.15,0.01,16,1,9.150,NaN,22.450269,38.461712,20.752836,3.990686
0.6,250,0.05,0.9,0.15,0.01,16,1.8,9.650,NaN,22.466874,38.493798,20.769452,4.248641
0.6,250,0.05,0.9,0.15,0.01,45,1,8.850,NaN,21.672468,37.130654,21.060003,3.854116
0.6,250,0.05,0.9,0.15,0.01,45,1.8,9.350,NaN,21.689324,37.163170,21.076863,4.106068
0.6,250,0.05,0.9,0.15,0.01,160,1,8.700,NaN,21.357616,36.591846,21.184344,3.798832
0.6,250,0.05,0.9,0.15,0.01,160,1.8,9.200,NaN,21.374574,36.624536,21.201303,4.048355
0.6,250,0.05,0.9,0.35,0.0005,16,1,18.300,21.500,2.685881,4.776578,2.504613,7.968821
0.6,250,0.05,0.9,0.35,0.0005,16,1.8,18.950,22.300,2.708642,4.819141,2.527395,8.303376
0.6,250,0.05,0.9,0.35,0.0005,45,1,17.450,20.300,2.573071,4.577299,2.508520,7.594451
0.6,250,0.05,0.9,0.35,0.0005,45,1.8,18.050,21.100,2.595882,4.619950,2.531338,7.917785
0.6,250,0.05,0.9,0.35,0.0005,160,1,17.100,19.850,2.528239,4.498103,2.510073,7.445670
0.6,250,0.05,0.9,0.35,0.0005,160,1.8,17.700,20.600,2.551069,4.540788,2.532904,7.764545
0.6,250,0.05,0.9,0.35,0.002,16,1,17.250,33.700,6.748204,11.701653,6.255822,7.527572
0.6,250,0.05,0.9,0.35,0.002,16,1.8,17.900,35.050,6.769702,11.742064,6.277338,7.848902
0.6,250,0.05,0.9,0.35,0.002,45,1,16.500,29.900,6.458215,11.200709,6.282402,7.193186
0.6,250,0.05,0.9,0.35,0.002,45,1.8,17.100,31.050,6.479815,11.241298,6.304009,7.504495
0.6,250,0.05,0.9,0.35,0.002,160,1,16.200,28.600,6.342536,11.000878,6.293005,7.059797
0.6,250,0.05,0.9,0.35,0.002,160,1.8,16.800,29.750,6.364177,11.041538,6.314648,7.367108
0.6,250,0.05,0.9,0.35,0.01,16,1,13.350,NaN,22.482691,38.524360,20.785280,5.818494
0.6,250,0.05,0.9,0.35,0.01,16,1.8,13.850,NaN,22.499276,38.556406,20.801876,6.088606
0.6,250,0.05,0.9,0.35,0.01,45,1,12.900,NaN,21.705380,37.194142,21.092923,5.618432
0.6,250,0.05,0.9,0.35,0.01,45,1.8,13.350,NaN,21.722216,37.226618,21.109763,5.882549
0.6,250,0.05,0.9,0.35,0.01,160,1,12.700,NaN,21.390727,36.655674,21.217457,5.537447
0.6,250,0.05,0.9,0.35,0.01,160,1.8,13.200,NaN,21.407664,36.688324,21.234395,5.799137
0.6,250,0.05,2,0.15,0.0005,16,1,12.500,14.550,2.532379,4.489538,2.350970,5.419094
0.6,250,0.05,2,0.15,0.0005,16,1.8,13.100,15.250,2.555237,4.532282,2.373849,5.711992
0.6,250,0.05,2,0.15,0.0005,45,1,11.900,13.750,2.419242,4.289672,2.354640,5.163498
0.6,250,0.05,2,0.15,0.0005,45,1.8,12.500,14.450,2.442149,4.332503,2.377555,5.445130
0.6,250,0.05,2,0.15,0.0005,160,1,11.650,13.400,2.374279,4.210241,2.356099,5.061920
0.6,250,0.05,2,0.15,0.0005,160,1.8,12.250,14.100,2.397206,4.253108,2.379028,5.339075
0.6,250,0.05,2,0.15,0.002,16,1,11.800,22.150,6.603227,11.429129,6.110720,5.117838
0.6,250,0.05,2,0.15,0.002,16,1.8,12.400,23.300,6.624817,11.469712,6.132328,5.397457
0.6,250,0.05,2,0.15,0.002,45,1,11.250,19.800,6.312548,10.926981,6.136690,4.889541
0.6,250,0.05,2,0.15,0.002,45,1.8,11.850,20.850,6.334240,10.967743,6.158388,5.159097
0.6,250,0.05,2,0.15,0.002,160,1,11.050,19.000,6.196593,10.726669,6.147050,4.798471
0.6,250,0.05,2,0.15,0.002,160,1.8,11.600,20.000,6.218326,10.767503,6.168784,5.064013
0.6,250,0.05,2,0.15,0.01,16,1,9.100,NaN,22.370845,38.308248,20.673360,3.950984
0.6,250,0.05,2,0.15,0.01,16,1.8,9.600,NaN,22.387501,38.340430,20.690026,4.179171
0.6,250,0.05,2,0.15,0.01,45,1,8.800,NaN,21.591844,36.975130,20.979360,3.814393
0.6,250,0.05,2,0.15,0.01,45,1.8,9.250,NaN,21.608751,37.007744,20.996272,4.036560
0.6,250,0.05,2,0.15,0.01,160,1,8.650,NaN,21.276507,36.435488,21.103229,3.759102
0.6,250,0.05,2,0.15,0.01,160,1.8,9.100,NaN,21.293516,36.468277,21.120239,3.978831
0.6,250,0.05,2,0.35,0.0005,16,1,18.250,21.300,2.577011,4.572998,2.395643,7.929340
0.6,250,0.05,2,0.35,0.0005,16,1.8,18.850,22.050,2.599841,4.615689,2.418494,8.234357
0.6,250,0.05,2,0.35,0.0005,45,1,17.400,20.150,2.463969,4.373302,2.399382,7.554937
0.6,250,0.05,2,0.35,0.0005,45,1.8,18.000,20.850,2.486848,4.416081,2.422269,7.848700
0.6,250,0.05,2,0.35,0.0005,160,1,17.050,19.650,2.419045,4.293940,2.400868,7.406143
0.6,250,0.05,2,0.35,0.0005,160,1.8,17.650,20.350,2.441943,4.336754,2.423769,7.695434
0.6,250,0.05,2,0.35,0.002,16,1,17.250,32.700,6.645381,11.508368,6.152910,7.488053
0.6,250,0.05,2,0.35,0.002,16,1.8,17.800,33.950,6.666943,11.548901,6.174491,7.779806
0.6,250,0.05,2,0.35,0.002,45,1,16.450,29.200,6.354902,11.006570,6.179057,7.153637
0.6,250,0.05,2,0.35,0.002,45,1.8,17.050,30.300,6.376567,11.047282,6.200729,7.435339
0.6,250,0.05,2,0.35,0.002,160,1,16.150,28.000,6.239027,10.806398,6.189488,7.020236
0.6,250,0.05,2,0.35,0.002,160,1.8,16.700,29.050,6.260734,10.847181,6.211196,7.297928
0.6,250,0.05,2,0.35,0.01,16,1,13.300,NaN,22.403366,38.371085,20.705902,5.778818
0.6,250,0.05,2,0.35,0.01,16,1.8,13.750,NaN,22.420000,38.403227,20.722548,6.019198
0.6,250,0.05,2,0.35,0.01,45,1,12.850,NaN,21.624856,37.038811,21.012380,5.578737
0.6,250,0.05,2,0.35,0.01,45,1.8,13.300,NaN,21.641742,37.071384,21.029270,5.813104
0.6,250,0.05,2,0.35,0.01,160,1,12.650,NaN,21.309718,36.499510,21.136442,5.497744
0.6,250,0.05,2,0.35,0.01,160,1.8,13.100,NaN,21.326706,36.532258,21.153431,5.729677
0.6,250,0.2,0.2,0.15,0.0005,16,1,14.500,22.550,5.856064,10.704646,5.677709,6.971343
0.6,250,0.2,0.2,0.15,0.0005,16,1.8,16.550,25.350,5.876874,10.743560,5.698538,8.166021
0.6,250,0.2,0.2,0.15,0.0005,45,1,13.900,21.250,5.749936,10.517349,5.686423,6.711656
0.6,250,0.2,0.2,0.15,0.0005,45,1.8,15.950,24.000,5.770789,10.556341,5.707283,7.896077
0.6,250,0.2,0.2,0.15,0.0005,160,1,13.650,20.750,5.707760,10.442917,5.689886,6.608456
0.6,250,0.2,0.2,0.15,0.0005,160,1.8,15.700,23.500,5.728631,10.481939,5.710759,7.788801
0.6,250,0.2,0.2,0.15,0.002,16,1,13.800,NaN,9.742227,17.329757,9.252439,6.665267
0.6,250,0.2,0.2,0.15,0.002,16,1.8,15.850,NaN,9.761880,17.366700,9.272109,7.847855
0.6,250,0.2,0.2,0.15,0.002,45,1,13.300,NaN,9.466426,16.853544,9.291543,6.433329
0.6,250,0.2,0.2,0.15,0.002,45,1.8,15.300,NaN,9.486172,16.890650,9.311295,7.606757
0.6,250,0.2,0.2,0.15,0.002,160,1,13.050,NaN,9.356410,16.663585,9.307141,6.340810
0.6,250,0.2,0.2,0.15,0.002,160,1.8,15.100,NaN,9.376193,16.700755,9.326926,7.510583
0.6,250,0.2,0.2,0.15,0.01,16,1,11.150,NaN,24.792229,42.986924,23.096353,5.479920
0.6,250,0.2,0.2,0.15,0.01,16,1.8,13.200,NaN,24.807387,43.016213,23.111522,6.615691
0.6,250,0.2,0.2,0.15,0.01,45,1,10.850,NaN,24.049784,41.716521,23.437890,5.341183
0.6,250,0.2,0.2,0.15,0.01,45,1.8,12.900,NaN,24.065171,41.746202,23.453280,6.471474
0.6,250,0.2,0.2,0.15,0.01,160,1,10.700,NaN,23.749250,41.202275,23.576140,5.285024
0.6,250,0.2,0.2,0.15,0.01,160,1.8,12.750,NaN,23.764730,41.232116,23.591620,6.413097
0.6,250,0.2,0.2,0.35,0.0005,16,1,20.150,31.900,5.896697,10.780628,5.718379,9.487080
0.6,250,0.2,0.2,0.35,0.0005,16,1.8,22.050,34.450,5.917483,10.819496,5.739184,10.692792
0.6,250,0.2,0.2,0.35,0.0005,45,1,19.300,30.000,5.790654,10.593483,5.727154,9.108462
0.6,250,0.2,0.2,0.35,0.0005,45,1.8,21.200,32.500,5.811482,10.632428,5.747990,10.303928
0.6,250,0.2,0.2,0.35,0.0005,160,1,18.950,29.300,5.748512,10.519111,5.730642,8.957999
0.6,250,0.2,0.2,0.35,0.0005,160,1.8,20.850,31.750,5.769358,10.558087,5.751490,10.149393
0.6,250,0.2,0.2,0.35,0.002,16,1,19.150,NaN,9.780601,17.401892,9.290847,9.040827
0.6,250,0.2,0.2,0.35,0.002,16,1.8,21.000,NaN,9.800231,17.438792,9.310494,10.234463
0.6,250,0.2,0.2,0.35,0.002,45,1,18.350,NaN,9.504981,16.925995,9.330110,8.702667
0.6,250,0.2,0.2,0.35,0.002,45,1.8,20.250,NaN,9.524703,16.963056,9.349839,9.887151
0.6,250,0.2,0.2,0.35,0.002,160,1,18.050,NaN,9.395037,16.736161,9.345772,8.567776
0.6,250,0.2,0.2,0.35,0.002,160,1.8,19.950,NaN,9.414797,16.773287,9.365533,9.748610
0.6,250,0.2,0.2,0.35,0.01,16,1,15.200,NaN,24.821826,43.044113,23.125971,7.312618
0.6,250,0.2,0.2,0.35,0.01,16,1.8,17.100,NaN,24.836967,43.073368,23.141121,8.459487
0.6,250,0.2,0.2,0.35,0.01,45,1,14.750,NaN,24.079828,41.774476,23.467941,7.110343
0.6,250,0.2,0.2,0.35,0.01,45,1.8,16.650,NaN,24.095197,41.804123,23.483313,8.251739
0.6,250,0.2,0.2,0.35,0.01,160,1,14.550,NaN,23.779475,41.260541,23.606367,7.028464
0.6,250,0.2,0.2,0.35,0.01,160,1.8,16.450,NaN,23.794936,41.290346,23.621829,8.167644
0.6,250,0.2,0.9,0.15,0.0005,16,1,13.100,15.950,3.230223,5.794469,3.049455,5.841935
0.6,250,0.2,0.9,0.15,0.0005,16,1.8,13.950,17.000,3.252644,5.836394,3.071896,6.324168
0.6,250,0.2,0.9,0.15,0.0005,45,1,12.500,15.100,3.118572,5.597269,3.054199,5.581204
0.6,250,0.2,0.9,0.15,0.0005,45,1.8,13.350,16.100,3.141040,5.639279,3.076675,6.052385
0.6,250,0.2,0.9,0.15,0.0005,160,1,12.250,14.750,3.074201,5.518898,3.056085,5.477585
0.6,250,0.2,0.9,0.15,0.0005,160,1.8,13.100,15.750,3.096688,5.560943,3.078574,5.944375
0.6,250,0.2,0.9,0.15,0.002,16,1,12.400,29.850,7.262311,12.668062,6.770375,5.534626
0.6,250,0.2,0.9,0.15,0.002,16,1.8,13.200,32.100,7.283486,12.707866,6.791568,6.003834
0.6,250,0.2,0.9,0.15,0.002,45,1,11.850,24.600,6.974768,12.171382,6.799115,5.301744
0.6,250,0.2,0.9,0.15,0.002,45,1.8,12.650,26.300,6.996044,12.211362,6.820397,5.761081
0.6,250,0.2,0.9,0.15,0.002,160,1,11.650,23.200,6.860065,11.973253,6.810579,5.208846
0.6,250,0.2,0.9,0.15,0.002,160,1.8,12.450,24.750,6.881381,12.013303,6.831897,5.664246
0.6,250,0.2,0.9,0.15,0.01,16,1,9.650,NaN,22.879302,39.290705,21.182155,4.344363
0.6,250,0.2,0.9,0.15,0.01,16,1.8,10.350,NaN,22.895637,39.322268,21.198501,4.763125
0.6,250,0.2,0.9,0.15,0.01,45,1,9.350,NaN,22.107983,37.970767,21.495623,4.205036
0.6,250,0.2,0.9,0.15,0.01,45,1.8,10.050,NaN,22.124565,38.002754,21.512209,4.617893
0.6,250,0.2,0.9,0.15,0.01,160,1,9.200,NaN,21.795757,37.436462,21.622514,4.148637
0.6,250,0.2,0.9,0.15,0.01,160,1.8,9.900,NaN,21.812439,37.468621,21.639197,4.559104
0.6,250,0.2,0.9,0.35,0.0005,16,1,18.850,23.100,3.274000,5.876329,3.093273,8.357932
0.6,250,0.2,0.9,0.35,0.0005,16,1.8,19.700,24.100,3.296393,5.918203,3.115686,8.852051
0.6,250,0.2,0.9,0.35,0.0005,45,1,17.950,21.800,3.162442,5.679296,3.098084,7.978372
0.6,250,0.2,0.9,0.35,0.0005,45,1.8,18.800,22.800,3.184883,5.721255,3.120532,8.461453
0.6,250,0.2,0.9,0.35,0.0005,160,1,17.650,21.350,3.118108,5.600992,3.099996,7.827530
0.6,250,0.2,0.9,0.35,0.0005,160,1.8,18.450,22.300,3.140567,5.642985,3.122457,8.306224
0.6,250,0.2,0.9,0.35,0.002,16,1,17.800,44.600,7.303656,12.745781,6.811756,7.910567
0.6,250,0.2,0.9,0.35,0.002,16,1.8,18.650,47.200,7.324806,12.785537,6.832923,8.391676
0.6,250,0.2,0.9,0.35,0.002,45,1,17.050,36.100,7.016310,12.249444,6.840669,7.571550
0.6,250,0.2,0.9,0.35,0.002,45,1.8,17.850,37.900,7.037559,12.289375,6.861925,8.042800
0.6,250,0.2,0.9,0.35,0.002,160,1,16.750,33.950,6.901685,12.051452,6.852203,7.436313
0.6,250,0.2,0.9,0.35,0.002,160,1.8,17.500,35.600,6.922975,12.091453,6.873495,7.903631
0.6,250,0.2,0.9,0.35,0.01,16,1,13.850,NaN,22.911197,39.352334,21.214071,6.177846
0.6,250,0.2,0.9,0.35,0.01,16,1.8,14.550,NaN,22.927513,39.383859,21.230397,6.608568
0.6,250,0.2,0.9,0.35,0.01,45,1,13.350,NaN,22.140360,38.033223,21.528008,5.975022
0.6,250,0.2,0.9,0.35,0.01,45,1.8,14.050,NaN,22.156922,38.065171,21.544573,6.399845
0.6,250,0.2,0.9,0.35,0.01,160,1,13.200,NaN,21.828329,37.499253,21.655088,5.892919
0.6,250,0.2,0.9,0.35,0.01,160,1.8,13.850,NaN,21.844990,37.531372,21.671751,6.315355
0.6,250,0.2,2,0.15,0.0005,16,1,12.900,15.250,2.799349,4.988758,2.618186,5.657473
0.6,250,0.2,2,0.15,0.0005,16,1.8,13.600,16.100,2.822040,5.031188,2.640897,6.022804
0.6,250,0.2,2,0.15,0.0005,45,1,12.300,14.450,2.686782,4.789914,2.622268,5.396566
0.6,250,0.2,2,0.15,0.0005,45,1.8,12.950,15.250,2.709521,4.832430,2.645014,5.750713
0.6,250,0.2,2,0.15,0.0005,160,1,12.050,14.100,2.642046,4.710890,2.623890,5.292878
0.6,250,0.2,2,0.15,0.0005,160,1.8,12.700,14.900,2.664804,4.753441,2.646650,5.642580
0.6,250,0.2,2,0.15,0.002,16,1,12.200,24.450,6.855371,11.903103,6.363082,5.349957
0.6,250,0.2,2,0.15,0.002,16,1.8,12.850,25.900,6.876801,11.943387,6.384530,5.702106
0.6,250,0.2,2,0.15,0.002,45,1,11.650,21.550,6.565892,11.403048,6.390112,5.116917
0.6,250,0.2,2,0.15,0.002,45,1.8,12.300,22.800,6.587424,11.443510,6.411651,5.459077
0.6,250,0.2,2,0.15,0.002,160,1,11.450,20.600,6.450416,11.203572,6.400895,5.023955
0.6,250,0.2,2,0.15,0.002,160,1.8,12.050,21.750,6.471989,11.244105,6.422469,5.362130
0.6,250,0.2,2,0.15,0.01,16,1,9.450,NaN,22.565367,38.684109,20.868010,4.158869
0.6,250,0.2,2,0.15,0.01,16,1.8,10.000,NaN,22.581899,38.716053,20.884554,4.459965
0.6,250,0.2,2,0.15,0.01,45,1,9.100,NaN,21.789305,37.356034,21.176868,4.019443
0.6,250,0.2,2,0.15,0.01,45,1.8,9.650,NaN,21.806087,37.388408,21.193655,4.314562
0.6,250,0.2,2,0.15,0.01,160,1,9.000,NaN,21.475158,36.818434,21.301893,3.963004
0.6,250,0.2,2,0.15,0.01,160,1.8,9.550,NaN,21.492041,36.850981,21.318778,4.255704
0.6,250,0.2,2,0.35,0.0005,16,1,18.650,22.150,2.843653,5.071604,2.662530,8.173517
0.6,250,0.2,2,0.35,0.0005,16,1.8,19.350,23.000,2.866316,5.113982,2.685214,8.550877
0.6,250,0.2,2,0.35,0.0005,45,1,17.800,20.950,2.731180,4.872929,2.666681,7.793799
0.6,250,0.2,2,0.35,0.0005,45,1.8,18.450,21.750,2.753891,4.915394,2.689399,8.159988
0.6,250,0.2,2,0.35,0.0005,160,1,17.450,20.450,2.686482,4.793973,2.668330,7.642893
0.6,250,0.2,2,0.35,0.0005,160,1.8,18.100,21.250,2.709212,4.836471,2.691062,8.004643
0.6,250,0.2,2,0.35,0.002,16,1,17.600,35.950,6.897214,11.981759,6.404961,7.725965
0.6,250,0.2,2,0.35,0.002,16,1.8,18.300,37.450,6.918618,12.021994,6.426384,8.090159
0.6,250,0.2,2,0.35,0.002,45,1,16.850,31.550,6.607934,11.482052,6.432167,7.386803
0.6,250,0.2,2,0.35,0.002,45,1.8,17.500,32.850,6.629440,11.522464,6.453680,7.741020
0.6,250,0.2,2,0.35,0.002,160,1,16.550,30.100,6.492538,11.282714,6.443020,7.251509
0.6,250,0.2,2,0.35,0.002,160,1.8,17.150,31.350,6.514084,11.323197,6.464569,7.601745
0.6,250,0.2,2,0.35,0.01,16,1,13.650,NaN,22.597647,38.746482,20.900312,5.992485
0.6,250,0.2,2,0.35,0.01,16,1.8,14.200,NaN,22.614159,38.778388,20.916836,6.305685
0.6,250,0.2,2,0.35,0.01,45,1,13.150,NaN,21.822073,37.419244,21.209645,5.789568
0.6,250,0.2,2,0.35,0.01,45,1.8,13.700,NaN,21.838835,37.451578,21.226410,6.096798
0.6,250,0.2,2,0.35,0.01,160,1,12.950,NaN,21.508124,36.881983,21.334861,5.707428
0.6,250,0.2,2,0.35,0.01,160,1.8,13.500,NaN,21.524986,36.914490,21.351725,6.012242
0.6,250,0.4,0.2,0.15,0.0005,16,1,17.800,NaN,8.962497,16.513504,8.786995,9.073568
0.6,250,0.4,0.2,0.15,0.0005,16,1.8,21.600,NaN,8.981479,16.549000,8.805995,11.111150
0.6,250,0.4,0.2,0.15,0.0005,45,1,17.200,NaN,8.862761,16.337659,8.800266,8.808455
0.6,250,0.4,0.2,0.15,0.0005,45,1.8,21.050,NaN,8.881782,16.373224,8.819293,10.836680
0.6,250,0.4,0.2,0.15,0.0005,160,1,17.000,NaN,8.823127,16.267780,8.805539,8.703102
0.6,250,0.4,0.2,0.15,0.0005,160,1.8,20.850,NaN,8.842163,16.303373,8.824578,10.727609
0.6,250,0.4,0.2,0.15,0.002,16,1,17.100,NaN,12.675870,22.844359,12.188624,8.761097
0.6,250,0.4,0.2,0.15,0.002,16,1.8,20.950,NaN,12.693796,22.878056,12.206566,10.787651
0.6,250,0.4,0.2,0.15,0.002,45,1,16.600,NaN,12.413840,22.392134,12.239869,8.524326
0.6,250,0.4,0.2,0.15,0.002,45,1.8,20.500,NaN,12.431850,22.425977,12.257884,10.542523
0.6,250,0.4,0.2,0.15,0.002,160,1,16.400,NaN,12.309320,22.211749,12.260309,8.429882
0.6,250,0.4,0.2,0.15,0.002,160,1.8,20.300,NaN,12.327364,22.245650,12.278354,10.444746
0.6,250,0.4,0.2,0.15,0.01,16,1,14.600,NaN,27.054678,47.358501,25.360307,7.551158
0.6,250,0.4,0.2,0.15,0.01,16,1.8,18.500,NaN,27.068501,47.385211,25.374140,9.535009
0.6,250,0.4,0.2,0.15,0.01,45,1,14.300,NaN,26.346327,46.146576,25.734984,7.409560
0.6,250,0.4,0.2,0.15,0.01,45,1.8,18.200,NaN,26.360359,46.173643,25.749018,9.388414
0.6,250,0.4,0.2,0.15,0.01,160,1,14.200,NaN,26.059600,45.656011,25.886646,7.352244
0.6,250,0.4,0.2,0.15,0.01,160,1.8,18.100,NaN,26.073715,45.683222,25.900763,9.329075
0.6,250,0.4,0.2,0.35,0.0005,16,1,23.150,NaN,8.999562,16.582814,8.824094,11.596160
0.6,250,0.4,0.2,0.35,0.0005,16,1.8,26.750,NaN,9.018523,16.618270,8.843073,13.643809
0.6,250,0.4,0.2,0.35,0.0005,45,1,22.300,NaN,8.899901,16.407103,8.837418,11.212002
0.6,250,0.4,0.2,0.35,0.0005,45,1.8,25.900,NaN,8.918901,16.442629,8.856424,13.250303
0.6,250,0.4,0.2,0.35,0.0005,160,1,21.950,NaN,8.860297,16.337278,8.842713,11.059341
0.6,250,0.4,0.2,0.35,0.0005,160,1.8,25.550,NaN,8.879312,16.372831,8.861730,13.093928
0.6,250,0.4,0.2,0.35,0.002,16,1,22.150,NaN,12.710872,22.910156,12.223657,11.143379
0.6,250,0.4,0.2,0.35,0.002,16,1.8,25.750,NaN,12.728778,22.943815,12.241578,13.180010
0.6,250,0.4,0.2,0.35,0.002,45,1,21.400,NaN,12.449006,22.458216,12.275045,10.800288
0.6,250,0.4,0.2,0.35,0.002,45,1.8,25.000,NaN,12.466995,22.492021,12.293041,12.828572
0.6,250,0.4,0.2,0.35,0.002,160,1,21.100,NaN,12.344552,22.277944,12.295544,10.663435
0.6,250,0.4,0.2,0.35,0.002,160,1.8,24.750,NaN,12.362575,22.311807,12.313568,12.688389
0.6,250,0.4,0.2,0.35,0.01,16,1,18.350,NaN,27.081669,47.410654,25.387316,9.390134
0.6,250,0.4,0.2,0.35,0.01,16,1.8,22.050,NaN,27.095477,47.437334,25.401133,11.384107
0.6,250,0.4,0.2,0.35,0.01,45,1,17.900,NaN,26.373725,46.199426,25.762388,9.184954
0.6,250,0.4,0.2,0.35,0.01,45,1.8,21.600,NaN,26.387740,46.226462,25.776407,11.173936
0.6,250,0.4,0.2,0.35,0.01,160,1,17.750,NaN,26.087162,45.709143,25.914210,9.101901
0.6,250,0.4,0.2,0.35,0.01,160,1.8,21.450,NaN,26.101261,45.736323,25.928311,11.088862
0.6,250,0.4,0.9,0.15,0.0005,16,1,14.000,18.050,4.000596,7.235023,3.820536,6.467110
0.6,250,0.4,0.9,0.15,0.0005,16,1.8,15.200,19.500,4.022538,7.276053,3.842498,7.158358
0.6,250,0.4,0.9,0.15,0.0005,45,1,13.400,17.100,3.890577,7.040750,3.826456,6.199605
0.6,250,0.4,0.9,0.15,0.0005,45,1.8,14.550,18.500,3.912565,7.081863,3.848452,6.880039
0.6,250,0.4,0.9,0.15,0.0005,160,1,13.150,16.700,3.846854,6.963544,3.828809,6.093296
0.6,250,0.4,0.9,0.15,0.0005,160,1.8,14.300,18.100,3.868861,7.004690,3.850818,6.769432
0.6,250,0.4,0.9,0.15,0.002,16,1,13.300,NaN,7.989885,14.035740,7.498579,6.151818
0.6,250,0.4,0.9,0.15,0.002,16,1.8,14.450,NaN,8.010608,14.074694,7.519319,6.830320
0.6,250,0.4,0.9,0.15,0.002,45,1,12.750,NaN,7.705796,13.545083,7.530369,5.912889
0.6,250,0.4,0.9,0.15,0.002,45,1.8,13.900,NaN,7.726617,13.584208,7.551196,6.581732
0.6,250,0.4,0.9,0.15,0.002,160,1,12.550,NaN,7.592472,13.349358,7.543050,5.817580
0.6,250,0.4,0.9,0.15,0.002,160,1.8,13.650,NaN,7.613332,13.388552,7.563912,6.482569
0.6,250,0.4,0.9,0.15,0.01,16,1,10.500,NaN,23.440566,40.375198,21.743792,4.930679
0.6,250,0.4,0.9,0.15,0.01,16,1.8,11.550,NaN,23.456552,40.406085,21.759788,5.559813
0.6,250,0.4,0.9,0.15,0.01,45,1,10.150,NaN,22.677724,39.069803,22.065500,4.787742
0.6,250,0.4,0.9,0.15,0.01,45,1.8,11.250,NaN,22.693951,39.101104,22.081731,5.411098
0.6,250,0.4,0.9,0.15,0.01,160,1,10.050,NaN,22.368930,38.541387,22.195726,4.729882
0.6,250,0.4,0.9,0.15,0.01,160,1.8,11.100,NaN,22.385254,38.572856,22.212051,5.350898
0.6,250,0.4,0.9,0.35,0.0005,16,1,19.750,25.650,4.043439,7.315136,3.863418,8.990641
0.6,250,0.4,0.9,0.35,0.0005,16,1.8,20.900,27.050,4.065354,7.356117,3.885353,9.693523
0.6,250,0.4,0.9,0.35,0.0005,45,1,18.850,24.250,3.933510,7.121025,3.869403,8.604286
0.6,250,0.4,0.9,0.35,0.0005,45,1.8,19.950,25.600,3.955471,7.162089,3.891372,9.296365
0.6,250,0.4,0.9,0.35,0.0005,160,1,18.500,23.700,3.889823,7.043883,3.871782,8.450745
0.6,250,0.4,0.9,0.35,0.0005,160,1.8,19.600,25.050,3.911803,7.084980,3.893764,9.138531
0.6,250,0.4,0.9,0.35,0.002,16,1,18.700,NaN,8.030347,14.111800,7.539076,8.535268
0.6,250,0.4,0.9,0.35,0.002,16,1.8,19.800,NaN,8.051044,14.150706,7.559791,9.225417
0.6,250,0.4,0.9,0.35,0.002,45,1,17.900,NaN,7.746450,13.621477,7.571035,8.190186
0.6,250,0.4,0.9,0.35,0.002,45,1.8,19.000,NaN,7.767246,13.660555,7.591838,8.870687
0.6,250,0.4,0.9,0.35,0.002,160,1,17.600,NaN,7.633203,13.425886,7.583784,8.052532
0.6,250,0.4,0.9,0.35,0.002,160,1.8,18.700,NaN,7.654038,13.465032,7.604621,8.729184
0.6,250,0.4,0.9,0.35,0.01,16,1,14.650,NaN,23.471779,40.435507,21.775025,6.771591
0.6,250,0.4,0.9,0.35,0.01,16,1.8,15.650,NaN,23.487745,40.466357,21.791002,7.412429
0.6,250,0.4,0.9,0.35,0.01,45,1,14.200,NaN,22.709407,39.130921,22.097191,6.565150
0.6,250,0.4,0.9,0.35,0.01,45,1.8,15.200,NaN,22.725614,39.162184,22.113402,7.200216
0.6,250,0.4,0.9,0.35,0.01,160,1,14.000,NaN,22.400804,38.602832,22.227602,6.481583
0.6,250,0.4,0.9,0.35,0.01,160,1.8,15.000,NaN,22.417109,38.634263,22.243908,7.114313
0.6,250,0.4,2,0.15,0.0005,16,1,13.500,16.350,3.152266,5.648692,2.971426,6.028352
0.6,250,0.4,2,0.15,0.0005,16,1.8,14.350,17.350,3.174735,5.690708,2.993916,6.489434
0.6,250,0.4,2,0.15,0.0005,45,1,12.900,15.450,3.040449,5.451195,2.976050,5.760421
0.6,250,0.4,2,0.15,0.0005,45,1.8,13.700,16.450,3.062966,5.493296,2.998575,6.210429
0.6,250,0.4,2,0.15,0.0005,160,1,12.650,15.100,2.996012,5.372706,2.977888,5.653942
0.6,250,0.4,2,0.15,0.0005,160,1.8,13.450,16.050,3.018547,5.414842,3.000426,6.099548
0.6,250,0.4,2,0.15,0.002,16,1,12.750,29.300,7.188684,12.529659,6.696684,5.712558
0.6,250,0.4,2,0.15,0.002,16,1.8,13.550,31.350,7.209905,12.569549,6.717923,6.160587
0.6,250,0.4,2,0.15,0.002,45,1,12.200,24.700,6.900791,12.032369,6.725115,5.473246
0.6,250,0.4,2,0.15,0.002,45,1.8,13.000,26.300,6.922113,12.072435,6.746443,5.911383
0.6,250,0.4,2,0.15,0.002,160,1,12.000,23.350,6.785948,11.833996,6.736456,5.377783
0.6,250,0.4,2,0.15,0.002,160,1.8,12.750,24.850,6.807310,11.874133,6.757820,5.811974
0.6,250,0.4,2,0.15,0.01,16,1,9.950,NaN,22.822503,39.180955,21.125318,4.489428
0.6,250,0.4,2,0.15,0.01,16,1.8,10.650,NaN,22.838874,39.212588,21.141699,4.886901
0.6,250,0.4,2,0.15,0.01,45,1,9.650,NaN,22.050326,37.859546,21.437952,4.346253
0.6,250,0.4,2,0.15,0.01,45,1.8,10.300,NaN,22.066944,37.891603,21.454574,4.737809
0.6,250,0.4,2,0.15,0.01,160,1,9.500,NaN,21.737752,37.324645,21.564505,4.288297
0.6,250,0.4,2,0.15,0.01,160,1.8,10.150,NaN,21.754470,37.356873,21.581224,4.677457
0.6,250,0.4,2,0.35,0.0005,16,1,19.250,23.450,3.196138,5.730730,3.015338,8.552061
0.6,250,0.4,2,0.35,0.0005,16,1.8,20.100,24.450,3.218579,5.772695,3.037801,9.025056
0.6,250,0.4,2,0.35,0.0005,45,1,18.350,22.150,3.084414,5.533400,3.020030,8.165314
0.6,250,0.4,2,0.35,0.0005,45,1.8,19.150,23.100,3.106904,5.575451,3.042527,8.627247
0.6,250,0.4,2,0.35,0.0005,160,1,18.000,21.650,3.040014,5.454979,3.021895,8.011616
0.6,250,0.4,2,0.35,0.0005,160,1.8,18.800,22.600,3.062522,5.497063,3.044405,8.469153
0.6,250,0.4,2,0.35,0.002,16,1,18.200,43.050,7.230119,12.607547,6.738155,8.096225
0.6,250,0.4,2,0.35,0.002,16,1.8,19.000,45.300,7.251314,12.647389,6.759368,8.556182
0.6,250,0.4,2,0.35,0.002,45,1,17.400,35.850,6.942423,12.110601,6.766759,7.750788
0.6,250,0.4,2,0.35,0.002,45,1.8,18.200,37.500,6.963719,12.150619,6.788062,8.200864
0.6,250,0.4,2,0.35,0.002,160,1,17.100,33.850,6.827659,11.912366,6.778170,7.612991
0.6,250,0.4,2,0.35,0.002,160,1.8,17.850,35.400,6.848995,11.952454,6.799508,8.059126
0.6,250,0.4,2,0.35,0.01,16,1,14.150,NaN,22.854468,39.242719,21.157304,6.330690
0.6,250,0.4,2,0.35,0.01,16,1.8,14.850,NaN,22.870818,39.274312,21.173665,6.740149
0.6,250,0.4,2,0.35,0.01,45,1,13.650,NaN,22.082774,37.922138,21.470407,6.124023
0.6,250,0.4,2,0.35,0.01,45,1.8,14.350,NaN,22.099371,37.954155,21.487009,6.527571
0.6,250,0.4,2,0.35,0.01,160,1,13.450,NaN,21.770395,37.387572,21.597150,6.040365
0.6,250,0.4,2,0.35,0.01,160,1.8,14.150,NaN,21.787093,37.419761,21.613849,6.441521
0.6,1000,0.05,0.2,0.15,0.0005,16,1,4.400,4.800,1.723722,3.143819,1.539000,2.032920
0.6,1000,0.05,0.2,0.15,0.0005,16,1.8,4.950,5.400,1.746768,3.186863,1.562068,2.382945
0.6,1000,0.05,0.2,0.15,0.0005,45,1,3.750,4.100,1.607230,2.938076,1.541447,1.766027
0.6,1000,0.05,0.2,0.15,0.0005,45,1.8,4.350,4.700,1.630327,2.981209,1.564551,2.104533
0.6,1000,0.05,0.2,0.15,0.0005,160,1,3.550,3.800,1.560933,2.856306,1.542419,1.659955
0.6,1000,0.05,0.2,0.15,0.0005,160,1.8,4.100,4.450,1.584049,2.899475,1.565538,1.993883
0.6,1000,0.05,0.2,0.15,0.002,16,1,4.300,5.150,3.068497,5.438101,2.545479,2.002046
0.6,1000,0.05,0.2,0.15,0.002,16,1.8,4.900,5.800,3.091122,5.480426,2.568125,2.350738
0.6,1000,0.05,0.2,0.15,0.002,45,1,3.700,4.350,2.743772,4.877204,2.556971,1.744108
0.6,1000,0.05,0.2,0.15,0.002,45,1.8,4.300,4.950,2.766512,4.919729,2.579718,2.081668
0.6,1000,0.05,0.2,0.15,0.002,160,1,3.500,4.000,2.614188,4.653375,2.561556,1.641176
0.6,1000,0.05,0.2,0.15,0.002,160,1.8,4.050,4.650,2.636974,4.695980,2.584344,1.974294
0.6,1000,0.05,0.2,0.15,0.01,16,1,3.950,NaN,9.481334,16.378852,7.345080,1.854815
0.6,1000,0.05,0.2,0.15,0.01,16,1.8,4.550,NaN,9.501948,16.417748,7.365712,2.197153
0.6,1000,0.05,0.2,0.15,0.01,45,1,3.500,NaN,8.256187,14.282298,7.482427,1.637796
0.6,1000,0.05,0.2,0.15,0.01,45,1.8,4.050,NaN,8.277197,14.321873,7.503443,1.970768
0.6,1000,0.05,0.2,0.15,0.01,160,1,3.300,NaN,7.757571,13.429033,7.538325,1.549473
0.6,1000,0.05,0.2,0.15,0.01,160,1.8,3.850,NaN,7.778742,13.468884,7.559498,1.878633
0.6,1000,0.05,0.2,0.35,0.0005,16,1,6.200,6.800,1.768721,3.227863,1.584041,2.833052
0.6,1000,0.05,0.2,0.35,0.0005,16,1.8,6.750,7.400,1.791739,3.270853,1.607081,3.195117
0.6,1000,0.05,0.2,0.35,0.0005,45,1,5.300,5.750,1.652327,3.022295,1.586559,2.441942
0.6,1000,0.05,0.2,0.35,0.0005,45,1.8,5.850,6.350,1.675395,3.065375,1.609635,2.792502
0.6,1000,0.05,0.2,0.35,0.0005,160,1,4.950,5.350,1.606069,2.940595,1.587560,2.286503
0.6,1000,0.05,0.2,0.35,0.0005,160,1.8,5.500,5.950,1.629157,2.983712,1.610650,2.632490
0.6,1000,0.05,0.2,0.35,0.002,16,1,6.050,7.300,3.112673,5.520741,2.589696,2.787808
0.6,1000,0.05,0.2,0.35,0.002,16,1.8,6.650,7.900,3.135271,5.563014,2.612314,3.148542
0.6,1000,0.05,0.2,0.35,0.002,45,1,5.200,6.100,2.788173,4.960236,2.601386,2.409822
0.6,1000,0.05,0.2,0.35,0.002,45,1.8,5.750,6.700,2.810885,5.002709,2.624105,2.759437
0.6,1000,0.05,0.2,0.35,0.002,160,1,4.850,5.650,2.658679,4.736563,2.606051,2.258984
0.6,1000,0.05,0.2,0.35,0.002,160,1.8,5.400,6.250,2.681437,4.779116,2.628811,2.604162
0.6,1000,0.05,0.2,0.35,0.01,16,1,5.600,NaN,9.521585,16.454797,7.385364,2.572054
0.6,1000,0.05,0.2,0.35,0.01,16,1.8,6.150,NaN,9.542174,16.493646,7.405971,2.926441
0.6,1000,0.05,0.2,0.35,0.01,45,1,4.850,NaN,8.297210,14.359569,7.523462,2.254031
0.6,1000,0.05,0.2,0.35,0.01,45,1.8,5.400,NaN,8.318194,14.399095,7.544453,2.599063
0.6,1000,0.05,0.2,0.35,0.01,160,1,4.550,NaN,7.798908,13.506843,7.579666,2.124601
0.6,1000,0.05,0.2,0.35,0.01,160,1.8,5.100,NaN,7.820054,13.546645,7.600813,2.465826
0.6,1000,0.05,0.9,0.15,0.0005,16,1,4.050,4.300,1.016546,1.823046,0.831166,1.780762
0.6,1000,0.05,0.9,0.15,0.0005,16,1.8,4.350,4.600,1.040039,1.866924,0.854681,1.941593
0.6,1000,0.05,0.9,0.15,0.0005,45,1,3.450,3.600,0.898510,1.614532,0.832492,1.513588
0.6,1000,0.05,0.9,0.15,0.0005,45,1.8,3.700,3.900,0.922055,1.658502,0.856045,1.662677
0.6,1000,0.05,0.9,0.15,0.0005,160,1,3.200,3.350,0.851598,1.531661,0.833019,1.407403
0.6,1000,0.05,0.9,0.15,0.0005,160,1.8,3.450,3.600,0.875164,1.575668,0.856586,1.551825
0.6,1000,0.05,0.9,0.15,0.002,16,1,4.000,4.600,2.374252,4.139380,1.850599,1.749856
0.6,1000,0.05,0.9,0.15,0.002,16,1.8,4.300,4.900,2.397316,4.182526,1.873684,1.909328
0.6,1000,0.05,0.9,0.15,0.002,45,1,3.400,3.800,2.045993,3.572323,1.858964,1.491646
0.6,1000,0.05,0.9,0.15,0.002,45,1.8,3.650,4.100,2.069174,3.615673,1.882153,1.639770
0.6,1000,0.05,0.9,0.15,0.002,160,1,3.150,3.500,1.914998,3.346033,1.862302,1.388604
0.6,1000,0.05,0.9,0.15,0.002,160,1.8,3.400,3.800,1.938226,3.389465,1.885532,1.532200
0.6,1000,0.05,0.9,0.15,0.01,16,1,3.650,NaN,8.848775,15.185335,6.711994,1.602470
0.6,1000,0.05,0.9,0.15,0.01,16,1.8,3.900,NaN,8.869790,15.224985,6.733026,1.755464
0.6,1000,0.05,0.9,0.15,0.01,45,1,3.150,NaN,7.611489,13.067955,6.837535,1.385221
0.6,1000,0.05,0.9,0.15,0.01,45,1.8,3.400,NaN,7.632907,13.108297,6.858959,1.528668
0.6,1000,0.05,0.9,0.15,0.01,160,1,2.950,6.450,7.107929,12.206208,6.888628,1.296804
0.6,1000,0.05,0.9,0.15,0.01,160,1.8,3.200,6.950,7.129512,12.246832,6.910212,1.436365
0.6,1000,0.05,0.9,0.35,0.0005,16,1,5.900,6.250,1.062418,1.908719,0.877080,2.581177
0.6,1000,0.05,0.9,0.35,0.0005,16,1.8,6.200,6.550,1.085882,1.952543,0.900566,2.754281
0.6,1000,0.05,0.9,0.35,0.0005,45,1,5.000,5.250,0.944482,1.700385,0.878479,2.189795
0.6,1000,0.05,0.9,0.35,0.0005,45,1.8,5.250,5.500,0.967998,1.744301,0.902003,2.351171
0.6,1000,0.05,0.9,0.35,0.0005,160,1,4.650,4.850,0.897610,1.617586,0.879035,2.034246
0.6,1000,0.05,0.9,0.35,0.0005,160,1.8,4.900,5.100,0.921146,1.661538,0.902573,2.190961
0.6,1000,0.05,0.9,0.35,0.002,16,1,5.800,6.650,2.419285,4.223623,1.895673,2.535902
0.6,1000,0.05,0.9,0.35,0.002,16,1.8,6.050,7.000,2.442320,4.266715,1.918730,2.707649
0.6,1000,0.05,0.9,0.35,0.002,45,1,4.900,5.550,2.091255,3.656965,1.904241,2.157652
0.6,1000,0.05,0.9,0.35,0.002,45,1.8,5.150,5.800,2.114408,3.700262,1.927401,2.318064
0.6,1000,0.05,0.9,0.35,0.002,160,1,4.550,5.100,1.960352,3.430835,1.907660,2.006707
0.6,1000,0.05,0.9,0.35,0.002,160,1.8,4.800,5.400,1.983552,3.474214,1.930861,2.162597
0.6,1000,0.05,0.9,0.35,0.01,16,1,5.300,NaN,8.889807,15.262754,6.753060,2.319997
0.6,1000,0.05,0.9,0.35,0.01,16,1.8,5.550,NaN,8.910795,15.302355,6.774066,2.485275
0.6,1000,0.05,0.9,0.35,0.01,45,1,4.550,NaN,7.653308,13.146725,6.879367,2.001751
0.6,1000,0.05,0.9,0.35,0.01,45,1.8,4.800,NaN,7.674700,13.187017,6.900764,2.157493
0.6,1000,0.05,0.9,0.35,0.01,160,1,4.250,9.550,7.150069,12.285528,6.930772,1.872229
0.6,1000,0.05,0.9,0.35,0.01,160,1.8,4.500,10.100,7.171625,12.326102,6.952329,2.024089
0.6,1000,0.05,2,0.15,0.0005,16,1,4.000,4.200,0.904176,1.613175,0.718691,1.740708
0.6,1000,0.05,2,0.15,0.0005,16,1.8,4.250,4.500,0.927740,1.657186,0.742277,1.871475
0.6,1000,0.05,2,0.15,0.0005,45,1,3.400,3.550,0.785893,1.404219,0.719838,1.473489
0.6,1000,0.05,2,0.15,0.0005,45,1.8,3.600,3.800,0.809510,1.448323,0.743462,1.592479
0.6,1000,0.05,2,0.15,0.0005,160,1,3.150,3.300,0.738884,1.321172,0.720294,1.367286
0.6,1000,0.05,2,0.15,0.0005,160,1.8,3.350,3.500,0.762521,1.365313,0.743933,1.481595
0.6,1000,0.05,2,0.15,0.002,16,1,3.950,4.500,2.263936,3.933013,1.740183,1.709796
0.6,1000,0.05,2,0.15,0.002,16,1.8,4.200,4.800,2.287070,3.976290,1.763338,1.839201
0.6,1000,0.05,2,0.15,0.002,45,1,3.350,3.750,1.935115,3.364975,1.748050,1.451543
0.6,1000,0.05,2,0.15,0.002,45,1.8,3.550,4.000,1.958367,3.408457,1.771309,1.569566
0.6,1000,0.05,2,0.15,0.002,160,1,3.100,3.450,1.803896,3.138294,1.751189,1.348484
0.6,1000,0.05,2,0.15,0.002,160,1.8,3.300,3.700,1.827194,3.181858,1.774490,1.461965
0.6,1000,0.05,2,0.15,0.01,16,1,3.600,NaN,8.748261,14.995684,6.611396,1.562385
0.6,1000,0.05,2,0.15,0.01,16,1.8,3.850,NaN,8.769339,15.035455,6.632492,1.685294
0.6,1000,0.05,2,0.15,0.01,45,1,3.100,NaN,7.509046,12.874993,6.735060,1.345100
0.6,1000,0.05,2,0.15,0.01,45,1.8,3.300,NaN,7.530529,12.915459,6.756550,1.458432
0.6,1000,0.05,2,0.15,0.01,160,1,2.900,6.150,7.004700,12.011898,6.785390,1.256668
0.6,1000,0.05,2,0.15,0.01,160,1.8,3.100,6.550,7.026348,12.052646,6.807040,1.366102
0.6,1000,0.05,2,0.35,0.0005,16,1,5.850,6.150,0.950187,1.699108,0.764745,2.541168
0.6,1000,0.05,2,0.35,0.0005,16,1.8,6.100,6.400,0.973722,1.743065,0.788302,2.684246
0.6,1000,0.05,2,0.35,0.0005,45,1,4.950,5.150,0.832005,1.490333,0.765965,2.149742
0.6,1000,0.05,2,0.35,0.0005,45,1.8,5.150,5.400,0.855592,1.534383,0.789560,2.281057
0.6,1000,0.05,2,0.35,0.0005,160,1,4.600,4.800,0.785036,1.407359,0.766450,1.994175
0.6,1000,0.05,2,0.35,0.0005,160,1.8,4.800,5.000,0.808643,1.451445,0.790060,2.120815
0.6,1000,0.05,2,0.35,0.002,16,1,5.750,6.550,2.309106,4.017512,1.785394,2.495888
0.6,1000,0.05,2,0.35,0.002,16,1.8,6.000,6.850,2.332211,4.060735,1.808520,2.637605
0.6,1000,0.05,2,0.35,0.002,45,1,4.850,5.450,1.980515,3.449875,1.793464,2.117595
0.6,1000,0.05,2,0.35,0.002,45,1.8,5.100,5.700,2.003738,3.493303,1.816695,2.247944
0.6,1000,0.05,2,0.35,0.002,160,1,4.500,5.000,1.849387,3.223354,1.796685,1.966634
0.6,1000,0.05,2,0.35,0.002,160,1.8,4.750,5.250,1.872657,3.266864,1.819957,2.092446
0.6,1000,0.05,2,0.35,0.01,16,1,5.250,NaN,8.789417,15.073338,6.652587,2.279959
0.6,1000,0.05,2,0.35,0.01,16,1.8,5.500,NaN,8.810469,15.113060,6.673657,2.415187
0.6,1000,0.05,2,0.35,0.01,45,1,4.500,NaN,7.550992,12.954003,6.777019,1.961677
0.6,1000,0.05,2,0.35,0.01,45,1.8,4.700,NaN,7.572448,12.994418,6.798482,2.087340
0.6,1000,0.05,2,0.35,0.01,160,1,4.200,9.050,7.046968,12.091460,6.827662,1.832140
0.6,1000,0.05,2,0.35,0.01,160,1.8,4.400,9.500,7.068589,12.132157,6.849285,1.953911
0.6,1000,0.2,0.2,0.15,0.0005,16,1,6.350,8.000,4.329263,8.010121,4.146969,3.235393
0.6,1000,0.2,0.2,0.15,0.0005,16,1.8,8.450,10.750,4.350700,8.050158,4.168426,4.282516
0.6,1000,0.2,0.2,0.15,0.0005,45,1,5.800,7.250,4.218392,7.814454,4.153475,2.964102
0.6,1000,0.2,0.2,0.15,0.0005,45,1.8,7.900,10.050,4.239875,7.854573,4.174965,4.000511
0.6,1000,0.2,0.2,0.15,0.0005,160,1,5.600,6.950,4.174330,7.736692,4.156061,2.856285
0.6,1000,0.2,0.2,0.15,0.0005,160,1.8,7.700,9.750,4.195831,7.776844,4.177564,3.888436
0.6,1000,0.2,0.2,0.15,0.002,16,1,6.300,8.950,5.626389,10.223137,5.105710,3.204009
0.6,1000,0.2,0.2,0.15,0.002,16,1.8,8.400,12.150,5.647434,10.262505,5.126774,4.249893
0.6,1000,0.2,0.2,0.15,0.002,45,1,5.750,7.900,5.314618,9.684816,5.128656,2.941822
0.6,1000,0.2,0.2,0.15,0.002,45,1.8,7.900,11.050,5.335769,9.724370,5.149814,3.977351
0.6,1000,0.2,0.2,0.15,0.002,160,1,5.550,7.550,5.190207,9.470003,5.137812,2.837198
0.6,1000,0.2,0.2,0.15,0.002,160,1.8,7.700,10.650,5.211401,9.509630,5.159007,3.868594
0.6,1000,0.2,0.2,0.15,0.01,16,1,6.000,NaN,11.811913,20.776207,9.677599,3.054352
0.6,1000,0.2,0.2,0.15,0.01,16,1.8,8.100,NaN,11.831087,20.812385,9.696790,4.094324
0.6,1000,0.2,0.2,0.15,0.01,45,1,5.550,NaN,10.631439,18.756290,9.858395,2.833762
0.6,1000,0.2,0.2,0.15,0.01,45,1.8,7.700,NaN,10.650981,18.793098,9.877943,3.865023
0.6,1000,0.2,0.2,0.15,0.01,160,1,5.350,NaN,10.151016,17.934234,9.931975,2.743988
0.6,1000,0.2,0.2,0.15,0.01,160,1.8,7.500,NaN,10.170707,17.971299,9.951667,3.771704
0.6,1000,0.2,0.2,0.35,0.0005,16,1,8.000,10.150,4.371120,8.088296,4.188865,4.040162
0.6,1000,0.2,0.2,0.35,0.0005,16,1.8,10.000,12.700,4.392531,8.128285,4.210296,5.098484
0.6,1000,0.2,0.2,0.35,0.0005,45,1,7.150,9.000,4.260339,7.892789,4.195435,3.644629
0.6,1000,0.2,0.2,0.35,0.0005,45,1.8,9.200,11.550,4.281796,7.932861,4.216900,4.692249
0.6,1000,0.2,0.2,0.35,0.0005,160,1,6.800,8.550,4.216312,7.815091,4.198046,3.487435
0.6,1000,0.2,0.2,0.35,0.0005,160,1.8,8.900,11.150,4.237787,7.855195,4.219524,4.530803
0.6,1000,0.2,0.2,0.35,0.002,16,1,7.900,11.400,5.667480,10.300006,5.146839,3.994406
0.6,1000,0.2,0.2,0.35,0.002,16,1.8,9.900,14.250,5.688500,10.339327,5.167878,5.051490
0.6,1000,0.2,0.2,0.35,0.002,45,1,7.100,9.800,5.355917,9.762047,5.169968,3.612145
0.6,1000,0.2,0.2,0.35,0.002,45,1.8,9.100,12.650,5.377042,9.801553,5.191101,4.658887
0.6,1000,0.2,0.2,0.35,0.002,160,1,6.750,9.250,5.231589,9.547377,5.179197,3.459606
0.6,1000,0.2,0.2,0.35,0.002,160,1.8,8.800,12.100,5.252757,9.586957,5.200367,4.502221
0.6,1000,0.2,0.2,0.35,0.01,16,1,7.400,NaN,11.849352,20.846847,9.715070,3.776210
0.6,1000,0.2,0.2,0.35,0.01,16,1.8,9.450,NaN,11.868503,20.882983,9.734237,4.827390
0.6,1000,0.2,0.2,0.35,0.01,45,1,6.750,NaN,10.669595,18.828160,9.896563,3.454598
0.6,1000,0.2,0.2,0.35,0.01,45,1.8,8.800,NaN,10.689114,18.864925,9.916087,4.497077
0.6,1000,0.2,0.2,0.35,0.01,160,1,6.500,NaN,10.189464,18.006605,9.970426,3.323710
0.6,1000,0.2,0.2,0.35,0.01,160,1.8,8.550,NaN,10.209132,18.043626,9.990095,4.362648
0.6,1000,0.2,0.9,0.15,0.0005,16,1,4.500,4.900,1.623525,2.956686,1.438711,2.089910
0.6,1000,0.2,0.9,0.15,0.0005,16,1.8,5.050,5.450,1.646635,2.999847,1.461842,2.413128
0.6,1000,0.2,0.9,0.15,0.0005,45,1,3.850,4.200,1.506816,2.750550,1.440999,1.817364
0.6,1000,0.2,0.9,0.15,0.0005,45,1.8,4.400,4.750,1.529975,2.793801,1.464167,2.129032
0.6,1000,0.2,0.9,0.15,0.0005,160,1,3.600,3.900,1.460431,2.668625,1.441909,1.709045
0.6,1000,0.2,0.9,0.15,0.0005,160,1.8,4.150,4.450,1.483611,2.711912,1.465091,2.016123
0.6,1000,0.2,0.9,0.15,0.002,16,1,4.400,5.200,2.970133,5.254092,2.447025,2.058381
0.6,1000,0.2,0.9,0.15,0.002,16,1.8,4.950,5.850,2.992820,5.296532,2.469733,2.380264
0.6,1000,0.2,0.9,0.15,0.002,45,1,3.800,4.400,2.644908,4.692323,2.458074,1.794980
0.6,1000,0.2,0.9,0.15,0.002,45,1.8,4.350,5.000,2.667710,4.734965,2.480884,2.105700
0.6,1000,0.2,0.9,0.15,0.002,160,1,3.600,4.100,2.515124,4.468145,2.462483,1.689868
0.6,1000,0.2,0.9,0.15,0.002,160,1.8,4.100,4.700,2.537973,4.510867,2.485333,1.996134
0.6,1000,0.2,0.9,0.15,0.01,16,1,4.050,NaN,9.391710,16.209749,7.255381,1.908032
0.6,1000,0.2,0.9,0.15,0.01,16,1.8,4.600,NaN,9.412381,16.248751,7.276070,2.223543
0.6,1000,0.2,0.9,0.15,0.01,45,1,3.550,NaN,8.164844,14.110245,7.391056,1.686417
0.6,1000,0.2,0.9,0.15,0.01,45,1.8,4.100,NaN,8.185911,14.149928,7.412130,1.992537
0.6,1000,0.2,0.9,0.15,0.01,160,1,3.350,NaN,7.665527,13.255778,7.446273,1.596223
0.6,1000,0.2,0.9,0.15,0.01,160,1.8,3.900,NaN,7.686756,13.295738,7.467504,1.898520
0.6,1000,0.2,0.9,0.35,0.0005,16,1,6.300,6.900,1.668648,3.040959,1.483875,2.895948
0.6,1000,0.2,0.9,0.35,0.0005,16,1.8,6.800,7.450,1.691729,3.084067,1.506978,3.231239
0.6,1000,0.2,0.9,0.35,0.0005,45,1,5.400,5.850,1.552036,2.835000,1.486235,2.499194
0.6,1000,0.2,0.9,0.35,0.0005,45,1.8,5.900,6.400,1.575167,2.878198,1.509374,2.822949
0.6,1000,0.2,0.9,0.35,0.0005,160,1,5.050,5.450,1.505691,2.753145,1.487172,2.341511
0.6,1000,0.2,0.9,0.35,0.0005,160,1.8,5.550,5.950,1.528842,2.796379,1.510326,2.660681
0.6,1000,0.2,0.9,0.35,0.002,16,1,6.200,7.350,3.014430,5.336958,2.491363,2.850051
0.6,1000,0.2,0.9,0.35,0.002,16,1.8,6.700,7.950,3.037089,5.379346,2.514043,3.184008
0.6,1000,0.2,0.9,0.35,0.002,45,1,5.300,6.200,2.689430,4.775582,2.502611,2.466610
0.6,1000,0.2,0.9,0.35,0.002,45,1.8,5.850,6.750,2.712204,4.818171,2.525393,2.789417
0.6,1000,0.2,0.9,0.35,0.002,160,1,4.950,5.700,2.559737,4.551561,2.507099,2.313595
0.6,1000,0.2,0.9,0.35,0.002,160,1.8,5.450,6.250,2.582557,4.594231,2.529922,2.631954
0.6,1000,0.2,0.9,0.35,0.01,16,1,5.700,NaN,9.432071,16.285902,7.295776,2.631183
0.6,1000,0.2,0.9,0.35,0.01,16,1.8,6.200,NaN,9.452717,16.324857,7.316439,2.958776
0.6,1000,0.2,0.9,0.35,0.01,45,1,4.950,NaN,8.205979,14.187727,7.432204,2.308570
0.6,1000,0.2,0.9,0.35,0.01,45,1.8,5.450,NaN,8.227021,14.227361,7.453252,2.626783
0.6,1000,0.2,0.9,0.35,0.01,160,1,4.650,NaN,7.706978,13.333801,7.487728,2.177272
0.6,1000,0.2,0.9,0.35,0.01,160,1.8,5.150,NaN,7.728181,13.373712,7.508933,2.491667
0.6,1000,0.2,2,0.15,0.0005,16,1,4.250,4.550,1.179387,2.127180,0.994159,1.902751
0.6,1000,0.2,2,0.15,0.0005,16,1.8,4.600,4.900,1.202777,2.170865,1.017570,2.107147
0.6,1000,0.2,2,0.15,0.0005,45,1,3.650,3.850,1.061707,1.919305,0.995743,1.629995
0.6,1000,0.2,2,0.15,0.0005,45,1.8,3.950,4.150,1.085149,1.963082,1.019192,1.822701
0.6,1000,0.2,2,0.15,0.0005,160,1,3.400,3.550,1.014937,1.836688,0.996373,1.521593
0.6,1000,0.2,2,0.15,0.0005,160,1.8,3.700,3.900,1.038399,1.880501,1.019837,1.709652
0.6,1000,0.2,2,0.15,0.002,16,1,4.200,4.850,2.534116,4.438436,2.010609,1.871199
0.6,1000,0.2,2,0.15,0.002,16,1.8,4.500,5.200,2.557078,4.481392,2.033592,2.074242
0.6,1000,0.2,2,0.15,0.002,45,1,3.600,4.050,2.206671,3.872798,2.019694,1.607595
0.6,1000,0.2,2,0.15,0.002,45,1.8,3.900,4.400,2.229750,3.915958,2.042781,1.799340
0.6,1000,0.2,2,0.15,0.002,160,1,3.350,3.750,2.076001,3.647076,2.023320,1.502401
0.6,1000,0.2,2,0.15,0.002,160,1.8,3.650,4.100,2.099127,3.690317,2.046448,1.689638
0.6,1000,0.2,2,0.15,0.01,16,1,3.850,NaN,8.994434,15.460166,6.857775,1.720734
0.6,1000,0.2,2,0.15,0.01,16,1.8,4.150,NaN,9.015357,15.499642,6.878715,1.917329
0.6,1000,0.2,2,0.15,0.01,45,1,3.350,NaN,7.759944,13.347583,6.986035,1.498947
0.6,1000,0.2,2,0.15,0.01,45,1.8,3.650,NaN,7.781268,13.387748,7.007365,1.686036
0.6,1000,0.2,2,0.15,0.01,160,1,3.100,7.350,7.257523,12.487789,7.038235,1.408683
0.6,1000,0.2,2,0.15,0.01,160,1.8,3.450,8.050,7.279010,12.528235,7.059724,1.591903
0.6,1000,0.2,2,0.35,0.0005,16,1,6.050,6.500,1.225057,2.212476,1.039871,2.709003
0.6,1000,0.2,2,0.35,0.0005,16,1.8,6.400,6.850,1.248418,2.256107,1.063254,2.925618
0.6,1000,0.2,2,0.35,0.0005,45,1,5.150,5.450,1.107477,2.004781,1.041528,2.312044
0.6,1000,0.2,2,0.35,0.0005,45,1.8,5.500,5.800,1.130889,2.048503,1.064948,2.516983
0.6,1000,0.2,2,0.35,0.0005,160,1,4.800,5.050,1.060747,1.922235,1.042187,2.154279
0.6,1000,0.2,2,0.35,0.0005,160,1.8,5.100,5.400,1.084179,1.965994,1.065622,2.354577
0.6,1000,0.2,2,0.35,0.002,16,1,5.950,6.950,2.578950,4.522309,2.055485,2.663082
0.6,1000,0.2,2,0.35,0.002,16,1.8,6.300,7.350,2.601884,4.565211,2.078440,2.878347
0.6,1000,0.2,2,0.35,0.002,45,1,5.100,5.800,2.251734,3.957069,2.064772,2.279443
0.6,1000,0.2,2,0.35,0.002,45,1.8,5.400,6.150,2.274785,4.000175,2.087830,2.483423
0.6,1000,0.2,2,0.35,0.002,160,1,4.750,5.350,2.121156,3.731505,2.068478,2.126348
0.6,1000,0.2,2,0.35,0.002,160,1.8,5.050,5.700,2.144253,3.774693,2.091578,2.325825
0.6,1000,0.2,2,0.35,0.01,16,1,5.450,NaN,9.035286,15.537244,6.898660,2.444101
0.6,1000,0.2,2,0.35,0.01,16,1.8,5.800,NaN,9.056182,15.576672,6.919574,2.652925
0.6,1000,0.2,2,0.35,0.01,45,1,4.700,NaN,7.801580,13.426006,7.027682,2.121321
0.6,1000,0.2,2,0.35,0.01,45,1.8,5.050,NaN,7.822877,13.466122,7.048986,2.320650
0.6,1000,0.2,2,0.35,0.01,160,1,4.400,10.850,7.299478,12.566760,7.080193,1.989954
0.6,1000,0.2,2,0.35,0.01,160,1.8,4.750,11.600,7.320938,12.607156,7.101655,2.185419
0.6,1000,0.4,0.2,0.15,0.0005,16,1,10.150,NaN,7.528129,13.984559,7.348816,5.260807
0.6,1000,0.4,0.2,0.15,0.0005,16,1.8,14.200,NaN,7.547670,14.021054,7.368374,7.163829
0.6,1000,0.4,0.2,0.15,0.0005,45,1,9.650,24.400,7.424010,13.800986,7.360156,4.984043
0.6,1000,0.4,0.2,0.15,0.0005,45,1.8,13.750,38.050,7.443591,13.837554,7.379744,6.877299
0.6,1000,0.4,0.2,0.15,0.0005,160,1,9.500,22.650,7.382633,13.728033,7.364663,4.874055
0.6,1000,0.4,0.2,0.15,0.0005,160,1.8,13.600,34.950,7.402230,13.764630,7.384262,6.763429
0.6,1000,0.4,0.2,0.15,0.002,16,1,10.100,NaN,8.766738,16.097772,8.248931,5.228789
0.6,1000,0.4,0.2,0.15,0.002,16,1.8,14.150,NaN,8.785921,16.133657,8.268132,7.130682
0.6,1000,0.4,0.2,0.15,0.002,45,1,9.650,NaN,8.470729,15.586904,8.285797,4.961314
0.6,1000,0.4,0.2,0.15,0.002,45,1.8,13.750,NaN,8.490008,15.622956,8.305082,6.853768
0.6,1000,0.4,0.2,0.15,0.002,160,1,9.450,NaN,8.352612,15.383052,8.300508,4.854583
0.6,1000,0.4,0.2,0.15,0.002,160,1.8,13.550,NaN,8.371929,15.419170,8.319827,6.743271
0.6,1000,0.4,0.2,0.15,0.01,16,1,9.850,NaN,14.673114,26.174745,12.541183,5.076112
0.6,1000,0.4,0.2,0.15,0.01,16,1.8,13.900,NaN,14.690591,26.207721,12.558675,6.972616
0.6,1000,0.4,0.2,0.15,0.01,45,1,9.450,NaN,13.547375,24.248705,12.775210,4.851079
0.6,1000,0.4,0.2,0.15,0.01,45,1.8,13.550,NaN,13.565186,24.282254,12.793027,6.739642
0.6,1000,0.4,0.2,0.15,0.01,160,1,9.300,NaN,13.089240,23.464878,12.870450,4.759499
0.6,1000,0.4,0.2,0.15,0.01,160,1.8,13.400,NaN,13.107188,23.498660,12.888399,6.644831
0.6,1000,0.4,0.2,0.35,0.0005,16,1,11.600,NaN,7.566284,14.055819,7.387005,6.071346
0.6,1000,0.4,0.2,0.35,0.0005,16,1.8,15.550,NaN,7.585802,14.092273,7.406542,7.984579
0.6,1000,0.4,0.2,0.35,0.0005,45,1,10.850,28.650,7.462244,13.872388,7.398402,5.670308
0.6,1000,0.4,0.2,0.35,0.0005,45,1.8,14.850,45.350,7.481803,13.908915,7.417968,7.573784
0.6,1000,0.4,0.2,0.35,0.0005,160,1,10.550,25.550,7.420898,13.799492,7.402932,5.510933
0.6,1000,0.4,0.2,0.35,0.0005,160,1.8,14.550,38.800,7.440473,13.836047,7.422509,7.410532
0.6,1000,0.4,0.2,0.35,0.002,16,1,11.500,NaN,8.804194,16.167841,8.286422,6.024952
0.6,1000,0.4,0.2,0.35,0.002,16,1.8,15.450,NaN,8.823356,16.203686,8.305600,7.937056
0.6,1000,0.4,0.2,0.35,0.002,45,1,10.800,NaN,8.508373,15.657299,8.323453,5.637373
0.6,1000,0.4,0.2,0.35,0.002,45,1.8,14.800,NaN,8.527629,15.693310,8.342716,7.540049
0.6,1000,0.4,0.2,0.35,0.002,160,1,10.500,NaN,8.390330,15.453576,8.338229,5.482718
0.6,1000,0.4,0.2,0.35,0.002,160,1.8,14.500,NaN,8.409626,15.489654,8.357526,7.381631
0.6,1000,0.4,0.2,0.35,0.01,16,1,11.100,NaN,14.707240,26.239134,12.575338,5.803718
0.6,1000,0.4,0.2,0.35,0.01,16,1.8,15.050,NaN,14.724698,26.272074,12.592810,7.710440
0.6,1000,0.4,0.2,0.35,0.01,45,1,10.500,NaN,13.582153,24.314213,12.809999,5.477640
0.6,1000,0.4,0.2,0.35,0.01,45,1.8,14.500,NaN,13.599944,24.347724,12.827795,7.376429
0.6,1000,0.4,0.2,0.35,0.01,160,1,10.250,NaN,13.124284,23.530841,12.905497,5.344938
0.6,1000,0.4,0.2,0.35,0.01,160,1.8,14.300,NaN,13.142211,23.564585,12.923426,7.240499
0.6,1000,0.4,0.9,0.15,0.0005,16,1,5.300,5.950,2.417506,4.439582,2.233431,2.617930
0.6,1000,0.4,0.9,0.15,0.0005,16,1.8,6.300,7.050,2.440118,4.481814,2.256064,3.153570
0.6,1000,0.4,0.9,0.15,0.0005,45,1,4.700,5.250,2.302522,4.236542,2.236969,2.338353
0.6,1000,0.4,0.9,0.15,0.0005,45,1.8,5.650,6.350,2.325183,4.278862,2.259638,2.862692
0.6,1000,0.4,0.9,0.15,0.0005,160,1,4.450,4.950,2.256824,4.155847,2.238375,2.227241
0.6,1000,0.4,0.9,0.15,0.0005,160,1.8,5.450,6.050,2.279504,4.198202,2.261058,2.747088
0.6,1000,0.4,0.9,0.15,0.002,16,1,5.200,6.450,3.749595,6.712227,3.227200,2.585588
0.6,1000,0.4,0.9,0.15,0.002,16,1.8,6.200,7.600,3.771794,6.753754,3.249419,3.119921
0.6,1000,0.4,0.9,0.15,0.002,45,1,4.650,5.550,3.428329,6.157361,3.241751,2.315393
0.6,1000,0.4,0.9,0.15,0.002,45,1.8,5.600,6.700,3.450641,6.199084,3.264070,2.838803
0.6,1000,0.4,0.9,0.15,0.002,160,1,4.400,5.200,3.300127,5.935940,3.247558,2.207570
0.6,1000,0.4,0.9,0.15,0.002,160,1.8,5.400,6.400,3.322483,5.977742,3.269916,2.726622
0.6,1000,0.4,0.9,0.15,0.01,16,1,4.900,NaN,10.101909,17.549759,7.966172,2.431360
0.6,1000,0.4,0.9,0.15,0.01,16,1.8,5.850,NaN,10.122136,17.587922,7.986415,2.959459
0.6,1000,0.4,0.9,0.15,0.01,45,1,4.400,NaN,8.888666,15.473627,8.115097,2.204030
0.6,1000,0.4,0.9,0.15,0.01,45,1.8,5.400,NaN,8.909280,15.512455,8.135717,2.722939
0.6,1000,0.4,0.9,0.15,0.01,160,1,4.200,NaN,8.394897,14.628678,8.175706,2.111510
0.6,1000,0.4,0.9,0.15,0.01,160,1.8,5.200,NaN,8.415669,14.667777,8.196480,2.626679
0.6,1000,0.4,0.9,0.35,0.0005,16,1,7.050,8.000,2.461657,4.522043,2.277623,3.431330
0.6,1000,0.4,0.9,0.35,0.0005,16,1.8,8.000,9.050,2.484242,4.564223,2.300229,3.978783
0.6,1000,0.4,0.9,0.35,0.0005,45,1,6.150,6.900,2.346769,4.319173,2.281231,3.027544
0.6,1000,0.4,0.9,0.35,0.0005,45,1.8,7.100,7.950,2.369402,4.361442,2.303872,3.563709
0.6,1000,0.4,0.9,0.35,0.0005,160,1,5.800,6.500,2.301109,4.238547,2.282665,2.867067
0.6,1000,0.4,0.9,0.35,0.0005,160,1.8,6.750,7.550,2.323762,4.280851,2.305320,3.398746
0.6,1000,0.4,0.9,0.35,0.002,16,1,6.950,8.650,3.792939,6.793311,3.270584,3.384619
0.6,1000,0.4,0.9,0.35,0.002,16,1.8,7.900,9.700,3.815111,6.834787,3.292775,3.930767
0.6,1000,0.4,0.9,0.35,0.002,45,1,6.100,7.350,3.471893,6.238828,3.285329,2.994382
0.6,1000,0.4,0.9,0.35,0.002,45,1.8,7.000,8.400,3.494177,6.280500,3.307621,3.529621
0.6,1000,0.4,0.9,0.35,0.002,160,1,5.750,6.850,3.343779,6.017560,3.291214,2.838657
0.6,1000,0.4,0.9,0.35,0.002,160,1.8,6.700,7.950,3.366108,6.059310,3.313545,3.369542
0.6,1000,0.4,0.9,0.35,0.01,16,1,6.450,NaN,10.141402,17.624273,8.005697,3.161872
0.6,1000,0.4,0.9,0.35,0.01,16,1.8,7.400,NaN,10.161603,17.662390,8.025916,3.701792
0.6,1000,0.4,0.9,0.35,0.01,45,1,5.700,NaN,8.928916,15.549440,8.155358,2.833544
0.6,1000,0.4,0.9,0.35,0.01,45,1.8,6.650,NaN,8.949504,15.588221,8.175953,3.364286
0.6,1000,0.4,0.9,0.35,0.01,160,1,5.450,NaN,8.435455,14.705021,8.216268,2.699920
0.6,1000,0.4,0.9,0.35,0.01,160,1.8,6.400,NaN,8.456202,14.744072,8.237016,3.226927
0.6,1000,0.4,2,0.15,0.0005,16,1,4.650,5.050,1.543171,2.806610,1.358281,2.172703
0.6,1000,0.4,2,0.15,0.0005,16,1.8,5.150,5.600,1.566331,2.849865,1.381463,2.474424
0.6,1000,0.4,2,0.15,0.0005,45,1,4.000,4.300,1.426286,2.600160,1.360443,1.892627
0.6,1000,0.4,2,0.15,0.0005,45,1.8,4.500,4.850,1.449496,2.643506,1.383661,2.182773
0.6,1000,0.4,2,0.15,0.0005,160,1,3.750,4.050,1.379832,2.518110,1.361302,1.781316
0.6,1000,0.4,2,0.15,0.0005,160,1.8,4.250,4.550,1.403062,2.561492,1.384535,2.066861
0.6,1000,0.4,2,0.15,0.002,16,1,4.550,5.400,2.891248,5.106522,2.368068,2.140303
0.6,1000,0.4,2,0.15,0.002,16,1.8,5.100,5.950,2.913985,5.149055,2.390825,2.440686
0.6,1000,0.4,2,0.15,0.002,45,1,3.950,4.550,2.565621,4.544053,2.378762,1.869625
0.6,1000,0.4,2,0.15,0.002,45,1.8,4.450,5.100,2.588473,4.586788,2.401621,2.158821
0.6,1000,0.4,2,0.15,0.002,160,1,3.700,4.250,2.435677,4.319596,2.383029,1.761609
0.6,1000,0.4,2,0.15,0.002,160,1.8,4.200,4.800,2.458576,4.362412,2.405930,2.046341
0.6,1000,0.4,2,0.15,0.01,16,1,4.200,NaN,9.319834,16.074133,7.183446,1.985801
0.6,1000,0.4,2,0.15,0.01,16,1.8,4.750,NaN,9.340550,16.113221,7.204179,2.279797
0.6,1000,0.4,2,0.15,0.01,45,1,3.700,NaN,8.091589,13.972263,7.317779,1.758063
0.6,1000,0.4,2,0.15,0.01,45,1.8,4.200,NaN,8.112702,14.012033,7.338899,2.042647
0.6,1000,0.4,2,0.15,0.01,160,1,3.500,NaN,7.591711,13.116833,7.372451,1.665377
0.6,1000,0.4,2,0.15,0.01,160,1.8,4.000,NaN,7.612986,13.156880,7.393728,1.946131
0.6,1000,0.4,2,0.35,0.0005,16,1,6.450,7.000,1.588392,2.891068,1.403545,2.986611
0.6,1000,0.4,2,0.35,0.0005,16,1.8,6.950,7.550,1.611524,2.934270,1.426698,3.300431
0.6,1000,0.4,2,0.35,0.0005,45,1,5.550,5.950,1.471605,2.684795,1.405777,2.582337
0.6,1000,0.4,2,0.35,0.0005,45,1.8,6.000,6.500,1.494788,2.728088,1.428967,2.884596
0.6,1000,0.4,2,0.35,0.0005,160,1,5.150,5.550,1.425191,2.602815,1.406665,2.421665
0.6,1000,0.4,2,0.35,0.0005,160,1.8,5.650,6.050,1.448393,2.646144,1.429869,2.719329
0.6,1000,0.4,2,0.35,0.002,16,1,6.350,7.500,2.935642,5.189570,2.412503,2.939844
0.6,1000,0.4,2,0.35,0.002,16,1.8,6.850,8.100,2.958351,5.232051,2.435232,3.252327
0.6,1000,0.4,2,0.35,0.002,45,1,5.450,6.300,2.610241,4.627495,2.423396,2.549135
0.6,1000,0.4,2,0.35,0.002,45,1.8,5.950,6.850,2.633065,4.670177,2.446228,2.850444
0.6,1000,0.4,2,0.35,0.002,160,1,5.100,5.850,2.480388,4.403195,2.427743,2.393220
0.6,1000,0.4,2,0.35,0.002,160,1.8,5.600,6.350,2.503258,4.445958,2.450616,2.690071
0.6,1000,0.4,2,0.35,0.01,16,1,5.850,NaN,9.360284,16.150453,7.223929,2.716827
0.6,1000,0.4,2,0.35,0.01,16,1.8,6.350,NaN,9.380974,16.189493,7.244637,3.022933
0.6,1000,0.4,2,0.35,0.01,45,1,5.100,NaN,8.132814,14.049915,7.359017,2.388100
0.6,1000,0.4,2,0.35,0.01,45,1.8,5.550,NaN,8.153902,14.089636,7.380111,2.684805
0.6,1000,0.4,2,0.35,0.01,160,1,4.800,NaN,7.633252,13.195027,7.413996,2.254313
0.6,1000,0.4,2,0.35,0.01,160,1.8,5.250,NaN,7.654502,13.235025,7.435247,2.547192
0.6,4000,0.05,0.2,0.15,0.0005,16,1,2.250,2.400,1.311517,2.415796,1.125757,1.088521
0.6,4000,0.05,0.2,0.15,0.0005,16,1.8,2.850,3.000,1.334741,2.459158,1.149003,1.397788
0.6,4000,0.05,0.2,0.15,0.0005,45,1,1.700,1.800,1.193710,2.207729,1.127556,0.818614
0.6,4000,0.05,0.2,0.15,0.0005,45,1.8,2.300,2.400,1.216985,2.251183,1.150839,1.116233
0.6,4000,0.05,0.2,0.15,0.0005,160,1,1.500,1.550,1.146889,2.125036,1.128272,0.711343
0.6,4000,0.05,0.2,0.15,0.0005,160,1.8,2.100,2.200,1.170185,2.168525,1.151569,1.004332
0.6,4000,0.05,0.2,0.15,0.002,16,1,2.250,2.450,1.910879,3.438551,1.379444,1.082519
0.6,4000,0.05,0.2,0.15,0.002,16,1.8,2.850,3.100,1.933914,3.481591,1.402501,1.391527
0.6,4000,0.05,0.2,0.15,0.002,45,1,1.700,1.800,1.575593,2.859414,1.385772,0.816192
0.6,4000,0.05,0.2,0.15,0.002,45,1.8,2.300,2.450,1.598748,2.902662,1.408934,1.113707
0.6,4000,0.05,0.2,0.15,0.002,160,1,1.500,1.550,1.441782,2.628282,1.388297,0.709902
0.6,4000,0.05,0.2,0.15,0.002,160,1.8,2.100,2.250,1.464984,2.671613,1.411502,1.002830
0.6,4000,0.05,0.2,0.15,0.01,16,1,2.200,2.950,4.949653,8.623935,2.665642,1.052087
0.6,4000,0.05,0.2,0.15,0.01,16,1.8,2.750,3.750,4.971732,8.665344,2.687741,1.359782
0.6,4000,0.05,0.2,0.15,0.01,45,1,1.650,2.000,3.547354,6.224226,2.719004,0.803689
0.6,4000,0.05,0.2,0.15,0.01,45,1.8,2.250,2.700,3.569887,6.266415,2.741545,1.100664
0.6,4000,0.05,0.2,0.15,0.01,160,1,1.450,1.700,2.975599,5.245801,2.740761,0.702410
0.6,4000,0.05,0.2,0.15,0.01,160,1.8,2.050,2.400,2.998318,5.288307,2.763482,0.995014
0.6,4000,0.05,0.2,0.35,0.0005,16,1,3.050,3.250,1.356863,2.500462,1.171145,1.449114
0.6,4000,0.05,0.2,0.35,0.0005,16,1.8,3.600,3.850,1.380059,2.543771,1.194363,1.770470
0.6,4000,0.05,0.2,0.35,0.0005,45,1,2.200,2.300,1.239156,2.292574,1.173017,1.053589
0.6,4000,0.05,0.2,0.35,0.0005,45,1.8,2.750,2.900,1.262402,2.335974,1.196271,1.363311
0.6,4000,0.05,0.2,0.35,0.0005,160,1,1.850,1.950,1.192374,2.209951,1.173761,0.896392
0.6,4000,0.05,0.2,0.35,0.0005,160,1.8,2.450,2.600,1.215641,2.253387,1.197030,1.201491
0.6,4000,0.05,0.2,0.35,0.002,16,1,3.000,3.350,1.955857,3.522589,1.424464,1.440318
0.6,4000,0.05,0.2,0.35,0.002,16,1.8,3.600,3.950,1.978864,3.565576,1.447492,1.761416
0.6,4000,0.05,0.2,0.35,0.002,45,1,2.150,2.350,1.620804,2.943857,1.430998,1.050040
0.6,4000,0.05,0.2,0.35,0.002,45,1.8,2.750,2.950,1.643930,2.987052,1.454132,1.359658
0.6,4000,0.05,0.2,0.35,0.002,160,1,1.850,1.950,1.487086,2.712887,1.433605,0.894281
0.6,4000,0.05,0.2,0.35,0.002,160,1.8,2.450,2.600,1.510259,2.756165,1.456781,1.199318
0.6,4000,0.05,0.2,0.35,0.01,16,1,2.900,4.050,4.992764,8.704787,2.708791,1.395724
0.6,4000,0.05,0.2,0.35,0.01,16,1.8,3.500,4.700,5.014816,8.746145,2.730863,1.715510
0.6,4000,0.05,0.2,0.35,0.01,45,1,2.150,2.550,3.591351,6.306601,2.763016,1.031717
0.6,4000,0.05,0.2,0.35,0.01,45,1.8,2.700,3.250,3.613857,6.348737,2.785529,1.340796
0.6,4000,0.05,0.2,0.35,0.01,160,1,1.800,2.100,3.019958,5.328796,2.785125,0.883302
0.6,4000,0.05,0.2,0.35,0.01,160,1.8,2.400,2.800,3.042650,5.371250,2.807818,1.188016
0.6,4000,0.05,0.9,0.15,0.0005,16,1,1.900,1.950,0.598871,1.085210,0.412444,0.835354
0.6,4000,0.05,0.9,0.15,0.0005,16,1.8,2.100,2.150,0.622546,1.129415,0.436142,0.954637
0.6,4000,0.05,0.9,0.15,0.0005,45,1,1.300,1.300,0.479497,0.874333,0.413106,0.565152
0.6,4000,0.05,0.9,0.15,0.0005,45,1.8,1.450,1.500,0.503225,0.918631,0.436841,0.672560
0.6,4000,0.05,0.9,0.15,0.0005,160,1,1.050,1.050,0.432053,0.790522,0.413369,0.457763
0.6,4000,0.05,0.9,0.15,0.0005,160,1.8,1.200,1.250,0.455802,0.834857,0.437119,0.560452
0.6,4000,0.05,0.9,0.15,0.002,16,1,1.900,2.000,1.204019,2.117838,0.671929,0.829346
0.6,4000,0.05,0.9,0.15,0.002,16,1.8,2.100,2.200,1.227503,2.161715,0.695434,0.948364
0.6,4000,0.05,0.9,0.15,0.002,45,1,1.250,1.350,0.865072,1.532316,0.675015,0.562728
0.6,4000,0.05,0.9,0.15,0.002,45,1.8,1.450,1.500,0.888677,1.576405,0.698628,0.670029
0.6,4000,0.05,0.9,0.15,0.002,160,1,1.050,1.050,0.729798,1.298634,0.676247,0.456321
0.6,4000,0.05,0.9,0.15,0.002,160,1.8,1.200,1.250,0.753452,1.342808,0.699903,0.558946
0.6,4000,0.05,0.9,0.15,0.01,16,1,1.800,2.400,4.272136,7.353285,1.987523,0.798881
0.6,4000,0.05,0.9,0.15,0.01,16,1.8,2.000,2.650,4.294645,7.395499,2.010052,0.916561
0.6,4000,0.05,0.9,0.15,0.01,45,1,1.250,1.450,2.855894,4.929654,2.027321,0.550211
0.6,4000,0.05,0.9,0.15,0.01,45,1.8,1.450,1.650,2.878865,4.972663,2.050300,0.656962
0.6,4000,0.05,0.9,0.15,0.01,160,1,1.000,1.150,2.278449,3.941468,2.043548,0.448820
0.6,4000,0.05,0.9,0.15,0.01,160,1.8,1.200,1.350,2.301610,3.984801,2.066711,0.551116
0.6,4000,0.05,0.9,0.35,0.0005,16,1,2.700,2.800,0.645098,1.171521,0.458714,1.196255
0.6,4000,0.05,0.9,0.35,0.0005,16,1.8,2.900,3.000,0.668744,1.215671,0.482383,1.327861
0.6,4000,0.05,0.9,0.35,0.0005,45,1,1.800,1.850,0.525826,0.960827,0.459450,0.800438
0.6,4000,0.05,0.9,0.35,0.0005,45,1.8,2.000,2.050,0.549525,1.005070,0.483156,0.920185
0.6,4000,0.05,0.9,0.35,0.0005,160,1,1.450,1.450,0.478423,0.877088,0.459743,0.643125
0.6,4000,0.05,0.9,0.35,0.0005,160,1.8,1.650,1.650,0.502142,0.921369,0.483464,0.758158
0.6,4000,0.05,0.9,0.35,0.002,16,1,2.700,2.850,1.249871,2.203509,0.717823,1.187453
0.6,4000,0.05,0.9,0.35,0.002,16,1.8,2.900,3.100,1.273325,2.247331,0.741299,1.318795
0.6,4000,0.05,0.9,0.35,0.002,45,1,1.800,1.850,0.911162,1.618402,0.721120,0.796887
0.6,4000,0.05,0.9,0.35,0.002,45,1.8,2.000,2.050,0.934737,1.662436,0.744704,0.916527
0.6,4000,0.05,0.9,0.35,0.002,160,1,1.450,1.500,0.775982,1.384885,0.722436,0.641012
0.6,4000,0.05,0.9,0.35,0.002,160,1.8,1.600,1.700,0.799607,1.429004,0.746062,0.755982
0.6,4000,0.05,0.9,0.35,0.01,16,1,2.600,3.400,4.316085,7.435709,2.031511,1.142826
0.6,4000,0.05,0.9,0.35,0.01,16,1.8,2.800,3.650,4.338565,7.477870,2.054012,1.272832
0.6,4000,0.05,0.9,0.35,0.01,45,1,1.750,2.050,2.900747,5.013630,2.072189,0.778551
0.6,4000,0.05,0.9,0.35,0.01,45,1.8,1.950,2.250,2.923690,5.056585,2.095140,0.897641
0.6,4000,0.05,0.9,0.35,0.01,160,1,1.400,1.600,2.323672,4.026077,2.088775,0.630025
0.6,4000,0.05,0.9,0.35,0.01,160,1.8,1.600,1.800,2.346804,4.069356,2.111909,0.744665
0.6,4000,0.05,2,0.15,0.0005,16,1,1.850,1.900,0.485628,0.873774,0.299096,0.795139
0.6,4000,0.05,2,0.15,0.0005,16,1.8,2.000,2.050,0.509376,0.918114,0.322865,0.884232
0.6,4000,0.05,2,0.15,0.0005,45,1,1.250,1.250,0.366005,0.662449,0.299576,0.524890
0.6,4000,0.05,2,0.15,0.0005,45,1.8,1.350,1.400,0.389805,0.706883,0.323384,0.602072
0.6,4000,0.05,2,0.15,0.0005,160,1,1.000,1.000,0.318462,0.578460,0.299767,0.417481
0.6,4000,0.05,2,0.15,0.0005,160,1.8,1.100,1.100,0.342283,0.622931,0.323590,0.489930
0.6,4000,0.05,2,0.15,0.002,16,1,1.850,1.950,1.091697,1.907971,0.559502,0.789129
0.6,4000,0.05,2,0.15,0.002,16,1.8,2.000,2.100,1.115251,1.951982,0.583079,0.877957
0.6,4000,0.05,2,0.15,0.002,45,1,1.200,1.250,0.752166,1.321434,0.562072,0.522465
0.6,4000,0.05,2,0.15,0.002,45,1.8,1.350,1.400,0.775843,1.365657,0.585757,0.599541
0.6,4000,0.05,2,0.15,0.002,160,1,1.000,1.000,0.616660,1.087346,0.563098,0.416039
0.6,4000,0.05,2,0.15,0.002,160,1.8,1.100,1.150,0.640385,1.131655,0.586826,0.488425
0.6,4000,0.05,2,0.15,0.01,16,1,1.750,2.300,4.164476,7.151374,1.879767,0.758660
0.6,4000,0.05,2,0.15,0.01,16,1.8,1.900,2.500,4.187053,7.193716,1.902365,0.846145
0.6,4000,0.05,2,0.15,0.01,45,1,1.200,1.400,2.746017,4.723940,1.917409,0.509945
0.6,4000,0.05,2,0.15,0.01,45,1.8,1.300,1.550,2.769059,4.767080,1.940459,0.586470
0.6,4000,0.05,2,0.15,0.01,160,1,0.950,1.100,2.167668,3.734202,1.932757,0.408537
0.6,4000,0.05,2,0.15,0.01,160,1.8,1.100,1.200,2.190900,3.777667,1.955991,0.480592
0.6,4000,0.05,2,0.35,0.0005,16,1,2.650,2.750,0.531996,0.960348,0.345507,1.156089
0.6,4000,0.05,2,0.35,0.0005,16,1.8,2.800,2.900,0.555714,1.004633,0.369247,1.257543
0.6,4000,0.05,2,0.35,0.0005,45,1,1.750,1.800,0.412475,0.749207,0.346062,0.760226
0.6,4000,0.05,2,0.35,0.0005,45,1.8,1.900,1.950,0.436246,0.793585,0.369840,0.849784
0.6,4000,0.05,2,0.35,0.0005,160,1,1.400,1.400,0.364973,0.665291,0.346282,0.602893
0.6,4000,0.05,2,0.35,0.0005,160,1.8,1.500,1.550,0.388764,0.709706,0.370075,0.687724
0.6,4000,0.05,2,0.35,0.002,16,1,2.650,2.800,1.137688,1.993903,0.605536,1.147286
0.6,4000,0.05,2,0.35,0.002,16,1.8,2.800,2.950,1.161214,2.037859,0.629083,1.248476
0.6,4000,0.05,2,0.35,0.002,45,1,1.750,1.800,0.798396,1.407781,0.608318,0.756674
0.6,4000,0.05,2,0.35,0.002,45,1.8,1.900,1.950,0.822044,1.451950,0.631973,0.846126
0.6,4000,0.05,2,0.35,0.002,160,1,1.400,1.450,0.662985,1.173860,0.609428,0.600781
0.6,4000,0.05,2,0.35,0.002,160,1.8,1.500,1.550,0.686681,1.218113,0.633126,0.685548
0.6,4000,0.05,2,0.35,0.01,16,1,2.550,3.350,4.208558,7.234048,1.923889,1.102654
0.6,4000,0.05,2,0.35,0.01,16,1.8,2.700,3.550,4.231107,7.276338,1.946458,1.202502
0.6,4000,0.05,2,0.35,0.01,45,1,1.700,2.000,2.791007,4.808172,1.962414,0.738335
0.6,4000,0.05,2,0.35,0.01,45,1.8,1.850,2.150,2.814020,4.851258,1.985434,0.827236
0.6,4000,0.05,2,0.35,0.01,160,1,1.350,1.550,2.213028,3.819069,1.978121,0.589792
0.6,4000,0.05,2,0.35,0.01,160,1.8,1.500,1.650,2.236231,3.862480,2.001326,0.674229
0.6,4000,0.2,0.2,0.15,0.0005,16,1,4.500,5.550,3.936969,7.317793,3.753663,2.275483
0.6,4000,0.2,0.2,0.15,0.0005,16,1.8,6.700,8.450,3.958568,7.358120,3.775282,3.284696
0.6,4000,0.2,0.2,0.15,0.0005,45,1,4.050,5.000,3.824863,7.119946,3.759585,2.001169
0.6,4000,0.2,0.2,0.15,0.0005,45,1.8,6.300,7.900,3.846508,7.160357,3.781237,2.999549
0.6,4000,0.2,0.2,0.15,0.0005,160,1,3.900,4.800,3.780309,7.041317,3.761938,1.892150
0.6,4000,0.2,0.2,0.15,0.0005,160,1.8,6.150,7.700,3.801973,7.081761,3.783604,2.886224
0.6,4000,0.2,0.2,0.15,0.002,16,1,4.500,5.800,4.515009,8.304170,3.985989,2.269382
0.6,4000,0.2,0.2,0.15,0.002,16,1.8,6.700,8.850,4.536433,8.344198,4.007432,3.278354
0.6,4000,0.2,0.2,0.15,0.002,45,1,4.050,5.150,4.193145,7.748423,4.004190,1.998708
0.6,4000,0.2,0.2,0.15,0.002,45,1.8,6.300,8.150,4.214679,7.788643,4.025731,2.996990
0.6,4000,0.2,0.2,0.15,0.002,160,1,3.900,4.950,4.064694,7.526633,4.011454,1.890686
0.6,4000,0.2,0.2,0.15,0.002,160,1.8,6.150,7.900,4.086272,7.566930,4.033034,2.884702
0.6,4000,0.2,0.2,0.15,0.01,16,1,4.450,11.700,7.445674,13.305103,5.163881,2.238454
0.6,4000,0.2,0.2,0.15,0.01,16,1.8,6.650,19.800,7.466208,13.343613,5.184434,3.246205
0.6,4000,0.2,0.2,0.15,0.01,45,1,4.000,6.350,6.094681,10.993408,5.267152,1.986000
0.6,4000,0.2,0.2,0.15,0.01,45,1.8,6.250,10.200,6.115637,11.032642,5.288114,2.983781
0.6,4000,0.2,0.2,0.15,0.01,160,1,3.850,5.700,5.543860,10.050894,5.309257,1.883071
0.6,4000,0.2,0.2,0.15,0.01,160,1.8,6.100,9.200,5.564988,10.090424,5.330387,2.876787
0.6,4000,0.2,0.2,0.35,0.0005,16,1,5.150,6.300,3.979142,7.396535,3.795876,2.640646
0.6,4000,0.2,0.2,0.35,0.0005,16,1.8,7.300,9.100,4.000716,7.436815,3.817469,3.661102
0.6,4000,0.2,0.2,0.35,0.0005,45,1,4.450,5.450,3.867127,7.198851,3.801863,2.240706
0.6,4000,0.2,0.2,0.35,0.0005,45,1.8,6.650,8.350,3.888747,7.239214,3.823490,3.250343
0.6,4000,0.2,0.2,0.35,0.0005,160,1,4.150,5.150,3.822609,7.120286,3.804242,2.081760
0.6,4000,0.2,0.2,0.35,0.0005,160,1.8,6.400,8.050,3.844247,7.160682,3.825882,3.087096
0.6,4000,0.2,0.2,0.35,0.002,16,1,5.150,6.600,4.556840,8.382327,4.027858,2.631752
0.6,4000,0.2,0.2,0.35,0.002,16,1.8,7.300,9.550,4.578238,8.422308,4.049277,3.651968
0.6,4000,0.2,0.2,0.35,0.002,45,1,4.450,5.600,4.235191,7.826955,4.046250,2.237118
0.6,4000,0.2,0.2,0.35,0.002,45,1.8,6.650,8.600,4.256699,7.867128,4.067765,3.246657
0.6,4000,0.2,0.2,0.35,0.002,160,1,4.150,5.250,4.106826,7.605314,4.053590,2.079626
0.6,4000,0.2,0.2,0.35,0.002,160,1.8,6.400,8.250,4.128378,7.645563,4.075144,3.084904
0.6,4000,0.2,0.2,0.35,0.01,16,1,5.050,14.850,7.485768,13.380297,5.204011,2.586659
0.6,4000,0.2,0.2,0.35,0.01,16,1.8,7.200,NaN,7.506278,13.418763,5.224539,3.605655
0.6,4000,0.2,0.2,0.35,0.01,45,1,4.400,6.800,6.135598,11.070015,5.308082,2.218591
0.6,4000,0.2,0.2,0.35,0.01,45,1.8,6.600,10.650,6.156529,11.109203,5.329020,3.227629
0.6,4000,0.2,0.2,0.35,0.01,160,1,4.150,6.050,5.585113,10.128078,5.350514,2.068524
0.6,4000,0.2,0.2,0.35,0.01,160,1.8,6.400,9.600,5.606216,10.167560,5.371619,3.073502
0.6,4000,0.2,0.9,0.15,0.0005,16,1,2.350,2.450,1.210547,2.227275,1.024693,1.125507
0.6,4000,0.2,0.9,0.15,0.0005,16,1.8,2.850,3.000,1.233835,2.270756,1.048002,1.407856
0.6,4000,0.2,0.9,0.15,0.0005,45,1,1.750,1.850,1.092519,2.018811,1.026332,0.849882
0.6,4000,0.2,0.9,0.15,0.0005,45,1.8,2.300,2.400,1.115858,2.062384,1.049678,1.120552
0.6,4000,0.2,0.9,0.15,0.0005,160,1,1.500,1.600,1.045610,1.935959,1.026983,0.740338
0.6,4000,0.2,0.9,0.15,0.0005,160,1.8,2.050,2.150,1.068969,1.979568,1.050345,1.006366
0.6,4000,0.2,0.9,0.15,0.002,16,1,2.300,2.500,1.810729,3.251429,1.279201,1.119377
0.6,4000,0.2,0.9,0.15,0.002,16,1.8,2.850,3.100,1.833828,3.294587,1.302321,1.401467
0.6,4000,0.2,0.9,0.15,0.002,45,1,1.750,1.850,1.474925,2.671388,1.285070,0.847409
0.6,4000,0.2,0.9,0.15,0.002,45,1.8,2.300,2.450,1.498144,2.714755,1.308296,1.117974
0.6,4000,0.2,0.9,0.15,0.002,160,1,1.500,1.600,1.340907,2.439895,1.287413,0.738867
0.6,4000,0.2,0.9,0.15,0.002,160,1.8,2.050,2.200,1.364173,2.483345,1.310681,1.004832
0.6,4000,0.2,0.9,0.15,0.01,16,1,2.250,3.000,4.853660,8.443906,2.569564,1.088302
0.6,4000,0.2,0.9,0.15,0.01,16,1.8,2.800,3.700,4.875800,8.485428,2.591724,1.369075
0.6,4000,0.2,0.9,0.15,0.01,45,1,1.700,2.050,3.449386,6.040809,2.621005,0.834641
0.6,4000,0.2,0.9,0.15,0.01,45,1.8,2.250,2.700,3.471982,6.083113,2.643608,1.104664
0.6,4000,0.2,0.9,0.15,0.01,160,1,1.500,1.700,2.876825,5.061001,2.641979,0.731216
0.6,4000,0.2,0.9,0.15,0.01,160,1.8,2.050,2.350,2.899607,5.103624,2.664762,0.996857
0.6,4000,0.2,0.9,0.35,0.0005,16,1,3.100,3.300,1.256018,2.312174,1.070206,1.492034
0.6,4000,0.2,0.9,0.35,0.0005,16,1.8,3.600,3.850,1.279277,2.355601,1.093487,1.786506
0.6,4000,0.2,0.9,0.35,0.0005,45,1,2.250,2.350,1.138089,2.103888,1.071917,1.090799
0.6,4000,0.2,0.9,0.35,0.0005,45,1.8,2.750,2.900,1.161400,2.147407,1.095235,1.373605
0.6,4000,0.2,0.9,0.35,0.0005,160,1,1.900,2.000,1.091220,2.021108,1.072597,0.931333
0.6,4000,0.2,0.9,0.35,0.0005,160,1.8,2.450,2.550,1.114551,2.064663,1.095930,1.209503
0.6,4000,0.2,0.9,0.35,0.002,16,1,3.100,3.400,1.855830,3.335697,1.324344,1.483112
0.6,4000,0.2,0.9,0.35,0.002,16,1.8,3.600,3.950,1.878901,3.378802,1.347436,1.777324
0.6,4000,0.2,0.9,0.35,0.002,45,1,2.250,2.400,1.520260,2.756063,1.330420,1.087199
0.6,4000,0.2,0.9,0.35,0.002,45,1.8,2.750,2.950,1.543450,2.799376,1.353618,1.369901
0.6,4000,0.2,0.9,0.35,0.002,160,1,1.900,2.000,1.386335,2.524733,1.332845,0.929191
0.6,4000,0.2,0.9,0.35,0.002,160,1.8,2.450,2.600,1.409572,2.568129,1.356085,1.207299
0.6,4000,0.2,0.9,0.35,0.01,16,1,3.000,4.100,4.896890,8.524980,2.612832,1.437874
0.6,4000,0.2,0.9,0.35,0.01,16,1.8,3.500,4.700,4.919002,8.566451,2.634964,1.730771
0.6,4000,0.2,0.9,0.35,0.01,45,1,2.200,2.600,3.493505,6.123409,2.665138,1.068612
0.6,4000,0.2,0.9,0.35,0.01,45,1.8,2.700,3.250,3.516072,6.165661,2.687713,1.350773
0.6,4000,0.2,0.9,0.35,0.01,160,1,1.850,2.150,2.921307,5.144224,2.686464,0.918053
0.6,4000,0.2,0.9,0.35,0.01,160,1.8,2.400,2.800,2.944060,5.186794,2.709220,1.195837
0.6,4000,0.2,2,0.15,0.0005,16,1,2.050,2.100,0.762974,1.391608,0.576701,0.937596
0.6,4000,0.2,2,0.15,0.0005,16,1.8,2.350,2.400,0.786545,1.435618,0.600294,1.100627
0.6,4000,0.2,2,0.15,0.0005,45,1,1.450,1.450,0.643962,1.181379,0.577625,0.661752
0.6,4000,0.2,2,0.15,0.0005,45,1.8,1.700,1.750,0.667585,1.225482,0.601256,0.812960
0.6,4000,0.2,2,0.15,0.0005,160,1,1.200,1.200,0.596662,1.097826,0.577992,0.552120
0.6,4000,0.2,2,0.15,0.0005,160,1.8,1.450,1.500,0.620305,1.141966,0.601638,0.698630
0.6,4000,0.2,2,0.15,0.002,16,1,2.050,2.200,1.366790,2.421963,0.834850,0.931462
0.6,4000,0.2,2,0.15,0.002,16,1.8,2.300,2.450,1.390170,2.465646,0.858252,1.094229
0.6,4000,0.2,2,0.15,0.002,45,1,1.400,1.500,1.028686,1.837912,0.838684,0.659277
0.6,4000,0.2,2,0.15,0.002,45,1.8,1.700,1.800,1.052187,1.881807,0.862193,0.810379
0.6,4000,0.2,2,0.15,0.002,160,1,1.200,1.250,0.893749,1.604818,0.840214,0.550648
0.6,4000,0.2,2,0.15,0.002,160,1.8,1.450,1.500,0.917299,1.648797,0.863765,0.697095
0.6,4000,0.2,2,0.15,0.01,16,1,1.950,2.600,4.428150,7.645882,2.143676,0.900361
0.6,4000,0.2,2,0.15,0.01,16,1.8,2.250,2.950,4.450559,7.687909,2.166105,1.061796
0.6,4000,0.2,2,0.15,0.01,45,1,1.400,1.650,3.015119,5.227761,2.186598,0.646498
0.6,4000,0.2,2,0.15,0.01,45,1.8,1.650,1.950,3.037989,5.270580,2.209476,0.797053
0.6,4000,0.2,2,0.15,0.01,160,1,1.150,1.300,2.438985,4.241822,2.204098,0.542991
0.6,4000,0.2,2,0.15,0.01,160,1.8,1.450,1.600,2.462044,4.284964,2.227159,0.689109
0.6,4000,0.2,2,0.35,0.0005,16,1,2.850,2.950,0.808998,1.477539,0.622767,1.304352
0.6,4000,0.2,2,0.35,0.0005,16,1.8,3.150,3.250,0.832540,1.521494,0.646331,1.479653
0.6,4000,0.2,2,0.35,0.0005,45,1,1.950,2.000,0.690087,1.267492,0.623765,0.902900
0.6,4000,0.2,2,0.35,0.0005,45,1.8,2.200,2.300,0.713681,1.311540,0.647367,1.066392
0.6,4000,0.2,2,0.35,0.0005,160,1,1.600,1.650,0.642827,1.184011,0.624162,0.743346
0.6,4000,0.2,2,0.35,0.0005,160,1.8,1.850,1.900,0.666441,1.228096,0.647779,0.902146
0.6,4000,0.2,2,0.35,0.002,16,1,2.850,3.050,1.412440,2.507256,0.880543,1.295425
0.6,4000,0.2,2,0.35,0.002,16,1.8,3.100,3.350,1.435791,2.550885,0.903915,1.470463
0.6,4000,0.2,2,0.35,0.002,45,1,1.950,2.050,1.074573,1.923618,0.884586,0.899298
0.6,4000,0.2,2,0.35,0.002,45,1.8,2.200,2.300,1.098045,1.967458,0.908065,1.062685
0.6,4000,0.2,2,0.35,0.002,160,1,1.600,1.650,0.939731,1.690689,0.886199,0.741204
0.6,4000,0.2,2,0.35,0.002,160,1.8,1.850,1.950,0.963251,1.734613,0.909722,0.899941
0.6,4000,0.2,2,0.35,0.01,16,1,2.750,3.650,4.471905,7.727942,2.187470,1.250163
0.6,4000,0.2,2,0.35,0.01,16,1.8,3.000,4.000,4.494287,7.769917,2.209871,1.423869
0.6,4000,0.2,2,0.35,0.01,45,1,1.900,2.250,3.059774,5.311366,2.231268,0.880700
0.6,4000,0.2,2,0.35,0.01,45,1.8,2.150,2.550,3.082617,5.354132,2.254117,1.043540
0.6,4000,0.2,2,0.35,0.01,160,1,1.550,1.750,2.484008,4.326058,2.249125,0.730060
0.6,4000,0.2,2,0.35,0.01,160,1.8,1.850,2.100,2.507038,4.369147,2.272158,0.888469
0.6,4000,0.4,0.2,0.15,0.0005,16,1,8.550,17.950,7.159748,13.335064,6.979456,4.281596
0.6,4000,0.4,0.2,0.15,0.0005,16,1.8,12.700,27.800,7.179433,13.371817,6.999159,6.150063
0.6,4000,0.4,0.2,0.15,0.0005,45,1,8.200,16.650,7.054488,13.149479,6.990285,4.001799
0.6,4000,0.4,0.2,0.15,0.0005,45,1.8,12.350,25.900,7.074214,13.186306,7.010017,5.860392
0.6,4000,0.4,0.2,0.15,0.0005,160,1,8.050,16.200,7.012657,13.075725,6.994589,3.890605
0.6,4000,0.4,0.2,0.15,0.0005,160,1.8,12.200,25.250,7.032399,13.112582,7.014333,5.745274
0.6,4000,0.4,0.2,0.15,0.002,16,1,8.550,NaN,7.711613,14.276780,7.185557,4.275373
0.6,4000,0.4,0.2,0.15,0.002,16,1.8,12.700,NaN,7.731137,14.313260,7.205100,6.143621
0.6,4000,0.4,0.2,0.15,0.002,45,1,8.200,21.450,7.406076,13.749468,7.218184,3.999289
0.6,4000,0.4,0.2,0.15,0.002,45,1.8,12.350,34.400,7.425700,13.786121,7.237815,5.857794
0.6,4000,0.4,0.2,0.15,0.002,160,1,8.050,18.700,7.284145,13.539033,7.231205,3.889112
0.6,4000,0.4,0.2,0.15,0.002,160,1.8,12.200,29.450,7.303808,13.575755,7.250870,5.743728
0.6,4000,0.4,0.2,0.15,0.01,16,1,8.500,NaN,10.509556,19.051266,8.230486,4.243826
0.6,4000,0.4,0.2,0.15,0.01,16,1.8,12.650,NaN,10.528270,19.086364,8.249217,6.110960
0.6,4000,0.4,0.2,0.15,0.01,45,1,8.150,NaN,9.221406,16.847356,8.394884,3.986328
0.6,4000,0.4,0.2,0.15,0.01,45,1.8,12.300,NaN,9.240503,16.883111,8.413988,5.844375
0.6,4000,0.4,0.2,0.15,0.01,160,1,8.050,NaN,8.696225,15.948818,8.461910,3.881345
0.6,4000,0.4,0.2,0.15,0.01,160,1.8,12.200,NaN,8.715479,15.984841,8.481165,5.735688
0.6,4000,0.4,0.2,0.35,0.0005,16,1,9.100,19.000,7.198184,13.406828,7.017928,4.652445
0.6,4000,0.4,0.2,0.35,0.0005,16,1.8,13.250,29.050,7.217847,13.443540,7.037608,6.531160
0.6,4000,0.4,0.2,0.35,0.0005,45,1,8.500,17.350,7.093005,13.221387,7.028814,4.247013
0.6,4000,0.4,0.2,0.35,0.0005,45,1.8,12.700,26.800,7.112709,13.258173,7.048525,6.115866
0.6,4000,0.4,0.2,0.35,0.0005,160,1,8.300,16.800,7.051206,13.147691,7.033141,4.085890
0.6,4000,0.4,0.2,0.35,0.0005,160,1.8,12.450,26.050,7.070926,13.184506,7.052863,5.950823
0.6,4000,0.4,0.2,0.35,0.002,16,1,9.100,NaN,7.749736,14.348011,7.223716,4.643428
0.6,4000,0.4,0.2,0.35,0.002,16,1.8,13.200,NaN,7.769239,14.384450,7.243237,6.521924
0.6,4000,0.4,0.2,0.35,0.002,45,1,8.500,23.550,7.444393,13.821037,7.256514,4.243375
0.6,4000,0.4,0.2,0.35,0.002,45,1.8,12.650,38.500,7.463995,13.857648,7.276123,6.112140
0.6,4000,0.4,0.2,0.35,0.002,160,1,8.300,19.650,7.322540,13.610736,7.269603,4.083726
0.6,4000,0.4,0.2,0.35,0.002,160,1.8,12.450,30.950,7.342181,13.647417,7.289247,5.948607
0.6,4000,0.4,0.2,0.35,0.01,16,1,9.000,NaN,10.546097,19.119797,8.267059,4.597715
0.6,4000,0.4,0.2,0.35,0.01,16,1.8,13.150,NaN,10.564789,19.154854,8.285769,6.475100
0.6,4000,0.4,0.2,0.35,0.01,45,1,8.500,NaN,9.258695,16.917171,8.432186,4.224595
0.6,4000,0.4,0.2,0.35,0.01,45,1.8,12.650,NaN,9.277771,16.952885,8.451268,6.092902
0.6,4000,0.4,0.2,0.35,0.01,160,1,8.300,NaN,8.733820,16.019156,8.499508,4.072473
0.6,4000,0.4,0.2,0.35,0.01,160,1.8,12.450,NaN,8.753052,16.055138,8.518742,5.937080
0.6,4000,0.4,0.9,0.15,0.0005,16,1,3.200,3.500,2.010641,3.721135,1.825534,1.628664
0.6,4000,0.4,0.9,0.15,0.0005,16,1.8,4.200,4.650,2.033427,3.763678,1.848341,2.124315
0.6,4000,0.4,0.9,0.15,0.0005,45,1,2.650,2.900,1.894363,3.515809,1.828442,1.345942
0.6,4000,0.4,0.9,0.15,0.0005,45,1.8,3.700,4.050,1.917198,3.558442,1.851285,1.830164
0.6,4000,0.4,0.9,0.15,0.0005,160,1,2.450,2.700,1.848150,3.434206,1.829598,1.233578
0.6,4000,0.4,0.9,0.15,0.0005,160,1.8,3.500,3.850,1.871005,3.476874,1.852456,1.713259
0.6,4000,0.4,0.9,0.15,0.002,16,1,3.200,3.600,2.604325,4.734203,2.073533,1.622377
0.6,4000,0.4,0.9,0.15,0.002,16,1.8,4.200,4.750,2.626926,4.776430,2.096155,2.117774
0.6,4000,0.4,0.9,0.15,0.002,45,1,2.650,2.950,2.272624,4.161314,2.083034,1.343405
0.6,4000,0.4,0.9,0.15,0.002,45,1.8,3.700,4.150,2.295342,4.203745,2.105759,1.827525
0.6,4000,0.4,0.9,0.15,0.002,160,1,2.450,2.750,2.140245,3.932678,2.086825,1.232069
0.6,4000,0.4,0.9,0.15,0.002,160,1.8,3.500,3.900,2.163009,3.975190,2.109591,1.711689
0.6,4000,0.4,0.9,0.15,0.01,16,1,3.150,4.450,5.614312,9.870472,3.330892,1.590501
0.6,4000,0.4,0.9,0.15,0.01,16,1.8,4.150,6.000,5.635975,9.911099,3.352574,2.084609
0.6,4000,0.4,0.9,0.15,0.01,45,1,2.650,3.300,4.225685,7.494219,3.397554,1.330308
0.6,4000,0.4,0.9,0.15,0.01,45,1.8,3.650,4.700,4.247793,7.535610,3.419669,1.813899
0.6,4000,0.4,0.9,0.15,0.01,160,1,2.450,2.950,3.659509,6.525364,3.424734,1.224221
0.6,4000,0.4,0.9,0.15,0.01,160,1.8,3.500,4.300,3.681798,6.567067,3.447025,1.703524
0.6,4000,0.4,0.9,0.35,0.0005,16,1,3.950,4.350,2.055131,3.804202,1.870066,2.002557
0.6,4000,0.4,0.9,0.35,0.0005,16,1.8,4.950,5.400,2.077889,3.846694,1.892845,2.510069
0.6,4000,0.4,0.9,0.35,0.0005,45,1,3.150,3.400,1.938950,3.599051,1.873044,1.594229
0.6,4000,0.4,0.9,0.35,0.0005,45,1.8,4.150,4.550,1.961758,3.641632,1.895860,2.090326
0.6,4000,0.4,0.9,0.35,0.0005,160,1,2.800,3.050,1.892776,3.517517,1.874228,1.431945
0.6,4000,0.4,0.9,0.35,0.0005,160,1.8,3.850,4.200,1.915603,3.560133,1.897058,1.923506
0.6,4000,0.4,0.9,0.35,0.002,16,1,3.950,4.450,2.648454,4.816654,2.117703,1.993477
0.6,4000,0.4,0.9,0.35,0.002,16,1.8,4.900,5.550,2.671027,4.858830,2.140297,2.500735
0.6,4000,0.4,0.9,0.35,0.002,45,1,3.100,3.450,2.316981,4.244163,2.127405,1.590565
0.6,4000,0.4,0.9,0.35,0.002,45,1.8,4.150,4.600,2.339671,4.286542,2.150102,2.086560
0.6,4000,0.4,0.9,0.35,0.002,160,1,2.800,3.100,2.184692,4.015685,2.131277,1.429766
0.6,4000,0.4,0.9,0.35,0.002,160,1.8,3.850,4.300,2.207429,4.058145,2.154016,1.921266
0.6,4000,0.4,0.9,0.35,0.01,16,1,3.850,5.500,5.656609,9.949798,3.373227,1.947439
0.6,4000,0.4,0.9,0.35,0.01,16,1.8,4.800,6.950,5.678245,9.990375,3.394882,2.453410
0.6,4000,0.4,0.9,0.35,0.01,45,1,3.100,3.850,4.268852,7.575037,3.440735,1.571649
0.6,4000,0.4,0.9,0.35,0.01,45,1.8,4.100,5.200,4.290933,7.616377,3.462823,2.067116
0.6,4000,0.4,0.9,0.35,0.01,160,1,2.800,3.350,3.703030,6.606790,3.468259,1.418431
0.6,4000,0.4,0.9,0.35,0.01,160,1.8,3.850,4.700,3.725293,6.648443,3.490524,1.909615
0.6,4000,0.4,2,0.15,0.0005,16,1,2.450,2.550,1.129572,2.076086,0.943642,1.181654
0.6,4000,0.4,2,0.15,0.0005,16,1.8,2.900,3.050,1.152911,2.119663,0.967003,1.442417
0.6,4000,0.4,2,0.15,0.0005,45,1,1.850,1.900,1.011366,1.867303,0.945152,0.898413
0.6,4000,0.4,2,0.15,0.0005,45,1.8,2.300,2.400,1.034756,1.910971,0.968550,1.147470
0.6,4000,0.4,2,0.15,0.0005,160,1,1.600,1.650,0.964386,1.784325,0.945752,0.785842
0.6,4000,0.4,2,0.15,0.0005,160,1.8,2.100,2.200,0.987797,1.828030,0.969165,1.030247
0.6,4000,0.4,2,0.15,0.002,16,1,2.400,2.600,1.730411,3.101362,1.198809,1.175355
0.6,4000,0.4,2,0.15,0.002,16,1.8,2.900,3.150,1.753561,3.144615,1.221980,1.435858
0.6,4000,0.4,2,0.15,0.002,45,1,1.800,1.950,1.394192,2.520596,1.204310,0.895872
0.6,4000,0.4,2,0.15,0.002,45,1.8,2.300,2.450,1.417461,2.564058,1.227587,1.144824
0.6,4000,0.4,2,0.15,0.002,160,1,1.600,1.700,1.260007,2.288813,1.206506,0.784331
0.6,4000,0.4,2,0.15,0.002,160,1.8,2.100,2.200,1.283325,2.332359,1.229825,1.028673
0.6,4000,0.4,2,0.15,0.01,16,1,2.350,3.150,4.776677,8.299527,2.492513,1.143421
0.6,4000,0.4,2,0.15,0.01,16,1.8,2.850,3.750,4.798866,8.341141,2.514721,1.402603
0.6,4000,0.4,2,0.15,0.01,45,1,1.800,2.150,3.370819,5.893712,2.542412,0.882751
0.6,4000,0.4,2,0.15,0.01,45,1.8,2.300,2.700,3.393464,5.936109,2.565065,1.131160
0.6,4000,0.4,2,0.15,0.01,160,1,1.600,1.800,2.797611,4.912796,2.562758,0.776468
0.6,4000,0.4,2,0.15,0.01,160,1.8,2.100,2.400,2.820443,4.955512,2.585591,1.020485
0.6,4000,0.4,2,0.35,0.0005,16,1,3.200,3.400,1.175143,2.161171,0.989255,1.556087
0.6,4000,0.4,2,0.35,0.0005,16,1.8,3.700,3.900,1.198453,2.204694,1.012587,1.828998
0.6,4000,0.4,2,0.35,0.0005,45,1,2.350,2.450,1.057037,1.952567,0.990837,1.147245
0.6,4000,0.4,2,0.35,0.0005,45,1.8,2.800,2.950,1.080398,1.996182,1.014207,1.408465
0.6,4000,0.4,2,0.35,0.0005,160,1,2.000,2.100,1.010097,1.869660,0.991466,0.984755
0.6,4000,0.4,2,0.35,0.0005,160,1.8,2.500,2.600,1.033478,1.913311,1.014850,1.241329
0.6,4000,0.4,2,0.35,0.002,16,1,3.200,3.500,1.775612,3.185815,1.244051,1.546995
0.6,4000,0.4,2,0.35,0.002,16,1.8,3.700,4.000,1.798733,3.229015,1.267194,1.819646
0.6,4000,0.4,2,0.35,0.002,45,1,2.300,2.500,1.439626,2.605457,1.249760,1.143577
0.6,4000,0.4,2,0.35,0.002,45,1.8,2.800,3.000,1.462867,2.648865,1.273008,1.404692
0.6,4000,0.4,2,0.35,0.002,160,1,2.000,2.100,1.305535,2.373837,1.252038,0.982573
0.6,4000,0.4,2,0.35,0.002,160,1.8,2.500,2.650,1.328824,2.417329,1.275328,1.239084
0.6,4000,0.4,2,0.35,0.01,16,1,3.100,4.200,4.820001,8.380779,2.535875,1.500899
0.6,4000,0.4,2,0.35,0.01,16,1.8,3.550,4.750,4.842162,8.422342,2.558056,1.772233
0.6,4000,0.4,2,0.35,0.01,45,1,2.300,2.700,3.415034,5.976494,2.586642,1.124637
0.6,4000,0.4,2,0.35,0.01,45,1.8,2.750,3.300,3.437651,6.018839,2.609266,1.385210
0.6,4000,0.4,2,0.35,0.01,160,1,1.950,2.250,2.842191,4.996201,2.607341,0.971224
0.6,4000,0.4,2,0.35,0.01,160,1.8,2.450,2.800,2.864994,5.038865,2.630146,1.227411
