ISO-10303-21;
HEADER;
FILE_DESCRIPTION(('Open CASCADE Model'),'2;1');
FILE_NAME('Open CASCADE Shape Model','2026-10-04T18:45:54',('Author'),(
    'Open CASCADE'),'Open CASCADE STEP processor 7.8','Open CASCADE 7.8'
  ,'Unknown');
FILE_SCHEMA(('AUTOMOTIVE_DESIGN { 1 0 10303 214 1 1 1 1 }'));
ENDSEC;
DATA;
#1 = APPLICATION_PROTOCOL_DEFINITION('international standard',
  'automotive_design',2000,#2);
#2 = APPLICATION_CONTEXT(
  'core data for automotive mechanical design processes');
#3 = SHAPE_DEFINITION_REPRESENTATION(#4,#10);
#4 = PRODUCT_DEFINITION_SHAPE('','',#5);
#5 = PRODUCT_DEFINITION('design','',#6,#9);
#6 = PRODUCT_DEFINITION_FORMATION('','',#7);
#7 = PRODUCT('Open CASCADE STEP translator 7.8 6',
  'Open CASCADE STEP translator 7.8 6','',(#8));
#8 = PRODUCT_CONTEXT('',#2,'mechanical');
#9 = PRODUCT_DEFINITION_CONTEXT('part definition',#2,'design');
#10 = SHAPE_REPRESENTATION('',(#11,#15,#19,#23,#27,#31,#35,#39,#43,#47,
    #51,#55,#59,#63,#67,#71,#75,#79,#83,#87,#91,#95,#99,#103,#107),#111
  );
#11 = AXIS2_PLACEMENT_3D('',#12,#13,#14);
#12 = CARTESIAN_POINT('',(0.,0.,0.));
#13 = DIRECTION('',(0.,0.,1.));
#14 = DIRECTION('',(1.,0.,-0.));
#15 = AXIS2_PLACEMENT_3D('',#16,#17,#18);
#16 = CARTESIAN_POINT('',(0.,0.,0.));
#17 = DIRECTION('',(0.,0.,1.));
#18 = DIRECTION('',(1.,0.,-0.));
#19 = AXIS2_PLACEMENT_3D('',#20,#21,#22);
#20 = CARTESIAN_POINT('',(0.,0.,0.));
#21 = DIRECTION('',(0.,0.,1.));
#22 = DIRECTION('',(1.,0.,-0.));
#23 = AXIS2_PLACEMENT_3D('',#24,#25,#26);
#24 = CARTESIAN_POINT('',(0.,0.,0.));
#25 = DIRECTION('',(0.,0.,1.));
#26 = DIRECTION('',(1.,0.,-0.));
#27 = AXIS2_PLACEMENT_3D('',#28,#29,#30);
#28 = CARTESIAN_POINT('',(0.,0.,0.));
#29 = DIRECTION('',(0.,0.,1.));
#30 = DIRECTION('',(1.,0.,-0.));
#31 = AXIS2_PLACEMENT_3D('',#32,#33,#34);
#32 = CARTESIAN_POINT('',(0.,0.,0.));
#33 = DIRECTION('',(0.,0.,1.));
#34 = DIRECTION('',(1.,0.,-0.));
#35 = AXIS2_PLACEMENT_3D('',#36,#37,#38);
#36 = CARTESIAN_POINT('',(0.,0.,0.));
#37 = DIRECTION('',(0.,0.,1.));
#38 = DIRECTION('',(1.,0.,-0.));
#39 = AXIS2_PLACEMENT_3D('',#40,#41,#42);
#40 = CARTESIAN_POINT('',(0.,0.,0.));
#41 = DIRECTION('',(0.,0.,1.));
#42 = DIRECTION('',(1.,0.,-0.));
#43 = AXIS2_PLACEMENT_3D('',#44,#45,#46);
#44 = CARTESIAN_POINT('',(0.,0.,0.));
#45 = DIRECTION('',(0.,0.,1.));
#46 = DIRECTION('',(1.,0.,-0.));
#47 = AXIS2_PLACEMENT_3D('',#48,#49,#50);
#48 = CARTESIAN_POINT('',(0.,0.,0.));
#49 = DIRECTION('',(0.,0.,1.));
#50 = DIRECTION('',(1.,0.,-0.));
#51 = AXIS2_PLACEMENT_3D('',#52,#53,#54);
#52 = CARTESIAN_POINT('',(0.,0.,0.));
#53 = DIRECTION('',(0.,0.,1.));
#54 = DIRECTION('',(1.,0.,-0.));
#55 = AXIS2_PLACEMENT_3D('',#56,#57,#58);
#56 = CARTESIAN_POINT('',(0.,0.,0.));
#57 = DIRECTION('',(0.,0.,1.));
#58 = DIRECTION('',(1.,0.,-0.));
#59 = AXIS2_PLACEMENT_3D('',#60,#61,#62);
#60 = CARTESIAN_POINT('',(0.,0.,0.));
#61 = DIRECTION('',(0.,0.,1.));
#62 = DIRECTION('',(1.,0.,-0.));
#63 = AXIS2_PLACEMENT_3D('',#64,#65,#66);
#64 = CARTESIAN_POINT('',(0.,0.,0.));
#65 = DIRECTION('',(0.,0.,1.));
#66 = DIRECTION('',(1.,0.,-0.));
#67 = AXIS2_PLACEMENT_3D('',#68,#69,#70);
#68 = CARTESIAN_POINT('',(0.,0.,0.));
#69 = DIRECTION('',(0.,0.,1.));
#70 = DIRECTION('',(1.,0.,-0.));
#71 = AXIS2_PLACEMENT_3D('',#72,#73,#74);
#72 = CARTESIAN_POINT('',(0.,0.,0.));
#73 = DIRECTION('',(0.,0.,1.));
#74 = DIRECTION('',(1.,0.,-0.));
#75 = AXIS2_PLACEMENT_3D('',#76,#77,#78);
#76 = CARTESIAN_POINT('',(0.,0.,0.));
#77 = DIRECTION('',(0.,0.,1.));
#78 = DIRECTION('',(1.,0.,-0.));
#79 = AXIS2_PLACEMENT_3D('',#80,#81,#82);
#80 = CARTESIAN_POINT('',(0.,0.,0.));
#81 = DIRECTION('',(0.,0.,1.));
#82 = DIRECTION('',(1.,0.,-0.));
#83 = AXIS2_PLACEMENT_3D('',#84,#85,#86);
#84 = CARTESIAN_POINT('',(0.,0.,0.));
#85 = DIRECTION('',(0.,0.,1.));
#86 = DIRECTION('',(1.,0.,-0.));
#87 = AXIS2_PLACEMENT_3D('',#88,#89,#90);
#88 = CARTESIAN_POINT('',(0.,0.,0.));
#89 = DIRECTION('',(0.,0.,1.));
#90 = DIRECTION('',(1.,0.,-0.));
#91 = AXIS2_PLACEMENT_3D('',#92,#93,#94);
#92 = CARTESIAN_POINT('',(0.,0.,0.));
#93 = DIRECTION('',(0.,0.,1.));
#94 = DIRECTION('',(1.,0.,-0.));
#95 = AXIS2_PLACEMENT_3D('',#96,#97,#98);
#96 = CARTESIAN_POINT('',(0.,0.,0.));
#97 = DIRECTION('',(0.,0.,1.));
#98 = DIRECTION('',(1.,0.,-0.));
#99 = AXIS2_PLACEMENT_3D('',#100,#101,#102);
#100 = CARTESIAN_POINT('',(0.,0.,0.));
#101 = DIRECTION('',(0.,0.,1.));
#102 = DIRECTION('',(1.,0.,-0.));
#103 = AXIS2_PLACEMENT_3D('',#104,#105,#106);
#104 = CARTESIAN_POINT('',(0.,0.,0.));
#105 = DIRECTION('',(0.,0.,1.));
#106 = DIRECTION('',(1.,0.,-0.));
#107 = AXIS2_PLACEMENT_3D('',#108,#109,#110);
#108 = CARTESIAN_POINT('',(0.,0.,0.));
#109 = DIRECTION('',(0.,0.,1.));
#110 = DIRECTION('',(1.,0.,-0.));
#111 = ( GEOMETRIC_REPRESENTATION_CONTEXT(3)
GLOBAL_UNCERTAINTY_ASSIGNED_CONTEXT((#115)) GLOBAL_UNIT_ASSIGNED_CONTEXT
((#112,#113,#114)) REPRESENTATION_CONTEXT('Context #1',
  '3D Context with UNIT and UNCERTAINTY') );
#112 = ( LENGTH_UNIT() NAMED_UNIT(*) SI_UNIT(.MILLI.,.METRE.) );
#113 = ( NAMED_UNIT(*) PLANE_ANGLE_UNIT() SI_UNIT($,.RADIAN.) );
#114 = ( NAMED_UNIT(*) SI_UNIT($,.STERADIAN.) SOLID_ANGLE_UNIT() );
#115 = UNCERTAINTY_MEASURE_WITH_UNIT(LENGTH_MEASURE(2.E-07),#112,
  'distance_accuracy_value','confusion accuracy');
#116 = PRODUCT_RELATED_PRODUCT_CATEGORY('part',$,(#7));
#117 = SHAPE_DEFINITION_REPRESENTATION(#118,#124);
#118 = PRODUCT_DEFINITION_SHAPE('','',#119);
#119 = PRODUCT_DEFINITION('design','',#120,#123);
#120 = PRODUCT_DEFINITION_FORMATION('','',#121);
#121 = PRODUCT('Open CASCADE STEP translator 7.8 6.1',
  'Open CASCADE STEP translator 7.8 6.1','',(#122));
#122 = PRODUCT_CONTEXT('',#2,'mechanical');
#123 = PRODUCT_DEFINITION_CONTEXT('part definition',#2,'design');
#124 = ADVANCED_BREP_SHAPE_REPRESENTATION('',(#11,#125),#447);
#125 = MANIFOLD_SOLID_BREP('',#126);
#126 = CLOSED_SHELL('',(#127,#247,#320,#365,#413,#440));
#127 = ADVANCED_FACE('',(#128),#143,.T.);
#128 = FACE_BOUND('',#129,.F.);
#129 = EDGE_LOOP('',(#130,#166,#194,#223));
#130 = ORIENTED_EDGE('',*,*,#131,.F.);
#131 = EDGE_CURVE('',#132,#134,#136,.T.);
#132 = VERTEX_POINT('',#133);
#133 = CARTESIAN_POINT('',(25.,0.,-4.));
#134 = VERTEX_POINT('',#135);
#135 = CARTESIAN_POINT('',(-25.,3.061616997868E-15,-4.));
#136 = SURFACE_CURVE('',#137,(#142,#154),.PCURVE_S1.);
#137 = CIRCLE('',#138,25.);
#138 = AXIS2_PLACEMENT_3D('',#139,#140,#141);
#139 = CARTESIAN_POINT('',(0.,0.,-4.));
#140 = DIRECTION('',(0.,0.,1.));
#141 = DIRECTION('',(1.,0.,0.));
#142 = PCURVE('',#143,#148);
#143 = CYLINDRICAL_SURFACE('',#144,25.);
#144 = AXIS2_PLACEMENT_3D('',#145,#146,#147);
#145 = CARTESIAN_POINT('',(0.,0.,-4.));
#146 = DIRECTION('',(-0.,-0.,-1.));
#147 = DIRECTION('',(1.,0.,0.));
#148 = DEFINITIONAL_REPRESENTATION('',(#149),#153);
#149 = LINE('',#150,#151);
#150 = CARTESIAN_POINT('',(-0.,0.));
#151 = VECTOR('',#152,1.);
#152 = DIRECTION('',(-1.,0.));
#153 = ( GEOMETRIC_REPRESENTATION_CONTEXT(2)
PARAMETRIC_REPRESENTATION_CONTEXT() REPRESENTATION_CONTEXT('2D SPACE',''
  ) );
#154 = PCURVE('',#155,#160);
#155 = PLANE('',#156);
#156 = AXIS2_PLACEMENT_3D('',#157,#158,#159);
#157 = CARTESIAN_POINT('',(-8.751616848252E-16,1.604946055186E-15,-4.));
#158 = DIRECTION('',(0.,0.,1.));
#159 = DIRECTION('',(1.,0.,-0.));
#160 = DEFINITIONAL_REPRESENTATION('',(#161),#165);
#161 = CIRCLE('',#162,25.);
#162 = AXIS2_PLACEMENT_2D('',#163,#164);
#163 = CARTESIAN_POINT('',(8.751616848252E-16,-1.604946055186E-15));
#164 = DIRECTION('',(1.,0.));
#165 = ( GEOMETRIC_REPRESENTATION_CONTEXT(2)
PARAMETRIC_REPRESENTATION_CONTEXT() REPRESENTATION_CONTEXT('2D SPACE',''
  ) );
#166 = ORIENTED_EDGE('',*,*,#167,.T.);
#167 = EDGE_CURVE('',#132,#168,#170,.T.);
#168 = VERTEX_POINT('',#169);
#169 = CARTESIAN_POINT('',(25.,0.,0.));
#170 = SURFACE_CURVE('',#171,(#175,#182),.PCURVE_S1.);
#171 = LINE('',#172,#173);
#172 = CARTESIAN_POINT('',(25.,0.,-4.));
#173 = VECTOR('',#174,1.);
#174 = DIRECTION('',(0.,0.,1.));
#175 = PCURVE('',#143,#176);
#176 = DEFINITIONAL_REPRESENTATION('',(#177),#181);
#177 = LINE('',#178,#179);
#178 = CARTESIAN_POINT('',(-0.,0.));
#179 = VECTOR('',#180,1.);
#180 = DIRECTION('',(-0.,-1.));
#181 = ( GEOMETRIC_REPRESENTATION_CONTEXT(2)
PARAMETRIC_REPRESENTATION_CONTEXT() REPRESENTATION_CONTEXT('2D SPACE',''
  ) );
#182 = PCURVE('',#183,#188);
#183 = PLANE('',#184);
#184 = AXIS2_PLACEMENT_3D('',#185,#186,#187);
#185 = CARTESIAN_POINT('',(-30.,0.,-65.));
#186 = DIRECTION('',(0.,1.,0.));
#187 = DIRECTION('',(0.,0.,1.));
#188 = DEFINITIONAL_REPRESENTATION('',(#189),#193);
#189 = LINE('',#190,#191);
#190 = CARTESIAN_POINT('',(61.,55.));
#191 = VECTOR('',#192,1.);
#192 = DIRECTION('',(1.,0.));
#193 = ( GEOMETRIC_REPRESENTATION_CONTEXT(2)
PARAMETRIC_REPRESENTATION_CONTEXT() REPRESENTATION_CONTEXT('2D SPACE',''
  ) );
#194 = ORIENTED_EDGE('',*,*,#195,.T.);
#195 = EDGE_CURVE('',#168,#196,#198,.T.);
#196 = VERTEX_POINT('',#197);
#197 = CARTESIAN_POINT('',(-25.,3.061616997868E-15,0.));
#198 = SURFACE_CURVE('',#199,(#204,#211),.PCURVE_S1.);
#199 = CIRCLE('',#200,25.);
#200 = AXIS2_PLACEMENT_3D('',#201,#202,#203);
#201 = CARTESIAN_POINT('',(0.,0.,0.));
#202 = DIRECTION('',(0.,0.,1.));
#203 = DIRECTION('',(1.,0.,0.));
#204 = PCURVE('',#143,#205);
#205 = DEFINITIONAL_REPRESENTATION('',(#206),#210);
#206 = LINE('',#207,#208);
#207 = CARTESIAN_POINT('',(-0.,-4.));
#208 = VECTOR('',#209,1.);
#209 = DIRECTION('',(-1.,0.));
#210 = ( GEOMETRIC_REPRESENTATION_CONTEXT(2)
PARAMETRIC_REPRESENTATION_CONTEXT() REPRESENTATION_CONTEXT('2D SPACE',''
  ) );
#211 = PCURVE('',#212,#217);
#212 = PLANE('',#213);
#213 = AXIS2_PLACEMENT_3D('',#214,#215,#216);
#214 = CARTESIAN_POINT('',(-8.751616848252E-16,1.604946055186E-15,0.));
#215 = DIRECTION('',(0.,0.,1.));
#216 = DIRECTION('',(1.,0.,-0.));
#217 = DEFINITIONAL_REPRESENTATION('',(#218),#222);
#218 = CIRCLE('',#219,25.);
#219 = AXIS2_PLACEMENT_2D('',#220,#221);
#220 = CARTESIAN_POINT('',(8.751616848252E-16,-1.604946055186E-15));
#221 = DIRECTION('',(1.,0.));
#222 = ( GEOMETRIC_REPRESENTATION_CONTEXT(2)
PARAMETRIC_REPRESENTATION_CONTEXT() REPRESENTATION_CONTEXT('2D SPACE',''
  ) );
#223 = ORIENTED_EDGE('',*,*,#224,.T.);
#224 = EDGE_CURVE('',#196,#134,#225,.T.);
#225 = SURFACE_CURVE('',#226,(#230,#236),.PCURVE_S1.);
#226 = LINE('',#227,#228);
#227 = CARTESIAN_POINT('',(-25.,0.,-4.));
#228 = VECTOR('',#229,1.);
#229 = DIRECTION('',(-0.,-0.,-1.));
#230 = PCURVE('',#143,#231);
#231 = DEFINITIONAL_REPRESENTATION('',(#232),#235);
#232 = B_SPLINE_CURVE_WITH_KNOTS('',1,(#233,#234),.UNSPECIFIED.,.F.,.F.,
  (2,2),(-4.0000006,5.999999999062E-07),.PIECEWISE_BEZIER_KNOTS.);
#233 = CARTESIAN_POINT('',(-3.14159265359,-4.0000006));
#234 = CARTESIAN_POINT('',(-3.14159265359,5.999999999062E-07));
#235 = ( GEOMETRIC_REPRESENTATION_CONTEXT(2)
PARAMETRIC_REPRESENTATION_CONTEXT() REPRESENTATION_CONTEXT('2D SPACE',''
  ) );
#236 = PCURVE('',#237,#242);
#237 = PLANE('',#238);
#238 = AXIS2_PLACEMENT_3D('',#239,#240,#241);
#239 = CARTESIAN_POINT('',(-30.,0.,-65.));
#240 = DIRECTION('',(0.,1.,0.));
#241 = DIRECTION('',(0.,0.,1.));
#242 = DEFINITIONAL_REPRESENTATION('',(#243),#246);
#243 = B_SPLINE_CURVE_WITH_KNOTS('',1,(#244,#245),.UNSPECIFIED.,.F.,.F.,
  (2,2),(-4.0000006,5.999999999062E-07),.PIECEWISE_BEZIER_KNOTS.);
#244 = CARTESIAN_POINT('',(65.0000006,5.));
#245 = CARTESIAN_POINT('',(60.9999994,5.));
#246 = ( GEOMETRIC_REPRESENTATION_CONTEXT(2)
PARAMETRIC_REPRESENTATION_CONTEXT() REPRESENTATION_CONTEXT('2D SPACE',''
  ) );
#247 = ADVANCED_FACE('',(#248),#155,.F.);
#248 = FACE_BOUND('',#249,.F.);
#249 = EDGE_LOOP('',(#250,#271,#272,#293));
#250 = ORIENTED_EDGE('',*,*,#251,.F.);
#251 = EDGE_CURVE('',#132,#252,#254,.T.);
#252 = VERTEX_POINT('',#253);
#253 = CARTESIAN_POINT('',(9.,3.940576705119E-16,-4.));
#254 = SURFACE_CURVE('',#255,(#259,#265),.PCURVE_S1.);
#255 = LINE('',#256,#257);
#256 = CARTESIAN_POINT('',(-15.,0.,-4.));
#257 = VECTOR('',#258,1.);
#258 = DIRECTION('',(-1.,0.,0.));
#259 = PCURVE('',#155,#260);
#260 = DEFINITIONAL_REPRESENTATION('',(#261),#264);
#261 = B_SPLINE_CURVE_WITH_KNOTS('',1,(#262,#263),.UNSPECIFIED.,.F.,.F.,
  (2,2),(-40.,10.),.PIECEWISE_BEZIER_KNOTS.);
#262 = CARTESIAN_POINT('',(25.,-1.604946055186E-15));
#263 = CARTESIAN_POINT('',(-25.,-1.604946055186E-15));
#264 = ( GEOMETRIC_REPRESENTATION_CONTEXT(2)
PARAMETRIC_REPRESENTATION_CONTEXT() REPRESENTATION_CONTEXT('2D SPACE',''
  ) );
#265 = PCURVE('',#183,#266);
#266 = DEFINITIONAL_REPRESENTATION('',(#267),#270);
#267 = B_SPLINE_CURVE_WITH_KNOTS('',1,(#268,#269),.UNSPECIFIED.,.F.,.F.,
  (2,2),(-40.,10.),.PIECEWISE_BEZIER_KNOTS.);
#268 = CARTESIAN_POINT('',(61.,55.));
#269 = CARTESIAN_POINT('',(61.,5.));
#270 = ( GEOMETRIC_REPRESENTATION_CONTEXT(2)
PARAMETRIC_REPRESENTATION_CONTEXT() REPRESENTATION_CONTEXT('2D SPACE',''
  ) );
#271 = ORIENTED_EDGE('',*,*,#131,.T.);
#272 = ORIENTED_EDGE('',*,*,#273,.F.);
#273 = EDGE_CURVE('',#274,#134,#276,.T.);
#274 = VERTEX_POINT('',#275);
#275 = CARTESIAN_POINT('',(-9.,1.496239789744E-15,-4.));
#276 = SURFACE_CURVE('',#277,(#281,#287),.PCURVE_S1.);
#277 = LINE('',#278,#279);
#278 = CARTESIAN_POINT('',(-15.,0.,-4.));
#279 = VECTOR('',#280,1.);
#280 = DIRECTION('',(-1.,0.,0.));
#281 = PCURVE('',#155,#282);
#282 = DEFINITIONAL_REPRESENTATION('',(#283),#286);
#283 = B_SPLINE_CURVE_WITH_KNOTS('',1,(#284,#285),.UNSPECIFIED.,.F.,.F.,
  (2,2),(-40.,10.),.PIECEWISE_BEZIER_KNOTS.);
#284 = CARTESIAN_POINT('',(25.,-1.604946055186E-15));
#285 = CARTESIAN_POINT('',(-25.,-1.604946055186E-15));
#286 = ( GEOMETRIC_REPRESENTATION_CONTEXT(2)
PARAMETRIC_REPRESENTATION_CONTEXT() REPRESENTATION_CONTEXT('2D SPACE',''
  ) );
#287 = PCURVE('',#237,#288);
#288 = DEFINITIONAL_REPRESENTATION('',(#289),#292);
#289 = B_SPLINE_CURVE_WITH_KNOTS('',1,(#290,#291),.UNSPECIFIED.,.F.,.F.,
  (2,2),(-40.,10.),.PIECEWISE_BEZIER_KNOTS.);
#290 = CARTESIAN_POINT('',(61.,55.));
#291 = CARTESIAN_POINT('',(61.,5.));
#292 = ( GEOMETRIC_REPRESENTATION_CONTEXT(2)
PARAMETRIC_REPRESENTATION_CONTEXT() REPRESENTATION_CONTEXT('2D SPACE',''
  ) );
#293 = ORIENTED_EDGE('',*,*,#294,.F.);
#294 = EDGE_CURVE('',#252,#274,#295,.T.);
#295 = SURFACE_CURVE('',#296,(#301,#308),.PCURVE_S1.);
#296 = CIRCLE('',#297,9.);
#297 = AXIS2_PLACEMENT_3D('',#298,#299,#300);
#298 = CARTESIAN_POINT('',(1.183664092268E-13,3.940576705119E-16,-4.));
#299 = DIRECTION('',(0.,0.,1.));
#300 = DIRECTION('',(1.,0.,0.));
#301 = PCURVE('',#155,#302);
#302 = DEFINITIONAL_REPRESENTATION('',(#303),#307);
#303 = CIRCLE('',#304,9.);
#304 = AXIS2_PLACEMENT_2D('',#305,#306);
#305 = CARTESIAN_POINT('',(1.192415709116E-13,-1.210888384674E-15));
#306 = DIRECTION('',(1.,0.));
#307 = ( GEOMETRIC_REPRESENTATION_CONTEXT(2)
PARAMETRIC_REPRESENTATION_CONTEXT() REPRESENTATION_CONTEXT('2D SPACE',''
  ) );
#308 = PCURVE('',#309,#314);
#309 = CYLINDRICAL_SURFACE('',#310,9.);
#310 = AXIS2_PLACEMENT_3D('',#311,#312,#313);
#311 = CARTESIAN_POINT('',(1.183664092268E-13,3.940576705119E-16,-4.));
#312 = DIRECTION('',(-0.,-0.,-1.));
#313 = DIRECTION('',(1.,0.,0.));
#314 = DEFINITIONAL_REPRESENTATION('',(#315),#319);
#315 = LINE('',#316,#317);
#316 = CARTESIAN_POINT('',(-0.,0.));
#317 = VECTOR('',#318,1.);
#318 = DIRECTION('',(-1.,0.));
#319 = ( GEOMETRIC_REPRESENTATION_CONTEXT(2)
PARAMETRIC_REPRESENTATION_CONTEXT() REPRESENTATION_CONTEXT('2D SPACE',''
  ) );
#320 = ADVANCED_FACE('',(#321),#237,.F.);
#321 = FACE_BOUND('',#322,.F.);
#322 = EDGE_LOOP('',(#323,#324,#345,#364));
#323 = ORIENTED_EDGE('',*,*,#224,.F.);
#324 = ORIENTED_EDGE('',*,*,#325,.F.);
#325 = EDGE_CURVE('',#326,#196,#328,.T.);
#326 = VERTEX_POINT('',#327);
#327 = CARTESIAN_POINT('',(-9.,1.496239789744E-15,0.));
#328 = SURFACE_CURVE('',#329,(#333,#339),.PCURVE_S1.);
#329 = LINE('',#330,#331);
#330 = CARTESIAN_POINT('',(-15.,0.,0.));
#331 = VECTOR('',#332,1.);
#332 = DIRECTION('',(-1.,0.,0.));
#333 = PCURVE('',#237,#334);
#334 = DEFINITIONAL_REPRESENTATION('',(#335),#338);
#335 = B_SPLINE_CURVE_WITH_KNOTS('',1,(#336,#337),.UNSPECIFIED.,.F.,.F.,
  (2,2),(-40.,10.),.PIECEWISE_BEZIER_KNOTS.);
#336 = CARTESIAN_POINT('',(65.,55.));
#337 = CARTESIAN_POINT('',(65.,5.));
#338 = ( GEOMETRIC_REPRESENTATION_CONTEXT(2)
PARAMETRIC_REPRESENTATION_CONTEXT() REPRESENTATION_CONTEXT('2D SPACE',''
  ) );
#339 = PCURVE('',#212,#340);
#340 = DEFINITIONAL_REPRESENTATION('',(#341),#344);
#341 = B_SPLINE_CURVE_WITH_KNOTS('',1,(#342,#343),.UNSPECIFIED.,.F.,.F.,
  (2,2),(-40.,10.),.PIECEWISE_BEZIER_KNOTS.);
#342 = CARTESIAN_POINT('',(25.,-1.604946055186E-15));
#343 = CARTESIAN_POINT('',(-25.,-1.604946055186E-15));
#344 = ( GEOMETRIC_REPRESENTATION_CONTEXT(2)
PARAMETRIC_REPRESENTATION_CONTEXT() REPRESENTATION_CONTEXT('2D SPACE',''
  ) );
#345 = ORIENTED_EDGE('',*,*,#346,.T.);
#346 = EDGE_CURVE('',#326,#274,#347,.T.);
#347 = SURFACE_CURVE('',#348,(#352,#358),.PCURVE_S1.);
#348 = LINE('',#349,#350);
#349 = CARTESIAN_POINT('',(-9.,0.,-4.));
#350 = VECTOR('',#351,1.);
#351 = DIRECTION('',(-0.,-0.,-1.));
#352 = PCURVE('',#237,#353);
#353 = DEFINITIONAL_REPRESENTATION('',(#354),#357);
#354 = B_SPLINE_CURVE_WITH_KNOTS('',1,(#355,#356),.UNSPECIFIED.,.F.,.F.,
  (2,2),(-4.0000006,5.999999999062E-07),.PIECEWISE_BEZIER_KNOTS.);
#355 = CARTESIAN_POINT('',(65.0000006,21.));
#356 = CARTESIAN_POINT('',(60.9999994,21.));
#357 = ( GEOMETRIC_REPRESENTATION_CONTEXT(2)
PARAMETRIC_REPRESENTATION_CONTEXT() REPRESENTATION_CONTEXT('2D SPACE',''
  ) );
#358 = PCURVE('',#309,#359);
#359 = DEFINITIONAL_REPRESENTATION('',(#360),#363);
#360 = B_SPLINE_CURVE_WITH_KNOTS('',1,(#361,#362),.UNSPECIFIED.,.F.,.F.,
  (2,2),(-4.0000006,5.999999999062E-07),.PIECEWISE_BEZIER_KNOTS.);
#361 = CARTESIAN_POINT('',(-3.14159265359,-4.0000006));
#362 = CARTESIAN_POINT('',(-3.14159265359,5.999999999062E-07));
#363 = ( GEOMETRIC_REPRESENTATION_CONTEXT(2)
PARAMETRIC_REPRESENTATION_CONTEXT() REPRESENTATION_CONTEXT('2D SPACE',''
  ) );
#364 = ORIENTED_EDGE('',*,*,#273,.T.);
#365 = ADVANCED_FACE('',(#366),#212,.T.);
#366 = FACE_BOUND('',#367,.T.);
#367 = EDGE_LOOP('',(#368,#389,#390,#391));
#368 = ORIENTED_EDGE('',*,*,#369,.F.);
#369 = EDGE_CURVE('',#168,#370,#372,.T.);
#370 = VERTEX_POINT('',#371);
#371 = CARTESIAN_POINT('',(9.,3.940576705119E-16,0.));
#372 = SURFACE_CURVE('',#373,(#377,#383),.PCURVE_S1.);
#373 = LINE('',#374,#375);
#374 = CARTESIAN_POINT('',(-15.,0.,0.));
#375 = VECTOR('',#376,1.);
#376 = DIRECTION('',(-1.,0.,0.));
#377 = PCURVE('',#212,#378);
#378 = DEFINITIONAL_REPRESENTATION('',(#379),#382);
#379 = B_SPLINE_CURVE_WITH_KNOTS('',1,(#380,#381),.UNSPECIFIED.,.F.,.F.,
  (2,2),(-40.,10.),.PIECEWISE_BEZIER_KNOTS.);
#380 = CARTESIAN_POINT('',(25.,-1.604946055186E-15));
#381 = CARTESIAN_POINT('',(-25.,-1.604946055186E-15));
#382 = ( GEOMETRIC_REPRESENTATION_CONTEXT(2)
PARAMETRIC_REPRESENTATION_CONTEXT() REPRESENTATION_CONTEXT('2D SPACE',''
  ) );
#383 = PCURVE('',#183,#384);
#384 = DEFINITIONAL_REPRESENTATION('',(#385),#388);
#385 = B_SPLINE_CURVE_WITH_KNOTS('',1,(#386,#387),.UNSPECIFIED.,.F.,.F.,
  (2,2),(-40.,10.),.PIECEWISE_BEZIER_KNOTS.);
#386 = CARTESIAN_POINT('',(65.,55.));
#387 = CARTESIAN_POINT('',(65.,5.));
#388 = ( GEOMETRIC_REPRESENTATION_CONTEXT(2)
PARAMETRIC_REPRESENTATION_CONTEXT() REPRESENTATION_CONTEXT('2D SPACE',''
  ) );
#389 = ORIENTED_EDGE('',*,*,#195,.T.);
#390 = ORIENTED_EDGE('',*,*,#325,.F.);
#391 = ORIENTED_EDGE('',*,*,#392,.F.);
#392 = EDGE_CURVE('',#370,#326,#393,.T.);
#393 = SURFACE_CURVE('',#394,(#399,#406),.PCURVE_S1.);
#394 = CIRCLE('',#395,9.);
#395 = AXIS2_PLACEMENT_3D('',#396,#397,#398);
#396 = CARTESIAN_POINT('',(1.183664092268E-13,3.940576705119E-16,0.));
#397 = DIRECTION('',(0.,0.,1.));
#398 = DIRECTION('',(1.,0.,0.));
#399 = PCURVE('',#212,#400);
#400 = DEFINITIONAL_REPRESENTATION('',(#401),#405);
#401 = CIRCLE('',#402,9.);
#402 = AXIS2_PLACEMENT_2D('',#403,#404);
#403 = CARTESIAN_POINT('',(1.192415709116E-13,-1.210888384674E-15));
#404 = DIRECTION('',(1.,0.));
#405 = ( GEOMETRIC_REPRESENTATION_CONTEXT(2)
PARAMETRIC_REPRESENTATION_CONTEXT() REPRESENTATION_CONTEXT('2D SPACE',''
  ) );
#406 = PCURVE('',#309,#407);
#407 = DEFINITIONAL_REPRESENTATION('',(#408),#412);
#408 = LINE('',#409,#410);
#409 = CARTESIAN_POINT('',(-0.,-4.));
#410 = VECTOR('',#411,1.);
#411 = DIRECTION('',(-1.,0.));
#412 = ( GEOMETRIC_REPRESENTATION_CONTEXT(2)
PARAMETRIC_REPRESENTATION_CONTEXT() REPRESENTATION_CONTEXT('2D SPACE',''
  ) );
#413 = ADVANCED_FACE('',(#414),#183,.F.);
#414 = FACE_BOUND('',#415,.F.);
#415 = EDGE_LOOP('',(#416,#417,#418,#439));
#416 = ORIENTED_EDGE('',*,*,#167,.F.);
#417 = ORIENTED_EDGE('',*,*,#251,.T.);
#418 = ORIENTED_EDGE('',*,*,#419,.T.);
#419 = EDGE_CURVE('',#252,#370,#420,.T.);
#420 = SURFACE_CURVE('',#421,(#425,#432),.PCURVE_S1.);
#421 = LINE('',#422,#423);
#422 = CARTESIAN_POINT('',(9.,3.940576705119E-16,-4.));
#423 = VECTOR('',#424,1.);
#424 = DIRECTION('',(0.,0.,1.));
#425 = PCURVE('',#183,#426);
#426 = DEFINITIONAL_REPRESENTATION('',(#427),#431);
#427 = LINE('',#428,#429);
#428 = CARTESIAN_POINT('',(61.,39.));
#429 = VECTOR('',#430,1.);
#430 = DIRECTION('',(1.,0.));
#431 = ( GEOMETRIC_REPRESENTATION_CONTEXT(2)
PARAMETRIC_REPRESENTATION_CONTEXT() REPRESENTATION_CONTEXT('2D SPACE',''
  ) );
#432 = PCURVE('',#309,#433);
#433 = DEFINITIONAL_REPRESENTATION('',(#434),#438);
#434 = LINE('',#435,#436);
#435 = CARTESIAN_POINT('',(-0.,0.));
#436 = VECTOR('',#437,1.);
#437 = DIRECTION('',(-0.,-1.));
#438 = ( GEOMETRIC_REPRESENTATION_CONTEXT(2)
PARAMETRIC_REPRESENTATION_CONTEXT() REPRESENTATION_CONTEXT('2D SPACE',''
  ) );
#439 = ORIENTED_EDGE('',*,*,#369,.F.);
#440 = ADVANCED_FACE('',(#441),#309,.F.);
#441 = FACE_BOUND('',#442,.T.);
#442 = EDGE_LOOP('',(#443,#444,#445,#446));
#443 = ORIENTED_EDGE('',*,*,#294,.F.);
#444 = ORIENTED_EDGE('',*,*,#419,.T.);
#445 = ORIENTED_EDGE('',*,*,#392,.T.);
#446 = ORIENTED_EDGE('',*,*,#346,.T.);
#447 = ( GEOMETRIC_REPRESENTATION_CONTEXT(3)
GLOBAL_UNCERTAINTY_ASSIGNED_CONTEXT((#451)) GLOBAL_UNIT_ASSIGNED_CONTEXT
((#448,#449,#450)) REPRESENTATION_CONTEXT('Context #1',
  '3D Context with UNIT and UNCERTAINTY') );
#448 = ( LENGTH_UNIT() NAMED_UNIT(*) SI_UNIT(.MILLI.,.METRE.) );
#449 = ( NAMED_UNIT(*) PLANE_ANGLE_UNIT() SI_UNIT($,.RADIAN.) );
#450 = ( NAMED_UNIT(*) SI_UNIT($,.STERADIAN.) SOLID_ANGLE_UNIT() );
#451 = UNCERTAINTY_MEASURE_WITH_UNIT(LENGTH_MEASURE(2.E-07),#448,
  'distance_accuracy_value','confusion accuracy');
#452 = CONTEXT_DEPENDENT_SHAPE_REPRESENTATION(#453,#455);
#453 = ( REPRESENTATION_RELATIONSHIP('','',#124,#10)
REPRESENTATION_RELATIONSHIP_WITH_TRANSFORMATION(#454)
SHAPE_REPRESENTATION_RELATIONSHIP() );
#454 = ITEM_DEFINED_TRANSFORMATION('','',#11,#15);
#455 = PRODUCT_DEFINITION_SHAPE('Placement','Placement of an item',#456
  );
#456 = NEXT_ASSEMBLY_USAGE_OCCURRENCE('146','','',#5,#119,$);
#457 = PRODUCT_RELATED_PRODUCT_CATEGORY('part',$,(#121));
#458 = SHAPE_DEFINITION_REPRESENTATION(#459,#465);
#459 = PRODUCT_DEFINITION_SHAPE('','',#460);
#460 = PRODUCT_DEFINITION('design','',#461,#464);
#461 = PRODUCT_DEFINITION_FORMATION('','',#462);
#462 = PRODUCT('Open CASCADE STEP translator 7.8 6.2',
  'Open CASCADE STEP translator 7.8 6.2','',(#463));
#463 = PRODUCT_CONTEXT('',#2,'mechanical');
#464 = PRODUCT_DEFINITION_CONTEXT('part definition',#2,'design');
#465 = ADVANCED_BREP_SHAPE_REPRESENTATION('',(#11,#466),#1325);
#466 = MANIFOLD_SOLID_BREP('',#467);
#467 = CLOSED_SHELL('',(#468,#588,#661,#888,#938,#1118,#1150,#1178,#1206
    ,#1234,#1262,#1290,#1318));
#468 = ADVANCED_FACE('',(#469),#484,.T.);
#469 = FACE_BOUND('',#470,.F.);
#470 = EDGE_LOOP('',(#471,#507,#535,#564));
#471 = ORIENTED_EDGE('',*,*,#472,.F.);
#472 = EDGE_CURVE('',#473,#475,#477,.T.);
#473 = VERTEX_POINT('',#474);
#474 = CARTESIAN_POINT('',(14.,0.,-24.));
#475 = VERTEX_POINT('',#476);
#476 = CARTESIAN_POINT('',(-14.,1.714505518806E-15,-24.));
#477 = SURFACE_CURVE('',#478,(#483,#495),.PCURVE_S1.);
#478 = CIRCLE('',#479,14.);
#479 = AXIS2_PLACEMENT_3D('',#480,#481,#482);
#480 = CARTESIAN_POINT('',(0.,0.,-24.));
#481 = DIRECTION('',(0.,0.,1.));
#482 = DIRECTION('',(1.,0.,0.));
#483 = PCURVE('',#484,#489);
#484 = CYLINDRICAL_SURFACE('',#485,14.);
#485 = AXIS2_PLACEMENT_3D('',#486,#487,#488);
#486 = CARTESIAN_POINT('',(0.,0.,-24.));
#487 = DIRECTION('',(-0.,-0.,-1.));
#488 = DIRECTION('',(1.,0.,0.));
#489 = DEFINITIONAL_REPRESENTATION('',(#490),#494);
#490 = LINE('',#491,#492);
#491 = CARTESIAN_POINT('',(-0.,0.));
#492 = VECTOR('',#493,1.);
#493 = DIRECTION('',(-1.,0.));
#494 = ( GEOMETRIC_REPRESENTATION_CONTEXT(2)
PARAMETRIC_REPRESENTATION_CONTEXT() REPRESENTATION_CONTEXT('2D SPACE',''
  ) );
#495 = PCURVE('',#496,#501);
#496 = PLANE('',#497);
#497 = AXIS2_PLACEMENT_3D('',#498,#499,#500);
#498 = CARTESIAN_POINT('',(-7.813943614511E-16,9.912868833001E-16,-24.)
  );
#499 = DIRECTION('',(0.,0.,1.));
#500 = DIRECTION('',(1.,0.,-0.));
#501 = DEFINITIONAL_REPRESENTATION('',(#502),#506);
#502 = CIRCLE('',#503,14.);
#503 = AXIS2_PLACEMENT_2D('',#504,#505);
#504 = CARTESIAN_POINT('',(7.813943614511E-16,-9.912868833001E-16));
#505 = DIRECTION('',(1.,0.));
#506 = ( GEOMETRIC_REPRESENTATION_CONTEXT(2)
PARAMETRIC_REPRESENTATION_CONTEXT() REPRESENTATION_CONTEXT('2D SPACE',''
  ) );
#507 = ORIENTED_EDGE('',*,*,#508,.T.);
#508 = EDGE_CURVE('',#473,#509,#511,.T.);
#509 = VERTEX_POINT('',#510);
#510 = CARTESIAN_POINT('',(14.,0.,-5.3));
#511 = SURFACE_CURVE('',#512,(#516,#523),.PCURVE_S1.);
#512 = LINE('',#513,#514);
#513 = CARTESIAN_POINT('',(14.,0.,-24.));
#514 = VECTOR('',#515,1.);
#515 = DIRECTION('',(0.,0.,1.));
#516 = PCURVE('',#484,#517);
#517 = DEFINITIONAL_REPRESENTATION('',(#518),#522);
#518 = LINE('',#519,#520);
#519 = CARTESIAN_POINT('',(-0.,0.));
#520 = VECTOR('',#521,1.);
#521 = DIRECTION('',(-0.,-1.));
#522 = ( GEOMETRIC_REPRESENTATION_CONTEXT(2)
PARAMETRIC_REPRESENTATION_CONTEXT() REPRESENTATION_CONTEXT('2D SPACE',''
  ) );
#523 = PCURVE('',#524,#529);
#524 = PLANE('',#525);
#525 = AXIS2_PLACEMENT_3D('',#526,#527,#528);
#526 = CARTESIAN_POINT('',(-30.,0.,-65.));
#527 = DIRECTION('',(0.,1.,0.));
#528 = DIRECTION('',(0.,0.,1.));
#529 = DEFINITIONAL_REPRESENTATION('',(#530),#534);
#530 = LINE('',#531,#532);
#531 = CARTESIAN_POINT('',(41.,44.));
#532 = VECTOR('',#533,1.);
#533 = DIRECTION('',(1.,0.));
#534 = ( GEOMETRIC_REPRESENTATION_CONTEXT(2)
PARAMETRIC_REPRESENTATION_CONTEXT() REPRESENTATION_CONTEXT('2D SPACE',''
  ) );
#535 = ORIENTED_EDGE('',*,*,#536,.T.);
#536 = EDGE_CURVE('',#509,#537,#539,.T.);
#537 = VERTEX_POINT('',#538);
#538 = CARTESIAN_POINT('',(-14.,1.714505518806E-15,-5.3));
#539 = SURFACE_CURVE('',#540,(#545,#552),.PCURVE_S1.);
#540 = CIRCLE('',#541,14.);
#541 = AXIS2_PLACEMENT_3D('',#542,#543,#544);
#542 = CARTESIAN_POINT('',(0.,0.,-5.3));
#543 = DIRECTION('',(0.,0.,1.));
#544 = DIRECTION('',(1.,0.,0.));
#545 = PCURVE('',#484,#546);
#546 = DEFINITIONAL_REPRESENTATION('',(#547),#551);
#547 = LINE('',#548,#549);
#548 = CARTESIAN_POINT('',(-0.,-18.7));
#549 = VECTOR('',#550,1.);
#550 = DIRECTION('',(-1.,0.));
#551 = ( GEOMETRIC_REPRESENTATION_CONTEXT(2)
PARAMETRIC_REPRESENTATION_CONTEXT() REPRESENTATION_CONTEXT('2D SPACE',''
  ) );
#552 = PCURVE('',#553,#558);
#553 = CYLINDRICAL_SURFACE('',#554,14.);
#554 = AXIS2_PLACEMENT_3D('',#555,#556,#557);
#555 = CARTESIAN_POINT('',(0.,0.,-24.));
#556 = DIRECTION('',(-0.,-0.,-1.));
#557 = DIRECTION('',(1.,0.,0.));
#558 = DEFINITIONAL_REPRESENTATION('',(#559),#563);
#559 = LINE('',#560,#561);
#560 = CARTESIAN_POINT('',(-0.,-18.7));
#561 = VECTOR('',#562,1.);
#562 = DIRECTION('',(-1.,0.));
#563 = ( GEOMETRIC_REPRESENTATION_CONTEXT(2)
PARAMETRIC_REPRESENTATION_CONTEXT() REPRESENTATION_CONTEXT('2D SPACE',''
  ) );
#564 = ORIENTED_EDGE('',*,*,#565,.T.);
#565 = EDGE_CURVE('',#537,#475,#566,.T.);
#566 = SURFACE_CURVE('',#567,(#571,#577),.PCURVE_S1.);
#567 = LINE('',#568,#569);
#568 = CARTESIAN_POINT('',(-14.,0.,-24.));
#569 = VECTOR('',#570,1.);
#570 = DIRECTION('',(-0.,-0.,-1.));
#571 = PCURVE('',#484,#572);
#572 = DEFINITIONAL_REPRESENTATION('',(#573),#576);
#573 = B_SPLINE_CURVE_WITH_KNOTS('',1,(#574,#575),.UNSPECIFIED.,.F.,.F.,
  (2,2),(-18.7000006,5.999999999062E-07),.PIECEWISE_BEZIER_KNOTS.);
#574 = CARTESIAN_POINT('',(-3.14159265359,-18.7000006));
#575 = CARTESIAN_POINT('',(-3.14159265359,5.999999999062E-07));
#576 = ( GEOMETRIC_REPRESENTATION_CONTEXT(2)
PARAMETRIC_REPRESENTATION_CONTEXT() REPRESENTATION_CONTEXT('2D SPACE',''
  ) );
#577 = PCURVE('',#578,#583);
#578 = PLANE('',#579);
#579 = AXIS2_PLACEMENT_3D('',#580,#581,#582);
#580 = CARTESIAN_POINT('',(-30.,0.,-65.));
#581 = DIRECTION('',(0.,1.,0.));
#582 = DIRECTION('',(0.,0.,1.));
#583 = DEFINITIONAL_REPRESENTATION('',(#584),#587);
#584 = B_SPLINE_CURVE_WITH_KNOTS('',1,(#585,#586),.UNSPECIFIED.,.F.,.F.,
  (2,2),(-18.7000006,5.999999999062E-07),.PIECEWISE_BEZIER_KNOTS.);
#585 = CARTESIAN_POINT('',(59.7000006,16.));
#586 = CARTESIAN_POINT('',(40.9999994,16.));
#587 = ( GEOMETRIC_REPRESENTATION_CONTEXT(2)
PARAMETRIC_REPRESENTATION_CONTEXT() REPRESENTATION_CONTEXT('2D SPACE',''
  ) );
#588 = ADVANCED_FACE('',(#589),#496,.F.);
#589 = FACE_BOUND('',#590,.F.);
#590 = EDGE_LOOP('',(#591,#612,#613,#634));
#591 = ORIENTED_EDGE('',*,*,#592,.F.);
#592 = EDGE_CURVE('',#473,#593,#595,.T.);
#593 = VERTEX_POINT('',#594);
#594 = CARTESIAN_POINT('',(12.5,2.988929885866E-16,-24.));
#595 = SURFACE_CURVE('',#596,(#600,#606),.PCURVE_S1.);
#596 = LINE('',#597,#598);
#597 = CARTESIAN_POINT('',(-15.,0.,-24.));
#598 = VECTOR('',#599,1.);
#599 = DIRECTION('',(-1.,0.,0.));
#600 = PCURVE('',#496,#601);
#601 = DEFINITIONAL_REPRESENTATION('',(#602),#605);
#602 = B_SPLINE_CURVE_WITH_KNOTS('',1,(#603,#604),.UNSPECIFIED.,.F.,.F.,
  (2,2),(-29.,-1.),.PIECEWISE_BEZIER_KNOTS.);
#603 = CARTESIAN_POINT('',(14.,-9.912868833001E-16));
#604 = CARTESIAN_POINT('',(-14.,-9.912868833001E-16));
#605 = ( GEOMETRIC_REPRESENTATION_CONTEXT(2)
PARAMETRIC_REPRESENTATION_CONTEXT() REPRESENTATION_CONTEXT('2D SPACE',''
  ) );
#606 = PCURVE('',#524,#607);
#607 = DEFINITIONAL_REPRESENTATION('',(#608),#611);
#608 = B_SPLINE_CURVE_WITH_KNOTS('',1,(#609,#610),.UNSPECIFIED.,.F.,.F.,
  (2,2),(-29.,-1.),.PIECEWISE_BEZIER_KNOTS.);
#609 = CARTESIAN_POINT('',(41.,44.));
#610 = CARTESIAN_POINT('',(41.,16.));
#611 = ( GEOMETRIC_REPRESENTATION_CONTEXT(2)
PARAMETRIC_REPRESENTATION_CONTEXT() REPRESENTATION_CONTEXT('2D SPACE',''
  ) );
#612 = ORIENTED_EDGE('',*,*,#472,.T.);
#613 = ORIENTED_EDGE('',*,*,#614,.F.);
#614 = EDGE_CURVE('',#615,#475,#617,.T.);
#615 = VERTEX_POINT('',#616);
#616 = CARTESIAN_POINT('',(-12.5,1.829701487521E-15,-24.));
#617 = SURFACE_CURVE('',#618,(#622,#628),.PCURVE_S1.);
#618 = LINE('',#619,#620);
#619 = CARTESIAN_POINT('',(-15.,0.,-24.));
#620 = VECTOR('',#621,1.);
#621 = DIRECTION('',(-1.,0.,0.));
#622 = PCURVE('',#496,#623);
#623 = DEFINITIONAL_REPRESENTATION('',(#624),#627);
#624 = B_SPLINE_CURVE_WITH_KNOTS('',1,(#625,#626),.UNSPECIFIED.,.F.,.F.,
  (2,2),(-29.,-1.),.PIECEWISE_BEZIER_KNOTS.);
#625 = CARTESIAN_POINT('',(14.,-9.912868833001E-16));
#626 = CARTESIAN_POINT('',(-14.,-9.912868833001E-16));
#627 = ( GEOMETRIC_REPRESENTATION_CONTEXT(2)
PARAMETRIC_REPRESENTATION_CONTEXT() REPRESENTATION_CONTEXT('2D SPACE',''
  ) );
#628 = PCURVE('',#578,#629);
#629 = DEFINITIONAL_REPRESENTATION('',(#630),#633);
#630 = B_SPLINE_CURVE_WITH_KNOTS('',1,(#631,#632),.UNSPECIFIED.,.F.,.F.,
  (2,2),(-29.,-1.),.PIECEWISE_BEZIER_KNOTS.);
#631 = CARTESIAN_POINT('',(41.,44.));
#632 = CARTESIAN_POINT('',(41.,16.));
#633 = ( GEOMETRIC_REPRESENTATION_CONTEXT(2)
PARAMETRIC_REPRESENTATION_CONTEXT() REPRESENTATION_CONTEXT('2D SPACE',''
  ) );
#634 = ORIENTED_EDGE('',*,*,#635,.F.);
#635 = EDGE_CURVE('',#593,#615,#636,.T.);
#636 = SURFACE_CURVE('',#637,(#642,#649),.PCURVE_S1.);
#637 = CIRCLE('',#638,12.5);
#638 = AXIS2_PLACEMENT_3D('',#639,#640,#641);
#639 = CARTESIAN_POINT('',(6.589795688064E-14,2.988929885866E-16,-24.));
#640 = DIRECTION('',(0.,0.,1.));
#641 = DIRECTION('',(1.,0.,0.));
#642 = PCURVE('',#496,#643);
#643 = DEFINITIONAL_REPRESENTATION('',(#644),#648);
#644 = CIRCLE('',#645,12.5);
#645 = AXIS2_PLACEMENT_2D('',#646,#647);
#646 = CARTESIAN_POINT('',(6.667935124209E-14,-6.923938947135E-16));
#647 = DIRECTION('',(1.,0.));
#648 = ( GEOMETRIC_REPRESENTATION_CONTEXT(2)
PARAMETRIC_REPRESENTATION_CONTEXT() REPRESENTATION_CONTEXT('2D SPACE',''
  ) );
#649 = PCURVE('',#650,#655);
#650 = CYLINDRICAL_SURFACE('',#651,12.5);
#651 = AXIS2_PLACEMENT_3D('',#652,#653,#654);
#652 = CARTESIAN_POINT('',(6.589795688064E-14,2.988929885866E-16,-24.));
#653 = DIRECTION('',(-0.,-0.,-1.));
#654 = DIRECTION('',(1.,0.,0.));
#655 = DEFINITIONAL_REPRESENTATION('',(#656),#660);
#656 = LINE('',#657,#658);
#657 = CARTESIAN_POINT('',(-0.,0.));
#658 = VECTOR('',#659,1.);
#659 = DIRECTION('',(-1.,0.));
#660 = ( GEOMETRIC_REPRESENTATION_CONTEXT(2)
PARAMETRIC_REPRESENTATION_CONTEXT() REPRESENTATION_CONTEXT('2D SPACE',''
  ) );
#661 = ADVANCED_FACE('',(#662),#578,.F.);
#662 = FACE_BOUND('',#663,.F.);
#663 = EDGE_LOOP('',(#664,#665,#686,#712,#738,#764,#790,#816,#842,#868,
    #887));
#664 = ORIENTED_EDGE('',*,*,#565,.F.);
#665 = ORIENTED_EDGE('',*,*,#666,.F.);
#666 = EDGE_CURVE('',#667,#537,#669,.T.);
#667 = VERTEX_POINT('',#668);
#668 = CARTESIAN_POINT('',(-14.,1.714505518806E-15,-4.7));
#669 = SURFACE_CURVE('',#670,(#674,#680),.PCURVE_S1.);
#670 = LINE('',#671,#672);
#671 = CARTESIAN_POINT('',(-14.,0.,-24.));
#672 = VECTOR('',#673,1.);
#673 = DIRECTION('',(-0.,-0.,-1.));
#674 = PCURVE('',#578,#675);
#675 = DEFINITIONAL_REPRESENTATION('',(#676),#679);
#676 = B_SPLINE_CURVE_WITH_KNOTS('',1,(#677,#678),.UNSPECIFIED.,.F.,.F.,
  (2,2),(-19.3000006,-18.6999994),.PIECEWISE_BEZIER_KNOTS.);
#677 = CARTESIAN_POINT('',(60.3000006,16.));
#678 = CARTESIAN_POINT('',(59.6999994,16.));
#679 = ( GEOMETRIC_REPRESENTATION_CONTEXT(2)
PARAMETRIC_REPRESENTATION_CONTEXT() REPRESENTATION_CONTEXT('2D SPACE',''
  ) );
#680 = PCURVE('',#553,#681);
#681 = DEFINITIONAL_REPRESENTATION('',(#682),#685);
#682 = B_SPLINE_CURVE_WITH_KNOTS('',1,(#683,#684),.UNSPECIFIED.,.F.,.F.,
  (2,2),(-19.3000006,-18.6999994),.PIECEWISE_BEZIER_KNOTS.);
#683 = CARTESIAN_POINT('',(-3.14159265359,-19.3000006));
#684 = CARTESIAN_POINT('',(-3.14159265359,-18.6999994));
#685 = ( GEOMETRIC_REPRESENTATION_CONTEXT(2)
PARAMETRIC_REPRESENTATION_CONTEXT() REPRESENTATION_CONTEXT('2D SPACE',''
  ) );
#686 = ORIENTED_EDGE('',*,*,#687,.F.);
#687 = EDGE_CURVE('',#688,#667,#690,.T.);
#688 = VERTEX_POINT('',#689);
#689 = CARTESIAN_POINT('',(-12.5,1.829701487521E-15,-4.7));
#690 = SURFACE_CURVE('',#691,(#695,#701),.PCURVE_S1.);
#691 = LINE('',#692,#693);
#692 = CARTESIAN_POINT('',(-15.,0.,-4.7));
#693 = VECTOR('',#694,1.);
#694 = DIRECTION('',(-1.,0.,0.));
#695 = PCURVE('',#578,#696);
#696 = DEFINITIONAL_REPRESENTATION('',(#697),#700);
#697 = B_SPLINE_CURVE_WITH_KNOTS('',1,(#698,#699),.UNSPECIFIED.,.F.,.F.,
  (2,2),(-29.,-1.),.PIECEWISE_BEZIER_KNOTS.);
#698 = CARTESIAN_POINT('',(60.3,44.));
#699 = CARTESIAN_POINT('',(60.3,16.));
#700 = ( GEOMETRIC_REPRESENTATION_CONTEXT(2)
PARAMETRIC_REPRESENTATION_CONTEXT() REPRESENTATION_CONTEXT('2D SPACE',''
  ) );
#701 = PCURVE('',#702,#707);
#702 = PLANE('',#703);
#703 = AXIS2_PLACEMENT_3D('',#704,#705,#706);
#704 = CARTESIAN_POINT('',(-7.813943614511E-16,9.912868833001E-16,-4.7)
  );
#705 = DIRECTION('',(0.,0.,1.));
#706 = DIRECTION('',(1.,0.,-0.));
#707 = DEFINITIONAL_REPRESENTATION('',(#708),#711);
#708 = B_SPLINE_CURVE_WITH_KNOTS('',1,(#709,#710),.UNSPECIFIED.,.F.,.F.,
  (2,2),(-29.,-1.),.PIECEWISE_BEZIER_KNOTS.);
#709 = CARTESIAN_POINT('',(14.,-9.912868833001E-16));
#710 = CARTESIAN_POINT('',(-14.,-9.912868833001E-16));
#711 = ( GEOMETRIC_REPRESENTATION_CONTEXT(2)
PARAMETRIC_REPRESENTATION_CONTEXT() REPRESENTATION_CONTEXT('2D SPACE',''
  ) );
#712 = ORIENTED_EDGE('',*,*,#713,.F.);
#713 = EDGE_CURVE('',#714,#688,#716,.T.);
#714 = VERTEX_POINT('',#715);
#715 = CARTESIAN_POINT('',(-8.5,1.040949779275E-15,-4.7));
#716 = SURFACE_CURVE('',#717,(#721,#727),.PCURVE_S1.);
#717 = LINE('',#718,#719);
#718 = CARTESIAN_POINT('',(-15.,0.,-4.7));
#719 = VECTOR('',#720,1.);
#720 = DIRECTION('',(-1.,0.,0.));
#721 = PCURVE('',#578,#722);
#722 = DEFINITIONAL_REPRESENTATION('',(#723),#726);
#723 = B_SPLINE_CURVE_WITH_KNOTS('',1,(#724,#725),.UNSPECIFIED.,.F.,.F.,
  (2,2),(-27.5,-2.5),.PIECEWISE_BEZIER_KNOTS.);
#724 = CARTESIAN_POINT('',(60.3,42.5));
#725 = CARTESIAN_POINT('',(60.3,17.5));
#726 = ( GEOMETRIC_REPRESENTATION_CONTEXT(2)
PARAMETRIC_REPRESENTATION_CONTEXT() REPRESENTATION_CONTEXT('2D SPACE',''
  ) );
#727 = PCURVE('',#728,#733);
#728 = PLANE('',#729);
#729 = AXIS2_PLACEMENT_3D('',#730,#731,#732);
#730 = CARTESIAN_POINT('',(-7.813943614511E-16,9.912868833001E-16,-4.7)
  );
#731 = DIRECTION('',(0.,0.,1.));
#732 = DIRECTION('',(1.,0.,-0.));
#733 = DEFINITIONAL_REPRESENTATION('',(#734),#737);
#734 = B_SPLINE_CURVE_WITH_KNOTS('',1,(#735,#736),.UNSPECIFIED.,.F.,.F.,
  (2,2),(-27.5,-2.5),.PIECEWISE_BEZIER_KNOTS.);
#735 = CARTESIAN_POINT('',(12.5,-9.912868833001E-16));
#736 = CARTESIAN_POINT('',(-12.5,-9.912868833001E-16));
#737 = ( GEOMETRIC_REPRESENTATION_CONTEXT(2)
PARAMETRIC_REPRESENTATION_CONTEXT() REPRESENTATION_CONTEXT('2D SPACE',''
  ) );
#738 = ORIENTED_EDGE('',*,*,#739,.F.);
#739 = EDGE_CURVE('',#740,#714,#742,.T.);
#740 = VERTEX_POINT('',#741);
#741 = CARTESIAN_POINT('',(-8.5,1.040949779275E-15,-0.8));
#742 = SURFACE_CURVE('',#743,(#747,#753),.PCURVE_S1.);
#743 = LINE('',#744,#745);
#744 = CARTESIAN_POINT('',(-8.5,0.,-4.7));
#745 = VECTOR('',#746,1.);
#746 = DIRECTION('',(-0.,-0.,-1.));
#747 = PCURVE('',#578,#748);
#748 = DEFINITIONAL_REPRESENTATION('',(#749),#752);
#749 = B_SPLINE_CURVE_WITH_KNOTS('',1,(#750,#751),.UNSPECIFIED.,.F.,.F.,
  (2,2),(-3.9000006,5.999999999062E-07),.PIECEWISE_BEZIER_KNOTS.);
#750 = CARTESIAN_POINT('',(64.2000006,21.5));
#751 = CARTESIAN_POINT('',(60.2999994,21.5));
#752 = ( GEOMETRIC_REPRESENTATION_CONTEXT(2)
PARAMETRIC_REPRESENTATION_CONTEXT() REPRESENTATION_CONTEXT('2D SPACE',''
  ) );
#753 = PCURVE('',#754,#759);
#754 = CYLINDRICAL_SURFACE('',#755,8.5);
#755 = AXIS2_PLACEMENT_3D('',#756,#757,#758);
#756 = CARTESIAN_POINT('',(0.,0.,-4.7));
#757 = DIRECTION('',(-0.,-0.,-1.));
#758 = DIRECTION('',(1.,0.,0.));
#759 = DEFINITIONAL_REPRESENTATION('',(#760),#763);
#760 = B_SPLINE_CURVE_WITH_KNOTS('',1,(#761,#762),.UNSPECIFIED.,.F.,.F.,
  (2,2),(-3.9000006,5.999999999062E-07),.PIECEWISE_BEZIER_KNOTS.);
#761 = CARTESIAN_POINT('',(-3.14159265359,-3.9000006));
#762 = CARTESIAN_POINT('',(-3.14159265359,5.999999999062E-07));
#763 = ( GEOMETRIC_REPRESENTATION_CONTEXT(2)
PARAMETRIC_REPRESENTATION_CONTEXT() REPRESENTATION_CONTEXT('2D SPACE',''
  ) );
#764 = ORIENTED_EDGE('',*,*,#765,.F.);
#765 = EDGE_CURVE('',#766,#740,#768,.T.);
#766 = VERTEX_POINT('',#767);
#767 = CARTESIAN_POINT('',(-7.7,4.874461529365E-16,-0.8));
#768 = SURFACE_CURVE('',#769,(#773,#779),.PCURVE_S1.);
#769 = LINE('',#770,#771);
#770 = CARTESIAN_POINT('',(-15.,0.,-0.8));
#771 = VECTOR('',#772,1.);
#772 = DIRECTION('',(-1.,0.,0.));
#773 = PCURVE('',#578,#774);
#774 = DEFINITIONAL_REPRESENTATION('',(#775),#778);
#775 = B_SPLINE_CURVE_WITH_KNOTS('',1,(#776,#777),.UNSPECIFIED.,.F.,.F.,
  (2,2),(-23.5,-6.5),.PIECEWISE_BEZIER_KNOTS.);
#776 = CARTESIAN_POINT('',(64.2,38.5));
#777 = CARTESIAN_POINT('',(64.2,21.5));
#778 = ( GEOMETRIC_REPRESENTATION_CONTEXT(2)
PARAMETRIC_REPRESENTATION_CONTEXT() REPRESENTATION_CONTEXT('2D SPACE',''
  ) );
#779 = PCURVE('',#780,#785);
#780 = PLANE('',#781);
#781 = AXIS2_PLACEMENT_3D('',#782,#783,#784);
#782 = CARTESIAN_POINT('',(-6.435012388421E-16,6.182685985047E-16,-0.8)
  );
#783 = DIRECTION('',(0.,0.,1.));
#784 = DIRECTION('',(1.,0.,-0.));
#785 = DEFINITIONAL_REPRESENTATION('',(#786),#789);
#786 = B_SPLINE_CURVE_WITH_KNOTS('',1,(#787,#788),.UNSPECIFIED.,.F.,.F.,
  (2,2),(-23.5,-6.5),.PIECEWISE_BEZIER_KNOTS.);
#787 = CARTESIAN_POINT('',(8.5,-6.182685985047E-16));
#788 = CARTESIAN_POINT('',(-8.5,-6.182685985047E-16));
#789 = ( GEOMETRIC_REPRESENTATION_CONTEXT(2)
PARAMETRIC_REPRESENTATION_CONTEXT() REPRESENTATION_CONTEXT('2D SPACE',''
  ) );
#790 = ORIENTED_EDGE('',*,*,#791,.T.);
#791 = EDGE_CURVE('',#766,#792,#794,.T.);
#792 = VERTEX_POINT('',#793);
#793 = CARTESIAN_POINT('',(-7.7,1.24187102393E-15,-4.7));
#794 = SURFACE_CURVE('',#795,(#799,#805),.PCURVE_S1.);
#795 = LINE('',#796,#797);
#796 = CARTESIAN_POINT('',(-7.7,0.,-4.7));
#797 = VECTOR('',#798,1.);
#798 = DIRECTION('',(-0.,-0.,-1.));
#799 = PCURVE('',#578,#800);
#800 = DEFINITIONAL_REPRESENTATION('',(#801),#804);
#801 = B_SPLINE_CURVE_WITH_KNOTS('',1,(#802,#803),.UNSPECIFIED.,.F.,.F.,
  (2,2),(-3.9000006,5.999999999062E-07),.PIECEWISE_BEZIER_KNOTS.);
#802 = CARTESIAN_POINT('',(64.2000006,22.3));
#803 = CARTESIAN_POINT('',(60.2999994,22.3));
#804 = ( GEOMETRIC_REPRESENTATION_CONTEXT(2)
PARAMETRIC_REPRESENTATION_CONTEXT() REPRESENTATION_CONTEXT('2D SPACE',''
  ) );
#805 = PCURVE('',#806,#811);
#806 = CYLINDRICAL_SURFACE('',#807,7.7);
#807 = AXIS2_PLACEMENT_3D('',#808,#809,#810);
#808 = CARTESIAN_POINT('',(4.068161849901E-14,-4.55531882407E-16,-4.7));
#809 = DIRECTION('',(-0.,-0.,-1.));
#810 = DIRECTION('',(1.,0.,0.));
#811 = DEFINITIONAL_REPRESENTATION('',(#812),#815);
#812 = B_SPLINE_CURVE_WITH_KNOTS('',1,(#813,#814),.UNSPECIFIED.,.F.,.F.,
  (2,2),(-3.9000006,5.999999999062E-07),.PIECEWISE_BEZIER_KNOTS.);
#813 = CARTESIAN_POINT('',(-3.14159265359,-3.9000006));
#814 = CARTESIAN_POINT('',(-3.14159265359,5.999999999062E-07));
#815 = ( GEOMETRIC_REPRESENTATION_CONTEXT(2)
PARAMETRIC_REPRESENTATION_CONTEXT() REPRESENTATION_CONTEXT('2D SPACE',''
  ) );
#816 = ORIENTED_EDGE('',*,*,#817,.T.);
#817 = EDGE_CURVE('',#792,#818,#820,.T.);
#818 = VERTEX_POINT('',#819);
#819 = CARTESIAN_POINT('',(-7.7,1.24187102393E-15,-5.3));
#820 = SURFACE_CURVE('',#821,(#825,#831),.PCURVE_S1.);
#821 = LINE('',#822,#823);
#822 = CARTESIAN_POINT('',(-7.7,0.,-5.3));
#823 = VECTOR('',#824,1.);
#824 = DIRECTION('',(-0.,-0.,-1.));
#825 = PCURVE('',#578,#826);
#826 = DEFINITIONAL_REPRESENTATION('',(#827),#830);
#827 = B_SPLINE_CURVE_WITH_KNOTS('',1,(#828,#829),.UNSPECIFIED.,.F.,.F.,
  (2,2),(-0.6000006,5.999999999062E-07),.PIECEWISE_BEZIER_KNOTS.);
#828 = CARTESIAN_POINT('',(60.3000006,22.3));
#829 = CARTESIAN_POINT('',(59.6999994,22.3));
#830 = ( GEOMETRIC_REPRESENTATION_CONTEXT(2)
PARAMETRIC_REPRESENTATION_CONTEXT() REPRESENTATION_CONTEXT('2D SPACE',''
  ) );
#831 = PCURVE('',#832,#837);
#832 = CYLINDRICAL_SURFACE('',#833,7.7);
#833 = AXIS2_PLACEMENT_3D('',#834,#835,#836);
#834 = CARTESIAN_POINT('',(6.589795688064E-14,2.988929885866E-16,-5.3));
#835 = DIRECTION('',(-0.,-0.,-1.));
#836 = DIRECTION('',(1.,0.,0.));
#837 = DEFINITIONAL_REPRESENTATION('',(#838),#841);
#838 = B_SPLINE_CURVE_WITH_KNOTS('',1,(#839,#840),.UNSPECIFIED.,.F.,.F.,
  (2,2),(-0.6000006,5.999999999062E-07),.PIECEWISE_BEZIER_KNOTS.);
#839 = CARTESIAN_POINT('',(-3.14159265359,-0.6000006));
#840 = CARTESIAN_POINT('',(-3.14159265359,5.999999999062E-07));
#841 = ( GEOMETRIC_REPRESENTATION_CONTEXT(2)
PARAMETRIC_REPRESENTATION_CONTEXT() REPRESENTATION_CONTEXT('2D SPACE',''
  ) );
#842 = ORIENTED_EDGE('',*,*,#843,.T.);
#843 = EDGE_CURVE('',#818,#844,#846,.T.);
#844 = VERTEX_POINT('',#845);
#845 = CARTESIAN_POINT('',(-12.5,-1.231915510348E-15,-5.3));
#846 = SURFACE_CURVE('',#847,(#851,#857),.PCURVE_S1.);
#847 = LINE('',#848,#849);
#848 = CARTESIAN_POINT('',(-15.,0.,-5.3));
#849 = VECTOR('',#850,1.);
#850 = DIRECTION('',(-1.,0.,0.));
#851 = PCURVE('',#578,#852);
#852 = DEFINITIONAL_REPRESENTATION('',(#853),#856);
#853 = B_SPLINE_CURVE_WITH_KNOTS('',1,(#854,#855),.UNSPECIFIED.,.F.,.F.,
  (2,2),(-27.5,-2.5),.PIECEWISE_BEZIER_KNOTS.);
#854 = CARTESIAN_POINT('',(59.7,42.5));
#855 = CARTESIAN_POINT('',(59.7,17.5));
#856 = ( GEOMETRIC_REPRESENTATION_CONTEXT(2)
PARAMETRIC_REPRESENTATION_CONTEXT() REPRESENTATION_CONTEXT('2D SPACE',''
  ) );
#857 = PCURVE('',#858,#863);
#858 = PLANE('',#859);
#859 = AXIS2_PLACEMENT_3D('',#860,#861,#862);
#860 = CARTESIAN_POINT('',(-7.813943614511E-16,9.912868833001E-16,-5.3)
  );
#861 = DIRECTION('',(0.,0.,1.));
#862 = DIRECTION('',(1.,0.,-0.));
#863 = DEFINITIONAL_REPRESENTATION('',(#864),#867);
#864 = B_SPLINE_CURVE_WITH_KNOTS('',1,(#865,#866),.UNSPECIFIED.,.F.,.F.,
  (2,2),(-27.5,-2.5),.PIECEWISE_BEZIER_KNOTS.);
#865 = CARTESIAN_POINT('',(12.5,-9.912868833001E-16));
#866 = CARTESIAN_POINT('',(-12.5,-9.912868833001E-16));
#867 = ( GEOMETRIC_REPRESENTATION_CONTEXT(2)
PARAMETRIC_REPRESENTATION_CONTEXT() REPRESENTATION_CONTEXT('2D SPACE',''
  ) );
#868 = ORIENTED_EDGE('',*,*,#869,.T.);
#869 = EDGE_CURVE('',#844,#615,#870,.T.);
#870 = SURFACE_CURVE('',#871,(#875,#881),.PCURVE_S1.);
#871 = LINE('',#872,#873);
#872 = CARTESIAN_POINT('',(-12.5,0.,-24.));
#873 = VECTOR('',#874,1.);
#874 = DIRECTION('',(-0.,-0.,-1.));
#875 = PCURVE('',#578,#876);
#876 = DEFINITIONAL_REPRESENTATION('',(#877),#880);
#877 = B_SPLINE_CURVE_WITH_KNOTS('',1,(#878,#879),.UNSPECIFIED.,.F.,.F.,
  (2,2),(-18.7000006,5.999999999062E-07),.PIECEWISE_BEZIER_KNOTS.);
#878 = CARTESIAN_POINT('',(59.7000006,17.5));
#879 = CARTESIAN_POINT('',(40.9999994,17.5));
#880 = ( GEOMETRIC_REPRESENTATION_CONTEXT(2)
PARAMETRIC_REPRESENTATION_CONTEXT() REPRESENTATION_CONTEXT('2D SPACE',''
  ) );
#881 = PCURVE('',#650,#882);
#882 = DEFINITIONAL_REPRESENTATION('',(#883),#886);
#883 = B_SPLINE_CURVE_WITH_KNOTS('',1,(#884,#885),.UNSPECIFIED.,.F.,.F.,
  (2,2),(-18.7000006,5.999999999062E-07),.PIECEWISE_BEZIER_KNOTS.);
#884 = CARTESIAN_POINT('',(-3.14159265359,-18.7000006));
#885 = CARTESIAN_POINT('',(-3.14159265359,5.999999999062E-07));
#886 = ( GEOMETRIC_REPRESENTATION_CONTEXT(2)
PARAMETRIC_REPRESENTATION_CONTEXT() REPRESENTATION_CONTEXT('2D SPACE',''
  ) );
#887 = ORIENTED_EDGE('',*,*,#614,.T.);
#888 = ADVANCED_FACE('',(#889),#553,.T.);
#889 = FACE_BOUND('',#890,.F.);
#890 = EDGE_LOOP('',(#891,#892,#915,#937));
#891 = ORIENTED_EDGE('',*,*,#536,.F.);
#892 = ORIENTED_EDGE('',*,*,#893,.T.);
#893 = EDGE_CURVE('',#509,#894,#896,.T.);
#894 = VERTEX_POINT('',#895);
#895 = CARTESIAN_POINT('',(14.,0.,-4.7));
#896 = SURFACE_CURVE('',#897,(#901,#908),.PCURVE_S1.);
#897 = LINE('',#898,#899);
#898 = CARTESIAN_POINT('',(14.,0.,-24.));
#899 = VECTOR('',#900,1.);
#900 = DIRECTION('',(0.,0.,1.));
#901 = PCURVE('',#553,#902);
#902 = DEFINITIONAL_REPRESENTATION('',(#903),#907);
#903 = LINE('',#904,#905);
#904 = CARTESIAN_POINT('',(-0.,0.));
#905 = VECTOR('',#906,1.);
#906 = DIRECTION('',(-0.,-1.));
#907 = ( GEOMETRIC_REPRESENTATION_CONTEXT(2)
PARAMETRIC_REPRESENTATION_CONTEXT() REPRESENTATION_CONTEXT('2D SPACE',''
  ) );
#908 = PCURVE('',#524,#909);
#909 = DEFINITIONAL_REPRESENTATION('',(#910),#914);
#910 = LINE('',#911,#912);
#911 = CARTESIAN_POINT('',(41.,44.));
#912 = VECTOR('',#913,1.);
#913 = DIRECTION('',(1.,0.));
#914 = ( GEOMETRIC_REPRESENTATION_CONTEXT(2)
PARAMETRIC_REPRESENTATION_CONTEXT() REPRESENTATION_CONTEXT('2D SPACE',''
  ) );
#915 = ORIENTED_EDGE('',*,*,#916,.T.);
#916 = EDGE_CURVE('',#894,#667,#917,.T.);
#917 = SURFACE_CURVE('',#918,(#923,#930),.PCURVE_S1.);
#918 = CIRCLE('',#919,14.);
#919 = AXIS2_PLACEMENT_3D('',#920,#921,#922);
#920 = CARTESIAN_POINT('',(0.,0.,-4.7));
#921 = DIRECTION('',(0.,0.,1.));
#922 = DIRECTION('',(1.,0.,0.));
#923 = PCURVE('',#553,#924);
#924 = DEFINITIONAL_REPRESENTATION('',(#925),#929);
#925 = LINE('',#926,#927);
#926 = CARTESIAN_POINT('',(-0.,-19.3));
#927 = VECTOR('',#928,1.);
#928 = DIRECTION('',(-1.,0.));
#929 = ( GEOMETRIC_REPRESENTATION_CONTEXT(2)
PARAMETRIC_REPRESENTATION_CONTEXT() REPRESENTATION_CONTEXT('2D SPACE',''
  ) );
#930 = PCURVE('',#702,#931);
#931 = DEFINITIONAL_REPRESENTATION('',(#932),#936);
#932 = CIRCLE('',#933,14.);
#933 = AXIS2_PLACEMENT_2D('',#934,#935);
#934 = CARTESIAN_POINT('',(7.813943614511E-16,-9.912868833001E-16));
#935 = DIRECTION('',(1.,0.));
#936 = ( GEOMETRIC_REPRESENTATION_CONTEXT(2)
PARAMETRIC_REPRESENTATION_CONTEXT() REPRESENTATION_CONTEXT('2D SPACE',''
  ) );
#937 = ORIENTED_EDGE('',*,*,#666,.T.);
#938 = ADVANCED_FACE('',(#939),#524,.F.);
#939 = FACE_BOUND('',#940,.F.);
#940 = EDGE_LOOP('',(#941,#942,#943,#966,#987,#1010,#1033,#1054,#1077,
    #1098,#1117));
#941 = ORIENTED_EDGE('',*,*,#508,.F.);
#942 = ORIENTED_EDGE('',*,*,#592,.T.);
#943 = ORIENTED_EDGE('',*,*,#944,.T.);
#944 = EDGE_CURVE('',#593,#945,#947,.T.);
#945 = VERTEX_POINT('',#946);
#946 = CARTESIAN_POINT('',(12.5,2.988929885866E-16,-5.3));
#947 = SURFACE_CURVE('',#948,(#952,#959),.PCURVE_S1.);
#948 = LINE('',#949,#950);
#949 = CARTESIAN_POINT('',(12.5,2.988929885866E-16,-24.));
#950 = VECTOR('',#951,1.);
#951 = DIRECTION('',(0.,0.,1.));
#952 = PCURVE('',#524,#953);
#953 = DEFINITIONAL_REPRESENTATION('',(#954),#958);
#954 = LINE('',#955,#956);
#955 = CARTESIAN_POINT('',(41.,42.5));
#956 = VECTOR('',#957,1.);
#957 = DIRECTION('',(1.,0.));
#958 = ( GEOMETRIC_REPRESENTATION_CONTEXT(2)
PARAMETRIC_REPRESENTATION_CONTEXT() REPRESENTATION_CONTEXT('2D SPACE',''
  ) );
#959 = PCURVE('',#650,#960);
#960 = DEFINITIONAL_REPRESENTATION('',(#961),#965);
#961 = LINE('',#962,#963);
#962 = CARTESIAN_POINT('',(-0.,0.));
#963 = VECTOR('',#964,1.);
#964 = DIRECTION('',(-0.,-1.));
#965 = ( GEOMETRIC_REPRESENTATION_CONTEXT(2)
PARAMETRIC_REPRESENTATION_CONTEXT() REPRESENTATION_CONTEXT('2D SPACE',''
  ) );
#966 = ORIENTED_EDGE('',*,*,#967,.T.);
#967 = EDGE_CURVE('',#945,#968,#970,.T.);
#968 = VERTEX_POINT('',#969);
#969 = CARTESIAN_POINT('',(7.7,2.988929885866E-16,-5.3));
#970 = SURFACE_CURVE('',#971,(#975,#981),.PCURVE_S1.);
#971 = LINE('',#972,#973);
#972 = CARTESIAN_POINT('',(-15.,0.,-5.3));
#973 = VECTOR('',#974,1.);
#974 = DIRECTION('',(-1.,0.,0.));
#975 = PCURVE('',#524,#976);
#976 = DEFINITIONAL_REPRESENTATION('',(#977),#980);
#977 = B_SPLINE_CURVE_WITH_KNOTS('',1,(#978,#979),.UNSPECIFIED.,.F.,.F.,
  (2,2),(-27.5,-2.5),.PIECEWISE_BEZIER_KNOTS.);
#978 = CARTESIAN_POINT('',(59.7,42.5));
#979 = CARTESIAN_POINT('',(59.7,17.5));
#980 = ( GEOMETRIC_REPRESENTATION_CONTEXT(2)
PARAMETRIC_REPRESENTATION_CONTEXT() REPRESENTATION_CONTEXT('2D SPACE',''
  ) );
#981 = PCURVE('',#858,#982);
#982 = DEFINITIONAL_REPRESENTATION('',(#983),#986);
#983 = B_SPLINE_CURVE_WITH_KNOTS('',1,(#984,#985),.UNSPECIFIED.,.F.,.F.,
  (2,2),(-27.5,-2.5),.PIECEWISE_BEZIER_KNOTS.);
#984 = CARTESIAN_POINT('',(12.5,-9.912868833001E-16));
#985 = CARTESIAN_POINT('',(-12.5,-9.912868833001E-16));
#986 = ( GEOMETRIC_REPRESENTATION_CONTEXT(2)
PARAMETRIC_REPRESENTATION_CONTEXT() REPRESENTATION_CONTEXT('2D SPACE',''
  ) );
#987 = ORIENTED_EDGE('',*,*,#988,.T.);
#988 = EDGE_CURVE('',#968,#989,#991,.T.);
#989 = VERTEX_POINT('',#990);
#990 = CARTESIAN_POINT('',(7.7,-7.831944691018E-17,-4.7));
#991 = SURFACE_CURVE('',#992,(#996,#1003),.PCURVE_S1.);
#992 = LINE('',#993,#994);
#993 = CARTESIAN_POINT('',(7.7,2.988929885866E-16,-5.3));
#994 = VECTOR('',#995,1.);
#995 = DIRECTION('',(0.,0.,1.));
#996 = PCURVE('',#524,#997);
#997 = DEFINITIONAL_REPRESENTATION('',(#998),#1002);
#998 = LINE('',#999,#1000);
#999 = CARTESIAN_POINT('',(59.7,37.7));
#1000 = VECTOR('',#1001,1.);
#1001 = DIRECTION('',(1.,0.));
#1002 = ( GEOMETRIC_REPRESENTATION_CONTEXT(2)
PARAMETRIC_REPRESENTATION_CONTEXT() REPRESENTATION_CONTEXT('2D SPACE',''
  ) );
#1003 = PCURVE('',#832,#1004);
#1004 = DEFINITIONAL_REPRESENTATION('',(#1005),#1009);
#1005 = LINE('',#1006,#1007);
#1006 = CARTESIAN_POINT('',(-0.,0.));
#1007 = VECTOR('',#1008,1.);
#1008 = DIRECTION('',(-0.,-1.));
#1009 = ( GEOMETRIC_REPRESENTATION_CONTEXT(2)
PARAMETRIC_REPRESENTATION_CONTEXT() REPRESENTATION_CONTEXT('2D SPACE',''
  ) );
#1010 = ORIENTED_EDGE('',*,*,#1011,.T.);
#1011 = EDGE_CURVE('',#989,#1012,#1014,.T.);
#1012 = VERTEX_POINT('',#1013);
#1013 = CARTESIAN_POINT('',(7.7,-4.55531882407E-16,-0.8));
#1014 = SURFACE_CURVE('',#1015,(#1019,#1026),.PCURVE_S1.);
#1015 = LINE('',#1016,#1017);
#1016 = CARTESIAN_POINT('',(7.7,-4.55531882407E-16,-4.7));
#1017 = VECTOR('',#1018,1.);
#1018 = DIRECTION('',(0.,0.,1.));
#1019 = PCURVE('',#524,#1020);
#1020 = DEFINITIONAL_REPRESENTATION('',(#1021),#1025);
#1021 = LINE('',#1022,#1023);
#1022 = CARTESIAN_POINT('',(60.3,37.7));
#1023 = VECTOR('',#1024,1.);
#1024 = DIRECTION('',(1.,0.));
#1025 = ( GEOMETRIC_REPRESENTATION_CONTEXT(2)
PARAMETRIC_REPRESENTATION_CONTEXT() REPRESENTATION_CONTEXT('2D SPACE',''
  ) );
#1026 = PCURVE('',#806,#1027);
#1027 = DEFINITIONAL_REPRESENTATION('',(#1028),#1032);
#1028 = LINE('',#1029,#1030);
#1029 = CARTESIAN_POINT('',(-0.,0.));
#1030 = VECTOR('',#1031,1.);
#1031 = DIRECTION('',(-0.,-1.));
#1032 = ( GEOMETRIC_REPRESENTATION_CONTEXT(2)
PARAMETRIC_REPRESENTATION_CONTEXT() REPRESENTATION_CONTEXT('2D SPACE',''
  ) );
#1033 = ORIENTED_EDGE('',*,*,#1034,.F.);
#1034 = EDGE_CURVE('',#1035,#1012,#1037,.T.);
#1035 = VERTEX_POINT('',#1036);
#1036 = CARTESIAN_POINT('',(8.5,0.,-0.8));
#1037 = SURFACE_CURVE('',#1038,(#1042,#1048),.PCURVE_S1.);
#1038 = LINE('',#1039,#1040);
#1039 = CARTESIAN_POINT('',(-15.,0.,-0.8));
#1040 = VECTOR('',#1041,1.);
#1041 = DIRECTION('',(-1.,0.,0.));
#1042 = PCURVE('',#524,#1043);
#1043 = DEFINITIONAL_REPRESENTATION('',(#1044),#1047);
#1044 = B_SPLINE_CURVE_WITH_KNOTS('',1,(#1045,#1046),.UNSPECIFIED.,.F.,
  .F.,(2,2),(-23.5,-6.5),.PIECEWISE_BEZIER_KNOTS.);
#1045 = CARTESIAN_POINT('',(64.2,38.5));
#1046 = CARTESIAN_POINT('',(64.2,21.5));
#1047 = ( GEOMETRIC_REPRESENTATION_CONTEXT(2)
PARAMETRIC_REPRESENTATION_CONTEXT() REPRESENTATION_CONTEXT('2D SPACE',''
  ) );
#1048 = PCURVE('',#780,#1049);
#1049 = DEFINITIONAL_REPRESENTATION('',(#1050),#1053);
#1050 = B_SPLINE_CURVE_WITH_KNOTS('',1,(#1051,#1052),.UNSPECIFIED.,.F.,
  .F.,(2,2),(-23.5,-6.5),.PIECEWISE_BEZIER_KNOTS.);
#1051 = CARTESIAN_POINT('',(8.5,-6.182685985047E-16));
#1052 = CARTESIAN_POINT('',(-8.5,-6.182685985047E-16));
#1053 = ( GEOMETRIC_REPRESENTATION_CONTEXT(2)
PARAMETRIC_REPRESENTATION_CONTEXT() REPRESENTATION_CONTEXT('2D SPACE',''
  ) );
#1054 = ORIENTED_EDGE('',*,*,#1055,.F.);
#1055 = EDGE_CURVE('',#1056,#1035,#1058,.T.);
#1056 = VERTEX_POINT('',#1057);
#1057 = CARTESIAN_POINT('',(8.5,0.,-4.7));
#1058 = SURFACE_CURVE('',#1059,(#1063,#1070),.PCURVE_S1.);
#1059 = LINE('',#1060,#1061);
#1060 = CARTESIAN_POINT('',(8.5,0.,-4.7));
#1061 = VECTOR('',#1062,1.);
#1062 = DIRECTION('',(0.,0.,1.));
#1063 = PCURVE('',#524,#1064);
#1064 = DEFINITIONAL_REPRESENTATION('',(#1065),#1069);
#1065 = LINE('',#1066,#1067);
#1066 = CARTESIAN_POINT('',(60.3,38.5));
#1067 = VECTOR('',#1068,1.);
#1068 = DIRECTION('',(1.,0.));
#1069 = ( GEOMETRIC_REPRESENTATION_CONTEXT(2)
PARAMETRIC_REPRESENTATION_CONTEXT() REPRESENTATION_CONTEXT('2D SPACE',''
  ) );
#1070 = PCURVE('',#754,#1071);
#1071 = DEFINITIONAL_REPRESENTATION('',(#1072),#1076);
#1072 = LINE('',#1073,#1074);
#1073 = CARTESIAN_POINT('',(-0.,0.));
#1074 = VECTOR('',#1075,1.);
#1075 = DIRECTION('',(-0.,-1.));
#1076 = ( GEOMETRIC_REPRESENTATION_CONTEXT(2)
PARAMETRIC_REPRESENTATION_CONTEXT() REPRESENTATION_CONTEXT('2D SPACE',''
  ) );
#1077 = ORIENTED_EDGE('',*,*,#1078,.F.);
#1078 = EDGE_CURVE('',#1079,#1056,#1081,.T.);
#1079 = VERTEX_POINT('',#1080);
#1080 = CARTESIAN_POINT('',(12.5,2.988929885866E-16,-4.7));
#1081 = SURFACE_CURVE('',#1082,(#1086,#1092),.PCURVE_S1.);
#1082 = LINE('',#1083,#1084);
#1083 = CARTESIAN_POINT('',(-15.,0.,-4.7));
#1084 = VECTOR('',#1085,1.);
#1085 = DIRECTION('',(-1.,0.,0.));
#1086 = PCURVE('',#524,#1087);
#1087 = DEFINITIONAL_REPRESENTATION('',(#1088),#1091);
#1088 = B_SPLINE_CURVE_WITH_KNOTS('',1,(#1089,#1090),.UNSPECIFIED.,.F.,
  .F.,(2,2),(-27.5,-2.5),.PIECEWISE_BEZIER_KNOTS.);
#1089 = CARTESIAN_POINT('',(60.3,42.5));
#1090 = CARTESIAN_POINT('',(60.3,17.5));
#1091 = ( GEOMETRIC_REPRESENTATION_CONTEXT(2)
PARAMETRIC_REPRESENTATION_CONTEXT() REPRESENTATION_CONTEXT('2D SPACE',''
  ) );
#1092 = PCURVE('',#728,#1093);
#1093 = DEFINITIONAL_REPRESENTATION('',(#1094),#1097);
#1094 = B_SPLINE_CURVE_WITH_KNOTS('',1,(#1095,#1096),.UNSPECIFIED.,.F.,
  .F.,(2,2),(-27.5,-2.5),.PIECEWISE_BEZIER_KNOTS.);
#1095 = CARTESIAN_POINT('',(12.5,-9.912868833001E-16));
#1096 = CARTESIAN_POINT('',(-12.5,-9.912868833001E-16));
#1097 = ( GEOMETRIC_REPRESENTATION_CONTEXT(2)
PARAMETRIC_REPRESENTATION_CONTEXT() REPRESENTATION_CONTEXT('2D SPACE',''
  ) );
#1098 = ORIENTED_EDGE('',*,*,#1099,.F.);
#1099 = EDGE_CURVE('',#894,#1079,#1100,.T.);
#1100 = SURFACE_CURVE('',#1101,(#1105,#1111),.PCURVE_S1.);
#1101 = LINE('',#1102,#1103);
#1102 = CARTESIAN_POINT('',(-15.,0.,-4.7));
#1103 = VECTOR('',#1104,1.);
#1104 = DIRECTION('',(-1.,0.,0.));
#1105 = PCURVE('',#524,#1106);
#1106 = DEFINITIONAL_REPRESENTATION('',(#1107),#1110);
#1107 = B_SPLINE_CURVE_WITH_KNOTS('',1,(#1108,#1109),.UNSPECIFIED.,.F.,
  .F.,(2,2),(-29.,-1.),.PIECEWISE_BEZIER_KNOTS.);
#1108 = CARTESIAN_POINT('',(60.3,44.));
#1109 = CARTESIAN_POINT('',(60.3,16.));
#1110 = ( GEOMETRIC_REPRESENTATION_CONTEXT(2)
PARAMETRIC_REPRESENTATION_CONTEXT() REPRESENTATION_CONTEXT('2D SPACE',''
  ) );
#1111 = PCURVE('',#702,#1112);
#1112 = DEFINITIONAL_REPRESENTATION('',(#1113),#1116);
#1113 = B_SPLINE_CURVE_WITH_KNOTS('',1,(#1114,#1115),.UNSPECIFIED.,.F.,
  .F.,(2,2),(-29.,-1.),.PIECEWISE_BEZIER_KNOTS.);
#1114 = CARTESIAN_POINT('',(14.,-9.912868833001E-16));
#1115 = CARTESIAN_POINT('',(-14.,-9.912868833001E-16));
#1116 = ( GEOMETRIC_REPRESENTATION_CONTEXT(2)
PARAMETRIC_REPRESENTATION_CONTEXT() REPRESENTATION_CONTEXT('2D SPACE',''
  ) );
#1117 = ORIENTED_EDGE('',*,*,#893,.F.);
#1118 = ADVANCED_FACE('',(#1119),#650,.F.);
#1119 = FACE_BOUND('',#1120,.T.);
#1120 = EDGE_LOOP('',(#1121,#1122,#1123,#1149));
#1121 = ORIENTED_EDGE('',*,*,#635,.F.);
#1122 = ORIENTED_EDGE('',*,*,#944,.T.);
#1123 = ORIENTED_EDGE('',*,*,#1124,.F.);
#1124 = EDGE_CURVE('',#844,#945,#1125,.T.);
#1125 = SURFACE_CURVE('',#1126,(#1131,#1138),.PCURVE_S1.);
#1126 = CIRCLE('',#1127,12.5);
#1127 = AXIS2_PLACEMENT_3D('',#1128,#1129,#1130);
#1128 = CARTESIAN_POINT('',(6.589795688064E-14,2.988929885866E-16,-5.3)
  );
#1129 = DIRECTION('',(0.,0.,-1.));
#1130 = DIRECTION('',(1.,0.,0.));
#1131 = PCURVE('',#650,#1132);
#1132 = DEFINITIONAL_REPRESENTATION('',(#1133),#1137);
#1133 = LINE('',#1134,#1135);
#1134 = CARTESIAN_POINT('',(-6.28318530718,-18.7));
#1135 = VECTOR('',#1136,1.);
#1136 = DIRECTION('',(1.,-0.));
#1137 = ( GEOMETRIC_REPRESENTATION_CONTEXT(2)
PARAMETRIC_REPRESENTATION_CONTEXT() REPRESENTATION_CONTEXT('2D SPACE',''
  ) );
#1138 = PCURVE('',#858,#1139);
#1139 = DEFINITIONAL_REPRESENTATION('',(#1140),#1148);
#1140 = ( BOUNDED_CURVE() B_SPLINE_CURVE(2,(#1141,#1142,#1143,#1144,
#1145,#1146,#1147),.UNSPECIFIED.,.T.,.F.) B_SPLINE_CURVE_WITH_KNOTS((1,2
    ,2,2,2,1),(-2.094395102393,0.,2.094395102393,4.188790204786,
6.28318530718,8.377580409573),.UNSPECIFIED.) CURVE()
GEOMETRIC_REPRESENTATION_ITEM() RATIONAL_B_SPLINE_CURVE((1.,0.5,1.,0.5,
1.,0.5,1.)) REPRESENTATION_ITEM('') );
#1141 = CARTESIAN_POINT('',(12.5,-6.923938947135E-16));
#1142 = CARTESIAN_POINT('',(12.5,-21.65063509461));
#1143 = CARTESIAN_POINT('',(-6.25,-10.8253175473));
#1144 = CARTESIAN_POINT('',(-25.,-3.754010892582E-15));
#1145 = CARTESIAN_POINT('',(-6.25,10.825317547305));
#1146 = CARTESIAN_POINT('',(12.5,21.650635094611));
#1147 = CARTESIAN_POINT('',(12.5,-6.923938947135E-16));
#1148 = ( GEOMETRIC_REPRESENTATION_CONTEXT(2)
PARAMETRIC_REPRESENTATION_CONTEXT() REPRESENTATION_CONTEXT('2D SPACE',''
  ) );
#1149 = ORIENTED_EDGE('',*,*,#869,.T.);
#1150 = ADVANCED_FACE('',(#1151),#858,.F.);
#1151 = FACE_BOUND('',#1152,.F.);
#1152 = EDGE_LOOP('',(#1153,#1154,#1155,#1156));
#1153 = ORIENTED_EDGE('',*,*,#967,.F.);
#1154 = ORIENTED_EDGE('',*,*,#1124,.F.);
#1155 = ORIENTED_EDGE('',*,*,#843,.F.);
#1156 = ORIENTED_EDGE('',*,*,#1157,.F.);
#1157 = EDGE_CURVE('',#968,#818,#1158,.T.);
#1158 = SURFACE_CURVE('',#1159,(#1164,#1171),.PCURVE_S1.);
#1159 = CIRCLE('',#1160,7.7);
#1160 = AXIS2_PLACEMENT_3D('',#1161,#1162,#1163);
#1161 = CARTESIAN_POINT('',(6.589795688064E-14,2.988929885866E-16,-5.3)
  );
#1162 = DIRECTION('',(0.,0.,1.));
#1163 = DIRECTION('',(1.,0.,0.));
#1164 = PCURVE('',#858,#1165);
#1165 = DEFINITIONAL_REPRESENTATION('',(#1166),#1170);
#1166 = CIRCLE('',#1167,7.7);
#1167 = AXIS2_PLACEMENT_2D('',#1168,#1169);
#1168 = CARTESIAN_POINT('',(6.667935124209E-14,-6.923938947135E-16));
#1169 = DIRECTION('',(1.,0.));
#1170 = ( GEOMETRIC_REPRESENTATION_CONTEXT(2)
PARAMETRIC_REPRESENTATION_CONTEXT() REPRESENTATION_CONTEXT('2D SPACE',''
  ) );
#1171 = PCURVE('',#832,#1172);
#1172 = DEFINITIONAL_REPRESENTATION('',(#1173),#1177);
#1173 = LINE('',#1174,#1175);
#1174 = CARTESIAN_POINT('',(-0.,0.));
#1175 = VECTOR('',#1176,1.);
#1176 = DIRECTION('',(-1.,0.));
#1177 = ( GEOMETRIC_REPRESENTATION_CONTEXT(2)
PARAMETRIC_REPRESENTATION_CONTEXT() REPRESENTATION_CONTEXT('2D SPACE',''
  ) );
#1178 = ADVANCED_FACE('',(#1179),#832,.F.);
#1179 = FACE_BOUND('',#1180,.T.);
#1180 = EDGE_LOOP('',(#1181,#1182,#1183,#1205));
#1181 = ORIENTED_EDGE('',*,*,#1157,.F.);
#1182 = ORIENTED_EDGE('',*,*,#988,.T.);
#1183 = ORIENTED_EDGE('',*,*,#1184,.T.);
#1184 = EDGE_CURVE('',#989,#792,#1185,.T.);
#1185 = SURFACE_CURVE('',#1186,(#1191,#1198),.PCURVE_S1.);
#1186 = CIRCLE('',#1187,7.7);
#1187 = AXIS2_PLACEMENT_3D('',#1188,#1189,#1190);
#1188 = CARTESIAN_POINT('',(6.589795688064E-14,2.988929885866E-16,-4.7)
  );
#1189 = DIRECTION('',(0.,0.,1.));
#1190 = DIRECTION('',(1.,0.,0.));
#1191 = PCURVE('',#832,#1192);
#1192 = DEFINITIONAL_REPRESENTATION('',(#1193),#1197);
#1193 = LINE('',#1194,#1195);
#1194 = CARTESIAN_POINT('',(-0.,-0.6));
#1195 = VECTOR('',#1196,1.);
#1196 = DIRECTION('',(-1.,0.));
#1197 = ( GEOMETRIC_REPRESENTATION_CONTEXT(2)
PARAMETRIC_REPRESENTATION_CONTEXT() REPRESENTATION_CONTEXT('2D SPACE',''
  ) );
#1198 = PCURVE('',#806,#1199);
#1199 = DEFINITIONAL_REPRESENTATION('',(#1200),#1204);
#1200 = LINE('',#1201,#1202);
#1201 = CARTESIAN_POINT('',(-0.,0.));
#1202 = VECTOR('',#1203,1.);
#1203 = DIRECTION('',(-1.,0.));
#1204 = ( GEOMETRIC_REPRESENTATION_CONTEXT(2)
PARAMETRIC_REPRESENTATION_CONTEXT() REPRESENTATION_CONTEXT('2D SPACE',''
  ) );
#1205 = ORIENTED_EDGE('',*,*,#817,.T.);
#1206 = ADVANCED_FACE('',(#1207),#806,.F.);
#1207 = FACE_BOUND('',#1208,.T.);
#1208 = EDGE_LOOP('',(#1209,#1210,#1211,#1233));
#1209 = ORIENTED_EDGE('',*,*,#1184,.F.);
#1210 = ORIENTED_EDGE('',*,*,#1011,.T.);
#1211 = ORIENTED_EDGE('',*,*,#1212,.T.);
#1212 = EDGE_CURVE('',#1012,#766,#1213,.T.);
#1213 = SURFACE_CURVE('',#1214,(#1219,#1226),.PCURVE_S1.);
#1214 = CIRCLE('',#1215,7.7);
#1215 = AXIS2_PLACEMENT_3D('',#1216,#1217,#1218);
#1216 = CARTESIAN_POINT('',(4.068161849901E-14,-4.55531882407E-16,-0.8)
  );
#1217 = DIRECTION('',(0.,0.,1.));
#1218 = DIRECTION('',(1.,0.,0.));
#1219 = PCURVE('',#806,#1220);
#1220 = DEFINITIONAL_REPRESENTATION('',(#1221),#1225);
#1221 = LINE('',#1222,#1223);
#1222 = CARTESIAN_POINT('',(-0.,-3.9));
#1223 = VECTOR('',#1224,1.);
#1224 = DIRECTION('',(-1.,0.));
#1225 = ( GEOMETRIC_REPRESENTATION_CONTEXT(2)
PARAMETRIC_REPRESENTATION_CONTEXT() REPRESENTATION_CONTEXT('2D SPACE',''
  ) );
#1226 = PCURVE('',#780,#1227);
#1227 = DEFINITIONAL_REPRESENTATION('',(#1228),#1232);
#1228 = CIRCLE('',#1229,7.7);
#1229 = AXIS2_PLACEMENT_2D('',#1230,#1231);
#1230 = CARTESIAN_POINT('',(4.132511973786E-14,-1.073800480912E-15));
#1231 = DIRECTION('',(1.,0.));
#1232 = ( GEOMETRIC_REPRESENTATION_CONTEXT(2)
PARAMETRIC_REPRESENTATION_CONTEXT() REPRESENTATION_CONTEXT('2D SPACE',''
  ) );
#1233 = ORIENTED_EDGE('',*,*,#791,.T.);
#1234 = ADVANCED_FACE('',(#1235),#780,.T.);
#1235 = FACE_BOUND('',#1236,.T.);
#1236 = EDGE_LOOP('',(#1237,#1238,#1260,#1261));
#1237 = ORIENTED_EDGE('',*,*,#1034,.F.);
#1238 = ORIENTED_EDGE('',*,*,#1239,.T.);
#1239 = EDGE_CURVE('',#1035,#740,#1240,.T.);
#1240 = SURFACE_CURVE('',#1241,(#1246,#1253),.PCURVE_S1.);
#1241 = CIRCLE('',#1242,8.5);
#1242 = AXIS2_PLACEMENT_3D('',#1243,#1244,#1245);
#1243 = CARTESIAN_POINT('',(0.,0.,-0.8));
#1244 = DIRECTION('',(0.,0.,1.));
#1245 = DIRECTION('',(1.,0.,0.));
#1246 = PCURVE('',#780,#1247);
#1247 = DEFINITIONAL_REPRESENTATION('',(#1248),#1252);
#1248 = CIRCLE('',#1249,8.5);
#1249 = AXIS2_PLACEMENT_2D('',#1250,#1251);
#1250 = CARTESIAN_POINT('',(6.435012388421E-16,-6.182685985047E-16));
#1251 = DIRECTION('',(1.,0.));
#1252 = ( GEOMETRIC_REPRESENTATION_CONTEXT(2)
PARAMETRIC_REPRESENTATION_CONTEXT() REPRESENTATION_CONTEXT('2D SPACE',''
  ) );
#1253 = PCURVE('',#754,#1254);
#1254 = DEFINITIONAL_REPRESENTATION('',(#1255),#1259);
#1255 = LINE('',#1256,#1257);
#1256 = CARTESIAN_POINT('',(-0.,-3.9));
#1257 = VECTOR('',#1258,1.);
#1258 = DIRECTION('',(-1.,0.));
#1259 = ( GEOMETRIC_REPRESENTATION_CONTEXT(2)
PARAMETRIC_REPRESENTATION_CONTEXT() REPRESENTATION_CONTEXT('2D SPACE',''
  ) );
#1260 = ORIENTED_EDGE('',*,*,#765,.F.);
#1261 = ORIENTED_EDGE('',*,*,#1212,.F.);
#1262 = ADVANCED_FACE('',(#1263),#754,.T.);
#1263 = FACE_BOUND('',#1264,.F.);
#1264 = EDGE_LOOP('',(#1265,#1287,#1288,#1289));
#1265 = ORIENTED_EDGE('',*,*,#1266,.F.);
#1266 = EDGE_CURVE('',#1056,#714,#1267,.T.);
#1267 = SURFACE_CURVE('',#1268,(#1273,#1280),.PCURVE_S1.);
#1268 = CIRCLE('',#1269,8.5);
#1269 = AXIS2_PLACEMENT_3D('',#1270,#1271,#1272);
#1270 = CARTESIAN_POINT('',(0.,0.,-4.7));
#1271 = DIRECTION('',(0.,0.,1.));
#1272 = DIRECTION('',(1.,0.,0.));
#1273 = PCURVE('',#754,#1274);
#1274 = DEFINITIONAL_REPRESENTATION('',(#1275),#1279);
#1275 = LINE('',#1276,#1277);
#1276 = CARTESIAN_POINT('',(-0.,0.));
#1277 = VECTOR('',#1278,1.);
#1278 = DIRECTION('',(-1.,0.));
#1279 = ( GEOMETRIC_REPRESENTATION_CONTEXT(2)
PARAMETRIC_REPRESENTATION_CONTEXT() REPRESENTATION_CONTEXT('2D SPACE',''
  ) );
#1280 = PCURVE('',#728,#1281);
#1281 = DEFINITIONAL_REPRESENTATION('',(#1282),#1286);
#1282 = CIRCLE('',#1283,8.5);
#1283 = AXIS2_PLACEMENT_2D('',#1284,#1285);
#1284 = CARTESIAN_POINT('',(7.813943614511E-16,-9.912868833001E-16));
#1285 = DIRECTION('',(1.,0.));
#1286 = ( GEOMETRIC_REPRESENTATION_CONTEXT(2)
PARAMETRIC_REPRESENTATION_CONTEXT() REPRESENTATION_CONTEXT('2D SPACE',''
  ) );
#1287 = ORIENTED_EDGE('',*,*,#1055,.T.);
#1288 = ORIENTED_EDGE('',*,*,#1239,.T.);
#1289 = ORIENTED_EDGE('',*,*,#739,.T.);
#1290 = ADVANCED_FACE('',(#1291),#728,.T.);
#1291 = FACE_BOUND('',#1292,.T.);
#1292 = EDGE_LOOP('',(#1293,#1294,#1316,#1317));
#1293 = ORIENTED_EDGE('',*,*,#1078,.F.);
#1294 = ORIENTED_EDGE('',*,*,#1295,.T.);
#1295 = EDGE_CURVE('',#1079,#688,#1296,.T.);
#1296 = SURFACE_CURVE('',#1297,(#1302,#1309),.PCURVE_S1.);
#1297 = CIRCLE('',#1298,12.5);
#1298 = AXIS2_PLACEMENT_3D('',#1299,#1300,#1301);
#1299 = CARTESIAN_POINT('',(6.589795688064E-14,2.988929885866E-16,-4.7)
  );
#1300 = DIRECTION('',(0.,0.,1.));
#1301 = DIRECTION('',(1.,0.,0.));
#1302 = PCURVE('',#728,#1303);
#1303 = DEFINITIONAL_REPRESENTATION('',(#1304),#1308);
#1304 = CIRCLE('',#1305,12.5);
#1305 = AXIS2_PLACEMENT_2D('',#1306,#1307);
#1306 = CARTESIAN_POINT('',(6.667935124209E-14,-6.923938947135E-16));
#1307 = DIRECTION('',(1.,0.));
#1308 = ( GEOMETRIC_REPRESENTATION_CONTEXT(2)
PARAMETRIC_REPRESENTATION_CONTEXT() REPRESENTATION_CONTEXT('2D SPACE',''
  ) );
#1309 = PCURVE('',#702,#1310);
#1310 = DEFINITIONAL_REPRESENTATION('',(#1311),#1315);
#1311 = CIRCLE('',#1312,12.5);
#1312 = AXIS2_PLACEMENT_2D('',#1313,#1314);
#1313 = CARTESIAN_POINT('',(6.667935124209E-14,-6.923938947135E-16));
#1314 = DIRECTION('',(1.,0.));
#1315 = ( GEOMETRIC_REPRESENTATION_CONTEXT(2)
PARAMETRIC_REPRESENTATION_CONTEXT() REPRESENTATION_CONTEXT('2D SPACE',''
  ) );
#1316 = ORIENTED_EDGE('',*,*,#713,.F.);
#1317 = ORIENTED_EDGE('',*,*,#1266,.F.);
#1318 = ADVANCED_FACE('',(#1319),#702,.T.);
#1319 = FACE_BOUND('',#1320,.T.);
#1320 = EDGE_LOOP('',(#1321,#1322,#1323,#1324));
#1321 = ORIENTED_EDGE('',*,*,#1099,.F.);
#1322 = ORIENTED_EDGE('',*,*,#916,.T.);
#1323 = ORIENTED_EDGE('',*,*,#687,.F.);
#1324 = ORIENTED_EDGE('',*,*,#1295,.F.);
#1325 = ( GEOMETRIC_REPRESENTATION_CONTEXT(3)
GLOBAL_UNCERTAINTY_ASSIGNED_CONTEXT((#1329))
GLOBAL_UNIT_ASSIGNED_CONTEXT((#1326,#1327,#1328)) REPRESENTATION_CONTEXT
('Context #1','3D Context with UNIT and UNCERTAINTY') );
#1326 = ( LENGTH_UNIT() NAMED_UNIT(*) SI_UNIT(.MILLI.,.METRE.) );
#1327 = ( NAMED_UNIT(*) PLANE_ANGLE_UNIT() SI_UNIT($,.RADIAN.) );
#1328 = ( NAMED_UNIT(*) SI_UNIT($,.STERADIAN.) SOLID_ANGLE_UNIT() );
#1329 = UNCERTAINTY_MEASURE_WITH_UNIT(LENGTH_MEASURE(1.E-07),#1326,
  'distance_accuracy_value','confusion accuracy');
#1330 = CONTEXT_DEPENDENT_SHAPE_REPRESENTATION(#1331,#1333);
#1331 = ( REPRESENTATION_RELATIONSHIP('','',#465,#10)
REPRESENTATION_RELATIONSHIP_WITH_TRANSFORMATION(#1332)
SHAPE_REPRESENTATION_RELATIONSHIP() );
#1332 = ITEM_DEFINED_TRANSFORMATION('','',#11,#19);
#1333 = PRODUCT_DEFINITION_SHAPE('Placement','Placement of an item',
  #1334);
#1334 = NEXT_ASSEMBLY_USAGE_OCCURRENCE('147','','',#5,#460,$);
#1335 = PRODUCT_RELATED_PRODUCT_CATEGORY('part',$,(#462));
#1336 = SHAPE_DEFINITION_REPRESENTATION(#1337,#1343);
#1337 = PRODUCT_DEFINITION_SHAPE('','',#1338);
#1338 = PRODUCT_DEFINITION('design','',#1339,#1342);
#1339 = PRODUCT_DEFINITION_FORMATION('','',#1340);
#1340 = PRODUCT('Open CASCADE STEP translator 7.8 6.3',
  'Open CASCADE STEP translator 7.8 6.3','',(#1341));
#1341 = PRODUCT_CONTEXT('',#2,'mechanical');
#1342 = PRODUCT_DEFINITION_CONTEXT('part definition',#2,'design');
#1343 = ADVANCED_BREP_SHAPE_REPRESENTATION('',(#11,#1344),#5999);
#1344 = MANIFOLD_SOLID_BREP('',#1345);
#1345 = CLOSED_SHELL('',(#1346,#1577,#1958,#2289,#2769,#2822,#2870,#2923
    ,#3273,#3301,#3383,#3416,#3498,#3531,#3613,#3641,#3691,#3861,#3889,
    #3917,#4158,#4207,#4255,#4603,#4651,#4952,#4959,#4966,#4973,#4980,
    #5057,#5106,#5156,#5228,#5255,#5283,#5310,#5317,#5344,#5393,#5420,
    #5447,#5517,#5525,#5552,#5622,#5672,#5699,#5707,#5757,#5784,#5811,
    #5818,#5825,#5850,#5877,#5884,#5931,#5958,#5985,#5992));
#1346 = ADVANCED_FACE('',(#1347),#1362,.T.);
#1347 = FACE_BOUND('',#1348,.F.);
#1348 = EDGE_LOOP('',(#1349,#1385,#1413,#1442,#1471,#1500,#1529,#1553));
#1349 = ORIENTED_EDGE('',*,*,#1350,.F.);
#1350 = EDGE_CURVE('',#1351,#1353,#1355,.T.);
#1351 = VERTEX_POINT('',#1352);
#1352 = CARTESIAN_POINT('',(12.,0.,-9.));
#1353 = VERTEX_POINT('',#1354);
#1354 = CARTESIAN_POINT('',(-12.,1.469576158977E-15,-9.));
#1355 = SURFACE_CURVE('',#1356,(#1361,#1373),.PCURVE_S1.);
#1356 = CIRCLE('',#1357,12.);
#1357 = AXIS2_PLACEMENT_3D('',#1358,#1359,#1360);
#1358 = CARTESIAN_POINT('',(0.,0.,-9.));
#1359 = DIRECTION('',(0.,0.,1.));
#1360 = DIRECTION('',(1.,0.,0.));
#1361 = PCURVE('',#1362,#1367);
#1362 = CYLINDRICAL_SURFACE('',#1363,12.);
#1363 = AXIS2_PLACEMENT_3D('',#1364,#1365,#1366);
#1364 = CARTESIAN_POINT('',(0.,0.,-9.));
#1365 = DIRECTION('',(-0.,-0.,-1.));
#1366 = DIRECTION('',(1.,0.,0.));
#1367 = DEFINITIONAL_REPRESENTATION('',(#1368),#1372);
#1368 = LINE('',#1369,#1370);
#1369 = CARTESIAN_POINT('',(-0.,0.));
#1370 = VECTOR('',#1371,1.);
#1371 = DIRECTION('',(-1.,0.));
#1372 = ( GEOMETRIC_REPRESENTATION_CONTEXT(2)
PARAMETRIC_REPRESENTATION_CONTEXT() REPRESENTATION_CONTEXT('2D SPACE',''
  ) );
#1373 = PCURVE('',#1374,#1379);
#1374 = PLANE('',#1375);
#1375 = AXIS2_PLACEMENT_3D('',#1376,#1377,#1378);
#1376 = CARTESIAN_POINT('',(-6.837200662697E-16,4.217680353673E-16,-9.)
  );
#1377 = DIRECTION('',(0.,0.,1.));
#1378 = DIRECTION('',(1.,0.,-0.));
#1379 = DEFINITIONAL_REPRESENTATION('',(#1380),#1384);
#1380 = CIRCLE('',#1381,12.);
#1381 = AXIS2_PLACEMENT_2D('',#1382,#1383);
#1382 = CARTESIAN_POINT('',(6.837200662697E-16,-4.217680353673E-16));
#1383 = DIRECTION('',(1.,0.));
#1384 = ( GEOMETRIC_REPRESENTATION_CONTEXT(2)
PARAMETRIC_REPRESENTATION_CONTEXT() REPRESENTATION_CONTEXT('2D SPACE',''
  ) );
#1385 = ORIENTED_EDGE('',*,*,#1386,.T.);
#1386 = EDGE_CURVE('',#1351,#1387,#1389,.T.);
#1387 = VERTEX_POINT('',#1388);
#1388 = CARTESIAN_POINT('',(12.,0.,-8.));
#1389 = SURFACE_CURVE('',#1390,(#1394,#1401),.PCURVE_S1.);
#1390 = LINE('',#1391,#1392);
#1391 = CARTESIAN_POINT('',(12.,0.,-9.));
#1392 = VECTOR('',#1393,1.);
#1393 = DIRECTION('',(0.,0.,1.));
#1394 = PCURVE('',#1362,#1395);
#1395 = DEFINITIONAL_REPRESENTATION('',(#1396),#1400);
#1396 = LINE('',#1397,#1398);
#1397 = CARTESIAN_POINT('',(-0.,0.));
#1398 = VECTOR('',#1399,1.);
#1399 = DIRECTION('',(-0.,-1.));
#1400 = ( GEOMETRIC_REPRESENTATION_CONTEXT(2)
PARAMETRIC_REPRESENTATION_CONTEXT() REPRESENTATION_CONTEXT('2D SPACE',''
  ) );
#1401 = PCURVE('',#1402,#1407);
#1402 = PLANE('',#1403);
#1403 = AXIS2_PLACEMENT_3D('',#1404,#1405,#1406);
#1404 = CARTESIAN_POINT('',(-30.,0.,-65.));
#1405 = DIRECTION('',(0.,1.,0.));
#1406 = DIRECTION('',(0.,0.,1.));
#1407 = DEFINITIONAL_REPRESENTATION('',(#1408),#1412);
#1408 = LINE('',#1409,#1410);
#1409 = CARTESIAN_POINT('',(56.,42.));
#1410 = VECTOR('',#1411,1.);
#1411 = DIRECTION('',(1.,0.));
#1412 = ( GEOMETRIC_REPRESENTATION_CONTEXT(2)
PARAMETRIC_REPRESENTATION_CONTEXT() REPRESENTATION_CONTEXT('2D SPACE',''
  ) );
#1413 = ORIENTED_EDGE('',*,*,#1414,.T.);
#1414 = EDGE_CURVE('',#1387,#1415,#1417,.T.);
#1415 = VERTEX_POINT('',#1416);
#1416 = CARTESIAN_POINT('',(11.93471826228,1.25,-8.));
#1417 = SURFACE_CURVE('',#1418,(#1423,#1430),.PCURVE_S1.);
#1418 = CIRCLE('',#1419,12.);
#1419 = AXIS2_PLACEMENT_3D('',#1420,#1421,#1422);
#1420 = CARTESIAN_POINT('',(0.,0.,-8.));
#1421 = DIRECTION('',(0.,0.,1.));
#1422 = DIRECTION('',(1.,0.,0.));
#1423 = PCURVE('',#1362,#1424);
#1424 = DEFINITIONAL_REPRESENTATION('',(#1425),#1429);
#1425 = LINE('',#1426,#1427);
#1426 = CARTESIAN_POINT('',(-0.,-1.));
#1427 = VECTOR('',#1428,1.);
#1428 = DIRECTION('',(-1.,0.));
#1429 = ( GEOMETRIC_REPRESENTATION_CONTEXT(2)
PARAMETRIC_REPRESENTATION_CONTEXT() REPRESENTATION_CONTEXT('2D SPACE',''
  ) );
#1430 = PCURVE('',#1431,#1436);
#1431 = PLANE('',#1432);
#1432 = AXIS2_PLACEMENT_3D('',#1433,#1434,#1435);
#1433 = CARTESIAN_POINT('',(11.,-1.25,-8.));
#1434 = DIRECTION('',(0.,0.,1.));
#1435 = DIRECTION('',(1.,0.,0.));
#1436 = DEFINITIONAL_REPRESENTATION('',(#1437),#1441);
#1437 = CIRCLE('',#1438,12.);
#1438 = AXIS2_PLACEMENT_2D('',#1439,#1440);
#1439 = CARTESIAN_POINT('',(-11.,1.25));
#1440 = DIRECTION('',(1.,0.));
#1441 = ( GEOMETRIC_REPRESENTATION_CONTEXT(2)
PARAMETRIC_REPRESENTATION_CONTEXT() REPRESENTATION_CONTEXT('2D SPACE',''
  ) );
#1442 = ORIENTED_EDGE('',*,*,#1443,.T.);
#1443 = EDGE_CURVE('',#1415,#1444,#1446,.T.);
#1444 = VERTEX_POINT('',#1445);
#1445 = CARTESIAN_POINT('',(-4.88482737641,10.960769202145,-8.));
#1446 = SURFACE_CURVE('',#1447,(#1452,#1459),.PCURVE_S1.);
#1447 = CIRCLE('',#1448,12.);
#1448 = AXIS2_PLACEMENT_3D('',#1449,#1450,#1451);
#1449 = CARTESIAN_POINT('',(0.,0.,-8.));
#1450 = DIRECTION('',(0.,0.,1.));
#1451 = DIRECTION('',(1.,0.,0.));
#1452 = PCURVE('',#1362,#1453);
#1453 = DEFINITIONAL_REPRESENTATION('',(#1454),#1458);
#1454 = LINE('',#1455,#1456);
#1455 = CARTESIAN_POINT('',(-0.,-1.));
#1456 = VECTOR('',#1457,1.);
#1457 = DIRECTION('',(-1.,0.));
#1458 = ( GEOMETRIC_REPRESENTATION_CONTEXT(2)
PARAMETRIC_REPRESENTATION_CONTEXT() REPRESENTATION_CONTEXT('2D SPACE',''
  ) );
#1459 = PCURVE('',#1460,#1465);
#1460 = PLANE('',#1461);
#1461 = AXIS2_PLACEMENT_3D('',#1462,#1463,#1464);
#1462 = CARTESIAN_POINT('',(-6.837200662697E-16,4.217680353673E-16,-8.)
  );
#1463 = DIRECTION('',(0.,0.,1.));
#1464 = DIRECTION('',(1.,0.,-0.));
#1465 = DEFINITIONAL_REPRESENTATION('',(#1466),#1470);
#1466 = CIRCLE('',#1467,12.);
#1467 = AXIS2_PLACEMENT_2D('',#1468,#1469);
#1468 = CARTESIAN_POINT('',(6.837200662697E-16,-4.217680353673E-16));
#1469 = DIRECTION('',(1.,0.));
#1470 = ( GEOMETRIC_REPRESENTATION_CONTEXT(2)
PARAMETRIC_REPRESENTATION_CONTEXT() REPRESENTATION_CONTEXT('2D SPACE',''
  ) );
#1471 = ORIENTED_EDGE('',*,*,#1472,.T.);
#1472 = EDGE_CURVE('',#1444,#1473,#1475,.T.);
#1473 = VERTEX_POINT('',#1474);
#1474 = CARTESIAN_POINT('',(-5.999999972349,10.392304861378,-8.));
#1475 = SURFACE_CURVE('',#1476,(#1481,#1488),.PCURVE_S1.);
#1476 = CIRCLE('',#1477,12.);
#1477 = AXIS2_PLACEMENT_3D('',#1478,#1479,#1480);
#1478 = CARTESIAN_POINT('',(0.,0.,-8.));
#1479 = DIRECTION('',(0.,0.,1.));
#1480 = DIRECTION('',(1.,0.,0.));
#1481 = PCURVE('',#1362,#1482);
#1482 = DEFINITIONAL_REPRESENTATION('',(#1483),#1487);
#1483 = LINE('',#1484,#1485);
#1484 = CARTESIAN_POINT('',(-0.,-1.));
#1485 = VECTOR('',#1486,1.);
#1486 = DIRECTION('',(-1.,0.));
#1487 = ( GEOMETRIC_REPRESENTATION_CONTEXT(2)
PARAMETRIC_REPRESENTATION_CONTEXT() REPRESENTATION_CONTEXT('2D SPACE',''
  ) );
#1488 = PCURVE('',#1489,#1494);
#1489 = PLANE('',#1490);
#1490 = AXIS2_PLACEMENT_3D('',#1491,#1492,#1493);
#1491 = CARTESIAN_POINT('',(-4.417468245269,10.151279441629,-8.));
#1492 = DIRECTION('',(0.,0.,1.));
#1493 = DIRECTION('',(-0.5,0.866025403784,0.));
#1494 = DEFINITIONAL_REPRESENTATION('',(#1495),#1499);
#1495 = CIRCLE('',#1496,12.);
#1496 = AXIS2_PLACEMENT_2D('',#1497,#1498);
#1497 = CARTESIAN_POINT('',(-11.,1.25));
#1498 = DIRECTION('',(-0.5,-0.866025403784));
#1499 = ( GEOMETRIC_REPRESENTATION_CONTEXT(2)
PARAMETRIC_REPRESENTATION_CONTEXT() REPRESENTATION_CONTEXT('2D SPACE',''
  ) );
#1500 = ORIENTED_EDGE('',*,*,#1501,.T.);
#1501 = EDGE_CURVE('',#1473,#1502,#1504,.T.);
#1502 = VERTEX_POINT('',#1503);
#1503 = CARTESIAN_POINT('',(-7.049890885871,9.710769202144,-8.));
#1504 = SURFACE_CURVE('',#1505,(#1510,#1517),.PCURVE_S1.);
#1505 = CIRCLE('',#1506,12.);
#1506 = AXIS2_PLACEMENT_3D('',#1507,#1508,#1509);
#1507 = CARTESIAN_POINT('',(0.,0.,-8.));
#1508 = DIRECTION('',(0.,0.,1.));
#1509 = DIRECTION('',(1.,0.,0.));
#1510 = PCURVE('',#1362,#1511);
#1511 = DEFINITIONAL_REPRESENTATION('',(#1512),#1516);
#1512 = LINE('',#1513,#1514);
#1513 = CARTESIAN_POINT('',(-0.,-1.));
#1514 = VECTOR('',#1515,1.);
#1515 = DIRECTION('',(-1.,0.));
#1516 = ( GEOMETRIC_REPRESENTATION_CONTEXT(2)
PARAMETRIC_REPRESENTATION_CONTEXT() REPRESENTATION_CONTEXT('2D SPACE',''
  ) );
#1517 = PCURVE('',#1518,#1523);
#1518 = PLANE('',#1519);
#1519 = AXIS2_PLACEMENT_3D('',#1520,#1521,#1522);
#1520 = CARTESIAN_POINT('',(-4.417468245269,10.151279441629,-8.));
#1521 = DIRECTION('',(0.,0.,1.));
#1522 = DIRECTION('',(-0.5,0.866025403784,0.));
#1523 = DEFINITIONAL_REPRESENTATION('',(#1524),#1528);
#1524 = CIRCLE('',#1525,12.);
#1525 = AXIS2_PLACEMENT_2D('',#1526,#1527);
#1526 = CARTESIAN_POINT('',(-11.,1.25));
#1527 = DIRECTION('',(-0.5,-0.866025403784));
#1528 = ( GEOMETRIC_REPRESENTATION_CONTEXT(2)
PARAMETRIC_REPRESENTATION_CONTEXT() REPRESENTATION_CONTEXT('2D SPACE',''
  ) );
#1529 = ORIENTED_EDGE('',*,*,#1530,.T.);
#1530 = EDGE_CURVE('',#1502,#1531,#1533,.T.);
#1531 = VERTEX_POINT('',#1532);
#1532 = CARTESIAN_POINT('',(-12.,1.469576158977E-15,-8.));
#1533 = SURFACE_CURVE('',#1534,(#1539,#1546),.PCURVE_S1.);
#1534 = CIRCLE('',#1535,12.);
#1535 = AXIS2_PLACEMENT_3D('',#1536,#1537,#1538);
#1536 = CARTESIAN_POINT('',(0.,0.,-8.));
#1537 = DIRECTION('',(0.,0.,1.));
#1538 = DIRECTION('',(1.,0.,0.));
#1539 = PCURVE('',#1362,#1540);
#1540 = DEFINITIONAL_REPRESENTATION('',(#1541),#1545);
#1541 = LINE('',#1542,#1543);
#1542 = CARTESIAN_POINT('',(-0.,-1.));
#1543 = VECTOR('',#1544,1.);
#1544 = DIRECTION('',(-1.,0.));
#1545 = ( GEOMETRIC_REPRESENTATION_CONTEXT(2)
PARAMETRIC_REPRESENTATION_CONTEXT() REPRESENTATION_CONTEXT('2D SPACE',''
  ) );
#1546 = PCURVE('',#1460,#1547);
#1547 = DEFINITIONAL_REPRESENTATION('',(#1548),#1552);
#1548 = CIRCLE('',#1549,12.);
#1549 = AXIS2_PLACEMENT_2D('',#1550,#1551);
#1550 = CARTESIAN_POINT('',(6.837200662697E-16,-4.217680353673E-16));
#1551 = DIRECTION('',(1.,0.));
#1552 = ( GEOMETRIC_REPRESENTATION_CONTEXT(2)
PARAMETRIC_REPRESENTATION_CONTEXT() REPRESENTATION_CONTEXT('2D SPACE',''
  ) );
#1553 = ORIENTED_EDGE('',*,*,#1554,.T.);
#1554 = EDGE_CURVE('',#1531,#1353,#1555,.T.);
#1555 = SURFACE_CURVE('',#1556,(#1560,#1566),.PCURVE_S1.);
#1556 = LINE('',#1557,#1558);
#1557 = CARTESIAN_POINT('',(-12.,0.,-9.));
#1558 = VECTOR('',#1559,1.);
#1559 = DIRECTION('',(-0.,-0.,-1.));
#1560 = PCURVE('',#1362,#1561);
#1561 = DEFINITIONAL_REPRESENTATION('',(#1562),#1565);
#1562 = B_SPLINE_CURVE_WITH_KNOTS('',1,(#1563,#1564),.UNSPECIFIED.,.F.,
  .F.,(2,2),(-1.0000006,5.999999999062E-07),.PIECEWISE_BEZIER_KNOTS.);
#1563 = CARTESIAN_POINT('',(-3.14159265359,-1.0000006));
#1564 = CARTESIAN_POINT('',(-3.14159265359,5.999999999062E-07));
#1565 = ( GEOMETRIC_REPRESENTATION_CONTEXT(2)
PARAMETRIC_REPRESENTATION_CONTEXT() REPRESENTATION_CONTEXT('2D SPACE',''
  ) );
#1566 = PCURVE('',#1567,#1572);
#1567 = PLANE('',#1568);
#1568 = AXIS2_PLACEMENT_3D('',#1569,#1570,#1571);
#1569 = CARTESIAN_POINT('',(-30.,0.,-65.));
#1570 = DIRECTION('',(0.,1.,0.));
#1571 = DIRECTION('',(0.,0.,1.));
#1572 = DEFINITIONAL_REPRESENTATION('',(#1573),#1576);
#1573 = B_SPLINE_CURVE_WITH_KNOTS('',1,(#1574,#1575),.UNSPECIFIED.,.F.,
  .F.,(2,2),(-1.0000006,5.999999999062E-07),.PIECEWISE_BEZIER_KNOTS.);
#1574 = CARTESIAN_POINT('',(57.0000006,18.));
#1575 = CARTESIAN_POINT('',(55.9999994,18.));
#1576 = ( GEOMETRIC_REPRESENTATION_CONTEXT(2)
PARAMETRIC_REPRESENTATION_CONTEXT() REPRESENTATION_CONTEXT('2D SPACE',''
  ) );
#1577 = ADVANCED_FACE('',(#1578),#1374,.F.);
#1578 = FACE_BOUND('',#1579,.F.);
#1579 = EDGE_LOOP('',(#1580,#1601,#1602,#1623,#1651,#1674,#1703,#1731,
    #1754,#1777,#1806,#1834,#1857,#1880,#1909,#1937));
#1580 = ORIENTED_EDGE('',*,*,#1581,.F.);
#1581 = EDGE_CURVE('',#1351,#1582,#1584,.T.);
#1582 = VERTEX_POINT('',#1583);
#1583 = CARTESIAN_POINT('',(5.65,0.,-9.));
#1584 = SURFACE_CURVE('',#1585,(#1589,#1595),.PCURVE_S1.);
#1585 = LINE('',#1586,#1587);
#1586 = CARTESIAN_POINT('',(-15.,0.,-9.));
#1587 = VECTOR('',#1588,1.);
#1588 = DIRECTION('',(-1.,0.,0.));
#1589 = PCURVE('',#1374,#1590);
#1590 = DEFINITIONAL_REPRESENTATION('',(#1591),#1594);
#1591 = B_SPLINE_CURVE_WITH_KNOTS('',1,(#1592,#1593),.UNSPECIFIED.,.F.,
  .F.,(2,2),(-27.,-3.),.PIECEWISE_BEZIER_KNOTS.);
#1592 = CARTESIAN_POINT('',(12.,-4.217680353673E-16));
#1593 = CARTESIAN_POINT('',(-12.,-4.217680353673E-16));
#1594 = ( GEOMETRIC_REPRESENTATION_CONTEXT(2)
PARAMETRIC_REPRESENTATION_CONTEXT() REPRESENTATION_CONTEXT('2D SPACE',''
  ) );
#1595 = PCURVE('',#1402,#1596);
#1596 = DEFINITIONAL_REPRESENTATION('',(#1597),#1600);
#1597 = B_SPLINE_CURVE_WITH_KNOTS('',1,(#1598,#1599),.UNSPECIFIED.,.F.,
  .F.,(2,2),(-27.,-3.),.PIECEWISE_BEZIER_KNOTS.);
#1598 = CARTESIAN_POINT('',(56.,42.));
#1599 = CARTESIAN_POINT('',(56.,18.));
#1600 = ( GEOMETRIC_REPRESENTATION_CONTEXT(2)
PARAMETRIC_REPRESENTATION_CONTEXT() REPRESENTATION_CONTEXT('2D SPACE',''
  ) );
#1601 = ORIENTED_EDGE('',*,*,#1350,.T.);
#1602 = ORIENTED_EDGE('',*,*,#1603,.F.);
#1603 = EDGE_CURVE('',#1604,#1353,#1606,.T.);
#1604 = VERTEX_POINT('',#1605);
#1605 = CARTESIAN_POINT('',(-5.65,0.,-9.));
#1606 = SURFACE_CURVE('',#1607,(#1611,#1617),.PCURVE_S1.);
#1607 = LINE('',#1608,#1609);
#1608 = CARTESIAN_POINT('',(-15.,0.,-9.));
#1609 = VECTOR('',#1610,1.);
#1610 = DIRECTION('',(-1.,0.,0.));
#1611 = PCURVE('',#1374,#1612);
#1612 = DEFINITIONAL_REPRESENTATION('',(#1613),#1616);
#1613 = B_SPLINE_CURVE_WITH_KNOTS('',1,(#1614,#1615),.UNSPECIFIED.,.F.,
  .F.,(2,2),(-27.,-3.),.PIECEWISE_BEZIER_KNOTS.);
#1614 = CARTESIAN_POINT('',(12.,-4.217680353673E-16));
#1615 = CARTESIAN_POINT('',(-12.,-4.217680353673E-16));
#1616 = ( GEOMETRIC_REPRESENTATION_CONTEXT(2)
PARAMETRIC_REPRESENTATION_CONTEXT() REPRESENTATION_CONTEXT('2D SPACE',''
  ) );
#1617 = PCURVE('',#1567,#1618);
#1618 = DEFINITIONAL_REPRESENTATION('',(#1619),#1622);
#1619 = B_SPLINE_CURVE_WITH_KNOTS('',1,(#1620,#1621),.UNSPECIFIED.,.F.,
  .F.,(2,2),(-27.,-3.),.PIECEWISE_BEZIER_KNOTS.);
#1620 = CARTESIAN_POINT('',(56.,42.));
#1621 = CARTESIAN_POINT('',(56.,18.));
#1622 = ( GEOMETRIC_REPRESENTATION_CONTEXT(2)
PARAMETRIC_REPRESENTATION_CONTEXT() REPRESENTATION_CONTEXT('2D SPACE',''
  ) );
#1623 = ORIENTED_EDGE('',*,*,#1624,.F.);
#1624 = EDGE_CURVE('',#1625,#1604,#1627,.T.);
#1625 = VERTEX_POINT('',#1626);
#1626 = CARTESIAN_POINT('',(-5.65,1.,-9.));
#1627 = SURFACE_CURVE('',#1628,(#1632,#1639),.PCURVE_S1.);
#1628 = LINE('',#1629,#1630);
#1629 = CARTESIAN_POINT('',(-5.65,1.,-9.));
#1630 = VECTOR('',#1631,1.);
#1631 = DIRECTION('',(-1.224646799147E-16,-1.,0.));
#1632 = PCURVE('',#1374,#1633);
#1633 = DEFINITIONAL_REPRESENTATION('',(#1634),#1638);
#1634 = LINE('',#1635,#1636);
#1635 = CARTESIAN_POINT('',(-5.65,1.));
#1636 = VECTOR('',#1637,1.);
#1637 = DIRECTION('',(-1.224646799147E-16,-1.));
#1638 = ( GEOMETRIC_REPRESENTATION_CONTEXT(2)
PARAMETRIC_REPRESENTATION_CONTEXT() REPRESENTATION_CONTEXT('2D SPACE',''
  ) );
#1639 = PCURVE('',#1640,#1645);
#1640 = PLANE('',#1641);
#1641 = AXIS2_PLACEMENT_3D('',#1642,#1643,#1644);
#1642 = CARTESIAN_POINT('',(-6.837200662697E-16,4.217680353673E-16,-9.)
  );
#1643 = DIRECTION('',(0.,0.,1.));
#1644 = DIRECTION('',(1.,0.,-0.));
#1645 = DEFINITIONAL_REPRESENTATION('',(#1646),#1650);
#1646 = LINE('',#1647,#1648);
#1647 = CARTESIAN_POINT('',(-5.65,1.));
#1648 = VECTOR('',#1649,1.);
#1649 = DIRECTION('',(-1.224646799147E-16,-1.));
#1650 = ( GEOMETRIC_REPRESENTATION_CONTEXT(2)
PARAMETRIC_REPRESENTATION_CONTEXT() REPRESENTATION_CONTEXT('2D SPACE',''
  ) );
#1651 = ORIENTED_EDGE('',*,*,#1652,.F.);
#1652 = EDGE_CURVE('',#1653,#1625,#1655,.T.);
#1653 = VERTEX_POINT('',#1654);
#1654 = CARTESIAN_POINT('',(-4.592385001282,1.,-9.));
#1655 = SURFACE_CURVE('',#1656,(#1660,#1667),.PCURVE_S1.);
#1656 = LINE('',#1657,#1658);
#1657 = CARTESIAN_POINT('',(-2.15,1.,-9.));
#1658 = VECTOR('',#1659,1.);
#1659 = DIRECTION('',(-1.,1.224646799147E-16,0.));
#1660 = PCURVE('',#1374,#1661);
#1661 = DEFINITIONAL_REPRESENTATION('',(#1662),#1666);
#1662 = LINE('',#1663,#1664);
#1663 = CARTESIAN_POINT('',(-2.15,1.));
#1664 = VECTOR('',#1665,1.);
#1665 = DIRECTION('',(-1.,1.224646799147E-16));
#1666 = ( GEOMETRIC_REPRESENTATION_CONTEXT(2)
PARAMETRIC_REPRESENTATION_CONTEXT() REPRESENTATION_CONTEXT('2D SPACE',''
  ) );
#1667 = PCURVE('',#1640,#1668);
#1668 = DEFINITIONAL_REPRESENTATION('',(#1669),#1673);
#1669 = LINE('',#1670,#1671);
#1670 = CARTESIAN_POINT('',(-2.15,1.));
#1671 = VECTOR('',#1672,1.);
#1672 = DIRECTION('',(-1.,1.224646799147E-16));
#1673 = ( GEOMETRIC_REPRESENTATION_CONTEXT(2)
PARAMETRIC_REPRESENTATION_CONTEXT() REPRESENTATION_CONTEXT('2D SPACE',''
  ) );
#1674 = ORIENTED_EDGE('',*,*,#1675,.F.);
#1675 = EDGE_CURVE('',#1676,#1653,#1678,.T.);
#1676 = VERTEX_POINT('',#1677);
#1677 = CARTESIAN_POINT('',(-3.162217904425,3.477122075069,-9.));
#1678 = SURFACE_CURVE('',#1679,(#1684,#1691),.PCURVE_S1.);
#1679 = CIRCLE('',#1680,4.7);
#1680 = AXIS2_PLACEMENT_3D('',#1681,#1682,#1683);
#1681 = CARTESIAN_POINT('',(5.722244773978E-14,6.607168583621E-16,-9.));
#1682 = DIRECTION('',(0.,0.,1.));
#1683 = DIRECTION('',(1.,0.,0.));
#1684 = PCURVE('',#1374,#1685);
#1685 = DEFINITIONAL_REPRESENTATION('',(#1686),#1690);
#1686 = CIRCLE('',#1687,4.7);
#1687 = AXIS2_PLACEMENT_2D('',#1688,#1689);
#1688 = CARTESIAN_POINT('',(5.790616780605E-14,2.389488229948E-16));
#1689 = DIRECTION('',(1.,0.));
#1690 = ( GEOMETRIC_REPRESENTATION_CONTEXT(2)
PARAMETRIC_REPRESENTATION_CONTEXT() REPRESENTATION_CONTEXT('2D SPACE',''
  ) );
#1691 = PCURVE('',#1692,#1697);
#1692 = CYLINDRICAL_SURFACE('',#1693,4.7);
#1693 = AXIS2_PLACEMENT_3D('',#1694,#1695,#1696);
#1694 = CARTESIAN_POINT('',(5.722244773978E-14,6.607168583621E-16,-9.));
#1695 = DIRECTION('',(-0.,-0.,-1.));
#1696 = DIRECTION('',(1.,0.,0.));
#1697 = DEFINITIONAL_REPRESENTATION('',(#1698),#1702);
#1698 = LINE('',#1699,#1700);
#1699 = CARTESIAN_POINT('',(-0.,0.));
#1700 = VECTOR('',#1701,1.);
#1701 = DIRECTION('',(-1.,0.));
#1702 = ( GEOMETRIC_REPRESENTATION_CONTEXT(2)
PARAMETRIC_REPRESENTATION_CONTEXT() REPRESENTATION_CONTEXT('2D SPACE',''
  ) );
#1703 = ORIENTED_EDGE('',*,*,#1704,.T.);
#1704 = EDGE_CURVE('',#1676,#1705,#1707,.T.);
#1705 = VERTEX_POINT('',#1706);
#1706 = CARTESIAN_POINT('',(-3.691025403784,4.393043531382,-9.));
#1707 = SURFACE_CURVE('',#1708,(#1712,#1719),.PCURVE_S1.);
#1708 = LINE('',#1709,#1710);
#1709 = CARTESIAN_POINT('',(-1.941025403784,1.361954618137,-9.));
#1710 = VECTOR('',#1711,1.);
#1711 = DIRECTION('',(-0.5,0.866025403784,0.));
#1712 = PCURVE('',#1374,#1713);
#1713 = DEFINITIONAL_REPRESENTATION('',(#1714),#1718);
#1714 = LINE('',#1715,#1716);
#1715 = CARTESIAN_POINT('',(-1.941025403784,1.361954618137));
#1716 = VECTOR('',#1717,1.);
#1717 = DIRECTION('',(-0.5,0.866025403784));
#1718 = ( GEOMETRIC_REPRESENTATION_CONTEXT(2)
PARAMETRIC_REPRESENTATION_CONTEXT() REPRESENTATION_CONTEXT('2D SPACE',''
  ) );
#1719 = PCURVE('',#1720,#1725);
#1720 = PLANE('',#1721);
#1721 = AXIS2_PLACEMENT_3D('',#1722,#1723,#1724);
#1722 = CARTESIAN_POINT('',(-6.837200662697E-16,4.217680353673E-16,-9.)
  );
#1723 = DIRECTION('',(0.,0.,1.));
#1724 = DIRECTION('',(1.,0.,-0.));
#1725 = DEFINITIONAL_REPRESENTATION('',(#1726),#1730);
#1726 = LINE('',#1727,#1728);
#1727 = CARTESIAN_POINT('',(-1.941025403784,1.361954618137));
#1728 = VECTOR('',#1729,1.);
#1729 = DIRECTION('',(-0.5,0.866025403784));
#1730 = ( GEOMETRIC_REPRESENTATION_CONTEXT(2)
PARAMETRIC_REPRESENTATION_CONTEXT() REPRESENTATION_CONTEXT('2D SPACE',''
  ) );
#1731 = ORIENTED_EDGE('',*,*,#1732,.F.);
#1732 = EDGE_CURVE('',#1733,#1705,#1735,.T.);
#1733 = VERTEX_POINT('',#1734);
#1734 = CARTESIAN_POINT('',(-1.958974596216,5.393043531382,-9.));
#1735 = SURFACE_CURVE('',#1736,(#1740,#1747),.PCURVE_S1.);
#1736 = LINE('',#1737,#1738);
#1737 = CARTESIAN_POINT('',(-1.958974596216,5.393043531382,-9.));
#1738 = VECTOR('',#1739,1.);
#1739 = DIRECTION('',(-0.866025403784,-0.5,0.));
#1740 = PCURVE('',#1374,#1741);
#1741 = DEFINITIONAL_REPRESENTATION('',(#1742),#1746);
#1742 = LINE('',#1743,#1744);
#1743 = CARTESIAN_POINT('',(-1.958974596216,5.393043531382));
#1744 = VECTOR('',#1745,1.);
#1745 = DIRECTION('',(-0.866025403784,-0.5));
#1746 = ( GEOMETRIC_REPRESENTATION_CONTEXT(2)
PARAMETRIC_REPRESENTATION_CONTEXT() REPRESENTATION_CONTEXT('2D SPACE',''
  ) );
#1747 = PCURVE('',#1720,#1748);
#1748 = DEFINITIONAL_REPRESENTATION('',(#1749),#1753);
#1749 = LINE('',#1750,#1751);
#1750 = CARTESIAN_POINT('',(-1.958974596216,5.393043531382));
#1751 = VECTOR('',#1752,1.);
#1752 = DIRECTION('',(-0.866025403784,-0.5));
#1753 = ( GEOMETRIC_REPRESENTATION_CONTEXT(2)
PARAMETRIC_REPRESENTATION_CONTEXT() REPRESENTATION_CONTEXT('2D SPACE',''
  ) );
#1754 = ORIENTED_EDGE('',*,*,#1755,.F.);
#1755 = EDGE_CURVE('',#1756,#1733,#1758,.T.);
#1756 = VERTEX_POINT('',#1757);
#1757 = CARTESIAN_POINT('',(-1.430167096857,4.477122075069,-9.));
#1758 = SURFACE_CURVE('',#1759,(#1763,#1770),.PCURVE_S1.);
#1759 = LINE('',#1760,#1761);
#1760 = CARTESIAN_POINT('',(-0.208974596216,2.361954618137,-9.));
#1761 = VECTOR('',#1762,1.);
#1762 = DIRECTION('',(-0.5,0.866025403784,0.));
#1763 = PCURVE('',#1374,#1764);
#1764 = DEFINITIONAL_REPRESENTATION('',(#1765),#1769);
#1765 = LINE('',#1766,#1767);
#1766 = CARTESIAN_POINT('',(-0.208974596216,2.361954618137));
#1767 = VECTOR('',#1768,1.);
#1768 = DIRECTION('',(-0.5,0.866025403784));
#1769 = ( GEOMETRIC_REPRESENTATION_CONTEXT(2)
PARAMETRIC_REPRESENTATION_CONTEXT() REPRESENTATION_CONTEXT('2D SPACE',''
  ) );
#1770 = PCURVE('',#1720,#1771);
#1771 = DEFINITIONAL_REPRESENTATION('',(#1772),#1776);
#1772 = LINE('',#1773,#1774);
#1773 = CARTESIAN_POINT('',(-0.208974596216,2.361954618137));
#1774 = VECTOR('',#1775,1.);
#1775 = DIRECTION('',(-0.5,0.866025403784));
#1776 = ( GEOMETRIC_REPRESENTATION_CONTEXT(2)
PARAMETRIC_REPRESENTATION_CONTEXT() REPRESENTATION_CONTEXT('2D SPACE',''
  ) );
#1777 = ORIENTED_EDGE('',*,*,#1778,.F.);
#1778 = EDGE_CURVE('',#1779,#1756,#1781,.T.);
#1779 = VERTEX_POINT('',#1780);
#1780 = CARTESIAN_POINT('',(1.430167096857,4.477122075069,-9.));
#1781 = SURFACE_CURVE('',#1782,(#1787,#1794),.PCURVE_S1.);
#1782 = CIRCLE('',#1783,4.7);
#1783 = AXIS2_PLACEMENT_3D('',#1784,#1785,#1786);
#1784 = CARTESIAN_POINT('',(5.722244773978E-14,6.607168583621E-16,-9.));
#1785 = DIRECTION('',(0.,0.,1.));
#1786 = DIRECTION('',(1.,0.,0.));
#1787 = PCURVE('',#1374,#1788);
#1788 = DEFINITIONAL_REPRESENTATION('',(#1789),#1793);
#1789 = CIRCLE('',#1790,4.7);
#1790 = AXIS2_PLACEMENT_2D('',#1791,#1792);
#1791 = CARTESIAN_POINT('',(5.790616780605E-14,2.389488229948E-16));
#1792 = DIRECTION('',(1.,0.));
#1793 = ( GEOMETRIC_REPRESENTATION_CONTEXT(2)
PARAMETRIC_REPRESENTATION_CONTEXT() REPRESENTATION_CONTEXT('2D SPACE',''
  ) );
#1794 = PCURVE('',#1795,#1800);
#1795 = CYLINDRICAL_SURFACE('',#1796,4.7);
#1796 = AXIS2_PLACEMENT_3D('',#1797,#1798,#1799);
#1797 = CARTESIAN_POINT('',(5.722244773978E-14,6.607168583621E-16,-9.));
#1798 = DIRECTION('',(-0.,-0.,-1.));
#1799 = DIRECTION('',(1.,0.,0.));
#1800 = DEFINITIONAL_REPRESENTATION('',(#1801),#1805);
#1801 = LINE('',#1802,#1803);
#1802 = CARTESIAN_POINT('',(-0.,0.));
#1803 = VECTOR('',#1804,1.);
#1804 = DIRECTION('',(-1.,0.));
#1805 = ( GEOMETRIC_REPRESENTATION_CONTEXT(2)
PARAMETRIC_REPRESENTATION_CONTEXT() REPRESENTATION_CONTEXT('2D SPACE',''
  ) );
#1806 = ORIENTED_EDGE('',*,*,#1807,.T.);
#1807 = EDGE_CURVE('',#1779,#1808,#1810,.T.);
#1808 = VERTEX_POINT('',#1809);
#1809 = CARTESIAN_POINT('',(1.958974596216,5.393043531382,-9.));
#1810 = SURFACE_CURVE('',#1811,(#1815,#1822),.PCURVE_S1.);
#1811 = LINE('',#1812,#1813);
#1812 = CARTESIAN_POINT('',(0.208974596216,2.361954618137,-9.));
#1813 = VECTOR('',#1814,1.);
#1814 = DIRECTION('',(0.5,0.866025403784,0.));
#1815 = PCURVE('',#1374,#1816);
#1816 = DEFINITIONAL_REPRESENTATION('',(#1817),#1821);
#1817 = LINE('',#1818,#1819);
#1818 = CARTESIAN_POINT('',(0.208974596216,2.361954618137));
#1819 = VECTOR('',#1820,1.);
#1820 = DIRECTION('',(0.5,0.866025403784));
#1821 = ( GEOMETRIC_REPRESENTATION_CONTEXT(2)
PARAMETRIC_REPRESENTATION_CONTEXT() REPRESENTATION_CONTEXT('2D SPACE',''
  ) );
#1822 = PCURVE('',#1823,#1828);
#1823 = PLANE('',#1824);
#1824 = AXIS2_PLACEMENT_3D('',#1825,#1826,#1827);
#1825 = CARTESIAN_POINT('',(-6.837200662697E-16,4.217680353673E-16,-9.)
  );
#1826 = DIRECTION('',(0.,0.,1.));
#1827 = DIRECTION('',(1.,0.,-0.));
#1828 = DEFINITIONAL_REPRESENTATION('',(#1829),#1833);
#1829 = LINE('',#1830,#1831);
#1830 = CARTESIAN_POINT('',(0.208974596216,2.361954618137));
#1831 = VECTOR('',#1832,1.);
#1832 = DIRECTION('',(0.5,0.866025403784));
#1833 = ( GEOMETRIC_REPRESENTATION_CONTEXT(2)
PARAMETRIC_REPRESENTATION_CONTEXT() REPRESENTATION_CONTEXT('2D SPACE',''
  ) );
#1834 = ORIENTED_EDGE('',*,*,#1835,.F.);
#1835 = EDGE_CURVE('',#1836,#1808,#1838,.T.);
#1836 = VERTEX_POINT('',#1837);
#1837 = CARTESIAN_POINT('',(3.691025403784,4.393043531382,-9.));
#1838 = SURFACE_CURVE('',#1839,(#1843,#1850),.PCURVE_S1.);
#1839 = LINE('',#1840,#1841);
#1840 = CARTESIAN_POINT('',(3.691025403784,4.393043531382,-9.));
#1841 = VECTOR('',#1842,1.);
#1842 = DIRECTION('',(-0.866025403784,0.5,0.));
#1843 = PCURVE('',#1374,#1844);
#1844 = DEFINITIONAL_REPRESENTATION('',(#1845),#1849);
#1845 = LINE('',#1846,#1847);
#1846 = CARTESIAN_POINT('',(3.691025403784,4.393043531382));
#1847 = VECTOR('',#1848,1.);
#1848 = DIRECTION('',(-0.866025403784,0.5));
#1849 = ( GEOMETRIC_REPRESENTATION_CONTEXT(2)
PARAMETRIC_REPRESENTATION_CONTEXT() REPRESENTATION_CONTEXT('2D SPACE',''
  ) );
#1850 = PCURVE('',#1823,#1851);
#1851 = DEFINITIONAL_REPRESENTATION('',(#1852),#1856);
#1852 = LINE('',#1853,#1854);
#1853 = CARTESIAN_POINT('',(3.691025403784,4.393043531382));
#1854 = VECTOR('',#1855,1.);
#1855 = DIRECTION('',(-0.866025403784,0.5));
#1856 = ( GEOMETRIC_REPRESENTATION_CONTEXT(2)
PARAMETRIC_REPRESENTATION_CONTEXT() REPRESENTATION_CONTEXT('2D SPACE',''
  ) );
#1857 = ORIENTED_EDGE('',*,*,#1858,.F.);
#1858 = EDGE_CURVE('',#1859,#1836,#1861,.T.);
#1859 = VERTEX_POINT('',#1860);
#1860 = CARTESIAN_POINT('',(3.162217904425,3.477122075069,-9.));
#1861 = SURFACE_CURVE('',#1862,(#1866,#1873),.PCURVE_S1.);
#1862 = LINE('',#1863,#1864);
#1863 = CARTESIAN_POINT('',(1.941025403784,1.361954618137,-9.));
#1864 = VECTOR('',#1865,1.);
#1865 = DIRECTION('',(0.5,0.866025403784,0.));
#1866 = PCURVE('',#1374,#1867);
#1867 = DEFINITIONAL_REPRESENTATION('',(#1868),#1872);
#1868 = LINE('',#1869,#1870);
#1869 = CARTESIAN_POINT('',(1.941025403784,1.361954618137));
#1870 = VECTOR('',#1871,1.);
#1871 = DIRECTION('',(0.5,0.866025403784));
#1872 = ( GEOMETRIC_REPRESENTATION_CONTEXT(2)
PARAMETRIC_REPRESENTATION_CONTEXT() REPRESENTATION_CONTEXT('2D SPACE',''
  ) );
#1873 = PCURVE('',#1823,#1874);
#1874 = DEFINITIONAL_REPRESENTATION('',(#1875),#1879);
#1875 = LINE('',#1876,#1877);
#1876 = CARTESIAN_POINT('',(1.941025403784,1.361954618137));
#1877 = VECTOR('',#1878,1.);
#1878 = DIRECTION('',(0.5,0.866025403784));
#1879 = ( GEOMETRIC_REPRESENTATION_CONTEXT(2)
PARAMETRIC_REPRESENTATION_CONTEXT() REPRESENTATION_CONTEXT('2D SPACE',''
  ) );
#1880 = ORIENTED_EDGE('',*,*,#1881,.F.);
#1881 = EDGE_CURVE('',#1882,#1859,#1884,.T.);
#1882 = VERTEX_POINT('',#1883);
#1883 = CARTESIAN_POINT('',(4.592385001282,1.,-9.));
#1884 = SURFACE_CURVE('',#1885,(#1890,#1897),.PCURVE_S1.);
#1885 = CIRCLE('',#1886,4.7);
#1886 = AXIS2_PLACEMENT_3D('',#1887,#1888,#1889);
#1887 = CARTESIAN_POINT('',(5.722244773978E-14,6.607168583621E-16,-9.));
#1888 = DIRECTION('',(0.,0.,1.));
#1889 = DIRECTION('',(1.,0.,0.));
#1890 = PCURVE('',#1374,#1891);
#1891 = DEFINITIONAL_REPRESENTATION('',(#1892),#1896);
#1892 = CIRCLE('',#1893,4.7);
#1893 = AXIS2_PLACEMENT_2D('',#1894,#1895);
#1894 = CARTESIAN_POINT('',(5.790616780605E-14,2.389488229948E-16));
#1895 = DIRECTION('',(1.,0.));
#1896 = ( GEOMETRIC_REPRESENTATION_CONTEXT(2)
PARAMETRIC_REPRESENTATION_CONTEXT() REPRESENTATION_CONTEXT('2D SPACE',''
  ) );
#1897 = PCURVE('',#1898,#1903);
#1898 = CYLINDRICAL_SURFACE('',#1899,4.7);
#1899 = AXIS2_PLACEMENT_3D('',#1900,#1901,#1902);
#1900 = CARTESIAN_POINT('',(5.722244773978E-14,6.607168583621E-16,-9.));
#1901 = DIRECTION('',(-0.,-0.,-1.));
#1902 = DIRECTION('',(1.,0.,0.));
#1903 = DEFINITIONAL_REPRESENTATION('',(#1904),#1908);
#1904 = LINE('',#1905,#1906);
#1905 = CARTESIAN_POINT('',(-0.,0.));
#1906 = VECTOR('',#1907,1.);
#1907 = DIRECTION('',(-1.,0.));
#1908 = ( GEOMETRIC_REPRESENTATION_CONTEXT(2)
PARAMETRIC_REPRESENTATION_CONTEXT() REPRESENTATION_CONTEXT('2D SPACE',''
  ) );
#1909 = ORIENTED_EDGE('',*,*,#1910,.T.);
#1910 = EDGE_CURVE('',#1882,#1911,#1913,.T.);
#1911 = VERTEX_POINT('',#1912);
#1912 = CARTESIAN_POINT('',(5.65,1.,-9.));
#1913 = SURFACE_CURVE('',#1914,(#1918,#1925),.PCURVE_S1.);
#1914 = LINE('',#1915,#1916);
#1915 = CARTESIAN_POINT('',(2.15,1.,-9.));
#1916 = VECTOR('',#1917,1.);
#1917 = DIRECTION('',(1.,0.,0.));
#1918 = PCURVE('',#1374,#1919);
#1919 = DEFINITIONAL_REPRESENTATION('',(#1920),#1924);
#1920 = LINE('',#1921,#1922);
#1921 = CARTESIAN_POINT('',(2.15,1.));
#1922 = VECTOR('',#1923,1.);
#1923 = DIRECTION('',(1.,0.));
#1924 = ( GEOMETRIC_REPRESENTATION_CONTEXT(2)
PARAMETRIC_REPRESENTATION_CONTEXT() REPRESENTATION_CONTEXT('2D SPACE',''
  ) );
#1925 = PCURVE('',#1926,#1931);
#1926 = PLANE('',#1927);
#1927 = AXIS2_PLACEMENT_3D('',#1928,#1929,#1930);
#1928 = CARTESIAN_POINT('',(-6.837200662697E-16,4.217680353673E-16,-9.)
  );
#1929 = DIRECTION('',(0.,0.,1.));
#1930 = DIRECTION('',(1.,0.,-0.));
#1931 = DEFINITIONAL_REPRESENTATION('',(#1932),#1936);
#1932 = LINE('',#1933,#1934);
#1933 = CARTESIAN_POINT('',(2.15,1.));
#1934 = VECTOR('',#1935,1.);
#1935 = DIRECTION('',(1.,0.));
#1936 = ( GEOMETRIC_REPRESENTATION_CONTEXT(2)
PARAMETRIC_REPRESENTATION_CONTEXT() REPRESENTATION_CONTEXT('2D SPACE',''
  ) );
#1937 = ORIENTED_EDGE('',*,*,#1938,.F.);
#1938 = EDGE_CURVE('',#1582,#1911,#1939,.T.);
#1939 = SURFACE_CURVE('',#1940,(#1944,#1951),.PCURVE_S1.);
#1940 = LINE('',#1941,#1942);
#1941 = CARTESIAN_POINT('',(5.65,-1.,-9.));
#1942 = VECTOR('',#1943,1.);
#1943 = DIRECTION('',(0.,1.,0.));
#1944 = PCURVE('',#1374,#1945);
#1945 = DEFINITIONAL_REPRESENTATION('',(#1946),#1950);
#1946 = LINE('',#1947,#1948);
#1947 = CARTESIAN_POINT('',(5.65,-1.));
#1948 = VECTOR('',#1949,1.);
#1949 = DIRECTION('',(0.,1.));
#1950 = ( GEOMETRIC_REPRESENTATION_CONTEXT(2)
PARAMETRIC_REPRESENTATION_CONTEXT() REPRESENTATION_CONTEXT('2D SPACE',''
  ) );
#1951 = PCURVE('',#1926,#1952);
#1952 = DEFINITIONAL_REPRESENTATION('',(#1953),#1957);
#1953 = LINE('',#1954,#1955);
#1954 = CARTESIAN_POINT('',(5.65,-1.));
#1955 = VECTOR('',#1956,1.);
#1956 = DIRECTION('',(0.,1.));
#1957 = ( GEOMETRIC_REPRESENTATION_CONTEXT(2)
PARAMETRIC_REPRESENTATION_CONTEXT() REPRESENTATION_CONTEXT('2D SPACE',''
  ) );
#1958 = ADVANCED_FACE('',(#1959),#1567,.F.);
#1959 = FACE_BOUND('',#1960,.F.);
#1960 = EDGE_LOOP('',(#1961,#1962,#1983,#2009,#2035,#2061,#2087,#2113,
    #2139,#2165,#2191,#2217,#2243,#2269,#2288));
#1961 = ORIENTED_EDGE('',*,*,#1554,.F.);
#1962 = ORIENTED_EDGE('',*,*,#1963,.F.);
#1963 = EDGE_CURVE('',#1964,#1531,#1966,.T.);
#1964 = VERTEX_POINT('',#1965);
#1965 = CARTESIAN_POINT('',(-5.65,0.,-8.));
#1966 = SURFACE_CURVE('',#1967,(#1971,#1977),.PCURVE_S1.);
#1967 = LINE('',#1968,#1969);
#1968 = CARTESIAN_POINT('',(-15.,0.,-8.));
#1969 = VECTOR('',#1970,1.);
#1970 = DIRECTION('',(-1.,0.,0.));
#1971 = PCURVE('',#1567,#1972);
#1972 = DEFINITIONAL_REPRESENTATION('',(#1973),#1976);
#1973 = B_SPLINE_CURVE_WITH_KNOTS('',1,(#1974,#1975),.UNSPECIFIED.,.F.,
  .F.,(2,2),(-26.93471826228,-3.),.PIECEWISE_BEZIER_KNOTS.);
#1974 = CARTESIAN_POINT('',(57.,41.93471826228));
#1975 = CARTESIAN_POINT('',(57.,18.));
#1976 = ( GEOMETRIC_REPRESENTATION_CONTEXT(2)
PARAMETRIC_REPRESENTATION_CONTEXT() REPRESENTATION_CONTEXT('2D SPACE',''
  ) );
#1977 = PCURVE('',#1460,#1978);
#1978 = DEFINITIONAL_REPRESENTATION('',(#1979),#1982);
#1979 = B_SPLINE_CURVE_WITH_KNOTS('',1,(#1980,#1981),.UNSPECIFIED.,.F.,
  .F.,(2,2),(-26.93471826228,-3.),.PIECEWISE_BEZIER_KNOTS.);
#1980 = CARTESIAN_POINT('',(11.93471826228,-4.217680353673E-16));
#1981 = CARTESIAN_POINT('',(-12.,-4.217680353673E-16));
#1982 = ( GEOMETRIC_REPRESENTATION_CONTEXT(2)
PARAMETRIC_REPRESENTATION_CONTEXT() REPRESENTATION_CONTEXT('2D SPACE',''
  ) );
#1983 = ORIENTED_EDGE('',*,*,#1984,.F.);
#1984 = EDGE_CURVE('',#1985,#1964,#1987,.T.);
#1985 = VERTEX_POINT('',#1986);
#1986 = CARTESIAN_POINT('',(-5.4,6.613092715396E-16,-8.));
#1987 = SURFACE_CURVE('',#1988,(#1992,#1998),.PCURVE_S1.);
#1988 = LINE('',#1989,#1990);
#1989 = CARTESIAN_POINT('',(-15.,0.,-8.));
#1990 = VECTOR('',#1991,1.);
#1991 = DIRECTION('',(-1.,0.,0.));
#1992 = PCURVE('',#1567,#1993);
#1993 = DEFINITIONAL_REPRESENTATION('',(#1994),#1997);
#1994 = B_SPLINE_CURVE_WITH_KNOTS('',1,(#1995,#1996),.UNSPECIFIED.,.F.,
  .F.,(2,2),(-9.693400335431,-9.35),.PIECEWISE_BEZIER_KNOTS.);
#1995 = CARTESIAN_POINT('',(57.,24.693400335431));
#1996 = CARTESIAN_POINT('',(57.,24.35));
#1997 = ( GEOMETRIC_REPRESENTATION_CONTEXT(2)
PARAMETRIC_REPRESENTATION_CONTEXT() REPRESENTATION_CONTEXT('2D SPACE',''
  ) );
#1998 = PCURVE('',#1999,#2004);
#1999 = PLANE('',#2000);
#2000 = AXIS2_PLACEMENT_3D('',#2001,#2002,#2003);
#2001 = CARTESIAN_POINT('',(-6.837200662697E-16,4.217680353673E-16,-8.)
  );
#2002 = DIRECTION('',(0.,0.,1.));
#2003 = DIRECTION('',(1.,0.,-0.));
#2004 = DEFINITIONAL_REPRESENTATION('',(#2005),#2008);
#2005 = B_SPLINE_CURVE_WITH_KNOTS('',1,(#2006,#2007),.UNSPECIFIED.,.F.,
  .F.,(2,2),(-9.693400335431,-9.35),.PIECEWISE_BEZIER_KNOTS.);
#2006 = CARTESIAN_POINT('',(-5.306599664569,-4.217680353673E-16));
#2007 = CARTESIAN_POINT('',(-5.65,-4.217680353673E-16));
#2008 = ( GEOMETRIC_REPRESENTATION_CONTEXT(2)
PARAMETRIC_REPRESENTATION_CONTEXT() REPRESENTATION_CONTEXT('2D SPACE',''
  ) );
#2009 = ORIENTED_EDGE('',*,*,#2010,.F.);
#2010 = EDGE_CURVE('',#2011,#1985,#2013,.T.);
#2011 = VERTEX_POINT('',#2012);
#2012 = CARTESIAN_POINT('',(-5.4,6.613092715396E-16,-1.2));
#2013 = SURFACE_CURVE('',#2014,(#2018,#2024),.PCURVE_S1.);
#2014 = LINE('',#2015,#2016);
#2015 = CARTESIAN_POINT('',(-5.4,0.,-8.));
#2016 = VECTOR('',#2017,1.);
#2017 = DIRECTION('',(-0.,-0.,-1.));
#2018 = PCURVE('',#1567,#2019);
#2019 = DEFINITIONAL_REPRESENTATION('',(#2020),#2023);
#2020 = B_SPLINE_CURVE_WITH_KNOTS('',1,(#2021,#2022),.UNSPECIFIED.,.F.,
  .F.,(2,2),(-6.8000006,5.999999999062E-07),.PIECEWISE_BEZIER_KNOTS.);
#2021 = CARTESIAN_POINT('',(63.8000006,24.6));
#2022 = CARTESIAN_POINT('',(56.9999994,24.6));
#2023 = ( GEOMETRIC_REPRESENTATION_CONTEXT(2)
PARAMETRIC_REPRESENTATION_CONTEXT() REPRESENTATION_CONTEXT('2D SPACE',''
  ) );
#2024 = PCURVE('',#2025,#2030);
#2025 = CYLINDRICAL_SURFACE('',#2026,5.4);
#2026 = AXIS2_PLACEMENT_3D('',#2027,#2028,#2029);
#2027 = CARTESIAN_POINT('',(0.,0.,-8.));
#2028 = DIRECTION('',(-0.,-0.,-1.));
#2029 = DIRECTION('',(1.,0.,0.));
#2030 = DEFINITIONAL_REPRESENTATION('',(#2031),#2034);
#2031 = B_SPLINE_CURVE_WITH_KNOTS('',1,(#2032,#2033),.UNSPECIFIED.,.F.,
  .F.,(2,2),(-6.8000006,5.999999999062E-07),.PIECEWISE_BEZIER_KNOTS.);
#2032 = CARTESIAN_POINT('',(-3.14159265359,-6.8000006));
#2033 = CARTESIAN_POINT('',(-3.14159265359,5.999999999062E-07));
#2034 = ( GEOMETRIC_REPRESENTATION_CONTEXT(2)
PARAMETRIC_REPRESENTATION_CONTEXT() REPRESENTATION_CONTEXT('2D SPACE',''
  ) );
#2035 = ORIENTED_EDGE('',*,*,#2036,.F.);
#2036 = EDGE_CURVE('',#2037,#2011,#2039,.T.);
#2037 = VERTEX_POINT('',#2038);
#2038 = CARTESIAN_POINT('',(-4.7,4.798051330014E-16,-1.2));
#2039 = SURFACE_CURVE('',#2040,(#2044,#2050),.PCURVE_S1.);
#2040 = LINE('',#2041,#2042);
#2041 = CARTESIAN_POINT('',(-15.,0.,-1.2));
#2042 = VECTOR('',#2043,1.);
#2043 = DIRECTION('',(-1.,0.,0.));
#2044 = PCURVE('',#1567,#2045);
#2045 = DEFINITIONAL_REPRESENTATION('',(#2046),#2049);
#2046 = B_SPLINE_CURVE_WITH_KNOTS('',1,(#2047,#2048),.UNSPECIFIED.,.F.,
  .F.,(2,2),(-20.4,-9.6),.PIECEWISE_BEZIER_KNOTS.);
#2047 = CARTESIAN_POINT('',(63.8,35.4));
#2048 = CARTESIAN_POINT('',(63.8,24.6));
#2049 = ( GEOMETRIC_REPRESENTATION_CONTEXT(2)
PARAMETRIC_REPRESENTATION_CONTEXT() REPRESENTATION_CONTEXT('2D SPACE',''
  ) );
#2050 = PCURVE('',#2051,#2056);
#2051 = PLANE('',#2052);
#2052 = AXIS2_PLACEMENT_3D('',#2053,#2054,#2055);
#2053 = CARTESIAN_POINT('',(-1.26614827087E-16,3.279323032744E-17,-1.2)
  );
#2054 = DIRECTION('',(0.,0.,1.));
#2055 = DIRECTION('',(1.,0.,-0.));
#2056 = DEFINITIONAL_REPRESENTATION('',(#2057),#2060);
#2057 = B_SPLINE_CURVE_WITH_KNOTS('',1,(#2058,#2059),.UNSPECIFIED.,.F.,
  .F.,(2,2),(-20.4,-9.6),.PIECEWISE_BEZIER_KNOTS.);
#2058 = CARTESIAN_POINT('',(5.4,-3.279323032744E-17));
#2059 = CARTESIAN_POINT('',(-5.4,-3.279323032744E-17));
#2060 = ( GEOMETRIC_REPRESENTATION_CONTEXT(2)
PARAMETRIC_REPRESENTATION_CONTEXT() REPRESENTATION_CONTEXT('2D SPACE',''
  ) );
#2061 = ORIENTED_EDGE('',*,*,#2062,.T.);
#2062 = EDGE_CURVE('',#2037,#2063,#2065,.T.);
#2063 = VERTEX_POINT('',#2064);
#2064 = CARTESIAN_POINT('',(-4.7,1.236300853961E-15,-8.));
#2065 = SURFACE_CURVE('',#2066,(#2070,#2076),.PCURVE_S1.);
#2066 = LINE('',#2067,#2068);
#2067 = CARTESIAN_POINT('',(-4.7,0.,-8.));
#2068 = VECTOR('',#2069,1.);
#2069 = DIRECTION('',(-0.,-0.,-1.));
#2070 = PCURVE('',#1567,#2071);
#2071 = DEFINITIONAL_REPRESENTATION('',(#2072),#2075);
#2072 = B_SPLINE_CURVE_WITH_KNOTS('',1,(#2073,#2074),.UNSPECIFIED.,.F.,
  .F.,(2,2),(-6.8000006,5.999999999062E-07),.PIECEWISE_BEZIER_KNOTS.);
#2073 = CARTESIAN_POINT('',(63.8000006,25.3));
#2074 = CARTESIAN_POINT('',(56.9999994,25.3));
#2075 = ( GEOMETRIC_REPRESENTATION_CONTEXT(2)
PARAMETRIC_REPRESENTATION_CONTEXT() REPRESENTATION_CONTEXT('2D SPACE',''
  ) );
#2076 = PCURVE('',#2077,#2082);
#2077 = CYLINDRICAL_SURFACE('',#2078,4.7);
#2078 = AXIS2_PLACEMENT_3D('',#2079,#2080,#2081);
#2079 = CARTESIAN_POINT('',(2.554245346446E-14,-9.577886259785E-17,-8.)
  );
#2080 = DIRECTION('',(-0.,-0.,-1.));
#2081 = DIRECTION('',(1.,0.,0.));
#2082 = DEFINITIONAL_REPRESENTATION('',(#2083),#2086);
#2083 = B_SPLINE_CURVE_WITH_KNOTS('',1,(#2084,#2085),.UNSPECIFIED.,.F.,
  .F.,(2,2),(-6.8000006,5.999999999062E-07),.PIECEWISE_BEZIER_KNOTS.);
#2084 = CARTESIAN_POINT('',(-3.14159265359,-6.8000006));
#2085 = CARTESIAN_POINT('',(-3.14159265359,5.999999999062E-07));
#2086 = ( GEOMETRIC_REPRESENTATION_CONTEXT(2)
PARAMETRIC_REPRESENTATION_CONTEXT() REPRESENTATION_CONTEXT('2D SPACE',''
  ) );
#2087 = ORIENTED_EDGE('',*,*,#2088,.F.);
#2088 = EDGE_CURVE('',#2089,#2063,#2091,.T.);
#2089 = VERTEX_POINT('',#2090);
#2090 = CARTESIAN_POINT('',(-2.15,0.,-8.));
#2091 = SURFACE_CURVE('',#2092,(#2096,#2102),.PCURVE_S1.);
#2092 = LINE('',#2093,#2094);
#2093 = CARTESIAN_POINT('',(-16.075,0.,-8.));
#2094 = VECTOR('',#2095,1.);
#2095 = DIRECTION('',(-1.,0.,0.));
#2096 = PCURVE('',#1567,#2097);
#2097 = DEFINITIONAL_REPRESENTATION('',(#2098),#2101);
#2098 = B_SPLINE_CURVE_WITH_KNOTS('',1,(#2099,#2100),.UNSPECIFIED.,.F.,
  .F.,(2,2),(-13.925,-11.375),.PIECEWISE_BEZIER_KNOTS.);
#2099 = CARTESIAN_POINT('',(57.,27.85));
#2100 = CARTESIAN_POINT('',(57.,25.3));
#2101 = ( GEOMETRIC_REPRESENTATION_CONTEXT(2)
PARAMETRIC_REPRESENTATION_CONTEXT() REPRESENTATION_CONTEXT('2D SPACE',''
  ) );
#2102 = PCURVE('',#2103,#2108);
#2103 = PLANE('',#2104);
#2104 = AXIS2_PLACEMENT_3D('',#2105,#2106,#2107);
#2105 = CARTESIAN_POINT('',(-2.15,1.,-8.));
#2106 = DIRECTION('',(0.,0.,1.));
#2107 = DIRECTION('',(-1.,1.224646799147E-16,0.));
#2108 = DEFINITIONAL_REPRESENTATION('',(#2109),#2112);
#2109 = B_SPLINE_CURVE_WITH_KNOTS('',1,(#2110,#2111),.UNSPECIFIED.,.F.,
  .F.,(2,2),(-13.925,-11.375),.PIECEWISE_BEZIER_KNOTS.);
#2110 = CARTESIAN_POINT('',(0.,1.));
#2111 = CARTESIAN_POINT('',(2.55,1.));
#2112 = ( GEOMETRIC_REPRESENTATION_CONTEXT(2)
PARAMETRIC_REPRESENTATION_CONTEXT() REPRESENTATION_CONTEXT('2D SPACE',''
  ) );
#2113 = ORIENTED_EDGE('',*,*,#2114,.T.);
#2114 = EDGE_CURVE('',#2089,#2115,#2117,.T.);
#2115 = VERTEX_POINT('',#2116);
#2116 = CARTESIAN_POINT('',(-2.15,0.,-9.));
#2117 = SURFACE_CURVE('',#2118,(#2122,#2128),.PCURVE_S1.);
#2118 = LINE('',#2119,#2120);
#2119 = CARTESIAN_POINT('',(-2.15,0.,-37.));
#2120 = VECTOR('',#2121,1.);
#2121 = DIRECTION('',(0.,0.,-1.));
#2122 = PCURVE('',#1567,#2123);
#2123 = DEFINITIONAL_REPRESENTATION('',(#2124),#2127);
#2124 = B_SPLINE_CURVE_WITH_KNOTS('',1,(#2125,#2126),.UNSPECIFIED.,.F.,
  .F.,(2,2),(-29.,-28.),.PIECEWISE_BEZIER_KNOTS.);
#2125 = CARTESIAN_POINT('',(57.,27.85));
#2126 = CARTESIAN_POINT('',(56.,27.85));
#2127 = ( GEOMETRIC_REPRESENTATION_CONTEXT(2)
PARAMETRIC_REPRESENTATION_CONTEXT() REPRESENTATION_CONTEXT('2D SPACE',''
  ) );
#2128 = PCURVE('',#2129,#2134);
#2129 = PLANE('',#2130);
#2130 = AXIS2_PLACEMENT_3D('',#2131,#2132,#2133);
#2131 = CARTESIAN_POINT('',(-2.15,1.,-9.));
#2132 = DIRECTION('',(-1.,1.224646799147E-16,0.));
#2133 = DIRECTION('',(0.,0.,1.));
#2134 = DEFINITIONAL_REPRESENTATION('',(#2135),#2138);
#2135 = B_SPLINE_CURVE_WITH_KNOTS('',1,(#2136,#2137),.UNSPECIFIED.,.F.,
  .F.,(2,2),(-29.,-28.),.PIECEWISE_BEZIER_KNOTS.);
#2136 = CARTESIAN_POINT('',(1.,-1.));
#2137 = CARTESIAN_POINT('',(0.,-1.));
#2138 = ( GEOMETRIC_REPRESENTATION_CONTEXT(2)
PARAMETRIC_REPRESENTATION_CONTEXT() REPRESENTATION_CONTEXT('2D SPACE',''
  ) );
#2139 = ORIENTED_EDGE('',*,*,#2140,.F.);
#2140 = EDGE_CURVE('',#2141,#2115,#2143,.T.);
#2141 = VERTEX_POINT('',#2142);
#2142 = CARTESIAN_POINT('',(-1.4,3.366297664712E-16,-9.));
#2143 = SURFACE_CURVE('',#2144,(#2148,#2154),.PCURVE_S1.);
#2144 = LINE('',#2145,#2146);
#2145 = CARTESIAN_POINT('',(-15.,0.,-9.));
#2146 = VECTOR('',#2147,1.);
#2147 = DIRECTION('',(-1.,0.,0.));
#2148 = PCURVE('',#1567,#2149);
#2149 = DEFINITIONAL_REPRESENTATION('',(#2150),#2153);
#2150 = B_SPLINE_CURVE_WITH_KNOTS('',1,(#2151,#2152),.UNSPECIFIED.,.F.,
  .F.,(2,2),(-17.82842712474,-12.17157287525),.PIECEWISE_BEZIER_KNOTS.);
#2151 = CARTESIAN_POINT('',(56.,32.828427124746));
#2152 = CARTESIAN_POINT('',(56.,27.171572875254));
#2153 = ( GEOMETRIC_REPRESENTATION_CONTEXT(2)
PARAMETRIC_REPRESENTATION_CONTEXT() REPRESENTATION_CONTEXT('2D SPACE',''
  ) );
#2154 = PCURVE('',#2155,#2160);
#2155 = PLANE('',#2156);
#2156 = AXIS2_PLACEMENT_3D('',#2157,#2158,#2159);
#2157 = CARTESIAN_POINT('',(-1.709300165674E-16,1.054420088418E-16,-9.)
  );
#2158 = DIRECTION('',(0.,0.,1.));
#2159 = DIRECTION('',(1.,0.,-0.));
#2160 = DEFINITIONAL_REPRESENTATION('',(#2161),#2164);
#2161 = B_SPLINE_CURVE_WITH_KNOTS('',1,(#2162,#2163),.UNSPECIFIED.,.F.,
  .F.,(2,2),(-17.82842712474,-12.17157287525),.PIECEWISE_BEZIER_KNOTS.);
#2162 = CARTESIAN_POINT('',(2.828427124746,-1.054420088418E-16));
#2163 = CARTESIAN_POINT('',(-2.828427124746,-1.054420088418E-16));
#2164 = ( GEOMETRIC_REPRESENTATION_CONTEXT(2)
PARAMETRIC_REPRESENTATION_CONTEXT() REPRESENTATION_CONTEXT('2D SPACE',''
  ) );
#2165 = ORIENTED_EDGE('',*,*,#2166,.T.);
#2166 = EDGE_CURVE('',#2141,#2167,#2169,.T.);
#2167 = VERTEX_POINT('',#2168);
#2168 = CARTESIAN_POINT('',(-1.4,3.366297664712E-16,-25.));
#2169 = SURFACE_CURVE('',#2170,(#2174,#2180),.PCURVE_S1.);
#2170 = LINE('',#2171,#2172);
#2171 = CARTESIAN_POINT('',(-1.4,0.,-25.));
#2172 = VECTOR('',#2173,1.);
#2173 = DIRECTION('',(-0.,-0.,-1.));
#2174 = PCURVE('',#1567,#2175);
#2175 = DEFINITIONAL_REPRESENTATION('',(#2176),#2179);
#2176 = B_SPLINE_CURVE_WITH_KNOTS('',1,(#2177,#2178),.UNSPECIFIED.,.F.,
  .F.,(2,2),(-16.0000006,5.999999999062E-07),.PIECEWISE_BEZIER_KNOTS.);
#2177 = CARTESIAN_POINT('',(56.0000006,28.6));
#2178 = CARTESIAN_POINT('',(39.9999994,28.6));
#2179 = ( GEOMETRIC_REPRESENTATION_CONTEXT(2)
PARAMETRIC_REPRESENTATION_CONTEXT() REPRESENTATION_CONTEXT('2D SPACE',''
  ) );
#2180 = PCURVE('',#2181,#2186);
#2181 = CYLINDRICAL_SURFACE('',#2182,1.4);
#2182 = AXIS2_PLACEMENT_3D('',#2183,#2184,#2185);
#2183 = CARTESIAN_POINT('',(1.430561193494E-14,1.651792145905E-16,-25.)
  );
#2184 = DIRECTION('',(-0.,-0.,-1.));
#2185 = DIRECTION('',(1.,0.,0.));
#2186 = DEFINITIONAL_REPRESENTATION('',(#2187),#2190);
#2187 = B_SPLINE_CURVE_WITH_KNOTS('',1,(#2188,#2189),.UNSPECIFIED.,.F.,
  .F.,(2,2),(-16.0000006,5.999999999062E-07),.PIECEWISE_BEZIER_KNOTS.);
#2188 = CARTESIAN_POINT('',(-3.14159265359,-16.0000006));
#2189 = CARTESIAN_POINT('',(-3.14159265359,5.999999999062E-07));
#2190 = ( GEOMETRIC_REPRESENTATION_CONTEXT(2)
PARAMETRIC_REPRESENTATION_CONTEXT() REPRESENTATION_CONTEXT('2D SPACE',''
  ) );
#2191 = ORIENTED_EDGE('',*,*,#2192,.T.);
#2192 = EDGE_CURVE('',#2167,#2193,#2195,.T.);
#2193 = VERTEX_POINT('',#2194);
#2194 = CARTESIAN_POINT('',(-3.,3.673940397442E-16,-25.));
#2195 = SURFACE_CURVE('',#2196,(#2200,#2206),.PCURVE_S1.);
#2196 = LINE('',#2197,#2198);
#2197 = CARTESIAN_POINT('',(-15.,0.,-25.));
#2198 = VECTOR('',#2199,1.);
#2199 = DIRECTION('',(-1.,0.,0.));
#2200 = PCURVE('',#1567,#2201);
#2201 = DEFINITIONAL_REPRESENTATION('',(#2202),#2205);
#2202 = B_SPLINE_CURVE_WITH_KNOTS('',1,(#2203,#2204),.UNSPECIFIED.,.F.,
  .F.,(2,2),(-18.,-12.),.PIECEWISE_BEZIER_KNOTS.);
#2203 = CARTESIAN_POINT('',(40.,33.));
#2204 = CARTESIAN_POINT('',(40.,27.));
#2205 = ( GEOMETRIC_REPRESENTATION_CONTEXT(2)
PARAMETRIC_REPRESENTATION_CONTEXT() REPRESENTATION_CONTEXT('2D SPACE',''
  ) );
#2206 = PCURVE('',#2207,#2212);
#2207 = PLANE('',#2208);
#2208 = AXIS2_PLACEMENT_3D('',#2209,#2210,#2211);
#2209 = CARTESIAN_POINT('',(-1.709300165674E-16,1.054420088418E-16,-25.)
  );
#2210 = DIRECTION('',(0.,0.,1.));
#2211 = DIRECTION('',(1.,0.,-0.));
#2212 = DEFINITIONAL_REPRESENTATION('',(#2213),#2216);
#2213 = B_SPLINE_CURVE_WITH_KNOTS('',1,(#2214,#2215),.UNSPECIFIED.,.F.,
  .F.,(2,2),(-18.,-12.),.PIECEWISE_BEZIER_KNOTS.);
#2214 = CARTESIAN_POINT('',(3.,-1.054420088418E-16));
#2215 = CARTESIAN_POINT('',(-3.,-1.054420088418E-16));
#2216 = ( GEOMETRIC_REPRESENTATION_CONTEXT(2)
PARAMETRIC_REPRESENTATION_CONTEXT() REPRESENTATION_CONTEXT('2D SPACE',''
  ) );
#2217 = ORIENTED_EDGE('',*,*,#2218,.F.);
#2218 = EDGE_CURVE('',#2219,#2193,#2221,.T.);
#2219 = VERTEX_POINT('',#2220);
#2220 = CARTESIAN_POINT('',(-3.,3.673940397442E-16,-9.));
#2221 = SURFACE_CURVE('',#2222,(#2226,#2232),.PCURVE_S1.);
#2222 = LINE('',#2223,#2224);
#2223 = CARTESIAN_POINT('',(-3.,0.,-25.));
#2224 = VECTOR('',#2225,1.);
#2225 = DIRECTION('',(-0.,-0.,-1.));
#2226 = PCURVE('',#1567,#2227);
#2227 = DEFINITIONAL_REPRESENTATION('',(#2228),#2231);
#2228 = B_SPLINE_CURVE_WITH_KNOTS('',1,(#2229,#2230),.UNSPECIFIED.,.F.,
  .F.,(2,2),(-16.0000006,5.999999999062E-07),.PIECEWISE_BEZIER_KNOTS.);
#2229 = CARTESIAN_POINT('',(56.0000006,27.));
#2230 = CARTESIAN_POINT('',(39.9999994,27.));
#2231 = ( GEOMETRIC_REPRESENTATION_CONTEXT(2)
PARAMETRIC_REPRESENTATION_CONTEXT() REPRESENTATION_CONTEXT('2D SPACE',''
  ) );
#2232 = PCURVE('',#2233,#2238);
#2233 = CYLINDRICAL_SURFACE('',#2234,3.);
#2234 = AXIS2_PLACEMENT_3D('',#2235,#2236,#2237);
#2235 = CARTESIAN_POINT('',(0.,0.,-25.));
#2236 = DIRECTION('',(-0.,-0.,-1.));
#2237 = DIRECTION('',(1.,0.,0.));
#2238 = DEFINITIONAL_REPRESENTATION('',(#2239),#2242);
#2239 = B_SPLINE_CURVE_WITH_KNOTS('',1,(#2240,#2241),.UNSPECIFIED.,.F.,
  .F.,(2,2),(-16.0000006,5.999999999062E-07),.PIECEWISE_BEZIER_KNOTS.);
#2240 = CARTESIAN_POINT('',(-3.14159265359,-16.0000006));
#2241 = CARTESIAN_POINT('',(-3.14159265359,5.999999999062E-07));
#2242 = ( GEOMETRIC_REPRESENTATION_CONTEXT(2)
PARAMETRIC_REPRESENTATION_CONTEXT() REPRESENTATION_CONTEXT('2D SPACE',''
  ) );
#2243 = ORIENTED_EDGE('',*,*,#2244,.T.);
#2244 = EDGE_CURVE('',#2219,#2245,#2247,.T.);
#2245 = VERTEX_POINT('',#2246);
#2246 = CARTESIAN_POINT('',(-4.7,1.236300853961E-15,-9.));
#2247 = SURFACE_CURVE('',#2248,(#2252,#2258),.PCURVE_S1.);
#2248 = LINE('',#2249,#2250);
#2249 = CARTESIAN_POINT('',(-16.075,0.,-9.));
#2250 = VECTOR('',#2251,1.);
#2251 = DIRECTION('',(-1.,0.,0.));
#2252 = PCURVE('',#1567,#2253);
#2253 = DEFINITIONAL_REPRESENTATION('',(#2254),#2257);
#2254 = B_SPLINE_CURVE_WITH_KNOTS('',1,(#2255,#2256),.UNSPECIFIED.,.F.,
  .F.,(2,2),(-13.24657287525,-11.375),.PIECEWISE_BEZIER_KNOTS.);
#2255 = CARTESIAN_POINT('',(56.,27.171572875254));
#2256 = CARTESIAN_POINT('',(56.,25.3));
#2257 = ( GEOMETRIC_REPRESENTATION_CONTEXT(2)
PARAMETRIC_REPRESENTATION_CONTEXT() REPRESENTATION_CONTEXT('2D SPACE',''
  ) );
#2258 = PCURVE('',#2259,#2264);
#2259 = PLANE('',#2260);
#2260 = AXIS2_PLACEMENT_3D('',#2261,#2262,#2263);
#2261 = CARTESIAN_POINT('',(-2.15,1.,-9.));
#2262 = DIRECTION('',(0.,0.,1.));
#2263 = DIRECTION('',(-1.,1.224646799147E-16,0.));
#2264 = DEFINITIONAL_REPRESENTATION('',(#2265),#2268);
#2265 = B_SPLINE_CURVE_WITH_KNOTS('',1,(#2266,#2267),.UNSPECIFIED.,.F.,
  .F.,(2,2),(-13.24657287525,-11.375),.PIECEWISE_BEZIER_KNOTS.);
#2266 = CARTESIAN_POINT('',(0.678427124746,1.));
#2267 = CARTESIAN_POINT('',(2.55,1.));
#2268 = ( GEOMETRIC_REPRESENTATION_CONTEXT(2)
PARAMETRIC_REPRESENTATION_CONTEXT() REPRESENTATION_CONTEXT('2D SPACE',''
  ) );
#2269 = ORIENTED_EDGE('',*,*,#2270,.T.);
#2270 = EDGE_CURVE('',#2245,#1604,#2271,.T.);
#2271 = SURFACE_CURVE('',#2272,(#2276,#2282),.PCURVE_S1.);
#2272 = LINE('',#2273,#2274);
#2273 = CARTESIAN_POINT('',(-15.,0.,-9.));
#2274 = VECTOR('',#2275,1.);
#2275 = DIRECTION('',(-1.,0.,0.));
#2276 = PCURVE('',#1567,#2277);
#2277 = DEFINITIONAL_REPRESENTATION('',(#2278),#2281);
#2278 = B_SPLINE_CURVE_WITH_KNOTS('',1,(#2279,#2280),.UNSPECIFIED.,.F.,
  .F.,(2,2),(-10.40761499871,-9.35),.PIECEWISE_BEZIER_KNOTS.);
#2279 = CARTESIAN_POINT('',(56.,25.407614998718));
#2280 = CARTESIAN_POINT('',(56.,24.35));
#2281 = ( GEOMETRIC_REPRESENTATION_CONTEXT(2)
PARAMETRIC_REPRESENTATION_CONTEXT() REPRESENTATION_CONTEXT('2D SPACE',''
  ) );
#2282 = PCURVE('',#1640,#2283);
#2283 = DEFINITIONAL_REPRESENTATION('',(#2284),#2287);
#2284 = B_SPLINE_CURVE_WITH_KNOTS('',1,(#2285,#2286),.UNSPECIFIED.,.F.,
  .F.,(2,2),(-10.40761499871,-9.35),.PIECEWISE_BEZIER_KNOTS.);
#2285 = CARTESIAN_POINT('',(-4.592385001282,-4.217680353673E-16));
#2286 = CARTESIAN_POINT('',(-5.65,-4.217680353673E-16));
#2287 = ( GEOMETRIC_REPRESENTATION_CONTEXT(2)
PARAMETRIC_REPRESENTATION_CONTEXT() REPRESENTATION_CONTEXT('2D SPACE',''
  ) );
#2288 = ORIENTED_EDGE('',*,*,#1603,.T.);
#2289 = ADVANCED_FACE('',(#2290),#1460,.T.);
#2290 = FACE_BOUND('',#2291,.T.);
#2291 = EDGE_LOOP('',(#2292,#2315,#2343,#2369,#2370,#2398,#2426,#2452,
    #2453,#2454,#2477,#2500,#2524,#2552,#2575,#2598,#2622,#2650,#2673,
    #2696,#2720,#2748));
#2292 = ORIENTED_EDGE('',*,*,#2293,.F.);
#2293 = EDGE_CURVE('',#2294,#2296,#2298,.T.);
#2294 = VERTEX_POINT('',#2295);
#2295 = CARTESIAN_POINT('',(11.,0.,-8.));
#2296 = VERTEX_POINT('',#2297);
#2297 = CARTESIAN_POINT('',(5.65,0.,-8.));
#2298 = SURFACE_CURVE('',#2299,(#2303,#2309),.PCURVE_S1.);
#2299 = LINE('',#2300,#2301);
#2300 = CARTESIAN_POINT('',(-15.,0.,-8.));
#2301 = VECTOR('',#2302,1.);
#2302 = DIRECTION('',(-1.,0.,0.));
#2303 = PCURVE('',#1460,#2304);
#2304 = DEFINITIONAL_REPRESENTATION('',(#2305),#2308);
#2305 = B_SPLINE_CURVE_WITH_KNOTS('',1,(#2306,#2307),.UNSPECIFIED.,.F.,
  .F.,(2,2),(-26.93471826228,-3.),.PIECEWISE_BEZIER_KNOTS.);
#2306 = CARTESIAN_POINT('',(11.93471826228,-4.217680353673E-16));
#2307 = CARTESIAN_POINT('',(-12.,-4.217680353673E-16));
#2308 = ( GEOMETRIC_REPRESENTATION_CONTEXT(2)
PARAMETRIC_REPRESENTATION_CONTEXT() REPRESENTATION_CONTEXT('2D SPACE',''
  ) );
#2309 = PCURVE('',#1402,#2310);
#2310 = DEFINITIONAL_REPRESENTATION('',(#2311),#2314);
#2311 = B_SPLINE_CURVE_WITH_KNOTS('',1,(#2312,#2313),.UNSPECIFIED.,.F.,
  .F.,(2,2),(-26.93471826228,-3.),.PIECEWISE_BEZIER_KNOTS.);
#2312 = CARTESIAN_POINT('',(57.,41.93471826228));
#2313 = CARTESIAN_POINT('',(57.,18.));
#2314 = ( GEOMETRIC_REPRESENTATION_CONTEXT(2)
PARAMETRIC_REPRESENTATION_CONTEXT() REPRESENTATION_CONTEXT('2D SPACE',''
  ) );
#2315 = ORIENTED_EDGE('',*,*,#2316,.T.);
#2316 = EDGE_CURVE('',#2294,#2317,#2319,.T.);
#2317 = VERTEX_POINT('',#2318);
#2318 = CARTESIAN_POINT('',(11.,1.25,-8.));
#2319 = SURFACE_CURVE('',#2320,(#2324,#2331),.PCURVE_S1.);
#2320 = LINE('',#2321,#2322);
#2321 = CARTESIAN_POINT('',(11.,-1.25,-8.));
#2322 = VECTOR('',#2323,1.);
#2323 = DIRECTION('',(0.,1.,0.));
#2324 = PCURVE('',#1460,#2325);
#2325 = DEFINITIONAL_REPRESENTATION('',(#2326),#2330);
#2326 = LINE('',#2327,#2328);
#2327 = CARTESIAN_POINT('',(11.,-1.25));
#2328 = VECTOR('',#2329,1.);
#2329 = DIRECTION('',(0.,1.));
#2330 = ( GEOMETRIC_REPRESENTATION_CONTEXT(2)
PARAMETRIC_REPRESENTATION_CONTEXT() REPRESENTATION_CONTEXT('2D SPACE',''
  ) );
#2331 = PCURVE('',#2332,#2337);
#2332 = PLANE('',#2333);
#2333 = AXIS2_PLACEMENT_3D('',#2334,#2335,#2336);
#2334 = CARTESIAN_POINT('',(11.,-1.25,-8.));
#2335 = DIRECTION('',(1.,0.,0.));
#2336 = DIRECTION('',(0.,0.,1.));
#2337 = DEFINITIONAL_REPRESENTATION('',(#2338),#2342);
#2338 = LINE('',#2339,#2340);
#2339 = CARTESIAN_POINT('',(0.,0.));
#2340 = VECTOR('',#2341,1.);
#2341 = DIRECTION('',(0.,-1.));
#2342 = ( GEOMETRIC_REPRESENTATION_CONTEXT(2)
PARAMETRIC_REPRESENTATION_CONTEXT() REPRESENTATION_CONTEXT('2D SPACE',''
  ) );
#2343 = ORIENTED_EDGE('',*,*,#2344,.T.);
#2344 = EDGE_CURVE('',#2317,#1415,#2345,.T.);
#2345 = SURFACE_CURVE('',#2346,(#2350,#2357),.PCURVE_S1.);
#2346 = LINE('',#2347,#2348);
#2347 = CARTESIAN_POINT('',(11.,1.25,-8.));
#2348 = VECTOR('',#2349,1.);
#2349 = DIRECTION('',(1.,0.,0.));
#2350 = PCURVE('',#1460,#2351);
#2351 = DEFINITIONAL_REPRESENTATION('',(#2352),#2356);
#2352 = LINE('',#2353,#2354);
#2353 = CARTESIAN_POINT('',(11.,1.25));
#2354 = VECTOR('',#2355,1.);
#2355 = DIRECTION('',(1.,0.));
#2356 = ( GEOMETRIC_REPRESENTATION_CONTEXT(2)
PARAMETRIC_REPRESENTATION_CONTEXT() REPRESENTATION_CONTEXT('2D SPACE',''
  ) );
#2357 = PCURVE('',#2358,#2363);
#2358 = PLANE('',#2359);
#2359 = AXIS2_PLACEMENT_3D('',#2360,#2361,#2362);
#2360 = CARTESIAN_POINT('',(11.,1.25,-8.));
#2361 = DIRECTION('',(0.,1.,0.));
#2362 = DIRECTION('',(0.,0.,1.));
#2363 = DEFINITIONAL_REPRESENTATION('',(#2364),#2368);
#2364 = LINE('',#2365,#2366);
#2365 = CARTESIAN_POINT('',(0.,0.));
#2366 = VECTOR('',#2367,1.);
#2367 = DIRECTION('',(0.,1.));
#2368 = ( GEOMETRIC_REPRESENTATION_CONTEXT(2)
PARAMETRIC_REPRESENTATION_CONTEXT() REPRESENTATION_CONTEXT('2D SPACE',''
  ) );
#2369 = ORIENTED_EDGE('',*,*,#1443,.T.);
#2370 = ORIENTED_EDGE('',*,*,#2371,.F.);
#2371 = EDGE_CURVE('',#2372,#1444,#2374,.T.);
#2372 = VERTEX_POINT('',#2373);
#2373 = CARTESIAN_POINT('',(-4.417468245269,10.151279441629,-8.));
#2374 = SURFACE_CURVE('',#2375,(#2379,#2386),.PCURVE_S1.);
#2375 = LINE('',#2376,#2377);
#2376 = CARTESIAN_POINT('',(-4.417468245269,10.151279441629,-8.));
#2377 = VECTOR('',#2378,1.);
#2378 = DIRECTION('',(-0.5,0.866025403784,0.));
#2379 = PCURVE('',#1460,#2380);
#2380 = DEFINITIONAL_REPRESENTATION('',(#2381),#2385);
#2381 = LINE('',#2382,#2383);
#2382 = CARTESIAN_POINT('',(-4.417468245269,10.151279441629));
#2383 = VECTOR('',#2384,1.);
#2384 = DIRECTION('',(-0.5,0.866025403784));
#2385 = ( GEOMETRIC_REPRESENTATION_CONTEXT(2)
PARAMETRIC_REPRESENTATION_CONTEXT() REPRESENTATION_CONTEXT('2D SPACE',''
  ) );
#2386 = PCURVE('',#2387,#2392);
#2387 = PLANE('',#2388);
#2388 = AXIS2_PLACEMENT_3D('',#2389,#2390,#2391);
#2389 = CARTESIAN_POINT('',(-4.417468245269,10.151279441629,-8.));
#2390 = DIRECTION('',(-0.866025403784,-0.5,0.));
#2391 = DIRECTION('',(0.,0.,1.));
#2392 = DEFINITIONAL_REPRESENTATION('',(#2393),#2397);
#2393 = LINE('',#2394,#2395);
#2394 = CARTESIAN_POINT('',(0.,0.));
#2395 = VECTOR('',#2396,1.);
#2396 = DIRECTION('',(0.,1.));
#2397 = ( GEOMETRIC_REPRESENTATION_CONTEXT(2)
PARAMETRIC_REPRESENTATION_CONTEXT() REPRESENTATION_CONTEXT('2D SPACE',''
  ) );
#2398 = ORIENTED_EDGE('',*,*,#2399,.T.);
#2399 = EDGE_CURVE('',#2372,#2400,#2402,.T.);
#2400 = VERTEX_POINT('',#2401);
#2401 = CARTESIAN_POINT('',(-6.582531754731,8.901279441629,-8.));
#2402 = SURFACE_CURVE('',#2403,(#2407,#2414),.PCURVE_S1.);
#2403 = LINE('',#2404,#2405);
#2404 = CARTESIAN_POINT('',(-4.417468245269,10.151279441629,-8.));
#2405 = VECTOR('',#2406,1.);
#2406 = DIRECTION('',(-0.866025403784,-0.5,0.));
#2407 = PCURVE('',#1460,#2408);
#2408 = DEFINITIONAL_REPRESENTATION('',(#2409),#2413);
#2409 = LINE('',#2410,#2411);
#2410 = CARTESIAN_POINT('',(-4.417468245269,10.151279441629));
#2411 = VECTOR('',#2412,1.);
#2412 = DIRECTION('',(-0.866025403784,-0.5));
#2413 = ( GEOMETRIC_REPRESENTATION_CONTEXT(2)
PARAMETRIC_REPRESENTATION_CONTEXT() REPRESENTATION_CONTEXT('2D SPACE',''
  ) );
#2414 = PCURVE('',#2415,#2420);
#2415 = PLANE('',#2416);
#2416 = AXIS2_PLACEMENT_3D('',#2417,#2418,#2419);
#2417 = CARTESIAN_POINT('',(-4.417468245269,10.151279441629,-8.));
#2418 = DIRECTION('',(-0.5,0.866025403784,0.));
#2419 = DIRECTION('',(0.,0.,1.));
#2420 = DEFINITIONAL_REPRESENTATION('',(#2421),#2425);
#2421 = LINE('',#2422,#2423);
#2422 = CARTESIAN_POINT('',(0.,0.));
#2423 = VECTOR('',#2424,1.);
#2424 = DIRECTION('',(0.,-1.));
#2425 = ( GEOMETRIC_REPRESENTATION_CONTEXT(2)
PARAMETRIC_REPRESENTATION_CONTEXT() REPRESENTATION_CONTEXT('2D SPACE',''
  ) );
#2426 = ORIENTED_EDGE('',*,*,#2427,.T.);
#2427 = EDGE_CURVE('',#2400,#1502,#2428,.T.);
#2428 = SURFACE_CURVE('',#2429,(#2433,#2440),.PCURVE_S1.);
#2429 = LINE('',#2430,#2431);
#2430 = CARTESIAN_POINT('',(-6.582531754731,8.901279441629,-8.));
#2431 = VECTOR('',#2432,1.);
#2432 = DIRECTION('',(-0.5,0.866025403784,0.));
#2433 = PCURVE('',#1460,#2434);
#2434 = DEFINITIONAL_REPRESENTATION('',(#2435),#2439);
#2435 = LINE('',#2436,#2437);
#2436 = CARTESIAN_POINT('',(-6.582531754731,8.901279441629));
#2437 = VECTOR('',#2438,1.);
#2438 = DIRECTION('',(-0.5,0.866025403784));
#2439 = ( GEOMETRIC_REPRESENTATION_CONTEXT(2)
PARAMETRIC_REPRESENTATION_CONTEXT() REPRESENTATION_CONTEXT('2D SPACE',''
  ) );
#2440 = PCURVE('',#2441,#2446);
#2441 = PLANE('',#2442);
#2442 = AXIS2_PLACEMENT_3D('',#2443,#2444,#2445);
#2443 = CARTESIAN_POINT('',(-6.582531754731,8.901279441629,-8.));
#2444 = DIRECTION('',(-0.866025403784,-0.5,0.));
#2445 = DIRECTION('',(0.,0.,1.));
#2446 = DEFINITIONAL_REPRESENTATION('',(#2447),#2451);
#2447 = LINE('',#2448,#2449);
#2448 = CARTESIAN_POINT('',(0.,0.));
#2449 = VECTOR('',#2450,1.);
#2450 = DIRECTION('',(0.,1.));
#2451 = ( GEOMETRIC_REPRESENTATION_CONTEXT(2)
PARAMETRIC_REPRESENTATION_CONTEXT() REPRESENTATION_CONTEXT('2D SPACE',''
  ) );
#2452 = ORIENTED_EDGE('',*,*,#1530,.T.);
#2453 = ORIENTED_EDGE('',*,*,#1963,.F.);
#2454 = ORIENTED_EDGE('',*,*,#2455,.F.);
#2455 = EDGE_CURVE('',#2456,#1964,#2458,.T.);
#2456 = VERTEX_POINT('',#2457);
#2457 = CARTESIAN_POINT('',(-5.65,1.,-8.));
#2458 = SURFACE_CURVE('',#2459,(#2463,#2470),.PCURVE_S1.);
#2459 = LINE('',#2460,#2461);
#2460 = CARTESIAN_POINT('',(-5.65,1.,-8.));
#2461 = VECTOR('',#2462,1.);
#2462 = DIRECTION('',(-1.224646799147E-16,-1.,0.));
#2463 = PCURVE('',#1460,#2464);
#2464 = DEFINITIONAL_REPRESENTATION('',(#2465),#2469);
#2465 = LINE('',#2466,#2467);
#2466 = CARTESIAN_POINT('',(-5.65,1.));
#2467 = VECTOR('',#2468,1.);
#2468 = DIRECTION('',(-1.224646799147E-16,-1.));
#2469 = ( GEOMETRIC_REPRESENTATION_CONTEXT(2)
PARAMETRIC_REPRESENTATION_CONTEXT() REPRESENTATION_CONTEXT('2D SPACE',''
  ) );
#2470 = PCURVE('',#1999,#2471);
#2471 = DEFINITIONAL_REPRESENTATION('',(#2472),#2476);
#2472 = LINE('',#2473,#2474);
#2473 = CARTESIAN_POINT('',(-5.65,1.));
#2474 = VECTOR('',#2475,1.);
#2475 = DIRECTION('',(-1.224646799147E-16,-1.));
#2476 = ( GEOMETRIC_REPRESENTATION_CONTEXT(2)
PARAMETRIC_REPRESENTATION_CONTEXT() REPRESENTATION_CONTEXT('2D SPACE',''
  ) );
#2477 = ORIENTED_EDGE('',*,*,#2478,.F.);
#2478 = EDGE_CURVE('',#2479,#2456,#2481,.T.);
#2479 = VERTEX_POINT('',#2480);
#2480 = CARTESIAN_POINT('',(-5.306599664569,1.,-8.));
#2481 = SURFACE_CURVE('',#2482,(#2486,#2493),.PCURVE_S1.);
#2482 = LINE('',#2483,#2484);
#2483 = CARTESIAN_POINT('',(-2.15,1.,-8.));
#2484 = VECTOR('',#2485,1.);
#2485 = DIRECTION('',(-1.,1.224646799147E-16,0.));
#2486 = PCURVE('',#1460,#2487);
#2487 = DEFINITIONAL_REPRESENTATION('',(#2488),#2492);
#2488 = LINE('',#2489,#2490);
#2489 = CARTESIAN_POINT('',(-2.15,1.));
#2490 = VECTOR('',#2491,1.);
#2491 = DIRECTION('',(-1.,1.224646799147E-16));
#2492 = ( GEOMETRIC_REPRESENTATION_CONTEXT(2)
PARAMETRIC_REPRESENTATION_CONTEXT() REPRESENTATION_CONTEXT('2D SPACE',''
  ) );
#2493 = PCURVE('',#1999,#2494);
#2494 = DEFINITIONAL_REPRESENTATION('',(#2495),#2499);
#2495 = LINE('',#2496,#2497);
#2496 = CARTESIAN_POINT('',(-2.15,1.));
#2497 = VECTOR('',#2498,1.);
#2498 = DIRECTION('',(-1.,1.224646799147E-16));
#2499 = ( GEOMETRIC_REPRESENTATION_CONTEXT(2)
PARAMETRIC_REPRESENTATION_CONTEXT() REPRESENTATION_CONTEXT('2D SPACE',''
  ) );
#2500 = ORIENTED_EDGE('',*,*,#2501,.F.);
#2501 = EDGE_CURVE('',#2502,#2479,#2504,.T.);
#2502 = VERTEX_POINT('',#2503);
#2503 = CARTESIAN_POINT('',(-3.519325236069,4.09565011723,-8.));
#2504 = SURFACE_CURVE('',#2505,(#2510,#2517),.PCURVE_S1.);
#2505 = CIRCLE('',#2506,5.4);
#2506 = AXIS2_PLACEMENT_3D('',#2507,#2508,#2509);
#2507 = CARTESIAN_POINT('',(0.,0.,-8.));
#2508 = DIRECTION('',(0.,0.,1.));
#2509 = DIRECTION('',(1.,0.,0.));
#2510 = PCURVE('',#1460,#2511);
#2511 = DEFINITIONAL_REPRESENTATION('',(#2512),#2516);
#2512 = CIRCLE('',#2513,5.4);
#2513 = AXIS2_PLACEMENT_2D('',#2514,#2515);
#2514 = CARTESIAN_POINT('',(6.837200662697E-16,-4.217680353673E-16));
#2515 = DIRECTION('',(1.,0.));
#2516 = ( GEOMETRIC_REPRESENTATION_CONTEXT(2)
PARAMETRIC_REPRESENTATION_CONTEXT() REPRESENTATION_CONTEXT('2D SPACE',''
  ) );
#2517 = PCURVE('',#2025,#2518);
#2518 = DEFINITIONAL_REPRESENTATION('',(#2519),#2523);
#2519 = LINE('',#2520,#2521);
#2520 = CARTESIAN_POINT('',(-0.,0.));
#2521 = VECTOR('',#2522,1.);
#2522 = DIRECTION('',(-1.,0.));
#2523 = ( GEOMETRIC_REPRESENTATION_CONTEXT(2)
PARAMETRIC_REPRESENTATION_CONTEXT() REPRESENTATION_CONTEXT('2D SPACE',''
  ) );
#2524 = ORIENTED_EDGE('',*,*,#2525,.T.);
#2525 = EDGE_CURVE('',#2502,#2526,#2528,.T.);
#2526 = VERTEX_POINT('',#2527);
#2527 = CARTESIAN_POINT('',(-3.691025403784,4.393043531382,-8.));
#2528 = SURFACE_CURVE('',#2529,(#2533,#2540),.PCURVE_S1.);
#2529 = LINE('',#2530,#2531);
#2530 = CARTESIAN_POINT('',(-1.941025403784,1.361954618137,-8.));
#2531 = VECTOR('',#2532,1.);
#2532 = DIRECTION('',(-0.5,0.866025403784,0.));
#2533 = PCURVE('',#1460,#2534);
#2534 = DEFINITIONAL_REPRESENTATION('',(#2535),#2539);
#2535 = LINE('',#2536,#2537);
#2536 = CARTESIAN_POINT('',(-1.941025403784,1.361954618137));
#2537 = VECTOR('',#2538,1.);
#2538 = DIRECTION('',(-0.5,0.866025403784));
#2539 = ( GEOMETRIC_REPRESENTATION_CONTEXT(2)
PARAMETRIC_REPRESENTATION_CONTEXT() REPRESENTATION_CONTEXT('2D SPACE',''
  ) );
#2540 = PCURVE('',#2541,#2546);
#2541 = PLANE('',#2542);
#2542 = AXIS2_PLACEMENT_3D('',#2543,#2544,#2545);
#2543 = CARTESIAN_POINT('',(-6.837200662697E-16,4.217680353673E-16,-8.)
  );
#2544 = DIRECTION('',(0.,0.,1.));
#2545 = DIRECTION('',(1.,0.,-0.));
#2546 = DEFINITIONAL_REPRESENTATION('',(#2547),#2551);
#2547 = LINE('',#2548,#2549);
#2548 = CARTESIAN_POINT('',(-1.941025403784,1.361954618137));
#2549 = VECTOR('',#2550,1.);
#2550 = DIRECTION('',(-0.5,0.866025403784));
#2551 = ( GEOMETRIC_REPRESENTATION_CONTEXT(2)
PARAMETRIC_REPRESENTATION_CONTEXT() REPRESENTATION_CONTEXT('2D SPACE',''
  ) );
#2552 = ORIENTED_EDGE('',*,*,#2553,.F.);
#2553 = EDGE_CURVE('',#2554,#2526,#2556,.T.);
#2554 = VERTEX_POINT('',#2555);
#2555 = CARTESIAN_POINT('',(-1.958974596216,5.393043531382,-8.));
#2556 = SURFACE_CURVE('',#2557,(#2561,#2568),.PCURVE_S1.);
#2557 = LINE('',#2558,#2559);
#2558 = CARTESIAN_POINT('',(-1.958974596216,5.393043531382,-8.));
#2559 = VECTOR('',#2560,1.);
#2560 = DIRECTION('',(-0.866025403784,-0.5,0.));
#2561 = PCURVE('',#1460,#2562);
#2562 = DEFINITIONAL_REPRESENTATION('',(#2563),#2567);
#2563 = LINE('',#2564,#2565);
#2564 = CARTESIAN_POINT('',(-1.958974596216,5.393043531382));
#2565 = VECTOR('',#2566,1.);
#2566 = DIRECTION('',(-0.866025403784,-0.5));
#2567 = ( GEOMETRIC_REPRESENTATION_CONTEXT(2)
PARAMETRIC_REPRESENTATION_CONTEXT() REPRESENTATION_CONTEXT('2D SPACE',''
  ) );
#2568 = PCURVE('',#2541,#2569);
#2569 = DEFINITIONAL_REPRESENTATION('',(#2570),#2574);
#2570 = LINE('',#2571,#2572);
#2571 = CARTESIAN_POINT('',(-1.958974596216,5.393043531382));
#2572 = VECTOR('',#2573,1.);
#2573 = DIRECTION('',(-0.866025403784,-0.5));
#2574 = ( GEOMETRIC_REPRESENTATION_CONTEXT(2)
PARAMETRIC_REPRESENTATION_CONTEXT() REPRESENTATION_CONTEXT('2D SPACE',''
  ) );
#2575 = ORIENTED_EDGE('',*,*,#2576,.F.);
#2576 = EDGE_CURVE('',#2577,#2554,#2579,.T.);
#2577 = VERTEX_POINT('',#2578);
#2578 = CARTESIAN_POINT('',(-1.7872744285,5.09565011723,-8.));
#2579 = SURFACE_CURVE('',#2580,(#2584,#2591),.PCURVE_S1.);
#2580 = LINE('',#2581,#2582);
#2581 = CARTESIAN_POINT('',(-0.208974596216,2.361954618137,-8.));
#2582 = VECTOR('',#2583,1.);
#2583 = DIRECTION('',(-0.5,0.866025403784,0.));
#2584 = PCURVE('',#1460,#2585);
#2585 = DEFINITIONAL_REPRESENTATION('',(#2586),#2590);
#2586 = LINE('',#2587,#2588);
#2587 = CARTESIAN_POINT('',(-0.208974596216,2.361954618137));
#2588 = VECTOR('',#2589,1.);
#2589 = DIRECTION('',(-0.5,0.866025403784));
#2590 = ( GEOMETRIC_REPRESENTATION_CONTEXT(2)
PARAMETRIC_REPRESENTATION_CONTEXT() REPRESENTATION_CONTEXT('2D SPACE',''
  ) );
#2591 = PCURVE('',#2541,#2592);
#2592 = DEFINITIONAL_REPRESENTATION('',(#2593),#2597);
#2593 = LINE('',#2594,#2595);
#2594 = CARTESIAN_POINT('',(-0.208974596216,2.361954618137));
#2595 = VECTOR('',#2596,1.);
#2596 = DIRECTION('',(-0.5,0.866025403784));
#2597 = ( GEOMETRIC_REPRESENTATION_CONTEXT(2)
PARAMETRIC_REPRESENTATION_CONTEXT() REPRESENTATION_CONTEXT('2D SPACE',''
  ) );
#2598 = ORIENTED_EDGE('',*,*,#2599,.F.);
#2599 = EDGE_CURVE('',#2600,#2577,#2602,.T.);
#2600 = VERTEX_POINT('',#2601);
#2601 = CARTESIAN_POINT('',(1.7872744285,5.09565011723,-8.));
#2602 = SURFACE_CURVE('',#2603,(#2608,#2615),.PCURVE_S1.);
#2603 = CIRCLE('',#2604,5.4);
#2604 = AXIS2_PLACEMENT_3D('',#2605,#2606,#2607);
#2605 = CARTESIAN_POINT('',(0.,0.,-8.));
#2606 = DIRECTION('',(0.,0.,1.));
#2607 = DIRECTION('',(1.,0.,0.));
#2608 = PCURVE('',#1460,#2609);
#2609 = DEFINITIONAL_REPRESENTATION('',(#2610),#2614);
#2610 = CIRCLE('',#2611,5.4);
#2611 = AXIS2_PLACEMENT_2D('',#2612,#2613);
#2612 = CARTESIAN_POINT('',(6.837200662697E-16,-4.217680353673E-16));
#2613 = DIRECTION('',(1.,0.));
#2614 = ( GEOMETRIC_REPRESENTATION_CONTEXT(2)
PARAMETRIC_REPRESENTATION_CONTEXT() REPRESENTATION_CONTEXT('2D SPACE',''
  ) );
#2615 = PCURVE('',#2025,#2616);
#2616 = DEFINITIONAL_REPRESENTATION('',(#2617),#2621);
#2617 = LINE('',#2618,#2619);
#2618 = CARTESIAN_POINT('',(-0.,0.));
#2619 = VECTOR('',#2620,1.);
#2620 = DIRECTION('',(-1.,0.));
#2621 = ( GEOMETRIC_REPRESENTATION_CONTEXT(2)
PARAMETRIC_REPRESENTATION_CONTEXT() REPRESENTATION_CONTEXT('2D SPACE',''
  ) );
#2622 = ORIENTED_EDGE('',*,*,#2623,.T.);
#2623 = EDGE_CURVE('',#2600,#2624,#2626,.T.);
#2624 = VERTEX_POINT('',#2625);
#2625 = CARTESIAN_POINT('',(1.958974596216,5.393043531382,-8.));
#2626 = SURFACE_CURVE('',#2627,(#2631,#2638),.PCURVE_S1.);
#2627 = LINE('',#2628,#2629);
#2628 = CARTESIAN_POINT('',(0.208974596216,2.361954618137,-8.));
#2629 = VECTOR('',#2630,1.);
#2630 = DIRECTION('',(0.5,0.866025403784,0.));
#2631 = PCURVE('',#1460,#2632);
#2632 = DEFINITIONAL_REPRESENTATION('',(#2633),#2637);
#2633 = LINE('',#2634,#2635);
#2634 = CARTESIAN_POINT('',(0.208974596216,2.361954618137));
#2635 = VECTOR('',#2636,1.);
#2636 = DIRECTION('',(0.5,0.866025403784));
#2637 = ( GEOMETRIC_REPRESENTATION_CONTEXT(2)
PARAMETRIC_REPRESENTATION_CONTEXT() REPRESENTATION_CONTEXT('2D SPACE',''
  ) );
#2638 = PCURVE('',#2639,#2644);
#2639 = PLANE('',#2640);
#2640 = AXIS2_PLACEMENT_3D('',#2641,#2642,#2643);
#2641 = CARTESIAN_POINT('',(-6.837200662697E-16,4.217680353673E-16,-8.)
  );
#2642 = DIRECTION('',(0.,0.,1.));
#2643 = DIRECTION('',(1.,0.,-0.));
#2644 = DEFINITIONAL_REPRESENTATION('',(#2645),#2649);
#2645 = LINE('',#2646,#2647);
#2646 = CARTESIAN_POINT('',(0.208974596216,2.361954618137));
#2647 = VECTOR('',#2648,1.);
#2648 = DIRECTION('',(0.5,0.866025403784));
#2649 = ( GEOMETRIC_REPRESENTATION_CONTEXT(2)
PARAMETRIC_REPRESENTATION_CONTEXT() REPRESENTATION_CONTEXT('2D SPACE',''
  ) );
#2650 = ORIENTED_EDGE('',*,*,#2651,.F.);
#2651 = EDGE_CURVE('',#2652,#2624,#2654,.T.);
#2652 = VERTEX_POINT('',#2653);
#2653 = CARTESIAN_POINT('',(3.691025403784,4.393043531382,-8.));
#2654 = SURFACE_CURVE('',#2655,(#2659,#2666),.PCURVE_S1.);
#2655 = LINE('',#2656,#2657);
#2656 = CARTESIAN_POINT('',(3.691025403784,4.393043531382,-8.));
#2657 = VECTOR('',#2658,1.);
#2658 = DIRECTION('',(-0.866025403784,0.5,0.));
#2659 = PCURVE('',#1460,#2660);
#2660 = DEFINITIONAL_REPRESENTATION('',(#2661),#2665);
#2661 = LINE('',#2662,#2663);
#2662 = CARTESIAN_POINT('',(3.691025403784,4.393043531382));
#2663 = VECTOR('',#2664,1.);
#2664 = DIRECTION('',(-0.866025403784,0.5));
#2665 = ( GEOMETRIC_REPRESENTATION_CONTEXT(2)
PARAMETRIC_REPRESENTATION_CONTEXT() REPRESENTATION_CONTEXT('2D SPACE',''
  ) );
#2666 = PCURVE('',#2639,#2667);
#2667 = DEFINITIONAL_REPRESENTATION('',(#2668),#2672);
#2668 = LINE('',#2669,#2670);
#2669 = CARTESIAN_POINT('',(3.691025403784,4.393043531382));
#2670 = VECTOR('',#2671,1.);
#2671 = DIRECTION('',(-0.866025403784,0.5));
#2672 = ( GEOMETRIC_REPRESENTATION_CONTEXT(2)
PARAMETRIC_REPRESENTATION_CONTEXT() REPRESENTATION_CONTEXT('2D SPACE',''
  ) );
#2673 = ORIENTED_EDGE('',*,*,#2674,.F.);
#2674 = EDGE_CURVE('',#2675,#2652,#2677,.T.);
#2675 = VERTEX_POINT('',#2676);
#2676 = CARTESIAN_POINT('',(3.519325236069,4.09565011723,-8.));
#2677 = SURFACE_CURVE('',#2678,(#2682,#2689),.PCURVE_S1.);
#2678 = LINE('',#2679,#2680);
#2679 = CARTESIAN_POINT('',(1.941025403784,1.361954618137,-8.));
#2680 = VECTOR('',#2681,1.);
#2681 = DIRECTION('',(0.5,0.866025403784,0.));
#2682 = PCURVE('',#1460,#2683);
#2683 = DEFINITIONAL_REPRESENTATION('',(#2684),#2688);
#2684 = LINE('',#2685,#2686);
#2685 = CARTESIAN_POINT('',(1.941025403784,1.361954618137));
#2686 = VECTOR('',#2687,1.);
#2687 = DIRECTION('',(0.5,0.866025403784));
#2688 = ( GEOMETRIC_REPRESENTATION_CONTEXT(2)
PARAMETRIC_REPRESENTATION_CONTEXT() REPRESENTATION_CONTEXT('2D SPACE',''
  ) );
#2689 = PCURVE('',#2639,#2690);
#2690 = DEFINITIONAL_REPRESENTATION('',(#2691),#2695);
#2691 = LINE('',#2692,#2693);
#2692 = CARTESIAN_POINT('',(1.941025403784,1.361954618137));
#2693 = VECTOR('',#2694,1.);
#2694 = DIRECTION('',(0.5,0.866025403784));
#2695 = ( GEOMETRIC_REPRESENTATION_CONTEXT(2)
PARAMETRIC_REPRESENTATION_CONTEXT() REPRESENTATION_CONTEXT('2D SPACE',''
  ) );
#2696 = ORIENTED_EDGE('',*,*,#2697,.F.);
#2697 = EDGE_CURVE('',#2698,#2675,#2700,.T.);
#2698 = VERTEX_POINT('',#2699);
#2699 = CARTESIAN_POINT('',(5.306599664569,1.,-8.));
#2700 = SURFACE_CURVE('',#2701,(#2706,#2713),.PCURVE_S1.);
#2701 = CIRCLE('',#2702,5.4);
#2702 = AXIS2_PLACEMENT_3D('',#2703,#2704,#2705);
#2703 = CARTESIAN_POINT('',(0.,0.,-8.));
#2704 = DIRECTION('',(0.,0.,1.));
#2705 = DIRECTION('',(1.,0.,0.));
#2706 = PCURVE('',#1460,#2707);
#2707 = DEFINITIONAL_REPRESENTATION('',(#2708),#2712);
#2708 = CIRCLE('',#2709,5.4);
#2709 = AXIS2_PLACEMENT_2D('',#2710,#2711);
#2710 = CARTESIAN_POINT('',(6.837200662697E-16,-4.217680353673E-16));
#2711 = DIRECTION('',(1.,0.));
#2712 = ( GEOMETRIC_REPRESENTATION_CONTEXT(2)
PARAMETRIC_REPRESENTATION_CONTEXT() REPRESENTATION_CONTEXT('2D SPACE',''
  ) );
#2713 = PCURVE('',#2025,#2714);
#2714 = DEFINITIONAL_REPRESENTATION('',(#2715),#2719);
#2715 = LINE('',#2716,#2717);
#2716 = CARTESIAN_POINT('',(-0.,0.));
#2717 = VECTOR('',#2718,1.);
#2718 = DIRECTION('',(-1.,0.));
#2719 = ( GEOMETRIC_REPRESENTATION_CONTEXT(2)
PARAMETRIC_REPRESENTATION_CONTEXT() REPRESENTATION_CONTEXT('2D SPACE',''
  ) );
#2720 = ORIENTED_EDGE('',*,*,#2721,.T.);
#2721 = EDGE_CURVE('',#2698,#2722,#2724,.T.);
#2722 = VERTEX_POINT('',#2723);
#2723 = CARTESIAN_POINT('',(5.65,1.,-8.));
#2724 = SURFACE_CURVE('',#2725,(#2729,#2736),.PCURVE_S1.);
#2725 = LINE('',#2726,#2727);
#2726 = CARTESIAN_POINT('',(2.15,1.,-8.));
#2727 = VECTOR('',#2728,1.);
#2728 = DIRECTION('',(1.,0.,0.));
#2729 = PCURVE('',#1460,#2730);
#2730 = DEFINITIONAL_REPRESENTATION('',(#2731),#2735);
#2731 = LINE('',#2732,#2733);
#2732 = CARTESIAN_POINT('',(2.15,1.));
#2733 = VECTOR('',#2734,1.);
#2734 = DIRECTION('',(1.,0.));
#2735 = ( GEOMETRIC_REPRESENTATION_CONTEXT(2)
PARAMETRIC_REPRESENTATION_CONTEXT() REPRESENTATION_CONTEXT('2D SPACE',''
  ) );
#2736 = PCURVE('',#2737,#2742);
#2737 = PLANE('',#2738);
#2738 = AXIS2_PLACEMENT_3D('',#2739,#2740,#2741);
#2739 = CARTESIAN_POINT('',(-6.837200662697E-16,4.217680353673E-16,-8.)
  );
#2740 = DIRECTION('',(0.,0.,1.));
#2741 = DIRECTION('',(1.,0.,-0.));
#2742 = DEFINITIONAL_REPRESENTATION('',(#2743),#2747);
#2743 = LINE('',#2744,#2745);
#2744 = CARTESIAN_POINT('',(2.15,1.));
#2745 = VECTOR('',#2746,1.);
#2746 = DIRECTION('',(1.,0.));
#2747 = ( GEOMETRIC_REPRESENTATION_CONTEXT(2)
PARAMETRIC_REPRESENTATION_CONTEXT() REPRESENTATION_CONTEXT('2D SPACE',''
  ) );
#2748 = ORIENTED_EDGE('',*,*,#2749,.F.);
#2749 = EDGE_CURVE('',#2296,#2722,#2750,.T.);
#2750 = SURFACE_CURVE('',#2751,(#2755,#2762),.PCURVE_S1.);
#2751 = LINE('',#2752,#2753);
#2752 = CARTESIAN_POINT('',(5.65,-1.,-8.));
#2753 = VECTOR('',#2754,1.);
#2754 = DIRECTION('',(0.,1.,0.));
#2755 = PCURVE('',#1460,#2756);
#2756 = DEFINITIONAL_REPRESENTATION('',(#2757),#2761);
#2757 = LINE('',#2758,#2759);
#2758 = CARTESIAN_POINT('',(5.65,-1.));
#2759 = VECTOR('',#2760,1.);
#2760 = DIRECTION('',(0.,1.));
#2761 = ( GEOMETRIC_REPRESENTATION_CONTEXT(2)
PARAMETRIC_REPRESENTATION_CONTEXT() REPRESENTATION_CONTEXT('2D SPACE',''
  ) );
#2762 = PCURVE('',#2737,#2763);
#2763 = DEFINITIONAL_REPRESENTATION('',(#2764),#2768);
#2764 = LINE('',#2765,#2766);
#2765 = CARTESIAN_POINT('',(5.65,-1.));
#2766 = VECTOR('',#2767,1.);
#2767 = DIRECTION('',(0.,1.));
#2768 = ( GEOMETRIC_REPRESENTATION_CONTEXT(2)
PARAMETRIC_REPRESENTATION_CONTEXT() REPRESENTATION_CONTEXT('2D SPACE',''
  ) );
#2769 = ADVANCED_FACE('',(#2770),#1518,.F.);
#2770 = FACE_BOUND('',#2771,.F.);
#2771 = EDGE_LOOP('',(#2772,#2795,#2796));
#2772 = ORIENTED_EDGE('',*,*,#2773,.F.);
#2773 = EDGE_CURVE('',#1502,#2774,#2776,.T.);
#2774 = VERTEX_POINT('',#2775);
#2775 = CARTESIAN_POINT('',(-7.082531754731,9.767304845413,-8.));
#2776 = SURFACE_CURVE('',#2777,(#2781,#2788),.PCURVE_S1.);
#2777 = LINE('',#2778,#2779);
#2778 = CARTESIAN_POINT('',(-6.582531754731,8.901279441629,-8.));
#2779 = VECTOR('',#2780,1.);
#2780 = DIRECTION('',(-0.5,0.866025403784,0.));
#2781 = PCURVE('',#1518,#2782);
#2782 = DEFINITIONAL_REPRESENTATION('',(#2783),#2787);
#2783 = LINE('',#2784,#2785);
#2784 = CARTESIAN_POINT('',(1.193756730778E-15,2.5));
#2785 = VECTOR('',#2786,1.);
#2786 = DIRECTION('',(1.,2.231125221501E-17));
#2787 = ( GEOMETRIC_REPRESENTATION_CONTEXT(2)
PARAMETRIC_REPRESENTATION_CONTEXT() REPRESENTATION_CONTEXT('2D SPACE',''
  ) );
#2788 = PCURVE('',#2441,#2789);
#2789 = DEFINITIONAL_REPRESENTATION('',(#2790),#2794);
#2790 = LINE('',#2791,#2792);
#2791 = CARTESIAN_POINT('',(0.,0.));
#2792 = VECTOR('',#2793,1.);
#2793 = DIRECTION('',(0.,1.));
#2794 = ( GEOMETRIC_REPRESENTATION_CONTEXT(2)
PARAMETRIC_REPRESENTATION_CONTEXT() REPRESENTATION_CONTEXT('2D SPACE',''
  ) );
#2795 = ORIENTED_EDGE('',*,*,#1501,.F.);
#2796 = ORIENTED_EDGE('',*,*,#2797,.T.);
#2797 = EDGE_CURVE('',#1473,#2774,#2798,.T.);
#2798 = SURFACE_CURVE('',#2799,(#2803,#2810),.PCURVE_S1.);
#2799 = LINE('',#2800,#2801);
#2800 = CARTESIAN_POINT('',(-4.917468245269,11.017304845413,-8.));
#2801 = VECTOR('',#2802,1.);
#2802 = DIRECTION('',(-0.866025403784,-0.5,0.));
#2803 = PCURVE('',#1518,#2804);
#2804 = DEFINITIONAL_REPRESENTATION('',(#2805),#2809);
#2805 = LINE('',#2806,#2807);
#2806 = CARTESIAN_POINT('',(1.,-5.551115123126E-17));
#2807 = VECTOR('',#2808,1.);
#2808 = DIRECTION('',(2.231125221501E-17,1.));
#2809 = ( GEOMETRIC_REPRESENTATION_CONTEXT(2)
PARAMETRIC_REPRESENTATION_CONTEXT() REPRESENTATION_CONTEXT('2D SPACE',''
  ) );
#2810 = PCURVE('',#2811,#2816);
#2811 = PLANE('',#2812);
#2812 = AXIS2_PLACEMENT_3D('',#2813,#2814,#2815);
#2813 = CARTESIAN_POINT('',(-4.917468245269,11.017304845413,-8.));
#2814 = DIRECTION('',(-0.5,0.866025403784,0.));
#2815 = DIRECTION('',(0.,0.,1.));
#2816 = DEFINITIONAL_REPRESENTATION('',(#2817),#2821);
#2817 = LINE('',#2818,#2819);
#2818 = CARTESIAN_POINT('',(0.,0.));
#2819 = VECTOR('',#2820,1.);
#2820 = DIRECTION('',(0.,-1.));
#2821 = ( GEOMETRIC_REPRESENTATION_CONTEXT(2)
PARAMETRIC_REPRESENTATION_CONTEXT() REPRESENTATION_CONTEXT('2D SPACE',''
  ) );
#2822 = ADVANCED_FACE('',(#2823),#1489,.F.);
#2823 = FACE_BOUND('',#2824,.F.);
#2824 = EDGE_LOOP('',(#2825,#2826,#2849));
#2825 = ORIENTED_EDGE('',*,*,#1472,.F.);
#2826 = ORIENTED_EDGE('',*,*,#2827,.T.);
#2827 = EDGE_CURVE('',#1444,#2828,#2830,.T.);
#2828 = VERTEX_POINT('',#2829);
#2829 = CARTESIAN_POINT('',(-4.917468245269,11.017304845413,-8.));
#2830 = SURFACE_CURVE('',#2831,(#2835,#2842),.PCURVE_S1.);
#2831 = LINE('',#2832,#2833);
#2832 = CARTESIAN_POINT('',(-4.417468245269,10.151279441629,-8.));
#2833 = VECTOR('',#2834,1.);
#2834 = DIRECTION('',(-0.5,0.866025403784,0.));
#2835 = PCURVE('',#1489,#2836);
#2836 = DEFINITIONAL_REPRESENTATION('',(#2837),#2841);
#2837 = LINE('',#2838,#2839);
#2838 = CARTESIAN_POINT('',(0.,0.));
#2839 = VECTOR('',#2840,1.);
#2840 = DIRECTION('',(1.,2.231125221501E-17));
#2841 = ( GEOMETRIC_REPRESENTATION_CONTEXT(2)
PARAMETRIC_REPRESENTATION_CONTEXT() REPRESENTATION_CONTEXT('2D SPACE',''
  ) );
#2842 = PCURVE('',#2387,#2843);
#2843 = DEFINITIONAL_REPRESENTATION('',(#2844),#2848);
#2844 = LINE('',#2845,#2846);
#2845 = CARTESIAN_POINT('',(0.,0.));
#2846 = VECTOR('',#2847,1.);
#2847 = DIRECTION('',(0.,1.));
#2848 = ( GEOMETRIC_REPRESENTATION_CONTEXT(2)
PARAMETRIC_REPRESENTATION_CONTEXT() REPRESENTATION_CONTEXT('2D SPACE',''
  ) );
#2849 = ORIENTED_EDGE('',*,*,#2850,.T.);
#2850 = EDGE_CURVE('',#2828,#1473,#2851,.T.);
#2851 = SURFACE_CURVE('',#2852,(#2856,#2863),.PCURVE_S1.);
#2852 = LINE('',#2853,#2854);
#2853 = CARTESIAN_POINT('',(-4.917468245269,11.017304845413,-8.));
#2854 = VECTOR('',#2855,1.);
#2855 = DIRECTION('',(-0.866025403784,-0.5,0.));
#2856 = PCURVE('',#1489,#2857);
#2857 = DEFINITIONAL_REPRESENTATION('',(#2858),#2862);
#2858 = LINE('',#2859,#2860);
#2859 = CARTESIAN_POINT('',(1.,-5.551115123126E-17));
#2860 = VECTOR('',#2861,1.);
#2861 = DIRECTION('',(2.231125221501E-17,1.));
#2862 = ( GEOMETRIC_REPRESENTATION_CONTEXT(2)
PARAMETRIC_REPRESENTATION_CONTEXT() REPRESENTATION_CONTEXT('2D SPACE',''
  ) );
#2863 = PCURVE('',#2811,#2864);
#2864 = DEFINITIONAL_REPRESENTATION('',(#2865),#2869);
#2865 = LINE('',#2866,#2867);
#2866 = CARTESIAN_POINT('',(0.,0.));
#2867 = VECTOR('',#2868,1.);
#2868 = DIRECTION('',(0.,-1.));
#2869 = ( GEOMETRIC_REPRESENTATION_CONTEXT(2)
PARAMETRIC_REPRESENTATION_CONTEXT() REPRESENTATION_CONTEXT('2D SPACE',''
  ) );
#2870 = ADVANCED_FACE('',(#2871),#1431,.F.);
#2871 = FACE_BOUND('',#2872,.F.);
#2872 = EDGE_LOOP('',(#2873,#2896,#2897));
#2873 = ORIENTED_EDGE('',*,*,#2874,.F.);
#2874 = EDGE_CURVE('',#1415,#2875,#2877,.T.);
#2875 = VERTEX_POINT('',#2876);
#2876 = CARTESIAN_POINT('',(12.,1.25,-8.));
#2877 = SURFACE_CURVE('',#2878,(#2882,#2889),.PCURVE_S1.);
#2878 = LINE('',#2879,#2880);
#2879 = CARTESIAN_POINT('',(11.,1.25,-8.));
#2880 = VECTOR('',#2881,1.);
#2881 = DIRECTION('',(1.,0.,0.));
#2882 = PCURVE('',#1431,#2883);
#2883 = DEFINITIONAL_REPRESENTATION('',(#2884),#2888);
#2884 = LINE('',#2885,#2886);
#2885 = CARTESIAN_POINT('',(0.,2.5));
#2886 = VECTOR('',#2887,1.);
#2887 = DIRECTION('',(1.,0.));
#2888 = ( GEOMETRIC_REPRESENTATION_CONTEXT(2)
PARAMETRIC_REPRESENTATION_CONTEXT() REPRESENTATION_CONTEXT('2D SPACE',''
  ) );
#2889 = PCURVE('',#2358,#2890);
#2890 = DEFINITIONAL_REPRESENTATION('',(#2891),#2895);
#2891 = LINE('',#2892,#2893);
#2892 = CARTESIAN_POINT('',(0.,0.));
#2893 = VECTOR('',#2894,1.);
#2894 = DIRECTION('',(0.,1.));
#2895 = ( GEOMETRIC_REPRESENTATION_CONTEXT(2)
PARAMETRIC_REPRESENTATION_CONTEXT() REPRESENTATION_CONTEXT('2D SPACE',''
  ) );
#2896 = ORIENTED_EDGE('',*,*,#1414,.F.);
#2897 = ORIENTED_EDGE('',*,*,#2898,.T.);
#2898 = EDGE_CURVE('',#1387,#2875,#2899,.T.);
#2899 = SURFACE_CURVE('',#2900,(#2904,#2911),.PCURVE_S1.);
#2900 = LINE('',#2901,#2902);
#2901 = CARTESIAN_POINT('',(12.,-1.25,-8.));
#2902 = VECTOR('',#2903,1.);
#2903 = DIRECTION('',(0.,1.,0.));
#2904 = PCURVE('',#1431,#2905);
#2905 = DEFINITIONAL_REPRESENTATION('',(#2906),#2910);
#2906 = LINE('',#2907,#2908);
#2907 = CARTESIAN_POINT('',(1.,0.));
#2908 = VECTOR('',#2909,1.);
#2909 = DIRECTION('',(0.,1.));
#2910 = ( GEOMETRIC_REPRESENTATION_CONTEXT(2)
PARAMETRIC_REPRESENTATION_CONTEXT() REPRESENTATION_CONTEXT('2D SPACE',''
  ) );
#2911 = PCURVE('',#2912,#2917);
#2912 = PLANE('',#2913);
#2913 = AXIS2_PLACEMENT_3D('',#2914,#2915,#2916);
#2914 = CARTESIAN_POINT('',(12.,-1.25,-8.));
#2915 = DIRECTION('',(1.,0.,0.));
#2916 = DIRECTION('',(0.,0.,1.));
#2917 = DEFINITIONAL_REPRESENTATION('',(#2918),#2922);
#2918 = LINE('',#2919,#2920);
#2919 = CARTESIAN_POINT('',(0.,0.));
#2920 = VECTOR('',#2921,1.);
#2921 = DIRECTION('',(0.,-1.));
#2922 = ( GEOMETRIC_REPRESENTATION_CONTEXT(2)
PARAMETRIC_REPRESENTATION_CONTEXT() REPRESENTATION_CONTEXT('2D SPACE',''
  ) );
#2923 = ADVANCED_FACE('',(#2924),#1402,.F.);
#2924 = FACE_BOUND('',#2925,.F.);
#2925 = EDGE_LOOP('',(#2926,#2927,#2928,#2949,#2975,#2998,#3019,#3042,
    #3063,#3089,#3115,#3138,#3164,#3187,#3206,#3207,#3228,#3254));
#2926 = ORIENTED_EDGE('',*,*,#1386,.F.);
#2927 = ORIENTED_EDGE('',*,*,#1581,.T.);
#2928 = ORIENTED_EDGE('',*,*,#2929,.T.);
#2929 = EDGE_CURVE('',#1582,#2930,#2932,.T.);
#2930 = VERTEX_POINT('',#2931);
#2931 = CARTESIAN_POINT('',(4.7,6.607168583621E-16,-9.));
#2932 = SURFACE_CURVE('',#2933,(#2937,#2943),.PCURVE_S1.);
#2933 = LINE('',#2934,#2935);
#2934 = CARTESIAN_POINT('',(-15.,0.,-9.));
#2935 = VECTOR('',#2936,1.);
#2936 = DIRECTION('',(-1.,0.,0.));
#2937 = PCURVE('',#1402,#2938);
#2938 = DEFINITIONAL_REPRESENTATION('',(#2939),#2942);
#2939 = B_SPLINE_CURVE_WITH_KNOTS('',1,(#2940,#2941),.UNSPECIFIED.,.F.,
  .F.,(2,2),(-20.65,-19.59238500128),.PIECEWISE_BEZIER_KNOTS.);
#2940 = CARTESIAN_POINT('',(56.,35.65));
#2941 = CARTESIAN_POINT('',(56.,34.592385001282));
#2942 = ( GEOMETRIC_REPRESENTATION_CONTEXT(2)
PARAMETRIC_REPRESENTATION_CONTEXT() REPRESENTATION_CONTEXT('2D SPACE',''
  ) );
#2943 = PCURVE('',#1926,#2944);
#2944 = DEFINITIONAL_REPRESENTATION('',(#2945),#2948);
#2945 = B_SPLINE_CURVE_WITH_KNOTS('',1,(#2946,#2947),.UNSPECIFIED.,.F.,
  .F.,(2,2),(-20.65,-19.59238500128),.PIECEWISE_BEZIER_KNOTS.);
#2946 = CARTESIAN_POINT('',(5.65,-4.217680353673E-16));
#2947 = CARTESIAN_POINT('',(4.592385001282,-4.217680353673E-16));
#2948 = ( GEOMETRIC_REPRESENTATION_CONTEXT(2)
PARAMETRIC_REPRESENTATION_CONTEXT() REPRESENTATION_CONTEXT('2D SPACE',''
  ) );
#2949 = ORIENTED_EDGE('',*,*,#2950,.T.);
#2950 = EDGE_CURVE('',#2930,#2951,#2953,.T.);
#2951 = VERTEX_POINT('',#2952);
#2952 = CARTESIAN_POINT('',(3.,0.,-9.));
#2953 = SURFACE_CURVE('',#2954,(#2958,#2964),.PCURVE_S1.);
#2954 = LINE('',#2955,#2956);
#2955 = CARTESIAN_POINT('',(-13.925,0.,-9.));
#2956 = VECTOR('',#2957,1.);
#2957 = DIRECTION('',(-1.,0.,0.));
#2958 = PCURVE('',#1402,#2959);
#2959 = DEFINITIONAL_REPRESENTATION('',(#2960),#2963);
#2960 = B_SPLINE_CURVE_WITH_KNOTS('',1,(#2961,#2962),.UNSPECIFIED.,.F.,
  .F.,(2,2),(-18.625,-16.75342712474),.PIECEWISE_BEZIER_KNOTS.);
#2961 = CARTESIAN_POINT('',(56.,34.7));
#2962 = CARTESIAN_POINT('',(56.,32.828427124746));
#2963 = ( GEOMETRIC_REPRESENTATION_CONTEXT(2)
PARAMETRIC_REPRESENTATION_CONTEXT() REPRESENTATION_CONTEXT('2D SPACE',''
  ) );
#2964 = PCURVE('',#2965,#2970);
#2965 = PLANE('',#2966);
#2966 = AXIS2_PLACEMENT_3D('',#2967,#2968,#2969);
#2967 = CARTESIAN_POINT('',(2.15,-1.,-9.));
#2968 = DIRECTION('',(0.,0.,1.));
#2969 = DIRECTION('',(1.,0.,0.));
#2970 = DEFINITIONAL_REPRESENTATION('',(#2971),#2974);
#2971 = B_SPLINE_CURVE_WITH_KNOTS('',1,(#2972,#2973),.UNSPECIFIED.,.F.,
  .F.,(2,2),(-18.625,-16.75342712474),.PIECEWISE_BEZIER_KNOTS.);
#2972 = CARTESIAN_POINT('',(2.55,1.));
#2973 = CARTESIAN_POINT('',(0.678427124746,1.));
#2974 = ( GEOMETRIC_REPRESENTATION_CONTEXT(2)
PARAMETRIC_REPRESENTATION_CONTEXT() REPRESENTATION_CONTEXT('2D SPACE',''
  ) );
#2975 = ORIENTED_EDGE('',*,*,#2976,.F.);
#2976 = EDGE_CURVE('',#2977,#2951,#2979,.T.);
#2977 = VERTEX_POINT('',#2978);
#2978 = CARTESIAN_POINT('',(3.,0.,-25.));
#2979 = SURFACE_CURVE('',#2980,(#2984,#2991),.PCURVE_S1.);
#2980 = LINE('',#2981,#2982);
#2981 = CARTESIAN_POINT('',(3.,0.,-25.));
#2982 = VECTOR('',#2983,1.);
#2983 = DIRECTION('',(0.,0.,1.));
#2984 = PCURVE('',#1402,#2985);
#2985 = DEFINITIONAL_REPRESENTATION('',(#2986),#2990);
#2986 = LINE('',#2987,#2988);
#2987 = CARTESIAN_POINT('',(40.,33.));
#2988 = VECTOR('',#2989,1.);
#2989 = DIRECTION('',(1.,0.));
#2990 = ( GEOMETRIC_REPRESENTATION_CONTEXT(2)
PARAMETRIC_REPRESENTATION_CONTEXT() REPRESENTATION_CONTEXT('2D SPACE',''
  ) );
#2991 = PCURVE('',#2233,#2992);
#2992 = DEFINITIONAL_REPRESENTATION('',(#2993),#2997);
#2993 = LINE('',#2994,#2995);
#2994 = CARTESIAN_POINT('',(-0.,0.));
#2995 = VECTOR('',#2996,1.);
#2996 = DIRECTION('',(-0.,-1.));
#2997 = ( GEOMETRIC_REPRESENTATION_CONTEXT(2)
PARAMETRIC_REPRESENTATION_CONTEXT() REPRESENTATION_CONTEXT('2D SPACE',''
  ) );
#2998 = ORIENTED_EDGE('',*,*,#2999,.T.);
#2999 = EDGE_CURVE('',#2977,#3000,#3002,.T.);
#3000 = VERTEX_POINT('',#3001);
#3001 = CARTESIAN_POINT('',(1.4,1.651792145905E-16,-25.));
#3002 = SURFACE_CURVE('',#3003,(#3007,#3013),.PCURVE_S1.);
#3003 = LINE('',#3004,#3005);
#3004 = CARTESIAN_POINT('',(-15.,0.,-25.));
#3005 = VECTOR('',#3006,1.);
#3006 = DIRECTION('',(-1.,0.,0.));
#3007 = PCURVE('',#1402,#3008);
#3008 = DEFINITIONAL_REPRESENTATION('',(#3009),#3012);
#3009 = B_SPLINE_CURVE_WITH_KNOTS('',1,(#3010,#3011),.UNSPECIFIED.,.F.,
  .F.,(2,2),(-18.,-12.),.PIECEWISE_BEZIER_KNOTS.);
#3010 = CARTESIAN_POINT('',(40.,33.));
#3011 = CARTESIAN_POINT('',(40.,27.));
#3012 = ( GEOMETRIC_REPRESENTATION_CONTEXT(2)
PARAMETRIC_REPRESENTATION_CONTEXT() REPRESENTATION_CONTEXT('2D SPACE',''
  ) );
#3013 = PCURVE('',#2207,#3014);
#3014 = DEFINITIONAL_REPRESENTATION('',(#3015),#3018);
#3015 = B_SPLINE_CURVE_WITH_KNOTS('',1,(#3016,#3017),.UNSPECIFIED.,.F.,
  .F.,(2,2),(-18.,-12.),.PIECEWISE_BEZIER_KNOTS.);
#3016 = CARTESIAN_POINT('',(3.,-1.054420088418E-16));
#3017 = CARTESIAN_POINT('',(-3.,-1.054420088418E-16));
#3018 = ( GEOMETRIC_REPRESENTATION_CONTEXT(2)
PARAMETRIC_REPRESENTATION_CONTEXT() REPRESENTATION_CONTEXT('2D SPACE',''
  ) );
#3019 = ORIENTED_EDGE('',*,*,#3020,.T.);
#3020 = EDGE_CURVE('',#3000,#3021,#3023,.T.);
#3021 = VERTEX_POINT('',#3022);
#3022 = CARTESIAN_POINT('',(1.4,1.651792145905E-16,-9.));
#3023 = SURFACE_CURVE('',#3024,(#3028,#3035),.PCURVE_S1.);
#3024 = LINE('',#3025,#3026);
#3025 = CARTESIAN_POINT('',(1.4,1.651792145905E-16,-25.));
#3026 = VECTOR('',#3027,1.);
#3027 = DIRECTION('',(0.,0.,1.));
#3028 = PCURVE('',#1402,#3029);
#3029 = DEFINITIONAL_REPRESENTATION('',(#3030),#3034);
#3030 = LINE('',#3031,#3032);
#3031 = CARTESIAN_POINT('',(40.,31.4));
#3032 = VECTOR('',#3033,1.);
#3033 = DIRECTION('',(1.,0.));
#3034 = ( GEOMETRIC_REPRESENTATION_CONTEXT(2)
PARAMETRIC_REPRESENTATION_CONTEXT() REPRESENTATION_CONTEXT('2D SPACE',''
  ) );
#3035 = PCURVE('',#2181,#3036);
#3036 = DEFINITIONAL_REPRESENTATION('',(#3037),#3041);
#3037 = LINE('',#3038,#3039);
#3038 = CARTESIAN_POINT('',(-0.,0.));
#3039 = VECTOR('',#3040,1.);
#3040 = DIRECTION('',(-0.,-1.));
#3041 = ( GEOMETRIC_REPRESENTATION_CONTEXT(2)
PARAMETRIC_REPRESENTATION_CONTEXT() REPRESENTATION_CONTEXT('2D SPACE',''
  ) );
#3042 = ORIENTED_EDGE('',*,*,#3043,.F.);
#3043 = EDGE_CURVE('',#3044,#3021,#3046,.T.);
#3044 = VERTEX_POINT('',#3045);
#3045 = CARTESIAN_POINT('',(2.15,0.,-9.));
#3046 = SURFACE_CURVE('',#3047,(#3051,#3057),.PCURVE_S1.);
#3047 = LINE('',#3048,#3049);
#3048 = CARTESIAN_POINT('',(-15.,0.,-9.));
#3049 = VECTOR('',#3050,1.);
#3050 = DIRECTION('',(-1.,0.,0.));
#3051 = PCURVE('',#1402,#3052);
#3052 = DEFINITIONAL_REPRESENTATION('',(#3053),#3056);
#3053 = B_SPLINE_CURVE_WITH_KNOTS('',1,(#3054,#3055),.UNSPECIFIED.,.F.,
  .F.,(2,2),(-17.82842712474,-12.17157287525),.PIECEWISE_BEZIER_KNOTS.);
#3054 = CARTESIAN_POINT('',(56.,32.828427124746));
#3055 = CARTESIAN_POINT('',(56.,27.171572875254));
#3056 = ( GEOMETRIC_REPRESENTATION_CONTEXT(2)
PARAMETRIC_REPRESENTATION_CONTEXT() REPRESENTATION_CONTEXT('2D SPACE',''
  ) );
#3057 = PCURVE('',#2155,#3058);
#3058 = DEFINITIONAL_REPRESENTATION('',(#3059),#3062);
#3059 = B_SPLINE_CURVE_WITH_KNOTS('',1,(#3060,#3061),.UNSPECIFIED.,.F.,
  .F.,(2,2),(-17.82842712474,-12.17157287525),.PIECEWISE_BEZIER_KNOTS.);
#3060 = CARTESIAN_POINT('',(2.828427124746,-1.054420088418E-16));
#3061 = CARTESIAN_POINT('',(-2.828427124746,-1.054420088418E-16));
#3062 = ( GEOMETRIC_REPRESENTATION_CONTEXT(2)
PARAMETRIC_REPRESENTATION_CONTEXT() REPRESENTATION_CONTEXT('2D SPACE',''
  ) );
#3063 = ORIENTED_EDGE('',*,*,#3064,.T.);
#3064 = EDGE_CURVE('',#3044,#3065,#3067,.T.);
#3065 = VERTEX_POINT('',#3066);
#3066 = CARTESIAN_POINT('',(2.15,0.,-8.));
#3067 = SURFACE_CURVE('',#3068,(#3072,#3078),.PCURVE_S1.);
#3068 = LINE('',#3069,#3070);
#3069 = CARTESIAN_POINT('',(2.15,0.,-37.));
#3070 = VECTOR('',#3071,1.);
#3071 = DIRECTION('',(0.,0.,1.));
#3072 = PCURVE('',#1402,#3073);
#3073 = DEFINITIONAL_REPRESENTATION('',(#3074),#3077);
#3074 = B_SPLINE_CURVE_WITH_KNOTS('',1,(#3075,#3076),.UNSPECIFIED.,.F.,
  .F.,(2,2),(28.,29.),.PIECEWISE_BEZIER_KNOTS.);
#3075 = CARTESIAN_POINT('',(56.,32.15));
#3076 = CARTESIAN_POINT('',(57.,32.15));
#3077 = ( GEOMETRIC_REPRESENTATION_CONTEXT(2)
PARAMETRIC_REPRESENTATION_CONTEXT() REPRESENTATION_CONTEXT('2D SPACE',''
  ) );
#3078 = PCURVE('',#3079,#3084);
#3079 = PLANE('',#3080);
#3080 = AXIS2_PLACEMENT_3D('',#3081,#3082,#3083);
#3081 = CARTESIAN_POINT('',(2.15,-1.,-9.));
#3082 = DIRECTION('',(1.,0.,0.));
#3083 = DIRECTION('',(0.,0.,1.));
#3084 = DEFINITIONAL_REPRESENTATION('',(#3085),#3088);
#3085 = B_SPLINE_CURVE_WITH_KNOTS('',1,(#3086,#3087),.UNSPECIFIED.,.F.,
  .F.,(2,2),(28.,29.),.PIECEWISE_BEZIER_KNOTS.);
#3086 = CARTESIAN_POINT('',(0.,-1.));
#3087 = CARTESIAN_POINT('',(1.,-1.));
#3088 = ( GEOMETRIC_REPRESENTATION_CONTEXT(2)
PARAMETRIC_REPRESENTATION_CONTEXT() REPRESENTATION_CONTEXT('2D SPACE',''
  ) );
#3089 = ORIENTED_EDGE('',*,*,#3090,.F.);
#3090 = EDGE_CURVE('',#3091,#3065,#3093,.T.);
#3091 = VERTEX_POINT('',#3092);
#3092 = CARTESIAN_POINT('',(4.7,2.824689978821E-16,-8.));
#3093 = SURFACE_CURVE('',#3094,(#3098,#3104),.PCURVE_S1.);
#3094 = LINE('',#3095,#3096);
#3095 = CARTESIAN_POINT('',(-13.925,0.,-8.));
#3096 = VECTOR('',#3097,1.);
#3097 = DIRECTION('',(-1.,0.,0.));
#3098 = PCURVE('',#1402,#3099);
#3099 = DEFINITIONAL_REPRESENTATION('',(#3100),#3103);
#3100 = B_SPLINE_CURVE_WITH_KNOTS('',1,(#3101,#3102),.UNSPECIFIED.,.F.,
  .F.,(2,2),(-18.625,-16.075),.PIECEWISE_BEZIER_KNOTS.);
#3101 = CARTESIAN_POINT('',(57.,34.7));
#3102 = CARTESIAN_POINT('',(57.,32.15));
#3103 = ( GEOMETRIC_REPRESENTATION_CONTEXT(2)
PARAMETRIC_REPRESENTATION_CONTEXT() REPRESENTATION_CONTEXT('2D SPACE',''
  ) );
#3104 = PCURVE('',#3105,#3110);
#3105 = PLANE('',#3106);
#3106 = AXIS2_PLACEMENT_3D('',#3107,#3108,#3109);
#3107 = CARTESIAN_POINT('',(2.15,-1.,-8.));
#3108 = DIRECTION('',(0.,0.,1.));
#3109 = DIRECTION('',(1.,0.,0.));
#3110 = DEFINITIONAL_REPRESENTATION('',(#3111),#3114);
#3111 = B_SPLINE_CURVE_WITH_KNOTS('',1,(#3112,#3113),.UNSPECIFIED.,.F.,
  .F.,(2,2),(-18.625,-16.075),.PIECEWISE_BEZIER_KNOTS.);
#3112 = CARTESIAN_POINT('',(2.55,1.));
#3113 = CARTESIAN_POINT('',(0.,1.));
#3114 = ( GEOMETRIC_REPRESENTATION_CONTEXT(2)
PARAMETRIC_REPRESENTATION_CONTEXT() REPRESENTATION_CONTEXT('2D SPACE',''
  ) );
#3115 = ORIENTED_EDGE('',*,*,#3116,.T.);
#3116 = EDGE_CURVE('',#3091,#3117,#3119,.T.);
#3117 = VERTEX_POINT('',#3118);
#3118 = CARTESIAN_POINT('',(4.7,-9.577886259785E-17,-6.5));
#3119 = SURFACE_CURVE('',#3120,(#3124,#3131),.PCURVE_S1.);
#3120 = LINE('',#3121,#3122);
#3121 = CARTESIAN_POINT('',(4.7,-9.577886259785E-17,-8.));
#3122 = VECTOR('',#3123,1.);
#3123 = DIRECTION('',(0.,0.,1.));
#3124 = PCURVE('',#1402,#3125);
#3125 = DEFINITIONAL_REPRESENTATION('',(#3126),#3130);
#3126 = LINE('',#3127,#3128);
#3127 = CARTESIAN_POINT('',(57.,34.7));
#3128 = VECTOR('',#3129,1.);
#3129 = DIRECTION('',(1.,0.));
#3130 = ( GEOMETRIC_REPRESENTATION_CONTEXT(2)
PARAMETRIC_REPRESENTATION_CONTEXT() REPRESENTATION_CONTEXT('2D SPACE',''
  ) );
#3131 = PCURVE('',#2077,#3132);
#3132 = DEFINITIONAL_REPRESENTATION('',(#3133),#3137);
#3133 = LINE('',#3134,#3135);
#3134 = CARTESIAN_POINT('',(-0.,0.));
#3135 = VECTOR('',#3136,1.);
#3136 = DIRECTION('',(-0.,-1.));
#3137 = ( GEOMETRIC_REPRESENTATION_CONTEXT(2)
PARAMETRIC_REPRESENTATION_CONTEXT() REPRESENTATION_CONTEXT('2D SPACE',''
  ) );
#3138 = ORIENTED_EDGE('',*,*,#3139,.F.);
#3139 = EDGE_CURVE('',#3140,#3117,#3142,.T.);
#3140 = VERTEX_POINT('',#3141);
#3141 = CARTESIAN_POINT('',(5.4,0.,-6.5));
#3142 = SURFACE_CURVE('',#3143,(#3147,#3153),.PCURVE_S1.);
#3143 = LINE('',#3144,#3145);
#3144 = CARTESIAN_POINT('',(-12.9,0.,-6.5));
#3145 = VECTOR('',#3146,1.);
#3146 = DIRECTION('',(-1.,0.,0.));
#3147 = PCURVE('',#1402,#3148);
#3148 = DEFINITIONAL_REPRESENTATION('',(#3149),#3152);
#3149 = B_SPLINE_CURVE_WITH_KNOTS('',1,(#3150,#3151),.UNSPECIFIED.,.F.,
  .F.,(2,2),(-18.3,-17.43072841825),.PIECEWISE_BEZIER_KNOTS.);
#3150 = CARTESIAN_POINT('',(58.5,35.4));
#3151 = CARTESIAN_POINT('',(58.5,34.530728418257));
#3152 = ( GEOMETRIC_REPRESENTATION_CONTEXT(2)
PARAMETRIC_REPRESENTATION_CONTEXT() REPRESENTATION_CONTEXT('2D SPACE',''
  ) );
#3153 = PCURVE('',#3154,#3159);
#3154 = PLANE('',#3155);
#3155 = AXIS2_PLACEMENT_3D('',#3156,#3157,#3158);
#3156 = CARTESIAN_POINT('',(4.2,-1.25,-6.5));
#3157 = DIRECTION('',(0.,0.,1.));
#3158 = DIRECTION('',(1.,0.,0.));
#3159 = DEFINITIONAL_REPRESENTATION('',(#3160),#3163);
#3160 = B_SPLINE_CURVE_WITH_KNOTS('',1,(#3161,#3162),.UNSPECIFIED.,.F.,
  .F.,(2,2),(-18.3,-17.43072841825),.PIECEWISE_BEZIER_KNOTS.);
#3161 = CARTESIAN_POINT('',(1.2,1.25));
#3162 = CARTESIAN_POINT('',(0.330728418257,1.25));
#3163 = ( GEOMETRIC_REPRESENTATION_CONTEXT(2)
PARAMETRIC_REPRESENTATION_CONTEXT() REPRESENTATION_CONTEXT('2D SPACE',''
  ) );
#3164 = ORIENTED_EDGE('',*,*,#3165,.F.);
#3165 = EDGE_CURVE('',#3166,#3140,#3168,.T.);
#3166 = VERTEX_POINT('',#3167);
#3167 = CARTESIAN_POINT('',(5.4,0.,-8.));
#3168 = SURFACE_CURVE('',#3169,(#3173,#3180),.PCURVE_S1.);
#3169 = LINE('',#3170,#3171);
#3170 = CARTESIAN_POINT('',(5.4,0.,-8.));
#3171 = VECTOR('',#3172,1.);
#3172 = DIRECTION('',(0.,0.,1.));
#3173 = PCURVE('',#1402,#3174);
#3174 = DEFINITIONAL_REPRESENTATION('',(#3175),#3179);
#3175 = LINE('',#3176,#3177);
#3176 = CARTESIAN_POINT('',(57.,35.4));
#3177 = VECTOR('',#3178,1.);
#3178 = DIRECTION('',(1.,0.));
#3179 = ( GEOMETRIC_REPRESENTATION_CONTEXT(2)
PARAMETRIC_REPRESENTATION_CONTEXT() REPRESENTATION_CONTEXT('2D SPACE',''
  ) );
#3180 = PCURVE('',#2025,#3181);
#3181 = DEFINITIONAL_REPRESENTATION('',(#3182),#3186);
#3182 = LINE('',#3183,#3184);
#3183 = CARTESIAN_POINT('',(-0.,0.));
#3184 = VECTOR('',#3185,1.);
#3185 = DIRECTION('',(-0.,-1.));
#3186 = ( GEOMETRIC_REPRESENTATION_CONTEXT(2)
PARAMETRIC_REPRESENTATION_CONTEXT() REPRESENTATION_CONTEXT('2D SPACE',''
  ) );
#3187 = ORIENTED_EDGE('',*,*,#3188,.F.);
#3188 = EDGE_CURVE('',#2296,#3166,#3189,.T.);
#3189 = SURFACE_CURVE('',#3190,(#3194,#3200),.PCURVE_S1.);
#3190 = LINE('',#3191,#3192);
#3191 = CARTESIAN_POINT('',(-15.,0.,-8.));
#3192 = VECTOR('',#3193,1.);
#3193 = DIRECTION('',(-1.,0.,0.));
#3194 = PCURVE('',#1402,#3195);
#3195 = DEFINITIONAL_REPRESENTATION('',(#3196),#3199);
#3196 = B_SPLINE_CURVE_WITH_KNOTS('',1,(#3197,#3198),.UNSPECIFIED.,.F.,
  .F.,(2,2),(-20.65,-20.30659966456),.PIECEWISE_BEZIER_KNOTS.);
#3197 = CARTESIAN_POINT('',(57.,35.65));
#3198 = CARTESIAN_POINT('',(57.,35.306599664569));
#3199 = ( GEOMETRIC_REPRESENTATION_CONTEXT(2)
PARAMETRIC_REPRESENTATION_CONTEXT() REPRESENTATION_CONTEXT('2D SPACE',''
  ) );
#3200 = PCURVE('',#2737,#3201);
#3201 = DEFINITIONAL_REPRESENTATION('',(#3202),#3205);
#3202 = B_SPLINE_CURVE_WITH_KNOTS('',1,(#3203,#3204),.UNSPECIFIED.,.F.,
  .F.,(2,2),(-20.65,-20.30659966456),.PIECEWISE_BEZIER_KNOTS.);
#3203 = CARTESIAN_POINT('',(5.65,-4.217680353673E-16));
#3204 = CARTESIAN_POINT('',(5.306599664569,-4.217680353673E-16));
#3205 = ( GEOMETRIC_REPRESENTATION_CONTEXT(2)
PARAMETRIC_REPRESENTATION_CONTEXT() REPRESENTATION_CONTEXT('2D SPACE',''
  ) );
#3206 = ORIENTED_EDGE('',*,*,#2293,.F.);
#3207 = ORIENTED_EDGE('',*,*,#3208,.T.);
#3208 = EDGE_CURVE('',#2294,#3209,#3211,.T.);
#3209 = VERTEX_POINT('',#3210);
#3210 = CARTESIAN_POINT('',(11.,0.,-6.08));
#3211 = SURFACE_CURVE('',#3212,(#3216,#3222),.PCURVE_S1.);
#3212 = LINE('',#3213,#3214);
#3213 = CARTESIAN_POINT('',(11.,0.,-36.5));
#3214 = VECTOR('',#3215,1.);
#3215 = DIRECTION('',(0.,0.,1.));
#3216 = PCURVE('',#1402,#3217);
#3217 = DEFINITIONAL_REPRESENTATION('',(#3218),#3221);
#3218 = B_SPLINE_CURVE_WITH_KNOTS('',1,(#3219,#3220),.UNSPECIFIED.,.F.,
  .F.,(2,2),(28.5,30.42),.PIECEWISE_BEZIER_KNOTS.);
#3219 = CARTESIAN_POINT('',(57.,41.));
#3220 = CARTESIAN_POINT('',(58.92,41.));
#3221 = ( GEOMETRIC_REPRESENTATION_CONTEXT(2)
PARAMETRIC_REPRESENTATION_CONTEXT() REPRESENTATION_CONTEXT('2D SPACE',''
  ) );
#3222 = PCURVE('',#2332,#3223);
#3223 = DEFINITIONAL_REPRESENTATION('',(#3224),#3227);
#3224 = B_SPLINE_CURVE_WITH_KNOTS('',1,(#3225,#3226),.UNSPECIFIED.,.F.,
  .F.,(2,2),(28.5,30.42),.PIECEWISE_BEZIER_KNOTS.);
#3225 = CARTESIAN_POINT('',(0.,-1.25));
#3226 = CARTESIAN_POINT('',(1.92,-1.25));
#3227 = ( GEOMETRIC_REPRESENTATION_CONTEXT(2)
PARAMETRIC_REPRESENTATION_CONTEXT() REPRESENTATION_CONTEXT('2D SPACE',''
  ) );
#3228 = ORIENTED_EDGE('',*,*,#3229,.F.);
#3229 = EDGE_CURVE('',#3230,#3209,#3232,.T.);
#3230 = VERTEX_POINT('',#3231);
#3231 = CARTESIAN_POINT('',(12.,0.,-6.08));
#3232 = SURFACE_CURVE('',#3233,(#3237,#3243),.PCURVE_S1.);
#3233 = LINE('',#3234,#3235);
#3234 = CARTESIAN_POINT('',(-9.5,0.,-6.08));
#3235 = VECTOR('',#3236,1.);
#3236 = DIRECTION('',(-1.,0.,0.));
#3237 = PCURVE('',#1402,#3238);
#3238 = DEFINITIONAL_REPRESENTATION('',(#3239),#3242);
#3239 = B_SPLINE_CURVE_WITH_KNOTS('',1,(#3240,#3241),.UNSPECIFIED.,.F.,
  .F.,(2,2),(-21.5,-20.5),.PIECEWISE_BEZIER_KNOTS.);
#3240 = CARTESIAN_POINT('',(58.92,42.));
#3241 = CARTESIAN_POINT('',(58.92,41.));
#3242 = ( GEOMETRIC_REPRESENTATION_CONTEXT(2)
PARAMETRIC_REPRESENTATION_CONTEXT() REPRESENTATION_CONTEXT('2D SPACE',''
  ) );
#3243 = PCURVE('',#3244,#3249);
#3244 = PLANE('',#3245);
#3245 = AXIS2_PLACEMENT_3D('',#3246,#3247,#3248);
#3246 = CARTESIAN_POINT('',(11.,-1.25,-6.08));
#3247 = DIRECTION('',(0.,0.,1.));
#3248 = DIRECTION('',(1.,0.,0.));
#3249 = DEFINITIONAL_REPRESENTATION('',(#3250),#3253);
#3250 = B_SPLINE_CURVE_WITH_KNOTS('',1,(#3251,#3252),.UNSPECIFIED.,.F.,
  .F.,(2,2),(-21.5,-20.5),.PIECEWISE_BEZIER_KNOTS.);
#3251 = CARTESIAN_POINT('',(1.,1.25));
#3252 = CARTESIAN_POINT('',(0.,1.25));
#3253 = ( GEOMETRIC_REPRESENTATION_CONTEXT(2)
PARAMETRIC_REPRESENTATION_CONTEXT() REPRESENTATION_CONTEXT('2D SPACE',''
  ) );
#3254 = ORIENTED_EDGE('',*,*,#3255,.F.);
#3255 = EDGE_CURVE('',#1387,#3230,#3256,.T.);
#3256 = SURFACE_CURVE('',#3257,(#3261,#3267),.PCURVE_S1.);
#3257 = LINE('',#3258,#3259);
#3258 = CARTESIAN_POINT('',(12.,0.,-36.5));
#3259 = VECTOR('',#3260,1.);
#3260 = DIRECTION('',(0.,0.,1.));
#3261 = PCURVE('',#1402,#3262);
#3262 = DEFINITIONAL_REPRESENTATION('',(#3263),#3266);
#3263 = B_SPLINE_CURVE_WITH_KNOTS('',1,(#3264,#3265),.UNSPECIFIED.,.F.,
  .F.,(2,2),(28.5,30.42),.PIECEWISE_BEZIER_KNOTS.);
#3264 = CARTESIAN_POINT('',(57.,42.));
#3265 = CARTESIAN_POINT('',(58.92,42.));
#3266 = ( GEOMETRIC_REPRESENTATION_CONTEXT(2)
PARAMETRIC_REPRESENTATION_CONTEXT() REPRESENTATION_CONTEXT('2D SPACE',''
  ) );
#3267 = PCURVE('',#2912,#3268);
#3268 = DEFINITIONAL_REPRESENTATION('',(#3269),#3272);
#3269 = B_SPLINE_CURVE_WITH_KNOTS('',1,(#3270,#3271),.UNSPECIFIED.,.F.,
  .F.,(2,2),(28.5,30.42),.PIECEWISE_BEZIER_KNOTS.);
#3270 = CARTESIAN_POINT('',(0.,-1.25));
#3271 = CARTESIAN_POINT('',(1.92,-1.25));
#3272 = ( GEOMETRIC_REPRESENTATION_CONTEXT(2)
PARAMETRIC_REPRESENTATION_CONTEXT() REPRESENTATION_CONTEXT('2D SPACE',''
  ) );
#3273 = ADVANCED_FACE('',(#3274),#1926,.F.);
#3274 = FACE_BOUND('',#3275,.F.);
#3275 = EDGE_LOOP('',(#3276,#3298,#3299,#3300));
#3276 = ORIENTED_EDGE('',*,*,#3277,.F.);
#3277 = EDGE_CURVE('',#2930,#1882,#3278,.T.);
#3278 = SURFACE_CURVE('',#3279,(#3284,#3291),.PCURVE_S1.);
#3279 = CIRCLE('',#3280,4.7);
#3280 = AXIS2_PLACEMENT_3D('',#3281,#3282,#3283);
#3281 = CARTESIAN_POINT('',(5.722244773978E-14,6.607168583621E-16,-9.));
#3282 = DIRECTION('',(0.,0.,1.));
#3283 = DIRECTION('',(1.,0.,0.));
#3284 = PCURVE('',#1926,#3285);
#3285 = DEFINITIONAL_REPRESENTATION('',(#3286),#3290);
#3286 = CIRCLE('',#3287,4.7);
#3287 = AXIS2_PLACEMENT_2D('',#3288,#3289);
#3288 = CARTESIAN_POINT('',(5.790616780605E-14,2.389488229948E-16));
#3289 = DIRECTION('',(1.,0.));
#3290 = ( GEOMETRIC_REPRESENTATION_CONTEXT(2)
PARAMETRIC_REPRESENTATION_CONTEXT() REPRESENTATION_CONTEXT('2D SPACE',''
  ) );
#3291 = PCURVE('',#2965,#3292);
#3292 = DEFINITIONAL_REPRESENTATION('',(#3293),#3297);
#3293 = CIRCLE('',#3294,4.7);
#3294 = AXIS2_PLACEMENT_2D('',#3295,#3296);
#3295 = CARTESIAN_POINT('',(-2.15,1.));
#3296 = DIRECTION('',(1.,0.));
#3297 = ( GEOMETRIC_REPRESENTATION_CONTEXT(2)
PARAMETRIC_REPRESENTATION_CONTEXT() REPRESENTATION_CONTEXT('2D SPACE',''
  ) );
#3298 = ORIENTED_EDGE('',*,*,#2929,.F.);
#3299 = ORIENTED_EDGE('',*,*,#1938,.T.);
#3300 = ORIENTED_EDGE('',*,*,#1910,.F.);
#3301 = ADVANCED_FACE('',(#3302),#1898,.F.);
#3302 = FACE_BOUND('',#3303,.T.);
#3303 = EDGE_LOOP('',(#3304,#3305,#3333,#3357));
#3304 = ORIENTED_EDGE('',*,*,#1881,.F.);
#3305 = ORIENTED_EDGE('',*,*,#3306,.F.);
#3306 = EDGE_CURVE('',#3307,#1882,#3309,.T.);
#3307 = VERTEX_POINT('',#3308);
#3308 = CARTESIAN_POINT('',(4.592385001282,1.,-8.));
#3309 = SURFACE_CURVE('',#3310,(#3314,#3321),.PCURVE_S1.);
#3310 = LINE('',#3311,#3312);
#3311 = CARTESIAN_POINT('',(4.592385001282,1.,-9.));
#3312 = VECTOR('',#3313,1.);
#3313 = DIRECTION('',(-0.,-0.,-1.));
#3314 = PCURVE('',#1898,#3315);
#3315 = DEFINITIONAL_REPRESENTATION('',(#3316),#3320);
#3316 = LINE('',#3317,#3318);
#3317 = CARTESIAN_POINT('',(-0.214404864734,0.));
#3318 = VECTOR('',#3319,1.);
#3319 = DIRECTION('',(-0.,1.));
#3320 = ( GEOMETRIC_REPRESENTATION_CONTEXT(2)
PARAMETRIC_REPRESENTATION_CONTEXT() REPRESENTATION_CONTEXT('2D SPACE',''
  ) );
#3321 = PCURVE('',#3322,#3327);
#3322 = PLANE('',#3323);
#3323 = AXIS2_PLACEMENT_3D('',#3324,#3325,#3326);
#3324 = CARTESIAN_POINT('',(2.15,1.,-9.));
#3325 = DIRECTION('',(0.,1.,0.));
#3326 = DIRECTION('',(0.,0.,1.));
#3327 = DEFINITIONAL_REPRESENTATION('',(#3328),#3332);
#3328 = LINE('',#3329,#3330);
#3329 = CARTESIAN_POINT('',(0.,2.442385001282));
#3330 = VECTOR('',#3331,1.);
#3331 = DIRECTION('',(-1.,0.));
#3332 = ( GEOMETRIC_REPRESENTATION_CONTEXT(2)
PARAMETRIC_REPRESENTATION_CONTEXT() REPRESENTATION_CONTEXT('2D SPACE',''
  ) );
#3333 = ORIENTED_EDGE('',*,*,#3334,.T.);
#3334 = EDGE_CURVE('',#3307,#3335,#3337,.T.);
#3335 = VERTEX_POINT('',#3336);
#3336 = CARTESIAN_POINT('',(3.162217904425,3.477122075069,-8.));
#3337 = SURFACE_CURVE('',#3338,(#3343,#3350),.PCURVE_S1.);
#3338 = CIRCLE('',#3339,4.7);
#3339 = AXIS2_PLACEMENT_3D('',#3340,#3341,#3342);
#3340 = CARTESIAN_POINT('',(5.722244773978E-14,6.607168583621E-16,-8.));
#3341 = DIRECTION('',(0.,0.,1.));
#3342 = DIRECTION('',(1.,0.,0.));
#3343 = PCURVE('',#1898,#3344);
#3344 = DEFINITIONAL_REPRESENTATION('',(#3345),#3349);
#3345 = LINE('',#3346,#3347);
#3346 = CARTESIAN_POINT('',(-0.,-1.));
#3347 = VECTOR('',#3348,1.);
#3348 = DIRECTION('',(-1.,0.));
#3349 = ( GEOMETRIC_REPRESENTATION_CONTEXT(2)
PARAMETRIC_REPRESENTATION_CONTEXT() REPRESENTATION_CONTEXT('2D SPACE',''
  ) );
#3350 = PCURVE('',#2077,#3351);
#3351 = DEFINITIONAL_REPRESENTATION('',(#3352),#3356);
#3352 = LINE('',#3353,#3354);
#3353 = CARTESIAN_POINT('',(-0.,0.));
#3354 = VECTOR('',#3355,1.);
#3355 = DIRECTION('',(-1.,0.));
#3356 = ( GEOMETRIC_REPRESENTATION_CONTEXT(2)
PARAMETRIC_REPRESENTATION_CONTEXT() REPRESENTATION_CONTEXT('2D SPACE',''
  ) );
#3357 = ORIENTED_EDGE('',*,*,#3358,.T.);
#3358 = EDGE_CURVE('',#3335,#1859,#3359,.T.);
#3359 = SURFACE_CURVE('',#3360,(#3364,#3371),.PCURVE_S1.);
#3360 = LINE('',#3361,#3362);
#3361 = CARTESIAN_POINT('',(3.162217904425,3.477122075069,-9.));
#3362 = VECTOR('',#3363,1.);
#3363 = DIRECTION('',(-0.,-0.,-1.));
#3364 = PCURVE('',#1898,#3365);
#3365 = DEFINITIONAL_REPRESENTATION('',(#3366),#3370);
#3366 = LINE('',#3367,#3368);
#3367 = CARTESIAN_POINT('',(-0.832792686462,0.));
#3368 = VECTOR('',#3369,1.);
#3369 = DIRECTION('',(-0.,1.));
#3370 = ( GEOMETRIC_REPRESENTATION_CONTEXT(2)
PARAMETRIC_REPRESENTATION_CONTEXT() REPRESENTATION_CONTEXT('2D SPACE',''
  ) );
#3371 = PCURVE('',#3372,#3377);
#3372 = PLANE('',#3373);
#3373 = AXIS2_PLACEMENT_3D('',#3374,#3375,#3376);
#3374 = CARTESIAN_POINT('',(1.941025403784,1.361954618137,-9.));
#3375 = DIRECTION('',(-0.866025403784,0.5,0.));
#3376 = DIRECTION('',(0.,0.,1.));
#3377 = DEFINITIONAL_REPRESENTATION('',(#3378),#3382);
#3378 = LINE('',#3379,#3380);
#3379 = CARTESIAN_POINT('',(0.,2.442385001282));
#3380 = VECTOR('',#3381,1.);
#3381 = DIRECTION('',(-1.,0.));
#3382 = ( GEOMETRIC_REPRESENTATION_CONTEXT(2)
PARAMETRIC_REPRESENTATION_CONTEXT() REPRESENTATION_CONTEXT('2D SPACE',''
  ) );
#3383 = ADVANCED_FACE('',(#3384),#1823,.F.);
#3384 = FACE_BOUND('',#3385,.F.);
#3385 = EDGE_LOOP('',(#3386,#3413,#3414,#3415));
#3386 = ORIENTED_EDGE('',*,*,#3387,.F.);
#3387 = EDGE_CURVE('',#1859,#1779,#3388,.T.);
#3388 = SURFACE_CURVE('',#3389,(#3394,#3401),.PCURVE_S1.);
#3389 = CIRCLE('',#3390,4.7);
#3390 = AXIS2_PLACEMENT_3D('',#3391,#3392,#3393);
#3391 = CARTESIAN_POINT('',(5.722244773978E-14,6.607168583621E-16,-9.));
#3392 = DIRECTION('',(0.,0.,1.));
#3393 = DIRECTION('',(1.,0.,0.));
#3394 = PCURVE('',#1823,#3395);
#3395 = DEFINITIONAL_REPRESENTATION('',(#3396),#3400);
#3396 = CIRCLE('',#3397,4.7);
#3397 = AXIS2_PLACEMENT_2D('',#3398,#3399);
#3398 = CARTESIAN_POINT('',(5.790616780605E-14,2.389488229948E-16));
#3399 = DIRECTION('',(1.,0.));
#3400 = ( GEOMETRIC_REPRESENTATION_CONTEXT(2)
PARAMETRIC_REPRESENTATION_CONTEXT() REPRESENTATION_CONTEXT('2D SPACE',''
  ) );
#3401 = PCURVE('',#3402,#3407);
#3402 = PLANE('',#3403);
#3403 = AXIS2_PLACEMENT_3D('',#3404,#3405,#3406);
#3404 = CARTESIAN_POINT('',(1.941025403784,1.361954618137,-9.));
#3405 = DIRECTION('',(0.,0.,1.));
#3406 = DIRECTION('',(0.5,0.866025403784,0.));
#3407 = DEFINITIONAL_REPRESENTATION('',(#3408),#3412);
#3408 = CIRCLE('',#3409,4.7);
#3409 = AXIS2_PLACEMENT_2D('',#3410,#3411);
#3410 = CARTESIAN_POINT('',(-2.15,1.));
#3411 = DIRECTION('',(0.5,-0.866025403784));
#3412 = ( GEOMETRIC_REPRESENTATION_CONTEXT(2)
PARAMETRIC_REPRESENTATION_CONTEXT() REPRESENTATION_CONTEXT('2D SPACE',''
  ) );
#3413 = ORIENTED_EDGE('',*,*,#1858,.T.);
#3414 = ORIENTED_EDGE('',*,*,#1835,.T.);
#3415 = ORIENTED_EDGE('',*,*,#1807,.F.);
#3416 = ADVANCED_FACE('',(#3417),#1795,.F.);
#3417 = FACE_BOUND('',#3418,.T.);
#3418 = EDGE_LOOP('',(#3419,#3420,#3448,#3472));
#3419 = ORIENTED_EDGE('',*,*,#1778,.F.);
#3420 = ORIENTED_EDGE('',*,*,#3421,.F.);
#3421 = EDGE_CURVE('',#3422,#1779,#3424,.T.);
#3422 = VERTEX_POINT('',#3423);
#3423 = CARTESIAN_POINT('',(1.430167096857,4.477122075069,-8.));
#3424 = SURFACE_CURVE('',#3425,(#3429,#3436),.PCURVE_S1.);
#3425 = LINE('',#3426,#3427);
#3426 = CARTESIAN_POINT('',(1.430167096857,4.477122075069,-9.));
#3427 = VECTOR('',#3428,1.);
#3428 = DIRECTION('',(-0.,-0.,-1.));
#3429 = PCURVE('',#1795,#3430);
#3430 = DEFINITIONAL_REPRESENTATION('',(#3431),#3435);
#3431 = LINE('',#3432,#3433);
#3432 = CARTESIAN_POINT('',(-1.261602415931,0.));
#3433 = VECTOR('',#3434,1.);
#3434 = DIRECTION('',(-0.,1.));
#3435 = ( GEOMETRIC_REPRESENTATION_CONTEXT(2)
PARAMETRIC_REPRESENTATION_CONTEXT() REPRESENTATION_CONTEXT('2D SPACE',''
  ) );
#3436 = PCURVE('',#3437,#3442);
#3437 = PLANE('',#3438);
#3438 = AXIS2_PLACEMENT_3D('',#3439,#3440,#3441);
#3439 = CARTESIAN_POINT('',(0.208974596216,2.361954618137,-9.));
#3440 = DIRECTION('',(-0.866025403784,0.5,0.));
#3441 = DIRECTION('',(0.,0.,1.));
#3442 = DEFINITIONAL_REPRESENTATION('',(#3443),#3447);
#3443 = LINE('',#3444,#3445);
#3444 = CARTESIAN_POINT('',(0.,2.442385001282));
#3445 = VECTOR('',#3446,1.);
#3446 = DIRECTION('',(-1.,0.));
#3447 = ( GEOMETRIC_REPRESENTATION_CONTEXT(2)
PARAMETRIC_REPRESENTATION_CONTEXT() REPRESENTATION_CONTEXT('2D SPACE',''
  ) );
#3448 = ORIENTED_EDGE('',*,*,#3449,.T.);
#3449 = EDGE_CURVE('',#3422,#3450,#3452,.T.);
#3450 = VERTEX_POINT('',#3451);
#3451 = CARTESIAN_POINT('',(-1.430167096857,4.477122075069,-8.));
#3452 = SURFACE_CURVE('',#3453,(#3458,#3465),.PCURVE_S1.);
#3453 = CIRCLE('',#3454,4.7);
#3454 = AXIS2_PLACEMENT_3D('',#3455,#3456,#3457);
#3455 = CARTESIAN_POINT('',(5.722244773978E-14,6.607168583621E-16,-8.));
#3456 = DIRECTION('',(0.,0.,1.));
#3457 = DIRECTION('',(1.,0.,0.));
#3458 = PCURVE('',#1795,#3459);
#3459 = DEFINITIONAL_REPRESENTATION('',(#3460),#3464);
#3460 = LINE('',#3461,#3462);
#3461 = CARTESIAN_POINT('',(-0.,-1.));
#3462 = VECTOR('',#3463,1.);
#3463 = DIRECTION('',(-1.,0.));
#3464 = ( GEOMETRIC_REPRESENTATION_CONTEXT(2)
PARAMETRIC_REPRESENTATION_CONTEXT() REPRESENTATION_CONTEXT('2D SPACE',''
  ) );
#3465 = PCURVE('',#2077,#3466);
#3466 = DEFINITIONAL_REPRESENTATION('',(#3467),#3471);
#3467 = LINE('',#3468,#3469);
#3468 = CARTESIAN_POINT('',(-0.,0.));
#3469 = VECTOR('',#3470,1.);
#3470 = DIRECTION('',(-1.,0.));
#3471 = ( GEOMETRIC_REPRESENTATION_CONTEXT(2)
PARAMETRIC_REPRESENTATION_CONTEXT() REPRESENTATION_CONTEXT('2D SPACE',''
  ) );
#3472 = ORIENTED_EDGE('',*,*,#3473,.T.);
#3473 = EDGE_CURVE('',#3450,#1756,#3474,.T.);
#3474 = SURFACE_CURVE('',#3475,(#3479,#3486),.PCURVE_S1.);
#3475 = LINE('',#3476,#3477);
#3476 = CARTESIAN_POINT('',(-1.430167096857,4.477122075069,-9.));
#3477 = VECTOR('',#3478,1.);
#3478 = DIRECTION('',(-0.,-0.,-1.));
#3479 = PCURVE('',#1795,#3480);
#3480 = DEFINITIONAL_REPRESENTATION('',(#3481),#3485);
#3481 = LINE('',#3482,#3483);
#3482 = CARTESIAN_POINT('',(-1.879990237659,0.));
#3483 = VECTOR('',#3484,1.);
#3484 = DIRECTION('',(-0.,1.));
#3485 = ( GEOMETRIC_REPRESENTATION_CONTEXT(2)
PARAMETRIC_REPRESENTATION_CONTEXT() REPRESENTATION_CONTEXT('2D SPACE',''
  ) );
#3486 = PCURVE('',#3487,#3492);
#3487 = PLANE('',#3488);
#3488 = AXIS2_PLACEMENT_3D('',#3489,#3490,#3491);
#3489 = CARTESIAN_POINT('',(-0.208974596216,2.361954618137,-9.));
#3490 = DIRECTION('',(-0.866025403784,-0.5,0.));
#3491 = DIRECTION('',(0.,0.,1.));
#3492 = DEFINITIONAL_REPRESENTATION('',(#3493),#3497);
#3493 = LINE('',#3494,#3495);
#3494 = CARTESIAN_POINT('',(0.,2.442385001282));
#3495 = VECTOR('',#3496,1.);
#3496 = DIRECTION('',(-1.,0.));
#3497 = ( GEOMETRIC_REPRESENTATION_CONTEXT(2)
PARAMETRIC_REPRESENTATION_CONTEXT() REPRESENTATION_CONTEXT('2D SPACE',''
  ) );
#3498 = ADVANCED_FACE('',(#3499),#1720,.F.);
#3499 = FACE_BOUND('',#3500,.F.);
#3500 = EDGE_LOOP('',(#3501,#3528,#3529,#3530));
#3501 = ORIENTED_EDGE('',*,*,#3502,.F.);
#3502 = EDGE_CURVE('',#1756,#1676,#3503,.T.);
#3503 = SURFACE_CURVE('',#3504,(#3509,#3516),.PCURVE_S1.);
#3504 = CIRCLE('',#3505,4.7);
#3505 = AXIS2_PLACEMENT_3D('',#3506,#3507,#3508);
#3506 = CARTESIAN_POINT('',(5.722244773978E-14,6.607168583621E-16,-9.));
#3507 = DIRECTION('',(0.,0.,1.));
#3508 = DIRECTION('',(1.,0.,0.));
#3509 = PCURVE('',#1720,#3510);
#3510 = DEFINITIONAL_REPRESENTATION('',(#3511),#3515);
#3511 = CIRCLE('',#3512,4.7);
#3512 = AXIS2_PLACEMENT_2D('',#3513,#3514);
#3513 = CARTESIAN_POINT('',(5.790616780605E-14,2.389488229948E-16));
#3514 = DIRECTION('',(1.,0.));
#3515 = ( GEOMETRIC_REPRESENTATION_CONTEXT(2)
PARAMETRIC_REPRESENTATION_CONTEXT() REPRESENTATION_CONTEXT('2D SPACE',''
  ) );
#3516 = PCURVE('',#3517,#3522);
#3517 = PLANE('',#3518);
#3518 = AXIS2_PLACEMENT_3D('',#3519,#3520,#3521);
#3519 = CARTESIAN_POINT('',(-0.208974596216,2.361954618137,-9.));
#3520 = DIRECTION('',(0.,0.,1.));
#3521 = DIRECTION('',(-0.5,0.866025403784,0.));
#3522 = DEFINITIONAL_REPRESENTATION('',(#3523),#3527);
#3523 = CIRCLE('',#3524,4.7);
#3524 = AXIS2_PLACEMENT_2D('',#3525,#3526);
#3525 = CARTESIAN_POINT('',(-2.15,1.));
#3526 = DIRECTION('',(-0.5,-0.866025403784));
#3527 = ( GEOMETRIC_REPRESENTATION_CONTEXT(2)
PARAMETRIC_REPRESENTATION_CONTEXT() REPRESENTATION_CONTEXT('2D SPACE',''
  ) );
#3528 = ORIENTED_EDGE('',*,*,#1755,.T.);
#3529 = ORIENTED_EDGE('',*,*,#1732,.T.);
#3530 = ORIENTED_EDGE('',*,*,#1704,.F.);
#3531 = ADVANCED_FACE('',(#3532),#1692,.F.);
#3532 = FACE_BOUND('',#3533,.T.);
#3533 = EDGE_LOOP('',(#3534,#3535,#3563,#3587));
#3534 = ORIENTED_EDGE('',*,*,#1675,.F.);
#3535 = ORIENTED_EDGE('',*,*,#3536,.F.);
#3536 = EDGE_CURVE('',#3537,#1676,#3539,.T.);
#3537 = VERTEX_POINT('',#3538);
#3538 = CARTESIAN_POINT('',(-3.162217904425,3.477122075069,-8.));
#3539 = SURFACE_CURVE('',#3540,(#3544,#3551),.PCURVE_S1.);
#3540 = LINE('',#3541,#3542);
#3541 = CARTESIAN_POINT('',(-3.162217904425,3.477122075069,-9.));
#3542 = VECTOR('',#3543,1.);
#3543 = DIRECTION('',(-0.,-0.,-1.));
#3544 = PCURVE('',#1692,#3545);
#3545 = DEFINITIONAL_REPRESENTATION('',(#3546),#3550);
#3546 = LINE('',#3547,#3548);
#3547 = CARTESIAN_POINT('',(-2.308799967127,0.));
#3548 = VECTOR('',#3549,1.);
#3549 = DIRECTION('',(-0.,1.));
#3550 = ( GEOMETRIC_REPRESENTATION_CONTEXT(2)
PARAMETRIC_REPRESENTATION_CONTEXT() REPRESENTATION_CONTEXT('2D SPACE',''
  ) );
#3551 = PCURVE('',#3552,#3557);
#3552 = PLANE('',#3553);
#3553 = AXIS2_PLACEMENT_3D('',#3554,#3555,#3556);
#3554 = CARTESIAN_POINT('',(-1.941025403784,1.361954618137,-9.));
#3555 = DIRECTION('',(-0.866025403784,-0.5,0.));
#3556 = DIRECTION('',(0.,0.,1.));
#3557 = DEFINITIONAL_REPRESENTATION('',(#3558),#3562);
#3558 = LINE('',#3559,#3560);
#3559 = CARTESIAN_POINT('',(0.,2.442385001282));
#3560 = VECTOR('',#3561,1.);
#3561 = DIRECTION('',(-1.,0.));
#3562 = ( GEOMETRIC_REPRESENTATION_CONTEXT(2)
PARAMETRIC_REPRESENTATION_CONTEXT() REPRESENTATION_CONTEXT('2D SPACE',''
  ) );
#3563 = ORIENTED_EDGE('',*,*,#3564,.T.);
#3564 = EDGE_CURVE('',#3537,#3565,#3567,.T.);
#3565 = VERTEX_POINT('',#3566);
#3566 = CARTESIAN_POINT('',(-4.592385001282,1.,-8.));
#3567 = SURFACE_CURVE('',#3568,(#3573,#3580),.PCURVE_S1.);
#3568 = CIRCLE('',#3569,4.7);
#3569 = AXIS2_PLACEMENT_3D('',#3570,#3571,#3572);
#3570 = CARTESIAN_POINT('',(5.722244773978E-14,6.607168583621E-16,-8.));
#3571 = DIRECTION('',(0.,0.,1.));
#3572 = DIRECTION('',(1.,0.,0.));
#3573 = PCURVE('',#1692,#3574);
#3574 = DEFINITIONAL_REPRESENTATION('',(#3575),#3579);
#3575 = LINE('',#3576,#3577);
#3576 = CARTESIAN_POINT('',(-0.,-1.));
#3577 = VECTOR('',#3578,1.);
#3578 = DIRECTION('',(-1.,0.));
#3579 = ( GEOMETRIC_REPRESENTATION_CONTEXT(2)
PARAMETRIC_REPRESENTATION_CONTEXT() REPRESENTATION_CONTEXT('2D SPACE',''
  ) );
#3580 = PCURVE('',#2077,#3581);
#3581 = DEFINITIONAL_REPRESENTATION('',(#3582),#3586);
#3582 = LINE('',#3583,#3584);
#3583 = CARTESIAN_POINT('',(-0.,0.));
#3584 = VECTOR('',#3585,1.);
#3585 = DIRECTION('',(-1.,0.));
#3586 = ( GEOMETRIC_REPRESENTATION_CONTEXT(2)
PARAMETRIC_REPRESENTATION_CONTEXT() REPRESENTATION_CONTEXT('2D SPACE',''
  ) );
#3587 = ORIENTED_EDGE('',*,*,#3588,.T.);
#3588 = EDGE_CURVE('',#3565,#1653,#3589,.T.);
#3589 = SURFACE_CURVE('',#3590,(#3594,#3601),.PCURVE_S1.);
#3590 = LINE('',#3591,#3592);
#3591 = CARTESIAN_POINT('',(-4.592385001282,1.,-9.));
#3592 = VECTOR('',#3593,1.);
#3593 = DIRECTION('',(-0.,-0.,-1.));
#3594 = PCURVE('',#1692,#3595);
#3595 = DEFINITIONAL_REPRESENTATION('',(#3596),#3600);
#3596 = LINE('',#3597,#3598);
#3597 = CARTESIAN_POINT('',(-2.927187788856,0.));
#3598 = VECTOR('',#3599,1.);
#3599 = DIRECTION('',(-0.,1.));
#3600 = ( GEOMETRIC_REPRESENTATION_CONTEXT(2)
PARAMETRIC_REPRESENTATION_CONTEXT() REPRESENTATION_CONTEXT('2D SPACE',''
  ) );
#3601 = PCURVE('',#3602,#3607);
#3602 = PLANE('',#3603);
#3603 = AXIS2_PLACEMENT_3D('',#3604,#3605,#3606);
#3604 = CARTESIAN_POINT('',(-2.15,1.,-9.));
#3605 = DIRECTION('',(-1.224646799147E-16,-1.,0.));
#3606 = DIRECTION('',(0.,0.,1.));
#3607 = DEFINITIONAL_REPRESENTATION('',(#3608),#3612);
#3608 = LINE('',#3609,#3610);
#3609 = CARTESIAN_POINT('',(0.,2.442385001282));
#3610 = VECTOR('',#3611,1.);
#3611 = DIRECTION('',(-1.,0.));
#3612 = ( GEOMETRIC_REPRESENTATION_CONTEXT(2)
PARAMETRIC_REPRESENTATION_CONTEXT() REPRESENTATION_CONTEXT('2D SPACE',''
  ) );
#3613 = ADVANCED_FACE('',(#3614),#1640,.F.);
#3614 = FACE_BOUND('',#3615,.F.);
#3615 = EDGE_LOOP('',(#3616,#3617,#3639,#3640));
#3616 = ORIENTED_EDGE('',*,*,#2270,.F.);
#3617 = ORIENTED_EDGE('',*,*,#3618,.F.);
#3618 = EDGE_CURVE('',#1653,#2245,#3619,.T.);
#3619 = SURFACE_CURVE('',#3620,(#3625,#3632),.PCURVE_S1.);
#3620 = CIRCLE('',#3621,4.7);
#3621 = AXIS2_PLACEMENT_3D('',#3622,#3623,#3624);
#3622 = CARTESIAN_POINT('',(5.722244773978E-14,6.607168583621E-16,-9.));
#3623 = DIRECTION('',(0.,0.,1.));
#3624 = DIRECTION('',(1.,0.,0.));
#3625 = PCURVE('',#1640,#3626);
#3626 = DEFINITIONAL_REPRESENTATION('',(#3627),#3631);
#3627 = CIRCLE('',#3628,4.7);
#3628 = AXIS2_PLACEMENT_2D('',#3629,#3630);
#3629 = CARTESIAN_POINT('',(5.790616780605E-14,2.389488229948E-16));
#3630 = DIRECTION('',(1.,0.));
#3631 = ( GEOMETRIC_REPRESENTATION_CONTEXT(2)
PARAMETRIC_REPRESENTATION_CONTEXT() REPRESENTATION_CONTEXT('2D SPACE',''
  ) );
#3632 = PCURVE('',#2259,#3633);
#3633 = DEFINITIONAL_REPRESENTATION('',(#3634),#3638);
#3634 = CIRCLE('',#3635,4.7);
#3635 = AXIS2_PLACEMENT_2D('',#3636,#3637);
#3636 = CARTESIAN_POINT('',(-2.15,1.));
#3637 = DIRECTION('',(-1.,-1.224646799147E-16));
#3638 = ( GEOMETRIC_REPRESENTATION_CONTEXT(2)
PARAMETRIC_REPRESENTATION_CONTEXT() REPRESENTATION_CONTEXT('2D SPACE',''
  ) );
#3639 = ORIENTED_EDGE('',*,*,#1652,.T.);
#3640 = ORIENTED_EDGE('',*,*,#1624,.T.);
#3641 = ADVANCED_FACE('',(#3642),#2259,.F.);
#3642 = FACE_BOUND('',#3643,.F.);
#3643 = EDGE_LOOP('',(#3644,#3645,#3669,#3690));
#3644 = ORIENTED_EDGE('',*,*,#2244,.F.);
#3645 = ORIENTED_EDGE('',*,*,#3646,.F.);
#3646 = EDGE_CURVE('',#3647,#2219,#3649,.T.);
#3647 = VERTEX_POINT('',#3648);
#3648 = CARTESIAN_POINT('',(-2.828427124746,1.,-9.));
#3649 = SURFACE_CURVE('',#3650,(#3655,#3662),.PCURVE_S1.);
#3650 = CIRCLE('',#3651,3.);
#3651 = AXIS2_PLACEMENT_3D('',#3652,#3653,#3654);
#3652 = CARTESIAN_POINT('',(0.,0.,-9.));
#3653 = DIRECTION('',(0.,0.,1.));
#3654 = DIRECTION('',(1.,0.,0.));
#3655 = PCURVE('',#2259,#3656);
#3656 = DEFINITIONAL_REPRESENTATION('',(#3657),#3661);
#3657 = CIRCLE('',#3658,3.);
#3658 = AXIS2_PLACEMENT_2D('',#3659,#3660);
#3659 = CARTESIAN_POINT('',(-2.15,1.));
#3660 = DIRECTION('',(-1.,-1.224646799147E-16));
#3661 = ( GEOMETRIC_REPRESENTATION_CONTEXT(2)
PARAMETRIC_REPRESENTATION_CONTEXT() REPRESENTATION_CONTEXT('2D SPACE',''
  ) );
#3662 = PCURVE('',#2233,#3663);
#3663 = DEFINITIONAL_REPRESENTATION('',(#3664),#3668);
#3664 = LINE('',#3665,#3666);
#3665 = CARTESIAN_POINT('',(-0.,-16.));
#3666 = VECTOR('',#3667,1.);
#3667 = DIRECTION('',(-1.,0.));
#3668 = ( GEOMETRIC_REPRESENTATION_CONTEXT(2)
PARAMETRIC_REPRESENTATION_CONTEXT() REPRESENTATION_CONTEXT('2D SPACE',''
  ) );
#3669 = ORIENTED_EDGE('',*,*,#3670,.T.);
#3670 = EDGE_CURVE('',#3647,#1653,#3671,.T.);
#3671 = SURFACE_CURVE('',#3672,(#3676,#3683),.PCURVE_S1.);
#3672 = LINE('',#3673,#3674);
#3673 = CARTESIAN_POINT('',(-2.15,1.,-9.));
#3674 = VECTOR('',#3675,1.);
#3675 = DIRECTION('',(-1.,1.224646799147E-16,0.));
#3676 = PCURVE('',#2259,#3677);
#3677 = DEFINITIONAL_REPRESENTATION('',(#3678),#3682);
#3678 = LINE('',#3679,#3680);
#3679 = CARTESIAN_POINT('',(0.,0.));
#3680 = VECTOR('',#3681,1.);
#3681 = DIRECTION('',(1.,0.));
#3682 = ( GEOMETRIC_REPRESENTATION_CONTEXT(2)
PARAMETRIC_REPRESENTATION_CONTEXT() REPRESENTATION_CONTEXT('2D SPACE',''
  ) );
#3683 = PCURVE('',#3602,#3684);
#3684 = DEFINITIONAL_REPRESENTATION('',(#3685),#3689);
#3685 = LINE('',#3686,#3687);
#3686 = CARTESIAN_POINT('',(0.,0.));
#3687 = VECTOR('',#3688,1.);
#3688 = DIRECTION('',(0.,1.));
#3689 = ( GEOMETRIC_REPRESENTATION_CONTEXT(2)
PARAMETRIC_REPRESENTATION_CONTEXT() REPRESENTATION_CONTEXT('2D SPACE',''
  ) );
#3690 = ORIENTED_EDGE('',*,*,#3618,.T.);
#3691 = ADVANCED_FACE('',(#3692),#2233,.T.);
#3692 = FACE_BOUND('',#3693,.F.);
#3693 = EDGE_LOOP('',(#3694,#3716,#3717,#3741,#3765,#3789,#3813,#3837,
    #3859,#3860));
#3694 = ORIENTED_EDGE('',*,*,#3695,.F.);
#3695 = EDGE_CURVE('',#2977,#2193,#3696,.T.);
#3696 = SURFACE_CURVE('',#3697,(#3702,#3709),.PCURVE_S1.);
#3697 = CIRCLE('',#3698,3.);
#3698 = AXIS2_PLACEMENT_3D('',#3699,#3700,#3701);
#3699 = CARTESIAN_POINT('',(0.,0.,-25.));
#3700 = DIRECTION('',(0.,0.,1.));
#3701 = DIRECTION('',(1.,0.,0.));
#3702 = PCURVE('',#2233,#3703);
#3703 = DEFINITIONAL_REPRESENTATION('',(#3704),#3708);
#3704 = LINE('',#3705,#3706);
#3705 = CARTESIAN_POINT('',(-0.,0.));
#3706 = VECTOR('',#3707,1.);
#3707 = DIRECTION('',(-1.,0.));
#3708 = ( GEOMETRIC_REPRESENTATION_CONTEXT(2)
PARAMETRIC_REPRESENTATION_CONTEXT() REPRESENTATION_CONTEXT('2D SPACE',''
  ) );
#3709 = PCURVE('',#2207,#3710);
#3710 = DEFINITIONAL_REPRESENTATION('',(#3711),#3715);
#3711 = CIRCLE('',#3712,3.);
#3712 = AXIS2_PLACEMENT_2D('',#3713,#3714);
#3713 = CARTESIAN_POINT('',(1.709300165674E-16,-1.054420088418E-16));
#3714 = DIRECTION('',(1.,0.));
#3715 = ( GEOMETRIC_REPRESENTATION_CONTEXT(2)
PARAMETRIC_REPRESENTATION_CONTEXT() REPRESENTATION_CONTEXT('2D SPACE',''
  ) );
#3716 = ORIENTED_EDGE('',*,*,#2976,.T.);
#3717 = ORIENTED_EDGE('',*,*,#3718,.T.);
#3718 = EDGE_CURVE('',#2951,#3719,#3721,.T.);
#3719 = VERTEX_POINT('',#3720);
#3720 = CARTESIAN_POINT('',(2.828427124746,1.,-9.));
#3721 = SURFACE_CURVE('',#3722,(#3727,#3734),.PCURVE_S1.);
#3722 = CIRCLE('',#3723,3.);
#3723 = AXIS2_PLACEMENT_3D('',#3724,#3725,#3726);
#3724 = CARTESIAN_POINT('',(0.,0.,-9.));
#3725 = DIRECTION('',(0.,0.,1.));
#3726 = DIRECTION('',(1.,0.,0.));
#3727 = PCURVE('',#2233,#3728);
#3728 = DEFINITIONAL_REPRESENTATION('',(#3729),#3733);
#3729 = LINE('',#3730,#3731);
#3730 = CARTESIAN_POINT('',(-0.,-16.));
#3731 = VECTOR('',#3732,1.);
#3732 = DIRECTION('',(-1.,0.));
#3733 = ( GEOMETRIC_REPRESENTATION_CONTEXT(2)
PARAMETRIC_REPRESENTATION_CONTEXT() REPRESENTATION_CONTEXT('2D SPACE',''
  ) );
#3734 = PCURVE('',#2965,#3735);
#3735 = DEFINITIONAL_REPRESENTATION('',(#3736),#3740);
#3736 = CIRCLE('',#3737,3.);
#3737 = AXIS2_PLACEMENT_2D('',#3738,#3739);
#3738 = CARTESIAN_POINT('',(-2.15,1.));
#3739 = DIRECTION('',(1.,0.));
#3740 = ( GEOMETRIC_REPRESENTATION_CONTEXT(2)
PARAMETRIC_REPRESENTATION_CONTEXT() REPRESENTATION_CONTEXT('2D SPACE',''
  ) );
#3741 = ORIENTED_EDGE('',*,*,#3742,.T.);
#3742 = EDGE_CURVE('',#3719,#3743,#3745,.T.);
#3743 = VERTEX_POINT('',#3744);
#3744 = CARTESIAN_POINT('',(2.280238966158,1.949489742783,-9.));
#3745 = SURFACE_CURVE('',#3746,(#3751,#3758),.PCURVE_S1.);
#3746 = CIRCLE('',#3747,3.);
#3747 = AXIS2_PLACEMENT_3D('',#3748,#3749,#3750);
#3748 = CARTESIAN_POINT('',(0.,0.,-9.));
#3749 = DIRECTION('',(0.,0.,1.));
#3750 = DIRECTION('',(1.,0.,0.));
#3751 = PCURVE('',#2233,#3752);
#3752 = DEFINITIONAL_REPRESENTATION('',(#3753),#3757);
#3753 = LINE('',#3754,#3755);
#3754 = CARTESIAN_POINT('',(-0.,-16.));
#3755 = VECTOR('',#3756,1.);
#3756 = DIRECTION('',(-1.,0.));
#3757 = ( GEOMETRIC_REPRESENTATION_CONTEXT(2)
PARAMETRIC_REPRESENTATION_CONTEXT() REPRESENTATION_CONTEXT('2D SPACE',''
  ) );
#3758 = PCURVE('',#2155,#3759);
#3759 = DEFINITIONAL_REPRESENTATION('',(#3760),#3764);
#3760 = CIRCLE('',#3761,3.);
#3761 = AXIS2_PLACEMENT_2D('',#3762,#3763);
#3762 = CARTESIAN_POINT('',(1.709300165674E-16,-1.054420088418E-16));
#3763 = DIRECTION('',(1.,0.));
#3764 = ( GEOMETRIC_REPRESENTATION_CONTEXT(2)
PARAMETRIC_REPRESENTATION_CONTEXT() REPRESENTATION_CONTEXT('2D SPACE',''
  ) );
#3765 = ORIENTED_EDGE('',*,*,#3766,.T.);
#3766 = EDGE_CURVE('',#3743,#3767,#3769,.T.);
#3767 = VERTEX_POINT('',#3768);
#3768 = CARTESIAN_POINT('',(0.548188158589,2.949489742783,-9.));
#3769 = SURFACE_CURVE('',#3770,(#3775,#3782),.PCURVE_S1.);
#3770 = CIRCLE('',#3771,3.);
#3771 = AXIS2_PLACEMENT_3D('',#3772,#3773,#3774);
#3772 = CARTESIAN_POINT('',(0.,0.,-9.));
#3773 = DIRECTION('',(0.,0.,1.));
#3774 = DIRECTION('',(1.,0.,0.));
#3775 = PCURVE('',#2233,#3776);
#3776 = DEFINITIONAL_REPRESENTATION('',(#3777),#3781);
#3777 = LINE('',#3778,#3779);
#3778 = CARTESIAN_POINT('',(-0.,-16.));
#3779 = VECTOR('',#3780,1.);
#3780 = DIRECTION('',(-1.,0.));
#3781 = ( GEOMETRIC_REPRESENTATION_CONTEXT(2)
PARAMETRIC_REPRESENTATION_CONTEXT() REPRESENTATION_CONTEXT('2D SPACE',''
  ) );
#3782 = PCURVE('',#3402,#3783);
#3783 = DEFINITIONAL_REPRESENTATION('',(#3784),#3788);
#3784 = CIRCLE('',#3785,3.);
#3785 = AXIS2_PLACEMENT_2D('',#3786,#3787);
#3786 = CARTESIAN_POINT('',(-2.15,1.));
#3787 = DIRECTION('',(0.5,-0.866025403784));
#3788 = ( GEOMETRIC_REPRESENTATION_CONTEXT(2)
PARAMETRIC_REPRESENTATION_CONTEXT() REPRESENTATION_CONTEXT('2D SPACE',''
  ) );
#3789 = ORIENTED_EDGE('',*,*,#3790,.T.);
#3790 = EDGE_CURVE('',#3767,#3791,#3793,.T.);
#3791 = VERTEX_POINT('',#3792);
#3792 = CARTESIAN_POINT('',(-0.548188158589,2.949489742783,-9.));
#3793 = SURFACE_CURVE('',#3794,(#3799,#3806),.PCURVE_S1.);
#3794 = CIRCLE('',#3795,3.);
#3795 = AXIS2_PLACEMENT_3D('',#3796,#3797,#3798);
#3796 = CARTESIAN_POINT('',(0.,0.,-9.));
#3797 = DIRECTION('',(0.,0.,1.));
#3798 = DIRECTION('',(1.,0.,0.));
#3799 = PCURVE('',#2233,#3800);
#3800 = DEFINITIONAL_REPRESENTATION('',(#3801),#3805);
#3801 = LINE('',#3802,#3803);
#3802 = CARTESIAN_POINT('',(-0.,-16.));
#3803 = VECTOR('',#3804,1.);
#3804 = DIRECTION('',(-1.,0.));
#3805 = ( GEOMETRIC_REPRESENTATION_CONTEXT(2)
PARAMETRIC_REPRESENTATION_CONTEXT() REPRESENTATION_CONTEXT('2D SPACE',''
  ) );
#3806 = PCURVE('',#2155,#3807);
#3807 = DEFINITIONAL_REPRESENTATION('',(#3808),#3812);
#3808 = CIRCLE('',#3809,3.);
#3809 = AXIS2_PLACEMENT_2D('',#3810,#3811);
#3810 = CARTESIAN_POINT('',(1.709300165674E-16,-1.054420088418E-16));
#3811 = DIRECTION('',(1.,0.));
#3812 = ( GEOMETRIC_REPRESENTATION_CONTEXT(2)
PARAMETRIC_REPRESENTATION_CONTEXT() REPRESENTATION_CONTEXT('2D SPACE',''
  ) );
#3813 = ORIENTED_EDGE('',*,*,#3814,.T.);
#3814 = EDGE_CURVE('',#3791,#3815,#3817,.T.);
#3815 = VERTEX_POINT('',#3816);
#3816 = CARTESIAN_POINT('',(-2.280238966158,1.949489742783,-9.));
#3817 = SURFACE_CURVE('',#3818,(#3823,#3830),.PCURVE_S1.);
#3818 = CIRCLE('',#3819,3.);
#3819 = AXIS2_PLACEMENT_3D('',#3820,#3821,#3822);
#3820 = CARTESIAN_POINT('',(0.,0.,-9.));
#3821 = DIRECTION('',(0.,0.,1.));
#3822 = DIRECTION('',(1.,0.,0.));
#3823 = PCURVE('',#2233,#3824);
#3824 = DEFINITIONAL_REPRESENTATION('',(#3825),#3829);
#3825 = LINE('',#3826,#3827);
#3826 = CARTESIAN_POINT('',(-0.,-16.));
#3827 = VECTOR('',#3828,1.);
#3828 = DIRECTION('',(-1.,0.));
#3829 = ( GEOMETRIC_REPRESENTATION_CONTEXT(2)
PARAMETRIC_REPRESENTATION_CONTEXT() REPRESENTATION_CONTEXT('2D SPACE',''
  ) );
#3830 = PCURVE('',#3517,#3831);
#3831 = DEFINITIONAL_REPRESENTATION('',(#3832),#3836);
#3832 = CIRCLE('',#3833,3.);
#3833 = AXIS2_PLACEMENT_2D('',#3834,#3835);
#3834 = CARTESIAN_POINT('',(-2.15,1.));
#3835 = DIRECTION('',(-0.5,-0.866025403784));
#3836 = ( GEOMETRIC_REPRESENTATION_CONTEXT(2)
PARAMETRIC_REPRESENTATION_CONTEXT() REPRESENTATION_CONTEXT('2D SPACE',''
  ) );
#3837 = ORIENTED_EDGE('',*,*,#3838,.T.);
#3838 = EDGE_CURVE('',#3815,#3647,#3839,.T.);
#3839 = SURFACE_CURVE('',#3840,(#3845,#3852),.PCURVE_S1.);
#3840 = CIRCLE('',#3841,3.);
#3841 = AXIS2_PLACEMENT_3D('',#3842,#3843,#3844);
#3842 = CARTESIAN_POINT('',(0.,0.,-9.));
#3843 = DIRECTION('',(0.,0.,1.));
#3844 = DIRECTION('',(1.,0.,0.));
#3845 = PCURVE('',#2233,#3846);
#3846 = DEFINITIONAL_REPRESENTATION('',(#3847),#3851);
#3847 = LINE('',#3848,#3849);
#3848 = CARTESIAN_POINT('',(-0.,-16.));
#3849 = VECTOR('',#3850,1.);
#3850 = DIRECTION('',(-1.,0.));
#3851 = ( GEOMETRIC_REPRESENTATION_CONTEXT(2)
PARAMETRIC_REPRESENTATION_CONTEXT() REPRESENTATION_CONTEXT('2D SPACE',''
  ) );
#3852 = PCURVE('',#2155,#3853);
#3853 = DEFINITIONAL_REPRESENTATION('',(#3854),#3858);
#3854 = CIRCLE('',#3855,3.);
#3855 = AXIS2_PLACEMENT_2D('',#3856,#3857);
#3856 = CARTESIAN_POINT('',(1.709300165674E-16,-1.054420088418E-16));
#3857 = DIRECTION('',(1.,0.));
#3858 = ( GEOMETRIC_REPRESENTATION_CONTEXT(2)
PARAMETRIC_REPRESENTATION_CONTEXT() REPRESENTATION_CONTEXT('2D SPACE',''
  ) );
#3859 = ORIENTED_EDGE('',*,*,#3646,.T.);
#3860 = ORIENTED_EDGE('',*,*,#2218,.T.);
#3861 = ADVANCED_FACE('',(#3862),#2207,.F.);
#3862 = FACE_BOUND('',#3863,.F.);
#3863 = EDGE_LOOP('',(#3864,#3865,#3866,#3867));
#3864 = ORIENTED_EDGE('',*,*,#2999,.F.);
#3865 = ORIENTED_EDGE('',*,*,#3695,.T.);
#3866 = ORIENTED_EDGE('',*,*,#2192,.F.);
#3867 = ORIENTED_EDGE('',*,*,#3868,.F.);
#3868 = EDGE_CURVE('',#3000,#2167,#3869,.T.);
#3869 = SURFACE_CURVE('',#3870,(#3875,#3882),.PCURVE_S1.);
#3870 = CIRCLE('',#3871,1.4);
#3871 = AXIS2_PLACEMENT_3D('',#3872,#3873,#3874);
#3872 = CARTESIAN_POINT('',(1.430561193494E-14,1.651792145905E-16,-25.)
  );
#3873 = DIRECTION('',(0.,0.,1.));
#3874 = DIRECTION('',(1.,0.,0.));
#3875 = PCURVE('',#2207,#3876);
#3876 = DEFINITIONAL_REPRESENTATION('',(#3877),#3881);
#3877 = CIRCLE('',#3878,1.4);
#3878 = AXIS2_PLACEMENT_2D('',#3879,#3880);
#3879 = CARTESIAN_POINT('',(1.447654195151E-14,5.97372057487E-17));
#3880 = DIRECTION('',(1.,0.));
#3881 = ( GEOMETRIC_REPRESENTATION_CONTEXT(2)
PARAMETRIC_REPRESENTATION_CONTEXT() REPRESENTATION_CONTEXT('2D SPACE',''
  ) );
#3882 = PCURVE('',#2181,#3883);
#3883 = DEFINITIONAL_REPRESENTATION('',(#3884),#3888);
#3884 = LINE('',#3885,#3886);
#3885 = CARTESIAN_POINT('',(-0.,0.));
#3886 = VECTOR('',#3887,1.);
#3887 = DIRECTION('',(-1.,0.));
#3888 = ( GEOMETRIC_REPRESENTATION_CONTEXT(2)
PARAMETRIC_REPRESENTATION_CONTEXT() REPRESENTATION_CONTEXT('2D SPACE',''
  ) );
#3889 = ADVANCED_FACE('',(#3890),#2181,.F.);
#3890 = FACE_BOUND('',#3891,.T.);
#3891 = EDGE_LOOP('',(#3892,#3893,#3894,#3916));
#3892 = ORIENTED_EDGE('',*,*,#3868,.F.);
#3893 = ORIENTED_EDGE('',*,*,#3020,.T.);
#3894 = ORIENTED_EDGE('',*,*,#3895,.T.);
#3895 = EDGE_CURVE('',#3021,#2141,#3896,.T.);
#3896 = SURFACE_CURVE('',#3897,(#3902,#3909),.PCURVE_S1.);
#3897 = CIRCLE('',#3898,1.4);
#3898 = AXIS2_PLACEMENT_3D('',#3899,#3900,#3901);
#3899 = CARTESIAN_POINT('',(1.430561193494E-14,1.651792145905E-16,-9.));
#3900 = DIRECTION('',(0.,0.,1.));
#3901 = DIRECTION('',(1.,0.,0.));
#3902 = PCURVE('',#2181,#3903);
#3903 = DEFINITIONAL_REPRESENTATION('',(#3904),#3908);
#3904 = LINE('',#3905,#3906);
#3905 = CARTESIAN_POINT('',(-0.,-16.));
#3906 = VECTOR('',#3907,1.);
#3907 = DIRECTION('',(-1.,0.));
#3908 = ( GEOMETRIC_REPRESENTATION_CONTEXT(2)
PARAMETRIC_REPRESENTATION_CONTEXT() REPRESENTATION_CONTEXT('2D SPACE',''
  ) );
#3909 = PCURVE('',#2155,#3910);
#3910 = DEFINITIONAL_REPRESENTATION('',(#3911),#3915);
#3911 = CIRCLE('',#3912,1.4);
#3912 = AXIS2_PLACEMENT_2D('',#3913,#3914);
#3913 = CARTESIAN_POINT('',(1.447654195151E-14,5.97372057487E-17));
#3914 = DIRECTION('',(1.,0.));
#3915 = ( GEOMETRIC_REPRESENTATION_CONTEXT(2)
PARAMETRIC_REPRESENTATION_CONTEXT() REPRESENTATION_CONTEXT('2D SPACE',''
  ) );
#3916 = ORIENTED_EDGE('',*,*,#2166,.T.);
#3917 = ADVANCED_FACE('',(#3918),#2155,.T.);
#3918 = FACE_BOUND('',#3919,.T.);
#3919 = EDGE_LOOP('',(#3920,#3921,#3944,#3965,#3966,#3989,#4017,#4038,
    #4039,#4062,#4090,#4111,#4112,#4135,#4156,#4157));
#3920 = ORIENTED_EDGE('',*,*,#3043,.F.);
#3921 = ORIENTED_EDGE('',*,*,#3922,.T.);
#3922 = EDGE_CURVE('',#3044,#3923,#3925,.T.);
#3923 = VERTEX_POINT('',#3924);
#3924 = CARTESIAN_POINT('',(2.15,1.,-9.));
#3925 = SURFACE_CURVE('',#3926,(#3930,#3937),.PCURVE_S1.);
#3926 = LINE('',#3927,#3928);
#3927 = CARTESIAN_POINT('',(2.15,-1.,-9.));
#3928 = VECTOR('',#3929,1.);
#3929 = DIRECTION('',(0.,1.,0.));
#3930 = PCURVE('',#2155,#3931);
#3931 = DEFINITIONAL_REPRESENTATION('',(#3932),#3936);
#3932 = LINE('',#3933,#3934);
#3933 = CARTESIAN_POINT('',(2.15,-1.));
#3934 = VECTOR('',#3935,1.);
#3935 = DIRECTION('',(0.,1.));
#3936 = ( GEOMETRIC_REPRESENTATION_CONTEXT(2)
PARAMETRIC_REPRESENTATION_CONTEXT() REPRESENTATION_CONTEXT('2D SPACE',''
  ) );
#3937 = PCURVE('',#3079,#3938);
#3938 = DEFINITIONAL_REPRESENTATION('',(#3939),#3943);
#3939 = LINE('',#3940,#3941);
#3940 = CARTESIAN_POINT('',(0.,0.));
#3941 = VECTOR('',#3942,1.);
#3942 = DIRECTION('',(0.,-1.));
#3943 = ( GEOMETRIC_REPRESENTATION_CONTEXT(2)
PARAMETRIC_REPRESENTATION_CONTEXT() REPRESENTATION_CONTEXT('2D SPACE',''
  ) );
#3944 = ORIENTED_EDGE('',*,*,#3945,.T.);
#3945 = EDGE_CURVE('',#3923,#3719,#3946,.T.);
#3946 = SURFACE_CURVE('',#3947,(#3951,#3958),.PCURVE_S1.);
#3947 = LINE('',#3948,#3949);
#3948 = CARTESIAN_POINT('',(2.15,1.,-9.));
#3949 = VECTOR('',#3950,1.);
#3950 = DIRECTION('',(1.,0.,0.));
#3951 = PCURVE('',#2155,#3952);
#3952 = DEFINITIONAL_REPRESENTATION('',(#3953),#3957);
#3953 = LINE('',#3954,#3955);
#3954 = CARTESIAN_POINT('',(2.15,1.));
#3955 = VECTOR('',#3956,1.);
#3956 = DIRECTION('',(1.,0.));
#3957 = ( GEOMETRIC_REPRESENTATION_CONTEXT(2)
PARAMETRIC_REPRESENTATION_CONTEXT() REPRESENTATION_CONTEXT('2D SPACE',''
  ) );
#3958 = PCURVE('',#3322,#3959);
#3959 = DEFINITIONAL_REPRESENTATION('',(#3960),#3964);
#3960 = LINE('',#3961,#3962);
#3961 = CARTESIAN_POINT('',(0.,0.));
#3962 = VECTOR('',#3963,1.);
#3963 = DIRECTION('',(0.,1.));
#3964 = ( GEOMETRIC_REPRESENTATION_CONTEXT(2)
PARAMETRIC_REPRESENTATION_CONTEXT() REPRESENTATION_CONTEXT('2D SPACE',''
  ) );
#3965 = ORIENTED_EDGE('',*,*,#3742,.T.);
#3966 = ORIENTED_EDGE('',*,*,#3967,.F.);
#3967 = EDGE_CURVE('',#3968,#3743,#3970,.T.);
#3968 = VERTEX_POINT('',#3969);
#3969 = CARTESIAN_POINT('',(1.941025403784,1.361954618137,-9.));
#3970 = SURFACE_CURVE('',#3971,(#3975,#3982),.PCURVE_S1.);
#3971 = LINE('',#3972,#3973);
#3972 = CARTESIAN_POINT('',(1.941025403784,1.361954618137,-9.));
#3973 = VECTOR('',#3974,1.);
#3974 = DIRECTION('',(0.5,0.866025403784,0.));
#3975 = PCURVE('',#2155,#3976);
#3976 = DEFINITIONAL_REPRESENTATION('',(#3977),#3981);
#3977 = LINE('',#3978,#3979);
#3978 = CARTESIAN_POINT('',(1.941025403784,1.361954618137));
#3979 = VECTOR('',#3980,1.);
#3980 = DIRECTION('',(0.5,0.866025403784));
#3981 = ( GEOMETRIC_REPRESENTATION_CONTEXT(2)
PARAMETRIC_REPRESENTATION_CONTEXT() REPRESENTATION_CONTEXT('2D SPACE',''
  ) );
#3982 = PCURVE('',#3372,#3983);
#3983 = DEFINITIONAL_REPRESENTATION('',(#3984),#3988);
#3984 = LINE('',#3985,#3986);
#3985 = CARTESIAN_POINT('',(0.,0.));
#3986 = VECTOR('',#3987,1.);
#3987 = DIRECTION('',(0.,1.));
#3988 = ( GEOMETRIC_REPRESENTATION_CONTEXT(2)
PARAMETRIC_REPRESENTATION_CONTEXT() REPRESENTATION_CONTEXT('2D SPACE',''
  ) );
#3989 = ORIENTED_EDGE('',*,*,#3990,.T.);
#3990 = EDGE_CURVE('',#3968,#3991,#3993,.T.);
#3991 = VERTEX_POINT('',#3992);
#3992 = CARTESIAN_POINT('',(0.208974596216,2.361954618137,-9.));
#3993 = SURFACE_CURVE('',#3994,(#3998,#4005),.PCURVE_S1.);
#3994 = LINE('',#3995,#3996);
#3995 = CARTESIAN_POINT('',(1.941025403784,1.361954618137,-9.));
#3996 = VECTOR('',#3997,1.);
#3997 = DIRECTION('',(-0.866025403784,0.5,0.));
#3998 = PCURVE('',#2155,#3999);
#3999 = DEFINITIONAL_REPRESENTATION('',(#4000),#4004);
#4000 = LINE('',#4001,#4002);
#4001 = CARTESIAN_POINT('',(1.941025403784,1.361954618137));
#4002 = VECTOR('',#4003,1.);
#4003 = DIRECTION('',(-0.866025403784,0.5));
#4004 = ( GEOMETRIC_REPRESENTATION_CONTEXT(2)
PARAMETRIC_REPRESENTATION_CONTEXT() REPRESENTATION_CONTEXT('2D SPACE',''
  ) );
#4005 = PCURVE('',#4006,#4011);
#4006 = PLANE('',#4007);
#4007 = AXIS2_PLACEMENT_3D('',#4008,#4009,#4010);
#4008 = CARTESIAN_POINT('',(1.941025403784,1.361954618137,-9.));
#4009 = DIRECTION('',(0.5,0.866025403784,0.));
#4010 = DIRECTION('',(0.,0.,1.));
#4011 = DEFINITIONAL_REPRESENTATION('',(#4012),#4016);
#4012 = LINE('',#4013,#4014);
#4013 = CARTESIAN_POINT('',(0.,0.));
#4014 = VECTOR('',#4015,1.);
#4015 = DIRECTION('',(0.,-1.));
#4016 = ( GEOMETRIC_REPRESENTATION_CONTEXT(2)
PARAMETRIC_REPRESENTATION_CONTEXT() REPRESENTATION_CONTEXT('2D SPACE',''
  ) );
#4017 = ORIENTED_EDGE('',*,*,#4018,.T.);
#4018 = EDGE_CURVE('',#3991,#3767,#4019,.T.);
#4019 = SURFACE_CURVE('',#4020,(#4024,#4031),.PCURVE_S1.);
#4020 = LINE('',#4021,#4022);
#4021 = CARTESIAN_POINT('',(0.208974596216,2.361954618137,-9.));
#4022 = VECTOR('',#4023,1.);
#4023 = DIRECTION('',(0.5,0.866025403784,0.));
#4024 = PCURVE('',#2155,#4025);
#4025 = DEFINITIONAL_REPRESENTATION('',(#4026),#4030);
#4026 = LINE('',#4027,#4028);
#4027 = CARTESIAN_POINT('',(0.208974596216,2.361954618137));
#4028 = VECTOR('',#4029,1.);
#4029 = DIRECTION('',(0.5,0.866025403784));
#4030 = ( GEOMETRIC_REPRESENTATION_CONTEXT(2)
PARAMETRIC_REPRESENTATION_CONTEXT() REPRESENTATION_CONTEXT('2D SPACE',''
  ) );
#4031 = PCURVE('',#3437,#4032);
#4032 = DEFINITIONAL_REPRESENTATION('',(#4033),#4037);
#4033 = LINE('',#4034,#4035);
#4034 = CARTESIAN_POINT('',(0.,0.));
#4035 = VECTOR('',#4036,1.);
#4036 = DIRECTION('',(0.,1.));
#4037 = ( GEOMETRIC_REPRESENTATION_CONTEXT(2)
PARAMETRIC_REPRESENTATION_CONTEXT() REPRESENTATION_CONTEXT('2D SPACE',''
  ) );
#4038 = ORIENTED_EDGE('',*,*,#3790,.T.);
#4039 = ORIENTED_EDGE('',*,*,#4040,.F.);
#4040 = EDGE_CURVE('',#4041,#3791,#4043,.T.);
#4041 = VERTEX_POINT('',#4042);
#4042 = CARTESIAN_POINT('',(-0.208974596216,2.361954618137,-9.));
#4043 = SURFACE_CURVE('',#4044,(#4048,#4055),.PCURVE_S1.);
#4044 = LINE('',#4045,#4046);
#4045 = CARTESIAN_POINT('',(-0.208974596216,2.361954618137,-9.));
#4046 = VECTOR('',#4047,1.);
#4047 = DIRECTION('',(-0.5,0.866025403784,0.));
#4048 = PCURVE('',#2155,#4049);
#4049 = DEFINITIONAL_REPRESENTATION('',(#4050),#4054);
#4050 = LINE('',#4051,#4052);
#4051 = CARTESIAN_POINT('',(-0.208974596216,2.361954618137));
#4052 = VECTOR('',#4053,1.);
#4053 = DIRECTION('',(-0.5,0.866025403784));
#4054 = ( GEOMETRIC_REPRESENTATION_CONTEXT(2)
PARAMETRIC_REPRESENTATION_CONTEXT() REPRESENTATION_CONTEXT('2D SPACE',''
  ) );
#4055 = PCURVE('',#3487,#4056);
#4056 = DEFINITIONAL_REPRESENTATION('',(#4057),#4061);
#4057 = LINE('',#4058,#4059);
#4058 = CARTESIAN_POINT('',(0.,0.));
#4059 = VECTOR('',#4060,1.);
#4060 = DIRECTION('',(0.,1.));
#4061 = ( GEOMETRIC_REPRESENTATION_CONTEXT(2)
PARAMETRIC_REPRESENTATION_CONTEXT() REPRESENTATION_CONTEXT('2D SPACE',''
  ) );
#4062 = ORIENTED_EDGE('',*,*,#4063,.T.);
#4063 = EDGE_CURVE('',#4041,#4064,#4066,.T.);
#4064 = VERTEX_POINT('',#4065);
#4065 = CARTESIAN_POINT('',(-1.941025403784,1.361954618137,-9.));
#4066 = SURFACE_CURVE('',#4067,(#4071,#4078),.PCURVE_S1.);
#4067 = LINE('',#4068,#4069);
#4068 = CARTESIAN_POINT('',(-0.208974596216,2.361954618137,-9.));
#4069 = VECTOR('',#4070,1.);
#4070 = DIRECTION('',(-0.866025403784,-0.5,0.));
#4071 = PCURVE('',#2155,#4072);
#4072 = DEFINITIONAL_REPRESENTATION('',(#4073),#4077);
#4073 = LINE('',#4074,#4075);
#4074 = CARTESIAN_POINT('',(-0.208974596216,2.361954618137));
#4075 = VECTOR('',#4076,1.);
#4076 = DIRECTION('',(-0.866025403784,-0.5));
#4077 = ( GEOMETRIC_REPRESENTATION_CONTEXT(2)
PARAMETRIC_REPRESENTATION_CONTEXT() REPRESENTATION_CONTEXT('2D SPACE',''
  ) );
#4078 = PCURVE('',#4079,#4084);
#4079 = PLANE('',#4080);
#4080 = AXIS2_PLACEMENT_3D('',#4081,#4082,#4083);
#4081 = CARTESIAN_POINT('',(-0.208974596216,2.361954618137,-9.));
#4082 = DIRECTION('',(-0.5,0.866025403784,0.));
#4083 = DIRECTION('',(0.,0.,1.));
#4084 = DEFINITIONAL_REPRESENTATION('',(#4085),#4089);
#4085 = LINE('',#4086,#4087);
#4086 = CARTESIAN_POINT('',(0.,0.));
#4087 = VECTOR('',#4088,1.);
#4088 = DIRECTION('',(0.,-1.));
#4089 = ( GEOMETRIC_REPRESENTATION_CONTEXT(2)
PARAMETRIC_REPRESENTATION_CONTEXT() REPRESENTATION_CONTEXT('2D SPACE',''
  ) );
#4090 = ORIENTED_EDGE('',*,*,#4091,.T.);
#4091 = EDGE_CURVE('',#4064,#3815,#4092,.T.);
#4092 = SURFACE_CURVE('',#4093,(#4097,#4104),.PCURVE_S1.);
#4093 = LINE('',#4094,#4095);
#4094 = CARTESIAN_POINT('',(-1.941025403784,1.361954618137,-9.));
#4095 = VECTOR('',#4096,1.);
#4096 = DIRECTION('',(-0.5,0.866025403784,0.));
#4097 = PCURVE('',#2155,#4098);
#4098 = DEFINITIONAL_REPRESENTATION('',(#4099),#4103);
#4099 = LINE('',#4100,#4101);
#4100 = CARTESIAN_POINT('',(-1.941025403784,1.361954618137));
#4101 = VECTOR('',#4102,1.);
#4102 = DIRECTION('',(-0.5,0.866025403784));
#4103 = ( GEOMETRIC_REPRESENTATION_CONTEXT(2)
PARAMETRIC_REPRESENTATION_CONTEXT() REPRESENTATION_CONTEXT('2D SPACE',''
  ) );
#4104 = PCURVE('',#3552,#4105);
#4105 = DEFINITIONAL_REPRESENTATION('',(#4106),#4110);
#4106 = LINE('',#4107,#4108);
#4107 = CARTESIAN_POINT('',(0.,0.));
#4108 = VECTOR('',#4109,1.);
#4109 = DIRECTION('',(0.,1.));
#4110 = ( GEOMETRIC_REPRESENTATION_CONTEXT(2)
PARAMETRIC_REPRESENTATION_CONTEXT() REPRESENTATION_CONTEXT('2D SPACE',''
  ) );
#4111 = ORIENTED_EDGE('',*,*,#3838,.T.);
#4112 = ORIENTED_EDGE('',*,*,#4113,.F.);
#4113 = EDGE_CURVE('',#4114,#3647,#4116,.T.);
#4114 = VERTEX_POINT('',#4115);
#4115 = CARTESIAN_POINT('',(-2.15,1.,-9.));
#4116 = SURFACE_CURVE('',#4117,(#4121,#4128),.PCURVE_S1.);
#4117 = LINE('',#4118,#4119);
#4118 = CARTESIAN_POINT('',(-2.15,1.,-9.));
#4119 = VECTOR('',#4120,1.);
#4120 = DIRECTION('',(-1.,1.224646799147E-16,0.));
#4121 = PCURVE('',#2155,#4122);
#4122 = DEFINITIONAL_REPRESENTATION('',(#4123),#4127);
#4123 = LINE('',#4124,#4125);
#4124 = CARTESIAN_POINT('',(-2.15,1.));
#4125 = VECTOR('',#4126,1.);
#4126 = DIRECTION('',(-1.,1.224646799147E-16));
#4127 = ( GEOMETRIC_REPRESENTATION_CONTEXT(2)
PARAMETRIC_REPRESENTATION_CONTEXT() REPRESENTATION_CONTEXT('2D SPACE',''
  ) );
#4128 = PCURVE('',#3602,#4129);
#4129 = DEFINITIONAL_REPRESENTATION('',(#4130),#4134);
#4130 = LINE('',#4131,#4132);
#4131 = CARTESIAN_POINT('',(0.,0.));
#4132 = VECTOR('',#4133,1.);
#4133 = DIRECTION('',(0.,1.));
#4134 = ( GEOMETRIC_REPRESENTATION_CONTEXT(2)
PARAMETRIC_REPRESENTATION_CONTEXT() REPRESENTATION_CONTEXT('2D SPACE',''
  ) );
#4135 = ORIENTED_EDGE('',*,*,#4136,.T.);
#4136 = EDGE_CURVE('',#4114,#2115,#4137,.T.);
#4137 = SURFACE_CURVE('',#4138,(#4142,#4149),.PCURVE_S1.);
#4138 = LINE('',#4139,#4140);
#4139 = CARTESIAN_POINT('',(-2.15,1.,-9.));
#4140 = VECTOR('',#4141,1.);
#4141 = DIRECTION('',(-1.224646799147E-16,-1.,0.));
#4142 = PCURVE('',#2155,#4143);
#4143 = DEFINITIONAL_REPRESENTATION('',(#4144),#4148);
#4144 = LINE('',#4145,#4146);
#4145 = CARTESIAN_POINT('',(-2.15,1.));
#4146 = VECTOR('',#4147,1.);
#4147 = DIRECTION('',(-1.224646799147E-16,-1.));
#4148 = ( GEOMETRIC_REPRESENTATION_CONTEXT(2)
PARAMETRIC_REPRESENTATION_CONTEXT() REPRESENTATION_CONTEXT('2D SPACE',''
  ) );
#4149 = PCURVE('',#2129,#4150);
#4150 = DEFINITIONAL_REPRESENTATION('',(#4151),#4155);
#4151 = LINE('',#4152,#4153);
#4152 = CARTESIAN_POINT('',(0.,0.));
#4153 = VECTOR('',#4154,1.);
#4154 = DIRECTION('',(0.,-1.));
#4155 = ( GEOMETRIC_REPRESENTATION_CONTEXT(2)
PARAMETRIC_REPRESENTATION_CONTEXT() REPRESENTATION_CONTEXT('2D SPACE',''
  ) );
#4156 = ORIENTED_EDGE('',*,*,#2140,.F.);
#4157 = ORIENTED_EDGE('',*,*,#3895,.F.);
#4158 = ADVANCED_FACE('',(#4159),#2129,.F.);
#4159 = FACE_BOUND('',#4160,.F.);
#4160 = EDGE_LOOP('',(#4161,#4184,#4205,#4206));
#4161 = ORIENTED_EDGE('',*,*,#4162,.F.);
#4162 = EDGE_CURVE('',#4163,#2089,#4165,.T.);
#4163 = VERTEX_POINT('',#4164);
#4164 = CARTESIAN_POINT('',(-2.15,1.,-8.));
#4165 = SURFACE_CURVE('',#4166,(#4170,#4177),.PCURVE_S1.);
#4166 = LINE('',#4167,#4168);
#4167 = CARTESIAN_POINT('',(-2.15,1.,-8.));
#4168 = VECTOR('',#4169,1.);
#4169 = DIRECTION('',(-1.224646799147E-16,-1.,0.));
#4170 = PCURVE('',#2129,#4171);
#4171 = DEFINITIONAL_REPRESENTATION('',(#4172),#4176);
#4172 = LINE('',#4173,#4174);
#4173 = CARTESIAN_POINT('',(1.,0.));
#4174 = VECTOR('',#4175,1.);
#4175 = DIRECTION('',(0.,-1.));
#4176 = ( GEOMETRIC_REPRESENTATION_CONTEXT(2)
PARAMETRIC_REPRESENTATION_CONTEXT() REPRESENTATION_CONTEXT('2D SPACE',''
  ) );
#4177 = PCURVE('',#2103,#4178);
#4178 = DEFINITIONAL_REPRESENTATION('',(#4179),#4183);
#4179 = LINE('',#4180,#4181);
#4180 = CARTESIAN_POINT('',(0.,0.));
#4181 = VECTOR('',#4182,1.);
#4182 = DIRECTION('',(0.,1.));
#4183 = ( GEOMETRIC_REPRESENTATION_CONTEXT(2)
PARAMETRIC_REPRESENTATION_CONTEXT() REPRESENTATION_CONTEXT('2D SPACE',''
  ) );
#4184 = ORIENTED_EDGE('',*,*,#4185,.F.);
#4185 = EDGE_CURVE('',#4114,#4163,#4186,.T.);
#4186 = SURFACE_CURVE('',#4187,(#4191,#4198),.PCURVE_S1.);
#4187 = LINE('',#4188,#4189);
#4188 = CARTESIAN_POINT('',(-2.15,1.,-9.));
#4189 = VECTOR('',#4190,1.);
#4190 = DIRECTION('',(0.,0.,1.));
#4191 = PCURVE('',#2129,#4192);
#4192 = DEFINITIONAL_REPRESENTATION('',(#4193),#4197);
#4193 = LINE('',#4194,#4195);
#4194 = CARTESIAN_POINT('',(0.,0.));
#4195 = VECTOR('',#4196,1.);
#4196 = DIRECTION('',(1.,0.));
#4197 = ( GEOMETRIC_REPRESENTATION_CONTEXT(2)
PARAMETRIC_REPRESENTATION_CONTEXT() REPRESENTATION_CONTEXT('2D SPACE',''
  ) );
#4198 = PCURVE('',#3602,#4199);
#4199 = DEFINITIONAL_REPRESENTATION('',(#4200),#4204);
#4200 = LINE('',#4201,#4202);
#4201 = CARTESIAN_POINT('',(0.,0.));
#4202 = VECTOR('',#4203,1.);
#4203 = DIRECTION('',(1.,0.));
#4204 = ( GEOMETRIC_REPRESENTATION_CONTEXT(2)
PARAMETRIC_REPRESENTATION_CONTEXT() REPRESENTATION_CONTEXT('2D SPACE',''
  ) );
#4205 = ORIENTED_EDGE('',*,*,#4136,.T.);
#4206 = ORIENTED_EDGE('',*,*,#2114,.F.);
#4207 = ADVANCED_FACE('',(#4208),#2103,.T.);
#4208 = FACE_BOUND('',#4209,.T.);
#4209 = EDGE_LOOP('',(#4210,#4211,#4212,#4233));
#4210 = ORIENTED_EDGE('',*,*,#2088,.F.);
#4211 = ORIENTED_EDGE('',*,*,#4162,.F.);
#4212 = ORIENTED_EDGE('',*,*,#4213,.T.);
#4213 = EDGE_CURVE('',#4163,#3565,#4214,.T.);
#4214 = SURFACE_CURVE('',#4215,(#4219,#4226),.PCURVE_S1.);
#4215 = LINE('',#4216,#4217);
#4216 = CARTESIAN_POINT('',(-2.15,1.,-8.));
#4217 = VECTOR('',#4218,1.);
#4218 = DIRECTION('',(-1.,1.224646799147E-16,0.));
#4219 = PCURVE('',#2103,#4220);
#4220 = DEFINITIONAL_REPRESENTATION('',(#4221),#4225);
#4221 = LINE('',#4222,#4223);
#4222 = CARTESIAN_POINT('',(0.,0.));
#4223 = VECTOR('',#4224,1.);
#4224 = DIRECTION('',(1.,0.));
#4225 = ( GEOMETRIC_REPRESENTATION_CONTEXT(2)
PARAMETRIC_REPRESENTATION_CONTEXT() REPRESENTATION_CONTEXT('2D SPACE',''
  ) );
#4226 = PCURVE('',#3602,#4227);
#4227 = DEFINITIONAL_REPRESENTATION('',(#4228),#4232);
#4228 = LINE('',#4229,#4230);
#4229 = CARTESIAN_POINT('',(1.,0.));
#4230 = VECTOR('',#4231,1.);
#4231 = DIRECTION('',(0.,1.));
#4232 = ( GEOMETRIC_REPRESENTATION_CONTEXT(2)
PARAMETRIC_REPRESENTATION_CONTEXT() REPRESENTATION_CONTEXT('2D SPACE',''
  ) );
#4233 = ORIENTED_EDGE('',*,*,#4234,.T.);
#4234 = EDGE_CURVE('',#3565,#2063,#4235,.T.);
#4235 = SURFACE_CURVE('',#4236,(#4241,#4248),.PCURVE_S1.);
#4236 = CIRCLE('',#4237,4.7);
#4237 = AXIS2_PLACEMENT_3D('',#4238,#4239,#4240);
#4238 = CARTESIAN_POINT('',(5.722244773978E-14,6.607168583621E-16,-8.));
#4239 = DIRECTION('',(0.,0.,1.));
#4240 = DIRECTION('',(1.,0.,0.));
#4241 = PCURVE('',#2103,#4242);
#4242 = DEFINITIONAL_REPRESENTATION('',(#4243),#4247);
#4243 = CIRCLE('',#4244,4.7);
#4244 = AXIS2_PLACEMENT_2D('',#4245,#4246);
#4245 = CARTESIAN_POINT('',(-2.15,1.));
#4246 = DIRECTION('',(-1.,-1.224646799147E-16));
#4247 = ( GEOMETRIC_REPRESENTATION_CONTEXT(2)
PARAMETRIC_REPRESENTATION_CONTEXT() REPRESENTATION_CONTEXT('2D SPACE',''
  ) );
#4248 = PCURVE('',#2077,#4249);
#4249 = DEFINITIONAL_REPRESENTATION('',(#4250),#4254);
#4250 = LINE('',#4251,#4252);
#4251 = CARTESIAN_POINT('',(-0.,0.));
#4252 = VECTOR('',#4253,1.);
#4253 = DIRECTION('',(-1.,0.));
#4254 = ( GEOMETRIC_REPRESENTATION_CONTEXT(2)
PARAMETRIC_REPRESENTATION_CONTEXT() REPRESENTATION_CONTEXT('2D SPACE',''
  ) );
#4255 = ADVANCED_FACE('',(#4256,#4479),#2077,.F.);
#4256 = FACE_BOUND('',#4257,.T.);
#4257 = EDGE_LOOP('',(#4258,#4280,#4281,#4309,#4337,#4370,#4398,#4420,
    #4421,#4422,#4423,#4450,#4451,#4478));
#4258 = ORIENTED_EDGE('',*,*,#4259,.F.);
#4259 = EDGE_CURVE('',#3091,#3307,#4260,.T.);
#4260 = SURFACE_CURVE('',#4261,(#4266,#4273),.PCURVE_S1.);
#4261 = CIRCLE('',#4262,4.7);
#4262 = AXIS2_PLACEMENT_3D('',#4263,#4264,#4265);
#4263 = CARTESIAN_POINT('',(5.722244773978E-14,6.607168583621E-16,-8.));
#4264 = DIRECTION('',(0.,0.,1.));
#4265 = DIRECTION('',(1.,0.,0.));
#4266 = PCURVE('',#2077,#4267);
#4267 = DEFINITIONAL_REPRESENTATION('',(#4268),#4272);
#4268 = LINE('',#4269,#4270);
#4269 = CARTESIAN_POINT('',(-0.,0.));
#4270 = VECTOR('',#4271,1.);
#4271 = DIRECTION('',(-1.,0.));
#4272 = ( GEOMETRIC_REPRESENTATION_CONTEXT(2)
PARAMETRIC_REPRESENTATION_CONTEXT() REPRESENTATION_CONTEXT('2D SPACE',''
  ) );
#4273 = PCURVE('',#3105,#4274);
#4274 = DEFINITIONAL_REPRESENTATION('',(#4275),#4279);
#4275 = CIRCLE('',#4276,4.7);
#4276 = AXIS2_PLACEMENT_2D('',#4277,#4278);
#4277 = CARTESIAN_POINT('',(-2.15,1.));
#4278 = DIRECTION('',(1.,0.));
#4279 = ( GEOMETRIC_REPRESENTATION_CONTEXT(2)
PARAMETRIC_REPRESENTATION_CONTEXT() REPRESENTATION_CONTEXT('2D SPACE',''
  ) );
#4280 = ORIENTED_EDGE('',*,*,#3116,.T.);
#4281 = ORIENTED_EDGE('',*,*,#4282,.F.);
#4282 = EDGE_CURVE('',#4283,#3117,#4285,.T.);
#4283 = VERTEX_POINT('',#4284);
#4284 = CARTESIAN_POINT('',(4.530728418257,1.25,-6.5));
#4285 = SURFACE_CURVE('',#4286,(#4291,#4298),.PCURVE_S1.);
#4286 = CIRCLE('',#4287,4.7);
#4287 = AXIS2_PLACEMENT_3D('',#4288,#4289,#4290);
#4288 = CARTESIAN_POINT('',(2.554245346446E-14,-9.577886259785E-17,-6.5)
  );
#4289 = DIRECTION('',(0.,0.,-1.));
#4290 = DIRECTION('',(1.,0.,0.));
#4291 = PCURVE('',#2077,#4292);
#4292 = DEFINITIONAL_REPRESENTATION('',(#4293),#4297);
#4293 = LINE('',#4294,#4295);
#4294 = CARTESIAN_POINT('',(-6.28318530718,-1.5));
#4295 = VECTOR('',#4296,1.);
#4296 = DIRECTION('',(1.,-0.));
#4297 = ( GEOMETRIC_REPRESENTATION_CONTEXT(2)
PARAMETRIC_REPRESENTATION_CONTEXT() REPRESENTATION_CONTEXT('2D SPACE',''
  ) );
#4298 = PCURVE('',#3154,#4299);
#4299 = DEFINITIONAL_REPRESENTATION('',(#4300),#4308);
#4300 = ( BOUNDED_CURVE() B_SPLINE_CURVE(2,(#4301,#4302,#4303,#4304,
#4305,#4306,#4307),.UNSPECIFIED.,.T.,.F.) B_SPLINE_CURVE_WITH_KNOTS((1,2
    ,2,2,2,1),(-2.094395102393,0.,2.094395102393,4.188790204786,
6.28318530718,8.377580409573),.UNSPECIFIED.) CURVE()
GEOMETRIC_REPRESENTATION_ITEM() RATIONAL_B_SPLINE_CURVE((1.,0.5,1.,0.5,
1.,0.5,1.)) REPRESENTATION_ITEM('') );
#4301 = CARTESIAN_POINT('',(0.5,1.25));
#4302 = CARTESIAN_POINT('',(0.5,-6.890638795574));
#4303 = CARTESIAN_POINT('',(-6.55,-2.820319397787));
#4304 = CARTESIAN_POINT('',(-13.6,1.25));
#4305 = CARTESIAN_POINT('',(-6.55,5.320319397787));
#4306 = CARTESIAN_POINT('',(0.5,9.390638795574));
#4307 = CARTESIAN_POINT('',(0.5,1.25));
#4308 = ( GEOMETRIC_REPRESENTATION_CONTEXT(2)
PARAMETRIC_REPRESENTATION_CONTEXT() REPRESENTATION_CONTEXT('2D SPACE',''
  ) );
#4309 = ORIENTED_EDGE('',*,*,#4310,.F.);
#4310 = EDGE_CURVE('',#4311,#4283,#4313,.T.);
#4311 = VERTEX_POINT('',#4312);
#4312 = CARTESIAN_POINT('',(4.530728418257,1.25,-5.7));
#4313 = SURFACE_CURVE('',#4314,(#4318,#4325),.PCURVE_S1.);
#4314 = LINE('',#4315,#4316);
#4315 = CARTESIAN_POINT('',(4.530728418257,1.25,-8.));
#4316 = VECTOR('',#4317,1.);
#4317 = DIRECTION('',(-0.,-0.,-1.));
#4318 = PCURVE('',#2077,#4319);
#4319 = DEFINITIONAL_REPRESENTATION('',(#4320),#4324);
#4320 = LINE('',#4321,#4322);
#4321 = CARTESIAN_POINT('',(-0.269197004213,0.));
#4322 = VECTOR('',#4323,1.);
#4323 = DIRECTION('',(-0.,1.));
#4324 = ( GEOMETRIC_REPRESENTATION_CONTEXT(2)
PARAMETRIC_REPRESENTATION_CONTEXT() REPRESENTATION_CONTEXT('2D SPACE',''
  ) );
#4325 = PCURVE('',#4326,#4331);
#4326 = PLANE('',#4327);
#4327 = AXIS2_PLACEMENT_3D('',#4328,#4329,#4330);
#4328 = CARTESIAN_POINT('',(4.2,1.25,-6.5));
#4329 = DIRECTION('',(0.,1.,0.));
#4330 = DIRECTION('',(0.,0.,1.));
#4331 = DEFINITIONAL_REPRESENTATION('',(#4332),#4336);
#4332 = LINE('',#4333,#4334);
#4333 = CARTESIAN_POINT('',(-1.5,0.330728418257));
#4334 = VECTOR('',#4335,1.);
#4335 = DIRECTION('',(-1.,0.));
#4336 = ( GEOMETRIC_REPRESENTATION_CONTEXT(2)
PARAMETRIC_REPRESENTATION_CONTEXT() REPRESENTATION_CONTEXT('2D SPACE',''
  ) );
#4337 = ORIENTED_EDGE('',*,*,#4338,.T.);
#4338 = EDGE_CURVE('',#4311,#4339,#4341,.T.);
#4339 = VERTEX_POINT('',#4340);
#4340 = CARTESIAN_POINT('',(4.7,-9.577886259785E-17,-5.7));
#4341 = SURFACE_CURVE('',#4342,(#4347,#4354),.PCURVE_S1.);
#4342 = CIRCLE('',#4343,4.7);
#4343 = AXIS2_PLACEMENT_3D('',#4344,#4345,#4346);
#4344 = CARTESIAN_POINT('',(2.554245346446E-14,-9.577886259785E-17,-5.7)
  );
#4345 = DIRECTION('',(0.,0.,-1.));
#4346 = DIRECTION('',(1.,0.,0.));
#4347 = PCURVE('',#2077,#4348);
#4348 = DEFINITIONAL_REPRESENTATION('',(#4349),#4353);
#4349 = LINE('',#4350,#4351);
#4350 = CARTESIAN_POINT('',(-6.28318530718,-2.3));
#4351 = VECTOR('',#4352,1.);
#4352 = DIRECTION('',(1.,-0.));
#4353 = ( GEOMETRIC_REPRESENTATION_CONTEXT(2)
PARAMETRIC_REPRESENTATION_CONTEXT() REPRESENTATION_CONTEXT('2D SPACE',''
  ) );
#4354 = PCURVE('',#4355,#4360);
#4355 = PLANE('',#4356);
#4356 = AXIS2_PLACEMENT_3D('',#4357,#4358,#4359);
#4357 = CARTESIAN_POINT('',(4.2,-1.25,-5.7));
#4358 = DIRECTION('',(0.,0.,1.));
#4359 = DIRECTION('',(1.,0.,0.));
#4360 = DEFINITIONAL_REPRESENTATION('',(#4361),#4369);
#4361 = ( BOUNDED_CURVE() B_SPLINE_CURVE(2,(#4362,#4363,#4364,#4365,
#4366,#4367,#4368),.UNSPECIFIED.,.T.,.F.) B_SPLINE_CURVE_WITH_KNOTS((1,2
    ,2,2,2,1),(-2.094395102393,0.,2.094395102393,4.188790204786,
6.28318530718,8.377580409573),.UNSPECIFIED.) CURVE()
GEOMETRIC_REPRESENTATION_ITEM() RATIONAL_B_SPLINE_CURVE((1.,0.5,1.,0.5,
1.,0.5,1.)) REPRESENTATION_ITEM('') );
#4362 = CARTESIAN_POINT('',(0.5,1.25));
#4363 = CARTESIAN_POINT('',(0.5,-6.890638795574));
#4364 = CARTESIAN_POINT('',(-6.55,-2.820319397787));
#4365 = CARTESIAN_POINT('',(-13.6,1.25));
#4366 = CARTESIAN_POINT('',(-6.55,5.320319397787));
#4367 = CARTESIAN_POINT('',(0.5,9.390638795574));
#4368 = CARTESIAN_POINT('',(0.5,1.25));
#4369 = ( GEOMETRIC_REPRESENTATION_CONTEXT(2)
PARAMETRIC_REPRESENTATION_CONTEXT() REPRESENTATION_CONTEXT('2D SPACE',''
  ) );
#4370 = ORIENTED_EDGE('',*,*,#4371,.T.);
#4371 = EDGE_CURVE('',#4339,#4372,#4374,.T.);
#4372 = VERTEX_POINT('',#4373);
#4373 = CARTESIAN_POINT('',(4.7,-9.577886259785E-17,-1.2));
#4374 = SURFACE_CURVE('',#4375,(#4379,#4386),.PCURVE_S1.);
#4375 = LINE('',#4376,#4377);
#4376 = CARTESIAN_POINT('',(4.7,-9.577886259785E-17,-8.));
#4377 = VECTOR('',#4378,1.);
#4378 = DIRECTION('',(0.,0.,1.));
#4379 = PCURVE('',#2077,#4380);
#4380 = DEFINITIONAL_REPRESENTATION('',(#4381),#4385);
#4381 = LINE('',#4382,#4383);
#4382 = CARTESIAN_POINT('',(-0.,0.));
#4383 = VECTOR('',#4384,1.);
#4384 = DIRECTION('',(-0.,-1.));
#4385 = ( GEOMETRIC_REPRESENTATION_CONTEXT(2)
PARAMETRIC_REPRESENTATION_CONTEXT() REPRESENTATION_CONTEXT('2D SPACE',''
  ) );
#4386 = PCURVE('',#4387,#4392);
#4387 = PLANE('',#4388);
#4388 = AXIS2_PLACEMENT_3D('',#4389,#4390,#4391);
#4389 = CARTESIAN_POINT('',(-30.,0.,-65.));
#4390 = DIRECTION('',(0.,1.,0.));
#4391 = DIRECTION('',(0.,0.,1.));
#4392 = DEFINITIONAL_REPRESENTATION('',(#4393),#4397);
#4393 = LINE('',#4394,#4395);
#4394 = CARTESIAN_POINT('',(57.,34.7));
#4395 = VECTOR('',#4396,1.);
#4396 = DIRECTION('',(1.,0.));
#4397 = ( GEOMETRIC_REPRESENTATION_CONTEXT(2)
PARAMETRIC_REPRESENTATION_CONTEXT() REPRESENTATION_CONTEXT('2D SPACE',''
  ) );
#4398 = ORIENTED_EDGE('',*,*,#4399,.T.);
#4399 = EDGE_CURVE('',#4372,#2037,#4400,.T.);
#4400 = SURFACE_CURVE('',#4401,(#4406,#4413),.PCURVE_S1.);
#4401 = CIRCLE('',#4402,4.7);
#4402 = AXIS2_PLACEMENT_3D('',#4403,#4404,#4405);
#4403 = CARTESIAN_POINT('',(2.554245346446E-14,-9.577886259785E-17,-1.2)
  );
#4404 = DIRECTION('',(0.,0.,1.));
#4405 = DIRECTION('',(1.,0.,0.));
#4406 = PCURVE('',#2077,#4407);
#4407 = DEFINITIONAL_REPRESENTATION('',(#4408),#4412);
#4408 = LINE('',#4409,#4410);
#4409 = CARTESIAN_POINT('',(-0.,-6.8));
#4410 = VECTOR('',#4411,1.);
#4411 = DIRECTION('',(-1.,0.));
#4412 = ( GEOMETRIC_REPRESENTATION_CONTEXT(2)
PARAMETRIC_REPRESENTATION_CONTEXT() REPRESENTATION_CONTEXT('2D SPACE',''
  ) );
#4413 = PCURVE('',#2051,#4414);
#4414 = DEFINITIONAL_REPRESENTATION('',(#4415),#4419);
#4415 = CIRCLE('',#4416,4.7);
#4416 = AXIS2_PLACEMENT_2D('',#4417,#4418);
#4417 = CARTESIAN_POINT('',(2.566906829154E-14,-1.285720929253E-16));
#4418 = DIRECTION('',(1.,0.));
#4419 = ( GEOMETRIC_REPRESENTATION_CONTEXT(2)
PARAMETRIC_REPRESENTATION_CONTEXT() REPRESENTATION_CONTEXT('2D SPACE',''
  ) );
#4420 = ORIENTED_EDGE('',*,*,#2062,.T.);
#4421 = ORIENTED_EDGE('',*,*,#4234,.F.);
#4422 = ORIENTED_EDGE('',*,*,#3564,.F.);
#4423 = ORIENTED_EDGE('',*,*,#4424,.F.);
#4424 = EDGE_CURVE('',#3450,#3537,#4425,.T.);
#4425 = SURFACE_CURVE('',#4426,(#4431,#4438),.PCURVE_S1.);
#4426 = CIRCLE('',#4427,4.7);
#4427 = AXIS2_PLACEMENT_3D('',#4428,#4429,#4430);
#4428 = CARTESIAN_POINT('',(5.722244773978E-14,6.607168583621E-16,-8.));
#4429 = DIRECTION('',(0.,0.,1.));
#4430 = DIRECTION('',(1.,0.,0.));
#4431 = PCURVE('',#2077,#4432);
#4432 = DEFINITIONAL_REPRESENTATION('',(#4433),#4437);
#4433 = LINE('',#4434,#4435);
#4434 = CARTESIAN_POINT('',(-0.,0.));
#4435 = VECTOR('',#4436,1.);
#4436 = DIRECTION('',(-1.,0.));
#4437 = ( GEOMETRIC_REPRESENTATION_CONTEXT(2)
PARAMETRIC_REPRESENTATION_CONTEXT() REPRESENTATION_CONTEXT('2D SPACE',''
  ) );
#4438 = PCURVE('',#4439,#4444);
#4439 = PLANE('',#4440);
#4440 = AXIS2_PLACEMENT_3D('',#4441,#4442,#4443);
#4441 = CARTESIAN_POINT('',(-0.208974596216,2.361954618137,-8.));
#4442 = DIRECTION('',(0.,0.,1.));
#4443 = DIRECTION('',(-0.5,0.866025403784,0.));
#4444 = DEFINITIONAL_REPRESENTATION('',(#4445),#4449);
#4445 = CIRCLE('',#4446,4.7);
#4446 = AXIS2_PLACEMENT_2D('',#4447,#4448);
#4447 = CARTESIAN_POINT('',(-2.15,1.));
#4448 = DIRECTION('',(-0.5,-0.866025403784));
#4449 = ( GEOMETRIC_REPRESENTATION_CONTEXT(2)
PARAMETRIC_REPRESENTATION_CONTEXT() REPRESENTATION_CONTEXT('2D SPACE',''
  ) );
#4450 = ORIENTED_EDGE('',*,*,#3449,.F.);
#4451 = ORIENTED_EDGE('',*,*,#4452,.F.);
#4452 = EDGE_CURVE('',#3335,#3422,#4453,.T.);
#4453 = SURFACE_CURVE('',#4454,(#4459,#4466),.PCURVE_S1.);
#4454 = CIRCLE('',#4455,4.7);
#4455 = AXIS2_PLACEMENT_3D('',#4456,#4457,#4458);
#4456 = CARTESIAN_POINT('',(5.722244773978E-14,6.607168583621E-16,-8.));
#4457 = DIRECTION('',(0.,0.,1.));
#4458 = DIRECTION('',(1.,0.,0.));
#4459 = PCURVE('',#2077,#4460);
#4460 = DEFINITIONAL_REPRESENTATION('',(#4461),#4465);
#4461 = LINE('',#4462,#4463);
#4462 = CARTESIAN_POINT('',(-0.,0.));
#4463 = VECTOR('',#4464,1.);
#4464 = DIRECTION('',(-1.,0.));
#4465 = ( GEOMETRIC_REPRESENTATION_CONTEXT(2)
PARAMETRIC_REPRESENTATION_CONTEXT() REPRESENTATION_CONTEXT('2D SPACE',''
  ) );
#4466 = PCURVE('',#4467,#4472);
#4467 = PLANE('',#4468);
#4468 = AXIS2_PLACEMENT_3D('',#4469,#4470,#4471);
#4469 = CARTESIAN_POINT('',(1.941025403784,1.361954618137,-8.));
#4470 = DIRECTION('',(0.,0.,1.));
#4471 = DIRECTION('',(0.5,0.866025403784,0.));
#4472 = DEFINITIONAL_REPRESENTATION('',(#4473),#4477);
#4473 = CIRCLE('',#4474,4.7);
#4474 = AXIS2_PLACEMENT_2D('',#4475,#4476);
#4475 = CARTESIAN_POINT('',(-2.15,1.));
#4476 = DIRECTION('',(0.5,-0.866025403784));
#4477 = ( GEOMETRIC_REPRESENTATION_CONTEXT(2)
PARAMETRIC_REPRESENTATION_CONTEXT() REPRESENTATION_CONTEXT('2D SPACE',''
  ) );
#4478 = ORIENTED_EDGE('',*,*,#3334,.F.);
#4479 = FACE_BOUND('',#4480,.T.);
#4480 = EDGE_LOOP('',(#4481,#4516,#4544,#4577));
#4481 = ORIENTED_EDGE('',*,*,#4482,.T.);
#4482 = EDGE_CURVE('',#4483,#4485,#4487,.T.);
#4483 = VERTEX_POINT('',#4484);
#4484 = CARTESIAN_POINT('',(-3.347895963859,3.298725907858,-5.7));
#4485 = VERTEX_POINT('',#4486);
#4486 = CARTESIAN_POINT('',(-1.182832454398,4.548725907858,-5.7));
#4487 = SURFACE_CURVE('',#4488,(#4493,#4500),.PCURVE_S1.);
#4488 = CIRCLE('',#4489,4.7);
#4489 = AXIS2_PLACEMENT_3D('',#4490,#4491,#4492);
#4490 = CARTESIAN_POINT('',(2.554245346446E-14,-9.577886259785E-17,-5.7)
  );
#4491 = DIRECTION('',(0.,0.,-1.));
#4492 = DIRECTION('',(1.,0.,0.));
#4493 = PCURVE('',#2077,#4494);
#4494 = DEFINITIONAL_REPRESENTATION('',(#4495),#4499);
#4495 = LINE('',#4496,#4497);
#4496 = CARTESIAN_POINT('',(-6.28318530718,-2.3));
#4497 = VECTOR('',#4498,1.);
#4498 = DIRECTION('',(1.,-0.));
#4499 = ( GEOMETRIC_REPRESENTATION_CONTEXT(2)
PARAMETRIC_REPRESENTATION_CONTEXT() REPRESENTATION_CONTEXT('2D SPACE',''
  ) );
#4500 = PCURVE('',#4501,#4506);
#4501 = PLANE('',#4502);
#4502 = AXIS2_PLACEMENT_3D('',#4503,#4504,#4505);
#4503 = CARTESIAN_POINT('',(-1.017468245269,4.262306695895,-5.7));
#4504 = DIRECTION('',(0.,0.,1.));
#4505 = DIRECTION('',(-0.5,0.866025403784,0.));
#4506 = DEFINITIONAL_REPRESENTATION('',(#4507),#4515);
#4507 = ( BOUNDED_CURVE() B_SPLINE_CURVE(2,(#4508,#4509,#4510,#4511,
#4512,#4513,#4514),.UNSPECIFIED.,.T.,.F.) B_SPLINE_CURVE_WITH_KNOTS((1,2
    ,2,2,2,1),(-2.094395102393,0.,2.094395102393,4.188790204786,
6.28318530718,8.377580409573),.UNSPECIFIED.) CURVE()
GEOMETRIC_REPRESENTATION_ITEM() RATIONAL_B_SPLINE_CURVE((1.,0.5,1.,0.5,
1.,0.5,1.)) REPRESENTATION_ITEM('') );
#4508 = CARTESIAN_POINT('',(-6.55,-2.820319397787));
#4509 = CARTESIAN_POINT('',(-13.6,1.25));
#4510 = CARTESIAN_POINT('',(-6.55,5.320319397787));
#4511 = CARTESIAN_POINT('',(0.5,9.390638795574));
#4512 = CARTESIAN_POINT('',(0.5,1.25));
#4513 = CARTESIAN_POINT('',(0.5,-6.890638795574));
#4514 = CARTESIAN_POINT('',(-6.55,-2.820319397787));
#4515 = ( GEOMETRIC_REPRESENTATION_CONTEXT(2)
PARAMETRIC_REPRESENTATION_CONTEXT() REPRESENTATION_CONTEXT('2D SPACE',''
  ) );
#4516 = ORIENTED_EDGE('',*,*,#4517,.T.);
#4517 = EDGE_CURVE('',#4485,#4518,#4520,.T.);
#4518 = VERTEX_POINT('',#4519);
#4519 = CARTESIAN_POINT('',(-1.182832454398,4.548725907858,-6.5));
#4520 = SURFACE_CURVE('',#4521,(#4525,#4532),.PCURVE_S1.);
#4521 = LINE('',#4522,#4523);
#4522 = CARTESIAN_POINT('',(-1.182832454398,4.548725907858,-8.));
#4523 = VECTOR('',#4524,1.);
#4524 = DIRECTION('',(-0.,-0.,-1.));
#4525 = PCURVE('',#2077,#4526);
#4526 = DEFINITIONAL_REPRESENTATION('',(#4527),#4531);
#4527 = LINE('',#4528,#4529);
#4528 = CARTESIAN_POINT('',(-1.82519809818,0.));
#4529 = VECTOR('',#4530,1.);
#4530 = DIRECTION('',(-0.,1.));
#4531 = ( GEOMETRIC_REPRESENTATION_CONTEXT(2)
PARAMETRIC_REPRESENTATION_CONTEXT() REPRESENTATION_CONTEXT('2D SPACE',''
  ) );
#4532 = PCURVE('',#4533,#4538);
#4533 = PLANE('',#4534);
#4534 = AXIS2_PLACEMENT_3D('',#4535,#4536,#4537);
#4535 = CARTESIAN_POINT('',(-1.017468245269,4.262306695895,-6.5));
#4536 = DIRECTION('',(-0.866025403784,-0.5,0.));
#4537 = DIRECTION('',(0.,0.,1.));
#4538 = DEFINITIONAL_REPRESENTATION('',(#4539),#4543);
#4539 = LINE('',#4540,#4541);
#4540 = CARTESIAN_POINT('',(-1.5,0.330728418257));
#4541 = VECTOR('',#4542,1.);
#4542 = DIRECTION('',(-1.,0.));
#4543 = ( GEOMETRIC_REPRESENTATION_CONTEXT(2)
PARAMETRIC_REPRESENTATION_CONTEXT() REPRESENTATION_CONTEXT('2D SPACE',''
  ) );
#4544 = ORIENTED_EDGE('',*,*,#4545,.F.);
#4545 = EDGE_CURVE('',#4546,#4518,#4548,.T.);
#4546 = VERTEX_POINT('',#4547);
#4547 = CARTESIAN_POINT('',(-3.347895963859,3.298725907858,-6.5));
#4548 = SURFACE_CURVE('',#4549,(#4554,#4561),.PCURVE_S1.);
#4549 = CIRCLE('',#4550,4.7);
#4550 = AXIS2_PLACEMENT_3D('',#4551,#4552,#4553);
#4551 = CARTESIAN_POINT('',(2.554245346446E-14,-9.577886259785E-17,-6.5)
  );
#4552 = DIRECTION('',(0.,0.,-1.));
#4553 = DIRECTION('',(1.,0.,0.));
#4554 = PCURVE('',#2077,#4555);
#4555 = DEFINITIONAL_REPRESENTATION('',(#4556),#4560);
#4556 = LINE('',#4557,#4558);
#4557 = CARTESIAN_POINT('',(-6.28318530718,-1.5));
#4558 = VECTOR('',#4559,1.);
#4559 = DIRECTION('',(1.,-0.));
#4560 = ( GEOMETRIC_REPRESENTATION_CONTEXT(2)
PARAMETRIC_REPRESENTATION_CONTEXT() REPRESENTATION_CONTEXT('2D SPACE',''
  ) );
#4561 = PCURVE('',#4562,#4567);
#4562 = PLANE('',#4563);
#4563 = AXIS2_PLACEMENT_3D('',#4564,#4565,#4566);
#4564 = CARTESIAN_POINT('',(-1.017468245269,4.262306695895,-6.5));
#4565 = DIRECTION('',(0.,0.,1.));
#4566 = DIRECTION('',(-0.5,0.866025403784,0.));
#4567 = DEFINITIONAL_REPRESENTATION('',(#4568),#4576);
#4568 = ( BOUNDED_CURVE() B_SPLINE_CURVE(2,(#4569,#4570,#4571,#4572,
#4573,#4574,#4575),.UNSPECIFIED.,.T.,.F.) B_SPLINE_CURVE_WITH_KNOTS((1,2
    ,2,2,2,1),(-2.094395102393,0.,2.094395102393,4.188790204786,
6.28318530718,8.377580409573),.UNSPECIFIED.) CURVE()
GEOMETRIC_REPRESENTATION_ITEM() RATIONAL_B_SPLINE_CURVE((1.,0.5,1.,0.5,
1.,0.5,1.)) REPRESENTATION_ITEM('') );
#4569 = CARTESIAN_POINT('',(-6.55,-2.820319397787));
#4570 = CARTESIAN_POINT('',(-13.6,1.25));
#4571 = CARTESIAN_POINT('',(-6.55,5.320319397787));
#4572 = CARTESIAN_POINT('',(0.5,9.390638795574));
#4573 = CARTESIAN_POINT('',(0.5,1.25));
#4574 = CARTESIAN_POINT('',(0.5,-6.890638795574));
#4575 = CARTESIAN_POINT('',(-6.55,-2.820319397787));
#4576 = ( GEOMETRIC_REPRESENTATION_CONTEXT(2)
PARAMETRIC_REPRESENTATION_CONTEXT() REPRESENTATION_CONTEXT('2D SPACE',''
  ) );
#4577 = ORIENTED_EDGE('',*,*,#4578,.F.);
#4578 = EDGE_CURVE('',#4483,#4546,#4579,.T.);
#4579 = SURFACE_CURVE('',#4580,(#4584,#4591),.PCURVE_S1.);
#4580 = LINE('',#4581,#4582);
#4581 = CARTESIAN_POINT('',(-3.347895963859,3.298725907858,-8.));
#4582 = VECTOR('',#4583,1.);
#4583 = DIRECTION('',(-0.,-0.,-1.));
#4584 = PCURVE('',#2077,#4585);
#4585 = DEFINITIONAL_REPRESENTATION('',(#4586),#4590);
#4586 = LINE('',#4587,#4588);
#4587 = CARTESIAN_POINT('',(-2.363592106607,0.));
#4588 = VECTOR('',#4589,1.);
#4589 = DIRECTION('',(-0.,1.));
#4590 = ( GEOMETRIC_REPRESENTATION_CONTEXT(2)
PARAMETRIC_REPRESENTATION_CONTEXT() REPRESENTATION_CONTEXT('2D SPACE',''
  ) );
#4591 = PCURVE('',#4592,#4597);
#4592 = PLANE('',#4593);
#4593 = AXIS2_PLACEMENT_3D('',#4594,#4595,#4596);
#4594 = CARTESIAN_POINT('',(-3.182531754731,3.012306695895,-6.5));
#4595 = DIRECTION('',(-0.866025403784,-0.5,0.));
#4596 = DIRECTION('',(0.,0.,1.));
#4597 = DEFINITIONAL_REPRESENTATION('',(#4598),#4602);
#4598 = LINE('',#4599,#4600);
#4599 = CARTESIAN_POINT('',(-1.5,0.330728418257));
#4600 = VECTOR('',#4601,1.);
#4601 = DIRECTION('',(-1.,0.));
#4602 = ( GEOMETRIC_REPRESENTATION_CONTEXT(2)
PARAMETRIC_REPRESENTATION_CONTEXT() REPRESENTATION_CONTEXT('2D SPACE',''
  ) );
#4603 = ADVANCED_FACE('',(#4604),#2051,.T.);
#4604 = FACE_BOUND('',#4605,.T.);
#4605 = EDGE_LOOP('',(#4606,#4627,#4649,#4650));
#4606 = ORIENTED_EDGE('',*,*,#4607,.F.);
#4607 = EDGE_CURVE('',#4608,#4372,#4610,.T.);
#4608 = VERTEX_POINT('',#4609);
#4609 = CARTESIAN_POINT('',(5.4,0.,-1.2));
#4610 = SURFACE_CURVE('',#4611,(#4615,#4621),.PCURVE_S1.);
#4611 = LINE('',#4612,#4613);
#4612 = CARTESIAN_POINT('',(-15.,0.,-1.2));
#4613 = VECTOR('',#4614,1.);
#4614 = DIRECTION('',(-1.,0.,0.));
#4615 = PCURVE('',#2051,#4616);
#4616 = DEFINITIONAL_REPRESENTATION('',(#4617),#4620);
#4617 = B_SPLINE_CURVE_WITH_KNOTS('',1,(#4618,#4619),.UNSPECIFIED.,.F.,
  .F.,(2,2),(-20.4,-9.6),.PIECEWISE_BEZIER_KNOTS.);
#4618 = CARTESIAN_POINT('',(5.4,-3.279323032744E-17));
#4619 = CARTESIAN_POINT('',(-5.4,-3.279323032744E-17));
#4620 = ( GEOMETRIC_REPRESENTATION_CONTEXT(2)
PARAMETRIC_REPRESENTATION_CONTEXT() REPRESENTATION_CONTEXT('2D SPACE',''
  ) );
#4621 = PCURVE('',#4387,#4622);
#4622 = DEFINITIONAL_REPRESENTATION('',(#4623),#4626);
#4623 = B_SPLINE_CURVE_WITH_KNOTS('',1,(#4624,#4625),.UNSPECIFIED.,.F.,
  .F.,(2,2),(-20.4,-9.6),.PIECEWISE_BEZIER_KNOTS.);
#4624 = CARTESIAN_POINT('',(63.8,35.4));
#4625 = CARTESIAN_POINT('',(63.8,24.6));
#4626 = ( GEOMETRIC_REPRESENTATION_CONTEXT(2)
PARAMETRIC_REPRESENTATION_CONTEXT() REPRESENTATION_CONTEXT('2D SPACE',''
  ) );
#4627 = ORIENTED_EDGE('',*,*,#4628,.T.);
#4628 = EDGE_CURVE('',#4608,#2011,#4629,.T.);
#4629 = SURFACE_CURVE('',#4630,(#4635,#4642),.PCURVE_S1.);
#4630 = CIRCLE('',#4631,5.4);
#4631 = AXIS2_PLACEMENT_3D('',#4632,#4633,#4634);
#4632 = CARTESIAN_POINT('',(0.,0.,-1.2));
#4633 = DIRECTION('',(0.,0.,1.));
#4634 = DIRECTION('',(1.,0.,0.));
#4635 = PCURVE('',#2051,#4636);
#4636 = DEFINITIONAL_REPRESENTATION('',(#4637),#4641);
#4637 = CIRCLE('',#4638,5.4);
#4638 = AXIS2_PLACEMENT_2D('',#4639,#4640);
#4639 = CARTESIAN_POINT('',(1.26614827087E-16,-3.279323032744E-17));
#4640 = DIRECTION('',(1.,0.));
#4641 = ( GEOMETRIC_REPRESENTATION_CONTEXT(2)
PARAMETRIC_REPRESENTATION_CONTEXT() REPRESENTATION_CONTEXT('2D SPACE',''
  ) );
#4642 = PCURVE('',#2025,#4643);
#4643 = DEFINITIONAL_REPRESENTATION('',(#4644),#4648);
#4644 = LINE('',#4645,#4646);
#4645 = CARTESIAN_POINT('',(-0.,-6.8));
#4646 = VECTOR('',#4647,1.);
#4647 = DIRECTION('',(-1.,0.));
#4648 = ( GEOMETRIC_REPRESENTATION_CONTEXT(2)
PARAMETRIC_REPRESENTATION_CONTEXT() REPRESENTATION_CONTEXT('2D SPACE',''
  ) );
#4649 = ORIENTED_EDGE('',*,*,#2036,.F.);
#4650 = ORIENTED_EDGE('',*,*,#4399,.F.);
#4651 = ADVANCED_FACE('',(#4652,#4848),#2025,.T.);
#4652 = FACE_BOUND('',#4653,.F.);
#4653 = EDGE_LOOP('',(#4654,#4676,#4677,#4705,#4728,#4756,#4777,#4778,
    #4779,#4801,#4802,#4824,#4825,#4847));
#4654 = ORIENTED_EDGE('',*,*,#4655,.F.);
#4655 = EDGE_CURVE('',#3166,#2698,#4656,.T.);
#4656 = SURFACE_CURVE('',#4657,(#4662,#4669),.PCURVE_S1.);
#4657 = CIRCLE('',#4658,5.4);
#4658 = AXIS2_PLACEMENT_3D('',#4659,#4660,#4661);
#4659 = CARTESIAN_POINT('',(0.,0.,-8.));
#4660 = DIRECTION('',(0.,0.,1.));
#4661 = DIRECTION('',(1.,0.,0.));
#4662 = PCURVE('',#2025,#4663);
#4663 = DEFINITIONAL_REPRESENTATION('',(#4664),#4668);
#4664 = LINE('',#4665,#4666);
#4665 = CARTESIAN_POINT('',(-0.,0.));
#4666 = VECTOR('',#4667,1.);
#4667 = DIRECTION('',(-1.,0.));
#4668 = ( GEOMETRIC_REPRESENTATION_CONTEXT(2)
PARAMETRIC_REPRESENTATION_CONTEXT() REPRESENTATION_CONTEXT('2D SPACE',''
  ) );
#4669 = PCURVE('',#2737,#4670);
#4670 = DEFINITIONAL_REPRESENTATION('',(#4671),#4675);
#4671 = CIRCLE('',#4672,5.4);
#4672 = AXIS2_PLACEMENT_2D('',#4673,#4674);
#4673 = CARTESIAN_POINT('',(6.837200662697E-16,-4.217680353673E-16));
#4674 = DIRECTION('',(1.,0.));
#4675 = ( GEOMETRIC_REPRESENTATION_CONTEXT(2)
PARAMETRIC_REPRESENTATION_CONTEXT() REPRESENTATION_CONTEXT('2D SPACE',''
  ) );
#4676 = ORIENTED_EDGE('',*,*,#3165,.T.);
#4677 = ORIENTED_EDGE('',*,*,#4678,.F.);
#4678 = EDGE_CURVE('',#4679,#3140,#4681,.T.);
#4679 = VERTEX_POINT('',#4680);
#4680 = CARTESIAN_POINT('',(5.253332275804,1.25,-6.5));
#4681 = SURFACE_CURVE('',#4682,(#4687,#4694),.PCURVE_S1.);
#4682 = CIRCLE('',#4683,5.4);
#4683 = AXIS2_PLACEMENT_3D('',#4684,#4685,#4686);
#4684 = CARTESIAN_POINT('',(0.,0.,-6.5));
#4685 = DIRECTION('',(0.,0.,-1.));
#4686 = DIRECTION('',(1.,0.,0.));
#4687 = PCURVE('',#2025,#4688);
#4688 = DEFINITIONAL_REPRESENTATION('',(#4689),#4693);
#4689 = LINE('',#4690,#4691);
#4690 = CARTESIAN_POINT('',(-6.28318530718,-1.5));
#4691 = VECTOR('',#4692,1.);
#4692 = DIRECTION('',(1.,-0.));
#4693 = ( GEOMETRIC_REPRESENTATION_CONTEXT(2)
PARAMETRIC_REPRESENTATION_CONTEXT() REPRESENTATION_CONTEXT('2D SPACE',''
  ) );
#4694 = PCURVE('',#3154,#4695);
#4695 = DEFINITIONAL_REPRESENTATION('',(#4696),#4704);
#4696 = ( BOUNDED_CURVE() B_SPLINE_CURVE(2,(#4697,#4698,#4699,#4700,
#4701,#4702,#4703),.UNSPECIFIED.,.T.,.F.) B_SPLINE_CURVE_WITH_KNOTS((1,2
    ,2,2,2,1),(-2.094395102393,0.,2.094395102393,4.188790204786,
6.28318530718,8.377580409573),.UNSPECIFIED.) CURVE()
GEOMETRIC_REPRESENTATION_ITEM() RATIONAL_B_SPLINE_CURVE((1.,0.5,1.,0.5,
1.,0.5,1.)) REPRESENTATION_ITEM('') );
#4697 = CARTESIAN_POINT('',(1.2,1.25));
#4698 = CARTESIAN_POINT('',(1.2,-8.103074360872));
#4699 = CARTESIAN_POINT('',(-6.9,-3.426537180436));
#4700 = CARTESIAN_POINT('',(-15.,1.25));
#4701 = CARTESIAN_POINT('',(-6.9,5.926537180436));
#4702 = CARTESIAN_POINT('',(1.2,10.603074360872));
#4703 = CARTESIAN_POINT('',(1.2,1.25));
#4704 = ( GEOMETRIC_REPRESENTATION_CONTEXT(2)
PARAMETRIC_REPRESENTATION_CONTEXT() REPRESENTATION_CONTEXT('2D SPACE',''
  ) );
#4705 = ORIENTED_EDGE('',*,*,#4706,.F.);
#4706 = EDGE_CURVE('',#4707,#4679,#4709,.T.);
#4707 = VERTEX_POINT('',#4708);
#4708 = CARTESIAN_POINT('',(5.253332275804,1.25,-5.7));
#4709 = SURFACE_CURVE('',#4710,(#4714,#4721),.PCURVE_S1.);
#4710 = LINE('',#4711,#4712);
#4711 = CARTESIAN_POINT('',(5.253332275804,1.25,-8.));
#4712 = VECTOR('',#4713,1.);
#4713 = DIRECTION('',(-0.,-0.,-1.));
#4714 = PCURVE('',#2025,#4715);
#4715 = DEFINITIONAL_REPRESENTATION('',(#4716),#4720);
#4716 = LINE('',#4717,#4718);
#4717 = CARTESIAN_POINT('',(-0.233600250595,0.));
#4718 = VECTOR('',#4719,1.);
#4719 = DIRECTION('',(-0.,1.));
#4720 = ( GEOMETRIC_REPRESENTATION_CONTEXT(2)
PARAMETRIC_REPRESENTATION_CONTEXT() REPRESENTATION_CONTEXT('2D SPACE',''
  ) );
#4721 = PCURVE('',#4326,#4722);
#4722 = DEFINITIONAL_REPRESENTATION('',(#4723),#4727);
#4723 = LINE('',#4724,#4725);
#4724 = CARTESIAN_POINT('',(-1.5,1.053332275804));
#4725 = VECTOR('',#4726,1.);
#4726 = DIRECTION('',(-1.,0.));
#4727 = ( GEOMETRIC_REPRESENTATION_CONTEXT(2)
PARAMETRIC_REPRESENTATION_CONTEXT() REPRESENTATION_CONTEXT('2D SPACE',''
  ) );
#4728 = ORIENTED_EDGE('',*,*,#4729,.T.);
#4729 = EDGE_CURVE('',#4707,#4730,#4732,.T.);
#4730 = VERTEX_POINT('',#4731);
#4731 = CARTESIAN_POINT('',(5.4,0.,-5.7));
#4732 = SURFACE_CURVE('',#4733,(#4738,#4745),.PCURVE_S1.);
#4733 = CIRCLE('',#4734,5.4);
#4734 = AXIS2_PLACEMENT_3D('',#4735,#4736,#4737);
#4735 = CARTESIAN_POINT('',(0.,0.,-5.7));
#4736 = DIRECTION('',(0.,0.,-1.));
#4737 = DIRECTION('',(1.,0.,0.));
#4738 = PCURVE('',#2025,#4739);
#4739 = DEFINITIONAL_REPRESENTATION('',(#4740),#4744);
#4740 = LINE('',#4741,#4742);
#4741 = CARTESIAN_POINT('',(-6.28318530718,-2.3));
#4742 = VECTOR('',#4743,1.);
#4743 = DIRECTION('',(1.,-0.));
#4744 = ( GEOMETRIC_REPRESENTATION_CONTEXT(2)
PARAMETRIC_REPRESENTATION_CONTEXT() REPRESENTATION_CONTEXT('2D SPACE',''
  ) );
#4745 = PCURVE('',#4355,#4746);
#4746 = DEFINITIONAL_REPRESENTATION('',(#4747),#4755);
#4747 = ( BOUNDED_CURVE() B_SPLINE_CURVE(2,(#4748,#4749,#4750,#4751,
#4752,#4753,#4754),.UNSPECIFIED.,.T.,.F.) B_SPLINE_CURVE_WITH_KNOTS((1,2
    ,2,2,2,1),(-2.094395102393,0.,2.094395102393,4.188790204786,
6.28318530718,8.377580409573),.UNSPECIFIED.) CURVE()
GEOMETRIC_REPRESENTATION_ITEM() RATIONAL_B_SPLINE_CURVE((1.,0.5,1.,0.5,
1.,0.5,1.)) REPRESENTATION_ITEM('') );
#4748 = CARTESIAN_POINT('',(1.2,1.25));
#4749 = CARTESIAN_POINT('',(1.2,-8.103074360872));
#4750 = CARTESIAN_POINT('',(-6.9,-3.426537180436));
#4751 = CARTESIAN_POINT('',(-15.,1.25));
#4752 = CARTESIAN_POINT('',(-6.9,5.926537180436));
#4753 = CARTESIAN_POINT('',(1.2,10.603074360872));
#4754 = CARTESIAN_POINT('',(1.2,1.25));
#4755 = ( GEOMETRIC_REPRESENTATION_CONTEXT(2)
PARAMETRIC_REPRESENTATION_CONTEXT() REPRESENTATION_CONTEXT('2D SPACE',''
  ) );
#4756 = ORIENTED_EDGE('',*,*,#4757,.T.);
#4757 = EDGE_CURVE('',#4730,#4608,#4758,.T.);
#4758 = SURFACE_CURVE('',#4759,(#4763,#4770),.PCURVE_S1.);
#4759 = LINE('',#4760,#4761);
#4760 = CARTESIAN_POINT('',(5.4,0.,-8.));
#4761 = VECTOR('',#4762,1.);
#4762 = DIRECTION('',(0.,0.,1.));
#4763 = PCURVE('',#2025,#4764);
#4764 = DEFINITIONAL_REPRESENTATION('',(#4765),#4769);
#4765 = LINE('',#4766,#4767);
#4766 = CARTESIAN_POINT('',(-0.,0.));
#4767 = VECTOR('',#4768,1.);
#4768 = DIRECTION('',(-0.,-1.));
#4769 = ( GEOMETRIC_REPRESENTATION_CONTEXT(2)
PARAMETRIC_REPRESENTATION_CONTEXT() REPRESENTATION_CONTEXT('2D SPACE',''
  ) );
#4770 = PCURVE('',#4387,#4771);
#4771 = DEFINITIONAL_REPRESENTATION('',(#4772),#4776);
#4772 = LINE('',#4773,#4774);
#4773 = CARTESIAN_POINT('',(57.,35.4));
#4774 = VECTOR('',#4775,1.);
#4775 = DIRECTION('',(1.,0.));
#4776 = ( GEOMETRIC_REPRESENTATION_CONTEXT(2)
PARAMETRIC_REPRESENTATION_CONTEXT() REPRESENTATION_CONTEXT('2D SPACE',''
  ) );
#4777 = ORIENTED_EDGE('',*,*,#4628,.T.);
#4778 = ORIENTED_EDGE('',*,*,#2010,.T.);
#4779 = ORIENTED_EDGE('',*,*,#4780,.F.);
#4780 = EDGE_CURVE('',#2479,#1985,#4781,.T.);
#4781 = SURFACE_CURVE('',#4782,(#4787,#4794),.PCURVE_S1.);
#4782 = CIRCLE('',#4783,5.4);
#4783 = AXIS2_PLACEMENT_3D('',#4784,#4785,#4786);
#4784 = CARTESIAN_POINT('',(0.,0.,-8.));
#4785 = DIRECTION('',(0.,0.,1.));
#4786 = DIRECTION('',(1.,0.,0.));
#4787 = PCURVE('',#2025,#4788);
#4788 = DEFINITIONAL_REPRESENTATION('',(#4789),#4793);
#4789 = LINE('',#4790,#4791);
#4790 = CARTESIAN_POINT('',(-0.,0.));
#4791 = VECTOR('',#4792,1.);
#4792 = DIRECTION('',(-1.,0.));
#4793 = ( GEOMETRIC_REPRESENTATION_CONTEXT(2)
PARAMETRIC_REPRESENTATION_CONTEXT() REPRESENTATION_CONTEXT('2D SPACE',''
  ) );
#4794 = PCURVE('',#1999,#4795);
#4795 = DEFINITIONAL_REPRESENTATION('',(#4796),#4800);
#4796 = CIRCLE('',#4797,5.4);
#4797 = AXIS2_PLACEMENT_2D('',#4798,#4799);
#4798 = CARTESIAN_POINT('',(6.837200662697E-16,-4.217680353673E-16));
#4799 = DIRECTION('',(1.,0.));
#4800 = ( GEOMETRIC_REPRESENTATION_CONTEXT(2)
PARAMETRIC_REPRESENTATION_CONTEXT() REPRESENTATION_CONTEXT('2D SPACE',''
  ) );
#4801 = ORIENTED_EDGE('',*,*,#2501,.F.);
#4802 = ORIENTED_EDGE('',*,*,#4803,.F.);
#4803 = EDGE_CURVE('',#2577,#2502,#4804,.T.);
#4804 = SURFACE_CURVE('',#4805,(#4810,#4817),.PCURVE_S1.);
#4805 = CIRCLE('',#4806,5.4);
#4806 = AXIS2_PLACEMENT_3D('',#4807,#4808,#4809);
#4807 = CARTESIAN_POINT('',(0.,0.,-8.));
#4808 = DIRECTION('',(0.,0.,1.));
#4809 = DIRECTION('',(1.,0.,0.));
#4810 = PCURVE('',#2025,#4811);
#4811 = DEFINITIONAL_REPRESENTATION('',(#4812),#4816);
#4812 = LINE('',#4813,#4814);
#4813 = CARTESIAN_POINT('',(-0.,0.));
#4814 = VECTOR('',#4815,1.);
#4815 = DIRECTION('',(-1.,0.));
#4816 = ( GEOMETRIC_REPRESENTATION_CONTEXT(2)
PARAMETRIC_REPRESENTATION_CONTEXT() REPRESENTATION_CONTEXT('2D SPACE',''
  ) );
#4817 = PCURVE('',#2541,#4818);
#4818 = DEFINITIONAL_REPRESENTATION('',(#4819),#4823);
#4819 = CIRCLE('',#4820,5.4);
#4820 = AXIS2_PLACEMENT_2D('',#4821,#4822);
#4821 = CARTESIAN_POINT('',(6.837200662697E-16,-4.217680353673E-16));
#4822 = DIRECTION('',(1.,0.));
#4823 = ( GEOMETRIC_REPRESENTATION_CONTEXT(2)
PARAMETRIC_REPRESENTATION_CONTEXT() REPRESENTATION_CONTEXT('2D SPACE',''
  ) );
#4824 = ORIENTED_EDGE('',*,*,#2599,.F.);
#4825 = ORIENTED_EDGE('',*,*,#4826,.F.);
#4826 = EDGE_CURVE('',#2675,#2600,#4827,.T.);
#4827 = SURFACE_CURVE('',#4828,(#4833,#4840),.PCURVE_S1.);
#4828 = CIRCLE('',#4829,5.4);
#4829 = AXIS2_PLACEMENT_3D('',#4830,#4831,#4832);
#4830 = CARTESIAN_POINT('',(0.,0.,-8.));
#4831 = DIRECTION('',(0.,0.,1.));
#4832 = DIRECTION('',(1.,0.,0.));
#4833 = PCURVE('',#2025,#4834);
#4834 = DEFINITIONAL_REPRESENTATION('',(#4835),#4839);
#4835 = LINE('',#4836,#4837);
#4836 = CARTESIAN_POINT('',(-0.,0.));
#4837 = VECTOR('',#4838,1.);
#4838 = DIRECTION('',(-1.,0.));
#4839 = ( GEOMETRIC_REPRESENTATION_CONTEXT(2)
PARAMETRIC_REPRESENTATION_CONTEXT() REPRESENTATION_CONTEXT('2D SPACE',''
  ) );
#4840 = PCURVE('',#2639,#4841);
#4841 = DEFINITIONAL_REPRESENTATION('',(#4842),#4846);
#4842 = CIRCLE('',#4843,5.4);
#4843 = AXIS2_PLACEMENT_2D('',#4844,#4845);
#4844 = CARTESIAN_POINT('',(6.837200662697E-16,-4.217680353673E-16));
#4845 = DIRECTION('',(1.,0.));
#4846 = ( GEOMETRIC_REPRESENTATION_CONTEXT(2)
PARAMETRIC_REPRESENTATION_CONTEXT() REPRESENTATION_CONTEXT('2D SPACE',''
  ) );
#4847 = ORIENTED_EDGE('',*,*,#2697,.F.);
#4848 = FACE_BOUND('',#4849,.F.);
#4849 = EDGE_LOOP('',(#4850,#4880,#4903,#4931));
#4850 = ORIENTED_EDGE('',*,*,#4851,.T.);
#4851 = EDGE_CURVE('',#4852,#4854,#4856,.T.);
#4852 = VERTEX_POINT('',#4853);
#4853 = CARTESIAN_POINT('',(-3.709197892632,3.924519205367,-5.7));
#4854 = VERTEX_POINT('',#4855);
#4855 = CARTESIAN_POINT('',(-1.544134383171,5.174519205367,-5.7));
#4856 = SURFACE_CURVE('',#4857,(#4862,#4869),.PCURVE_S1.);
#4857 = CIRCLE('',#4858,5.4);
#4858 = AXIS2_PLACEMENT_3D('',#4859,#4860,#4861);
#4859 = CARTESIAN_POINT('',(0.,0.,-5.7));
#4860 = DIRECTION('',(0.,0.,-1.));
#4861 = DIRECTION('',(1.,0.,0.));
#4862 = PCURVE('',#2025,#4863);
#4863 = DEFINITIONAL_REPRESENTATION('',(#4864),#4868);
#4864 = LINE('',#4865,#4866);
#4865 = CARTESIAN_POINT('',(-6.28318530718,-2.3));
#4866 = VECTOR('',#4867,1.);
#4867 = DIRECTION('',(1.,-0.));
#4868 = ( GEOMETRIC_REPRESENTATION_CONTEXT(2)
PARAMETRIC_REPRESENTATION_CONTEXT() REPRESENTATION_CONTEXT('2D SPACE',''
  ) );
#4869 = PCURVE('',#4501,#4870);
#4870 = DEFINITIONAL_REPRESENTATION('',(#4871),#4879);
#4871 = ( BOUNDED_CURVE() B_SPLINE_CURVE(2,(#4872,#4873,#4874,#4875,
#4876,#4877,#4878),.UNSPECIFIED.,.T.,.F.) B_SPLINE_CURVE_WITH_KNOTS((1,2
    ,2,2,2,1),(-2.094395102393,0.,2.094395102393,4.188790204786,
6.28318530718,8.377580409573),.UNSPECIFIED.) CURVE()
GEOMETRIC_REPRESENTATION_ITEM() RATIONAL_B_SPLINE_CURVE((1.,0.5,1.,0.5,
1.,0.5,1.)) REPRESENTATION_ITEM('') );
#4872 = CARTESIAN_POINT('',(-6.9,-3.426537180436));
#4873 = CARTESIAN_POINT('',(-15.,1.25));
#4874 = CARTESIAN_POINT('',(-6.9,5.926537180436));
#4875 = CARTESIAN_POINT('',(1.2,10.603074360872));
#4876 = CARTESIAN_POINT('',(1.2,1.25));
#4877 = CARTESIAN_POINT('',(1.2,-8.103074360872));
#4878 = CARTESIAN_POINT('',(-6.9,-3.426537180436));
#4879 = ( GEOMETRIC_REPRESENTATION_CONTEXT(2)
PARAMETRIC_REPRESENTATION_CONTEXT() REPRESENTATION_CONTEXT('2D SPACE',''
  ) );
#4880 = ORIENTED_EDGE('',*,*,#4881,.T.);
#4881 = EDGE_CURVE('',#4854,#4882,#4884,.T.);
#4882 = VERTEX_POINT('',#4883);
#4883 = CARTESIAN_POINT('',(-1.544134383171,5.174519205367,-6.5));
#4884 = SURFACE_CURVE('',#4885,(#4889,#4896),.PCURVE_S1.);
#4885 = LINE('',#4886,#4887);
#4886 = CARTESIAN_POINT('',(-1.544134383171,5.174519205367,-8.));
#4887 = VECTOR('',#4888,1.);
#4888 = DIRECTION('',(-0.,-0.,-1.));
#4889 = PCURVE('',#2025,#4890);
#4890 = DEFINITIONAL_REPRESENTATION('',(#4891),#4895);
#4891 = LINE('',#4892,#4893);
#4892 = CARTESIAN_POINT('',(-1.860794851799,0.));
#4893 = VECTOR('',#4894,1.);
#4894 = DIRECTION('',(-0.,1.));
#4895 = ( GEOMETRIC_REPRESENTATION_CONTEXT(2)
PARAMETRIC_REPRESENTATION_CONTEXT() REPRESENTATION_CONTEXT('2D SPACE',''
  ) );
#4896 = PCURVE('',#4533,#4897);
#4897 = DEFINITIONAL_REPRESENTATION('',(#4898),#4902);
#4898 = LINE('',#4899,#4900);
#4899 = CARTESIAN_POINT('',(-1.5,1.053332275804));
#4900 = VECTOR('',#4901,1.);
#4901 = DIRECTION('',(-1.,0.));
#4902 = ( GEOMETRIC_REPRESENTATION_CONTEXT(2)
PARAMETRIC_REPRESENTATION_CONTEXT() REPRESENTATION_CONTEXT('2D SPACE',''
  ) );
#4903 = ORIENTED_EDGE('',*,*,#4904,.F.);
#4904 = EDGE_CURVE('',#4905,#4882,#4907,.T.);
#4905 = VERTEX_POINT('',#4906);
#4906 = CARTESIAN_POINT('',(-3.709197892632,3.924519205367,-6.5));
#4907 = SURFACE_CURVE('',#4908,(#4913,#4920),.PCURVE_S1.);
#4908 = CIRCLE('',#4909,5.4);
#4909 = AXIS2_PLACEMENT_3D('',#4910,#4911,#4912);
#4910 = CARTESIAN_POINT('',(0.,0.,-6.5));
#4911 = DIRECTION('',(0.,0.,-1.));
#4912 = DIRECTION('',(1.,0.,0.));
#4913 = PCURVE('',#2025,#4914);
#4914 = DEFINITIONAL_REPRESENTATION('',(#4915),#4919);
#4915 = LINE('',#4916,#4917);
#4916 = CARTESIAN_POINT('',(-6.28318530718,-1.5));
#4917 = VECTOR('',#4918,1.);
#4918 = DIRECTION('',(1.,-0.));
#4919 = ( GEOMETRIC_REPRESENTATION_CONTEXT(2)
PARAMETRIC_REPRESENTATION_CONTEXT() REPRESENTATION_CONTEXT('2D SPACE',''
  ) );
#4920 = PCURVE('',#4562,#4921);
#4921 = DEFINITIONAL_REPRESENTATION('',(#4922),#4930);
#4922 = ( BOUNDED_CURVE() B_SPLINE_CURVE(2,(#4923,#4924,#4925,#4926,
#4927,#4928,#4929),.UNSPECIFIED.,.T.,.F.) B_SPLINE_CURVE_WITH_KNOTS((1,2
    ,2,2,2,1),(-2.094395102393,0.,2.094395102393,4.188790204786,
6.28318530718,8.377580409573),.UNSPECIFIED.) CURVE()
GEOMETRIC_REPRESENTATION_ITEM() RATIONAL_B_SPLINE_CURVE((1.,0.5,1.,0.5,
1.,0.5,1.)) REPRESENTATION_ITEM('') );
#4923 = CARTESIAN_POINT('',(-6.9,-3.426537180436));
#4924 = CARTESIAN_POINT('',(-15.,1.25));
#4925 = CARTESIAN_POINT('',(-6.9,5.926537180436));
#4926 = CARTESIAN_POINT('',(1.2,10.603074360872));
#4927 = CARTESIAN_POINT('',(1.2,1.25));
#4928 = CARTESIAN_POINT('',(1.2,-8.103074360872));
#4929 = CARTESIAN_POINT('',(-6.9,-3.426537180436));
#4930 = ( GEOMETRIC_REPRESENTATION_CONTEXT(2)
PARAMETRIC_REPRESENTATION_CONTEXT() REPRESENTATION_CONTEXT('2D SPACE',''
  ) );
#4931 = ORIENTED_EDGE('',*,*,#4932,.F.);
#4932 = EDGE_CURVE('',#4852,#4905,#4933,.T.);
#4933 = SURFACE_CURVE('',#4934,(#4938,#4945),.PCURVE_S1.);
#4934 = LINE('',#4935,#4936);
#4935 = CARTESIAN_POINT('',(-3.709197892632,3.924519205367,-8.));
#4936 = VECTOR('',#4937,1.);
#4937 = DIRECTION('',(-0.,-0.,-1.));
#4938 = PCURVE('',#2025,#4939);
#4939 = DEFINITIONAL_REPRESENTATION('',(#4940),#4944);
#4940 = LINE('',#4941,#4942);
#4941 = CARTESIAN_POINT('',(-2.327995352988,0.));
#4942 = VECTOR('',#4943,1.);
#4943 = DIRECTION('',(-0.,1.));
#4944 = ( GEOMETRIC_REPRESENTATION_CONTEXT(2)
PARAMETRIC_REPRESENTATION_CONTEXT() REPRESENTATION_CONTEXT('2D SPACE',''
  ) );
#4945 = PCURVE('',#4592,#4946);
#4946 = DEFINITIONAL_REPRESENTATION('',(#4947),#4951);
#4947 = LINE('',#4948,#4949);
#4948 = CARTESIAN_POINT('',(-1.5,1.053332275804));
#4949 = VECTOR('',#4950,1.);
#4950 = DIRECTION('',(-1.,0.));
#4951 = ( GEOMETRIC_REPRESENTATION_CONTEXT(2)
PARAMETRIC_REPRESENTATION_CONTEXT() REPRESENTATION_CONTEXT('2D SPACE',''
  ) );
#4952 = ADVANCED_FACE('',(#4953),#1999,.T.);
#4953 = FACE_BOUND('',#4954,.T.);
#4954 = EDGE_LOOP('',(#4955,#4956,#4957,#4958));
#4955 = ORIENTED_EDGE('',*,*,#1984,.F.);
#4956 = ORIENTED_EDGE('',*,*,#4780,.F.);
#4957 = ORIENTED_EDGE('',*,*,#2478,.T.);
#4958 = ORIENTED_EDGE('',*,*,#2455,.T.);
#4959 = ADVANCED_FACE('',(#4960),#2737,.T.);
#4960 = FACE_BOUND('',#4961,.T.);
#4961 = EDGE_LOOP('',(#4962,#4963,#4964,#4965));
#4962 = ORIENTED_EDGE('',*,*,#4655,.F.);
#4963 = ORIENTED_EDGE('',*,*,#3188,.F.);
#4964 = ORIENTED_EDGE('',*,*,#2749,.T.);
#4965 = ORIENTED_EDGE('',*,*,#2721,.F.);
#4966 = ADVANCED_FACE('',(#4967),#2639,.T.);
#4967 = FACE_BOUND('',#4968,.T.);
#4968 = EDGE_LOOP('',(#4969,#4970,#4971,#4972));
#4969 = ORIENTED_EDGE('',*,*,#4826,.F.);
#4970 = ORIENTED_EDGE('',*,*,#2674,.T.);
#4971 = ORIENTED_EDGE('',*,*,#2651,.T.);
#4972 = ORIENTED_EDGE('',*,*,#2623,.F.);
#4973 = ADVANCED_FACE('',(#4974),#2541,.T.);
#4974 = FACE_BOUND('',#4975,.T.);
#4975 = EDGE_LOOP('',(#4976,#4977,#4978,#4979));
#4976 = ORIENTED_EDGE('',*,*,#4803,.F.);
#4977 = ORIENTED_EDGE('',*,*,#2576,.T.);
#4978 = ORIENTED_EDGE('',*,*,#2553,.T.);
#4979 = ORIENTED_EDGE('',*,*,#2525,.F.);
#4980 = ADVANCED_FACE('',(#4981),#2441,.T.);
#4981 = FACE_BOUND('',#4982,.T.);
#4982 = EDGE_LOOP('',(#4983,#4984,#5007,#5035,#5056));
#4983 = ORIENTED_EDGE('',*,*,#2427,.F.);
#4984 = ORIENTED_EDGE('',*,*,#4985,.T.);
#4985 = EDGE_CURVE('',#2400,#4986,#4988,.T.);
#4986 = VERTEX_POINT('',#4987);
#4987 = CARTESIAN_POINT('',(-6.582531754731,8.901279441629,-6.08));
#4988 = SURFACE_CURVE('',#4989,(#4993,#5000),.PCURVE_S1.);
#4989 = LINE('',#4990,#4991);
#4990 = CARTESIAN_POINT('',(-6.582531754731,8.901279441629,-8.));
#4991 = VECTOR('',#4992,1.);
#4992 = DIRECTION('',(0.,0.,1.));
#4993 = PCURVE('',#2441,#4994);
#4994 = DEFINITIONAL_REPRESENTATION('',(#4995),#4999);
#4995 = LINE('',#4996,#4997);
#4996 = CARTESIAN_POINT('',(0.,0.));
#4997 = VECTOR('',#4998,1.);
#4998 = DIRECTION('',(1.,0.));
#4999 = ( GEOMETRIC_REPRESENTATION_CONTEXT(2)
PARAMETRIC_REPRESENTATION_CONTEXT() REPRESENTATION_CONTEXT('2D SPACE',''
  ) );
#5000 = PCURVE('',#2415,#5001);
#5001 = DEFINITIONAL_REPRESENTATION('',(#5002),#5006);
#5002 = LINE('',#5003,#5004);
#5003 = CARTESIAN_POINT('',(0.,-2.5));
#5004 = VECTOR('',#5005,1.);
#5005 = DIRECTION('',(1.,0.));
#5006 = ( GEOMETRIC_REPRESENTATION_CONTEXT(2)
PARAMETRIC_REPRESENTATION_CONTEXT() REPRESENTATION_CONTEXT('2D SPACE',''
  ) );
#5007 = ORIENTED_EDGE('',*,*,#5008,.T.);
#5008 = EDGE_CURVE('',#4986,#5009,#5011,.T.);
#5009 = VERTEX_POINT('',#5010);
#5010 = CARTESIAN_POINT('',(-7.082531754731,9.767304845413,-6.08));
#5011 = SURFACE_CURVE('',#5012,(#5016,#5023),.PCURVE_S1.);
#5012 = LINE('',#5013,#5014);
#5013 = CARTESIAN_POINT('',(-6.582531754731,8.901279441629,-6.08));
#5014 = VECTOR('',#5015,1.);
#5015 = DIRECTION('',(-0.5,0.866025403784,0.));
#5016 = PCURVE('',#2441,#5017);
#5017 = DEFINITIONAL_REPRESENTATION('',(#5018),#5022);
#5018 = LINE('',#5019,#5020);
#5019 = CARTESIAN_POINT('',(1.92,0.));
#5020 = VECTOR('',#5021,1.);
#5021 = DIRECTION('',(0.,1.));
#5022 = ( GEOMETRIC_REPRESENTATION_CONTEXT(2)
PARAMETRIC_REPRESENTATION_CONTEXT() REPRESENTATION_CONTEXT('2D SPACE',''
  ) );
#5023 = PCURVE('',#5024,#5029);
#5024 = PLANE('',#5025);
#5025 = AXIS2_PLACEMENT_3D('',#5026,#5027,#5028);
#5026 = CARTESIAN_POINT('',(-4.417468245269,10.151279441629,-6.08));
#5027 = DIRECTION('',(0.,0.,1.));
#5028 = DIRECTION('',(-0.5,0.866025403784,0.));
#5029 = DEFINITIONAL_REPRESENTATION('',(#5030),#5034);
#5030 = LINE('',#5031,#5032);
#5031 = CARTESIAN_POINT('',(1.193756730778E-15,2.5));
#5032 = VECTOR('',#5033,1.);
#5033 = DIRECTION('',(1.,2.231125221501E-17));
#5034 = ( GEOMETRIC_REPRESENTATION_CONTEXT(2)
PARAMETRIC_REPRESENTATION_CONTEXT() REPRESENTATION_CONTEXT('2D SPACE',''
  ) );
#5035 = ORIENTED_EDGE('',*,*,#5036,.F.);
#5036 = EDGE_CURVE('',#2774,#5009,#5037,.T.);
#5037 = SURFACE_CURVE('',#5038,(#5042,#5049),.PCURVE_S1.);
#5038 = LINE('',#5039,#5040);
#5039 = CARTESIAN_POINT('',(-7.082531754731,9.767304845413,-8.));
#5040 = VECTOR('',#5041,1.);
#5041 = DIRECTION('',(0.,0.,1.));
#5042 = PCURVE('',#2441,#5043);
#5043 = DEFINITIONAL_REPRESENTATION('',(#5044),#5048);
#5044 = LINE('',#5045,#5046);
#5045 = CARTESIAN_POINT('',(0.,1.));
#5046 = VECTOR('',#5047,1.);
#5047 = DIRECTION('',(1.,0.));
#5048 = ( GEOMETRIC_REPRESENTATION_CONTEXT(2)
PARAMETRIC_REPRESENTATION_CONTEXT() REPRESENTATION_CONTEXT('2D SPACE',''
  ) );
#5049 = PCURVE('',#2811,#5050);
#5050 = DEFINITIONAL_REPRESENTATION('',(#5051),#5055);
#5051 = LINE('',#5052,#5053);
#5052 = CARTESIAN_POINT('',(0.,-2.5));
#5053 = VECTOR('',#5054,1.);
#5054 = DIRECTION('',(1.,0.));
#5055 = ( GEOMETRIC_REPRESENTATION_CONTEXT(2)
PARAMETRIC_REPRESENTATION_CONTEXT() REPRESENTATION_CONTEXT('2D SPACE',''
  ) );
#5056 = ORIENTED_EDGE('',*,*,#2773,.F.);
#5057 = ADVANCED_FACE('',(#5058),#2415,.F.);
#5058 = FACE_BOUND('',#5059,.F.);
#5059 = EDGE_LOOP('',(#5060,#5083,#5084,#5085));
#5060 = ORIENTED_EDGE('',*,*,#5061,.F.);
#5061 = EDGE_CURVE('',#2372,#5062,#5064,.T.);
#5062 = VERTEX_POINT('',#5063);
#5063 = CARTESIAN_POINT('',(-4.417468245269,10.151279441629,-6.08));
#5064 = SURFACE_CURVE('',#5065,(#5069,#5076),.PCURVE_S1.);
#5065 = LINE('',#5066,#5067);
#5066 = CARTESIAN_POINT('',(-4.417468245269,10.151279441629,-8.));
#5067 = VECTOR('',#5068,1.);
#5068 = DIRECTION('',(0.,0.,1.));
#5069 = PCURVE('',#2415,#5070);
#5070 = DEFINITIONAL_REPRESENTATION('',(#5071),#5075);
#5071 = LINE('',#5072,#5073);
#5072 = CARTESIAN_POINT('',(0.,0.));
#5073 = VECTOR('',#5074,1.);
#5074 = DIRECTION('',(1.,0.));
#5075 = ( GEOMETRIC_REPRESENTATION_CONTEXT(2)
PARAMETRIC_REPRESENTATION_CONTEXT() REPRESENTATION_CONTEXT('2D SPACE',''
  ) );
#5076 = PCURVE('',#2387,#5077);
#5077 = DEFINITIONAL_REPRESENTATION('',(#5078),#5082);
#5078 = LINE('',#5079,#5080);
#5079 = CARTESIAN_POINT('',(0.,0.));
#5080 = VECTOR('',#5081,1.);
#5081 = DIRECTION('',(1.,0.));
#5082 = ( GEOMETRIC_REPRESENTATION_CONTEXT(2)
PARAMETRIC_REPRESENTATION_CONTEXT() REPRESENTATION_CONTEXT('2D SPACE',''
  ) );
#5083 = ORIENTED_EDGE('',*,*,#2399,.T.);
#5084 = ORIENTED_EDGE('',*,*,#4985,.T.);
#5085 = ORIENTED_EDGE('',*,*,#5086,.F.);
#5086 = EDGE_CURVE('',#5062,#4986,#5087,.T.);
#5087 = SURFACE_CURVE('',#5088,(#5092,#5099),.PCURVE_S1.);
#5088 = LINE('',#5089,#5090);
#5089 = CARTESIAN_POINT('',(-4.417468245269,10.151279441629,-6.08));
#5090 = VECTOR('',#5091,1.);
#5091 = DIRECTION('',(-0.866025403784,-0.5,0.));
#5092 = PCURVE('',#2415,#5093);
#5093 = DEFINITIONAL_REPRESENTATION('',(#5094),#5098);
#5094 = LINE('',#5095,#5096);
#5095 = CARTESIAN_POINT('',(1.92,0.));
#5096 = VECTOR('',#5097,1.);
#5097 = DIRECTION('',(0.,-1.));
#5098 = ( GEOMETRIC_REPRESENTATION_CONTEXT(2)
PARAMETRIC_REPRESENTATION_CONTEXT() REPRESENTATION_CONTEXT('2D SPACE',''
  ) );
#5099 = PCURVE('',#5024,#5100);
#5100 = DEFINITIONAL_REPRESENTATION('',(#5101),#5105);
#5101 = LINE('',#5102,#5103);
#5102 = CARTESIAN_POINT('',(0.,0.));
#5103 = VECTOR('',#5104,1.);
#5104 = DIRECTION('',(2.231125221501E-17,1.));
#5105 = ( GEOMETRIC_REPRESENTATION_CONTEXT(2)
PARAMETRIC_REPRESENTATION_CONTEXT() REPRESENTATION_CONTEXT('2D SPACE',''
  ) );
#5106 = ADVANCED_FACE('',(#5107),#2387,.F.);
#5107 = FACE_BOUND('',#5108,.F.);
#5108 = EDGE_LOOP('',(#5109,#5110,#5111,#5134,#5155));
#5109 = ORIENTED_EDGE('',*,*,#2371,.F.);
#5110 = ORIENTED_EDGE('',*,*,#5061,.T.);
#5111 = ORIENTED_EDGE('',*,*,#5112,.T.);
#5112 = EDGE_CURVE('',#5062,#5113,#5115,.T.);
#5113 = VERTEX_POINT('',#5114);
#5114 = CARTESIAN_POINT('',(-4.917468245269,11.017304845413,-6.08));
#5115 = SURFACE_CURVE('',#5116,(#5120,#5127),.PCURVE_S1.);
#5116 = LINE('',#5117,#5118);
#5117 = CARTESIAN_POINT('',(-4.417468245269,10.151279441629,-6.08));
#5118 = VECTOR('',#5119,1.);
#5119 = DIRECTION('',(-0.5,0.866025403784,0.));
#5120 = PCURVE('',#2387,#5121);
#5121 = DEFINITIONAL_REPRESENTATION('',(#5122),#5126);
#5122 = LINE('',#5123,#5124);
#5123 = CARTESIAN_POINT('',(1.92,0.));
#5124 = VECTOR('',#5125,1.);
#5125 = DIRECTION('',(0.,1.));
#5126 = ( GEOMETRIC_REPRESENTATION_CONTEXT(2)
PARAMETRIC_REPRESENTATION_CONTEXT() REPRESENTATION_CONTEXT('2D SPACE',''
  ) );
#5127 = PCURVE('',#5024,#5128);
#5128 = DEFINITIONAL_REPRESENTATION('',(#5129),#5133);
#5129 = LINE('',#5130,#5131);
#5130 = CARTESIAN_POINT('',(0.,0.));
#5131 = VECTOR('',#5132,1.);
#5132 = DIRECTION('',(1.,2.231125221501E-17));
#5133 = ( GEOMETRIC_REPRESENTATION_CONTEXT(2)
PARAMETRIC_REPRESENTATION_CONTEXT() REPRESENTATION_CONTEXT('2D SPACE',''
  ) );
#5134 = ORIENTED_EDGE('',*,*,#5135,.F.);
#5135 = EDGE_CURVE('',#2828,#5113,#5136,.T.);
#5136 = SURFACE_CURVE('',#5137,(#5141,#5148),.PCURVE_S1.);
#5137 = LINE('',#5138,#5139);
#5138 = CARTESIAN_POINT('',(-4.917468245269,11.017304845413,-8.));
#5139 = VECTOR('',#5140,1.);
#5140 = DIRECTION('',(0.,0.,1.));
#5141 = PCURVE('',#2387,#5142);
#5142 = DEFINITIONAL_REPRESENTATION('',(#5143),#5147);
#5143 = LINE('',#5144,#5145);
#5144 = CARTESIAN_POINT('',(0.,1.));
#5145 = VECTOR('',#5146,1.);
#5146 = DIRECTION('',(1.,0.));
#5147 = ( GEOMETRIC_REPRESENTATION_CONTEXT(2)
PARAMETRIC_REPRESENTATION_CONTEXT() REPRESENTATION_CONTEXT('2D SPACE',''
  ) );
#5148 = PCURVE('',#2811,#5149);
#5149 = DEFINITIONAL_REPRESENTATION('',(#5150),#5154);
#5150 = LINE('',#5151,#5152);
#5151 = CARTESIAN_POINT('',(0.,0.));
#5152 = VECTOR('',#5153,1.);
#5153 = DIRECTION('',(1.,0.));
#5154 = ( GEOMETRIC_REPRESENTATION_CONTEXT(2)
PARAMETRIC_REPRESENTATION_CONTEXT() REPRESENTATION_CONTEXT('2D SPACE',''
  ) );
#5155 = ORIENTED_EDGE('',*,*,#2827,.F.);
#5156 = ADVANCED_FACE('',(#5157),#2358,.T.);
#5157 = FACE_BOUND('',#5158,.T.);
#5158 = EDGE_LOOP('',(#5159,#5160,#5183,#5206,#5227));
#5159 = ORIENTED_EDGE('',*,*,#2344,.F.);
#5160 = ORIENTED_EDGE('',*,*,#5161,.T.);
#5161 = EDGE_CURVE('',#2317,#5162,#5164,.T.);
#5162 = VERTEX_POINT('',#5163);
#5163 = CARTESIAN_POINT('',(11.,1.25,-6.08));
#5164 = SURFACE_CURVE('',#5165,(#5169,#5176),.PCURVE_S1.);
#5165 = LINE('',#5166,#5167);
#5166 = CARTESIAN_POINT('',(11.,1.25,-8.));
#5167 = VECTOR('',#5168,1.);
#5168 = DIRECTION('',(0.,0.,1.));
#5169 = PCURVE('',#2358,#5170);
#5170 = DEFINITIONAL_REPRESENTATION('',(#5171),#5175);
#5171 = LINE('',#5172,#5173);
#5172 = CARTESIAN_POINT('',(0.,0.));
#5173 = VECTOR('',#5174,1.);
#5174 = DIRECTION('',(1.,0.));
#5175 = ( GEOMETRIC_REPRESENTATION_CONTEXT(2)
PARAMETRIC_REPRESENTATION_CONTEXT() REPRESENTATION_CONTEXT('2D SPACE',''
  ) );
#5176 = PCURVE('',#2332,#5177);
#5177 = DEFINITIONAL_REPRESENTATION('',(#5178),#5182);
#5178 = LINE('',#5179,#5180);
#5179 = CARTESIAN_POINT('',(0.,-2.5));
#5180 = VECTOR('',#5181,1.);
#5181 = DIRECTION('',(1.,0.));
#5182 = ( GEOMETRIC_REPRESENTATION_CONTEXT(2)
PARAMETRIC_REPRESENTATION_CONTEXT() REPRESENTATION_CONTEXT('2D SPACE',''
  ) );
#5183 = ORIENTED_EDGE('',*,*,#5184,.T.);
#5184 = EDGE_CURVE('',#5162,#5185,#5187,.T.);
#5185 = VERTEX_POINT('',#5186);
#5186 = CARTESIAN_POINT('',(12.,1.25,-6.08));
#5187 = SURFACE_CURVE('',#5188,(#5192,#5199),.PCURVE_S1.);
#5188 = LINE('',#5189,#5190);
#5189 = CARTESIAN_POINT('',(11.,1.25,-6.08));
#5190 = VECTOR('',#5191,1.);
#5191 = DIRECTION('',(1.,0.,0.));
#5192 = PCURVE('',#2358,#5193);
#5193 = DEFINITIONAL_REPRESENTATION('',(#5194),#5198);
#5194 = LINE('',#5195,#5196);
#5195 = CARTESIAN_POINT('',(1.92,0.));
#5196 = VECTOR('',#5197,1.);
#5197 = DIRECTION('',(0.,1.));
#5198 = ( GEOMETRIC_REPRESENTATION_CONTEXT(2)
PARAMETRIC_REPRESENTATION_CONTEXT() REPRESENTATION_CONTEXT('2D SPACE',''
  ) );
#5199 = PCURVE('',#3244,#5200);
#5200 = DEFINITIONAL_REPRESENTATION('',(#5201),#5205);
#5201 = LINE('',#5202,#5203);
#5202 = CARTESIAN_POINT('',(0.,2.5));
#5203 = VECTOR('',#5204,1.);
#5204 = DIRECTION('',(1.,0.));
#5205 = ( GEOMETRIC_REPRESENTATION_CONTEXT(2)
PARAMETRIC_REPRESENTATION_CONTEXT() REPRESENTATION_CONTEXT('2D SPACE',''
  ) );
#5206 = ORIENTED_EDGE('',*,*,#5207,.F.);
#5207 = EDGE_CURVE('',#2875,#5185,#5208,.T.);
#5208 = SURFACE_CURVE('',#5209,(#5213,#5220),.PCURVE_S1.);
#5209 = LINE('',#5210,#5211);
#5210 = CARTESIAN_POINT('',(12.,1.25,-8.));
#5211 = VECTOR('',#5212,1.);
#5212 = DIRECTION('',(0.,0.,1.));
#5213 = PCURVE('',#2358,#5214);
#5214 = DEFINITIONAL_REPRESENTATION('',(#5215),#5219);
#5215 = LINE('',#5216,#5217);
#5216 = CARTESIAN_POINT('',(0.,1.));
#5217 = VECTOR('',#5218,1.);
#5218 = DIRECTION('',(1.,0.));
#5219 = ( GEOMETRIC_REPRESENTATION_CONTEXT(2)
PARAMETRIC_REPRESENTATION_CONTEXT() REPRESENTATION_CONTEXT('2D SPACE',''
  ) );
#5220 = PCURVE('',#2912,#5221);
#5221 = DEFINITIONAL_REPRESENTATION('',(#5222),#5226);
#5222 = LINE('',#5223,#5224);
#5223 = CARTESIAN_POINT('',(0.,-2.5));
#5224 = VECTOR('',#5225,1.);
#5225 = DIRECTION('',(1.,0.));
#5226 = ( GEOMETRIC_REPRESENTATION_CONTEXT(2)
PARAMETRIC_REPRESENTATION_CONTEXT() REPRESENTATION_CONTEXT('2D SPACE',''
  ) );
#5227 = ORIENTED_EDGE('',*,*,#2874,.F.);
#5228 = ADVANCED_FACE('',(#5229),#2332,.F.);
#5229 = FACE_BOUND('',#5230,.F.);
#5230 = EDGE_LOOP('',(#5231,#5252,#5253,#5254));
#5231 = ORIENTED_EDGE('',*,*,#5232,.F.);
#5232 = EDGE_CURVE('',#3209,#5162,#5233,.T.);
#5233 = SURFACE_CURVE('',#5234,(#5238,#5245),.PCURVE_S1.);
#5234 = LINE('',#5235,#5236);
#5235 = CARTESIAN_POINT('',(11.,-1.25,-6.08));
#5236 = VECTOR('',#5237,1.);
#5237 = DIRECTION('',(0.,1.,0.));
#5238 = PCURVE('',#2332,#5239);
#5239 = DEFINITIONAL_REPRESENTATION('',(#5240),#5244);
#5240 = LINE('',#5241,#5242);
#5241 = CARTESIAN_POINT('',(1.92,0.));
#5242 = VECTOR('',#5243,1.);
#5243 = DIRECTION('',(0.,-1.));
#5244 = ( GEOMETRIC_REPRESENTATION_CONTEXT(2)
PARAMETRIC_REPRESENTATION_CONTEXT() REPRESENTATION_CONTEXT('2D SPACE',''
  ) );
#5245 = PCURVE('',#3244,#5246);
#5246 = DEFINITIONAL_REPRESENTATION('',(#5247),#5251);
#5247 = LINE('',#5248,#5249);
#5248 = CARTESIAN_POINT('',(0.,0.));
#5249 = VECTOR('',#5250,1.);
#5250 = DIRECTION('',(0.,1.));
#5251 = ( GEOMETRIC_REPRESENTATION_CONTEXT(2)
PARAMETRIC_REPRESENTATION_CONTEXT() REPRESENTATION_CONTEXT('2D SPACE',''
  ) );
#5252 = ORIENTED_EDGE('',*,*,#3208,.F.);
#5253 = ORIENTED_EDGE('',*,*,#2316,.T.);
#5254 = ORIENTED_EDGE('',*,*,#5161,.T.);
#5255 = ADVANCED_FACE('',(#5256),#2811,.T.);
#5256 = FACE_BOUND('',#5257,.T.);
#5257 = EDGE_LOOP('',(#5258,#5259,#5260,#5261,#5262));
#5258 = ORIENTED_EDGE('',*,*,#5135,.F.);
#5259 = ORIENTED_EDGE('',*,*,#2850,.T.);
#5260 = ORIENTED_EDGE('',*,*,#2797,.T.);
#5261 = ORIENTED_EDGE('',*,*,#5036,.T.);
#5262 = ORIENTED_EDGE('',*,*,#5263,.F.);
#5263 = EDGE_CURVE('',#5113,#5009,#5264,.T.);
#5264 = SURFACE_CURVE('',#5265,(#5269,#5276),.PCURVE_S1.);
#5265 = LINE('',#5266,#5267);
#5266 = CARTESIAN_POINT('',(-4.917468245269,11.017304845413,-6.08));
#5267 = VECTOR('',#5268,1.);
#5268 = DIRECTION('',(-0.866025403784,-0.5,0.));
#5269 = PCURVE('',#2811,#5270);
#5270 = DEFINITIONAL_REPRESENTATION('',(#5271),#5275);
#5271 = LINE('',#5272,#5273);
#5272 = CARTESIAN_POINT('',(1.92,0.));
#5273 = VECTOR('',#5274,1.);
#5274 = DIRECTION('',(0.,-1.));
#5275 = ( GEOMETRIC_REPRESENTATION_CONTEXT(2)
PARAMETRIC_REPRESENTATION_CONTEXT() REPRESENTATION_CONTEXT('2D SPACE',''
  ) );
#5276 = PCURVE('',#5024,#5277);
#5277 = DEFINITIONAL_REPRESENTATION('',(#5278),#5282);
#5278 = LINE('',#5279,#5280);
#5279 = CARTESIAN_POINT('',(1.,-5.551115123126E-17));
#5280 = VECTOR('',#5281,1.);
#5281 = DIRECTION('',(2.231125221501E-17,1.));
#5282 = ( GEOMETRIC_REPRESENTATION_CONTEXT(2)
PARAMETRIC_REPRESENTATION_CONTEXT() REPRESENTATION_CONTEXT('2D SPACE',''
  ) );
#5283 = ADVANCED_FACE('',(#5284),#2912,.T.);
#5284 = FACE_BOUND('',#5285,.T.);
#5285 = EDGE_LOOP('',(#5286,#5307,#5308,#5309));
#5286 = ORIENTED_EDGE('',*,*,#5287,.F.);
#5287 = EDGE_CURVE('',#3230,#5185,#5288,.T.);
#5288 = SURFACE_CURVE('',#5289,(#5293,#5300),.PCURVE_S1.);
#5289 = LINE('',#5290,#5291);
#5290 = CARTESIAN_POINT('',(12.,-1.25,-6.08));
#5291 = VECTOR('',#5292,1.);
#5292 = DIRECTION('',(0.,1.,0.));
#5293 = PCURVE('',#2912,#5294);
#5294 = DEFINITIONAL_REPRESENTATION('',(#5295),#5299);
#5295 = LINE('',#5296,#5297);
#5296 = CARTESIAN_POINT('',(1.92,0.));
#5297 = VECTOR('',#5298,1.);
#5298 = DIRECTION('',(0.,-1.));
#5299 = ( GEOMETRIC_REPRESENTATION_CONTEXT(2)
PARAMETRIC_REPRESENTATION_CONTEXT() REPRESENTATION_CONTEXT('2D SPACE',''
  ) );
#5300 = PCURVE('',#3244,#5301);
#5301 = DEFINITIONAL_REPRESENTATION('',(#5302),#5306);
#5302 = LINE('',#5303,#5304);
#5303 = CARTESIAN_POINT('',(1.,0.));
#5304 = VECTOR('',#5305,1.);
#5305 = DIRECTION('',(0.,1.));
#5306 = ( GEOMETRIC_REPRESENTATION_CONTEXT(2)
PARAMETRIC_REPRESENTATION_CONTEXT() REPRESENTATION_CONTEXT('2D SPACE',''
  ) );
#5307 = ORIENTED_EDGE('',*,*,#3255,.F.);
#5308 = ORIENTED_EDGE('',*,*,#2898,.T.);
#5309 = ORIENTED_EDGE('',*,*,#5207,.T.);
#5310 = ADVANCED_FACE('',(#5311),#3244,.T.);
#5311 = FACE_BOUND('',#5312,.T.);
#5312 = EDGE_LOOP('',(#5313,#5314,#5315,#5316));
#5313 = ORIENTED_EDGE('',*,*,#5232,.F.);
#5314 = ORIENTED_EDGE('',*,*,#3229,.F.);
#5315 = ORIENTED_EDGE('',*,*,#5287,.T.);
#5316 = ORIENTED_EDGE('',*,*,#5184,.F.);
#5317 = ADVANCED_FACE('',(#5318),#3154,.T.);
#5318 = FACE_BOUND('',#5319,.T.);
#5319 = EDGE_LOOP('',(#5320,#5341,#5342,#5343));
#5320 = ORIENTED_EDGE('',*,*,#5321,.F.);
#5321 = EDGE_CURVE('',#4283,#4679,#5322,.T.);
#5322 = SURFACE_CURVE('',#5323,(#5327,#5334),.PCURVE_S1.);
#5323 = LINE('',#5324,#5325);
#5324 = CARTESIAN_POINT('',(4.2,1.25,-6.5));
#5325 = VECTOR('',#5326,1.);
#5326 = DIRECTION('',(1.,0.,0.));
#5327 = PCURVE('',#3154,#5328);
#5328 = DEFINITIONAL_REPRESENTATION('',(#5329),#5333);
#5329 = LINE('',#5330,#5331);
#5330 = CARTESIAN_POINT('',(0.,2.5));
#5331 = VECTOR('',#5332,1.);
#5332 = DIRECTION('',(1.,0.));
#5333 = ( GEOMETRIC_REPRESENTATION_CONTEXT(2)
PARAMETRIC_REPRESENTATION_CONTEXT() REPRESENTATION_CONTEXT('2D SPACE',''
  ) );
#5334 = PCURVE('',#4326,#5335);
#5335 = DEFINITIONAL_REPRESENTATION('',(#5336),#5340);
#5336 = LINE('',#5337,#5338);
#5337 = CARTESIAN_POINT('',(0.,0.));
#5338 = VECTOR('',#5339,1.);
#5339 = DIRECTION('',(0.,1.));
#5340 = ( GEOMETRIC_REPRESENTATION_CONTEXT(2)
PARAMETRIC_REPRESENTATION_CONTEXT() REPRESENTATION_CONTEXT('2D SPACE',''
  ) );
#5341 = ORIENTED_EDGE('',*,*,#4282,.T.);
#5342 = ORIENTED_EDGE('',*,*,#3139,.F.);
#5343 = ORIENTED_EDGE('',*,*,#4678,.F.);
#5344 = ADVANCED_FACE('',(#5345),#3105,.T.);
#5345 = FACE_BOUND('',#5346,.T.);
#5346 = EDGE_LOOP('',(#5347,#5370,#5391,#5392));
#5347 = ORIENTED_EDGE('',*,*,#5348,.F.);
#5348 = EDGE_CURVE('',#5349,#3307,#5351,.T.);
#5349 = VERTEX_POINT('',#5350);
#5350 = CARTESIAN_POINT('',(2.15,1.,-8.));
#5351 = SURFACE_CURVE('',#5352,(#5356,#5363),.PCURVE_S1.);
#5352 = LINE('',#5353,#5354);
#5353 = CARTESIAN_POINT('',(2.15,1.,-8.));
#5354 = VECTOR('',#5355,1.);
#5355 = DIRECTION('',(1.,0.,0.));
#5356 = PCURVE('',#3105,#5357);
#5357 = DEFINITIONAL_REPRESENTATION('',(#5358),#5362);
#5358 = LINE('',#5359,#5360);
#5359 = CARTESIAN_POINT('',(0.,2.));
#5360 = VECTOR('',#5361,1.);
#5361 = DIRECTION('',(1.,0.));
#5362 = ( GEOMETRIC_REPRESENTATION_CONTEXT(2)
PARAMETRIC_REPRESENTATION_CONTEXT() REPRESENTATION_CONTEXT('2D SPACE',''
  ) );
#5363 = PCURVE('',#3322,#5364);
#5364 = DEFINITIONAL_REPRESENTATION('',(#5365),#5369);
#5365 = LINE('',#5366,#5367);
#5366 = CARTESIAN_POINT('',(1.,0.));
#5367 = VECTOR('',#5368,1.);
#5368 = DIRECTION('',(0.,1.));
#5369 = ( GEOMETRIC_REPRESENTATION_CONTEXT(2)
PARAMETRIC_REPRESENTATION_CONTEXT() REPRESENTATION_CONTEXT('2D SPACE',''
  ) );
#5370 = ORIENTED_EDGE('',*,*,#5371,.F.);
#5371 = EDGE_CURVE('',#3065,#5349,#5372,.T.);
#5372 = SURFACE_CURVE('',#5373,(#5377,#5384),.PCURVE_S1.);
#5373 = LINE('',#5374,#5375);
#5374 = CARTESIAN_POINT('',(2.15,-1.,-8.));
#5375 = VECTOR('',#5376,1.);
#5376 = DIRECTION('',(0.,1.,0.));
#5377 = PCURVE('',#3105,#5378);
#5378 = DEFINITIONAL_REPRESENTATION('',(#5379),#5383);
#5379 = LINE('',#5380,#5381);
#5380 = CARTESIAN_POINT('',(0.,0.));
#5381 = VECTOR('',#5382,1.);
#5382 = DIRECTION('',(0.,1.));
#5383 = ( GEOMETRIC_REPRESENTATION_CONTEXT(2)
PARAMETRIC_REPRESENTATION_CONTEXT() REPRESENTATION_CONTEXT('2D SPACE',''
  ) );
#5384 = PCURVE('',#3079,#5385);
#5385 = DEFINITIONAL_REPRESENTATION('',(#5386),#5390);
#5386 = LINE('',#5387,#5388);
#5387 = CARTESIAN_POINT('',(1.,0.));
#5388 = VECTOR('',#5389,1.);
#5389 = DIRECTION('',(0.,-1.));
#5390 = ( GEOMETRIC_REPRESENTATION_CONTEXT(2)
PARAMETRIC_REPRESENTATION_CONTEXT() REPRESENTATION_CONTEXT('2D SPACE',''
  ) );
#5391 = ORIENTED_EDGE('',*,*,#3090,.F.);
#5392 = ORIENTED_EDGE('',*,*,#4259,.T.);
#5393 = ADVANCED_FACE('',(#5394),#3079,.F.);
#5394 = FACE_BOUND('',#5395,.F.);
#5395 = EDGE_LOOP('',(#5396,#5397,#5398,#5399));
#5396 = ORIENTED_EDGE('',*,*,#5371,.F.);
#5397 = ORIENTED_EDGE('',*,*,#3064,.F.);
#5398 = ORIENTED_EDGE('',*,*,#3922,.T.);
#5399 = ORIENTED_EDGE('',*,*,#5400,.T.);
#5400 = EDGE_CURVE('',#3923,#5349,#5401,.T.);
#5401 = SURFACE_CURVE('',#5402,(#5406,#5413),.PCURVE_S1.);
#5402 = LINE('',#5403,#5404);
#5403 = CARTESIAN_POINT('',(2.15,1.,-9.));
#5404 = VECTOR('',#5405,1.);
#5405 = DIRECTION('',(0.,0.,1.));
#5406 = PCURVE('',#3079,#5407);
#5407 = DEFINITIONAL_REPRESENTATION('',(#5408),#5412);
#5408 = LINE('',#5409,#5410);
#5409 = CARTESIAN_POINT('',(0.,-2.));
#5410 = VECTOR('',#5411,1.);
#5411 = DIRECTION('',(1.,0.));
#5412 = ( GEOMETRIC_REPRESENTATION_CONTEXT(2)
PARAMETRIC_REPRESENTATION_CONTEXT() REPRESENTATION_CONTEXT('2D SPACE',''
  ) );
#5413 = PCURVE('',#3322,#5414);
#5414 = DEFINITIONAL_REPRESENTATION('',(#5415),#5419);
#5415 = LINE('',#5416,#5417);
#5416 = CARTESIAN_POINT('',(0.,0.));
#5417 = VECTOR('',#5418,1.);
#5418 = DIRECTION('',(1.,0.));
#5419 = ( GEOMETRIC_REPRESENTATION_CONTEXT(2)
PARAMETRIC_REPRESENTATION_CONTEXT() REPRESENTATION_CONTEXT('2D SPACE',''
  ) );
#5420 = ADVANCED_FACE('',(#5421),#2965,.F.);
#5421 = FACE_BOUND('',#5422,.F.);
#5422 = EDGE_LOOP('',(#5423,#5444,#5445,#5446));
#5423 = ORIENTED_EDGE('',*,*,#5424,.F.);
#5424 = EDGE_CURVE('',#3719,#1882,#5425,.T.);
#5425 = SURFACE_CURVE('',#5426,(#5430,#5437),.PCURVE_S1.);
#5426 = LINE('',#5427,#5428);
#5427 = CARTESIAN_POINT('',(2.15,1.,-9.));
#5428 = VECTOR('',#5429,1.);
#5429 = DIRECTION('',(1.,0.,0.));
#5430 = PCURVE('',#2965,#5431);
#5431 = DEFINITIONAL_REPRESENTATION('',(#5432),#5436);
#5432 = LINE('',#5433,#5434);
#5433 = CARTESIAN_POINT('',(0.,2.));
#5434 = VECTOR('',#5435,1.);
#5435 = DIRECTION('',(1.,0.));
#5436 = ( GEOMETRIC_REPRESENTATION_CONTEXT(2)
PARAMETRIC_REPRESENTATION_CONTEXT() REPRESENTATION_CONTEXT('2D SPACE',''
  ) );
#5437 = PCURVE('',#3322,#5438);
#5438 = DEFINITIONAL_REPRESENTATION('',(#5439),#5443);
#5439 = LINE('',#5440,#5441);
#5440 = CARTESIAN_POINT('',(0.,0.));
#5441 = VECTOR('',#5442,1.);
#5442 = DIRECTION('',(0.,1.));
#5443 = ( GEOMETRIC_REPRESENTATION_CONTEXT(2)
PARAMETRIC_REPRESENTATION_CONTEXT() REPRESENTATION_CONTEXT('2D SPACE',''
  ) );
#5444 = ORIENTED_EDGE('',*,*,#3718,.F.);
#5445 = ORIENTED_EDGE('',*,*,#2950,.F.);
#5446 = ORIENTED_EDGE('',*,*,#3277,.T.);
#5447 = ADVANCED_FACE('',(#5448),#3372,.F.);
#5448 = FACE_BOUND('',#5449,.F.);
#5449 = EDGE_LOOP('',(#5450,#5451,#5474,#5495,#5496));
#5450 = ORIENTED_EDGE('',*,*,#3967,.F.);
#5451 = ORIENTED_EDGE('',*,*,#5452,.T.);
#5452 = EDGE_CURVE('',#3968,#5453,#5455,.T.);
#5453 = VERTEX_POINT('',#5454);
#5454 = CARTESIAN_POINT('',(1.941025403784,1.361954618137,-8.));
#5455 = SURFACE_CURVE('',#5456,(#5460,#5467),.PCURVE_S1.);
#5456 = LINE('',#5457,#5458);
#5457 = CARTESIAN_POINT('',(1.941025403784,1.361954618137,-9.));
#5458 = VECTOR('',#5459,1.);
#5459 = DIRECTION('',(0.,0.,1.));
#5460 = PCURVE('',#3372,#5461);
#5461 = DEFINITIONAL_REPRESENTATION('',(#5462),#5466);
#5462 = LINE('',#5463,#5464);
#5463 = CARTESIAN_POINT('',(0.,0.));
#5464 = VECTOR('',#5465,1.);
#5465 = DIRECTION('',(1.,0.));
#5466 = ( GEOMETRIC_REPRESENTATION_CONTEXT(2)
PARAMETRIC_REPRESENTATION_CONTEXT() REPRESENTATION_CONTEXT('2D SPACE',''
  ) );
#5467 = PCURVE('',#4006,#5468);
#5468 = DEFINITIONAL_REPRESENTATION('',(#5469),#5473);
#5469 = LINE('',#5470,#5471);
#5470 = CARTESIAN_POINT('',(0.,0.));
#5471 = VECTOR('',#5472,1.);
#5472 = DIRECTION('',(1.,0.));
#5473 = ( GEOMETRIC_REPRESENTATION_CONTEXT(2)
PARAMETRIC_REPRESENTATION_CONTEXT() REPRESENTATION_CONTEXT('2D SPACE',''
  ) );
#5474 = ORIENTED_EDGE('',*,*,#5475,.T.);
#5475 = EDGE_CURVE('',#5453,#3335,#5476,.T.);
#5476 = SURFACE_CURVE('',#5477,(#5481,#5488),.PCURVE_S1.);
#5477 = LINE('',#5478,#5479);
#5478 = CARTESIAN_POINT('',(1.941025403784,1.361954618137,-8.));
#5479 = VECTOR('',#5480,1.);
#5480 = DIRECTION('',(0.5,0.866025403784,0.));
#5481 = PCURVE('',#3372,#5482);
#5482 = DEFINITIONAL_REPRESENTATION('',(#5483),#5487);
#5483 = LINE('',#5484,#5485);
#5484 = CARTESIAN_POINT('',(1.,0.));
#5485 = VECTOR('',#5486,1.);
#5486 = DIRECTION('',(0.,1.));
#5487 = ( GEOMETRIC_REPRESENTATION_CONTEXT(2)
PARAMETRIC_REPRESENTATION_CONTEXT() REPRESENTATION_CONTEXT('2D SPACE',''
  ) );
#5488 = PCURVE('',#4467,#5489);
#5489 = DEFINITIONAL_REPRESENTATION('',(#5490),#5494);
#5490 = LINE('',#5491,#5492);
#5491 = CARTESIAN_POINT('',(0.,0.));
#5492 = VECTOR('',#5493,1.);
#5493 = DIRECTION('',(1.,1.487416814334E-17));
#5494 = ( GEOMETRIC_REPRESENTATION_CONTEXT(2)
PARAMETRIC_REPRESENTATION_CONTEXT() REPRESENTATION_CONTEXT('2D SPACE',''
  ) );
#5495 = ORIENTED_EDGE('',*,*,#3358,.T.);
#5496 = ORIENTED_EDGE('',*,*,#5497,.F.);
#5497 = EDGE_CURVE('',#3743,#1859,#5498,.T.);
#5498 = SURFACE_CURVE('',#5499,(#5503,#5510),.PCURVE_S1.);
#5499 = LINE('',#5500,#5501);
#5500 = CARTESIAN_POINT('',(1.941025403784,1.361954618137,-9.));
#5501 = VECTOR('',#5502,1.);
#5502 = DIRECTION('',(0.5,0.866025403784,0.));
#5503 = PCURVE('',#3372,#5504);
#5504 = DEFINITIONAL_REPRESENTATION('',(#5505),#5509);
#5505 = LINE('',#5506,#5507);
#5506 = CARTESIAN_POINT('',(0.,0.));
#5507 = VECTOR('',#5508,1.);
#5508 = DIRECTION('',(0.,1.));
#5509 = ( GEOMETRIC_REPRESENTATION_CONTEXT(2)
PARAMETRIC_REPRESENTATION_CONTEXT() REPRESENTATION_CONTEXT('2D SPACE',''
  ) );
#5510 = PCURVE('',#3402,#5511);
#5511 = DEFINITIONAL_REPRESENTATION('',(#5512),#5516);
#5512 = LINE('',#5513,#5514);
#5513 = CARTESIAN_POINT('',(0.,0.));
#5514 = VECTOR('',#5515,1.);
#5515 = DIRECTION('',(1.,1.487416814334E-17));
#5516 = ( GEOMETRIC_REPRESENTATION_CONTEXT(2)
PARAMETRIC_REPRESENTATION_CONTEXT() REPRESENTATION_CONTEXT('2D SPACE',''
  ) );
#5517 = ADVANCED_FACE('',(#5518),#3322,.T.);
#5518 = FACE_BOUND('',#5519,.T.);
#5519 = EDGE_LOOP('',(#5520,#5521,#5522,#5523,#5524));
#5520 = ORIENTED_EDGE('',*,*,#3945,.F.);
#5521 = ORIENTED_EDGE('',*,*,#5400,.T.);
#5522 = ORIENTED_EDGE('',*,*,#5348,.T.);
#5523 = ORIENTED_EDGE('',*,*,#3306,.T.);
#5524 = ORIENTED_EDGE('',*,*,#5424,.F.);
#5525 = ADVANCED_FACE('',(#5526),#3402,.F.);
#5526 = FACE_BOUND('',#5527,.F.);
#5527 = EDGE_LOOP('',(#5528,#5549,#5550,#5551));
#5528 = ORIENTED_EDGE('',*,*,#5529,.F.);
#5529 = EDGE_CURVE('',#3767,#1779,#5530,.T.);
#5530 = SURFACE_CURVE('',#5531,(#5535,#5542),.PCURVE_S1.);
#5531 = LINE('',#5532,#5533);
#5532 = CARTESIAN_POINT('',(0.208974596216,2.361954618137,-9.));
#5533 = VECTOR('',#5534,1.);
#5534 = DIRECTION('',(0.5,0.866025403784,0.));
#5535 = PCURVE('',#3402,#5536);
#5536 = DEFINITIONAL_REPRESENTATION('',(#5537),#5541);
#5537 = LINE('',#5538,#5539);
#5538 = CARTESIAN_POINT('',(1.407706387492E-16,2.));
#5539 = VECTOR('',#5540,1.);
#5540 = DIRECTION('',(1.,1.487416814334E-17));
#5541 = ( GEOMETRIC_REPRESENTATION_CONTEXT(2)
PARAMETRIC_REPRESENTATION_CONTEXT() REPRESENTATION_CONTEXT('2D SPACE',''
  ) );
#5542 = PCURVE('',#3437,#5543);
#5543 = DEFINITIONAL_REPRESENTATION('',(#5544),#5548);
#5544 = LINE('',#5545,#5546);
#5545 = CARTESIAN_POINT('',(0.,0.));
#5546 = VECTOR('',#5547,1.);
#5547 = DIRECTION('',(0.,1.));
#5548 = ( GEOMETRIC_REPRESENTATION_CONTEXT(2)
PARAMETRIC_REPRESENTATION_CONTEXT() REPRESENTATION_CONTEXT('2D SPACE',''
  ) );
#5549 = ORIENTED_EDGE('',*,*,#3766,.F.);
#5550 = ORIENTED_EDGE('',*,*,#5497,.T.);
#5551 = ORIENTED_EDGE('',*,*,#3387,.T.);
#5552 = ADVANCED_FACE('',(#5553),#3487,.F.);
#5553 = FACE_BOUND('',#5554,.F.);
#5554 = EDGE_LOOP('',(#5555,#5556,#5579,#5600,#5601));
#5555 = ORIENTED_EDGE('',*,*,#4040,.F.);
#5556 = ORIENTED_EDGE('',*,*,#5557,.T.);
#5557 = EDGE_CURVE('',#4041,#5558,#5560,.T.);
#5558 = VERTEX_POINT('',#5559);
#5559 = CARTESIAN_POINT('',(-0.208974596216,2.361954618137,-8.));
#5560 = SURFACE_CURVE('',#5561,(#5565,#5572),.PCURVE_S1.);
#5561 = LINE('',#5562,#5563);
#5562 = CARTESIAN_POINT('',(-0.208974596216,2.361954618137,-9.));
#5563 = VECTOR('',#5564,1.);
#5564 = DIRECTION('',(0.,0.,1.));
#5565 = PCURVE('',#3487,#5566);
#5566 = DEFINITIONAL_REPRESENTATION('',(#5567),#5571);
#5567 = LINE('',#5568,#5569);
#5568 = CARTESIAN_POINT('',(0.,0.));
#5569 = VECTOR('',#5570,1.);
#5570 = DIRECTION('',(1.,0.));
#5571 = ( GEOMETRIC_REPRESENTATION_CONTEXT(2)
PARAMETRIC_REPRESENTATION_CONTEXT() REPRESENTATION_CONTEXT('2D SPACE',''
  ) );
#5572 = PCURVE('',#4079,#5573);
#5573 = DEFINITIONAL_REPRESENTATION('',(#5574),#5578);
#5574 = LINE('',#5575,#5576);
#5575 = CARTESIAN_POINT('',(0.,0.));
#5576 = VECTOR('',#5577,1.);
#5577 = DIRECTION('',(1.,0.));
#5578 = ( GEOMETRIC_REPRESENTATION_CONTEXT(2)
PARAMETRIC_REPRESENTATION_CONTEXT() REPRESENTATION_CONTEXT('2D SPACE',''
  ) );
#5579 = ORIENTED_EDGE('',*,*,#5580,.T.);
#5580 = EDGE_CURVE('',#5558,#3450,#5581,.T.);
#5581 = SURFACE_CURVE('',#5582,(#5586,#5593),.PCURVE_S1.);
#5582 = LINE('',#5583,#5584);
#5583 = CARTESIAN_POINT('',(-0.208974596216,2.361954618137,-8.));
#5584 = VECTOR('',#5585,1.);
#5585 = DIRECTION('',(-0.5,0.866025403784,0.));
#5586 = PCURVE('',#3487,#5587);
#5587 = DEFINITIONAL_REPRESENTATION('',(#5588),#5592);
#5588 = LINE('',#5589,#5590);
#5589 = CARTESIAN_POINT('',(1.,0.));
#5590 = VECTOR('',#5591,1.);
#5591 = DIRECTION('',(0.,1.));
#5592 = ( GEOMETRIC_REPRESENTATION_CONTEXT(2)
PARAMETRIC_REPRESENTATION_CONTEXT() REPRESENTATION_CONTEXT('2D SPACE',''
  ) );
#5593 = PCURVE('',#4439,#5594);
#5594 = DEFINITIONAL_REPRESENTATION('',(#5595),#5599);
#5595 = LINE('',#5596,#5597);
#5596 = CARTESIAN_POINT('',(0.,0.));
#5597 = VECTOR('',#5598,1.);
#5598 = DIRECTION('',(1.,2.231125221501E-17));
#5599 = ( GEOMETRIC_REPRESENTATION_CONTEXT(2)
PARAMETRIC_REPRESENTATION_CONTEXT() REPRESENTATION_CONTEXT('2D SPACE',''
  ) );
#5600 = ORIENTED_EDGE('',*,*,#3473,.T.);
#5601 = ORIENTED_EDGE('',*,*,#5602,.F.);
#5602 = EDGE_CURVE('',#3791,#1756,#5603,.T.);
#5603 = SURFACE_CURVE('',#5604,(#5608,#5615),.PCURVE_S1.);
#5604 = LINE('',#5605,#5606);
#5605 = CARTESIAN_POINT('',(-0.208974596216,2.361954618137,-9.));
#5606 = VECTOR('',#5607,1.);
#5607 = DIRECTION('',(-0.5,0.866025403784,0.));
#5608 = PCURVE('',#3487,#5609);
#5609 = DEFINITIONAL_REPRESENTATION('',(#5610),#5614);
#5610 = LINE('',#5611,#5612);
#5611 = CARTESIAN_POINT('',(0.,0.));
#5612 = VECTOR('',#5613,1.);
#5613 = DIRECTION('',(0.,1.));
#5614 = ( GEOMETRIC_REPRESENTATION_CONTEXT(2)
PARAMETRIC_REPRESENTATION_CONTEXT() REPRESENTATION_CONTEXT('2D SPACE',''
  ) );
#5615 = PCURVE('',#3517,#5616);
#5616 = DEFINITIONAL_REPRESENTATION('',(#5617),#5621);
#5617 = LINE('',#5618,#5619);
#5618 = CARTESIAN_POINT('',(0.,0.));
#5619 = VECTOR('',#5620,1.);
#5620 = DIRECTION('',(1.,2.231125221501E-17));
#5621 = ( GEOMETRIC_REPRESENTATION_CONTEXT(2)
PARAMETRIC_REPRESENTATION_CONTEXT() REPRESENTATION_CONTEXT('2D SPACE',''
  ) );
#5622 = ADVANCED_FACE('',(#5623),#3437,.T.);
#5623 = FACE_BOUND('',#5624,.T.);
#5624 = EDGE_LOOP('',(#5625,#5626,#5649,#5670,#5671));
#5625 = ORIENTED_EDGE('',*,*,#4018,.F.);
#5626 = ORIENTED_EDGE('',*,*,#5627,.T.);
#5627 = EDGE_CURVE('',#3991,#5628,#5630,.T.);
#5628 = VERTEX_POINT('',#5629);
#5629 = CARTESIAN_POINT('',(0.208974596216,2.361954618137,-8.));
#5630 = SURFACE_CURVE('',#5631,(#5635,#5642),.PCURVE_S1.);
#5631 = LINE('',#5632,#5633);
#5632 = CARTESIAN_POINT('',(0.208974596216,2.361954618137,-9.));
#5633 = VECTOR('',#5634,1.);
#5634 = DIRECTION('',(0.,0.,1.));
#5635 = PCURVE('',#3437,#5636);
#5636 = DEFINITIONAL_REPRESENTATION('',(#5637),#5641);
#5637 = LINE('',#5638,#5639);
#5638 = CARTESIAN_POINT('',(0.,0.));
#5639 = VECTOR('',#5640,1.);
#5640 = DIRECTION('',(1.,0.));
#5641 = ( GEOMETRIC_REPRESENTATION_CONTEXT(2)
PARAMETRIC_REPRESENTATION_CONTEXT() REPRESENTATION_CONTEXT('2D SPACE',''
  ) );
#5642 = PCURVE('',#4006,#5643);
#5643 = DEFINITIONAL_REPRESENTATION('',(#5644),#5648);
#5644 = LINE('',#5645,#5646);
#5645 = CARTESIAN_POINT('',(0.,-2.));
#5646 = VECTOR('',#5647,1.);
#5647 = DIRECTION('',(1.,0.));
#5648 = ( GEOMETRIC_REPRESENTATION_CONTEXT(2)
PARAMETRIC_REPRESENTATION_CONTEXT() REPRESENTATION_CONTEXT('2D SPACE',''
  ) );
#5649 = ORIENTED_EDGE('',*,*,#5650,.T.);
#5650 = EDGE_CURVE('',#5628,#3422,#5651,.T.);
#5651 = SURFACE_CURVE('',#5652,(#5656,#5663),.PCURVE_S1.);
#5652 = LINE('',#5653,#5654);
#5653 = CARTESIAN_POINT('',(0.208974596216,2.361954618137,-8.));
#5654 = VECTOR('',#5655,1.);
#5655 = DIRECTION('',(0.5,0.866025403784,0.));
#5656 = PCURVE('',#3437,#5657);
#5657 = DEFINITIONAL_REPRESENTATION('',(#5658),#5662);
#5658 = LINE('',#5659,#5660);
#5659 = CARTESIAN_POINT('',(1.,0.));
#5660 = VECTOR('',#5661,1.);
#5661 = DIRECTION('',(0.,1.));
#5662 = ( GEOMETRIC_REPRESENTATION_CONTEXT(2)
PARAMETRIC_REPRESENTATION_CONTEXT() REPRESENTATION_CONTEXT('2D SPACE',''
  ) );
#5663 = PCURVE('',#4467,#5664);
#5664 = DEFINITIONAL_REPRESENTATION('',(#5665),#5669);
#5665 = LINE('',#5666,#5667);
#5666 = CARTESIAN_POINT('',(1.407706387492E-16,2.));
#5667 = VECTOR('',#5668,1.);
#5668 = DIRECTION('',(1.,1.487416814334E-17));
#5669 = ( GEOMETRIC_REPRESENTATION_CONTEXT(2)
PARAMETRIC_REPRESENTATION_CONTEXT() REPRESENTATION_CONTEXT('2D SPACE',''
  ) );
#5670 = ORIENTED_EDGE('',*,*,#3421,.T.);
#5671 = ORIENTED_EDGE('',*,*,#5529,.F.);
#5672 = ADVANCED_FACE('',(#5673),#3517,.F.);
#5673 = FACE_BOUND('',#5674,.F.);
#5674 = EDGE_LOOP('',(#5675,#5696,#5697,#5698));
#5675 = ORIENTED_EDGE('',*,*,#5676,.F.);
#5676 = EDGE_CURVE('',#3815,#1676,#5677,.T.);
#5677 = SURFACE_CURVE('',#5678,(#5682,#5689),.PCURVE_S1.);
#5678 = LINE('',#5679,#5680);
#5679 = CARTESIAN_POINT('',(-1.941025403784,1.361954618137,-9.));
#5680 = VECTOR('',#5681,1.);
#5681 = DIRECTION('',(-0.5,0.866025403784,0.));
#5682 = PCURVE('',#3517,#5683);
#5683 = DEFINITIONAL_REPRESENTATION('',(#5684),#5688);
#5684 = LINE('',#5685,#5686);
#5685 = CARTESIAN_POINT('',(1.556448068925E-16,2.));
#5686 = VECTOR('',#5687,1.);
#5687 = DIRECTION('',(1.,2.231125221501E-17));
#5688 = ( GEOMETRIC_REPRESENTATION_CONTEXT(2)
PARAMETRIC_REPRESENTATION_CONTEXT() REPRESENTATION_CONTEXT('2D SPACE',''
  ) );
#5689 = PCURVE('',#3552,#5690);
#5690 = DEFINITIONAL_REPRESENTATION('',(#5691),#5695);
#5691 = LINE('',#5692,#5693);
#5692 = CARTESIAN_POINT('',(0.,0.));
#5693 = VECTOR('',#5694,1.);
#5694 = DIRECTION('',(0.,1.));
#5695 = ( GEOMETRIC_REPRESENTATION_CONTEXT(2)
PARAMETRIC_REPRESENTATION_CONTEXT() REPRESENTATION_CONTEXT('2D SPACE',''
  ) );
#5696 = ORIENTED_EDGE('',*,*,#3814,.F.);
#5697 = ORIENTED_EDGE('',*,*,#5602,.T.);
#5698 = ORIENTED_EDGE('',*,*,#3502,.T.);
#5699 = ADVANCED_FACE('',(#5700),#3602,.F.);
#5700 = FACE_BOUND('',#5701,.F.);
#5701 = EDGE_LOOP('',(#5702,#5703,#5704,#5705,#5706));
#5702 = ORIENTED_EDGE('',*,*,#4113,.F.);
#5703 = ORIENTED_EDGE('',*,*,#4185,.T.);
#5704 = ORIENTED_EDGE('',*,*,#4213,.T.);
#5705 = ORIENTED_EDGE('',*,*,#3588,.T.);
#5706 = ORIENTED_EDGE('',*,*,#3670,.F.);
#5707 = ADVANCED_FACE('',(#5708),#3552,.T.);
#5708 = FACE_BOUND('',#5709,.T.);
#5709 = EDGE_LOOP('',(#5710,#5711,#5734,#5755,#5756));
#5710 = ORIENTED_EDGE('',*,*,#4091,.F.);
#5711 = ORIENTED_EDGE('',*,*,#5712,.T.);
#5712 = EDGE_CURVE('',#4064,#5713,#5715,.T.);
#5713 = VERTEX_POINT('',#5714);
#5714 = CARTESIAN_POINT('',(-1.941025403784,1.361954618137,-8.));
#5715 = SURFACE_CURVE('',#5716,(#5720,#5727),.PCURVE_S1.);
#5716 = LINE('',#5717,#5718);
#5717 = CARTESIAN_POINT('',(-1.941025403784,1.361954618137,-9.));
#5718 = VECTOR('',#5719,1.);
#5719 = DIRECTION('',(0.,0.,1.));
#5720 = PCURVE('',#3552,#5721);
#5721 = DEFINITIONAL_REPRESENTATION('',(#5722),#5726);
#5722 = LINE('',#5723,#5724);
#5723 = CARTESIAN_POINT('',(0.,0.));
#5724 = VECTOR('',#5725,1.);
#5725 = DIRECTION('',(1.,0.));
#5726 = ( GEOMETRIC_REPRESENTATION_CONTEXT(2)
PARAMETRIC_REPRESENTATION_CONTEXT() REPRESENTATION_CONTEXT('2D SPACE',''
  ) );
#5727 = PCURVE('',#4079,#5728);
#5728 = DEFINITIONAL_REPRESENTATION('',(#5729),#5733);
#5729 = LINE('',#5730,#5731);
#5730 = CARTESIAN_POINT('',(0.,-2.));
#5731 = VECTOR('',#5732,1.);
#5732 = DIRECTION('',(1.,0.));
#5733 = ( GEOMETRIC_REPRESENTATION_CONTEXT(2)
PARAMETRIC_REPRESENTATION_CONTEXT() REPRESENTATION_CONTEXT('2D SPACE',''
  ) );
#5734 = ORIENTED_EDGE('',*,*,#5735,.T.);
#5735 = EDGE_CURVE('',#5713,#3537,#5736,.T.);
#5736 = SURFACE_CURVE('',#5737,(#5741,#5748),.PCURVE_S1.);
#5737 = LINE('',#5738,#5739);
#5738 = CARTESIAN_POINT('',(-1.941025403784,1.361954618137,-8.));
#5739 = VECTOR('',#5740,1.);
#5740 = DIRECTION('',(-0.5,0.866025403784,0.));
#5741 = PCURVE('',#3552,#5742);
#5742 = DEFINITIONAL_REPRESENTATION('',(#5743),#5747);
#5743 = LINE('',#5744,#5745);
#5744 = CARTESIAN_POINT('',(1.,0.));
#5745 = VECTOR('',#5746,1.);
#5746 = DIRECTION('',(0.,1.));
#5747 = ( GEOMETRIC_REPRESENTATION_CONTEXT(2)
PARAMETRIC_REPRESENTATION_CONTEXT() REPRESENTATION_CONTEXT('2D SPACE',''
  ) );
#5748 = PCURVE('',#4439,#5749);
#5749 = DEFINITIONAL_REPRESENTATION('',(#5750),#5754);
#5750 = LINE('',#5751,#5752);
#5751 = CARTESIAN_POINT('',(1.556448068925E-16,2.));
#5752 = VECTOR('',#5753,1.);
#5753 = DIRECTION('',(1.,2.231125221501E-17));
#5754 = ( GEOMETRIC_REPRESENTATION_CONTEXT(2)
PARAMETRIC_REPRESENTATION_CONTEXT() REPRESENTATION_CONTEXT('2D SPACE',''
  ) );
#5755 = ORIENTED_EDGE('',*,*,#3536,.T.);
#5756 = ORIENTED_EDGE('',*,*,#5676,.F.);
#5757 = ADVANCED_FACE('',(#5758),#4079,.F.);
#5758 = FACE_BOUND('',#5759,.F.);
#5759 = EDGE_LOOP('',(#5760,#5761,#5762,#5763));
#5760 = ORIENTED_EDGE('',*,*,#5557,.F.);
#5761 = ORIENTED_EDGE('',*,*,#4063,.T.);
#5762 = ORIENTED_EDGE('',*,*,#5712,.T.);
#5763 = ORIENTED_EDGE('',*,*,#5764,.F.);
#5764 = EDGE_CURVE('',#5558,#5713,#5765,.T.);
#5765 = SURFACE_CURVE('',#5766,(#5770,#5777),.PCURVE_S1.);
#5766 = LINE('',#5767,#5768);
#5767 = CARTESIAN_POINT('',(-0.208974596216,2.361954618137,-8.));
#5768 = VECTOR('',#5769,1.);
#5769 = DIRECTION('',(-0.866025403784,-0.5,0.));
#5770 = PCURVE('',#4079,#5771);
#5771 = DEFINITIONAL_REPRESENTATION('',(#5772),#5776);
#5772 = LINE('',#5773,#5774);
#5773 = CARTESIAN_POINT('',(1.,0.));
#5774 = VECTOR('',#5775,1.);
#5775 = DIRECTION('',(0.,-1.));
#5776 = ( GEOMETRIC_REPRESENTATION_CONTEXT(2)
PARAMETRIC_REPRESENTATION_CONTEXT() REPRESENTATION_CONTEXT('2D SPACE',''
  ) );
#5777 = PCURVE('',#4439,#5778);
#5778 = DEFINITIONAL_REPRESENTATION('',(#5779),#5783);
#5779 = LINE('',#5780,#5781);
#5780 = CARTESIAN_POINT('',(0.,0.));
#5781 = VECTOR('',#5782,1.);
#5782 = DIRECTION('',(2.231125221501E-17,1.));
#5783 = ( GEOMETRIC_REPRESENTATION_CONTEXT(2)
PARAMETRIC_REPRESENTATION_CONTEXT() REPRESENTATION_CONTEXT('2D SPACE',''
  ) );
#5784 = ADVANCED_FACE('',(#5785),#4006,.F.);
#5785 = FACE_BOUND('',#5786,.F.);
#5786 = EDGE_LOOP('',(#5787,#5788,#5789,#5790));
#5787 = ORIENTED_EDGE('',*,*,#5452,.F.);
#5788 = ORIENTED_EDGE('',*,*,#3990,.T.);
#5789 = ORIENTED_EDGE('',*,*,#5627,.T.);
#5790 = ORIENTED_EDGE('',*,*,#5791,.F.);
#5791 = EDGE_CURVE('',#5453,#5628,#5792,.T.);
#5792 = SURFACE_CURVE('',#5793,(#5797,#5804),.PCURVE_S1.);
#5793 = LINE('',#5794,#5795);
#5794 = CARTESIAN_POINT('',(1.941025403784,1.361954618137,-8.));
#5795 = VECTOR('',#5796,1.);
#5796 = DIRECTION('',(-0.866025403784,0.5,0.));
#5797 = PCURVE('',#4006,#5798);
#5798 = DEFINITIONAL_REPRESENTATION('',(#5799),#5803);
#5799 = LINE('',#5800,#5801);
#5800 = CARTESIAN_POINT('',(1.,0.));
#5801 = VECTOR('',#5802,1.);
#5802 = DIRECTION('',(0.,-1.));
#5803 = ( GEOMETRIC_REPRESENTATION_CONTEXT(2)
PARAMETRIC_REPRESENTATION_CONTEXT() REPRESENTATION_CONTEXT('2D SPACE',''
  ) );
#5804 = PCURVE('',#4467,#5805);
#5805 = DEFINITIONAL_REPRESENTATION('',(#5806),#5810);
#5806 = LINE('',#5807,#5808);
#5807 = CARTESIAN_POINT('',(0.,0.));
#5808 = VECTOR('',#5809,1.);
#5809 = DIRECTION('',(1.487416814334E-17,1.));
#5810 = ( GEOMETRIC_REPRESENTATION_CONTEXT(2)
PARAMETRIC_REPRESENTATION_CONTEXT() REPRESENTATION_CONTEXT('2D SPACE',''
  ) );
#5811 = ADVANCED_FACE('',(#5812),#4467,.T.);
#5812 = FACE_BOUND('',#5813,.T.);
#5813 = EDGE_LOOP('',(#5814,#5815,#5816,#5817));
#5814 = ORIENTED_EDGE('',*,*,#5650,.F.);
#5815 = ORIENTED_EDGE('',*,*,#5791,.F.);
#5816 = ORIENTED_EDGE('',*,*,#5475,.T.);
#5817 = ORIENTED_EDGE('',*,*,#4452,.T.);
#5818 = ADVANCED_FACE('',(#5819),#4439,.T.);
#5819 = FACE_BOUND('',#5820,.T.);
#5820 = EDGE_LOOP('',(#5821,#5822,#5823,#5824));
#5821 = ORIENTED_EDGE('',*,*,#5735,.F.);
#5822 = ORIENTED_EDGE('',*,*,#5764,.F.);
#5823 = ORIENTED_EDGE('',*,*,#5580,.T.);
#5824 = ORIENTED_EDGE('',*,*,#4424,.T.);
#5825 = ADVANCED_FACE('',(#5826),#4387,.F.);
#5826 = FACE_BOUND('',#5827,.F.);
#5827 = EDGE_LOOP('',(#5828,#5829,#5848,#5849));
#5828 = ORIENTED_EDGE('',*,*,#4757,.F.);
#5829 = ORIENTED_EDGE('',*,*,#5830,.T.);
#5830 = EDGE_CURVE('',#4730,#4339,#5831,.T.);
#5831 = SURFACE_CURVE('',#5832,(#5836,#5842),.PCURVE_S1.);
#5832 = LINE('',#5833,#5834);
#5833 = CARTESIAN_POINT('',(-12.9,0.,-5.7));
#5834 = VECTOR('',#5835,1.);
#5835 = DIRECTION('',(-1.,0.,0.));
#5836 = PCURVE('',#4387,#5837);
#5837 = DEFINITIONAL_REPRESENTATION('',(#5838),#5841);
#5838 = B_SPLINE_CURVE_WITH_KNOTS('',1,(#5839,#5840),.UNSPECIFIED.,.F.,
  .F.,(2,2),(-18.3,-17.43072841825),.PIECEWISE_BEZIER_KNOTS.);
#5839 = CARTESIAN_POINT('',(59.3,35.4));
#5840 = CARTESIAN_POINT('',(59.3,34.530728418257));
#5841 = ( GEOMETRIC_REPRESENTATION_CONTEXT(2)
PARAMETRIC_REPRESENTATION_CONTEXT() REPRESENTATION_CONTEXT('2D SPACE',''
  ) );
#5842 = PCURVE('',#4355,#5843);
#5843 = DEFINITIONAL_REPRESENTATION('',(#5844),#5847);
#5844 = B_SPLINE_CURVE_WITH_KNOTS('',1,(#5845,#5846),.UNSPECIFIED.,.F.,
  .F.,(2,2),(-18.3,-17.43072841825),.PIECEWISE_BEZIER_KNOTS.);
#5845 = CARTESIAN_POINT('',(1.2,1.25));
#5846 = CARTESIAN_POINT('',(0.330728418257,1.25));
#5847 = ( GEOMETRIC_REPRESENTATION_CONTEXT(2)
PARAMETRIC_REPRESENTATION_CONTEXT() REPRESENTATION_CONTEXT('2D SPACE',''
  ) );
#5848 = ORIENTED_EDGE('',*,*,#4371,.T.);
#5849 = ORIENTED_EDGE('',*,*,#4607,.F.);
#5850 = ADVANCED_FACE('',(#5851),#4355,.F.);
#5851 = FACE_BOUND('',#5852,.F.);
#5852 = EDGE_LOOP('',(#5853,#5874,#5875,#5876));
#5853 = ORIENTED_EDGE('',*,*,#5854,.F.);
#5854 = EDGE_CURVE('',#4311,#4707,#5855,.T.);
#5855 = SURFACE_CURVE('',#5856,(#5860,#5867),.PCURVE_S1.);
#5856 = LINE('',#5857,#5858);
#5857 = CARTESIAN_POINT('',(4.2,1.25,-5.7));
#5858 = VECTOR('',#5859,1.);
#5859 = DIRECTION('',(1.,0.,0.));
#5860 = PCURVE('',#4355,#5861);
#5861 = DEFINITIONAL_REPRESENTATION('',(#5862),#5866);
#5862 = LINE('',#5863,#5864);
#5863 = CARTESIAN_POINT('',(0.,2.5));
#5864 = VECTOR('',#5865,1.);
#5865 = DIRECTION('',(1.,0.));
#5866 = ( GEOMETRIC_REPRESENTATION_CONTEXT(2)
PARAMETRIC_REPRESENTATION_CONTEXT() REPRESENTATION_CONTEXT('2D SPACE',''
  ) );
#5867 = PCURVE('',#4326,#5868);
#5868 = DEFINITIONAL_REPRESENTATION('',(#5869),#5873);
#5869 = LINE('',#5870,#5871);
#5870 = CARTESIAN_POINT('',(0.8,0.));
#5871 = VECTOR('',#5872,1.);
#5872 = DIRECTION('',(0.,1.));
#5873 = ( GEOMETRIC_REPRESENTATION_CONTEXT(2)
PARAMETRIC_REPRESENTATION_CONTEXT() REPRESENTATION_CONTEXT('2D SPACE',''
  ) );
#5874 = ORIENTED_EDGE('',*,*,#4338,.T.);
#5875 = ORIENTED_EDGE('',*,*,#5830,.F.);
#5876 = ORIENTED_EDGE('',*,*,#4729,.F.);
#5877 = ADVANCED_FACE('',(#5878),#4326,.F.);
#5878 = FACE_BOUND('',#5879,.F.);
#5879 = EDGE_LOOP('',(#5880,#5881,#5882,#5883));
#5880 = ORIENTED_EDGE('',*,*,#5321,.F.);
#5881 = ORIENTED_EDGE('',*,*,#4310,.F.);
#5882 = ORIENTED_EDGE('',*,*,#5854,.T.);
#5883 = ORIENTED_EDGE('',*,*,#4706,.T.);
#5884 = ADVANCED_FACE('',(#5885),#4501,.F.);
#5885 = FACE_BOUND('',#5886,.F.);
#5886 = EDGE_LOOP('',(#5887,#5908,#5909,#5930));
#5887 = ORIENTED_EDGE('',*,*,#5888,.F.);
#5888 = EDGE_CURVE('',#4483,#4852,#5889,.T.);
#5889 = SURFACE_CURVE('',#5890,(#5894,#5901),.PCURVE_S1.);
#5890 = LINE('',#5891,#5892);
#5891 = CARTESIAN_POINT('',(-3.182531754731,3.012306695895,-5.7));
#5892 = VECTOR('',#5893,1.);
#5893 = DIRECTION('',(-0.5,0.866025403784,0.));
#5894 = PCURVE('',#4501,#5895);
#5895 = DEFINITIONAL_REPRESENTATION('',(#5896),#5900);
#5896 = LINE('',#5897,#5898);
#5897 = CARTESIAN_POINT('',(8.353370615314E-17,2.5));
#5898 = VECTOR('',#5899,1.);
#5899 = DIRECTION('',(1.,2.231125221501E-17));
#5900 = ( GEOMETRIC_REPRESENTATION_CONTEXT(2)
PARAMETRIC_REPRESENTATION_CONTEXT() REPRESENTATION_CONTEXT('2D SPACE',''
  ) );
#5901 = PCURVE('',#4592,#5902);
#5902 = DEFINITIONAL_REPRESENTATION('',(#5903),#5907);
#5903 = LINE('',#5904,#5905);
#5904 = CARTESIAN_POINT('',(0.8,0.));
#5905 = VECTOR('',#5906,1.);
#5906 = DIRECTION('',(0.,1.));
#5907 = ( GEOMETRIC_REPRESENTATION_CONTEXT(2)
PARAMETRIC_REPRESENTATION_CONTEXT() REPRESENTATION_CONTEXT('2D SPACE',''
  ) );
#5908 = ORIENTED_EDGE('',*,*,#4482,.T.);
#5909 = ORIENTED_EDGE('',*,*,#5910,.T.);
#5910 = EDGE_CURVE('',#4485,#4854,#5911,.T.);
#5911 = SURFACE_CURVE('',#5912,(#5916,#5923),.PCURVE_S1.);
#5912 = LINE('',#5913,#5914);
#5913 = CARTESIAN_POINT('',(-1.017468245269,4.262306695895,-5.7));
#5914 = VECTOR('',#5915,1.);
#5915 = DIRECTION('',(-0.5,0.866025403784,0.));
#5916 = PCURVE('',#4501,#5917);
#5917 = DEFINITIONAL_REPRESENTATION('',(#5918),#5922);
#5918 = LINE('',#5919,#5920);
#5919 = CARTESIAN_POINT('',(0.,0.));
#5920 = VECTOR('',#5921,1.);
#5921 = DIRECTION('',(1.,2.231125221501E-17));
#5922 = ( GEOMETRIC_REPRESENTATION_CONTEXT(2)
PARAMETRIC_REPRESENTATION_CONTEXT() REPRESENTATION_CONTEXT('2D SPACE',''
  ) );
#5923 = PCURVE('',#4533,#5924);
#5924 = DEFINITIONAL_REPRESENTATION('',(#5925),#5929);
#5925 = LINE('',#5926,#5927);
#5926 = CARTESIAN_POINT('',(0.8,0.));
#5927 = VECTOR('',#5928,1.);
#5928 = DIRECTION('',(0.,1.));
#5929 = ( GEOMETRIC_REPRESENTATION_CONTEXT(2)
PARAMETRIC_REPRESENTATION_CONTEXT() REPRESENTATION_CONTEXT('2D SPACE',''
  ) );
#5930 = ORIENTED_EDGE('',*,*,#4851,.F.);
#5931 = ADVANCED_FACE('',(#5932),#4592,.F.);
#5932 = FACE_BOUND('',#5933,.F.);
#5933 = EDGE_LOOP('',(#5934,#5955,#5956,#5957));
#5934 = ORIENTED_EDGE('',*,*,#5935,.F.);
#5935 = EDGE_CURVE('',#4546,#4905,#5936,.T.);
#5936 = SURFACE_CURVE('',#5937,(#5941,#5948),.PCURVE_S1.);
#5937 = LINE('',#5938,#5939);
#5938 = CARTESIAN_POINT('',(-3.182531754731,3.012306695895,-6.5));
#5939 = VECTOR('',#5940,1.);
#5940 = DIRECTION('',(-0.5,0.866025403784,0.));
#5941 = PCURVE('',#4592,#5942);
#5942 = DEFINITIONAL_REPRESENTATION('',(#5943),#5947);
#5943 = LINE('',#5944,#5945);
#5944 = CARTESIAN_POINT('',(0.,0.));
#5945 = VECTOR('',#5946,1.);
#5946 = DIRECTION('',(0.,1.));
#5947 = ( GEOMETRIC_REPRESENTATION_CONTEXT(2)
PARAMETRIC_REPRESENTATION_CONTEXT() REPRESENTATION_CONTEXT('2D SPACE',''
  ) );
#5948 = PCURVE('',#4562,#5949);
#5949 = DEFINITIONAL_REPRESENTATION('',(#5950),#5954);
#5950 = LINE('',#5951,#5952);
#5951 = CARTESIAN_POINT('',(8.353370615314E-17,2.5));
#5952 = VECTOR('',#5953,1.);
#5953 = DIRECTION('',(1.,2.231125221501E-17));
#5954 = ( GEOMETRIC_REPRESENTATION_CONTEXT(2)
PARAMETRIC_REPRESENTATION_CONTEXT() REPRESENTATION_CONTEXT('2D SPACE',''
  ) );
#5955 = ORIENTED_EDGE('',*,*,#4578,.F.);
#5956 = ORIENTED_EDGE('',*,*,#5888,.T.);
#5957 = ORIENTED_EDGE('',*,*,#4932,.T.);
#5958 = ADVANCED_FACE('',(#5959),#4533,.T.);
#5959 = FACE_BOUND('',#5960,.T.);
#5960 = EDGE_LOOP('',(#5961,#5982,#5983,#5984));
#5961 = ORIENTED_EDGE('',*,*,#5962,.F.);
#5962 = EDGE_CURVE('',#4518,#4882,#5963,.T.);
#5963 = SURFACE_CURVE('',#5964,(#5968,#5975),.PCURVE_S1.);
#5964 = LINE('',#5965,#5966);
#5965 = CARTESIAN_POINT('',(-1.017468245269,4.262306695895,-6.5));
#5966 = VECTOR('',#5967,1.);
#5967 = DIRECTION('',(-0.5,0.866025403784,0.));
#5968 = PCURVE('',#4533,#5969);
#5969 = DEFINITIONAL_REPRESENTATION('',(#5970),#5974);
#5970 = LINE('',#5971,#5972);
#5971 = CARTESIAN_POINT('',(0.,0.));
#5972 = VECTOR('',#5973,1.);
#5973 = DIRECTION('',(0.,1.));
#5974 = ( GEOMETRIC_REPRESENTATION_CONTEXT(2)
PARAMETRIC_REPRESENTATION_CONTEXT() REPRESENTATION_CONTEXT('2D SPACE',''
  ) );
#5975 = PCURVE('',#4562,#5976);
#5976 = DEFINITIONAL_REPRESENTATION('',(#5977),#5981);
#5977 = LINE('',#5978,#5979);
#5978 = CARTESIAN_POINT('',(0.,0.));
#5979 = VECTOR('',#5980,1.);
#5980 = DIRECTION('',(1.,2.231125221501E-17));
#5981 = ( GEOMETRIC_REPRESENTATION_CONTEXT(2)
PARAMETRIC_REPRESENTATION_CONTEXT() REPRESENTATION_CONTEXT('2D SPACE',''
  ) );
#5982 = ORIENTED_EDGE('',*,*,#4517,.F.);
#5983 = ORIENTED_EDGE('',*,*,#5910,.T.);
#5984 = ORIENTED_EDGE('',*,*,#4881,.T.);
#5985 = ADVANCED_FACE('',(#5986),#4562,.T.);
#5986 = FACE_BOUND('',#5987,.T.);
#5987 = EDGE_LOOP('',(#5988,#5989,#5990,#5991));
#5988 = ORIENTED_EDGE('',*,*,#5935,.F.);
#5989 = ORIENTED_EDGE('',*,*,#4545,.T.);
#5990 = ORIENTED_EDGE('',*,*,#5962,.T.);
#5991 = ORIENTED_EDGE('',*,*,#4904,.F.);
#5992 = ADVANCED_FACE('',(#5993),#5024,.T.);
#5993 = FACE_BOUND('',#5994,.T.);
#5994 = EDGE_LOOP('',(#5995,#5996,#5997,#5998));
#5995 = ORIENTED_EDGE('',*,*,#5086,.F.);
#5996 = ORIENTED_EDGE('',*,*,#5112,.T.);
#5997 = ORIENTED_EDGE('',*,*,#5263,.T.);
#5998 = ORIENTED_EDGE('',*,*,#5008,.F.);
#5999 = ( GEOMETRIC_REPRESENTATION_CONTEXT(3)
GLOBAL_UNCERTAINTY_ASSIGNED_CONTEXT((#6003))
GLOBAL_UNIT_ASSIGNED_CONTEXT((#6000,#6001,#6002)) REPRESENTATION_CONTEXT
('Context #1','3D Context with UNIT and UNCERTAINTY') );
#6000 = ( LENGTH_UNIT() NAMED_UNIT(*) SI_UNIT(.MILLI.,.METRE.) );
#6001 = ( NAMED_UNIT(*) PLANE_ANGLE_UNIT() SI_UNIT($,.RADIAN.) );
#6002 = ( NAMED_UNIT(*) SI_UNIT($,.STERADIAN.) SOLID_ANGLE_UNIT() );
#6003 = UNCERTAINTY_MEASURE_WITH_UNIT(LENGTH_MEASURE(1.E-07),#6000,
  'distance_accuracy_value','confusion accuracy');
#6004 = CONTEXT_DEPENDENT_SHAPE_REPRESENTATION(#6005,#6007);
#6005 = ( REPRESENTATION_RELATIONSHIP('','',#1343,#10)
REPRESENTATION_RELATIONSHIP_WITH_TRANSFORMATION(#6006)
SHAPE_REPRESENTATION_RELATIONSHIP() );
#6006 = ITEM_DEFINED_TRANSFORMATION('','',#11,#23);
#6007 = PRODUCT_DEFINITION_SHAPE('Placement','Placement of an item',
  #6008);
#6008 = NEXT_ASSEMBLY_USAGE_OCCURRENCE('148','','',#5,#1338,$);
#6009 = PRODUCT_RELATED_PRODUCT_CATEGORY('part',$,(#1340));
#6010 = SHAPE_DEFINITION_REPRESENTATION(#6011,#6017);
#6011 = PRODUCT_DEFINITION_SHAPE('','',#6012);
#6012 = PRODUCT_DEFINITION('design','',#6013,#6016);
#6013 = PRODUCT_DEFINITION_FORMATION('','',#6014);
#6014 = PRODUCT('Open CASCADE STEP translator 7.8 6.4',
  'Open CASCADE STEP translator 7.8 6.4','',(#6015));
#6015 = PRODUCT_CONTEXT('',#2,'mechanical');
#6016 = PRODUCT_DEFINITION_CONTEXT('part definition',#2,'design');
#6017 = ADVANCED_BREP_SHAPE_REPRESENTATION('',(#11,#6018),#8626);
#6018 = MANIFOLD_SOLID_BREP('',#6019);
#6019 = CLOSED_SHELL('',(#6020,#6139,#6220,#6267,#6556,#6782,#6810,#6865
    ,#6914,#7211,#7259,#7307,#7355,#7403,#7451,#7499,#7524,#7724,#7778,
    #7830,#7911,#7963,#8039,#8093,#8121,#8154,#8182,#8231,#8236,#8287,
    #8314,#8321,#8370,#8419,#8446,#8495,#8522,#8560,#8567,#8622));
#6020 = ADVANCED_FACE('',(#6021),#6035,.F.);
#6021 = FACE_BOUND('',#6022,.F.);
#6022 = EDGE_LOOP('',(#6023,#6058,#6087,#6113));
#6023 = ORIENTED_EDGE('',*,*,#6024,.F.);
#6024 = EDGE_CURVE('',#6025,#6027,#6029,.T.);
#6025 = VERTEX_POINT('',#6026);
#6026 = CARTESIAN_POINT('',(1.549193338483,0.4,-2.25));
#6027 = VERTEX_POINT('',#6028);
#6028 = CARTESIAN_POINT('',(3.6,0.4,-2.25));
#6029 = SURFACE_CURVE('',#6030,(#6034,#6046),.PCURVE_S1.);
#6030 = LINE('',#6031,#6032);
#6031 = CARTESIAN_POINT('',(1.3,0.4,-2.25));
#6032 = VECTOR('',#6033,1.);
#6033 = DIRECTION('',(1.,0.,0.));
#6034 = PCURVE('',#6035,#6040);
#6035 = PLANE('',#6036);
#6036 = AXIS2_PLACEMENT_3D('',#6037,#6038,#6039);
#6037 = CARTESIAN_POINT('',(1.3,-0.4,-2.25));
#6038 = DIRECTION('',(0.,0.,1.));
#6039 = DIRECTION('',(1.,0.,0.));
#6040 = DEFINITIONAL_REPRESENTATION('',(#6041),#6045);
#6041 = LINE('',#6042,#6043);
#6042 = CARTESIAN_POINT('',(0.,0.8));
#6043 = VECTOR('',#6044,1.);
#6044 = DIRECTION('',(1.,0.));
#6045 = ( GEOMETRIC_REPRESENTATION_CONTEXT(2)
PARAMETRIC_REPRESENTATION_CONTEXT() REPRESENTATION_CONTEXT('2D SPACE',''
  ) );
#6046 = PCURVE('',#6047,#6052);
#6047 = PLANE('',#6048);
#6048 = AXIS2_PLACEMENT_3D('',#6049,#6050,#6051);
#6049 = CARTESIAN_POINT('',(1.3,0.4,-2.25));
#6050 = DIRECTION('',(0.,1.,0.));
#6051 = DIRECTION('',(0.,0.,1.));
#6052 = DEFINITIONAL_REPRESENTATION('',(#6053),#6057);
#6053 = LINE('',#6054,#6055);
#6054 = CARTESIAN_POINT('',(0.,0.));
#6055 = VECTOR('',#6056,1.);
#6056 = DIRECTION('',(0.,1.));
#6057 = ( GEOMETRIC_REPRESENTATION_CONTEXT(2)
PARAMETRIC_REPRESENTATION_CONTEXT() REPRESENTATION_CONTEXT('2D SPACE',''
  ) );
#6058 = ORIENTED_EDGE('',*,*,#6059,.F.);
#6059 = EDGE_CURVE('',#6060,#6025,#6062,.T.);
#6060 = VERTEX_POINT('',#6061);
#6061 = CARTESIAN_POINT('',(1.6,0.,-2.25));
#6062 = SURFACE_CURVE('',#6063,(#6068,#6075),.PCURVE_S1.);
#6063 = CIRCLE('',#6064,1.6);
#6064 = AXIS2_PLACEMENT_3D('',#6065,#6066,#6067);
#6065 = CARTESIAN_POINT('',(0.,0.,-2.25));
#6066 = DIRECTION('',(0.,0.,1.));
#6067 = DIRECTION('',(1.,0.,0.));
#6068 = PCURVE('',#6035,#6069);
#6069 = DEFINITIONAL_REPRESENTATION('',(#6070),#6074);
#6070 = CIRCLE('',#6071,1.6);
#6071 = AXIS2_PLACEMENT_2D('',#6072,#6073);
#6072 = CARTESIAN_POINT('',(-1.3,0.4));
#6073 = DIRECTION('',(1.,0.));
#6074 = ( GEOMETRIC_REPRESENTATION_CONTEXT(2)
PARAMETRIC_REPRESENTATION_CONTEXT() REPRESENTATION_CONTEXT('2D SPACE',''
  ) );
#6075 = PCURVE('',#6076,#6081);
#6076 = CYLINDRICAL_SURFACE('',#6077,1.6);
#6077 = AXIS2_PLACEMENT_3D('',#6078,#6079,#6080);
#6078 = CARTESIAN_POINT('',(0.,0.,-6.8));
#6079 = DIRECTION('',(-0.,-0.,-1.));
#6080 = DIRECTION('',(1.,0.,0.));
#6081 = DEFINITIONAL_REPRESENTATION('',(#6082),#6086);
#6082 = LINE('',#6083,#6084);
#6083 = CARTESIAN_POINT('',(-0.,-4.55));
#6084 = VECTOR('',#6085,1.);
#6085 = DIRECTION('',(-1.,0.));
#6086 = ( GEOMETRIC_REPRESENTATION_CONTEXT(2)
PARAMETRIC_REPRESENTATION_CONTEXT() REPRESENTATION_CONTEXT('2D SPACE',''
  ) );
#6087 = ORIENTED_EDGE('',*,*,#6088,.F.);
#6088 = EDGE_CURVE('',#6089,#6060,#6091,.T.);
#6089 = VERTEX_POINT('',#6090);
#6090 = CARTESIAN_POINT('',(3.6,0.,-2.25));
#6091 = SURFACE_CURVE('',#6092,(#6096,#6102),.PCURVE_S1.);
#6092 = LINE('',#6093,#6094);
#6093 = CARTESIAN_POINT('',(-14.35,0.,-2.25));
#6094 = VECTOR('',#6095,1.);
#6095 = DIRECTION('',(-1.,0.,0.));
#6096 = PCURVE('',#6035,#6097);
#6097 = DEFINITIONAL_REPRESENTATION('',(#6098),#6101);
#6098 = B_SPLINE_CURVE_WITH_KNOTS('',1,(#6099,#6100),.UNSPECIFIED.,.F.,
  .F.,(2,2),(-17.95,-15.89919333848),.PIECEWISE_BEZIER_KNOTS.);
#6099 = CARTESIAN_POINT('',(2.3,0.4));
#6100 = CARTESIAN_POINT('',(0.249193338483,0.4));
#6101 = ( GEOMETRIC_REPRESENTATION_CONTEXT(2)
PARAMETRIC_REPRESENTATION_CONTEXT() REPRESENTATION_CONTEXT('2D SPACE',''
  ) );
#6102 = PCURVE('',#6103,#6108);
#6103 = PLANE('',#6104);
#6104 = AXIS2_PLACEMENT_3D('',#6105,#6106,#6107);
#6105 = CARTESIAN_POINT('',(-30.,0.,-65.));
#6106 = DIRECTION('',(0.,1.,0.));
#6107 = DIRECTION('',(0.,0.,1.));
#6108 = DEFINITIONAL_REPRESENTATION('',(#6109),#6112);
#6109 = B_SPLINE_CURVE_WITH_KNOTS('',1,(#6110,#6111),.UNSPECIFIED.,.F.,
  .F.,(2,2),(-17.95,-15.89919333848),.PIECEWISE_BEZIER_KNOTS.);
#6110 = CARTESIAN_POINT('',(62.75,33.6));
#6111 = CARTESIAN_POINT('',(62.75,31.549193338483));
#6112 = ( GEOMETRIC_REPRESENTATION_CONTEXT(2)
PARAMETRIC_REPRESENTATION_CONTEXT() REPRESENTATION_CONTEXT('2D SPACE',''
  ) );
#6113 = ORIENTED_EDGE('',*,*,#6114,.T.);
#6114 = EDGE_CURVE('',#6089,#6027,#6115,.T.);
#6115 = SURFACE_CURVE('',#6116,(#6120,#6127),.PCURVE_S1.);
#6116 = LINE('',#6117,#6118);
#6117 = CARTESIAN_POINT('',(3.6,-0.4,-2.25));
#6118 = VECTOR('',#6119,1.);
#6119 = DIRECTION('',(0.,1.,0.));
#6120 = PCURVE('',#6035,#6121);
#6121 = DEFINITIONAL_REPRESENTATION('',(#6122),#6126);
#6122 = LINE('',#6123,#6124);
#6123 = CARTESIAN_POINT('',(2.3,0.));
#6124 = VECTOR('',#6125,1.);
#6125 = DIRECTION('',(0.,1.));
#6126 = ( GEOMETRIC_REPRESENTATION_CONTEXT(2)
PARAMETRIC_REPRESENTATION_CONTEXT() REPRESENTATION_CONTEXT('2D SPACE',''
  ) );
#6127 = PCURVE('',#6128,#6133);
#6128 = PLANE('',#6129);
#6129 = AXIS2_PLACEMENT_3D('',#6130,#6131,#6132);
#6130 = CARTESIAN_POINT('',(3.6,-0.4,-2.25));
#6131 = DIRECTION('',(1.,0.,0.));
#6132 = DIRECTION('',(0.,0.,1.));
#6133 = DEFINITIONAL_REPRESENTATION('',(#6134),#6138);
#6134 = LINE('',#6135,#6136);
#6135 = CARTESIAN_POINT('',(0.,0.));
#6136 = VECTOR('',#6137,1.);
#6137 = DIRECTION('',(0.,-1.));
#6138 = ( GEOMETRIC_REPRESENTATION_CONTEXT(2)
PARAMETRIC_REPRESENTATION_CONTEXT() REPRESENTATION_CONTEXT('2D SPACE',''
  ) );
#6139 = ADVANCED_FACE('',(#6140),#6047,.T.);
#6140 = FACE_BOUND('',#6141,.T.);
#6141 = EDGE_LOOP('',(#6142,#6143,#6171,#6199));
#6142 = ORIENTED_EDGE('',*,*,#6024,.F.);
#6143 = ORIENTED_EDGE('',*,*,#6144,.F.);
#6144 = EDGE_CURVE('',#6145,#6025,#6147,.T.);
#6145 = VERTEX_POINT('',#6146);
#6146 = CARTESIAN_POINT('',(1.549193338483,0.4,-1.55));
#6147 = SURFACE_CURVE('',#6148,(#6152,#6159),.PCURVE_S1.);
#6148 = LINE('',#6149,#6150);
#6149 = CARTESIAN_POINT('',(1.549193338483,0.4,-2.25));
#6150 = VECTOR('',#6151,1.);
#6151 = DIRECTION('',(-0.,-0.,-1.));
#6152 = PCURVE('',#6047,#6153);
#6153 = DEFINITIONAL_REPRESENTATION('',(#6154),#6158);
#6154 = LINE('',#6155,#6156);
#6155 = CARTESIAN_POINT('',(0.,0.249193338483));
#6156 = VECTOR('',#6157,1.);
#6157 = DIRECTION('',(-1.,0.));
#6158 = ( GEOMETRIC_REPRESENTATION_CONTEXT(2)
PARAMETRIC_REPRESENTATION_CONTEXT() REPRESENTATION_CONTEXT('2D SPACE',''
  ) );
#6159 = PCURVE('',#6160,#6165);
#6160 = CYLINDRICAL_SURFACE('',#6161,1.6);
#6161 = AXIS2_PLACEMENT_3D('',#6162,#6163,#6164);
#6162 = CARTESIAN_POINT('',(0.,0.,-2.25));
#6163 = DIRECTION('',(-0.,-0.,-1.));
#6164 = DIRECTION('',(1.,0.,0.));
#6165 = DEFINITIONAL_REPRESENTATION('',(#6166),#6170);
#6166 = LINE('',#6167,#6168);
#6167 = CARTESIAN_POINT('',(-0.252680255142,0.));
#6168 = VECTOR('',#6169,1.);
#6169 = DIRECTION('',(-0.,1.));
#6170 = ( GEOMETRIC_REPRESENTATION_CONTEXT(2)
PARAMETRIC_REPRESENTATION_CONTEXT() REPRESENTATION_CONTEXT('2D SPACE',''
  ) );
#6171 = ORIENTED_EDGE('',*,*,#6172,.T.);
#6172 = EDGE_CURVE('',#6145,#6173,#6175,.T.);
#6173 = VERTEX_POINT('',#6174);
#6174 = CARTESIAN_POINT('',(3.6,0.4,-1.55));
#6175 = SURFACE_CURVE('',#6176,(#6180,#6187),.PCURVE_S1.);
#6176 = LINE('',#6177,#6178);
#6177 = CARTESIAN_POINT('',(1.3,0.4,-1.55));
#6178 = VECTOR('',#6179,1.);
#6179 = DIRECTION('',(1.,0.,0.));
#6180 = PCURVE('',#6047,#6181);
#6181 = DEFINITIONAL_REPRESENTATION('',(#6182),#6186);
#6182 = LINE('',#6183,#6184);
#6183 = CARTESIAN_POINT('',(0.7,0.));
#6184 = VECTOR('',#6185,1.);
#6185 = DIRECTION('',(0.,1.));
#6186 = ( GEOMETRIC_REPRESENTATION_CONTEXT(2)
PARAMETRIC_REPRESENTATION_CONTEXT() REPRESENTATION_CONTEXT('2D SPACE',''
  ) );
#6187 = PCURVE('',#6188,#6193);
#6188 = PLANE('',#6189);
#6189 = AXIS2_PLACEMENT_3D('',#6190,#6191,#6192);
#6190 = CARTESIAN_POINT('',(1.3,-0.4,-1.55));
#6191 = DIRECTION('',(0.,0.,1.));
#6192 = DIRECTION('',(1.,0.,0.));
#6193 = DEFINITIONAL_REPRESENTATION('',(#6194),#6198);
#6194 = LINE('',#6195,#6196);
#6195 = CARTESIAN_POINT('',(0.,0.8));
#6196 = VECTOR('',#6197,1.);
#6197 = DIRECTION('',(1.,0.));
#6198 = ( GEOMETRIC_REPRESENTATION_CONTEXT(2)
PARAMETRIC_REPRESENTATION_CONTEXT() REPRESENTATION_CONTEXT('2D SPACE',''
  ) );
#6199 = ORIENTED_EDGE('',*,*,#6200,.F.);
#6200 = EDGE_CURVE('',#6027,#6173,#6201,.T.);
#6201 = SURFACE_CURVE('',#6202,(#6206,#6213),.PCURVE_S1.);
#6202 = LINE('',#6203,#6204);
#6203 = CARTESIAN_POINT('',(3.6,0.4,-2.25));
#6204 = VECTOR('',#6205,1.);
#6205 = DIRECTION('',(0.,0.,1.));
#6206 = PCURVE('',#6047,#6207);
#6207 = DEFINITIONAL_REPRESENTATION('',(#6208),#6212);
#6208 = LINE('',#6209,#6210);
#6209 = CARTESIAN_POINT('',(0.,2.3));
#6210 = VECTOR('',#6211,1.);
#6211 = DIRECTION('',(1.,0.));
#6212 = ( GEOMETRIC_REPRESENTATION_CONTEXT(2)
PARAMETRIC_REPRESENTATION_CONTEXT() REPRESENTATION_CONTEXT('2D SPACE',''
  ) );
#6213 = PCURVE('',#6128,#6214);
#6214 = DEFINITIONAL_REPRESENTATION('',(#6215),#6219);
#6215 = LINE('',#6216,#6217);
#6216 = CARTESIAN_POINT('',(0.,-0.8));
#6217 = VECTOR('',#6218,1.);
#6218 = DIRECTION('',(1.,0.));
#6219 = ( GEOMETRIC_REPRESENTATION_CONTEXT(2)
PARAMETRIC_REPRESENTATION_CONTEXT() REPRESENTATION_CONTEXT('2D SPACE',''
  ) );
#6220 = ADVANCED_FACE('',(#6221),#6128,.T.);
#6221 = FACE_BOUND('',#6222,.T.);
#6222 = EDGE_LOOP('',(#6223,#6246,#6265,#6266));
#6223 = ORIENTED_EDGE('',*,*,#6224,.F.);
#6224 = EDGE_CURVE('',#6225,#6173,#6227,.T.);
#6225 = VERTEX_POINT('',#6226);
#6226 = CARTESIAN_POINT('',(3.6,0.,-1.55));
#6227 = SURFACE_CURVE('',#6228,(#6232,#6239),.PCURVE_S1.);
#6228 = LINE('',#6229,#6230);
#6229 = CARTESIAN_POINT('',(3.6,-0.4,-1.55));
#6230 = VECTOR('',#6231,1.);
#6231 = DIRECTION('',(0.,1.,0.));
#6232 = PCURVE('',#6128,#6233);
#6233 = DEFINITIONAL_REPRESENTATION('',(#6234),#6238);
#6234 = LINE('',#6235,#6236);
#6235 = CARTESIAN_POINT('',(0.7,0.));
#6236 = VECTOR('',#6237,1.);
#6237 = DIRECTION('',(0.,-1.));
#6238 = ( GEOMETRIC_REPRESENTATION_CONTEXT(2)
PARAMETRIC_REPRESENTATION_CONTEXT() REPRESENTATION_CONTEXT('2D SPACE',''
  ) );
#6239 = PCURVE('',#6188,#6240);
#6240 = DEFINITIONAL_REPRESENTATION('',(#6241),#6245);
#6241 = LINE('',#6242,#6243);
#6242 = CARTESIAN_POINT('',(2.3,0.));
#6243 = VECTOR('',#6244,1.);
#6244 = DIRECTION('',(0.,1.));
#6245 = ( GEOMETRIC_REPRESENTATION_CONTEXT(2)
PARAMETRIC_REPRESENTATION_CONTEXT() REPRESENTATION_CONTEXT('2D SPACE',''
  ) );
#6246 = ORIENTED_EDGE('',*,*,#6247,.F.);
#6247 = EDGE_CURVE('',#6089,#6225,#6248,.T.);
#6248 = SURFACE_CURVE('',#6249,(#6253,#6259),.PCURVE_S1.);
#6249 = LINE('',#6250,#6251);
#6250 = CARTESIAN_POINT('',(3.6,0.,-33.625));
#6251 = VECTOR('',#6252,1.);
#6252 = DIRECTION('',(0.,0.,1.));
#6253 = PCURVE('',#6128,#6254);
#6254 = DEFINITIONAL_REPRESENTATION('',(#6255),#6258);
#6255 = B_SPLINE_CURVE_WITH_KNOTS('',1,(#6256,#6257),.UNSPECIFIED.,.F.,
  .F.,(2,2),(31.375,32.075),.PIECEWISE_BEZIER_KNOTS.);
#6256 = CARTESIAN_POINT('',(0.,-0.4));
#6257 = CARTESIAN_POINT('',(0.7,-0.4));
#6258 = ( GEOMETRIC_REPRESENTATION_CONTEXT(2)
PARAMETRIC_REPRESENTATION_CONTEXT() REPRESENTATION_CONTEXT('2D SPACE',''
  ) );
#6259 = PCURVE('',#6103,#6260);
#6260 = DEFINITIONAL_REPRESENTATION('',(#6261),#6264);
#6261 = B_SPLINE_CURVE_WITH_KNOTS('',1,(#6262,#6263),.UNSPECIFIED.,.F.,
  .F.,(2,2),(31.375,32.075),.PIECEWISE_BEZIER_KNOTS.);
#6262 = CARTESIAN_POINT('',(62.75,33.6));
#6263 = CARTESIAN_POINT('',(63.45,33.6));
#6264 = ( GEOMETRIC_REPRESENTATION_CONTEXT(2)
PARAMETRIC_REPRESENTATION_CONTEXT() REPRESENTATION_CONTEXT('2D SPACE',''
  ) );
#6265 = ORIENTED_EDGE('',*,*,#6114,.T.);
#6266 = ORIENTED_EDGE('',*,*,#6200,.T.);
#6267 = ADVANCED_FACE('',(#6268),#6103,.F.);
#6268 = FACE_BOUND('',#6269,.F.);
#6269 = EDGE_LOOP('',(#6270,#6293,#6319,#6347,#6373,#6399,#6427,#6455,
    #6483,#6509,#6535,#6554,#6555));
#6270 = ORIENTED_EDGE('',*,*,#6271,.F.);
#6271 = EDGE_CURVE('',#6272,#6060,#6274,.T.);
#6272 = VERTEX_POINT('',#6273);
#6273 = CARTESIAN_POINT('',(1.6,0.,-6.08));
#6274 = SURFACE_CURVE('',#6275,(#6279,#6286),.PCURVE_S1.);
#6275 = LINE('',#6276,#6277);
#6276 = CARTESIAN_POINT('',(1.6,0.,-6.8));
#6277 = VECTOR('',#6278,1.);
#6278 = DIRECTION('',(0.,0.,1.));
#6279 = PCURVE('',#6103,#6280);
#6280 = DEFINITIONAL_REPRESENTATION('',(#6281),#6285);
#6281 = LINE('',#6282,#6283);
#6282 = CARTESIAN_POINT('',(58.2,31.6));
#6283 = VECTOR('',#6284,1.);
#6284 = DIRECTION('',(1.,0.));
#6285 = ( GEOMETRIC_REPRESENTATION_CONTEXT(2)
PARAMETRIC_REPRESENTATION_CONTEXT() REPRESENTATION_CONTEXT('2D SPACE',''
  ) );
#6286 = PCURVE('',#6076,#6287);
#6287 = DEFINITIONAL_REPRESENTATION('',(#6288),#6292);
#6288 = LINE('',#6289,#6290);
#6289 = CARTESIAN_POINT('',(-0.,0.));
#6290 = VECTOR('',#6291,1.);
#6291 = DIRECTION('',(-0.,-1.));
#6292 = ( GEOMETRIC_REPRESENTATION_CONTEXT(2)
PARAMETRIC_REPRESENTATION_CONTEXT() REPRESENTATION_CONTEXT('2D SPACE',''
  ) );
#6293 = ORIENTED_EDGE('',*,*,#6294,.F.);
#6294 = EDGE_CURVE('',#6295,#6272,#6297,.T.);
#6295 = VERTEX_POINT('',#6296);
#6296 = CARTESIAN_POINT('',(4.,0.,-6.08));
#6297 = SURFACE_CURVE('',#6298,(#6302,#6308),.PCURVE_S1.);
#6298 = LINE('',#6299,#6300);
#6299 = CARTESIAN_POINT('',(-15.,0.,-6.08));
#6300 = VECTOR('',#6301,1.);
#6301 = DIRECTION('',(-1.,0.,0.));
#6302 = PCURVE('',#6103,#6303);
#6303 = DEFINITIONAL_REPRESENTATION('',(#6304),#6307);
#6304 = B_SPLINE_CURVE_WITH_KNOTS('',1,(#6305,#6306),.UNSPECIFIED.,.F.,
  .F.,(2,2),(-19.,-11.),.PIECEWISE_BEZIER_KNOTS.);
#6305 = CARTESIAN_POINT('',(58.92,34.));
#6306 = CARTESIAN_POINT('',(58.92,26.));
#6307 = ( GEOMETRIC_REPRESENTATION_CONTEXT(2)
PARAMETRIC_REPRESENTATION_CONTEXT() REPRESENTATION_CONTEXT('2D SPACE',''
  ) );
#6308 = PCURVE('',#6309,#6314);
#6309 = PLANE('',#6310);
#6310 = AXIS2_PLACEMENT_3D('',#6311,#6312,#6313);
#6311 = CARTESIAN_POINT('',(-2.563950248511E-16,3.49503809816E-16,-6.08)
  );
#6312 = DIRECTION('',(0.,0.,1.));
#6313 = DIRECTION('',(1.,0.,-0.));
#6314 = DEFINITIONAL_REPRESENTATION('',(#6315),#6318);
#6315 = B_SPLINE_CURVE_WITH_KNOTS('',1,(#6316,#6317),.UNSPECIFIED.,.F.,
  .F.,(2,2),(-19.,-11.),.PIECEWISE_BEZIER_KNOTS.);
#6316 = CARTESIAN_POINT('',(4.,-3.49503809816E-16));
#6317 = CARTESIAN_POINT('',(-4.,-3.49503809816E-16));
#6318 = ( GEOMETRIC_REPRESENTATION_CONTEXT(2)
PARAMETRIC_REPRESENTATION_CONTEXT() REPRESENTATION_CONTEXT('2D SPACE',''
  ) );
#6319 = ORIENTED_EDGE('',*,*,#6320,.F.);
#6320 = EDGE_CURVE('',#6321,#6295,#6323,.T.);
#6321 = VERTEX_POINT('',#6322);
#6322 = CARTESIAN_POINT('',(4.,0.,-6.8));
#6323 = SURFACE_CURVE('',#6324,(#6328,#6335),.PCURVE_S1.);
#6324 = LINE('',#6325,#6326);
#6325 = CARTESIAN_POINT('',(4.,0.,-6.8));
#6326 = VECTOR('',#6327,1.);
#6327 = DIRECTION('',(0.,0.,1.));
#6328 = PCURVE('',#6103,#6329);
#6329 = DEFINITIONAL_REPRESENTATION('',(#6330),#6334);
#6330 = LINE('',#6331,#6332);
#6331 = CARTESIAN_POINT('',(58.2,34.));
#6332 = VECTOR('',#6333,1.);
#6333 = DIRECTION('',(1.,0.));
#6334 = ( GEOMETRIC_REPRESENTATION_CONTEXT(2)
PARAMETRIC_REPRESENTATION_CONTEXT() REPRESENTATION_CONTEXT('2D SPACE',''
  ) );
#6335 = PCURVE('',#6336,#6341);
#6336 = CYLINDRICAL_SURFACE('',#6337,4.);
#6337 = AXIS2_PLACEMENT_3D('',#6338,#6339,#6340);
#6338 = CARTESIAN_POINT('',(0.,0.,-6.8));
#6339 = DIRECTION('',(-0.,-0.,-1.));
#6340 = DIRECTION('',(1.,0.,0.));
#6341 = DEFINITIONAL_REPRESENTATION('',(#6342),#6346);
#6342 = LINE('',#6343,#6344);
#6343 = CARTESIAN_POINT('',(-0.,0.));
#6344 = VECTOR('',#6345,1.);
#6345 = DIRECTION('',(-0.,-1.));
#6346 = ( GEOMETRIC_REPRESENTATION_CONTEXT(2)
PARAMETRIC_REPRESENTATION_CONTEXT() REPRESENTATION_CONTEXT('2D SPACE',''
  ) );
#6347 = ORIENTED_EDGE('',*,*,#6348,.T.);
#6348 = EDGE_CURVE('',#6321,#6349,#6351,.T.);
#6349 = VERTEX_POINT('',#6350);
#6350 = CARTESIAN_POINT('',(1.6,0.,-6.8));
#6351 = SURFACE_CURVE('',#6352,(#6356,#6362),.PCURVE_S1.);
#6352 = LINE('',#6353,#6354);
#6353 = CARTESIAN_POINT('',(-15.,0.,-6.8));
#6354 = VECTOR('',#6355,1.);
#6355 = DIRECTION('',(-1.,0.,0.));
#6356 = PCURVE('',#6103,#6357);
#6357 = DEFINITIONAL_REPRESENTATION('',(#6358),#6361);
#6358 = B_SPLINE_CURVE_WITH_KNOTS('',1,(#6359,#6360),.UNSPECIFIED.,.F.,
  .F.,(2,2),(-19.,-11.),.PIECEWISE_BEZIER_KNOTS.);
#6359 = CARTESIAN_POINT('',(58.2,34.));
#6360 = CARTESIAN_POINT('',(58.2,26.));
#6361 = ( GEOMETRIC_REPRESENTATION_CONTEXT(2)
PARAMETRIC_REPRESENTATION_CONTEXT() REPRESENTATION_CONTEXT('2D SPACE',''
  ) );
#6362 = PCURVE('',#6363,#6368);
#6363 = PLANE('',#6364);
#6364 = AXIS2_PLACEMENT_3D('',#6365,#6366,#6367);
#6365 = CARTESIAN_POINT('',(-2.563950248511E-16,3.49503809816E-16,-6.8)
  );
#6366 = DIRECTION('',(0.,0.,1.));
#6367 = DIRECTION('',(1.,0.,-0.));
#6368 = DEFINITIONAL_REPRESENTATION('',(#6369),#6372);
#6369 = B_SPLINE_CURVE_WITH_KNOTS('',1,(#6370,#6371),.UNSPECIFIED.,.F.,
  .F.,(2,2),(-19.,-11.),.PIECEWISE_BEZIER_KNOTS.);
#6370 = CARTESIAN_POINT('',(4.,-3.49503809816E-16));
#6371 = CARTESIAN_POINT('',(-4.,-3.49503809816E-16));
#6372 = ( GEOMETRIC_REPRESENTATION_CONTEXT(2)
PARAMETRIC_REPRESENTATION_CONTEXT() REPRESENTATION_CONTEXT('2D SPACE',''
  ) );
#6373 = ORIENTED_EDGE('',*,*,#6374,.T.);
#6374 = EDGE_CURVE('',#6349,#6375,#6377,.T.);
#6375 = VERTEX_POINT('',#6376);
#6376 = CARTESIAN_POINT('',(1.1,-4.296956959308E-17,-6.8));
#6377 = SURFACE_CURVE('',#6378,(#6382,#6388),.PCURVE_S1.);
#6378 = LINE('',#6379,#6380);
#6379 = CARTESIAN_POINT('',(-15.,0.,-6.8));
#6380 = VECTOR('',#6381,1.);
#6381 = DIRECTION('',(-1.,0.,0.));
#6382 = PCURVE('',#6103,#6383);
#6383 = DEFINITIONAL_REPRESENTATION('',(#6384),#6387);
#6384 = B_SPLINE_CURVE_WITH_KNOTS('',1,(#6385,#6386),.UNSPECIFIED.,.F.,
  .F.,(2,2),(-16.6,-13.4),.PIECEWISE_BEZIER_KNOTS.);
#6385 = CARTESIAN_POINT('',(58.2,31.6));
#6386 = CARTESIAN_POINT('',(58.2,28.4));
#6387 = ( GEOMETRIC_REPRESENTATION_CONTEXT(2)
PARAMETRIC_REPRESENTATION_CONTEXT() REPRESENTATION_CONTEXT('2D SPACE',''
  ) );
#6388 = PCURVE('',#6389,#6394);
#6389 = PLANE('',#6390);
#6390 = AXIS2_PLACEMENT_3D('',#6391,#6392,#6393);
#6391 = CARTESIAN_POINT('',(-1.068312603546E-16,1.483480247548E-16,-6.8)
  );
#6392 = DIRECTION('',(0.,0.,1.));
#6393 = DIRECTION('',(1.,0.,-0.));
#6394 = DEFINITIONAL_REPRESENTATION('',(#6395),#6398);
#6395 = B_SPLINE_CURVE_WITH_KNOTS('',1,(#6396,#6397),.UNSPECIFIED.,.F.,
  .F.,(2,2),(-16.6,-13.4),.PIECEWISE_BEZIER_KNOTS.);
#6396 = CARTESIAN_POINT('',(1.6,-1.483480247548E-16));
#6397 = CARTESIAN_POINT('',(-1.6,-1.483480247548E-16));
#6398 = ( GEOMETRIC_REPRESENTATION_CONTEXT(2)
PARAMETRIC_REPRESENTATION_CONTEXT() REPRESENTATION_CONTEXT('2D SPACE',''
  ) );
#6399 = ORIENTED_EDGE('',*,*,#6400,.T.);
#6400 = EDGE_CURVE('',#6375,#6401,#6403,.T.);
#6401 = VERTEX_POINT('',#6402);
#6402 = CARTESIAN_POINT('',(1.1,-1.407182015661E-16,-6.08));
#6403 = SURFACE_CURVE('',#6404,(#6408,#6415),.PCURVE_S1.);
#6404 = LINE('',#6405,#6406);
#6405 = CARTESIAN_POINT('',(1.1,5.477906237997E-17,-6.8));
#6406 = VECTOR('',#6407,1.);
#6407 = DIRECTION('',(0.,0.,1.));
#6408 = PCURVE('',#6103,#6409);
#6409 = DEFINITIONAL_REPRESENTATION('',(#6410),#6414);
#6410 = LINE('',#6411,#6412);
#6411 = CARTESIAN_POINT('',(58.2,31.1));
#6412 = VECTOR('',#6413,1.);
#6413 = DIRECTION('',(1.,0.));
#6414 = ( GEOMETRIC_REPRESENTATION_CONTEXT(2)
PARAMETRIC_REPRESENTATION_CONTEXT() REPRESENTATION_CONTEXT('2D SPACE',''
  ) );
#6415 = PCURVE('',#6416,#6421);
#6416 = CYLINDRICAL_SURFACE('',#6417,1.1);
#6417 = AXIS2_PLACEMENT_3D('',#6418,#6419,#6420);
#6418 = CARTESIAN_POINT('',(7.680572051925E-15,5.477906237997E-17,-6.8)
  );
#6419 = DIRECTION('',(-0.,-0.,-1.));
#6420 = DIRECTION('',(1.,0.,0.));
#6421 = DEFINITIONAL_REPRESENTATION('',(#6422),#6426);
#6422 = LINE('',#6423,#6424);
#6423 = CARTESIAN_POINT('',(-0.,0.));
#6424 = VECTOR('',#6425,1.);
#6425 = DIRECTION('',(-0.,-1.));
#6426 = ( GEOMETRIC_REPRESENTATION_CONTEXT(2)
PARAMETRIC_REPRESENTATION_CONTEXT() REPRESENTATION_CONTEXT('2D SPACE',''
  ) );
#6427 = ORIENTED_EDGE('',*,*,#6428,.T.);
#6428 = EDGE_CURVE('',#6401,#6429,#6431,.T.);
#6429 = VERTEX_POINT('',#6430);
#6430 = CARTESIAN_POINT('',(1.1,5.477906237997E-17,-2.25));
#6431 = SURFACE_CURVE('',#6432,(#6436,#6443),.PCURVE_S1.);
#6432 = LINE('',#6433,#6434);
#6433 = CARTESIAN_POINT('',(1.1,5.477906237997E-17,-6.8));
#6434 = VECTOR('',#6435,1.);
#6435 = DIRECTION('',(0.,0.,1.));
#6436 = PCURVE('',#6103,#6437);
#6437 = DEFINITIONAL_REPRESENTATION('',(#6438),#6442);
#6438 = LINE('',#6439,#6440);
#6439 = CARTESIAN_POINT('',(58.2,31.1));
#6440 = VECTOR('',#6441,1.);
#6441 = DIRECTION('',(1.,0.));
#6442 = ( GEOMETRIC_REPRESENTATION_CONTEXT(2)
PARAMETRIC_REPRESENTATION_CONTEXT() REPRESENTATION_CONTEXT('2D SPACE',''
  ) );
#6443 = PCURVE('',#6444,#6449);
#6444 = CYLINDRICAL_SURFACE('',#6445,1.1);
#6445 = AXIS2_PLACEMENT_3D('',#6446,#6447,#6448);
#6446 = CARTESIAN_POINT('',(7.680572051925E-15,5.477906237997E-17,-6.8)
  );
#6447 = DIRECTION('',(-0.,-0.,-1.));
#6448 = DIRECTION('',(1.,0.,0.));
#6449 = DEFINITIONAL_REPRESENTATION('',(#6450),#6454);
#6450 = LINE('',#6451,#6452);
#6451 = CARTESIAN_POINT('',(-0.,0.));
#6452 = VECTOR('',#6453,1.);
#6453 = DIRECTION('',(-0.,-1.));
#6454 = ( GEOMETRIC_REPRESENTATION_CONTEXT(2)
PARAMETRIC_REPRESENTATION_CONTEXT() REPRESENTATION_CONTEXT('2D SPACE',''
  ) );
#6455 = ORIENTED_EDGE('',*,*,#6456,.T.);
#6456 = EDGE_CURVE('',#6429,#6457,#6459,.T.);
#6457 = VERTEX_POINT('',#6458);
#6458 = CARTESIAN_POINT('',(1.1,5.477906237997E-17,-1.55));
#6459 = SURFACE_CURVE('',#6460,(#6464,#6471),.PCURVE_S1.);
#6460 = LINE('',#6461,#6462);
#6461 = CARTESIAN_POINT('',(1.1,5.477906237997E-17,-2.25));
#6462 = VECTOR('',#6463,1.);
#6463 = DIRECTION('',(0.,0.,1.));
#6464 = PCURVE('',#6103,#6465);
#6465 = DEFINITIONAL_REPRESENTATION('',(#6466),#6470);
#6466 = LINE('',#6467,#6468);
#6467 = CARTESIAN_POINT('',(62.75,31.1));
#6468 = VECTOR('',#6469,1.);
#6469 = DIRECTION('',(1.,0.));
#6470 = ( GEOMETRIC_REPRESENTATION_CONTEXT(2)
PARAMETRIC_REPRESENTATION_CONTEXT() REPRESENTATION_CONTEXT('2D SPACE',''
  ) );
#6471 = PCURVE('',#6472,#6477);
#6472 = CYLINDRICAL_SURFACE('',#6473,1.1);
#6473 = AXIS2_PLACEMENT_3D('',#6474,#6475,#6476);
#6474 = CARTESIAN_POINT('',(7.680572051925E-15,5.477906237997E-17,-2.25)
  );
#6475 = DIRECTION('',(-0.,-0.,-1.));
#6476 = DIRECTION('',(1.,0.,0.));
#6477 = DEFINITIONAL_REPRESENTATION('',(#6478),#6482);
#6478 = LINE('',#6479,#6480);
#6479 = CARTESIAN_POINT('',(-0.,0.));
#6480 = VECTOR('',#6481,1.);
#6481 = DIRECTION('',(-0.,-1.));
#6482 = ( GEOMETRIC_REPRESENTATION_CONTEXT(2)
PARAMETRIC_REPRESENTATION_CONTEXT() REPRESENTATION_CONTEXT('2D SPACE',''
  ) );
#6483 = ORIENTED_EDGE('',*,*,#6484,.F.);
#6484 = EDGE_CURVE('',#6485,#6457,#6487,.T.);
#6485 = VERTEX_POINT('',#6486);
#6486 = CARTESIAN_POINT('',(1.3,0.,-1.55));
#6487 = SURFACE_CURVE('',#6488,(#6492,#6498),.PCURVE_S1.);
#6488 = LINE('',#6489,#6490);
#6489 = CARTESIAN_POINT('',(-15.,0.,-1.55));
#6490 = VECTOR('',#6491,1.);
#6491 = DIRECTION('',(-1.,0.,0.));
#6492 = PCURVE('',#6103,#6493);
#6493 = DEFINITIONAL_REPRESENTATION('',(#6494),#6497);
#6494 = B_SPLINE_CURVE_WITH_KNOTS('',1,(#6495,#6496),.UNSPECIFIED.,.F.,
  .F.,(2,2),(-16.54919333848,-13.42837663545),.PIECEWISE_BEZIER_KNOTS.);
#6495 = CARTESIAN_POINT('',(63.45,31.549193338483));
#6496 = CARTESIAN_POINT('',(63.45,28.42837663545));
#6497 = ( GEOMETRIC_REPRESENTATION_CONTEXT(2)
PARAMETRIC_REPRESENTATION_CONTEXT() REPRESENTATION_CONTEXT('2D SPACE',''
  ) );
#6498 = PCURVE('',#6499,#6504);
#6499 = PLANE('',#6500);
#6500 = AXIS2_PLACEMENT_3D('',#6501,#6502,#6503);
#6501 = CARTESIAN_POINT('',(-1.068312603546E-16,1.483480247548E-16,-1.55
    ));
#6502 = DIRECTION('',(0.,0.,1.));
#6503 = DIRECTION('',(1.,0.,-0.));
#6504 = DEFINITIONAL_REPRESENTATION('',(#6505),#6508);
#6505 = B_SPLINE_CURVE_WITH_KNOTS('',1,(#6506,#6507),.UNSPECIFIED.,.F.,
  .F.,(2,2),(-16.54919333848,-13.42837663545),.PIECEWISE_BEZIER_KNOTS.);
#6506 = CARTESIAN_POINT('',(1.549193338483,-1.483480247548E-16));
#6507 = CARTESIAN_POINT('',(-1.57162336455,-1.483480247548E-16));
#6508 = ( GEOMETRIC_REPRESENTATION_CONTEXT(2)
PARAMETRIC_REPRESENTATION_CONTEXT() REPRESENTATION_CONTEXT('2D SPACE',''
  ) );
#6509 = ORIENTED_EDGE('',*,*,#6510,.F.);
#6510 = EDGE_CURVE('',#6511,#6485,#6513,.T.);
#6511 = VERTEX_POINT('',#6512);
#6512 = CARTESIAN_POINT('',(1.6,0.,-1.55));
#6513 = SURFACE_CURVE('',#6514,(#6518,#6524),.PCURVE_S1.);
#6514 = LINE('',#6515,#6516);
#6515 = CARTESIAN_POINT('',(-15.,0.,-1.55));
#6516 = VECTOR('',#6517,1.);
#6517 = DIRECTION('',(-1.,0.,0.));
#6518 = PCURVE('',#6103,#6519);
#6519 = DEFINITIONAL_REPRESENTATION('',(#6520),#6523);
#6520 = B_SPLINE_CURVE_WITH_KNOTS('',1,(#6521,#6522),.UNSPECIFIED.,.F.,
  .F.,(2,2),(-16.6,-16.3),.PIECEWISE_BEZIER_KNOTS.);
#6521 = CARTESIAN_POINT('',(63.45,31.6));
#6522 = CARTESIAN_POINT('',(63.45,31.3));
#6523 = ( GEOMETRIC_REPRESENTATION_CONTEXT(2)
PARAMETRIC_REPRESENTATION_CONTEXT() REPRESENTATION_CONTEXT('2D SPACE',''
  ) );
#6524 = PCURVE('',#6525,#6530);
#6525 = PLANE('',#6526);
#6526 = AXIS2_PLACEMENT_3D('',#6527,#6528,#6529);
#6527 = CARTESIAN_POINT('',(-1.068312603546E-16,1.483480247548E-16,-1.55
    ));
#6528 = DIRECTION('',(0.,0.,1.));
#6529 = DIRECTION('',(1.,0.,-0.));
#6530 = DEFINITIONAL_REPRESENTATION('',(#6531),#6534);
#6531 = B_SPLINE_CURVE_WITH_KNOTS('',1,(#6532,#6533),.UNSPECIFIED.,.F.,
  .F.,(2,2),(-16.6,-16.3),.PIECEWISE_BEZIER_KNOTS.);
#6532 = CARTESIAN_POINT('',(1.6,-1.483480247548E-16));
#6533 = CARTESIAN_POINT('',(1.3,-1.483480247548E-16));
#6534 = ( GEOMETRIC_REPRESENTATION_CONTEXT(2)
PARAMETRIC_REPRESENTATION_CONTEXT() REPRESENTATION_CONTEXT('2D SPACE',''
  ) );
#6535 = ORIENTED_EDGE('',*,*,#6536,.F.);
#6536 = EDGE_CURVE('',#6225,#6511,#6537,.T.);
#6537 = SURFACE_CURVE('',#6538,(#6542,#6548),.PCURVE_S1.);
#6538 = LINE('',#6539,#6540);
#6539 = CARTESIAN_POINT('',(-14.35,0.,-1.55));
#6540 = VECTOR('',#6541,1.);
#6541 = DIRECTION('',(-1.,0.,0.));
#6542 = PCURVE('',#6103,#6543);
#6543 = DEFINITIONAL_REPRESENTATION('',(#6544),#6547);
#6544 = B_SPLINE_CURVE_WITH_KNOTS('',1,(#6545,#6546),.UNSPECIFIED.,.F.,
  .F.,(2,2),(-17.95,-15.89919333848),.PIECEWISE_BEZIER_KNOTS.);
#6545 = CARTESIAN_POINT('',(63.45,33.6));
#6546 = CARTESIAN_POINT('',(63.45,31.549193338483));
#6547 = ( GEOMETRIC_REPRESENTATION_CONTEXT(2)
PARAMETRIC_REPRESENTATION_CONTEXT() REPRESENTATION_CONTEXT('2D SPACE',''
  ) );
#6548 = PCURVE('',#6188,#6549);
#6549 = DEFINITIONAL_REPRESENTATION('',(#6550),#6553);
#6550 = B_SPLINE_CURVE_WITH_KNOTS('',1,(#6551,#6552),.UNSPECIFIED.,.F.,
  .F.,(2,2),(-17.95,-15.89919333848),.PIECEWISE_BEZIER_KNOTS.);
#6551 = CARTESIAN_POINT('',(2.3,0.4));
#6552 = CARTESIAN_POINT('',(0.249193338483,0.4));
#6553 = ( GEOMETRIC_REPRESENTATION_CONTEXT(2)
PARAMETRIC_REPRESENTATION_CONTEXT() REPRESENTATION_CONTEXT('2D SPACE',''
  ) );
#6554 = ORIENTED_EDGE('',*,*,#6247,.F.);
#6555 = ORIENTED_EDGE('',*,*,#6088,.T.);
#6556 = ADVANCED_FACE('',(#6557),#6076,.T.);
#6557 = FACE_BOUND('',#6558,.F.);
#6558 = EDGE_LOOP('',(#6559,#6587,#6588,#6589,#6613,#6642,#6671,#6700,
    #6729,#6758));
#6559 = ORIENTED_EDGE('',*,*,#6560,.T.);
#6560 = EDGE_CURVE('',#6561,#6272,#6563,.T.);
#6561 = VERTEX_POINT('',#6562);
#6562 = CARTESIAN_POINT('',(-1.6,-1.959434878636E-16,-6.08));
#6563 = SURFACE_CURVE('',#6564,(#6569,#6576),.PCURVE_S1.);
#6564 = CIRCLE('',#6565,1.6);
#6565 = AXIS2_PLACEMENT_3D('',#6566,#6567,#6568);
#6566 = CARTESIAN_POINT('',(0.,0.,-6.08));
#6567 = DIRECTION('',(0.,0.,-1.));
#6568 = DIRECTION('',(1.,0.,0.));
#6569 = PCURVE('',#6076,#6570);
#6570 = DEFINITIONAL_REPRESENTATION('',(#6571),#6575);
#6571 = LINE('',#6572,#6573);
#6572 = CARTESIAN_POINT('',(-6.28318530718,-0.72));
#6573 = VECTOR('',#6574,1.);
#6574 = DIRECTION('',(1.,-0.));
#6575 = ( GEOMETRIC_REPRESENTATION_CONTEXT(2)
PARAMETRIC_REPRESENTATION_CONTEXT() REPRESENTATION_CONTEXT('2D SPACE',''
  ) );
#6576 = PCURVE('',#6309,#6577);
#6577 = DEFINITIONAL_REPRESENTATION('',(#6578),#6586);
#6578 = ( BOUNDED_CURVE() B_SPLINE_CURVE(2,(#6579,#6580,#6581,#6582,
#6583,#6584,#6585),.UNSPECIFIED.,.T.,.F.) B_SPLINE_CURVE_WITH_KNOTS((1,2
    ,2,2,2,1),(-2.094395102393,0.,2.094395102393,4.188790204786,
6.28318530718,8.377580409573),.UNSPECIFIED.) CURVE()
GEOMETRIC_REPRESENTATION_ITEM() RATIONAL_B_SPLINE_CURVE((1.,0.5,1.,0.5,
1.,0.5,1.)) REPRESENTATION_ITEM('') );
#6579 = CARTESIAN_POINT('',(1.6,-3.49503809816E-16));
#6580 = CARTESIAN_POINT('',(1.6,-2.77128129211));
#6581 = CARTESIAN_POINT('',(-0.8,-1.385640646055));
#6582 = CARTESIAN_POINT('',(-3.2,-7.413907855431E-16));
#6583 = CARTESIAN_POINT('',(-0.8,1.385640646055));
#6584 = CARTESIAN_POINT('',(1.6,2.77128129211));
#6585 = CARTESIAN_POINT('',(1.6,-3.49503809816E-16));
#6586 = ( GEOMETRIC_REPRESENTATION_CONTEXT(2)
PARAMETRIC_REPRESENTATION_CONTEXT() REPRESENTATION_CONTEXT('2D SPACE',''
  ) );
#6587 = ORIENTED_EDGE('',*,*,#6271,.T.);
#6588 = ORIENTED_EDGE('',*,*,#6059,.T.);
#6589 = ORIENTED_EDGE('',*,*,#6590,.T.);
#6590 = EDGE_CURVE('',#6025,#6591,#6593,.T.);
#6591 = VERTEX_POINT('',#6592);
#6592 = CARTESIAN_POINT('',(1.04561930341,1.211065758882,-2.25));
#6593 = SURFACE_CURVE('',#6594,(#6599,#6606),.PCURVE_S1.);
#6594 = CIRCLE('',#6595,1.6);
#6595 = AXIS2_PLACEMENT_3D('',#6596,#6597,#6598);
#6596 = CARTESIAN_POINT('',(0.,0.,-2.25));
#6597 = DIRECTION('',(0.,0.,1.));
#6598 = DIRECTION('',(1.,0.,0.));
#6599 = PCURVE('',#6076,#6600);
#6600 = DEFINITIONAL_REPRESENTATION('',(#6601),#6605);
#6601 = LINE('',#6602,#6603);
#6602 = CARTESIAN_POINT('',(-0.,-4.55));
#6603 = VECTOR('',#6604,1.);
#6604 = DIRECTION('',(-1.,0.));
#6605 = ( GEOMETRIC_REPRESENTATION_CONTEXT(2)
PARAMETRIC_REPRESENTATION_CONTEXT() REPRESENTATION_CONTEXT('2D SPACE',''
  ) );
#6606 = PCURVE('',#6160,#6607);
#6607 = DEFINITIONAL_REPRESENTATION('',(#6608),#6612);
#6608 = LINE('',#6609,#6610);
#6609 = CARTESIAN_POINT('',(-0.,0.));
#6610 = VECTOR('',#6611,1.);
#6611 = DIRECTION('',(-1.,0.));
#6612 = ( GEOMETRIC_REPRESENTATION_CONTEXT(2)
PARAMETRIC_REPRESENTATION_CONTEXT() REPRESENTATION_CONTEXT('2D SPACE',''
  ) );
#6613 = ORIENTED_EDGE('',*,*,#6614,.T.);
#6614 = EDGE_CURVE('',#6591,#6615,#6617,.T.);
#6615 = VERTEX_POINT('',#6616);
#6616 = CARTESIAN_POINT('',(0.52600406114,1.511065758882,-2.25));
#6617 = SURFACE_CURVE('',#6618,(#6623,#6630),.PCURVE_S1.);
#6618 = CIRCLE('',#6619,1.6);
#6619 = AXIS2_PLACEMENT_3D('',#6620,#6621,#6622);
#6620 = CARTESIAN_POINT('',(0.,0.,-2.25));
#6621 = DIRECTION('',(0.,0.,1.));
#6622 = DIRECTION('',(1.,0.,0.));
#6623 = PCURVE('',#6076,#6624);
#6624 = DEFINITIONAL_REPRESENTATION('',(#6625),#6629);
#6625 = LINE('',#6626,#6627);
#6626 = CARTESIAN_POINT('',(-0.,-4.55));
#6627 = VECTOR('',#6628,1.);
#6628 = DIRECTION('',(-1.,0.));
#6629 = ( GEOMETRIC_REPRESENTATION_CONTEXT(2)
PARAMETRIC_REPRESENTATION_CONTEXT() REPRESENTATION_CONTEXT('2D SPACE',''
  ) );
#6630 = PCURVE('',#6631,#6636);
#6631 = PLANE('',#6632);
#6632 = AXIS2_PLACEMENT_3D('',#6633,#6634,#6635);
#6633 = CARTESIAN_POINT('',(0.909807621135,0.97583302492,-2.25));
#6634 = DIRECTION('',(0.,0.,1.));
#6635 = DIRECTION('',(0.5,0.866025403784,0.));
#6636 = DEFINITIONAL_REPRESENTATION('',(#6637),#6641);
#6637 = CIRCLE('',#6638,1.6);
#6638 = AXIS2_PLACEMENT_2D('',#6639,#6640);
#6639 = CARTESIAN_POINT('',(-1.3,0.3));
#6640 = DIRECTION('',(0.5,-0.866025403784));
#6641 = ( GEOMETRIC_REPRESENTATION_CONTEXT(2)
PARAMETRIC_REPRESENTATION_CONTEXT() REPRESENTATION_CONTEXT('2D SPACE',''
  ) );
#6642 = ORIENTED_EDGE('',*,*,#6643,.T.);
#6643 = EDGE_CURVE('',#6615,#6644,#6646,.T.);
#6644 = VERTEX_POINT('',#6645);
#6645 = CARTESIAN_POINT('',(-0.428186507728,1.5416407865,-2.25));
#6646 = SURFACE_CURVE('',#6647,(#6652,#6659),.PCURVE_S1.);
#6647 = CIRCLE('',#6648,1.6);
#6648 = AXIS2_PLACEMENT_3D('',#6649,#6650,#6651);
#6649 = CARTESIAN_POINT('',(0.,0.,-2.25));
#6650 = DIRECTION('',(0.,0.,1.));
#6651 = DIRECTION('',(1.,0.,0.));
#6652 = PCURVE('',#6076,#6653);
#6653 = DEFINITIONAL_REPRESENTATION('',(#6654),#6658);
#6654 = LINE('',#6655,#6656);
#6655 = CARTESIAN_POINT('',(-0.,-4.55));
#6656 = VECTOR('',#6657,1.);
#6657 = DIRECTION('',(-1.,0.));
#6658 = ( GEOMETRIC_REPRESENTATION_CONTEXT(2)
PARAMETRIC_REPRESENTATION_CONTEXT() REPRESENTATION_CONTEXT('2D SPACE',''
  ) );
#6659 = PCURVE('',#6660,#6665);
#6660 = CYLINDRICAL_SURFACE('',#6661,1.6);
#6661 = AXIS2_PLACEMENT_3D('',#6662,#6663,#6664);
#6662 = CARTESIAN_POINT('',(0.,0.,-2.25));
#6663 = DIRECTION('',(-0.,-0.,-1.));
#6664 = DIRECTION('',(1.,0.,0.));
#6665 = DEFINITIONAL_REPRESENTATION('',(#6666),#6670);
#6666 = LINE('',#6667,#6668);
#6667 = CARTESIAN_POINT('',(-0.,0.));
#6668 = VECTOR('',#6669,1.);
#6669 = DIRECTION('',(-1.,0.));
#6670 = ( GEOMETRIC_REPRESENTATION_CONTEXT(2)
PARAMETRIC_REPRESENTATION_CONTEXT() REPRESENTATION_CONTEXT('2D SPACE',''
  ) );
#6671 = ORIENTED_EDGE('',*,*,#6672,.T.);
#6672 = EDGE_CURVE('',#6644,#6673,#6675,.T.);
#6673 = VERTEX_POINT('',#6674);
#6674 = CARTESIAN_POINT('',(-1.121006830755,1.1416407865,-2.25));
#6675 = SURFACE_CURVE('',#6676,(#6681,#6688),.PCURVE_S1.);
#6676 = CIRCLE('',#6677,1.6);
#6677 = AXIS2_PLACEMENT_3D('',#6678,#6679,#6680);
#6678 = CARTESIAN_POINT('',(0.,0.,-2.25));
#6679 = DIRECTION('',(0.,0.,1.));
#6680 = DIRECTION('',(1.,0.,0.));
#6681 = PCURVE('',#6076,#6682);
#6682 = DEFINITIONAL_REPRESENTATION('',(#6683),#6687);
#6683 = LINE('',#6684,#6685);
#6684 = CARTESIAN_POINT('',(-0.,-4.55));
#6685 = VECTOR('',#6686,1.);
#6686 = DIRECTION('',(-1.,0.));
#6687 = ( GEOMETRIC_REPRESENTATION_CONTEXT(2)
PARAMETRIC_REPRESENTATION_CONTEXT() REPRESENTATION_CONTEXT('2D SPACE',''
  ) );
#6688 = PCURVE('',#6689,#6694);
#6689 = PLANE('',#6690);
#6690 = AXIS2_PLACEMENT_3D('',#6691,#6692,#6693);
#6691 = CARTESIAN_POINT('',(-0.303589838486,1.32583302492,-2.25));
#6692 = DIRECTION('',(0.,0.,1.));
#6693 = DIRECTION('',(-0.5,0.866025403784,0.));
#6694 = DEFINITIONAL_REPRESENTATION('',(#6695),#6699);
#6695 = CIRCLE('',#6696,1.6);
#6696 = AXIS2_PLACEMENT_2D('',#6697,#6698);
#6697 = CARTESIAN_POINT('',(-1.3,0.4));
#6698 = DIRECTION('',(-0.5,-0.866025403784));
#6699 = ( GEOMETRIC_REPRESENTATION_CONTEXT(2)
PARAMETRIC_REPRESENTATION_CONTEXT() REPRESENTATION_CONTEXT('2D SPACE',''
  ) );
#6700 = ORIENTED_EDGE('',*,*,#6701,.T.);
#6701 = EDGE_CURVE('',#6673,#6702,#6704,.T.);
#6702 = VERTEX_POINT('',#6703);
#6703 = CARTESIAN_POINT('',(-1.57162336455,0.3,-2.25));
#6704 = SURFACE_CURVE('',#6705,(#6710,#6717),.PCURVE_S1.);
#6705 = CIRCLE('',#6706,1.6);
#6706 = AXIS2_PLACEMENT_3D('',#6707,#6708,#6709);
#6707 = CARTESIAN_POINT('',(0.,0.,-2.25));
#6708 = DIRECTION('',(0.,0.,1.));
#6709 = DIRECTION('',(1.,0.,0.));
#6710 = PCURVE('',#6076,#6711);
#6711 = DEFINITIONAL_REPRESENTATION('',(#6712),#6716);
#6712 = LINE('',#6713,#6714);
#6713 = CARTESIAN_POINT('',(-0.,-4.55));
#6714 = VECTOR('',#6715,1.);
#6715 = DIRECTION('',(-1.,0.));
#6716 = ( GEOMETRIC_REPRESENTATION_CONTEXT(2)
PARAMETRIC_REPRESENTATION_CONTEXT() REPRESENTATION_CONTEXT('2D SPACE',''
  ) );
#6717 = PCURVE('',#6718,#6723);
#6718 = CYLINDRICAL_SURFACE('',#6719,1.6);
#6719 = AXIS2_PLACEMENT_3D('',#6720,#6721,#6722);
#6720 = CARTESIAN_POINT('',(0.,0.,-2.25));
#6721 = DIRECTION('',(-0.,-0.,-1.));
#6722 = DIRECTION('',(1.,0.,0.));
#6723 = DEFINITIONAL_REPRESENTATION('',(#6724),#6728);
#6724 = LINE('',#6725,#6726);
#6725 = CARTESIAN_POINT('',(-0.,0.));
#6726 = VECTOR('',#6727,1.);
#6727 = DIRECTION('',(-1.,0.));
#6728 = ( GEOMETRIC_REPRESENTATION_CONTEXT(2)
PARAMETRIC_REPRESENTATION_CONTEXT() REPRESENTATION_CONTEXT('2D SPACE',''
  ) );
#6729 = ORIENTED_EDGE('',*,*,#6730,.T.);
#6730 = EDGE_CURVE('',#6702,#6731,#6733,.T.);
#6731 = VERTEX_POINT('',#6732);
#6732 = CARTESIAN_POINT('',(-1.6,1.959434878636E-16,-2.25));
#6733 = SURFACE_CURVE('',#6734,(#6739,#6746),.PCURVE_S1.);
#6734 = CIRCLE('',#6735,1.6);
#6735 = AXIS2_PLACEMENT_3D('',#6736,#6737,#6738);
#6736 = CARTESIAN_POINT('',(0.,0.,-2.25));
#6737 = DIRECTION('',(0.,0.,1.));
#6738 = DIRECTION('',(1.,0.,0.));
#6739 = PCURVE('',#6076,#6740);
#6740 = DEFINITIONAL_REPRESENTATION('',(#6741),#6745);
#6741 = LINE('',#6742,#6743);
#6742 = CARTESIAN_POINT('',(-0.,-4.55));
#6743 = VECTOR('',#6744,1.);
#6744 = DIRECTION('',(-1.,0.));
#6745 = ( GEOMETRIC_REPRESENTATION_CONTEXT(2)
PARAMETRIC_REPRESENTATION_CONTEXT() REPRESENTATION_CONTEXT('2D SPACE',''
  ) );
#6746 = PCURVE('',#6747,#6752);
#6747 = PLANE('',#6748);
#6748 = AXIS2_PLACEMENT_3D('',#6749,#6750,#6751);
#6749 = CARTESIAN_POINT('',(-1.3,0.3,-2.25));
#6750 = DIRECTION('',(0.,0.,1.));
#6751 = DIRECTION('',(-1.,1.224646799147E-16,0.));
#6752 = DEFINITIONAL_REPRESENTATION('',(#6753),#6757);
#6753 = CIRCLE('',#6754,1.6);
#6754 = AXIS2_PLACEMENT_2D('',#6755,#6756);
#6755 = CARTESIAN_POINT('',(-1.3,0.3));
#6756 = DIRECTION('',(-1.,-1.224646799147E-16));
#6757 = ( GEOMETRIC_REPRESENTATION_CONTEXT(2)
PARAMETRIC_REPRESENTATION_CONTEXT() REPRESENTATION_CONTEXT('2D SPACE',''
  ) );
#6758 = ORIENTED_EDGE('',*,*,#6759,.T.);
#6759 = EDGE_CURVE('',#6731,#6561,#6760,.T.);
#6760 = SURFACE_CURVE('',#6761,(#6765,#6771),.PCURVE_S1.);
#6761 = LINE('',#6762,#6763);
#6762 = CARTESIAN_POINT('',(-1.6,0.,-6.8));
#6763 = VECTOR('',#6764,1.);
#6764 = DIRECTION('',(-0.,-0.,-1.));
#6765 = PCURVE('',#6076,#6766);
#6766 = DEFINITIONAL_REPRESENTATION('',(#6767),#6770);
#6767 = B_SPLINE_CURVE_WITH_KNOTS('',1,(#6768,#6769),.UNSPECIFIED.,.F.,
  .F.,(2,2),(-4.5500006,-0.7199994),.PIECEWISE_BEZIER_KNOTS.);
#6768 = CARTESIAN_POINT('',(-3.14159265359,-4.5500006));
#6769 = CARTESIAN_POINT('',(-3.14159265359,-0.7199994));
#6770 = ( GEOMETRIC_REPRESENTATION_CONTEXT(2)
PARAMETRIC_REPRESENTATION_CONTEXT() REPRESENTATION_CONTEXT('2D SPACE',''
  ) );
#6771 = PCURVE('',#6772,#6777);
#6772 = PLANE('',#6773);
#6773 = AXIS2_PLACEMENT_3D('',#6774,#6775,#6776);
#6774 = CARTESIAN_POINT('',(-30.,0.,-65.));
#6775 = DIRECTION('',(0.,1.,0.));
#6776 = DIRECTION('',(0.,0.,1.));
#6777 = DEFINITIONAL_REPRESENTATION('',(#6778),#6781);
#6778 = B_SPLINE_CURVE_WITH_KNOTS('',1,(#6779,#6780),.UNSPECIFIED.,.F.,
  .F.,(2,2),(-4.5500006,-0.7199994),.PIECEWISE_BEZIER_KNOTS.);
#6779 = CARTESIAN_POINT('',(62.7500006,28.4));
#6780 = CARTESIAN_POINT('',(58.9199994,28.4));
#6781 = ( GEOMETRIC_REPRESENTATION_CONTEXT(2)
PARAMETRIC_REPRESENTATION_CONTEXT() REPRESENTATION_CONTEXT('2D SPACE',''
  ) );
#6782 = ADVANCED_FACE('',(#6783),#6188,.T.);
#6783 = FACE_BOUND('',#6784,.T.);
#6784 = EDGE_LOOP('',(#6785,#6786,#6808,#6809));
#6785 = ORIENTED_EDGE('',*,*,#6172,.F.);
#6786 = ORIENTED_EDGE('',*,*,#6787,.F.);
#6787 = EDGE_CURVE('',#6511,#6145,#6788,.T.);
#6788 = SURFACE_CURVE('',#6789,(#6794,#6801),.PCURVE_S1.);
#6789 = CIRCLE('',#6790,1.6);
#6790 = AXIS2_PLACEMENT_3D('',#6791,#6792,#6793);
#6791 = CARTESIAN_POINT('',(0.,0.,-1.55));
#6792 = DIRECTION('',(0.,0.,1.));
#6793 = DIRECTION('',(1.,0.,0.));
#6794 = PCURVE('',#6188,#6795);
#6795 = DEFINITIONAL_REPRESENTATION('',(#6796),#6800);
#6796 = CIRCLE('',#6797,1.6);
#6797 = AXIS2_PLACEMENT_2D('',#6798,#6799);
#6798 = CARTESIAN_POINT('',(-1.3,0.4));
#6799 = DIRECTION('',(1.,0.));
#6800 = ( GEOMETRIC_REPRESENTATION_CONTEXT(2)
PARAMETRIC_REPRESENTATION_CONTEXT() REPRESENTATION_CONTEXT('2D SPACE',''
  ) );
#6801 = PCURVE('',#6525,#6802);
#6802 = DEFINITIONAL_REPRESENTATION('',(#6803),#6807);
#6803 = CIRCLE('',#6804,1.6);
#6804 = AXIS2_PLACEMENT_2D('',#6805,#6806);
#6805 = CARTESIAN_POINT('',(1.068312603546E-16,-1.483480247548E-16));
#6806 = DIRECTION('',(1.,0.));
#6807 = ( GEOMETRIC_REPRESENTATION_CONTEXT(2)
PARAMETRIC_REPRESENTATION_CONTEXT() REPRESENTATION_CONTEXT('2D SPACE',''
  ) );
#6808 = ORIENTED_EDGE('',*,*,#6536,.F.);
#6809 = ORIENTED_EDGE('',*,*,#6224,.T.);
#6810 = ADVANCED_FACE('',(#6811),#6160,.T.);
#6811 = FACE_BOUND('',#6812,.F.);
#6812 = EDGE_LOOP('',(#6813,#6814,#6815,#6839));
#6813 = ORIENTED_EDGE('',*,*,#6590,.F.);
#6814 = ORIENTED_EDGE('',*,*,#6144,.F.);
#6815 = ORIENTED_EDGE('',*,*,#6816,.T.);
#6816 = EDGE_CURVE('',#6145,#6817,#6819,.T.);
#6817 = VERTEX_POINT('',#6818);
#6818 = CARTESIAN_POINT('',(1.04561930341,1.211065758882,-1.55));
#6819 = SURFACE_CURVE('',#6820,(#6825,#6832),.PCURVE_S1.);
#6820 = CIRCLE('',#6821,1.6);
#6821 = AXIS2_PLACEMENT_3D('',#6822,#6823,#6824);
#6822 = CARTESIAN_POINT('',(0.,0.,-1.55));
#6823 = DIRECTION('',(0.,0.,1.));
#6824 = DIRECTION('',(1.,0.,0.));
#6825 = PCURVE('',#6160,#6826);
#6826 = DEFINITIONAL_REPRESENTATION('',(#6827),#6831);
#6827 = LINE('',#6828,#6829);
#6828 = CARTESIAN_POINT('',(-0.,-0.7));
#6829 = VECTOR('',#6830,1.);
#6830 = DIRECTION('',(-1.,0.));
#6831 = ( GEOMETRIC_REPRESENTATION_CONTEXT(2)
PARAMETRIC_REPRESENTATION_CONTEXT() REPRESENTATION_CONTEXT('2D SPACE',''
  ) );
#6832 = PCURVE('',#6499,#6833);
#6833 = DEFINITIONAL_REPRESENTATION('',(#6834),#6838);
#6834 = CIRCLE('',#6835,1.6);
#6835 = AXIS2_PLACEMENT_2D('',#6836,#6837);
#6836 = CARTESIAN_POINT('',(1.068312603546E-16,-1.483480247548E-16));
#6837 = DIRECTION('',(1.,0.));
#6838 = ( GEOMETRIC_REPRESENTATION_CONTEXT(2)
PARAMETRIC_REPRESENTATION_CONTEXT() REPRESENTATION_CONTEXT('2D SPACE',''
  ) );
#6839 = ORIENTED_EDGE('',*,*,#6840,.T.);
#6840 = EDGE_CURVE('',#6817,#6591,#6841,.T.);
#6841 = SURFACE_CURVE('',#6842,(#6846,#6853),.PCURVE_S1.);
#6842 = LINE('',#6843,#6844);
#6843 = CARTESIAN_POINT('',(1.04561930341,1.211065758882,-2.25));
#6844 = VECTOR('',#6845,1.);
#6845 = DIRECTION('',(-0.,-0.,-1.));
#6846 = PCURVE('',#6160,#6847);
#6847 = DEFINITIONAL_REPRESENTATION('',(#6848),#6852);
#6848 = LINE('',#6849,#6850);
#6849 = CARTESIAN_POINT('',(-0.858581165021,0.));
#6850 = VECTOR('',#6851,1.);
#6851 = DIRECTION('',(-0.,1.));
#6852 = ( GEOMETRIC_REPRESENTATION_CONTEXT(2)
PARAMETRIC_REPRESENTATION_CONTEXT() REPRESENTATION_CONTEXT('2D SPACE',''
  ) );
#6853 = PCURVE('',#6854,#6859);
#6854 = PLANE('',#6855);
#6855 = AXIS2_PLACEMENT_3D('',#6856,#6857,#6858);
#6856 = CARTESIAN_POINT('',(0.909807621135,0.97583302492,-2.25));
#6857 = DIRECTION('',(-0.866025403784,0.5,0.));
#6858 = DIRECTION('',(0.,0.,1.));
#6859 = DEFINITIONAL_REPRESENTATION('',(#6860),#6864);
#6860 = LINE('',#6861,#6862);
#6861 = CARTESIAN_POINT('',(0.,0.27162336455));
#6862 = VECTOR('',#6863,1.);
#6863 = DIRECTION('',(-1.,0.));
#6864 = ( GEOMETRIC_REPRESENTATION_CONTEXT(2)
PARAMETRIC_REPRESENTATION_CONTEXT() REPRESENTATION_CONTEXT('2D SPACE',''
  ) );
#6865 = ADVANCED_FACE('',(#6866),#6525,.T.);
#6866 = FACE_BOUND('',#6867,.T.);
#6867 = EDGE_LOOP('',(#6868,#6869,#6870,#6893));
#6868 = ORIENTED_EDGE('',*,*,#6510,.F.);
#6869 = ORIENTED_EDGE('',*,*,#6787,.T.);
#6870 = ORIENTED_EDGE('',*,*,#6871,.F.);
#6871 = EDGE_CURVE('',#6872,#6145,#6874,.T.);
#6872 = VERTEX_POINT('',#6873);
#6873 = CARTESIAN_POINT('',(1.3,0.4,-1.55));
#6874 = SURFACE_CURVE('',#6875,(#6879,#6886),.PCURVE_S1.);
#6875 = LINE('',#6876,#6877);
#6876 = CARTESIAN_POINT('',(1.3,0.4,-1.55));
#6877 = VECTOR('',#6878,1.);
#6878 = DIRECTION('',(1.,0.,0.));
#6879 = PCURVE('',#6525,#6880);
#6880 = DEFINITIONAL_REPRESENTATION('',(#6881),#6885);
#6881 = LINE('',#6882,#6883);
#6882 = CARTESIAN_POINT('',(1.3,0.4));
#6883 = VECTOR('',#6884,1.);
#6884 = DIRECTION('',(1.,0.));
#6885 = ( GEOMETRIC_REPRESENTATION_CONTEXT(2)
PARAMETRIC_REPRESENTATION_CONTEXT() REPRESENTATION_CONTEXT('2D SPACE',''
  ) );
#6886 = PCURVE('',#6499,#6887);
#6887 = DEFINITIONAL_REPRESENTATION('',(#6888),#6892);
#6888 = LINE('',#6889,#6890);
#6889 = CARTESIAN_POINT('',(1.3,0.4));
#6890 = VECTOR('',#6891,1.);
#6891 = DIRECTION('',(1.,0.));
#6892 = ( GEOMETRIC_REPRESENTATION_CONTEXT(2)
PARAMETRIC_REPRESENTATION_CONTEXT() REPRESENTATION_CONTEXT('2D SPACE',''
  ) );
#6893 = ORIENTED_EDGE('',*,*,#6894,.F.);
#6894 = EDGE_CURVE('',#6485,#6872,#6895,.T.);
#6895 = SURFACE_CURVE('',#6896,(#6900,#6907),.PCURVE_S1.);
#6896 = LINE('',#6897,#6898);
#6897 = CARTESIAN_POINT('',(1.3,-0.4,-1.55));
#6898 = VECTOR('',#6899,1.);
#6899 = DIRECTION('',(0.,1.,0.));
#6900 = PCURVE('',#6525,#6901);
#6901 = DEFINITIONAL_REPRESENTATION('',(#6902),#6906);
#6902 = LINE('',#6903,#6904);
#6903 = CARTESIAN_POINT('',(1.3,-0.4));
#6904 = VECTOR('',#6905,1.);
#6905 = DIRECTION('',(0.,1.));
#6906 = ( GEOMETRIC_REPRESENTATION_CONTEXT(2)
PARAMETRIC_REPRESENTATION_CONTEXT() REPRESENTATION_CONTEXT('2D SPACE',''
  ) );
#6907 = PCURVE('',#6499,#6908);
#6908 = DEFINITIONAL_REPRESENTATION('',(#6909),#6913);
#6909 = LINE('',#6910,#6911);
#6910 = CARTESIAN_POINT('',(1.3,-0.4));
#6911 = VECTOR('',#6912,1.);
#6912 = DIRECTION('',(0.,1.));
#6913 = ( GEOMETRIC_REPRESENTATION_CONTEXT(2)
PARAMETRIC_REPRESENTATION_CONTEXT() REPRESENTATION_CONTEXT('2D SPACE',''
  ) );
#6914 = ADVANCED_FACE('',(#6915),#6499,.T.);
#6915 = FACE_BOUND('',#6916,.T.);
#6916 = EDGE_LOOP('',(#6917,#6918,#6919,#6920,#6921,#6949,#6972,#6995,
    #7019,#7047,#7070,#7093,#7117,#7145,#7168,#7189));
#6917 = ORIENTED_EDGE('',*,*,#6484,.F.);
#6918 = ORIENTED_EDGE('',*,*,#6894,.T.);
#6919 = ORIENTED_EDGE('',*,*,#6871,.T.);
#6920 = ORIENTED_EDGE('',*,*,#6816,.T.);
#6921 = ORIENTED_EDGE('',*,*,#6922,.F.);
#6922 = EDGE_CURVE('',#6923,#6817,#6925,.T.);
#6923 = VERTEX_POINT('',#6924);
#6924 = CARTESIAN_POINT('',(0.909807621135,0.97583302492,-1.55));
#6925 = SURFACE_CURVE('',#6926,(#6930,#6937),.PCURVE_S1.);
#6926 = LINE('',#6927,#6928);
#6927 = CARTESIAN_POINT('',(0.909807621135,0.97583302492,-1.55));
#6928 = VECTOR('',#6929,1.);
#6929 = DIRECTION('',(0.5,0.866025403784,0.));
#6930 = PCURVE('',#6499,#6931);
#6931 = DEFINITIONAL_REPRESENTATION('',(#6932),#6936);
#6932 = LINE('',#6933,#6934);
#6933 = CARTESIAN_POINT('',(0.909807621135,0.97583302492));
#6934 = VECTOR('',#6935,1.);
#6935 = DIRECTION('',(0.5,0.866025403784));
#6936 = ( GEOMETRIC_REPRESENTATION_CONTEXT(2)
PARAMETRIC_REPRESENTATION_CONTEXT() REPRESENTATION_CONTEXT('2D SPACE',''
  ) );
#6937 = PCURVE('',#6938,#6943);
#6938 = PLANE('',#6939);
#6939 = AXIS2_PLACEMENT_3D('',#6940,#6941,#6942);
#6940 = CARTESIAN_POINT('',(-1.068312603546E-16,1.483480247548E-16,-1.55
    ));
#6941 = DIRECTION('',(0.,0.,1.));
#6942 = DIRECTION('',(1.,0.,-0.));
#6943 = DEFINITIONAL_REPRESENTATION('',(#6944),#6948);
#6944 = LINE('',#6945,#6946);
#6945 = CARTESIAN_POINT('',(0.909807621135,0.97583302492));
#6946 = VECTOR('',#6947,1.);
#6947 = DIRECTION('',(0.5,0.866025403784));
#6948 = ( GEOMETRIC_REPRESENTATION_CONTEXT(2)
PARAMETRIC_REPRESENTATION_CONTEXT() REPRESENTATION_CONTEXT('2D SPACE',''
  ) );
#6949 = ORIENTED_EDGE('',*,*,#6950,.T.);
#6950 = EDGE_CURVE('',#6923,#6951,#6953,.T.);
#6951 = VERTEX_POINT('',#6952);
#6952 = CARTESIAN_POINT('',(0.390192378865,1.27583302492,-1.55));
#6953 = SURFACE_CURVE('',#6954,(#6958,#6965),.PCURVE_S1.);
#6954 = LINE('',#6955,#6956);
#6955 = CARTESIAN_POINT('',(0.909807621135,0.97583302492,-1.55));
#6956 = VECTOR('',#6957,1.);
#6957 = DIRECTION('',(-0.866025403784,0.5,0.));
#6958 = PCURVE('',#6499,#6959);
#6959 = DEFINITIONAL_REPRESENTATION('',(#6960),#6964);
#6960 = LINE('',#6961,#6962);
#6961 = CARTESIAN_POINT('',(0.909807621135,0.97583302492));
#6962 = VECTOR('',#6963,1.);
#6963 = DIRECTION('',(-0.866025403784,0.5));
#6964 = ( GEOMETRIC_REPRESENTATION_CONTEXT(2)
PARAMETRIC_REPRESENTATION_CONTEXT() REPRESENTATION_CONTEXT('2D SPACE',''
  ) );
#6965 = PCURVE('',#6938,#6966);
#6966 = DEFINITIONAL_REPRESENTATION('',(#6967),#6971);
#6967 = LINE('',#6968,#6969);
#6968 = CARTESIAN_POINT('',(0.909807621135,0.97583302492));
#6969 = VECTOR('',#6970,1.);
#6970 = DIRECTION('',(-0.866025403784,0.5));
#6971 = ( GEOMETRIC_REPRESENTATION_CONTEXT(2)
PARAMETRIC_REPRESENTATION_CONTEXT() REPRESENTATION_CONTEXT('2D SPACE',''
  ) );
#6972 = ORIENTED_EDGE('',*,*,#6973,.T.);
#6973 = EDGE_CURVE('',#6951,#6974,#6976,.T.);
#6974 = VERTEX_POINT('',#6975);
#6975 = CARTESIAN_POINT('',(0.52600406114,1.511065758882,-1.55));
#6976 = SURFACE_CURVE('',#6977,(#6981,#6988),.PCURVE_S1.);
#6977 = LINE('',#6978,#6979);
#6978 = CARTESIAN_POINT('',(0.390192378865,1.27583302492,-1.55));
#6979 = VECTOR('',#6980,1.);
#6980 = DIRECTION('',(0.5,0.866025403784,0.));
#6981 = PCURVE('',#6499,#6982);
#6982 = DEFINITIONAL_REPRESENTATION('',(#6983),#6987);
#6983 = LINE('',#6984,#6985);
#6984 = CARTESIAN_POINT('',(0.390192378865,1.27583302492));
#6985 = VECTOR('',#6986,1.);
#6986 = DIRECTION('',(0.5,0.866025403784));
#6987 = ( GEOMETRIC_REPRESENTATION_CONTEXT(2)
PARAMETRIC_REPRESENTATION_CONTEXT() REPRESENTATION_CONTEXT('2D SPACE',''
  ) );
#6988 = PCURVE('',#6938,#6989);
#6989 = DEFINITIONAL_REPRESENTATION('',(#6990),#6994);
#6990 = LINE('',#6991,#6992);
#6991 = CARTESIAN_POINT('',(0.390192378865,1.27583302492));
#6992 = VECTOR('',#6993,1.);
#6993 = DIRECTION('',(0.5,0.866025403784));
#6994 = ( GEOMETRIC_REPRESENTATION_CONTEXT(2)
PARAMETRIC_REPRESENTATION_CONTEXT() REPRESENTATION_CONTEXT('2D SPACE',''
  ) );
#6995 = ORIENTED_EDGE('',*,*,#6996,.T.);
#6996 = EDGE_CURVE('',#6974,#6997,#6999,.T.);
#6997 = VERTEX_POINT('',#6998);
#6998 = CARTESIAN_POINT('',(-0.428186507728,1.5416407865,-1.55));
#6999 = SURFACE_CURVE('',#7000,(#7005,#7012),.PCURVE_S1.);
#7000 = CIRCLE('',#7001,1.6);
#7001 = AXIS2_PLACEMENT_3D('',#7002,#7003,#7004);
#7002 = CARTESIAN_POINT('',(0.,0.,-1.55));
#7003 = DIRECTION('',(0.,0.,1.));
#7004 = DIRECTION('',(1.,0.,0.));
#7005 = PCURVE('',#6499,#7006);
#7006 = DEFINITIONAL_REPRESENTATION('',(#7007),#7011);
#7007 = CIRCLE('',#7008,1.6);
#7008 = AXIS2_PLACEMENT_2D('',#7009,#7010);
#7009 = CARTESIAN_POINT('',(1.068312603546E-16,-1.483480247548E-16));
#7010 = DIRECTION('',(1.,0.));
#7011 = ( GEOMETRIC_REPRESENTATION_CONTEXT(2)
PARAMETRIC_REPRESENTATION_CONTEXT() REPRESENTATION_CONTEXT('2D SPACE',''
  ) );
#7012 = PCURVE('',#6660,#7013);
#7013 = DEFINITIONAL_REPRESENTATION('',(#7014),#7018);
#7014 = LINE('',#7015,#7016);
#7015 = CARTESIAN_POINT('',(-0.,-0.7));
#7016 = VECTOR('',#7017,1.);
#7017 = DIRECTION('',(-1.,0.));
#7018 = ( GEOMETRIC_REPRESENTATION_CONTEXT(2)
PARAMETRIC_REPRESENTATION_CONTEXT() REPRESENTATION_CONTEXT('2D SPACE',''
  ) );
#7019 = ORIENTED_EDGE('',*,*,#7020,.F.);
#7020 = EDGE_CURVE('',#7021,#6997,#7023,.T.);
#7021 = VERTEX_POINT('',#7022);
#7022 = CARTESIAN_POINT('',(-0.303589838486,1.32583302492,-1.55));
#7023 = SURFACE_CURVE('',#7024,(#7028,#7035),.PCURVE_S1.);
#7024 = LINE('',#7025,#7026);
#7025 = CARTESIAN_POINT('',(-0.303589838486,1.32583302492,-1.55));
#7026 = VECTOR('',#7027,1.);
#7027 = DIRECTION('',(-0.5,0.866025403784,0.));
#7028 = PCURVE('',#6499,#7029);
#7029 = DEFINITIONAL_REPRESENTATION('',(#7030),#7034);
#7030 = LINE('',#7031,#7032);
#7031 = CARTESIAN_POINT('',(-0.303589838486,1.32583302492));
#7032 = VECTOR('',#7033,1.);
#7033 = DIRECTION('',(-0.5,0.866025403784));
#7034 = ( GEOMETRIC_REPRESENTATION_CONTEXT(2)
PARAMETRIC_REPRESENTATION_CONTEXT() REPRESENTATION_CONTEXT('2D SPACE',''
  ) );
#7035 = PCURVE('',#7036,#7041);
#7036 = PLANE('',#7037);
#7037 = AXIS2_PLACEMENT_3D('',#7038,#7039,#7040);
#7038 = CARTESIAN_POINT('',(-1.068312603546E-16,1.483480247548E-16,-1.55
    ));
#7039 = DIRECTION('',(0.,0.,1.));
#7040 = DIRECTION('',(1.,0.,-0.));
#7041 = DEFINITIONAL_REPRESENTATION('',(#7042),#7046);
#7042 = LINE('',#7043,#7044);
#7043 = CARTESIAN_POINT('',(-0.303589838486,1.32583302492));
#7044 = VECTOR('',#7045,1.);
#7045 = DIRECTION('',(-0.5,0.866025403784));
#7046 = ( GEOMETRIC_REPRESENTATION_CONTEXT(2)
PARAMETRIC_REPRESENTATION_CONTEXT() REPRESENTATION_CONTEXT('2D SPACE',''
  ) );
#7047 = ORIENTED_EDGE('',*,*,#7048,.T.);
#7048 = EDGE_CURVE('',#7021,#7049,#7051,.T.);
#7049 = VERTEX_POINT('',#7050);
#7050 = CARTESIAN_POINT('',(-0.996410161514,0.92583302492,-1.55));
#7051 = SURFACE_CURVE('',#7052,(#7056,#7063),.PCURVE_S1.);
#7052 = LINE('',#7053,#7054);
#7053 = CARTESIAN_POINT('',(-0.303589838486,1.32583302492,-1.55));
#7054 = VECTOR('',#7055,1.);
#7055 = DIRECTION('',(-0.866025403784,-0.5,0.));
#7056 = PCURVE('',#6499,#7057);
#7057 = DEFINITIONAL_REPRESENTATION('',(#7058),#7062);
#7058 = LINE('',#7059,#7060);
#7059 = CARTESIAN_POINT('',(-0.303589838486,1.32583302492));
#7060 = VECTOR('',#7061,1.);
#7061 = DIRECTION('',(-0.866025403784,-0.5));
#7062 = ( GEOMETRIC_REPRESENTATION_CONTEXT(2)
PARAMETRIC_REPRESENTATION_CONTEXT() REPRESENTATION_CONTEXT('2D SPACE',''
  ) );
#7063 = PCURVE('',#7036,#7064);
#7064 = DEFINITIONAL_REPRESENTATION('',(#7065),#7069);
#7065 = LINE('',#7066,#7067);
#7066 = CARTESIAN_POINT('',(-0.303589838486,1.32583302492));
#7067 = VECTOR('',#7068,1.);
#7068 = DIRECTION('',(-0.866025403784,-0.5));
#7069 = ( GEOMETRIC_REPRESENTATION_CONTEXT(2)
PARAMETRIC_REPRESENTATION_CONTEXT() REPRESENTATION_CONTEXT('2D SPACE',''
  ) );
#7070 = ORIENTED_EDGE('',*,*,#7071,.T.);
#7071 = EDGE_CURVE('',#7049,#7072,#7074,.T.);
#7072 = VERTEX_POINT('',#7073);
#7073 = CARTESIAN_POINT('',(-1.121006830755,1.1416407865,-1.55));
#7074 = SURFACE_CURVE('',#7075,(#7079,#7086),.PCURVE_S1.);
#7075 = LINE('',#7076,#7077);
#7076 = CARTESIAN_POINT('',(-0.996410161514,0.92583302492,-1.55));
#7077 = VECTOR('',#7078,1.);
#7078 = DIRECTION('',(-0.5,0.866025403784,0.));
#7079 = PCURVE('',#6499,#7080);
#7080 = DEFINITIONAL_REPRESENTATION('',(#7081),#7085);
#7081 = LINE('',#7082,#7083);
#7082 = CARTESIAN_POINT('',(-0.996410161514,0.92583302492));
#7083 = VECTOR('',#7084,1.);
#7084 = DIRECTION('',(-0.5,0.866025403784));
#7085 = ( GEOMETRIC_REPRESENTATION_CONTEXT(2)
PARAMETRIC_REPRESENTATION_CONTEXT() REPRESENTATION_CONTEXT('2D SPACE',''
  ) );
#7086 = PCURVE('',#7036,#7087);
#7087 = DEFINITIONAL_REPRESENTATION('',(#7088),#7092);
#7088 = LINE('',#7089,#7090);
#7089 = CARTESIAN_POINT('',(-0.996410161514,0.92583302492));
#7090 = VECTOR('',#7091,1.);
#7091 = DIRECTION('',(-0.5,0.866025403784));
#7092 = ( GEOMETRIC_REPRESENTATION_CONTEXT(2)
PARAMETRIC_REPRESENTATION_CONTEXT() REPRESENTATION_CONTEXT('2D SPACE',''
  ) );
#7093 = ORIENTED_EDGE('',*,*,#7094,.T.);
#7094 = EDGE_CURVE('',#7072,#7095,#7097,.T.);
#7095 = VERTEX_POINT('',#7096);
#7096 = CARTESIAN_POINT('',(-1.57162336455,0.3,-1.55));
#7097 = SURFACE_CURVE('',#7098,(#7103,#7110),.PCURVE_S1.);
#7098 = CIRCLE('',#7099,1.6);
#7099 = AXIS2_PLACEMENT_3D('',#7100,#7101,#7102);
#7100 = CARTESIAN_POINT('',(0.,0.,-1.55));
#7101 = DIRECTION('',(0.,0.,1.));
#7102 = DIRECTION('',(1.,0.,0.));
#7103 = PCURVE('',#6499,#7104);
#7104 = DEFINITIONAL_REPRESENTATION('',(#7105),#7109);
#7105 = CIRCLE('',#7106,1.6);
#7106 = AXIS2_PLACEMENT_2D('',#7107,#7108);
#7107 = CARTESIAN_POINT('',(1.068312603546E-16,-1.483480247548E-16));
#7108 = DIRECTION('',(1.,0.));
#7109 = ( GEOMETRIC_REPRESENTATION_CONTEXT(2)
PARAMETRIC_REPRESENTATION_CONTEXT() REPRESENTATION_CONTEXT('2D SPACE',''
  ) );
#7110 = PCURVE('',#6718,#7111);
#7111 = DEFINITIONAL_REPRESENTATION('',(#7112),#7116);
#7112 = LINE('',#7113,#7114);
#7113 = CARTESIAN_POINT('',(-0.,-0.7));
#7114 = VECTOR('',#7115,1.);
#7115 = DIRECTION('',(-1.,0.));
#7116 = ( GEOMETRIC_REPRESENTATION_CONTEXT(2)
PARAMETRIC_REPRESENTATION_CONTEXT() REPRESENTATION_CONTEXT('2D SPACE',''
  ) );
#7117 = ORIENTED_EDGE('',*,*,#7118,.F.);
#7118 = EDGE_CURVE('',#7119,#7095,#7121,.T.);
#7119 = VERTEX_POINT('',#7120);
#7120 = CARTESIAN_POINT('',(-1.3,0.3,-1.55));
#7121 = SURFACE_CURVE('',#7122,(#7126,#7133),.PCURVE_S1.);
#7122 = LINE('',#7123,#7124);
#7123 = CARTESIAN_POINT('',(-1.3,0.3,-1.55));
#7124 = VECTOR('',#7125,1.);
#7125 = DIRECTION('',(-1.,1.224646799147E-16,0.));
#7126 = PCURVE('',#6499,#7127);
#7127 = DEFINITIONAL_REPRESENTATION('',(#7128),#7132);
#7128 = LINE('',#7129,#7130);
#7129 = CARTESIAN_POINT('',(-1.3,0.3));
#7130 = VECTOR('',#7131,1.);
#7131 = DIRECTION('',(-1.,1.224646799147E-16));
#7132 = ( GEOMETRIC_REPRESENTATION_CONTEXT(2)
PARAMETRIC_REPRESENTATION_CONTEXT() REPRESENTATION_CONTEXT('2D SPACE',''
  ) );
#7133 = PCURVE('',#7134,#7139);
#7134 = PLANE('',#7135);
#7135 = AXIS2_PLACEMENT_3D('',#7136,#7137,#7138);
#7136 = CARTESIAN_POINT('',(-1.068312603546E-16,1.483480247548E-16,-1.55
    ));
#7137 = DIRECTION('',(0.,0.,1.));
#7138 = DIRECTION('',(1.,0.,-0.));
#7139 = DEFINITIONAL_REPRESENTATION('',(#7140),#7144);
#7140 = LINE('',#7141,#7142);
#7141 = CARTESIAN_POINT('',(-1.3,0.3));
#7142 = VECTOR('',#7143,1.);
#7143 = DIRECTION('',(-1.,1.224646799147E-16));
#7144 = ( GEOMETRIC_REPRESENTATION_CONTEXT(2)
PARAMETRIC_REPRESENTATION_CONTEXT() REPRESENTATION_CONTEXT('2D SPACE',''
  ) );
#7145 = ORIENTED_EDGE('',*,*,#7146,.T.);
#7146 = EDGE_CURVE('',#7119,#7147,#7149,.T.);
#7147 = VERTEX_POINT('',#7148);
#7148 = CARTESIAN_POINT('',(-1.3,0.,-1.55));
#7149 = SURFACE_CURVE('',#7150,(#7154,#7161),.PCURVE_S1.);
#7150 = LINE('',#7151,#7152);
#7151 = CARTESIAN_POINT('',(-1.3,0.3,-1.55));
#7152 = VECTOR('',#7153,1.);
#7153 = DIRECTION('',(-1.224646799147E-16,-1.,0.));
#7154 = PCURVE('',#6499,#7155);
#7155 = DEFINITIONAL_REPRESENTATION('',(#7156),#7160);
#7156 = LINE('',#7157,#7158);
#7157 = CARTESIAN_POINT('',(-1.3,0.3));
#7158 = VECTOR('',#7159,1.);
#7159 = DIRECTION('',(-1.224646799147E-16,-1.));
#7160 = ( GEOMETRIC_REPRESENTATION_CONTEXT(2)
PARAMETRIC_REPRESENTATION_CONTEXT() REPRESENTATION_CONTEXT('2D SPACE',''
  ) );
#7161 = PCURVE('',#7134,#7162);
#7162 = DEFINITIONAL_REPRESENTATION('',(#7163),#7167);
#7163 = LINE('',#7164,#7165);
#7164 = CARTESIAN_POINT('',(-1.3,0.3));
#7165 = VECTOR('',#7166,1.);
#7166 = DIRECTION('',(-1.224646799147E-16,-1.));
#7167 = ( GEOMETRIC_REPRESENTATION_CONTEXT(2)
PARAMETRIC_REPRESENTATION_CONTEXT() REPRESENTATION_CONTEXT('2D SPACE',''
  ) );
#7168 = ORIENTED_EDGE('',*,*,#7169,.F.);
#7169 = EDGE_CURVE('',#7170,#7147,#7172,.T.);
#7170 = VERTEX_POINT('',#7171);
#7171 = CARTESIAN_POINT('',(-1.1,1.894902102862E-16,-1.55));
#7172 = SURFACE_CURVE('',#7173,(#7177,#7183),.PCURVE_S1.);
#7173 = LINE('',#7174,#7175);
#7174 = CARTESIAN_POINT('',(-15.,0.,-1.55));
#7175 = VECTOR('',#7176,1.);
#7176 = DIRECTION('',(-1.,0.,0.));
#7177 = PCURVE('',#6499,#7178);
#7178 = DEFINITIONAL_REPRESENTATION('',(#7179),#7182);
#7179 = B_SPLINE_CURVE_WITH_KNOTS('',1,(#7180,#7181),.UNSPECIFIED.,.F.,
  .F.,(2,2),(-16.54919333848,-13.42837663545),.PIECEWISE_BEZIER_KNOTS.);
#7180 = CARTESIAN_POINT('',(1.549193338483,-1.483480247548E-16));
#7181 = CARTESIAN_POINT('',(-1.57162336455,-1.483480247548E-16));
#7182 = ( GEOMETRIC_REPRESENTATION_CONTEXT(2)
PARAMETRIC_REPRESENTATION_CONTEXT() REPRESENTATION_CONTEXT('2D SPACE',''
  ) );
#7183 = PCURVE('',#6772,#7184);
#7184 = DEFINITIONAL_REPRESENTATION('',(#7185),#7188);
#7185 = B_SPLINE_CURVE_WITH_KNOTS('',1,(#7186,#7187),.UNSPECIFIED.,.F.,
  .F.,(2,2),(-16.54919333848,-13.42837663545),.PIECEWISE_BEZIER_KNOTS.);
#7186 = CARTESIAN_POINT('',(63.45,31.549193338483));
#7187 = CARTESIAN_POINT('',(63.45,28.42837663545));
#7188 = ( GEOMETRIC_REPRESENTATION_CONTEXT(2)
PARAMETRIC_REPRESENTATION_CONTEXT() REPRESENTATION_CONTEXT('2D SPACE',''
  ) );
#7189 = ORIENTED_EDGE('',*,*,#7190,.F.);
#7190 = EDGE_CURVE('',#6457,#7170,#7191,.T.);
#7191 = SURFACE_CURVE('',#7192,(#7197,#7204),.PCURVE_S1.);
#7192 = CIRCLE('',#7193,1.1);
#7193 = AXIS2_PLACEMENT_3D('',#7194,#7195,#7196);
#7194 = CARTESIAN_POINT('',(7.680572051925E-15,5.477906237997E-17,-1.55)
  );
#7195 = DIRECTION('',(0.,0.,1.));
#7196 = DIRECTION('',(1.,0.,0.));
#7197 = PCURVE('',#6499,#7198);
#7198 = DEFINITIONAL_REPRESENTATION('',(#7199),#7203);
#7199 = CIRCLE('',#7200,1.1);
#7200 = AXIS2_PLACEMENT_2D('',#7201,#7202);
#7201 = CARTESIAN_POINT('',(7.787403312279E-15,-9.356896237479E-17));
#7202 = DIRECTION('',(1.,0.));
#7203 = ( GEOMETRIC_REPRESENTATION_CONTEXT(2)
PARAMETRIC_REPRESENTATION_CONTEXT() REPRESENTATION_CONTEXT('2D SPACE',''
  ) );
#7204 = PCURVE('',#6472,#7205);
#7205 = DEFINITIONAL_REPRESENTATION('',(#7206),#7210);
#7206 = LINE('',#7207,#7208);
#7207 = CARTESIAN_POINT('',(-0.,-0.7));
#7208 = VECTOR('',#7209,1.);
#7209 = DIRECTION('',(-1.,0.));
#7210 = ( GEOMETRIC_REPRESENTATION_CONTEXT(2)
PARAMETRIC_REPRESENTATION_CONTEXT() REPRESENTATION_CONTEXT('2D SPACE',''
  ) );
#7211 = ADVANCED_FACE('',(#7212),#6472,.F.);
#7212 = FACE_BOUND('',#7213,.T.);
#7213 = EDGE_LOOP('',(#7214,#7238,#7239,#7240));
#7214 = ORIENTED_EDGE('',*,*,#7215,.F.);
#7215 = EDGE_CURVE('',#6429,#7216,#7218,.T.);
#7216 = VERTEX_POINT('',#7217);
#7217 = CARTESIAN_POINT('',(-1.1,1.894902102862E-16,-2.25));
#7218 = SURFACE_CURVE('',#7219,(#7224,#7231),.PCURVE_S1.);
#7219 = CIRCLE('',#7220,1.1);
#7220 = AXIS2_PLACEMENT_3D('',#7221,#7222,#7223);
#7221 = CARTESIAN_POINT('',(7.680572051925E-15,5.477906237997E-17,-2.25)
  );
#7222 = DIRECTION('',(0.,0.,1.));
#7223 = DIRECTION('',(1.,0.,0.));
#7224 = PCURVE('',#6472,#7225);
#7225 = DEFINITIONAL_REPRESENTATION('',(#7226),#7230);
#7226 = LINE('',#7227,#7228);
#7227 = CARTESIAN_POINT('',(-0.,0.));
#7228 = VECTOR('',#7229,1.);
#7229 = DIRECTION('',(-1.,0.));
#7230 = ( GEOMETRIC_REPRESENTATION_CONTEXT(2)
PARAMETRIC_REPRESENTATION_CONTEXT() REPRESENTATION_CONTEXT('2D SPACE',''
  ) );
#7231 = PCURVE('',#6444,#7232);
#7232 = DEFINITIONAL_REPRESENTATION('',(#7233),#7237);
#7233 = LINE('',#7234,#7235);
#7234 = CARTESIAN_POINT('',(-0.,-4.55));
#7235 = VECTOR('',#7236,1.);
#7236 = DIRECTION('',(-1.,0.));
#7237 = ( GEOMETRIC_REPRESENTATION_CONTEXT(2)
PARAMETRIC_REPRESENTATION_CONTEXT() REPRESENTATION_CONTEXT('2D SPACE',''
  ) );
#7238 = ORIENTED_EDGE('',*,*,#6456,.T.);
#7239 = ORIENTED_EDGE('',*,*,#7190,.T.);
#7240 = ORIENTED_EDGE('',*,*,#7241,.T.);
#7241 = EDGE_CURVE('',#7170,#7216,#7242,.T.);
#7242 = SURFACE_CURVE('',#7243,(#7247,#7253),.PCURVE_S1.);
#7243 = LINE('',#7244,#7245);
#7244 = CARTESIAN_POINT('',(-1.1,0.,-2.25));
#7245 = VECTOR('',#7246,1.);
#7246 = DIRECTION('',(-0.,-0.,-1.));
#7247 = PCURVE('',#6472,#7248);
#7248 = DEFINITIONAL_REPRESENTATION('',(#7249),#7252);
#7249 = B_SPLINE_CURVE_WITH_KNOTS('',1,(#7250,#7251),.UNSPECIFIED.,.F.,
  .F.,(2,2),(-0.7000006,5.999999999062E-07),.PIECEWISE_BEZIER_KNOTS.);
#7250 = CARTESIAN_POINT('',(-3.14159265359,-0.7000006));
#7251 = CARTESIAN_POINT('',(-3.14159265359,5.999999999062E-07));
#7252 = ( GEOMETRIC_REPRESENTATION_CONTEXT(2)
PARAMETRIC_REPRESENTATION_CONTEXT() REPRESENTATION_CONTEXT('2D SPACE',''
  ) );
#7253 = PCURVE('',#6772,#7254);
#7254 = DEFINITIONAL_REPRESENTATION('',(#7255),#7258);
#7255 = B_SPLINE_CURVE_WITH_KNOTS('',1,(#7256,#7257),.UNSPECIFIED.,.F.,
  .F.,(2,2),(-0.7000006,5.999999999062E-07),.PIECEWISE_BEZIER_KNOTS.);
#7256 = CARTESIAN_POINT('',(63.4500006,28.9));
#7257 = CARTESIAN_POINT('',(62.7499994,28.9));
#7258 = ( GEOMETRIC_REPRESENTATION_CONTEXT(2)
PARAMETRIC_REPRESENTATION_CONTEXT() REPRESENTATION_CONTEXT('2D SPACE',''
  ) );
#7259 = ADVANCED_FACE('',(#7260),#6444,.F.);
#7260 = FACE_BOUND('',#7261,.T.);
#7261 = EDGE_LOOP('',(#7262,#7286,#7287,#7288));
#7262 = ORIENTED_EDGE('',*,*,#7263,.F.);
#7263 = EDGE_CURVE('',#6401,#7264,#7266,.T.);
#7264 = VERTEX_POINT('',#7265);
#7265 = CARTESIAN_POINT('',(-1.1,-6.007053659917E-18,-6.08));
#7266 = SURFACE_CURVE('',#7267,(#7272,#7279),.PCURVE_S1.);
#7267 = CIRCLE('',#7268,1.1);
#7268 = AXIS2_PLACEMENT_3D('',#7269,#7270,#7271);
#7269 = CARTESIAN_POINT('',(1.888075062501E-14,-1.407182015661E-16,-6.08
    ));
#7270 = DIRECTION('',(0.,0.,1.));
#7271 = DIRECTION('',(1.,0.,0.));
#7272 = PCURVE('',#6444,#7273);
#7273 = DEFINITIONAL_REPRESENTATION('',(#7274),#7278);
#7274 = LINE('',#7275,#7276);
#7275 = CARTESIAN_POINT('',(-0.,-0.72));
#7276 = VECTOR('',#7277,1.);
#7277 = DIRECTION('',(-1.,0.));
#7278 = ( GEOMETRIC_REPRESENTATION_CONTEXT(2)
PARAMETRIC_REPRESENTATION_CONTEXT() REPRESENTATION_CONTEXT('2D SPACE',''
  ) );
#7279 = PCURVE('',#6416,#7280);
#7280 = DEFINITIONAL_REPRESENTATION('',(#7281),#7285);
#7281 = LINE('',#7282,#7283);
#7282 = CARTESIAN_POINT('',(-0.,-0.72));
#7283 = VECTOR('',#7284,1.);
#7284 = DIRECTION('',(-1.,0.));
#7285 = ( GEOMETRIC_REPRESENTATION_CONTEXT(2)
PARAMETRIC_REPRESENTATION_CONTEXT() REPRESENTATION_CONTEXT('2D SPACE',''
  ) );
#7286 = ORIENTED_EDGE('',*,*,#6428,.T.);
#7287 = ORIENTED_EDGE('',*,*,#7215,.T.);
#7288 = ORIENTED_EDGE('',*,*,#7289,.T.);
#7289 = EDGE_CURVE('',#7216,#7264,#7290,.T.);
#7290 = SURFACE_CURVE('',#7291,(#7295,#7301),.PCURVE_S1.);
#7291 = LINE('',#7292,#7293);
#7292 = CARTESIAN_POINT('',(-1.1,0.,-6.8));
#7293 = VECTOR('',#7294,1.);
#7294 = DIRECTION('',(-0.,-0.,-1.));
#7295 = PCURVE('',#6444,#7296);
#7296 = DEFINITIONAL_REPRESENTATION('',(#7297),#7300);
#7297 = B_SPLINE_CURVE_WITH_KNOTS('',1,(#7298,#7299),.UNSPECIFIED.,.F.,
  .F.,(2,2),(-4.5500006,-0.7199994),.PIECEWISE_BEZIER_KNOTS.);
#7298 = CARTESIAN_POINT('',(-3.14159265359,-4.5500006));
#7299 = CARTESIAN_POINT('',(-3.14159265359,-0.7199994));
#7300 = ( GEOMETRIC_REPRESENTATION_CONTEXT(2)
PARAMETRIC_REPRESENTATION_CONTEXT() REPRESENTATION_CONTEXT('2D SPACE',''
  ) );
#7301 = PCURVE('',#6772,#7302);
#7302 = DEFINITIONAL_REPRESENTATION('',(#7303),#7306);
#7303 = B_SPLINE_CURVE_WITH_KNOTS('',1,(#7304,#7305),.UNSPECIFIED.,.F.,
  .F.,(2,2),(-4.5500006,-0.7199994),.PIECEWISE_BEZIER_KNOTS.);
#7304 = CARTESIAN_POINT('',(62.7500006,28.9));
#7305 = CARTESIAN_POINT('',(58.9199994,28.9));
#7306 = ( GEOMETRIC_REPRESENTATION_CONTEXT(2)
PARAMETRIC_REPRESENTATION_CONTEXT() REPRESENTATION_CONTEXT('2D SPACE',''
  ) );
#7307 = ADVANCED_FACE('',(#7308),#6416,.F.);
#7308 = FACE_BOUND('',#7309,.T.);
#7309 = EDGE_LOOP('',(#7310,#7334,#7335,#7336));
#7310 = ORIENTED_EDGE('',*,*,#7311,.F.);
#7311 = EDGE_CURVE('',#6375,#7312,#7314,.T.);
#7312 = VERTEX_POINT('',#7313);
#7313 = CARTESIAN_POINT('',(-1.1,1.894902102862E-16,-6.8));
#7314 = SURFACE_CURVE('',#7315,(#7320,#7327),.PCURVE_S1.);
#7315 = CIRCLE('',#7316,1.1);
#7316 = AXIS2_PLACEMENT_3D('',#7317,#7318,#7319);
#7317 = CARTESIAN_POINT('',(7.680572051925E-15,5.477906237997E-17,-6.8)
  );
#7318 = DIRECTION('',(0.,0.,1.));
#7319 = DIRECTION('',(1.,0.,0.));
#7320 = PCURVE('',#6416,#7321);
#7321 = DEFINITIONAL_REPRESENTATION('',(#7322),#7326);
#7322 = LINE('',#7323,#7324);
#7323 = CARTESIAN_POINT('',(-0.,0.));
#7324 = VECTOR('',#7325,1.);
#7325 = DIRECTION('',(-1.,0.));
#7326 = ( GEOMETRIC_REPRESENTATION_CONTEXT(2)
PARAMETRIC_REPRESENTATION_CONTEXT() REPRESENTATION_CONTEXT('2D SPACE',''
  ) );
#7327 = PCURVE('',#6389,#7328);
#7328 = DEFINITIONAL_REPRESENTATION('',(#7329),#7333);
#7329 = CIRCLE('',#7330,1.1);
#7330 = AXIS2_PLACEMENT_2D('',#7331,#7332);
#7331 = CARTESIAN_POINT('',(7.787403312279E-15,-9.356896237479E-17));
#7332 = DIRECTION('',(1.,0.));
#7333 = ( GEOMETRIC_REPRESENTATION_CONTEXT(2)
PARAMETRIC_REPRESENTATION_CONTEXT() REPRESENTATION_CONTEXT('2D SPACE',''
  ) );
#7334 = ORIENTED_EDGE('',*,*,#6400,.T.);
#7335 = ORIENTED_EDGE('',*,*,#7263,.T.);
#7336 = ORIENTED_EDGE('',*,*,#7337,.T.);
#7337 = EDGE_CURVE('',#7264,#7312,#7338,.T.);
#7338 = SURFACE_CURVE('',#7339,(#7343,#7349),.PCURVE_S1.);
#7339 = LINE('',#7340,#7341);
#7340 = CARTESIAN_POINT('',(-1.1,0.,-6.8));
#7341 = VECTOR('',#7342,1.);
#7342 = DIRECTION('',(-0.,-0.,-1.));
#7343 = PCURVE('',#6416,#7344);
#7344 = DEFINITIONAL_REPRESENTATION('',(#7345),#7348);
#7345 = B_SPLINE_CURVE_WITH_KNOTS('',1,(#7346,#7347),.UNSPECIFIED.,.F.,
  .F.,(2,2),(-0.7200006,5.999999999062E-07),.PIECEWISE_BEZIER_KNOTS.);
#7346 = CARTESIAN_POINT('',(-3.14159265359,-0.7200006));
#7347 = CARTESIAN_POINT('',(-3.14159265359,5.999999999062E-07));
#7348 = ( GEOMETRIC_REPRESENTATION_CONTEXT(2)
PARAMETRIC_REPRESENTATION_CONTEXT() REPRESENTATION_CONTEXT('2D SPACE',''
  ) );
#7349 = PCURVE('',#6772,#7350);
#7350 = DEFINITIONAL_REPRESENTATION('',(#7351),#7354);
#7351 = B_SPLINE_CURVE_WITH_KNOTS('',1,(#7352,#7353),.UNSPECIFIED.,.F.,
  .F.,(2,2),(-0.7200006,5.999999999062E-07),.PIECEWISE_BEZIER_KNOTS.);
#7352 = CARTESIAN_POINT('',(58.9200006,28.9));
#7353 = CARTESIAN_POINT('',(58.1999994,28.9));
#7354 = ( GEOMETRIC_REPRESENTATION_CONTEXT(2)
PARAMETRIC_REPRESENTATION_CONTEXT() REPRESENTATION_CONTEXT('2D SPACE',''
  ) );
#7355 = ADVANCED_FACE('',(#7356),#6389,.F.);
#7356 = FACE_BOUND('',#7357,.F.);
#7357 = EDGE_LOOP('',(#7358,#7359,#7383,#7402));
#7358 = ORIENTED_EDGE('',*,*,#6374,.F.);
#7359 = ORIENTED_EDGE('',*,*,#7360,.T.);
#7360 = EDGE_CURVE('',#6349,#7361,#7363,.T.);
#7361 = VERTEX_POINT('',#7362);
#7362 = CARTESIAN_POINT('',(-1.6,1.959434878636E-16,-6.8));
#7363 = SURFACE_CURVE('',#7364,(#7369,#7376),.PCURVE_S1.);
#7364 = CIRCLE('',#7365,1.6);
#7365 = AXIS2_PLACEMENT_3D('',#7366,#7367,#7368);
#7366 = CARTESIAN_POINT('',(0.,0.,-6.8));
#7367 = DIRECTION('',(0.,0.,1.));
#7368 = DIRECTION('',(1.,0.,0.));
#7369 = PCURVE('',#6389,#7370);
#7370 = DEFINITIONAL_REPRESENTATION('',(#7371),#7375);
#7371 = CIRCLE('',#7372,1.6);
#7372 = AXIS2_PLACEMENT_2D('',#7373,#7374);
#7373 = CARTESIAN_POINT('',(1.068312603546E-16,-1.483480247548E-16));
#7374 = DIRECTION('',(1.,0.));
#7375 = ( GEOMETRIC_REPRESENTATION_CONTEXT(2)
PARAMETRIC_REPRESENTATION_CONTEXT() REPRESENTATION_CONTEXT('2D SPACE',''
  ) );
#7376 = PCURVE('',#6363,#7377);
#7377 = DEFINITIONAL_REPRESENTATION('',(#7378),#7382);
#7378 = CIRCLE('',#7379,1.6);
#7379 = AXIS2_PLACEMENT_2D('',#7380,#7381);
#7380 = CARTESIAN_POINT('',(2.563950248511E-16,-3.49503809816E-16));
#7381 = DIRECTION('',(1.,0.));
#7382 = ( GEOMETRIC_REPRESENTATION_CONTEXT(2)
PARAMETRIC_REPRESENTATION_CONTEXT() REPRESENTATION_CONTEXT('2D SPACE',''
  ) );
#7383 = ORIENTED_EDGE('',*,*,#7384,.F.);
#7384 = EDGE_CURVE('',#7312,#7361,#7385,.T.);
#7385 = SURFACE_CURVE('',#7386,(#7390,#7396),.PCURVE_S1.);
#7386 = LINE('',#7387,#7388);
#7387 = CARTESIAN_POINT('',(-15.,0.,-6.8));
#7388 = VECTOR('',#7389,1.);
#7389 = DIRECTION('',(-1.,0.,0.));
#7390 = PCURVE('',#6389,#7391);
#7391 = DEFINITIONAL_REPRESENTATION('',(#7392),#7395);
#7392 = B_SPLINE_CURVE_WITH_KNOTS('',1,(#7393,#7394),.UNSPECIFIED.,.F.,
  .F.,(2,2),(-16.6,-13.4),.PIECEWISE_BEZIER_KNOTS.);
#7393 = CARTESIAN_POINT('',(1.6,-1.483480247548E-16));
#7394 = CARTESIAN_POINT('',(-1.6,-1.483480247548E-16));
#7395 = ( GEOMETRIC_REPRESENTATION_CONTEXT(2)
PARAMETRIC_REPRESENTATION_CONTEXT() REPRESENTATION_CONTEXT('2D SPACE',''
  ) );
#7396 = PCURVE('',#6772,#7397);
#7397 = DEFINITIONAL_REPRESENTATION('',(#7398),#7401);
#7398 = B_SPLINE_CURVE_WITH_KNOTS('',1,(#7399,#7400),.UNSPECIFIED.,.F.,
  .F.,(2,2),(-16.6,-13.4),.PIECEWISE_BEZIER_KNOTS.);
#7399 = CARTESIAN_POINT('',(58.2,31.6));
#7400 = CARTESIAN_POINT('',(58.2,28.4));
#7401 = ( GEOMETRIC_REPRESENTATION_CONTEXT(2)
PARAMETRIC_REPRESENTATION_CONTEXT() REPRESENTATION_CONTEXT('2D SPACE',''
  ) );
#7402 = ORIENTED_EDGE('',*,*,#7311,.F.);
#7403 = ADVANCED_FACE('',(#7404),#6363,.F.);
#7404 = FACE_BOUND('',#7405,.F.);
#7405 = EDGE_LOOP('',(#7406,#7407,#7431,#7450));
#7406 = ORIENTED_EDGE('',*,*,#6348,.F.);
#7407 = ORIENTED_EDGE('',*,*,#7408,.T.);
#7408 = EDGE_CURVE('',#6321,#7409,#7411,.T.);
#7409 = VERTEX_POINT('',#7410);
#7410 = CARTESIAN_POINT('',(-4.,4.898587196589E-16,-6.8));
#7411 = SURFACE_CURVE('',#7412,(#7417,#7424),.PCURVE_S1.);
#7412 = CIRCLE('',#7413,4.);
#7413 = AXIS2_PLACEMENT_3D('',#7414,#7415,#7416);
#7414 = CARTESIAN_POINT('',(0.,0.,-6.8));
#7415 = DIRECTION('',(0.,0.,1.));
#7416 = DIRECTION('',(1.,0.,0.));
#7417 = PCURVE('',#6363,#7418);
#7418 = DEFINITIONAL_REPRESENTATION('',(#7419),#7423);
#7419 = CIRCLE('',#7420,4.);
#7420 = AXIS2_PLACEMENT_2D('',#7421,#7422);
#7421 = CARTESIAN_POINT('',(2.563950248511E-16,-3.49503809816E-16));
#7422 = DIRECTION('',(1.,0.));
#7423 = ( GEOMETRIC_REPRESENTATION_CONTEXT(2)
PARAMETRIC_REPRESENTATION_CONTEXT() REPRESENTATION_CONTEXT('2D SPACE',''
  ) );
#7424 = PCURVE('',#6336,#7425);
#7425 = DEFINITIONAL_REPRESENTATION('',(#7426),#7430);
#7426 = LINE('',#7427,#7428);
#7427 = CARTESIAN_POINT('',(-0.,0.));
#7428 = VECTOR('',#7429,1.);
#7429 = DIRECTION('',(-1.,0.));
#7430 = ( GEOMETRIC_REPRESENTATION_CONTEXT(2)
PARAMETRIC_REPRESENTATION_CONTEXT() REPRESENTATION_CONTEXT('2D SPACE',''
  ) );
#7431 = ORIENTED_EDGE('',*,*,#7432,.F.);
#7432 = EDGE_CURVE('',#7361,#7409,#7433,.T.);
#7433 = SURFACE_CURVE('',#7434,(#7438,#7444),.PCURVE_S1.);
#7434 = LINE('',#7435,#7436);
#7435 = CARTESIAN_POINT('',(-15.,0.,-6.8));
#7436 = VECTOR('',#7437,1.);
#7437 = DIRECTION('',(-1.,0.,0.));
#7438 = PCURVE('',#6363,#7439);
#7439 = DEFINITIONAL_REPRESENTATION('',(#7440),#7443);
#7440 = B_SPLINE_CURVE_WITH_KNOTS('',1,(#7441,#7442),.UNSPECIFIED.,.F.,
  .F.,(2,2),(-19.,-11.),.PIECEWISE_BEZIER_KNOTS.);
#7441 = CARTESIAN_POINT('',(4.,-3.49503809816E-16));
#7442 = CARTESIAN_POINT('',(-4.,-3.49503809816E-16));
#7443 = ( GEOMETRIC_REPRESENTATION_CONTEXT(2)
PARAMETRIC_REPRESENTATION_CONTEXT() REPRESENTATION_CONTEXT('2D SPACE',''
  ) );
#7444 = PCURVE('',#6772,#7445);
#7445 = DEFINITIONAL_REPRESENTATION('',(#7446),#7449);
#7446 = B_SPLINE_CURVE_WITH_KNOTS('',1,(#7447,#7448),.UNSPECIFIED.,.F.,
  .F.,(2,2),(-19.,-11.),.PIECEWISE_BEZIER_KNOTS.);
#7447 = CARTESIAN_POINT('',(58.2,34.));
#7448 = CARTESIAN_POINT('',(58.2,26.));
#7449 = ( GEOMETRIC_REPRESENTATION_CONTEXT(2)
PARAMETRIC_REPRESENTATION_CONTEXT() REPRESENTATION_CONTEXT('2D SPACE',''
  ) );
#7450 = ORIENTED_EDGE('',*,*,#7360,.F.);
#7451 = ADVANCED_FACE('',(#7452),#6336,.T.);
#7452 = FACE_BOUND('',#7453,.F.);
#7453 = EDGE_LOOP('',(#7454,#7455,#7456,#7480));
#7454 = ORIENTED_EDGE('',*,*,#7408,.F.);
#7455 = ORIENTED_EDGE('',*,*,#6320,.T.);
#7456 = ORIENTED_EDGE('',*,*,#7457,.T.);
#7457 = EDGE_CURVE('',#6295,#7458,#7460,.T.);
#7458 = VERTEX_POINT('',#7459);
#7459 = CARTESIAN_POINT('',(-4.,4.898587196589E-16,-6.08));
#7460 = SURFACE_CURVE('',#7461,(#7466,#7473),.PCURVE_S1.);
#7461 = CIRCLE('',#7462,4.);
#7462 = AXIS2_PLACEMENT_3D('',#7463,#7464,#7465);
#7463 = CARTESIAN_POINT('',(0.,0.,-6.08));
#7464 = DIRECTION('',(0.,0.,1.));
#7465 = DIRECTION('',(1.,0.,0.));
#7466 = PCURVE('',#6336,#7467);
#7467 = DEFINITIONAL_REPRESENTATION('',(#7468),#7472);
#7468 = LINE('',#7469,#7470);
#7469 = CARTESIAN_POINT('',(-0.,-0.72));
#7470 = VECTOR('',#7471,1.);
#7471 = DIRECTION('',(-1.,0.));
#7472 = ( GEOMETRIC_REPRESENTATION_CONTEXT(2)
PARAMETRIC_REPRESENTATION_CONTEXT() REPRESENTATION_CONTEXT('2D SPACE',''
  ) );
#7473 = PCURVE('',#6309,#7474);
#7474 = DEFINITIONAL_REPRESENTATION('',(#7475),#7479);
#7475 = CIRCLE('',#7476,4.);
#7476 = AXIS2_PLACEMENT_2D('',#7477,#7478);
#7477 = CARTESIAN_POINT('',(2.563950248511E-16,-3.49503809816E-16));
#7478 = DIRECTION('',(1.,0.));
#7479 = ( GEOMETRIC_REPRESENTATION_CONTEXT(2)
PARAMETRIC_REPRESENTATION_CONTEXT() REPRESENTATION_CONTEXT('2D SPACE',''
  ) );
#7480 = ORIENTED_EDGE('',*,*,#7481,.T.);
#7481 = EDGE_CURVE('',#7458,#7409,#7482,.T.);
#7482 = SURFACE_CURVE('',#7483,(#7487,#7493),.PCURVE_S1.);
#7483 = LINE('',#7484,#7485);
#7484 = CARTESIAN_POINT('',(-4.,0.,-6.8));
#7485 = VECTOR('',#7486,1.);
#7486 = DIRECTION('',(-0.,-0.,-1.));
#7487 = PCURVE('',#6336,#7488);
#7488 = DEFINITIONAL_REPRESENTATION('',(#7489),#7492);
#7489 = B_SPLINE_CURVE_WITH_KNOTS('',1,(#7490,#7491),.UNSPECIFIED.,.F.,
  .F.,(2,2),(-0.7200006,5.999999999062E-07),.PIECEWISE_BEZIER_KNOTS.);
#7490 = CARTESIAN_POINT('',(-3.14159265359,-0.7200006));
#7491 = CARTESIAN_POINT('',(-3.14159265359,5.999999999062E-07));
#7492 = ( GEOMETRIC_REPRESENTATION_CONTEXT(2)
PARAMETRIC_REPRESENTATION_CONTEXT() REPRESENTATION_CONTEXT('2D SPACE',''
  ) );
#7493 = PCURVE('',#6772,#7494);
#7494 = DEFINITIONAL_REPRESENTATION('',(#7495),#7498);
#7495 = B_SPLINE_CURVE_WITH_KNOTS('',1,(#7496,#7497),.UNSPECIFIED.,.F.,
  .F.,(2,2),(-0.7200006,5.999999999062E-07),.PIECEWISE_BEZIER_KNOTS.);
#7496 = CARTESIAN_POINT('',(58.9200006,26.));
#7497 = CARTESIAN_POINT('',(58.1999994,26.));
#7498 = ( GEOMETRIC_REPRESENTATION_CONTEXT(2)
PARAMETRIC_REPRESENTATION_CONTEXT() REPRESENTATION_CONTEXT('2D SPACE',''
  ) );
#7499 = ADVANCED_FACE('',(#7500),#6309,.T.);
#7500 = FACE_BOUND('',#7501,.T.);
#7501 = EDGE_LOOP('',(#7502,#7503,#7504,#7523));
#7502 = ORIENTED_EDGE('',*,*,#6294,.F.);
#7503 = ORIENTED_EDGE('',*,*,#7457,.T.);
#7504 = ORIENTED_EDGE('',*,*,#7505,.F.);
#7505 = EDGE_CURVE('',#6561,#7458,#7506,.T.);
#7506 = SURFACE_CURVE('',#7507,(#7511,#7517),.PCURVE_S1.);
#7507 = LINE('',#7508,#7509);
#7508 = CARTESIAN_POINT('',(-15.,0.,-6.08));
#7509 = VECTOR('',#7510,1.);
#7510 = DIRECTION('',(-1.,0.,0.));
#7511 = PCURVE('',#6309,#7512);
#7512 = DEFINITIONAL_REPRESENTATION('',(#7513),#7516);
#7513 = B_SPLINE_CURVE_WITH_KNOTS('',1,(#7514,#7515),.UNSPECIFIED.,.F.,
  .F.,(2,2),(-19.,-11.),.PIECEWISE_BEZIER_KNOTS.);
#7514 = CARTESIAN_POINT('',(4.,-3.49503809816E-16));
#7515 = CARTESIAN_POINT('',(-4.,-3.49503809816E-16));
#7516 = ( GEOMETRIC_REPRESENTATION_CONTEXT(2)
PARAMETRIC_REPRESENTATION_CONTEXT() REPRESENTATION_CONTEXT('2D SPACE',''
  ) );
#7517 = PCURVE('',#6772,#7518);
#7518 = DEFINITIONAL_REPRESENTATION('',(#7519),#7522);
#7519 = B_SPLINE_CURVE_WITH_KNOTS('',1,(#7520,#7521),.UNSPECIFIED.,.F.,
  .F.,(2,2),(-19.,-11.),.PIECEWISE_BEZIER_KNOTS.);
#7520 = CARTESIAN_POINT('',(58.92,34.));
#7521 = CARTESIAN_POINT('',(58.92,26.));
#7522 = ( GEOMETRIC_REPRESENTATION_CONTEXT(2)
PARAMETRIC_REPRESENTATION_CONTEXT() REPRESENTATION_CONTEXT('2D SPACE',''
  ) );
#7523 = ORIENTED_EDGE('',*,*,#6560,.T.);
#7524 = ADVANCED_FACE('',(#7525),#6772,.F.);
#7525 = FACE_BOUND('',#7526,.F.);
#7526 = EDGE_LOOP('',(#7527,#7557,#7583,#7602,#7603,#7604,#7605,#7606,
    #7607,#7608,#7609,#7610,#7611,#7632,#7658,#7679,#7700));
#7527 = ORIENTED_EDGE('',*,*,#7528,.F.);
#7528 = EDGE_CURVE('',#7529,#7531,#7533,.T.);
#7529 = VERTEX_POINT('',#7530);
#7530 = CARTESIAN_POINT('',(-2.95,3.796405077357E-16,-1.55));
#7531 = VERTEX_POINT('',#7532);
#7532 = CARTESIAN_POINT('',(-2.95,3.796405077357E-16,0.45));
#7533 = SURFACE_CURVE('',#7534,(#7538,#7545),.PCURVE_S1.);
#7534 = LINE('',#7535,#7536);
#7535 = CARTESIAN_POINT('',(-2.95,3.796405077357E-16,-1.55));
#7536 = VECTOR('',#7537,1.);
#7537 = DIRECTION('',(0.,0.,1.));
#7538 = PCURVE('',#6772,#7539);
#7539 = DEFINITIONAL_REPRESENTATION('',(#7540),#7544);
#7540 = LINE('',#7541,#7542);
#7541 = CARTESIAN_POINT('',(63.45,27.05));
#7542 = VECTOR('',#7543,1.);
#7543 = DIRECTION('',(1.,0.));
#7544 = ( GEOMETRIC_REPRESENTATION_CONTEXT(2)
PARAMETRIC_REPRESENTATION_CONTEXT() REPRESENTATION_CONTEXT('2D SPACE',''
  ) );
#7545 = PCURVE('',#7546,#7551);
#7546 = CYLINDRICAL_SURFACE('',#7547,0.15);
#7547 = AXIS2_PLACEMENT_3D('',#7548,#7549,#7550);
#7548 = CARTESIAN_POINT('',(-3.1,3.796405077357E-16,-1.55));
#7549 = DIRECTION('',(-0.,-0.,-1.));
#7550 = DIRECTION('',(1.,0.,0.));
#7551 = DEFINITIONAL_REPRESENTATION('',(#7552),#7556);
#7552 = LINE('',#7553,#7554);
#7553 = CARTESIAN_POINT('',(-0.,0.));
#7554 = VECTOR('',#7555,1.);
#7555 = DIRECTION('',(-0.,-1.));
#7556 = ( GEOMETRIC_REPRESENTATION_CONTEXT(2)
PARAMETRIC_REPRESENTATION_CONTEXT() REPRESENTATION_CONTEXT('2D SPACE',''
  ) );
#7557 = ORIENTED_EDGE('',*,*,#7558,.F.);
#7558 = EDGE_CURVE('',#7559,#7529,#7561,.T.);
#7559 = VERTEX_POINT('',#7560);
#7560 = CARTESIAN_POINT('',(-1.6,1.959434878636E-16,-1.55));
#7561 = SURFACE_CURVE('',#7562,(#7566,#7572),.PCURVE_S1.);
#7562 = LINE('',#7563,#7564);
#7563 = CARTESIAN_POINT('',(-15.65,0.,-1.55));
#7564 = VECTOR('',#7565,1.);
#7565 = DIRECTION('',(-1.,0.,0.));
#7566 = PCURVE('',#6772,#7567);
#7567 = DEFINITIONAL_REPRESENTATION('',(#7568),#7571);
#7568 = B_SPLINE_CURVE_WITH_KNOTS('',1,(#7569,#7570),.UNSPECIFIED.,.F.,
  .F.,(2,2),(-14.07837663545,-12.05),.PIECEWISE_BEZIER_KNOTS.);
#7569 = CARTESIAN_POINT('',(63.45,28.42837663545));
#7570 = CARTESIAN_POINT('',(63.45,26.4));
#7571 = ( GEOMETRIC_REPRESENTATION_CONTEXT(2)
PARAMETRIC_REPRESENTATION_CONTEXT() REPRESENTATION_CONTEXT('2D SPACE',''
  ) );
#7572 = PCURVE('',#7573,#7578);
#7573 = PLANE('',#7574);
#7574 = AXIS2_PLACEMENT_3D('',#7575,#7576,#7577);
#7575 = CARTESIAN_POINT('',(-1.3,0.3,-1.55));
#7576 = DIRECTION('',(0.,0.,1.));
#7577 = DIRECTION('',(-1.,1.224646799147E-16,0.));
#7578 = DEFINITIONAL_REPRESENTATION('',(#7579),#7582);
#7579 = B_SPLINE_CURVE_WITH_KNOTS('',1,(#7580,#7581),.UNSPECIFIED.,.F.,
  .F.,(2,2),(-14.07837663545,-12.05),.PIECEWISE_BEZIER_KNOTS.);
#7580 = CARTESIAN_POINT('',(0.27162336455,0.3));
#7581 = CARTESIAN_POINT('',(2.3,0.3));
#7582 = ( GEOMETRIC_REPRESENTATION_CONTEXT(2)
PARAMETRIC_REPRESENTATION_CONTEXT() REPRESENTATION_CONTEXT('2D SPACE',''
  ) );
#7583 = ORIENTED_EDGE('',*,*,#7584,.F.);
#7584 = EDGE_CURVE('',#7147,#7559,#7585,.T.);
#7585 = SURFACE_CURVE('',#7586,(#7590,#7596),.PCURVE_S1.);
#7586 = LINE('',#7587,#7588);
#7587 = CARTESIAN_POINT('',(-15.,0.,-1.55));
#7588 = VECTOR('',#7589,1.);
#7589 = DIRECTION('',(-1.,0.,0.));
#7590 = PCURVE('',#6772,#7591);
#7591 = DEFINITIONAL_REPRESENTATION('',(#7592),#7595);
#7592 = B_SPLINE_CURVE_WITH_KNOTS('',1,(#7593,#7594),.UNSPECIFIED.,.F.,
  .F.,(2,2),(-13.7,-13.4),.PIECEWISE_BEZIER_KNOTS.);
#7593 = CARTESIAN_POINT('',(63.45,28.7));
#7594 = CARTESIAN_POINT('',(63.45,28.4));
#7595 = ( GEOMETRIC_REPRESENTATION_CONTEXT(2)
PARAMETRIC_REPRESENTATION_CONTEXT() REPRESENTATION_CONTEXT('2D SPACE',''
  ) );
#7596 = PCURVE('',#7134,#7597);
#7597 = DEFINITIONAL_REPRESENTATION('',(#7598),#7601);
#7598 = B_SPLINE_CURVE_WITH_KNOTS('',1,(#7599,#7600),.UNSPECIFIED.,.F.,
  .F.,(2,2),(-13.7,-13.4),.PIECEWISE_BEZIER_KNOTS.);
#7599 = CARTESIAN_POINT('',(-1.3,-1.483480247548E-16));
#7600 = CARTESIAN_POINT('',(-1.6,-1.483480247548E-16));
#7601 = ( GEOMETRIC_REPRESENTATION_CONTEXT(2)
PARAMETRIC_REPRESENTATION_CONTEXT() REPRESENTATION_CONTEXT('2D SPACE',''
  ) );
#7602 = ORIENTED_EDGE('',*,*,#7169,.F.);
#7603 = ORIENTED_EDGE('',*,*,#7241,.T.);
#7604 = ORIENTED_EDGE('',*,*,#7289,.T.);
#7605 = ORIENTED_EDGE('',*,*,#7337,.T.);
#7606 = ORIENTED_EDGE('',*,*,#7384,.T.);
#7607 = ORIENTED_EDGE('',*,*,#7432,.T.);
#7608 = ORIENTED_EDGE('',*,*,#7481,.F.);
#7609 = ORIENTED_EDGE('',*,*,#7505,.F.);
#7610 = ORIENTED_EDGE('',*,*,#6759,.F.);
#7611 = ORIENTED_EDGE('',*,*,#7612,.T.);
#7612 = EDGE_CURVE('',#6731,#7613,#7615,.T.);
#7613 = VERTEX_POINT('',#7614);
#7614 = CARTESIAN_POINT('',(-3.6,0.,-2.25));
#7615 = SURFACE_CURVE('',#7616,(#7620,#7626),.PCURVE_S1.);
#7616 = LINE('',#7617,#7618);
#7617 = CARTESIAN_POINT('',(-15.65,0.,-2.25));
#7618 = VECTOR('',#7619,1.);
#7619 = DIRECTION('',(-1.,0.,0.));
#7620 = PCURVE('',#6772,#7621);
#7621 = DEFINITIONAL_REPRESENTATION('',(#7622),#7625);
#7622 = B_SPLINE_CURVE_WITH_KNOTS('',1,(#7623,#7624),.UNSPECIFIED.,.F.,
  .F.,(2,2),(-14.07837663545,-12.05),.PIECEWISE_BEZIER_KNOTS.);
#7623 = CARTESIAN_POINT('',(62.75,28.42837663545));
#7624 = CARTESIAN_POINT('',(62.75,26.4));
#7625 = ( GEOMETRIC_REPRESENTATION_CONTEXT(2)
PARAMETRIC_REPRESENTATION_CONTEXT() REPRESENTATION_CONTEXT('2D SPACE',''
  ) );
#7626 = PCURVE('',#6747,#7627);
#7627 = DEFINITIONAL_REPRESENTATION('',(#7628),#7631);
#7628 = B_SPLINE_CURVE_WITH_KNOTS('',1,(#7629,#7630),.UNSPECIFIED.,.F.,
  .F.,(2,2),(-14.07837663545,-12.05),.PIECEWISE_BEZIER_KNOTS.);
#7629 = CARTESIAN_POINT('',(0.27162336455,0.3));
#7630 = CARTESIAN_POINT('',(2.3,0.3));
#7631 = ( GEOMETRIC_REPRESENTATION_CONTEXT(2)
PARAMETRIC_REPRESENTATION_CONTEXT() REPRESENTATION_CONTEXT('2D SPACE',''
  ) );
#7632 = ORIENTED_EDGE('',*,*,#7633,.F.);
#7633 = EDGE_CURVE('',#7634,#7613,#7636,.T.);
#7634 = VERTEX_POINT('',#7635);
#7635 = CARTESIAN_POINT('',(-3.6,0.,-1.55));
#7636 = SURFACE_CURVE('',#7637,(#7641,#7647),.PCURVE_S1.);
#7637 = LINE('',#7638,#7639);
#7638 = CARTESIAN_POINT('',(-3.6,0.,-33.625));
#7639 = VECTOR('',#7640,1.);
#7640 = DIRECTION('',(0.,0.,-1.));
#7641 = PCURVE('',#6772,#7642);
#7642 = DEFINITIONAL_REPRESENTATION('',(#7643),#7646);
#7643 = B_SPLINE_CURVE_WITH_KNOTS('',1,(#7644,#7645),.UNSPECIFIED.,.F.,
  .F.,(2,2),(-32.075,-31.375),.PIECEWISE_BEZIER_KNOTS.);
#7644 = CARTESIAN_POINT('',(63.45,26.4));
#7645 = CARTESIAN_POINT('',(62.75,26.4));
#7646 = ( GEOMETRIC_REPRESENTATION_CONTEXT(2)
PARAMETRIC_REPRESENTATION_CONTEXT() REPRESENTATION_CONTEXT('2D SPACE',''
  ) );
#7647 = PCURVE('',#7648,#7653);
#7648 = PLANE('',#7649);
#7649 = AXIS2_PLACEMENT_3D('',#7650,#7651,#7652);
#7650 = CARTESIAN_POINT('',(-3.6,0.3,-2.25));
#7651 = DIRECTION('',(-1.,1.224646799147E-16,0.));
#7652 = DIRECTION('',(0.,0.,1.));
#7653 = DEFINITIONAL_REPRESENTATION('',(#7654),#7657);
#7654 = B_SPLINE_CURVE_WITH_KNOTS('',1,(#7655,#7656),.UNSPECIFIED.,.F.,
  .F.,(2,2),(-32.075,-31.375),.PIECEWISE_BEZIER_KNOTS.);
#7655 = CARTESIAN_POINT('',(0.7,-0.3));
#7656 = CARTESIAN_POINT('',(0.,-0.3));
#7657 = ( GEOMETRIC_REPRESENTATION_CONTEXT(2)
PARAMETRIC_REPRESENTATION_CONTEXT() REPRESENTATION_CONTEXT('2D SPACE',''
  ) );
#7658 = ORIENTED_EDGE('',*,*,#7659,.F.);
#7659 = EDGE_CURVE('',#7660,#7634,#7662,.T.);
#7660 = VERTEX_POINT('',#7661);
#7661 = CARTESIAN_POINT('',(-3.25,-1.670079142167E-18,-1.55));
#7662 = SURFACE_CURVE('',#7663,(#7667,#7673),.PCURVE_S1.);
#7663 = LINE('',#7664,#7665);
#7664 = CARTESIAN_POINT('',(-15.65,0.,-1.55));
#7665 = VECTOR('',#7666,1.);
#7666 = DIRECTION('',(-1.,0.,0.));
#7667 = PCURVE('',#6772,#7668);
#7668 = DEFINITIONAL_REPRESENTATION('',(#7669),#7672);
#7669 = B_SPLINE_CURVE_WITH_KNOTS('',1,(#7670,#7671),.UNSPECIFIED.,.F.,
  .F.,(2,2),(-14.07837663545,-12.05),.PIECEWISE_BEZIER_KNOTS.);
#7670 = CARTESIAN_POINT('',(63.45,28.42837663545));
#7671 = CARTESIAN_POINT('',(63.45,26.4));
#7672 = ( GEOMETRIC_REPRESENTATION_CONTEXT(2)
PARAMETRIC_REPRESENTATION_CONTEXT() REPRESENTATION_CONTEXT('2D SPACE',''
  ) );
#7673 = PCURVE('',#7573,#7674);
#7674 = DEFINITIONAL_REPRESENTATION('',(#7675),#7678);
#7675 = B_SPLINE_CURVE_WITH_KNOTS('',1,(#7676,#7677),.UNSPECIFIED.,.F.,
  .F.,(2,2),(-14.07837663545,-12.05),.PIECEWISE_BEZIER_KNOTS.);
#7676 = CARTESIAN_POINT('',(0.27162336455,0.3));
#7677 = CARTESIAN_POINT('',(2.3,0.3));
#7678 = ( GEOMETRIC_REPRESENTATION_CONTEXT(2)
PARAMETRIC_REPRESENTATION_CONTEXT() REPRESENTATION_CONTEXT('2D SPACE',''
  ) );
#7679 = ORIENTED_EDGE('',*,*,#7680,.F.);
#7680 = EDGE_CURVE('',#7681,#7660,#7683,.T.);
#7681 = VERTEX_POINT('',#7682);
#7682 = CARTESIAN_POINT('',(-3.25,-1.670079142167E-18,0.45));
#7683 = SURFACE_CURVE('',#7684,(#7688,#7694),.PCURVE_S1.);
#7684 = LINE('',#7685,#7686);
#7685 = CARTESIAN_POINT('',(-3.25,0.,-1.55));
#7686 = VECTOR('',#7687,1.);
#7687 = DIRECTION('',(-0.,-0.,-1.));
#7688 = PCURVE('',#6772,#7689);
#7689 = DEFINITIONAL_REPRESENTATION('',(#7690),#7693);
#7690 = B_SPLINE_CURVE_WITH_KNOTS('',1,(#7691,#7692),.UNSPECIFIED.,.F.,
  .F.,(2,2),(-2.0000006,5.999999999062E-07),.PIECEWISE_BEZIER_KNOTS.);
#7691 = CARTESIAN_POINT('',(65.4500006,26.75));
#7692 = CARTESIAN_POINT('',(63.4499994,26.75));
#7693 = ( GEOMETRIC_REPRESENTATION_CONTEXT(2)
PARAMETRIC_REPRESENTATION_CONTEXT() REPRESENTATION_CONTEXT('2D SPACE',''
  ) );
#7694 = PCURVE('',#7546,#7695);
#7695 = DEFINITIONAL_REPRESENTATION('',(#7696),#7699);
#7696 = B_SPLINE_CURVE_WITH_KNOTS('',1,(#7697,#7698),.UNSPECIFIED.,.F.,
  .F.,(2,2),(-2.0000006,5.999999999062E-07),.PIECEWISE_BEZIER_KNOTS.);
#7697 = CARTESIAN_POINT('',(-3.14159265359,-2.0000006));
#7698 = CARTESIAN_POINT('',(-3.14159265359,5.999999999062E-07));
#7699 = ( GEOMETRIC_REPRESENTATION_CONTEXT(2)
PARAMETRIC_REPRESENTATION_CONTEXT() REPRESENTATION_CONTEXT('2D SPACE',''
  ) );
#7700 = ORIENTED_EDGE('',*,*,#7701,.F.);
#7701 = EDGE_CURVE('',#7531,#7681,#7702,.T.);
#7702 = SURFACE_CURVE('',#7703,(#7707,#7713),.PCURVE_S1.);
#7703 = LINE('',#7704,#7705);
#7704 = CARTESIAN_POINT('',(-16.55,0.,0.45));
#7705 = VECTOR('',#7706,1.);
#7706 = DIRECTION('',(-1.,0.,0.));
#7707 = PCURVE('',#6772,#7708);
#7708 = DEFINITIONAL_REPRESENTATION('',(#7709),#7712);
#7709 = B_SPLINE_CURVE_WITH_KNOTS('',1,(#7710,#7711),.UNSPECIFIED.,.F.,
  .F.,(2,2),(-13.6,-13.3),.PIECEWISE_BEZIER_KNOTS.);
#7710 = CARTESIAN_POINT('',(65.45,27.05));
#7711 = CARTESIAN_POINT('',(65.45,26.75));
#7712 = ( GEOMETRIC_REPRESENTATION_CONTEXT(2)
PARAMETRIC_REPRESENTATION_CONTEXT() REPRESENTATION_CONTEXT('2D SPACE',''
  ) );
#7713 = PCURVE('',#7714,#7719);
#7714 = PLANE('',#7715);
#7715 = AXIS2_PLACEMENT_3D('',#7716,#7717,#7718);
#7716 = CARTESIAN_POINT('',(-3.1,3.954491750832E-16,0.45));
#7717 = DIRECTION('',(0.,0.,1.));
#7718 = DIRECTION('',(1.,0.,-0.));
#7719 = DEFINITIONAL_REPRESENTATION('',(#7720),#7723);
#7720 = B_SPLINE_CURVE_WITH_KNOTS('',1,(#7721,#7722),.UNSPECIFIED.,.F.,
  .F.,(2,2),(-13.6,-13.3),.PIECEWISE_BEZIER_KNOTS.);
#7721 = CARTESIAN_POINT('',(0.15,-3.954491750832E-16));
#7722 = CARTESIAN_POINT('',(-0.15,-3.954491750832E-16));
#7723 = ( GEOMETRIC_REPRESENTATION_CONTEXT(2)
PARAMETRIC_REPRESENTATION_CONTEXT() REPRESENTATION_CONTEXT('2D SPACE',''
  ) );
#7724 = ADVANCED_FACE('',(#7725),#6747,.F.);
#7725 = FACE_BOUND('',#7726,.F.);
#7726 = EDGE_LOOP('',(#7727,#7728,#7729,#7757));
#7727 = ORIENTED_EDGE('',*,*,#7612,.F.);
#7728 = ORIENTED_EDGE('',*,*,#6730,.F.);
#7729 = ORIENTED_EDGE('',*,*,#7730,.T.);
#7730 = EDGE_CURVE('',#6702,#7731,#7733,.T.);
#7731 = VERTEX_POINT('',#7732);
#7732 = CARTESIAN_POINT('',(-3.6,0.3,-2.25));
#7733 = SURFACE_CURVE('',#7734,(#7738,#7745),.PCURVE_S1.);
#7734 = LINE('',#7735,#7736);
#7735 = CARTESIAN_POINT('',(-1.3,0.3,-2.25));
#7736 = VECTOR('',#7737,1.);
#7737 = DIRECTION('',(-1.,1.224646799147E-16,0.));
#7738 = PCURVE('',#6747,#7739);
#7739 = DEFINITIONAL_REPRESENTATION('',(#7740),#7744);
#7740 = LINE('',#7741,#7742);
#7741 = CARTESIAN_POINT('',(0.,0.));
#7742 = VECTOR('',#7743,1.);
#7743 = DIRECTION('',(1.,0.));
#7744 = ( GEOMETRIC_REPRESENTATION_CONTEXT(2)
PARAMETRIC_REPRESENTATION_CONTEXT() REPRESENTATION_CONTEXT('2D SPACE',''
  ) );
#7745 = PCURVE('',#7746,#7751);
#7746 = PLANE('',#7747);
#7747 = AXIS2_PLACEMENT_3D('',#7748,#7749,#7750);
#7748 = CARTESIAN_POINT('',(-1.3,0.3,-2.25));
#7749 = DIRECTION('',(-1.224646799147E-16,-1.,0.));
#7750 = DIRECTION('',(0.,0.,1.));
#7751 = DEFINITIONAL_REPRESENTATION('',(#7752),#7756);
#7752 = LINE('',#7753,#7754);
#7753 = CARTESIAN_POINT('',(0.,0.));
#7754 = VECTOR('',#7755,1.);
#7755 = DIRECTION('',(0.,1.));
#7756 = ( GEOMETRIC_REPRESENTATION_CONTEXT(2)
PARAMETRIC_REPRESENTATION_CONTEXT() REPRESENTATION_CONTEXT('2D SPACE',''
  ) );
#7757 = ORIENTED_EDGE('',*,*,#7758,.T.);
#7758 = EDGE_CURVE('',#7731,#7613,#7759,.T.);
#7759 = SURFACE_CURVE('',#7760,(#7764,#7771),.PCURVE_S1.);
#7760 = LINE('',#7761,#7762);
#7761 = CARTESIAN_POINT('',(-3.6,0.3,-2.25));
#7762 = VECTOR('',#7763,1.);
#7763 = DIRECTION('',(-1.224646799147E-16,-1.,0.));
#7764 = PCURVE('',#6747,#7765);
#7765 = DEFINITIONAL_REPRESENTATION('',(#7766),#7770);
#7766 = LINE('',#7767,#7768);
#7767 = CARTESIAN_POINT('',(2.3,4.113007647602E-18));
#7768 = VECTOR('',#7769,1.);
#7769 = DIRECTION('',(0.,1.));
#7770 = ( GEOMETRIC_REPRESENTATION_CONTEXT(2)
PARAMETRIC_REPRESENTATION_CONTEXT() REPRESENTATION_CONTEXT('2D SPACE',''
  ) );
#7771 = PCURVE('',#7648,#7772);
#7772 = DEFINITIONAL_REPRESENTATION('',(#7773),#7777);
#7773 = LINE('',#7774,#7775);
#7774 = CARTESIAN_POINT('',(0.,0.));
#7775 = VECTOR('',#7776,1.);
#7776 = DIRECTION('',(0.,-1.));
#7777 = ( GEOMETRIC_REPRESENTATION_CONTEXT(2)
PARAMETRIC_REPRESENTATION_CONTEXT() REPRESENTATION_CONTEXT('2D SPACE',''
  ) );
#7778 = ADVANCED_FACE('',(#7779),#6718,.T.);
#7779 = FACE_BOUND('',#7780,.F.);
#7780 = EDGE_LOOP('',(#7781,#7782,#7808,#7809));
#7781 = ORIENTED_EDGE('',*,*,#6701,.F.);
#7782 = ORIENTED_EDGE('',*,*,#7783,.F.);
#7783 = EDGE_CURVE('',#7072,#6673,#7784,.T.);
#7784 = SURFACE_CURVE('',#7785,(#7789,#7796),.PCURVE_S1.);
#7785 = LINE('',#7786,#7787);
#7786 = CARTESIAN_POINT('',(-1.121006830755,1.1416407865,-2.25));
#7787 = VECTOR('',#7788,1.);
#7788 = DIRECTION('',(-0.,-0.,-1.));
#7789 = PCURVE('',#6718,#7790);
#7790 = DEFINITIONAL_REPRESENTATION('',(#7791),#7795);
#7791 = LINE('',#7792,#7793);
#7792 = CARTESIAN_POINT('',(-2.347075357535,0.));
#7793 = VECTOR('',#7794,1.);
#7794 = DIRECTION('',(-0.,1.));
#7795 = ( GEOMETRIC_REPRESENTATION_CONTEXT(2)
PARAMETRIC_REPRESENTATION_CONTEXT() REPRESENTATION_CONTEXT('2D SPACE',''
  ) );
#7796 = PCURVE('',#7797,#7802);
#7797 = PLANE('',#7798);
#7798 = AXIS2_PLACEMENT_3D('',#7799,#7800,#7801);
#7799 = CARTESIAN_POINT('',(-0.996410161514,0.92583302492,-2.25));
#7800 = DIRECTION('',(-0.866025403784,-0.5,0.));
#7801 = DIRECTION('',(0.,0.,1.));
#7802 = DEFINITIONAL_REPRESENTATION('',(#7803),#7807);
#7803 = LINE('',#7804,#7805);
#7804 = CARTESIAN_POINT('',(0.,0.249193338483));
#7805 = VECTOR('',#7806,1.);
#7806 = DIRECTION('',(-1.,0.));
#7807 = ( GEOMETRIC_REPRESENTATION_CONTEXT(2)
PARAMETRIC_REPRESENTATION_CONTEXT() REPRESENTATION_CONTEXT('2D SPACE',''
  ) );
#7808 = ORIENTED_EDGE('',*,*,#7094,.T.);
#7809 = ORIENTED_EDGE('',*,*,#7810,.T.);
#7810 = EDGE_CURVE('',#7095,#6702,#7811,.T.);
#7811 = SURFACE_CURVE('',#7812,(#7816,#7823),.PCURVE_S1.);
#7812 = LINE('',#7813,#7814);
#7813 = CARTESIAN_POINT('',(-1.57162336455,0.3,-2.25));
#7814 = VECTOR('',#7815,1.);
#7815 = DIRECTION('',(-0.,-0.,-1.));
#7816 = PCURVE('',#6718,#7817);
#7817 = DEFINITIONAL_REPRESENTATION('',(#7818),#7822);
#7818 = LINE('',#7819,#7820);
#7819 = CARTESIAN_POINT('',(-2.952976267414,0.));
#7820 = VECTOR('',#7821,1.);
#7821 = DIRECTION('',(-0.,1.));
#7822 = ( GEOMETRIC_REPRESENTATION_CONTEXT(2)
PARAMETRIC_REPRESENTATION_CONTEXT() REPRESENTATION_CONTEXT('2D SPACE',''
  ) );
#7823 = PCURVE('',#7746,#7824);
#7824 = DEFINITIONAL_REPRESENTATION('',(#7825),#7829);
#7825 = LINE('',#7826,#7827);
#7826 = CARTESIAN_POINT('',(0.,0.27162336455));
#7827 = VECTOR('',#7828,1.);
#7828 = DIRECTION('',(-1.,0.));
#7829 = ( GEOMETRIC_REPRESENTATION_CONTEXT(2)
PARAMETRIC_REPRESENTATION_CONTEXT() REPRESENTATION_CONTEXT('2D SPACE',''
  ) );
#7830 = ADVANCED_FACE('',(#7831),#6689,.F.);
#7831 = FACE_BOUND('',#7832,.F.);
#7832 = EDGE_LOOP('',(#7833,#7856,#7857,#7885));
#7833 = ORIENTED_EDGE('',*,*,#7834,.F.);
#7834 = EDGE_CURVE('',#6673,#7835,#7837,.T.);
#7835 = VERTEX_POINT('',#7836);
#7836 = CARTESIAN_POINT('',(-2.146410161514,2.917691453624,-2.25));
#7837 = SURFACE_CURVE('',#7838,(#7842,#7849),.PCURVE_S1.);
#7838 = LINE('',#7839,#7840);
#7839 = CARTESIAN_POINT('',(-0.996410161514,0.92583302492,-2.25));
#7840 = VECTOR('',#7841,1.);
#7841 = DIRECTION('',(-0.5,0.866025403784,0.));
#7842 = PCURVE('',#6689,#7843);
#7843 = DEFINITIONAL_REPRESENTATION('',(#7844),#7848);
#7844 = LINE('',#7845,#7846);
#7845 = CARTESIAN_POINT('',(-5.986660995176E-17,0.8));
#7846 = VECTOR('',#7847,1.);
#7847 = DIRECTION('',(1.,2.231125221501E-17));
#7848 = ( GEOMETRIC_REPRESENTATION_CONTEXT(2)
PARAMETRIC_REPRESENTATION_CONTEXT() REPRESENTATION_CONTEXT('2D SPACE',''
  ) );
#7849 = PCURVE('',#7797,#7850);
#7850 = DEFINITIONAL_REPRESENTATION('',(#7851),#7855);
#7851 = LINE('',#7852,#7853);
#7852 = CARTESIAN_POINT('',(0.,0.));
#7853 = VECTOR('',#7854,1.);
#7854 = DIRECTION('',(0.,1.));
#7855 = ( GEOMETRIC_REPRESENTATION_CONTEXT(2)
PARAMETRIC_REPRESENTATION_CONTEXT() REPRESENTATION_CONTEXT('2D SPACE',''
  ) );
#7856 = ORIENTED_EDGE('',*,*,#6672,.F.);
#7857 = ORIENTED_EDGE('',*,*,#7858,.T.);
#7858 = EDGE_CURVE('',#6644,#7859,#7861,.T.);
#7859 = VERTEX_POINT('',#7860);
#7860 = CARTESIAN_POINT('',(-1.453589838486,3.317691453624,-2.25));
#7861 = SURFACE_CURVE('',#7862,(#7866,#7873),.PCURVE_S1.);
#7862 = LINE('',#7863,#7864);
#7863 = CARTESIAN_POINT('',(-0.303589838486,1.32583302492,-2.25));
#7864 = VECTOR('',#7865,1.);
#7865 = DIRECTION('',(-0.5,0.866025403784,0.));
#7866 = PCURVE('',#6689,#7867);
#7867 = DEFINITIONAL_REPRESENTATION('',(#7868),#7872);
#7868 = LINE('',#7869,#7870);
#7869 = CARTESIAN_POINT('',(0.,0.));
#7870 = VECTOR('',#7871,1.);
#7871 = DIRECTION('',(1.,2.231125221501E-17));
#7872 = ( GEOMETRIC_REPRESENTATION_CONTEXT(2)
PARAMETRIC_REPRESENTATION_CONTEXT() REPRESENTATION_CONTEXT('2D SPACE',''
  ) );
#7873 = PCURVE('',#7874,#7879);
#7874 = PLANE('',#7875);
#7875 = AXIS2_PLACEMENT_3D('',#7876,#7877,#7878);
#7876 = CARTESIAN_POINT('',(-0.303589838486,1.32583302492,-2.25));
#7877 = DIRECTION('',(-0.866025403784,-0.5,0.));
#7878 = DIRECTION('',(0.,0.,1.));
#7879 = DEFINITIONAL_REPRESENTATION('',(#7880),#7884);
#7880 = LINE('',#7881,#7882);
#7881 = CARTESIAN_POINT('',(0.,0.));
#7882 = VECTOR('',#7883,1.);
#7883 = DIRECTION('',(0.,1.));
#7884 = ( GEOMETRIC_REPRESENTATION_CONTEXT(2)
PARAMETRIC_REPRESENTATION_CONTEXT() REPRESENTATION_CONTEXT('2D SPACE',''
  ) );
#7885 = ORIENTED_EDGE('',*,*,#7886,.T.);
#7886 = EDGE_CURVE('',#7859,#7835,#7887,.T.);
#7887 = SURFACE_CURVE('',#7888,(#7892,#7899),.PCURVE_S1.);
#7888 = LINE('',#7889,#7890);
#7889 = CARTESIAN_POINT('',(-1.453589838486,3.317691453624,-2.25));
#7890 = VECTOR('',#7891,1.);
#7891 = DIRECTION('',(-0.866025403784,-0.5,0.));
#7892 = PCURVE('',#6689,#7893);
#7893 = DEFINITIONAL_REPRESENTATION('',(#7894),#7898);
#7894 = LINE('',#7895,#7896);
#7895 = CARTESIAN_POINT('',(2.3,1.60213849058E-16));
#7896 = VECTOR('',#7897,1.);
#7897 = DIRECTION('',(2.231125221501E-17,1.));
#7898 = ( GEOMETRIC_REPRESENTATION_CONTEXT(2)
PARAMETRIC_REPRESENTATION_CONTEXT() REPRESENTATION_CONTEXT('2D SPACE',''
  ) );
#7899 = PCURVE('',#7900,#7905);
#7900 = PLANE('',#7901);
#7901 = AXIS2_PLACEMENT_3D('',#7902,#7903,#7904);
#7902 = CARTESIAN_POINT('',(-1.453589838486,3.317691453624,-2.25));
#7903 = DIRECTION('',(-0.5,0.866025403784,0.));
#7904 = DIRECTION('',(0.,0.,1.));
#7905 = DEFINITIONAL_REPRESENTATION('',(#7906),#7910);
#7906 = LINE('',#7907,#7908);
#7907 = CARTESIAN_POINT('',(0.,0.));
#7908 = VECTOR('',#7909,1.);
#7909 = DIRECTION('',(0.,-1.));
#7910 = ( GEOMETRIC_REPRESENTATION_CONTEXT(2)
PARAMETRIC_REPRESENTATION_CONTEXT() REPRESENTATION_CONTEXT('2D SPACE',''
  ) );
#7911 = ADVANCED_FACE('',(#7912),#6660,.T.);
#7912 = FACE_BOUND('',#7913,.F.);
#7913 = EDGE_LOOP('',(#7914,#7915,#7941,#7942));
#7914 = ORIENTED_EDGE('',*,*,#6643,.F.);
#7915 = ORIENTED_EDGE('',*,*,#7916,.F.);
#7916 = EDGE_CURVE('',#6974,#6615,#7917,.T.);
#7917 = SURFACE_CURVE('',#7918,(#7922,#7929),.PCURVE_S1.);
#7918 = LINE('',#7919,#7920);
#7919 = CARTESIAN_POINT('',(0.52600406114,1.511065758882,-2.25));
#7920 = VECTOR('',#7921,1.);
#7921 = DIRECTION('',(-0.,-0.,-1.));
#7922 = PCURVE('',#6660,#7923);
#7923 = DEFINITIONAL_REPRESENTATION('',(#7924),#7928);
#7924 = LINE('',#7925,#7926);
#7925 = CARTESIAN_POINT('',(-1.235813937372,0.));
#7926 = VECTOR('',#7927,1.);
#7927 = DIRECTION('',(-0.,1.));
#7928 = ( GEOMETRIC_REPRESENTATION_CONTEXT(2)
PARAMETRIC_REPRESENTATION_CONTEXT() REPRESENTATION_CONTEXT('2D SPACE',''
  ) );
#7929 = PCURVE('',#7930,#7935);
#7930 = PLANE('',#7931);
#7931 = AXIS2_PLACEMENT_3D('',#7932,#7933,#7934);
#7932 = CARTESIAN_POINT('',(0.390192378865,1.27583302492,-2.25));
#7933 = DIRECTION('',(-0.866025403784,0.5,0.));
#7934 = DIRECTION('',(0.,0.,1.));
#7935 = DEFINITIONAL_REPRESENTATION('',(#7936),#7940);
#7936 = LINE('',#7937,#7938);
#7937 = CARTESIAN_POINT('',(0.,0.27162336455));
#7938 = VECTOR('',#7939,1.);
#7939 = DIRECTION('',(-1.,0.));
#7940 = ( GEOMETRIC_REPRESENTATION_CONTEXT(2)
PARAMETRIC_REPRESENTATION_CONTEXT() REPRESENTATION_CONTEXT('2D SPACE',''
  ) );
#7941 = ORIENTED_EDGE('',*,*,#6996,.T.);
#7942 = ORIENTED_EDGE('',*,*,#7943,.T.);
#7943 = EDGE_CURVE('',#6997,#6644,#7944,.T.);
#7944 = SURFACE_CURVE('',#7945,(#7949,#7956),.PCURVE_S1.);
#7945 = LINE('',#7946,#7947);
#7946 = CARTESIAN_POINT('',(-0.428186507728,1.5416407865,-2.25));
#7947 = VECTOR('',#7948,1.);
#7948 = DIRECTION('',(-0.,-0.,-1.));
#7949 = PCURVE('',#6660,#7950);
#7950 = DEFINITIONAL_REPRESENTATION('',(#7951),#7955);
#7951 = LINE('',#7952,#7953);
#7952 = CARTESIAN_POINT('',(-1.841714847251,0.));
#7953 = VECTOR('',#7954,1.);
#7954 = DIRECTION('',(-0.,1.));
#7955 = ( GEOMETRIC_REPRESENTATION_CONTEXT(2)
PARAMETRIC_REPRESENTATION_CONTEXT() REPRESENTATION_CONTEXT('2D SPACE',''
  ) );
#7956 = PCURVE('',#7874,#7957);
#7957 = DEFINITIONAL_REPRESENTATION('',(#7958),#7962);
#7958 = LINE('',#7959,#7960);
#7959 = CARTESIAN_POINT('',(0.,0.249193338483));
#7960 = VECTOR('',#7961,1.);
#7961 = DIRECTION('',(-1.,0.));
#7962 = ( GEOMETRIC_REPRESENTATION_CONTEXT(2)
PARAMETRIC_REPRESENTATION_CONTEXT() REPRESENTATION_CONTEXT('2D SPACE',''
  ) );
#7963 = ADVANCED_FACE('',(#7964),#6631,.F.);
#7964 = FACE_BOUND('',#7965,.F.);
#7965 = EDGE_LOOP('',(#7966,#7989,#7990,#8013));
#7966 = ORIENTED_EDGE('',*,*,#7967,.F.);
#7967 = EDGE_CURVE('',#6615,#7968,#7970,.T.);
#7968 = VERTEX_POINT('',#7969);
#7969 = CARTESIAN_POINT('',(1.540192378865,3.267691453624,-2.25));
#7970 = SURFACE_CURVE('',#7971,(#7975,#7982),.PCURVE_S1.);
#7971 = LINE('',#7972,#7973);
#7972 = CARTESIAN_POINT('',(0.390192378865,1.27583302492,-2.25));
#7973 = VECTOR('',#7974,1.);
#7974 = DIRECTION('',(0.5,0.866025403784,0.));
#7975 = PCURVE('',#6631,#7976);
#7976 = DEFINITIONAL_REPRESENTATION('',(#7977),#7981);
#7977 = LINE('',#7978,#7979);
#7978 = CARTESIAN_POINT('',(-2.177729360249E-18,0.6));
#7979 = VECTOR('',#7980,1.);
#7980 = DIRECTION('',(1.,1.487416814334E-17));
#7981 = ( GEOMETRIC_REPRESENTATION_CONTEXT(2)
PARAMETRIC_REPRESENTATION_CONTEXT() REPRESENTATION_CONTEXT('2D SPACE',''
  ) );
#7982 = PCURVE('',#7930,#7983);
#7983 = DEFINITIONAL_REPRESENTATION('',(#7984),#7988);
#7984 = LINE('',#7985,#7986);
#7985 = CARTESIAN_POINT('',(0.,0.));
#7986 = VECTOR('',#7987,1.);
#7987 = DIRECTION('',(0.,1.));
#7988 = ( GEOMETRIC_REPRESENTATION_CONTEXT(2)
PARAMETRIC_REPRESENTATION_CONTEXT() REPRESENTATION_CONTEXT('2D SPACE',''
  ) );
#7989 = ORIENTED_EDGE('',*,*,#6614,.F.);
#7990 = ORIENTED_EDGE('',*,*,#7991,.T.);
#7991 = EDGE_CURVE('',#6591,#7992,#7994,.T.);
#7992 = VERTEX_POINT('',#7993);
#7993 = CARTESIAN_POINT('',(2.059807621135,2.967691453624,-2.25));
#7994 = SURFACE_CURVE('',#7995,(#7999,#8006),.PCURVE_S1.);
#7995 = LINE('',#7996,#7997);
#7996 = CARTESIAN_POINT('',(0.909807621135,0.97583302492,-2.25));
#7997 = VECTOR('',#7998,1.);
#7998 = DIRECTION('',(0.5,0.866025403784,0.));
#7999 = PCURVE('',#6631,#8000);
#8000 = DEFINITIONAL_REPRESENTATION('',(#8001),#8005);
#8001 = LINE('',#8002,#8003);
#8002 = CARTESIAN_POINT('',(0.,0.));
#8003 = VECTOR('',#8004,1.);
#8004 = DIRECTION('',(1.,1.487416814334E-17));
#8005 = ( GEOMETRIC_REPRESENTATION_CONTEXT(2)
PARAMETRIC_REPRESENTATION_CONTEXT() REPRESENTATION_CONTEXT('2D SPACE',''
  ) );
#8006 = PCURVE('',#6854,#8007);
#8007 = DEFINITIONAL_REPRESENTATION('',(#8008),#8012);
#8008 = LINE('',#8009,#8010);
#8009 = CARTESIAN_POINT('',(0.,0.));
#8010 = VECTOR('',#8011,1.);
#8011 = DIRECTION('',(0.,1.));
#8012 = ( GEOMETRIC_REPRESENTATION_CONTEXT(2)
PARAMETRIC_REPRESENTATION_CONTEXT() REPRESENTATION_CONTEXT('2D SPACE',''
  ) );
#8013 = ORIENTED_EDGE('',*,*,#8014,.T.);
#8014 = EDGE_CURVE('',#7992,#7968,#8015,.T.);
#8015 = SURFACE_CURVE('',#8016,(#8020,#8027),.PCURVE_S1.);
#8016 = LINE('',#8017,#8018);
#8017 = CARTESIAN_POINT('',(2.059807621135,2.967691453624,-2.25));
#8018 = VECTOR('',#8019,1.);
#8019 = DIRECTION('',(-0.866025403784,0.5,0.));
#8020 = PCURVE('',#6631,#8021);
#8021 = DEFINITIONAL_REPRESENTATION('',(#8022),#8026);
#8022 = LINE('',#8023,#8024);
#8023 = CARTESIAN_POINT('',(2.3,-1.189361156351E-16));
#8024 = VECTOR('',#8025,1.);
#8025 = DIRECTION('',(1.487416814334E-17,1.));
#8026 = ( GEOMETRIC_REPRESENTATION_CONTEXT(2)
PARAMETRIC_REPRESENTATION_CONTEXT() REPRESENTATION_CONTEXT('2D SPACE',''
  ) );
#8027 = PCURVE('',#8028,#8033);
#8028 = PLANE('',#8029);
#8029 = AXIS2_PLACEMENT_3D('',#8030,#8031,#8032);
#8030 = CARTESIAN_POINT('',(2.059807621135,2.967691453624,-2.25));
#8031 = DIRECTION('',(0.5,0.866025403784,0.));
#8032 = DIRECTION('',(0.,0.,1.));
#8033 = DEFINITIONAL_REPRESENTATION('',(#8034),#8038);
#8034 = LINE('',#8035,#8036);
#8035 = CARTESIAN_POINT('',(0.,0.));
#8036 = VECTOR('',#8037,1.);
#8037 = DIRECTION('',(0.,-1.));
#8038 = ( GEOMETRIC_REPRESENTATION_CONTEXT(2)
PARAMETRIC_REPRESENTATION_CONTEXT() REPRESENTATION_CONTEXT('2D SPACE',''
  ) );
#8039 = ADVANCED_FACE('',(#8040),#6854,.F.);
#8040 = FACE_BOUND('',#8041,.F.);
#8041 = EDGE_LOOP('',(#8042,#8043,#8044,#8072));
#8042 = ORIENTED_EDGE('',*,*,#7991,.F.);
#8043 = ORIENTED_EDGE('',*,*,#6840,.F.);
#8044 = ORIENTED_EDGE('',*,*,#8045,.T.);
#8045 = EDGE_CURVE('',#6817,#8046,#8048,.T.);
#8046 = VERTEX_POINT('',#8047);
#8047 = CARTESIAN_POINT('',(2.059807621135,2.967691453624,-1.55));
#8048 = SURFACE_CURVE('',#8049,(#8053,#8060),.PCURVE_S1.);
#8049 = LINE('',#8050,#8051);
#8050 = CARTESIAN_POINT('',(0.909807621135,0.97583302492,-1.55));
#8051 = VECTOR('',#8052,1.);
#8052 = DIRECTION('',(0.5,0.866025403784,0.));
#8053 = PCURVE('',#6854,#8054);
#8054 = DEFINITIONAL_REPRESENTATION('',(#8055),#8059);
#8055 = LINE('',#8056,#8057);
#8056 = CARTESIAN_POINT('',(0.7,0.));
#8057 = VECTOR('',#8058,1.);
#8058 = DIRECTION('',(0.,1.));
#8059 = ( GEOMETRIC_REPRESENTATION_CONTEXT(2)
PARAMETRIC_REPRESENTATION_CONTEXT() REPRESENTATION_CONTEXT('2D SPACE',''
  ) );
#8060 = PCURVE('',#8061,#8066);
#8061 = PLANE('',#8062);
#8062 = AXIS2_PLACEMENT_3D('',#8063,#8064,#8065);
#8063 = CARTESIAN_POINT('',(0.909807621135,0.97583302492,-1.55));
#8064 = DIRECTION('',(0.,0.,1.));
#8065 = DIRECTION('',(0.5,0.866025403784,0.));
#8066 = DEFINITIONAL_REPRESENTATION('',(#8067),#8071);
#8067 = LINE('',#8068,#8069);
#8068 = CARTESIAN_POINT('',(0.,0.));
#8069 = VECTOR('',#8070,1.);
#8070 = DIRECTION('',(1.,1.487416814334E-17));
#8071 = ( GEOMETRIC_REPRESENTATION_CONTEXT(2)
PARAMETRIC_REPRESENTATION_CONTEXT() REPRESENTATION_CONTEXT('2D SPACE',''
  ) );
#8072 = ORIENTED_EDGE('',*,*,#8073,.F.);
#8073 = EDGE_CURVE('',#7992,#8046,#8074,.T.);
#8074 = SURFACE_CURVE('',#8075,(#8079,#8086),.PCURVE_S1.);
#8075 = LINE('',#8076,#8077);
#8076 = CARTESIAN_POINT('',(2.059807621135,2.967691453624,-2.25));
#8077 = VECTOR('',#8078,1.);
#8078 = DIRECTION('',(0.,0.,1.));
#8079 = PCURVE('',#6854,#8080);
#8080 = DEFINITIONAL_REPRESENTATION('',(#8081),#8085);
#8081 = LINE('',#8082,#8083);
#8082 = CARTESIAN_POINT('',(0.,2.3));
#8083 = VECTOR('',#8084,1.);
#8084 = DIRECTION('',(1.,0.));
#8085 = ( GEOMETRIC_REPRESENTATION_CONTEXT(2)
PARAMETRIC_REPRESENTATION_CONTEXT() REPRESENTATION_CONTEXT('2D SPACE',''
  ) );
#8086 = PCURVE('',#8028,#8087);
#8087 = DEFINITIONAL_REPRESENTATION('',(#8088),#8092);
#8088 = LINE('',#8089,#8090);
#8089 = CARTESIAN_POINT('',(0.,0.));
#8090 = VECTOR('',#8091,1.);
#8091 = DIRECTION('',(1.,0.));
#8092 = ( GEOMETRIC_REPRESENTATION_CONTEXT(2)
PARAMETRIC_REPRESENTATION_CONTEXT() REPRESENTATION_CONTEXT('2D SPACE',''
  ) );
#8093 = ADVANCED_FACE('',(#8094),#7134,.T.);
#8094 = FACE_BOUND('',#8095,.T.);
#8095 = EDGE_LOOP('',(#8096,#8097,#8119,#8120));
#8096 = ORIENTED_EDGE('',*,*,#7118,.T.);
#8097 = ORIENTED_EDGE('',*,*,#8098,.T.);
#8098 = EDGE_CURVE('',#7095,#7559,#8099,.T.);
#8099 = SURFACE_CURVE('',#8100,(#8105,#8112),.PCURVE_S1.);
#8100 = CIRCLE('',#8101,1.6);
#8101 = AXIS2_PLACEMENT_3D('',#8102,#8103,#8104);
#8102 = CARTESIAN_POINT('',(0.,0.,-1.55));
#8103 = DIRECTION('',(0.,0.,1.));
#8104 = DIRECTION('',(1.,0.,0.));
#8105 = PCURVE('',#7134,#8106);
#8106 = DEFINITIONAL_REPRESENTATION('',(#8107),#8111);
#8107 = CIRCLE('',#8108,1.6);
#8108 = AXIS2_PLACEMENT_2D('',#8109,#8110);
#8109 = CARTESIAN_POINT('',(1.068312603546E-16,-1.483480247548E-16));
#8110 = DIRECTION('',(1.,0.));
#8111 = ( GEOMETRIC_REPRESENTATION_CONTEXT(2)
PARAMETRIC_REPRESENTATION_CONTEXT() REPRESENTATION_CONTEXT('2D SPACE',''
  ) );
#8112 = PCURVE('',#7573,#8113);
#8113 = DEFINITIONAL_REPRESENTATION('',(#8114),#8118);
#8114 = CIRCLE('',#8115,1.6);
#8115 = AXIS2_PLACEMENT_2D('',#8116,#8117);
#8116 = CARTESIAN_POINT('',(-1.3,0.3));
#8117 = DIRECTION('',(-1.,-1.224646799147E-16));
#8118 = ( GEOMETRIC_REPRESENTATION_CONTEXT(2)
PARAMETRIC_REPRESENTATION_CONTEXT() REPRESENTATION_CONTEXT('2D SPACE',''
  ) );
#8119 = ORIENTED_EDGE('',*,*,#7584,.F.);
#8120 = ORIENTED_EDGE('',*,*,#7146,.F.);
#8121 = ADVANCED_FACE('',(#8122),#7036,.T.);
#8122 = FACE_BOUND('',#8123,.T.);
#8123 = EDGE_LOOP('',(#8124,#8151,#8152,#8153));
#8124 = ORIENTED_EDGE('',*,*,#8125,.T.);
#8125 = EDGE_CURVE('',#6997,#7072,#8126,.T.);
#8126 = SURFACE_CURVE('',#8127,(#8132,#8139),.PCURVE_S1.);
#8127 = CIRCLE('',#8128,1.6);
#8128 = AXIS2_PLACEMENT_3D('',#8129,#8130,#8131);
#8129 = CARTESIAN_POINT('',(0.,0.,-1.55));
#8130 = DIRECTION('',(0.,0.,1.));
#8131 = DIRECTION('',(1.,0.,0.));
#8132 = PCURVE('',#7036,#8133);
#8133 = DEFINITIONAL_REPRESENTATION('',(#8134),#8138);
#8134 = CIRCLE('',#8135,1.6);
#8135 = AXIS2_PLACEMENT_2D('',#8136,#8137);
#8136 = CARTESIAN_POINT('',(1.068312603546E-16,-1.483480247548E-16));
#8137 = DIRECTION('',(1.,0.));
#8138 = ( GEOMETRIC_REPRESENTATION_CONTEXT(2)
PARAMETRIC_REPRESENTATION_CONTEXT() REPRESENTATION_CONTEXT('2D SPACE',''
  ) );
#8139 = PCURVE('',#8140,#8145);
#8140 = PLANE('',#8141);
#8141 = AXIS2_PLACEMENT_3D('',#8142,#8143,#8144);
#8142 = CARTESIAN_POINT('',(-0.303589838486,1.32583302492,-1.55));
#8143 = DIRECTION('',(0.,0.,1.));
#8144 = DIRECTION('',(-0.5,0.866025403784,0.));
#8145 = DEFINITIONAL_REPRESENTATION('',(#8146),#8150);
#8146 = CIRCLE('',#8147,1.6);
#8147 = AXIS2_PLACEMENT_2D('',#8148,#8149);
#8148 = CARTESIAN_POINT('',(-1.3,0.4));
#8149 = DIRECTION('',(-0.5,-0.866025403784));
#8150 = ( GEOMETRIC_REPRESENTATION_CONTEXT(2)
PARAMETRIC_REPRESENTATION_CONTEXT() REPRESENTATION_CONTEXT('2D SPACE',''
  ) );
#8151 = ORIENTED_EDGE('',*,*,#7071,.F.);
#8152 = ORIENTED_EDGE('',*,*,#7048,.F.);
#8153 = ORIENTED_EDGE('',*,*,#7020,.T.);
#8154 = ADVANCED_FACE('',(#8155),#6938,.T.);
#8155 = FACE_BOUND('',#8156,.T.);
#8156 = EDGE_LOOP('',(#8157,#8158,#8180,#8181));
#8157 = ORIENTED_EDGE('',*,*,#6922,.T.);
#8158 = ORIENTED_EDGE('',*,*,#8159,.T.);
#8159 = EDGE_CURVE('',#6817,#6974,#8160,.T.);
#8160 = SURFACE_CURVE('',#8161,(#8166,#8173),.PCURVE_S1.);
#8161 = CIRCLE('',#8162,1.6);
#8162 = AXIS2_PLACEMENT_3D('',#8163,#8164,#8165);
#8163 = CARTESIAN_POINT('',(0.,0.,-1.55));
#8164 = DIRECTION('',(0.,0.,1.));
#8165 = DIRECTION('',(1.,0.,0.));
#8166 = PCURVE('',#6938,#8167);
#8167 = DEFINITIONAL_REPRESENTATION('',(#8168),#8172);
#8168 = CIRCLE('',#8169,1.6);
#8169 = AXIS2_PLACEMENT_2D('',#8170,#8171);
#8170 = CARTESIAN_POINT('',(1.068312603546E-16,-1.483480247548E-16));
#8171 = DIRECTION('',(1.,0.));
#8172 = ( GEOMETRIC_REPRESENTATION_CONTEXT(2)
PARAMETRIC_REPRESENTATION_CONTEXT() REPRESENTATION_CONTEXT('2D SPACE',''
  ) );
#8173 = PCURVE('',#8061,#8174);
#8174 = DEFINITIONAL_REPRESENTATION('',(#8175),#8179);
#8175 = CIRCLE('',#8176,1.6);
#8176 = AXIS2_PLACEMENT_2D('',#8177,#8178);
#8177 = CARTESIAN_POINT('',(-1.3,0.3));
#8178 = DIRECTION('',(0.5,-0.866025403784));
#8179 = ( GEOMETRIC_REPRESENTATION_CONTEXT(2)
PARAMETRIC_REPRESENTATION_CONTEXT() REPRESENTATION_CONTEXT('2D SPACE',''
  ) );
#8180 = ORIENTED_EDGE('',*,*,#6973,.F.);
#8181 = ORIENTED_EDGE('',*,*,#6950,.F.);
#8182 = ADVANCED_FACE('',(#8183),#7546,.T.);
#8183 = FACE_BOUND('',#8184,.F.);
#8184 = EDGE_LOOP('',(#8185,#8207,#8208,#8230));
#8185 = ORIENTED_EDGE('',*,*,#8186,.F.);
#8186 = EDGE_CURVE('',#7529,#7660,#8187,.T.);
#8187 = SURFACE_CURVE('',#8188,(#8193,#8200),.PCURVE_S1.);
#8188 = CIRCLE('',#8189,0.15);
#8189 = AXIS2_PLACEMENT_3D('',#8190,#8191,#8192);
#8190 = CARTESIAN_POINT('',(-3.1,3.796405077357E-16,-1.55));
#8191 = DIRECTION('',(0.,0.,1.));
#8192 = DIRECTION('',(1.,0.,0.));
#8193 = PCURVE('',#7546,#8194);
#8194 = DEFINITIONAL_REPRESENTATION('',(#8195),#8199);
#8195 = LINE('',#8196,#8197);
#8196 = CARTESIAN_POINT('',(-0.,0.));
#8197 = VECTOR('',#8198,1.);
#8198 = DIRECTION('',(-1.,0.));
#8199 = ( GEOMETRIC_REPRESENTATION_CONTEXT(2)
PARAMETRIC_REPRESENTATION_CONTEXT() REPRESENTATION_CONTEXT('2D SPACE',''
  ) );
#8200 = PCURVE('',#7573,#8201);
#8201 = DEFINITIONAL_REPRESENTATION('',(#8202),#8206);
#8202 = CIRCLE('',#8203,0.15);
#8203 = AXIS2_PLACEMENT_2D('',#8204,#8205);
#8204 = CARTESIAN_POINT('',(1.8,0.3));
#8205 = DIRECTION('',(-1.,-1.224646799147E-16));
#8206 = ( GEOMETRIC_REPRESENTATION_CONTEXT(2)
PARAMETRIC_REPRESENTATION_CONTEXT() REPRESENTATION_CONTEXT('2D SPACE',''
  ) );
#8207 = ORIENTED_EDGE('',*,*,#7528,.T.);
#8208 = ORIENTED_EDGE('',*,*,#8209,.T.);
#8209 = EDGE_CURVE('',#7531,#7681,#8210,.T.);
#8210 = SURFACE_CURVE('',#8211,(#8216,#8223),.PCURVE_S1.);
#8211 = CIRCLE('',#8212,0.15);
#8212 = AXIS2_PLACEMENT_3D('',#8213,#8214,#8215);
#8213 = CARTESIAN_POINT('',(-3.1,3.796405077357E-16,0.45));
#8214 = DIRECTION('',(0.,0.,1.));
#8215 = DIRECTION('',(1.,0.,0.));
#8216 = PCURVE('',#7546,#8217);
#8217 = DEFINITIONAL_REPRESENTATION('',(#8218),#8222);
#8218 = LINE('',#8219,#8220);
#8219 = CARTESIAN_POINT('',(-0.,-2.));
#8220 = VECTOR('',#8221,1.);
#8221 = DIRECTION('',(-1.,0.));
#8222 = ( GEOMETRIC_REPRESENTATION_CONTEXT(2)
PARAMETRIC_REPRESENTATION_CONTEXT() REPRESENTATION_CONTEXT('2D SPACE',''
  ) );
#8223 = PCURVE('',#7714,#8224);
#8224 = DEFINITIONAL_REPRESENTATION('',(#8225),#8229);
#8225 = CIRCLE('',#8226,0.15);
#8226 = AXIS2_PLACEMENT_2D('',#8227,#8228);
#8227 = CARTESIAN_POINT('',(0.,-1.580866734756E-17));
#8228 = DIRECTION('',(1.,0.));
#8229 = ( GEOMETRIC_REPRESENTATION_CONTEXT(2)
PARAMETRIC_REPRESENTATION_CONTEXT() REPRESENTATION_CONTEXT('2D SPACE',''
  ) );
#8230 = ORIENTED_EDGE('',*,*,#7680,.T.);
#8231 = ADVANCED_FACE('',(#8232),#7714,.T.);
#8232 = FACE_BOUND('',#8233,.T.);
#8233 = EDGE_LOOP('',(#8234,#8235));
#8234 = ORIENTED_EDGE('',*,*,#7701,.F.);
#8235 = ORIENTED_EDGE('',*,*,#8209,.T.);
#8236 = ADVANCED_FACE('',(#8237),#7573,.T.);
#8237 = FACE_BOUND('',#8238,.T.);
#8238 = EDGE_LOOP('',(#8239,#8240,#8241,#8264,#8285,#8286));
#8239 = ORIENTED_EDGE('',*,*,#7558,.F.);
#8240 = ORIENTED_EDGE('',*,*,#8098,.F.);
#8241 = ORIENTED_EDGE('',*,*,#8242,.T.);
#8242 = EDGE_CURVE('',#7095,#8243,#8245,.T.);
#8243 = VERTEX_POINT('',#8244);
#8244 = CARTESIAN_POINT('',(-3.6,0.3,-1.55));
#8245 = SURFACE_CURVE('',#8246,(#8250,#8257),.PCURVE_S1.);
#8246 = LINE('',#8247,#8248);
#8247 = CARTESIAN_POINT('',(-1.3,0.3,-1.55));
#8248 = VECTOR('',#8249,1.);
#8249 = DIRECTION('',(-1.,1.224646799147E-16,0.));
#8250 = PCURVE('',#7573,#8251);
#8251 = DEFINITIONAL_REPRESENTATION('',(#8252),#8256);
#8252 = LINE('',#8253,#8254);
#8253 = CARTESIAN_POINT('',(0.,0.));
#8254 = VECTOR('',#8255,1.);
#8255 = DIRECTION('',(1.,0.));
#8256 = ( GEOMETRIC_REPRESENTATION_CONTEXT(2)
PARAMETRIC_REPRESENTATION_CONTEXT() REPRESENTATION_CONTEXT('2D SPACE',''
  ) );
#8257 = PCURVE('',#7746,#8258);
#8258 = DEFINITIONAL_REPRESENTATION('',(#8259),#8263);
#8259 = LINE('',#8260,#8261);
#8260 = CARTESIAN_POINT('',(0.7,0.));
#8261 = VECTOR('',#8262,1.);
#8262 = DIRECTION('',(0.,1.));
#8263 = ( GEOMETRIC_REPRESENTATION_CONTEXT(2)
PARAMETRIC_REPRESENTATION_CONTEXT() REPRESENTATION_CONTEXT('2D SPACE',''
  ) );
#8264 = ORIENTED_EDGE('',*,*,#8265,.T.);
#8265 = EDGE_CURVE('',#8243,#7634,#8266,.T.);
#8266 = SURFACE_CURVE('',#8267,(#8271,#8278),.PCURVE_S1.);
#8267 = LINE('',#8268,#8269);
#8268 = CARTESIAN_POINT('',(-3.6,0.3,-1.55));
#8269 = VECTOR('',#8270,1.);
#8270 = DIRECTION('',(-1.224646799147E-16,-1.,0.));
#8271 = PCURVE('',#7573,#8272);
#8272 = DEFINITIONAL_REPRESENTATION('',(#8273),#8277);
#8273 = LINE('',#8274,#8275);
#8274 = CARTESIAN_POINT('',(2.3,4.113007647602E-18));
#8275 = VECTOR('',#8276,1.);
#8276 = DIRECTION('',(0.,1.));
#8277 = ( GEOMETRIC_REPRESENTATION_CONTEXT(2)
PARAMETRIC_REPRESENTATION_CONTEXT() REPRESENTATION_CONTEXT('2D SPACE',''
  ) );
#8278 = PCURVE('',#7648,#8279);
#8279 = DEFINITIONAL_REPRESENTATION('',(#8280),#8284);
#8280 = LINE('',#8281,#8282);
#8281 = CARTESIAN_POINT('',(0.7,0.));
#8282 = VECTOR('',#8283,1.);
#8283 = DIRECTION('',(0.,-1.));
#8284 = ( GEOMETRIC_REPRESENTATION_CONTEXT(2)
PARAMETRIC_REPRESENTATION_CONTEXT() REPRESENTATION_CONTEXT('2D SPACE',''
  ) );
#8285 = ORIENTED_EDGE('',*,*,#7659,.F.);
#8286 = ORIENTED_EDGE('',*,*,#8186,.F.);
#8287 = ADVANCED_FACE('',(#8288),#7648,.T.);
#8288 = FACE_BOUND('',#8289,.T.);
#8289 = EDGE_LOOP('',(#8290,#8291,#8312,#8313));
#8290 = ORIENTED_EDGE('',*,*,#8265,.F.);
#8291 = ORIENTED_EDGE('',*,*,#8292,.F.);
#8292 = EDGE_CURVE('',#7731,#8243,#8293,.T.);
#8293 = SURFACE_CURVE('',#8294,(#8298,#8305),.PCURVE_S1.);
#8294 = LINE('',#8295,#8296);
#8295 = CARTESIAN_POINT('',(-3.6,0.3,-2.25));
#8296 = VECTOR('',#8297,1.);
#8297 = DIRECTION('',(0.,0.,1.));
#8298 = PCURVE('',#7648,#8299);
#8299 = DEFINITIONAL_REPRESENTATION('',(#8300),#8304);
#8300 = LINE('',#8301,#8302);
#8301 = CARTESIAN_POINT('',(0.,0.));
#8302 = VECTOR('',#8303,1.);
#8303 = DIRECTION('',(1.,0.));
#8304 = ( GEOMETRIC_REPRESENTATION_CONTEXT(2)
PARAMETRIC_REPRESENTATION_CONTEXT() REPRESENTATION_CONTEXT('2D SPACE',''
  ) );
#8305 = PCURVE('',#7746,#8306);
#8306 = DEFINITIONAL_REPRESENTATION('',(#8307),#8311);
#8307 = LINE('',#8308,#8309);
#8308 = CARTESIAN_POINT('',(0.,2.3));
#8309 = VECTOR('',#8310,1.);
#8310 = DIRECTION('',(1.,0.));
#8311 = ( GEOMETRIC_REPRESENTATION_CONTEXT(2)
PARAMETRIC_REPRESENTATION_CONTEXT() REPRESENTATION_CONTEXT('2D SPACE',''
  ) );
#8312 = ORIENTED_EDGE('',*,*,#7758,.T.);
#8313 = ORIENTED_EDGE('',*,*,#7633,.F.);
#8314 = ADVANCED_FACE('',(#8315),#7746,.F.);
#8315 = FACE_BOUND('',#8316,.F.);
#8316 = EDGE_LOOP('',(#8317,#8318,#8319,#8320));
#8317 = ORIENTED_EDGE('',*,*,#7730,.F.);
#8318 = ORIENTED_EDGE('',*,*,#7810,.F.);
#8319 = ORIENTED_EDGE('',*,*,#8242,.T.);
#8320 = ORIENTED_EDGE('',*,*,#8292,.F.);
#8321 = ADVANCED_FACE('',(#8322),#7797,.T.);
#8322 = FACE_BOUND('',#8323,.T.);
#8323 = EDGE_LOOP('',(#8324,#8325,#8326,#8349));
#8324 = ORIENTED_EDGE('',*,*,#7834,.F.);
#8325 = ORIENTED_EDGE('',*,*,#7783,.F.);
#8326 = ORIENTED_EDGE('',*,*,#8327,.T.);
#8327 = EDGE_CURVE('',#7072,#8328,#8330,.T.);
#8328 = VERTEX_POINT('',#8329);
#8329 = CARTESIAN_POINT('',(-2.146410161514,2.917691453624,-1.55));
#8330 = SURFACE_CURVE('',#8331,(#8335,#8342),.PCURVE_S1.);
#8331 = LINE('',#8332,#8333);
#8332 = CARTESIAN_POINT('',(-0.996410161514,0.92583302492,-1.55));
#8333 = VECTOR('',#8334,1.);
#8334 = DIRECTION('',(-0.5,0.866025403784,0.));
#8335 = PCURVE('',#7797,#8336);
#8336 = DEFINITIONAL_REPRESENTATION('',(#8337),#8341);
#8337 = LINE('',#8338,#8339);
#8338 = CARTESIAN_POINT('',(0.7,0.));
#8339 = VECTOR('',#8340,1.);
#8340 = DIRECTION('',(0.,1.));
#8341 = ( GEOMETRIC_REPRESENTATION_CONTEXT(2)
PARAMETRIC_REPRESENTATION_CONTEXT() REPRESENTATION_CONTEXT('2D SPACE',''
  ) );
#8342 = PCURVE('',#8140,#8343);
#8343 = DEFINITIONAL_REPRESENTATION('',(#8344),#8348);
#8344 = LINE('',#8345,#8346);
#8345 = CARTESIAN_POINT('',(-5.986660995176E-17,0.8));
#8346 = VECTOR('',#8347,1.);
#8347 = DIRECTION('',(1.,2.231125221501E-17));
#8348 = ( GEOMETRIC_REPRESENTATION_CONTEXT(2)
PARAMETRIC_REPRESENTATION_CONTEXT() REPRESENTATION_CONTEXT('2D SPACE',''
  ) );
#8349 = ORIENTED_EDGE('',*,*,#8350,.F.);
#8350 = EDGE_CURVE('',#7835,#8328,#8351,.T.);
#8351 = SURFACE_CURVE('',#8352,(#8356,#8363),.PCURVE_S1.);
#8352 = LINE('',#8353,#8354);
#8353 = CARTESIAN_POINT('',(-2.146410161514,2.917691453624,-2.25));
#8354 = VECTOR('',#8355,1.);
#8355 = DIRECTION('',(0.,0.,1.));
#8356 = PCURVE('',#7797,#8357);
#8357 = DEFINITIONAL_REPRESENTATION('',(#8358),#8362);
#8358 = LINE('',#8359,#8360);
#8359 = CARTESIAN_POINT('',(0.,2.3));
#8360 = VECTOR('',#8361,1.);
#8361 = DIRECTION('',(1.,0.));
#8362 = ( GEOMETRIC_REPRESENTATION_CONTEXT(2)
PARAMETRIC_REPRESENTATION_CONTEXT() REPRESENTATION_CONTEXT('2D SPACE',''
  ) );
#8363 = PCURVE('',#7900,#8364);
#8364 = DEFINITIONAL_REPRESENTATION('',(#8365),#8369);
#8365 = LINE('',#8366,#8367);
#8366 = CARTESIAN_POINT('',(0.,-0.8));
#8367 = VECTOR('',#8368,1.);
#8368 = DIRECTION('',(1.,0.));
#8369 = ( GEOMETRIC_REPRESENTATION_CONTEXT(2)
PARAMETRIC_REPRESENTATION_CONTEXT() REPRESENTATION_CONTEXT('2D SPACE',''
  ) );
#8370 = ADVANCED_FACE('',(#8371),#7900,.T.);
#8371 = FACE_BOUND('',#8372,.T.);
#8372 = EDGE_LOOP('',(#8373,#8396,#8397,#8398));
#8373 = ORIENTED_EDGE('',*,*,#8374,.F.);
#8374 = EDGE_CURVE('',#7859,#8375,#8377,.T.);
#8375 = VERTEX_POINT('',#8376);
#8376 = CARTESIAN_POINT('',(-1.453589838486,3.317691453624,-1.55));
#8377 = SURFACE_CURVE('',#8378,(#8382,#8389),.PCURVE_S1.);
#8378 = LINE('',#8379,#8380);
#8379 = CARTESIAN_POINT('',(-1.453589838486,3.317691453624,-2.25));
#8380 = VECTOR('',#8381,1.);
#8381 = DIRECTION('',(0.,0.,1.));
#8382 = PCURVE('',#7900,#8383);
#8383 = DEFINITIONAL_REPRESENTATION('',(#8384),#8388);
#8384 = LINE('',#8385,#8386);
#8385 = CARTESIAN_POINT('',(0.,0.));
#8386 = VECTOR('',#8387,1.);
#8387 = DIRECTION('',(1.,0.));
#8388 = ( GEOMETRIC_REPRESENTATION_CONTEXT(2)
PARAMETRIC_REPRESENTATION_CONTEXT() REPRESENTATION_CONTEXT('2D SPACE',''
  ) );
#8389 = PCURVE('',#7874,#8390);
#8390 = DEFINITIONAL_REPRESENTATION('',(#8391),#8395);
#8391 = LINE('',#8392,#8393);
#8392 = CARTESIAN_POINT('',(0.,2.3));
#8393 = VECTOR('',#8394,1.);
#8394 = DIRECTION('',(1.,0.));
#8395 = ( GEOMETRIC_REPRESENTATION_CONTEXT(2)
PARAMETRIC_REPRESENTATION_CONTEXT() REPRESENTATION_CONTEXT('2D SPACE',''
  ) );
#8396 = ORIENTED_EDGE('',*,*,#7886,.T.);
#8397 = ORIENTED_EDGE('',*,*,#8350,.T.);
#8398 = ORIENTED_EDGE('',*,*,#8399,.F.);
#8399 = EDGE_CURVE('',#8375,#8328,#8400,.T.);
#8400 = SURFACE_CURVE('',#8401,(#8405,#8412),.PCURVE_S1.);
#8401 = LINE('',#8402,#8403);
#8402 = CARTESIAN_POINT('',(-1.453589838486,3.317691453624,-1.55));
#8403 = VECTOR('',#8404,1.);
#8404 = DIRECTION('',(-0.866025403784,-0.5,0.));
#8405 = PCURVE('',#7900,#8406);
#8406 = DEFINITIONAL_REPRESENTATION('',(#8407),#8411);
#8407 = LINE('',#8408,#8409);
#8408 = CARTESIAN_POINT('',(0.7,0.));
#8409 = VECTOR('',#8410,1.);
#8410 = DIRECTION('',(0.,-1.));
#8411 = ( GEOMETRIC_REPRESENTATION_CONTEXT(2)
PARAMETRIC_REPRESENTATION_CONTEXT() REPRESENTATION_CONTEXT('2D SPACE',''
  ) );
#8412 = PCURVE('',#8140,#8413);
#8413 = DEFINITIONAL_REPRESENTATION('',(#8414),#8418);
#8414 = LINE('',#8415,#8416);
#8415 = CARTESIAN_POINT('',(2.3,1.60213849058E-16));
#8416 = VECTOR('',#8417,1.);
#8417 = DIRECTION('',(2.231125221501E-17,1.));
#8418 = ( GEOMETRIC_REPRESENTATION_CONTEXT(2)
PARAMETRIC_REPRESENTATION_CONTEXT() REPRESENTATION_CONTEXT('2D SPACE',''
  ) );
#8419 = ADVANCED_FACE('',(#8420),#7874,.F.);
#8420 = FACE_BOUND('',#8421,.F.);
#8421 = EDGE_LOOP('',(#8422,#8423,#8424,#8445));
#8422 = ORIENTED_EDGE('',*,*,#7858,.F.);
#8423 = ORIENTED_EDGE('',*,*,#7943,.F.);
#8424 = ORIENTED_EDGE('',*,*,#8425,.T.);
#8425 = EDGE_CURVE('',#6997,#8375,#8426,.T.);
#8426 = SURFACE_CURVE('',#8427,(#8431,#8438),.PCURVE_S1.);
#8427 = LINE('',#8428,#8429);
#8428 = CARTESIAN_POINT('',(-0.303589838486,1.32583302492,-1.55));
#8429 = VECTOR('',#8430,1.);
#8430 = DIRECTION('',(-0.5,0.866025403784,0.));
#8431 = PCURVE('',#7874,#8432);
#8432 = DEFINITIONAL_REPRESENTATION('',(#8433),#8437);
#8433 = LINE('',#8434,#8435);
#8434 = CARTESIAN_POINT('',(0.7,0.));
#8435 = VECTOR('',#8436,1.);
#8436 = DIRECTION('',(0.,1.));
#8437 = ( GEOMETRIC_REPRESENTATION_CONTEXT(2)
PARAMETRIC_REPRESENTATION_CONTEXT() REPRESENTATION_CONTEXT('2D SPACE',''
  ) );
#8438 = PCURVE('',#8140,#8439);
#8439 = DEFINITIONAL_REPRESENTATION('',(#8440),#8444);
#8440 = LINE('',#8441,#8442);
#8441 = CARTESIAN_POINT('',(0.,0.));
#8442 = VECTOR('',#8443,1.);
#8443 = DIRECTION('',(1.,2.231125221501E-17));
#8444 = ( GEOMETRIC_REPRESENTATION_CONTEXT(2)
PARAMETRIC_REPRESENTATION_CONTEXT() REPRESENTATION_CONTEXT('2D SPACE',''
  ) );
#8445 = ORIENTED_EDGE('',*,*,#8374,.F.);
#8446 = ADVANCED_FACE('',(#8447),#7930,.T.);
#8447 = FACE_BOUND('',#8448,.T.);
#8448 = EDGE_LOOP('',(#8449,#8450,#8451,#8474));
#8449 = ORIENTED_EDGE('',*,*,#7967,.F.);
#8450 = ORIENTED_EDGE('',*,*,#7916,.F.);
#8451 = ORIENTED_EDGE('',*,*,#8452,.T.);
#8452 = EDGE_CURVE('',#6974,#8453,#8455,.T.);
#8453 = VERTEX_POINT('',#8454);
#8454 = CARTESIAN_POINT('',(1.540192378865,3.267691453624,-1.55));
#8455 = SURFACE_CURVE('',#8456,(#8460,#8467),.PCURVE_S1.);
#8456 = LINE('',#8457,#8458);
#8457 = CARTESIAN_POINT('',(0.390192378865,1.27583302492,-1.55));
#8458 = VECTOR('',#8459,1.);
#8459 = DIRECTION('',(0.5,0.866025403784,0.));
#8460 = PCURVE('',#7930,#8461);
#8461 = DEFINITIONAL_REPRESENTATION('',(#8462),#8466);
#8462 = LINE('',#8463,#8464);
#8463 = CARTESIAN_POINT('',(0.7,0.));
#8464 = VECTOR('',#8465,1.);
#8465 = DIRECTION('',(0.,1.));
#8466 = ( GEOMETRIC_REPRESENTATION_CONTEXT(2)
PARAMETRIC_REPRESENTATION_CONTEXT() REPRESENTATION_CONTEXT('2D SPACE',''
  ) );
#8467 = PCURVE('',#8061,#8468);
#8468 = DEFINITIONAL_REPRESENTATION('',(#8469),#8473);
#8469 = LINE('',#8470,#8471);
#8470 = CARTESIAN_POINT('',(-2.177729360249E-18,0.6));
#8471 = VECTOR('',#8472,1.);
#8472 = DIRECTION('',(1.,1.487416814334E-17));
#8473 = ( GEOMETRIC_REPRESENTATION_CONTEXT(2)
PARAMETRIC_REPRESENTATION_CONTEXT() REPRESENTATION_CONTEXT('2D SPACE',''
  ) );
#8474 = ORIENTED_EDGE('',*,*,#8475,.F.);
#8475 = EDGE_CURVE('',#7968,#8453,#8476,.T.);
#8476 = SURFACE_CURVE('',#8477,(#8481,#8488),.PCURVE_S1.);
#8477 = LINE('',#8478,#8479);
#8478 = CARTESIAN_POINT('',(1.540192378865,3.267691453624,-2.25));
#8479 = VECTOR('',#8480,1.);
#8480 = DIRECTION('',(0.,0.,1.));
#8481 = PCURVE('',#7930,#8482);
#8482 = DEFINITIONAL_REPRESENTATION('',(#8483),#8487);
#8483 = LINE('',#8484,#8485);
#8484 = CARTESIAN_POINT('',(0.,2.3));
#8485 = VECTOR('',#8486,1.);
#8486 = DIRECTION('',(1.,0.));
#8487 = ( GEOMETRIC_REPRESENTATION_CONTEXT(2)
PARAMETRIC_REPRESENTATION_CONTEXT() REPRESENTATION_CONTEXT('2D SPACE',''
  ) );
#8488 = PCURVE('',#8028,#8489);
#8489 = DEFINITIONAL_REPRESENTATION('',(#8490),#8494);
#8490 = LINE('',#8491,#8492);
#8491 = CARTESIAN_POINT('',(0.,-0.6));
#8492 = VECTOR('',#8493,1.);
#8493 = DIRECTION('',(1.,0.));
#8494 = ( GEOMETRIC_REPRESENTATION_CONTEXT(2)
PARAMETRIC_REPRESENTATION_CONTEXT() REPRESENTATION_CONTEXT('2D SPACE',''
  ) );
#8495 = ADVANCED_FACE('',(#8496),#8028,.T.);
#8496 = FACE_BOUND('',#8497,.T.);
#8497 = EDGE_LOOP('',(#8498,#8499,#8500,#8501));
#8498 = ORIENTED_EDGE('',*,*,#8073,.F.);
#8499 = ORIENTED_EDGE('',*,*,#8014,.T.);
#8500 = ORIENTED_EDGE('',*,*,#8475,.T.);
#8501 = ORIENTED_EDGE('',*,*,#8502,.F.);
#8502 = EDGE_CURVE('',#8046,#8453,#8503,.T.);
#8503 = SURFACE_CURVE('',#8504,(#8508,#8515),.PCURVE_S1.);
#8504 = LINE('',#8505,#8506);
#8505 = CARTESIAN_POINT('',(2.059807621135,2.967691453624,-1.55));
#8506 = VECTOR('',#8507,1.);
#8507 = DIRECTION('',(-0.866025403784,0.5,0.));
#8508 = PCURVE('',#8028,#8509);
#8509 = DEFINITIONAL_REPRESENTATION('',(#8510),#8514);
#8510 = LINE('',#8511,#8512);
#8511 = CARTESIAN_POINT('',(0.7,0.));
#8512 = VECTOR('',#8513,1.);
#8513 = DIRECTION('',(0.,-1.));
#8514 = ( GEOMETRIC_REPRESENTATION_CONTEXT(2)
PARAMETRIC_REPRESENTATION_CONTEXT() REPRESENTATION_CONTEXT('2D SPACE',''
  ) );
#8515 = PCURVE('',#8061,#8516);
#8516 = DEFINITIONAL_REPRESENTATION('',(#8517),#8521);
#8517 = LINE('',#8518,#8519);
#8518 = CARTESIAN_POINT('',(2.3,-1.189361156351E-16));
#8519 = VECTOR('',#8520,1.);
#8520 = DIRECTION('',(1.487416814334E-17,1.));
#8521 = ( GEOMETRIC_REPRESENTATION_CONTEXT(2)
PARAMETRIC_REPRESENTATION_CONTEXT() REPRESENTATION_CONTEXT('2D SPACE',''
  ) );
#8522 = ADVANCED_FACE('',(#8523,#8529),#8061,.T.);
#8523 = FACE_BOUND('',#8524,.T.);
#8524 = EDGE_LOOP('',(#8525,#8526,#8527,#8528));
#8525 = ORIENTED_EDGE('',*,*,#8452,.F.);
#8526 = ORIENTED_EDGE('',*,*,#8159,.F.);
#8527 = ORIENTED_EDGE('',*,*,#8045,.T.);
#8528 = ORIENTED_EDGE('',*,*,#8502,.T.);
#8529 = FACE_BOUND('',#8530,.T.);
#8530 = EDGE_LOOP('',(#8531));
#8531 = ORIENTED_EDGE('',*,*,#8532,.F.);
#8532 = EDGE_CURVE('',#8533,#8533,#8535,.T.);
#8533 = VERTEX_POINT('',#8534);
#8534 = CARTESIAN_POINT('',(1.7,2.684678751732,-1.55));
#8535 = SURFACE_CURVE('',#8536,(#8541,#8548),.PCURVE_S1.);
#8536 = CIRCLE('',#8537,0.15);
#8537 = AXIS2_PLACEMENT_3D('',#8538,#8539,#8540);
#8538 = CARTESIAN_POINT('',(1.55,2.684678751732,-1.55));
#8539 = DIRECTION('',(0.,0.,1.));
#8540 = DIRECTION('',(1.,0.,0.));
#8541 = PCURVE('',#8061,#8542);
#8542 = DEFINITIONAL_REPRESENTATION('',(#8543),#8547);
#8543 = CIRCLE('',#8544,0.15);
#8544 = AXIS2_PLACEMENT_2D('',#8545,#8546);
#8545 = CARTESIAN_POINT('',(1.8,0.3));
#8546 = DIRECTION('',(0.5,-0.866025403784));
#8547 = ( GEOMETRIC_REPRESENTATION_CONTEXT(2)
PARAMETRIC_REPRESENTATION_CONTEXT() REPRESENTATION_CONTEXT('2D SPACE',''
  ) );
#8548 = PCURVE('',#8549,#8554);
#8549 = CYLINDRICAL_SURFACE('',#8550,0.15);
#8550 = AXIS2_PLACEMENT_3D('',#8551,#8552,#8553);
#8551 = CARTESIAN_POINT('',(1.55,2.684678751732,-1.55));
#8552 = DIRECTION('',(-0.,-0.,-1.));
#8553 = DIRECTION('',(1.,0.,0.));
#8554 = DEFINITIONAL_REPRESENTATION('',(#8555),#8559);
#8555 = LINE('',#8556,#8557);
#8556 = CARTESIAN_POINT('',(-0.,0.));
#8557 = VECTOR('',#8558,1.);
#8558 = DIRECTION('',(-1.,0.));
#8559 = ( GEOMETRIC_REPRESENTATION_CONTEXT(2)
PARAMETRIC_REPRESENTATION_CONTEXT() REPRESENTATION_CONTEXT('2D SPACE',''
  ) );
#8560 = ADVANCED_FACE('',(#8561),#8140,.T.);
#8561 = FACE_BOUND('',#8562,.T.);
#8562 = EDGE_LOOP('',(#8563,#8564,#8565,#8566));
#8563 = ORIENTED_EDGE('',*,*,#8327,.F.);
#8564 = ORIENTED_EDGE('',*,*,#8125,.F.);
#8565 = ORIENTED_EDGE('',*,*,#8425,.T.);
#8566 = ORIENTED_EDGE('',*,*,#8399,.T.);
#8567 = ADVANCED_FACE('',(#8568),#8549,.T.);
#8568 = FACE_BOUND('',#8569,.F.);
#8569 = EDGE_LOOP('',(#8570,#8593,#8620,#8621));
#8570 = ORIENTED_EDGE('',*,*,#8571,.T.);
#8571 = EDGE_CURVE('',#8533,#8572,#8574,.T.);
#8572 = VERTEX_POINT('',#8573);
#8573 = CARTESIAN_POINT('',(1.7,2.684678751732,0.45));
#8574 = SEAM_CURVE('',#8575,(#8579,#8586),.PCURVE_S1.);
#8575 = LINE('',#8576,#8577);
#8576 = CARTESIAN_POINT('',(1.7,2.684678751732,-1.55));
#8577 = VECTOR('',#8578,1.);
#8578 = DIRECTION('',(0.,0.,1.));
#8579 = PCURVE('',#8549,#8580);
#8580 = DEFINITIONAL_REPRESENTATION('',(#8581),#8585);
#8581 = LINE('',#8582,#8583);
#8582 = CARTESIAN_POINT('',(-0.,0.));
#8583 = VECTOR('',#8584,1.);
#8584 = DIRECTION('',(-0.,-1.));
#8585 = ( GEOMETRIC_REPRESENTATION_CONTEXT(2)
PARAMETRIC_REPRESENTATION_CONTEXT() REPRESENTATION_CONTEXT('2D SPACE',''
  ) );
#8586 = PCURVE('',#8549,#8587);
#8587 = DEFINITIONAL_REPRESENTATION('',(#8588),#8592);
#8588 = LINE('',#8589,#8590);
#8589 = CARTESIAN_POINT('',(-6.28318530718,0.));
#8590 = VECTOR('',#8591,1.);
#8591 = DIRECTION('',(-0.,-1.));
#8592 = ( GEOMETRIC_REPRESENTATION_CONTEXT(2)
PARAMETRIC_REPRESENTATION_CONTEXT() REPRESENTATION_CONTEXT('2D SPACE',''
  ) );
#8593 = ORIENTED_EDGE('',*,*,#8594,.T.);
#8594 = EDGE_CURVE('',#8572,#8572,#8595,.T.);
#8595 = SURFACE_CURVE('',#8596,(#8601,#8608),.PCURVE_S1.);
#8596 = CIRCLE('',#8597,0.15);
#8597 = AXIS2_PLACEMENT_3D('',#8598,#8599,#8600);
#8598 = CARTESIAN_POINT('',(1.55,2.684678751732,0.45));
#8599 = DIRECTION('',(0.,0.,1.));
#8600 = DIRECTION('',(1.,0.,0.));
#8601 = PCURVE('',#8549,#8602);
#8602 = DEFINITIONAL_REPRESENTATION('',(#8603),#8607);
#8603 = LINE('',#8604,#8605);
#8604 = CARTESIAN_POINT('',(-0.,-2.));
#8605 = VECTOR('',#8606,1.);
#8606 = DIRECTION('',(-1.,0.));
#8607 = ( GEOMETRIC_REPRESENTATION_CONTEXT(2)
PARAMETRIC_REPRESENTATION_CONTEXT() REPRESENTATION_CONTEXT('2D SPACE',''
  ) );
#8608 = PCURVE('',#8609,#8614);
#8609 = PLANE('',#8610);
#8610 = AXIS2_PLACEMENT_3D('',#8611,#8612,#8613);
#8611 = CARTESIAN_POINT('',(1.55,2.684678751732,0.45));
#8612 = DIRECTION('',(0.,0.,1.));
#8613 = DIRECTION('',(1.,0.,-0.));
#8614 = DEFINITIONAL_REPRESENTATION('',(#8615),#8619);
#8615 = CIRCLE('',#8616,0.15);
#8616 = AXIS2_PLACEMENT_2D('',#8617,#8618);
#8617 = CARTESIAN_POINT('',(-2.22044604925E-16,-8.881784197001E-16));
#8618 = DIRECTION('',(1.,0.));
#8619 = ( GEOMETRIC_REPRESENTATION_CONTEXT(2)
PARAMETRIC_REPRESENTATION_CONTEXT() REPRESENTATION_CONTEXT('2D SPACE',''
  ) );
#8620 = ORIENTED_EDGE('',*,*,#8571,.F.);
#8621 = ORIENTED_EDGE('',*,*,#8532,.F.);
#8622 = ADVANCED_FACE('',(#8623),#8609,.T.);
#8623 = FACE_BOUND('',#8624,.T.);
#8624 = EDGE_LOOP('',(#8625));
#8625 = ORIENTED_EDGE('',*,*,#8594,.T.);
#8626 = ( GEOMETRIC_REPRESENTATION_CONTEXT(3)
GLOBAL_UNCERTAINTY_ASSIGNED_CONTEXT((#8630))
GLOBAL_UNIT_ASSIGNED_CONTEXT((#8627,#8628,#8629)) REPRESENTATION_CONTEXT
('Context #1','3D Context with UNIT and UNCERTAINTY') );
#8627 = ( LENGTH_UNIT() NAMED_UNIT(*) SI_UNIT(.MILLI.,.METRE.) );
#8628 = ( NAMED_UNIT(*) PLANE_ANGLE_UNIT() SI_UNIT($,.RADIAN.) );
#8629 = ( NAMED_UNIT(*) SI_UNIT($,.STERADIAN.) SOLID_ANGLE_UNIT() );
#8630 = UNCERTAINTY_MEASURE_WITH_UNIT(LENGTH_MEASURE(1.E-07),#8627,
  'distance_accuracy_value','confusion accuracy');
#8631 = CONTEXT_DEPENDENT_SHAPE_REPRESENTATION(#8632,#8634);
#8632 = ( REPRESENTATION_RELATIONSHIP('','',#6017,#10)
REPRESENTATION_RELATIONSHIP_WITH_TRANSFORMATION(#8633)
SHAPE_REPRESENTATION_RELATIONSHIP() );
#8633 = ITEM_DEFINED_TRANSFORMATION('','',#11,#27);
#8634 = PRODUCT_DEFINITION_SHAPE('Placement','Placement of an item',
  #8635);
#8635 = NEXT_ASSEMBLY_USAGE_OCCURRENCE('149','','',#5,#6012,$);
#8636 = PRODUCT_RELATED_PRODUCT_CATEGORY('part',$,(#6014));
#8637 = SHAPE_DEFINITION_REPRESENTATION(#8638,#8644);
#8638 = PRODUCT_DEFINITION_SHAPE('','',#8639);
#8639 = PRODUCT_DEFINITION('design','',#8640,#8643);
#8640 = PRODUCT_DEFINITION_FORMATION('','',#8641);
#8641 = PRODUCT('Open CASCADE STEP translator 7.8 6.5',
  'Open CASCADE STEP translator 7.8 6.5','',(#8642));
#8642 = PRODUCT_CONTEXT('',#2,'mechanical');
#8643 = PRODUCT_DEFINITION_CONTEXT('part definition',#2,'design');
#8644 = ADVANCED_BREP_SHAPE_REPRESENTATION('',(#11,#8645),#9341);
#8645 = MANIFOLD_SOLID_BREP('',#8646);
#8646 = CLOSED_SHELL('',(#8647,#8773,#8957,#9011,#9083,#9132,#9181,#9226
    ,#9251,#9300,#9327,#9334));
#8647 = ADVANCED_FACE('',(#8648),#8664,.T.);
#8648 = FACE_BOUND('',#8649,.T.);
#8649 = EDGE_LOOP('',(#8650,#8693,#8719,#8749));
#8650 = ORIENTED_EDGE('',*,*,#8651,.F.);
#8651 = EDGE_CURVE('',#8652,#8654,#8656,.T.);
#8652 = VERTEX_POINT('',#8653);
#8653 = CARTESIAN_POINT('',(4.,0.,-6.08));
#8654 = VERTEX_POINT('',#8655);
#8655 = CARTESIAN_POINT('',(11.,0.,-6.08));
#8656 = SURFACE_CURVE('',#8657,(#8663,#8679),.PCURVE_S1.);
#8657 = B_SPLINE_CURVE_WITH_KNOTS('',4,(#8658,#8659,#8660,#8661,#8662),
  .UNSPECIFIED.,.F.,.F.,(5,5),(0.,1.),.PIECEWISE_BEZIER_KNOTS.);
#8658 = CARTESIAN_POINT('',(4.,0.,-6.08));
#8659 = CARTESIAN_POINT('',(5.75,0.,-6.08));
#8660 = CARTESIAN_POINT('',(7.5,0.,-6.08));
#8661 = CARTESIAN_POINT('',(9.25,0.,-6.08));
#8662 = CARTESIAN_POINT('',(11.,0.,-6.08));
#8663 = PCURVE('',#8664,#8671);
#8664 = B_SPLINE_SURFACE_WITH_KNOTS('',1,2,(
    (#8665,#8666,#8667)
    ,(#8668,#8669,#8670
  )),.UNSPECIFIED.,.F.,.F.,.F.,(2,2),(3,3),(0.,1.),(0.,1.),
  .PIECEWISE_BEZIER_KNOTS.);
#8665 = CARTESIAN_POINT('',(4.,-1.05,-6.08));
#8666 = CARTESIAN_POINT('',(7.5,-1.05,-6.08));
#8667 = CARTESIAN_POINT('',(11.,-1.05,-6.08));
#8668 = CARTESIAN_POINT('',(4.,1.05,-6.08));
#8669 = CARTESIAN_POINT('',(7.5,1.05,-6.08));
#8670 = CARTESIAN_POINT('',(11.,1.05,-6.08));
#8671 = DEFINITIONAL_REPRESENTATION('',(#8672),#8678);
#8672 = B_SPLINE_CURVE_WITH_KNOTS('',4,(#8673,#8674,#8675,#8676,#8677),
  .UNSPECIFIED.,.F.,.F.,(5,5),(0.,1.),.PIECEWISE_BEZIER_KNOTS.);
#8673 = CARTESIAN_POINT('',(0.5,0.));
#8674 = CARTESIAN_POINT('',(0.5,0.25));
#8675 = CARTESIAN_POINT('',(0.5,0.5));
#8676 = CARTESIAN_POINT('',(0.5,0.75));
#8677 = CARTESIAN_POINT('',(0.5,1.));
#8678 = ( GEOMETRIC_REPRESENTATION_CONTEXT(2)
PARAMETRIC_REPRESENTATION_CONTEXT() REPRESENTATION_CONTEXT('2D SPACE',''
  ) );
#8679 = PCURVE('',#8680,#8685);
#8680 = PLANE('',#8681);
#8681 = AXIS2_PLACEMENT_3D('',#8682,#8683,#8684);
#8682 = CARTESIAN_POINT('',(-30.,0.,-65.));
#8683 = DIRECTION('',(0.,1.,0.));
#8684 = DIRECTION('',(0.,0.,1.));
#8685 = DEFINITIONAL_REPRESENTATION('',(#8686),#8692);
#8686 = B_SPLINE_CURVE_WITH_KNOTS('',4,(#8687,#8688,#8689,#8690,#8691),
  .UNSPECIFIED.,.F.,.F.,(5,5),(0.,1.),.PIECEWISE_BEZIER_KNOTS.);
#8687 = CARTESIAN_POINT('',(58.92,34.));
#8688 = CARTESIAN_POINT('',(58.92,35.75));
#8689 = CARTESIAN_POINT('',(58.92,37.5));
#8690 = CARTESIAN_POINT('',(58.92,39.25));
#8691 = CARTESIAN_POINT('',(58.92,41.));
#8692 = ( GEOMETRIC_REPRESENTATION_CONTEXT(2)
PARAMETRIC_REPRESENTATION_CONTEXT() REPRESENTATION_CONTEXT('2D SPACE',''
  ) );
#8693 = ORIENTED_EDGE('',*,*,#8694,.T.);
#8694 = EDGE_CURVE('',#8652,#8695,#8697,.T.);
#8695 = VERTEX_POINT('',#8696);
#8696 = CARTESIAN_POINT('',(4.,1.05,-6.08));
#8697 = SURFACE_CURVE('',#8698,(#8701,#8708),.PCURVE_S1.);
#8698 = B_SPLINE_CURVE_WITH_KNOTS('',1,(#8699,#8700),.UNSPECIFIED.,.F.,
  .F.,(2,2),(0.,1.),.PIECEWISE_BEZIER_KNOTS.);
#8699 = CARTESIAN_POINT('',(4.,-1.05,-6.08));
#8700 = CARTESIAN_POINT('',(4.,1.05,-6.08));
#8701 = PCURVE('',#8664,#8702);
#8702 = DEFINITIONAL_REPRESENTATION('',(#8703),#8707);
#8703 = LINE('',#8704,#8705);
#8704 = CARTESIAN_POINT('',(0.,0.));
#8705 = VECTOR('',#8706,1.);
#8706 = DIRECTION('',(1.,0.));
#8707 = ( GEOMETRIC_REPRESENTATION_CONTEXT(2)
PARAMETRIC_REPRESENTATION_CONTEXT() REPRESENTATION_CONTEXT('2D SPACE',''
  ) );
#8708 = PCURVE('',#8709,#8714);
#8709 = PLANE('',#8710);
#8710 = AXIS2_PLACEMENT_3D('',#8711,#8712,#8713);
#8711 = CARTESIAN_POINT('',(3.5,-1.05,-6.08));
#8712 = DIRECTION('',(0.,0.,1.));
#8713 = DIRECTION('',(1.,0.,0.));
#8714 = DEFINITIONAL_REPRESENTATION('',(#8715),#8718);
#8715 = B_SPLINE_CURVE_WITH_KNOTS('',1,(#8716,#8717),.UNSPECIFIED.,.F.,
  .F.,(2,2),(0.,1.),.PIECEWISE_BEZIER_KNOTS.);
#8716 = CARTESIAN_POINT('',(0.5,0.));
#8717 = CARTESIAN_POINT('',(0.5,2.1));
#8718 = ( GEOMETRIC_REPRESENTATION_CONTEXT(2)
PARAMETRIC_REPRESENTATION_CONTEXT() REPRESENTATION_CONTEXT('2D SPACE',''
  ) );
#8719 = ORIENTED_EDGE('',*,*,#8720,.T.);
#8720 = EDGE_CURVE('',#8695,#8721,#8723,.T.);
#8721 = VERTEX_POINT('',#8722);
#8722 = CARTESIAN_POINT('',(11.,1.05,-6.08));
#8723 = SURFACE_CURVE('',#8724,(#8728,#8735),.PCURVE_S1.);
#8724 = B_SPLINE_CURVE_WITH_KNOTS('',2,(#8725,#8726,#8727),
  .UNSPECIFIED.,.F.,.F.,(3,3),(0.,1.),.PIECEWISE_BEZIER_KNOTS.);
#8725 = CARTESIAN_POINT('',(4.,1.05,-6.08));
#8726 = CARTESIAN_POINT('',(7.5,1.05,-6.08));
#8727 = CARTESIAN_POINT('',(11.,1.05,-6.08));
#8728 = PCURVE('',#8664,#8729);
#8729 = DEFINITIONAL_REPRESENTATION('',(#8730),#8734);
#8730 = LINE('',#8731,#8732);
#8731 = CARTESIAN_POINT('',(1.,0.));
#8732 = VECTOR('',#8733,1.);
#8733 = DIRECTION('',(0.,1.));
#8734 = ( GEOMETRIC_REPRESENTATION_CONTEXT(2)
PARAMETRIC_REPRESENTATION_CONTEXT() REPRESENTATION_CONTEXT('2D SPACE',''
  ) );
#8735 = PCURVE('',#8736,#8743);
#8736 = B_SPLINE_SURFACE_WITH_KNOTS('',1,2,(
    (#8737,#8738,#8739)
    ,(#8740,#8741,#8742
  )),.UNSPECIFIED.,.F.,.F.,.F.,(2,2),(3,3),(1.,2.),(0.,1.),
  .PIECEWISE_BEZIER_KNOTS.);
#8737 = CARTESIAN_POINT('',(4.,1.05,-6.08));
#8738 = CARTESIAN_POINT('',(7.5,1.05,-6.08));
#8739 = CARTESIAN_POINT('',(11.,1.05,-6.08));
#8740 = CARTESIAN_POINT('',(4.,1.05,-6.));
#8741 = CARTESIAN_POINT('',(7.5,1.05,-6.));
#8742 = CARTESIAN_POINT('',(11.,1.05,-6.));
#8743 = DEFINITIONAL_REPRESENTATION('',(#8744),#8748);
#8744 = LINE('',#8745,#8746);
#8745 = CARTESIAN_POINT('',(1.,0.));
#8746 = VECTOR('',#8747,1.);
#8747 = DIRECTION('',(0.,1.));
#8748 = ( GEOMETRIC_REPRESENTATION_CONTEXT(2)
PARAMETRIC_REPRESENTATION_CONTEXT() REPRESENTATION_CONTEXT('2D SPACE',''
  ) );
#8749 = ORIENTED_EDGE('',*,*,#8750,.F.);
#8750 = EDGE_CURVE('',#8654,#8721,#8751,.T.);
#8751 = SURFACE_CURVE('',#8752,(#8755,#8762),.PCURVE_S1.);
#8752 = B_SPLINE_CURVE_WITH_KNOTS('',1,(#8753,#8754),.UNSPECIFIED.,.F.,
  .F.,(2,2),(0.,1.),.PIECEWISE_BEZIER_KNOTS.);
#8753 = CARTESIAN_POINT('',(11.,-1.05,-6.08));
#8754 = CARTESIAN_POINT('',(11.,1.05,-6.08));
#8755 = PCURVE('',#8664,#8756);
#8756 = DEFINITIONAL_REPRESENTATION('',(#8757),#8761);
#8757 = LINE('',#8758,#8759);
#8758 = CARTESIAN_POINT('',(0.,1.));
#8759 = VECTOR('',#8760,1.);
#8760 = DIRECTION('',(1.,0.));
#8761 = ( GEOMETRIC_REPRESENTATION_CONTEXT(2)
PARAMETRIC_REPRESENTATION_CONTEXT() REPRESENTATION_CONTEXT('2D SPACE',''
  ) );
#8762 = PCURVE('',#8763,#8768);
#8763 = PLANE('',#8764);
#8764 = AXIS2_PLACEMENT_3D('',#8765,#8766,#8767);
#8765 = CARTESIAN_POINT('',(11.,-1.05,-6.08));
#8766 = DIRECTION('',(0.,0.,1.));
#8767 = DIRECTION('',(1.,0.,0.));
#8768 = DEFINITIONAL_REPRESENTATION('',(#8769),#8772);
#8769 = B_SPLINE_CURVE_WITH_KNOTS('',1,(#8770,#8771),.UNSPECIFIED.,.F.,
  .F.,(2,2),(0.,1.),.PIECEWISE_BEZIER_KNOTS.);
#8770 = CARTESIAN_POINT('',(0.,0.));
#8771 = CARTESIAN_POINT('',(0.,2.1));
#8772 = ( GEOMETRIC_REPRESENTATION_CONTEXT(2)
PARAMETRIC_REPRESENTATION_CONTEXT() REPRESENTATION_CONTEXT('2D SPACE',''
  ) );
#8773 = ADVANCED_FACE('',(#8774),#8680,.F.);
#8774 = FACE_BOUND('',#8775,.F.);
#8775 = EDGE_LOOP('',(#8776,#8777,#8798,#8824,#8850,#8886,#8912,#8938));
#8776 = ORIENTED_EDGE('',*,*,#8651,.F.);
#8777 = ORIENTED_EDGE('',*,*,#8778,.T.);
#8778 = EDGE_CURVE('',#8652,#8779,#8781,.T.);
#8779 = VERTEX_POINT('',#8780);
#8780 = CARTESIAN_POINT('',(3.5,0.,-6.08));
#8781 = SURFACE_CURVE('',#8782,(#8786,#8792),.PCURVE_S1.);
#8782 = LINE('',#8783,#8784);
#8783 = CARTESIAN_POINT('',(-13.25,0.,-6.08));
#8784 = VECTOR('',#8785,1.);
#8785 = DIRECTION('',(-1.,0.,0.));
#8786 = PCURVE('',#8680,#8787);
#8787 = DEFINITIONAL_REPRESENTATION('',(#8788),#8791);
#8788 = B_SPLINE_CURVE_WITH_KNOTS('',1,(#8789,#8790),.UNSPECIFIED.,.F.,
  .F.,(2,2),(-17.25,-16.75),.PIECEWISE_BEZIER_KNOTS.);
#8789 = CARTESIAN_POINT('',(58.92,34.));
#8790 = CARTESIAN_POINT('',(58.92,33.5));
#8791 = ( GEOMETRIC_REPRESENTATION_CONTEXT(2)
PARAMETRIC_REPRESENTATION_CONTEXT() REPRESENTATION_CONTEXT('2D SPACE',''
  ) );
#8792 = PCURVE('',#8709,#8793);
#8793 = DEFINITIONAL_REPRESENTATION('',(#8794),#8797);
#8794 = B_SPLINE_CURVE_WITH_KNOTS('',1,(#8795,#8796),.UNSPECIFIED.,.F.,
  .F.,(2,2),(-17.25,-16.75),.PIECEWISE_BEZIER_KNOTS.);
#8795 = CARTESIAN_POINT('',(0.5,1.05));
#8796 = CARTESIAN_POINT('',(0.,1.05));
#8797 = ( GEOMETRIC_REPRESENTATION_CONTEXT(2)
PARAMETRIC_REPRESENTATION_CONTEXT() REPRESENTATION_CONTEXT('2D SPACE',''
  ) );
#8798 = ORIENTED_EDGE('',*,*,#8799,.T.);
#8799 = EDGE_CURVE('',#8779,#8800,#8802,.T.);
#8800 = VERTEX_POINT('',#8801);
#8801 = CARTESIAN_POINT('',(3.5,0.,-6.));
#8802 = SURFACE_CURVE('',#8803,(#8807,#8813),.PCURVE_S1.);
#8803 = LINE('',#8804,#8805);
#8804 = CARTESIAN_POINT('',(3.5,0.,-35.54));
#8805 = VECTOR('',#8806,1.);
#8806 = DIRECTION('',(0.,0.,1.));
#8807 = PCURVE('',#8680,#8808);
#8808 = DEFINITIONAL_REPRESENTATION('',(#8809),#8812);
#8809 = B_SPLINE_CURVE_WITH_KNOTS('',1,(#8810,#8811),.UNSPECIFIED.,.F.,
  .F.,(2,2),(29.46,29.54),.PIECEWISE_BEZIER_KNOTS.);
#8810 = CARTESIAN_POINT('',(58.92,33.5));
#8811 = CARTESIAN_POINT('',(59.,33.5));
#8812 = ( GEOMETRIC_REPRESENTATION_CONTEXT(2)
PARAMETRIC_REPRESENTATION_CONTEXT() REPRESENTATION_CONTEXT('2D SPACE',''
  ) );
#8813 = PCURVE('',#8814,#8819);
#8814 = PLANE('',#8815);
#8815 = AXIS2_PLACEMENT_3D('',#8816,#8817,#8818);
#8816 = CARTESIAN_POINT('',(3.5,-1.05,-6.08));
#8817 = DIRECTION('',(1.,0.,0.));
#8818 = DIRECTION('',(0.,0.,1.));
#8819 = DEFINITIONAL_REPRESENTATION('',(#8820),#8823);
#8820 = B_SPLINE_CURVE_WITH_KNOTS('',1,(#8821,#8822),.UNSPECIFIED.,.F.,
  .F.,(2,2),(29.46,29.54),.PIECEWISE_BEZIER_KNOTS.);
#8821 = CARTESIAN_POINT('',(0.,-1.05));
#8822 = CARTESIAN_POINT('',(8.E-02,-1.05));
#8823 = ( GEOMETRIC_REPRESENTATION_CONTEXT(2)
PARAMETRIC_REPRESENTATION_CONTEXT() REPRESENTATION_CONTEXT('2D SPACE',''
  ) );
#8824 = ORIENTED_EDGE('',*,*,#8825,.F.);
#8825 = EDGE_CURVE('',#8826,#8800,#8828,.T.);
#8826 = VERTEX_POINT('',#8827);
#8827 = CARTESIAN_POINT('',(4.,0.,-6.));
#8828 = SURFACE_CURVE('',#8829,(#8833,#8839),.PCURVE_S1.);
#8829 = LINE('',#8830,#8831);
#8830 = CARTESIAN_POINT('',(-13.25,0.,-6.));
#8831 = VECTOR('',#8832,1.);
#8832 = DIRECTION('',(-1.,0.,0.));
#8833 = PCURVE('',#8680,#8834);
#8834 = DEFINITIONAL_REPRESENTATION('',(#8835),#8838);
#8835 = B_SPLINE_CURVE_WITH_KNOTS('',1,(#8836,#8837),.UNSPECIFIED.,.F.,
  .F.,(2,2),(-17.25,-16.75),.PIECEWISE_BEZIER_KNOTS.);
#8836 = CARTESIAN_POINT('',(59.,34.));
#8837 = CARTESIAN_POINT('',(59.,33.5));
#8838 = ( GEOMETRIC_REPRESENTATION_CONTEXT(2)
PARAMETRIC_REPRESENTATION_CONTEXT() REPRESENTATION_CONTEXT('2D SPACE',''
  ) );
#8839 = PCURVE('',#8840,#8845);
#8840 = PLANE('',#8841);
#8841 = AXIS2_PLACEMENT_3D('',#8842,#8843,#8844);
#8842 = CARTESIAN_POINT('',(3.5,-1.05,-6.));
#8843 = DIRECTION('',(0.,0.,1.));
#8844 = DIRECTION('',(1.,0.,0.));
#8845 = DEFINITIONAL_REPRESENTATION('',(#8846),#8849);
#8846 = B_SPLINE_CURVE_WITH_KNOTS('',1,(#8847,#8848),.UNSPECIFIED.,.F.,
  .F.,(2,2),(-17.25,-16.75),.PIECEWISE_BEZIER_KNOTS.);
#8847 = CARTESIAN_POINT('',(0.5,1.05));
#8848 = CARTESIAN_POINT('',(0.,1.05));
#8849 = ( GEOMETRIC_REPRESENTATION_CONTEXT(2)
PARAMETRIC_REPRESENTATION_CONTEXT() REPRESENTATION_CONTEXT('2D SPACE',''
  ) );
#8850 = ORIENTED_EDGE('',*,*,#8851,.T.);
#8851 = EDGE_CURVE('',#8826,#8852,#8854,.T.);
#8852 = VERTEX_POINT('',#8853);
#8853 = CARTESIAN_POINT('',(11.,0.,-6.));
#8854 = SURFACE_CURVE('',#8855,(#8861,#8870),.PCURVE_S1.);
#8855 = B_SPLINE_CURVE_WITH_KNOTS('',4,(#8856,#8857,#8858,#8859,#8860),
  .UNSPECIFIED.,.F.,.F.,(5,5),(0.,1.),.PIECEWISE_BEZIER_KNOTS.);
#8856 = CARTESIAN_POINT('',(4.,0.,-6.));
#8857 = CARTESIAN_POINT('',(5.75,0.,-6.));
#8858 = CARTESIAN_POINT('',(7.5,0.,-6.));
#8859 = CARTESIAN_POINT('',(9.25,0.,-6.));
#8860 = CARTESIAN_POINT('',(11.,0.,-6.));
#8861 = PCURVE('',#8680,#8862);
#8862 = DEFINITIONAL_REPRESENTATION('',(#8863),#8869);
#8863 = B_SPLINE_CURVE_WITH_KNOTS('',4,(#8864,#8865,#8866,#8867,#8868),
  .UNSPECIFIED.,.F.,.F.,(5,5),(0.,1.),.PIECEWISE_BEZIER_KNOTS.);
#8864 = CARTESIAN_POINT('',(59.,34.));
#8865 = CARTESIAN_POINT('',(59.,35.75));
#8866 = CARTESIAN_POINT('',(59.,37.5));
#8867 = CARTESIAN_POINT('',(59.,39.25));
#8868 = CARTESIAN_POINT('',(59.,41.));
#8869 = ( GEOMETRIC_REPRESENTATION_CONTEXT(2)
PARAMETRIC_REPRESENTATION_CONTEXT() REPRESENTATION_CONTEXT('2D SPACE',''
  ) );
#8870 = PCURVE('',#8871,#8878);
#8871 = B_SPLINE_SURFACE_WITH_KNOTS('',1,2,(
    (#8872,#8873,#8874)
    ,(#8875,#8876,#8877
  )),.UNSPECIFIED.,.F.,.F.,.F.,(2,2),(3,3),(2.,3.),(0.,1.),
  .PIECEWISE_BEZIER_KNOTS.);
#8872 = CARTESIAN_POINT('',(4.,1.05,-6.));
#8873 = CARTESIAN_POINT('',(7.5,1.05,-6.));
#8874 = CARTESIAN_POINT('',(11.,1.05,-6.));
#8875 = CARTESIAN_POINT('',(4.,-1.05,-6.));
#8876 = CARTESIAN_POINT('',(7.5,-1.05,-6.));
#8877 = CARTESIAN_POINT('',(11.,-1.05,-6.));
#8878 = DEFINITIONAL_REPRESENTATION('',(#8879),#8885);
#8879 = B_SPLINE_CURVE_WITH_KNOTS('',4,(#8880,#8881,#8882,#8883,#8884),
  .UNSPECIFIED.,.F.,.F.,(5,5),(0.,1.),.PIECEWISE_BEZIER_KNOTS.);
#8880 = CARTESIAN_POINT('',(2.5,0.));
#8881 = CARTESIAN_POINT('',(2.5,0.25));
#8882 = CARTESIAN_POINT('',(2.5,0.5));
#8883 = CARTESIAN_POINT('',(2.5,0.75));
#8884 = CARTESIAN_POINT('',(2.5,1.));
#8885 = ( GEOMETRIC_REPRESENTATION_CONTEXT(2)
PARAMETRIC_REPRESENTATION_CONTEXT() REPRESENTATION_CONTEXT('2D SPACE',''
  ) );
#8886 = ORIENTED_EDGE('',*,*,#8887,.F.);
#8887 = EDGE_CURVE('',#8888,#8852,#8890,.T.);
#8888 = VERTEX_POINT('',#8889);
#8889 = CARTESIAN_POINT('',(11.6,0.,-6.));
#8890 = SURFACE_CURVE('',#8891,(#8895,#8901),.PCURVE_S1.);
#8891 = LINE('',#8892,#8893);
#8892 = CARTESIAN_POINT('',(-9.5,0.,-6.));
#8893 = VECTOR('',#8894,1.);
#8894 = DIRECTION('',(-1.,0.,0.));
#8895 = PCURVE('',#8680,#8896);
#8896 = DEFINITIONAL_REPRESENTATION('',(#8897),#8900);
#8897 = B_SPLINE_CURVE_WITH_KNOTS('',1,(#8898,#8899),.UNSPECIFIED.,.F.,
  .F.,(2,2),(-21.1,-20.5),.PIECEWISE_BEZIER_KNOTS.);
#8898 = CARTESIAN_POINT('',(59.,41.6));
#8899 = CARTESIAN_POINT('',(59.,41.));
#8900 = ( GEOMETRIC_REPRESENTATION_CONTEXT(2)
PARAMETRIC_REPRESENTATION_CONTEXT() REPRESENTATION_CONTEXT('2D SPACE',''
  ) );
#8901 = PCURVE('',#8902,#8907);
#8902 = PLANE('',#8903);
#8903 = AXIS2_PLACEMENT_3D('',#8904,#8905,#8906);
#8904 = CARTESIAN_POINT('',(11.,-1.05,-6.));
#8905 = DIRECTION('',(0.,0.,1.));
#8906 = DIRECTION('',(1.,0.,0.));
#8907 = DEFINITIONAL_REPRESENTATION('',(#8908),#8911);
#8908 = B_SPLINE_CURVE_WITH_KNOTS('',1,(#8909,#8910),.UNSPECIFIED.,.F.,
  .F.,(2,2),(-21.1,-20.5),.PIECEWISE_BEZIER_KNOTS.);
#8909 = CARTESIAN_POINT('',(0.6,1.05));
#8910 = CARTESIAN_POINT('',(0.,1.05));
#8911 = ( GEOMETRIC_REPRESENTATION_CONTEXT(2)
PARAMETRIC_REPRESENTATION_CONTEXT() REPRESENTATION_CONTEXT('2D SPACE',''
  ) );
#8912 = ORIENTED_EDGE('',*,*,#8913,.F.);
#8913 = EDGE_CURVE('',#8914,#8888,#8916,.T.);
#8914 = VERTEX_POINT('',#8915);
#8915 = CARTESIAN_POINT('',(11.6,0.,-6.08));
#8916 = SURFACE_CURVE('',#8917,(#8921,#8927),.PCURVE_S1.);
#8917 = LINE('',#8918,#8919);
#8918 = CARTESIAN_POINT('',(11.6,0.,-35.54));
#8919 = VECTOR('',#8920,1.);
#8920 = DIRECTION('',(0.,0.,1.));
#8921 = PCURVE('',#8680,#8922);
#8922 = DEFINITIONAL_REPRESENTATION('',(#8923),#8926);
#8923 = B_SPLINE_CURVE_WITH_KNOTS('',1,(#8924,#8925),.UNSPECIFIED.,.F.,
  .F.,(2,2),(29.46,29.54),.PIECEWISE_BEZIER_KNOTS.);
#8924 = CARTESIAN_POINT('',(58.92,41.6));
#8925 = CARTESIAN_POINT('',(59.,41.6));
#8926 = ( GEOMETRIC_REPRESENTATION_CONTEXT(2)
PARAMETRIC_REPRESENTATION_CONTEXT() REPRESENTATION_CONTEXT('2D SPACE',''
  ) );
#8927 = PCURVE('',#8928,#8933);
#8928 = PLANE('',#8929);
#8929 = AXIS2_PLACEMENT_3D('',#8930,#8931,#8932);
#8930 = CARTESIAN_POINT('',(11.6,-1.05,-6.08));
#8931 = DIRECTION('',(1.,0.,0.));
#8932 = DIRECTION('',(0.,0.,1.));
#8933 = DEFINITIONAL_REPRESENTATION('',(#8934),#8937);
#8934 = B_SPLINE_CURVE_WITH_KNOTS('',1,(#8935,#8936),.UNSPECIFIED.,.F.,
  .F.,(2,2),(29.46,29.54),.PIECEWISE_BEZIER_KNOTS.);
#8935 = CARTESIAN_POINT('',(0.,-1.05));
#8936 = CARTESIAN_POINT('',(8.E-02,-1.05));
#8937 = ( GEOMETRIC_REPRESENTATION_CONTEXT(2)
PARAMETRIC_REPRESENTATION_CONTEXT() REPRESENTATION_CONTEXT('2D SPACE',''
  ) );
#8938 = ORIENTED_EDGE('',*,*,#8939,.T.);
#8939 = EDGE_CURVE('',#8914,#8654,#8940,.T.);
#8940 = SURFACE_CURVE('',#8941,(#8945,#8951),.PCURVE_S1.);
#8941 = LINE('',#8942,#8943);
#8942 = CARTESIAN_POINT('',(-9.5,0.,-6.08));
#8943 = VECTOR('',#8944,1.);
#8944 = DIRECTION('',(-1.,0.,0.));
#8945 = PCURVE('',#8680,#8946);
#8946 = DEFINITIONAL_REPRESENTATION('',(#8947),#8950);
#8947 = B_SPLINE_CURVE_WITH_KNOTS('',1,(#8948,#8949),.UNSPECIFIED.,.F.,
  .F.,(2,2),(-21.1,-20.5),.PIECEWISE_BEZIER_KNOTS.);
#8948 = CARTESIAN_POINT('',(58.92,41.6));
#8949 = CARTESIAN_POINT('',(58.92,41.));
#8950 = ( GEOMETRIC_REPRESENTATION_CONTEXT(2)
PARAMETRIC_REPRESENTATION_CONTEXT() REPRESENTATION_CONTEXT('2D SPACE',''
  ) );
#8951 = PCURVE('',#8763,#8952);
#8952 = DEFINITIONAL_REPRESENTATION('',(#8953),#8956);
#8953 = B_SPLINE_CURVE_WITH_KNOTS('',1,(#8954,#8955),.UNSPECIFIED.,.F.,
  .F.,(2,2),(-21.1,-20.5),.PIECEWISE_BEZIER_KNOTS.);
#8954 = CARTESIAN_POINT('',(0.6,1.05));
#8955 = CARTESIAN_POINT('',(0.,1.05));
#8956 = ( GEOMETRIC_REPRESENTATION_CONTEXT(2)
PARAMETRIC_REPRESENTATION_CONTEXT() REPRESENTATION_CONTEXT('2D SPACE',''
  ) );
#8957 = ADVANCED_FACE('',(#8958),#8763,.F.);
#8958 = FACE_BOUND('',#8959,.F.);
#8959 = EDGE_LOOP('',(#8960,#8961,#8962,#8985));
#8960 = ORIENTED_EDGE('',*,*,#8750,.F.);
#8961 = ORIENTED_EDGE('',*,*,#8939,.F.);
#8962 = ORIENTED_EDGE('',*,*,#8963,.T.);
#8963 = EDGE_CURVE('',#8914,#8964,#8966,.T.);
#8964 = VERTEX_POINT('',#8965);
#8965 = CARTESIAN_POINT('',(11.6,1.05,-6.08));
#8966 = SURFACE_CURVE('',#8967,(#8971,#8978),.PCURVE_S1.);
#8967 = LINE('',#8968,#8969);
#8968 = CARTESIAN_POINT('',(11.6,-1.05,-6.08));
#8969 = VECTOR('',#8970,1.);
#8970 = DIRECTION('',(0.,1.,0.));
#8971 = PCURVE('',#8763,#8972);
#8972 = DEFINITIONAL_REPRESENTATION('',(#8973),#8977);
#8973 = LINE('',#8974,#8975);
#8974 = CARTESIAN_POINT('',(0.6,0.));
#8975 = VECTOR('',#8976,1.);
#8976 = DIRECTION('',(0.,1.));
#8977 = ( GEOMETRIC_REPRESENTATION_CONTEXT(2)
PARAMETRIC_REPRESENTATION_CONTEXT() REPRESENTATION_CONTEXT('2D SPACE',''
  ) );
#8978 = PCURVE('',#8928,#8979);
#8979 = DEFINITIONAL_REPRESENTATION('',(#8980),#8984);
#8980 = LINE('',#8981,#8982);
#8981 = CARTESIAN_POINT('',(0.,0.));
#8982 = VECTOR('',#8983,1.);
#8983 = DIRECTION('',(0.,-1.));
#8984 = ( GEOMETRIC_REPRESENTATION_CONTEXT(2)
PARAMETRIC_REPRESENTATION_CONTEXT() REPRESENTATION_CONTEXT('2D SPACE',''
  ) );
#8985 = ORIENTED_EDGE('',*,*,#8986,.F.);
#8986 = EDGE_CURVE('',#8721,#8964,#8987,.T.);
#8987 = SURFACE_CURVE('',#8988,(#8992,#8999),.PCURVE_S1.);
#8988 = LINE('',#8989,#8990);
#8989 = CARTESIAN_POINT('',(11.,1.05,-6.08));
#8990 = VECTOR('',#8991,1.);
#8991 = DIRECTION('',(1.,0.,0.));
#8992 = PCURVE('',#8763,#8993);
#8993 = DEFINITIONAL_REPRESENTATION('',(#8994),#8998);
#8994 = LINE('',#8995,#8996);
#8995 = CARTESIAN_POINT('',(0.,2.1));
#8996 = VECTOR('',#8997,1.);
#8997 = DIRECTION('',(1.,0.));
#8998 = ( GEOMETRIC_REPRESENTATION_CONTEXT(2)
PARAMETRIC_REPRESENTATION_CONTEXT() REPRESENTATION_CONTEXT('2D SPACE',''
  ) );
#8999 = PCURVE('',#9000,#9005);
#9000 = PLANE('',#9001);
#9001 = AXIS2_PLACEMENT_3D('',#9002,#9003,#9004);
#9002 = CARTESIAN_POINT('',(11.,1.05,-6.08));
#9003 = DIRECTION('',(0.,1.,0.));
#9004 = DIRECTION('',(0.,0.,1.));
#9005 = DEFINITIONAL_REPRESENTATION('',(#9006),#9010);
#9006 = LINE('',#9007,#9008);
#9007 = CARTESIAN_POINT('',(0.,0.));
#9008 = VECTOR('',#9009,1.);
#9009 = DIRECTION('',(0.,1.));
#9010 = ( GEOMETRIC_REPRESENTATION_CONTEXT(2)
PARAMETRIC_REPRESENTATION_CONTEXT() REPRESENTATION_CONTEXT('2D SPACE',''
  ) );
#9011 = ADVANCED_FACE('',(#9012),#8736,.T.);
#9012 = FACE_BOUND('',#9013,.T.);
#9013 = EDGE_LOOP('',(#9014,#9040,#9063,#9082));
#9014 = ORIENTED_EDGE('',*,*,#9015,.T.);
#9015 = EDGE_CURVE('',#8695,#9016,#9018,.T.);
#9016 = VERTEX_POINT('',#9017);
#9017 = CARTESIAN_POINT('',(4.,1.05,-6.));
#9018 = SURFACE_CURVE('',#9019,(#9022,#9029),.PCURVE_S1.);
#9019 = B_SPLINE_CURVE_WITH_KNOTS('',1,(#9020,#9021),.UNSPECIFIED.,.F.,
  .F.,(2,2),(1.,2.),.PIECEWISE_BEZIER_KNOTS.);
#9020 = CARTESIAN_POINT('',(4.,1.05,-6.08));
#9021 = CARTESIAN_POINT('',(4.,1.05,-6.));
#9022 = PCURVE('',#8736,#9023);
#9023 = DEFINITIONAL_REPRESENTATION('',(#9024),#9028);
#9024 = LINE('',#9025,#9026);
#9025 = CARTESIAN_POINT('',(0.,0.));
#9026 = VECTOR('',#9027,1.);
#9027 = DIRECTION('',(1.,0.));
#9028 = ( GEOMETRIC_REPRESENTATION_CONTEXT(2)
PARAMETRIC_REPRESENTATION_CONTEXT() REPRESENTATION_CONTEXT('2D SPACE',''
  ) );
#9029 = PCURVE('',#9030,#9035);
#9030 = PLANE('',#9031);
#9031 = AXIS2_PLACEMENT_3D('',#9032,#9033,#9034);
#9032 = CARTESIAN_POINT('',(3.5,1.05,-6.08));
#9033 = DIRECTION('',(0.,1.,0.));
#9034 = DIRECTION('',(0.,0.,1.));
#9035 = DEFINITIONAL_REPRESENTATION('',(#9036),#9039);
#9036 = B_SPLINE_CURVE_WITH_KNOTS('',1,(#9037,#9038),.UNSPECIFIED.,.F.,
  .F.,(2,2),(1.,2.),.PIECEWISE_BEZIER_KNOTS.);
#9037 = CARTESIAN_POINT('',(0.,0.5));
#9038 = CARTESIAN_POINT('',(8.E-02,0.5));
#9039 = ( GEOMETRIC_REPRESENTATION_CONTEXT(2)
PARAMETRIC_REPRESENTATION_CONTEXT() REPRESENTATION_CONTEXT('2D SPACE',''
  ) );
#9040 = ORIENTED_EDGE('',*,*,#9041,.T.);
#9041 = EDGE_CURVE('',#9016,#9042,#9044,.T.);
#9042 = VERTEX_POINT('',#9043);
#9043 = CARTESIAN_POINT('',(11.,1.05,-6.));
#9044 = SURFACE_CURVE('',#9045,(#9049,#9056),.PCURVE_S1.);
#9045 = B_SPLINE_CURVE_WITH_KNOTS('',2,(#9046,#9047,#9048),
  .UNSPECIFIED.,.F.,.F.,(3,3),(0.,1.),.PIECEWISE_BEZIER_KNOTS.);
#9046 = CARTESIAN_POINT('',(4.,1.05,-6.));
#9047 = CARTESIAN_POINT('',(7.5,1.05,-6.));
#9048 = CARTESIAN_POINT('',(11.,1.05,-6.));
#9049 = PCURVE('',#8736,#9050);
#9050 = DEFINITIONAL_REPRESENTATION('',(#9051),#9055);
#9051 = LINE('',#9052,#9053);
#9052 = CARTESIAN_POINT('',(2.,0.));
#9053 = VECTOR('',#9054,1.);
#9054 = DIRECTION('',(0.,1.));
#9055 = ( GEOMETRIC_REPRESENTATION_CONTEXT(2)
PARAMETRIC_REPRESENTATION_CONTEXT() REPRESENTATION_CONTEXT('2D SPACE',''
  ) );
#9056 = PCURVE('',#8871,#9057);
#9057 = DEFINITIONAL_REPRESENTATION('',(#9058),#9062);
#9058 = LINE('',#9059,#9060);
#9059 = CARTESIAN_POINT('',(2.,0.));
#9060 = VECTOR('',#9061,1.);
#9061 = DIRECTION('',(0.,1.));
#9062 = ( GEOMETRIC_REPRESENTATION_CONTEXT(2)
PARAMETRIC_REPRESENTATION_CONTEXT() REPRESENTATION_CONTEXT('2D SPACE',''
  ) );
#9063 = ORIENTED_EDGE('',*,*,#9064,.F.);
#9064 = EDGE_CURVE('',#8721,#9042,#9065,.T.);
#9065 = SURFACE_CURVE('',#9066,(#9069,#9076),.PCURVE_S1.);
#9066 = B_SPLINE_CURVE_WITH_KNOTS('',1,(#9067,#9068),.UNSPECIFIED.,.F.,
  .F.,(2,2),(1.,2.),.PIECEWISE_BEZIER_KNOTS.);
#9067 = CARTESIAN_POINT('',(11.,1.05,-6.08));
#9068 = CARTESIAN_POINT('',(11.,1.05,-6.));
#9069 = PCURVE('',#8736,#9070);
#9070 = DEFINITIONAL_REPRESENTATION('',(#9071),#9075);
#9071 = LINE('',#9072,#9073);
#9072 = CARTESIAN_POINT('',(0.,1.));
#9073 = VECTOR('',#9074,1.);
#9074 = DIRECTION('',(1.,0.));
#9075 = ( GEOMETRIC_REPRESENTATION_CONTEXT(2)
PARAMETRIC_REPRESENTATION_CONTEXT() REPRESENTATION_CONTEXT('2D SPACE',''
  ) );
#9076 = PCURVE('',#9000,#9077);
#9077 = DEFINITIONAL_REPRESENTATION('',(#9078),#9081);
#9078 = B_SPLINE_CURVE_WITH_KNOTS('',1,(#9079,#9080),.UNSPECIFIED.,.F.,
  .F.,(2,2),(1.,2.),.PIECEWISE_BEZIER_KNOTS.);
#9079 = CARTESIAN_POINT('',(0.,0.));
#9080 = CARTESIAN_POINT('',(8.E-02,0.));
#9081 = ( GEOMETRIC_REPRESENTATION_CONTEXT(2)
PARAMETRIC_REPRESENTATION_CONTEXT() REPRESENTATION_CONTEXT('2D SPACE',''
  ) );
#9082 = ORIENTED_EDGE('',*,*,#8720,.F.);
#9083 = ADVANCED_FACE('',(#9084),#8709,.F.);
#9084 = FACE_BOUND('',#9085,.F.);
#9085 = EDGE_LOOP('',(#9086,#9109,#9110,#9111));
#9086 = ORIENTED_EDGE('',*,*,#9087,.F.);
#9087 = EDGE_CURVE('',#8779,#9088,#9090,.T.);
#9088 = VERTEX_POINT('',#9089);
#9089 = CARTESIAN_POINT('',(3.5,1.05,-6.08));
#9090 = SURFACE_CURVE('',#9091,(#9095,#9102),.PCURVE_S1.);
#9091 = LINE('',#9092,#9093);
#9092 = CARTESIAN_POINT('',(3.5,-1.05,-6.08));
#9093 = VECTOR('',#9094,1.);
#9094 = DIRECTION('',(0.,1.,0.));
#9095 = PCURVE('',#8709,#9096);
#9096 = DEFINITIONAL_REPRESENTATION('',(#9097),#9101);
#9097 = LINE('',#9098,#9099);
#9098 = CARTESIAN_POINT('',(0.,0.));
#9099 = VECTOR('',#9100,1.);
#9100 = DIRECTION('',(0.,1.));
#9101 = ( GEOMETRIC_REPRESENTATION_CONTEXT(2)
PARAMETRIC_REPRESENTATION_CONTEXT() REPRESENTATION_CONTEXT('2D SPACE',''
  ) );
#9102 = PCURVE('',#8814,#9103);
#9103 = DEFINITIONAL_REPRESENTATION('',(#9104),#9108);
#9104 = LINE('',#9105,#9106);
#9105 = CARTESIAN_POINT('',(0.,0.));
#9106 = VECTOR('',#9107,1.);
#9107 = DIRECTION('',(0.,-1.));
#9108 = ( GEOMETRIC_REPRESENTATION_CONTEXT(2)
PARAMETRIC_REPRESENTATION_CONTEXT() REPRESENTATION_CONTEXT('2D SPACE',''
  ) );
#9109 = ORIENTED_EDGE('',*,*,#8778,.F.);
#9110 = ORIENTED_EDGE('',*,*,#8694,.T.);
#9111 = ORIENTED_EDGE('',*,*,#9112,.F.);
#9112 = EDGE_CURVE('',#9088,#8695,#9113,.T.);
#9113 = SURFACE_CURVE('',#9114,(#9118,#9125),.PCURVE_S1.);
#9114 = LINE('',#9115,#9116);
#9115 = CARTESIAN_POINT('',(3.5,1.05,-6.08));
#9116 = VECTOR('',#9117,1.);
#9117 = DIRECTION('',(1.,0.,0.));
#9118 = PCURVE('',#8709,#9119);
#9119 = DEFINITIONAL_REPRESENTATION('',(#9120),#9124);
#9120 = LINE('',#9121,#9122);
#9121 = CARTESIAN_POINT('',(0.,2.1));
#9122 = VECTOR('',#9123,1.);
#9123 = DIRECTION('',(1.,0.));
#9124 = ( GEOMETRIC_REPRESENTATION_CONTEXT(2)
PARAMETRIC_REPRESENTATION_CONTEXT() REPRESENTATION_CONTEXT('2D SPACE',''
  ) );
#9125 = PCURVE('',#9030,#9126);
#9126 = DEFINITIONAL_REPRESENTATION('',(#9127),#9131);
#9127 = LINE('',#9128,#9129);
#9128 = CARTESIAN_POINT('',(0.,0.));
#9129 = VECTOR('',#9130,1.);
#9130 = DIRECTION('',(0.,1.));
#9131 = ( GEOMETRIC_REPRESENTATION_CONTEXT(2)
PARAMETRIC_REPRESENTATION_CONTEXT() REPRESENTATION_CONTEXT('2D SPACE',''
  ) );
#9132 = ADVANCED_FACE('',(#9133),#8928,.T.);
#9133 = FACE_BOUND('',#9134,.T.);
#9134 = EDGE_LOOP('',(#9135,#9158,#9159,#9160));
#9135 = ORIENTED_EDGE('',*,*,#9136,.F.);
#9136 = EDGE_CURVE('',#8888,#9137,#9139,.T.);
#9137 = VERTEX_POINT('',#9138);
#9138 = CARTESIAN_POINT('',(11.6,1.05,-6.));
#9139 = SURFACE_CURVE('',#9140,(#9144,#9151),.PCURVE_S1.);
#9140 = LINE('',#9141,#9142);
#9141 = CARTESIAN_POINT('',(11.6,-1.05,-6.));
#9142 = VECTOR('',#9143,1.);
#9143 = DIRECTION('',(0.,1.,0.));
#9144 = PCURVE('',#8928,#9145);
#9145 = DEFINITIONAL_REPRESENTATION('',(#9146),#9150);
#9146 = LINE('',#9147,#9148);
#9147 = CARTESIAN_POINT('',(8.E-02,0.));
#9148 = VECTOR('',#9149,1.);
#9149 = DIRECTION('',(0.,-1.));
#9150 = ( GEOMETRIC_REPRESENTATION_CONTEXT(2)
PARAMETRIC_REPRESENTATION_CONTEXT() REPRESENTATION_CONTEXT('2D SPACE',''
  ) );
#9151 = PCURVE('',#8902,#9152);
#9152 = DEFINITIONAL_REPRESENTATION('',(#9153),#9157);
#9153 = LINE('',#9154,#9155);
#9154 = CARTESIAN_POINT('',(0.6,0.));
#9155 = VECTOR('',#9156,1.);
#9156 = DIRECTION('',(0.,1.));
#9157 = ( GEOMETRIC_REPRESENTATION_CONTEXT(2)
PARAMETRIC_REPRESENTATION_CONTEXT() REPRESENTATION_CONTEXT('2D SPACE',''
  ) );
#9158 = ORIENTED_EDGE('',*,*,#8913,.F.);
#9159 = ORIENTED_EDGE('',*,*,#8963,.T.);
#9160 = ORIENTED_EDGE('',*,*,#9161,.T.);
#9161 = EDGE_CURVE('',#8964,#9137,#9162,.T.);
#9162 = SURFACE_CURVE('',#9163,(#9167,#9174),.PCURVE_S1.);
#9163 = LINE('',#9164,#9165);
#9164 = CARTESIAN_POINT('',(11.6,1.05,-6.08));
#9165 = VECTOR('',#9166,1.);
#9166 = DIRECTION('',(0.,0.,1.));
#9167 = PCURVE('',#8928,#9168);
#9168 = DEFINITIONAL_REPRESENTATION('',(#9169),#9173);
#9169 = LINE('',#9170,#9171);
#9170 = CARTESIAN_POINT('',(0.,-2.1));
#9171 = VECTOR('',#9172,1.);
#9172 = DIRECTION('',(1.,0.));
#9173 = ( GEOMETRIC_REPRESENTATION_CONTEXT(2)
PARAMETRIC_REPRESENTATION_CONTEXT() REPRESENTATION_CONTEXT('2D SPACE',''
  ) );
#9174 = PCURVE('',#9000,#9175);
#9175 = DEFINITIONAL_REPRESENTATION('',(#9176),#9180);
#9176 = LINE('',#9177,#9178);
#9177 = CARTESIAN_POINT('',(0.,0.6));
#9178 = VECTOR('',#9179,1.);
#9179 = DIRECTION('',(1.,0.));
#9180 = ( GEOMETRIC_REPRESENTATION_CONTEXT(2)
PARAMETRIC_REPRESENTATION_CONTEXT() REPRESENTATION_CONTEXT('2D SPACE',''
  ) );
#9181 = ADVANCED_FACE('',(#9182),#8902,.T.);
#9182 = FACE_BOUND('',#9183,.T.);
#9183 = EDGE_LOOP('',(#9184,#9205,#9224,#9225));
#9184 = ORIENTED_EDGE('',*,*,#9185,.F.);
#9185 = EDGE_CURVE('',#9042,#9137,#9186,.T.);
#9186 = SURFACE_CURVE('',#9187,(#9191,#9198),.PCURVE_S1.);
#9187 = LINE('',#9188,#9189);
#9188 = CARTESIAN_POINT('',(11.,1.05,-6.));
#9189 = VECTOR('',#9190,1.);
#9190 = DIRECTION('',(1.,0.,0.));
#9191 = PCURVE('',#8902,#9192);
#9192 = DEFINITIONAL_REPRESENTATION('',(#9193),#9197);
#9193 = LINE('',#9194,#9195);
#9194 = CARTESIAN_POINT('',(0.,2.1));
#9195 = VECTOR('',#9196,1.);
#9196 = DIRECTION('',(1.,0.));
#9197 = ( GEOMETRIC_REPRESENTATION_CONTEXT(2)
PARAMETRIC_REPRESENTATION_CONTEXT() REPRESENTATION_CONTEXT('2D SPACE',''
  ) );
#9198 = PCURVE('',#9000,#9199);
#9199 = DEFINITIONAL_REPRESENTATION('',(#9200),#9204);
#9200 = LINE('',#9201,#9202);
#9201 = CARTESIAN_POINT('',(8.E-02,0.));
#9202 = VECTOR('',#9203,1.);
#9203 = DIRECTION('',(0.,1.));
#9204 = ( GEOMETRIC_REPRESENTATION_CONTEXT(2)
PARAMETRIC_REPRESENTATION_CONTEXT() REPRESENTATION_CONTEXT('2D SPACE',''
  ) );
#9205 = ORIENTED_EDGE('',*,*,#9206,.T.);
#9206 = EDGE_CURVE('',#9042,#8852,#9207,.T.);
#9207 = SURFACE_CURVE('',#9208,(#9211,#9217),.PCURVE_S1.);
#9208 = B_SPLINE_CURVE_WITH_KNOTS('',1,(#9209,#9210),.UNSPECIFIED.,.F.,
  .F.,(2,2),(2.,3.),.PIECEWISE_BEZIER_KNOTS.);
#9209 = CARTESIAN_POINT('',(11.,1.05,-6.));
#9210 = CARTESIAN_POINT('',(11.,-1.05,-6.));
#9211 = PCURVE('',#8902,#9212);
#9212 = DEFINITIONAL_REPRESENTATION('',(#9213),#9216);
#9213 = B_SPLINE_CURVE_WITH_KNOTS('',1,(#9214,#9215),.UNSPECIFIED.,.F.,
  .F.,(2,2),(2.,3.),.PIECEWISE_BEZIER_KNOTS.);
#9214 = CARTESIAN_POINT('',(0.,2.1));
#9215 = CARTESIAN_POINT('',(0.,0.));
#9216 = ( GEOMETRIC_REPRESENTATION_CONTEXT(2)
PARAMETRIC_REPRESENTATION_CONTEXT() REPRESENTATION_CONTEXT('2D SPACE',''
  ) );
#9217 = PCURVE('',#8871,#9218);
#9218 = DEFINITIONAL_REPRESENTATION('',(#9219),#9223);
#9219 = LINE('',#9220,#9221);
#9220 = CARTESIAN_POINT('',(0.,1.));
#9221 = VECTOR('',#9222,1.);
#9222 = DIRECTION('',(1.,0.));
#9223 = ( GEOMETRIC_REPRESENTATION_CONTEXT(2)
PARAMETRIC_REPRESENTATION_CONTEXT() REPRESENTATION_CONTEXT('2D SPACE',''
  ) );
#9224 = ORIENTED_EDGE('',*,*,#8887,.F.);
#9225 = ORIENTED_EDGE('',*,*,#9136,.T.);
#9226 = ADVANCED_FACE('',(#9227),#8871,.T.);
#9227 = FACE_BOUND('',#9228,.T.);
#9228 = EDGE_LOOP('',(#9229,#9230,#9249,#9250));
#9229 = ORIENTED_EDGE('',*,*,#9041,.F.);
#9230 = ORIENTED_EDGE('',*,*,#9231,.T.);
#9231 = EDGE_CURVE('',#9016,#8826,#9232,.T.);
#9232 = SURFACE_CURVE('',#9233,(#9236,#9243),.PCURVE_S1.);
#9233 = B_SPLINE_CURVE_WITH_KNOTS('',1,(#9234,#9235),.UNSPECIFIED.,.F.,
  .F.,(2,2),(2.,3.),.PIECEWISE_BEZIER_KNOTS.);
#9234 = CARTESIAN_POINT('',(4.,1.05,-6.));
#9235 = CARTESIAN_POINT('',(4.,-1.05,-6.));
#9236 = PCURVE('',#8871,#9237);
#9237 = DEFINITIONAL_REPRESENTATION('',(#9238),#9242);
#9238 = LINE('',#9239,#9240);
#9239 = CARTESIAN_POINT('',(0.,0.));
#9240 = VECTOR('',#9241,1.);
#9241 = DIRECTION('',(1.,0.));
#9242 = ( GEOMETRIC_REPRESENTATION_CONTEXT(2)
PARAMETRIC_REPRESENTATION_CONTEXT() REPRESENTATION_CONTEXT('2D SPACE',''
  ) );
#9243 = PCURVE('',#8840,#9244);
#9244 = DEFINITIONAL_REPRESENTATION('',(#9245),#9248);
#9245 = B_SPLINE_CURVE_WITH_KNOTS('',1,(#9246,#9247),.UNSPECIFIED.,.F.,
  .F.,(2,2),(2.,3.),.PIECEWISE_BEZIER_KNOTS.);
#9246 = CARTESIAN_POINT('',(0.5,2.1));
#9247 = CARTESIAN_POINT('',(0.5,0.));
#9248 = ( GEOMETRIC_REPRESENTATION_CONTEXT(2)
PARAMETRIC_REPRESENTATION_CONTEXT() REPRESENTATION_CONTEXT('2D SPACE',''
  ) );
#9249 = ORIENTED_EDGE('',*,*,#8851,.T.);
#9250 = ORIENTED_EDGE('',*,*,#9206,.F.);
#9251 = ADVANCED_FACE('',(#9252),#8840,.T.);
#9252 = FACE_BOUND('',#9253,.T.);
#9253 = EDGE_LOOP('',(#9254,#9277,#9278,#9279));
#9254 = ORIENTED_EDGE('',*,*,#9255,.F.);
#9255 = EDGE_CURVE('',#8800,#9256,#9258,.T.);
#9256 = VERTEX_POINT('',#9257);
#9257 = CARTESIAN_POINT('',(3.5,1.05,-6.));
#9258 = SURFACE_CURVE('',#9259,(#9263,#9270),.PCURVE_S1.);
#9259 = LINE('',#9260,#9261);
#9260 = CARTESIAN_POINT('',(3.5,-1.05,-6.));
#9261 = VECTOR('',#9262,1.);
#9262 = DIRECTION('',(0.,1.,0.));
#9263 = PCURVE('',#8840,#9264);
#9264 = DEFINITIONAL_REPRESENTATION('',(#9265),#9269);
#9265 = LINE('',#9266,#9267);
#9266 = CARTESIAN_POINT('',(0.,0.));
#9267 = VECTOR('',#9268,1.);
#9268 = DIRECTION('',(0.,1.));
#9269 = ( GEOMETRIC_REPRESENTATION_CONTEXT(2)
PARAMETRIC_REPRESENTATION_CONTEXT() REPRESENTATION_CONTEXT('2D SPACE',''
  ) );
#9270 = PCURVE('',#8814,#9271);
#9271 = DEFINITIONAL_REPRESENTATION('',(#9272),#9276);
#9272 = LINE('',#9273,#9274);
#9273 = CARTESIAN_POINT('',(8.E-02,0.));
#9274 = VECTOR('',#9275,1.);
#9275 = DIRECTION('',(0.,-1.));
#9276 = ( GEOMETRIC_REPRESENTATION_CONTEXT(2)
PARAMETRIC_REPRESENTATION_CONTEXT() REPRESENTATION_CONTEXT('2D SPACE',''
  ) );
#9277 = ORIENTED_EDGE('',*,*,#8825,.F.);
#9278 = ORIENTED_EDGE('',*,*,#9231,.F.);
#9279 = ORIENTED_EDGE('',*,*,#9280,.F.);
#9280 = EDGE_CURVE('',#9256,#9016,#9281,.T.);
#9281 = SURFACE_CURVE('',#9282,(#9286,#9293),.PCURVE_S1.);
#9282 = LINE('',#9283,#9284);
#9283 = CARTESIAN_POINT('',(3.5,1.05,-6.));
#9284 = VECTOR('',#9285,1.);
#9285 = DIRECTION('',(1.,0.,0.));
#9286 = PCURVE('',#8840,#9287);
#9287 = DEFINITIONAL_REPRESENTATION('',(#9288),#9292);
#9288 = LINE('',#9289,#9290);
#9289 = CARTESIAN_POINT('',(0.,2.1));
#9290 = VECTOR('',#9291,1.);
#9291 = DIRECTION('',(1.,0.));
#9292 = ( GEOMETRIC_REPRESENTATION_CONTEXT(2)
PARAMETRIC_REPRESENTATION_CONTEXT() REPRESENTATION_CONTEXT('2D SPACE',''
  ) );
#9293 = PCURVE('',#9030,#9294);
#9294 = DEFINITIONAL_REPRESENTATION('',(#9295),#9299);
#9295 = LINE('',#9296,#9297);
#9296 = CARTESIAN_POINT('',(8.E-02,0.));
#9297 = VECTOR('',#9298,1.);
#9298 = DIRECTION('',(0.,1.));
#9299 = ( GEOMETRIC_REPRESENTATION_CONTEXT(2)
PARAMETRIC_REPRESENTATION_CONTEXT() REPRESENTATION_CONTEXT('2D SPACE',''
  ) );
#9300 = ADVANCED_FACE('',(#9301),#8814,.F.);
#9301 = FACE_BOUND('',#9302,.F.);
#9302 = EDGE_LOOP('',(#9303,#9304,#9305,#9306));
#9303 = ORIENTED_EDGE('',*,*,#9255,.F.);
#9304 = ORIENTED_EDGE('',*,*,#8799,.F.);
#9305 = ORIENTED_EDGE('',*,*,#9087,.T.);
#9306 = ORIENTED_EDGE('',*,*,#9307,.T.);
#9307 = EDGE_CURVE('',#9088,#9256,#9308,.T.);
#9308 = SURFACE_CURVE('',#9309,(#9313,#9320),.PCURVE_S1.);
#9309 = LINE('',#9310,#9311);
#9310 = CARTESIAN_POINT('',(3.5,1.05,-6.08));
#9311 = VECTOR('',#9312,1.);
#9312 = DIRECTION('',(0.,0.,1.));
#9313 = PCURVE('',#8814,#9314);
#9314 = DEFINITIONAL_REPRESENTATION('',(#9315),#9319);
#9315 = LINE('',#9316,#9317);
#9316 = CARTESIAN_POINT('',(0.,-2.1));
#9317 = VECTOR('',#9318,1.);
#9318 = DIRECTION('',(1.,0.));
#9319 = ( GEOMETRIC_REPRESENTATION_CONTEXT(2)
PARAMETRIC_REPRESENTATION_CONTEXT() REPRESENTATION_CONTEXT('2D SPACE',''
  ) );
#9320 = PCURVE('',#9030,#9321);
#9321 = DEFINITIONAL_REPRESENTATION('',(#9322),#9326);
#9322 = LINE('',#9323,#9324);
#9323 = CARTESIAN_POINT('',(0.,0.));
#9324 = VECTOR('',#9325,1.);
#9325 = DIRECTION('',(1.,0.));
#9326 = ( GEOMETRIC_REPRESENTATION_CONTEXT(2)
PARAMETRIC_REPRESENTATION_CONTEXT() REPRESENTATION_CONTEXT('2D SPACE',''
  ) );
#9327 = ADVANCED_FACE('',(#9328),#9000,.T.);
#9328 = FACE_BOUND('',#9329,.T.);
#9329 = EDGE_LOOP('',(#9330,#9331,#9332,#9333));
#9330 = ORIENTED_EDGE('',*,*,#8986,.F.);
#9331 = ORIENTED_EDGE('',*,*,#9064,.T.);
#9332 = ORIENTED_EDGE('',*,*,#9185,.T.);
#9333 = ORIENTED_EDGE('',*,*,#9161,.F.);
#9334 = ADVANCED_FACE('',(#9335),#9030,.T.);
#9335 = FACE_BOUND('',#9336,.T.);
#9336 = EDGE_LOOP('',(#9337,#9338,#9339,#9340));
#9337 = ORIENTED_EDGE('',*,*,#9112,.F.);
#9338 = ORIENTED_EDGE('',*,*,#9307,.T.);
#9339 = ORIENTED_EDGE('',*,*,#9280,.T.);
#9340 = ORIENTED_EDGE('',*,*,#9015,.F.);
#9341 = ( GEOMETRIC_REPRESENTATION_CONTEXT(3)
GLOBAL_UNCERTAINTY_ASSIGNED_CONTEXT((#9345))
GLOBAL_UNIT_ASSIGNED_CONTEXT((#9342,#9343,#9344)) REPRESENTATION_CONTEXT
('Context #1','3D Context with UNIT and UNCERTAINTY') );
#9342 = ( LENGTH_UNIT() NAMED_UNIT(*) SI_UNIT(.MILLI.,.METRE.) );
#9343 = ( NAMED_UNIT(*) PLANE_ANGLE_UNIT() SI_UNIT($,.RADIAN.) );
#9344 = ( NAMED_UNIT(*) SI_UNIT($,.STERADIAN.) SOLID_ANGLE_UNIT() );
#9345 = UNCERTAINTY_MEASURE_WITH_UNIT(LENGTH_MEASURE(1.E-06),#9342,
  'distance_accuracy_value','confusion accuracy');
#9346 = CONTEXT_DEPENDENT_SHAPE_REPRESENTATION(#9347,#9349);
#9347 = ( REPRESENTATION_RELATIONSHIP('','',#8644,#10)
REPRESENTATION_RELATIONSHIP_WITH_TRANSFORMATION(#9348)
SHAPE_REPRESENTATION_RELATIONSHIP() );
#9348 = ITEM_DEFINED_TRANSFORMATION('','',#11,#31);
#9349 = PRODUCT_DEFINITION_SHAPE('Placement','Placement of an item',
  #9350);
#9350 = NEXT_ASSEMBLY_USAGE_OCCURRENCE('150','','',#5,#8639,$);
#9351 = PRODUCT_RELATED_PRODUCT_CATEGORY('part',$,(#8641));
#9352 = SHAPE_DEFINITION_REPRESENTATION(#9353,#9359);
#9353 = PRODUCT_DEFINITION_SHAPE('','',#9354);
#9354 = PRODUCT_DEFINITION('design','',#9355,#9358);
#9355 = PRODUCT_DEFINITION_FORMATION('','',#9356);
#9356 = PRODUCT('Open CASCADE STEP translator 7.8 6.6',
  'Open CASCADE STEP translator 7.8 6.6','',(#9357));
#9357 = PRODUCT_CONTEXT('',#2,'mechanical');
#9358 = PRODUCT_DEFINITION_CONTEXT('part definition',#2,'design');
#9359 = ADVANCED_BREP_SHAPE_REPRESENTATION('',(#11,#9360),#9682);
#9360 = MANIFOLD_SOLID_BREP('',#9361);
#9361 = CLOSED_SHELL('',(#9362,#9480,#9554,#9603,#9650,#9675));
#9362 = ADVANCED_FACE('',(#9363),#9377,.F.);
#9363 = FACE_BOUND('',#9364,.F.);
#9364 = EDGE_LOOP('',(#9365,#9400,#9426,#9454));
#9365 = ORIENTED_EDGE('',*,*,#9366,.F.);
#9366 = EDGE_CURVE('',#9367,#9369,#9371,.T.);
#9367 = VERTEX_POINT('',#9368);
#9368 = CARTESIAN_POINT('',(11.,0.,-5.7));
#9369 = VERTEX_POINT('',#9370);
#9370 = CARTESIAN_POINT('',(11.,1.25,-5.7));
#9371 = SURFACE_CURVE('',#9372,(#9376,#9388),.PCURVE_S1.);
#9372 = LINE('',#9373,#9374);
#9373 = CARTESIAN_POINT('',(11.,-1.25,-5.7));
#9374 = VECTOR('',#9375,1.);
#9375 = DIRECTION('',(0.,1.,0.));
#9376 = PCURVE('',#9377,#9382);
#9377 = PLANE('',#9378);
#9378 = AXIS2_PLACEMENT_3D('',#9379,#9380,#9381);
#9379 = CARTESIAN_POINT('',(11.,-1.25,-6.));
#9380 = DIRECTION('',(1.,0.,0.));
#9381 = DIRECTION('',(0.,0.,1.));
#9382 = DEFINITIONAL_REPRESENTATION('',(#9383),#9387);
#9383 = LINE('',#9384,#9385);
#9384 = CARTESIAN_POINT('',(0.3,0.));
#9385 = VECTOR('',#9386,1.);
#9386 = DIRECTION('',(0.,-1.));
#9387 = ( GEOMETRIC_REPRESENTATION_CONTEXT(2)
PARAMETRIC_REPRESENTATION_CONTEXT() REPRESENTATION_CONTEXT('2D SPACE',''
  ) );
#9388 = PCURVE('',#9389,#9394);
#9389 = PLANE('',#9390);
#9390 = AXIS2_PLACEMENT_3D('',#9391,#9392,#9393);
#9391 = CARTESIAN_POINT('',(11.,-1.25,-5.7));
#9392 = DIRECTION('',(0.,0.,1.));
#9393 = DIRECTION('',(1.,0.,0.));
#9394 = DEFINITIONAL_REPRESENTATION('',(#9395),#9399);
#9395 = LINE('',#9396,#9397);
#9396 = CARTESIAN_POINT('',(0.,0.));
#9397 = VECTOR('',#9398,1.);
#9398 = DIRECTION('',(0.,1.));
#9399 = ( GEOMETRIC_REPRESENTATION_CONTEXT(2)
PARAMETRIC_REPRESENTATION_CONTEXT() REPRESENTATION_CONTEXT('2D SPACE',''
  ) );
#9400 = ORIENTED_EDGE('',*,*,#9401,.F.);
#9401 = EDGE_CURVE('',#9402,#9367,#9404,.T.);
#9402 = VERTEX_POINT('',#9403);
#9403 = CARTESIAN_POINT('',(11.,0.,-6.));
#9404 = SURFACE_CURVE('',#9405,(#9409,#9415),.PCURVE_S1.);
#9405 = LINE('',#9406,#9407);
#9406 = CARTESIAN_POINT('',(11.,0.,-35.5));
#9407 = VECTOR('',#9408,1.);
#9408 = DIRECTION('',(0.,0.,1.));
#9409 = PCURVE('',#9377,#9410);
#9410 = DEFINITIONAL_REPRESENTATION('',(#9411),#9414);
#9411 = B_SPLINE_CURVE_WITH_KNOTS('',1,(#9412,#9413),.UNSPECIFIED.,.F.,
  .F.,(2,2),(29.5,29.8),.PIECEWISE_BEZIER_KNOTS.);
#9412 = CARTESIAN_POINT('',(0.,-1.25));
#9413 = CARTESIAN_POINT('',(0.3,-1.25));
#9414 = ( GEOMETRIC_REPRESENTATION_CONTEXT(2)
PARAMETRIC_REPRESENTATION_CONTEXT() REPRESENTATION_CONTEXT('2D SPACE',''
  ) );
#9415 = PCURVE('',#9416,#9421);
#9416 = PLANE('',#9417);
#9417 = AXIS2_PLACEMENT_3D('',#9418,#9419,#9420);
#9418 = CARTESIAN_POINT('',(-30.,0.,-65.));
#9419 = DIRECTION('',(0.,1.,0.));
#9420 = DIRECTION('',(0.,0.,1.));
#9421 = DEFINITIONAL_REPRESENTATION('',(#9422),#9425);
#9422 = B_SPLINE_CURVE_WITH_KNOTS('',1,(#9423,#9424),.UNSPECIFIED.,.F.,
  .F.,(2,2),(29.5,29.8),.PIECEWISE_BEZIER_KNOTS.);
#9423 = CARTESIAN_POINT('',(59.,41.));
#9424 = CARTESIAN_POINT('',(59.3,41.));
#9425 = ( GEOMETRIC_REPRESENTATION_CONTEXT(2)
PARAMETRIC_REPRESENTATION_CONTEXT() REPRESENTATION_CONTEXT('2D SPACE',''
  ) );
#9426 = ORIENTED_EDGE('',*,*,#9427,.T.);
#9427 = EDGE_CURVE('',#9402,#9428,#9430,.T.);
#9428 = VERTEX_POINT('',#9429);
#9429 = CARTESIAN_POINT('',(11.,1.25,-6.));
#9430 = SURFACE_CURVE('',#9431,(#9435,#9442),.PCURVE_S1.);
#9431 = LINE('',#9432,#9433);
#9432 = CARTESIAN_POINT('',(11.,-1.25,-6.));
#9433 = VECTOR('',#9434,1.);
#9434 = DIRECTION('',(0.,1.,0.));
#9435 = PCURVE('',#9377,#9436);
#9436 = DEFINITIONAL_REPRESENTATION('',(#9437),#9441);
#9437 = LINE('',#9438,#9439);
#9438 = CARTESIAN_POINT('',(0.,0.));
#9439 = VECTOR('',#9440,1.);
#9440 = DIRECTION('',(0.,-1.));
#9441 = ( GEOMETRIC_REPRESENTATION_CONTEXT(2)
PARAMETRIC_REPRESENTATION_CONTEXT() REPRESENTATION_CONTEXT('2D SPACE',''
  ) );
#9442 = PCURVE('',#9443,#9448);
#9443 = PLANE('',#9444);
#9444 = AXIS2_PLACEMENT_3D('',#9445,#9446,#9447);
#9445 = CARTESIAN_POINT('',(11.,-1.25,-6.));
#9446 = DIRECTION('',(0.,0.,1.));
#9447 = DIRECTION('',(1.,0.,0.));
#9448 = DEFINITIONAL_REPRESENTATION('',(#9449),#9453);
#9449 = LINE('',#9450,#9451);
#9450 = CARTESIAN_POINT('',(0.,0.));
#9451 = VECTOR('',#9452,1.);
#9452 = DIRECTION('',(0.,1.));
#9453 = ( GEOMETRIC_REPRESENTATION_CONTEXT(2)
PARAMETRIC_REPRESENTATION_CONTEXT() REPRESENTATION_CONTEXT('2D SPACE',''
  ) );
#9454 = ORIENTED_EDGE('',*,*,#9455,.T.);
#9455 = EDGE_CURVE('',#9428,#9369,#9456,.T.);
#9456 = SURFACE_CURVE('',#9457,(#9461,#9468),.PCURVE_S1.);
#9457 = LINE('',#9458,#9459);
#9458 = CARTESIAN_POINT('',(11.,1.25,-6.));
#9459 = VECTOR('',#9460,1.);
#9460 = DIRECTION('',(0.,0.,1.));
#9461 = PCURVE('',#9377,#9462);
#9462 = DEFINITIONAL_REPRESENTATION('',(#9463),#9467);
#9463 = LINE('',#9464,#9465);
#9464 = CARTESIAN_POINT('',(0.,-2.5));
#9465 = VECTOR('',#9466,1.);
#9466 = DIRECTION('',(1.,0.));
#9467 = ( GEOMETRIC_REPRESENTATION_CONTEXT(2)
PARAMETRIC_REPRESENTATION_CONTEXT() REPRESENTATION_CONTEXT('2D SPACE',''
  ) );
#9468 = PCURVE('',#9469,#9474);
#9469 = PLANE('',#9470);
#9470 = AXIS2_PLACEMENT_3D('',#9471,#9472,#9473);
#9471 = CARTESIAN_POINT('',(11.,1.25,-6.));
#9472 = DIRECTION('',(0.,1.,0.));
#9473 = DIRECTION('',(0.,0.,1.));
#9474 = DEFINITIONAL_REPRESENTATION('',(#9475),#9479);
#9475 = LINE('',#9476,#9477);
#9476 = CARTESIAN_POINT('',(0.,0.));
#9477 = VECTOR('',#9478,1.);
#9478 = DIRECTION('',(1.,0.));
#9479 = ( GEOMETRIC_REPRESENTATION_CONTEXT(2)
PARAMETRIC_REPRESENTATION_CONTEXT() REPRESENTATION_CONTEXT('2D SPACE',''
  ) );
#9480 = ADVANCED_FACE('',(#9481),#9389,.T.);
#9481 = FACE_BOUND('',#9482,.T.);
#9482 = EDGE_LOOP('',(#9483,#9484,#9505,#9533));
#9483 = ORIENTED_EDGE('',*,*,#9366,.F.);
#9484 = ORIENTED_EDGE('',*,*,#9485,.F.);
#9485 = EDGE_CURVE('',#9486,#9367,#9488,.T.);
#9486 = VERTEX_POINT('',#9487);
#9487 = CARTESIAN_POINT('',(11.6,0.,-5.7));
#9488 = SURFACE_CURVE('',#9489,(#9493,#9499),.PCURVE_S1.);
#9489 = LINE('',#9490,#9491);
#9490 = CARTESIAN_POINT('',(-9.5,0.,-5.7));
#9491 = VECTOR('',#9492,1.);
#9492 = DIRECTION('',(-1.,0.,0.));
#9493 = PCURVE('',#9389,#9494);
#9494 = DEFINITIONAL_REPRESENTATION('',(#9495),#9498);
#9495 = B_SPLINE_CURVE_WITH_KNOTS('',1,(#9496,#9497),.UNSPECIFIED.,.F.,
  .F.,(2,2),(-21.1,-20.5),.PIECEWISE_BEZIER_KNOTS.);
#9496 = CARTESIAN_POINT('',(0.6,1.25));
#9497 = CARTESIAN_POINT('',(0.,1.25));
#9498 = ( GEOMETRIC_REPRESENTATION_CONTEXT(2)
PARAMETRIC_REPRESENTATION_CONTEXT() REPRESENTATION_CONTEXT('2D SPACE',''
  ) );
#9499 = PCURVE('',#9416,#9500);
#9500 = DEFINITIONAL_REPRESENTATION('',(#9501),#9504);
#9501 = B_SPLINE_CURVE_WITH_KNOTS('',1,(#9502,#9503),.UNSPECIFIED.,.F.,
  .F.,(2,2),(-21.1,-20.5),.PIECEWISE_BEZIER_KNOTS.);
#9502 = CARTESIAN_POINT('',(59.3,41.6));
#9503 = CARTESIAN_POINT('',(59.3,41.));
#9504 = ( GEOMETRIC_REPRESENTATION_CONTEXT(2)
PARAMETRIC_REPRESENTATION_CONTEXT() REPRESENTATION_CONTEXT('2D SPACE',''
  ) );
#9505 = ORIENTED_EDGE('',*,*,#9506,.T.);
#9506 = EDGE_CURVE('',#9486,#9507,#9509,.T.);
#9507 = VERTEX_POINT('',#9508);
#9508 = CARTESIAN_POINT('',(11.6,1.25,-5.7));
#9509 = SURFACE_CURVE('',#9510,(#9514,#9521),.PCURVE_S1.);
#9510 = LINE('',#9511,#9512);
#9511 = CARTESIAN_POINT('',(11.6,-1.25,-5.7));
#9512 = VECTOR('',#9513,1.);
#9513 = DIRECTION('',(0.,1.,0.));
#9514 = PCURVE('',#9389,#9515);
#9515 = DEFINITIONAL_REPRESENTATION('',(#9516),#9520);
#9516 = LINE('',#9517,#9518);
#9517 = CARTESIAN_POINT('',(0.6,0.));
#9518 = VECTOR('',#9519,1.);
#9519 = DIRECTION('',(0.,1.));
#9520 = ( GEOMETRIC_REPRESENTATION_CONTEXT(2)
PARAMETRIC_REPRESENTATION_CONTEXT() REPRESENTATION_CONTEXT('2D SPACE',''
  ) );
#9521 = PCURVE('',#9522,#9527);
#9522 = PLANE('',#9523);
#9523 = AXIS2_PLACEMENT_3D('',#9524,#9525,#9526);
#9524 = CARTESIAN_POINT('',(11.6,-1.25,-6.));
#9525 = DIRECTION('',(1.,0.,0.));
#9526 = DIRECTION('',(0.,0.,1.));
#9527 = DEFINITIONAL_REPRESENTATION('',(#9528),#9532);
#9528 = LINE('',#9529,#9530);
#9529 = CARTESIAN_POINT('',(0.3,0.));
#9530 = VECTOR('',#9531,1.);
#9531 = DIRECTION('',(0.,-1.));
#9532 = ( GEOMETRIC_REPRESENTATION_CONTEXT(2)
PARAMETRIC_REPRESENTATION_CONTEXT() REPRESENTATION_CONTEXT('2D SPACE',''
  ) );
#9533 = ORIENTED_EDGE('',*,*,#9534,.F.);
#9534 = EDGE_CURVE('',#9369,#9507,#9535,.T.);
#9535 = SURFACE_CURVE('',#9536,(#9540,#9547),.PCURVE_S1.);
#9536 = LINE('',#9537,#9538);
#9537 = CARTESIAN_POINT('',(11.,1.25,-5.7));
#9538 = VECTOR('',#9539,1.);
#9539 = DIRECTION('',(1.,0.,0.));
#9540 = PCURVE('',#9389,#9541);
#9541 = DEFINITIONAL_REPRESENTATION('',(#9542),#9546);
#9542 = LINE('',#9543,#9544);
#9543 = CARTESIAN_POINT('',(0.,2.5));
#9544 = VECTOR('',#9545,1.);
#9545 = DIRECTION('',(1.,0.));
#9546 = ( GEOMETRIC_REPRESENTATION_CONTEXT(2)
PARAMETRIC_REPRESENTATION_CONTEXT() REPRESENTATION_CONTEXT('2D SPACE',''
  ) );
#9547 = PCURVE('',#9469,#9548);
#9548 = DEFINITIONAL_REPRESENTATION('',(#9549),#9553);
#9549 = LINE('',#9550,#9551);
#9550 = CARTESIAN_POINT('',(0.3,0.));
#9551 = VECTOR('',#9552,1.);
#9552 = DIRECTION('',(0.,1.));
#9553 = ( GEOMETRIC_REPRESENTATION_CONTEXT(2)
PARAMETRIC_REPRESENTATION_CONTEXT() REPRESENTATION_CONTEXT('2D SPACE',''
  ) );
#9554 = ADVANCED_FACE('',(#9555),#9469,.T.);
#9555 = FACE_BOUND('',#9556,.T.);
#9556 = EDGE_LOOP('',(#9557,#9580,#9581,#9582));
#9557 = ORIENTED_EDGE('',*,*,#9558,.F.);
#9558 = EDGE_CURVE('',#9428,#9559,#9561,.T.);
#9559 = VERTEX_POINT('',#9560);
#9560 = CARTESIAN_POINT('',(11.6,1.25,-6.));
#9561 = SURFACE_CURVE('',#9562,(#9566,#9573),.PCURVE_S1.);
#9562 = LINE('',#9563,#9564);
#9563 = CARTESIAN_POINT('',(11.,1.25,-6.));
#9564 = VECTOR('',#9565,1.);
#9565 = DIRECTION('',(1.,0.,0.));
#9566 = PCURVE('',#9469,#9567);
#9567 = DEFINITIONAL_REPRESENTATION('',(#9568),#9572);
#9568 = LINE('',#9569,#9570);
#9569 = CARTESIAN_POINT('',(0.,0.));
#9570 = VECTOR('',#9571,1.);
#9571 = DIRECTION('',(0.,1.));
#9572 = ( GEOMETRIC_REPRESENTATION_CONTEXT(2)
PARAMETRIC_REPRESENTATION_CONTEXT() REPRESENTATION_CONTEXT('2D SPACE',''
  ) );
#9573 = PCURVE('',#9443,#9574);
#9574 = DEFINITIONAL_REPRESENTATION('',(#9575),#9579);
#9575 = LINE('',#9576,#9577);
#9576 = CARTESIAN_POINT('',(0.,2.5));
#9577 = VECTOR('',#9578,1.);
#9578 = DIRECTION('',(1.,0.));
#9579 = ( GEOMETRIC_REPRESENTATION_CONTEXT(2)
PARAMETRIC_REPRESENTATION_CONTEXT() REPRESENTATION_CONTEXT('2D SPACE',''
  ) );
#9580 = ORIENTED_EDGE('',*,*,#9455,.T.);
#9581 = ORIENTED_EDGE('',*,*,#9534,.T.);
#9582 = ORIENTED_EDGE('',*,*,#9583,.F.);
#9583 = EDGE_CURVE('',#9559,#9507,#9584,.T.);
#9584 = SURFACE_CURVE('',#9585,(#9589,#9596),.PCURVE_S1.);
#9585 = LINE('',#9586,#9587);
#9586 = CARTESIAN_POINT('',(11.6,1.25,-6.));
#9587 = VECTOR('',#9588,1.);
#9588 = DIRECTION('',(0.,0.,1.));
#9589 = PCURVE('',#9469,#9590);
#9590 = DEFINITIONAL_REPRESENTATION('',(#9591),#9595);
#9591 = LINE('',#9592,#9593);
#9592 = CARTESIAN_POINT('',(0.,0.6));
#9593 = VECTOR('',#9594,1.);
#9594 = DIRECTION('',(1.,0.));
#9595 = ( GEOMETRIC_REPRESENTATION_CONTEXT(2)
PARAMETRIC_REPRESENTATION_CONTEXT() REPRESENTATION_CONTEXT('2D SPACE',''
  ) );
#9596 = PCURVE('',#9522,#9597);
#9597 = DEFINITIONAL_REPRESENTATION('',(#9598),#9602);
#9598 = LINE('',#9599,#9600);
#9599 = CARTESIAN_POINT('',(0.,-2.5));
#9600 = VECTOR('',#9601,1.);
#9601 = DIRECTION('',(1.,0.));
#9602 = ( GEOMETRIC_REPRESENTATION_CONTEXT(2)
PARAMETRIC_REPRESENTATION_CONTEXT() REPRESENTATION_CONTEXT('2D SPACE',''
  ) );
#9603 = ADVANCED_FACE('',(#9604),#9443,.F.);
#9604 = FACE_BOUND('',#9605,.F.);
#9605 = EDGE_LOOP('',(#9606,#9607,#9628,#9649));
#9606 = ORIENTED_EDGE('',*,*,#9427,.F.);
#9607 = ORIENTED_EDGE('',*,*,#9608,.F.);
#9608 = EDGE_CURVE('',#9609,#9402,#9611,.T.);
#9609 = VERTEX_POINT('',#9610);
#9610 = CARTESIAN_POINT('',(11.6,0.,-6.));
#9611 = SURFACE_CURVE('',#9612,(#9616,#9622),.PCURVE_S1.);
#9612 = LINE('',#9613,#9614);
#9613 = CARTESIAN_POINT('',(-9.5,0.,-6.));
#9614 = VECTOR('',#9615,1.);
#9615 = DIRECTION('',(-1.,0.,0.));
#9616 = PCURVE('',#9443,#9617);
#9617 = DEFINITIONAL_REPRESENTATION('',(#9618),#9621);
#9618 = B_SPLINE_CURVE_WITH_KNOTS('',1,(#9619,#9620),.UNSPECIFIED.,.F.,
  .F.,(2,2),(-21.1,-20.5),.PIECEWISE_BEZIER_KNOTS.);
#9619 = CARTESIAN_POINT('',(0.6,1.25));
#9620 = CARTESIAN_POINT('',(0.,1.25));
#9621 = ( GEOMETRIC_REPRESENTATION_CONTEXT(2)
PARAMETRIC_REPRESENTATION_CONTEXT() REPRESENTATION_CONTEXT('2D SPACE',''
  ) );
#9622 = PCURVE('',#9416,#9623);
#9623 = DEFINITIONAL_REPRESENTATION('',(#9624),#9627);
#9624 = B_SPLINE_CURVE_WITH_KNOTS('',1,(#9625,#9626),.UNSPECIFIED.,.F.,
  .F.,(2,2),(-21.1,-20.5),.PIECEWISE_BEZIER_KNOTS.);
#9625 = CARTESIAN_POINT('',(59.,41.6));
#9626 = CARTESIAN_POINT('',(59.,41.));
#9627 = ( GEOMETRIC_REPRESENTATION_CONTEXT(2)
PARAMETRIC_REPRESENTATION_CONTEXT() REPRESENTATION_CONTEXT('2D SPACE',''
  ) );
#9628 = ORIENTED_EDGE('',*,*,#9629,.T.);
#9629 = EDGE_CURVE('',#9609,#9559,#9630,.T.);
#9630 = SURFACE_CURVE('',#9631,(#9635,#9642),.PCURVE_S1.);
#9631 = LINE('',#9632,#9633);
#9632 = CARTESIAN_POINT('',(11.6,-1.25,-6.));
#9633 = VECTOR('',#9634,1.);
#9634 = DIRECTION('',(0.,1.,0.));
#9635 = PCURVE('',#9443,#9636);
#9636 = DEFINITIONAL_REPRESENTATION('',(#9637),#9641);
#9637 = LINE('',#9638,#9639);
#9638 = CARTESIAN_POINT('',(0.6,0.));
#9639 = VECTOR('',#9640,1.);
#9640 = DIRECTION('',(0.,1.));
#9641 = ( GEOMETRIC_REPRESENTATION_CONTEXT(2)
PARAMETRIC_REPRESENTATION_CONTEXT() REPRESENTATION_CONTEXT('2D SPACE',''
  ) );
#9642 = PCURVE('',#9522,#9643);
#9643 = DEFINITIONAL_REPRESENTATION('',(#9644),#9648);
#9644 = LINE('',#9645,#9646);
#9645 = CARTESIAN_POINT('',(0.,0.));
#9646 = VECTOR('',#9647,1.);
#9647 = DIRECTION('',(0.,-1.));
#9648 = ( GEOMETRIC_REPRESENTATION_CONTEXT(2)
PARAMETRIC_REPRESENTATION_CONTEXT() REPRESENTATION_CONTEXT('2D SPACE',''
  ) );
#9649 = ORIENTED_EDGE('',*,*,#9558,.F.);
#9650 = ADVANCED_FACE('',(#9651),#9416,.F.);
#9651 = FACE_BOUND('',#9652,.F.);
#9652 = EDGE_LOOP('',(#9653,#9654,#9655,#9656));
#9653 = ORIENTED_EDGE('',*,*,#9608,.T.);
#9654 = ORIENTED_EDGE('',*,*,#9401,.T.);
#9655 = ORIENTED_EDGE('',*,*,#9485,.F.);
#9656 = ORIENTED_EDGE('',*,*,#9657,.F.);
#9657 = EDGE_CURVE('',#9609,#9486,#9658,.T.);
#9658 = SURFACE_CURVE('',#9659,(#9663,#9669),.PCURVE_S1.);
#9659 = LINE('',#9660,#9661);
#9660 = CARTESIAN_POINT('',(11.6,0.,-35.5));
#9661 = VECTOR('',#9662,1.);
#9662 = DIRECTION('',(0.,0.,1.));
#9663 = PCURVE('',#9416,#9664);
#9664 = DEFINITIONAL_REPRESENTATION('',(#9665),#9668);
#9665 = B_SPLINE_CURVE_WITH_KNOTS('',1,(#9666,#9667),.UNSPECIFIED.,.F.,
  .F.,(2,2),(29.5,29.8),.PIECEWISE_BEZIER_KNOTS.);
#9666 = CARTESIAN_POINT('',(59.,41.6));
#9667 = CARTESIAN_POINT('',(59.3,41.6));
#9668 = ( GEOMETRIC_REPRESENTATION_CONTEXT(2)
PARAMETRIC_REPRESENTATION_CONTEXT() REPRESENTATION_CONTEXT('2D SPACE',''
  ) );
#9669 = PCURVE('',#9522,#9670);
#9670 = DEFINITIONAL_REPRESENTATION('',(#9671),#9674);
#9671 = B_SPLINE_CURVE_WITH_KNOTS('',1,(#9672,#9673),.UNSPECIFIED.,.F.,
  .F.,(2,2),(29.5,29.8),.PIECEWISE_BEZIER_KNOTS.);
#9672 = CARTESIAN_POINT('',(0.,-1.25));
#9673 = CARTESIAN_POINT('',(0.3,-1.25));
#9674 = ( GEOMETRIC_REPRESENTATION_CONTEXT(2)
PARAMETRIC_REPRESENTATION_CONTEXT() REPRESENTATION_CONTEXT('2D SPACE',''
  ) );
#9675 = ADVANCED_FACE('',(#9676),#9522,.T.);
#9676 = FACE_BOUND('',#9677,.T.);
#9677 = EDGE_LOOP('',(#9678,#9679,#9680,#9681));
#9678 = ORIENTED_EDGE('',*,*,#9506,.F.);
#9679 = ORIENTED_EDGE('',*,*,#9657,.F.);
#9680 = ORIENTED_EDGE('',*,*,#9629,.T.);
#9681 = ORIENTED_EDGE('',*,*,#9583,.T.);
#9682 = ( GEOMETRIC_REPRESENTATION_CONTEXT(3)
GLOBAL_UNCERTAINTY_ASSIGNED_CONTEXT((#9686))
GLOBAL_UNIT_ASSIGNED_CONTEXT((#9683,#9684,#9685)) REPRESENTATION_CONTEXT
('Context #1','3D Context with UNIT and UNCERTAINTY') );
#9683 = ( LENGTH_UNIT() NAMED_UNIT(*) SI_UNIT(.MILLI.,.METRE.) );
#9684 = ( NAMED_UNIT(*) PLANE_ANGLE_UNIT() SI_UNIT($,.RADIAN.) );
#9685 = ( NAMED_UNIT(*) SI_UNIT($,.STERADIAN.) SOLID_ANGLE_UNIT() );
#9686 = UNCERTAINTY_MEASURE_WITH_UNIT(LENGTH_MEASURE(1.E-07),#9683,
  'distance_accuracy_value','confusion accuracy');
#9687 = CONTEXT_DEPENDENT_SHAPE_REPRESENTATION(#9688,#9690);
#9688 = ( REPRESENTATION_RELATIONSHIP('','',#9359,#10)
REPRESENTATION_RELATIONSHIP_WITH_TRANSFORMATION(#9689)
SHAPE_REPRESENTATION_RELATIONSHIP() );
#9689 = ITEM_DEFINED_TRANSFORMATION('','',#11,#35);
#9690 = PRODUCT_DEFINITION_SHAPE('Placement','Placement of an item',
  #9691);
#9691 = NEXT_ASSEMBLY_USAGE_OCCURRENCE('151','','',#5,#9354,$);
#9692 = PRODUCT_RELATED_PRODUCT_CATEGORY('part',$,(#9356));
#9693 = SHAPE_DEFINITION_REPRESENTATION(#9694,#9700);
#9694 = PRODUCT_DEFINITION_SHAPE('','',#9695);
#9695 = PRODUCT_DEFINITION('design','',#9696,#9699);
#9696 = PRODUCT_DEFINITION_FORMATION('','',#9697);
#9697 = PRODUCT('Open CASCADE STEP translator 7.8 6.7',
  'Open CASCADE STEP translator 7.8 6.7','',(#9698));
#9698 = PRODUCT_CONTEXT('',#2,'mechanical');
#9699 = PRODUCT_DEFINITION_CONTEXT('part definition',#2,'design');
#9700 = ADVANCED_BREP_SHAPE_REPRESENTATION('',(#11,#9701),#10023);
#9701 = MANIFOLD_SOLID_BREP('',#9702);
#9702 = CLOSED_SHELL('',(#9703,#9821,#9895,#9944,#9991,#10016));
#9703 = ADVANCED_FACE('',(#9704),#9718,.F.);
#9704 = FACE_BOUND('',#9705,.F.);
#9705 = EDGE_LOOP('',(#9706,#9741,#9767,#9795));
#9706 = ORIENTED_EDGE('',*,*,#9707,.F.);
#9707 = EDGE_CURVE('',#9708,#9710,#9712,.T.);
#9708 = VERTEX_POINT('',#9709);
#9709 = CARTESIAN_POINT('',(3.5,0.,-5.7));
#9710 = VERTEX_POINT('',#9711);
#9711 = CARTESIAN_POINT('',(3.5,1.25,-5.7));
#9712 = SURFACE_CURVE('',#9713,(#9717,#9729),.PCURVE_S1.);
#9713 = LINE('',#9714,#9715);
#9714 = CARTESIAN_POINT('',(3.5,-1.25,-5.7));
#9715 = VECTOR('',#9716,1.);
#9716 = DIRECTION('',(0.,1.,0.));
#9717 = PCURVE('',#9718,#9723);
#9718 = PLANE('',#9719);
#9719 = AXIS2_PLACEMENT_3D('',#9720,#9721,#9722);
#9720 = CARTESIAN_POINT('',(3.5,-1.25,-6.));
#9721 = DIRECTION('',(1.,0.,0.));
#9722 = DIRECTION('',(0.,0.,1.));
#9723 = DEFINITIONAL_REPRESENTATION('',(#9724),#9728);
#9724 = LINE('',#9725,#9726);
#9725 = CARTESIAN_POINT('',(0.3,0.));
#9726 = VECTOR('',#9727,1.);
#9727 = DIRECTION('',(0.,-1.));
#9728 = ( GEOMETRIC_REPRESENTATION_CONTEXT(2)
PARAMETRIC_REPRESENTATION_CONTEXT() REPRESENTATION_CONTEXT('2D SPACE',''
  ) );
#9729 = PCURVE('',#9730,#9735);
#9730 = PLANE('',#9731);
#9731 = AXIS2_PLACEMENT_3D('',#9732,#9733,#9734);
#9732 = CARTESIAN_POINT('',(3.5,-1.25,-5.7));
#9733 = DIRECTION('',(0.,0.,1.));
#9734 = DIRECTION('',(1.,0.,0.));
#9735 = DEFINITIONAL_REPRESENTATION('',(#9736),#9740);
#9736 = LINE('',#9737,#9738);
#9737 = CARTESIAN_POINT('',(0.,0.));
#9738 = VECTOR('',#9739,1.);
#9739 = DIRECTION('',(0.,1.));
#9740 = ( GEOMETRIC_REPRESENTATION_CONTEXT(2)
PARAMETRIC_REPRESENTATION_CONTEXT() REPRESENTATION_CONTEXT('2D SPACE',''
  ) );
#9741 = ORIENTED_EDGE('',*,*,#9742,.F.);
#9742 = EDGE_CURVE('',#9743,#9708,#9745,.T.);
#9743 = VERTEX_POINT('',#9744);
#9744 = CARTESIAN_POINT('',(3.5,0.,-6.));
#9745 = SURFACE_CURVE('',#9746,(#9750,#9756),.PCURVE_S1.);
#9746 = LINE('',#9747,#9748);
#9747 = CARTESIAN_POINT('',(3.5,0.,-35.5));
#9748 = VECTOR('',#9749,1.);
#9749 = DIRECTION('',(0.,0.,1.));
#9750 = PCURVE('',#9718,#9751);
#9751 = DEFINITIONAL_REPRESENTATION('',(#9752),#9755);
#9752 = B_SPLINE_CURVE_WITH_KNOTS('',1,(#9753,#9754),.UNSPECIFIED.,.F.,
  .F.,(2,2),(29.5,29.8),.PIECEWISE_BEZIER_KNOTS.);
#9753 = CARTESIAN_POINT('',(0.,-1.25));
#9754 = CARTESIAN_POINT('',(0.3,-1.25));
#9755 = ( GEOMETRIC_REPRESENTATION_CONTEXT(2)
PARAMETRIC_REPRESENTATION_CONTEXT() REPRESENTATION_CONTEXT('2D SPACE',''
  ) );
#9756 = PCURVE('',#9757,#9762);
#9757 = PLANE('',#9758);
#9758 = AXIS2_PLACEMENT_3D('',#9759,#9760,#9761);
#9759 = CARTESIAN_POINT('',(-30.,0.,-65.));
#9760 = DIRECTION('',(0.,1.,0.));
#9761 = DIRECTION('',(0.,0.,1.));
#9762 = DEFINITIONAL_REPRESENTATION('',(#9763),#9766);
#9763 = B_SPLINE_CURVE_WITH_KNOTS('',1,(#9764,#9765),.UNSPECIFIED.,.F.,
  .F.,(2,2),(29.5,29.8),.PIECEWISE_BEZIER_KNOTS.);
#9764 = CARTESIAN_POINT('',(59.,33.5));
#9765 = CARTESIAN_POINT('',(59.3,33.5));
#9766 = ( GEOMETRIC_REPRESENTATION_CONTEXT(2)
PARAMETRIC_REPRESENTATION_CONTEXT() REPRESENTATION_CONTEXT('2D SPACE',''
  ) );
#9767 = ORIENTED_EDGE('',*,*,#9768,.T.);
#9768 = EDGE_CURVE('',#9743,#9769,#9771,.T.);
#9769 = VERTEX_POINT('',#9770);
#9770 = CARTESIAN_POINT('',(3.5,1.25,-6.));
#9771 = SURFACE_CURVE('',#9772,(#9776,#9783),.PCURVE_S1.);
#9772 = LINE('',#9773,#9774);
#9773 = CARTESIAN_POINT('',(3.5,-1.25,-6.));
#9774 = VECTOR('',#9775,1.);
#9775 = DIRECTION('',(0.,1.,0.));
#9776 = PCURVE('',#9718,#9777);
#9777 = DEFINITIONAL_REPRESENTATION('',(#9778),#9782);
#9778 = LINE('',#9779,#9780);
#9779 = CARTESIAN_POINT('',(0.,0.));
#9780 = VECTOR('',#9781,1.);
#9781 = DIRECTION('',(0.,-1.));
#9782 = ( GEOMETRIC_REPRESENTATION_CONTEXT(2)
PARAMETRIC_REPRESENTATION_CONTEXT() REPRESENTATION_CONTEXT('2D SPACE',''
  ) );
#9783 = PCURVE('',#9784,#9789);
#9784 = PLANE('',#9785);
#9785 = AXIS2_PLACEMENT_3D('',#9786,#9787,#9788);
#9786 = CARTESIAN_POINT('',(3.5,-1.25,-6.));
#9787 = DIRECTION('',(0.,0.,1.));
#9788 = DIRECTION('',(1.,0.,0.));
#9789 = DEFINITIONAL_REPRESENTATION('',(#9790),#9794);
#9790 = LINE('',#9791,#9792);
#9791 = CARTESIAN_POINT('',(0.,0.));
#9792 = VECTOR('',#9793,1.);
#9793 = DIRECTION('',(0.,1.));
#9794 = ( GEOMETRIC_REPRESENTATION_CONTEXT(2)
PARAMETRIC_REPRESENTATION_CONTEXT() REPRESENTATION_CONTEXT('2D SPACE',''
  ) );
#9795 = ORIENTED_EDGE('',*,*,#9796,.T.);
#9796 = EDGE_CURVE('',#9769,#9710,#9797,.T.);
#9797 = SURFACE_CURVE('',#9798,(#9802,#9809),.PCURVE_S1.);
#9798 = LINE('',#9799,#9800);
#9799 = CARTESIAN_POINT('',(3.5,1.25,-6.));
#9800 = VECTOR('',#9801,1.);
#9801 = DIRECTION('',(0.,0.,1.));
#9802 = PCURVE('',#9718,#9803);
#9803 = DEFINITIONAL_REPRESENTATION('',(#9804),#9808);
#9804 = LINE('',#9805,#9806);
#9805 = CARTESIAN_POINT('',(0.,-2.5));
#9806 = VECTOR('',#9807,1.);
#9807 = DIRECTION('',(1.,0.));
#9808 = ( GEOMETRIC_REPRESENTATION_CONTEXT(2)
PARAMETRIC_REPRESENTATION_CONTEXT() REPRESENTATION_CONTEXT('2D SPACE',''
  ) );
#9809 = PCURVE('',#9810,#9815);
#9810 = PLANE('',#9811);
#9811 = AXIS2_PLACEMENT_3D('',#9812,#9813,#9814);
#9812 = CARTESIAN_POINT('',(3.5,1.25,-6.));
#9813 = DIRECTION('',(0.,1.,0.));
#9814 = DIRECTION('',(0.,0.,1.));
#9815 = DEFINITIONAL_REPRESENTATION('',(#9816),#9820);
#9816 = LINE('',#9817,#9818);
#9817 = CARTESIAN_POINT('',(0.,0.));
#9818 = VECTOR('',#9819,1.);
#9819 = DIRECTION('',(1.,0.));
#9820 = ( GEOMETRIC_REPRESENTATION_CONTEXT(2)
PARAMETRIC_REPRESENTATION_CONTEXT() REPRESENTATION_CONTEXT('2D SPACE',''
  ) );
#9821 = ADVANCED_FACE('',(#9822),#9730,.T.);
#9822 = FACE_BOUND('',#9823,.T.);
#9823 = EDGE_LOOP('',(#9824,#9825,#9846,#9874));
#9824 = ORIENTED_EDGE('',*,*,#9707,.F.);
#9825 = ORIENTED_EDGE('',*,*,#9826,.F.);
#9826 = EDGE_CURVE('',#9827,#9708,#9829,.T.);
#9827 = VERTEX_POINT('',#9828);
#9828 = CARTESIAN_POINT('',(4.,0.,-5.7));
#9829 = SURFACE_CURVE('',#9830,(#9834,#9840),.PCURVE_S1.);
#9830 = LINE('',#9831,#9832);
#9831 = CARTESIAN_POINT('',(-13.25,0.,-5.7));
#9832 = VECTOR('',#9833,1.);
#9833 = DIRECTION('',(-1.,0.,0.));
#9834 = PCURVE('',#9730,#9835);
#9835 = DEFINITIONAL_REPRESENTATION('',(#9836),#9839);
#9836 = B_SPLINE_CURVE_WITH_KNOTS('',1,(#9837,#9838),.UNSPECIFIED.,.F.,
  .F.,(2,2),(-17.25,-16.75),.PIECEWISE_BEZIER_KNOTS.);
#9837 = CARTESIAN_POINT('',(0.5,1.25));
#9838 = CARTESIAN_POINT('',(0.,1.25));
#9839 = ( GEOMETRIC_REPRESENTATION_CONTEXT(2)
PARAMETRIC_REPRESENTATION_CONTEXT() REPRESENTATION_CONTEXT('2D SPACE',''
  ) );
#9840 = PCURVE('',#9757,#9841);
#9841 = DEFINITIONAL_REPRESENTATION('',(#9842),#9845);
#9842 = B_SPLINE_CURVE_WITH_KNOTS('',1,(#9843,#9844),.UNSPECIFIED.,.F.,
  .F.,(2,2),(-17.25,-16.75),.PIECEWISE_BEZIER_KNOTS.);
#9843 = CARTESIAN_POINT('',(59.3,34.));
#9844 = CARTESIAN_POINT('',(59.3,33.5));
#9845 = ( GEOMETRIC_REPRESENTATION_CONTEXT(2)
PARAMETRIC_REPRESENTATION_CONTEXT() REPRESENTATION_CONTEXT('2D SPACE',''
  ) );
#9846 = ORIENTED_EDGE('',*,*,#9847,.T.);
#9847 = EDGE_CURVE('',#9827,#9848,#9850,.T.);
#9848 = VERTEX_POINT('',#9849);
#9849 = CARTESIAN_POINT('',(4.,1.25,-5.7));
#9850 = SURFACE_CURVE('',#9851,(#9855,#9862),.PCURVE_S1.);
#9851 = LINE('',#9852,#9853);
#9852 = CARTESIAN_POINT('',(4.,-1.25,-5.7));
#9853 = VECTOR('',#9854,1.);
#9854 = DIRECTION('',(0.,1.,0.));
#9855 = PCURVE('',#9730,#9856);
#9856 = DEFINITIONAL_REPRESENTATION('',(#9857),#9861);
#9857 = LINE('',#9858,#9859);
#9858 = CARTESIAN_POINT('',(0.5,0.));
#9859 = VECTOR('',#9860,1.);
#9860 = DIRECTION('',(0.,1.));
#9861 = ( GEOMETRIC_REPRESENTATION_CONTEXT(2)
PARAMETRIC_REPRESENTATION_CONTEXT() REPRESENTATION_CONTEXT('2D SPACE',''
  ) );
#9862 = PCURVE('',#9863,#9868);
#9863 = PLANE('',#9864);
#9864 = AXIS2_PLACEMENT_3D('',#9865,#9866,#9867);
#9865 = CARTESIAN_POINT('',(4.,-1.25,-6.));
#9866 = DIRECTION('',(1.,0.,0.));
#9867 = DIRECTION('',(0.,0.,1.));
#9868 = DEFINITIONAL_REPRESENTATION('',(#9869),#9873);
#9869 = LINE('',#9870,#9871);
#9870 = CARTESIAN_POINT('',(0.3,0.));
#9871 = VECTOR('',#9872,1.);
#9872 = DIRECTION('',(0.,-1.));
#9873 = ( GEOMETRIC_REPRESENTATION_CONTEXT(2)
PARAMETRIC_REPRESENTATION_CONTEXT() REPRESENTATION_CONTEXT('2D SPACE',''
  ) );
#9874 = ORIENTED_EDGE('',*,*,#9875,.F.);
#9875 = EDGE_CURVE('',#9710,#9848,#9876,.T.);
#9876 = SURFACE_CURVE('',#9877,(#9881,#9888),.PCURVE_S1.);
#9877 = LINE('',#9878,#9879);
#9878 = CARTESIAN_POINT('',(3.5,1.25,-5.7));
#9879 = VECTOR('',#9880,1.);
#9880 = DIRECTION('',(1.,0.,0.));
#9881 = PCURVE('',#9730,#9882);
#9882 = DEFINITIONAL_REPRESENTATION('',(#9883),#9887);
#9883 = LINE('',#9884,#9885);
#9884 = CARTESIAN_POINT('',(0.,2.5));
#9885 = VECTOR('',#9886,1.);
#9886 = DIRECTION('',(1.,0.));
#9887 = ( GEOMETRIC_REPRESENTATION_CONTEXT(2)
PARAMETRIC_REPRESENTATION_CONTEXT() REPRESENTATION_CONTEXT('2D SPACE',''
  ) );
#9888 = PCURVE('',#9810,#9889);
#9889 = DEFINITIONAL_REPRESENTATION('',(#9890),#9894);
#9890 = LINE('',#9891,#9892);
#9891 = CARTESIAN_POINT('',(0.3,0.));
#9892 = VECTOR('',#9893,1.);
#9893 = DIRECTION('',(0.,1.));
#9894 = ( GEOMETRIC_REPRESENTATION_CONTEXT(2)
PARAMETRIC_REPRESENTATION_CONTEXT() REPRESENTATION_CONTEXT('2D SPACE',''
  ) );
#9895 = ADVANCED_FACE('',(#9896),#9810,.T.);
#9896 = FACE_BOUND('',#9897,.T.);
#9897 = EDGE_LOOP('',(#9898,#9921,#9922,#9923));
#9898 = ORIENTED_EDGE('',*,*,#9899,.F.);
#9899 = EDGE_CURVE('',#9769,#9900,#9902,.T.);
#9900 = VERTEX_POINT('',#9901);
#9901 = CARTESIAN_POINT('',(4.,1.25,-6.));
#9902 = SURFACE_CURVE('',#9903,(#9907,#9914),.PCURVE_S1.);
#9903 = LINE('',#9904,#9905);
#9904 = CARTESIAN_POINT('',(3.5,1.25,-6.));
#9905 = VECTOR('',#9906,1.);
#9906 = DIRECTION('',(1.,0.,0.));
#9907 = PCURVE('',#9810,#9908);
#9908 = DEFINITIONAL_REPRESENTATION('',(#9909),#9913);
#9909 = LINE('',#9910,#9911);
#9910 = CARTESIAN_POINT('',(0.,0.));
#9911 = VECTOR('',#9912,1.);
#9912 = DIRECTION('',(0.,1.));
#9913 = ( GEOMETRIC_REPRESENTATION_CONTEXT(2)
PARAMETRIC_REPRESENTATION_CONTEXT() REPRESENTATION_CONTEXT('2D SPACE',''
  ) );
#9914 = PCURVE('',#9784,#9915);
#9915 = DEFINITIONAL_REPRESENTATION('',(#9916),#9920);
#9916 = LINE('',#9917,#9918);
#9917 = CARTESIAN_POINT('',(0.,2.5));
#9918 = VECTOR('',#9919,1.);
#9919 = DIRECTION('',(1.,0.));
#9920 = ( GEOMETRIC_REPRESENTATION_CONTEXT(2)
PARAMETRIC_REPRESENTATION_CONTEXT() REPRESENTATION_CONTEXT('2D SPACE',''
  ) );
#9921 = ORIENTED_EDGE('',*,*,#9796,.T.);
#9922 = ORIENTED_EDGE('',*,*,#9875,.T.);
#9923 = ORIENTED_EDGE('',*,*,#9924,.F.);
#9924 = EDGE_CURVE('',#9900,#9848,#9925,.T.);
#9925 = SURFACE_CURVE('',#9926,(#9930,#9937),.PCURVE_S1.);
#9926 = LINE('',#9927,#9928);
#9927 = CARTESIAN_POINT('',(4.,1.25,-6.));
#9928 = VECTOR('',#9929,1.);
#9929 = DIRECTION('',(0.,0.,1.));
#9930 = PCURVE('',#9810,#9931);
#9931 = DEFINITIONAL_REPRESENTATION('',(#9932),#9936);
#9932 = LINE('',#9933,#9934);
#9933 = CARTESIAN_POINT('',(0.,0.5));
#9934 = VECTOR('',#9935,1.);
#9935 = DIRECTION('',(1.,0.));
#9936 = ( GEOMETRIC_REPRESENTATION_CONTEXT(2)
PARAMETRIC_REPRESENTATION_CONTEXT() REPRESENTATION_CONTEXT('2D SPACE',''
  ) );
#9937 = PCURVE('',#9863,#9938);
#9938 = DEFINITIONAL_REPRESENTATION('',(#9939),#9943);
#9939 = LINE('',#9940,#9941);
#9940 = CARTESIAN_POINT('',(0.,-2.5));
#9941 = VECTOR('',#9942,1.);
#9942 = DIRECTION('',(1.,0.));
#9943 = ( GEOMETRIC_REPRESENTATION_CONTEXT(2)
PARAMETRIC_REPRESENTATION_CONTEXT() REPRESENTATION_CONTEXT('2D SPACE',''
  ) );
#9944 = ADVANCED_FACE('',(#9945),#9784,.F.);
#9945 = FACE_BOUND('',#9946,.F.);
#9946 = EDGE_LOOP('',(#9947,#9948,#9969,#9990));
#9947 = ORIENTED_EDGE('',*,*,#9768,.F.);
#9948 = ORIENTED_EDGE('',*,*,#9949,.F.);
#9949 = EDGE_CURVE('',#9950,#9743,#9952,.T.);
#9950 = VERTEX_POINT('',#9951);
#9951 = CARTESIAN_POINT('',(4.,0.,-6.));
#9952 = SURFACE_CURVE('',#9953,(#9957,#9963),.PCURVE_S1.);
#9953 = LINE('',#9954,#9955);
#9954 = CARTESIAN_POINT('',(-13.25,0.,-6.));
#9955 = VECTOR('',#9956,1.);
#9956 = DIRECTION('',(-1.,0.,0.));
#9957 = PCURVE('',#9784,#9958);
#9958 = DEFINITIONAL_REPRESENTATION('',(#9959),#9962);
#9959 = B_SPLINE_CURVE_WITH_KNOTS('',1,(#9960,#9961),.UNSPECIFIED.,.F.,
  .F.,(2,2),(-17.25,-16.75),.PIECEWISE_BEZIER_KNOTS.);
#9960 = CARTESIAN_POINT('',(0.5,1.25));
#9961 = CARTESIAN_POINT('',(0.,1.25));
#9962 = ( GEOMETRIC_REPRESENTATION_CONTEXT(2)
PARAMETRIC_REPRESENTATION_CONTEXT() REPRESENTATION_CONTEXT('2D SPACE',''
  ) );
#9963 = PCURVE('',#9757,#9964);
#9964 = DEFINITIONAL_REPRESENTATION('',(#9965),#9968);
#9965 = B_SPLINE_CURVE_WITH_KNOTS('',1,(#9966,#9967),.UNSPECIFIED.,.F.,
  .F.,(2,2),(-17.25,-16.75),.PIECEWISE_BEZIER_KNOTS.);
#9966 = CARTESIAN_POINT('',(59.,34.));
#9967 = CARTESIAN_POINT('',(59.,33.5));
#9968 = ( GEOMETRIC_REPRESENTATION_CONTEXT(2)
PARAMETRIC_REPRESENTATION_CONTEXT() REPRESENTATION_CONTEXT('2D SPACE',''
  ) );
#9969 = ORIENTED_EDGE('',*,*,#9970,.T.);
#9970 = EDGE_CURVE('',#9950,#9900,#9971,.T.);
#9971 = SURFACE_CURVE('',#9972,(#9976,#9983),.PCURVE_S1.);
#9972 = LINE('',#9973,#9974);
#9973 = CARTESIAN_POINT('',(4.,-1.25,-6.));
#9974 = VECTOR('',#9975,1.);
#9975 = DIRECTION('',(0.,1.,0.));
#9976 = PCURVE('',#9784,#9977);
#9977 = DEFINITIONAL_REPRESENTATION('',(#9978),#9982);
#9978 = LINE('',#9979,#9980);
#9979 = CARTESIAN_POINT('',(0.5,0.));
#9980 = VECTOR('',#9981,1.);
#9981 = DIRECTION('',(0.,1.));
#9982 = ( GEOMETRIC_REPRESENTATION_CONTEXT(2)
PARAMETRIC_REPRESENTATION_CONTEXT() REPRESENTATION_CONTEXT('2D SPACE',''
  ) );
#9983 = PCURVE('',#9863,#9984);
#9984 = DEFINITIONAL_REPRESENTATION('',(#9985),#9989);
#9985 = LINE('',#9986,#9987);
#9986 = CARTESIAN_POINT('',(0.,0.));
#9987 = VECTOR('',#9988,1.);
#9988 = DIRECTION('',(0.,-1.));
#9989 = ( GEOMETRIC_REPRESENTATION_CONTEXT(2)
PARAMETRIC_REPRESENTATION_CONTEXT() REPRESENTATION_CONTEXT('2D SPACE',''
  ) );
#9990 = ORIENTED_EDGE('',*,*,#9899,.F.);
#9991 = ADVANCED_FACE('',(#9992),#9757,.F.);
#9992 = FACE_BOUND('',#9993,.F.);
#9993 = EDGE_LOOP('',(#9994,#9995,#9996,#9997));
#9994 = ORIENTED_EDGE('',*,*,#9949,.T.);
#9995 = ORIENTED_EDGE('',*,*,#9742,.T.);
#9996 = ORIENTED_EDGE('',*,*,#9826,.F.);
#9997 = ORIENTED_EDGE('',*,*,#9998,.F.);
#9998 = EDGE_CURVE('',#9950,#9827,#9999,.T.);
#9999 = SURFACE_CURVE('',#10000,(#10004,#10010),.PCURVE_S1.);
#10000 = LINE('',#10001,#10002);
#10001 = CARTESIAN_POINT('',(4.,0.,-35.5));
#10002 = VECTOR('',#10003,1.);
#10003 = DIRECTION('',(0.,0.,1.));
#10004 = PCURVE('',#9757,#10005);
#10005 = DEFINITIONAL_REPRESENTATION('',(#10006),#10009);
#10006 = B_SPLINE_CURVE_WITH_KNOTS('',1,(#10007,#10008),.UNSPECIFIED.,
  .F.,.F.,(2,2),(29.5,29.8),.PIECEWISE_BEZIER_KNOTS.);
#10007 = CARTESIAN_POINT('',(59.,34.));
#10008 = CARTESIAN_POINT('',(59.3,34.));
#10009 = ( GEOMETRIC_REPRESENTATION_CONTEXT(2)
PARAMETRIC_REPRESENTATION_CONTEXT() REPRESENTATION_CONTEXT('2D SPACE',''
  ) );
#10010 = PCURVE('',#9863,#10011);
#10011 = DEFINITIONAL_REPRESENTATION('',(#10012),#10015);
#10012 = B_SPLINE_CURVE_WITH_KNOTS('',1,(#10013,#10014),.UNSPECIFIED.,
  .F.,.F.,(2,2),(29.5,29.8),.PIECEWISE_BEZIER_KNOTS.);
#10013 = CARTESIAN_POINT('',(0.,-1.25));
#10014 = CARTESIAN_POINT('',(0.3,-1.25));
#10015 = ( GEOMETRIC_REPRESENTATION_CONTEXT(2)
PARAMETRIC_REPRESENTATION_CONTEXT() REPRESENTATION_CONTEXT('2D SPACE',''
  ) );
#10016 = ADVANCED_FACE('',(#10017),#9863,.T.);
#10017 = FACE_BOUND('',#10018,.T.);
#10018 = EDGE_LOOP('',(#10019,#10020,#10021,#10022));
#10019 = ORIENTED_EDGE('',*,*,#9847,.F.);
#10020 = ORIENTED_EDGE('',*,*,#9998,.F.);
#10021 = ORIENTED_EDGE('',*,*,#9970,.T.);
#10022 = ORIENTED_EDGE('',*,*,#9924,.T.);
#10023 = ( GEOMETRIC_REPRESENTATION_CONTEXT(3)
GLOBAL_UNCERTAINTY_ASSIGNED_CONTEXT((#10027))
GLOBAL_UNIT_ASSIGNED_CONTEXT((#10024,#10025,#10026))
REPRESENTATION_CONTEXT('Context #1',
  '3D Context with UNIT and UNCERTAINTY') );
#10024 = ( LENGTH_UNIT() NAMED_UNIT(*) SI_UNIT(.MILLI.,.METRE.) );
#10025 = ( NAMED_UNIT(*) PLANE_ANGLE_UNIT() SI_UNIT($,.RADIAN.) );
#10026 = ( NAMED_UNIT(*) SI_UNIT($,.STERADIAN.) SOLID_ANGLE_UNIT() );
#10027 = UNCERTAINTY_MEASURE_WITH_UNIT(LENGTH_MEASURE(1.E-07),#10024,
  'distance_accuracy_value','confusion accuracy');
#10028 = CONTEXT_DEPENDENT_SHAPE_REPRESENTATION(#10029,#10031);
#10029 = ( REPRESENTATION_RELATIONSHIP('','',#9700,#10)
REPRESENTATION_RELATIONSHIP_WITH_TRANSFORMATION(#10030)
SHAPE_REPRESENTATION_RELATIONSHIP() );
#10030 = ITEM_DEFINED_TRANSFORMATION('','',#11,#39);
#10031 = PRODUCT_DEFINITION_SHAPE('Placement','Placement of an item',
  #10032);
#10032 = NEXT_ASSEMBLY_USAGE_OCCURRENCE('152','','',#5,#9695,$);
#10033 = PRODUCT_RELATED_PRODUCT_CATEGORY('part',$,(#9697));
#10034 = SHAPE_DEFINITION_REPRESENTATION(#10035,#10041);
#10035 = PRODUCT_DEFINITION_SHAPE('','',#10036);
#10036 = PRODUCT_DEFINITION('design','',#10037,#10040);
#10037 = PRODUCT_DEFINITION_FORMATION('','',#10038);
#10038 = PRODUCT('Open CASCADE STEP translator 7.8 6.8',
  'Open CASCADE STEP translator 7.8 6.8','',(#10039));
#10039 = PRODUCT_CONTEXT('',#2,'mechanical');
#10040 = PRODUCT_DEFINITION_CONTEXT('part definition',#2,'design');
#10041 = ADVANCED_BREP_SHAPE_REPRESENTATION('',(#11,#10042),#10796);
#10042 = MANIFOLD_SOLID_BREP('',#10043);
#10043 = CLOSED_SHELL('',(#10044,#10166,#10252,#10331,#10412,#10479,
    #10555,#10582,#10609,#10657,#10706,#10755,#10782,#10789));
#10044 = ADVANCED_FACE('',(#10045),#10058,.T.);
#10045 = FACE_BOUND('',#10046,.T.);
#10046 = EDGE_LOOP('',(#10047,#10082,#10112,#10138));
#10047 = ORIENTED_EDGE('',*,*,#10048,.T.);
#10048 = EDGE_CURVE('',#10049,#10051,#10053,.T.);
#10049 = VERTEX_POINT('',#10050);
#10050 = CARTESIAN_POINT('',(-1.090673326026,3.989101615138,-6.08));
#10051 = VERTEX_POINT('',#10052);
#10052 = CARTESIAN_POINT('',(-2.909326673974,2.939101615138,-6.08));
#10053 = SURFACE_CURVE('',#10054,(#10057,#10071),.PCURVE_S1.);
#10054 = B_SPLINE_CURVE_WITH_KNOTS('',1,(#10055,#10056),.UNSPECIFIED.,
  .F.,.F.,(2,2),(0.,1.),.PIECEWISE_BEZIER_KNOTS.);
#10055 = CARTESIAN_POINT('',(-1.090673326026,3.989101615138,-6.08));
#10056 = CARTESIAN_POINT('',(-2.909326673974,2.939101615138,-6.08));
#10057 = PCURVE('',#10058,#10065);
#10058 = B_SPLINE_SURFACE_WITH_KNOTS('',1,2,(
    (#10059,#10060,#10061)
    ,(#10062,#10063,#10064
    )),.UNSPECIFIED.,.F.,.F.,.F.,(2,2),(3,3),(0.,1.),(0.,1.),
  .PIECEWISE_BEZIER_KNOTS.);
#10059 = CARTESIAN_POINT('',(-1.090673326026,3.989101615138,-6.08));
#10060 = CARTESIAN_POINT('',(-2.840673326026,7.020190528383,-6.08));
#10061 = CARTESIAN_POINT('',(-4.590673326026,10.051279441629,-6.08));
#10062 = CARTESIAN_POINT('',(-2.909326673974,2.939101615138,-6.08));
#10063 = CARTESIAN_POINT('',(-4.659326673974,5.970190528383,-6.08));
#10064 = CARTESIAN_POINT('',(-6.409326673974,9.001279441629,-6.08));
#10065 = DEFINITIONAL_REPRESENTATION('',(#10066),#10070);
#10066 = LINE('',#10067,#10068);
#10067 = CARTESIAN_POINT('',(0.,0.));
#10068 = VECTOR('',#10069,1.);
#10069 = DIRECTION('',(1.,0.));
#10070 = ( GEOMETRIC_REPRESENTATION_CONTEXT(2)
PARAMETRIC_REPRESENTATION_CONTEXT() REPRESENTATION_CONTEXT('2D SPACE',''
  ) );
#10071 = PCURVE('',#10072,#10077);
#10072 = PLANE('',#10073);
#10073 = AXIS2_PLACEMENT_3D('',#10074,#10075,#10076);
#10074 = CARTESIAN_POINT('',(-0.840673326026,3.556088913246,-6.08));
#10075 = DIRECTION('',(0.,0.,1.));
#10076 = DIRECTION('',(-0.5,0.866025403784,0.));
#10077 = DEFINITIONAL_REPRESENTATION('',(#10078),#10081);
#10078 = B_SPLINE_CURVE_WITH_KNOTS('',1,(#10079,#10080),.UNSPECIFIED.,
  .F.,.F.,(2,2),(0.,1.),.PIECEWISE_BEZIER_KNOTS.);
#10079 = CARTESIAN_POINT('',(0.5,-2.22044604925E-16));
#10080 = CARTESIAN_POINT('',(0.5,2.1));
#10081 = ( GEOMETRIC_REPRESENTATION_CONTEXT(2)
PARAMETRIC_REPRESENTATION_CONTEXT() REPRESENTATION_CONTEXT('2D SPACE',''
  ) );
#10082 = ORIENTED_EDGE('',*,*,#10083,.T.);
#10083 = EDGE_CURVE('',#10051,#10084,#10086,.T.);
#10084 = VERTEX_POINT('',#10085);
#10085 = CARTESIAN_POINT('',(-6.409326673974,9.001279441629,-6.08));
#10086 = SURFACE_CURVE('',#10087,(#10091,#10098),.PCURVE_S1.);
#10087 = B_SPLINE_CURVE_WITH_KNOTS('',2,(#10088,#10089,#10090),
  .UNSPECIFIED.,.F.,.F.,(3,3),(0.,1.),.PIECEWISE_BEZIER_KNOTS.);
#10088 = CARTESIAN_POINT('',(-2.909326673974,2.939101615138,-6.08));
#10089 = CARTESIAN_POINT('',(-4.659326673974,5.970190528383,-6.08));
#10090 = CARTESIAN_POINT('',(-6.409326673974,9.001279441629,-6.08));
#10091 = PCURVE('',#10058,#10092);
#10092 = DEFINITIONAL_REPRESENTATION('',(#10093),#10097);
#10093 = LINE('',#10094,#10095);
#10094 = CARTESIAN_POINT('',(1.,0.));
#10095 = VECTOR('',#10096,1.);
#10096 = DIRECTION('',(0.,1.));
#10097 = ( GEOMETRIC_REPRESENTATION_CONTEXT(2)
PARAMETRIC_REPRESENTATION_CONTEXT() REPRESENTATION_CONTEXT('2D SPACE',''
  ) );
#10098 = PCURVE('',#10099,#10106);
#10099 = B_SPLINE_SURFACE_WITH_KNOTS('',1,2,(
    (#10100,#10101,#10102)
    ,(#10103,#10104,#10105
    )),.UNSPECIFIED.,.F.,.F.,.F.,(2,2),(3,3),(1.,2.),(0.,1.),
  .PIECEWISE_BEZIER_KNOTS.);
#10100 = CARTESIAN_POINT('',(-2.909326673974,2.939101615138,-6.08));
#10101 = CARTESIAN_POINT('',(-4.659326673974,5.970190528383,-6.08));
#10102 = CARTESIAN_POINT('',(-6.409326673974,9.001279441629,-6.08));
#10103 = CARTESIAN_POINT('',(-2.909326673974,2.939101615138,-6.));
#10104 = CARTESIAN_POINT('',(-4.659326673974,5.970190528383,-6.));
#10105 = CARTESIAN_POINT('',(-6.409326673974,9.001279441629,-6.));
#10106 = DEFINITIONAL_REPRESENTATION('',(#10107),#10111);
#10107 = LINE('',#10108,#10109);
#10108 = CARTESIAN_POINT('',(1.,0.));
#10109 = VECTOR('',#10110,1.);
#10110 = DIRECTION('',(0.,1.));
#10111 = ( GEOMETRIC_REPRESENTATION_CONTEXT(2)
PARAMETRIC_REPRESENTATION_CONTEXT() REPRESENTATION_CONTEXT('2D SPACE',''
  ) );
#10112 = ORIENTED_EDGE('',*,*,#10113,.F.);
#10113 = EDGE_CURVE('',#10114,#10084,#10116,.T.);
#10114 = VERTEX_POINT('',#10115);
#10115 = CARTESIAN_POINT('',(-4.590673326026,10.051279441629,-6.08));
#10116 = SURFACE_CURVE('',#10117,(#10120,#10127),.PCURVE_S1.);
#10117 = B_SPLINE_CURVE_WITH_KNOTS('',1,(#10118,#10119),.UNSPECIFIED.,
  .F.,.F.,(2,2),(0.,1.),.PIECEWISE_BEZIER_KNOTS.);
#10118 = CARTESIAN_POINT('',(-4.590673326026,10.051279441629,-6.08));
#10119 = CARTESIAN_POINT('',(-6.409326673974,9.001279441629,-6.08));
#10120 = PCURVE('',#10058,#10121);
#10121 = DEFINITIONAL_REPRESENTATION('',(#10122),#10126);
#10122 = LINE('',#10123,#10124);
#10123 = CARTESIAN_POINT('',(0.,1.));
#10124 = VECTOR('',#10125,1.);
#10125 = DIRECTION('',(1.,0.));
#10126 = ( GEOMETRIC_REPRESENTATION_CONTEXT(2)
PARAMETRIC_REPRESENTATION_CONTEXT() REPRESENTATION_CONTEXT('2D SPACE',''
  ) );
#10127 = PCURVE('',#10128,#10133);
#10128 = PLANE('',#10129);
#10129 = AXIS2_PLACEMENT_3D('',#10130,#10131,#10132);
#10130 = CARTESIAN_POINT('',(-4.590673326026,10.051279441629,-6.08));
#10131 = DIRECTION('',(0.,0.,1.));
#10132 = DIRECTION('',(-0.5,0.866025403784,0.));
#10133 = DEFINITIONAL_REPRESENTATION('',(#10134),#10137);
#10134 = B_SPLINE_CURVE_WITH_KNOTS('',1,(#10135,#10136),.UNSPECIFIED.,
  .F.,.F.,(2,2),(0.,1.),.PIECEWISE_BEZIER_KNOTS.);
#10135 = CARTESIAN_POINT('',(0.,0.));
#10136 = CARTESIAN_POINT('',(0.,2.1));
#10137 = ( GEOMETRIC_REPRESENTATION_CONTEXT(2)
PARAMETRIC_REPRESENTATION_CONTEXT() REPRESENTATION_CONTEXT('2D SPACE',''
  ) );
#10138 = ORIENTED_EDGE('',*,*,#10139,.F.);
#10139 = EDGE_CURVE('',#10049,#10114,#10140,.T.);
#10140 = SURFACE_CURVE('',#10141,(#10145,#10152),.PCURVE_S1.);
#10141 = B_SPLINE_CURVE_WITH_KNOTS('',2,(#10142,#10143,#10144),
  .UNSPECIFIED.,.F.,.F.,(3,3),(0.,1.),.PIECEWISE_BEZIER_KNOTS.);
#10142 = CARTESIAN_POINT('',(-1.090673326026,3.989101615138,-6.08));
#10143 = CARTESIAN_POINT('',(-2.840673326026,7.020190528383,-6.08));
#10144 = CARTESIAN_POINT('',(-4.590673326026,10.051279441629,-6.08));
#10145 = PCURVE('',#10058,#10146);
#10146 = DEFINITIONAL_REPRESENTATION('',(#10147),#10151);
#10147 = LINE('',#10148,#10149);
#10148 = CARTESIAN_POINT('',(0.,0.));
#10149 = VECTOR('',#10150,1.);
#10150 = DIRECTION('',(0.,1.));
#10151 = ( GEOMETRIC_REPRESENTATION_CONTEXT(2)
PARAMETRIC_REPRESENTATION_CONTEXT() REPRESENTATION_CONTEXT('2D SPACE',''
  ) );
#10152 = PCURVE('',#10153,#10160);
#10153 = B_SPLINE_SURFACE_WITH_KNOTS('',1,2,(
    (#10154,#10155,#10156)
    ,(#10157,#10158,#10159
    )),.UNSPECIFIED.,.F.,.F.,.F.,(2,2),(3,3),(3.,4.),(0.,1.),
  .PIECEWISE_BEZIER_KNOTS.);
#10154 = CARTESIAN_POINT('',(-1.090673326026,3.989101615138,-6.));
#10155 = CARTESIAN_POINT('',(-2.840673326026,7.020190528383,-6.));
#10156 = CARTESIAN_POINT('',(-4.590673326026,10.051279441629,-6.));
#10157 = CARTESIAN_POINT('',(-1.090673326026,3.989101615138,-6.08));
#10158 = CARTESIAN_POINT('',(-2.840673326026,7.020190528383,-6.08));
#10159 = CARTESIAN_POINT('',(-4.590673326026,10.051279441629,-6.08));
#10160 = DEFINITIONAL_REPRESENTATION('',(#10161),#10165);
#10161 = LINE('',#10162,#10163);
#10162 = CARTESIAN_POINT('',(4.,0.));
#10163 = VECTOR('',#10164,1.);
#10164 = DIRECTION('',(0.,1.));
#10165 = ( GEOMETRIC_REPRESENTATION_CONTEXT(2)
PARAMETRIC_REPRESENTATION_CONTEXT() REPRESENTATION_CONTEXT('2D SPACE',''
  ) );
#10166 = ADVANCED_FACE('',(#10167),#10072,.F.);
#10167 = FACE_BOUND('',#10168,.F.);
#10168 = EDGE_LOOP('',(#10169,#10199,#10225,#10226));
#10169 = ORIENTED_EDGE('',*,*,#10170,.F.);
#10170 = EDGE_CURVE('',#10171,#10173,#10175,.T.);
#10171 = VERTEX_POINT('',#10172);
#10172 = CARTESIAN_POINT('',(-0.840673326026,3.556088913246,-6.08));
#10173 = VERTEX_POINT('',#10174);
#10174 = CARTESIAN_POINT('',(-2.659326673974,2.506088913246,-6.08));
#10175 = SURFACE_CURVE('',#10176,(#10180,#10187),.PCURVE_S1.);
#10176 = LINE('',#10177,#10178);
#10177 = CARTESIAN_POINT('',(-0.840673326026,3.556088913246,-6.08));
#10178 = VECTOR('',#10179,1.);
#10179 = DIRECTION('',(-0.866025403784,-0.5,0.));
#10180 = PCURVE('',#10072,#10181);
#10181 = DEFINITIONAL_REPRESENTATION('',(#10182),#10186);
#10182 = LINE('',#10183,#10184);
#10183 = CARTESIAN_POINT('',(0.,0.));
#10184 = VECTOR('',#10185,1.);
#10185 = DIRECTION('',(2.231125221501E-17,1.));
#10186 = ( GEOMETRIC_REPRESENTATION_CONTEXT(2)
PARAMETRIC_REPRESENTATION_CONTEXT() REPRESENTATION_CONTEXT('2D SPACE',''
  ) );
#10187 = PCURVE('',#10188,#10193);
#10188 = PLANE('',#10189);
#10189 = AXIS2_PLACEMENT_3D('',#10190,#10191,#10192);
#10190 = CARTESIAN_POINT('',(-0.840673326026,3.556088913246,-6.08));
#10191 = DIRECTION('',(-0.5,0.866025403784,0.));
#10192 = DIRECTION('',(0.,0.,1.));
#10193 = DEFINITIONAL_REPRESENTATION('',(#10194),#10198);
#10194 = LINE('',#10195,#10196);
#10195 = CARTESIAN_POINT('',(0.,0.));
#10196 = VECTOR('',#10197,1.);
#10197 = DIRECTION('',(0.,-1.));
#10198 = ( GEOMETRIC_REPRESENTATION_CONTEXT(2)
PARAMETRIC_REPRESENTATION_CONTEXT() REPRESENTATION_CONTEXT('2D SPACE',''
  ) );
#10199 = ORIENTED_EDGE('',*,*,#10200,.T.);
#10200 = EDGE_CURVE('',#10171,#10049,#10201,.T.);
#10201 = SURFACE_CURVE('',#10202,(#10206,#10213),.PCURVE_S1.);
#10202 = LINE('',#10203,#10204);
#10203 = CARTESIAN_POINT('',(-0.840673326026,3.556088913246,-6.08));
#10204 = VECTOR('',#10205,1.);
#10205 = DIRECTION('',(-0.5,0.866025403784,0.));
#10206 = PCURVE('',#10072,#10207);
#10207 = DEFINITIONAL_REPRESENTATION('',(#10208),#10212);
#10208 = LINE('',#10209,#10210);
#10209 = CARTESIAN_POINT('',(0.,0.));
#10210 = VECTOR('',#10211,1.);
#10211 = DIRECTION('',(1.,2.231125221501E-17));
#10212 = ( GEOMETRIC_REPRESENTATION_CONTEXT(2)
PARAMETRIC_REPRESENTATION_CONTEXT() REPRESENTATION_CONTEXT('2D SPACE',''
  ) );
#10213 = PCURVE('',#10214,#10219);
#10214 = PLANE('',#10215);
#10215 = AXIS2_PLACEMENT_3D('',#10216,#10217,#10218);
#10216 = CARTESIAN_POINT('',(-0.840673326026,3.556088913246,-6.08));
#10217 = DIRECTION('',(-0.866025403784,-0.5,0.));
#10218 = DIRECTION('',(0.,0.,1.));
#10219 = DEFINITIONAL_REPRESENTATION('',(#10220),#10224);
#10220 = LINE('',#10221,#10222);
#10221 = CARTESIAN_POINT('',(0.,0.));
#10222 = VECTOR('',#10223,1.);
#10223 = DIRECTION('',(0.,1.));
#10224 = ( GEOMETRIC_REPRESENTATION_CONTEXT(2)
PARAMETRIC_REPRESENTATION_CONTEXT() REPRESENTATION_CONTEXT('2D SPACE',''
  ) );
#10225 = ORIENTED_EDGE('',*,*,#10048,.T.);
#10226 = ORIENTED_EDGE('',*,*,#10227,.F.);
#10227 = EDGE_CURVE('',#10173,#10051,#10228,.T.);
#10228 = SURFACE_CURVE('',#10229,(#10233,#10240),.PCURVE_S1.);
#10229 = LINE('',#10230,#10231);
#10230 = CARTESIAN_POINT('',(-2.659326673974,2.506088913246,-6.08));
#10231 = VECTOR('',#10232,1.);
#10232 = DIRECTION('',(-0.5,0.866025403784,0.));
#10233 = PCURVE('',#10072,#10234);
#10234 = DEFINITIONAL_REPRESENTATION('',(#10235),#10239);
#10235 = LINE('',#10236,#10237);
#10236 = CARTESIAN_POINT('',(2.522448892072E-16,2.1));
#10237 = VECTOR('',#10238,1.);
#10238 = DIRECTION('',(1.,2.231125221501E-17));
#10239 = ( GEOMETRIC_REPRESENTATION_CONTEXT(2)
PARAMETRIC_REPRESENTATION_CONTEXT() REPRESENTATION_CONTEXT('2D SPACE',''
  ) );
#10240 = PCURVE('',#10241,#10246);
#10241 = PLANE('',#10242);
#10242 = AXIS2_PLACEMENT_3D('',#10243,#10244,#10245);
#10243 = CARTESIAN_POINT('',(-2.659326673974,2.506088913246,-6.08));
#10244 = DIRECTION('',(-0.866025403784,-0.5,0.));
#10245 = DIRECTION('',(0.,0.,1.));
#10246 = DEFINITIONAL_REPRESENTATION('',(#10247),#10251);
#10247 = LINE('',#10248,#10249);
#10248 = CARTESIAN_POINT('',(0.,0.));
#10249 = VECTOR('',#10250,1.);
#10250 = DIRECTION('',(0.,1.));
#10251 = ( GEOMETRIC_REPRESENTATION_CONTEXT(2)
PARAMETRIC_REPRESENTATION_CONTEXT() REPRESENTATION_CONTEXT('2D SPACE',''
  ) );
#10252 = ADVANCED_FACE('',(#10253),#10099,.T.);
#10253 = FACE_BOUND('',#10254,.T.);
#10254 = EDGE_LOOP('',(#10255,#10276,#10306,#10330));
#10255 = ORIENTED_EDGE('',*,*,#10256,.T.);
#10256 = EDGE_CURVE('',#10051,#10257,#10259,.T.);
#10257 = VERTEX_POINT('',#10258);
#10258 = CARTESIAN_POINT('',(-2.909326673974,2.939101615138,-6.));
#10259 = SURFACE_CURVE('',#10260,(#10263,#10270),.PCURVE_S1.);
#10260 = B_SPLINE_CURVE_WITH_KNOTS('',1,(#10261,#10262),.UNSPECIFIED.,
  .F.,.F.,(2,2),(1.,2.),.PIECEWISE_BEZIER_KNOTS.);
#10261 = CARTESIAN_POINT('',(-2.909326673974,2.939101615138,-6.08));
#10262 = CARTESIAN_POINT('',(-2.909326673974,2.939101615138,-6.));
#10263 = PCURVE('',#10099,#10264);
#10264 = DEFINITIONAL_REPRESENTATION('',(#10265),#10269);
#10265 = LINE('',#10266,#10267);
#10266 = CARTESIAN_POINT('',(0.,0.));
#10267 = VECTOR('',#10268,1.);
#10268 = DIRECTION('',(1.,0.));
#10269 = ( GEOMETRIC_REPRESENTATION_CONTEXT(2)
PARAMETRIC_REPRESENTATION_CONTEXT() REPRESENTATION_CONTEXT('2D SPACE',''
  ) );
#10270 = PCURVE('',#10241,#10271);
#10271 = DEFINITIONAL_REPRESENTATION('',(#10272),#10275);
#10272 = B_SPLINE_CURVE_WITH_KNOTS('',1,(#10273,#10274),.UNSPECIFIED.,
  .F.,.F.,(2,2),(1.,2.),.PIECEWISE_BEZIER_KNOTS.);
#10273 = CARTESIAN_POINT('',(0.,0.5));
#10274 = CARTESIAN_POINT('',(8.E-02,0.5));
#10275 = ( GEOMETRIC_REPRESENTATION_CONTEXT(2)
PARAMETRIC_REPRESENTATION_CONTEXT() REPRESENTATION_CONTEXT('2D SPACE',''
  ) );
#10276 = ORIENTED_EDGE('',*,*,#10277,.T.);
#10277 = EDGE_CURVE('',#10257,#10278,#10280,.T.);
#10278 = VERTEX_POINT('',#10279);
#10279 = CARTESIAN_POINT('',(-6.409326673974,9.001279441629,-6.));
#10280 = SURFACE_CURVE('',#10281,(#10285,#10292),.PCURVE_S1.);
#10281 = B_SPLINE_CURVE_WITH_KNOTS('',2,(#10282,#10283,#10284),
  .UNSPECIFIED.,.F.,.F.,(3,3),(0.,1.),.PIECEWISE_BEZIER_KNOTS.);
#10282 = CARTESIAN_POINT('',(-2.909326673974,2.939101615138,-6.));
#10283 = CARTESIAN_POINT('',(-4.659326673974,5.970190528383,-6.));
#10284 = CARTESIAN_POINT('',(-6.409326673974,9.001279441629,-6.));
#10285 = PCURVE('',#10099,#10286);
#10286 = DEFINITIONAL_REPRESENTATION('',(#10287),#10291);
#10287 = LINE('',#10288,#10289);
#10288 = CARTESIAN_POINT('',(2.,0.));
#10289 = VECTOR('',#10290,1.);
#10290 = DIRECTION('',(0.,1.));
#10291 = ( GEOMETRIC_REPRESENTATION_CONTEXT(2)
PARAMETRIC_REPRESENTATION_CONTEXT() REPRESENTATION_CONTEXT('2D SPACE',''
  ) );
#10292 = PCURVE('',#10293,#10300);
#10293 = B_SPLINE_SURFACE_WITH_KNOTS('',1,2,(
    (#10294,#10295,#10296)
    ,(#10297,#10298,#10299
    )),.UNSPECIFIED.,.F.,.F.,.F.,(2,2),(3,3),(2.,3.),(0.,1.),
  .PIECEWISE_BEZIER_KNOTS.);
#10294 = CARTESIAN_POINT('',(-2.909326673974,2.939101615138,-6.));
#10295 = CARTESIAN_POINT('',(-4.659326673974,5.970190528383,-6.));
#10296 = CARTESIAN_POINT('',(-6.409326673974,9.001279441629,-6.));
#10297 = CARTESIAN_POINT('',(-1.090673326026,3.989101615138,-6.));
#10298 = CARTESIAN_POINT('',(-2.840673326026,7.020190528383,-6.));
#10299 = CARTESIAN_POINT('',(-4.590673326026,10.051279441629,-6.));
#10300 = DEFINITIONAL_REPRESENTATION('',(#10301),#10305);
#10301 = LINE('',#10302,#10303);
#10302 = CARTESIAN_POINT('',(2.,0.));
#10303 = VECTOR('',#10304,1.);
#10304 = DIRECTION('',(0.,1.));
#10305 = ( GEOMETRIC_REPRESENTATION_CONTEXT(2)
PARAMETRIC_REPRESENTATION_CONTEXT() REPRESENTATION_CONTEXT('2D SPACE',''
  ) );
#10306 = ORIENTED_EDGE('',*,*,#10307,.F.);
#10307 = EDGE_CURVE('',#10084,#10278,#10308,.T.);
#10308 = SURFACE_CURVE('',#10309,(#10312,#10319),.PCURVE_S1.);
#10309 = B_SPLINE_CURVE_WITH_KNOTS('',1,(#10310,#10311),.UNSPECIFIED.,
  .F.,.F.,(2,2),(1.,2.),.PIECEWISE_BEZIER_KNOTS.);
#10310 = CARTESIAN_POINT('',(-6.409326673974,9.001279441629,-6.08));
#10311 = CARTESIAN_POINT('',(-6.409326673974,9.001279441629,-6.));
#10312 = PCURVE('',#10099,#10313);
#10313 = DEFINITIONAL_REPRESENTATION('',(#10314),#10318);
#10314 = LINE('',#10315,#10316);
#10315 = CARTESIAN_POINT('',(0.,1.));
#10316 = VECTOR('',#10317,1.);
#10317 = DIRECTION('',(1.,0.));
#10318 = ( GEOMETRIC_REPRESENTATION_CONTEXT(2)
PARAMETRIC_REPRESENTATION_CONTEXT() REPRESENTATION_CONTEXT('2D SPACE',''
  ) );
#10319 = PCURVE('',#10320,#10325);
#10320 = PLANE('',#10321);
#10321 = AXIS2_PLACEMENT_3D('',#10322,#10323,#10324);
#10322 = CARTESIAN_POINT('',(-6.409326673974,9.001279441629,-6.08));
#10323 = DIRECTION('',(-0.866025403784,-0.5,0.));
#10324 = DIRECTION('',(0.,0.,1.));
#10325 = DEFINITIONAL_REPRESENTATION('',(#10326),#10329);
#10326 = B_SPLINE_CURVE_WITH_KNOTS('',1,(#10327,#10328),.UNSPECIFIED.,
  .F.,.F.,(2,2),(1.,2.),.PIECEWISE_BEZIER_KNOTS.);
#10327 = CARTESIAN_POINT('',(0.,0.));
#10328 = CARTESIAN_POINT('',(8.E-02,0.));
#10329 = ( GEOMETRIC_REPRESENTATION_CONTEXT(2)
PARAMETRIC_REPRESENTATION_CONTEXT() REPRESENTATION_CONTEXT('2D SPACE',''
  ) );
#10330 = ORIENTED_EDGE('',*,*,#10083,.F.);
#10331 = ADVANCED_FACE('',(#10332),#10128,.F.);
#10332 = FACE_BOUND('',#10333,.F.);
#10333 = EDGE_LOOP('',(#10334,#10335,#10363,#10391));
#10334 = ORIENTED_EDGE('',*,*,#10113,.F.);
#10335 = ORIENTED_EDGE('',*,*,#10336,.T.);
#10336 = EDGE_CURVE('',#10114,#10337,#10339,.T.);
#10337 = VERTEX_POINT('',#10338);
#10338 = CARTESIAN_POINT('',(-4.890673326026,10.570894683899,-6.08));
#10339 = SURFACE_CURVE('',#10340,(#10344,#10351),.PCURVE_S1.);
#10340 = LINE('',#10341,#10342);
#10341 = CARTESIAN_POINT('',(-4.590673326026,10.051279441629,-6.08));
#10342 = VECTOR('',#10343,1.);
#10343 = DIRECTION('',(-0.5,0.866025403784,0.));
#10344 = PCURVE('',#10128,#10345);
#10345 = DEFINITIONAL_REPRESENTATION('',(#10346),#10350);
#10346 = LINE('',#10347,#10348);
#10347 = CARTESIAN_POINT('',(0.,0.));
#10348 = VECTOR('',#10349,1.);
#10349 = DIRECTION('',(1.,2.231125221501E-17));
#10350 = ( GEOMETRIC_REPRESENTATION_CONTEXT(2)
PARAMETRIC_REPRESENTATION_CONTEXT() REPRESENTATION_CONTEXT('2D SPACE',''
  ) );
#10351 = PCURVE('',#10352,#10357);
#10352 = PLANE('',#10353);
#10353 = AXIS2_PLACEMENT_3D('',#10354,#10355,#10356);
#10354 = CARTESIAN_POINT('',(-4.590673326026,10.051279441629,-6.08));
#10355 = DIRECTION('',(-0.866025403784,-0.5,0.));
#10356 = DIRECTION('',(0.,0.,1.));
#10357 = DEFINITIONAL_REPRESENTATION('',(#10358),#10362);
#10358 = LINE('',#10359,#10360);
#10359 = CARTESIAN_POINT('',(0.,0.));
#10360 = VECTOR('',#10361,1.);
#10361 = DIRECTION('',(0.,1.));
#10362 = ( GEOMETRIC_REPRESENTATION_CONTEXT(2)
PARAMETRIC_REPRESENTATION_CONTEXT() REPRESENTATION_CONTEXT('2D SPACE',''
  ) );
#10363 = ORIENTED_EDGE('',*,*,#10364,.T.);
#10364 = EDGE_CURVE('',#10337,#10365,#10367,.T.);
#10365 = VERTEX_POINT('',#10366);
#10366 = CARTESIAN_POINT('',(-6.709326673974,9.520894683899,-6.08));
#10367 = SURFACE_CURVE('',#10368,(#10372,#10379),.PCURVE_S1.);
#10368 = LINE('',#10369,#10370);
#10369 = CARTESIAN_POINT('',(-4.890673326026,10.570894683899,-6.08));
#10370 = VECTOR('',#10371,1.);
#10371 = DIRECTION('',(-0.866025403784,-0.5,0.));
#10372 = PCURVE('',#10128,#10373);
#10373 = DEFINITIONAL_REPRESENTATION('',(#10374),#10378);
#10374 = LINE('',#10375,#10376);
#10375 = CARTESIAN_POINT('',(0.6,-1.241855579043E-15));
#10376 = VECTOR('',#10377,1.);
#10377 = DIRECTION('',(2.231125221501E-17,1.));
#10378 = ( GEOMETRIC_REPRESENTATION_CONTEXT(2)
PARAMETRIC_REPRESENTATION_CONTEXT() REPRESENTATION_CONTEXT('2D SPACE',''
  ) );
#10379 = PCURVE('',#10380,#10385);
#10380 = PLANE('',#10381);
#10381 = AXIS2_PLACEMENT_3D('',#10382,#10383,#10384);
#10382 = CARTESIAN_POINT('',(-4.890673326026,10.570894683899,-6.08));
#10383 = DIRECTION('',(-0.5,0.866025403784,0.));
#10384 = DIRECTION('',(0.,0.,1.));
#10385 = DEFINITIONAL_REPRESENTATION('',(#10386),#10390);
#10386 = LINE('',#10387,#10388);
#10387 = CARTESIAN_POINT('',(0.,0.));
#10388 = VECTOR('',#10389,1.);
#10389 = DIRECTION('',(0.,-1.));
#10390 = ( GEOMETRIC_REPRESENTATION_CONTEXT(2)
PARAMETRIC_REPRESENTATION_CONTEXT() REPRESENTATION_CONTEXT('2D SPACE',''
  ) );
#10391 = ORIENTED_EDGE('',*,*,#10392,.F.);
#10392 = EDGE_CURVE('',#10084,#10365,#10393,.T.);
#10393 = SURFACE_CURVE('',#10394,(#10398,#10405),.PCURVE_S1.);
#10394 = LINE('',#10395,#10396);
#10395 = CARTESIAN_POINT('',(-6.409326673974,9.001279441629,-6.08));
#10396 = VECTOR('',#10397,1.);
#10397 = DIRECTION('',(-0.5,0.866025403784,0.));
#10398 = PCURVE('',#10128,#10399);
#10399 = DEFINITIONAL_REPRESENTATION('',(#10400),#10404);
#10400 = LINE('',#10401,#10402);
#10401 = CARTESIAN_POINT('',(3.632671916697E-16,2.1));
#10402 = VECTOR('',#10403,1.);
#10403 = DIRECTION('',(1.,2.231125221501E-17));
#10404 = ( GEOMETRIC_REPRESENTATION_CONTEXT(2)
PARAMETRIC_REPRESENTATION_CONTEXT() REPRESENTATION_CONTEXT('2D SPACE',''
  ) );
#10405 = PCURVE('',#10320,#10406);
#10406 = DEFINITIONAL_REPRESENTATION('',(#10407),#10411);
#10407 = LINE('',#10408,#10409);
#10408 = CARTESIAN_POINT('',(0.,0.));
#10409 = VECTOR('',#10410,1.);
#10410 = DIRECTION('',(0.,1.));
#10411 = ( GEOMETRIC_REPRESENTATION_CONTEXT(2)
PARAMETRIC_REPRESENTATION_CONTEXT() REPRESENTATION_CONTEXT('2D SPACE',''
  ) );
#10412 = ADVANCED_FACE('',(#10413),#10153,.T.);
#10413 = FACE_BOUND('',#10414,.T.);
#10414 = EDGE_LOOP('',(#10415,#10436,#10437,#10458));
#10415 = ORIENTED_EDGE('',*,*,#10416,.T.);
#10416 = EDGE_CURVE('',#10417,#10049,#10419,.T.);
#10417 = VERTEX_POINT('',#10418);
#10418 = CARTESIAN_POINT('',(-1.090673326026,3.989101615138,-6.));
#10419 = SURFACE_CURVE('',#10420,(#10423,#10430),.PCURVE_S1.);
#10420 = B_SPLINE_CURVE_WITH_KNOTS('',1,(#10421,#10422),.UNSPECIFIED.,
  .F.,.F.,(2,2),(3.,4.),.PIECEWISE_BEZIER_KNOTS.);
#10421 = CARTESIAN_POINT('',(-1.090673326026,3.989101615138,-6.));
#10422 = CARTESIAN_POINT('',(-1.090673326026,3.989101615138,-6.08));
#10423 = PCURVE('',#10153,#10424);
#10424 = DEFINITIONAL_REPRESENTATION('',(#10425),#10429);
#10425 = LINE('',#10426,#10427);
#10426 = CARTESIAN_POINT('',(0.,0.));
#10427 = VECTOR('',#10428,1.);
#10428 = DIRECTION('',(1.,0.));
#10429 = ( GEOMETRIC_REPRESENTATION_CONTEXT(2)
PARAMETRIC_REPRESENTATION_CONTEXT() REPRESENTATION_CONTEXT('2D SPACE',''
  ) );
#10430 = PCURVE('',#10214,#10431);
#10431 = DEFINITIONAL_REPRESENTATION('',(#10432),#10435);
#10432 = B_SPLINE_CURVE_WITH_KNOTS('',1,(#10433,#10434),.UNSPECIFIED.,
  .F.,.F.,(2,2),(3.,4.),.PIECEWISE_BEZIER_KNOTS.);
#10433 = CARTESIAN_POINT('',(8.E-02,0.5));
#10434 = CARTESIAN_POINT('',(0.,0.5));
#10435 = ( GEOMETRIC_REPRESENTATION_CONTEXT(2)
PARAMETRIC_REPRESENTATION_CONTEXT() REPRESENTATION_CONTEXT('2D SPACE',''
  ) );
#10436 = ORIENTED_EDGE('',*,*,#10139,.T.);
#10437 = ORIENTED_EDGE('',*,*,#10438,.F.);
#10438 = EDGE_CURVE('',#10439,#10114,#10441,.T.);
#10439 = VERTEX_POINT('',#10440);
#10440 = CARTESIAN_POINT('',(-4.590673326026,10.051279441629,-6.));
#10441 = SURFACE_CURVE('',#10442,(#10445,#10452),.PCURVE_S1.);
#10442 = B_SPLINE_CURVE_WITH_KNOTS('',1,(#10443,#10444),.UNSPECIFIED.,
  .F.,.F.,(2,2),(3.,4.),.PIECEWISE_BEZIER_KNOTS.);
#10443 = CARTESIAN_POINT('',(-4.590673326026,10.051279441629,-6.));
#10444 = CARTESIAN_POINT('',(-4.590673326026,10.051279441629,-6.08));
#10445 = PCURVE('',#10153,#10446);
#10446 = DEFINITIONAL_REPRESENTATION('',(#10447),#10451);
#10447 = LINE('',#10448,#10449);
#10448 = CARTESIAN_POINT('',(0.,1.));
#10449 = VECTOR('',#10450,1.);
#10450 = DIRECTION('',(1.,0.));
#10451 = ( GEOMETRIC_REPRESENTATION_CONTEXT(2)
PARAMETRIC_REPRESENTATION_CONTEXT() REPRESENTATION_CONTEXT('2D SPACE',''
  ) );
#10452 = PCURVE('',#10352,#10453);
#10453 = DEFINITIONAL_REPRESENTATION('',(#10454),#10457);
#10454 = B_SPLINE_CURVE_WITH_KNOTS('',1,(#10455,#10456),.UNSPECIFIED.,
  .F.,.F.,(2,2),(3.,4.),.PIECEWISE_BEZIER_KNOTS.);
#10455 = CARTESIAN_POINT('',(8.E-02,0.));
#10456 = CARTESIAN_POINT('',(0.,0.));
#10457 = ( GEOMETRIC_REPRESENTATION_CONTEXT(2)
PARAMETRIC_REPRESENTATION_CONTEXT() REPRESENTATION_CONTEXT('2D SPACE',''
  ) );
#10458 = ORIENTED_EDGE('',*,*,#10459,.F.);
#10459 = EDGE_CURVE('',#10417,#10439,#10460,.T.);
#10460 = SURFACE_CURVE('',#10461,(#10465,#10472),.PCURVE_S1.);
#10461 = B_SPLINE_CURVE_WITH_KNOTS('',2,(#10462,#10463,#10464),
  .UNSPECIFIED.,.F.,.F.,(3,3),(0.,1.),.PIECEWISE_BEZIER_KNOTS.);
#10462 = CARTESIAN_POINT('',(-1.090673326026,3.989101615138,-6.));
#10463 = CARTESIAN_POINT('',(-2.840673326026,7.020190528383,-6.));
#10464 = CARTESIAN_POINT('',(-4.590673326026,10.051279441629,-6.));
#10465 = PCURVE('',#10153,#10466);
#10466 = DEFINITIONAL_REPRESENTATION('',(#10467),#10471);
#10467 = LINE('',#10468,#10469);
#10468 = CARTESIAN_POINT('',(3.,0.));
#10469 = VECTOR('',#10470,1.);
#10470 = DIRECTION('',(0.,1.));
#10471 = ( GEOMETRIC_REPRESENTATION_CONTEXT(2)
PARAMETRIC_REPRESENTATION_CONTEXT() REPRESENTATION_CONTEXT('2D SPACE',''
  ) );
#10472 = PCURVE('',#10293,#10473);
#10473 = DEFINITIONAL_REPRESENTATION('',(#10474),#10478);
#10474 = LINE('',#10475,#10476);
#10475 = CARTESIAN_POINT('',(3.,0.));
#10476 = VECTOR('',#10477,1.);
#10477 = DIRECTION('',(0.,1.));
#10478 = ( GEOMETRIC_REPRESENTATION_CONTEXT(2)
PARAMETRIC_REPRESENTATION_CONTEXT() REPRESENTATION_CONTEXT('2D SPACE',''
  ) );
#10479 = ADVANCED_FACE('',(#10480),#10188,.F.);
#10480 = FACE_BOUND('',#10481,.F.);
#10481 = EDGE_LOOP('',(#10482,#10505,#10506,#10529));
#10482 = ORIENTED_EDGE('',*,*,#10483,.F.);
#10483 = EDGE_CURVE('',#10171,#10484,#10486,.T.);
#10484 = VERTEX_POINT('',#10485);
#10485 = CARTESIAN_POINT('',(-0.840673326026,3.556088913246,-6.));
#10486 = SURFACE_CURVE('',#10487,(#10491,#10498),.PCURVE_S1.);
#10487 = LINE('',#10488,#10489);
#10488 = CARTESIAN_POINT('',(-0.840673326026,3.556088913246,-6.08));
#10489 = VECTOR('',#10490,1.);
#10490 = DIRECTION('',(0.,0.,1.));
#10491 = PCURVE('',#10188,#10492);
#10492 = DEFINITIONAL_REPRESENTATION('',(#10493),#10497);
#10493 = LINE('',#10494,#10495);
#10494 = CARTESIAN_POINT('',(0.,0.));
#10495 = VECTOR('',#10496,1.);
#10496 = DIRECTION('',(1.,0.));
#10497 = ( GEOMETRIC_REPRESENTATION_CONTEXT(2)
PARAMETRIC_REPRESENTATION_CONTEXT() REPRESENTATION_CONTEXT('2D SPACE',''
  ) );
#10498 = PCURVE('',#10214,#10499);
#10499 = DEFINITIONAL_REPRESENTATION('',(#10500),#10504);
#10500 = LINE('',#10501,#10502);
#10501 = CARTESIAN_POINT('',(0.,0.));
#10502 = VECTOR('',#10503,1.);
#10503 = DIRECTION('',(1.,0.));
#10504 = ( GEOMETRIC_REPRESENTATION_CONTEXT(2)
PARAMETRIC_REPRESENTATION_CONTEXT() REPRESENTATION_CONTEXT('2D SPACE',''
  ) );
#10505 = ORIENTED_EDGE('',*,*,#10170,.T.);
#10506 = ORIENTED_EDGE('',*,*,#10507,.T.);
#10507 = EDGE_CURVE('',#10173,#10508,#10510,.T.);
#10508 = VERTEX_POINT('',#10509);
#10509 = CARTESIAN_POINT('',(-2.659326673974,2.506088913246,-6.));
#10510 = SURFACE_CURVE('',#10511,(#10515,#10522),.PCURVE_S1.);
#10511 = LINE('',#10512,#10513);
#10512 = CARTESIAN_POINT('',(-2.659326673974,2.506088913246,-6.08));
#10513 = VECTOR('',#10514,1.);
#10514 = DIRECTION('',(0.,0.,1.));
#10515 = PCURVE('',#10188,#10516);
#10516 = DEFINITIONAL_REPRESENTATION('',(#10517),#10521);
#10517 = LINE('',#10518,#10519);
#10518 = CARTESIAN_POINT('',(0.,-2.1));
#10519 = VECTOR('',#10520,1.);
#10520 = DIRECTION('',(1.,0.));
#10521 = ( GEOMETRIC_REPRESENTATION_CONTEXT(2)
PARAMETRIC_REPRESENTATION_CONTEXT() REPRESENTATION_CONTEXT('2D SPACE',''
  ) );
#10522 = PCURVE('',#10241,#10523);
#10523 = DEFINITIONAL_REPRESENTATION('',(#10524),#10528);
#10524 = LINE('',#10525,#10526);
#10525 = CARTESIAN_POINT('',(0.,0.));
#10526 = VECTOR('',#10527,1.);
#10527 = DIRECTION('',(1.,0.));
#10528 = ( GEOMETRIC_REPRESENTATION_CONTEXT(2)
PARAMETRIC_REPRESENTATION_CONTEXT() REPRESENTATION_CONTEXT('2D SPACE',''
  ) );
#10529 = ORIENTED_EDGE('',*,*,#10530,.F.);
#10530 = EDGE_CURVE('',#10484,#10508,#10531,.T.);
#10531 = SURFACE_CURVE('',#10532,(#10536,#10543),.PCURVE_S1.);
#10532 = LINE('',#10533,#10534);
#10533 = CARTESIAN_POINT('',(-0.840673326026,3.556088913246,-6.));
#10534 = VECTOR('',#10535,1.);
#10535 = DIRECTION('',(-0.866025403784,-0.5,0.));
#10536 = PCURVE('',#10188,#10537);
#10537 = DEFINITIONAL_REPRESENTATION('',(#10538),#10542);
#10538 = LINE('',#10539,#10540);
#10539 = CARTESIAN_POINT('',(8.E-02,0.));
#10540 = VECTOR('',#10541,1.);
#10541 = DIRECTION('',(0.,-1.));
#10542 = ( GEOMETRIC_REPRESENTATION_CONTEXT(2)
PARAMETRIC_REPRESENTATION_CONTEXT() REPRESENTATION_CONTEXT('2D SPACE',''
  ) );
#10543 = PCURVE('',#10544,#10549);
#10544 = PLANE('',#10545);
#10545 = AXIS2_PLACEMENT_3D('',#10546,#10547,#10548);
#10546 = CARTESIAN_POINT('',(-0.840673326026,3.556088913246,-6.));
#10547 = DIRECTION('',(0.,0.,1.));
#10548 = DIRECTION('',(-0.5,0.866025403784,0.));
#10549 = DEFINITIONAL_REPRESENTATION('',(#10550),#10554);
#10550 = LINE('',#10551,#10552);
#10551 = CARTESIAN_POINT('',(0.,0.));
#10552 = VECTOR('',#10553,1.);
#10553 = DIRECTION('',(2.231125221501E-17,1.));
#10554 = ( GEOMETRIC_REPRESENTATION_CONTEXT(2)
PARAMETRIC_REPRESENTATION_CONTEXT() REPRESENTATION_CONTEXT('2D SPACE',''
  ) );
#10555 = ADVANCED_FACE('',(#10556),#10241,.T.);
#10556 = FACE_BOUND('',#10557,.T.);
#10557 = EDGE_LOOP('',(#10558,#10559,#10560,#10581));
#10558 = ORIENTED_EDGE('',*,*,#10227,.F.);
#10559 = ORIENTED_EDGE('',*,*,#10507,.T.);
#10560 = ORIENTED_EDGE('',*,*,#10561,.T.);
#10561 = EDGE_CURVE('',#10508,#10257,#10562,.T.);
#10562 = SURFACE_CURVE('',#10563,(#10567,#10574),.PCURVE_S1.);
#10563 = LINE('',#10564,#10565);
#10564 = CARTESIAN_POINT('',(-2.659326673974,2.506088913246,-6.));
#10565 = VECTOR('',#10566,1.);
#10566 = DIRECTION('',(-0.5,0.866025403784,0.));
#10567 = PCURVE('',#10241,#10568);
#10568 = DEFINITIONAL_REPRESENTATION('',(#10569),#10573);
#10569 = LINE('',#10570,#10571);
#10570 = CARTESIAN_POINT('',(8.E-02,0.));
#10571 = VECTOR('',#10572,1.);
#10572 = DIRECTION('',(0.,1.));
#10573 = ( GEOMETRIC_REPRESENTATION_CONTEXT(2)
PARAMETRIC_REPRESENTATION_CONTEXT() REPRESENTATION_CONTEXT('2D SPACE',''
  ) );
#10574 = PCURVE('',#10544,#10575);
#10575 = DEFINITIONAL_REPRESENTATION('',(#10576),#10580);
#10576 = LINE('',#10577,#10578);
#10577 = CARTESIAN_POINT('',(2.522448892072E-16,2.1));
#10578 = VECTOR('',#10579,1.);
#10579 = DIRECTION('',(1.,2.231125221501E-17));
#10580 = ( GEOMETRIC_REPRESENTATION_CONTEXT(2)
PARAMETRIC_REPRESENTATION_CONTEXT() REPRESENTATION_CONTEXT('2D SPACE',''
  ) );
#10581 = ORIENTED_EDGE('',*,*,#10256,.F.);
#10582 = ADVANCED_FACE('',(#10583),#10214,.F.);
#10583 = FACE_BOUND('',#10584,.F.);
#10584 = EDGE_LOOP('',(#10585,#10586,#10587,#10608));
#10585 = ORIENTED_EDGE('',*,*,#10200,.F.);
#10586 = ORIENTED_EDGE('',*,*,#10483,.T.);
#10587 = ORIENTED_EDGE('',*,*,#10588,.T.);
#10588 = EDGE_CURVE('',#10484,#10417,#10589,.T.);
#10589 = SURFACE_CURVE('',#10590,(#10594,#10601),.PCURVE_S1.);
#10590 = LINE('',#10591,#10592);
#10591 = CARTESIAN_POINT('',(-0.840673326026,3.556088913246,-6.));
#10592 = VECTOR('',#10593,1.);
#10593 = DIRECTION('',(-0.5,0.866025403784,0.));
#10594 = PCURVE('',#10214,#10595);
#10595 = DEFINITIONAL_REPRESENTATION('',(#10596),#10600);
#10596 = LINE('',#10597,#10598);
#10597 = CARTESIAN_POINT('',(8.E-02,0.));
#10598 = VECTOR('',#10599,1.);
#10599 = DIRECTION('',(0.,1.));
#10600 = ( GEOMETRIC_REPRESENTATION_CONTEXT(2)
PARAMETRIC_REPRESENTATION_CONTEXT() REPRESENTATION_CONTEXT('2D SPACE',''
  ) );
#10601 = PCURVE('',#10544,#10602);
#10602 = DEFINITIONAL_REPRESENTATION('',(#10603),#10607);
#10603 = LINE('',#10604,#10605);
#10604 = CARTESIAN_POINT('',(0.,0.));
#10605 = VECTOR('',#10606,1.);
#10606 = DIRECTION('',(1.,2.231125221501E-17));
#10607 = ( GEOMETRIC_REPRESENTATION_CONTEXT(2)
PARAMETRIC_REPRESENTATION_CONTEXT() REPRESENTATION_CONTEXT('2D SPACE',''
  ) );
#10608 = ORIENTED_EDGE('',*,*,#10416,.T.);
#10609 = ADVANCED_FACE('',(#10610),#10293,.T.);
#10610 = FACE_BOUND('',#10611,.T.);
#10611 = EDGE_LOOP('',(#10612,#10631,#10632,#10656));
#10612 = ORIENTED_EDGE('',*,*,#10613,.T.);
#10613 = EDGE_CURVE('',#10257,#10417,#10614,.T.);
#10614 = SURFACE_CURVE('',#10615,(#10618,#10625),.PCURVE_S1.);
#10615 = B_SPLINE_CURVE_WITH_KNOTS('',1,(#10616,#10617),.UNSPECIFIED.,
  .F.,.F.,(2,2),(2.,3.),.PIECEWISE_BEZIER_KNOTS.);
#10616 = CARTESIAN_POINT('',(-2.909326673974,2.939101615138,-6.));
#10617 = CARTESIAN_POINT('',(-1.090673326026,3.989101615138,-6.));
#10618 = PCURVE('',#10293,#10619);
#10619 = DEFINITIONAL_REPRESENTATION('',(#10620),#10624);
#10620 = LINE('',#10621,#10622);
#10621 = CARTESIAN_POINT('',(0.,0.));
#10622 = VECTOR('',#10623,1.);
#10623 = DIRECTION('',(1.,0.));
#10624 = ( GEOMETRIC_REPRESENTATION_CONTEXT(2)
PARAMETRIC_REPRESENTATION_CONTEXT() REPRESENTATION_CONTEXT('2D SPACE',''
  ) );
#10625 = PCURVE('',#10544,#10626);
#10626 = DEFINITIONAL_REPRESENTATION('',(#10627),#10630);
#10627 = B_SPLINE_CURVE_WITH_KNOTS('',1,(#10628,#10629),.UNSPECIFIED.,
  .F.,.F.,(2,2),(2.,3.),.PIECEWISE_BEZIER_KNOTS.);
#10628 = CARTESIAN_POINT('',(0.5,2.1));
#10629 = CARTESIAN_POINT('',(0.5,-2.22044604925E-16));
#10630 = ( GEOMETRIC_REPRESENTATION_CONTEXT(2)
PARAMETRIC_REPRESENTATION_CONTEXT() REPRESENTATION_CONTEXT('2D SPACE',''
  ) );
#10631 = ORIENTED_EDGE('',*,*,#10459,.T.);
#10632 = ORIENTED_EDGE('',*,*,#10633,.F.);
#10633 = EDGE_CURVE('',#10278,#10439,#10634,.T.);
#10634 = SURFACE_CURVE('',#10635,(#10638,#10645),.PCURVE_S1.);
#10635 = B_SPLINE_CURVE_WITH_KNOTS('',1,(#10636,#10637),.UNSPECIFIED.,
  .F.,.F.,(2,2),(2.,3.),.PIECEWISE_BEZIER_KNOTS.);
#10636 = CARTESIAN_POINT('',(-6.409326673974,9.001279441629,-6.));
#10637 = CARTESIAN_POINT('',(-4.590673326026,10.051279441629,-6.));
#10638 = PCURVE('',#10293,#10639);
#10639 = DEFINITIONAL_REPRESENTATION('',(#10640),#10644);
#10640 = LINE('',#10641,#10642);
#10641 = CARTESIAN_POINT('',(0.,1.));
#10642 = VECTOR('',#10643,1.);
#10643 = DIRECTION('',(1.,0.));
#10644 = ( GEOMETRIC_REPRESENTATION_CONTEXT(2)
PARAMETRIC_REPRESENTATION_CONTEXT() REPRESENTATION_CONTEXT('2D SPACE',''
  ) );
#10645 = PCURVE('',#10646,#10651);
#10646 = PLANE('',#10647);
#10647 = AXIS2_PLACEMENT_3D('',#10648,#10649,#10650);
#10648 = CARTESIAN_POINT('',(-4.590673326026,10.051279441629,-6.));
#10649 = DIRECTION('',(0.,0.,1.));
#10650 = DIRECTION('',(-0.5,0.866025403784,0.));
#10651 = DEFINITIONAL_REPRESENTATION('',(#10652),#10655);
#10652 = B_SPLINE_CURVE_WITH_KNOTS('',1,(#10653,#10654),.UNSPECIFIED.,
  .F.,.F.,(2,2),(2.,3.),.PIECEWISE_BEZIER_KNOTS.);
#10653 = CARTESIAN_POINT('',(0.,2.1));
#10654 = CARTESIAN_POINT('',(0.,0.));
#10655 = ( GEOMETRIC_REPRESENTATION_CONTEXT(2)
PARAMETRIC_REPRESENTATION_CONTEXT() REPRESENTATION_CONTEXT('2D SPACE',''
  ) );
#10656 = ORIENTED_EDGE('',*,*,#10277,.F.);
#10657 = ADVANCED_FACE('',(#10658),#10320,.T.);
#10658 = FACE_BOUND('',#10659,.T.);
#10659 = EDGE_LOOP('',(#10660,#10661,#10662,#10685));
#10660 = ORIENTED_EDGE('',*,*,#10392,.F.);
#10661 = ORIENTED_EDGE('',*,*,#10307,.T.);
#10662 = ORIENTED_EDGE('',*,*,#10663,.T.);
#10663 = EDGE_CURVE('',#10278,#10664,#10666,.T.);
#10664 = VERTEX_POINT('',#10665);
#10665 = CARTESIAN_POINT('',(-6.709326673974,9.520894683899,-6.));
#10666 = SURFACE_CURVE('',#10667,(#10671,#10678),.PCURVE_S1.);
#10667 = LINE('',#10668,#10669);
#10668 = CARTESIAN_POINT('',(-6.409326673974,9.001279441629,-6.));
#10669 = VECTOR('',#10670,1.);
#10670 = DIRECTION('',(-0.5,0.866025403784,0.));
#10671 = PCURVE('',#10320,#10672);
#10672 = DEFINITIONAL_REPRESENTATION('',(#10673),#10677);
#10673 = LINE('',#10674,#10675);
#10674 = CARTESIAN_POINT('',(8.E-02,0.));
#10675 = VECTOR('',#10676,1.);
#10676 = DIRECTION('',(0.,1.));
#10677 = ( GEOMETRIC_REPRESENTATION_CONTEXT(2)
PARAMETRIC_REPRESENTATION_CONTEXT() REPRESENTATION_CONTEXT('2D SPACE',''
  ) );
#10678 = PCURVE('',#10646,#10679);
#10679 = DEFINITIONAL_REPRESENTATION('',(#10680),#10684);
#10680 = LINE('',#10681,#10682);
#10681 = CARTESIAN_POINT('',(3.632671916697E-16,2.1));
#10682 = VECTOR('',#10683,1.);
#10683 = DIRECTION('',(1.,2.231125221501E-17));
#10684 = ( GEOMETRIC_REPRESENTATION_CONTEXT(2)
PARAMETRIC_REPRESENTATION_CONTEXT() REPRESENTATION_CONTEXT('2D SPACE',''
  ) );
#10685 = ORIENTED_EDGE('',*,*,#10686,.F.);
#10686 = EDGE_CURVE('',#10365,#10664,#10687,.T.);
#10687 = SURFACE_CURVE('',#10688,(#10692,#10699),.PCURVE_S1.);
#10688 = LINE('',#10689,#10690);
#10689 = CARTESIAN_POINT('',(-6.709326673974,9.520894683899,-6.08));
#10690 = VECTOR('',#10691,1.);
#10691 = DIRECTION('',(0.,0.,1.));
#10692 = PCURVE('',#10320,#10693);
#10693 = DEFINITIONAL_REPRESENTATION('',(#10694),#10698);
#10694 = LINE('',#10695,#10696);
#10695 = CARTESIAN_POINT('',(0.,0.6));
#10696 = VECTOR('',#10697,1.);
#10697 = DIRECTION('',(1.,0.));
#10698 = ( GEOMETRIC_REPRESENTATION_CONTEXT(2)
PARAMETRIC_REPRESENTATION_CONTEXT() REPRESENTATION_CONTEXT('2D SPACE',''
  ) );
#10699 = PCURVE('',#10380,#10700);
#10700 = DEFINITIONAL_REPRESENTATION('',(#10701),#10705);
#10701 = LINE('',#10702,#10703);
#10702 = CARTESIAN_POINT('',(0.,-2.1));
#10703 = VECTOR('',#10704,1.);
#10704 = DIRECTION('',(1.,0.));
#10705 = ( GEOMETRIC_REPRESENTATION_CONTEXT(2)
PARAMETRIC_REPRESENTATION_CONTEXT() REPRESENTATION_CONTEXT('2D SPACE',''
  ) );
#10706 = ADVANCED_FACE('',(#10707),#10380,.T.);
#10707 = FACE_BOUND('',#10708,.T.);
#10708 = EDGE_LOOP('',(#10709,#10732,#10733,#10734));
#10709 = ORIENTED_EDGE('',*,*,#10710,.F.);
#10710 = EDGE_CURVE('',#10337,#10711,#10713,.T.);
#10711 = VERTEX_POINT('',#10712);
#10712 = CARTESIAN_POINT('',(-4.890673326026,10.570894683899,-6.));
#10713 = SURFACE_CURVE('',#10714,(#10718,#10725),.PCURVE_S1.);
#10714 = LINE('',#10715,#10716);
#10715 = CARTESIAN_POINT('',(-4.890673326026,10.570894683899,-6.08));
#10716 = VECTOR('',#10717,1.);
#10717 = DIRECTION('',(0.,0.,1.));
#10718 = PCURVE('',#10380,#10719);
#10719 = DEFINITIONAL_REPRESENTATION('',(#10720),#10724);
#10720 = LINE('',#10721,#10722);
#10721 = CARTESIAN_POINT('',(0.,0.));
#10722 = VECTOR('',#10723,1.);
#10723 = DIRECTION('',(1.,0.));
#10724 = ( GEOMETRIC_REPRESENTATION_CONTEXT(2)
PARAMETRIC_REPRESENTATION_CONTEXT() REPRESENTATION_CONTEXT('2D SPACE',''
  ) );
#10725 = PCURVE('',#10352,#10726);
#10726 = DEFINITIONAL_REPRESENTATION('',(#10727),#10731);
#10727 = LINE('',#10728,#10729);
#10728 = CARTESIAN_POINT('',(0.,0.6));
#10729 = VECTOR('',#10730,1.);
#10730 = DIRECTION('',(1.,0.));
#10731 = ( GEOMETRIC_REPRESENTATION_CONTEXT(2)
PARAMETRIC_REPRESENTATION_CONTEXT() REPRESENTATION_CONTEXT('2D SPACE',''
  ) );
#10732 = ORIENTED_EDGE('',*,*,#10364,.T.);
#10733 = ORIENTED_EDGE('',*,*,#10686,.T.);
#10734 = ORIENTED_EDGE('',*,*,#10735,.F.);
#10735 = EDGE_CURVE('',#10711,#10664,#10736,.T.);
#10736 = SURFACE_CURVE('',#10737,(#10741,#10748),.PCURVE_S1.);
#10737 = LINE('',#10738,#10739);
#10738 = CARTESIAN_POINT('',(-4.890673326026,10.570894683899,-6.));
#10739 = VECTOR('',#10740,1.);
#10740 = DIRECTION('',(-0.866025403784,-0.5,0.));
#10741 = PCURVE('',#10380,#10742);
#10742 = DEFINITIONAL_REPRESENTATION('',(#10743),#10747);
#10743 = LINE('',#10744,#10745);
#10744 = CARTESIAN_POINT('',(8.E-02,0.));
#10745 = VECTOR('',#10746,1.);
#10746 = DIRECTION('',(0.,-1.));
#10747 = ( GEOMETRIC_REPRESENTATION_CONTEXT(2)
PARAMETRIC_REPRESENTATION_CONTEXT() REPRESENTATION_CONTEXT('2D SPACE',''
  ) );
#10748 = PCURVE('',#10646,#10749);
#10749 = DEFINITIONAL_REPRESENTATION('',(#10750),#10754);
#10750 = LINE('',#10751,#10752);
#10751 = CARTESIAN_POINT('',(0.6,-1.241855579043E-15));
#10752 = VECTOR('',#10753,1.);
#10753 = DIRECTION('',(2.231125221501E-17,1.));
#10754 = ( GEOMETRIC_REPRESENTATION_CONTEXT(2)
PARAMETRIC_REPRESENTATION_CONTEXT() REPRESENTATION_CONTEXT('2D SPACE',''
  ) );
#10755 = ADVANCED_FACE('',(#10756),#10352,.F.);
#10756 = FACE_BOUND('',#10757,.F.);
#10757 = EDGE_LOOP('',(#10758,#10759,#10760,#10781));
#10758 = ORIENTED_EDGE('',*,*,#10336,.F.);
#10759 = ORIENTED_EDGE('',*,*,#10438,.F.);
#10760 = ORIENTED_EDGE('',*,*,#10761,.T.);
#10761 = EDGE_CURVE('',#10439,#10711,#10762,.T.);
#10762 = SURFACE_CURVE('',#10763,(#10767,#10774),.PCURVE_S1.);
#10763 = LINE('',#10764,#10765);
#10764 = CARTESIAN_POINT('',(-4.590673326026,10.051279441629,-6.));
#10765 = VECTOR('',#10766,1.);
#10766 = DIRECTION('',(-0.5,0.866025403784,0.));
#10767 = PCURVE('',#10352,#10768);
#10768 = DEFINITIONAL_REPRESENTATION('',(#10769),#10773);
#10769 = LINE('',#10770,#10771);
#10770 = CARTESIAN_POINT('',(8.E-02,0.));
#10771 = VECTOR('',#10772,1.);
#10772 = DIRECTION('',(0.,1.));
#10773 = ( GEOMETRIC_REPRESENTATION_CONTEXT(2)
PARAMETRIC_REPRESENTATION_CONTEXT() REPRESENTATION_CONTEXT('2D SPACE',''
  ) );
#10774 = PCURVE('',#10646,#10775);
#10775 = DEFINITIONAL_REPRESENTATION('',(#10776),#10780);
#10776 = LINE('',#10777,#10778);
#10777 = CARTESIAN_POINT('',(0.,0.));
#10778 = VECTOR('',#10779,1.);
#10779 = DIRECTION('',(1.,2.231125221501E-17));
#10780 = ( GEOMETRIC_REPRESENTATION_CONTEXT(2)
PARAMETRIC_REPRESENTATION_CONTEXT() REPRESENTATION_CONTEXT('2D SPACE',''
  ) );
#10781 = ORIENTED_EDGE('',*,*,#10710,.F.);
#10782 = ADVANCED_FACE('',(#10783),#10544,.T.);
#10783 = FACE_BOUND('',#10784,.T.);
#10784 = EDGE_LOOP('',(#10785,#10786,#10787,#10788));
#10785 = ORIENTED_EDGE('',*,*,#10530,.F.);
#10786 = ORIENTED_EDGE('',*,*,#10588,.T.);
#10787 = ORIENTED_EDGE('',*,*,#10613,.F.);
#10788 = ORIENTED_EDGE('',*,*,#10561,.F.);
#10789 = ADVANCED_FACE('',(#10790),#10646,.T.);
#10790 = FACE_BOUND('',#10791,.T.);
#10791 = EDGE_LOOP('',(#10792,#10793,#10794,#10795));
#10792 = ORIENTED_EDGE('',*,*,#10633,.T.);
#10793 = ORIENTED_EDGE('',*,*,#10761,.T.);
#10794 = ORIENTED_EDGE('',*,*,#10735,.T.);
#10795 = ORIENTED_EDGE('',*,*,#10663,.F.);
#10796 = ( GEOMETRIC_REPRESENTATION_CONTEXT(3)
GLOBAL_UNCERTAINTY_ASSIGNED_CONTEXT((#10800))
GLOBAL_UNIT_ASSIGNED_CONTEXT((#10797,#10798,#10799))
REPRESENTATION_CONTEXT('Context #1',
  '3D Context with UNIT and UNCERTAINTY') );
#10797 = ( LENGTH_UNIT() NAMED_UNIT(*) SI_UNIT(.MILLI.,.METRE.) );
#10798 = ( NAMED_UNIT(*) PLANE_ANGLE_UNIT() SI_UNIT($,.RADIAN.) );
#10799 = ( NAMED_UNIT(*) SI_UNIT($,.STERADIAN.) SOLID_ANGLE_UNIT() );
#10800 = UNCERTAINTY_MEASURE_WITH_UNIT(LENGTH_MEASURE(1.E-07),#10797,
  'distance_accuracy_value','confusion accuracy');
#10801 = CONTEXT_DEPENDENT_SHAPE_REPRESENTATION(#10802,#10804);
#10802 = ( REPRESENTATION_RELATIONSHIP('','',#10041,#10)
REPRESENTATION_RELATIONSHIP_WITH_TRANSFORMATION(#10803)
SHAPE_REPRESENTATION_RELATIONSHIP() );
#10803 = ITEM_DEFINED_TRANSFORMATION('','',#11,#43);
#10804 = PRODUCT_DEFINITION_SHAPE('Placement','Placement of an item',
  #10805);
#10805 = NEXT_ASSEMBLY_USAGE_OCCURRENCE('153','','',#5,#10036,$);
#10806 = PRODUCT_RELATED_PRODUCT_CATEGORY('part',$,(#10038));
#10807 = SHAPE_DEFINITION_REPRESENTATION(#10808,#10814);
#10808 = PRODUCT_DEFINITION_SHAPE('','',#10809);
#10809 = PRODUCT_DEFINITION('design','',#10810,#10813);
#10810 = PRODUCT_DEFINITION_FORMATION('','',#10811);
#10811 = PRODUCT('Open CASCADE STEP translator 7.8 6.9',
  'Open CASCADE STEP translator 7.8 6.9','',(#10812));
#10812 = PRODUCT_CONTEXT('',#2,'mechanical');
#10813 = PRODUCT_DEFINITION_CONTEXT('part definition',#2,'design');
#10814 = ADVANCED_BREP_SHAPE_REPRESENTATION('',(#11,#10815),#11145);
#10815 = MANIFOLD_SOLID_BREP('',#10816);
#10816 = CLOSED_SHELL('',(#10817,#10937,#11037,#11084,#11131,#11138));
#10817 = ADVANCED_FACE('',(#10818),#10832,.F.);
#10818 = FACE_BOUND('',#10819,.F.);
#10819 = EDGE_LOOP('',(#10820,#10855,#10883,#10911));
#10820 = ORIENTED_EDGE('',*,*,#10821,.F.);
#10821 = EDGE_CURVE('',#10822,#10824,#10826,.T.);
#10822 = VERTEX_POINT('',#10823);
#10823 = CARTESIAN_POINT('',(-4.417468245269,10.151279441629,-6.));
#10824 = VERTEX_POINT('',#10825);
#10825 = CARTESIAN_POINT('',(-4.417468245269,10.151279441629,-5.7));
#10826 = SURFACE_CURVE('',#10827,(#10831,#10843),.PCURVE_S1.);
#10827 = LINE('',#10828,#10829);
#10828 = CARTESIAN_POINT('',(-4.417468245269,10.151279441629,-6.));
#10829 = VECTOR('',#10830,1.);
#10830 = DIRECTION('',(0.,0.,1.));
#10831 = PCURVE('',#10832,#10837);
#10832 = PLANE('',#10833);
#10833 = AXIS2_PLACEMENT_3D('',#10834,#10835,#10836);
#10834 = CARTESIAN_POINT('',(-4.417468245269,10.151279441629,-6.));
#10835 = DIRECTION('',(-0.5,0.866025403784,0.));
#10836 = DIRECTION('',(0.,0.,1.));
#10837 = DEFINITIONAL_REPRESENTATION('',(#10838),#10842);
#10838 = LINE('',#10839,#10840);
#10839 = CARTESIAN_POINT('',(0.,0.));
#10840 = VECTOR('',#10841,1.);
#10841 = DIRECTION('',(1.,0.));
#10842 = ( GEOMETRIC_REPRESENTATION_CONTEXT(2)
PARAMETRIC_REPRESENTATION_CONTEXT() REPRESENTATION_CONTEXT('2D SPACE',''
  ) );
#10843 = PCURVE('',#10844,#10849);
#10844 = PLANE('',#10845);
#10845 = AXIS2_PLACEMENT_3D('',#10846,#10847,#10848);
#10846 = CARTESIAN_POINT('',(-4.417468245269,10.151279441629,-6.));
#10847 = DIRECTION('',(-0.866025403784,-0.5,0.));
#10848 = DIRECTION('',(0.,0.,1.));
#10849 = DEFINITIONAL_REPRESENTATION('',(#10850),#10854);
#10850 = LINE('',#10851,#10852);
#10851 = CARTESIAN_POINT('',(0.,0.));
#10852 = VECTOR('',#10853,1.);
#10853 = DIRECTION('',(1.,0.));
#10854 = ( GEOMETRIC_REPRESENTATION_CONTEXT(2)
PARAMETRIC_REPRESENTATION_CONTEXT() REPRESENTATION_CONTEXT('2D SPACE',''
  ) );
#10855 = ORIENTED_EDGE('',*,*,#10856,.T.);
#10856 = EDGE_CURVE('',#10822,#10857,#10859,.T.);
#10857 = VERTEX_POINT('',#10858);
#10858 = CARTESIAN_POINT('',(-6.582531754731,8.901279441629,-6.));
#10859 = SURFACE_CURVE('',#10860,(#10864,#10871),.PCURVE_S1.);
#10860 = LINE('',#10861,#10862);
#10861 = CARTESIAN_POINT('',(-4.417468245269,10.151279441629,-6.));
#10862 = VECTOR('',#10863,1.);
#10863 = DIRECTION('',(-0.866025403784,-0.5,0.));
#10864 = PCURVE('',#10832,#10865);
#10865 = DEFINITIONAL_REPRESENTATION('',(#10866),#10870);
#10866 = LINE('',#10867,#10868);
#10867 = CARTESIAN_POINT('',(0.,0.));
#10868 = VECTOR('',#10869,1.);
#10869 = DIRECTION('',(0.,-1.));
#10870 = ( GEOMETRIC_REPRESENTATION_CONTEXT(2)
PARAMETRIC_REPRESENTATION_CONTEXT() REPRESENTATION_CONTEXT('2D SPACE',''
  ) );
#10871 = PCURVE('',#10872,#10877);
#10872 = PLANE('',#10873);
#10873 = AXIS2_PLACEMENT_3D('',#10874,#10875,#10876);
#10874 = CARTESIAN_POINT('',(-4.417468245269,10.151279441629,-6.));
#10875 = DIRECTION('',(0.,0.,1.));
#10876 = DIRECTION('',(-0.5,0.866025403784,0.));
#10877 = DEFINITIONAL_REPRESENTATION('',(#10878),#10882);
#10878 = LINE('',#10879,#10880);
#10879 = CARTESIAN_POINT('',(0.,0.));
#10880 = VECTOR('',#10881,1.);
#10881 = DIRECTION('',(2.231125221501E-17,1.));
#10882 = ( GEOMETRIC_REPRESENTATION_CONTEXT(2)
PARAMETRIC_REPRESENTATION_CONTEXT() REPRESENTATION_CONTEXT('2D SPACE',''
  ) );
#10883 = ORIENTED_EDGE('',*,*,#10884,.T.);
#10884 = EDGE_CURVE('',#10857,#10885,#10887,.T.);
#10885 = VERTEX_POINT('',#10886);
#10886 = CARTESIAN_POINT('',(-6.582531754731,8.901279441629,-5.7));
#10887 = SURFACE_CURVE('',#10888,(#10892,#10899),.PCURVE_S1.);
#10888 = LINE('',#10889,#10890);
#10889 = CARTESIAN_POINT('',(-6.582531754731,8.901279441629,-6.));
#10890 = VECTOR('',#10891,1.);
#10891 = DIRECTION('',(0.,0.,1.));
#10892 = PCURVE('',#10832,#10893);
#10893 = DEFINITIONAL_REPRESENTATION('',(#10894),#10898);
#10894 = LINE('',#10895,#10896);
#10895 = CARTESIAN_POINT('',(0.,-2.5));
#10896 = VECTOR('',#10897,1.);
#10897 = DIRECTION('',(1.,0.));
#10898 = ( GEOMETRIC_REPRESENTATION_CONTEXT(2)
PARAMETRIC_REPRESENTATION_CONTEXT() REPRESENTATION_CONTEXT('2D SPACE',''
  ) );
#10899 = PCURVE('',#10900,#10905);
#10900 = PLANE('',#10901);
#10901 = AXIS2_PLACEMENT_3D('',#10902,#10903,#10904);
#10902 = CARTESIAN_POINT('',(-6.582531754731,8.901279441629,-6.));
#10903 = DIRECTION('',(-0.866025403784,-0.5,0.));
#10904 = DIRECTION('',(0.,0.,1.));
#10905 = DEFINITIONAL_REPRESENTATION('',(#10906),#10910);
#10906 = LINE('',#10907,#10908);
#10907 = CARTESIAN_POINT('',(0.,0.));
#10908 = VECTOR('',#10909,1.);
#10909 = DIRECTION('',(1.,0.));
#10910 = ( GEOMETRIC_REPRESENTATION_CONTEXT(2)
PARAMETRIC_REPRESENTATION_CONTEXT() REPRESENTATION_CONTEXT('2D SPACE',''
  ) );
#10911 = ORIENTED_EDGE('',*,*,#10912,.F.);
#10912 = EDGE_CURVE('',#10824,#10885,#10913,.T.);
#10913 = SURFACE_CURVE('',#10914,(#10918,#10925),.PCURVE_S1.);
#10914 = LINE('',#10915,#10916);
#10915 = CARTESIAN_POINT('',(-4.417468245269,10.151279441629,-5.7));
#10916 = VECTOR('',#10917,1.);
#10917 = DIRECTION('',(-0.866025403784,-0.5,0.));
#10918 = PCURVE('',#10832,#10919);
#10919 = DEFINITIONAL_REPRESENTATION('',(#10920),#10924);
#10920 = LINE('',#10921,#10922);
#10921 = CARTESIAN_POINT('',(0.3,0.));
#10922 = VECTOR('',#10923,1.);
#10923 = DIRECTION('',(0.,-1.));
#10924 = ( GEOMETRIC_REPRESENTATION_CONTEXT(2)
PARAMETRIC_REPRESENTATION_CONTEXT() REPRESENTATION_CONTEXT('2D SPACE',''
  ) );
#10925 = PCURVE('',#10926,#10931);
#10926 = PLANE('',#10927);
#10927 = AXIS2_PLACEMENT_3D('',#10928,#10929,#10930);
#10928 = CARTESIAN_POINT('',(-4.417468245269,10.151279441629,-5.7));
#10929 = DIRECTION('',(0.,0.,1.));
#10930 = DIRECTION('',(-0.5,0.866025403784,0.));
#10931 = DEFINITIONAL_REPRESENTATION('',(#10932),#10936);
#10932 = LINE('',#10933,#10934);
#10933 = CARTESIAN_POINT('',(0.,0.));
#10934 = VECTOR('',#10935,1.);
#10935 = DIRECTION('',(2.231125221501E-17,1.));
#10936 = ( GEOMETRIC_REPRESENTATION_CONTEXT(2)
PARAMETRIC_REPRESENTATION_CONTEXT() REPRESENTATION_CONTEXT('2D SPACE',''
  ) );
#10937 = ADVANCED_FACE('',(#10938),#10952,.T.);
#10938 = FACE_BOUND('',#10939,.T.);
#10939 = EDGE_LOOP('',(#10940,#10970,#10993,#11016));
#10940 = ORIENTED_EDGE('',*,*,#10941,.F.);
#10941 = EDGE_CURVE('',#10942,#10944,#10946,.T.);
#10942 = VERTEX_POINT('',#10943);
#10943 = CARTESIAN_POINT('',(-4.717468245269,10.670894683899,-6.));
#10944 = VERTEX_POINT('',#10945);
#10945 = CARTESIAN_POINT('',(-4.717468245269,10.670894683899,-5.7));
#10946 = SURFACE_CURVE('',#10947,(#10951,#10963),.PCURVE_S1.);
#10947 = LINE('',#10948,#10949);
#10948 = CARTESIAN_POINT('',(-4.717468245269,10.670894683899,-6.));
#10949 = VECTOR('',#10950,1.);
#10950 = DIRECTION('',(0.,0.,1.));
#10951 = PCURVE('',#10952,#10957);
#10952 = PLANE('',#10953);
#10953 = AXIS2_PLACEMENT_3D('',#10954,#10955,#10956);
#10954 = CARTESIAN_POINT('',(-4.717468245269,10.670894683899,-6.));
#10955 = DIRECTION('',(-0.5,0.866025403784,0.));
#10956 = DIRECTION('',(0.,0.,1.));
#10957 = DEFINITIONAL_REPRESENTATION('',(#10958),#10962);
#10958 = LINE('',#10959,#10960);
#10959 = CARTESIAN_POINT('',(0.,0.));
#10960 = VECTOR('',#10961,1.);
#10961 = DIRECTION('',(1.,0.));
#10962 = ( GEOMETRIC_REPRESENTATION_CONTEXT(2)
PARAMETRIC_REPRESENTATION_CONTEXT() REPRESENTATION_CONTEXT('2D SPACE',''
  ) );
#10963 = PCURVE('',#10844,#10964);
#10964 = DEFINITIONAL_REPRESENTATION('',(#10965),#10969);
#10965 = LINE('',#10966,#10967);
#10966 = CARTESIAN_POINT('',(0.,0.6));
#10967 = VECTOR('',#10968,1.);
#10968 = DIRECTION('',(1.,0.));
#10969 = ( GEOMETRIC_REPRESENTATION_CONTEXT(2)
PARAMETRIC_REPRESENTATION_CONTEXT() REPRESENTATION_CONTEXT('2D SPACE',''
  ) );
#10970 = ORIENTED_EDGE('',*,*,#10971,.T.);
#10971 = EDGE_CURVE('',#10942,#10972,#10974,.T.);
#10972 = VERTEX_POINT('',#10973);
#10973 = CARTESIAN_POINT('',(-6.882531754731,9.420894683899,-6.));
#10974 = SURFACE_CURVE('',#10975,(#10979,#10986),.PCURVE_S1.);
#10975 = LINE('',#10976,#10977);
#10976 = CARTESIAN_POINT('',(-4.717468245269,10.670894683899,-6.));
#10977 = VECTOR('',#10978,1.);
#10978 = DIRECTION('',(-0.866025403784,-0.5,0.));
#10979 = PCURVE('',#10952,#10980);
#10980 = DEFINITIONAL_REPRESENTATION('',(#10981),#10985);
#10981 = LINE('',#10982,#10983);
#10982 = CARTESIAN_POINT('',(0.,0.));
#10983 = VECTOR('',#10984,1.);
#10984 = DIRECTION('',(0.,-1.));
#10985 = ( GEOMETRIC_REPRESENTATION_CONTEXT(2)
PARAMETRIC_REPRESENTATION_CONTEXT() REPRESENTATION_CONTEXT('2D SPACE',''
  ) );
#10986 = PCURVE('',#10872,#10987);
#10987 = DEFINITIONAL_REPRESENTATION('',(#10988),#10992);
#10988 = LINE('',#10989,#10990);
#10989 = CARTESIAN_POINT('',(0.6,-4.726705044899E-16));
#10990 = VECTOR('',#10991,1.);
#10991 = DIRECTION('',(2.231125221501E-17,1.));
#10992 = ( GEOMETRIC_REPRESENTATION_CONTEXT(2)
PARAMETRIC_REPRESENTATION_CONTEXT() REPRESENTATION_CONTEXT('2D SPACE',''
  ) );
#10993 = ORIENTED_EDGE('',*,*,#10994,.T.);
#10994 = EDGE_CURVE('',#10972,#10995,#10997,.T.);
#10995 = VERTEX_POINT('',#10996);
#10996 = CARTESIAN_POINT('',(-6.882531754731,9.420894683899,-5.7));
#10997 = SURFACE_CURVE('',#10998,(#11002,#11009),.PCURVE_S1.);
#10998 = LINE('',#10999,#11000);
#10999 = CARTESIAN_POINT('',(-6.882531754731,9.420894683899,-6.));
#11000 = VECTOR('',#11001,1.);
#11001 = DIRECTION('',(0.,0.,1.));
#11002 = PCURVE('',#10952,#11003);
#11003 = DEFINITIONAL_REPRESENTATION('',(#11004),#11008);
#11004 = LINE('',#11005,#11006);
#11005 = CARTESIAN_POINT('',(0.,-2.5));
#11006 = VECTOR('',#11007,1.);
#11007 = DIRECTION('',(1.,0.));
#11008 = ( GEOMETRIC_REPRESENTATION_CONTEXT(2)
PARAMETRIC_REPRESENTATION_CONTEXT() REPRESENTATION_CONTEXT('2D SPACE',''
  ) );
#11009 = PCURVE('',#10900,#11010);
#11010 = DEFINITIONAL_REPRESENTATION('',(#11011),#11015);
#11011 = LINE('',#11012,#11013);
#11012 = CARTESIAN_POINT('',(0.,0.6));
#11013 = VECTOR('',#11014,1.);
#11014 = DIRECTION('',(1.,0.));
#11015 = ( GEOMETRIC_REPRESENTATION_CONTEXT(2)
PARAMETRIC_REPRESENTATION_CONTEXT() REPRESENTATION_CONTEXT('2D SPACE',''
  ) );
#11016 = ORIENTED_EDGE('',*,*,#11017,.F.);
#11017 = EDGE_CURVE('',#10944,#10995,#11018,.T.);
#11018 = SURFACE_CURVE('',#11019,(#11023,#11030),.PCURVE_S1.);
#11019 = LINE('',#11020,#11021);
#11020 = CARTESIAN_POINT('',(-4.717468245269,10.670894683899,-5.7));
#11021 = VECTOR('',#11022,1.);
#11022 = DIRECTION('',(-0.866025403784,-0.5,0.));
#11023 = PCURVE('',#10952,#11024);
#11024 = DEFINITIONAL_REPRESENTATION('',(#11025),#11029);
#11025 = LINE('',#11026,#11027);
#11026 = CARTESIAN_POINT('',(0.3,0.));
#11027 = VECTOR('',#11028,1.);
#11028 = DIRECTION('',(0.,-1.));
#11029 = ( GEOMETRIC_REPRESENTATION_CONTEXT(2)
PARAMETRIC_REPRESENTATION_CONTEXT() REPRESENTATION_CONTEXT('2D SPACE',''
  ) );
#11030 = PCURVE('',#10926,#11031);
#11031 = DEFINITIONAL_REPRESENTATION('',(#11032),#11036);
#11032 = LINE('',#11033,#11034);
#11033 = CARTESIAN_POINT('',(0.6,-4.726705044899E-16));
#11034 = VECTOR('',#11035,1.);
#11035 = DIRECTION('',(2.231125221501E-17,1.));
#11036 = ( GEOMETRIC_REPRESENTATION_CONTEXT(2)
PARAMETRIC_REPRESENTATION_CONTEXT() REPRESENTATION_CONTEXT('2D SPACE',''
  ) );
#11037 = ADVANCED_FACE('',(#11038),#10844,.F.);
#11038 = FACE_BOUND('',#11039,.F.);
#11039 = EDGE_LOOP('',(#11040,#11061,#11062,#11083));
#11040 = ORIENTED_EDGE('',*,*,#11041,.F.);
#11041 = EDGE_CURVE('',#10822,#10942,#11042,.T.);
#11042 = SURFACE_CURVE('',#11043,(#11047,#11054),.PCURVE_S1.);
#11043 = LINE('',#11044,#11045);
#11044 = CARTESIAN_POINT('',(-4.417468245269,10.151279441629,-6.));
#11045 = VECTOR('',#11046,1.);
#11046 = DIRECTION('',(-0.5,0.866025403784,0.));
#11047 = PCURVE('',#10844,#11048);
#11048 = DEFINITIONAL_REPRESENTATION('',(#11049),#11053);
#11049 = LINE('',#11050,#11051);
#11050 = CARTESIAN_POINT('',(0.,0.));
#11051 = VECTOR('',#11052,1.);
#11052 = DIRECTION('',(0.,1.));
#11053 = ( GEOMETRIC_REPRESENTATION_CONTEXT(2)
PARAMETRIC_REPRESENTATION_CONTEXT() REPRESENTATION_CONTEXT('2D SPACE',''
  ) );
#11054 = PCURVE('',#10872,#11055);
#11055 = DEFINITIONAL_REPRESENTATION('',(#11056),#11060);
#11056 = LINE('',#11057,#11058);
#11057 = CARTESIAN_POINT('',(0.,0.));
#11058 = VECTOR('',#11059,1.);
#11059 = DIRECTION('',(1.,2.231125221501E-17));
#11060 = ( GEOMETRIC_REPRESENTATION_CONTEXT(2)
PARAMETRIC_REPRESENTATION_CONTEXT() REPRESENTATION_CONTEXT('2D SPACE',''
  ) );
#11061 = ORIENTED_EDGE('',*,*,#10821,.T.);
#11062 = ORIENTED_EDGE('',*,*,#11063,.T.);
#11063 = EDGE_CURVE('',#10824,#10944,#11064,.T.);
#11064 = SURFACE_CURVE('',#11065,(#11069,#11076),.PCURVE_S1.);
#11065 = LINE('',#11066,#11067);
#11066 = CARTESIAN_POINT('',(-4.417468245269,10.151279441629,-5.7));
#11067 = VECTOR('',#11068,1.);
#11068 = DIRECTION('',(-0.5,0.866025403784,0.));
#11069 = PCURVE('',#10844,#11070);
#11070 = DEFINITIONAL_REPRESENTATION('',(#11071),#11075);
#11071 = LINE('',#11072,#11073);
#11072 = CARTESIAN_POINT('',(0.3,0.));
#11073 = VECTOR('',#11074,1.);
#11074 = DIRECTION('',(0.,1.));
#11075 = ( GEOMETRIC_REPRESENTATION_CONTEXT(2)
PARAMETRIC_REPRESENTATION_CONTEXT() REPRESENTATION_CONTEXT('2D SPACE',''
  ) );
#11076 = PCURVE('',#10926,#11077);
#11077 = DEFINITIONAL_REPRESENTATION('',(#11078),#11082);
#11078 = LINE('',#11079,#11080);
#11079 = CARTESIAN_POINT('',(0.,0.));
#11080 = VECTOR('',#11081,1.);
#11081 = DIRECTION('',(1.,2.231125221501E-17));
#11082 = ( GEOMETRIC_REPRESENTATION_CONTEXT(2)
PARAMETRIC_REPRESENTATION_CONTEXT() REPRESENTATION_CONTEXT('2D SPACE',''
  ) );
#11083 = ORIENTED_EDGE('',*,*,#10941,.F.);
#11084 = ADVANCED_FACE('',(#11085),#10900,.T.);
#11085 = FACE_BOUND('',#11086,.T.);
#11086 = EDGE_LOOP('',(#11087,#11108,#11109,#11130));
#11087 = ORIENTED_EDGE('',*,*,#11088,.F.);
#11088 = EDGE_CURVE('',#10857,#10972,#11089,.T.);
#11089 = SURFACE_CURVE('',#11090,(#11094,#11101),.PCURVE_S1.);
#11090 = LINE('',#11091,#11092);
#11091 = CARTESIAN_POINT('',(-6.582531754731,8.901279441629,-6.));
#11092 = VECTOR('',#11093,1.);
#11093 = DIRECTION('',(-0.5,0.866025403784,0.));
#11094 = PCURVE('',#10900,#11095);
#11095 = DEFINITIONAL_REPRESENTATION('',(#11096),#11100);
#11096 = LINE('',#11097,#11098);
#11097 = CARTESIAN_POINT('',(0.,0.));
#11098 = VECTOR('',#11099,1.);
#11099 = DIRECTION('',(0.,1.));
#11100 = ( GEOMETRIC_REPRESENTATION_CONTEXT(2)
PARAMETRIC_REPRESENTATION_CONTEXT() REPRESENTATION_CONTEXT('2D SPACE',''
  ) );
#11101 = PCURVE('',#10872,#11102);
#11102 = DEFINITIONAL_REPRESENTATION('',(#11103),#11107);
#11103 = LINE('',#11104,#11105);
#11104 = CARTESIAN_POINT('',(1.193756730778E-15,2.5));
#11105 = VECTOR('',#11106,1.);
#11106 = DIRECTION('',(1.,2.231125221501E-17));
#11107 = ( GEOMETRIC_REPRESENTATION_CONTEXT(2)
PARAMETRIC_REPRESENTATION_CONTEXT() REPRESENTATION_CONTEXT('2D SPACE',''
  ) );
#11108 = ORIENTED_EDGE('',*,*,#10884,.T.);
#11109 = ORIENTED_EDGE('',*,*,#11110,.T.);
#11110 = EDGE_CURVE('',#10885,#10995,#11111,.T.);
#11111 = SURFACE_CURVE('',#11112,(#11116,#11123),.PCURVE_S1.);
#11112 = LINE('',#11113,#11114);
#11113 = CARTESIAN_POINT('',(-6.582531754731,8.901279441629,-5.7));
#11114 = VECTOR('',#11115,1.);
#11115 = DIRECTION('',(-0.5,0.866025403784,0.));
#11116 = PCURVE('',#10900,#11117);
#11117 = DEFINITIONAL_REPRESENTATION('',(#11118),#11122);
#11118 = LINE('',#11119,#11120);
#11119 = CARTESIAN_POINT('',(0.3,0.));
#11120 = VECTOR('',#11121,1.);
#11121 = DIRECTION('',(0.,1.));
#11122 = ( GEOMETRIC_REPRESENTATION_CONTEXT(2)
PARAMETRIC_REPRESENTATION_CONTEXT() REPRESENTATION_CONTEXT('2D SPACE',''
  ) );
#11123 = PCURVE('',#10926,#11124);
#11124 = DEFINITIONAL_REPRESENTATION('',(#11125),#11129);
#11125 = LINE('',#11126,#11127);
#11126 = CARTESIAN_POINT('',(1.193756730778E-15,2.5));
#11127 = VECTOR('',#11128,1.);
#11128 = DIRECTION('',(1.,2.231125221501E-17));
#11129 = ( GEOMETRIC_REPRESENTATION_CONTEXT(2)
PARAMETRIC_REPRESENTATION_CONTEXT() REPRESENTATION_CONTEXT('2D SPACE',''
  ) );
#11130 = ORIENTED_EDGE('',*,*,#10994,.F.);
#11131 = ADVANCED_FACE('',(#11132),#10872,.F.);
#11132 = FACE_BOUND('',#11133,.F.);
#11133 = EDGE_LOOP('',(#11134,#11135,#11136,#11137));
#11134 = ORIENTED_EDGE('',*,*,#10856,.F.);
#11135 = ORIENTED_EDGE('',*,*,#11041,.T.);
#11136 = ORIENTED_EDGE('',*,*,#10971,.T.);
#11137 = ORIENTED_EDGE('',*,*,#11088,.F.);
#11138 = ADVANCED_FACE('',(#11139),#10926,.T.);
#11139 = FACE_BOUND('',#11140,.T.);
#11140 = EDGE_LOOP('',(#11141,#11142,#11143,#11144));
#11141 = ORIENTED_EDGE('',*,*,#10912,.F.);
#11142 = ORIENTED_EDGE('',*,*,#11063,.T.);
#11143 = ORIENTED_EDGE('',*,*,#11017,.T.);
#11144 = ORIENTED_EDGE('',*,*,#11110,.F.);
#11145 = ( GEOMETRIC_REPRESENTATION_CONTEXT(3)
GLOBAL_UNCERTAINTY_ASSIGNED_CONTEXT((#11149))
GLOBAL_UNIT_ASSIGNED_CONTEXT((#11146,#11147,#11148))
REPRESENTATION_CONTEXT('Context #1',
  '3D Context with UNIT and UNCERTAINTY') );
#11146 = ( LENGTH_UNIT() NAMED_UNIT(*) SI_UNIT(.MILLI.,.METRE.) );
#11147 = ( NAMED_UNIT(*) PLANE_ANGLE_UNIT() SI_UNIT($,.RADIAN.) );
#11148 = ( NAMED_UNIT(*) SI_UNIT($,.STERADIAN.) SOLID_ANGLE_UNIT() );
#11149 = UNCERTAINTY_MEASURE_WITH_UNIT(LENGTH_MEASURE(1.E-07),#11146,
  'distance_accuracy_value','confusion accuracy');
#11150 = CONTEXT_DEPENDENT_SHAPE_REPRESENTATION(#11151,#11153);
#11151 = ( REPRESENTATION_RELATIONSHIP('','',#10814,#10)
REPRESENTATION_RELATIONSHIP_WITH_TRANSFORMATION(#11152)
SHAPE_REPRESENTATION_RELATIONSHIP() );
#11152 = ITEM_DEFINED_TRANSFORMATION('','',#11,#47);
#11153 = PRODUCT_DEFINITION_SHAPE('Placement','Placement of an item',
  #11154);
#11154 = NEXT_ASSEMBLY_USAGE_OCCURRENCE('154','','',#5,#10809,$);
#11155 = PRODUCT_RELATED_PRODUCT_CATEGORY('part',$,(#10811));
#11156 = SHAPE_DEFINITION_REPRESENTATION(#11157,#11163);
#11157 = PRODUCT_DEFINITION_SHAPE('','',#11158);
#11158 = PRODUCT_DEFINITION('design','',#11159,#11162);
#11159 = PRODUCT_DEFINITION_FORMATION('','',#11160);
#11160 = PRODUCT('Open CASCADE STEP translator 7.8 6.10',
  'Open CASCADE STEP translator 7.8 6.10','',(#11161));
#11161 = PRODUCT_CONTEXT('',#2,'mechanical');
#11162 = PRODUCT_DEFINITION_CONTEXT('part definition',#2,'design');
#11163 = ADVANCED_BREP_SHAPE_REPRESENTATION('',(#11,#11164),#11494);
#11164 = MANIFOLD_SOLID_BREP('',#11165);
#11165 = CLOSED_SHELL('',(#11166,#11286,#11386,#11433,#11480,#11487));
#11166 = ADVANCED_FACE('',(#11167),#11181,.F.);
#11167 = FACE_BOUND('',#11168,.F.);
#11168 = EDGE_LOOP('',(#11169,#11204,#11232,#11260));
#11169 = ORIENTED_EDGE('',*,*,#11170,.F.);
#11170 = EDGE_CURVE('',#11171,#11173,#11175,.T.);
#11171 = VERTEX_POINT('',#11172);
#11172 = CARTESIAN_POINT('',(-0.667468245269,3.656088913246,-6.));
#11173 = VERTEX_POINT('',#11174);
#11174 = CARTESIAN_POINT('',(-0.667468245269,3.656088913246,-5.7));
#11175 = SURFACE_CURVE('',#11176,(#11180,#11192),.PCURVE_S1.);
#11176 = LINE('',#11177,#11178);
#11177 = CARTESIAN_POINT('',(-0.667468245269,3.656088913246,-6.));
#11178 = VECTOR('',#11179,1.);
#11179 = DIRECTION('',(0.,0.,1.));
#11180 = PCURVE('',#11181,#11186);
#11181 = PLANE('',#11182);
#11182 = AXIS2_PLACEMENT_3D('',#11183,#11184,#11185);
#11183 = CARTESIAN_POINT('',(-0.667468245269,3.656088913246,-6.));
#11184 = DIRECTION('',(-0.5,0.866025403784,0.));
#11185 = DIRECTION('',(0.,0.,1.));
#11186 = DEFINITIONAL_REPRESENTATION('',(#11187),#11191);
#11187 = LINE('',#11188,#11189);
#11188 = CARTESIAN_POINT('',(0.,0.));
#11189 = VECTOR('',#11190,1.);
#11190 = DIRECTION('',(1.,0.));
#11191 = ( GEOMETRIC_REPRESENTATION_CONTEXT(2)
PARAMETRIC_REPRESENTATION_CONTEXT() REPRESENTATION_CONTEXT('2D SPACE',''
  ) );
#11192 = PCURVE('',#11193,#11198);
#11193 = PLANE('',#11194);
#11194 = AXIS2_PLACEMENT_3D('',#11195,#11196,#11197);
#11195 = CARTESIAN_POINT('',(-0.667468245269,3.656088913246,-6.));
#11196 = DIRECTION('',(-0.866025403784,-0.5,0.));
#11197 = DIRECTION('',(0.,0.,1.));
#11198 = DEFINITIONAL_REPRESENTATION('',(#11199),#11203);
#11199 = LINE('',#11200,#11201);
#11200 = CARTESIAN_POINT('',(0.,0.));
#11201 = VECTOR('',#11202,1.);
#11202 = DIRECTION('',(1.,0.));
#11203 = ( GEOMETRIC_REPRESENTATION_CONTEXT(2)
PARAMETRIC_REPRESENTATION_CONTEXT() REPRESENTATION_CONTEXT('2D SPACE',''
  ) );
#11204 = ORIENTED_EDGE('',*,*,#11205,.T.);
#11205 = EDGE_CURVE('',#11171,#11206,#11208,.T.);
#11206 = VERTEX_POINT('',#11207);
#11207 = CARTESIAN_POINT('',(-2.832531754731,2.406088913246,-6.));
#11208 = SURFACE_CURVE('',#11209,(#11213,#11220),.PCURVE_S1.);
#11209 = LINE('',#11210,#11211);
#11210 = CARTESIAN_POINT('',(-0.667468245269,3.656088913246,-6.));
#11211 = VECTOR('',#11212,1.);
#11212 = DIRECTION('',(-0.866025403784,-0.5,0.));
#11213 = PCURVE('',#11181,#11214);
#11214 = DEFINITIONAL_REPRESENTATION('',(#11215),#11219);
#11215 = LINE('',#11216,#11217);
#11216 = CARTESIAN_POINT('',(0.,0.));
#11217 = VECTOR('',#11218,1.);
#11218 = DIRECTION('',(0.,-1.));
#11219 = ( GEOMETRIC_REPRESENTATION_CONTEXT(2)
PARAMETRIC_REPRESENTATION_CONTEXT() REPRESENTATION_CONTEXT('2D SPACE',''
  ) );
#11220 = PCURVE('',#11221,#11226);
#11221 = PLANE('',#11222);
#11222 = AXIS2_PLACEMENT_3D('',#11223,#11224,#11225);
#11223 = CARTESIAN_POINT('',(-0.667468245269,3.656088913246,-6.));
#11224 = DIRECTION('',(0.,0.,1.));
#11225 = DIRECTION('',(-0.5,0.866025403784,0.));
#11226 = DEFINITIONAL_REPRESENTATION('',(#11227),#11231);
#11227 = LINE('',#11228,#11229);
#11228 = CARTESIAN_POINT('',(0.,0.));
#11229 = VECTOR('',#11230,1.);
#11230 = DIRECTION('',(2.231125221501E-17,1.));
#11231 = ( GEOMETRIC_REPRESENTATION_CONTEXT(2)
PARAMETRIC_REPRESENTATION_CONTEXT() REPRESENTATION_CONTEXT('2D SPACE',''
  ) );
#11232 = ORIENTED_EDGE('',*,*,#11233,.T.);
#11233 = EDGE_CURVE('',#11206,#11234,#11236,.T.);
#11234 = VERTEX_POINT('',#11235);
#11235 = CARTESIAN_POINT('',(-2.832531754731,2.406088913246,-5.7));
#11236 = SURFACE_CURVE('',#11237,(#11241,#11248),.PCURVE_S1.);
#11237 = LINE('',#11238,#11239);
#11238 = CARTESIAN_POINT('',(-2.832531754731,2.406088913246,-6.));
#11239 = VECTOR('',#11240,1.);
#11240 = DIRECTION('',(0.,0.,1.));
#11241 = PCURVE('',#11181,#11242);
#11242 = DEFINITIONAL_REPRESENTATION('',(#11243),#11247);
#11243 = LINE('',#11244,#11245);
#11244 = CARTESIAN_POINT('',(0.,-2.5));
#11245 = VECTOR('',#11246,1.);
#11246 = DIRECTION('',(1.,0.));
#11247 = ( GEOMETRIC_REPRESENTATION_CONTEXT(2)
PARAMETRIC_REPRESENTATION_CONTEXT() REPRESENTATION_CONTEXT('2D SPACE',''
  ) );
#11248 = PCURVE('',#11249,#11254);
#11249 = PLANE('',#11250);
#11250 = AXIS2_PLACEMENT_3D('',#11251,#11252,#11253);
#11251 = CARTESIAN_POINT('',(-2.832531754731,2.406088913246,-6.));
#11252 = DIRECTION('',(-0.866025403784,-0.5,0.));
#11253 = DIRECTION('',(0.,0.,1.));
#11254 = DEFINITIONAL_REPRESENTATION('',(#11255),#11259);
#11255 = LINE('',#11256,#11257);
#11256 = CARTESIAN_POINT('',(0.,0.));
#11257 = VECTOR('',#11258,1.);
#11258 = DIRECTION('',(1.,0.));
#11259 = ( GEOMETRIC_REPRESENTATION_CONTEXT(2)
PARAMETRIC_REPRESENTATION_CONTEXT() REPRESENTATION_CONTEXT('2D SPACE',''
  ) );
#11260 = ORIENTED_EDGE('',*,*,#11261,.F.);
#11261 = EDGE_CURVE('',#11173,#11234,#11262,.T.);
#11262 = SURFACE_CURVE('',#11263,(#11267,#11274),.PCURVE_S1.);
#11263 = LINE('',#11264,#11265);
#11264 = CARTESIAN_POINT('',(-0.667468245269,3.656088913246,-5.7));
#11265 = VECTOR('',#11266,1.);
#11266 = DIRECTION('',(-0.866025403784,-0.5,0.));
#11267 = PCURVE('',#11181,#11268);
#11268 = DEFINITIONAL_REPRESENTATION('',(#11269),#11273);
#11269 = LINE('',#11270,#11271);
#11270 = CARTESIAN_POINT('',(0.3,0.));
#11271 = VECTOR('',#11272,1.);
#11272 = DIRECTION('',(0.,-1.));
#11273 = ( GEOMETRIC_REPRESENTATION_CONTEXT(2)
PARAMETRIC_REPRESENTATION_CONTEXT() REPRESENTATION_CONTEXT('2D SPACE',''
  ) );
#11274 = PCURVE('',#11275,#11280);
#11275 = PLANE('',#11276);
#11276 = AXIS2_PLACEMENT_3D('',#11277,#11278,#11279);
#11277 = CARTESIAN_POINT('',(-0.667468245269,3.656088913246,-5.7));
#11278 = DIRECTION('',(0.,0.,1.));
#11279 = DIRECTION('',(-0.5,0.866025403784,0.));
#11280 = DEFINITIONAL_REPRESENTATION('',(#11281),#11285);
#11281 = LINE('',#11282,#11283);
#11282 = CARTESIAN_POINT('',(0.,0.));
#11283 = VECTOR('',#11284,1.);
#11284 = DIRECTION('',(2.231125221501E-17,1.));
#11285 = ( GEOMETRIC_REPRESENTATION_CONTEXT(2)
PARAMETRIC_REPRESENTATION_CONTEXT() REPRESENTATION_CONTEXT('2D SPACE',''
  ) );
#11286 = ADVANCED_FACE('',(#11287),#11301,.T.);
#11287 = FACE_BOUND('',#11288,.T.);
#11288 = EDGE_LOOP('',(#11289,#11319,#11342,#11365));
#11289 = ORIENTED_EDGE('',*,*,#11290,.F.);
#11290 = EDGE_CURVE('',#11291,#11293,#11295,.T.);
#11291 = VERTEX_POINT('',#11292);
#11292 = CARTESIAN_POINT('',(-0.917468245269,4.089101615138,-6.));
#11293 = VERTEX_POINT('',#11294);
#11294 = CARTESIAN_POINT('',(-0.917468245269,4.089101615138,-5.7));
#11295 = SURFACE_CURVE('',#11296,(#11300,#11312),.PCURVE_S1.);
#11296 = LINE('',#11297,#11298);
#11297 = CARTESIAN_POINT('',(-0.917468245269,4.089101615138,-6.));
#11298 = VECTOR('',#11299,1.);
#11299 = DIRECTION('',(0.,0.,1.));
#11300 = PCURVE('',#11301,#11306);
#11301 = PLANE('',#11302);
#11302 = AXIS2_PLACEMENT_3D('',#11303,#11304,#11305);
#11303 = CARTESIAN_POINT('',(-0.917468245269,4.089101615138,-6.));
#11304 = DIRECTION('',(-0.5,0.866025403784,0.));
#11305 = DIRECTION('',(0.,0.,1.));
#11306 = DEFINITIONAL_REPRESENTATION('',(#11307),#11311);
#11307 = LINE('',#11308,#11309);
#11308 = CARTESIAN_POINT('',(0.,0.));
#11309 = VECTOR('',#11310,1.);
#11310 = DIRECTION('',(1.,0.));
#11311 = ( GEOMETRIC_REPRESENTATION_CONTEXT(2)
PARAMETRIC_REPRESENTATION_CONTEXT() REPRESENTATION_CONTEXT('2D SPACE',''
  ) );
#11312 = PCURVE('',#11193,#11313);
#11313 = DEFINITIONAL_REPRESENTATION('',(#11314),#11318);
#11314 = LINE('',#11315,#11316);
#11315 = CARTESIAN_POINT('',(0.,0.5));
#11316 = VECTOR('',#11317,1.);
#11317 = DIRECTION('',(1.,0.));
#11318 = ( GEOMETRIC_REPRESENTATION_CONTEXT(2)
PARAMETRIC_REPRESENTATION_CONTEXT() REPRESENTATION_CONTEXT('2D SPACE',''
  ) );
#11319 = ORIENTED_EDGE('',*,*,#11320,.T.);
#11320 = EDGE_CURVE('',#11291,#11321,#11323,.T.);
#11321 = VERTEX_POINT('',#11322);
#11322 = CARTESIAN_POINT('',(-3.082531754731,2.839101615138,-6.));
#11323 = SURFACE_CURVE('',#11324,(#11328,#11335),.PCURVE_S1.);
#11324 = LINE('',#11325,#11326);
#11325 = CARTESIAN_POINT('',(-0.917468245269,4.089101615138,-6.));
#11326 = VECTOR('',#11327,1.);
#11327 = DIRECTION('',(-0.866025403784,-0.5,0.));
#11328 = PCURVE('',#11301,#11329);
#11329 = DEFINITIONAL_REPRESENTATION('',(#11330),#11334);
#11330 = LINE('',#11331,#11332);
#11331 = CARTESIAN_POINT('',(0.,0.));
#11332 = VECTOR('',#11333,1.);
#11333 = DIRECTION('',(0.,-1.));
#11334 = ( GEOMETRIC_REPRESENTATION_CONTEXT(2)
PARAMETRIC_REPRESENTATION_CONTEXT() REPRESENTATION_CONTEXT('2D SPACE',''
  ) );
#11335 = PCURVE('',#11221,#11336);
#11336 = DEFINITIONAL_REPRESENTATION('',(#11337),#11341);
#11337 = LINE('',#11338,#11339);
#11338 = CARTESIAN_POINT('',(0.5,9.814089499022E-17));
#11339 = VECTOR('',#11340,1.);
#11340 = DIRECTION('',(2.231125221501E-17,1.));
#11341 = ( GEOMETRIC_REPRESENTATION_CONTEXT(2)
PARAMETRIC_REPRESENTATION_CONTEXT() REPRESENTATION_CONTEXT('2D SPACE',''
  ) );
#11342 = ORIENTED_EDGE('',*,*,#11343,.T.);
#11343 = EDGE_CURVE('',#11321,#11344,#11346,.T.);
#11344 = VERTEX_POINT('',#11345);
#11345 = CARTESIAN_POINT('',(-3.082531754731,2.839101615138,-5.7));
#11346 = SURFACE_CURVE('',#11347,(#11351,#11358),.PCURVE_S1.);
#11347 = LINE('',#11348,#11349);
#11348 = CARTESIAN_POINT('',(-3.082531754731,2.839101615138,-6.));
#11349 = VECTOR('',#11350,1.);
#11350 = DIRECTION('',(0.,0.,1.));
#11351 = PCURVE('',#11301,#11352);
#11352 = DEFINITIONAL_REPRESENTATION('',(#11353),#11357);
#11353 = LINE('',#11354,#11355);
#11354 = CARTESIAN_POINT('',(0.,-2.5));
#11355 = VECTOR('',#11356,1.);
#11356 = DIRECTION('',(1.,0.));
#11357 = ( GEOMETRIC_REPRESENTATION_CONTEXT(2)
PARAMETRIC_REPRESENTATION_CONTEXT() REPRESENTATION_CONTEXT('2D SPACE',''
  ) );
#11358 = PCURVE('',#11249,#11359);
#11359 = DEFINITIONAL_REPRESENTATION('',(#11360),#11364);
#11360 = LINE('',#11361,#11362);
#11361 = CARTESIAN_POINT('',(0.,0.5));
#11362 = VECTOR('',#11363,1.);
#11363 = DIRECTION('',(1.,0.));
#11364 = ( GEOMETRIC_REPRESENTATION_CONTEXT(2)
PARAMETRIC_REPRESENTATION_CONTEXT() REPRESENTATION_CONTEXT('2D SPACE',''
  ) );
#11365 = ORIENTED_EDGE('',*,*,#11366,.F.);
#11366 = EDGE_CURVE('',#11293,#11344,#11367,.T.);
#11367 = SURFACE_CURVE('',#11368,(#11372,#11379),.PCURVE_S1.);
#11368 = LINE('',#11369,#11370);
#11369 = CARTESIAN_POINT('',(-0.917468245269,4.089101615138,-5.7));
#11370 = VECTOR('',#11371,1.);
#11371 = DIRECTION('',(-0.866025403784,-0.5,0.));
#11372 = PCURVE('',#11301,#11373);
#11373 = DEFINITIONAL_REPRESENTATION('',(#11374),#11378);
#11374 = LINE('',#11375,#11376);
#11375 = CARTESIAN_POINT('',(0.3,0.));
#11376 = VECTOR('',#11377,1.);
#11377 = DIRECTION('',(0.,-1.));
#11378 = ( GEOMETRIC_REPRESENTATION_CONTEXT(2)
PARAMETRIC_REPRESENTATION_CONTEXT() REPRESENTATION_CONTEXT('2D SPACE',''
  ) );
#11379 = PCURVE('',#11275,#11380);
#11380 = DEFINITIONAL_REPRESENTATION('',(#11381),#11385);
#11381 = LINE('',#11382,#11383);
#11382 = CARTESIAN_POINT('',(0.5,9.814089499022E-17));
#11383 = VECTOR('',#11384,1.);
#11384 = DIRECTION('',(2.231125221501E-17,1.));
#11385 = ( GEOMETRIC_REPRESENTATION_CONTEXT(2)
PARAMETRIC_REPRESENTATION_CONTEXT() REPRESENTATION_CONTEXT('2D SPACE',''
  ) );
#11386 = ADVANCED_FACE('',(#11387),#11193,.F.);
#11387 = FACE_BOUND('',#11388,.F.);
#11388 = EDGE_LOOP('',(#11389,#11410,#11411,#11432));
#11389 = ORIENTED_EDGE('',*,*,#11390,.F.);
#11390 = EDGE_CURVE('',#11171,#11291,#11391,.T.);
#11391 = SURFACE_CURVE('',#11392,(#11396,#11403),.PCURVE_S1.);
#11392 = LINE('',#11393,#11394);
#11393 = CARTESIAN_POINT('',(-0.667468245269,3.656088913246,-6.));
#11394 = VECTOR('',#11395,1.);
#11395 = DIRECTION('',(-0.5,0.866025403784,0.));
#11396 = PCURVE('',#11193,#11397);
#11397 = DEFINITIONAL_REPRESENTATION('',(#11398),#11402);
#11398 = LINE('',#11399,#11400);
#11399 = CARTESIAN_POINT('',(0.,0.));
#11400 = VECTOR('',#11401,1.);
#11401 = DIRECTION('',(0.,1.));
#11402 = ( GEOMETRIC_REPRESENTATION_CONTEXT(2)
PARAMETRIC_REPRESENTATION_CONTEXT() REPRESENTATION_CONTEXT('2D SPACE',''
  ) );
#11403 = PCURVE('',#11221,#11404);
#11404 = DEFINITIONAL_REPRESENTATION('',(#11405),#11409);
#11405 = LINE('',#11406,#11407);
#11406 = CARTESIAN_POINT('',(0.,0.));
#11407 = VECTOR('',#11408,1.);
#11408 = DIRECTION('',(1.,2.231125221501E-17));
#11409 = ( GEOMETRIC_REPRESENTATION_CONTEXT(2)
PARAMETRIC_REPRESENTATION_CONTEXT() REPRESENTATION_CONTEXT('2D SPACE',''
  ) );
#11410 = ORIENTED_EDGE('',*,*,#11170,.T.);
#11411 = ORIENTED_EDGE('',*,*,#11412,.T.);
#11412 = EDGE_CURVE('',#11173,#11293,#11413,.T.);
#11413 = SURFACE_CURVE('',#11414,(#11418,#11425),.PCURVE_S1.);
#11414 = LINE('',#11415,#11416);
#11415 = CARTESIAN_POINT('',(-0.667468245269,3.656088913246,-5.7));
#11416 = VECTOR('',#11417,1.);
#11417 = DIRECTION('',(-0.5,0.866025403784,0.));
#11418 = PCURVE('',#11193,#11419);
#11419 = DEFINITIONAL_REPRESENTATION('',(#11420),#11424);
#11420 = LINE('',#11421,#11422);
#11421 = CARTESIAN_POINT('',(0.3,0.));
#11422 = VECTOR('',#11423,1.);
#11423 = DIRECTION('',(0.,1.));
#11424 = ( GEOMETRIC_REPRESENTATION_CONTEXT(2)
PARAMETRIC_REPRESENTATION_CONTEXT() REPRESENTATION_CONTEXT('2D SPACE',''
  ) );
#11425 = PCURVE('',#11275,#11426);
#11426 = DEFINITIONAL_REPRESENTATION('',(#11427),#11431);
#11427 = LINE('',#11428,#11429);
#11428 = CARTESIAN_POINT('',(0.,0.));
#11429 = VECTOR('',#11430,1.);
#11430 = DIRECTION('',(1.,2.231125221501E-17));
#11431 = ( GEOMETRIC_REPRESENTATION_CONTEXT(2)
PARAMETRIC_REPRESENTATION_CONTEXT() REPRESENTATION_CONTEXT('2D SPACE',''
  ) );
#11432 = ORIENTED_EDGE('',*,*,#11290,.F.);
#11433 = ADVANCED_FACE('',(#11434),#11249,.T.);
#11434 = FACE_BOUND('',#11435,.T.);
#11435 = EDGE_LOOP('',(#11436,#11457,#11458,#11479));
#11436 = ORIENTED_EDGE('',*,*,#11437,.F.);
#11437 = EDGE_CURVE('',#11206,#11321,#11438,.T.);
#11438 = SURFACE_CURVE('',#11439,(#11443,#11450),.PCURVE_S1.);
#11439 = LINE('',#11440,#11441);
#11440 = CARTESIAN_POINT('',(-2.832531754731,2.406088913246,-6.));
#11441 = VECTOR('',#11442,1.);
#11442 = DIRECTION('',(-0.5,0.866025403784,0.));
#11443 = PCURVE('',#11249,#11444);
#11444 = DEFINITIONAL_REPRESENTATION('',(#11445),#11449);
#11445 = LINE('',#11446,#11447);
#11446 = CARTESIAN_POINT('',(0.,0.));
#11447 = VECTOR('',#11448,1.);
#11448 = DIRECTION('',(0.,1.));
#11449 = ( GEOMETRIC_REPRESENTATION_CONTEXT(2)
PARAMETRIC_REPRESENTATION_CONTEXT() REPRESENTATION_CONTEXT('2D SPACE',''
  ) );
#11450 = PCURVE('',#11221,#11451);
#11451 = DEFINITIONAL_REPRESENTATION('',(#11452),#11456);
#11452 = LINE('',#11453,#11454);
#11453 = CARTESIAN_POINT('',(-1.385108987719E-16,2.5));
#11454 = VECTOR('',#11455,1.);
#11455 = DIRECTION('',(1.,2.231125221501E-17));
#11456 = ( GEOMETRIC_REPRESENTATION_CONTEXT(2)
PARAMETRIC_REPRESENTATION_CONTEXT() REPRESENTATION_CONTEXT('2D SPACE',''
  ) );
#11457 = ORIENTED_EDGE('',*,*,#11233,.T.);
#11458 = ORIENTED_EDGE('',*,*,#11459,.T.);
#11459 = EDGE_CURVE('',#11234,#11344,#11460,.T.);
#11460 = SURFACE_CURVE('',#11461,(#11465,#11472),.PCURVE_S1.);
#11461 = LINE('',#11462,#11463);
#11462 = CARTESIAN_POINT('',(-2.832531754731,2.406088913246,-5.7));
#11463 = VECTOR('',#11464,1.);
#11464 = DIRECTION('',(-0.5,0.866025403784,0.));
#11465 = PCURVE('',#11249,#11466);
#11466 = DEFINITIONAL_REPRESENTATION('',(#11467),#11471);
#11467 = LINE('',#11468,#11469);
#11468 = CARTESIAN_POINT('',(0.3,0.));
#11469 = VECTOR('',#11470,1.);
#11470 = DIRECTION('',(0.,1.));
#11471 = ( GEOMETRIC_REPRESENTATION_CONTEXT(2)
PARAMETRIC_REPRESENTATION_CONTEXT() REPRESENTATION_CONTEXT('2D SPACE',''
  ) );
#11472 = PCURVE('',#11275,#11473);
#11473 = DEFINITIONAL_REPRESENTATION('',(#11474),#11478);
#11474 = LINE('',#11475,#11476);
#11475 = CARTESIAN_POINT('',(-1.385108987719E-16,2.5));
#11476 = VECTOR('',#11477,1.);
#11477 = DIRECTION('',(1.,2.231125221501E-17));
#11478 = ( GEOMETRIC_REPRESENTATION_CONTEXT(2)
PARAMETRIC_REPRESENTATION_CONTEXT() REPRESENTATION_CONTEXT('2D SPACE',''
  ) );
#11479 = ORIENTED_EDGE('',*,*,#11343,.F.);
#11480 = ADVANCED_FACE('',(#11481),#11221,.F.);
#11481 = FACE_BOUND('',#11482,.F.);
#11482 = EDGE_LOOP('',(#11483,#11484,#11485,#11486));
#11483 = ORIENTED_EDGE('',*,*,#11205,.F.);
#11484 = ORIENTED_EDGE('',*,*,#11390,.T.);
#11485 = ORIENTED_EDGE('',*,*,#11320,.T.);
#11486 = ORIENTED_EDGE('',*,*,#11437,.F.);
#11487 = ADVANCED_FACE('',(#11488),#11275,.T.);
#11488 = FACE_BOUND('',#11489,.T.);
#11489 = EDGE_LOOP('',(#11490,#11491,#11492,#11493));
#11490 = ORIENTED_EDGE('',*,*,#11261,.F.);
#11491 = ORIENTED_EDGE('',*,*,#11412,.T.);
#11492 = ORIENTED_EDGE('',*,*,#11366,.T.);
#11493 = ORIENTED_EDGE('',*,*,#11459,.F.);
#11494 = ( GEOMETRIC_REPRESENTATION_CONTEXT(3)
GLOBAL_UNCERTAINTY_ASSIGNED_CONTEXT((#11498))
GLOBAL_UNIT_ASSIGNED_CONTEXT((#11495,#11496,#11497))
REPRESENTATION_CONTEXT('Context #1',
  '3D Context with UNIT and UNCERTAINTY') );
#11495 = ( LENGTH_UNIT() NAMED_UNIT(*) SI_UNIT(.MILLI.,.METRE.) );
#11496 = ( NAMED_UNIT(*) PLANE_ANGLE_UNIT() SI_UNIT($,.RADIAN.) );
#11497 = ( NAMED_UNIT(*) SI_UNIT($,.STERADIAN.) SOLID_ANGLE_UNIT() );
#11498 = UNCERTAINTY_MEASURE_WITH_UNIT(LENGTH_MEASURE(1.E-07),#11495,
  'distance_accuracy_value','confusion accuracy');
#11499 = CONTEXT_DEPENDENT_SHAPE_REPRESENTATION(#11500,#11502);
#11500 = ( REPRESENTATION_RELATIONSHIP('','',#11163,#10)
REPRESENTATION_RELATIONSHIP_WITH_TRANSFORMATION(#11501)
SHAPE_REPRESENTATION_RELATIONSHIP() );
#11501 = ITEM_DEFINED_TRANSFORMATION('','',#11,#51);
#11502 = PRODUCT_DEFINITION_SHAPE('Placement','Placement of an item',
  #11503);
#11503 = NEXT_ASSEMBLY_USAGE_OCCURRENCE('155','','',#5,#11158,$);
#11504 = PRODUCT_RELATED_PRODUCT_CATEGORY('part',$,(#11160));
#11505 = SHAPE_DEFINITION_REPRESENTATION(#11506,#11512);
#11506 = PRODUCT_DEFINITION_SHAPE('','',#11507);
#11507 = PRODUCT_DEFINITION('design','',#11508,#11511);
#11508 = PRODUCT_DEFINITION_FORMATION('','',#11509);
#11509 = PRODUCT('Open CASCADE STEP translator 7.8 6.11',
  'Open CASCADE STEP translator 7.8 6.11','',(#11510));
#11510 = PRODUCT_CONTEXT('',#2,'mechanical');
#11511 = PRODUCT_DEFINITION_CONTEXT('part definition',#2,'design');
#11512 = ADVANCED_BREP_SHAPE_REPRESENTATION('',(#11,#11513),#11843);
#11513 = MANIFOLD_SOLID_BREP('',#11514);
#11514 = CLOSED_SHELL('',(#11515,#11635,#11735,#11782,#11829,#11836));
#11515 = ADVANCED_FACE('',(#11516),#11530,.F.);
#11516 = FACE_BOUND('',#11517,.F.);
#11517 = EDGE_LOOP('',(#11518,#11553,#11581,#11609));
#11518 = ORIENTED_EDGE('',*,*,#11519,.F.);
#11519 = EDGE_CURVE('',#11520,#11522,#11524,.T.);
#11520 = VERTEX_POINT('',#11521);
#11521 = CARTESIAN_POINT('',(1.933012701892,2.348076211353,-8.));
#11522 = VERTEX_POINT('',#11523);
#11523 = CARTESIAN_POINT('',(1.933012701892,2.348076211353,-7.05));
#11524 = SURFACE_CURVE('',#11525,(#11529,#11541),.PCURVE_S1.);
#11525 = LINE('',#11526,#11527);
#11526 = CARTESIAN_POINT('',(1.933012701892,2.348076211353,-8.));
#11527 = VECTOR('',#11528,1.);
#11528 = DIRECTION('',(0.,0.,1.));
#11529 = PCURVE('',#11530,#11535);
#11530 = PLANE('',#11531);
#11531 = AXIS2_PLACEMENT_3D('',#11532,#11533,#11534);
#11532 = CARTESIAN_POINT('',(1.933012701892,2.348076211353,-8.));
#11533 = DIRECTION('',(0.5,0.866025403784,0.));
#11534 = DIRECTION('',(0.,0.,1.));
#11535 = DEFINITIONAL_REPRESENTATION('',(#11536),#11540);
#11536 = LINE('',#11537,#11538);
#11537 = CARTESIAN_POINT('',(0.,0.));
#11538 = VECTOR('',#11539,1.);
#11539 = DIRECTION('',(1.,0.));
#11540 = ( GEOMETRIC_REPRESENTATION_CONTEXT(2)
PARAMETRIC_REPRESENTATION_CONTEXT() REPRESENTATION_CONTEXT('2D SPACE',''
  ) );
#11541 = PCURVE('',#11542,#11547);
#11542 = PLANE('',#11543);
#11543 = AXIS2_PLACEMENT_3D('',#11544,#11545,#11546);
#11544 = CARTESIAN_POINT('',(1.933012701892,2.348076211353,-8.));
#11545 = DIRECTION('',(-0.866025403784,0.5,0.));
#11546 = DIRECTION('',(0.,0.,1.));
#11547 = DEFINITIONAL_REPRESENTATION('',(#11548),#11552);
#11548 = LINE('',#11549,#11550);
#11549 = CARTESIAN_POINT('',(0.,0.));
#11550 = VECTOR('',#11551,1.);
#11551 = DIRECTION('',(1.,0.));
#11552 = ( GEOMETRIC_REPRESENTATION_CONTEXT(2)
PARAMETRIC_REPRESENTATION_CONTEXT() REPRESENTATION_CONTEXT('2D SPACE',''
  ) );
#11553 = ORIENTED_EDGE('',*,*,#11554,.T.);
#11554 = EDGE_CURVE('',#11520,#11555,#11557,.T.);
#11555 = VERTEX_POINT('',#11556);
#11556 = CARTESIAN_POINT('',(1.066987298108,2.848076211353,-8.));
#11557 = SURFACE_CURVE('',#11558,(#11562,#11569),.PCURVE_S1.);
#11558 = LINE('',#11559,#11560);
#11559 = CARTESIAN_POINT('',(1.933012701892,2.348076211353,-8.));
#11560 = VECTOR('',#11561,1.);
#11561 = DIRECTION('',(-0.866025403784,0.5,0.));
#11562 = PCURVE('',#11530,#11563);
#11563 = DEFINITIONAL_REPRESENTATION('',(#11564),#11568);
#11564 = LINE('',#11565,#11566);
#11565 = CARTESIAN_POINT('',(0.,0.));
#11566 = VECTOR('',#11567,1.);
#11567 = DIRECTION('',(0.,-1.));
#11568 = ( GEOMETRIC_REPRESENTATION_CONTEXT(2)
PARAMETRIC_REPRESENTATION_CONTEXT() REPRESENTATION_CONTEXT('2D SPACE',''
  ) );
#11569 = PCURVE('',#11570,#11575);
#11570 = PLANE('',#11571);
#11571 = AXIS2_PLACEMENT_3D('',#11572,#11573,#11574);
#11572 = CARTESIAN_POINT('',(1.933012701892,2.348076211353,-8.));
#11573 = DIRECTION('',(0.,0.,1.));
#11574 = DIRECTION('',(0.5,0.866025403784,0.));
#11575 = DEFINITIONAL_REPRESENTATION('',(#11576),#11580);
#11576 = LINE('',#11577,#11578);
#11577 = CARTESIAN_POINT('',(0.,0.));
#11578 = VECTOR('',#11579,1.);
#11579 = DIRECTION('',(1.487416814334E-17,1.));
#11580 = ( GEOMETRIC_REPRESENTATION_CONTEXT(2)
PARAMETRIC_REPRESENTATION_CONTEXT() REPRESENTATION_CONTEXT('2D SPACE',''
  ) );
#11581 = ORIENTED_EDGE('',*,*,#11582,.T.);
#11582 = EDGE_CURVE('',#11555,#11583,#11585,.T.);
#11583 = VERTEX_POINT('',#11584);
#11584 = CARTESIAN_POINT('',(1.066987298108,2.848076211353,-7.05));
#11585 = SURFACE_CURVE('',#11586,(#11590,#11597),.PCURVE_S1.);
#11586 = LINE('',#11587,#11588);
#11587 = CARTESIAN_POINT('',(1.066987298108,2.848076211353,-8.));
#11588 = VECTOR('',#11589,1.);
#11589 = DIRECTION('',(0.,0.,1.));
#11590 = PCURVE('',#11530,#11591);
#11591 = DEFINITIONAL_REPRESENTATION('',(#11592),#11596);
#11592 = LINE('',#11593,#11594);
#11593 = CARTESIAN_POINT('',(0.,-1.));
#11594 = VECTOR('',#11595,1.);
#11595 = DIRECTION('',(1.,0.));
#11596 = ( GEOMETRIC_REPRESENTATION_CONTEXT(2)
PARAMETRIC_REPRESENTATION_CONTEXT() REPRESENTATION_CONTEXT('2D SPACE',''
  ) );
#11597 = PCURVE('',#11598,#11603);
#11598 = PLANE('',#11599);
#11599 = AXIS2_PLACEMENT_3D('',#11600,#11601,#11602);
#11600 = CARTESIAN_POINT('',(1.066987298108,2.848076211353,-8.));
#11601 = DIRECTION('',(-0.866025403784,0.5,0.));
#11602 = DIRECTION('',(0.,0.,1.));
#11603 = DEFINITIONAL_REPRESENTATION('',(#11604),#11608);
#11604 = LINE('',#11605,#11606);
#11605 = CARTESIAN_POINT('',(0.,0.));
#11606 = VECTOR('',#11607,1.);
#11607 = DIRECTION('',(1.,0.));
#11608 = ( GEOMETRIC_REPRESENTATION_CONTEXT(2)
PARAMETRIC_REPRESENTATION_CONTEXT() REPRESENTATION_CONTEXT('2D SPACE',''
  ) );
#11609 = ORIENTED_EDGE('',*,*,#11610,.F.);
#11610 = EDGE_CURVE('',#11522,#11583,#11611,.T.);
#11611 = SURFACE_CURVE('',#11612,(#11616,#11623),.PCURVE_S1.);
#11612 = LINE('',#11613,#11614);
#11613 = CARTESIAN_POINT('',(1.933012701892,2.348076211353,-7.05));
#11614 = VECTOR('',#11615,1.);
#11615 = DIRECTION('',(-0.866025403784,0.5,0.));
#11616 = PCURVE('',#11530,#11617);
#11617 = DEFINITIONAL_REPRESENTATION('',(#11618),#11622);
#11618 = LINE('',#11619,#11620);
#11619 = CARTESIAN_POINT('',(0.95,0.));
#11620 = VECTOR('',#11621,1.);
#11621 = DIRECTION('',(0.,-1.));
#11622 = ( GEOMETRIC_REPRESENTATION_CONTEXT(2)
PARAMETRIC_REPRESENTATION_CONTEXT() REPRESENTATION_CONTEXT('2D SPACE',''
  ) );
#11623 = PCURVE('',#11624,#11629);
#11624 = PLANE('',#11625);
#11625 = AXIS2_PLACEMENT_3D('',#11626,#11627,#11628);
#11626 = CARTESIAN_POINT('',(1.933012701892,2.348076211353,-7.05));
#11627 = DIRECTION('',(0.,0.,1.));
#11628 = DIRECTION('',(0.5,0.866025403784,0.));
#11629 = DEFINITIONAL_REPRESENTATION('',(#11630),#11634);
#11630 = LINE('',#11631,#11632);
#11631 = CARTESIAN_POINT('',(0.,0.));
#11632 = VECTOR('',#11633,1.);
#11633 = DIRECTION('',(1.487416814334E-17,1.));
#11634 = ( GEOMETRIC_REPRESENTATION_CONTEXT(2)
PARAMETRIC_REPRESENTATION_CONTEXT() REPRESENTATION_CONTEXT('2D SPACE',''
  ) );
#11635 = ADVANCED_FACE('',(#11636),#11650,.T.);
#11636 = FACE_BOUND('',#11637,.T.);
#11637 = EDGE_LOOP('',(#11638,#11668,#11691,#11714));
#11638 = ORIENTED_EDGE('',*,*,#11639,.F.);
#11639 = EDGE_CURVE('',#11640,#11642,#11644,.T.);
#11640 = VERTEX_POINT('',#11641);
#11641 = CARTESIAN_POINT('',(2.433012701892,3.214101615138,-8.));
#11642 = VERTEX_POINT('',#11643);
#11643 = CARTESIAN_POINT('',(2.433012701892,3.214101615138,-7.05));
#11644 = SURFACE_CURVE('',#11645,(#11649,#11661),.PCURVE_S1.);
#11645 = LINE('',#11646,#11647);
#11646 = CARTESIAN_POINT('',(2.433012701892,3.214101615138,-8.));
#11647 = VECTOR('',#11648,1.);
#11648 = DIRECTION('',(0.,0.,1.));
#11649 = PCURVE('',#11650,#11655);
#11650 = PLANE('',#11651);
#11651 = AXIS2_PLACEMENT_3D('',#11652,#11653,#11654);
#11652 = CARTESIAN_POINT('',(2.433012701892,3.214101615138,-8.));
#11653 = DIRECTION('',(0.5,0.866025403784,0.));
#11654 = DIRECTION('',(0.,0.,1.));
#11655 = DEFINITIONAL_REPRESENTATION('',(#11656),#11660);
#11656 = LINE('',#11657,#11658);
#11657 = CARTESIAN_POINT('',(0.,0.));
#11658 = VECTOR('',#11659,1.);
#11659 = DIRECTION('',(1.,0.));
#11660 = ( GEOMETRIC_REPRESENTATION_CONTEXT(2)
PARAMETRIC_REPRESENTATION_CONTEXT() REPRESENTATION_CONTEXT('2D SPACE',''
  ) );
#11661 = PCURVE('',#11542,#11662);
#11662 = DEFINITIONAL_REPRESENTATION('',(#11663),#11667);
#11663 = LINE('',#11664,#11665);
#11664 = CARTESIAN_POINT('',(0.,1.));
#11665 = VECTOR('',#11666,1.);
#11666 = DIRECTION('',(1.,0.));
#11667 = ( GEOMETRIC_REPRESENTATION_CONTEXT(2)
PARAMETRIC_REPRESENTATION_CONTEXT() REPRESENTATION_CONTEXT('2D SPACE',''
  ) );
#11668 = ORIENTED_EDGE('',*,*,#11669,.T.);
#11669 = EDGE_CURVE('',#11640,#11670,#11672,.T.);
#11670 = VERTEX_POINT('',#11671);
#11671 = CARTESIAN_POINT('',(1.566987298108,3.714101615138,-8.));
#11672 = SURFACE_CURVE('',#11673,(#11677,#11684),.PCURVE_S1.);
#11673 = LINE('',#11674,#11675);
#11674 = CARTESIAN_POINT('',(2.433012701892,3.214101615138,-8.));
#11675 = VECTOR('',#11676,1.);
#11676 = DIRECTION('',(-0.866025403784,0.5,0.));
#11677 = PCURVE('',#11650,#11678);
#11678 = DEFINITIONAL_REPRESENTATION('',(#11679),#11683);
#11679 = LINE('',#11680,#11681);
#11680 = CARTESIAN_POINT('',(0.,0.));
#11681 = VECTOR('',#11682,1.);
#11682 = DIRECTION('',(0.,-1.));
#11683 = ( GEOMETRIC_REPRESENTATION_CONTEXT(2)
PARAMETRIC_REPRESENTATION_CONTEXT() REPRESENTATION_CONTEXT('2D SPACE',''
  ) );
#11684 = PCURVE('',#11570,#11685);
#11685 = DEFINITIONAL_REPRESENTATION('',(#11686),#11690);
#11686 = LINE('',#11687,#11688);
#11687 = CARTESIAN_POINT('',(1.,2.22044604925E-16));
#11688 = VECTOR('',#11689,1.);
#11689 = DIRECTION('',(1.487416814334E-17,1.));
#11690 = ( GEOMETRIC_REPRESENTATION_CONTEXT(2)
PARAMETRIC_REPRESENTATION_CONTEXT() REPRESENTATION_CONTEXT('2D SPACE',''
  ) );
#11691 = ORIENTED_EDGE('',*,*,#11692,.T.);
#11692 = EDGE_CURVE('',#11670,#11693,#11695,.T.);
#11693 = VERTEX_POINT('',#11694);
#11694 = CARTESIAN_POINT('',(1.566987298108,3.714101615138,-7.05));
#11695 = SURFACE_CURVE('',#11696,(#11700,#11707),.PCURVE_S1.);
#11696 = LINE('',#11697,#11698);
#11697 = CARTESIAN_POINT('',(1.566987298108,3.714101615138,-8.));
#11698 = VECTOR('',#11699,1.);
#11699 = DIRECTION('',(0.,0.,1.));
#11700 = PCURVE('',#11650,#11701);
#11701 = DEFINITIONAL_REPRESENTATION('',(#11702),#11706);
#11702 = LINE('',#11703,#11704);
#11703 = CARTESIAN_POINT('',(0.,-1.));
#11704 = VECTOR('',#11705,1.);
#11705 = DIRECTION('',(1.,0.));
#11706 = ( GEOMETRIC_REPRESENTATION_CONTEXT(2)
PARAMETRIC_REPRESENTATION_CONTEXT() REPRESENTATION_CONTEXT('2D SPACE',''
  ) );
#11707 = PCURVE('',#11598,#11708);
#11708 = DEFINITIONAL_REPRESENTATION('',(#11709),#11713);
#11709 = LINE('',#11710,#11711);
#11710 = CARTESIAN_POINT('',(0.,1.));
#11711 = VECTOR('',#11712,1.);
#11712 = DIRECTION('',(1.,0.));
#11713 = ( GEOMETRIC_REPRESENTATION_CONTEXT(2)
PARAMETRIC_REPRESENTATION_CONTEXT() REPRESENTATION_CONTEXT('2D SPACE',''
  ) );
#11714 = ORIENTED_EDGE('',*,*,#11715,.F.);
#11715 = EDGE_CURVE('',#11642,#11693,#11716,.T.);
#11716 = SURFACE_CURVE('',#11717,(#11721,#11728),.PCURVE_S1.);
#11717 = LINE('',#11718,#11719);
#11718 = CARTESIAN_POINT('',(2.433012701892,3.214101615138,-7.05));
#11719 = VECTOR('',#11720,1.);
#11720 = DIRECTION('',(-0.866025403784,0.5,0.));
#11721 = PCURVE('',#11650,#11722);
#11722 = DEFINITIONAL_REPRESENTATION('',(#11723),#11727);
#11723 = LINE('',#11724,#11725);
#11724 = CARTESIAN_POINT('',(0.95,0.));
#11725 = VECTOR('',#11726,1.);
#11726 = DIRECTION('',(0.,-1.));
#11727 = ( GEOMETRIC_REPRESENTATION_CONTEXT(2)
PARAMETRIC_REPRESENTATION_CONTEXT() REPRESENTATION_CONTEXT('2D SPACE',''
  ) );
#11728 = PCURVE('',#11624,#11729);
#11729 = DEFINITIONAL_REPRESENTATION('',(#11730),#11734);
#11730 = LINE('',#11731,#11732);
#11731 = CARTESIAN_POINT('',(1.,2.22044604925E-16));
#11732 = VECTOR('',#11733,1.);
#11733 = DIRECTION('',(1.487416814334E-17,1.));
#11734 = ( GEOMETRIC_REPRESENTATION_CONTEXT(2)
PARAMETRIC_REPRESENTATION_CONTEXT() REPRESENTATION_CONTEXT('2D SPACE',''
  ) );
#11735 = ADVANCED_FACE('',(#11736),#11542,.F.);
#11736 = FACE_BOUND('',#11737,.F.);
#11737 = EDGE_LOOP('',(#11738,#11759,#11760,#11781));
#11738 = ORIENTED_EDGE('',*,*,#11739,.F.);
#11739 = EDGE_CURVE('',#11520,#11640,#11740,.T.);
#11740 = SURFACE_CURVE('',#11741,(#11745,#11752),.PCURVE_S1.);
#11741 = LINE('',#11742,#11743);
#11742 = CARTESIAN_POINT('',(1.933012701892,2.348076211353,-8.));
#11743 = VECTOR('',#11744,1.);
#11744 = DIRECTION('',(0.5,0.866025403784,0.));
#11745 = PCURVE('',#11542,#11746);
#11746 = DEFINITIONAL_REPRESENTATION('',(#11747),#11751);
#11747 = LINE('',#11748,#11749);
#11748 = CARTESIAN_POINT('',(0.,0.));
#11749 = VECTOR('',#11750,1.);
#11750 = DIRECTION('',(0.,1.));
#11751 = ( GEOMETRIC_REPRESENTATION_CONTEXT(2)
PARAMETRIC_REPRESENTATION_CONTEXT() REPRESENTATION_CONTEXT('2D SPACE',''
  ) );
#11752 = PCURVE('',#11570,#11753);
#11753 = DEFINITIONAL_REPRESENTATION('',(#11754),#11758);
#11754 = LINE('',#11755,#11756);
#11755 = CARTESIAN_POINT('',(0.,0.));
#11756 = VECTOR('',#11757,1.);
#11757 = DIRECTION('',(1.,1.487416814334E-17));
#11758 = ( GEOMETRIC_REPRESENTATION_CONTEXT(2)
PARAMETRIC_REPRESENTATION_CONTEXT() REPRESENTATION_CONTEXT('2D SPACE',''
  ) );
#11759 = ORIENTED_EDGE('',*,*,#11519,.T.);
#11760 = ORIENTED_EDGE('',*,*,#11761,.T.);
#11761 = EDGE_CURVE('',#11522,#11642,#11762,.T.);
#11762 = SURFACE_CURVE('',#11763,(#11767,#11774),.PCURVE_S1.);
#11763 = LINE('',#11764,#11765);
#11764 = CARTESIAN_POINT('',(1.933012701892,2.348076211353,-7.05));
#11765 = VECTOR('',#11766,1.);
#11766 = DIRECTION('',(0.5,0.866025403784,0.));
#11767 = PCURVE('',#11542,#11768);
#11768 = DEFINITIONAL_REPRESENTATION('',(#11769),#11773);
#11769 = LINE('',#11770,#11771);
#11770 = CARTESIAN_POINT('',(0.95,0.));
#11771 = VECTOR('',#11772,1.);
#11772 = DIRECTION('',(0.,1.));
#11773 = ( GEOMETRIC_REPRESENTATION_CONTEXT(2)
PARAMETRIC_REPRESENTATION_CONTEXT() REPRESENTATION_CONTEXT('2D SPACE',''
  ) );
#11774 = PCURVE('',#11624,#11775);
#11775 = DEFINITIONAL_REPRESENTATION('',(#11776),#11780);
#11776 = LINE('',#11777,#11778);
#11777 = CARTESIAN_POINT('',(0.,0.));
#11778 = VECTOR('',#11779,1.);
#11779 = DIRECTION('',(1.,1.487416814334E-17));
#11780 = ( GEOMETRIC_REPRESENTATION_CONTEXT(2)
PARAMETRIC_REPRESENTATION_CONTEXT() REPRESENTATION_CONTEXT('2D SPACE',''
  ) );
#11781 = ORIENTED_EDGE('',*,*,#11639,.F.);
#11782 = ADVANCED_FACE('',(#11783),#11598,.T.);
#11783 = FACE_BOUND('',#11784,.T.);
#11784 = EDGE_LOOP('',(#11785,#11806,#11807,#11828));
#11785 = ORIENTED_EDGE('',*,*,#11786,.F.);
#11786 = EDGE_CURVE('',#11555,#11670,#11787,.T.);
#11787 = SURFACE_CURVE('',#11788,(#11792,#11799),.PCURVE_S1.);
#11788 = LINE('',#11789,#11790);
#11789 = CARTESIAN_POINT('',(1.066987298108,2.848076211353,-8.));
#11790 = VECTOR('',#11791,1.);
#11791 = DIRECTION('',(0.5,0.866025403784,0.));
#11792 = PCURVE('',#11598,#11793);
#11793 = DEFINITIONAL_REPRESENTATION('',(#11794),#11798);
#11794 = LINE('',#11795,#11796);
#11795 = CARTESIAN_POINT('',(0.,0.));
#11796 = VECTOR('',#11797,1.);
#11797 = DIRECTION('',(0.,1.));
#11798 = ( GEOMETRIC_REPRESENTATION_CONTEXT(2)
PARAMETRIC_REPRESENTATION_CONTEXT() REPRESENTATION_CONTEXT('2D SPACE',''
  ) );
#11799 = PCURVE('',#11570,#11800);
#11800 = DEFINITIONAL_REPRESENTATION('',(#11801),#11805);
#11801 = LINE('',#11802,#11803);
#11802 = CARTESIAN_POINT('',(2.924299242996E-16,1.));
#11803 = VECTOR('',#11804,1.);
#11804 = DIRECTION('',(1.,1.487416814334E-17));
#11805 = ( GEOMETRIC_REPRESENTATION_CONTEXT(2)
PARAMETRIC_REPRESENTATION_CONTEXT() REPRESENTATION_CONTEXT('2D SPACE',''
  ) );
#11806 = ORIENTED_EDGE('',*,*,#11582,.T.);
#11807 = ORIENTED_EDGE('',*,*,#11808,.T.);
#11808 = EDGE_CURVE('',#11583,#11693,#11809,.T.);
#11809 = SURFACE_CURVE('',#11810,(#11814,#11821),.PCURVE_S1.);
#11810 = LINE('',#11811,#11812);
#11811 = CARTESIAN_POINT('',(1.066987298108,2.848076211353,-7.05));
#11812 = VECTOR('',#11813,1.);
#11813 = DIRECTION('',(0.5,0.866025403784,0.));
#11814 = PCURVE('',#11598,#11815);
#11815 = DEFINITIONAL_REPRESENTATION('',(#11816),#11820);
#11816 = LINE('',#11817,#11818);
#11817 = CARTESIAN_POINT('',(0.95,0.));
#11818 = VECTOR('',#11819,1.);
#11819 = DIRECTION('',(0.,1.));
#11820 = ( GEOMETRIC_REPRESENTATION_CONTEXT(2)
PARAMETRIC_REPRESENTATION_CONTEXT() REPRESENTATION_CONTEXT('2D SPACE',''
  ) );
#11821 = PCURVE('',#11624,#11822);
#11822 = DEFINITIONAL_REPRESENTATION('',(#11823),#11827);
#11823 = LINE('',#11824,#11825);
#11824 = CARTESIAN_POINT('',(2.924299242996E-16,1.));
#11825 = VECTOR('',#11826,1.);
#11826 = DIRECTION('',(1.,1.487416814334E-17));
#11827 = ( GEOMETRIC_REPRESENTATION_CONTEXT(2)
PARAMETRIC_REPRESENTATION_CONTEXT() REPRESENTATION_CONTEXT('2D SPACE',''
  ) );
#11828 = ORIENTED_EDGE('',*,*,#11692,.F.);
#11829 = ADVANCED_FACE('',(#11830),#11570,.F.);
#11830 = FACE_BOUND('',#11831,.F.);
#11831 = EDGE_LOOP('',(#11832,#11833,#11834,#11835));
#11832 = ORIENTED_EDGE('',*,*,#11554,.F.);
#11833 = ORIENTED_EDGE('',*,*,#11739,.T.);
#11834 = ORIENTED_EDGE('',*,*,#11669,.T.);
#11835 = ORIENTED_EDGE('',*,*,#11786,.F.);
#11836 = ADVANCED_FACE('',(#11837),#11624,.T.);
#11837 = FACE_BOUND('',#11838,.T.);
#11838 = EDGE_LOOP('',(#11839,#11840,#11841,#11842));
#11839 = ORIENTED_EDGE('',*,*,#11610,.F.);
#11840 = ORIENTED_EDGE('',*,*,#11761,.T.);
#11841 = ORIENTED_EDGE('',*,*,#11715,.T.);
#11842 = ORIENTED_EDGE('',*,*,#11808,.F.);
#11843 = ( GEOMETRIC_REPRESENTATION_CONTEXT(3)
GLOBAL_UNCERTAINTY_ASSIGNED_CONTEXT((#11847))
GLOBAL_UNIT_ASSIGNED_CONTEXT((#11844,#11845,#11846))
REPRESENTATION_CONTEXT('Context #1',
  '3D Context with UNIT and UNCERTAINTY') );
#11844 = ( LENGTH_UNIT() NAMED_UNIT(*) SI_UNIT(.MILLI.,.METRE.) );
#11845 = ( NAMED_UNIT(*) PLANE_ANGLE_UNIT() SI_UNIT($,.RADIAN.) );
#11846 = ( NAMED_UNIT(*) SI_UNIT($,.STERADIAN.) SOLID_ANGLE_UNIT() );
#11847 = UNCERTAINTY_MEASURE_WITH_UNIT(LENGTH_MEASURE(1.E-07),#11844,
  'distance_accuracy_value','confusion accuracy');
#11848 = CONTEXT_DEPENDENT_SHAPE_REPRESENTATION(#11849,#11851);
#11849 = ( REPRESENTATION_RELATIONSHIP('','',#11512,#10)
REPRESENTATION_RELATIONSHIP_WITH_TRANSFORMATION(#11850)
SHAPE_REPRESENTATION_RELATIONSHIP() );
#11850 = ITEM_DEFINED_TRANSFORMATION('','',#11,#55);
#11851 = PRODUCT_DEFINITION_SHAPE('Placement','Placement of an item',
  #11852);
#11852 = NEXT_ASSEMBLY_USAGE_OCCURRENCE('156','','',#5,#11507,$);
#11853 = PRODUCT_RELATED_PRODUCT_CATEGORY('part',$,(#11509));
#11854 = SHAPE_DEFINITION_REPRESENTATION(#11855,#11861);
#11855 = PRODUCT_DEFINITION_SHAPE('','',#11856);
#11856 = PRODUCT_DEFINITION('design','',#11857,#11860);
#11857 = PRODUCT_DEFINITION_FORMATION('','',#11858);
#11858 = PRODUCT('Open CASCADE STEP translator 7.8 6.12',
  'Open CASCADE STEP translator 7.8 6.12','',(#11859));
#11859 = PRODUCT_CONTEXT('',#2,'mechanical');
#11860 = PRODUCT_DEFINITION_CONTEXT('part definition',#2,'design');
#11861 = ADVANCED_BREP_SHAPE_REPRESENTATION('',(#11,#11862),#12184);
#11862 = MANIFOLD_SOLID_BREP('',#11863);
#11863 = CLOSED_SHELL('',(#11864,#11982,#12056,#12101,#12150,#12177));
#11864 = ADVANCED_FACE('',(#11865),#11879,.F.);
#11865 = FACE_BOUND('',#11866,.F.);
#11866 = EDGE_LOOP('',(#11867,#11902,#11930,#11958));
#11867 = ORIENTED_EDGE('',*,*,#11868,.F.);
#11868 = EDGE_CURVE('',#11869,#11871,#11873,.T.);
#11869 = VERTEX_POINT('',#11870);
#11870 = CARTESIAN_POINT('',(-3.,0.5,-7.05));
#11871 = VERTEX_POINT('',#11872);
#11872 = CARTESIAN_POINT('',(-3.,0.,-7.05));
#11873 = SURFACE_CURVE('',#11874,(#11878,#11890),.PCURVE_S1.);
#11874 = LINE('',#11875,#11876);
#11875 = CARTESIAN_POINT('',(-3.,0.5,-7.05));
#11876 = VECTOR('',#11877,1.);
#11877 = DIRECTION('',(-1.224646799147E-16,-1.,0.));
#11878 = PCURVE('',#11879,#11884);
#11879 = PLANE('',#11880);
#11880 = AXIS2_PLACEMENT_3D('',#11881,#11882,#11883);
#11881 = CARTESIAN_POINT('',(-3.,0.5,-8.));
#11882 = DIRECTION('',(-1.,1.224646799147E-16,0.));
#11883 = DIRECTION('',(0.,0.,1.));
#11884 = DEFINITIONAL_REPRESENTATION('',(#11885),#11889);
#11885 = LINE('',#11886,#11887);
#11886 = CARTESIAN_POINT('',(0.95,0.));
#11887 = VECTOR('',#11888,1.);
#11888 = DIRECTION('',(0.,-1.));
#11889 = ( GEOMETRIC_REPRESENTATION_CONTEXT(2)
PARAMETRIC_REPRESENTATION_CONTEXT() REPRESENTATION_CONTEXT('2D SPACE',''
  ) );
#11890 = PCURVE('',#11891,#11896);
#11891 = PLANE('',#11892);
#11892 = AXIS2_PLACEMENT_3D('',#11893,#11894,#11895);
#11893 = CARTESIAN_POINT('',(-3.,0.5,-7.05));
#11894 = DIRECTION('',(0.,0.,1.));
#11895 = DIRECTION('',(-1.,1.224646799147E-16,0.));
#11896 = DEFINITIONAL_REPRESENTATION('',(#11897),#11901);
#11897 = LINE('',#11898,#11899);
#11898 = CARTESIAN_POINT('',(0.,0.));
#11899 = VECTOR('',#11900,1.);
#11900 = DIRECTION('',(0.,1.));
#11901 = ( GEOMETRIC_REPRESENTATION_CONTEXT(2)
PARAMETRIC_REPRESENTATION_CONTEXT() REPRESENTATION_CONTEXT('2D SPACE',''
  ) );
#11902 = ORIENTED_EDGE('',*,*,#11903,.F.);
#11903 = EDGE_CURVE('',#11904,#11869,#11906,.T.);
#11904 = VERTEX_POINT('',#11905);
#11905 = CARTESIAN_POINT('',(-3.,0.5,-8.));
#11906 = SURFACE_CURVE('',#11907,(#11911,#11918),.PCURVE_S1.);
#11907 = LINE('',#11908,#11909);
#11908 = CARTESIAN_POINT('',(-3.,0.5,-8.));
#11909 = VECTOR('',#11910,1.);
#11910 = DIRECTION('',(0.,0.,1.));
#11911 = PCURVE('',#11879,#11912);
#11912 = DEFINITIONAL_REPRESENTATION('',(#11913),#11917);
#11913 = LINE('',#11914,#11915);
#11914 = CARTESIAN_POINT('',(0.,0.));
#11915 = VECTOR('',#11916,1.);
#11916 = DIRECTION('',(1.,0.));
#11917 = ( GEOMETRIC_REPRESENTATION_CONTEXT(2)
PARAMETRIC_REPRESENTATION_CONTEXT() REPRESENTATION_CONTEXT('2D SPACE',''
  ) );
#11918 = PCURVE('',#11919,#11924);
#11919 = PLANE('',#11920);
#11920 = AXIS2_PLACEMENT_3D('',#11921,#11922,#11923);
#11921 = CARTESIAN_POINT('',(-3.,0.5,-8.));
#11922 = DIRECTION('',(-1.224646799147E-16,-1.,0.));
#11923 = DIRECTION('',(0.,0.,1.));
#11924 = DEFINITIONAL_REPRESENTATION('',(#11925),#11929);
#11925 = LINE('',#11926,#11927);
#11926 = CARTESIAN_POINT('',(0.,0.));
#11927 = VECTOR('',#11928,1.);
#11928 = DIRECTION('',(1.,0.));
#11929 = ( GEOMETRIC_REPRESENTATION_CONTEXT(2)
PARAMETRIC_REPRESENTATION_CONTEXT() REPRESENTATION_CONTEXT('2D SPACE',''
  ) );
#11930 = ORIENTED_EDGE('',*,*,#11931,.T.);
#11931 = EDGE_CURVE('',#11904,#11932,#11934,.T.);
#11932 = VERTEX_POINT('',#11933);
#11933 = CARTESIAN_POINT('',(-3.,0.,-8.));
#11934 = SURFACE_CURVE('',#11935,(#11939,#11946),.PCURVE_S1.);
#11935 = LINE('',#11936,#11937);
#11936 = CARTESIAN_POINT('',(-3.,0.5,-8.));
#11937 = VECTOR('',#11938,1.);
#11938 = DIRECTION('',(-1.224646799147E-16,-1.,0.));
#11939 = PCURVE('',#11879,#11940);
#11940 = DEFINITIONAL_REPRESENTATION('',(#11941),#11945);
#11941 = LINE('',#11942,#11943);
#11942 = CARTESIAN_POINT('',(0.,0.));
#11943 = VECTOR('',#11944,1.);
#11944 = DIRECTION('',(0.,-1.));
#11945 = ( GEOMETRIC_REPRESENTATION_CONTEXT(2)
PARAMETRIC_REPRESENTATION_CONTEXT() REPRESENTATION_CONTEXT('2D SPACE',''
  ) );
#11946 = PCURVE('',#11947,#11952);
#11947 = PLANE('',#11948);
#11948 = AXIS2_PLACEMENT_3D('',#11949,#11950,#11951);
#11949 = CARTESIAN_POINT('',(-3.,0.5,-8.));
#11950 = DIRECTION('',(0.,0.,1.));
#11951 = DIRECTION('',(-1.,1.224646799147E-16,0.));
#11952 = DEFINITIONAL_REPRESENTATION('',(#11953),#11957);
#11953 = LINE('',#11954,#11955);
#11954 = CARTESIAN_POINT('',(0.,0.));
#11955 = VECTOR('',#11956,1.);
#11956 = DIRECTION('',(0.,1.));
#11957 = ( GEOMETRIC_REPRESENTATION_CONTEXT(2)
PARAMETRIC_REPRESENTATION_CONTEXT() REPRESENTATION_CONTEXT('2D SPACE',''
  ) );
#11958 = ORIENTED_EDGE('',*,*,#11959,.F.);
#11959 = EDGE_CURVE('',#11871,#11932,#11960,.T.);
#11960 = SURFACE_CURVE('',#11961,(#11965,#11971),.PCURVE_S1.);
#11961 = LINE('',#11962,#11963);
#11962 = CARTESIAN_POINT('',(-3.,0.,-36.5));
#11963 = VECTOR('',#11964,1.);
#11964 = DIRECTION('',(0.,0.,-1.));
#11965 = PCURVE('',#11879,#11966);
#11966 = DEFINITIONAL_REPRESENTATION('',(#11967),#11970);
#11967 = B_SPLINE_CURVE_WITH_KNOTS('',1,(#11968,#11969),.UNSPECIFIED.,
  .F.,.F.,(2,2),(-29.45,-28.5),.PIECEWISE_BEZIER_KNOTS.);
#11968 = CARTESIAN_POINT('',(0.95,-0.5));
#11969 = CARTESIAN_POINT('',(0.,-0.5));
#11970 = ( GEOMETRIC_REPRESENTATION_CONTEXT(2)
PARAMETRIC_REPRESENTATION_CONTEXT() REPRESENTATION_CONTEXT('2D SPACE',''
  ) );
#11971 = PCURVE('',#11972,#11977);
#11972 = PLANE('',#11973);
#11973 = AXIS2_PLACEMENT_3D('',#11974,#11975,#11976);
#11974 = CARTESIAN_POINT('',(-30.,0.,-65.));
#11975 = DIRECTION('',(0.,1.,0.));
#11976 = DIRECTION('',(0.,0.,1.));
#11977 = DEFINITIONAL_REPRESENTATION('',(#11978),#11981);
#11978 = B_SPLINE_CURVE_WITH_KNOTS('',1,(#11979,#11980),.UNSPECIFIED.,
  .F.,.F.,(2,2),(-29.45,-28.5),.PIECEWISE_BEZIER_KNOTS.);
#11979 = CARTESIAN_POINT('',(57.95,27.));
#11980 = CARTESIAN_POINT('',(57.,27.));
#11981 = ( GEOMETRIC_REPRESENTATION_CONTEXT(2)
PARAMETRIC_REPRESENTATION_CONTEXT() REPRESENTATION_CONTEXT('2D SPACE',''
  ) );
#11982 = ADVANCED_FACE('',(#11983),#11891,.T.);
#11983 = FACE_BOUND('',#11984,.T.);
#11984 = EDGE_LOOP('',(#11985,#11986,#12009,#12037));
#11985 = ORIENTED_EDGE('',*,*,#11868,.F.);
#11986 = ORIENTED_EDGE('',*,*,#11987,.T.);
#11987 = EDGE_CURVE('',#11869,#11988,#11990,.T.);
#11988 = VERTEX_POINT('',#11989);
#11989 = CARTESIAN_POINT('',(-4.,0.5,-7.05));
#11990 = SURFACE_CURVE('',#11991,(#11995,#12002),.PCURVE_S1.);
#11991 = LINE('',#11992,#11993);
#11992 = CARTESIAN_POINT('',(-3.,0.5,-7.05));
#11993 = VECTOR('',#11994,1.);
#11994 = DIRECTION('',(-1.,1.224646799147E-16,0.));
#11995 = PCURVE('',#11891,#11996);
#11996 = DEFINITIONAL_REPRESENTATION('',(#11997),#12001);
#11997 = LINE('',#11998,#11999);
#11998 = CARTESIAN_POINT('',(0.,0.));
#11999 = VECTOR('',#12000,1.);
#12000 = DIRECTION('',(1.,0.));
#12001 = ( GEOMETRIC_REPRESENTATION_CONTEXT(2)
PARAMETRIC_REPRESENTATION_CONTEXT() REPRESENTATION_CONTEXT('2D SPACE',''
  ) );
#12002 = PCURVE('',#11919,#12003);
#12003 = DEFINITIONAL_REPRESENTATION('',(#12004),#12008);
#12004 = LINE('',#12005,#12006);
#12005 = CARTESIAN_POINT('',(0.95,0.));
#12006 = VECTOR('',#12007,1.);
#12007 = DIRECTION('',(0.,1.));
#12008 = ( GEOMETRIC_REPRESENTATION_CONTEXT(2)
PARAMETRIC_REPRESENTATION_CONTEXT() REPRESENTATION_CONTEXT('2D SPACE',''
  ) );
#12009 = ORIENTED_EDGE('',*,*,#12010,.T.);
#12010 = EDGE_CURVE('',#11988,#12011,#12013,.T.);
#12011 = VERTEX_POINT('',#12012);
#12012 = CARTESIAN_POINT('',(-4.,0.,-7.05));
#12013 = SURFACE_CURVE('',#12014,(#12018,#12025),.PCURVE_S1.);
#12014 = LINE('',#12015,#12016);
#12015 = CARTESIAN_POINT('',(-4.,0.5,-7.05));
#12016 = VECTOR('',#12017,1.);
#12017 = DIRECTION('',(-1.224646799147E-16,-1.,0.));
#12018 = PCURVE('',#11891,#12019);
#12019 = DEFINITIONAL_REPRESENTATION('',(#12020),#12024);
#12020 = LINE('',#12021,#12022);
#12021 = CARTESIAN_POINT('',(1.,1.144237745222E-17));
#12022 = VECTOR('',#12023,1.);
#12023 = DIRECTION('',(0.,1.));
#12024 = ( GEOMETRIC_REPRESENTATION_CONTEXT(2)
PARAMETRIC_REPRESENTATION_CONTEXT() REPRESENTATION_CONTEXT('2D SPACE',''
  ) );
#12025 = PCURVE('',#12026,#12031);
#12026 = PLANE('',#12027);
#12027 = AXIS2_PLACEMENT_3D('',#12028,#12029,#12030);
#12028 = CARTESIAN_POINT('',(-4.,0.5,-8.));
#12029 = DIRECTION('',(-1.,1.224646799147E-16,0.));
#12030 = DIRECTION('',(0.,0.,1.));
#12031 = DEFINITIONAL_REPRESENTATION('',(#12032),#12036);
#12032 = LINE('',#12033,#12034);
#12033 = CARTESIAN_POINT('',(0.95,0.));
#12034 = VECTOR('',#12035,1.);
#12035 = DIRECTION('',(0.,-1.));
#12036 = ( GEOMETRIC_REPRESENTATION_CONTEXT(2)
PARAMETRIC_REPRESENTATION_CONTEXT() REPRESENTATION_CONTEXT('2D SPACE',''
  ) );
#12037 = ORIENTED_EDGE('',*,*,#12038,.F.);
#12038 = EDGE_CURVE('',#11871,#12011,#12039,.T.);
#12039 = SURFACE_CURVE('',#12040,(#12044,#12050),.PCURVE_S1.);
#12040 = LINE('',#12041,#12042);
#12041 = CARTESIAN_POINT('',(-16.5,0.,-7.05));
#12042 = VECTOR('',#12043,1.);
#12043 = DIRECTION('',(-1.,0.,0.));
#12044 = PCURVE('',#11891,#12045);
#12045 = DEFINITIONAL_REPRESENTATION('',(#12046),#12049);
#12046 = B_SPLINE_CURVE_WITH_KNOTS('',1,(#12047,#12048),.UNSPECIFIED.,
  .F.,.F.,(2,2),(-13.5,-12.5),.PIECEWISE_BEZIER_KNOTS.);
#12047 = CARTESIAN_POINT('',(0.,0.5));
#12048 = CARTESIAN_POINT('',(1.,0.5));
#12049 = ( GEOMETRIC_REPRESENTATION_CONTEXT(2)
PARAMETRIC_REPRESENTATION_CONTEXT() REPRESENTATION_CONTEXT('2D SPACE',''
  ) );
#12050 = PCURVE('',#11972,#12051);
#12051 = DEFINITIONAL_REPRESENTATION('',(#12052),#12055);
#12052 = B_SPLINE_CURVE_WITH_KNOTS('',1,(#12053,#12054),.UNSPECIFIED.,
  .F.,.F.,(2,2),(-13.5,-12.5),.PIECEWISE_BEZIER_KNOTS.);
#12053 = CARTESIAN_POINT('',(57.95,27.));
#12054 = CARTESIAN_POINT('',(57.95,26.));
#12055 = ( GEOMETRIC_REPRESENTATION_CONTEXT(2)
PARAMETRIC_REPRESENTATION_CONTEXT() REPRESENTATION_CONTEXT('2D SPACE',''
  ) );
#12056 = ADVANCED_FACE('',(#12057),#11972,.F.);
#12057 = FACE_BOUND('',#12058,.F.);
#12058 = EDGE_LOOP('',(#12059,#12060,#12061,#12082));
#12059 = ORIENTED_EDGE('',*,*,#12038,.F.);
#12060 = ORIENTED_EDGE('',*,*,#11959,.T.);
#12061 = ORIENTED_EDGE('',*,*,#12062,.T.);
#12062 = EDGE_CURVE('',#11932,#12063,#12065,.T.);
#12063 = VERTEX_POINT('',#12064);
#12064 = CARTESIAN_POINT('',(-4.,0.,-8.));
#12065 = SURFACE_CURVE('',#12066,(#12070,#12076),.PCURVE_S1.);
#12066 = LINE('',#12067,#12068);
#12067 = CARTESIAN_POINT('',(-16.5,0.,-8.));
#12068 = VECTOR('',#12069,1.);
#12069 = DIRECTION('',(-1.,0.,0.));
#12070 = PCURVE('',#11972,#12071);
#12071 = DEFINITIONAL_REPRESENTATION('',(#12072),#12075);
#12072 = B_SPLINE_CURVE_WITH_KNOTS('',1,(#12073,#12074),.UNSPECIFIED.,
  .F.,.F.,(2,2),(-13.5,-12.5),.PIECEWISE_BEZIER_KNOTS.);
#12073 = CARTESIAN_POINT('',(57.,27.));
#12074 = CARTESIAN_POINT('',(57.,26.));
#12075 = ( GEOMETRIC_REPRESENTATION_CONTEXT(2)
PARAMETRIC_REPRESENTATION_CONTEXT() REPRESENTATION_CONTEXT('2D SPACE',''
  ) );
#12076 = PCURVE('',#11947,#12077);
#12077 = DEFINITIONAL_REPRESENTATION('',(#12078),#12081);
#12078 = B_SPLINE_CURVE_WITH_KNOTS('',1,(#12079,#12080),.UNSPECIFIED.,
  .F.,.F.,(2,2),(-13.5,-12.5),.PIECEWISE_BEZIER_KNOTS.);
#12079 = CARTESIAN_POINT('',(0.,0.5));
#12080 = CARTESIAN_POINT('',(1.,0.5));
#12081 = ( GEOMETRIC_REPRESENTATION_CONTEXT(2)
PARAMETRIC_REPRESENTATION_CONTEXT() REPRESENTATION_CONTEXT('2D SPACE',''
  ) );
#12082 = ORIENTED_EDGE('',*,*,#12083,.F.);
#12083 = EDGE_CURVE('',#12011,#12063,#12084,.T.);
#12084 = SURFACE_CURVE('',#12085,(#12089,#12095),.PCURVE_S1.);
#12085 = LINE('',#12086,#12087);
#12086 = CARTESIAN_POINT('',(-4.,0.,-36.5));
#12087 = VECTOR('',#12088,1.);
#12088 = DIRECTION('',(0.,0.,-1.));
#12089 = PCURVE('',#11972,#12090);
#12090 = DEFINITIONAL_REPRESENTATION('',(#12091),#12094);
#12091 = B_SPLINE_CURVE_WITH_KNOTS('',1,(#12092,#12093),.UNSPECIFIED.,
  .F.,.F.,(2,2),(-29.45,-28.5),.PIECEWISE_BEZIER_KNOTS.);
#12092 = CARTESIAN_POINT('',(57.95,26.));
#12093 = CARTESIAN_POINT('',(57.,26.));
#12094 = ( GEOMETRIC_REPRESENTATION_CONTEXT(2)
PARAMETRIC_REPRESENTATION_CONTEXT() REPRESENTATION_CONTEXT('2D SPACE',''
  ) );
#12095 = PCURVE('',#12026,#12096);
#12096 = DEFINITIONAL_REPRESENTATION('',(#12097),#12100);
#12097 = B_SPLINE_CURVE_WITH_KNOTS('',1,(#12098,#12099),.UNSPECIFIED.,
  .F.,.F.,(2,2),(-29.45,-28.5),.PIECEWISE_BEZIER_KNOTS.);
#12098 = CARTESIAN_POINT('',(0.95,-0.5));
#12099 = CARTESIAN_POINT('',(0.,-0.5));
#12100 = ( GEOMETRIC_REPRESENTATION_CONTEXT(2)
PARAMETRIC_REPRESENTATION_CONTEXT() REPRESENTATION_CONTEXT('2D SPACE',''
  ) );
#12101 = ADVANCED_FACE('',(#12102),#11947,.F.);
#12102 = FACE_BOUND('',#12103,.F.);
#12103 = EDGE_LOOP('',(#12104,#12105,#12128,#12149));
#12104 = ORIENTED_EDGE('',*,*,#11931,.F.);
#12105 = ORIENTED_EDGE('',*,*,#12106,.T.);
#12106 = EDGE_CURVE('',#11904,#12107,#12109,.T.);
#12107 = VERTEX_POINT('',#12108);
#12108 = CARTESIAN_POINT('',(-4.,0.5,-8.));
#12109 = SURFACE_CURVE('',#12110,(#12114,#12121),.PCURVE_S1.);
#12110 = LINE('',#12111,#12112);
#12111 = CARTESIAN_POINT('',(-3.,0.5,-8.));
#12112 = VECTOR('',#12113,1.);
#12113 = DIRECTION('',(-1.,1.224646799147E-16,0.));
#12114 = PCURVE('',#11947,#12115);
#12115 = DEFINITIONAL_REPRESENTATION('',(#12116),#12120);
#12116 = LINE('',#12117,#12118);
#12117 = CARTESIAN_POINT('',(0.,0.));
#12118 = VECTOR('',#12119,1.);
#12119 = DIRECTION('',(1.,0.));
#12120 = ( GEOMETRIC_REPRESENTATION_CONTEXT(2)
PARAMETRIC_REPRESENTATION_CONTEXT() REPRESENTATION_CONTEXT('2D SPACE',''
  ) );
#12121 = PCURVE('',#11919,#12122);
#12122 = DEFINITIONAL_REPRESENTATION('',(#12123),#12127);
#12123 = LINE('',#12124,#12125);
#12124 = CARTESIAN_POINT('',(0.,0.));
#12125 = VECTOR('',#12126,1.);
#12126 = DIRECTION('',(0.,1.));
#12127 = ( GEOMETRIC_REPRESENTATION_CONTEXT(2)
PARAMETRIC_REPRESENTATION_CONTEXT() REPRESENTATION_CONTEXT('2D SPACE',''
  ) );
#12128 = ORIENTED_EDGE('',*,*,#12129,.T.);
#12129 = EDGE_CURVE('',#12107,#12063,#12130,.T.);
#12130 = SURFACE_CURVE('',#12131,(#12135,#12142),.PCURVE_S1.);
#12131 = LINE('',#12132,#12133);
#12132 = CARTESIAN_POINT('',(-4.,0.5,-8.));
#12133 = VECTOR('',#12134,1.);
#12134 = DIRECTION('',(-1.224646799147E-16,-1.,0.));
#12135 = PCURVE('',#11947,#12136);
#12136 = DEFINITIONAL_REPRESENTATION('',(#12137),#12141);
#12137 = LINE('',#12138,#12139);
#12138 = CARTESIAN_POINT('',(1.,1.144237745222E-17));
#12139 = VECTOR('',#12140,1.);
#12140 = DIRECTION('',(0.,1.));
#12141 = ( GEOMETRIC_REPRESENTATION_CONTEXT(2)
PARAMETRIC_REPRESENTATION_CONTEXT() REPRESENTATION_CONTEXT('2D SPACE',''
  ) );
#12142 = PCURVE('',#12026,#12143);
#12143 = DEFINITIONAL_REPRESENTATION('',(#12144),#12148);
#12144 = LINE('',#12145,#12146);
#12145 = CARTESIAN_POINT('',(0.,0.));
#12146 = VECTOR('',#12147,1.);
#12147 = DIRECTION('',(0.,-1.));
#12148 = ( GEOMETRIC_REPRESENTATION_CONTEXT(2)
PARAMETRIC_REPRESENTATION_CONTEXT() REPRESENTATION_CONTEXT('2D SPACE',''
  ) );
#12149 = ORIENTED_EDGE('',*,*,#12062,.F.);
#12150 = ADVANCED_FACE('',(#12151),#11919,.F.);
#12151 = FACE_BOUND('',#12152,.F.);
#12152 = EDGE_LOOP('',(#12153,#12154,#12155,#12156));
#12153 = ORIENTED_EDGE('',*,*,#12106,.F.);
#12154 = ORIENTED_EDGE('',*,*,#11903,.T.);
#12155 = ORIENTED_EDGE('',*,*,#11987,.T.);
#12156 = ORIENTED_EDGE('',*,*,#12157,.F.);
#12157 = EDGE_CURVE('',#12107,#11988,#12158,.T.);
#12158 = SURFACE_CURVE('',#12159,(#12163,#12170),.PCURVE_S1.);
#12159 = LINE('',#12160,#12161);
#12160 = CARTESIAN_POINT('',(-4.,0.5,-8.));
#12161 = VECTOR('',#12162,1.);
#12162 = DIRECTION('',(0.,0.,1.));
#12163 = PCURVE('',#11919,#12164);
#12164 = DEFINITIONAL_REPRESENTATION('',(#12165),#12169);
#12165 = LINE('',#12166,#12167);
#12166 = CARTESIAN_POINT('',(0.,1.));
#12167 = VECTOR('',#12168,1.);
#12168 = DIRECTION('',(1.,0.));
#12169 = ( GEOMETRIC_REPRESENTATION_CONTEXT(2)
PARAMETRIC_REPRESENTATION_CONTEXT() REPRESENTATION_CONTEXT('2D SPACE',''
  ) );
#12170 = PCURVE('',#12026,#12171);
#12171 = DEFINITIONAL_REPRESENTATION('',(#12172),#12176);
#12172 = LINE('',#12173,#12174);
#12173 = CARTESIAN_POINT('',(0.,0.));
#12174 = VECTOR('',#12175,1.);
#12175 = DIRECTION('',(1.,0.));
#12176 = ( GEOMETRIC_REPRESENTATION_CONTEXT(2)
PARAMETRIC_REPRESENTATION_CONTEXT() REPRESENTATION_CONTEXT('2D SPACE',''
  ) );
#12177 = ADVANCED_FACE('',(#12178),#12026,.T.);
#12178 = FACE_BOUND('',#12179,.T.);
#12179 = EDGE_LOOP('',(#12180,#12181,#12182,#12183));
#12180 = ORIENTED_EDGE('',*,*,#12010,.F.);
#12181 = ORIENTED_EDGE('',*,*,#12157,.F.);
#12182 = ORIENTED_EDGE('',*,*,#12129,.T.);
#12183 = ORIENTED_EDGE('',*,*,#12083,.F.);
#12184 = ( GEOMETRIC_REPRESENTATION_CONTEXT(3)
GLOBAL_UNCERTAINTY_ASSIGNED_CONTEXT((#12188))
GLOBAL_UNIT_ASSIGNED_CONTEXT((#12185,#12186,#12187))
REPRESENTATION_CONTEXT('Context #1',
  '3D Context with UNIT and UNCERTAINTY') );
#12185 = ( LENGTH_UNIT() NAMED_UNIT(*) SI_UNIT(.MILLI.,.METRE.) );
#12186 = ( NAMED_UNIT(*) PLANE_ANGLE_UNIT() SI_UNIT($,.RADIAN.) );
#12187 = ( NAMED_UNIT(*) SI_UNIT($,.STERADIAN.) SOLID_ANGLE_UNIT() );
#12188 = UNCERTAINTY_MEASURE_WITH_UNIT(LENGTH_MEASURE(1.E-07),#12185,
  'distance_accuracy_value','confusion accuracy');
#12189 = CONTEXT_DEPENDENT_SHAPE_REPRESENTATION(#12190,#12192);
#12190 = ( REPRESENTATION_RELATIONSHIP('','',#11861,#10)
REPRESENTATION_RELATIONSHIP_WITH_TRANSFORMATION(#12191)
SHAPE_REPRESENTATION_RELATIONSHIP() );
#12191 = ITEM_DEFINED_TRANSFORMATION('','',#11,#59);
#12192 = PRODUCT_DEFINITION_SHAPE('Placement','Placement of an item',
  #12193);
#12193 = NEXT_ASSEMBLY_USAGE_OCCURRENCE('157','','',#5,#11856,$);
#12194 = PRODUCT_RELATED_PRODUCT_CATEGORY('part',$,(#11858));
#12195 = SHAPE_DEFINITION_REPRESENTATION(#12196,#12202);
#12196 = PRODUCT_DEFINITION_SHAPE('','',#12197);
#12197 = PRODUCT_DEFINITION('design','',#12198,#12201);
#12198 = PRODUCT_DEFINITION_FORMATION('','',#12199);
#12199 = PRODUCT('Open CASCADE STEP translator 7.8 6.13',
  'Open CASCADE STEP translator 7.8 6.13','',(#12200));
#12200 = PRODUCT_CONTEXT('',#2,'mechanical');
#12201 = PRODUCT_DEFINITION_CONTEXT('part definition',#2,'design');
#12202 = ADVANCED_BREP_SHAPE_REPRESENTATION('',(#11,#12203),#12965);
#12203 = MANIFOLD_SOLID_BREP('',#12204);
#12204 = CLOSED_SHELL('',(#12205,#12325,#12406,#12492,#12568,#12595,
    #12627,#12703,#12779,#12828,#12855,#12904,#12931,#12958));
#12205 = ADVANCED_FACE('',(#12206),#12220,.F.);
#12206 = FACE_BOUND('',#12207,.F.);
#12207 = EDGE_LOOP('',(#12208,#12243,#12271,#12299));
#12208 = ORIENTED_EDGE('',*,*,#12209,.F.);
#12209 = EDGE_CURVE('',#12210,#12212,#12214,.T.);
#12210 = VERTEX_POINT('',#12211);
#12211 = CARTESIAN_POINT('',(2.371410161514,3.307402885327,-8.));
#12212 = VERTEX_POINT('',#12213);
#12213 = CARTESIAN_POINT('',(2.371410161514,3.307402885327,-5.98));
#12214 = SURFACE_CURVE('',#12215,(#12219,#12231),.PCURVE_S1.);
#12215 = LINE('',#12216,#12217);
#12216 = CARTESIAN_POINT('',(2.371410161514,3.307402885327,-8.));
#12217 = VECTOR('',#12218,1.);
#12218 = DIRECTION('',(0.,0.,1.));
#12219 = PCURVE('',#12220,#12225);
#12220 = PLANE('',#12221);
#12221 = AXIS2_PLACEMENT_3D('',#12222,#12223,#12224);
#12222 = CARTESIAN_POINT('',(2.371410161514,3.307402885327,-8.));
#12223 = DIRECTION('',(0.5,0.866025403784,0.));
#12224 = DIRECTION('',(0.,0.,1.));
#12225 = DEFINITIONAL_REPRESENTATION('',(#12226),#12230);
#12226 = LINE('',#12227,#12228);
#12227 = CARTESIAN_POINT('',(0.,0.));
#12228 = VECTOR('',#12229,1.);
#12229 = DIRECTION('',(1.,0.));
#12230 = ( GEOMETRIC_REPRESENTATION_CONTEXT(2)
PARAMETRIC_REPRESENTATION_CONTEXT() REPRESENTATION_CONTEXT('2D SPACE',''
  ) );
#12231 = PCURVE('',#12232,#12237);
#12232 = PLANE('',#12233);
#12233 = AXIS2_PLACEMENT_3D('',#12234,#12235,#12236);
#12234 = CARTESIAN_POINT('',(2.371410161514,3.307402885327,-8.));
#12235 = DIRECTION('',(-0.866025403784,0.5,0.));
#12236 = DIRECTION('',(0.,0.,1.));
#12237 = DEFINITIONAL_REPRESENTATION('',(#12238),#12242);
#12238 = LINE('',#12239,#12240);
#12239 = CARTESIAN_POINT('',(0.,0.));
#12240 = VECTOR('',#12241,1.);
#12241 = DIRECTION('',(1.,0.));
#12242 = ( GEOMETRIC_REPRESENTATION_CONTEXT(2)
PARAMETRIC_REPRESENTATION_CONTEXT() REPRESENTATION_CONTEXT('2D SPACE',''
  ) );
#12243 = ORIENTED_EDGE('',*,*,#12244,.T.);
#12244 = EDGE_CURVE('',#12210,#12245,#12247,.T.);
#12245 = VERTEX_POINT('',#12246);
#12246 = CARTESIAN_POINT('',(1.678589838486,3.707402885327,-8.));
#12247 = SURFACE_CURVE('',#12248,(#12252,#12259),.PCURVE_S1.);
#12248 = LINE('',#12249,#12250);
#12249 = CARTESIAN_POINT('',(2.371410161514,3.307402885327,-8.));
#12250 = VECTOR('',#12251,1.);
#12251 = DIRECTION('',(-0.866025403784,0.5,0.));
#12252 = PCURVE('',#12220,#12253);
#12253 = DEFINITIONAL_REPRESENTATION('',(#12254),#12258);
#12254 = LINE('',#12255,#12256);
#12255 = CARTESIAN_POINT('',(0.,0.));
#12256 = VECTOR('',#12257,1.);
#12257 = DIRECTION('',(0.,-1.));
#12258 = ( GEOMETRIC_REPRESENTATION_CONTEXT(2)
PARAMETRIC_REPRESENTATION_CONTEXT() REPRESENTATION_CONTEXT('2D SPACE',''
  ) );
#12259 = PCURVE('',#12260,#12265);
#12260 = PLANE('',#12261);
#12261 = AXIS2_PLACEMENT_3D('',#12262,#12263,#12264);
#12262 = CARTESIAN_POINT('',(2.371410161514,3.307402885327,-8.));
#12263 = DIRECTION('',(0.,0.,1.));
#12264 = DIRECTION('',(0.5,0.866025403784,0.));
#12265 = DEFINITIONAL_REPRESENTATION('',(#12266),#12270);
#12266 = LINE('',#12267,#12268);
#12267 = CARTESIAN_POINT('',(0.,0.));
#12268 = VECTOR('',#12269,1.);
#12269 = DIRECTION('',(1.487416814334E-17,1.));
#12270 = ( GEOMETRIC_REPRESENTATION_CONTEXT(2)
PARAMETRIC_REPRESENTATION_CONTEXT() REPRESENTATION_CONTEXT('2D SPACE',''
  ) );
#12271 = ORIENTED_EDGE('',*,*,#12272,.T.);
#12272 = EDGE_CURVE('',#12245,#12273,#12275,.T.);
#12273 = VERTEX_POINT('',#12274);
#12274 = CARTESIAN_POINT('',(1.678589838486,3.707402885327,-5.98));
#12275 = SURFACE_CURVE('',#12276,(#12280,#12287),.PCURVE_S1.);
#12276 = LINE('',#12277,#12278);
#12277 = CARTESIAN_POINT('',(1.678589838486,3.707402885327,-8.));
#12278 = VECTOR('',#12279,1.);
#12279 = DIRECTION('',(0.,0.,1.));
#12280 = PCURVE('',#12220,#12281);
#12281 = DEFINITIONAL_REPRESENTATION('',(#12282),#12286);
#12282 = LINE('',#12283,#12284);
#12283 = CARTESIAN_POINT('',(0.,-0.8));
#12284 = VECTOR('',#12285,1.);
#12285 = DIRECTION('',(1.,0.));
#12286 = ( GEOMETRIC_REPRESENTATION_CONTEXT(2)
PARAMETRIC_REPRESENTATION_CONTEXT() REPRESENTATION_CONTEXT('2D SPACE',''
  ) );
#12287 = PCURVE('',#12288,#12293);
#12288 = PLANE('',#12289);
#12289 = AXIS2_PLACEMENT_3D('',#12290,#12291,#12292);
#12290 = CARTESIAN_POINT('',(1.678589838486,3.707402885327,-8.));
#12291 = DIRECTION('',(-0.866025403784,0.5,0.));
#12292 = DIRECTION('',(0.,0.,1.));
#12293 = DEFINITIONAL_REPRESENTATION('',(#12294),#12298);
#12294 = LINE('',#12295,#12296);
#12295 = CARTESIAN_POINT('',(0.,0.));
#12296 = VECTOR('',#12297,1.);
#12297 = DIRECTION('',(1.,0.));
#12298 = ( GEOMETRIC_REPRESENTATION_CONTEXT(2)
PARAMETRIC_REPRESENTATION_CONTEXT() REPRESENTATION_CONTEXT('2D SPACE',''
  ) );
#12299 = ORIENTED_EDGE('',*,*,#12300,.T.);
#12300 = EDGE_CURVE('',#12273,#12212,#12301,.T.);
#12301 = SURFACE_CURVE('',#12302,(#12306,#12313),.PCURVE_S1.);
#12302 = LINE('',#12303,#12304);
#12303 = CARTESIAN_POINT('',(2.371410161514,3.307402885327,-5.98));
#12304 = VECTOR('',#12305,1.);
#12305 = DIRECTION('',(0.866025403784,-0.5,0.));
#12306 = PCURVE('',#12220,#12307);
#12307 = DEFINITIONAL_REPRESENTATION('',(#12308),#12312);
#12308 = LINE('',#12309,#12310);
#12309 = CARTESIAN_POINT('',(2.02,0.));
#12310 = VECTOR('',#12311,1.);
#12311 = DIRECTION('',(0.,1.));
#12312 = ( GEOMETRIC_REPRESENTATION_CONTEXT(2)
PARAMETRIC_REPRESENTATION_CONTEXT() REPRESENTATION_CONTEXT('2D SPACE',''
  ) );
#12313 = PCURVE('',#12314,#12319);
#12314 = PLANE('',#12315);
#12315 = AXIS2_PLACEMENT_3D('',#12316,#12317,#12318);
#12316 = CARTESIAN_POINT('',(1.971410161514,2.614582562299,-5.98));
#12317 = DIRECTION('',(0.,0.,1.));
#12318 = DIRECTION('',(0.5,0.866025403784,0.));
#12319 = DEFINITIONAL_REPRESENTATION('',(#12320),#12324);
#12320 = LINE('',#12321,#12322);
#12321 = CARTESIAN_POINT('',(0.8,4.361181671659E-17));
#12322 = VECTOR('',#12323,1.);
#12323 = DIRECTION('',(-1.487416814334E-17,-1.));
#12324 = ( GEOMETRIC_REPRESENTATION_CONTEXT(2)
PARAMETRIC_REPRESENTATION_CONTEXT() REPRESENTATION_CONTEXT('2D SPACE',''
  ) );
#12325 = ADVANCED_FACE('',(#12326),#12232,.F.);
#12326 = FACE_BOUND('',#12327,.F.);
#12327 = EDGE_LOOP('',(#12328,#12358,#12379,#12380));
#12328 = ORIENTED_EDGE('',*,*,#12329,.F.);
#12329 = EDGE_CURVE('',#12330,#12332,#12334,.T.);
#12330 = VERTEX_POINT('',#12331);
#12331 = CARTESIAN_POINT('',(2.621410161514,3.740415587219,-8.));
#12332 = VERTEX_POINT('',#12333);
#12333 = CARTESIAN_POINT('',(2.621410161514,3.740415587219,-5.98));
#12334 = SURFACE_CURVE('',#12335,(#12339,#12346),.PCURVE_S1.);
#12335 = LINE('',#12336,#12337);
#12336 = CARTESIAN_POINT('',(2.621410161514,3.740415587219,-8.));
#12337 = VECTOR('',#12338,1.);
#12338 = DIRECTION('',(0.,0.,1.));
#12339 = PCURVE('',#12232,#12340);
#12340 = DEFINITIONAL_REPRESENTATION('',(#12341),#12345);
#12341 = LINE('',#12342,#12343);
#12342 = CARTESIAN_POINT('',(0.,0.5));
#12343 = VECTOR('',#12344,1.);
#12344 = DIRECTION('',(1.,0.));
#12345 = ( GEOMETRIC_REPRESENTATION_CONTEXT(2)
PARAMETRIC_REPRESENTATION_CONTEXT() REPRESENTATION_CONTEXT('2D SPACE',''
  ) );
#12346 = PCURVE('',#12347,#12352);
#12347 = PLANE('',#12348);
#12348 = AXIS2_PLACEMENT_3D('',#12349,#12350,#12351);
#12349 = CARTESIAN_POINT('',(2.621410161514,3.740415587219,-8.));
#12350 = DIRECTION('',(0.5,0.866025403784,0.));
#12351 = DIRECTION('',(0.,0.,1.));
#12352 = DEFINITIONAL_REPRESENTATION('',(#12353),#12357);
#12353 = LINE('',#12354,#12355);
#12354 = CARTESIAN_POINT('',(0.,0.));
#12355 = VECTOR('',#12356,1.);
#12356 = DIRECTION('',(1.,0.));
#12357 = ( GEOMETRIC_REPRESENTATION_CONTEXT(2)
PARAMETRIC_REPRESENTATION_CONTEXT() REPRESENTATION_CONTEXT('2D SPACE',''
  ) );
#12358 = ORIENTED_EDGE('',*,*,#12359,.F.);
#12359 = EDGE_CURVE('',#12210,#12330,#12360,.T.);
#12360 = SURFACE_CURVE('',#12361,(#12365,#12372),.PCURVE_S1.);
#12361 = LINE('',#12362,#12363);
#12362 = CARTESIAN_POINT('',(2.371410161514,3.307402885327,-8.));
#12363 = VECTOR('',#12364,1.);
#12364 = DIRECTION('',(0.5,0.866025403784,0.));
#12365 = PCURVE('',#12232,#12366);
#12366 = DEFINITIONAL_REPRESENTATION('',(#12367),#12371);
#12367 = LINE('',#12368,#12369);
#12368 = CARTESIAN_POINT('',(0.,0.));
#12369 = VECTOR('',#12370,1.);
#12370 = DIRECTION('',(0.,1.));
#12371 = ( GEOMETRIC_REPRESENTATION_CONTEXT(2)
PARAMETRIC_REPRESENTATION_CONTEXT() REPRESENTATION_CONTEXT('2D SPACE',''
  ) );
#12372 = PCURVE('',#12260,#12373);
#12373 = DEFINITIONAL_REPRESENTATION('',(#12374),#12378);
#12374 = LINE('',#12375,#12376);
#12375 = CARTESIAN_POINT('',(0.,0.));
#12376 = VECTOR('',#12377,1.);
#12377 = DIRECTION('',(1.,1.487416814334E-17));
#12378 = ( GEOMETRIC_REPRESENTATION_CONTEXT(2)
PARAMETRIC_REPRESENTATION_CONTEXT() REPRESENTATION_CONTEXT('2D SPACE',''
  ) );
#12379 = ORIENTED_EDGE('',*,*,#12209,.T.);
#12380 = ORIENTED_EDGE('',*,*,#12381,.T.);
#12381 = EDGE_CURVE('',#12212,#12332,#12382,.T.);
#12382 = SURFACE_CURVE('',#12383,(#12387,#12394),.PCURVE_S1.);
#12383 = LINE('',#12384,#12385);
#12384 = CARTESIAN_POINT('',(1.971410161514,2.614582562299,-5.98));
#12385 = VECTOR('',#12386,1.);
#12386 = DIRECTION('',(0.5,0.866025403784,0.));
#12387 = PCURVE('',#12232,#12388);
#12388 = DEFINITIONAL_REPRESENTATION('',(#12389),#12393);
#12389 = LINE('',#12390,#12391);
#12390 = CARTESIAN_POINT('',(2.02,-0.8));
#12391 = VECTOR('',#12392,1.);
#12392 = DIRECTION('',(0.,1.));
#12393 = ( GEOMETRIC_REPRESENTATION_CONTEXT(2)
PARAMETRIC_REPRESENTATION_CONTEXT() REPRESENTATION_CONTEXT('2D SPACE',''
  ) );
#12394 = PCURVE('',#12395,#12400);
#12395 = PLANE('',#12396);
#12396 = AXIS2_PLACEMENT_3D('',#12397,#12398,#12399);
#12397 = CARTESIAN_POINT('',(2.371410161514,3.307402885327,-8.));
#12398 = DIRECTION('',(-0.866025403784,0.5,0.));
#12399 = DIRECTION('',(0.,0.,1.));
#12400 = DEFINITIONAL_REPRESENTATION('',(#12401),#12405);
#12401 = LINE('',#12402,#12403);
#12402 = CARTESIAN_POINT('',(2.02,-0.8));
#12403 = VECTOR('',#12404,1.);
#12404 = DIRECTION('',(0.,1.));
#12405 = ( GEOMETRIC_REPRESENTATION_CONTEXT(2)
PARAMETRIC_REPRESENTATION_CONTEXT() REPRESENTATION_CONTEXT('2D SPACE',''
  ) );
#12406 = ADVANCED_FACE('',(#12407),#12314,.F.);
#12407 = FACE_BOUND('',#12408,.F.);
#12408 = EDGE_LOOP('',(#12409,#12437,#12465,#12491));
#12409 = ORIENTED_EDGE('',*,*,#12410,.F.);
#12410 = EDGE_CURVE('',#12411,#12273,#12413,.T.);
#12411 = VERTEX_POINT('',#12412);
#12412 = CARTESIAN_POINT('',(1.278589838486,3.014582562299,-5.98));
#12413 = SURFACE_CURVE('',#12414,(#12418,#12425),.PCURVE_S1.);
#12414 = LINE('',#12415,#12416);
#12415 = CARTESIAN_POINT('',(1.278589838486,3.014582562299,-5.98));
#12416 = VECTOR('',#12417,1.);
#12417 = DIRECTION('',(0.5,0.866025403784,0.));
#12418 = PCURVE('',#12314,#12419);
#12419 = DEFINITIONAL_REPRESENTATION('',(#12420),#12424);
#12420 = LINE('',#12421,#12422);
#12421 = CARTESIAN_POINT('',(2.006372487009E-16,0.8));
#12422 = VECTOR('',#12423,1.);
#12423 = DIRECTION('',(1.,1.487416814334E-17));
#12424 = ( GEOMETRIC_REPRESENTATION_CONTEXT(2)
PARAMETRIC_REPRESENTATION_CONTEXT() REPRESENTATION_CONTEXT('2D SPACE',''
  ) );
#12425 = PCURVE('',#12426,#12431);
#12426 = PLANE('',#12427);
#12427 = AXIS2_PLACEMENT_3D('',#12428,#12429,#12430);
#12428 = CARTESIAN_POINT('',(1.278589838486,3.014582562299,-5.98));
#12429 = DIRECTION('',(-0.866025403784,0.5,0.));
#12430 = DIRECTION('',(0.,0.,1.));
#12431 = DEFINITIONAL_REPRESENTATION('',(#12432),#12436);
#12432 = LINE('',#12433,#12434);
#12433 = CARTESIAN_POINT('',(0.,0.));
#12434 = VECTOR('',#12435,1.);
#12435 = DIRECTION('',(0.,1.));
#12436 = ( GEOMETRIC_REPRESENTATION_CONTEXT(2)
PARAMETRIC_REPRESENTATION_CONTEXT() REPRESENTATION_CONTEXT('2D SPACE',''
  ) );
#12437 = ORIENTED_EDGE('',*,*,#12438,.F.);
#12438 = EDGE_CURVE('',#12439,#12411,#12441,.T.);
#12439 = VERTEX_POINT('',#12440);
#12440 = CARTESIAN_POINT('',(1.971410161514,2.614582562299,-5.98));
#12441 = SURFACE_CURVE('',#12442,(#12446,#12453),.PCURVE_S1.);
#12442 = LINE('',#12443,#12444);
#12443 = CARTESIAN_POINT('',(1.971410161514,2.614582562299,-5.98));
#12444 = VECTOR('',#12445,1.);
#12445 = DIRECTION('',(-0.866025403784,0.5,0.));
#12446 = PCURVE('',#12314,#12447);
#12447 = DEFINITIONAL_REPRESENTATION('',(#12448),#12452);
#12448 = LINE('',#12449,#12450);
#12449 = CARTESIAN_POINT('',(0.,0.));
#12450 = VECTOR('',#12451,1.);
#12451 = DIRECTION('',(1.487416814334E-17,1.));
#12452 = ( GEOMETRIC_REPRESENTATION_CONTEXT(2)
PARAMETRIC_REPRESENTATION_CONTEXT() REPRESENTATION_CONTEXT('2D SPACE',''
  ) );
#12453 = PCURVE('',#12454,#12459);
#12454 = PLANE('',#12455);
#12455 = AXIS2_PLACEMENT_3D('',#12456,#12457,#12458);
#12456 = CARTESIAN_POINT('',(1.971410161514,2.614582562299,-5.98));
#12457 = DIRECTION('',(0.5,0.866025403784,0.));
#12458 = DIRECTION('',(0.,0.,1.));
#12459 = DEFINITIONAL_REPRESENTATION('',(#12460),#12464);
#12460 = LINE('',#12461,#12462);
#12461 = CARTESIAN_POINT('',(0.,0.));
#12462 = VECTOR('',#12463,1.);
#12463 = DIRECTION('',(0.,-1.));
#12464 = ( GEOMETRIC_REPRESENTATION_CONTEXT(2)
PARAMETRIC_REPRESENTATION_CONTEXT() REPRESENTATION_CONTEXT('2D SPACE',''
  ) );
#12465 = ORIENTED_EDGE('',*,*,#12466,.T.);
#12466 = EDGE_CURVE('',#12439,#12212,#12467,.T.);
#12467 = SURFACE_CURVE('',#12468,(#12472,#12479),.PCURVE_S1.);
#12468 = LINE('',#12469,#12470);
#12469 = CARTESIAN_POINT('',(1.971410161514,2.614582562299,-5.98));
#12470 = VECTOR('',#12471,1.);
#12471 = DIRECTION('',(0.5,0.866025403784,0.));
#12472 = PCURVE('',#12314,#12473);
#12473 = DEFINITIONAL_REPRESENTATION('',(#12474),#12478);
#12474 = LINE('',#12475,#12476);
#12475 = CARTESIAN_POINT('',(0.,0.));
#12476 = VECTOR('',#12477,1.);
#12477 = DIRECTION('',(1.,1.487416814334E-17));
#12478 = ( GEOMETRIC_REPRESENTATION_CONTEXT(2)
PARAMETRIC_REPRESENTATION_CONTEXT() REPRESENTATION_CONTEXT('2D SPACE',''
  ) );
#12479 = PCURVE('',#12480,#12485);
#12480 = PLANE('',#12481);
#12481 = AXIS2_PLACEMENT_3D('',#12482,#12483,#12484);
#12482 = CARTESIAN_POINT('',(1.971410161514,2.614582562299,-5.98));
#12483 = DIRECTION('',(-0.866025403784,0.5,0.));
#12484 = DIRECTION('',(0.,0.,1.));
#12485 = DEFINITIONAL_REPRESENTATION('',(#12486),#12490);
#12486 = LINE('',#12487,#12488);
#12487 = CARTESIAN_POINT('',(0.,0.));
#12488 = VECTOR('',#12489,1.);
#12489 = DIRECTION('',(0.,1.));
#12490 = ( GEOMETRIC_REPRESENTATION_CONTEXT(2)
PARAMETRIC_REPRESENTATION_CONTEXT() REPRESENTATION_CONTEXT('2D SPACE',''
  ) );
#12491 = ORIENTED_EDGE('',*,*,#12300,.F.);
#12492 = ADVANCED_FACE('',(#12493),#12288,.T.);
#12493 = FACE_BOUND('',#12494,.T.);
#12494 = EDGE_LOOP('',(#12495,#12520,#12541,#12542));
#12495 = ORIENTED_EDGE('',*,*,#12496,.F.);
#12496 = EDGE_CURVE('',#12497,#12499,#12501,.T.);
#12497 = VERTEX_POINT('',#12498);
#12498 = CARTESIAN_POINT('',(1.928589838486,4.140415587219,-8.));
#12499 = VERTEX_POINT('',#12500);
#12500 = CARTESIAN_POINT('',(1.928589838486,4.140415587219,-5.98));
#12501 = SURFACE_CURVE('',#12502,(#12506,#12513),.PCURVE_S1.);
#12502 = LINE('',#12503,#12504);
#12503 = CARTESIAN_POINT('',(1.928589838486,4.140415587219,-8.));
#12504 = VECTOR('',#12505,1.);
#12505 = DIRECTION('',(0.,0.,1.));
#12506 = PCURVE('',#12288,#12507);
#12507 = DEFINITIONAL_REPRESENTATION('',(#12508),#12512);
#12508 = LINE('',#12509,#12510);
#12509 = CARTESIAN_POINT('',(0.,0.5));
#12510 = VECTOR('',#12511,1.);
#12511 = DIRECTION('',(1.,0.));
#12512 = ( GEOMETRIC_REPRESENTATION_CONTEXT(2)
PARAMETRIC_REPRESENTATION_CONTEXT() REPRESENTATION_CONTEXT('2D SPACE',''
  ) );
#12513 = PCURVE('',#12347,#12514);
#12514 = DEFINITIONAL_REPRESENTATION('',(#12515),#12519);
#12515 = LINE('',#12516,#12517);
#12516 = CARTESIAN_POINT('',(0.,-0.8));
#12517 = VECTOR('',#12518,1.);
#12518 = DIRECTION('',(1.,0.));
#12519 = ( GEOMETRIC_REPRESENTATION_CONTEXT(2)
PARAMETRIC_REPRESENTATION_CONTEXT() REPRESENTATION_CONTEXT('2D SPACE',''
  ) );
#12520 = ORIENTED_EDGE('',*,*,#12521,.F.);
#12521 = EDGE_CURVE('',#12245,#12497,#12522,.T.);
#12522 = SURFACE_CURVE('',#12523,(#12527,#12534),.PCURVE_S1.);
#12523 = LINE('',#12524,#12525);
#12524 = CARTESIAN_POINT('',(1.678589838486,3.707402885327,-8.));
#12525 = VECTOR('',#12526,1.);
#12526 = DIRECTION('',(0.5,0.866025403784,0.));
#12527 = PCURVE('',#12288,#12528);
#12528 = DEFINITIONAL_REPRESENTATION('',(#12529),#12533);
#12529 = LINE('',#12530,#12531);
#12530 = CARTESIAN_POINT('',(0.,0.));
#12531 = VECTOR('',#12532,1.);
#12532 = DIRECTION('',(0.,1.));
#12533 = ( GEOMETRIC_REPRESENTATION_CONTEXT(2)
PARAMETRIC_REPRESENTATION_CONTEXT() REPRESENTATION_CONTEXT('2D SPACE',''
  ) );
#12534 = PCURVE('',#12260,#12535);
#12535 = DEFINITIONAL_REPRESENTATION('',(#12536),#12540);
#12536 = LINE('',#12537,#12538);
#12537 = CARTESIAN_POINT('',(3.116595511635E-16,0.8));
#12538 = VECTOR('',#12539,1.);
#12539 = DIRECTION('',(1.,1.487416814334E-17));
#12540 = ( GEOMETRIC_REPRESENTATION_CONTEXT(2)
PARAMETRIC_REPRESENTATION_CONTEXT() REPRESENTATION_CONTEXT('2D SPACE',''
  ) );
#12541 = ORIENTED_EDGE('',*,*,#12272,.T.);
#12542 = ORIENTED_EDGE('',*,*,#12543,.T.);
#12543 = EDGE_CURVE('',#12273,#12499,#12544,.T.);
#12544 = SURFACE_CURVE('',#12545,(#12549,#12556),.PCURVE_S1.);
#12545 = LINE('',#12546,#12547);
#12546 = CARTESIAN_POINT('',(1.278589838486,3.014582562299,-5.98));
#12547 = VECTOR('',#12548,1.);
#12548 = DIRECTION('',(0.5,0.866025403784,0.));
#12549 = PCURVE('',#12288,#12550);
#12550 = DEFINITIONAL_REPRESENTATION('',(#12551),#12555);
#12551 = LINE('',#12552,#12553);
#12552 = CARTESIAN_POINT('',(2.02,-0.8));
#12553 = VECTOR('',#12554,1.);
#12554 = DIRECTION('',(0.,1.));
#12555 = ( GEOMETRIC_REPRESENTATION_CONTEXT(2)
PARAMETRIC_REPRESENTATION_CONTEXT() REPRESENTATION_CONTEXT('2D SPACE',''
  ) );
#12556 = PCURVE('',#12557,#12562);
#12557 = PLANE('',#12558);
#12558 = AXIS2_PLACEMENT_3D('',#12559,#12560,#12561);
#12559 = CARTESIAN_POINT('',(1.678589838486,3.707402885327,-8.));
#12560 = DIRECTION('',(-0.866025403784,0.5,0.));
#12561 = DIRECTION('',(0.,0.,1.));
#12562 = DEFINITIONAL_REPRESENTATION('',(#12563),#12567);
#12563 = LINE('',#12564,#12565);
#12564 = CARTESIAN_POINT('',(2.02,-0.8));
#12565 = VECTOR('',#12566,1.);
#12566 = DIRECTION('',(0.,1.));
#12567 = ( GEOMETRIC_REPRESENTATION_CONTEXT(2)
PARAMETRIC_REPRESENTATION_CONTEXT() REPRESENTATION_CONTEXT('2D SPACE',''
  ) );
#12568 = ADVANCED_FACE('',(#12569),#12260,.F.);
#12569 = FACE_BOUND('',#12570,.F.);
#12570 = EDGE_LOOP('',(#12571,#12572,#12573,#12594));
#12571 = ORIENTED_EDGE('',*,*,#12244,.F.);
#12572 = ORIENTED_EDGE('',*,*,#12359,.T.);
#12573 = ORIENTED_EDGE('',*,*,#12574,.T.);
#12574 = EDGE_CURVE('',#12330,#12497,#12575,.T.);
#12575 = SURFACE_CURVE('',#12576,(#12580,#12587),.PCURVE_S1.);
#12576 = LINE('',#12577,#12578);
#12577 = CARTESIAN_POINT('',(2.621410161514,3.740415587219,-8.));
#12578 = VECTOR('',#12579,1.);
#12579 = DIRECTION('',(-0.866025403784,0.5,0.));
#12580 = PCURVE('',#12260,#12581);
#12581 = DEFINITIONAL_REPRESENTATION('',(#12582),#12586);
#12582 = LINE('',#12583,#12584);
#12583 = CARTESIAN_POINT('',(0.5,2.22044604925E-16));
#12584 = VECTOR('',#12585,1.);
#12585 = DIRECTION('',(1.487416814334E-17,1.));
#12586 = ( GEOMETRIC_REPRESENTATION_CONTEXT(2)
PARAMETRIC_REPRESENTATION_CONTEXT() REPRESENTATION_CONTEXT('2D SPACE',''
  ) );
#12587 = PCURVE('',#12347,#12588);
#12588 = DEFINITIONAL_REPRESENTATION('',(#12589),#12593);
#12589 = LINE('',#12590,#12591);
#12590 = CARTESIAN_POINT('',(0.,0.));
#12591 = VECTOR('',#12592,1.);
#12592 = DIRECTION('',(0.,-1.));
#12593 = ( GEOMETRIC_REPRESENTATION_CONTEXT(2)
PARAMETRIC_REPRESENTATION_CONTEXT() REPRESENTATION_CONTEXT('2D SPACE',''
  ) );
#12594 = ORIENTED_EDGE('',*,*,#12521,.F.);
#12595 = ADVANCED_FACE('',(#12596),#12347,.T.);
#12596 = FACE_BOUND('',#12597,.T.);
#12597 = EDGE_LOOP('',(#12598,#12599,#12600,#12601));
#12598 = ORIENTED_EDGE('',*,*,#12329,.F.);
#12599 = ORIENTED_EDGE('',*,*,#12574,.T.);
#12600 = ORIENTED_EDGE('',*,*,#12496,.T.);
#12601 = ORIENTED_EDGE('',*,*,#12602,.F.);
#12602 = EDGE_CURVE('',#12332,#12499,#12603,.T.);
#12603 = SURFACE_CURVE('',#12604,(#12608,#12615),.PCURVE_S1.);
#12604 = LINE('',#12605,#12606);
#12605 = CARTESIAN_POINT('',(2.621410161514,3.740415587219,-5.98));
#12606 = VECTOR('',#12607,1.);
#12607 = DIRECTION('',(-0.866025403784,0.5,0.));
#12608 = PCURVE('',#12347,#12609);
#12609 = DEFINITIONAL_REPRESENTATION('',(#12610),#12614);
#12610 = LINE('',#12611,#12612);
#12611 = CARTESIAN_POINT('',(2.02,0.));
#12612 = VECTOR('',#12613,1.);
#12613 = DIRECTION('',(0.,-1.));
#12614 = ( GEOMETRIC_REPRESENTATION_CONTEXT(2)
PARAMETRIC_REPRESENTATION_CONTEXT() REPRESENTATION_CONTEXT('2D SPACE',''
  ) );
#12615 = PCURVE('',#12616,#12621);
#12616 = PLANE('',#12617);
#12617 = AXIS2_PLACEMENT_3D('',#12618,#12619,#12620);
#12618 = CARTESIAN_POINT('',(2.621410161514,3.740415587219,-8.));
#12619 = DIRECTION('',(0.5,0.866025403784,0.));
#12620 = DIRECTION('',(0.,0.,1.));
#12621 = DEFINITIONAL_REPRESENTATION('',(#12622),#12626);
#12622 = LINE('',#12623,#12624);
#12623 = CARTESIAN_POINT('',(2.02,0.));
#12624 = VECTOR('',#12625,1.);
#12625 = DIRECTION('',(0.,-1.));
#12626 = ( GEOMETRIC_REPRESENTATION_CONTEXT(2)
PARAMETRIC_REPRESENTATION_CONTEXT() REPRESENTATION_CONTEXT('2D SPACE',''
  ) );
#12627 = ADVANCED_FACE('',(#12628),#12395,.F.);
#12628 = FACE_BOUND('',#12629,.F.);
#12629 = EDGE_LOOP('',(#12630,#12653,#12654,#12677));
#12630 = ORIENTED_EDGE('',*,*,#12631,.F.);
#12631 = EDGE_CURVE('',#12332,#12632,#12634,.T.);
#12632 = VERTEX_POINT('',#12633);
#12633 = CARTESIAN_POINT('',(2.621410161514,3.740415587219,-5.68));
#12634 = SURFACE_CURVE('',#12635,(#12639,#12646),.PCURVE_S1.);
#12635 = LINE('',#12636,#12637);
#12636 = CARTESIAN_POINT('',(2.621410161514,3.740415587219,-8.));
#12637 = VECTOR('',#12638,1.);
#12638 = DIRECTION('',(0.,0.,1.));
#12639 = PCURVE('',#12395,#12640);
#12640 = DEFINITIONAL_REPRESENTATION('',(#12641),#12645);
#12641 = LINE('',#12642,#12643);
#12642 = CARTESIAN_POINT('',(0.,0.5));
#12643 = VECTOR('',#12644,1.);
#12644 = DIRECTION('',(1.,0.));
#12645 = ( GEOMETRIC_REPRESENTATION_CONTEXT(2)
PARAMETRIC_REPRESENTATION_CONTEXT() REPRESENTATION_CONTEXT('2D SPACE',''
  ) );
#12646 = PCURVE('',#12616,#12647);
#12647 = DEFINITIONAL_REPRESENTATION('',(#12648),#12652);
#12648 = LINE('',#12649,#12650);
#12649 = CARTESIAN_POINT('',(0.,0.));
#12650 = VECTOR('',#12651,1.);
#12651 = DIRECTION('',(1.,0.));
#12652 = ( GEOMETRIC_REPRESENTATION_CONTEXT(2)
PARAMETRIC_REPRESENTATION_CONTEXT() REPRESENTATION_CONTEXT('2D SPACE',''
  ) );
#12653 = ORIENTED_EDGE('',*,*,#12381,.F.);
#12654 = ORIENTED_EDGE('',*,*,#12655,.T.);
#12655 = EDGE_CURVE('',#12212,#12656,#12658,.T.);
#12656 = VERTEX_POINT('',#12657);
#12657 = CARTESIAN_POINT('',(2.371410161514,3.307402885327,-5.68));
#12658 = SURFACE_CURVE('',#12659,(#12663,#12670),.PCURVE_S1.);
#12659 = LINE('',#12660,#12661);
#12660 = CARTESIAN_POINT('',(2.371410161514,3.307402885327,-8.));
#12661 = VECTOR('',#12662,1.);
#12662 = DIRECTION('',(0.,0.,1.));
#12663 = PCURVE('',#12395,#12664);
#12664 = DEFINITIONAL_REPRESENTATION('',(#12665),#12669);
#12665 = LINE('',#12666,#12667);
#12666 = CARTESIAN_POINT('',(0.,0.));
#12667 = VECTOR('',#12668,1.);
#12668 = DIRECTION('',(1.,0.));
#12669 = ( GEOMETRIC_REPRESENTATION_CONTEXT(2)
PARAMETRIC_REPRESENTATION_CONTEXT() REPRESENTATION_CONTEXT('2D SPACE',''
  ) );
#12670 = PCURVE('',#12480,#12671);
#12671 = DEFINITIONAL_REPRESENTATION('',(#12672),#12676);
#12672 = LINE('',#12673,#12674);
#12673 = CARTESIAN_POINT('',(-2.02,0.8));
#12674 = VECTOR('',#12675,1.);
#12675 = DIRECTION('',(1.,0.));
#12676 = ( GEOMETRIC_REPRESENTATION_CONTEXT(2)
PARAMETRIC_REPRESENTATION_CONTEXT() REPRESENTATION_CONTEXT('2D SPACE',''
  ) );
#12677 = ORIENTED_EDGE('',*,*,#12678,.T.);
#12678 = EDGE_CURVE('',#12656,#12632,#12679,.T.);
#12679 = SURFACE_CURVE('',#12680,(#12684,#12691),.PCURVE_S1.);
#12680 = LINE('',#12681,#12682);
#12681 = CARTESIAN_POINT('',(2.371410161514,3.307402885327,-5.68));
#12682 = VECTOR('',#12683,1.);
#12683 = DIRECTION('',(0.5,0.866025403784,0.));
#12684 = PCURVE('',#12395,#12685);
#12685 = DEFINITIONAL_REPRESENTATION('',(#12686),#12690);
#12686 = LINE('',#12687,#12688);
#12687 = CARTESIAN_POINT('',(2.32,0.));
#12688 = VECTOR('',#12689,1.);
#12689 = DIRECTION('',(0.,1.));
#12690 = ( GEOMETRIC_REPRESENTATION_CONTEXT(2)
PARAMETRIC_REPRESENTATION_CONTEXT() REPRESENTATION_CONTEXT('2D SPACE',''
  ) );
#12691 = PCURVE('',#12692,#12697);
#12692 = PLANE('',#12693);
#12693 = AXIS2_PLACEMENT_3D('',#12694,#12695,#12696);
#12694 = CARTESIAN_POINT('',(2.371410161514,3.307402885327,-5.68));
#12695 = DIRECTION('',(0.,0.,1.));
#12696 = DIRECTION('',(0.5,0.866025403784,0.));
#12697 = DEFINITIONAL_REPRESENTATION('',(#12698),#12702);
#12698 = LINE('',#12699,#12700);
#12699 = CARTESIAN_POINT('',(0.,0.));
#12700 = VECTOR('',#12701,1.);
#12701 = DIRECTION('',(1.,1.487416814334E-17));
#12702 = ( GEOMETRIC_REPRESENTATION_CONTEXT(2)
PARAMETRIC_REPRESENTATION_CONTEXT() REPRESENTATION_CONTEXT('2D SPACE',''
  ) );
#12703 = ADVANCED_FACE('',(#12704),#12426,.T.);
#12704 = FACE_BOUND('',#12705,.T.);
#12705 = EDGE_LOOP('',(#12706,#12707,#12730,#12758));
#12706 = ORIENTED_EDGE('',*,*,#12410,.F.);
#12707 = ORIENTED_EDGE('',*,*,#12708,.T.);
#12708 = EDGE_CURVE('',#12411,#12709,#12711,.T.);
#12709 = VERTEX_POINT('',#12710);
#12710 = CARTESIAN_POINT('',(1.278589838486,3.014582562299,-5.68));
#12711 = SURFACE_CURVE('',#12712,(#12716,#12723),.PCURVE_S1.);
#12712 = LINE('',#12713,#12714);
#12713 = CARTESIAN_POINT('',(1.278589838486,3.014582562299,-5.98));
#12714 = VECTOR('',#12715,1.);
#12715 = DIRECTION('',(0.,0.,1.));
#12716 = PCURVE('',#12426,#12717);
#12717 = DEFINITIONAL_REPRESENTATION('',(#12718),#12722);
#12718 = LINE('',#12719,#12720);
#12719 = CARTESIAN_POINT('',(0.,0.));
#12720 = VECTOR('',#12721,1.);
#12721 = DIRECTION('',(1.,0.));
#12722 = ( GEOMETRIC_REPRESENTATION_CONTEXT(2)
PARAMETRIC_REPRESENTATION_CONTEXT() REPRESENTATION_CONTEXT('2D SPACE',''
  ) );
#12723 = PCURVE('',#12454,#12724);
#12724 = DEFINITIONAL_REPRESENTATION('',(#12725),#12729);
#12725 = LINE('',#12726,#12727);
#12726 = CARTESIAN_POINT('',(0.,-0.8));
#12727 = VECTOR('',#12728,1.);
#12728 = DIRECTION('',(1.,0.));
#12729 = ( GEOMETRIC_REPRESENTATION_CONTEXT(2)
PARAMETRIC_REPRESENTATION_CONTEXT() REPRESENTATION_CONTEXT('2D SPACE',''
  ) );
#12730 = ORIENTED_EDGE('',*,*,#12731,.T.);
#12731 = EDGE_CURVE('',#12709,#12732,#12734,.T.);
#12732 = VERTEX_POINT('',#12733);
#12733 = CARTESIAN_POINT('',(1.678589838486,3.707402885327,-5.68));
#12734 = SURFACE_CURVE('',#12735,(#12739,#12746),.PCURVE_S1.);
#12735 = LINE('',#12736,#12737);
#12736 = CARTESIAN_POINT('',(1.278589838486,3.014582562299,-5.68));
#12737 = VECTOR('',#12738,1.);
#12738 = DIRECTION('',(0.5,0.866025403784,0.));
#12739 = PCURVE('',#12426,#12740);
#12740 = DEFINITIONAL_REPRESENTATION('',(#12741),#12745);
#12741 = LINE('',#12742,#12743);
#12742 = CARTESIAN_POINT('',(0.3,0.));
#12743 = VECTOR('',#12744,1.);
#12744 = DIRECTION('',(0.,1.));
#12745 = ( GEOMETRIC_REPRESENTATION_CONTEXT(2)
PARAMETRIC_REPRESENTATION_CONTEXT() REPRESENTATION_CONTEXT('2D SPACE',''
  ) );
#12746 = PCURVE('',#12747,#12752);
#12747 = PLANE('',#12748);
#12748 = AXIS2_PLACEMENT_3D('',#12749,#12750,#12751);
#12749 = CARTESIAN_POINT('',(1.971410161514,2.614582562299,-5.68));
#12750 = DIRECTION('',(0.,0.,1.));
#12751 = DIRECTION('',(0.5,0.866025403784,0.));
#12752 = DEFINITIONAL_REPRESENTATION('',(#12753),#12757);
#12753 = LINE('',#12754,#12755);
#12754 = CARTESIAN_POINT('',(2.006372487009E-16,0.8));
#12755 = VECTOR('',#12756,1.);
#12756 = DIRECTION('',(1.,1.487416814334E-17));
#12757 = ( GEOMETRIC_REPRESENTATION_CONTEXT(2)
PARAMETRIC_REPRESENTATION_CONTEXT() REPRESENTATION_CONTEXT('2D SPACE',''
  ) );
#12758 = ORIENTED_EDGE('',*,*,#12759,.F.);
#12759 = EDGE_CURVE('',#12273,#12732,#12760,.T.);
#12760 = SURFACE_CURVE('',#12761,(#12765,#12772),.PCURVE_S1.);
#12761 = LINE('',#12762,#12763);
#12762 = CARTESIAN_POINT('',(1.678589838486,3.707402885327,-8.));
#12763 = VECTOR('',#12764,1.);
#12764 = DIRECTION('',(0.,0.,1.));
#12765 = PCURVE('',#12426,#12766);
#12766 = DEFINITIONAL_REPRESENTATION('',(#12767),#12771);
#12767 = LINE('',#12768,#12769);
#12768 = CARTESIAN_POINT('',(-2.02,0.8));
#12769 = VECTOR('',#12770,1.);
#12770 = DIRECTION('',(1.,0.));
#12771 = ( GEOMETRIC_REPRESENTATION_CONTEXT(2)
PARAMETRIC_REPRESENTATION_CONTEXT() REPRESENTATION_CONTEXT('2D SPACE',''
  ) );
#12772 = PCURVE('',#12557,#12773);
#12773 = DEFINITIONAL_REPRESENTATION('',(#12774),#12778);
#12774 = LINE('',#12775,#12776);
#12775 = CARTESIAN_POINT('',(0.,0.));
#12776 = VECTOR('',#12777,1.);
#12777 = DIRECTION('',(1.,0.));
#12778 = ( GEOMETRIC_REPRESENTATION_CONTEXT(2)
PARAMETRIC_REPRESENTATION_CONTEXT() REPRESENTATION_CONTEXT('2D SPACE',''
  ) );
#12779 = ADVANCED_FACE('',(#12780),#12480,.F.);
#12780 = FACE_BOUND('',#12781,.F.);
#12781 = EDGE_LOOP('',(#12782,#12783,#12806,#12827));
#12782 = ORIENTED_EDGE('',*,*,#12466,.F.);
#12783 = ORIENTED_EDGE('',*,*,#12784,.T.);
#12784 = EDGE_CURVE('',#12439,#12785,#12787,.T.);
#12785 = VERTEX_POINT('',#12786);
#12786 = CARTESIAN_POINT('',(1.971410161514,2.614582562299,-5.68));
#12787 = SURFACE_CURVE('',#12788,(#12792,#12799),.PCURVE_S1.);
#12788 = LINE('',#12789,#12790);
#12789 = CARTESIAN_POINT('',(1.971410161514,2.614582562299,-5.98));
#12790 = VECTOR('',#12791,1.);
#12791 = DIRECTION('',(0.,0.,1.));
#12792 = PCURVE('',#12480,#12793);
#12793 = DEFINITIONAL_REPRESENTATION('',(#12794),#12798);
#12794 = LINE('',#12795,#12796);
#12795 = CARTESIAN_POINT('',(0.,0.));
#12796 = VECTOR('',#12797,1.);
#12797 = DIRECTION('',(1.,0.));
#12798 = ( GEOMETRIC_REPRESENTATION_CONTEXT(2)
PARAMETRIC_REPRESENTATION_CONTEXT() REPRESENTATION_CONTEXT('2D SPACE',''
  ) );
#12799 = PCURVE('',#12454,#12800);
#12800 = DEFINITIONAL_REPRESENTATION('',(#12801),#12805);
#12801 = LINE('',#12802,#12803);
#12802 = CARTESIAN_POINT('',(0.,0.));
#12803 = VECTOR('',#12804,1.);
#12804 = DIRECTION('',(1.,0.));
#12805 = ( GEOMETRIC_REPRESENTATION_CONTEXT(2)
PARAMETRIC_REPRESENTATION_CONTEXT() REPRESENTATION_CONTEXT('2D SPACE',''
  ) );
#12806 = ORIENTED_EDGE('',*,*,#12807,.T.);
#12807 = EDGE_CURVE('',#12785,#12656,#12808,.T.);
#12808 = SURFACE_CURVE('',#12809,(#12813,#12820),.PCURVE_S1.);
#12809 = LINE('',#12810,#12811);
#12810 = CARTESIAN_POINT('',(1.971410161514,2.614582562299,-5.68));
#12811 = VECTOR('',#12812,1.);
#12812 = DIRECTION('',(0.5,0.866025403784,0.));
#12813 = PCURVE('',#12480,#12814);
#12814 = DEFINITIONAL_REPRESENTATION('',(#12815),#12819);
#12815 = LINE('',#12816,#12817);
#12816 = CARTESIAN_POINT('',(0.3,0.));
#12817 = VECTOR('',#12818,1.);
#12818 = DIRECTION('',(0.,1.));
#12819 = ( GEOMETRIC_REPRESENTATION_CONTEXT(2)
PARAMETRIC_REPRESENTATION_CONTEXT() REPRESENTATION_CONTEXT('2D SPACE',''
  ) );
#12820 = PCURVE('',#12747,#12821);
#12821 = DEFINITIONAL_REPRESENTATION('',(#12822),#12826);
#12822 = LINE('',#12823,#12824);
#12823 = CARTESIAN_POINT('',(0.,0.));
#12824 = VECTOR('',#12825,1.);
#12825 = DIRECTION('',(1.,1.487416814334E-17));
#12826 = ( GEOMETRIC_REPRESENTATION_CONTEXT(2)
PARAMETRIC_REPRESENTATION_CONTEXT() REPRESENTATION_CONTEXT('2D SPACE',''
  ) );
#12827 = ORIENTED_EDGE('',*,*,#12655,.F.);
#12828 = ADVANCED_FACE('',(#12829),#12454,.F.);
#12829 = FACE_BOUND('',#12830,.F.);
#12830 = EDGE_LOOP('',(#12831,#12832,#12833,#12834));
#12831 = ORIENTED_EDGE('',*,*,#12784,.F.);
#12832 = ORIENTED_EDGE('',*,*,#12438,.T.);
#12833 = ORIENTED_EDGE('',*,*,#12708,.T.);
#12834 = ORIENTED_EDGE('',*,*,#12835,.F.);
#12835 = EDGE_CURVE('',#12785,#12709,#12836,.T.);
#12836 = SURFACE_CURVE('',#12837,(#12841,#12848),.PCURVE_S1.);
#12837 = LINE('',#12838,#12839);
#12838 = CARTESIAN_POINT('',(1.971410161514,2.614582562299,-5.68));
#12839 = VECTOR('',#12840,1.);
#12840 = DIRECTION('',(-0.866025403784,0.5,0.));
#12841 = PCURVE('',#12454,#12842);
#12842 = DEFINITIONAL_REPRESENTATION('',(#12843),#12847);
#12843 = LINE('',#12844,#12845);
#12844 = CARTESIAN_POINT('',(0.3,0.));
#12845 = VECTOR('',#12846,1.);
#12846 = DIRECTION('',(0.,-1.));
#12847 = ( GEOMETRIC_REPRESENTATION_CONTEXT(2)
PARAMETRIC_REPRESENTATION_CONTEXT() REPRESENTATION_CONTEXT('2D SPACE',''
  ) );
#12848 = PCURVE('',#12747,#12849);
#12849 = DEFINITIONAL_REPRESENTATION('',(#12850),#12854);
#12850 = LINE('',#12851,#12852);
#12851 = CARTESIAN_POINT('',(0.,0.));
#12852 = VECTOR('',#12853,1.);
#12853 = DIRECTION('',(1.487416814334E-17,1.));
#12854 = ( GEOMETRIC_REPRESENTATION_CONTEXT(2)
PARAMETRIC_REPRESENTATION_CONTEXT() REPRESENTATION_CONTEXT('2D SPACE',''
  ) );
#12855 = ADVANCED_FACE('',(#12856),#12557,.T.);
#12856 = FACE_BOUND('',#12857,.T.);
#12857 = EDGE_LOOP('',(#12858,#12881,#12882,#12883));
#12858 = ORIENTED_EDGE('',*,*,#12859,.F.);
#12859 = EDGE_CURVE('',#12499,#12860,#12862,.T.);
#12860 = VERTEX_POINT('',#12861);
#12861 = CARTESIAN_POINT('',(1.928589838486,4.140415587219,-5.68));
#12862 = SURFACE_CURVE('',#12863,(#12867,#12874),.PCURVE_S1.);
#12863 = LINE('',#12864,#12865);
#12864 = CARTESIAN_POINT('',(1.928589838486,4.140415587219,-8.));
#12865 = VECTOR('',#12866,1.);
#12866 = DIRECTION('',(0.,0.,1.));
#12867 = PCURVE('',#12557,#12868);
#12868 = DEFINITIONAL_REPRESENTATION('',(#12869),#12873);
#12869 = LINE('',#12870,#12871);
#12870 = CARTESIAN_POINT('',(0.,0.5));
#12871 = VECTOR('',#12872,1.);
#12872 = DIRECTION('',(1.,0.));
#12873 = ( GEOMETRIC_REPRESENTATION_CONTEXT(2)
PARAMETRIC_REPRESENTATION_CONTEXT() REPRESENTATION_CONTEXT('2D SPACE',''
  ) );
#12874 = PCURVE('',#12616,#12875);
#12875 = DEFINITIONAL_REPRESENTATION('',(#12876),#12880);
#12876 = LINE('',#12877,#12878);
#12877 = CARTESIAN_POINT('',(0.,-0.8));
#12878 = VECTOR('',#12879,1.);
#12879 = DIRECTION('',(1.,0.));
#12880 = ( GEOMETRIC_REPRESENTATION_CONTEXT(2)
PARAMETRIC_REPRESENTATION_CONTEXT() REPRESENTATION_CONTEXT('2D SPACE',''
  ) );
#12881 = ORIENTED_EDGE('',*,*,#12543,.F.);
#12882 = ORIENTED_EDGE('',*,*,#12759,.T.);
#12883 = ORIENTED_EDGE('',*,*,#12884,.T.);
#12884 = EDGE_CURVE('',#12732,#12860,#12885,.T.);
#12885 = SURFACE_CURVE('',#12886,(#12890,#12897),.PCURVE_S1.);
#12886 = LINE('',#12887,#12888);
#12887 = CARTESIAN_POINT('',(1.678589838486,3.707402885327,-5.68));
#12888 = VECTOR('',#12889,1.);
#12889 = DIRECTION('',(0.5,0.866025403784,0.));
#12890 = PCURVE('',#12557,#12891);
#12891 = DEFINITIONAL_REPRESENTATION('',(#12892),#12896);
#12892 = LINE('',#12893,#12894);
#12893 = CARTESIAN_POINT('',(2.32,0.));
#12894 = VECTOR('',#12895,1.);
#12895 = DIRECTION('',(0.,1.));
#12896 = ( GEOMETRIC_REPRESENTATION_CONTEXT(2)
PARAMETRIC_REPRESENTATION_CONTEXT() REPRESENTATION_CONTEXT('2D SPACE',''
  ) );
#12897 = PCURVE('',#12692,#12898);
#12898 = DEFINITIONAL_REPRESENTATION('',(#12899),#12903);
#12899 = LINE('',#12900,#12901);
#12900 = CARTESIAN_POINT('',(3.116595511635E-16,0.8));
#12901 = VECTOR('',#12902,1.);
#12902 = DIRECTION('',(1.,1.487416814334E-17));
#12903 = ( GEOMETRIC_REPRESENTATION_CONTEXT(2)
PARAMETRIC_REPRESENTATION_CONTEXT() REPRESENTATION_CONTEXT('2D SPACE',''
  ) );
#12904 = ADVANCED_FACE('',(#12905),#12616,.T.);
#12905 = FACE_BOUND('',#12906,.T.);
#12906 = EDGE_LOOP('',(#12907,#12908,#12909,#12910));
#12907 = ORIENTED_EDGE('',*,*,#12631,.F.);
#12908 = ORIENTED_EDGE('',*,*,#12602,.T.);
#12909 = ORIENTED_EDGE('',*,*,#12859,.T.);
#12910 = ORIENTED_EDGE('',*,*,#12911,.F.);
#12911 = EDGE_CURVE('',#12632,#12860,#12912,.T.);
#12912 = SURFACE_CURVE('',#12913,(#12917,#12924),.PCURVE_S1.);
#12913 = LINE('',#12914,#12915);
#12914 = CARTESIAN_POINT('',(2.621410161514,3.740415587219,-5.68));
#12915 = VECTOR('',#12916,1.);
#12916 = DIRECTION('',(-0.866025403784,0.5,0.));
#12917 = PCURVE('',#12616,#12918);
#12918 = DEFINITIONAL_REPRESENTATION('',(#12919),#12923);
#12919 = LINE('',#12920,#12921);
#12920 = CARTESIAN_POINT('',(2.32,0.));
#12921 = VECTOR('',#12922,1.);
#12922 = DIRECTION('',(0.,-1.));
#12923 = ( GEOMETRIC_REPRESENTATION_CONTEXT(2)
PARAMETRIC_REPRESENTATION_CONTEXT() REPRESENTATION_CONTEXT('2D SPACE',''
  ) );
#12924 = PCURVE('',#12692,#12925);
#12925 = DEFINITIONAL_REPRESENTATION('',(#12926),#12930);
#12926 = LINE('',#12927,#12928);
#12927 = CARTESIAN_POINT('',(0.5,2.22044604925E-16));
#12928 = VECTOR('',#12929,1.);
#12929 = DIRECTION('',(1.487416814334E-17,1.));
#12930 = ( GEOMETRIC_REPRESENTATION_CONTEXT(2)
PARAMETRIC_REPRESENTATION_CONTEXT() REPRESENTATION_CONTEXT('2D SPACE',''
  ) );
#12931 = ADVANCED_FACE('',(#12932),#12692,.T.);
#12932 = FACE_BOUND('',#12933,.T.);
#12933 = EDGE_LOOP('',(#12934,#12955,#12956,#12957));
#12934 = ORIENTED_EDGE('',*,*,#12935,.F.);
#12935 = EDGE_CURVE('',#12656,#12732,#12936,.T.);
#12936 = SURFACE_CURVE('',#12937,(#12941,#12948),.PCURVE_S1.);
#12937 = LINE('',#12938,#12939);
#12938 = CARTESIAN_POINT('',(2.371410161514,3.307402885327,-5.68));
#12939 = VECTOR('',#12940,1.);
#12940 = DIRECTION('',(-0.866025403784,0.5,0.));
#12941 = PCURVE('',#12692,#12942);
#12942 = DEFINITIONAL_REPRESENTATION('',(#12943),#12947);
#12943 = LINE('',#12944,#12945);
#12944 = CARTESIAN_POINT('',(0.,0.));
#12945 = VECTOR('',#12946,1.);
#12946 = DIRECTION('',(1.487416814334E-17,1.));
#12947 = ( GEOMETRIC_REPRESENTATION_CONTEXT(2)
PARAMETRIC_REPRESENTATION_CONTEXT() REPRESENTATION_CONTEXT('2D SPACE',''
  ) );
#12948 = PCURVE('',#12747,#12949);
#12949 = DEFINITIONAL_REPRESENTATION('',(#12950),#12954);
#12950 = LINE('',#12951,#12952);
#12951 = CARTESIAN_POINT('',(0.8,4.361181671659E-17));
#12952 = VECTOR('',#12953,1.);
#12953 = DIRECTION('',(1.487416814334E-17,1.));
#12954 = ( GEOMETRIC_REPRESENTATION_CONTEXT(2)
PARAMETRIC_REPRESENTATION_CONTEXT() REPRESENTATION_CONTEXT('2D SPACE',''
  ) );
#12955 = ORIENTED_EDGE('',*,*,#12678,.T.);
#12956 = ORIENTED_EDGE('',*,*,#12911,.T.);
#12957 = ORIENTED_EDGE('',*,*,#12884,.F.);
#12958 = ADVANCED_FACE('',(#12959),#12747,.T.);
#12959 = FACE_BOUND('',#12960,.T.);
#12960 = EDGE_LOOP('',(#12961,#12962,#12963,#12964));
#12961 = ORIENTED_EDGE('',*,*,#12731,.F.);
#12962 = ORIENTED_EDGE('',*,*,#12835,.F.);
#12963 = ORIENTED_EDGE('',*,*,#12807,.T.);
#12964 = ORIENTED_EDGE('',*,*,#12935,.T.);
#12965 = ( GEOMETRIC_REPRESENTATION_CONTEXT(3)
GLOBAL_UNCERTAINTY_ASSIGNED_CONTEXT((#12969))
GLOBAL_UNIT_ASSIGNED_CONTEXT((#12966,#12967,#12968))
REPRESENTATION_CONTEXT('Context #1',
  '3D Context with UNIT and UNCERTAINTY') );
#12966 = ( LENGTH_UNIT() NAMED_UNIT(*) SI_UNIT(.MILLI.,.METRE.) );
#12967 = ( NAMED_UNIT(*) PLANE_ANGLE_UNIT() SI_UNIT($,.RADIAN.) );
#12968 = ( NAMED_UNIT(*) SI_UNIT($,.STERADIAN.) SOLID_ANGLE_UNIT() );
#12969 = UNCERTAINTY_MEASURE_WITH_UNIT(LENGTH_MEASURE(1.E-07),#12966,
  'distance_accuracy_value','confusion accuracy');
#12970 = CONTEXT_DEPENDENT_SHAPE_REPRESENTATION(#12971,#12973);
#12971 = ( REPRESENTATION_RELATIONSHIP('','',#12202,#10)
REPRESENTATION_RELATIONSHIP_WITH_TRANSFORMATION(#12972)
SHAPE_REPRESENTATION_RELATIONSHIP() );
#12972 = ITEM_DEFINED_TRANSFORMATION('','',#11,#63);
#12973 = PRODUCT_DEFINITION_SHAPE('Placement','Placement of an item',
  #12974);
#12974 = NEXT_ASSEMBLY_USAGE_OCCURRENCE('158','','',#5,#12197,$);
#12975 = PRODUCT_RELATED_PRODUCT_CATEGORY('part',$,(#12199));
#12976 = SHAPE_DEFINITION_REPRESENTATION(#12977,#12983);
#12977 = PRODUCT_DEFINITION_SHAPE('','',#12978);
#12978 = PRODUCT_DEFINITION('design','',#12979,#12982);
#12979 = PRODUCT_DEFINITION_FORMATION('','',#12980);
#12980 = PRODUCT('Open CASCADE STEP translator 7.8 6.14',
  'Open CASCADE STEP translator 7.8 6.14','',(#12981));
#12981 = PRODUCT_CONTEXT('',#2,'mechanical');
#12982 = PRODUCT_DEFINITION_CONTEXT('part definition',#2,'design');
#12983 = ADVANCED_BREP_SHAPE_REPRESENTATION('',(#11,#12984),#13670);
#12984 = MANIFOLD_SOLID_BREP('',#12985);
#12985 = CLOSED_SHELL('',(#12986,#13104,#13185,#13264,#13408,#13435,
    #13462,#13533,#13582,#13609,#13636,#13663));
#12986 = ADVANCED_FACE('',(#12987),#13001,.F.);
#12987 = FACE_BOUND('',#12988,.F.);
#12988 = EDGE_LOOP('',(#12989,#13024,#13052,#13078));
#12989 = ORIENTED_EDGE('',*,*,#12990,.F.);
#12990 = EDGE_CURVE('',#12991,#12993,#12995,.T.);
#12991 = VERTEX_POINT('',#12992);
#12992 = CARTESIAN_POINT('',(-4.05,0.4,-8.));
#12993 = VERTEX_POINT('',#12994);
#12994 = CARTESIAN_POINT('',(-4.05,0.4,-5.98));
#12995 = SURFACE_CURVE('',#12996,(#13000,#13012),.PCURVE_S1.);
#12996 = LINE('',#12997,#12998);
#12997 = CARTESIAN_POINT('',(-4.05,0.4,-8.));
#12998 = VECTOR('',#12999,1.);
#12999 = DIRECTION('',(0.,0.,1.));
#13000 = PCURVE('',#13001,#13006);
#13001 = PLANE('',#13002);
#13002 = AXIS2_PLACEMENT_3D('',#13003,#13004,#13005);
#13003 = CARTESIAN_POINT('',(-4.05,0.4,-8.));
#13004 = DIRECTION('',(-1.,1.224646799147E-16,0.));
#13005 = DIRECTION('',(0.,0.,1.));
#13006 = DEFINITIONAL_REPRESENTATION('',(#13007),#13011);
#13007 = LINE('',#13008,#13009);
#13008 = CARTESIAN_POINT('',(0.,0.));
#13009 = VECTOR('',#13010,1.);
#13010 = DIRECTION('',(1.,0.));
#13011 = ( GEOMETRIC_REPRESENTATION_CONTEXT(2)
PARAMETRIC_REPRESENTATION_CONTEXT() REPRESENTATION_CONTEXT('2D SPACE',''
  ) );
#13012 = PCURVE('',#13013,#13018);
#13013 = PLANE('',#13014);
#13014 = AXIS2_PLACEMENT_3D('',#13015,#13016,#13017);
#13015 = CARTESIAN_POINT('',(-4.05,0.4,-8.));
#13016 = DIRECTION('',(-1.224646799147E-16,-1.,0.));
#13017 = DIRECTION('',(0.,0.,1.));
#13018 = DEFINITIONAL_REPRESENTATION('',(#13019),#13023);
#13019 = LINE('',#13020,#13021);
#13020 = CARTESIAN_POINT('',(0.,0.));
#13021 = VECTOR('',#13022,1.);
#13022 = DIRECTION('',(1.,0.));
#13023 = ( GEOMETRIC_REPRESENTATION_CONTEXT(2)
PARAMETRIC_REPRESENTATION_CONTEXT() REPRESENTATION_CONTEXT('2D SPACE',''
  ) );
#13024 = ORIENTED_EDGE('',*,*,#13025,.T.);
#13025 = EDGE_CURVE('',#12991,#13026,#13028,.T.);
#13026 = VERTEX_POINT('',#13027);
#13027 = CARTESIAN_POINT('',(-4.05,0.,-8.));
#13028 = SURFACE_CURVE('',#13029,(#13033,#13040),.PCURVE_S1.);
#13029 = LINE('',#13030,#13031);
#13030 = CARTESIAN_POINT('',(-4.05,0.4,-8.));
#13031 = VECTOR('',#13032,1.);
#13032 = DIRECTION('',(-1.224646799147E-16,-1.,0.));
#13033 = PCURVE('',#13001,#13034);
#13034 = DEFINITIONAL_REPRESENTATION('',(#13035),#13039);
#13035 = LINE('',#13036,#13037);
#13036 = CARTESIAN_POINT('',(0.,0.));
#13037 = VECTOR('',#13038,1.);
#13038 = DIRECTION('',(0.,-1.));
#13039 = ( GEOMETRIC_REPRESENTATION_CONTEXT(2)
PARAMETRIC_REPRESENTATION_CONTEXT() REPRESENTATION_CONTEXT('2D SPACE',''
  ) );
#13040 = PCURVE('',#13041,#13046);
#13041 = PLANE('',#13042);
#13042 = AXIS2_PLACEMENT_3D('',#13043,#13044,#13045);
#13043 = CARTESIAN_POINT('',(-4.05,0.4,-8.));
#13044 = DIRECTION('',(0.,0.,1.));
#13045 = DIRECTION('',(-1.,1.224646799147E-16,0.));
#13046 = DEFINITIONAL_REPRESENTATION('',(#13047),#13051);
#13047 = LINE('',#13048,#13049);
#13048 = CARTESIAN_POINT('',(0.,0.));
#13049 = VECTOR('',#13050,1.);
#13050 = DIRECTION('',(0.,1.));
#13051 = ( GEOMETRIC_REPRESENTATION_CONTEXT(2)
PARAMETRIC_REPRESENTATION_CONTEXT() REPRESENTATION_CONTEXT('2D SPACE',''
  ) );
#13052 = ORIENTED_EDGE('',*,*,#13053,.F.);
#13053 = EDGE_CURVE('',#13054,#13026,#13056,.T.);
#13054 = VERTEX_POINT('',#13055);
#13055 = CARTESIAN_POINT('',(-4.05,0.,-5.98));
#13056 = SURFACE_CURVE('',#13057,(#13061,#13067),.PCURVE_S1.);
#13057 = LINE('',#13058,#13059);
#13058 = CARTESIAN_POINT('',(-4.05,0.,-36.5));
#13059 = VECTOR('',#13060,1.);
#13060 = DIRECTION('',(0.,0.,-1.));
#13061 = PCURVE('',#13001,#13062);
#13062 = DEFINITIONAL_REPRESENTATION('',(#13063),#13066);
#13063 = B_SPLINE_CURVE_WITH_KNOTS('',1,(#13064,#13065),.UNSPECIFIED.,
  .F.,.F.,(2,2),(-30.52,-28.5),.PIECEWISE_BEZIER_KNOTS.);
#13064 = CARTESIAN_POINT('',(2.02,-0.4));
#13065 = CARTESIAN_POINT('',(0.,-0.4));
#13066 = ( GEOMETRIC_REPRESENTATION_CONTEXT(2)
PARAMETRIC_REPRESENTATION_CONTEXT() REPRESENTATION_CONTEXT('2D SPACE',''
  ) );
#13067 = PCURVE('',#13068,#13073);
#13068 = PLANE('',#13069);
#13069 = AXIS2_PLACEMENT_3D('',#13070,#13071,#13072);
#13070 = CARTESIAN_POINT('',(-30.,0.,-65.));
#13071 = DIRECTION('',(0.,1.,0.));
#13072 = DIRECTION('',(0.,0.,1.));
#13073 = DEFINITIONAL_REPRESENTATION('',(#13074),#13077);
#13074 = B_SPLINE_CURVE_WITH_KNOTS('',1,(#13075,#13076),.UNSPECIFIED.,
  .F.,.F.,(2,2),(-30.52,-28.5),.PIECEWISE_BEZIER_KNOTS.);
#13075 = CARTESIAN_POINT('',(59.02,25.95));
#13076 = CARTESIAN_POINT('',(57.,25.95));
#13077 = ( GEOMETRIC_REPRESENTATION_CONTEXT(2)
PARAMETRIC_REPRESENTATION_CONTEXT() REPRESENTATION_CONTEXT('2D SPACE',''
  ) );
#13078 = ORIENTED_EDGE('',*,*,#13079,.T.);
#13079 = EDGE_CURVE('',#13054,#12993,#13080,.T.);
#13080 = SURFACE_CURVE('',#13081,(#13085,#13092),.PCURVE_S1.);
#13081 = LINE('',#13082,#13083);
#13082 = CARTESIAN_POINT('',(-4.05,0.4,-5.98));
#13083 = VECTOR('',#13084,1.);
#13084 = DIRECTION('',(1.224646799147E-16,1.,0.));
#13085 = PCURVE('',#13001,#13086);
#13086 = DEFINITIONAL_REPRESENTATION('',(#13087),#13091);
#13087 = LINE('',#13088,#13089);
#13088 = CARTESIAN_POINT('',(2.02,0.));
#13089 = VECTOR('',#13090,1.);
#13090 = DIRECTION('',(0.,1.));
#13091 = ( GEOMETRIC_REPRESENTATION_CONTEXT(2)
PARAMETRIC_REPRESENTATION_CONTEXT() REPRESENTATION_CONTEXT('2D SPACE',''
  ) );
#13092 = PCURVE('',#13093,#13098);
#13093 = PLANE('',#13094);
#13094 = AXIS2_PLACEMENT_3D('',#13095,#13096,#13097);
#13095 = CARTESIAN_POINT('',(-3.25,0.4,-5.98));
#13096 = DIRECTION('',(0.,0.,1.));
#13097 = DIRECTION('',(-1.,1.224646799147E-16,0.));
#13098 = DEFINITIONAL_REPRESENTATION('',(#13099),#13103);
#13099 = LINE('',#13100,#13101);
#13100 = CARTESIAN_POINT('',(0.8,-1.305055853073E-17));
#13101 = VECTOR('',#13102,1.);
#13102 = DIRECTION('',(0.,-1.));
#13103 = ( GEOMETRIC_REPRESENTATION_CONTEXT(2)
PARAMETRIC_REPRESENTATION_CONTEXT() REPRESENTATION_CONTEXT('2D SPACE',''
  ) );
#13104 = ADVANCED_FACE('',(#13105),#13013,.F.);
#13105 = FACE_BOUND('',#13106,.F.);
#13106 = EDGE_LOOP('',(#13107,#13137,#13158,#13159));
#13107 = ORIENTED_EDGE('',*,*,#13108,.F.);
#13108 = EDGE_CURVE('',#13109,#13111,#13113,.T.);
#13109 = VERTEX_POINT('',#13110);
#13110 = CARTESIAN_POINT('',(-4.55,0.4,-8.));
#13111 = VERTEX_POINT('',#13112);
#13112 = CARTESIAN_POINT('',(-4.55,0.4,-5.98));
#13113 = SURFACE_CURVE('',#13114,(#13118,#13125),.PCURVE_S1.);
#13114 = LINE('',#13115,#13116);
#13115 = CARTESIAN_POINT('',(-4.55,0.4,-8.));
#13116 = VECTOR('',#13117,1.);
#13117 = DIRECTION('',(0.,0.,1.));
#13118 = PCURVE('',#13013,#13119);
#13119 = DEFINITIONAL_REPRESENTATION('',(#13120),#13124);
#13120 = LINE('',#13121,#13122);
#13121 = CARTESIAN_POINT('',(0.,0.5));
#13122 = VECTOR('',#13123,1.);
#13123 = DIRECTION('',(1.,0.));
#13124 = ( GEOMETRIC_REPRESENTATION_CONTEXT(2)
PARAMETRIC_REPRESENTATION_CONTEXT() REPRESENTATION_CONTEXT('2D SPACE',''
  ) );
#13125 = PCURVE('',#13126,#13131);
#13126 = PLANE('',#13127);
#13127 = AXIS2_PLACEMENT_3D('',#13128,#13129,#13130);
#13128 = CARTESIAN_POINT('',(-4.55,0.4,-8.));
#13129 = DIRECTION('',(-1.,1.224646799147E-16,0.));
#13130 = DIRECTION('',(0.,0.,1.));
#13131 = DEFINITIONAL_REPRESENTATION('',(#13132),#13136);
#13132 = LINE('',#13133,#13134);
#13133 = CARTESIAN_POINT('',(0.,0.));
#13134 = VECTOR('',#13135,1.);
#13135 = DIRECTION('',(1.,0.));
#13136 = ( GEOMETRIC_REPRESENTATION_CONTEXT(2)
PARAMETRIC_REPRESENTATION_CONTEXT() REPRESENTATION_CONTEXT('2D SPACE',''
  ) );
#13137 = ORIENTED_EDGE('',*,*,#13138,.F.);
#13138 = EDGE_CURVE('',#12991,#13109,#13139,.T.);
#13139 = SURFACE_CURVE('',#13140,(#13144,#13151),.PCURVE_S1.);
#13140 = LINE('',#13141,#13142);
#13141 = CARTESIAN_POINT('',(-4.05,0.4,-8.));
#13142 = VECTOR('',#13143,1.);
#13143 = DIRECTION('',(-1.,1.224646799147E-16,0.));
#13144 = PCURVE('',#13013,#13145);
#13145 = DEFINITIONAL_REPRESENTATION('',(#13146),#13150);
#13146 = LINE('',#13147,#13148);
#13147 = CARTESIAN_POINT('',(0.,0.));
#13148 = VECTOR('',#13149,1.);
#13149 = DIRECTION('',(0.,1.));
#13150 = ( GEOMETRIC_REPRESENTATION_CONTEXT(2)
PARAMETRIC_REPRESENTATION_CONTEXT() REPRESENTATION_CONTEXT('2D SPACE',''
  ) );
#13151 = PCURVE('',#13041,#13152);
#13152 = DEFINITIONAL_REPRESENTATION('',(#13153),#13157);
#13153 = LINE('',#13154,#13155);
#13154 = CARTESIAN_POINT('',(0.,0.));
#13155 = VECTOR('',#13156,1.);
#13156 = DIRECTION('',(1.,0.));
#13157 = ( GEOMETRIC_REPRESENTATION_CONTEXT(2)
PARAMETRIC_REPRESENTATION_CONTEXT() REPRESENTATION_CONTEXT('2D SPACE',''
  ) );
#13158 = ORIENTED_EDGE('',*,*,#12990,.T.);
#13159 = ORIENTED_EDGE('',*,*,#13160,.T.);
#13160 = EDGE_CURVE('',#12993,#13111,#13161,.T.);
#13161 = SURFACE_CURVE('',#13162,(#13166,#13173),.PCURVE_S1.);
#13162 = LINE('',#13163,#13164);
#13163 = CARTESIAN_POINT('',(-3.25,0.4,-5.98));
#13164 = VECTOR('',#13165,1.);
#13165 = DIRECTION('',(-1.,1.224646799147E-16,0.));
#13166 = PCURVE('',#13013,#13167);
#13167 = DEFINITIONAL_REPRESENTATION('',(#13168),#13172);
#13168 = LINE('',#13169,#13170);
#13169 = CARTESIAN_POINT('',(2.02,-0.8));
#13170 = VECTOR('',#13171,1.);
#13171 = DIRECTION('',(0.,1.));
#13172 = ( GEOMETRIC_REPRESENTATION_CONTEXT(2)
PARAMETRIC_REPRESENTATION_CONTEXT() REPRESENTATION_CONTEXT('2D SPACE',''
  ) );
#13173 = PCURVE('',#13174,#13179);
#13174 = PLANE('',#13175);
#13175 = AXIS2_PLACEMENT_3D('',#13176,#13177,#13178);
#13176 = CARTESIAN_POINT('',(-4.05,0.4,-8.));
#13177 = DIRECTION('',(-1.224646799147E-16,-1.,0.));
#13178 = DIRECTION('',(0.,0.,1.));
#13179 = DEFINITIONAL_REPRESENTATION('',(#13180),#13184);
#13180 = LINE('',#13181,#13182);
#13181 = CARTESIAN_POINT('',(2.02,-0.8));
#13182 = VECTOR('',#13183,1.);
#13183 = DIRECTION('',(0.,1.));
#13184 = ( GEOMETRIC_REPRESENTATION_CONTEXT(2)
PARAMETRIC_REPRESENTATION_CONTEXT() REPRESENTATION_CONTEXT('2D SPACE',''
  ) );
#13185 = ADVANCED_FACE('',(#13186),#13093,.F.);
#13186 = FACE_BOUND('',#13187,.F.);
#13187 = EDGE_LOOP('',(#13188,#13209,#13237,#13263));
#13188 = ORIENTED_EDGE('',*,*,#13189,.F.);
#13189 = EDGE_CURVE('',#13190,#13054,#13192,.T.);
#13190 = VERTEX_POINT('',#13191);
#13191 = CARTESIAN_POINT('',(-3.25,0.,-5.98));
#13192 = SURFACE_CURVE('',#13193,(#13197,#13203),.PCURVE_S1.);
#13193 = LINE('',#13194,#13195);
#13194 = CARTESIAN_POINT('',(-16.625,0.,-5.98));
#13195 = VECTOR('',#13196,1.);
#13196 = DIRECTION('',(-1.,0.,0.));
#13197 = PCURVE('',#13093,#13198);
#13198 = DEFINITIONAL_REPRESENTATION('',(#13199),#13202);
#13199 = B_SPLINE_CURVE_WITH_KNOTS('',1,(#13200,#13201),.UNSPECIFIED.,
  .F.,.F.,(2,2),(-13.375,-12.575),.PIECEWISE_BEZIER_KNOTS.);
#13200 = CARTESIAN_POINT('',(0.,0.4));
#13201 = CARTESIAN_POINT('',(0.8,0.4));
#13202 = ( GEOMETRIC_REPRESENTATION_CONTEXT(2)
PARAMETRIC_REPRESENTATION_CONTEXT() REPRESENTATION_CONTEXT('2D SPACE',''
  ) );
#13203 = PCURVE('',#13068,#13204);
#13204 = DEFINITIONAL_REPRESENTATION('',(#13205),#13208);
#13205 = B_SPLINE_CURVE_WITH_KNOTS('',1,(#13206,#13207),.UNSPECIFIED.,
  .F.,.F.,(2,2),(-13.375,-12.575),.PIECEWISE_BEZIER_KNOTS.);
#13206 = CARTESIAN_POINT('',(59.02,26.75));
#13207 = CARTESIAN_POINT('',(59.02,25.95));
#13208 = ( GEOMETRIC_REPRESENTATION_CONTEXT(2)
PARAMETRIC_REPRESENTATION_CONTEXT() REPRESENTATION_CONTEXT('2D SPACE',''
  ) );
#13209 = ORIENTED_EDGE('',*,*,#13210,.F.);
#13210 = EDGE_CURVE('',#13211,#13190,#13213,.T.);
#13211 = VERTEX_POINT('',#13212);
#13212 = CARTESIAN_POINT('',(-3.25,0.4,-5.98));
#13213 = SURFACE_CURVE('',#13214,(#13218,#13225),.PCURVE_S1.);
#13214 = LINE('',#13215,#13216);
#13215 = CARTESIAN_POINT('',(-3.25,0.4,-5.98));
#13216 = VECTOR('',#13217,1.);
#13217 = DIRECTION('',(-1.224646799147E-16,-1.,0.));
#13218 = PCURVE('',#13093,#13219);
#13219 = DEFINITIONAL_REPRESENTATION('',(#13220),#13224);
#13220 = LINE('',#13221,#13222);
#13221 = CARTESIAN_POINT('',(0.,0.));
#13222 = VECTOR('',#13223,1.);
#13223 = DIRECTION('',(0.,1.));
#13224 = ( GEOMETRIC_REPRESENTATION_CONTEXT(2)
PARAMETRIC_REPRESENTATION_CONTEXT() REPRESENTATION_CONTEXT('2D SPACE',''
  ) );
#13225 = PCURVE('',#13226,#13231);
#13226 = PLANE('',#13227);
#13227 = AXIS2_PLACEMENT_3D('',#13228,#13229,#13230);
#13228 = CARTESIAN_POINT('',(-3.25,0.4,-5.98));
#13229 = DIRECTION('',(-1.,1.224646799147E-16,0.));
#13230 = DIRECTION('',(0.,0.,1.));
#13231 = DEFINITIONAL_REPRESENTATION('',(#13232),#13236);
#13232 = LINE('',#13233,#13234);
#13233 = CARTESIAN_POINT('',(0.,0.));
#13234 = VECTOR('',#13235,1.);
#13235 = DIRECTION('',(0.,-1.));
#13236 = ( GEOMETRIC_REPRESENTATION_CONTEXT(2)
PARAMETRIC_REPRESENTATION_CONTEXT() REPRESENTATION_CONTEXT('2D SPACE',''
  ) );
#13237 = ORIENTED_EDGE('',*,*,#13238,.T.);
#13238 = EDGE_CURVE('',#13211,#12993,#13239,.T.);
#13239 = SURFACE_CURVE('',#13240,(#13244,#13251),.PCURVE_S1.);
#13240 = LINE('',#13241,#13242);
#13241 = CARTESIAN_POINT('',(-3.25,0.4,-5.98));
#13242 = VECTOR('',#13243,1.);
#13243 = DIRECTION('',(-1.,1.224646799147E-16,0.));
#13244 = PCURVE('',#13093,#13245);
#13245 = DEFINITIONAL_REPRESENTATION('',(#13246),#13250);
#13246 = LINE('',#13247,#13248);
#13247 = CARTESIAN_POINT('',(0.,0.));
#13248 = VECTOR('',#13249,1.);
#13249 = DIRECTION('',(1.,0.));
#13250 = ( GEOMETRIC_REPRESENTATION_CONTEXT(2)
PARAMETRIC_REPRESENTATION_CONTEXT() REPRESENTATION_CONTEXT('2D SPACE',''
  ) );
#13251 = PCURVE('',#13252,#13257);
#13252 = PLANE('',#13253);
#13253 = AXIS2_PLACEMENT_3D('',#13254,#13255,#13256);
#13254 = CARTESIAN_POINT('',(-3.25,0.4,-5.98));
#13255 = DIRECTION('',(-1.224646799147E-16,-1.,0.));
#13256 = DIRECTION('',(0.,0.,1.));
#13257 = DEFINITIONAL_REPRESENTATION('',(#13258),#13262);
#13258 = LINE('',#13259,#13260);
#13259 = CARTESIAN_POINT('',(0.,0.));
#13260 = VECTOR('',#13261,1.);
#13261 = DIRECTION('',(0.,1.));
#13262 = ( GEOMETRIC_REPRESENTATION_CONTEXT(2)
PARAMETRIC_REPRESENTATION_CONTEXT() REPRESENTATION_CONTEXT('2D SPACE',''
  ) );
#13263 = ORIENTED_EDGE('',*,*,#13079,.F.);
#13264 = ADVANCED_FACE('',(#13265),#13068,.F.);
#13265 = FACE_BOUND('',#13266,.F.);
#13266 = EDGE_LOOP('',(#13267,#13268,#13269,#13290,#13311,#13337,#13363,
    #13389));
#13267 = ORIENTED_EDGE('',*,*,#13189,.T.);
#13268 = ORIENTED_EDGE('',*,*,#13053,.T.);
#13269 = ORIENTED_EDGE('',*,*,#13270,.T.);
#13270 = EDGE_CURVE('',#13026,#13271,#13273,.T.);
#13271 = VERTEX_POINT('',#13272);
#13272 = CARTESIAN_POINT('',(-4.55,0.,-8.));
#13273 = SURFACE_CURVE('',#13274,(#13278,#13284),.PCURVE_S1.);
#13274 = LINE('',#13275,#13276);
#13275 = CARTESIAN_POINT('',(-17.025,0.,-8.));
#13276 = VECTOR('',#13277,1.);
#13277 = DIRECTION('',(-1.,0.,0.));
#13278 = PCURVE('',#13068,#13279);
#13279 = DEFINITIONAL_REPRESENTATION('',(#13280),#13283);
#13280 = B_SPLINE_CURVE_WITH_KNOTS('',1,(#13281,#13282),.UNSPECIFIED.,
  .F.,.F.,(2,2),(-12.975,-12.475),.PIECEWISE_BEZIER_KNOTS.);
#13281 = CARTESIAN_POINT('',(57.,25.95));
#13282 = CARTESIAN_POINT('',(57.,25.45));
#13283 = ( GEOMETRIC_REPRESENTATION_CONTEXT(2)
PARAMETRIC_REPRESENTATION_CONTEXT() REPRESENTATION_CONTEXT('2D SPACE',''
  ) );
#13284 = PCURVE('',#13041,#13285);
#13285 = DEFINITIONAL_REPRESENTATION('',(#13286),#13289);
#13286 = B_SPLINE_CURVE_WITH_KNOTS('',1,(#13287,#13288),.UNSPECIFIED.,
  .F.,.F.,(2,2),(-12.975,-12.475),.PIECEWISE_BEZIER_KNOTS.);
#13287 = CARTESIAN_POINT('',(0.,0.4));
#13288 = CARTESIAN_POINT('',(0.5,0.4));
#13289 = ( GEOMETRIC_REPRESENTATION_CONTEXT(2)
PARAMETRIC_REPRESENTATION_CONTEXT() REPRESENTATION_CONTEXT('2D SPACE',''
  ) );
#13290 = ORIENTED_EDGE('',*,*,#13291,.F.);
#13291 = EDGE_CURVE('',#13292,#13271,#13294,.T.);
#13292 = VERTEX_POINT('',#13293);
#13293 = CARTESIAN_POINT('',(-4.55,0.,-5.98));
#13294 = SURFACE_CURVE('',#13295,(#13299,#13305),.PCURVE_S1.);
#13295 = LINE('',#13296,#13297);
#13296 = CARTESIAN_POINT('',(-4.55,0.,-36.5));
#13297 = VECTOR('',#13298,1.);
#13298 = DIRECTION('',(0.,0.,-1.));
#13299 = PCURVE('',#13068,#13300);
#13300 = DEFINITIONAL_REPRESENTATION('',(#13301),#13304);
#13301 = B_SPLINE_CURVE_WITH_KNOTS('',1,(#13302,#13303),.UNSPECIFIED.,
  .F.,.F.,(2,2),(-30.52,-28.5),.PIECEWISE_BEZIER_KNOTS.);
#13302 = CARTESIAN_POINT('',(59.02,25.45));
#13303 = CARTESIAN_POINT('',(57.,25.45));
#13304 = ( GEOMETRIC_REPRESENTATION_CONTEXT(2)
PARAMETRIC_REPRESENTATION_CONTEXT() REPRESENTATION_CONTEXT('2D SPACE',''
  ) );
#13305 = PCURVE('',#13126,#13306);
#13306 = DEFINITIONAL_REPRESENTATION('',(#13307),#13310);
#13307 = B_SPLINE_CURVE_WITH_KNOTS('',1,(#13308,#13309),.UNSPECIFIED.,
  .F.,.F.,(2,2),(-30.52,-28.5),.PIECEWISE_BEZIER_KNOTS.);
#13308 = CARTESIAN_POINT('',(2.02,-0.4));
#13309 = CARTESIAN_POINT('',(0.,-0.4));
#13310 = ( GEOMETRIC_REPRESENTATION_CONTEXT(2)
PARAMETRIC_REPRESENTATION_CONTEXT() REPRESENTATION_CONTEXT('2D SPACE',''
  ) );
#13311 = ORIENTED_EDGE('',*,*,#13312,.F.);
#13312 = EDGE_CURVE('',#13313,#13292,#13315,.T.);
#13313 = VERTEX_POINT('',#13314);
#13314 = CARTESIAN_POINT('',(-4.55,0.,-5.68));
#13315 = SURFACE_CURVE('',#13316,(#13320,#13326),.PCURVE_S1.);
#13316 = LINE('',#13317,#13318);
#13317 = CARTESIAN_POINT('',(-4.55,0.,-36.5));
#13318 = VECTOR('',#13319,1.);
#13319 = DIRECTION('',(0.,0.,-1.));
#13320 = PCURVE('',#13068,#13321);
#13321 = DEFINITIONAL_REPRESENTATION('',(#13322),#13325);
#13322 = B_SPLINE_CURVE_WITH_KNOTS('',1,(#13323,#13324),.UNSPECIFIED.,
  .F.,.F.,(2,2),(-30.82,-30.52),.PIECEWISE_BEZIER_KNOTS.);
#13323 = CARTESIAN_POINT('',(59.32,25.45));
#13324 = CARTESIAN_POINT('',(59.02,25.45));
#13325 = ( GEOMETRIC_REPRESENTATION_CONTEXT(2)
PARAMETRIC_REPRESENTATION_CONTEXT() REPRESENTATION_CONTEXT('2D SPACE',''
  ) );
#13326 = PCURVE('',#13327,#13332);
#13327 = PLANE('',#13328);
#13328 = AXIS2_PLACEMENT_3D('',#13329,#13330,#13331);
#13329 = CARTESIAN_POINT('',(-4.55,0.4,-8.));
#13330 = DIRECTION('',(-1.,1.224646799147E-16,0.));
#13331 = DIRECTION('',(0.,0.,1.));
#13332 = DEFINITIONAL_REPRESENTATION('',(#13333),#13336);
#13333 = B_SPLINE_CURVE_WITH_KNOTS('',1,(#13334,#13335),.UNSPECIFIED.,
  .F.,.F.,(2,2),(-30.82,-30.52),.PIECEWISE_BEZIER_KNOTS.);
#13334 = CARTESIAN_POINT('',(2.32,-0.4));
#13335 = CARTESIAN_POINT('',(2.02,-0.4));
#13336 = ( GEOMETRIC_REPRESENTATION_CONTEXT(2)
PARAMETRIC_REPRESENTATION_CONTEXT() REPRESENTATION_CONTEXT('2D SPACE',''
  ) );
#13337 = ORIENTED_EDGE('',*,*,#13338,.F.);
#13338 = EDGE_CURVE('',#13339,#13313,#13341,.T.);
#13339 = VERTEX_POINT('',#13340);
#13340 = CARTESIAN_POINT('',(-4.05,0.,-5.68));
#13341 = SURFACE_CURVE('',#13342,(#13346,#13352),.PCURVE_S1.);
#13342 = LINE('',#13343,#13344);
#13343 = CARTESIAN_POINT('',(-17.025,0.,-5.68));
#13344 = VECTOR('',#13345,1.);
#13345 = DIRECTION('',(-1.,0.,0.));
#13346 = PCURVE('',#13068,#13347);
#13347 = DEFINITIONAL_REPRESENTATION('',(#13348),#13351);
#13348 = B_SPLINE_CURVE_WITH_KNOTS('',1,(#13349,#13350),.UNSPECIFIED.,
  .F.,.F.,(2,2),(-12.975,-12.475),.PIECEWISE_BEZIER_KNOTS.);
#13349 = CARTESIAN_POINT('',(59.32,25.95));
#13350 = CARTESIAN_POINT('',(59.32,25.45));
#13351 = ( GEOMETRIC_REPRESENTATION_CONTEXT(2)
PARAMETRIC_REPRESENTATION_CONTEXT() REPRESENTATION_CONTEXT('2D SPACE',''
  ) );
#13352 = PCURVE('',#13353,#13358);
#13353 = PLANE('',#13354);
#13354 = AXIS2_PLACEMENT_3D('',#13355,#13356,#13357);
#13355 = CARTESIAN_POINT('',(-4.05,0.4,-5.68));
#13356 = DIRECTION('',(0.,0.,1.));
#13357 = DIRECTION('',(-1.,1.224646799147E-16,0.));
#13358 = DEFINITIONAL_REPRESENTATION('',(#13359),#13362);
#13359 = B_SPLINE_CURVE_WITH_KNOTS('',1,(#13360,#13361),.UNSPECIFIED.,
  .F.,.F.,(2,2),(-12.975,-12.475),.PIECEWISE_BEZIER_KNOTS.);
#13360 = CARTESIAN_POINT('',(0.,0.4));
#13361 = CARTESIAN_POINT('',(0.5,0.4));
#13362 = ( GEOMETRIC_REPRESENTATION_CONTEXT(2)
PARAMETRIC_REPRESENTATION_CONTEXT() REPRESENTATION_CONTEXT('2D SPACE',''
  ) );
#13363 = ORIENTED_EDGE('',*,*,#13364,.F.);
#13364 = EDGE_CURVE('',#13365,#13339,#13367,.T.);
#13365 = VERTEX_POINT('',#13366);
#13366 = CARTESIAN_POINT('',(-3.25,0.,-5.68));
#13367 = SURFACE_CURVE('',#13368,(#13372,#13378),.PCURVE_S1.);
#13368 = LINE('',#13369,#13370);
#13369 = CARTESIAN_POINT('',(-16.625,0.,-5.68));
#13370 = VECTOR('',#13371,1.);
#13371 = DIRECTION('',(-1.,0.,0.));
#13372 = PCURVE('',#13068,#13373);
#13373 = DEFINITIONAL_REPRESENTATION('',(#13374),#13377);
#13374 = B_SPLINE_CURVE_WITH_KNOTS('',1,(#13375,#13376),.UNSPECIFIED.,
  .F.,.F.,(2,2),(-13.375,-12.575),.PIECEWISE_BEZIER_KNOTS.);
#13375 = CARTESIAN_POINT('',(59.32,26.75));
#13376 = CARTESIAN_POINT('',(59.32,25.95));
#13377 = ( GEOMETRIC_REPRESENTATION_CONTEXT(2)
PARAMETRIC_REPRESENTATION_CONTEXT() REPRESENTATION_CONTEXT('2D SPACE',''
  ) );
#13378 = PCURVE('',#13379,#13384);
#13379 = PLANE('',#13380);
#13380 = AXIS2_PLACEMENT_3D('',#13381,#13382,#13383);
#13381 = CARTESIAN_POINT('',(-3.25,0.4,-5.68));
#13382 = DIRECTION('',(0.,0.,1.));
#13383 = DIRECTION('',(-1.,1.224646799147E-16,0.));
#13384 = DEFINITIONAL_REPRESENTATION('',(#13385),#13388);
#13385 = B_SPLINE_CURVE_WITH_KNOTS('',1,(#13386,#13387),.UNSPECIFIED.,
  .F.,.F.,(2,2),(-13.375,-12.575),.PIECEWISE_BEZIER_KNOTS.);
#13386 = CARTESIAN_POINT('',(0.,0.4));
#13387 = CARTESIAN_POINT('',(0.8,0.4));
#13388 = ( GEOMETRIC_REPRESENTATION_CONTEXT(2)
PARAMETRIC_REPRESENTATION_CONTEXT() REPRESENTATION_CONTEXT('2D SPACE',''
  ) );
#13389 = ORIENTED_EDGE('',*,*,#13390,.T.);
#13390 = EDGE_CURVE('',#13365,#13190,#13391,.T.);
#13391 = SURFACE_CURVE('',#13392,(#13396,#13402),.PCURVE_S1.);
#13392 = LINE('',#13393,#13394);
#13393 = CARTESIAN_POINT('',(-3.25,0.,-35.49));
#13394 = VECTOR('',#13395,1.);
#13395 = DIRECTION('',(0.,0.,-1.));
#13396 = PCURVE('',#13068,#13397);
#13397 = DEFINITIONAL_REPRESENTATION('',(#13398),#13401);
#13398 = B_SPLINE_CURVE_WITH_KNOTS('',1,(#13399,#13400),.UNSPECIFIED.,
  .F.,.F.,(2,2),(-29.81,-29.51),.PIECEWISE_BEZIER_KNOTS.);
#13399 = CARTESIAN_POINT('',(59.32,26.75));
#13400 = CARTESIAN_POINT('',(59.02,26.75));
#13401 = ( GEOMETRIC_REPRESENTATION_CONTEXT(2)
PARAMETRIC_REPRESENTATION_CONTEXT() REPRESENTATION_CONTEXT('2D SPACE',''
  ) );
#13402 = PCURVE('',#13226,#13403);
#13403 = DEFINITIONAL_REPRESENTATION('',(#13404),#13407);
#13404 = B_SPLINE_CURVE_WITH_KNOTS('',1,(#13405,#13406),.UNSPECIFIED.,
  .F.,.F.,(2,2),(-29.81,-29.51),.PIECEWISE_BEZIER_KNOTS.);
#13405 = CARTESIAN_POINT('',(0.3,-0.4));
#13406 = CARTESIAN_POINT('',(0.,-0.4));
#13407 = ( GEOMETRIC_REPRESENTATION_CONTEXT(2)
PARAMETRIC_REPRESENTATION_CONTEXT() REPRESENTATION_CONTEXT('2D SPACE',''
  ) );
#13408 = ADVANCED_FACE('',(#13409),#13041,.F.);
#13409 = FACE_BOUND('',#13410,.F.);
#13410 = EDGE_LOOP('',(#13411,#13412,#13413,#13434));
#13411 = ORIENTED_EDGE('',*,*,#13025,.F.);
#13412 = ORIENTED_EDGE('',*,*,#13138,.T.);
#13413 = ORIENTED_EDGE('',*,*,#13414,.T.);
#13414 = EDGE_CURVE('',#13109,#13271,#13415,.T.);
#13415 = SURFACE_CURVE('',#13416,(#13420,#13427),.PCURVE_S1.);
#13416 = LINE('',#13417,#13418);
#13417 = CARTESIAN_POINT('',(-4.55,0.4,-8.));
#13418 = VECTOR('',#13419,1.);
#13419 = DIRECTION('',(-1.224646799147E-16,-1.,0.));
#13420 = PCURVE('',#13041,#13421);
#13421 = DEFINITIONAL_REPRESENTATION('',(#13422),#13426);
#13422 = LINE('',#13423,#13424);
#13423 = CARTESIAN_POINT('',(0.5,5.72118872611E-18));
#13424 = VECTOR('',#13425,1.);
#13425 = DIRECTION('',(0.,1.));
#13426 = ( GEOMETRIC_REPRESENTATION_CONTEXT(2)
PARAMETRIC_REPRESENTATION_CONTEXT() REPRESENTATION_CONTEXT('2D SPACE',''
  ) );
#13427 = PCURVE('',#13126,#13428);
#13428 = DEFINITIONAL_REPRESENTATION('',(#13429),#13433);
#13429 = LINE('',#13430,#13431);
#13430 = CARTESIAN_POINT('',(0.,0.));
#13431 = VECTOR('',#13432,1.);
#13432 = DIRECTION('',(0.,-1.));
#13433 = ( GEOMETRIC_REPRESENTATION_CONTEXT(2)
PARAMETRIC_REPRESENTATION_CONTEXT() REPRESENTATION_CONTEXT('2D SPACE',''
  ) );
#13434 = ORIENTED_EDGE('',*,*,#13270,.F.);
#13435 = ADVANCED_FACE('',(#13436),#13126,.T.);
#13436 = FACE_BOUND('',#13437,.T.);
#13437 = EDGE_LOOP('',(#13438,#13439,#13440,#13441));
#13438 = ORIENTED_EDGE('',*,*,#13108,.F.);
#13439 = ORIENTED_EDGE('',*,*,#13414,.T.);
#13440 = ORIENTED_EDGE('',*,*,#13291,.F.);
#13441 = ORIENTED_EDGE('',*,*,#13442,.F.);
#13442 = EDGE_CURVE('',#13111,#13292,#13443,.T.);
#13443 = SURFACE_CURVE('',#13444,(#13448,#13455),.PCURVE_S1.);
#13444 = LINE('',#13445,#13446);
#13445 = CARTESIAN_POINT('',(-4.55,0.4,-5.98));
#13446 = VECTOR('',#13447,1.);
#13447 = DIRECTION('',(-1.224646799147E-16,-1.,0.));
#13448 = PCURVE('',#13126,#13449);
#13449 = DEFINITIONAL_REPRESENTATION('',(#13450),#13454);
#13450 = LINE('',#13451,#13452);
#13451 = CARTESIAN_POINT('',(2.02,0.));
#13452 = VECTOR('',#13453,1.);
#13453 = DIRECTION('',(0.,-1.));
#13454 = ( GEOMETRIC_REPRESENTATION_CONTEXT(2)
PARAMETRIC_REPRESENTATION_CONTEXT() REPRESENTATION_CONTEXT('2D SPACE',''
  ) );
#13455 = PCURVE('',#13327,#13456);
#13456 = DEFINITIONAL_REPRESENTATION('',(#13457),#13461);
#13457 = LINE('',#13458,#13459);
#13458 = CARTESIAN_POINT('',(2.02,0.));
#13459 = VECTOR('',#13460,1.);
#13460 = DIRECTION('',(0.,-1.));
#13461 = ( GEOMETRIC_REPRESENTATION_CONTEXT(2)
PARAMETRIC_REPRESENTATION_CONTEXT() REPRESENTATION_CONTEXT('2D SPACE',''
  ) );
#13462 = ADVANCED_FACE('',(#13463),#13174,.F.);
#13463 = FACE_BOUND('',#13464,.F.);
#13464 = EDGE_LOOP('',(#13465,#13488,#13489,#13512));
#13465 = ORIENTED_EDGE('',*,*,#13466,.F.);
#13466 = EDGE_CURVE('',#13111,#13467,#13469,.T.);
#13467 = VERTEX_POINT('',#13468);
#13468 = CARTESIAN_POINT('',(-4.55,0.4,-5.68));
#13469 = SURFACE_CURVE('',#13470,(#13474,#13481),.PCURVE_S1.);
#13470 = LINE('',#13471,#13472);
#13471 = CARTESIAN_POINT('',(-4.55,0.4,-8.));
#13472 = VECTOR('',#13473,1.);
#13473 = DIRECTION('',(0.,0.,1.));
#13474 = PCURVE('',#13174,#13475);
#13475 = DEFINITIONAL_REPRESENTATION('',(#13476),#13480);
#13476 = LINE('',#13477,#13478);
#13477 = CARTESIAN_POINT('',(0.,0.5));
#13478 = VECTOR('',#13479,1.);
#13479 = DIRECTION('',(1.,0.));
#13480 = ( GEOMETRIC_REPRESENTATION_CONTEXT(2)
PARAMETRIC_REPRESENTATION_CONTEXT() REPRESENTATION_CONTEXT('2D SPACE',''
  ) );
#13481 = PCURVE('',#13327,#13482);
#13482 = DEFINITIONAL_REPRESENTATION('',(#13483),#13487);
#13483 = LINE('',#13484,#13485);
#13484 = CARTESIAN_POINT('',(0.,0.));
#13485 = VECTOR('',#13486,1.);
#13486 = DIRECTION('',(1.,0.));
#13487 = ( GEOMETRIC_REPRESENTATION_CONTEXT(2)
PARAMETRIC_REPRESENTATION_CONTEXT() REPRESENTATION_CONTEXT('2D SPACE',''
  ) );
#13488 = ORIENTED_EDGE('',*,*,#13160,.F.);
#13489 = ORIENTED_EDGE('',*,*,#13490,.T.);
#13490 = EDGE_CURVE('',#12993,#13491,#13493,.T.);
#13491 = VERTEX_POINT('',#13492);
#13492 = CARTESIAN_POINT('',(-4.05,0.4,-5.68));
#13493 = SURFACE_CURVE('',#13494,(#13498,#13505),.PCURVE_S1.);
#13494 = LINE('',#13495,#13496);
#13495 = CARTESIAN_POINT('',(-4.05,0.4,-8.));
#13496 = VECTOR('',#13497,1.);
#13497 = DIRECTION('',(0.,0.,1.));
#13498 = PCURVE('',#13174,#13499);
#13499 = DEFINITIONAL_REPRESENTATION('',(#13500),#13504);
#13500 = LINE('',#13501,#13502);
#13501 = CARTESIAN_POINT('',(0.,0.));
#13502 = VECTOR('',#13503,1.);
#13503 = DIRECTION('',(1.,0.));
#13504 = ( GEOMETRIC_REPRESENTATION_CONTEXT(2)
PARAMETRIC_REPRESENTATION_CONTEXT() REPRESENTATION_CONTEXT('2D SPACE',''
  ) );
#13505 = PCURVE('',#13252,#13506);
#13506 = DEFINITIONAL_REPRESENTATION('',(#13507),#13511);
#13507 = LINE('',#13508,#13509);
#13508 = CARTESIAN_POINT('',(-2.02,0.8));
#13509 = VECTOR('',#13510,1.);
#13510 = DIRECTION('',(1.,0.));
#13511 = ( GEOMETRIC_REPRESENTATION_CONTEXT(2)
PARAMETRIC_REPRESENTATION_CONTEXT() REPRESENTATION_CONTEXT('2D SPACE',''
  ) );
#13512 = ORIENTED_EDGE('',*,*,#13513,.T.);
#13513 = EDGE_CURVE('',#13491,#13467,#13514,.T.);
#13514 = SURFACE_CURVE('',#13515,(#13519,#13526),.PCURVE_S1.);
#13515 = LINE('',#13516,#13517);
#13516 = CARTESIAN_POINT('',(-4.05,0.4,-5.68));
#13517 = VECTOR('',#13518,1.);
#13518 = DIRECTION('',(-1.,1.224646799147E-16,0.));
#13519 = PCURVE('',#13174,#13520);
#13520 = DEFINITIONAL_REPRESENTATION('',(#13521),#13525);
#13521 = LINE('',#13522,#13523);
#13522 = CARTESIAN_POINT('',(2.32,0.));
#13523 = VECTOR('',#13524,1.);
#13524 = DIRECTION('',(0.,1.));
#13525 = ( GEOMETRIC_REPRESENTATION_CONTEXT(2)
PARAMETRIC_REPRESENTATION_CONTEXT() REPRESENTATION_CONTEXT('2D SPACE',''
  ) );
#13526 = PCURVE('',#13353,#13527);
#13527 = DEFINITIONAL_REPRESENTATION('',(#13528),#13532);
#13528 = LINE('',#13529,#13530);
#13529 = CARTESIAN_POINT('',(0.,0.));
#13530 = VECTOR('',#13531,1.);
#13531 = DIRECTION('',(1.,0.));
#13532 = ( GEOMETRIC_REPRESENTATION_CONTEXT(2)
PARAMETRIC_REPRESENTATION_CONTEXT() REPRESENTATION_CONTEXT('2D SPACE',''
  ) );
#13533 = ADVANCED_FACE('',(#13534),#13252,.F.);
#13534 = FACE_BOUND('',#13535,.F.);
#13535 = EDGE_LOOP('',(#13536,#13537,#13560,#13581));
#13536 = ORIENTED_EDGE('',*,*,#13238,.F.);
#13537 = ORIENTED_EDGE('',*,*,#13538,.T.);
#13538 = EDGE_CURVE('',#13211,#13539,#13541,.T.);
#13539 = VERTEX_POINT('',#13540);
#13540 = CARTESIAN_POINT('',(-3.25,0.4,-5.68));
#13541 = SURFACE_CURVE('',#13542,(#13546,#13553),.PCURVE_S1.);
#13542 = LINE('',#13543,#13544);
#13543 = CARTESIAN_POINT('',(-3.25,0.4,-5.98));
#13544 = VECTOR('',#13545,1.);
#13545 = DIRECTION('',(0.,0.,1.));
#13546 = PCURVE('',#13252,#13547);
#13547 = DEFINITIONAL_REPRESENTATION('',(#13548),#13552);
#13548 = LINE('',#13549,#13550);
#13549 = CARTESIAN_POINT('',(0.,0.));
#13550 = VECTOR('',#13551,1.);
#13551 = DIRECTION('',(1.,0.));
#13552 = ( GEOMETRIC_REPRESENTATION_CONTEXT(2)
PARAMETRIC_REPRESENTATION_CONTEXT() REPRESENTATION_CONTEXT('2D SPACE',''
  ) );
#13553 = PCURVE('',#13226,#13554);
#13554 = DEFINITIONAL_REPRESENTATION('',(#13555),#13559);
#13555 = LINE('',#13556,#13557);
#13556 = CARTESIAN_POINT('',(0.,0.));
#13557 = VECTOR('',#13558,1.);
#13558 = DIRECTION('',(1.,0.));
#13559 = ( GEOMETRIC_REPRESENTATION_CONTEXT(2)
PARAMETRIC_REPRESENTATION_CONTEXT() REPRESENTATION_CONTEXT('2D SPACE',''
  ) );
#13560 = ORIENTED_EDGE('',*,*,#13561,.T.);
#13561 = EDGE_CURVE('',#13539,#13491,#13562,.T.);
#13562 = SURFACE_CURVE('',#13563,(#13567,#13574),.PCURVE_S1.);
#13563 = LINE('',#13564,#13565);
#13564 = CARTESIAN_POINT('',(-3.25,0.4,-5.68));
#13565 = VECTOR('',#13566,1.);
#13566 = DIRECTION('',(-1.,1.224646799147E-16,0.));
#13567 = PCURVE('',#13252,#13568);
#13568 = DEFINITIONAL_REPRESENTATION('',(#13569),#13573);
#13569 = LINE('',#13570,#13571);
#13570 = CARTESIAN_POINT('',(0.3,0.));
#13571 = VECTOR('',#13572,1.);
#13572 = DIRECTION('',(0.,1.));
#13573 = ( GEOMETRIC_REPRESENTATION_CONTEXT(2)
PARAMETRIC_REPRESENTATION_CONTEXT() REPRESENTATION_CONTEXT('2D SPACE',''
  ) );
#13574 = PCURVE('',#13379,#13575);
#13575 = DEFINITIONAL_REPRESENTATION('',(#13576),#13580);
#13576 = LINE('',#13577,#13578);
#13577 = CARTESIAN_POINT('',(0.,0.));
#13578 = VECTOR('',#13579,1.);
#13579 = DIRECTION('',(1.,0.));
#13580 = ( GEOMETRIC_REPRESENTATION_CONTEXT(2)
PARAMETRIC_REPRESENTATION_CONTEXT() REPRESENTATION_CONTEXT('2D SPACE',''
  ) );
#13581 = ORIENTED_EDGE('',*,*,#13490,.F.);
#13582 = ADVANCED_FACE('',(#13583),#13226,.F.);
#13583 = FACE_BOUND('',#13584,.F.);
#13584 = EDGE_LOOP('',(#13585,#13606,#13607,#13608));
#13585 = ORIENTED_EDGE('',*,*,#13586,.F.);
#13586 = EDGE_CURVE('',#13539,#13365,#13587,.T.);
#13587 = SURFACE_CURVE('',#13588,(#13592,#13599),.PCURVE_S1.);
#13588 = LINE('',#13589,#13590);
#13589 = CARTESIAN_POINT('',(-3.25,0.4,-5.68));
#13590 = VECTOR('',#13591,1.);
#13591 = DIRECTION('',(-1.224646799147E-16,-1.,0.));
#13592 = PCURVE('',#13226,#13593);
#13593 = DEFINITIONAL_REPRESENTATION('',(#13594),#13598);
#13594 = LINE('',#13595,#13596);
#13595 = CARTESIAN_POINT('',(0.3,0.));
#13596 = VECTOR('',#13597,1.);
#13597 = DIRECTION('',(0.,-1.));
#13598 = ( GEOMETRIC_REPRESENTATION_CONTEXT(2)
PARAMETRIC_REPRESENTATION_CONTEXT() REPRESENTATION_CONTEXT('2D SPACE',''
  ) );
#13599 = PCURVE('',#13379,#13600);
#13600 = DEFINITIONAL_REPRESENTATION('',(#13601),#13605);
#13601 = LINE('',#13602,#13603);
#13602 = CARTESIAN_POINT('',(0.,0.));
#13603 = VECTOR('',#13604,1.);
#13604 = DIRECTION('',(0.,1.));
#13605 = ( GEOMETRIC_REPRESENTATION_CONTEXT(2)
PARAMETRIC_REPRESENTATION_CONTEXT() REPRESENTATION_CONTEXT('2D SPACE',''
  ) );
#13606 = ORIENTED_EDGE('',*,*,#13538,.F.);
#13607 = ORIENTED_EDGE('',*,*,#13210,.T.);
#13608 = ORIENTED_EDGE('',*,*,#13390,.F.);
#13609 = ADVANCED_FACE('',(#13610),#13379,.T.);
#13610 = FACE_BOUND('',#13611,.T.);
#13611 = EDGE_LOOP('',(#13612,#13613,#13614,#13615));
#13612 = ORIENTED_EDGE('',*,*,#13364,.F.);
#13613 = ORIENTED_EDGE('',*,*,#13586,.F.);
#13614 = ORIENTED_EDGE('',*,*,#13561,.T.);
#13615 = ORIENTED_EDGE('',*,*,#13616,.T.);
#13616 = EDGE_CURVE('',#13491,#13339,#13617,.T.);
#13617 = SURFACE_CURVE('',#13618,(#13622,#13629),.PCURVE_S1.);
#13618 = LINE('',#13619,#13620);
#13619 = CARTESIAN_POINT('',(-4.05,0.4,-5.68));
#13620 = VECTOR('',#13621,1.);
#13621 = DIRECTION('',(-1.224646799147E-16,-1.,0.));
#13622 = PCURVE('',#13379,#13623);
#13623 = DEFINITIONAL_REPRESENTATION('',(#13624),#13628);
#13624 = LINE('',#13625,#13626);
#13625 = CARTESIAN_POINT('',(0.8,-1.305055853073E-17));
#13626 = VECTOR('',#13627,1.);
#13627 = DIRECTION('',(0.,1.));
#13628 = ( GEOMETRIC_REPRESENTATION_CONTEXT(2)
PARAMETRIC_REPRESENTATION_CONTEXT() REPRESENTATION_CONTEXT('2D SPACE',''
  ) );
#13629 = PCURVE('',#13353,#13630);
#13630 = DEFINITIONAL_REPRESENTATION('',(#13631),#13635);
#13631 = LINE('',#13632,#13633);
#13632 = CARTESIAN_POINT('',(0.,0.));
#13633 = VECTOR('',#13634,1.);
#13634 = DIRECTION('',(0.,1.));
#13635 = ( GEOMETRIC_REPRESENTATION_CONTEXT(2)
PARAMETRIC_REPRESENTATION_CONTEXT() REPRESENTATION_CONTEXT('2D SPACE',''
  ) );
#13636 = ADVANCED_FACE('',(#13637),#13353,.T.);
#13637 = FACE_BOUND('',#13638,.T.);
#13638 = EDGE_LOOP('',(#13639,#13640,#13641,#13662));
#13639 = ORIENTED_EDGE('',*,*,#13616,.F.);
#13640 = ORIENTED_EDGE('',*,*,#13513,.T.);
#13641 = ORIENTED_EDGE('',*,*,#13642,.T.);
#13642 = EDGE_CURVE('',#13467,#13313,#13643,.T.);
#13643 = SURFACE_CURVE('',#13644,(#13648,#13655),.PCURVE_S1.);
#13644 = LINE('',#13645,#13646);
#13645 = CARTESIAN_POINT('',(-4.55,0.4,-5.68));
#13646 = VECTOR('',#13647,1.);
#13647 = DIRECTION('',(-1.224646799147E-16,-1.,0.));
#13648 = PCURVE('',#13353,#13649);
#13649 = DEFINITIONAL_REPRESENTATION('',(#13650),#13654);
#13650 = LINE('',#13651,#13652);
#13651 = CARTESIAN_POINT('',(0.5,5.72118872611E-18));
#13652 = VECTOR('',#13653,1.);
#13653 = DIRECTION('',(0.,1.));
#13654 = ( GEOMETRIC_REPRESENTATION_CONTEXT(2)
PARAMETRIC_REPRESENTATION_CONTEXT() REPRESENTATION_CONTEXT('2D SPACE',''
  ) );
#13655 = PCURVE('',#13327,#13656);
#13656 = DEFINITIONAL_REPRESENTATION('',(#13657),#13661);
#13657 = LINE('',#13658,#13659);
#13658 = CARTESIAN_POINT('',(2.32,0.));
#13659 = VECTOR('',#13660,1.);
#13660 = DIRECTION('',(0.,-1.));
#13661 = ( GEOMETRIC_REPRESENTATION_CONTEXT(2)
PARAMETRIC_REPRESENTATION_CONTEXT() REPRESENTATION_CONTEXT('2D SPACE',''
  ) );
#13662 = ORIENTED_EDGE('',*,*,#13338,.F.);
#13663 = ADVANCED_FACE('',(#13664),#13327,.T.);
#13664 = FACE_BOUND('',#13665,.T.);
#13665 = EDGE_LOOP('',(#13666,#13667,#13668,#13669));
#13666 = ORIENTED_EDGE('',*,*,#13466,.F.);
#13667 = ORIENTED_EDGE('',*,*,#13442,.T.);
#13668 = ORIENTED_EDGE('',*,*,#13312,.F.);
#13669 = ORIENTED_EDGE('',*,*,#13642,.F.);
#13670 = ( GEOMETRIC_REPRESENTATION_CONTEXT(3)
GLOBAL_UNCERTAINTY_ASSIGNED_CONTEXT((#13674))
GLOBAL_UNIT_ASSIGNED_CONTEXT((#13671,#13672,#13673))
REPRESENTATION_CONTEXT('Context #1',
  '3D Context with UNIT and UNCERTAINTY') );
#13671 = ( LENGTH_UNIT() NAMED_UNIT(*) SI_UNIT(.MILLI.,.METRE.) );
#13672 = ( NAMED_UNIT(*) PLANE_ANGLE_UNIT() SI_UNIT($,.RADIAN.) );
#13673 = ( NAMED_UNIT(*) SI_UNIT($,.STERADIAN.) SOLID_ANGLE_UNIT() );
#13674 = UNCERTAINTY_MEASURE_WITH_UNIT(LENGTH_MEASURE(1.E-07),#13671,
  'distance_accuracy_value','confusion accuracy');
#13675 = CONTEXT_DEPENDENT_SHAPE_REPRESENTATION(#13676,#13678);
#13676 = ( REPRESENTATION_RELATIONSHIP('','',#12983,#10)
REPRESENTATION_RELATIONSHIP_WITH_TRANSFORMATION(#13677)
SHAPE_REPRESENTATION_RELATIONSHIP() );
#13677 = ITEM_DEFINED_TRANSFORMATION('','',#11,#67);
#13678 = PRODUCT_DEFINITION_SHAPE('Placement','Placement of an item',
  #13679);
#13679 = NEXT_ASSEMBLY_USAGE_OCCURRENCE('159','','',#5,#12978,$);
#13680 = PRODUCT_RELATED_PRODUCT_CATEGORY('part',$,(#12980));
#13681 = SHAPE_DEFINITION_REPRESENTATION(#13682,#13688);
#13682 = PRODUCT_DEFINITION_SHAPE('','',#13683);
#13683 = PRODUCT_DEFINITION('design','',#13684,#13687);
#13684 = PRODUCT_DEFINITION_FORMATION('','',#13685);
#13685 = PRODUCT('Open CASCADE STEP translator 7.8 6.15',
  'Open CASCADE STEP translator 7.8 6.15','',(#13686));
#13686 = PRODUCT_CONTEXT('',#2,'mechanical');
#13687 = PRODUCT_DEFINITION_CONTEXT('part definition',#2,'design');
#13688 = ADVANCED_BREP_SHAPE_REPRESENTATION('',(#11,#13689),#16150);
#13689 = MANIFOLD_SOLID_BREP('',#13690);
#13690 = CLOSED_SHELL('',(#13691,#13888,#13967,#14208,#14284,#14558,
    #14563,#14640,#14667,#14744,#14798,#14847,#14896,#14951,#15000,
    #15027,#15059,#15086,#15135,#15189,#15238,#15287,#15341,#15390,
    #15417,#15444,#15525,#15552,#15628,#15660,#15687,#15694,#15726,
    #15807,#15883,#15910,#15986,#16040,#16067,#16116,#16143));
#13691 = ADVANCED_FACE('',(#13692),#13707,.T.);
#13692 = FACE_BOUND('',#13693,.F.);
#13693 = EDGE_LOOP('',(#13694,#13730,#13758,#13787,#13808,#13837,#13866)
  );
#13694 = ORIENTED_EDGE('',*,*,#13695,.F.);
#13695 = EDGE_CURVE('',#13696,#13698,#13700,.T.);
#13696 = VERTEX_POINT('',#13697);
#13697 = CARTESIAN_POINT('',(4.,0.,0.45));
#13698 = VERTEX_POINT('',#13699);
#13699 = CARTESIAN_POINT('',(3.979949748426,0.4,0.45));
#13700 = SURFACE_CURVE('',#13701,(#13706,#13718),.PCURVE_S1.);
#13701 = CIRCLE('',#13702,4.);
#13702 = AXIS2_PLACEMENT_3D('',#13703,#13704,#13705);
#13703 = CARTESIAN_POINT('',(0.,0.,0.45));
#13704 = DIRECTION('',(0.,0.,1.));
#13705 = DIRECTION('',(1.,0.,0.));
#13706 = PCURVE('',#13707,#13712);
#13707 = CYLINDRICAL_SURFACE('',#13708,4.);
#13708 = AXIS2_PLACEMENT_3D('',#13709,#13710,#13711);
#13709 = CARTESIAN_POINT('',(0.,0.,0.45));
#13710 = DIRECTION('',(-0.,-0.,-1.));
#13711 = DIRECTION('',(1.,0.,0.));
#13712 = DEFINITIONAL_REPRESENTATION('',(#13713),#13717);
#13713 = LINE('',#13714,#13715);
#13714 = CARTESIAN_POINT('',(-0.,0.));
#13715 = VECTOR('',#13716,1.);
#13716 = DIRECTION('',(-1.,0.));
#13717 = ( GEOMETRIC_REPRESENTATION_CONTEXT(2)
PARAMETRIC_REPRESENTATION_CONTEXT() REPRESENTATION_CONTEXT('2D SPACE',''
  ) );
#13718 = PCURVE('',#13719,#13724);
#13719 = PLANE('',#13720);
#13720 = AXIS2_PLACEMENT_3D('',#13721,#13722,#13723);
#13721 = CARTESIAN_POINT('',(3.2,-0.4,0.45));
#13722 = DIRECTION('',(0.,0.,1.));
#13723 = DIRECTION('',(1.,0.,0.));
#13724 = DEFINITIONAL_REPRESENTATION('',(#13725),#13729);
#13725 = CIRCLE('',#13726,4.);
#13726 = AXIS2_PLACEMENT_2D('',#13727,#13728);
#13727 = CARTESIAN_POINT('',(-3.2,0.4));
#13728 = DIRECTION('',(1.,0.));
#13729 = ( GEOMETRIC_REPRESENTATION_CONTEXT(2)
PARAMETRIC_REPRESENTATION_CONTEXT() REPRESENTATION_CONTEXT('2D SPACE',''
  ) );
#13730 = ORIENTED_EDGE('',*,*,#13731,.T.);
#13731 = EDGE_CURVE('',#13696,#13732,#13734,.T.);
#13732 = VERTEX_POINT('',#13733);
#13733 = CARTESIAN_POINT('',(4.,0.,0.6));
#13734 = SURFACE_CURVE('',#13735,(#13739,#13746),.PCURVE_S1.);
#13735 = LINE('',#13736,#13737);
#13736 = CARTESIAN_POINT('',(4.,0.,0.45));
#13737 = VECTOR('',#13738,1.);
#13738 = DIRECTION('',(0.,0.,1.));
#13739 = PCURVE('',#13707,#13740);
#13740 = DEFINITIONAL_REPRESENTATION('',(#13741),#13745);
#13741 = LINE('',#13742,#13743);
#13742 = CARTESIAN_POINT('',(-0.,0.));
#13743 = VECTOR('',#13744,1.);
#13744 = DIRECTION('',(-0.,-1.));
#13745 = ( GEOMETRIC_REPRESENTATION_CONTEXT(2)
PARAMETRIC_REPRESENTATION_CONTEXT() REPRESENTATION_CONTEXT('2D SPACE',''
  ) );
#13746 = PCURVE('',#13747,#13752);
#13747 = PLANE('',#13748);
#13748 = AXIS2_PLACEMENT_3D('',#13749,#13750,#13751);
#13749 = CARTESIAN_POINT('',(-30.,0.,-65.));
#13750 = DIRECTION('',(0.,1.,0.));
#13751 = DIRECTION('',(0.,0.,1.));
#13752 = DEFINITIONAL_REPRESENTATION('',(#13753),#13757);
#13753 = LINE('',#13754,#13755);
#13754 = CARTESIAN_POINT('',(65.45,34.));
#13755 = VECTOR('',#13756,1.);
#13756 = DIRECTION('',(1.,0.));
#13757 = ( GEOMETRIC_REPRESENTATION_CONTEXT(2)
PARAMETRIC_REPRESENTATION_CONTEXT() REPRESENTATION_CONTEXT('2D SPACE',''
  ) );
#13758 = ORIENTED_EDGE('',*,*,#13759,.T.);
#13759 = EDGE_CURVE('',#13732,#13760,#13762,.T.);
#13760 = VERTEX_POINT('',#13761);
#13761 = CARTESIAN_POINT('',(-4.,4.898587196589E-16,0.6));
#13762 = SURFACE_CURVE('',#13763,(#13768,#13775),.PCURVE_S1.);
#13763 = CIRCLE('',#13764,4.);
#13764 = AXIS2_PLACEMENT_3D('',#13765,#13766,#13767);
#13765 = CARTESIAN_POINT('',(0.,0.,0.6));
#13766 = DIRECTION('',(0.,0.,1.));
#13767 = DIRECTION('',(1.,0.,0.));
#13768 = PCURVE('',#13707,#13769);
#13769 = DEFINITIONAL_REPRESENTATION('',(#13770),#13774);
#13770 = LINE('',#13771,#13772);
#13771 = CARTESIAN_POINT('',(-0.,-0.15));
#13772 = VECTOR('',#13773,1.);
#13773 = DIRECTION('',(-1.,0.));
#13774 = ( GEOMETRIC_REPRESENTATION_CONTEXT(2)
PARAMETRIC_REPRESENTATION_CONTEXT() REPRESENTATION_CONTEXT('2D SPACE',''
  ) );
#13775 = PCURVE('',#13776,#13781);
#13776 = PLANE('',#13777);
#13777 = AXIS2_PLACEMENT_3D('',#13778,#13779,#13780);
#13778 = CARTESIAN_POINT('',(-2.563950248511E-16,3.49503809816E-16,0.6)
  );
#13779 = DIRECTION('',(0.,0.,1.));
#13780 = DIRECTION('',(1.,0.,-0.));
#13781 = DEFINITIONAL_REPRESENTATION('',(#13782),#13786);
#13782 = CIRCLE('',#13783,4.);
#13783 = AXIS2_PLACEMENT_2D('',#13784,#13785);
#13784 = CARTESIAN_POINT('',(2.563950248511E-16,-3.49503809816E-16));
#13785 = DIRECTION('',(1.,0.));
#13786 = ( GEOMETRIC_REPRESENTATION_CONTEXT(2)
PARAMETRIC_REPRESENTATION_CONTEXT() REPRESENTATION_CONTEXT('2D SPACE',''
  ) );
#13787 = ORIENTED_EDGE('',*,*,#13788,.T.);
#13788 = EDGE_CURVE('',#13760,#13789,#13791,.T.);
#13789 = VERTEX_POINT('',#13790);
#13790 = CARTESIAN_POINT('',(-4.,4.898587196589E-16,0.45));
#13791 = SURFACE_CURVE('',#13792,(#13796,#13802),.PCURVE_S1.);
#13792 = LINE('',#13793,#13794);
#13793 = CARTESIAN_POINT('',(-4.,0.,0.45));
#13794 = VECTOR('',#13795,1.);
#13795 = DIRECTION('',(-0.,-0.,-1.));
#13796 = PCURVE('',#13707,#13797);
#13797 = DEFINITIONAL_REPRESENTATION('',(#13798),#13801);
#13798 = B_SPLINE_CURVE_WITH_KNOTS('',1,(#13799,#13800),.UNSPECIFIED.,
  .F.,.F.,(2,2),(-0.1500006,6.000000000173E-07),
  .PIECEWISE_BEZIER_KNOTS.);
#13799 = CARTESIAN_POINT('',(-3.14159265359,-0.1500006));
#13800 = CARTESIAN_POINT('',(-3.14159265359,6.000000000173E-07));
#13801 = ( GEOMETRIC_REPRESENTATION_CONTEXT(2)
PARAMETRIC_REPRESENTATION_CONTEXT() REPRESENTATION_CONTEXT('2D SPACE',''
  ) );
#13802 = PCURVE('',#13747,#13803);
#13803 = DEFINITIONAL_REPRESENTATION('',(#13804),#13807);
#13804 = B_SPLINE_CURVE_WITH_KNOTS('',1,(#13805,#13806),.UNSPECIFIED.,
  .F.,.F.,(2,2),(-0.1500006,6.000000000173E-07),
  .PIECEWISE_BEZIER_KNOTS.);
#13805 = CARTESIAN_POINT('',(65.6000006,26.));
#13806 = CARTESIAN_POINT('',(65.4499994,26.));
#13807 = ( GEOMETRIC_REPRESENTATION_CONTEXT(2)
PARAMETRIC_REPRESENTATION_CONTEXT() REPRESENTATION_CONTEXT('2D SPACE',''
  ) );
#13808 = ORIENTED_EDGE('',*,*,#13809,.F.);
#13809 = EDGE_CURVE('',#13810,#13789,#13812,.T.);
#13810 = VERTEX_POINT('',#13811);
#13811 = CARTESIAN_POINT('',(-2.336385035727,3.246737587923,0.45));
#13812 = SURFACE_CURVE('',#13813,(#13818,#13825),.PCURVE_S1.);
#13813 = CIRCLE('',#13814,4.);
#13814 = AXIS2_PLACEMENT_3D('',#13815,#13816,#13817);
#13815 = CARTESIAN_POINT('',(0.,0.,0.45));
#13816 = DIRECTION('',(0.,0.,1.));
#13817 = DIRECTION('',(1.,0.,0.));
#13818 = PCURVE('',#13707,#13819);
#13819 = DEFINITIONAL_REPRESENTATION('',(#13820),#13824);
#13820 = LINE('',#13821,#13822);
#13821 = CARTESIAN_POINT('',(-0.,0.));
#13822 = VECTOR('',#13823,1.);
#13823 = DIRECTION('',(-1.,0.));
#13824 = ( GEOMETRIC_REPRESENTATION_CONTEXT(2)
PARAMETRIC_REPRESENTATION_CONTEXT() REPRESENTATION_CONTEXT('2D SPACE',''
  ) );
#13825 = PCURVE('',#13826,#13831);
#13826 = PLANE('',#13827);
#13827 = AXIS2_PLACEMENT_3D('',#13828,#13829,#13830);
#13828 = CARTESIAN_POINT('',(-2.563950248511E-16,3.49503809816E-16,0.45)
  );
#13829 = DIRECTION('',(0.,0.,1.));
#13830 = DIRECTION('',(1.,0.,-0.));
#13831 = DEFINITIONAL_REPRESENTATION('',(#13832),#13836);
#13832 = CIRCLE('',#13833,4.);
#13833 = AXIS2_PLACEMENT_2D('',#13834,#13835);
#13834 = CARTESIAN_POINT('',(2.563950248511E-16,-3.49503809816E-16));
#13835 = DIRECTION('',(1.,0.));
#13836 = ( GEOMETRIC_REPRESENTATION_CONTEXT(2)
PARAMETRIC_REPRESENTATION_CONTEXT() REPRESENTATION_CONTEXT('2D SPACE',''
  ) );
#13837 = ORIENTED_EDGE('',*,*,#13838,.F.);
#13838 = EDGE_CURVE('',#13839,#13810,#13841,.T.);
#13839 = VERTEX_POINT('',#13840);
#13840 = CARTESIAN_POINT('',(-1.6435647127,3.646737587923,0.45));
#13841 = SURFACE_CURVE('',#13842,(#13847,#13854),.PCURVE_S1.);
#13842 = CIRCLE('',#13843,4.);
#13843 = AXIS2_PLACEMENT_3D('',#13844,#13845,#13846);
#13844 = CARTESIAN_POINT('',(0.,0.,0.45));
#13845 = DIRECTION('',(0.,0.,1.));
#13846 = DIRECTION('',(1.,0.,0.));
#13847 = PCURVE('',#13707,#13848);
#13848 = DEFINITIONAL_REPRESENTATION('',(#13849),#13853);
#13849 = LINE('',#13850,#13851);
#13850 = CARTESIAN_POINT('',(-0.,0.));
#13851 = VECTOR('',#13852,1.);
#13852 = DIRECTION('',(-1.,0.));
#13853 = ( GEOMETRIC_REPRESENTATION_CONTEXT(2)
PARAMETRIC_REPRESENTATION_CONTEXT() REPRESENTATION_CONTEXT('2D SPACE',''
  ) );
#13854 = PCURVE('',#13855,#13860);
#13855 = PLANE('',#13856);
#13856 = AXIS2_PLACEMENT_3D('',#13857,#13858,#13859);
#13857 = CARTESIAN_POINT('',(-1.253589838486,2.97128129211,0.45));
#13858 = DIRECTION('',(0.,0.,1.));
#13859 = DIRECTION('',(-0.5,0.866025403784,0.));
#13860 = DEFINITIONAL_REPRESENTATION('',(#13861),#13865);
#13861 = CIRCLE('',#13862,4.);
#13862 = AXIS2_PLACEMENT_2D('',#13863,#13864);
#13863 = CARTESIAN_POINT('',(-3.2,0.4));
#13864 = DIRECTION('',(-0.5,-0.866025403784));
#13865 = ( GEOMETRIC_REPRESENTATION_CONTEXT(2)
PARAMETRIC_REPRESENTATION_CONTEXT() REPRESENTATION_CONTEXT('2D SPACE',''
  ) );
#13866 = ORIENTED_EDGE('',*,*,#13867,.F.);
#13867 = EDGE_CURVE('',#13698,#13839,#13868,.T.);
#13868 = SURFACE_CURVE('',#13869,(#13874,#13881),.PCURVE_S1.);
#13869 = CIRCLE('',#13870,4.);
#13870 = AXIS2_PLACEMENT_3D('',#13871,#13872,#13873);
#13871 = CARTESIAN_POINT('',(0.,0.,0.45));
#13872 = DIRECTION('',(0.,0.,1.));
#13873 = DIRECTION('',(1.,0.,0.));
#13874 = PCURVE('',#13707,#13875);
#13875 = DEFINITIONAL_REPRESENTATION('',(#13876),#13880);
#13876 = LINE('',#13877,#13878);
#13877 = CARTESIAN_POINT('',(-0.,0.));
#13878 = VECTOR('',#13879,1.);
#13879 = DIRECTION('',(-1.,0.));
#13880 = ( GEOMETRIC_REPRESENTATION_CONTEXT(2)
PARAMETRIC_REPRESENTATION_CONTEXT() REPRESENTATION_CONTEXT('2D SPACE',''
  ) );
#13881 = PCURVE('',#13826,#13882);
#13882 = DEFINITIONAL_REPRESENTATION('',(#13883),#13887);
#13883 = CIRCLE('',#13884,4.);
#13884 = AXIS2_PLACEMENT_2D('',#13885,#13886);
#13885 = CARTESIAN_POINT('',(2.563950248511E-16,-3.49503809816E-16));
#13886 = DIRECTION('',(1.,0.));
#13887 = ( GEOMETRIC_REPRESENTATION_CONTEXT(2)
PARAMETRIC_REPRESENTATION_CONTEXT() REPRESENTATION_CONTEXT('2D SPACE',''
  ) );
#13888 = ADVANCED_FACE('',(#13889),#13719,.T.);
#13889 = FACE_BOUND('',#13890,.T.);
#13890 = EDGE_LOOP('',(#13891,#13919,#13920,#13941));
#13891 = ORIENTED_EDGE('',*,*,#13892,.F.);
#13892 = EDGE_CURVE('',#13698,#13893,#13895,.T.);
#13893 = VERTEX_POINT('',#13894);
#13894 = CARTESIAN_POINT('',(4.05,0.4,0.45));
#13895 = SURFACE_CURVE('',#13896,(#13900,#13907),.PCURVE_S1.);
#13896 = LINE('',#13897,#13898);
#13897 = CARTESIAN_POINT('',(3.2,0.4,0.45));
#13898 = VECTOR('',#13899,1.);
#13899 = DIRECTION('',(1.,0.,0.));
#13900 = PCURVE('',#13719,#13901);
#13901 = DEFINITIONAL_REPRESENTATION('',(#13902),#13906);
#13902 = LINE('',#13903,#13904);
#13903 = CARTESIAN_POINT('',(0.,0.8));
#13904 = VECTOR('',#13905,1.);
#13905 = DIRECTION('',(1.,0.));
#13906 = ( GEOMETRIC_REPRESENTATION_CONTEXT(2)
PARAMETRIC_REPRESENTATION_CONTEXT() REPRESENTATION_CONTEXT('2D SPACE',''
  ) );
#13907 = PCURVE('',#13908,#13913);
#13908 = PLANE('',#13909);
#13909 = AXIS2_PLACEMENT_3D('',#13910,#13911,#13912);
#13910 = CARTESIAN_POINT('',(3.2,0.4,0.3));
#13911 = DIRECTION('',(0.,1.,0.));
#13912 = DIRECTION('',(0.,0.,1.));
#13913 = DEFINITIONAL_REPRESENTATION('',(#13914),#13918);
#13914 = LINE('',#13915,#13916);
#13915 = CARTESIAN_POINT('',(0.15,0.));
#13916 = VECTOR('',#13917,1.);
#13917 = DIRECTION('',(0.,1.));
#13918 = ( GEOMETRIC_REPRESENTATION_CONTEXT(2)
PARAMETRIC_REPRESENTATION_CONTEXT() REPRESENTATION_CONTEXT('2D SPACE',''
  ) );
#13919 = ORIENTED_EDGE('',*,*,#13695,.F.);
#13920 = ORIENTED_EDGE('',*,*,#13921,.F.);
#13921 = EDGE_CURVE('',#13922,#13696,#13924,.T.);
#13922 = VERTEX_POINT('',#13923);
#13923 = CARTESIAN_POINT('',(4.05,0.,0.45));
#13924 = SURFACE_CURVE('',#13925,(#13929,#13935),.PCURVE_S1.);
#13925 = LINE('',#13926,#13927);
#13926 = CARTESIAN_POINT('',(-13.4,0.,0.45));
#13927 = VECTOR('',#13928,1.);
#13928 = DIRECTION('',(-1.,0.,0.));
#13929 = PCURVE('',#13719,#13930);
#13930 = DEFINITIONAL_REPRESENTATION('',(#13931),#13934);
#13931 = B_SPLINE_CURVE_WITH_KNOTS('',1,(#13932,#13933),.UNSPECIFIED.,
  .F.,.F.,(2,2),(-17.45,-17.37994974842),.PIECEWISE_BEZIER_KNOTS.);
#13932 = CARTESIAN_POINT('',(0.85,0.4));
#13933 = CARTESIAN_POINT('',(0.779949748426,0.4));
#13934 = ( GEOMETRIC_REPRESENTATION_CONTEXT(2)
PARAMETRIC_REPRESENTATION_CONTEXT() REPRESENTATION_CONTEXT('2D SPACE',''
  ) );
#13935 = PCURVE('',#13747,#13936);
#13936 = DEFINITIONAL_REPRESENTATION('',(#13937),#13940);
#13937 = B_SPLINE_CURVE_WITH_KNOTS('',1,(#13938,#13939),.UNSPECIFIED.,
  .F.,.F.,(2,2),(-17.45,-17.37994974842),.PIECEWISE_BEZIER_KNOTS.);
#13938 = CARTESIAN_POINT('',(65.45,34.05));
#13939 = CARTESIAN_POINT('',(65.45,33.979949748426));
#13940 = ( GEOMETRIC_REPRESENTATION_CONTEXT(2)
PARAMETRIC_REPRESENTATION_CONTEXT() REPRESENTATION_CONTEXT('2D SPACE',''
  ) );
#13941 = ORIENTED_EDGE('',*,*,#13942,.T.);
#13942 = EDGE_CURVE('',#13922,#13893,#13943,.T.);
#13943 = SURFACE_CURVE('',#13944,(#13948,#13955),.PCURVE_S1.);
#13944 = LINE('',#13945,#13946);
#13945 = CARTESIAN_POINT('',(4.05,-0.4,0.45));
#13946 = VECTOR('',#13947,1.);
#13947 = DIRECTION('',(0.,1.,0.));
#13948 = PCURVE('',#13719,#13949);
#13949 = DEFINITIONAL_REPRESENTATION('',(#13950),#13954);
#13950 = LINE('',#13951,#13952);
#13951 = CARTESIAN_POINT('',(0.85,0.));
#13952 = VECTOR('',#13953,1.);
#13953 = DIRECTION('',(0.,1.));
#13954 = ( GEOMETRIC_REPRESENTATION_CONTEXT(2)
PARAMETRIC_REPRESENTATION_CONTEXT() REPRESENTATION_CONTEXT('2D SPACE',''
  ) );
#13955 = PCURVE('',#13956,#13961);
#13956 = PLANE('',#13957);
#13957 = AXIS2_PLACEMENT_3D('',#13958,#13959,#13960);
#13958 = CARTESIAN_POINT('',(4.05,-0.4,0.3));
#13959 = DIRECTION('',(1.,0.,0.));
#13960 = DIRECTION('',(0.,0.,1.));
#13961 = DEFINITIONAL_REPRESENTATION('',(#13962),#13966);
#13962 = LINE('',#13963,#13964);
#13963 = CARTESIAN_POINT('',(0.15,0.));
#13964 = VECTOR('',#13965,1.);
#13965 = DIRECTION('',(0.,-1.));
#13966 = ( GEOMETRIC_REPRESENTATION_CONTEXT(2)
PARAMETRIC_REPRESENTATION_CONTEXT() REPRESENTATION_CONTEXT('2D SPACE',''
  ) );
#13967 = ADVANCED_FACE('',(#13968),#13826,.F.);
#13968 = FACE_BOUND('',#13969,.F.);
#13969 = EDGE_LOOP('',(#13970,#13991,#14019,#14047,#14068,#14069,#14097,
    #14125,#14153,#14181,#14207));
#13970 = ORIENTED_EDGE('',*,*,#13971,.F.);
#13971 = EDGE_CURVE('',#13972,#13789,#13974,.T.);
#13972 = VERTEX_POINT('',#13973);
#13973 = CARTESIAN_POINT('',(3.2,0.,0.45));
#13974 = SURFACE_CURVE('',#13975,(#13979,#13985),.PCURVE_S1.);
#13975 = LINE('',#13976,#13977);
#13976 = CARTESIAN_POINT('',(-15.,0.,0.45));
#13977 = VECTOR('',#13978,1.);
#13978 = DIRECTION('',(-1.,0.,0.));
#13979 = PCURVE('',#13826,#13980);
#13980 = DEFINITIONAL_REPRESENTATION('',(#13981),#13984);
#13981 = B_SPLINE_CURVE_WITH_KNOTS('',1,(#13982,#13983),.UNSPECIFIED.,
  .F.,.F.,(2,2),(-18.97994974842,-11.),.PIECEWISE_BEZIER_KNOTS.);
#13982 = CARTESIAN_POINT('',(3.979949748426,-3.49503809816E-16));
#13983 = CARTESIAN_POINT('',(-4.,-3.49503809816E-16));
#13984 = ( GEOMETRIC_REPRESENTATION_CONTEXT(2)
PARAMETRIC_REPRESENTATION_CONTEXT() REPRESENTATION_CONTEXT('2D SPACE',''
  ) );
#13985 = PCURVE('',#13747,#13986);
#13986 = DEFINITIONAL_REPRESENTATION('',(#13987),#13990);
#13987 = B_SPLINE_CURVE_WITH_KNOTS('',1,(#13988,#13989),.UNSPECIFIED.,
  .F.,.F.,(2,2),(-18.97994974842,-11.),.PIECEWISE_BEZIER_KNOTS.);
#13988 = CARTESIAN_POINT('',(65.45,33.979949748426));
#13989 = CARTESIAN_POINT('',(65.45,26.));
#13990 = ( GEOMETRIC_REPRESENTATION_CONTEXT(2)
PARAMETRIC_REPRESENTATION_CONTEXT() REPRESENTATION_CONTEXT('2D SPACE',''
  ) );
#13991 = ORIENTED_EDGE('',*,*,#13992,.T.);
#13992 = EDGE_CURVE('',#13972,#13993,#13995,.T.);
#13993 = VERTEX_POINT('',#13994);
#13994 = CARTESIAN_POINT('',(3.2,0.4,0.45));
#13995 = SURFACE_CURVE('',#13996,(#14000,#14007),.PCURVE_S1.);
#13996 = LINE('',#13997,#13998);
#13997 = CARTESIAN_POINT('',(3.2,-0.4,0.45));
#13998 = VECTOR('',#13999,1.);
#13999 = DIRECTION('',(0.,1.,0.));
#14000 = PCURVE('',#13826,#14001);
#14001 = DEFINITIONAL_REPRESENTATION('',(#14002),#14006);
#14002 = LINE('',#14003,#14004);
#14003 = CARTESIAN_POINT('',(3.2,-0.4));
#14004 = VECTOR('',#14005,1.);
#14005 = DIRECTION('',(0.,1.));
#14006 = ( GEOMETRIC_REPRESENTATION_CONTEXT(2)
PARAMETRIC_REPRESENTATION_CONTEXT() REPRESENTATION_CONTEXT('2D SPACE',''
  ) );
#14007 = PCURVE('',#14008,#14013);
#14008 = PLANE('',#14009);
#14009 = AXIS2_PLACEMENT_3D('',#14010,#14011,#14012);
#14010 = CARTESIAN_POINT('',(3.2,-0.4,0.3));
#14011 = DIRECTION('',(1.,0.,0.));
#14012 = DIRECTION('',(0.,0.,1.));
#14013 = DEFINITIONAL_REPRESENTATION('',(#14014),#14018);
#14014 = LINE('',#14015,#14016);
#14015 = CARTESIAN_POINT('',(0.15,0.));
#14016 = VECTOR('',#14017,1.);
#14017 = DIRECTION('',(0.,-1.));
#14018 = ( GEOMETRIC_REPRESENTATION_CONTEXT(2)
PARAMETRIC_REPRESENTATION_CONTEXT() REPRESENTATION_CONTEXT('2D SPACE',''
  ) );
#14019 = ORIENTED_EDGE('',*,*,#14020,.T.);
#14020 = EDGE_CURVE('',#13993,#14021,#14023,.T.);
#14021 = VERTEX_POINT('',#14022);
#14022 = CARTESIAN_POINT('',(3.9,0.4,0.45));
#14023 = SURFACE_CURVE('',#14024,(#14028,#14035),.PCURVE_S1.);
#14024 = LINE('',#14025,#14026);
#14025 = CARTESIAN_POINT('',(3.2,0.4,0.45));
#14026 = VECTOR('',#14027,1.);
#14027 = DIRECTION('',(1.,0.,0.));
#14028 = PCURVE('',#13826,#14029);
#14029 = DEFINITIONAL_REPRESENTATION('',(#14030),#14034);
#14030 = LINE('',#14031,#14032);
#14031 = CARTESIAN_POINT('',(3.2,0.4));
#14032 = VECTOR('',#14033,1.);
#14033 = DIRECTION('',(1.,0.));
#14034 = ( GEOMETRIC_REPRESENTATION_CONTEXT(2)
PARAMETRIC_REPRESENTATION_CONTEXT() REPRESENTATION_CONTEXT('2D SPACE',''
  ) );
#14035 = PCURVE('',#14036,#14041);
#14036 = PLANE('',#14037);
#14037 = AXIS2_PLACEMENT_3D('',#14038,#14039,#14040);
#14038 = CARTESIAN_POINT('',(3.2,0.4,0.3));
#14039 = DIRECTION('',(0.,1.,0.));
#14040 = DIRECTION('',(0.,0.,1.));
#14041 = DEFINITIONAL_REPRESENTATION('',(#14042),#14046);
#14042 = LINE('',#14043,#14044);
#14043 = CARTESIAN_POINT('',(0.15,0.));
#14044 = VECTOR('',#14045,1.);
#14045 = DIRECTION('',(0.,1.));
#14046 = ( GEOMETRIC_REPRESENTATION_CONTEXT(2)
PARAMETRIC_REPRESENTATION_CONTEXT() REPRESENTATION_CONTEXT('2D SPACE',''
  ) );
#14047 = ORIENTED_EDGE('',*,*,#14048,.T.);
#14048 = EDGE_CURVE('',#14021,#13698,#14049,.T.);
#14049 = SURFACE_CURVE('',#14050,(#14054,#14061),.PCURVE_S1.);
#14050 = LINE('',#14051,#14052);
#14051 = CARTESIAN_POINT('',(3.2,0.4,0.45));
#14052 = VECTOR('',#14053,1.);
#14053 = DIRECTION('',(1.,0.,0.));
#14054 = PCURVE('',#13826,#14055);
#14055 = DEFINITIONAL_REPRESENTATION('',(#14056),#14060);
#14056 = LINE('',#14057,#14058);
#14057 = CARTESIAN_POINT('',(3.2,0.4));
#14058 = VECTOR('',#14059,1.);
#14059 = DIRECTION('',(1.,0.));
#14060 = ( GEOMETRIC_REPRESENTATION_CONTEXT(2)
PARAMETRIC_REPRESENTATION_CONTEXT() REPRESENTATION_CONTEXT('2D SPACE',''
  ) );
#14061 = PCURVE('',#13908,#14062);
#14062 = DEFINITIONAL_REPRESENTATION('',(#14063),#14067);
#14063 = LINE('',#14064,#14065);
#14064 = CARTESIAN_POINT('',(0.15,0.));
#14065 = VECTOR('',#14066,1.);
#14066 = DIRECTION('',(0.,1.));
#14067 = ( GEOMETRIC_REPRESENTATION_CONTEXT(2)
PARAMETRIC_REPRESENTATION_CONTEXT() REPRESENTATION_CONTEXT('2D SPACE',''
  ) );
#14068 = ORIENTED_EDGE('',*,*,#13867,.T.);
#14069 = ORIENTED_EDGE('',*,*,#14070,.F.);
#14070 = EDGE_CURVE('',#14071,#13839,#14073,.T.);
#14071 = VERTEX_POINT('',#14072);
#14072 = CARTESIAN_POINT('',(-1.603589838486,3.577499074759,0.45));
#14073 = SURFACE_CURVE('',#14074,(#14078,#14085),.PCURVE_S1.);
#14074 = LINE('',#14075,#14076);
#14075 = CARTESIAN_POINT('',(-1.253589838486,2.97128129211,0.45));
#14076 = VECTOR('',#14077,1.);
#14077 = DIRECTION('',(-0.5,0.866025403784,0.));
#14078 = PCURVE('',#13826,#14079);
#14079 = DEFINITIONAL_REPRESENTATION('',(#14080),#14084);
#14080 = LINE('',#14081,#14082);
#14081 = CARTESIAN_POINT('',(-1.253589838486,2.97128129211));
#14082 = VECTOR('',#14083,1.);
#14083 = DIRECTION('',(-0.5,0.866025403784));
#14084 = ( GEOMETRIC_REPRESENTATION_CONTEXT(2)
PARAMETRIC_REPRESENTATION_CONTEXT() REPRESENTATION_CONTEXT('2D SPACE',''
  ) );
#14085 = PCURVE('',#14086,#14091);
#14086 = PLANE('',#14087);
#14087 = AXIS2_PLACEMENT_3D('',#14088,#14089,#14090);
#14088 = CARTESIAN_POINT('',(-1.253589838486,2.97128129211,0.3));
#14089 = DIRECTION('',(-0.866025403784,-0.5,0.));
#14090 = DIRECTION('',(0.,0.,1.));
#14091 = DEFINITIONAL_REPRESENTATION('',(#14092),#14096);
#14092 = LINE('',#14093,#14094);
#14093 = CARTESIAN_POINT('',(0.15,0.));
#14094 = VECTOR('',#14095,1.);
#14095 = DIRECTION('',(0.,1.));
#14096 = ( GEOMETRIC_REPRESENTATION_CONTEXT(2)
PARAMETRIC_REPRESENTATION_CONTEXT() REPRESENTATION_CONTEXT('2D SPACE',''
  ) );
#14097 = ORIENTED_EDGE('',*,*,#14098,.F.);
#14098 = EDGE_CURVE('',#14099,#14071,#14101,.T.);
#14099 = VERTEX_POINT('',#14100);
#14100 = CARTESIAN_POINT('',(-1.253589838486,2.97128129211,0.45));
#14101 = SURFACE_CURVE('',#14102,(#14106,#14113),.PCURVE_S1.);
#14102 = LINE('',#14103,#14104);
#14103 = CARTESIAN_POINT('',(-1.253589838486,2.97128129211,0.45));
#14104 = VECTOR('',#14105,1.);
#14105 = DIRECTION('',(-0.5,0.866025403784,0.));
#14106 = PCURVE('',#13826,#14107);
#14107 = DEFINITIONAL_REPRESENTATION('',(#14108),#14112);
#14108 = LINE('',#14109,#14110);
#14109 = CARTESIAN_POINT('',(-1.253589838486,2.97128129211));
#14110 = VECTOR('',#14111,1.);
#14111 = DIRECTION('',(-0.5,0.866025403784));
#14112 = ( GEOMETRIC_REPRESENTATION_CONTEXT(2)
PARAMETRIC_REPRESENTATION_CONTEXT() REPRESENTATION_CONTEXT('2D SPACE',''
  ) );
#14113 = PCURVE('',#14114,#14119);
#14114 = PLANE('',#14115);
#14115 = AXIS2_PLACEMENT_3D('',#14116,#14117,#14118);
#14116 = CARTESIAN_POINT('',(-1.253589838486,2.97128129211,0.3));
#14117 = DIRECTION('',(-0.866025403784,-0.5,0.));
#14118 = DIRECTION('',(0.,0.,1.));
#14119 = DEFINITIONAL_REPRESENTATION('',(#14120),#14124);
#14120 = LINE('',#14121,#14122);
#14121 = CARTESIAN_POINT('',(0.15,0.));
#14122 = VECTOR('',#14123,1.);
#14123 = DIRECTION('',(0.,1.));
#14124 = ( GEOMETRIC_REPRESENTATION_CONTEXT(2)
PARAMETRIC_REPRESENTATION_CONTEXT() REPRESENTATION_CONTEXT('2D SPACE',''
  ) );
#14125 = ORIENTED_EDGE('',*,*,#14126,.T.);
#14126 = EDGE_CURVE('',#14099,#14127,#14129,.T.);
#14127 = VERTEX_POINT('',#14128);
#14128 = CARTESIAN_POINT('',(-1.946410161514,2.57128129211,0.45));
#14129 = SURFACE_CURVE('',#14130,(#14134,#14141),.PCURVE_S1.);
#14130 = LINE('',#14131,#14132);
#14131 = CARTESIAN_POINT('',(-1.253589838486,2.97128129211,0.45));
#14132 = VECTOR('',#14133,1.);
#14133 = DIRECTION('',(-0.866025403784,-0.5,0.));
#14134 = PCURVE('',#13826,#14135);
#14135 = DEFINITIONAL_REPRESENTATION('',(#14136),#14140);
#14136 = LINE('',#14137,#14138);
#14137 = CARTESIAN_POINT('',(-1.253589838486,2.97128129211));
#14138 = VECTOR('',#14139,1.);
#14139 = DIRECTION('',(-0.866025403784,-0.5));
#14140 = ( GEOMETRIC_REPRESENTATION_CONTEXT(2)
PARAMETRIC_REPRESENTATION_CONTEXT() REPRESENTATION_CONTEXT('2D SPACE',''
  ) );
#14141 = PCURVE('',#14142,#14147);
#14142 = PLANE('',#14143);
#14143 = AXIS2_PLACEMENT_3D('',#14144,#14145,#14146);
#14144 = CARTESIAN_POINT('',(-1.253589838486,2.97128129211,0.3));
#14145 = DIRECTION('',(-0.5,0.866025403784,0.));
#14146 = DIRECTION('',(0.,0.,1.));
#14147 = DEFINITIONAL_REPRESENTATION('',(#14148),#14152);
#14148 = LINE('',#14149,#14150);
#14149 = CARTESIAN_POINT('',(0.15,0.));
#14150 = VECTOR('',#14151,1.);
#14151 = DIRECTION('',(0.,-1.));
#14152 = ( GEOMETRIC_REPRESENTATION_CONTEXT(2)
PARAMETRIC_REPRESENTATION_CONTEXT() REPRESENTATION_CONTEXT('2D SPACE',''
  ) );
#14153 = ORIENTED_EDGE('',*,*,#14154,.T.);
#14154 = EDGE_CURVE('',#14127,#14155,#14157,.T.);
#14155 = VERTEX_POINT('',#14156);
#14156 = CARTESIAN_POINT('',(-2.296410161514,3.177499074759,0.45));
#14157 = SURFACE_CURVE('',#14158,(#14162,#14169),.PCURVE_S1.);
#14158 = LINE('',#14159,#14160);
#14159 = CARTESIAN_POINT('',(-1.946410161514,2.57128129211,0.45));
#14160 = VECTOR('',#14161,1.);
#14161 = DIRECTION('',(-0.5,0.866025403784,0.));
#14162 = PCURVE('',#13826,#14163);
#14163 = DEFINITIONAL_REPRESENTATION('',(#14164),#14168);
#14164 = LINE('',#14165,#14166);
#14165 = CARTESIAN_POINT('',(-1.946410161514,2.57128129211));
#14166 = VECTOR('',#14167,1.);
#14167 = DIRECTION('',(-0.5,0.866025403784));
#14168 = ( GEOMETRIC_REPRESENTATION_CONTEXT(2)
PARAMETRIC_REPRESENTATION_CONTEXT() REPRESENTATION_CONTEXT('2D SPACE',''
  ) );
#14169 = PCURVE('',#14170,#14175);
#14170 = PLANE('',#14171);
#14171 = AXIS2_PLACEMENT_3D('',#14172,#14173,#14174);
#14172 = CARTESIAN_POINT('',(-1.946410161514,2.57128129211,0.3));
#14173 = DIRECTION('',(-0.866025403784,-0.5,0.));
#14174 = DIRECTION('',(0.,0.,1.));
#14175 = DEFINITIONAL_REPRESENTATION('',(#14176),#14180);
#14176 = LINE('',#14177,#14178);
#14177 = CARTESIAN_POINT('',(0.15,0.));
#14178 = VECTOR('',#14179,1.);
#14179 = DIRECTION('',(0.,1.));
#14180 = ( GEOMETRIC_REPRESENTATION_CONTEXT(2)
PARAMETRIC_REPRESENTATION_CONTEXT() REPRESENTATION_CONTEXT('2D SPACE',''
  ) );
#14181 = ORIENTED_EDGE('',*,*,#14182,.T.);
#14182 = EDGE_CURVE('',#14155,#13810,#14183,.T.);
#14183 = SURFACE_CURVE('',#14184,(#14188,#14195),.PCURVE_S1.);
#14184 = LINE('',#14185,#14186);
#14185 = CARTESIAN_POINT('',(-1.946410161514,2.57128129211,0.45));
#14186 = VECTOR('',#14187,1.);
#14187 = DIRECTION('',(-0.5,0.866025403784,0.));
#14188 = PCURVE('',#13826,#14189);
#14189 = DEFINITIONAL_REPRESENTATION('',(#14190),#14194);
#14190 = LINE('',#14191,#14192);
#14191 = CARTESIAN_POINT('',(-1.946410161514,2.57128129211));
#14192 = VECTOR('',#14193,1.);
#14193 = DIRECTION('',(-0.5,0.866025403784));
#14194 = ( GEOMETRIC_REPRESENTATION_CONTEXT(2)
PARAMETRIC_REPRESENTATION_CONTEXT() REPRESENTATION_CONTEXT('2D SPACE',''
  ) );
#14195 = PCURVE('',#14196,#14201);
#14196 = PLANE('',#14197);
#14197 = AXIS2_PLACEMENT_3D('',#14198,#14199,#14200);
#14198 = CARTESIAN_POINT('',(-1.946410161514,2.57128129211,0.3));
#14199 = DIRECTION('',(-0.866025403784,-0.5,0.));
#14200 = DIRECTION('',(0.,0.,1.));
#14201 = DEFINITIONAL_REPRESENTATION('',(#14202),#14206);
#14202 = LINE('',#14203,#14204);
#14203 = CARTESIAN_POINT('',(0.15,0.));
#14204 = VECTOR('',#14205,1.);
#14205 = DIRECTION('',(0.,1.));
#14206 = ( GEOMETRIC_REPRESENTATION_CONTEXT(2)
PARAMETRIC_REPRESENTATION_CONTEXT() REPRESENTATION_CONTEXT('2D SPACE',''
  ) );
#14207 = ORIENTED_EDGE('',*,*,#13809,.T.);
#14208 = ADVANCED_FACE('',(#14209),#13855,.T.);
#14209 = FACE_BOUND('',#14210,.T.);
#14210 = EDGE_LOOP('',(#14211,#14234,#14235,#14258));
#14211 = ORIENTED_EDGE('',*,*,#14212,.F.);
#14212 = EDGE_CURVE('',#13810,#14213,#14215,.T.);
#14213 = VERTEX_POINT('',#14214);
#14214 = CARTESIAN_POINT('',(-2.371410161514,3.307402885327,0.45));
#14215 = SURFACE_CURVE('',#14216,(#14220,#14227),.PCURVE_S1.);
#14216 = LINE('',#14217,#14218);
#14217 = CARTESIAN_POINT('',(-1.946410161514,2.57128129211,0.45));
#14218 = VECTOR('',#14219,1.);
#14219 = DIRECTION('',(-0.5,0.866025403784,0.));
#14220 = PCURVE('',#13855,#14221);
#14221 = DEFINITIONAL_REPRESENTATION('',(#14222),#14226);
#14222 = LINE('',#14223,#14224);
#14223 = CARTESIAN_POINT('',(-4.355458720498E-18,0.8));
#14224 = VECTOR('',#14225,1.);
#14225 = DIRECTION('',(1.,2.231125221501E-17));
#14226 = ( GEOMETRIC_REPRESENTATION_CONTEXT(2)
PARAMETRIC_REPRESENTATION_CONTEXT() REPRESENTATION_CONTEXT('2D SPACE',''
  ) );
#14227 = PCURVE('',#14196,#14228);
#14228 = DEFINITIONAL_REPRESENTATION('',(#14229),#14233);
#14229 = LINE('',#14230,#14231);
#14230 = CARTESIAN_POINT('',(0.15,0.));
#14231 = VECTOR('',#14232,1.);
#14232 = DIRECTION('',(0.,1.));
#14233 = ( GEOMETRIC_REPRESENTATION_CONTEXT(2)
PARAMETRIC_REPRESENTATION_CONTEXT() REPRESENTATION_CONTEXT('2D SPACE',''
  ) );
#14234 = ORIENTED_EDGE('',*,*,#13838,.F.);
#14235 = ORIENTED_EDGE('',*,*,#14236,.T.);
#14236 = EDGE_CURVE('',#13839,#14237,#14239,.T.);
#14237 = VERTEX_POINT('',#14238);
#14238 = CARTESIAN_POINT('',(-1.678589838486,3.707402885327,0.45));
#14239 = SURFACE_CURVE('',#14240,(#14244,#14251),.PCURVE_S1.);
#14240 = LINE('',#14241,#14242);
#14241 = CARTESIAN_POINT('',(-1.253589838486,2.97128129211,0.45));
#14242 = VECTOR('',#14243,1.);
#14243 = DIRECTION('',(-0.5,0.866025403784,0.));
#14244 = PCURVE('',#13855,#14245);
#14245 = DEFINITIONAL_REPRESENTATION('',(#14246),#14250);
#14246 = LINE('',#14247,#14248);
#14247 = CARTESIAN_POINT('',(0.,0.));
#14248 = VECTOR('',#14249,1.);
#14249 = DIRECTION('',(1.,2.231125221501E-17));
#14250 = ( GEOMETRIC_REPRESENTATION_CONTEXT(2)
PARAMETRIC_REPRESENTATION_CONTEXT() REPRESENTATION_CONTEXT('2D SPACE',''
  ) );
#14251 = PCURVE('',#14086,#14252);
#14252 = DEFINITIONAL_REPRESENTATION('',(#14253),#14257);
#14253 = LINE('',#14254,#14255);
#14254 = CARTESIAN_POINT('',(0.15,0.));
#14255 = VECTOR('',#14256,1.);
#14256 = DIRECTION('',(0.,1.));
#14257 = ( GEOMETRIC_REPRESENTATION_CONTEXT(2)
PARAMETRIC_REPRESENTATION_CONTEXT() REPRESENTATION_CONTEXT('2D SPACE',''
  ) );
#14258 = ORIENTED_EDGE('',*,*,#14259,.T.);
#14259 = EDGE_CURVE('',#14237,#14213,#14260,.T.);
#14260 = SURFACE_CURVE('',#14261,(#14265,#14272),.PCURVE_S1.);
#14261 = LINE('',#14262,#14263);
#14262 = CARTESIAN_POINT('',(-1.678589838486,3.707402885327,0.45));
#14263 = VECTOR('',#14264,1.);
#14264 = DIRECTION('',(-0.866025403784,-0.5,0.));
#14265 = PCURVE('',#13855,#14266);
#14266 = DEFINITIONAL_REPRESENTATION('',(#14267),#14271);
#14267 = LINE('',#14268,#14269);
#14268 = CARTESIAN_POINT('',(0.85,-1.573953693628E-16));
#14269 = VECTOR('',#14270,1.);
#14270 = DIRECTION('',(2.231125221501E-17,1.));
#14271 = ( GEOMETRIC_REPRESENTATION_CONTEXT(2)
PARAMETRIC_REPRESENTATION_CONTEXT() REPRESENTATION_CONTEXT('2D SPACE',''
  ) );
#14272 = PCURVE('',#14273,#14278);
#14273 = PLANE('',#14274);
#14274 = AXIS2_PLACEMENT_3D('',#14275,#14276,#14277);
#14275 = CARTESIAN_POINT('',(-1.678589838486,3.707402885327,0.3));
#14276 = DIRECTION('',(-0.5,0.866025403784,0.));
#14277 = DIRECTION('',(0.,0.,1.));
#14278 = DEFINITIONAL_REPRESENTATION('',(#14279),#14283);
#14279 = LINE('',#14280,#14281);
#14280 = CARTESIAN_POINT('',(0.15,0.));
#14281 = VECTOR('',#14282,1.);
#14282 = DIRECTION('',(0.,-1.));
#14283 = ( GEOMETRIC_REPRESENTATION_CONTEXT(2)
PARAMETRIC_REPRESENTATION_CONTEXT() REPRESENTATION_CONTEXT('2D SPACE',''
  ) );
#14284 = ADVANCED_FACE('',(#14285),#13747,.F.);
#14285 = FACE_BOUND('',#14286,.F.);
#14286 = EDGE_LOOP('',(#14287,#14288,#14289,#14310,#14336,#14362,#14388,
    #14414,#14440,#14466,#14492,#14518,#14537,#14538,#14539));
#14287 = ORIENTED_EDGE('',*,*,#13731,.F.);
#14288 = ORIENTED_EDGE('',*,*,#13921,.F.);
#14289 = ORIENTED_EDGE('',*,*,#14290,.F.);
#14290 = EDGE_CURVE('',#14291,#13922,#14293,.T.);
#14291 = VERTEX_POINT('',#14292);
#14292 = CARTESIAN_POINT('',(4.05,0.,0.3));
#14293 = SURFACE_CURVE('',#14294,(#14298,#14304),.PCURVE_S1.);
#14294 = LINE('',#14295,#14296);
#14295 = CARTESIAN_POINT('',(4.05,0.,-32.35));
#14296 = VECTOR('',#14297,1.);
#14297 = DIRECTION('',(0.,0.,1.));
#14298 = PCURVE('',#13747,#14299);
#14299 = DEFINITIONAL_REPRESENTATION('',(#14300),#14303);
#14300 = B_SPLINE_CURVE_WITH_KNOTS('',1,(#14301,#14302),.UNSPECIFIED.,
  .F.,.F.,(2,2),(32.65,32.8),.PIECEWISE_BEZIER_KNOTS.);
#14301 = CARTESIAN_POINT('',(65.3,34.05));
#14302 = CARTESIAN_POINT('',(65.45,34.05));
#14303 = ( GEOMETRIC_REPRESENTATION_CONTEXT(2)
PARAMETRIC_REPRESENTATION_CONTEXT() REPRESENTATION_CONTEXT('2D SPACE',''
  ) );
#14304 = PCURVE('',#13956,#14305);
#14305 = DEFINITIONAL_REPRESENTATION('',(#14306),#14309);
#14306 = B_SPLINE_CURVE_WITH_KNOTS('',1,(#14307,#14308),.UNSPECIFIED.,
  .F.,.F.,(2,2),(32.65,32.8),.PIECEWISE_BEZIER_KNOTS.);
#14307 = CARTESIAN_POINT('',(0.,-0.4));
#14308 = CARTESIAN_POINT('',(0.15,-0.4));
#14309 = ( GEOMETRIC_REPRESENTATION_CONTEXT(2)
PARAMETRIC_REPRESENTATION_CONTEXT() REPRESENTATION_CONTEXT('2D SPACE',''
  ) );
#14310 = ORIENTED_EDGE('',*,*,#14311,.F.);
#14311 = EDGE_CURVE('',#14312,#14291,#14314,.T.);
#14312 = VERTEX_POINT('',#14313);
#14313 = CARTESIAN_POINT('',(4.05,0.,-2.3));
#14314 = SURFACE_CURVE('',#14315,(#14319,#14325),.PCURVE_S1.);
#14315 = LINE('',#14316,#14317);
#14316 = CARTESIAN_POINT('',(4.05,0.,-33.725));
#14317 = VECTOR('',#14318,1.);
#14318 = DIRECTION('',(0.,0.,1.));
#14319 = PCURVE('',#13747,#14320);
#14320 = DEFINITIONAL_REPRESENTATION('',(#14321),#14324);
#14321 = B_SPLINE_CURVE_WITH_KNOTS('',1,(#14322,#14323),.UNSPECIFIED.,
  .F.,.F.,(2,2),(31.425,34.025),.PIECEWISE_BEZIER_KNOTS.);
#14322 = CARTESIAN_POINT('',(62.7,34.05));
#14323 = CARTESIAN_POINT('',(65.3,34.05));
#14324 = ( GEOMETRIC_REPRESENTATION_CONTEXT(2)
PARAMETRIC_REPRESENTATION_CONTEXT() REPRESENTATION_CONTEXT('2D SPACE',''
  ) );
#14325 = PCURVE('',#14326,#14331);
#14326 = PLANE('',#14327);
#14327 = AXIS2_PLACEMENT_3D('',#14328,#14329,#14330);
#14328 = CARTESIAN_POINT('',(4.05,-0.4,-2.45));
#14329 = DIRECTION('',(1.,0.,0.));
#14330 = DIRECTION('',(0.,0.,1.));
#14331 = DEFINITIONAL_REPRESENTATION('',(#14332),#14335);
#14332 = B_SPLINE_CURVE_WITH_KNOTS('',1,(#14333,#14334),.UNSPECIFIED.,
  .F.,.F.,(2,2),(31.425,34.025),.PIECEWISE_BEZIER_KNOTS.);
#14333 = CARTESIAN_POINT('',(0.15,-0.4));
#14334 = CARTESIAN_POINT('',(2.75,-0.4));
#14335 = ( GEOMETRIC_REPRESENTATION_CONTEXT(2)
PARAMETRIC_REPRESENTATION_CONTEXT() REPRESENTATION_CONTEXT('2D SPACE',''
  ) );
#14336 = ORIENTED_EDGE('',*,*,#14337,.F.);
#14337 = EDGE_CURVE('',#14338,#14312,#14340,.T.);
#14338 = VERTEX_POINT('',#14339);
#14339 = CARTESIAN_POINT('',(4.05,0.,-2.45));
#14340 = SURFACE_CURVE('',#14341,(#14345,#14351),.PCURVE_S1.);
#14341 = LINE('',#14342,#14343);
#14342 = CARTESIAN_POINT('',(4.05,0.,-33.725));
#14343 = VECTOR('',#14344,1.);
#14344 = DIRECTION('',(0.,0.,1.));
#14345 = PCURVE('',#13747,#14346);
#14346 = DEFINITIONAL_REPRESENTATION('',(#14347),#14350);
#14347 = B_SPLINE_CURVE_WITH_KNOTS('',1,(#14348,#14349),.UNSPECIFIED.,
  .F.,.F.,(2,2),(31.275,31.425),.PIECEWISE_BEZIER_KNOTS.);
#14348 = CARTESIAN_POINT('',(62.55,34.05));
#14349 = CARTESIAN_POINT('',(62.7,34.05));
#14350 = ( GEOMETRIC_REPRESENTATION_CONTEXT(2)
PARAMETRIC_REPRESENTATION_CONTEXT() REPRESENTATION_CONTEXT('2D SPACE',''
  ) );
#14351 = PCURVE('',#14352,#14357);
#14352 = PLANE('',#14353);
#14353 = AXIS2_PLACEMENT_3D('',#14354,#14355,#14356);
#14354 = CARTESIAN_POINT('',(4.05,-0.4,-2.45));
#14355 = DIRECTION('',(1.,0.,0.));
#14356 = DIRECTION('',(0.,0.,1.));
#14357 = DEFINITIONAL_REPRESENTATION('',(#14358),#14361);
#14358 = B_SPLINE_CURVE_WITH_KNOTS('',1,(#14359,#14360),.UNSPECIFIED.,
  .F.,.F.,(2,2),(31.275,31.425),.PIECEWISE_BEZIER_KNOTS.);
#14359 = CARTESIAN_POINT('',(0.,-0.4));
#14360 = CARTESIAN_POINT('',(0.15,-0.4));
#14361 = ( GEOMETRIC_REPRESENTATION_CONTEXT(2)
PARAMETRIC_REPRESENTATION_CONTEXT() REPRESENTATION_CONTEXT('2D SPACE',''
  ) );
#14362 = ORIENTED_EDGE('',*,*,#14363,.T.);
#14363 = EDGE_CURVE('',#14338,#14364,#14366,.T.);
#14364 = VERTEX_POINT('',#14365);
#14365 = CARTESIAN_POINT('',(3.9,0.,-2.45));
#14366 = SURFACE_CURVE('',#14367,(#14371,#14377),.PCURVE_S1.);
#14367 = LINE('',#14368,#14369);
#14368 = CARTESIAN_POINT('',(-13.05,0.,-2.45));
#14369 = VECTOR('',#14370,1.);
#14370 = DIRECTION('',(-1.,0.,0.));
#14371 = PCURVE('',#13747,#14372);
#14372 = DEFINITIONAL_REPRESENTATION('',(#14373),#14376);
#14373 = B_SPLINE_CURVE_WITH_KNOTS('',1,(#14374,#14375),.UNSPECIFIED.,
  .F.,.F.,(2,2),(-17.1,-16.95),.PIECEWISE_BEZIER_KNOTS.);
#14374 = CARTESIAN_POINT('',(62.55,34.05));
#14375 = CARTESIAN_POINT('',(62.55,33.9));
#14376 = ( GEOMETRIC_REPRESENTATION_CONTEXT(2)
PARAMETRIC_REPRESENTATION_CONTEXT() REPRESENTATION_CONTEXT('2D SPACE',''
  ) );
#14377 = PCURVE('',#14378,#14383);
#14378 = PLANE('',#14379);
#14379 = AXIS2_PLACEMENT_3D('',#14380,#14381,#14382);
#14380 = CARTESIAN_POINT('',(3.9,-0.4,-2.45));
#14381 = DIRECTION('',(0.,0.,1.));
#14382 = DIRECTION('',(1.,0.,0.));
#14383 = DEFINITIONAL_REPRESENTATION('',(#14384),#14387);
#14384 = B_SPLINE_CURVE_WITH_KNOTS('',1,(#14385,#14386),.UNSPECIFIED.,
  .F.,.F.,(2,2),(-17.1,-16.95),.PIECEWISE_BEZIER_KNOTS.);
#14385 = CARTESIAN_POINT('',(0.15,0.4));
#14386 = CARTESIAN_POINT('',(0.,0.4));
#14387 = ( GEOMETRIC_REPRESENTATION_CONTEXT(2)
PARAMETRIC_REPRESENTATION_CONTEXT() REPRESENTATION_CONTEXT('2D SPACE',''
  ) );
#14388 = ORIENTED_EDGE('',*,*,#14389,.T.);
#14389 = EDGE_CURVE('',#14364,#14390,#14392,.T.);
#14390 = VERTEX_POINT('',#14391);
#14391 = CARTESIAN_POINT('',(3.3,0.,-2.45));
#14392 = SURFACE_CURVE('',#14393,(#14397,#14403),.PCURVE_S1.);
#14393 = LINE('',#14394,#14395);
#14394 = CARTESIAN_POINT('',(-13.35,0.,-2.45));
#14395 = VECTOR('',#14396,1.);
#14396 = DIRECTION('',(-1.,0.,0.));
#14397 = PCURVE('',#13747,#14398);
#14398 = DEFINITIONAL_REPRESENTATION('',(#14399),#14402);
#14399 = B_SPLINE_CURVE_WITH_KNOTS('',1,(#14400,#14401),.UNSPECIFIED.,
  .F.,.F.,(2,2),(-17.25,-16.65),.PIECEWISE_BEZIER_KNOTS.);
#14400 = CARTESIAN_POINT('',(62.55,33.9));
#14401 = CARTESIAN_POINT('',(62.55,33.3));
#14402 = ( GEOMETRIC_REPRESENTATION_CONTEXT(2)
PARAMETRIC_REPRESENTATION_CONTEXT() REPRESENTATION_CONTEXT('2D SPACE',''
  ) );
#14403 = PCURVE('',#14404,#14409);
#14404 = PLANE('',#14405);
#14405 = AXIS2_PLACEMENT_3D('',#14406,#14407,#14408);
#14406 = CARTESIAN_POINT('',(3.3,-0.4,-2.45));
#14407 = DIRECTION('',(0.,0.,1.));
#14408 = DIRECTION('',(1.,0.,0.));
#14409 = DEFINITIONAL_REPRESENTATION('',(#14410),#14413);
#14410 = B_SPLINE_CURVE_WITH_KNOTS('',1,(#14411,#14412),.UNSPECIFIED.,
  .F.,.F.,(2,2),(-17.25,-16.65),.PIECEWISE_BEZIER_KNOTS.);
#14411 = CARTESIAN_POINT('',(0.6,0.4));
#14412 = CARTESIAN_POINT('',(0.,0.4));
#14413 = ( GEOMETRIC_REPRESENTATION_CONTEXT(2)
PARAMETRIC_REPRESENTATION_CONTEXT() REPRESENTATION_CONTEXT('2D SPACE',''
  ) );
#14414 = ORIENTED_EDGE('',*,*,#14415,.T.);
#14415 = EDGE_CURVE('',#14390,#14416,#14418,.T.);
#14416 = VERTEX_POINT('',#14417);
#14417 = CARTESIAN_POINT('',(3.3,0.,-2.3));
#14418 = SURFACE_CURVE('',#14419,(#14423,#14429),.PCURVE_S1.);
#14419 = LINE('',#14420,#14421);
#14420 = CARTESIAN_POINT('',(3.3,0.,-33.725));
#14421 = VECTOR('',#14422,1.);
#14422 = DIRECTION('',(0.,0.,1.));
#14423 = PCURVE('',#13747,#14424);
#14424 = DEFINITIONAL_REPRESENTATION('',(#14425),#14428);
#14425 = B_SPLINE_CURVE_WITH_KNOTS('',1,(#14426,#14427),.UNSPECIFIED.,
  .F.,.F.,(2,2),(31.275,31.425),.PIECEWISE_BEZIER_KNOTS.);
#14426 = CARTESIAN_POINT('',(62.55,33.3));
#14427 = CARTESIAN_POINT('',(62.7,33.3));
#14428 = ( GEOMETRIC_REPRESENTATION_CONTEXT(2)
PARAMETRIC_REPRESENTATION_CONTEXT() REPRESENTATION_CONTEXT('2D SPACE',''
  ) );
#14429 = PCURVE('',#14430,#14435);
#14430 = PLANE('',#14431);
#14431 = AXIS2_PLACEMENT_3D('',#14432,#14433,#14434);
#14432 = CARTESIAN_POINT('',(3.3,-0.4,-2.45));
#14433 = DIRECTION('',(1.,0.,0.));
#14434 = DIRECTION('',(0.,0.,1.));
#14435 = DEFINITIONAL_REPRESENTATION('',(#14436),#14439);
#14436 = B_SPLINE_CURVE_WITH_KNOTS('',1,(#14437,#14438),.UNSPECIFIED.,
  .F.,.F.,(2,2),(31.275,31.425),.PIECEWISE_BEZIER_KNOTS.);
#14437 = CARTESIAN_POINT('',(0.,-0.4));
#14438 = CARTESIAN_POINT('',(0.15,-0.4));
#14439 = ( GEOMETRIC_REPRESENTATION_CONTEXT(2)
PARAMETRIC_REPRESENTATION_CONTEXT() REPRESENTATION_CONTEXT('2D SPACE',''
  ) );
#14440 = ORIENTED_EDGE('',*,*,#14441,.F.);
#14441 = EDGE_CURVE('',#14442,#14416,#14444,.T.);
#14442 = VERTEX_POINT('',#14443);
#14443 = CARTESIAN_POINT('',(3.9,0.,-2.3));
#14444 = SURFACE_CURVE('',#14445,(#14449,#14455),.PCURVE_S1.);
#14445 = LINE('',#14446,#14447);
#14446 = CARTESIAN_POINT('',(-13.35,0.,-2.3));
#14447 = VECTOR('',#14448,1.);
#14448 = DIRECTION('',(-1.,0.,0.));
#14449 = PCURVE('',#13747,#14450);
#14450 = DEFINITIONAL_REPRESENTATION('',(#14451),#14454);
#14451 = B_SPLINE_CURVE_WITH_KNOTS('',1,(#14452,#14453),.UNSPECIFIED.,
  .F.,.F.,(2,2),(-17.25,-16.65),.PIECEWISE_BEZIER_KNOTS.);
#14452 = CARTESIAN_POINT('',(62.7,33.9));
#14453 = CARTESIAN_POINT('',(62.7,33.3));
#14454 = ( GEOMETRIC_REPRESENTATION_CONTEXT(2)
PARAMETRIC_REPRESENTATION_CONTEXT() REPRESENTATION_CONTEXT('2D SPACE',''
  ) );
#14455 = PCURVE('',#14456,#14461);
#14456 = PLANE('',#14457);
#14457 = AXIS2_PLACEMENT_3D('',#14458,#14459,#14460);
#14458 = CARTESIAN_POINT('',(3.3,-0.4,-2.3));
#14459 = DIRECTION('',(0.,0.,1.));
#14460 = DIRECTION('',(1.,0.,0.));
#14461 = DEFINITIONAL_REPRESENTATION('',(#14462),#14465);
#14462 = B_SPLINE_CURVE_WITH_KNOTS('',1,(#14463,#14464),.UNSPECIFIED.,
  .F.,.F.,(2,2),(-17.25,-16.65),.PIECEWISE_BEZIER_KNOTS.);
#14463 = CARTESIAN_POINT('',(0.6,0.4));
#14464 = CARTESIAN_POINT('',(0.,0.4));
#14465 = ( GEOMETRIC_REPRESENTATION_CONTEXT(2)
PARAMETRIC_REPRESENTATION_CONTEXT() REPRESENTATION_CONTEXT('2D SPACE',''
  ) );
#14466 = ORIENTED_EDGE('',*,*,#14467,.T.);
#14467 = EDGE_CURVE('',#14442,#14468,#14470,.T.);
#14468 = VERTEX_POINT('',#14469);
#14469 = CARTESIAN_POINT('',(3.9,0.,0.3));
#14470 = SURFACE_CURVE('',#14471,(#14475,#14481),.PCURVE_S1.);
#14471 = LINE('',#14472,#14473);
#14472 = CARTESIAN_POINT('',(3.9,0.,-33.725));
#14473 = VECTOR('',#14474,1.);
#14474 = DIRECTION('',(0.,0.,1.));
#14475 = PCURVE('',#13747,#14476);
#14476 = DEFINITIONAL_REPRESENTATION('',(#14477),#14480);
#14477 = B_SPLINE_CURVE_WITH_KNOTS('',1,(#14478,#14479),.UNSPECIFIED.,
  .F.,.F.,(2,2),(31.425,34.025),.PIECEWISE_BEZIER_KNOTS.);
#14478 = CARTESIAN_POINT('',(62.7,33.9));
#14479 = CARTESIAN_POINT('',(65.3,33.9));
#14480 = ( GEOMETRIC_REPRESENTATION_CONTEXT(2)
PARAMETRIC_REPRESENTATION_CONTEXT() REPRESENTATION_CONTEXT('2D SPACE',''
  ) );
#14481 = PCURVE('',#14482,#14487);
#14482 = PLANE('',#14483);
#14483 = AXIS2_PLACEMENT_3D('',#14484,#14485,#14486);
#14484 = CARTESIAN_POINT('',(3.9,-0.4,-2.45));
#14485 = DIRECTION('',(1.,0.,0.));
#14486 = DIRECTION('',(0.,0.,1.));
#14487 = DEFINITIONAL_REPRESENTATION('',(#14488),#14491);
#14488 = B_SPLINE_CURVE_WITH_KNOTS('',1,(#14489,#14490),.UNSPECIFIED.,
  .F.,.F.,(2,2),(31.425,34.025),.PIECEWISE_BEZIER_KNOTS.);
#14489 = CARTESIAN_POINT('',(0.15,-0.4));
#14490 = CARTESIAN_POINT('',(2.75,-0.4));
#14491 = ( GEOMETRIC_REPRESENTATION_CONTEXT(2)
PARAMETRIC_REPRESENTATION_CONTEXT() REPRESENTATION_CONTEXT('2D SPACE',''
  ) );
#14492 = ORIENTED_EDGE('',*,*,#14493,.T.);
#14493 = EDGE_CURVE('',#14468,#14494,#14496,.T.);
#14494 = VERTEX_POINT('',#14495);
#14495 = CARTESIAN_POINT('',(3.2,0.,0.3));
#14496 = SURFACE_CURVE('',#14497,(#14501,#14507),.PCURVE_S1.);
#14497 = LINE('',#14498,#14499);
#14498 = CARTESIAN_POINT('',(-13.4,0.,0.3));
#14499 = VECTOR('',#14500,1.);
#14500 = DIRECTION('',(-1.,0.,0.));
#14501 = PCURVE('',#13747,#14502);
#14502 = DEFINITIONAL_REPRESENTATION('',(#14503),#14506);
#14503 = B_SPLINE_CURVE_WITH_KNOTS('',1,(#14504,#14505),.UNSPECIFIED.,
  .F.,.F.,(2,2),(-17.3,-16.6),.PIECEWISE_BEZIER_KNOTS.);
#14504 = CARTESIAN_POINT('',(65.3,33.9));
#14505 = CARTESIAN_POINT('',(65.3,33.2));
#14506 = ( GEOMETRIC_REPRESENTATION_CONTEXT(2)
PARAMETRIC_REPRESENTATION_CONTEXT() REPRESENTATION_CONTEXT('2D SPACE',''
  ) );
#14507 = PCURVE('',#14508,#14513);
#14508 = PLANE('',#14509);
#14509 = AXIS2_PLACEMENT_3D('',#14510,#14511,#14512);
#14510 = CARTESIAN_POINT('',(3.2,-0.4,0.3));
#14511 = DIRECTION('',(0.,0.,1.));
#14512 = DIRECTION('',(1.,0.,0.));
#14513 = DEFINITIONAL_REPRESENTATION('',(#14514),#14517);
#14514 = B_SPLINE_CURVE_WITH_KNOTS('',1,(#14515,#14516),.UNSPECIFIED.,
  .F.,.F.,(2,2),(-17.3,-16.6),.PIECEWISE_BEZIER_KNOTS.);
#14515 = CARTESIAN_POINT('',(0.7,0.4));
#14516 = CARTESIAN_POINT('',(0.,0.4));
#14517 = ( GEOMETRIC_REPRESENTATION_CONTEXT(2)
PARAMETRIC_REPRESENTATION_CONTEXT() REPRESENTATION_CONTEXT('2D SPACE',''
  ) );
#14518 = ORIENTED_EDGE('',*,*,#14519,.T.);
#14519 = EDGE_CURVE('',#14494,#13972,#14520,.T.);
#14520 = SURFACE_CURVE('',#14521,(#14525,#14531),.PCURVE_S1.);
#14521 = LINE('',#14522,#14523);
#14522 = CARTESIAN_POINT('',(3.2,0.,-32.35));
#14523 = VECTOR('',#14524,1.);
#14524 = DIRECTION('',(0.,0.,1.));
#14525 = PCURVE('',#13747,#14526);
#14526 = DEFINITIONAL_REPRESENTATION('',(#14527),#14530);
#14527 = B_SPLINE_CURVE_WITH_KNOTS('',1,(#14528,#14529),.UNSPECIFIED.,
  .F.,.F.,(2,2),(32.65,32.8),.PIECEWISE_BEZIER_KNOTS.);
#14528 = CARTESIAN_POINT('',(65.3,33.2));
#14529 = CARTESIAN_POINT('',(65.45,33.2));
#14530 = ( GEOMETRIC_REPRESENTATION_CONTEXT(2)
PARAMETRIC_REPRESENTATION_CONTEXT() REPRESENTATION_CONTEXT('2D SPACE',''
  ) );
#14531 = PCURVE('',#14008,#14532);
#14532 = DEFINITIONAL_REPRESENTATION('',(#14533),#14536);
#14533 = B_SPLINE_CURVE_WITH_KNOTS('',1,(#14534,#14535),.UNSPECIFIED.,
  .F.,.F.,(2,2),(32.65,32.8),.PIECEWISE_BEZIER_KNOTS.);
#14534 = CARTESIAN_POINT('',(0.,-0.4));
#14535 = CARTESIAN_POINT('',(0.15,-0.4));
#14536 = ( GEOMETRIC_REPRESENTATION_CONTEXT(2)
PARAMETRIC_REPRESENTATION_CONTEXT() REPRESENTATION_CONTEXT('2D SPACE',''
  ) );
#14537 = ORIENTED_EDGE('',*,*,#13971,.T.);
#14538 = ORIENTED_EDGE('',*,*,#13788,.F.);
#14539 = ORIENTED_EDGE('',*,*,#14540,.F.);
#14540 = EDGE_CURVE('',#13732,#13760,#14541,.T.);
#14541 = SURFACE_CURVE('',#14542,(#14546,#14552),.PCURVE_S1.);
#14542 = LINE('',#14543,#14544);
#14543 = CARTESIAN_POINT('',(-15.,0.,0.6));
#14544 = VECTOR('',#14545,1.);
#14545 = DIRECTION('',(-1.,0.,0.));
#14546 = PCURVE('',#13747,#14547);
#14547 = DEFINITIONAL_REPRESENTATION('',(#14548),#14551);
#14548 = B_SPLINE_CURVE_WITH_KNOTS('',1,(#14549,#14550),.UNSPECIFIED.,
  .F.,.F.,(2,2),(-19.,-11.),.PIECEWISE_BEZIER_KNOTS.);
#14549 = CARTESIAN_POINT('',(65.6,34.));
#14550 = CARTESIAN_POINT('',(65.6,26.));
#14551 = ( GEOMETRIC_REPRESENTATION_CONTEXT(2)
PARAMETRIC_REPRESENTATION_CONTEXT() REPRESENTATION_CONTEXT('2D SPACE',''
  ) );
#14552 = PCURVE('',#13776,#14553);
#14553 = DEFINITIONAL_REPRESENTATION('',(#14554),#14557);
#14554 = B_SPLINE_CURVE_WITH_KNOTS('',1,(#14555,#14556),.UNSPECIFIED.,
  .F.,.F.,(2,2),(-19.,-11.),.PIECEWISE_BEZIER_KNOTS.);
#14555 = CARTESIAN_POINT('',(4.,-3.49503809816E-16));
#14556 = CARTESIAN_POINT('',(-4.,-3.49503809816E-16));
#14557 = ( GEOMETRIC_REPRESENTATION_CONTEXT(2)
PARAMETRIC_REPRESENTATION_CONTEXT() REPRESENTATION_CONTEXT('2D SPACE',''
  ) );
#14558 = ADVANCED_FACE('',(#14559),#13776,.T.);
#14559 = FACE_BOUND('',#14560,.T.);
#14560 = EDGE_LOOP('',(#14561,#14562));
#14561 = ORIENTED_EDGE('',*,*,#14540,.F.);
#14562 = ORIENTED_EDGE('',*,*,#13759,.T.);
#14563 = ADVANCED_FACE('',(#14564),#13908,.T.);
#14564 = FACE_BOUND('',#14565,.T.);
#14565 = EDGE_LOOP('',(#14566,#14596,#14617,#14618,#14619));
#14566 = ORIENTED_EDGE('',*,*,#14567,.F.);
#14567 = EDGE_CURVE('',#14568,#14570,#14572,.T.);
#14568 = VERTEX_POINT('',#14569);
#14569 = CARTESIAN_POINT('',(3.9,0.4,0.3));
#14570 = VERTEX_POINT('',#14571);
#14571 = CARTESIAN_POINT('',(4.05,0.4,0.3));
#14572 = SURFACE_CURVE('',#14573,(#14577,#14584),.PCURVE_S1.);
#14573 = LINE('',#14574,#14575);
#14574 = CARTESIAN_POINT('',(3.2,0.4,0.3));
#14575 = VECTOR('',#14576,1.);
#14576 = DIRECTION('',(1.,0.,0.));
#14577 = PCURVE('',#13908,#14578);
#14578 = DEFINITIONAL_REPRESENTATION('',(#14579),#14583);
#14579 = LINE('',#14580,#14581);
#14580 = CARTESIAN_POINT('',(0.,0.));
#14581 = VECTOR('',#14582,1.);
#14582 = DIRECTION('',(0.,1.));
#14583 = ( GEOMETRIC_REPRESENTATION_CONTEXT(2)
PARAMETRIC_REPRESENTATION_CONTEXT() REPRESENTATION_CONTEXT('2D SPACE',''
  ) );
#14584 = PCURVE('',#14585,#14590);
#14585 = PLANE('',#14586);
#14586 = AXIS2_PLACEMENT_3D('',#14587,#14588,#14589);
#14587 = CARTESIAN_POINT('',(3.9,0.4,-2.45));
#14588 = DIRECTION('',(0.,1.,0.));
#14589 = DIRECTION('',(0.,0.,1.));
#14590 = DEFINITIONAL_REPRESENTATION('',(#14591),#14595);
#14591 = LINE('',#14592,#14593);
#14592 = CARTESIAN_POINT('',(2.75,-0.7));
#14593 = VECTOR('',#14594,1.);
#14594 = DIRECTION('',(0.,1.));
#14595 = ( GEOMETRIC_REPRESENTATION_CONTEXT(2)
PARAMETRIC_REPRESENTATION_CONTEXT() REPRESENTATION_CONTEXT('2D SPACE',''
  ) );
#14596 = ORIENTED_EDGE('',*,*,#14597,.T.);
#14597 = EDGE_CURVE('',#14568,#14021,#14598,.T.);
#14598 = SURFACE_CURVE('',#14599,(#14603,#14610),.PCURVE_S1.);
#14599 = LINE('',#14600,#14601);
#14600 = CARTESIAN_POINT('',(3.9,0.4,-2.45));
#14601 = VECTOR('',#14602,1.);
#14602 = DIRECTION('',(0.,0.,1.));
#14603 = PCURVE('',#13908,#14604);
#14604 = DEFINITIONAL_REPRESENTATION('',(#14605),#14609);
#14605 = LINE('',#14606,#14607);
#14606 = CARTESIAN_POINT('',(-2.75,0.7));
#14607 = VECTOR('',#14608,1.);
#14608 = DIRECTION('',(1.,0.));
#14609 = ( GEOMETRIC_REPRESENTATION_CONTEXT(2)
PARAMETRIC_REPRESENTATION_CONTEXT() REPRESENTATION_CONTEXT('2D SPACE',''
  ) );
#14610 = PCURVE('',#14036,#14611);
#14611 = DEFINITIONAL_REPRESENTATION('',(#14612),#14616);
#14612 = LINE('',#14613,#14614);
#14613 = CARTESIAN_POINT('',(-2.75,0.7));
#14614 = VECTOR('',#14615,1.);
#14615 = DIRECTION('',(1.,0.));
#14616 = ( GEOMETRIC_REPRESENTATION_CONTEXT(2)
PARAMETRIC_REPRESENTATION_CONTEXT() REPRESENTATION_CONTEXT('2D SPACE',''
  ) );
#14617 = ORIENTED_EDGE('',*,*,#14048,.T.);
#14618 = ORIENTED_EDGE('',*,*,#13892,.T.);
#14619 = ORIENTED_EDGE('',*,*,#14620,.F.);
#14620 = EDGE_CURVE('',#14570,#13893,#14621,.T.);
#14621 = SURFACE_CURVE('',#14622,(#14626,#14633),.PCURVE_S1.);
#14622 = LINE('',#14623,#14624);
#14623 = CARTESIAN_POINT('',(4.05,0.4,0.3));
#14624 = VECTOR('',#14625,1.);
#14625 = DIRECTION('',(0.,0.,1.));
#14626 = PCURVE('',#13908,#14627);
#14627 = DEFINITIONAL_REPRESENTATION('',(#14628),#14632);
#14628 = LINE('',#14629,#14630);
#14629 = CARTESIAN_POINT('',(0.,0.85));
#14630 = VECTOR('',#14631,1.);
#14631 = DIRECTION('',(1.,0.));
#14632 = ( GEOMETRIC_REPRESENTATION_CONTEXT(2)
PARAMETRIC_REPRESENTATION_CONTEXT() REPRESENTATION_CONTEXT('2D SPACE',''
  ) );
#14633 = PCURVE('',#13956,#14634);
#14634 = DEFINITIONAL_REPRESENTATION('',(#14635),#14639);
#14635 = LINE('',#14636,#14637);
#14636 = CARTESIAN_POINT('',(0.,-0.8));
#14637 = VECTOR('',#14638,1.);
#14638 = DIRECTION('',(1.,0.));
#14639 = ( GEOMETRIC_REPRESENTATION_CONTEXT(2)
PARAMETRIC_REPRESENTATION_CONTEXT() REPRESENTATION_CONTEXT('2D SPACE',''
  ) );
#14640 = ADVANCED_FACE('',(#14641),#13956,.T.);
#14641 = FACE_BOUND('',#14642,.T.);
#14642 = EDGE_LOOP('',(#14643,#14644,#14665,#14666));
#14643 = ORIENTED_EDGE('',*,*,#14290,.F.);
#14644 = ORIENTED_EDGE('',*,*,#14645,.T.);
#14645 = EDGE_CURVE('',#14291,#14570,#14646,.T.);
#14646 = SURFACE_CURVE('',#14647,(#14651,#14658),.PCURVE_S1.);
#14647 = LINE('',#14648,#14649);
#14648 = CARTESIAN_POINT('',(4.05,-0.4,0.3));
#14649 = VECTOR('',#14650,1.);
#14650 = DIRECTION('',(0.,1.,0.));
#14651 = PCURVE('',#13956,#14652);
#14652 = DEFINITIONAL_REPRESENTATION('',(#14653),#14657);
#14653 = LINE('',#14654,#14655);
#14654 = CARTESIAN_POINT('',(0.,0.));
#14655 = VECTOR('',#14656,1.);
#14656 = DIRECTION('',(0.,-1.));
#14657 = ( GEOMETRIC_REPRESENTATION_CONTEXT(2)
PARAMETRIC_REPRESENTATION_CONTEXT() REPRESENTATION_CONTEXT('2D SPACE',''
  ) );
#14658 = PCURVE('',#14326,#14659);
#14659 = DEFINITIONAL_REPRESENTATION('',(#14660),#14664);
#14660 = LINE('',#14661,#14662);
#14661 = CARTESIAN_POINT('',(2.75,0.));
#14662 = VECTOR('',#14663,1.);
#14663 = DIRECTION('',(0.,-1.));
#14664 = ( GEOMETRIC_REPRESENTATION_CONTEXT(2)
PARAMETRIC_REPRESENTATION_CONTEXT() REPRESENTATION_CONTEXT('2D SPACE',''
  ) );
#14665 = ORIENTED_EDGE('',*,*,#14620,.T.);
#14666 = ORIENTED_EDGE('',*,*,#13942,.F.);
#14667 = ADVANCED_FACE('',(#14668),#14196,.T.);
#14668 = FACE_BOUND('',#14669,.T.);
#14669 = EDGE_LOOP('',(#14670,#14700,#14721,#14722,#14723));
#14670 = ORIENTED_EDGE('',*,*,#14671,.F.);
#14671 = EDGE_CURVE('',#14672,#14674,#14676,.T.);
#14672 = VERTEX_POINT('',#14673);
#14673 = CARTESIAN_POINT('',(-2.296410161514,3.177499074759,0.3));
#14674 = VERTEX_POINT('',#14675);
#14675 = CARTESIAN_POINT('',(-2.371410161514,3.307402885327,0.3));
#14676 = SURFACE_CURVE('',#14677,(#14681,#14688),.PCURVE_S1.);
#14677 = LINE('',#14678,#14679);
#14678 = CARTESIAN_POINT('',(-1.946410161514,2.57128129211,0.3));
#14679 = VECTOR('',#14680,1.);
#14680 = DIRECTION('',(-0.5,0.866025403784,0.));
#14681 = PCURVE('',#14196,#14682);
#14682 = DEFINITIONAL_REPRESENTATION('',(#14683),#14687);
#14683 = LINE('',#14684,#14685);
#14684 = CARTESIAN_POINT('',(0.,0.));
#14685 = VECTOR('',#14686,1.);
#14686 = DIRECTION('',(0.,1.));
#14687 = ( GEOMETRIC_REPRESENTATION_CONTEXT(2)
PARAMETRIC_REPRESENTATION_CONTEXT() REPRESENTATION_CONTEXT('2D SPACE',''
  ) );
#14688 = PCURVE('',#14689,#14694);
#14689 = PLANE('',#14690);
#14690 = AXIS2_PLACEMENT_3D('',#14691,#14692,#14693);
#14691 = CARTESIAN_POINT('',(-2.296410161514,3.177499074759,-2.45));
#14692 = DIRECTION('',(-0.866025403784,-0.5,0.));
#14693 = DIRECTION('',(0.,0.,1.));
#14694 = DEFINITIONAL_REPRESENTATION('',(#14695),#14699);
#14695 = LINE('',#14696,#14697);
#14696 = CARTESIAN_POINT('',(2.75,-0.7));
#14697 = VECTOR('',#14698,1.);
#14698 = DIRECTION('',(0.,1.));
#14699 = ( GEOMETRIC_REPRESENTATION_CONTEXT(2)
PARAMETRIC_REPRESENTATION_CONTEXT() REPRESENTATION_CONTEXT('2D SPACE',''
  ) );
#14700 = ORIENTED_EDGE('',*,*,#14701,.T.);
#14701 = EDGE_CURVE('',#14672,#14155,#14702,.T.);
#14702 = SURFACE_CURVE('',#14703,(#14707,#14714),.PCURVE_S1.);
#14703 = LINE('',#14704,#14705);
#14704 = CARTESIAN_POINT('',(-2.296410161514,3.177499074759,-2.45));
#14705 = VECTOR('',#14706,1.);
#14706 = DIRECTION('',(0.,0.,1.));
#14707 = PCURVE('',#14196,#14708);
#14708 = DEFINITIONAL_REPRESENTATION('',(#14709),#14713);
#14709 = LINE('',#14710,#14711);
#14710 = CARTESIAN_POINT('',(-2.75,0.7));
#14711 = VECTOR('',#14712,1.);
#14712 = DIRECTION('',(1.,0.));
#14713 = ( GEOMETRIC_REPRESENTATION_CONTEXT(2)
PARAMETRIC_REPRESENTATION_CONTEXT() REPRESENTATION_CONTEXT('2D SPACE',''
  ) );
#14714 = PCURVE('',#14170,#14715);
#14715 = DEFINITIONAL_REPRESENTATION('',(#14716),#14720);
#14716 = LINE('',#14717,#14718);
#14717 = CARTESIAN_POINT('',(-2.75,0.7));
#14718 = VECTOR('',#14719,1.);
#14719 = DIRECTION('',(1.,0.));
#14720 = ( GEOMETRIC_REPRESENTATION_CONTEXT(2)
PARAMETRIC_REPRESENTATION_CONTEXT() REPRESENTATION_CONTEXT('2D SPACE',''
  ) );
#14721 = ORIENTED_EDGE('',*,*,#14182,.T.);
#14722 = ORIENTED_EDGE('',*,*,#14212,.T.);
#14723 = ORIENTED_EDGE('',*,*,#14724,.F.);
#14724 = EDGE_CURVE('',#14674,#14213,#14725,.T.);
#14725 = SURFACE_CURVE('',#14726,(#14730,#14737),.PCURVE_S1.);
#14726 = LINE('',#14727,#14728);
#14727 = CARTESIAN_POINT('',(-2.371410161514,3.307402885327,0.3));
#14728 = VECTOR('',#14729,1.);
#14729 = DIRECTION('',(0.,0.,1.));
#14730 = PCURVE('',#14196,#14731);
#14731 = DEFINITIONAL_REPRESENTATION('',(#14732),#14736);
#14732 = LINE('',#14733,#14734);
#14733 = CARTESIAN_POINT('',(0.,0.85));
#14734 = VECTOR('',#14735,1.);
#14735 = DIRECTION('',(1.,0.));
#14736 = ( GEOMETRIC_REPRESENTATION_CONTEXT(2)
PARAMETRIC_REPRESENTATION_CONTEXT() REPRESENTATION_CONTEXT('2D SPACE',''
  ) );
#14737 = PCURVE('',#14273,#14738);
#14738 = DEFINITIONAL_REPRESENTATION('',(#14739),#14743);
#14739 = LINE('',#14740,#14741);
#14740 = CARTESIAN_POINT('',(0.,-0.8));
#14741 = VECTOR('',#14742,1.);
#14742 = DIRECTION('',(1.,0.));
#14743 = ( GEOMETRIC_REPRESENTATION_CONTEXT(2)
PARAMETRIC_REPRESENTATION_CONTEXT() REPRESENTATION_CONTEXT('2D SPACE',''
  ) );
#14744 = ADVANCED_FACE('',(#14745),#14170,.T.);
#14745 = FACE_BOUND('',#14746,.T.);
#14746 = EDGE_LOOP('',(#14747,#14775,#14796,#14797));
#14747 = ORIENTED_EDGE('',*,*,#14748,.F.);
#14748 = EDGE_CURVE('',#14749,#14672,#14751,.T.);
#14749 = VERTEX_POINT('',#14750);
#14750 = CARTESIAN_POINT('',(-1.946410161514,2.57128129211,0.3));
#14751 = SURFACE_CURVE('',#14752,(#14756,#14763),.PCURVE_S1.);
#14752 = LINE('',#14753,#14754);
#14753 = CARTESIAN_POINT('',(-1.946410161514,2.57128129211,0.3));
#14754 = VECTOR('',#14755,1.);
#14755 = DIRECTION('',(-0.5,0.866025403784,0.));
#14756 = PCURVE('',#14170,#14757);
#14757 = DEFINITIONAL_REPRESENTATION('',(#14758),#14762);
#14758 = LINE('',#14759,#14760);
#14759 = CARTESIAN_POINT('',(0.,0.));
#14760 = VECTOR('',#14761,1.);
#14761 = DIRECTION('',(0.,1.));
#14762 = ( GEOMETRIC_REPRESENTATION_CONTEXT(2)
PARAMETRIC_REPRESENTATION_CONTEXT() REPRESENTATION_CONTEXT('2D SPACE',''
  ) );
#14763 = PCURVE('',#14764,#14769);
#14764 = PLANE('',#14765);
#14765 = AXIS2_PLACEMENT_3D('',#14766,#14767,#14768);
#14766 = CARTESIAN_POINT('',(-1.253589838486,2.97128129211,0.3));
#14767 = DIRECTION('',(0.,0.,1.));
#14768 = DIRECTION('',(-0.5,0.866025403784,0.));
#14769 = DEFINITIONAL_REPRESENTATION('',(#14770),#14774);
#14770 = LINE('',#14771,#14772);
#14771 = CARTESIAN_POINT('',(-4.355458720498E-18,0.8));
#14772 = VECTOR('',#14773,1.);
#14773 = DIRECTION('',(1.,2.231125221501E-17));
#14774 = ( GEOMETRIC_REPRESENTATION_CONTEXT(2)
PARAMETRIC_REPRESENTATION_CONTEXT() REPRESENTATION_CONTEXT('2D SPACE',''
  ) );
#14775 = ORIENTED_EDGE('',*,*,#14776,.T.);
#14776 = EDGE_CURVE('',#14749,#14127,#14777,.T.);
#14777 = SURFACE_CURVE('',#14778,(#14782,#14789),.PCURVE_S1.);
#14778 = LINE('',#14779,#14780);
#14779 = CARTESIAN_POINT('',(-1.946410161514,2.57128129211,0.3));
#14780 = VECTOR('',#14781,1.);
#14781 = DIRECTION('',(0.,0.,1.));
#14782 = PCURVE('',#14170,#14783);
#14783 = DEFINITIONAL_REPRESENTATION('',(#14784),#14788);
#14784 = LINE('',#14785,#14786);
#14785 = CARTESIAN_POINT('',(0.,0.));
#14786 = VECTOR('',#14787,1.);
#14787 = DIRECTION('',(1.,0.));
#14788 = ( GEOMETRIC_REPRESENTATION_CONTEXT(2)
PARAMETRIC_REPRESENTATION_CONTEXT() REPRESENTATION_CONTEXT('2D SPACE',''
  ) );
#14789 = PCURVE('',#14142,#14790);
#14790 = DEFINITIONAL_REPRESENTATION('',(#14791),#14795);
#14791 = LINE('',#14792,#14793);
#14792 = CARTESIAN_POINT('',(0.,-0.8));
#14793 = VECTOR('',#14794,1.);
#14794 = DIRECTION('',(1.,0.));
#14795 = ( GEOMETRIC_REPRESENTATION_CONTEXT(2)
PARAMETRIC_REPRESENTATION_CONTEXT() REPRESENTATION_CONTEXT('2D SPACE',''
  ) );
#14796 = ORIENTED_EDGE('',*,*,#14154,.T.);
#14797 = ORIENTED_EDGE('',*,*,#14701,.F.);
#14798 = ADVANCED_FACE('',(#14799),#14142,.F.);
#14799 = FACE_BOUND('',#14800,.F.);
#14800 = EDGE_LOOP('',(#14801,#14824,#14845,#14846));
#14801 = ORIENTED_EDGE('',*,*,#14802,.F.);
#14802 = EDGE_CURVE('',#14803,#14099,#14805,.T.);
#14803 = VERTEX_POINT('',#14804);
#14804 = CARTESIAN_POINT('',(-1.253589838486,2.97128129211,0.3));
#14805 = SURFACE_CURVE('',#14806,(#14810,#14817),.PCURVE_S1.);
#14806 = LINE('',#14807,#14808);
#14807 = CARTESIAN_POINT('',(-1.253589838486,2.97128129211,0.3));
#14808 = VECTOR('',#14809,1.);
#14809 = DIRECTION('',(0.,0.,1.));
#14810 = PCURVE('',#14142,#14811);
#14811 = DEFINITIONAL_REPRESENTATION('',(#14812),#14816);
#14812 = LINE('',#14813,#14814);
#14813 = CARTESIAN_POINT('',(0.,0.));
#14814 = VECTOR('',#14815,1.);
#14815 = DIRECTION('',(1.,0.));
#14816 = ( GEOMETRIC_REPRESENTATION_CONTEXT(2)
PARAMETRIC_REPRESENTATION_CONTEXT() REPRESENTATION_CONTEXT('2D SPACE',''
  ) );
#14817 = PCURVE('',#14114,#14818);
#14818 = DEFINITIONAL_REPRESENTATION('',(#14819),#14823);
#14819 = LINE('',#14820,#14821);
#14820 = CARTESIAN_POINT('',(0.,0.));
#14821 = VECTOR('',#14822,1.);
#14822 = DIRECTION('',(1.,0.));
#14823 = ( GEOMETRIC_REPRESENTATION_CONTEXT(2)
PARAMETRIC_REPRESENTATION_CONTEXT() REPRESENTATION_CONTEXT('2D SPACE',''
  ) );
#14824 = ORIENTED_EDGE('',*,*,#14825,.T.);
#14825 = EDGE_CURVE('',#14803,#14749,#14826,.T.);
#14826 = SURFACE_CURVE('',#14827,(#14831,#14838),.PCURVE_S1.);
#14827 = LINE('',#14828,#14829);
#14828 = CARTESIAN_POINT('',(-1.253589838486,2.97128129211,0.3));
#14829 = VECTOR('',#14830,1.);
#14830 = DIRECTION('',(-0.866025403784,-0.5,0.));
#14831 = PCURVE('',#14142,#14832);
#14832 = DEFINITIONAL_REPRESENTATION('',(#14833),#14837);
#14833 = LINE('',#14834,#14835);
#14834 = CARTESIAN_POINT('',(0.,0.));
#14835 = VECTOR('',#14836,1.);
#14836 = DIRECTION('',(0.,-1.));
#14837 = ( GEOMETRIC_REPRESENTATION_CONTEXT(2)
PARAMETRIC_REPRESENTATION_CONTEXT() REPRESENTATION_CONTEXT('2D SPACE',''
  ) );
#14838 = PCURVE('',#14764,#14839);
#14839 = DEFINITIONAL_REPRESENTATION('',(#14840),#14844);
#14840 = LINE('',#14841,#14842);
#14841 = CARTESIAN_POINT('',(0.,0.));
#14842 = VECTOR('',#14843,1.);
#14843 = DIRECTION('',(2.231125221501E-17,1.));
#14844 = ( GEOMETRIC_REPRESENTATION_CONTEXT(2)
PARAMETRIC_REPRESENTATION_CONTEXT() REPRESENTATION_CONTEXT('2D SPACE',''
  ) );
#14845 = ORIENTED_EDGE('',*,*,#14776,.T.);
#14846 = ORIENTED_EDGE('',*,*,#14126,.F.);
#14847 = ADVANCED_FACE('',(#14848),#14114,.F.);
#14848 = FACE_BOUND('',#14849,.F.);
#14849 = EDGE_LOOP('',(#14850,#14873,#14874,#14875));
#14850 = ORIENTED_EDGE('',*,*,#14851,.F.);
#14851 = EDGE_CURVE('',#14803,#14852,#14854,.T.);
#14852 = VERTEX_POINT('',#14853);
#14853 = CARTESIAN_POINT('',(-1.603589838486,3.577499074759,0.3));
#14854 = SURFACE_CURVE('',#14855,(#14859,#14866),.PCURVE_S1.);
#14855 = LINE('',#14856,#14857);
#14856 = CARTESIAN_POINT('',(-1.253589838486,2.97128129211,0.3));
#14857 = VECTOR('',#14858,1.);
#14858 = DIRECTION('',(-0.5,0.866025403784,0.));
#14859 = PCURVE('',#14114,#14860);
#14860 = DEFINITIONAL_REPRESENTATION('',(#14861),#14865);
#14861 = LINE('',#14862,#14863);
#14862 = CARTESIAN_POINT('',(0.,0.));
#14863 = VECTOR('',#14864,1.);
#14864 = DIRECTION('',(0.,1.));
#14865 = ( GEOMETRIC_REPRESENTATION_CONTEXT(2)
PARAMETRIC_REPRESENTATION_CONTEXT() REPRESENTATION_CONTEXT('2D SPACE',''
  ) );
#14866 = PCURVE('',#14764,#14867);
#14867 = DEFINITIONAL_REPRESENTATION('',(#14868),#14872);
#14868 = LINE('',#14869,#14870);
#14869 = CARTESIAN_POINT('',(0.,0.));
#14870 = VECTOR('',#14871,1.);
#14871 = DIRECTION('',(1.,2.231125221501E-17));
#14872 = ( GEOMETRIC_REPRESENTATION_CONTEXT(2)
PARAMETRIC_REPRESENTATION_CONTEXT() REPRESENTATION_CONTEXT('2D SPACE',''
  ) );
#14873 = ORIENTED_EDGE('',*,*,#14802,.T.);
#14874 = ORIENTED_EDGE('',*,*,#14098,.T.);
#14875 = ORIENTED_EDGE('',*,*,#14876,.F.);
#14876 = EDGE_CURVE('',#14852,#14071,#14877,.T.);
#14877 = SURFACE_CURVE('',#14878,(#14882,#14889),.PCURVE_S1.);
#14878 = LINE('',#14879,#14880);
#14879 = CARTESIAN_POINT('',(-1.603589838486,3.577499074759,-2.45));
#14880 = VECTOR('',#14881,1.);
#14881 = DIRECTION('',(0.,0.,1.));
#14882 = PCURVE('',#14114,#14883);
#14883 = DEFINITIONAL_REPRESENTATION('',(#14884),#14888);
#14884 = LINE('',#14885,#14886);
#14885 = CARTESIAN_POINT('',(-2.75,0.7));
#14886 = VECTOR('',#14887,1.);
#14887 = DIRECTION('',(1.,0.));
#14888 = ( GEOMETRIC_REPRESENTATION_CONTEXT(2)
PARAMETRIC_REPRESENTATION_CONTEXT() REPRESENTATION_CONTEXT('2D SPACE',''
  ) );
#14889 = PCURVE('',#14086,#14890);
#14890 = DEFINITIONAL_REPRESENTATION('',(#14891),#14895);
#14891 = LINE('',#14892,#14893);
#14892 = CARTESIAN_POINT('',(-2.75,0.7));
#14893 = VECTOR('',#14894,1.);
#14894 = DIRECTION('',(1.,0.));
#14895 = ( GEOMETRIC_REPRESENTATION_CONTEXT(2)
PARAMETRIC_REPRESENTATION_CONTEXT() REPRESENTATION_CONTEXT('2D SPACE',''
  ) );
#14896 = ADVANCED_FACE('',(#14897),#14086,.F.);
#14897 = FACE_BOUND('',#14898,.F.);
#14898 = EDGE_LOOP('',(#14899,#14927,#14928,#14929,#14930));
#14899 = ORIENTED_EDGE('',*,*,#14900,.F.);
#14900 = EDGE_CURVE('',#14852,#14901,#14903,.T.);
#14901 = VERTEX_POINT('',#14902);
#14902 = CARTESIAN_POINT('',(-1.678589838486,3.707402885327,0.3));
#14903 = SURFACE_CURVE('',#14904,(#14908,#14915),.PCURVE_S1.);
#14904 = LINE('',#14905,#14906);
#14905 = CARTESIAN_POINT('',(-1.253589838486,2.97128129211,0.3));
#14906 = VECTOR('',#14907,1.);
#14907 = DIRECTION('',(-0.5,0.866025403784,0.));
#14908 = PCURVE('',#14086,#14909);
#14909 = DEFINITIONAL_REPRESENTATION('',(#14910),#14914);
#14910 = LINE('',#14911,#14912);
#14911 = CARTESIAN_POINT('',(0.,0.));
#14912 = VECTOR('',#14913,1.);
#14913 = DIRECTION('',(0.,1.));
#14914 = ( GEOMETRIC_REPRESENTATION_CONTEXT(2)
PARAMETRIC_REPRESENTATION_CONTEXT() REPRESENTATION_CONTEXT('2D SPACE',''
  ) );
#14915 = PCURVE('',#14916,#14921);
#14916 = PLANE('',#14917);
#14917 = AXIS2_PLACEMENT_3D('',#14918,#14919,#14920);
#14918 = CARTESIAN_POINT('',(-1.603589838486,3.577499074759,-2.45));
#14919 = DIRECTION('',(-0.866025403784,-0.5,0.));
#14920 = DIRECTION('',(0.,0.,1.));
#14921 = DEFINITIONAL_REPRESENTATION('',(#14922),#14926);
#14922 = LINE('',#14923,#14924);
#14923 = CARTESIAN_POINT('',(2.75,-0.7));
#14924 = VECTOR('',#14925,1.);
#14925 = DIRECTION('',(0.,1.));
#14926 = ( GEOMETRIC_REPRESENTATION_CONTEXT(2)
PARAMETRIC_REPRESENTATION_CONTEXT() REPRESENTATION_CONTEXT('2D SPACE',''
  ) );
#14927 = ORIENTED_EDGE('',*,*,#14876,.T.);
#14928 = ORIENTED_EDGE('',*,*,#14070,.T.);
#14929 = ORIENTED_EDGE('',*,*,#14236,.T.);
#14930 = ORIENTED_EDGE('',*,*,#14931,.F.);
#14931 = EDGE_CURVE('',#14901,#14237,#14932,.T.);
#14932 = SURFACE_CURVE('',#14933,(#14937,#14944),.PCURVE_S1.);
#14933 = LINE('',#14934,#14935);
#14934 = CARTESIAN_POINT('',(-1.678589838486,3.707402885327,0.3));
#14935 = VECTOR('',#14936,1.);
#14936 = DIRECTION('',(0.,0.,1.));
#14937 = PCURVE('',#14086,#14938);
#14938 = DEFINITIONAL_REPRESENTATION('',(#14939),#14943);
#14939 = LINE('',#14940,#14941);
#14940 = CARTESIAN_POINT('',(0.,0.85));
#14941 = VECTOR('',#14942,1.);
#14942 = DIRECTION('',(1.,0.));
#14943 = ( GEOMETRIC_REPRESENTATION_CONTEXT(2)
PARAMETRIC_REPRESENTATION_CONTEXT() REPRESENTATION_CONTEXT('2D SPACE',''
  ) );
#14944 = PCURVE('',#14273,#14945);
#14945 = DEFINITIONAL_REPRESENTATION('',(#14946),#14950);
#14946 = LINE('',#14947,#14948);
#14947 = CARTESIAN_POINT('',(0.,0.));
#14948 = VECTOR('',#14949,1.);
#14949 = DIRECTION('',(1.,0.));
#14950 = ( GEOMETRIC_REPRESENTATION_CONTEXT(2)
PARAMETRIC_REPRESENTATION_CONTEXT() REPRESENTATION_CONTEXT('2D SPACE',''
  ) );
#14951 = ADVANCED_FACE('',(#14952),#14036,.T.);
#14952 = FACE_BOUND('',#14953,.T.);
#14953 = EDGE_LOOP('',(#14954,#14977,#14998,#14999));
#14954 = ORIENTED_EDGE('',*,*,#14955,.F.);
#14955 = EDGE_CURVE('',#14956,#14568,#14958,.T.);
#14956 = VERTEX_POINT('',#14957);
#14957 = CARTESIAN_POINT('',(3.2,0.4,0.3));
#14958 = SURFACE_CURVE('',#14959,(#14963,#14970),.PCURVE_S1.);
#14959 = LINE('',#14960,#14961);
#14960 = CARTESIAN_POINT('',(3.2,0.4,0.3));
#14961 = VECTOR('',#14962,1.);
#14962 = DIRECTION('',(1.,0.,0.));
#14963 = PCURVE('',#14036,#14964);
#14964 = DEFINITIONAL_REPRESENTATION('',(#14965),#14969);
#14965 = LINE('',#14966,#14967);
#14966 = CARTESIAN_POINT('',(0.,0.));
#14967 = VECTOR('',#14968,1.);
#14968 = DIRECTION('',(0.,1.));
#14969 = ( GEOMETRIC_REPRESENTATION_CONTEXT(2)
PARAMETRIC_REPRESENTATION_CONTEXT() REPRESENTATION_CONTEXT('2D SPACE',''
  ) );
#14970 = PCURVE('',#14508,#14971);
#14971 = DEFINITIONAL_REPRESENTATION('',(#14972),#14976);
#14972 = LINE('',#14973,#14974);
#14973 = CARTESIAN_POINT('',(0.,0.8));
#14974 = VECTOR('',#14975,1.);
#14975 = DIRECTION('',(1.,0.));
#14976 = ( GEOMETRIC_REPRESENTATION_CONTEXT(2)
PARAMETRIC_REPRESENTATION_CONTEXT() REPRESENTATION_CONTEXT('2D SPACE',''
  ) );
#14977 = ORIENTED_EDGE('',*,*,#14978,.T.);
#14978 = EDGE_CURVE('',#14956,#13993,#14979,.T.);
#14979 = SURFACE_CURVE('',#14980,(#14984,#14991),.PCURVE_S1.);
#14980 = LINE('',#14981,#14982);
#14981 = CARTESIAN_POINT('',(3.2,0.4,0.3));
#14982 = VECTOR('',#14983,1.);
#14983 = DIRECTION('',(0.,0.,1.));
#14984 = PCURVE('',#14036,#14985);
#14985 = DEFINITIONAL_REPRESENTATION('',(#14986),#14990);
#14986 = LINE('',#14987,#14988);
#14987 = CARTESIAN_POINT('',(0.,0.));
#14988 = VECTOR('',#14989,1.);
#14989 = DIRECTION('',(1.,0.));
#14990 = ( GEOMETRIC_REPRESENTATION_CONTEXT(2)
PARAMETRIC_REPRESENTATION_CONTEXT() REPRESENTATION_CONTEXT('2D SPACE',''
  ) );
#14991 = PCURVE('',#14008,#14992);
#14992 = DEFINITIONAL_REPRESENTATION('',(#14993),#14997);
#14993 = LINE('',#14994,#14995);
#14994 = CARTESIAN_POINT('',(0.,-0.8));
#14995 = VECTOR('',#14996,1.);
#14996 = DIRECTION('',(1.,0.));
#14997 = ( GEOMETRIC_REPRESENTATION_CONTEXT(2)
PARAMETRIC_REPRESENTATION_CONTEXT() REPRESENTATION_CONTEXT('2D SPACE',''
  ) );
#14998 = ORIENTED_EDGE('',*,*,#14020,.T.);
#14999 = ORIENTED_EDGE('',*,*,#14597,.F.);
#15000 = ADVANCED_FACE('',(#15001),#14008,.F.);
#15001 = FACE_BOUND('',#15002,.F.);
#15002 = EDGE_LOOP('',(#15003,#15004,#15005,#15026));
#15003 = ORIENTED_EDGE('',*,*,#13992,.F.);
#15004 = ORIENTED_EDGE('',*,*,#14519,.F.);
#15005 = ORIENTED_EDGE('',*,*,#15006,.T.);
#15006 = EDGE_CURVE('',#14494,#14956,#15007,.T.);
#15007 = SURFACE_CURVE('',#15008,(#15012,#15019),.PCURVE_S1.);
#15008 = LINE('',#15009,#15010);
#15009 = CARTESIAN_POINT('',(3.2,-0.4,0.3));
#15010 = VECTOR('',#15011,1.);
#15011 = DIRECTION('',(0.,1.,0.));
#15012 = PCURVE('',#14008,#15013);
#15013 = DEFINITIONAL_REPRESENTATION('',(#15014),#15018);
#15014 = LINE('',#15015,#15016);
#15015 = CARTESIAN_POINT('',(0.,0.));
#15016 = VECTOR('',#15017,1.);
#15017 = DIRECTION('',(0.,-1.));
#15018 = ( GEOMETRIC_REPRESENTATION_CONTEXT(2)
PARAMETRIC_REPRESENTATION_CONTEXT() REPRESENTATION_CONTEXT('2D SPACE',''
  ) );
#15019 = PCURVE('',#14508,#15020);
#15020 = DEFINITIONAL_REPRESENTATION('',(#15021),#15025);
#15021 = LINE('',#15022,#15023);
#15022 = CARTESIAN_POINT('',(0.,0.));
#15023 = VECTOR('',#15024,1.);
#15024 = DIRECTION('',(0.,1.));
#15025 = ( GEOMETRIC_REPRESENTATION_CONTEXT(2)
PARAMETRIC_REPRESENTATION_CONTEXT() REPRESENTATION_CONTEXT('2D SPACE',''
  ) );
#15026 = ORIENTED_EDGE('',*,*,#14978,.T.);
#15027 = ADVANCED_FACE('',(#15028),#14273,.T.);
#15028 = FACE_BOUND('',#15029,.T.);
#15029 = EDGE_LOOP('',(#15030,#15031,#15057,#15058));
#15030 = ORIENTED_EDGE('',*,*,#14931,.F.);
#15031 = ORIENTED_EDGE('',*,*,#15032,.T.);
#15032 = EDGE_CURVE('',#14901,#14674,#15033,.T.);
#15033 = SURFACE_CURVE('',#15034,(#15038,#15045),.PCURVE_S1.);
#15034 = LINE('',#15035,#15036);
#15035 = CARTESIAN_POINT('',(-1.678589838486,3.707402885327,0.3));
#15036 = VECTOR('',#15037,1.);
#15037 = DIRECTION('',(-0.866025403784,-0.5,0.));
#15038 = PCURVE('',#14273,#15039);
#15039 = DEFINITIONAL_REPRESENTATION('',(#15040),#15044);
#15040 = LINE('',#15041,#15042);
#15041 = CARTESIAN_POINT('',(0.,0.));
#15042 = VECTOR('',#15043,1.);
#15043 = DIRECTION('',(0.,-1.));
#15044 = ( GEOMETRIC_REPRESENTATION_CONTEXT(2)
PARAMETRIC_REPRESENTATION_CONTEXT() REPRESENTATION_CONTEXT('2D SPACE',''
  ) );
#15045 = PCURVE('',#15046,#15051);
#15046 = PLANE('',#15047);
#15047 = AXIS2_PLACEMENT_3D('',#15048,#15049,#15050);
#15048 = CARTESIAN_POINT('',(-1.678589838486,3.707402885327,-2.45));
#15049 = DIRECTION('',(-0.5,0.866025403784,0.));
#15050 = DIRECTION('',(0.,0.,1.));
#15051 = DEFINITIONAL_REPRESENTATION('',(#15052),#15056);
#15052 = LINE('',#15053,#15054);
#15053 = CARTESIAN_POINT('',(2.75,0.));
#15054 = VECTOR('',#15055,1.);
#15055 = DIRECTION('',(0.,-1.));
#15056 = ( GEOMETRIC_REPRESENTATION_CONTEXT(2)
PARAMETRIC_REPRESENTATION_CONTEXT() REPRESENTATION_CONTEXT('2D SPACE',''
  ) );
#15057 = ORIENTED_EDGE('',*,*,#14724,.T.);
#15058 = ORIENTED_EDGE('',*,*,#14259,.F.);
#15059 = ADVANCED_FACE('',(#15060),#14508,.F.);
#15060 = FACE_BOUND('',#15061,.F.);
#15061 = EDGE_LOOP('',(#15062,#15063,#15064,#15065));
#15062 = ORIENTED_EDGE('',*,*,#14955,.F.);
#15063 = ORIENTED_EDGE('',*,*,#15006,.F.);
#15064 = ORIENTED_EDGE('',*,*,#14493,.F.);
#15065 = ORIENTED_EDGE('',*,*,#15066,.T.);
#15066 = EDGE_CURVE('',#14468,#14568,#15067,.T.);
#15067 = SURFACE_CURVE('',#15068,(#15072,#15079),.PCURVE_S1.);
#15068 = LINE('',#15069,#15070);
#15069 = CARTESIAN_POINT('',(3.9,-0.4,0.3));
#15070 = VECTOR('',#15071,1.);
#15071 = DIRECTION('',(0.,1.,0.));
#15072 = PCURVE('',#14508,#15073);
#15073 = DEFINITIONAL_REPRESENTATION('',(#15074),#15078);
#15074 = LINE('',#15075,#15076);
#15075 = CARTESIAN_POINT('',(0.7,0.));
#15076 = VECTOR('',#15077,1.);
#15077 = DIRECTION('',(0.,1.));
#15078 = ( GEOMETRIC_REPRESENTATION_CONTEXT(2)
PARAMETRIC_REPRESENTATION_CONTEXT() REPRESENTATION_CONTEXT('2D SPACE',''
  ) );
#15079 = PCURVE('',#14482,#15080);
#15080 = DEFINITIONAL_REPRESENTATION('',(#15081),#15085);
#15081 = LINE('',#15082,#15083);
#15082 = CARTESIAN_POINT('',(2.75,0.));
#15083 = VECTOR('',#15084,1.);
#15084 = DIRECTION('',(0.,-1.));
#15085 = ( GEOMETRIC_REPRESENTATION_CONTEXT(2)
PARAMETRIC_REPRESENTATION_CONTEXT() REPRESENTATION_CONTEXT('2D SPACE',''
  ) );
#15086 = ADVANCED_FACE('',(#15087),#14482,.F.);
#15087 = FACE_BOUND('',#15088,.F.);
#15088 = EDGE_LOOP('',(#15089,#15090,#15113,#15134));
#15089 = ORIENTED_EDGE('',*,*,#14467,.F.);
#15090 = ORIENTED_EDGE('',*,*,#15091,.F.);
#15091 = EDGE_CURVE('',#15092,#14442,#15094,.T.);
#15092 = VERTEX_POINT('',#15093);
#15093 = CARTESIAN_POINT('',(3.9,0.4,-2.3));
#15094 = SURFACE_CURVE('',#15095,(#15099,#15106),.PCURVE_S1.);
#15095 = LINE('',#15096,#15097);
#15096 = CARTESIAN_POINT('',(3.9,-0.4,-2.3));
#15097 = VECTOR('',#15098,1.);
#15098 = DIRECTION('',(0.,-1.,0.));
#15099 = PCURVE('',#14482,#15100);
#15100 = DEFINITIONAL_REPRESENTATION('',(#15101),#15105);
#15101 = LINE('',#15102,#15103);
#15102 = CARTESIAN_POINT('',(0.15,0.));
#15103 = VECTOR('',#15104,1.);
#15104 = DIRECTION('',(0.,1.));
#15105 = ( GEOMETRIC_REPRESENTATION_CONTEXT(2)
PARAMETRIC_REPRESENTATION_CONTEXT() REPRESENTATION_CONTEXT('2D SPACE',''
  ) );
#15106 = PCURVE('',#14456,#15107);
#15107 = DEFINITIONAL_REPRESENTATION('',(#15108),#15112);
#15108 = LINE('',#15109,#15110);
#15109 = CARTESIAN_POINT('',(0.6,0.));
#15110 = VECTOR('',#15111,1.);
#15111 = DIRECTION('',(0.,-1.));
#15112 = ( GEOMETRIC_REPRESENTATION_CONTEXT(2)
PARAMETRIC_REPRESENTATION_CONTEXT() REPRESENTATION_CONTEXT('2D SPACE',''
  ) );
#15113 = ORIENTED_EDGE('',*,*,#15114,.T.);
#15114 = EDGE_CURVE('',#15092,#14568,#15115,.T.);
#15115 = SURFACE_CURVE('',#15116,(#15120,#15127),.PCURVE_S1.);
#15116 = LINE('',#15117,#15118);
#15117 = CARTESIAN_POINT('',(3.9,0.4,-2.45));
#15118 = VECTOR('',#15119,1.);
#15119 = DIRECTION('',(0.,0.,1.));
#15120 = PCURVE('',#14482,#15121);
#15121 = DEFINITIONAL_REPRESENTATION('',(#15122),#15126);
#15122 = LINE('',#15123,#15124);
#15123 = CARTESIAN_POINT('',(0.,-0.8));
#15124 = VECTOR('',#15125,1.);
#15125 = DIRECTION('',(1.,0.));
#15126 = ( GEOMETRIC_REPRESENTATION_CONTEXT(2)
PARAMETRIC_REPRESENTATION_CONTEXT() REPRESENTATION_CONTEXT('2D SPACE',''
  ) );
#15127 = PCURVE('',#14585,#15128);
#15128 = DEFINITIONAL_REPRESENTATION('',(#15129),#15133);
#15129 = LINE('',#15130,#15131);
#15130 = CARTESIAN_POINT('',(0.,0.));
#15131 = VECTOR('',#15132,1.);
#15132 = DIRECTION('',(1.,0.));
#15133 = ( GEOMETRIC_REPRESENTATION_CONTEXT(2)
PARAMETRIC_REPRESENTATION_CONTEXT() REPRESENTATION_CONTEXT('2D SPACE',''
  ) );
#15134 = ORIENTED_EDGE('',*,*,#15066,.F.);
#15135 = ADVANCED_FACE('',(#15136),#14456,.T.);
#15136 = FACE_BOUND('',#15137,.T.);
#15137 = EDGE_LOOP('',(#15138,#15166,#15187,#15188));
#15138 = ORIENTED_EDGE('',*,*,#15139,.F.);
#15139 = EDGE_CURVE('',#15140,#15092,#15142,.T.);
#15140 = VERTEX_POINT('',#15141);
#15141 = CARTESIAN_POINT('',(3.3,0.4,-2.3));
#15142 = SURFACE_CURVE('',#15143,(#15147,#15154),.PCURVE_S1.);
#15143 = LINE('',#15144,#15145);
#15144 = CARTESIAN_POINT('',(3.3,0.4,-2.3));
#15145 = VECTOR('',#15146,1.);
#15146 = DIRECTION('',(1.,0.,0.));
#15147 = PCURVE('',#14456,#15148);
#15148 = DEFINITIONAL_REPRESENTATION('',(#15149),#15153);
#15149 = LINE('',#15150,#15151);
#15150 = CARTESIAN_POINT('',(0.,0.8));
#15151 = VECTOR('',#15152,1.);
#15152 = DIRECTION('',(1.,0.));
#15153 = ( GEOMETRIC_REPRESENTATION_CONTEXT(2)
PARAMETRIC_REPRESENTATION_CONTEXT() REPRESENTATION_CONTEXT('2D SPACE',''
  ) );
#15154 = PCURVE('',#15155,#15160);
#15155 = PLANE('',#15156);
#15156 = AXIS2_PLACEMENT_3D('',#15157,#15158,#15159);
#15157 = CARTESIAN_POINT('',(3.3,0.4,-2.45));
#15158 = DIRECTION('',(0.,1.,0.));
#15159 = DIRECTION('',(0.,0.,1.));
#15160 = DEFINITIONAL_REPRESENTATION('',(#15161),#15165);
#15161 = LINE('',#15162,#15163);
#15162 = CARTESIAN_POINT('',(0.15,0.));
#15163 = VECTOR('',#15164,1.);
#15164 = DIRECTION('',(0.,1.));
#15165 = ( GEOMETRIC_REPRESENTATION_CONTEXT(2)
PARAMETRIC_REPRESENTATION_CONTEXT() REPRESENTATION_CONTEXT('2D SPACE',''
  ) );
#15166 = ORIENTED_EDGE('',*,*,#15167,.F.);
#15167 = EDGE_CURVE('',#14416,#15140,#15168,.T.);
#15168 = SURFACE_CURVE('',#15169,(#15173,#15180),.PCURVE_S1.);
#15169 = LINE('',#15170,#15171);
#15170 = CARTESIAN_POINT('',(3.3,-0.4,-2.3));
#15171 = VECTOR('',#15172,1.);
#15172 = DIRECTION('',(0.,1.,0.));
#15173 = PCURVE('',#14456,#15174);
#15174 = DEFINITIONAL_REPRESENTATION('',(#15175),#15179);
#15175 = LINE('',#15176,#15177);
#15176 = CARTESIAN_POINT('',(0.,0.));
#15177 = VECTOR('',#15178,1.);
#15178 = DIRECTION('',(0.,1.));
#15179 = ( GEOMETRIC_REPRESENTATION_CONTEXT(2)
PARAMETRIC_REPRESENTATION_CONTEXT() REPRESENTATION_CONTEXT('2D SPACE',''
  ) );
#15180 = PCURVE('',#14430,#15181);
#15181 = DEFINITIONAL_REPRESENTATION('',(#15182),#15186);
#15182 = LINE('',#15183,#15184);
#15183 = CARTESIAN_POINT('',(0.15,0.));
#15184 = VECTOR('',#15185,1.);
#15185 = DIRECTION('',(0.,-1.));
#15186 = ( GEOMETRIC_REPRESENTATION_CONTEXT(2)
PARAMETRIC_REPRESENTATION_CONTEXT() REPRESENTATION_CONTEXT('2D SPACE',''
  ) );
#15187 = ORIENTED_EDGE('',*,*,#14441,.F.);
#15188 = ORIENTED_EDGE('',*,*,#15091,.F.);
#15189 = ADVANCED_FACE('',(#15190),#14430,.F.);
#15190 = FACE_BOUND('',#15191,.F.);
#15191 = EDGE_LOOP('',(#15192,#15193,#15194,#15217));
#15192 = ORIENTED_EDGE('',*,*,#15167,.F.);
#15193 = ORIENTED_EDGE('',*,*,#14415,.F.);
#15194 = ORIENTED_EDGE('',*,*,#15195,.T.);
#15195 = EDGE_CURVE('',#14390,#15196,#15198,.T.);
#15196 = VERTEX_POINT('',#15197);
#15197 = CARTESIAN_POINT('',(3.3,0.4,-2.45));
#15198 = SURFACE_CURVE('',#15199,(#15203,#15210),.PCURVE_S1.);
#15199 = LINE('',#15200,#15201);
#15200 = CARTESIAN_POINT('',(3.3,-0.4,-2.45));
#15201 = VECTOR('',#15202,1.);
#15202 = DIRECTION('',(0.,1.,0.));
#15203 = PCURVE('',#14430,#15204);
#15204 = DEFINITIONAL_REPRESENTATION('',(#15205),#15209);
#15205 = LINE('',#15206,#15207);
#15206 = CARTESIAN_POINT('',(0.,0.));
#15207 = VECTOR('',#15208,1.);
#15208 = DIRECTION('',(0.,-1.));
#15209 = ( GEOMETRIC_REPRESENTATION_CONTEXT(2)
PARAMETRIC_REPRESENTATION_CONTEXT() REPRESENTATION_CONTEXT('2D SPACE',''
  ) );
#15210 = PCURVE('',#14404,#15211);
#15211 = DEFINITIONAL_REPRESENTATION('',(#15212),#15216);
#15212 = LINE('',#15213,#15214);
#15213 = CARTESIAN_POINT('',(0.,0.));
#15214 = VECTOR('',#15215,1.);
#15215 = DIRECTION('',(0.,1.));
#15216 = ( GEOMETRIC_REPRESENTATION_CONTEXT(2)
PARAMETRIC_REPRESENTATION_CONTEXT() REPRESENTATION_CONTEXT('2D SPACE',''
  ) );
#15217 = ORIENTED_EDGE('',*,*,#15218,.T.);
#15218 = EDGE_CURVE('',#15196,#15140,#15219,.T.);
#15219 = SURFACE_CURVE('',#15220,(#15224,#15231),.PCURVE_S1.);
#15220 = LINE('',#15221,#15222);
#15221 = CARTESIAN_POINT('',(3.3,0.4,-2.45));
#15222 = VECTOR('',#15223,1.);
#15223 = DIRECTION('',(0.,0.,1.));
#15224 = PCURVE('',#14430,#15225);
#15225 = DEFINITIONAL_REPRESENTATION('',(#15226),#15230);
#15226 = LINE('',#15227,#15228);
#15227 = CARTESIAN_POINT('',(0.,-0.8));
#15228 = VECTOR('',#15229,1.);
#15229 = DIRECTION('',(1.,0.));
#15230 = ( GEOMETRIC_REPRESENTATION_CONTEXT(2)
PARAMETRIC_REPRESENTATION_CONTEXT() REPRESENTATION_CONTEXT('2D SPACE',''
  ) );
#15231 = PCURVE('',#15155,#15232);
#15232 = DEFINITIONAL_REPRESENTATION('',(#15233),#15237);
#15233 = LINE('',#15234,#15235);
#15234 = CARTESIAN_POINT('',(0.,0.));
#15235 = VECTOR('',#15236,1.);
#15236 = DIRECTION('',(1.,0.));
#15237 = ( GEOMETRIC_REPRESENTATION_CONTEXT(2)
PARAMETRIC_REPRESENTATION_CONTEXT() REPRESENTATION_CONTEXT('2D SPACE',''
  ) );
#15238 = ADVANCED_FACE('',(#15239),#14404,.F.);
#15239 = FACE_BOUND('',#15240,.F.);
#15240 = EDGE_LOOP('',(#15241,#15264,#15265,#15266));
#15241 = ORIENTED_EDGE('',*,*,#15242,.F.);
#15242 = EDGE_CURVE('',#15196,#15243,#15245,.T.);
#15243 = VERTEX_POINT('',#15244);
#15244 = CARTESIAN_POINT('',(3.9,0.4,-2.45));
#15245 = SURFACE_CURVE('',#15246,(#15250,#15257),.PCURVE_S1.);
#15246 = LINE('',#15247,#15248);
#15247 = CARTESIAN_POINT('',(3.3,0.4,-2.45));
#15248 = VECTOR('',#15249,1.);
#15249 = DIRECTION('',(1.,0.,0.));
#15250 = PCURVE('',#14404,#15251);
#15251 = DEFINITIONAL_REPRESENTATION('',(#15252),#15256);
#15252 = LINE('',#15253,#15254);
#15253 = CARTESIAN_POINT('',(0.,0.8));
#15254 = VECTOR('',#15255,1.);
#15255 = DIRECTION('',(1.,0.));
#15256 = ( GEOMETRIC_REPRESENTATION_CONTEXT(2)
PARAMETRIC_REPRESENTATION_CONTEXT() REPRESENTATION_CONTEXT('2D SPACE',''
  ) );
#15257 = PCURVE('',#15155,#15258);
#15258 = DEFINITIONAL_REPRESENTATION('',(#15259),#15263);
#15259 = LINE('',#15260,#15261);
#15260 = CARTESIAN_POINT('',(0.,0.));
#15261 = VECTOR('',#15262,1.);
#15262 = DIRECTION('',(0.,1.));
#15263 = ( GEOMETRIC_REPRESENTATION_CONTEXT(2)
PARAMETRIC_REPRESENTATION_CONTEXT() REPRESENTATION_CONTEXT('2D SPACE',''
  ) );
#15264 = ORIENTED_EDGE('',*,*,#15195,.F.);
#15265 = ORIENTED_EDGE('',*,*,#14389,.F.);
#15266 = ORIENTED_EDGE('',*,*,#15267,.T.);
#15267 = EDGE_CURVE('',#14364,#15243,#15268,.T.);
#15268 = SURFACE_CURVE('',#15269,(#15273,#15280),.PCURVE_S1.);
#15269 = LINE('',#15270,#15271);
#15270 = CARTESIAN_POINT('',(3.9,-0.4,-2.45));
#15271 = VECTOR('',#15272,1.);
#15272 = DIRECTION('',(0.,1.,0.));
#15273 = PCURVE('',#14404,#15274);
#15274 = DEFINITIONAL_REPRESENTATION('',(#15275),#15279);
#15275 = LINE('',#15276,#15277);
#15276 = CARTESIAN_POINT('',(0.6,0.));
#15277 = VECTOR('',#15278,1.);
#15278 = DIRECTION('',(0.,1.));
#15279 = ( GEOMETRIC_REPRESENTATION_CONTEXT(2)
PARAMETRIC_REPRESENTATION_CONTEXT() REPRESENTATION_CONTEXT('2D SPACE',''
  ) );
#15280 = PCURVE('',#14378,#15281);
#15281 = DEFINITIONAL_REPRESENTATION('',(#15282),#15286);
#15282 = LINE('',#15283,#15284);
#15283 = CARTESIAN_POINT('',(0.,0.));
#15284 = VECTOR('',#15285,1.);
#15285 = DIRECTION('',(0.,1.));
#15286 = ( GEOMETRIC_REPRESENTATION_CONTEXT(2)
PARAMETRIC_REPRESENTATION_CONTEXT() REPRESENTATION_CONTEXT('2D SPACE',''
  ) );
#15287 = ADVANCED_FACE('',(#15288),#14378,.F.);
#15288 = FACE_BOUND('',#15289,.F.);
#15289 = EDGE_LOOP('',(#15290,#15291,#15292,#15315));
#15290 = ORIENTED_EDGE('',*,*,#15267,.F.);
#15291 = ORIENTED_EDGE('',*,*,#14363,.F.);
#15292 = ORIENTED_EDGE('',*,*,#15293,.T.);
#15293 = EDGE_CURVE('',#14338,#15294,#15296,.T.);
#15294 = VERTEX_POINT('',#15295);
#15295 = CARTESIAN_POINT('',(4.05,0.4,-2.45));
#15296 = SURFACE_CURVE('',#15297,(#15301,#15308),.PCURVE_S1.);
#15297 = LINE('',#15298,#15299);
#15298 = CARTESIAN_POINT('',(4.05,-0.4,-2.45));
#15299 = VECTOR('',#15300,1.);
#15300 = DIRECTION('',(0.,1.,0.));
#15301 = PCURVE('',#14378,#15302);
#15302 = DEFINITIONAL_REPRESENTATION('',(#15303),#15307);
#15303 = LINE('',#15304,#15305);
#15304 = CARTESIAN_POINT('',(0.15,0.));
#15305 = VECTOR('',#15306,1.);
#15306 = DIRECTION('',(0.,1.));
#15307 = ( GEOMETRIC_REPRESENTATION_CONTEXT(2)
PARAMETRIC_REPRESENTATION_CONTEXT() REPRESENTATION_CONTEXT('2D SPACE',''
  ) );
#15308 = PCURVE('',#14352,#15309);
#15309 = DEFINITIONAL_REPRESENTATION('',(#15310),#15314);
#15310 = LINE('',#15311,#15312);
#15311 = CARTESIAN_POINT('',(0.,0.));
#15312 = VECTOR('',#15313,1.);
#15313 = DIRECTION('',(0.,-1.));
#15314 = ( GEOMETRIC_REPRESENTATION_CONTEXT(2)
PARAMETRIC_REPRESENTATION_CONTEXT() REPRESENTATION_CONTEXT('2D SPACE',''
  ) );
#15315 = ORIENTED_EDGE('',*,*,#15316,.F.);
#15316 = EDGE_CURVE('',#15243,#15294,#15317,.T.);
#15317 = SURFACE_CURVE('',#15318,(#15322,#15329),.PCURVE_S1.);
#15318 = LINE('',#15319,#15320);
#15319 = CARTESIAN_POINT('',(3.9,0.4,-2.45));
#15320 = VECTOR('',#15321,1.);
#15321 = DIRECTION('',(1.,0.,0.));
#15322 = PCURVE('',#14378,#15323);
#15323 = DEFINITIONAL_REPRESENTATION('',(#15324),#15328);
#15324 = LINE('',#15325,#15326);
#15325 = CARTESIAN_POINT('',(0.,0.8));
#15326 = VECTOR('',#15327,1.);
#15327 = DIRECTION('',(1.,0.));
#15328 = ( GEOMETRIC_REPRESENTATION_CONTEXT(2)
PARAMETRIC_REPRESENTATION_CONTEXT() REPRESENTATION_CONTEXT('2D SPACE',''
  ) );
#15329 = PCURVE('',#15330,#15335);
#15330 = PLANE('',#15331);
#15331 = AXIS2_PLACEMENT_3D('',#15332,#15333,#15334);
#15332 = CARTESIAN_POINT('',(3.9,0.4,-2.45));
#15333 = DIRECTION('',(0.,1.,0.));
#15334 = DIRECTION('',(0.,0.,1.));
#15335 = DEFINITIONAL_REPRESENTATION('',(#15336),#15340);
#15336 = LINE('',#15337,#15338);
#15337 = CARTESIAN_POINT('',(0.,0.));
#15338 = VECTOR('',#15339,1.);
#15339 = DIRECTION('',(0.,1.));
#15340 = ( GEOMETRIC_REPRESENTATION_CONTEXT(2)
PARAMETRIC_REPRESENTATION_CONTEXT() REPRESENTATION_CONTEXT('2D SPACE',''
  ) );
#15341 = ADVANCED_FACE('',(#15342),#14352,.T.);
#15342 = FACE_BOUND('',#15343,.T.);
#15343 = EDGE_LOOP('',(#15344,#15345,#15346,#15369));
#15344 = ORIENTED_EDGE('',*,*,#14337,.F.);
#15345 = ORIENTED_EDGE('',*,*,#15293,.T.);
#15346 = ORIENTED_EDGE('',*,*,#15347,.T.);
#15347 = EDGE_CURVE('',#15294,#15348,#15350,.T.);
#15348 = VERTEX_POINT('',#15349);
#15349 = CARTESIAN_POINT('',(4.05,0.4,-2.3));
#15350 = SURFACE_CURVE('',#15351,(#15355,#15362),.PCURVE_S1.);
#15351 = LINE('',#15352,#15353);
#15352 = CARTESIAN_POINT('',(4.05,0.4,-2.45));
#15353 = VECTOR('',#15354,1.);
#15354 = DIRECTION('',(0.,0.,1.));
#15355 = PCURVE('',#14352,#15356);
#15356 = DEFINITIONAL_REPRESENTATION('',(#15357),#15361);
#15357 = LINE('',#15358,#15359);
#15358 = CARTESIAN_POINT('',(0.,-0.8));
#15359 = VECTOR('',#15360,1.);
#15360 = DIRECTION('',(1.,0.));
#15361 = ( GEOMETRIC_REPRESENTATION_CONTEXT(2)
PARAMETRIC_REPRESENTATION_CONTEXT() REPRESENTATION_CONTEXT('2D SPACE',''
  ) );
#15362 = PCURVE('',#15330,#15363);
#15363 = DEFINITIONAL_REPRESENTATION('',(#15364),#15368);
#15364 = LINE('',#15365,#15366);
#15365 = CARTESIAN_POINT('',(0.,0.15));
#15366 = VECTOR('',#15367,1.);
#15367 = DIRECTION('',(1.,0.));
#15368 = ( GEOMETRIC_REPRESENTATION_CONTEXT(2)
PARAMETRIC_REPRESENTATION_CONTEXT() REPRESENTATION_CONTEXT('2D SPACE',''
  ) );
#15369 = ORIENTED_EDGE('',*,*,#15370,.F.);
#15370 = EDGE_CURVE('',#14312,#15348,#15371,.T.);
#15371 = SURFACE_CURVE('',#15372,(#15376,#15383),.PCURVE_S1.);
#15372 = LINE('',#15373,#15374);
#15373 = CARTESIAN_POINT('',(4.05,-0.4,-2.3));
#15374 = VECTOR('',#15375,1.);
#15375 = DIRECTION('',(0.,1.,0.));
#15376 = PCURVE('',#14352,#15377);
#15377 = DEFINITIONAL_REPRESENTATION('',(#15378),#15382);
#15378 = LINE('',#15379,#15380);
#15379 = CARTESIAN_POINT('',(0.15,0.));
#15380 = VECTOR('',#15381,1.);
#15381 = DIRECTION('',(0.,-1.));
#15382 = ( GEOMETRIC_REPRESENTATION_CONTEXT(2)
PARAMETRIC_REPRESENTATION_CONTEXT() REPRESENTATION_CONTEXT('2D SPACE',''
  ) );
#15383 = PCURVE('',#14326,#15384);
#15384 = DEFINITIONAL_REPRESENTATION('',(#15385),#15389);
#15385 = LINE('',#15386,#15387);
#15386 = CARTESIAN_POINT('',(0.15,0.));
#15387 = VECTOR('',#15388,1.);
#15388 = DIRECTION('',(0.,-1.));
#15389 = ( GEOMETRIC_REPRESENTATION_CONTEXT(2)
PARAMETRIC_REPRESENTATION_CONTEXT() REPRESENTATION_CONTEXT('2D SPACE',''
  ) );
#15390 = ADVANCED_FACE('',(#15391),#14326,.T.);
#15391 = FACE_BOUND('',#15392,.T.);
#15392 = EDGE_LOOP('',(#15393,#15394,#15395,#15416));
#15393 = ORIENTED_EDGE('',*,*,#14311,.F.);
#15394 = ORIENTED_EDGE('',*,*,#15370,.T.);
#15395 = ORIENTED_EDGE('',*,*,#15396,.T.);
#15396 = EDGE_CURVE('',#15348,#14570,#15397,.T.);
#15397 = SURFACE_CURVE('',#15398,(#15402,#15409),.PCURVE_S1.);
#15398 = LINE('',#15399,#15400);
#15399 = CARTESIAN_POINT('',(4.05,0.4,-2.45));
#15400 = VECTOR('',#15401,1.);
#15401 = DIRECTION('',(0.,0.,1.));
#15402 = PCURVE('',#14326,#15403);
#15403 = DEFINITIONAL_REPRESENTATION('',(#15404),#15408);
#15404 = LINE('',#15405,#15406);
#15405 = CARTESIAN_POINT('',(0.,-0.8));
#15406 = VECTOR('',#15407,1.);
#15407 = DIRECTION('',(1.,0.));
#15408 = ( GEOMETRIC_REPRESENTATION_CONTEXT(2)
PARAMETRIC_REPRESENTATION_CONTEXT() REPRESENTATION_CONTEXT('2D SPACE',''
  ) );
#15409 = PCURVE('',#14585,#15410);
#15410 = DEFINITIONAL_REPRESENTATION('',(#15411),#15415);
#15411 = LINE('',#15412,#15413);
#15412 = CARTESIAN_POINT('',(0.,0.15));
#15413 = VECTOR('',#15414,1.);
#15414 = DIRECTION('',(1.,0.));
#15415 = ( GEOMETRIC_REPRESENTATION_CONTEXT(2)
PARAMETRIC_REPRESENTATION_CONTEXT() REPRESENTATION_CONTEXT('2D SPACE',''
  ) );
#15416 = ORIENTED_EDGE('',*,*,#14645,.F.);
#15417 = ADVANCED_FACE('',(#15418),#14585,.T.);
#15418 = FACE_BOUND('',#15419,.T.);
#15419 = EDGE_LOOP('',(#15420,#15421,#15442,#15443));
#15420 = ORIENTED_EDGE('',*,*,#15396,.F.);
#15421 = ORIENTED_EDGE('',*,*,#15422,.F.);
#15422 = EDGE_CURVE('',#15092,#15348,#15423,.T.);
#15423 = SURFACE_CURVE('',#15424,(#15428,#15435),.PCURVE_S1.);
#15424 = LINE('',#15425,#15426);
#15425 = CARTESIAN_POINT('',(3.3,0.4,-2.3));
#15426 = VECTOR('',#15427,1.);
#15427 = DIRECTION('',(1.,0.,0.));
#15428 = PCURVE('',#14585,#15429);
#15429 = DEFINITIONAL_REPRESENTATION('',(#15430),#15434);
#15430 = LINE('',#15431,#15432);
#15431 = CARTESIAN_POINT('',(0.15,-0.6));
#15432 = VECTOR('',#15433,1.);
#15433 = DIRECTION('',(0.,1.));
#15434 = ( GEOMETRIC_REPRESENTATION_CONTEXT(2)
PARAMETRIC_REPRESENTATION_CONTEXT() REPRESENTATION_CONTEXT('2D SPACE',''
  ) );
#15435 = PCURVE('',#15330,#15436);
#15436 = DEFINITIONAL_REPRESENTATION('',(#15437),#15441);
#15437 = LINE('',#15438,#15439);
#15438 = CARTESIAN_POINT('',(0.15,-0.6));
#15439 = VECTOR('',#15440,1.);
#15440 = DIRECTION('',(0.,1.));
#15441 = ( GEOMETRIC_REPRESENTATION_CONTEXT(2)
PARAMETRIC_REPRESENTATION_CONTEXT() REPRESENTATION_CONTEXT('2D SPACE',''
  ) );
#15442 = ORIENTED_EDGE('',*,*,#15114,.T.);
#15443 = ORIENTED_EDGE('',*,*,#14567,.T.);
#15444 = ADVANCED_FACE('',(#15445),#14689,.T.);
#15445 = FACE_BOUND('',#15446,.T.);
#15446 = EDGE_LOOP('',(#15447,#15470,#15498,#15524));
#15447 = ORIENTED_EDGE('',*,*,#15448,.F.);
#15448 = EDGE_CURVE('',#15449,#14674,#15451,.T.);
#15449 = VERTEX_POINT('',#15450);
#15450 = CARTESIAN_POINT('',(-2.371410161514,3.307402885327,-2.3));
#15451 = SURFACE_CURVE('',#15452,(#15456,#15463),.PCURVE_S1.);
#15452 = LINE('',#15453,#15454);
#15453 = CARTESIAN_POINT('',(-2.371410161514,3.307402885327,-2.45));
#15454 = VECTOR('',#15455,1.);
#15455 = DIRECTION('',(0.,0.,1.));
#15456 = PCURVE('',#14689,#15457);
#15457 = DEFINITIONAL_REPRESENTATION('',(#15458),#15462);
#15458 = LINE('',#15459,#15460);
#15459 = CARTESIAN_POINT('',(0.,0.15));
#15460 = VECTOR('',#15461,1.);
#15461 = DIRECTION('',(1.,0.));
#15462 = ( GEOMETRIC_REPRESENTATION_CONTEXT(2)
PARAMETRIC_REPRESENTATION_CONTEXT() REPRESENTATION_CONTEXT('2D SPACE',''
  ) );
#15463 = PCURVE('',#15046,#15464);
#15464 = DEFINITIONAL_REPRESENTATION('',(#15465),#15469);
#15465 = LINE('',#15466,#15467);
#15466 = CARTESIAN_POINT('',(0.,-0.8));
#15467 = VECTOR('',#15468,1.);
#15468 = DIRECTION('',(1.,0.));
#15469 = ( GEOMETRIC_REPRESENTATION_CONTEXT(2)
PARAMETRIC_REPRESENTATION_CONTEXT() REPRESENTATION_CONTEXT('2D SPACE',''
  ) );
#15470 = ORIENTED_EDGE('',*,*,#15471,.F.);
#15471 = EDGE_CURVE('',#15472,#15449,#15474,.T.);
#15472 = VERTEX_POINT('',#15473);
#15473 = CARTESIAN_POINT('',(-2.296410161514,3.177499074759,-2.3));
#15474 = SURFACE_CURVE('',#15475,(#15479,#15486),.PCURVE_S1.);
#15475 = LINE('',#15476,#15477);
#15476 = CARTESIAN_POINT('',(-1.996410161514,2.657883832489,-2.3));
#15477 = VECTOR('',#15478,1.);
#15478 = DIRECTION('',(-0.5,0.866025403784,0.));
#15479 = PCURVE('',#14689,#15480);
#15480 = DEFINITIONAL_REPRESENTATION('',(#15481),#15485);
#15481 = LINE('',#15482,#15483);
#15482 = CARTESIAN_POINT('',(0.15,-0.6));
#15483 = VECTOR('',#15484,1.);
#15484 = DIRECTION('',(0.,1.));
#15485 = ( GEOMETRIC_REPRESENTATION_CONTEXT(2)
PARAMETRIC_REPRESENTATION_CONTEXT() REPRESENTATION_CONTEXT('2D SPACE',''
  ) );
#15486 = PCURVE('',#15487,#15492);
#15487 = PLANE('',#15488);
#15488 = AXIS2_PLACEMENT_3D('',#15489,#15490,#15491);
#15489 = CARTESIAN_POINT('',(-2.296410161514,3.177499074759,-2.45));
#15490 = DIRECTION('',(-0.866025403784,-0.5,0.));
#15491 = DIRECTION('',(0.,0.,1.));
#15492 = DEFINITIONAL_REPRESENTATION('',(#15493),#15497);
#15493 = LINE('',#15494,#15495);
#15494 = CARTESIAN_POINT('',(0.15,-0.6));
#15495 = VECTOR('',#15496,1.);
#15496 = DIRECTION('',(0.,1.));
#15497 = ( GEOMETRIC_REPRESENTATION_CONTEXT(2)
PARAMETRIC_REPRESENTATION_CONTEXT() REPRESENTATION_CONTEXT('2D SPACE',''
  ) );
#15498 = ORIENTED_EDGE('',*,*,#15499,.T.);
#15499 = EDGE_CURVE('',#15472,#14672,#15500,.T.);
#15500 = SURFACE_CURVE('',#15501,(#15505,#15512),.PCURVE_S1.);
#15501 = LINE('',#15502,#15503);
#15502 = CARTESIAN_POINT('',(-2.296410161514,3.177499074759,-2.45));
#15503 = VECTOR('',#15504,1.);
#15504 = DIRECTION('',(0.,0.,1.));
#15505 = PCURVE('',#14689,#15506);
#15506 = DEFINITIONAL_REPRESENTATION('',(#15507),#15511);
#15507 = LINE('',#15508,#15509);
#15508 = CARTESIAN_POINT('',(0.,0.));
#15509 = VECTOR('',#15510,1.);
#15510 = DIRECTION('',(1.,0.));
#15511 = ( GEOMETRIC_REPRESENTATION_CONTEXT(2)
PARAMETRIC_REPRESENTATION_CONTEXT() REPRESENTATION_CONTEXT('2D SPACE',''
  ) );
#15512 = PCURVE('',#15513,#15518);
#15513 = PLANE('',#15514);
#15514 = AXIS2_PLACEMENT_3D('',#15515,#15516,#15517);
#15515 = CARTESIAN_POINT('',(-1.603589838486,3.577499074759,-2.45));
#15516 = DIRECTION('',(-0.5,0.866025403784,0.));
#15517 = DIRECTION('',(0.,0.,1.));
#15518 = DEFINITIONAL_REPRESENTATION('',(#15519),#15523);
#15519 = LINE('',#15520,#15521);
#15520 = CARTESIAN_POINT('',(0.,-0.8));
#15521 = VECTOR('',#15522,1.);
#15522 = DIRECTION('',(1.,0.));
#15523 = ( GEOMETRIC_REPRESENTATION_CONTEXT(2)
PARAMETRIC_REPRESENTATION_CONTEXT() REPRESENTATION_CONTEXT('2D SPACE',''
  ) );
#15524 = ORIENTED_EDGE('',*,*,#14671,.T.);
#15525 = ADVANCED_FACE('',(#15526),#14764,.F.);
#15526 = FACE_BOUND('',#15527,.F.);
#15527 = EDGE_LOOP('',(#15528,#15529,#15530,#15531));
#15528 = ORIENTED_EDGE('',*,*,#14748,.F.);
#15529 = ORIENTED_EDGE('',*,*,#14825,.F.);
#15530 = ORIENTED_EDGE('',*,*,#14851,.T.);
#15531 = ORIENTED_EDGE('',*,*,#15532,.T.);
#15532 = EDGE_CURVE('',#14852,#14672,#15533,.T.);
#15533 = SURFACE_CURVE('',#15534,(#15538,#15545),.PCURVE_S1.);
#15534 = LINE('',#15535,#15536);
#15535 = CARTESIAN_POINT('',(-1.603589838486,3.577499074759,0.3));
#15536 = VECTOR('',#15537,1.);
#15537 = DIRECTION('',(-0.866025403784,-0.5,0.));
#15538 = PCURVE('',#14764,#15539);
#15539 = DEFINITIONAL_REPRESENTATION('',(#15540),#15544);
#15540 = LINE('',#15541,#15542);
#15541 = CARTESIAN_POINT('',(0.7,-4.122050391133E-17));
#15542 = VECTOR('',#15543,1.);
#15543 = DIRECTION('',(2.231125221501E-17,1.));
#15544 = ( GEOMETRIC_REPRESENTATION_CONTEXT(2)
PARAMETRIC_REPRESENTATION_CONTEXT() REPRESENTATION_CONTEXT('2D SPACE',''
  ) );
#15545 = PCURVE('',#15513,#15546);
#15546 = DEFINITIONAL_REPRESENTATION('',(#15547),#15551);
#15547 = LINE('',#15548,#15549);
#15548 = CARTESIAN_POINT('',(2.75,0.));
#15549 = VECTOR('',#15550,1.);
#15550 = DIRECTION('',(0.,-1.));
#15551 = ( GEOMETRIC_REPRESENTATION_CONTEXT(2)
PARAMETRIC_REPRESENTATION_CONTEXT() REPRESENTATION_CONTEXT('2D SPACE',''
  ) );
#15552 = ADVANCED_FACE('',(#15553),#14916,.F.);
#15553 = FACE_BOUND('',#15554,.F.);
#15554 = EDGE_LOOP('',(#15555,#15578,#15606,#15627));
#15555 = ORIENTED_EDGE('',*,*,#15556,.F.);
#15556 = EDGE_CURVE('',#15557,#14901,#15559,.T.);
#15557 = VERTEX_POINT('',#15558);
#15558 = CARTESIAN_POINT('',(-1.678589838486,3.707402885327,-2.3));
#15559 = SURFACE_CURVE('',#15560,(#15564,#15571),.PCURVE_S1.);
#15560 = LINE('',#15561,#15562);
#15561 = CARTESIAN_POINT('',(-1.678589838486,3.707402885327,-2.45));
#15562 = VECTOR('',#15563,1.);
#15563 = DIRECTION('',(0.,0.,1.));
#15564 = PCURVE('',#14916,#15565);
#15565 = DEFINITIONAL_REPRESENTATION('',(#15566),#15570);
#15566 = LINE('',#15567,#15568);
#15567 = CARTESIAN_POINT('',(0.,0.15));
#15568 = VECTOR('',#15569,1.);
#15569 = DIRECTION('',(1.,0.));
#15570 = ( GEOMETRIC_REPRESENTATION_CONTEXT(2)
PARAMETRIC_REPRESENTATION_CONTEXT() REPRESENTATION_CONTEXT('2D SPACE',''
  ) );
#15571 = PCURVE('',#15046,#15572);
#15572 = DEFINITIONAL_REPRESENTATION('',(#15573),#15577);
#15573 = LINE('',#15574,#15575);
#15574 = CARTESIAN_POINT('',(0.,0.));
#15575 = VECTOR('',#15576,1.);
#15576 = DIRECTION('',(1.,0.));
#15577 = ( GEOMETRIC_REPRESENTATION_CONTEXT(2)
PARAMETRIC_REPRESENTATION_CONTEXT() REPRESENTATION_CONTEXT('2D SPACE',''
  ) );
#15578 = ORIENTED_EDGE('',*,*,#15579,.F.);
#15579 = EDGE_CURVE('',#15580,#15557,#15582,.T.);
#15580 = VERTEX_POINT('',#15581);
#15581 = CARTESIAN_POINT('',(-1.603589838486,3.577499074759,-2.3));
#15582 = SURFACE_CURVE('',#15583,(#15587,#15594),.PCURVE_S1.);
#15583 = LINE('',#15584,#15585);
#15584 = CARTESIAN_POINT('',(-1.303589838486,3.057883832489,-2.3));
#15585 = VECTOR('',#15586,1.);
#15586 = DIRECTION('',(-0.5,0.866025403784,0.));
#15587 = PCURVE('',#14916,#15588);
#15588 = DEFINITIONAL_REPRESENTATION('',(#15589),#15593);
#15589 = LINE('',#15590,#15591);
#15590 = CARTESIAN_POINT('',(0.15,-0.6));
#15591 = VECTOR('',#15592,1.);
#15592 = DIRECTION('',(0.,1.));
#15593 = ( GEOMETRIC_REPRESENTATION_CONTEXT(2)
PARAMETRIC_REPRESENTATION_CONTEXT() REPRESENTATION_CONTEXT('2D SPACE',''
  ) );
#15594 = PCURVE('',#15595,#15600);
#15595 = PLANE('',#15596);
#15596 = AXIS2_PLACEMENT_3D('',#15597,#15598,#15599);
#15597 = CARTESIAN_POINT('',(-1.603589838486,3.577499074759,-2.45));
#15598 = DIRECTION('',(-0.866025403784,-0.5,0.));
#15599 = DIRECTION('',(0.,0.,1.));
#15600 = DEFINITIONAL_REPRESENTATION('',(#15601),#15605);
#15601 = LINE('',#15602,#15603);
#15602 = CARTESIAN_POINT('',(0.15,-0.6));
#15603 = VECTOR('',#15604,1.);
#15604 = DIRECTION('',(0.,1.));
#15605 = ( GEOMETRIC_REPRESENTATION_CONTEXT(2)
PARAMETRIC_REPRESENTATION_CONTEXT() REPRESENTATION_CONTEXT('2D SPACE',''
  ) );
#15606 = ORIENTED_EDGE('',*,*,#15607,.T.);
#15607 = EDGE_CURVE('',#15580,#14852,#15608,.T.);
#15608 = SURFACE_CURVE('',#15609,(#15613,#15620),.PCURVE_S1.);
#15609 = LINE('',#15610,#15611);
#15610 = CARTESIAN_POINT('',(-1.603589838486,3.577499074759,-2.45));
#15611 = VECTOR('',#15612,1.);
#15612 = DIRECTION('',(0.,0.,1.));
#15613 = PCURVE('',#14916,#15614);
#15614 = DEFINITIONAL_REPRESENTATION('',(#15615),#15619);
#15615 = LINE('',#15616,#15617);
#15616 = CARTESIAN_POINT('',(0.,0.));
#15617 = VECTOR('',#15618,1.);
#15618 = DIRECTION('',(1.,0.));
#15619 = ( GEOMETRIC_REPRESENTATION_CONTEXT(2)
PARAMETRIC_REPRESENTATION_CONTEXT() REPRESENTATION_CONTEXT('2D SPACE',''
  ) );
#15620 = PCURVE('',#15513,#15621);
#15621 = DEFINITIONAL_REPRESENTATION('',(#15622),#15626);
#15622 = LINE('',#15623,#15624);
#15623 = CARTESIAN_POINT('',(0.,0.));
#15624 = VECTOR('',#15625,1.);
#15625 = DIRECTION('',(1.,0.));
#15626 = ( GEOMETRIC_REPRESENTATION_CONTEXT(2)
PARAMETRIC_REPRESENTATION_CONTEXT() REPRESENTATION_CONTEXT('2D SPACE',''
  ) );
#15627 = ORIENTED_EDGE('',*,*,#14900,.T.);
#15628 = ADVANCED_FACE('',(#15629),#15046,.T.);
#15629 = FACE_BOUND('',#15630,.T.);
#15630 = EDGE_LOOP('',(#15631,#15632,#15658,#15659));
#15631 = ORIENTED_EDGE('',*,*,#15556,.F.);
#15632 = ORIENTED_EDGE('',*,*,#15633,.T.);
#15633 = EDGE_CURVE('',#15557,#15449,#15634,.T.);
#15634 = SURFACE_CURVE('',#15635,(#15639,#15646),.PCURVE_S1.);
#15635 = LINE('',#15636,#15637);
#15636 = CARTESIAN_POINT('',(-1.678589838486,3.707402885327,-2.3));
#15637 = VECTOR('',#15638,1.);
#15638 = DIRECTION('',(-0.866025403784,-0.5,0.));
#15639 = PCURVE('',#15046,#15640);
#15640 = DEFINITIONAL_REPRESENTATION('',(#15641),#15645);
#15641 = LINE('',#15642,#15643);
#15642 = CARTESIAN_POINT('',(0.15,0.));
#15643 = VECTOR('',#15644,1.);
#15644 = DIRECTION('',(0.,-1.));
#15645 = ( GEOMETRIC_REPRESENTATION_CONTEXT(2)
PARAMETRIC_REPRESENTATION_CONTEXT() REPRESENTATION_CONTEXT('2D SPACE',''
  ) );
#15646 = PCURVE('',#15647,#15652);
#15647 = PLANE('',#15648);
#15648 = AXIS2_PLACEMENT_3D('',#15649,#15650,#15651);
#15649 = CARTESIAN_POINT('',(-1.678589838486,3.707402885327,-2.45));
#15650 = DIRECTION('',(-0.5,0.866025403784,0.));
#15651 = DIRECTION('',(0.,0.,1.));
#15652 = DEFINITIONAL_REPRESENTATION('',(#15653),#15657);
#15653 = LINE('',#15654,#15655);
#15654 = CARTESIAN_POINT('',(0.15,0.));
#15655 = VECTOR('',#15656,1.);
#15656 = DIRECTION('',(0.,-1.));
#15657 = ( GEOMETRIC_REPRESENTATION_CONTEXT(2)
PARAMETRIC_REPRESENTATION_CONTEXT() REPRESENTATION_CONTEXT('2D SPACE',''
  ) );
#15658 = ORIENTED_EDGE('',*,*,#15448,.T.);
#15659 = ORIENTED_EDGE('',*,*,#15032,.F.);
#15660 = ADVANCED_FACE('',(#15661),#15155,.T.);
#15661 = FACE_BOUND('',#15662,.T.);
#15662 = EDGE_LOOP('',(#15663,#15664,#15665,#15666));
#15663 = ORIENTED_EDGE('',*,*,#15242,.F.);
#15664 = ORIENTED_EDGE('',*,*,#15218,.T.);
#15665 = ORIENTED_EDGE('',*,*,#15139,.T.);
#15666 = ORIENTED_EDGE('',*,*,#15667,.F.);
#15667 = EDGE_CURVE('',#15243,#15092,#15668,.T.);
#15668 = SURFACE_CURVE('',#15669,(#15673,#15680),.PCURVE_S1.);
#15669 = LINE('',#15670,#15671);
#15670 = CARTESIAN_POINT('',(3.9,0.4,-2.45));
#15671 = VECTOR('',#15672,1.);
#15672 = DIRECTION('',(0.,0.,1.));
#15673 = PCURVE('',#15155,#15674);
#15674 = DEFINITIONAL_REPRESENTATION('',(#15675),#15679);
#15675 = LINE('',#15676,#15677);
#15676 = CARTESIAN_POINT('',(4.440892098501E-16,0.6));
#15677 = VECTOR('',#15678,1.);
#15678 = DIRECTION('',(1.,0.));
#15679 = ( GEOMETRIC_REPRESENTATION_CONTEXT(2)
PARAMETRIC_REPRESENTATION_CONTEXT() REPRESENTATION_CONTEXT('2D SPACE',''
  ) );
#15680 = PCURVE('',#15330,#15681);
#15681 = DEFINITIONAL_REPRESENTATION('',(#15682),#15686);
#15682 = LINE('',#15683,#15684);
#15683 = CARTESIAN_POINT('',(0.,0.));
#15684 = VECTOR('',#15685,1.);
#15685 = DIRECTION('',(1.,0.));
#15686 = ( GEOMETRIC_REPRESENTATION_CONTEXT(2)
PARAMETRIC_REPRESENTATION_CONTEXT() REPRESENTATION_CONTEXT('2D SPACE',''
  ) );
#15687 = ADVANCED_FACE('',(#15688),#15330,.T.);
#15688 = FACE_BOUND('',#15689,.T.);
#15689 = EDGE_LOOP('',(#15690,#15691,#15692,#15693));
#15690 = ORIENTED_EDGE('',*,*,#15347,.F.);
#15691 = ORIENTED_EDGE('',*,*,#15316,.F.);
#15692 = ORIENTED_EDGE('',*,*,#15667,.T.);
#15693 = ORIENTED_EDGE('',*,*,#15422,.T.);
#15694 = ADVANCED_FACE('',(#15695),#15513,.F.);
#15695 = FACE_BOUND('',#15696,.F.);
#15696 = EDGE_LOOP('',(#15697,#15698,#15724,#15725));
#15697 = ORIENTED_EDGE('',*,*,#15607,.F.);
#15698 = ORIENTED_EDGE('',*,*,#15699,.F.);
#15699 = EDGE_CURVE('',#15472,#15580,#15700,.T.);
#15700 = SURFACE_CURVE('',#15701,(#15705,#15712),.PCURVE_S1.);
#15701 = LINE('',#15702,#15703);
#15702 = CARTESIAN_POINT('',(-1.603589838486,3.577499074759,-2.3));
#15703 = VECTOR('',#15704,1.);
#15704 = DIRECTION('',(0.866025403784,0.5,0.));
#15705 = PCURVE('',#15513,#15706);
#15706 = DEFINITIONAL_REPRESENTATION('',(#15707),#15711);
#15707 = LINE('',#15708,#15709);
#15708 = CARTESIAN_POINT('',(0.15,0.));
#15709 = VECTOR('',#15710,1.);
#15710 = DIRECTION('',(0.,1.));
#15711 = ( GEOMETRIC_REPRESENTATION_CONTEXT(2)
PARAMETRIC_REPRESENTATION_CONTEXT() REPRESENTATION_CONTEXT('2D SPACE',''
  ) );
#15712 = PCURVE('',#15713,#15718);
#15713 = PLANE('',#15714);
#15714 = AXIS2_PLACEMENT_3D('',#15715,#15716,#15717);
#15715 = CARTESIAN_POINT('',(-1.303589838486,3.057883832489,-2.3));
#15716 = DIRECTION('',(0.,0.,1.));
#15717 = DIRECTION('',(-0.5,0.866025403784,0.));
#15718 = DEFINITIONAL_REPRESENTATION('',(#15719),#15723);
#15719 = LINE('',#15720,#15721);
#15720 = CARTESIAN_POINT('',(0.6,9.041205050685E-17));
#15721 = VECTOR('',#15722,1.);
#15722 = DIRECTION('',(-2.231125221501E-17,-1.));
#15723 = ( GEOMETRIC_REPRESENTATION_CONTEXT(2)
PARAMETRIC_REPRESENTATION_CONTEXT() REPRESENTATION_CONTEXT('2D SPACE',''
  ) );
#15724 = ORIENTED_EDGE('',*,*,#15499,.T.);
#15725 = ORIENTED_EDGE('',*,*,#15532,.F.);
#15726 = ADVANCED_FACE('',(#15727),#15487,.T.);
#15727 = FACE_BOUND('',#15728,.T.);
#15728 = EDGE_LOOP('',(#15729,#15752,#15780,#15806));
#15729 = ORIENTED_EDGE('',*,*,#15730,.F.);
#15730 = EDGE_CURVE('',#15731,#15449,#15733,.T.);
#15731 = VERTEX_POINT('',#15732);
#15732 = CARTESIAN_POINT('',(-2.371410161514,3.307402885327,-2.45));
#15733 = SURFACE_CURVE('',#15734,(#15738,#15745),.PCURVE_S1.);
#15734 = LINE('',#15735,#15736);
#15735 = CARTESIAN_POINT('',(-2.371410161514,3.307402885327,-2.45));
#15736 = VECTOR('',#15737,1.);
#15737 = DIRECTION('',(0.,0.,1.));
#15738 = PCURVE('',#15487,#15739);
#15739 = DEFINITIONAL_REPRESENTATION('',(#15740),#15744);
#15740 = LINE('',#15741,#15742);
#15741 = CARTESIAN_POINT('',(0.,0.15));
#15742 = VECTOR('',#15743,1.);
#15743 = DIRECTION('',(1.,0.));
#15744 = ( GEOMETRIC_REPRESENTATION_CONTEXT(2)
PARAMETRIC_REPRESENTATION_CONTEXT() REPRESENTATION_CONTEXT('2D SPACE',''
  ) );
#15745 = PCURVE('',#15647,#15746);
#15746 = DEFINITIONAL_REPRESENTATION('',(#15747),#15751);
#15747 = LINE('',#15748,#15749);
#15748 = CARTESIAN_POINT('',(0.,-0.8));
#15749 = VECTOR('',#15750,1.);
#15750 = DIRECTION('',(1.,0.));
#15751 = ( GEOMETRIC_REPRESENTATION_CONTEXT(2)
PARAMETRIC_REPRESENTATION_CONTEXT() REPRESENTATION_CONTEXT('2D SPACE',''
  ) );
#15752 = ORIENTED_EDGE('',*,*,#15753,.F.);
#15753 = EDGE_CURVE('',#15754,#15731,#15756,.T.);
#15754 = VERTEX_POINT('',#15755);
#15755 = CARTESIAN_POINT('',(-2.296410161514,3.177499074759,-2.45));
#15756 = SURFACE_CURVE('',#15757,(#15761,#15768),.PCURVE_S1.);
#15757 = LINE('',#15758,#15759);
#15758 = CARTESIAN_POINT('',(-2.296410161514,3.177499074759,-2.45));
#15759 = VECTOR('',#15760,1.);
#15760 = DIRECTION('',(-0.5,0.866025403784,0.));
#15761 = PCURVE('',#15487,#15762);
#15762 = DEFINITIONAL_REPRESENTATION('',(#15763),#15767);
#15763 = LINE('',#15764,#15765);
#15764 = CARTESIAN_POINT('',(0.,0.));
#15765 = VECTOR('',#15766,1.);
#15766 = DIRECTION('',(0.,1.));
#15767 = ( GEOMETRIC_REPRESENTATION_CONTEXT(2)
PARAMETRIC_REPRESENTATION_CONTEXT() REPRESENTATION_CONTEXT('2D SPACE',''
  ) );
#15768 = PCURVE('',#15769,#15774);
#15769 = PLANE('',#15770);
#15770 = AXIS2_PLACEMENT_3D('',#15771,#15772,#15773);
#15771 = CARTESIAN_POINT('',(-1.603589838486,3.577499074759,-2.45));
#15772 = DIRECTION('',(0.,0.,1.));
#15773 = DIRECTION('',(-0.5,0.866025403784,0.));
#15774 = DEFINITIONAL_REPRESENTATION('',(#15775),#15779);
#15775 = LINE('',#15776,#15777);
#15776 = CARTESIAN_POINT('',(-4.355458720498E-18,0.8));
#15777 = VECTOR('',#15778,1.);
#15778 = DIRECTION('',(1.,2.231125221501E-17));
#15779 = ( GEOMETRIC_REPRESENTATION_CONTEXT(2)
PARAMETRIC_REPRESENTATION_CONTEXT() REPRESENTATION_CONTEXT('2D SPACE',''
  ) );
#15780 = ORIENTED_EDGE('',*,*,#15781,.T.);
#15781 = EDGE_CURVE('',#15754,#15472,#15782,.T.);
#15782 = SURFACE_CURVE('',#15783,(#15787,#15794),.PCURVE_S1.);
#15783 = LINE('',#15784,#15785);
#15784 = CARTESIAN_POINT('',(-2.296410161514,3.177499074759,-2.45));
#15785 = VECTOR('',#15786,1.);
#15786 = DIRECTION('',(0.,0.,1.));
#15787 = PCURVE('',#15487,#15788);
#15788 = DEFINITIONAL_REPRESENTATION('',(#15789),#15793);
#15789 = LINE('',#15790,#15791);
#15790 = CARTESIAN_POINT('',(0.,0.));
#15791 = VECTOR('',#15792,1.);
#15792 = DIRECTION('',(1.,0.));
#15793 = ( GEOMETRIC_REPRESENTATION_CONTEXT(2)
PARAMETRIC_REPRESENTATION_CONTEXT() REPRESENTATION_CONTEXT('2D SPACE',''
  ) );
#15794 = PCURVE('',#15795,#15800);
#15795 = PLANE('',#15796);
#15796 = AXIS2_PLACEMENT_3D('',#15797,#15798,#15799);
#15797 = CARTESIAN_POINT('',(-1.996410161514,2.657883832489,-2.45));
#15798 = DIRECTION('',(-0.866025403784,-0.5,0.));
#15799 = DIRECTION('',(0.,0.,1.));
#15800 = DEFINITIONAL_REPRESENTATION('',(#15801),#15805);
#15801 = LINE('',#15802,#15803);
#15802 = CARTESIAN_POINT('',(4.440892098501E-16,0.6));
#15803 = VECTOR('',#15804,1.);
#15804 = DIRECTION('',(1.,0.));
#15805 = ( GEOMETRIC_REPRESENTATION_CONTEXT(2)
PARAMETRIC_REPRESENTATION_CONTEXT() REPRESENTATION_CONTEXT('2D SPACE',''
  ) );
#15806 = ORIENTED_EDGE('',*,*,#15471,.T.);
#15807 = ADVANCED_FACE('',(#15808),#15595,.F.);
#15808 = FACE_BOUND('',#15809,.F.);
#15809 = EDGE_LOOP('',(#15810,#15833,#15856,#15882));
#15810 = ORIENTED_EDGE('',*,*,#15811,.F.);
#15811 = EDGE_CURVE('',#15812,#15557,#15814,.T.);
#15812 = VERTEX_POINT('',#15813);
#15813 = CARTESIAN_POINT('',(-1.678589838486,3.707402885327,-2.45));
#15814 = SURFACE_CURVE('',#15815,(#15819,#15826),.PCURVE_S1.);
#15815 = LINE('',#15816,#15817);
#15816 = CARTESIAN_POINT('',(-1.678589838486,3.707402885327,-2.45));
#15817 = VECTOR('',#15818,1.);
#15818 = DIRECTION('',(0.,0.,1.));
#15819 = PCURVE('',#15595,#15820);
#15820 = DEFINITIONAL_REPRESENTATION('',(#15821),#15825);
#15821 = LINE('',#15822,#15823);
#15822 = CARTESIAN_POINT('',(0.,0.15));
#15823 = VECTOR('',#15824,1.);
#15824 = DIRECTION('',(1.,0.));
#15825 = ( GEOMETRIC_REPRESENTATION_CONTEXT(2)
PARAMETRIC_REPRESENTATION_CONTEXT() REPRESENTATION_CONTEXT('2D SPACE',''
  ) );
#15826 = PCURVE('',#15647,#15827);
#15827 = DEFINITIONAL_REPRESENTATION('',(#15828),#15832);
#15828 = LINE('',#15829,#15830);
#15829 = CARTESIAN_POINT('',(0.,0.));
#15830 = VECTOR('',#15831,1.);
#15831 = DIRECTION('',(1.,0.));
#15832 = ( GEOMETRIC_REPRESENTATION_CONTEXT(2)
PARAMETRIC_REPRESENTATION_CONTEXT() REPRESENTATION_CONTEXT('2D SPACE',''
  ) );
#15833 = ORIENTED_EDGE('',*,*,#15834,.F.);
#15834 = EDGE_CURVE('',#15835,#15812,#15837,.T.);
#15835 = VERTEX_POINT('',#15836);
#15836 = CARTESIAN_POINT('',(-1.603589838486,3.577499074759,-2.45));
#15837 = SURFACE_CURVE('',#15838,(#15842,#15849),.PCURVE_S1.);
#15838 = LINE('',#15839,#15840);
#15839 = CARTESIAN_POINT('',(-1.603589838486,3.577499074759,-2.45));
#15840 = VECTOR('',#15841,1.);
#15841 = DIRECTION('',(-0.5,0.866025403784,0.));
#15842 = PCURVE('',#15595,#15843);
#15843 = DEFINITIONAL_REPRESENTATION('',(#15844),#15848);
#15844 = LINE('',#15845,#15846);
#15845 = CARTESIAN_POINT('',(0.,0.));
#15846 = VECTOR('',#15847,1.);
#15847 = DIRECTION('',(0.,1.));
#15848 = ( GEOMETRIC_REPRESENTATION_CONTEXT(2)
PARAMETRIC_REPRESENTATION_CONTEXT() REPRESENTATION_CONTEXT('2D SPACE',''
  ) );
#15849 = PCURVE('',#15769,#15850);
#15850 = DEFINITIONAL_REPRESENTATION('',(#15851),#15855);
#15851 = LINE('',#15852,#15853);
#15852 = CARTESIAN_POINT('',(0.,0.));
#15853 = VECTOR('',#15854,1.);
#15854 = DIRECTION('',(1.,2.231125221501E-17));
#15855 = ( GEOMETRIC_REPRESENTATION_CONTEXT(2)
PARAMETRIC_REPRESENTATION_CONTEXT() REPRESENTATION_CONTEXT('2D SPACE',''
  ) );
#15856 = ORIENTED_EDGE('',*,*,#15857,.T.);
#15857 = EDGE_CURVE('',#15835,#15580,#15858,.T.);
#15858 = SURFACE_CURVE('',#15859,(#15863,#15870),.PCURVE_S1.);
#15859 = LINE('',#15860,#15861);
#15860 = CARTESIAN_POINT('',(-1.603589838486,3.577499074759,-2.45));
#15861 = VECTOR('',#15862,1.);
#15862 = DIRECTION('',(0.,0.,1.));
#15863 = PCURVE('',#15595,#15864);
#15864 = DEFINITIONAL_REPRESENTATION('',(#15865),#15869);
#15865 = LINE('',#15866,#15867);
#15866 = CARTESIAN_POINT('',(0.,0.));
#15867 = VECTOR('',#15868,1.);
#15868 = DIRECTION('',(1.,0.));
#15869 = ( GEOMETRIC_REPRESENTATION_CONTEXT(2)
PARAMETRIC_REPRESENTATION_CONTEXT() REPRESENTATION_CONTEXT('2D SPACE',''
  ) );
#15870 = PCURVE('',#15871,#15876);
#15871 = PLANE('',#15872);
#15872 = AXIS2_PLACEMENT_3D('',#15873,#15874,#15875);
#15873 = CARTESIAN_POINT('',(-1.303589838486,3.057883832489,-2.45));
#15874 = DIRECTION('',(-0.866025403784,-0.5,0.));
#15875 = DIRECTION('',(0.,0.,1.));
#15876 = DEFINITIONAL_REPRESENTATION('',(#15877),#15881);
#15877 = LINE('',#15878,#15879);
#15878 = CARTESIAN_POINT('',(4.440892098501E-16,0.6));
#15879 = VECTOR('',#15880,1.);
#15880 = DIRECTION('',(1.,0.));
#15881 = ( GEOMETRIC_REPRESENTATION_CONTEXT(2)
PARAMETRIC_REPRESENTATION_CONTEXT() REPRESENTATION_CONTEXT('2D SPACE',''
  ) );
#15882 = ORIENTED_EDGE('',*,*,#15579,.T.);
#15883 = ADVANCED_FACE('',(#15884),#15647,.T.);
#15884 = FACE_BOUND('',#15885,.T.);
#15885 = EDGE_LOOP('',(#15886,#15887,#15908,#15909));
#15886 = ORIENTED_EDGE('',*,*,#15811,.F.);
#15887 = ORIENTED_EDGE('',*,*,#15888,.T.);
#15888 = EDGE_CURVE('',#15812,#15731,#15889,.T.);
#15889 = SURFACE_CURVE('',#15890,(#15894,#15901),.PCURVE_S1.);
#15890 = LINE('',#15891,#15892);
#15891 = CARTESIAN_POINT('',(-1.678589838486,3.707402885327,-2.45));
#15892 = VECTOR('',#15893,1.);
#15893 = DIRECTION('',(-0.866025403784,-0.5,0.));
#15894 = PCURVE('',#15647,#15895);
#15895 = DEFINITIONAL_REPRESENTATION('',(#15896),#15900);
#15896 = LINE('',#15897,#15898);
#15897 = CARTESIAN_POINT('',(0.,0.));
#15898 = VECTOR('',#15899,1.);
#15899 = DIRECTION('',(0.,-1.));
#15900 = ( GEOMETRIC_REPRESENTATION_CONTEXT(2)
PARAMETRIC_REPRESENTATION_CONTEXT() REPRESENTATION_CONTEXT('2D SPACE',''
  ) );
#15901 = PCURVE('',#15769,#15902);
#15902 = DEFINITIONAL_REPRESENTATION('',(#15903),#15907);
#15903 = LINE('',#15904,#15905);
#15904 = CARTESIAN_POINT('',(0.15,-8.84192898358E-17));
#15905 = VECTOR('',#15906,1.);
#15906 = DIRECTION('',(2.231125221501E-17,1.));
#15907 = ( GEOMETRIC_REPRESENTATION_CONTEXT(2)
PARAMETRIC_REPRESENTATION_CONTEXT() REPRESENTATION_CONTEXT('2D SPACE',''
  ) );
#15908 = ORIENTED_EDGE('',*,*,#15730,.T.);
#15909 = ORIENTED_EDGE('',*,*,#15633,.F.);
#15910 = ADVANCED_FACE('',(#15911),#15713,.T.);
#15911 = FACE_BOUND('',#15912,.T.);
#15912 = EDGE_LOOP('',(#15913,#15936,#15964,#15985));
#15913 = ORIENTED_EDGE('',*,*,#15914,.F.);
#15914 = EDGE_CURVE('',#15915,#15472,#15917,.T.);
#15915 = VERTEX_POINT('',#15916);
#15916 = CARTESIAN_POINT('',(-1.996410161514,2.657883832489,-2.3));
#15917 = SURFACE_CURVE('',#15918,(#15922,#15929),.PCURVE_S1.);
#15918 = LINE('',#15919,#15920);
#15919 = CARTESIAN_POINT('',(-1.996410161514,2.657883832489,-2.3));
#15920 = VECTOR('',#15921,1.);
#15921 = DIRECTION('',(-0.5,0.866025403784,0.));
#15922 = PCURVE('',#15713,#15923);
#15923 = DEFINITIONAL_REPRESENTATION('',(#15924),#15928);
#15924 = LINE('',#15925,#15926);
#15925 = CARTESIAN_POINT('',(-1.15377761183E-16,0.8));
#15926 = VECTOR('',#15927,1.);
#15927 = DIRECTION('',(1.,2.231125221501E-17));
#15928 = ( GEOMETRIC_REPRESENTATION_CONTEXT(2)
PARAMETRIC_REPRESENTATION_CONTEXT() REPRESENTATION_CONTEXT('2D SPACE',''
  ) );
#15929 = PCURVE('',#15795,#15930);
#15930 = DEFINITIONAL_REPRESENTATION('',(#15931),#15935);
#15931 = LINE('',#15932,#15933);
#15932 = CARTESIAN_POINT('',(0.15,0.));
#15933 = VECTOR('',#15934,1.);
#15934 = DIRECTION('',(0.,1.));
#15935 = ( GEOMETRIC_REPRESENTATION_CONTEXT(2)
PARAMETRIC_REPRESENTATION_CONTEXT() REPRESENTATION_CONTEXT('2D SPACE',''
  ) );
#15936 = ORIENTED_EDGE('',*,*,#15937,.F.);
#15937 = EDGE_CURVE('',#15938,#15915,#15940,.T.);
#15938 = VERTEX_POINT('',#15939);
#15939 = CARTESIAN_POINT('',(-1.303589838486,3.057883832489,-2.3));
#15940 = SURFACE_CURVE('',#15941,(#15945,#15952),.PCURVE_S1.);
#15941 = LINE('',#15942,#15943);
#15942 = CARTESIAN_POINT('',(-1.303589838486,3.057883832489,-2.3));
#15943 = VECTOR('',#15944,1.);
#15944 = DIRECTION('',(-0.866025403784,-0.5,0.));
#15945 = PCURVE('',#15713,#15946);
#15946 = DEFINITIONAL_REPRESENTATION('',(#15947),#15951);
#15947 = LINE('',#15948,#15949);
#15948 = CARTESIAN_POINT('',(0.,0.));
#15949 = VECTOR('',#15950,1.);
#15950 = DIRECTION('',(2.231125221501E-17,1.));
#15951 = ( GEOMETRIC_REPRESENTATION_CONTEXT(2)
PARAMETRIC_REPRESENTATION_CONTEXT() REPRESENTATION_CONTEXT('2D SPACE',''
  ) );
#15952 = PCURVE('',#15953,#15958);
#15953 = PLANE('',#15954);
#15954 = AXIS2_PLACEMENT_3D('',#15955,#15956,#15957);
#15955 = CARTESIAN_POINT('',(-1.303589838486,3.057883832489,-2.45));
#15956 = DIRECTION('',(-0.5,0.866025403784,0.));
#15957 = DIRECTION('',(0.,0.,1.));
#15958 = DEFINITIONAL_REPRESENTATION('',(#15959),#15963);
#15959 = LINE('',#15960,#15961);
#15960 = CARTESIAN_POINT('',(0.15,0.));
#15961 = VECTOR('',#15962,1.);
#15962 = DIRECTION('',(0.,-1.));
#15963 = ( GEOMETRIC_REPRESENTATION_CONTEXT(2)
PARAMETRIC_REPRESENTATION_CONTEXT() REPRESENTATION_CONTEXT('2D SPACE',''
  ) );
#15964 = ORIENTED_EDGE('',*,*,#15965,.T.);
#15965 = EDGE_CURVE('',#15938,#15580,#15966,.T.);
#15966 = SURFACE_CURVE('',#15967,(#15971,#15978),.PCURVE_S1.);
#15967 = LINE('',#15968,#15969);
#15968 = CARTESIAN_POINT('',(-1.303589838486,3.057883832489,-2.3));
#15969 = VECTOR('',#15970,1.);
#15970 = DIRECTION('',(-0.5,0.866025403784,0.));
#15971 = PCURVE('',#15713,#15972);
#15972 = DEFINITIONAL_REPRESENTATION('',(#15973),#15977);
#15973 = LINE('',#15974,#15975);
#15974 = CARTESIAN_POINT('',(0.,0.));
#15975 = VECTOR('',#15976,1.);
#15976 = DIRECTION('',(1.,2.231125221501E-17));
#15977 = ( GEOMETRIC_REPRESENTATION_CONTEXT(2)
PARAMETRIC_REPRESENTATION_CONTEXT() REPRESENTATION_CONTEXT('2D SPACE',''
  ) );
#15978 = PCURVE('',#15871,#15979);
#15979 = DEFINITIONAL_REPRESENTATION('',(#15980),#15984);
#15980 = LINE('',#15981,#15982);
#15981 = CARTESIAN_POINT('',(0.15,0.));
#15982 = VECTOR('',#15983,1.);
#15983 = DIRECTION('',(0.,1.));
#15984 = ( GEOMETRIC_REPRESENTATION_CONTEXT(2)
PARAMETRIC_REPRESENTATION_CONTEXT() REPRESENTATION_CONTEXT('2D SPACE',''
  ) );
#15985 = ORIENTED_EDGE('',*,*,#15699,.F.);
#15986 = ADVANCED_FACE('',(#15987),#15795,.T.);
#15987 = FACE_BOUND('',#15988,.T.);
#15988 = EDGE_LOOP('',(#15989,#16017,#16038,#16039));
#15989 = ORIENTED_EDGE('',*,*,#15990,.F.);
#15990 = EDGE_CURVE('',#15991,#15754,#15993,.T.);
#15991 = VERTEX_POINT('',#15992);
#15992 = CARTESIAN_POINT('',(-1.996410161514,2.657883832489,-2.45));
#15993 = SURFACE_CURVE('',#15994,(#15998,#16005),.PCURVE_S1.);
#15994 = LINE('',#15995,#15996);
#15995 = CARTESIAN_POINT('',(-1.996410161514,2.657883832489,-2.45));
#15996 = VECTOR('',#15997,1.);
#15997 = DIRECTION('',(-0.5,0.866025403784,0.));
#15998 = PCURVE('',#15795,#15999);
#15999 = DEFINITIONAL_REPRESENTATION('',(#16000),#16004);
#16000 = LINE('',#16001,#16002);
#16001 = CARTESIAN_POINT('',(0.,0.));
#16002 = VECTOR('',#16003,1.);
#16003 = DIRECTION('',(0.,1.));
#16004 = ( GEOMETRIC_REPRESENTATION_CONTEXT(2)
PARAMETRIC_REPRESENTATION_CONTEXT() REPRESENTATION_CONTEXT('2D SPACE',''
  ) );
#16005 = PCURVE('',#16006,#16011);
#16006 = PLANE('',#16007);
#16007 = AXIS2_PLACEMENT_3D('',#16008,#16009,#16010);
#16008 = CARTESIAN_POINT('',(-1.303589838486,3.057883832489,-2.45));
#16009 = DIRECTION('',(0.,0.,1.));
#16010 = DIRECTION('',(-0.5,0.866025403784,0.));
#16011 = DEFINITIONAL_REPRESENTATION('',(#16012),#16016);
#16012 = LINE('',#16013,#16014);
#16013 = CARTESIAN_POINT('',(-1.15377761183E-16,0.8));
#16014 = VECTOR('',#16015,1.);
#16015 = DIRECTION('',(1.,2.231125221501E-17));
#16016 = ( GEOMETRIC_REPRESENTATION_CONTEXT(2)
PARAMETRIC_REPRESENTATION_CONTEXT() REPRESENTATION_CONTEXT('2D SPACE',''
  ) );
#16017 = ORIENTED_EDGE('',*,*,#16018,.T.);
#16018 = EDGE_CURVE('',#15991,#15915,#16019,.T.);
#16019 = SURFACE_CURVE('',#16020,(#16024,#16031),.PCURVE_S1.);
#16020 = LINE('',#16021,#16022);
#16021 = CARTESIAN_POINT('',(-1.996410161514,2.657883832489,-2.45));
#16022 = VECTOR('',#16023,1.);
#16023 = DIRECTION('',(0.,0.,1.));
#16024 = PCURVE('',#15795,#16025);
#16025 = DEFINITIONAL_REPRESENTATION('',(#16026),#16030);
#16026 = LINE('',#16027,#16028);
#16027 = CARTESIAN_POINT('',(0.,0.));
#16028 = VECTOR('',#16029,1.);
#16029 = DIRECTION('',(1.,0.));
#16030 = ( GEOMETRIC_REPRESENTATION_CONTEXT(2)
PARAMETRIC_REPRESENTATION_CONTEXT() REPRESENTATION_CONTEXT('2D SPACE',''
  ) );
#16031 = PCURVE('',#15953,#16032);
#16032 = DEFINITIONAL_REPRESENTATION('',(#16033),#16037);
#16033 = LINE('',#16034,#16035);
#16034 = CARTESIAN_POINT('',(0.,-0.8));
#16035 = VECTOR('',#16036,1.);
#16036 = DIRECTION('',(1.,0.));
#16037 = ( GEOMETRIC_REPRESENTATION_CONTEXT(2)
PARAMETRIC_REPRESENTATION_CONTEXT() REPRESENTATION_CONTEXT('2D SPACE',''
  ) );
#16038 = ORIENTED_EDGE('',*,*,#15914,.T.);
#16039 = ORIENTED_EDGE('',*,*,#15781,.F.);
#16040 = ADVANCED_FACE('',(#16041),#15769,.F.);
#16041 = FACE_BOUND('',#16042,.F.);
#16042 = EDGE_LOOP('',(#16043,#16064,#16065,#16066));
#16043 = ORIENTED_EDGE('',*,*,#16044,.F.);
#16044 = EDGE_CURVE('',#15835,#15754,#16045,.T.);
#16045 = SURFACE_CURVE('',#16046,(#16050,#16057),.PCURVE_S1.);
#16046 = LINE('',#16047,#16048);
#16047 = CARTESIAN_POINT('',(-1.603589838486,3.577499074759,-2.45));
#16048 = VECTOR('',#16049,1.);
#16049 = DIRECTION('',(-0.866025403784,-0.5,0.));
#16050 = PCURVE('',#15769,#16051);
#16051 = DEFINITIONAL_REPRESENTATION('',(#16052),#16056);
#16052 = LINE('',#16053,#16054);
#16053 = CARTESIAN_POINT('',(0.,0.));
#16054 = VECTOR('',#16055,1.);
#16055 = DIRECTION('',(2.231125221501E-17,1.));
#16056 = ( GEOMETRIC_REPRESENTATION_CONTEXT(2)
PARAMETRIC_REPRESENTATION_CONTEXT() REPRESENTATION_CONTEXT('2D SPACE',''
  ) );
#16057 = PCURVE('',#16006,#16058);
#16058 = DEFINITIONAL_REPRESENTATION('',(#16059),#16063);
#16059 = LINE('',#16060,#16061);
#16060 = CARTESIAN_POINT('',(0.6,9.041205050685E-17));
#16061 = VECTOR('',#16062,1.);
#16062 = DIRECTION('',(2.231125221501E-17,1.));
#16063 = ( GEOMETRIC_REPRESENTATION_CONTEXT(2)
PARAMETRIC_REPRESENTATION_CONTEXT() REPRESENTATION_CONTEXT('2D SPACE',''
  ) );
#16064 = ORIENTED_EDGE('',*,*,#15834,.T.);
#16065 = ORIENTED_EDGE('',*,*,#15888,.T.);
#16066 = ORIENTED_EDGE('',*,*,#15753,.F.);
#16067 = ADVANCED_FACE('',(#16068),#15871,.F.);
#16068 = FACE_BOUND('',#16069,.F.);
#16069 = EDGE_LOOP('',(#16070,#16093,#16114,#16115));
#16070 = ORIENTED_EDGE('',*,*,#16071,.F.);
#16071 = EDGE_CURVE('',#16072,#15835,#16074,.T.);
#16072 = VERTEX_POINT('',#16073);
#16073 = CARTESIAN_POINT('',(-1.303589838486,3.057883832489,-2.45));
#16074 = SURFACE_CURVE('',#16075,(#16079,#16086),.PCURVE_S1.);
#16075 = LINE('',#16076,#16077);
#16076 = CARTESIAN_POINT('',(-1.303589838486,3.057883832489,-2.45));
#16077 = VECTOR('',#16078,1.);
#16078 = DIRECTION('',(-0.5,0.866025403784,0.));
#16079 = PCURVE('',#15871,#16080);
#16080 = DEFINITIONAL_REPRESENTATION('',(#16081),#16085);
#16081 = LINE('',#16082,#16083);
#16082 = CARTESIAN_POINT('',(0.,0.));
#16083 = VECTOR('',#16084,1.);
#16084 = DIRECTION('',(0.,1.));
#16085 = ( GEOMETRIC_REPRESENTATION_CONTEXT(2)
PARAMETRIC_REPRESENTATION_CONTEXT() REPRESENTATION_CONTEXT('2D SPACE',''
  ) );
#16086 = PCURVE('',#16006,#16087);
#16087 = DEFINITIONAL_REPRESENTATION('',(#16088),#16092);
#16088 = LINE('',#16089,#16090);
#16089 = CARTESIAN_POINT('',(0.,0.));
#16090 = VECTOR('',#16091,1.);
#16091 = DIRECTION('',(1.,2.231125221501E-17));
#16092 = ( GEOMETRIC_REPRESENTATION_CONTEXT(2)
PARAMETRIC_REPRESENTATION_CONTEXT() REPRESENTATION_CONTEXT('2D SPACE',''
  ) );
#16093 = ORIENTED_EDGE('',*,*,#16094,.T.);
#16094 = EDGE_CURVE('',#16072,#15938,#16095,.T.);
#16095 = SURFACE_CURVE('',#16096,(#16100,#16107),.PCURVE_S1.);
#16096 = LINE('',#16097,#16098);
#16097 = CARTESIAN_POINT('',(-1.303589838486,3.057883832489,-2.45));
#16098 = VECTOR('',#16099,1.);
#16099 = DIRECTION('',(0.,0.,1.));
#16100 = PCURVE('',#15871,#16101);
#16101 = DEFINITIONAL_REPRESENTATION('',(#16102),#16106);
#16102 = LINE('',#16103,#16104);
#16103 = CARTESIAN_POINT('',(0.,0.));
#16104 = VECTOR('',#16105,1.);
#16105 = DIRECTION('',(1.,0.));
#16106 = ( GEOMETRIC_REPRESENTATION_CONTEXT(2)
PARAMETRIC_REPRESENTATION_CONTEXT() REPRESENTATION_CONTEXT('2D SPACE',''
  ) );
#16107 = PCURVE('',#15953,#16108);
#16108 = DEFINITIONAL_REPRESENTATION('',(#16109),#16113);
#16109 = LINE('',#16110,#16111);
#16110 = CARTESIAN_POINT('',(0.,0.));
#16111 = VECTOR('',#16112,1.);
#16112 = DIRECTION('',(1.,0.));
#16113 = ( GEOMETRIC_REPRESENTATION_CONTEXT(2)
PARAMETRIC_REPRESENTATION_CONTEXT() REPRESENTATION_CONTEXT('2D SPACE',''
  ) );
#16114 = ORIENTED_EDGE('',*,*,#15965,.T.);
#16115 = ORIENTED_EDGE('',*,*,#15857,.F.);
#16116 = ADVANCED_FACE('',(#16117),#15953,.F.);
#16117 = FACE_BOUND('',#16118,.F.);
#16118 = EDGE_LOOP('',(#16119,#16120,#16141,#16142));
#16119 = ORIENTED_EDGE('',*,*,#16094,.F.);
#16120 = ORIENTED_EDGE('',*,*,#16121,.T.);
#16121 = EDGE_CURVE('',#16072,#15991,#16122,.T.);
#16122 = SURFACE_CURVE('',#16123,(#16127,#16134),.PCURVE_S1.);
#16123 = LINE('',#16124,#16125);
#16124 = CARTESIAN_POINT('',(-1.303589838486,3.057883832489,-2.45));
#16125 = VECTOR('',#16126,1.);
#16126 = DIRECTION('',(-0.866025403784,-0.5,0.));
#16127 = PCURVE('',#15953,#16128);
#16128 = DEFINITIONAL_REPRESENTATION('',(#16129),#16133);
#16129 = LINE('',#16130,#16131);
#16130 = CARTESIAN_POINT('',(0.,0.));
#16131 = VECTOR('',#16132,1.);
#16132 = DIRECTION('',(0.,-1.));
#16133 = ( GEOMETRIC_REPRESENTATION_CONTEXT(2)
PARAMETRIC_REPRESENTATION_CONTEXT() REPRESENTATION_CONTEXT('2D SPACE',''
  ) );
#16134 = PCURVE('',#16006,#16135);
#16135 = DEFINITIONAL_REPRESENTATION('',(#16136),#16140);
#16136 = LINE('',#16137,#16138);
#16137 = CARTESIAN_POINT('',(0.,0.));
#16138 = VECTOR('',#16139,1.);
#16139 = DIRECTION('',(2.231125221501E-17,1.));
#16140 = ( GEOMETRIC_REPRESENTATION_CONTEXT(2)
PARAMETRIC_REPRESENTATION_CONTEXT() REPRESENTATION_CONTEXT('2D SPACE',''
  ) );
#16141 = ORIENTED_EDGE('',*,*,#16018,.T.);
#16142 = ORIENTED_EDGE('',*,*,#15937,.F.);
#16143 = ADVANCED_FACE('',(#16144),#16006,.F.);
#16144 = FACE_BOUND('',#16145,.F.);
#16145 = EDGE_LOOP('',(#16146,#16147,#16148,#16149));
#16146 = ORIENTED_EDGE('',*,*,#15990,.F.);
#16147 = ORIENTED_EDGE('',*,*,#16121,.F.);
#16148 = ORIENTED_EDGE('',*,*,#16071,.T.);
#16149 = ORIENTED_EDGE('',*,*,#16044,.T.);
#16150 = ( GEOMETRIC_REPRESENTATION_CONTEXT(3)
GLOBAL_UNCERTAINTY_ASSIGNED_CONTEXT((#16154))
GLOBAL_UNIT_ASSIGNED_CONTEXT((#16151,#16152,#16153))
REPRESENTATION_CONTEXT('Context #1',
  '3D Context with UNIT and UNCERTAINTY') );
#16151 = ( LENGTH_UNIT() NAMED_UNIT(*) SI_UNIT(.MILLI.,.METRE.) );
#16152 = ( NAMED_UNIT(*) PLANE_ANGLE_UNIT() SI_UNIT($,.RADIAN.) );
#16153 = ( NAMED_UNIT(*) SI_UNIT($,.STERADIAN.) SOLID_ANGLE_UNIT() );
#16154 = UNCERTAINTY_MEASURE_WITH_UNIT(LENGTH_MEASURE(1.E-07),#16151,
  'distance_accuracy_value','confusion accuracy');
#16155 = CONTEXT_DEPENDENT_SHAPE_REPRESENTATION(#16156,#16158);
#16156 = ( REPRESENTATION_RELATIONSHIP('','',#13688,#10)
REPRESENTATION_RELATIONSHIP_WITH_TRANSFORMATION(#16157)
SHAPE_REPRESENTATION_RELATIONSHIP() );
#16157 = ITEM_DEFINED_TRANSFORMATION('','',#11,#71);
#16158 = PRODUCT_DEFINITION_SHAPE('Placement','Placement of an item',
  #16159);
#16159 = NEXT_ASSEMBLY_USAGE_OCCURRENCE('160','','',#5,#13683,$);
#16160 = PRODUCT_RELATED_PRODUCT_CATEGORY('part',$,(#13685));
#16161 = SHAPE_DEFINITION_REPRESENTATION(#16162,#16168);
#16162 = PRODUCT_DEFINITION_SHAPE('','',#16163);
#16163 = PRODUCT_DEFINITION('design','',#16164,#16167);
#16164 = PRODUCT_DEFINITION_FORMATION('','',#16165);
#16165 = PRODUCT('Open CASCADE STEP translator 7.8 6.16',
  'Open CASCADE STEP translator 7.8 6.16','',(#16166));
#16166 = PRODUCT_CONTEXT('',#2,'mechanical');
#16167 = PRODUCT_DEFINITION_CONTEXT('part definition',#2,'design');
#16168 = ADVANCED_BREP_SHAPE_REPRESENTATION('',(#11,#16169),#16491);
#16169 = MANIFOLD_SOLID_BREP('',#16170);
#16170 = CLOSED_SHELL('',(#16171,#16289,#16363,#16412,#16459,#16484));
#16171 = ADVANCED_FACE('',(#16172),#16186,.F.);
#16172 = FACE_BOUND('',#16173,.F.);
#16173 = EDGE_LOOP('',(#16174,#16209,#16235,#16263));
#16174 = ORIENTED_EDGE('',*,*,#16175,.F.);
#16175 = EDGE_CURVE('',#16176,#16178,#16180,.T.);
#16176 = VERTEX_POINT('',#16177);
#16177 = CARTESIAN_POINT('',(-1.35,0.,0.45));
#16178 = VERTEX_POINT('',#16179);
#16179 = CARTESIAN_POINT('',(-1.35,1.25,0.45));
#16180 = SURFACE_CURVE('',#16181,(#16185,#16197),.PCURVE_S1.);
#16181 = LINE('',#16182,#16183);
#16182 = CARTESIAN_POINT('',(-1.35,-1.25,0.45));
#16183 = VECTOR('',#16184,1.);
#16184 = DIRECTION('',(0.,1.,0.));
#16185 = PCURVE('',#16186,#16191);
#16186 = PLANE('',#16187);
#16187 = AXIS2_PLACEMENT_3D('',#16188,#16189,#16190);
#16188 = CARTESIAN_POINT('',(-1.35,-1.25,0.35));
#16189 = DIRECTION('',(1.,0.,0.));
#16190 = DIRECTION('',(0.,0.,1.));
#16191 = DEFINITIONAL_REPRESENTATION('',(#16192),#16196);
#16192 = LINE('',#16193,#16194);
#16193 = CARTESIAN_POINT('',(1.E-01,0.));
#16194 = VECTOR('',#16195,1.);
#16195 = DIRECTION('',(0.,-1.));
#16196 = ( GEOMETRIC_REPRESENTATION_CONTEXT(2)
PARAMETRIC_REPRESENTATION_CONTEXT() REPRESENTATION_CONTEXT('2D SPACE',''
  ) );
#16197 = PCURVE('',#16198,#16203);
#16198 = PLANE('',#16199);
#16199 = AXIS2_PLACEMENT_3D('',#16200,#16201,#16202);
#16200 = CARTESIAN_POINT('',(-1.35,-1.25,0.45));
#16201 = DIRECTION('',(0.,0.,1.));
#16202 = DIRECTION('',(1.,0.,0.));
#16203 = DEFINITIONAL_REPRESENTATION('',(#16204),#16208);
#16204 = LINE('',#16205,#16206);
#16205 = CARTESIAN_POINT('',(0.,0.));
#16206 = VECTOR('',#16207,1.);
#16207 = DIRECTION('',(0.,1.));
#16208 = ( GEOMETRIC_REPRESENTATION_CONTEXT(2)
PARAMETRIC_REPRESENTATION_CONTEXT() REPRESENTATION_CONTEXT('2D SPACE',''
  ) );
#16209 = ORIENTED_EDGE('',*,*,#16210,.F.);
#16210 = EDGE_CURVE('',#16211,#16176,#16213,.T.);
#16211 = VERTEX_POINT('',#16212);
#16212 = CARTESIAN_POINT('',(-1.35,0.,0.35));
#16213 = SURFACE_CURVE('',#16214,(#16218,#16224),.PCURVE_S1.);
#16214 = LINE('',#16215,#16216);
#16215 = CARTESIAN_POINT('',(-1.35,0.,-32.325));
#16216 = VECTOR('',#16217,1.);
#16217 = DIRECTION('',(0.,0.,1.));
#16218 = PCURVE('',#16186,#16219);
#16219 = DEFINITIONAL_REPRESENTATION('',(#16220),#16223);
#16220 = B_SPLINE_CURVE_WITH_KNOTS('',1,(#16221,#16222),.UNSPECIFIED.,
  .F.,.F.,(2,2),(32.675,32.775),.PIECEWISE_BEZIER_KNOTS.);
#16221 = CARTESIAN_POINT('',(0.,-1.25));
#16222 = CARTESIAN_POINT('',(0.1,-1.25));
#16223 = ( GEOMETRIC_REPRESENTATION_CONTEXT(2)
PARAMETRIC_REPRESENTATION_CONTEXT() REPRESENTATION_CONTEXT('2D SPACE',''
  ) );
#16224 = PCURVE('',#16225,#16230);
#16225 = PLANE('',#16226);
#16226 = AXIS2_PLACEMENT_3D('',#16227,#16228,#16229);
#16227 = CARTESIAN_POINT('',(-30.,0.,-65.));
#16228 = DIRECTION('',(0.,1.,0.));
#16229 = DIRECTION('',(0.,0.,1.));
#16230 = DEFINITIONAL_REPRESENTATION('',(#16231),#16234);
#16231 = B_SPLINE_CURVE_WITH_KNOTS('',1,(#16232,#16233),.UNSPECIFIED.,
  .F.,.F.,(2,2),(32.675,32.775),.PIECEWISE_BEZIER_KNOTS.);
#16232 = CARTESIAN_POINT('',(65.35,28.65));
#16233 = CARTESIAN_POINT('',(65.45,28.65));
#16234 = ( GEOMETRIC_REPRESENTATION_CONTEXT(2)
PARAMETRIC_REPRESENTATION_CONTEXT() REPRESENTATION_CONTEXT('2D SPACE',''
  ) );
#16235 = ORIENTED_EDGE('',*,*,#16236,.T.);
#16236 = EDGE_CURVE('',#16211,#16237,#16239,.T.);
#16237 = VERTEX_POINT('',#16238);
#16238 = CARTESIAN_POINT('',(-1.35,1.25,0.35));
#16239 = SURFACE_CURVE('',#16240,(#16244,#16251),.PCURVE_S1.);
#16240 = LINE('',#16241,#16242);
#16241 = CARTESIAN_POINT('',(-1.35,-1.25,0.35));
#16242 = VECTOR('',#16243,1.);
#16243 = DIRECTION('',(0.,1.,0.));
#16244 = PCURVE('',#16186,#16245);
#16245 = DEFINITIONAL_REPRESENTATION('',(#16246),#16250);
#16246 = LINE('',#16247,#16248);
#16247 = CARTESIAN_POINT('',(0.,0.));
#16248 = VECTOR('',#16249,1.);
#16249 = DIRECTION('',(0.,-1.));
#16250 = ( GEOMETRIC_REPRESENTATION_CONTEXT(2)
PARAMETRIC_REPRESENTATION_CONTEXT() REPRESENTATION_CONTEXT('2D SPACE',''
  ) );
#16251 = PCURVE('',#16252,#16257);
#16252 = PLANE('',#16253);
#16253 = AXIS2_PLACEMENT_3D('',#16254,#16255,#16256);
#16254 = CARTESIAN_POINT('',(-1.35,-1.25,0.35));
#16255 = DIRECTION('',(0.,0.,1.));
#16256 = DIRECTION('',(1.,0.,0.));
#16257 = DEFINITIONAL_REPRESENTATION('',(#16258),#16262);
#16258 = LINE('',#16259,#16260);
#16259 = CARTESIAN_POINT('',(0.,0.));
#16260 = VECTOR('',#16261,1.);
#16261 = DIRECTION('',(0.,1.));
#16262 = ( GEOMETRIC_REPRESENTATION_CONTEXT(2)
PARAMETRIC_REPRESENTATION_CONTEXT() REPRESENTATION_CONTEXT('2D SPACE',''
  ) );
#16263 = ORIENTED_EDGE('',*,*,#16264,.T.);
#16264 = EDGE_CURVE('',#16237,#16178,#16265,.T.);
#16265 = SURFACE_CURVE('',#16266,(#16270,#16277),.PCURVE_S1.);
#16266 = LINE('',#16267,#16268);
#16267 = CARTESIAN_POINT('',(-1.35,1.25,0.35));
#16268 = VECTOR('',#16269,1.);
#16269 = DIRECTION('',(0.,0.,1.));
#16270 = PCURVE('',#16186,#16271);
#16271 = DEFINITIONAL_REPRESENTATION('',(#16272),#16276);
#16272 = LINE('',#16273,#16274);
#16273 = CARTESIAN_POINT('',(0.,-2.5));
#16274 = VECTOR('',#16275,1.);
#16275 = DIRECTION('',(1.,0.));
#16276 = ( GEOMETRIC_REPRESENTATION_CONTEXT(2)
PARAMETRIC_REPRESENTATION_CONTEXT() REPRESENTATION_CONTEXT('2D SPACE',''
  ) );
#16277 = PCURVE('',#16278,#16283);
#16278 = PLANE('',#16279);
#16279 = AXIS2_PLACEMENT_3D('',#16280,#16281,#16282);
#16280 = CARTESIAN_POINT('',(-1.35,1.25,0.35));
#16281 = DIRECTION('',(0.,1.,0.));
#16282 = DIRECTION('',(0.,0.,1.));
#16283 = DEFINITIONAL_REPRESENTATION('',(#16284),#16288);
#16284 = LINE('',#16285,#16286);
#16285 = CARTESIAN_POINT('',(0.,0.));
#16286 = VECTOR('',#16287,1.);
#16287 = DIRECTION('',(1.,0.));
#16288 = ( GEOMETRIC_REPRESENTATION_CONTEXT(2)
PARAMETRIC_REPRESENTATION_CONTEXT() REPRESENTATION_CONTEXT('2D SPACE',''
  ) );
#16289 = ADVANCED_FACE('',(#16290),#16198,.T.);
#16290 = FACE_BOUND('',#16291,.T.);
#16291 = EDGE_LOOP('',(#16292,#16293,#16314,#16342));
#16292 = ORIENTED_EDGE('',*,*,#16175,.F.);
#16293 = ORIENTED_EDGE('',*,*,#16294,.F.);
#16294 = EDGE_CURVE('',#16295,#16176,#16297,.T.);
#16295 = VERTEX_POINT('',#16296);
#16296 = CARTESIAN_POINT('',(1.35,0.,0.45));
#16297 = SURFACE_CURVE('',#16298,(#16302,#16308),.PCURVE_S1.);
#16298 = LINE('',#16299,#16300);
#16299 = CARTESIAN_POINT('',(-15.675,0.,0.45));
#16300 = VECTOR('',#16301,1.);
#16301 = DIRECTION('',(-1.,0.,0.));
#16302 = PCURVE('',#16198,#16303);
#16303 = DEFINITIONAL_REPRESENTATION('',(#16304),#16307);
#16304 = B_SPLINE_CURVE_WITH_KNOTS('',1,(#16305,#16306),.UNSPECIFIED.,
  .F.,.F.,(2,2),(-17.025,-14.325),.PIECEWISE_BEZIER_KNOTS.);
#16305 = CARTESIAN_POINT('',(2.7,1.25));
#16306 = CARTESIAN_POINT('',(0.,1.25));
#16307 = ( GEOMETRIC_REPRESENTATION_CONTEXT(2)
PARAMETRIC_REPRESENTATION_CONTEXT() REPRESENTATION_CONTEXT('2D SPACE',''
  ) );
#16308 = PCURVE('',#16225,#16309);
#16309 = DEFINITIONAL_REPRESENTATION('',(#16310),#16313);
#16310 = B_SPLINE_CURVE_WITH_KNOTS('',1,(#16311,#16312),.UNSPECIFIED.,
  .F.,.F.,(2,2),(-17.025,-14.325),.PIECEWISE_BEZIER_KNOTS.);
#16311 = CARTESIAN_POINT('',(65.45,31.35));
#16312 = CARTESIAN_POINT('',(65.45,28.65));
#16313 = ( GEOMETRIC_REPRESENTATION_CONTEXT(2)
PARAMETRIC_REPRESENTATION_CONTEXT() REPRESENTATION_CONTEXT('2D SPACE',''
  ) );
#16314 = ORIENTED_EDGE('',*,*,#16315,.T.);
#16315 = EDGE_CURVE('',#16295,#16316,#16318,.T.);
#16316 = VERTEX_POINT('',#16317);
#16317 = CARTESIAN_POINT('',(1.35,1.25,0.45));
#16318 = SURFACE_CURVE('',#16319,(#16323,#16330),.PCURVE_S1.);
#16319 = LINE('',#16320,#16321);
#16320 = CARTESIAN_POINT('',(1.35,-1.25,0.45));
#16321 = VECTOR('',#16322,1.);
#16322 = DIRECTION('',(0.,1.,0.));
#16323 = PCURVE('',#16198,#16324);
#16324 = DEFINITIONAL_REPRESENTATION('',(#16325),#16329);
#16325 = LINE('',#16326,#16327);
#16326 = CARTESIAN_POINT('',(2.7,0.));
#16327 = VECTOR('',#16328,1.);
#16328 = DIRECTION('',(0.,1.));
#16329 = ( GEOMETRIC_REPRESENTATION_CONTEXT(2)
PARAMETRIC_REPRESENTATION_CONTEXT() REPRESENTATION_CONTEXT('2D SPACE',''
  ) );
#16330 = PCURVE('',#16331,#16336);
#16331 = PLANE('',#16332);
#16332 = AXIS2_PLACEMENT_3D('',#16333,#16334,#16335);
#16333 = CARTESIAN_POINT('',(1.35,-1.25,0.35));
#16334 = DIRECTION('',(1.,0.,0.));
#16335 = DIRECTION('',(0.,0.,1.));
#16336 = DEFINITIONAL_REPRESENTATION('',(#16337),#16341);
#16337 = LINE('',#16338,#16339);
#16338 = CARTESIAN_POINT('',(1.E-01,0.));
#16339 = VECTOR('',#16340,1.);
#16340 = DIRECTION('',(0.,-1.));
#16341 = ( GEOMETRIC_REPRESENTATION_CONTEXT(2)
PARAMETRIC_REPRESENTATION_CONTEXT() REPRESENTATION_CONTEXT('2D SPACE',''
  ) );
#16342 = ORIENTED_EDGE('',*,*,#16343,.F.);
#16343 = EDGE_CURVE('',#16178,#16316,#16344,.T.);
#16344 = SURFACE_CURVE('',#16345,(#16349,#16356),.PCURVE_S1.);
#16345 = LINE('',#16346,#16347);
#16346 = CARTESIAN_POINT('',(-1.35,1.25,0.45));
#16347 = VECTOR('',#16348,1.);
#16348 = DIRECTION('',(1.,0.,0.));
#16349 = PCURVE('',#16198,#16350);
#16350 = DEFINITIONAL_REPRESENTATION('',(#16351),#16355);
#16351 = LINE('',#16352,#16353);
#16352 = CARTESIAN_POINT('',(0.,2.5));
#16353 = VECTOR('',#16354,1.);
#16354 = DIRECTION('',(1.,0.));
#16355 = ( GEOMETRIC_REPRESENTATION_CONTEXT(2)
PARAMETRIC_REPRESENTATION_CONTEXT() REPRESENTATION_CONTEXT('2D SPACE',''
  ) );
#16356 = PCURVE('',#16278,#16357);
#16357 = DEFINITIONAL_REPRESENTATION('',(#16358),#16362);
#16358 = LINE('',#16359,#16360);
#16359 = CARTESIAN_POINT('',(1.E-01,0.));
#16360 = VECTOR('',#16361,1.);
#16361 = DIRECTION('',(0.,1.));
#16362 = ( GEOMETRIC_REPRESENTATION_CONTEXT(2)
PARAMETRIC_REPRESENTATION_CONTEXT() REPRESENTATION_CONTEXT('2D SPACE',''
  ) );
#16363 = ADVANCED_FACE('',(#16364),#16278,.T.);
#16364 = FACE_BOUND('',#16365,.T.);
#16365 = EDGE_LOOP('',(#16366,#16389,#16390,#16391));
#16366 = ORIENTED_EDGE('',*,*,#16367,.F.);
#16367 = EDGE_CURVE('',#16237,#16368,#16370,.T.);
#16368 = VERTEX_POINT('',#16369);
#16369 = CARTESIAN_POINT('',(1.35,1.25,0.35));
#16370 = SURFACE_CURVE('',#16371,(#16375,#16382),.PCURVE_S1.);
#16371 = LINE('',#16372,#16373);
#16372 = CARTESIAN_POINT('',(-1.35,1.25,0.35));
#16373 = VECTOR('',#16374,1.);
#16374 = DIRECTION('',(1.,0.,0.));
#16375 = PCURVE('',#16278,#16376);
#16376 = DEFINITIONAL_REPRESENTATION('',(#16377),#16381);
#16377 = LINE('',#16378,#16379);
#16378 = CARTESIAN_POINT('',(0.,0.));
#16379 = VECTOR('',#16380,1.);
#16380 = DIRECTION('',(0.,1.));
#16381 = ( GEOMETRIC_REPRESENTATION_CONTEXT(2)
PARAMETRIC_REPRESENTATION_CONTEXT() REPRESENTATION_CONTEXT('2D SPACE',''
  ) );
#16382 = PCURVE('',#16252,#16383);
#16383 = DEFINITIONAL_REPRESENTATION('',(#16384),#16388);
#16384 = LINE('',#16385,#16386);
#16385 = CARTESIAN_POINT('',(0.,2.5));
#16386 = VECTOR('',#16387,1.);
#16387 = DIRECTION('',(1.,0.));
#16388 = ( GEOMETRIC_REPRESENTATION_CONTEXT(2)
PARAMETRIC_REPRESENTATION_CONTEXT() REPRESENTATION_CONTEXT('2D SPACE',''
  ) );
#16389 = ORIENTED_EDGE('',*,*,#16264,.T.);
#16390 = ORIENTED_EDGE('',*,*,#16343,.T.);
#16391 = ORIENTED_EDGE('',*,*,#16392,.F.);
#16392 = EDGE_CURVE('',#16368,#16316,#16393,.T.);
#16393 = SURFACE_CURVE('',#16394,(#16398,#16405),.PCURVE_S1.);
#16394 = LINE('',#16395,#16396);
#16395 = CARTESIAN_POINT('',(1.35,1.25,0.35));
#16396 = VECTOR('',#16397,1.);
#16397 = DIRECTION('',(0.,0.,1.));
#16398 = PCURVE('',#16278,#16399);
#16399 = DEFINITIONAL_REPRESENTATION('',(#16400),#16404);
#16400 = LINE('',#16401,#16402);
#16401 = CARTESIAN_POINT('',(0.,2.7));
#16402 = VECTOR('',#16403,1.);
#16403 = DIRECTION('',(1.,0.));
#16404 = ( GEOMETRIC_REPRESENTATION_CONTEXT(2)
PARAMETRIC_REPRESENTATION_CONTEXT() REPRESENTATION_CONTEXT('2D SPACE',''
  ) );
#16405 = PCURVE('',#16331,#16406);
#16406 = DEFINITIONAL_REPRESENTATION('',(#16407),#16411);
#16407 = LINE('',#16408,#16409);
#16408 = CARTESIAN_POINT('',(0.,-2.5));
#16409 = VECTOR('',#16410,1.);
#16410 = DIRECTION('',(1.,0.));
#16411 = ( GEOMETRIC_REPRESENTATION_CONTEXT(2)
PARAMETRIC_REPRESENTATION_CONTEXT() REPRESENTATION_CONTEXT('2D SPACE',''
  ) );
#16412 = ADVANCED_FACE('',(#16413),#16252,.F.);
#16413 = FACE_BOUND('',#16414,.F.);
#16414 = EDGE_LOOP('',(#16415,#16416,#16437,#16458));
#16415 = ORIENTED_EDGE('',*,*,#16236,.F.);
#16416 = ORIENTED_EDGE('',*,*,#16417,.F.);
#16417 = EDGE_CURVE('',#16418,#16211,#16420,.T.);
#16418 = VERTEX_POINT('',#16419);
#16419 = CARTESIAN_POINT('',(1.35,0.,0.35));
#16420 = SURFACE_CURVE('',#16421,(#16425,#16431),.PCURVE_S1.);
#16421 = LINE('',#16422,#16423);
#16422 = CARTESIAN_POINT('',(-15.675,0.,0.35));
#16423 = VECTOR('',#16424,1.);
#16424 = DIRECTION('',(-1.,0.,0.));
#16425 = PCURVE('',#16252,#16426);
#16426 = DEFINITIONAL_REPRESENTATION('',(#16427),#16430);
#16427 = B_SPLINE_CURVE_WITH_KNOTS('',1,(#16428,#16429),.UNSPECIFIED.,
  .F.,.F.,(2,2),(-17.025,-14.325),.PIECEWISE_BEZIER_KNOTS.);
#16428 = CARTESIAN_POINT('',(2.7,1.25));
#16429 = CARTESIAN_POINT('',(0.,1.25));
#16430 = ( GEOMETRIC_REPRESENTATION_CONTEXT(2)
PARAMETRIC_REPRESENTATION_CONTEXT() REPRESENTATION_CONTEXT('2D SPACE',''
  ) );
#16431 = PCURVE('',#16225,#16432);
#16432 = DEFINITIONAL_REPRESENTATION('',(#16433),#16436);
#16433 = B_SPLINE_CURVE_WITH_KNOTS('',1,(#16434,#16435),.UNSPECIFIED.,
  .F.,.F.,(2,2),(-17.025,-14.325),.PIECEWISE_BEZIER_KNOTS.);
#16434 = CARTESIAN_POINT('',(65.35,31.35));
#16435 = CARTESIAN_POINT('',(65.35,28.65));
#16436 = ( GEOMETRIC_REPRESENTATION_CONTEXT(2)
PARAMETRIC_REPRESENTATION_CONTEXT() REPRESENTATION_CONTEXT('2D SPACE',''
  ) );
#16437 = ORIENTED_EDGE('',*,*,#16438,.T.);
#16438 = EDGE_CURVE('',#16418,#16368,#16439,.T.);
#16439 = SURFACE_CURVE('',#16440,(#16444,#16451),.PCURVE_S1.);
#16440 = LINE('',#16441,#16442);
#16441 = CARTESIAN_POINT('',(1.35,-1.25,0.35));
#16442 = VECTOR('',#16443,1.);
#16443 = DIRECTION('',(0.,1.,0.));
#16444 = PCURVE('',#16252,#16445);
#16445 = DEFINITIONAL_REPRESENTATION('',(#16446),#16450);
#16446 = LINE('',#16447,#16448);
#16447 = CARTESIAN_POINT('',(2.7,0.));
#16448 = VECTOR('',#16449,1.);
#16449 = DIRECTION('',(0.,1.));
#16450 = ( GEOMETRIC_REPRESENTATION_CONTEXT(2)
PARAMETRIC_REPRESENTATION_CONTEXT() REPRESENTATION_CONTEXT('2D SPACE',''
  ) );
#16451 = PCURVE('',#16331,#16452);
#16452 = DEFINITIONAL_REPRESENTATION('',(#16453),#16457);
#16453 = LINE('',#16454,#16455);
#16454 = CARTESIAN_POINT('',(0.,0.));
#16455 = VECTOR('',#16456,1.);
#16456 = DIRECTION('',(0.,-1.));
#16457 = ( GEOMETRIC_REPRESENTATION_CONTEXT(2)
PARAMETRIC_REPRESENTATION_CONTEXT() REPRESENTATION_CONTEXT('2D SPACE',''
  ) );
#16458 = ORIENTED_EDGE('',*,*,#16367,.F.);
#16459 = ADVANCED_FACE('',(#16460),#16225,.F.);
#16460 = FACE_BOUND('',#16461,.F.);
#16461 = EDGE_LOOP('',(#16462,#16463,#16464,#16465));
#16462 = ORIENTED_EDGE('',*,*,#16417,.T.);
#16463 = ORIENTED_EDGE('',*,*,#16210,.T.);
#16464 = ORIENTED_EDGE('',*,*,#16294,.F.);
#16465 = ORIENTED_EDGE('',*,*,#16466,.F.);
#16466 = EDGE_CURVE('',#16418,#16295,#16467,.T.);
#16467 = SURFACE_CURVE('',#16468,(#16472,#16478),.PCURVE_S1.);
#16468 = LINE('',#16469,#16470);
#16469 = CARTESIAN_POINT('',(1.35,0.,-32.325));
#16470 = VECTOR('',#16471,1.);
#16471 = DIRECTION('',(0.,0.,1.));
#16472 = PCURVE('',#16225,#16473);
#16473 = DEFINITIONAL_REPRESENTATION('',(#16474),#16477);
#16474 = B_SPLINE_CURVE_WITH_KNOTS('',1,(#16475,#16476),.UNSPECIFIED.,
  .F.,.F.,(2,2),(32.675,32.775),.PIECEWISE_BEZIER_KNOTS.);
#16475 = CARTESIAN_POINT('',(65.35,31.35));
#16476 = CARTESIAN_POINT('',(65.45,31.35));
#16477 = ( GEOMETRIC_REPRESENTATION_CONTEXT(2)
PARAMETRIC_REPRESENTATION_CONTEXT() REPRESENTATION_CONTEXT('2D SPACE',''
  ) );
#16478 = PCURVE('',#16331,#16479);
#16479 = DEFINITIONAL_REPRESENTATION('',(#16480),#16483);
#16480 = B_SPLINE_CURVE_WITH_KNOTS('',1,(#16481,#16482),.UNSPECIFIED.,
  .F.,.F.,(2,2),(32.675,32.775),.PIECEWISE_BEZIER_KNOTS.);
#16481 = CARTESIAN_POINT('',(0.,-1.25));
#16482 = CARTESIAN_POINT('',(0.1,-1.25));
#16483 = ( GEOMETRIC_REPRESENTATION_CONTEXT(2)
PARAMETRIC_REPRESENTATION_CONTEXT() REPRESENTATION_CONTEXT('2D SPACE',''
  ) );
#16484 = ADVANCED_FACE('',(#16485),#16331,.T.);
#16485 = FACE_BOUND('',#16486,.T.);
#16486 = EDGE_LOOP('',(#16487,#16488,#16489,#16490));
#16487 = ORIENTED_EDGE('',*,*,#16315,.F.);
#16488 = ORIENTED_EDGE('',*,*,#16466,.F.);
#16489 = ORIENTED_EDGE('',*,*,#16438,.T.);
#16490 = ORIENTED_EDGE('',*,*,#16392,.T.);
#16491 = ( GEOMETRIC_REPRESENTATION_CONTEXT(3)
GLOBAL_UNCERTAINTY_ASSIGNED_CONTEXT((#16495))
GLOBAL_UNIT_ASSIGNED_CONTEXT((#16492,#16493,#16494))
REPRESENTATION_CONTEXT('Context #1',
  '3D Context with UNIT and UNCERTAINTY') );
#16492 = ( LENGTH_UNIT() NAMED_UNIT(*) SI_UNIT(.MILLI.,.METRE.) );
#16493 = ( NAMED_UNIT(*) PLANE_ANGLE_UNIT() SI_UNIT($,.RADIAN.) );
#16494 = ( NAMED_UNIT(*) SI_UNIT($,.STERADIAN.) SOLID_ANGLE_UNIT() );
#16495 = UNCERTAINTY_MEASURE_WITH_UNIT(LENGTH_MEASURE(1.E-07),#16492,
  'distance_accuracy_value','confusion accuracy');
#16496 = CONTEXT_DEPENDENT_SHAPE_REPRESENTATION(#16497,#16499);
#16497 = ( REPRESENTATION_RELATIONSHIP('','',#16168,#10)
REPRESENTATION_RELATIONSHIP_WITH_TRANSFORMATION(#16498)
SHAPE_REPRESENTATION_RELATIONSHIP() );
#16498 = ITEM_DEFINED_TRANSFORMATION('','',#11,#75);
#16499 = PRODUCT_DEFINITION_SHAPE('Placement','Placement of an item',
  #16500);
#16500 = NEXT_ASSEMBLY_USAGE_OCCURRENCE('161','','',#5,#16163,$);
#16501 = PRODUCT_RELATED_PRODUCT_CATEGORY('part',$,(#16165));
#16502 = SHAPE_DEFINITION_REPRESENTATION(#16503,#16509);
#16503 = PRODUCT_DEFINITION_SHAPE('','',#16504);
#16504 = PRODUCT_DEFINITION('design','',#16505,#16508);
#16505 = PRODUCT_DEFINITION_FORMATION('','',#16506);
#16506 = PRODUCT('Open CASCADE STEP translator 7.8 6.17',
  'Open CASCADE STEP translator 7.8 6.17','',(#16507));
#16507 = PRODUCT_CONTEXT('',#2,'mechanical');
#16508 = PRODUCT_DEFINITION_CONTEXT('part definition',#2,'design');
#16509 = ADVANCED_BREP_SHAPE_REPRESENTATION('',(#11,#16510),#16832);
#16510 = MANIFOLD_SOLID_BREP('',#16511);
#16511 = CLOSED_SHELL('',(#16512,#16630,#16704,#16753,#16800,#16825));
#16512 = ADVANCED_FACE('',(#16513),#16527,.F.);
#16513 = FACE_BOUND('',#16514,.F.);
#16514 = EDGE_LOOP('',(#16515,#16550,#16576,#16604));
#16515 = ORIENTED_EDGE('',*,*,#16516,.F.);
#16516 = EDGE_CURVE('',#16517,#16519,#16521,.T.);
#16517 = VERTEX_POINT('',#16518);
#16518 = CARTESIAN_POINT('',(-1.15,0.,0.35));
#16519 = VERTEX_POINT('',#16520);
#16520 = CARTESIAN_POINT('',(-1.15,1.05,0.35));
#16521 = SURFACE_CURVE('',#16522,(#16526,#16538),.PCURVE_S1.);
#16522 = LINE('',#16523,#16524);
#16523 = CARTESIAN_POINT('',(-1.15,-1.05,0.35));
#16524 = VECTOR('',#16525,1.);
#16525 = DIRECTION('',(0.,1.,0.));
#16526 = PCURVE('',#16527,#16532);
#16527 = PLANE('',#16528);
#16528 = AXIS2_PLACEMENT_3D('',#16529,#16530,#16531);
#16529 = CARTESIAN_POINT('',(-1.15,-1.05,-0.55));
#16530 = DIRECTION('',(1.,0.,0.));
#16531 = DIRECTION('',(0.,0.,1.));
#16532 = DEFINITIONAL_REPRESENTATION('',(#16533),#16537);
#16533 = LINE('',#16534,#16535);
#16534 = CARTESIAN_POINT('',(0.9,0.));
#16535 = VECTOR('',#16536,1.);
#16536 = DIRECTION('',(0.,-1.));
#16537 = ( GEOMETRIC_REPRESENTATION_CONTEXT(2)
PARAMETRIC_REPRESENTATION_CONTEXT() REPRESENTATION_CONTEXT('2D SPACE',''
  ) );
#16538 = PCURVE('',#16539,#16544);
#16539 = PLANE('',#16540);
#16540 = AXIS2_PLACEMENT_3D('',#16541,#16542,#16543);
#16541 = CARTESIAN_POINT('',(-1.15,-1.05,0.35));
#16542 = DIRECTION('',(0.,0.,1.));
#16543 = DIRECTION('',(1.,0.,0.));
#16544 = DEFINITIONAL_REPRESENTATION('',(#16545),#16549);
#16545 = LINE('',#16546,#16547);
#16546 = CARTESIAN_POINT('',(0.,0.));
#16547 = VECTOR('',#16548,1.);
#16548 = DIRECTION('',(0.,1.));
#16549 = ( GEOMETRIC_REPRESENTATION_CONTEXT(2)
PARAMETRIC_REPRESENTATION_CONTEXT() REPRESENTATION_CONTEXT('2D SPACE',''
  ) );
#16550 = ORIENTED_EDGE('',*,*,#16551,.F.);
#16551 = EDGE_CURVE('',#16552,#16517,#16554,.T.);
#16552 = VERTEX_POINT('',#16553);
#16553 = CARTESIAN_POINT('',(-1.15,0.,-0.55));
#16554 = SURFACE_CURVE('',#16555,(#16559,#16565),.PCURVE_S1.);
#16555 = LINE('',#16556,#16557);
#16556 = CARTESIAN_POINT('',(-1.15,0.,-32.775));
#16557 = VECTOR('',#16558,1.);
#16558 = DIRECTION('',(0.,0.,1.));
#16559 = PCURVE('',#16527,#16560);
#16560 = DEFINITIONAL_REPRESENTATION('',(#16561),#16564);
#16561 = B_SPLINE_CURVE_WITH_KNOTS('',1,(#16562,#16563),.UNSPECIFIED.,
  .F.,.F.,(2,2),(32.225,33.125),.PIECEWISE_BEZIER_KNOTS.);
#16562 = CARTESIAN_POINT('',(0.,-1.05));
#16563 = CARTESIAN_POINT('',(0.9,-1.05));
#16564 = ( GEOMETRIC_REPRESENTATION_CONTEXT(2)
PARAMETRIC_REPRESENTATION_CONTEXT() REPRESENTATION_CONTEXT('2D SPACE',''
  ) );
#16565 = PCURVE('',#16566,#16571);
#16566 = PLANE('',#16567);
#16567 = AXIS2_PLACEMENT_3D('',#16568,#16569,#16570);
#16568 = CARTESIAN_POINT('',(-30.,0.,-65.));
#16569 = DIRECTION('',(0.,1.,0.));
#16570 = DIRECTION('',(0.,0.,1.));
#16571 = DEFINITIONAL_REPRESENTATION('',(#16572),#16575);
#16572 = B_SPLINE_CURVE_WITH_KNOTS('',1,(#16573,#16574),.UNSPECIFIED.,
  .F.,.F.,(2,2),(32.225,33.125),.PIECEWISE_BEZIER_KNOTS.);
#16573 = CARTESIAN_POINT('',(64.45,28.85));
#16574 = CARTESIAN_POINT('',(65.35,28.85));
#16575 = ( GEOMETRIC_REPRESENTATION_CONTEXT(2)
PARAMETRIC_REPRESENTATION_CONTEXT() REPRESENTATION_CONTEXT('2D SPACE',''
  ) );
#16576 = ORIENTED_EDGE('',*,*,#16577,.T.);
#16577 = EDGE_CURVE('',#16552,#16578,#16580,.T.);
#16578 = VERTEX_POINT('',#16579);
#16579 = CARTESIAN_POINT('',(-1.15,1.05,-0.55));
#16580 = SURFACE_CURVE('',#16581,(#16585,#16592),.PCURVE_S1.);
#16581 = LINE('',#16582,#16583);
#16582 = CARTESIAN_POINT('',(-1.15,-1.05,-0.55));
#16583 = VECTOR('',#16584,1.);
#16584 = DIRECTION('',(0.,1.,0.));
#16585 = PCURVE('',#16527,#16586);
#16586 = DEFINITIONAL_REPRESENTATION('',(#16587),#16591);
#16587 = LINE('',#16588,#16589);
#16588 = CARTESIAN_POINT('',(0.,0.));
#16589 = VECTOR('',#16590,1.);
#16590 = DIRECTION('',(0.,-1.));
#16591 = ( GEOMETRIC_REPRESENTATION_CONTEXT(2)
PARAMETRIC_REPRESENTATION_CONTEXT() REPRESENTATION_CONTEXT('2D SPACE',''
  ) );
#16592 = PCURVE('',#16593,#16598);
#16593 = PLANE('',#16594);
#16594 = AXIS2_PLACEMENT_3D('',#16595,#16596,#16597);
#16595 = CARTESIAN_POINT('',(-1.15,-1.05,-0.55));
#16596 = DIRECTION('',(0.,0.,1.));
#16597 = DIRECTION('',(1.,0.,0.));
#16598 = DEFINITIONAL_REPRESENTATION('',(#16599),#16603);
#16599 = LINE('',#16600,#16601);
#16600 = CARTESIAN_POINT('',(0.,0.));
#16601 = VECTOR('',#16602,1.);
#16602 = DIRECTION('',(0.,1.));
#16603 = ( GEOMETRIC_REPRESENTATION_CONTEXT(2)
PARAMETRIC_REPRESENTATION_CONTEXT() REPRESENTATION_CONTEXT('2D SPACE',''
  ) );
#16604 = ORIENTED_EDGE('',*,*,#16605,.T.);
#16605 = EDGE_CURVE('',#16578,#16519,#16606,.T.);
#16606 = SURFACE_CURVE('',#16607,(#16611,#16618),.PCURVE_S1.);
#16607 = LINE('',#16608,#16609);
#16608 = CARTESIAN_POINT('',(-1.15,1.05,-0.55));
#16609 = VECTOR('',#16610,1.);
#16610 = DIRECTION('',(0.,0.,1.));
#16611 = PCURVE('',#16527,#16612);
#16612 = DEFINITIONAL_REPRESENTATION('',(#16613),#16617);
#16613 = LINE('',#16614,#16615);
#16614 = CARTESIAN_POINT('',(0.,-2.1));
#16615 = VECTOR('',#16616,1.);
#16616 = DIRECTION('',(1.,0.));
#16617 = ( GEOMETRIC_REPRESENTATION_CONTEXT(2)
PARAMETRIC_REPRESENTATION_CONTEXT() REPRESENTATION_CONTEXT('2D SPACE',''
  ) );
#16618 = PCURVE('',#16619,#16624);
#16619 = PLANE('',#16620);
#16620 = AXIS2_PLACEMENT_3D('',#16621,#16622,#16623);
#16621 = CARTESIAN_POINT('',(-1.15,1.05,-0.55));
#16622 = DIRECTION('',(0.,1.,0.));
#16623 = DIRECTION('',(0.,0.,1.));
#16624 = DEFINITIONAL_REPRESENTATION('',(#16625),#16629);
#16625 = LINE('',#16626,#16627);
#16626 = CARTESIAN_POINT('',(0.,0.));
#16627 = VECTOR('',#16628,1.);
#16628 = DIRECTION('',(1.,0.));
#16629 = ( GEOMETRIC_REPRESENTATION_CONTEXT(2)
PARAMETRIC_REPRESENTATION_CONTEXT() REPRESENTATION_CONTEXT('2D SPACE',''
  ) );
#16630 = ADVANCED_FACE('',(#16631),#16539,.T.);
#16631 = FACE_BOUND('',#16632,.T.);
#16632 = EDGE_LOOP('',(#16633,#16634,#16655,#16683));
#16633 = ORIENTED_EDGE('',*,*,#16516,.F.);
#16634 = ORIENTED_EDGE('',*,*,#16635,.F.);
#16635 = EDGE_CURVE('',#16636,#16517,#16638,.T.);
#16636 = VERTEX_POINT('',#16637);
#16637 = CARTESIAN_POINT('',(1.15,0.,0.35));
#16638 = SURFACE_CURVE('',#16639,(#16643,#16649),.PCURVE_S1.);
#16639 = LINE('',#16640,#16641);
#16640 = CARTESIAN_POINT('',(-15.575,0.,0.35));
#16641 = VECTOR('',#16642,1.);
#16642 = DIRECTION('',(-1.,0.,0.));
#16643 = PCURVE('',#16539,#16644);
#16644 = DEFINITIONAL_REPRESENTATION('',(#16645),#16648);
#16645 = B_SPLINE_CURVE_WITH_KNOTS('',1,(#16646,#16647),.UNSPECIFIED.,
  .F.,.F.,(2,2),(-16.725,-14.425),.PIECEWISE_BEZIER_KNOTS.);
#16646 = CARTESIAN_POINT('',(2.3,1.05));
#16647 = CARTESIAN_POINT('',(0.,1.05));
#16648 = ( GEOMETRIC_REPRESENTATION_CONTEXT(2)
PARAMETRIC_REPRESENTATION_CONTEXT() REPRESENTATION_CONTEXT('2D SPACE',''
  ) );
#16649 = PCURVE('',#16566,#16650);
#16650 = DEFINITIONAL_REPRESENTATION('',(#16651),#16654);
#16651 = B_SPLINE_CURVE_WITH_KNOTS('',1,(#16652,#16653),.UNSPECIFIED.,
  .F.,.F.,(2,2),(-16.725,-14.425),.PIECEWISE_BEZIER_KNOTS.);
#16652 = CARTESIAN_POINT('',(65.35,31.15));
#16653 = CARTESIAN_POINT('',(65.35,28.85));
#16654 = ( GEOMETRIC_REPRESENTATION_CONTEXT(2)
PARAMETRIC_REPRESENTATION_CONTEXT() REPRESENTATION_CONTEXT('2D SPACE',''
  ) );
#16655 = ORIENTED_EDGE('',*,*,#16656,.T.);
#16656 = EDGE_CURVE('',#16636,#16657,#16659,.T.);
#16657 = VERTEX_POINT('',#16658);
#16658 = CARTESIAN_POINT('',(1.15,1.05,0.35));
#16659 = SURFACE_CURVE('',#16660,(#16664,#16671),.PCURVE_S1.);
#16660 = LINE('',#16661,#16662);
#16661 = CARTESIAN_POINT('',(1.15,-1.05,0.35));
#16662 = VECTOR('',#16663,1.);
#16663 = DIRECTION('',(0.,1.,0.));
#16664 = PCURVE('',#16539,#16665);
#16665 = DEFINITIONAL_REPRESENTATION('',(#16666),#16670);
#16666 = LINE('',#16667,#16668);
#16667 = CARTESIAN_POINT('',(2.3,0.));
#16668 = VECTOR('',#16669,1.);
#16669 = DIRECTION('',(0.,1.));
#16670 = ( GEOMETRIC_REPRESENTATION_CONTEXT(2)
PARAMETRIC_REPRESENTATION_CONTEXT() REPRESENTATION_CONTEXT('2D SPACE',''
  ) );
#16671 = PCURVE('',#16672,#16677);
#16672 = PLANE('',#16673);
#16673 = AXIS2_PLACEMENT_3D('',#16674,#16675,#16676);
#16674 = CARTESIAN_POINT('',(1.15,-1.05,-0.55));
#16675 = DIRECTION('',(1.,0.,0.));
#16676 = DIRECTION('',(0.,0.,1.));
#16677 = DEFINITIONAL_REPRESENTATION('',(#16678),#16682);
#16678 = LINE('',#16679,#16680);
#16679 = CARTESIAN_POINT('',(0.9,0.));
#16680 = VECTOR('',#16681,1.);
#16681 = DIRECTION('',(0.,-1.));
#16682 = ( GEOMETRIC_REPRESENTATION_CONTEXT(2)
PARAMETRIC_REPRESENTATION_CONTEXT() REPRESENTATION_CONTEXT('2D SPACE',''
  ) );
#16683 = ORIENTED_EDGE('',*,*,#16684,.F.);
#16684 = EDGE_CURVE('',#16519,#16657,#16685,.T.);
#16685 = SURFACE_CURVE('',#16686,(#16690,#16697),.PCURVE_S1.);
#16686 = LINE('',#16687,#16688);
#16687 = CARTESIAN_POINT('',(-1.15,1.05,0.35));
#16688 = VECTOR('',#16689,1.);
#16689 = DIRECTION('',(1.,0.,0.));
#16690 = PCURVE('',#16539,#16691);
#16691 = DEFINITIONAL_REPRESENTATION('',(#16692),#16696);
#16692 = LINE('',#16693,#16694);
#16693 = CARTESIAN_POINT('',(0.,2.1));
#16694 = VECTOR('',#16695,1.);
#16695 = DIRECTION('',(1.,0.));
#16696 = ( GEOMETRIC_REPRESENTATION_CONTEXT(2)
PARAMETRIC_REPRESENTATION_CONTEXT() REPRESENTATION_CONTEXT('2D SPACE',''
  ) );
#16697 = PCURVE('',#16619,#16698);
#16698 = DEFINITIONAL_REPRESENTATION('',(#16699),#16703);
#16699 = LINE('',#16700,#16701);
#16700 = CARTESIAN_POINT('',(0.9,0.));
#16701 = VECTOR('',#16702,1.);
#16702 = DIRECTION('',(0.,1.));
#16703 = ( GEOMETRIC_REPRESENTATION_CONTEXT(2)
PARAMETRIC_REPRESENTATION_CONTEXT() REPRESENTATION_CONTEXT('2D SPACE',''
  ) );
#16704 = ADVANCED_FACE('',(#16705),#16619,.T.);
#16705 = FACE_BOUND('',#16706,.T.);
#16706 = EDGE_LOOP('',(#16707,#16730,#16731,#16732));
#16707 = ORIENTED_EDGE('',*,*,#16708,.F.);
#16708 = EDGE_CURVE('',#16578,#16709,#16711,.T.);
#16709 = VERTEX_POINT('',#16710);
#16710 = CARTESIAN_POINT('',(1.15,1.05,-0.55));
#16711 = SURFACE_CURVE('',#16712,(#16716,#16723),.PCURVE_S1.);
#16712 = LINE('',#16713,#16714);
#16713 = CARTESIAN_POINT('',(-1.15,1.05,-0.55));
#16714 = VECTOR('',#16715,1.);
#16715 = DIRECTION('',(1.,0.,0.));
#16716 = PCURVE('',#16619,#16717);
#16717 = DEFINITIONAL_REPRESENTATION('',(#16718),#16722);
#16718 = LINE('',#16719,#16720);
#16719 = CARTESIAN_POINT('',(0.,0.));
#16720 = VECTOR('',#16721,1.);
#16721 = DIRECTION('',(0.,1.));
#16722 = ( GEOMETRIC_REPRESENTATION_CONTEXT(2)
PARAMETRIC_REPRESENTATION_CONTEXT() REPRESENTATION_CONTEXT('2D SPACE',''
  ) );
#16723 = PCURVE('',#16593,#16724);
#16724 = DEFINITIONAL_REPRESENTATION('',(#16725),#16729);
#16725 = LINE('',#16726,#16727);
#16726 = CARTESIAN_POINT('',(0.,2.1));
#16727 = VECTOR('',#16728,1.);
#16728 = DIRECTION('',(1.,0.));
#16729 = ( GEOMETRIC_REPRESENTATION_CONTEXT(2)
PARAMETRIC_REPRESENTATION_CONTEXT() REPRESENTATION_CONTEXT('2D SPACE',''
  ) );
#16730 = ORIENTED_EDGE('',*,*,#16605,.T.);
#16731 = ORIENTED_EDGE('',*,*,#16684,.T.);
#16732 = ORIENTED_EDGE('',*,*,#16733,.F.);
#16733 = EDGE_CURVE('',#16709,#16657,#16734,.T.);
#16734 = SURFACE_CURVE('',#16735,(#16739,#16746),.PCURVE_S1.);
#16735 = LINE('',#16736,#16737);
#16736 = CARTESIAN_POINT('',(1.15,1.05,-0.55));
#16737 = VECTOR('',#16738,1.);
#16738 = DIRECTION('',(0.,0.,1.));
#16739 = PCURVE('',#16619,#16740);
#16740 = DEFINITIONAL_REPRESENTATION('',(#16741),#16745);
#16741 = LINE('',#16742,#16743);
#16742 = CARTESIAN_POINT('',(0.,2.3));
#16743 = VECTOR('',#16744,1.);
#16744 = DIRECTION('',(1.,0.));
#16745 = ( GEOMETRIC_REPRESENTATION_CONTEXT(2)
PARAMETRIC_REPRESENTATION_CONTEXT() REPRESENTATION_CONTEXT('2D SPACE',''
  ) );
#16746 = PCURVE('',#16672,#16747);
#16747 = DEFINITIONAL_REPRESENTATION('',(#16748),#16752);
#16748 = LINE('',#16749,#16750);
#16749 = CARTESIAN_POINT('',(0.,-2.1));
#16750 = VECTOR('',#16751,1.);
#16751 = DIRECTION('',(1.,0.));
#16752 = ( GEOMETRIC_REPRESENTATION_CONTEXT(2)
PARAMETRIC_REPRESENTATION_CONTEXT() REPRESENTATION_CONTEXT('2D SPACE',''
  ) );
#16753 = ADVANCED_FACE('',(#16754),#16593,.F.);
#16754 = FACE_BOUND('',#16755,.F.);
#16755 = EDGE_LOOP('',(#16756,#16757,#16778,#16799));
#16756 = ORIENTED_EDGE('',*,*,#16577,.F.);
#16757 = ORIENTED_EDGE('',*,*,#16758,.F.);
#16758 = EDGE_CURVE('',#16759,#16552,#16761,.T.);
#16759 = VERTEX_POINT('',#16760);
#16760 = CARTESIAN_POINT('',(1.15,0.,-0.55));
#16761 = SURFACE_CURVE('',#16762,(#16766,#16772),.PCURVE_S1.);
#16762 = LINE('',#16763,#16764);
#16763 = CARTESIAN_POINT('',(-15.575,0.,-0.55));
#16764 = VECTOR('',#16765,1.);
#16765 = DIRECTION('',(-1.,0.,0.));
#16766 = PCURVE('',#16593,#16767);
#16767 = DEFINITIONAL_REPRESENTATION('',(#16768),#16771);
#16768 = B_SPLINE_CURVE_WITH_KNOTS('',1,(#16769,#16770),.UNSPECIFIED.,
  .F.,.F.,(2,2),(-16.725,-14.425),.PIECEWISE_BEZIER_KNOTS.);
#16769 = CARTESIAN_POINT('',(2.3,1.05));
#16770 = CARTESIAN_POINT('',(0.,1.05));
#16771 = ( GEOMETRIC_REPRESENTATION_CONTEXT(2)
PARAMETRIC_REPRESENTATION_CONTEXT() REPRESENTATION_CONTEXT('2D SPACE',''
  ) );
#16772 = PCURVE('',#16566,#16773);
#16773 = DEFINITIONAL_REPRESENTATION('',(#16774),#16777);
#16774 = B_SPLINE_CURVE_WITH_KNOTS('',1,(#16775,#16776),.UNSPECIFIED.,
  .F.,.F.,(2,2),(-16.725,-14.425),.PIECEWISE_BEZIER_KNOTS.);
#16775 = CARTESIAN_POINT('',(64.45,31.15));
#16776 = CARTESIAN_POINT('',(64.45,28.85));
#16777 = ( GEOMETRIC_REPRESENTATION_CONTEXT(2)
PARAMETRIC_REPRESENTATION_CONTEXT() REPRESENTATION_CONTEXT('2D SPACE',''
  ) );
#16778 = ORIENTED_EDGE('',*,*,#16779,.T.);
#16779 = EDGE_CURVE('',#16759,#16709,#16780,.T.);
#16780 = SURFACE_CURVE('',#16781,(#16785,#16792),.PCURVE_S1.);
#16781 = LINE('',#16782,#16783);
#16782 = CARTESIAN_POINT('',(1.15,-1.05,-0.55));
#16783 = VECTOR('',#16784,1.);
#16784 = DIRECTION('',(0.,1.,0.));
#16785 = PCURVE('',#16593,#16786);
#16786 = DEFINITIONAL_REPRESENTATION('',(#16787),#16791);
#16787 = LINE('',#16788,#16789);
#16788 = CARTESIAN_POINT('',(2.3,0.));
#16789 = VECTOR('',#16790,1.);
#16790 = DIRECTION('',(0.,1.));
#16791 = ( GEOMETRIC_REPRESENTATION_CONTEXT(2)
PARAMETRIC_REPRESENTATION_CONTEXT() REPRESENTATION_CONTEXT('2D SPACE',''
  ) );
#16792 = PCURVE('',#16672,#16793);
#16793 = DEFINITIONAL_REPRESENTATION('',(#16794),#16798);
#16794 = LINE('',#16795,#16796);
#16795 = CARTESIAN_POINT('',(0.,0.));
#16796 = VECTOR('',#16797,1.);
#16797 = DIRECTION('',(0.,-1.));
#16798 = ( GEOMETRIC_REPRESENTATION_CONTEXT(2)
PARAMETRIC_REPRESENTATION_CONTEXT() REPRESENTATION_CONTEXT('2D SPACE',''
  ) );
#16799 = ORIENTED_EDGE('',*,*,#16708,.F.);
#16800 = ADVANCED_FACE('',(#16801),#16566,.F.);
#16801 = FACE_BOUND('',#16802,.F.);
#16802 = EDGE_LOOP('',(#16803,#16804,#16805,#16806));
#16803 = ORIENTED_EDGE('',*,*,#16758,.T.);
#16804 = ORIENTED_EDGE('',*,*,#16551,.T.);
#16805 = ORIENTED_EDGE('',*,*,#16635,.F.);
#16806 = ORIENTED_EDGE('',*,*,#16807,.F.);
#16807 = EDGE_CURVE('',#16759,#16636,#16808,.T.);
#16808 = SURFACE_CURVE('',#16809,(#16813,#16819),.PCURVE_S1.);
#16809 = LINE('',#16810,#16811);
#16810 = CARTESIAN_POINT('',(1.15,0.,-32.775));
#16811 = VECTOR('',#16812,1.);
#16812 = DIRECTION('',(0.,0.,1.));
#16813 = PCURVE('',#16566,#16814);
#16814 = DEFINITIONAL_REPRESENTATION('',(#16815),#16818);
#16815 = B_SPLINE_CURVE_WITH_KNOTS('',1,(#16816,#16817),.UNSPECIFIED.,
  .F.,.F.,(2,2),(32.225,33.125),.PIECEWISE_BEZIER_KNOTS.);
#16816 = CARTESIAN_POINT('',(64.45,31.15));
#16817 = CARTESIAN_POINT('',(65.35,31.15));
#16818 = ( GEOMETRIC_REPRESENTATION_CONTEXT(2)
PARAMETRIC_REPRESENTATION_CONTEXT() REPRESENTATION_CONTEXT('2D SPACE',''
  ) );
#16819 = PCURVE('',#16672,#16820);
#16820 = DEFINITIONAL_REPRESENTATION('',(#16821),#16824);
#16821 = B_SPLINE_CURVE_WITH_KNOTS('',1,(#16822,#16823),.UNSPECIFIED.,
  .F.,.F.,(2,2),(32.225,33.125),.PIECEWISE_BEZIER_KNOTS.);
#16822 = CARTESIAN_POINT('',(0.,-1.05));
#16823 = CARTESIAN_POINT('',(0.9,-1.05));
#16824 = ( GEOMETRIC_REPRESENTATION_CONTEXT(2)
PARAMETRIC_REPRESENTATION_CONTEXT() REPRESENTATION_CONTEXT('2D SPACE',''
  ) );
#16825 = ADVANCED_FACE('',(#16826),#16672,.T.);
#16826 = FACE_BOUND('',#16827,.T.);
#16827 = EDGE_LOOP('',(#16828,#16829,#16830,#16831));
#16828 = ORIENTED_EDGE('',*,*,#16656,.F.);
#16829 = ORIENTED_EDGE('',*,*,#16807,.F.);
#16830 = ORIENTED_EDGE('',*,*,#16779,.T.);
#16831 = ORIENTED_EDGE('',*,*,#16733,.T.);
#16832 = ( GEOMETRIC_REPRESENTATION_CONTEXT(3)
GLOBAL_UNCERTAINTY_ASSIGNED_CONTEXT((#16836))
GLOBAL_UNIT_ASSIGNED_CONTEXT((#16833,#16834,#16835))
REPRESENTATION_CONTEXT('Context #1',
  '3D Context with UNIT and UNCERTAINTY') );
#16833 = ( LENGTH_UNIT() NAMED_UNIT(*) SI_UNIT(.MILLI.,.METRE.) );
#16834 = ( NAMED_UNIT(*) PLANE_ANGLE_UNIT() SI_UNIT($,.RADIAN.) );
#16835 = ( NAMED_UNIT(*) SI_UNIT($,.STERADIAN.) SOLID_ANGLE_UNIT() );
#16836 = UNCERTAINTY_MEASURE_WITH_UNIT(LENGTH_MEASURE(1.E-07),#16833,
  'distance_accuracy_value','confusion accuracy');
#16837 = CONTEXT_DEPENDENT_SHAPE_REPRESENTATION(#16838,#16840);
#16838 = ( REPRESENTATION_RELATIONSHIP('','',#16509,#10)
REPRESENTATION_RELATIONSHIP_WITH_TRANSFORMATION(#16839)
SHAPE_REPRESENTATION_RELATIONSHIP() );
#16839 = ITEM_DEFINED_TRANSFORMATION('','',#11,#79);
#16840 = PRODUCT_DEFINITION_SHAPE('Placement','Placement of an item',
  #16841);
#16841 = NEXT_ASSEMBLY_USAGE_OCCURRENCE('162','','',#5,#16504,$);
#16842 = PRODUCT_RELATED_PRODUCT_CATEGORY('part',$,(#16506));
#16843 = SHAPE_DEFINITION_REPRESENTATION(#16844,#16850);
#16844 = PRODUCT_DEFINITION_SHAPE('','',#16845);
#16845 = PRODUCT_DEFINITION('design','',#16846,#16849);
#16846 = PRODUCT_DEFINITION_FORMATION('','',#16847);
#16847 = PRODUCT('Open CASCADE STEP translator 7.8 6.18',
  'Open CASCADE STEP translator 7.8 6.18','',(#16848));
#16848 = PRODUCT_CONTEXT('',#2,'mechanical');
#16849 = PRODUCT_DEFINITION_CONTEXT('part definition',#2,'design');
#16850 = ADVANCED_BREP_SHAPE_REPRESENTATION('',(#11,#16851),#17631);
#16851 = MANIFOLD_SOLID_BREP('',#16852);
#16852 = CLOSED_SHELL('',(#16853,#16971,#17209,#17257,#17428,#17456,
    #17484,#17512,#17540,#17568,#17596,#17624));
#16853 = ADVANCED_FACE('',(#16854),#16868,.T.);
#16854 = FACE_BOUND('',#16855,.F.);
#16855 = EDGE_LOOP('',(#16856,#16889,#16918,#16944));
#16856 = ORIENTED_EDGE('',*,*,#16857,.F.);
#16857 = EDGE_CURVE('',#16858,#16860,#16862,.T.);
#16858 = VERTEX_POINT('',#16859);
#16859 = CARTESIAN_POINT('',(5.4,0.,-1.2));
#16860 = VERTEX_POINT('',#16861);
#16861 = CARTESIAN_POINT('',(5.8,0.,-1.2));
#16862 = SURFACE_CURVE('',#16863,(#16867,#16878),.PCURVE_S1.);
#16863 = LINE('',#16864,#16865);
#16864 = CARTESIAN_POINT('',(-15.,0.,-1.2));
#16865 = VECTOR('',#16866,1.);
#16866 = DIRECTION('',(1.,0.,0.));
#16867 = PCURVE('',#16868,#16873);
#16868 = PLANE('',#16869);
#16869 = AXIS2_PLACEMENT_3D('',#16870,#16871,#16872);
#16870 = CARTESIAN_POINT('',(0.,0.,-1.2));
#16871 = DIRECTION('',(0.,0.,1.));
#16872 = DIRECTION('',(1.,0.,-0.));
#16873 = DEFINITIONAL_REPRESENTATION('',(#16874),#16877);
#16874 = B_SPLINE_CURVE_WITH_KNOTS('',1,(#16875,#16876),.UNSPECIFIED.,
  .F.,.F.,(2,2),(9.2,20.8),.PIECEWISE_BEZIER_KNOTS.);
#16875 = CARTESIAN_POINT('',(-5.8,0.));
#16876 = CARTESIAN_POINT('',(5.8,0.));
#16877 = ( GEOMETRIC_REPRESENTATION_CONTEXT(2)
PARAMETRIC_REPRESENTATION_CONTEXT() REPRESENTATION_CONTEXT('2D SPACE',''
  ) );
#16878 = PCURVE('',#16879,#16884);
#16879 = PLANE('',#16880);
#16880 = AXIS2_PLACEMENT_3D('',#16881,#16882,#16883);
#16881 = CARTESIAN_POINT('',(-30.,0.,-65.));
#16882 = DIRECTION('',(0.,1.,0.));
#16883 = DIRECTION('',(0.,0.,1.));
#16884 = DEFINITIONAL_REPRESENTATION('',(#16885),#16888);
#16885 = B_SPLINE_CURVE_WITH_KNOTS('',1,(#16886,#16887),.UNSPECIFIED.,
  .F.,.F.,(2,2),(9.2,20.8),.PIECEWISE_BEZIER_KNOTS.);
#16886 = CARTESIAN_POINT('',(63.8,24.2));
#16887 = CARTESIAN_POINT('',(63.8,35.8));
#16888 = ( GEOMETRIC_REPRESENTATION_CONTEXT(2)
PARAMETRIC_REPRESENTATION_CONTEXT() REPRESENTATION_CONTEXT('2D SPACE',''
  ) );
#16889 = ORIENTED_EDGE('',*,*,#16890,.T.);
#16890 = EDGE_CURVE('',#16858,#16891,#16893,.T.);
#16891 = VERTEX_POINT('',#16892);
#16892 = CARTESIAN_POINT('',(-5.4,6.613092715396E-16,-1.2));
#16893 = SURFACE_CURVE('',#16894,(#16899,#16906),.PCURVE_S1.);
#16894 = CIRCLE('',#16895,5.4);
#16895 = AXIS2_PLACEMENT_3D('',#16896,#16897,#16898);
#16896 = CARTESIAN_POINT('',(0.,0.,-1.2));
#16897 = DIRECTION('',(0.,0.,1.));
#16898 = DIRECTION('',(1.,0.,-0.));
#16899 = PCURVE('',#16868,#16900);
#16900 = DEFINITIONAL_REPRESENTATION('',(#16901),#16905);
#16901 = CIRCLE('',#16902,5.4);
#16902 = AXIS2_PLACEMENT_2D('',#16903,#16904);
#16903 = CARTESIAN_POINT('',(0.,0.));
#16904 = DIRECTION('',(1.,-0.));
#16905 = ( GEOMETRIC_REPRESENTATION_CONTEXT(2)
PARAMETRIC_REPRESENTATION_CONTEXT() REPRESENTATION_CONTEXT('2D SPACE',''
  ) );
#16906 = PCURVE('',#16907,#16912);
#16907 = CYLINDRICAL_SURFACE('',#16908,5.4);
#16908 = AXIS2_PLACEMENT_3D('',#16909,#16910,#16911);
#16909 = CARTESIAN_POINT('',(0.,0.,-1.5));
#16910 = DIRECTION('',(0.,0.,1.));
#16911 = DIRECTION('',(1.,0.,-0.));
#16912 = DEFINITIONAL_REPRESENTATION('',(#16913),#16917);
#16913 = LINE('',#16914,#16915);
#16914 = CARTESIAN_POINT('',(0.,0.3));
#16915 = VECTOR('',#16916,1.);
#16916 = DIRECTION('',(1.,0.));
#16917 = ( GEOMETRIC_REPRESENTATION_CONTEXT(2)
PARAMETRIC_REPRESENTATION_CONTEXT() REPRESENTATION_CONTEXT('2D SPACE',''
  ) );
#16918 = ORIENTED_EDGE('',*,*,#16919,.F.);
#16919 = EDGE_CURVE('',#16920,#16891,#16922,.T.);
#16920 = VERTEX_POINT('',#16921);
#16921 = CARTESIAN_POINT('',(-5.8,7.102951435055E-16,-1.2));
#16922 = SURFACE_CURVE('',#16923,(#16927,#16933),.PCURVE_S1.);
#16923 = LINE('',#16924,#16925);
#16924 = CARTESIAN_POINT('',(-15.,0.,-1.2));
#16925 = VECTOR('',#16926,1.);
#16926 = DIRECTION('',(1.,0.,0.));
#16927 = PCURVE('',#16868,#16928);
#16928 = DEFINITIONAL_REPRESENTATION('',(#16929),#16932);
#16929 = B_SPLINE_CURVE_WITH_KNOTS('',1,(#16930,#16931),.UNSPECIFIED.,
  .F.,.F.,(2,2),(9.2,20.8),.PIECEWISE_BEZIER_KNOTS.);
#16930 = CARTESIAN_POINT('',(-5.8,0.));
#16931 = CARTESIAN_POINT('',(5.8,0.));
#16932 = ( GEOMETRIC_REPRESENTATION_CONTEXT(2)
PARAMETRIC_REPRESENTATION_CONTEXT() REPRESENTATION_CONTEXT('2D SPACE',''
  ) );
#16933 = PCURVE('',#16934,#16939);
#16934 = PLANE('',#16935);
#16935 = AXIS2_PLACEMENT_3D('',#16936,#16937,#16938);
#16936 = CARTESIAN_POINT('',(-30.,0.,-65.));
#16937 = DIRECTION('',(0.,1.,0.));
#16938 = DIRECTION('',(0.,0.,1.));
#16939 = DEFINITIONAL_REPRESENTATION('',(#16940),#16943);
#16940 = B_SPLINE_CURVE_WITH_KNOTS('',1,(#16941,#16942),.UNSPECIFIED.,
  .F.,.F.,(2,2),(9.2,20.8),.PIECEWISE_BEZIER_KNOTS.);
#16941 = CARTESIAN_POINT('',(63.8,24.2));
#16942 = CARTESIAN_POINT('',(63.8,35.8));
#16943 = ( GEOMETRIC_REPRESENTATION_CONTEXT(2)
PARAMETRIC_REPRESENTATION_CONTEXT() REPRESENTATION_CONTEXT('2D SPACE',''
  ) );
#16944 = ORIENTED_EDGE('',*,*,#16945,.F.);
#16945 = EDGE_CURVE('',#16860,#16920,#16946,.T.);
#16946 = SURFACE_CURVE('',#16947,(#16952,#16959),.PCURVE_S1.);
#16947 = CIRCLE('',#16948,5.8);
#16948 = AXIS2_PLACEMENT_3D('',#16949,#16950,#16951);
#16949 = CARTESIAN_POINT('',(0.,0.,-1.2));
#16950 = DIRECTION('',(0.,0.,1.));
#16951 = DIRECTION('',(1.,0.,-0.));
#16952 = PCURVE('',#16868,#16953);
#16953 = DEFINITIONAL_REPRESENTATION('',(#16954),#16958);
#16954 = CIRCLE('',#16955,5.8);
#16955 = AXIS2_PLACEMENT_2D('',#16956,#16957);
#16956 = CARTESIAN_POINT('',(0.,0.));
#16957 = DIRECTION('',(1.,-0.));
#16958 = ( GEOMETRIC_REPRESENTATION_CONTEXT(2)
PARAMETRIC_REPRESENTATION_CONTEXT() REPRESENTATION_CONTEXT('2D SPACE',''
  ) );
#16959 = PCURVE('',#16960,#16965);
#16960 = CONICAL_SURFACE('',#16961,5.8,0.49394136892);
#16961 = AXIS2_PLACEMENT_3D('',#16962,#16963,#16964);
#16962 = CARTESIAN_POINT('',(0.,0.,-1.2));
#16963 = DIRECTION('',(-0.,-0.,-1.));
#16964 = DIRECTION('',(1.,0.,0.));
#16965 = DEFINITIONAL_REPRESENTATION('',(#16966),#16970);
#16966 = LINE('',#16967,#16968);
#16967 = CARTESIAN_POINT('',(-0.,0.));
#16968 = VECTOR('',#16969,1.);
#16969 = DIRECTION('',(-1.,0.));
#16970 = ( GEOMETRIC_REPRESENTATION_CONTEXT(2)
PARAMETRIC_REPRESENTATION_CONTEXT() REPRESENTATION_CONTEXT('2D SPACE',''
  ) );
#16971 = ADVANCED_FACE('',(#16972),#16879,.F.);
#16972 = FACE_BOUND('',#16973,.F.);
#16973 = EDGE_LOOP('',(#16974,#16975,#16998,#17026,#17052,#17080,#17106,
    #17134,#17162,#17188));
#16974 = ORIENTED_EDGE('',*,*,#16857,.T.);
#16975 = ORIENTED_EDGE('',*,*,#16976,.T.);
#16976 = EDGE_CURVE('',#16860,#16977,#16979,.T.);
#16977 = VERTEX_POINT('',#16978);
#16978 = CARTESIAN_POINT('',(6.5,0.,-2.5));
#16979 = SURFACE_CURVE('',#16980,(#16984,#16991),.PCURVE_S1.);
#16980 = LINE('',#16981,#16982);
#16981 = CARTESIAN_POINT('',(5.8,0.,-1.2));
#16982 = VECTOR('',#16983,1.);
#16983 = DIRECTION('',(0.474099823035,0.,-0.880471099922));
#16984 = PCURVE('',#16879,#16985);
#16985 = DEFINITIONAL_REPRESENTATION('',(#16986),#16990);
#16986 = LINE('',#16987,#16988);
#16987 = CARTESIAN_POINT('',(63.8,35.8));
#16988 = VECTOR('',#16989,1.);
#16989 = DIRECTION('',(-0.880471099922,0.474099823035));
#16990 = ( GEOMETRIC_REPRESENTATION_CONTEXT(2)
PARAMETRIC_REPRESENTATION_CONTEXT() REPRESENTATION_CONTEXT('2D SPACE',''
  ) );
#16991 = PCURVE('',#16960,#16992);
#16992 = DEFINITIONAL_REPRESENTATION('',(#16993),#16997);
#16993 = LINE('',#16994,#16995);
#16994 = CARTESIAN_POINT('',(-0.,0.));
#16995 = VECTOR('',#16996,1.);
#16996 = DIRECTION('',(-0.,1.));
#16997 = ( GEOMETRIC_REPRESENTATION_CONTEXT(2)
PARAMETRIC_REPRESENTATION_CONTEXT() REPRESENTATION_CONTEXT('2D SPACE',''
  ) );
#16998 = ORIENTED_EDGE('',*,*,#16999,.T.);
#16999 = EDGE_CURVE('',#16977,#17000,#17002,.T.);
#17000 = VERTEX_POINT('',#17001);
#17001 = CARTESIAN_POINT('',(7.5,0.,-0.8));
#17002 = SURFACE_CURVE('',#17003,(#17007,#17014),.PCURVE_S1.);
#17003 = LINE('',#17004,#17005);
#17004 = CARTESIAN_POINT('',(6.5,0.,-2.5));
#17005 = VECTOR('',#17006,1.);
#17006 = DIRECTION('',(0.507020126563,0.,0.861934215158));
#17007 = PCURVE('',#16879,#17008);
#17008 = DEFINITIONAL_REPRESENTATION('',(#17009),#17013);
#17009 = LINE('',#17010,#17011);
#17010 = CARTESIAN_POINT('',(62.5,36.5));
#17011 = VECTOR('',#17012,1.);
#17012 = DIRECTION('',(0.861934215158,0.507020126563));
#17013 = ( GEOMETRIC_REPRESENTATION_CONTEXT(2)
PARAMETRIC_REPRESENTATION_CONTEXT() REPRESENTATION_CONTEXT('2D SPACE',''
  ) );
#17014 = PCURVE('',#17015,#17020);
#17015 = CONICAL_SURFACE('',#17016,6.5,0.531724067259);
#17016 = AXIS2_PLACEMENT_3D('',#17017,#17018,#17019);
#17017 = CARTESIAN_POINT('',(0.,0.,-2.5));
#17018 = DIRECTION('',(0.,0.,1.));
#17019 = DIRECTION('',(1.,0.,-0.));
#17020 = DEFINITIONAL_REPRESENTATION('',(#17021),#17025);
#17021 = LINE('',#17022,#17023);
#17022 = CARTESIAN_POINT('',(0.,0.));
#17023 = VECTOR('',#17024,1.);
#17024 = DIRECTION('',(0.,1.));
#17025 = ( GEOMETRIC_REPRESENTATION_CONTEXT(2)
PARAMETRIC_REPRESENTATION_CONTEXT() REPRESENTATION_CONTEXT('2D SPACE',''
  ) );
#17026 = ORIENTED_EDGE('',*,*,#17027,.T.);
#17027 = EDGE_CURVE('',#17000,#17028,#17030,.T.);
#17028 = VERTEX_POINT('',#17029);
#17029 = CARTESIAN_POINT('',(8.5,0.,-0.8));
#17030 = SURFACE_CURVE('',#17031,(#17035,#17041),.PCURVE_S1.);
#17031 = LINE('',#17032,#17033);
#17032 = CARTESIAN_POINT('',(-15.,0.,-0.8));
#17033 = VECTOR('',#17034,1.);
#17034 = DIRECTION('',(1.,0.,0.));
#17035 = PCURVE('',#16879,#17036);
#17036 = DEFINITIONAL_REPRESENTATION('',(#17037),#17040);
#17037 = B_SPLINE_CURVE_WITH_KNOTS('',1,(#17038,#17039),.UNSPECIFIED.,
  .F.,.F.,(2,2),(6.5,23.5),.PIECEWISE_BEZIER_KNOTS.);
#17038 = CARTESIAN_POINT('',(64.2,21.5));
#17039 = CARTESIAN_POINT('',(64.2,38.5));
#17040 = ( GEOMETRIC_REPRESENTATION_CONTEXT(2)
PARAMETRIC_REPRESENTATION_CONTEXT() REPRESENTATION_CONTEXT('2D SPACE',''
  ) );
#17041 = PCURVE('',#17042,#17047);
#17042 = PLANE('',#17043);
#17043 = AXIS2_PLACEMENT_3D('',#17044,#17045,#17046);
#17044 = CARTESIAN_POINT('',(0.,0.,-0.8));
#17045 = DIRECTION('',(0.,0.,1.));
#17046 = DIRECTION('',(1.,0.,-0.));
#17047 = DEFINITIONAL_REPRESENTATION('',(#17048),#17051);
#17048 = B_SPLINE_CURVE_WITH_KNOTS('',1,(#17049,#17050),.UNSPECIFIED.,
  .F.,.F.,(2,2),(6.5,23.5),.PIECEWISE_BEZIER_KNOTS.);
#17049 = CARTESIAN_POINT('',(-8.5,0.));
#17050 = CARTESIAN_POINT('',(8.5,0.));
#17051 = ( GEOMETRIC_REPRESENTATION_CONTEXT(2)
PARAMETRIC_REPRESENTATION_CONTEXT() REPRESENTATION_CONTEXT('2D SPACE',''
  ) );
#17052 = ORIENTED_EDGE('',*,*,#17053,.T.);
#17053 = EDGE_CURVE('',#17028,#17054,#17056,.T.);
#17054 = VERTEX_POINT('',#17055);
#17055 = CARTESIAN_POINT('',(8.5,0.,-1.1));
#17056 = SURFACE_CURVE('',#17057,(#17061,#17068),.PCURVE_S1.);
#17057 = LINE('',#17058,#17059);
#17058 = CARTESIAN_POINT('',(8.5,0.,-0.8));
#17059 = VECTOR('',#17060,1.);
#17060 = DIRECTION('',(0.,0.,-1.));
#17061 = PCURVE('',#16879,#17062);
#17062 = DEFINITIONAL_REPRESENTATION('',(#17063),#17067);
#17063 = LINE('',#17064,#17065);
#17064 = CARTESIAN_POINT('',(64.2,38.5));
#17065 = VECTOR('',#17066,1.);
#17066 = DIRECTION('',(-1.,0.));
#17067 = ( GEOMETRIC_REPRESENTATION_CONTEXT(2)
PARAMETRIC_REPRESENTATION_CONTEXT() REPRESENTATION_CONTEXT('2D SPACE',''
  ) );
#17068 = PCURVE('',#17069,#17074);
#17069 = CYLINDRICAL_SURFACE('',#17070,8.5);
#17070 = AXIS2_PLACEMENT_3D('',#17071,#17072,#17073);
#17071 = CARTESIAN_POINT('',(0.,0.,-0.8));
#17072 = DIRECTION('',(-0.,-0.,-1.));
#17073 = DIRECTION('',(1.,0.,0.));
#17074 = DEFINITIONAL_REPRESENTATION('',(#17075),#17079);
#17075 = LINE('',#17076,#17077);
#17076 = CARTESIAN_POINT('',(-0.,0.));
#17077 = VECTOR('',#17078,1.);
#17078 = DIRECTION('',(-0.,1.));
#17079 = ( GEOMETRIC_REPRESENTATION_CONTEXT(2)
PARAMETRIC_REPRESENTATION_CONTEXT() REPRESENTATION_CONTEXT('2D SPACE',''
  ) );
#17080 = ORIENTED_EDGE('',*,*,#17081,.T.);
#17081 = EDGE_CURVE('',#17054,#17082,#17084,.T.);
#17082 = VERTEX_POINT('',#17083);
#17083 = CARTESIAN_POINT('',(7.5,0.,-1.1));
#17084 = SURFACE_CURVE('',#17085,(#17089,#17095),.PCURVE_S1.);
#17085 = LINE('',#17086,#17087);
#17086 = CARTESIAN_POINT('',(-15.,0.,-1.1));
#17087 = VECTOR('',#17088,1.);
#17088 = DIRECTION('',(-1.,0.,0.));
#17089 = PCURVE('',#16879,#17090);
#17090 = DEFINITIONAL_REPRESENTATION('',(#17091),#17094);
#17091 = B_SPLINE_CURVE_WITH_KNOTS('',1,(#17092,#17093),.UNSPECIFIED.,
  .F.,.F.,(2,2),(-23.5,-6.5),.PIECEWISE_BEZIER_KNOTS.);
#17092 = CARTESIAN_POINT('',(63.9,38.5));
#17093 = CARTESIAN_POINT('',(63.9,21.5));
#17094 = ( GEOMETRIC_REPRESENTATION_CONTEXT(2)
PARAMETRIC_REPRESENTATION_CONTEXT() REPRESENTATION_CONTEXT('2D SPACE',''
  ) );
#17095 = PCURVE('',#17096,#17101);
#17096 = PLANE('',#17097);
#17097 = AXIS2_PLACEMENT_3D('',#17098,#17099,#17100);
#17098 = CARTESIAN_POINT('',(0.,0.,-1.1));
#17099 = DIRECTION('',(0.,0.,1.));
#17100 = DIRECTION('',(1.,0.,-0.));
#17101 = DEFINITIONAL_REPRESENTATION('',(#17102),#17105);
#17102 = B_SPLINE_CURVE_WITH_KNOTS('',1,(#17103,#17104),.UNSPECIFIED.,
  .F.,.F.,(2,2),(-23.5,-6.5),.PIECEWISE_BEZIER_KNOTS.);
#17103 = CARTESIAN_POINT('',(8.5,0.));
#17104 = CARTESIAN_POINT('',(-8.5,0.));
#17105 = ( GEOMETRIC_REPRESENTATION_CONTEXT(2)
PARAMETRIC_REPRESENTATION_CONTEXT() REPRESENTATION_CONTEXT('2D SPACE',''
  ) );
#17106 = ORIENTED_EDGE('',*,*,#17107,.T.);
#17107 = EDGE_CURVE('',#17082,#17108,#17110,.T.);
#17108 = VERTEX_POINT('',#17109);
#17109 = CARTESIAN_POINT('',(6.5,0.,-2.8));
#17110 = SURFACE_CURVE('',#17111,(#17115,#17122),.PCURVE_S1.);
#17111 = LINE('',#17112,#17113);
#17112 = CARTESIAN_POINT('',(7.5,0.,-1.1));
#17113 = VECTOR('',#17114,1.);
#17114 = DIRECTION('',(-0.507020126563,0.,-0.861934215158));
#17115 = PCURVE('',#16879,#17116);
#17116 = DEFINITIONAL_REPRESENTATION('',(#17117),#17121);
#17117 = LINE('',#17118,#17119);
#17118 = CARTESIAN_POINT('',(63.9,37.5));
#17119 = VECTOR('',#17120,1.);
#17120 = DIRECTION('',(-0.861934215158,-0.507020126563));
#17121 = ( GEOMETRIC_REPRESENTATION_CONTEXT(2)
PARAMETRIC_REPRESENTATION_CONTEXT() REPRESENTATION_CONTEXT('2D SPACE',''
  ) );
#17122 = PCURVE('',#17123,#17128);
#17123 = CONICAL_SURFACE('',#17124,7.5,0.531724067259);
#17124 = AXIS2_PLACEMENT_3D('',#17125,#17126,#17127);
#17125 = CARTESIAN_POINT('',(0.,0.,-1.1));
#17126 = DIRECTION('',(0.,0.,1.));
#17127 = DIRECTION('',(1.,0.,0.));
#17128 = DEFINITIONAL_REPRESENTATION('',(#17129),#17133);
#17129 = LINE('',#17130,#17131);
#17130 = CARTESIAN_POINT('',(0.,-0.));
#17131 = VECTOR('',#17132,1.);
#17132 = DIRECTION('',(0.,-1.));
#17133 = ( GEOMETRIC_REPRESENTATION_CONTEXT(2)
PARAMETRIC_REPRESENTATION_CONTEXT() REPRESENTATION_CONTEXT('2D SPACE',''
  ) );
#17134 = ORIENTED_EDGE('',*,*,#17135,.T.);
#17135 = EDGE_CURVE('',#17108,#17136,#17138,.T.);
#17136 = VERTEX_POINT('',#17137);
#17137 = CARTESIAN_POINT('',(5.8,0.,-1.5));
#17138 = SURFACE_CURVE('',#17139,(#17143,#17150),.PCURVE_S1.);
#17139 = LINE('',#17140,#17141);
#17140 = CARTESIAN_POINT('',(6.5,0.,-2.8));
#17141 = VECTOR('',#17142,1.);
#17142 = DIRECTION('',(-0.474099823035,0.,0.880471099922));
#17143 = PCURVE('',#16879,#17144);
#17144 = DEFINITIONAL_REPRESENTATION('',(#17145),#17149);
#17145 = LINE('',#17146,#17147);
#17146 = CARTESIAN_POINT('',(62.2,36.5));
#17147 = VECTOR('',#17148,1.);
#17148 = DIRECTION('',(0.880471099922,-0.474099823035));
#17149 = ( GEOMETRIC_REPRESENTATION_CONTEXT(2)
PARAMETRIC_REPRESENTATION_CONTEXT() REPRESENTATION_CONTEXT('2D SPACE',''
  ) );
#17150 = PCURVE('',#17151,#17156);
#17151 = CONICAL_SURFACE('',#17152,6.5,0.49394136892);
#17152 = AXIS2_PLACEMENT_3D('',#17153,#17154,#17155);
#17153 = CARTESIAN_POINT('',(0.,0.,-2.8));
#17154 = DIRECTION('',(-0.,-0.,-1.));
#17155 = DIRECTION('',(1.,0.,-0.));
#17156 = DEFINITIONAL_REPRESENTATION('',(#17157),#17161);
#17157 = LINE('',#17158,#17159);
#17158 = CARTESIAN_POINT('',(-0.,-0.));
#17159 = VECTOR('',#17160,1.);
#17160 = DIRECTION('',(-0.,-1.));
#17161 = ( GEOMETRIC_REPRESENTATION_CONTEXT(2)
PARAMETRIC_REPRESENTATION_CONTEXT() REPRESENTATION_CONTEXT('2D SPACE',''
  ) );
#17162 = ORIENTED_EDGE('',*,*,#17163,.T.);
#17163 = EDGE_CURVE('',#17136,#17164,#17166,.T.);
#17164 = VERTEX_POINT('',#17165);
#17165 = CARTESIAN_POINT('',(5.4,0.,-1.5));
#17166 = SURFACE_CURVE('',#17167,(#17171,#17177),.PCURVE_S1.);
#17167 = LINE('',#17168,#17169);
#17168 = CARTESIAN_POINT('',(-15.,0.,-1.5));
#17169 = VECTOR('',#17170,1.);
#17170 = DIRECTION('',(-1.,0.,0.));
#17171 = PCURVE('',#16879,#17172);
#17172 = DEFINITIONAL_REPRESENTATION('',(#17173),#17176);
#17173 = B_SPLINE_CURVE_WITH_KNOTS('',1,(#17174,#17175),.UNSPECIFIED.,
  .F.,.F.,(2,2),(-20.8,-9.2),.PIECEWISE_BEZIER_KNOTS.);
#17174 = CARTESIAN_POINT('',(63.5,35.8));
#17175 = CARTESIAN_POINT('',(63.5,24.2));
#17176 = ( GEOMETRIC_REPRESENTATION_CONTEXT(2)
PARAMETRIC_REPRESENTATION_CONTEXT() REPRESENTATION_CONTEXT('2D SPACE',''
  ) );
#17177 = PCURVE('',#17178,#17183);
#17178 = PLANE('',#17179);
#17179 = AXIS2_PLACEMENT_3D('',#17180,#17181,#17182);
#17180 = CARTESIAN_POINT('',(0.,0.,-1.5));
#17181 = DIRECTION('',(0.,0.,1.));
#17182 = DIRECTION('',(1.,0.,-0.));
#17183 = DEFINITIONAL_REPRESENTATION('',(#17184),#17187);
#17184 = B_SPLINE_CURVE_WITH_KNOTS('',1,(#17185,#17186),.UNSPECIFIED.,
  .F.,.F.,(2,2),(-20.8,-9.2),.PIECEWISE_BEZIER_KNOTS.);
#17185 = CARTESIAN_POINT('',(5.8,0.));
#17186 = CARTESIAN_POINT('',(-5.8,0.));
#17187 = ( GEOMETRIC_REPRESENTATION_CONTEXT(2)
PARAMETRIC_REPRESENTATION_CONTEXT() REPRESENTATION_CONTEXT('2D SPACE',''
  ) );
#17188 = ORIENTED_EDGE('',*,*,#17189,.T.);
#17189 = EDGE_CURVE('',#17164,#16858,#17190,.T.);
#17190 = SURFACE_CURVE('',#17191,(#17195,#17202),.PCURVE_S1.);
#17191 = LINE('',#17192,#17193);
#17192 = CARTESIAN_POINT('',(5.4,0.,-1.5));
#17193 = VECTOR('',#17194,1.);
#17194 = DIRECTION('',(0.,0.,1.));
#17195 = PCURVE('',#16879,#17196);
#17196 = DEFINITIONAL_REPRESENTATION('',(#17197),#17201);
#17197 = LINE('',#17198,#17199);
#17198 = CARTESIAN_POINT('',(63.5,35.4));
#17199 = VECTOR('',#17200,1.);
#17200 = DIRECTION('',(1.,0.));
#17201 = ( GEOMETRIC_REPRESENTATION_CONTEXT(2)
PARAMETRIC_REPRESENTATION_CONTEXT() REPRESENTATION_CONTEXT('2D SPACE',''
  ) );
#17202 = PCURVE('',#16907,#17203);
#17203 = DEFINITIONAL_REPRESENTATION('',(#17204),#17208);
#17204 = LINE('',#17205,#17206);
#17205 = CARTESIAN_POINT('',(0.,0.));
#17206 = VECTOR('',#17207,1.);
#17207 = DIRECTION('',(0.,1.));
#17208 = ( GEOMETRIC_REPRESENTATION_CONTEXT(2)
PARAMETRIC_REPRESENTATION_CONTEXT() REPRESENTATION_CONTEXT('2D SPACE',''
  ) );
#17209 = ADVANCED_FACE('',(#17210),#16960,.T.);
#17210 = FACE_BOUND('',#17211,.F.);
#17211 = EDGE_LOOP('',(#17212,#17213,#17214,#17235));
#17212 = ORIENTED_EDGE('',*,*,#16976,.F.);
#17213 = ORIENTED_EDGE('',*,*,#16945,.T.);
#17214 = ORIENTED_EDGE('',*,*,#17215,.T.);
#17215 = EDGE_CURVE('',#16920,#17216,#17218,.T.);
#17216 = VERTEX_POINT('',#17217);
#17217 = CARTESIAN_POINT('',(-6.5,7.960204194458E-16,-2.5));
#17218 = SURFACE_CURVE('',#17219,(#17223,#17229),.PCURVE_S1.);
#17219 = LINE('',#17220,#17221);
#17220 = CARTESIAN_POINT('',(0.,0.,9.571428571429));
#17221 = VECTOR('',#17222,1.);
#17222 = DIRECTION('',(-0.474099823035,0.,-0.880471099922));
#17223 = PCURVE('',#16960,#17224);
#17224 = DEFINITIONAL_REPRESENTATION('',(#17225),#17228);
#17225 = B_SPLINE_CURVE_WITH_KNOTS('',1,(#17226,#17227),.UNSPECIFIED.,
  .F.,.F.,(2,2),(12.233710535622,13.710192841645),
  .PIECEWISE_BEZIER_KNOTS.);
#17226 = CARTESIAN_POINT('',(-3.14159265359,0.));
#17227 = CARTESIAN_POINT('',(-3.14159265359,1.3));
#17228 = ( GEOMETRIC_REPRESENTATION_CONTEXT(2)
PARAMETRIC_REPRESENTATION_CONTEXT() REPRESENTATION_CONTEXT('2D SPACE',''
  ) );
#17229 = PCURVE('',#16934,#17230);
#17230 = DEFINITIONAL_REPRESENTATION('',(#17231),#17234);
#17231 = B_SPLINE_CURVE_WITH_KNOTS('',1,(#17232,#17233),.UNSPECIFIED.,
  .F.,.F.,(2,2),(12.233710535622,13.710192841645),
  .PIECEWISE_BEZIER_KNOTS.);
#17232 = CARTESIAN_POINT('',(63.8,24.2));
#17233 = CARTESIAN_POINT('',(62.5,23.5));
#17234 = ( GEOMETRIC_REPRESENTATION_CONTEXT(2)
PARAMETRIC_REPRESENTATION_CONTEXT() REPRESENTATION_CONTEXT('2D SPACE',''
  ) );
#17235 = ORIENTED_EDGE('',*,*,#17236,.F.);
#17236 = EDGE_CURVE('',#16977,#17216,#17237,.T.);
#17237 = SURFACE_CURVE('',#17238,(#17243,#17250),.PCURVE_S1.);
#17238 = CIRCLE('',#17239,6.5);
#17239 = AXIS2_PLACEMENT_3D('',#17240,#17241,#17242);
#17240 = CARTESIAN_POINT('',(0.,0.,-2.5));
#17241 = DIRECTION('',(0.,0.,1.));
#17242 = DIRECTION('',(1.,0.,-0.));
#17243 = PCURVE('',#16960,#17244);
#17244 = DEFINITIONAL_REPRESENTATION('',(#17245),#17249);
#17245 = LINE('',#17246,#17247);
#17246 = CARTESIAN_POINT('',(-0.,1.3));
#17247 = VECTOR('',#17248,1.);
#17248 = DIRECTION('',(-1.,0.));
#17249 = ( GEOMETRIC_REPRESENTATION_CONTEXT(2)
PARAMETRIC_REPRESENTATION_CONTEXT() REPRESENTATION_CONTEXT('2D SPACE',''
  ) );
#17250 = PCURVE('',#17015,#17251);
#17251 = DEFINITIONAL_REPRESENTATION('',(#17252),#17256);
#17252 = LINE('',#17253,#17254);
#17253 = CARTESIAN_POINT('',(0.,0.));
#17254 = VECTOR('',#17255,1.);
#17255 = DIRECTION('',(1.,0.));
#17256 = ( GEOMETRIC_REPRESENTATION_CONTEXT(2)
PARAMETRIC_REPRESENTATION_CONTEXT() REPRESENTATION_CONTEXT('2D SPACE',''
  ) );
#17257 = ADVANCED_FACE('',(#17258),#16934,.F.);
#17258 = FACE_BOUND('',#17259,.F.);
#17259 = EDGE_LOOP('',(#17260,#17261,#17262,#17283,#17304,#17325,#17346,
    #17367,#17388,#17409));
#17260 = ORIENTED_EDGE('',*,*,#17215,.F.);
#17261 = ORIENTED_EDGE('',*,*,#16919,.T.);
#17262 = ORIENTED_EDGE('',*,*,#17263,.F.);
#17263 = EDGE_CURVE('',#17264,#16891,#17266,.T.);
#17264 = VERTEX_POINT('',#17265);
#17265 = CARTESIAN_POINT('',(-5.4,6.613092715396E-16,-1.5));
#17266 = SURFACE_CURVE('',#17267,(#17271,#17277),.PCURVE_S1.);
#17267 = LINE('',#17268,#17269);
#17268 = CARTESIAN_POINT('',(-5.4,0.,-1.5));
#17269 = VECTOR('',#17270,1.);
#17270 = DIRECTION('',(0.,0.,1.));
#17271 = PCURVE('',#16934,#17272);
#17272 = DEFINITIONAL_REPRESENTATION('',(#17273),#17276);
#17273 = B_SPLINE_CURVE_WITH_KNOTS('',1,(#17274,#17275),.UNSPECIFIED.,
  .F.,.F.,(2,2),(-5.999999999062E-07,0.3000006),
  .PIECEWISE_BEZIER_KNOTS.);
#17274 = CARTESIAN_POINT('',(63.4999994,24.6));
#17275 = CARTESIAN_POINT('',(63.8000006,24.6));
#17276 = ( GEOMETRIC_REPRESENTATION_CONTEXT(2)
PARAMETRIC_REPRESENTATION_CONTEXT() REPRESENTATION_CONTEXT('2D SPACE',''
  ) );
#17277 = PCURVE('',#16907,#17278);
#17278 = DEFINITIONAL_REPRESENTATION('',(#17279),#17282);
#17279 = B_SPLINE_CURVE_WITH_KNOTS('',1,(#17280,#17281),.UNSPECIFIED.,
  .F.,.F.,(2,2),(-5.999999999062E-07,0.3000006),
  .PIECEWISE_BEZIER_KNOTS.);
#17280 = CARTESIAN_POINT('',(3.14159265359,-5.999999999062E-07));
#17281 = CARTESIAN_POINT('',(3.14159265359,0.3000006));
#17282 = ( GEOMETRIC_REPRESENTATION_CONTEXT(2)
PARAMETRIC_REPRESENTATION_CONTEXT() REPRESENTATION_CONTEXT('2D SPACE',''
  ) );
#17283 = ORIENTED_EDGE('',*,*,#17284,.T.);
#17284 = EDGE_CURVE('',#17264,#17285,#17287,.T.);
#17285 = VERTEX_POINT('',#17286);
#17286 = CARTESIAN_POINT('',(-5.8,7.102951435055E-16,-1.5));
#17287 = SURFACE_CURVE('',#17288,(#17292,#17298),.PCURVE_S1.);
#17288 = LINE('',#17289,#17290);
#17289 = CARTESIAN_POINT('',(-15.,0.,-1.5));
#17290 = VECTOR('',#17291,1.);
#17291 = DIRECTION('',(-1.,0.,0.));
#17292 = PCURVE('',#16934,#17293);
#17293 = DEFINITIONAL_REPRESENTATION('',(#17294),#17297);
#17294 = B_SPLINE_CURVE_WITH_KNOTS('',1,(#17295,#17296),.UNSPECIFIED.,
  .F.,.F.,(2,2),(-20.8,-9.2),.PIECEWISE_BEZIER_KNOTS.);
#17295 = CARTESIAN_POINT('',(63.5,35.8));
#17296 = CARTESIAN_POINT('',(63.5,24.2));
#17297 = ( GEOMETRIC_REPRESENTATION_CONTEXT(2)
PARAMETRIC_REPRESENTATION_CONTEXT() REPRESENTATION_CONTEXT('2D SPACE',''
  ) );
#17298 = PCURVE('',#17178,#17299);
#17299 = DEFINITIONAL_REPRESENTATION('',(#17300),#17303);
#17300 = B_SPLINE_CURVE_WITH_KNOTS('',1,(#17301,#17302),.UNSPECIFIED.,
  .F.,.F.,(2,2),(-20.8,-9.2),.PIECEWISE_BEZIER_KNOTS.);
#17301 = CARTESIAN_POINT('',(5.8,0.));
#17302 = CARTESIAN_POINT('',(-5.8,0.));
#17303 = ( GEOMETRIC_REPRESENTATION_CONTEXT(2)
PARAMETRIC_REPRESENTATION_CONTEXT() REPRESENTATION_CONTEXT('2D SPACE',''
  ) );
#17304 = ORIENTED_EDGE('',*,*,#17305,.T.);
#17305 = EDGE_CURVE('',#17285,#17306,#17308,.T.);
#17306 = VERTEX_POINT('',#17307);
#17307 = CARTESIAN_POINT('',(-6.5,7.960204194458E-16,-2.8));
#17308 = SURFACE_CURVE('',#17309,(#17313,#17319),.PCURVE_S1.);
#17309 = LINE('',#17310,#17311);
#17310 = CARTESIAN_POINT('',(0.,0.,9.271428571429));
#17311 = VECTOR('',#17312,1.);
#17312 = DIRECTION('',(-0.474099823035,-0.,-0.880471099922));
#17313 = PCURVE('',#16934,#17314);
#17314 = DEFINITIONAL_REPRESENTATION('',(#17315),#17318);
#17315 = B_SPLINE_CURVE_WITH_KNOTS('',1,(#17316,#17317),.UNSPECIFIED.,
  .F.,.F.,(2,2),(12.233710535622,13.710192841645),
  .PIECEWISE_BEZIER_KNOTS.);
#17316 = CARTESIAN_POINT('',(63.5,24.2));
#17317 = CARTESIAN_POINT('',(62.2,23.5));
#17318 = ( GEOMETRIC_REPRESENTATION_CONTEXT(2)
PARAMETRIC_REPRESENTATION_CONTEXT() REPRESENTATION_CONTEXT('2D SPACE',''
  ) );
#17319 = PCURVE('',#17151,#17320);
#17320 = DEFINITIONAL_REPRESENTATION('',(#17321),#17324);
#17321 = B_SPLINE_CURVE_WITH_KNOTS('',1,(#17322,#17323),.UNSPECIFIED.,
  .F.,.F.,(2,2),(12.233710535622,13.710192841645),
  .PIECEWISE_BEZIER_KNOTS.);
#17322 = CARTESIAN_POINT('',(-3.14159265359,-1.3));
#17323 = CARTESIAN_POINT('',(-3.14159265359,0.));
#17324 = ( GEOMETRIC_REPRESENTATION_CONTEXT(2)
PARAMETRIC_REPRESENTATION_CONTEXT() REPRESENTATION_CONTEXT('2D SPACE',''
  ) );
#17325 = ORIENTED_EDGE('',*,*,#17326,.T.);
#17326 = EDGE_CURVE('',#17306,#17327,#17329,.T.);
#17327 = VERTEX_POINT('',#17328);
#17328 = CARTESIAN_POINT('',(-7.5,9.184850993605E-16,-1.1));
#17329 = SURFACE_CURVE('',#17330,(#17334,#17340),.PCURVE_S1.);
#17330 = LINE('',#17331,#17332);
#17331 = CARTESIAN_POINT('',(0.,0.,-13.85));
#17332 = VECTOR('',#17333,1.);
#17333 = DIRECTION('',(-0.507020126563,-0.,0.861934215158));
#17334 = PCURVE('',#16934,#17335);
#17335 = DEFINITIONAL_REPRESENTATION('',(#17336),#17339);
#17336 = B_SPLINE_CURVE_WITH_KNOTS('',1,(#17337,#17338),.UNSPECIFIED.,
  .F.,.F.,(2,2),(12.820003900155,14.792312192487),
  .PIECEWISE_BEZIER_KNOTS.);
#17337 = CARTESIAN_POINT('',(62.2,23.5));
#17338 = CARTESIAN_POINT('',(63.9,22.5));
#17339 = ( GEOMETRIC_REPRESENTATION_CONTEXT(2)
PARAMETRIC_REPRESENTATION_CONTEXT() REPRESENTATION_CONTEXT('2D SPACE',''
  ) );
#17340 = PCURVE('',#17123,#17341);
#17341 = DEFINITIONAL_REPRESENTATION('',(#17342),#17345);
#17342 = B_SPLINE_CURVE_WITH_KNOTS('',1,(#17343,#17344),.UNSPECIFIED.,
  .F.,.F.,(2,2),(12.820003900155,14.792312192487),
  .PIECEWISE_BEZIER_KNOTS.);
#17343 = CARTESIAN_POINT('',(3.14159265359,-1.7));
#17344 = CARTESIAN_POINT('',(3.14159265359,0.));
#17345 = ( GEOMETRIC_REPRESENTATION_CONTEXT(2)
PARAMETRIC_REPRESENTATION_CONTEXT() REPRESENTATION_CONTEXT('2D SPACE',''
  ) );
#17346 = ORIENTED_EDGE('',*,*,#17347,.T.);
#17347 = EDGE_CURVE('',#17327,#17348,#17350,.T.);
#17348 = VERTEX_POINT('',#17349);
#17349 = CARTESIAN_POINT('',(-8.5,1.040949779275E-15,-1.1));
#17350 = SURFACE_CURVE('',#17351,(#17355,#17361),.PCURVE_S1.);
#17351 = LINE('',#17352,#17353);
#17352 = CARTESIAN_POINT('',(-15.,0.,-1.1));
#17353 = VECTOR('',#17354,1.);
#17354 = DIRECTION('',(-1.,0.,0.));
#17355 = PCURVE('',#16934,#17356);
#17356 = DEFINITIONAL_REPRESENTATION('',(#17357),#17360);
#17357 = B_SPLINE_CURVE_WITH_KNOTS('',1,(#17358,#17359),.UNSPECIFIED.,
  .F.,.F.,(2,2),(-23.5,-6.5),.PIECEWISE_BEZIER_KNOTS.);
#17358 = CARTESIAN_POINT('',(63.9,38.5));
#17359 = CARTESIAN_POINT('',(63.9,21.5));
#17360 = ( GEOMETRIC_REPRESENTATION_CONTEXT(2)
PARAMETRIC_REPRESENTATION_CONTEXT() REPRESENTATION_CONTEXT('2D SPACE',''
  ) );
#17361 = PCURVE('',#17096,#17362);
#17362 = DEFINITIONAL_REPRESENTATION('',(#17363),#17366);
#17363 = B_SPLINE_CURVE_WITH_KNOTS('',1,(#17364,#17365),.UNSPECIFIED.,
  .F.,.F.,(2,2),(-23.5,-6.5),.PIECEWISE_BEZIER_KNOTS.);
#17364 = CARTESIAN_POINT('',(8.5,0.));
#17365 = CARTESIAN_POINT('',(-8.5,0.));
#17366 = ( GEOMETRIC_REPRESENTATION_CONTEXT(2)
PARAMETRIC_REPRESENTATION_CONTEXT() REPRESENTATION_CONTEXT('2D SPACE',''
  ) );
#17367 = ORIENTED_EDGE('',*,*,#17368,.F.);
#17368 = EDGE_CURVE('',#17369,#17348,#17371,.T.);
#17369 = VERTEX_POINT('',#17370);
#17370 = CARTESIAN_POINT('',(-8.5,1.040949779275E-15,-0.8));
#17371 = SURFACE_CURVE('',#17372,(#17376,#17382),.PCURVE_S1.);
#17372 = LINE('',#17373,#17374);
#17373 = CARTESIAN_POINT('',(-8.5,0.,-0.8));
#17374 = VECTOR('',#17375,1.);
#17375 = DIRECTION('',(-0.,-0.,-1.));
#17376 = PCURVE('',#16934,#17377);
#17377 = DEFINITIONAL_REPRESENTATION('',(#17378),#17381);
#17378 = B_SPLINE_CURVE_WITH_KNOTS('',1,(#17379,#17380),.UNSPECIFIED.,
  .F.,.F.,(2,2),(-6.000000000173E-07,0.3000006),
  .PIECEWISE_BEZIER_KNOTS.);
#17379 = CARTESIAN_POINT('',(64.2000006,21.5));
#17380 = CARTESIAN_POINT('',(63.8999994,21.5));
#17381 = ( GEOMETRIC_REPRESENTATION_CONTEXT(2)
PARAMETRIC_REPRESENTATION_CONTEXT() REPRESENTATION_CONTEXT('2D SPACE',''
  ) );
#17382 = PCURVE('',#17069,#17383);
#17383 = DEFINITIONAL_REPRESENTATION('',(#17384),#17387);
#17384 = B_SPLINE_CURVE_WITH_KNOTS('',1,(#17385,#17386),.UNSPECIFIED.,
  .F.,.F.,(2,2),(-6.000000000173E-07,0.3000006),
  .PIECEWISE_BEZIER_KNOTS.);
#17385 = CARTESIAN_POINT('',(-3.14159265359,-6.000000000173E-07));
#17386 = CARTESIAN_POINT('',(-3.14159265359,0.3000006));
#17387 = ( GEOMETRIC_REPRESENTATION_CONTEXT(2)
PARAMETRIC_REPRESENTATION_CONTEXT() REPRESENTATION_CONTEXT('2D SPACE',''
  ) );
#17388 = ORIENTED_EDGE('',*,*,#17389,.T.);
#17389 = EDGE_CURVE('',#17369,#17390,#17392,.T.);
#17390 = VERTEX_POINT('',#17391);
#17391 = CARTESIAN_POINT('',(-7.5,9.184850993605E-16,-0.8));
#17392 = SURFACE_CURVE('',#17393,(#17397,#17403),.PCURVE_S1.);
#17393 = LINE('',#17394,#17395);
#17394 = CARTESIAN_POINT('',(-15.,0.,-0.8));
#17395 = VECTOR('',#17396,1.);
#17396 = DIRECTION('',(1.,0.,0.));
#17397 = PCURVE('',#16934,#17398);
#17398 = DEFINITIONAL_REPRESENTATION('',(#17399),#17402);
#17399 = B_SPLINE_CURVE_WITH_KNOTS('',1,(#17400,#17401),.UNSPECIFIED.,
  .F.,.F.,(2,2),(6.5,23.5),.PIECEWISE_BEZIER_KNOTS.);
#17400 = CARTESIAN_POINT('',(64.2,21.5));
#17401 = CARTESIAN_POINT('',(64.2,38.5));
#17402 = ( GEOMETRIC_REPRESENTATION_CONTEXT(2)
PARAMETRIC_REPRESENTATION_CONTEXT() REPRESENTATION_CONTEXT('2D SPACE',''
  ) );
#17403 = PCURVE('',#17042,#17404);
#17404 = DEFINITIONAL_REPRESENTATION('',(#17405),#17408);
#17405 = B_SPLINE_CURVE_WITH_KNOTS('',1,(#17406,#17407),.UNSPECIFIED.,
  .F.,.F.,(2,2),(6.5,23.5),.PIECEWISE_BEZIER_KNOTS.);
#17406 = CARTESIAN_POINT('',(-8.5,0.));
#17407 = CARTESIAN_POINT('',(8.5,0.));
#17408 = ( GEOMETRIC_REPRESENTATION_CONTEXT(2)
PARAMETRIC_REPRESENTATION_CONTEXT() REPRESENTATION_CONTEXT('2D SPACE',''
  ) );
#17409 = ORIENTED_EDGE('',*,*,#17410,.F.);
#17410 = EDGE_CURVE('',#17216,#17390,#17411,.T.);
#17411 = SURFACE_CURVE('',#17412,(#17416,#17422),.PCURVE_S1.);
#17412 = LINE('',#17413,#17414);
#17413 = CARTESIAN_POINT('',(0.,0.,-13.55));
#17414 = VECTOR('',#17415,1.);
#17415 = DIRECTION('',(-0.507020126563,0.,0.861934215158));
#17416 = PCURVE('',#16934,#17417);
#17417 = DEFINITIONAL_REPRESENTATION('',(#17418),#17421);
#17418 = B_SPLINE_CURVE_WITH_KNOTS('',1,(#17419,#17420),.UNSPECIFIED.,
  .F.,.F.,(2,2),(12.820003900155,14.792312192487),
  .PIECEWISE_BEZIER_KNOTS.);
#17419 = CARTESIAN_POINT('',(62.5,23.5));
#17420 = CARTESIAN_POINT('',(64.2,22.5));
#17421 = ( GEOMETRIC_REPRESENTATION_CONTEXT(2)
PARAMETRIC_REPRESENTATION_CONTEXT() REPRESENTATION_CONTEXT('2D SPACE',''
  ) );
#17422 = PCURVE('',#17015,#17423);
#17423 = DEFINITIONAL_REPRESENTATION('',(#17424),#17427);
#17424 = B_SPLINE_CURVE_WITH_KNOTS('',1,(#17425,#17426),.UNSPECIFIED.,
  .F.,.F.,(2,2),(12.820003900155,14.792312192487),
  .PIECEWISE_BEZIER_KNOTS.);
#17425 = CARTESIAN_POINT('',(3.14159265359,-1.531102738209E-15));
#17426 = CARTESIAN_POINT('',(3.14159265359,1.7));
#17427 = ( GEOMETRIC_REPRESENTATION_CONTEXT(2)
PARAMETRIC_REPRESENTATION_CONTEXT() REPRESENTATION_CONTEXT('2D SPACE',''
  ) );
#17428 = ADVANCED_FACE('',(#17429),#16907,.F.);
#17429 = FACE_BOUND('',#17430,.F.);
#17430 = EDGE_LOOP('',(#17431,#17432,#17454,#17455));
#17431 = ORIENTED_EDGE('',*,*,#17189,.F.);
#17432 = ORIENTED_EDGE('',*,*,#17433,.T.);
#17433 = EDGE_CURVE('',#17164,#17264,#17434,.T.);
#17434 = SURFACE_CURVE('',#17435,(#17440,#17447),.PCURVE_S1.);
#17435 = CIRCLE('',#17436,5.4);
#17436 = AXIS2_PLACEMENT_3D('',#17437,#17438,#17439);
#17437 = CARTESIAN_POINT('',(0.,0.,-1.5));
#17438 = DIRECTION('',(0.,0.,1.));
#17439 = DIRECTION('',(1.,0.,-0.));
#17440 = PCURVE('',#16907,#17441);
#17441 = DEFINITIONAL_REPRESENTATION('',(#17442),#17446);
#17442 = LINE('',#17443,#17444);
#17443 = CARTESIAN_POINT('',(0.,0.));
#17444 = VECTOR('',#17445,1.);
#17445 = DIRECTION('',(1.,0.));
#17446 = ( GEOMETRIC_REPRESENTATION_CONTEXT(2)
PARAMETRIC_REPRESENTATION_CONTEXT() REPRESENTATION_CONTEXT('2D SPACE',''
  ) );
#17447 = PCURVE('',#17178,#17448);
#17448 = DEFINITIONAL_REPRESENTATION('',(#17449),#17453);
#17449 = CIRCLE('',#17450,5.4);
#17450 = AXIS2_PLACEMENT_2D('',#17451,#17452);
#17451 = CARTESIAN_POINT('',(0.,0.));
#17452 = DIRECTION('',(1.,0.));
#17453 = ( GEOMETRIC_REPRESENTATION_CONTEXT(2)
PARAMETRIC_REPRESENTATION_CONTEXT() REPRESENTATION_CONTEXT('2D SPACE',''
  ) );
#17454 = ORIENTED_EDGE('',*,*,#17263,.T.);
#17455 = ORIENTED_EDGE('',*,*,#16890,.F.);
#17456 = ADVANCED_FACE('',(#17457),#17178,.F.);
#17457 = FACE_BOUND('',#17458,.F.);
#17458 = EDGE_LOOP('',(#17459,#17460,#17482,#17483));
#17459 = ORIENTED_EDGE('',*,*,#17163,.F.);
#17460 = ORIENTED_EDGE('',*,*,#17461,.T.);
#17461 = EDGE_CURVE('',#17136,#17285,#17462,.T.);
#17462 = SURFACE_CURVE('',#17463,(#17468,#17475),.PCURVE_S1.);
#17463 = CIRCLE('',#17464,5.8);
#17464 = AXIS2_PLACEMENT_3D('',#17465,#17466,#17467);
#17465 = CARTESIAN_POINT('',(0.,0.,-1.5));
#17466 = DIRECTION('',(0.,0.,1.));
#17467 = DIRECTION('',(1.,0.,-0.));
#17468 = PCURVE('',#17178,#17469);
#17469 = DEFINITIONAL_REPRESENTATION('',(#17470),#17474);
#17470 = CIRCLE('',#17471,5.8);
#17471 = AXIS2_PLACEMENT_2D('',#17472,#17473);
#17472 = CARTESIAN_POINT('',(0.,0.));
#17473 = DIRECTION('',(1.,0.));
#17474 = ( GEOMETRIC_REPRESENTATION_CONTEXT(2)
PARAMETRIC_REPRESENTATION_CONTEXT() REPRESENTATION_CONTEXT('2D SPACE',''
  ) );
#17475 = PCURVE('',#17151,#17476);
#17476 = DEFINITIONAL_REPRESENTATION('',(#17477),#17481);
#17477 = LINE('',#17478,#17479);
#17478 = CARTESIAN_POINT('',(-0.,-1.3));
#17479 = VECTOR('',#17480,1.);
#17480 = DIRECTION('',(-1.,-0.));
#17481 = ( GEOMETRIC_REPRESENTATION_CONTEXT(2)
PARAMETRIC_REPRESENTATION_CONTEXT() REPRESENTATION_CONTEXT('2D SPACE',''
  ) );
#17482 = ORIENTED_EDGE('',*,*,#17284,.F.);
#17483 = ORIENTED_EDGE('',*,*,#17433,.F.);
#17484 = ADVANCED_FACE('',(#17485),#17151,.F.);
#17485 = FACE_BOUND('',#17486,.F.);
#17486 = EDGE_LOOP('',(#17487,#17488,#17510,#17511));
#17487 = ORIENTED_EDGE('',*,*,#17135,.F.);
#17488 = ORIENTED_EDGE('',*,*,#17489,.T.);
#17489 = EDGE_CURVE('',#17108,#17306,#17490,.T.);
#17490 = SURFACE_CURVE('',#17491,(#17496,#17503),.PCURVE_S1.);
#17491 = CIRCLE('',#17492,6.5);
#17492 = AXIS2_PLACEMENT_3D('',#17493,#17494,#17495);
#17493 = CARTESIAN_POINT('',(0.,0.,-2.8));
#17494 = DIRECTION('',(0.,0.,1.));
#17495 = DIRECTION('',(1.,0.,-0.));
#17496 = PCURVE('',#17151,#17497);
#17497 = DEFINITIONAL_REPRESENTATION('',(#17498),#17502);
#17498 = LINE('',#17499,#17500);
#17499 = CARTESIAN_POINT('',(-0.,-0.));
#17500 = VECTOR('',#17501,1.);
#17501 = DIRECTION('',(-1.,-0.));
#17502 = ( GEOMETRIC_REPRESENTATION_CONTEXT(2)
PARAMETRIC_REPRESENTATION_CONTEXT() REPRESENTATION_CONTEXT('2D SPACE',''
  ) );
#17503 = PCURVE('',#17123,#17504);
#17504 = DEFINITIONAL_REPRESENTATION('',(#17505),#17509);
#17505 = LINE('',#17506,#17507);
#17506 = CARTESIAN_POINT('',(0.,-1.7));
#17507 = VECTOR('',#17508,1.);
#17508 = DIRECTION('',(1.,-0.));
#17509 = ( GEOMETRIC_REPRESENTATION_CONTEXT(2)
PARAMETRIC_REPRESENTATION_CONTEXT() REPRESENTATION_CONTEXT('2D SPACE',''
  ) );
#17510 = ORIENTED_EDGE('',*,*,#17305,.F.);
#17511 = ORIENTED_EDGE('',*,*,#17461,.F.);
#17512 = ADVANCED_FACE('',(#17513),#17123,.T.);
#17513 = FACE_BOUND('',#17514,.F.);
#17514 = EDGE_LOOP('',(#17515,#17516,#17538,#17539));
#17515 = ORIENTED_EDGE('',*,*,#17107,.F.);
#17516 = ORIENTED_EDGE('',*,*,#17517,.T.);
#17517 = EDGE_CURVE('',#17082,#17327,#17518,.T.);
#17518 = SURFACE_CURVE('',#17519,(#17524,#17531),.PCURVE_S1.);
#17519 = CIRCLE('',#17520,7.5);
#17520 = AXIS2_PLACEMENT_3D('',#17521,#17522,#17523);
#17521 = CARTESIAN_POINT('',(0.,0.,-1.1));
#17522 = DIRECTION('',(0.,0.,1.));
#17523 = DIRECTION('',(1.,0.,-0.));
#17524 = PCURVE('',#17123,#17525);
#17525 = DEFINITIONAL_REPRESENTATION('',(#17526),#17530);
#17526 = LINE('',#17527,#17528);
#17527 = CARTESIAN_POINT('',(0.,-0.));
#17528 = VECTOR('',#17529,1.);
#17529 = DIRECTION('',(1.,-0.));
#17530 = ( GEOMETRIC_REPRESENTATION_CONTEXT(2)
PARAMETRIC_REPRESENTATION_CONTEXT() REPRESENTATION_CONTEXT('2D SPACE',''
  ) );
#17531 = PCURVE('',#17096,#17532);
#17532 = DEFINITIONAL_REPRESENTATION('',(#17533),#17537);
#17533 = CIRCLE('',#17534,7.5);
#17534 = AXIS2_PLACEMENT_2D('',#17535,#17536);
#17535 = CARTESIAN_POINT('',(0.,0.));
#17536 = DIRECTION('',(1.,0.));
#17537 = ( GEOMETRIC_REPRESENTATION_CONTEXT(2)
PARAMETRIC_REPRESENTATION_CONTEXT() REPRESENTATION_CONTEXT('2D SPACE',''
  ) );
#17538 = ORIENTED_EDGE('',*,*,#17326,.F.);
#17539 = ORIENTED_EDGE('',*,*,#17489,.F.);
#17540 = ADVANCED_FACE('',(#17541),#17096,.F.);
#17541 = FACE_BOUND('',#17542,.F.);
#17542 = EDGE_LOOP('',(#17543,#17544,#17566,#17567));
#17543 = ORIENTED_EDGE('',*,*,#17081,.F.);
#17544 = ORIENTED_EDGE('',*,*,#17545,.T.);
#17545 = EDGE_CURVE('',#17054,#17348,#17546,.T.);
#17546 = SURFACE_CURVE('',#17547,(#17552,#17559),.PCURVE_S1.);
#17547 = CIRCLE('',#17548,8.5);
#17548 = AXIS2_PLACEMENT_3D('',#17549,#17550,#17551);
#17549 = CARTESIAN_POINT('',(0.,0.,-1.1));
#17550 = DIRECTION('',(0.,0.,1.));
#17551 = DIRECTION('',(1.,0.,-0.));
#17552 = PCURVE('',#17096,#17553);
#17553 = DEFINITIONAL_REPRESENTATION('',(#17554),#17558);
#17554 = CIRCLE('',#17555,8.5);
#17555 = AXIS2_PLACEMENT_2D('',#17556,#17557);
#17556 = CARTESIAN_POINT('',(0.,0.));
#17557 = DIRECTION('',(1.,0.));
#17558 = ( GEOMETRIC_REPRESENTATION_CONTEXT(2)
PARAMETRIC_REPRESENTATION_CONTEXT() REPRESENTATION_CONTEXT('2D SPACE',''
  ) );
#17559 = PCURVE('',#17069,#17560);
#17560 = DEFINITIONAL_REPRESENTATION('',(#17561),#17565);
#17561 = LINE('',#17562,#17563);
#17562 = CARTESIAN_POINT('',(-0.,0.3));
#17563 = VECTOR('',#17564,1.);
#17564 = DIRECTION('',(-1.,0.));
#17565 = ( GEOMETRIC_REPRESENTATION_CONTEXT(2)
PARAMETRIC_REPRESENTATION_CONTEXT() REPRESENTATION_CONTEXT('2D SPACE',''
  ) );
#17566 = ORIENTED_EDGE('',*,*,#17347,.F.);
#17567 = ORIENTED_EDGE('',*,*,#17517,.F.);
#17568 = ADVANCED_FACE('',(#17569),#17069,.T.);
#17569 = FACE_BOUND('',#17570,.F.);
#17570 = EDGE_LOOP('',(#17571,#17572,#17594,#17595));
#17571 = ORIENTED_EDGE('',*,*,#17053,.F.);
#17572 = ORIENTED_EDGE('',*,*,#17573,.T.);
#17573 = EDGE_CURVE('',#17028,#17369,#17574,.T.);
#17574 = SURFACE_CURVE('',#17575,(#17580,#17587),.PCURVE_S1.);
#17575 = CIRCLE('',#17576,8.5);
#17576 = AXIS2_PLACEMENT_3D('',#17577,#17578,#17579);
#17577 = CARTESIAN_POINT('',(0.,0.,-0.8));
#17578 = DIRECTION('',(0.,0.,1.));
#17579 = DIRECTION('',(1.,0.,-0.));
#17580 = PCURVE('',#17069,#17581);
#17581 = DEFINITIONAL_REPRESENTATION('',(#17582),#17586);
#17582 = LINE('',#17583,#17584);
#17583 = CARTESIAN_POINT('',(-0.,0.));
#17584 = VECTOR('',#17585,1.);
#17585 = DIRECTION('',(-1.,0.));
#17586 = ( GEOMETRIC_REPRESENTATION_CONTEXT(2)
PARAMETRIC_REPRESENTATION_CONTEXT() REPRESENTATION_CONTEXT('2D SPACE',''
  ) );
#17587 = PCURVE('',#17042,#17588);
#17588 = DEFINITIONAL_REPRESENTATION('',(#17589),#17593);
#17589 = CIRCLE('',#17590,8.5);
#17590 = AXIS2_PLACEMENT_2D('',#17591,#17592);
#17591 = CARTESIAN_POINT('',(0.,0.));
#17592 = DIRECTION('',(1.,-0.));
#17593 = ( GEOMETRIC_REPRESENTATION_CONTEXT(2)
PARAMETRIC_REPRESENTATION_CONTEXT() REPRESENTATION_CONTEXT('2D SPACE',''
  ) );
#17594 = ORIENTED_EDGE('',*,*,#17368,.T.);
#17595 = ORIENTED_EDGE('',*,*,#17545,.F.);
#17596 = ADVANCED_FACE('',(#17597),#17042,.T.);
#17597 = FACE_BOUND('',#17598,.F.);
#17598 = EDGE_LOOP('',(#17599,#17600,#17622,#17623));
#17599 = ORIENTED_EDGE('',*,*,#17027,.F.);
#17600 = ORIENTED_EDGE('',*,*,#17601,.T.);
#17601 = EDGE_CURVE('',#17000,#17390,#17602,.T.);
#17602 = SURFACE_CURVE('',#17603,(#17608,#17615),.PCURVE_S1.);
#17603 = CIRCLE('',#17604,7.5);
#17604 = AXIS2_PLACEMENT_3D('',#17605,#17606,#17607);
#17605 = CARTESIAN_POINT('',(0.,0.,-0.8));
#17606 = DIRECTION('',(0.,0.,1.));
#17607 = DIRECTION('',(1.,0.,-0.));
#17608 = PCURVE('',#17042,#17609);
#17609 = DEFINITIONAL_REPRESENTATION('',(#17610),#17614);
#17610 = CIRCLE('',#17611,7.5);
#17611 = AXIS2_PLACEMENT_2D('',#17612,#17613);
#17612 = CARTESIAN_POINT('',(0.,0.));
#17613 = DIRECTION('',(1.,-0.));
#17614 = ( GEOMETRIC_REPRESENTATION_CONTEXT(2)
PARAMETRIC_REPRESENTATION_CONTEXT() REPRESENTATION_CONTEXT('2D SPACE',''
  ) );
#17615 = PCURVE('',#17015,#17616);
#17616 = DEFINITIONAL_REPRESENTATION('',(#17617),#17621);
#17617 = LINE('',#17618,#17619);
#17618 = CARTESIAN_POINT('',(0.,1.7));
#17619 = VECTOR('',#17620,1.);
#17620 = DIRECTION('',(1.,0.));
#17621 = ( GEOMETRIC_REPRESENTATION_CONTEXT(2)
PARAMETRIC_REPRESENTATION_CONTEXT() REPRESENTATION_CONTEXT('2D SPACE',''
  ) );
#17622 = ORIENTED_EDGE('',*,*,#17389,.F.);
#17623 = ORIENTED_EDGE('',*,*,#17573,.F.);
#17624 = ADVANCED_FACE('',(#17625),#17015,.F.);
#17625 = FACE_BOUND('',#17626,.F.);
#17626 = EDGE_LOOP('',(#17627,#17628,#17629,#17630));
#17627 = ORIENTED_EDGE('',*,*,#16999,.F.);
#17628 = ORIENTED_EDGE('',*,*,#17236,.T.);
#17629 = ORIENTED_EDGE('',*,*,#17410,.T.);
#17630 = ORIENTED_EDGE('',*,*,#17601,.F.);
#17631 = ( GEOMETRIC_REPRESENTATION_CONTEXT(3)
GLOBAL_UNCERTAINTY_ASSIGNED_CONTEXT((#17635))
GLOBAL_UNIT_ASSIGNED_CONTEXT((#17632,#17633,#17634))
REPRESENTATION_CONTEXT('Context #1',
  '3D Context with UNIT and UNCERTAINTY') );
#17632 = ( LENGTH_UNIT() NAMED_UNIT(*) SI_UNIT(.MILLI.,.METRE.) );
#17633 = ( NAMED_UNIT(*) PLANE_ANGLE_UNIT() SI_UNIT($,.RADIAN.) );
#17634 = ( NAMED_UNIT(*) SI_UNIT($,.STERADIAN.) SOLID_ANGLE_UNIT() );
#17635 = UNCERTAINTY_MEASURE_WITH_UNIT(LENGTH_MEASURE(1.E-07),#17632,
  'distance_accuracy_value','confusion accuracy');
#17636 = CONTEXT_DEPENDENT_SHAPE_REPRESENTATION(#17637,#17639);
#17637 = ( REPRESENTATION_RELATIONSHIP('','',#16850,#10)
REPRESENTATION_RELATIONSHIP_WITH_TRANSFORMATION(#17638)
SHAPE_REPRESENTATION_RELATIONSHIP() );
#17638 = ITEM_DEFINED_TRANSFORMATION('','',#11,#83);
#17639 = PRODUCT_DEFINITION_SHAPE('Placement','Placement of an item',
  #17640);
#17640 = NEXT_ASSEMBLY_USAGE_OCCURRENCE('163','','',#5,#16845,$);
#17641 = PRODUCT_RELATED_PRODUCT_CATEGORY('part',$,(#16847));
#17642 = SHAPE_DEFINITION_REPRESENTATION(#17643,#17649);
#17643 = PRODUCT_DEFINITION_SHAPE('','',#17644);
#17644 = PRODUCT_DEFINITION('design','',#17645,#17648);
#17645 = PRODUCT_DEFINITION_FORMATION('','',#17646);
#17646 = PRODUCT('Open CASCADE STEP translator 7.8 6.19',
  'Open CASCADE STEP translator 7.8 6.19','',(#17647));
#17647 = PRODUCT_CONTEXT('',#2,'mechanical');
#17648 = PRODUCT_DEFINITION_CONTEXT('part definition',#2,'design');
#17649 = ADVANCED_BREP_SHAPE_REPRESENTATION('',(#11,#17650),#17972);
#17650 = MANIFOLD_SOLID_BREP('',#17651);
#17651 = CLOSED_SHELL('',(#17652,#17772,#17845,#17890,#17938,#17965));
#17652 = ADVANCED_FACE('',(#17653),#17668,.T.);
#17653 = FACE_BOUND('',#17654,.F.);
#17654 = EDGE_LOOP('',(#17655,#17691,#17719,#17748));
#17655 = ORIENTED_EDGE('',*,*,#17656,.F.);
#17656 = EDGE_CURVE('',#17657,#17659,#17661,.T.);
#17657 = VERTEX_POINT('',#17658);
#17658 = CARTESIAN_POINT('',(12.,0.,-4.7));
#17659 = VERTEX_POINT('',#17660);
#17660 = CARTESIAN_POINT('',(-12.,1.469576158977E-15,-4.7));
#17661 = SURFACE_CURVE('',#17662,(#17667,#17679),.PCURVE_S1.);
#17662 = CIRCLE('',#17663,12.);
#17663 = AXIS2_PLACEMENT_3D('',#17664,#17665,#17666);
#17664 = CARTESIAN_POINT('',(0.,0.,-4.7));
#17665 = DIRECTION('',(0.,0.,1.));
#17666 = DIRECTION('',(1.,0.,0.));
#17667 = PCURVE('',#17668,#17673);
#17668 = CYLINDRICAL_SURFACE('',#17669,12.);
#17669 = AXIS2_PLACEMENT_3D('',#17670,#17671,#17672);
#17670 = CARTESIAN_POINT('',(0.,0.,-4.7));
#17671 = DIRECTION('',(-0.,-0.,-1.));
#17672 = DIRECTION('',(1.,0.,0.));
#17673 = DEFINITIONAL_REPRESENTATION('',(#17674),#17678);
#17674 = LINE('',#17675,#17676);
#17675 = CARTESIAN_POINT('',(-0.,0.));
#17676 = VECTOR('',#17677,1.);
#17677 = DIRECTION('',(-1.,0.));
#17678 = ( GEOMETRIC_REPRESENTATION_CONTEXT(2)
PARAMETRIC_REPRESENTATION_CONTEXT() REPRESENTATION_CONTEXT('2D SPACE',''
  ) );
#17679 = PCURVE('',#17680,#17685);
#17680 = PLANE('',#17681);
#17681 = AXIS2_PLACEMENT_3D('',#17682,#17683,#17684);
#17682 = CARTESIAN_POINT('',(-6.837200662697E-16,4.217680353673E-16,-4.7
    ));
#17683 = DIRECTION('',(0.,0.,1.));
#17684 = DIRECTION('',(1.,0.,-0.));
#17685 = DEFINITIONAL_REPRESENTATION('',(#17686),#17690);
#17686 = CIRCLE('',#17687,12.);
#17687 = AXIS2_PLACEMENT_2D('',#17688,#17689);
#17688 = CARTESIAN_POINT('',(6.837200662697E-16,-4.217680353673E-16));
#17689 = DIRECTION('',(1.,0.));
#17690 = ( GEOMETRIC_REPRESENTATION_CONTEXT(2)
PARAMETRIC_REPRESENTATION_CONTEXT() REPRESENTATION_CONTEXT('2D SPACE',''
  ) );
#17691 = ORIENTED_EDGE('',*,*,#17692,.T.);
#17692 = EDGE_CURVE('',#17657,#17693,#17695,.T.);
#17693 = VERTEX_POINT('',#17694);
#17694 = CARTESIAN_POINT('',(12.,0.,-4.));
#17695 = SURFACE_CURVE('',#17696,(#17700,#17707),.PCURVE_S1.);
#17696 = LINE('',#17697,#17698);
#17697 = CARTESIAN_POINT('',(12.,0.,-4.7));
#17698 = VECTOR('',#17699,1.);
#17699 = DIRECTION('',(0.,0.,1.));
#17700 = PCURVE('',#17668,#17701);
#17701 = DEFINITIONAL_REPRESENTATION('',(#17702),#17706);
#17702 = LINE('',#17703,#17704);
#17703 = CARTESIAN_POINT('',(-0.,0.));
#17704 = VECTOR('',#17705,1.);
#17705 = DIRECTION('',(-0.,-1.));
#17706 = ( GEOMETRIC_REPRESENTATION_CONTEXT(2)
PARAMETRIC_REPRESENTATION_CONTEXT() REPRESENTATION_CONTEXT('2D SPACE',''
  ) );
#17707 = PCURVE('',#17708,#17713);
#17708 = PLANE('',#17709);
#17709 = AXIS2_PLACEMENT_3D('',#17710,#17711,#17712);
#17710 = CARTESIAN_POINT('',(-30.,0.,-65.));
#17711 = DIRECTION('',(0.,1.,0.));
#17712 = DIRECTION('',(0.,0.,1.));
#17713 = DEFINITIONAL_REPRESENTATION('',(#17714),#17718);
#17714 = LINE('',#17715,#17716);
#17715 = CARTESIAN_POINT('',(60.3,42.));
#17716 = VECTOR('',#17717,1.);
#17717 = DIRECTION('',(1.,0.));
#17718 = ( GEOMETRIC_REPRESENTATION_CONTEXT(2)
PARAMETRIC_REPRESENTATION_CONTEXT() REPRESENTATION_CONTEXT('2D SPACE',''
  ) );
#17719 = ORIENTED_EDGE('',*,*,#17720,.T.);
#17720 = EDGE_CURVE('',#17693,#17721,#17723,.T.);
#17721 = VERTEX_POINT('',#17722);
#17722 = CARTESIAN_POINT('',(-12.,1.469576158977E-15,-4.));
#17723 = SURFACE_CURVE('',#17724,(#17729,#17736),.PCURVE_S1.);
#17724 = CIRCLE('',#17725,12.);
#17725 = AXIS2_PLACEMENT_3D('',#17726,#17727,#17728);
#17726 = CARTESIAN_POINT('',(0.,0.,-4.));
#17727 = DIRECTION('',(0.,0.,1.));
#17728 = DIRECTION('',(1.,0.,0.));
#17729 = PCURVE('',#17668,#17730);
#17730 = DEFINITIONAL_REPRESENTATION('',(#17731),#17735);
#17731 = LINE('',#17732,#17733);
#17732 = CARTESIAN_POINT('',(-0.,-0.7));
#17733 = VECTOR('',#17734,1.);
#17734 = DIRECTION('',(-1.,0.));
#17735 = ( GEOMETRIC_REPRESENTATION_CONTEXT(2)
PARAMETRIC_REPRESENTATION_CONTEXT() REPRESENTATION_CONTEXT('2D SPACE',''
  ) );
#17736 = PCURVE('',#17737,#17742);
#17737 = PLANE('',#17738);
#17738 = AXIS2_PLACEMENT_3D('',#17739,#17740,#17741);
#17739 = CARTESIAN_POINT('',(-6.837200662697E-16,4.217680353673E-16,-4.)
  );
#17740 = DIRECTION('',(0.,0.,1.));
#17741 = DIRECTION('',(1.,0.,-0.));
#17742 = DEFINITIONAL_REPRESENTATION('',(#17743),#17747);
#17743 = CIRCLE('',#17744,12.);
#17744 = AXIS2_PLACEMENT_2D('',#17745,#17746);
#17745 = CARTESIAN_POINT('',(6.837200662697E-16,-4.217680353673E-16));
#17746 = DIRECTION('',(1.,0.));
#17747 = ( GEOMETRIC_REPRESENTATION_CONTEXT(2)
PARAMETRIC_REPRESENTATION_CONTEXT() REPRESENTATION_CONTEXT('2D SPACE',''
  ) );
#17748 = ORIENTED_EDGE('',*,*,#17749,.T.);
#17749 = EDGE_CURVE('',#17721,#17659,#17750,.T.);
#17750 = SURFACE_CURVE('',#17751,(#17755,#17761),.PCURVE_S1.);
#17751 = LINE('',#17752,#17753);
#17752 = CARTESIAN_POINT('',(-12.,0.,-4.7));
#17753 = VECTOR('',#17754,1.);
#17754 = DIRECTION('',(-0.,-0.,-1.));
#17755 = PCURVE('',#17668,#17756);
#17756 = DEFINITIONAL_REPRESENTATION('',(#17757),#17760);
#17757 = B_SPLINE_CURVE_WITH_KNOTS('',1,(#17758,#17759),.UNSPECIFIED.,
  .F.,.F.,(2,2),(-0.7000006,5.999999999062E-07),
  .PIECEWISE_BEZIER_KNOTS.);
#17758 = CARTESIAN_POINT('',(-3.14159265359,-0.7000006));
#17759 = CARTESIAN_POINT('',(-3.14159265359,5.999999999062E-07));
#17760 = ( GEOMETRIC_REPRESENTATION_CONTEXT(2)
PARAMETRIC_REPRESENTATION_CONTEXT() REPRESENTATION_CONTEXT('2D SPACE',''
  ) );
#17761 = PCURVE('',#17762,#17767);
#17762 = PLANE('',#17763);
#17763 = AXIS2_PLACEMENT_3D('',#17764,#17765,#17766);
#17764 = CARTESIAN_POINT('',(-30.,0.,-65.));
#17765 = DIRECTION('',(0.,1.,0.));
#17766 = DIRECTION('',(0.,0.,1.));
#17767 = DEFINITIONAL_REPRESENTATION('',(#17768),#17771);
#17768 = B_SPLINE_CURVE_WITH_KNOTS('',1,(#17769,#17770),.UNSPECIFIED.,
  .F.,.F.,(2,2),(-0.7000006,5.999999999062E-07),
  .PIECEWISE_BEZIER_KNOTS.);
#17769 = CARTESIAN_POINT('',(61.0000006,18.));
#17770 = CARTESIAN_POINT('',(60.2999994,18.));
#17771 = ( GEOMETRIC_REPRESENTATION_CONTEXT(2)
PARAMETRIC_REPRESENTATION_CONTEXT() REPRESENTATION_CONTEXT('2D SPACE',''
  ) );
#17772 = ADVANCED_FACE('',(#17773),#17680,.F.);
#17773 = FACE_BOUND('',#17774,.F.);
#17774 = EDGE_LOOP('',(#17775,#17796,#17797,#17818));
#17775 = ORIENTED_EDGE('',*,*,#17776,.F.);
#17776 = EDGE_CURVE('',#17657,#17777,#17779,.T.);
#17777 = VERTEX_POINT('',#17778);
#17778 = CARTESIAN_POINT('',(9.3,6.607168583621E-16,-4.7));
#17779 = SURFACE_CURVE('',#17780,(#17784,#17790),.PCURVE_S1.);
#17780 = LINE('',#17781,#17782);
#17781 = CARTESIAN_POINT('',(-15.,0.,-4.7));
#17782 = VECTOR('',#17783,1.);
#17783 = DIRECTION('',(-1.,0.,0.));
#17784 = PCURVE('',#17680,#17785);
#17785 = DEFINITIONAL_REPRESENTATION('',(#17786),#17789);
#17786 = B_SPLINE_CURVE_WITH_KNOTS('',1,(#17787,#17788),.UNSPECIFIED.,
  .F.,.F.,(2,2),(-27.,-3.),.PIECEWISE_BEZIER_KNOTS.);
#17787 = CARTESIAN_POINT('',(12.,-4.217680353673E-16));
#17788 = CARTESIAN_POINT('',(-12.,-4.217680353673E-16));
#17789 = ( GEOMETRIC_REPRESENTATION_CONTEXT(2)
PARAMETRIC_REPRESENTATION_CONTEXT() REPRESENTATION_CONTEXT('2D SPACE',''
  ) );
#17790 = PCURVE('',#17708,#17791);
#17791 = DEFINITIONAL_REPRESENTATION('',(#17792),#17795);
#17792 = B_SPLINE_CURVE_WITH_KNOTS('',1,(#17793,#17794),.UNSPECIFIED.,
  .F.,.F.,(2,2),(-27.,-3.),.PIECEWISE_BEZIER_KNOTS.);
#17793 = CARTESIAN_POINT('',(60.3,42.));
#17794 = CARTESIAN_POINT('',(60.3,18.));
#17795 = ( GEOMETRIC_REPRESENTATION_CONTEXT(2)
PARAMETRIC_REPRESENTATION_CONTEXT() REPRESENTATION_CONTEXT('2D SPACE',''
  ) );
#17796 = ORIENTED_EDGE('',*,*,#17656,.T.);
#17797 = ORIENTED_EDGE('',*,*,#17798,.F.);
#17798 = EDGE_CURVE('',#17799,#17659,#17801,.T.);
#17799 = VERTEX_POINT('',#17800);
#17800 = CARTESIAN_POINT('',(-9.3,1.799638381569E-15,-4.7));
#17801 = SURFACE_CURVE('',#17802,(#17806,#17812),.PCURVE_S1.);
#17802 = LINE('',#17803,#17804);
#17803 = CARTESIAN_POINT('',(-15.,0.,-4.7));
#17804 = VECTOR('',#17805,1.);
#17805 = DIRECTION('',(-1.,0.,0.));
#17806 = PCURVE('',#17680,#17807);
#17807 = DEFINITIONAL_REPRESENTATION('',(#17808),#17811);
#17808 = B_SPLINE_CURVE_WITH_KNOTS('',1,(#17809,#17810),.UNSPECIFIED.,
  .F.,.F.,(2,2),(-27.,-3.),.PIECEWISE_BEZIER_KNOTS.);
#17809 = CARTESIAN_POINT('',(12.,-4.217680353673E-16));
#17810 = CARTESIAN_POINT('',(-12.,-4.217680353673E-16));
#17811 = ( GEOMETRIC_REPRESENTATION_CONTEXT(2)
PARAMETRIC_REPRESENTATION_CONTEXT() REPRESENTATION_CONTEXT('2D SPACE',''
  ) );
#17812 = PCURVE('',#17762,#17813);
#17813 = DEFINITIONAL_REPRESENTATION('',(#17814),#17817);
#17814 = B_SPLINE_CURVE_WITH_KNOTS('',1,(#17815,#17816),.UNSPECIFIED.,
  .F.,.F.,(2,2),(-27.,-3.),.PIECEWISE_BEZIER_KNOTS.);
#17815 = CARTESIAN_POINT('',(60.3,42.));
#17816 = CARTESIAN_POINT('',(60.3,18.));
#17817 = ( GEOMETRIC_REPRESENTATION_CONTEXT(2)
PARAMETRIC_REPRESENTATION_CONTEXT() REPRESENTATION_CONTEXT('2D SPACE',''
  ) );
#17818 = ORIENTED_EDGE('',*,*,#17819,.F.);
#17819 = EDGE_CURVE('',#17777,#17799,#17820,.T.);
#17820 = SURFACE_CURVE('',#17821,(#17826,#17833),.PCURVE_S1.);
#17821 = CIRCLE('',#17822,9.3);
#17822 = AXIS2_PLACEMENT_3D('',#17823,#17824,#17825);
#17823 = CARTESIAN_POINT('',(5.722244773978E-14,6.607168583621E-16,-4.7)
  );
#17824 = DIRECTION('',(0.,0.,1.));
#17825 = DIRECTION('',(1.,0.,0.));
#17826 = PCURVE('',#17680,#17827);
#17827 = DEFINITIONAL_REPRESENTATION('',(#17828),#17832);
#17828 = CIRCLE('',#17829,9.3);
#17829 = AXIS2_PLACEMENT_2D('',#17830,#17831);
#17830 = CARTESIAN_POINT('',(5.790616780605E-14,2.389488229948E-16));
#17831 = DIRECTION('',(1.,0.));
#17832 = ( GEOMETRIC_REPRESENTATION_CONTEXT(2)
PARAMETRIC_REPRESENTATION_CONTEXT() REPRESENTATION_CONTEXT('2D SPACE',''
  ) );
#17833 = PCURVE('',#17834,#17839);
#17834 = CYLINDRICAL_SURFACE('',#17835,9.3);
#17835 = AXIS2_PLACEMENT_3D('',#17836,#17837,#17838);
#17836 = CARTESIAN_POINT('',(5.722244773978E-14,6.607168583621E-16,-4.7)
  );
#17837 = DIRECTION('',(-0.,-0.,-1.));
#17838 = DIRECTION('',(1.,0.,0.));
#17839 = DEFINITIONAL_REPRESENTATION('',(#17840),#17844);
#17840 = LINE('',#17841,#17842);
#17841 = CARTESIAN_POINT('',(-0.,0.));
#17842 = VECTOR('',#17843,1.);
#17843 = DIRECTION('',(-1.,0.));
#17844 = ( GEOMETRIC_REPRESENTATION_CONTEXT(2)
PARAMETRIC_REPRESENTATION_CONTEXT() REPRESENTATION_CONTEXT('2D SPACE',''
  ) );
#17845 = ADVANCED_FACE('',(#17846),#17762,.F.);
#17846 = FACE_BOUND('',#17847,.F.);
#17847 = EDGE_LOOP('',(#17848,#17849,#17870,#17889));
#17848 = ORIENTED_EDGE('',*,*,#17749,.F.);
#17849 = ORIENTED_EDGE('',*,*,#17850,.F.);
#17850 = EDGE_CURVE('',#17851,#17721,#17853,.T.);
#17851 = VERTEX_POINT('',#17852);
#17852 = CARTESIAN_POINT('',(-9.3,1.799638381569E-15,-4.));
#17853 = SURFACE_CURVE('',#17854,(#17858,#17864),.PCURVE_S1.);
#17854 = LINE('',#17855,#17856);
#17855 = CARTESIAN_POINT('',(-15.,0.,-4.));
#17856 = VECTOR('',#17857,1.);
#17857 = DIRECTION('',(-1.,0.,0.));
#17858 = PCURVE('',#17762,#17859);
#17859 = DEFINITIONAL_REPRESENTATION('',(#17860),#17863);
#17860 = B_SPLINE_CURVE_WITH_KNOTS('',1,(#17861,#17862),.UNSPECIFIED.,
  .F.,.F.,(2,2),(-27.,-3.),.PIECEWISE_BEZIER_KNOTS.);
#17861 = CARTESIAN_POINT('',(61.,42.));
#17862 = CARTESIAN_POINT('',(61.,18.));
#17863 = ( GEOMETRIC_REPRESENTATION_CONTEXT(2)
PARAMETRIC_REPRESENTATION_CONTEXT() REPRESENTATION_CONTEXT('2D SPACE',''
  ) );
#17864 = PCURVE('',#17737,#17865);
#17865 = DEFINITIONAL_REPRESENTATION('',(#17866),#17869);
#17866 = B_SPLINE_CURVE_WITH_KNOTS('',1,(#17867,#17868),.UNSPECIFIED.,
  .F.,.F.,(2,2),(-27.,-3.),.PIECEWISE_BEZIER_KNOTS.);
#17867 = CARTESIAN_POINT('',(12.,-4.217680353673E-16));
#17868 = CARTESIAN_POINT('',(-12.,-4.217680353673E-16));
#17869 = ( GEOMETRIC_REPRESENTATION_CONTEXT(2)
PARAMETRIC_REPRESENTATION_CONTEXT() REPRESENTATION_CONTEXT('2D SPACE',''
  ) );
#17870 = ORIENTED_EDGE('',*,*,#17871,.T.);
#17871 = EDGE_CURVE('',#17851,#17799,#17872,.T.);
#17872 = SURFACE_CURVE('',#17873,(#17877,#17883),.PCURVE_S1.);
#17873 = LINE('',#17874,#17875);
#17874 = CARTESIAN_POINT('',(-9.3,0.,-4.7));
#17875 = VECTOR('',#17876,1.);
#17876 = DIRECTION('',(-0.,-0.,-1.));
#17877 = PCURVE('',#17762,#17878);
#17878 = DEFINITIONAL_REPRESENTATION('',(#17879),#17882);
#17879 = B_SPLINE_CURVE_WITH_KNOTS('',1,(#17880,#17881),.UNSPECIFIED.,
  .F.,.F.,(2,2),(-0.7000006,5.999999999062E-07),
  .PIECEWISE_BEZIER_KNOTS.);
#17880 = CARTESIAN_POINT('',(61.0000006,20.7));
#17881 = CARTESIAN_POINT('',(60.2999994,20.7));
#17882 = ( GEOMETRIC_REPRESENTATION_CONTEXT(2)
PARAMETRIC_REPRESENTATION_CONTEXT() REPRESENTATION_CONTEXT('2D SPACE',''
  ) );
#17883 = PCURVE('',#17834,#17884);
#17884 = DEFINITIONAL_REPRESENTATION('',(#17885),#17888);
#17885 = B_SPLINE_CURVE_WITH_KNOTS('',1,(#17886,#17887),.UNSPECIFIED.,
  .F.,.F.,(2,2),(-0.7000006,5.999999999062E-07),
  .PIECEWISE_BEZIER_KNOTS.);
#17886 = CARTESIAN_POINT('',(-3.14159265359,-0.7000006));
#17887 = CARTESIAN_POINT('',(-3.14159265359,5.999999999062E-07));
#17888 = ( GEOMETRIC_REPRESENTATION_CONTEXT(2)
PARAMETRIC_REPRESENTATION_CONTEXT() REPRESENTATION_CONTEXT('2D SPACE',''
  ) );
#17889 = ORIENTED_EDGE('',*,*,#17798,.T.);
#17890 = ADVANCED_FACE('',(#17891),#17737,.T.);
#17891 = FACE_BOUND('',#17892,.T.);
#17892 = EDGE_LOOP('',(#17893,#17914,#17915,#17916));
#17893 = ORIENTED_EDGE('',*,*,#17894,.F.);
#17894 = EDGE_CURVE('',#17693,#17895,#17897,.T.);
#17895 = VERTEX_POINT('',#17896);
#17896 = CARTESIAN_POINT('',(9.3,6.607168583621E-16,-4.));
#17897 = SURFACE_CURVE('',#17898,(#17902,#17908),.PCURVE_S1.);
#17898 = LINE('',#17899,#17900);
#17899 = CARTESIAN_POINT('',(-15.,0.,-4.));
#17900 = VECTOR('',#17901,1.);
#17901 = DIRECTION('',(-1.,0.,0.));
#17902 = PCURVE('',#17737,#17903);
#17903 = DEFINITIONAL_REPRESENTATION('',(#17904),#17907);
#17904 = B_SPLINE_CURVE_WITH_KNOTS('',1,(#17905,#17906),.UNSPECIFIED.,
  .F.,.F.,(2,2),(-27.,-3.),.PIECEWISE_BEZIER_KNOTS.);
#17905 = CARTESIAN_POINT('',(12.,-4.217680353673E-16));
#17906 = CARTESIAN_POINT('',(-12.,-4.217680353673E-16));
#17907 = ( GEOMETRIC_REPRESENTATION_CONTEXT(2)
PARAMETRIC_REPRESENTATION_CONTEXT() REPRESENTATION_CONTEXT('2D SPACE',''
  ) );
#17908 = PCURVE('',#17708,#17909);
#17909 = DEFINITIONAL_REPRESENTATION('',(#17910),#17913);
#17910 = B_SPLINE_CURVE_WITH_KNOTS('',1,(#17911,#17912),.UNSPECIFIED.,
  .F.,.F.,(2,2),(-27.,-3.),.PIECEWISE_BEZIER_KNOTS.);
#17911 = CARTESIAN_POINT('',(61.,42.));
#17912 = CARTESIAN_POINT('',(61.,18.));
#17913 = ( GEOMETRIC_REPRESENTATION_CONTEXT(2)
PARAMETRIC_REPRESENTATION_CONTEXT() REPRESENTATION_CONTEXT('2D SPACE',''
  ) );
#17914 = ORIENTED_EDGE('',*,*,#17720,.T.);
#17915 = ORIENTED_EDGE('',*,*,#17850,.F.);
#17916 = ORIENTED_EDGE('',*,*,#17917,.F.);
#17917 = EDGE_CURVE('',#17895,#17851,#17918,.T.);
#17918 = SURFACE_CURVE('',#17919,(#17924,#17931),.PCURVE_S1.);
#17919 = CIRCLE('',#17920,9.3);
#17920 = AXIS2_PLACEMENT_3D('',#17921,#17922,#17923);
#17921 = CARTESIAN_POINT('',(5.722244773978E-14,6.607168583621E-16,-4.)
  );
#17922 = DIRECTION('',(0.,0.,1.));
#17923 = DIRECTION('',(1.,0.,0.));
#17924 = PCURVE('',#17737,#17925);
#17925 = DEFINITIONAL_REPRESENTATION('',(#17926),#17930);
#17926 = CIRCLE('',#17927,9.3);
#17927 = AXIS2_PLACEMENT_2D('',#17928,#17929);
#17928 = CARTESIAN_POINT('',(5.790616780605E-14,2.389488229948E-16));
#17929 = DIRECTION('',(1.,0.));
#17930 = ( GEOMETRIC_REPRESENTATION_CONTEXT(2)
PARAMETRIC_REPRESENTATION_CONTEXT() REPRESENTATION_CONTEXT('2D SPACE',''
  ) );
#17931 = PCURVE('',#17834,#17932);
#17932 = DEFINITIONAL_REPRESENTATION('',(#17933),#17937);
#17933 = LINE('',#17934,#17935);
#17934 = CARTESIAN_POINT('',(-0.,-0.7));
#17935 = VECTOR('',#17936,1.);
#17936 = DIRECTION('',(-1.,0.));
#17937 = ( GEOMETRIC_REPRESENTATION_CONTEXT(2)
PARAMETRIC_REPRESENTATION_CONTEXT() REPRESENTATION_CONTEXT('2D SPACE',''
  ) );
#17938 = ADVANCED_FACE('',(#17939),#17708,.F.);
#17939 = FACE_BOUND('',#17940,.F.);
#17940 = EDGE_LOOP('',(#17941,#17942,#17943,#17964));
#17941 = ORIENTED_EDGE('',*,*,#17692,.F.);
#17942 = ORIENTED_EDGE('',*,*,#17776,.T.);
#17943 = ORIENTED_EDGE('',*,*,#17944,.T.);
#17944 = EDGE_CURVE('',#17777,#17895,#17945,.T.);
#17945 = SURFACE_CURVE('',#17946,(#17950,#17957),.PCURVE_S1.);
#17946 = LINE('',#17947,#17948);
#17947 = CARTESIAN_POINT('',(9.3,6.607168583621E-16,-4.7));
#17948 = VECTOR('',#17949,1.);
#17949 = DIRECTION('',(0.,0.,1.));
#17950 = PCURVE('',#17708,#17951);
#17951 = DEFINITIONAL_REPRESENTATION('',(#17952),#17956);
#17952 = LINE('',#17953,#17954);
#17953 = CARTESIAN_POINT('',(60.3,39.3));
#17954 = VECTOR('',#17955,1.);
#17955 = DIRECTION('',(1.,0.));
#17956 = ( GEOMETRIC_REPRESENTATION_CONTEXT(2)
PARAMETRIC_REPRESENTATION_CONTEXT() REPRESENTATION_CONTEXT('2D SPACE',''
  ) );
#17957 = PCURVE('',#17834,#17958);
#17958 = DEFINITIONAL_REPRESENTATION('',(#17959),#17963);
#17959 = LINE('',#17960,#17961);
#17960 = CARTESIAN_POINT('',(-0.,0.));
#17961 = VECTOR('',#17962,1.);
#17962 = DIRECTION('',(-0.,-1.));
#17963 = ( GEOMETRIC_REPRESENTATION_CONTEXT(2)
PARAMETRIC_REPRESENTATION_CONTEXT() REPRESENTATION_CONTEXT('2D SPACE',''
  ) );
#17964 = ORIENTED_EDGE('',*,*,#17894,.F.);
#17965 = ADVANCED_FACE('',(#17966),#17834,.F.);
#17966 = FACE_BOUND('',#17967,.T.);
#17967 = EDGE_LOOP('',(#17968,#17969,#17970,#17971));
#17968 = ORIENTED_EDGE('',*,*,#17819,.F.);
#17969 = ORIENTED_EDGE('',*,*,#17944,.T.);
#17970 = ORIENTED_EDGE('',*,*,#17917,.T.);
#17971 = ORIENTED_EDGE('',*,*,#17871,.T.);
#17972 = ( GEOMETRIC_REPRESENTATION_CONTEXT(3)
GLOBAL_UNCERTAINTY_ASSIGNED_CONTEXT((#17976))
GLOBAL_UNIT_ASSIGNED_CONTEXT((#17973,#17974,#17975))
REPRESENTATION_CONTEXT('Context #1',
  '3D Context with UNIT and UNCERTAINTY') );
#17973 = ( LENGTH_UNIT() NAMED_UNIT(*) SI_UNIT(.MILLI.,.METRE.) );
#17974 = ( NAMED_UNIT(*) PLANE_ANGLE_UNIT() SI_UNIT($,.RADIAN.) );
#17975 = ( NAMED_UNIT(*) SI_UNIT($,.STERADIAN.) SOLID_ANGLE_UNIT() );
#17976 = UNCERTAINTY_MEASURE_WITH_UNIT(LENGTH_MEASURE(2.E-07),#17973,
  'distance_accuracy_value','confusion accuracy');
#17977 = CONTEXT_DEPENDENT_SHAPE_REPRESENTATION(#17978,#17980);
#17978 = ( REPRESENTATION_RELATIONSHIP('','',#17649,#10)
REPRESENTATION_RELATIONSHIP_WITH_TRANSFORMATION(#17979)
SHAPE_REPRESENTATION_RELATIONSHIP() );
#17979 = ITEM_DEFINED_TRANSFORMATION('','',#11,#87);
#17980 = PRODUCT_DEFINITION_SHAPE('Placement','Placement of an item',
  #17981);
#17981 = NEXT_ASSEMBLY_USAGE_OCCURRENCE('164','','',#5,#17644,$);
#17982 = PRODUCT_RELATED_PRODUCT_CATEGORY('part',$,(#17646));
#17983 = SHAPE_DEFINITION_REPRESENTATION(#17984,#17990);
#17984 = PRODUCT_DEFINITION_SHAPE('','',#17985);
#17985 = PRODUCT_DEFINITION('design','',#17986,#17989);
#17986 = PRODUCT_DEFINITION_FORMATION('','',#17987);
#17987 = PRODUCT('Open CASCADE STEP translator 7.8 6.20',
  'Open CASCADE STEP translator 7.8 6.20','',(#17988));
#17988 = PRODUCT_CONTEXT('',#2,'mechanical');
#17989 = PRODUCT_DEFINITION_CONTEXT('part definition',#2,'design');
#17990 = ADVANCED_BREP_SHAPE_REPRESENTATION('',(#11,#17991),#18161);
#17991 = MANIFOLD_SOLID_BREP('',#17992);
#17992 = CLOSED_SHELL('',(#17993,#18108,#18131,#18156));
#17993 = ADVANCED_FACE('',(#17994),#18009,.T.);
#17994 = FACE_BOUND('',#17995,.F.);
#17995 = EDGE_LOOP('',(#17996,#18032,#18060,#18089));
#17996 = ORIENTED_EDGE('',*,*,#17997,.F.);
#17997 = EDGE_CURVE('',#17998,#18000,#18002,.T.);
#17998 = VERTEX_POINT('',#17999);
#17999 = CARTESIAN_POINT('',(1.,0.,-38.));
#18000 = VERTEX_POINT('',#18001);
#18001 = CARTESIAN_POINT('',(0.6,2.449293598295E-17,-38.));
#18002 = SURFACE_CURVE('',#18003,(#18008,#18020),.PCURVE_S1.);
#18003 = CIRCLE('',#18004,0.2);
#18004 = AXIS2_PLACEMENT_3D('',#18005,#18006,#18007);
#18005 = CARTESIAN_POINT('',(0.8,0.,-38.));
#18006 = DIRECTION('',(0.,0.,1.));
#18007 = DIRECTION('',(1.,0.,0.));
#18008 = PCURVE('',#18009,#18014);
#18009 = CYLINDRICAL_SURFACE('',#18010,0.2);
#18010 = AXIS2_PLACEMENT_3D('',#18011,#18012,#18013);
#18011 = CARTESIAN_POINT('',(0.8,0.,-38.));
#18012 = DIRECTION('',(-0.,-0.,-1.));
#18013 = DIRECTION('',(1.,0.,0.));
#18014 = DEFINITIONAL_REPRESENTATION('',(#18015),#18019);
#18015 = LINE('',#18016,#18017);
#18016 = CARTESIAN_POINT('',(-0.,0.));
#18017 = VECTOR('',#18018,1.);
#18018 = DIRECTION('',(-1.,0.));
#18019 = ( GEOMETRIC_REPRESENTATION_CONTEXT(2)
PARAMETRIC_REPRESENTATION_CONTEXT() REPRESENTATION_CONTEXT('2D SPACE',''
  ) );
#18020 = PCURVE('',#18021,#18026);
#18021 = PLANE('',#18022);
#18022 = AXIS2_PLACEMENT_3D('',#18023,#18024,#18025);
#18023 = CARTESIAN_POINT('',(0.8,1.854350309434E-17,-38.));
#18024 = DIRECTION('',(0.,0.,1.));
#18025 = DIRECTION('',(1.,0.,-0.));
#18026 = DEFINITIONAL_REPRESENTATION('',(#18027),#18031);
#18027 = CIRCLE('',#18028,0.2);
#18028 = AXIS2_PLACEMENT_2D('',#18029,#18030);
#18029 = CARTESIAN_POINT('',(1.110223024625E-16,-1.854350309434E-17));
#18030 = DIRECTION('',(1.,0.));
#18031 = ( GEOMETRIC_REPRESENTATION_CONTEXT(2)
PARAMETRIC_REPRESENTATION_CONTEXT() REPRESENTATION_CONTEXT('2D SPACE',''
  ) );
#18032 = ORIENTED_EDGE('',*,*,#18033,.T.);
#18033 = EDGE_CURVE('',#17998,#18034,#18036,.T.);
#18034 = VERTEX_POINT('',#18035);
#18035 = CARTESIAN_POINT('',(1.,0.,-6.8));
#18036 = SURFACE_CURVE('',#18037,(#18041,#18048),.PCURVE_S1.);
#18037 = LINE('',#18038,#18039);
#18038 = CARTESIAN_POINT('',(1.,0.,-38.));
#18039 = VECTOR('',#18040,1.);
#18040 = DIRECTION('',(0.,0.,1.));
#18041 = PCURVE('',#18009,#18042);
#18042 = DEFINITIONAL_REPRESENTATION('',(#18043),#18047);
#18043 = LINE('',#18044,#18045);
#18044 = CARTESIAN_POINT('',(-0.,0.));
#18045 = VECTOR('',#18046,1.);
#18046 = DIRECTION('',(-0.,-1.));
#18047 = ( GEOMETRIC_REPRESENTATION_CONTEXT(2)
PARAMETRIC_REPRESENTATION_CONTEXT() REPRESENTATION_CONTEXT('2D SPACE',''
  ) );
#18048 = PCURVE('',#18049,#18054);
#18049 = PLANE('',#18050);
#18050 = AXIS2_PLACEMENT_3D('',#18051,#18052,#18053);
#18051 = CARTESIAN_POINT('',(-30.,0.,-65.));
#18052 = DIRECTION('',(0.,1.,0.));
#18053 = DIRECTION('',(0.,0.,1.));
#18054 = DEFINITIONAL_REPRESENTATION('',(#18055),#18059);
#18055 = LINE('',#18056,#18057);
#18056 = CARTESIAN_POINT('',(27.,31.));
#18057 = VECTOR('',#18058,1.);
#18058 = DIRECTION('',(1.,0.));
#18059 = ( GEOMETRIC_REPRESENTATION_CONTEXT(2)
PARAMETRIC_REPRESENTATION_CONTEXT() REPRESENTATION_CONTEXT('2D SPACE',''
  ) );
#18060 = ORIENTED_EDGE('',*,*,#18061,.T.);
#18061 = EDGE_CURVE('',#18034,#18062,#18064,.T.);
#18062 = VERTEX_POINT('',#18063);
#18063 = CARTESIAN_POINT('',(0.6,2.449293598295E-17,-6.8));
#18064 = SURFACE_CURVE('',#18065,(#18070,#18077),.PCURVE_S1.);
#18065 = CIRCLE('',#18066,0.2);
#18066 = AXIS2_PLACEMENT_3D('',#18067,#18068,#18069);
#18067 = CARTESIAN_POINT('',(0.8,0.,-6.8));
#18068 = DIRECTION('',(0.,0.,1.));
#18069 = DIRECTION('',(1.,0.,0.));
#18070 = PCURVE('',#18009,#18071);
#18071 = DEFINITIONAL_REPRESENTATION('',(#18072),#18076);
#18072 = LINE('',#18073,#18074);
#18073 = CARTESIAN_POINT('',(-0.,-31.2));
#18074 = VECTOR('',#18075,1.);
#18075 = DIRECTION('',(-1.,0.));
#18076 = ( GEOMETRIC_REPRESENTATION_CONTEXT(2)
PARAMETRIC_REPRESENTATION_CONTEXT() REPRESENTATION_CONTEXT('2D SPACE',''
  ) );
#18077 = PCURVE('',#18078,#18083);
#18078 = PLANE('',#18079);
#18079 = AXIS2_PLACEMENT_3D('',#18080,#18081,#18082);
#18080 = CARTESIAN_POINT('',(0.8,1.854350309434E-17,-6.8));
#18081 = DIRECTION('',(0.,0.,1.));
#18082 = DIRECTION('',(1.,0.,-0.));
#18083 = DEFINITIONAL_REPRESENTATION('',(#18084),#18088);
#18084 = CIRCLE('',#18085,0.2);
#18085 = AXIS2_PLACEMENT_2D('',#18086,#18087);
#18086 = CARTESIAN_POINT('',(1.110223024625E-16,-1.854350309434E-17));
#18087 = DIRECTION('',(1.,0.));
#18088 = ( GEOMETRIC_REPRESENTATION_CONTEXT(2)
PARAMETRIC_REPRESENTATION_CONTEXT() REPRESENTATION_CONTEXT('2D SPACE',''
  ) );
#18089 = ORIENTED_EDGE('',*,*,#18090,.T.);
#18090 = EDGE_CURVE('',#18062,#18000,#18091,.T.);
#18091 = SURFACE_CURVE('',#18092,(#18096,#18102),.PCURVE_S1.);
#18092 = LINE('',#18093,#18094);
#18093 = CARTESIAN_POINT('',(0.6,0.,-38.));
#18094 = VECTOR('',#18095,1.);
#18095 = DIRECTION('',(-0.,-0.,-1.));
#18096 = PCURVE('',#18009,#18097);
#18097 = DEFINITIONAL_REPRESENTATION('',(#18098),#18101);
#18098 = B_SPLINE_CURVE_WITH_KNOTS('',1,(#18099,#18100),.UNSPECIFIED.,
  .F.,.F.,(2,2),(-31.2000006,5.999999999062E-07),
  .PIECEWISE_BEZIER_KNOTS.);
#18099 = CARTESIAN_POINT('',(-3.14159265359,-31.2000006));
#18100 = CARTESIAN_POINT('',(-3.14159265359,5.999999999062E-07));
#18101 = ( GEOMETRIC_REPRESENTATION_CONTEXT(2)
PARAMETRIC_REPRESENTATION_CONTEXT() REPRESENTATION_CONTEXT('2D SPACE',''
  ) );
#18102 = PCURVE('',#18049,#18103);
#18103 = DEFINITIONAL_REPRESENTATION('',(#18104),#18107);
#18104 = B_SPLINE_CURVE_WITH_KNOTS('',1,(#18105,#18106),.UNSPECIFIED.,
  .F.,.F.,(2,2),(-31.2000006,5.999999999062E-07),
  .PIECEWISE_BEZIER_KNOTS.);
#18105 = CARTESIAN_POINT('',(58.2000006,30.6));
#18106 = CARTESIAN_POINT('',(26.9999994,30.6));
#18107 = ( GEOMETRIC_REPRESENTATION_CONTEXT(2)
PARAMETRIC_REPRESENTATION_CONTEXT() REPRESENTATION_CONTEXT('2D SPACE',''
  ) );
#18108 = ADVANCED_FACE('',(#18109),#18021,.F.);
#18109 = FACE_BOUND('',#18110,.F.);
#18110 = EDGE_LOOP('',(#18111,#18130));
#18111 = ORIENTED_EDGE('',*,*,#18112,.F.);
#18112 = EDGE_CURVE('',#17998,#18000,#18113,.T.);
#18113 = SURFACE_CURVE('',#18114,(#18118,#18124),.PCURVE_S1.);
#18114 = LINE('',#18115,#18116);
#18115 = CARTESIAN_POINT('',(-14.6,0.,-38.));
#18116 = VECTOR('',#18117,1.);
#18117 = DIRECTION('',(-1.,0.,0.));
#18118 = PCURVE('',#18021,#18119);
#18119 = DEFINITIONAL_REPRESENTATION('',(#18120),#18123);
#18120 = B_SPLINE_CURVE_WITH_KNOTS('',1,(#18121,#18122),.UNSPECIFIED.,
  .F.,.F.,(2,2),(-15.6,-15.2),.PIECEWISE_BEZIER_KNOTS.);
#18121 = CARTESIAN_POINT('',(0.2,-1.854350309434E-17));
#18122 = CARTESIAN_POINT('',(-0.2,-1.854350309434E-17));
#18123 = ( GEOMETRIC_REPRESENTATION_CONTEXT(2)
PARAMETRIC_REPRESENTATION_CONTEXT() REPRESENTATION_CONTEXT('2D SPACE',''
  ) );
#18124 = PCURVE('',#18049,#18125);
#18125 = DEFINITIONAL_REPRESENTATION('',(#18126),#18129);
#18126 = B_SPLINE_CURVE_WITH_KNOTS('',1,(#18127,#18128),.UNSPECIFIED.,
  .F.,.F.,(2,2),(-15.6,-15.2),.PIECEWISE_BEZIER_KNOTS.);
#18127 = CARTESIAN_POINT('',(27.,31.));
#18128 = CARTESIAN_POINT('',(27.,30.6));
#18129 = ( GEOMETRIC_REPRESENTATION_CONTEXT(2)
PARAMETRIC_REPRESENTATION_CONTEXT() REPRESENTATION_CONTEXT('2D SPACE',''
  ) );
#18130 = ORIENTED_EDGE('',*,*,#17997,.T.);
#18131 = ADVANCED_FACE('',(#18132),#18049,.F.);
#18132 = FACE_BOUND('',#18133,.F.);
#18133 = EDGE_LOOP('',(#18134,#18135,#18136,#18137));
#18134 = ORIENTED_EDGE('',*,*,#18033,.F.);
#18135 = ORIENTED_EDGE('',*,*,#18112,.T.);
#18136 = ORIENTED_EDGE('',*,*,#18090,.F.);
#18137 = ORIENTED_EDGE('',*,*,#18138,.F.);
#18138 = EDGE_CURVE('',#18034,#18062,#18139,.T.);
#18139 = SURFACE_CURVE('',#18140,(#18144,#18150),.PCURVE_S1.);
#18140 = LINE('',#18141,#18142);
#18141 = CARTESIAN_POINT('',(-14.6,0.,-6.8));
#18142 = VECTOR('',#18143,1.);
#18143 = DIRECTION('',(-1.,0.,0.));
#18144 = PCURVE('',#18049,#18145);
#18145 = DEFINITIONAL_REPRESENTATION('',(#18146),#18149);
#18146 = B_SPLINE_CURVE_WITH_KNOTS('',1,(#18147,#18148),.UNSPECIFIED.,
  .F.,.F.,(2,2),(-15.6,-15.2),.PIECEWISE_BEZIER_KNOTS.);
#18147 = CARTESIAN_POINT('',(58.2,31.));
#18148 = CARTESIAN_POINT('',(58.2,30.6));
#18149 = ( GEOMETRIC_REPRESENTATION_CONTEXT(2)
PARAMETRIC_REPRESENTATION_CONTEXT() REPRESENTATION_CONTEXT('2D SPACE',''
  ) );
#18150 = PCURVE('',#18078,#18151);
#18151 = DEFINITIONAL_REPRESENTATION('',(#18152),#18155);
#18152 = B_SPLINE_CURVE_WITH_KNOTS('',1,(#18153,#18154),.UNSPECIFIED.,
  .F.,.F.,(2,2),(-15.6,-15.2),.PIECEWISE_BEZIER_KNOTS.);
#18153 = CARTESIAN_POINT('',(0.2,-1.854350309434E-17));
#18154 = CARTESIAN_POINT('',(-0.2,-1.854350309434E-17));
#18155 = ( GEOMETRIC_REPRESENTATION_CONTEXT(2)
PARAMETRIC_REPRESENTATION_CONTEXT() REPRESENTATION_CONTEXT('2D SPACE',''
  ) );
#18156 = ADVANCED_FACE('',(#18157),#18078,.T.);
#18157 = FACE_BOUND('',#18158,.T.);
#18158 = EDGE_LOOP('',(#18159,#18160));
#18159 = ORIENTED_EDGE('',*,*,#18138,.F.);
#18160 = ORIENTED_EDGE('',*,*,#18061,.T.);
#18161 = ( GEOMETRIC_REPRESENTATION_CONTEXT(3)
GLOBAL_UNCERTAINTY_ASSIGNED_CONTEXT((#18165))
GLOBAL_UNIT_ASSIGNED_CONTEXT((#18162,#18163,#18164))
REPRESENTATION_CONTEXT('Context #1',
  '3D Context with UNIT and UNCERTAINTY') );
#18162 = ( LENGTH_UNIT() NAMED_UNIT(*) SI_UNIT(.MILLI.,.METRE.) );
#18163 = ( NAMED_UNIT(*) PLANE_ANGLE_UNIT() SI_UNIT($,.RADIAN.) );
#18164 = ( NAMED_UNIT(*) SI_UNIT($,.STERADIAN.) SOLID_ANGLE_UNIT() );
#18165 = UNCERTAINTY_MEASURE_WITH_UNIT(LENGTH_MEASURE(2.E-07),#18162,
  'distance_accuracy_value','confusion accuracy');
#18166 = CONTEXT_DEPENDENT_SHAPE_REPRESENTATION(#18167,#18169);
#18167 = ( REPRESENTATION_RELATIONSHIP('','',#17990,#10)
REPRESENTATION_RELATIONSHIP_WITH_TRANSFORMATION(#18168)
SHAPE_REPRESENTATION_RELATIONSHIP() );
#18168 = ITEM_DEFINED_TRANSFORMATION('','',#11,#91);
#18169 = PRODUCT_DEFINITION_SHAPE('Placement','Placement of an item',
  #18170);
#18170 = NEXT_ASSEMBLY_USAGE_OCCURRENCE('165','','',#5,#17985,$);
#18171 = PRODUCT_RELATED_PRODUCT_CATEGORY('part',$,(#17987));
#18172 = SHAPE_DEFINITION_REPRESENTATION(#18173,#18179);
#18173 = PRODUCT_DEFINITION_SHAPE('','',#18174);
#18174 = PRODUCT_DEFINITION('design','',#18175,#18178);
#18175 = PRODUCT_DEFINITION_FORMATION('','',#18176);
#18176 = PRODUCT('Open CASCADE STEP translator 7.8 6.21',
  'Open CASCADE STEP translator 7.8 6.21','',(#18177));
#18177 = PRODUCT_CONTEXT('',#2,'mechanical');
#18178 = PRODUCT_DEFINITION_CONTEXT('part definition',#2,'design');
#18179 = ADVANCED_BREP_SHAPE_REPRESENTATION('',(#11,#18180),#18502);
#18180 = MANIFOLD_SOLID_BREP('',#18181);
#18181 = CLOSED_SHELL('',(#18182,#18300,#18374,#18423,#18470,#18495));
#18182 = ADVANCED_FACE('',(#18183),#18197,.F.);
#18183 = FACE_BOUND('',#18184,.F.);
#18184 = EDGE_LOOP('',(#18185,#18220,#18246,#18274));
#18185 = ORIENTED_EDGE('',*,*,#18186,.F.);
#18186 = EDGE_CURVE('',#18187,#18189,#18191,.T.);
#18187 = VERTEX_POINT('',#18188);
#18188 = CARTESIAN_POINT('',(-0.2,0.,-38.));
#18189 = VERTEX_POINT('',#18190);
#18190 = CARTESIAN_POINT('',(-0.2,1.,-38.));
#18191 = SURFACE_CURVE('',#18192,(#18196,#18208),.PCURVE_S1.);
#18192 = LINE('',#18193,#18194);
#18193 = CARTESIAN_POINT('',(-0.2,-1.,-38.));
#18194 = VECTOR('',#18195,1.);
#18195 = DIRECTION('',(0.,1.,0.));
#18196 = PCURVE('',#18197,#18202);
#18197 = PLANE('',#18198);
#18198 = AXIS2_PLACEMENT_3D('',#18199,#18200,#18201);
#18199 = CARTESIAN_POINT('',(-0.2,-1.,-38.4));
#18200 = DIRECTION('',(1.,0.,0.));
#18201 = DIRECTION('',(0.,0.,1.));
#18202 = DEFINITIONAL_REPRESENTATION('',(#18203),#18207);
#18203 = LINE('',#18204,#18205);
#18204 = CARTESIAN_POINT('',(0.4,0.));
#18205 = VECTOR('',#18206,1.);
#18206 = DIRECTION('',(0.,-1.));
#18207 = ( GEOMETRIC_REPRESENTATION_CONTEXT(2)
PARAMETRIC_REPRESENTATION_CONTEXT() REPRESENTATION_CONTEXT('2D SPACE',''
  ) );
#18208 = PCURVE('',#18209,#18214);
#18209 = PLANE('',#18210);
#18210 = AXIS2_PLACEMENT_3D('',#18211,#18212,#18213);
#18211 = CARTESIAN_POINT('',(-0.2,-1.,-38.));
#18212 = DIRECTION('',(0.,0.,1.));
#18213 = DIRECTION('',(1.,0.,0.));
#18214 = DEFINITIONAL_REPRESENTATION('',(#18215),#18219);
#18215 = LINE('',#18216,#18217);
#18216 = CARTESIAN_POINT('',(0.,0.));
#18217 = VECTOR('',#18218,1.);
#18218 = DIRECTION('',(0.,1.));
#18219 = ( GEOMETRIC_REPRESENTATION_CONTEXT(2)
PARAMETRIC_REPRESENTATION_CONTEXT() REPRESENTATION_CONTEXT('2D SPACE',''
  ) );
#18220 = ORIENTED_EDGE('',*,*,#18221,.F.);
#18221 = EDGE_CURVE('',#18222,#18187,#18224,.T.);
#18222 = VERTEX_POINT('',#18223);
#18223 = CARTESIAN_POINT('',(-0.2,0.,-38.4));
#18224 = SURFACE_CURVE('',#18225,(#18229,#18235),.PCURVE_S1.);
#18225 = LINE('',#18226,#18227);
#18226 = CARTESIAN_POINT('',(-0.2,0.,-51.7));
#18227 = VECTOR('',#18228,1.);
#18228 = DIRECTION('',(0.,0.,1.));
#18229 = PCURVE('',#18197,#18230);
#18230 = DEFINITIONAL_REPRESENTATION('',(#18231),#18234);
#18231 = B_SPLINE_CURVE_WITH_KNOTS('',1,(#18232,#18233),.UNSPECIFIED.,
  .F.,.F.,(2,2),(13.3,13.7),.PIECEWISE_BEZIER_KNOTS.);
#18232 = CARTESIAN_POINT('',(0.,-1.));
#18233 = CARTESIAN_POINT('',(0.4,-1.));
#18234 = ( GEOMETRIC_REPRESENTATION_CONTEXT(2)
PARAMETRIC_REPRESENTATION_CONTEXT() REPRESENTATION_CONTEXT('2D SPACE',''
  ) );
#18235 = PCURVE('',#18236,#18241);
#18236 = PLANE('',#18237);
#18237 = AXIS2_PLACEMENT_3D('',#18238,#18239,#18240);
#18238 = CARTESIAN_POINT('',(-30.,0.,-65.));
#18239 = DIRECTION('',(0.,1.,0.));
#18240 = DIRECTION('',(0.,0.,1.));
#18241 = DEFINITIONAL_REPRESENTATION('',(#18242),#18245);
#18242 = B_SPLINE_CURVE_WITH_KNOTS('',1,(#18243,#18244),.UNSPECIFIED.,
  .F.,.F.,(2,2),(13.3,13.7),.PIECEWISE_BEZIER_KNOTS.);
#18243 = CARTESIAN_POINT('',(26.6,29.8));
#18244 = CARTESIAN_POINT('',(27.,29.8));
#18245 = ( GEOMETRIC_REPRESENTATION_CONTEXT(2)
PARAMETRIC_REPRESENTATION_CONTEXT() REPRESENTATION_CONTEXT('2D SPACE',''
  ) );
#18246 = ORIENTED_EDGE('',*,*,#18247,.T.);
#18247 = EDGE_CURVE('',#18222,#18248,#18250,.T.);
#18248 = VERTEX_POINT('',#18249);
#18249 = CARTESIAN_POINT('',(-0.2,1.,-38.4));
#18250 = SURFACE_CURVE('',#18251,(#18255,#18262),.PCURVE_S1.);
#18251 = LINE('',#18252,#18253);
#18252 = CARTESIAN_POINT('',(-0.2,-1.,-38.4));
#18253 = VECTOR('',#18254,1.);
#18254 = DIRECTION('',(0.,1.,0.));
#18255 = PCURVE('',#18197,#18256);
#18256 = DEFINITIONAL_REPRESENTATION('',(#18257),#18261);
#18257 = LINE('',#18258,#18259);
#18258 = CARTESIAN_POINT('',(0.,0.));
#18259 = VECTOR('',#18260,1.);
#18260 = DIRECTION('',(0.,-1.));
#18261 = ( GEOMETRIC_REPRESENTATION_CONTEXT(2)
PARAMETRIC_REPRESENTATION_CONTEXT() REPRESENTATION_CONTEXT('2D SPACE',''
  ) );
#18262 = PCURVE('',#18263,#18268);
#18263 = PLANE('',#18264);
#18264 = AXIS2_PLACEMENT_3D('',#18265,#18266,#18267);
#18265 = CARTESIAN_POINT('',(-0.2,-1.,-38.4));
#18266 = DIRECTION('',(0.,0.,1.));
#18267 = DIRECTION('',(1.,0.,0.));
#18268 = DEFINITIONAL_REPRESENTATION('',(#18269),#18273);
#18269 = LINE('',#18270,#18271);
#18270 = CARTESIAN_POINT('',(0.,0.));
#18271 = VECTOR('',#18272,1.);
#18272 = DIRECTION('',(0.,1.));
#18273 = ( GEOMETRIC_REPRESENTATION_CONTEXT(2)
PARAMETRIC_REPRESENTATION_CONTEXT() REPRESENTATION_CONTEXT('2D SPACE',''
  ) );
#18274 = ORIENTED_EDGE('',*,*,#18275,.T.);
#18275 = EDGE_CURVE('',#18248,#18189,#18276,.T.);
#18276 = SURFACE_CURVE('',#18277,(#18281,#18288),.PCURVE_S1.);
#18277 = LINE('',#18278,#18279);
#18278 = CARTESIAN_POINT('',(-0.2,1.,-38.4));
#18279 = VECTOR('',#18280,1.);
#18280 = DIRECTION('',(0.,0.,1.));
#18281 = PCURVE('',#18197,#18282);
#18282 = DEFINITIONAL_REPRESENTATION('',(#18283),#18287);
#18283 = LINE('',#18284,#18285);
#18284 = CARTESIAN_POINT('',(0.,-2.));
#18285 = VECTOR('',#18286,1.);
#18286 = DIRECTION('',(1.,0.));
#18287 = ( GEOMETRIC_REPRESENTATION_CONTEXT(2)
PARAMETRIC_REPRESENTATION_CONTEXT() REPRESENTATION_CONTEXT('2D SPACE',''
  ) );
#18288 = PCURVE('',#18289,#18294);
#18289 = PLANE('',#18290);
#18290 = AXIS2_PLACEMENT_3D('',#18291,#18292,#18293);
#18291 = CARTESIAN_POINT('',(-0.2,1.,-38.4));
#18292 = DIRECTION('',(0.,1.,0.));
#18293 = DIRECTION('',(0.,0.,1.));
#18294 = DEFINITIONAL_REPRESENTATION('',(#18295),#18299);
#18295 = LINE('',#18296,#18297);
#18296 = CARTESIAN_POINT('',(0.,0.));
#18297 = VECTOR('',#18298,1.);
#18298 = DIRECTION('',(1.,0.));
#18299 = ( GEOMETRIC_REPRESENTATION_CONTEXT(2)
PARAMETRIC_REPRESENTATION_CONTEXT() REPRESENTATION_CONTEXT('2D SPACE',''
  ) );
#18300 = ADVANCED_FACE('',(#18301),#18209,.T.);
#18301 = FACE_BOUND('',#18302,.T.);
#18302 = EDGE_LOOP('',(#18303,#18304,#18325,#18353));
#18303 = ORIENTED_EDGE('',*,*,#18186,.F.);
#18304 = ORIENTED_EDGE('',*,*,#18305,.F.);
#18305 = EDGE_CURVE('',#18306,#18187,#18308,.T.);
#18306 = VERTEX_POINT('',#18307);
#18307 = CARTESIAN_POINT('',(1.8,0.,-38.));
#18308 = SURFACE_CURVE('',#18309,(#18313,#18319),.PCURVE_S1.);
#18309 = LINE('',#18310,#18311);
#18310 = CARTESIAN_POINT('',(-15.1,0.,-38.));
#18311 = VECTOR('',#18312,1.);
#18312 = DIRECTION('',(-1.,0.,0.));
#18313 = PCURVE('',#18209,#18314);
#18314 = DEFINITIONAL_REPRESENTATION('',(#18315),#18318);
#18315 = B_SPLINE_CURVE_WITH_KNOTS('',1,(#18316,#18317),.UNSPECIFIED.,
  .F.,.F.,(2,2),(-16.9,-14.9),.PIECEWISE_BEZIER_KNOTS.);
#18316 = CARTESIAN_POINT('',(2.,1.));
#18317 = CARTESIAN_POINT('',(0.,1.));
#18318 = ( GEOMETRIC_REPRESENTATION_CONTEXT(2)
PARAMETRIC_REPRESENTATION_CONTEXT() REPRESENTATION_CONTEXT('2D SPACE',''
  ) );
#18319 = PCURVE('',#18236,#18320);
#18320 = DEFINITIONAL_REPRESENTATION('',(#18321),#18324);
#18321 = B_SPLINE_CURVE_WITH_KNOTS('',1,(#18322,#18323),.UNSPECIFIED.,
  .F.,.F.,(2,2),(-16.9,-14.9),.PIECEWISE_BEZIER_KNOTS.);
#18322 = CARTESIAN_POINT('',(27.,31.8));
#18323 = CARTESIAN_POINT('',(27.,29.8));
#18324 = ( GEOMETRIC_REPRESENTATION_CONTEXT(2)
PARAMETRIC_REPRESENTATION_CONTEXT() REPRESENTATION_CONTEXT('2D SPACE',''
  ) );
#18325 = ORIENTED_EDGE('',*,*,#18326,.T.);
#18326 = EDGE_CURVE('',#18306,#18327,#18329,.T.);
#18327 = VERTEX_POINT('',#18328);
#18328 = CARTESIAN_POINT('',(1.8,1.,-38.));
#18329 = SURFACE_CURVE('',#18330,(#18334,#18341),.PCURVE_S1.);
#18330 = LINE('',#18331,#18332);
#18331 = CARTESIAN_POINT('',(1.8,-1.,-38.));
#18332 = VECTOR('',#18333,1.);
#18333 = DIRECTION('',(0.,1.,0.));
#18334 = PCURVE('',#18209,#18335);
#18335 = DEFINITIONAL_REPRESENTATION('',(#18336),#18340);
#18336 = LINE('',#18337,#18338);
#18337 = CARTESIAN_POINT('',(2.,0.));
#18338 = VECTOR('',#18339,1.);
#18339 = DIRECTION('',(0.,1.));
#18340 = ( GEOMETRIC_REPRESENTATION_CONTEXT(2)
PARAMETRIC_REPRESENTATION_CONTEXT() REPRESENTATION_CONTEXT('2D SPACE',''
  ) );
#18341 = PCURVE('',#18342,#18347);
#18342 = PLANE('',#18343);
#18343 = AXIS2_PLACEMENT_3D('',#18344,#18345,#18346);
#18344 = CARTESIAN_POINT('',(1.8,-1.,-38.4));
#18345 = DIRECTION('',(1.,0.,0.));
#18346 = DIRECTION('',(0.,0.,1.));
#18347 = DEFINITIONAL_REPRESENTATION('',(#18348),#18352);
#18348 = LINE('',#18349,#18350);
#18349 = CARTESIAN_POINT('',(0.4,0.));
#18350 = VECTOR('',#18351,1.);
#18351 = DIRECTION('',(0.,-1.));
#18352 = ( GEOMETRIC_REPRESENTATION_CONTEXT(2)
PARAMETRIC_REPRESENTATION_CONTEXT() REPRESENTATION_CONTEXT('2D SPACE',''
  ) );
#18353 = ORIENTED_EDGE('',*,*,#18354,.F.);
#18354 = EDGE_CURVE('',#18189,#18327,#18355,.T.);
#18355 = SURFACE_CURVE('',#18356,(#18360,#18367),.PCURVE_S1.);
#18356 = LINE('',#18357,#18358);
#18357 = CARTESIAN_POINT('',(-0.2,1.,-38.));
#18358 = VECTOR('',#18359,1.);
#18359 = DIRECTION('',(1.,0.,0.));
#18360 = PCURVE('',#18209,#18361);
#18361 = DEFINITIONAL_REPRESENTATION('',(#18362),#18366);
#18362 = LINE('',#18363,#18364);
#18363 = CARTESIAN_POINT('',(0.,2.));
#18364 = VECTOR('',#18365,1.);
#18365 = DIRECTION('',(1.,0.));
#18366 = ( GEOMETRIC_REPRESENTATION_CONTEXT(2)
PARAMETRIC_REPRESENTATION_CONTEXT() REPRESENTATION_CONTEXT('2D SPACE',''
  ) );
#18367 = PCURVE('',#18289,#18368);
#18368 = DEFINITIONAL_REPRESENTATION('',(#18369),#18373);
#18369 = LINE('',#18370,#18371);
#18370 = CARTESIAN_POINT('',(0.4,0.));
#18371 = VECTOR('',#18372,1.);
#18372 = DIRECTION('',(0.,1.));
#18373 = ( GEOMETRIC_REPRESENTATION_CONTEXT(2)
PARAMETRIC_REPRESENTATION_CONTEXT() REPRESENTATION_CONTEXT('2D SPACE',''
  ) );
#18374 = ADVANCED_FACE('',(#18375),#18289,.T.);
#18375 = FACE_BOUND('',#18376,.T.);
#18376 = EDGE_LOOP('',(#18377,#18400,#18401,#18402));
#18377 = ORIENTED_EDGE('',*,*,#18378,.F.);
#18378 = EDGE_CURVE('',#18248,#18379,#18381,.T.);
#18379 = VERTEX_POINT('',#18380);
#18380 = CARTESIAN_POINT('',(1.8,1.,-38.4));
#18381 = SURFACE_CURVE('',#18382,(#18386,#18393),.PCURVE_S1.);
#18382 = LINE('',#18383,#18384);
#18383 = CARTESIAN_POINT('',(-0.2,1.,-38.4));
#18384 = VECTOR('',#18385,1.);
#18385 = DIRECTION('',(1.,0.,0.));
#18386 = PCURVE('',#18289,#18387);
#18387 = DEFINITIONAL_REPRESENTATION('',(#18388),#18392);
#18388 = LINE('',#18389,#18390);
#18389 = CARTESIAN_POINT('',(0.,0.));
#18390 = VECTOR('',#18391,1.);
#18391 = DIRECTION('',(0.,1.));
#18392 = ( GEOMETRIC_REPRESENTATION_CONTEXT(2)
PARAMETRIC_REPRESENTATION_CONTEXT() REPRESENTATION_CONTEXT('2D SPACE',''
  ) );
#18393 = PCURVE('',#18263,#18394);
#18394 = DEFINITIONAL_REPRESENTATION('',(#18395),#18399);
#18395 = LINE('',#18396,#18397);
#18396 = CARTESIAN_POINT('',(0.,2.));
#18397 = VECTOR('',#18398,1.);
#18398 = DIRECTION('',(1.,0.));
#18399 = ( GEOMETRIC_REPRESENTATION_CONTEXT(2)
PARAMETRIC_REPRESENTATION_CONTEXT() REPRESENTATION_CONTEXT('2D SPACE',''
  ) );
#18400 = ORIENTED_EDGE('',*,*,#18275,.T.);
#18401 = ORIENTED_EDGE('',*,*,#18354,.T.);
#18402 = ORIENTED_EDGE('',*,*,#18403,.F.);
#18403 = EDGE_CURVE('',#18379,#18327,#18404,.T.);
#18404 = SURFACE_CURVE('',#18405,(#18409,#18416),.PCURVE_S1.);
#18405 = LINE('',#18406,#18407);
#18406 = CARTESIAN_POINT('',(1.8,1.,-38.4));
#18407 = VECTOR('',#18408,1.);
#18408 = DIRECTION('',(0.,0.,1.));
#18409 = PCURVE('',#18289,#18410);
#18410 = DEFINITIONAL_REPRESENTATION('',(#18411),#18415);
#18411 = LINE('',#18412,#18413);
#18412 = CARTESIAN_POINT('',(0.,2.));
#18413 = VECTOR('',#18414,1.);
#18414 = DIRECTION('',(1.,0.));
#18415 = ( GEOMETRIC_REPRESENTATION_CONTEXT(2)
PARAMETRIC_REPRESENTATION_CONTEXT() REPRESENTATION_CONTEXT('2D SPACE',''
  ) );
#18416 = PCURVE('',#18342,#18417);
#18417 = DEFINITIONAL_REPRESENTATION('',(#18418),#18422);
#18418 = LINE('',#18419,#18420);
#18419 = CARTESIAN_POINT('',(0.,-2.));
#18420 = VECTOR('',#18421,1.);
#18421 = DIRECTION('',(1.,0.));
#18422 = ( GEOMETRIC_REPRESENTATION_CONTEXT(2)
PARAMETRIC_REPRESENTATION_CONTEXT() REPRESENTATION_CONTEXT('2D SPACE',''
  ) );
#18423 = ADVANCED_FACE('',(#18424),#18263,.F.);
#18424 = FACE_BOUND('',#18425,.F.);
#18425 = EDGE_LOOP('',(#18426,#18427,#18448,#18469));
#18426 = ORIENTED_EDGE('',*,*,#18247,.F.);
#18427 = ORIENTED_EDGE('',*,*,#18428,.F.);
#18428 = EDGE_CURVE('',#18429,#18222,#18431,.T.);
#18429 = VERTEX_POINT('',#18430);
#18430 = CARTESIAN_POINT('',(1.8,0.,-38.4));
#18431 = SURFACE_CURVE('',#18432,(#18436,#18442),.PCURVE_S1.);
#18432 = LINE('',#18433,#18434);
#18433 = CARTESIAN_POINT('',(-15.1,0.,-38.4));
#18434 = VECTOR('',#18435,1.);
#18435 = DIRECTION('',(-1.,0.,0.));
#18436 = PCURVE('',#18263,#18437);
#18437 = DEFINITIONAL_REPRESENTATION('',(#18438),#18441);
#18438 = B_SPLINE_CURVE_WITH_KNOTS('',1,(#18439,#18440),.UNSPECIFIED.,
  .F.,.F.,(2,2),(-16.9,-14.9),.PIECEWISE_BEZIER_KNOTS.);
#18439 = CARTESIAN_POINT('',(2.,1.));
#18440 = CARTESIAN_POINT('',(0.,1.));
#18441 = ( GEOMETRIC_REPRESENTATION_CONTEXT(2)
PARAMETRIC_REPRESENTATION_CONTEXT() REPRESENTATION_CONTEXT('2D SPACE',''
  ) );
#18442 = PCURVE('',#18236,#18443);
#18443 = DEFINITIONAL_REPRESENTATION('',(#18444),#18447);
#18444 = B_SPLINE_CURVE_WITH_KNOTS('',1,(#18445,#18446),.UNSPECIFIED.,
  .F.,.F.,(2,2),(-16.9,-14.9),.PIECEWISE_BEZIER_KNOTS.);
#18445 = CARTESIAN_POINT('',(26.6,31.8));
#18446 = CARTESIAN_POINT('',(26.6,29.8));
#18447 = ( GEOMETRIC_REPRESENTATION_CONTEXT(2)
PARAMETRIC_REPRESENTATION_CONTEXT() REPRESENTATION_CONTEXT('2D SPACE',''
  ) );
#18448 = ORIENTED_EDGE('',*,*,#18449,.T.);
#18449 = EDGE_CURVE('',#18429,#18379,#18450,.T.);
#18450 = SURFACE_CURVE('',#18451,(#18455,#18462),.PCURVE_S1.);
#18451 = LINE('',#18452,#18453);
#18452 = CARTESIAN_POINT('',(1.8,-1.,-38.4));
#18453 = VECTOR('',#18454,1.);
#18454 = DIRECTION('',(0.,1.,0.));
#18455 = PCURVE('',#18263,#18456);
#18456 = DEFINITIONAL_REPRESENTATION('',(#18457),#18461);
#18457 = LINE('',#18458,#18459);
#18458 = CARTESIAN_POINT('',(2.,0.));
#18459 = VECTOR('',#18460,1.);
#18460 = DIRECTION('',(0.,1.));
#18461 = ( GEOMETRIC_REPRESENTATION_CONTEXT(2)
PARAMETRIC_REPRESENTATION_CONTEXT() REPRESENTATION_CONTEXT('2D SPACE',''
  ) );
#18462 = PCURVE('',#18342,#18463);
#18463 = DEFINITIONAL_REPRESENTATION('',(#18464),#18468);
#18464 = LINE('',#18465,#18466);
#18465 = CARTESIAN_POINT('',(0.,0.));
#18466 = VECTOR('',#18467,1.);
#18467 = DIRECTION('',(0.,-1.));
#18468 = ( GEOMETRIC_REPRESENTATION_CONTEXT(2)
PARAMETRIC_REPRESENTATION_CONTEXT() REPRESENTATION_CONTEXT('2D SPACE',''
  ) );
#18469 = ORIENTED_EDGE('',*,*,#18378,.F.);
#18470 = ADVANCED_FACE('',(#18471),#18236,.F.);
#18471 = FACE_BOUND('',#18472,.F.);
#18472 = EDGE_LOOP('',(#18473,#18474,#18475,#18476));
#18473 = ORIENTED_EDGE('',*,*,#18428,.T.);
#18474 = ORIENTED_EDGE('',*,*,#18221,.T.);
#18475 = ORIENTED_EDGE('',*,*,#18305,.F.);
#18476 = ORIENTED_EDGE('',*,*,#18477,.F.);
#18477 = EDGE_CURVE('',#18429,#18306,#18478,.T.);
#18478 = SURFACE_CURVE('',#18479,(#18483,#18489),.PCURVE_S1.);
#18479 = LINE('',#18480,#18481);
#18480 = CARTESIAN_POINT('',(1.8,0.,-51.7));
#18481 = VECTOR('',#18482,1.);
#18482 = DIRECTION('',(0.,0.,1.));
#18483 = PCURVE('',#18236,#18484);
#18484 = DEFINITIONAL_REPRESENTATION('',(#18485),#18488);
#18485 = B_SPLINE_CURVE_WITH_KNOTS('',1,(#18486,#18487),.UNSPECIFIED.,
  .F.,.F.,(2,2),(13.3,13.7),.PIECEWISE_BEZIER_KNOTS.);
#18486 = CARTESIAN_POINT('',(26.6,31.8));
#18487 = CARTESIAN_POINT('',(27.,31.8));
#18488 = ( GEOMETRIC_REPRESENTATION_CONTEXT(2)
PARAMETRIC_REPRESENTATION_CONTEXT() REPRESENTATION_CONTEXT('2D SPACE',''
  ) );
#18489 = PCURVE('',#18342,#18490);
#18490 = DEFINITIONAL_REPRESENTATION('',(#18491),#18494);
#18491 = B_SPLINE_CURVE_WITH_KNOTS('',1,(#18492,#18493),.UNSPECIFIED.,
  .F.,.F.,(2,2),(13.3,13.7),.PIECEWISE_BEZIER_KNOTS.);
#18492 = CARTESIAN_POINT('',(0.,-1.));
#18493 = CARTESIAN_POINT('',(0.4,-1.));
#18494 = ( GEOMETRIC_REPRESENTATION_CONTEXT(2)
PARAMETRIC_REPRESENTATION_CONTEXT() REPRESENTATION_CONTEXT('2D SPACE',''
  ) );
#18495 = ADVANCED_FACE('',(#18496),#18342,.T.);
#18496 = FACE_BOUND('',#18497,.T.);
#18497 = EDGE_LOOP('',(#18498,#18499,#18500,#18501));
#18498 = ORIENTED_EDGE('',*,*,#18326,.F.);
#18499 = ORIENTED_EDGE('',*,*,#18477,.F.);
#18500 = ORIENTED_EDGE('',*,*,#18449,.T.);
#18501 = ORIENTED_EDGE('',*,*,#18403,.T.);
#18502 = ( GEOMETRIC_REPRESENTATION_CONTEXT(3)
GLOBAL_UNCERTAINTY_ASSIGNED_CONTEXT((#18506))
GLOBAL_UNIT_ASSIGNED_CONTEXT((#18503,#18504,#18505))
REPRESENTATION_CONTEXT('Context #1',
  '3D Context with UNIT and UNCERTAINTY') );
#18503 = ( LENGTH_UNIT() NAMED_UNIT(*) SI_UNIT(.MILLI.,.METRE.) );
#18504 = ( NAMED_UNIT(*) PLANE_ANGLE_UNIT() SI_UNIT($,.RADIAN.) );
#18505 = ( NAMED_UNIT(*) SI_UNIT($,.STERADIAN.) SOLID_ANGLE_UNIT() );
#18506 = UNCERTAINTY_MEASURE_WITH_UNIT(LENGTH_MEASURE(1.E-07),#18503,
  'distance_accuracy_value','confusion accuracy');
#18507 = CONTEXT_DEPENDENT_SHAPE_REPRESENTATION(#18508,#18510);
#18508 = ( REPRESENTATION_RELATIONSHIP('','',#18179,#10)
REPRESENTATION_RELATIONSHIP_WITH_TRANSFORMATION(#18509)
SHAPE_REPRESENTATION_RELATIONSHIP() );
#18509 = ITEM_DEFINED_TRANSFORMATION('','',#11,#95);
#18510 = PRODUCT_DEFINITION_SHAPE('Placement','Placement of an item',
  #18511);
#18511 = NEXT_ASSEMBLY_USAGE_OCCURRENCE('166','','',#5,#18174,$);
#18512 = PRODUCT_RELATED_PRODUCT_CATEGORY('part',$,(#18176));
#18513 = SHAPE_DEFINITION_REPRESENTATION(#18514,#18520);
#18514 = PRODUCT_DEFINITION_SHAPE('','',#18515);
#18515 = PRODUCT_DEFINITION('design','',#18516,#18519);
#18516 = PRODUCT_DEFINITION_FORMATION('','',#18517);
#18517 = PRODUCT('Open CASCADE STEP translator 7.8 6.22',
  'Open CASCADE STEP translator 7.8 6.22','',(#18518));
#18518 = PRODUCT_CONTEXT('',#2,'mechanical');
#18519 = PRODUCT_DEFINITION_CONTEXT('part definition',#2,'design');
#18520 = ADVANCED_BREP_SHAPE_REPRESENTATION('',(#11,#18521),#18691);
#18521 = MANIFOLD_SOLID_BREP('',#18522);
#18522 = CLOSED_SHELL('',(#18523,#18638,#18661,#18686));
#18523 = ADVANCED_FACE('',(#18524),#18539,.T.);
#18524 = FACE_BOUND('',#18525,.F.);
#18525 = EDGE_LOOP('',(#18526,#18562,#18590,#18619));
#18526 = ORIENTED_EDGE('',*,*,#18527,.F.);
#18527 = EDGE_CURVE('',#18528,#18530,#18532,.T.);
#18528 = VERTEX_POINT('',#18529);
#18529 = CARTESIAN_POINT('',(-0.6,0.,-40.));
#18530 = VERTEX_POINT('',#18531);
#18531 = CARTESIAN_POINT('',(-1.,2.449293598295E-17,-40.));
#18532 = SURFACE_CURVE('',#18533,(#18538,#18550),.PCURVE_S1.);
#18533 = CIRCLE('',#18534,0.2);
#18534 = AXIS2_PLACEMENT_3D('',#18535,#18536,#18537);
#18535 = CARTESIAN_POINT('',(-0.8,0.,-40.));
#18536 = DIRECTION('',(0.,0.,1.));
#18537 = DIRECTION('',(1.,0.,0.));
#18538 = PCURVE('',#18539,#18544);
#18539 = CYLINDRICAL_SURFACE('',#18540,0.2);
#18540 = AXIS2_PLACEMENT_3D('',#18541,#18542,#18543);
#18541 = CARTESIAN_POINT('',(-0.8,0.,-40.));
#18542 = DIRECTION('',(-0.,-0.,-1.));
#18543 = DIRECTION('',(1.,0.,0.));
#18544 = DEFINITIONAL_REPRESENTATION('',(#18545),#18549);
#18545 = LINE('',#18546,#18547);
#18546 = CARTESIAN_POINT('',(-0.,0.));
#18547 = VECTOR('',#18548,1.);
#18548 = DIRECTION('',(-1.,0.));
#18549 = ( GEOMETRIC_REPRESENTATION_CONTEXT(2)
PARAMETRIC_REPRESENTATION_CONTEXT() REPRESENTATION_CONTEXT('2D SPACE',''
  ) );
#18550 = PCURVE('',#18551,#18556);
#18551 = PLANE('',#18552);
#18552 = AXIS2_PLACEMENT_3D('',#18553,#18554,#18555);
#18553 = CARTESIAN_POINT('',(-0.8,1.854350309434E-17,-40.));
#18554 = DIRECTION('',(0.,0.,1.));
#18555 = DIRECTION('',(1.,0.,-0.));
#18556 = DEFINITIONAL_REPRESENTATION('',(#18557),#18561);
#18557 = CIRCLE('',#18558,0.2);
#18558 = AXIS2_PLACEMENT_2D('',#18559,#18560);
#18559 = CARTESIAN_POINT('',(0.,-1.854350309434E-17));
#18560 = DIRECTION('',(1.,0.));
#18561 = ( GEOMETRIC_REPRESENTATION_CONTEXT(2)
PARAMETRIC_REPRESENTATION_CONTEXT() REPRESENTATION_CONTEXT('2D SPACE',''
  ) );
#18562 = ORIENTED_EDGE('',*,*,#18563,.T.);
#18563 = EDGE_CURVE('',#18528,#18564,#18566,.T.);
#18564 = VERTEX_POINT('',#18565);
#18565 = CARTESIAN_POINT('',(-0.6,0.,-9.));
#18566 = SURFACE_CURVE('',#18567,(#18571,#18578),.PCURVE_S1.);
#18567 = LINE('',#18568,#18569);
#18568 = CARTESIAN_POINT('',(-0.6,0.,-40.));
#18569 = VECTOR('',#18570,1.);
#18570 = DIRECTION('',(0.,0.,1.));
#18571 = PCURVE('',#18539,#18572);
#18572 = DEFINITIONAL_REPRESENTATION('',(#18573),#18577);
#18573 = LINE('',#18574,#18575);
#18574 = CARTESIAN_POINT('',(-0.,0.));
#18575 = VECTOR('',#18576,1.);
#18576 = DIRECTION('',(-0.,-1.));
#18577 = ( GEOMETRIC_REPRESENTATION_CONTEXT(2)
PARAMETRIC_REPRESENTATION_CONTEXT() REPRESENTATION_CONTEXT('2D SPACE',''
  ) );
#18578 = PCURVE('',#18579,#18584);
#18579 = PLANE('',#18580);
#18580 = AXIS2_PLACEMENT_3D('',#18581,#18582,#18583);
#18581 = CARTESIAN_POINT('',(-30.,0.,-65.));
#18582 = DIRECTION('',(0.,1.,0.));
#18583 = DIRECTION('',(0.,0.,1.));
#18584 = DEFINITIONAL_REPRESENTATION('',(#18585),#18589);
#18585 = LINE('',#18586,#18587);
#18586 = CARTESIAN_POINT('',(25.,29.4));
#18587 = VECTOR('',#18588,1.);
#18588 = DIRECTION('',(1.,0.));
#18589 = ( GEOMETRIC_REPRESENTATION_CONTEXT(2)
PARAMETRIC_REPRESENTATION_CONTEXT() REPRESENTATION_CONTEXT('2D SPACE',''
  ) );
#18590 = ORIENTED_EDGE('',*,*,#18591,.T.);
#18591 = EDGE_CURVE('',#18564,#18592,#18594,.T.);
#18592 = VERTEX_POINT('',#18593);
#18593 = CARTESIAN_POINT('',(-1.,2.449293598295E-17,-9.));
#18594 = SURFACE_CURVE('',#18595,(#18600,#18607),.PCURVE_S1.);
#18595 = CIRCLE('',#18596,0.2);
#18596 = AXIS2_PLACEMENT_3D('',#18597,#18598,#18599);
#18597 = CARTESIAN_POINT('',(-0.8,0.,-9.));
#18598 = DIRECTION('',(0.,0.,1.));
#18599 = DIRECTION('',(1.,0.,0.));
#18600 = PCURVE('',#18539,#18601);
#18601 = DEFINITIONAL_REPRESENTATION('',(#18602),#18606);
#18602 = LINE('',#18603,#18604);
#18603 = CARTESIAN_POINT('',(-0.,-31.));
#18604 = VECTOR('',#18605,1.);
#18605 = DIRECTION('',(-1.,0.));
#18606 = ( GEOMETRIC_REPRESENTATION_CONTEXT(2)
PARAMETRIC_REPRESENTATION_CONTEXT() REPRESENTATION_CONTEXT('2D SPACE',''
  ) );
#18607 = PCURVE('',#18608,#18613);
#18608 = PLANE('',#18609);
#18609 = AXIS2_PLACEMENT_3D('',#18610,#18611,#18612);
#18610 = CARTESIAN_POINT('',(-0.8,1.854350309434E-17,-9.));
#18611 = DIRECTION('',(0.,0.,1.));
#18612 = DIRECTION('',(1.,0.,-0.));
#18613 = DEFINITIONAL_REPRESENTATION('',(#18614),#18618);
#18614 = CIRCLE('',#18615,0.2);
#18615 = AXIS2_PLACEMENT_2D('',#18616,#18617);
#18616 = CARTESIAN_POINT('',(0.,-1.854350309434E-17));
#18617 = DIRECTION('',(1.,0.));
#18618 = ( GEOMETRIC_REPRESENTATION_CONTEXT(2)
PARAMETRIC_REPRESENTATION_CONTEXT() REPRESENTATION_CONTEXT('2D SPACE',''
  ) );
#18619 = ORIENTED_EDGE('',*,*,#18620,.T.);
#18620 = EDGE_CURVE('',#18592,#18530,#18621,.T.);
#18621 = SURFACE_CURVE('',#18622,(#18626,#18632),.PCURVE_S1.);
#18622 = LINE('',#18623,#18624);
#18623 = CARTESIAN_POINT('',(-1.,0.,-40.));
#18624 = VECTOR('',#18625,1.);
#18625 = DIRECTION('',(-0.,-0.,-1.));
#18626 = PCURVE('',#18539,#18627);
#18627 = DEFINITIONAL_REPRESENTATION('',(#18628),#18631);
#18628 = B_SPLINE_CURVE_WITH_KNOTS('',1,(#18629,#18630),.UNSPECIFIED.,
  .F.,.F.,(2,2),(-31.0000006,5.999999999062E-07),
  .PIECEWISE_BEZIER_KNOTS.);
#18629 = CARTESIAN_POINT('',(-3.14159265359,-31.0000006));
#18630 = CARTESIAN_POINT('',(-3.14159265359,5.999999999062E-07));
#18631 = ( GEOMETRIC_REPRESENTATION_CONTEXT(2)
PARAMETRIC_REPRESENTATION_CONTEXT() REPRESENTATION_CONTEXT('2D SPACE',''
  ) );
#18632 = PCURVE('',#18579,#18633);
#18633 = DEFINITIONAL_REPRESENTATION('',(#18634),#18637);
#18634 = B_SPLINE_CURVE_WITH_KNOTS('',1,(#18635,#18636),.UNSPECIFIED.,
  .F.,.F.,(2,2),(-31.0000006,5.999999999062E-07),
  .PIECEWISE_BEZIER_KNOTS.);
#18635 = CARTESIAN_POINT('',(56.0000006,29.));
#18636 = CARTESIAN_POINT('',(24.9999994,29.));
#18637 = ( GEOMETRIC_REPRESENTATION_CONTEXT(2)
PARAMETRIC_REPRESENTATION_CONTEXT() REPRESENTATION_CONTEXT('2D SPACE',''
  ) );
#18638 = ADVANCED_FACE('',(#18639),#18551,.F.);
#18639 = FACE_BOUND('',#18640,.F.);
#18640 = EDGE_LOOP('',(#18641,#18660));
#18641 = ORIENTED_EDGE('',*,*,#18642,.F.);
#18642 = EDGE_CURVE('',#18528,#18530,#18643,.T.);
#18643 = SURFACE_CURVE('',#18644,(#18648,#18654),.PCURVE_S1.);
#18644 = LINE('',#18645,#18646);
#18645 = CARTESIAN_POINT('',(-15.4,0.,-40.));
#18646 = VECTOR('',#18647,1.);
#18647 = DIRECTION('',(-1.,0.,0.));
#18648 = PCURVE('',#18551,#18649);
#18649 = DEFINITIONAL_REPRESENTATION('',(#18650),#18653);
#18650 = B_SPLINE_CURVE_WITH_KNOTS('',1,(#18651,#18652),.UNSPECIFIED.,
  .F.,.F.,(2,2),(-14.8,-14.4),.PIECEWISE_BEZIER_KNOTS.);
#18651 = CARTESIAN_POINT('',(0.2,-1.854350309434E-17));
#18652 = CARTESIAN_POINT('',(-0.2,-1.854350309434E-17));
#18653 = ( GEOMETRIC_REPRESENTATION_CONTEXT(2)
PARAMETRIC_REPRESENTATION_CONTEXT() REPRESENTATION_CONTEXT('2D SPACE',''
  ) );
#18654 = PCURVE('',#18579,#18655);
#18655 = DEFINITIONAL_REPRESENTATION('',(#18656),#18659);
#18656 = B_SPLINE_CURVE_WITH_KNOTS('',1,(#18657,#18658),.UNSPECIFIED.,
  .F.,.F.,(2,2),(-14.8,-14.4),.PIECEWISE_BEZIER_KNOTS.);
#18657 = CARTESIAN_POINT('',(25.,29.4));
#18658 = CARTESIAN_POINT('',(25.,29.));
#18659 = ( GEOMETRIC_REPRESENTATION_CONTEXT(2)
PARAMETRIC_REPRESENTATION_CONTEXT() REPRESENTATION_CONTEXT('2D SPACE',''
  ) );
#18660 = ORIENTED_EDGE('',*,*,#18527,.T.);
#18661 = ADVANCED_FACE('',(#18662),#18579,.F.);
#18662 = FACE_BOUND('',#18663,.F.);
#18663 = EDGE_LOOP('',(#18664,#18665,#18666,#18667));
#18664 = ORIENTED_EDGE('',*,*,#18563,.F.);
#18665 = ORIENTED_EDGE('',*,*,#18642,.T.);
#18666 = ORIENTED_EDGE('',*,*,#18620,.F.);
#18667 = ORIENTED_EDGE('',*,*,#18668,.F.);
#18668 = EDGE_CURVE('',#18564,#18592,#18669,.T.);
#18669 = SURFACE_CURVE('',#18670,(#18674,#18680),.PCURVE_S1.);
#18670 = LINE('',#18671,#18672);
#18671 = CARTESIAN_POINT('',(-15.4,0.,-9.));
#18672 = VECTOR('',#18673,1.);
#18673 = DIRECTION('',(-1.,0.,0.));
#18674 = PCURVE('',#18579,#18675);
#18675 = DEFINITIONAL_REPRESENTATION('',(#18676),#18679);
#18676 = B_SPLINE_CURVE_WITH_KNOTS('',1,(#18677,#18678),.UNSPECIFIED.,
  .F.,.F.,(2,2),(-14.8,-14.4),.PIECEWISE_BEZIER_KNOTS.);
#18677 = CARTESIAN_POINT('',(56.,29.4));
#18678 = CARTESIAN_POINT('',(56.,29.));
#18679 = ( GEOMETRIC_REPRESENTATION_CONTEXT(2)
PARAMETRIC_REPRESENTATION_CONTEXT() REPRESENTATION_CONTEXT('2D SPACE',''
  ) );
#18680 = PCURVE('',#18608,#18681);
#18681 = DEFINITIONAL_REPRESENTATION('',(#18682),#18685);
#18682 = B_SPLINE_CURVE_WITH_KNOTS('',1,(#18683,#18684),.UNSPECIFIED.,
  .F.,.F.,(2,2),(-14.8,-14.4),.PIECEWISE_BEZIER_KNOTS.);
#18683 = CARTESIAN_POINT('',(0.2,-1.854350309434E-17));
#18684 = CARTESIAN_POINT('',(-0.2,-1.854350309434E-17));
#18685 = ( GEOMETRIC_REPRESENTATION_CONTEXT(2)
PARAMETRIC_REPRESENTATION_CONTEXT() REPRESENTATION_CONTEXT('2D SPACE',''
  ) );
#18686 = ADVANCED_FACE('',(#18687),#18608,.T.);
#18687 = FACE_BOUND('',#18688,.T.);
#18688 = EDGE_LOOP('',(#18689,#18690));
#18689 = ORIENTED_EDGE('',*,*,#18668,.F.);
#18690 = ORIENTED_EDGE('',*,*,#18591,.T.);
#18691 = ( GEOMETRIC_REPRESENTATION_CONTEXT(3)
GLOBAL_UNCERTAINTY_ASSIGNED_CONTEXT((#18695))
GLOBAL_UNIT_ASSIGNED_CONTEXT((#18692,#18693,#18694))
REPRESENTATION_CONTEXT('Context #1',
  '3D Context with UNIT and UNCERTAINTY') );
#18692 = ( LENGTH_UNIT() NAMED_UNIT(*) SI_UNIT(.MILLI.,.METRE.) );
#18693 = ( NAMED_UNIT(*) PLANE_ANGLE_UNIT() SI_UNIT($,.RADIAN.) );
#18694 = ( NAMED_UNIT(*) SI_UNIT($,.STERADIAN.) SOLID_ANGLE_UNIT() );
#18695 = UNCERTAINTY_MEASURE_WITH_UNIT(LENGTH_MEASURE(2.E-07),#18692,
  'distance_accuracy_value','confusion accuracy');
#18696 = CONTEXT_DEPENDENT_SHAPE_REPRESENTATION(#18697,#18699);
#18697 = ( REPRESENTATION_RELATIONSHIP('','',#18520,#10)
REPRESENTATION_RELATIONSHIP_WITH_TRANSFORMATION(#18698)
SHAPE_REPRESENTATION_RELATIONSHIP() );
#18698 = ITEM_DEFINED_TRANSFORMATION('','',#11,#99);
#18699 = PRODUCT_DEFINITION_SHAPE('Placement','Placement of an item',
  #18700);
#18700 = NEXT_ASSEMBLY_USAGE_OCCURRENCE('167','','',#5,#18515,$);
#18701 = PRODUCT_RELATED_PRODUCT_CATEGORY('part',$,(#18517));
#18702 = SHAPE_DEFINITION_REPRESENTATION(#18703,#18709);
#18703 = PRODUCT_DEFINITION_SHAPE('','',#18704);
#18704 = PRODUCT_DEFINITION('design','',#18705,#18708);
#18705 = PRODUCT_DEFINITION_FORMATION('','',#18706);
#18706 = PRODUCT('Open CASCADE STEP translator 7.8 6.23',
  'Open CASCADE STEP translator 7.8 6.23','',(#18707));
#18707 = PRODUCT_CONTEXT('',#2,'mechanical');
#18708 = PRODUCT_DEFINITION_CONTEXT('part definition',#2,'design');
#18709 = ADVANCED_BREP_SHAPE_REPRESENTATION('',(#11,#18710),#19032);
#18710 = MANIFOLD_SOLID_BREP('',#18711);
#18711 = CLOSED_SHELL('',(#18712,#18830,#18904,#18953,#19000,#19025));
#18712 = ADVANCED_FACE('',(#18713),#18727,.F.);
#18713 = FACE_BOUND('',#18714,.F.);
#18714 = EDGE_LOOP('',(#18715,#18750,#18776,#18804));
#18715 = ORIENTED_EDGE('',*,*,#18716,.F.);
#18716 = EDGE_CURVE('',#18717,#18719,#18721,.T.);
#18717 = VERTEX_POINT('',#18718);
#18718 = CARTESIAN_POINT('',(-1.8,0.,-40.));
#18719 = VERTEX_POINT('',#18720);
#18720 = CARTESIAN_POINT('',(-1.8,1.,-40.));
#18721 = SURFACE_CURVE('',#18722,(#18726,#18738),.PCURVE_S1.);
#18722 = LINE('',#18723,#18724);
#18723 = CARTESIAN_POINT('',(-1.8,-1.,-40.));
#18724 = VECTOR('',#18725,1.);
#18725 = DIRECTION('',(0.,1.,0.));
#18726 = PCURVE('',#18727,#18732);
#18727 = PLANE('',#18728);
#18728 = AXIS2_PLACEMENT_3D('',#18729,#18730,#18731);
#18729 = CARTESIAN_POINT('',(-1.8,-1.,-40.4));
#18730 = DIRECTION('',(1.,0.,0.));
#18731 = DIRECTION('',(0.,0.,1.));
#18732 = DEFINITIONAL_REPRESENTATION('',(#18733),#18737);
#18733 = LINE('',#18734,#18735);
#18734 = CARTESIAN_POINT('',(0.4,0.));
#18735 = VECTOR('',#18736,1.);
#18736 = DIRECTION('',(0.,-1.));
#18737 = ( GEOMETRIC_REPRESENTATION_CONTEXT(2)
PARAMETRIC_REPRESENTATION_CONTEXT() REPRESENTATION_CONTEXT('2D SPACE',''
  ) );
#18738 = PCURVE('',#18739,#18744);
#18739 = PLANE('',#18740);
#18740 = AXIS2_PLACEMENT_3D('',#18741,#18742,#18743);
#18741 = CARTESIAN_POINT('',(-1.8,-1.,-40.));
#18742 = DIRECTION('',(0.,0.,1.));
#18743 = DIRECTION('',(1.,0.,0.));
#18744 = DEFINITIONAL_REPRESENTATION('',(#18745),#18749);
#18745 = LINE('',#18746,#18747);
#18746 = CARTESIAN_POINT('',(0.,0.));
#18747 = VECTOR('',#18748,1.);
#18748 = DIRECTION('',(0.,1.));
#18749 = ( GEOMETRIC_REPRESENTATION_CONTEXT(2)
PARAMETRIC_REPRESENTATION_CONTEXT() REPRESENTATION_CONTEXT('2D SPACE',''
  ) );
#18750 = ORIENTED_EDGE('',*,*,#18751,.F.);
#18751 = EDGE_CURVE('',#18752,#18717,#18754,.T.);
#18752 = VERTEX_POINT('',#18753);
#18753 = CARTESIAN_POINT('',(-1.8,0.,-40.4));
#18754 = SURFACE_CURVE('',#18755,(#18759,#18765),.PCURVE_S1.);
#18755 = LINE('',#18756,#18757);
#18756 = CARTESIAN_POINT('',(-1.8,0.,-52.7));
#18757 = VECTOR('',#18758,1.);
#18758 = DIRECTION('',(0.,0.,1.));
#18759 = PCURVE('',#18727,#18760);
#18760 = DEFINITIONAL_REPRESENTATION('',(#18761),#18764);
#18761 = B_SPLINE_CURVE_WITH_KNOTS('',1,(#18762,#18763),.UNSPECIFIED.,
  .F.,.F.,(2,2),(12.3,12.7),.PIECEWISE_BEZIER_KNOTS.);
#18762 = CARTESIAN_POINT('',(0.,-1.));
#18763 = CARTESIAN_POINT('',(0.4,-1.));
#18764 = ( GEOMETRIC_REPRESENTATION_CONTEXT(2)
PARAMETRIC_REPRESENTATION_CONTEXT() REPRESENTATION_CONTEXT('2D SPACE',''
  ) );
#18765 = PCURVE('',#18766,#18771);
#18766 = PLANE('',#18767);
#18767 = AXIS2_PLACEMENT_3D('',#18768,#18769,#18770);
#18768 = CARTESIAN_POINT('',(-30.,0.,-65.));
#18769 = DIRECTION('',(0.,1.,0.));
#18770 = DIRECTION('',(0.,0.,1.));
#18771 = DEFINITIONAL_REPRESENTATION('',(#18772),#18775);
#18772 = B_SPLINE_CURVE_WITH_KNOTS('',1,(#18773,#18774),.UNSPECIFIED.,
  .F.,.F.,(2,2),(12.3,12.7),.PIECEWISE_BEZIER_KNOTS.);
#18773 = CARTESIAN_POINT('',(24.6,28.2));
#18774 = CARTESIAN_POINT('',(25.,28.2));
#18775 = ( GEOMETRIC_REPRESENTATION_CONTEXT(2)
PARAMETRIC_REPRESENTATION_CONTEXT() REPRESENTATION_CONTEXT('2D SPACE',''
  ) );
#18776 = ORIENTED_EDGE('',*,*,#18777,.T.);
#18777 = EDGE_CURVE('',#18752,#18778,#18780,.T.);
#18778 = VERTEX_POINT('',#18779);
#18779 = CARTESIAN_POINT('',(-1.8,1.,-40.4));
#18780 = SURFACE_CURVE('',#18781,(#18785,#18792),.PCURVE_S1.);
#18781 = LINE('',#18782,#18783);
#18782 = CARTESIAN_POINT('',(-1.8,-1.,-40.4));
#18783 = VECTOR('',#18784,1.);
#18784 = DIRECTION('',(0.,1.,0.));
#18785 = PCURVE('',#18727,#18786);
#18786 = DEFINITIONAL_REPRESENTATION('',(#18787),#18791);
#18787 = LINE('',#18788,#18789);
#18788 = CARTESIAN_POINT('',(0.,0.));
#18789 = VECTOR('',#18790,1.);
#18790 = DIRECTION('',(0.,-1.));
#18791 = ( GEOMETRIC_REPRESENTATION_CONTEXT(2)
PARAMETRIC_REPRESENTATION_CONTEXT() REPRESENTATION_CONTEXT('2D SPACE',''
  ) );
#18792 = PCURVE('',#18793,#18798);
#18793 = PLANE('',#18794);
#18794 = AXIS2_PLACEMENT_3D('',#18795,#18796,#18797);
#18795 = CARTESIAN_POINT('',(-1.8,-1.,-40.4));
#18796 = DIRECTION('',(0.,0.,1.));
#18797 = DIRECTION('',(1.,0.,0.));
#18798 = DEFINITIONAL_REPRESENTATION('',(#18799),#18803);
#18799 = LINE('',#18800,#18801);
#18800 = CARTESIAN_POINT('',(0.,0.));
#18801 = VECTOR('',#18802,1.);
#18802 = DIRECTION('',(0.,1.));
#18803 = ( GEOMETRIC_REPRESENTATION_CONTEXT(2)
PARAMETRIC_REPRESENTATION_CONTEXT() REPRESENTATION_CONTEXT('2D SPACE',''
  ) );
#18804 = ORIENTED_EDGE('',*,*,#18805,.T.);
#18805 = EDGE_CURVE('',#18778,#18719,#18806,.T.);
#18806 = SURFACE_CURVE('',#18807,(#18811,#18818),.PCURVE_S1.);
#18807 = LINE('',#18808,#18809);
#18808 = CARTESIAN_POINT('',(-1.8,1.,-40.4));
#18809 = VECTOR('',#18810,1.);
#18810 = DIRECTION('',(0.,0.,1.));
#18811 = PCURVE('',#18727,#18812);
#18812 = DEFINITIONAL_REPRESENTATION('',(#18813),#18817);
#18813 = LINE('',#18814,#18815);
#18814 = CARTESIAN_POINT('',(0.,-2.));
#18815 = VECTOR('',#18816,1.);
#18816 = DIRECTION('',(1.,0.));
#18817 = ( GEOMETRIC_REPRESENTATION_CONTEXT(2)
PARAMETRIC_REPRESENTATION_CONTEXT() REPRESENTATION_CONTEXT('2D SPACE',''
  ) );
#18818 = PCURVE('',#18819,#18824);
#18819 = PLANE('',#18820);
#18820 = AXIS2_PLACEMENT_3D('',#18821,#18822,#18823);
#18821 = CARTESIAN_POINT('',(-1.8,1.,-40.4));
#18822 = DIRECTION('',(0.,1.,0.));
#18823 = DIRECTION('',(0.,0.,1.));
#18824 = DEFINITIONAL_REPRESENTATION('',(#18825),#18829);
#18825 = LINE('',#18826,#18827);
#18826 = CARTESIAN_POINT('',(0.,0.));
#18827 = VECTOR('',#18828,1.);
#18828 = DIRECTION('',(1.,0.));
#18829 = ( GEOMETRIC_REPRESENTATION_CONTEXT(2)
PARAMETRIC_REPRESENTATION_CONTEXT() REPRESENTATION_CONTEXT('2D SPACE',''
  ) );
#18830 = ADVANCED_FACE('',(#18831),#18739,.T.);
#18831 = FACE_BOUND('',#18832,.T.);
#18832 = EDGE_LOOP('',(#18833,#18834,#18855,#18883));
#18833 = ORIENTED_EDGE('',*,*,#18716,.F.);
#18834 = ORIENTED_EDGE('',*,*,#18835,.F.);
#18835 = EDGE_CURVE('',#18836,#18717,#18838,.T.);
#18836 = VERTEX_POINT('',#18837);
#18837 = CARTESIAN_POINT('',(0.2,0.,-40.));
#18838 = SURFACE_CURVE('',#18839,(#18843,#18849),.PCURVE_S1.);
#18839 = LINE('',#18840,#18841);
#18840 = CARTESIAN_POINT('',(-15.9,0.,-40.));
#18841 = VECTOR('',#18842,1.);
#18842 = DIRECTION('',(-1.,0.,0.));
#18843 = PCURVE('',#18739,#18844);
#18844 = DEFINITIONAL_REPRESENTATION('',(#18845),#18848);
#18845 = B_SPLINE_CURVE_WITH_KNOTS('',1,(#18846,#18847),.UNSPECIFIED.,
  .F.,.F.,(2,2),(-16.1,-14.1),.PIECEWISE_BEZIER_KNOTS.);
#18846 = CARTESIAN_POINT('',(2.,1.));
#18847 = CARTESIAN_POINT('',(0.,1.));
#18848 = ( GEOMETRIC_REPRESENTATION_CONTEXT(2)
PARAMETRIC_REPRESENTATION_CONTEXT() REPRESENTATION_CONTEXT('2D SPACE',''
  ) );
#18849 = PCURVE('',#18766,#18850);
#18850 = DEFINITIONAL_REPRESENTATION('',(#18851),#18854);
#18851 = B_SPLINE_CURVE_WITH_KNOTS('',1,(#18852,#18853),.UNSPECIFIED.,
  .F.,.F.,(2,2),(-16.1,-14.1),.PIECEWISE_BEZIER_KNOTS.);
#18852 = CARTESIAN_POINT('',(25.,30.2));
#18853 = CARTESIAN_POINT('',(25.,28.2));
#18854 = ( GEOMETRIC_REPRESENTATION_CONTEXT(2)
PARAMETRIC_REPRESENTATION_CONTEXT() REPRESENTATION_CONTEXT('2D SPACE',''
  ) );
#18855 = ORIENTED_EDGE('',*,*,#18856,.T.);
#18856 = EDGE_CURVE('',#18836,#18857,#18859,.T.);
#18857 = VERTEX_POINT('',#18858);
#18858 = CARTESIAN_POINT('',(0.2,1.,-40.));
#18859 = SURFACE_CURVE('',#18860,(#18864,#18871),.PCURVE_S1.);
#18860 = LINE('',#18861,#18862);
#18861 = CARTESIAN_POINT('',(0.2,-1.,-40.));
#18862 = VECTOR('',#18863,1.);
#18863 = DIRECTION('',(0.,1.,0.));
#18864 = PCURVE('',#18739,#18865);
#18865 = DEFINITIONAL_REPRESENTATION('',(#18866),#18870);
#18866 = LINE('',#18867,#18868);
#18867 = CARTESIAN_POINT('',(2.,0.));
#18868 = VECTOR('',#18869,1.);
#18869 = DIRECTION('',(0.,1.));
#18870 = ( GEOMETRIC_REPRESENTATION_CONTEXT(2)
PARAMETRIC_REPRESENTATION_CONTEXT() REPRESENTATION_CONTEXT('2D SPACE',''
  ) );
#18871 = PCURVE('',#18872,#18877);
#18872 = PLANE('',#18873);
#18873 = AXIS2_PLACEMENT_3D('',#18874,#18875,#18876);
#18874 = CARTESIAN_POINT('',(0.2,-1.,-40.4));
#18875 = DIRECTION('',(1.,0.,0.));
#18876 = DIRECTION('',(0.,0.,1.));
#18877 = DEFINITIONAL_REPRESENTATION('',(#18878),#18882);
#18878 = LINE('',#18879,#18880);
#18879 = CARTESIAN_POINT('',(0.4,0.));
#18880 = VECTOR('',#18881,1.);
#18881 = DIRECTION('',(0.,-1.));
#18882 = ( GEOMETRIC_REPRESENTATION_CONTEXT(2)
PARAMETRIC_REPRESENTATION_CONTEXT() REPRESENTATION_CONTEXT('2D SPACE',''
  ) );
#18883 = ORIENTED_EDGE('',*,*,#18884,.F.);
#18884 = EDGE_CURVE('',#18719,#18857,#18885,.T.);
#18885 = SURFACE_CURVE('',#18886,(#18890,#18897),.PCURVE_S1.);
#18886 = LINE('',#18887,#18888);
#18887 = CARTESIAN_POINT('',(-1.8,1.,-40.));
#18888 = VECTOR('',#18889,1.);
#18889 = DIRECTION('',(1.,0.,0.));
#18890 = PCURVE('',#18739,#18891);
#18891 = DEFINITIONAL_REPRESENTATION('',(#18892),#18896);
#18892 = LINE('',#18893,#18894);
#18893 = CARTESIAN_POINT('',(0.,2.));
#18894 = VECTOR('',#18895,1.);
#18895 = DIRECTION('',(1.,0.));
#18896 = ( GEOMETRIC_REPRESENTATION_CONTEXT(2)
PARAMETRIC_REPRESENTATION_CONTEXT() REPRESENTATION_CONTEXT('2D SPACE',''
  ) );
#18897 = PCURVE('',#18819,#18898);
#18898 = DEFINITIONAL_REPRESENTATION('',(#18899),#18903);
#18899 = LINE('',#18900,#18901);
#18900 = CARTESIAN_POINT('',(0.4,0.));
#18901 = VECTOR('',#18902,1.);
#18902 = DIRECTION('',(0.,1.));
#18903 = ( GEOMETRIC_REPRESENTATION_CONTEXT(2)
PARAMETRIC_REPRESENTATION_CONTEXT() REPRESENTATION_CONTEXT('2D SPACE',''
  ) );
#18904 = ADVANCED_FACE('',(#18905),#18819,.T.);
#18905 = FACE_BOUND('',#18906,.T.);
#18906 = EDGE_LOOP('',(#18907,#18930,#18931,#18932));
#18907 = ORIENTED_EDGE('',*,*,#18908,.F.);
#18908 = EDGE_CURVE('',#18778,#18909,#18911,.T.);
#18909 = VERTEX_POINT('',#18910);
#18910 = CARTESIAN_POINT('',(0.2,1.,-40.4));
#18911 = SURFACE_CURVE('',#18912,(#18916,#18923),.PCURVE_S1.);
#18912 = LINE('',#18913,#18914);
#18913 = CARTESIAN_POINT('',(-1.8,1.,-40.4));
#18914 = VECTOR('',#18915,1.);
#18915 = DIRECTION('',(1.,0.,0.));
#18916 = PCURVE('',#18819,#18917);
#18917 = DEFINITIONAL_REPRESENTATION('',(#18918),#18922);
#18918 = LINE('',#18919,#18920);
#18919 = CARTESIAN_POINT('',(0.,0.));
#18920 = VECTOR('',#18921,1.);
#18921 = DIRECTION('',(0.,1.));
#18922 = ( GEOMETRIC_REPRESENTATION_CONTEXT(2)
PARAMETRIC_REPRESENTATION_CONTEXT() REPRESENTATION_CONTEXT('2D SPACE',''
  ) );
#18923 = PCURVE('',#18793,#18924);
#18924 = DEFINITIONAL_REPRESENTATION('',(#18925),#18929);
#18925 = LINE('',#18926,#18927);
#18926 = CARTESIAN_POINT('',(0.,2.));
#18927 = VECTOR('',#18928,1.);
#18928 = DIRECTION('',(1.,0.));
#18929 = ( GEOMETRIC_REPRESENTATION_CONTEXT(2)
PARAMETRIC_REPRESENTATION_CONTEXT() REPRESENTATION_CONTEXT('2D SPACE',''
  ) );
#18930 = ORIENTED_EDGE('',*,*,#18805,.T.);
#18931 = ORIENTED_EDGE('',*,*,#18884,.T.);
#18932 = ORIENTED_EDGE('',*,*,#18933,.F.);
#18933 = EDGE_CURVE('',#18909,#18857,#18934,.T.);
#18934 = SURFACE_CURVE('',#18935,(#18939,#18946),.PCURVE_S1.);
#18935 = LINE('',#18936,#18937);
#18936 = CARTESIAN_POINT('',(0.2,1.,-40.4));
#18937 = VECTOR('',#18938,1.);
#18938 = DIRECTION('',(0.,0.,1.));
#18939 = PCURVE('',#18819,#18940);
#18940 = DEFINITIONAL_REPRESENTATION('',(#18941),#18945);
#18941 = LINE('',#18942,#18943);
#18942 = CARTESIAN_POINT('',(0.,2.));
#18943 = VECTOR('',#18944,1.);
#18944 = DIRECTION('',(1.,0.));
#18945 = ( GEOMETRIC_REPRESENTATION_CONTEXT(2)
PARAMETRIC_REPRESENTATION_CONTEXT() REPRESENTATION_CONTEXT('2D SPACE',''
  ) );
#18946 = PCURVE('',#18872,#18947);
#18947 = DEFINITIONAL_REPRESENTATION('',(#18948),#18952);
#18948 = LINE('',#18949,#18950);
#18949 = CARTESIAN_POINT('',(0.,-2.));
#18950 = VECTOR('',#18951,1.);
#18951 = DIRECTION('',(1.,0.));
#18952 = ( GEOMETRIC_REPRESENTATION_CONTEXT(2)
PARAMETRIC_REPRESENTATION_CONTEXT() REPRESENTATION_CONTEXT('2D SPACE',''
  ) );
#18953 = ADVANCED_FACE('',(#18954),#18793,.F.);
#18954 = FACE_BOUND('',#18955,.F.);
#18955 = EDGE_LOOP('',(#18956,#18957,#18978,#18999));
#18956 = ORIENTED_EDGE('',*,*,#18777,.F.);
#18957 = ORIENTED_EDGE('',*,*,#18958,.F.);
#18958 = EDGE_CURVE('',#18959,#18752,#18961,.T.);
#18959 = VERTEX_POINT('',#18960);
#18960 = CARTESIAN_POINT('',(0.2,0.,-40.4));
#18961 = SURFACE_CURVE('',#18962,(#18966,#18972),.PCURVE_S1.);
#18962 = LINE('',#18963,#18964);
#18963 = CARTESIAN_POINT('',(-15.9,0.,-40.4));
#18964 = VECTOR('',#18965,1.);
#18965 = DIRECTION('',(-1.,0.,0.));
#18966 = PCURVE('',#18793,#18967);
#18967 = DEFINITIONAL_REPRESENTATION('',(#18968),#18971);
#18968 = B_SPLINE_CURVE_WITH_KNOTS('',1,(#18969,#18970),.UNSPECIFIED.,
  .F.,.F.,(2,2),(-16.1,-14.1),.PIECEWISE_BEZIER_KNOTS.);
#18969 = CARTESIAN_POINT('',(2.,1.));
#18970 = CARTESIAN_POINT('',(0.,1.));
#18971 = ( GEOMETRIC_REPRESENTATION_CONTEXT(2)
PARAMETRIC_REPRESENTATION_CONTEXT() REPRESENTATION_CONTEXT('2D SPACE',''
  ) );
#18972 = PCURVE('',#18766,#18973);
#18973 = DEFINITIONAL_REPRESENTATION('',(#18974),#18977);
#18974 = B_SPLINE_CURVE_WITH_KNOTS('',1,(#18975,#18976),.UNSPECIFIED.,
  .F.,.F.,(2,2),(-16.1,-14.1),.PIECEWISE_BEZIER_KNOTS.);
#18975 = CARTESIAN_POINT('',(24.6,30.2));
#18976 = CARTESIAN_POINT('',(24.6,28.2));
#18977 = ( GEOMETRIC_REPRESENTATION_CONTEXT(2)
PARAMETRIC_REPRESENTATION_CONTEXT() REPRESENTATION_CONTEXT('2D SPACE',''
  ) );
#18978 = ORIENTED_EDGE('',*,*,#18979,.T.);
#18979 = EDGE_CURVE('',#18959,#18909,#18980,.T.);
#18980 = SURFACE_CURVE('',#18981,(#18985,#18992),.PCURVE_S1.);
#18981 = LINE('',#18982,#18983);
#18982 = CARTESIAN_POINT('',(0.2,-1.,-40.4));
#18983 = VECTOR('',#18984,1.);
#18984 = DIRECTION('',(0.,1.,0.));
#18985 = PCURVE('',#18793,#18986);
#18986 = DEFINITIONAL_REPRESENTATION('',(#18987),#18991);
#18987 = LINE('',#18988,#18989);
#18988 = CARTESIAN_POINT('',(2.,0.));
#18989 = VECTOR('',#18990,1.);
#18990 = DIRECTION('',(0.,1.));
#18991 = ( GEOMETRIC_REPRESENTATION_CONTEXT(2)
PARAMETRIC_REPRESENTATION_CONTEXT() REPRESENTATION_CONTEXT('2D SPACE',''
  ) );
#18992 = PCURVE('',#18872,#18993);
#18993 = DEFINITIONAL_REPRESENTATION('',(#18994),#18998);
#18994 = LINE('',#18995,#18996);
#18995 = CARTESIAN_POINT('',(0.,0.));
#18996 = VECTOR('',#18997,1.);
#18997 = DIRECTION('',(0.,-1.));
#18998 = ( GEOMETRIC_REPRESENTATION_CONTEXT(2)
PARAMETRIC_REPRESENTATION_CONTEXT() REPRESENTATION_CONTEXT('2D SPACE',''
  ) );
#18999 = ORIENTED_EDGE('',*,*,#18908,.F.);
#19000 = ADVANCED_FACE('',(#19001),#18766,.F.);
#19001 = FACE_BOUND('',#19002,.F.);
#19002 = EDGE_LOOP('',(#19003,#19004,#19005,#19006));
#19003 = ORIENTED_EDGE('',*,*,#18958,.T.);
#19004 = ORIENTED_EDGE('',*,*,#18751,.T.);
#19005 = ORIENTED_EDGE('',*,*,#18835,.F.);
#19006 = ORIENTED_EDGE('',*,*,#19007,.F.);
#19007 = EDGE_CURVE('',#18959,#18836,#19008,.T.);
#19008 = SURFACE_CURVE('',#19009,(#19013,#19019),.PCURVE_S1.);
#19009 = LINE('',#19010,#19011);
#19010 = CARTESIAN_POINT('',(0.2,0.,-52.7));
#19011 = VECTOR('',#19012,1.);
#19012 = DIRECTION('',(0.,0.,1.));
#19013 = PCURVE('',#18766,#19014);
#19014 = DEFINITIONAL_REPRESENTATION('',(#19015),#19018);
#19015 = B_SPLINE_CURVE_WITH_KNOTS('',1,(#19016,#19017),.UNSPECIFIED.,
  .F.,.F.,(2,2),(12.3,12.7),.PIECEWISE_BEZIER_KNOTS.);
#19016 = CARTESIAN_POINT('',(24.6,30.2));
#19017 = CARTESIAN_POINT('',(25.,30.2));
#19018 = ( GEOMETRIC_REPRESENTATION_CONTEXT(2)
PARAMETRIC_REPRESENTATION_CONTEXT() REPRESENTATION_CONTEXT('2D SPACE',''
  ) );
#19019 = PCURVE('',#18872,#19020);
#19020 = DEFINITIONAL_REPRESENTATION('',(#19021),#19024);
#19021 = B_SPLINE_CURVE_WITH_KNOTS('',1,(#19022,#19023),.UNSPECIFIED.,
  .F.,.F.,(2,2),(12.3,12.7),.PIECEWISE_BEZIER_KNOTS.);
#19022 = CARTESIAN_POINT('',(0.,-1.));
#19023 = CARTESIAN_POINT('',(0.4,-1.));
#19024 = ( GEOMETRIC_REPRESENTATION_CONTEXT(2)
PARAMETRIC_REPRESENTATION_CONTEXT() REPRESENTATION_CONTEXT('2D SPACE',''
  ) );
#19025 = ADVANCED_FACE('',(#19026),#18872,.T.);
#19026 = FACE_BOUND('',#19027,.T.);
#19027 = EDGE_LOOP('',(#19028,#19029,#19030,#19031));
#19028 = ORIENTED_EDGE('',*,*,#18856,.F.);
#19029 = ORIENTED_EDGE('',*,*,#19007,.F.);
#19030 = ORIENTED_EDGE('',*,*,#18979,.T.);
#19031 = ORIENTED_EDGE('',*,*,#18933,.T.);
#19032 = ( GEOMETRIC_REPRESENTATION_CONTEXT(3)
GLOBAL_UNCERTAINTY_ASSIGNED_CONTEXT((#19036))
GLOBAL_UNIT_ASSIGNED_CONTEXT((#19033,#19034,#19035))
REPRESENTATION_CONTEXT('Context #1',
  '3D Context with UNIT and UNCERTAINTY') );
#19033 = ( LENGTH_UNIT() NAMED_UNIT(*) SI_UNIT(.MILLI.,.METRE.) );
#19034 = ( NAMED_UNIT(*) PLANE_ANGLE_UNIT() SI_UNIT($,.RADIAN.) );
#19035 = ( NAMED_UNIT(*) SI_UNIT($,.STERADIAN.) SOLID_ANGLE_UNIT() );
#19036 = UNCERTAINTY_MEASURE_WITH_UNIT(LENGTH_MEASURE(1.E-07),#19033,
  'distance_accuracy_value','confusion accuracy');
#19037 = CONTEXT_DEPENDENT_SHAPE_REPRESENTATION(#19038,#19040);
#19038 = ( REPRESENTATION_RELATIONSHIP('','',#18709,#10)
REPRESENTATION_RELATIONSHIP_WITH_TRANSFORMATION(#19039)
SHAPE_REPRESENTATION_RELATIONSHIP() );
#19039 = ITEM_DEFINED_TRANSFORMATION('','',#11,#103);
#19040 = PRODUCT_DEFINITION_SHAPE('Placement','Placement of an item',
  #19041);
#19041 = NEXT_ASSEMBLY_USAGE_OCCURRENCE('168','','',#5,#18704,$);
#19042 = PRODUCT_RELATED_PRODUCT_CATEGORY('part',$,(#18706));
#19043 = SHAPE_DEFINITION_REPRESENTATION(#19044,#19050);
#19044 = PRODUCT_DEFINITION_SHAPE('','',#19045);
#19045 = PRODUCT_DEFINITION('design','',#19046,#19049);
#19046 = PRODUCT_DEFINITION_FORMATION('','',#19047);
#19047 = PRODUCT('Open CASCADE STEP translator 7.8 6.24',
  'Open CASCADE STEP translator 7.8 6.24','',(#19048));
#19048 = PRODUCT_CONTEXT('',#2,'mechanical');
#19049 = PRODUCT_DEFINITION_CONTEXT('part definition',#2,'design');
#19050 = ADVANCED_BREP_SHAPE_REPRESENTATION('',(#11,#19051),#19149);
#19051 = MANIFOLD_SOLID_BREP('',#19052);
#19052 = CLOSED_SHELL('',(#19053,#19141,#19145));
#19053 = ADVANCED_FACE('',(#19054),#19068,.T.);
#19054 = FACE_BOUND('',#19055,.F.);
#19055 = EDGE_LOOP('',(#19056,#19086,#19113,#19114));
#19056 = ORIENTED_EDGE('',*,*,#19057,.T.);
#19057 = EDGE_CURVE('',#19058,#19060,#19062,.T.);
#19058 = VERTEX_POINT('',#19059);
#19059 = CARTESIAN_POINT('',(0.45,0.6,-38.));
#19060 = VERTEX_POINT('',#19061);
#19061 = CARTESIAN_POINT('',(0.45,0.6,-3.));
#19062 = SEAM_CURVE('',#19063,(#19067,#19079),.PCURVE_S1.);
#19063 = LINE('',#19064,#19065);
#19064 = CARTESIAN_POINT('',(0.45,0.6,-38.));
#19065 = VECTOR('',#19066,1.);
#19066 = DIRECTION('',(0.,0.,1.));
#19067 = PCURVE('',#19068,#19073);
#19068 = CYLINDRICAL_SURFACE('',#19069,0.45);
#19069 = AXIS2_PLACEMENT_3D('',#19070,#19071,#19072);
#19070 = CARTESIAN_POINT('',(0.,0.6,-38.));
#19071 = DIRECTION('',(-0.,-0.,-1.));
#19072 = DIRECTION('',(1.,0.,0.));
#19073 = DEFINITIONAL_REPRESENTATION('',(#19074),#19078);
#19074 = LINE('',#19075,#19076);
#19075 = CARTESIAN_POINT('',(-0.,0.));
#19076 = VECTOR('',#19077,1.);
#19077 = DIRECTION('',(-0.,-1.));
#19078 = ( GEOMETRIC_REPRESENTATION_CONTEXT(2)
PARAMETRIC_REPRESENTATION_CONTEXT() REPRESENTATION_CONTEXT('2D SPACE',''
  ) );
#19079 = PCURVE('',#19068,#19080);
#19080 = DEFINITIONAL_REPRESENTATION('',(#19081),#19085);
#19081 = LINE('',#19082,#19083);
#19082 = CARTESIAN_POINT('',(-6.28318530718,0.));
#19083 = VECTOR('',#19084,1.);
#19084 = DIRECTION('',(-0.,-1.));
#19085 = ( GEOMETRIC_REPRESENTATION_CONTEXT(2)
PARAMETRIC_REPRESENTATION_CONTEXT() REPRESENTATION_CONTEXT('2D SPACE',''
  ) );
#19086 = ORIENTED_EDGE('',*,*,#19087,.T.);
#19087 = EDGE_CURVE('',#19060,#19060,#19088,.T.);
#19088 = SURFACE_CURVE('',#19089,(#19094,#19101),.PCURVE_S1.);
#19089 = CIRCLE('',#19090,0.45);
#19090 = AXIS2_PLACEMENT_3D('',#19091,#19092,#19093);
#19091 = CARTESIAN_POINT('',(0.,0.6,-3.));
#19092 = DIRECTION('',(0.,0.,1.));
#19093 = DIRECTION('',(1.,0.,0.));
#19094 = PCURVE('',#19068,#19095);
#19095 = DEFINITIONAL_REPRESENTATION('',(#19096),#19100);
#19096 = LINE('',#19097,#19098);
#19097 = CARTESIAN_POINT('',(-0.,-35.));
#19098 = VECTOR('',#19099,1.);
#19099 = DIRECTION('',(-1.,0.));
#19100 = ( GEOMETRIC_REPRESENTATION_CONTEXT(2)
PARAMETRIC_REPRESENTATION_CONTEXT() REPRESENTATION_CONTEXT('2D SPACE',''
  ) );
#19101 = PCURVE('',#19102,#19107);
#19102 = PLANE('',#19103);
#19103 = AXIS2_PLACEMENT_3D('',#19104,#19105,#19106);
#19104 = CARTESIAN_POINT('',(-2.374028007881E-17,0.6,-3.));
#19105 = DIRECTION('',(0.,0.,1.));
#19106 = DIRECTION('',(1.,0.,-0.));
#19107 = DEFINITIONAL_REPRESENTATION('',(#19108),#19112);
#19108 = CIRCLE('',#19109,0.45);
#19109 = AXIS2_PLACEMENT_2D('',#19110,#19111);
#19110 = CARTESIAN_POINT('',(2.374028007881E-17,-1.110223024625E-16));
#19111 = DIRECTION('',(1.,0.));
#19112 = ( GEOMETRIC_REPRESENTATION_CONTEXT(2)
PARAMETRIC_REPRESENTATION_CONTEXT() REPRESENTATION_CONTEXT('2D SPACE',''
  ) );
#19113 = ORIENTED_EDGE('',*,*,#19057,.F.);
#19114 = ORIENTED_EDGE('',*,*,#19115,.F.);
#19115 = EDGE_CURVE('',#19058,#19058,#19116,.T.);
#19116 = SURFACE_CURVE('',#19117,(#19122,#19129),.PCURVE_S1.);
#19117 = CIRCLE('',#19118,0.45);
#19118 = AXIS2_PLACEMENT_3D('',#19119,#19120,#19121);
#19119 = CARTESIAN_POINT('',(0.,0.6,-38.));
#19120 = DIRECTION('',(0.,0.,1.));
#19121 = DIRECTION('',(1.,0.,0.));
#19122 = PCURVE('',#19068,#19123);
#19123 = DEFINITIONAL_REPRESENTATION('',(#19124),#19128);
#19124 = LINE('',#19125,#19126);
#19125 = CARTESIAN_POINT('',(-0.,0.));
#19126 = VECTOR('',#19127,1.);
#19127 = DIRECTION('',(-1.,0.));
#19128 = ( GEOMETRIC_REPRESENTATION_CONTEXT(2)
PARAMETRIC_REPRESENTATION_CONTEXT() REPRESENTATION_CONTEXT('2D SPACE',''
  ) );
#19129 = PCURVE('',#19130,#19135);
#19130 = PLANE('',#19131);
#19131 = AXIS2_PLACEMENT_3D('',#19132,#19133,#19134);
#19132 = CARTESIAN_POINT('',(-2.374028007881E-17,0.6,-38.));
#19133 = DIRECTION('',(0.,0.,1.));
#19134 = DIRECTION('',(1.,0.,-0.));
#19135 = DEFINITIONAL_REPRESENTATION('',(#19136),#19140);
#19136 = CIRCLE('',#19137,0.45);
#19137 = AXIS2_PLACEMENT_2D('',#19138,#19139);
#19138 = CARTESIAN_POINT('',(2.374028007881E-17,-1.110223024625E-16));
#19139 = DIRECTION('',(1.,0.));
#19140 = ( GEOMETRIC_REPRESENTATION_CONTEXT(2)
PARAMETRIC_REPRESENTATION_CONTEXT() REPRESENTATION_CONTEXT('2D SPACE',''
  ) );
#19141 = ADVANCED_FACE('',(#19142),#19130,.F.);
#19142 = FACE_BOUND('',#19143,.F.);
#19143 = EDGE_LOOP('',(#19144));
#19144 = ORIENTED_EDGE('',*,*,#19115,.T.);
#19145 = ADVANCED_FACE('',(#19146),#19102,.T.);
#19146 = FACE_BOUND('',#19147,.T.);
#19147 = EDGE_LOOP('',(#19148));
#19148 = ORIENTED_EDGE('',*,*,#19087,.T.);
#19149 = ( GEOMETRIC_REPRESENTATION_CONTEXT(3)
GLOBAL_UNCERTAINTY_ASSIGNED_CONTEXT((#19153))
GLOBAL_UNIT_ASSIGNED_CONTEXT((#19150,#19151,#19152))
REPRESENTATION_CONTEXT('Context #1',
  '3D Context with UNIT and UNCERTAINTY') );
#19150 = ( LENGTH_UNIT() NAMED_UNIT(*) SI_UNIT(.MILLI.,.METRE.) );
#19151 = ( NAMED_UNIT(*) PLANE_ANGLE_UNIT() SI_UNIT($,.RADIAN.) );
#19152 = ( NAMED_UNIT(*) SI_UNIT($,.STERADIAN.) SOLID_ANGLE_UNIT() );
#19153 = UNCERTAINTY_MEASURE_WITH_UNIT(LENGTH_MEASURE(1.E-07),#19150,
  'distance_accuracy_value','confusion accuracy');
#19154 = CONTEXT_DEPENDENT_SHAPE_REPRESENTATION(#19155,#19157);
#19155 = ( REPRESENTATION_RELATIONSHIP('','',#19050,#10)
REPRESENTATION_RELATIONSHIP_WITH_TRANSFORMATION(#19156)
SHAPE_REPRESENTATION_RELATIONSHIP() );
#19156 = ITEM_DEFINED_TRANSFORMATION('','',#11,#107);
#19157 = PRODUCT_DEFINITION_SHAPE('Placement','Placement of an item',
  #19158);
#19158 = NEXT_ASSEMBLY_USAGE_OCCURRENCE('169','','',#5,#19045,$);
#19159 = PRODUCT_RELATED_PRODUCT_CATEGORY('part',$,(#19047));
ENDSEC;
END-ISO-10303-21;
