force_n,h_ref_w_m2k,area_fraction,bond_mm,loss_w_k,lead_w_k,pan_k_w_mk,chip_h_mm,t90_final_s,t90_pan_s,error200_c
0.09,250,0.3,0.075,0.0005,0.0001,16,0.7,63.9000,NaN,-14.7384
0.09,250,0.3,0.075,0.0005,0.0001,16,0.9,65.2400,NaN,-14.7485
0.09,250,0.3,0.075,0.0005,0.0001,16,1.2,67.2800,NaN,-14.7638
0.09,250,0.3,0.075,0.0005,0.0001,45,0.7,62.9000,NaN,-14.5122
0.09,250,0.3,0.075,0.0005,0.0001,45,0.9,64.2400,NaN,-14.5224
0.09,250,0.3,0.075,0.0005,0.0001,45,1.2,66.2400,NaN,-14.5377
0.09,250,0.3,0.075,0.0005,0.0001,160,0.7,62.5000,NaN,-14.4223
0.09,250,0.3,0.075,0.0005,0.0001,160,0.9,63.8400,NaN,-14.4325
0.09,250,0.3,0.075,0.0005,0.0001,160,1.2,65.8400,NaN,-14.4478
0.09,250,0.3,0.075,0.0005,0.0003,16,0.7,61.5800,NaN,-19.5265
0.09,250,0.3,0.075,0.0005,0.0003,16,0.9,62.8800,NaN,-19.5547
0.09,250,0.3,0.075,0.0005,0.0003,16,1.2,64.8400,NaN,-19.5970
0.09,250,0.3,0.075,0.0005,0.0003,45,0.7,60.6600,NaN,-19.2417
0.09,250,0.3,0.075,0.0005,0.0003,45,0.9,61.9400,NaN,-19.2700
0.09,250,0.3,0.075,0.0005,0.0003,45,1.2,63.8800,NaN,-19.3124
0.09,250,0.3,0.075,0.0005,0.0003,160,0.7,60.3000,NaN,-19.1284
0.09,250,0.3,0.075,0.0005,0.0003,160,0.9,61.5600,NaN,-19.1567
0.09,250,0.3,0.075,0.0005,0.0003,160,1.2,63.4800,NaN,-19.1992
0.09,250,0.3,0.075,0.0005,0.002,16,0.7,47.3400,NaN,-49.0707
0.09,250,0.3,0.075,0.0005,0.002,16,0.9,48.3200,NaN,-49.1777
0.09,250,0.3,0.075,0.0005,0.002,16,1.2,49.8000,NaN,-49.3378
0.09,250,0.3,0.075,0.0005,0.002,45,0.7,46.7800,NaN,-48.5411
0.09,250,0.3,0.075,0.0005,0.002,45,0.9,47.7600,NaN,-48.6492
0.09,250,0.3,0.075,0.0005,0.002,45,1.2,49.2200,NaN,-48.8109
0.09,250,0.3,0.075,0.0005,0.002,160,0.7,46.5800,NaN,-48.3293
0.09,250,0.3,0.075,0.0005,0.002,160,0.9,47.5400,NaN,-48.4379
0.09,250,0.3,0.075,0.0005,0.002,160,1.2,49.0000,NaN,-48.6002
0.09,250,0.3,0.075,0.002,0.0001,16,0.7,49.9400,NaN,-39.5566
0.09,250,0.3,0.075,0.002,0.0001,16,0.9,51.0000,NaN,-39.5648
0.09,250,0.3,0.075,0.002,0.0001,16,1.2,52.6200,NaN,-39.5771
0.09,250,0.3,0.075,0.002,0.0001,45,0.7,49.3200,NaN,-39.0775
0.09,250,0.3,0.075,0.002,0.0001,45,0.9,50.3800,NaN,-39.0857
0.09,250,0.3,0.075,0.002,0.0001,45,1.2,51.9800,NaN,-39.0980
0.09,250,0.3,0.075,0.002,0.0001,160,0.7,49.0800,NaN,-38.8861
0.09,250,0.3,0.075,0.002,0.0001,160,0.9,50.1400,NaN,-38.8943
0.09,250,0.3,0.075,0.002,0.0001,160,1.2,51.7200,NaN,-38.9067
0.09,250,0.3,0.075,0.002,0.0003,16,0.7,48.5000,NaN,-42.6304
0.09,250,0.3,0.075,0.002,0.0003,16,0.9,49.5400,NaN,-42.6534
0.09,250,0.3,0.075,0.002,0.0003,16,1.2,51.1000,NaN,-42.6880
0.09,250,0.3,0.075,0.002,0.0003,45,0.7,47.9400,NaN,-42.1323
0.09,250,0.3,0.075,0.002,0.0003,45,0.9,48.9600,NaN,-42.1555
0.09,250,0.3,0.075,0.002,0.0003,45,1.2,50.5000,NaN,-42.1903
0.09,250,0.3,0.075,0.002,0.0003,160,0.7,47.7000,NaN,-41.9332
0.09,250,0.3,0.075,0.002,0.0003,160,0.9,48.7200,NaN,-41.9564
0.09,250,0.3,0.075,0.002,0.0003,160,1.2,50.2600,NaN,-41.9913
0.09,250,0.3,0.075,0.002,0.002,16,0.7,39.2000,NaN,-62.7297
0.09,250,0.3,0.075,0.002,0.002,16,0.9,40.0200,NaN,-62.8265
0.09,250,0.3,0.075,0.002,0.002,16,1.2,41.2600,NaN,-62.9712
0.09,250,0.3,0.075,0.002,0.002,45,0.7,38.8200,NaN,-62.1595
0.09,250,0.3,0.075,0.002,0.002,45,0.9,39.6400,NaN,-62.2573
0.09,250,0.3,0.075,0.002,0.002,45,1.2,40.8600,NaN,-62.4035
0.09,250,0.3,0.075,0.002,0.002,160,0.7,38.6800,NaN,-61.9308
0.09,250,0.3,0.075,0.002,0.002,160,0.9,39.4800,NaN,-62.0290
0.09,250,0.3,0.075,0.002,0.002,160,1.2,40.7000,NaN,-62.1758
0.09,250,0.3,0.075,0.01,0.0001,16,0.7,23.1200,NaN,-87.2224
0.09,250,0.3,0.075,0.01,0.0001,16,0.9,23.6400,NaN,-87.2268
0.09,250,0.3,0.075,0.01,0.0001,16,1.2,24.4400,NaN,-87.2333
0.09,250,0.3,0.075,0.01,0.0001,45,0.7,23.0000,NaN,-86.7309
0.09,250,0.3,0.075,0.01,0.0001,45,0.9,23.5200,NaN,-86.7353
0.09,250,0.3,0.075,0.01,0.0001,45,1.2,24.3200,NaN,-86.7418
0.09,250,0.3,0.075,0.01,0.0001,160,0.7,22.9400,NaN,-86.5327
0.09,250,0.3,0.075,0.01,0.0001,160,0.9,23.4600,NaN,-86.5371
0.09,250,0.3,0.075,0.01,0.0001,160,1.2,24.2600,NaN,-86.5437
0.09,250,0.3,0.075,0.01,0.0003,16,0.7,22.8200,NaN,-88.0467
0.09,250,0.3,0.075,0.01,0.0003,16,0.9,23.3200,NaN,-88.0593
0.09,250,0.3,0.075,0.01,0.0003,16,1.2,24.1200,NaN,-88.0782
0.09,250,0.3,0.075,0.01,0.0003,45,0.7,22.6800,NaN,-87.5589
0.09,250,0.3,0.075,0.01,0.0003,45,0.9,23.2000,NaN,-87.5716
0.09,250,0.3,0.075,0.01,0.0003,45,1.2,23.9800,NaN,-87.5907
0.09,250,0.3,0.075,0.01,0.0003,160,0.7,22.6400,NaN,-87.3622
0.09,250,0.3,0.075,0.01,0.0003,160,0.9,23.1400,NaN,-87.3749
0.09,250,0.3,0.075,0.01,0.0003,160,1.2,23.9200,NaN,-87.3941
0.09,250,0.3,0.075,0.01,0.002,16,0.7,20.5000,NaN,-94.1351
0.09,250,0.3,0.075,0.01,0.002,16,0.9,20.9600,NaN,-94.2005
0.09,250,0.3,0.075,0.01,0.002,16,1.2,21.6400,NaN,-94.2982
0.09,250,0.3,0.075,0.01,0.002,45,0.7,20.4000,NaN,-93.6789
0.09,250,0.3,0.075,0.01,0.002,45,0.9,20.8600,NaN,-93.7450
0.09,250,0.3,0.075,0.01,0.002,45,1.2,21.5400,NaN,-93.8438
0.09,250,0.3,0.075,0.01,0.002,160,0.7,20.3600,NaN,-93.4948
0.09,250,0.3,0.075,0.01,0.002,160,0.9,20.8200,NaN,-93.5612
0.09,250,0.3,0.075,0.01,0.002,160,1.2,21.5000,NaN,-93.6604
0.09,250,0.3,0.1,0.0005,0.0001,16,0.7,64.0600,NaN,-14.7677
0.09,250,0.3,0.1,0.0005,0.0001,16,0.9,65.4200,NaN,-14.7779
0.09,250,0.3,0.1,0.0005,0.0001,16,1.2,67.4800,NaN,-14.7931
0.09,250,0.3,0.1,0.0005,0.0001,45,0.7,63.0800,NaN,-14.5416
0.09,250,0.3,0.1,0.0005,0.0001,45,0.9,64.4200,NaN,-14.5518
0.09,250,0.3,0.1,0.0005,0.0001,45,1.2,66.4400,NaN,-14.5671
0.09,250,0.3,0.1,0.0005,0.0001,160,0.7,62.6800,NaN,-14.4517
0.09,250,0.3,0.1,0.0005,0.0001,160,0.9,64.0200,NaN,-14.4619
0.09,250,0.3,0.1,0.0005,0.0001,160,1.2,66.0200,NaN,-14.4772
0.09,250,0.3,0.1,0.0005,0.0003,16,0.7,61.7400,NaN,-19.6080
0.09,250,0.3,0.1,0.0005,0.0003,16,0.9,63.0600,NaN,-19.6361
0.09,250,0.3,0.1,0.0005,0.0003,16,1.2,65.0200,NaN,-19.6784
0.09,250,0.3,0.1,0.0005,0.0003,45,0.7,60.8200,NaN,-19.3234
0.09,250,0.3,0.1,0.0005,0.0003,45,0.9,62.1200,NaN,-19.3517
0.09,250,0.3,0.1,0.0005,0.0003,45,1.2,64.0600,NaN,-19.3940
0.09,250,0.3,0.1,0.0005,0.0003,160,0.7,60.4600,NaN,-19.2102
0.09,250,0.3,0.1,0.0005,0.0003,160,0.9,61.7400,NaN,-19.2385
0.09,250,0.3,0.1,0.0005,0.0003,160,1.2,63.6600,NaN,-19.2809
0.09,250,0.3,0.1,0.0005,0.002,16,0.7,47.5000,NaN,-49.3792
0.09,250,0.3,0.1,0.0005,0.002,16,0.9,48.4800,NaN,-49.4855
0.09,250,0.3,0.1,0.0005,0.002,16,1.2,49.9600,NaN,-49.6445
0.09,250,0.3,0.1,0.0005,0.002,45,0.7,46.9600,NaN,-48.8527
0.09,250,0.3,0.1,0.0005,0.002,45,0.9,47.9200,NaN,-48.9601
0.09,250,0.3,0.1,0.0005,0.002,45,1.2,49.3800,NaN,-49.1207
0.09,250,0.3,0.1,0.0005,0.002,160,0.7,46.7400,NaN,-48.6422
0.09,250,0.3,0.1,0.0005,0.002,160,0.9,47.7000,NaN,-48.7500
0.09,250,0.3,0.1,0.0005,0.002,160,1.2,49.1600,NaN,-48.9113
0.09,250,0.3,0.1,0.002,0.0001,16,0.7,50.0800,NaN,-39.5802
0.09,250,0.3,0.1,0.002,0.0001,16,0.9,51.1600,NaN,-39.5884
0.09,250,0.3,0.1,0.002,0.0001,16,1.2,52.7800,NaN,-39.6007
0.09,250,0.3,0.1,0.002,0.0001,45,0.7,49.4600,NaN,-39.1012
0.09,250,0.3,0.1,0.002,0.0001,45,0.9,50.5400,NaN,-39.1095
0.09,250,0.3,0.1,0.002,0.0001,45,1.2,52.1400,NaN,-39.1218
0.09,250,0.3,0.1,0.002,0.0001,160,0.7,49.2200,NaN,-38.9099
0.09,250,0.3,0.1,0.002,0.0001,160,0.9,50.2800,NaN,-38.9181
0.09,250,0.3,0.1,0.002,0.0001,160,1.2,51.8800,NaN,-38.9305
0.09,250,0.3,0.1,0.002,0.0003,16,0.7,48.6400,NaN,-42.6970
0.09,250,0.3,0.1,0.002,0.0003,16,0.9,49.6800,NaN,-42.7200
0.09,250,0.3,0.1,0.002,0.0003,16,1.2,51.2600,NaN,-42.7546
0.09,250,0.3,0.1,0.002,0.0003,45,0.7,48.0800,NaN,-42.1993
0.09,250,0.3,0.1,0.002,0.0003,45,0.9,49.1000,NaN,-42.2225
0.09,250,0.3,0.1,0.002,0.0003,45,1.2,50.6600,NaN,-42.2572
0.09,250,0.3,0.1,0.002,0.0003,160,0.7,47.8400,NaN,-42.0003
0.09,250,0.3,0.1,0.002,0.0003,160,0.9,48.8600,NaN,-42.0236
0.09,250,0.3,0.1,0.002,0.0003,160,1.2,50.4200,NaN,-42.0584
0.09,250,0.3,0.1,0.002,0.002,16,0.7,39.3400,NaN,-63.0087
0.09,250,0.3,0.1,0.002,0.002,16,0.9,40.1600,NaN,-63.1048
0.09,250,0.3,0.1,0.002,0.002,16,1.2,41.4000,NaN,-63.2484
0.09,250,0.3,0.1,0.002,0.002,45,0.7,38.9600,NaN,-62.4413
0.09,250,0.3,0.1,0.002,0.002,45,0.9,39.7800,NaN,-62.5383
0.09,250,0.3,0.1,0.002,0.002,45,1.2,41.0000,NaN,-62.6835
0.09,250,0.3,0.1,0.002,0.002,160,0.7,38.8000,NaN,-62.2138
0.09,250,0.3,0.1,0.002,0.002,160,0.9,39.6200,NaN,-62.3112
0.09,250,0.3,0.1,0.002,0.002,160,1.2,40.8400,NaN,-62.4569
0.09,250,0.3,0.1,0.01,0.0001,16,0.7,23.2000,NaN,-87.2350
0.09,250,0.3,0.1,0.01,0.0001,16,0.9,23.7400,NaN,-87.2393
0.09,250,0.3,0.1,0.01,0.0001,16,1.2,24.5600,NaN,-87.2458
0.09,250,0.3,0.1,0.01,0.0001,45,0.7,23.0800,NaN,-86.7435
0.09,250,0.3,0.1,0.01,0.0001,45,0.9,23.6000,NaN,-86.7479
0.09,250,0.3,0.1,0.01,0.0001,45,1.2,24.4200,NaN,-86.7545
0.09,250,0.3,0.1,0.01,0.0001,160,0.7,23.0200,NaN,-86.5454
0.09,250,0.3,0.1,0.01,0.0001,160,0.9,23.5600,NaN,-86.5497
0.09,250,0.3,0.1,0.01,0.0001,160,1.2,24.3600,NaN,-86.5563
0.09,250,0.3,0.1,0.01,0.0003,16,0.7,22.9000,NaN,-88.0831
0.09,250,0.3,0.1,0.01,0.0003,16,0.9,23.4200,NaN,-88.0956
0.09,250,0.3,0.1,0.01,0.0003,16,1.2,24.2200,NaN,-88.1145
0.09,250,0.3,0.1,0.01,0.0003,45,0.7,22.7600,NaN,-87.5956
0.09,250,0.3,0.1,0.01,0.0003,45,0.9,23.2800,NaN,-87.6083
0.09,250,0.3,0.1,0.01,0.0003,45,1.2,24.0800,NaN,-87.6274
0.09,250,0.3,0.1,0.01,0.0003,160,0.7,22.7200,NaN,-87.3990
0.09,250,0.3,0.1,0.01,0.0003,160,0.9,23.2400,NaN,-87.4118
0.09,250,0.3,0.1,0.01,0.0003,160,1.2,24.0200,NaN,-87.4309
0.09,250,0.3,0.1,0.01,0.002,16,0.7,20.5800,NaN,-94.3235
0.09,250,0.3,0.1,0.01,0.002,16,0.9,21.0400,NaN,-94.3884
0.09,250,0.3,0.1,0.01,0.002,16,1.2,21.7200,NaN,-94.4853
0.09,250,0.3,0.1,0.01,0.002,45,0.7,20.4800,NaN,-93.8693
0.09,250,0.3,0.1,0.01,0.002,45,0.9,20.9400,NaN,-93.9349
0.09,250,0.3,0.1,0.01,0.002,45,1.2,21.6200,NaN,-94.0329
0.09,250,0.3,0.1,0.01,0.002,160,0.7,20.4400,NaN,-93.6860
0.09,250,0.3,0.1,0.01,0.002,160,0.9,20.8800,NaN,-93.7518
0.09,250,0.3,0.1,0.01,0.002,160,1.2,21.5800,NaN,-93.8502
0.09,250,0.3,0.15,0.0005,0.0001,16,0.7,64.4200,NaN,-14.8264
0.09,250,0.3,0.15,0.0005,0.0001,16,0.9,65.8000,NaN,-14.8366
0.09,250,0.3,0.15,0.0005,0.0001,16,1.2,67.8800,NaN,-14.8518
0.09,250,0.3,0.15,0.0005,0.0001,45,0.7,63.4200,NaN,-14.6004
0.09,250,0.3,0.15,0.0005,0.0001,45,0.9,64.7800,NaN,-14.6106
0.09,250,0.3,0.15,0.0005,0.0001,45,1.2,66.8200,NaN,-14.6259
0.09,250,0.3,0.15,0.0005,0.0001,160,0.7,63.0200,NaN,-14.5106
0.09,250,0.3,0.15,0.0005,0.0001,160,0.9,64.3800,NaN,-14.5208
0.09,250,0.3,0.15,0.0005,0.0001,160,1.2,66.4200,NaN,-14.5360
0.09,250,0.3,0.15,0.0005,0.0003,16,0.7,62.0800,NaN,-19.7705
0.09,250,0.3,0.15,0.0005,0.0003,16,0.9,63.4000,NaN,-19.7986
0.09,250,0.3,0.15,0.0005,0.0003,16,1.2,65.4000,NaN,-19.8408
0.09,250,0.3,0.15,0.0005,0.0003,45,0.7,61.1600,NaN,-19.4865
0.09,250,0.3,0.15,0.0005,0.0003,45,0.9,62.4600,NaN,-19.5147
0.09,250,0.3,0.15,0.0005,0.0003,45,1.2,64.4200,NaN,-19.5570
0.09,250,0.3,0.15,0.0005,0.0003,160,0.7,60.8000,NaN,-19.3735
0.09,250,0.3,0.15,0.0005,0.0003,160,0.9,62.0800,NaN,-19.4017
0.09,250,0.3,0.15,0.0005,0.0003,160,1.2,64.0400,NaN,-19.4440
0.09,250,0.3,0.15,0.0005,0.002,16,0.7,47.8200,NaN,-49.9900
0.09,250,0.3,0.15,0.0005,0.002,16,0.9,48.8000,NaN,-50.0948
0.09,250,0.3,0.15,0.0005,0.002,16,1.2,50.3000,NaN,-50.2517
0.09,250,0.3,0.15,0.0005,0.002,45,0.7,47.2800,NaN,-49.4697
0.09,250,0.3,0.15,0.0005,0.002,45,0.9,48.2400,NaN,-49.5756
0.09,250,0.3,0.15,0.0005,0.002,45,1.2,49.7200,NaN,-49.7341
0.09,250,0.3,0.15,0.0005,0.002,160,0.7,47.0600,NaN,-49.2617
0.09,250,0.3,0.15,0.0005,0.002,160,0.9,48.0200,NaN,-49.3680
0.09,250,0.3,0.15,0.0005,0.002,160,1.2,49.4800,NaN,-49.5271
0.09,250,0.3,0.15,0.002,0.0001,16,0.7,50.3600,NaN,-39.6275
0.09,250,0.3,0.15,0.002,0.0001,16,0.9,51.4600,NaN,-39.6357
0.09,250,0.3,0.15,0.002,0.0001,16,1.2,53.1200,NaN,-39.6479
0.09,250,0.3,0.15,0.002,0.0001,45,0.7,49.7600,NaN,-39.1487
0.09,250,0.3,0.15,0.002,0.0001,45,0.9,50.8400,NaN,-39.1569
0.09,250,0.3,0.15,0.002,0.0001,45,1.2,52.4800,NaN,-39.1693
0.09,250,0.3,0.15,0.002,0.0001,160,0.7,49.5200,NaN,-38.9575
0.09,250,0.3,0.15,0.002,0.0001,160,0.9,50.5800,NaN,-38.9657
0.09,250,0.3,0.15,0.002,0.0001,160,1.2,52.2200,NaN,-38.9780
0.09,250,0.3,0.15,0.002,0.0003,16,0.7,48.9200,NaN,-42.8300
0.09,250,0.3,0.15,0.002,0.0003,16,0.9,49.9800,NaN,-42.8530
0.09,250,0.3,0.15,0.002,0.0003,16,1.2,51.5800,NaN,-42.8874
0.09,250,0.3,0.15,0.002,0.0003,45,0.7,48.3600,NaN,-42.3330
0.09,250,0.3,0.15,0.002,0.0003,45,0.9,49.4000,NaN,-42.3562
0.09,250,0.3,0.15,0.002,0.0003,45,1.2,50.9800,NaN,-42.3908
0.09,250,0.3,0.15,0.002,0.0003,160,0.7,48.1200,NaN,-42.1344
0.09,250,0.3,0.15,0.002,0.0003,160,0.9,49.1600,NaN,-42.1576
0.09,250,0.3,0.15,0.002,0.0003,160,1.2,50.7400,NaN,-42.1923
0.09,250,0.3,0.15,0.002,0.002,16,0.7,39.6000,NaN,-63.5606
0.09,250,0.3,0.15,0.002,0.002,16,0.9,40.4200,NaN,-63.6553
0.09,250,0.3,0.15,0.002,0.002,16,1.2,41.6800,NaN,-63.7969
0.09,250,0.3,0.15,0.002,0.002,45,0.7,39.2200,NaN,-62.9987
0.09,250,0.3,0.15,0.002,0.002,45,0.9,40.0400,NaN,-63.0944
0.09,250,0.3,0.15,0.002,0.002,45,1.2,41.2800,NaN,-63.2375
0.09,250,0.3,0.15,0.002,0.002,160,0.7,39.0600,NaN,-62.7735
0.09,250,0.3,0.15,0.002,0.002,160,0.9,39.8800,NaN,-62.8695
0.09,250,0.3,0.15,0.002,0.002,160,1.2,41.1200,NaN,-63.0132
0.09,250,0.3,0.15,0.01,0.0001,16,0.7,23.3800,NaN,-87.2600
0.09,250,0.3,0.15,0.01,0.0001,16,0.9,23.9200,NaN,-87.2643
0.09,250,0.3,0.15,0.01,0.0001,16,1.2,24.7800,NaN,-87.2708
0.09,250,0.3,0.15,0.01,0.0001,45,0.7,23.2400,NaN,-86.7688
0.09,250,0.3,0.15,0.01,0.0001,45,0.9,23.8000,NaN,-86.7732
0.09,250,0.3,0.15,0.01,0.0001,45,1.2,24.6400,NaN,-86.7797
0.09,250,0.3,0.15,0.01,0.0001,160,0.7,23.2000,NaN,-86.5707
0.09,250,0.3,0.15,0.01,0.0001,160,0.9,23.7400,NaN,-86.5751
0.09,250,0.3,0.15,0.01,0.0001,160,1.2,24.5800,NaN,-86.5817
0.09,250,0.3,0.15,0.01,0.0003,16,0.7,23.0600,NaN,-88.1557
0.09,250,0.3,0.15,0.01,0.0003,16,0.9,23.6000,NaN,-88.1682
0.09,250,0.3,0.15,0.01,0.0003,16,1.2,24.4200,NaN,-88.1870
0.09,250,0.3,0.15,0.01,0.0003,45,0.7,22.9400,NaN,-87.6689
0.09,250,0.3,0.15,0.01,0.0003,45,0.9,23.4600,NaN,-87.6816
0.09,250,0.3,0.15,0.01,0.0003,45,1.2,24.3000,NaN,-87.7006
0.09,250,0.3,0.15,0.01,0.0003,160,0.7,22.8800,NaN,-87.4726
0.09,250,0.3,0.15,0.01,0.0003,160,0.9,23.4200,NaN,-87.4854
0.09,250,0.3,0.15,0.01,0.0003,160,1.2,24.2400,NaN,-87.5044
0.09,250,0.3,0.15,0.01,0.002,16,0.7,20.7200,NaN,-94.6958
0.09,250,0.3,0.15,0.01,0.002,16,0.9,21.2000,NaN,-94.7596
0.09,250,0.3,0.15,0.01,0.002,16,1.2,21.9000,NaN,-94.8549
0.09,250,0.3,0.15,0.01,0.002,45,0.7,20.6200,NaN,-94.2455
0.09,250,0.3,0.15,0.01,0.002,45,0.9,21.0800,NaN,-94.3100
0.09,250,0.3,0.15,0.01,0.002,45,1.2,21.8000,NaN,-94.4064
0.09,250,0.3,0.15,0.01,0.002,160,0.7,20.5800,NaN,-94.0638
0.09,250,0.3,0.15,0.01,0.002,160,0.9,21.0400,NaN,-94.1286
0.09,250,0.3,0.15,0.01,0.002,160,1.2,21.7600,NaN,-94.2254
0.09,250,1,0.075,0.0005,0.0001,16,0.7,45.9000,77.8800,-10.6233
0.09,250,1,0.075,0.0005,0.0001,16,0.9,46.8800,79.6000,-10.6339
0.09,250,1,0.075,0.0005,0.0001,16,1.2,48.3800,82.2200,-10.6497
0.09,250,1,0.075,0.0005,0.0001,45,0.7,45.3200,75.8400,-10.4906
0.09,250,1,0.075,0.0005,0.0001,45,0.9,46.2800,77.5200,-10.5011
0.09,250,1,0.075,0.0005,0.0001,45,1.2,47.7600,80.0800,-10.5170
0.09,250,1,0.075,0.0005,0.0001,160,0.7,45.0800,75.0600,-10.4378
0.09,250,1,0.075,0.0005,0.0001,160,0.9,46.0600,76.7200,-10.4484
0.09,250,1,0.075,0.0005,0.0001,160,1.2,47.5200,79.2400,-10.4643
0.09,250,1,0.075,0.0005,0.0003,16,0.7,44.6800,NaN,-14.2944
0.09,250,1,0.075,0.0005,0.0003,16,0.9,45.6400,NaN,-14.3243
0.09,250,1,0.075,0.0005,0.0003,16,1.2,47.1000,NaN,-14.3691
0.09,250,1,0.075,0.0005,0.0003,45,0.7,44.1400,NaN,-14.1238
0.09,250,1,0.075,0.0005,0.0003,45,0.9,45.0800,NaN,-14.1537
0.09,250,1,0.075,0.0005,0.0003,45,1.2,46.5200,NaN,-14.1986
0.09,250,1,0.075,0.0005,0.0003,160,0.7,43.9200,NaN,-14.0560
0.09,250,1,0.075,0.0005,0.0003,160,0.9,44.8600,NaN,-14.0860
0.09,250,1,0.075,0.0005,0.0003,160,1.2,46.2800,NaN,-14.1309
0.09,250,1,0.075,0.0005,0.002,16,0.7,36.6600,NaN,-38.7214
0.09,250,1,0.075,0.0005,0.002,16,0.9,37.4400,NaN,-38.8506
0.09,250,1,0.075,0.0005,0.002,16,1.2,38.6000,NaN,-39.0438
0.09,250,1,0.075,0.0005,0.002,45,0.7,36.3000,NaN,-38.3604
0.09,250,1,0.075,0.0005,0.002,45,0.9,37.0600,NaN,-38.4904
0.09,250,1,0.075,0.0005,0.002,45,1.2,38.2000,NaN,-38.6849
0.09,250,1,0.075,0.0005,0.002,160,0.7,36.1400,NaN,-38.2165
0.09,250,1,0.075,0.0005,0.002,160,0.9,36.9000,NaN,-38.3468
0.09,250,1,0.075,0.0005,0.002,160,1.2,38.0400,NaN,-38.5418
0.09,250,1,0.075,0.002,0.0001,16,0.7,38.2400,NaN,-30.2957
0.09,250,1,0.075,0.002,0.0001,16,0.9,39.0600,NaN,-30.3047
0.09,250,1,0.075,0.002,0.0001,16,1.2,40.3200,NaN,-30.3182
0.09,250,1,0.075,0.002,0.0001,45,0.7,37.8400,NaN,-29.9766
0.09,250,1,0.075,0.002,0.0001,45,0.9,38.6600,NaN,-29.9856
0.09,250,1,0.075,0.002,0.0001,45,1.2,39.9000,NaN,-29.9991
0.09,250,1,0.075,0.002,0.0001,160,0.7,37.6800,NaN,-29.8494
0.09,250,1,0.075,0.002,0.0001,160,0.9,38.4800,NaN,-29.8584
0.09,250,1,0.075,0.002,0.0001,160,1.2,39.7400,NaN,-29.8719
0.09,250,1,0.075,0.002,0.0003,16,0.7,37.4000,NaN,-32.9418
0.09,250,1,0.075,0.002,0.0003,16,0.9,38.2000,NaN,-32.9674
0.09,250,1,0.075,0.002,0.0003,16,1.2,39.4200,NaN,-33.0059
0.09,250,1,0.075,0.002,0.0003,45,0.7,37.0000,NaN,-32.6056
0.09,250,1,0.075,0.002,0.0003,45,0.9,37.8000,NaN,-32.6313
0.09,250,1,0.075,0.002,0.0003,45,1.2,39.0200,NaN,-32.6699
0.09,250,1,0.075,0.002,0.0003,160,0.7,36.8600,NaN,-32.4716
0.09,250,1,0.075,0.002,0.0003,160,0.9,37.6600,NaN,-32.4974
0.09,250,1,0.075,0.002,0.0003,160,1.2,38.8600,NaN,-32.5360
0.09,250,1,0.075,0.002,0.002,16,0.7,31.6000,NaN,-51.1565
0.09,250,1,0.075,0.002,0.002,16,0.9,32.2600,NaN,-51.2740
0.09,250,1,0.075,0.002,0.002,16,1.2,33.2800,NaN,-51.4498
0.09,250,1,0.075,0.002,0.002,45,0.7,31.3200,NaN,-50.7358
0.09,250,1,0.075,0.002,0.002,45,0.9,31.9800,NaN,-50.8542
0.09,250,1,0.075,0.002,0.002,45,1.2,32.9800,NaN,-51.0311
0.09,250,1,0.075,0.002,0.002,160,0.7,31.2200,NaN,-50.5678
0.09,250,1,0.075,0.002,0.002,160,0.9,31.8800,NaN,-50.6865
0.09,250,1,0.075,0.002,0.002,160,1.2,32.8800,NaN,-50.8639
0.09,250,1,0.075,0.01,0.0001,16,0.7,20.2800,NaN,-76.4141
0.09,250,1,0.075,0.01,0.0001,16,0.9,20.7400,NaN,-76.4194
0.09,250,1,0.075,0.01,0.0001,16,1.2,21.4600,NaN,-76.4272
0.09,250,1,0.075,0.01,0.0001,45,0.7,20.1600,NaN,-75.9854
0.09,250,1,0.075,0.01,0.0001,45,0.9,20.6200,NaN,-75.9907
0.09,250,1,0.075,0.01,0.0001,45,1.2,21.3400,NaN,-75.9986
0.09,250,1,0.075,0.01,0.0001,160,0.7,20.1200,NaN,-75.8135
0.09,250,1,0.075,0.01,0.0001,160,0.9,20.5800,NaN,-75.8187
0.09,250,1,0.075,0.01,0.0001,160,1.2,21.2800,NaN,-75.8266
0.09,250,1,0.075,0.01,0.0003,16,0.7,20.0400,NaN,-77.3042
0.09,250,1,0.075,0.01,0.0003,16,0.9,20.5000,NaN,-77.3194
0.09,250,1,0.075,0.01,0.0003,16,1.2,21.2000,NaN,-77.3423
0.09,250,1,0.075,0.01,0.0003,45,0.7,19.9200,NaN,-76.8774
0.09,250,1,0.075,0.01,0.0003,45,0.9,20.3800,NaN,-76.8927
0.09,250,1,0.075,0.01,0.0003,45,1.2,21.0800,NaN,-76.9157
0.09,250,1,0.075,0.01,0.0003,160,0.7,19.8800,NaN,-76.7061
0.09,250,1,0.075,0.01,0.0003,160,0.9,20.3400,NaN,-76.7215
0.09,250,1,0.075,0.01,0.0003,160,1.2,21.0400,NaN,-76.7446
0.09,250,1,0.075,0.01,0.002,16,0.7,18.2400,NaN,-83.9706
0.09,250,1,0.075,0.01,0.002,16,0.9,18.6400,NaN,-84.0517
0.09,250,1,0.075,0.01,0.002,16,1.2,19.2600,NaN,-84.1729
0.09,250,1,0.075,0.01,0.002,45,0.7,18.1400,NaN,-83.5616
0.09,250,1,0.075,0.01,0.002,45,0.9,18.5400,NaN,-83.6433
0.09,250,1,0.075,0.01,0.002,45,1.2,19.1600,NaN,-83.7654
0.09,250,1,0.075,0.01,0.002,160,0.7,18.1000,NaN,-83.3974
0.09,250,1,0.075,0.01,0.002,160,0.9,18.5000,NaN,-83.4794
0.09,250,1,0.075,0.01,0.002,160,1.2,19.1200,NaN,-83.6019
0.09,250,1,0.1,0.0005,0.0001,16,0.7,46.0200,78.3200,-10.6538
0.09,250,1,0.1,0.0005,0.0001,16,0.9,47.0200,80.0600,-10.6644
0.09,250,1,0.1,0.0005,0.0001,16,1.2,48.5400,82.7000,-10.6802
0.09,250,1,0.1,0.0005,0.0001,45,0.7,45.4400,76.2600,-10.5211
0.09,250,1,0.1,0.0005,0.0001,45,0.9,46.4400,77.9600,-10.5317
0.09,250,1,0.1,0.0005,0.0001,45,1.2,47.9200,80.5400,-10.5475
0.09,250,1,0.1,0.0005,0.0001,160,0.7,45.2200,75.4800,-10.4684
0.09,250,1,0.1,0.0005,0.0001,160,0.9,46.2000,77.1600,-10.4789
0.09,250,1,0.1,0.0005,0.0001,160,1.2,47.6800,79.7000,-10.4948
0.09,250,1,0.1,0.0005,0.0003,16,0.7,44.8200,NaN,-14.3807
0.09,250,1,0.1,0.0005,0.0003,16,0.9,45.7800,NaN,-14.4105
0.09,250,1,0.1,0.0005,0.0003,16,1.2,47.2400,NaN,-14.4553
0.09,250,1,0.1,0.0005,0.0003,45,0.7,44.2600,NaN,-14.2103
0.09,250,1,0.1,0.0005,0.0003,45,0.9,45.2200,NaN,-14.2402
0.09,250,1,0.1,0.0005,0.0003,45,1.2,46.6600,NaN,-14.2850
0.09,250,1,0.1,0.0005,0.0003,160,0.7,44.0400,NaN,-14.1425
0.09,250,1,0.1,0.0005,0.0003,160,0.9,45.0000,NaN,-14.1725
0.09,250,1,0.1,0.0005,0.0003,160,1.2,46.4400,NaN,-14.2173
0.09,250,1,0.1,0.0005,0.002,16,0.7,36.7800,NaN,-39.0938
0.09,250,1,0.1,0.0005,0.002,16,0.9,37.5600,NaN,-39.2221
0.09,250,1,0.1,0.0005,0.002,16,1.2,38.7200,NaN,-39.4139
0.09,250,1,0.1,0.0005,0.002,45,0.7,36.4200,NaN,-38.7352
0.09,250,1,0.1,0.0005,0.002,45,0.9,37.1800,NaN,-38.8642
0.09,250,1,0.1,0.0005,0.002,45,1.2,38.3400,NaN,-39.0573
0.09,250,1,0.1,0.0005,0.002,160,0.7,36.2600,NaN,-38.5922
0.09,250,1,0.1,0.0005,0.002,160,0.9,37.0200,NaN,-38.7216
0.09,250,1,0.1,0.0005,0.002,160,1.2,38.1800,NaN,-38.9151
0.09,250,1,0.1,0.002,0.0001,16,0.7,38.3600,NaN,-30.3217
0.09,250,1,0.1,0.002,0.0001,16,0.9,39.2000,NaN,-30.3306
0.09,250,1,0.1,0.002,0.0001,16,1.2,40.4600,NaN,-30.3441
0.09,250,1,0.1,0.002,0.0001,45,0.7,37.9400,NaN,-30.0026
0.09,250,1,0.1,0.002,0.0001,45,0.9,38.7800,NaN,-30.0116
0.09,250,1,0.1,0.002,0.0001,45,1.2,40.0400,NaN,-30.0250
0.09,250,1,0.1,0.002,0.0001,160,0.7,37.7800,NaN,-29.8754
0.09,250,1,0.1,0.002,0.0001,160,0.9,38.6200,NaN,-29.8845
0.09,250,1,0.1,0.002,0.0001,160,1.2,39.8800,NaN,-29.8980
0.09,250,1,0.1,0.002,0.0003,16,0.7,37.5000,NaN,-33.0158
0.09,250,1,0.1,0.002,0.0003,16,0.9,38.3200,NaN,-33.0414
0.09,250,1,0.1,0.002,0.0003,16,1.2,39.5600,NaN,-33.0798
0.09,250,1,0.1,0.002,0.0003,45,0.7,37.1200,NaN,-32.6798
0.09,250,1,0.1,0.002,0.0003,45,0.9,37.9200,NaN,-32.7055
0.09,250,1,0.1,0.002,0.0003,45,1.2,39.1600,NaN,-32.7440
0.09,250,1,0.1,0.002,0.0003,160,0.7,36.9600,NaN,-32.5460
0.09,250,1,0.1,0.002,0.0003,160,0.9,37.7800,NaN,-32.5717
0.09,250,1,0.1,0.002,0.0003,160,1.2,39.0000,NaN,-32.6102
0.09,250,1,0.1,0.002,0.002,16,0.7,31.7000,NaN,-51.4952
0.09,250,1,0.1,0.002,0.002,16,0.9,32.3800,NaN,-51.6119
0.09,250,1,0.1,0.002,0.002,16,1.2,33.4000,NaN,-51.7863
0.09,250,1,0.1,0.002,0.002,45,0.7,31.4200,NaN,-51.0768
0.09,250,1,0.1,0.002,0.002,45,0.9,32.1000,NaN,-51.1942
0.09,250,1,0.1,0.002,0.002,45,1.2,33.1000,NaN,-51.3698
0.09,250,1,0.1,0.002,0.002,160,0.7,31.3200,NaN,-50.9097
0.09,250,1,0.1,0.002,0.002,160,0.9,31.9800,NaN,-51.0275
0.09,250,1,0.1,0.002,0.002,160,1.2,32.9800,NaN,-51.2035
0.09,250,1,0.1,0.01,0.0001,16,0.7,20.3600,NaN,-76.4292
0.09,250,1,0.1,0.01,0.0001,16,0.9,20.8200,NaN,-76.4345
0.09,250,1,0.1,0.01,0.0001,16,1.2,21.5600,NaN,-76.4423
0.09,250,1,0.1,0.01,0.0001,45,0.7,20.2400,NaN,-76.0006
0.09,250,1,0.1,0.01,0.0001,45,0.9,20.7200,NaN,-76.0059
0.09,250,1,0.1,0.01,0.0001,45,1.2,21.4400,NaN,-76.0138
0.09,250,1,0.1,0.01,0.0001,160,0.7,20.2000,NaN,-75.8287
0.09,250,1,0.1,0.01,0.0001,160,0.9,20.6600,NaN,-75.8340
0.09,250,1,0.1,0.01,0.0001,160,1.2,21.3800,NaN,-75.8419
0.09,250,1,0.1,0.01,0.0003,16,0.7,20.1000,NaN,-77.3482
0.09,250,1,0.1,0.01,0.0003,16,0.9,20.5800,NaN,-77.3634
0.09,250,1,0.1,0.01,0.0003,16,1.2,21.3000,NaN,-77.3863
0.09,250,1,0.1,0.01,0.0003,45,0.7,20.0000,NaN,-76.9217
0.09,250,1,0.1,0.01,0.0003,45,0.9,20.4600,NaN,-76.9370
0.09,250,1,0.1,0.01,0.0003,45,1.2,21.1800,NaN,-76.9600
0.09,250,1,0.1,0.01,0.0003,160,0.7,19.9600,NaN,-76.7506
0.09,250,1,0.1,0.01,0.0003,160,0.9,20.4200,NaN,-76.7660
0.09,250,1,0.1,0.01,0.0003,160,1.2,21.1200,NaN,-76.7890
0.09,250,1,0.1,0.01,0.002,16,0.7,18.3000,NaN,-84.2042
0.09,250,1,0.1,0.01,0.002,16,0.9,18.7200,NaN,-84.2846
0.09,250,1,0.1,0.01,0.002,16,1.2,19.3400,NaN,-84.4048
0.09,250,1,0.1,0.01,0.002,45,0.7,18.2000,NaN,-83.7970
0.09,250,1,0.1,0.01,0.002,45,0.9,18.6200,NaN,-83.8781
0.09,250,1,0.1,0.01,0.002,45,1.2,19.2400,NaN,-83.9992
0.09,250,1,0.1,0.01,0.002,160,0.7,18.1800,NaN,-83.6336
0.09,250,1,0.1,0.01,0.002,160,0.9,18.5800,NaN,-83.7148
0.09,250,1,0.1,0.01,0.002,160,1.2,19.2000,NaN,-83.8363
0.09,250,1,0.15,0.0005,0.0001,16,0.7,46.3000,79.2200,-10.7148
0.09,250,1,0.15,0.0005,0.0001,16,0.9,47.3200,80.9800,-10.7253
0.09,250,1,0.15,0.0005,0.0001,16,1.2,48.8400,83.6800,-10.7411
0.09,250,1,0.15,0.0005,0.0001,45,0.7,45.7200,77.1200,-10.5821
0.09,250,1,0.15,0.0005,0.0001,45,0.9,46.7200,78.8600,-10.5927
0.09,250,1,0.15,0.0005,0.0001,45,1.2,48.2400,81.4800,-10.6085
0.09,250,1,0.15,0.0005,0.0001,160,0.7,45.4800,76.3200,-10.5294
0.09,250,1,0.15,0.0005,0.0001,160,0.9,46.4800,78.0400,-10.5400
0.09,250,1,0.15,0.0005,0.0001,160,1.2,47.9800,80.6200,-10.5558
0.09,250,1,0.15,0.0005,0.0003,16,0.7,45.0800,NaN,-14.5530
0.09,250,1,0.15,0.0005,0.0003,16,0.9,46.0600,NaN,-14.5828
0.09,250,1,0.15,0.0005,0.0003,16,1.2,47.5400,NaN,-14.6274
0.09,250,1,0.15,0.0005,0.0003,45,0.7,44.5200,NaN,-14.3829
0.09,250,1,0.15,0.0005,0.0003,45,0.9,45.5000,NaN,-14.4127
0.09,250,1,0.15,0.0005,0.0003,45,1.2,46.9600,NaN,-14.4574
0.09,250,1,0.15,0.0005,0.0003,160,0.7,44.3000,NaN,-14.3153
0.09,250,1,0.15,0.0005,0.0003,160,0.9,45.2600,NaN,-14.3451
0.09,250,1,0.15,0.0005,0.0003,160,1.2,46.7200,NaN,-14.3899
0.09,250,1,0.15,0.0005,0.002,16,0.7,37.0400,NaN,-39.8306
0.09,250,1,0.15,0.0005,0.002,16,0.9,37.8200,NaN,-39.9570
0.09,250,1,0.15,0.0005,0.002,16,1.2,38.9800,NaN,-40.1460
0.09,250,1,0.15,0.0005,0.002,45,0.7,36.6600,NaN,-39.4765
0.09,250,1,0.15,0.0005,0.002,45,0.9,37.4200,NaN,-39.6037
0.09,250,1,0.15,0.0005,0.002,45,1.2,38.6000,NaN,-39.7939
0.09,250,1,0.15,0.0005,0.002,160,0.7,36.5200,NaN,-39.3354
0.09,250,1,0.15,0.0005,0.002,160,0.9,37.2800,NaN,-39.4629
0.09,250,1,0.15,0.0005,0.002,160,1.2,38.4400,NaN,-39.6536
0.09,250,1,0.15,0.002,0.0001,16,0.7,38.5800,NaN,-30.3735
0.09,250,1,0.15,0.002,0.0001,16,0.9,39.4400,NaN,-30.3824
0.09,250,1,0.15,0.002,0.0001,16,1.2,40.7400,NaN,-30.3958
0.09,250,1,0.15,0.002,0.0001,45,0.7,38.1800,NaN,-30.0545
0.09,250,1,0.15,0.002,0.0001,45,0.9,39.0400,NaN,-30.0635
0.09,250,1,0.15,0.002,0.0001,45,1.2,40.3200,NaN,-30.0770
0.09,250,1,0.15,0.002,0.0001,160,0.7,38.0200,NaN,-29.9275
0.09,250,1,0.15,0.002,0.0001,160,0.9,38.8600,NaN,-29.9365
0.09,250,1,0.15,0.002,0.0001,160,1.2,40.1400,NaN,-29.9500
0.09,250,1,0.15,0.002,0.0003,16,0.7,37.7400,NaN,-33.1635
0.09,250,1,0.15,0.002,0.0003,16,0.9,38.5600,NaN,-33.1891
0.09,250,1,0.15,0.002,0.0003,16,1.2,39.8400,NaN,-33.2273
0.09,250,1,0.15,0.002,0.0003,45,0.7,37.3400,NaN,-32.8281
0.09,250,1,0.15,0.002,0.0003,45,0.9,38.1800,NaN,-32.8537
0.09,250,1,0.15,0.002,0.0003,45,1.2,39.4200,NaN,-32.8921
0.09,250,1,0.15,0.002,0.0003,160,0.7,37.2000,NaN,-32.6944
0.09,250,1,0.15,0.002,0.0003,160,0.9,38.0200,NaN,-32.7201
0.09,250,1,0.15,0.002,0.0003,160,1.2,39.2600,NaN,-32.7585
0.09,250,1,0.15,0.002,0.002,16,0.7,31.9200,NaN,-52.1650
0.09,250,1,0.15,0.002,0.002,16,0.9,32.6000,NaN,-52.2799
0.09,250,1,0.15,0.002,0.002,16,1.2,33.6200,NaN,-52.4517
0.09,250,1,0.15,0.002,0.002,45,0.7,31.6400,NaN,-51.7510
0.09,250,1,0.15,0.002,0.002,45,0.9,32.3200,NaN,-51.8667
0.09,250,1,0.15,0.002,0.002,45,1.2,33.3200,NaN,-52.0396
0.09,250,1,0.15,0.002,0.002,160,0.7,31.5200,NaN,-51.5857
0.09,250,1,0.15,0.002,0.002,160,0.9,32.2000,NaN,-51.7017
0.09,250,1,0.15,0.002,0.002,160,1.2,33.2200,NaN,-51.8751
0.09,250,1,0.15,0.01,0.0001,16,0.7,20.5200,NaN,-76.4594
0.09,250,1,0.15,0.01,0.0001,16,0.9,21.0000,NaN,-76.4646
0.09,250,1,0.15,0.01,0.0001,16,1.2,21.7600,NaN,-76.4725
0.09,250,1,0.15,0.01,0.0001,45,0.7,20.4000,NaN,-76.0310
0.09,250,1,0.15,0.01,0.0001,45,0.9,20.8800,NaN,-76.0363
0.09,250,1,0.15,0.01,0.0001,45,1.2,21.6400,NaN,-76.0442
0.09,250,1,0.15,0.01,0.0001,160,0.7,20.3600,NaN,-75.8592
0.09,250,1,0.15,0.01,0.0001,160,0.9,20.8400,NaN,-75.8644
0.09,250,1,0.15,0.01,0.0001,160,1.2,21.6000,NaN,-75.8723
0.09,250,1,0.15,0.01,0.0003,16,0.7,20.2600,NaN,-77.4361
0.09,250,1,0.15,0.01,0.0003,16,0.9,20.7400,NaN,-77.4513
0.09,250,1,0.15,0.01,0.0003,16,1.2,21.4800,NaN,-77.4740
0.09,250,1,0.15,0.01,0.0003,45,0.7,20.1600,NaN,-77.0102
0.09,250,1,0.15,0.01,0.0003,45,0.9,20.6400,NaN,-77.0255
0.09,250,1,0.15,0.01,0.0003,45,1.2,21.3800,NaN,-77.0484
0.09,250,1,0.15,0.01,0.0003,160,0.7,20.1000,NaN,-76.8393
0.09,250,1,0.15,0.01,0.0003,160,0.9,20.5800,NaN,-76.8546
0.09,250,1,0.15,0.01,0.0003,160,1.2,21.3200,NaN,-76.8776
0.09,250,1,0.15,0.01,0.002,16,0.7,18.4400,NaN,-84.6656
0.09,250,1,0.15,0.01,0.002,16,0.9,18.8600,NaN,-84.7447
0.09,250,1,0.15,0.01,0.002,16,1.2,19.5000,NaN,-84.8628
0.09,250,1,0.15,0.01,0.002,45,0.7,18.3400,NaN,-84.2620
0.09,250,1,0.15,0.01,0.002,45,0.9,18.7600,NaN,-84.3417
0.09,250,1,0.15,0.01,0.002,45,1.2,19.4000,NaN,-84.4609
0.09,250,1,0.15,0.01,0.002,160,0.7,18.3000,NaN,-84.1000
0.09,250,1,0.15,0.01,0.002,160,0.9,18.7200,NaN,-84.1800
0.09,250,1,0.15,0.01,0.002,160,1.2,19.3600,NaN,-84.2995
0.09,1000,0.3,0.075,0.0005,0.0001,16,0.7,18.9400,22.0800,-4.4590
0.09,1000,0.3,0.075,0.0005,0.0001,16,0.9,19.3800,22.5800,-4.4702
0.09,1000,0.3,0.075,0.0005,0.0001,16,1.2,20.0600,23.3800,-4.4869
0.09,1000,0.3,0.075,0.0005,0.0001,45,0.7,17.7600,20.4800,-4.1907
0.09,1000,0.3,0.075,0.0005,0.0001,45,0.9,18.1800,20.9600,-4.2019
0.09,1000,0.3,0.075,0.0005,0.0001,45,1.2,18.8200,21.7000,-4.2186
0.09,1000,0.3,0.075,0.0005,0.0001,160,0.7,17.3000,19.8600,-4.0840
0.09,1000,0.3,0.075,0.0005,0.0001,160,0.9,17.7000,20.3200,-4.0951
0.09,1000,0.3,0.075,0.0005,0.0001,160,1.2,18.3200,21.0400,-4.1119
0.09,1000,0.3,0.075,0.0005,0.0003,16,0.7,18.7200,23.4600,-6.2530
0.09,1000,0.3,0.075,0.0005,0.0003,16,0.9,19.1600,24.0400,-6.2856
0.09,1000,0.3,0.075,0.0005,0.0003,16,1.2,19.8200,24.9000,-6.3344
0.09,1000,0.3,0.075,0.0005,0.0003,45,0.7,17.5800,21.6800,-5.8973
0.09,1000,0.3,0.075,0.0005,0.0003,45,0.9,17.9800,22.2000,-5.9300
0.09,1000,0.3,0.075,0.0005,0.0003,45,1.2,18.6200,23.0000,-5.9790
0.09,1000,0.3,0.075,0.0005,0.0003,160,0.7,17.1200,20.9800,-5.7556
0.09,1000,0.3,0.075,0.0005,0.0003,160,0.9,17.5200,21.4800,-5.7884
0.09,1000,0.3,0.075,0.0005,0.0003,160,1.2,18.1400,22.2600,-5.8374
0.09,1000,0.3,0.075,0.0005,0.002,16,0.7,17.1400,NaN,-19.7785
0.09,1000,0.3,0.075,0.0005,0.002,16,0.9,17.5200,NaN,-19.9536
0.09,1000,0.3,0.075,0.0005,0.002,16,1.2,18.1200,NaN,-20.2155
0.09,1000,0.3,0.075,0.0005,0.002,45,0.7,16.1800,NaN,-18.8387
0.09,1000,0.3,0.075,0.0005,0.002,45,0.9,16.5400,NaN,-19.0163
0.09,1000,0.3,0.075,0.0005,0.002,45,1.2,17.1000,NaN,-19.2818
0.09,1000,0.3,0.075,0.0005,0.002,160,0.7,15.7800,NaN,-18.4618
0.09,1000,0.3,0.075,0.0005,0.002,160,0.9,16.1400,NaN,-18.6405
0.09,1000,0.3,0.075,0.0005,0.002,160,1.2,16.7000,NaN,-18.9074
0.09,1000,0.3,0.075,0.002,0.0001,16,0.7,17.5000,NaN,-13.8863
0.09,1000,0.3,0.075,0.002,0.0001,16,0.9,17.9200,NaN,-13.8967
0.09,1000,0.3,0.075,0.002,0.0001,16,1.2,18.5400,NaN,-13.9123
0.09,1000,0.3,0.075,0.002,0.0001,45,0.7,16.5000,NaN,-13.0899
0.09,1000,0.3,0.075,0.002,0.0001,45,0.9,16.9000,NaN,-13.1003
0.09,1000,0.3,0.075,0.002,0.0001,45,1.2,17.4800,NaN,-13.1160
0.09,1000,0.3,0.075,0.002,0.0001,160,0.7,16.1000,49.0400,-12.7709
0.09,1000,0.3,0.075,0.002,0.0001,160,0.9,16.4800,50.8400,-12.7814
0.09,1000,0.3,0.075,0.002,0.0001,160,1.2,17.0600,53.7800,-12.7971
0.09,1000,0.3,0.075,0.002,0.0003,16,0.7,17.3200,NaN,-15.4525
0.09,1000,0.3,0.075,0.002,0.0003,16,0.9,17.7400,NaN,-15.4829
0.09,1000,0.3,0.075,0.002,0.0003,16,1.2,18.3600,NaN,-15.5284
0.09,1000,0.3,0.075,0.002,0.0003,45,0.7,16.3400,NaN,-14.5930
0.09,1000,0.3,0.075,0.002,0.0003,45,0.9,16.7200,NaN,-14.6236
0.09,1000,0.3,0.075,0.002,0.0003,45,1.2,17.3200,NaN,-14.6694
0.09,1000,0.3,0.075,0.002,0.0003,160,0.7,15.9400,NaN,-14.2485
0.09,1000,0.3,0.075,0.002,0.0003,160,0.9,16.3200,NaN,-14.2792
0.09,1000,0.3,0.075,0.002,0.0003,160,1.2,16.9000,NaN,-14.3252
0.09,1000,0.3,0.075,0.002,0.002,16,0.7,15.9600,NaN,-27.3445
0.09,1000,0.3,0.075,0.002,0.002,16,0.9,16.3200,NaN,-27.5099
0.09,1000,0.3,0.075,0.002,0.002,16,1.2,16.8800,NaN,-27.7570
0.09,1000,0.3,0.075,0.002,0.002,45,0.7,15.1200,NaN,-26.0632
0.09,1000,0.3,0.075,0.002,0.002,45,0.9,15.4600,NaN,-26.2314
0.09,1000,0.3,0.075,0.002,0.002,45,1.2,16.0000,NaN,-26.4827
0.09,1000,0.3,0.075,0.002,0.002,160,0.7,14.7800,NaN,-25.5466
0.09,1000,0.3,0.075,0.002,0.002,160,0.9,15.1200,NaN,-25.7158
0.09,1000,0.3,0.075,0.002,0.002,160,1.2,15.6400,NaN,-25.9688
0.09,1000,0.3,0.075,0.01,0.0001,16,0.7,12.5000,NaN,-46.8962
0.09,1000,0.3,0.075,0.01,0.0001,16,0.9,12.8000,NaN,-46.9038
0.09,1000,0.3,0.075,0.01,0.0001,16,1.2,13.2800,NaN,-46.9154
0.09,1000,0.3,0.075,0.01,0.0001,45,0.7,11.9800,NaN,-44.9347
0.09,1000,0.3,0.075,0.01,0.0001,45,0.9,12.2800,NaN,-44.9426
0.09,1000,0.3,0.075,0.01,0.0001,45,1.2,12.7400,NaN,-44.9543
0.09,1000,0.3,0.075,0.01,0.0001,160,0.7,11.7600,NaN,-44.1304
0.09,1000,0.3,0.075,0.01,0.0001,160,0.9,12.0600,NaN,-44.1383
0.09,1000,0.3,0.075,0.01,0.0001,160,1.2,12.5200,NaN,-44.1502
0.09,1000,0.3,0.075,0.01,0.0003,16,0.7,12.4000,NaN,-47.7851
0.09,1000,0.3,0.075,0.01,0.0003,16,0.9,12.7000,NaN,-47.8077
0.09,1000,0.3,0.075,0.01,0.0003,16,1.2,13.1800,NaN,-47.8415
0.09,1000,0.3,0.075,0.01,0.0003,45,0.7,11.9000,NaN,-45.8141
0.09,1000,0.3,0.075,0.01,0.0003,45,0.9,12.1800,NaN,-45.8372
0.09,1000,0.3,0.075,0.01,0.0003,45,1.2,12.6400,NaN,-45.8718
0.09,1000,0.3,0.075,0.01,0.0003,160,0.7,11.6800,NaN,-45.0056
0.09,1000,0.3,0.075,0.01,0.0003,160,0.9,11.9800,NaN,-45.0289
0.09,1000,0.3,0.075,0.01,0.0003,160,1.2,12.4200,NaN,-45.0638
0.09,1000,0.3,0.075,0.01,0.002,16,0.7,11.6800,NaN,-54.7070
0.09,1000,0.3,0.075,0.01,0.002,16,0.9,11.9600,NaN,-54.8356
0.09,1000,0.3,0.075,0.01,0.002,16,1.2,12.3800,NaN,-55.0278
0.09,1000,0.3,0.075,0.01,0.002,45,0.7,11.2200,NaN,-52.6800
0.09,1000,0.3,0.075,0.01,0.002,45,0.9,11.5000,NaN,-52.8121
0.09,1000,0.3,0.075,0.01,0.002,45,1.2,11.9200,NaN,-53.0094
0.09,1000,0.3,0.075,0.01,0.002,160,0.7,11.0400,NaN,-51.8458
0.09,1000,0.3,0.075,0.01,0.002,160,0.9,11.3000,NaN,-51.9792
0.09,1000,0.3,0.075,0.01,0.002,160,1.2,11.7200,NaN,-52.1786
0.09,1000,0.3,0.1,0.0005,0.0001,16,0.7,19.0200,22.1800,-4.4912
0.09,1000,0.3,0.1,0.0005,0.0001,16,0.9,19.4600,22.7000,-4.5024
0.09,1000,0.3,0.1,0.0005,0.0001,16,1.2,20.1400,23.5200,-4.5191
0.09,1000,0.3,0.1,0.0005,0.0001,45,0.7,17.8400,20.5800,-4.2230
0.09,1000,0.3,0.1,0.0005,0.0001,45,0.9,18.2600,21.0800,-4.2341
0.09,1000,0.3,0.1,0.0005,0.0001,45,1.2,18.9200,21.8400,-4.2509
0.09,1000,0.3,0.1,0.0005,0.0001,160,0.7,17.3600,19.9600,-4.1163
0.09,1000,0.3,0.1,0.0005,0.0001,160,0.9,17.7800,20.4400,-4.1274
0.09,1000,0.3,0.1,0.0005,0.0001,160,1.2,18.4200,21.1800,-4.1442
0.09,1000,0.3,0.1,0.0005,0.0003,16,0.7,18.8000,23.6400,-6.3471
0.09,1000,0.3,0.1,0.0005,0.0003,16,0.9,19.2400,24.2200,-6.3796
0.09,1000,0.3,0.1,0.0005,0.0003,16,1.2,19.9200,25.1200,-6.4283
0.09,1000,0.3,0.1,0.0005,0.0003,45,0.7,17.6400,21.8400,-5.9916
0.09,1000,0.3,0.1,0.0005,0.0003,45,0.9,18.0600,22.3800,-6.0243
0.09,1000,0.3,0.1,0.0005,0.0003,45,1.2,18.7000,23.2000,-6.0732
0.09,1000,0.3,0.1,0.0005,0.0003,160,0.7,17.2000,21.1400,-5.8502
0.09,1000,0.3,0.1,0.0005,0.0003,160,0.9,17.6000,21.6600,-5.8828
0.09,1000,0.3,0.1,0.0005,0.0003,160,1.2,18.2200,22.4600,-5.9318
0.09,1000,0.3,0.1,0.0005,0.002,16,0.7,17.2000,NaN,-20.2832
0.09,1000,0.3,0.1,0.0005,0.002,16,0.9,17.6000,NaN,-20.4569
0.09,1000,0.3,0.1,0.0005,0.002,16,1.2,18.2000,NaN,-20.7165
0.09,1000,0.3,0.1,0.0005,0.002,45,0.7,16.2400,NaN,-19.3504
0.09,1000,0.3,0.1,0.0005,0.002,45,0.9,16.6000,NaN,-19.5266
0.09,1000,0.3,0.1,0.0005,0.002,45,1.2,17.1800,NaN,-19.7898
0.09,1000,0.3,0.1,0.0005,0.002,160,0.7,15.8400,NaN,-18.9764
0.09,1000,0.3,0.1,0.0005,0.002,160,0.9,16.2200,NaN,-19.1536
0.09,1000,0.3,0.1,0.0005,0.002,160,1.2,16.7600,NaN,-19.4183
0.09,1000,0.3,0.1,0.002,0.0001,16,0.7,17.5800,NaN,-13.9163
0.09,1000,0.3,0.1,0.002,0.0001,16,0.9,18.0000,NaN,-13.9267
0.09,1000,0.3,0.1,0.002,0.0001,16,1.2,18.6400,NaN,-13.9422
0.09,1000,0.3,0.1,0.002,0.0001,45,0.7,16.5800,NaN,-13.1200
0.09,1000,0.3,0.1,0.002,0.0001,45,0.9,16.9600,NaN,-13.1305
0.09,1000,0.3,0.1,0.002,0.0001,45,1.2,17.5800,NaN,-13.1461
0.09,1000,0.3,0.1,0.002,0.0001,160,0.7,16.1600,51.4400,-12.8012
0.09,1000,0.3,0.1,0.002,0.0001,160,0.9,16.5600,53.5800,-12.8117
0.09,1000,0.3,0.1,0.002,0.0001,160,1.2,17.1600,57.2600,-12.8274
0.09,1000,0.3,0.1,0.002,0.0003,16,0.7,17.4000,NaN,-15.5402
0.09,1000,0.3,0.1,0.002,0.0003,16,0.9,17.8000,NaN,-15.5705
0.09,1000,0.3,0.1,0.002,0.0003,16,1.2,18.4400,NaN,-15.6160
0.09,1000,0.3,0.1,0.002,0.0003,45,0.7,16.4000,NaN,-14.6813
0.09,1000,0.3,0.1,0.002,0.0003,45,0.9,16.8000,NaN,-14.7119
0.09,1000,0.3,0.1,0.002,0.0003,45,1.2,17.4000,NaN,-14.7577
0.09,1000,0.3,0.1,0.002,0.0003,160,0.7,16.0200,NaN,-14.3371
0.09,1000,0.3,0.1,0.002,0.0003,160,0.9,16.4000,NaN,-14.3678
0.09,1000,0.3,0.1,0.002,0.0003,160,1.2,16.9800,NaN,-14.4137
0.09,1000,0.3,0.1,0.002,0.002,16,0.7,16.0200,NaN,-27.8210
0.09,1000,0.3,0.1,0.002,0.002,16,0.9,16.3800,NaN,-27.9850
0.09,1000,0.3,0.1,0.002,0.002,16,1.2,16.9600,NaN,-28.2300
0.09,1000,0.3,0.1,0.002,0.002,45,0.7,15.1800,NaN,-26.5477
0.09,1000,0.3,0.1,0.002,0.002,45,0.9,15.5200,NaN,-26.7144
0.09,1000,0.3,0.1,0.002,0.002,45,1.2,16.0600,NaN,-26.9636
0.09,1000,0.3,0.1,0.002,0.002,160,0.7,14.8400,NaN,-26.0342
0.09,1000,0.3,0.1,0.002,0.002,160,0.9,15.1800,NaN,-26.2021
0.09,1000,0.3,0.1,0.002,0.002,160,1.2,15.7000,NaN,-26.4529
0.09,1000,0.3,0.1,0.01,0.0001,16,0.7,12.5600,NaN,-46.9183
0.09,1000,0.3,0.1,0.01,0.0001,16,0.9,12.8800,NaN,-46.9260
0.09,1000,0.3,0.1,0.01,0.0001,16,1.2,13.3600,NaN,-46.9375
0.09,1000,0.3,0.1,0.01,0.0001,45,0.7,12.0400,NaN,-44.9574
0.09,1000,0.3,0.1,0.01,0.0001,45,0.9,12.3400,NaN,-44.9652
0.09,1000,0.3,0.1,0.01,0.0001,45,1.2,12.8200,NaN,-44.9769
0.09,1000,0.3,0.1,0.01,0.0001,160,0.7,11.8200,NaN,-44.1533
0.09,1000,0.3,0.1,0.01,0.0001,160,0.9,12.1200,NaN,-44.1612
0.09,1000,0.3,0.1,0.01,0.0001,160,1.2,12.6000,NaN,-44.1730
0.09,1000,0.3,0.1,0.01,0.0003,16,0.7,12.4600,NaN,-47.8503
0.09,1000,0.3,0.1,0.01,0.0003,16,0.9,12.7800,NaN,-47.8728
0.09,1000,0.3,0.1,0.01,0.0003,16,1.2,13.2600,NaN,-47.9066
0.09,1000,0.3,0.1,0.01,0.0003,45,0.7,11.9600,NaN,-45.8808
0.09,1000,0.3,0.1,0.01,0.0003,45,0.9,12.2600,NaN,-45.9038
0.09,1000,0.3,0.1,0.01,0.0003,45,1.2,12.7200,NaN,-45.9383
0.09,1000,0.3,0.1,0.01,0.0003,160,0.7,11.7400,NaN,-45.0728
0.09,1000,0.3,0.1,0.01,0.0003,160,0.9,12.0400,NaN,-45.0960
0.09,1000,0.3,0.1,0.01,0.0003,160,1.2,12.5000,NaN,-45.1309
0.09,1000,0.3,0.1,0.01,0.002,16,0.7,11.7400,NaN,-55.0775
0.09,1000,0.3,0.1,0.01,0.002,16,0.9,12.0200,NaN,-55.2050
0.09,1000,0.3,0.1,0.01,0.002,16,1.2,12.4600,NaN,-55.3955
0.09,1000,0.3,0.1,0.01,0.002,45,0.7,11.2800,NaN,-53.0604
0.09,1000,0.3,0.1,0.01,0.002,45,0.9,11.5600,NaN,-53.1913
0.09,1000,0.3,0.1,0.01,0.002,45,1.2,11.9800,NaN,-53.3868
0.09,1000,0.3,0.1,0.01,0.002,160,0.7,11.1000,NaN,-52.2302
0.09,1000,0.3,0.1,0.01,0.002,160,0.9,11.3600,NaN,-52.3625
0.09,1000,0.3,0.1,0.01,0.002,160,1.2,11.7800,NaN,-52.5601
0.09,1000,0.3,0.15,0.0005,0.0001,16,0.7,19.1600,22.4000,-4.5556
0.09,1000,0.3,0.15,0.0005,0.0001,16,0.9,19.6400,22.9400,-4.5667
0.09,1000,0.3,0.15,0.0005,0.0001,16,1.2,20.3400,23.7800,-4.5834
0.09,1000,0.3,0.15,0.0005,0.0001,45,0.7,17.9800,20.8000,-4.2875
0.09,1000,0.3,0.15,0.0005,0.0001,45,0.9,18.4200,21.3000,-4.2986
0.09,1000,0.3,0.15,0.0005,0.0001,45,1.2,19.1000,22.1000,-4.3154
0.09,1000,0.3,0.15,0.0005,0.0001,160,0.7,17.5200,20.1600,-4.1808
0.09,1000,0.3,0.15,0.0005,0.0001,160,0.9,17.9400,20.6600,-4.1920
0.09,1000,0.3,0.15,0.0005,0.0001,160,1.2,18.6200,21.4400,-4.2088
0.09,1000,0.3,0.15,0.0005,0.0003,16,0.7,18.9400,24.0200,-6.5347
0.09,1000,0.3,0.15,0.0005,0.0003,16,0.9,19.4000,24.6200,-6.5671
0.09,1000,0.3,0.15,0.0005,0.0003,16,1.2,20.1000,25.5400,-6.6157
0.09,1000,0.3,0.15,0.0005,0.0003,45,0.7,17.8000,22.1800,-6.1800
0.09,1000,0.3,0.15,0.0005,0.0003,45,0.9,18.2200,22.7400,-6.2125
0.09,1000,0.3,0.15,0.0005,0.0003,45,1.2,18.9000,23.6000,-6.2613
0.09,1000,0.3,0.15,0.0005,0.0003,160,0.7,17.3400,21.4600,-6.0388
0.09,1000,0.3,0.15,0.0005,0.0003,160,0.9,17.7600,22.0200,-6.0714
0.09,1000,0.3,0.15,0.0005,0.0003,160,1.2,18.4200,22.8600,-6.1202
0.09,1000,0.3,0.15,0.0005,0.002,16,0.7,17.3400,NaN,-21.2799
0.09,1000,0.3,0.15,0.0005,0.002,16,0.9,17.7400,NaN,-21.4508
0.09,1000,0.3,0.15,0.0005,0.002,16,1.2,18.3600,NaN,-21.7061
0.09,1000,0.3,0.15,0.0005,0.002,45,0.7,16.3600,NaN,-20.3611
0.09,1000,0.3,0.15,0.0005,0.002,45,0.9,16.7400,NaN,-20.5343
0.09,1000,0.3,0.15,0.0005,0.002,45,1.2,17.3400,NaN,-20.7932
0.09,1000,0.3,0.15,0.0005,0.002,160,0.7,15.9800,NaN,-19.9927
0.09,1000,0.3,0.15,0.0005,0.002,160,0.9,16.3400,NaN,-20.1669
0.09,1000,0.3,0.15,0.0005,0.002,160,1.2,16.9200,NaN,-20.4272
0.09,1000,0.3,0.15,0.002,0.0001,16,0.7,17.7200,NaN,-13.9762
0.09,1000,0.3,0.15,0.002,0.0001,16,0.9,18.1600,NaN,-13.9866
0.09,1000,0.3,0.15,0.002,0.0001,16,1.2,18.8400,NaN,-14.0021
0.09,1000,0.3,0.15,0.002,0.0001,45,0.7,16.7200,NaN,-13.1803
0.09,1000,0.3,0.15,0.002,0.0001,45,0.9,17.1200,NaN,-13.1908
0.09,1000,0.3,0.15,0.002,0.0001,45,1.2,17.7800,NaN,-13.2064
0.09,1000,0.3,0.15,0.002,0.0001,160,0.7,16.3000,61.7200,-12.8617
0.09,1000,0.3,0.15,0.002,0.0001,160,0.9,16.7200,68.7600,-12.8721
0.09,1000,0.3,0.15,0.002,0.0001,160,1.2,17.3400,NaN,-12.8878
0.09,1000,0.3,0.15,0.002,0.0003,16,0.7,17.5400,NaN,-15.7152
0.09,1000,0.3,0.15,0.002,0.0003,16,0.9,17.9600,NaN,-15.7454
0.09,1000,0.3,0.15,0.002,0.0003,16,1.2,18.6200,NaN,-15.7907
0.09,1000,0.3,0.15,0.002,0.0003,45,0.7,16.5400,NaN,-14.8576
0.09,1000,0.3,0.15,0.002,0.0003,45,0.9,16.9600,NaN,-14.8881
0.09,1000,0.3,0.15,0.002,0.0003,45,1.2,17.5800,NaN,-14.9338
0.09,1000,0.3,0.15,0.002,0.0003,160,0.7,16.1400,NaN,-14.5140
0.09,1000,0.3,0.15,0.002,0.0003,160,0.9,16.5600,NaN,-14.5446
0.09,1000,0.3,0.15,0.002,0.0003,160,1.2,17.1800,NaN,-14.5904
0.09,1000,0.3,0.15,0.002,0.002,16,0.7,16.1400,NaN,-28.7619
0.09,1000,0.3,0.15,0.002,0.002,16,0.9,16.5200,NaN,-28.9232
0.09,1000,0.3,0.15,0.002,0.002,16,1.2,17.1000,NaN,-29.1642
0.09,1000,0.3,0.15,0.002,0.002,45,0.7,15.3000,NaN,-27.5043
0.09,1000,0.3,0.15,0.002,0.002,45,0.9,15.6600,NaN,-27.6682
0.09,1000,0.3,0.15,0.002,0.002,45,1.2,16.2200,NaN,-27.9133
0.09,1000,0.3,0.15,0.002,0.002,160,0.7,14.9600,NaN,-26.9972
0.09,1000,0.3,0.15,0.002,0.002,160,0.9,15.3200,NaN,-27.1623
0.09,1000,0.3,0.15,0.002,0.002,160,1.2,15.8600,NaN,-27.4089
0.09,1000,0.3,0.15,0.01,0.0001,16,0.7,12.6800,NaN,-46.9626
0.09,1000,0.3,0.15,0.01,0.0001,16,0.9,13.0200,NaN,-46.9703
0.09,1000,0.3,0.15,0.01,0.0001,16,1.2,13.5400,NaN,-46.9818
0.09,1000,0.3,0.15,0.01,0.0001,45,0.7,12.1600,NaN,-45.0026
0.09,1000,0.3,0.15,0.01,0.0001,45,0.9,12.4800,NaN,-45.0104
0.09,1000,0.3,0.15,0.01,0.0001,45,1.2,13.0000,NaN,-45.0222
0.09,1000,0.3,0.15,0.01,0.0001,160,0.7,11.9400,NaN,-44.1989
0.09,1000,0.3,0.15,0.01,0.0001,160,0.9,12.2600,NaN,-44.2068
0.09,1000,0.3,0.15,0.01,0.0001,160,1.2,12.7600,NaN,-44.2186
0.09,1000,0.3,0.15,0.01,0.0003,16,0.7,12.5800,NaN,-47.9804
0.09,1000,0.3,0.15,0.01,0.0003,16,0.9,12.9200,NaN,-48.0029
0.09,1000,0.3,0.15,0.01,0.0003,16,1.2,13.4400,NaN,-48.0366
0.09,1000,0.3,0.15,0.01,0.0003,45,0.7,12.0800,NaN,-46.0137
0.09,1000,0.3,0.15,0.01,0.0003,45,0.9,12.4000,NaN,-46.0367
0.09,1000,0.3,0.15,0.01,0.0003,45,1.2,12.9000,NaN,-46.0711
0.09,1000,0.3,0.15,0.01,0.0003,160,0.7,11.8600,NaN,-45.2069
0.09,1000,0.3,0.15,0.01,0.0003,160,0.9,12.1800,NaN,-45.2301
0.09,1000,0.3,0.15,0.01,0.0003,160,1.2,12.6800,NaN,-45.2648
0.09,1000,0.3,0.15,0.01,0.002,16,0.7,11.8400,NaN,-55.8089
0.09,1000,0.3,0.15,0.01,0.002,16,0.9,12.1400,NaN,-55.9342
0.09,1000,0.3,0.15,0.01,0.002,16,1.2,12.6000,NaN,-56.1214
0.09,1000,0.3,0.15,0.01,0.002,45,0.7,11.3800,NaN,-53.8112
0.09,1000,0.3,0.15,0.01,0.002,45,0.9,11.6800,NaN,-53.9398
0.09,1000,0.3,0.15,0.01,0.002,45,1.2,12.1200,NaN,-54.1320
0.09,1000,0.3,0.15,0.01,0.002,160,0.7,11.2000,NaN,-52.9890
0.09,1000,0.3,0.15,0.01,0.002,160,0.9,11.4800,NaN,-53.1190
0.09,1000,0.3,0.15,0.01,0.002,160,1.2,11.9200,NaN,-53.3133
0.09,1000,1,0.075,0.0005,0.0001,16,0.7,13.1000,14.5200,-3.1257
0.09,1000,1,0.075,0.0005,0.0001,16,0.9,13.4200,14.8800,-3.1370
0.09,1000,1,0.075,0.0005,0.0001,16,1.2,13.9200,15.4200,-3.1539
0.09,1000,1,0.075,0.0005,0.0001,45,0.7,12.4600,13.7200,-2.9758
0.09,1000,1,0.075,0.0005,0.0001,45,0.9,12.7600,14.0600,-2.9870
0.09,1000,1,0.075,0.0005,0.0001,45,1.2,13.2400,14.5800,-3.0040
0.09,1000,1,0.075,0.0005,0.0001,160,0.7,12.2000,13.4000,-2.9162
0.09,1000,1,0.075,0.0005,0.0001,160,0.9,12.5000,13.7400,-2.9275
0.09,1000,1,0.075,0.0005,0.0001,160,1.2,12.9600,14.2400,-2.9444
0.09,1000,1,0.075,0.0005,0.0003,16,0.7,13.0000,15.1000,-4.4807
0.09,1000,1,0.075,0.0005,0.0003,16,0.9,13.3200,15.4800,-4.5138
0.09,1000,1,0.075,0.0005,0.0003,16,1.2,13.8200,16.0800,-4.5635
0.09,1000,1,0.075,0.0005,0.0003,45,0.7,12.3600,14.2400,-4.2805
0.09,1000,1,0.075,0.0005,0.0003,45,0.9,12.6600,14.6000,-4.3138
0.09,1000,1,0.075,0.0005,0.0003,45,1.2,13.1400,15.1600,-4.3636
0.09,1000,1,0.075,0.0005,0.0003,160,0.7,12.1000,13.9000,-4.2010
0.09,1000,1,0.075,0.0005,0.0003,160,0.9,12.4000,14.2600,-4.2343
0.09,1000,1,0.075,0.0005,0.0003,160,1.2,12.8600,14.8000,-4.2841
0.09,1000,1,0.075,0.0005,0.002,16,0.7,12.2200,NaN,-14.9985
0.09,1000,1,0.075,0.0005,0.002,16,0.9,12.5000,NaN,-15.1863
0.09,1000,1,0.075,0.0005,0.002,16,1.2,12.9400,NaN,-15.4671
0.09,1000,1,0.075,0.0005,0.002,45,0.7,11.6400,NaN,-14.4430
0.09,1000,1,0.075,0.0005,0.002,45,0.9,11.9200,NaN,-14.6324
0.09,1000,1,0.075,0.0005,0.002,45,1.2,12.3400,NaN,-14.9154
0.09,1000,1,0.075,0.0005,0.002,160,0.7,11.4200,NaN,-14.2214
0.09,1000,1,0.075,0.0005,0.002,160,0.9,11.6800,NaN,-14.4113
0.09,1000,1,0.075,0.0005,0.002,160,1.2,12.1000,NaN,-14.6952
0.09,1000,1,0.075,0.002,0.0001,16,0.7,12.4200,19.7200,-9.8522
0.09,1000,1,0.075,0.002,0.0001,16,0.9,12.7200,20.2000,-9.8629
0.09,1000,1,0.075,0.002,0.0001,16,1.2,13.2000,20.9400,-9.8790
0.09,1000,1,0.075,0.002,0.0001,45,0.7,11.8200,18.0600,-9.3861
0.09,1000,1,0.075,0.002,0.0001,45,0.9,12.1200,18.5000,-9.3969
0.09,1000,1,0.075,0.002,0.0001,45,1.2,12.5800,19.2000,-9.4130
0.09,1000,1,0.075,0.002,0.0001,160,0.7,11.5800,17.4600,-9.2003
0.09,1000,1,0.075,0.002,0.0001,160,0.9,11.8800,17.8800,-9.2110
0.09,1000,1,0.075,0.002,0.0001,160,1.2,12.3200,18.5600,-9.2272
0.09,1000,1,0.075,0.002,0.0003,16,0.7,12.3200,22.0000,-11.0885
0.09,1000,1,0.075,0.002,0.0003,16,0.9,12.6200,22.5800,-11.1200
0.09,1000,1,0.075,0.002,0.0003,16,1.2,13.1000,23.5000,-11.1673
0.09,1000,1,0.075,0.002,0.0003,45,0.7,11.7400,19.7800,-10.5826
0.09,1000,1,0.075,0.002,0.0003,45,0.9,12.0400,20.3200,-10.6143
0.09,1000,1,0.075,0.002,0.0003,45,1.2,12.4800,21.1400,-10.6618
0.09,1000,1,0.075,0.002,0.0003,160,0.7,11.5000,19.0000,-10.3808
0.09,1000,1,0.075,0.002,0.0003,160,0.9,11.8000,19.5000,-10.4126
0.09,1000,1,0.075,0.002,0.0003,160,1.2,12.2400,20.3000,-10.4602
0.09,1000,1,0.075,0.002,0.002,16,0.7,11.6000,NaN,-20.7194
0.09,1000,1,0.075,0.002,0.002,16,0.9,11.8800,NaN,-20.8994
0.09,1000,1,0.075,0.002,0.002,16,1.2,12.3200,NaN,-21.1683
0.09,1000,1,0.075,0.002,0.002,45,0.7,11.1000,NaN,-19.9318
0.09,1000,1,0.075,0.002,0.002,45,0.9,11.3600,NaN,-20.1135
0.09,1000,1,0.075,0.002,0.002,45,1.2,11.7800,NaN,-20.3850
0.09,1000,1,0.075,0.002,0.002,160,0.7,10.8800,NaN,-19.6164
0.09,1000,1,0.075,0.002,0.002,160,0.9,11.1400,NaN,-19.7988
0.09,1000,1,0.075,0.002,0.002,160,1.2,11.5600,NaN,-20.0714
0.09,1000,1,0.075,0.01,0.0001,16,0.7,9.6800,NaN,-36.2202
0.09,1000,1,0.075,0.01,0.0001,16,0.9,9.9400,NaN,-36.2287
0.09,1000,1,0.075,0.01,0.0001,16,1.2,10.3200,NaN,-36.2416
0.09,1000,1,0.075,0.01,0.0001,45,0.7,9.3200,NaN,-34.8574
0.09,1000,1,0.075,0.01,0.0001,45,0.9,9.5600,NaN,-34.8661
0.09,1000,1,0.075,0.01,0.0001,45,1.2,9.9600,NaN,-34.8791
0.09,1000,1,0.075,0.01,0.0001,160,0.7,9.1800,NaN,-34.3058
0.09,1000,1,0.075,0.01,0.0001,160,0.9,9.4200,NaN,-34.3145
0.09,1000,1,0.075,0.01,0.0001,160,1.2,9.8000,NaN,-34.3276
0.09,1000,1,0.075,0.01,0.0003,16,0.7,9.6200,NaN,-37.0429
0.09,1000,1,0.075,0.01,0.0003,16,0.9,9.8800,NaN,-37.0682
0.09,1000,1,0.075,0.01,0.0003,16,1.2,10.2600,NaN,-37.1061
0.09,1000,1,0.075,0.01,0.0003,45,0.7,9.2800,NaN,-35.6692
0.09,1000,1,0.075,0.01,0.0003,45,0.9,9.5200,NaN,-35.6949
0.09,1000,1,0.075,0.01,0.0003,45,1.2,9.9000,NaN,-35.7333
0.09,1000,1,0.075,0.01,0.0003,160,0.7,9.1200,NaN,-35.1130
0.09,1000,1,0.075,0.01,0.0003,160,0.9,9.3600,NaN,-35.1387
0.09,1000,1,0.075,0.01,0.0003,160,1.2,9.7400,NaN,-35.1774
0.09,1000,1,0.075,0.01,0.002,16,0.7,9.1800,NaN,-43.5432
0.09,1000,1,0.075,0.01,0.002,16,0.9,9.4200,NaN,-43.6908
0.09,1000,1,0.075,0.01,0.002,16,1.2,9.7800,NaN,-43.9115
0.09,1000,1,0.075,0.01,0.002,45,0.7,8.8600,NaN,-42.0947
0.09,1000,1,0.075,0.01,0.002,45,0.9,9.0800,NaN,-42.2449
0.09,1000,1,0.075,0.01,0.002,45,1.2,9.4400,NaN,-42.4693
0.09,1000,1,0.075,0.01,0.002,160,0.7,8.7200,NaN,-41.5068
0.09,1000,1,0.075,0.01,0.002,160,0.9,8.9400,NaN,-41.6581
0.09,1000,1,0.075,0.01,0.002,160,1.2,9.3000,NaN,-41.8840
0.09,1000,1,0.1,0.0005,0.0001,16,0.7,13.1600,14.6000,-3.1583
0.09,1000,1,0.1,0.0005,0.0001,16,0.9,13.5000,14.9600,-3.1696
0.09,1000,1,0.1,0.0005,0.0001,16,1.2,14.0200,15.5200,-3.1865
0.09,1000,1,0.1,0.0005,0.0001,45,0.7,12.5200,13.8000,-3.0084
0.09,1000,1,0.1,0.0005,0.0001,45,0.9,12.8200,14.1400,-3.0197
0.09,1000,1,0.1,0.0005,0.0001,45,1.2,13.3200,14.6800,-3.0366
0.09,1000,1,0.1,0.0005,0.0001,160,0.7,12.2600,13.4800,-2.9488
0.09,1000,1,0.1,0.0005,0.0001,160,0.9,12.5600,13.8200,-2.9601
0.09,1000,1,0.1,0.0005,0.0001,160,1.2,13.0400,14.3600,-2.9770
0.09,1000,1,0.1,0.0005,0.0003,16,0.7,13.0600,15.2200,-4.5764
0.09,1000,1,0.1,0.0005,0.0003,16,0.9,13.4000,15.6200,-4.6095
0.09,1000,1,0.1,0.0005,0.0003,16,1.2,13.9000,16.2200,-4.6592
0.09,1000,1,0.1,0.0005,0.0003,45,0.7,12.4200,14.3600,-4.3765
0.09,1000,1,0.1,0.0005,0.0003,45,0.9,12.7400,14.7200,-4.4097
0.09,1000,1,0.1,0.0005,0.0003,45,1.2,13.2200,15.3000,-4.4594
0.09,1000,1,0.1,0.0005,0.0003,160,0.7,12.1600,14.0200,-4.2970
0.09,1000,1,0.1,0.0005,0.0003,160,0.9,12.4600,14.3800,-4.3303
0.09,1000,1,0.1,0.0005,0.0003,160,1.2,12.9400,14.9400,-4.3800
0.09,1000,1,0.1,0.0005,0.002,16,0.7,12.2600,NaN,-15.5397
0.09,1000,1,0.1,0.0005,0.002,16,0.9,12.5600,NaN,-15.7259
0.09,1000,1,0.1,0.0005,0.002,16,1.2,13.0200,NaN,-16.0042
0.09,1000,1,0.1,0.0005,0.002,45,0.7,11.7000,NaN,-14.9885
0.09,1000,1,0.1,0.0005,0.002,45,0.9,11.9800,NaN,-15.1762
0.09,1000,1,0.1,0.0005,0.002,45,1.2,12.4200,NaN,-15.4568
0.09,1000,1,0.1,0.0005,0.002,160,0.7,11.4600,NaN,-14.7686
0.09,1000,1,0.1,0.0005,0.002,160,0.9,11.7400,NaN,-14.9569
0.09,1000,1,0.1,0.0005,0.002,160,1.2,12.1800,NaN,-15.2383
0.09,1000,1,0.1,0.002,0.0001,16,0.7,12.4800,19.8400,-9.8832
0.09,1000,1,0.1,0.002,0.0001,16,0.9,12.7800,20.3400,-9.8939
0.09,1000,1,0.1,0.002,0.0001,16,1.2,13.2800,21.1000,-9.9100
0.09,1000,1,0.1,0.002,0.0001,45,0.7,11.8800,18.1800,-9.4172
0.09,1000,1,0.1,0.002,0.0001,45,0.9,12.1800,18.6400,-9.4280
0.09,1000,1,0.1,0.002,0.0001,45,1.2,12.6600,19.3400,-9.4441
0.09,1000,1,0.1,0.002,0.0001,160,0.7,11.6400,17.5600,-9.2314
0.09,1000,1,0.1,0.002,0.0001,160,0.9,11.9400,18.0000,-9.2422
0.09,1000,1,0.1,0.002,0.0001,160,1.2,12.4200,18.7000,-9.2583
0.09,1000,1,0.1,0.002,0.0003,16,0.7,12.3800,22.3200,-11.1796
0.09,1000,1,0.1,0.002,0.0003,16,0.9,12.7000,22.9200,-11.2111
0.09,1000,1,0.1,0.002,0.0003,16,1.2,13.1800,23.8800,-11.2584
0.09,1000,1,0.1,0.002,0.0003,45,0.7,11.8000,20.0400,-10.6742
0.09,1000,1,0.1,0.002,0.0003,45,0.9,12.1000,20.5800,-10.7058
0.09,1000,1,0.1,0.002,0.0003,45,1.2,12.5600,21.4200,-10.7533
0.09,1000,1,0.1,0.002,0.0003,160,0.7,11.5600,19.2400,-10.4725
0.09,1000,1,0.1,0.002,0.0003,160,0.9,11.8600,19.7600,-10.5042
0.09,1000,1,0.1,0.002,0.0003,160,1.2,12.3200,20.5800,-10.5518
0.09,1000,1,0.1,0.002,0.002,16,0.7,11.6600,NaN,-21.2378
0.09,1000,1,0.1,0.002,0.002,16,0.9,11.9400,NaN,-21.4161
0.09,1000,1,0.1,0.002,0.002,16,1.2,12.3800,NaN,-21.6827
0.09,1000,1,0.1,0.002,0.002,45,0.7,11.1400,NaN,-20.4552
0.09,1000,1,0.1,0.002,0.002,45,0.9,11.4200,NaN,-20.6353
0.09,1000,1,0.1,0.002,0.002,45,1.2,11.8400,NaN,-20.9045
0.09,1000,1,0.1,0.002,0.002,160,0.7,10.9400,NaN,-20.1418
0.09,1000,1,0.1,0.002,0.002,160,0.9,11.2000,NaN,-20.3227
0.09,1000,1,0.1,0.002,0.002,160,1.2,11.6200,NaN,-20.5929
0.09,1000,1,0.1,0.01,0.0001,16,0.7,9.7400,NaN,-36.2449
0.09,1000,1,0.1,0.01,0.0001,16,0.9,10.0000,NaN,-36.2534
0.09,1000,1,0.1,0.01,0.0001,16,1.2,10.4000,NaN,-36.2663
0.09,1000,1,0.1,0.01,0.0001,45,0.7,9.3800,NaN,-34.8825
0.09,1000,1,0.1,0.01,0.0001,45,0.9,9.6400,NaN,-34.8911
0.09,1000,1,0.1,0.01,0.0001,45,1.2,10.0200,NaN,-34.9041
0.09,1000,1,0.1,0.01,0.0001,160,0.7,9.2400,NaN,-34.3310
0.09,1000,1,0.1,0.01,0.0001,160,0.9,9.4800,NaN,-34.3397
0.09,1000,1,0.1,0.01,0.0001,160,1.2,9.8800,NaN,-34.3527
0.09,1000,1,0.1,0.01,0.0003,16,0.7,9.6800,NaN,-37.1159
0.09,1000,1,0.1,0.01,0.0003,16,0.9,9.9400,NaN,-37.1411
0.09,1000,1,0.1,0.01,0.0003,16,1.2,10.3400,NaN,-37.1790
0.09,1000,1,0.1,0.01,0.0003,45,0.7,9.3200,NaN,-35.7432
0.09,1000,1,0.1,0.01,0.0003,45,0.9,9.5800,NaN,-35.7688
0.09,1000,1,0.1,0.01,0.0003,45,1.2,9.9600,NaN,-35.8071
0.09,1000,1,0.1,0.01,0.0003,160,0.7,9.1800,NaN,-35.1874
0.09,1000,1,0.1,0.01,0.0003,160,0.9,9.4200,NaN,-35.2131
0.09,1000,1,0.1,0.01,0.0003,160,1.2,9.8200,NaN,-35.2516
0.09,1000,1,0.1,0.01,0.002,16,0.7,9.2400,NaN,-43.9685
0.09,1000,1,0.1,0.01,0.002,16,0.9,9.4600,NaN,-44.1149
0.09,1000,1,0.1,0.01,0.002,16,1.2,9.8400,NaN,-44.3336
0.09,1000,1,0.1,0.01,0.002,45,0.7,8.9000,NaN,-42.5273
0.09,1000,1,0.1,0.01,0.002,45,0.9,9.1400,NaN,-42.6762
0.09,1000,1,0.1,0.01,0.002,45,1.2,9.5000,NaN,-42.8986
0.09,1000,1,0.1,0.01,0.002,160,0.7,8.7800,NaN,-41.9424
0.09,1000,1,0.1,0.01,0.002,160,0.9,9.0000,NaN,-42.0923
0.09,1000,1,0.1,0.01,0.002,160,1.2,9.3600,NaN,-42.3162
0.09,1000,1,0.15,0.0005,0.0001,16,0.7,13.3000,14.7600,-3.2234
0.09,1000,1,0.15,0.0005,0.0001,16,0.9,13.6400,15.1400,-3.2347
0.09,1000,1,0.15,0.0005,0.0001,16,1.2,14.1800,15.7400,-3.2516
0.09,1000,1,0.15,0.0005,0.0001,45,0.7,12.6400,13.9600,-3.0736
0.09,1000,1,0.15,0.0005,0.0001,45,0.9,12.9800,14.3200,-3.0848
0.09,1000,1,0.15,0.0005,0.0001,45,1.2,13.5000,14.9000,-3.1018
0.09,1000,1,0.15,0.0005,0.0001,160,0.7,12.3800,13.6400,-3.0140
0.09,1000,1,0.15,0.0005,0.0001,160,0.9,12.7000,14.0000,-3.0253
0.09,1000,1,0.15,0.0005,0.0001,160,1.2,13.2200,14.5600,-3.0422
0.09,1000,1,0.15,0.0005,0.0003,16,0.7,13.1800,15.4600,-4.7675
0.09,1000,1,0.15,0.0005,0.0003,16,0.9,13.5400,15.8800,-4.8005
0.09,1000,1,0.15,0.0005,0.0003,16,1.2,14.0600,16.5200,-4.8500
0.09,1000,1,0.15,0.0005,0.0003,45,0.7,12.5400,14.5800,-4.5680
0.09,1000,1,0.15,0.0005,0.0003,45,0.9,12.8800,14.9800,-4.6011
0.09,1000,1,0.15,0.0005,0.0003,45,1.2,13.3800,15.6000,-4.6507
0.09,1000,1,0.15,0.0005,0.0003,160,0.7,12.2800,14.2400,-4.4887
0.09,1000,1,0.15,0.0005,0.0003,160,0.9,12.6000,14.6400,-4.5218
0.09,1000,1,0.15,0.0005,0.0003,160,1.2,13.1200,15.2400,-4.5715
0.09,1000,1,0.15,0.0005,0.002,16,0.7,12.3800,NaN,-16.6081
0.09,1000,1,0.15,0.0005,0.002,16,0.9,12.6800,NaN,-16.7911
0.09,1000,1,0.15,0.0005,0.002,16,1.2,13.1600,NaN,-17.0647
0.09,1000,1,0.15,0.0005,0.002,45,0.7,11.8000,NaN,-16.0654
0.09,1000,1,0.15,0.0005,0.002,45,0.9,12.1000,NaN,-16.2499
0.09,1000,1,0.15,0.0005,0.002,45,1.2,12.5600,NaN,-16.5256
0.09,1000,1,0.15,0.0005,0.002,160,0.7,11.5800,NaN,-15.8489
0.09,1000,1,0.15,0.0005,0.002,160,0.9,11.8600,NaN,-16.0339
0.09,1000,1,0.15,0.0005,0.002,160,1.2,12.3200,NaN,-16.3105
0.09,1000,1,0.15,0.002,0.0001,16,0.7,12.6000,20.1000,-9.9451
0.09,1000,1,0.15,0.002,0.0001,16,0.9,12.9200,20.6200,-9.9558
0.09,1000,1,0.15,0.002,0.0001,16,1.2,13.4400,21.4400,-9.9718
0.09,1000,1,0.15,0.002,0.0001,45,0.7,12.0000,18.4200,-9.4794
0.09,1000,1,0.15,0.002,0.0001,45,0.9,12.3200,18.9000,-9.4901
0.09,1000,1,0.15,0.002,0.0001,45,1.2,12.8200,19.6400,-9.5062
0.09,1000,1,0.15,0.002,0.0001,160,0.7,11.7600,17.8000,-9.2937
0.09,1000,1,0.15,0.002,0.0001,160,0.9,12.0800,18.2600,-9.3044
0.09,1000,1,0.15,0.002,0.0001,160,1.2,12.5800,18.9800,-9.3206
0.09,1000,1,0.15,0.002,0.0003,16,0.7,12.5000,23.0000,-11.3615
0.09,1000,1,0.15,0.002,0.0003,16,0.9,12.8200,23.6400,-11.3929
0.09,1000,1,0.15,0.002,0.0003,16,1.2,13.3400,24.6600,-11.4401
0.09,1000,1,0.15,0.002,0.0003,45,0.7,11.9200,20.5800,-10.8569
0.09,1000,1,0.15,0.002,0.0003,45,0.9,12.2400,21.1600,-10.8884
0.09,1000,1,0.15,0.002,0.0003,45,1.2,12.7400,22.0600,-10.9358
0.09,1000,1,0.15,0.002,0.0003,160,0.7,11.6800,19.7400,-10.6556
0.09,1000,1,0.15,0.002,0.0003,160,0.9,12.0000,20.3000,-10.6872
0.09,1000,1,0.15,0.002,0.0003,160,1.2,12.4800,21.1600,-10.7346
0.09,1000,1,0.15,0.002,0.002,16,0.7,11.7600,NaN,-22.2610
0.09,1000,1,0.15,0.002,0.002,16,0.9,12.0600,NaN,-22.4364
0.09,1000,1,0.15,0.002,0.002,16,1.2,12.5200,NaN,-22.6983
0.09,1000,1,0.15,0.002,0.002,45,0.7,11.2400,NaN,-21.4884
0.09,1000,1,0.15,0.002,0.002,45,0.9,11.5400,NaN,-21.6655
0.09,1000,1,0.15,0.002,0.002,45,1.2,11.9800,NaN,-21.9300
0.09,1000,1,0.15,0.002,0.002,160,0.7,11.0400,NaN,-21.1791
0.09,1000,1,0.15,0.002,0.002,160,0.9,11.3200,NaN,-21.3568
0.09,1000,1,0.15,0.002,0.002,160,1.2,11.7600,NaN,-21.6224
0.09,1000,1,0.15,0.01,0.0001,16,0.7,9.8400,NaN,-36.2943
0.09,1000,1,0.15,0.01,0.0001,16,0.9,10.1200,NaN,-36.3028
0.09,1000,1,0.15,0.01,0.0001,16,1.2,10.5600,NaN,-36.3157
0.09,1000,1,0.15,0.01,0.0001,45,0.7,9.4800,NaN,-34.9325
0.09,1000,1,0.15,0.01,0.0001,45,0.9,9.7600,NaN,-34.9412
0.09,1000,1,0.15,0.01,0.0001,45,1.2,10.1800,NaN,-34.9542
0.09,1000,1,0.15,0.01,0.0001,160,0.7,9.3400,NaN,-34.3813
0.09,1000,1,0.15,0.01,0.0001,160,0.9,9.6200,NaN,-34.3900
0.09,1000,1,0.15,0.01,0.0001,160,1.2,10.0400,NaN,-34.4031
0.09,1000,1,0.15,0.01,0.0003,16,0.7,9.7800,NaN,-37.2615
0.09,1000,1,0.15,0.01,0.0003,16,0.9,10.0600,NaN,-37.2867
0.09,1000,1,0.15,0.01,0.0003,16,1.2,10.5000,NaN,-37.3244
0.09,1000,1,0.15,0.01,0.0003,45,0.7,9.4400,NaN,-35.8908
0.09,1000,1,0.15,0.01,0.0003,45,0.9,9.7000,NaN,-35.9163
0.09,1000,1,0.15,0.01,0.0003,45,1.2,10.1200,NaN,-35.9546
0.09,1000,1,0.15,0.01,0.0003,160,0.7,9.2800,NaN,-35.3358
0.09,1000,1,0.15,0.01,0.0003,160,0.9,9.5600,NaN,-35.3614
0.09,1000,1,0.15,0.01,0.0003,160,1.2,9.9800,NaN,-35.3999
0.09,1000,1,0.15,0.01,0.002,16,0.7,9.3200,NaN,-44.8081
0.09,1000,1,0.15,0.01,0.002,16,0.9,9.5800,NaN,-44.9520
0.09,1000,1,0.15,0.01,0.002,16,1.2,9.9800,NaN,-45.1669
0.09,1000,1,0.15,0.01,0.002,45,0.7,9.0000,NaN,-43.3812
0.09,1000,1,0.15,0.01,0.002,45,0.9,9.2400,NaN,-43.5275
0.09,1000,1,0.15,0.01,0.002,45,1.2,9.6400,NaN,-43.7460
0.09,1000,1,0.15,0.01,0.002,160,0.7,8.8600,NaN,-42.8021
0.09,1000,1,0.15,0.01,0.002,160,0.9,9.1200,NaN,-42.9493
0.09,1000,1,0.15,0.01,0.002,160,1.2,9.5000,NaN,-43.1694
0.09,4000,0.3,0.075,0.0005,0.0001,16,0.7,6.4200,6.7400,-1.5962
0.09,4000,0.3,0.075,0.0005,0.0001,16,0.9,6.6000,6.9400,-1.6076
0.09,4000,0.3,0.075,0.0005,0.0001,16,1.2,6.9000,7.2600,-1.6248
0.09,4000,0.3,0.075,0.0005,0.0001,45,0.7,5.2000,5.4000,-1.3155
0.09,4000,0.3,0.075,0.0005,0.0001,45,0.9,5.3600,5.5800,-1.3269
0.09,4000,0.3,0.075,0.0005,0.0001,45,1.2,5.6200,5.8400,-1.3441
0.09,4000,0.3,0.075,0.0005,0.0001,160,0.7,4.7000,4.8800,-1.2038
0.09,4000,0.3,0.075,0.0005,0.0001,160,0.9,4.8600,5.0400,-1.2153
0.09,4000,0.3,0.075,0.0005,0.0001,160,1.2,5.1000,5.3000,-1.2325
0.09,4000,0.3,0.075,0.0005,0.0003,16,0.7,6.4000,6.9000,-2.4326
0.09,4000,0.3,0.075,0.0005,0.0003,16,0.9,6.5800,7.1000,-2.4665
0.09,4000,0.3,0.075,0.0005,0.0003,16,1.2,6.8800,7.4200,-2.5173
0.09,4000,0.3,0.075,0.0005,0.0003,45,0.7,5.1800,5.5000,-2.0550
0.09,4000,0.3,0.075,0.0005,0.0003,45,0.9,5.3400,5.6800,-2.0890
0.09,4000,0.3,0.075,0.0005,0.0003,45,1.2,5.6000,5.9600,-2.1399
0.09,4000,0.3,0.075,0.0005,0.0003,160,0.7,4.7000,4.9600,-1.9046
0.09,4000,0.3,0.075,0.0005,0.0003,160,0.9,4.8400,5.1400,-1.9387
0.09,4000,0.3,0.075,0.0005,0.0003,160,1.2,5.0800,5.4000,-1.9897
0.09,4000,0.3,0.075,0.0005,0.002,16,0.7,6.2000,8.8600,-9.1540
0.09,4000,0.3,0.075,0.0005,0.002,16,0.9,6.3600,9.2000,-9.3579
0.09,4000,0.3,0.075,0.0005,0.002,16,1.2,6.6400,9.7600,-9.6627
0.09,4000,0.3,0.075,0.0005,0.002,45,0.7,5.0400,6.7600,-8.0363
0.09,4000,0.3,0.075,0.0005,0.002,45,0.9,5.2000,7.0200,-8.2434
0.09,4000,0.3,0.075,0.0005,0.002,45,1.2,5.4400,7.4600,-8.5528
0.09,4000,0.3,0.075,0.0005,0.002,160,0.7,4.5800,6.0000,-7.5876
0.09,4000,0.3,0.075,0.0005,0.002,160,0.9,4.7200,6.2400,-7.7960
0.09,4000,0.3,0.075,0.0005,0.002,160,1.2,4.9600,6.6200,-8.1073
0.09,4000,0.3,0.075,0.002,0.0001,16,0.7,6.2600,7.4400,-4.9761
0.09,4000,0.3,0.075,0.002,0.0001,16,0.9,6.4400,7.6600,-4.9872
0.09,4000,0.3,0.075,0.002,0.0001,16,1.2,6.7200,8.0000,-5.0039
0.09,4000,0.3,0.075,0.002,0.0001,45,0.7,5.0800,5.8200,-4.0505
0.09,4000,0.3,0.075,0.002,0.0001,45,0.9,5.2400,6.0000,-4.0617
0.09,4000,0.3,0.075,0.002,0.0001,45,1.2,5.5000,6.3000,-4.0786
0.09,4000,0.3,0.075,0.002,0.0001,160,0.7,4.6200,5.2200,-3.6796
0.09,4000,0.3,0.075,0.002,0.0001,160,0.9,4.7600,5.3800,-3.6909
0.09,4000,0.3,0.075,0.002,0.0001,160,1.2,5.0200,5.6600,-3.7078
0.09,4000,0.3,0.075,0.002,0.0003,16,0.7,6.2400,7.6600,-5.7790
0.09,4000,0.3,0.075,0.002,0.0003,16,0.9,6.4200,7.8800,-5.8121
0.09,4000,0.3,0.075,0.002,0.0003,16,1.2,6.7000,8.2400,-5.8616
0.09,4000,0.3,0.075,0.002,0.0003,45,0.7,5.0800,5.9600,-4.7669
0.09,4000,0.3,0.075,0.002,0.0003,45,0.9,5.2200,6.1600,-4.8003
0.09,4000,0.3,0.075,0.002,0.0003,45,1.2,5.4800,6.4600,-4.8502
0.09,4000,0.3,0.075,0.002,0.0003,160,0.7,4.6000,5.3200,-4.3610
0.09,4000,0.3,0.075,0.002,0.0003,160,0.9,4.7600,5.5000,-4.3944
0.09,4000,0.3,0.075,0.002,0.0003,160,1.2,5.0000,5.7800,-4.4446
0.09,4000,0.3,0.075,0.002,0.002,16,0.7,6.0400,11.7800,-12.2372
0.09,4000,0.3,0.075,0.002,0.002,16,0.9,6.2000,12.4800,-12.4365
0.09,4000,0.3,0.075,0.002,0.002,16,1.2,6.4800,13.7600,-12.7343
0.09,4000,0.3,0.075,0.002,0.002,45,0.7,4.9400,7.9200,-10.5647
0.09,4000,0.3,0.075,0.002,0.002,45,0.9,5.0800,8.2600,-10.7679
0.09,4000,0.3,0.075,0.002,0.002,45,1.2,5.3400,8.8600,-11.0716
0.09,4000,0.3,0.075,0.002,0.002,160,0.7,4.5000,6.8200,-9.8886
0.09,4000,0.3,0.075,0.002,0.002,160,0.9,4.6400,7.1200,-10.0935
0.09,4000,0.3,0.075,0.002,0.002,160,1.2,4.8600,7.6000,-10.3995
0.09,4000,0.3,0.075,0.01,0.0001,16,0.7,5.5000,NaN,-20.3305
0.09,4000,0.3,0.075,0.01,0.0001,16,0.9,5.6600,NaN,-20.3404
0.09,4000,0.3,0.075,0.01,0.0001,16,1.2,5.9400,NaN,-20.3552
0.09,4000,0.3,0.075,0.01,0.0001,45,0.7,4.5800,NaN,-16.8490
0.09,4000,0.3,0.075,0.01,0.0001,45,0.9,4.7400,NaN,-16.8592
0.09,4000,0.3,0.075,0.01,0.0001,45,1.2,4.9800,NaN,-16.8744
0.09,4000,0.3,0.075,0.01,0.0001,160,0.7,4.2000,NaN,-15.4053
0.09,4000,0.3,0.075,0.01,0.0001,160,0.9,4.3400,NaN,-15.4156
0.09,4000,0.3,0.075,0.01,0.0001,160,1.2,4.5800,NaN,-15.4310
0.09,4000,0.3,0.075,0.01,0.0003,16,0.7,5.4800,NaN,-20.9897
0.09,4000,0.3,0.075,0.01,0.0003,16,0.9,5.6400,NaN,-21.0190
0.09,4000,0.3,0.075,0.01,0.0003,16,1.2,5.9200,NaN,-21.0629
0.09,4000,0.3,0.075,0.01,0.0003,45,0.7,4.5600,NaN,-17.4618
0.09,4000,0.3,0.075,0.01,0.0003,45,0.9,4.7200,NaN,-17.4920
0.09,4000,0.3,0.075,0.01,0.0003,45,1.2,4.9600,NaN,-17.5373
0.09,4000,0.3,0.075,0.01,0.0003,160,0.7,4.1800,NaN,-15.9978
0.09,4000,0.3,0.075,0.01,0.0003,160,0.9,4.3400,NaN,-16.0284
0.09,4000,0.3,0.075,0.01,0.0003,160,1.2,4.5600,NaN,-16.0743
0.09,4000,0.3,0.075,0.01,0.002,16,0.7,5.3200,NaN,-26.3124
0.09,4000,0.3,0.075,0.01,0.002,16,0.9,5.4800,NaN,-26.4905
0.09,4000,0.3,0.075,0.01,0.002,16,1.2,5.7400,NaN,-26.7566
0.09,4000,0.3,0.075,0.01,0.002,45,0.7,4.4600,NaN,-22.4347
0.09,4000,0.3,0.075,0.01,0.002,45,0.9,4.6000,NaN,-22.6198
0.09,4000,0.3,0.075,0.01,0.002,45,1.2,4.8200,NaN,-22.8964
0.09,4000,0.3,0.075,0.01,0.002,160,0.7,4.1000,NaN,-20.8156
0.09,4000,0.3,0.075,0.01,0.002,160,0.9,4.2400,NaN,-21.0037
0.09,4000,0.3,0.075,0.01,0.002,160,1.2,4.4600,NaN,-21.2847
0.09,4000,0.3,0.1,0.0005,0.0001,16,0.7,6.4600,6.8000,-1.6292
0.09,4000,0.3,0.1,0.0005,0.0001,16,0.9,6.6600,7.0000,-1.6406
0.09,4000,0.3,0.1,0.0005,0.0001,16,1.2,6.9800,7.3400,-1.6578
0.09,4000,0.3,0.1,0.0005,0.0001,45,0.7,5.2400,5.4600,-1.3486
0.09,4000,0.3,0.1,0.0005,0.0001,45,0.9,5.4200,5.6400,-1.3600
0.09,4000,0.3,0.1,0.0005,0.0001,45,1.2,5.6800,5.9200,-1.3772
0.09,4000,0.3,0.1,0.0005,0.0001,160,0.7,4.7600,4.9200,-1.2369
0.09,4000,0.3,0.1,0.0005,0.0001,160,0.9,4.9200,5.1000,-1.2484
0.09,4000,0.3,0.1,0.0005,0.0001,160,1.2,5.1800,5.3800,-1.2656
0.09,4000,0.3,0.1,0.0005,0.0003,16,0.7,6.4400,6.9600,-2.5304
0.09,4000,0.3,0.1,0.0005,0.0003,16,0.9,6.6400,7.1800,-2.5642
0.09,4000,0.3,0.1,0.0005,0.0003,16,1.2,6.9400,7.5200,-2.6149
0.09,4000,0.3,0.1,0.0005,0.0003,45,0.7,5.2200,5.5600,-2.1532
0.09,4000,0.3,0.1,0.0005,0.0003,45,0.9,5.4000,5.7600,-2.1871
0.09,4000,0.3,0.1,0.0005,0.0003,45,1.2,5.6600,6.0600,-2.2380
0.09,4000,0.3,0.1,0.0005,0.0003,160,0.7,4.7400,5.0200,-2.0029
0.09,4000,0.3,0.1,0.0005,0.0003,160,0.9,4.9000,5.2000,-2.0369
0.09,4000,0.3,0.1,0.0005,0.0003,160,1.2,5.1600,5.4800,-2.0879
0.09,4000,0.3,0.1,0.0005,0.002,16,0.7,6.2400,9.2400,-9.7415
0.09,4000,0.3,0.1,0.0005,0.002,16,0.9,6.4200,9.6200,-9.9436
0.09,4000,0.3,0.1,0.0005,0.002,16,1.2,6.7000,10.2400,-10.2456
0.09,4000,0.3,0.1,0.0005,0.002,45,0.7,5.0800,7.0200,-8.6328
0.09,4000,0.3,0.1,0.0005,0.002,45,0.9,5.2400,7.3200,-8.8380
0.09,4000,0.3,0.1,0.0005,0.002,45,1.2,5.5000,7.7800,-9.1447
0.09,4000,0.3,0.1,0.0005,0.002,160,0.7,4.6200,6.2200,-8.1878
0.09,4000,0.3,0.1,0.0005,0.002,160,0.9,4.7800,6.4800,-8.3943
0.09,4000,0.3,0.1,0.0005,0.002,160,1.2,5.0200,6.9000,-8.7028
0.09,4000,0.3,0.1,0.002,0.0001,16,0.7,6.3000,7.5000,-5.0083
0.09,4000,0.3,0.1,0.002,0.0001,16,0.9,6.5000,7.7400,-5.0194
0.09,4000,0.3,0.1,0.002,0.0001,16,1.2,6.8000,8.0800,-5.0361
0.09,4000,0.3,0.1,0.002,0.0001,45,0.7,5.1400,5.8800,-4.0830
0.09,4000,0.3,0.1,0.002,0.0001,45,0.9,5.3000,6.0800,-4.0942
0.09,4000,0.3,0.1,0.002,0.0001,45,1.2,5.5800,6.3800,-4.1110
0.09,4000,0.3,0.1,0.002,0.0001,160,0.7,4.6600,5.2600,-3.7122
0.09,4000,0.3,0.1,0.002,0.0001,160,0.9,4.8200,5.4400,-3.7234
0.09,4000,0.3,0.1,0.002,0.0001,160,1.2,5.0800,5.7400,-3.7403
0.09,4000,0.3,0.1,0.002,0.0003,16,0.7,6.2800,7.7400,-5.8744
0.09,4000,0.3,0.1,0.002,0.0003,16,0.9,6.4600,7.9800,-5.9074
0.09,4000,0.3,0.1,0.002,0.0003,16,1.2,6.7800,8.3600,-5.9569
0.09,4000,0.3,0.1,0.002,0.0003,45,0.7,5.1200,6.0400,-4.8632
0.09,4000,0.3,0.1,0.002,0.0003,45,0.9,5.2800,6.2400,-4.8964
0.09,4000,0.3,0.1,0.002,0.0003,45,1.2,5.5600,6.5600,-4.9463
0.09,4000,0.3,0.1,0.002,0.0003,160,0.7,4.6400,5.4000,-4.4575
0.09,4000,0.3,0.1,0.002,0.0003,160,0.9,4.8000,5.5800,-4.4909
0.09,4000,0.3,0.1,0.002,0.0003,160,1.2,5.0600,5.8800,-4.5410
0.09,4000,0.3,0.1,0.002,0.002,16,0.7,6.0800,13.2200,-12.8113
0.09,4000,0.3,0.1,0.002,0.002,16,0.9,6.2600,14.3200,-13.0089
0.09,4000,0.3,0.1,0.002,0.002,16,1.2,6.5400,16.7400,-13.3040
0.09,4000,0.3,0.1,0.002,0.002,45,0.7,4.9800,8.3800,-11.1501
0.09,4000,0.3,0.1,0.002,0.002,45,0.9,5.1400,8.8000,-11.3515
0.09,4000,0.3,0.1,0.002,0.002,45,1.2,5.4000,9.4800,-11.6525
0.09,4000,0.3,0.1,0.002,0.002,160,0.7,4.5400,7.1800,-10.4787
0.09,4000,0.3,0.1,0.002,0.002,160,0.9,4.6800,7.5000,-10.6817
0.09,4000,0.3,0.1,0.002,0.002,160,1.2,4.9200,8.0600,-10.9850
0.09,4000,0.3,0.1,0.01,0.0001,16,0.7,5.5400,NaN,-20.3591
0.09,4000,0.3,0.1,0.01,0.0001,16,0.9,5.7200,NaN,-20.3689
0.09,4000,0.3,0.1,0.01,0.0001,16,1.2,6.0000,NaN,-20.3837
0.09,4000,0.3,0.1,0.01,0.0001,45,0.7,4.6200,NaN,-16.8784
0.09,4000,0.3,0.1,0.01,0.0001,45,0.9,4.7800,NaN,-16.8885
0.09,4000,0.3,0.1,0.01,0.0001,45,1.2,5.0400,NaN,-16.9038
0.09,4000,0.3,0.1,0.01,0.0001,160,0.7,4.2400,NaN,-15.4351
0.09,4000,0.3,0.1,0.01,0.0001,160,0.9,4.4000,NaN,-15.4453
0.09,4000,0.3,0.1,0.01,0.0001,160,1.2,4.6400,NaN,-15.4608
0.09,4000,0.3,0.1,0.01,0.0003,16,0.7,5.5200,NaN,-21.0743
0.09,4000,0.3,0.1,0.01,0.0003,16,0.9,5.7000,NaN,-21.1036
0.09,4000,0.3,0.1,0.01,0.0003,16,1.2,5.9800,NaN,-21.1475
0.09,4000,0.3,0.1,0.01,0.0003,45,0.7,4.6200,NaN,-17.5491
0.09,4000,0.3,0.1,0.01,0.0003,45,0.9,4.7800,NaN,-17.5792
0.09,4000,0.3,0.1,0.01,0.0003,45,1.2,5.0200,NaN,-17.6245
0.09,4000,0.3,0.1,0.01,0.0003,160,0.7,4.2400,NaN,-16.0861
0.09,4000,0.3,0.1,0.01,0.0003,160,0.9,4.3800,NaN,-16.1167
0.09,4000,0.3,0.1,0.01,0.0003,160,1.2,4.6400,NaN,-16.1625
0.09,4000,0.3,0.1,0.01,0.002,16,0.7,5.3600,NaN,-26.8254
0.09,4000,0.3,0.1,0.01,0.002,16,0.9,5.5400,NaN,-27.0020
0.09,4000,0.3,0.1,0.01,0.002,16,1.2,5.8000,NaN,-27.2657
0.09,4000,0.3,0.1,0.01,0.002,45,0.7,4.5000,NaN,-22.9679
0.09,4000,0.3,0.1,0.01,0.002,45,0.9,4.6400,NaN,-23.1514
0.09,4000,0.3,0.1,0.01,0.002,45,1.2,4.9000,NaN,-23.4255
0.09,4000,0.3,0.1,0.01,0.002,160,0.7,4.1400,NaN,-21.3573
0.09,4000,0.3,0.1,0.01,0.002,160,0.9,4.2800,NaN,-21.5437
0.09,4000,0.3,0.1,0.01,0.002,160,1.2,4.5200,NaN,-21.8222
0.09,4000,0.3,0.15,0.0005,0.0001,16,0.7,6.5600,6.9200,-1.6952
0.09,4000,0.3,0.15,0.0005,0.0001,16,0.9,6.7800,7.1400,-1.7066
0.09,4000,0.3,0.15,0.0005,0.0001,16,1.2,7.1200,7.5000,-1.7237
0.09,4000,0.3,0.15,0.0005,0.0001,45,0.7,5.3400,5.5600,-1.4147
0.09,4000,0.3,0.15,0.0005,0.0001,45,0.9,5.5200,5.7600,-1.4261
0.09,4000,0.3,0.15,0.0005,0.0001,45,1.2,5.8400,6.0800,-1.4433
0.09,4000,0.3,0.15,0.0005,0.0001,160,0.7,4.8400,5.0400,-1.3031
0.09,4000,0.3,0.15,0.0005,0.0001,160,0.9,5.0200,5.2200,-1.3146
0.09,4000,0.3,0.15,0.0005,0.0001,160,1.2,5.3200,5.5400,-1.3317
0.09,4000,0.3,0.15,0.0005,0.0003,16,0.7,6.5400,7.1000,-2.7256
0.09,4000,0.3,0.15,0.0005,0.0003,16,0.9,6.7600,7.3400,-2.7593
0.09,4000,0.3,0.15,0.0005,0.0003,16,1.2,7.1000,7.7200,-2.8098
0.09,4000,0.3,0.15,0.0005,0.0003,45,0.7,5.3200,5.7000,-2.3490
0.09,4000,0.3,0.15,0.0005,0.0003,45,0.9,5.5000,5.9000,-2.3829
0.09,4000,0.3,0.15,0.0005,0.0003,45,1.2,5.8200,6.2400,-2.4336
0.09,4000,0.3,0.15,0.0005,0.0003,160,0.7,4.8200,5.1400,-2.1991
0.09,4000,0.3,0.15,0.0005,0.0003,160,0.9,5.0200,5.3400,-2.2330
0.09,4000,0.3,0.15,0.0005,0.0003,160,1.2,5.3000,5.6600,-2.2838
0.09,4000,0.3,0.15,0.0005,0.002,16,0.7,6.3200,10.2000,-10.9007
0.09,4000,0.3,0.15,0.0005,0.002,16,0.9,6.5200,10.6600,-11.0992
0.09,4000,0.3,0.15,0.0005,0.002,16,1.2,6.8400,11.4200,-11.3959
0.09,4000,0.3,0.15,0.0005,0.002,45,0.7,5.1600,7.6400,-9.8098
0.09,4000,0.3,0.15,0.0005,0.002,45,0.9,5.3400,7.9800,-10.0114
0.09,4000,0.3,0.15,0.0005,0.002,45,1.2,5.6200,8.5400,-10.3126
0.09,4000,0.3,0.15,0.0005,0.002,160,0.7,4.7000,6.7600,-9.3720
0.09,4000,0.3,0.15,0.0005,0.002,160,0.9,4.8800,7.0600,-9.5748
0.09,4000,0.3,0.15,0.0005,0.002,160,1.2,5.1400,7.5600,-9.8778
0.09,4000,0.3,0.15,0.002,0.0001,16,0.7,6.4000,7.6400,-5.0726
0.09,4000,0.3,0.15,0.002,0.0001,16,0.9,6.6200,7.8800,-5.0837
0.09,4000,0.3,0.15,0.002,0.0001,16,1.2,6.9600,8.2800,-5.1004
0.09,4000,0.3,0.15,0.002,0.0001,45,0.7,5.2200,6.0000,-4.1478
0.09,4000,0.3,0.15,0.002,0.0001,45,0.9,5.4200,6.2000,-4.1590
0.09,4000,0.3,0.15,0.002,0.0001,45,1.2,5.7200,6.5600,-4.1758
0.09,4000,0.3,0.15,0.002,0.0001,160,0.7,4.7600,5.3800,-3.7772
0.09,4000,0.3,0.15,0.002,0.0001,160,0.9,4.9400,5.5800,-3.7884
0.09,4000,0.3,0.15,0.002,0.0001,160,1.2,5.2400,5.9000,-3.8053
0.09,4000,0.3,0.15,0.002,0.0003,16,0.7,6.3800,7.9200,-6.0648
0.09,4000,0.3,0.15,0.002,0.0003,16,0.9,6.5800,8.1600,-6.0977
0.09,4000,0.3,0.15,0.002,0.0003,16,1.2,6.9200,8.5800,-6.1471
0.09,4000,0.3,0.15,0.002,0.0003,45,0.7,5.2000,6.1800,-5.0552
0.09,4000,0.3,0.15,0.002,0.0003,45,0.9,5.4000,6.4000,-5.0884
0.09,4000,0.3,0.15,0.002,0.0003,45,1.2,5.7000,6.7600,-5.1381
0.09,4000,0.3,0.15,0.002,0.0003,160,0.7,4.7400,5.5200,-4.6502
0.09,4000,0.3,0.15,0.002,0.0003,160,0.9,4.9200,5.7400,-4.6835
0.09,4000,0.3,0.15,0.002,0.0003,160,1.2,5.2200,6.0800,-4.7335
0.09,4000,0.3,0.15,0.002,0.002,16,0.7,6.1600,NaN,-13.9443
0.09,4000,0.3,0.15,0.002,0.002,16,0.9,6.3600,NaN,-14.1383
0.09,4000,0.3,0.15,0.002,0.002,16,1.2,6.6800,NaN,-14.4282
0.09,4000,0.3,0.15,0.002,0.002,45,0.7,5.0600,9.7600,-12.3053
0.09,4000,0.3,0.15,0.002,0.002,45,0.9,5.2400,10.3800,-12.5031
0.09,4000,0.3,0.15,0.002,0.002,45,1.2,5.5200,11.5000,-12.7987
0.09,4000,0.3,0.15,0.002,0.002,160,0.7,4.6200,8.1000,-11.6429
0.09,4000,0.3,0.15,0.002,0.002,160,0.9,4.7800,8.5600,-11.8422
0.09,4000,0.3,0.15,0.002,0.002,160,1.2,5.0600,9.3200,-12.1401
0.09,4000,0.3,0.15,0.01,0.0001,16,0.7,5.6400,NaN,-20.4161
0.09,4000,0.3,0.15,0.01,0.0001,16,0.9,5.8400,NaN,-20.4260
0.09,4000,0.3,0.15,0.01,0.0001,16,1.2,6.1600,NaN,-20.4408
0.09,4000,0.3,0.15,0.01,0.0001,45,0.7,4.7200,NaN,-16.9371
0.09,4000,0.3,0.15,0.01,0.0001,45,0.9,4.9000,NaN,-16.9473
0.09,4000,0.3,0.15,0.01,0.0001,45,1.2,5.2000,NaN,-16.9625
0.09,4000,0.3,0.15,0.01,0.0001,160,0.7,4.3400,NaN,-15.4945
0.09,4000,0.3,0.15,0.01,0.0001,160,0.9,4.5200,NaN,-15.5047
0.09,4000,0.3,0.15,0.01,0.0001,160,1.2,4.8000,NaN,-15.5202
0.09,4000,0.3,0.15,0.01,0.0003,16,0.7,5.6200,NaN,-21.2433
0.09,4000,0.3,0.15,0.01,0.0003,16,0.9,5.8200,NaN,-21.2725
0.09,4000,0.3,0.15,0.01,0.0003,16,1.2,6.1400,NaN,-21.3162
0.09,4000,0.3,0.15,0.01,0.0003,45,0.7,4.7000,NaN,-17.7232
0.09,4000,0.3,0.15,0.01,0.0003,45,0.9,4.8800,NaN,-17.7532
0.09,4000,0.3,0.15,0.01,0.0003,45,1.2,5.1800,NaN,-17.7983
0.09,4000,0.3,0.15,0.01,0.0003,160,0.7,4.3200,NaN,-16.2624
0.09,4000,0.3,0.15,0.01,0.0003,160,0.9,4.5000,NaN,-16.2928
0.09,4000,0.3,0.15,0.01,0.0003,160,1.2,4.7800,NaN,-16.3385
0.09,4000,0.3,0.15,0.01,0.002,16,0.7,5.4600,NaN,-27.8378
0.09,4000,0.3,0.15,0.01,0.002,16,0.9,5.6400,NaN,-28.0111
0.09,4000,0.3,0.15,0.01,0.002,16,1.2,5.9200,NaN,-28.2702
0.09,4000,0.3,0.15,0.01,0.002,45,0.7,4.5800,NaN,-24.0201
0.09,4000,0.3,0.15,0.01,0.002,45,0.9,4.7600,NaN,-24.2002
0.09,4000,0.3,0.15,0.01,0.002,45,1.2,5.0200,NaN,-24.4695
0.09,4000,0.3,0.15,0.01,0.002,160,0.7,4.2200,NaN,-22.4262
0.09,4000,0.3,0.15,0.01,0.002,160,0.9,4.3800,NaN,-22.6092
0.09,4000,0.3,0.15,0.01,0.002,160,1.2,4.6400,NaN,-22.8827
0.09,4000,1,0.075,0.0005,0.0001,16,0.7,4.2600,4.4000,-1.1018
0.09,4000,1,0.075,0.0005,0.0001,16,0.9,4.4000,4.5600,-1.1133
0.09,4000,1,0.075,0.0005,0.0001,16,1.2,4.6400,4.8000,-1.1305
0.09,4000,1,0.075,0.0005,0.0001,45,0.7,3.5800,3.6800,-0.9470
0.09,4000,1,0.075,0.0005,0.0001,45,0.9,3.7200,3.8200,-0.9585
0.09,4000,1,0.075,0.0005,0.0001,45,1.2,3.9400,4.0400,-0.9758
0.09,4000,1,0.075,0.0005,0.0001,160,0.7,3.3200,3.4000,-0.8856
0.09,4000,1,0.075,0.0005,0.0001,160,0.9,3.4400,3.5400,-0.8970
0.09,4000,1,0.075,0.0005,0.0001,160,1.2,3.6600,3.7400,-0.9143
0.09,4000,1,0.075,0.0005,0.0003,16,0.7,4.2400,4.4800,-1.7673
0.09,4000,1,0.075,0.0005,0.0003,16,0.9,4.4000,4.6400,-1.8013
0.09,4000,1,0.075,0.0005,0.0003,16,1.2,4.6200,4.8800,-1.8524
0.09,4000,1,0.075,0.0005,0.0003,45,0.7,3.5800,3.7400,-1.5586
0.09,4000,1,0.075,0.0005,0.0003,45,0.9,3.7000,3.8800,-1.5927
0.09,4000,1,0.075,0.0005,0.0003,45,1.2,3.9200,4.1000,-1.6439
0.09,4000,1,0.075,0.0005,0.0003,160,0.7,3.3200,3.4600,-1.4756
0.09,4000,1,0.075,0.0005,0.0003,160,0.9,3.4400,3.5800,-1.5098
0.09,4000,1,0.075,0.0005,0.0003,160,1.2,3.6400,3.8000,-1.5611
0.09,4000,1,0.075,0.0005,0.002,16,0.7,4.1600,5.3400,-7.1759
0.09,4000,1,0.075,0.0005,0.002,16,0.9,4.3000,5.5600,-7.3855
0.09,4000,1,0.075,0.0005,0.002,16,1.2,4.5200,5.9000,-7.6985
0.09,4000,1,0.075,0.0005,0.002,45,0.7,3.5000,4.3800,-6.5471
0.09,4000,1,0.075,0.0005,0.002,45,0.9,3.6400,4.5600,-6.7585
0.09,4000,1,0.075,0.0005,0.002,45,1.2,3.8400,4.8600,-7.0742
0.09,4000,1,0.075,0.0005,0.002,160,0.7,3.2600,4.0000,-6.2961
0.09,4000,1,0.075,0.0005,0.002,160,0.9,3.3800,4.1800,-6.5082
0.09,4000,1,0.075,0.0005,0.002,160,1.2,3.5600,4.4600,-6.8250
0.09,4000,1,0.075,0.002,0.0001,16,0.7,4.1800,4.6800,-3.3396
0.09,4000,1,0.075,0.002,0.0001,16,0.9,4.3400,4.8200,-3.3509
0.09,4000,1,0.075,0.002,0.0001,16,1.2,4.5600,5.0800,-3.3678
0.09,4000,1,0.075,0.002,0.0001,45,0.7,3.5400,3.8600,-2.8209
0.09,4000,1,0.075,0.002,0.0001,45,0.9,3.6600,4.0000,-2.8322
0.09,4000,1,0.075,0.002,0.0001,45,1.2,3.8800,4.2400,-2.8492
0.09,4000,1,0.075,0.002,0.0001,160,0.7,3.2800,3.5600,-2.6140
0.09,4000,1,0.075,0.002,0.0001,160,0.9,3.4000,3.6800,-2.6253
0.09,4000,1,0.075,0.002,0.0001,160,1.2,3.6000,3.9200,-2.6424
0.09,4000,1,0.075,0.002,0.0003,16,0.7,4.1800,4.7600,-3.9886
0.09,4000,1,0.075,0.002,0.0003,16,0.9,4.3200,4.9200,-4.0221
0.09,4000,1,0.075,0.002,0.0003,16,1.2,4.5600,5.1800,-4.0724
0.09,4000,1,0.075,0.002,0.0003,45,0.7,3.5200,3.9400,-3.4202
0.09,4000,1,0.075,0.002,0.0003,45,0.9,3.6600,4.0800,-3.4539
0.09,4000,1,0.075,0.002,0.0003,45,1.2,3.8800,4.3200,-3.5044
0.09,4000,1,0.075,0.002,0.0003,160,0.7,3.2600,3.6200,-3.1933
0.09,4000,1,0.075,0.002,0.0003,160,0.9,3.4000,3.7600,-3.2271
0.09,4000,1,0.075,0.002,0.0003,160,1.2,3.6000,3.9800,-3.2777
0.09,4000,1,0.075,0.002,0.002,16,0.7,4.0800,5.9200,-9.2658
0.09,4000,1,0.075,0.002,0.002,16,0.9,4.2200,6.1800,-9.4722
0.09,4000,1,0.075,0.002,0.002,16,1.2,4.4400,6.6000,-9.7804
0.09,4000,1,0.075,0.002,0.002,45,0.7,3.4600,4.7200,-8.3103
0.09,4000,1,0.075,0.002,0.002,45,0.9,3.5800,4.9400,-8.5189
0.09,4000,1,0.075,0.002,0.002,45,1.2,3.7800,5.2800,-8.8305
0.09,4000,1,0.075,0.002,0.002,160,0.7,3.2000,4.3000,-7.9273
0.09,4000,1,0.075,0.002,0.002,160,0.9,3.3200,4.4800,-8.1368
0.09,4000,1,0.075,0.002,0.002,160,1.2,3.5200,4.8000,-8.4498
0.09,4000,1,0.075,0.01,0.0001,16,0.7,3.8400,NaN,-14.0561
0.09,4000,1,0.075,0.01,0.0001,16,0.9,3.9800,NaN,-14.0665
0.09,4000,1,0.075,0.01,0.0001,16,1.2,4.2000,NaN,-14.0821
0.09,4000,1,0.075,0.01,0.0001,45,0.7,3.3000,6.8200,-11.9494
0.09,4000,1,0.075,0.01,0.0001,45,0.9,3.4200,7.0600,-11.9600
0.09,4000,1,0.075,0.01,0.0001,45,1.2,3.6200,7.4400,-11.9758
0.09,4000,1,0.075,0.01,0.0001,160,0.7,3.0600,5.5000,-11.0922
0.09,4000,1,0.075,0.01,0.0001,160,0.9,3.1800,5.6800,-11.1029
0.09,4000,1,0.075,0.01,0.0001,160,1.2,3.4000,6.0000,-11.1189
0.09,4000,1,0.075,0.01,0.0003,16,0.7,3.8400,NaN,-14.6291
0.09,4000,1,0.075,0.01,0.0003,16,0.9,3.9800,NaN,-14.6600
0.09,4000,1,0.075,0.01,0.0003,16,1.2,4.2000,NaN,-14.7064
0.09,4000,1,0.075,0.01,0.0003,45,0.7,3.2800,7.9400,-12.4906
0.09,4000,1,0.075,0.01,0.0003,45,0.9,3.4200,8.2800,-12.5221
0.09,4000,1,0.075,0.01,0.0003,45,1.2,3.6200,8.8800,-12.5693
0.09,4000,1,0.075,0.01,0.0003,160,0.7,3.0600,5.8800,-11.6202
0.09,4000,1,0.075,0.01,0.0003,160,0.9,3.1800,6.1200,-11.6519
0.09,4000,1,0.075,0.01,0.0003,160,1.2,3.3800,6.4800,-11.6994
0.09,4000,1,0.075,0.01,0.002,16,0.7,3.7600,NaN,-19.2965
0.09,4000,1,0.075,0.01,0.002,16,0.9,3.8800,NaN,-19.4873
0.09,4000,1,0.075,0.01,0.002,16,1.2,4.1000,NaN,-19.7725
0.09,4000,1,0.075,0.01,0.002,45,0.7,3.2200,NaN,-16.9129
0.09,4000,1,0.075,0.01,0.002,45,0.9,3.3400,NaN,-17.1082
0.09,4000,1,0.075,0.01,0.002,45,1.2,3.5400,NaN,-17.3999
0.09,4000,1,0.075,0.01,0.002,160,0.7,3.0000,NaN,-15.9391
0.09,4000,1,0.075,0.01,0.002,160,0.9,3.1200,NaN,-16.1362
0.09,4000,1,0.075,0.01,0.002,160,1.2,3.3200,NaN,-16.4305
0.09,4000,1,0.1,0.0005,0.0001,16,0.7,4.3000,4.4600,-1.1350
0.09,4000,1,0.1,0.0005,0.0001,16,0.9,4.4600,4.6200,-1.1465
0.09,4000,1,0.1,0.0005,0.0001,16,1.2,4.7200,4.8800,-1.1637
0.09,4000,1,0.1,0.0005,0.0001,45,0.7,3.6200,3.7400,-0.9802
0.09,4000,1,0.1,0.0005,0.0001,45,0.9,3.7800,3.8800,-0.9917
0.09,4000,1,0.1,0.0005,0.0001,45,1.2,4.0000,4.1200,-1.0089
0.09,4000,1,0.1,0.0005,0.0001,160,0.7,3.3600,3.4400,-0.9188
0.09,4000,1,0.1,0.0005,0.0001,160,0.9,3.5000,3.6000,-0.9302
0.09,4000,1,0.1,0.0005,0.0001,160,1.2,3.7200,3.8200,-0.9475
0.09,4000,1,0.1,0.0005,0.0003,16,0.7,4.3000,4.5400,-1.8657
0.09,4000,1,0.1,0.0005,0.0003,16,0.9,4.4400,4.7000,-1.8997
0.09,4000,1,0.1,0.0005,0.0003,16,1.2,4.7000,4.9600,-1.9508
0.09,4000,1,0.1,0.0005,0.0003,45,0.7,3.6200,3.8000,-1.6572
0.09,4000,1,0.1,0.0005,0.0003,45,0.9,3.7600,3.9400,-1.6913
0.09,4000,1,0.1,0.0005,0.0003,45,1.2,4.0000,4.2000,-1.7425
0.09,4000,1,0.1,0.0005,0.0003,160,0.7,3.3600,3.5000,-1.5743
0.09,4000,1,0.1,0.0005,0.0003,160,0.9,3.4800,3.6600,-1.6085
0.09,4000,1,0.1,0.0005,0.0003,160,1.2,3.7200,3.8800,-1.6597
0.09,4000,1,0.1,0.0005,0.002,16,0.7,4.2000,5.5400,-7.7795
0.09,4000,1,0.1,0.0005,0.002,16,0.9,4.3400,5.7600,-7.9871
0.09,4000,1,0.1,0.0005,0.002,16,1.2,4.5800,6.1600,-8.2974
0.09,4000,1,0.1,0.0005,0.002,45,0.7,3.5400,4.5400,-7.1559
0.09,4000,1,0.1,0.0005,0.002,45,0.9,3.6800,4.7400,-7.3653
0.09,4000,1,0.1,0.0005,0.002,45,1.2,3.9000,5.0800,-7.6782
0.09,4000,1,0.1,0.0005,0.002,160,0.7,3.2800,4.1600,-6.9069
0.09,4000,1,0.1,0.0005,0.002,160,0.9,3.4200,4.3400,-7.1170
0.09,4000,1,0.1,0.0005,0.002,160,1.2,3.6400,4.6600,-7.4310
0.09,4000,1,0.1,0.002,0.0001,16,0.7,4.2400,4.7200,-3.3722
0.09,4000,1,0.1,0.002,0.0001,16,0.9,4.3800,4.8800,-3.3835
0.09,4000,1,0.1,0.002,0.0001,16,1.2,4.6400,5.1600,-3.4004
0.09,4000,1,0.1,0.002,0.0001,45,0.7,3.5800,3.9200,-2.8536
0.09,4000,1,0.1,0.002,0.0001,45,0.9,3.7200,4.0600,-2.8650
0.09,4000,1,0.1,0.002,0.0001,45,1.2,3.9600,4.3200,-2.8819
0.09,4000,1,0.1,0.002,0.0001,160,0.7,3.3200,3.6000,-2.6468
0.09,4000,1,0.1,0.002,0.0001,160,0.9,3.4600,3.7400,-2.6581
0.09,4000,1,0.1,0.002,0.0001,160,1.2,3.6800,3.9800,-2.6752
0.09,4000,1,0.1,0.002,0.0003,16,0.7,4.2200,4.8200,-4.0855
0.09,4000,1,0.1,0.002,0.0003,16,0.9,4.3800,5.0000,-4.1189
0.09,4000,1,0.1,0.002,0.0003,16,1.2,4.6200,5.2800,-4.1692
0.09,4000,1,0.1,0.002,0.0003,45,0.7,3.5600,4.0000,-3.5175
0.09,4000,1,0.1,0.002,0.0003,45,0.9,3.7000,4.1400,-3.5511
0.09,4000,1,0.1,0.002,0.0003,45,1.2,3.9400,4.4000,-3.6016
0.09,4000,1,0.1,0.002,0.0003,160,0.7,3.3000,3.6600,-3.2908
0.09,4000,1,0.1,0.002,0.0003,160,0.9,3.4400,3.8200,-3.3246
0.09,4000,1,0.1,0.002,0.0003,160,1.2,3.6600,4.0600,-3.3751
0.09,4000,1,0.1,0.002,0.002,16,0.7,4.1200,6.2000,-9.8601
0.09,4000,1,0.1,0.002,0.002,16,0.9,4.2800,6.5000,-10.0646
0.09,4000,1,0.1,0.002,0.002,16,1.2,4.5000,6.9600,-10.3701
0.09,4000,1,0.1,0.002,0.002,45,0.7,3.5000,4.9400,-8.9111
0.09,4000,1,0.1,0.002,0.002,45,0.9,3.6400,5.1600,-9.1178
0.09,4000,1,0.1,0.002,0.002,45,1.2,3.8600,5.5400,-9.4267
0.09,4000,1,0.1,0.002,0.002,160,0.7,3.2400,4.4800,-8.5308
0.09,4000,1,0.1,0.002,0.002,160,0.9,3.3800,4.6800,-8.7384
0.09,4000,1,0.1,0.002,0.002,160,1.2,3.5800,5.0400,-9.0486
0.09,4000,1,0.1,0.01,0.0001,16,0.7,3.8800,NaN,-14.0862
0.09,4000,1,0.1,0.01,0.0001,16,0.9,4.0400,NaN,-14.0966
0.09,4000,1,0.1,0.01,0.0001,16,1.2,4.2800,NaN,-14.1122
0.09,4000,1,0.1,0.01,0.0001,45,0.7,3.3400,6.9400,-11.9799
0.09,4000,1,0.1,0.01,0.0001,45,0.9,3.4800,7.1800,-11.9905
0.09,4000,1,0.1,0.01,0.0001,45,1.2,3.7000,7.6000,-12.0064
0.09,4000,1,0.1,0.01,0.0001,160,0.7,3.1000,5.5600,-11.1230
0.09,4000,1,0.1,0.01,0.0001,160,0.9,3.2400,5.7800,-11.1337
0.09,4000,1,0.1,0.01,0.0001,160,1.2,3.4600,6.1200,-11.1496
0.09,4000,1,0.1,0.01,0.0003,16,0.7,3.8800,NaN,-14.7184
0.09,4000,1,0.1,0.01,0.0003,16,0.9,4.0200,NaN,-14.7493
0.09,4000,1,0.1,0.01,0.0003,16,1.2,4.2600,NaN,-14.7956
0.09,4000,1,0.1,0.01,0.0003,45,0.7,3.3200,8.3200,-12.5815
0.09,4000,1,0.1,0.01,0.0003,45,0.9,3.4600,8.7200,-12.6129
0.09,4000,1,0.1,0.01,0.0003,45,1.2,3.6800,9.4400,-12.6600
0.09,4000,1,0.1,0.01,0.0003,160,0.7,3.1000,6.0200,-11.7117
0.09,4000,1,0.1,0.01,0.0003,160,0.9,3.2400,6.2800,-11.7434
0.09,4000,1,0.1,0.01,0.0003,160,1.2,3.4600,6.6800,-11.7908
0.09,4000,1,0.1,0.01,0.002,16,0.7,3.8000,NaN,-19.8462
0.09,4000,1,0.1,0.01,0.002,16,0.9,3.9400,NaN,-20.0354
0.09,4000,1,0.1,0.01,0.002,16,1.2,4.1600,NaN,-20.3180
0.09,4000,1,0.1,0.01,0.002,45,0.7,3.2600,NaN,-17.4753
0.09,4000,1,0.1,0.01,0.002,45,0.9,3.4000,NaN,-17.6688
0.09,4000,1,0.1,0.01,0.002,45,1.2,3.6000,NaN,-17.9578
0.09,4000,1,0.1,0.01,0.002,160,0.7,3.0400,NaN,-16.5067
0.09,4000,1,0.1,0.01,0.002,160,0.9,3.1800,NaN,-16.7019
0.09,4000,1,0.1,0.01,0.002,160,1.2,3.3800,NaN,-16.9936
0.09,4000,1,0.15,0.0005,0.0001,16,0.7,4.4000,4.5600,-1.2012
0.09,4000,1,0.15,0.0005,0.0001,16,0.9,4.5800,4.7400,-1.2127
0.09,4000,1,0.15,0.0005,0.0001,16,1.2,4.8600,5.0400,-1.2299
0.09,4000,1,0.15,0.0005,0.0001,45,0.7,3.7200,3.8400,-1.0466
0.09,4000,1,0.15,0.0005,0.0001,45,0.9,3.8800,4.0000,-1.0580
0.09,4000,1,0.15,0.0005,0.0001,45,1.2,4.1600,4.2800,-1.0752
0.09,4000,1,0.15,0.0005,0.0001,160,0.7,3.4400,3.5400,-0.9851
0.09,4000,1,0.15,0.0005,0.0001,160,0.9,3.6000,3.7200,-0.9966
0.09,4000,1,0.15,0.0005,0.0001,160,1.2,3.8800,3.9800,-1.0138
0.09,4000,1,0.15,0.0005,0.0003,16,0.7,4.3800,4.6600,-2.0621
0.09,4000,1,0.15,0.0005,0.0003,16,0.9,4.5600,4.8400,-2.0961
0.09,4000,1,0.15,0.0005,0.0003,16,1.2,4.8400,5.1400,-2.1470
0.09,4000,1,0.15,0.0005,0.0003,45,0.7,3.7000,3.9000,-1.8541
0.09,4000,1,0.15,0.0005,0.0003,45,0.9,3.8800,4.0800,-1.8881
0.09,4000,1,0.15,0.0005,0.0003,45,1.2,4.1400,4.3600,-1.9391
0.09,4000,1,0.15,0.0005,0.0003,160,0.7,3.4400,3.6200,-1.7714
0.09,4000,1,0.15,0.0005,0.0003,160,0.9,3.6000,3.7800,-1.8054
0.09,4000,1,0.15,0.0005,0.0003,160,1.2,3.8600,4.0600,-1.8564
0.09,4000,1,0.15,0.0005,0.002,16,0.7,4.2800,5.9800,-8.9703
0.09,4000,1,0.15,0.0005,0.002,16,0.9,4.4400,6.2600,-9.1742
0.09,4000,1,0.15,0.0005,0.002,16,1.2,4.7000,6.7200,-9.4789
0.09,4000,1,0.15,0.0005,0.002,45,0.7,3.6200,4.9000,-8.3568
0.09,4000,1,0.15,0.0005,0.002,45,0.9,3.7800,5.1400,-8.5624
0.09,4000,1,0.15,0.0005,0.002,45,1.2,4.0400,5.5400,-8.8697
0.09,4000,1,0.15,0.0005,0.002,160,0.7,3.3600,4.4800,-8.1119
0.09,4000,1,0.15,0.0005,0.002,160,0.9,3.5200,4.7200,-8.3182
0.09,4000,1,0.15,0.0005,0.002,160,1.2,3.7600,5.1000,-8.6265
0.09,4000,1,0.15,0.002,0.0001,16,0.7,4.3200,4.8200,-3.4374
0.09,4000,1,0.15,0.002,0.0001,16,0.9,4.5000,5.0200,-3.4487
0.09,4000,1,0.15,0.002,0.0001,16,1.2,4.7800,5.3200,-3.4656
0.09,4000,1,0.15,0.002,0.0001,45,0.7,3.6600,4.0200,-2.9191
0.09,4000,1,0.15,0.002,0.0001,45,0.9,3.8400,4.2000,-2.9304
0.09,4000,1,0.15,0.002,0.0001,45,1.2,4.1000,4.4800,-2.9474
0.09,4000,1,0.15,0.002,0.0001,160,0.7,3.4000,3.7000,-2.7123
0.09,4000,1,0.15,0.002,0.0001,160,0.9,3.5600,3.8800,-2.7237
0.09,4000,1,0.15,0.002,0.0001,160,1.2,3.8400,4.1600,-2.7407
0.09,4000,1,0.15,0.002,0.0003,16,0.7,4.3200,4.9600,-4.2788
0.09,4000,1,0.15,0.002,0.0003,16,0.9,4.4800,5.1400,-4.3122
0.09,4000,1,0.15,0.002,0.0003,16,1.2,4.7600,5.4800,-4.3622
0.09,4000,1,0.15,0.002,0.0003,45,0.7,3.6600,4.1000,-3.7117
0.09,4000,1,0.15,0.002,0.0003,45,0.9,3.8200,4.2800,-3.7453
0.09,4000,1,0.15,0.002,0.0003,45,1.2,4.0800,4.5800,-3.7956
0.09,4000,1,0.15,0.002,0.0003,160,0.7,3.4000,3.7800,-3.4854
0.09,4000,1,0.15,0.002,0.0003,160,0.9,3.5600,3.9600,-3.5190
0.09,4000,1,0.15,0.002,0.0003,160,1.2,3.8200,4.2400,-3.5695
0.09,4000,1,0.15,0.002,0.002,16,0.7,4.2000,6.9200,-11.0326
0.09,4000,1,0.15,0.002,0.002,16,0.9,4.3800,7.2800,-11.2334
0.09,4000,1,0.15,0.002,0.002,16,1.2,4.6400,7.8800,-11.5335
0.09,4000,1,0.15,0.002,0.002,45,0.7,3.5800,5.4200,-10.0965
0.09,4000,1,0.15,0.002,0.002,45,0.9,3.7400,5.7000,-10.2995
0.09,4000,1,0.15,0.002,0.002,45,1.2,3.9800,6.1800,-10.6028
0.09,4000,1,0.15,0.002,0.002,160,0.7,3.3200,4.9000,-9.7213
0.09,4000,1,0.15,0.002,0.002,160,0.9,3.4800,5.1600,-9.9252
0.09,4000,1,0.15,0.002,0.002,160,1.2,3.7200,5.6000,-10.2298
0.09,4000,1,0.15,0.01,0.0001,16,0.7,3.9800,NaN,-14.1462
0.09,4000,1,0.15,0.01,0.0001,16,0.9,4.1400,NaN,-14.1566
0.09,4000,1,0.15,0.01,0.0001,16,1.2,4.4200,NaN,-14.1722
0.09,4000,1,0.15,0.01,0.0001,45,0.7,3.4200,7.1400,-12.0410
0.09,4000,1,0.15,0.01,0.0001,45,0.9,3.5800,7.4400,-12.0516
0.09,4000,1,0.15,0.01,0.0001,45,1.2,3.8400,7.9200,-12.0674
0.09,4000,1,0.15,0.01,0.0001,160,0.7,3.2000,5.7200,-11.1845
0.09,4000,1,0.15,0.01,0.0001,160,0.9,3.3600,5.9600,-11.1952
0.09,4000,1,0.15,0.01,0.0001,160,1.2,3.6200,6.3800,-11.2111
0.09,4000,1,0.15,0.01,0.0003,16,0.7,3.9600,NaN,-14.8966
0.09,4000,1,0.15,0.01,0.0003,16,0.9,4.1400,NaN,-14.9274
0.09,4000,1,0.15,0.01,0.0003,16,1.2,4.4200,NaN,-14.9736
0.09,4000,1,0.15,0.01,0.0003,45,0.7,3.4200,9.5400,-12.7629
0.09,4000,1,0.15,0.01,0.0003,45,0.9,3.5800,10.2000,-12.7942
0.09,4000,1,0.15,0.01,0.0003,45,1.2,3.8400,11.5200,-12.8412
0.09,4000,1,0.15,0.01,0.0003,160,0.7,3.1800,6.3400,-11.8944
0.09,4000,1,0.15,0.01,0.0003,160,0.9,3.3400,6.6200,-11.9259
0.09,4000,1,0.15,0.01,0.0003,160,1.2,3.6000,7.1200,-11.9732
0.09,4000,1,0.15,0.01,0.002,16,0.7,3.8800,NaN,-20.9309
0.09,4000,1,0.15,0.01,0.002,16,0.9,4.0400,NaN,-21.1166
0.09,4000,1,0.15,0.01,0.002,16,1.2,4.3000,NaN,-21.3941
0.09,4000,1,0.15,0.01,0.002,45,0.7,3.3400,NaN,-18.5847
0.09,4000,1,0.15,0.01,0.002,45,0.9,3.5000,NaN,-18.7747
0.09,4000,1,0.15,0.01,0.002,45,1.2,3.7400,NaN,-19.0586
0.09,4000,1,0.15,0.01,0.002,160,0.7,3.1200,NaN,-17.6263
0.09,4000,1,0.15,0.01,0.002,160,0.9,3.2800,NaN,-17.8180
0.09,4000,1,0.15,0.01,0.002,160,1.2,3.5200,NaN,-18.1044
0.14,250,0.3,0.075,0.0005,0.0001,16,0.7,48.8200,89.6400,-11.2907
0.14,250,0.3,0.075,0.0005,0.0001,16,0.9,49.8600,91.6400,-11.3011
0.14,250,0.3,0.075,0.0005,0.0001,16,1.2,51.4400,94.6800,-11.3169
0.14,250,0.3,0.075,0.0005,0.0001,45,0.7,47.7600,85.0600,-11.0507
0.14,250,0.3,0.075,0.0005,0.0001,45,0.9,48.7800,86.9400,-11.0613
0.14,250,0.3,0.075,0.0005,0.0001,45,1.2,50.3400,89.8200,-11.0770
0.14,250,0.3,0.075,0.0005,0.0001,160,0.7,47.3400,83.3600,-10.9553
0.14,250,0.3,0.075,0.0005,0.0001,160,0.9,48.3600,85.2000,-10.9659
0.14,250,0.3,0.075,0.0005,0.0001,160,1.2,49.9000,88.0200,-10.9817
0.14,250,0.3,0.075,0.0005,0.0003,16,0.7,47.4600,NaN,-15.1501
0.14,250,0.3,0.075,0.0005,0.0003,16,0.9,48.4600,NaN,-15.1797
0.14,250,0.3,0.075,0.0005,0.0003,16,1.2,50.0000,NaN,-15.2241
0.14,250,0.3,0.075,0.0005,0.0003,45,0.7,46.4600,NaN,-14.8428
0.14,250,0.3,0.075,0.0005,0.0003,45,0.9,47.4600,NaN,-14.8725
0.14,250,0.3,0.075,0.0005,0.0003,45,1.2,48.9600,NaN,-14.9171
0.14,250,0.3,0.075,0.0005,0.0003,160,0.7,46.0600,NaN,-14.7205
0.14,250,0.3,0.075,0.0005,0.0003,160,0.9,47.0400,NaN,-14.7502
0.14,250,0.3,0.075,0.0005,0.0003,160,1.2,48.5400,NaN,-14.7948
0.14,250,0.3,0.075,0.0005,0.002,16,0.7,38.5000,NaN,-40.5085
0.14,250,0.3,0.075,0.0005,0.002,16,0.9,39.3200,NaN,-40.6338
0.14,250,0.3,0.075,0.0005,0.002,16,1.2,40.5200,NaN,-40.8211
0.14,250,0.3,0.075,0.0005,0.002,45,0.7,37.8600,NaN,-39.8712
0.14,250,0.3,0.075,0.0005,0.002,45,0.9,38.6400,NaN,-39.9979
0.14,250,0.3,0.075,0.0005,0.002,45,1.2,39.8400,NaN,-40.1873
0.14,250,0.3,0.075,0.0005,0.002,160,0.7,37.5800,NaN,-39.6162
0.14,250,0.3,0.075,0.0005,0.002,160,0.9,38.3800,NaN,-39.7434
0.14,250,0.3,0.075,0.0005,0.002,160,1.2,39.5600,NaN,-39.9336
0.14,250,0.3,0.075,0.002,0.0001,16,0.7,40.2400,NaN,-31.8797
0.14,250,0.3,0.075,0.002,0.0001,16,0.9,41.1000,NaN,-31.8885
0.14,250,0.3,0.075,0.002,0.0001,16,1.2,42.4200,NaN,-31.9018
0.14,250,0.3,0.075,0.002,0.0001,45,0.7,39.5200,NaN,-31.3141
0.14,250,0.3,0.075,0.002,0.0001,45,0.9,40.3800,NaN,-31.3230
0.14,250,0.3,0.075,0.002,0.0001,45,1.2,41.6800,NaN,-31.3363
0.14,250,0.3,0.075,0.002,0.0001,160,0.7,39.2400,NaN,-31.0880
0.14,250,0.3,0.075,0.002,0.0001,160,0.9,40.0800,NaN,-31.0969
0.14,250,0.3,0.075,0.002,0.0001,160,1.2,41.3800,NaN,-31.1103
0.14,250,0.3,0.075,0.002,0.0003,16,0.7,39.3000,NaN,-34.6081
0.14,250,0.3,0.075,0.002,0.0003,16,0.9,40.1600,NaN,-34.6333
0.14,250,0.3,0.075,0.002,0.0003,16,1.2,41.4400,NaN,-34.6710
0.14,250,0.3,0.075,0.002,0.0003,45,0.7,38.6200,NaN,-34.0136
0.14,250,0.3,0.075,0.002,0.0003,45,0.9,39.4600,NaN,-34.0389
0.14,250,0.3,0.075,0.002,0.0003,45,1.2,40.7200,NaN,-34.0769
0.14,250,0.3,0.075,0.002,0.0003,160,0.7,38.3400,NaN,-33.7757
0.14,250,0.3,0.075,0.002,0.0003,160,0.9,39.1800,NaN,-33.8011
0.14,250,0.3,0.075,0.002,0.0003,160,1.2,40.4400,NaN,-33.8392
0.14,250,0.3,0.075,0.002,0.002,16,0.7,32.9600,NaN,-53.2217
0.14,250,0.3,0.075,0.002,0.002,16,0.9,33.6600,NaN,-53.3354
0.14,250,0.3,0.075,0.002,0.002,16,1.2,34.7000,NaN,-53.5054
0.14,250,0.3,0.075,0.002,0.002,45,0.7,32.4800,NaN,-52.4885
0.14,250,0.3,0.075,0.002,0.002,45,0.9,33.1600,NaN,-52.6036
0.14,250,0.3,0.075,0.002,0.002,45,1.2,34.2000,NaN,-52.7756
0.14,250,0.3,0.075,0.002,0.002,160,0.7,32.2800,NaN,-52.1941
0.14,250,0.3,0.075,0.002,0.002,160,0.9,32.9600,NaN,-52.3097
0.14,250,0.3,0.075,0.002,0.002,160,1.2,34.0000,NaN,-52.4826
0.14,250,0.3,0.075,0.01,0.0001,16,0.7,20.8200,NaN,-78.4797
0.14,250,0.3,0.075,0.01,0.0001,16,0.9,21.3000,NaN,-78.4847
0.14,250,0.3,0.075,0.01,0.0001,16,1.2,22.0200,NaN,-78.4923
0.14,250,0.3,0.075,0.01,0.0001,45,0.7,20.6200,NaN,-77.7537
0.14,250,0.3,0.075,0.01,0.0001,45,0.9,21.1000,NaN,-77.7589
0.14,250,0.3,0.075,0.01,0.0001,45,1.2,21.8200,NaN,-77.7665
0.14,250,0.3,0.075,0.01,0.0001,160,0.7,20.5600,NaN,-77.4599
0.14,250,0.3,0.075,0.01,0.0001,160,0.9,21.0200,NaN,-77.4651
0.14,250,0.3,0.075,0.01,0.0001,160,1.2,21.7400,NaN,-77.4728
0.14,250,0.3,0.075,0.01,0.0003,16,0.7,20.5600,NaN,-79.3599
0.14,250,0.3,0.075,0.01,0.0003,16,0.9,21.0400,NaN,-79.3746
0.14,250,0.3,0.075,0.01,0.0003,16,1.2,21.7600,NaN,-79.3967
0.14,250,0.3,0.075,0.01,0.0003,45,0.7,20.3800,NaN,-78.6376
0.14,250,0.3,0.075,0.01,0.0003,45,0.9,20.8400,NaN,-78.6525
0.14,250,0.3,0.075,0.01,0.0003,45,1.2,21.5600,NaN,-78.6748
0.14,250,0.3,0.075,0.01,0.0003,160,0.7,20.3000,NaN,-78.3452
0.14,250,0.3,0.075,0.01,0.0003,160,0.9,20.7600,NaN,-78.3602
0.14,250,0.3,0.075,0.01,0.0003,160,1.2,21.4800,NaN,-78.3826
0.14,250,0.3,0.075,0.01,0.002,16,0.7,18.6800,NaN,-85.9350
0.14,250,0.3,0.075,0.01,0.002,16,0.9,19.0800,NaN,-86.0130
0.14,250,0.3,0.075,0.01,0.002,16,1.2,19.7200,NaN,-86.1296
0.14,250,0.3,0.075,0.01,0.002,45,0.7,18.5200,NaN,-85.2458
0.14,250,0.3,0.075,0.01,0.002,45,0.9,18.9200,NaN,-85.3249
0.14,250,0.3,0.075,0.01,0.002,45,1.2,19.5600,NaN,-85.4431
0.14,250,0.3,0.075,0.01,0.002,160,0.7,18.4600,NaN,-84.9665
0.14,250,0.3,0.075,0.01,0.002,160,0.9,18.8600,NaN,-85.0460
0.14,250,0.3,0.075,0.01,0.002,160,1.2,19.4800,NaN,-85.1649
0.14,250,0.3,0.1,0.0005,0.0001,16,0.7,48.9600,90.2200,-11.3210
0.14,250,0.3,0.1,0.0005,0.0001,16,0.9,50.0000,92.2400,-11.3315
0.14,250,0.3,0.1,0.0005,0.0001,16,1.2,51.6000,95.3200,-11.3472
0.14,250,0.3,0.1,0.0005,0.0001,45,0.7,47.9000,85.5800,-11.0811
0.14,250,0.3,0.1,0.0005,0.0001,45,0.9,48.9400,87.4800,-11.0916
0.14,250,0.3,0.1,0.0005,0.0001,45,1.2,50.5000,90.3800,-11.1074
0.14,250,0.3,0.1,0.0005,0.0001,160,0.7,47.4800,83.8600,-10.9857
0.14,250,0.3,0.1,0.0005,0.0001,160,0.9,48.5000,85.7200,-10.9963
0.14,250,0.3,0.1,0.0005,0.0001,160,1.2,50.0600,88.5600,-11.0120
0.14,250,0.3,0.1,0.0005,0.0003,16,0.7,47.5800,NaN,-15.2356
0.14,250,0.3,0.1,0.0005,0.0003,16,0.9,48.6000,NaN,-15.2652
0.14,250,0.3,0.1,0.0005,0.0003,16,1.2,50.1400,NaN,-15.3096
0.14,250,0.3,0.1,0.0005,0.0003,45,0.7,46.6000,NaN,-14.9286
0.14,250,0.3,0.1,0.0005,0.0003,45,0.9,47.6000,NaN,-14.9583
0.14,250,0.3,0.1,0.0005,0.0003,45,1.2,49.1000,NaN,-15.0028
0.14,250,0.3,0.1,0.0005,0.0003,160,0.7,46.2000,NaN,-14.8064
0.14,250,0.3,0.1,0.0005,0.0003,160,0.9,47.1800,NaN,-14.8361
0.14,250,0.3,0.1,0.0005,0.0003,160,1.2,48.6800,NaN,-14.8807
0.14,250,0.3,0.1,0.0005,0.002,16,0.7,38.6400,NaN,-40.8695
0.14,250,0.3,0.1,0.0005,0.002,16,0.9,39.4400,NaN,-40.9939
0.14,250,0.3,0.1,0.0005,0.002,16,1.2,40.6600,NaN,-41.1798
0.14,250,0.3,0.1,0.0005,0.002,45,0.7,37.9800,NaN,-40.2363
0.14,250,0.3,0.1,0.0005,0.002,45,0.9,38.7800,NaN,-40.3620
0.14,250,0.3,0.1,0.0005,0.002,45,1.2,39.9800,NaN,-40.5500
0.14,250,0.3,0.1,0.0005,0.002,160,0.7,37.7200,NaN,-39.9829
0.14,250,0.3,0.1,0.0005,0.002,160,0.9,38.5000,NaN,-40.1092
0.14,250,0.3,0.1,0.0005,0.002,160,1.2,39.7000,NaN,-40.2980
0.14,250,0.3,0.1,0.002,0.0001,16,0.7,40.3600,NaN,-31.9052
0.14,250,0.3,0.1,0.002,0.0001,16,0.9,41.2400,NaN,-31.9140
0.14,250,0.3,0.1,0.002,0.0001,16,1.2,42.5800,NaN,-31.9273
0.14,250,0.3,0.1,0.002,0.0001,45,0.7,39.6400,NaN,-31.3398
0.14,250,0.3,0.1,0.002,0.0001,45,0.9,40.5000,NaN,-31.3487
0.14,250,0.3,0.1,0.002,0.0001,45,1.2,41.8200,NaN,-31.3620
0.14,250,0.3,0.1,0.002,0.0001,160,0.7,39.3600,NaN,-31.1137
0.14,250,0.3,0.1,0.002,0.0001,160,0.9,40.2200,NaN,-31.1226
0.14,250,0.3,0.1,0.002,0.0001,160,1.2,41.5200,NaN,-31.1360
0.14,250,0.3,0.1,0.002,0.0003,16,0.7,39.4200,NaN,-34.6808
0.14,250,0.3,0.1,0.002,0.0003,16,0.9,40.2800,NaN,-34.7060
0.14,250,0.3,0.1,0.002,0.0003,16,1.2,41.5800,NaN,-34.7437
0.14,250,0.3,0.1,0.002,0.0003,45,0.7,38.7400,NaN,-34.0867
0.14,250,0.3,0.1,0.002,0.0003,45,0.9,39.5800,NaN,-34.1121
0.14,250,0.3,0.1,0.002,0.0003,45,1.2,40.8600,NaN,-34.1500
0.14,250,0.3,0.1,0.002,0.0003,160,0.7,38.4600,NaN,-33.8491
0.14,250,0.3,0.1,0.002,0.0003,160,0.9,39.3000,NaN,-33.8745
0.14,250,0.3,0.1,0.002,0.0003,160,1.2,40.5600,NaN,-33.9125
0.14,250,0.3,0.1,0.002,0.002,16,0.7,33.0600,NaN,-53.5494
0.14,250,0.3,0.1,0.002,0.002,16,0.9,33.7600,NaN,-53.6623
0.14,250,0.3,0.1,0.002,0.002,16,1.2,34.8200,NaN,-53.8310
0.14,250,0.3,0.1,0.002,0.002,45,0.7,32.5800,NaN,-52.8201
0.14,250,0.3,0.1,0.002,0.002,45,0.9,33.2800,NaN,-52.9343
0.14,250,0.3,0.1,0.002,0.002,45,1.2,34.3200,NaN,-53.1051
0.14,250,0.3,0.1,0.002,0.002,160,0.7,32.4000,NaN,-52.5273
0.14,250,0.3,0.1,0.002,0.002,160,0.9,33.0800,NaN,-52.6420
0.14,250,0.3,0.1,0.002,0.002,160,1.2,34.1000,NaN,-52.8136
0.14,250,0.3,0.1,0.01,0.0001,16,0.7,20.9000,NaN,-78.4943
0.14,250,0.3,0.1,0.01,0.0001,16,0.9,21.3800,NaN,-78.4993
0.14,250,0.3,0.1,0.01,0.0001,16,1.2,22.1200,NaN,-78.5069
0.14,250,0.3,0.1,0.01,0.0001,45,0.7,20.7000,NaN,-77.7685
0.14,250,0.3,0.1,0.01,0.0001,45,0.9,21.1800,NaN,-77.7736
0.14,250,0.3,0.1,0.01,0.0001,45,1.2,21.9200,NaN,-77.7813
0.14,250,0.3,0.1,0.01,0.0001,160,0.7,20.6200,NaN,-77.4748
0.14,250,0.3,0.1,0.01,0.0001,160,0.9,21.1000,NaN,-77.4799
0.14,250,0.3,0.1,0.01,0.0001,160,1.2,21.8400,NaN,-77.4876
0.14,250,0.3,0.1,0.01,0.0003,16,0.7,20.6400,NaN,-79.4025
0.14,250,0.3,0.1,0.01,0.0003,16,0.9,21.1200,NaN,-79.4172
0.14,250,0.3,0.1,0.01,0.0003,16,1.2,21.8600,NaN,-79.4392
0.14,250,0.3,0.1,0.01,0.0003,45,0.7,20.4600,NaN,-78.6806
0.14,250,0.3,0.1,0.01,0.0003,45,0.9,20.9200,NaN,-78.6955
0.14,250,0.3,0.1,0.01,0.0003,45,1.2,21.6600,NaN,-78.7179
0.14,250,0.3,0.1,0.01,0.0003,160,0.7,20.3800,NaN,-78.3885
0.14,250,0.3,0.1,0.01,0.0003,160,0.9,20.8600,NaN,-78.4034
0.14,250,0.3,0.1,0.01,0.0003,160,1.2,21.5800,NaN,-78.4259
0.14,250,0.3,0.1,0.01,0.002,16,0.7,18.7400,NaN,-86.1598
0.14,250,0.3,0.1,0.01,0.002,16,0.9,19.1600,NaN,-86.2371
0.14,250,0.3,0.1,0.01,0.002,16,1.2,19.8000,NaN,-86.3528
0.14,250,0.3,0.1,0.01,0.002,45,0.7,18.5800,NaN,-85.4737
0.14,250,0.3,0.1,0.01,0.002,45,0.9,19.0000,NaN,-85.5521
0.14,250,0.3,0.1,0.01,0.002,45,1.2,19.6400,NaN,-85.6693
0.14,250,0.3,0.1,0.01,0.002,160,0.7,18.5200,NaN,-85.1956
0.14,250,0.3,0.1,0.01,0.002,160,0.9,18.9400,NaN,-85.2745
0.14,250,0.3,0.1,0.01,0.002,160,1.2,19.5800,NaN,-85.3924
0.14,250,0.3,0.15,0.0005,0.0001,16,0.7,49.2400,91.4000,-11.3815
0.14,250,0.3,0.15,0.0005,0.0001,16,0.9,50.3200,93.4600,-11.3920
0.14,250,0.3,0.15,0.0005,0.0001,16,1.2,51.9400,96.6000,-11.4077
0.14,250,0.3,0.15,0.0005,0.0001,45,0.7,48.1800,86.6400,-11.1418
0.14,250,0.3,0.15,0.0005,0.0001,45,0.9,49.2400,88.5800,-11.1523
0.14,250,0.3,0.15,0.0005,0.0001,45,1.2,50.8200,91.5400,-11.1681
0.14,250,0.3,0.15,0.0005,0.0001,160,0.7,47.7600,84.8800,-11.0465
0.14,250,0.3,0.15,0.0005,0.0001,160,0.9,48.8000,86.7800,-11.0570
0.14,250,0.3,0.15,0.0005,0.0001,160,1.2,50.3800,89.6800,-11.0728
0.14,250,0.3,0.15,0.0005,0.0003,16,0.7,47.8600,NaN,-15.4063
0.14,250,0.3,0.15,0.0005,0.0003,16,0.9,48.9000,NaN,-15.4358
0.14,250,0.3,0.15,0.0005,0.0003,16,1.2,50.4600,NaN,-15.4800
0.14,250,0.3,0.15,0.0005,0.0003,45,0.7,46.8600,NaN,-15.0999
0.14,250,0.3,0.15,0.0005,0.0003,45,0.9,47.8800,NaN,-15.1295
0.14,250,0.3,0.15,0.0005,0.0003,45,1.2,49.4200,NaN,-15.1738
0.14,250,0.3,0.15,0.0005,0.0003,160,0.7,46.4600,NaN,-14.9779
0.14,250,0.3,0.15,0.0005,0.0003,160,0.9,47.4800,NaN,-15.0075
0.14,250,0.3,0.15,0.0005,0.0003,160,1.2,49.0000,NaN,-15.0520
0.14,250,0.3,0.15,0.0005,0.002,16,0.7,38.9000,NaN,-41.5837
0.14,250,0.3,0.15,0.0005,0.002,16,0.9,39.7000,NaN,-41.7063
0.14,250,0.3,0.15,0.0005,0.002,16,1.2,40.9400,NaN,-41.8895
0.14,250,0.3,0.15,0.0005,0.002,45,0.7,38.2400,NaN,-40.9585
0.14,250,0.3,0.15,0.0005,0.002,45,0.9,39.0400,NaN,-41.0824
0.14,250,0.3,0.15,0.0005,0.002,45,1.2,40.2400,NaN,-41.2677
0.14,250,0.3,0.15,0.0005,0.002,160,0.7,37.9600,NaN,-40.7083
0.14,250,0.3,0.15,0.0005,0.002,160,0.9,38.7600,NaN,-40.8327
0.14,250,0.3,0.15,0.0005,0.002,160,1.2,39.9600,NaN,-41.0189
0.14,250,0.3,0.15,0.002,0.0001,16,0.7,40.6000,NaN,-31.9562
0.14,250,0.3,0.15,0.002,0.0001,16,0.9,41.5000,NaN,-31.9651
0.14,250,0.3,0.15,0.002,0.0001,16,1.2,42.8600,NaN,-31.9783
0.14,250,0.3,0.15,0.002,0.0001,45,0.7,39.8800,NaN,-31.3911
0.14,250,0.3,0.15,0.002,0.0001,45,0.9,40.7600,NaN,-31.4000
0.14,250,0.3,0.15,0.002,0.0001,45,1.2,42.1000,NaN,-31.4133
0.14,250,0.3,0.15,0.002,0.0001,160,0.7,39.6000,NaN,-31.1651
0.14,250,0.3,0.15,0.002,0.0001,160,0.9,40.4800,NaN,-31.1740
0.14,250,0.3,0.15,0.002,0.0001,160,1.2,41.8000,NaN,-31.1874
0.14,250,0.3,0.15,0.002,0.0003,16,0.7,39.6600,NaN,-34.8260
0.14,250,0.3,0.15,0.002,0.0003,16,0.9,40.5400,NaN,-34.8511
0.14,250,0.3,0.15,0.002,0.0003,16,1.2,41.8600,NaN,-34.8887
0.14,250,0.3,0.15,0.002,0.0003,45,0.7,38.9800,NaN,-34.2328
0.14,250,0.3,0.15,0.002,0.0003,45,0.9,39.8400,NaN,-34.2581
0.14,250,0.3,0.15,0.002,0.0003,45,1.2,41.1400,NaN,-34.2959
0.14,250,0.3,0.15,0.002,0.0003,160,0.7,38.7000,NaN,-33.9955
0.14,250,0.3,0.15,0.002,0.0003,160,0.9,39.5400,NaN,-34.0208
0.14,250,0.3,0.15,0.002,0.0003,160,1.2,40.8400,NaN,-34.0588
0.14,250,0.3,0.15,0.002,0.002,16,0.7,33.2800,NaN,-54.1975
0.14,250,0.3,0.15,0.002,0.002,16,0.9,34.0000,NaN,-54.3086
0.14,250,0.3,0.15,0.002,0.002,16,1.2,35.0600,NaN,-54.4749
0.14,250,0.3,0.15,0.002,0.002,45,0.7,32.8000,NaN,-53.4759
0.14,250,0.3,0.15,0.002,0.002,45,0.9,33.5000,NaN,-53.5884
0.14,250,0.3,0.15,0.002,0.002,45,1.2,34.5400,NaN,-53.7565
0.14,250,0.3,0.15,0.002,0.002,160,0.7,32.6000,NaN,-53.1861
0.14,250,0.3,0.15,0.002,0.002,160,0.9,33.3000,NaN,-53.2991
0.14,250,0.3,0.15,0.002,0.002,160,1.2,34.3400,NaN,-53.4681
0.14,250,0.3,0.15,0.01,0.0001,16,0.7,21.0600,NaN,-78.5235
0.14,250,0.3,0.15,0.01,0.0001,16,0.9,21.5600,NaN,-78.5285
0.14,250,0.3,0.15,0.01,0.0001,16,1.2,22.3400,NaN,-78.5361
0.14,250,0.3,0.15,0.01,0.0001,45,0.7,20.8600,NaN,-77.7981
0.14,250,0.3,0.15,0.01,0.0001,45,0.9,21.3600,NaN,-77.8032
0.14,250,0.3,0.15,0.01,0.0001,45,1.2,22.1400,NaN,-77.8108
0.14,250,0.3,0.15,0.01,0.0001,160,0.7,20.7800,NaN,-77.5045
0.14,250,0.3,0.15,0.01,0.0001,160,0.9,21.2800,NaN,-77.5096
0.14,250,0.3,0.15,0.01,0.0001,160,1.2,22.0600,NaN,-77.5173
0.14,250,0.3,0.15,0.01,0.0003,16,0.7,20.8000,NaN,-79.4874
0.14,250,0.3,0.15,0.01,0.0003,16,0.9,21.3000,NaN,-79.5021
0.14,250,0.3,0.15,0.01,0.0003,16,1.2,22.0600,NaN,-79.5241
0.14,250,0.3,0.15,0.01,0.0003,45,0.7,20.6200,NaN,-78.7666
0.14,250,0.3,0.15,0.01,0.0003,45,0.9,21.1000,NaN,-78.7815
0.14,250,0.3,0.15,0.01,0.0003,45,1.2,21.8600,NaN,-78.8037
0.14,250,0.3,0.15,0.01,0.0003,160,0.7,20.5400,NaN,-78.4748
0.14,250,0.3,0.15,0.01,0.0003,160,0.9,21.0200,NaN,-78.4898
0.14,250,0.3,0.15,0.01,0.0003,160,1.2,21.7800,NaN,-78.5121
0.14,250,0.3,0.15,0.01,0.002,16,0.7,18.8800,NaN,-86.6037
0.14,250,0.3,0.15,0.01,0.002,16,0.9,19.3000,NaN,-86.6798
0.14,250,0.3,0.15,0.01,0.002,16,1.2,19.9600,NaN,-86.7936
0.14,250,0.3,0.15,0.01,0.002,45,0.7,18.7200,NaN,-85.9237
0.14,250,0.3,0.15,0.01,0.002,45,0.9,19.1600,NaN,-86.0009
0.14,250,0.3,0.15,0.01,0.002,45,1.2,19.8000,NaN,-86.1162
0.14,250,0.3,0.15,0.01,0.002,160,0.7,18.6600,NaN,-85.6482
0.14,250,0.3,0.15,0.01,0.002,160,0.9,19.0800,NaN,-85.7257
0.14,250,0.3,0.15,0.01,0.002,160,1.2,19.7400,NaN,-85.8417
0.14,250,1,0.075,0.0005,0.0001,16,0.7,34.7200,48.2800,-8.0675
0.14,250,1,0.075,0.0005,0.0001,16,0.9,35.4800,49.3400,-8.0783
0.14,250,1,0.075,0.0005,0.0001,16,1.2,36.6200,50.9800,-8.0945
0.14,250,1,0.075,0.0005,0.0001,45,0.7,34.1200,47.0400,-7.9290
0.14,250,1,0.075,0.0005,0.0001,45,0.9,34.8600,48.0800,-7.9398
0.14,250,1,0.075,0.0005,0.0001,45,1.2,36.0000,49.6800,-7.9560
0.14,250,1,0.075,0.0005,0.0001,160,0.7,33.8800,46.5600,-7.8740
0.14,250,1,0.075,0.0005,0.0001,160,0.9,34.6200,47.6000,-7.8848
0.14,250,1,0.075,0.0005,0.0001,160,1.2,35.7400,49.1600,-7.9010
0.14,250,1,0.075,0.0005,0.0003,16,0.7,34.0200,58.6200,-10.9904
0.14,250,1,0.075,0.0005,0.0003,16,0.9,34.7600,60.0600,-11.0214
0.14,250,1,0.075,0.0005,0.0003,16,1.2,35.8800,62.2400,-11.0678
0.14,250,1,0.075,0.0005,0.0003,45,0.7,33.4400,56.5400,-10.8101
0.14,250,1,0.075,0.0005,0.0003,45,0.9,34.1600,57.9200,-10.8412
0.14,250,1,0.075,0.0005,0.0003,45,1.2,35.2800,60.0200,-10.8877
0.14,250,1,0.075,0.0005,0.0003,160,0.7,33.2000,55.7400,-10.7385
0.14,250,1,0.075,0.0005,0.0003,160,0.9,33.9400,57.1000,-10.7696
0.14,250,1,0.075,0.0005,0.0003,160,1.2,35.0400,59.1600,-10.8161
0.14,250,1,0.075,0.0005,0.002,16,0.7,29.1600,NaN,-31.4348
0.14,250,1,0.075,0.0005,0.002,16,0.9,29.7800,NaN,-31.5809
0.14,250,1,0.075,0.0005,0.002,16,1.2,30.7200,NaN,-31.7993
0.14,250,1,0.075,0.0005,0.002,45,0.7,28.7200,NaN,-31.0185
0.14,250,1,0.075,0.0005,0.002,45,0.9,29.3400,NaN,-31.1656
0.14,250,1,0.075,0.0005,0.002,45,1.2,30.2600,NaN,-31.3855
0.14,250,1,0.075,0.0005,0.002,160,0.7,28.5600,NaN,-30.8525
0.14,250,1,0.075,0.0005,0.002,160,0.9,29.1600,NaN,-31.0000
0.14,250,1,0.075,0.0005,0.002,160,1.2,30.0800,NaN,-31.2205
0.14,250,1,0.075,0.002,0.0001,16,0.7,30.1600,NaN,-23.9025
0.14,250,1,0.075,0.002,0.0001,16,0.9,30.8200,NaN,-23.9120
0.14,250,1,0.075,0.002,0.0001,16,1.2,31.8400,NaN,-23.9262
0.14,250,1,0.075,0.002,0.0001,45,0.7,29.7000,NaN,-23.5403
0.14,250,1,0.075,0.002,0.0001,45,0.9,30.3600,NaN,-23.5499
0.14,250,1,0.075,0.002,0.0001,45,1.2,31.3600,NaN,-23.5642
0.14,250,1,0.075,0.002,0.0001,160,0.7,29.5200,NaN,-23.3960
0.14,250,1,0.075,0.002,0.0001,160,0.9,30.1800,NaN,-23.4056
0.14,250,1,0.075,0.002,0.0001,160,1.2,31.1600,NaN,-23.4199
0.14,250,1,0.075,0.002,0.0003,16,0.7,29.6400,NaN,-26.1773
0.14,250,1,0.075,0.002,0.0003,16,0.9,30.2800,NaN,-26.2047
0.14,250,1,0.075,0.002,0.0003,16,1.2,31.2800,NaN,-26.2459
0.14,250,1,0.075,0.002,0.0003,45,0.7,29.1800,NaN,-25.7923
0.14,250,1,0.075,0.002,0.0003,45,0.9,29.8400,NaN,-25.8198
0.14,250,1,0.075,0.002,0.0003,45,1.2,30.8200,NaN,-25.8611
0.14,250,1,0.075,0.002,0.0003,160,0.7,29.0200,NaN,-25.6388
0.14,250,1,0.075,0.002,0.0003,160,0.9,29.6600,NaN,-25.6664
0.14,250,1,0.075,0.002,0.0003,160,1.2,30.6200,NaN,-25.7077
0.14,250,1,0.075,0.002,0.002,16,0.7,25.8600,NaN,-42.4280
0.14,250,1,0.075,0.002,0.002,16,0.9,26.4200,NaN,-42.5623
0.14,250,1,0.075,0.002,0.002,16,1.2,27.2600,NaN,-42.7630
0.14,250,1,0.075,0.002,0.002,45,0.7,25.5200,NaN,-41.9138
0.14,250,1,0.075,0.002,0.002,45,0.9,26.0800,NaN,-42.0491
0.14,250,1,0.075,0.002,0.002,45,1.2,26.9000,NaN,-42.2514
0.14,250,1,0.075,0.002,0.002,160,0.7,25.4000,NaN,-41.7083
0.14,250,1,0.075,0.002,0.002,160,0.9,25.9400,NaN,-41.8440
0.14,250,1,0.075,0.002,0.002,160,1.2,26.7600,NaN,-42.0469
0.14,250,1,0.075,0.01,0.0001,16,0.7,17.7800,NaN,-66.9190
0.14,250,1,0.075,0.01,0.0001,16,0.9,18.1800,NaN,-66.9250
0.14,250,1,0.075,0.01,0.0001,16,1.2,18.8200,NaN,-66.9340
0.14,250,1,0.075,0.01,0.0001,45,0.7,17.6200,NaN,-66.3175
0.14,250,1,0.075,0.01,0.0001,45,0.9,18.0200,NaN,-66.3236
0.14,250,1,0.075,0.01,0.0001,45,1.2,18.6600,NaN,-66.3327
0.14,250,1,0.075,0.01,0.0001,160,0.7,17.5600,NaN,-66.0757
0.14,250,1,0.075,0.01,0.0001,160,0.9,17.9600,NaN,-66.0818
0.14,250,1,0.075,0.01,0.0001,160,1.2,18.6000,NaN,-66.0910
0.14,250,1,0.075,0.01,0.0003,16,0.7,17.5800,NaN,-67.8377
0.14,250,1,0.075,0.01,0.0003,16,0.9,18.0000,NaN,-67.8553
0.14,250,1,0.075,0.01,0.0003,16,1.2,18.6200,NaN,-67.8816
0.14,250,1,0.075,0.01,0.0003,45,0.7,17.4400,NaN,-67.2371
0.14,250,1,0.075,0.01,0.0003,45,0.9,17.8400,NaN,-67.2548
0.14,250,1,0.075,0.01,0.0003,45,1.2,18.4600,NaN,-67.2814
0.14,250,1,0.075,0.01,0.0003,160,0.7,17.3600,NaN,-66.9956
0.14,250,1,0.075,0.01,0.0003,160,0.9,17.7800,NaN,-67.0134
0.14,250,1,0.075,0.01,0.0003,160,1.2,18.4000,NaN,-67.0401
0.14,250,1,0.075,0.01,0.002,16,0.7,16.1800,NaN,-74.8039
0.14,250,1,0.075,0.01,0.002,16,0.9,16.5400,NaN,-74.8995
0.14,250,1,0.075,0.01,0.002,16,1.2,17.1000,NaN,-75.0424
0.14,250,1,0.075,0.01,0.002,45,0.7,16.0400,NaN,-74.2156
0.14,250,1,0.075,0.01,0.002,45,0.9,16.4200,NaN,-74.3121
0.14,250,1,0.075,0.01,0.002,45,1.2,16.9600,NaN,-74.4564
0.14,250,1,0.075,0.01,0.002,160,0.7,16.0000,NaN,-73.9788
0.14,250,1,0.075,0.01,0.002,160,0.9,16.3600,NaN,-74.0757
0.14,250,1,0.075,0.01,0.002,160,1.2,16.9200,NaN,-74.2205
0.14,250,1,0.1,0.0005,0.0001,16,0.7,34.8200,48.5000,-8.0987
0.14,250,1,0.1,0.0005,0.0001,16,0.9,35.6000,49.5800,-8.1095
0.14,250,1,0.1,0.0005,0.0001,16,1.2,36.7600,51.2200,-8.1257
0.14,250,1,0.1,0.0005,0.0001,45,0.7,34.2200,47.2600,-7.9602
0.14,250,1,0.1,0.0005,0.0001,45,0.9,34.9800,48.3200,-7.9710
0.14,250,1,0.1,0.0005,0.0001,45,1.2,36.1200,49.9200,-7.9872
0.14,250,1,0.1,0.0005,0.0001,160,0.7,33.9800,46.7800,-7.9052
0.14,250,1,0.1,0.0005,0.0001,160,0.9,34.7200,47.8200,-7.9160
0.14,250,1,0.1,0.0005,0.0001,160,1.2,35.8800,49.4000,-7.9322
0.14,250,1,0.1,0.0005,0.0003,16,0.7,34.1200,59.3200,-11.0799
0.14,250,1,0.1,0.0005,0.0003,16,0.9,34.8800,60.7800,-11.1108
0.14,250,1,0.1,0.0005,0.0003,16,1.2,36.0200,63.0200,-11.1572
0.14,250,1,0.1,0.0005,0.0003,45,0.7,33.5400,57.1800,-10.8998
0.14,250,1,0.1,0.0005,0.0003,45,0.9,34.2800,58.5800,-10.9308
0.14,250,1,0.1,0.0005,0.0003,45,1.2,35.4000,60.7400,-10.9772
0.14,250,1,0.1,0.0005,0.0003,160,0.7,33.3200,56.3800,-10.8282
0.14,250,1,0.1,0.0005,0.0003,160,0.9,34.0400,57.7600,-10.8592
0.14,250,1,0.1,0.0005,0.0003,160,1.2,35.1600,59.8600,-10.9057
0.14,250,1,0.1,0.0005,0.002,16,0.7,29.2600,NaN,-31.8558
0.14,250,1,0.1,0.0005,0.002,16,0.9,29.8800,NaN,-32.0007
0.14,250,1,0.1,0.0005,0.002,16,1.2,30.8200,NaN,-32.2174
0.14,250,1,0.1,0.0005,0.002,45,0.7,28.8200,NaN,-31.4424
0.14,250,1,0.1,0.0005,0.002,45,0.9,29.4400,NaN,-31.5883
0.14,250,1,0.1,0.0005,0.002,45,1.2,30.3600,NaN,-31.8065
0.14,250,1,0.1,0.0005,0.002,160,0.7,28.6600,NaN,-31.2775
0.14,250,1,0.1,0.0005,0.002,160,0.9,29.2600,NaN,-31.4239
0.14,250,1,0.1,0.0005,0.002,160,1.2,30.1800,NaN,-31.6426
0.14,250,1,0.1,0.002,0.0001,16,0.7,30.2600,NaN,-23.9299
0.14,250,1,0.1,0.002,0.0001,16,0.9,30.9400,NaN,-23.9395
0.14,250,1,0.1,0.002,0.0001,16,1.2,31.9600,NaN,-23.9537
0.14,250,1,0.1,0.002,0.0001,45,0.7,29.8000,NaN,-23.5679
0.14,250,1,0.1,0.002,0.0001,45,0.9,30.4600,NaN,-23.5775
0.14,250,1,0.1,0.002,0.0001,45,1.2,31.4800,NaN,-23.5918
0.14,250,1,0.1,0.002,0.0001,160,0.7,29.6200,NaN,-23.4236
0.14,250,1,0.1,0.002,0.0001,160,0.9,30.2800,NaN,-23.4332
0.14,250,1,0.1,0.002,0.0001,160,1.2,31.2800,NaN,-23.4475
0.14,250,1,0.1,0.002,0.0003,16,0.7,29.7200,NaN,-26.2565
0.14,250,1,0.1,0.002,0.0003,16,0.9,30.3800,NaN,-26.2839
0.14,250,1,0.1,0.002,0.0003,16,1.2,31.4000,NaN,-26.3250
0.14,250,1,0.1,0.002,0.0003,45,0.7,29.2800,NaN,-25.8718
0.14,250,1,0.1,0.002,0.0003,45,0.9,29.9400,NaN,-25.8993
0.14,250,1,0.1,0.002,0.0003,45,1.2,30.9200,NaN,-25.9405
0.14,250,1,0.1,0.002,0.0003,160,0.7,29.1000,NaN,-25.7184
0.14,250,1,0.1,0.002,0.0003,160,0.9,29.7600,NaN,-25.7460
0.14,250,1,0.1,0.002,0.0003,160,1.2,30.7400,NaN,-25.7873
0.14,250,1,0.1,0.002,0.002,16,0.7,25.9600,NaN,-42.8149
0.14,250,1,0.1,0.002,0.002,16,0.9,26.5200,NaN,-42.9481
0.14,250,1,0.1,0.002,0.002,16,1.2,27.3600,NaN,-43.1473
0.14,250,1,0.1,0.002,0.002,45,0.7,25.6200,NaN,-42.3037
0.14,250,1,0.1,0.002,0.002,45,0.9,26.1600,NaN,-42.4379
0.14,250,1,0.1,0.002,0.002,45,1.2,27.0000,NaN,-42.6385
0.14,250,1,0.1,0.002,0.002,160,0.7,25.4800,NaN,-42.0993
0.14,250,1,0.1,0.002,0.002,160,0.9,26.0400,NaN,-42.2340
0.14,250,1,0.1,0.002,0.002,160,1.2,26.8600,NaN,-42.4352
0.14,250,1,0.1,0.01,0.0001,16,0.7,17.8400,NaN,-66.9364
0.14,250,1,0.1,0.01,0.0001,16,0.9,18.2600,NaN,-66.9424
0.14,250,1,0.1,0.01,0.0001,16,1.2,18.9200,NaN,-66.9514
0.14,250,1,0.1,0.01,0.0001,45,0.7,17.6800,NaN,-66.3351
0.14,250,1,0.1,0.01,0.0001,45,0.9,18.1000,NaN,-66.3411
0.14,250,1,0.1,0.01,0.0001,45,1.2,18.7600,NaN,-66.3502
0.14,250,1,0.1,0.01,0.0001,160,0.7,17.6200,NaN,-66.0933
0.14,250,1,0.1,0.01,0.0001,160,0.9,18.0400,NaN,-66.0994
0.14,250,1,0.1,0.01,0.0001,160,1.2,18.6800,NaN,-66.1085
0.14,250,1,0.1,0.01,0.0003,16,0.7,17.6600,NaN,-67.8885
0.14,250,1,0.1,0.01,0.0003,16,0.9,18.0800,NaN,-67.9060
0.14,250,1,0.1,0.01,0.0003,16,1.2,18.7200,NaN,-67.9324
0.14,250,1,0.1,0.01,0.0003,45,0.7,17.5000,NaN,-67.2883
0.14,250,1,0.1,0.01,0.0003,45,0.9,17.9200,NaN,-67.3060
0.14,250,1,0.1,0.01,0.0003,45,1.2,18.5600,NaN,-67.3326
0.14,250,1,0.1,0.01,0.0003,160,0.7,17.4400,NaN,-67.0470
0.14,250,1,0.1,0.01,0.0003,160,0.9,17.8600,NaN,-67.0648
0.14,250,1,0.1,0.01,0.0003,160,1.2,18.4800,NaN,-67.0914
0.14,250,1,0.1,0.01,0.002,16,0.7,16.2400,NaN,-75.0793
0.14,250,1,0.1,0.01,0.002,16,0.9,16.6200,NaN,-75.1741
0.14,250,1,0.1,0.01,0.002,16,1.2,17.1800,NaN,-75.3157
0.14,250,1,0.1,0.01,0.002,45,0.7,16.1200,NaN,-74.4937
0.14,250,1,0.1,0.01,0.002,45,0.9,16.4800,NaN,-74.5894
0.14,250,1,0.1,0.01,0.002,45,1.2,17.0400,NaN,-74.7324
0.14,250,1,0.1,0.01,0.002,160,0.7,16.0600,NaN,-74.2580
0.14,250,1,0.1,0.01,0.002,160,0.9,16.4200,NaN,-74.3541
0.14,250,1,0.1,0.01,0.002,160,1.2,16.9800,NaN,-74.4977
0.14,250,1,0.15,0.0005,0.0001,16,0.7,35.0400,48.9600,-8.1610
0.14,250,1,0.15,0.0005,0.0001,16,0.9,35.8400,50.0600,-8.1718
0.14,250,1,0.15,0.0005,0.0001,16,1.2,37.0200,51.7400,-8.1880
0.14,250,1,0.15,0.0005,0.0001,45,0.7,34.4400,47.7000,-8.0226
0.14,250,1,0.15,0.0005,0.0001,45,0.9,35.2200,48.7800,-8.0334
0.14,250,1,0.15,0.0005,0.0001,45,1.2,36.3800,50.4200,-8.0496
0.14,250,1,0.15,0.0005,0.0001,160,0.7,34.2000,47.2200,-7.9677
0.14,250,1,0.15,0.0005,0.0001,160,0.9,34.9600,48.2800,-7.9785
0.14,250,1,0.15,0.0005,0.0001,160,1.2,36.1400,49.9000,-7.9947
0.14,250,1,0.15,0.0005,0.0003,16,0.7,34.3400,60.8200,-11.2584
0.14,250,1,0.15,0.0005,0.0003,16,0.9,35.1000,62.3400,-11.2893
0.14,250,1,0.15,0.0005,0.0003,16,1.2,36.2600,64.6800,-11.3355
0.14,250,1,0.15,0.0005,0.0003,45,0.7,33.7600,58.5600,-11.0786
0.14,250,1,0.15,0.0005,0.0003,45,0.9,34.5000,60.0200,-11.1096
0.14,250,1,0.15,0.0005,0.0003,45,1.2,35.6600,62.2400,-11.1559
0.14,250,1,0.15,0.0005,0.0003,160,0.7,33.5200,57.7000,-11.0072
0.14,250,1,0.15,0.0005,0.0003,160,0.9,34.2800,59.1400,-11.0382
0.14,250,1,0.15,0.0005,0.0003,160,1.2,35.4000,61.3200,-11.0845
0.14,250,1,0.15,0.0005,0.002,16,0.7,29.4600,NaN,-32.6880
0.14,250,1,0.15,0.0005,0.002,16,0.9,30.0800,NaN,-32.8308
0.14,250,1,0.15,0.0005,0.002,16,1.2,31.0400,NaN,-33.0442
0.14,250,1,0.15,0.0005,0.002,45,0.7,29.0200,NaN,-32.2803
0.14,250,1,0.15,0.0005,0.002,45,0.9,29.6400,NaN,-32.4240
0.14,250,1,0.15,0.0005,0.002,45,1.2,30.5800,NaN,-32.6388
0.14,250,1,0.15,0.0005,0.002,160,0.7,28.8400,NaN,-32.1177
0.14,250,1,0.15,0.0005,0.002,160,0.9,29.4600,NaN,-32.2618
0.14,250,1,0.15,0.0005,0.002,160,1.2,30.4000,NaN,-32.4772
0.14,250,1,0.15,0.002,0.0001,16,0.7,30.4600,NaN,-23.9849
0.14,250,1,0.15,0.002,0.0001,16,0.9,31.1600,NaN,-23.9944
0.14,250,1,0.15,0.002,0.0001,16,1.2,32.2000,NaN,-24.0086
0.14,250,1,0.15,0.002,0.0001,45,0.7,30.0000,NaN,-23.6230
0.14,250,1,0.15,0.002,0.0001,45,0.9,30.6800,NaN,-23.6326
0.14,250,1,0.15,0.002,0.0001,45,1.2,31.7200,NaN,-23.6469
0.14,250,1,0.15,0.002,0.0001,160,0.7,29.8200,NaN,-23.4788
0.14,250,1,0.15,0.002,0.0001,160,0.9,30.5000,NaN,-23.4884
0.14,250,1,0.15,0.002,0.0001,160,1.2,31.5400,NaN,-23.5027
0.14,250,1,0.15,0.002,0.0003,16,0.7,29.9200,NaN,-26.4147
0.14,250,1,0.15,0.002,0.0003,16,0.9,30.6000,NaN,-26.4420
0.14,250,1,0.15,0.002,0.0003,16,1.2,31.6200,NaN,-26.4830
0.14,250,1,0.15,0.002,0.0003,45,0.7,29.4800,NaN,-26.0306
0.14,250,1,0.15,0.002,0.0003,45,0.9,30.1400,NaN,-26.0580
0.14,250,1,0.15,0.002,0.0003,45,1.2,31.1600,NaN,-26.0991
0.14,250,1,0.15,0.002,0.0003,160,0.7,29.3000,NaN,-25.8774
0.14,250,1,0.15,0.002,0.0003,160,0.9,29.9600,NaN,-25.9049
0.14,250,1,0.15,0.002,0.0003,160,1.2,30.9800,NaN,-25.9461
0.14,250,1,0.15,0.002,0.002,16,0.7,26.1400,NaN,-43.5796
0.14,250,1,0.15,0.002,0.002,16,0.9,26.7000,NaN,-43.7108
0.14,250,1,0.15,0.002,0.002,16,1.2,27.5600,NaN,-43.9068
0.14,250,1,0.15,0.002,0.002,45,0.7,25.8000,NaN,-43.0741
0.14,250,1,0.15,0.002,0.002,45,0.9,26.3600,NaN,-43.2063
0.14,250,1,0.15,0.002,0.002,45,1.2,27.2000,NaN,-43.4037
0.14,250,1,0.15,0.002,0.002,160,0.7,25.6600,NaN,-42.8721
0.14,250,1,0.15,0.002,0.002,160,0.9,26.2200,NaN,-43.0046
0.14,250,1,0.15,0.002,0.002,160,1.2,27.0600,NaN,-43.2027
0.14,250,1,0.15,0.01,0.0001,16,0.7,18.0000,NaN,-66.9711
0.14,250,1,0.15,0.01,0.0001,16,0.9,18.4400,NaN,-66.9771
0.14,250,1,0.15,0.01,0.0001,16,1.2,19.1200,NaN,-66.9861
0.14,250,1,0.15,0.01,0.0001,45,0.7,17.8400,NaN,-66.3701
0.14,250,1,0.15,0.01,0.0001,45,0.9,18.2800,NaN,-66.3761
0.14,250,1,0.15,0.01,0.0001,45,1.2,18.9400,NaN,-66.3852
0.14,250,1,0.15,0.01,0.0001,160,0.7,17.7600,NaN,-66.1284
0.14,250,1,0.15,0.01,0.0001,160,0.9,18.2000,NaN,-66.1345
0.14,250,1,0.15,0.01,0.0001,160,1.2,18.8800,NaN,-66.1436
0.14,250,1,0.15,0.01,0.0003,16,0.7,17.8000,NaN,-67.9898
0.14,250,1,0.15,0.01,0.0003,16,0.9,18.2400,NaN,-68.0073
0.14,250,1,0.15,0.01,0.0003,16,1.2,18.9000,NaN,-68.0336
0.14,250,1,0.15,0.01,0.0003,45,0.7,17.6400,NaN,-67.3905
0.14,250,1,0.15,0.01,0.0003,45,0.9,18.0800,NaN,-67.4082
0.14,250,1,0.15,0.01,0.0003,45,1.2,18.7400,NaN,-67.4347
0.14,250,1,0.15,0.01,0.0003,160,0.7,17.5800,NaN,-67.1496
0.14,250,1,0.15,0.01,0.0003,160,0.9,18.0200,NaN,-67.1673
0.14,250,1,0.15,0.01,0.0003,160,1.2,18.6800,NaN,-67.1939
0.14,250,1,0.15,0.01,0.002,16,0.7,16.3600,NaN,-75.6231
0.14,250,1,0.15,0.01,0.002,16,0.9,16.7600,NaN,-75.7163
0.14,250,1,0.15,0.01,0.002,16,1.2,17.3400,NaN,-75.8556
0.14,250,1,0.15,0.01,0.002,45,0.7,16.2400,NaN,-75.0428
0.14,250,1,0.15,0.01,0.002,45,0.9,16.6200,NaN,-75.1369
0.14,250,1,0.15,0.01,0.002,45,1.2,17.2000,NaN,-75.2776
0.14,250,1,0.15,0.01,0.002,160,0.7,16.1800,NaN,-74.8093
0.14,250,1,0.15,0.01,0.002,160,0.9,16.5600,NaN,-74.9038
0.14,250,1,0.15,0.01,0.002,160,1.2,17.1400,NaN,-75.0450
0.14,1000,0.3,0.075,0.0005,0.0001,16,0.7,14.5600,16.3200,-3.4583
0.14,1000,0.3,0.075,0.0005,0.0001,16,0.9,14.9200,16.7200,-3.4696
0.14,1000,0.3,0.075,0.0005,0.0001,16,1.2,15.4600,17.3200,-3.4864
0.14,1000,0.3,0.075,0.0005,0.0001,45,0.7,13.3800,14.8400,-3.1857
0.14,1000,0.3,0.075,0.0005,0.0001,45,0.9,13.7000,15.2000,-3.1969
0.14,1000,0.3,0.075,0.0005,0.0001,45,1.2,14.2000,15.7600,-3.2138
0.14,1000,0.3,0.075,0.0005,0.0001,160,0.7,12.9000,14.2600,-3.0772
0.14,1000,0.3,0.075,0.0005,0.0001,160,0.9,13.2200,14.6000,-3.0885
0.14,1000,0.3,0.075,0.0005,0.0001,160,1.2,13.7000,15.1400,-3.1054
0.14,1000,0.3,0.075,0.0005,0.0003,16,0.7,14.4400,17.0600,-4.9239
0.14,1000,0.3,0.075,0.0005,0.0003,16,0.9,14.7800,17.5000,-4.9569
0.14,1000,0.3,0.075,0.0005,0.0003,16,1.2,15.3200,18.1400,-5.0064
0.14,1000,0.3,0.075,0.0005,0.0003,45,0.7,13.2600,15.4600,-4.5606
0.14,1000,0.3,0.075,0.0005,0.0003,45,0.9,13.5800,15.8400,-4.5937
0.14,1000,0.3,0.075,0.0005,0.0003,45,1.2,14.0800,16.4400,-4.6434
0.14,1000,0.3,0.075,0.0005,0.0003,160,0.7,12.8000,14.8200,-4.4159
0.14,1000,0.3,0.075,0.0005,0.0003,160,0.9,13.1200,15.2000,-4.4491
0.14,1000,0.3,0.075,0.0005,0.0003,160,1.2,13.6000,15.7800,-4.4989
0.14,1000,0.3,0.075,0.0005,0.002,16,0.7,13.4800,NaN,-16.2171
0.14,1000,0.3,0.075,0.0005,0.002,16,0.9,13.7800,NaN,-16.4017
0.14,1000,0.3,0.075,0.0005,0.002,16,1.2,14.2600,NaN,-16.6776
0.14,1000,0.3,0.075,0.0005,0.002,45,0.7,12.4400,NaN,-15.2194
0.14,1000,0.3,0.075,0.0005,0.002,45,0.9,12.7400,NaN,-15.4067
0.14,1000,0.3,0.075,0.0005,0.002,45,1.2,13.1800,NaN,-15.6865
0.14,1000,0.3,0.075,0.0005,0.002,160,0.7,12.0400,NaN,-14.8193
0.14,1000,0.3,0.075,0.0005,0.002,160,0.9,12.3200,NaN,-15.0076
0.14,1000,0.3,0.075,0.0005,0.002,160,1.2,12.7600,NaN,-15.2890
0.14,1000,0.3,0.075,0.002,0.0001,16,0.7,13.7000,24.1600,-10.8767
0.14,1000,0.3,0.075,0.002,0.0001,16,0.9,14.0400,24.7600,-10.8873
0.14,1000,0.3,0.075,0.002,0.0001,16,1.2,14.5600,25.6600,-10.9033
0.14,1000,0.3,0.075,0.002,0.0001,45,0.7,12.6400,20.4200,-10.0377
0.14,1000,0.3,0.075,0.002,0.0001,45,0.9,12.9600,20.9200,-10.0484
0.14,1000,0.3,0.075,0.002,0.0001,45,1.2,13.4400,21.7000,-10.0645
0.14,1000,0.3,0.075,0.002,0.0001,160,0.7,12.2200,19.1600,-9.7017
0.14,1000,0.3,0.075,0.002,0.0001,160,0.9,12.5200,19.6400,-9.7125
0.14,1000,0.3,0.075,0.002,0.0001,160,1.2,13.0000,20.3600,-9.7286
0.14,1000,0.3,0.075,0.002,0.0003,16,0.7,13.6000,29.3400,-12.1992
0.14,1000,0.3,0.075,0.002,0.0003,16,0.9,13.9200,30.2200,-12.2305
0.14,1000,0.3,0.075,0.002,0.0003,16,1.2,14.4400,31.6000,-12.2773
0.14,1000,0.3,0.075,0.002,0.0003,45,0.7,12.5600,23.0000,-11.2898
0.14,1000,0.3,0.075,0.002,0.0003,45,0.9,12.8600,23.6200,-11.3213
0.14,1000,0.3,0.075,0.002,0.0003,45,1.2,13.3400,24.6000,-11.3685
0.14,1000,0.3,0.075,0.002,0.0003,160,0.7,12.1400,21.2400,-10.9252
0.14,1000,0.3,0.075,0.002,0.0003,160,0.9,12.4400,21.8000,-10.9568
0.14,1000,0.3,0.075,0.002,0.0003,160,1.2,12.9000,22.6800,-11.0042
0.14,1000,0.3,0.075,0.002,0.002,16,0.7,12.7400,NaN,-22.4344
0.14,1000,0.3,0.075,0.002,0.002,16,0.9,13.0400,NaN,-22.6105
0.14,1000,0.3,0.075,0.002,0.002,16,1.2,13.5000,NaN,-22.8737
0.14,1000,0.3,0.075,0.002,0.002,45,0.7,11.8200,NaN,-21.0317
0.14,1000,0.3,0.075,0.002,0.002,45,0.9,12.1000,NaN,-21.2110
0.14,1000,0.3,0.075,0.002,0.002,45,1.2,12.5200,NaN,-21.4788
0.14,1000,0.3,0.075,0.002,0.002,160,0.7,11.4400,NaN,-20.4657
0.14,1000,0.3,0.075,0.002,0.002,160,0.9,11.7200,NaN,-20.6462
0.14,1000,0.3,0.075,0.002,0.002,160,1.2,12.1400,NaN,-20.9159
0.14,1000,0.3,0.075,0.01,0.0001,16,0.7,10.4400,NaN,-39.1152
0.14,1000,0.3,0.075,0.01,0.0001,16,0.9,10.7200,NaN,-39.1235
0.14,1000,0.3,0.075,0.01,0.0001,16,1.2,11.1200,NaN,-39.1360
0.14,1000,0.3,0.075,0.01,0.0001,45,0.7,9.8200,NaN,-36.7546
0.14,1000,0.3,0.075,0.01,0.0001,45,0.9,10.0800,NaN,-36.7631
0.14,1000,0.3,0.075,0.01,0.0001,45,1.2,10.4800,NaN,-36.7759
0.14,1000,0.3,0.075,0.01,0.0001,160,0.7,9.5600,NaN,-35.7834
0.14,1000,0.3,0.075,0.01,0.0001,160,0.9,9.8200,NaN,-35.7920
0.14,1000,0.3,0.075,0.01,0.0001,160,1.2,10.2000,NaN,-35.8049
0.14,1000,0.3,0.075,0.01,0.0003,16,0.7,10.3800,NaN,-39.9594
0.14,1000,0.3,0.075,0.01,0.0003,16,0.9,10.6400,NaN,-39.9839
0.14,1000,0.3,0.075,0.01,0.0003,16,1.2,11.0600,NaN,-40.0207
0.14,1000,0.3,0.075,0.01,0.0003,45,0.7,9.7600,NaN,-37.5815
0.14,1000,0.3,0.075,0.01,0.0003,45,0.9,10.0200,NaN,-37.6067
0.14,1000,0.3,0.075,0.01,0.0003,45,1.2,10.4200,NaN,-37.6443
0.14,1000,0.3,0.075,0.01,0.0003,160,0.7,9.5200,NaN,-36.6028
0.14,1000,0.3,0.075,0.01,0.0003,160,0.9,9.7600,NaN,-36.6282
0.14,1000,0.3,0.075,0.01,0.0003,160,1.2,10.1400,NaN,-36.6662
0.14,1000,0.3,0.075,0.01,0.002,16,0.7,9.8600,NaN,-46.6025
0.14,1000,0.3,0.075,0.01,0.002,16,0.9,10.1200,NaN,-46.7449
0.14,1000,0.3,0.075,0.01,0.002,16,1.2,10.4800,NaN,-46.9577
0.14,1000,0.3,0.075,0.01,0.002,45,0.7,9.3000,NaN,-44.1097
0.14,1000,0.3,0.075,0.01,0.002,45,0.9,9.5400,NaN,-44.2564
0.14,1000,0.3,0.075,0.01,0.002,45,1.2,9.9000,NaN,-44.4756
0.14,1000,0.3,0.075,0.01,0.002,160,0.7,9.0800,NaN,-43.0796
0.14,1000,0.3,0.075,0.01,0.002,160,0.9,9.3000,NaN,-43.2280
0.14,1000,0.3,0.075,0.01,0.002,160,1.2,9.6600,NaN,-43.4499
0.14,1000,0.3,0.1,0.0005,0.0001,16,0.7,14.6200,16.4200,-3.4908
0.14,1000,0.3,0.1,0.0005,0.0001,16,0.9,14.9800,16.8200,-3.5020
0.14,1000,0.3,0.1,0.0005,0.0001,16,1.2,15.5400,17.4400,-3.5189
0.14,1000,0.3,0.1,0.0005,0.0001,45,0.7,13.4400,14.9200,-3.2182
0.14,1000,0.3,0.1,0.0005,0.0001,45,0.9,13.7600,15.3000,-3.2295
0.14,1000,0.3,0.1,0.0005,0.0001,45,1.2,14.2800,15.8600,-3.2464
0.14,1000,0.3,0.1,0.0005,0.0001,160,0.7,12.9600,14.3400,-3.1098
0.14,1000,0.3,0.1,0.0005,0.0001,160,0.9,13.2800,14.7000,-3.1211
0.14,1000,0.3,0.1,0.0005,0.0001,160,1.2,13.7800,15.2600,-3.1380
0.14,1000,0.3,0.1,0.0005,0.0003,16,0.7,14.5000,17.2000,-5.0192
0.14,1000,0.3,0.1,0.0005,0.0003,16,0.9,14.8600,17.6400,-5.0522
0.14,1000,0.3,0.1,0.0005,0.0003,16,1.2,15.4000,18.3000,-5.1016
0.14,1000,0.3,0.1,0.0005,0.0003,45,0.7,13.3200,15.5800,-4.6563
0.14,1000,0.3,0.1,0.0005,0.0003,45,0.9,13.6600,15.9800,-4.6894
0.14,1000,0.3,0.1,0.0005,0.0003,45,1.2,14.1600,16.6000,-4.7390
0.14,1000,0.3,0.1,0.0005,0.0003,160,0.7,12.8600,14.9400,-4.5118
0.14,1000,0.3,0.1,0.0005,0.0003,160,0.9,13.1800,15.3200,-4.5449
0.14,1000,0.3,0.1,0.0005,0.0003,160,1.2,13.6800,15.9200,-4.5946
0.14,1000,0.3,0.1,0.0005,0.002,16,0.7,13.5200,NaN,-16.7489
0.14,1000,0.3,0.1,0.0005,0.002,16,0.9,13.8400,NaN,-16.9319
0.14,1000,0.3,0.1,0.0005,0.002,16,1.2,14.3400,NaN,-17.2054
0.14,1000,0.3,0.1,0.0005,0.002,45,0.7,12.5000,NaN,-15.7589
0.14,1000,0.3,0.1,0.0005,0.002,45,0.9,12.8000,NaN,-15.9445
0.14,1000,0.3,0.1,0.0005,0.002,45,1.2,13.2600,NaN,-16.2220
0.14,1000,0.3,0.1,0.0005,0.002,160,0.7,12.0800,NaN,-15.3618
0.14,1000,0.3,0.1,0.0005,0.002,160,0.9,12.3800,NaN,-15.5485
0.14,1000,0.3,0.1,0.0005,0.002,160,1.2,12.8200,NaN,-15.8275
0.14,1000,0.3,0.1,0.002,0.0001,16,0.7,13.7600,24.3400,-10.9074
0.14,1000,0.3,0.1,0.002,0.0001,16,0.9,14.1200,24.9400,-10.9181
0.14,1000,0.3,0.1,0.002,0.0001,16,1.2,14.6400,25.8600,-10.9340
0.14,1000,0.3,0.1,0.002,0.0001,45,0.7,12.7000,20.5600,-10.0687
0.14,1000,0.3,0.1,0.002,0.0001,45,0.9,13.0200,21.0600,-10.0794
0.14,1000,0.3,0.1,0.002,0.0001,45,1.2,13.5200,21.8600,-10.0954
0.14,1000,0.3,0.1,0.002,0.0001,160,0.7,12.2800,19.2800,-9.7327
0.14,1000,0.3,0.1,0.002,0.0001,160,0.9,12.6000,19.7600,-9.7435
0.14,1000,0.3,0.1,0.002,0.0001,160,1.2,13.0800,20.5200,-9.7596
0.14,1000,0.3,0.1,0.002,0.0003,16,0.7,13.6600,30.0800,-12.2895
0.14,1000,0.3,0.1,0.002,0.0003,16,0.9,14.0000,31.0200,-12.3207
0.14,1000,0.3,0.1,0.002,0.0003,16,1.2,14.5200,32.4800,-12.3675
0.14,1000,0.3,0.1,0.002,0.0003,45,0.7,12.6200,23.3600,-11.3807
0.14,1000,0.3,0.1,0.002,0.0003,45,0.9,12.9200,24.0000,-11.4122
0.14,1000,0.3,0.1,0.002,0.0003,45,1.2,13.4200,25.0000,-11.4594
0.14,1000,0.3,0.1,0.002,0.0003,160,0.7,12.2000,21.5400,-11.0165
0.14,1000,0.3,0.1,0.002,0.0003,160,0.9,12.5000,22.1200,-11.0480
0.14,1000,0.3,0.1,0.002,0.0003,160,1.2,12.9800,23.0400,-11.0954
0.14,1000,0.3,0.1,0.002,0.002,16,0.7,12.7800,NaN,-22.9417
0.14,1000,0.3,0.1,0.002,0.002,16,0.9,13.1000,NaN,-23.1163
0.14,1000,0.3,0.1,0.002,0.002,16,1.2,13.5600,NaN,-23.3772
0.14,1000,0.3,0.1,0.002,0.002,45,0.7,11.8600,NaN,-21.5480
0.14,1000,0.3,0.1,0.002,0.002,45,0.9,12.1600,NaN,-21.7257
0.14,1000,0.3,0.1,0.002,0.002,45,1.2,12.6000,NaN,-21.9912
0.14,1000,0.3,0.1,0.002,0.002,160,0.7,11.5000,NaN,-20.9856
0.14,1000,0.3,0.1,0.002,0.002,160,0.9,11.7800,NaN,-21.1646
0.14,1000,0.3,0.1,0.002,0.002,160,1.2,12.2000,NaN,-21.4320
0.14,1000,0.3,0.1,0.01,0.0001,16,0.7,10.5000,NaN,-39.1392
0.14,1000,0.3,0.1,0.01,0.0001,16,0.9,10.7800,NaN,-39.1476
0.14,1000,0.3,0.1,0.01,0.0001,16,1.2,11.2000,NaN,-39.1600
0.14,1000,0.3,0.1,0.01,0.0001,45,0.7,9.8800,NaN,-36.7792
0.14,1000,0.3,0.1,0.01,0.0001,45,0.9,10.1400,NaN,-36.7877
0.14,1000,0.3,0.1,0.01,0.0001,45,1.2,10.5600,NaN,-36.8005
0.14,1000,0.3,0.1,0.01,0.0001,160,0.7,9.6200,NaN,-35.8083
0.14,1000,0.3,0.1,0.01,0.0001,160,0.9,9.8800,NaN,-35.8169
0.14,1000,0.3,0.1,0.01,0.0001,160,1.2,10.2800,NaN,-35.8297
0.14,1000,0.3,0.1,0.01,0.0003,16,0.7,10.4400,NaN,-40.0303
0.14,1000,0.3,0.1,0.01,0.0003,16,0.9,10.7000,NaN,-40.0548
0.14,1000,0.3,0.1,0.01,0.0003,16,1.2,11.1400,NaN,-40.0915
0.14,1000,0.3,0.1,0.01,0.0003,45,0.7,9.8200,NaN,-37.6541
0.14,1000,0.3,0.1,0.01,0.0003,45,0.9,10.0800,NaN,-37.6792
0.14,1000,0.3,0.1,0.01,0.0003,45,1.2,10.4800,NaN,-37.7168
0.14,1000,0.3,0.1,0.01,0.0003,160,0.7,9.5600,NaN,-36.6761
0.14,1000,0.3,0.1,0.01,0.0003,160,0.9,9.8200,NaN,-36.7014
0.14,1000,0.3,0.1,0.01,0.0003,160,1.2,10.2200,NaN,-36.7394
0.14,1000,0.3,0.1,0.01,0.002,16,0.7,9.9200,NaN,-47.0127
0.14,1000,0.3,0.1,0.01,0.002,16,0.9,10.1600,NaN,-47.1538
0.14,1000,0.3,0.1,0.01,0.002,16,1.2,10.5600,NaN,-47.3647
0.14,1000,0.3,0.1,0.01,0.002,45,0.7,9.3600,NaN,-44.5323
0.14,1000,0.3,0.1,0.01,0.002,45,0.9,9.6000,NaN,-44.6777
0.14,1000,0.3,0.1,0.01,0.002,45,1.2,9.9800,NaN,-44.8950
0.14,1000,0.3,0.1,0.01,0.002,160,0.7,9.1200,NaN,-43.5073
0.14,1000,0.3,0.1,0.01,0.002,160,0.9,9.3600,NaN,-43.6544
0.14,1000,0.3,0.1,0.01,0.002,160,1.2,9.7200,NaN,-43.8743
0.14,1000,0.3,0.15,0.0005,0.0001,16,0.7,14.7600,16.6000,-3.5557
0.14,1000,0.3,0.15,0.0005,0.0001,16,0.9,15.1400,17.0200,-3.5669
0.14,1000,0.3,0.15,0.0005,0.0001,16,1.2,15.7200,17.6800,-3.5838
0.14,1000,0.3,0.15,0.0005,0.0001,45,0.7,13.5600,15.0800,-3.2833
0.14,1000,0.3,0.15,0.0005,0.0001,45,0.9,13.9200,15.4800,-3.2946
0.14,1000,0.3,0.15,0.0005,0.0001,45,1.2,14.4600,16.1000,-3.3114
0.14,1000,0.3,0.15,0.0005,0.0001,160,0.7,13.0800,14.5000,-3.1749
0.14,1000,0.3,0.15,0.0005,0.0001,160,0.9,13.4200,14.8800,-3.1862
0.14,1000,0.3,0.15,0.0005,0.0001,160,1.2,13.9600,15.4800,-3.2031
0.14,1000,0.3,0.15,0.0005,0.0003,16,0.7,14.6200,17.4800,-5.2094
0.14,1000,0.3,0.15,0.0005,0.0003,16,0.9,15.0000,17.9400,-5.2423
0.14,1000,0.3,0.15,0.0005,0.0003,16,1.2,15.5800,18.6400,-5.2916
0.14,1000,0.3,0.15,0.0005,0.0003,45,0.7,13.4400,15.8200,-4.8472
0.14,1000,0.3,0.15,0.0005,0.0003,45,0.9,13.8000,16.2400,-4.8802
0.14,1000,0.3,0.15,0.0005,0.0003,45,1.2,14.3400,16.9000,-4.9297
0.14,1000,0.3,0.15,0.0005,0.0003,160,0.7,12.9800,15.1800,-4.7030
0.14,1000,0.3,0.15,0.0005,0.0003,160,0.9,13.3200,15.6000,-4.7360
0.14,1000,0.3,0.15,0.0005,0.0003,160,1.2,13.8400,16.2200,-4.7856
0.14,1000,0.3,0.15,0.0005,0.002,16,0.7,13.6400,NaN,-17.7988
0.14,1000,0.3,0.15,0.0005,0.002,16,0.9,13.9800,NaN,-17.9787
0.14,1000,0.3,0.15,0.0005,0.002,16,1.2,14.4800,NaN,-18.2476
0.14,1000,0.3,0.15,0.0005,0.002,45,0.7,12.6000,NaN,-16.8239
0.14,1000,0.3,0.15,0.0005,0.002,45,0.9,12.9200,NaN,-17.0064
0.14,1000,0.3,0.15,0.0005,0.002,45,1.2,13.4000,NaN,-17.2791
0.14,1000,0.3,0.15,0.0005,0.002,160,0.7,12.2000,NaN,-16.4329
0.14,1000,0.3,0.15,0.0005,0.002,160,0.9,12.5000,NaN,-16.6165
0.14,1000,0.3,0.15,0.0005,0.002,160,1.2,12.9600,NaN,-16.8907
0.14,1000,0.3,0.15,0.002,0.0001,16,0.7,13.9000,24.7000,-10.9688
0.14,1000,0.3,0.15,0.002,0.0001,16,0.9,14.2600,25.3200,-10.9795
0.14,1000,0.3,0.15,0.002,0.0001,16,1.2,14.8200,26.3000,-10.9954
0.14,1000,0.3,0.15,0.002,0.0001,45,0.7,12.8400,20.8400,-10.1305
0.14,1000,0.3,0.15,0.002,0.0001,45,0.9,13.1800,21.3600,-10.1412
0.14,1000,0.3,0.15,0.002,0.0001,45,1.2,13.7000,22.2000,-10.1572
0.14,1000,0.3,0.15,0.002,0.0001,160,0.7,12.4000,19.5400,-9.7947
0.14,1000,0.3,0.15,0.002,0.0001,160,0.9,12.7400,20.0400,-9.8055
0.14,1000,0.3,0.15,0.002,0.0001,160,1.2,13.2400,20.8400,-9.8215
0.14,1000,0.3,0.15,0.002,0.0003,16,0.7,13.7800,31.8400,-12.4696
0.14,1000,0.3,0.15,0.002,0.0003,16,0.9,14.1400,32.9200,-12.5007
0.14,1000,0.3,0.15,0.002,0.0003,16,1.2,14.6800,34.6200,-12.5474
0.14,1000,0.3,0.15,0.002,0.0003,45,0.7,12.7400,24.1200,-11.5623
0.14,1000,0.3,0.15,0.002,0.0003,45,0.9,13.0600,24.8200,-11.5937
0.14,1000,0.3,0.15,0.002,0.0003,45,1.2,13.5800,25.9000,-11.6407
0.14,1000,0.3,0.15,0.002,0.0003,160,0.7,12.3200,22.1600,-11.1986
0.14,1000,0.3,0.15,0.002,0.0003,160,0.9,12.6400,22.7800,-11.2301
0.14,1000,0.3,0.15,0.002,0.0003,160,1.2,13.1400,23.7600,-11.2773
0.14,1000,0.3,0.15,0.002,0.002,16,0.7,12.9000,NaN,-23.9434
0.14,1000,0.3,0.15,0.002,0.002,16,0.9,13.2200,NaN,-24.1150
0.14,1000,0.3,0.15,0.002,0.002,16,1.2,13.7000,NaN,-24.3715
0.14,1000,0.3,0.15,0.002,0.002,45,0.7,11.9800,NaN,-22.5674
0.14,1000,0.3,0.15,0.002,0.002,45,0.9,12.2800,NaN,-22.7420
0.14,1000,0.3,0.15,0.002,0.002,45,1.2,12.7400,NaN,-23.0030
0.14,1000,0.3,0.15,0.002,0.002,160,0.7,11.6000,NaN,-22.0121
0.14,1000,0.3,0.15,0.002,0.002,160,0.9,11.9000,NaN,-22.1880
0.14,1000,0.3,0.15,0.002,0.002,160,1.2,12.3400,NaN,-22.4508
0.14,1000,0.3,0.15,0.01,0.0001,16,0.7,10.6200,NaN,-39.1873
0.14,1000,0.3,0.15,0.01,0.0001,16,0.9,10.9200,NaN,-39.1956
0.14,1000,0.3,0.15,0.01,0.0001,16,1.2,11.3800,NaN,-39.2080
0.14,1000,0.3,0.15,0.01,0.0001,45,0.7,10.0000,NaN,-36.8283
0.14,1000,0.3,0.15,0.01,0.0001,45,0.9,10.2800,NaN,-36.8368
0.14,1000,0.3,0.15,0.01,0.0001,45,1.2,10.7200,NaN,-36.8496
0.14,1000,0.3,0.15,0.01,0.0001,160,0.7,9.7400,NaN,-35.8579
0.14,1000,0.3,0.15,0.01,0.0001,160,0.9,10.0200,NaN,-35.8665
0.14,1000,0.3,0.15,0.01,0.0001,160,1.2,10.4400,NaN,-35.8794
0.14,1000,0.3,0.15,0.01,0.0003,16,0.7,10.5400,NaN,-40.1717
0.14,1000,0.3,0.15,0.01,0.0003,16,0.9,10.8400,NaN,-40.1961
0.14,1000,0.3,0.15,0.01,0.0003,16,1.2,11.3000,NaN,-40.2327
0.14,1000,0.3,0.15,0.01,0.0003,45,0.7,9.9200,NaN,-37.7989
0.14,1000,0.3,0.15,0.01,0.0003,45,0.9,10.2000,NaN,-37.8240
0.14,1000,0.3,0.15,0.01,0.0003,45,1.2,10.6400,NaN,-37.8615
0.14,1000,0.3,0.15,0.01,0.0003,160,0.7,9.6800,NaN,-36.8223
0.14,1000,0.3,0.15,0.01,0.0003,160,0.9,9.9400,NaN,-36.8476
0.14,1000,0.3,0.15,0.01,0.0003,160,1.2,10.3800,NaN,-36.8855
0.14,1000,0.3,0.15,0.01,0.002,16,0.7,10.0200,NaN,-47.8223
0.14,1000,0.3,0.15,0.01,0.002,16,0.9,10.2800,NaN,-47.9610
0.14,1000,0.3,0.15,0.01,0.002,16,1.2,10.7000,NaN,-48.1683
0.14,1000,0.3,0.15,0.01,0.002,45,0.7,9.4600,NaN,-45.3663
0.14,1000,0.3,0.15,0.01,0.002,45,0.9,9.7000,NaN,-45.5092
0.14,1000,0.3,0.15,0.01,0.002,45,1.2,10.1000,NaN,-45.7227
0.14,1000,0.3,0.15,0.01,0.002,160,0.7,9.2200,NaN,-44.3514
0.14,1000,0.3,0.15,0.01,0.002,160,0.9,9.4800,NaN,-44.4960
0.14,1000,0.3,0.15,0.01,0.002,160,1.2,9.8600,NaN,-44.7121
0.14,1000,1,0.075,0.0005,0.0001,16,0.7,10.0000,10.8000,-2.4152
0.14,1000,1,0.075,0.0005,0.0001,16,0.9,10.2600,11.0800,-2.4265
0.14,1000,1,0.075,0.0005,0.0001,16,1.2,10.6600,11.5200,-2.4435
0.14,1000,1,0.075,0.0005,0.0001,45,0.7,9.3400,10.0200,-2.2635
0.14,1000,1,0.075,0.0005,0.0001,45,0.9,9.5800,10.3000,-2.2749
0.14,1000,1,0.075,0.0005,0.0001,45,1.2,9.9600,10.7000,-2.2919
0.14,1000,1,0.075,0.0005,0.0001,160,0.7,9.0800,9.7200,-2.2033
0.14,1000,1,0.075,0.0005,0.0001,160,0.9,9.3200,9.9800,-2.2146
0.14,1000,1,0.075,0.0005,0.0001,160,1.2,9.6800,10.3800,-2.2317
0.14,1000,1,0.075,0.0005,0.0003,16,0.7,9.9400,11.1400,-3.5312
0.14,1000,1,0.075,0.0005,0.0003,16,0.9,10.2000,11.4200,-3.5647
0.14,1000,1,0.075,0.0005,0.0003,16,1.2,10.6000,11.8800,-3.6149
0.14,1000,1,0.075,0.0005,0.0003,45,0.7,9.2800,10.3200,-3.3281
0.14,1000,1,0.075,0.0005,0.0003,45,0.9,9.5200,10.6000,-3.3616
0.14,1000,1,0.075,0.0005,0.0003,45,1.2,9.9000,11.0400,-3.4119
0.14,1000,1,0.075,0.0005,0.0003,160,0.7,9.0200,10.0000,-3.2474
0.14,1000,1,0.075,0.0005,0.0003,160,0.9,9.2600,10.2800,-3.2810
0.14,1000,1,0.075,0.0005,0.0003,160,1.2,9.6400,10.7000,-3.3313
0.14,1000,1,0.075,0.0005,0.002,16,0.7,9.4600,18.1200,-12.3335
0.14,1000,1,0.075,0.0005,0.002,16,0.9,9.7000,19.1200,-12.5286
0.14,1000,1,0.075,0.0005,0.002,16,1.2,10.0800,20.8400,-12.8202
0.14,1000,1,0.075,0.0005,0.002,45,0.7,8.8800,15.7400,-11.7536
0.14,1000,1,0.075,0.0005,0.002,45,0.9,9.1000,16.4800,-11.9503
0.14,1000,1,0.075,0.0005,0.002,45,1.2,9.4400,17.7200,-12.2442
0.14,1000,1,0.075,0.0005,0.002,160,0.7,8.6400,14.9200,-11.5222
0.14,1000,1,0.075,0.0005,0.002,160,0.9,8.8600,15.6000,-11.7195
0.14,1000,1,0.075,0.0005,0.002,160,1.2,9.2000,16.7400,-12.0144
0.14,1000,1,0.075,0.002,0.0001,16,0.7,9.6000,13.0200,-7.6211
0.14,1000,1,0.075,0.002,0.0001,16,0.9,9.8400,13.3600,-7.6320
0.14,1000,1,0.075,0.002,0.0001,16,1.2,10.2400,13.8800,-7.6484
0.14,1000,1,0.075,0.002,0.0001,45,0.7,8.9800,11.8600,-7.1373
0.14,1000,1,0.075,0.002,0.0001,45,0.9,9.2200,12.1800,-7.1483
0.14,1000,1,0.075,0.002,0.0001,45,1.2,9.6000,12.6600,-7.1647
0.14,1000,1,0.075,0.002,0.0001,160,0.7,8.7400,11.4200,-6.9444
0.14,1000,1,0.075,0.002,0.0001,160,0.9,8.9800,11.7200,-6.9554
0.14,1000,1,0.075,0.002,0.0001,160,1.2,9.3400,12.2000,-6.9718
0.14,1000,1,0.075,0.002,0.0003,16,0.7,9.5400,13.7400,-8.6639
0.14,1000,1,0.075,0.002,0.0003,16,0.9,9.7800,14.1000,-8.6961
0.14,1000,1,0.075,0.002,0.0003,16,1.2,10.1800,14.6800,-8.7444
0.14,1000,1,0.075,0.002,0.0003,45,0.7,8.9400,12.4400,-8.1370
0.14,1000,1,0.075,0.002,0.0003,45,0.9,9.1800,12.7800,-8.1694
0.14,1000,1,0.075,0.002,0.0003,45,1.2,9.5400,13.3000,-8.2180
0.14,1000,1,0.075,0.002,0.0003,160,0.7,8.7000,11.9400,-7.9269
0.14,1000,1,0.075,0.002,0.0003,160,0.9,8.9200,12.2800,-7.9593
0.14,1000,1,0.075,0.002,0.0003,160,1.2,9.2800,12.7800,-8.0079
0.14,1000,1,0.075,0.002,0.002,16,0.7,9.1000,NaN,-16.9055
0.14,1000,1,0.075,0.002,0.002,16,0.9,9.3400,NaN,-17.0940
0.14,1000,1,0.075,0.002,0.002,16,1.2,9.6800,NaN,-17.3758
0.14,1000,1,0.075,0.002,0.002,45,0.7,8.5400,NaN,-16.0638
0.14,1000,1,0.075,0.002,0.002,45,0.9,8.7600,NaN,-16.2542
0.14,1000,1,0.075,0.002,0.002,45,1.2,9.1000,NaN,-16.5388
0.14,1000,1,0.075,0.002,0.002,160,0.7,8.3200,NaN,-15.7266
0.14,1000,1,0.075,0.002,0.002,160,0.9,8.5400,NaN,-15.9178
0.14,1000,1,0.075,0.002,0.002,160,1.2,8.8800,NaN,-16.2036
0.14,1000,1,0.075,0.01,0.0001,16,0.7,7.9000,NaN,-29.4171
0.14,1000,1,0.075,0.01,0.0001,16,0.9,8.1000,NaN,-29.4263
0.14,1000,1,0.075,0.01,0.0001,16,1.2,8.4400,NaN,-29.4399
0.14,1000,1,0.075,0.01,0.0001,45,0.7,7.4800,NaN,-27.8435
0.14,1000,1,0.075,0.01,0.0001,45,0.9,7.6800,NaN,-27.8527
0.14,1000,1,0.075,0.01,0.0001,45,1.2,8.0200,NaN,-27.8666
0.14,1000,1,0.075,0.01,0.0001,160,0.7,7.3000,NaN,-27.2055
0.14,1000,1,0.075,0.01,0.0001,160,0.9,7.5200,NaN,-27.2148
0.14,1000,1,0.075,0.01,0.0001,160,1.2,7.8400,NaN,-27.2287
0.14,1000,1,0.075,0.01,0.0003,16,0.7,7.8600,NaN,-30.1794
0.14,1000,1,0.075,0.01,0.0003,16,0.9,8.0600,NaN,-30.2064
0.14,1000,1,0.075,0.01,0.0003,16,1.2,8.4000,NaN,-30.2469
0.14,1000,1,0.075,0.01,0.0003,45,0.7,7.4400,NaN,-28.5897
0.14,1000,1,0.075,0.01,0.0003,45,0.9,7.6400,NaN,-28.6171
0.14,1000,1,0.075,0.01,0.0003,45,1.2,7.9800,NaN,-28.6582
0.14,1000,1,0.075,0.01,0.0003,160,0.7,7.2800,NaN,-27.9450
0.14,1000,1,0.075,0.01,0.0003,160,0.9,7.4800,NaN,-27.9726
0.14,1000,1,0.075,0.01,0.0003,160,1.2,7.8000,NaN,-28.0139
0.14,1000,1,0.075,0.01,0.002,16,0.7,7.5600,NaN,-36.2582
0.14,1000,1,0.075,0.01,0.002,16,0.9,7.7600,NaN,-36.4186
0.14,1000,1,0.075,0.01,0.002,16,1.2,8.0600,NaN,-36.6582
0.14,1000,1,0.075,0.01,0.002,45,0.7,7.1800,NaN,-34.5536
0.14,1000,1,0.075,0.01,0.002,45,0.9,7.3600,NaN,-34.7170
0.14,1000,1,0.075,0.01,0.002,45,1.2,7.6600,NaN,-34.9611
0.14,1000,1,0.075,0.01,0.002,160,0.7,7.0200,NaN,-33.8603
0.14,1000,1,0.075,0.01,0.002,160,0.9,7.2000,NaN,-34.0250
0.14,1000,1,0.075,0.01,0.002,160,1.2,7.5000,NaN,-34.2710
0.14,1000,1,0.1,0.0005,0.0001,16,0.7,10.0600,10.8600,-2.4479
0.14,1000,1,0.1,0.0005,0.0001,16,0.9,10.3200,11.1600,-2.4593
0.14,1000,1,0.1,0.0005,0.0001,16,1.2,10.7400,11.6000,-2.4763
0.14,1000,1,0.1,0.0005,0.0001,45,0.7,9.4000,10.1000,-2.2963
0.14,1000,1,0.1,0.0005,0.0001,45,0.9,9.6400,10.3600,-2.3077
0.14,1000,1,0.1,0.0005,0.0001,45,1.2,10.0400,10.8000,-2.3247
0.14,1000,1,0.1,0.0005,0.0001,160,0.7,9.1200,9.8000,-2.2361
0.14,1000,1,0.1,0.0005,0.0001,160,0.9,9.3800,10.0600,-2.2475
0.14,1000,1,0.1,0.0005,0.0001,160,1.2,9.7600,10.4800,-2.2645
0.14,1000,1,0.1,0.0005,0.0003,16,0.7,10.0000,11.2200,-3.6279
0.14,1000,1,0.1,0.0005,0.0003,16,0.9,10.2600,11.5400,-3.6613
0.14,1000,1,0.1,0.0005,0.0003,16,1.2,10.6800,12.0200,-3.7114
0.14,1000,1,0.1,0.0005,0.0003,45,0.7,9.3400,10.4200,-3.4250
0.14,1000,1,0.1,0.0005,0.0003,45,0.9,9.5800,10.7000,-3.4585
0.14,1000,1,0.1,0.0005,0.0003,45,1.2,9.9800,11.1600,-3.5087
0.14,1000,1,0.1,0.0005,0.0003,160,0.7,9.0800,10.1000,-3.3443
0.14,1000,1,0.1,0.0005,0.0003,160,0.9,9.3200,10.3800,-3.3779
0.14,1000,1,0.1,0.0005,0.0003,160,1.2,9.7000,10.8200,-3.4282
0.14,1000,1,0.1,0.0005,0.002,16,0.7,9.5200,20.0800,-12.8956
0.14,1000,1,0.1,0.0005,0.002,16,0.9,9.7600,21.4800,-13.0890
0.14,1000,1,0.1,0.0005,0.002,16,1.2,10.1400,24.3000,-13.3780
0.14,1000,1,0.1,0.0005,0.002,45,0.7,8.9200,16.9800,-12.3202
0.14,1000,1,0.1,0.0005,0.002,45,0.9,9.1400,17.9000,-12.5152
0.14,1000,1,0.1,0.0005,0.002,45,1.2,9.5200,19.5200,-12.8066
0.14,1000,1,0.1,0.0005,0.002,160,0.7,8.6800,16.0000,-12.0906
0.14,1000,1,0.1,0.0005,0.002,160,0.9,8.9000,16.8200,-12.2862
0.14,1000,1,0.1,0.0005,0.002,160,1.2,9.2600,18.2200,-12.5785
0.14,1000,1,0.1,0.002,0.0001,16,0.7,9.6400,13.1000,-7.6527
0.14,1000,1,0.1,0.002,0.0001,16,0.9,9.9000,13.4600,-7.6636
0.14,1000,1,0.1,0.002,0.0001,16,1.2,10.3200,14.0000,-7.6799
0.14,1000,1,0.1,0.002,0.0001,45,0.7,9.0400,11.9400,-7.1690
0.14,1000,1,0.1,0.002,0.0001,45,0.9,9.2800,12.2600,-7.1799
0.14,1000,1,0.1,0.002,0.0001,45,1.2,9.6800,12.7600,-7.1964
0.14,1000,1,0.1,0.002,0.0001,160,0.7,8.8000,11.5000,-6.9761
0.14,1000,1,0.1,0.002,0.0001,160,0.9,9.0400,11.8200,-6.9871
0.14,1000,1,0.1,0.002,0.0001,160,1.2,9.4200,12.3000,-7.0035
0.14,1000,1,0.1,0.002,0.0003,16,0.7,9.6000,13.8800,-8.7569
0.14,1000,1,0.1,0.002,0.0003,16,0.9,9.8400,14.2600,-8.7891
0.14,1000,1,0.1,0.002,0.0003,16,1.2,10.2400,14.8600,-8.8374
0.14,1000,1,0.1,0.002,0.0003,45,0.7,8.9800,12.5600,-8.2306
0.14,1000,1,0.1,0.002,0.0003,45,0.9,9.2400,12.9200,-8.2629
0.14,1000,1,0.1,0.002,0.0003,45,1.2,9.6200,13.4600,-8.3114
0.14,1000,1,0.1,0.002,0.0003,160,0.7,8.7400,12.0800,-8.0205
0.14,1000,1,0.1,0.002,0.0003,160,0.9,8.9800,12.4000,-8.0529
0.14,1000,1,0.1,0.002,0.0003,160,1.2,9.3600,12.9400,-8.1015
0.14,1000,1,0.1,0.002,0.002,16,0.7,9.1400,NaN,-17.4486
0.14,1000,1,0.1,0.002,0.002,16,0.9,9.3800,NaN,-17.6355
0.14,1000,1,0.1,0.002,0.002,16,1.2,9.7600,NaN,-17.9148
0.14,1000,1,0.1,0.002,0.002,45,0.7,8.6000,NaN,-16.6124
0.14,1000,1,0.1,0.002,0.002,45,0.9,8.8200,NaN,-16.8012
0.14,1000,1,0.1,0.002,0.002,45,1.2,9.1800,NaN,-17.0833
0.14,1000,1,0.1,0.002,0.002,160,0.7,8.3800,NaN,-16.2775
0.14,1000,1,0.1,0.002,0.002,160,0.9,8.6000,NaN,-16.4670
0.14,1000,1,0.1,0.002,0.002,160,1.2,8.9400,NaN,-16.7503
0.14,1000,1,0.1,0.01,0.0001,16,0.7,7.9400,NaN,-29.4435
0.14,1000,1,0.1,0.01,0.0001,16,0.9,8.1600,NaN,-29.4526
0.14,1000,1,0.1,0.01,0.0001,16,1.2,8.5200,NaN,-29.4663
0.14,1000,1,0.1,0.01,0.0001,45,0.7,7.5200,NaN,-27.8702
0.14,1000,1,0.1,0.01,0.0001,45,0.9,7.7400,NaN,-27.8795
0.14,1000,1,0.1,0.01,0.0001,45,1.2,8.0800,NaN,-27.8933
0.14,1000,1,0.1,0.01,0.0001,160,0.7,7.3600,NaN,-27.2323
0.14,1000,1,0.1,0.01,0.0001,160,0.9,7.5800,NaN,-27.2416
0.14,1000,1,0.1,0.01,0.0001,160,1.2,7.9000,NaN,-27.2556
0.14,1000,1,0.1,0.01,0.0003,16,0.7,7.9000,NaN,-30.2574
0.14,1000,1,0.1,0.01,0.0003,16,0.9,8.1200,NaN,-30.2843
0.14,1000,1,0.1,0.01,0.0003,16,1.2,8.4800,NaN,-30.3248
0.14,1000,1,0.1,0.01,0.0003,45,0.7,7.5000,NaN,-28.6689
0.14,1000,1,0.1,0.01,0.0003,45,0.9,7.7000,NaN,-28.6962
0.14,1000,1,0.1,0.01,0.0003,45,1.2,8.0400,NaN,-28.7372
0.14,1000,1,0.1,0.01,0.0003,160,0.7,7.3200,NaN,-28.0246
0.14,1000,1,0.1,0.01,0.0003,160,0.9,7.5400,NaN,-28.0521
0.14,1000,1,0.1,0.01,0.0003,160,1.2,7.8800,NaN,-28.0934
0.14,1000,1,0.1,0.01,0.002,16,0.7,7.6000,NaN,-36.7202
0.14,1000,1,0.1,0.01,0.002,16,0.9,7.8000,NaN,-36.8791
0.14,1000,1,0.1,0.01,0.002,16,1.2,8.1200,NaN,-37.1167
0.14,1000,1,0.1,0.01,0.002,45,0.7,7.2200,NaN,-35.0242
0.14,1000,1,0.1,0.01,0.002,45,0.9,7.4200,NaN,-35.1862
0.14,1000,1,0.1,0.01,0.002,45,1.2,7.7200,NaN,-35.4282
0.14,1000,1,0.1,0.01,0.002,160,0.7,7.0600,NaN,-34.3346
0.14,1000,1,0.1,0.01,0.002,160,0.9,7.2600,NaN,-34.4977
0.14,1000,1,0.1,0.01,0.002,160,1.2,7.5600,NaN,-34.7415
0.14,1000,1,0.15,0.0005,0.0001,16,0.7,10.1600,11.0000,-2.5134
0.14,1000,1,0.15,0.0005,0.0001,16,0.9,10.4600,11.3200,-2.5248
0.14,1000,1,0.15,0.0005,0.0001,16,1.2,10.9000,11.8000,-2.5418
0.14,1000,1,0.15,0.0005,0.0001,45,0.7,9.5000,10.2200,-2.3619
0.14,1000,1,0.15,0.0005,0.0001,45,0.9,9.7800,10.5200,-2.3733
0.14,1000,1,0.15,0.0005,0.0001,45,1.2,10.2000,10.9800,-2.3903
0.14,1000,1,0.15,0.0005,0.0001,160,0.7,9.2400,9.9200,-2.3017
0.14,1000,1,0.15,0.0005,0.0001,160,0.9,9.5000,10.2200,-2.3131
0.14,1000,1,0.15,0.0005,0.0001,160,1.2,9.9200,10.6600,-2.3301
0.14,1000,1,0.15,0.0005,0.0003,16,0.7,10.1000,11.4200,-3.8208
0.14,1000,1,0.15,0.0005,0.0003,16,0.9,10.3800,11.7400,-3.8542
0.14,1000,1,0.15,0.0005,0.0003,16,1.2,10.8400,12.2600,-3.9042
0.14,1000,1,0.15,0.0005,0.0003,45,0.7,9.4400,10.6000,-3.6184
0.14,1000,1,0.15,0.0005,0.0003,45,0.9,9.7200,10.9000,-3.6518
0.14,1000,1,0.15,0.0005,0.0003,45,1.2,10.1400,11.4000,-3.7019
0.14,1000,1,0.15,0.0005,0.0003,160,0.7,9.1800,10.2800,-3.5379
0.14,1000,1,0.15,0.0005,0.0003,160,0.9,9.4400,10.5800,-3.5713
0.14,1000,1,0.15,0.0005,0.0003,160,1.2,9.8600,11.0400,-3.6214
0.14,1000,1,0.15,0.0005,0.002,16,0.7,9.6200,NaN,-14.0049
0.14,1000,1,0.15,0.0005,0.002,16,0.9,9.8800,NaN,-14.1950
0.14,1000,1,0.15,0.0005,0.002,16,1.2,10.2800,NaN,-14.4790
0.14,1000,1,0.15,0.0005,0.002,45,0.7,9.0200,22.0800,-13.4386
0.14,1000,1,0.15,0.0005,0.002,45,0.9,9.2600,25.0400,-13.6302
0.14,1000,1,0.15,0.0005,0.002,45,1.2,9.6400,NaN,-13.9165
0.14,1000,1,0.15,0.0005,0.002,160,0.7,8.7800,19.8600,-13.2126
0.14,1000,1,0.15,0.0005,0.002,160,0.9,9.0200,21.6600,-13.4048
0.14,1000,1,0.15,0.0005,0.002,160,1.2,9.4000,26.4000,-13.6920
0.14,1000,1,0.15,0.002,0.0001,16,0.7,9.7600,13.2800,-7.7157
0.14,1000,1,0.15,0.002,0.0001,16,0.9,10.0400,13.6600,-7.7266
0.14,1000,1,0.15,0.002,0.0001,16,1.2,10.4800,14.2200,-7.7429
0.14,1000,1,0.15,0.002,0.0001,45,0.7,9.1400,12.1200,-7.2323
0.14,1000,1,0.15,0.002,0.0001,45,0.9,9.4200,12.4600,-7.2432
0.14,1000,1,0.15,0.002,0.0001,45,1.2,9.8200,12.9800,-7.2596
0.14,1000,1,0.15,0.002,0.0001,160,0.7,8.9000,11.6600,-7.0395
0.14,1000,1,0.15,0.002,0.0001,160,0.9,9.1600,12.0000,-7.0504
0.14,1000,1,0.15,0.002,0.0001,160,1.2,9.5800,12.5200,-7.0669
0.14,1000,1,0.15,0.002,0.0003,16,0.7,9.7000,14.1800,-8.9427
0.14,1000,1,0.15,0.002,0.0003,16,0.9,9.9800,14.5800,-8.9748
0.14,1000,1,0.15,0.002,0.0003,16,1.2,10.4000,15.2200,-9.0229
0.14,1000,1,0.15,0.002,0.0003,45,0.7,9.1000,12.8200,-8.4172
0.14,1000,1,0.15,0.002,0.0003,45,0.9,9.3600,13.2000,-8.4494
0.14,1000,1,0.15,0.002,0.0003,45,1.2,9.7800,13.7800,-8.4978
0.14,1000,1,0.15,0.002,0.0003,160,0.7,8.8600,12.3200,-8.2075
0.14,1000,1,0.15,0.002,0.0003,160,0.9,9.1000,12.6800,-8.2398
0.14,1000,1,0.15,0.002,0.0003,160,1.2,9.5200,13.2600,-8.2882
0.14,1000,1,0.15,0.002,0.002,16,0.7,9.2400,NaN,-18.5206
0.14,1000,1,0.15,0.002,0.002,16,0.9,9.5000,NaN,-18.7042
0.14,1000,1,0.15,0.002,0.002,16,1.2,9.8800,NaN,-18.9786
0.14,1000,1,0.15,0.002,0.002,45,0.7,8.7000,NaN,-17.6953
0.14,1000,1,0.15,0.002,0.002,45,0.9,8.9400,NaN,-17.8808
0.14,1000,1,0.15,0.002,0.002,45,1.2,9.3000,NaN,-18.1579
0.14,1000,1,0.15,0.002,0.002,160,0.7,8.4600,NaN,-17.3647
0.14,1000,1,0.15,0.002,0.002,160,0.9,8.7000,NaN,-17.5510
0.14,1000,1,0.15,0.002,0.002,160,1.2,9.0800,NaN,-17.8292
0.14,1000,1,0.15,0.01,0.0001,16,0.7,8.0400,NaN,-29.4962
0.14,1000,1,0.15,0.01,0.0001,16,0.9,8.3000,NaN,-29.5053
0.14,1000,1,0.15,0.01,0.0001,16,1.2,8.6800,NaN,-29.5189
0.14,1000,1,0.15,0.01,0.0001,45,0.7,7.6200,NaN,-27.9236
0.14,1000,1,0.15,0.01,0.0001,45,0.9,7.8600,NaN,-27.9329
0.14,1000,1,0.15,0.01,0.0001,45,1.2,8.2400,NaN,-27.9467
0.14,1000,1,0.15,0.01,0.0001,160,0.7,7.4600,NaN,-27.2861
0.14,1000,1,0.15,0.01,0.0001,160,0.9,7.7000,NaN,-27.2954
0.14,1000,1,0.15,0.01,0.0001,160,1.2,8.0600,NaN,-27.3093
0.14,1000,1,0.15,0.01,0.0003,16,0.7,8.0000,NaN,-30.4130
0.14,1000,1,0.15,0.01,0.0003,16,0.9,8.2400,NaN,-30.4398
0.14,1000,1,0.15,0.01,0.0003,16,1.2,8.6400,NaN,-30.4801
0.14,1000,1,0.15,0.01,0.0003,45,0.7,7.6000,NaN,-28.8267
0.14,1000,1,0.15,0.01,0.0003,45,0.9,7.8200,NaN,-28.8540
0.14,1000,1,0.15,0.01,0.0003,45,1.2,8.2000,NaN,-28.8949
0.14,1000,1,0.15,0.01,0.0003,160,0.7,7.4200,NaN,-28.1834
0.14,1000,1,0.15,0.01,0.0003,160,0.9,7.6600,NaN,-28.2109
0.14,1000,1,0.15,0.01,0.0003,160,1.2,8.0200,NaN,-28.2520
0.14,1000,1,0.15,0.01,0.002,16,0.7,7.6800,NaN,-37.6320
0.14,1000,1,0.15,0.01,0.002,16,0.9,7.9200,NaN,-37.7881
0.14,1000,1,0.15,0.01,0.002,16,1.2,8.2600,NaN,-38.0215
0.14,1000,1,0.15,0.01,0.002,45,0.7,7.3000,NaN,-35.9531
0.14,1000,1,0.15,0.01,0.002,45,0.9,7.5200,NaN,-36.1122
0.14,1000,1,0.15,0.01,0.002,45,1.2,7.8600,NaN,-36.3499
0.14,1000,1,0.15,0.01,0.002,160,0.7,7.1400,NaN,-35.2704
0.14,1000,1,0.15,0.01,0.002,160,0.9,7.3600,NaN,-35.4307
0.14,1000,1,0.15,0.01,0.002,160,1.2,7.7000,NaN,-35.6702
0.14,4000,0.3,0.075,0.0005,0.0001,16,0.7,5.2800,5.5000,-1.3360
0.14,4000,0.3,0.075,0.0005,0.0001,16,0.9,5.4400,5.6800,-1.3475
0.14,4000,0.3,0.075,0.0005,0.0001,16,1.2,5.7200,5.9400,-1.3647
0.14,4000,0.3,0.075,0.0005,0.0001,45,0.7,4.0600,4.1800,-1.0542
0.14,4000,0.3,0.075,0.0005,0.0001,45,0.9,4.2000,4.3200,-1.0656
0.14,4000,0.3,0.075,0.0005,0.0001,45,1.2,4.4200,4.5600,-1.0829
0.14,4000,0.3,0.075,0.0005,0.0001,160,0.7,3.5600,3.6600,-0.9420
0.14,4000,0.3,0.075,0.0005,0.0001,160,0.9,3.7000,3.8000,-0.9535
0.14,4000,0.3,0.075,0.0005,0.0001,160,1.2,3.9200,4.0200,-0.9708
0.14,4000,0.3,0.075,0.0005,0.0003,16,0.7,5.2600,5.6000,-2.0827
0.14,4000,0.3,0.075,0.0005,0.0003,16,0.9,5.4200,5.7800,-2.1167
0.14,4000,0.3,0.075,0.0005,0.0003,16,1.2,5.7000,6.0600,-2.1676
0.14,4000,0.3,0.075,0.0005,0.0003,45,0.7,4.0400,4.2600,-1.7030
0.14,4000,0.3,0.075,0.0005,0.0003,45,0.9,4.1800,4.4000,-1.7371
0.14,4000,0.3,0.075,0.0005,0.0003,45,1.2,4.4000,4.6400,-1.7882
0.14,4000,0.3,0.075,0.0005,0.0003,160,0.7,3.5600,3.7200,-1.5518
0.14,4000,0.3,0.075,0.0005,0.0003,160,0.9,3.6800,3.8600,-1.5860
0.14,4000,0.3,0.075,0.0005,0.0003,160,1.2,3.9000,4.0800,-1.6372
0.14,4000,0.3,0.075,0.0005,0.002,16,0.7,5.1200,6.9000,-8.1186
0.14,4000,0.3,0.075,0.0005,0.002,16,0.9,5.2800,7.1800,-8.3255
0.14,4000,0.3,0.075,0.0005,0.002,16,1.2,5.5200,7.6200,-8.6346
0.14,4000,0.3,0.075,0.0005,0.002,45,0.7,3.9600,5.0400,-6.9828
0.14,4000,0.3,0.075,0.0005,0.002,45,0.9,4.0800,5.2400,-7.1928
0.14,4000,0.3,0.075,0.0005,0.002,45,1.2,4.3000,5.5800,-7.5067
0.14,4000,0.3,0.075,0.0005,0.002,160,0.7,3.4800,4.3400,-6.5268
0.14,4000,0.3,0.075,0.0005,0.002,160,0.9,3.6200,4.5200,-6.7382
0.14,4000,0.3,0.075,0.0005,0.002,160,1.2,3.8200,4.8400,-7.0540
0.14,4000,0.3,0.075,0.002,0.0001,16,0.7,5.1800,5.9400,-4.1186
0.14,4000,0.3,0.075,0.002,0.0001,16,0.9,5.3400,6.1200,-4.1299
0.14,4000,0.3,0.075,0.002,0.0001,16,1.2,5.6000,6.4200,-4.1467
0.14,4000,0.3,0.075,0.002,0.0001,45,0.7,3.9800,4.4200,-3.1802
0.14,4000,0.3,0.075,0.002,0.0001,45,0.9,4.1200,4.5800,-3.1915
0.14,4000,0.3,0.075,0.002,0.0001,45,1.2,4.3600,4.8200,-3.2084
0.14,4000,0.3,0.075,0.002,0.0001,160,0.7,3.5200,3.8400,-2.8041
0.14,4000,0.3,0.075,0.002,0.0001,160,0.9,3.6400,3.9800,-2.8154
0.14,4000,0.3,0.075,0.002,0.0001,160,1.2,3.8600,4.2200,-2.8324
0.14,4000,0.3,0.075,0.002,0.0003,16,0.7,5.1600,6.0800,-4.8415
0.14,4000,0.3,0.075,0.002,0.0003,16,0.9,5.3200,6.2800,-4.8748
0.14,4000,0.3,0.075,0.002,0.0003,16,1.2,5.5800,6.5800,-4.9247
0.14,4000,0.3,0.075,0.002,0.0003,45,0.7,3.9800,4.5000,-3.8139
0.14,4000,0.3,0.075,0.002,0.0003,45,0.9,4.1200,4.6600,-3.8475
0.14,4000,0.3,0.075,0.002,0.0003,45,1.2,4.3400,4.9200,-3.8979
0.14,4000,0.3,0.075,0.002,0.0003,160,0.7,3.5000,3.9000,-3.4018
0.14,4000,0.3,0.075,0.002,0.0003,160,0.9,3.6400,4.0600,-3.4355
0.14,4000,0.3,0.075,0.002,0.0003,160,1.2,3.8400,4.2800,-3.4860
0.14,4000,0.3,0.075,0.002,0.002,16,0.7,5.0200,8.1400,-10.6885
0.14,4000,0.3,0.075,0.002,0.002,16,0.9,5.1800,8.5000,-10.8914
0.14,4000,0.3,0.075,0.002,0.002,16,1.2,5.4200,9.1200,-11.1947
0.14,4000,0.3,0.075,0.002,0.002,45,0.7,3.9000,5.5400,-8.9728
0.14,4000,0.3,0.075,0.002,0.002,45,0.9,4.0200,5.7800,-9.1799
0.14,4000,0.3,0.075,0.002,0.002,45,1.2,4.2400,6.1800,-9.4892
0.14,4000,0.3,0.075,0.002,0.002,160,0.7,3.4400,4.7000,-8.2792
0.14,4000,0.3,0.075,0.002,0.002,160,0.9,3.5600,4.9000,-8.4879
0.14,4000,0.3,0.075,0.002,0.002,160,1.2,3.7600,5.2400,-8.7997
0.14,4000,0.3,0.075,0.01,0.0001,16,0.7,4.6400,NaN,-17.1111
0.14,4000,0.3,0.075,0.01,0.0001,16,0.9,4.8000,NaN,-17.1212
0.14,4000,0.3,0.075,0.01,0.0001,16,1.2,5.0400,NaN,-17.1364
0.14,4000,0.3,0.075,0.01,0.0001,45,0.7,3.6800,NaN,-13.4149
0.14,4000,0.3,0.075,0.01,0.0001,45,0.9,3.8200,NaN,-13.4254
0.14,4000,0.3,0.075,0.01,0.0001,45,1.2,4.0200,NaN,-13.4411
0.14,4000,0.3,0.075,0.01,0.0001,160,0.7,3.2800,6.6800,-11.8802
0.14,4000,0.3,0.075,0.01,0.0001,160,0.9,3.4000,6.9200,-11.8908
0.14,4000,0.3,0.075,0.01,0.0001,160,1.2,3.6000,7.3000,-11.9066
0.14,4000,0.3,0.075,0.01,0.0003,16,0.7,4.6400,NaN,-17.7275
0.14,4000,0.3,0.075,0.01,0.0003,16,0.9,4.7800,NaN,-17.7577
0.14,4000,0.3,0.075,0.01,0.0003,16,1.2,5.0400,NaN,-17.8028
0.14,4000,0.3,0.075,0.01,0.0003,45,0.7,3.6600,NaN,-13.9784
0.14,4000,0.3,0.075,0.01,0.0003,45,0.9,3.8000,NaN,-14.0095
0.14,4000,0.3,0.075,0.01,0.0003,45,1.2,4.0200,NaN,-14.0561
0.14,4000,0.3,0.075,0.01,0.0003,160,0.7,3.2600,7.6600,-12.4204
0.14,4000,0.3,0.075,0.01,0.0003,160,0.9,3.4000,7.9800,-12.4518
0.14,4000,0.3,0.075,0.01,0.0003,160,1.2,3.6000,8.5400,-12.4991
0.14,4000,0.3,0.075,0.01,0.002,16,0.7,4.5200,NaN,-22.7279
0.14,4000,0.3,0.075,0.01,0.002,16,0.9,4.6600,NaN,-22.9125
0.14,4000,0.3,0.075,0.01,0.002,16,1.2,4.9000,NaN,-23.1883
0.14,4000,0.3,0.075,0.01,0.002,45,0.7,3.6000,NaN,-18.5726
0.14,4000,0.3,0.075,0.01,0.002,45,0.9,3.7200,NaN,-18.7647
0.14,4000,0.3,0.075,0.01,0.002,45,1.2,3.9200,NaN,-19.0519
0.14,4000,0.3,0.075,0.01,0.002,160,0.7,3.2000,NaN,-16.8344
0.14,4000,0.3,0.075,0.01,0.002,160,0.9,3.3200,NaN,-17.0298
0.14,4000,0.3,0.075,0.01,0.002,160,1.2,3.5200,NaN,-17.3217
0.14,4000,0.3,0.1,0.0005,0.0001,16,0.7,5.3200,5.5600,-1.3691
0.14,4000,0.3,0.1,0.0005,0.0001,16,0.9,5.5000,5.7400,-1.3806
0.14,4000,0.3,0.1,0.0005,0.0001,16,1.2,5.7800,6.0200,-1.3977
0.14,4000,0.3,0.1,0.0005,0.0001,45,0.7,4.1000,4.2200,-1.0873
0.14,4000,0.3,0.1,0.0005,0.0001,45,0.9,4.2400,4.3800,-1.0988
0.14,4000,0.3,0.1,0.0005,0.0001,45,1.2,4.5000,4.6400,-1.1160
0.14,4000,0.3,0.1,0.0005,0.0001,160,0.7,3.6000,3.7000,-0.9752
0.14,4000,0.3,0.1,0.0005,0.0001,160,0.9,3.7400,3.8600,-0.9867
0.14,4000,0.3,0.1,0.0005,0.0001,160,1.2,3.9800,4.1000,-1.0039
0.14,4000,0.3,0.1,0.0005,0.0003,16,0.7,5.3200,5.6800,-2.1808
0.14,4000,0.3,0.1,0.0005,0.0003,16,0.9,5.4800,5.8600,-2.2147
0.14,4000,0.3,0.1,0.0005,0.0003,16,1.2,5.7600,6.1600,-2.2656
0.14,4000,0.3,0.1,0.0005,0.0003,45,0.7,4.0800,4.3000,-1.8015
0.14,4000,0.3,0.1,0.0005,0.0003,45,0.9,4.2400,4.4600,-1.8356
0.14,4000,0.3,0.1,0.0005,0.0003,45,1.2,4.4800,4.7200,-1.8866
0.14,4000,0.3,0.1,0.0005,0.0003,160,0.7,3.6000,3.7800,-1.6505
0.14,4000,0.3,0.1,0.0005,0.0003,160,0.9,3.7400,3.9200,-1.6846
0.14,4000,0.3,0.1,0.0005,0.0003,160,1.2,3.9800,4.1600,-1.7357
0.14,4000,0.3,0.1,0.0005,0.002,16,0.7,5.1600,7.1800,-8.7145
0.14,4000,0.3,0.1,0.0005,0.002,16,0.9,5.3200,7.4800,-8.9195
0.14,4000,0.3,0.1,0.0005,0.002,16,1.2,5.5800,7.9400,-9.2258
0.14,4000,0.3,0.1,0.0005,0.002,45,0.7,4.0000,5.2200,-7.5879
0.14,4000,0.3,0.1,0.0005,0.002,45,0.9,4.1400,5.4400,-7.7961
0.14,4000,0.3,0.1,0.0005,0.002,45,1.2,4.3600,5.8200,-8.1071
0.14,4000,0.3,0.1,0.0005,0.002,160,0.7,3.5200,4.5000,-7.1357
0.14,4000,0.3,0.1,0.0005,0.002,160,0.9,3.6600,4.7000,-7.3451
0.14,4000,0.3,0.1,0.0005,0.002,160,1.2,3.8800,5.0400,-7.6581
0.14,4000,0.3,0.1,0.002,0.0001,16,0.7,5.2200,6.0000,-4.1511
0.14,4000,0.3,0.1,0.002,0.0001,16,0.9,5.3800,6.2000,-4.1623
0.14,4000,0.3,0.1,0.002,0.0001,16,1.2,5.6600,6.5000,-4.1791
0.14,4000,0.3,0.1,0.002,0.0001,45,0.7,4.0400,4.4600,-3.2128
0.14,4000,0.3,0.1,0.002,0.0001,45,0.9,4.1800,4.6400,-3.2241
0.14,4000,0.3,0.1,0.002,0.0001,45,1.2,4.4200,4.9000,-3.2411
0.14,4000,0.3,0.1,0.002,0.0001,160,0.7,3.5600,3.8800,-2.8368
0.14,4000,0.3,0.1,0.002,0.0001,160,0.9,3.7000,4.0400,-2.8482
0.14,4000,0.3,0.1,0.002,0.0001,160,1.2,3.9200,4.2800,-2.8652
0.14,4000,0.3,0.1,0.002,0.0003,16,0.7,5.2000,6.1600,-4.9376
0.14,4000,0.3,0.1,0.002,0.0003,16,0.9,5.3800,6.3600,-4.9709
0.14,4000,0.3,0.1,0.002,0.0003,16,1.2,5.6400,6.6800,-5.0207
0.14,4000,0.3,0.1,0.002,0.0003,45,0.7,4.0200,4.5600,-3.9109
0.14,4000,0.3,0.1,0.002,0.0003,45,0.9,4.1600,4.7400,-3.9445
0.14,4000,0.3,0.1,0.002,0.0003,45,1.2,4.4200,5.0000,-3.9948
0.14,4000,0.3,0.1,0.002,0.0003,160,0.7,3.5400,3.9600,-3.4991
0.14,4000,0.3,0.1,0.002,0.0003,160,0.9,3.6800,4.1200,-3.5328
0.14,4000,0.3,0.1,0.002,0.0003,160,1.2,3.9200,4.3800,-3.5832
0.14,4000,0.3,0.1,0.002,0.002,16,0.7,5.0600,8.6400,-11.2731
0.14,4000,0.3,0.1,0.002,0.002,16,0.9,5.2200,9.0600,-11.4742
0.14,4000,0.3,0.1,0.002,0.002,16,1.2,5.4800,9.7800,-11.7747
0.14,4000,0.3,0.1,0.002,0.002,45,0.7,3.9400,5.8000,-9.5691
0.14,4000,0.3,0.1,0.002,0.002,45,0.9,4.0800,6.0600,-9.7743
0.14,4000,0.3,0.1,0.002,0.002,45,1.2,4.3000,6.5000,-10.0808
0.14,4000,0.3,0.1,0.002,0.002,160,0.7,3.4800,4.9000,-8.8803
0.14,4000,0.3,0.1,0.002,0.002,160,0.9,3.6200,5.1200,-9.0871
0.14,4000,0.3,0.1,0.002,0.002,160,1.2,3.8200,5.5000,-9.3960
0.14,4000,0.3,0.1,0.01,0.0001,16,0.7,4.7000,NaN,-17.1404
0.14,4000,0.3,0.1,0.01,0.0001,16,0.9,4.8600,NaN,-17.1505
0.14,4000,0.3,0.1,0.01,0.0001,16,1.2,5.1200,NaN,-17.1657
0.14,4000,0.3,0.1,0.01,0.0001,45,0.7,3.7200,NaN,-13.4451
0.14,4000,0.3,0.1,0.01,0.0001,45,0.9,3.8600,NaN,-13.4556
0.14,4000,0.3,0.1,0.01,0.0001,45,1.2,4.1000,NaN,-13.4713
0.14,4000,0.3,0.1,0.01,0.0001,160,0.7,3.3200,6.7800,-11.9108
0.14,4000,0.3,0.1,0.01,0.0001,160,0.9,3.4600,7.0400,-11.9213
0.14,4000,0.3,0.1,0.01,0.0001,160,1.2,3.6800,7.4400,-11.9372
0.14,4000,0.3,0.1,0.01,0.0003,16,0.7,4.6800,NaN,-17.8146
0.14,4000,0.3,0.1,0.01,0.0003,16,0.9,4.8400,NaN,-17.8447
0.14,4000,0.3,0.1,0.01,0.0003,16,1.2,5.1000,NaN,-17.8898
0.14,4000,0.3,0.1,0.01,0.0003,45,0.7,3.7200,NaN,-14.0682
0.14,4000,0.3,0.1,0.01,0.0003,45,0.9,3.8600,NaN,-14.0992
0.14,4000,0.3,0.1,0.01,0.0003,45,1.2,4.0800,NaN,-14.1458
0.14,4000,0.3,0.1,0.01,0.0003,160,0.7,3.3000,8.0000,-12.5113
0.14,4000,0.3,0.1,0.01,0.0003,160,0.9,3.4400,8.3600,-12.5427
0.14,4000,0.3,0.1,0.01,0.0003,160,1.2,3.6600,9.0000,-12.5899
0.14,4000,0.3,0.1,0.01,0.002,16,0.7,4.5600,NaN,-23.2596
0.14,4000,0.3,0.1,0.01,0.002,16,0.9,4.7200,NaN,-23.4425
0.14,4000,0.3,0.1,0.01,0.002,16,1.2,4.9600,NaN,-23.7159
0.14,4000,0.3,0.1,0.01,0.002,45,0.7,3.6400,NaN,-19.1261
0.14,4000,0.3,0.1,0.01,0.002,45,0.9,3.7800,NaN,-19.3166
0.14,4000,0.3,0.1,0.01,0.002,45,1.2,4.0000,NaN,-19.6011
0.14,4000,0.3,0.1,0.01,0.002,160,0.7,3.2400,NaN,-17.3972
0.14,4000,0.3,0.1,0.01,0.002,160,0.9,3.3800,NaN,-17.5908
0.14,4000,0.3,0.1,0.01,0.002,160,1.2,3.5800,NaN,-17.8800
0.14,4000,0.3,0.15,0.0005,0.0001,16,0.7,5.4200,5.6600,-1.4352
0.14,4000,0.3,0.15,0.0005,0.0001,16,0.9,5.6200,5.8600,-1.4467
0.14,4000,0.3,0.15,0.0005,0.0001,16,1.2,5.9400,6.1800,-1.4638
0.14,4000,0.3,0.15,0.0005,0.0001,45,0.7,4.1800,4.3200,-1.1536
0.14,4000,0.3,0.15,0.0005,0.0001,45,0.9,4.3600,4.5000,-1.1651
0.14,4000,0.3,0.15,0.0005,0.0001,45,1.2,4.6400,4.8000,-1.1822
0.14,4000,0.3,0.15,0.0005,0.0001,160,0.7,3.7000,3.8000,-1.0416
0.14,4000,0.3,0.15,0.0005,0.0001,160,0.9,3.8600,3.9800,-1.0530
0.14,4000,0.3,0.15,0.0005,0.0001,160,1.2,4.1400,4.2600,-1.0702
0.14,4000,0.3,0.15,0.0005,0.0003,16,0.7,5.4000,5.8000,-2.3766
0.14,4000,0.3,0.15,0.0005,0.0003,16,0.9,5.6000,6.0000,-2.4105
0.14,4000,0.3,0.15,0.0005,0.0003,16,1.2,5.9000,6.3400,-2.4612
0.14,4000,0.3,0.15,0.0005,0.0003,45,0.7,4.1800,4.4200,-1.9981
0.14,4000,0.3,0.15,0.0005,0.0003,45,0.9,4.3400,4.6000,-2.0320
0.14,4000,0.3,0.15,0.0005,0.0003,45,1.2,4.6200,4.9000,-2.0830
0.14,4000,0.3,0.15,0.0005,0.0003,160,0.7,3.6800,3.8800,-1.8473
0.14,4000,0.3,0.15,0.0005,0.0003,160,0.9,3.8400,4.0600,-1.8814
0.14,4000,0.3,0.15,0.0005,0.0003,160,1.2,4.1200,4.3400,-1.9324
0.14,4000,0.3,0.15,0.0005,0.002,16,0.7,5.2600,7.8200,-9.8902
0.14,4000,0.3,0.15,0.0005,0.002,16,0.9,5.4400,8.1600,-10.0915
0.14,4000,0.3,0.15,0.0005,0.002,16,1.2,5.7200,8.7400,-10.3924
0.14,4000,0.3,0.15,0.0005,0.002,45,0.7,4.0800,5.6400,-8.7818
0.14,4000,0.3,0.15,0.0005,0.002,45,0.9,4.2400,5.9000,-8.9862
0.14,4000,0.3,0.15,0.0005,0.002,45,1.2,4.5000,6.3400,-9.2917
0.14,4000,0.3,0.15,0.0005,0.002,160,0.7,3.6000,4.8600,-8.3369
0.14,4000,0.3,0.15,0.0005,0.002,160,0.9,3.7600,5.1000,-8.5426
0.14,4000,0.3,0.15,0.0005,0.002,160,1.2,4.0200,5.5000,-8.8500
0.14,4000,0.3,0.15,0.002,0.0001,16,0.7,5.3200,6.1200,-4.2158
0.14,4000,0.3,0.15,0.002,0.0001,16,0.9,5.5000,6.3200,-4.2270
0.14,4000,0.3,0.15,0.002,0.0001,16,1.2,5.8200,6.6800,-4.2438
0.14,4000,0.3,0.15,0.002,0.0001,45,0.7,4.1200,4.5800,-3.2781
0.14,4000,0.3,0.15,0.002,0.0001,45,0.9,4.3000,4.7600,-3.2894
0.14,4000,0.3,0.15,0.002,0.0001,45,1.2,4.5800,5.0600,-3.3063
0.14,4000,0.3,0.15,0.002,0.0001,160,0.7,3.6400,3.9800,-2.9023
0.14,4000,0.3,0.15,0.002,0.0001,160,0.9,3.8200,4.1600,-2.9136
0.14,4000,0.3,0.15,0.002,0.0001,160,1.2,4.0800,4.4600,-2.9306
0.14,4000,0.3,0.15,0.002,0.0003,16,0.7,5.3000,6.3000,-5.1296
0.14,4000,0.3,0.15,0.002,0.0003,16,0.9,5.4800,6.5200,-5.1627
0.14,4000,0.3,0.15,0.002,0.0003,16,1.2,5.8000,6.8800,-5.2124
0.14,4000,0.3,0.15,0.002,0.0003,45,0.7,4.1200,4.6800,-4.1045
0.14,4000,0.3,0.15,0.002,0.0003,45,0.9,4.2800,4.8800,-4.1380
0.14,4000,0.3,0.15,0.002,0.0003,45,1.2,4.5600,5.2000,-4.1881
0.14,4000,0.3,0.15,0.002,0.0003,160,0.7,3.6400,4.0800,-3.6933
0.14,4000,0.3,0.15,0.002,0.0003,160,0.9,3.8000,4.2600,-3.7269
0.14,4000,0.3,0.15,0.002,0.0003,160,1.2,4.0600,4.5600,-3.7772
0.14,4000,0.3,0.15,0.002,0.002,16,0.7,5.1400,10.1200,-12.4266
0.14,4000,0.3,0.15,0.002,0.002,16,0.9,5.3200,10.7800,-12.6241
0.14,4000,0.3,0.15,0.002,0.002,16,1.2,5.6000,12.0200,-12.9193
0.14,4000,0.3,0.15,0.002,0.002,45,0.7,4.0200,6.4200,-10.7456
0.14,4000,0.3,0.15,0.002,0.002,45,0.9,4.1800,6.7600,-10.9471
0.14,4000,0.3,0.15,0.002,0.002,45,1.2,4.4400,7.3200,-11.2481
0.14,4000,0.3,0.15,0.002,0.002,160,0.7,3.5600,5.3800,-10.0661
0.14,4000,0.3,0.15,0.002,0.002,160,0.9,3.7200,5.6600,-10.2691
0.14,4000,0.3,0.15,0.002,0.002,160,1.2,3.9600,6.1200,-10.5725
0.14,4000,0.3,0.15,0.01,0.0001,16,0.7,4.7800,NaN,-17.1990
0.14,4000,0.3,0.15,0.01,0.0001,16,0.9,4.9600,NaN,-17.2091
0.14,4000,0.3,0.15,0.01,0.0001,16,1.2,5.2600,NaN,-17.2243
0.14,4000,0.3,0.15,0.01,0.0001,45,0.7,3.8000,NaN,-13.5055
0.14,4000,0.3,0.15,0.01,0.0001,45,0.9,3.9800,NaN,-13.5160
0.14,4000,0.3,0.15,0.01,0.0001,45,1.2,4.2600,NaN,-13.5316
0.14,4000,0.3,0.15,0.01,0.0001,160,0.7,3.4000,7.0000,-11.9719
0.14,4000,0.3,0.15,0.01,0.0001,160,0.9,3.5600,7.2800,-11.9824
0.14,4000,0.3,0.15,0.01,0.0001,160,1.2,3.8400,7.7400,-11.9983
0.14,4000,0.3,0.15,0.01,0.0003,16,0.7,4.7800,NaN,-17.9883
0.14,4000,0.3,0.15,0.01,0.0003,16,0.9,4.9600,NaN,-18.0183
0.14,4000,0.3,0.15,0.01,0.0003,16,1.2,5.2400,NaN,-18.0633
0.14,4000,0.3,0.15,0.01,0.0003,45,0.7,3.8000,NaN,-14.2474
0.14,4000,0.3,0.15,0.01,0.0003,45,0.9,3.9600,NaN,-14.2783
0.14,4000,0.3,0.15,0.01,0.0003,45,1.2,4.2400,NaN,-14.3247
0.14,4000,0.3,0.15,0.01,0.0003,160,0.7,3.4000,8.9200,-12.6928
0.14,4000,0.3,0.15,0.01,0.0003,160,0.9,3.5600,9.4400,-12.7241
0.14,4000,0.3,0.15,0.01,0.0003,160,1.2,3.8200,10.4000,-12.7711
0.14,4000,0.3,0.15,0.01,0.002,16,0.7,4.6400,NaN,-24.3087
0.14,4000,0.3,0.15,0.01,0.002,16,0.9,4.8200,NaN,-24.4884
0.14,4000,0.3,0.15,0.01,0.002,16,1.2,5.1000,NaN,-24.7568
0.14,4000,0.3,0.15,0.01,0.002,45,0.7,3.7200,NaN,-20.2183
0.14,4000,0.3,0.15,0.01,0.002,45,0.9,3.8800,NaN,-20.4053
0.14,4000,0.3,0.15,0.01,0.002,45,1.2,4.1200,NaN,-20.6847
0.14,4000,0.3,0.15,0.01,0.002,160,0.7,3.3200,NaN,-18.5074
0.14,4000,0.3,0.15,0.01,0.002,160,0.9,3.4800,NaN,-18.6976
0.14,4000,0.3,0.15,0.01,0.002,160,1.2,3.7200,NaN,-18.9816
0.14,4000,1,0.075,0.0005,0.0001,16,0.7,3.4600,3.5600,-0.9193
0.14,4000,1,0.075,0.0005,0.0001,16,0.9,3.6000,3.7000,-0.9307
0.14,4000,1,0.075,0.0005,0.0001,16,1.2,3.8000,3.9200,-0.9480
0.14,4000,1,0.075,0.0005,0.0001,45,0.7,2.7800,2.8400,-0.7640
0.14,4000,1,0.075,0.0005,0.0001,45,0.9,2.9000,2.9600,-0.7755
0.14,4000,1,0.075,0.0005,0.0001,45,1.2,3.1000,3.1600,-0.7928
0.14,4000,1,0.075,0.0005,0.0001,160,0.7,2.5200,2.5600,-0.7023
0.14,4000,1,0.075,0.0005,0.0001,160,0.9,2.6400,2.6800,-0.7139
0.14,4000,1,0.075,0.0005,0.0001,160,1.2,2.8200,2.8800,-0.7311
0.14,4000,1,0.075,0.0005,0.0003,16,0.7,3.4600,3.6200,-1.5211
0.14,4000,1,0.075,0.0005,0.0003,16,0.9,3.5800,3.7400,-1.5553
0.14,4000,1,0.075,0.0005,0.0003,16,1.2,3.8000,3.9800,-1.6065
0.14,4000,1,0.075,0.0005,0.0003,45,0.7,2.7800,2.8800,-1.3116
0.14,4000,1,0.075,0.0005,0.0003,45,0.9,2.9000,3.0000,-1.3458
0.14,4000,1,0.075,0.0005,0.0003,45,1.2,3.1000,3.2200,-1.3972
0.14,4000,1,0.075,0.0005,0.0003,160,0.7,2.5200,2.6000,-1.2283
0.14,4000,1,0.075,0.0005,0.0003,160,0.9,2.6200,2.7200,-1.2626
0.14,4000,1,0.075,0.0005,0.0003,160,1.2,2.8200,2.9200,-1.3140
0.14,4000,1,0.075,0.0005,0.002,16,0.7,3.4000,4.2000,-6.4338
0.14,4000,1,0.075,0.0005,0.002,16,0.9,3.5200,4.3800,-6.6454
0.14,4000,1,0.075,0.0005,0.002,16,1.2,3.7200,4.6800,-6.9617
0.14,4000,1,0.075,0.0005,0.002,45,0.7,2.7400,3.3000,-5.7978
0.14,4000,1,0.075,0.0005,0.002,45,0.9,2.8400,3.4600,-6.0113
0.14,4000,1,0.075,0.0005,0.002,45,1.2,3.0400,3.7200,-6.3303
0.14,4000,1,0.075,0.0005,0.002,160,0.7,2.4800,2.9600,-5.5439
0.14,4000,1,0.075,0.0005,0.002,160,0.9,2.5800,3.1000,-5.7581
0.14,4000,1,0.075,0.0005,0.002,160,1.2,2.7600,3.3400,-6.0782
0.14,4000,1,0.075,0.002,0.0001,16,0.7,3.4200,3.7200,-2.7274
0.14,4000,1,0.075,0.002,0.0001,16,0.9,3.5400,3.8600,-2.7388
0.14,4000,1,0.075,0.002,0.0001,16,1.2,3.7600,4.0800,-2.7558
0.14,4000,1,0.075,0.002,0.0001,45,0.7,2.7600,2.9600,-2.2036
0.14,4000,1,0.075,0.002,0.0001,45,0.9,2.8800,3.0800,-2.2150
0.14,4000,1,0.075,0.002,0.0001,45,1.2,3.0600,3.2800,-2.2321
0.14,4000,1,0.075,0.002,0.0001,160,0.7,2.5000,2.6600,-1.9947
0.14,4000,1,0.075,0.002,0.0001,160,0.9,2.6000,2.7600,-2.0061
0.14,4000,1,0.075,0.002,0.0001,160,1.2,2.8000,2.9600,-2.0232
0.14,4000,1,0.075,0.002,0.0003,16,0.7,3.4200,3.7800,-3.3177
0.14,4000,1,0.075,0.002,0.0003,16,0.9,3.5400,3.9200,-3.3515
0.14,4000,1,0.075,0.002,0.0003,16,1.2,3.7400,4.1600,-3.4020
0.14,4000,1,0.075,0.002,0.0003,45,0.7,2.7600,3.0000,-2.7432
0.14,4000,1,0.075,0.002,0.0003,45,0.9,2.8600,3.1200,-2.7771
0.14,4000,1,0.075,0.002,0.0003,45,1.2,3.0600,3.3400,-2.8279
0.14,4000,1,0.075,0.002,0.0003,160,0.7,2.5000,2.6800,-2.5139
0.14,4000,1,0.075,0.002,0.0003,160,0.9,2.6000,2.8000,-2.5479
0.14,4000,1,0.075,0.002,0.0003,160,1.2,2.8000,3.0200,-2.5988
0.14,4000,1,0.075,0.002,0.002,16,0.7,3.3400,4.5200,-8.1374
0.14,4000,1,0.075,0.002,0.002,16,0.9,3.4600,4.7400,-8.3464
0.14,4000,1,0.075,0.002,0.002,16,1.2,3.6600,5.0600,-8.6587
0.14,4000,1,0.075,0.002,0.002,45,0.7,2.7200,3.4800,-7.1645
0.14,4000,1,0.075,0.002,0.002,45,0.9,2.8200,3.6400,-7.3758
0.14,4000,1,0.075,0.002,0.002,45,1.2,3.0000,3.9200,-7.6916
0.14,4000,1,0.075,0.002,0.002,160,0.7,2.4600,3.1000,-6.7744
0.14,4000,1,0.075,0.002,0.002,160,0.9,2.5600,3.2400,-6.9867
0.14,4000,1,0.075,0.002,0.002,160,1.2,2.7400,3.5000,-7.3039
0.14,4000,1,0.075,0.01,0.0001,16,0.7,3.2000,6.1400,-11.5635
0.14,4000,1,0.075,0.01,0.0001,16,0.9,3.3200,6.3400,-11.5741
0.14,4000,1,0.075,0.01,0.0001,16,1.2,3.5200,6.7000,-11.5900
0.14,4000,1,0.075,0.01,0.0001,45,0.7,2.6200,3.9400,-9.3628
0.14,4000,1,0.075,0.01,0.0001,45,0.9,2.7200,4.0800,-9.3736
0.14,4000,1,0.075,0.01,0.0001,45,1.2,2.9200,4.3400,-9.3898
0.14,4000,1,0.075,0.01,0.0001,160,0.7,2.3800,3.3600,-8.4669
0.14,4000,1,0.075,0.01,0.0001,160,0.9,2.4800,3.5000,-8.4778
0.14,4000,1,0.075,0.01,0.0001,160,1.2,2.6800,3.7400,-8.4941
0.14,4000,1,0.075,0.01,0.0003,16,0.7,3.1800,6.7600,-12.0988
0.14,4000,1,0.075,0.01,0.0003,16,0.9,3.3000,7.0200,-12.1303
0.14,4000,1,0.075,0.01,0.0003,16,1.2,3.5200,7.4800,-12.1777
0.14,4000,1,0.075,0.01,0.0003,45,0.7,2.6000,4.0800,-9.8632
0.14,4000,1,0.075,0.01,0.0003,45,0.9,2.7200,4.2400,-9.8953
0.14,4000,1,0.075,0.01,0.0003,45,1.2,2.9200,4.5200,-9.9435
0.14,4000,1,0.075,0.01,0.0003,160,0.7,2.3800,3.4600,-8.9527
0.14,4000,1,0.075,0.01,0.0003,160,0.9,2.4800,3.6000,-8.9851
0.14,4000,1,0.075,0.01,0.0003,160,1.2,2.6600,3.8600,-9.0336
0.14,4000,1,0.075,0.01,0.002,16,0.7,3.1200,NaN,-16.4748
0.14,4000,1,0.075,0.01,0.002,16,0.9,3.2400,NaN,-16.6708
0.14,4000,1,0.075,0.01,0.002,16,1.2,3.4400,NaN,-16.9637
0.14,4000,1,0.075,0.01,0.002,45,0.7,2.5600,NaN,-13.9670
0.14,4000,1,0.075,0.01,0.002,45,0.9,2.6800,NaN,-14.1677
0.14,4000,1,0.075,0.01,0.002,45,1.2,2.8600,NaN,-14.4675
0.14,4000,1,0.075,0.01,0.002,160,0.7,2.3400,5.8600,-12.9417
0.14,4000,1,0.075,0.01,0.002,160,0.9,2.4400,7.0800,-13.1443
0.14,4000,1,0.075,0.01,0.002,160,1.2,2.6200,NaN,-13.4469
0.14,4000,1,0.1,0.0005,0.0001,16,0.7,3.5000,3.6000,-0.9524
0.14,4000,1,0.1,0.0005,0.0001,16,0.9,3.6400,3.7400,-0.9639
0.14,4000,1,0.1,0.0005,0.0001,16,1.2,3.8800,3.9800,-0.9812
0.14,4000,1,0.1,0.0005,0.0001,45,0.7,2.8200,2.9000,-0.7973
0.14,4000,1,0.1,0.0005,0.0001,45,0.9,2.9600,3.0200,-0.8088
0.14,4000,1,0.1,0.0005,0.0001,45,1.2,3.1800,3.2400,-0.8260
0.14,4000,1,0.1,0.0005,0.0001,160,0.7,2.5600,2.6200,-0.7356
0.14,4000,1,0.1,0.0005,0.0001,160,0.9,2.6800,2.7400,-0.7471
0.14,4000,1,0.1,0.0005,0.0001,160,1.2,2.9000,2.9600,-0.7644
0.14,4000,1,0.1,0.0005,0.0003,16,0.7,3.5000,3.6600,-1.6198
0.14,4000,1,0.1,0.0005,0.0003,16,0.9,3.6400,3.8200,-1.6539
0.14,4000,1,0.1,0.0005,0.0003,16,1.2,3.8600,4.0600,-1.7050
0.14,4000,1,0.1,0.0005,0.0003,45,0.7,2.8200,2.9400,-1.4105
0.14,4000,1,0.1,0.0005,0.0003,45,0.9,2.9600,3.0800,-1.4447
0.14,4000,1,0.1,0.0005,0.0003,45,1.2,3.1600,3.3000,-1.4959
0.14,4000,1,0.1,0.0005,0.0003,160,0.7,2.5600,2.6600,-1.3273
0.14,4000,1,0.1,0.0005,0.0003,160,0.9,2.6800,2.7800,-1.3615
0.14,4000,1,0.1,0.0005,0.0003,160,1.2,2.8800,3.0000,-1.4128
0.14,4000,1,0.1,0.0005,0.002,16,0.7,3.4400,4.3600,-7.0434
0.14,4000,1,0.1,0.0005,0.002,16,0.9,3.5600,4.5600,-7.2532
0.14,4000,1,0.1,0.0005,0.002,16,1.2,3.7800,4.8800,-7.5665
0.14,4000,1,0.1,0.0005,0.002,45,0.7,2.7800,3.4200,-6.4127
0.14,4000,1,0.1,0.0005,0.002,45,0.9,2.9000,3.6000,-6.6243
0.14,4000,1,0.1,0.0005,0.002,45,1.2,3.1000,3.8800,-6.9403
0.14,4000,1,0.1,0.0005,0.002,160,0.7,2.5200,3.0600,-6.1609
0.14,4000,1,0.1,0.0005,0.002,160,0.9,2.6400,3.2200,-6.3732
0.14,4000,1,0.1,0.0005,0.002,160,1.2,2.8400,3.5000,-6.6903
0.14,4000,1,0.1,0.002,0.0001,16,0.7,3.4600,3.7800,-2.7602
0.14,4000,1,0.1,0.002,0.0001,16,0.9,3.6000,3.9200,-2.7715
0.14,4000,1,0.1,0.002,0.0001,16,1.2,3.8200,4.1600,-2.7885
0.14,4000,1,0.1,0.002,0.0001,45,0.7,2.8000,3.0000,-2.2365
0.14,4000,1,0.1,0.002,0.0001,45,0.9,2.9200,3.1400,-2.2479
0.14,4000,1,0.1,0.002,0.0001,45,1.2,3.1400,3.3600,-2.2650
0.14,4000,1,0.1,0.002,0.0001,160,0.7,2.5400,2.7000,-2.0277
0.14,4000,1,0.1,0.002,0.0001,160,0.9,2.6600,2.8200,-2.0391
0.14,4000,1,0.1,0.002,0.0001,160,1.2,2.8800,3.0400,-2.0562
0.14,4000,1,0.1,0.002,0.0003,16,0.7,3.4600,3.8400,-3.4151
0.14,4000,1,0.1,0.002,0.0003,16,0.9,3.6000,4.0000,-3.4488
0.14,4000,1,0.1,0.002,0.0003,16,1.2,3.8200,4.2400,-3.4993
0.14,4000,1,0.1,0.002,0.0003,45,0.7,2.8000,3.0400,-2.8411
0.14,4000,1,0.1,0.002,0.0003,45,0.9,2.9200,3.1800,-2.8749
0.14,4000,1,0.1,0.002,0.0003,45,1.2,3.1400,3.4200,-2.9257
0.14,4000,1,0.1,0.002,0.0003,160,0.7,2.5400,2.7400,-2.6120
0.14,4000,1,0.1,0.002,0.0003,160,0.9,2.6600,2.8800,-2.6459
0.14,4000,1,0.1,0.002,0.0003,160,1.2,2.8600,3.1000,-2.6967
0.14,4000,1,0.1,0.002,0.002,16,0.7,3.3800,4.7200,-8.7395
0.14,4000,1,0.1,0.002,0.002,16,0.9,3.5200,4.9400,-8.9466
0.14,4000,1,0.1,0.002,0.002,16,1.2,3.7400,5.3200,-9.2560
0.14,4000,1,0.1,0.002,0.002,45,0.7,2.7400,3.6200,-7.7732
0.14,4000,1,0.1,0.002,0.002,45,0.9,2.8600,3.8000,-7.9826
0.14,4000,1,0.1,0.002,0.002,45,1.2,3.0800,4.1200,-8.2955
0.14,4000,1,0.1,0.002,0.002,160,0.7,2.5000,3.2200,-7.3859
0.14,4000,1,0.1,0.002,0.002,160,0.9,2.6200,3.3800,-7.5962
0.14,4000,1,0.1,0.002,0.002,160,1.2,2.8000,3.6800,-7.9105
0.14,4000,1,0.1,0.01,0.0001,16,0.7,3.2400,6.2200,-11.5941
0.14,4000,1,0.1,0.01,0.0001,16,0.9,3.3600,6.4400,-11.6047
0.14,4000,1,0.1,0.01,0.0001,16,1.2,3.6000,6.8200,-11.6206
0.14,4000,1,0.1,0.01,0.0001,45,0.7,2.6600,4.0000,-9.3940
0.14,4000,1,0.1,0.01,0.0001,45,0.9,2.7800,4.1600,-9.4047
0.14,4000,1,0.1,0.01,0.0001,45,1.2,3.0000,4.4400,-9.4209
0.14,4000,1,0.1,0.01,0.0001,160,0.7,2.4200,3.4200,-8.4983
0.14,4000,1,0.1,0.01,0.0001,160,0.9,2.5400,3.5600,-8.5092
0.14,4000,1,0.1,0.01,0.0001,160,1.2,2.7400,3.8400,-8.5255
0.14,4000,1,0.1,0.01,0.0003,16,0.7,3.2200,6.9600,-12.1899
0.14,4000,1,0.1,0.01,0.0003,16,0.9,3.3600,7.2600,-12.2214
0.14,4000,1,0.1,0.01,0.0003,16,1.2,3.5800,7.7400,-12.2687
0.14,4000,1,0.1,0.01,0.0003,45,0.7,2.6400,4.1600,-9.9560
0.14,4000,1,0.1,0.01,0.0003,45,0.9,2.7800,4.3400,-9.9881
0.14,4000,1,0.1,0.01,0.0003,45,1.2,2.9800,4.6400,-10.0362
0.14,4000,1,0.1,0.01,0.0003,160,0.7,2.4200,3.5200,-9.0462
0.14,4000,1,0.1,0.01,0.0003,160,0.9,2.5400,3.6800,-9.0785
0.14,4000,1,0.1,0.01,0.0003,160,1.2,2.7400,3.9600,-9.1270
0.14,4000,1,0.1,0.01,0.002,16,0.7,3.1600,NaN,-17.0395
0.14,4000,1,0.1,0.01,0.002,16,0.9,3.3000,NaN,-17.2337
0.14,4000,1,0.1,0.01,0.002,16,1.2,3.5000,NaN,-17.5240
0.14,4000,1,0.1,0.01,0.002,45,0.7,2.6000,NaN,-14.5451
0.14,4000,1,0.1,0.01,0.002,45,0.9,2.7200,NaN,-14.7439
0.14,4000,1,0.1,0.01,0.002,45,1.2,2.9200,NaN,-15.0410
0.14,4000,1,0.1,0.01,0.002,160,0.7,2.3800,NaN,-13.5252
0.14,4000,1,0.1,0.01,0.002,160,0.9,2.5000,NaN,-13.7259
0.14,4000,1,0.1,0.01,0.002,160,1.2,2.7000,NaN,-14.0258
0.14,4000,1,0.15,0.0005,0.0001,16,0.7,3.6000,3.7000,-1.0188
0.14,4000,1,0.15,0.0005,0.0001,16,0.9,3.7600,3.8600,-1.0303
0.14,4000,1,0.15,0.0005,0.0001,16,1.2,4.0200,4.1400,-1.0475
0.14,4000,1,0.15,0.0005,0.0001,45,0.7,2.9200,2.9800,-0.8637
0.14,4000,1,0.15,0.0005,0.0001,45,0.9,3.0800,3.1400,-0.8752
0.14,4000,1,0.15,0.0005,0.0001,45,1.2,3.3200,3.4000,-0.8924
0.14,4000,1,0.15,0.0005,0.0001,160,0.7,2.6400,2.7000,-0.8021
0.14,4000,1,0.15,0.0005,0.0001,160,0.9,2.8000,2.8600,-0.8136
0.14,4000,1,0.15,0.0005,0.0001,160,1.2,3.0600,3.1200,-0.8308
0.14,4000,1,0.15,0.0005,0.0003,16,0.7,3.5800,3.7800,-1.8167
0.14,4000,1,0.15,0.0005,0.0003,16,0.9,3.7400,3.9400,-1.8507
0.14,4000,1,0.15,0.0005,0.0003,16,1.2,4.0200,4.2400,-1.9017
0.14,4000,1,0.15,0.0005,0.0003,45,0.7,2.9200,3.0400,-1.6078
0.14,4000,1,0.15,0.0005,0.0003,45,0.9,3.0600,3.2000,-1.6419
0.14,4000,1,0.15,0.0005,0.0003,45,1.2,3.3200,3.4800,-1.6931
0.14,4000,1,0.15,0.0005,0.0003,160,0.7,2.6400,2.7600,-1.5248
0.14,4000,1,0.15,0.0005,0.0003,160,0.9,2.8000,2.9200,-1.5590
0.14,4000,1,0.15,0.0005,0.0003,160,1.2,3.0400,3.1800,-1.6101
0.14,4000,1,0.15,0.0005,0.002,16,0.7,3.5200,4.7000,-8.2462
0.14,4000,1,0.15,0.0005,0.002,16,0.9,3.6600,4.9400,-8.4521
0.14,4000,1,0.15,0.0005,0.002,16,1.2,3.9200,5.3400,-8.7599
0.14,4000,1,0.15,0.0005,0.002,45,0.7,2.8600,3.7000,-7.6257
0.14,4000,1,0.15,0.0005,0.002,45,0.9,3.0000,3.9000,-7.8335
0.14,4000,1,0.15,0.0005,0.002,45,1.2,3.2400,4.2600,-8.1438
0.14,4000,1,0.15,0.0005,0.002,160,0.7,2.6000,3.3200,-7.3781
0.14,4000,1,0.15,0.0005,0.002,160,0.9,2.7400,3.5200,-7.5865
0.14,4000,1,0.15,0.0005,0.002,160,1.2,2.9800,3.8400,-7.8979
0.14,4000,1,0.15,0.002,0.0001,16,0.7,3.5400,3.8800,-2.8257
0.14,4000,1,0.15,0.002,0.0001,16,0.9,3.7200,4.0400,-2.8370
0.14,4000,1,0.15,0.002,0.0001,16,1.2,3.9800,4.3400,-2.8540
0.14,4000,1,0.15,0.002,0.0001,45,0.7,2.8800,3.1000,-2.3023
0.14,4000,1,0.15,0.002,0.0001,45,0.9,3.0400,3.2600,-2.3136
0.14,4000,1,0.15,0.002,0.0001,45,1.2,3.3000,3.5200,-2.3307
0.14,4000,1,0.15,0.002,0.0001,160,0.7,2.6200,2.8000,-2.0935
0.14,4000,1,0.15,0.002,0.0001,160,0.9,2.7800,2.9400,-2.1049
0.14,4000,1,0.15,0.002,0.0001,160,1.2,3.0200,3.2200,-2.1220
0.14,4000,1,0.15,0.002,0.0003,16,0.7,3.5400,3.9600,-3.6095
0.14,4000,1,0.15,0.002,0.0003,16,0.9,3.7000,4.1400,-3.6431
0.14,4000,1,0.15,0.002,0.0003,16,1.2,3.9600,4.4400,-3.6935
0.14,4000,1,0.15,0.002,0.0003,45,0.7,2.8800,3.1600,-3.0364
0.14,4000,1,0.15,0.002,0.0003,45,0.9,3.0400,3.3200,-3.0701
0.14,4000,1,0.15,0.002,0.0003,45,1.2,3.2800,3.6000,-3.1207
0.14,4000,1,0.15,0.002,0.0003,160,0.7,2.6200,2.8400,-2.8077
0.14,4000,1,0.15,0.002,0.0003,160,0.9,2.7600,3.0000,-2.8415
0.14,4000,1,0.15,0.002,0.0003,160,1.2,3.0200,3.2800,-2.8922
0.14,4000,1,0.15,0.002,0.002,16,0.7,3.4600,5.1800,-9.9272
0.14,4000,1,0.15,0.002,0.002,16,0.9,3.6200,5.4400,-10.1305
0.14,4000,1,0.15,0.002,0.002,16,1.2,3.8600,5.9000,-10.4344
0.14,4000,1,0.15,0.002,0.002,45,0.7,2.8200,3.9600,-8.9741
0.14,4000,1,0.15,0.002,0.002,45,0.9,2.9800,4.1800,-9.1797
0.14,4000,1,0.15,0.002,0.002,45,1.2,3.2200,4.5600,-9.4869
0.14,4000,1,0.15,0.002,0.002,160,0.7,2.5800,3.5000,-8.5920
0.14,4000,1,0.15,0.002,0.002,160,0.9,2.7200,3.7200,-8.7986
0.14,4000,1,0.15,0.002,0.002,160,1.2,2.9400,4.0800,-9.1072
0.14,4000,1,0.15,0.01,0.0001,16,0.7,3.3200,6.4000,-11.6554
0.14,4000,1,0.15,0.01,0.0001,16,0.9,3.4800,6.6600,-11.6660
0.14,4000,1,0.15,0.01,0.0001,16,1.2,3.7400,7.1000,-11.6819
0.14,4000,1,0.15,0.01,0.0001,45,0.7,2.7400,4.1200,-9.4563
0.14,4000,1,0.15,0.01,0.0001,45,0.9,2.9000,4.3200,-9.4671
0.14,4000,1,0.15,0.01,0.0001,45,1.2,3.1400,4.6600,-9.4832
0.14,4000,1,0.15,0.01,0.0001,160,0.7,2.5000,3.5200,-8.5611
0.14,4000,1,0.15,0.01,0.0001,160,0.9,2.6600,3.7200,-8.5719
0.14,4000,1,0.15,0.01,0.0001,160,1.2,2.9000,4.0400,-8.5882
0.14,4000,1,0.15,0.01,0.0003,16,0.7,3.3200,7.4400,-12.3719
0.14,4000,1,0.15,0.01,0.0003,16,0.9,3.4800,7.8000,-12.4033
0.14,4000,1,0.15,0.01,0.0003,16,1.2,3.7400,8.4200,-12.4504
0.14,4000,1,0.15,0.01,0.0003,45,0.7,2.7400,4.3200,-10.1412
0.14,4000,1,0.15,0.01,0.0003,45,0.9,2.8800,4.5400,-10.1732
0.14,4000,1,0.15,0.01,0.0003,45,1.2,3.1400,4.9000,-10.2212
0.14,4000,1,0.15,0.01,0.0003,160,0.7,2.5000,3.6600,-9.2327
0.14,4000,1,0.15,0.01,0.0003,160,0.9,2.6600,3.8600,-9.2650
0.14,4000,1,0.15,0.01,0.0003,160,1.2,2.9000,4.2000,-9.3133
0.14,4000,1,0.15,0.01,0.002,16,0.7,3.2400,NaN,-18.1535
0.14,4000,1,0.15,0.01,0.002,16,0.9,3.4000,NaN,-18.3442
0.14,4000,1,0.15,0.01,0.002,16,1.2,3.6400,NaN,-18.6293
0.14,4000,1,0.15,0.01,0.002,45,0.7,2.6800,NaN,-15.6854
0.14,4000,1,0.15,0.01,0.002,45,0.9,2.8200,NaN,-15.8806
0.14,4000,1,0.15,0.01,0.002,45,1.2,3.0600,NaN,-16.1723
0.14,4000,1,0.15,0.01,0.002,160,0.7,2.4600,NaN,-14.6763
0.14,4000,1,0.15,0.01,0.002,160,0.9,2.6000,NaN,-14.8734
0.14,4000,1,0.15,0.01,0.002,160,1.2,2.8400,NaN,-15.1679
0.25,250,0.3,0.075,0.0005,0.0001,16,0.7,34.1200,47.0600,-7.9299
0.25,250,0.3,0.075,0.0005,0.0001,16,0.9,34.8600,48.1000,-7.9407
0.25,250,0.3,0.075,0.0005,0.0001,16,1.2,36.0000,49.6800,-7.9569
0.25,250,0.3,0.075,0.0005,0.0001,45,0.7,33.0000,44.8600,-7.6762
0.25,250,0.3,0.075,0.0005,0.0001,45,0.9,33.7400,45.8400,-7.6870
0.25,250,0.3,0.075,0.0005,0.0001,45,1.2,34.8400,47.3600,-7.7033
0.25,250,0.3,0.075,0.0005,0.0001,160,0.7,32.5600,44.0000,-7.5753
0.25,250,0.3,0.075,0.0005,0.0001,160,0.9,33.2800,44.9800,-7.5861
0.25,250,0.3,0.075,0.0005,0.0001,160,1.2,34.3600,46.4600,-7.6024
0.25,250,0.3,0.075,0.0005,0.0003,16,0.7,33.4400,56.5400,-10.8113
0.25,250,0.3,0.075,0.0005,0.0003,16,0.9,34.1800,57.9200,-10.8423
0.25,250,0.3,0.075,0.0005,0.0003,16,1.2,35.2800,60.0200,-10.8889
0.25,250,0.3,0.075,0.0005,0.0003,45,0.7,32.3800,53.0200,-10.4808
0.25,250,0.3,0.075,0.0005,0.0003,45,0.9,33.0800,54.3000,-10.5120
0.25,250,0.3,0.075,0.0005,0.0003,45,1.2,34.1600,56.2600,-10.5587
0.25,250,0.3,0.075,0.0005,0.0003,160,0.7,31.9600,51.7000,-10.3493
0.25,250,0.3,0.075,0.0005,0.0003,160,0.9,32.6600,52.9400,-10.3804
0.25,250,0.3,0.075,0.0005,0.0003,160,1.2,33.7200,54.8400,-10.4272
0.25,250,0.3,0.075,0.0005,0.002,16,0.7,28.7200,NaN,-31.0212
0.25,250,0.3,0.075,0.0005,0.002,16,0.9,29.3400,NaN,-31.1683
0.25,250,0.3,0.075,0.0005,0.002,16,1.2,30.2600,NaN,-31.3882
0.25,250,0.3,0.075,0.0005,0.002,45,0.7,27.9400,NaN,-30.2528
0.25,250,0.3,0.075,0.0005,0.002,45,0.9,28.5400,NaN,-30.4017
0.25,250,0.3,0.075,0.0005,0.002,45,1.2,29.4400,NaN,-30.6244
0.25,250,0.3,0.075,0.0005,0.002,160,0.7,27.6200,NaN,-29.9450
0.25,250,0.3,0.075,0.0005,0.002,160,0.9,28.2200,NaN,-30.0947
0.25,250,0.3,0.075,0.0005,0.002,160,1.2,29.1000,NaN,-30.3184
0.25,250,0.3,0.075,0.002,0.0001,16,0.7,29.7000,NaN,-23.5427
0.25,250,0.3,0.075,0.002,0.0001,16,0.9,30.3600,NaN,-23.5522
0.25,250,0.3,0.075,0.002,0.0001,16,1.2,31.3600,NaN,-23.5666
0.25,250,0.3,0.075,0.002,0.0001,45,0.7,28.8600,NaN,-22.8751
0.25,250,0.3,0.075,0.002,0.0001,45,0.9,29.5000,NaN,-22.8847
0.25,250,0.3,0.075,0.002,0.0001,45,1.2,30.4800,NaN,-22.8991
0.25,250,0.3,0.075,0.002,0.0001,160,0.7,28.5200,NaN,-22.6080
0.25,250,0.3,0.075,0.002,0.0001,160,0.9,29.1600,NaN,-22.6176
0.25,250,0.3,0.075,0.002,0.0001,160,1.2,30.1200,NaN,-22.6320
0.25,250,0.3,0.075,0.002,0.0003,16,0.7,29.2000,NaN,-25.7948
0.25,250,0.3,0.075,0.002,0.0003,16,0.9,29.8400,NaN,-25.8223
0.25,250,0.3,0.075,0.002,0.0003,16,1.2,30.8200,NaN,-25.8636
0.25,250,0.3,0.075,0.002,0.0003,45,0.7,28.3800,NaN,-25.0844
0.25,250,0.3,0.075,0.002,0.0003,45,0.9,29.0000,NaN,-25.1121
0.25,250,0.3,0.075,0.002,0.0003,45,1.2,29.9600,NaN,-25.1537
0.25,250,0.3,0.075,0.002,0.0003,160,0.7,28.0600,NaN,-24.8000
0.25,250,0.3,0.075,0.002,0.0003,160,0.9,28.6800,NaN,-24.8278
0.25,250,0.3,0.075,0.002,0.0003,160,1.2,29.6200,NaN,-24.8695
0.25,250,0.3,0.075,0.002,0.002,16,0.7,25.5400,NaN,-41.9172
0.25,250,0.3,0.075,0.002,0.002,16,0.9,26.0800,NaN,-42.0525
0.25,250,0.3,0.075,0.002,0.002,16,1.2,26.9200,NaN,-42.2547
0.25,250,0.3,0.075,0.002,0.002,45,0.7,24.9000,NaN,-40.9635
0.25,250,0.3,0.075,0.002,0.002,45,0.9,25.4400,NaN,-41.1007
0.25,250,0.3,0.075,0.002,0.002,45,1.2,26.2600,NaN,-41.3057
0.25,250,0.3,0.075,0.002,0.002,160,0.7,24.6600,NaN,-40.5798
0.25,250,0.3,0.075,0.002,0.002,160,0.9,25.1800,NaN,-40.7178
0.25,250,0.3,0.075,0.002,0.002,160,1.2,25.9800,NaN,-40.9240
0.25,250,0.3,0.075,0.01,0.0001,16,0.7,17.6200,NaN,-66.3215
0.25,250,0.3,0.075,0.01,0.0001,16,0.9,18.0200,NaN,-66.3276
0.25,250,0.3,0.075,0.01,0.0001,16,1.2,18.6600,NaN,-66.3367
0.25,250,0.3,0.075,0.01,0.0001,45,0.7,17.3200,NaN,-65.1925
0.25,250,0.3,0.075,0.01,0.0001,45,0.9,17.7200,NaN,-65.1986
0.25,250,0.3,0.075,0.01,0.0001,45,1.2,18.3400,NaN,-65.2079
0.25,250,0.3,0.075,0.01,0.0001,160,0.7,17.2000,NaN,-64.7332
0.25,250,0.3,0.075,0.01,0.0001,160,0.9,17.6000,NaN,-64.7394
0.25,250,0.3,0.075,0.01,0.0001,160,1.2,18.2200,NaN,-64.7487
0.25,250,0.3,0.075,0.01,0.0003,16,0.7,17.4400,NaN,-67.2411
0.25,250,0.3,0.075,0.01,0.0003,16,0.9,17.8400,NaN,-67.2588
0.25,250,0.3,0.075,0.01,0.0003,16,1.2,18.4600,NaN,-67.2854
0.25,250,0.3,0.075,0.01,0.0003,45,0.7,17.1400,NaN,-66.1134
0.25,250,0.3,0.075,0.01,0.0003,45,0.9,17.5400,NaN,-66.1314
0.25,250,0.3,0.075,0.01,0.0003,45,1.2,18.1600,NaN,-66.1584
0.25,250,0.3,0.075,0.01,0.0003,160,0.7,17.0200,NaN,-65.6546
0.25,250,0.3,0.075,0.01,0.0003,160,0.9,17.4200,NaN,-65.6728
0.25,250,0.3,0.075,0.01,0.0003,160,1.2,18.0400,NaN,-65.6999
0.25,250,0.3,0.075,0.01,0.002,16,0.7,16.0400,NaN,-74.2195
0.25,250,0.3,0.075,0.01,0.002,16,0.9,16.4200,NaN,-74.3160
0.25,250,0.3,0.075,0.01,0.002,16,1.2,16.9600,NaN,-74.4602
0.25,250,0.3,0.075,0.01,0.002,45,0.7,15.8000,NaN,-73.1126
0.25,250,0.3,0.075,0.01,0.002,45,0.9,16.1600,NaN,-73.2109
0.25,250,0.3,0.075,0.01,0.002,45,1.2,16.7000,NaN,-73.3578
0.25,250,0.3,0.075,0.01,0.002,160,0.7,15.7000,NaN,-72.6614
0.25,250,0.3,0.075,0.01,0.002,160,0.9,16.0600,NaN,-72.7604
0.25,250,0.3,0.075,0.01,0.002,160,1.2,16.6000,NaN,-72.9084
0.25,250,0.3,0.1,0.0005,0.0001,16,0.7,34.2200,47.2800,-7.9611
0.25,250,0.3,0.1,0.0005,0.0001,16,0.9,34.9800,48.3200,-7.9719
0.25,250,0.3,0.1,0.0005,0.0001,16,1.2,36.1200,49.9200,-7.9881
0.25,250,0.3,0.1,0.0005,0.0001,45,0.7,33.1200,45.0600,-7.7075
0.25,250,0.3,0.1,0.0005,0.0001,45,0.9,33.8400,46.0600,-7.7183
0.25,250,0.3,0.1,0.0005,0.0001,45,1.2,34.9600,47.6000,-7.7346
0.25,250,0.3,0.1,0.0005,0.0001,160,0.7,32.6800,44.2000,-7.6066
0.25,250,0.3,0.1,0.0005,0.0001,160,0.9,33.4000,45.2000,-7.6175
0.25,250,0.3,0.1,0.0005,0.0001,160,1.2,34.5000,46.7000,-7.6337
0.25,250,0.3,0.1,0.0005,0.0003,16,0.7,33.5400,57.2000,-10.9009
0.25,250,0.3,0.1,0.0005,0.0003,16,0.9,34.2800,58.6000,-10.9319
0.25,250,0.3,0.1,0.0005,0.0003,16,1.2,35.4000,60.7400,-10.9784
0.25,250,0.3,0.1,0.0005,0.0003,45,0.7,32.4800,53.5800,-10.5708
0.25,250,0.3,0.1,0.0005,0.0003,45,0.9,33.2000,54.9000,-10.6019
0.25,250,0.3,0.1,0.0005,0.0003,45,1.2,34.2800,56.8800,-10.6485
0.25,250,0.3,0.1,0.0005,0.0003,160,0.7,32.0600,52.2400,-10.4393
0.25,250,0.3,0.1,0.0005,0.0003,160,0.9,32.7600,53.5200,-10.4705
0.25,250,0.3,0.1,0.0005,0.0003,160,1.2,33.8400,55.4400,-10.5172
0.25,250,0.3,0.1,0.0005,0.002,16,0.7,28.8200,NaN,-31.4451
0.25,250,0.3,0.1,0.0005,0.002,16,0.9,29.4400,NaN,-31.5910
0.25,250,0.3,0.1,0.0005,0.002,16,1.2,30.3800,NaN,-31.8092
0.25,250,0.3,0.1,0.0005,0.002,45,0.7,28.0400,NaN,-30.6819
0.25,250,0.3,0.1,0.0005,0.002,45,0.9,28.6400,NaN,-30.8297
0.25,250,0.3,0.1,0.0005,0.002,45,1.2,29.5400,NaN,-31.0506
0.25,250,0.3,0.1,0.0005,0.002,160,0.7,27.7200,NaN,-30.3763
0.25,250,0.3,0.1,0.0005,0.002,160,0.9,28.3000,NaN,-30.5248
0.25,250,0.3,0.1,0.0005,0.002,160,1.2,29.2000,NaN,-30.7468
0.25,250,0.3,0.1,0.002,0.0001,16,0.7,29.8000,NaN,-23.5703
0.25,250,0.3,0.1,0.002,0.0001,16,0.9,30.4600,NaN,-23.5798
0.25,250,0.3,0.1,0.002,0.0001,16,1.2,31.4800,NaN,-23.5941
0.25,250,0.3,0.1,0.002,0.0001,45,0.7,28.9600,NaN,-22.9028
0.25,250,0.3,0.1,0.002,0.0001,45,0.9,29.6000,NaN,-22.9124
0.25,250,0.3,0.1,0.002,0.0001,45,1.2,30.6000,NaN,-22.9268
0.25,250,0.3,0.1,0.002,0.0001,160,0.7,28.6200,NaN,-22.6358
0.25,250,0.3,0.1,0.002,0.0001,160,0.9,29.2600,NaN,-22.6454
0.25,250,0.3,0.1,0.002,0.0001,160,1.2,30.2400,NaN,-22.6598
0.25,250,0.3,0.1,0.002,0.0003,16,0.7,29.2800,NaN,-25.8743
0.25,250,0.3,0.1,0.002,0.0003,16,0.9,29.9400,NaN,-25.9018
0.25,250,0.3,0.1,0.002,0.0003,16,1.2,30.9400,NaN,-25.9431
0.25,250,0.3,0.1,0.002,0.0003,45,0.7,28.4800,NaN,-25.1645
0.25,250,0.3,0.1,0.002,0.0003,45,0.9,29.1000,NaN,-25.1922
0.25,250,0.3,0.1,0.002,0.0003,45,1.2,30.0800,NaN,-25.2337
0.25,250,0.3,0.1,0.002,0.0003,160,0.7,28.1400,NaN,-24.8803
0.25,250,0.3,0.1,0.002,0.0003,160,0.9,28.7800,NaN,-24.9081
0.25,250,0.3,0.1,0.002,0.0003,160,1.2,29.7200,NaN,-24.9497
0.25,250,0.3,0.1,0.002,0.002,16,0.7,25.6200,NaN,-42.3070
0.25,250,0.3,0.1,0.002,0.002,16,0.9,26.1800,NaN,-42.4412
0.25,250,0.3,0.1,0.002,0.002,16,1.2,27.0000,NaN,-42.6419
0.25,250,0.3,0.1,0.002,0.002,45,0.7,25.0000,NaN,-41.3588
0.25,250,0.3,0.1,0.002,0.002,45,0.9,25.5400,NaN,-41.4948
0.25,250,0.3,0.1,0.002,0.002,45,1.2,26.3600,NaN,-41.6983
0.25,250,0.3,0.1,0.002,0.002,160,0.7,24.7400,NaN,-40.9773
0.25,250,0.3,0.1,0.002,0.002,160,0.9,25.2800,NaN,-41.1141
0.25,250,0.3,0.1,0.002,0.002,160,1.2,26.0800,NaN,-41.3187
0.25,250,0.3,0.1,0.01,0.0001,16,0.7,17.6800,NaN,-66.3390
0.25,250,0.3,0.1,0.01,0.0001,16,0.9,18.1000,NaN,-66.3451
0.25,250,0.3,0.1,0.01,0.0001,16,1.2,18.7600,NaN,-66.3542
0.25,250,0.3,0.1,0.01,0.0001,45,0.7,17.3800,NaN,-65.2103
0.25,250,0.3,0.1,0.01,0.0001,45,0.9,17.8000,NaN,-65.2164
0.25,250,0.3,0.1,0.01,0.0001,45,1.2,18.4400,NaN,-65.2256
0.25,250,0.3,0.1,0.01,0.0001,160,0.7,17.2600,NaN,-64.7511
0.25,250,0.3,0.1,0.01,0.0001,160,0.9,17.6800,NaN,-64.7573
0.25,250,0.3,0.1,0.01,0.0001,160,1.2,18.3200,NaN,-64.7666
0.25,250,0.3,0.1,0.01,0.0003,16,0.7,17.5000,NaN,-67.2923
0.25,250,0.3,0.1,0.01,0.0003,16,0.9,17.9200,NaN,-67.3100
0.25,250,0.3,0.1,0.01,0.0003,16,1.2,18.5600,NaN,-67.3365
0.25,250,0.3,0.1,0.01,0.0003,45,0.7,17.2200,NaN,-66.1654
0.25,250,0.3,0.1,0.01,0.0003,45,0.9,17.6200,NaN,-66.1834
0.25,250,0.3,0.1,0.01,0.0003,45,1.2,18.2400,NaN,-66.2104
0.25,250,0.3,0.1,0.01,0.0003,160,0.7,17.1000,NaN,-65.7070
0.25,250,0.3,0.1,0.01,0.0003,160,0.9,17.5000,NaN,-65.7251
0.25,250,0.3,0.1,0.01,0.0003,160,1.2,18.1200,NaN,-65.7522
0.25,250,0.3,0.1,0.01,0.002,16,0.7,16.1200,NaN,-74.4975
0.25,250,0.3,0.1,0.01,0.002,16,0.9,16.4800,NaN,-74.5932
0.25,250,0.3,0.1,0.01,0.002,16,1.2,17.0400,NaN,-74.7363
0.25,250,0.3,0.1,0.01,0.002,45,0.7,15.8600,NaN,-73.3958
0.25,250,0.3,0.1,0.01,0.002,45,0.9,16.2200,NaN,-73.4932
0.25,250,0.3,0.1,0.01,0.002,45,1.2,16.7800,NaN,-73.6389
0.25,250,0.3,0.1,0.01,0.002,160,0.7,15.7600,NaN,-72.9467
0.25,250,0.3,0.1,0.01,0.002,160,0.9,16.1200,NaN,-73.0449
0.25,250,0.3,0.1,0.01,0.002,160,1.2,16.6800,NaN,-73.1916
0.25,250,0.3,0.15,0.0005,0.0001,16,0.7,34.4400,47.7200,-8.0235
0.25,250,0.3,0.15,0.0005,0.0001,16,0.9,35.2200,48.8000,-8.0343
0.25,250,0.3,0.15,0.0005,0.0001,16,1.2,36.4000,50.4400,-8.0505
0.25,250,0.3,0.15,0.0005,0.0001,45,0.7,33.3200,45.4800,-7.7701
0.25,250,0.3,0.15,0.0005,0.0001,45,0.9,34.0800,46.5200,-7.7809
0.25,250,0.3,0.15,0.0005,0.0001,45,1.2,35.2200,48.0800,-7.7971
0.25,250,0.3,0.15,0.0005,0.0001,160,0.7,32.8800,44.6200,-7.6692
0.25,250,0.3,0.15,0.0005,0.0001,160,0.9,33.6200,45.6400,-7.6801
0.25,250,0.3,0.15,0.0005,0.0001,160,1.2,34.7600,47.1800,-7.6963
0.25,250,0.3,0.15,0.0005,0.0003,16,0.7,33.7600,58.5800,-11.0798
0.25,250,0.3,0.15,0.0005,0.0003,16,0.9,34.5200,60.0400,-11.1107
0.25,250,0.3,0.15,0.0005,0.0003,16,1.2,35.6600,62.2600,-11.1571
0.25,250,0.3,0.15,0.0005,0.0003,45,0.7,32.6800,54.7800,-10.7503
0.25,250,0.3,0.15,0.0005,0.0003,45,0.9,33.4200,56.1400,-10.7813
0.25,250,0.3,0.15,0.0005,0.0003,45,1.2,34.5400,58.2000,-10.8278
0.25,250,0.3,0.15,0.0005,0.0003,160,0.7,32.2600,53.3800,-10.6191
0.25,250,0.3,0.15,0.0005,0.0003,160,0.9,32.9800,54.7000,-10.6501
0.25,250,0.3,0.15,0.0005,0.0003,160,1.2,34.0800,56.7000,-10.6967
0.25,250,0.3,0.15,0.0005,0.002,16,0.7,29.0200,NaN,-32.2829
0.25,250,0.3,0.15,0.0005,0.002,16,0.9,29.6400,NaN,-32.4266
0.25,250,0.3,0.15,0.0005,0.002,16,1.2,30.5800,NaN,-32.6415
0.25,250,0.3,0.15,0.0005,0.002,45,0.7,28.2200,NaN,-31.5302
0.25,250,0.3,0.15,0.0005,0.002,45,0.9,28.8200,NaN,-31.6757
0.25,250,0.3,0.15,0.0005,0.002,45,1.2,29.7400,NaN,-31.8932
0.25,250,0.3,0.15,0.0005,0.002,160,0.7,27.9000,NaN,-31.2288
0.25,250,0.3,0.15,0.0005,0.002,160,0.9,28.5000,NaN,-31.3750
0.25,250,0.3,0.15,0.0005,0.002,160,1.2,29.4200,NaN,-31.5935
0.25,250,0.3,0.15,0.002,0.0001,16,0.7,30.0000,NaN,-23.6254
0.25,250,0.3,0.15,0.002,0.0001,16,0.9,30.6800,NaN,-23.6349
0.25,250,0.3,0.15,0.002,0.0001,16,1.2,31.7200,NaN,-23.6492
0.25,250,0.3,0.15,0.002,0.0001,45,0.7,29.1600,NaN,-22.9583
0.25,250,0.3,0.15,0.002,0.0001,45,0.9,29.8200,NaN,-22.9679
0.25,250,0.3,0.15,0.002,0.0001,45,1.2,30.8400,NaN,-22.9822
0.25,250,0.3,0.15,0.002,0.0001,160,0.7,28.8200,NaN,-22.6914
0.25,250,0.3,0.15,0.002,0.0001,160,0.9,29.4800,NaN,-22.7010
0.25,250,0.3,0.15,0.002,0.0001,160,1.2,30.4800,NaN,-22.7154
0.25,250,0.3,0.15,0.002,0.0003,16,0.7,29.4800,NaN,-26.0331
0.25,250,0.3,0.15,0.002,0.0003,16,0.9,30.1400,NaN,-26.0605
0.25,250,0.3,0.15,0.002,0.0003,16,1.2,31.1600,NaN,-26.1016
0.25,250,0.3,0.15,0.002,0.0003,45,0.7,28.6600,NaN,-25.3243
0.25,250,0.3,0.15,0.002,0.0003,45,0.9,29.3200,NaN,-25.3520
0.25,250,0.3,0.15,0.002,0.0003,45,1.2,30.3000,NaN,-25.3934
0.25,250,0.3,0.15,0.002,0.0003,160,0.7,28.3400,NaN,-25.0406
0.25,250,0.3,0.15,0.002,0.0003,160,0.9,28.9800,NaN,-25.0683
0.25,250,0.3,0.15,0.002,0.0003,160,1.2,29.9600,NaN,-25.1098
0.25,250,0.3,0.15,0.002,0.002,16,0.7,25.8000,NaN,-43.0774
0.25,250,0.3,0.15,0.002,0.002,16,0.9,26.3600,NaN,-43.2096
0.25,250,0.3,0.15,0.002,0.002,16,1.2,27.2000,NaN,-43.4070
0.25,250,0.3,0.15,0.002,0.002,45,0.7,25.1600,NaN,-42.1399
0.25,250,0.3,0.15,0.002,0.002,45,0.9,25.7200,NaN,-42.2738
0.25,250,0.3,0.15,0.002,0.002,45,1.2,26.5400,NaN,-42.4741
0.25,250,0.3,0.15,0.002,0.002,160,0.7,24.9000,NaN,-41.7628
0.25,250,0.3,0.15,0.002,0.002,160,0.9,25.4600,NaN,-41.8974
0.25,250,0.3,0.15,0.002,0.002,160,1.2,26.2800,NaN,-42.0988
0.25,250,0.3,0.15,0.01,0.0001,16,0.7,17.8400,NaN,-66.3740
0.25,250,0.3,0.15,0.01,0.0001,16,0.9,18.2800,NaN,-66.3801
0.25,250,0.3,0.15,0.01,0.0001,16,1.2,18.9400,NaN,-66.3891
0.25,250,0.3,0.15,0.01,0.0001,45,0.7,17.5400,NaN,-65.2458
0.25,250,0.3,0.15,0.01,0.0001,45,0.9,17.9600,NaN,-65.2519
0.25,250,0.3,0.15,0.01,0.0001,45,1.2,18.6400,NaN,-65.2612
0.25,250,0.3,0.15,0.01,0.0001,160,0.7,17.4200,NaN,-64.7869
0.25,250,0.3,0.15,0.01,0.0001,160,0.9,17.8400,NaN,-64.7931
0.25,250,0.3,0.15,0.01,0.0001,160,1.2,18.5000,NaN,-64.8024
0.25,250,0.3,0.15,0.01,0.0003,16,0.7,17.6400,NaN,-67.3945
0.25,250,0.3,0.15,0.01,0.0003,16,0.9,18.0800,NaN,-67.4121
0.25,250,0.3,0.15,0.01,0.0003,16,1.2,18.7400,NaN,-67.4386
0.25,250,0.3,0.15,0.01,0.0003,45,0.7,17.3600,NaN,-66.2692
0.25,250,0.3,0.15,0.01,0.0003,45,0.9,17.7800,NaN,-66.2872
0.25,250,0.3,0.15,0.01,0.0003,45,1.2,18.4400,NaN,-66.3141
0.25,250,0.3,0.15,0.01,0.0003,160,0.7,17.2400,NaN,-65.8114
0.25,250,0.3,0.15,0.01,0.0003,160,0.9,17.6600,NaN,-65.8295
0.25,250,0.3,0.15,0.01,0.0003,160,1.2,18.3000,NaN,-65.8566
0.25,250,0.3,0.15,0.01,0.002,16,0.7,16.2400,NaN,-75.0467
0.25,250,0.3,0.15,0.01,0.002,16,0.9,16.6200,NaN,-75.1408
0.25,250,0.3,0.15,0.01,0.002,16,1.2,17.2000,NaN,-75.2814
0.25,250,0.3,0.15,0.01,0.002,45,0.7,15.9800,NaN,-73.9550
0.25,250,0.3,0.15,0.01,0.002,45,0.9,16.3600,NaN,-74.0508
0.25,250,0.3,0.15,0.01,0.002,45,1.2,16.9400,NaN,-74.1941
0.25,250,0.3,0.15,0.01,0.002,160,0.7,15.8800,NaN,-73.5101
0.25,250,0.3,0.15,0.01,0.002,160,0.9,16.2600,NaN,-73.6066
0.25,250,0.3,0.15,0.01,0.002,160,1.2,16.8400,NaN,-73.7509
0.25,250,1,0.075,0.0005,0.0001,16,0.7,24.0000,29.3800,-5.6164
0.25,250,1,0.075,0.0005,0.0001,16,0.9,24.5400,30.0600,-5.6274
0.25,250,1,0.075,0.0005,0.0001,16,1.2,25.3600,31.0800,-5.6440
0.25,250,1,0.075,0.0005,0.0001,45,0.7,23.3600,28.4400,-5.4722
0.25,250,1,0.075,0.0005,0.0001,45,0.9,23.9000,29.0800,-5.4833
0.25,250,1,0.075,0.0005,0.0001,45,1.2,24.7000,30.0800,-5.4999
0.25,250,1,0.075,0.0005,0.0001,160,0.7,23.1200,28.0600,-5.4150
0.25,250,1,0.075,0.0005,0.0001,160,0.9,23.6400,28.7000,-5.4260
0.25,250,1,0.075,0.0005,0.0001,160,1.2,24.4400,29.6800,-5.4426
0.25,250,1,0.075,0.0005,0.0003,16,0.7,23.6600,32.0400,-7.7818
0.25,250,1,0.075,0.0005,0.0003,16,0.9,24.2000,32.8000,-7.8139
0.25,250,1,0.075,0.0005,0.0003,16,1.2,25.0000,33.9600,-7.8619
0.25,250,1,0.075,0.0005,0.0003,45,0.7,23.0600,30.8800,-7.5919
0.25,250,1,0.075,0.0005,0.0003,45,0.9,23.5600,31.6200,-7.6240
0.25,250,1,0.075,0.0005,0.0003,45,1.2,24.3600,32.7400,-7.6722
0.25,250,1,0.075,0.0005,0.0003,160,0.7,22.8000,30.4400,-7.5164
0.25,250,1,0.075,0.0005,0.0003,160,0.9,23.3200,31.1600,-7.5486
0.25,250,1,0.075,0.0005,0.0003,160,1.2,24.1000,32.2600,-7.5967
0.25,250,1,0.075,0.0005,0.002,16,0.7,21.2000,NaN,-23.7099
0.25,250,1,0.075,0.0005,0.002,16,0.9,21.6600,NaN,-23.8750
0.25,250,1,0.075,0.0005,0.002,16,1.2,22.3600,NaN,-24.1218
0.25,250,1,0.075,0.0005,0.002,45,0.7,20.7000,NaN,-23.2308
0.25,250,1,0.075,0.0005,0.002,45,0.9,21.1600,NaN,-23.3971
0.25,250,1,0.075,0.0005,0.002,45,1.2,21.8400,NaN,-23.6456
0.25,250,1,0.075,0.0005,0.002,160,0.7,20.5000,NaN,-23.0396
0.25,250,1,0.075,0.0005,0.002,160,0.9,20.9600,NaN,-23.2064
0.25,250,1,0.075,0.0005,0.002,160,1.2,21.6400,NaN,-23.4557
0.25,250,1,0.075,0.002,0.0001,16,0.7,21.7400,NaN,-17.2360
0.25,250,1,0.075,0.002,0.0001,16,0.9,22.2400,NaN,-17.2461
0.25,250,1,0.075,0.002,0.0001,16,1.2,23.0000,NaN,-17.2613
0.25,250,1,0.075,0.002,0.0001,45,0.7,21.2200,NaN,-16.8262
0.25,250,1,0.075,0.002,0.0001,45,0.9,21.7000,NaN,-16.8364
0.25,250,1,0.075,0.002,0.0001,45,1.2,22.4400,NaN,-16.8515
0.25,250,1,0.075,0.002,0.0001,160,0.7,21.0200,NaN,-16.6629
0.25,250,1,0.075,0.002,0.0001,160,0.9,21.5000,NaN,-16.6730
0.25,250,1,0.075,0.002,0.0001,160,1.2,22.2400,NaN,-16.6882
0.25,250,1,0.075,0.002,0.0003,16,0.7,21.4600,NaN,-19.0567
0.25,250,1,0.075,0.002,0.0003,16,0.9,21.9400,NaN,-19.0860
0.25,250,1,0.075,0.002,0.0003,16,1.2,22.7000,NaN,-19.1301
0.25,250,1,0.075,0.002,0.0003,45,0.7,20.9600,NaN,-18.6167
0.25,250,1,0.075,0.002,0.0003,45,0.9,21.4400,NaN,-18.6462
0.25,250,1,0.075,0.002,0.0003,45,1.2,22.1600,NaN,-18.6904
0.25,250,1,0.075,0.002,0.0003,160,0.7,20.7600,NaN,-18.4412
0.25,250,1,0.075,0.002,0.0003,160,0.9,21.2200,NaN,-18.4708
0.25,250,1,0.075,0.002,0.0003,160,1.2,21.9600,NaN,-18.5150
0.25,250,1,0.075,0.002,0.002,16,0.7,19.4000,NaN,-32.5957
0.25,250,1,0.075,0.002,0.002,16,0.9,19.8400,NaN,-32.7499
0.25,250,1,0.075,0.002,0.002,16,1.2,20.4800,NaN,-32.9805
0.25,250,1,0.075,0.002,0.002,45,0.7,19.0000,NaN,-31.9649
0.25,250,1,0.075,0.002,0.002,45,0.9,19.4200,NaN,-32.1205
0.25,250,1,0.075,0.002,0.002,45,1.2,20.0600,NaN,-32.3530
0.25,250,1,0.075,0.002,0.002,160,0.7,18.8200,NaN,-31.7126
0.25,250,1,0.075,0.002,0.002,160,0.9,19.2400,NaN,-31.8687
0.25,250,1,0.075,0.002,0.002,160,1.2,19.8800,NaN,-32.1020
0.25,250,1,0.075,0.01,0.0001,16,0.7,14.5000,NaN,-54.4717
0.25,250,1,0.075,0.01,0.0001,16,0.9,14.8400,NaN,-54.4787
0.25,250,1,0.075,0.01,0.0001,16,1.2,15.3800,NaN,-54.4893
0.25,250,1,0.075,0.01,0.0001,45,0.7,14.2600,NaN,-53.5990
0.25,250,1,0.075,0.01,0.0001,45,0.9,14.6000,NaN,-53.6061
0.25,250,1,0.075,0.01,0.0001,45,1.2,15.1400,NaN,-53.6167
0.25,250,1,0.075,0.01,0.0001,160,0.7,14.1800,NaN,-53.2471
0.25,250,1,0.075,0.01,0.0001,160,0.9,14.5200,NaN,-53.2543
0.25,250,1,0.075,0.01,0.0001,160,1.2,15.0400,NaN,-53.2650
0.25,250,1,0.075,0.01,0.0003,16,0.7,14.3600,NaN,-55.3863
0.25,250,1,0.075,0.01,0.0003,16,0.9,14.7200,NaN,-55.4069
0.25,250,1,0.075,0.01,0.0003,16,1.2,15.2400,NaN,-55.4379
0.25,250,1,0.075,0.01,0.0003,45,0.7,14.1400,NaN,-54.5115
0.25,250,1,0.075,0.01,0.0003,45,0.9,14.4800,NaN,-54.5324
0.25,250,1,0.075,0.01,0.0003,45,1.2,15.0000,NaN,-54.5637
0.25,250,1,0.075,0.01,0.0003,160,0.7,14.0600,NaN,-54.1588
0.25,250,1,0.075,0.01,0.0003,160,0.9,14.3800,NaN,-54.1798
0.25,250,1,0.075,0.01,0.0003,160,1.2,14.9200,NaN,-54.2112
0.25,250,1,0.075,0.01,0.002,16,0.7,13.4200,NaN,-62.4364
0.25,250,1,0.075,0.01,0.002,16,0.9,13.7200,NaN,-62.5521
0.25,250,1,0.075,0.01,0.002,16,1.2,14.2000,NaN,-62.7250
0.25,250,1,0.075,0.01,0.002,45,0.7,13.2200,NaN,-61.5539
0.25,250,1,0.075,0.01,0.002,45,0.9,13.5200,NaN,-61.6711
0.25,250,1,0.075,0.01,0.002,45,1.2,14.0000,NaN,-61.8462
0.25,250,1,0.075,0.01,0.002,160,0.7,13.1400,NaN,-61.1976
0.25,250,1,0.075,0.01,0.002,160,0.9,13.4400,NaN,-61.3153
0.25,250,1,0.075,0.01,0.002,160,1.2,13.9200,NaN,-61.4913
0.25,250,1,0.1,0.0005,0.0001,16,0.7,24.0800,29.5200,-5.6483
0.25,250,1,0.1,0.0005,0.0001,16,0.9,24.6400,30.2000,-5.6593
0.25,250,1,0.1,0.0005,0.0001,16,1.2,25.4800,31.2400,-5.6758
0.25,250,1,0.1,0.0005,0.0001,45,0.7,23.4600,28.5600,-5.5042
0.25,250,1,0.1,0.0005,0.0001,45,0.9,24.0000,29.2200,-5.5152
0.25,250,1,0.1,0.0005,0.0001,45,1.2,24.8200,30.2400,-5.5318
0.25,250,1,0.1,0.0005,0.0001,160,0.7,23.2000,28.1800,-5.4469
0.25,250,1,0.1,0.0005,0.0001,160,0.9,23.7400,28.8400,-5.4580
0.25,250,1,0.1,0.0005,0.0001,160,1.2,24.5400,29.8400,-5.4745
0.25,250,1,0.1,0.0005,0.0003,16,0.7,23.7400,32.3000,-7.8744
0.25,250,1,0.1,0.0005,0.0003,16,0.9,24.2800,33.0800,-7.9064
0.25,250,1,0.1,0.0005,0.0003,16,1.2,25.1200,34.2600,-7.9543
0.25,250,1,0.1,0.0005,0.0003,45,0.7,23.1400,31.1400,-7.6846
0.25,250,1,0.1,0.0005,0.0003,45,0.9,23.6600,31.8800,-7.7167
0.25,250,1,0.1,0.0005,0.0003,45,1.2,24.4600,33.0200,-7.7648
0.25,250,1,0.1,0.0005,0.0003,160,0.7,22.8800,30.6800,-7.6092
0.25,250,1,0.1,0.0005,0.0003,160,0.9,23.4200,31.4200,-7.6413
0.25,250,1,0.1,0.0005,0.0003,160,1.2,24.2000,32.5400,-7.6894
0.25,250,1,0.1,0.0005,0.002,16,0.7,21.2600,NaN,-24.1856
0.25,250,1,0.1,0.0005,0.002,16,0.9,21.7400,NaN,-24.3493
0.25,250,1,0.1,0.0005,0.002,16,1.2,22.4400,NaN,-24.5940
0.25,250,1,0.1,0.0005,0.002,45,0.7,20.7800,NaN,-23.7099
0.25,250,1,0.1,0.0005,0.002,45,0.9,21.2400,NaN,-23.8748
0.25,250,1,0.1,0.0005,0.002,45,1.2,21.9400,NaN,-24.1214
0.25,250,1,0.1,0.0005,0.002,160,0.7,20.5800,NaN,-23.5202
0.25,250,1,0.1,0.0005,0.002,160,0.9,21.0400,NaN,-23.6856
0.25,250,1,0.1,0.0005,0.002,160,1.2,21.7200,NaN,-23.9328
0.25,250,1,0.1,0.002,0.0001,16,0.7,21.8200,NaN,-17.2652
0.25,250,1,0.1,0.002,0.0001,16,0.9,22.3200,NaN,-17.2753
0.25,250,1,0.1,0.002,0.0001,16,1.2,23.1000,NaN,-17.2904
0.25,250,1,0.1,0.002,0.0001,45,0.7,21.3000,NaN,-16.8555
0.25,250,1,0.1,0.002,0.0001,45,0.9,21.8000,NaN,-16.8656
0.25,250,1,0.1,0.002,0.0001,45,1.2,22.5600,NaN,-16.8808
0.25,250,1,0.1,0.002,0.0001,160,0.7,21.1000,NaN,-16.6922
0.25,250,1,0.1,0.002,0.0001,160,0.9,21.5800,NaN,-16.7023
0.25,250,1,0.1,0.002,0.0001,160,1.2,22.3400,NaN,-16.7175
0.25,250,1,0.1,0.002,0.0003,16,0.7,21.5400,NaN,-19.1415
0.25,250,1,0.1,0.002,0.0003,16,0.9,22.0400,NaN,-19.1708
0.25,250,1,0.1,0.002,0.0003,16,1.2,22.8000,NaN,-19.2148
0.25,250,1,0.1,0.002,0.0003,45,0.7,21.0400,NaN,-18.7018
0.25,250,1,0.1,0.002,0.0003,45,0.9,21.5200,NaN,-18.7313
0.25,250,1,0.1,0.002,0.0003,45,1.2,22.2600,NaN,-18.7754
0.25,250,1,0.1,0.002,0.0003,160,0.7,20.8400,NaN,-18.5265
0.25,250,1,0.1,0.002,0.0003,160,0.9,21.3200,NaN,-18.5560
0.25,250,1,0.1,0.002,0.0003,160,1.2,22.0600,NaN,-18.6002
0.25,250,1,0.1,0.002,0.002,16,0.7,19.4800,NaN,-33.0401
0.25,250,1,0.1,0.002,0.002,16,0.9,19.9200,NaN,-33.1931
0.25,250,1,0.1,0.002,0.002,16,1.2,20.5800,NaN,-33.4217
0.25,250,1,0.1,0.002,0.002,45,0.7,19.0600,NaN,-32.4131
0.25,250,1,0.1,0.002,0.002,45,0.9,19.4800,NaN,-32.5674
0.25,250,1,0.1,0.002,0.002,45,1.2,20.1400,NaN,-32.7980
0.25,250,1,0.1,0.002,0.002,160,0.7,18.9000,NaN,-32.1623
0.25,250,1,0.1,0.002,0.002,160,0.9,19.3200,NaN,-32.3171
0.25,250,1,0.1,0.002,0.002,160,1.2,19.9600,NaN,-32.5485
0.25,250,1,0.1,0.01,0.0001,16,0.7,14.5600,NaN,-54.4920
0.25,250,1,0.1,0.01,0.0001,16,0.9,14.9200,NaN,-54.4990
0.25,250,1,0.1,0.01,0.0001,16,1.2,15.4600,NaN,-54.5096
0.25,250,1,0.1,0.01,0.0001,45,0.7,14.3200,NaN,-53.6195
0.25,250,1,0.1,0.01,0.0001,45,0.9,14.6800,NaN,-53.6266
0.25,250,1,0.1,0.01,0.0001,45,1.2,15.2200,NaN,-53.6373
0.25,250,1,0.1,0.01,0.0001,160,0.7,14.2400,NaN,-53.2678
0.25,250,1,0.1,0.01,0.0001,160,0.9,14.5800,NaN,-53.2749
0.25,250,1,0.1,0.01,0.0001,160,1.2,15.1200,NaN,-53.2856
0.25,250,1,0.1,0.01,0.0003,16,0.7,14.4400,NaN,-55.4460
0.25,250,1,0.1,0.01,0.0003,16,0.9,14.7800,NaN,-55.4666
0.25,250,1,0.1,0.01,0.0003,16,1.2,15.3200,NaN,-55.4976
0.25,250,1,0.1,0.01,0.0003,45,0.7,14.2000,NaN,-54.5718
0.25,250,1,0.1,0.01,0.0003,45,0.9,14.5600,NaN,-54.5927
0.25,250,1,0.1,0.01,0.0003,45,1.2,15.1000,NaN,-54.6240
0.25,250,1,0.1,0.01,0.0003,160,0.7,14.1200,NaN,-54.2194
0.25,250,1,0.1,0.01,0.0003,160,0.9,14.4600,NaN,-54.2403
0.25,250,1,0.1,0.01,0.0003,160,1.2,15.0000,NaN,-54.2717
0.25,250,1,0.1,0.01,0.002,16,0.7,13.4600,NaN,-62.7697
0.25,250,1,0.1,0.01,0.002,16,0.9,13.7800,NaN,-62.8844
0.25,250,1,0.1,0.01,0.002,16,1.2,14.2800,NaN,-63.0559
0.25,250,1,0.1,0.01,0.002,45,0.7,13.2600,NaN,-61.8915
0.25,250,1,0.1,0.01,0.002,45,0.9,13.5800,NaN,-62.0076
0.25,250,1,0.1,0.01,0.002,45,1.2,14.0600,NaN,-62.1812
0.25,250,1,0.1,0.01,0.002,160,0.7,13.1800,NaN,-61.5368
0.25,250,1,0.1,0.01,0.002,160,0.9,13.5000,NaN,-61.6536
0.25,250,1,0.1,0.01,0.002,160,1.2,13.9800,NaN,-61.8280
0.25,250,1,0.15,0.0005,0.0001,16,0.7,24.2600,29.8000,-5.7120
0.25,250,1,0.15,0.0005,0.0001,16,0.9,24.8200,30.5000,-5.7230
0.25,250,1,0.15,0.0005,0.0001,16,1.2,25.7000,31.5800,-5.7395
0.25,250,1,0.15,0.0005,0.0001,45,0.7,23.6200,28.8400,-5.5679
0.25,250,1,0.15,0.0005,0.0001,45,0.9,24.1800,29.5200,-5.5790
0.25,250,1,0.15,0.0005,0.0001,45,1.2,25.0200,30.5600,-5.5955
0.25,250,1,0.15,0.0005,0.0001,160,0.7,23.3800,28.4600,-5.5107
0.25,250,1,0.15,0.0005,0.0001,160,0.9,23.9200,29.1200,-5.5218
0.25,250,1,0.15,0.0005,0.0001,160,1.2,24.7600,30.1600,-5.5383
0.25,250,1,0.15,0.0005,0.0003,16,0.7,23.9200,32.8400,-8.0591
0.25,250,1,0.15,0.0005,0.0003,16,0.9,24.4800,33.6400,-8.0910
0.25,250,1,0.15,0.0005,0.0003,16,1.2,25.3200,34.8600,-8.1388
0.25,250,1,0.15,0.0005,0.0003,45,0.7,23.3000,31.6400,-7.8697
0.25,250,1,0.15,0.0005,0.0003,45,0.9,23.8400,32.4200,-7.9017
0.25,250,1,0.15,0.0005,0.0003,45,1.2,24.6800,33.6000,-7.9496
0.25,250,1,0.15,0.0005,0.0003,160,0.7,23.0600,31.1800,-7.7944
0.25,250,1,0.15,0.0005,0.0003,160,0.9,23.6000,31.9400,-7.8264
0.25,250,1,0.15,0.0005,0.0003,160,1.2,24.4200,33.1200,-7.8744
0.25,250,1,0.15,0.0005,0.002,16,0.7,21.4200,NaN,-25.1253
0.25,250,1,0.15,0.0005,0.002,16,0.9,21.9000,NaN,-25.2864
0.25,250,1,0.15,0.0005,0.002,16,1.2,22.6200,NaN,-25.5271
0.25,250,1,0.15,0.0005,0.002,45,0.7,20.9200,NaN,-24.6565
0.25,250,1,0.15,0.0005,0.002,45,0.9,21.4000,NaN,-24.8187
0.25,250,1,0.15,0.0005,0.002,45,1.2,22.1000,NaN,-25.0613
0.25,250,1,0.15,0.0005,0.002,160,0.7,20.7200,NaN,-24.4695
0.25,250,1,0.15,0.0005,0.002,160,0.9,21.1800,NaN,-24.6322
0.25,250,1,0.15,0.0005,0.002,160,1.2,21.9000,NaN,-24.8754
0.25,250,1,0.15,0.002,0.0001,16,0.7,21.9800,NaN,-17.3234
0.25,250,1,0.15,0.002,0.0001,16,0.9,22.5000,NaN,-17.3335
0.25,250,1,0.15,0.002,0.0001,16,1.2,23.3000,NaN,-17.3486
0.25,250,1,0.15,0.002,0.0001,45,0.7,21.4600,NaN,-16.9139
0.25,250,1,0.15,0.002,0.0001,45,0.9,21.9800,NaN,-16.9240
0.25,250,1,0.15,0.002,0.0001,45,1.2,22.7600,NaN,-16.9392
0.25,250,1,0.15,0.002,0.0001,160,0.7,21.2600,NaN,-16.7507
0.25,250,1,0.15,0.002,0.0001,160,0.9,21.7600,NaN,-16.7608
0.25,250,1,0.15,0.002,0.0001,160,1.2,22.5400,NaN,-16.7760
0.25,250,1,0.15,0.002,0.0003,16,0.7,21.7000,NaN,-19.3108
0.25,250,1,0.15,0.002,0.0003,16,0.9,22.2200,NaN,-19.3400
0.25,250,1,0.15,0.002,0.0003,16,1.2,23.0000,NaN,-19.3838
0.25,250,1,0.15,0.002,0.0003,45,0.7,21.2000,NaN,-18.8718
0.25,250,1,0.15,0.002,0.0003,45,0.9,21.7000,NaN,-18.9012
0.25,250,1,0.15,0.002,0.0003,45,1.2,22.4600,NaN,-18.9452
0.25,250,1,0.15,0.002,0.0003,160,0.7,20.9800,NaN,-18.6968
0.25,250,1,0.15,0.002,0.0003,160,0.9,21.4800,NaN,-18.7262
0.25,250,1,0.15,0.002,0.0003,160,1.2,22.2600,NaN,-18.7703
0.25,250,1,0.15,0.002,0.002,16,0.7,19.6200,NaN,-33.9179
0.25,250,1,0.15,0.002,0.002,16,0.9,20.0600,NaN,-34.0684
0.25,250,1,0.15,0.002,0.002,16,1.2,20.7400,NaN,-34.2933
0.25,250,1,0.15,0.002,0.002,45,0.7,19.2000,NaN,-33.2984
0.25,250,1,0.15,0.002,0.002,45,0.9,19.6400,NaN,-33.4502
0.25,250,1,0.15,0.002,0.002,45,1.2,20.3000,NaN,-33.6770
0.25,250,1,0.15,0.002,0.002,160,0.7,19.0400,NaN,-33.0506
0.25,250,1,0.15,0.002,0.002,160,0.9,19.4600,NaN,-33.2029
0.25,250,1,0.15,0.002,0.002,160,1.2,20.1400,NaN,-33.4305
0.25,250,1,0.15,0.01,0.0001,16,0.7,14.6800,NaN,-54.5327
0.25,250,1,0.15,0.01,0.0001,16,0.9,15.0600,NaN,-54.5397
0.25,250,1,0.15,0.01,0.0001,16,1.2,15.6400,NaN,-54.5502
0.25,250,1,0.15,0.01,0.0001,45,0.7,14.4600,NaN,-53.6606
0.25,250,1,0.15,0.01,0.0001,45,0.9,14.8200,NaN,-53.6677
0.25,250,1,0.15,0.01,0.0001,45,1.2,15.4000,NaN,-53.6784
0.25,250,1,0.15,0.01,0.0001,160,0.7,14.3600,NaN,-53.3090
0.25,250,1,0.15,0.01,0.0001,160,0.9,14.7400,NaN,-53.3162
0.25,250,1,0.15,0.01,0.0001,160,1.2,15.3000,NaN,-53.3269
0.25,250,1,0.15,0.01,0.0003,16,0.7,14.5600,NaN,-55.5651
0.25,250,1,0.15,0.01,0.0003,16,0.9,14.9400,NaN,-55.5857
0.25,250,1,0.15,0.01,0.0003,16,1.2,15.5000,NaN,-55.6166
0.25,250,1,0.15,0.01,0.0003,45,0.7,14.3400,NaN,-54.6923
0.25,250,1,0.15,0.01,0.0003,45,0.9,14.7000,NaN,-54.7131
0.25,250,1,0.15,0.01,0.0003,45,1.2,15.2600,NaN,-54.7443
0.25,250,1,0.15,0.01,0.0003,160,0.7,14.2400,NaN,-54.3403
0.25,250,1,0.15,0.01,0.0003,160,0.9,14.6000,NaN,-54.3612
0.25,250,1,0.15,0.01,0.0003,160,1.2,15.1800,NaN,-54.3925
0.25,250,1,0.15,0.01,0.002,16,0.7,13.5800,NaN,-63.4278
0.25,250,1,0.15,0.01,0.002,16,0.9,13.9200,NaN,-63.5406
0.25,250,1,0.15,0.01,0.002,16,1.2,14.4200,NaN,-63.7091
0.25,250,1,0.15,0.01,0.002,45,0.7,13.3800,NaN,-62.5579
0.25,250,1,0.15,0.01,0.002,45,0.9,13.7200,NaN,-62.6721
0.25,250,1,0.15,0.01,0.002,45,1.2,14.2200,NaN,-62.8427
0.25,250,1,0.15,0.01,0.002,160,0.7,13.3000,NaN,-62.2066
0.25,250,1,0.15,0.01,0.002,160,0.9,13.6200,NaN,-62.3213
0.25,250,1,0.15,0.01,0.002,160,1.2,14.1400,NaN,-62.4928
0.25,1000,0.3,0.075,0.0005,0.0001,16,0.7,10.4800,11.3400,-2.5230
0.25,1000,0.3,0.075,0.0005,0.0001,16,0.9,10.7400,11.6400,-2.5344
0.25,1000,0.3,0.075,0.0005,0.0001,16,1.2,11.1600,12.1000,-2.5514
0.25,1000,0.3,0.075,0.0005,0.0001,45,0.7,9.2600,9.9400,-2.2463
0.25,1000,0.3,0.075,0.0005,0.0001,45,0.9,9.5000,10.2000,-2.2577
0.25,1000,0.3,0.075,0.0005,0.0001,45,1.2,9.8800,10.6200,-2.2747
0.25,1000,0.3,0.075,0.0005,0.0001,160,0.7,8.7800,9.4000,-2.1363
0.25,1000,0.3,0.075,0.0005,0.0001,160,0.9,9.0200,9.6400,-2.1476
0.25,1000,0.3,0.075,0.0005,0.0001,160,1.2,9.3800,10.0400,-2.1647
0.25,1000,0.3,0.075,0.0005,0.0003,16,0.7,10.4000,11.7200,-3.6755
0.25,1000,0.3,0.075,0.0005,0.0003,16,0.9,10.6800,12.0200,-3.7090
0.25,1000,0.3,0.075,0.0005,0.0003,16,1.2,11.0800,12.5000,-3.7591
0.25,1000,0.3,0.075,0.0005,0.0003,45,0.7,9.2200,10.2400,-3.3051
0.25,1000,0.3,0.075,0.0005,0.0003,45,0.9,9.4600,10.5000,-3.3386
0.25,1000,0.3,0.075,0.0005,0.0003,45,1.2,9.8200,10.9400,-3.3890
0.25,1000,0.3,0.075,0.0005,0.0003,160,0.7,8.7400,9.6600,-3.1576
0.25,1000,0.3,0.075,0.0005,0.0003,160,0.9,8.9600,9.9200,-3.1912
0.25,1000,0.3,0.075,0.0005,0.0003,160,1.2,9.3200,10.3200,-3.2416
0.25,1000,0.3,0.075,0.0005,0.002,16,0.7,9.9000,20.3000,-12.7435
0.25,1000,0.3,0.075,0.0005,0.002,16,0.9,10.1400,21.6000,-12.9375
0.25,1000,0.3,0.075,0.0005,0.002,16,1.2,10.5200,24.0800,-13.2274
0.25,1000,0.3,0.075,0.0005,0.002,45,0.7,8.8000,15.5000,-11.6877
0.25,1000,0.3,0.075,0.0005,0.002,45,0.9,9.0200,16.2200,-11.8846
0.25,1000,0.3,0.075,0.0005,0.002,45,1.2,9.3800,17.4400,-12.1788
0.25,1000,0.3,0.075,0.0005,0.002,160,0.7,8.3600,14.1000,-11.2640
0.25,1000,0.3,0.075,0.0005,0.002,160,0.9,8.5800,14.7000,-11.4621
0.25,1000,0.3,0.075,0.0005,0.002,160,1.2,8.9200,15.7200,-11.7580
0.25,1000,0.3,0.075,0.002,0.0001,16,0.7,10.0200,13.9000,-7.9635
0.25,1000,0.3,0.075,0.002,0.0001,16,0.9,10.2800,14.2400,-7.9744
0.25,1000,0.3,0.075,0.002,0.0001,16,1.2,10.6800,14.7800,-7.9908
0.25,1000,0.3,0.075,0.002,0.0001,45,0.7,8.9200,11.7400,-7.0824
0.25,1000,0.3,0.075,0.002,0.0001,45,0.9,9.1600,12.0400,-7.0933
0.25,1000,0.3,0.075,0.002,0.0001,45,1.2,9.5200,12.5200,-7.1098
0.25,1000,0.3,0.075,0.002,0.0001,160,0.7,8.4600,10.9400,-6.7294
0.25,1000,0.3,0.075,0.002,0.0001,160,0.9,8.7000,11.2400,-6.7403
0.25,1000,0.3,0.075,0.002,0.0001,160,1.2,9.0600,11.6800,-6.7568
0.25,1000,0.3,0.075,0.002,0.0003,16,0.7,9.9600,14.7200,-9.0365
0.25,1000,0.3,0.075,0.002,0.0003,16,0.9,10.2200,15.1200,-9.0686
0.25,1000,0.3,0.075,0.002,0.0003,16,1.2,10.6200,15.7200,-9.1168
0.25,1000,0.3,0.075,0.002,0.0003,45,0.7,8.8600,12.3000,-8.0772
0.25,1000,0.3,0.075,0.002,0.0003,45,0.9,9.1000,12.6200,-8.1096
0.25,1000,0.3,0.075,0.002,0.0003,45,1.2,9.4600,13.1400,-8.1581
0.25,1000,0.3,0.075,0.002,0.0003,160,0.7,8.4200,11.4200,-7.6925
0.25,1000,0.3,0.075,0.002,0.0003,160,0.9,8.6600,11.7400,-7.7250
0.25,1000,0.3,0.075,0.002,0.0003,160,1.2,9.0000,12.2200,-7.7737
0.25,1000,0.3,0.075,0.002,0.002,16,0.7,9.5000,NaN,-17.4981
0.25,1000,0.3,0.075,0.002,0.002,16,0.9,9.7200,NaN,-17.6853
0.25,1000,0.3,0.075,0.002,0.002,16,1.2,10.1000,NaN,-17.9650
0.25,1000,0.3,0.075,0.002,0.002,45,0.7,8.4800,NaN,-15.9678
0.25,1000,0.3,0.075,0.002,0.002,45,0.9,8.7000,NaN,-16.1585
0.25,1000,0.3,0.075,0.002,0.002,45,1.2,9.0400,NaN,-16.4434
0.25,1000,0.3,0.075,0.002,0.002,160,0.7,8.0800,NaN,-15.3497
0.25,1000,0.3,0.075,0.002,0.002,160,0.9,8.3000,NaN,-15.5419
0.25,1000,0.3,0.075,0.002,0.002,160,1.2,8.6200,NaN,-15.8289
0.25,1000,0.3,0.075,0.01,0.0001,16,0.7,8.1800,NaN,-30.5087
0.25,1000,0.3,0.075,0.01,0.0001,16,0.9,8.4000,NaN,-30.5178
0.25,1000,0.3,0.075,0.01,0.0001,16,1.2,8.7400,NaN,-30.5313
0.25,1000,0.3,0.075,0.01,0.0001,45,0.7,7.4200,NaN,-27.6623
0.25,1000,0.3,0.075,0.01,0.0001,45,0.9,7.6400,NaN,-27.6716
0.25,1000,0.3,0.075,0.01,0.0001,45,1.2,7.9600,NaN,-27.6855
0.25,1000,0.3,0.075,0.01,0.0001,160,0.7,7.1200,NaN,-26.4870
0.25,1000,0.3,0.075,0.01,0.0001,160,0.9,7.3200,NaN,-26.4964
0.25,1000,0.3,0.075,0.01,0.0001,160,1.2,7.6400,NaN,-26.5104
0.25,1000,0.3,0.075,0.01,0.0003,16,0.7,8.1400,NaN,-31.2817
0.25,1000,0.3,0.075,0.01,0.0003,16,0.9,8.3600,NaN,-31.3084
0.25,1000,0.3,0.075,0.01,0.0003,16,1.2,8.7000,NaN,-31.3485
0.25,1000,0.3,0.075,0.01,0.0003,45,0.7,7.4000,NaN,-28.4067
0.25,1000,0.3,0.075,0.01,0.0003,45,0.9,7.6000,NaN,-28.4341
0.25,1000,0.3,0.075,0.01,0.0003,45,1.2,7.9200,NaN,-28.4753
0.25,1000,0.3,0.075,0.01,0.0003,160,0.7,7.0800,NaN,-27.2189
0.25,1000,0.3,0.075,0.01,0.0003,160,0.9,7.2800,NaN,-27.2466
0.25,1000,0.3,0.075,0.01,0.0003,160,1.2,7.6000,NaN,-27.2882
0.25,1000,0.3,0.075,0.01,0.002,16,0.7,7.8200,NaN,-37.4363
0.25,1000,0.3,0.075,0.01,0.002,16,0.9,8.0200,NaN,-37.5946
0.25,1000,0.3,0.075,0.01,0.002,16,1.2,8.3400,NaN,-37.8312
0.25,1000,0.3,0.075,0.01,0.002,45,0.7,7.1200,NaN,-34.3568
0.25,1000,0.3,0.075,0.01,0.002,45,0.9,7.3200,NaN,-34.5206
0.25,1000,0.3,0.075,0.01,0.002,45,1.2,7.6200,NaN,-34.7653
0.25,1000,0.3,0.075,0.01,0.002,160,0.7,6.8400,NaN,-33.0783
0.25,1000,0.3,0.075,0.01,0.002,160,0.9,7.0200,NaN,-33.2443
0.25,1000,0.3,0.075,0.01,0.002,160,1.2,7.3200,NaN,-33.4924
0.25,1000,0.3,0.1,0.0005,0.0001,16,0.7,10.5200,11.4200,-2.5558
0.25,1000,0.3,0.1,0.0005,0.0001,16,0.9,10.8000,11.7200,-2.5671
0.25,1000,0.3,0.1,0.0005,0.0001,16,1.2,11.2400,12.1800,-2.5841
0.25,1000,0.3,0.1,0.0005,0.0001,45,0.7,9.3200,10.0000,-2.2792
0.25,1000,0.3,0.1,0.0005,0.0001,45,0.9,9.5600,10.2800,-2.2905
0.25,1000,0.3,0.1,0.0005,0.0001,45,1.2,9.9600,10.7000,-2.3075
0.25,1000,0.3,0.1,0.0005,0.0001,160,0.7,8.8400,9.4600,-2.1691
0.25,1000,0.3,0.1,0.0005,0.0001,160,0.9,9.0800,9.7200,-2.1805
0.25,1000,0.3,0.1,0.0005,0.0001,160,1.2,9.4600,10.1200,-2.1975
0.25,1000,0.3,0.1,0.0005,0.0003,16,0.7,10.4600,11.8200,-3.7721
0.25,1000,0.3,0.1,0.0005,0.0003,16,0.9,10.7400,12.1400,-3.8055
0.25,1000,0.3,0.1,0.0005,0.0003,16,1.2,11.1600,12.6400,-3.8555
0.25,1000,0.3,0.1,0.0005,0.0003,45,0.7,9.2600,10.3200,-3.4020
0.25,1000,0.3,0.1,0.0005,0.0003,45,0.9,9.5200,10.6000,-3.4355
0.25,1000,0.3,0.1,0.0005,0.0003,45,1.2,9.9000,11.0600,-3.4857
0.25,1000,0.3,0.1,0.0005,0.0003,160,0.7,8.7800,9.7400,-3.2546
0.25,1000,0.3,0.1,0.0005,0.0003,160,0.9,9.0200,10.0200,-3.2882
0.25,1000,0.3,0.1,0.0005,0.0003,160,1.2,9.4000,10.4400,-3.3385
0.25,1000,0.3,0.1,0.0005,0.002,16,0.7,9.9400,23.4200,-13.3023
0.25,1000,0.3,0.1,0.0005,0.002,16,0.9,10.2000,25.8800,-13.4946
0.25,1000,0.3,0.1,0.0005,0.002,16,1.2,10.5800,35.1600,-13.7820
0.25,1000,0.3,0.1,0.0005,0.002,45,0.7,8.8400,16.7000,-12.2548
0.25,1000,0.3,0.1,0.0005,0.002,45,0.9,9.0800,17.5800,-12.4500
0.25,1000,0.3,0.1,0.0005,0.002,45,1.2,9.4400,19.1400,-12.7416
0.25,1000,0.3,0.1,0.0005,0.002,160,0.7,8.4200,15.0200,-11.8345
0.25,1000,0.3,0.1,0.0005,0.002,160,0.9,8.6400,15.7600,-12.0308
0.25,1000,0.3,0.1,0.0005,0.002,160,1.2,8.9800,16.9800,-12.3242
0.25,1000,0.3,0.1,0.002,0.0001,16,0.7,10.0800,13.9800,-7.9950
0.25,1000,0.3,0.1,0.002,0.0001,16,0.9,10.3400,14.3400,-8.0059
0.25,1000,0.3,0.1,0.002,0.0001,16,1.2,10.7600,14.9000,-8.0222
0.25,1000,0.3,0.1,0.002,0.0001,45,0.7,8.9600,11.8200,-7.1140
0.25,1000,0.3,0.1,0.002,0.0001,45,0.9,9.2200,12.1400,-7.1250
0.25,1000,0.3,0.1,0.002,0.0001,45,1.2,9.6000,12.6400,-7.1414
0.25,1000,0.3,0.1,0.002,0.0001,160,0.7,8.5200,11.0200,-6.7611
0.25,1000,0.3,0.1,0.002,0.0001,160,0.9,8.7600,11.3200,-6.7721
0.25,1000,0.3,0.1,0.002,0.0001,160,1.2,9.1200,11.8000,-6.7886
0.25,1000,0.3,0.1,0.002,0.0003,16,0.7,10.0200,14.8800,-9.1293
0.25,1000,0.3,0.1,0.002,0.0003,16,0.9,10.2800,15.2800,-9.1614
0.25,1000,0.3,0.1,0.002,0.0003,16,1.2,10.7000,15.9200,-9.2095
0.25,1000,0.3,0.1,0.002,0.0003,45,0.7,8.9200,12.4200,-8.1707
0.25,1000,0.3,0.1,0.002,0.0003,45,0.9,9.1600,12.7600,-8.2031
0.25,1000,0.3,0.1,0.002,0.0003,45,1.2,9.5400,13.3000,-8.2516
0.25,1000,0.3,0.1,0.002,0.0003,160,0.7,8.4800,11.5400,-7.7864
0.25,1000,0.3,0.1,0.002,0.0003,160,0.9,8.7200,11.8600,-7.8188
0.25,1000,0.3,0.1,0.002,0.0003,160,1.2,9.0800,12.3800,-7.8675
0.25,1000,0.3,0.1,0.002,0.002,16,0.7,9.5400,NaN,-18.0373
0.25,1000,0.3,0.1,0.002,0.002,16,0.9,9.7800,NaN,-18.2228
0.25,1000,0.3,0.1,0.002,0.002,16,1.2,10.1600,NaN,-18.5001
0.25,1000,0.3,0.1,0.002,0.002,45,0.7,8.5400,NaN,-16.5171
0.25,1000,0.3,0.1,0.002,0.002,45,0.9,8.7600,NaN,-16.7061
0.25,1000,0.3,0.1,0.002,0.002,45,1.2,9.1000,NaN,-16.9885
0.25,1000,0.3,0.1,0.002,0.002,160,0.7,8.1200,NaN,-15.9031
0.25,1000,0.3,0.1,0.002,0.002,160,0.9,8.3400,NaN,-16.0935
0.25,1000,0.3,0.1,0.002,0.002,160,1.2,8.6800,NaN,-16.3780
0.25,1000,0.3,0.1,0.01,0.0001,16,0.7,8.2200,NaN,-30.5348
0.25,1000,0.3,0.1,0.01,0.0001,16,0.9,8.4600,NaN,-30.5439
0.25,1000,0.3,0.1,0.01,0.0001,16,1.2,8.8200,NaN,-30.5574
0.25,1000,0.3,0.1,0.01,0.0001,45,0.7,7.4800,NaN,-27.6891
0.25,1000,0.3,0.1,0.01,0.0001,45,0.9,7.7000,NaN,-27.6983
0.25,1000,0.3,0.1,0.01,0.0001,45,1.2,8.0400,NaN,-27.7122
0.25,1000,0.3,0.1,0.01,0.0001,160,0.7,7.1600,NaN,-26.5141
0.25,1000,0.3,0.1,0.01,0.0001,160,0.9,7.3800,NaN,-26.5235
0.25,1000,0.3,0.1,0.01,0.0001,160,1.2,7.7200,NaN,-26.5375
0.25,1000,0.3,0.1,0.01,0.0003,16,0.7,8.1800,NaN,-31.3589
0.25,1000,0.3,0.1,0.01,0.0003,16,0.9,8.4200,NaN,-31.3855
0.25,1000,0.3,0.1,0.01,0.0003,16,1.2,8.7800,NaN,-31.4255
0.25,1000,0.3,0.1,0.01,0.0003,45,0.7,7.4400,NaN,-28.4859
0.25,1000,0.3,0.1,0.01,0.0003,45,0.9,7.6600,NaN,-28.5133
0.25,1000,0.3,0.1,0.01,0.0003,45,1.2,8.0000,NaN,-28.5544
0.25,1000,0.3,0.1,0.01,0.0003,160,0.7,7.1400,NaN,-27.2990
0.25,1000,0.3,0.1,0.01,0.0003,160,0.9,7.3400,NaN,-27.3267
0.25,1000,0.3,0.1,0.01,0.0003,160,1.2,7.6800,NaN,-27.3682
0.25,1000,0.3,0.1,0.01,0.002,16,0.7,7.8600,NaN,-37.8923
0.25,1000,0.3,0.1,0.01,0.002,16,0.9,8.0800,NaN,-38.0493
0.25,1000,0.3,0.1,0.01,0.002,16,1.2,8.4000,NaN,-38.2837
0.25,1000,0.3,0.1,0.01,0.002,45,0.7,7.1800,NaN,-34.8285
0.25,1000,0.3,0.1,0.01,0.002,45,0.9,7.3600,NaN,-34.9908
0.25,1000,0.3,0.1,0.01,0.002,45,1.2,7.6800,NaN,-35.2333
0.25,1000,0.3,0.1,0.01,0.002,160,0.7,6.8800,NaN,-33.5565
0.25,1000,0.3,0.1,0.01,0.002,160,0.9,7.0800,NaN,-33.7210
0.25,1000,0.3,0.1,0.01,0.002,160,1.2,7.3800,NaN,-33.9669
0.25,1000,0.3,0.15,0.0005,0.0001,16,0.7,10.6400,11.5600,-2.6212
0.25,1000,0.3,0.15,0.0005,0.0001,16,0.9,10.9400,11.8800,-2.6325
0.25,1000,0.3,0.15,0.0005,0.0001,16,1.2,11.4000,12.3800,-2.6495
0.25,1000,0.3,0.15,0.0005,0.0001,45,0.7,9.4200,10.1400,-2.3447
0.25,1000,0.3,0.15,0.0005,0.0001,45,0.9,9.7000,10.4400,-2.3561
0.25,1000,0.3,0.15,0.0005,0.0001,45,1.2,10.1200,10.9000,-2.3731
0.25,1000,0.3,0.15,0.0005,0.0001,160,0.7,8.9400,9.5800,-2.2348
0.25,1000,0.3,0.15,0.0005,0.0001,160,0.9,9.2000,9.8600,-2.2461
0.25,1000,0.3,0.15,0.0005,0.0001,160,1.2,9.6200,10.3000,-2.2632
0.25,1000,0.3,0.15,0.0005,0.0003,16,0.7,10.5800,12.0200,-3.9648
0.25,1000,0.3,0.15,0.0005,0.0003,16,0.9,10.8600,12.3600,-3.9981
0.25,1000,0.3,0.15,0.0005,0.0003,16,1.2,11.3200,12.8800,-4.0480
0.25,1000,0.3,0.15,0.0005,0.0003,45,0.7,9.3800,10.5000,-3.5954
0.25,1000,0.3,0.15,0.0005,0.0003,45,0.9,9.6400,10.8200,-3.6288
0.25,1000,0.3,0.15,0.0005,0.0003,45,1.2,10.0600,11.3000,-3.6789
0.25,1000,0.3,0.15,0.0005,0.0003,160,0.7,8.9000,9.9200,-3.4483
0.25,1000,0.3,0.15,0.0005,0.0003,160,0.9,9.1600,10.2000,-3.4818
0.25,1000,0.3,0.15,0.0005,0.0003,160,1.2,9.5600,10.6800,-3.5320
0.25,1000,0.3,0.15,0.0005,0.002,16,0.7,10.0400,NaN,-14.4054
0.25,1000,0.3,0.15,0.0005,0.002,16,0.9,10.3000,NaN,-14.5943
0.25,1000,0.3,0.15,0.0005,0.002,16,1.2,10.7200,NaN,-14.8767
0.25,1000,0.3,0.15,0.0005,0.002,45,0.7,8.9400,21.3600,-13.3742
0.25,1000,0.3,0.15,0.0005,0.002,45,0.9,9.2000,23.8400,-13.5660
0.25,1000,0.3,0.15,0.0005,0.002,45,1.2,9.5800,46.7400,-13.8525
0.25,1000,0.3,0.15,0.0005,0.002,160,0.7,8.5000,18.0400,-12.9606
0.25,1000,0.3,0.15,0.0005,0.002,160,0.9,8.7400,19.3600,-13.1534
0.25,1000,0.3,0.15,0.0005,0.002,160,1.2,9.1200,22.0600,-13.4417
0.25,1000,0.3,0.15,0.002,0.0001,16,0.7,10.2000,14.1600,-8.0578
0.25,1000,0.3,0.15,0.002,0.0001,16,0.9,10.4800,14.5600,-8.0687
0.25,1000,0.3,0.15,0.002,0.0001,16,1.2,10.9400,15.1600,-8.0850
0.25,1000,0.3,0.15,0.002,0.0001,45,0.7,9.0800,11.9800,-7.1773
0.25,1000,0.3,0.15,0.002,0.0001,45,0.9,9.3400,12.3200,-7.1883
0.25,1000,0.3,0.15,0.002,0.0001,45,1.2,9.7600,12.8600,-7.2047
0.25,1000,0.3,0.15,0.002,0.0001,160,0.7,8.6200,11.1800,-6.8246
0.25,1000,0.3,0.15,0.002,0.0001,160,0.9,8.8800,11.5000,-6.8356
0.25,1000,0.3,0.15,0.002,0.0001,160,1.2,9.2800,12.0000,-6.8520
0.25,1000,0.3,0.15,0.002,0.0003,16,0.7,10.1400,15.2000,-9.3145
0.25,1000,0.3,0.15,0.002,0.0003,16,0.9,10.4200,15.6400,-9.3465
0.25,1000,0.3,0.15,0.002,0.0003,16,1.2,10.8600,16.3200,-9.3944
0.25,1000,0.3,0.15,0.002,0.0003,45,0.7,9.0200,12.6800,-8.3574
0.25,1000,0.3,0.15,0.002,0.0003,45,0.9,9.2800,13.0600,-8.3897
0.25,1000,0.3,0.15,0.002,0.0003,45,1.2,9.7000,13.6400,-8.4381
0.25,1000,0.3,0.15,0.002,0.0003,160,0.7,8.5800,11.7800,-7.9737
0.25,1000,0.3,0.15,0.002,0.0003,160,0.9,8.8400,12.1200,-8.0061
0.25,1000,0.3,0.15,0.002,0.0003,160,1.2,9.2400,12.6800,-8.0546
0.25,1000,0.3,0.15,0.002,0.002,16,0.7,9.6400,NaN,-19.1016
0.25,1000,0.3,0.15,0.002,0.002,16,0.9,9.9000,NaN,-19.2840
0.25,1000,0.3,0.15,0.002,0.002,16,1.2,10.3000,NaN,-19.5564
0.25,1000,0.3,0.15,0.002,0.002,45,0.7,8.6200,NaN,-17.6012
0.25,1000,0.3,0.15,0.002,0.002,45,0.9,8.8600,NaN,-17.7869
0.25,1000,0.3,0.15,0.002,0.002,45,1.2,9.2400,NaN,-18.0644
0.25,1000,0.3,0.15,0.002,0.002,160,0.7,8.2200,NaN,-16.9953
0.25,1000,0.3,0.15,0.002,0.002,160,0.9,8.4600,NaN,-17.1823
0.25,1000,0.3,0.15,0.002,0.002,160,1.2,8.8200,NaN,-17.4619
0.25,1000,0.3,0.15,0.01,0.0001,16,0.7,8.3400,NaN,-30.5870
0.25,1000,0.3,0.15,0.01,0.0001,16,0.9,8.5800,NaN,-30.5960
0.25,1000,0.3,0.15,0.01,0.0001,16,1.2,8.9800,NaN,-30.6095
0.25,1000,0.3,0.15,0.01,0.0001,45,0.7,7.5800,NaN,-27.7426
0.25,1000,0.3,0.15,0.01,0.0001,45,0.9,7.8200,NaN,-27.7519
0.25,1000,0.3,0.15,0.01,0.0001,45,1.2,8.2000,NaN,-27.7657
0.25,1000,0.3,0.15,0.01,0.0001,160,0.7,7.2600,NaN,-26.5682
0.25,1000,0.3,0.15,0.01,0.0001,160,0.9,7.5000,NaN,-26.5775
0.25,1000,0.3,0.15,0.01,0.0001,160,1.2,7.8600,NaN,-26.5916
0.25,1000,0.3,0.15,0.01,0.0003,16,0.7,8.3000,NaN,-31.5128
0.25,1000,0.3,0.15,0.01,0.0003,16,0.9,8.5400,NaN,-31.5394
0.25,1000,0.3,0.15,0.01,0.0003,16,1.2,8.9400,NaN,-31.5793
0.25,1000,0.3,0.15,0.01,0.0003,45,0.7,7.5400,NaN,-28.6441
0.25,1000,0.3,0.15,0.01,0.0003,45,0.9,7.7800,NaN,-28.6714
0.25,1000,0.3,0.15,0.01,0.0003,45,1.2,8.1400,NaN,-28.7124
0.25,1000,0.3,0.15,0.01,0.0003,160,0.7,7.2400,NaN,-27.4589
0.25,1000,0.3,0.15,0.01,0.0003,160,0.9,7.4600,NaN,-27.4865
0.25,1000,0.3,0.15,0.01,0.0003,160,1.2,7.8200,NaN,-27.5279
0.25,1000,0.3,0.15,0.01,0.002,16,0.7,7.9600,NaN,-38.7924
0.25,1000,0.3,0.15,0.01,0.002,16,0.9,8.1800,NaN,-38.9465
0.25,1000,0.3,0.15,0.01,0.002,16,1.2,8.5400,NaN,-39.1769
0.25,1000,0.3,0.15,0.01,0.002,45,0.7,7.2600,NaN,-35.7593
0.25,1000,0.3,0.15,0.01,0.002,45,0.9,7.4800,NaN,-35.9188
0.25,1000,0.3,0.15,0.01,0.002,45,1.2,7.8200,NaN,-36.1570
0.25,1000,0.3,0.15,0.01,0.002,160,0.7,6.9800,NaN,-34.5002
0.25,1000,0.3,0.15,0.01,0.002,160,0.9,7.1800,NaN,-34.6618
0.25,1000,0.3,0.15,0.01,0.002,160,1.2,7.5200,NaN,-34.9033
0.25,1000,1,0.075,0.0005,0.0001,16,0.7,7.1200,7.5000,-1.7541
0.25,1000,1,0.075,0.0005,0.0001,16,0.9,7.3200,7.7200,-1.7655
0.25,1000,1,0.075,0.0005,0.0001,16,1.2,7.6200,8.0600,-1.7826
0.25,1000,1,0.075,0.0005,0.0001,45,0.7,6.4400,6.7600,-1.6008
0.25,1000,1,0.075,0.0005,0.0001,45,0.9,6.6200,6.9600,-1.6123
0.25,1000,1,0.075,0.0005,0.0001,45,1.2,6.9200,7.2800,-1.6294
0.25,1000,1,0.075,0.0005,0.0001,160,0.7,6.1800,6.4800,-1.5400
0.25,1000,1,0.075,0.0005,0.0001,160,0.9,6.3600,6.6600,-1.5514
0.25,1000,1,0.075,0.0005,0.0001,160,1.2,6.6400,6.9600,-1.5685
0.25,1000,1,0.075,0.0005,0.0003,16,0.7,7.0800,7.6800,-2.6447
0.25,1000,1,0.075,0.0005,0.0003,16,0.9,7.2800,7.9000,-2.6785
0.25,1000,1,0.075,0.0005,0.0003,16,1.2,7.6000,8.2600,-2.7292
0.25,1000,1,0.075,0.0005,0.0003,45,0.7,6.4200,6.9200,-2.4389
0.25,1000,1,0.075,0.0005,0.0003,45,0.9,6.6000,7.1200,-2.4727
0.25,1000,1,0.075,0.0005,0.0003,45,1.2,6.9000,7.4400,-2.5235
0.25,1000,1,0.075,0.0005,0.0003,160,0.7,6.1600,6.6200,-2.3570
0.25,1000,1,0.075,0.0005,0.0003,160,0.9,6.3400,6.8000,-2.3909
0.25,1000,1,0.075,0.0005,0.0003,160,1.2,6.6200,7.1200,-2.4417
0.25,1000,1,0.075,0.0005,0.002,16,0.7,6.8400,10.1800,-9.7761
0.25,1000,1,0.075,0.0005,0.002,16,0.9,7.0200,10.6000,-9.9783
0.25,1000,1,0.075,0.0005,0.002,16,1.2,7.3200,11.2400,-10.2805
0.25,1000,1,0.075,0.0005,0.002,45,0.7,6.2200,8.9000,-9.1723
0.25,1000,1,0.075,0.0005,0.002,45,0.9,6.3800,9.2400,-9.3761
0.25,1000,1,0.075,0.0005,0.002,45,1.2,6.6600,9.8000,-9.6808
0.25,1000,1,0.075,0.0005,0.002,160,0.7,5.9600,8.4200,-8.9312
0.25,1000,1,0.075,0.0005,0.002,160,0.9,6.1400,8.7400,-9.1358
0.25,1000,1,0.075,0.0005,0.002,160,1.2,6.4000,9.2800,-9.4414
0.25,1000,1,0.075,0.002,0.0001,16,0.7,6.9000,8.4200,-5.4922
0.25,1000,1,0.075,0.002,0.0001,16,0.9,7.1000,8.6400,-5.5033
0.25,1000,1,0.075,0.002,0.0001,16,1.2,7.4200,9.0200,-5.5199
0.25,1000,1,0.075,0.002,0.0001,45,0.7,6.2800,7.4800,-4.9912
0.25,1000,1,0.075,0.002,0.0001,45,0.9,6.4600,7.6800,-5.0023
0.25,1000,1,0.075,0.002,0.0001,45,1.2,6.7400,8.0200,-5.0191
0.25,1000,1,0.075,0.002,0.0001,160,0.7,6.0200,7.1200,-4.7914
0.25,1000,1,0.075,0.002,0.0001,160,0.9,6.2000,7.3200,-4.8025
0.25,1000,1,0.075,0.002,0.0001,160,1.2,6.4800,7.6400,-4.8193
0.25,1000,1,0.075,0.002,0.0003,16,0.7,6.8800,8.6800,-6.3428
0.25,1000,1,0.075,0.002,0.0003,16,0.9,7.0800,8.9400,-6.3757
0.25,1000,1,0.075,0.002,0.0003,16,1.2,7.3800,9.3200,-6.4250
0.25,1000,1,0.075,0.002,0.0003,45,0.7,6.2400,7.6800,-5.7956
0.25,1000,1,0.075,0.002,0.0003,45,0.9,6.4400,7.9200,-5.8286
0.25,1000,1,0.075,0.002,0.0003,45,1.2,6.7200,8.2800,-5.8781
0.25,1000,1,0.075,0.002,0.0003,160,0.7,6.0000,7.3000,-5.5772
0.25,1000,1,0.075,0.002,0.0003,160,0.9,6.1800,7.5200,-5.6103
0.25,1000,1,0.075,0.002,0.0003,160,1.2,6.4600,7.8800,-5.6599
0.25,1000,1,0.075,0.002,0.002,16,0.7,6.6400,16.4600,-13.1610
0.25,1000,1,0.075,0.002,0.002,16,0.9,6.8200,18.8400,-13.3581
0.25,1000,1,0.075,0.002,0.002,16,1.2,7.1200,NaN,-13.6528
0.25,1000,1,0.075,0.002,0.002,45,0.7,6.0600,11.8600,-12.2644
0.25,1000,1,0.075,0.002,0.002,45,0.9,6.2200,12.5800,-12.4636
0.25,1000,1,0.075,0.002,0.002,45,1.2,6.5000,13.8800,-12.7613
0.25,1000,1,0.075,0.002,0.002,160,0.7,5.8200,10.7800,-11.9051
0.25,1000,1,0.075,0.002,0.002,160,0.9,5.9800,11.3800,-12.1052
0.25,1000,1,0.075,0.002,0.002,160,1.2,6.2600,12.4000,-12.4042
0.25,1000,1,0.075,0.01,0.0001,16,0.7,5.9800,NaN,-22.2003
0.25,1000,1,0.075,0.01,0.0001,16,0.9,6.1600,NaN,-22.2101
0.25,1000,1,0.075,0.01,0.0001,16,1.2,6.4600,NaN,-22.2247
0.25,1000,1,0.075,0.01,0.0001,45,0.7,5.5200,NaN,-20.3861
0.25,1000,1,0.075,0.01,0.0001,45,0.9,5.6800,NaN,-20.3959
0.25,1000,1,0.075,0.01,0.0001,45,1.2,5.9600,NaN,-20.4108
0.25,1000,1,0.075,0.01,0.0001,160,0.7,5.3200,NaN,-19.6493
0.25,1000,1,0.075,0.01,0.0001,160,0.9,5.4800,NaN,-19.6592
0.25,1000,1,0.075,0.01,0.0001,160,1.2,5.7400,NaN,-19.6741
0.25,1000,1,0.075,0.01,0.0003,16,0.7,5.9600,NaN,-22.8828
0.25,1000,1,0.075,0.01,0.0003,16,0.9,6.1400,NaN,-22.9117
0.25,1000,1,0.075,0.01,0.0003,16,1.2,6.4200,NaN,-22.9549
0.25,1000,1,0.075,0.01,0.0003,45,0.7,5.5000,NaN,-21.0459
0.25,1000,1,0.075,0.01,0.0003,45,0.9,5.6600,NaN,-21.0752
0.25,1000,1,0.075,0.01,0.0003,45,1.2,5.9200,NaN,-21.1192
0.25,1000,1,0.075,0.01,0.0003,160,0.7,5.3000,NaN,-20.2997
0.25,1000,1,0.075,0.01,0.0003,160,0.9,5.4600,NaN,-20.3292
0.25,1000,1,0.075,0.01,0.0003,160,1.2,5.7200,NaN,-20.3734
0.25,1000,1,0.075,0.01,0.002,16,0.7,5.7800,NaN,-28.3796
0.25,1000,1,0.075,0.01,0.002,16,0.9,5.9600,NaN,-28.5540
0.25,1000,1,0.075,0.01,0.002,16,1.2,6.2200,NaN,-28.8145
0.25,1000,1,0.075,0.01,0.002,45,0.7,5.3400,NaN,-26.3740
0.25,1000,1,0.075,0.01,0.002,45,0.9,5.5000,NaN,-26.5520
0.25,1000,1,0.075,0.01,0.002,45,1.2,5.7600,NaN,-26.8180
0.25,1000,1,0.075,0.01,0.002,160,0.7,5.1600,NaN,-25.5566
0.25,1000,1,0.075,0.01,0.002,160,0.9,5.3200,NaN,-25.7361
0.25,1000,1,0.075,0.01,0.002,160,1.2,5.5600,NaN,-26.0043
0.25,1000,1,0.1,0.0005,0.0001,16,0.7,7.1600,7.5600,-1.7870
0.25,1000,1,0.1,0.0005,0.0001,16,0.9,7.3600,7.7800,-1.7984
0.25,1000,1,0.1,0.0005,0.0001,16,1.2,7.7000,8.1400,-1.8155
0.25,1000,1,0.1,0.0005,0.0001,45,0.7,6.4800,6.8200,-1.6338
0.25,1000,1,0.1,0.0005,0.0001,45,0.9,6.6800,7.0200,-1.6453
0.25,1000,1,0.1,0.0005,0.0001,45,1.2,7.0000,7.3600,-1.6624
0.25,1000,1,0.1,0.0005,0.0001,160,0.7,6.2200,6.5200,-1.5730
0.25,1000,1,0.1,0.0005,0.0001,160,0.9,6.4200,6.7200,-1.5844
0.25,1000,1,0.1,0.0005,0.0001,160,1.2,6.7200,7.0400,-1.6016
0.25,1000,1,0.1,0.0005,0.0003,16,0.7,7.1200,7.7600,-2.7423
0.25,1000,1,0.1,0.0005,0.0003,16,0.9,7.3400,7.9800,-2.7761
0.25,1000,1,0.1,0.0005,0.0003,16,1.2,7.6600,8.3600,-2.8266
0.25,1000,1,0.1,0.0005,0.0003,45,0.7,6.4600,6.9800,-2.5366
0.25,1000,1,0.1,0.0005,0.0003,45,0.9,6.6600,7.2000,-2.5704
0.25,1000,1,0.1,0.0005,0.0003,45,1.2,6.9600,7.5400,-2.6211
0.25,1000,1,0.1,0.0005,0.0003,160,0.7,6.2000,6.6800,-2.4549
0.25,1000,1,0.1,0.0005,0.0003,160,0.9,6.3800,6.8800,-2.4887
0.25,1000,1,0.1,0.0005,0.0003,160,1.2,6.7000,7.2200,-2.5394
0.25,1000,1,0.1,0.0005,0.002,16,0.7,6.8800,10.6800,-10.3586
0.25,1000,1,0.1,0.0005,0.002,16,0.9,7.0800,11.1200,-10.5590
0.25,1000,1,0.1,0.0005,0.002,16,1.2,7.3800,11.8400,-10.8584
0.25,1000,1,0.1,0.0005,0.002,45,0.7,6.2600,9.2800,-9.7596
0.25,1000,1,0.1,0.0005,0.002,45,0.9,6.4400,9.6600,-9.9616
0.25,1000,1,0.1,0.0005,0.002,45,1.2,6.7200,10.2800,-10.2636
0.25,1000,1,0.1,0.0005,0.002,160,0.7,6.0000,8.7800,-9.5205
0.25,1000,1,0.1,0.0005,0.002,160,0.9,6.1800,9.1400,-9.7232
0.25,1000,1,0.1,0.0005,0.002,160,1.2,6.4600,9.7000,-10.0261
0.25,1000,1,0.1,0.002,0.0001,16,0.7,6.9600,8.4800,-5.5243
0.25,1000,1,0.1,0.002,0.0001,16,0.9,7.1600,8.7200,-5.5354
0.25,1000,1,0.1,0.002,0.0001,16,1.2,7.4800,9.1000,-5.5520
0.25,1000,1,0.1,0.002,0.0001,45,0.7,6.3200,7.5400,-5.0234
0.25,1000,1,0.1,0.002,0.0001,45,0.9,6.5200,7.7600,-5.0345
0.25,1000,1,0.1,0.002,0.0001,45,1.2,6.8200,8.1200,-5.0512
0.25,1000,1,0.1,0.002,0.0001,160,0.7,6.0600,7.1800,-4.8236
0.25,1000,1,0.1,0.002,0.0001,160,0.9,6.2600,7.3800,-4.8348
0.25,1000,1,0.1,0.002,0.0001,160,1.2,6.5600,7.7400,-4.8515
0.25,1000,1,0.1,0.002,0.0003,16,0.7,6.9200,8.7800,-6.4378
0.25,1000,1,0.1,0.002,0.0003,16,0.9,7.1200,9.0400,-6.4706
0.25,1000,1,0.1,0.002,0.0003,16,1.2,7.4600,9.4400,-6.5198
0.25,1000,1,0.1,0.002,0.0003,45,0.7,6.3000,7.7800,-5.8910
0.25,1000,1,0.1,0.002,0.0003,45,0.9,6.4800,8.0000,-5.9239
0.25,1000,1,0.1,0.002,0.0003,45,1.2,6.8000,8.3800,-5.9734
0.25,1000,1,0.1,0.002,0.0003,160,0.7,6.0400,7.3800,-5.6728
0.25,1000,1,0.1,0.002,0.0003,160,0.9,6.2400,7.6200,-5.7058
0.25,1000,1,0.1,0.002,0.0003,160,1.2,6.5400,7.9800,-5.7554
0.25,1000,1,0.1,0.002,0.002,16,0.7,6.6800,NaN,-13.7289
0.25,1000,1,0.1,0.002,0.002,16,0.9,6.8800,NaN,-13.9243
0.25,1000,1,0.1,0.002,0.002,16,1.2,7.1800,NaN,-14.2163
0.25,1000,1,0.1,0.002,0.002,45,0.7,6.1000,13.3600,-12.8383
0.25,1000,1,0.1,0.002,0.002,45,0.9,6.2800,14.4800,-13.0358
0.25,1000,1,0.1,0.002,0.002,45,1.2,6.5600,17.0600,-13.3309
0.25,1000,1,0.1,0.002,0.002,160,0.7,5.8600,11.8600,-12.4815
0.25,1000,1,0.1,0.002,0.002,160,0.9,6.0400,12.6400,-12.6798
0.25,1000,1,0.1,0.002,0.002,160,1.2,6.3200,14.1400,-12.9761
0.25,1000,1,0.1,0.01,0.0001,16,0.7,6.0400,NaN,-22.2284
0.25,1000,1,0.1,0.01,0.0001,16,0.9,6.2200,NaN,-22.2382
0.25,1000,1,0.1,0.01,0.0001,16,1.2,6.5200,NaN,-22.2527
0.25,1000,1,0.1,0.01,0.0001,45,0.7,5.5600,NaN,-20.4146
0.25,1000,1,0.1,0.01,0.0001,45,0.9,5.7400,NaN,-20.4245
0.25,1000,1,0.1,0.01,0.0001,45,1.2,6.0200,NaN,-20.4393
0.25,1000,1,0.1,0.01,0.0001,160,0.7,5.3600,NaN,-19.6780
0.25,1000,1,0.1,0.01,0.0001,160,0.9,5.5400,NaN,-19.6879
0.25,1000,1,0.1,0.01,0.0001,160,1.2,5.8200,NaN,-19.7028
0.25,1000,1,0.1,0.01,0.0003,16,0.7,6.0200,NaN,-22.9661
0.25,1000,1,0.1,0.01,0.0003,16,0.9,6.2000,NaN,-22.9949
0.25,1000,1,0.1,0.01,0.0003,16,1.2,6.5000,NaN,-23.0381
0.25,1000,1,0.1,0.01,0.0003,45,0.7,5.5400,NaN,-21.1305
0.25,1000,1,0.1,0.01,0.0003,45,0.9,5.7200,NaN,-21.1598
0.25,1000,1,0.1,0.01,0.0003,45,1.2,6.0000,NaN,-21.2037
0.25,1000,1,0.1,0.01,0.0003,160,0.7,5.3400,NaN,-20.3848
0.25,1000,1,0.1,0.01,0.0003,160,0.9,5.5200,NaN,-20.4143
0.25,1000,1,0.1,0.01,0.0003,160,1.2,5.8000,NaN,-20.4584
0.25,1000,1,0.1,0.01,0.002,16,0.7,5.8400,NaN,-28.8819
0.25,1000,1,0.1,0.01,0.002,16,0.9,6.0000,NaN,-29.0547
0.25,1000,1,0.1,0.01,0.002,16,1.2,6.2800,NaN,-29.3130
0.25,1000,1,0.1,0.01,0.002,45,0.7,5.3800,NaN,-26.8867
0.25,1000,1,0.1,0.01,0.002,45,0.9,5.5400,NaN,-27.0631
0.25,1000,1,0.1,0.01,0.002,45,1.2,5.8200,NaN,-27.3267
0.25,1000,1,0.1,0.01,0.002,160,0.7,5.2000,NaN,-26.0736
0.25,1000,1,0.1,0.01,0.002,160,0.9,5.3600,NaN,-26.2515
0.25,1000,1,0.1,0.01,0.002,160,1.2,5.6200,NaN,-26.5172
0.25,1000,1,0.15,0.0005,0.0001,16,0.7,7.2600,7.6800,-1.8529
0.25,1000,1,0.15,0.0005,0.0001,16,0.9,7.5000,7.9200,-1.8643
0.25,1000,1,0.15,0.0005,0.0001,16,1.2,7.8600,8.3000,-1.8814
0.25,1000,1,0.15,0.0005,0.0001,45,0.7,6.5800,6.9400,-1.6998
0.25,1000,1,0.15,0.0005,0.0001,45,0.9,6.8000,7.1600,-1.7112
0.25,1000,1,0.15,0.0005,0.0001,45,1.2,7.1400,7.5200,-1.7283
0.25,1000,1,0.15,0.0005,0.0001,160,0.7,6.3200,6.6400,-1.6390
0.25,1000,1,0.15,0.0005,0.0001,160,0.9,6.5400,6.8600,-1.6504
0.25,1000,1,0.15,0.0005,0.0001,160,1.2,6.8600,7.2200,-1.6675
0.25,1000,1,0.15,0.0005,0.0003,16,0.7,7.2200,7.9200,-2.9370
0.25,1000,1,0.15,0.0005,0.0003,16,0.9,7.4600,8.1600,-2.9707
0.25,1000,1,0.15,0.0005,0.0003,16,1.2,7.8200,8.5600,-3.0211
0.25,1000,1,0.15,0.0005,0.0003,45,0.7,6.5600,7.1200,-2.7317
0.25,1000,1,0.15,0.0005,0.0003,45,0.9,6.7800,7.3600,-2.7655
0.25,1000,1,0.15,0.0005,0.0003,45,1.2,7.1200,7.7400,-2.8160
0.25,1000,1,0.15,0.0005,0.0003,160,0.7,6.3000,6.8200,-2.6502
0.25,1000,1,0.15,0.0005,0.0003,160,0.9,6.5000,7.0400,-2.6839
0.25,1000,1,0.15,0.0005,0.0003,160,1.2,6.8400,7.4200,-2.7345
0.25,1000,1,0.15,0.0005,0.002,16,0.7,6.9600,11.9000,-11.5080
0.25,1000,1,0.15,0.0005,0.002,16,0.9,7.1800,12.4800,-11.7048
0.25,1000,1,0.15,0.0005,0.002,16,1.2,7.5000,13.4400,-11.9990
0.25,1000,1,0.15,0.0005,0.002,45,0.7,6.3400,10.2400,-10.9185
0.25,1000,1,0.15,0.0005,0.002,45,0.9,6.5400,10.7000,-11.1170
0.25,1000,1,0.15,0.0005,0.002,45,1.2,6.8600,11.4800,-11.4136
0.25,1000,1,0.15,0.0005,0.002,160,0.7,6.1000,9.6400,-10.6832
0.25,1000,1,0.15,0.0005,0.002,160,0.9,6.2800,10.0800,-10.8824
0.25,1000,1,0.15,0.0005,0.002,160,1.2,6.6000,10.8000,-11.1799
0.25,1000,1,0.15,0.002,0.0001,16,0.7,7.0600,8.6000,-5.5884
0.25,1000,1,0.15,0.002,0.0001,16,0.9,7.2800,8.8800,-5.5994
0.25,1000,1,0.15,0.002,0.0001,16,1.2,7.6400,9.3000,-5.6161
0.25,1000,1,0.15,0.002,0.0001,45,0.7,6.4200,7.6600,-5.0877
0.25,1000,1,0.15,0.002,0.0001,45,0.9,6.6400,7.9000,-5.0989
0.25,1000,1,0.15,0.002,0.0001,45,1.2,6.9800,8.3000,-5.1156
0.25,1000,1,0.15,0.002,0.0001,160,0.7,6.1600,7.3000,-4.8881
0.25,1000,1,0.15,0.002,0.0001,160,0.9,6.3800,7.5400,-4.8992
0.25,1000,1,0.15,0.002,0.0001,160,1.2,6.7000,7.9200,-4.9159
0.25,1000,1,0.15,0.002,0.0003,16,0.7,7.0200,8.9600,-6.6273
0.25,1000,1,0.15,0.002,0.0003,16,0.9,7.2400,9.2400,-6.6600
0.25,1000,1,0.15,0.002,0.0003,16,1.2,7.6000,9.7000,-6.7091
0.25,1000,1,0.15,0.002,0.0003,45,0.7,6.4000,7.9400,-6.0813
0.25,1000,1,0.15,0.002,0.0003,45,0.9,6.6000,8.2000,-6.1142
0.25,1000,1,0.15,0.002,0.0003,45,1.2,6.9400,8.6200,-6.1636
0.25,1000,1,0.15,0.002,0.0003,160,0.7,6.1400,7.5600,-5.8635
0.25,1000,1,0.15,0.002,0.0003,160,0.9,6.3400,7.8000,-5.8965
0.25,1000,1,0.15,0.002,0.0003,160,1.2,6.6800,8.2000,-5.9459
0.25,1000,1,0.15,0.002,0.002,16,0.7,6.7800,NaN,-14.8497
0.25,1000,1,0.15,0.002,0.002,16,0.9,6.9800,NaN,-15.0417
0.25,1000,1,0.15,0.002,0.002,16,1.2,7.3000,NaN,-15.3285
0.25,1000,1,0.15,0.002,0.002,45,0.7,6.1800,NaN,-13.9709
0.25,1000,1,0.15,0.002,0.002,45,0.9,6.3800,NaN,-14.1649
0.25,1000,1,0.15,0.002,0.002,45,1.2,6.7000,NaN,-14.4547
0.25,1000,1,0.15,0.002,0.002,160,0.7,5.9400,NaN,-13.6188
0.25,1000,1,0.15,0.002,0.002,160,0.9,6.1400,NaN,-13.8136
0.25,1000,1,0.15,0.002,0.002,160,1.2,6.4400,NaN,-14.1047
0.25,1000,1,0.15,0.01,0.0001,16,0.7,6.1400,NaN,-22.2846
0.25,1000,1,0.15,0.01,0.0001,16,0.9,6.3400,NaN,-22.2943
0.25,1000,1,0.15,0.01,0.0001,16,1.2,6.6800,NaN,-22.3089
0.25,1000,1,0.15,0.01,0.0001,45,0.7,5.6600,NaN,-20.4716
0.25,1000,1,0.15,0.01,0.0001,45,0.9,5.8600,NaN,-20.4815
0.25,1000,1,0.15,0.01,0.0001,45,1.2,6.1800,NaN,-20.4963
0.25,1000,1,0.15,0.01,0.0001,160,0.7,5.4600,NaN,-19.7354
0.25,1000,1,0.15,0.01,0.0001,160,0.9,5.6600,NaN,-19.7453
0.25,1000,1,0.15,0.01,0.0001,160,1.2,5.9600,NaN,-19.7602
0.25,1000,1,0.15,0.01,0.0003,16,0.7,6.1000,NaN,-23.1323
0.25,1000,1,0.15,0.01,0.0003,16,0.9,6.3200,NaN,-23.1610
0.25,1000,1,0.15,0.01,0.0003,16,1.2,6.6400,NaN,-23.2040
0.25,1000,1,0.15,0.01,0.0003,45,0.7,5.6400,NaN,-21.2994
0.25,1000,1,0.15,0.01,0.0003,45,0.9,5.8200,NaN,-21.3286
0.25,1000,1,0.15,0.01,0.0003,45,1.2,6.1400,NaN,-21.3723
0.25,1000,1,0.15,0.01,0.0003,160,0.7,5.4400,NaN,-20.5548
0.25,1000,1,0.15,0.01,0.0003,160,0.9,5.6400,NaN,-20.5842
0.25,1000,1,0.15,0.01,0.0003,160,1.2,5.9400,NaN,-20.6282
0.25,1000,1,0.15,0.01,0.002,16,0.7,5.9200,NaN,-29.8731
0.25,1000,1,0.15,0.01,0.002,16,0.9,6.1000,NaN,-30.0429
0.25,1000,1,0.15,0.01,0.002,16,1.2,6.4200,NaN,-30.2966
0.25,1000,1,0.15,0.01,0.002,45,0.7,5.4600,NaN,-27.8984
0.25,1000,1,0.15,0.01,0.002,45,0.9,5.6400,NaN,-28.0717
0.25,1000,1,0.15,0.01,0.002,45,1.2,5.9400,NaN,-28.3306
0.25,1000,1,0.15,0.01,0.002,160,0.7,5.2800,NaN,-27.0937
0.25,1000,1,0.15,0.01,0.002,160,0.9,5.4600,NaN,-27.2683
0.25,1000,1,0.15,0.01,0.002,160,1.2,5.7600,NaN,-27.5294
0.25,4000,0.3,0.075,0.0005,0.0001,16,0.7,4.2400,4.3800,-1.0956
0.25,4000,0.3,0.075,0.0005,0.0001,16,0.9,4.3800,4.5200,-1.1071
0.25,4000,0.3,0.075,0.0005,0.0001,16,1.2,4.6200,4.7600,-1.1243
0.25,4000,0.3,0.075,0.0005,0.0001,45,0.7,3.0000,3.0800,-0.8127
0.25,4000,0.3,0.075,0.0005,0.0001,45,0.9,3.1200,3.2000,-0.8242
0.25,4000,0.3,0.075,0.0005,0.0001,45,1.2,3.3200,3.4000,-0.8415
0.25,4000,0.3,0.075,0.0005,0.0001,160,0.7,2.5000,2.5600,-0.7002
0.25,4000,0.3,0.075,0.0005,0.0001,160,0.9,2.6200,2.6800,-0.7117
0.25,4000,0.3,0.075,0.0005,0.0001,160,1.2,2.8200,2.8600,-0.7289
0.25,4000,0.3,0.075,0.0005,0.0003,16,0.7,4.2200,4.4400,-1.7589
0.25,4000,0.3,0.075,0.0005,0.0003,16,0.9,4.3600,4.6000,-1.7930
0.25,4000,0.3,0.075,0.0005,0.0003,16,1.2,4.6000,4.8400,-1.8441
0.25,4000,0.3,0.075,0.0005,0.0003,45,0.7,3.0000,3.1200,-1.3773
0.25,4000,0.3,0.075,0.0005,0.0003,45,0.9,3.1200,3.2400,-1.4115
0.25,4000,0.3,0.075,0.0005,0.0003,45,1.2,3.3200,3.4600,-1.4629
0.25,4000,0.3,0.075,0.0005,0.0003,160,0.7,2.5000,2.6000,-1.2254
0.25,4000,0.3,0.075,0.0005,0.0003,160,0.9,2.6200,2.7000,-1.2597
0.25,4000,0.3,0.075,0.0005,0.0003,160,1.2,2.8000,2.9000,-1.3111
0.25,4000,0.3,0.075,0.0005,0.002,16,0.7,4.1400,5.3000,-7.1508
0.25,4000,0.3,0.075,0.0005,0.002,16,0.9,4.2600,5.5200,-7.3604
0.25,4000,0.3,0.075,0.0005,0.002,16,1.2,4.4800,5.8600,-7.6736
0.25,4000,0.3,0.075,0.0005,0.002,45,0.7,2.9400,3.5800,-5.9978
0.25,4000,0.3,0.075,0.0005,0.002,45,0.9,3.0600,3.7400,-6.2107
0.25,4000,0.3,0.075,0.0005,0.002,45,1.2,3.2400,4.0200,-6.5288
0.25,4000,0.3,0.075,0.0005,0.002,160,0.7,2.4600,2.9400,-5.5349
0.25,4000,0.3,0.075,0.0005,0.002,160,0.9,2.5800,3.0800,-5.7492
0.25,4000,0.3,0.075,0.0005,0.002,160,1.2,2.7600,3.3200,-6.0692
0.25,4000,0.3,0.075,0.002,0.0001,16,0.7,4.1600,4.6400,-3.3189
0.25,4000,0.3,0.075,0.002,0.0001,16,0.9,4.3000,4.8000,-3.3302
0.25,4000,0.3,0.075,0.002,0.0001,16,1.2,4.5400,5.0400,-3.3471
0.25,4000,0.3,0.075,0.002,0.0001,45,0.7,2.9600,3.2000,-2.3683
0.25,4000,0.3,0.075,0.002,0.0001,45,0.9,3.0800,3.3200,-2.3796
0.25,4000,0.3,0.075,0.002,0.0001,45,1.2,3.2800,3.5400,-2.3967
0.25,4000,0.3,0.075,0.002,0.0001,160,0.7,2.4800,2.6400,-1.9873
0.25,4000,0.3,0.075,0.002,0.0001,160,0.9,2.6000,2.7600,-1.9987
0.25,4000,0.3,0.075,0.002,0.0001,160,1.2,2.7800,2.9600,-2.0158
0.25,4000,0.3,0.075,0.002,0.0003,16,0.7,4.1600,4.7200,-3.9659
0.25,4000,0.3,0.075,0.002,0.0003,16,0.9,4.3000,4.8800,-3.9994
0.25,4000,0.3,0.075,0.002,0.0003,16,1.2,4.5200,5.1600,-4.0497
0.25,4000,0.3,0.075,0.002,0.0003,45,0.7,2.9600,3.2400,-2.9238
0.25,4000,0.3,0.075,0.002,0.0003,45,0.9,3.0800,3.3800,-2.9577
0.25,4000,0.3,0.075,0.002,0.0003,45,1.2,3.2800,3.5800,-3.0084
0.25,4000,0.3,0.075,0.002,0.0003,160,0.7,2.4800,2.6800,-2.5058
0.25,4000,0.3,0.075,0.002,0.0003,160,0.9,2.6000,2.8000,-2.5397
0.25,4000,0.3,0.075,0.002,0.0003,160,1.2,2.7800,3.0000,-2.5907
0.25,4000,0.3,0.075,0.002,0.002,16,0.7,4.0600,5.8800,-9.2278
0.25,4000,0.3,0.075,0.002,0.002,16,0.9,4.2000,6.1400,-9.4342
0.25,4000,0.3,0.075,0.002,0.002,16,1.2,4.4200,6.5600,-9.7426
0.25,4000,0.3,0.075,0.002,0.002,45,0.7,2.9200,3.8000,-7.4710
0.25,4000,0.3,0.075,0.002,0.002,45,0.9,3.0200,3.9800,-7.6816
0.25,4000,0.3,0.075,0.002,0.002,45,1.2,3.2200,4.2600,-7.9963
0.25,4000,0.3,0.075,0.002,0.002,160,0.7,2.4400,3.0800,-6.7606
0.25,4000,0.3,0.075,0.002,0.002,160,0.9,2.5600,3.2400,-6.9729
0.25,4000,0.3,0.075,0.002,0.002,160,1.2,2.7400,3.4800,-7.2901
0.25,4000,0.3,0.075,0.01,0.0001,16,0.7,3.8200,NaN,-13.9731
0.25,4000,0.3,0.075,0.01,0.0001,16,0.9,3.9600,NaN,-13.9835
0.25,4000,0.3,0.075,0.01,0.0001,16,1.2,4.1800,NaN,-13.9991
0.25,4000,0.3,0.075,0.01,0.0001,45,0.7,2.8000,4.4800,-10.0614
0.25,4000,0.3,0.075,0.01,0.0001,45,0.9,2.9200,4.6400,-10.0721
0.25,4000,0.3,0.075,0.01,0.0001,45,1.2,3.1000,4.9200,-10.0882
0.25,4000,0.3,0.075,0.01,0.0001,160,0.7,2.3600,3.3400,-8.4349
0.25,4000,0.3,0.075,0.01,0.0001,160,0.9,2.4800,3.4800,-8.4458
0.25,4000,0.3,0.075,0.01,0.0001,160,1.2,2.6600,3.7200,-8.4621
0.25,4000,0.3,0.075,0.01,0.0003,16,0.7,3.8200,NaN,-14.5448
0.25,4000,0.3,0.075,0.01,0.0003,16,0.9,3.9400,NaN,-14.5757
0.25,4000,0.3,0.075,0.01,0.0003,16,1.2,4.1800,NaN,-14.6221
0.25,4000,0.3,0.075,0.01,0.0003,45,0.7,2.8000,4.6600,-10.5730
0.25,4000,0.3,0.075,0.01,0.0003,45,0.9,2.9000,4.8600,-10.6050
0.25,4000,0.3,0.075,0.01,0.0003,45,1.2,3.1000,5.1600,-10.6529
0.25,4000,0.3,0.075,0.01,0.0003,160,0.7,2.3600,3.4400,-8.9202
0.25,4000,0.3,0.075,0.01,0.0003,160,0.9,2.4800,3.5800,-8.9526
0.25,4000,0.3,0.075,0.01,0.0003,160,1.2,2.6600,3.8400,-9.0011
0.25,4000,0.3,0.075,0.01,0.002,16,0.7,3.7400,NaN,-19.2028
0.25,4000,0.3,0.075,0.01,0.002,16,0.9,3.8600,NaN,-19.3938
0.25,4000,0.3,0.075,0.01,0.002,16,1.2,4.0800,NaN,-19.6793
0.25,4000,0.3,0.075,0.01,0.002,45,0.7,2.7400,NaN,-14.7648
0.25,4000,0.3,0.075,0.01,0.002,45,0.9,2.8600,NaN,-14.9640
0.25,4000,0.3,0.075,0.01,0.002,45,1.2,3.0400,NaN,-15.2616
0.25,4000,0.3,0.075,0.01,0.002,160,0.7,2.3400,5.7400,-12.9050
0.25,4000,0.3,0.075,0.01,0.002,160,0.9,2.4400,6.7600,-13.1077
0.25,4000,0.3,0.075,0.01,0.002,160,1.2,2.6200,NaN,-13.4105
0.25,4000,0.3,0.1,0.0005,0.0001,16,0.7,4.2800,4.4200,-1.1288
0.25,4000,0.3,0.1,0.0005,0.0001,16,0.9,4.4400,4.5800,-1.1403
0.25,4000,0.3,0.1,0.0005,0.0001,16,1.2,4.6800,4.8400,-1.1575
0.25,4000,0.3,0.1,0.0005,0.0001,45,0.7,3.0400,3.1200,-0.8459
0.25,4000,0.3,0.1,0.0005,0.0001,45,0.9,3.1800,3.2600,-0.8574
0.25,4000,0.3,0.1,0.0005,0.0001,45,1.2,3.4000,3.4800,-0.8747
0.25,4000,0.3,0.1,0.0005,0.0001,160,0.7,2.5600,2.6000,-0.7334
0.25,4000,0.3,0.1,0.0005,0.0001,160,0.9,2.6800,2.7400,-0.7449
0.25,4000,0.3,0.1,0.0005,0.0001,160,1.2,2.8800,2.9400,-0.7622
0.25,4000,0.3,0.1,0.0005,0.0003,16,0.7,4.2600,4.5000,-1.8573
0.25,4000,0.3,0.1,0.0005,0.0003,16,0.9,4.4200,4.6600,-1.8914
0.25,4000,0.3,0.1,0.0005,0.0003,16,1.2,4.6600,4.9400,-1.9424
0.25,4000,0.3,0.1,0.0005,0.0003,45,0.7,3.0400,3.1600,-1.4761
0.25,4000,0.3,0.1,0.0005,0.0003,45,0.9,3.1600,3.3000,-1.5103
0.25,4000,0.3,0.1,0.0005,0.0003,45,1.2,3.3800,3.5400,-1.5615
0.25,4000,0.3,0.1,0.0005,0.0003,160,0.7,2.5400,2.6400,-1.3244
0.25,4000,0.3,0.1,0.0005,0.0003,160,0.9,2.6600,2.7800,-1.3586
0.25,4000,0.3,0.1,0.0005,0.0003,160,1.2,2.8800,2.9800,-1.4099
0.25,4000,0.3,0.1,0.0005,0.002,16,0.7,4.1600,5.5000,-7.7546
0.25,4000,0.3,0.1,0.0005,0.002,16,0.9,4.3200,5.7200,-7.9623
0.25,4000,0.3,0.1,0.0005,0.002,16,1.2,4.5400,6.1000,-8.2726
0.25,4000,0.3,0.1,0.0005,0.002,45,0.7,2.9800,3.7200,-6.6110
0.25,4000,0.3,0.1,0.0005,0.002,45,0.9,3.1000,3.9000,-6.8220
0.25,4000,0.3,0.1,0.0005,0.002,45,1.2,3.3200,4.1800,-7.1372
0.25,4000,0.3,0.1,0.0005,0.002,160,0.7,2.5000,3.0600,-6.1520
0.25,4000,0.3,0.1,0.0005,0.002,160,0.9,2.6200,3.2200,-6.3643
0.25,4000,0.3,0.1,0.0005,0.002,160,1.2,2.8200,3.4800,-6.6814
0.25,4000,0.3,0.1,0.002,0.0001,16,0.7,4.2000,4.6800,-3.3515
0.25,4000,0.3,0.1,0.002,0.0001,16,0.9,4.3600,4.8600,-3.3628
0.25,4000,0.3,0.1,0.002,0.0001,16,1.2,4.6000,5.1200,-3.3797
0.25,4000,0.3,0.1,0.002,0.0001,45,0.7,3.0000,3.2400,-2.4011
0.25,4000,0.3,0.1,0.002,0.0001,45,0.9,3.1400,3.3800,-2.4125
0.25,4000,0.3,0.1,0.002,0.0001,45,1.2,3.3600,3.6000,-2.4295
0.25,4000,0.3,0.1,0.002,0.0001,160,0.7,2.5200,2.6800,-2.0202
0.25,4000,0.3,0.1,0.002,0.0001,160,0.9,2.6600,2.8200,-2.0316
0.25,4000,0.3,0.1,0.002,0.0001,160,1.2,2.8600,3.0400,-2.0487
0.25,4000,0.3,0.1,0.002,0.0003,16,0.7,4.2000,4.7800,-4.0628
0.25,4000,0.3,0.1,0.002,0.0003,16,0.9,4.3400,4.9600,-4.0963
0.25,4000,0.3,0.1,0.002,0.0003,16,1.2,4.6000,5.2400,-4.1465
0.25,4000,0.3,0.1,0.002,0.0003,45,0.7,3.0000,3.3000,-3.0215
0.25,4000,0.3,0.1,0.002,0.0003,45,0.9,3.1400,3.4400,-3.0553
0.25,4000,0.3,0.1,0.002,0.0003,45,1.2,3.3400,3.6800,-3.1060
0.25,4000,0.3,0.1,0.002,0.0003,160,0.7,2.5200,2.7200,-2.6039
0.25,4000,0.3,0.1,0.002,0.0003,160,0.9,2.6400,2.8600,-2.6378
0.25,4000,0.3,0.1,0.002,0.0003,160,1.2,2.8600,3.0800,-2.6886
0.25,4000,0.3,0.1,0.002,0.002,16,0.7,4.1000,6.1600,-9.8223
0.25,4000,0.3,0.1,0.002,0.002,16,0.9,4.2400,6.4400,-10.0269
0.25,4000,0.3,0.1,0.002,0.002,16,1.2,4.4800,6.9000,-10.3325
0.25,4000,0.3,0.1,0.002,0.002,45,0.7,2.9400,3.9600,-8.0776
0.25,4000,0.3,0.1,0.002,0.002,45,0.9,3.0800,4.1400,-8.2863
0.25,4000,0.3,0.1,0.002,0.002,45,1.2,3.2800,4.4800,-8.5981
0.25,4000,0.3,0.1,0.002,0.002,160,0.7,2.4800,3.2000,-7.3721
0.25,4000,0.3,0.1,0.002,0.002,160,0.9,2.6000,3.3800,-7.5825
0.25,4000,0.3,0.1,0.002,0.002,160,1.2,2.8000,3.6600,-7.8968
0.25,4000,0.3,0.1,0.01,0.0001,16,0.7,3.8600,NaN,-14.0031
0.25,4000,0.3,0.1,0.01,0.0001,16,0.9,4.0200,NaN,-14.0136
0.25,4000,0.3,0.1,0.01,0.0001,16,1.2,4.2600,NaN,-14.0292
0.25,4000,0.3,0.1,0.01,0.0001,45,0.7,2.8400,4.5400,-10.0924
0.25,4000,0.3,0.1,0.01,0.0001,45,0.9,2.9600,4.7200,-10.1031
0.25,4000,0.3,0.1,0.01,0.0001,45,1.2,3.1800,5.0200,-10.1192
0.25,4000,0.3,0.1,0.01,0.0001,160,0.7,2.4200,3.4000,-8.4663
0.25,4000,0.3,0.1,0.01,0.0001,160,0.9,2.5400,3.5400,-8.4772
0.25,4000,0.3,0.1,0.01,0.0001,160,1.2,2.7400,3.8200,-8.4935
0.25,4000,0.3,0.1,0.01,0.0003,16,0.7,3.8600,NaN,-14.6342
0.25,4000,0.3,0.1,0.01,0.0003,16,0.9,4.0000,NaN,-14.6651
0.25,4000,0.3,0.1,0.01,0.0003,16,1.2,4.2400,NaN,-14.7114
0.25,4000,0.3,0.1,0.01,0.0003,45,0.7,2.8400,4.7600,-10.6653
0.25,4000,0.3,0.1,0.01,0.0003,45,0.9,2.9600,4.9600,-10.6972
0.25,4000,0.3,0.1,0.01,0.0003,45,1.2,3.1800,5.3000,-10.7451
0.25,4000,0.3,0.1,0.01,0.0003,160,0.7,2.4000,3.5000,-9.0137
0.25,4000,0.3,0.1,0.01,0.0003,160,0.9,2.5200,3.6600,-9.0460
0.25,4000,0.3,0.1,0.01,0.0003,160,1.2,2.7400,3.9400,-9.0945
0.25,4000,0.3,0.1,0.01,0.002,16,0.7,3.7800,NaN,-19.7530
0.25,4000,0.3,0.1,0.01,0.002,16,0.9,3.9200,NaN,-19.9423
0.25,4000,0.3,0.1,0.01,0.002,16,1.2,4.1400,NaN,-20.2252
0.25,4000,0.3,0.1,0.01,0.002,45,0.7,2.7800,NaN,-15.3386
0.25,4000,0.3,0.1,0.01,0.002,45,0.9,2.9000,NaN,-15.5360
0.25,4000,0.3,0.1,0.01,0.002,45,1.2,3.1000,NaN,-15.8309
0.25,4000,0.3,0.1,0.01,0.002,160,0.7,2.3800,NaN,-13.4887
0.25,4000,0.3,0.1,0.01,0.002,160,0.9,2.4800,NaN,-13.6895
0.25,4000,0.3,0.1,0.01,0.002,160,1.2,2.6800,NaN,-13.9896
0.25,4000,0.3,0.15,0.0005,0.0001,16,0.7,4.3600,4.5200,-1.1950
0.25,4000,0.3,0.15,0.0005,0.0001,16,0.9,4.5400,4.7000,-1.2065
0.25,4000,0.3,0.15,0.0005,0.0001,16,1.2,4.8400,5.0000,-1.2237
0.25,4000,0.3,0.15,0.0005,0.0001,45,0.7,3.1400,3.2200,-0.9123
0.25,4000,0.3,0.15,0.0005,0.0001,45,0.9,3.2800,3.3800,-0.9238
0.25,4000,0.3,0.15,0.0005,0.0001,45,1.2,3.5400,3.6400,-0.9410
0.25,4000,0.3,0.15,0.0005,0.0001,160,0.7,2.6400,2.7000,-0.7999
0.25,4000,0.3,0.15,0.0005,0.0001,160,0.9,2.7800,2.8600,-0.8114
0.25,4000,0.3,0.15,0.0005,0.0001,160,1.2,3.0400,3.1000,-0.8286
0.25,4000,0.3,0.15,0.0005,0.0003,16,0.7,4.3600,4.6200,-2.0538
0.25,4000,0.3,0.15,0.0005,0.0003,16,0.9,4.5400,4.8000,-2.0877
0.25,4000,0.3,0.15,0.0005,0.0003,16,1.2,4.8200,5.1200,-2.1386
0.25,4000,0.3,0.15,0.0005,0.0003,45,0.7,3.1200,3.2800,-1.6734
0.25,4000,0.3,0.15,0.0005,0.0003,45,0.9,3.2800,3.4400,-1.7074
0.25,4000,0.3,0.15,0.0005,0.0003,45,1.2,3.5400,3.7000,-1.7585
0.25,4000,0.3,0.15,0.0005,0.0003,160,0.7,2.6400,2.7400,-1.5219
0.25,4000,0.3,0.15,0.0005,0.0003,160,0.9,2.7800,2.9000,-1.5560
0.25,4000,0.3,0.15,0.0005,0.0003,160,1.2,3.0400,3.1600,-1.6072
0.25,4000,0.3,0.15,0.0005,0.002,16,0.7,4.2600,5.9400,-8.9458
0.25,4000,0.3,0.15,0.0005,0.002,16,0.9,4.4200,6.2200,-9.1498
0.25,4000,0.3,0.15,0.0005,0.002,16,1.2,4.6800,6.6800,-9.4546
0.25,4000,0.3,0.15,0.0005,0.002,45,0.7,3.0600,4.0000,-7.8208
0.25,4000,0.3,0.15,0.0005,0.002,45,0.9,3.2000,4.2200,-8.0280
0.25,4000,0.3,0.15,0.0005,0.002,45,1.2,3.4600,4.5800,-8.3375
0.25,4000,0.3,0.15,0.0005,0.002,160,0.7,2.5800,3.3000,-7.3693
0.25,4000,0.3,0.15,0.0005,0.002,160,0.9,2.7200,3.5000,-7.5777
0.25,4000,0.3,0.15,0.0005,0.002,160,1.2,2.9600,3.8400,-7.8891
0.25,4000,0.3,0.15,0.002,0.0001,16,0.7,4.3000,4.8000,-3.4167
0.25,4000,0.3,0.15,0.002,0.0001,16,0.9,4.4800,4.9800,-3.4279
0.25,4000,0.3,0.15,0.002,0.0001,16,1.2,4.7600,5.3000,-3.4449
0.25,4000,0.3,0.15,0.002,0.0001,45,0.7,3.1000,3.3400,-2.4668
0.25,4000,0.3,0.15,0.002,0.0001,45,0.9,3.2600,3.5000,-2.4781
0.25,4000,0.3,0.15,0.002,0.0001,45,1.2,3.5200,3.7800,-2.4952
0.25,4000,0.3,0.15,0.002,0.0001,160,0.7,2.6200,2.7800,-2.0861
0.25,4000,0.3,0.15,0.002,0.0001,160,0.9,2.7600,2.9400,-2.0975
0.25,4000,0.3,0.15,0.002,0.0001,160,1.2,3.0200,3.2000,-2.1146
0.25,4000,0.3,0.15,0.002,0.0003,16,0.7,4.2800,4.9200,-4.2561
0.25,4000,0.3,0.15,0.002,0.0003,16,0.9,4.4600,5.1200,-4.2895
0.25,4000,0.3,0.15,0.002,0.0003,16,1.2,4.7400,5.4400,-4.3396
0.25,4000,0.3,0.15,0.002,0.0003,45,0.7,3.0800,3.4000,-3.2166
0.25,4000,0.3,0.15,0.002,0.0003,45,0.9,3.2400,3.5800,-3.2503
0.25,4000,0.3,0.15,0.002,0.0003,45,1.2,3.5000,3.8600,-3.3008
0.25,4000,0.3,0.15,0.002,0.0003,160,0.7,2.6200,2.8400,-2.7996
0.25,4000,0.3,0.15,0.002,0.0003,160,0.9,2.7600,3.0000,-2.8334
0.25,4000,0.3,0.15,0.002,0.0003,160,1.2,3.0000,3.2600,-2.8841
0.25,4000,0.3,0.15,0.002,0.002,16,0.7,4.1800,6.8400,-10.9954
0.25,4000,0.3,0.15,0.002,0.002,16,0.9,4.3400,7.2000,-11.1962
0.25,4000,0.3,0.15,0.002,0.002,16,1.2,4.6000,7.8200,-11.4964
0.25,4000,0.3,0.15,0.002,0.002,45,0.7,3.0200,4.3200,-9.2743
0.25,4000,0.3,0.15,0.002,0.002,45,0.9,3.1800,4.5600,-9.4793
0.25,4000,0.3,0.15,0.002,0.002,45,1.2,3.4200,4.9600,-9.7854
0.25,4000,0.3,0.15,0.002,0.002,160,0.7,2.5600,3.5000,-8.5785
0.25,4000,0.3,0.15,0.002,0.002,160,0.9,2.7000,3.7000,-8.7850
0.25,4000,0.3,0.15,0.002,0.002,160,1.2,2.9400,4.0600,-9.0937
0.25,4000,0.3,0.15,0.01,0.0001,16,0.7,3.9600,NaN,-14.0633
0.25,4000,0.3,0.15,0.01,0.0001,16,0.9,4.1200,NaN,-14.0736
0.25,4000,0.3,0.15,0.01,0.0001,16,1.2,4.4000,NaN,-14.0892
0.25,4000,0.3,0.15,0.01,0.0001,45,0.7,2.9200,4.6600,-10.1544
0.25,4000,0.3,0.15,0.01,0.0001,45,0.9,3.0800,4.8800,-10.1651
0.25,4000,0.3,0.15,0.01,0.0001,45,1.2,3.3400,5.2400,-10.1812
0.25,4000,0.3,0.15,0.01,0.0001,160,0.7,2.5000,3.5000,-8.5291
0.25,4000,0.3,0.15,0.01,0.0001,160,0.9,2.6400,3.7000,-8.5400
0.25,4000,0.3,0.15,0.01,0.0001,160,1.2,2.9000,4.0200,-8.5563
0.25,4000,0.3,0.15,0.01,0.0003,16,0.7,3.9400,NaN,-14.8125
0.25,4000,0.3,0.15,0.01,0.0003,16,0.9,4.1200,NaN,-14.8433
0.25,4000,0.3,0.15,0.01,0.0003,16,1.2,4.3800,NaN,-14.8895
0.25,4000,0.3,0.15,0.01,0.0003,45,0.7,2.9200,4.9600,-10.8495
0.25,4000,0.3,0.15,0.01,0.0003,45,0.9,3.0800,5.2000,-10.8813
0.25,4000,0.3,0.15,0.01,0.0003,45,1.2,3.3200,5.5800,-10.9290
0.25,4000,0.3,0.15,0.01,0.0003,160,0.7,2.5000,3.6400,-9.2003
0.25,4000,0.3,0.15,0.01,0.0003,160,0.9,2.6400,3.8400,-9.2325
0.25,4000,0.3,0.15,0.01,0.0003,160,1.2,2.9000,4.1800,-9.2809
0.25,4000,0.3,0.15,0.01,0.002,16,0.7,3.8600,NaN,-20.8386
0.25,4000,0.3,0.15,0.01,0.002,16,0.9,4.0200,NaN,-21.0245
0.25,4000,0.3,0.15,0.01,0.002,16,1.2,4.2800,NaN,-21.3023
0.25,4000,0.3,0.15,0.01,0.002,45,0.7,2.8600,NaN,-16.4705
0.25,4000,0.3,0.15,0.01,0.002,45,0.9,3.0000,NaN,-16.6643
0.25,4000,0.3,0.15,0.01,0.002,45,1.2,3.2400,NaN,-16.9539
0.25,4000,0.3,0.15,0.01,0.002,160,0.7,2.4600,NaN,-14.6402
0.25,4000,0.3,0.15,0.01,0.002,160,0.9,2.6000,NaN,-14.8374
0.25,4000,0.3,0.15,0.01,0.002,160,1.2,2.8200,NaN,-15.1320
0.25,4000,1,0.075,0.0005,0.0001,16,0.7,2.7200,2.7800,-0.7507
0.25,4000,1,0.075,0.0005,0.0001,16,0.9,2.8400,2.9000,-0.7622
0.25,4000,1,0.075,0.0005,0.0001,16,1.2,3.0400,3.1000,-0.7795
0.25,4000,1,0.075,0.0005,0.0001,45,0.7,2.0600,2.0800,-0.5951
0.25,4000,1,0.075,0.0005,0.0001,45,0.9,2.1600,2.2000,-0.6066
0.25,4000,1,0.075,0.0005,0.0001,45,1.2,2.3400,2.3800,-0.6239
0.25,4000,1,0.075,0.0005,0.0001,160,0.7,1.7800,1.8200,-0.5333
0.25,4000,1,0.075,0.0005,0.0001,160,0.9,1.8800,1.9200,-0.5448
0.25,4000,1,0.075,0.0005,0.0001,160,1.2,2.0600,2.1000,-0.5621
0.25,4000,1,0.075,0.0005,0.0003,16,0.7,2.7200,2.8200,-1.2937
0.25,4000,1,0.075,0.0005,0.0003,16,0.9,2.8400,2.9400,-1.3279
0.25,4000,1,0.075,0.0005,0.0003,16,1.2,3.0400,3.1600,-1.3793
0.25,4000,1,0.075,0.0005,0.0003,45,0.7,2.0400,2.1200,-1.0835
0.25,4000,1,0.075,0.0005,0.0003,45,0.9,2.1600,2.2200,-1.1178
0.25,4000,1,0.075,0.0005,0.0003,45,1.2,2.3400,2.4000,-1.1692
0.25,4000,1,0.075,0.0005,0.0003,160,0.7,1.7800,1.8400,-0.9999
0.25,4000,1,0.075,0.0005,0.0003,160,0.9,1.8800,1.9400,-1.0343
0.25,4000,1,0.075,0.0005,0.0003,160,1.2,2.0600,2.1200,-1.0858
0.25,4000,1,0.075,0.0005,0.002,16,0.7,2.6800,3.2200,-5.7432
0.25,4000,1,0.075,0.0005,0.002,16,0.9,2.8000,3.3800,-5.9569
0.25,4000,1,0.075,0.0005,0.002,16,1.2,2.9800,3.6400,-6.2760
0.25,4000,1,0.075,0.0005,0.002,45,0.7,2.0200,2.3600,-5.1005
0.25,4000,1,0.075,0.0005,0.002,45,0.9,2.1200,2.5000,-5.3160
0.25,4000,1,0.075,0.0005,0.002,45,1.2,2.3000,2.7200,-5.6380
0.25,4000,1,0.075,0.0005,0.002,160,0.7,1.7600,2.0400,-4.8439
0.25,4000,1,0.075,0.0005,0.002,160,0.9,1.8600,2.1600,-5.0602
0.25,4000,1,0.075,0.0005,0.002,160,1.2,2.0200,2.3800,-5.3832
0.25,4000,1,0.075,0.002,0.0001,16,0.7,2.7000,2.8800,-2.1587
0.25,4000,1,0.075,0.002,0.0001,16,0.9,2.8200,3.0000,-2.1701
0.25,4000,1,0.075,0.002,0.0001,16,1.2,3.0200,3.2200,-2.1872
0.25,4000,1,0.075,0.002,0.0001,45,0.7,2.0400,2.1400,-1.6301
0.25,4000,1,0.075,0.002,0.0001,45,0.9,2.1400,2.2400,-1.6416
0.25,4000,1,0.075,0.002,0.0001,45,1.2,2.3200,2.4400,-1.6587
0.25,4000,1,0.075,0.002,0.0001,160,0.7,1.7800,1.8400,-1.4193
0.25,4000,1,0.075,0.002,0.0001,160,0.9,1.8800,1.9600,-1.4307
0.25,4000,1,0.075,0.002,0.0001,160,1.2,2.0600,2.1400,-1.4479
0.25,4000,1,0.075,0.002,0.0003,16,0.7,2.7000,2.9200,-2.6939
0.25,4000,1,0.075,0.002,0.0003,16,0.9,2.8200,3.0600,-2.7278
0.25,4000,1,0.075,0.002,0.0003,16,1.2,3.0000,3.2600,-2.7786
0.25,4000,1,0.075,0.002,0.0003,45,0.7,2.0400,2.1600,-2.1137
0.25,4000,1,0.075,0.002,0.0003,45,0.9,2.1400,2.2800,-2.1477
0.25,4000,1,0.075,0.002,0.0003,45,1.2,2.3200,2.4600,-2.1988
0.25,4000,1,0.075,0.002,0.0003,160,0.7,1.7800,1.8600,-1.8821
0.25,4000,1,0.075,0.002,0.0003,160,0.9,1.8800,1.9800,-1.9162
0.25,4000,1,0.075,0.002,0.0003,160,1.2,2.0400,2.1600,-1.9674
0.25,4000,1,0.075,0.002,0.002,16,0.7,2.6600,3.4000,-7.0806
0.25,4000,1,0.075,0.002,0.002,16,0.9,2.7600,3.5600,-7.2922
0.25,4000,1,0.075,0.002,0.002,16,1.2,2.9400,3.8400,-7.6082
0.25,4000,1,0.075,0.002,0.002,45,0.7,2.0000,2.4400,-6.0912
0.25,4000,1,0.075,0.002,0.002,45,0.9,2.1000,2.5800,-6.3051
0.25,4000,1,0.075,0.002,0.002,45,1.2,2.2800,2.8200,-6.6247
0.25,4000,1,0.075,0.002,0.002,160,0.7,1.7600,2.1000,-5.6946
0.25,4000,1,0.075,0.002,0.002,160,0.9,1.8400,2.2200,-5.9095
0.25,4000,1,0.075,0.002,0.002,160,1.2,2.0200,2.4400,-6.2305
0.25,4000,1,0.075,0.01,0.0001,16,0.7,2.5600,3.8000,-9.1709
0.25,4000,1,0.075,0.01,0.0001,16,0.9,2.6800,3.9600,-9.1817
0.25,4000,1,0.075,0.01,0.0001,16,1.2,2.8600,4.2000,-9.1979
0.25,4000,1,0.075,0.01,0.0001,45,0.7,1.9600,2.5200,-6.8781
0.25,4000,1,0.075,0.01,0.0001,45,0.9,2.0600,2.6400,-6.8891
0.25,4000,1,0.075,0.01,0.0001,45,1.2,2.2400,2.8600,-6.9056
0.25,4000,1,0.075,0.01,0.0001,160,0.7,1.7200,2.1200,-5.9442
0.25,4000,1,0.075,0.01,0.0001,160,0.9,1.8200,2.2200,-5.9553
0.25,4000,1,0.075,0.01,0.0001,160,1.2,2.0000,2.4200,-5.9719
0.25,4000,1,0.075,0.01,0.0003,16,0.7,2.5600,3.9400,-9.6682
0.25,4000,1,0.075,0.01,0.0003,16,0.9,2.6800,4.1000,-9.7004
0.25,4000,1,0.075,0.01,0.0003,16,1.2,2.8600,4.3600,-9.7487
0.25,4000,1,0.075,0.01,0.0003,45,0.7,1.9600,2.5800,-7.3373
0.25,4000,1,0.075,0.01,0.0003,45,0.9,2.0600,2.7000,-7.3701
0.25,4000,1,0.075,0.01,0.0003,45,1.2,2.2400,2.9200,-7.4193
0.25,4000,1,0.075,0.01,0.0003,160,0.7,1.7200,2.1400,-6.3875
0.25,4000,1,0.075,0.01,0.0003,160,0.9,1.8200,2.2600,-6.4205
0.25,4000,1,0.075,0.01,0.0003,160,1.2,2.0000,2.4800,-6.4700
0.25,4000,1,0.075,0.01,0.002,16,0.7,2.5200,NaN,-13.7477
0.25,4000,1,0.075,0.01,0.002,16,0.9,2.6200,NaN,-13.9488
0.25,4000,1,0.075,0.01,0.002,16,1.2,2.8000,NaN,-14.2492
0.25,4000,1,0.075,0.01,0.002,45,0.7,1.9400,3.2800,-11.1168
0.25,4000,1,0.075,0.01,0.002,45,0.9,2.0400,3.5000,-11.3228
0.25,4000,1,0.075,0.01,0.002,45,1.2,2.2000,3.8800,-11.6305
0.25,4000,1,0.075,0.01,0.002,160,0.7,1.7000,2.6000,-10.0403
0.25,4000,1,0.075,0.01,0.002,160,0.9,1.8000,2.7600,-10.2483
0.25,4000,1,0.075,0.01,0.002,160,1.2,1.9600,3.0600,-10.5591
0.25,4000,1,0.1,0.0005,0.0001,16,0.7,2.7800,2.8400,-0.7840
0.25,4000,1,0.1,0.0005,0.0001,16,0.9,2.9000,2.9600,-0.7955
0.25,4000,1,0.1,0.0005,0.0001,16,1.2,3.1200,3.1800,-0.8127
0.25,4000,1,0.1,0.0005,0.0001,45,0.7,2.1000,2.1400,-0.6284
0.25,4000,1,0.1,0.0005,0.0001,45,0.9,2.2200,2.2600,-0.6399
0.25,4000,1,0.1,0.0005,0.0001,45,1.2,2.4200,2.4600,-0.6572
0.25,4000,1,0.1,0.0005,0.0001,160,0.7,1.8200,1.8600,-0.5666
0.25,4000,1,0.1,0.0005,0.0001,160,0.9,1.9400,1.9800,-0.5781
0.25,4000,1,0.1,0.0005,0.0001,160,1.2,2.1400,2.1800,-0.5954
0.25,4000,1,0.1,0.0005,0.0003,16,0.7,2.7600,2.8800,-1.3926
0.25,4000,1,0.1,0.0005,0.0003,16,0.9,2.9000,3.0000,-1.4268
0.25,4000,1,0.1,0.0005,0.0003,16,1.2,3.1000,3.2400,-1.4781
0.25,4000,1,0.1,0.0005,0.0003,45,0.7,2.1000,2.1600,-1.1826
0.25,4000,1,0.1,0.0005,0.0003,45,0.9,2.2000,2.2800,-1.2169
0.25,4000,1,0.1,0.0005,0.0003,45,1.2,2.4000,2.4800,-1.2682
0.25,4000,1,0.1,0.0005,0.0003,160,0.7,1.8200,1.8800,-1.0991
0.25,4000,1,0.1,0.0005,0.0003,160,0.9,1.9400,2.0000,-1.1334
0.25,4000,1,0.1,0.0005,0.0003,160,1.2,2.1400,2.2000,-1.1848
0.25,4000,1,0.1,0.0005,0.002,16,0.7,2.7200,3.3400,-6.3586
0.25,4000,1,0.1,0.0005,0.002,16,0.9,2.8400,3.5200,-6.5702
0.25,4000,1,0.1,0.0005,0.002,16,1.2,3.0400,3.8000,-6.8865
0.25,4000,1,0.1,0.0005,0.002,45,0.7,2.0600,2.4600,-5.7212
0.25,4000,1,0.1,0.0005,0.002,45,0.9,2.1800,2.6000,-5.9347
0.25,4000,1,0.1,0.0005,0.002,45,1.2,2.3600,2.8600,-6.2537
0.25,4000,1,0.1,0.0005,0.002,160,0.7,1.8000,2.1200,-5.4667
0.25,4000,1,0.1,0.0005,0.002,160,0.9,1.9200,2.2600,-5.6810
0.25,4000,1,0.1,0.0005,0.002,160,1.2,2.1000,2.5000,-6.0011
0.25,4000,1,0.1,0.002,0.0001,16,0.7,2.7400,2.9400,-2.1916
0.25,4000,1,0.1,0.002,0.0001,16,0.9,2.8800,3.0600,-2.2030
0.25,4000,1,0.1,0.002,0.0001,16,1.2,3.0800,3.2800,-2.2201
0.25,4000,1,0.1,0.002,0.0001,45,0.7,2.0800,2.1800,-1.6632
0.25,4000,1,0.1,0.002,0.0001,45,0.9,2.2000,2.3000,-1.6746
0.25,4000,1,0.1,0.002,0.0001,45,1.2,2.4000,2.5200,-1.6917
0.25,4000,1,0.1,0.002,0.0001,160,0.7,1.8200,1.9000,-1.4524
0.25,4000,1,0.1,0.002,0.0001,160,0.9,1.9400,2.0200,-1.4638
0.25,4000,1,0.1,0.002,0.0001,160,1.2,2.1400,2.2200,-1.4810
0.25,4000,1,0.1,0.002,0.0003,16,0.7,2.7400,2.9800,-2.7918
0.25,4000,1,0.1,0.002,0.0003,16,0.9,2.8600,3.1200,-2.8256
0.25,4000,1,0.1,0.002,0.0003,16,1.2,3.0800,3.3400,-2.8764
0.25,4000,1,0.1,0.002,0.0003,45,0.7,2.0800,2.2200,-2.2120
0.25,4000,1,0.1,0.002,0.0003,45,0.9,2.2000,2.3400,-2.2461
0.25,4000,1,0.1,0.002,0.0003,45,1.2,2.4000,2.5600,-2.2971
0.25,4000,1,0.1,0.002,0.0003,160,0.7,1.8200,1.9200,-1.9807
0.25,4000,1,0.1,0.002,0.0003,160,0.9,1.9200,2.0400,-2.0147
0.25,4000,1,0.1,0.002,0.0003,160,1.2,2.1200,2.2400,-2.0658
0.25,4000,1,0.1,0.002,0.002,16,0.7,2.7000,3.5400,-7.6900
0.25,4000,1,0.1,0.002,0.002,16,0.9,2.8200,3.7200,-7.8996
0.25,4000,1,0.1,0.002,0.002,16,1.2,3.0200,4.0200,-8.2127
0.25,4000,1,0.1,0.002,0.002,45,0.7,2.0400,2.5600,-6.7074
0.25,4000,1,0.1,0.002,0.002,45,0.9,2.1600,2.7000,-6.9193
0.25,4000,1,0.1,0.002,0.002,45,1.2,2.3600,2.9600,-7.2360
0.25,4000,1,0.1,0.002,0.002,160,0.7,1.8000,2.1800,-6.3135
0.25,4000,1,0.1,0.002,0.002,160,0.9,1.9000,2.3400,-6.5264
0.25,4000,1,0.1,0.002,0.002,160,1.2,2.0800,2.5800,-6.8445
0.25,4000,1,0.1,0.01,0.0001,16,0.7,2.6000,3.8600,-9.2021
0.25,4000,1,0.1,0.01,0.0001,16,0.9,2.7200,4.0200,-9.2130
0.25,4000,1,0.1,0.01,0.0001,16,1.2,2.9400,4.3000,-9.2292
0.25,4000,1,0.1,0.01,0.0001,45,0.7,2.0000,2.5800,-6.9099
0.25,4000,1,0.1,0.01,0.0001,45,0.9,2.1200,2.7200,-6.9209
0.25,4000,1,0.1,0.01,0.0001,45,1.2,2.3200,2.9600,-6.9373
0.25,4000,1,0.1,0.01,0.0001,160,0.7,1.7600,2.1600,-5.9762
0.25,4000,1,0.1,0.01,0.0001,160,0.9,1.8800,2.2800,-5.9873
0.25,4000,1,0.1,0.01,0.0001,160,1.2,2.0800,2.5200,-6.0039
0.25,4000,1,0.1,0.01,0.0003,16,0.7,2.6000,4.0000,-9.7612
0.25,4000,1,0.1,0.01,0.0003,16,0.9,2.7200,4.1800,-9.7933
0.25,4000,1,0.1,0.01,0.0003,16,1.2,2.9400,4.4800,-9.8415
0.25,4000,1,0.1,0.01,0.0003,45,0.7,2.0000,2.6400,-7.4320
0.25,4000,1,0.1,0.01,0.0003,45,0.9,2.1200,2.7800,-7.4647
0.25,4000,1,0.1,0.01,0.0003,45,1.2,2.3200,3.0200,-7.5138
0.25,4000,1,0.1,0.01,0.0003,160,0.7,1.7600,2.2000,-6.4828
0.25,4000,1,0.1,0.01,0.0003,160,0.9,1.8800,2.3400,-6.5158
0.25,4000,1,0.1,0.01,0.0003,160,1.2,2.0600,2.5600,-6.5652
0.25,4000,1,0.1,0.01,0.002,16,0.7,2.5600,NaN,-14.3269
0.25,4000,1,0.1,0.01,0.002,16,0.9,2.6800,NaN,-14.5261
0.25,4000,1,0.1,0.01,0.002,16,1.2,2.8800,NaN,-14.8238
0.25,4000,1,0.1,0.01,0.002,45,0.7,1.9800,3.5600,-11.7101
0.25,4000,1,0.1,0.01,0.002,45,0.9,2.0800,3.8200,-11.9142
0.25,4000,1,0.1,0.01,0.002,45,1.2,2.2800,4.3000,-12.2191
0.25,4000,1,0.1,0.01,0.002,160,0.7,1.7400,2.7600,-10.6394
0.25,4000,1,0.1,0.01,0.002,160,0.9,1.8400,2.9600,-10.8455
0.25,4000,1,0.1,0.01,0.002,160,1.2,2.0400,3.3000,-11.1534
0.25,4000,1,0.15,0.0005,0.0001,16,0.7,2.8600,2.9200,-0.8504
0.25,4000,1,0.15,0.0005,0.0001,16,0.9,3.0200,3.0800,-0.8619
0.25,4000,1,0.15,0.0005,0.0001,16,1.2,3.2600,3.3400,-0.8791
0.25,4000,1,0.15,0.0005,0.0001,45,0.7,2.1800,2.2200,-0.6949
0.25,4000,1,0.15,0.0005,0.0001,45,0.9,2.3400,2.3800,-0.7064
0.25,4000,1,0.15,0.0005,0.0001,45,1.2,2.5800,2.6200,-0.7237
0.25,4000,1,0.15,0.0005,0.0001,160,0.7,1.9200,1.9600,-0.6331
0.25,4000,1,0.15,0.0005,0.0001,160,0.9,2.0600,2.1000,-0.6446
0.25,4000,1,0.15,0.0005,0.0001,160,1.2,2.3000,2.3400,-0.6619
0.25,4000,1,0.15,0.0005,0.0003,16,0.7,2.8600,2.9800,-1.5900
0.25,4000,1,0.15,0.0005,0.0003,16,0.9,3.0000,3.1400,-1.6241
0.25,4000,1,0.15,0.0005,0.0003,16,1.2,3.2600,3.4000,-1.6752
0.25,4000,1,0.15,0.0005,0.0003,45,0.7,2.1800,2.2600,-1.3804
0.25,4000,1,0.15,0.0005,0.0003,45,0.9,2.3200,2.4200,-1.4146
0.25,4000,1,0.15,0.0005,0.0003,45,1.2,2.5800,2.6600,-1.4658
0.25,4000,1,0.15,0.0005,0.0003,160,0.7,1.9200,1.9800,-1.2971
0.25,4000,1,0.15,0.0005,0.0003,160,0.9,2.0600,2.1200,-1.3313
0.25,4000,1,0.15,0.0005,0.0003,160,1.2,2.3000,2.3800,-1.3826
0.25,4000,1,0.15,0.0005,0.002,16,0.7,2.8000,3.6200,-7.5725
0.25,4000,1,0.15,0.0005,0.002,16,0.9,2.9400,3.8200,-7.7803
0.25,4000,1,0.15,0.0005,0.002,16,1.2,3.1800,4.1600,-8.0909
0.25,4000,1,0.15,0.0005,0.002,45,0.7,2.1400,2.6800,-6.9455
0.25,4000,1,0.15,0.0005,0.002,45,0.9,2.2800,2.8600,-7.1552
0.25,4000,1,0.15,0.0005,0.002,45,1.2,2.5200,3.1600,-7.4684
0.25,4000,1,0.15,0.0005,0.002,160,0.7,1.8800,2.3200,-6.6953
0.25,4000,1,0.15,0.0005,0.002,160,0.9,2.0200,2.5000,-6.9056
0.25,4000,1,0.15,0.0005,0.002,160,1.2,2.2600,2.8000,-7.2199
0.25,4000,1,0.15,0.002,0.0001,16,0.7,2.8400,3.0200,-2.2574
0.25,4000,1,0.15,0.002,0.0001,16,0.9,2.9800,3.1800,-2.2687
0.25,4000,1,0.15,0.002,0.0001,16,1.2,3.2400,3.4600,-2.2858
0.25,4000,1,0.15,0.002,0.0001,45,0.7,2.1800,2.2800,-1.7292
0.25,4000,1,0.15,0.002,0.0001,45,0.9,2.3200,2.4200,-1.7406
0.25,4000,1,0.15,0.002,0.0001,45,1.2,2.5600,2.6800,-1.7577
0.25,4000,1,0.15,0.002,0.0001,160,0.7,1.9000,1.9800,-1.5185
0.25,4000,1,0.15,0.002,0.0001,160,0.9,2.0600,2.1400,-1.5300
0.25,4000,1,0.15,0.002,0.0001,160,1.2,2.3000,2.4000,-1.5471
0.25,4000,1,0.15,0.002,0.0003,16,0.7,2.8200,3.0800,-2.9872
0.25,4000,1,0.15,0.002,0.0003,16,0.9,2.9800,3.2600,-3.0209
0.25,4000,1,0.15,0.002,0.0003,16,1.2,3.2200,3.5200,-3.0716
0.25,4000,1,0.15,0.002,0.0003,45,0.7,2.1600,2.3200,-2.4084
0.25,4000,1,0.15,0.002,0.0003,45,0.9,2.3200,2.4800,-2.4423
0.25,4000,1,0.15,0.002,0.0003,45,1.2,2.5600,2.7400,-2.4931
0.25,4000,1,0.15,0.002,0.0003,160,0.7,1.9000,2.0200,-2.1774
0.25,4000,1,0.15,0.002,0.0003,160,0.9,2.0400,2.1800,-2.2114
0.25,4000,1,0.15,0.002,0.0003,160,1.2,2.3000,2.4400,-2.2623
0.25,4000,1,0.15,0.002,0.002,16,0.7,2.7800,3.8600,-8.8920
0.25,4000,1,0.15,0.002,0.002,16,0.9,2.9200,4.0800,-9.0978
0.25,4000,1,0.15,0.002,0.002,16,1.2,3.1600,4.4600,-9.4053
0.25,4000,1,0.15,0.002,0.002,45,0.7,2.1400,2.7800,-7.9228
0.25,4000,1,0.15,0.002,0.002,45,0.9,2.2600,2.9800,-8.1310
0.25,4000,1,0.15,0.002,0.002,45,1.2,2.5000,3.3000,-8.4419
0.25,4000,1,0.15,0.002,0.002,160,0.7,1.8800,2.4000,-7.5344
0.25,4000,1,0.15,0.002,0.002,160,0.9,2.0200,2.5800,-7.7434
0.25,4000,1,0.15,0.002,0.002,160,1.2,2.2400,2.9000,-8.0557
0.25,4000,1,0.15,0.01,0.0001,16,0.7,2.7000,3.9800,-9.2646
0.25,4000,1,0.15,0.01,0.0001,16,0.9,2.8400,4.1800,-9.2754
0.25,4000,1,0.15,0.01,0.0001,16,1.2,3.1000,4.5200,-9.2916
0.25,4000,1,0.15,0.01,0.0001,45,0.7,2.1000,2.6800,-6.9734
0.25,4000,1,0.15,0.01,0.0001,45,0.9,2.2400,2.8600,-6.9844
0.25,4000,1,0.15,0.01,0.0001,45,1.2,2.4800,3.1400,-7.0009
0.25,4000,1,0.15,0.01,0.0001,160,0.7,1.8600,2.2600,-6.0402
0.25,4000,1,0.15,0.01,0.0001,160,0.9,2.0000,2.4200,-6.0512
0.25,4000,1,0.15,0.01,0.0001,160,1.2,2.2400,2.7200,-6.0678
0.25,4000,1,0.15,0.01,0.0003,16,0.7,2.6800,4.1600,-9.9467
0.25,4000,1,0.15,0.01,0.0003,16,0.9,2.8400,4.3800,-9.9787
0.25,4000,1,0.15,0.01,0.0003,16,1.2,3.0800,4.7400,-10.0268
0.25,4000,1,0.15,0.01,0.0003,45,0.7,2.1000,2.7600,-7.6209
0.25,4000,1,0.15,0.01,0.0003,45,0.9,2.2400,2.9400,-7.6535
0.25,4000,1,0.15,0.01,0.0003,45,1.2,2.4800,3.2400,-7.7025
0.25,4000,1,0.15,0.01,0.0003,160,0.7,1.8400,2.3200,-6.6731
0.25,4000,1,0.15,0.01,0.0003,160,0.9,2.0000,2.4800,-6.7060
0.25,4000,1,0.15,0.01,0.0003,160,1.2,2.2400,2.7800,-6.7553
0.25,4000,1,0.15,0.01,0.002,16,0.7,2.6400,NaN,-15.4695
0.25,4000,1,0.15,0.01,0.002,16,0.9,2.7800,NaN,-15.6651
0.25,4000,1,0.15,0.01,0.002,16,1.2,3.0200,NaN,-15.9574
0.25,4000,1,0.15,0.01,0.002,45,0.7,2.0600,4.5800,-12.8804
0.25,4000,1,0.15,0.01,0.002,45,0.9,2.2000,5.2000,-13.0808
0.25,4000,1,0.15,0.01,0.002,45,1.2,2.4200,7.8000,-13.3802
0.25,4000,1,0.15,0.01,0.002,160,0.7,1.8200,3.2200,-11.8211
0.25,4000,1,0.15,0.01,0.002,160,0.9,1.9600,3.5000,-12.0235
0.25,4000,1,0.15,0.01,0.002,160,1.2,2.1800,4.0400,-12.3258
0.4,250,0.3,0.075,0.0005,0.0001,16,0.7,25.5200,31.7400,-5.9633
0.4,250,0.3,0.075,0.0005,0.0001,16,0.9,26.0800,32.4600,-5.9743
0.4,250,0.3,0.075,0.0005,0.0001,16,1.2,26.9600,33.5600,-5.9908
0.4,250,0.3,0.075,0.0005,0.0001,45,0.7,24.3800,29.9600,-5.7013
0.4,250,0.3,0.075,0.0005,0.0001,45,0.9,24.9200,30.6400,-5.7124
0.4,250,0.3,0.075,0.0005,0.0001,45,1.2,25.7600,31.6800,-5.7289
0.4,250,0.3,0.075,0.0005,0.0001,160,0.7,23.9200,29.2600,-5.5971
0.4,250,0.3,0.075,0.0005,0.0001,160,0.9,24.4600,29.9200,-5.6082
0.4,250,0.3,0.075,0.0005,0.0001,160,1.2,25.2800,30.9400,-5.6247
0.4,250,0.3,0.075,0.0005,0.0003,16,0.7,25.1400,34.9400,-8.2383
0.4,250,0.3,0.075,0.0005,0.0003,16,0.9,25.7000,35.7800,-8.2702
0.4,250,0.3,0.075,0.0005,0.0003,16,1.2,26.5600,37.0400,-8.3180
0.4,250,0.3,0.075,0.0005,0.0003,45,0.7,24.0200,32.7400,-7.8937
0.4,250,0.3,0.075,0.0005,0.0003,45,0.9,24.5600,33.5200,-7.9257
0.4,250,0.3,0.075,0.0005,0.0003,45,1.2,25.3800,34.7000,-7.9737
0.4,250,0.3,0.075,0.0005,0.0003,160,0.7,23.5800,31.8800,-7.7565
0.4,250,0.3,0.075,0.0005,0.0003,160,0.9,24.1200,32.6400,-7.7886
0.4,250,0.3,0.075,0.0005,0.0003,160,1.2,24.9200,33.8000,-7.8366
0.4,250,0.3,0.075,0.0005,0.002,16,0.7,22.3800,NaN,-24.8513
0.4,250,0.3,0.075,0.0005,0.002,16,0.9,22.8600,NaN,-25.0135
0.4,250,0.3,0.075,0.0005,0.002,16,1.2,23.6000,NaN,-25.2560
0.4,250,0.3,0.075,0.0005,0.002,45,0.7,21.4800,NaN,-23.9910
0.4,250,0.3,0.075,0.0005,0.002,45,0.9,21.9600,NaN,-24.1554
0.4,250,0.3,0.075,0.0005,0.002,45,1.2,22.6600,NaN,-24.4010
0.4,250,0.3,0.075,0.0005,0.002,160,0.7,21.1200,NaN,-23.6462
0.4,250,0.3,0.075,0.0005,0.002,160,0.9,21.6000,NaN,-23.8114
0.4,250,0.3,0.075,0.0005,0.002,160,1.2,22.3000,NaN,-24.0584
0.4,250,0.3,0.075,0.002,0.0001,16,0.7,22.9800,NaN,-18.2139
0.4,250,0.3,0.075,0.002,0.0001,16,0.9,23.5000,NaN,-18.2239
0.4,250,0.3,0.075,0.002,0.0001,16,1.2,24.2800,NaN,-18.2389
0.4,250,0.3,0.075,0.002,0.0001,45,0.7,22.0400,NaN,-17.4766
0.4,250,0.3,0.075,0.002,0.0001,45,0.9,22.5400,NaN,-17.4867
0.4,250,0.3,0.075,0.002,0.0001,45,1.2,23.3200,NaN,-17.5018
0.4,250,0.3,0.075,0.002,0.0001,160,0.7,21.6600,NaN,-17.1815
0.4,250,0.3,0.075,0.002,0.0001,160,0.9,22.1600,NaN,-17.1916
0.4,250,0.3,0.075,0.002,0.0001,160,1.2,22.9200,NaN,-17.2067
0.4,250,0.3,0.075,0.002,0.0003,16,0.7,22.6600,NaN,-20.1055
0.4,250,0.3,0.075,0.002,0.0003,16,0.9,23.1800,NaN,-20.1346
0.4,250,0.3,0.075,0.002,0.0003,16,1.2,23.9600,NaN,-20.1782
0.4,250,0.3,0.075,0.002,0.0003,45,0.7,21.7600,NaN,-19.3148
0.4,250,0.3,0.075,0.002,0.0003,45,0.9,22.2600,NaN,-19.3441
0.4,250,0.3,0.075,0.002,0.0003,45,1.2,23.0000,NaN,-19.3880
0.4,250,0.3,0.075,0.002,0.0003,160,0.7,21.4000,NaN,-18.9981
0.4,250,0.3,0.075,0.002,0.0003,160,0.9,21.8800,NaN,-19.0275
0.4,250,0.3,0.075,0.002,0.0003,160,1.2,22.6200,NaN,-19.0715
0.4,250,0.3,0.075,0.002,0.002,16,0.7,20.3800,NaN,-34.0881
0.4,250,0.3,0.075,0.002,0.002,16,0.9,20.8400,NaN,-34.2392
0.4,250,0.3,0.075,0.002,0.002,16,1.2,21.5200,NaN,-34.4651
0.4,250,0.3,0.075,0.002,0.002,45,0.7,19.6600,NaN,-32.9645
0.4,250,0.3,0.075,0.002,0.002,45,0.9,20.0800,NaN,-33.1180
0.4,250,0.3,0.075,0.002,0.002,45,1.2,20.7400,NaN,-33.3473
0.4,250,0.3,0.075,0.002,0.002,160,0.7,19.3600,NaN,-32.5119
0.4,250,0.3,0.075,0.002,0.002,160,0.9,19.7800,NaN,-32.6663
0.4,250,0.3,0.075,0.002,0.002,160,1.2,20.4400,NaN,-32.8971
0.4,250,0.3,0.075,0.01,0.0001,16,0.7,15.0200,NaN,-56.4982
0.4,250,0.3,0.075,0.01,0.0001,16,0.9,15.3800,NaN,-56.5051
0.4,250,0.3,0.075,0.01,0.0001,16,1.2,15.9400,NaN,-56.5154
0.4,250,0.3,0.075,0.01,0.0001,45,0.7,14.6200,NaN,-54.9774
0.4,250,0.3,0.075,0.01,0.0001,45,0.9,14.9800,NaN,-54.9844
0.4,250,0.3,0.075,0.01,0.0001,45,1.2,15.5200,NaN,-54.9949
0.4,250,0.3,0.075,0.01,0.0001,160,0.7,14.4600,NaN,-54.3563
0.4,250,0.3,0.075,0.01,0.0001,160,0.9,14.8200,NaN,-54.3633
0.4,250,0.3,0.075,0.01,0.0001,160,1.2,15.3400,NaN,-54.3739
0.4,250,0.3,0.075,0.01,0.0003,16,0.7,14.9000,NaN,-57.4167
0.4,250,0.3,0.075,0.01,0.0003,16,0.9,15.2400,NaN,-57.4369
0.4,250,0.3,0.075,0.01,0.0003,16,1.2,15.8000,NaN,-57.4671
0.4,250,0.3,0.075,0.01,0.0003,45,0.7,14.5000,NaN,-55.8931
0.4,250,0.3,0.075,0.01,0.0003,45,0.9,14.8400,NaN,-55.9136
0.4,250,0.3,0.075,0.01,0.0003,45,1.2,15.3800,NaN,-55.9444
0.4,250,0.3,0.075,0.01,0.0003,160,0.7,14.3400,NaN,-55.2706
0.4,250,0.3,0.075,0.01,0.0003,160,0.9,14.6800,NaN,-55.2913
0.4,250,0.3,0.075,0.01,0.0003,160,1.2,15.2200,NaN,-55.3224
0.4,250,0.3,0.075,0.01,0.002,16,0.7,13.8600,NaN,-64.4778
0.4,250,0.3,0.075,0.01,0.002,16,0.9,14.1800,NaN,-64.5901
0.4,250,0.3,0.075,0.01,0.002,16,1.2,14.6800,NaN,-64.7580
0.4,250,0.3,0.075,0.01,0.002,45,0.7,13.5200,NaN,-62.9469
0.4,250,0.3,0.075,0.01,0.002,45,0.9,13.8400,NaN,-63.0617
0.4,250,0.3,0.075,0.01,0.002,45,1.2,14.3200,NaN,-63.2334
0.4,250,0.3,0.075,0.01,0.002,160,0.7,13.3800,NaN,-62.3198
0.4,250,0.3,0.075,0.01,0.002,160,0.9,13.7000,NaN,-62.4357
0.4,250,0.3,0.075,0.01,0.002,160,1.2,14.1800,NaN,-62.6089
0.4,250,0.3,0.1,0.0005,0.0001,16,0.7,25.6000,31.9000,-5.9951
0.4,250,0.3,0.1,0.0005,0.0001,16,0.9,26.1800,32.6200,-6.0061
0.4,250,0.3,0.1,0.0005,0.0001,16,1.2,27.0800,33.7400,-6.0225
0.4,250,0.3,0.1,0.0005,0.0001,45,0.7,24.4600,30.1000,-5.7332
0.4,250,0.3,0.1,0.0005,0.0001,45,0.9,25.0200,30.7800,-5.7442
0.4,250,0.3,0.1,0.0005,0.0001,45,1.2,25.8600,31.8400,-5.7607
0.4,250,0.3,0.1,0.0005,0.0001,160,0.7,24.0000,29.4000,-5.6290
0.4,250,0.3,0.1,0.0005,0.0001,160,0.9,24.5400,30.0800,-5.6401
0.4,250,0.3,0.1,0.0005,0.0001,160,1.2,25.3800,31.1000,-5.6566
0.4,250,0.3,0.1,0.0005,0.0003,16,0.7,25.2200,35.2400,-8.3304
0.4,250,0.3,0.1,0.0005,0.0003,16,0.9,25.8000,36.0800,-8.3623
0.4,250,0.3,0.1,0.0005,0.0003,16,1.2,26.6600,37.3600,-8.4100
0.4,250,0.3,0.1,0.0005,0.0003,45,0.7,24.1000,33.0000,-7.9861
0.4,250,0.3,0.1,0.0005,0.0003,45,0.9,24.6600,33.8000,-8.0181
0.4,250,0.3,0.1,0.0005,0.0003,45,1.2,25.5000,35.0000,-8.0660
0.4,250,0.3,0.1,0.0005,0.0003,160,0.7,23.6600,32.1400,-7.8491
0.4,250,0.3,0.1,0.0005,0.0003,160,0.9,24.2000,32.9200,-7.8811
0.4,250,0.3,0.1,0.0005,0.0003,160,1.2,25.0200,34.1000,-7.9291
0.4,250,0.3,0.1,0.0005,0.002,16,0.7,22.4400,NaN,-25.3187
0.4,250,0.3,0.1,0.0005,0.002,16,0.9,22.9400,NaN,-25.4796
0.4,250,0.3,0.1,0.0005,0.002,16,1.2,23.6800,NaN,-25.7200
0.4,250,0.3,0.1,0.0005,0.002,45,0.7,21.5600,NaN,-24.4646
0.4,250,0.3,0.1,0.0005,0.002,45,0.9,22.0400,NaN,-24.6276
0.4,250,0.3,0.1,0.0005,0.002,45,1.2,22.7600,NaN,-24.8713
0.4,250,0.3,0.1,0.0005,0.002,160,0.7,21.2000,NaN,-24.1223
0.4,250,0.3,0.1,0.0005,0.002,160,0.9,21.6800,NaN,-24.2862
0.4,250,0.3,0.1,0.0005,0.002,160,1.2,22.3800,NaN,-24.5311
0.4,250,0.3,0.1,0.002,0.0001,16,0.7,23.0600,NaN,-18.2428
0.4,250,0.3,0.1,0.002,0.0001,16,0.9,23.5800,NaN,-18.2528
0.4,250,0.3,0.1,0.002,0.0001,16,1.2,24.4000,NaN,-18.2678
0.4,250,0.3,0.1,0.002,0.0001,45,0.7,22.1200,NaN,-17.5057
0.4,250,0.3,0.1,0.002,0.0001,45,0.9,22.6400,NaN,-17.5157
0.4,250,0.3,0.1,0.002,0.0001,45,1.2,23.4200,NaN,-17.5308
0.4,250,0.3,0.1,0.002,0.0001,160,0.7,21.7400,NaN,-17.2106
0.4,250,0.3,0.1,0.002,0.0001,160,0.9,22.2600,NaN,-17.2207
0.4,250,0.3,0.1,0.002,0.0001,160,1.2,23.0200,NaN,-17.2359
0.4,250,0.3,0.1,0.002,0.0003,16,0.7,22.7400,NaN,-20.1895
0.4,250,0.3,0.1,0.002,0.0003,16,0.9,23.2600,NaN,-20.2185
0.4,250,0.3,0.1,0.002,0.0003,16,1.2,24.0600,NaN,-20.2621
0.4,250,0.3,0.1,0.002,0.0003,45,0.7,21.8400,NaN,-19.3994
0.4,250,0.3,0.1,0.002,0.0003,45,0.9,22.3400,NaN,-19.4287
0.4,250,0.3,0.1,0.002,0.0003,45,1.2,23.1000,NaN,-19.4725
0.4,250,0.3,0.1,0.002,0.0003,160,0.7,21.4800,NaN,-19.0830
0.4,250,0.3,0.1,0.002,0.0003,160,0.9,21.9600,NaN,-19.1123
0.4,250,0.3,0.1,0.002,0.0003,160,1.2,22.7200,NaN,-19.1563
0.4,250,0.3,0.1,0.002,0.002,16,0.7,20.4600,NaN,-34.5236
0.4,250,0.3,0.1,0.002,0.002,16,0.9,20.9200,NaN,-34.6735
0.4,250,0.3,0.1,0.002,0.002,16,1.2,21.6000,NaN,-34.8975
0.4,250,0.3,0.1,0.002,0.002,45,0.7,19.7200,NaN,-33.4067
0.4,250,0.3,0.1,0.002,0.002,45,0.9,20.1600,NaN,-33.5589
0.4,250,0.3,0.1,0.002,0.002,45,1.2,20.8200,NaN,-33.7864
0.4,250,0.3,0.1,0.002,0.002,160,0.7,19.4200,NaN,-32.9568
0.4,250,0.3,0.1,0.002,0.002,160,0.9,19.8600,NaN,-33.1099
0.4,250,0.3,0.1,0.002,0.002,160,1.2,20.5200,NaN,-33.3388
0.4,250,0.3,0.1,0.01,0.0001,16,0.7,15.1000,NaN,-56.5181
0.4,250,0.3,0.1,0.01,0.0001,16,0.9,15.4600,NaN,-56.5249
0.4,250,0.3,0.1,0.01,0.0001,16,1.2,16.0200,NaN,-56.5353
0.4,250,0.3,0.1,0.01,0.0001,45,0.7,14.7000,NaN,-54.9976
0.4,250,0.3,0.1,0.01,0.0001,45,0.9,15.0600,NaN,-55.0046
0.4,250,0.3,0.1,0.01,0.0001,45,1.2,15.6000,NaN,-55.0151
0.4,250,0.3,0.1,0.01,0.0001,160,0.7,14.5200,NaN,-54.3766
0.4,250,0.3,0.1,0.01,0.0001,160,0.9,14.8800,NaN,-54.3837
0.4,250,0.3,0.1,0.01,0.0001,160,1.2,15.4400,NaN,-54.3943
0.4,250,0.3,0.1,0.01,0.0003,16,0.7,14.9600,NaN,-57.4750
0.4,250,0.3,0.1,0.01,0.0003,16,0.9,15.3200,NaN,-57.4951
0.4,250,0.3,0.1,0.01,0.0003,16,1.2,15.8800,NaN,-57.5253
0.4,250,0.3,0.1,0.01,0.0003,45,0.7,14.5600,NaN,-55.9524
0.4,250,0.3,0.1,0.01,0.0003,45,0.9,14.9200,NaN,-55.9730
0.4,250,0.3,0.1,0.01,0.0003,45,1.2,15.4600,NaN,-56.0037
0.4,250,0.3,0.1,0.01,0.0003,160,0.7,14.4000,NaN,-55.3304
0.4,250,0.3,0.1,0.01,0.0003,160,0.9,14.7600,NaN,-55.3511
0.4,250,0.3,0.1,0.01,0.0003,160,1.2,15.3000,NaN,-55.3821
0.4,250,0.3,0.1,0.01,0.002,16,0.7,13.9200,NaN,-64.8014
0.4,250,0.3,0.1,0.01,0.002,16,0.9,14.2600,NaN,-64.9128
0.4,250,0.3,0.1,0.01,0.002,16,1.2,14.7600,NaN,-65.0793
0.4,250,0.3,0.1,0.01,0.002,45,0.7,13.5800,NaN,-63.2778
0.4,250,0.3,0.1,0.01,0.002,45,0.9,13.9000,NaN,-63.3916
0.4,250,0.3,0.1,0.01,0.002,45,1.2,14.4000,NaN,-63.5618
0.4,250,0.3,0.1,0.01,0.002,160,0.7,13.4400,NaN,-62.6537
0.4,250,0.3,0.1,0.01,0.002,160,0.9,13.7600,NaN,-62.7686
0.4,250,0.3,0.1,0.01,0.002,160,1.2,14.2400,NaN,-62.9403
0.4,250,0.3,0.15,0.0005,0.0001,16,0.7,25.7800,32.2000,-6.0586
0.4,250,0.3,0.15,0.0005,0.0001,16,0.9,26.3800,32.9400,-6.0696
0.4,250,0.3,0.15,0.0005,0.0001,16,1.2,27.3000,34.0800,-6.0860
0.4,250,0.3,0.15,0.0005,0.0001,45,0.7,24.6400,30.3800,-5.7968
0.4,250,0.3,0.15,0.0005,0.0001,45,0.9,25.2000,31.1000,-5.8079
0.4,250,0.3,0.15,0.0005,0.0001,45,1.2,26.0800,32.1800,-5.8244
0.4,250,0.3,0.15,0.0005,0.0001,160,0.7,24.1800,29.6800,-5.6928
0.4,250,0.3,0.15,0.0005,0.0001,160,0.9,24.7400,30.3800,-5.7038
0.4,250,0.3,0.15,0.0005,0.0001,160,1.2,25.6000,31.4400,-5.7203
0.4,250,0.3,0.15,0.0005,0.0003,16,0.7,25.4000,35.8400,-8.5142
0.4,250,0.3,0.15,0.0005,0.0003,16,0.9,25.9800,36.7000,-8.5460
0.4,250,0.3,0.15,0.0005,0.0003,16,1.2,26.8800,38.0400,-8.5936
0.4,250,0.3,0.15,0.0005,0.0003,45,0.7,24.2800,33.5600,-8.1706
0.4,250,0.3,0.15,0.0005,0.0003,45,0.9,24.8400,34.3600,-8.2025
0.4,250,0.3,0.15,0.0005,0.0003,45,1.2,25.7000,35.6200,-8.2503
0.4,250,0.3,0.15,0.0005,0.0003,160,0.7,23.8400,32.6800,-8.0338
0.4,250,0.3,0.15,0.0005,0.0003,160,0.9,24.3800,33.4800,-8.0657
0.4,250,0.3,0.15,0.0005,0.0003,160,1.2,25.2400,34.7000,-8.1136
0.4,250,0.3,0.15,0.0005,0.002,16,0.7,22.6000,NaN,-26.2421
0.4,250,0.3,0.15,0.0005,0.002,16,0.9,23.1000,NaN,-26.4004
0.4,250,0.3,0.15,0.0005,0.002,16,1.2,23.8600,NaN,-26.6370
0.4,250,0.3,0.15,0.0005,0.002,45,0.7,21.7200,NaN,-25.4002
0.4,250,0.3,0.15,0.0005,0.002,45,0.9,22.2000,NaN,-25.5606
0.4,250,0.3,0.15,0.0005,0.002,45,1.2,22.9400,NaN,-25.8004
0.4,250,0.3,0.15,0.0005,0.002,160,0.7,21.3600,NaN,-25.0629
0.4,250,0.3,0.15,0.0005,0.002,160,0.9,21.8400,NaN,-25.2241
0.4,250,0.3,0.15,0.0005,0.002,160,1.2,22.5600,NaN,-25.4651
0.4,250,0.3,0.15,0.002,0.0001,16,0.7,23.2200,NaN,-18.3006
0.4,250,0.3,0.15,0.002,0.0001,16,0.9,23.7800,NaN,-18.3106
0.4,250,0.3,0.15,0.002,0.0001,16,1.2,24.6200,NaN,-18.3256
0.4,250,0.3,0.15,0.002,0.0001,45,0.7,22.2800,NaN,-17.5638
0.4,250,0.3,0.15,0.002,0.0001,45,0.9,22.8200,NaN,-17.5739
0.4,250,0.3,0.15,0.002,0.0001,45,1.2,23.6200,NaN,-17.5889
0.4,250,0.3,0.15,0.002,0.0001,160,0.7,21.9200,NaN,-17.2689
0.4,250,0.3,0.15,0.002,0.0001,160,0.9,22.4400,NaN,-17.2790
0.4,250,0.3,0.15,0.002,0.0001,160,1.2,23.2400,NaN,-17.2941
0.4,250,0.3,0.15,0.002,0.0003,16,0.7,22.9200,NaN,-20.3571
0.4,250,0.3,0.15,0.002,0.0003,16,0.9,23.4400,NaN,-20.3861
0.4,250,0.3,0.15,0.002,0.0003,16,1.2,24.2600,NaN,-20.4295
0.4,250,0.3,0.15,0.002,0.0003,45,0.7,22.0000,NaN,-19.5683
0.4,250,0.3,0.15,0.002,0.0003,45,0.9,22.5200,NaN,-19.5975
0.4,250,0.3,0.15,0.002,0.0003,45,1.2,23.3200,NaN,-19.6412
0.4,250,0.3,0.15,0.002,0.0003,160,0.7,21.6400,NaN,-19.2523
0.4,250,0.3,0.15,0.002,0.0003,160,0.9,22.1400,NaN,-19.2816
0.4,250,0.3,0.15,0.002,0.0003,160,1.2,22.9200,NaN,-19.3255
0.4,250,0.3,0.15,0.002,0.002,16,0.7,20.6000,NaN,-35.3838
0.4,250,0.3,0.15,0.002,0.002,16,0.9,21.0800,NaN,-35.5313
0.4,250,0.3,0.15,0.002,0.002,16,1.2,21.7800,NaN,-35.7517
0.4,250,0.3,0.15,0.002,0.002,45,0.7,19.8600,NaN,-34.2802
0.4,250,0.3,0.15,0.002,0.002,45,0.9,20.3200,NaN,-34.4299
0.4,250,0.3,0.15,0.002,0.002,45,1.2,21.0000,NaN,-34.6537
0.4,250,0.3,0.15,0.002,0.002,160,0.7,19.5600,NaN,-33.8356
0.4,250,0.3,0.15,0.002,0.002,160,0.9,20.0000,NaN,-33.9863
0.4,250,0.3,0.15,0.002,0.002,160,1.2,20.6800,NaN,-34.2114
0.4,250,0.3,0.15,0.01,0.0001,16,0.7,15.2200,NaN,-56.5578
0.4,250,0.3,0.15,0.01,0.0001,16,0.9,15.6200,NaN,-56.5646
0.4,250,0.3,0.15,0.01,0.0001,16,1.2,16.2200,NaN,-56.5749
0.4,250,0.3,0.15,0.01,0.0001,45,0.7,14.8200,NaN,-55.0380
0.4,250,0.3,0.15,0.01,0.0001,45,0.9,15.2000,NaN,-55.0450
0.4,250,0.3,0.15,0.01,0.0001,45,1.2,15.7800,NaN,-55.0555
0.4,250,0.3,0.15,0.01,0.0001,160,0.7,14.6600,NaN,-54.4174
0.4,250,0.3,0.15,0.01,0.0001,160,0.9,15.0400,NaN,-54.4244
0.4,250,0.3,0.15,0.01,0.0001,160,1.2,15.6200,NaN,-54.4350
0.4,250,0.3,0.15,0.01,0.0003,16,0.7,15.0800,NaN,-57.5912
0.4,250,0.3,0.15,0.01,0.0003,16,0.9,15.4800,NaN,-57.6113
0.4,250,0.3,0.15,0.01,0.0003,16,1.2,16.0600,NaN,-57.6414
0.4,250,0.3,0.15,0.01,0.0003,45,0.7,14.7000,NaN,-56.0709
0.4,250,0.3,0.15,0.01,0.0003,45,0.9,15.0600,NaN,-56.0913
0.4,250,0.3,0.15,0.01,0.0003,45,1.2,15.6400,NaN,-56.1220
0.4,250,0.3,0.15,0.01,0.0003,160,0.7,14.5400,NaN,-55.4498
0.4,250,0.3,0.15,0.01,0.0003,160,0.9,14.9000,NaN,-55.4704
0.4,250,0.3,0.15,0.01,0.0003,160,1.2,15.4800,NaN,-55.5013
0.4,250,0.3,0.15,0.01,0.002,16,0.7,14.0400,NaN,-65.4404
0.4,250,0.3,0.15,0.01,0.002,16,0.9,14.3800,NaN,-65.5499
0.4,250,0.3,0.15,0.01,0.002,16,1.2,14.9000,NaN,-65.7136
0.4,250,0.3,0.15,0.01,0.002,45,0.7,13.7000,NaN,-63.9311
0.4,250,0.3,0.15,0.01,0.002,45,0.9,14.0200,NaN,-64.0430
0.4,250,0.3,0.15,0.01,0.002,45,1.2,14.5400,NaN,-64.2104
0.4,250,0.3,0.15,0.01,0.002,160,0.7,13.5600,NaN,-63.3129
0.4,250,0.3,0.15,0.01,0.002,160,0.9,13.8800,NaN,-63.4259
0.4,250,0.3,0.15,0.01,0.002,160,1.2,14.4000,NaN,-63.5947
0.4,250,1,0.075,0.0005,0.0001,16,0.7,17.8000,20.5400,-4.2001
0.4,250,1,0.075,0.0005,0.0001,16,0.9,18.2200,21.0200,-4.2113
0.4,250,1,0.075,0.0005,0.0001,16,1.2,18.8600,21.7600,-4.2281
0.4,250,1,0.075,0.0005,0.0001,45,0.7,17.1600,19.6800,-4.0527
0.4,250,1,0.075,0.0005,0.0001,45,0.9,17.5600,20.1400,-4.0639
0.4,250,1,0.075,0.0005,0.0001,45,1.2,18.1800,20.8600,-4.0807
0.4,250,1,0.075,0.0005,0.0001,160,0.7,16.9000,19.3400,-3.9941
0.4,250,1,0.075,0.0005,0.0001,160,0.9,17.3000,19.8000,-4.0053
0.4,250,1,0.075,0.0005,0.0001,160,1.2,17.9200,20.5000,-4.0221
0.4,250,1,0.075,0.0005,0.0003,16,0.7,17.6200,21.7400,-5.9098
0.4,250,1,0.075,0.0005,0.0003,16,0.9,18.0200,22.2600,-5.9425
0.4,250,1,0.075,0.0005,0.0003,16,1.2,18.6600,23.0600,-5.9915
0.4,250,1,0.075,0.0005,0.0003,45,0.7,16.9800,20.7800,-5.7141
0.4,250,1,0.075,0.0005,0.0003,45,0.9,17.3800,21.2800,-5.7469
0.4,250,1,0.075,0.0005,0.0003,45,1.2,18.0000,22.0600,-5.7960
0.4,250,1,0.075,0.0005,0.0003,160,0.7,16.7400,20.4000,-5.6364
0.4,250,1,0.075,0.0005,0.0003,160,0.9,17.1200,20.9000,-5.6691
0.4,250,1,0.075,0.0005,0.0003,160,1.2,17.7400,21.6600,-5.7183
0.4,250,1,0.075,0.0005,0.002,16,0.7,16.2000,NaN,-18.8719
0.4,250,1,0.075,0.0005,0.002,16,0.9,16.5800,NaN,-19.0495
0.4,250,1,0.075,0.0005,0.002,16,1.2,17.1400,NaN,-19.3148
0.4,250,1,0.075,0.0005,0.002,45,0.7,15.6800,NaN,-18.3511
0.4,250,1,0.075,0.0005,0.002,45,0.9,16.0200,NaN,-18.5300
0.4,250,1,0.075,0.0005,0.002,45,1.2,16.5800,NaN,-18.7974
0.4,250,1,0.075,0.0005,0.002,160,0.7,15.4600,NaN,-18.1433
0.4,250,1,0.075,0.0005,0.002,160,0.9,15.8000,NaN,-18.3228
0.4,250,1,0.075,0.0005,0.002,160,1.2,16.3400,NaN,-18.5910
0.4,250,1,0.075,0.002,0.0001,16,0.7,16.5400,NaN,-13.1180
0.4,250,1,0.075,0.002,0.0001,16,0.9,16.9200,NaN,-13.1285
0.4,250,1,0.075,0.002,0.0001,16,1.2,17.5200,NaN,-13.1441
0.4,250,1,0.075,0.002,0.0001,45,0.7,15.9800,44.1400,-12.6773
0.4,250,1,0.075,0.002,0.0001,45,0.9,16.3600,45.4800,-12.6878
0.4,250,1,0.075,0.002,0.0001,45,1.2,16.9400,47.5600,-12.7035
0.4,250,1,0.075,0.002,0.0001,160,0.7,15.7600,39.1600,-12.5016
0.4,250,1,0.075,0.002,0.0001,160,0.9,16.1400,40.2000,-12.5121
0.4,250,1,0.075,0.002,0.0001,160,1.2,16.7000,41.8400,-12.5278
0.4,250,1,0.075,0.002,0.0003,16,0.7,16.3800,NaN,-14.6234
0.4,250,1,0.075,0.002,0.0003,16,0.9,16.7600,NaN,-14.6540
0.4,250,1,0.075,0.002,0.0003,16,1.2,17.3600,NaN,-14.6998
0.4,250,1,0.075,0.002,0.0003,45,0.7,15.8200,NaN,-14.1473
0.4,250,1,0.075,0.002,0.0003,45,0.9,16.2000,NaN,-14.1780
0.4,250,1,0.075,0.002,0.0003,45,1.2,16.7800,NaN,-14.2241
0.4,250,1,0.075,0.002,0.0003,160,0.7,15.6200,NaN,-13.9574
0.4,250,1,0.075,0.002,0.0003,160,0.9,15.9800,NaN,-13.9882
0.4,250,1,0.075,0.002,0.0003,160,1.2,16.5400,NaN,-14.0343
0.4,250,1,0.075,0.002,0.002,16,0.7,15.1400,NaN,-26.1087
0.4,250,1,0.075,0.002,0.002,16,0.9,15.5000,NaN,-26.2768
0.4,250,1,0.075,0.002,0.002,16,1.2,16.0200,NaN,-26.5279
0.4,250,1,0.075,0.002,0.002,45,0.7,14.6800,NaN,-25.3944
0.4,250,1,0.075,0.002,0.002,45,0.9,15.0200,NaN,-25.5640
0.4,250,1,0.075,0.002,0.002,45,1.2,15.5400,NaN,-25.8175
0.4,250,1,0.075,0.002,0.002,160,0.7,14.5000,NaN,-25.1085
0.4,250,1,0.075,0.002,0.002,160,0.9,14.8200,NaN,-25.2788
0.4,250,1,0.075,0.002,0.002,160,1.2,15.3400,NaN,-25.5332
0.4,250,1,0.075,0.01,0.0001,16,0.7,12.0000,NaN,-45.0052
0.4,250,1,0.075,0.01,0.0001,16,0.9,12.3000,NaN,-45.0131
0.4,250,1,0.075,0.01,0.0001,16,1.2,12.7600,NaN,-45.0248
0.4,250,1,0.075,0.01,0.0001,45,0.7,11.7000,NaN,-43.8921
0.4,250,1,0.075,0.01,0.0001,45,0.9,12.0000,NaN,-43.9000
0.4,250,1,0.075,0.01,0.0001,45,1.2,12.4600,NaN,-43.9119
0.4,250,1,0.075,0.01,0.0001,160,0.7,11.5800,NaN,-43.4424
0.4,250,1,0.075,0.01,0.0001,160,0.9,11.8800,NaN,-43.4504
0.4,250,1,0.075,0.01,0.0001,160,1.2,12.3200,NaN,-43.4623
0.4,250,1,0.075,0.01,0.0003,16,0.7,11.9200,NaN,-45.8850
0.4,250,1,0.075,0.01,0.0003,16,0.9,12.2000,NaN,-45.9080
0.4,250,1,0.075,0.01,0.0003,16,1.2,12.6600,NaN,-45.9426
0.4,250,1,0.075,0.01,0.0003,45,0.7,11.6200,NaN,-44.7660
0.4,250,1,0.075,0.01,0.0003,45,0.9,11.9200,NaN,-44.7893
0.4,250,1,0.075,0.01,0.0003,45,1.2,12.3600,NaN,-44.8243
0.4,250,1,0.075,0.01,0.0003,160,0.7,11.5000,NaN,-44.3138
0.4,250,1,0.075,0.01,0.0003,160,0.9,11.8000,NaN,-44.3372
0.4,250,1,0.075,0.01,0.0003,160,1.2,12.2400,NaN,-44.3724
0.4,250,1,0.075,0.01,0.002,16,0.7,11.2400,NaN,-52.7531
0.4,250,1,0.075,0.01,0.002,16,0.9,11.5200,NaN,-52.8850
0.4,250,1,0.075,0.01,0.002,16,1.2,11.9400,NaN,-53.0821
0.4,250,1,0.075,0.01,0.002,45,0.7,10.9800,NaN,-51.5982
0.4,250,1,0.075,0.01,0.002,45,0.9,11.2600,NaN,-51.7321
0.4,250,1,0.075,0.01,0.002,45,1.2,11.6600,NaN,-51.9321
0.4,250,1,0.075,0.01,0.002,160,0.7,10.8800,NaN,-51.1307
0.4,250,1,0.075,0.01,0.002,160,0.9,11.1400,NaN,-51.2653
0.4,250,1,0.075,0.01,0.002,160,1.2,11.5600,NaN,-51.4665
0.4,250,1,0.1,0.0005,0.0001,16,0.7,17.8800,20.6400,-4.2324
0.4,250,1,0.1,0.0005,0.0001,16,0.9,18.3000,21.1400,-4.2436
0.4,250,1,0.1,0.0005,0.0001,16,1.2,18.9600,21.9000,-4.2603
0.4,250,1,0.1,0.0005,0.0001,45,0.7,17.2400,19.7800,-4.0850
0.4,250,1,0.1,0.0005,0.0001,45,0.9,17.6400,20.2600,-4.0962
0.4,250,1,0.1,0.0005,0.0001,45,1.2,18.2800,20.9800,-4.1130
0.4,250,1,0.1,0.0005,0.0001,160,0.7,16.9800,19.4400,-4.0265
0.4,250,1,0.1,0.0005,0.0001,160,0.9,17.3800,19.9000,-4.0376
0.4,250,1,0.1,0.0005,0.0001,160,1.2,18.0000,20.6200,-4.0544
0.4,250,1,0.1,0.0005,0.0003,16,0.7,17.6800,21.9000,-6.0042
0.4,250,1,0.1,0.0005,0.0003,16,0.9,18.1000,22.4400,-6.0368
0.4,250,1,0.1,0.0005,0.0003,16,1.2,18.7600,23.2600,-6.0857
0.4,250,1,0.1,0.0005,0.0003,45,0.7,17.0600,20.9400,-5.8087
0.4,250,1,0.1,0.0005,0.0003,45,0.9,17.4600,21.4400,-5.8414
0.4,250,1,0.1,0.0005,0.0003,45,1.2,18.0800,22.2400,-5.8904
0.4,250,1,0.1,0.0005,0.0003,160,0.7,16.8000,20.5600,-5.7310
0.4,250,1,0.1,0.0005,0.0003,160,0.9,17.2000,21.0600,-5.7637
0.4,250,1,0.1,0.0005,0.0003,160,1.2,17.8200,21.8400,-5.8128
0.4,250,1,0.1,0.0005,0.002,16,0.7,16.2800,NaN,-19.3834
0.4,250,1,0.1,0.0005,0.002,16,0.9,16.6400,NaN,-19.5595
0.4,250,1,0.1,0.0005,0.002,16,1.2,17.2200,NaN,-19.8226
0.4,250,1,0.1,0.0005,0.002,45,0.7,15.7400,NaN,-18.8666
0.4,250,1,0.1,0.0005,0.002,45,0.9,16.1000,NaN,-19.0440
0.4,250,1,0.1,0.0005,0.002,45,1.2,16.6400,NaN,-19.3091
0.4,250,1,0.1,0.0005,0.002,160,0.7,15.5200,NaN,-18.6603
0.4,250,1,0.1,0.0005,0.002,160,0.9,15.8800,NaN,-18.8383
0.4,250,1,0.1,0.0005,0.002,160,1.2,16.4200,NaN,-19.1042
0.4,250,1,0.1,0.002,0.0001,16,0.7,16.6000,NaN,-13.1482
0.4,250,1,0.1,0.002,0.0001,16,0.9,17.0000,NaN,-13.1586
0.4,250,1,0.1,0.002,0.0001,16,1.2,17.6200,NaN,-13.1743
0.4,250,1,0.1,0.002,0.0001,45,0.7,16.0400,45.3400,-12.7076
0.4,250,1,0.1,0.002,0.0001,45,0.9,16.4400,46.7600,-12.7180
0.4,250,1,0.1,0.002,0.0001,45,1.2,17.0400,49.0400,-12.7338
0.4,250,1,0.1,0.002,0.0001,160,0.7,15.8200,39.8000,-12.5319
0.4,250,1,0.1,0.002,0.0001,160,0.9,16.2000,40.9000,-12.5424
0.4,250,1,0.1,0.002,0.0001,160,1.2,16.8000,42.6000,-12.5581
0.4,250,1,0.1,0.002,0.0003,16,0.7,16.4400,NaN,-14.7117
0.4,250,1,0.1,0.002,0.0003,16,0.9,16.8400,NaN,-14.7422
0.4,250,1,0.1,0.002,0.0003,16,1.2,17.4400,NaN,-14.7880
0.4,250,1,0.1,0.002,0.0003,45,0.7,15.9000,NaN,-14.2360
0.4,250,1,0.1,0.002,0.0003,45,0.9,16.2800,NaN,-14.2667
0.4,250,1,0.1,0.002,0.0003,45,1.2,16.8600,NaN,-14.3127
0.4,250,1,0.1,0.002,0.0003,160,0.7,15.6800,NaN,-14.0463
0.4,250,1,0.1,0.002,0.0003,160,0.9,16.0600,NaN,-14.0770
0.4,250,1,0.1,0.002,0.0003,160,1.2,16.6400,NaN,-14.1231
0.4,250,1,0.1,0.002,0.002,16,0.7,15.2000,NaN,-26.5929
0.4,250,1,0.1,0.002,0.002,16,0.9,15.5600,NaN,-26.7595
0.4,250,1,0.1,0.002,0.002,16,1.2,16.1000,NaN,-27.0086
0.4,250,1,0.1,0.002,0.002,45,0.7,14.7400,NaN,-25.8831
0.4,250,1,0.1,0.002,0.002,45,0.9,15.0800,NaN,-26.0512
0.4,250,1,0.1,0.002,0.002,45,1.2,15.6000,NaN,-26.3026
0.4,250,1,0.1,0.002,0.002,160,0.7,14.5400,NaN,-25.5990
0.4,250,1,0.1,0.002,0.002,160,0.9,14.8800,NaN,-25.7678
0.4,250,1,0.1,0.002,0.002,160,1.2,15.4000,NaN,-26.0200
0.4,250,1,0.1,0.01,0.0001,16,0.7,12.0600,NaN,-45.0278
0.4,250,1,0.1,0.01,0.0001,16,0.9,12.3600,NaN,-45.0357
0.4,250,1,0.1,0.01,0.0001,16,1.2,12.8400,NaN,-45.0474
0.4,250,1,0.1,0.01,0.0001,45,0.7,11.7600,NaN,-43.9150
0.4,250,1,0.1,0.01,0.0001,45,0.9,12.0600,NaN,-43.9229
0.4,250,1,0.1,0.01,0.0001,45,1.2,12.5400,NaN,-43.9348
0.4,250,1,0.1,0.01,0.0001,160,0.7,11.6400,NaN,-43.4654
0.4,250,1,0.1,0.01,0.0001,160,0.9,11.9400,NaN,-43.4734
0.4,250,1,0.1,0.01,0.0001,160,1.2,12.4000,NaN,-43.4853
0.4,250,1,0.1,0.01,0.0003,16,0.7,11.9800,NaN,-45.9516
0.4,250,1,0.1,0.01,0.0003,16,0.9,12.2800,NaN,-45.9746
0.4,250,1,0.1,0.01,0.0003,16,1.2,12.7400,NaN,-46.0091
0.4,250,1,0.1,0.01,0.0003,45,0.7,11.6800,NaN,-44.8334
0.4,250,1,0.1,0.01,0.0003,45,0.9,11.9800,NaN,-44.8567
0.4,250,1,0.1,0.01,0.0003,45,1.2,12.4400,NaN,-44.8916
0.4,250,1,0.1,0.01,0.0003,160,0.7,11.5600,NaN,-44.3815
0.4,250,1,0.1,0.01,0.0003,160,0.9,11.8600,NaN,-44.4049
0.4,250,1,0.1,0.01,0.0003,160,1.2,12.3200,NaN,-44.4400
0.4,250,1,0.1,0.01,0.002,16,0.7,11.3000,NaN,-53.1331
0.4,250,1,0.1,0.01,0.002,16,0.9,11.5800,NaN,-53.2638
0.4,250,1,0.1,0.01,0.002,16,1.2,12.0000,NaN,-53.4592
0.4,250,1,0.1,0.01,0.002,45,0.7,11.0400,NaN,-51.9838
0.4,250,1,0.1,0.01,0.002,45,0.9,11.3000,NaN,-52.1165
0.4,250,1,0.1,0.01,0.002,45,1.2,11.7200,NaN,-52.3148
0.4,250,1,0.1,0.01,0.002,160,0.7,10.9400,NaN,-51.5186
0.4,250,1,0.1,0.01,0.002,160,0.9,11.2000,NaN,-51.6520
0.4,250,1,0.1,0.01,0.002,160,1.2,11.6200,NaN,-51.8515
0.4,250,1,0.15,0.0005,0.0001,16,0.7,18.0200,20.8600,-4.2969
0.4,250,1,0.15,0.0005,0.0001,16,0.9,18.4600,21.3600,-4.3081
0.4,250,1,0.15,0.0005,0.0001,16,1.2,19.1400,22.1600,-4.3248
0.4,250,1,0.15,0.0005,0.0001,45,0.7,17.3800,19.9800,-4.1496
0.4,250,1,0.15,0.0005,0.0001,45,0.9,17.8000,20.4800,-4.1608
0.4,250,1,0.15,0.0005,0.0001,45,1.2,18.4600,21.2400,-4.1775
0.4,250,1,0.15,0.0005,0.0001,160,0.7,17.1200,19.6400,-4.0911
0.4,250,1,0.15,0.0005,0.0001,160,0.9,17.5400,20.1200,-4.1023
0.4,250,1,0.15,0.0005,0.0001,160,1.2,18.2000,20.8800,-4.1190
0.4,250,1,0.15,0.0005,0.0003,16,0.7,17.8400,22.2400,-6.1925
0.4,250,1,0.15,0.0005,0.0003,16,0.9,18.2600,22.8000,-6.2250
0.4,250,1,0.15,0.0005,0.0003,16,1.2,18.9400,23.6600,-6.2738
0.4,250,1,0.15,0.0005,0.0003,45,0.7,17.2000,21.2600,-5.9974
0.4,250,1,0.15,0.0005,0.0003,45,0.9,17.6200,21.8000,-6.0300
0.4,250,1,0.15,0.0005,0.0003,45,1.2,18.2800,22.6400,-6.0789
0.4,250,1,0.15,0.0005,0.0003,160,0.7,16.9400,20.8800,-5.9199
0.4,250,1,0.15,0.0005,0.0003,160,0.9,17.3600,21.4000,-5.9525
0.4,250,1,0.15,0.0005,0.0003,160,1.2,18.0000,22.2200,-6.0014
0.4,250,1,0.15,0.0005,0.002,16,0.7,16.4000,NaN,-20.3936
0.4,250,1,0.15,0.0005,0.002,16,0.9,16.7800,NaN,-20.5667
0.4,250,1,0.15,0.0005,0.002,16,1.2,17.3600,NaN,-20.8255
0.4,250,1,0.15,0.0005,0.002,45,0.7,15.8600,NaN,-19.8845
0.4,250,1,0.15,0.0005,0.002,45,0.9,16.2200,NaN,-20.0589
0.4,250,1,0.15,0.0005,0.002,45,1.2,16.8000,NaN,-20.3196
0.4,250,1,0.15,0.0005,0.002,160,0.7,15.6400,NaN,-19.6813
0.4,250,1,0.15,0.0005,0.002,160,0.9,16.0000,NaN,-19.8563
0.4,250,1,0.15,0.0005,0.002,160,1.2,16.5800,NaN,-20.1178
0.4,250,1,0.15,0.002,0.0001,16,0.7,16.7400,NaN,-13.2085
0.4,250,1,0.15,0.002,0.0001,16,0.9,17.1600,NaN,-13.2189
0.4,250,1,0.15,0.002,0.0001,16,1.2,17.8000,NaN,-13.2346
0.4,250,1,0.15,0.002,0.0001,45,0.7,16.1800,48.4200,-12.7681
0.4,250,1,0.15,0.002,0.0001,45,0.9,16.6000,50.1600,-12.7785
0.4,250,1,0.15,0.002,0.0001,45,1.2,17.2200,53.0000,-12.7942
0.4,250,1,0.15,0.002,0.0001,160,0.7,15.9600,41.2800,-12.5925
0.4,250,1,0.15,0.002,0.0001,160,0.9,16.3600,42.4600,-12.6030
0.4,250,1,0.15,0.002,0.0001,160,1.2,16.9800,44.3200,-12.6187
0.4,250,1,0.15,0.002,0.0003,16,0.7,16.5800,NaN,-14.8880
0.4,250,1,0.15,0.002,0.0003,16,0.9,17.0000,NaN,-14.9184
0.4,250,1,0.15,0.002,0.0003,16,1.2,17.6200,NaN,-14.9641
0.4,250,1,0.15,0.002,0.0003,45,0.7,16.0400,NaN,-14.4130
0.4,250,1,0.15,0.002,0.0003,45,0.9,16.4400,NaN,-14.4436
0.4,250,1,0.15,0.002,0.0003,45,1.2,17.0400,NaN,-14.4895
0.4,250,1,0.15,0.002,0.0003,160,0.7,15.8200,NaN,-14.2236
0.4,250,1,0.15,0.002,0.0003,160,0.9,16.2000,NaN,-14.2543
0.4,250,1,0.15,0.002,0.0003,160,1.2,16.8200,NaN,-14.3002
0.4,250,1,0.15,0.002,0.002,16,0.7,15.3200,NaN,-27.5490
0.4,250,1,0.15,0.002,0.002,16,0.9,15.7000,NaN,-27.7128
0.4,250,1,0.15,0.002,0.002,16,1.2,16.2600,NaN,-27.9577
0.4,250,1,0.15,0.002,0.002,45,0.7,14.8600,NaN,-26.8479
0.4,250,1,0.15,0.002,0.002,45,0.9,15.2200,NaN,-27.0133
0.4,250,1,0.15,0.002,0.002,45,1.2,15.7600,NaN,-27.2604
0.4,250,1,0.15,0.002,0.002,160,0.7,14.6600,NaN,-26.5674
0.4,250,1,0.15,0.002,0.002,160,0.9,15.0200,NaN,-26.7333
0.4,250,1,0.15,0.002,0.002,160,1.2,15.5600,NaN,-26.9813
0.4,250,1,0.15,0.01,0.0001,16,0.7,12.1800,NaN,-45.0730
0.4,250,1,0.15,0.01,0.0001,16,0.9,12.5000,NaN,-45.0809
0.4,250,1,0.15,0.01,0.0001,16,1.2,13.0200,NaN,-45.0926
0.4,250,1,0.15,0.01,0.0001,45,0.7,11.8800,NaN,-43.9607
0.4,250,1,0.15,0.01,0.0001,45,0.9,12.2000,NaN,-43.9686
0.4,250,1,0.15,0.01,0.0001,45,1.2,12.7000,NaN,-43.9805
0.4,250,1,0.15,0.01,0.0001,160,0.7,11.7600,NaN,-43.5114
0.4,250,1,0.15,0.01,0.0001,160,0.9,12.0800,NaN,-43.5193
0.4,250,1,0.15,0.01,0.0001,160,1.2,12.5800,NaN,-43.5312
0.4,250,1,0.15,0.01,0.0003,16,0.7,12.0800,NaN,-46.0844
0.4,250,1,0.15,0.01,0.0003,16,0.9,12.4200,NaN,-46.1074
0.4,250,1,0.15,0.01,0.0003,16,1.2,12.9200,NaN,-46.1418
0.4,250,1,0.15,0.01,0.0003,45,0.7,11.8000,NaN,-44.9678
0.4,250,1,0.15,0.01,0.0003,45,0.9,12.1200,NaN,-44.9911
0.4,250,1,0.15,0.01,0.0003,45,1.2,12.6000,NaN,-45.0259
0.4,250,1,0.15,0.01,0.0003,160,0.7,11.6800,NaN,-44.5166
0.4,250,1,0.15,0.01,0.0003,160,0.9,12.0000,NaN,-44.5400
0.4,250,1,0.15,0.01,0.0003,160,1.2,12.4800,NaN,-44.5749
0.4,250,1,0.15,0.01,0.002,16,0.7,11.4000,NaN,-53.8832
0.4,250,1,0.15,0.01,0.002,16,0.9,11.7000,NaN,-54.0117
0.4,250,1,0.15,0.01,0.002,16,1.2,12.1400,NaN,-54.2037
0.4,250,1,0.15,0.01,0.002,45,0.7,11.1400,NaN,-52.7450
0.4,250,1,0.15,0.01,0.002,45,0.9,11.4200,NaN,-52.8755
0.4,250,1,0.15,0.01,0.002,45,1.2,11.8600,NaN,-53.0704
0.4,250,1,0.15,0.01,0.002,160,0.7,11.0400,NaN,-52.2843
0.4,250,1,0.15,0.01,0.002,160,0.9,11.3200,NaN,-52.4155
0.4,250,1,0.15,0.01,0.002,160,1.2,11.7600,NaN,-52.6115
0.4,1000,0.3,0.075,0.0005,0.0001,16,0.7,8.1600,8.6800,-1.9932
0.4,1000,0.3,0.075,0.0005,0.0001,16,0.9,8.3800,8.9200,-2.0046
0.4,1000,0.3,0.075,0.0005,0.0001,16,1.2,8.7200,9.2800,-2.0216
0.4,1000,0.3,0.075,0.0005,0.0001,45,0.7,6.9400,7.3200,-1.7142
0.4,1000,0.3,0.075,0.0005,0.0001,45,0.9,7.1400,7.5200,-1.7256
0.4,1000,0.3,0.075,0.0005,0.0001,45,1.2,7.4400,7.8400,-1.7427
0.4,1000,0.3,0.075,0.0005,0.0001,160,0.7,6.4600,6.7800,-1.6032
0.4,1000,0.3,0.075,0.0005,0.0001,160,0.9,6.6400,6.9800,-1.6146
0.4,1000,0.3,0.075,0.0005,0.0001,160,1.2,6.9400,7.2800,-1.6317
0.4,1000,0.3,0.075,0.0005,0.0003,16,0.7,8.1200,8.9000,-2.9657
0.4,1000,0.3,0.075,0.0005,0.0003,16,0.9,8.3400,9.1600,-2.9994
0.4,1000,0.3,0.075,0.0005,0.0003,16,1.2,8.6800,9.5400,-3.0498
0.4,1000,0.3,0.075,0.0005,0.0003,45,0.7,6.9000,7.4800,-2.5911
0.4,1000,0.3,0.075,0.0005,0.0003,45,0.9,7.1000,7.7000,-2.6249
0.4,1000,0.3,0.075,0.0005,0.0003,45,1.2,7.4200,8.0400,-2.6756
0.4,1000,0.3,0.075,0.0005,0.0003,160,0.7,6.4200,6.9200,-2.4420
0.4,1000,0.3,0.075,0.0005,0.0003,160,0.9,6.6200,7.1400,-2.4759
0.4,1000,0.3,0.075,0.0005,0.0003,160,1.2,6.9000,7.4600,-2.5266
0.4,1000,0.3,0.075,0.0005,0.002,16,0.7,7.8000,12.4800,-10.7099
0.4,1000,0.3,0.075,0.0005,0.002,16,0.9,8.0000,13.0000,-10.9095
0.4,1000,0.3,0.075,0.0005,0.002,16,1.2,8.3200,13.8400,-11.2078
0.4,1000,0.3,0.075,0.0005,0.002,45,0.7,6.6800,9.8400,-9.6193
0.4,1000,0.3,0.075,0.0005,0.002,45,0.9,6.8600,10.2200,-9.8219
0.4,1000,0.3,0.075,0.0005,0.002,45,1.2,7.1400,10.8600,-10.1247
0.4,1000,0.3,0.075,0.0005,0.002,160,0.7,6.2200,8.9200,-9.1815
0.4,1000,0.3,0.075,0.0005,0.002,160,0.9,6.4000,9.2600,-9.3854
0.4,1000,0.3,0.075,0.0005,0.002,160,1.2,6.6800,9.8200,-9.6900
0.4,1000,0.3,0.075,0.002,0.0001,16,0.7,7.8800,9.9600,-6.2682
0.4,1000,0.3,0.075,0.002,0.0001,16,0.9,8.1000,10.2200,-6.2792
0.4,1000,0.3,0.075,0.002,0.0001,16,1.2,8.4400,10.6400,-6.2958
0.4,1000,0.3,0.075,0.002,0.0001,45,0.7,6.7400,8.1600,-5.3620
0.4,1000,0.3,0.075,0.002,0.0001,45,0.9,6.9400,8.4000,-5.3731
0.4,1000,0.3,0.075,0.002,0.0001,45,1.2,7.2400,8.7600,-5.3898
0.4,1000,0.3,0.075,0.002,0.0001,160,0.7,6.2800,7.4800,-4.9989
0.4,1000,0.3,0.075,0.002,0.0001,160,0.9,6.4600,7.7000,-5.0100
0.4,1000,0.3,0.075,0.002,0.0001,160,1.2,6.7600,8.0400,-5.0267
0.4,1000,0.3,0.075,0.002,0.0003,16,0.7,7.8400,10.3400,-7.1897
0.4,1000,0.3,0.075,0.002,0.0003,16,0.9,8.0600,10.6400,-7.2223
0.4,1000,0.3,0.075,0.002,0.0003,16,1.2,8.4000,11.0800,-7.2713
0.4,1000,0.3,0.075,0.002,0.0003,45,0.7,6.7200,8.4200,-6.2006
0.4,1000,0.3,0.075,0.002,0.0003,45,0.9,6.9000,8.6600,-6.2335
0.4,1000,0.3,0.075,0.002,0.0003,45,1.2,7.2000,9.0400,-6.2829
0.4,1000,0.3,0.075,0.002,0.0003,160,0.7,6.2600,7.7000,-5.8040
0.4,1000,0.3,0.075,0.002,0.0003,160,0.9,6.4400,7.9400,-5.8370
0.4,1000,0.3,0.075,0.002,0.0003,160,1.2,6.7400,8.2800,-5.8865
0.4,1000,0.3,0.075,0.002,0.002,16,0.7,7.5400,NaN,-14.5380
0.4,1000,0.3,0.075,0.002,0.002,16,0.9,7.7400,NaN,-14.7320
0.4,1000,0.3,0.075,0.002,0.002,16,1.2,8.0600,NaN,-15.0218
0.4,1000,0.3,0.075,0.002,0.002,45,0.7,6.5000,14.7600,-12.9285
0.4,1000,0.3,0.075,0.002,0.002,45,0.9,6.6800,16.1400,-13.1262
0.4,1000,0.3,0.075,0.002,0.002,45,1.2,6.9600,19.9800,-13.4216
0.4,1000,0.3,0.075,0.002,0.002,160,0.7,6.0600,11.9000,-12.2782
0.4,1000,0.3,0.075,0.002,0.002,160,0.9,6.2400,12.6400,-12.4774
0.4,1000,0.3,0.075,0.002,0.002,160,1.2,6.5000,13.9600,-12.7751
0.4,1000,0.3,0.075,0.01,0.0001,16,0.7,6.7000,NaN,-24.9203
0.4,1000,0.3,0.075,0.01,0.0001,16,0.9,6.9000,NaN,-24.9298
0.4,1000,0.3,0.075,0.01,0.0001,16,1.2,7.2000,NaN,-24.9440
0.4,1000,0.3,0.075,0.01,0.0001,45,0.7,5.8600,NaN,-21.7333
0.4,1000,0.3,0.075,0.01,0.0001,45,0.9,6.0400,NaN,-21.7430
0.4,1000,0.3,0.075,0.01,0.0001,45,1.2,6.3200,NaN,-21.7577
0.4,1000,0.3,0.075,0.01,0.0001,160,0.7,5.5200,NaN,-20.4143
0.4,1000,0.3,0.075,0.01,0.0001,160,0.9,5.6800,NaN,-20.4242
0.4,1000,0.3,0.075,0.01,0.0001,160,1.2,5.9600,NaN,-20.4390
0.4,1000,0.3,0.075,0.01,0.0003,16,0.7,6.6800,NaN,-25.6347
0.4,1000,0.3,0.075,0.01,0.0003,16,0.9,6.8600,NaN,-25.6629
0.4,1000,0.3,0.075,0.01,0.0003,16,1.2,7.1800,NaN,-25.7050
0.4,1000,0.3,0.075,0.01,0.0003,45,0.7,5.8400,NaN,-22.4100
0.4,1000,0.3,0.075,0.01,0.0003,45,0.9,6.0200,NaN,-22.4390
0.4,1000,0.3,0.075,0.01,0.0003,45,1.2,6.3000,NaN,-22.4824
0.4,1000,0.3,0.075,0.01,0.0003,160,0.7,5.5000,NaN,-21.0745
0.4,1000,0.3,0.075,0.01,0.0003,160,0.9,5.6600,NaN,-21.1038
0.4,1000,0.3,0.075,0.01,0.0003,160,1.2,5.9400,NaN,-21.1477
0.4,1000,0.3,0.075,0.01,0.002,16,0.7,6.4600,NaN,-31.3674
0.4,1000,0.3,0.075,0.01,0.002,16,0.9,6.6400,NaN,-31.5364
0.4,1000,0.3,0.075,0.01,0.002,16,1.2,6.9200,NaN,-31.7890
0.4,1000,0.3,0.075,0.01,0.002,45,0.7,5.6800,NaN,-27.8642
0.4,1000,0.3,0.075,0.01,0.002,45,0.9,5.8400,NaN,-28.0395
0.4,1000,0.3,0.075,0.01,0.002,45,1.2,6.1000,NaN,-28.3015
0.4,1000,0.3,0.075,0.01,0.002,160,0.7,5.3400,NaN,-26.4053
0.4,1000,0.3,0.075,0.01,0.002,160,0.9,5.5000,NaN,-26.5832
0.4,1000,0.3,0.075,0.01,0.002,160,1.2,5.7600,NaN,-26.8491
0.4,1000,0.3,0.1,0.0005,0.0001,16,0.7,8.2000,8.7400,-2.0261
0.4,1000,0.3,0.1,0.0005,0.0001,16,0.9,8.4400,8.9800,-2.0374
0.4,1000,0.3,0.1,0.0005,0.0001,16,1.2,8.8000,9.3800,-2.0545
0.4,1000,0.3,0.1,0.0005,0.0001,45,0.7,6.9800,7.3600,-1.7471
0.4,1000,0.3,0.1,0.0005,0.0001,45,0.9,7.2000,7.5800,-1.7585
0.4,1000,0.3,0.1,0.0005,0.0001,45,1.2,7.5200,7.9400,-1.7757
0.4,1000,0.3,0.1,0.0005,0.0001,160,0.7,6.5000,6.8400,-1.6362
0.4,1000,0.3,0.1,0.0005,0.0001,160,0.9,6.7000,7.0400,-1.6476
0.4,1000,0.3,0.1,0.0005,0.0001,160,1.2,7.0000,7.3600,-1.6647
0.4,1000,0.3,0.1,0.0005,0.0003,16,0.7,8.1600,8.9800,-3.0629
0.4,1000,0.3,0.1,0.0005,0.0003,16,0.9,8.4000,9.2400,-3.0966
0.4,1000,0.3,0.1,0.0005,0.0003,16,1.2,8.7600,9.6600,-3.1470
0.4,1000,0.3,0.1,0.0005,0.0003,45,0.7,6.9600,7.5600,-2.6888
0.4,1000,0.3,0.1,0.0005,0.0003,45,0.9,7.1600,7.7800,-2.7225
0.4,1000,0.3,0.1,0.0005,0.0003,45,1.2,7.4800,8.1400,-2.7731
0.4,1000,0.3,0.1,0.0005,0.0003,160,0.7,6.4800,7.0000,-2.5398
0.4,1000,0.3,0.1,0.0005,0.0003,160,0.9,6.6600,7.2200,-2.5736
0.4,1000,0.3,0.1,0.0005,0.0003,160,1.2,6.9800,7.5600,-2.6243
0.4,1000,0.3,0.1,0.0005,0.002,16,0.7,7.8400,13.2000,-11.2849
0.4,1000,0.3,0.1,0.0005,0.002,16,0.9,8.0600,13.7800,-11.4827
0.4,1000,0.3,0.1,0.0005,0.002,16,1.2,8.3800,14.7600,-11.7783
0.4,1000,0.3,0.1,0.0005,0.002,45,0.7,6.7200,10.3000,-10.2030
0.4,1000,0.3,0.1,0.0005,0.002,45,0.9,6.9000,10.7200,-10.4038
0.4,1000,0.3,0.1,0.0005,0.002,45,1.2,7.2000,11.4200,-10.7039
0.4,1000,0.3,0.1,0.0005,0.002,160,0.7,6.2600,9.3000,-9.7688
0.4,1000,0.3,0.1,0.0005,0.002,160,0.9,6.4400,9.6800,-9.9708
0.4,1000,0.3,0.1,0.0005,0.002,160,1.2,6.7400,10.3000,-10.2727
0.4,1000,0.3,0.1,0.002,0.0001,16,0.7,7.9400,10.0400,-6.3001
0.4,1000,0.3,0.1,0.002,0.0001,16,0.9,8.1600,10.3000,-6.3111
0.4,1000,0.3,0.1,0.002,0.0001,16,1.2,8.5200,10.7400,-6.3276
0.4,1000,0.3,0.1,0.002,0.0001,45,0.7,6.7800,8.2200,-5.3941
0.4,1000,0.3,0.1,0.002,0.0001,45,0.9,7.0000,8.4600,-5.4052
0.4,1000,0.3,0.1,0.002,0.0001,45,1.2,7.3200,8.8400,-5.4218
0.4,1000,0.3,0.1,0.002,0.0001,160,0.7,6.3400,7.5400,-5.0311
0.4,1000,0.3,0.1,0.002,0.0001,160,0.9,6.5200,7.7800,-5.0422
0.4,1000,0.3,0.1,0.002,0.0001,160,1.2,6.8400,8.1400,-5.0589
0.4,1000,0.3,0.1,0.002,0.0003,16,0.7,7.9000,10.4600,-7.2840
0.4,1000,0.3,0.1,0.002,0.0003,16,0.9,8.1200,10.7600,-7.3166
0.4,1000,0.3,0.1,0.002,0.0003,16,1.2,8.4800,11.2200,-7.3654
0.4,1000,0.3,0.1,0.002,0.0003,45,0.7,6.7600,8.5000,-6.2957
0.4,1000,0.3,0.1,0.002,0.0003,45,0.9,6.9600,8.7600,-6.3286
0.4,1000,0.3,0.1,0.002,0.0003,45,1.2,7.2800,9.1600,-6.3778
0.4,1000,0.3,0.1,0.002,0.0003,160,0.7,6.3000,7.7800,-5.8994
0.4,1000,0.3,0.1,0.002,0.0003,160,0.9,6.5000,8.0200,-5.9323
0.4,1000,0.3,0.1,0.002,0.0003,160,1.2,6.8000,8.4000,-5.9818
0.4,1000,0.3,0.1,0.002,0.002,16,0.7,7.6000,NaN,-15.0968
0.4,1000,0.3,0.1,0.002,0.002,16,0.9,7.8000,NaN,-15.2890
0.4,1000,0.3,0.1,0.002,0.002,16,1.2,8.1200,NaN,-15.5763
0.4,1000,0.3,0.1,0.002,0.002,45,0.7,6.5400,20.9800,-13.4980
0.4,1000,0.3,0.1,0.002,0.002,45,0.9,6.7200,NaN,-13.6939
0.4,1000,0.3,0.1,0.002,0.002,45,1.2,7.0200,NaN,-13.9867
0.4,1000,0.3,0.1,0.002,0.002,160,0.7,6.1000,13.4200,-12.8520
0.4,1000,0.3,0.1,0.002,0.002,160,0.9,6.2800,14.5800,-13.0495
0.4,1000,0.3,0.1,0.002,0.002,160,1.2,6.5600,17.2400,-13.3445
0.4,1000,0.3,0.1,0.01,0.0001,16,0.7,6.7600,NaN,-24.9477
0.4,1000,0.3,0.1,0.01,0.0001,16,0.9,6.9600,NaN,-24.9572
0.4,1000,0.3,0.1,0.01,0.0001,16,1.2,7.2800,NaN,-24.9714
0.4,1000,0.3,0.1,0.01,0.0001,45,0.7,5.9200,NaN,-21.7615
0.4,1000,0.3,0.1,0.01,0.0001,45,0.9,6.1000,NaN,-21.7712
0.4,1000,0.3,0.1,0.01,0.0001,45,1.2,6.4000,NaN,-21.7859
0.4,1000,0.3,0.1,0.01,0.0001,160,0.7,5.5600,NaN,-20.4428
0.4,1000,0.3,0.1,0.01,0.0001,160,0.9,5.7400,NaN,-20.4527
0.4,1000,0.3,0.1,0.01,0.0001,160,1.2,6.0400,NaN,-20.4675
0.4,1000,0.3,0.1,0.01,0.0003,16,0.7,6.7200,NaN,-25.7160
0.4,1000,0.3,0.1,0.01,0.0003,16,0.9,6.9200,NaN,-25.7441
0.4,1000,0.3,0.1,0.01,0.0003,16,1.2,7.2400,NaN,-25.7862
0.4,1000,0.3,0.1,0.01,0.0003,45,0.7,5.9000,NaN,-22.4936
0.4,1000,0.3,0.1,0.01,0.0003,45,0.9,6.0800,NaN,-22.5225
0.4,1000,0.3,0.1,0.01,0.0003,45,1.2,6.3600,NaN,-22.5659
0.4,1000,0.3,0.1,0.01,0.0003,160,0.7,5.5400,NaN,-21.1591
0.4,1000,0.3,0.1,0.01,0.0003,160,0.9,5.7200,NaN,-21.1884
0.4,1000,0.3,0.1,0.01,0.0003,160,1.2,6.0000,NaN,-21.2322
0.4,1000,0.3,0.1,0.01,0.002,16,0.7,6.5000,NaN,-31.8543
0.4,1000,0.3,0.1,0.01,0.002,16,0.9,6.6800,NaN,-32.0219
0.4,1000,0.3,0.1,0.01,0.002,16,1.2,6.9800,NaN,-32.2722
0.4,1000,0.3,0.1,0.01,0.002,45,0.7,5.7200,NaN,-28.3692
0.4,1000,0.3,0.1,0.01,0.002,45,0.9,5.8800,NaN,-28.5429
0.4,1000,0.3,0.1,0.01,0.002,45,1.2,6.1600,NaN,-28.8026
0.4,1000,0.3,0.1,0.01,0.002,160,0.7,5.3800,NaN,-26.9178
0.4,1000,0.3,0.1,0.01,0.002,160,0.9,5.5600,NaN,-27.0942
0.4,1000,0.3,0.1,0.01,0.002,160,1.2,5.8200,NaN,-27.3577
0.4,1000,0.3,0.15,0.0005,0.0001,16,0.7,8.3200,8.8600,-2.0918
0.4,1000,0.3,0.15,0.0005,0.0001,16,0.9,8.5600,9.1400,-2.1032
0.4,1000,0.3,0.15,0.0005,0.0001,16,1.2,8.9600,9.5600,-2.1202
0.4,1000,0.3,0.15,0.0005,0.0001,45,0.7,7.0800,7.4800,-1.8130
0.4,1000,0.3,0.15,0.0005,0.0001,45,0.9,7.3200,7.7200,-1.8244
0.4,1000,0.3,0.15,0.0005,0.0001,45,1.2,7.6800,8.1000,-1.8415
0.4,1000,0.3,0.15,0.0005,0.0001,160,0.7,6.6000,6.9400,-1.7021
0.4,1000,0.3,0.15,0.0005,0.0001,160,0.9,6.8200,7.1800,-1.7136
0.4,1000,0.3,0.15,0.0005,0.0001,160,1.2,7.1600,7.5400,-1.7307
0.4,1000,0.3,0.15,0.0005,0.0003,16,0.7,8.2600,9.1600,-3.2570
0.4,1000,0.3,0.15,0.0005,0.0003,16,0.9,8.5200,9.4400,-3.2905
0.4,1000,0.3,0.15,0.0005,0.0003,16,1.2,8.9000,9.8800,-3.3408
0.4,1000,0.3,0.15,0.0005,0.0003,45,0.7,7.0600,7.7000,-2.8836
0.4,1000,0.3,0.15,0.0005,0.0003,45,0.9,7.2800,7.9600,-2.9172
0.4,1000,0.3,0.15,0.0005,0.0003,45,1.2,7.6400,8.3400,-2.9677
0.4,1000,0.3,0.15,0.0005,0.0003,160,0.7,6.5600,7.1400,-2.7349
0.4,1000,0.3,0.15,0.0005,0.0003,160,0.9,6.7800,7.3800,-2.7686
0.4,1000,0.3,0.15,0.0005,0.0003,160,1.2,7.1200,7.7600,-2.8191
0.4,1000,0.3,0.15,0.0005,0.002,16,0.7,7.9400,15.2200,-12.4196
0.4,1000,0.3,0.15,0.0005,0.002,16,0.9,8.1600,16.0800,-12.6140
0.4,1000,0.3,0.15,0.0005,0.002,16,1.2,8.5200,17.6200,-12.9044
0.4,1000,0.3,0.15,0.0005,0.002,45,0.7,6.8000,11.4400,-11.3548
0.4,1000,0.3,0.15,0.0005,0.002,45,0.9,7.0000,12.0000,-11.5521
0.4,1000,0.3,0.15,0.0005,0.002,45,1.2,7.3400,12.8800,-11.8469
0.4,1000,0.3,0.15,0.0005,0.002,160,0.7,6.3600,10.2600,-10.9276
0.4,1000,0.3,0.15,0.0005,0.002,160,0.9,6.5400,10.7400,-11.1260
0.4,1000,0.3,0.15,0.0005,0.002,160,1.2,6.8600,11.5000,-11.4226
0.4,1000,0.3,0.15,0.002,0.0001,16,0.7,8.0400,10.1800,-6.3638
0.4,1000,0.3,0.15,0.002,0.0001,16,0.9,8.2800,10.4800,-6.3748
0.4,1000,0.3,0.15,0.002,0.0001,16,1.2,8.6800,10.9600,-6.3913
0.4,1000,0.3,0.15,0.002,0.0001,45,0.7,6.8800,8.3600,-5.4582
0.4,1000,0.3,0.15,0.002,0.0001,45,0.9,7.1200,8.6200,-5.4693
0.4,1000,0.3,0.15,0.002,0.0001,45,1.2,7.4600,9.0400,-5.4860
0.4,1000,0.3,0.15,0.002,0.0001,160,0.7,6.4200,7.6800,-5.0954
0.4,1000,0.3,0.15,0.002,0.0001,160,0.9,6.6400,7.9200,-5.1066
0.4,1000,0.3,0.15,0.002,0.0001,160,1.2,6.9800,8.3200,-5.1232
0.4,1000,0.3,0.15,0.002,0.0003,16,0.7,8.0000,10.6600,-7.4721
0.4,1000,0.3,0.15,0.002,0.0003,16,0.9,8.2400,11.0000,-7.5046
0.4,1000,0.3,0.15,0.002,0.0003,16,1.2,8.6200,11.5000,-7.5533
0.4,1000,0.3,0.15,0.002,0.0003,45,0.7,6.8600,8.6800,-6.4854
0.4,1000,0.3,0.15,0.002,0.0003,45,0.9,7.0800,8.9600,-6.5182
0.4,1000,0.3,0.15,0.002,0.0003,45,1.2,7.4400,9.4000,-6.5674
0.4,1000,0.3,0.15,0.002,0.0003,160,0.7,6.4000,7.9600,-6.0897
0.4,1000,0.3,0.15,0.002,0.0003,160,0.9,6.6200,8.2200,-6.1226
0.4,1000,0.3,0.15,0.002,0.0003,160,1.2,6.9600,8.6400,-6.1719
0.4,1000,0.3,0.15,0.002,0.002,16,0.7,7.6800,NaN,-16.1995
0.4,1000,0.3,0.15,0.002,0.002,16,0.9,7.9000,NaN,-16.3884
0.4,1000,0.3,0.15,0.002,0.002,16,1.2,8.2600,NaN,-16.6706
0.4,1000,0.3,0.15,0.002,0.002,45,0.7,6.6200,NaN,-14.6218
0.4,1000,0.3,0.15,0.002,0.002,45,0.9,6.8200,NaN,-14.8143
0.4,1000,0.3,0.15,0.002,0.002,45,1.2,7.1400,NaN,-15.1019
0.4,1000,0.3,0.15,0.002,0.002,160,0.7,6.2000,NaN,-13.9845
0.4,1000,0.3,0.15,0.002,0.002,160,0.9,6.3800,NaN,-14.1784
0.4,1000,0.3,0.15,0.002,0.002,160,1.2,6.7000,NaN,-14.4682
0.4,1000,0.3,0.15,0.01,0.0001,16,0.7,6.8600,NaN,-25.0025
0.4,1000,0.3,0.15,0.01,0.0001,16,0.9,7.0800,NaN,-25.0120
0.4,1000,0.3,0.15,0.01,0.0001,16,1.2,7.4200,NaN,-25.0262
0.4,1000,0.3,0.15,0.01,0.0001,45,0.7,6.0000,NaN,-21.8178
0.4,1000,0.3,0.15,0.01,0.0001,45,0.9,6.2200,NaN,-21.8276
0.4,1000,0.3,0.15,0.01,0.0001,45,1.2,6.5400,NaN,-21.8422
0.4,1000,0.3,0.15,0.01,0.0001,160,0.7,5.6600,NaN,-20.4998
0.4,1000,0.3,0.15,0.01,0.0001,160,0.9,5.8600,NaN,-20.5097
0.4,1000,0.3,0.15,0.01,0.0001,160,1.2,6.1800,NaN,-20.5245
0.4,1000,0.3,0.15,0.01,0.0003,16,0.7,6.8200,NaN,-25.8782
0.4,1000,0.3,0.15,0.01,0.0003,16,0.9,7.0400,NaN,-25.9062
0.4,1000,0.3,0.15,0.01,0.0003,16,1.2,7.4000,NaN,-25.9482
0.4,1000,0.3,0.15,0.01,0.0003,45,0.7,5.9800,NaN,-22.6605
0.4,1000,0.3,0.15,0.01,0.0003,45,0.9,6.2000,NaN,-22.6893
0.4,1000,0.3,0.15,0.01,0.0003,45,1.2,6.5200,NaN,-22.7326
0.4,1000,0.3,0.15,0.01,0.0003,160,0.7,5.6400,NaN,-21.3279
0.4,1000,0.3,0.15,0.01,0.0003,160,0.9,5.8400,NaN,-21.3571
0.4,1000,0.3,0.15,0.01,0.0003,160,1.2,6.1600,NaN,-21.4008
0.4,1000,0.3,0.15,0.01,0.002,16,0.7,6.5800,NaN,-32.8153
0.4,1000,0.3,0.15,0.01,0.002,16,0.9,6.8000,NaN,-32.9799
0.4,1000,0.3,0.15,0.01,0.002,16,1.2,7.1200,NaN,-33.2258
0.4,1000,0.3,0.15,0.01,0.002,45,0.7,5.8000,NaN,-29.3657
0.4,1000,0.3,0.15,0.01,0.002,45,0.9,5.9800,NaN,-29.5364
0.4,1000,0.3,0.15,0.01,0.002,45,1.2,6.3000,NaN,-29.7914
0.4,1000,0.3,0.15,0.01,0.002,160,0.7,5.4800,NaN,-27.9292
0.4,1000,0.3,0.15,0.01,0.002,160,0.9,5.6600,NaN,-28.1024
0.4,1000,0.3,0.15,0.01,0.002,160,1.2,5.9400,NaN,-28.3612
0.4,1000,1,0.075,0.0005,0.0001,16,0.7,5.4800,5.7200,-1.3808
0.4,1000,1,0.075,0.0005,0.0001,16,0.9,5.6400,5.8800,-1.3923
0.4,1000,1,0.075,0.0005,0.0001,16,1.2,5.9200,6.1600,-1.4095
0.4,1000,1,0.075,0.0005,0.0001,45,0.7,4.8000,4.9800,-1.2267
0.4,1000,1,0.075,0.0005,0.0001,45,0.9,4.9600,5.1400,-1.2382
0.4,1000,1,0.075,0.0005,0.0001,45,1.2,5.2200,5.4000,-1.2554
0.4,1000,1,0.075,0.0005,0.0001,160,0.7,4.5400,4.7000,-1.1655
0.4,1000,1,0.075,0.0005,0.0001,160,0.9,4.6800,4.8600,-1.1770
0.4,1000,1,0.075,0.0005,0.0001,160,1.2,4.9400,5.1000,-1.1942
0.4,1000,1,0.075,0.0005,0.0003,16,0.7,5.4600,5.8200,-2.1430
0.4,1000,1,0.075,0.0005,0.0003,16,0.9,5.6200,6.0000,-2.1769
0.4,1000,1,0.075,0.0005,0.0003,16,1.2,5.9000,6.3000,-2.2278
0.4,1000,1,0.075,0.0005,0.0003,45,0.7,4.8000,5.0800,-1.9355
0.4,1000,1,0.075,0.0005,0.0003,45,0.9,4.9400,5.2400,-1.9695
0.4,1000,1,0.075,0.0005,0.0003,45,1.2,5.2000,5.5200,-2.0205
0.4,1000,1,0.075,0.0005,0.0003,160,0.7,4.5200,4.7800,-1.8530
0.4,1000,1,0.075,0.0005,0.0003,160,0.9,4.6800,4.9400,-1.8871
0.4,1000,1,0.075,0.0005,0.0003,160,1.2,4.9200,5.2000,-1.9381
0.4,1000,1,0.075,0.0005,0.002,16,0.7,5.3200,7.2200,-8.2978
0.4,1000,1,0.075,0.0005,0.002,16,0.9,5.4600,7.5000,-8.5042
0.4,1000,1,0.075,0.0005,0.002,16,1.2,5.7200,7.9600,-8.8125
0.4,1000,1,0.075,0.0005,0.002,45,0.7,4.6800,6.1600,-7.6798
0.4,1000,1,0.075,0.0005,0.002,45,0.9,4.8200,6.4000,-7.8879
0.4,1000,1,0.075,0.0005,0.002,45,1.2,5.0600,6.8000,-8.1989
0.4,1000,1,0.075,0.0005,0.002,160,0.7,4.4200,5.7400,-7.4331
0.4,1000,1,0.075,0.0005,0.002,160,0.9,4.5600,5.9800,-7.6419
0.4,1000,1,0.075,0.0005,0.002,160,1.2,4.7800,6.3600,-7.9539
0.4,1000,1,0.075,0.002,0.0001,16,0.7,5.3600,6.2000,-4.2669
0.4,1000,1,0.075,0.002,0.0001,16,0.9,5.5200,6.3800,-4.2781
0.4,1000,1,0.075,0.002,0.0001,16,1.2,5.8000,6.6800,-4.2949
0.4,1000,1,0.075,0.002,0.0001,45,0.7,4.7200,5.3400,-3.7558
0.4,1000,1,0.075,0.002,0.0001,45,0.9,4.8600,5.5000,-3.7671
0.4,1000,1,0.075,0.002,0.0001,45,1.2,5.1200,5.7800,-3.7839
0.4,1000,1,0.075,0.002,0.0001,160,0.7,4.4600,5.0000,-3.5520
0.4,1000,1,0.075,0.002,0.0001,160,0.9,4.6000,5.1800,-3.5633
0.4,1000,1,0.075,0.002,0.0001,160,1.2,4.8400,5.4400,-3.5802
0.4,1000,1,0.075,0.002,0.0003,16,0.7,5.3400,6.3400,-5.0036
0.4,1000,1,0.075,0.002,0.0003,16,0.9,5.5000,6.5400,-5.0369
0.4,1000,1,0.075,0.002,0.0003,16,1.2,5.7600,6.8600,-5.0868
0.4,1000,1,0.075,0.002,0.0003,45,0.7,4.7000,5.4600,-4.4444
0.4,1000,1,0.075,0.002,0.0003,45,0.9,4.8600,5.6400,-4.4778
0.4,1000,1,0.075,0.002,0.0003,45,1.2,5.1000,5.9200,-4.5279
0.4,1000,1,0.075,0.002,0.0003,160,0.7,4.4400,5.1200,-4.2212
0.4,1000,1,0.075,0.002,0.0003,160,0.9,4.6000,5.2800,-4.2547
0.4,1000,1,0.075,0.002,0.0003,160,1.2,4.8200,5.5600,-4.3049
0.4,1000,1,0.075,0.002,0.002,16,0.7,5.2000,8.6400,-10.9575
0.4,1000,1,0.075,0.002,0.002,16,0.9,5.3600,9.0400,-11.1598
0.4,1000,1,0.075,0.002,0.002,16,1.2,5.6000,9.7000,-11.4621
0.4,1000,1,0.075,0.002,0.002,45,0.7,4.5800,7.0200,-10.0277
0.4,1000,1,0.075,0.002,0.002,45,0.9,4.7400,7.3400,-10.2323
0.4,1000,1,0.075,0.002,0.002,45,1.2,4.9600,7.8400,-10.5378
0.4,1000,1,0.075,0.002,0.002,160,0.7,4.3400,6.4800,-9.6552
0.4,1000,1,0.075,0.002,0.002,160,0.9,4.4800,6.7600,-9.8606
0.4,1000,1,0.075,0.002,0.002,160,1.2,4.7000,7.2200,-10.1675
0.4,1000,1,0.075,0.01,0.0001,16,0.7,4.8000,NaN,-17.6781
0.4,1000,1,0.075,0.01,0.0001,16,0.9,4.9600,NaN,-17.6882
0.4,1000,1,0.075,0.01,0.0001,16,1.2,5.2000,NaN,-17.7033
0.4,1000,1,0.075,0.01,0.0001,45,0.7,4.2800,NaN,-15.7042
0.4,1000,1,0.075,0.01,0.0001,45,0.9,4.4200,NaN,-15.7144
0.4,1000,1,0.075,0.01,0.0001,45,1.2,4.6600,NaN,-15.7298
0.4,1000,1,0.075,0.01,0.0001,160,0.7,4.0600,NaN,-14.9017
0.4,1000,1,0.075,0.01,0.0001,160,0.9,4.2000,NaN,-14.9121
0.4,1000,1,0.075,0.01,0.0001,160,1.2,4.4400,NaN,-14.9276
0.4,1000,1,0.075,0.01,0.0003,16,0.7,4.7800,NaN,-18.3023
0.4,1000,1,0.075,0.01,0.0003,16,0.9,4.9400,NaN,-18.3323
0.4,1000,1,0.075,0.01,0.0003,16,1.2,5.1800,NaN,-18.3773
0.4,1000,1,0.075,0.01,0.0003,45,0.7,4.2600,NaN,-16.3009
0.4,1000,1,0.075,0.01,0.0003,45,0.9,4.4200,NaN,-16.3315
0.4,1000,1,0.075,0.01,0.0003,45,1.2,4.6400,NaN,-16.3772
0.4,1000,1,0.075,0.01,0.0003,160,0.7,4.0600,NaN,-15.4870
0.4,1000,1,0.075,0.01,0.0003,160,0.9,4.2000,NaN,-15.5177
0.4,1000,1,0.075,0.01,0.0003,160,1.2,4.4200,NaN,-15.5638
0.4,1000,1,0.075,0.01,0.002,16,0.7,4.6600,NaN,-23.3615
0.4,1000,1,0.075,0.01,0.002,16,0.9,4.8200,NaN,-23.5450
0.4,1000,1,0.075,0.01,0.002,16,1.2,5.0400,NaN,-23.8191
0.4,1000,1,0.075,0.01,0.002,45,0.7,4.1800,NaN,-21.1513
0.4,1000,1,0.075,0.01,0.002,45,0.9,4.3000,NaN,-21.3387
0.4,1000,1,0.075,0.01,0.002,45,1.2,4.5200,NaN,-21.6188
0.4,1000,1,0.075,0.01,0.002,160,0.7,3.9800,NaN,-20.2492
0.4,1000,1,0.075,0.01,0.002,160,0.9,4.1000,NaN,-20.4384
0.4,1000,1,0.075,0.01,0.002,160,1.2,4.3200,NaN,-20.7209
0.4,1000,1,0.1,0.0005,0.0001,16,0.7,5.5200,5.7600,-1.4139
0.4,1000,1,0.1,0.0005,0.0001,16,0.9,5.7000,5.9600,-1.4254
0.4,1000,1,0.1,0.0005,0.0001,16,1.2,5.9800,6.2400,-1.4425
0.4,1000,1,0.1,0.0005,0.0001,45,0.7,4.8600,5.0400,-1.2598
0.4,1000,1,0.1,0.0005,0.0001,45,0.9,5.0200,5.2000,-1.2713
0.4,1000,1,0.1,0.0005,0.0001,45,1.2,5.2800,5.4800,-1.2885
0.4,1000,1,0.1,0.0005,0.0001,160,0.7,4.5800,4.7400,-1.1986
0.4,1000,1,0.1,0.0005,0.0001,160,0.9,4.7400,4.9200,-1.2101
0.4,1000,1,0.1,0.0005,0.0001,160,1.2,5.0000,5.1800,-1.2273
0.4,1000,1,0.1,0.0005,0.0003,16,0.7,5.5000,5.9000,-2.2410
0.4,1000,1,0.1,0.0005,0.0003,16,0.9,5.6800,6.0800,-2.2749
0.4,1000,1,0.1,0.0005,0.0003,16,1.2,5.9600,6.3800,-2.3258
0.4,1000,1,0.1,0.0005,0.0003,45,0.7,4.8400,5.1400,-2.0337
0.4,1000,1,0.1,0.0005,0.0003,45,0.9,5.0000,5.3200,-2.0677
0.4,1000,1,0.1,0.0005,0.0003,45,1.2,5.2600,5.6000,-2.1187
0.4,1000,1,0.1,0.0005,0.0003,160,0.7,4.5600,4.8400,-1.9514
0.4,1000,1,0.1,0.0005,0.0003,160,0.9,4.7200,5.0200,-1.9854
0.4,1000,1,0.1,0.0005,0.0003,160,1.2,4.9800,5.2800,-2.0364
0.4,1000,1,0.1,0.0005,0.002,16,0.7,5.3600,7.5200,-8.8922
0.4,1000,1,0.1,0.0005,0.002,16,0.9,5.5200,7.8200,-9.0967
0.4,1000,1,0.1,0.0005,0.002,16,1.2,5.7800,8.3200,-9.4023
0.4,1000,1,0.1,0.0005,0.002,45,0.7,4.7200,6.3800,-8.2793
0.4,1000,1,0.1,0.0005,0.002,45,0.9,4.8600,6.6600,-8.4855
0.4,1000,1,0.1,0.0005,0.002,45,1.2,5.1200,7.0800,-8.7936
0.4,1000,1,0.1,0.0005,0.002,160,0.7,4.4600,5.9600,-8.0346
0.4,1000,1,0.1,0.0005,0.002,160,0.9,4.6000,6.2200,-8.2415
0.4,1000,1,0.1,0.0005,0.002,160,1.2,4.8600,6.6200,-8.5507
0.4,1000,1,0.1,0.002,0.0001,16,0.7,5.4000,6.2400,-4.2992
0.4,1000,1,0.1,0.002,0.0001,16,0.9,5.5800,6.4400,-4.3104
0.4,1000,1,0.1,0.002,0.0001,16,1.2,5.8600,6.7600,-4.3273
0.4,1000,1,0.1,0.002,0.0001,45,0.7,4.7600,5.4000,-3.7883
0.4,1000,1,0.1,0.002,0.0001,45,0.9,4.9200,5.5800,-3.7996
0.4,1000,1,0.1,0.002,0.0001,45,1.2,5.1800,5.8600,-3.8164
0.4,1000,1,0.1,0.002,0.0001,160,0.7,4.5000,5.0600,-3.5846
0.4,1000,1,0.1,0.002,0.0001,160,0.9,4.6600,5.2400,-3.5958
0.4,1000,1,0.1,0.002,0.0001,160,1.2,4.9200,5.5200,-3.6127
0.4,1000,1,0.1,0.002,0.0003,16,0.7,5.3800,6.4200,-5.0997
0.4,1000,1,0.1,0.002,0.0003,16,0.9,5.5600,6.6200,-5.1329
0.4,1000,1,0.1,0.002,0.0003,16,1.2,5.8400,6.9600,-5.1827
0.4,1000,1,0.1,0.002,0.0003,45,0.7,4.7400,5.5200,-4.5409
0.4,1000,1,0.1,0.002,0.0003,45,0.9,4.9000,5.7000,-4.5742
0.4,1000,1,0.1,0.002,0.0003,45,1.2,5.1600,6.0200,-4.6243
0.4,1000,1,0.1,0.002,0.0003,160,0.7,4.4800,5.1800,-4.3179
0.4,1000,1,0.1,0.002,0.0003,160,0.9,4.6400,5.3600,-4.3513
0.4,1000,1,0.1,0.002,0.0003,160,1.2,4.9000,5.6400,-4.4014
0.4,1000,1,0.1,0.002,0.002,16,0.7,5.2400,9.2000,-11.5403
0.4,1000,1,0.1,0.002,0.002,16,0.9,5.4000,9.6800,-11.7408
0.4,1000,1,0.1,0.002,0.002,16,1.2,5.6600,10.4800,-12.0403
0.4,1000,1,0.1,0.002,0.002,45,0.7,4.6200,7.4000,-10.6168
0.4,1000,1,0.1,0.002,0.002,45,0.9,4.7800,7.7600,-10.8195
0.4,1000,1,0.1,0.002,0.002,45,1.2,5.0200,8.3400,-11.1223
0.4,1000,1,0.1,0.002,0.002,160,0.7,4.3800,6.8000,-10.2468
0.4,1000,1,0.1,0.002,0.002,160,0.9,4.5400,7.1200,-10.4503
0.4,1000,1,0.1,0.002,0.002,160,1.2,4.7600,7.6400,-10.7545
0.4,1000,1,0.1,0.01,0.0001,16,0.7,4.8400,NaN,-17.7073
0.4,1000,1,0.1,0.01,0.0001,16,0.9,5.0000,NaN,-17.7174
0.4,1000,1,0.1,0.01,0.0001,16,1.2,5.2800,NaN,-17.7325
0.4,1000,1,0.1,0.01,0.0001,45,0.7,4.3200,NaN,-15.7338
0.4,1000,1,0.1,0.01,0.0001,45,0.9,4.4800,NaN,-15.7441
0.4,1000,1,0.1,0.01,0.0001,45,1.2,4.7400,NaN,-15.7595
0.4,1000,1,0.1,0.01,0.0001,160,0.7,4.1200,NaN,-14.9316
0.4,1000,1,0.1,0.01,0.0001,160,0.9,4.2600,NaN,-14.9419
0.4,1000,1,0.1,0.01,0.0001,160,1.2,4.5000,NaN,-14.9574
0.4,1000,1,0.1,0.01,0.0003,16,0.7,4.8200,NaN,-18.3889
0.4,1000,1,0.1,0.01,0.0003,16,0.9,5.0000,NaN,-18.4189
0.4,1000,1,0.1,0.01,0.0003,16,1.2,5.2600,NaN,-18.4638
0.4,1000,1,0.1,0.01,0.0003,45,0.7,4.3200,NaN,-16.3890
0.4,1000,1,0.1,0.01,0.0003,45,0.9,4.4600,NaN,-16.4195
0.4,1000,1,0.1,0.01,0.0003,45,1.2,4.7200,NaN,-16.4652
0.4,1000,1,0.1,0.01,0.0003,160,0.7,4.1000,NaN,-15.5757
0.4,1000,1,0.1,0.01,0.0003,160,0.9,4.2600,NaN,-15.6064
0.4,1000,1,0.1,0.01,0.0003,160,1.2,4.5000,NaN,-15.6523
0.4,1000,1,0.1,0.01,0.002,16,0.7,4.7000,NaN,-23.8899
0.4,1000,1,0.1,0.01,0.002,16,0.9,4.8600,NaN,-24.0717
0.4,1000,1,0.1,0.01,0.002,16,1.2,5.1000,NaN,-24.3434
0.4,1000,1,0.1,0.01,0.002,45,0.7,4.2200,NaN,-21.6913
0.4,1000,1,0.1,0.01,0.002,45,0.9,4.3600,NaN,-21.8770
0.4,1000,1,0.1,0.01,0.002,45,1.2,4.6000,NaN,-22.1546
0.4,1000,1,0.1,0.01,0.002,160,0.7,4.0200,NaN,-20.7940
0.4,1000,1,0.1,0.01,0.002,160,0.9,4.1600,NaN,-20.9814
0.4,1000,1,0.1,0.01,0.002,160,1.2,4.3800,NaN,-21.2614
0.4,1000,1,0.15,0.0005,0.0001,16,0.7,5.6200,5.8800,-1.4800
0.4,1000,1,0.15,0.0005,0.0001,16,0.9,5.8200,6.0800,-1.4914
0.4,1000,1,0.15,0.0005,0.0001,16,1.2,6.1400,6.4200,-1.5086
0.4,1000,1,0.15,0.0005,0.0001,45,0.7,4.9400,5.1400,-1.3260
0.4,1000,1,0.15,0.0005,0.0001,45,0.9,5.1400,5.3400,-1.3374
0.4,1000,1,0.15,0.0005,0.0001,45,1.2,5.4400,5.6400,-1.3546
0.4,1000,1,0.15,0.0005,0.0001,160,0.7,4.6800,4.8600,-1.2648
0.4,1000,1,0.15,0.0005,0.0001,160,0.9,4.8600,5.0400,-1.2763
0.4,1000,1,0.15,0.0005,0.0001,160,1.2,5.1600,5.3400,-1.2934
0.4,1000,1,0.15,0.0005,0.0003,16,0.7,5.6000,6.0200,-2.4367
0.4,1000,1,0.15,0.0005,0.0003,16,0.9,5.8000,6.2400,-2.4706
0.4,1000,1,0.15,0.0005,0.0003,16,1.2,6.1200,6.5800,-2.5212
0.4,1000,1,0.15,0.0005,0.0003,45,0.7,4.9200,5.2600,-2.2299
0.4,1000,1,0.15,0.0005,0.0003,45,0.9,5.1200,5.4600,-2.2637
0.4,1000,1,0.15,0.0005,0.0003,45,1.2,5.4200,5.7800,-2.3145
0.4,1000,1,0.15,0.0005,0.0003,160,0.7,4.6600,4.9600,-2.1476
0.4,1000,1,0.15,0.0005,0.0003,160,0.9,4.8400,5.1600,-2.1816
0.4,1000,1,0.15,0.0005,0.0003,160,1.2,5.1400,5.4600,-2.2324
0.4,1000,1,0.15,0.0005,0.002,16,0.7,5.4400,8.2000,-10.0650
0.4,1000,1,0.15,0.0005,0.002,16,0.9,5.6200,8.5600,-10.2659
0.4,1000,1,0.15,0.0005,0.002,16,1.2,5.9200,9.1600,-10.5660
0.4,1000,1,0.15,0.0005,0.002,45,0.7,4.8000,6.9400,-9.4620
0.4,1000,1,0.15,0.0005,0.002,45,0.9,4.9600,7.2400,-9.6645
0.4,1000,1,0.15,0.0005,0.002,45,1.2,5.2400,7.7600,-9.9672
0.4,1000,1,0.15,0.0005,0.002,160,0.7,4.5400,6.4600,-9.2212
0.4,1000,1,0.15,0.0005,0.002,160,0.9,4.7000,6.7600,-9.4245
0.4,1000,1,0.15,0.0005,0.002,160,1.2,4.9800,7.2400,-9.7281
0.4,1000,1,0.15,0.002,0.0001,16,0.7,5.5000,6.3600,-4.3640
0.4,1000,1,0.15,0.002,0.0001,16,0.9,5.7000,6.5800,-4.3751
0.4,1000,1,0.15,0.002,0.0001,16,1.2,6.0200,6.9400,-4.3919
0.4,1000,1,0.15,0.002,0.0001,45,0.7,4.8600,5.5000,-3.8533
0.4,1000,1,0.15,0.002,0.0001,45,0.9,5.0400,5.7000,-3.8645
0.4,1000,1,0.15,0.002,0.0001,45,1.2,5.3400,6.0400,-3.8814
0.4,1000,1,0.15,0.002,0.0001,160,0.7,4.6000,5.1600,-3.6496
0.4,1000,1,0.15,0.002,0.0001,160,0.9,4.7800,5.3600,-3.6609
0.4,1000,1,0.15,0.002,0.0001,160,1.2,5.0600,5.6800,-3.6778
0.4,1000,1,0.15,0.002,0.0003,16,0.7,5.4800,6.5600,-5.2913
0.4,1000,1,0.15,0.002,0.0003,16,0.9,5.6800,6.8000,-5.3245
0.4,1000,1,0.15,0.002,0.0003,16,1.2,5.9800,7.1600,-5.3741
0.4,1000,1,0.15,0.002,0.0003,45,0.7,4.8400,5.6600,-4.7334
0.4,1000,1,0.15,0.002,0.0003,45,0.9,5.0200,5.8600,-4.7667
0.4,1000,1,0.15,0.002,0.0003,45,1.2,5.3200,6.2200,-4.8166
0.4,1000,1,0.15,0.002,0.0003,160,0.7,4.5800,5.3000,-4.5108
0.4,1000,1,0.15,0.002,0.0003,160,0.9,4.7600,5.5200,-4.5441
0.4,1000,1,0.15,0.002,0.0003,160,1.2,5.0400,5.8400,-4.5941
0.4,1000,1,0.15,0.002,0.002,16,0.7,5.3200,11.0200,-12.6902
0.4,1000,1,0.15,0.002,0.002,16,0.9,5.5000,11.8600,-12.8871
0.4,1000,1,0.15,0.002,0.002,16,1.2,5.8000,13.5000,-13.1814
0.4,1000,1,0.15,0.002,0.002,45,0.7,4.7000,8.4000,-11.7792
0.4,1000,1,0.15,0.002,0.002,45,0.9,4.8800,8.8800,-11.9782
0.4,1000,1,0.15,0.002,0.002,45,1.2,5.1600,9.7000,-12.2756
0.4,1000,1,0.15,0.002,0.002,160,0.7,4.4600,7.6400,-11.4141
0.4,1000,1,0.15,0.002,0.002,160,0.9,4.6400,8.0400,-11.6140
0.4,1000,1,0.15,0.002,0.002,160,1.2,4.9000,8.7400,-11.9127
0.4,1000,1,0.15,0.01,0.0001,16,0.7,4.9400,NaN,-17.7656
0.4,1000,1,0.15,0.01,0.0001,16,0.9,5.1200,NaN,-17.7757
0.4,1000,1,0.15,0.01,0.0001,16,1.2,5.4200,NaN,-17.7908
0.4,1000,1,0.15,0.01,0.0001,45,0.7,4.4200,NaN,-15.7931
0.4,1000,1,0.15,0.01,0.0001,45,0.9,4.6000,NaN,-15.8034
0.4,1000,1,0.15,0.01,0.0001,45,1.2,4.8800,NaN,-15.8187
0.4,1000,1,0.15,0.01,0.0001,160,0.7,4.2000,NaN,-14.9912
0.4,1000,1,0.15,0.01,0.0001,160,0.9,4.3800,NaN,-15.0016
0.4,1000,1,0.15,0.01,0.0001,160,1.2,4.6600,NaN,-15.0170
0.4,1000,1,0.15,0.01,0.0003,16,0.7,4.9200,NaN,-18.5618
0.4,1000,1,0.15,0.01,0.0003,16,0.9,5.1000,NaN,-18.5917
0.4,1000,1,0.15,0.01,0.0003,16,1.2,5.4000,NaN,-18.6364
0.4,1000,1,0.15,0.01,0.0003,45,0.7,4.4000,NaN,-16.5648
0.4,1000,1,0.15,0.01,0.0003,45,0.9,4.5800,NaN,-16.5952
0.4,1000,1,0.15,0.01,0.0003,45,1.2,4.8600,NaN,-16.6407
0.4,1000,1,0.15,0.01,0.0003,160,0.7,4.2000,NaN,-15.7527
0.4,1000,1,0.15,0.01,0.0003,160,0.9,4.3600,NaN,-15.7832
0.4,1000,1,0.15,0.01,0.0003,160,1.2,4.6400,NaN,-15.8291
0.4,1000,1,0.15,0.01,0.002,16,0.7,4.7800,NaN,-24.9325
0.4,1000,1,0.15,0.01,0.002,16,0.9,4.9600,NaN,-25.1111
0.4,1000,1,0.15,0.01,0.002,16,1.2,5.2400,NaN,-25.3779
0.4,1000,1,0.15,0.01,0.002,45,0.7,4.3000,NaN,-22.7567
0.4,1000,1,0.15,0.01,0.002,45,0.9,4.4600,NaN,-22.9391
0.4,1000,1,0.15,0.01,0.002,45,1.2,4.7200,NaN,-23.2117
0.4,1000,1,0.15,0.01,0.002,160,0.7,4.1000,NaN,-21.8687
0.4,1000,1,0.15,0.01,0.002,160,0.9,4.2600,NaN,-22.0528
0.4,1000,1,0.15,0.01,0.002,160,1.2,4.5200,NaN,-22.3278
0.4,4000,0.3,0.075,0.0005,0.0001,16,0.7,3.6400,3.7400,-0.9606
0.4,4000,0.3,0.075,0.0005,0.0001,16,0.9,3.7800,3.8800,-0.9721
0.4,4000,0.3,0.075,0.0005,0.0001,16,1.2,4.0000,4.1000,-0.9893
0.4,4000,0.3,0.075,0.0005,0.0001,45,0.7,2.4000,2.4600,-0.6771
0.4,4000,0.3,0.075,0.0005,0.0001,45,0.9,2.5200,2.5600,-0.6886
0.4,4000,0.3,0.075,0.0005,0.0001,45,1.2,2.7000,2.7600,-0.7059
0.4,4000,0.3,0.075,0.0005,0.0001,160,0.7,1.9200,1.9400,-0.5643
0.4,4000,0.3,0.075,0.0005,0.0001,160,0.9,2.0200,2.0600,-0.5758
0.4,4000,0.3,0.075,0.0005,0.0001,160,1.2,2.2000,2.2400,-0.5931
0.4,4000,0.3,0.075,0.0005,0.0003,16,0.7,3.6400,3.8000,-1.5769
0.4,4000,0.3,0.075,0.0005,0.0003,16,0.9,3.7600,3.9400,-1.6110
0.4,4000,0.3,0.075,0.0005,0.0003,16,1.2,3.9800,4.1800,-1.6622
0.4,4000,0.3,0.075,0.0005,0.0003,45,0.7,2.4000,2.4800,-1.1942
0.4,4000,0.3,0.075,0.0005,0.0003,45,0.9,2.5200,2.6000,-1.2285
0.4,4000,0.3,0.075,0.0005,0.0003,45,1.2,2.7000,2.8000,-1.2799
0.4,4000,0.3,0.075,0.0005,0.0003,160,0.7,1.9200,1.9800,-1.0419
0.4,4000,0.3,0.075,0.0005,0.0003,160,0.9,2.0200,2.0800,-1.0762
0.4,4000,0.3,0.075,0.0005,0.0003,160,1.2,2.2000,2.2600,-1.1277
0.4,4000,0.3,0.075,0.0005,0.002,16,0.7,3.5600,4.4600,-6.6024
0.4,4000,0.3,0.075,0.0005,0.002,16,0.9,3.7000,4.6400,-6.8136
0.4,4000,0.3,0.075,0.0005,0.002,16,1.2,3.9000,4.9600,-7.1291
0.4,4000,0.3,0.075,0.0005,0.002,45,0.7,2.3800,2.8200,-5.4397
0.4,4000,0.3,0.075,0.0005,0.002,45,0.9,2.4800,2.9600,-5.6542
0.4,4000,0.3,0.075,0.0005,0.002,45,1.2,2.6600,3.2000,-5.9747
0.4,4000,0.3,0.075,0.0005,0.002,160,0.7,1.9000,2.2000,-4.9729
0.4,4000,0.3,0.075,0.0005,0.002,160,0.9,2.0000,2.3200,-5.1887
0.4,4000,0.3,0.075,0.0005,0.002,160,1.2,2.1600,2.5400,-5.5112
0.4,4000,0.3,0.075,0.002,0.0001,16,0.7,3.6000,3.9400,-2.8665
0.4,4000,0.3,0.075,0.002,0.0001,16,0.9,3.7200,4.0800,-2.8778
0.4,4000,0.3,0.075,0.002,0.0001,16,1.2,3.9400,4.3200,-2.8948
0.4,4000,0.3,0.075,0.002,0.0001,45,0.7,2.3800,2.5200,-1.9090
0.4,4000,0.3,0.075,0.002,0.0001,45,0.9,2.5000,2.6400,-1.9204
0.4,4000,0.3,0.075,0.002,0.0001,45,1.2,2.6800,2.8400,-1.9375
0.4,4000,0.3,0.075,0.002,0.0001,160,0.7,1.9000,2.0000,-1.5252
0.4,4000,0.3,0.075,0.002,0.0001,160,0.9,2.0000,2.1000,-1.5367
0.4,4000,0.3,0.075,0.002,0.0001,160,1.2,2.1800,2.2800,-1.5538
0.4,4000,0.3,0.075,0.002,0.0003,16,0.7,3.5800,4.0000,-3.4701
0.4,4000,0.3,0.075,0.002,0.0003,16,0.9,3.7200,4.1600,-3.5038
0.4,4000,0.3,0.075,0.002,0.0003,16,1.2,3.9400,4.4000,-3.5543
0.4,4000,0.3,0.075,0.002,0.0003,45,0.7,2.3800,2.5600,-2.4198
0.4,4000,0.3,0.075,0.002,0.0003,45,0.9,2.5000,2.6800,-2.4538
0.4,4000,0.3,0.075,0.002,0.0003,45,1.2,2.6800,2.8800,-2.5047
0.4,4000,0.3,0.075,0.002,0.0003,160,0.7,1.9000,2.0200,-1.9984
0.4,4000,0.3,0.075,0.002,0.0003,160,0.9,2.0000,2.1200,-2.0325
0.4,4000,0.3,0.075,0.002,0.0003,160,1.2,2.1800,2.3200,-2.0837
0.4,4000,0.3,0.075,0.002,0.002,16,0.7,3.5200,4.8200,-8.3945
0.4,4000,0.3,0.075,0.002,0.002,16,0.9,3.6400,5.0400,-8.6029
0.4,4000,0.3,0.075,0.002,0.002,16,1.2,3.8400,5.4000,-8.9143
0.4,4000,0.3,0.075,0.002,0.002,45,0.7,2.3600,2.9400,-6.6141
0.4,4000,0.3,0.075,0.002,0.002,45,0.9,2.4600,3.0800,-6.8267
0.4,4000,0.3,0.075,0.002,0.002,45,1.2,2.6400,3.3400,-7.1445
0.4,4000,0.3,0.075,0.002,0.002,160,0.7,1.8800,2.2800,-5.8940
0.4,4000,0.3,0.075,0.002,0.002,160,0.9,1.9800,2.4000,-6.1084
0.4,4000,0.3,0.075,0.002,0.002,160,1.2,2.1400,2.6200,-6.4287
0.4,4000,0.3,0.075,0.01,0.0001,16,0.7,3.3400,7.2600,-12.1369
0.4,4000,0.3,0.075,0.01,0.0001,16,0.9,3.4600,7.5200,-12.1475
0.4,4000,0.3,0.075,0.01,0.0001,16,1.2,3.6800,7.9200,-12.1634
0.4,4000,0.3,0.075,0.01,0.0001,45,0.7,2.2800,3.1400,-8.0962
0.4,4000,0.3,0.075,0.01,0.0001,45,0.9,2.3800,3.2800,-8.1071
0.4,4000,0.3,0.075,0.01,0.0001,45,1.2,2.5800,3.5200,-8.1234
0.4,4000,0.3,0.075,0.01,0.0001,160,0.7,1.8400,2.3200,-6.4148
0.4,4000,0.3,0.075,0.01,0.0001,160,0.9,1.9400,2.4400,-6.4258
0.4,4000,0.3,0.075,0.01,0.0001,160,1.2,2.1200,2.6400,-6.4424
0.4,4000,0.3,0.075,0.01,0.0003,16,0.7,3.3400,9.0000,-12.6811
0.4,4000,0.3,0.075,0.01,0.0003,16,0.9,3.4600,9.4800,-12.7125
0.4,4000,0.3,0.075,0.01,0.0003,16,1.2,3.6600,10.3800,-12.7596
0.4,4000,0.3,0.075,0.01,0.0003,45,0.7,2.2800,3.2200,-8.5759
0.4,4000,0.3,0.075,0.01,0.0003,45,0.9,2.3800,3.3600,-8.6083
0.4,4000,0.3,0.075,0.01,0.0003,45,1.2,2.5600,3.6200,-8.6570
0.4,4000,0.3,0.075,0.01,0.0003,160,0.7,1.8400,2.3600,-6.8661
0.4,4000,0.3,0.075,0.01,0.0003,160,0.9,1.9400,2.4800,-6.8990
0.4,4000,0.3,0.075,0.01,0.0003,160,1.2,2.1200,2.7000,-6.9484
0.4,4000,0.3,0.075,0.01,0.002,16,0.7,3.2800,NaN,-17.1257
0.4,4000,0.3,0.075,0.01,0.002,16,0.9,3.4000,NaN,-17.3206
0.4,4000,0.3,0.075,0.01,0.002,16,1.2,3.6000,NaN,-17.6117
0.4,4000,0.3,0.075,0.01,0.002,45,0.7,2.2400,4.8000,-12.5166
0.4,4000,0.3,0.075,0.01,0.002,45,0.9,2.3400,5.2600,-12.7200
0.4,4000,0.3,0.075,0.01,0.002,45,1.2,2.5200,6.3200,-13.0239
0.4,4000,0.3,0.075,0.01,0.002,160,0.7,1.8200,2.9200,-10.5831
0.4,4000,0.3,0.075,0.01,0.002,160,0.9,1.9200,3.1000,-10.7901
0.4,4000,0.3,0.075,0.01,0.002,160,1.2,2.0800,3.4200,-11.0993
0.4,4000,0.3,0.1,0.0005,0.0001,16,0.7,3.6800,3.8000,-0.9938
0.4,4000,0.3,0.1,0.0005,0.0001,16,0.9,3.8400,3.9400,-1.0053
0.4,4000,0.3,0.1,0.0005,0.0001,16,1.2,4.0600,4.1800,-1.0225
0.4,4000,0.3,0.1,0.0005,0.0001,45,0.7,2.4600,2.5000,-0.7103
0.4,4000,0.3,0.1,0.0005,0.0001,45,0.9,2.5800,2.6200,-0.7219
0.4,4000,0.3,0.1,0.0005,0.0001,45,1.2,2.7800,2.8400,-0.7391
0.4,4000,0.3,0.1,0.0005,0.0001,160,0.7,1.9600,2.0000,-0.5976
0.4,4000,0.3,0.1,0.0005,0.0001,160,0.9,2.0800,2.1200,-0.6091
0.4,4000,0.3,0.1,0.0005,0.0001,160,1.2,2.2800,2.3200,-0.6264
0.4,4000,0.3,0.1,0.0005,0.0003,16,0.7,3.6800,3.8600,-1.6755
0.4,4000,0.3,0.1,0.0005,0.0003,16,0.9,3.8200,4.0200,-1.7096
0.4,4000,0.3,0.1,0.0005,0.0003,16,1.2,4.0600,4.2600,-1.7607
0.4,4000,0.3,0.1,0.0005,0.0003,45,0.7,2.4400,2.5400,-1.2932
0.4,4000,0.3,0.1,0.0005,0.0003,45,0.9,2.5600,2.6600,-1.3275
0.4,4000,0.3,0.1,0.0005,0.0003,45,1.2,2.7800,2.8800,-1.3788
0.4,4000,0.3,0.1,0.0005,0.0003,160,0.7,1.9600,2.0200,-1.1410
0.4,4000,0.3,0.1,0.0005,0.0003,160,0.9,2.0800,2.1400,-1.1753
0.4,4000,0.3,0.1,0.0005,0.0003,160,1.2,2.2800,2.3400,-1.2267
0.4,4000,0.3,0.1,0.0005,0.002,16,0.7,3.6000,4.6200,-7.2107
0.4,4000,0.3,0.1,0.0005,0.002,16,0.9,3.7400,4.8200,-7.4200
0.4,4000,0.3,0.1,0.0005,0.002,16,1.2,3.9600,5.1600,-7.7326
0.4,4000,0.3,0.1,0.0005,0.002,45,0.7,2.4000,2.9200,-6.0575
0.4,4000,0.3,0.1,0.0005,0.002,45,0.9,2.5200,3.0800,-6.2701
0.4,4000,0.3,0.1,0.0005,0.002,45,1.2,2.7200,3.3400,-6.5877
0.4,4000,0.3,0.1,0.0005,0.002,160,0.7,1.9400,2.3000,-5.5946
0.4,4000,0.3,0.1,0.0005,0.002,160,0.9,2.0400,2.4400,-5.8085
0.4,4000,0.3,0.1,0.0005,0.002,160,1.2,2.2400,2.6800,-6.1280
0.4,4000,0.3,0.1,0.002,0.0001,16,0.7,3.6400,3.9800,-2.8992
0.4,4000,0.3,0.1,0.002,0.0001,16,0.9,3.7800,4.1400,-2.9105
0.4,4000,0.3,0.1,0.002,0.0001,16,1.2,4.0200,4.3800,-2.9275
0.4,4000,0.3,0.1,0.002,0.0001,45,0.7,2.4200,2.5800,-1.9419
0.4,4000,0.3,0.1,0.002,0.0001,45,0.9,2.5600,2.7000,-1.9533
0.4,4000,0.3,0.1,0.002,0.0001,45,1.2,2.7600,2.9200,-1.9704
0.4,4000,0.3,0.1,0.002,0.0001,160,0.7,1.9400,2.0400,-1.5583
0.4,4000,0.3,0.1,0.002,0.0001,160,0.9,2.0600,2.1600,-1.5697
0.4,4000,0.3,0.1,0.002,0.0001,160,1.2,2.2600,2.3600,-1.5869
0.4,4000,0.3,0.1,0.002,0.0003,16,0.7,3.6200,4.0600,-3.5674
0.4,4000,0.3,0.1,0.002,0.0003,16,0.9,3.7600,4.2200,-3.6011
0.4,4000,0.3,0.1,0.002,0.0003,16,1.2,4.0000,4.4800,-3.6515
0.4,4000,0.3,0.1,0.002,0.0003,45,0.7,2.4200,2.6200,-2.5179
0.4,4000,0.3,0.1,0.002,0.0003,45,0.9,2.5400,2.7400,-2.5519
0.4,4000,0.3,0.1,0.002,0.0003,45,1.2,2.7600,2.9600,-2.6027
0.4,4000,0.3,0.1,0.002,0.0003,160,0.7,1.9400,2.0600,-2.0969
0.4,4000,0.3,0.1,0.002,0.0003,160,0.9,2.0600,2.1800,-2.1310
0.4,4000,0.3,0.1,0.002,0.0003,160,1.2,2.2600,2.4000,-2.1820
0.4,4000,0.3,0.1,0.002,0.002,16,0.7,3.5600,5.0400,-8.9948
0.4,4000,0.3,0.1,0.002,0.002,16,0.9,3.6800,5.2800,-9.2013
0.4,4000,0.3,0.1,0.002,0.002,16,1.2,3.9000,5.6600,-9.5098
0.4,4000,0.3,0.1,0.002,0.002,45,0.7,2.3800,3.0600,-7.2266
0.4,4000,0.3,0.1,0.002,0.002,45,0.9,2.5000,3.2200,-7.4373
0.4,4000,0.3,0.1,0.002,0.002,45,1.2,2.7000,3.5000,-7.7522
0.4,4000,0.3,0.1,0.002,0.002,160,0.7,1.9200,2.3600,-6.5115
0.4,4000,0.3,0.1,0.002,0.002,160,0.9,2.0400,2.5200,-6.7239
0.4,4000,0.3,0.1,0.002,0.002,160,1.2,2.2200,2.7800,-7.0413
0.4,4000,0.3,0.1,0.01,0.0001,16,0.7,3.3800,7.3800,-12.1675
0.4,4000,0.3,0.1,0.01,0.0001,16,0.9,3.5200,7.6400,-12.1780
0.4,4000,0.3,0.1,0.01,0.0001,16,1.2,3.7400,8.1000,-12.1939
0.4,4000,0.3,0.1,0.01,0.0001,45,0.7,2.3200,3.2000,-8.1277
0.4,4000,0.3,0.1,0.01,0.0001,45,0.9,2.4400,3.3400,-8.1386
0.4,4000,0.3,0.1,0.01,0.0001,45,1.2,2.6400,3.6000,-8.1549
0.4,4000,0.3,0.1,0.01,0.0001,160,0.7,1.8800,2.3600,-6.4467
0.4,4000,0.3,0.1,0.01,0.0001,160,0.9,2.0000,2.5000,-6.4577
0.4,4000,0.3,0.1,0.01,0.0001,160,1.2,2.2000,2.7200,-6.4742
0.4,4000,0.3,0.1,0.01,0.0003,16,0.7,3.3800,9.8200,-12.7718
0.4,4000,0.3,0.1,0.01,0.0003,16,0.9,3.5200,10.5400,-12.8032
0.4,4000,0.3,0.1,0.01,0.0003,16,1.2,3.7400,12.1200,-12.8502
0.4,4000,0.3,0.1,0.01,0.0003,45,0.7,2.3200,3.3000,-8.6696
0.4,4000,0.3,0.1,0.01,0.0003,45,0.9,2.4400,3.4400,-8.7020
0.4,4000,0.3,0.1,0.01,0.0003,45,1.2,2.6400,3.7200,-8.7506
0.4,4000,0.3,0.1,0.01,0.0003,160,0.7,1.8800,2.4200,-6.9611
0.4,4000,0.3,0.1,0.01,0.0003,160,0.9,2.0000,2.5400,-6.9940
0.4,4000,0.3,0.1,0.01,0.0003,160,1.2,2.2000,2.7800,-7.0432
0.4,4000,0.3,0.1,0.01,0.002,16,0.7,3.3200,NaN,-17.6870
0.4,4000,0.3,0.1,0.01,0.002,16,0.9,3.4400,NaN,-17.8800
0.4,4000,0.3,0.1,0.01,0.002,16,1.2,3.6600,NaN,-18.1685
0.4,4000,0.3,0.1,0.01,0.002,45,0.7,2.2800,6.1400,-13.1024
0.4,4000,0.3,0.1,0.01,0.002,45,0.9,2.4000,NaN,-13.3039
0.4,4000,0.3,0.1,0.01,0.002,45,1.2,2.6000,NaN,-13.6050
0.4,4000,0.3,0.1,0.01,0.002,160,0.7,1.8600,3.1200,-11.1793
0.4,4000,0.3,0.1,0.01,0.002,160,0.9,1.9600,3.3400,-11.3844
0.4,4000,0.3,0.1,0.01,0.002,160,1.2,2.1600,3.7400,-11.6908
0.4,4000,0.3,0.15,0.0005,0.0001,16,0.7,3.7800,3.9000,-1.0601
0.4,4000,0.3,0.15,0.0005,0.0001,16,0.9,3.9400,4.0600,-1.0716
0.4,4000,0.3,0.15,0.0005,0.0001,16,1.2,4.2200,4.3400,-1.0888
0.4,4000,0.3,0.15,0.0005,0.0001,45,0.7,2.5400,2.6000,-0.7768
0.4,4000,0.3,0.15,0.0005,0.0001,45,0.9,2.6800,2.7400,-0.7883
0.4,4000,0.3,0.15,0.0005,0.0001,45,1.2,2.9400,3.0000,-0.8056
0.4,4000,0.3,0.15,0.0005,0.0001,160,0.7,2.0600,2.0800,-0.6641
0.4,4000,0.3,0.15,0.0005,0.0001,160,0.9,2.2000,2.2400,-0.6757
0.4,4000,0.3,0.15,0.0005,0.0001,160,1.2,2.4400,2.4800,-0.6929
0.4,4000,0.3,0.15,0.0005,0.0003,16,0.7,3.7600,3.9800,-1.8723
0.4,4000,0.3,0.15,0.0005,0.0003,16,0.9,3.9400,4.1400,-1.9063
0.4,4000,0.3,0.15,0.0005,0.0003,16,1.2,4.2000,4.4400,-1.9573
0.4,4000,0.3,0.15,0.0005,0.0003,45,0.7,2.5400,2.6400,-1.4908
0.4,4000,0.3,0.15,0.0005,0.0003,45,0.9,2.6800,2.8000,-1.5250
0.4,4000,0.3,0.15,0.0005,0.0003,45,1.2,2.9400,3.0600,-1.5761
0.4,4000,0.3,0.15,0.0005,0.0003,160,0.7,2.0400,2.1200,-1.3389
0.4,4000,0.3,0.15,0.0005,0.0003,160,0.9,2.2000,2.2800,-1.3731
0.4,4000,0.3,0.15,0.0005,0.0003,160,1.2,2.4400,2.5200,-1.4244
0.4,4000,0.3,0.15,0.0005,0.002,16,0.7,3.6800,4.9800,-8.4107
0.4,4000,0.3,0.15,0.0005,0.002,16,0.9,3.8400,5.2400,-8.6162
0.4,4000,0.3,0.15,0.0005,0.002,16,1.2,4.1000,5.6400,-8.9233
0.4,4000,0.3,0.15,0.0005,0.002,45,0.7,2.5000,3.1600,-7.2764
0.4,4000,0.3,0.15,0.0005,0.002,45,0.9,2.6200,3.3600,-7.4851
0.4,4000,0.3,0.15,0.0005,0.002,45,1.2,2.8600,3.6800,-7.7969
0.4,4000,0.3,0.15,0.0005,0.002,160,0.7,2.0200,2.5000,-6.8210
0.4,4000,0.3,0.15,0.0005,0.002,160,0.9,2.1600,2.6800,-7.0310
0.4,4000,0.3,0.15,0.0005,0.002,160,1.2,2.3800,2.9800,-7.3448
0.4,4000,0.3,0.15,0.002,0.0001,16,0.7,3.7200,4.0800,-2.9646
0.4,4000,0.3,0.15,0.002,0.0001,16,0.9,3.9000,4.2600,-2.9759
0.4,4000,0.3,0.15,0.002,0.0001,16,1.2,4.1600,4.5600,-2.9929
0.4,4000,0.3,0.15,0.002,0.0001,45,0.7,2.5200,2.6600,-2.0078
0.4,4000,0.3,0.15,0.002,0.0001,45,0.9,2.6600,2.8200,-2.0192
0.4,4000,0.3,0.15,0.002,0.0001,45,1.2,2.9200,3.0800,-2.0363
0.4,4000,0.3,0.15,0.002,0.0001,160,0.7,2.0400,2.1400,-1.6244
0.4,4000,0.3,0.15,0.002,0.0001,160,0.9,2.1800,2.2800,-1.6358
0.4,4000,0.3,0.15,0.002,0.0001,160,1.2,2.4400,2.5400,-1.6529
0.4,4000,0.3,0.15,0.002,0.0003,16,0.7,3.7200,4.1800,-3.7616
0.4,4000,0.3,0.15,0.002,0.0003,16,0.9,3.8800,4.3600,-3.7951
0.4,4000,0.3,0.15,0.002,0.0003,16,1.2,4.1400,4.6600,-3.8454
0.4,4000,0.3,0.15,0.002,0.0003,45,0.7,2.5200,2.7200,-2.7138
0.4,4000,0.3,0.15,0.002,0.0003,45,0.9,2.6600,2.8800,-2.7476
0.4,4000,0.3,0.15,0.002,0.0003,45,1.2,2.9000,3.1400,-2.7983
0.4,4000,0.3,0.15,0.002,0.0003,160,0.7,2.0400,2.1600,-2.2934
0.4,4000,0.3,0.15,0.002,0.0003,160,0.9,2.1800,2.3200,-2.3274
0.4,4000,0.3,0.15,0.002,0.0003,160,1.2,2.4200,2.5800,-2.3783
0.4,4000,0.3,0.15,0.002,0.002,16,0.7,3.6400,5.5400,-10.1790
0.4,4000,0.3,0.15,0.002,0.002,16,0.9,3.7800,5.8200,-10.3818
0.4,4000,0.3,0.15,0.002,0.002,16,1.2,4.0400,6.3200,-10.6848
0.4,4000,0.3,0.15,0.002,0.002,45,0.7,2.4600,3.3400,-8.4350
0.4,4000,0.3,0.15,0.002,0.002,45,0.9,2.6000,3.5400,-8.6419
0.4,4000,0.3,0.15,0.002,0.002,45,1.2,2.8400,3.8800,-8.9510
0.4,4000,0.3,0.15,0.002,0.002,160,0.7,2.0000,2.6000,-7.7297
0.4,4000,0.3,0.15,0.002,0.002,160,0.9,2.1400,2.7800,-7.9382
0.4,4000,0.3,0.15,0.002,0.002,160,1.2,2.3800,3.1000,-8.2499
0.4,4000,0.3,0.15,0.01,0.0001,16,0.7,3.4800,7.6400,-12.2285
0.4,4000,0.3,0.15,0.01,0.0001,16,0.9,3.6400,7.9400,-12.2390
0.4,4000,0.3,0.15,0.01,0.0001,16,1.2,3.9000,8.4600,-12.2548
0.4,4000,0.3,0.15,0.01,0.0001,45,0.7,2.4200,3.3000,-8.1906
0.4,4000,0.3,0.15,0.01,0.0001,45,0.9,2.5600,3.5000,-8.2015
0.4,4000,0.3,0.15,0.01,0.0001,45,1.2,2.8000,3.8000,-8.2178
0.4,4000,0.3,0.15,0.01,0.0001,160,0.7,1.9800,2.4600,-6.5104
0.4,4000,0.3,0.15,0.01,0.0001,160,0.9,2.1200,2.6400,-6.5214
0.4,4000,0.3,0.15,0.01,0.0001,160,1.2,2.3600,2.9200,-6.5380
0.4,4000,0.3,0.15,0.01,0.0003,16,0.7,3.4600,NaN,-12.9529
0.4,4000,0.3,0.15,0.01,0.0003,16,0.9,3.6200,NaN,-12.9842
0.4,4000,0.3,0.15,0.01,0.0003,16,1.2,3.8800,NaN,-13.0311
0.4,4000,0.3,0.15,0.01,0.0003,45,0.7,2.4000,3.4200,-8.8567
0.4,4000,0.3,0.15,0.01,0.0003,45,0.9,2.5600,3.6200,-8.8890
0.4,4000,0.3,0.15,0.01,0.0003,45,1.2,2.8000,3.9400,-8.9375
0.4,4000,0.3,0.15,0.01,0.0003,160,0.7,1.9800,2.5400,-7.1507
0.4,4000,0.3,0.15,0.01,0.0003,160,0.9,2.1200,2.7000,-7.1835
0.4,4000,0.3,0.15,0.01,0.0003,160,1.2,2.3600,3.0000,-7.2326
0.4,4000,0.3,0.15,0.01,0.002,16,0.7,3.4000,NaN,-18.7942
0.4,4000,0.3,0.15,0.01,0.002,16,0.9,3.5400,NaN,-18.9838
0.4,4000,0.3,0.15,0.01,0.002,16,1.2,3.8000,NaN,-19.2671
0.4,4000,0.3,0.15,0.01,0.002,45,0.7,2.3600,NaN,-14.2580
0.4,4000,0.3,0.15,0.01,0.002,45,0.9,2.5000,NaN,-14.4558
0.4,4000,0.3,0.15,0.01,0.002,45,1.2,2.7400,NaN,-14.7515
0.4,4000,0.3,0.15,0.01,0.002,160,0.7,1.9400,3.7600,-12.3553
0.4,4000,0.3,0.15,0.01,0.002,160,0.9,2.0800,4.1200,-12.5566
0.4,4000,0.3,0.15,0.01,0.002,160,1.2,2.3000,4.8400,-12.8575
0.4,4000,1,0.075,0.0005,0.0001,16,0.7,2.3200,2.3600,-0.6562
0.4,4000,1,0.075,0.0005,0.0001,16,0.9,2.4200,2.4800,-0.6677
0.4,4000,1,0.075,0.0005,0.0001,16,1.2,2.6200,2.6600,-0.6850
0.4,4000,1,0.075,0.0005,0.0001,45,0.7,1.6400,1.6600,-0.5003
0.4,4000,1,0.075,0.0005,0.0001,45,0.9,1.7400,1.7600,-0.5118
0.4,4000,1,0.075,0.0005,0.0001,45,1.2,1.9200,1.9400,-0.5291
0.4,4000,1,0.075,0.0005,0.0001,160,0.7,1.3800,1.4000,-0.4384
0.4,4000,1,0.075,0.0005,0.0001,160,0.9,1.4800,1.5000,-0.4499
0.4,4000,1,0.075,0.0005,0.0001,160,1.2,1.6400,1.6600,-0.4672
0.4,4000,1,0.075,0.0005,0.0003,16,0.7,2.3200,2.4000,-1.1660
0.4,4000,1,0.075,0.0005,0.0003,16,0.9,2.4200,2.5000,-1.2003
0.4,4000,1,0.075,0.0005,0.0003,16,1.2,2.6000,2.7000,-1.2517
0.4,4000,1,0.075,0.0005,0.0003,45,0.7,1.6400,1.6800,-0.9554
0.4,4000,1,0.075,0.0005,0.0003,45,0.9,1.7400,1.7800,-0.9897
0.4,4000,1,0.075,0.0005,0.0003,45,1.2,1.9200,1.9600,-1.0412
0.4,4000,1,0.075,0.0005,0.0003,160,0.7,1.3800,1.4000,-0.8717
0.4,4000,1,0.075,0.0005,0.0003,160,0.9,1.4800,1.5000,-0.9060
0.4,4000,1,0.075,0.0005,0.0003,160,1.2,1.6400,1.6800,-0.9576
0.4,4000,1,0.075,0.0005,0.002,16,0.7,2.2800,2.7000,-5.3533
0.4,4000,1,0.075,0.0005,0.002,16,0.9,2.3800,2.8400,-5.5681
0.4,4000,1,0.075,0.0005,0.002,16,1.2,2.5600,3.0800,-5.8889
0.4,4000,1,0.075,0.0005,0.002,45,0.7,1.6200,1.8600,-4.7068
0.4,4000,1,0.075,0.0005,0.002,45,0.9,1.7200,1.9800,-4.9234
0.4,4000,1,0.075,0.0005,0.002,45,1.2,1.8800,2.2000,-5.2471
0.4,4000,1,0.075,0.0005,0.002,160,0.7,1.3600,1.5400,-4.4487
0.4,4000,1,0.075,0.0005,0.002,160,0.9,1.4600,1.6600,-4.6660
0.4,4000,1,0.075,0.0005,0.002,160,1.2,1.6200,1.8600,-4.9908
0.4,4000,1,0.075,0.002,0.0001,16,0.7,2.3000,2.4200,-1.8379
0.4,4000,1,0.075,0.002,0.0001,16,0.9,2.4000,2.5400,-1.8493
0.4,4000,1,0.075,0.002,0.0001,16,1.2,2.6000,2.7400,-1.8665
0.4,4000,1,0.075,0.002,0.0001,45,0.7,1.6400,1.7000,-1.3067
0.4,4000,1,0.075,0.002,0.0001,45,0.9,1.7400,1.8000,-1.3181
0.4,4000,1,0.075,0.002,0.0001,45,1.2,1.9000,1.9800,-1.3353
0.4,4000,1,0.075,0.002,0.0001,160,0.7,1.3800,1.4200,-1.0947
0.4,4000,1,0.075,0.002,0.0001,160,0.9,1.4600,1.5200,-1.1062
0.4,4000,1,0.075,0.002,0.0001,160,1.2,1.6400,1.6800,-1.1235
0.4,4000,1,0.075,0.002,0.0003,16,0.7,2.3000,2.4600,-2.3418
0.4,4000,1,0.075,0.002,0.0003,16,0.9,2.4000,2.5800,-2.3758
0.4,4000,1,0.075,0.002,0.0003,16,1.2,2.5800,2.7800,-2.4268
0.4,4000,1,0.075,0.002,0.0003,45,0.7,1.6400,1.7200,-1.7583
0.4,4000,1,0.075,0.002,0.0003,45,0.9,1.7400,1.8200,-1.7925
0.4,4000,1,0.075,0.002,0.0003,45,1.2,1.9000,2.0000,-1.8437
0.4,4000,1,0.075,0.002,0.0003,160,0.7,1.3600,1.4200,-1.5255
0.4,4000,1,0.075,0.002,0.0003,160,0.9,1.4600,1.5200,-1.5597
0.4,4000,1,0.075,0.002,0.0003,160,1.2,1.6400,1.7000,-1.6110
0.4,4000,1,0.075,0.002,0.002,16,0.7,2.2600,2.8200,-6.4810
0.4,4000,1,0.075,0.002,0.002,16,0.9,2.3600,2.9600,-6.6940
0.4,4000,1,0.075,0.002,0.002,16,1.2,2.5400,3.2000,-7.0122
0.4,4000,1,0.075,0.002,0.002,45,0.7,1.6200,1.9200,-5.4822
0.4,4000,1,0.075,0.002,0.002,45,0.9,1.7000,2.0400,-5.6976
0.4,4000,1,0.075,0.002,0.002,45,1.2,1.8800,2.2400,-6.0194
0.4,4000,1,0.075,0.002,0.002,160,0.7,1.3600,1.5800,-5.0818
0.4,4000,1,0.075,0.002,0.002,160,0.9,1.4400,1.7000,-5.2981
0.4,4000,1,0.075,0.002,0.002,160,1.2,1.6200,1.9000,-5.6214
0.4,4000,1,0.075,0.01,0.0001,16,0.7,2.2000,2.9800,-7.7876
0.4,4000,1,0.075,0.01,0.0001,16,0.9,2.3000,3.1000,-7.7985
0.4,4000,1,0.075,0.01,0.0001,16,1.2,2.5000,3.3400,-7.8149
0.4,4000,1,0.075,0.01,0.0001,45,0.7,1.5800,1.9000,-5.4406
0.4,4000,1,0.075,0.01,0.0001,45,0.9,1.6800,2.0200,-5.4517
0.4,4000,1,0.075,0.01,0.0001,45,1.2,1.8600,2.2200,-5.4684
0.4,4000,1,0.075,0.01,0.0001,160,0.7,1.3400,1.5400,-4.4843
0.4,4000,1,0.075,0.01,0.0001,160,0.9,1.4400,1.6400,-4.4956
0.4,4000,1,0.075,0.01,0.0001,160,1.2,1.6200,1.8400,-4.5124
0.4,4000,1,0.075,0.01,0.0003,16,0.7,2.2000,3.0400,-8.2622
0.4,4000,1,0.075,0.01,0.0003,16,0.9,2.3000,3.1800,-8.2947
0.4,4000,1,0.075,0.01,0.0003,16,1.2,2.4800,3.4200,-8.3435
0.4,4000,1,0.075,0.01,0.0003,45,0.7,1.5800,1.9400,-5.8752
0.4,4000,1,0.075,0.01,0.0003,45,0.9,1.6800,2.0400,-5.9083
0.4,4000,1,0.075,0.01,0.0003,45,1.2,1.8600,2.2600,-5.9580
0.4,4000,1,0.075,0.01,0.0003,160,0.7,1.3400,1.5600,-4.9021
0.4,4000,1,0.075,0.01,0.0003,160,0.9,1.4400,1.6800,-4.9355
0.4,4000,1,0.075,0.01,0.0003,160,1.2,1.6000,1.8600,-4.9856
0.4,4000,1,0.075,0.01,0.002,16,0.7,2.1600,4.2800,-12.1625
0.4,4000,1,0.075,0.01,0.002,16,0.9,2.2600,4.6200,-12.3665
0.4,4000,1,0.075,0.01,0.002,16,1.2,2.4400,5.2600,-12.6714
0.4,4000,1,0.075,0.01,0.002,45,0.7,1.5600,2.2800,-9.4587
0.4,4000,1,0.075,0.01,0.002,45,0.9,1.6600,2.4400,-9.6678
0.4,4000,1,0.075,0.01,0.002,45,1.2,1.8200,2.7000,-9.9801
0.4,4000,1,0.075,0.01,0.002,160,0.7,1.3200,1.8000,-8.3519
0.4,4000,1,0.075,0.01,0.002,160,0.9,1.4200,1.9200,-8.5630
0.4,4000,1,0.075,0.01,0.002,160,1.2,1.5800,2.1600,-8.8785
0.4,4000,1,0.1,0.0005,0.0001,16,0.7,2.3600,2.4000,-0.6894
0.4,4000,1,0.1,0.0005,0.0001,16,0.9,2.4800,2.5200,-0.7009
0.4,4000,1,0.1,0.0005,0.0001,16,1.2,2.6800,2.7400,-0.7182
0.4,4000,1,0.1,0.0005,0.0001,45,0.7,1.6800,1.7000,-0.5336
0.4,4000,1,0.1,0.0005,0.0001,45,0.9,1.8000,1.8200,-0.5451
0.4,4000,1,0.1,0.0005,0.0001,45,1.2,2.0000,2.0200,-0.5624
0.4,4000,1,0.1,0.0005,0.0001,160,0.7,1.4200,1.4400,-0.4717
0.4,4000,1,0.1,0.0005,0.0001,160,0.9,1.5400,1.5600,-0.4832
0.4,4000,1,0.1,0.0005,0.0001,160,1.2,1.7400,1.7600,-0.5005
0.4,4000,1,0.1,0.0005,0.0003,16,0.7,2.3600,2.4400,-1.2650
0.4,4000,1,0.1,0.0005,0.0003,16,0.9,2.4800,2.5600,-1.2993
0.4,4000,1,0.1,0.0005,0.0003,16,1.2,2.6800,2.7800,-1.3506
0.4,4000,1,0.1,0.0005,0.0003,45,0.7,1.6800,1.7400,-1.0546
0.4,4000,1,0.1,0.0005,0.0003,45,0.9,1.8000,1.8400,-1.0889
0.4,4000,1,0.1,0.0005,0.0003,45,1.2,2.0000,2.0600,-1.1404
0.4,4000,1,0.1,0.0005,0.0003,160,0.7,1.4200,1.4600,-0.9710
0.4,4000,1,0.1,0.0005,0.0003,160,0.9,1.5400,1.5600,-1.0053
0.4,4000,1,0.1,0.0005,0.0003,160,1.2,1.7200,1.7800,-1.0568
0.4,4000,1,0.1,0.0005,0.002,16,0.7,2.3200,2.8000,-5.9719
0.4,4000,1,0.1,0.0005,0.002,16,0.9,2.4400,2.9600,-6.1847
0.4,4000,1,0.1,0.0005,0.002,16,1.2,2.6400,3.2200,-6.5026
0.4,4000,1,0.1,0.0005,0.002,45,0.7,1.6600,1.9400,-5.3307
0.4,4000,1,0.1,0.0005,0.002,45,0.9,1.7800,2.0800,-5.5454
0.4,4000,1,0.1,0.0005,0.002,45,1.2,1.9600,2.3200,-5.8660
0.4,4000,1,0.1,0.0005,0.002,160,0.7,1.4000,1.6200,-5.0747
0.4,4000,1,0.1,0.0005,0.002,160,0.9,1.5000,1.7600,-5.2901
0.4,4000,1,0.1,0.0005,0.002,160,1.2,1.7000,1.9800,-5.6119
0.4,4000,1,0.1,0.002,0.0001,16,0.7,2.3400,2.4800,-1.8709
0.4,4000,1,0.1,0.002,0.0001,16,0.9,2.4600,2.6000,-1.8823
0.4,4000,1,0.1,0.002,0.0001,16,1.2,2.6600,2.8200,-1.8994
0.4,4000,1,0.1,0.002,0.0001,45,0.7,1.6800,1.7400,-1.3398
0.4,4000,1,0.1,0.002,0.0001,45,0.9,1.8000,1.8600,-1.3512
0.4,4000,1,0.1,0.002,0.0001,45,1.2,1.9800,2.0600,-1.3684
0.4,4000,1,0.1,0.002,0.0001,160,0.7,1.4200,1.4600,-1.1279
0.4,4000,1,0.1,0.002,0.0001,160,0.9,1.5200,1.5800,-1.1394
0.4,4000,1,0.1,0.002,0.0001,160,1.2,1.7200,1.7800,-1.1566
0.4,4000,1,0.1,0.002,0.0003,16,0.7,2.3400,2.5200,-2.4400
0.4,4000,1,0.1,0.002,0.0003,16,0.9,2.4600,2.6400,-2.4740
0.4,4000,1,0.1,0.002,0.0003,16,1.2,2.6600,2.8600,-2.5249
0.4,4000,1,0.1,0.002,0.0003,45,0.7,1.6800,1.7600,-1.8570
0.4,4000,1,0.1,0.002,0.0003,45,0.9,1.7800,1.8800,-1.8911
0.4,4000,1,0.1,0.002,0.0003,45,1.2,1.9800,2.0800,-1.9423
0.4,4000,1,0.1,0.002,0.0003,160,0.7,1.4200,1.4800,-1.6243
0.4,4000,1,0.1,0.002,0.0003,160,0.9,1.5200,1.6000,-1.6585
0.4,4000,1,0.1,0.002,0.0003,160,1.2,1.7200,1.8000,-1.7098
0.4,4000,1,0.1,0.002,0.002,16,0.7,2.3000,2.9200,-7.0945
0.4,4000,1,0.1,0.002,0.002,16,0.9,2.4200,3.0800,-7.3055
0.4,4000,1,0.1,0.002,0.002,16,1.2,2.6200,3.3600,-7.6208
0.4,4000,1,0.1,0.002,0.002,45,0.7,1.6600,2.0000,-6.1026
0.4,4000,1,0.1,0.002,0.002,45,0.9,1.7600,2.1400,-6.3160
0.4,4000,1,0.1,0.002,0.002,45,1.2,1.9400,2.3800,-6.6349
0.4,4000,1,0.1,0.002,0.002,160,0.7,1.4000,1.6600,-5.7049
0.4,4000,1,0.1,0.002,0.002,160,0.9,1.5000,1.7800,-5.9193
0.4,4000,1,0.1,0.002,0.002,160,1.2,1.7000,2.0200,-6.2396
0.4,4000,1,0.1,0.01,0.0001,16,0.7,2.2400,3.0200,-7.8192
0.4,4000,1,0.1,0.01,0.0001,16,0.9,2.3600,3.1800,-7.8301
0.4,4000,1,0.1,0.01,0.0001,16,1.2,2.5600,3.4200,-7.8465
0.4,4000,1,0.1,0.01,0.0001,45,0.7,1.6400,1.9600,-5.4727
0.4,4000,1,0.1,0.01,0.0001,45,0.9,1.7400,2.0800,-5.4839
0.4,4000,1,0.1,0.01,0.0001,45,1.2,1.9400,2.3000,-5.5005
0.4,4000,1,0.1,0.01,0.0001,160,0.7,1.3800,1.6000,-4.5167
0.4,4000,1,0.1,0.01,0.0001,160,0.9,1.5000,1.7200,-4.5279
0.4,4000,1,0.1,0.01,0.0001,160,1.2,1.7000,1.9400,-4.5447
0.4,4000,1,0.1,0.01,0.0003,16,0.7,2.2400,3.1200,-8.3562
0.4,4000,1,0.1,0.01,0.0003,16,0.9,2.3600,3.2600,-8.3887
0.4,4000,1,0.1,0.01,0.0003,16,1.2,2.5600,3.5200,-8.4374
0.4,4000,1,0.1,0.01,0.0003,45,0.7,1.6200,1.9800,-5.9709
0.4,4000,1,0.1,0.01,0.0003,45,0.9,1.7400,2.1200,-6.0040
0.4,4000,1,0.1,0.01,0.0003,45,1.2,1.9400,2.3400,-6.0536
0.4,4000,1,0.1,0.01,0.0003,160,0.7,1.3800,1.6200,-4.9986
0.4,4000,1,0.1,0.01,0.0003,160,0.9,1.5000,1.7400,-5.0319
0.4,4000,1,0.1,0.01,0.0003,160,1.2,1.7000,1.9600,-5.0819
0.4,4000,1,0.1,0.01,0.002,16,0.7,2.2000,4.9400,-12.7502
0.4,4000,1,0.1,0.01,0.002,16,0.9,2.3200,5.5400,-12.9523
0.4,4000,1,0.1,0.01,0.002,16,1.2,2.5200,7.5200,-13.2544
0.4,4000,1,0.1,0.01,0.002,45,0.7,1.6000,2.4200,-10.0609
0.4,4000,1,0.1,0.01,0.002,45,0.9,1.7200,2.6000,-10.2681
0.4,4000,1,0.1,0.01,0.002,45,1.2,1.9000,2.9200,-10.5776
0.4,4000,1,0.1,0.01,0.002,160,0.7,1.3600,1.9000,-8.9601
0.4,4000,1,0.1,0.01,0.002,160,0.9,1.4800,2.0600,-9.1693
0.4,4000,1,0.1,0.01,0.002,160,1.2,1.6600,2.3400,-9.4818
0.4,4000,1,0.15,0.0005,0.0001,16,0.7,2.4400,2.5000,-0.7559
0.4,4000,1,0.15,0.0005,0.0001,16,0.9,2.6000,2.6400,-0.7674
0.4,4000,1,0.15,0.0005,0.0001,16,1.2,2.8400,2.9000,-0.7847
0.4,4000,1,0.15,0.0005,0.0001,45,0.7,1.7800,1.8000,-0.6002
0.4,4000,1,0.15,0.0005,0.0001,45,0.9,1.9200,1.9600,-0.6117
0.4,4000,1,0.15,0.0005,0.0001,45,1.2,2.1600,2.2000,-0.6290
0.4,4000,1,0.15,0.0005,0.0001,160,0.7,1.5200,1.5400,-0.5383
0.4,4000,1,0.15,0.0005,0.0001,160,0.9,1.6600,1.6800,-0.5498
0.4,4000,1,0.15,0.0005,0.0001,160,1.2,1.9000,1.9400,-0.5671
0.4,4000,1,0.15,0.0005,0.0003,16,0.7,2.4400,2.5400,-1.4626
0.4,4000,1,0.15,0.0005,0.0003,16,0.9,2.6000,2.7000,-1.4968
0.4,4000,1,0.15,0.0005,0.0003,16,1.2,2.8400,2.9600,-1.5480
0.4,4000,1,0.15,0.0005,0.0003,45,0.7,1.7800,1.8400,-1.2527
0.4,4000,1,0.15,0.0005,0.0003,45,0.9,1.9200,1.9800,-1.2869
0.4,4000,1,0.15,0.0005,0.0003,45,1.2,2.1600,2.2400,-1.3382
0.4,4000,1,0.15,0.0005,0.0003,160,0.7,1.5200,1.5600,-1.1692
0.4,4000,1,0.15,0.0005,0.0003,160,0.9,1.6600,1.7000,-1.2034
0.4,4000,1,0.15,0.0005,0.0003,160,1.2,1.9000,1.9600,-1.2548
0.4,4000,1,0.15,0.0005,0.002,16,0.7,2.4000,3.0400,-7.1921
0.4,4000,1,0.15,0.0005,0.002,16,0.9,2.5400,3.2200,-7.4010
0.4,4000,1,0.15,0.0005,0.002,16,1.2,2.7800,3.5400,-7.7132
0.4,4000,1,0.15,0.0005,0.002,45,0.7,1.7400,2.1400,-6.5615
0.4,4000,1,0.15,0.0005,0.002,45,0.9,1.8800,2.3000,-6.7722
0.4,4000,1,0.15,0.0005,0.002,45,1.2,2.1200,2.6000,-7.0871
0.4,4000,1,0.15,0.0005,0.002,160,0.7,1.5000,1.8000,-6.3097
0.4,4000,1,0.15,0.0005,0.002,160,0.9,1.6200,1.9600,-6.5212
0.4,4000,1,0.15,0.0005,0.002,160,1.2,1.8600,2.2600,-6.8371
0.4,4000,1,0.15,0.002,0.0001,16,0.7,2.4200,2.5600,-1.9368
0.4,4000,1,0.15,0.002,0.0001,16,0.9,2.5800,2.7200,-1.9482
0.4,4000,1,0.15,0.002,0.0001,16,1.2,2.8200,2.9800,-1.9653
0.4,4000,1,0.15,0.002,0.0001,45,0.7,1.7600,1.8400,-1.4060
0.4,4000,1,0.15,0.002,0.0001,45,0.9,1.9200,1.9800,-1.4174
0.4,4000,1,0.15,0.002,0.0001,45,1.2,2.1600,2.2400,-1.4346
0.4,4000,1,0.15,0.002,0.0001,160,0.7,1.5200,1.5600,-1.1942
0.4,4000,1,0.15,0.002,0.0001,160,0.9,1.6600,1.7000,-1.2057
0.4,4000,1,0.15,0.002,0.0001,160,1.2,1.9000,1.9600,-1.2229
0.4,4000,1,0.15,0.002,0.0003,16,0.7,2.4200,2.6200,-2.6360
0.4,4000,1,0.15,0.002,0.0003,16,0.9,2.5800,2.7800,-2.6698
0.4,4000,1,0.15,0.002,0.0003,16,1.2,2.8200,3.0400,-2.7206
0.4,4000,1,0.15,0.002,0.0003,45,0.7,1.7600,1.8600,-2.0539
0.4,4000,1,0.15,0.002,0.0003,45,0.9,1.9000,2.0200,-2.0880
0.4,4000,1,0.15,0.002,0.0003,45,1.2,2.1600,2.2800,-2.1390
0.4,4000,1,0.15,0.002,0.0003,160,0.7,1.5000,1.5800,-1.8216
0.4,4000,1,0.15,0.002,0.0003,160,0.9,1.6600,1.7400,-1.8557
0.4,4000,1,0.15,0.002,0.0003,160,1.2,1.9000,1.9800,-1.9068
0.4,4000,1,0.15,0.002,0.002,16,0.7,2.3800,3.2000,-8.3046
0.4,4000,1,0.15,0.002,0.002,16,0.9,2.5200,3.4000,-8.5119
0.4,4000,1,0.15,0.002,0.002,16,1.2,2.7600,3.7400,-8.8215
0.4,4000,1,0.15,0.002,0.002,45,0.7,1.7400,2.2000,-7.3264
0.4,4000,1,0.15,0.002,0.002,45,0.9,1.8800,2.3800,-7.5359
0.4,4000,1,0.15,0.002,0.002,45,1.2,2.1000,2.6800,-7.8490
0.4,4000,1,0.15,0.002,0.002,160,0.7,1.4800,1.8400,-6.9342
0.4,4000,1,0.15,0.002,0.002,160,0.9,1.6200,2.0000,-7.1447
0.4,4000,1,0.15,0.002,0.002,160,1.2,1.8600,2.3200,-7.4591
0.4,4000,1,0.15,0.01,0.0001,16,0.7,2.3400,3.1400,-7.8823
0.4,4000,1,0.15,0.01,0.0001,16,0.9,2.4800,3.3200,-7.8932
0.4,4000,1,0.15,0.01,0.0001,16,1.2,2.7200,3.6200,-7.9095
0.4,4000,1,0.15,0.01,0.0001,45,0.7,1.7200,2.0600,-5.5370
0.4,4000,1,0.15,0.01,0.0001,45,0.9,1.8600,2.2200,-5.5481
0.4,4000,1,0.15,0.01,0.0001,45,1.2,2.1200,2.5000,-5.5647
0.4,4000,1,0.15,0.01,0.0001,160,0.7,1.4800,1.7000,-4.5814
0.4,4000,1,0.15,0.01,0.0001,160,0.9,1.6200,1.8600,-4.5926
0.4,4000,1,0.15,0.01,0.0001,160,1.2,1.8800,2.1400,-4.6094
0.4,4000,1,0.15,0.01,0.0003,16,0.7,2.3200,3.2400,-8.5437
0.4,4000,1,0.15,0.01,0.0003,16,0.9,2.4800,3.4400,-8.5761
0.4,4000,1,0.15,0.01,0.0003,16,1.2,2.7200,3.7600,-8.6247
0.4,4000,1,0.15,0.01,0.0003,45,0.7,1.7200,2.1000,-6.1620
0.4,4000,1,0.15,0.01,0.0003,45,0.9,1.8600,2.2600,-6.1950
0.4,4000,1,0.15,0.01,0.0003,45,1.2,2.1000,2.5600,-6.2445
0.4,4000,1,0.15,0.01,0.0003,160,0.7,1.4800,1.7400,-5.1911
0.4,4000,1,0.15,0.01,0.0003,160,0.9,1.6200,1.9000,-5.2243
0.4,4000,1,0.15,0.01,0.0003,160,1.2,1.8600,2.1800,-5.2742
0.4,4000,1,0.15,0.01,0.002,16,0.7,2.2800,NaN,-13.9095
0.4,4000,1,0.15,0.01,0.002,16,0.9,2.4200,NaN,-14.1080
0.4,4000,1,0.15,0.01,0.002,16,1.2,2.6600,NaN,-14.4046
0.4,4000,1,0.15,0.01,0.002,45,0.7,1.7000,2.7800,-11.2488
0.4,4000,1,0.15,0.01,0.002,45,0.9,1.8200,3.0400,-11.4522
0.4,4000,1,0.15,0.01,0.002,45,1.2,2.0600,3.4800,-11.7561
0.4,4000,1,0.15,0.01,0.002,160,0.7,1.4600,2.1600,-10.1597
0.4,4000,1,0.15,0.01,0.002,160,0.9,1.6000,2.3600,-10.3651
0.4,4000,1,0.15,0.01,0.002,160,1.2,1.8200,2.7600,-10.6720
