status=SCHEMA_AND_EVIDENCE_OK
planned_kind=BypassNeg
declared_mutation_s=6.54166666666699981e-1
observed_injection_s=6.54166666170675426e-1
prefault_rows=424106
original_rows=32287070
equal_time_groups=44
equal_time_raw_rows=194
logic_changes=0
equal_group_cap=1024
equal_group_row_cap=4096
detector_rise_s=none
latch_off_s=none
channel_peak_after_injection_a=1.40381606934446221e1
channel_last_above_0.10a_after_injection_s=6.61999999999999922e-1
channel_peak_after_detector_a=0.00000000000000000e0
channel_last_above_0.10a_after_detector_s=none
channel_peak_after_latch_a=0.00000000000000000e0
channel_last_above_0.10a_after_latch_s=none
body_peak_after_injection_a=4.73612699676044524e-3
lboost_peak_after_injection_a=1.31541159632310833e1
f2_branch_peak_after_injection_a=2.31821933617387321e0
dboost1_branch_peak_after_injection_a=6.51906648368310915e0
dboost2_branch_peak_after_injection_a=6.51906648367927044e0
equal_group_time_s=5.01547157707616820e-1 threshold_crossing=false left=row_index=22757000:5.01547157707616709e-1,9.25246873682695963e1,-9.40996382446306678e-1,-4.10833556418344870e0,3.76892680436148169e2,3.76922435121445744e2,4.10832382398453522e0,3.76990391420592459e2,3.78224843142598104e2,-4.79436595815266982e-6,5.00000000000000000e0,4.99999999999999378e0,0.00000000000000000e0,2.87762273671323987e0,2.55862538918161420e0,5.00000000000000000e0,8.09853850647357376e-1,2.42956155194207213e0,2.19999668089242784e0,1.49999999999999716e1,3.66702419162198135e-7,1.92778205110322176e-6,-1.45403768080985353e-26,-4.46094704567430722e-2,4.99999999499999936e-9,0.00000000000000000e0,0.00000000000000000e0,0.00000000000000000e0,1.04086116764473852e-1,4.99695916591244182e-1,1.37324738430521021e0,9.34656837507158968e1,3.78224843142597767e-10,1.19651231156470559e-9,5.00000000000000000e0,0.00000000000000000e0,5.00000000000000000e0,5.00000000000000000e0,4.53041994311433882e0,2.05417366248047628e0,2.05417363080047943e0,0.00000000000000000e0 group=row_index=22757001:5.01547157707616820e-1,9.25246873679884061e1,-9.40996382731489556e-1,-4.10833556407214928e0,3.76892680436148282e2,3.76922435121445858e2,4.10832382382738714e0,3.76990391420590413e2,3.78224843142593329e2,-4.79436600018554650e-6,5.00000000000000000e0,4.99999999999999378e0,0.00000000000000000e0,2.87762273671324076e0,2.55862538918093207e0,5.00000000000000000e0,8.09854405758869689e-1,2.42956321727660907e0,2.19999818887252019e0,1.49999999999999716e1,4.45299627548386938e-7,1.92778205121424406e-6,-1.45389483369035052e-26,-4.46094704551716417e-2,4.99999999499999936e-9,0.00000000000000000e0,0.00000000000000000e0,0.00000000000000000e0,1.04086116764474559e-1,4.99695916591244349e-1,1.37324738430521132e0,9.34656837507198901e1,3.78224843142592959e-10,1.15696844440945052e-9,5.00000000000000000e0,0.00000000000000000e0,5.00000000000000000e0,5.00000000000000000e0,4.53041994297033579e0,2.05417364351605869e0,2.05417362144812810e0,0.00000000000000000e0;row_index=22757002:5.01547157707616820e-1,9.25246873679620450e1,-9.40996382757861571e-1,-4.10833556389854948e0,3.76892680436148396e2,3.76922435121445972e2,4.10832382374456984e0,3.76990391420589390e2,3.78224843142590771e2,-4.79436602265955659e-6,5.00000000000000000e0,4.99999999999999378e0,0.00000000000000000e0,2.87762273671324031e0,2.55862538918057281e0,5.00000000000000000e0,8.09854405758869689e-1,2.42956321727660907e0,2.19999818887252019e0,1.49999999999999716e1,4.86720338601987284e-7,1.92778205121424406e-6,-1.45381955893705984e-26,-4.46094704543434847e-2,4.99999999499999936e-9,0.00000000000000000e0,0.00000000000000000e0,0.00000000000000000e0,1.04086116764474948e-1,4.99695916591244238e-1,1.37324738430521065e0,9.34656837507199043e1,3.78224843142590374e-10,1.14956859466675151e-9,5.00000000000000000e0,0.00000000000000000e0,5.00000000000000000e0,5.00000000000000000e0,4.53041994289454486e0,2.05417369120222748e0,2.05417364069265806e0,0.00000000000000000e0 right=row_index=22757003:5.01547157707616931e-1,9.25246873684107811e1,-9.40996382317191404e-1,-4.10833556393055233e0,3.76892680436148510e2,3.76922435121446085e2,4.10832382363705673e0,3.76990391420588082e2,3.78224843142587304e2,-4.79436605332733566e-6,5.00000000000000000e0,4.99999999999999378e0,0.00000000000000000e0,2.87762273671324120e0,2.55862538918010607e0,5.00000000000000000e0,8.09854960870382001e-1,2.42956488261114600e0,2.19999969685261254e0,1.49999999999999716e1,5.40492726360557606e-7,1.92778205132526637e-6,-1.45372184302826377e-26,-4.46094704532683517e-2,4.99999999499999936e-9,0.00000000000000000e0,0.00000000000000000e0,0.00000000000000000e0,1.04086116764475850e-1,4.99695916591244571e-1,1.37324738430521154e0,9.34656837507279761e1,3.78224843142586910e-10,1.15953522556772821e-9,5.00000000000000000e0,0.00000000000000000e0,5.00000000000000000e0,5.00000000000000000e0,4.53041994279980553e0,2.05417367480858992e0,2.05417360678846350e0,0.00000000000000000e0
equal_group_time_s=5.01554914289574660e-1 threshold_crossing=false left=row_index=22757407:5.01554914289574549e-1,9.29385993997213973e1,-9.40886035918082064e-1,-4.10458836610655453e0,3.76890021601525007e2,3.76919776076914559e2,4.10457666938735510e0,3.76987680051012660e2,3.78222061258978044e2,-9.32079410818123794e-6,5.00000000000000000e0,4.99999999999999378e0,0.00000000000000000e0,2.87765598865712136e0,2.56957173259330141e0,5.00000000000000000e0,8.09852740424332751e-1,2.42955822127299825e0,2.19999366493224269e0,1.49999999999999716e1,-7.96636469882098782e-8,1.93885059762699541e-6,-1.35668645724460992e-29,-4.45669722169645816e-2,4.99999999499999936e-9,0.00000000000000000e0,0.00000000000000000e0,0.00000000000000000e0,1.04086116764481498e-1,4.99706324449678940e-1,1.37328579533111550e0,9.38794854356394808e1,3.78222061258977669e-10,1.26638949415344799e-9,5.00000000000000000e0,0.00000000000000000e0,5.00000000000000000e0,5.00000000000000000e0,4.52693160654007443e0,2.05230002171035508e0,2.05230003199696176e0,0.00000000000000000e0 group=row_index=22757408:5.01554914289574660e-1,9.29385993986990826e1,-9.40886036944403314e-1,-4.10458836593016940e0,3.76890021601525120e2,3.76919776076914673e2,4.10457666925825571e0,3.76987680051011068e2,3.78222061258973895e2,-9.32079413968633025e-6,5.00000000000000000e0,4.99999999999999378e0,0.00000000000000000e0,2.87765598865712136e0,2.56957173259271521e0,5.00000000000000000e0,8.09853295535845064e-1,2.42955988660753519e0,2.19999517291233504e0,1.49999999999999716e1,-1.50011512045318695e-8,1.93885059773801771e-6,-1.35657680325495457e-29,-4.45669722156736003e-2,4.99999999499999936e-9,0.00000000000000000e0,0.00000000000000000e0,0.00000000000000000e0,1.04086116764481221e-1,4.99706324449679051e-1,1.37328579533111528e0,9.38794854356434882e1,3.78222061258973533e-10,1.28745057880685694e-9,5.00000000000000000e0,0.00000000000000000e0,5.00000000000000000e0,5.00000000000000000e0,4.52693160642638759e0,2.05230010308327326e0,2.05230005264904980e0,0.00000000000000000e0;row_index=22757409:5.01554914289574660e-1,9.29385993998504318e1,-9.40886035793041642e-1,-4.10458836606824207e0,3.76890021601525234e2,3.76919776076914786e2,4.10457666918941566e0,3.76987680051010102e2,3.78222061258971621e2,-9.32079415756045847e-6,5.00000000000000000e0,4.99999999999999378e0,0.00000000000000000e0,2.87765598865712136e0,2.56957173259240257e0,5.00000000000000000e0,8.09853295535845064e-1,2.42955988660753519e0,2.19999517291233504e0,1.49999999999999716e1,1.94789667280706847e-8,1.93885059773801771e-6,-1.35651833585141778e-29,-4.45669722149851996e-2,4.99999999499999936e-9,0.00000000000000000e0,0.00000000000000000e0,0.00000000000000000e0,1.04086116764480943e-1,4.99706324449678996e-1,1.37328579533111528e0,9.38794854356434740e1,3.78222061258971206e-10,1.29886161708706257e-9,5.00000000000000000e0,0.00000000000000000e0,5.00000000000000000e0,5.00000000000000000e0,4.52693160635438652e0,2.05230013225119112e0,2.05230007931422298e0,0.00000000000000000e0;row_index=22757410:5.01554914289574660e-1,9.29385993999991484e1,-9.40886035644325935e-1,-4.10458836572530572e0,3.76890021601525348e2,3.76919776076914900e2,4.10457666910178176e0,3.76987680051008851e2,3.78222061258968608e2,-9.32079418221901566e-6,5.00000000000000000e0,4.99999999999999378e0,0.00000000000000000e0,2.87765598865712136e0,2.56957173259200466e0,5.00000000000000000e0,8.09853295535845064e-1,2.42955988660753519e0,2.19999517291233504e0,1.49999999999999716e1,6.33731192423775673e-8,1.93885059773801771e-6,-1.35644390886040474e-29,-4.45669722141088451e-2,4.99999999499999936e-9,0.00000000000000000e0,0.00000000000000000e0,0.00000000000000000e0,1.04086116764480652e-1,4.99706324449679051e-1,1.37328579533111528e0,9.38794854356434740e1,3.78222061258968208e-10,1.31545581951324465e-9,5.00000000000000000e0,0.00000000000000000e0,5.00000000000000000e0,5.00000000000000000e0,4.52693160626343705e0,2.05230010889509407e0,2.05230006813016042e0,0.00000000000000000e0 right=row_index=22757411:5.01554914289574771e-1,9.29385993993843016e1,-9.40886036267200465e-1,-4.10458836565715046e0,3.76890021601525518e2,3.76919776076915070e2,4.10457666892651485e0,3.76987680051006521e2,3.78222061258962697e2,-9.32079422939098015e-6,5.00000000000000000e0,4.99999999999999378e0,0.00000000000000000e0,2.87765598865712180e0,2.56957173259120841e0,5.00000000000000000e0,8.09853850647357376e-1,2.42956155194207213e0,2.19999668089242784e0,1.49999999999999716e1,1.51161423850620832e-7,1.93885059784904001e-6,-1.35629506712861841e-29,-4.45669722123561637e-2,4.99999999499999936e-9,0.00000000000000000e0,0.00000000000000000e0,0.00000000000000000e0,1.04086116764480249e-1,4.99706324449679218e-1,1.37328579533111594e0,9.38794854356515032e1,3.78222061258962314e-10,1.36499859859910274e-9,5.00000000000000000e0,0.00000000000000000e0,5.00000000000000000e0,5.00000000000000000e0,4.52693160609669576e0,2.05230006166790568e0,2.05230003584712639e0,0.00000000000000000e0
equal_group_time_s=5.01578160157259645e-1 threshold_crossing=false left=row_index=22758601:5.01578160157259534e-1,9.41716247395357584e1,-9.43170036500030173e-1,-4.18237128537458602e0,3.76882165951045351e2,3.76911919806251944e2,4.18235972082195140e0,3.76980958688130670e2,3.78216797505195927e2,-1.23207156260254273e-5,5.00000000000000000e0,4.99999999999999378e0,0.00000000000000000e0,2.87775594616075603e0,2.59814825802774196e0,5.00000000000000000e0,8.09854960870382001e-1,2.42956488261114600e0,2.19999969685261254e0,1.49999999999999716e1,-3.78853039569155630e-7,1.94817804854974241e-6,-2.13927919571771782e-26,-4.53300315740496132e-2,4.99999999499999936e-9,0.00000000000000000e0,0.00000000000000000e0,0.00000000000000000e0,1.04086116764471451e-1,4.99737611148316663e-1,1.37340126460503709e0,9.51147947760357937e1,3.78216797505195537e-10,1.28171790273957954e-9,5.00000000000000000e0,0.00000000000000000e0,5.00000000000000000e0,5.00000000000000000e0,4.60259212524836947e0,2.09119146823564783e0,2.09119146614311013e0,0.00000000000000000e0 group=row_index=22758602:5.01578160157259645e-1,9.41716247387027749e1,-9.43170037337025091e-1,-4.18237128528664925e0,3.76882165951045408e2,3.76911919806252001e2,4.18235972070759843e0,3.76980958688129078e2,3.78216797505192062e2,-1.23207156551258388e-5,5.00000000000000000e0,4.99999999999999378e0,0.00000000000000000e0,2.87775594616075558e0,2.59814825802721705e0,5.00000000000000000e0,8.09855515981894314e-1,2.42956654794568294e0,2.20000120483270534e0,1.49999999999999716e1,-3.21333986638464676e-7,1.94817804866076472e-6,-2.13912538959777314e-26,-4.53300315729060418e-2,4.99999999499999936e-9,0.00000000000000000e0,0.00000000000000000e0,0.00000000000000000e0,1.04086116764471506e-1,4.99737611148316552e-1,1.37340126460503642e0,9.51147947760398011e1,3.78216797505191660e-10,1.27120289896130600e-9,5.00000000000000000e0,0.00000000000000000e0,5.00000000000000000e0,5.00000000000000000e0,4.60259212513847160e0,2.09119150327434866e0,2.09119146489860919e0,0.00000000000000000e0;row_index=22758603:5.01578160157259645e-1,9.41716247399618851e1,-9.43170036077899288e-1,-4.18237128526112656e0,3.76882165951045408e2,3.76911919806252001e2,4.18235972064631056e0,3.76980958688128339e2,3.78216797505190186e2,-1.23207156691542274e-5,5.00000000000000000e0,4.99999999999999378e0,0.00000000000000000e0,2.87775594616075558e0,2.59814825802693550e0,5.00000000000000000e0,8.09855515981894314e-1,2.42956654794568294e0,2.20000120483270534e0,1.49999999999999716e1,-2.90506334743754288e-7,1.94817804866076472e-6,-2.13904296091554168e-26,-4.53300315722931224e-2,4.99999999499999936e-9,0.00000000000000000e0,0.00000000000000000e0,0.00000000000000000e0,1.04086116764470549e-1,4.99737611148316496e-1,1.37340126460503642e0,9.51147947760397869e1,3.78216797505189799e-10,1.27572367760922290e-9,5.00000000000000000e0,0.00000000000000000e0,5.00000000000000000e0,5.00000000000000000e0,4.60259212508920790e0,2.09119157311667347e0,2.09119149302888818e0,0.00000000000000000e0;row_index=22758604:5.01578160157259645e-1,9.41716247387854111e1,-9.43170037254381644e-1,-4.18237128524816626e0,3.76882165951045465e2,3.76911919806252058e2,4.18235972056924954e0,3.76980958688127487e2,3.78216797505188026e2,-1.23207156849588610e-5,5.00000000000000000e0,4.99999999999999378e0,0.00000000000000000e0,2.87775594616075603e0,2.59814825802658067e0,5.00000000000000000e0,8.09855515981894314e-1,2.42956654794568294e0,2.20000120483270534e0,1.49999999999999716e1,-2.51744789156084837e-7,1.94817804866076472e-6,-2.13893932265652938e-26,-4.53300315715224472e-2,4.99999999499999936e-9,0.00000000000000000e0,0.00000000000000000e0,0.00000000000000000e0,1.04086116764469466e-1,4.99737611148316663e-1,1.37340126460503686e0,9.51147947760397869e1,3.78216797505187679e-10,1.18975276498900053e-9,5.00000000000000000e0,0.00000000000000000e0,5.00000000000000000e0,5.00000000000000000e0,4.60259212502857462e0,2.09119158965411112e0,2.09119148364008645e0,0.00000000000000000e0 right=row_index=22758605:5.01578160157259756e-1,9.41716247393520547e1,-9.43170036691751479e-1,-4.18237128493859700e0,3.76882165951045579e2,3.76911919806252172e2,4.18235972041512838e0,3.76980958688125611e2,3.78216797505183251e2,-1.23207157221746443e-5,5.00000000000000000e0,4.99999999999999378e0,0.00000000000000000e0,2.87775594616075647e0,2.59814825802587102e0,5.00000000000000000e0,8.09856071093406626e-1,2.42956821328021988e0,2.20000271281279769e0,1.49999999999999716e1,-1.74221698308554779e-7,1.94817804877178702e-6,-2.13873206120219797e-26,-4.53300315699811385e-2,4.99999999499999936e-9,0.00000000000000000e0,0.00000000000000000e0,0.00000000000000000e0,1.04086116764469064e-1,4.99737611148316829e-1,1.37340126460503753e0,9.51147947760438086e1,3.78216797505182820e-10,1.09062811621261882e-9,5.00000000000000000e0,0.00000000000000000e0,5.00000000000000000e0,5.00000000000000000e0,4.60259212489594027e0,2.09119150731979397e0,2.09119147094704916e0,0.00000000000000000e0
equal_group_time_s=5.06775395445279386e-1 threshold_crossing=false left=row_index=23026063:5.06775395445279275e-1,9.31073635300538172e1,-9.33208969389049514e-1,-3.84664052870220985e0,3.79616022622103571e2,3.79645992308100006e2,3.84663094548755691e0,3.79710137288105329e2,3.80939588803697234e2,-1.28199833579227667e-5,5.00000000000000000e0,4.99999999999999378e0,0.00000000000000000e0,2.87674609030848805e0,2.58627112901270007e0,5.00000000000000000e0,8.09854960870382001e-1,2.42956488261114600e0,2.19999969685261254e0,1.49999999999999716e1,-3.89009784600685139e-7,1.94396704800148257e-6,5.22023595549679621e-23,-4.20174007869065919e-2,4.99999999499999936e-9,0.00000000000000000e0,0.00000000000000000e0,0.00000000000000000e0,1.04086116764480083e-1,4.99421526266556781e-1,1.37223491884613202e0,9.40405724994428738e1,3.80939588803696825e-10,1.24760566309803800e-9,5.00000000000000000e0,0.00000000000000000e0,5.00000000000000000e0,5.00000000000000000e0,4.27633200035491789e0,1.92332756825029572e0,1.92332755021564061e0,0.00000000000000000e0 group=row_index=23026064:5.06775395445279386e-1,9.31073635299440383e1,-9.33208969490804230e-1,-3.84664052851042015e0,3.79616022622103742e2,3.79645992308100176e2,3.84663094535095773e0,3.79710137288103510e2,3.80939588803692800e2,-1.28199833905811317e-5,5.00000000000000000e0,4.99999999999999378e0,0.00000000000000000e0,2.87674609030848849e0,2.58627112901186207e0,5.00000000000000000e0,8.09855515981894314e-1,2.42956654794568294e0,2.20000120483270534e0,1.49999999999999716e1,-3.21171167880555396e-7,1.94396704811250487e-6,5.21979330725902139e-23,-4.20174007855406706e-2,4.99999999499999936e-9,0.00000000000000000e0,0.00000000000000000e0,0.00000000000000000e0,1.04086116764480527e-1,4.99421526266557003e-1,1.37223491884613247e0,9.40405724994348446e1,3.80939588803692379e-10,1.20923210570546444e-9,5.00000000000000000e0,0.00000000000000000e0,5.00000000000000000e0,5.00000000000000000e0,4.27633200022228266e0,1.92332755683229073e0,1.92332754714539855e0,0.00000000000000000e0;row_index=23026065:5.06775395445279386e-1,9.31073635281915983e1,-9.33208971243227769e-1,-3.84664052840827253e0,3.79616022622103856e2,3.79645992308100290e2,3.84663094528200311e0,3.79710137288102601e2,3.80939588803690469e2,-1.28199834088032177e-5,5.00000000000000000e0,4.99999999999999378e0,0.00000000000000000e0,2.87674609030848849e0,2.58627112901143841e0,5.00000000000000000e0,8.09855515981894314e-1,2.42956654794568294e0,2.20000120483270534e0,1.49999999999999716e1,-2.86926788895468181e-7,1.94396704811250487e-6,5.21956987630333903e-23,-4.20174007848511596e-2,4.99999999499999936e-9,0.00000000000000000e0,0.00000000000000000e0,0.00000000000000000e0,1.04086116764480846e-1,4.99421526266556948e-1,1.37223491884613247e0,9.40405724994348304e1,3.80939588803690053e-10,1.20229021351676923e-9,5.00000000000000000e0,0.00000000000000000e0,5.00000000000000000e0,5.00000000000000000e0,4.27633200015407056e0,1.92332755151443457e0,1.92332758150587479e0,0.00000000000000000e0;row_index=23026066:5.06775395445279386e-1,9.31073635299769933e1,-9.33208969457848037e-1,-3.84664052840292925e0,3.79616022622103912e2,3.79645992308100347e2,3.84663094519423510e0,3.79710137288101521e2,3.80939588803687457e2,-1.28199834325424205e-5,5.00000000000000000e0,4.99999999999999378e0,0.00000000000000000e0,2.87674609030848805e0,2.58627112901089928e0,5.00000000000000000e0,8.09855515981894314e-1,2.42956654794568294e0,2.20000120483270534e0,1.49999999999999716e1,-2.43339249428860917e-7,1.94396704811250487e-6,5.21928549877382078e-23,-4.20174007839735214e-2,4.99999999499999936e-9,0.00000000000000000e0,0.00000000000000000e0,0.00000000000000000e0,1.04086116764481401e-1,4.99421526266556781e-1,1.37223491884613225e0,9.40405724994348446e1,3.80939588803687106e-10,1.27826199543086927e-9,5.00000000000000000e0,0.00000000000000000e0,5.00000000000000000e0,5.00000000000000000e0,4.27633200007827963e0,1.92332755163572466e0,1.92332757706851432e0,0.00000000000000000e0 right=row_index=23026067:5.06775395445279497e-1,9.31073635302365119e1,-9.33208969194322058e-1,-3.84664052824666669e0,3.79616022622104026e2,3.79645992308100460e2,3.84663094501870084e0,3.79710137288099361e2,3.80939588803681545e2,-1.28199834786493631e-5,5.00000000000000000e0,4.99999999999999378e0,0.00000000000000000e0,2.87674609030848760e0,2.58627112900982148e0,5.00000000000000000e0,8.09856071093406626e-1,2.42956821328021988e0,2.20000271281279769e0,1.49999999999999716e1,-1.56164170910164168e-7,1.94396704822352717e-6,5.21871679019469372e-23,-4.20174007822182727e-2,4.99999999499999936e-9,0.00000000000000000e0,0.00000000000000000e0,0.00000000000000000e0,1.04086116764481845e-1,4.99421526266556726e-1,1.37223491884613136e0,9.40405724994308372e1,3.80939588803681161e-10,1.30773125515578613e-9,5.00000000000000000e0,0.00000000000000000e0,5.00000000000000000e0,5.00000000000000000e0,4.27633199992669688e0,1.92332756195723098e0,1.92332753977964410e0,0.00000000000000000e0
equal_group_time_s=5.06790867820901658e-1 threshold_crossing=false left=row_index=23026865:5.06790867820901547e-1,9.22832861440780192e1,-9.31688043609735894e-1,-3.79619986975728807e0,3.79610168745204987e2,3.79640137969053228e2,3.79619021481223662e0,3.79703532997410775e2,3.80932002139004908e2,-5.49614388219230986e-6,5.00000000000000000e0,4.99999999999999378e0,0.00000000000000000e0,2.87669235931799339e0,2.56583424832246054e0,5.00000000000000000e0,8.09853850647357376e-1,2.42956155194207213e0,2.19999668089242784e0,1.49999999999999716e1,3.30865599442638422e-7,1.92531584763955266e-6,-6.37772374229115804e-28,-4.15226229000340147e-2,4.99999999499999936e-9,0.00000000000000000e0,0.00000000000000000e0,0.00000000000000000e0,1.04086116764469536e-1,4.99404708466531955e-1,1.37217287544296074e0,9.32149741876877584e1,3.80932002139004550e-10,1.32992188055360613e-9,5.00000000000000000e0,0.00000000000000000e0,5.00000000000000000e0,5.00000000000000000e0,4.22633522383648597e0,1.89810726641488214e0,1.89810724763443095e0,0.00000000000000000e0 group=row_index=23026866:5.06790867820901658e-1,9.22832861437081675e1,-9.31688043975568037e-1,-3.79619986963285783e0,3.79610168745205101e2,3.79640137969053342e2,3.79619021464853601e0,3.79703532997408558e2,3.80932002138999394e2,-5.49614392895840411e-6,5.00000000000000000e0,4.99999999999999378e0,0.00000000000000000e0,2.87669235931799383e0,2.56583424832146623e0,5.00000000000000000e0,8.09854405758869689e-1,2.42956321727660907e0,2.19999818887252019e0,1.49999999999999716e1,4.11940302519335916e-7,1.92531584775057496e-6,-6.37707743492826912e-28,-4.15226228983971712e-2,4.99999999499999936e-9,0.00000000000000000e0,0.00000000000000000e0,0.00000000000000000e0,1.04086116764469327e-1,4.99404708466532121e-1,1.37217287544296163e0,9.32149741876837368e1,3.80932002138999019e-10,1.32436440040622129e-9,5.00000000000000000e0,0.00000000000000000e0,5.00000000000000000e0,5.00000000000000000e0,4.22633522368111425e0,1.89810725001950842e0,1.89810723424813799e0,0.00000000000000000e0;row_index=23026867:5.06790867820901658e-1,9.22832861455227231e1,-9.31688042160985885e-1,-3.79619986938507736e0,3.79610168745205272e2,3.79640137969053512e2,3.79619021456244976e0,3.79703532997407422e2,3.80932002138996609e2,-5.49614395270293144e-6,5.00000000000000000e0,4.99999999999999378e0,0.00000000000000000e0,2.87669235931799383e0,2.56583424832094398e0,5.00000000000000000e0,8.09854405758869689e-1,2.42956321727660907e0,2.19999818887252019e0,1.49999999999999716e1,4.54575438412007049e-7,1.92531584775057496e-6,-6.37673758450842489e-28,-4.15226228975363945e-2,4.99999999499999936e-9,0.00000000000000000e0,0.00000000000000000e0,0.00000000000000000e0,1.04086116764469425e-1,4.99404708466532121e-1,1.37217287544296163e0,9.32149741876837084e1,3.80932002138996175e-10,1.28969044893825460e-9,5.00000000000000000e0,0.00000000000000000e0,5.00000000000000000e0,5.00000000000000000e0,4.22633522359395464e0,1.89810727915579758e0,1.89810723884578203e0,0.00000000000000000e0 right=row_index=23026868:5.06790867820901769e-1,9.22832861442187919e1,-9.31688043456847970e-1,-3.79619986943703225e0,3.79610168745205499e2,3.79640137969053740e2,3.79619021445035987e0,3.79703532997405830e2,3.80932002138992914e2,-5.49614398399943935e-6,5.00000000000000000e0,4.99999999999999378e0,0.00000000000000000e0,2.87669235931799383e0,2.56583424832026408e0,5.00000000000000000e0,8.09854960870382001e-1,2.42956488261114600e0,2.19999969685261254e0,1.49999999999999716e1,5.10088823636405502e-7,1.92531584786159726e-6,-6.37629510696780036e-28,-4.15226228964156313e-2,4.99999999499999936e-9,0.00000000000000000e0,0.00000000000000000e0,0.00000000000000000e0,1.04086116764468856e-1,4.99404708466532121e-1,1.37217287544296140e0,9.32149741876756366e1,3.80932002138992505e-10,1.29911439401927824e-9,5.00000000000000000e0,0.00000000000000000e0,5.00000000000000000e0,5.00000000000000000e0,4.22633522347268809e0,1.89810731213221429e0,1.89810723534430137e0,0.00000000000000000e0
equal_group_time_s=5.09912329090649319e-1 threshold_crossing=false left=row_index=23170897:5.09912329090649208e-1,-2.20474264768677397e0,9.29543213352456519e1,4.20638827505819357e0,3.77333898695539858e2,3.77363688213857870e2,4.20637669940468761e0,3.77433089252181219e2,3.78669375581779491e2,-1.09562703108058855e-5,5.00000000000000000e0,4.99999999999999378e0,0.00000000000000000e0,2.87890159158485748e0,2.59685265459194037e0,5.00000000000000000e0,8.09855515981894314e-1,2.42956654794568294e0,2.20000120483270534e0,1.49999999999999716e1,-2.18794433255845828e-7,1.94468081859966446e-6,-2.16043535866245894e-27,-4.55752834503424381e-2,4.99999999499999936e-9,0.00000000000000000e0,0.00000000000000000e0,0.00000000000000000e0,1.04086116764464845e-1,5.00096198166060324e-1,1.37472504211919833e0,-9.51590639829324232e1,3.78669375581779135e-10,1.25659200380522595e-9,5.00000000000000000e0,0.00000000000000000e0,5.00000000000000000e0,5.00000000000000000e0,4.62673588822326565e0,2.10319994059661575e0,2.10319992885953111e0,0.00000000000000000e0 group=row_index=23170898:5.09912329090649319e-1,-2.20474264719237745e0,9.29543213357440408e1,4.20638827494097622e0,3.77333898695539972e2,3.77363688213857984e2,4.20637669924021740e0,3.77433089252179059e2,3.78669375581774318e2,-1.09562703501650044e-5,5.00000000000000000e0,4.99999999999999378e0,0.00000000000000000e0,2.87890159158485792e0,2.59685265459120895e0,5.00000000000000000e0,8.09856071093406626e-1,2.42956821328021988e0,2.20000271281279769e0,1.49999999999999716e1,-1.36186661932049527e-7,1.94468081871068676e-6,-2.16021228423024133e-27,-4.55752834486976982e-2,4.99999999499999936e-9,0.00000000000000000e0,0.00000000000000000e0,0.00000000000000000e0,1.04086116764465414e-1,5.00096198166060657e-1,1.37472504211919877e0,-9.51590639829364164e1,3.78669375581773965e-10,1.23730713335697332e-9,5.00000000000000000e0,0.00000000000000000e0,5.00000000000000000e0,5.00000000000000000e0,4.62673588807168379e0,2.10319994739440208e0,2.10319992497489316e0,0.00000000000000000e0;row_index=23170899:5.09912329090649319e-1,-2.20474264756173932e0,9.29543213353746864e1,4.20638827477842980e0,3.77333898695540029e2,3.77363688213858040e2,4.20637669915555712e0,3.77433089252177922e2,3.78669375581771533e2,-1.09562703708336620e-5,5.00000000000000000e0,4.99999999999999378e0,0.00000000000000000e0,2.87890159158485748e0,2.59685265459083237e0,5.00000000000000000e0,8.09856071093406626e-1,2.42956821328021988e0,2.20000271281279769e0,1.49999999999999716e1,-9.36646318735359697e-8,1.94468081871068676e-6,-2.16009746651039972e-27,-4.55752834478510699e-2,4.99999999499999936e-9,0.00000000000000000e0,0.00000000000000000e0,0.00000000000000000e0,1.04086116764465372e-1,5.00096198166060435e-1,1.37472504211919788e0,-9.51590639829364306e1,3.78669375581771173e-10,1.26456964400771691e-9,5.00000000000000000e0,0.00000000000000000e0,5.00000000000000000e0,5.00000000000000000e0,4.62673588799210300e0,2.10320001899232789e0,2.10319995674220861e0,0.00000000000000000e0 right=row_index=23170900:5.09912329090649430e-1,-2.20474264856076729e0,9.29543213343836641e1,4.20638827473596155e0,3.77333898695540199e2,3.77363688213858211e2,4.20637669904377898e0,3.77433089252176387e2,3.78669375581767781e2,-1.09562703995675709e-5,5.00000000000000000e0,4.99999999999999378e0,0.00000000000000000e0,2.87890159158485659e0,2.59685265459033543e0,5.00000000000000000e0,8.09856626204918939e-1,2.42956987861475682e0,2.20000422079289004e0,1.49999999999999716e1,-3.75230138485568311e-8,1.94468081882170907e-6,-2.15994588261133294e-27,-4.55752834467332765e-2,4.99999999499999936e-9,0.00000000000000000e0,0.00000000000000000e0,0.00000000000000000e0,1.04086116764465011e-1,5.00096198166059991e-1,1.37472504211919722e0,-9.51590639829444314e1,3.78669375581767399e-10,1.25642309368159769e-9,5.00000000000000000e0,0.00000000000000000e0,5.00000000000000000e0,5.00000000000000000e0,4.62673588787841616e0,2.10319997209722587e0,2.10319993287018336e0,0.00000000000000000e0
equal_group_time_s=5.15101817670293061e-1 threshold_crossing=false left=row_index=23438356:5.15101817670292950e-1,-2.09400276971609989e0,9.23143109573153566e1,3.87016497778004176e0,3.80072062979587201e2,3.80102068668769732e2,3.87015540955022708e0,3.80166559631308075e2,3.81396467165947058e2,-1.08432808737953804e-5,5.00000000000000000e0,4.99999999999999378e0,0.00000000000000000e0,2.87781850279331364e0,2.59084786123651023e0,5.00000000000000000e0,8.09853850647357376e-1,2.42956155194207213e0,2.19999668089242784e0,1.49999999999999716e1,-1.90215355525276845e-7,1.93927485347966666e-6,6.96375133018457016e-23,-4.22538035726020694e-2,4.99999999499999936e-9,0.00000000000000000e0,0.00000000000000000e0,0.00000000000000000e0,1.04086116764479708e-1,4.99757191374307130e-1,1.37347353147378870e0,-9.44083137270314552e1,3.81396467165946653e-10,1.31925711046135564e-9,5.00000000000000000e0,0.00000000000000000e0,5.00000000000000000e0,5.00000000000000000e0,4.29939750255622766e0,1.93508977168991936e0,1.93508975225331192e0,0.00000000000000000e0 group=row_index=23438357:5.15101817670293061e-1,-2.09400277026294557e0,9.23143109567604796e1,3.87016497758115996e0,3.80072062979587372e2,3.80102068668769903e2,3.87015540940298752e0,3.80166559631306086e2,3.81396467165942113e2,-1.08432809114769777e-5,5.00000000000000000e0,4.99999999999999378e0,0.00000000000000000e0,2.87781850279331364e0,2.59084786123561228e0,5.00000000000000000e0,8.09854405758869689e-1,2.42956321727660907e0,2.19999818887252019e0,1.49999999999999716e1,-1.17116923466855220e-7,1.93927485359068896e-6,6.96311506008948203e-23,-4.22538035711297888e-2,4.99999999499999936e-9,0.00000000000000000e0,0.00000000000000000e0,0.00000000000000000e0,1.04086116764479944e-1,4.99757191374307241e-1,1.37347353147378848e0,-9.44083137270234261e1,3.81396467165941742e-10,1.33730661928957205e-9,5.00000000000000000e0,0.00000000000000000e0,5.00000000000000000e0,5.00000000000000000e0,4.29939750241222463e0,1.93508975792430693e0,1.93508975515832837e0,0.00000000000000000e0;row_index=23438358:5.15101817670293061e-1,-2.09400277034316940e0,9.23143109566802451e1,3.87016497752391331e0,3.80072062979587372e2,3.80102068668769903e2,3.87015540932502411e0,3.80166559631305063e2,3.81396467165939384e2,-1.08432809332868632e-5,5.00000000000000000e0,4.99999999999999378e0,0.00000000000000000e0,2.87781850279331319e0,2.59084786123513666e0,5.00000000000000000e0,8.09854405758869689e-1,2.42956321727660907e0,2.19999818887252019e0,1.49999999999999716e1,-7.84110702442667813e-8,1.93927485359068896e-6,6.96277817658248257e-23,-4.22538035703501971e-2,4.99999999499999936e-9,0.00000000000000000e0,0.00000000000000000e0,0.00000000000000000e0,1.04086116764479861e-1,4.99757191374307019e-1,1.37347353147378803e0,-9.44083137270234118e1,3.81396467165939053e-10,1.37272094139007934e-9,5.00000000000000000e0,0.00000000000000000e0,5.00000000000000000e0,5.00000000000000000e0,4.29939750234401252e0,1.93508981413656089e0,1.93508971489372361e0,0.00000000000000000e0 right=row_index=23438359:5.15101817670293172e-1,-2.09400276888596260e0,9.23143109581334755e1,3.87016497741677590e0,3.80072062979587372e2,3.80102068668769903e2,3.87015540922452628e0,3.80166559631303642e2,3.81396467165935690e2,-1.08432809626034459e-5,5.00000000000000000e0,4.99999999999999378e0,0.00000000000000000e0,2.87781850279331275e0,2.59084786123452293e0,5.00000000000000000e0,8.09854960870382001e-1,2.42956488261114600e0,2.19999969685261254e0,1.49999999999999716e1,-2.85184336482377623e-8,1.93927485370171127e-6,6.96234395089447233e-23,-4.22538035693452857e-2,4.99999999499999936e-9,0.00000000000000000e0,0.00000000000000000e0,0.00000000000000000e0,1.04086116764480097e-1,4.99757191374306853e-1,1.37347353147378759e0,-9.44083137270194328e1,3.81396467165935331e-10,1.40644084733861030e-9,5.00000000000000000e0,0.00000000000000000e0,5.00000000000000000e0,5.00000000000000000e0,4.29939750224927320e0,1.93508976827275370e0,1.93508975061321786e0,0.00000000000000000e0
equal_group_time_s=5.18231001959076898e-1 threshold_crossing=false left=row_index=23582842:5.18231001959076787e-1,9.34393839668520201e1,-9.41617503256687582e-1,-4.12944815501759876e0,3.77788265317785658e2,3.77818090707152805e2,4.12943647888609000e0,3.77886370030166347e2,3.79121218488183786e2,-8.14416872700514959e-6,5.00000000000000000e0,4.99999999999999378e0,0.00000000000000000e0,2.87980095464291397e0,2.58087666356732548e0,5.00000000000000000e0,8.09853295535845064e-1,2.42955988660753519e0,2.19999517291233504e0,1.49999999999999716e1,4.89317544881453046e-8,1.93614544929943122e-6,-5.25567061408307424e-30,-4.48205280785885507e-2,4.99999999499999936e-9,0.00000000000000000e0,0.00000000000000000e0,0.00000000000000000e0,1.04086116764469105e-1,5.00377698803232129e-1,1.37576469052954575e0,9.43810014701087141e1,3.79121218488183383e-10,1.33049234403805391e-9,5.00000000000000000e0,0.00000000000000000e0,5.00000000000000000e0,5.00000000000000000e0,4.55195486756944501e0,2.06472995673652227e0,2.06472994303500057e0,0.00000000000000000e0 group=row_index=23582843:5.18231001959076898e-1,9.34393839665573864e1,-9.41617503555324142e-1,-4.12944815486366679e0,3.77788265317785715e2,3.77818090707152862e2,4.12943647873079200e0,3.77886370030164301e2,3.79121218488178783e2,-8.14416876653683961e-6,5.00000000000000000e0,4.99999999999999378e0,0.00000000000000000e0,2.87980095464291486e0,2.58087666356660961e0,5.00000000000000000e0,8.09853850647357376e-1,2.42956155194207213e0,2.19999668089242784e0,1.49999999999999716e1,1.26606898139793991e-7,1.93614544941045352e-6,-5.25516034511422256e-30,-4.48205280770355638e-2,4.99999999499999936e-9,0.00000000000000000e0,0.00000000000000000e0,0.00000000000000000e0,1.04086116764468356e-1,5.00377698803232462e-1,1.37576469052954686e0,9.43810014701127074e1,3.79121218488178420e-10,1.34643808298293911e-9,5.00000000000000000e0,0.00000000000000000e0,5.00000000000000000e0,5.00000000000000000e0,4.55195486742923094e0,2.06472995098551326e0,2.06472993916013747e0,0.00000000000000000e0;row_index=23582844:5.18231001959076898e-1,9.34393839670645576e1,-9.41617503048155391e-1,-4.12944815472383198e0,3.77788265317785829e2,3.77818090707152976e2,4.12943647864725261e0,3.77886370030163221e2,3.79121218488176169e2,-8.14416878813939849e-6,5.00000000000000000e0,4.99999999999999378e0,0.00000000000000000e0,2.87980095464291486e0,2.58087666356622458e0,5.00000000000000000e0,8.09853850647357376e-1,2.42956155194207213e0,2.19999668089242784e0,1.49999999999999716e1,1.68390658099230590e-7,1.93614544941045352e-6,-5.25488587681741887e-30,-4.48205280762001626e-2,4.99999999499999936e-9,0.00000000000000000e0,0.00000000000000000e0,0.00000000000000000e0,1.04086116764467801e-1,5.00377698803232351e-1,1.37576469052954686e0,9.43810014701127074e1,3.79121218488175835e-10,1.31748713066347102e-9,5.00000000000000000e0,0.00000000000000000e0,5.00000000000000000e0,5.00000000000000000e0,4.55195486734965016e0,2.06472995910695989e0,2.06472995060514108e0,0.00000000000000000e0 right=row_index=23582845:5.18231001959077009e-1,9.34393839669390047e1,-9.41617503181733095e-1,-4.12944815470694948e0,3.77788265317785999e2,3.77818090707153146e2,4.12943647854134621e0,3.77886370030161856e2,3.79121218488172701e2,-8.14416881545020558e-6,5.00000000000000000e0,4.99999999999999378e0,0.00000000000000000e0,2.87980095464291441e0,2.58087666356573608e0,5.00000000000000000e0,8.09854405758869689e-1,2.42956321727660907e0,2.19999818887252019e0,1.49999999999999716e1,2.21361562709131953e-7,1.93614544952147583e-6,-5.25453794324114137e-30,-4.48205280751410931e-2,4.99999999499999936e-9,0.00000000000000000e0,0.00000000000000000e0,0.00000000000000000e0,1.04086116764467468e-1,5.00377698803232351e-1,1.37576469052954642e0,9.43810014701207365e1,3.79121218488172371e-10,1.34787512851708470e-9,5.00000000000000000e0,0.00000000000000000e0,5.00000000000000000e0,5.00000000000000000e0,4.55195486724733200e0,2.06473001705268322e0,2.06472996482035498e0,0.00000000000000000e0
equal_group_time_s=5.18246506358056691e-1 threshold_crossing=false left=row_index=23583640:5.18246506358056580e-1,9.42605282856819144e1,-9.43236846847496757e-1,-4.18465353811933483e0,3.77783028950307141e2,3.77812853926276887e2,4.18464194988894800e0,3.77881947924528049e2,3.79117829319144391e2,-1.29327335648317127e-5,5.00000000000000000e0,4.99999999999999378e0,0.00000000000000000e0,2.87986737171840534e0,2.59943474826709631e0,5.00000000000000000e0,8.09852185312820438e-1,2.42955655593846132e0,2.19999215695215034e0,1.49999999999999716e1,-4.04073226459134785e-7,1.94951760645878380e-6,1.10546581343981599e-25,-4.53628210632915640e-2,4.99999999499999936e-9,0.00000000000000000e0,0.00000000000000000e0,0.00000000000000000e0,1.04086116764478903e-1,5.00398487347860854e-1,1.37584148312196675e0,9.52037651325294121e1,3.79117829319144051e-10,1.25664997590202411e-9,5.00000000000000000e0,0.00000000000000000e0,5.00000000000000000e0,5.00000000000000000e0,4.60626655007748376e0,2.09233259281085404e0,2.09233258421576274e0,0.00000000000000000e0 group=row_index=23583641:5.18246506358056691e-1,9.42605282855224687e1,-9.43236847014924940e-1,-4.18465353799575723e0,3.77783028950307198e2,3.77812853926276944e2,4.18464194972746650e0,3.77881947924525889e2,3.79117829319139332e2,-1.29327336030197798e-5,5.00000000000000000e0,4.99999999999999378e0,0.00000000000000000e0,2.87986737171840579e0,2.59943474826634890e0,5.00000000000000000e0,8.09852740424332751e-1,2.42955822127299825e0,2.19999366493224269e0,1.49999999999999716e1,-3.23078756920230615e-7,1.94951760656980611e-6,1.10535389832787785e-25,-4.53628210616767030e-2,4.99999999499999936e-9,0.00000000000000000e0,0.00000000000000000e0,0.00000000000000000e0,1.04086116764478889e-1,5.00398487347861076e-1,1.37584148312196697e0,9.52037651325373986e1,3.79117829319138984e-10,1.21872801621069146e-9,5.00000000000000000e0,0.00000000000000000e0,5.00000000000000000e0,5.00000000000000000e0,4.60626654992969087e0,2.09233264898524451e0,2.09233260983125913e0,0.00000000000000000e0;row_index=23583642:5.18246506358056691e-1,9.42605282849144288e1,-9.43236847622969665e-1,-4.18465353775360427e0,3.77783028950307255e2,3.77812853926277000e2,4.18464194964254244e0,3.77881947924524809e2,3.79117829319136774e2,-1.29327336218462475e-5,5.00000000000000000e0,4.99999999999999378e0,0.00000000000000000e0,2.87986737171840534e0,2.59943474826595544e0,5.00000000000000000e0,8.09852740424332751e-1,2.42955822127299825e0,2.19999366493224269e0,1.49999999999999716e1,-2.80482869936867421e-7,1.94951760656980611e-6,1.10529504547920027e-25,-4.53628210608274171e-2,4.99999999499999936e-9,0.00000000000000000e0,0.00000000000000000e0,0.00000000000000000e0,1.04086116764478487e-1,5.00398487347860743e-1,1.37584148312196675e0,9.52037651325373986e1,3.79117829319136399e-10,1.21733220261295359e-9,5.00000000000000000e0,0.00000000000000000e0,5.00000000000000000e0,5.00000000000000000e0,4.60626654985389905e0,2.09233256987577487e0,2.09233256119079103e0,0.00000000000000000e0 right=row_index=23583643:5.18246506358056802e-1,9.42605282850999657e1,-9.43236847441427106e-1,-4.18465353776565507e0,3.77783028950307369e2,3.77812853926277114e2,4.18464194953197577e0,3.77881947924523331e2,3.79117829319133534e2,-1.29327336452532051e-5,5.00000000000000000e0,4.99999999999999378e0,0.00000000000000000e0,2.87986737171840534e0,2.59943474826544429e0,5.00000000000000000e0,8.09853295535845064e-1,2.42955988660753519e0,2.19999517291233504e0,1.49999999999999716e1,-2.25025800936114352e-7,1.94951760668082841e-6,1.10521842760072595e-25,-4.53628210597216974e-2,4.99999999499999936e-9,0.00000000000000000e0,0.00000000000000000e0,0.00000000000000000e0,1.04086116764478279e-1,5.00398487347860854e-1,1.37584148312196675e0,9.52037651325413918e1,3.79117829319133194e-10,1.16204731319844288e-9,5.00000000000000000e0,0.00000000000000000e0,5.00000000000000000e0,5.00000000000000000e0,4.60626654974779193e0,2.09233266099078508e0,2.09233258054020510e0,0.00000000000000000e0
equal_group_time_s=5.23459211787144829e-1 threshold_crossing=false left=row_index=23852569:5.23459211787144718e-1,9.21928984375648213e1,-9.32384832906199668e-1,-3.81928069168219508e0,3.80521822125609106e2,3.80551863322092686e2,3.81927099674518944e0,3.80615623776496022e2,3.81844543220152957e2,-5.15642161861682607e-6,5.00000000000000000e0,4.99999999999999378e0,0.00000000000000000e0,2.87842357989850273e0,2.56805145795622103e0,5.00000000000000000e0,8.09854405758869689e-1,2.42956321727660907e0,2.19999818887252019e0,1.49999999999999716e1,3.67462205094008416e-7,1.92442085167332522e-6,-1.80150186076643260e-28,-4.17658042192112638e-2,4.99999999499999936e-9,0.00000000000000000e0,0.00000000000000000e0,0.00000000000000000e0,1.04086116764484940e-1,4.99946580508231431e-1,1.37417262867231349e0,9.31252832704710158e1,3.81844543220152558e-10,1.37795603291953559e-9,5.00000000000000000e0,0.00000000000000000e0,5.00000000000000000e0,5.00000000000000000e0,4.25069696022243715e0,1.90964765762951139e0,1.90964765984719853e0,0.00000000000000000e0 group=row_index=23852570:5.23459211787144829e-1,9.21928984371496654e1,-9.32384833313283257e-1,-3.81928069156572292e0,3.80521822125609276e2,3.80551863322092856e2,3.81927099657635916e0,3.80615623776493692e2,3.81844543220147500e2,-5.15642166440373074e-6,5.00000000000000000e0,4.99999999999999378e0,0.00000000000000000e0,2.87842357989850184e0,2.56805145795521028e0,5.00000000000000000e0,8.09854960870382001e-1,2.42956488261114600e0,2.19999969685261254e0,1.49999999999999716e1,4.50787734036890999e-7,1.92442085178434752e-6,-1.80131423165712056e-28,-4.17658042175231281e-2,4.99999999499999936e-9,0.00000000000000000e0,0.00000000000000000e0,0.00000000000000000e0,1.04086116764485745e-1,4.99946580508231042e-1,1.37417262867231216e0,9.31252832704629441e1,3.81844543220147130e-10,1.36638986854351228e-9,5.00000000000000000e0,0.00000000000000000e0,5.00000000000000000e0,5.00000000000000000e0,4.25069696005569675e0,1.90964766529907037e0,1.90964767289827342e0,0.00000000000000000e0;row_index=23852571:5.23459211787144829e-1,9.21928984373415545e1,-9.32384833121392753e-1,-3.81928069129861569e0,3.80521822125609390e2,3.80551863322092970e2,3.81927099648737967e0,3.80615623776492498e2,3.81844543220144658e2,-5.15642168833280368e-6,5.00000000000000000e0,4.99999999999999378e0,0.00000000000000000e0,2.87842357989850095e0,2.56805145795467826e0,5.00000000000000000e0,8.09854960870382001e-1,2.42956488261114600e0,2.19999969685261254e0,1.49999999999999716e1,4.94703259408079159e-7,1.92442085178434752e-6,-1.80121535228854053e-28,-4.17658042166334162e-2,4.99999999499999936e-9,0.00000000000000000e0,0.00000000000000000e0,0.00000000000000000e0,1.04086116764485884e-1,4.99946580508230820e-1,1.37417262867231127e0,9.31252832704629441e1,3.81844543220144235e-10,1.32052863202872796e-9,5.00000000000000000e0,0.00000000000000000e0,5.00000000000000000e0,5.00000000000000000e0,4.25069695996853625e0,1.90964768934720985e0,1.90964766315387990e0,0.00000000000000000e0 right=row_index=23852572:5.23459211787144940e-1,9.21928984380568863e1,-9.32384832398008734e-1,-3.81928069124268177e0,3.80521822125609503e2,3.80551863322093084e2,3.81927099637190137e0,3.80615623776490963e2,3.81844543220141020e2,-5.15642171963188742e-6,5.00000000000000000e0,4.99999999999999378e0,0.00000000000000000e0,2.87842357989850051e0,2.56805145795398770e0,5.00000000000000000e0,8.09855515981894314e-1,2.42956654794568294e0,2.20000120483270534e0,1.49999999999999716e1,5.51696653462822064e-7,1.92442085189536982e-6,-1.80108703512997855e-28,-4.17658042154787496e-2,4.99999999499999936e-9,0.00000000000000000e0,0.00000000000000000e0,0.00000000000000000e0,1.04086116764485717e-1,4.99946580508230765e-1,1.37417262867231083e0,9.31252832704549007e1,3.81844543220140667e-10,1.31548677237503205e-9,5.00000000000000000e0,0.00000000000000000e0,5.00000000000000000e0,5.00000000000000000e0,4.25069695985863927e0,1.90964771833377900e0,1.90964767001908409e0,0.00000000000000000e0
equal_group_time_s=5.26580674444621644e-1 threshold_crossing=false left=row_index=23996670:5.26580674444621533e-1,-2.20324957752870665e0,9.30447209374364235e1,4.20184978781529495e0,3.78237219846993639e2,3.78267080680139429e2,4.20183818813680876e0,3.78336434724122114e2,3.79572636579254208e2,-1.12790893450691492e-5,5.00000000000000000e0,4.99999999999999378e0,0.00000000000000000e0,2.88036770895479943e0,2.59169644425639545e0,5.00000000000000000e0,8.09854405758869689e-1,2.42956321727660907e0,2.19999818887252019e0,1.49999999999999716e1,-2.80307926334557785e-7,1.94517355178724927e-6,-6.55971029297618153e-24,-4.55398556550928868e-2,4.99999999499999936e-9,0.00000000000000000e0,0.00000000000000000e0,0.00000000000000000e0,1.04086116764476530e-1,5.00555092902852383e-1,1.37642005073097384e0,-9.52479705149651323e1,3.79572636579253862e-10,1.27312025037089199e-9,5.00000000000000000e0,0.00000000000000000e0,5.00000000000000000e0,5.00000000000000000e0,4.62360293217898288e0,2.10093076247183674e0,2.10093073008452214e0,0.00000000000000000e0 group=row_index=23996671:5.26580674444621644e-1,-2.20324957804999944e0,9.30447209369191199e1,4.20184978772407725e0,3.78237219846993810e2,3.78267080680139600e2,4.20183818802441689e0,3.78336434724120693e2,3.79572636579250627e2,-1.12790893720474890e-5,5.00000000000000000e0,4.99999999999999378e0,0.00000000000000000e0,2.88036770895479899e0,2.59169644425590118e0,5.00000000000000000e0,8.09854960870382001e-1,2.42956488261114600e0,2.19999969685261254e0,1.49999999999999716e1,-2.24016566494869418e-7,1.94517355189827157e-6,-6.55924874042580139e-24,-4.55398556539689386e-2,4.99999999499999936e-9,0.00000000000000000e0,0.00000000000000000e0,0.00000000000000000e0,1.04086116764477557e-1,5.00555092902852161e-1,1.37642005073097295e0,-9.52479705149691256e1,3.79572636579250243e-10,1.29948533245902423e-9,5.00000000000000000e0,0.00000000000000000e0,5.00000000000000000e0,5.00000000000000000e0,4.62360293207287576e0,2.10093076797221023e0,2.10093074261578883e0,0.00000000000000000e0;row_index=23996672:5.26580674444621644e-1,-2.20324957689233925e0,9.30447209380767930e1,4.20184978768259665e0,3.78237219846993867e2,3.78267080680139657e2,4.20183818796411224e0,3.78336434724120011e2,3.79572636579248808e2,-1.12790893858386762e-5,5.00000000000000000e0,4.99999999999999378e0,0.00000000000000000e0,2.88036770895479854e0,2.59169644425563561e0,5.00000000000000000e0,8.09854960870382001e-1,2.42956488261114600e0,2.19999969685261254e0,1.49999999999999716e1,-1.93812737421785312e-7,1.94517355189827157e-6,-6.55900110205264752e-24,-4.55398556533658586e-2,4.99999999499999936e-9,0.00000000000000000e0,0.00000000000000000e0,0.00000000000000000e0,1.04086116764477501e-1,5.00555092902851939e-1,1.37642005073097295e0,-9.52479705149691256e1,3.79572636579248434e-10,1.32817534121367308e-9,5.00000000000000000e0,0.00000000000000000e0,5.00000000000000000e0,5.00000000000000000e0,4.62360293202361117e0,2.10093078109099141e0,2.10093068309399378e0,0.00000000000000000e0;row_index=23996673:5.26580674444621644e-1,-2.20324957800487642e0,9.30447209369642820e1,4.20184978752899241e0,3.78237219846993867e2,3.78267080680139657e2,4.20183818788847141e0,3.78336434724119044e2,3.79572636579246421e2,-1.12790894026558835e-5,5.00000000000000000e0,4.99999999999999378e0,0.00000000000000000e0,2.88036770895479899e0,2.59169644425530210e0,5.00000000000000000e0,8.09854960870382001e-1,2.42956488261114600e0,2.19999969685261254e0,1.49999999999999716e1,-1.55928186524152251e-7,1.94517355189827157e-6,-6.55869050337581156e-24,-4.55398556526094150e-2,4.99999999499999936e-9,0.00000000000000000e0,0.00000000000000000e0,0.00000000000000000e0,1.04086116764476919e-1,5.00555092902852050e-1,1.37642005073097340e0,-9.52479705149691540e1,3.79572636579246004e-10,1.31810531192654015e-9,5.00000000000000000e0,0.00000000000000000e0,5.00000000000000000e0,5.00000000000000000e0,4.62360293195918892e0,2.10093067732699934e0,2.10093069009983280e0,0.00000000000000000e0 right=row_index=23996674:5.26580674444621755e-1,-2.20324957764737794e0,9.30447209373297426e1,4.20184978739123061e0,3.78237219846994151e2,3.78267080680139941e2,4.20183818773718709e0,3.78336434724116941e2,3.79572636579241419e2,-1.12790894386599642e-5,5.00000000000000000e0,4.99999999999999378e0,0.00000000000000000e0,2.88036770895480077e0,2.59169644425463597e0,5.00000000000000000e0,8.09855515981894314e-1,2.42956654794568294e0,2.20000120483270534e0,1.49999999999999716e1,-8.01590850420291534e-8,1.94517355200929387e-6,-6.55806935014589674e-24,-4.55398556510965558e-2,4.99999999499999936e-9,0.00000000000000000e0,0.00000000000000000e0,0.00000000000000000e0,1.04086116764476030e-1,5.00555092902852716e-1,1.37642005073097562e0,-9.52479705149771263e1,3.79572636579241041e-10,1.38842088377809041e-9,5.00000000000000000e0,0.00000000000000000e0,5.00000000000000000e0,5.00000000000000000e0,4.62360293180002735e0,2.10093070995006359e0,2.10093072628175825e0,0.00000000000000000e0
equal_group_time_s=5.31785641643861662e-1 threshold_crossing=false left=row_index=24264679:5.31785641643861551e-1,-2.06891126823454075e0,9.14252852469454353e1,3.79410149844573574e0,3.80913875998598826e2,3.80943948146703917e2,3.79409181851884547e0,3.81007339341113095e2,3.82235767479198273e2,-6.53510764987670495e-6,5.00000000000000000e0,4.99999999999999378e0,0.00000000000000000e0,2.87912129368462422e0,2.56708706385817553e0,5.00000000000000000e0,8.09854960870382001e-1,2.42956488261114600e0,2.19999969685261254e0,1.49999999999999716e1,2.39809522823698766e-7,1.92736036030982660e-6,-1.40928571200470871e-23,-4.15141947646034681e-2,4.99999999499999936e-9,0.00000000000000000e0,0.00000000000000000e0,0.00000000000000000e0,1.04086116764475420e-1,5.00164964923287436e-1,1.37497897773917277e0,-9.34941965151799792e1,3.82235767479197887e-10,1.30287173453248315e-9,5.00000000000000000e0,0.00000000000000000e0,5.00000000000000000e0,5.00000000000000000e0,4.22607962727852282e0,1.89705808569726786e0,1.89705808019861077e0,0.00000000000000000e0 group=row_index=24264680:5.31785641643861662e-1,-2.06891126767648137e0,9.14252852474954523e1,3.79410149825240062e0,3.80913875998598940e2,3.80943948146704031e2,3.79409181834700071e0,3.81007339341110708e2,3.82235767479192702e2,-6.53510769627086873e-6,5.00000000000000000e0,4.99999999999999378e0,0.00000000000000000e0,2.87912129368462377e0,2.56708706385712393e0,5.00000000000000000e0,8.09855515981894314e-1,2.42956654794568294e0,2.20000120483270534e0,1.49999999999999716e1,3.24618613771338962e-7,1.92736036042084891e-6,-1.40913631961422022e-23,-4.15141947628851968e-2,4.99999999499999936e-9,0.00000000000000000e0,0.00000000000000000e0,0.00000000000000000e0,1.04086116764475309e-1,5.00164964923287325e-1,1.37497897773917210e0,-9.34941965151719359e1,3.82235767479192303e-10,1.29003072410645506e-9,5.00000000000000000e0,0.00000000000000000e0,5.00000000000000000e0,5.00000000000000000e0,4.22607962711178242e0,1.89705808203709969e0,1.89705808743925886e0,0.00000000000000000e0;row_index=24264681:5.31785641643861662e-1,-2.06891126787927071e0,9.14252852472926776e1,3.79410149823026899e0,3.80913875998598883e2,3.80943948146703974e2,3.79409181825923492e0,3.81007339341109571e2,3.82235767479189860e2,-6.53510772009035000e-6,5.00000000000000000e0,4.99999999999999378e0,0.00000000000000000e0,2.87912129368462377e0,2.56708706385658658e0,5.00000000000000000e0,8.09855515981894314e-1,2.42956654794568294e0,2.20000120483270534e0,1.49999999999999716e1,3.67932714441030135e-7,1.92736036042084891e-6,-1.40906002733410295e-23,-4.15141947620076210e-2,4.99999999499999936e-9,0.00000000000000000e0,0.00000000000000000e0,0.00000000000000000e0,1.04086116764475475e-1,5.00164964923287325e-1,1.37497897773917210e0,-9.34941965151719501e1,3.82235767479189512e-10,1.29992756508576404e-9,5.00000000000000000e0,0.00000000000000000e0,5.00000000000000000e0,5.00000000000000000e0,4.22607962703978046e0,1.89705816153147522e0,1.89705807303789098e0,0.00000000000000000e0 right=row_index=24264682:5.31785641643861773e-1,-2.06891126803386394e0,9.14252852471340418e1,3.79410149808601993e0,3.80913875998598883e2,3.80943948146703974e2,3.79409181814264329e0,3.81007339341108263e2,3.82235767479186052e2,-6.53510775293499274e-6,5.00000000000000000e0,4.99999999999999378e0,0.00000000000000000e0,2.87912129368462333e0,2.56708706385587337e0,5.00000000000000000e0,8.09856071093406626e-1,2.42956821328021988e0,2.20000271281279769e0,1.49999999999999716e1,4.25473019920262337e-7,1.92736036053187121e-6,-1.40895868379123752e-23,-4.15141947608418174e-2,4.99999999499999936e-9,0.00000000000000000e0,0.00000000000000000e0,0.00000000000000000e0,1.04086116764475975e-1,5.00164964923287214e-1,1.37497897773917166e0,-9.34941965151679000e1,3.82235767479185686e-10,1.33225129385055386e-9,5.00000000000000000e0,0.00000000000000000e0,5.00000000000000000e0,5.00000000000000000e0,4.22607962695262085e0,1.89705812229099657e0,1.89705811487869580e0,0.00000000000000000e0
equal_group_time_s=5.34907086794883857e-1 threshold_crossing=false left=row_index=24408746:5.34907086794883746e-1,9.39364322504096805e1,-9.44744412651025933e-1,-4.23625661697610667e0,3.78625042116575514e2,3.78654933567268870e2,4.23624496648541893e0,3.78724798776016200e2,3.79961640002172203e2,-5.42006459729935775e-6,5.00000000000000000e0,4.99999999999999378e0,0.00000000000000000e0,2.88125817158604081e0,2.58457032094693639e0,5.00000000000000000e0,8.09853850647357376e-1,2.42956155194207213e0,2.19999668089242784e0,1.49999999999999716e1,2.72334728062585308e-7,1.93060660580446353e-6,-2.63091128514577940e-26,-4.58932167813968436e-2,4.99999999499999936e-9,0.00000000000000000e0,0.00000000000000000e0,0.00000000000000000e0,1.04086116764478986e-1,5.00833807706430822e-1,1.37745004274853167e0,9.48811766630606996e1,3.79961640002171778e-10,1.21916432314346600e-9,5.00000000000000000e0,0.00000000000000000e0,5.00000000000000000e0,5.00000000000000000e0,4.65768058315537381e0,2.11813409995384161e0,2.11813411584691735e0,0.00000000000000000e0 group=row_index=24408747:5.34907086794883857e-1,9.39364322507310590e1,-9.44744412337654826e-1,-4.23625661683689714e0,3.78625042116575628e2,3.78654933567268984e2,4.23624496637118053e0,3.78724798776014609e2,3.79961640002168565e2,-5.42006462795155481e-6,5.00000000000000000e0,4.99999999999999378e0,0.00000000000000000e0,2.88125817158604169e0,2.58457032094646832e0,5.00000000000000000e0,8.09854405758869689e-1,2.42956321727660907e0,2.19999818887252019e0,1.49999999999999716e1,3.29398083405768810e-7,1.93060660591548583e-6,-2.63072363104619114e-26,-4.58932167802544727e-2,4.99999999499999936e-9,0.00000000000000000e0,0.00000000000000000e0,0.00000000000000000e0,1.04086116764478487e-1,5.00833807706431045e-1,1.37745004274853278e0,9.48811766630687146e1,3.79961640002168159e-10,1.24090132100108356e-9,5.00000000000000000e0,0.00000000000000000e0,5.00000000000000000e0,5.00000000000000000e0,4.65768058304168697e0,2.11813408078124654e0,2.11813410642436128e0,0.00000000000000000e0;row_index=24408748:5.34907086794883857e-1,9.39364322516856447e1,-9.44744411383074745e-1,-4.23625661696621592e0,3.78625042116575742e2,3.78654933567269097e2,4.23624496630993708e0,3.78724798776013813e2,3.79961640002166519e2,-5.42006464451637168e-6,5.00000000000000000e0,4.99999999999999378e0,0.00000000000000000e0,2.88125817158604258e0,2.58457032094621653e0,5.00000000000000000e0,8.09854405758869689e-1,2.42956321727660907e0,2.19999818887252019e0,1.49999999999999716e1,3.59989790082686313e-7,1.93060660591548583e-6,-2.63062303505665569e-26,-4.58932167796420390e-2,4.99999999499999936e-9,0.00000000000000000e0,0.00000000000000000e0,0.00000000000000000e0,1.04086116764478098e-1,5.00833807706431378e-1,1.37745004274853389e0,9.48811766630687146e1,3.79961640002166143e-10,1.25989769774648048e-9,5.00000000000000000e0,0.00000000000000000e0,5.00000000000000000e0,5.00000000000000000e0,4.65768058298105370e0,2.11813412465332318e0,2.11813407141969945e0,0.00000000000000000e0;row_index=24408749:5.34907086794883857e-1,9.39364322512106469e1,-9.44744411858073563e-1,-4.23625661674958565e0,3.78625042116575855e2,3.78654933567269211e2,4.23624496623299684e0,3.78724798776012847e2,3.79961640002164131e2,-5.42006466398123201e-6,5.00000000000000000e0,4.99999999999999378e0,0.00000000000000000e0,2.88125817158604258e0,2.58457032094590033e0,5.00000000000000000e0,8.09854405758869689e-1,2.42956321727660907e0,2.19999818887252019e0,1.49999999999999716e1,3.98421885326010328e-7,1.93060660591548583e-6,-2.63049666264070080e-26,-4.58932167788726544e-2,4.99999999499999936e-9,0.00000000000000000e0,0.00000000000000000e0,0.00000000000000000e0,1.04086116764478168e-1,5.00833807706431378e-1,1.37745004274853389e0,9.48811766630687146e1,3.79961640002163765e-10,1.26278894499386118e-9,5.00000000000000000e0,0.00000000000000000e0,5.00000000000000000e0,5.00000000000000000e0,4.65768058290905174e0,2.11813418245265161e0,2.11813412326085126e0,0.00000000000000000e0 right=row_index=24408750:5.34907086794883968e-1,9.39364322506803830e1,-9.44744412392323540e-1,-4.23625661661384356e0,3.78625042116575969e2,3.78654933567269325e2,4.23624496607911638e0,3.78724798776010857e2,3.79961640002159527e2,-5.42006470252619896e-6,5.00000000000000000e0,4.99999999999999378e0,0.00000000000000000e0,2.88125817158604258e0,2.58457032094526840e0,5.00000000000000000e0,8.09854960870382001e-1,2.42956488261114600e0,2.19999969685261254e0,1.49999999999999716e1,4.75286075490398002e-7,1.93060660602650813e-6,-2.63024393602075541e-26,-4.58932167773338784e-2,4.99999999499999936e-9,0.00000000000000000e0,0.00000000000000000e0,0.00000000000000000e0,1.04086116764478070e-1,5.00833807706431378e-1,1.37745004274853389e0,9.48811766630727078e1,3.79961640002159163e-10,1.19821459042127680e-9,5.00000000000000000e0,0.00000000000000000e0,5.00000000000000000e0,5.00000000000000000e0,4.65768058276883856e0,2.11813415415335227e0,2.11813411186301570e0,0.00000000000000000e0
equal_group_time_s=5.40104334426205090e-1 threshold_crossing=false left=row_index=24676224:5.40104334426204979e-1,9.33414285310842189e1,-9.33042257951233966e-1,-3.84110070363612977e0,3.81298074020917227e2,3.81328176500445124e2,3.84109107763332736e0,3.81392268629301952e2,3.82621612561025643e2,-1.09940846127013670e-5,5.00000000000000000e0,4.99999999999999378e0,0.00000000000000000e0,2.88031478017696152e0,2.58897799036651310e0,5.00000000000000000e0,8.09853850647357376e-1,2.42956155194207213e0,2.19999668089242784e0,1.49999999999999716e1,-1.85008478655583250e-7,1.93873890685924977e-6,3.56229830341693143e-26,-4.19796681853575535e-2,4.99999999499999936e-9,0.00000000000000000e0,0.00000000000000000e0,0.00000000000000000e0,1.04086116764487896e-1,5.00538526195389077e-1,1.37635884050631163e0,9.42744707890354476e1,3.82621612561025265e-10,1.33057372743420729e-9,5.00000000000000000e0,0.00000000000000000e0,5.00000000000000000e0,5.00000000000000000e0,4.27280859045519446e0,1.92055766835210617e0,1.92055767701106861e0,0.00000000000000000e0 group=row_index=24676225:5.40104334426205090e-1,9.33414285310620215e1,-9.33042257965416622e-1,-3.84110070352085131e0,3.81298074020917397e2,3.81328176500445295e2,3.84109107746561129e0,3.81392268629299735e2,3.82621612561020186e2,-1.09940846555563976e-5,5.00000000000000000e0,4.99999999999999378e0,0.00000000000000000e0,2.88031478017696152e0,2.58897799036546683e0,5.00000000000000000e0,8.09854405758869689e-1,2.42956321727660907e0,2.19999818887252019e0,1.49999999999999716e1,-1.02129659151715310e-7,1.93873890697027207e-6,3.56192927366403030e-26,-4.19796681836805061e-2,4.99999999499999936e-9,0.00000000000000000e0,0.00000000000000000e0,0.00000000000000000e0,1.04086116764487785e-1,5.00538526195389077e-1,1.37635884050631163e0,9.42744707890274327e1,3.82621612561019837e-10,1.34332476976117002e-9,5.00000000000000000e0,0.00000000000000000e0,5.00000000000000000e0,5.00000000000000000e0,4.27280859029603288e0,1.92055770734783327e0,1.92055769111882446e0,0.00000000000000000e0;row_index=24676226:5.40104334426205090e-1,9.33414285323458017e1,-9.33042256681629323e-1,-3.84110070338806509e0,3.81298074020917568e2,3.81328176500445466e2,3.84109107737755151e0,3.81392268629298599e2,3.82621612561017344e2,-1.09940846785623274e-5,5.00000000000000000e0,4.99999999999999378e0,0.00000000000000000e0,2.88031478017696152e0,2.58897799036491794e0,5.00000000000000000e0,8.09854405758869689e-1,2.42956321727660907e0,2.19999818887252019e0,1.49999999999999716e1,-5.86133515984414624e-8,1.93873890697027207e-6,3.56173552640953658e-26,-4.19796681827999604e-2,4.99999999499999936e-9,0.00000000000000000e0,0.00000000000000000e0,0.00000000000000000e0,1.04086116764487632e-1,5.00538526195388966e-1,1.37635884050631141e0,9.42744707890274327e1,3.82621612561016942e-10,1.35483502921601438e-9,5.00000000000000000e0,0.00000000000000000e0,5.00000000000000000e0,5.00000000000000000e0,4.27280859020887327e0,1.92055774827634096e0,1.92055767782954101e0,0.00000000000000000e0 right=row_index=24676227:5.40104334426205202e-1,9.33414285314643877e1,-9.33042257559018484e-1,-3.84110070320076602e0,3.81298074020917682e2,3.81328176500445579e2,3.84109107726265320e0,3.81392268629297178e2,3.82621612561013478e2,-1.09940847080845579e-5,5.00000000000000000e0,4.99999999999999378e0,0.00000000000000000e0,2.88031478017696152e0,2.58897799036420162e0,5.00000000000000000e0,8.09854960870382001e-1,2.42956488261114600e0,2.19999969685261254e0,1.49999999999999716e1,-1.83479324800105191e-9,1.93873890708129437e-6,3.56148274760299086e-26,-4.19796681816510531e-2,4.99999999499999936e-9,0.00000000000000000e0,0.00000000000000000e0,0.00000000000000000e0,1.04086116764487410e-1,5.00538526195388966e-1,1.37635884050631141e0,9.42744707890234110e1,3.82621612561013116e-10,1.38629560956653621e-9,5.00000000000000000e0,0.00000000000000000e0,5.00000000000000000e0,5.00000000000000000e0,4.27280859010655512e0,1.92055771910362583e0,1.92055766574468079e0,0.00000000000000000e0
equal_group_time_s=5.40112073551626493e-1 threshold_crossing=false left=row_index=24676624:5.40112073551626382e-1,9.29298545684986976e1,-9.32512607910325975e-1,-3.82351827101513209e0,3.81295124110812822e2,3.81325226357453118e2,3.82350860972679252e0,3.81389060124187210e2,3.82618062098876919e2,-8.51779988940851882e-6,5.00000000000000000e0,4.99999999999999378e0,0.00000000000000000e0,2.88028799566420934e0,2.57782518361589430e0,5.00000000000000000e0,8.09853850647357376e-1,2.42956155194207213e0,2.19999668089242784e0,1.49999999999999716e1,3.00598741254224899e-8,1.93235091694443639e-6,1.35914720650592191e-25,-4.18087133235932468e-2,4.99999999499999936e-9,0.00000000000000000e0,0.00000000000000000e0,0.00000000000000000e0,1.04086116764478653e-1,5.00530142642897413e-1,1.37632786570095389e0,9.38623671764090233e1,3.82618062098876568e-10,1.32423616750438520e-9,5.00000000000000000e0,0.00000000000000000e0,5.00000000000000000e0,5.00000000000000000e0,4.25558444893946852e0,1.91176649697237444e0,1.91176645681908575e0,0.00000000000000000e0 group=row_index=24676625:5.40112073551626493e-1,9.29298545688964595e1,-9.32512607508548585e-1,-3.82351827078713313e0,3.81295124110812935e2,3.81325226357453232e2,3.82350860958185823e0,3.81389060124185164e2,3.82618062098872258e2,-8.51779992699413371e-6,5.00000000000000000e0,4.99999999999999378e0,0.00000000000000000e0,2.88028799566420979e0,2.57782518361500390e0,5.00000000000000000e0,8.09854405758869689e-1,2.42956321727660907e0,2.19999818887252019e0,1.49999999999999716e1,1.01582299455013502e-7,1.93235091705545869e-6,1.35902570004985426e-25,-4.18087133221440310e-2,4.99999999499999936e-9,0.00000000000000000e0,0.00000000000000000e0,0.00000000000000000e0,1.04086116764478764e-1,5.00530142642897746e-1,1.37632786570095456e0,9.38623671764050016e1,3.82618062098871863e-10,1.30035625425143650e-9,5.00000000000000000e0,0.00000000000000000e0,5.00000000000000000e0,5.00000000000000000e0,4.25558444879546549e0,1.91176650366512124e0,1.91176647834339897e0,0.00000000000000000e0;row_index=24676626:5.40112073551626493e-1,9.29298545690069489e1,-9.32512607398070292e-1,-3.82351827068322336e0,3.81295124110813049e2,3.81325226357453346e2,3.82350860950628180e0,3.81389060124184141e2,3.82618062098869700e2,-8.51779994773204644e-6,5.00000000000000000e0,4.99999999999999378e0,0.00000000000000000e0,2.88028799566420979e0,2.57782518361453938e0,5.00000000000000000e0,8.09854405758869689e-1,2.42956321727660907e0,2.19999818887252019e0,1.49999999999999716e1,1.38878098211047437e-7,1.93235091705545869e-6,1.35896234408658286e-25,-4.18087133213883091e-2,4.99999999499999936e-9,0.00000000000000000e0,0.00000000000000000e0,0.00000000000000000e0,1.04086116764478792e-1,5.00530142642897635e-1,1.37632786570095456e0,9.38623671764050158e1,3.82618062098869330e-10,1.29301308997648427e-9,5.00000000000000000e0,0.00000000000000000e0,5.00000000000000000e0,5.00000000000000000e0,4.25558444871967367e0,1.91176657336478484e0,1.91176648321179288e0,0.00000000000000000e0 right=row_index=24676627:5.40112073551626604e-1,9.29298545679865526e1,-9.32512608410398514e-1,-3.82351827066446504e0,3.81295124110813219e2,3.81325226357453516e2,3.82350860941055659e0,3.81389060124182834e2,3.82618062098866574e2,-8.51779997342815632e-6,5.00000000000000000e0,4.99999999999999378e0,0.00000000000000000e0,2.88028799566420934e0,2.57782518361395097e0,5.00000000000000000e0,8.09854960870382001e-1,2.42956488261114600e0,2.19999969685261254e0,1.49999999999999716e1,1.86116580998359549e-7,1.93235091716648100e-6,1.35888210230143036e-25,-4.18087133204311165e-2,4.99999999499999936e-9,0.00000000000000000e0,0.00000000000000000e0,0.00000000000000000e0,1.04086116764479555e-1,5.00530142642897524e-1,1.37632786570095411e0,9.38623671763969583e1,3.82618062098866228e-10,1.29750736577755675e-9,5.00000000000000000e0,0.00000000000000000e0,5.00000000000000000e0,5.00000000000000000e0,4.25558444862114538e0,1.91176651197289327e0,1.91176647723864535e0,0.00000000000000000e0
equal_group_time_s=5.43256762303019225e-1 threshold_crossing=false left=row_index=24821782:5.43256762303019114e-1,-2.23426997361879742e0,9.35119562909068804e1,4.29617037693742088e0,3.78994765417742087e2,3.79024686057117151e2,4.29615880445635234e0,3.79095442801944955e2,3.80333391709322029e2,-9.94279534658096102e-6,5.00000000000000000e0,4.99999999999999378e0,0.00000000000000000e0,2.88251849267076077e0,2.60838671324891580e0,5.00000000000000000e0,8.09853295535845064e-1,2.42955988660753519e0,2.19999517291233504e0,1.49999999999999716e1,-1.59755117359655236e-7,1.94265729891451855e-6,-2.43608826723719334e-29,-4.64866833079339431e-2,4.99999999499999936e-9,0.00000000000000000e0,0.00000000000000000e0,0.00000000000000000e0,1.04086116764481970e-1,5.01228288205948225e-1,1.37890850597957448e0,-9.57462262645256743e1,3.80333391709321663e-10,1.17991382111381190e-9,5.00000000000000000e0,0.00000000000000000e0,5.00000000000000000e0,5.00000000000000000e0,4.71711632185360941e0,2.14809095341011025e0,2.14809093480427249e0,0.00000000000000000e0 group=row_index=24821783:5.43256762303019225e-1,-2.23426997374298297e0,9.35119562907866992e1,4.29617037678145053e0,3.78994765417742030e2,3.79024686057117094e2,4.29615880434666497e0,3.79095442801943534e2,3.80333391709318448e2,-9.94279537520919233e-6,5.00000000000000000e0,4.99999999999999378e0,0.00000000000000000e0,2.88251849267076032e0,2.60838671324845706e0,5.00000000000000000e0,8.09853850647357376e-1,2.42956155194207213e0,2.19999668089242784e0,1.49999999999999716e1,-1.04874497693867678e-7,1.94265729902554085e-6,-2.43592115541864824e-29,-4.64866833068370497e-2,4.99999999499999936e-9,0.00000000000000000e0,0.00000000000000000e0,0.00000000000000000e0,1.04086116764482359e-1,5.01228288205948114e-1,1.37890850597957426e0,-9.57462262645296818e1,3.80333391709318096e-10,1.15002370435313792e-9,5.00000000000000000e0,0.00000000000000000e0,5.00000000000000000e0,5.00000000000000000e0,4.71711632176265994e0,2.14809092990754991e0,2.14809095170298470e0,0.00000000000000000e0;row_index=24821784:5.43256762303019225e-1,-2.23426997309476327e0,9.35119562914349274e1,4.29617037667333346e0,3.78994765417742030e2,3.79024686057117094e2,4.29615880428751851e0,3.79095442801942852e2,3.80333391709316516e2,-9.94279538990562901e-6,5.00000000000000000e0,4.99999999999999378e0,0.00000000000000000e0,2.88251849267075988e0,2.60838671324820970e0,5.00000000000000000e0,8.09853850647357376e-1,2.42956155194207213e0,2.19999668089242784e0,1.49999999999999716e1,-7.52818734667194168e-8,1.94265729902554085e-6,-2.43583105045608650e-29,-4.64866833062455784e-2,4.99999999499999936e-9,0.00000000000000000e0,0.00000000000000000e0,0.00000000000000000e0,1.04086116764482164e-1,5.01228288205947781e-1,1.37890850597957360e0,-9.57462262645296960e1,3.80333391709316131e-10,1.18012044270660316e-9,5.00000000000000000e0,0.00000000000000000e0,5.00000000000000000e0,5.00000000000000000e0,4.71711632171718520e0,2.14809095791485527e0,2.14809093864977951e0,0.00000000000000000e0;row_index=24821785:5.43256762303019225e-1,-2.23426997499574487e0,9.35119562895339271e1,4.29617037661951962e0,3.78994765417742030e2,3.79024686057117094e2,4.29615880421361584e0,3.79095442801942056e2,3.80333391709314128e2,-9.94279540824742953e-6,5.00000000000000000e0,4.99999999999999378e0,0.00000000000000000e0,2.88251849267075944e0,2.60838671324790061e0,5.00000000000000000e0,8.09853850647357376e-1,2.42956155194207213e0,2.19999668089242784e0,1.49999999999999716e1,-3.83064416410927653e-8,1.94265729902554085e-6,-2.43571847067026547e-29,-4.64866833055065376e-2,4.99999999499999936e-9,0.00000000000000000e0,0.00000000000000000e0,0.00000000000000000e0,1.04086116764481651e-1,5.01228288205947670e-1,1.37890850597957315e0,-9.57462262645296676e1,3.80333391709313753e-10,1.20186855053684669e-9,5.00000000000000000e0,0.00000000000000000e0,5.00000000000000000e0,5.00000000000000000e0,4.71711632166413164e0,2.14809102556890430e0,2.14809095400857686e0,0.00000000000000000e0 right=row_index=24821786:5.43256762303019336e-1,-2.23426997330345589e0,9.35119562912262410e1,4.29617037650859945e0,3.78994765417742087e2,3.79024686057117151e2,4.29615880406580963e0,3.79095442801940294e2,3.80333391709309410e2,-9.94279544485945628e-6,5.00000000000000000e0,4.99999999999999378e0,0.00000000000000000e0,2.88251849267075944e0,2.60838671324728244e0,5.00000000000000000e0,8.09854405758869689e-1,2.42956321727660907e0,2.19999818887252019e0,1.49999999999999716e1,3.56444217118660070e-8,1.94265729913656315e-6,-2.43549332670797538e-29,-4.64866833040284699e-2,4.99999999499999936e-9,0.00000000000000000e0,0.00000000000000000e0,0.00000000000000000e0,1.04086116764480777e-1,5.01228288205947781e-1,1.37890850597957315e0,-9.57462262645296960e1,3.80333391709309048e-10,1.17530728341764087e-9,5.00000000000000000e0,0.00000000000000000e0,5.00000000000000000e0,5.00000000000000000e0,4.71711632154286598e0,2.14809095173674880e0,2.14809096096205376e0,0.00000000000000000e0
equal_group_time_s=5.48438511218197089e-1 threshold_crossing=false left=row_index=25089187:5.48438511218196978e-1,-2.10238043921092155e0,9.21272156024598416e1,3.89557162660955303e0,3.81681811513133596e2,3.81711944287726681e2,3.89556198569784051e0,3.81776859701066201e2,3.83007258240330941e2,-1.25386054262141745e-5,5.00000000000000000e0,4.99999999999999378e0,0.00000000000000000e0,2.88142182698301852e0,2.59507859936003893e0,5.00000000000000000e0,8.09853295535845064e-1,2.42955988660753519e0,2.19999517291233504e0,1.49999999999999716e1,-3.42719742007485500e-7,1.94310027934463392e-6,3.73981877932900732e-27,-4.25299371714533275e-2,4.99999999499999936e-9,0.00000000000000000e0,0.00000000000000000e0,0.00000000000000000e0,1.04086116764478653e-1,5.00885031845684892e-1,1.37763938373024897e0,-9.42295960416707601e1,3.83007258240330565e-10,1.33047598352322964e-9,5.00000000000000000e0,0.00000000000000000e0,5.00000000000000000e0,5.00000000000000000e0,4.32769422263466730e0,1.94779310602056221e0,1.94779310186962373e0,0.00000000000000000e0 group=row_index=25089188:5.48438511218197089e-1,-2.10238043961832100e0,9.21272156020484090e1,3.89557162644470978e0,3.81681811513133709e2,3.81711944287726794e2,3.89556198554053035e0,3.81776859701063984e2,3.83007258240325825e2,-1.25386054643194255e-5,5.00000000000000000e0,4.99999999999999378e0,0.00000000000000000e0,2.88142182698301852e0,2.59507859935908858e0,5.00000000000000000e0,8.09853850647357376e-1,2.42956155194207213e0,2.19999668089242784e0,1.49999999999999716e1,-2.65103827264121255e-7,1.94310027945565622e-6,3.73945596009038183e-27,-4.25299371698803358e-2,4.99999999499999936e-9,0.00000000000000000e0,0.00000000000000000e0,0.00000000000000000e0,1.04086116764478875e-1,5.00885031845684781e-1,1.37763938373024963e0,-9.42295960416667242e1,3.83007258240325447e-10,1.31853272440892986e-9,5.00000000000000000e0,0.00000000000000000e0,5.00000000000000000e0,5.00000000000000000e0,4.32769422247929469e0,1.94779311499259822e0,1.94779310879291834e0,0.00000000000000000e0;row_index=25089189:5.48438511218197089e-1,-2.10238043879142378e0,9.21272156028753102e1,3.89557162637189691e0,3.81681811513133709e2,3.81711944287726794e2,3.89556198545755850e0,3.81776859701062961e2,3.83007258240323097e2,-1.25386054843259574e-5,5.00000000000000000e0,4.99999999999999378e0,0.00000000000000000e0,2.88142182698301808e0,2.59507859935858765e0,5.00000000000000000e0,8.09853850647357376e-1,2.42956155194207213e0,2.19999668089242784e0,1.49999999999999716e1,-2.24165579877303686e-7,1.94310027945565622e-6,3.73926460650881231e-27,-4.25299371690506731e-2,4.99999999499999936e-9,0.00000000000000000e0,0.00000000000000000e0,0.00000000000000000e0,1.04086116764478542e-1,5.00885031845684781e-1,1.37763938373024852e0,-9.42295960416667384e1,3.83007258240322707e-10,1.32554260992706232e-9,5.00000000000000000e0,0.00000000000000000e0,5.00000000000000000e0,5.00000000000000000e0,4.32769422241108259e0,1.94779317862428281e0,1.94779308146720642e0,0.00000000000000000e0 right=row_index=25089190:5.48438511218197200e-1,-2.10238043891455195e0,9.21272156027441724e1,3.89557162624632269e0,3.81681811513133709e2,3.81711944287726794e2,3.89556198534997478e0,3.81776859701061596e2,3.83007258240319345e2,-1.25386055128265172e-5,5.00000000000000000e0,4.99999999999999378e0,0.00000000000000000e0,2.88142182698301674e0,2.59507859935793794e0,5.00000000000000000e0,8.09854405758869689e-1,2.42956321727660907e0,2.19999818887252019e0,1.49999999999999716e1,-1.71083952857040625e-7,1.94310027956667852e-6,3.73901650691301456e-27,-4.25299371679749086e-2,4.99999999499999936e-9,0.00000000000000000e0,0.00000000000000000e0,0.00000000000000000e0,1.04086116764478417e-1,5.00885031845684336e-1,1.37763938373024719e0,-9.42295960416587235e1,3.83007258240318933e-10,1.38917670184072867e-9,5.00000000000000000e0,0.00000000000000000e0,5.00000000000000000e0,5.00000000000000000e0,4.32769422232013312e0,1.94779310168294928e0,1.94779311388664222e0,0.00000000000000000e0
equal_group_time_s=5.51567693619915200e-1 threshold_crossing=false left=row_index=25233632:5.51567693619915089e-1,9.36180955238507266e1,-9.41395061476584027e-1,-4.12188310041216255e0,3.79383337461850374e2,3.79413288777965761e2,4.12187138407525655e0,3.79481492509352506e2,3.80716198920606473e2,-9.15676381215167709e-6,5.00000000000000000e0,4.99999999999999378e0,0.00000000000000000e0,2.88339859428768186e0,2.57501246334165712e0,5.00000000000000000e0,8.09855515981894314e-1,2.42956654794568294e0,2.20000120483270534e0,1.49999999999999716e1,-3.47786702400828306e-8,1.93808380943849556e-6,-6.65860773588870845e-23,-4.47622075304673489e-2,4.99999999499999936e-9,0.00000000000000000e0,0.00000000000000000e0,0.00000000000000000e0,1.04086116764477613e-1,5.01503760012044553e-1,1.37992743091753778e0,9.45594905853273104e1,3.80716198920606107e-10,1.28417898571896423e-9,5.00000000000000000e0,0.00000000000000000e0,5.00000000000000000e0,5.00000000000000000e0,4.54691542578302688e0,2.06094747964622638e0,2.06094745112566891e0,0.00000000000000000e0 group=row_index=25233633:5.51567693619915200e-1,9.36180955232688206e1,-9.41395062066482158e-1,-4.12188310022384030e0,3.79383337461850488e2,3.79413288777965874e2,4.12187138390487640e0,3.79481492509350232e2,3.80716198920600789e2,-9.15676385837217962e-6,5.00000000000000000e0,4.99999999999999378e0,0.00000000000000000e0,2.88339859428768230e0,2.57501246334087330e0,5.00000000000000000e0,8.09856071093406626e-1,2.42956821328021988e0,2.20000271281279769e0,1.49999999999999716e1,5.00242618912442346e-8,1.93808380954951787e-6,-6.65790193643291883e-23,-4.47622075287635174e-2,4.99999999499999936e-9,0.00000000000000000e0,0.00000000000000000e0,0.00000000000000000e0,1.04086116764477599e-1,5.01503760012044664e-1,1.37992743091753822e0,9.45594905853352969e1,3.80716198920600421e-10,1.29799882014987022e-9,5.00000000000000000e0,0.00000000000000000e0,5.00000000000000000e0,5.00000000000000000e0,4.54691542562386530e0,2.06094749701423030e0,2.06094745912482669e0,0.00000000000000000e0;row_index=25233634:5.51567693619915200e-1,9.36180955235398358e1,-9.41395061795472166e-1,-4.12188310016631476e0,3.79383337461850545e2,3.79413288777965931e2,4.12187138381785623e0,3.79481492509349039e2,3.80716198920597719e2,-9.15676388221163563e-6,5.00000000000000000e0,4.99999999999999378e0,0.00000000000000000e0,2.88339859428768230e0,2.57501246334047318e0,5.00000000000000000e0,8.09856071093406626e-1,2.42956821328021988e0,2.20000271281279769e0,1.49999999999999716e1,9.33361710458627522e-8,1.93808380954951787e-6,-6.65754148811356381e-23,-4.47622075278933107e-2,4.99999999499999936e-9,0.00000000000000000e0,0.00000000000000000e0,0.00000000000000000e0,1.04086116764477404e-1,5.01503760012044664e-1,1.37992743091753800e0,9.45594905853353112e1,3.80716198920597319e-10,1.29967010579699666e-9,5.00000000000000000e0,0.00000000000000000e0,5.00000000000000000e0,5.00000000000000000e0,4.54691542554049555e0,2.06094752110849733e0,2.06094744994485701e0,0.00000000000000000e0 right=row_index=25233635:5.51567693619915311e-1,9.36180955241550805e1,-9.41395061184222892e-1,-4.12188310000050251e0,3.79383337461850715e2,3.79413288777966102e2,4.12187138370225803e0,3.79481492509347333e2,3.80716198920593740e2,-9.15676391420020419e-6,5.00000000000000000e0,4.99999999999999378e0,0.00000000000000000e0,2.88339859428768230e0,2.57501246333994160e0,5.00000000000000000e0,8.09856626204918939e-1,2.42956987861475682e0,2.20000422079289004e0,1.49999999999999716e1,1.50872576767793651e-7,1.93808380966054017e-6,-6.65706269154017494e-23,-4.47622075267373187e-2,4.99999999499999936e-9,0.00000000000000000e0,0.00000000000000000e0,0.00000000000000000e0,1.04086116764477446e-1,5.01503760012044664e-1,1.37992743091753822e0,9.45594905853393044e1,3.80716198920593389e-10,1.28885864378620664e-9,5.00000000000000000e0,0.00000000000000000e0,5.00000000000000000e0,5.00000000000000000e0,4.54691542541544003e0,2.06094749218869033e0,2.06094748815768591e0,0.00000000000000000e0
equal_group_time_s=5.56757201959024006e-1 threshold_crossing=false left=row_index=25500641:5.56757201959023895e-1,9.40710755233967291e1,-9.36197209362579108e-1,-3.94638988324715001e0,3.82036633981543901e2,3.82066794768437148e2,3.94638029655043310e0,3.82132464499906973e2,3.83363840539814419e2,-1.57480540994248053e-5,5.00000000000000000e0,4.99999999999999378e0,0.00000000000000000e0,2.88241397483129669e0,2.61084873318697719e0,5.00000000000000000e0,8.09853850647357376e-1,2.42956155194207213e0,2.19999668089242784e0,1.49999999999999716e1,-6.58026421720679042e-7,1.95243730938265969e-6,3.37781768386379214e-25,-4.30332684612314137e-2,4.99999999499999936e-9,0.00000000000000000e0,0.00000000000000000e0,0.00000000000000000e0,1.04086116764477724e-1,5.01195574122195953e-1,1.37878752695916318e0,9.50072727327593043e1,3.83363840539814037e-10,1.31059121756975202e-9,5.00000000000000000e0,0.00000000000000000e0,5.00000000000000000e0,5.00000000000000000e0,4.37798209798832794e0,1.97320219715913470e0,1.97320220544767744e0,0.00000000000000000e0 group=row_index=25500642:5.56757201959024006e-1,9.40710755232485099e1,-9.36197209510776673e-1,-3.94638988309577599e0,3.82036633981544128e2,3.82066794768437376e2,3.94638029637965859e0,3.82132464499904813e2,3.83363840539808791e2,-1.57480541402804705e-5,5.00000000000000000e0,4.99999999999999378e0,0.00000000000000000e0,2.88241397483129713e0,2.61084873318594601e0,5.00000000000000000e0,8.09854405758869689e-1,2.42956321727660907e0,2.19999818887252019e0,1.49999999999999716e1,-5.73650287163427265e-7,1.95243730949368199e-6,3.37746144363285078e-25,-4.30332684595237311e-2,4.99999999499999936e-9,0.00000000000000000e0,0.00000000000000000e0,0.00000000000000000e0,1.04086116764478626e-1,5.01195574122195953e-1,1.37878752695916384e0,9.50072727327592901e1,3.83363840539808453e-10,1.30403340623308131e-9,5.00000000000000000e0,0.00000000000000000e0,5.00000000000000000e0,5.00000000000000000e0,4.37798209782916636e0,1.97320225522733028e0,1.97320220257562529e0,0.00000000000000000e0;row_index=25500643:5.56757201959024006e-1,9.40710755227829196e1,-9.36197209976370015e-1,-3.94638988310708783e0,3.82036633981544185e2,3.82066794768437433e2,3.94638029629951737e0,3.82132464499903790e2,3.83363840539806120e2,-1.57480541586392829e-5,5.00000000000000000e0,4.99999999999999378e0,0.00000000000000000e0,2.88241397483129669e0,2.61084873318546107e0,5.00000000000000000e0,8.09854405758869689e-1,2.42956321727660907e0,2.19999818887252019e0,1.49999999999999716e1,-5.34054434518092346e-7,1.95243730949368199e-6,3.37729428092842574e-25,-4.30332684587223652e-2,4.99999999499999936e-9,0.00000000000000000e0,0.00000000000000000e0,0.00000000000000000e0,1.04086116764478057e-1,5.01195574122195842e-1,1.37878752695916340e0,9.50072727327592901e1,3.83363840539805765e-10,1.30840204282781178e-9,5.00000000000000000e0,0.00000000000000000e0,5.00000000000000000e0,5.00000000000000000e0,4.37798209775716440e0,1.97320219130689489e0,1.97320218930980662e0,0.00000000000000000e0 right=row_index=25500644:5.56757201959024117e-1,9.40710755232024951e1,-9.36197209548829234e-1,-3.94638988283247727e0,3.82036633981544242e2,3.82066794768437489e2,3.94638029619447783e0,3.82132464499902483e2,3.83363840539802652e2,-1.57480541836012320e-5,5.00000000000000000e0,4.99999999999999378e0,0.00000000000000000e0,2.88241397483129669e0,2.61084873318482558e0,5.00000000000000000e0,8.09854960870382001e-1,2.42956488261114600e0,2.19999969685261254e0,1.49999999999999716e1,-4.82157031546092200e-7,1.95243730960470430e-6,3.37707519701897409e-25,-4.30332684576720248e-2,4.99999999499999936e-9,0.00000000000000000e0,0.00000000000000000e0,0.00000000000000000e0,1.04086116764476710e-1,5.01195574122195842e-1,1.37878752695916340e0,9.50072727327513178e1,3.83363840539802250e-10,1.31585257822972852e-9,5.00000000000000000e0,0.00000000000000000e0,5.00000000000000000e0,5.00000000000000000e0,4.37798209766621493e0,1.97320225334747335e0,1.97320219938765851e0,0.00000000000000000e0
equal_group_time_s=5.56780414101252341e-1 threshold_crossing=false left=row_index=25501825:5.56780414101252230e-1,9.28391124806991002e1,-9.34016255361675540e-1,-3.87350442448098420e0,3.82027977999113887e2,3.82058138102640100e2,3.87349473146061118e0,3.82122728016504482e2,3.83352700178705732e2,-6.56825831700234857e-6,5.00000000000000000e0,4.99999999999999378e0,0.00000000000000000e0,2.88233313949548986e0,2.58500547809808712e0,5.00000000000000000e0,8.09853850647357376e-1,2.42956155194207213e0,2.19999668089242784e0,1.49999999999999716e1,1.97296941559046080e-7,1.92803930365581522e-6,1.01846092283173584e-25,-4.23188565136736680e-2,4.99999999499999936e-9,0.00000000000000000e0,0.00000000000000000e0,0.00000000000000000e0,1.04086116764471229e-1,5.01170272662088356e-1,1.37869396399059863e0,9.37731287360607695e1,3.83352700178705348e-10,1.29380867717960716e-9,5.00000000000000000e0,0.00000000000000000e0,5.00000000000000000e0,5.00000000000000000e0,4.30599425762541976e0,1.93675958362667400e0,1.93675952018738884e0,0.00000000000000000e0 group=row_index=25501826:5.56780414101252341e-1,9.28391124812534372e1,-9.34016254799278078e-1,-3.87350442431250030e0,3.82027977999114114e2,3.82058138102640328e2,3.87349473134767708e0,3.82122728016502890e2,3.83352700178702094e2,-6.56825834646242468e-6,5.00000000000000000e0,4.99999999999999378e0,0.00000000000000000e0,2.88233313949548897e0,2.58500547809741077e0,5.00000000000000000e0,8.09854405758869689e-1,2.42956321727660907e0,2.19999818887252019e0,1.49999999999999716e1,2.52867267361022012e-7,1.92803930376683752e-6,1.01839018002813925e-25,-4.23188565125444324e-2,4.99999999499999936e-9,0.00000000000000000e0,0.00000000000000000e0,0.00000000000000000e0,1.04086116764470604e-1,5.01170272662088023e-1,1.37869396399059774e0,9.37731287360527119e1,3.83352700178701677e-10,1.29382786772204023e-9,5.00000000000000000e0,0.00000000000000000e0,5.00000000000000000e0,5.00000000000000000e0,4.30599425750415321e0,1.93675960137856995e0,1.93675952465846324e0,0.00000000000000000e0;row_index=25501827:5.56780414101252341e-1,9.28391124805450971e1,-9.34016255507625348e-1,-3.87350442413094243e0,3.82027977999114171e2,3.82058138102640385e2,3.87349473128692390e0,3.82122728016502151e2,3.83352700178699990e2,-6.56825836408938614e-6,5.00000000000000000e0,4.99999999999999378e0,0.00000000000000000e0,2.88233313949548853e0,2.58500547809704617e0,5.00000000000000000e0,8.09854405758869689e-1,2.42956321727660907e0,2.19999818887252019e0,1.49999999999999716e1,2.82761481731338409e-7,1.92803930376683752e-6,1.01835212576894168e-25,-4.23188565119369531e-2,4.99999999499999936e-9,0.00000000000000000e0,0.00000000000000000e0,0.00000000000000000e0,1.04086116764469577e-1,5.01170272662088023e-1,1.37869396399059685e0,9.37731287360527261e1,3.83352700178699609e-10,1.35495251009861500e-9,5.00000000000000000e0,0.00000000000000000e0,5.00000000000000000e0,5.00000000000000000e0,4.30599425745109965e0,1.93675946097638207e0,1.93675946822869993e0,0.00000000000000000e0;row_index=25501828:5.56780414101252341e-1,9.28391124824388640e1,-9.34016253613848324e-1,-3.87350442425184838e0,3.82027977999114171e2,3.82058138102640385e2,3.87349473121087495e0,3.82122728016501128e2,3.83352700178697489e2,-6.56825838456944425e-6,5.00000000000000000e0,4.99999999999999378e0,0.00000000000000000e0,2.88233313949548808e0,2.58500547809658965e0,5.00000000000000000e0,8.09854405758869689e-1,2.42956321727660907e0,2.19999818887252019e0,1.49999999999999716e1,3.20182475062369290e-7,1.92803930376683752e-6,1.01830449219492733e-25,-4.23188565111765266e-2,4.99999999499999936e-9,0.00000000000000000e0,0.00000000000000000e0,0.00000000000000000e0,1.04086116764467995e-1,5.01170272662087801e-1,1.37869396399059663e0,9.37731287360527119e1,3.83352700178697076e-10,1.35335091924697680e-9,5.00000000000000000e0,0.00000000000000000e0,5.00000000000000000e0,5.00000000000000000e0,4.30599425738288755e0,1.93675954897590419e0,1.93675948155048361e0,0.00000000000000000e0 right=row_index=25501829:5.56780414101252452e-1,9.28391124809587893e1,-9.34016255089925584e-1,-3.87350442407927176e0,3.82027977999114228e2,3.82058138102640442e2,3.87349473105877573e0,3.82122728016498968e2,3.83352700178692601e2,-6.56825842489077566e-6,5.00000000000000000e0,4.99999999999999378e0,0.00000000000000000e0,2.88233313949548764e0,2.58500547809567793e0,5.00000000000000000e0,8.09854960870382001e-1,2.42956488261114600e0,2.19999969685261254e0,1.49999999999999716e1,3.95024461418903832e-7,1.92803930387785982e-6,1.01820923173094490e-25,-4.23188565096556737e-2,4.99999999499999936e-9,0.00000000000000000e0,0.00000000000000000e0,0.00000000000000000e0,1.04086116764466399e-1,5.01170272662087801e-1,1.37869396399059574e0,9.37731287360487187e1,3.83352700178692216e-10,1.28703049841957549e-9,5.00000000000000000e0,0.00000000000000000e0,5.00000000000000000e0,5.00000000000000000e0,4.30599425723509466e0,1.93675949817209658e0,1.93675950154735221e0,0.00000000000000000e0
equal_group_time_s=5.56795909037595793e-1 threshold_crossing=false left=row_index=25502630:5.56795909037595682e-1,9.20139056460273252e1,-9.31385340321173816e-1,-3.78618772353780741e0,3.82022018544017783e2,3.82052178177060682e2,3.78617795581039340e0,3.82115497241162359e2,3.83343770635699400e2,-8.86686578792495093e-6,5.00000000000000000e0,4.99999999999999378e0,0.00000000000000000e0,2.88227970481467821e0,2.56553839283551977e0,5.00000000000000000e0,8.09853850647357376e-1,2.42956155194207213e0,2.19999668089242784e0,1.49999999999999716e1,1.27946145532552040e-8,1.93194882436298343e-6,-9.99757482579780182e-27,-4.14553579456284141e-2,4.99999999499999936e-9,0.00000000000000000e0,0.00000000000000000e0,0.00000000000000000e0,1.04086116764477668e-1,5.01153547606994376e-1,1.37863211769002181e0,9.29452909863484962e1,3.83343770635699038e-10,1.37566298143253126e-9,5.00000000000000000e0,0.00000000000000000e0,5.00000000000000000e0,5.00000000000000000e0,4.22127094011178450e0,1.89310128319085491e0,1.89310126451930549e0,0.00000000000000000e0 group=row_index=25502631:5.56795909037595793e-1,9.20139056460999285e1,-9.31385340244537896e-1,-3.78618772339928000e0,3.82022018544017953e2,3.82052178177060853e2,3.78617795565476589e0,3.82115497241160199e2,3.83343770635694398e2,-8.86686582831811921e-6,5.00000000000000000e0,4.99999999999999378e0,0.00000000000000000e0,2.88227970481467866e0,2.56553839283456186e0,5.00000000000000000e0,8.09854405758869689e-1,2.42956321727660907e0,2.19999818887252019e0,1.49999999999999716e1,8.91672971428621244e-8,1.93194882447400573e-6,-9.99662044428735102e-27,-4.14553579440722769e-2,4.99999999499999936e-9,0.00000000000000000e0,0.00000000000000000e0,0.00000000000000000e0,1.04086116764478528e-1,5.01153547606994376e-1,1.37863211769002247e0,9.29452909863444603e1,3.83343770635693971e-10,1.35014212089220382e-9,5.00000000000000000e0,0.00000000000000000e0,5.00000000000000000e0,5.00000000000000000e0,4.22127093995641189e0,1.89310128007155476e0,1.89310124419723058e0,0.00000000000000000e0;row_index=25502632:5.56795909037595793e-1,9.20139056463150951e1,-9.31385340029384778e-1,-3.78618772333669540e0,3.82022018544018067e2,3.82052178177060966e2,3.78617795557205605e0,3.82115497241159176e2,3.83343770635691783e2,-8.86686584950904040e-6,5.00000000000000000e0,4.99999999999999378e0,0.00000000000000000e0,2.88227970481467910e0,2.56553839283405249e0,5.00000000000000000e0,8.09854405758869689e-1,2.42956321727660907e0,2.19999818887252019e0,1.49999999999999716e1,1.29756664153987057e-7,1.93194882447400573e-6,-9.99611326150234484e-27,-4.14553579432452371e-2,4.99999999499999936e-9,0.00000000000000000e0,0.00000000000000000e0,0.00000000000000000e0,1.04086116764479056e-1,5.01153547606994598e-1,1.37863211769002314e0,9.29452909863444745e1,3.83343770635691438e-10,1.35852416416915852e-9,5.00000000000000000e0,0.00000000000000000e0,5.00000000000000000e0,5.00000000000000000e0,4.22127093988062096e0,1.89310126279840696e0,1.89310128570141734e0,0.00000000000000000e0 right=row_index=25502633:5.56795909037595904e-1,9.20139056465265668e1,-9.31385339809839508e-1,-3.78618772319879326e0,3.82022018544018124e2,3.82052178177061023e2,3.78617795546724123e0,3.82115497241157925e2,3.83343770635688372e2,-8.86686587746916431e-6,5.00000000000000000e0,4.99999999999999378e0,0.00000000000000000e0,2.88227970481467954e0,2.56553839283340768e0,5.00000000000000000e0,8.09854960870382001e-1,2.42956488261114600e0,2.19999969685261254e0,1.49999999999999716e1,1.81194066556295375e-7,1.93194882458502804e-6,-9.99547056449684314e-27,-4.14553579421971657e-2,4.99999999499999936e-9,0.00000000000000000e0,0.00000000000000000e0,0.00000000000000000e0,1.04086116764479278e-1,5.01153547606994709e-1,1.37863211769002358e0,9.29452909863364027e1,3.83343770635687974e-10,1.32284077759101091e-9,5.00000000000000000e0,0.00000000000000000e0,5.00000000000000000e0,5.00000000000000000e0,4.22127093979346135e0,1.89310132069010129e0,1.89310127885618162e0,0.00000000000000000e0
equal_group_time_s=5.59917358218763983e-1 threshold_crossing=false left=row_index=25646693:5.59917358218763872e-1,-2.21169246060815716e0,9.32136098088275133e1,4.22751543273647368e0,3.79724150074200395e2,3.79754128296574606e2,4.22750379804606968e0,3.79823887881599433e2,3.81060566902486414e2,-9.03095775792093021e-6,5.00000000000000000e0,4.99999999999999378e0,0.00000000000000000e0,2.88448562783258389e0,2.59781608166881517e0,5.00000000000000000e0,8.09852740424332751e-1,2.42955822127299825e0,2.19999366493224269e0,1.49999999999999716e1,-5.93088893225735783e-8,1.93922521585232488e-6,2.38441951125657338e-25,-4.58126309358083197e-2,4.99999999499999936e-9,0.00000000000000000e0,0.00000000000000000e0,0.00000000000000000e0,1.04086116764469480e-1,5.01844001511598803e-1,1.38118644775249799e0,-9.54253022694356758e1,3.81060566902486002e-10,1.23553116147760324e-9,5.00000000000000000e0,0.00000000000000000e0,5.00000000000000000e0,5.00000000000000000e0,4.65063900165508493e0,2.11376354483107898e0,2.11376355098131041e0,0.00000000000000000e0 group=row_index=25646694:5.59917358218763983e-1,-2.21169245952755222e0,9.32136098099121142e1,4.22751543264355156e0,3.79724150074200509e2,3.79754128296574720e2,4.22750379792148046e0,3.79823887881597784e2,3.81060566902482435e2,-9.03095778967525689e-6,5.00000000000000000e0,4.99999999999999378e0,0.00000000000000000e0,2.88448562783258389e0,2.59781608166826627e0,5.00000000000000000e0,8.09853295535845064e-1,2.42955988660753519e0,2.19999517291233504e0,1.49999999999999716e1,2.80693165577733882e-9,1.93922521596334718e-6,2.38423438071465747e-25,-4.58126309345623997e-2,4.99999999499999936e-9,0.00000000000000000e0,0.00000000000000000e0,0.00000000000000000e0,1.04086116764470715e-1,5.01844001511598803e-1,1.38118644775249799e0,-9.54253022694396691e1,3.81060566902482021e-10,1.22349266021065947e-9,5.00000000000000000e0,0.00000000000000000e0,5.00000000000000000e0,5.00000000000000000e0,4.65063900153760823e0,2.11376355268656679e0,2.11376355635056967e0,0.00000000000000000e0;row_index=25646695:5.59917358218763983e-1,-2.21169246150015342e0,9.32136098079394912e1,4.22751543255342810e0,3.79724150074200679e2,3.79754128296574891e2,4.22750379785491592e0,3.79823887881596931e2,3.81060566902480275e2,-9.03095780700783289e-6,5.00000000000000000e0,4.99999999999999378e0,0.00000000000000000e0,2.88448562783258344e0,2.59781608166797273e0,5.00000000000000000e0,8.09853295535845064e-1,2.42955988660753519e0,2.19999517291233504e0,1.49999999999999716e1,3.59940077120588528e-8,1.93922521596334718e-6,2.38413547555092673e-25,-4.58126309338967169e-2,4.99999999499999936e-9,0.00000000000000000e0,0.00000000000000000e0,0.00000000000000000e0,1.04086116764470923e-1,5.01844001511598803e-1,1.38118644775249755e0,-9.54253022694396407e1,3.81060566902479850e-10,1.25236563446274411e-9,5.00000000000000000e0,0.00000000000000000e0,5.00000000000000000e0,5.00000000000000000e0,4.65063900146939613e0,2.11376366315886122e0,2.11376355021296991e0,0.00000000000000000e0;row_index=25646696:5.59917358218763983e-1,-2.21169246031125111e0,9.32136098091284140e1,4.22751543245025641e0,3.79724150074200850e2,3.79754128296575061e2,4.22750379777053276e0,3.79823887881595851e2,3.81060566902477547e2,-9.03095782870182898e-6,5.00000000000000000e0,4.99999999999999378e0,0.00000000000000000e0,2.88448562783258300e0,2.59781608166760059e0,5.00000000000000000e0,8.09853295535845064e-1,2.42955988660753519e0,2.19999517291233504e0,1.49999999999999716e1,7.80646911280222755e-8,1.93922521596334718e-6,2.38401010107914676e-25,-4.58126309330528433e-2,4.99999999499999936e-9,0.00000000000000000e0,0.00000000000000000e0,0.00000000000000000e0,1.04086116764470771e-1,5.01844001511598470e-1,1.38118644775249666e0,-9.54253022694396691e1,3.81060566902477213e-10,1.26962299768664149e-9,5.00000000000000000e0,0.00000000000000000e0,5.00000000000000000e0,5.00000000000000000e0,4.65063900138602548e0,2.11376360376817241e0,2.11376353699490815e0,0.00000000000000000e0 right=row_index=25646697:5.59917358218764094e-1,-2.21169245936834757e0,9.32136098100792765e1,4.22751543229688576e0,3.79724150074200907e2,3.79754128296575118e2,4.22750379760176376e0,3.79823887881593691e2,3.81060566902472146e2,-9.03095787186108499e-6,5.00000000000000000e0,4.99999999999999378e0,0.00000000000000000e0,2.88448562783258344e0,2.59781608166685674e0,5.00000000000000000e0,8.09853850647357376e-1,2.42956155194207213e0,2.19999668089242784e0,1.49999999999999716e1,1.62206057573779971e-7,1.93922521607436948e-6,2.38375937191425870e-25,-4.58126309313651239e-2,4.99999999499999936e-9,0.00000000000000000e0,0.00000000000000000e0,0.00000000000000000e0,1.04086116764471603e-1,5.01844001511598692e-1,1.38118644775249733e0,-9.54253022694476272e1,3.81060566902471785e-10,1.27619726539456734e-9,5.00000000000000000e0,0.00000000000000000e0,5.00000000000000000e0,5.00000000000000000e0,4.65063900123823259e0,2.11376358605582793e0,2.11376355104843849e0,0.00000000000000000e0
equal_group_time_s=5.65099116572736704e-1 threshold_crossing=false left=row_index=25913804:5.65099116572736593e-1,-2.09158978098913950e0,9.24602757527050159e1,3.86284813318979570e0,3.82398211977618814e2,3.82428401310143329e2,3.86283849095230813e0,3.82492847660948030e2,3.83722613506237735e2,-1.50461251291796784e-5,5.00000000000000000e0,4.99999999999999378e0,0.00000000000000000e0,2.88326402254270020e0,2.59567673131636312e0,5.00000000000000000e0,8.09854405758869689e-1,2.42956321727660907e0,2.19999818887252019e0,1.49999999999999716e1,-5.95203857355432652e-7,1.94910699113926000e-6,-1.49657287241837533e-25,-4.22074153205987887e-2,4.99999999499999936e-9,0.00000000000000000e0,0.00000000000000000e0,0.00000000000000000e0,1.04086116764475434e-1,5.01461639055865160e-1,1.37977160805158072e0,-9.45518655336941549e1,3.83722613506237349e-10,1.38250913430028315e-9,5.00000000000000000e0,0.00000000000000000e0,5.00000000000000000e0,5.00000000000000000e0,4.29642338698007187e0,1.93143138571359807e0,1.93143140381331624e0,0.00000000000000000e0 group=row_index=25913805:5.65099116572736704e-1,-2.09158978122182937e0,9.24602757524683341e1,3.86284813300278973e0,3.82398211977619042e2,3.82428401310143556e2,3.86283849078772334e0,3.82492847660945813e2,3.83722613506232335e2,-1.50461251689416309e-5,5.00000000000000000e0,4.99999999999999378e0,0.00000000000000000e0,2.88326402254269931e0,2.59567673131533372e0,5.00000000000000000e0,8.09854960870382001e-1,2.42956488261114600e0,2.19999969685261254e0,1.49999999999999716e1,-5.14103820956687680e-7,1.94910699125028231e-6,-1.49642116495730340e-25,-4.22074153189530149e-2,4.99999999499999936e-9,0.00000000000000000e0,0.00000000000000000e0,0.00000000000000000e0,1.04086116764475434e-1,5.01461639055864938e-1,1.37977160805157983e0,-9.45518655336901617e1,3.83722613506231973e-10,1.33389195675460285e-9,5.00000000000000000e0,0.00000000000000000e0,5.00000000000000000e0,5.00000000000000000e0,4.29642338681712044e0,1.93143143715912768e0,1.93143141328955759e0,0.00000000000000000e0;row_index=25913806:5.65099116572736704e-1,-2.09158978091514580e0,9.24602757527750470e1,3.86284813293049023e0,3.82398211977619098e2,3.82428401310143613e2,3.86283849071748486e0,3.82492847660944904e2,3.83722613506230061e2,-1.50461251854116191e-5,5.00000000000000000e0,4.99999999999999378e0,0.00000000000000000e0,2.88326402254269842e0,2.59567673131489451e0,5.00000000000000000e0,8.09854960870382001e-1,2.42956488261114600e0,2.19999969685261254e0,1.49999999999999716e1,-4.79493320755763070e-7,1.94910699125028231e-6,-1.49635642649784525e-25,-4.22074153182506462e-2,4.99999999499999936e-9,0.00000000000000000e0,0.00000000000000000e0,0.00000000000000000e0,1.04086116764475031e-1,5.01461639055864605e-1,1.37977160805157850e0,-9.45518655336901901e1,3.83722613506229698e-10,1.34443322656370913e-9,5.00000000000000000e0,0.00000000000000000e0,5.00000000000000000e0,5.00000000000000000e0,4.29642338675269819e0,1.93143141503783444e0,1.93143142513114485e0,0.00000000000000000e0 right=row_index=25913807:5.65099116572736815e-1,-2.09158978173010235e0,9.24602757519520964e1,3.86284813290842433e0,3.82398211977619155e2,3.82428401310143670e2,3.86283849062385665e0,3.82492847660943596e2,3.83722613506226992e2,-1.50461252077174406e-5,5.00000000000000000e0,4.99999999999999378e0,0.00000000000000000e0,2.88326402254269798e0,2.59567673131430965e0,5.00000000000000000e0,8.09855515981894314e-1,2.42956654794568294e0,2.20000120483270534e0,1.49999999999999716e1,-4.33356796030832616e-7,1.94910699136130461e-6,-1.49627013312455289e-25,-4.22074153173143674e-2,4.99999999499999936e-9,0.00000000000000000e0,0.00000000000000000e0,0.00000000000000000e0,1.04086116764474254e-1,5.01461639055864494e-1,1.37977160805157806e0,-9.45518655336822036e1,3.83722613506226596e-10,1.36920176333963623e-9,5.00000000000000000e0,0.00000000000000000e0,5.00000000000000000e0,5.00000000000000000e0,4.29642338666174872e0,1.93143147278377780e0,1.93143139935992614e0,0.00000000000000000e0
equal_group_time_s=5.65114582646871311e-1 threshold_crossing=false left=row_index=25914620:5.65114582646871200e-1,-2.07087704549655927e0,9.16577106908801227e1,3.80005896019647516e0,3.82392281959994989e2,3.82422470824360232e2,3.80004924572046754e0,3.82485976753424609e2,3.83714521280399765e2,-5.24895700595828464e-6,5.00000000000000000e0,4.99999999999999378e0,0.00000000000000000e0,2.88320936838516184e0,2.57174100905246883e0,5.00000000000000000e0,8.09854960870382001e-1,2.42956488261114600e0,2.19999969685261254e0,1.49999999999999716e1,3.44585393375213792e-7,1.92415430300130197e-6,-6.37151082328536405e-28,-4.15890065592240676e-2,4.99999999499999936e-9,0.00000000000000000e0,0.00000000000000000e0,0.00000000000000000e0,1.04086116764477293e-1,5.01444532304555768e-1,1.37970832560410672e0,-9.37285877363766815e1,3.83714521280399420e-10,1.33405410042434864e-9,5.00000000000000000e0,0.00000000000000000e0,5.00000000000000000e0,5.00000000000000000e0,4.23372860429177944e0,1.90003687707052604e0,1.90003683975393911e0,0.00000000000000000e0 group=row_index=25914621:5.65114582646871311e-1,-2.07087704490751801e0,9.16577106914610908e1,3.80005896006472099e0,3.82392281959995159e2,3.82422470824360403e2,3.80004924557818091e0,3.82485976753422563e2,3.83714521280395047e2,-5.24895704566132604e-6,5.00000000000000000e0,4.99999999999999378e0,0.00000000000000000e0,2.88320936838516184e0,2.57174100905158731e0,5.00000000000000000e0,8.09855515981894314e-1,2.42956654794568294e0,2.20000120483270534e0,1.49999999999999716e1,4.14508075802998751e-7,1.92415430311232427e-6,-6.37095395617845149e-28,-4.15890065578013654e-2,4.99999999499999936e-9,0.00000000000000000e0,0.00000000000000000e0,0.00000000000000000e0,1.04086116764476530e-1,5.01444532304555768e-1,1.37970832560410717e0,-9.37285877363686097e1,3.83714521280394664e-10,1.37776059340473491e-9,5.00000000000000000e0,0.00000000000000000e0,5.00000000000000000e0,5.00000000000000000e0,4.23372860414398655e0,1.90003687431592039e0,1.90003684813896934e0,0.00000000000000000e0;row_index=25914622:5.65114582646871311e-1,-2.07087704615075818e0,9.16577106902178542e1,3.80005895987236375e0,3.82392281959995216e2,3.82422470824360460e2,3.80004924550263556e0,3.82485976753421539e2,3.83714521280392546e2,-5.24895706695853124e-6,5.00000000000000000e0,4.99999999999999378e0,0.00000000000000000e0,2.88320936838516140e0,2.57174100905111835e0,5.00000000000000000e0,8.09855515981894314e-1,2.42956654794568294e0,2.20000120483270534e0,1.49999999999999716e1,4.51632537659119025e-7,1.92415430311232427e-6,-6.37065831522301317e-28,-4.15890065570459974e-2,4.99999999499999936e-9,0.00000000000000000e0,0.00000000000000000e0,0.00000000000000000e0,1.04086116764475572e-1,5.01444532304555657e-1,1.37970832560410650e0,-9.37285877363686097e1,3.83714521280392183e-10,1.36182437442730658e-9,5.00000000000000000e0,0.00000000000000000e0,5.00000000000000000e0,5.00000000000000000e0,4.23372860407198459e0,1.90003690176332540e0,1.90003684136432338e0,0.00000000000000000e0 right=row_index=25914623:5.65114582646871422e-1,-2.07087704503077275e0,9.16577106913338469e1,3.80005895986767417e0,3.82392281959995273e2,3.82422470824360516e2,3.80004924540568911e0,3.82485976753420118e2,3.83714521280389476e2,-5.24895709296067242e-6,5.00000000000000000e0,4.99999999999999378e0,0.00000000000000000e0,2.88320936838516007e0,2.57174100905051706e0,5.00000000000000000e0,8.09856071093406626e-1,2.42956821328021988e0,2.20000271281279769e0,1.49999999999999716e1,4.99274019548743536e-7,1.92415430322334657e-6,-6.37027894199057888e-28,-4.15890065560766339e-2,4.99999999499999936e-9,0.00000000000000000e0,0.00000000000000000e0,0.00000000000000000e0,1.04086116764475239e-1,5.01444532304555102e-1,1.37970832560410472e0,-9.37285877363646165e1,3.83714521280389081e-10,1.34840836364184404e-9,5.00000000000000000e0,0.00000000000000000e0,5.00000000000000000e0,5.00000000000000000e0,4.23372860397345629e0,1.90003685972140812e0,1.90003682537235963e0,0.00000000000000000e0
equal_group_time_s=5.68236027028580004e-1 threshold_crossing=false left=row_index=26058601:5.68236027028579893e-1,9.37054767830231157e1,-9.42541904483495618e-1,-4.16093354027805162e0,3.80090167896188461e2,3.80120175014706547e2,4.16092180885512608e0,3.80188959157603449e2,3.81424397515584474e2,-4.25912571239968235e-6,5.00000000000000000e0,4.99999999999999378e0,0.00000000000000000e0,2.88513654795192753e0,2.57132670075054204e0,5.00000000000000000e0,8.09853850647357376e-1,2.42956155194207213e0,2.19999668089242784e0,1.49999999999999716e1,4.02515656186708560e-7,1.92663123510516954e-6,7.64726920025275842e-26,-4.51603790802387189e-2,4.99999999499999936e-9,0.00000000000000000e0,0.00000000000000000e0,0.00000000000000000e0,1.04086116764472880e-1,5.02047739508953317e-1,1.38194062697485931e0,9.46480186875066067e1,3.81424397515584091e-10,1.22652790463115125e-9,5.00000000000000000e0,0.00000000000000000e0,5.00000000000000000e0,5.00000000000000000e0,4.58560952646015174e0,2.08047269160361692e0,2.08047263871487731e0,0.00000000000000000e0 group=row_index=26058602:5.68236027028580004e-1,9.37054767839034781e1,-9.42541903611150089e-1,-4.16093354013105454e0,3.80090167896188632e2,3.80120175014706717e2,4.16092180871441464e0,3.80188959157601687e2,3.81424397515579869e2,-4.25912575175791697e-6,5.00000000000000000e0,4.99999999999999378e0,0.00000000000000000e0,2.88513654795192753e0,2.57132670074993097e0,5.00000000000000000e0,8.09854405758869689e-1,2.42956321727660907e0,2.19999818887252019e0,1.49999999999999716e1,4.72398293125718453e-7,1.92663123521619184e-6,7.64660121521824236e-26,-4.51603790788316292e-2,4.99999999499999936e-9,0.00000000000000000e0,0.00000000000000000e0,0.00000000000000000e0,1.04086116764472519e-1,5.02047739508953428e-1,1.38194062697485975e0,9.46480186875146217e1,3.81424397515579541e-10,1.28190679258260960e-9,5.00000000000000000e0,0.00000000000000000e0,5.00000000000000000e0,5.00000000000000000e0,4.58560952633130636e0,2.08047261933312289e0,2.08047263356113366e0,0.00000000000000000e0;row_index=26058603:5.68236027028580004e-1,9.37054767837396554e1,-9.42541903774967382e-1,-4.16093354001611715e0,3.80090167896188746e2,3.80120175014706831e2,4.16092180864151739e0,3.80188959157600891e2,3.81424397515577596e2,-4.25912577191990405e-6,5.00000000000000000e0,4.99999999999999378e0,0.00000000000000000e0,2.88513654795192709e0,2.57132670074961478e0,5.00000000000000000e0,8.09854405758869689e-1,2.42956321727660907e0,2.19999818887252019e0,1.49999999999999716e1,5.08601899959991985e-7,1.92663123521619184e-6,7.64625517984677807e-26,-4.51603790781026637e-2,4.99999999499999936e-9,0.00000000000000000e0,0.00000000000000000e0,0.00000000000000000e0,1.04086116764472519e-1,5.02047739508953317e-1,1.38194062697485887e0,9.46480186875146217e1,3.81424397515577215e-10,1.29797164838914095e-9,5.00000000000000000e0,0.00000000000000000e0,5.00000000000000000e0,5.00000000000000000e0,4.58560952627067309e0,2.08047270831632991e0,2.08047267735748331e0,0.00000000000000000e0 right=row_index=26058604:5.68236027028580115e-1,9.37054767823179873e1,-9.42541905196630503e-1,-4.16093353982682856e0,3.80090167896188859e2,3.80120175014706945e2,4.16092180854983695e0,3.80188959157599811e2,3.81424397515574867e2,-4.25912579672778891e-6,5.00000000000000000e0,4.99999999999999378e0,0.00000000000000000e0,2.88513654795192620e0,2.57132670074921776e0,5.00000000000000000e0,8.09854960870382001e-1,2.42956488261114600e0,2.19999969685261254e0,1.49999999999999716e1,5.54133410564734000e-7,1.92663123532721414e-6,7.64582001026642409e-26,-4.51603790771858762e-2,4.99999999499999936e-9,0.00000000000000000e0,0.00000000000000000e0,0.00000000000000000e0,1.04086116764472505e-1,5.02047739508953095e-1,1.38194062697485798e0,9.46480186875146217e1,3.81424397515574527e-10,1.25866536762674377e-9,5.00000000000000000e0,0.00000000000000000e0,5.00000000000000000e0,5.00000000000000000e0,4.58560952619109230e0,2.08047269621873587e0,2.08047266951620324e0,0.00000000000000000e0
equal_group_time_s=5.68243770953571259e-1 threshold_crossing=false left=row_index=26059008:5.68243770953571148e-1,9.41152755743450342e1,-9.43566809311413568e-1,-4.19593089842004474e0,3.80087490464858206e2,3.80117497372000116e2,4.19591921133075729e0,3.80186788754512634e2,3.81422880377821855e2,-3.31611832583113687e-6,5.00000000000000000e0,4.99999999999999378e0,0.00000000000000000e0,2.88516928260516803e0,2.58302631598123567e0,5.00000000000000000e0,8.09852740424332751e-1,2.42955822127299825e0,2.19999366493224269e0,1.49999999999999716e1,4.84035871410699319e-7,1.92504281493199869e-6,4.06233014730971253e-23,-4.55054455965835450e-2,4.99999999499999936e-9,0.00000000000000000e0,0.00000000000000000e0,0.00000000000000000e0,1.04086116764466441e-1,5.02057985455417688e-1,1.38197855994577479e0,9.50588423836564544e1,3.81422880377821486e-10,1.26206619709277282e-9,5.00000000000000000e0,0.00000000000000000e0,5.00000000000000000e0,5.00000000000000000e0,4.61942550083449532e0,2.09797133288032223e0,2.09797130416139410e0,0.00000000000000000e0 group=row_index=26059009:5.68243770953571259e-1,9.41152755739488924e1,-9.43566809711556598e-1,-4.19593089818363296e0,3.80087490464858320e2,3.80117497372000230e2,4.19591921120180711e0,3.80186788754510815e2,3.81422880377817705e2,-3.31611836383266612e-6,5.00000000000000000e0,4.99999999999999378e0,0.00000000000000000e0,2.88516928260516803e0,2.58302631598067611e0,5.00000000000000000e0,8.09853295535845064e-1,2.42955988660753519e0,2.19999517291233504e0,1.49999999999999716e1,5.48166172574635094e-7,1.92504281504302099e-6,4.06200451227314790e-23,-4.55054455952940765e-2,4.99999999499999936e-9,0.00000000000000000e0,0.00000000000000000e0,0.00000000000000000e0,1.04086116764466816e-1,5.02057985455417577e-1,1.38197855994577479e0,9.50588423836604477e1,3.81422880377817299e-10,1.28351615435510276e-9,5.00000000000000000e0,0.00000000000000000e0,5.00000000000000000e0,5.00000000000000000e0,4.61942550070565083e0,2.09797131057330377e0,2.09797128628517848e0,0.00000000000000000e0;row_index=26059010:5.68243770953571259e-1,9.41152755743301697e1,-9.43566809330268819e-1,-4.19593089811468190e0,3.80087490464858433e2,3.80117497372000344e2,4.19591921112897026e0,3.80186788754509735e2,3.81422880377815545e2,-3.31611838276620301e-6,5.00000000000000000e0,4.99999999999999378e0,0.00000000000000000e0,2.88516928260516758e0,2.58302631598035992e0,5.00000000000000000e0,8.09853295535845064e-1,2.42955988660753519e0,2.19999517291233504e0,1.49999999999999716e1,5.84389699723813027e-7,1.92504281504302099e-6,4.06182059126238057e-23,-4.55054455945657146e-2,4.99999999499999936e-9,0.00000000000000000e0,0.00000000000000000e0,0.00000000000000000e0,1.04086116764466829e-1,5.02057985455417577e-1,1.38197855994577434e0,9.50588423836604335e1,3.81422880377815127e-10,1.23839705326989963e-9,5.00000000000000000e0,0.00000000000000000e0,5.00000000000000000e0,5.00000000000000000e0,4.61942550062607005e0,2.09797134068343860e0,2.09797128187598103e0,0.00000000000000000e0;row_index=26059011:5.68243770953571259e-1,9.41152755750205472e1,-9.43566808639917709e-1,-4.19593089794403795e0,3.80087490464858547e2,3.80117497372000457e2,4.19591921104133636e0,3.80186788754508484e2,3.81422880377812930e2,-3.31611840628692856e-6,5.00000000000000000e0,4.99999999999999378e0,0.00000000000000000e0,2.88516928260516670e0,2.58302631597997934e0,5.00000000000000000e0,8.09853295535845064e-1,2.42955988660753519e0,2.19999517291233504e0,1.49999999999999716e1,6.27971291053092768e-7,1.92504281504302099e-6,4.06159932151890634e-23,-4.55054455936893948e-2,4.99999999499999936e-9,0.00000000000000000e0,0.00000000000000000e0,0.00000000000000000e0,1.04086116764466038e-1,5.02057985455417244e-1,1.38197855994577345e0,9.50588423836604619e1,3.81422880377812594e-10,1.22722290025850916e-9,5.00000000000000000e0,0.00000000000000000e0,5.00000000000000000e0,5.00000000000000000e0,4.61942550053512058e0,2.09797134720408485e0,2.09797129500906587e0,0.00000000000000000e0 right=row_index=26059012:5.68243770953571370e-1,9.41152755743861889e1,-9.43566809282244678e-1,-4.19593089791817420e0,3.80087490464858888e2,3.80117497372000798e2,4.19591921086607123e0,3.80186788754506381e2,3.81422880377807246e2,-3.31611845557991013e-6,5.00000000000000000e0,4.99999999999999378e0,0.00000000000000000e0,2.88516928260516758e0,2.58302631597921817e0,5.00000000000000000e0,8.09853850647357376e-1,2.42956155194207213e0,2.19999668089242784e0,1.49999999999999716e1,7.15134473297247524e-7,1.92504281515404330e-6,4.06115681819231879e-23,-4.55054455919367690e-2,4.99999999499999936e-9,0.00000000000000000e0,0.00000000000000000e0,0.00000000000000000e0,1.04086116764464734e-1,5.02057985455417577e-1,1.38197855994577457e0,9.50588423836684342e1,3.81422880377806856e-10,1.27863053074165700e-9,5.00000000000000000e0,0.00000000000000000e0,5.00000000000000000e0,5.00000000000000000e0,4.61942550037216915e0,2.09797132484635629e0,2.09797130720346914e0,0.00000000000000000e0
equal_group_time_s=5.68259277645129401e-1 threshold_crossing=false left=row_index=26059818:5.68259277645129290e-1,9.49336322298532025e1,-9.45418158635227712e-1,-4.25938275005785272e0,3.80082282768729499e2,3.80112289264737512e2,4.25937115046365378e0,3.80182521188940939e2,3.81419790818224158e2,-9.45524596525703754e-6,5.00000000000000000e0,4.99999999999999378e0,0.00000000000000000e0,2.88523497601698242e0,2.60716120021306708e0,5.00000000000000000e0,8.09853295535845064e-1,2.42955988660753519e0,2.19999517291233504e0,1.49999999999999716e1,-1.09879203141869544e-7,1.94070755044073451e-6,1.12577580921790725e-27,-4.61303016636161398e-2,4.99999999499999936e-9,0.00000000000000000e0,0.00000000000000000e0,0.00000000000000000e0,1.04086116764481262e-1,5.02078547493315597e-1,1.38205468715197877e0,9.58790503884884231e1,3.81419790818223753e-10,1.22231208442281361e-9,5.00000000000000000e0,0.00000000000000000e0,5.00000000000000000e0,5.00000000000000000e0,4.68212828022842587e0,2.12969720710350829e0,2.12969720365168191e0,0.00000000000000000e0 group=row_index=26059819:5.68259277645129401e-1,9.49336322286253846e1,-9.45418159870996089e-1,-4.25938274995115762e0,3.80082282768729669e2,3.80112289264737683e2,4.25937115035171754e0,3.80182521188939518e2,3.81419790818220406e2,-9.45524599500693699e-6,5.00000000000000000e0,4.99999999999999378e0,0.00000000000000000e0,2.88523497601698242e0,2.60716120021257503e0,5.00000000000000000e0,8.09853850647357376e-1,2.42956155194207213e0,2.19999668089242784e0,1.49999999999999716e1,-5.40567682005172272e-8,1.94070755055175681e-6,1.12569725752088022e-27,-4.61303016624967574e-2,4.99999999499999936e-9,0.00000000000000000e0,0.00000000000000000e0,0.00000000000000000e0,1.04086116764480971e-1,5.02078547493315597e-1,1.38205468715197832e0,9.58790503884963812e1,3.81419790818220083e-10,1.28180579252595317e-9,5.00000000000000000e0,0.00000000000000000e0,5.00000000000000000e0,5.00000000000000000e0,4.68212828012231874e0,2.12969727918510410e0,2.12969721728922901e0,0.00000000000000000e0;row_index=26059820:5.68259277645129401e-1,9.49336322298231323e1,-9.45418158673248521e-1,-4.25938274985816179e0,3.80082282768729783e2,3.80112289264737797e2,4.25937115029155411e0,3.80182521188938722e2,3.81419790818218473e2,-9.45524601042393951e-6,5.00000000000000000e0,4.99999999999999378e0,0.00000000000000000e0,2.88523497601698287e0,2.60716120021231035e0,5.00000000000000000e0,8.09853850647357376e-1,2.42956155194207213e0,2.19999668089242784e0,1.49999999999999716e1,-2.40536599798847532e-8,1.94070755055175681e-6,1.12565504028943461e-27,-4.61303016618951137e-2,4.99999999499999936e-9,0.00000000000000000e0,0.00000000000000000e0,0.00000000000000000e0,1.04086116764480804e-1,5.02078547493315708e-1,1.38205468715197921e0,9.58790503884963812e1,3.81419790818218118e-10,1.29552326843170689e-9,5.00000000000000000e0,0.00000000000000000e0,5.00000000000000000e0,5.00000000000000000e0,4.68212828006168547e0,2.12969728403773573e0,2.12969720963022358e0,0.00000000000000000e0;row_index=26059821:5.68259277645129401e-1,9.49336322294723232e1,-9.45418159024050908e-1,-4.25938274980467213e0,3.80082282768729897e2,3.80112289264737910e2,4.25937115021619039e0,3.80182521188937699e2,3.81419790818216086e2,-9.45524602781953816e-6,5.00000000000000000e0,4.99999999999999378e0,0.00000000000000000e0,2.88523497601698331e0,2.60716120021197861e0,5.00000000000000000e0,8.09853850647357376e-1,2.42956155194207213e0,2.19999668089242784e0,1.49999999999999716e1,1.35296718020162617e-8,1.94070755055175681e-6,1.12560215919501532e-27,-4.61303016611414665e-2,4.99999999499999936e-9,0.00000000000000000e0,0.00000000000000000e0,0.00000000000000000e0,1.04086116764480652e-1,5.02078547493315708e-1,1.38205468715197966e0,9.58790503884963812e1,3.81419790818215740e-10,1.27161391323712290e-9,5.00000000000000000e0,0.00000000000000000e0,5.00000000000000000e0,5.00000000000000000e0,4.68212827998589454e0,2.12969714867930637e0,2.12969716956724353e0,0.00000000000000000e0 right=row_index=26059822:5.68259277645129512e-1,9.49336322305632478e1,-9.45418157937123693e-1,-4.25938274971122155e0,3.80082282768730181e2,3.80112289264738195e2,4.25937115006546474e0,3.80182521188935596e2,3.81419790818211197e2,-9.45524606457489305e-6,5.00000000000000000e0,4.99999999999999378e0,0.00000000000000000e0,2.88523497601698375e0,2.60716120021131603e0,5.00000000000000000e0,8.09854405758869689e-1,2.42956321727660907e0,2.19999818887252019e0,1.49999999999999716e1,8.86963350576348877e-8,1.94070755066277911e-6,1.12549640445875550e-27,-4.61303016596341930e-2,4.99999999499999936e-9,0.00000000000000000e0,0.00000000000000000e0,0.00000000000000000e0,1.04086116764479264e-1,5.02078547493315930e-1,1.38205468715198010e0,9.58790503885003744e1,3.81419790818210777e-10,1.28950080116939597e-9,5.00000000000000000e0,0.00000000000000000e0,5.00000000000000000e0,5.00000000000000000e0,4.68212827982673296e0,2.12969721756262098e0,2.12969720415732278e0,0.00000000000000000e0
equal_group_time_s=5.73417798637411380e-1 threshold_crossing=false left=row_index=26325644:5.73417798637411269e-1,9.43931412508462984e1,-9.35664669468066368e-1,-3.92855136556011075e0,3.82738561706068197e2,3.82768777908308095e2,3.92854177874503696e0,3.82834189377210691e2,3.84065222981920328e2,-1.48539407152041593e-5,5.00000000000000000e0,4.99999999999999378e0,0.00000000000000000e0,2.88395999536691328e0,2.61111008801415734e0,5.00000000000000000e0,8.09852740424332751e-1,2.42955822127299825e0,2.19999366493224269e0,1.49999999999999716e1,-5.83403736659465226e-7,1.94976786893619192e-6,-2.12890337544035742e-26,-4.28594309496559342e-2,4.99999999499999936e-9,0.00000000000000000e0,0.00000000000000000e0,0.00000000000000000e0,1.04086116764477363e-1,5.01679478549843849e-1,1.38057758149570664e0,9.53288059203143661e1,3.84065222981919939e-10,1.34572277143218477e-9,5.00000000000000000e0,0.00000000000000000e0,5.00000000000000000e0,5.00000000000000000e0,4.36076459350639833e0,1.96428295707547029e0,1.96428295170042877e0,0.00000000000000000e0 group=row_index=26325645:5.73417798637411380e-1,9.43931412510380738e1,-9.35664669272280314e-1,-3.92855136545506411e0,3.82738561706068197e2,3.82768777908308095e2,3.92854177861571907e0,3.82834189377208986e2,3.84065222981916179e2,-1.48539407451830592e-5,5.00000000000000000e0,4.99999999999999378e0,0.00000000000000000e0,2.88395999536691328e0,2.61111008801336109e0,5.00000000000000000e0,8.09853295535845064e-1,2.42955988660753519e0,2.19999517291233504e0,1.49999999999999716e1,-5.19592076479171219e-7,1.94976786904721422e-6,-2.12873357113062793e-26,-4.28594309483628366e-2,4.99999999499999936e-9,0.00000000000000000e0,0.00000000000000000e0,0.00000000000000000e0,1.04086116764478001e-1,5.01679478549843960e-1,1.38057758149570708e0,9.53288059203103586e1,3.84065222981915751e-10,1.34752425577736195e-9,5.00000000000000000e0,0.00000000000000000e0,5.00000000000000000e0,5.00000000000000000e0,4.36076459339271150e0,1.96428302827005097e0,1.96428297844029731e0,0.00000000000000000e0;row_index=26325646:5.73417798637411380e-1,9.43931412486713981e1,-9.35664671638955503e-1,-3.92855136528277171e0,3.82738561706068253e2,3.82768777908308152e2,3.92854177854957820e0,3.82834189377208247e2,3.84065222981914019e2,-1.48539407599687663e-5,5.00000000000000000e0,4.99999999999999378e0,0.00000000000000000e0,2.88395999536691328e0,2.61111008801295430e0,5.00000000000000000e0,8.09853295535845064e-1,2.42955988660753519e0,2.19999517291233504e0,1.49999999999999716e1,-4.86955379547734259e-7,1.94976786904721422e-6,-2.12864672935687083e-26,-4.28594309477014698e-2,4.99999999499999936e-9,0.00000000000000000e0,0.00000000000000000e0,0.00000000000000000e0,1.04086116764478542e-1,5.01679478549843960e-1,1.38057758149570708e0,9.53288059203103586e1,3.84065222981913631e-10,1.34938636532652031e-9,5.00000000000000000e0,0.00000000000000000e0,5.00000000000000000e0,5.00000000000000000e0,4.36076459333965794e0,1.96428297438686039e0,1.96428298814094870e0,0.00000000000000000e0;row_index=26325647:5.73417798637411380e-1,9.43931412497695845e1,-9.35664670540778509e-1,-3.92855136528118010e0,3.82738561706068310e2,3.82768777908308209e2,3.92854177846484065e0,3.82834189377207395e2,3.84065222981911177e2,-1.48539407807077548e-5,5.00000000000000000e0,4.99999999999999378e0,0.00000000000000000e0,2.88395999536691328e0,2.61111008801243338e0,5.00000000000000000e0,8.09853295535845064e-1,2.42955988660753519e0,2.19999517291233504e0,1.49999999999999716e1,-4.45141981917852486e-7,1.94976786904721422e-6,-2.12853547481794802e-26,-4.28594309468541407e-2,4.99999999499999936e-9,0.00000000000000000e0,0.00000000000000000e0,0.00000000000000000e0,1.04086116764479056e-1,5.01679478549843960e-1,1.38057758149570708e0,9.53288059203103586e1,3.84065222981910840e-10,1.38095765315519032e-9,5.00000000000000000e0,0.00000000000000000e0,5.00000000000000000e0,5.00000000000000000e0,4.36076459327902466e0,1.96428300550957080e0,1.96428296490639864e0,0.00000000000000000e0 right=row_index=26325648:5.73417798637411491e-1,9.43931412503566207e1,-9.35664669945782790e-1,-3.92855136518198833e0,3.82738561706068310e2,3.82768777908308209e2,3.92854177829536555e0,3.82834189377205348e2,3.84065222981905890e2,-1.48539408200342884e-5,5.00000000000000000e0,4.99999999999999378e0,0.00000000000000000e0,2.88395999536691283e0,2.61111008801139022e0,5.00000000000000000e0,8.09853850647357376e-1,2.42956155194207213e0,2.19999668089242784e0,1.49999999999999716e1,-3.61515187039548744e-7,1.94976786915823652e-6,-2.12831298318392974e-26,-4.28594309451594824e-2,4.99999999499999936e-9,0.00000000000000000e0,0.00000000000000000e0,0.00000000000000000e0,1.04086116764477682e-1,5.01679478549843849e-1,1.38057758149570664e0,9.53288059203024005e1,3.84065222981905515e-10,1.36854476921484519e-9,5.00000000000000000e0,0.00000000000000000e0,5.00000000000000000e0,5.00000000000000000e0,4.36076459314260045e0,1.96428295775963924e0,1.96428294964748096e0,0.00000000000000000e0
equal_group_time_s=5.73441009064466600e-1 threshold_crossing=false left=row_index=26326843:5.73441009064466489e-1,9.31624308320299974e1,-9.34215785490682737e-1,-3.88015375766832449e0,3.82729843314208892e2,3.82760058828154683e2,3.88014406627759945e0,3.82824751412802641e2,3.84054852175292808e2,-4.61478724589221417e-6,5.00000000000000000e0,4.99999999999999378e0,0.00000000000000000e0,2.88387788298249781e0,2.58290112991782772e0,5.00000000000000000e0,8.09854960870382001e-1,2.42956488261114600e0,2.19999969685261254e0,1.49999999999999716e1,4.14149609112174000e-7,1.92365469009470047e-6,5.25430528999945323e-28,-4.23899758843239716e-2,4.99999999499999936e-9,0.00000000000000000e0,0.00000000000000000e0,0.00000000000000000e0,1.04086116764482511e-1,5.01653777373521792e-1,1.38048247875489261e0,9.40966466175206762e1,3.84054852175292462e-10,1.38935536485613797e-9,5.00000000000000000e0,0.00000000000000000e0,5.00000000000000000e0,5.00000000000000000e0,4.31283897653050552e0,1.94008419271145738e0,1.94008419229269502e0,0.00000000000000000e0 group=row_index=26326844:5.73441009064466600e-1,9.31624308319015313e1,-9.34215785611116512e-1,-3.88015375748130964e0,3.82729843314209006e2,3.82760058828154797e2,3.88014406611345208e0,3.82824751412800367e2,3.84054852175287408e2,-4.61478729332338682e-6,5.00000000000000000e0,4.99999999999999378e0,0.00000000000000000e0,2.88387788298249781e0,2.58290112991685028e0,5.00000000000000000e0,8.09855515981894314e-1,2.42956654794568294e0,2.20000120483270534e0,1.49999999999999716e1,4.94814381456780072e-7,1.92365469020572277e-6,5.25377552000067676e-28,-4.23899758826826803e-2,4.99999999499999936e-9,0.00000000000000000e0,0.00000000000000000e0,0.00000000000000000e0,1.04086116764482539e-1,5.01653777373521903e-1,1.38048247875489261e0,9.40966466175126470e1,3.84054852175286981e-10,1.39118919945819275e-9,5.00000000000000000e0,0.00000000000000000e0,5.00000000000000000e0,5.00000000000000000e0,4.31283897637134395e0,1.94008416493746938e0,1.94008416859367827e0,0.00000000000000000e0;row_index=26326845:5.73441009064466600e-1,9.31624308327088642e1,-9.34215784803769544e-1,-3.88015375735886892e0,3.82729843314209120e2,3.82760058828154911e2,3.88014406602349871e0,3.82824751412799117e2,3.84054852175284509e2,-4.61478731911960328e-6,5.00000000000000000e0,4.99999999999999378e0,0.00000000000000000e0,2.88387788298249781e0,2.58290112991631515e0,5.00000000000000000e0,8.09855515981894314e-1,2.42956654794568294e0,2.20000120483270534e0,1.49999999999999716e1,5.39019330494977120e-7,1.92365469020572277e-6,5.25348522440305939e-28,-4.23899758817832262e-2,4.99999999499999936e-9,0.00000000000000000e0,0.00000000000000000e0,0.00000000000000000e0,1.04086116764482234e-1,5.01653777373521903e-1,1.38048247875489261e0,9.40966466175126328e1,3.84054852175284138e-10,1.40779722098264741e-9,5.00000000000000000e0,0.00000000000000000e0,5.00000000000000000e0,5.00000000000000000e0,4.31283897628039448e0,1.94008425025181541e0,1.94008421252385976e0,0.00000000000000000e0 right=row_index=26326846:5.73441009064466711e-1,9.31624308327524062e1,-9.34215784756212808e-1,-3.88015375724995693e0,3.82729843314209347e2,3.82760058828155138e2,3.88014406591241201e0,3.82824751412797582e2,3.84054852175280928e2,-4.61478735037925086e-6,5.00000000000000000e0,4.99999999999999378e0,0.00000000000000000e0,2.88387788298249781e0,2.58290112991565435e0,5.00000000000000000e0,8.09856071093406626e-1,2.42956821328021988e0,2.20000271281279769e0,1.49999999999999716e1,5.93609967019061066e-7,1.92365469031674508e-6,5.25312674773122482e-28,-4.23899758806724550e-2,4.99999999499999936e-9,0.00000000000000000e0,0.00000000000000000e0,0.00000000000000000e0,1.04086116764482622e-1,5.01653777373521903e-1,1.38048247875489261e0,9.40966466175086254e1,3.84054852175280519e-10,1.40649032636819155e-9,5.00000000000000000e0,0.00000000000000000e0,5.00000000000000000e0,5.00000000000000000e0,4.31283897616291778e0,1.94008423134000063e0,1.94008419340970950e0,0.00000000000000000e0
equal_group_time_s=5.76601198326131326e-1 threshold_crossing=false left=row_index=26472657:5.76601198326131215e-1,-2.21342763057376679e0,9.41184323981138249e1,4.23279073993587929e0,3.80411248792546246e2,3.80441281259556149e2,4.23277917376381296e0,3.80511119092592367e2,3.81747896024929503e2,-1.05648282773174307e-5,5.00000000000000000e0,4.99999999999999378e0,0.00000000000000000e0,2.88594299884754690e0,2.61499129533253516e0,5.00000000000000000e0,8.09854405758869689e-1,2.42956321727660907e0,2.19999818887252019e0,1.49999999999999716e1,-1.90911403344985443e-7,1.94344452142392043e-6,1.02514474278874732e-25,-4.58627530361323046e-2,4.99999999499999936e-9,0.00000000000000000e0,0.00000000000000000e0,0.00000000000000000e0,1.04086116764477446e-1,5.02300158639282235e-1,1.38287529519452779e0,-9.63318600286875864e1,3.81747896024929130e-10,1.20392550002088611e-9,5.00000000000000000e0,0.00000000000000000e0,5.00000000000000000e0,5.00000000000000000e0,4.65585553574783262e0,2.11640124594990020e0,2.11640124214778425e0,0.00000000000000000e0 group=row_index=26472658:5.76601198326131326e-1,-2.21342763095649397e0,9.41184323977390278e1,4.23279073980845055e0,3.80411248792546473e2,3.80441281259556376e2,4.23277917361892442e0,3.80511119092590434e2,3.81747896024924955e2,-1.05648283125932732e-5,5.00000000000000000e0,4.99999999999999378e0,0.00000000000000000e0,2.88594299884754779e0,2.61499129533185570e0,5.00000000000000000e0,8.09854960870382001e-1,2.42956488261114600e0,2.19999969685261254e0,1.49999999999999716e1,-1.18621507909083828e-7,1.94344452153494274e-6,1.02505211246117825e-25,-4.58627530346834011e-2,4.99999999499999936e-9,0.00000000000000000e0,0.00000000000000000e0,0.00000000000000000e0,1.04086116764477196e-1,5.02300158639282568e-1,1.38287529519452868e0,-9.63318600286955160e1,3.81747896024924581e-10,1.19426915414242703e-9,5.00000000000000000e0,0.00000000000000000e0,5.00000000000000000e0,5.00000000000000000e0,4.65585553560382959e0,2.11640126249788230e0,2.11640124516752604e0,0.00000000000000000e0;row_index=26472659:5.76601198326131326e-1,-2.21342763248818475e0,9.41184323962073535e1,4.23279073974645659e0,3.80411248792546587e2,3.80441281259556490e2,4.23277917354215205e0,3.80511119092589411e2,3.81747896024922625e2,-1.05648283300506544e-5,5.00000000000000000e0,4.99999999999999378e0,0.00000000000000000e0,2.88594299884754735e0,2.61499129533149599e0,5.00000000000000000e0,8.09854960870382001e-1,2.42956488261114600e0,2.19999969685261254e0,1.49999999999999716e1,-8.03172813505245384e-8,1.94344452153494274e-6,1.02500303384790205e-25,-4.58627530339156611e-2,4.99999999499999936e-9,0.00000000000000000e0,0.00000000000000000e0,0.00000000000000000e0,1.04086116764476891e-1,5.02300158639282457e-1,1.38287529519452823e0,-9.63318600286955444e1,3.81747896024922254e-10,1.21140005268306763e-9,5.00000000000000000e0,0.00000000000000000e0,5.00000000000000000e0,5.00000000000000000e0,4.65585553552803866e0,2.11640123105453792e0,2.11640123407629854e0,0.00000000000000000e0 right=row_index=26472660:5.76601198326131437e-1,-2.21342763018780930e0,9.41184323985156652e1,4.23279073958649654e0,3.80411248792546644e2,3.80441281259556547e2,4.23277917344330046e0,3.80511119092588160e2,3.81747896024919498e2,-1.05648283553041794e-5,5.00000000000000000e0,4.99999999999999378e0,0.00000000000000000e0,2.88594299884754779e0,2.61499129533103369e0,5.00000000000000000e0,8.09855515981894314e-1,2.42956654794568294e0,2.20000120483270534e0,1.49999999999999716e1,-3.09970267106974138e-8,1.94344452164596504e-6,1.02493984402865323e-25,-4.58627530329271185e-2,4.99999999499999936e-9,0.00000000000000000e0,0.00000000000000000e0,0.00000000000000000e0,1.04086116764477127e-1,5.02300158639282457e-1,1.38287529519452912e0,-9.63318600287034741e1,3.81747896024919101e-10,1.25019886893785834e-9,5.00000000000000000e0,0.00000000000000000e0,5.00000000000000000e0,5.00000000000000000e0,4.65585553544087816e0,2.11640126702675424e0,2.11640121916206869e0,0.00000000000000000e0
equal_group_time_s=5.76608950168202905e-1 threshold_crossing=false left=row_index=26473062:5.76608950168202794e-1,-2.23068269129499575e0,9.45090639801891683e1,4.28525992709337888e0,3.80408698136352029e2,3.80438730401994349e2,4.28524840456191836e0,3.80509344179048355e2,3.81747091907225752e2,-1.26808325968960980e-5,5.00000000000000000e0,4.99999999999999378e0,0.00000000000000000e0,2.88597598596554983e0,2.62476468269469398e0,5.00000000000000000e0,8.09855515981894314e-1,2.42956654794568294e0,2.20000120483270534e0,1.49999999999999716e1,-4.05221385913313083e-7,1.94977318157540935e-6,-1.68144817498477248e-27,-4.63827278805103368e-2,4.99999999499999936e-9,0.00000000000000000e0,0.00000000000000000e0,0.00000000000000000e0,1.04086116764475156e-1,5.02310483607216973e-1,1.38291353364859826e0,-9.67397466714841698e1,3.81747091907225389e-10,1.24723539535975448e-9,5.00000000000000000e0,0.00000000000000000e0,5.00000000000000000e0,5.00000000000000000e0,4.70758513693378244e0,2.14263585978594806e0,2.14263580622290251e0,0.00000000000000000e0 group=row_index=26473063:5.76608950168202905e-1,-2.23068269167073341e0,9.45090639798174124e1,4.28525992698804981e0,3.80408698136352143e2,3.80438730401994462e2,4.28524840443387323e0,3.80509344179046593e2,3.81747091907221716e2,-1.26808326258395018e-5,5.00000000000000000e0,4.99999999999999378e0,0.00000000000000000e0,2.88597598596555027e0,2.62476468269411090e0,5.00000000000000000e0,8.09856071093406626e-1,2.42956821328021988e0,2.20000271281279769e0,1.49999999999999716e1,-3.41249716156441470e-7,1.94977318168643166e-6,-1.68131372404454159e-27,-4.63827278792298542e-2,4.99999999499999936e-9,0.00000000000000000e0,0.00000000000000000e0,0.00000000000000000e0,1.04086116764475281e-1,5.02310483607217306e-1,1.38291353364859870e0,-9.67397466714881489e1,3.81747091907221356e-10,1.24601443261180356e-9,5.00000000000000000e0,0.00000000000000000e0,5.00000000000000000e0,5.00000000000000000e0,4.70758513680872692e0,2.14263579641171731e0,2.14263581520215407e0,0.00000000000000000e0;row_index=26473064:5.76608950168202905e-1,-2.23068268991461238e0,9.45090639815735614e1,4.28525992682252799e0,3.80408698136352257e2,3.80438730401994576e2,4.28524840436555898e0,3.80509344179045684e2,3.81747091907219612e2,-1.26808326415220356e-5,5.00000000000000000e0,4.99999999999999378e0,0.00000000000000000e0,2.88597598596555027e0,2.62476468269380003e0,5.00000000000000000e0,8.09856071093406626e-1,2.42956821328021988e0,2.20000271281279769e0,1.49999999999999716e1,-3.07119462518294875e-7,1.94977318168643166e-6,-1.68124199599097209e-27,-4.63827278785466784e-2,4.99999999499999936e-9,0.00000000000000000e0,0.00000000000000000e0,0.00000000000000000e0,1.04086116764475101e-1,5.02310483607217306e-1,1.38291353364859870e0,-9.67397466714881773e1,3.81747091907219236e-10,1.25149337932798663e-9,5.00000000000000000e0,0.00000000000000000e0,5.00000000000000000e0,5.00000000000000000e0,4.70758513674051482e0,2.14263593199176627e0,2.14263580933025510e0,0.00000000000000000e0;row_index=26473065:5.76608950168202905e-1,-2.23068268991087493e0,9.45090639815772846e1,4.28525992685457435e0,3.80408698136352371e2,3.80438730401994690e2,4.28524840427868980e0,3.80509344179044547e2,3.81747091907216941e2,-1.26808326610811970e-5,5.00000000000000000e0,4.99999999999999378e0,0.00000000000000000e0,2.88597598596554983e0,2.62476468269340479e0,5.00000000000000000e0,8.09856071093406626e-1,2.42956821328021988e0,2.20000271281279769e0,1.49999999999999716e1,-2.63719320906065959e-7,1.94977318168643166e-6,-1.68115079078391784e-27,-4.63827278776779359e-2,4.99999999499999936e-9,0.00000000000000000e0,0.00000000000000000e0,0.00000000000000000e0,1.04086116764474726e-1,5.02310483607217084e-1,1.38291353364859826e0,-9.67397466714881631e1,3.81747091907216600e-10,1.23597658523806867e-9,5.00000000000000000e0,0.00000000000000000e0,5.00000000000000000e0,5.00000000000000000e0,4.70758513665714418e0,2.14263592410810499e0,2.14263582349951909e0,0.00000000000000000e0 right=row_index=26473066:5.76608950168203016e-1,-2.23068269044454270e0,9.45090639810435960e1,4.28525992660100208e0,3.80408698136352598e2,3.80438730401994917e2,4.28524840410495234e0,3.80509344179042216e2,3.81747091907211427e2,-1.26808327010775964e-5,5.00000000000000000e0,4.99999999999999378e0,0.00000000000000000e0,2.88597598596554938e0,2.62476468269261387e0,5.00000000000000000e0,8.09856626204918939e-1,2.42956987861475682e0,2.20000422079289004e0,1.49999999999999716e1,-1.76919038092568793e-7,1.94977318179745396e-6,-1.68096839521269989e-27,-4.63827278759404577e-2,4.99999999499999936e-9,0.00000000000000000e0,0.00000000000000000e0,0.00000000000000000e0,1.04086116764475684e-1,5.02310483607217084e-1,1.38291353364859781e0,-9.67397466714881347e1,3.81747091907211068e-10,1.18424803141947381e-9,5.00000000000000000e0,0.00000000000000000e0,5.00000000000000000e0,5.00000000000000000e0,4.70758513648661392e0,2.14263582366858252e0,2.14263580377998064e0,0.00000000000000000e0
equal_group_time_s=5.81759706643634411e-1 threshold_crossing=false left=row_index=26738504:5.81759706643634300e-1,-2.10972594922972956e0,9.27647261083786248e1,3.91785220012022339e0,3.83072866319384786e2,3.83103108914094150e2,3.91784256287290367e0,3.83168369375607881e2,3.84399197236824818e2,-1.11960105071592644e-5,5.00000000000000000e0,4.99999999999999378e0,0.00000000000000000e0,2.88451907085260917e0,2.60407905070559709e0,5.00000000000000000e0,8.09854960870382001e-1,2.42956488261114600e0,2.19999969685261254e0,1.49999999999999716e1,-2.21964712437129805e-7,1.93983006102627087e-6,3.92190397911046753e-27,-4.27619644950683331e-2,4.99999999499999936e-9,0.00000000000000000e0,0.00000000000000000e0,0.00000000000000000e0,1.04086116764485481e-1,5.01854469176866713e-1,1.38122519100967067e0,-9.48744520576083517e1,3.84399197236824453e-10,1.31130608136797083e-9,5.00000000000000000e0,0.00000000000000000e0,5.00000000000000000e0,5.00000000000000000e0,4.35069743424871103e0,1.95893339765731311e0,1.95893338006895301e0,0.00000000000000000e0 group=row_index=26738505:5.81759706643634411e-1,-2.10972594798813384e0,9.27647261096121980e1,3.91785219995226441e0,3.83072866319384900e2,3.83103108914094264e2,3.91784256272688358e0,3.83168369375605948e2,3.84399197236819930e2,-1.11960105451202165e-5,5.00000000000000000e0,4.99999999999999378e0,0.00000000000000000e0,2.88451907085260917e0,2.60407905070470624e0,5.00000000000000000e0,8.09855515981894314e-1,2.42956654794568294e0,2.20000120483270534e0,1.49999999999999716e1,-1.50104870450418145e-7,1.93983006113729317e-6,3.92155171066226923e-27,-4.27619644936082371e-2,4.99999999499999936e-9,0.00000000000000000e0,0.00000000000000000e0,0.00000000000000000e0,1.04086116764486314e-1,5.01854469176866713e-1,1.38122519100967045e0,-9.48744520576003367e1,3.84399197236819593e-10,1.37341082003444902e-9,5.00000000000000000e0,0.00000000000000000e0,5.00000000000000000e0,5.00000000000000000e0,4.35069743411228682e0,1.95893335804214375e0,1.95893337162397541e0,0.00000000000000000e0;row_index=26738506:5.81759706643634411e-1,-2.10972594962845772e0,9.27647261079719243e1,3.91785219992657474e0,3.83072866319384957e2,3.83103108914094321e2,3.91784256264948461e0,3.83168369375604982e2,3.84399197236817429e2,-1.11960105641113914e-5,5.00000000000000000e0,4.99999999999999378e0,0.00000000000000000e0,2.88451907085260961e0,2.60407905070423373e0,5.00000000000000000e0,8.09855515981894314e-1,2.42956654794568294e0,2.20000120483270534e0,1.49999999999999716e1,-1.12014536012642217e-7,1.93983006113729317e-6,3.92136499857611624e-27,-4.27619644928342937e-2,4.99999999499999936e-9,0.00000000000000000e0,0.00000000000000000e0,0.00000000000000000e0,1.04086116764485634e-1,5.01854469176866935e-1,1.38122519100967089e0,-9.48744520576003794e1,3.84399197236817060e-10,1.34616776755161436e-9,5.00000000000000000e0,0.00000000000000000e0,5.00000000000000000e0,5.00000000000000000e0,4.35069743404407472e0,1.95893338328306865e0,1.95893337194235051e0,0.00000000000000000e0 right=row_index=26738507:5.81759706643634522e-1,-2.10972595128623652e0,9.27647261063101496e1,3.91785219978225552e0,3.83072866319384957e2,3.83103108914094321e2,3.91784256254988428e0,3.83168369375603788e2,3.84399197236814302e2,-1.11960105886739612e-5,5.00000000000000000e0,4.99999999999999378e0,0.00000000000000000e0,2.88451907085261050e0,2.60407905070362578e0,5.00000000000000000e0,8.09856071093406626e-1,2.42956821328021988e0,2.20000271281279769e0,1.49999999999999716e1,-6.29989336739814053e-8,1.93983006124831547e-6,3.92112474583718404e-27,-4.27619644918383612e-2,4.99999999499999936e-9,0.00000000000000000e0,0.00000000000000000e0,0.00000000000000000e0,1.04086116764483622e-1,5.01854469176867268e-1,1.38122519100967200e0,-9.48744520575963861e1,3.84399197236813958e-10,1.28266119969603363e-9,5.00000000000000000e0,0.00000000000000000e0,5.00000000000000000e0,5.00000000000000000e0,4.35069743396449393e0,1.95893345775281680e0,1.95893338514301507e0,0.00000000000000000e0
equal_group_time_s=5.84943130579485548e-1 threshold_crossing=false left=row_index=26885826:5.84943130579485437e-1,9.58380604062537316e1,-9.46207825993070295e-1,-4.28653790362341169e0,3.80742701723283858e2,3.80772760357630375e2,4.28652637369216816e0,3.80843409281469235e2,3.82081180587646770e2,-1.56244503520363449e-5,5.00000000000000000e0,4.99999999999999378e0,0.00000000000000000e0,2.88646454942015440e0,2.62883255705736740e0,5.00000000000000000e0,8.09853850647357376e-1,2.42956155194207213e0,2.19999668089242784e0,1.49999999999999716e1,-6.63021943256360051e-7,1.95775384470575631e-6,1.43011237661386781e-23,-4.63991231814966654e-2,4.99999999499999936e-9,0.00000000000000000e0,0.00000000000000000e0,0.00000000000000000e0,1.04086116764480652e-1,5.02463403968508415e-1,1.38347993514725487e0,9.67842682322468022e1,3.82081180587646397e-10,1.23681854498830295e-9,5.00000000000000000e0,0.00000000000000000e0,5.00000000000000000e0,5.00000000000000000e0,4.70992825592399367e0,2.14327482356190835e0,2.14327480867668374e0,0.00000000000000000e0 group=row_index=26885827:5.84943130579485548e-1,9.58380604067034483e1,-9.46207825551288906e-1,-4.28653790353320119e0,3.80742701723283972e2,3.80772760357630489e2,4.28652637351801147e0,3.80843409281466847e2,3.82081180587641256e2,-1.56244503904753844e-5,5.00000000000000000e0,4.99999999999999378e0,0.00000000000000000e0,2.88646454942015529e0,2.62883255705656316e0,5.00000000000000000e0,8.09854405758869689e-1,2.42956321727660907e0,2.19999818887252019e0,1.49999999999999716e1,-5.76099864978700738e-7,1.95775384481677861e-6,1.42995699962228016e-23,-4.63991231797550377e-2,4.99999999499999936e-9,0.00000000000000000e0,0.00000000000000000e0,0.00000000000000000e0,1.04086116764480957e-1,5.02463403968508637e-1,1.38347993514725576e0,9.67842682322547319e1,3.82081180587640917e-10,1.25519890318674725e-9,5.00000000000000000e0,0.00000000000000000e0,5.00000000000000000e0,5.00000000000000000e0,4.70992825575725327e0,2.14327480985078855e0,2.14327479836489987e0,0.00000000000000000e0;row_index=26885828:5.84943130579485548e-1,9.58380604068556750e1,-9.46207825399078106e-1,-4.28653790337182272e0,3.80742701723283972e2,3.80772760357630489e2,4.28652637343183329e0,3.80843409281465597e2,3.82081180587638471e2,-1.56244504103814820e-5,5.00000000000000000e0,4.99999999999999378e0,0.00000000000000000e0,2.88646454942015573e0,2.62883255705616570e0,5.00000000000000000e0,8.09854405758869689e-1,2.42956321727660907e0,2.19999818887252019e0,1.49999999999999716e1,-5.33087682014532571e-7,1.95775384481677861e-6,1.42988011971971036e-23,-4.63991231788931993e-2,4.99999999499999936e-9,0.00000000000000000e0,0.00000000000000000e0,0.00000000000000000e0,1.04086116764481137e-1,5.02463403968508859e-1,1.38347993514725665e0,9.67842682322547461e1,3.82081180587638125e-10,1.24547196235036390e-9,5.00000000000000000e0,0.00000000000000000e0,5.00000000000000000e0,5.00000000000000000e0,4.70992825567388262e0,2.14327485249400373e0,2.14327477779495457e0,0.00000000000000000e0 right=row_index=26885829:5.84943130579485659e-1,9.58380604066513229e1,-9.46207825607386366e-1,-4.28653790317849825e0,3.80742701723284029e2,3.80772760357630546e2,4.28652637331801589e0,3.80843409281463892e2,3.82081180587634833e2,-1.56244504357637933e-5,5.00000000000000000e0,4.99999999999999378e0,0.00000000000000000e0,2.88646454942015618e0,2.62883255705564078e0,5.00000000000000000e0,8.09854960870382001e-1,2.42956488261114600e0,2.19999969685261254e0,1.49999999999999716e1,-4.76281314835066095e-7,1.95775384492780091e-6,1.42977859044963676e-23,-4.63991231777549640e-2,4.99999999499999936e-9,0.00000000000000000e0,0.00000000000000000e0,0.00000000000000000e0,1.04086116764480610e-1,5.02463403968508859e-1,1.38347993514725687e0,9.67842682322587109e1,3.82081180587634455e-10,1.26440578678993749e-9,5.00000000000000000e0,0.00000000000000000e0,5.00000000000000000e0,5.00000000000000000e0,4.70992825555640593e0,2.14327484153973424e0,2.14327479547465183e0,0.00000000000000000e0
equal_group_time_s=6.01588222667450823e-1 threshold_crossing=false left=row_index=27709434:6.01588222667450712e-1,9.47027787504204071e1,-9.44488357856531402e-1,-4.22747794874567262e0,3.81368045683863841e2,3.81398153687470426e2,4.22746627715420598e0,3.81467949962560795e2,3.82704628289191646e2,-1.01501856078201725e-5,5.00000000000000000e0,4.99999999999999378e0,0.00000000000000000e0,2.88721858239852702e0,2.59422718882129288e0,5.00000000000000000e0,8.09854405758869689e-1,2.42956321727660907e0,2.19999818887252019e0,1.49999999999999716e1,-1.64012713432536758e-7,1.94152080490450629e-6,3.87071650578818287e-29,-4.58296918120429733e-2,4.99999999499999936e-9,0.00000000000000000e0,0.00000000000000000e0,0.00000000000000000e0,1.04086116764477210e-1,5.02699416290738887e-1,1.38435432844220685e0,9.56472671082769352e1,3.82704628289191225e-10,1.27080724096979088e-9,5.00000000000000000e0,0.00000000000000000e0,5.00000000000000000e0,5.00000000000000000e0,4.65308500602456387e0,2.11374488503681190e0,2.11374483828165927e0,0.00000000000000000e0 group=row_index=27709435:6.01588222667450823e-1,9.47027787508774992e1,-9.44488357407371137e-1,-4.22747794857190229e0,3.81368045683863954e2,3.81398153687470540e2,4.22746627701950928e0,3.81467949962558919e2,3.82704628289187269e2,-1.01501856418065902e-5,5.00000000000000000e0,4.99999999999999378e0,0.00000000000000000e0,2.88721858239852791e0,2.59422718882070447e0,5.00000000000000000e0,8.09854960870382001e-1,2.42956488261114600e0,2.19999969685261254e0,1.49999999999999716e1,-9.71877869119878287e-8,1.94152080501552859e-6,3.87039319384207355e-29,-4.58296918106959883e-2,4.99999999499999936e-9,0.00000000000000000e0,0.00000000000000000e0,0.00000000000000000e0,1.04086116764476710e-1,5.02699416290739332e-1,1.38435432844220818e0,9.56472671082848649e1,3.82704628289186882e-10,1.26775149770744097e-9,5.00000000000000000e0,0.00000000000000000e0,5.00000000000000000e0,5.00000000000000000e0,4.65308500589192953e0,2.11374484376788097e0,2.11374485146503277e0,0.00000000000000000e0;row_index=27709436:6.01588222667450823e-1,9.47027787511243986e1,-9.44488357160487069e-1,-4.22747794840745428e0,3.81368045683863954e2,3.81398153687470540e2,4.22746627695283195e0,3.81467949962558066e2,3.82704628289185052e2,-1.01501856594882472e-5,5.00000000000000000e0,4.99999999999999378e0,0.00000000000000000e0,2.88721858239852791e0,2.59422718882041270e0,5.00000000000000000e0,8.09854960870382001e-1,2.42956488261114600e0,2.19999969685261254e0,1.49999999999999716e1,-6.41081413500432238e-8,1.94152080501552859e-6,3.87023315809807416e-29,-4.58296918100292092e-2,4.99999999499999936e-9,0.00000000000000000e0,0.00000000000000000e0,0.00000000000000000e0,1.04086116764476724e-1,5.02699416290739332e-1,1.38435432844220818e0,9.56472671082848791e1,3.82704628289184659e-10,1.26687969383172346e-9,5.00000000000000000e0,0.00000000000000000e0,5.00000000000000000e0,5.00000000000000000e0,4.65308500583508611e0,2.11374477760959856e0,2.11374481827175531e0,0.00000000000000000e0;row_index=27709437:6.01588222667450823e-1,9.47027787503473064e1,-9.44488357937580791e-1,-4.22747794838903701e0,3.81368045683863954e2,3.81398153687470540e2,4.22746627686752774e0,3.81467949962556986e2,3.82704628289182267e2,-1.01501856821466834e-5,5.00000000000000000e0,4.99999999999999378e0,0.00000000000000000e0,2.88721858239852791e0,2.59422718882004011e0,5.00000000000000000e0,8.09854960870382001e-1,2.42956488261114600e0,2.19999969685261254e0,1.49999999999999716e1,-2.17869040353918532e-8,1.94152080501552859e-6,3.87002842218160966e-29,-4.58296918091761485e-2,4.99999999499999936e-9,0.00000000000000000e0,0.00000000000000000e0,0.00000000000000000e0,1.04086116764476766e-1,5.02699416290739221e-1,1.38435432844220796e0,9.56472671082848933e1,3.82704628289181919e-10,1.29154592786267781e-9,5.00000000000000000e0,0.00000000000000000e0,5.00000000000000000e0,5.00000000000000000e0,4.65308500576308415e0,2.11374495343028457e0,2.11374485093957976e0,0.00000000000000000e0 right=row_index=27709438:6.01588222667450934e-1,9.47027787504958667e1,-9.44488357793019540e-1,-4.22747794822976175e0,3.81368045683864125e2,3.81398153687470710e2,4.22746627669691843e0,3.81467949962554599e2,3.82704628289176640e2,-1.01501857273493251e-5,5.00000000000000000e0,4.99999999999999378e0,0.00000000000000000e0,2.88721858239852924e0,2.59422718881929537e0,5.00000000000000000e0,8.09855515981894314e-1,2.42956654794568294e0,2.20000120483270534e0,1.49999999999999716e1,6.28555702031280091e-8,1.94152080512655090e-6,3.86961898283950186e-29,-4.58296918074700133e-2,4.99999999499999936e-9,0.00000000000000000e0,0.00000000000000000e0,0.00000000000000000e0,1.04086116764476641e-1,5.02699416290739665e-1,1.38435432844220951e0,9.56472671082888866e1,3.82704628289176232e-10,1.31251300340506767e-9,5.00000000000000000e0,0.00000000000000000e0,5.00000000000000000e0,5.00000000000000000e0,4.65308500559255389e0,2.11374488714185782e0,2.11374485145434798e0,0.00000000000000000e0
equal_group_time_s=6.06762224338015521e-1 threshold_crossing=false left=row_index=27975822:6.06762224338015410e-1,9.38071247097569341e1,-9.33731529123847603e-1,-3.86402249020454747e0,3.83979615326813985e2,3.84009929506971332e2,3.86401280570860006e0,3.84074416881659147e2,3.85304205478601318e2,-1.14342011098069008e-5,5.00000000000000000e0,4.99999999999999378e0,0.00000000000000000e0,2.88579515798235020e0,2.60355134306040004e0,5.00000000000000000e0,8.09855515981894314e-1,2.42956654794568294e0,2.20000120483270534e0,1.49999999999999716e1,-2.22344875545762777e-7,1.94023258348607897e-6,6.50119447877572709e-25,-4.22361420783848723e-2,4.99999999499999936e-9,0.00000000000000000e0,0.00000000000000000e0,0.00000000000000000e0,1.04086116764488618e-1,5.02253884448475740e-1,1.38270392551290300e0,9.47408562388807809e1,3.85304205478600984e-10,1.30341378101234730e-9,5.00000000000000000e0,0.00000000000000000e0,5.00000000000000000e0,5.00000000000000000e0,4.29915831252098268e0,1.93201860283001126e0,1.93201861479020565e0,0.00000000000000000e0 group=row_index=27975823:6.06762224338015521e-1,9.38071247096262368e1,-9.33731529254537285e-1,-3.86402249009762500e0,3.83979615326814042e2,3.84009929506971389e2,3.86401280554052784e0,3.84074416881656930e2,3.85304205478595861e2,-1.14342011500981337e-5,5.00000000000000000e0,4.99999999999999378e0,0.00000000000000000e0,2.88579515798234976e0,2.60355134305932934e0,5.00000000000000000e0,8.09856071093406626e-1,2.42956821328021988e0,2.20000271281279769e0,1.49999999999999716e1,-1.39919307678033621e-7,1.94023258359710127e-6,6.50052468243493416e-25,-4.22361420767042653e-2,4.99999999499999936e-9,0.00000000000000000e0,0.00000000000000000e0,0.00000000000000000e0,1.04086116764488354e-1,5.02253884448475518e-1,1.38270392551290211e0,9.47408562388807809e1,3.85304205478595452e-10,1.31542230012361108e-9,5.00000000000000000e0,0.00000000000000000e0,5.00000000000000000e0,5.00000000000000000e0,4.29915831236939994e0,1.93201863736745505e0,1.93201860196658504e0,0.00000000000000000e0;row_index=27975824:6.06762224338015521e-1,9.38071247097590657e1,-9.33731529121726300e-1,-3.86402248992925479e0,3.83979615326814098e2,3.84009929506971446e2,3.86401280545224513e0,3.84074416881655793e2,3.85304205478592905e2,-1.14342011723527148e-5,5.00000000000000000e0,4.99999999999999378e0,0.00000000000000000e0,2.88579515798234931e0,2.60355134305876712e0,5.00000000000000000e0,8.09856071093406626e-1,2.42956821328021988e0,2.20000271281279769e0,1.49999999999999716e1,-9.66241337554100533e-8,1.94023258359710127e-6,6.50017289024950298e-25,-4.22361420758214923e-2,4.99999999499999936e-9,0.00000000000000000e0,0.00000000000000000e0,0.00000000000000000e0,1.04086116764487535e-1,5.02253884448475407e-1,1.38270392551290167e0,9.47408562388807951e1,3.85304205478592557e-10,1.31476343625877411e-9,5.00000000000000000e0,0.00000000000000000e0,5.00000000000000000e0,5.00000000000000000e0,4.29915831228981915e0,1.93201860587236673e0,1.93201861092537652e0,0.00000000000000000e0 right=row_index=27975825:6.06762224338015632e-1,9.38071247094075318e1,-9.33731529469262189e-1,-3.86402248985501728e0,3.83979615326814212e2,3.84009929506971559e2,3.86401280533711589e0,3.84074416881654372e2,3.85304205478588869e2,-1.14342012027759360e-5,5.00000000000000000e0,4.99999999999999378e0,0.00000000000000000e0,2.88579515798234842e0,2.60355134305803348e0,5.00000000000000000e0,8.09856626204918939e-1,2.42956987861475682e0,2.20000422079289004e0,1.49999999999999716e1,-4.01632226677231580e-8,1.94023258370812357e-6,6.49971414930356357e-25,-4.22361420746702812e-2,4.99999999499999936e-9,0.00000000000000000e0,0.00000000000000000e0,0.00000000000000000e0,1.04086116764486342e-1,5.02253884448475185e-1,1.38270392551290078e0,9.47408562388767876e1,3.85304205478588525e-10,1.38855235818703754e-9,5.00000000000000000e0,0.00000000000000000e0,5.00000000000000000e0,5.00000000000000000e0,4.29915831218750100e0,1.93201865251322036e0,1.93201858839499785e0,0.00000000000000000e0
equal_group_time_s=6.06769970713623041e-1 threshold_crossing=false left=row_index=27976224:6.06769970713622930e-1,9.33967684871494157e1,-9.32508898214802873e-1,-3.82339521516388459e0,3.83976645742826577e2,3.84006959688543077e2,3.82338549413366513e0,3.84070855440561047e2,3.85299855022308520e2,-1.24224119099958217e-5,5.00000000000000000e0,4.99999999999999378e0,0.00000000000000000e0,2.88576767603770357e0,2.59030420945414264e0,5.00000000000000000e0,8.09849409755258876e-1,2.42954822926577663e0,2.19998461705168769e0,1.49999999999999716e1,-3.11079782658817204e-7,1.94109477968940070e-6,4.77548959998374922e-23,-4.18346835083247895e-2,4.99999999499999936e-9,0.00000000000000000e0,0.00000000000000000e0,0.00000000000000000e0,1.04086116764480582e-1,5.02245282599801168e-1,1.38267207099784994e0,9.43292773853642217e1,3.85299855022308160e-10,1.35249962361199726e-9,5.00000000000000000e0,0.00000000000000000e0,5.00000000000000000e0,5.00000000000000000e0,4.25971680119801022e0,1.91170501794081971e0,1.91170500601553517e0,0.00000000000000000e0 group=row_index=27976225:6.06769970713623041e-1,9.33967684871225146e1,-9.32508898237699335e-1,-3.82339521498221302e0,3.83976645742826747e2,3.84006959688543247e2,3.82338549396430905e0,3.84070855440558773e2,3.85299855022302950e2,-1.24224119514876848e-5,5.00000000000000000e0,4.99999999999999378e0,0.00000000000000000e0,2.88576767603770357e0,2.59030420945306261e0,5.00000000000000000e0,8.09849964866771188e-1,2.42954989460031356e0,2.19998612503178004e0,1.49999999999999716e1,-2.28135495060798615e-7,1.94109477980042300e-6,4.77499450114369106e-23,-4.18346835066313247e-2,4.99999999499999936e-9,0.00000000000000000e0,0.00000000000000000e0,0.00000000000000000e0,1.04086116764479875e-1,5.02245282599801279e-1,1.38267207099785039e0,9.43292773853602142e1,3.85299855022302525e-10,1.29536223968187441e-9,5.00000000000000000e0,0.00000000000000000e0,5.00000000000000000e0,5.00000000000000000e0,4.25971680103505967e0,1.91170503575908057e0,1.91170502074222859e0,0.00000000000000000e0;row_index=27976226:6.06769970713623041e-1,9.33967684871154376e1,-9.32508898244771900e-1,-3.82339521489313938e0,3.83976645742826804e2,3.84006959688543304e2,3.82338549387539173e0,3.84070855440557636e2,3.85299855022299994e2,-1.24224119737991120e-5,5.00000000000000000e0,4.99999999999999378e0,0.00000000000000000e0,2.88576767603770312e0,2.59030420945249551e0,5.00000000000000000e0,8.09849964866771188e-1,2.42954989460031356e0,2.19998612503178004e0,1.49999999999999716e1,-1.84587260157340341e-7,1.94109477980042300e-6,4.77473457997471745e-23,-4.18346835057422095e-2,4.99999999499999936e-9,0.00000000000000000e0,0.00000000000000000e0,0.00000000000000000e0,1.04086116764480041e-1,5.02245282599801057e-1,1.38267207099785017e0,9.43292773853602142e1,3.85299855022299630e-10,1.30404425162674403e-9,5.00000000000000000e0,0.00000000000000000e0,5.00000000000000000e0,5.00000000000000000e0,4.25971680095547889e0,1.91170506783014416e0,1.91170501568371543e0,0.00000000000000000e0 right=row_index=27976227:6.06769970713623152e-1,9.33967684876064652e1,-9.32508897745719434e-1,-3.82339521476887967e0,3.83976645742826861e2,3.84006959688543361e2,3.82338549375936676e0,3.84070855440556215e2,3.85299855022296072e2,-1.24224120037441831e-5,5.00000000000000000e0,4.99999999999999378e0,0.00000000000000000e0,2.88576767603770268e0,2.59030420945175566e0,5.00000000000000000e0,8.09850519978283501e-1,2.42955155993485050e0,2.19998763301187283e0,1.49999999999999716e1,-1.27762831797760220e-7,1.94109477991144530e-6,4.77439544004383700e-23,-4.18346835045820542e-2,4.99999999499999936e-9,0.00000000000000000e0,0.00000000000000000e0,0.00000000000000000e0,1.04086116764481429e-1,5.02245282599801057e-1,1.38267207099784928e0,9.43292773853521851e1,3.85299855022295701e-10,1.31075885136294485e-9,5.00000000000000000e0,0.00000000000000000e0,5.00000000000000000e0,5.00000000000000000e0,4.25971680085694970e0,1.91170502487311866e0,1.91170501262693660e0,0.00000000000000000e0
equal_group_time_s=6.09914634707333314e-1 threshold_crossing=false left=row_index=28121383:6.09914634707333203e-1,-2.20706739122595108e0,9.30740967366598397e1,4.21345507487513427e0,3.81651281326855326e2,3.81681411691170581e2,4.21344335437504736e0,3.81750997474083874e2,3.82987415258375734e2,-4.13274583067090839e-6,5.00000000000000000e0,4.99999999999999378e0,0.00000000000000000e0,2.88765098109755591e0,2.58287803343620226e0,5.00000000000000000e0,8.09854960870382001e-1,2.42956488261114600e0,2.19999969685261254e0,1.49999999999999716e1,4.08591203444895907e-7,1.92664347919979662e-6,-2.23831465489032121e-25,-4.56972192549559356e-2,4.99999999499999936e-9,0.00000000000000000e0,0.00000000000000000e0,0.00000000000000000e0,1.04086116764476572e-1,5.02834757083535089e-1,1.38485587214401029e0,-9.52811641278857877e1,3.82987415258375345e-10,1.25287605769802599e-9,5.00000000000000000e0,0.00000000000000000e0,5.00000000000000000e0,5.00000000000000000e0,4.63905219421955461e0,2.10673347744559569e0,2.10673341424474581e0,0.00000000000000000e0 group=row_index=28121384:6.09914634707333314e-1,-2.20706739095679305e0,9.30740967369370082e1,4.21345507479334280e0,3.81651281326855496e2,3.81681411691170752e2,4.21344335425090488e0,3.81750997474082169e2,3.82987415258371811e2,-4.13274586590493875e-6,5.00000000000000000e0,4.99999999999999378e0,0.00000000000000000e0,2.88765098109755591e0,2.58287803343567246e0,5.00000000000000000e0,8.09855515981894314e-1,2.42956654794568294e0,2.20000120483270534e0,1.49999999999999716e1,4.70043063764044351e-7,1.92664347931081892e-6,-2.23814272573447226e-25,-4.56972192537145536e-2,4.99999999499999936e-9,0.00000000000000000e0,0.00000000000000000e0,0.00000000000000000e0,1.04086116764476794e-1,5.02834757083534978e-1,1.38485587214400985e0,-9.52811641278938026e1,3.82987415258371416e-10,1.26178820089158085e-9,5.00000000000000000e0,0.00000000000000000e0,5.00000000000000000e0,5.00000000000000000e0,4.63905219409449909e0,2.10673345359482722e0,2.10673340856271096e0,0.00000000000000000e0;row_index=28121385:6.09914634707333314e-1,-2.20706738980907913e0,9.30740967380847195e1,4.21345507466298219e0,3.81651281326855610e2,3.81681411691170865e2,4.21344335418422755e0,3.81750997474081316e2,3.82987415258369822e2,-4.13274588246840460e-6,5.00000000000000000e0,4.99999999999999378e0,0.00000000000000000e0,2.88765098109755547e0,2.58287803343538824e0,5.00000000000000000e0,8.09855515981894314e-1,2.42956654794568294e0,2.20000120483270534e0,1.49999999999999716e1,5.03049081894933980e-7,1.92664347931081892e-6,-2.23805038740948580e-25,-4.56972192530477953e-2,4.99999999499999936e-9,0.00000000000000000e0,0.00000000000000000e0,0.00000000000000000e0,1.04086116764476086e-1,5.02834757083534867e-1,1.38485587214400940e0,-9.52811641278938026e1,3.82987415258369452e-10,1.27603449468184406e-9,5.00000000000000000e0,0.00000000000000000e0,5.00000000000000000e0,5.00000000000000000e0,4.63905219403007685e0,2.10673341185523810e0,2.10673342878289427e0,0.00000000000000000e0;row_index=28121386:6.09914634707333314e-1,-2.20706739048368794e0,9.30740967374101160e1,4.21345507462566271e0,3.81651281326855667e2,3.81681411691170922e2,4.21344335409996340e0,3.81750997474080293e2,3.82987415258367491e2,-4.13274590043044637e-6,5.00000000000000000e0,4.99999999999999378e0,0.00000000000000000e0,2.88765098109755503e0,2.58287803343502897e0,5.00000000000000000e0,8.09855515981894314e-1,2.42956654794568294e0,2.20000120483270534e0,1.49999999999999716e1,5.44760762514869639e-7,1.92664347931081892e-6,-2.23793369939043643e-25,-4.56972192522051707e-2,4.99999999499999936e-9,0.00000000000000000e0,0.00000000000000000e0,0.00000000000000000e0,1.04086116764474657e-1,5.02834757083534867e-1,1.38485587214400896e0,-9.52811641278938026e1,3.82987415258367125e-10,1.21172501065340921e-9,5.00000000000000000e0,0.00000000000000000e0,5.00000000000000000e0,5.00000000000000000e0,4.63905219395807489e0,2.10673339196771137e0,2.10673339168636264e0,0.00000000000000000e0 right=row_index=28121387:6.09914634707333425e-1,-2.20706739132298324e0,9.30740967365747736e1,4.21345507447310652e0,3.81651281326855724e2,3.81681411691170979e2,4.21344335393143510e0,3.81750997474078019e2,3.82987415258362205e2,-4.13274594528652282e-6,5.00000000000000000e0,4.99999999999999378e0,0.00000000000000000e0,2.88765098109755547e0,2.58287803343430999e0,5.00000000000000000e0,8.09856071093406626e-1,2.42956821328021988e0,2.20000271281279769e0,1.49999999999999716e1,6.28184123375133824e-7,1.92664347942184122e-6,-2.23770034160358780e-25,-4.56972192505199493e-2,4.99999999499999936e-9,0.00000000000000000e0,0.00000000000000000e0,0.00000000000000000e0,1.04086116764474559e-1,5.02834757083534867e-1,1.38485587214400963e0,-9.52811641278977532e1,3.82987415258361852e-10,1.21772406039158430e-9,5.00000000000000000e0,0.00000000000000000e0,5.00000000000000000e0,5.00000000000000000e0,4.63905219380270317e0,2.10673348035517272e0,2.10673343355832099e0,0.00000000000000000e0
equal_group_time_s=6.18264310742077106e-1 threshold_crossing=false left=row_index=28534839:6.18264310742076995e-1,9.51997439819130449e1,-9.44823090305202284e-1,-4.23895512244536121e0,3.81910638675552491e2,3.81940789515447875e2,4.23894348281469036e0,3.82010754546325131e2,3.83247645820301727e2,-9.15187097278939886e-6,5.00000000000000000e0,4.99999999999999378e0,0.00000000000000000e0,2.88833643854558675e0,2.60377264955379983e0,5.00000000000000000e0,8.09854960870382001e-1,2.42956488261114600e0,2.19999969685261254e0,1.49999999999999716e1,-4.35650759352594300e-8,1.93922078073338611e-6,-3.74114377353587297e-22,-4.59450536431448980e-2,4.99999999499999936e-9,0.00000000000000000e0,0.00000000000000000e0,0.00000000000000000e0,1.04086116764481720e-1,5.03049305264768654e-1,1.38565112742912722e0,9.61445670722182513e1,3.83247645820301312e-10,1.26597878398925981e-9,5.00000000000000000e0,0.00000000000000000e0,5.00000000000000000e0,5.00000000000000000e0,4.66433539181707602e0,2.11948346977367841e0,2.11948346448640113e0,0.00000000000000000e0 group=row_index=28534840:6.18264310742077106e-1,9.51997439817628219e1,-9.44823090459382842e-1,-4.23895512222776460e0,3.81910638675552605e2,3.81940789515447989e2,4.23894348265262533e0,3.82010754546323028e2,3.83247645820296668e2,-9.15187101278324870e-6,5.00000000000000000e0,4.99999999999999378e0,0.00000000000000000e0,2.88833643854558852e0,2.60377264955307419e0,5.00000000000000000e0,8.09855515981894314e-1,2.42956654794568294e0,2.20000120483270534e0,1.49999999999999716e1,3.68241565246242715e-8,1.93922078084440841e-6,-3.74076785780675369e-22,-4.59450536415242430e-2,4.99999999499999936e-9,0.00000000000000000e0,0.00000000000000000e0,0.00000000000000000e0,1.04086116764481568e-1,5.03049305264769320e-1,1.38565112742912899e0,9.61445670722222019e1,3.83247645820296297e-10,1.28692696844084971e-9,5.00000000000000000e0,0.00000000000000000e0,5.00000000000000000e0,5.00000000000000000e0,4.66433539166928313e0,2.11948348751277083e0,2.11948344083168516e0,0.00000000000000000e0;row_index=28534841:6.18264310742077106e-1,9.51997439825004932e1,-9.44823089721718246e-1,-4.23895512213044867e0,3.81910638675552661e2,3.81940789515448046e2,4.23894348256854681e0,3.82010754546321834e2,3.83247645820294110e2,-9.15187103285326240e-6,5.00000000000000000e0,4.99999999999999378e0,0.00000000000000000e0,2.88833643854558897e0,2.60377264955269760e0,5.00000000000000000e0,8.09855515981894314e-1,2.42956654794568294e0,2.20000120483270534e0,1.49999999999999716e1,7.85291210728547631e-8,1.93922078084440841e-6,-3.74057285213944288e-22,-4.59450536406834503e-2,4.99999999499999936e-9,0.00000000000000000e0,0.00000000000000000e0,0.00000000000000000e0,1.04086116764481706e-1,5.03049305264769542e-1,1.38565112742912944e0,9.61445670722222161e1,3.83247645820293764e-10,1.24257776485696448e-9,5.00000000000000000e0,0.00000000000000000e0,5.00000000000000000e0,5.00000000000000000e0,4.66433539158591337e0,2.11948347955937200e0,2.11948341871519563e0,0.00000000000000000e0 right=row_index=28534842:6.18264310742077217e-1,9.51997439816067157e1,-9.44823090623471584e-1,-4.23895512201545444e0,3.81910638675552775e2,3.81940789515448159e2,4.23894348245822705e0,3.82010754546320356e2,3.83247645820290586e2,-9.15187106069230464e-6,5.00000000000000000e0,4.99999999999999378e0,0.00000000000000000e0,2.88833643854558941e0,2.60377264955220333e0,5.00000000000000000e0,8.09856071093406626e-1,2.42956821328021988e0,2.20000271281279769e0,1.49999999999999716e1,1.33251007042353956e-7,1.93922078095543071e-6,-3.74031699687248881e-22,-4.59450536395802148e-2,4.99999999499999936e-9,0.00000000000000000e0,0.00000000000000000e0,0.00000000000000000e0,1.04086116764481901e-1,5.03049305264769431e-1,1.38565112742912966e0,9.61445670722301884e1,3.83247645820290197e-10,1.24982424867904451e-9,5.00000000000000000e0,0.00000000000000000e0,5.00000000000000000e0,5.00000000000000000e0,4.66433539147980536e0,2.11948344448258963e0,2.11948342614266805e0,0.00000000000000000e0
equal_group_time_s=6.23407344721496059e-1 threshold_crossing=false left=row_index=28799727:6.23407344721495948e-1,9.49436121641050477e1,-9.37776741983769813e-1,-3.99945556582338213e0,3.84527046229320035e2,3.84557403627706492e2,3.99944596251905660e0,3.84623899942649587e2,3.85856290307865891e2,-1.56409515292617040e-5,5.00000000000000000e0,4.99999999999999378e0,0.00000000000000000e0,2.88699650027565724e0,2.62514740657328938e0,5.00000000000000000e0,8.09854960870382001e-1,2.42956488261114600e0,2.19999969685261254e0,1.49999999999999716e1,-6.53744561519832012e-7,1.95229505894900512e-6,1.98321800156866918e-23,-4.35839847091650245e-2,4.99999999499999936e-9,0.00000000000000000e0,0.00000000000000000e0,0.00000000000000000e0,1.04086116764478695e-1,5.02629904586280873e-1,1.38409676840996165e0,9.58813889060888158e1,3.85856290307865525e-10,1.30096307459460682e-9,5.00000000000000000e0,0.00000000000000000e0,5.00000000000000000e0,5.00000000000000000e0,4.43308766287297384e0,1.99973506573145543e0,1.99973506392090616e0,0.00000000000000000e0 group=row_index=28799728:6.23407344721496059e-1,9.49436121644116753e1,-9.37776741673188807e-1,-3.99945556559930537e0,3.84527046229320149e2,3.84557403627706606e2,3.99944596233747118e0,3.84623899942647256e2,3.85856290307860036e2,-1.56409515705425493e-5,5.00000000000000000e0,4.99999999999999378e0,0.00000000000000000e0,2.88699650027565635e0,2.62514740657219647e0,5.00000000000000000e0,8.09855515981894314e-1,2.42956654794568294e0,2.20000120483270534e0,1.49999999999999716e1,-5.64528410404598617e-7,1.95229505906002743e-6,1.98299684504305825e-23,-4.35839847073492548e-2,4.99999999499999936e-9,0.00000000000000000e0,0.00000000000000000e0,0.00000000000000000e0,1.04086116764478709e-1,5.02629904586280429e-1,1.38409676840996099e0,9.58813889060848652e1,3.85856290307859683e-10,1.31455624043526084e-9,5.00000000000000000e0,0.00000000000000000e0,5.00000000000000000e0,5.00000000000000000e0,4.43308766271002241e0,1.99973504175004080e0,1.99973505044114863e0,0.00000000000000000e0;row_index=28799729:6.23407344721496059e-1,9.49436121635633299e1,-9.37776742521538420e-1,-3.99945556555985604e0,3.84527046229320206e2,3.84557403627706663e2,3.99944596226136184e0,3.84623899942646290e2,3.85856290307857535e2,-1.56409515881775279e-5,5.00000000000000000e0,4.99999999999999378e0,0.00000000000000000e0,2.88699650027565591e0,2.62514740657173862e0,5.00000000000000000e0,8.09855515981894314e-1,2.42956654794568294e0,2.20000120483270534e0,1.49999999999999716e1,-5.27134732186111557e-7,1.95229505906002743e-6,1.98290415777173535e-23,-4.35839847065881900e-2,4.99999999499999936e-9,0.00000000000000000e0,0.00000000000000000e0,0.00000000000000000e0,1.04086116764478626e-1,5.02629904586280429e-1,1.38409676840996010e0,9.58813889060848652e1,3.85856290307857150e-10,1.31368123104748368e-9,5.00000000000000000e0,0.00000000000000000e0,5.00000000000000000e0,5.00000000000000000e0,4.43308766264181031e0,1.99973513655540769e0,1.99973503085241489e0,0.00000000000000000e0 right=row_index=28799730:6.23407344721496171e-1,9.49436121638280639e1,-9.37776742248829120e-1,-3.99945556547186243e0,3.84527046229320149e2,3.84557403627706606e2,3.99944596215919512e0,3.84623899942644925e2,3.85856290307854181e2,-1.56409516108506416e-5,5.00000000000000000e0,4.99999999999999378e0,0.00000000000000000e0,2.88699650027565546e0,2.62514740657112400e0,5.00000000000000000e0,8.09856071093406626e-1,2.42956821328021988e0,2.20000271281279769e0,1.49999999999999716e1,-4.76938811869439943e-7,1.95229505917104973e-6,1.98277974454375772e-23,-4.35839847055665697e-2,4.99999999499999936e-9,0.00000000000000000e0,0.00000000000000000e0,0.00000000000000000e0,1.04086116764477488e-1,5.02629904586280207e-1,1.38409676840995965e0,9.58813889060768929e1,3.85856290307853841e-10,1.35407106324094702e-9,5.00000000000000000e0,0.00000000000000000e0,5.00000000000000000e0,5.00000000000000000e0,4.43308766255465070e0,1.99973503124245422e0,1.99973505429103482e0,0.00000000000000000e0
equal_group_time_s=6.23430562678184530e-1 threshold_crossing=false left=row_index=28800910:6.23430562678184419e-1,9.37178727852592459e1,-9.34232683646516016e-1,-3.88071704756134750e0,3.84518416939637291e2,3.84548773656764070e2,3.88070733687448222e0,3.84613516551973532e2,3.85843628205893879e2,-9.12407290820239175e-6,5.00000000000000000e0,4.99999999999999378e0,0.00000000000000000e0,2.88691334565791724e0,2.59602591500692936e0,5.00000000000000000e0,8.09855515981894314e-1,2.42956654794568294e0,2.20000120483270534e0,1.49999999999999716e1,-3.13387005951403544e-8,1.93371151335774982e-6,-1.19722772766982576e-26,-4.24108048040480468e-2,4.99999999499999936e-9,0.00000000000000000e0,0.00000000000000000e0,0.00000000000000000e0,1.04086116764476322e-1,5.02603877190928139e-1,1.38400033589911264e0,9.46521054689057593e1,3.85843628205893510e-10,1.32802539524892023e-9,5.00000000000000000e0,0.00000000000000000e0,5.00000000000000000e0,5.00000000000000000e0,4.31619301396419086e0,1.94036592204948488e0,1.94036589149948036e0,0.00000000000000000e0 group=row_index=28800911:6.23430562678184530e-1,9.37178727857756257e1,-9.34232683126149266e-1,-3.88071704741975054e0,3.84518416939637348e2,3.84548773656764126e2,3.88070733674382673e0,3.84613516551971600e2,3.85843628205889615e2,-9.12407294263643760e-6,5.00000000000000000e0,4.99999999999999378e0,0.00000000000000000e0,2.88691334565791768e0,2.59602591500612379e0,5.00000000000000000e0,8.09856071093406626e-1,2.42956821328021988e0,2.20000271281279769e0,1.49999999999999716e1,3.25988014672222676e-8,1.93371151346877213e-6,-1.19713204680014419e-26,-4.24108048027416057e-2,4.99999999499999936e-9,0.00000000000000000e0,0.00000000000000000e0,0.00000000000000000e0,1.04086116764476558e-1,5.02603877190928250e-1,1.38400033589911264e0,9.46521054689017802e1,3.85843628205889270e-10,1.36016333660527700e-9,5.00000000000000000e0,0.00000000000000000e0,5.00000000000000000e0,5.00000000000000000e0,4.31619301383155651e0,1.94036589235344881e0,1.94036588217656236e0,0.00000000000000000e0;row_index=28800912:6.23430562678184530e-1,9.37178727848547197e1,-9.34232684047037854e-1,-3.88071704742958445e0,3.84518416939637348e2,3.84548773656764126e2,3.88070733667411760e0,3.84613516551970577e2,3.85843628205887399e2,-9.12407296036346669e-6,5.00000000000000000e0,4.99999999999999378e0,0.00000000000000000e0,2.88691334565791813e0,2.59602591500569302e0,5.00000000000000000e0,8.09856071093406626e-1,2.42956821328021988e0,2.20000271281279769e0,1.49999999999999716e1,6.67117342713184934e-8,1.93371151346877213e-6,-1.19708100077913048e-26,-4.24108048020445730e-2,4.99999999499999936e-9,0.00000000000000000e0,0.00000000000000000e0,0.00000000000000000e0,1.04086116764476502e-1,5.02603877190928361e-1,1.38400033589911353e0,9.46521054689017518e1,3.85843628205887047e-10,1.36111046843433703e-9,5.00000000000000000e0,0.00000000000000000e0,5.00000000000000000e0,5.00000000000000000e0,4.31619301376334441e0,1.94036587762218793e0,1.94036589288653016e0,0.00000000000000000e0;row_index=28800913:6.23430562678184530e-1,9.37178727857233582e1,-9.34232683178409906e-1,-3.88071704725967948e0,3.84518416939637291e2,3.84548773656764070e2,3.88070733658548095e0,3.84613516551969383e2,3.85843628205884556e2,-9.12407298323053056e-6,5.00000000000000000e0,4.99999999999999378e0,0.00000000000000000e0,2.88691334565791857e0,2.59602591500514546e0,5.00000000000000000e0,8.09856071093406626e-1,2.42956821328021988e0,2.20000271281279769e0,1.49999999999999716e1,1.10087430526880337e-7,1.93371151346877213e-6,-1.19701609725729254e-26,-4.24108048011582611e-2,4.99999999499999936e-9,0.00000000000000000e0,0.00000000000000000e0,0.00000000000000000e0,1.04086116764476724e-1,5.02603877190928583e-1,1.38400033589911375e0,9.46521054689017660e1,3.85843628205884152e-10,1.38739429616971787e-9,5.00000000000000000e0,0.00000000000000000e0,5.00000000000000000e0,5.00000000000000000e0,4.31619301368755259e0,1.94036590746025350e0,1.94036590916062157e0,0.00000000000000000e0 right=row_index=28800914:6.23430562678184641e-1,9.37178727848418731e1,-9.34232684051881979e-1,-3.88071704712291421e0,3.84518416939637348e2,3.84548773656764126e2,3.88070733640820542e0,3.84613516551966882e2,3.85843628205878758e2,-9.12407302815572660e-6,5.00000000000000000e0,4.99999999999999378e0,0.00000000000000000e0,2.88691334565791724e0,2.59602591500405211e0,5.00000000000000000e0,8.09856626204918939e-1,2.42956987861475682e0,2.20000422079289004e0,1.49999999999999716e1,1.96838822627505482e-7,1.93371151357979443e-6,-1.19688630077017754e-26,-4.24108047993856513e-2,4.99999999499999936e-9,0.00000000000000000e0,0.00000000000000000e0,0.00000000000000000e0,1.04086116764477515e-1,5.02603877190928028e-1,1.38400033589911242e0,9.46521054688937511e1,3.85843628205878362e-10,1.34118556128946815e-9,5.00000000000000000e0,0.00000000000000000e0,5.00000000000000000e0,5.00000000000000000e0,4.31619301351702234e0,1.94036592543500697e0,1.94036587582751063e0,0.00000000000000000e0
equal_group_time_s=6.34932658458252863e-1 threshold_crossing=false left=row_index=29360212:6.34932658458252752e-1,9.52874781963516995e1,-9.45694125383303774e-1,-4.26886659651501077e0,3.82427636064523256e2,3.82457827720002001e2,4.26885494837273072e0,3.82528250263360576e2,3.83765695269588832e2,-1.02213588710098871e-5,5.00000000000000000e0,4.99999999999999378e0,0.00000000000000000e0,2.88927939951667678e0,2.61847910827553454e0,5.00000000000000000e0,8.09852185312820438e-1,2.42955655593846132e0,2.19999215695215034e0,1.49999999999999716e1,-1.58056275957780799e-7,1.94207571735383056e-6,-5.46738463797083036e-23,-4.62495881880349985e-2,4.99999999499999936e-9,0.00000000000000000e0,0.00000000000000000e0,0.00000000000000000e0,1.04086116764482137e-1,5.03344452048719915e-1,1.38674550663795326e0,9.62331723217349975e1,3.83765695269588410e-10,1.27790442757885309e-9,5.00000000000000000e0,0.00000000000000000e0,5.00000000000000000e0,5.00000000000000000e0,4.69483622390498567e0,2.13443921506337553e0,2.13443918242106490e0,0.00000000000000000e0 group=row_index=29360213:6.34932658458252863e-1,9.52874781955151349e1,-9.45694126223826315e-1,-4.26886659636306831e0,3.82427636064523369e2,3.82457827720002115e2,4.26885494823144729e0,3.82528250263358643e2,3.83765695269584228e2,-1.02213589070709003e-5,5.00000000000000000e0,4.99999999999999378e0,0.00000000000000000e0,2.88927939951667767e0,2.61847910827489105e0,5.00000000000000000e0,8.09852740424332751e-1,2.42955822127299825e0,2.19999366493224269e0,1.49999999999999716e1,-8.80819537170531036e-8,1.94207571746485286e-6,-5.46690643819096399e-23,-4.62495881866221564e-2,4.99999999499999936e-9,0.00000000000000000e0,0.00000000000000000e0,0.00000000000000000e0,1.04086116764481929e-1,5.03344452048720137e-1,1.38674550663795459e0,9.62331723217389623e1,3.83765695269583861e-10,1.24792615765913130e-9,5.00000000000000000e0,0.00000000000000000e0,5.00000000000000000e0,5.00000000000000000e0,4.69483622376856147e0,2.13443920856993374e0,2.13443918204629757e0,0.00000000000000000e0;row_index=29360214:6.34932658458252863e-1,9.52874781954893848e1,-9.45694126249572720e-1,-4.26886659628843290e0,3.82427636064523426e2,3.82457827720002172e2,4.26885494815643884e0,3.82528250263357620e2,3.83765695269581670e2,-1.02213589270974120e-5,5.00000000000000000e0,4.99999999999999378e0,0.00000000000000000e0,2.88927939951667812e0,2.61847910827454955e0,5.00000000000000000e0,8.09852740424332751e-1,2.42955822127299825e0,2.19999366493224269e0,1.49999999999999716e1,-5.09316918272240030e-8,1.94207571746485286e-6,-5.46665257281361732e-23,-4.62495881858720481e-2,4.99999999499999936e-9,0.00000000000000000e0,0.00000000000000000e0,0.00000000000000000e0,1.04086116764481845e-1,5.03344452048720359e-1,1.38674550663795504e0,9.62331723217389623e1,3.83765695269581328e-10,1.28395601950021709e-9,5.00000000000000000e0,0.00000000000000000e0,5.00000000000000000e0,5.00000000000000000e0,4.69483622369656040e0,2.13443927310519932e0,2.13443915067518297e0,0.00000000000000000e0 right=row_index=29360215:6.34932658458252974e-1,9.52874781966276032e1,-9.45694125119316498e-1,-4.26886659608703667e0,3.82427636064523426e2,3.82457827720002172e2,4.26885494806017451e0,3.82528250263356369e2,3.83765695269578544e2,-1.02213589519232938e-5,5.00000000000000000e0,4.99999999999999378e0,0.00000000000000000e0,2.88927939951667767e0,2.61847910827411168e0,5.00000000000000000e0,8.09853295535845064e-1,2.42955988660753519e0,2.19999517291233504e0,1.49999999999999716e1,-3.25353991704524506e-9,1.94207571757587516e-6,-5.46632678263749057e-23,-4.62495881849093599e-2,4.99999999499999936e-9,0.00000000000000000e0,0.00000000000000000e0,0.00000000000000000e0,1.04086116764481443e-1,5.03344452048720137e-1,1.38674550663795415e0,9.62331723217469204e1,3.83765695269578174e-10,1.29145422767514555e-9,5.00000000000000000e0,0.00000000000000000e0,5.00000000000000000e0,5.00000000000000000e0,4.69483622361318975e0,2.13443928284794016e0,2.13443920694870259e0,0.00000000000000000e0
equal_group_time_s=6.34948167801058116e-1 threshold_crossing=false left=row_index=29361005:6.34948167801058005e-1,9.61019184907125208e1,-9.46897005394213953e-1,-4.31028141560767608e0,3.82422547472657811e2,3.82452738726405585e2,4.31026985264585338e0,3.82523777308669082e2,3.83761986071936292e2,-1.66757188378345112e-5,5.00000000000000000e0,4.99999999999999378e0,0.00000000000000000e0,2.88934468042937320e0,2.63877070153842164e0,5.00000000000000000e0,8.09853295535845064e-1,2.42955988660753519e0,2.19999517291233504e0,1.49999999999999716e1,-7.74693630020838119e-7,1.96039169986228501e-6,5.41348151135449991e-26,-4.66540324729119091e-2,4.99999999499999936e-9,0.00000000000000000e0,0.00000000000000000e0,0.00000000000000000e0,1.04086116764477959e-1,5.03364884974393800e-1,1.38682128617976130e0,9.70488154961067409e1,3.83761986071935889e-10,1.26798360569562170e-9,5.00000000000000000e0,0.00000000000000000e0,5.00000000000000000e0,5.00000000000000000e0,4.73590548423317159e0,2.15514658712639262e0,2.15514659655531027e0,0.00000000000000000e0 group=row_index=29361006:6.34948167801058116e-1,9.61019184903481403e1,-9.46897005762522004e-1,-4.31028141537484544e0,3.82422547472657868e2,3.82452738726405642e2,4.31026985248094352e0,3.82523777308666922e2,3.83761986071930949e2,-1.66757188752444192e-5,5.00000000000000000e0,4.99999999999999378e0,0.00000000000000000e0,2.88934468042937453e0,2.63877070153765292e0,5.00000000000000000e0,8.09853850647357376e-1,2.42956155194207213e0,2.19999668089242784e0,1.49999999999999716e1,-6.92790821172571434e-7,1.96039169997330731e-6,5.41292731552015091e-26,-4.66540324712627075e-2,4.99999999499999936e-9,0.00000000000000000e0,0.00000000000000000e0,0.00000000000000000e0,1.04086116764477460e-1,5.03364884974394244e-1,1.38682128617976308e0,9.70488154961106630e1,3.83761986071930615e-10,1.26480225020669621e-9,5.00000000000000000e0,0.00000000000000000e0,5.00000000000000000e0,5.00000000000000000e0,4.73590548408537870e0,2.15514661254302142e0,2.15514657689859934e0,0.00000000000000000e0;row_index=29361007:6.34948167801058116e-1,9.61019184915250122e1,-9.46897004585673385e-1,-4.31028141525194997e0,3.82422547472657982e2,3.82452738726405755e2,4.31026985239703642e0,3.82523777308665672e2,3.83761986071928277e2,-1.66757188938115983e-5,5.00000000000000000e0,4.99999999999999378e0,0.00000000000000000e0,2.88934468042937453e0,2.63877070153726212e0,5.00000000000000000e0,8.09853850647357376e-1,2.42956155194207213e0,2.19999668089242784e0,1.49999999999999716e1,-6.51118757548305987e-7,1.96039169997330731e-6,5.41264536303454009e-26,-4.66540324704235940e-2,4.99999999499999936e-9,0.00000000000000000e0,0.00000000000000000e0,0.00000000000000000e0,1.04086116764477793e-1,5.03364884974394355e-1,1.38682128617976330e0,9.70488154961106915e1,3.83761986071927927e-10,1.29680899664640619e-9,5.00000000000000000e0,0.00000000000000000e0,5.00000000000000000e0,5.00000000000000000e0,4.73590548399442923e0,2.15514653205899576e0,2.15514655393922494e0,0.00000000000000000e0 right=row_index=29361008:6.34948167801058228e-1,9.61019184911134232e1,-9.46897005005168380e-1,-4.31028141509415263e0,3.82422547472658152e2,3.82452738726405926e2,4.31026985228962101e0,3.82523777308664194e2,3.83761986071924809e2,-1.66757189171320721e-5,5.00000000000000000e0,4.99999999999999378e0,0.00000000000000000e0,2.88934468042937365e0,2.63877070153676208e0,5.00000000000000000e0,8.09854405758869689e-1,2.42956321727660907e0,2.19999818887252019e0,1.49999999999999716e1,-5.97770934603105602e-7,1.96039170008432961e-6,5.41228443399057574e-26,-4.66540324693493769e-2,4.99999999499999936e-9,0.00000000000000000e0,0.00000000000000000e0,0.00000000000000000e0,1.04086116764477349e-1,5.03364884974394133e-1,1.38682128617976219e0,9.70488154961185927e1,3.83761986071924463e-10,1.24647569306448750e-9,5.00000000000000000e0,0.00000000000000000e0,5.00000000000000000e0,5.00000000000000000e0,4.73590548388453225e0,2.15514659458126268e0,2.15514655949697875e0,0.00000000000000000e0
equal_group_time_s=6.51600999572497397e-1 threshold_crossing=false left=row_index=30184895:6.51600999572497286e-1,9.53758290255357508e1,-9.45562146747304877e-1,-4.26433020204132163e0,3.82906006872929993e2,3.82936236294525202e2,4.26431854532945831e0,3.83006596553409452e2,3.84243957695646600e2,-8.80100752567205391e-6,5.00000000000000000e0,4.99999999999999378e0,0.00000000000000000e0,2.89013057870039036e0,2.60786785387750442e0,5.00000000000000000e0,8.09854405758869689e-1,2.42956321727660907e0,2.19999818887252019e0,1.49999999999999716e1,-3.10088803735877705e-8,1.93832872275034873e-6,1.70919858917469228e-24,-4.62089484698602823e-2,4.99999999499999936e-9,0.00000000000000000e0,0.00000000000000000e0,0.00000000000000000e0,1.04086116764478070e-1,5.03610871133222227e-1,1.38773373694824143e0,9.63213911722830574e1,3.84243957695646215e-10,1.28756135535397125e-9,5.00000000000000000e0,0.00000000000000000e0,5.00000000000000000e0,5.00000000000000000e0,4.69068392561666769e0,2.13217102962989458e0,2.13217098660446558e0,0.00000000000000000e0 group=row_index=30184896:6.51600999572497397e-1,9.53758290243814741e1,-9.45562147909527528e-1,-4.26433020180371614e0,3.82906006872930050e2,3.82936236294525258e2,4.26431854519140252e0,3.83006596553407633e2,3.84243957695642109e2,-8.80100756166611931e-6,5.00000000000000000e0,4.99999999999999378e0,0.00000000000000000e0,2.89013057870039081e0,2.60786785387689513e0,5.00000000000000000e0,8.09854960870382001e-1,2.42956488261114600e0,2.19999969685261254e0,1.49999999999999716e1,3.72756039422377084e-8,1.93832872286137103e-6,1.70905270571254419e-24,-4.62089484684797339e-2,4.99999999499999936e-9,0.00000000000000000e0,0.00000000000000000e0,0.00000000000000000e0,1.04086116764478445e-1,5.03610871133222338e-1,1.38773373694824187e0,9.63213911722910012e1,3.84243957695641769e-10,1.28530675293061838e-9,5.00000000000000000e0,0.00000000000000000e0,5.00000000000000000e0,5.00000000000000000e0,4.69068392549161217e0,2.13217097795421484e0,2.13217098402039040e0,0.00000000000000000e0;row_index=30184897:6.51600999572497397e-1,9.53758290253266523e1,-9.45562146964342376e-1,-4.26433020176079935e0,3.82906006872930050e2,3.82936236294525258e2,4.26431854512129327e0,3.83006596553406723e2,3.84243957695639835e2,-8.80100757930263445e-6,5.00000000000000000e0,4.99999999999999378e0,0.00000000000000000e0,2.89013057870039081e0,2.60786785387658560e0,5.00000000000000000e0,8.09854960870382001e-1,2.42956488261114600e0,2.19999969685261254e0,1.49999999999999716e1,7.19527554266394912e-8,1.93832872286137103e-6,1.70897862596438137e-24,-4.62089484677786558e-2,4.99999999499999936e-9,0.00000000000000000e0,0.00000000000000000e0,0.00000000000000000e0,1.04086116764478653e-1,5.03610871133222449e-1,1.38773373694824187e0,9.63213911722910012e1,3.84243957695639494e-10,1.29710458532509920e-9,5.00000000000000000e0,0.00000000000000000e0,5.00000000000000000e0,5.00000000000000000e0,4.69068392543097978e0,2.13217106945617463e0,2.13217095148189939e0,0.00000000000000000e0;row_index=30184898:6.51600999572497397e-1,9.53758290243137168e1,-9.45562147977294321e-1,-4.26433020157202236e0,3.82906006872930050e2,3.82936236294525258e2,4.26431854503217167e0,3.83006596553405643e2,3.84243957695637050e2,-8.80100760188114131e-6,5.00000000000000000e0,4.99999999999999378e0,0.00000000000000000e0,2.89013057870039036e0,2.60786785387619258e0,5.00000000000000000e0,8.09854960870382001e-1,2.42956488261114600e0,2.19999969685261254e0,1.49999999999999716e1,1.16034188118207510e-7,1.93832872286137103e-6,1.70888446077021060e-24,-4.62089484668874312e-2,4.99999999499999936e-9,0.00000000000000000e0,0.00000000000000000e0,0.00000000000000000e0,1.04086116764477946e-1,5.03610871133222227e-1,1.38773373694824143e0,9.63213911722910154e1,3.84243957695636651e-10,1.30498223898155540e-9,5.00000000000000000e0,0.00000000000000000e0,5.00000000000000000e0,5.00000000000000000e0,4.69068392535897782e0,2.13217100748645727e0,2.13217101947922183e0,0.00000000000000000e0 right=row_index=30184899:6.51600999572497508e-1,9.53758290248963903e1,-9.45562147402553843e-1,-4.26433020148954256e0,3.82906006872930163e2,3.82936236294525372e2,4.26431854485392936e0,3.83006596553403313e2,3.84243957695631138e2,-8.80100764813374978e-6,5.00000000000000000e0,4.99999999999999378e0,0.00000000000000000e0,2.89013057870038992e0,2.60786785387540565e0,5.00000000000000000e0,8.09855515981894314e-1,2.42956654794568294e0,2.20000120483270534e0,1.49999999999999716e1,2.04197053077378623e-7,1.93832872297239334e-6,1.70869614594702506e-24,-4.62089484651049751e-2,4.99999999499999936e-9,0.00000000000000000e0,0.00000000000000000e0,0.00000000000000000e0,1.04086116764476155e-1,5.03610871133222004e-1,1.38773373694824120e0,9.63213911722989451e1,3.84243957695630757e-10,1.24195951222808316e-9,5.00000000000000000e0,0.00000000000000000e0,5.00000000000000000e0,5.00000000000000000e0,4.69068392519602639e0,2.13217103783805939e0,2.13217098910277647e0,0.00000000000000000e0
equal_group_time_s=6.54166666666699981e-1 threshold_crossing=false left=row_index=30637943:6.54166666500951122e-1,1.68625378981933750e2,-1.08024850283729346e0,-9.45417664802153013e0,3.84364191567048067e2,3.84394536108487500e2,9.45418108253104350e0,3.84429308375670303e2,2.55821949272976079e-1,1.41051490812069940e1,5.00000000000000000e0,4.99999999999999378e0,0.00000000000000000e0,2.89668858450603706e0,4.57875928531180243e0,5.00000000000000000e0,5.00000000000000000e0,1.50000000000000000e1,1.35826771653543314e1,1.49999999999999716e1,1.49157514873570474e1,3.84031801758943914e-6,4.95772265019142788e-1,-9.34384709284604986e-2,4.99999999499999936e-9,0.00000000000000000e0,0.00000000000000000e0,0.00000000000000000e0,1.04086116764477501e-1,5.05663526950389741e-1,1.39535947192683873e0,1.69705627484771043e2,9.45491453443601237e0,1.04411646621981556e-7,8.28744318849844452e-1,0.00000000000000000e0,5.00000000000000000e0,5.00000000000000000e0,3.47722671828110256e-14,-5.60897078723961716e-6,-5.60897009136420980e-6,4.17125568115015533e0 group=row_index=30637944:6.54166666666699981e-1,1.68625375333921369e2,-1.08025215085001158e0,-9.45432799592219908e0,3.84364191417313407e2,3.84394535958741074e2,9.45433243043696514e0,3.84429308365188319e2,2.55802302864955200e-1,1.41061374792121210e1,5.00000000000000000e0,4.99999999999999378e0,0.00000000000000000e0,2.89668858433595533e0,4.57875665218483086e0,5.00000000000000000e0,5.00000000000000000e0,1.50000000000000000e1,1.35826771653543314e1,1.49999999999999716e1,1.49158447614025338e1,3.84048376644852141e-6,4.95938013878225115e-1,-9.34393006731605580e-2,4.99999999499999936e-9,0.00000000000000000e0,0.00000000000000000e0,0.00000000000000000e0,1.04086116764477182e-1,5.05663526897154214e-1,1.39535947172879427e0,1.69705627484771384e2,9.45506438896745216e0,1.05136406194974623e-7,0.00000000000000000e0,0.00000000000000000e0,5.00000000000000000e0,5.00000000000000000e0,3.47724064472568155e-14,-5.05987539801457611e-6,-5.05987600293078970e-6,5.00000000000000000e0;row_index=30637945:6.54166666666699981e-1,1.68625375332294993e2,-1.08025215247641793e0,-9.45432799586967576e0,3.84364191417313407e2,3.84394535958741074e2,9.45433243044710281e0,3.84429308365188376e2,2.55802302863634978e-1,1.41061374792782903e1,5.00000000000000000e0,4.99999999999999378e0,0.00000000000000000e0,2.89668858433595577e0,4.57875665218465322e0,5.00000000000000000e0,5.00000000000000000e0,1.50000000000000000e1,1.35826771653543314e1,1.49999999999999716e1,1.49158447614087777e1,3.84048376644852141e-6,4.95938013889327400e-1,-9.34393006732161663e-2,4.99999999499999936e-9,0.00000000000000000e0,0.00000000000000000e0,0.00000000000000000e0,1.04086116764477071e-1,5.05663526897154214e-1,1.39535947172879471e0,1.69705627484771412e2,9.45506438897732870e0,1.05136380010247522e-7,0.00000000000000000e0,0.00000000000000000e0,5.00000000000000000e0,5.00000000000000000e0,3.47724064473085143e-14,-4.84921437338172940e-6,-4.91979638871680917e-6,5.00000000000000000e0;row_index=30637946:6.54166666666699981e-1,1.68625375327700823e2,-1.08025215707059852e0,-9.45432799558011538e0,3.84364191417313464e2,3.84394535958741130e2,9.45433243046737992e0,3.84429308365188433e2,2.55802302860995256e-1,1.41061374794106342e1,5.00000000000000000e0,4.99999999999999378e0,0.00000000000000000e0,2.89668858433595666e0,4.57875665218429884e0,5.00000000000000000e0,5.00000000000000000e0,1.50000000000000000e1,1.35826771653543314e1,1.49999999999999716e1,1.49158447614212637e1,3.84048376644852141e-6,4.95938013911531805e-1,-9.34393006733273829e-2,4.99999999499999936e-9,0.00000000000000000e0,0.00000000000000000e0,0.00000000000000000e0,1.04086116764476766e-1,5.05663526897154325e-1,1.39535947172879582e0,1.69705627484771412e2,9.45506438899704627e0,1.05136248354844570e-7,0.00000000000000000e0,0.00000000000000000e0,5.00000000000000000e0,5.00000000000000000e0,3.47724064473033646e-14,-5.07961721551414467e-6,-5.15033311744099946e-6,5.00000000000000000e0;row_index=30637947:6.54166666666699981e-1,1.68625375335189574e2,-1.08025214958185045e0,-9.45432799589218575e0,3.84364191417313521e2,3.84394535958741187e2,9.45433243050793237e0,3.84429308365188604e2,2.55802302855714481e-1,1.41061374796753114e1,5.00000000000000000e0,4.99999999999999378e0,0.00000000000000000e0,2.89668858433595577e0,4.57875665218359007e0,5.00000000000000000e0,5.00000000000000000e0,1.50000000000000000e1,1.35826771653543314e1,1.49999999999999716e1,1.49158447614462322e1,3.84048376644852141e-6,4.95938013955940726e-1,-9.34393006735497744e-2,4.99999999499999936e-9,0.00000000000000000e0,0.00000000000000000e0,0.00000000000000000e0,1.04086116764475503e-1,5.05663526897154214e-1,1.39535947172879493e0,1.69705627484771412e2,9.45506438903642987e0,1.05136161485877710e-7,0.00000000000000000e0,0.00000000000000000e0,5.00000000000000000e0,5.00000000000000000e0,3.47724064474016188e-14,-5.08846566019845475e-6,-5.07215532636509857e-6,5.00000000000000000e0 right=row_index=30637948:6.54166666666700092e-1,1.68625375335743627e2,-1.08025214902781119e0,-9.45432799609375252e0,3.84364191417313521e2,3.84394535958741187e2,9.45433243058902839e0,3.84429308365188945e2,2.55802302845151930e-1,1.41061374802046480e1,5.00000000000000000e0,4.99999999999999378e0,0.00000000000000000e0,2.89668858433595533e0,4.57875665218217875e0,5.00000000000000000e0,5.00000000000000000e0,1.50000000000000000e1,1.35826771653543314e1,1.49999999999999716e1,1.49158447614961851e1,3.84048376655954371e-6,4.95938014044758790e-1,-9.34393006739945159e-2,4.99999999499999936e-9,0.00000000000000000e0,0.00000000000000000e0,0.00000000000000000e0,1.04086116764473186e-1,5.05663526897153992e-1,1.39535947172879427e0,1.69705627484771441e2,9.45506438911515978e0,1.05135992640262338e-7,0.00000000000000000e0,0.00000000000000000e0,5.00000000000000000e0,5.00000000000000000e0,3.47724064477635103e-14,-5.01506341338270199e-6,-5.02429297111995885e-6,5.00000000000000000e0
