ELMER SOLVER (v 26.2) STARTED AT: 2026/09/14 09:58:40
ParCommInit: Initialize #PEs: 1
MAIN: 
MAIN: =============================================================
MAIN: ElmerSolver finite element software, Welcome!
MAIN: This program is free software licensed under (L)GPL
MAIN: Copyright 1st April 1995 - , CSC - IT Center for Science Ltd.
MAIN: Webpage http://www.csc.fi/elmer, Email elmeradm@csc.fi
MAIN: Version: 26.2-unknown (Rev: a19504a, Compiled: 2026-09-12)
MAIN:  Running one task without MPI parallelization.
MAIN:  Running with just one thread per task.
MAIN: =============================================================
MAIN: 
MAIN: 
MAIN: -------------------------------------
MAIN: Reading Model: case.sif
LoadInputFile: Scanning input file: case.sif
LoadInputFile: Scanning only size info
LoadInputFile: First time visiting
LoadInputFile: Reading base load of sif file
CheckKeyword: Found keyword type assuming suffix 1 for: variable 2
CheckKeyword: Found keyword type assuming suffix 1 for: variable 2
CheckKeyword: Found keyword type assuming suffix 1 for: operator 2
CheckKeyword: Found keyword type assuming suffix 1 for: operator 2
CheckKeyword: Found keyword type assuming suffix 1 for: variable 3
CheckKeyword: Found keyword type assuming suffix 1 for: variable 3
CheckKeyword: Found keyword type assuming suffix 1 for: operator 3
CheckKeyword: Found keyword type assuming suffix 1 for: operator 3
CheckKeyword: Found keyword type assuming suffix 1 for: variable 4
CheckKeyword: Found keyword type assuming suffix 1 for: variable 4
CheckKeyword: Found keyword type assuming suffix 1 for: operator 4
CheckKeyword: Found keyword type assuming suffix 1 for: operator 4
CheckKeyword: Found keyword type assuming suffix 1 for: variable 5
CheckKeyword: Found keyword type assuming suffix 1 for: variable 5
CheckKeyword: Found keyword type assuming suffix 1 for: operator 5
CheckKeyword: Found keyword type assuming suffix 1 for: operator 5
LoadInputFile: Loading input file: case.sif
LoadInputFile: Reading base load of sif file
CheckKeyword: Found keyword type assuming suffix 1 for: variable 2
CheckKeyword: Found keyword type assuming suffix 1 for: variable 2
CheckKeyword: Found keyword type assuming suffix 1 for: operator 2
CheckKeyword: Found keyword type assuming suffix 1 for: operator 2
CheckKeyword: Found keyword type assuming suffix 1 for: variable 3
CheckKeyword: Found keyword type assuming suffix 1 for: variable 3
CheckKeyword: Found keyword type assuming suffix 1 for: operator 3
CheckKeyword: Found keyword type assuming suffix 1 for: operator 3
CheckKeyword: Found keyword type assuming suffix 1 for: variable 4
CheckKeyword: Found keyword type assuming suffix 1 for: variable 4
CheckKeyword: Found keyword type assuming suffix 1 for: operator 4
CheckKeyword: Found keyword type assuming suffix 1 for: operator 4
CheckKeyword: Found keyword type assuming suffix 1 for: variable 5
CheckKeyword: Found keyword type assuming suffix 1 for: variable 5
CheckKeyword: Found keyword type assuming suffix 1 for: operator 5
CheckKeyword: Found keyword type assuming suffix 1 for: operator 5
LoadInputFile: Number of BCs: 3
LoadInputFile: Number of Body Forces: 1
LoadInputFile: Number of Initial Conditions: 1
LoadInputFile: Number of Materials: 2
LoadInputFile: Number of Equations: 2
LoadInputFile: Number of Solvers: 3
LoadInputFile: Number of Bodies: 2
Loading user function library: [StatCurrentSolve]...[StatCurrentSolver_Init0]
Loading user function library: [StatCurrentSolve]...[StatCurrentSolver_Init0]
Loading user function library: [HeatSolve]...[HeatSolver_Init0]
Loading user function library: [HeatSolve]...[HeatSolver_Init0]
Loading user function library: [SaveData]...[SaveScalars_Init0]
Loading user function library: [SaveData]...[SaveScalars_Init0]
LoadMesh: Loading serial mesh!
ElmerMeshReader: Performing step: 1
ElmerMeshReader: Base mesh name: ./neck
ReadHeaderFile: Reading header info from file: ./neck/mesh.header
InitializeMesh: Number of nodes in mesh: 23458
InitializeMesh: Number of bulk elements in mesh: 116930
InitializeMesh: Number of boundary elements in mesh: 18166
InitializeMesh: Initial number of max element nodes: 4
ElmerMeshReader: Performing step: 2
ReadNodesFile: Reading nodes from file: ./neck/mesh.nodes
SetMeshDimension: Dimension of mesh is: 3
SetMeshDimension: Max dimension of mesh is: 3
ElmerMeshReader: Performing step: 3
ReadElementsFile: Reading bulk elements from file: ./neck/mesh.elements
ElmerMeshReader: Performing step: 4
ReadBoundaryFile: Reading boundary elements from file: ./neck/mesh.boundary
PermuteNodeNumbering: Performing node mapping
MapBodiesAndBCs: Remapping bodies
MapBodiesAndBCs: Minimum initial body index: 1
MapBodiesAndBCs: Maximum initial body index: 2
MapBodiesAndBCs: Remapping boundaries
MapBodiesAndBCs: Minimum initial boundary index: 11
MapBodiesAndBCs: Maximum initial boundary index: 13
ElmerMeshReader: Performing step: 5
ElmerMeshReader: Performing step: 6
LoadMesh: Loading mesh done
LoadMesh: Preparing mesh done
LoadMesh: Elapsed REAL time:     0.0709 (s)
MeshStabParams: Computing stabilization parameters
MeshStabParams: Elapsed REAL time:     0.0119 (s)
LoadModel: Defined radition solver by Equation name "heat equation"
MAIN: -------------------------------------
AddVtuOutputSolverHack: Adding ResultOutputSolver to write VTU output in file: neck
AppendNewSolver: Increasing number of solvers to: 4
AddMeshCoordinates: Setting mesh coordinates and time
AddSolvers: Setting up 4 solvers
AddSolvers: Setting up solver 1: stat current
AddEquationBasics: Using procedure: StatCurrentSolve StatCurrentSolver
AddEquationBasics: Setting up solver: stat current
Loading user function library: [StatCurrentSolve]...[StatCurrentSolver_Init]
Loading user function library: [StatCurrentSolve]...[StatCurrentSolver_bulk]
Loading user function library: [StatCurrentSolve]...[StatCurrentSolver_bulk]
Loading user function library: [StatCurrentSolve]...[StatCurrentSolver]
AddEquationBasics: Creating standard variable: potential
OptimizeBandwidth: ---------------------------------------------------------
OptimizeBandwidth: Computing matrix structure for: stat current
OptimizeBandwidth: Initial bandwidth for stat current: 3084
OptimizeBandwidth: Optimized bandwidth for stat current: 120
OptimizeBandwidth: ---------------------------------------------------------
AddSolvers: Setting up solver 2: heat equation
AddEquationBasics: Setting up keywords internally for legacy solver: heat equation
AddEquationBasics: Using procedure: HeatSolve HeatSolver
AddEquationBasics: Setting up solver: heat equation
Loading user function library: [HeatSolve]...[HeatSolver_Init]
Loading user function library: [HeatSolve]...[HeatSolver_bulk]
Loading user function library: [HeatSolve]...[HeatSolver_bulk]
Loading user function library: [HeatSolve]...[HeatSolver]
AddEquationBasics: Creating standard variable: temperature
OptimizeBandwidth: ---------------------------------------------------------
OptimizeBandwidth: Computing matrix structure for: heat equation
OptimizeBandwidth: Initial bandwidth for heat equation: 23244
OptimizeBandwidth: Optimized bandwidth for heat equation: 786
OptimizeBandwidth: ---------------------------------------------------------
AddSolvers: Setting up solver 3: savescalars
AddEquationBasics: Using procedure: SaveData SaveScalars
AddEquationBasics: Setting up solver: savescalars
Loading user function library: [SaveData]...[SaveScalars_Init]
Loading user function library: [SaveData]...[SaveScalars_bulk]
Loading user function library: [SaveData]...[SaveScalars_bulk]
Loading user function library: [SaveData]...[SaveScalars]
AddSolvers: Setting up solver 4: internalvtuoutputsolver
AddEquationBasics: Using procedure: ResultOutputSolve ResultOutputSolver
AddEquationBasics: Setting up solver: internalvtuoutputsolver
Loading user function library: [ResultOutputSolve]...[ResultOutputSolver_Init]
Loading user function library: [ResultOutputSolve]...[ResultOutputSolver_Init]
Loading user function library: [ResultOutputSolve]...[ResultOutputSolver_bulk]
Loading user function library: [ResultOutputSolve]...[ResultOutputSolver_bulk]
Loading user function library: [ResultOutputSolve]...[ResultOutputSolver]
AddEquationBasics: Creating global variable: vtu_internal_dummy
AddTimeEtc: Setting time and other global variables
MAIN: Random seed initialized to: 314159265
SetInitialConditions: Setting up initial conditions (if any)
MAIN: Number of timesteps to be saved: 30
MAIN: 
MAIN: -------------------------------------
MAIN:  Steady state iteration:            1
MAIN: -------------------------------------
MAIN: 
SingleSolver: Attempting to call solver: 1
SingleSolver: Solver Equation string is: stat current
StatCurrentSolve: -------------------------------------
StatCurrentSolve: STAT CURRENT SOLVER:
StatCurrentSolve: -------------------------------------
DefaultStart: Starting solver: stat current
StatElecSolve: Starting Assembly...
DefUtils::DefaultDirichletBCs: Setting Dirichlet boundary conditions
EnforceDirichletConditions: Enforcing total of 53 Dirichlet conditions.
EnforceDirichletConditions: Applying Dirichlet conditions using scaled diagonal
ScaleLinearSystem: Creating > DiagScaling < vector of size 3138
EnforceDirichletConditions: Dirichlet conditions enforced for dofs: 53
StatCurrentSolve:  Assembly (s)          :  0.23303000000000001
DefaultSolve: Solving linear system with default routines
SolveSystem: Solving linear system
SolveLinearSystem: Assuming real valued linear system
SolveLinearSystem: Assuming serial linear system
ScaleLinearSystem: Creating > DiagScaling < vector of size 3138
SolveLinearSystem: Serial linear System Solver: direct
DirectSolver: Using direct method: umfpack
ComputeNorm: Computing norm of solution
ComputeChange: NS (ITER=1) (NRM,RELC): ( 0.12023726E-01  2.0000000     ) :: stat current
StatCurrentSolve:  Solve (s)             :   5.7040000000000424E-003
StatCurrentSolve:  Total Heating Power   :  0.27437754533437486
DefaultFinish: Finished solver: stat current
ComputeNorm: Computing norm of solution
ComputeChange: SS (ITER=1) (NRM,RELC): ( 0.12023726E-01  2.0000000     ) :: stat current
SingleSolver: Attempting to call solver: 2
SingleSolver: Solver Equation string is: heat equation
HeatSolver: -------------------------------------------
HeatSolver: Solving the energy equation for temperature
DefaultStart: Starting solver: heat equation
HeatSolve: 
HeatSolve: 
HeatSolve: -------------------------------------
HeatSolve:  TEMPERATURE ITERATION           1
HeatSolve: -------------------------------------
HeatSolve: 
HeatSolve: Starting Assembly...
HeatSolve: Assembly:
: .Saving bulk values for: heat equation
HeatSolve: Assembly done
DefUtils::DefaultDirichletBCs: Setting Dirichlet boundary conditions
EnforceDirichletConditions: No Dirichlet conditions to enforce, exiting!
DefaultSolve: Solving linear system with default routines
SolveSystem: Solving linear system
SolveLinearSystem: Assuming real valued linear system
SolveLinearSystem: Assuming serial linear system
ScaleLinearSystem: Creating > DiagScaling < vector of size 23458
SolveLinearSystem: Serial linear System Solver: direct
DirectSolver: Using direct method: umfpack
SolveLinearSystem: Calculating nodal loads for: temperature
CalculateLoads: Computing boundary fluxes from nodal loads
WARNING:: CalculateLoads: Boundary 1 includes inseparable dofs!
CalculateLoads: temperature Flux over BC 1: -9.03556E-02
WARNING:: CalculateLoads: Boundary 2 includes inseparable dofs!
CalculateLoads: temperature Flux over BC 2: -6.32960E-02
WARNING:: CalculateLoads: Boundary 3 includes inseparable dofs!
CalculateLoads: temperature Flux over BC 3: -1.20726E-01
CalculateLoads: temperature Flux over all BCs: -2.74378E-01
ComputeNorm: Computing norm of solution
ComputeChange: NS (ITER=1) (NRM,RELC): (  466.68700      2.0000000     ) :: heat equation
HeatSolve: iter:    1 Assembly: (s)    1.46    1.46
HeatSolve: iter:    1 Solve:    (s)    1.00    1.00
HeatSolve:  Result Norm   :    466.68700182706118
HeatSolve:  Relative Change :    2.0000000000000000
DefaultFinish: Finished solver: heat equation
ComputeNorm: Computing norm of solution
ComputeChange: SS (ITER=1) (NRM,RELC): (  466.68700      2.0000000     ) :: heat equation
SingleSolver: Attempting to call solver: 0
SingleSolver: Solver Equation string is: internalvtuoutputsolver
ResultOutputSolver: -------------------------------------
ResultOutputSolver: Saving with prefix: neck
ResultOutputSolver: Dimension of mesh is: 3
ResultOutputSolver: Working on mesh 1: neck with 23458 nodes
ResultOutputSolver: Creating list for saving - if not present
CreateListForSaving: Field Variables for Saving
CreateListForSaving: Scalar Field 1: potential
CreateListForSaving: Scalar Field 2: joule heating
CreateListForSaving: Scalar Field 3: temperature
CreateListForSaving: Scalar Field 4: temperature loads
CreateListForSaving: Vector Field 1: volume current
ResultOutputSolver: Saving in unstructured VTK XML (.vtu) format
VtuOutputSolver: Saving results in VTK XML format with prefix: neck
VtuOutputSolver: Saving number of partitions: 1
SolverOutputDirectory: Creating directory: neck
VtuOutputSolver: Full filename base is: neck/neck
GenerateSaveMask: Number of active elements 135096 out of 135096
GenerateSaveMask: Number of geometry nodes 23458 out of 23458
VtuOutputSolver: Total number of elements to save: 135096
VtuOutputSolver: Total number of geometry nodes to save: 23458
VtuOutputSolver: Total number of dof nodes to save: 23458
VtuOutputSolver: Setting offset for boundary entities: 100
VtuOutputSolver: Writing the vtu file: neck/neck_t0001.vtu
AscBinWriteInit: Initializing buffered ascii/binary writing
AscBinWriteInit: Writing in binary
AscBinWriteInit: Writing in double precision
AscBinWriteInit: Writing to unit number: 58
AscBinWriteInit: Size of buffer is: 23458
WriteVtuFile: Writing nodal fields
WriteVtuFile: Saving 1-component variable: potential
WriteVtuFile: Saving 1-component variable: joule heating
WriteVtuFile: Saving 1-component variable: temperature
WriteVtuFile: Saving 1-component variable: temperature loads
WriteVtuFile: Saving 3-component variable: volume current
WriteVtuFile: Number of nodal fields written: 5
WriteVtuFile: Writing elemental fields
WriteVtuFile: Number of elemental fields written: 0
WriteVtuFile: Writing entity IDs for bodies and boundaries
WriteVtuFile: Writing coordinates for each used node
WriteVtuFile: Writing the elemental connectivity data
WriteVtuFile: Writing nodal fields
WriteVtuFile: Saving 1-component variable: potential
WriteVtuFile: Saving 1-component variable: joule heating
WriteVtuFile: Saving 1-component variable: temperature
WriteVtuFile: Saving 1-component variable: temperature loads
WriteVtuFile: Saving 3-component variable: volume current
WriteVtuFile: Writing elemental fields
AscBinWriteFree: Terminating buffered ascii/binary writing
VtuOutputSolver: All done for now
ResultOutputSolver: -------------------------------------
MAIN: 
MAIN: -------------------------------------
MAIN:  Steady state iteration:            2
MAIN: -------------------------------------
MAIN: 
SingleSolver: Attempting to call solver: 1
SingleSolver: Solver Equation string is: stat current
StatCurrentSolve: -------------------------------------
StatCurrentSolve: STAT CURRENT SOLVER:
StatCurrentSolve: -------------------------------------
DefaultStart: Starting solver: stat current
StatElecSolve: Starting Assembly...
DefUtils::DefaultDirichletBCs: Setting Dirichlet boundary conditions
EnforceDirichletConditions: Enforcing total of 53 Dirichlet conditions.
EnforceDirichletConditions: Applying Dirichlet conditions using scaled diagonal
ScaleLinearSystem: Creating > DiagScaling < vector of size 3138
EnforceDirichletConditions: Dirichlet conditions enforced for dofs: 53
StatCurrentSolve:  Assembly (s)          :  0.22707100000000002
DefaultSolve: Solving linear system with default routines
SolveSystem: Solving linear system
SolveLinearSystem: Assuming real valued linear system
SolveLinearSystem: Assuming serial linear system
ScaleLinearSystem: Creating > DiagScaling < vector of size 3138
SolveLinearSystem: Serial linear System Solver: direct
DirectSolver: Using direct method: umfpack
ComputeNorm: Computing norm of solution
ComputeChange: NS (ITER=1) (NRM,RELC): ( 0.17658900E-01 0.37969516     ) :: stat current
StatCurrentSolve:  Solve (s)             :   5.8389999999999276E-003
StatCurrentSolve:  Total Heating Power   :  0.40264770723223986
DefaultFinish: Finished solver: stat current
ComputeNorm: Computing norm of solution
ComputeChange: SS (ITER=2) (NRM,RELC): ( 0.17658900E-01 0.37969516     ) :: stat current
SingleSolver: Attempting to call solver: 2
SingleSolver: Solver Equation string is: heat equation
HeatSolver: -------------------------------------------
HeatSolver: Solving the energy equation for temperature
DefaultStart: Starting solver: heat equation
HeatSolve: 
HeatSolve: 
HeatSolve: -------------------------------------
HeatSolve:  TEMPERATURE ITERATION           1
HeatSolve: -------------------------------------
HeatSolve: 
HeatSolve: Starting Assembly...
HeatSolve: Assembly:
: .Saving bulk values for: heat equation
HeatSolve: Assembly done
DefUtils::DefaultDirichletBCs: Setting Dirichlet boundary conditions
EnforceDirichletConditions: No Dirichlet conditions to enforce, exiting!
DefaultSolve: Solving linear system with default routines
SolveSystem: Solving linear system
SolveLinearSystem: Assuming real valued linear system
SolveLinearSystem: Assuming serial linear system
ScaleLinearSystem: Creating > DiagScaling < vector of size 23458
SolveLinearSystem: Serial linear System Solver: direct
DirectSolver: Using direct method: umfpack
SolveLinearSystem: Calculating nodal loads for: temperature
CalculateLoads: Computing boundary fluxes from nodal loads
WARNING:: CalculateLoads: Boundary 1 includes inseparable dofs!
CalculateLoads: temperature Flux over BC 1: -1.40539E-01
WARNING:: CalculateLoads: Boundary 2 includes inseparable dofs!
CalculateLoads: temperature Flux over BC 2: -8.99403E-02
WARNING:: CalculateLoads: Boundary 3 includes inseparable dofs!
CalculateLoads: temperature Flux over BC 3: -1.72168E-01
CalculateLoads: temperature Flux over all BCs: -4.02648E-01
ComputeNorm: Computing norm of solution
ComputeChange: NS (ITER=1) (NRM,RELC): (  505.83548     0.80509153E-01 ) :: heat equation
HeatSolve: iter:    1 Assembly: (s)    1.34    1.34
HeatSolve: iter:    1 Solve:    (s)    0.99    0.99
HeatSolve:  Result Norm   :    505.83548259621801
HeatSolve:  Relative Change :    8.0509153045181234E-002
DefaultFinish: Finished solver: heat equation
ComputeNorm: Computing norm of solution
ComputeChange: SS (ITER=2) (NRM,RELC): (  505.83548     0.80509153E-01 ) :: heat equation
SingleSolver: Attempting to call solver: 0
SingleSolver: Solver Equation string is: internalvtuoutputsolver
ResultOutputSolver: -------------------------------------
ResultOutputSolver: Dimension of mesh is: 3
ResultOutputSolver: Working on mesh 1: neck with 23458 nodes
ResultOutputSolver: Saving in unstructured VTK XML (.vtu) format
VtuOutputSolver: Full filename base is: neck/neck
GenerateSaveMask: Number of active elements 135096 out of 135096
GenerateSaveMask: Number of geometry nodes 23458 out of 23458
VtuOutputSolver: Setting offset for boundary entities: 100
VtuOutputSolver: Writing the vtu file: neck/neck_t0002.vtu
AscBinWriteInit: Initializing buffered ascii/binary writing
AscBinWriteInit: Writing in binary
AscBinWriteInit: Writing in double precision
AscBinWriteInit: Writing to unit number: 58
AscBinWriteInit: Size of buffer is: 23458
WriteVtuFile: Writing nodal fields
WriteVtuFile: Saving 1-component variable: potential
WriteVtuFile: Saving 1-component variable: joule heating
WriteVtuFile: Saving 1-component variable: temperature
WriteVtuFile: Saving 1-component variable: temperature loads
WriteVtuFile: Saving 3-component variable: volume current
WriteVtuFile: Number of nodal fields written: 5
WriteVtuFile: Writing elemental fields
WriteVtuFile: Number of elemental fields written: 0
WriteVtuFile: Writing entity IDs for bodies and boundaries
WriteVtuFile: Writing coordinates for each used node
WriteVtuFile: Writing the elemental connectivity data
WriteVtuFile: Writing nodal fields
WriteVtuFile: Saving 1-component variable: potential
WriteVtuFile: Saving 1-component variable: joule heating
WriteVtuFile: Saving 1-component variable: temperature
WriteVtuFile: Saving 1-component variable: temperature loads
WriteVtuFile: Saving 3-component variable: volume current
WriteVtuFile: Writing elemental fields
AscBinWriteFree: Terminating buffered ascii/binary writing
VtuOutputSolver: All done for now
ResultOutputSolver: -------------------------------------
MAIN: 
MAIN: -------------------------------------
MAIN:  Steady state iteration:            3
MAIN: -------------------------------------
MAIN: 
SingleSolver: Attempting to call solver: 1
SingleSolver: Solver Equation string is: stat current
StatCurrentSolve: -------------------------------------
StatCurrentSolve: STAT CURRENT SOLVER:
StatCurrentSolve: -------------------------------------
DefaultStart: Starting solver: stat current
StatElecSolve: Starting Assembly...
DefUtils::DefaultDirichletBCs: Setting Dirichlet boundary conditions
EnforceDirichletConditions: Enforcing total of 53 Dirichlet conditions.
EnforceDirichletConditions: Applying Dirichlet conditions using scaled diagonal
ScaleLinearSystem: Creating > DiagScaling < vector of size 3138
EnforceDirichletConditions: Dirichlet conditions enforced for dofs: 53
StatCurrentSolve:  Assembly (s)          :  0.22663300000000053
DefaultSolve: Solving linear system with default routines
SolveSystem: Solving linear system
SolveLinearSystem: Assuming real valued linear system
SolveLinearSystem: Assuming serial linear system
ScaleLinearSystem: Creating > DiagScaling < vector of size 3138
SolveLinearSystem: Serial linear System Solver: direct
DirectSolver: Using direct method: umfpack
ComputeNorm: Computing norm of solution
ComputeChange: NS (ITER=1) (NRM,RELC): ( 0.19328596E-01 0.90284341E-01 ) :: stat current
StatCurrentSolve:  Solve (s)             :   5.8100000000003149E-003
StatCurrentSolve:  Total Heating Power   :  0.44050950943579531
DefaultFinish: Finished solver: stat current
ComputeNorm: Computing norm of solution
ComputeChange: SS (ITER=3) (NRM,RELC): ( 0.19328596E-01 0.90284341E-01 ) :: stat current
SingleSolver: Attempting to call solver: 2
SingleSolver: Solver Equation string is: heat equation
HeatSolver: -------------------------------------------
HeatSolver: Solving the energy equation for temperature
DefaultStart: Starting solver: heat equation
HeatSolve: 
HeatSolve: 
HeatSolve: -------------------------------------
HeatSolve:  TEMPERATURE ITERATION           1
HeatSolve: -------------------------------------
HeatSolve: 
HeatSolve: Starting Assembly...
HeatSolve: Assembly:
: .Saving bulk values for: heat equation
HeatSolve: Assembly done
DefUtils::DefaultDirichletBCs: Setting Dirichlet boundary conditions
EnforceDirichletConditions: No Dirichlet conditions to enforce, exiting!
DefaultSolve: Solving linear system with default routines
SolveSystem: Solving linear system
SolveLinearSystem: Assuming real valued linear system
SolveLinearSystem: Assuming serial linear system
ScaleLinearSystem: Creating > DiagScaling < vector of size 23458
SolveLinearSystem: Serial linear System Solver: direct
DirectSolver: Using direct method: umfpack
SolveLinearSystem: Calculating nodal loads for: temperature
CalculateLoads: Computing boundary fluxes from nodal loads
WARNING:: CalculateLoads: Boundary 1 includes inseparable dofs!
CalculateLoads: temperature Flux over BC 1: -1.55341E-01
WARNING:: CalculateLoads: Boundary 2 includes inseparable dofs!
CalculateLoads: temperature Flux over BC 2: -9.78147E-02
WARNING:: CalculateLoads: Boundary 3 includes inseparable dofs!
CalculateLoads: temperature Flux over BC 3: -1.87354E-01
CalculateLoads: temperature Flux over all BCs: -4.40510E-01
ComputeNorm: Computing norm of solution
ComputeChange: NS (ITER=1) (NRM,RELC): (  517.39495     0.22594061E-01 ) :: heat equation
HeatSolve: iter:    1 Assembly: (s)    1.34    1.34
HeatSolve: iter:    1 Solve:    (s)    1.00    1.00
HeatSolve:  Result Norm   :    517.39494809362691
HeatSolve:  Relative Change :    2.2594061221607131E-002
DefaultFinish: Finished solver: heat equation
ComputeNorm: Computing norm of solution
ComputeChange: SS (ITER=3) (NRM,RELC): (  517.39495     0.22594061E-01 ) :: heat equation
SingleSolver: Attempting to call solver: 0
SingleSolver: Solver Equation string is: internalvtuoutputsolver
ResultOutputSolver: -------------------------------------
ResultOutputSolver: Dimension of mesh is: 3
ResultOutputSolver: Working on mesh 1: neck with 23458 nodes
ResultOutputSolver: Saving in unstructured VTK XML (.vtu) format
VtuOutputSolver: Full filename base is: neck/neck
GenerateSaveMask: Number of active elements 135096 out of 135096
GenerateSaveMask: Number of geometry nodes 23458 out of 23458
VtuOutputSolver: Setting offset for boundary entities: 100
VtuOutputSolver: Writing the vtu file: neck/neck_t0003.vtu
AscBinWriteInit: Initializing buffered ascii/binary writing
AscBinWriteInit: Writing in binary
AscBinWriteInit: Writing in double precision
AscBinWriteInit: Writing to unit number: 58
AscBinWriteInit: Size of buffer is: 23458
WriteVtuFile: Writing nodal fields
WriteVtuFile: Saving 1-component variable: potential
WriteVtuFile: Saving 1-component variable: joule heating
WriteVtuFile: Saving 1-component variable: temperature
WriteVtuFile: Saving 1-component variable: temperature loads
WriteVtuFile: Saving 3-component variable: volume current
WriteVtuFile: Number of nodal fields written: 5
WriteVtuFile: Writing elemental fields
WriteVtuFile: Number of elemental fields written: 0
WriteVtuFile: Writing entity IDs for bodies and boundaries
WriteVtuFile: Writing coordinates for each used node
WriteVtuFile: Writing the elemental connectivity data
WriteVtuFile: Writing nodal fields
WriteVtuFile: Saving 1-component variable: potential
WriteVtuFile: Saving 1-component variable: joule heating
WriteVtuFile: Saving 1-component variable: temperature
WriteVtuFile: Saving 1-component variable: temperature loads
WriteVtuFile: Saving 3-component variable: volume current
WriteVtuFile: Writing elemental fields
AscBinWriteFree: Terminating buffered ascii/binary writing
VtuOutputSolver: All done for now
ResultOutputSolver: -------------------------------------
MAIN: 
MAIN: -------------------------------------
MAIN:  Steady state iteration:            4
MAIN: -------------------------------------
MAIN: 
SingleSolver: Attempting to call solver: 1
SingleSolver: Solver Equation string is: stat current
StatCurrentSolve: -------------------------------------
StatCurrentSolve: STAT CURRENT SOLVER:
StatCurrentSolve: -------------------------------------
DefaultStart: Starting solver: stat current
StatElecSolve: Starting Assembly...
DefUtils::DefaultDirichletBCs: Setting Dirichlet boundary conditions
EnforceDirichletConditions: Enforcing total of 53 Dirichlet conditions.
EnforceDirichletConditions: Applying Dirichlet conditions using scaled diagonal
ScaleLinearSystem: Creating > DiagScaling < vector of size 3138
EnforceDirichletConditions: Dirichlet conditions enforced for dofs: 53
StatCurrentSolve:  Assembly (s)          :  0.22806399999999982
DefaultSolve: Solving linear system with default routines
SolveSystem: Solving linear system
SolveLinearSystem: Assuming real valued linear system
SolveLinearSystem: Assuming serial linear system
ScaleLinearSystem: Creating > DiagScaling < vector of size 3138
SolveLinearSystem: Serial linear System Solver: direct
DirectSolver: Using direct method: umfpack
ComputeNorm: Computing norm of solution
ComputeChange: NS (ITER=1) (NRM,RELC): ( 0.19821752E-01 0.25192947E-01 ) :: stat current
StatCurrentSolve:  Solve (s)             :   5.7069999999992405E-003
StatCurrentSolve:  Total Heating Power   :  0.45169033530722036
DefaultFinish: Finished solver: stat current
ComputeNorm: Computing norm of solution
ComputeChange: SS (ITER=4) (NRM,RELC): ( 0.19821752E-01 0.25192947E-01 ) :: stat current
SingleSolver: Attempting to call solver: 2
SingleSolver: Solver Equation string is: heat equation
HeatSolver: -------------------------------------------
HeatSolver: Solving the energy equation for temperature
DefaultStart: Starting solver: heat equation
HeatSolve: 
HeatSolve: 
HeatSolve: -------------------------------------
HeatSolve:  TEMPERATURE ITERATION           1
HeatSolve: -------------------------------------
HeatSolve: 
HeatSolve: Starting Assembly...
HeatSolve: Assembly:
: .Saving bulk values for: heat equation
HeatSolve: Assembly done
DefUtils::DefaultDirichletBCs: Setting Dirichlet boundary conditions
EnforceDirichletConditions: No Dirichlet conditions to enforce, exiting!
DefaultSolve: Solving linear system with default routines
SolveSystem: Solving linear system
SolveLinearSystem: Assuming real valued linear system
SolveLinearSystem: Assuming serial linear system
ScaleLinearSystem: Creating > DiagScaling < vector of size 23458
SolveLinearSystem: Serial linear System Solver: direct
DirectSolver: Using direct method: umfpack
SolveLinearSystem: Calculating nodal loads for: temperature
CalculateLoads: Computing boundary fluxes from nodal loads
WARNING:: CalculateLoads: Boundary 1 includes inseparable dofs!
CalculateLoads: temperature Flux over BC 1: -1.59712E-01
WARNING:: CalculateLoads: Boundary 2 includes inseparable dofs!
CalculateLoads: temperature Flux over BC 2: -1.00140E-01
WARNING:: CalculateLoads: Boundary 3 includes inseparable dofs!
CalculateLoads: temperature Flux over BC 3: -1.91838E-01
CalculateLoads: temperature Flux over all BCs: -4.51690E-01
ComputeNorm: Computing norm of solution
ComputeChange: NS (ITER=1) (NRM,RELC): (  520.80862     0.65761071E-02 ) :: heat equation
HeatSolve: iter:    1 Assembly: (s)    1.35    1.35
HeatSolve: iter:    1 Solve:    (s)    1.00    1.00
HeatSolve:  Result Norm   :    520.80861701499919
HeatSolve:  Relative Change :    6.5761071067312483E-003
DefaultFinish: Finished solver: heat equation
ComputeNorm: Computing norm of solution
ComputeChange: SS (ITER=4) (NRM,RELC): (  520.80862     0.65761071E-02 ) :: heat equation
SingleSolver: Attempting to call solver: 0
SingleSolver: Solver Equation string is: internalvtuoutputsolver
ResultOutputSolver: -------------------------------------
ResultOutputSolver: Dimension of mesh is: 3
ResultOutputSolver: Working on mesh 1: neck with 23458 nodes
ResultOutputSolver: Saving in unstructured VTK XML (.vtu) format
VtuOutputSolver: Full filename base is: neck/neck
GenerateSaveMask: Number of active elements 135096 out of 135096
GenerateSaveMask: Number of geometry nodes 23458 out of 23458
VtuOutputSolver: Setting offset for boundary entities: 100
VtuOutputSolver: Writing the vtu file: neck/neck_t0004.vtu
AscBinWriteInit: Initializing buffered ascii/binary writing
AscBinWriteInit: Writing in binary
AscBinWriteInit: Writing in double precision
AscBinWriteInit: Writing to unit number: 58
AscBinWriteInit: Size of buffer is: 23458
WriteVtuFile: Writing nodal fields
WriteVtuFile: Saving 1-component variable: potential
WriteVtuFile: Saving 1-component variable: joule heating
WriteVtuFile: Saving 1-component variable: temperature
WriteVtuFile: Saving 1-component variable: temperature loads
WriteVtuFile: Saving 3-component variable: volume current
WriteVtuFile: Number of nodal fields written: 5
WriteVtuFile: Writing elemental fields
WriteVtuFile: Number of elemental fields written: 0
WriteVtuFile: Writing entity IDs for bodies and boundaries
WriteVtuFile: Writing coordinates for each used node
WriteVtuFile: Writing the elemental connectivity data
WriteVtuFile: Writing nodal fields
WriteVtuFile: Saving 1-component variable: potential
WriteVtuFile: Saving 1-component variable: joule heating
WriteVtuFile: Saving 1-component variable: temperature
WriteVtuFile: Saving 1-component variable: temperature loads
WriteVtuFile: Saving 3-component variable: volume current
WriteVtuFile: Writing elemental fields
AscBinWriteFree: Terminating buffered ascii/binary writing
VtuOutputSolver: All done for now
ResultOutputSolver: -------------------------------------
MAIN: 
MAIN: -------------------------------------
MAIN:  Steady state iteration:            5
MAIN: -------------------------------------
MAIN: 
SingleSolver: Attempting to call solver: 1
SingleSolver: Solver Equation string is: stat current
StatCurrentSolve: -------------------------------------
StatCurrentSolve: STAT CURRENT SOLVER:
StatCurrentSolve: -------------------------------------
DefaultStart: Starting solver: stat current
StatElecSolve: Starting Assembly...
DefUtils::DefaultDirichletBCs: Setting Dirichlet boundary conditions
EnforceDirichletConditions: Enforcing total of 53 Dirichlet conditions.
EnforceDirichletConditions: Applying Dirichlet conditions using scaled diagonal
ScaleLinearSystem: Creating > DiagScaling < vector of size 3138
EnforceDirichletConditions: Dirichlet conditions enforced for dofs: 53
StatCurrentSolve:  Assembly (s)          :  0.22904200000000152
DefaultSolve: Solving linear system with default routines
SolveSystem: Solving linear system
SolveLinearSystem: Assuming real valued linear system
SolveLinearSystem: Assuming serial linear system
ScaleLinearSystem: Creating > DiagScaling < vector of size 3138
SolveLinearSystem: Serial linear System Solver: direct
DirectSolver: Using direct method: umfpack
ComputeNorm: Computing norm of solution
ComputeChange: NS (ITER=1) (NRM,RELC): ( 0.19967388E-01 0.73203754E-02 ) :: stat current
StatCurrentSolve:  Solve (s)             :   5.8590000000009468E-003
StatCurrentSolve:  Total Heating Power   :  0.45499215553458139
DefaultFinish: Finished solver: stat current
ComputeNorm: Computing norm of solution
ComputeChange: SS (ITER=5) (NRM,RELC): ( 0.19967388E-01 0.73203754E-02 ) :: stat current
SingleSolver: Attempting to call solver: 2
SingleSolver: Solver Equation string is: heat equation
HeatSolver: -------------------------------------------
HeatSolver: Solving the energy equation for temperature
DefaultStart: Starting solver: heat equation
HeatSolve: 
HeatSolve: 
HeatSolve: -------------------------------------
HeatSolve:  TEMPERATURE ITERATION           1
HeatSolve: -------------------------------------
HeatSolve: 
HeatSolve: Starting Assembly...
HeatSolve: Assembly:
: .Saving bulk values for: heat equation
HeatSolve: Assembly done
DefUtils::DefaultDirichletBCs: Setting Dirichlet boundary conditions
EnforceDirichletConditions: No Dirichlet conditions to enforce, exiting!
DefaultSolve: Solving linear system with default routines
SolveSystem: Solving linear system
SolveLinearSystem: Assuming real valued linear system
SolveLinearSystem: Assuming serial linear system
ScaleLinearSystem: Creating > DiagScaling < vector of size 23458
SolveLinearSystem: Serial linear System Solver: direct
DirectSolver: Using direct method: umfpack
SolveLinearSystem: Calculating nodal loads for: temperature
CalculateLoads: Computing boundary fluxes from nodal loads
WARNING:: CalculateLoads: Boundary 1 includes inseparable dofs!
CalculateLoads: temperature Flux over BC 1: -1.61003E-01
WARNING:: CalculateLoads: Boundary 2 includes inseparable dofs!
CalculateLoads: temperature Flux over BC 2: -1.00827E-01
WARNING:: CalculateLoads: Boundary 3 includes inseparable dofs!
CalculateLoads: temperature Flux over BC 3: -1.93162E-01
CalculateLoads: temperature Flux over all BCs: -4.54992E-01
ComputeNorm: Computing norm of solution
ComputeChange: NS (ITER=1) (NRM,RELC): (  521.81672     0.19337702E-02 ) :: heat equation
HeatSolve: iter:    1 Assembly: (s)    1.35    1.35
HeatSolve: iter:    1 Solve:    (s)    1.00    1.00
HeatSolve:  Result Norm   :    521.81671590692781
HeatSolve:  Relative Change :    1.9337701858892259E-003
DefaultFinish: Finished solver: heat equation
ComputeNorm: Computing norm of solution
ComputeChange: SS (ITER=5) (NRM,RELC): (  521.81672     0.19337702E-02 ) :: heat equation
SingleSolver: Attempting to call solver: 0
SingleSolver: Solver Equation string is: internalvtuoutputsolver
ResultOutputSolver: -------------------------------------
ResultOutputSolver: Dimension of mesh is: 3
ResultOutputSolver: Working on mesh 1: neck with 23458 nodes
ResultOutputSolver: Saving in unstructured VTK XML (.vtu) format
VtuOutputSolver: Full filename base is: neck/neck
GenerateSaveMask: Number of active elements 135096 out of 135096
GenerateSaveMask: Number of geometry nodes 23458 out of 23458
VtuOutputSolver: Setting offset for boundary entities: 100
VtuOutputSolver: Writing the vtu file: neck/neck_t0005.vtu
AscBinWriteInit: Initializing buffered ascii/binary writing
AscBinWriteInit: Writing in binary
AscBinWriteInit: Writing in double precision
AscBinWriteInit: Writing to unit number: 58
AscBinWriteInit: Size of buffer is: 23458
WriteVtuFile: Writing nodal fields
WriteVtuFile: Saving 1-component variable: potential
WriteVtuFile: Saving 1-component variable: joule heating
WriteVtuFile: Saving 1-component variable: temperature
WriteVtuFile: Saving 1-component variable: temperature loads
WriteVtuFile: Saving 3-component variable: volume current
WriteVtuFile: Number of nodal fields written: 5
WriteVtuFile: Writing elemental fields
WriteVtuFile: Number of elemental fields written: 0
WriteVtuFile: Writing entity IDs for bodies and boundaries
WriteVtuFile: Writing coordinates for each used node
WriteVtuFile: Writing the elemental connectivity data
WriteVtuFile: Writing nodal fields
WriteVtuFile: Saving 1-component variable: potential
WriteVtuFile: Saving 1-component variable: joule heating
WriteVtuFile: Saving 1-component variable: temperature
WriteVtuFile: Saving 1-component variable: temperature loads
WriteVtuFile: Saving 3-component variable: volume current
WriteVtuFile: Writing elemental fields
AscBinWriteFree: Terminating buffered ascii/binary writing
VtuOutputSolver: All done for now
ResultOutputSolver: -------------------------------------
MAIN: 
MAIN: -------------------------------------
MAIN:  Steady state iteration:            6
MAIN: -------------------------------------
MAIN: 
SingleSolver: Attempting to call solver: 1
SingleSolver: Solver Equation string is: stat current
StatCurrentSolve: -------------------------------------
StatCurrentSolve: STAT CURRENT SOLVER:
StatCurrentSolve: -------------------------------------
DefaultStart: Starting solver: stat current
StatElecSolve: Starting Assembly...
DefUtils::DefaultDirichletBCs: Setting Dirichlet boundary conditions
EnforceDirichletConditions: Enforcing total of 53 Dirichlet conditions.
EnforceDirichletConditions: Applying Dirichlet conditions using scaled diagonal
ScaleLinearSystem: Creating > DiagScaling < vector of size 3138
EnforceDirichletConditions: Dirichlet conditions enforced for dofs: 53
StatCurrentSolve:  Assembly (s)          :  0.22803599999999946
DefaultSolve: Solving linear system with default routines
SolveSystem: Solving linear system
SolveLinearSystem: Assuming real valued linear system
SolveLinearSystem: Assuming serial linear system
ScaleLinearSystem: Creating > DiagScaling < vector of size 3138
SolveLinearSystem: Serial linear System Solver: direct
DirectSolver: Using direct method: umfpack
ComputeNorm: Computing norm of solution
ComputeChange: NS (ITER=1) (NRM,RELC): ( 0.20010396E-01 0.21515889E-02 ) :: stat current
StatCurrentSolve:  Solve (s)             :   5.7929999999988269E-003
StatCurrentSolve:  Total Heating Power   :  0.45596721984427718
DefaultFinish: Finished solver: stat current
ComputeNorm: Computing norm of solution
ComputeChange: SS (ITER=6) (NRM,RELC): ( 0.20010396E-01 0.21515889E-02 ) :: stat current
SingleSolver: Attempting to call solver: 2
SingleSolver: Solver Equation string is: heat equation
HeatSolver: -------------------------------------------
HeatSolver: Solving the energy equation for temperature
DefaultStart: Starting solver: heat equation
HeatSolve: 
HeatSolve: 
HeatSolve: -------------------------------------
HeatSolve:  TEMPERATURE ITERATION           1
HeatSolve: -------------------------------------
HeatSolve: 
HeatSolve: Starting Assembly...
HeatSolve: Assembly:
: .Saving bulk values for: heat equation
HeatSolve: Assembly done
DefUtils::DefaultDirichletBCs: Setting Dirichlet boundary conditions
EnforceDirichletConditions: No Dirichlet conditions to enforce, exiting!
DefaultSolve: Solving linear system with default routines
SolveSystem: Solving linear system
SolveLinearSystem: Assuming real valued linear system
SolveLinearSystem: Assuming serial linear system
ScaleLinearSystem: Creating > DiagScaling < vector of size 23458
SolveLinearSystem: Serial linear System Solver: direct
DirectSolver: Using direct method: umfpack
SolveLinearSystem: Calculating nodal loads for: temperature
CalculateLoads: Computing boundary fluxes from nodal loads
WARNING:: CalculateLoads: Boundary 1 includes inseparable dofs!
CalculateLoads: temperature Flux over BC 1: -1.61384E-01
WARNING:: CalculateLoads: Boundary 2 includes inseparable dofs!
CalculateLoads: temperature Flux over BC 2: -1.01030E-01
WARNING:: CalculateLoads: Boundary 3 includes inseparable dofs!
CalculateLoads: temperature Flux over BC 3: -1.93553E-01
CalculateLoads: temperature Flux over all BCs: -4.55967E-01
ComputeNorm: Computing norm of solution
ComputeChange: NS (ITER=1) (NRM,RELC): (  522.11442     0.57035036E-03 ) :: heat equation
HeatSolve: iter:    1 Assembly: (s)    1.35    1.35
HeatSolve: iter:    1 Solve:    (s)    1.01    1.01
HeatSolve:  Result Norm   :    522.11441915773275
HeatSolve:  Relative Change :    5.7035036278806593E-004
DefaultFinish: Finished solver: heat equation
ComputeNorm: Computing norm of solution
ComputeChange: SS (ITER=6) (NRM,RELC): (  522.11442     0.57035036E-03 ) :: heat equation
SingleSolver: Attempting to call solver: 0
SingleSolver: Solver Equation string is: internalvtuoutputsolver
ResultOutputSolver: -------------------------------------
ResultOutputSolver: Dimension of mesh is: 3
ResultOutputSolver: Working on mesh 1: neck with 23458 nodes
ResultOutputSolver: Saving in unstructured VTK XML (.vtu) format
VtuOutputSolver: Full filename base is: neck/neck
GenerateSaveMask: Number of active elements 135096 out of 135096
GenerateSaveMask: Number of geometry nodes 23458 out of 23458
VtuOutputSolver: Setting offset for boundary entities: 100
VtuOutputSolver: Writing the vtu file: neck/neck_t0006.vtu
AscBinWriteInit: Initializing buffered ascii/binary writing
AscBinWriteInit: Writing in binary
AscBinWriteInit: Writing in double precision
AscBinWriteInit: Writing to unit number: 58
AscBinWriteInit: Size of buffer is: 23458
WriteVtuFile: Writing nodal fields
WriteVtuFile: Saving 1-component variable: potential
WriteVtuFile: Saving 1-component variable: joule heating
WriteVtuFile: Saving 1-component variable: temperature
WriteVtuFile: Saving 1-component variable: temperature loads
WriteVtuFile: Saving 3-component variable: volume current
WriteVtuFile: Number of nodal fields written: 5
WriteVtuFile: Writing elemental fields
WriteVtuFile: Number of elemental fields written: 0
WriteVtuFile: Writing entity IDs for bodies and boundaries
WriteVtuFile: Writing coordinates for each used node
WriteVtuFile: Writing the elemental connectivity data
WriteVtuFile: Writing nodal fields
WriteVtuFile: Saving 1-component variable: potential
WriteVtuFile: Saving 1-component variable: joule heating
WriteVtuFile: Saving 1-component variable: temperature
WriteVtuFile: Saving 1-component variable: temperature loads
WriteVtuFile: Saving 3-component variable: volume current
WriteVtuFile: Writing elemental fields
AscBinWriteFree: Terminating buffered ascii/binary writing
VtuOutputSolver: All done for now
ResultOutputSolver: -------------------------------------
MAIN: 
MAIN: -------------------------------------
MAIN:  Steady state iteration:            7
MAIN: -------------------------------------
MAIN: 
SingleSolver: Attempting to call solver: 1
SingleSolver: Solver Equation string is: stat current
StatCurrentSolve: -------------------------------------
StatCurrentSolve: STAT CURRENT SOLVER:
StatCurrentSolve: -------------------------------------
DefaultStart: Starting solver: stat current
StatElecSolve: Starting Assembly...
DefUtils::DefaultDirichletBCs: Setting Dirichlet boundary conditions
EnforceDirichletConditions: Enforcing total of 53 Dirichlet conditions.
EnforceDirichletConditions: Applying Dirichlet conditions using scaled diagonal
ScaleLinearSystem: Creating > DiagScaling < vector of size 3138
EnforceDirichletConditions: Dirichlet conditions enforced for dofs: 53
StatCurrentSolve:  Assembly (s)          :  0.22859799999999808
DefaultSolve: Solving linear system with default routines
SolveSystem: Solving linear system
SolveLinearSystem: Assuming real valued linear system
SolveLinearSystem: Assuming serial linear system
ScaleLinearSystem: Creating > DiagScaling < vector of size 3138
SolveLinearSystem: Serial linear System Solver: direct
DirectSolver: Using direct method: umfpack
ComputeNorm: Computing norm of solution
ComputeChange: NS (ITER=1) (NRM,RELC): ( 0.20023097E-01 0.63450407E-03 ) :: stat current
StatCurrentSolve:  Solve (s)             :   5.9170000000001721E-003
StatCurrentSolve:  Total Heating Power   :  0.45625516721013698
DefaultFinish: Finished solver: stat current
ComputeNorm: Computing norm of solution
ComputeChange: SS (ITER=7) (NRM,RELC): ( 0.20023097E-01 0.63450407E-03 ) :: stat current
SingleSolver: Attempting to call solver: 2
SingleSolver: Solver Equation string is: heat equation
HeatSolver: -------------------------------------------
HeatSolver: Solving the energy equation for temperature
DefaultStart: Starting solver: heat equation
HeatSolve: 
HeatSolve: 
HeatSolve: -------------------------------------
HeatSolve:  TEMPERATURE ITERATION           1
HeatSolve: -------------------------------------
HeatSolve: 
HeatSolve: Starting Assembly...
HeatSolve: Assembly:
: .Saving bulk values for: heat equation
HeatSolve: Assembly done
DefUtils::DefaultDirichletBCs: Setting Dirichlet boundary conditions
EnforceDirichletConditions: No Dirichlet conditions to enforce, exiting!
DefaultSolve: Solving linear system with default routines
SolveSystem: Solving linear system
SolveLinearSystem: Assuming real valued linear system
SolveLinearSystem: Assuming serial linear system
ScaleLinearSystem: Creating > DiagScaling < vector of size 23458
SolveLinearSystem: Serial linear System Solver: direct
DirectSolver: Using direct method: umfpack
SolveLinearSystem: Calculating nodal loads for: temperature
CalculateLoads: Computing boundary fluxes from nodal loads
WARNING:: CalculateLoads: Boundary 1 includes inseparable dofs!
CalculateLoads: temperature Flux over BC 1: -1.61497E-01
WARNING:: CalculateLoads: Boundary 2 includes inseparable dofs!
CalculateLoads: temperature Flux over BC 2: -1.01090E-01
WARNING:: CalculateLoads: Boundary 3 includes inseparable dofs!
CalculateLoads: temperature Flux over BC 3: -1.93669E-01
CalculateLoads: temperature Flux over all BCs: -4.56255E-01
ComputeNorm: Computing norm of solution
ComputeChange: NS (ITER=1) (NRM,RELC): (  522.20233     0.16836870E-03 ) :: heat equation
HeatSolve: iter:    1 Assembly: (s)    1.34    1.34
HeatSolve: iter:    1 Solve:    (s)    0.99    0.99
HeatSolve:  Result Norm   :    522.20233428365771
HeatSolve:  Relative Change :    1.6836869778300478E-004
DefaultFinish: Finished solver: heat equation
ComputeNorm: Computing norm of solution
ComputeChange: SS (ITER=7) (NRM,RELC): (  522.20233     0.16836870E-03 ) :: heat equation
SingleSolver: Attempting to call solver: 0
SingleSolver: Solver Equation string is: internalvtuoutputsolver
ResultOutputSolver: -------------------------------------
ResultOutputSolver: Dimension of mesh is: 3
ResultOutputSolver: Working on mesh 1: neck with 23458 nodes
ResultOutputSolver: Saving in unstructured VTK XML (.vtu) format
VtuOutputSolver: Full filename base is: neck/neck
GenerateSaveMask: Number of active elements 135096 out of 135096
GenerateSaveMask: Number of geometry nodes 23458 out of 23458
VtuOutputSolver: Setting offset for boundary entities: 100
VtuOutputSolver: Writing the vtu file: neck/neck_t0007.vtu
AscBinWriteInit: Initializing buffered ascii/binary writing
AscBinWriteInit: Writing in binary
AscBinWriteInit: Writing in double precision
AscBinWriteInit: Writing to unit number: 58
AscBinWriteInit: Size of buffer is: 23458
WriteVtuFile: Writing nodal fields
WriteVtuFile: Saving 1-component variable: potential
WriteVtuFile: Saving 1-component variable: joule heating
WriteVtuFile: Saving 1-component variable: temperature
WriteVtuFile: Saving 1-component variable: temperature loads
WriteVtuFile: Saving 3-component variable: volume current
WriteVtuFile: Number of nodal fields written: 5
WriteVtuFile: Writing elemental fields
WriteVtuFile: Number of elemental fields written: 0
WriteVtuFile: Writing entity IDs for bodies and boundaries
WriteVtuFile: Writing coordinates for each used node
WriteVtuFile: Writing the elemental connectivity data
WriteVtuFile: Writing nodal fields
WriteVtuFile: Saving 1-component variable: potential
WriteVtuFile: Saving 1-component variable: joule heating
WriteVtuFile: Saving 1-component variable: temperature
WriteVtuFile: Saving 1-component variable: temperature loads
WriteVtuFile: Saving 3-component variable: volume current
WriteVtuFile: Writing elemental fields
AscBinWriteFree: Terminating buffered ascii/binary writing
VtuOutputSolver: All done for now
ResultOutputSolver: -------------------------------------
MAIN: 
MAIN: -------------------------------------
MAIN:  Steady state iteration:            8
MAIN: -------------------------------------
MAIN: 
SingleSolver: Attempting to call solver: 1
SingleSolver: Solver Equation string is: stat current
StatCurrentSolve: -------------------------------------
StatCurrentSolve: STAT CURRENT SOLVER:
StatCurrentSolve: -------------------------------------
DefaultStart: Starting solver: stat current
StatElecSolve: Starting Assembly...
DefUtils::DefaultDirichletBCs: Setting Dirichlet boundary conditions
EnforceDirichletConditions: Enforcing total of 53 Dirichlet conditions.
EnforceDirichletConditions: Applying Dirichlet conditions using scaled diagonal
ScaleLinearSystem: Creating > DiagScaling < vector of size 3138
EnforceDirichletConditions: Dirichlet conditions enforced for dofs: 53
StatCurrentSolve:  Assembly (s)          :  0.22777199999999809
DefaultSolve: Solving linear system with default routines
SolveSystem: Solving linear system
SolveLinearSystem: Assuming real valued linear system
SolveLinearSystem: Assuming serial linear system
ScaleLinearSystem: Creating > DiagScaling < vector of size 3138
SolveLinearSystem: Serial linear System Solver: direct
DirectSolver: Using direct method: umfpack
ComputeNorm: Computing norm of solution
ComputeChange: NS (ITER=1) (NRM,RELC): ( 0.20026847E-01 0.18729916E-03 ) :: stat current
StatCurrentSolve:  Solve (s)             :   5.8539999999993597E-003
StatCurrentSolve:  Total Heating Power   :  0.45634020127848435
DefaultFinish: Finished solver: stat current
ComputeNorm: Computing norm of solution
ComputeChange: SS (ITER=8) (NRM,RELC): ( 0.20026847E-01 0.18729916E-03 ) :: stat current
SingleSolver: Attempting to call solver: 2
SingleSolver: Solver Equation string is: heat equation
HeatSolver: -------------------------------------------
HeatSolver: Solving the energy equation for temperature
DefaultStart: Starting solver: heat equation
HeatSolve: 
HeatSolve: 
HeatSolve: -------------------------------------
HeatSolve:  TEMPERATURE ITERATION           1
HeatSolve: -------------------------------------
HeatSolve: 
HeatSolve: Starting Assembly...
HeatSolve: Assembly:
: .Saving bulk values for: heat equation
HeatSolve: Assembly done
DefUtils::DefaultDirichletBCs: Setting Dirichlet boundary conditions
EnforceDirichletConditions: No Dirichlet conditions to enforce, exiting!
DefaultSolve: Solving linear system with default routines
SolveSystem: Solving linear system
SolveLinearSystem: Assuming real valued linear system
SolveLinearSystem: Assuming serial linear system
ScaleLinearSystem: Creating > DiagScaling < vector of size 23458
SolveLinearSystem: Serial linear System Solver: direct
DirectSolver: Using direct method: umfpack
SolveLinearSystem: Calculating nodal loads for: temperature
CalculateLoads: Computing boundary fluxes from nodal loads
WARNING:: CalculateLoads: Boundary 1 includes inseparable dofs!
CalculateLoads: temperature Flux over BC 1: -1.61530E-01
WARNING:: CalculateLoads: Boundary 2 includes inseparable dofs!
CalculateLoads: temperature Flux over BC 2: -1.01107E-01
WARNING:: CalculateLoads: Boundary 3 includes inseparable dofs!
CalculateLoads: temperature Flux over BC 3: -1.93703E-01
CalculateLoads: temperature Flux over all BCs: -4.56340E-01
ComputeNorm: Computing norm of solution
ComputeChange: NS (ITER=1) (NRM,RELC): (  522.22830     0.49715739E-04 ) :: heat equation
HeatSolve: iter:    1 Assembly: (s)    1.34    1.34
HeatSolve: iter:    1 Solve:    (s)    1.00    1.00
HeatSolve:  Result Norm   :    522.22829660387697
HeatSolve:  Relative Change :    4.9715738798663984E-005
DefaultFinish: Finished solver: heat equation
ComputeNorm: Computing norm of solution
ComputeChange: SS (ITER=8) (NRM,RELC): (  522.22830     0.49715739E-04 ) :: heat equation
SingleSolver: Attempting to call solver: 0
SingleSolver: Solver Equation string is: internalvtuoutputsolver
ResultOutputSolver: -------------------------------------
ResultOutputSolver: Dimension of mesh is: 3
ResultOutputSolver: Working on mesh 1: neck with 23458 nodes
ResultOutputSolver: Saving in unstructured VTK XML (.vtu) format
VtuOutputSolver: Full filename base is: neck/neck
GenerateSaveMask: Number of active elements 135096 out of 135096
GenerateSaveMask: Number of geometry nodes 23458 out of 23458
VtuOutputSolver: Setting offset for boundary entities: 100
VtuOutputSolver: Writing the vtu file: neck/neck_t0008.vtu
AscBinWriteInit: Initializing buffered ascii/binary writing
AscBinWriteInit: Writing in binary
AscBinWriteInit: Writing in double precision
AscBinWriteInit: Writing to unit number: 58
AscBinWriteInit: Size of buffer is: 23458
WriteVtuFile: Writing nodal fields
WriteVtuFile: Saving 1-component variable: potential
WriteVtuFile: Saving 1-component variable: joule heating
WriteVtuFile: Saving 1-component variable: temperature
WriteVtuFile: Saving 1-component variable: temperature loads
WriteVtuFile: Saving 3-component variable: volume current
WriteVtuFile: Number of nodal fields written: 5
WriteVtuFile: Writing elemental fields
WriteVtuFile: Number of elemental fields written: 0
WriteVtuFile: Writing entity IDs for bodies and boundaries
WriteVtuFile: Writing coordinates for each used node
WriteVtuFile: Writing the elemental connectivity data
WriteVtuFile: Writing nodal fields
WriteVtuFile: Saving 1-component variable: potential
WriteVtuFile: Saving 1-component variable: joule heating
WriteVtuFile: Saving 1-component variable: temperature
WriteVtuFile: Saving 1-component variable: temperature loads
WriteVtuFile: Saving 3-component variable: volume current
WriteVtuFile: Writing elemental fields
AscBinWriteFree: Terminating buffered ascii/binary writing
VtuOutputSolver: All done for now
ResultOutputSolver: -------------------------------------
MAIN: 
MAIN: -------------------------------------
MAIN:  Steady state iteration:            9
MAIN: -------------------------------------
MAIN: 
SingleSolver: Attempting to call solver: 1
SingleSolver: Solver Equation string is: stat current
StatCurrentSolve: -------------------------------------
StatCurrentSolve: STAT CURRENT SOLVER:
StatCurrentSolve: -------------------------------------
DefaultStart: Starting solver: stat current
StatElecSolve: Starting Assembly...
DefUtils::DefaultDirichletBCs: Setting Dirichlet boundary conditions
EnforceDirichletConditions: Enforcing total of 53 Dirichlet conditions.
EnforceDirichletConditions: Applying Dirichlet conditions using scaled diagonal
ScaleLinearSystem: Creating > DiagScaling < vector of size 3138
EnforceDirichletConditions: Dirichlet conditions enforced for dofs: 53
StatCurrentSolve:  Assembly (s)          :  0.22693800000000053
DefaultSolve: Solving linear system with default routines
SolveSystem: Solving linear system
SolveLinearSystem: Assuming real valued linear system
SolveLinearSystem: Assuming serial linear system
ScaleLinearSystem: Creating > DiagScaling < vector of size 3138
SolveLinearSystem: Serial linear System Solver: direct
DirectSolver: Using direct method: umfpack
ComputeNorm: Computing norm of solution
ComputeChange: NS (ITER=1) (NRM,RELC): ( 0.20027955E-01 0.55304824E-04 ) :: stat current
StatCurrentSolve:  Solve (s)             :   5.6329999999995550E-003
StatCurrentSolve:  Total Heating Power   :  0.45636531278722209
DefaultFinish: Finished solver: stat current
ComputeNorm: Computing norm of solution
ComputeChange: SS (ITER=9) (NRM,RELC): ( 0.20027955E-01 0.55304824E-04 ) :: stat current
SingleSolver: Attempting to call solver: 2
SingleSolver: Solver Equation string is: heat equation
HeatSolver: -------------------------------------------
HeatSolver: Solving the energy equation for temperature
DefaultStart: Starting solver: heat equation
HeatSolve: 
HeatSolve: 
HeatSolve: -------------------------------------
HeatSolve:  TEMPERATURE ITERATION           1
HeatSolve: -------------------------------------
HeatSolve: 
HeatSolve: Starting Assembly...
HeatSolve: Assembly:
: .Saving bulk values for: heat equation
HeatSolve: Assembly done
DefUtils::DefaultDirichletBCs: Setting Dirichlet boundary conditions
EnforceDirichletConditions: No Dirichlet conditions to enforce, exiting!
DefaultSolve: Solving linear system with default routines
SolveSystem: Solving linear system
SolveLinearSystem: Assuming real valued linear system
SolveLinearSystem: Assuming serial linear system
ScaleLinearSystem: Creating > DiagScaling < vector of size 23458
SolveLinearSystem: Serial linear System Solver: direct
DirectSolver: Using direct method: umfpack
SolveLinearSystem: Calculating nodal loads for: temperature
CalculateLoads: Computing boundary fluxes from nodal loads
WARNING:: CalculateLoads: Boundary 1 includes inseparable dofs!
CalculateLoads: temperature Flux over BC 1: -1.61540E-01
WARNING:: CalculateLoads: Boundary 2 includes inseparable dofs!
CalculateLoads: temperature Flux over BC 2: -1.01113E-01
WARNING:: CalculateLoads: Boundary 3 includes inseparable dofs!
CalculateLoads: temperature Flux over BC 3: -1.93713E-01
CalculateLoads: temperature Flux over all BCs: -4.56365E-01
ComputeNorm: Computing norm of solution
ComputeChange: NS (ITER=1) (NRM,RELC): (  522.23596     0.14681140E-04 ) :: heat equation
HeatSolve: iter:    1 Assembly: (s)    1.35    1.35
HeatSolve: iter:    1 Solve:    (s)    1.00    1.00
HeatSolve:  Result Norm   :    522.23596356685334
HeatSolve:  Relative Change :    1.4681139927410359E-005
DefaultFinish: Finished solver: heat equation
ComputeNorm: Computing norm of solution
ComputeChange: SS (ITER=9) (NRM,RELC): (  522.23596     0.14681140E-04 ) :: heat equation
SingleSolver: Attempting to call solver: 0
SingleSolver: Solver Equation string is: internalvtuoutputsolver
ResultOutputSolver: -------------------------------------
ResultOutputSolver: Dimension of mesh is: 3
ResultOutputSolver: Working on mesh 1: neck with 23458 nodes
ResultOutputSolver: Saving in unstructured VTK XML (.vtu) format
VtuOutputSolver: Full filename base is: neck/neck
GenerateSaveMask: Number of active elements 135096 out of 135096
GenerateSaveMask: Number of geometry nodes 23458 out of 23458
VtuOutputSolver: Setting offset for boundary entities: 100
VtuOutputSolver: Writing the vtu file: neck/neck_t0009.vtu
AscBinWriteInit: Initializing buffered ascii/binary writing
AscBinWriteInit: Writing in binary
AscBinWriteInit: Writing in double precision
AscBinWriteInit: Writing to unit number: 58
AscBinWriteInit: Size of buffer is: 23458
WriteVtuFile: Writing nodal fields
WriteVtuFile: Saving 1-component variable: potential
WriteVtuFile: Saving 1-component variable: joule heating
WriteVtuFile: Saving 1-component variable: temperature
WriteVtuFile: Saving 1-component variable: temperature loads
WriteVtuFile: Saving 3-component variable: volume current
WriteVtuFile: Number of nodal fields written: 5
WriteVtuFile: Writing elemental fields
WriteVtuFile: Number of elemental fields written: 0
WriteVtuFile: Writing entity IDs for bodies and boundaries
WriteVtuFile: Writing coordinates for each used node
WriteVtuFile: Writing the elemental connectivity data
WriteVtuFile: Writing nodal fields
WriteVtuFile: Saving 1-component variable: potential
WriteVtuFile: Saving 1-component variable: joule heating
WriteVtuFile: Saving 1-component variable: temperature
WriteVtuFile: Saving 1-component variable: temperature loads
WriteVtuFile: Saving 3-component variable: volume current
WriteVtuFile: Writing elemental fields
AscBinWriteFree: Terminating buffered ascii/binary writing
VtuOutputSolver: All done for now
ResultOutputSolver: -------------------------------------
MAIN: 
MAIN: -------------------------------------
MAIN:  Steady state iteration:           10
MAIN: -------------------------------------
MAIN: 
SingleSolver: Attempting to call solver: 1
SingleSolver: Solver Equation string is: stat current
StatCurrentSolve: -------------------------------------
StatCurrentSolve: STAT CURRENT SOLVER:
StatCurrentSolve: -------------------------------------
DefaultStart: Starting solver: stat current
StatElecSolve: Starting Assembly...
DefUtils::DefaultDirichletBCs: Setting Dirichlet boundary conditions
EnforceDirichletConditions: Enforcing total of 53 Dirichlet conditions.
EnforceDirichletConditions: Applying Dirichlet conditions using scaled diagonal
ScaleLinearSystem: Creating > DiagScaling < vector of size 3138
EnforceDirichletConditions: Dirichlet conditions enforced for dofs: 53
StatCurrentSolve:  Assembly (s)          :  0.22842599999999891
DefaultSolve: Solving linear system with default routines
SolveSystem: Solving linear system
SolveLinearSystem: Assuming real valued linear system
SolveLinearSystem: Assuming serial linear system
ScaleLinearSystem: Creating > DiagScaling < vector of size 3138
SolveLinearSystem: Serial linear System Solver: direct
DirectSolver: Using direct method: umfpack
ComputeNorm: Computing norm of solution
ComputeChange: NS (ITER=1) (NRM,RELC): ( 0.20028282E-01 0.16331547E-04 ) :: stat current
StatCurrentSolve:  Solve (s)             :   5.7250000000017565E-003
StatCurrentSolve:  Total Heating Power   :  0.45637272849603744
DefaultFinish: Finished solver: stat current
ComputeNorm: Computing norm of solution
ComputeChange: SS (ITER=10) (NRM,RELC): ( 0.20028282E-01 0.16331547E-04 ) :: stat current
SingleSolver: Attempting to call solver: 2
SingleSolver: Solver Equation string is: heat equation
HeatSolver: -------------------------------------------
HeatSolver: Solving the energy equation for temperature
DefaultStart: Starting solver: heat equation
HeatSolve: 
HeatSolve: 
HeatSolve: -------------------------------------
HeatSolve:  TEMPERATURE ITERATION           1
HeatSolve: -------------------------------------
HeatSolve: 
HeatSolve: Starting Assembly...
HeatSolve: Assembly:
: .Saving bulk values for: heat equation
HeatSolve: Assembly done
DefUtils::DefaultDirichletBCs: Setting Dirichlet boundary conditions
EnforceDirichletConditions: No Dirichlet conditions to enforce, exiting!
DefaultSolve: Solving linear system with default routines
SolveSystem: Solving linear system
SolveLinearSystem: Assuming real valued linear system
SolveLinearSystem: Assuming serial linear system
ScaleLinearSystem: Creating > DiagScaling < vector of size 23458
SolveLinearSystem: Serial linear System Solver: direct
DirectSolver: Using direct method: umfpack
SolveLinearSystem: Calculating nodal loads for: temperature
CalculateLoads: Computing boundary fluxes from nodal loads
WARNING:: CalculateLoads: Boundary 1 includes inseparable dofs!
CalculateLoads: temperature Flux over BC 1: -1.61543E-01
WARNING:: CalculateLoads: Boundary 2 includes inseparable dofs!
CalculateLoads: temperature Flux over BC 2: -1.01114E-01
WARNING:: CalculateLoads: Boundary 3 includes inseparable dofs!
CalculateLoads: temperature Flux over BC 3: -1.93716E-01
CalculateLoads: temperature Flux over all BCs: -4.56373E-01
ComputeNorm: Computing norm of solution
ComputeChange: NS (ITER=1) (NRM,RELC): (  522.23823     0.43354633E-05 ) :: heat equation
HeatSolve: iter:    1 Assembly: (s)    1.34    1.34
HeatSolve: iter:    1 Solve:    (s)    1.00    1.00
HeatSolve:  Result Norm   :    522.23822770662116
HeatSolve:  Relative Change :    4.3354633110782580E-006
DefaultFinish: Finished solver: heat equation
ComputeNorm: Computing norm of solution
ComputeChange: SS (ITER=10) (NRM,RELC): (  522.23823     0.43354633E-05 ) :: heat equation
SingleSolver: Attempting to call solver: 0
SingleSolver: Solver Equation string is: internalvtuoutputsolver
ResultOutputSolver: -------------------------------------
ResultOutputSolver: Dimension of mesh is: 3
ResultOutputSolver: Working on mesh 1: neck with 23458 nodes
ResultOutputSolver: Saving in unstructured VTK XML (.vtu) format
VtuOutputSolver: Full filename base is: neck/neck
GenerateSaveMask: Number of active elements 135096 out of 135096
GenerateSaveMask: Number of geometry nodes 23458 out of 23458
VtuOutputSolver: Setting offset for boundary entities: 100
VtuOutputSolver: Writing the vtu file: neck/neck_t0010.vtu
AscBinWriteInit: Initializing buffered ascii/binary writing
AscBinWriteInit: Writing in binary
AscBinWriteInit: Writing in double precision
AscBinWriteInit: Writing to unit number: 58
AscBinWriteInit: Size of buffer is: 23458
WriteVtuFile: Writing nodal fields
WriteVtuFile: Saving 1-component variable: potential
WriteVtuFile: Saving 1-component variable: joule heating
WriteVtuFile: Saving 1-component variable: temperature
WriteVtuFile: Saving 1-component variable: temperature loads
WriteVtuFile: Saving 3-component variable: volume current
WriteVtuFile: Number of nodal fields written: 5
WriteVtuFile: Writing elemental fields
WriteVtuFile: Number of elemental fields written: 0
WriteVtuFile: Writing entity IDs for bodies and boundaries
WriteVtuFile: Writing coordinates for each used node
WriteVtuFile: Writing the elemental connectivity data
WriteVtuFile: Writing nodal fields
WriteVtuFile: Saving 1-component variable: potential
WriteVtuFile: Saving 1-component variable: joule heating
WriteVtuFile: Saving 1-component variable: temperature
WriteVtuFile: Saving 1-component variable: temperature loads
WriteVtuFile: Saving 3-component variable: volume current
WriteVtuFile: Writing elemental fields
AscBinWriteFree: Terminating buffered ascii/binary writing
VtuOutputSolver: All done for now
ResultOutputSolver: -------------------------------------
MAIN: 
MAIN: -------------------------------------
MAIN:  Steady state iteration:           11
MAIN: -------------------------------------
MAIN: 
SingleSolver: Attempting to call solver: 1
SingleSolver: Solver Equation string is: stat current
StatCurrentSolve: -------------------------------------
StatCurrentSolve: STAT CURRENT SOLVER:
StatCurrentSolve: -------------------------------------
DefaultStart: Starting solver: stat current
StatElecSolve: Starting Assembly...
DefUtils::DefaultDirichletBCs: Setting Dirichlet boundary conditions
EnforceDirichletConditions: Enforcing total of 53 Dirichlet conditions.
EnforceDirichletConditions: Applying Dirichlet conditions using scaled diagonal
ScaleLinearSystem: Creating > DiagScaling < vector of size 3138
EnforceDirichletConditions: Dirichlet conditions enforced for dofs: 53
StatCurrentSolve:  Assembly (s)          :  0.22723399999999927
DefaultSolve: Solving linear system with default routines
SolveSystem: Solving linear system
SolveLinearSystem: Assuming real valued linear system
SolveLinearSystem: Assuming serial linear system
ScaleLinearSystem: Creating > DiagScaling < vector of size 3138
SolveLinearSystem: Serial linear System Solver: direct
DirectSolver: Using direct method: umfpack
ComputeNorm: Computing norm of solution
ComputeChange: NS (ITER=1) (NRM,RELC): ( 0.20028379E-01 0.48228369E-05 ) :: stat current
StatCurrentSolve:  Solve (s)             :   5.5589999999980932E-003
StatCurrentSolve:  Total Heating Power   :  0.45637491843757078
DefaultFinish: Finished solver: stat current
ComputeNorm: Computing norm of solution
ComputeChange: SS (ITER=11) (NRM,RELC): ( 0.20028379E-01 0.48228369E-05 ) :: stat current
SingleSolver: Attempting to call solver: 2
SingleSolver: Solver Equation string is: heat equation
HeatSolver: -------------------------------------------
HeatSolver: Solving the energy equation for temperature
DefaultStart: Starting solver: heat equation
HeatSolve: 
HeatSolve: 
HeatSolve: -------------------------------------
HeatSolve:  TEMPERATURE ITERATION           1
HeatSolve: -------------------------------------
HeatSolve: 
HeatSolve: Starting Assembly...
HeatSolve: Assembly:
: .Saving bulk values for: heat equation
HeatSolve: Assembly done
DefUtils::DefaultDirichletBCs: Setting Dirichlet boundary conditions
EnforceDirichletConditions: No Dirichlet conditions to enforce, exiting!
DefaultSolve: Solving linear system with default routines
SolveSystem: Solving linear system
SolveLinearSystem: Assuming real valued linear system
SolveLinearSystem: Assuming serial linear system
ScaleLinearSystem: Creating > DiagScaling < vector of size 23458
SolveLinearSystem: Serial linear System Solver: direct
DirectSolver: Using direct method: umfpack
SolveLinearSystem: Calculating nodal loads for: temperature
CalculateLoads: Computing boundary fluxes from nodal loads
WARNING:: CalculateLoads: Boundary 1 includes inseparable dofs!
CalculateLoads: temperature Flux over BC 1: -1.61544E-01
WARNING:: CalculateLoads: Boundary 2 includes inseparable dofs!
CalculateLoads: temperature Flux over BC 2: -1.01115E-01
WARNING:: CalculateLoads: Boundary 3 includes inseparable dofs!
CalculateLoads: temperature Flux over BC 3: -1.93717E-01
CalculateLoads: temperature Flux over all BCs: -4.56375E-01
ComputeNorm: Computing norm of solution
ComputeChange: NS (ITER=1) (NRM,RELC): (  522.23890     0.12803071E-05 ) :: heat equation
HeatSolve: iter:    1 Assembly: (s)    1.35    1.35
HeatSolve: iter:    1 Solve:    (s)    1.01    1.01
HeatSolve:  Result Norm   :    522.23889633235001
HeatSolve:  Relative Change :    1.2803070808554060E-006
DefaultFinish: Finished solver: heat equation
ComputeNorm: Computing norm of solution
ComputeChange: SS (ITER=11) (NRM,RELC): (  522.23890     0.12803071E-05 ) :: heat equation
SingleSolver: Attempting to call solver: 0
SingleSolver: Solver Equation string is: internalvtuoutputsolver
ResultOutputSolver: -------------------------------------
ResultOutputSolver: Dimension of mesh is: 3
ResultOutputSolver: Working on mesh 1: neck with 23458 nodes
ResultOutputSolver: Saving in unstructured VTK XML (.vtu) format
VtuOutputSolver: Full filename base is: neck/neck
GenerateSaveMask: Number of active elements 135096 out of 135096
GenerateSaveMask: Number of geometry nodes 23458 out of 23458
VtuOutputSolver: Setting offset for boundary entities: 100
VtuOutputSolver: Writing the vtu file: neck/neck_t0011.vtu
AscBinWriteInit: Initializing buffered ascii/binary writing
AscBinWriteInit: Writing in binary
AscBinWriteInit: Writing in double precision
AscBinWriteInit: Writing to unit number: 58
AscBinWriteInit: Size of buffer is: 23458
WriteVtuFile: Writing nodal fields
WriteVtuFile: Saving 1-component variable: potential
WriteVtuFile: Saving 1-component variable: joule heating
WriteVtuFile: Saving 1-component variable: temperature
WriteVtuFile: Saving 1-component variable: temperature loads
WriteVtuFile: Saving 3-component variable: volume current
WriteVtuFile: Number of nodal fields written: 5
WriteVtuFile: Writing elemental fields
WriteVtuFile: Number of elemental fields written: 0
WriteVtuFile: Writing entity IDs for bodies and boundaries
WriteVtuFile: Writing coordinates for each used node
WriteVtuFile: Writing the elemental connectivity data
WriteVtuFile: Writing nodal fields
WriteVtuFile: Saving 1-component variable: potential
WriteVtuFile: Saving 1-component variable: joule heating
WriteVtuFile: Saving 1-component variable: temperature
WriteVtuFile: Saving 1-component variable: temperature loads
WriteVtuFile: Saving 3-component variable: volume current
WriteVtuFile: Writing elemental fields
AscBinWriteFree: Terminating buffered ascii/binary writing
VtuOutputSolver: All done for now
ResultOutputSolver: -------------------------------------
MAIN: 
MAIN: -------------------------------------
MAIN:  Steady state iteration:           12
MAIN: -------------------------------------
MAIN: 
SingleSolver: Attempting to call solver: 1
SingleSolver: Solver Equation string is: stat current
StatCurrentSolve: -------------------------------------
StatCurrentSolve: STAT CURRENT SOLVER:
StatCurrentSolve: -------------------------------------
DefaultStart: Starting solver: stat current
StatElecSolve: Starting Assembly...
DefUtils::DefaultDirichletBCs: Setting Dirichlet boundary conditions
EnforceDirichletConditions: Enforcing total of 53 Dirichlet conditions.
EnforceDirichletConditions: Applying Dirichlet conditions using scaled diagonal
ScaleLinearSystem: Creating > DiagScaling < vector of size 3138
EnforceDirichletConditions: Dirichlet conditions enforced for dofs: 53
StatCurrentSolve:  Assembly (s)          :  0.22622099999999890
DefaultSolve: Solving linear system with default routines
SolveSystem: Solving linear system
SolveLinearSystem: Assuming real valued linear system
SolveLinearSystem: Assuming serial linear system
ScaleLinearSystem: Creating > DiagScaling < vector of size 3138
SolveLinearSystem: Serial linear System Solver: direct
DirectSolver: Using direct method: umfpack
ComputeNorm: Computing norm of solution
ComputeChange: NS (ITER=1) (NRM,RELC): ( 0.20028407E-01 0.14242330E-05 ) :: stat current
StatCurrentSolve:  Solve (s)             :   5.8290000000056352E-003
StatCurrentSolve:  Total Heating Power   :  0.45637556515165367
DefaultFinish: Finished solver: stat current
ComputeNorm: Computing norm of solution
ComputeChange: SS (ITER=12) (NRM,RELC): ( 0.20028407E-01 0.14242330E-05 ) :: stat current
SingleSolver: Attempting to call solver: 2
SingleSolver: Solver Equation string is: heat equation
HeatSolver: -------------------------------------------
HeatSolver: Solving the energy equation for temperature
DefaultStart: Starting solver: heat equation
HeatSolve: 
HeatSolve: 
HeatSolve: -------------------------------------
HeatSolve:  TEMPERATURE ITERATION           1
HeatSolve: -------------------------------------
HeatSolve: 
HeatSolve: Starting Assembly...
HeatSolve: Assembly:
: .Saving bulk values for: heat equation
HeatSolve: Assembly done
DefUtils::DefaultDirichletBCs: Setting Dirichlet boundary conditions
EnforceDirichletConditions: No Dirichlet conditions to enforce, exiting!
DefaultSolve: Solving linear system with default routines
SolveSystem: Solving linear system
SolveLinearSystem: Assuming real valued linear system
SolveLinearSystem: Assuming serial linear system
ScaleLinearSystem: Creating > DiagScaling < vector of size 23458
SolveLinearSystem: Serial linear System Solver: direct
DirectSolver: Using direct method: umfpack
SolveLinearSystem: Calculating nodal loads for: temperature
CalculateLoads: Computing boundary fluxes from nodal loads
WARNING:: CalculateLoads: Boundary 1 includes inseparable dofs!
CalculateLoads: temperature Flux over BC 1: -1.61544E-01
WARNING:: CalculateLoads: Boundary 2 includes inseparable dofs!
CalculateLoads: temperature Flux over BC 2: -1.01115E-01
WARNING:: CalculateLoads: Boundary 3 includes inseparable dofs!
CalculateLoads: temperature Flux over BC 3: -1.93717E-01
CalculateLoads: temperature Flux over all BCs: -4.56376E-01
ComputeNorm: Computing norm of solution
ComputeChange: NS (ITER=1) (NRM,RELC): (  522.23909     0.37808861E-06 ) :: heat equation
HeatSolve: iter:    1 Assembly: (s)    1.35    1.35
HeatSolve: iter:    1 Solve:    (s)    0.99    0.99
HeatSolve:  Result Norm   :    522.23909378496603
HeatSolve:  Relative Change :    3.7808861055833628E-007
DefaultFinish: Finished solver: heat equation
ComputeNorm: Computing norm of solution
ComputeChange: SS (ITER=12) (NRM,RELC): (  522.23909     0.37808861E-06 ) :: heat equation
SingleSolver: Attempting to call solver: 0
SingleSolver: Solver Equation string is: internalvtuoutputsolver
ResultOutputSolver: -------------------------------------
ResultOutputSolver: Dimension of mesh is: 3
ResultOutputSolver: Working on mesh 1: neck with 23458 nodes
ResultOutputSolver: Saving in unstructured VTK XML (.vtu) format
VtuOutputSolver: Full filename base is: neck/neck
GenerateSaveMask: Number of active elements 135096 out of 135096
GenerateSaveMask: Number of geometry nodes 23458 out of 23458
VtuOutputSolver: Setting offset for boundary entities: 100
VtuOutputSolver: Writing the vtu file: neck/neck_t0012.vtu
AscBinWriteInit: Initializing buffered ascii/binary writing
AscBinWriteInit: Writing in binary
AscBinWriteInit: Writing in double precision
AscBinWriteInit: Writing to unit number: 58
AscBinWriteInit: Size of buffer is: 23458
WriteVtuFile: Writing nodal fields
WriteVtuFile: Saving 1-component variable: potential
WriteVtuFile: Saving 1-component variable: joule heating
WriteVtuFile: Saving 1-component variable: temperature
WriteVtuFile: Saving 1-component variable: temperature loads
WriteVtuFile: Saving 3-component variable: volume current
WriteVtuFile: Number of nodal fields written: 5
WriteVtuFile: Writing elemental fields
WriteVtuFile: Number of elemental fields written: 0
WriteVtuFile: Writing entity IDs for bodies and boundaries
WriteVtuFile: Writing coordinates for each used node
WriteVtuFile: Writing the elemental connectivity data
WriteVtuFile: Writing nodal fields
WriteVtuFile: Saving 1-component variable: potential
WriteVtuFile: Saving 1-component variable: joule heating
WriteVtuFile: Saving 1-component variable: temperature
WriteVtuFile: Saving 1-component variable: temperature loads
WriteVtuFile: Saving 3-component variable: volume current
WriteVtuFile: Writing elemental fields
AscBinWriteFree: Terminating buffered ascii/binary writing
VtuOutputSolver: All done for now
ResultOutputSolver: -------------------------------------
MAIN: 
MAIN: -------------------------------------
MAIN:  Steady state iteration:           13
MAIN: -------------------------------------
MAIN: 
SingleSolver: Attempting to call solver: 1
SingleSolver: Solver Equation string is: stat current
StatCurrentSolve: -------------------------------------
StatCurrentSolve: STAT CURRENT SOLVER:
StatCurrentSolve: -------------------------------------
DefaultStart: Starting solver: stat current
StatElecSolve: Starting Assembly...
DefUtils::DefaultDirichletBCs: Setting Dirichlet boundary conditions
EnforceDirichletConditions: Enforcing total of 53 Dirichlet conditions.
EnforceDirichletConditions: Applying Dirichlet conditions using scaled diagonal
ScaleLinearSystem: Creating > DiagScaling < vector of size 3138
EnforceDirichletConditions: Dirichlet conditions enforced for dofs: 53
StatCurrentSolve:  Assembly (s)          :  0.22805099999999356
DefaultSolve: Solving linear system with default routines
SolveSystem: Solving linear system
SolveLinearSystem: Assuming real valued linear system
SolveLinearSystem: Assuming serial linear system
ScaleLinearSystem: Creating > DiagScaling < vector of size 3138
SolveLinearSystem: Serial linear System Solver: direct
DirectSolver: Using direct method: umfpack
ComputeNorm: Computing norm of solution
ComputeChange: NS (ITER=1) (NRM,RELC): ( 0.20028415E-01 0.42059163E-06 ) :: stat current
StatCurrentSolve:  Solve (s)             :   5.8489999999977726E-003
StatCurrentSolve:  Total Heating Power   :  0.45637575613361792
DefaultFinish: Finished solver: stat current
ComputeNorm: Computing norm of solution
ComputeChange: SS (ITER=13) (NRM,RELC): ( 0.20028415E-01 0.42059163E-06 ) :: stat current
SingleSolver: Attempting to call solver: 2
SingleSolver: Solver Equation string is: heat equation
HeatSolver: -------------------------------------------
HeatSolver: Solving the energy equation for temperature
DefaultStart: Starting solver: heat equation
HeatSolve: 
HeatSolve: 
HeatSolve: -------------------------------------
HeatSolve:  TEMPERATURE ITERATION           1
HeatSolve: -------------------------------------
HeatSolve: 
HeatSolve: Starting Assembly...
HeatSolve: Assembly:
: .Saving bulk values for: heat equation
HeatSolve: Assembly done
DefUtils::DefaultDirichletBCs: Setting Dirichlet boundary conditions
EnforceDirichletConditions: No Dirichlet conditions to enforce, exiting!
DefaultSolve: Solving linear system with default routines
SolveSystem: Solving linear system
SolveLinearSystem: Assuming real valued linear system
SolveLinearSystem: Assuming serial linear system
ScaleLinearSystem: Creating > DiagScaling < vector of size 23458
SolveLinearSystem: Serial linear System Solver: direct
DirectSolver: Using direct method: umfpack
SolveLinearSystem: Calculating nodal loads for: temperature
CalculateLoads: Computing boundary fluxes from nodal loads
WARNING:: CalculateLoads: Boundary 1 includes inseparable dofs!
CalculateLoads: temperature Flux over BC 1: -1.61544E-01
WARNING:: CalculateLoads: Boundary 2 includes inseparable dofs!
CalculateLoads: temperature Flux over BC 2: -1.01115E-01
WARNING:: CalculateLoads: Boundary 3 includes inseparable dofs!
CalculateLoads: temperature Flux over BC 3: -1.93717E-01
CalculateLoads: temperature Flux over all BCs: -4.56376E-01
ComputeNorm: Computing norm of solution
ComputeChange: NS (ITER=1) (NRM,RELC): (  522.23915     0.11165380E-06 ) :: heat equation
HeatSolve: iter:    1 Assembly: (s)    1.33    1.33
HeatSolve: iter:    1 Solve:    (s)    0.99    0.99
HeatSolve:  Result Norm   :    522.23915209494874
HeatSolve:  Relative Change :    1.1165380023070323E-007
DefaultFinish: Finished solver: heat equation
ComputeNorm: Computing norm of solution
ComputeChange: SS (ITER=13) (NRM,RELC): (  522.23915     0.11165380E-06 ) :: heat equation
SingleSolver: Attempting to call solver: 0
SingleSolver: Solver Equation string is: internalvtuoutputsolver
ResultOutputSolver: -------------------------------------
ResultOutputSolver: Dimension of mesh is: 3
ResultOutputSolver: Working on mesh 1: neck with 23458 nodes
ResultOutputSolver: Saving in unstructured VTK XML (.vtu) format
VtuOutputSolver: Full filename base is: neck/neck
GenerateSaveMask: Number of active elements 135096 out of 135096
GenerateSaveMask: Number of geometry nodes 23458 out of 23458
VtuOutputSolver: Setting offset for boundary entities: 100
VtuOutputSolver: Writing the vtu file: neck/neck_t0013.vtu
AscBinWriteInit: Initializing buffered ascii/binary writing
AscBinWriteInit: Writing in binary
AscBinWriteInit: Writing in double precision
AscBinWriteInit: Writing to unit number: 58
AscBinWriteInit: Size of buffer is: 23458
WriteVtuFile: Writing nodal fields
WriteVtuFile: Saving 1-component variable: potential
WriteVtuFile: Saving 1-component variable: joule heating
WriteVtuFile: Saving 1-component variable: temperature
WriteVtuFile: Saving 1-component variable: temperature loads
WriteVtuFile: Saving 3-component variable: volume current
WriteVtuFile: Number of nodal fields written: 5
WriteVtuFile: Writing elemental fields
WriteVtuFile: Number of elemental fields written: 0
WriteVtuFile: Writing entity IDs for bodies and boundaries
WriteVtuFile: Writing coordinates for each used node
WriteVtuFile: Writing the elemental connectivity data
WriteVtuFile: Writing nodal fields
WriteVtuFile: Saving 1-component variable: potential
WriteVtuFile: Saving 1-component variable: joule heating
WriteVtuFile: Saving 1-component variable: temperature
WriteVtuFile: Saving 1-component variable: temperature loads
WriteVtuFile: Saving 3-component variable: volume current
WriteVtuFile: Writing elemental fields
AscBinWriteFree: Terminating buffered ascii/binary writing
VtuOutputSolver: All done for now
ResultOutputSolver: -------------------------------------
MAIN: 
MAIN: -------------------------------------
MAIN:  Steady state iteration:           14
MAIN: -------------------------------------
MAIN: 
SingleSolver: Attempting to call solver: 1
SingleSolver: Solver Equation string is: stat current
StatCurrentSolve: -------------------------------------
StatCurrentSolve: STAT CURRENT SOLVER:
StatCurrentSolve: -------------------------------------
DefaultStart: Starting solver: stat current
StatElecSolve: Starting Assembly...
DefUtils::DefaultDirichletBCs: Setting Dirichlet boundary conditions
EnforceDirichletConditions: Enforcing total of 53 Dirichlet conditions.
EnforceDirichletConditions: Applying Dirichlet conditions using scaled diagonal
ScaleLinearSystem: Creating > DiagScaling < vector of size 3138
EnforceDirichletConditions: Dirichlet conditions enforced for dofs: 53
StatCurrentSolve:  Assembly (s)          :  0.22912000000000177
DefaultSolve: Solving linear system with default routines
SolveSystem: Solving linear system
SolveLinearSystem: Assuming real valued linear system
SolveLinearSystem: Assuming serial linear system
ScaleLinearSystem: Creating > DiagScaling < vector of size 3138
SolveLinearSystem: Serial linear System Solver: direct
DirectSolver: Using direct method: umfpack
ComputeNorm: Computing norm of solution
ComputeChange: NS (ITER=1) (NRM,RELC): ( 0.20028418E-01 0.12420520E-06 ) :: stat current
StatCurrentSolve:  Solve (s)             :   5.7460000000020273E-003
StatCurrentSolve:  Total Heating Power   :  0.45637581253258347
DefaultFinish: Finished solver: stat current
ComputeNorm: Computing norm of solution
ComputeChange: SS (ITER=14) (NRM,RELC): ( 0.20028418E-01 0.12420520E-06 ) :: stat current
SingleSolver: Attempting to call solver: 2
SingleSolver: Solver Equation string is: heat equation
HeatSolver: -------------------------------------------
HeatSolver: Solving the energy equation for temperature
DefaultStart: Starting solver: heat equation
HeatSolve: 
HeatSolve: 
HeatSolve: -------------------------------------
HeatSolve:  TEMPERATURE ITERATION           1
HeatSolve: -------------------------------------
HeatSolve: 
HeatSolve: Starting Assembly...
HeatSolve: Assembly:
: .Saving bulk values for: heat equation
HeatSolve: Assembly done
DefUtils::DefaultDirichletBCs: Setting Dirichlet boundary conditions
EnforceDirichletConditions: No Dirichlet conditions to enforce, exiting!
DefaultSolve: Solving linear system with default routines
SolveSystem: Solving linear system
SolveLinearSystem: Assuming real valued linear system
SolveLinearSystem: Assuming serial linear system
ScaleLinearSystem: Creating > DiagScaling < vector of size 23458
SolveLinearSystem: Serial linear System Solver: direct
DirectSolver: Using direct method: umfpack
SolveLinearSystem: Calculating nodal loads for: temperature
CalculateLoads: Computing boundary fluxes from nodal loads
WARNING:: CalculateLoads: Boundary 1 includes inseparable dofs!
CalculateLoads: temperature Flux over BC 1: -1.61544E-01
WARNING:: CalculateLoads: Boundary 2 includes inseparable dofs!
CalculateLoads: temperature Flux over BC 2: -1.01115E-01
WARNING:: CalculateLoads: Boundary 3 includes inseparable dofs!
CalculateLoads: temperature Flux over BC 3: -1.93717E-01
CalculateLoads: temperature Flux over all BCs: -4.56376E-01
ComputeNorm: Computing norm of solution
ComputeChange: NS (ITER=1) (NRM,RELC): (  522.23917     0.32972528E-07 ) :: heat equation
HeatSolve: iter:    1 Assembly: (s)    1.33    1.33
HeatSolve: iter:    1 Solve:    (s)    1.00    1.00
HeatSolve:  Result Norm   :    522.23916931449412
HeatSolve:  Relative Change :    3.2972528067435769E-008
DefaultFinish: Finished solver: heat equation
ComputeNorm: Computing norm of solution
ComputeChange: SS (ITER=14) (NRM,RELC): (  522.23917     0.32972528E-07 ) :: heat equation
SingleSolver: Attempting to call solver: 0
SingleSolver: Solver Equation string is: internalvtuoutputsolver
ResultOutputSolver: -------------------------------------
ResultOutputSolver: Dimension of mesh is: 3
ResultOutputSolver: Working on mesh 1: neck with 23458 nodes
ResultOutputSolver: Saving in unstructured VTK XML (.vtu) format
VtuOutputSolver: Full filename base is: neck/neck
GenerateSaveMask: Number of active elements 135096 out of 135096
GenerateSaveMask: Number of geometry nodes 23458 out of 23458
VtuOutputSolver: Setting offset for boundary entities: 100
VtuOutputSolver: Writing the vtu file: neck/neck_t0014.vtu
AscBinWriteInit: Initializing buffered ascii/binary writing
AscBinWriteInit: Writing in binary
AscBinWriteInit: Writing in double precision
AscBinWriteInit: Writing to unit number: 58
AscBinWriteInit: Size of buffer is: 23458
WriteVtuFile: Writing nodal fields
WriteVtuFile: Saving 1-component variable: potential
WriteVtuFile: Saving 1-component variable: joule heating
WriteVtuFile: Saving 1-component variable: temperature
WriteVtuFile: Saving 1-component variable: temperature loads
WriteVtuFile: Saving 3-component variable: volume current
WriteVtuFile: Number of nodal fields written: 5
WriteVtuFile: Writing elemental fields
WriteVtuFile: Number of elemental fields written: 0
WriteVtuFile: Writing entity IDs for bodies and boundaries
WriteVtuFile: Writing coordinates for each used node
WriteVtuFile: Writing the elemental connectivity data
WriteVtuFile: Writing nodal fields
WriteVtuFile: Saving 1-component variable: potential
WriteVtuFile: Saving 1-component variable: joule heating
WriteVtuFile: Saving 1-component variable: temperature
WriteVtuFile: Saving 1-component variable: temperature loads
WriteVtuFile: Saving 3-component variable: volume current
WriteVtuFile: Writing elemental fields
AscBinWriteFree: Terminating buffered ascii/binary writing
VtuOutputSolver: All done for now
ResultOutputSolver: -------------------------------------
MAIN: 
MAIN: -------------------------------------
MAIN:  Steady state iteration:           15
MAIN: -------------------------------------
MAIN: 
SingleSolver: Attempting to call solver: 1
SingleSolver: Solver Equation string is: stat current
StatCurrentSolve: -------------------------------------
StatCurrentSolve: STAT CURRENT SOLVER:
StatCurrentSolve: -------------------------------------
DefaultStart: Starting solver: stat current
StatElecSolve: Starting Assembly...
DefUtils::DefaultDirichletBCs: Setting Dirichlet boundary conditions
EnforceDirichletConditions: Enforcing total of 53 Dirichlet conditions.
EnforceDirichletConditions: Applying Dirichlet conditions using scaled diagonal
ScaleLinearSystem: Creating > DiagScaling < vector of size 3138
EnforceDirichletConditions: Dirichlet conditions enforced for dofs: 53
StatCurrentSolve:  Assembly (s)          :  0.22844400000000320
DefaultSolve: Solving linear system with default routines
SolveSystem: Solving linear system
SolveLinearSystem: Assuming real valued linear system
SolveLinearSystem: Assuming serial linear system
ScaleLinearSystem: Creating > DiagScaling < vector of size 3138
SolveLinearSystem: Serial linear System Solver: direct
DirectSolver: Using direct method: umfpack
ComputeNorm: Computing norm of solution
ComputeChange: NS (ITER=1) (NRM,RELC): ( 0.20028419E-01 0.36679432E-07 ) :: stat current
StatCurrentSolve:  Solve (s)             :   5.9289999999947440E-003
StatCurrentSolve:  Total Heating Power   :  0.45637582918808206
DefaultFinish: Finished solver: stat current
ComputeNorm: Computing norm of solution
ComputeChange: SS (ITER=15) (NRM,RELC): ( 0.20028419E-01 0.36679432E-07 ) :: stat current
SingleSolver: Attempting to call solver: 2
SingleSolver: Solver Equation string is: heat equation
HeatSolver: -------------------------------------------
HeatSolver: Solving the energy equation for temperature
DefaultStart: Starting solver: heat equation
HeatSolve: 
HeatSolve: 
HeatSolve: -------------------------------------
HeatSolve:  TEMPERATURE ITERATION           1
HeatSolve: -------------------------------------
HeatSolve: 
HeatSolve: Starting Assembly...
HeatSolve: Assembly:
: .Saving bulk values for: heat equation
HeatSolve: Assembly done
DefUtils::DefaultDirichletBCs: Setting Dirichlet boundary conditions
EnforceDirichletConditions: No Dirichlet conditions to enforce, exiting!
DefaultSolve: Solving linear system with default routines
SolveSystem: Solving linear system
SolveLinearSystem: Assuming real valued linear system
SolveLinearSystem: Assuming serial linear system
ScaleLinearSystem: Creating > DiagScaling < vector of size 23458
SolveLinearSystem: Serial linear System Solver: direct
DirectSolver: Using direct method: umfpack
SolveLinearSystem: Calculating nodal loads for: temperature
CalculateLoads: Computing boundary fluxes from nodal loads
WARNING:: CalculateLoads: Boundary 1 includes inseparable dofs!
CalculateLoads: temperature Flux over BC 1: -1.61544E-01
WARNING:: CalculateLoads: Boundary 2 includes inseparable dofs!
CalculateLoads: temperature Flux over BC 2: -1.01115E-01
WARNING:: CalculateLoads: Boundary 3 includes inseparable dofs!
CalculateLoads: temperature Flux over BC 3: -1.93717E-01
CalculateLoads: temperature Flux over all BCs: -4.56376E-01
ComputeNorm: Computing norm of solution
ComputeChange: NS (ITER=1) (NRM,RELC): (  522.23917     0.97373055E-08 ) :: heat equation
HeatSolve: iter:    1 Assembly: (s)    1.34    1.34
HeatSolve: iter:    1 Solve:    (s)    1.01    1.01
HeatSolve:  Result Norm   :    522.23917439969648
HeatSolve:  Relative Change :    9.7373055001789683E-009
DefaultFinish: Finished solver: heat equation
ComputeNorm: Computing norm of solution
ComputeChange: SS (ITER=15) (NRM,RELC): (  522.23917     0.97373055E-08 ) :: heat equation
SingleSolver: Attempting to call solver: 0
SingleSolver: Solver Equation string is: internalvtuoutputsolver
ResultOutputSolver: -------------------------------------
ResultOutputSolver: Dimension of mesh is: 3
ResultOutputSolver: Working on mesh 1: neck with 23458 nodes
ResultOutputSolver: Saving in unstructured VTK XML (.vtu) format
VtuOutputSolver: Full filename base is: neck/neck
GenerateSaveMask: Number of active elements 135096 out of 135096
GenerateSaveMask: Number of geometry nodes 23458 out of 23458
VtuOutputSolver: Setting offset for boundary entities: 100
VtuOutputSolver: Writing the vtu file: neck/neck_t0015.vtu
AscBinWriteInit: Initializing buffered ascii/binary writing
AscBinWriteInit: Writing in binary
AscBinWriteInit: Writing in double precision
AscBinWriteInit: Writing to unit number: 58
AscBinWriteInit: Size of buffer is: 23458
WriteVtuFile: Writing nodal fields
WriteVtuFile: Saving 1-component variable: potential
WriteVtuFile: Saving 1-component variable: joule heating
WriteVtuFile: Saving 1-component variable: temperature
WriteVtuFile: Saving 1-component variable: temperature loads
WriteVtuFile: Saving 3-component variable: volume current
WriteVtuFile: Number of nodal fields written: 5
WriteVtuFile: Writing elemental fields
WriteVtuFile: Number of elemental fields written: 0
WriteVtuFile: Writing entity IDs for bodies and boundaries
WriteVtuFile: Writing coordinates for each used node
WriteVtuFile: Writing the elemental connectivity data
WriteVtuFile: Writing nodal fields
WriteVtuFile: Saving 1-component variable: potential
WriteVtuFile: Saving 1-component variable: joule heating
WriteVtuFile: Saving 1-component variable: temperature
WriteVtuFile: Saving 1-component variable: temperature loads
WriteVtuFile: Saving 3-component variable: volume current
WriteVtuFile: Writing elemental fields
AscBinWriteFree: Terminating buffered ascii/binary writing
VtuOutputSolver: All done for now
ResultOutputSolver: -------------------------------------
MAIN: 
MAIN: -------------------------------------
MAIN:  Steady state iteration:           16
MAIN: -------------------------------------
MAIN: 
SingleSolver: Attempting to call solver: 1
SingleSolver: Solver Equation string is: stat current
StatCurrentSolve: -------------------------------------
StatCurrentSolve: STAT CURRENT SOLVER:
StatCurrentSolve: -------------------------------------
DefaultStart: Starting solver: stat current
StatElecSolve: Starting Assembly...
DefUtils::DefaultDirichletBCs: Setting Dirichlet boundary conditions
EnforceDirichletConditions: Enforcing total of 53 Dirichlet conditions.
EnforceDirichletConditions: Applying Dirichlet conditions using scaled diagonal
ScaleLinearSystem: Creating > DiagScaling < vector of size 3138
EnforceDirichletConditions: Dirichlet conditions enforced for dofs: 53
StatCurrentSolve:  Assembly (s)          :  0.22945599999999899
DefaultSolve: Solving linear system with default routines
SolveSystem: Solving linear system
SolveLinearSystem: Assuming real valued linear system
SolveLinearSystem: Assuming serial linear system
ScaleLinearSystem: Creating > DiagScaling < vector of size 3138
SolveLinearSystem: Serial linear System Solver: direct
DirectSolver: Using direct method: umfpack
ComputeNorm: Computing norm of solution
ComputeChange: NS (ITER=1) (NRM,RELC): ( 0.20028419E-01 0.10831458E-07 ) :: stat current
StatCurrentSolve:  Solve (s)             :   5.5600000000026739E-003
StatCurrentSolve:  Total Heating Power   :  0.45637583410625554
DefaultFinish: Finished solver: stat current
ComputeNorm: Computing norm of solution
ComputeChange: SS (ITER=16) (NRM,RELC): ( 0.20028419E-01 0.10831458E-07 ) :: stat current
SingleSolver: Attempting to call solver: 2
SingleSolver: Solver Equation string is: heat equation
HeatSolver: -------------------------------------------
HeatSolver: Solving the energy equation for temperature
DefaultStart: Starting solver: heat equation
HeatSolve: 
HeatSolve: 
HeatSolve: -------------------------------------
HeatSolve:  TEMPERATURE ITERATION           1
HeatSolve: -------------------------------------
HeatSolve: 
HeatSolve: Starting Assembly...
HeatSolve: Assembly:
: .Saving bulk values for: heat equation
HeatSolve: Assembly done
DefUtils::DefaultDirichletBCs: Setting Dirichlet boundary conditions
EnforceDirichletConditions: No Dirichlet conditions to enforce, exiting!
DefaultSolve: Solving linear system with default routines
SolveSystem: Solving linear system
SolveLinearSystem: Assuming real valued linear system
SolveLinearSystem: Assuming serial linear system
ScaleLinearSystem: Creating > DiagScaling < vector of size 23458
SolveLinearSystem: Serial linear System Solver: direct
DirectSolver: Using direct method: umfpack
SolveLinearSystem: Calculating nodal loads for: temperature
CalculateLoads: Computing boundary fluxes from nodal loads
WARNING:: CalculateLoads: Boundary 1 includes inseparable dofs!
CalculateLoads: temperature Flux over BC 1: -1.61544E-01
WARNING:: CalculateLoads: Boundary 2 includes inseparable dofs!
CalculateLoads: temperature Flux over BC 2: -1.01115E-01
WARNING:: CalculateLoads: Boundary 3 includes inseparable dofs!
CalculateLoads: temperature Flux over BC 3: -1.93717E-01
CalculateLoads: temperature Flux over all BCs: -4.56376E-01
ComputeNorm: Computing norm of solution
ComputeChange: NS (ITER=1) (NRM,RELC): (  522.23918     0.28753093E-08 ) :: heat equation
HeatSolve: iter:    1 Assembly: (s)    1.35    1.35
HeatSolve: iter:    1 Solve:    (s)    0.99    0.99
HeatSolve:  Result Norm   :    522.23917590129565
HeatSolve:  Relative Change :    2.8753093286863294E-009
DefaultFinish: Finished solver: heat equation
ComputeNorm: Computing norm of solution
ComputeChange: SS (ITER=16) (NRM,RELC): (  522.23918     0.28753093E-08 ) :: heat equation
SingleSolver: Attempting to call solver: 0
SingleSolver: Solver Equation string is: internalvtuoutputsolver
ResultOutputSolver: -------------------------------------
ResultOutputSolver: Dimension of mesh is: 3
ResultOutputSolver: Working on mesh 1: neck with 23458 nodes
ResultOutputSolver: Saving in unstructured VTK XML (.vtu) format
VtuOutputSolver: Full filename base is: neck/neck
GenerateSaveMask: Number of active elements 135096 out of 135096
GenerateSaveMask: Number of geometry nodes 23458 out of 23458
VtuOutputSolver: Setting offset for boundary entities: 100
VtuOutputSolver: Writing the vtu file: neck/neck_t0016.vtu
AscBinWriteInit: Initializing buffered ascii/binary writing
AscBinWriteInit: Writing in binary
AscBinWriteInit: Writing in double precision
AscBinWriteInit: Writing to unit number: 58
AscBinWriteInit: Size of buffer is: 23458
WriteVtuFile: Writing nodal fields
WriteVtuFile: Saving 1-component variable: potential
WriteVtuFile: Saving 1-component variable: joule heating
WriteVtuFile: Saving 1-component variable: temperature
WriteVtuFile: Saving 1-component variable: temperature loads
WriteVtuFile: Saving 3-component variable: volume current
WriteVtuFile: Number of nodal fields written: 5
WriteVtuFile: Writing elemental fields
WriteVtuFile: Number of elemental fields written: 0
WriteVtuFile: Writing entity IDs for bodies and boundaries
WriteVtuFile: Writing coordinates for each used node
WriteVtuFile: Writing the elemental connectivity data
WriteVtuFile: Writing nodal fields
WriteVtuFile: Saving 1-component variable: potential
WriteVtuFile: Saving 1-component variable: joule heating
WriteVtuFile: Saving 1-component variable: temperature
WriteVtuFile: Saving 1-component variable: temperature loads
WriteVtuFile: Saving 3-component variable: volume current
WriteVtuFile: Writing elemental fields
AscBinWriteFree: Terminating buffered ascii/binary writing
VtuOutputSolver: All done for now
ResultOutputSolver: -------------------------------------
MAIN: 
MAIN: -------------------------------------
MAIN:  Steady state iteration:           17
MAIN: -------------------------------------
MAIN: 
SingleSolver: Attempting to call solver: 1
SingleSolver: Solver Equation string is: stat current
StatCurrentSolve: -------------------------------------
StatCurrentSolve: STAT CURRENT SOLVER:
StatCurrentSolve: -------------------------------------
DefaultStart: Starting solver: stat current
StatElecSolve: Starting Assembly...
DefUtils::DefaultDirichletBCs: Setting Dirichlet boundary conditions
EnforceDirichletConditions: Enforcing total of 53 Dirichlet conditions.
EnforceDirichletConditions: Applying Dirichlet conditions using scaled diagonal
ScaleLinearSystem: Creating > DiagScaling < vector of size 3138
EnforceDirichletConditions: Dirichlet conditions enforced for dofs: 53
StatCurrentSolve:  Assembly (s)          :  0.22282599999999775
DefaultSolve: Solving linear system with default routines
SolveSystem: Solving linear system
SolveLinearSystem: Assuming real valued linear system
SolveLinearSystem: Assuming serial linear system
ScaleLinearSystem: Creating > DiagScaling < vector of size 3138
SolveLinearSystem: Serial linear System Solver: direct
DirectSolver: Using direct method: umfpack
ComputeNorm: Computing norm of solution
ComputeChange: NS (ITER=1) (NRM,RELC): ( 0.20028419E-01 0.31989376E-08 ) :: stat current
StatCurrentSolve:  Solve (s)             :   5.6729999999944880E-003
StatCurrentSolve:  Total Heating Power   :  0.45637583555897177
DefaultFinish: Finished solver: stat current
ComputeNorm: Computing norm of solution
ComputeChange: SS (ITER=17) (NRM,RELC): ( 0.20028419E-01 0.31989376E-08 ) :: stat current
SingleSolver: Attempting to call solver: 2
SingleSolver: Solver Equation string is: heat equation
HeatSolver: -------------------------------------------
HeatSolver: Solving the energy equation for temperature
DefaultStart: Starting solver: heat equation
HeatSolve: 
HeatSolve: 
HeatSolve: -------------------------------------
HeatSolve:  TEMPERATURE ITERATION           1
HeatSolve: -------------------------------------
HeatSolve: 
HeatSolve: Starting Assembly...
HeatSolve: Assembly:
: .Saving bulk values for: heat equation
HeatSolve: Assembly done
DefUtils::DefaultDirichletBCs: Setting Dirichlet boundary conditions
EnforceDirichletConditions: No Dirichlet conditions to enforce, exiting!
DefaultSolve: Solving linear system with default routines
SolveSystem: Solving linear system
SolveLinearSystem: Assuming real valued linear system
SolveLinearSystem: Assuming serial linear system
ScaleLinearSystem: Creating > DiagScaling < vector of size 23458
SolveLinearSystem: Serial linear System Solver: direct
DirectSolver: Using direct method: umfpack
SolveLinearSystem: Calculating nodal loads for: temperature
CalculateLoads: Computing boundary fluxes from nodal loads
WARNING:: CalculateLoads: Boundary 1 includes inseparable dofs!
CalculateLoads: temperature Flux over BC 1: -1.61544E-01
WARNING:: CalculateLoads: Boundary 2 includes inseparable dofs!
CalculateLoads: temperature Flux over BC 2: -1.01115E-01
WARNING:: CalculateLoads: Boundary 3 includes inseparable dofs!
CalculateLoads: temperature Flux over BC 3: -1.93717E-01
CalculateLoads: temperature Flux over all BCs: -4.56376E-01
ComputeNorm: Computing norm of solution
ComputeChange: NS (ITER=1) (NRM,RELC): (  522.23918     0.84930106E-09 ) :: heat equation
HeatSolve: iter:    1 Assembly: (s)    1.30    1.30
HeatSolve: iter:    1 Solve:    (s)    0.97    0.97
HeatSolve:  Result Norm   :    522.23917634483394
HeatSolve:  Relative Change :    8.4930105536537653E-010
DefaultFinish: Finished solver: heat equation
ComputeNorm: Computing norm of solution
ComputeChange: SS (ITER=17) (NRM,RELC): (  522.23918     0.84930106E-09 ) :: heat equation
SingleSolver: Attempting to call solver: 0
SingleSolver: Solver Equation string is: internalvtuoutputsolver
ResultOutputSolver: -------------------------------------
ResultOutputSolver: Dimension of mesh is: 3
ResultOutputSolver: Working on mesh 1: neck with 23458 nodes
ResultOutputSolver: Saving in unstructured VTK XML (.vtu) format
VtuOutputSolver: Full filename base is: neck/neck
GenerateSaveMask: Number of active elements 135096 out of 135096
GenerateSaveMask: Number of geometry nodes 23458 out of 23458
VtuOutputSolver: Setting offset for boundary entities: 100
VtuOutputSolver: Writing the vtu file: neck/neck_t0017.vtu
AscBinWriteInit: Initializing buffered ascii/binary writing
AscBinWriteInit: Writing in binary
AscBinWriteInit: Writing in double precision
AscBinWriteInit: Writing to unit number: 58
AscBinWriteInit: Size of buffer is: 23458
WriteVtuFile: Writing nodal fields
WriteVtuFile: Saving 1-component variable: potential
WriteVtuFile: Saving 1-component variable: joule heating
WriteVtuFile: Saving 1-component variable: temperature
WriteVtuFile: Saving 1-component variable: temperature loads
WriteVtuFile: Saving 3-component variable: volume current
WriteVtuFile: Number of nodal fields written: 5
WriteVtuFile: Writing elemental fields
WriteVtuFile: Number of elemental fields written: 0
WriteVtuFile: Writing entity IDs for bodies and boundaries
WriteVtuFile: Writing coordinates for each used node
WriteVtuFile: Writing the elemental connectivity data
WriteVtuFile: Writing nodal fields
WriteVtuFile: Saving 1-component variable: potential
WriteVtuFile: Saving 1-component variable: joule heating
WriteVtuFile: Saving 1-component variable: temperature
WriteVtuFile: Saving 1-component variable: temperature loads
WriteVtuFile: Saving 3-component variable: volume current
WriteVtuFile: Writing elemental fields
AscBinWriteFree: Terminating buffered ascii/binary writing
VtuOutputSolver: All done for now
ResultOutputSolver: -------------------------------------
SingleSolver: Attempting to call solver: 3
SingleSolver: Solver Equation string is: savescalars
SaveScalars: -----------------------------------------
SaveScalars: Saving scalar values of various kinds
SaveScalars: Performed 5 reduction operations
SaveScalars: Found 4 result scalars in simulation section
SaveScalars: Found 15 values to save in total
SaveScalars: Saving names of values to file: ./scalars.dat.names
SaveScalars: Saving values to file: ./scalars.dat
SaveScalars: -----------------------------------------
ReloadInputFile: Reloading input file
LoadInputFile: Loading input file:
MAIN: Reporting unused list entries for sif improvement!
MAIN: If you do not want these lines undefine > DEVEL_LISTUSAGE < !
   Unused keywords:
MAIN: *** Elmer Solver: ALL DONE ***
Loading user function library: [StatCurrentSolve]...[StatCurrentSolver_Finalize]
Loading user function library: [StatCurrentSolve]...[StatCurrentSolver_Finalize]
Loading user function library: [HeatSolve]...[HeatSolver_Finalize]
Loading user function library: [HeatSolve]...[HeatSolver_Finalize]
Loading user function library: [SaveData]...[SaveScalars_Finalize]
Loading user function library: [SaveData]...[SaveScalars_Finalize]
Loading user function library: [ResultOutputSolve]...[ResultOutputSolver_Finalize]
Loading user function library: [ResultOutputSolve]...[ResultOutputSolver_Finalize]
MAIN: The end
SOLVER TOTAL TIME(CPU,REAL):        48.70       52.31
ELMER SOLVER FINISHED AT: 2026/09/14 09:59:32

--- stderr ---
