{
  "timestamp": "2025-12-17T16:35:05.267449",
  "epochs": 50,
  "seed": 42,
  "profiles": [
    {
      "n_components": 50,
      "peak_rss_mb": 310.171875,
      "jax_device_mb": 0.0,
      "memory_growth_mb_per_100_epochs": 291.375,
      "gc_collections": 26600,
      "runtime_seconds": 0.9734752178192139
    }
  ]
}