$MeshFormat
2.2 0 8
$EndMeshFormat
$Nodes
1982
1 -0.0015 0.0016 0.00144
2 -0.0015 0.0016 0.001503
3 -0.0015 -0.0016 0.00144
4 -0.0015 -0.0016 0.001503
5 -0.00125 0.0016 0.00144
6 -0.00125 0.0016 0.001503
7 0.0015 -0.0016 0.00144
8 0.0015 -0.0016 0.001503
9 -0.00125 0.008500000000000001 0.00144
10 0.0015 0.0016 0.00144
11 0.00125 0.008500000000000001 0.00144
12 0.00125 0.0016 0.00144
13 0.0008 -1.959434878635765e-19 0.00144
14 -0.00125 0.008500000000000001 0.001503
15 0.0015 0.0016 0.001503
16 0.00125 0.008500000000000001 0.001503
17 0.00125 0.0016 0.001503
18 0.0008 -1.959434878635765e-19 0.001503
19 -0.0025 -0.002 0.00144
20 -0.0025 -0.002 0
21 -0.0025 0.008500000000000001 0.00144
22 -0.0025 0.008500000000000001 0
23 0.0025 -0.002 0
24 0.0025 -0.002 0.00144
25 0.0025 0.008500000000000001 0.00144
26 0.0025 0.008500000000000001 0
27 0.0008 -1.959434878635765e-19 0
28 -0.0015 0.001199999999999999 0.00144
29 -0.0015 0.000799999999999999 0.00144
30 -0.0015 0.0003999999999999978 0.00144
31 -0.0015 -3.686287386450715e-18 0.00144
32 -0.0015 -0.0004000000000000039 0.00144
33 -0.0015 -0.0008000000000000027 0.00144
34 -0.0015 -0.001200000000000001 0.00144
35 -0.0015 0.001199999999999999 0.001503
36 -0.0015 0.000799999999999999 0.001503
37 -0.0015 0.0003999999999999978 0.001503
38 -0.0015 -3.686287386450715e-18 0.001503
39 -0.0015 -0.0004000000000000039 0.001503
40 -0.0015 -0.0008000000000000027 0.001503
41 -0.0015 -0.001200000000000001 0.001503
42 -0.001125 -0.0016 0.00144
43 -0.0007500000000000002 -0.0016 0.00144
44 -0.0003750000000000003 -0.0016 0.00144
45 -4.336808689942018e-19 -0.0016 0.00144
46 0.0003749999999999997 -0.0016 0.00144
47 0.0007499999999999998 -0.0016 0.00144
48 0.001125 -0.0016 0.00144
49 -0.001125 -0.0016 0.001503
50 -0.0007500000000000002 -0.0016 0.001503
51 -0.0003750000000000003 -0.0016 0.001503
52 -4.336808689942018e-19 -0.0016 0.001503
53 0.0003749999999999997 -0.0016 0.001503
54 0.0007499999999999998 -0.0016 0.001503
55 0.001125 -0.0016 0.001503
56 -0.00125 0.008116666666666668 0.00144
57 -0.00125 0.007733333333333335 0.00144
58 -0.00125 0.007350000000000002 0.00144
59 -0.00125 0.00696666666666667 0.00144
60 -0.00125 0.006583333333333337 0.00144
61 -0.00125 0.006200000000000002 0.00144
62 -0.00125 0.005816666666666669 0.00144
63 -0.00125 0.005433333333333335 0.00144
64 -0.00125 0.005050000000000002 0.00144
65 -0.00125 0.00466666666666667 0.00144
66 -0.00125 0.004283333333333336 0.00144
67 -0.00125 0.003900000000000002 0.00144
68 -0.00125 0.003516666666666668 0.00144
69 -0.00125 0.003133333333333334 0.00144
70 -0.00125 0.002750000000000001 0.00144
71 -0.00125 0.002366666666666667 0.00144
72 -0.00125 0.001983333333333334 0.00144
73 0.0015 -0.001199999999999999 0.00144
74 0.0015 -0.000799999999999999 0.00144
75 0.0015 -0.0003999999999999978 0.00144
76 0.0015 3.686287386450715e-18 0.00144
77 0.0015 0.0004000000000000039 0.00144
78 0.0015 0.0008000000000000027 0.00144
79 0.0015 0.001200000000000001 0.00144
80 0.0008928571428571432 0.008500000000000001 0.00144
81 0.0005357142857142861 0.008500000000000001 0.00144
82 0.0001785714285714288 0.008500000000000001 0.00144
83 -0.0001785714285714283 0.008500000000000001 0.00144
84 -0.0005357142857142856 0.008500000000000001 0.00144
85 -0.0008928571428571429 0.008500000000000001 0.00144
86 0.00125 0.001983333333333333 0.00144
87 0.00125 0.002366666666666665 0.00144
88 0.00125 0.002749999999999998 0.00144
89 0.00125 0.003133333333333331 0.00144
90 0.00125 0.003516666666666664 0.00144
91 0.00125 0.003899999999999997 0.00144
92 0.00125 0.004283333333333331 0.00144
93 0.00125 0.004666666666666664 0.00144
94 0.00125 0.005049999999999999 0.00144
95 0.00125 0.005433333333333333 0.00144
96 0.00125 0.005816666666666666 0.00144
97 0.00125 0.006199999999999999 0.00144
98 0.00125 0.006583333333333333 0.00144
99 0.00125 0.006966666666666666 0.00144
100 0.00125 0.00735 0.00144
101 0.00125 0.007733333333333333 0.00144
102 0.00125 0.008116666666666668 0.00144
103 0.0007083648205225679 0.0003717785376350148 0.00144
104 0.0004544517973849247 0.0006583870927149251 0.00144
105 9.642934420425858e-05 0.0007941670992784432 0.00144
106 -0.0002836839096340284 0.000748012994148332 0.00144
107 -0.0005988085985368807 0.0005304981265926365 0.00144
108 -0.0007767534539408415 0.0001914525314300465 0.00144
109 -0.0007767534539408418 -0.000191452531430046 0.00144
110 -0.000598808598536881 -0.000530498126592636 0.00144
111 -0.0002836839096340288 -0.0007480129941483318 0.00144
112 9.642934420425786e-05 -0.0007941670992784434 0.00144
113 0.0004544517973849245 -0.0006583870927149253 0.00144
114 0.0007083648205225677 -0.0003717785376350154 0.00144
115 -0.00125 0.008116666666666668 0.001503
116 -0.00125 0.007733333333333335 0.001503
117 -0.00125 0.007350000000000002 0.001503
118 -0.00125 0.00696666666666667 0.001503
119 -0.00125 0.006583333333333337 0.001503
120 -0.00125 0.006200000000000002 0.001503
121 -0.00125 0.005816666666666669 0.001503
122 -0.00125 0.005433333333333335 0.001503
123 -0.00125 0.005050000000000002 0.001503
124 -0.00125 0.00466666666666667 0.001503
125 -0.00125 0.004283333333333336 0.001503
126 -0.00125 0.003900000000000002 0.001503
127 -0.00125 0.003516666666666668 0.001503
128 -0.00125 0.003133333333333334 0.001503
129 -0.00125 0.002750000000000001 0.001503
130 -0.00125 0.002366666666666667 0.001503
131 -0.00125 0.001983333333333334 0.001503
132 0.0015 -0.001199999999999999 0.001503
133 0.0015 -0.000799999999999999 0.001503
134 0.0015 -0.0003999999999999978 0.001503
135 0.0015 3.686287386450715e-18 0.001503
136 0.0015 0.0004000000000000039 0.001503
137 0.0015 0.0008000000000000027 0.001503
138 0.0015 0.001200000000000001 0.001503
139 0.0008928571428571432 0.008500000000000001 0.001503
140 0.0005357142857142861 0.008500000000000001 0.001503
141 0.0001785714285714288 0.008500000000000001 0.001503
142 -0.0001785714285714283 0.008500000000000001 0.001503
143 -0.0005357142857142856 0.008500000000000001 0.001503
144 -0.0008928571428571429 0.008500000000000001 0.001503
145 0.00125 0.001983333333333333 0.001503
146 0.00125 0.002366666666666665 0.001503
147 0.00125 0.002749999999999998 0.001503
148 0.00125 0.003133333333333331 0.001503
149 0.00125 0.003516666666666664 0.001503
150 0.00125 0.003899999999999997 0.001503
151 0.00125 0.004283333333333331 0.001503
152 0.00125 0.004666666666666664 0.001503
153 0.00125 0.005049999999999999 0.001503
154 0.00125 0.005433333333333333 0.001503
155 0.00125 0.005816666666666666 0.001503
156 0.00125 0.006199999999999999 0.001503
157 0.00125 0.006583333333333333 0.001503
158 0.00125 0.006966666666666666 0.001503
159 0.00125 0.00735 0.001503
160 0.00125 0.007733333333333333 0.001503
161 0.00125 0.008116666666666668 0.001503
162 0.0007083648205225679 0.0003717785376350148 0.001503
163 0.0004544517973849247 0.0006583870927149251 0.001503
164 9.642934420425858e-05 0.0007941670992784432 0.001503
165 -0.0002836839096340284 0.000748012994148332 0.001503
166 -0.0005988085985368807 0.0005304981265926365 0.001503
167 -0.0007767534539408415 0.0001914525314300465 0.001503
168 -0.0007767534539408418 -0.000191452531430046 0.001503
169 -0.000598808598536881 -0.000530498126592636 0.001503
170 -0.0002836839096340288 -0.0007480129941483318 0.001503
171 9.642934420425786e-05 -0.0007941670992784434 0.001503
172 0.0004544517973849245 -0.0006583870927149253 0.001503
173 0.0007083648205225677 -0.0003717785376350154 0.001503
174 -0.0025 -0.002 0.0003599999999999992
175 -0.0025 -0.002 0.0007199999999999982
176 -0.0025 -0.002 0.001079999999999999
177 -0.0025 -0.001611111111111111 0.00144
178 -0.0025 -0.001222222222222222 0.00144
179 -0.0025 -0.0008333333333333326 0.00144
180 -0.0025 -0.0004444444444444433 0.00144
181 -0.0025 -5.555555555555435e-05 0.00144
182 -0.0025 0.0003333333333333348 0.00144
183 -0.0025 0.0007222222222222239 0.00144
184 -0.0025 0.001111111111111113 0.00144
185 -0.0025 0.001500000000000004 0.00144
186 -0.0025 0.001888888888888894 0.00144
187 -0.0025 0.002277777777777782 0.00144
188 -0.0025 0.002666666666666672 0.00144
189 -0.0025 0.003055555555555562 0.00144
190 -0.0025 0.003444444444444451 0.00144
191 -0.0025 0.003833333333333341 0.00144
192 -0.0025 0.004222222222222231 0.00144
193 -0.0025 0.004611111111111119 0.00144
194 -0.0025 0.005000000000000009 0.00144
195 -0.0025 0.005388888888888898 0.00144
196 -0.0025 0.005777777777777787 0.00144
197 -0.0025 0.006166666666666674 0.00144
198 -0.0025 0.006555555555555563 0.00144
199 -0.0025 0.006944444444444451 0.00144
200 -0.0025 0.007333333333333338 0.00144
201 -0.0025 0.007722222222222226 0.00144
202 -0.0025 0.008111111111111114 0.00144
203 -0.0025 0.008500000000000001 0.0003599999999999992
204 -0.0025 0.008500000000000001 0.0007199999999999982
205 -0.0025 0.008500000000000001 0.001079999999999999
206 -0.0025 -0.001611111111111111 0
207 -0.0025 -0.001222222222222222 0
208 -0.0025 -0.0008333333333333326 0
209 -0.0025 -0.0004444444444444433 0
210 -0.0025 -5.555555555555435e-05 0
211 -0.0025 0.0003333333333333348 0
212 -0.0025 0.0007222222222222239 0
213 -0.0025 0.001111111111111113 0
214 -0.0025 0.001500000000000004 0
215 -0.0025 0.001888888888888894 0
216 -0.0025 0.002277777777777782 0
217 -0.0025 0.002666666666666672 0
218 -0.0025 0.003055555555555562 0
219 -0.0025 0.003444444444444451 0
220 -0.0025 0.003833333333333341 0
221 -0.0025 0.004222222222222231 0
222 -0.0025 0.004611111111111119 0
223 -0.0025 0.005000000000000009 0
224 -0.0025 0.005388888888888898 0
225 -0.0025 0.005777777777777787 0
226 -0.0025 0.006166666666666674 0
227 -0.0025 0.006555555555555563 0
228 -0.0025 0.006944444444444451 0
229 -0.0025 0.007333333333333338 0
230 -0.0025 0.007722222222222226 0
231 -0.0025 0.008111111111111114 0
232 -0.002115384615384616 -0.002 0
233 -0.001730769230769231 -0.002 0
234 -0.001346153846153847 -0.002 0
235 -0.0009615384615384622 -0.002 0
236 -0.0005769230769230771 -0.002 0
237 -0.0001923076923076926 -0.002 0
238 0.0001923076923076921 -0.002 0
239 0.0005769230769230769 -0.002 0
240 0.0009615384615384616 -0.002 0
241 0.001346153846153847 -0.002 0
242 0.001730769230769231 -0.002 0
243 0.002115384615384616 -0.002 0
244 0.0025 -0.002 0.0003599999999999992
245 0.0025 -0.002 0.0007199999999999982
246 0.0025 -0.002 0.001079999999999999
247 -0.002115384615384616 -0.002 0.00144
248 -0.001730769230769231 -0.002 0.00144
249 -0.001346153846153847 -0.002 0.00144
250 -0.0009615384615384622 -0.002 0.00144
251 -0.0005769230769230771 -0.002 0.00144
252 -0.0001923076923076926 -0.002 0.00144
253 0.0001923076923076921 -0.002 0.00144
254 0.0005769230769230769 -0.002 0.00144
255 0.0009615384615384616 -0.002 0.00144
256 0.001346153846153847 -0.002 0.00144
257 0.001730769230769231 -0.002 0.00144
258 0.002115384615384616 -0.002 0.00144
259 -0.0021875 0.008500000000000001 0.00144
260 -0.001875 0.008500000000000001 0.00144
261 -0.0015625 0.008500000000000001 0.00144
262 0.0015625 0.008500000000000001 0.00144
263 0.001875000000000001 0.008500000000000001 0.00144
264 0.002187500000000001 0.008500000000000001 0.00144
265 0.0025 -0.001611111111111111 0.00144
266 0.0025 -0.001222222222222222 0.00144
267 0.0025 -0.0008333333333333326 0.00144
268 0.0025 -0.0004444444444444433 0.00144
269 0.0025 -5.555555555555435e-05 0.00144
270 0.0025 0.0003333333333333348 0.00144
271 0.0025 0.0007222222222222239 0.00144
272 0.0025 0.001111111111111113 0.00144
273 0.0025 0.001500000000000004 0.00144
274 0.0025 0.001888888888888894 0.00144
275 0.0025 0.002277777777777782 0.00144
276 0.0025 0.002666666666666672 0.00144
277 0.0025 0.003055555555555562 0.00144
278 0.0025 0.003444444444444451 0.00144
279 0.0025 0.003833333333333341 0.00144
280 0.0025 0.004222222222222231 0.00144
281 0.0025 0.004611111111111119 0.00144
282 0.0025 0.005000000000000009 0.00144
283 0.0025 0.005388888888888898 0.00144
284 0.0025 0.005777777777777787 0.00144
285 0.0025 0.006166666666666674 0.00144
286 0.0025 0.006555555555555563 0.00144
287 0.0025 0.006944444444444451 0.00144
288 0.0025 0.007333333333333338 0.00144
289 0.0025 0.007722222222222226 0.00144
290 0.0025 0.008111111111111114 0.00144
291 -0.002115384615384616 0.008500000000000001 0
292 -0.001730769230769231 0.008500000000000001 0
293 -0.001346153846153847 0.008500000000000001 0
294 -0.0009615384615384622 0.008500000000000001 0
295 -0.0005769230769230771 0.008500000000000001 0
296 -0.0001923076923076926 0.008500000000000001 0
297 0.0001923076923076921 0.008500000000000001 0
298 0.0005769230769230769 0.008500000000000001 0
299 0.0009615384615384616 0.008500000000000001 0
300 0.001346153846153847 0.008500000000000001 0
301 0.001730769230769231 0.008500000000000001 0
302 0.002115384615384616 0.008500000000000001 0
303 0.0025 0.008500000000000001 0.0003599999999999992
304 0.0025 0.008500000000000001 0.0007199999999999982
305 0.0025 0.008500000000000001 0.001079999999999999
306 0.0025 -0.001611111111111111 0
307 0.0025 -0.001222222222222222 0
308 0.0025 -0.0008333333333333326 0
309 0.0025 -0.0004444444444444433 0
310 0.0025 -5.555555555555435e-05 0
311 0.0025 0.0003333333333333348 0
312 0.0025 0.0007222222222222239 0
313 0.0025 0.001111111111111113 0
314 0.0025 0.001500000000000004 0
315 0.0025 0.001888888888888894 0
316 0.0025 0.002277777777777782 0
317 0.0025 0.002666666666666672 0
318 0.0025 0.003055555555555562 0
319 0.0025 0.003444444444444451 0
320 0.0025 0.003833333333333341 0
321 0.0025 0.004222222222222231 0
322 0.0025 0.004611111111111119 0
323 0.0025 0.005000000000000009 0
324 0.0025 0.005388888888888898 0
325 0.0025 0.005777777777777787 0
326 0.0025 0.006166666666666674 0
327 0.0025 0.006555555555555563 0
328 0.0025 0.006944444444444451 0
329 0.0025 0.007333333333333338 0
330 0.0025 0.007722222222222226 0
331 0.0025 0.008111111111111114 0
332 0.0007083648205225679 0.0003717785376350148 0
333 0.0004544517973849247 0.0006583870927149251 0
334 9.642934420425858e-05 0.0007941670992784432 0
335 -0.0002836839096340284 0.000748012994148332 0
336 -0.0005988085985368807 0.0005304981265926365 0
337 -0.0007767534539408415 0.0001914525314300465 0
338 -0.0007767534539408418 -0.000191452531430046 0
339 -0.000598808598536881 -0.000530498126592636 0
340 -0.0002836839096340288 -0.0007480129941483318 0
341 9.642934420425786e-05 -0.0007941670992784434 0
342 0.0004544517973849245 -0.0006583870927149253 0
343 0.0007083648205225677 -0.0003717785376350154 0
344 0.0008 -1.959434878635765e-19 0.0003599999999999992
345 0.0008 -1.959434878635765e-19 0.0007199999999999982
346 0.0008 -1.959434878635765e-19 0.001079999999999999
347 5.187370492892919e-06 0.008193607870163579 0.00144
348 0.0009333704926912059 0.00215418638412027 0.00144
349 0.0009249056439436615 0.00563773772486305 0.00144
350 -0.0008882616567516376 0.006799122287750635 0.00144
351 0.0009180235952159654 0.003324999999999997 0.00144
352 -0.0009413048169072328 0.004475332921912099 0.00144
353 -0.0009960963323180606 0.001836575812154733 0.00144
354 -0.0009065087724764475 0.002500149517291694 0.00144
355 -0.0009291376562669825 0.00563651030923134 0.00144
356 0.0009028135634594211 0.006779456588773649 0.00144
357 0.0008920498791323051 0.004464994938584987 0.00144
358 -0.000934624267355618 0.003710264177439255 0.00144
359 0.0003761359765620741 0.001043424319163673 0.00144
360 0.0009370191175364286 0.007539080492620056 0.00144
361 -0.000932139822702608 0.007539075321110993 0.00144
362 -0.000623452522100003 0.0009026770852893866 0.00144
363 3.511251944870045e-05 0.001164315191757795 0.00144
364 0.0003324042523918617 0.001391464414228883 0.00144
365 -1.085000852242601e-05 0.001536176179281646 0.00144
366 0.0002883648975104741 0.001751823821452799 0.00144
367 -7.354343519916208e-05 0.001885895615666103 0.00144
368 0.0002373649634143635 0.002120587400530517 0.00144
369 -0.0001345631701131802 0.002253411369993372 0.00144
370 0.0001720847489193085 0.002492607216666832 0.00144
371 -0.0002028939350008686 0.002625553872991784 0.00144
372 9.613692118694879e-05 0.002866587452596544 0.00144
373 -0.0002681574069051234 0.003000892203554233 0.00144
374 3.235859199062842e-05 0.003242879766982557 0.00144
375 0.0006597958947772894 0.001278888154403158 0.00144
376 0.0004485924599764829 0.002730092646024564 0.00144
377 -0.0009543717357707391 -0.001296649621785637 0.00144
378 0.0009273431863526747 -0.001313019890300646 0.00144
379 -0.0009557960795528018 0.001471074784550313 0.00144
380 0.0008845824216187539 0.000726970455354924 0.00144
381 0.0007076746709489372 0.008218775057859916 0.00144
382 -0.0007142857142857167 0.00819070521293413 0.00144
383 -0.000317648055106212 0.003379035908734798 0.00144
384 -2.71189486446425e-05 0.003620347858998159 0.00144
385 -0.0003628499863381388 0.001644649208134127 0.00144
386 -0.0006134876488956885 0.003148751790257239 0.00144
387 0.0003157133286973057 0.003482145344809222 0.00144
388 0.0002637063779702495 0.003861239421023342 0.00144
389 -8.997715059120755e-05 0.003997969837993013 0.00144
390 0.0002038657748654273 0.00423946548627247 0.00144
391 -0.0001513142741311772 0.004376040935348915 0.00144
392 0.0001456211078457213 0.004618116881238902 0.00144
393 -0.0002120770315619271 0.004754340597693123 0.00144
394 8.501954533326129e-05 0.004996487551653964 0.00144
395 -0.0002731172999725736 0.005132664719023372 0.00144
396 2.396075755477207e-05 0.005374839958644434 0.00144
397 0.0003697082983734259 0.0052366263254964 0.00144
398 0.0003049533652420273 0.005614421892774144 0.00144
399 -4.027076335707152e-05 0.005752727131528738 0.00144
400 0.0002522953820002266 0.005994193704767127 0.00144
401 -0.0001005634344170285 0.006131275150901404 0.00144
402 0.0001964517387561471 0.006371957151342496 0.00144
403 -0.0001600627358672345 0.006509814400058136 0.00144
404 0.0001153224569105918 0.006746566361726524 0.00144
405 -0.0002236852915497226 0.006887018321593968 0.00144
406 5.007160418020083e-05 0.007124370067661781 0.00144
407 -0.0004573690782428872 0.00626854449631794 0.00144
408 -0.0002788753508240268 0.007263881093971647 0.00144
409 7.767594314637629e-06 0.007497310416641473 0.00144
410 0.0005614617078277291 0.006204587121580212 0.00144
411 -0.0003564199101358522 0.007598569206083653 0.00144
412 -0.000431839450247983 0.004135849178226165 0.00144
413 0.0003682300514052087 0.007341169737718044 0.00144
414 0.0002924354115359967 0.007736147437853237 0.00144
415 -0.0009295280813231608 0.0006958750624798917 0.00144
416 0.0003485774297294463 -0.001030289915044241 0.00144
417 0.0008442346840576099 -0.0007148432063319573 0.00144
418 -0.0005644661675666076 0.004884157224005941 0.00144
419 0.0006481256666865746 0.003700635267075088 0.00144
420 -0.001217938938726537 -0.0006366365869420063 0.00144
421 -0.0001885409994159274 -0.001288145643801161 0.00144
422 0.0009442271809929843 0.001799564260618735 0.00144
423 0.0009570942429245711 0.001476005680249264 0.00144
424 -0.0005925543093745092 -0.0008824874577256856 0.00144
425 -0.0004993724379967166 0.002383520216559104 0.00144
426 -0.0009366515711889621 0.001107790473120233 0.00144
427 -0.0006313128593822836 0.005268838216774878 0.00144
428 0.0006101837963225473 0.001964488668575339 0.00144
429 0.001054763352496798 0.0003278864680899108 0.00144
430 0.001049960050406186 -0.0003264427479681285 0.00144
431 0.001199991754816367 0.0009765870253740576 0.00144
432 -0.0005714053605964379 0.007028328586061489 0.00144
433 0.0005044634697505172 0.004482022736607445 0.00144
434 0.0006424211909890955 0.001607559452137033 0.00144
435 -0.0003200013853592221 0.001102669412153275 0.00144
436 -0.0005920526287993786 0.001323354598136734 0.00144
437 0.0006022289344631176 0.002366349599696399 0.00144
438 0.0008125936261275802 0.002704128397730327 0.00144
439 -0.0004229196170549463 0.001992920527566243 0.00144
440 -0.0007607387637420208 0.002089493585342227 0.00144
441 0.0009338380208015182 0.007158989452292216 0.00144
442 0.0006134433809564568 0.007035001786770527 0.00144
443 -0.0005752631323616211 0.002761879005896117 0.00144
444 -0.0005191482428381803 0.006649827452470558 0.00144
445 -0.0008799114512231434 0.006362364482746183 0.00144
446 -0.0007186391527801899 0.005970693949623424 0.00144
447 -0.000376566357983861 0.0058822638247657 0.00144
448 0.0008957397181652839 0.006397021412649077 0.00144
449 0.000912323927204359 0.006018494450042784 0.00144
450 -0.0009568350299626573 0.004092043961003005 0.00144
451 0.0009401865282671291 0.004869290942553546 0.00144
452 0.0009396062316849021 0.005258299227036486 0.00144
453 0.0009261299461021424 0.004026423396632926 0.00144
454 0.0004336322033341744 0.004858748904639265 0.00144
455 -0.0003176012576457921 0.005511779553760689 0.00144
456 -0.0004972969215395057 0.004513579006142856 0.00144
457 -0.0003615339706898815 0.003758439830282085 0.00144
458 0.0003810655141648744 0.003105767897296542 0.00144
459 -0.00104842727047824 1.403030070025508e-05 0.00144
460 0.001224754610881799 0.001340596227308518 0.00144
461 0.0003570810915224583 0.008200927507870754 0.00144
462 -0.0003363504929085409 0.008189778508732136 0.00144
463 -0.0005873825400154076 -0.001243396568830169 0.00144
464 -0.0009150036883950128 0.007181467862329521 0.00144
465 0.0005133306450835402 0.006644046530664065 0.00144
466 -0.0009203671593729036 0.002939093867699067 0.00144
467 0.0005730568524178692 0.004129130207699375 0.00144
468 0.0009022588415260828 0.007937110703908635 0.00144
469 -0.0009140091547611501 0.007910231948431833 0.00144
470 -0.000934017334960812 0.003327591005522656 0.00144
471 -0.001125196120045619 0.000375243073324437 0.00144
472 -0.001167138756639317 -0.0009765325853712557 0.00144
473 -0.0009204260765400827 0.004876475475537843 0.00144
474 0.001213968518022506 0.0006384642640782897 0.00144
475 -7.133171651121582e-05 0.007853039536275037 0.00144
476 0.001214867092310098 -0.000646641563791763 0.00144
477 0.001163058171075806 -0.0009967830274446308 0.00144
478 0.0005962479003137716 0.005823485165686766 0.00144
479 -0.001234536610913631 0.001330737357818894 0.00144
480 -0.0006213869412112603 0.007380262252293941 0.00144
481 0.000170776094256259 -0.001304653795723363 0.00144
482 -0.0005357142857142699 0.007908145337984875 0.00144
483 -0.0006837993511886648 0.001688361415096798 0.00144
484 0.0006185358917053036 0.007647950906596222 0.00144
485 0.0009752638911380026 0.002973328304915876 0.00144
486 0.0009984558416009366 0.003693745066074935 0.00144
487 -0.0006380510937361324 0.003537347118706005 0.00144
488 0.0005521396146841703 -0.001317237810065782 0.00144
489 -0.0009961753184378698 0.00525303146697548 0.00144
490 0.0009414416675498592 0.001190984658227786 0.00144
491 0.0006283491646889152 0.005451198837792433 0.00144
492 0.0007162760530086518 -0.001039531915083888 0.00144
493 0.0006709097109718563 0.0009815732303127989 0.00144
494 -0.0006701616036827973 0.003919546266498309 0.00144
495 0.0005817260678222375 0.003313545660539315 0.00144
496 0.0006942132924809833 0.007344438475199414 0.00144
497 -0.0005946514568118218 0.005654017170831206 0.00144
498 -0.00122192956965644 0.0009656914602376868 0.00144
499 -0.0009011538145209144 -0.0006464161033905868 0.00144
500 0.0006611812715349643 0.005070205473586623 0.00144
501 -0.001157378912944422 -0.0003100791535103986 0.00144
502 0.0006862108590741904 0.00302531048441777 0.00144
503 -0.0003393308539542024 -0.001041433846780908 0.00144
504 -0.001230861154512886 0.0006597458680071046 0.00144
505 -0.0002561956753184179 0.001374312349610319 0.00144
506 0.0009985355051425526 0.00824913876218517 0.00144
507 -0.0009934789403328499 0.008235709453430483 0.00144
508 -0.001235129780872981 -0.001325873498000452 0.00144
509 0.001243080271485696 -0.001341960583549055 0.00144
510 -0.000704494081198421 0.004301155527022559 0.00144
511 0.001205078905974887 -9.235527637186818e-20 0.00144
512 -3.262881580236586e-05 -0.001034450549129408 0.00144
513 0.0001785714285714407 0.007983513308502164 0.00144
514 0.0005169370978005312 0.007962609114722779 0.00144
515 -0.001027041677489656 0.006004293154149732 0.00144
516 0.0006816742433720912 0.004716071009967149 0.00144
517 -0.0006719340229050281 0.007667256813181059 0.00144
518 0.0003168274590565455 0.006975373631857805 0.00144
519 -0.0001156711062374487 0.0009516301815178993 0.00144
520 -0.0008550713994642448 -0.001007130009828853 0.00144
521 -0.001053593241673081 0.002175 0.00144
522 0.0009803015051048569 0.002450221646084524 0.00144
523 -0.0007295266648503492 0.004670581828352925 0.00144
524 5.187370492892919e-06 0.008193607870163579 0.001503
525 0.0009333704926912059 0.00215418638412027 0.001503
526 0.0009249056439436615 0.00563773772486305 0.001503
527 -0.0008882616567516376 0.006799122287750635 0.001503
528 0.0009180235952159654 0.003324999999999997 0.001503
529 -0.0009413048169072328 0.004475332921912099 0.001503
530 -0.0009960963323180606 0.001836575812154733 0.001503
531 -0.0009065087724764475 0.002500149517291694 0.001503
532 -0.0009291376562669825 0.00563651030923134 0.001503
533 0.0009028135634594211 0.006779456588773649 0.001503
534 0.0008920498791323051 0.004464994938584987 0.001503
535 -0.000934624267355618 0.003710264177439255 0.001503
536 0.000376135976562074 0.001043424319163673 0.001503
537 0.0009370191175364286 0.007539080492620056 0.001503
538 -0.000932139822702608 0.007539075321110993 0.001503
539 -0.0006234525221000033 0.0009026770852893866 0.001503
540 3.511251944870039e-05 0.001164315191757795 0.001503
541 0.0003324042523918616 0.001391464414228883 0.001503
542 -1.085000852242602e-05 0.001536176179281646 0.001503
543 0.000288364897510474 0.001751823821452799 0.001503
544 -7.354343519916217e-05 0.001885895615666103 0.001503
545 0.0002373649634143635 0.002120587400530517 0.001503
546 -0.0001345631701131803 0.002253411369993372 0.001503
547 0.0001720847489193085 0.002492607216666832 0.001503
548 -0.0002028939350008686 0.002625553872991784 0.001503
549 9.613692118694876e-05 0.002866587452596545 0.001503
550 -0.0002681574069051234 0.003000892203554233 0.001503
551 3.23585919906284e-05 0.003242879766982557 0.001503
552 0.0006597958947772893 0.001278888154403158 0.001503
553 0.0004485924599764829 0.002730092646024564 0.001503
554 -0.0009543717357707391 -0.001296649621785637 0.001503
555 0.0009273431863526749 -0.001313019890300646 0.001503
556 -0.0009557960795528018 0.001471074784550313 0.001503
557 0.0008845824216187538 0.0007269704553549243 0.001503
558 0.0007076746709489372 0.008218775057859916 0.001503
559 -0.0007142857142857167 0.00819070521293413 0.001503
560 -0.000317648055106212 0.003379035908734798 0.001503
561 -2.71189486446425e-05 0.003620347858998159 0.001503
562 -0.0003628499863381388 0.001644649208134126 0.001503
563 -0.0006134876488956885 0.003148751790257239 0.001503
564 0.0003157133286973057 0.003482145344809222 0.001503
565 0.0002637063779702495 0.003861239421023342 0.001503
566 -8.997715059120755e-05 0.003997969837993013 0.001503
567 0.0002038657748654273 0.00423946548627247 0.001503
568 -0.0001513142741311772 0.004376040935348915 0.001503
569 0.0001456211078457213 0.004618116881238902 0.001503
570 -0.0002120770315619271 0.004754340597693123 0.001503
571 8.501954533326129e-05 0.004996487551653964 0.001503
572 -0.0002731172999725736 0.005132664719023372 0.001503
573 2.396075755477207e-05 0.005374839958644434 0.001503
574 0.0003697082983734259 0.0052366263254964 0.001503
575 0.0003049533652420273 0.005614421892774144 0.001503
576 -4.027076335707152e-05 0.005752727131528738 0.001503
577 0.0002522953820002266 0.005994193704767127 0.001503
578 -0.0001005634344170285 0.006131275150901404 0.001503
579 0.0001964517387561471 0.006371957151342496 0.001503
580 -0.0001600627358672345 0.006509814400058136 0.001503
581 0.0001153224569105918 0.006746566361726524 0.001503
582 -0.0002236852915497226 0.006887018321593968 0.001503
583 5.007160418020083e-05 0.007124370067661781 0.001503
584 -0.0004573690782428872 0.00626854449631794 0.001503
585 -0.0002788753508240268 0.007263881093971647 0.001503
586 7.767594314637629e-06 0.007497310416641473 0.001503
587 0.0005614617078277291 0.006204587121580212 0.001503
588 -0.0003564199101358522 0.007598569206083653 0.001503
589 -0.000431839450247983 0.004135849178226165 0.001503
590 0.0003682300514052087 0.007341169737718044 0.001503
591 0.0002924354115359967 0.007736147437853237 0.001503
592 -0.0009295280813231611 0.0006958750624798911 0.001503
593 0.0003485774297294463 -0.001030289915044241 0.001503
594 0.0008442346840576099 -0.0007148432063319573 0.001503
595 -0.0005644661675666076 0.004884157224005941 0.001503
596 0.0006481256666865746 0.003700635267075088 0.001503
597 -0.001217938938726537 -0.0006366365869420065 0.001503
598 -0.0001885409994159274 -0.001288145643801161 0.001503
599 0.0009442271809929843 0.001799564260618735 0.001503
600 0.0009570942429245711 0.001476005680249264 0.001503
601 -0.0005925543093745092 -0.0008824874577256856 0.001503
602 -0.0004993724379967167 0.002383520216559104 0.001503
603 -0.0009366515711889624 0.001107790473120232 0.001503
604 -0.0006313128593822836 0.005268838216774878 0.001503
605 0.0006101837963225473 0.001964488668575339 0.001503
606 0.001054763352496798 0.0003278864680899109 0.001503
607 0.001049960050406186 -0.0003264427479681285 0.001503
608 0.001199991754816367 0.0009765870253740576 0.001503
609 -0.0005714053605964379 0.007028328586061489 0.001503
610 0.0005044634697505172 0.004482022736607445 0.001503
611 0.0006424211909890955 0.001607559452137034 0.001503
612 -0.0003200013853592224 0.001102669412153276 0.001503
613 -0.0005920526287993787 0.001323354598136734 0.001503
614 0.0006022289344631176 0.002366349599696399 0.001503
615 0.0008125936261275802 0.002704128397730327 0.001503
616 -0.0004229196170549464 0.001992920527566243 0.001503
617 -0.0007607387637420208 0.002089493585342227 0.001503
618 0.0009338380208015182 0.007158989452292216 0.001503
619 0.0006134433809564568 0.007035001786770527 0.001503
620 -0.0005752631323616211 0.002761879005896117 0.001503
621 -0.0005191482428381803 0.006649827452470558 0.001503
622 -0.0008799114512231434 0.006362364482746183 0.001503
623 -0.0007186391527801899 0.005970693949623424 0.001503
624 -0.000376566357983861 0.0058822638247657 0.001503
625 0.0008957397181652839 0.006397021412649077 0.001503
626 0.000912323927204359 0.006018494450042784 0.001503
627 -0.0009568350299626573 0.004092043961003005 0.001503
628 0.0009401865282671291 0.004869290942553546 0.001503
629 0.0009396062316849021 0.005258299227036486 0.001503
630 0.0009261299461021424 0.004026423396632926 0.001503
631 0.0004336322033341744 0.004858748904639265 0.001503
632 -0.0003176012576457921 0.005511779553760689 0.001503
633 -0.0004972969215395057 0.004513579006142856 0.001503
634 -0.0003615339706898815 0.003758439830282085 0.001503
635 0.0003810655141648744 0.003105767897296542 0.001503
636 -0.00104842727047824 1.403030070025506e-05 0.001503
637 0.001224754610881799 0.001340596227308518 0.001503
638 0.0003570810915224583 0.008200927507870754 0.001503
639 -0.0003363504929085409 0.008189778508732136 0.001503
640 -0.0005873825400154075 -0.001243396568830169 0.001503
641 -0.0009150036883950128 0.007181467862329521 0.001503
642 0.0005133306450835402 0.006644046530664065 0.001503
643 -0.0009203671593729036 0.002939093867699067 0.001503
644 0.0005730568524178692 0.004129130207699375 0.001503
645 0.0009022588415260828 0.007937110703908635 0.001503
646 -0.0009140091547611501 0.007910231948431833 0.001503
647 -0.000934017334960812 0.003327591005522656 0.001503
648 -0.001125196120045619 0.0003752430733244368 0.001503
649 -0.001167138756639317 -0.0009765325853712558 0.001503
650 -0.0009204260765400827 0.004876475475537843 0.001503
651 0.001213968518022506 0.0006384642640782897 0.001503
652 -7.133171651121582e-05 0.007853039536275037 0.001503
653 0.001214867092310098 -0.000646641563791763 0.001503
654 0.001163058171075807 -0.0009967830274446308 0.001503
655 0.0005962479003137716 0.005823485165686766 0.001503
656 -0.001234536610913632 0.001330737357818894 0.001503
657 -0.0006213869412112603 0.007380262252293941 0.001503
658 0.000170776094256259 -0.001304653795723363 0.001503
659 -0.0005357142857142699 0.007908145337984875 0.001503
660 -0.0006837993511886645 0.001688361415096798 0.001503
661 0.0006185358917053036 0.007647950906596222 0.001503
662 0.0009752638911380026 0.002973328304915876 0.001503
663 0.0009984558416009366 0.003693745066074935 0.001503
664 -0.0006380510937361324 0.003537347118706005 0.001503
665 0.0005521396146841703 -0.001317237810065782 0.001503
666 -0.0009961753184378698 0.00525303146697548 0.001503
667 0.0009414416675498592 0.001190984658227786 0.001503
668 0.0006283491646889152 0.005451198837792433 0.001503
669 0.0007162760530086519 -0.001039531915083888 0.001503
670 0.0006709097109718562 0.0009815732303127991 0.001503
671 -0.0006701616036827973 0.003919546266498309 0.001503
672 0.0005817260678222375 0.003313545660539315 0.001503
673 0.0006942132924809833 0.007344438475199414 0.001503
674 -0.0005946514568118218 0.005654017170831206 0.001503
675 -0.00122192956965644 0.0009656914602376866 0.001503
676 -0.0009011538145209144 -0.0006464161033905868 0.001503
677 0.0006611812715349643 0.005070205473586623 0.001503
678 -0.001157378912944422 -0.0003100791535103986 0.001503
679 0.0006862108590741904 0.00302531048441777 0.001503
680 -0.0003393308539542024 -0.001041433846780908 0.001503
681 -0.001230861154512886 0.0006597458680071047 0.001503
682 -0.000256195675318418 0.001374312349610319 0.001503
683 0.0009985355051425526 0.00824913876218517 0.001503
684 -0.0009934789403328499 0.008235709453430483 0.001503
685 -0.001235129780872981 -0.001325873498000452 0.001503
686 0.001243080271485696 -0.001341960583549055 0.001503
687 -0.000704494081198421 0.004301155527022559 0.001503
688 0.001205078905974887 -9.235527637186818e-20 0.001503
689 -3.262881580236586e-05 -0.001034450549129408 0.001503
690 0.0001785714285714407 0.007983513308502164 0.001503
691 0.0005169370978005312 0.007962609114722779 0.001503
692 -0.001027041677489656 0.006004293154149732 0.001503
693 0.0006816742433720912 0.004716071009967149 0.001503
694 -0.0006719340229050281 0.007667256813181059 0.001503
695 0.0003168274590565455 0.006975373631857805 0.001503
696 -0.0001156711062374491 0.0009516301815178994 0.001503
697 -0.000855071399464245 -0.001007130009828853 0.001503
698 -0.001053593241673081 0.002175 0.001503
699 0.0009803015051048569 0.002450221646084524 0.001503
700 -0.0007295266648503492 0.004670581828352925 0.001503
701 -0.0025 0.007138825800162205 0.0003451150598454554
702 -0.0025 0.005970460891055849 0.0003578174618489248
703 -0.0025 0.004415067292783174 0.0003545522605302858
704 -0.0025 0.002085702690647005 0.0003574571231094593
705 -0.0025 -0.0006369635258453633 0.001083837373578457
706 -0.0025 0.0001512063353956692 0.0003712523593037664
707 -0.0025 0.003638888888888895 0.001103212342972718
708 -0.0025 0.005194444444444456 0.0003367876570272819
709 -0.0025 0.0009157458406228026 0.0003496079783120345
710 -0.0025 0.002861111111111117 0.001103212342972718
711 -0.0025 0.007523153143268206 0.001074808899963626
712 -0.0025 0.006361111111111113 0.001103212342972721
713 -0.0025 0.005578704132502658 0.001075798876092224
714 -0.0025 0.004793921992799078 0.001095916488304724
715 -0.0025 -0.001023902039253675 0.00035104789279304
716 -0.0025 0.001706078007200932 0.001095916488304725
717 -0.0025 0.0005286521211472503 0.001093199991006863
718 -0.0025 0.003250347344380006 0.0003671665399742534
719 -0.0025 -0.001430275804566999 0.001081086776110972
720 -0.0025 0.007930275688498249 0.0003589119136329523
721 -0.0025 -0.001719660841900661 0.0005480799240210242
722 -0.0025 0.008219660699557861 0.000891920071045227
723 -0.0025 0.007529288534861737 0.0003421704692517684
724 -0.0025 0.007699252595132091 0.0007145072146296731
725 -0.0025 -0.001030260926263607 0.001093170007793537
726 -0.0025 -0.001200288540965629 0.0007082170901492373
727 -0.0025 0.006749999999999997 0.001103212342972713
728 -0.0025 0.006556320971053542 0.0007522755291617196
729 -0.0025 0.006164739349555561 0.000725288213260567
730 -0.0025 0.006944444444444434 0.0007664246859454263
731 -0.0025 0.006750450239775439 0.0003982369600116492
732 -0.0025 0.007328909126022508 0.0007034105680560766
733 -0.0025 0.006363150206911002 0.0003587867850685508
734 -0.0025 0.005774289015426776 0.0007142140721552792
735 -0.0025 0.005580355863580799 0.0003477863745413208
736 -0.0025 0.007137380748585487 0.001087976082822974
737 -0.0025 0.005189631529680281 0.00108267318442647
738 -0.0025 0.005000000000000008 0.000766424685945436
739 -0.0025 0.004594745312250268 0.0007327395321758024
740 -0.0025 0.004804027904811999 0.0003967018216196742
741 -0.0025 0.004197673029983182 0.0006933250445058087
742 -0.0025 0.004401216579388054 0.001066396119474574
743 -0.0025 0.004024129620894005 0.0003431064501039748
744 -0.0025 0.003817604855881423 0.0006737191573989203
745 -0.0025 0.001307494482681639 0.001101996367194719
746 -0.0025 0.0015014966661491 0.0007508568907540573
747 -0.0025 0.001904867047181623 0.0007164798866233906
748 -0.0025 0.001110562480646599 0.0007589291982523964
749 -0.0025 0.001305012069442789 0.0003851505982068966
750 -0.0025 0.0007070617422360172 0.0006904695143914664
751 -0.0025 0.001697661227051569 0.000368324083115634
752 -0.0025 0.002302390693827172 0.0006910992473436073
753 -0.0025 0.00209872943448566 0.001063315212355475
754 -0.0025 0.002477640941139368 0.0003427782657097508
755 -0.0025 0.00268239514411859 0.000673719157398929
756 -0.0025 0.0005305515578910695 0.0003656059329519241
757 -0.0025 0.0001513520592905816 0.001091797181516214
758 -0.0025 -0.0006388888888888878 0.0003367876570272818
759 -0.0025 -0.0008266928233044491 0.0007204746747624061
760 -0.0025 -0.0004328868927880344 0.0007303838982274191
761 -0.0025 -0.0002434206516155747 0.0003774915315342023
762 -0.0025 -4.50015460301649e-05 0.0007413207605152691
763 -0.0025 -0.0002439166508954966 0.001087889868972893
764 -0.0025 0.003250177216520414 0.001103649623530807
765 -0.0025 0.0009145173600074736 0.001087432511807574
766 -0.0025 0.005970548008840093 0.001083085584080132
767 -0.0025 0.005378867701405297 0.0006890181434409193
768 -0.0025 0.003443647563354103 0.0007537082960653288
769 -0.0025 0.003057818907524455 0.0007511128867020643
770 -0.0025 0.002863939431672778 0.0003491411652493826
771 -0.0025 0.003635584527047888 0.0003562834072570795
772 -0.0025 -0.001428720104106402 0.0003703528094094699
773 -0.0025 0.007928464984360888 0.001065158771019007
774 -0.0025 -0.0017291289807193 0.0008898729131796665
775 -0.0025 0.008229128795307907 0.0005501268626882804
776 -0.0025 0.0003453540766581555 0.0007533781322229713
777 -0.0025 0.004003372752003475 0.001033664253322451
778 -0.0025 0.002496628076030894 0.001033213002958402
779 -0.0025 -0.001751898411423635 0.0002556865466860987
780 -0.0025 0.008251847359005974 0.001183415768412847
781 -0.0025 0.008244393025938015 0.0002553698274486824
782 -0.0025 -0.001744393056701294 0.001184630015981097
783 -0.0025 0.008001356552571399 0.000716124966603028
784 -0.0025 -0.001501614854451798 0.0007195219025740739
785 0.001536529144217091 -0.002 0.0003847078192901739
786 -0.0007692307692307694 -0.002 0.001106913306236754
787 -0.001535161720056704 -0.002 0.0003838615035625284
788 -4.336808689942018e-19 -0.002 0.0003330866937632456
789 0.000769010428768251 -0.002 0.0003537514935106198
790 0.001155092324337559 -0.002 0.001106217395225138
791 0.0003782022800442732 -0.002 0.001091340957110128
792 0.001935451055571265 -0.002 0.001082201137898955
793 -0.0019354620494563 -0.002 0.001082098050351752
794 -0.000743749794139611 -0.002 0.0003395806778564578
795 0.002222017150859683 -0.002 0.0005478164150367279
796 -0.002222029977058892 -0.002 0.0005478159061606197
797 -0.001541262274468663 -0.002 0.00110351982263442
798 -0.001709454524055443 -0.002 0.0007321487448815609
799 -0.001329207248539312 -0.002 0.0007433561300710461
800 -0.001132648593505702 -0.002 0.0003618853195049162
801 -0.0008853998348517336 -0.002 0.00072828912566486
802 -0.0004994799803589357 -0.002 0.0005957704676939278
803 0.001541340502679848 -0.002 0.001103775313985782
804 0.001709818535440194 -0.002 0.0007324297637891996
805 0.001344886424789807 -0.002 0.0007554849491093134
806 0.000964046389172937 -0.002 0.000763534627134036
807 0.001155845606064217 -0.002 0.000392744633429973
808 0.0005677369726632925 -0.002 0.0007134829963599766
809 -0.001155438328202631 -0.002 0.001105984259800914
810 0.0003789172623620335 -0.002 0.0003612088323454708
811 0.0007672565841132665 -0.002 0.00109242932930488
812 0.0001312378176351126 -0.002 0.0007049040366371229
813 -0.0003841974866522113 -0.002 0.001132464897574004
814 -1.075961558358015e-05 -0.002 0.00110227853821028
815 0.001934808131962982 -0.002 0.0003788327052317919
816 -0.001934573610227172 -0.002 0.0003786711485506431
817 0.002231287869883028 -0.002 0.0008900355142155503
818 -0.002231304666096277 -0.002 0.0008900177392688905
819 -0.0001898003045286496 -0.002 0.0008049613379404262
820 -0.0003846153846153847 -0.002 0.0002888103057139229
821 0.002254441979641456 -0.002 0.0002573298240537038
822 -0.002254397640534136 -0.002 0.0002572974109422524
823 -0.002242763294721036 -0.002 0.001183776548105223
824 0.00224276126920367 -0.002 0.001183785357324891
825 -0.0005687750652095681 -0.002 0.0008878408592818391
826 -0.0001964915465797385 -0.002 0.0005382638426300447
827 0.00200667654874343 -0.002 0.000726263107234445
828 -0.002006564965378817 -0.002 0.0007261503178426932
829 0.002166373625012026 0.002088726158498681 0.00144
830 -0.002166692567956873 0.002088061256051621 0.00144
831 -0.001581976404784034 0.007541666666666665 0.00144
832 0.001581976404784035 0.007541666666666665 0.00144
833 -0.001581976404784034 0.006775 0.00144
834 0.001581976404784035 0.006775000000000003 0.00144
835 0.001581976404784034 0.006008333333333331 0.00144
836 -0.001581976404784035 0.006008333333333336 0.00144
837 -0.001581976404784034 0.00524166666666667 0.00144
838 0.001581976404784035 0.005241666666666664 0.00144
839 0.001581976404784035 0.004474999999999997 0.00144
840 -0.001581976404784035 0.004475000000000004 0.00144
841 0.001581976404784035 0.00370833333333333 0.00144
842 -0.001581976404784035 0.003708333333333335 0.00144
843 0.001574530516206976 0.00291246825599247 0.00144
844 -0.001561257099666652 0.002899063312763163 0.00144
845 0.001781458256229942 0.001400000000000002 0.00144
846 -0.001781458256229943 0.0014 0.00144
847 0.002175524945407692 0.007941348189432967 0.00144
848 -0.002175567347661256 0.007941582007365257 0.00144
849 -0.002170306590125133 0.007142239483182386 0.00144
850 0.002170225947106686 0.007142195767195774 0.00144
851 0.002175935001675995 0.006371483400550205 0.00144
852 -0.002175881380309912 0.0063712962962963 0.00144
853 -0.002182113532157672 -0.001423157371688906 0.00144
854 0.002182113532157672 -0.001423157371688906 0.00144
855 0.002174924581731629 0.005597222222222227 0.00144
856 -0.002174924581731629 0.005597222222222228 0.00144
857 0.001729213010762785 0.008233141648271557 0.00144
858 -0.001729213010762791 0.008233141648271556 0.00144
859 0.002173938471515409 0.004823148148148152 0.00144
860 -0.00217393847151541 0.004822961043894249 0.00144
861 0.002173116086579158 0.004049261178327982 0.00144
862 -0.002173073189486291 0.004049074074074078 0.00144
863 0.002180230534157032 0.003260167603844315 0.00144
864 -0.002179187685176955 0.003257487896554829 0.00144
865 -0.002175125878245925 -0.0006925925925925927 0.00144
866 0.002175125878245924 -0.0006925925925925925 0.00144
867 -0.002174838431878408 9.259259259259203e-05 0.00144
868 0.002174838431878407 9.259259259259377e-05 0.00144
869 0.002172153407930283 0.0008892522745229964 0.00144
870 -0.002172153407930285 0.0008892522745229956 0.00144
871 0.001792106883863554 0.001713032595824995 0.00144
872 0.001558956297402546 0.00217670898723378 0.00144
873 -0.001794685367912528 0.001707024399275637 0.00144
874 -0.001553862373281299 0.002167771223876137 0.00144
875 -0.001838105292272053 -0.0009411473606830635 0.00144
876 0.001838105292272052 -0.000941147360683062 0.00144
877 -0.001830318390613022 -0.0001595679012345703 0.00144
878 0.001830318390613022 -0.0001595679012345661 0.00144
879 0.002160681178375614 0.001712752497704145 0.00144
880 -0.002161016557183751 0.001712179998924662 0.00144
881 -0.001833162067940082 0.0006430884291043566 0.00144
882 0.00183316206794008 0.0006430884291043597 0.00144
883 0.002163956718122465 0.00133290201370149 0.00144
884 -0.002163956718122465 0.00133290201370149 0.00144
885 0.00216932415532237 0.002472162718339614 0.00144
886 -0.002177027832180635 0.002464977762896454 0.00144
887 -0.002159430190612628 0.002840917483099807 0.00144
888 -0.00186373830424334 0.002662305529988527 0.00144
889 0.001570075867455931 0.002524958315791298 0.00144
890 0.002183063554230121 0.002859810570596617 0.00144
891 -0.002175977283591815 0.007534682313784463 0.00144
892 0.002175800265823502 0.007534181638167626 0.00144
893 0.002179384649090911 0.005988302788980592 0.00144
894 -0.002178030383195049 0.005215400914723119 0.00144
895 0.00217708638299313 0.003667312204436125 0.00144
896 -0.002176905425314307 0.003666834402512228 0.00144
897 0.002176871181747175 0.004442623776634912 0.00144
898 0.002178030383195049 0.005215432098765436 0.00144
899 -0.00217682113513883 0.00444256140855028 0.00144
900 0.00217964736391733 0.006760613194624333 0.00144
901 -0.002179598246159972 0.006760589296579784 0.00144
902 -0.002179375712196564 0.005988271604938275 0.00144
903 0.001581976404784032 0.006391666666666664 0.00144
904 0.001581976404784028 0.004091666666666661 0.00144
905 -0.00158197640478403 0.004091666666666665 0.00144
906 -0.00158197640478403 0.005625000000000001 0.00144
907 -0.001565898834642166 0.003303659390112507 0.00144
908 0.001567924472875609 0.003306245300983068 0.00144
909 0.001581976404784024 0.004858333333333335 0.00144
910 -0.001581976404784028 0.004858333333333333 0.00144
911 0.001581976404784035 0.005625000000000001 0.00144
912 0.001581976404784031 0.007158333333333334 0.00144
913 -0.001581976404784033 0.006391666666666669 0.00144
914 -0.001581976404784029 0.007158333333333341 0.00144
915 0.001932228384796981 -0.001677378466987193 0.00144
916 -0.001932228384796982 -0.001677378466987192 0.00144
917 -0.001574207905694985 0.007946459148700818 0.00144
918 0.001574207905694981 0.007946459148700822 0.00144
919 0.002021802625286761 0.00824021726194722 0.00144
920 -0.002021809692329027 0.008240256231602601 0.00144
921 -0.001528326522828332 0.001842853974524266 0.00144
922 0.001558559132223342 0.001882625324058321 0.00144
923 0.001824672537116647 0.001042486891578083 0.00144
924 -0.001824672537116648 0.001042486891578081 0.00144
925 0.002164069889918917 0.0004800814752959179 0.00144
926 -0.002164069889918919 0.0004800814752959166 0.00144
927 0.001833731463391737 0.0002426990992930519 0.00144
928 -0.001833731463391739 0.0002426990992930476 0.00144
929 -0.002163812130841135 -0.0003099279835390954 0.00144
930 0.002163812130841135 -0.0003099279835390941 0.00144
931 -0.001834560281995356 -0.0005505393063415551 0.00144
932 0.001834560281995355 -0.000550539306341552 0.00144
933 0.001862908222156831 0.002321365127144769 0.00144
934 -0.0018550137440412 0.002313411548086283 0.00144
935 -0.002174120310970966 -0.001073161112374687 0.00144
936 0.002174120310970965 -0.001073161112374686 0.00144
937 -0.001875259003681324 0.007719997187014617 0.00144
938 0.001875113842657334 0.007719874771423095 0.00144
939 -0.001872145903396286 0.007346903541721782 0.00144
940 0.001870758527788046 0.007347747743164061 0.00144
941 0.001876134736167441 0.002690128089628453 0.00144
942 -0.001866507674124396 0.00696666666666667 0.00144
943 0.001866507674124401 0.006966666666666682 0.00144
944 0.001867734957943048 0.006581833521124347 0.00144
945 -0.001867492520929715 0.006581824366852765 0.00144
946 0.001866324028503143 0.006198190266960025 0.00144
947 -0.001866310796374444 0.00619818039943227 0.00144
948 -0.001866509086792774 0.005813650442982227 0.00144
949 0.001866510433307785 0.005813652936396348 0.00144
950 0.001849930889838986 0.001982535115077448 0.00144
951 -0.001821411395776167 0.001998994890660493 0.00144
952 -0.001865225291885849 0.005429867604870887 0.00144
953 0.001865225373671262 0.005429869650391805 0.00144
954 -0.001866191179393228 0.005044463965149225 0.00144
955 0.001866191186347769 0.005044482701018031 0.00144
956 0.001863175826118588 0.004662227969659123 0.00144
957 -0.00186315715288486 0.004662211679073159 0.00144
958 -0.001555645253538749 0.002526536380230129 0.00144
959 -0.001863940988161994 0.003080016713197582 0.00144
960 0.001867614254916542 0.004273902332296268 0.00144
961 -0.001867527429312704 0.004273870693852878 0.00144
962 0.001872669604711233 0.003090914414618597 0.00144
963 0.001864023931736323 0.003892103944024408 0.00144
964 -0.001863997513337045 0.003892044714039616 0.00144
965 0.001868313391234511 0.003495842476338075 0.00144
966 -0.001866884286491552 0.003493854339255963 0.00144
967 0.001854427920032945 -0.001319140718622308 0.00144
968 -0.001854427920032946 -0.001319140718622308 0.00144
969 0.001389639783055836 0.001766489664347913 0.00144
970 -0.002215725767320227 -0.001714599636506245 0.00144
971 0.00221572576732023 -0.001714599636506246 0.00144
972 -0.001875150994304203 0.008013231742013691 0.00144
973 0.001875123189972795 0.008013175284416668 0.00144
974 0.00227696551413889 0.008258535312498259 0.00144
975 -0.002276975407998057 0.008258589870015794 0.00144
976 -0.001473184183291555 0.008259253492727809 0.00144
977 0.001473184183291553 0.008259253492727809 0.00144
978 -0.001979532177399314 0.00154995941271077 0.00144
979 0.001973039446318377 0.001558170007625559 0.00144
980 0.001405353979906348 0.008500000000000001 0.001174867675268817
981 -0.001404777923777413 0.008500000000000001 0.001170649605921559
982 1.653439088348911e-07 0.008500000000000001 0.001197665299920778
983 0.0007182307853026743 0.008500000000000001 0.001150852562402603
984 -0.0006895820450946973 0.008500000000000001 0.001094201170969521
985 0.001155401313211104 0.008500000000000001 0.0003311832867166685
986 -0.001163600034009298 0.008500000000000001 0.0003334378954309992
987 -0.000405559060237481 0.008500000000000001 0.0003553167536943954
988 0.0003985021286125059 0.008500000000000001 0.0003390680586304949
989 0.002194144773236929 0.008500000000000001 0.0009027434507060464
990 -0.002194144773236929 0.008500000000000001 0.0009027434507060466
991 0.001928898112941497 0.008500000000000001 0.0003539972536587843
992 -0.001928898112941498 0.008500000000000001 0.0003539972536587843
993 -0.001542189218963051 0.008500000000000001 0.0003317925678475351
994 -0.001707410306140456 0.008500000000000001 0.0006397390512362764
995 -0.001369652529724155 0.008500000000000001 0.000632961363398388
996 -0.001017547938439479 0.008500000000000001 0.0006441492264553607
997 -0.0007885371547714857 0.008500000000000001 0.0003583118627280695
998 -0.0006365014331352926 0.008500000000000001 0.0007018550768240078
999 -0.0002972796683357606 0.008500000000000001 0.000633953974409453
1000 -9.879645734363948e-06 0.008500000000000001 0.0004087024716197083
1001 0.0003150778342999876 0.008500000000000001 0.0007121175035380121
1002 0.000657376129669796 0.008500000000000001 0.0006449667692687811
1003 0.001538662740218879 0.008500000000000001 0.0003312618609416999
1004 0.001704662534405289 0.008500000000000001 0.0006394956612985237
1005 0.001365661401625509 0.008500000000000001 0.0006314652028129461
1006 0.001023345385009355 0.008500000000000001 0.0006311304960635159
1007 -0.001065615877714484 0.008500000000000001 0.001165980114650541
1008 0.00107302675602479 0.008500000000000001 0.001177290535642514
1009 0.0003263286690079526 0.008500000000000001 0.001099742580151309
1010 -0.0003062324013263745 0.008500000000000001 0.001148921654291531
1011 0.001718716623886148 0.008500000000000001 0.001171162715178823
1012 -0.001718681635054216 0.008500000000000001 0.001170906515631492
1013 0.0007939145362958863 0.008500000000000001 0.0003234638083377562
1014 0.00222124188359101 0.008500000000000001 0.0005469990799954556
1015 -0.002221241883591011 0.008500000000000001 0.0005469990799954556
1016 0.002021965422628817 0.008500000000000001 0.001178642752370638
1017 -0.002021959591156828 0.008500000000000001 0.001178600052446083
1018 0.001553241239102705 0.008500000000000001 0.0009089970022777704
1019 -0.001553992346015698 0.008500000000000001 0.0009082187210387286
1020 0.001861537408129857 0.008500000000000001 0.0009135104534757207
1021 -0.001862113751187229 0.008500000000000001 0.0009133714883468582
1022 -0.001219996600764354 0.008500000000000001 0.0009083800882513911
1023 0.001223773501785589 0.008500000000000001 0.0009095217510363294
1024 0.0008719111405844147 0.008500000000000001 0.0009040681226459805
1025 -0.0009172990042795725 0.008500000000000001 0.0009153580477307063
1026 0.002240766785631571 0.008500000000000001 0.0002585829580881717
1027 -0.002240766785631571 0.008500000000000001 0.000258582958088171
1028 0.000551046146522842 0.008500000000000001 0.0009076228919210314
1029 -5.804836860150977e-05 0.008500000000000001 0.0008679786950077209
1030 -0.002280720872878751 0.008500000000000001 0.001208268700630426
1031 0.00228072203917315 0.008500000000000001 0.001208277240615337
1032 -0.0004080973343650457 0.008500000000000001 0.0008852007619641069
1033 0.001980496060477583 0.008500000000000001 0.0006738268824542249
1034 -0.001980970934019375 0.008500000000000001 0.0006738418002840668
1035 6.057019975789319e-05 0.008187253147026374 0
1036 0.00216573112727937 0.005583333333333342 0
1037 0.002094151073621359 0.004014622480006909 0
1038 -0.002165329773582811 0.004793919223852281 0
1039 -0.002172304885240797 0.003281771893922817 0
1040 -0.002160947355247406 0.006003646070576105 0
1041 0.002175969497779922 0.002861015465962825 0
1042 -0.0001335979102464985 0.001100277780852507 0
1043 0.002143504652729447 0.006745582319841034 0
1044 -0.002146207531981208 0.002074789992083166 0
1045 -0.002149002054691932 0.007129795651476796 0
1046 0.002124134246170183 0.001695267749789326 0
1047 0.001078636431333759 0.008206859726269021 0
1048 -0.001227514300471861 0.008125356013920596 0
1049 -0.002173112609364135 0.001305343504966474 0
1050 -0.002194053355817937 0.004026220255741185 0
1051 0.002163210833719776 0.004805583529852558 0
1052 0.0008566514553089576 0.000709587840900249 0
1053 0.002177799849210004 -0.0009817663544995166 0
1054 -0.002165508716853749 -0.001024278777139167 0
1055 0.0008564060579717629 -0.0007093566280565265 0
1056 -0.002130841534030014 0.0004838982097936082 0
1057 0.00218995490069677 -0.0002297213139662146 0
1058 -0.002131492704267389 -0.0002188285991327678 0
1059 0.002167060639011139 0.0005211576314031424 0
1060 -0.001188315206348843 -0.001624241589342043 0
1061 0.002164313874121024 0.007534397175068952 0
1062 -0.000986034856809339 -0.0005278692532181212 0
1063 -0.001001676132490629 0.0004840018564549221 0
1064 0.001542022932147031 -0.001660408379601118 0
1065 0.00110292935813566 -0.000478139880517713 0
1066 0.001246608192072951 -4.678760267443419e-05 0
1067 0.0004091938363251541 0.001069039146229541 0
1068 0.0001846208963624438 0.001409290844901454 0
1069 0.0008068874634484511 0.001181841316599511 0
1070 -0.0006513060327568471 0.000938545695949069 0
1071 -0.0004995124825096682 0.001317106169816069 0
1072 -0.001067290129235632 0.0009594188913963258 0
1073 -0.001179908425090047 0.0001788433800530547 0
1074 0.0004055006921862741 -0.001061212986600978 0
1075 0.001210265251393251 -0.0008117380029741814 0
1076 -0.0003847730868306843 -0.00167866362454594 0
1077 -0.0005757632484336955 -0.0009267388376388867 0
1078 -0.002196236526030459 0.007912620236093442 0
1079 -0.001054154928048466 -0.0009338997733741852 0
1080 -0.001414564605842702 0.0005121731544479669 0
1081 -0.001477113126236354 0.000921489528711736 0
1082 0.0007998945382252632 -0.001158847302466735 0
1083 0.001500453172238932 -0.0005069386223819697 0
1084 -0.001544136952530019 0.0001597408690432686 0
1085 -0.001886019032925486 -0.001648121041549362 0
1086 0.001918440406670405 0.008170234468077594 0
1087 5.261195090175983e-05 -0.001147875914028697 0
1088 0.0003954127005391084 -0.001686380806987027 0
1089 0.001537143508648251 -0.0009178169558579053 0
1090 0.001622397816941277 -0.0001451895746743194 0
1091 0.001236272654774905 -0.001241768397605185 0
1092 0.001130032978086351 0.000461613643797034 0
1093 0.00120560066422308 0.0008122915167199131 0
1094 0.001223294053071268 0.001228066857410076 0
1095 0.001519212504510743 0.0005595792000125661 0
1096 0.00156828489057243 0.000925668472471752 0
1097 0.001633144431028367 0.001305681605921005 0
1098 0.001373359564734823 0.001602669380232367 0
1099 0.00190350046558794 0.001077898329793267 0
1100 -0.00134833710948544 -0.0001605074823537644 0
1101 0.0009833431499217385 0.001546524046907727 0
1102 0.001134412563397973 0.001908013040654757 0
1103 0.0007429880264204027 0.001849405684999176 0
1104 0.0008991663794224369 0.002212860777536796 0
1105 0.000506795798472297 0.002154735173647227 0
1106 0.0006637595588940798 0.002518917421584562 0
1107 0.0002786323913803236 0.002466650035622747 0
1108 0.0004295136512707373 0.002826570089164382 0
1109 4.417211077963664e-05 0.002774416146160429 0
1110 0.0001941676589468501 0.00313394783471158 0
1111 -0.0001897125078869229 0.003083155295291991 0
1112 -4.128117354176971e-05 0.003441641493785111 0
1113 0.000343022902733615 0.003492426966340903 0
1114 0.000106922988364394 0.003800019769020545 0
1115 -0.0002775362959903777 0.003749146327911848 0
1116 -0.0001293732579030335 0.004107668572399086 0
1117 0.0002552671925624005 0.004158528199408304 0
1118 1.890807509175897e-05 0.004466281143530896 0
1119 0.0004036524353427271 0.004517105334135774 0
1120 0.0001672124373714532 0.004824871383363373 0
1121 -0.000217431357480397 0.004773984925815825 0
1122 -6.916456048331344e-05 0.005132580744115352 0
1123 0.0003153746089545112 0.005183336415963012 0
1124 7.917195654700247e-05 0.005490916468596578 0
1125 0.0004635267305585825 0.005541710817406268 0
1126 0.0002273083205797288 0.005849058376473341 0
1127 -0.0001568241489988656 0.005798325049079065 0
1128 -8.815508919660011e-06 0.006156269128438216 0
1129 0.0003749188815305089 0.006207135974622269 0
1130 -0.0003927608232100065 0.006105528737616059 0
1131 -0.0002448000786226343 0.00646339476146093 0
1132 -0.0003403464036487048 0.00272291924992329 0
1133 -0.0006286648262646519 0.006412634472396693 0
1134 -0.0005140155561012701 0.004056722412820556 0
1135 -0.0004537078028583187 0.005081731378152543 0
1136 -0.0005738509945917049 0.003032135911467419 0
1137 -0.0007227390657189199 0.002673247243454721 0
1138 -0.0004806074783949197 0.006770374856676984 0
1139 -9.703955176216866e-05 0.006821068122798675 0
1140 0.0006400722242006262 0.004209283043315037 0
1141 0.0008142397402134834 0.002877958945279567 0
1142 -0.000776770679354696 0.006054766502180951 0
1143 0.0006999264178243311 0.005234176025187982 0
1144 0.0008480371986475557 0.005592672275410864 0
1145 -0.001012588775905424 0.006361940564234198 0
1146 -0.0009577696096283782 0.002981274940585046 0
1147 -0.001105658180155889 0.002623197569506344 0
1148 0.001084522895402589 0.005285131314855192 0
1149 -0.0003326981310841121 0.00712785493492186 0
1150 -0.0007161017260400445 0.007077170294070585 0
1151 5.067110550696294e-05 0.007178551363806282 0
1152 -0.001161073600790948 0.006003952511436544 0
1153 -0.0008703880548058571 0.002315402182187283 0
1154 0.001263961036338444 0.002272291063422577 0
1155 0.001220742055735498 0.005634520591453047 0
1156 -0.000568268659925815 0.007434393393179481 0
1157 -0.0009515547865890659 0.007383921799098919 0
1158 -0.001234856283701936 0.002257537073551872 0
1159 -0.001508498439215342 0.002527570865507461 0
1160 -0.001397035331020176 0.00631131440909387 0
1161 -0.001014277409351583 0.001957055500786959 0
1162 -0.001378693727772356 0.001898399199730899 0
1163 0.0001293386000855959 0.002106926891852201 0
1164 -0.0006334386395704197 0.00200933459293233 0
1165 0.0002862877426072102 0.006871956672603798 0
1166 0.0004339894473803056 0.007229260964868594 0
1167 0.0006695625278688258 0.006922724886630963 0
1168 0.0008172314131783052 0.007280025580744701 0
1169 0.001052956625217124 0.006973582459172045 0
1170 0.001200740461107699 0.007330963061749974 0
1171 0.0005815584059651441 0.007586337605113321 0
1172 -0.0006020995716860635 0.004723111941912649 0
1173 -0.0008382693419743902 0.005030820242559877 0
1174 -0.0009868046204483032 0.004672279232218583 0
1175 -0.001222757709569933 0.004980001232513276 0
1176 -0.001371656043560696 0.004621327023078487 0
1177 0.0009940350409586266 0.005949534476516674 0
1178 0.001438889242204697 0.005966394937332302 0
1179 -0.001099552997231999 0.007026590133823183 0
1180 -0.001335053306808414 0.007333583906887256 0
1181 0.0007884189342289576 0.004567914065765538 0
1182 0.001025001713212074 0.004260025664463294 0
1183 0.001163591060539854 0.004622845941633025 0
1184 0.0008765422469715844 0.003901326547715212 0
1185 0.001261493073065517 0.003952080606317691 0
1186 0.00111303648135137 0.003593447436919793 0
1187 0.001489333840654034 0.003647730213579722 0
1188 0.001348077576582877 0.003286194669449233 0
1189 -0.001135228071095449 0.004313438119386738 0
1190 -0.0006621956888410799 0.003698063779057575 0
1191 0.001469258957748729 0.005335977169968148 0
1192 -0.001480487142669113 0.006978508645531418 0
1193 0.001436662467537007 0.007024309555386294 0
1194 -0.00151428218011269 0.00426423346022466 0
1195 -0.001282656675534207 0.003954794934216519 0
1196 -0.001159679960635894 0.001600478627650534 0
1197 0.000905972598202495 0.006616285175895919 0
1198 -0.0006896020273930792 0.00538936076498068 0
1199 -0.001517174142854841 0.001561995925491264 0
1200 -0.001533432383570986 0.005947981790205085 0
1201 -0.001307493722393561 0.005644953763541906 0
1202 -0.001694039604583132 0.005594452377416965 0
1203 0.001783285125384731 0.003367469562299536 0
1204 0.001583997299347806 0.002984407537181533 0
1205 0.001572100662593286 0.007372354602071652 0
1206 -0.001588419056473505 0.00494819515865284 0
1207 -0.0007845259300480979 0.007732893434294475 0
1208 -0.0004268226271354858 0.007792545586646511 0
1209 -0.001644578152553305 0.003900867092940897 0
1210 -0.001427580740823176 0.003595220991048295 0
1211 0.001646468642472961 0.004002899648963072 0
1212 0.001355959738028753 0.007687468696774996 0
1213 -0.001796662623626452 0.006249511747742589 0
1214 0.001847320297769506 -0.0006997996612284443 0
1215 -0.001777152067896806 0.007324700480454019 0
1216 -0.001564807651315199 0.007642995882497427 0
1217 0.001802551941482187 0.007743371709238864 0
1218 0.001820677010455094 0.007074836167760298 0
1219 0.001697822338291027 0.006709622516510864 0
1220 0.001936818490902312 0.006385538591045866 0
1221 -0.001828400175688148 0.003525321073757036 0
1222 -0.00156485679588537 0.003227415998248542 0
1223 -0.0017210988799643 -0.000179447943053943 0
1224 -0.001543049087629057 -0.0004849663747548429 0
1225 -0.00192310248017796 0.0001358006163316413 0
1226 -0.001773864786389442 0.001879405182657324 0
1227 -0.000667996151517747 0.008120093463698115 0
1228 0.001755147759516636 0.001674516909177082 0
1229 0.001612844042780459 -0.001284362456121852 0
1230 0.001894065560382413 -0.001492162394661604 0
1231 0.001128638554254656 -0.001666731514631837 0
1232 0.0005735276454677954 0.001469886108684146 0
1233 0.0003298173421919025 0.001772938513098422 0
1234 -2.773085512425928e-05 0.001742821087805337 0
1235 -0.0002602643592367593 0.002057734597797228 0
1236 0.001201321261777758 0.002926883105359278 0
1237 -0.00216346737159211 -0.0006393306114150584 0
1238 -0.001766983942416343 -0.000806968574779982 0
1239 -0.001829770279406169 -0.001219273539370666 0
1240 -0.001492850859764382 -0.001026787884569657 0
1241 -0.001530813020633394 -0.001412339910622867 0
1242 0.002185951237683417 0.0001410798828332849 0
1243 0.00186209656154239 0.0003378064012301346 0
1244 -0.002159818598503885 0.0009092450448916498 0
1245 -0.001852007970929423 0.001104418074528517 0
1246 -0.001796928366903647 0.0007235456229933573 0
1247 -0.0001080147721182639 0.002413713183666518 0
1248 -0.0007815914047678142 0.001651763850843745 0
1249 -0.002169249524498164 0.007524156518232327 0
1250 -0.002163422988578241 0.001694079595553291 0
1251 -0.001818193657740731 0.002283311047758991 0
1252 -0.002150188484872462 0.002461396924767508 0
1253 -0.0001851825250785912 0.007479801119606814 0
1254 -0.00210665496470192 0.002866648042151108 0
1255 0.0001990942037592351 0.007529376910406374 0
1256 0.0003203235018068673 0.007880248570264536 0
1257 0.0007287275976748894 0.007943258693442076 0
1258 0.002163212342972724 0.002083333333333338 0
1259 0.002165586163765563 0.002472158461640948 0
1260 0.001842447178511877 0.002259158575036191 0
1261 0.001808720504263596 0.002658855129974085 0
1262 1.386845780893204e-05 -0.001691409137290706 0
1263 0.001157167866290807 0.006300828287340309 0
1264 0.0009686539984829754 0.007617611804255953 0
1265 -0.0007749071850246501 -0.001661918694114139 0
1266 -0.0005763715945511911 -0.001314215639956492 0
1267 -0.0009609702609499273 -0.001334351638170193 0
1268 0.0007278488212751487 0.003543034892658555 0
1269 0.002163212342972723 0.003250000000000007 0
1270 -0.0003051514858073059 0.005440100178119947 0
1271 -0.002181840421249725 0.0067476978161321 0
1272 -0.002163302633165771 0.006361267498312924 0
1273 0.002145301871518245 0.003604362047577327 0
1274 -0.00209831584174125 0.005584258290378503 0
1275 0.000611219809069525 0.005899708816603571 0
1276 -0.002163720186031157 0.005179971367448839 0
1277 0.0001387255406260688 0.006514270151404629 0
1278 -0.001045661435935172 0.003646962004790015 0
1279 0.002138004929298716 0.006022627812658337 0
1280 0.001818964516218753 0.005784493537045261 0
1281 0.002166137768046004 0.005194449106827283 0
1282 0.001755473514336835 0.005001112055734534 0
1283 0.001826468609908837 0.004611187189647379 0
1284 0.002163159363491675 0.0044167584339124 0
1285 -0.002164327570289334 0.004407695522394005 0
1286 -0.001170767013769106 0.007730461602380483 0
1287 -0.0003657461188678866 0.004415365205678717 0
1288 -0.001341929960942568 0.002928283854372783 0
1289 0.0004916127293512944 0.003850769903076426 0
1290 0.000551827746452556 0.004875664972957064 0
1291 -0.0007504650451283131 0.004364422237593291 0
1292 -0.0008983704121059153 0.004005733914644115 0
1293 -0.001797523850230055 0.004604058233157278 0
1294 0.00146842868979541 0.00434500664003992 0
1295 0.000964510331052756 0.003235250629566873 0
1296 -0.0008642007428881773 0.006719565121425686 0
1297 -0.0004253710956517369 0.003390730404024949 0
1298 -0.0005409457471086732 0.005747579801088577 0
1299 -0.001551783377303702 0.008187314085755957 0
1300 0.0009348570456607021 0.004927229293908329 0
1301 -0.001616753947706955 0.00661729229572893 0
1302 0.0005785587492157154 0.003184930599595319 0
1303 0.001410053267362467 0.002628774674257641 0
1304 0.001480031138483035 0.008097935969724445 0
1305 0.001318104453962639 0.004977725139667585 0
1306 -0.0008094033917415253 0.003339668733952816 0
1307 0.0005223678502755342 0.006565006981237142 0
1308 0.0007609470077212495 0.006256416618702645 0
1309 0.001048755418851433 0.002570785046610925 0
1310 -0.0009249479163911565 0.005696897773031877 0
1311 -0.001245103156236974 0.006669201861639546 0
1312 -0.001073701281761553 0.005338227079102912 0
1313 0.001552355859941121 0.006353537389081019 0
1314 -0.001191200322492698 0.003286471087166249 0
1315 -0.001455703785667767 0.005289555822662133 0
1316 0.001300489625913264 0.006663027563897741 0
1317 -0.0009108923090992058 0.001285945003808742 0
1318 -0.001723709758696269 0.002878524622929667 0
1319 -0.0004904319953511044 0.002362988437806248 0
1320 -0.001287046821488133 0.001266261280923097 0
1321 0.0007606363823493343 -0.001696542104852216 0
1322 0.001542037881849577 0.002006092262016374 0
1323 0.001826278374617598 0.00541336016135772 0
1324 -0.002185507522229923 0.003647540748495968 0
1325 -0.002183413004898748 -0.001407170433697079 0
1326 0.002181400206165577 0.007910905604892477 0
1327 0.002179771771246693 0.007149501201913985 0
1328 -0.001913669868830691 0.008137566617098961 0
1329 -0.001853800829160311 0.006905771478334148 0
1330 0.002187913848946044 0.001276775125210971 0
1331 -0.0003896655021943937 0.001697393543579064 0
1332 -5.29809161874885e-05 0.007834333898122287 0
1333 0.002182732408051152 -0.000600554443625861 0
1334 -0.0002467278503633465 -0.001055786083743381 0
1335 -0.001812788681475699 0.005258581856402138 0
1336 -0.001875465896289374 0.004185761440345847 0
1337 0.001869863143313837 0.0007127915734728265 0
1338 0.00148876946588417 0.0001831591756295747 0
1339 -0.001859509097044425 -0.0004838650246102184 0
1340 0.001831162687130659 0.003716302465379724 0
1341 -0.001856209053792813 0.001477786567369914 0
1342 0.002189517759059453 -0.001348775043699688 0
1343 0.001855054479281504 0.004271952367348696 0
1344 -0.0003218082142387229 0.008175303216120715 0
1345 0.0004413471396168636 0.008210688263492938 0
1346 0.001500923250087128 0.004694055061906292 0
1347 -0.001893106498369789 0.007722267185814152 0
1348 0.0005761908404007146 -0.001399749934417507 0
1349 0.001784033281235633 0.00610618943089577 0
1350 -0.00153641406736616 -0.001736940508302854 0
1351 -0.0001595055348123111 -0.001385303478113059 0
1352 0.002191189906385605 0.0008896536389804977 0
1353 0.0019020604390317 0.003055555555555568 0
1354 -0.001761914787896868 0.0004030316945219685 0
1355 -0.001857222907909792 0.005872016617143174 0
1356 -0.001334760614186523 -0.0007296018284670177 0
1357 0.001861838842112799 -0.001094892287913315 0
1358 -0.001839094004251782 0.002586210492337404 0
1359 -0.002245140610979818 0.0001380665003177647 0
1360 0.0007574345414174104 0.008272161336640807 0
1361 0.001878527525092682 0.00195488859202086 0
1362 0.0002395548628591521 -0.001387672572814332 0
1363 0.002252949489274363 0.006361111111111126 0
1364 -0.001247988775500015 -0.001236607017232221 0
1365 0.001545668555962655 0.005639526819162909 0
1366 0.00189388924162108 0.007375461014530377 0
1367 -0.0001354552719574388 0.001405600962279682 0
1368 -0.001874105886362202 0.003146318285830851 0
1369 0.001866319458737056 -5.854052433248731e-06 0
1370 -0.002215725767320229 0.008214599636506243 0
1371 -0.001930199631718199 0.006555579617230913 0
1372 -0.001908811995403758 0.004970815021676444 0
1373 -0.001417070334017902 0.007902204732275878 0
1374 -0.00221918000020708 -0.001718015910789946 0
1375 0.002219180000207079 0.008218015910789937 0
1376 0.00221862069938298 -0.001717462756128745 0
1377 0.0009246391820844579 -0.001404274712504903 0
1378 -0.001053262181711005 -0.0001186604437570593 0
1379 -0.001951531622577208 0.003823988201113736 0
1380 0.001900824583259759 0.001421734154646021 0
1381 0.001124999949360217 0.007894458917497718 0
1382 -0.001525956256890551 0.002168469680541188 0
1383 0.001039725806461595 0.0001572376186013175 0
1384 -0.001668087545967457 0.007918469700688475 0
1385 -0.0009513185049383941 0.008029658661699713 0
1386 0.001553564083595768 0.002359426162997457 0
1387 -0.001590131260866872 0.00126823970847998 0
1388 -0.001253088769964273 -0.0004043210765101611 0
1389 0.001862639321625362 -0.0003525570230803261 0
1390 0.001016303372199356 -0.001033952092246294 0
1391 -0.00081201984325086 -0.001064260709330959 0
1392 0.001368307535401402 -0.0002628629163788938 0
1393 0.00101740128065575 0.001016329548518049 0
1394 -0.001258671331003619 0.000752205540111467 0
1395 0.001900172607613254 -0.001774006706078294 0
1396 0.0006613147898545365 -0.0009322554561022585 0
1397 -0.00081827341898908 -0.0007843340784932113 0
1398 0.001029554380599365 -0.0001741878820276832 0
1399 0.0001369962076779663 0.001128265278184403 0
1400 0.0006687092590605677 0.0009323469745008582 0
1401 -0.0003920250837867608 0.001025985660191494 0
1402 -0.0008677015874686731 0.0007483674819057538 0
1403 0.0025 0.007138825800162205 0.0003451150598454554
1404 0.0025 0.005970460891055849 0.0003578174618489248
1405 0.0025 0.004415067292783173 0.0003545522605302856
1406 0.0025 0.002090842253132289 0.001088142682782336
1407 0.0025 -0.0006389882517900945 0.0003364617756271278
1408 0.0025 0.0001424813956465093 0.0003657158938610335
1409 0.0025 0.003633926287361299 0.001077600721381876
1410 0.0025 0.005194444444444456 0.0003367876570272819
1411 0.0025 0.002867774157829965 0.001090724000593045
1412 0.0025 0.0009427180851795938 0.001058807455258867
1413 0.0025 0.007523153143268206 0.001074808899963626
1414 0.0025 0.006361111111111113 0.001103212342972721
1415 0.0025 0.005578704132502658 0.001075798876092224
1416 0.0025 0.004793921992799079 0.001095916488304724
1417 0.0025 -0.0002485804145003837 0.001085266882853949
1418 0.0025 -0.001024153958461753 0.001057668930063396
1419 0.0025 0.001708808674028471 0.0003346899099001303
1420 0.0025 0.002474748968886597 0.000356491723317496
1421 0.0025 0.003253723008938269 0.0003500666247043804
1422 0.0025 -0.00142985090581347 0.0003592901039710431
1423 0.0025 0.007930275688498249 0.0003589119136329523
1424 0.0025 0.0009369874279368928 0.0003420201131261356
1425 0.0025 0.008219660699557861 0.000891920071045227
1426 0.0025 -0.001719673665502451 0.0008919205204583076
1427 0.0025 0.007529288534861737 0.0003421704692517684
1428 0.0025 0.007699252595132091 0.0007145072146296731
1429 0.0025 -0.001029991711452446 0.0003393139443479863
1430 0.0025 -0.001200227665507984 0.0007096122831274722
1431 0.0025 -0.0008297826611252542 0.0006875993777156475
1432 0.0025 -0.0004440143498235564 0.0006804522152552691
1433 0.0025 -0.0006382498686150495 0.001049185142352544
1434 0.0025 -4.838349617271656e-05 0.0007295692028608622
1435 0.0025 0.0001429661767744024 0.001094532254038797
1436 0.0025 0.0003465526588508055 0.0007356489088075351
1437 0.0025 0.0005446450427758157 0.0003580815201121451
1438 0.0025 0.0007446747962410651 0.0007057849246357474
1439 0.0025 0.001146254344680085 0.0006734165362065807
1440 0.0025 0.001333012224735309 0.001049531346048158
1441 0.0025 0.001520336275187745 0.0006897333701414571
1442 0.0025 -0.0002487130259961174 0.0003476978834971755
1443 0.0025 0.006749999999999997 0.001103212342972713
1444 0.0025 0.006556320971053542 0.0007522755291617196
1445 0.0025 0.006164739349555561 0.000725288213260567
1446 0.0025 0.006944444444444434 0.0007664246859454263
1447 0.0025 0.006750450239775439 0.0003982369600116492
1448 0.0025 0.007328909126022508 0.0007034105680560766
1449 0.0025 0.006363150206911002 0.0003587867850685508
1450 0.0025 0.005774289015426776 0.0007142140721552792
1451 0.0025 0.005580355863580799 0.0003477863745413208
1452 0.0025 0.007137380748585487 0.001087976082822974
1453 0.0025 0.005189631529680281 0.00108267318442647
1454 0.0025 0.005000000000000008 0.000766424685945436
1455 0.0025 0.004594745312250268 0.0007327395321758026
1456 0.0025 0.004804027904811999 0.0003967018216196739
1457 0.0025 0.004197673029983182 0.0006933250445058084
1458 0.0025 0.004401216579388056 0.001066396119474575
1459 0.0025 0.004024129620894006 0.0003431064501039729
1460 0.0025 0.003820701388806165 0.0006838162631800555
1461 0.0025 0.002475714180139372 0.001090889346053191
1462 0.0025 0.002280438322227232 0.0007505055591423798
1463 0.0025 0.002085597489833804 0.0003406835570488625
1464 0.0025 0.00267750718204059 0.0007120446487244602
1465 0.0025 0.003080373355882439 0.0007626615544579273
1466 0.0025 0.002868095789661688 0.0003635440918673772
1467 0.0025 0.005970548008840093 0.001083085584080132
1468 0.0025 0.005378867701405297 0.0006890181434409193
1469 0.0025 0.0005387445454335706 0.001079128923790158
1470 0.0025 0.003636382749027231 0.0003394925541533699
1471 0.0025 0.003254006416470145 0.00107849204389411
1472 0.0025 0.001709100818634735 0.001062707514318842
1473 0.0025 0.003445217676318895 0.0006995295393342935
1474 0.0025 -0.00142876021967254 0.001062011377374598
1475 0.0025 0.007928464984360888 0.001065158771019007
1476 0.0025 -0.001729073125129133 0.0005501904187265567
1477 0.0025 0.008229128795307907 0.0005501268626882804
1478 0.0025 0.001899187305507379 0.0007110770988890012
1479 0.0025 0.004018178806849046 0.001066856358090386
1480 0.0025 0.001320582972157385 0.0003399766548957173
1481 0.0025 -0.00175190899925722 0.001182786379566581
1482 0.0025 0.008251847359005974 0.001183415768412847
1483 0.0025 0.008244393025938015 0.0002553698274486824
1484 0.0025 -0.001744344000135612 0.0002554149036095385
1485 0.0025 0.008001356552571399 0.000716124966603028
1486 0.0025 -0.001501517116325116 0.0007146049407315956
1487 -8.753052675740297e-05 -0.0007951970868190927 0.001078741829872597
1488 -0.0004534133777977992 0.0006591026542458999 0.00104137964949649
1489 0.0002836839096340287 0.0007480129941483318 0.0011092103183755
1490 -0.0007073549771191319 -0.0003736963156692776 0.001093383807876787
1491 0.0002836839096340285 -0.000748012994148332 0.0003307896816245012
1492 -0.0004617410308452647 -0.0006532956608105953 0.0003364506398401301
1493 -0.0007083648205225677 0.0003717785376350152 0.0003307896816245014
1494 -7.705122489595565e-05 0.0007962807976725502 0.000359232032196006
1495 0.0007392499999997474 -0.000305793128602285 0.0008999999999999987
1496 0.0007392500000000474 0.0003057931286015597 0.0005399999999999987
1497 0.0007393468900902362 0.0003055587932197276 0.0008995691987635035
1498 0.0005610973668961455 0.0005702365692080895 0.0006119212693092188
1499 0.0005616858081666369 0.0005696569607265341 0.0003490592059263264
1500 0.000286528586683903 0.0007469279543656972 0.0005318622870841369
1501 0.0007393468900902359 -0.0003055587932197285 0.0005404308012364924
1502 0.0005611060076016418 -0.0005702280668586443 0.0008280445166286758
1503 0.0005616858081654881 -0.0005696569607276669 0.001090940794073223
1504 0.0002865285866827355 -0.0007469279543661451 0.0009081377129142641
1505 -9.642934420425887e-05 -0.0007941670992784432 0.0003307896816276353
1506 -0.0002792509422726124 -0.0007496792055538543 0.0006933290070049536
1507 -0.0005988085985386143 -0.0005304981265906796 0.0006615793632474248
1508 -0.000454921367303004 -0.0006580627246480121 0.001034306106155233
1509 -0.000780506987325424 -0.0001755244790227004 0.0007442134293711097
1510 -0.0007393905058111992 -0.0003054532368731083 0.0003504879435139867
1511 -0.0007999798797941141 5.673792787433003e-06 0.001099966495866275
1512 -0.0007719461008092305 0.0002099981367665566 0.0007756747409037021
1513 -0.0007067509253712793 0.0003748374707614495 0.001111097259146344
1514 -0.0004527522041520118 0.000659557004083419 0.0003336610666248698
1515 -0.0002836839096314968 0.000748012994149292 0.0006615793632505682
1516 -0.0005997841671689315 0.0005293948930746039 0.0006812372268283978
1517 -6.162967469358722e-05 0.0007976225819252879 0.001052675571634196
1518 0.0005851614147993307 -0.0005455145448382158 0.0003196757897276476
1519 0.0005851614147993343 0.000545514544838212 0.001120324210272356
1520 -0.0007986253984753443 4.687721098889829e-05 0.000420750738735558
1521 6.001618606749005e-05 -0.0007977456094582485 0.0006565933920437404
1522 2.894497930481701e-05 0.0007994761961265912 0.0007122610365900071
1523 0.0002836839096340278 -0.0007480129941483322 0.001210370757045951
1524 0.0002836839096340285 0.000748012994148332 0.0002296292429531477
1525 0.0003153448600951476 0.0007352262367540836 0.0008272405832132559
1526 0.0007536381748693852 -0.0002683831242450653 0.001160412420796076
1527 0.0007557143679228144 0.0002624800832730382 0.0002591391221756634
1528 0.0007556421751054673 -0.000262687843650745 0.0002593692016088447
1529 0.0007556421751056102 0.0002626878436503341 0.001180630798390844
1530 0.0003395445532596335 -0.0007243683430076967 0.0006126912372808945
1531 -0.0007589052889995458 -0.0004561222538044231 0.0014715
1532 -0.0001009752238890729 0.000831270091648225 0.0014715
1533 0.001130683293044102 0.004471664979528328 0.0014715
1534 0.0003372262155989299 0.002326514738964583 0.0014715
1535 0.0008663557729828775 0.008322637940015028 0.0014715
1536 0.00140275938538191 0.00192832164903187 0.0007203176900728
1537 -0.0007536383669176742 0.007504917991390143 0.0007178103630791585
1538 -0.001443967708117567 0.00777020008451208 0.000727234004642415
1539 0.001533149886589266 0.007786480458302216 0.0007204192788138949
1540 0.0006109725420706527 0.007365150423415381 0.0007052670300616196
1541 0.0007438964065827377 0.004897331840927053 0.0007197802996746718
1542 -0.0002161318890915714 0.001535136697993041 0.0007608798050628716
1543 0.001021590913646214 0.002793154856344575 0.0007145911187362941
1544 -0.001072317942254218 0.001997722407798174 0.0007292900896955725
1545 -0.0003021056691432616 0.003964763478197747 0.0007196551253886822
1546 -3.573986394206592e-05 0.007004997684286543 0.0007144533467562578
1547 3.551731327349837e-05 0.005958873686676835 0.0007225381511135443
1548 6.226677376405703e-06 0.004789829282840752 0.0007280548188655659
1549 0.001659558792426656 0.006199999999999997 0.0007264100058137244
1550 0.0009253011523129277 0.003531118764819785 0.0007174546893367477
1551 0.001471317603189353 0.005050000000000002 0.0007303664681340832
1552 0.0007868994273985714 0.00151102588654872 0.0007166466786713723
1553 0.0008001021986304938 0.005800546930967072 0.0007188101044809065
1554 -0.0003973768049079091 0.003176290710358787 0.0007202410508595772
1555 -0.001360658801594674 0.004858333333333337 0.0007252644766003489
1556 -0.001058249474614478 0.003861750474815245 0.0007172009529822611
1557 0.001660645625401892 0.004283333333333327 0.0007217363293507659
1558 0.0002948135330107386 0.002926015052108137 0.0007707202484342005
1559 -0.001669842865833643 0.00580137402826725 0.0007195578671156416
1560 -0.00143801937050696 0.00135452097130367 0.0007190055019103011
1561 -0.0009835666369358502 0.00614011488824954 0.0007096835790029911
1562 -0.001693500939684545 0.002403358829034854 0.0007214642901373944
1563 -0.0005193776644605204 0.005459697568954688 0.0007232995318608757
1564 -0.000347298823799748 0.002231511303790019 0.0007227648366950317
1565 -0.001364007119274379 0.006780799456341126 0.0007272750234549527
1566 0.001109409382904501 0.00681185736122232 0.0007249964310798945
1567 -0.001132150328085153 0.003089767389621301 0.000710835864637004
1568 -0.001708222718832965 0.004208673318910934 0.0007235972486974456
1569 -0.0006894501618988819 0.004579701036677737 0.0007200564788834189
1570 0.001356321820594598 0.0006783842663212855 0.0007134757120295048
1571 0.001766422710019821 0.00285703683166419 0.0007195938078356576
1572 0.00098032836875849 -0.001221553281201503 0.0007112101260988521
1573 0.001390181151855789 -0.0006071199057566842 0.0007235072128160577
1574 -0.001109555876284751 -0.00116902663026854 0.0007257774198415074
1575 -0.00170088894373242 -0.0003723110873577566 0.0007212216700152733
1576 -0.001573803220718251 0.0003523011511992632 0.0007095008839698231
1577 0.000412967693469981 0.004035004701342501 0.000690636184761618
1578 0.001755181123219889 0.001289384449509657 0.0007192249083963077
1579 0.001756338339003102 0.007110147308791871 0.0007504928867335428
1580 0.001743628650217763 4.547890358298787e-05 0.0007301827137740614
1581 0.001643014754368094 0.003564928744883209 0.0007382882289769291
1582 0.001769577350033648 -0.0012319906285493 0.0007121970771065651
1583 0.0004704533560537693 0.006513858147299633 0.000701642655941856
1584 0.0005502962708383724 0.002236111853545554 0.0007238695892174536
1585 -0.001745817637270098 0.003481512320936545 0.0007221077696161986
1586 -0.0006733696305097666 0.006752259279506227 0.0006602296623105969
1587 -1.815048851204788e-05 0.007734436908059797 0.0007219799510817578
1588 0.0002995786277746875 0.005367742481678575 0.0008045610785777216
1589 -0.001807748135378707 -0.001069295632045499 0.0007468063879848348
1590 -0.001844118119940114 0.007239931934429454 0.0007826232789559581
1591 -0.0008011113192385635 0.001416521272550078 0.0008141800311606093
1592 0.001872078879903068 0.005575027778568077 0.0007926759765770832
1593 0.0007111463439209525 0.007927071318563227 0.0008758510656150945
1594 0.0003588468582405912 -0.001390073073959153 0.000820407278044821
1595 -0.001930680392690419 0.001679770520811797 0.0008511620823017645
1596 -0.001882580229308272 0.006406017029587007 0.000628147738489816
1597 -0.00114800901232558 0.005449652483720529 0.0006224967587865095
1598 -0.001961325792430695 0.007942262136098027 0.000883830566058022
1599 -0.0003838780767596816 -0.001378715353030938 0.0008254110803291118
1600 0.001006493384574026 0.004298309222350131 0.0008112888978113037
1601 0.0001171852082762956 0.003507179147462759 0.0008434924316403012
1602 -0.0008531035204687541 0.002555187311165388 0.0005894451944476799
1603 -0.00189322687846531 0.005206511162970524 0.000818292267894638
1604 -0.001883076490104032 0.0009055062472554691 0.0006092636312607126
1605 -0.001148892255721399 0.0008039396604361205 0.0008303860661618013
1606 0.001895192139722464 0.002271142789507924 0.0008325135906951546
1607 -0.0002069941082476008 0.006468950222486332 0.000861663372676154
1608 0.00193415783247356 0.0005933650764932062 0.0005829026844643661
1609 0.00138171478509358 0.005733765148300101 0.0005413485620665743
1610 0.001973279027084752 0.001741576826421235 0.0009281043586967186
1611 0.001992592253435594 0.00800404706156123 0.0008291927018431775
1612 0.001164408974884846 0.007368061052462473 0.0008693975477131321
1613 0.001108533130655428 0.006258175163413011 0.0008844799597315579
1614 0.001958601641281896 0.004761971504996952 0.000872854422687561
1615 -0.001917054548031396 0.002932952594015102 0.0005617824008312404
1616 0.001427036542991814 0.002454229923897319 0.0005352010006136416
1617 0.001224410749530372 0.001198525594740198 0.000892460913211028
1618 -0.0009714438799686141 0.007962486772012084 0.0009052810366838005
1619 -0.000486685076461551 0.005991866752598994 0.0009072912224607464
1620 -0.001230218877836879 0.007289550101283086 0.0008923428060552341
1621 -0.001168082106102862 0.004371143716245698 0.0009007339742262086
1622 -0.001186476379629128 -0.000607535933295508 0.0008593226712472531
1623 0.0003100901078025579 0.001754989105657331 0.0008803680889062687
1624 0.001954496806690434 -0.0006944480643045525 0.0008474328952301646
1625 -0.0001721841705215543 0.002713982582112829 0.0005240115776410783
1626 0.001251197400309499 0.0001955905364592874 0.0005399999999999987
1627 0.001029610981872019 0.005333103642613809 0.0009008938477954168
1628 -0.0004907364889588976 0.007980941916507448 0.0005487744826603346
1629 0.001100006249216664 0.002312717839246671 0.0009314742877647703
1630 -0.001568196272866259 0.001912707175356472 0.0005134246449138705
1631 0.000309781630450989 0.001300653271435254 0.0005288611405299567
1632 -0.001462865697578166 0.006252930417658146 0.0009317395533755674
1633 -0.0006160538376880674 0.00181767679130483 0.0005042043339077929
1634 -0.001961828497578794 0.004697410317839209 0.0005634898530149748
1635 0.001294976191329753 0.00320331964654478 0.0009145916488925805
1636 -0.0008044489619656208 0.003446096678560561 0.0009358559463272015
1637 2.700326252958151e-05 0.004309645189253775 0.0009472170928478187
1638 0.0004811796292484461 0.003352947018339293 0.0004920297617845679
1639 0.001974849689408643 0.007547236858757643 0.000510312980147526
1640 0.001971137899841402 0.006622850937930505 0.0008985682639123067
1641 -0.0008040225363215118 0.005058993021075165 0.0005272936507017375
1642 -0.001742503613401257 0.008048412743462787 0.0004626931071006265
1643 -0.0004351274656787395 0.004986180507993698 0.0009392058428335554
1644 -0.001987928239260144 5.472209851883577e-05 0.0009156923564205981
1645 -0.002034069600967831 -0.001535639057846338 0.0005384147923896461
1646 0.0009684446425644299 0.007676623577084679 0.0005095381947423402
1647 0.000417972073733663 0.004533832874341156 0.0005251303675222843
1648 0.0007100331927119726 0.003126893153586819 0.0009411220664821306
1649 -0.002020204629848304 0.007620748891110444 0.0004914010952839616
1650 -0.0001032567576134125 0.005243492057138735 0.0005043553990047563
1651 0.000416844934929766 0.00695893637836464 0.0009416868260014464
1652 -0.00122424824158667 0.002447481037324003 0.0009311565948072994
1653 -0.0004777394398249653 0.007134159472839915 0.0009448623998100669
1654 0.001244070341231956 -0.0001577070551447165 0.0008999999999999986
1655 -0.00128847377622121 -6.842492653249605e-05 0.0008864140006889824
1656 -0.0005162289784848262 0.006291863297867946 0.0004887188442130718
1657 0.001272545026228852 0.003909554637348399 0.0005412206907814285
1658 1.509167590891222e-05 0.001935363212574713 0.0004859902562567444
1659 0.0001001473391789042 0.002455425214097199 0.0008984255695309799
1660 -0.0003385747004093627 0.007337206177686259 0.0004679469499849546
1661 -0.0005852868865830909 0.003598822858721447 0.0004976299681537334
1662 0.0007041536066405891 0.005352920789702362 0.0004953638438636354
1663 -0.0007099071756317567 0.004137520261379919 0.0004649092542990196
1664 -0.0001662609930392622 0.00438674647616179 0.0004681503370275963
1665 -0.0009816628875618722 0.007115558043985746 0.000485528446548778
1666 -0.001542935339786046 0.00285618293664006 0.0009237843026275804
1667 -0.001964385127578057 0.006774494733999553 0.0009749757937822721
1668 0.001995427795267619 0.003920158779331474 0.0009235994498347848
1669 0.0008712281765560814 0.001008880129613178 0.0005242625922598947
1670 0.0004839692876133739 0.007778394905338992 0.0004587966488717441
1671 -0.001509412896468245 -0.001504777718697293 0.0008797638174688003
1672 0.0004688075165627008 0.006966174269367671 0.0004499033693579488
1673 -0.000494847858278067 0.002712109365521842 0.0009300554974167362
1674 -0.0007097891446986694 0.004124659778011425 0.0009683574450612956
1675 0.001305079670917881 0.004604715090631592 0.0005059111802291648
1676 0.0009320960416596087 0.001961901763505882 0.000484281603825676
1677 0.001943730352990485 0.00513743453072429 0.0004871103014697742
1678 0.0005044176923537374 0.001177477611940887 0.0009742076741715926
1679 -0.001334642515799185 0.002679198499291954 0.0004949033974211597
1680 0.002054307696962126 -0.001561439052033442 0.0008968494033170082
1681 0.001474408780806621 0.006583333333333334 0.0009900716437713703
1682 0.001811676827723925 0.001816973807671119 0.0004685293009462995
1683 -0.001487446397300341 0.002009528899208564 0.0009840278238318011
1684 -0.0006580625979856162 -0.001103273606800173 0.0004889223918076032
1685 0.0001833859033702659 0.007365943621021169 0.0004631404332143663
1686 -1.681305876934989e-05 -0.001529177216294052 0.0005136607558920167
1687 -0.001478516267884208 0.005433333333333334 0.0009932905790573858
1688 0.001371422960381958 -0.001471096958686594 0.0009506863560849125
1689 0.0004557065895292883 0.006068529393806929 0.0004739586018652313
1690 -0.0001146642702320499 0.005568216548745109 0.0009867769721596564
1691 0.001378488723893415 0.003026505681377276 0.000455614502560596
1692 -0.002006304164581297 0.006068559057007946 0.0009769294451533659
1693 0.0003463033705552025 0.005020808812482462 0.0004626888192416621
1694 -0.001298123256113837 0.003493264772848486 0.0009468504084900117
1695 0.001983618682993257 0.003253372694905867 0.0009648937991398867
1696 -0.0008077248753715993 0.001006537233879503 0.000492477118071675
1697 0.001241739978833594 0.001504921252369182 0.0004839352951661356
1698 0.00118163518580495 0.008017515172777864 0.0009673419285181116
1699 0.00152543534754498 0.006632095729899855 0.0004795085640442357
1700 1.271215798627717e-05 0.003209159532598921 0.0004508335016473924
1701 -0.0007432262708810885 0.005800122941991082 0.0004462063264297632
1702 0.0009875726008771995 0.007193736694340101 0.0004481635574979863
1703 -0.001019830245839729 0.005120430208096833 0.0009660043240059366
1704 -0.0004141965093133542 0.001796464569396773 0.001009643702568942
1705 0.0004018750967877447 0.004679974908114049 0.0009887693731585863
1706 6.448934650918311e-05 0.006374757310878032 0.0004642558328445437
1707 -0.002041035196139434 0.002076516425241184 0.0005626373624708497
1708 0.002011431875950949 -0.0003251509914753984 0.0004925901106377536
1709 0.0008958226939205967 0.006411218901450728 0.0004572278367895045
1710 0.001858577547741438 0.007533979308476577 0.0009865235405837648
1711 -0.001295165900730232 0.004205127923588588 0.0004539198265693044
1712 0.0005919667746356142 0.002750633544951474 0.0004576200718562672
1713 -0.001407672310560316 0.006127293677070529 0.0004577420361956634
1714 0.0003941074741151641 0.005797667251435855 0.001002486418478218
1715 -0.001242488537125217 0.003492066529400378 0.0004462399897279521
1716 -0.002016680697570294 0.00386050976483245 0.0005074500615437939
1717 -0.001470880162481305 0.008085798285283824 0.001034598358633238
1718 -0.00130900303370558 -0.0002856528916548391 0.0004603552494887029
1719 -0.000341179117698727 0.003568554172321189 0.0009963717087996976
1720 0.001968789966342079 0.003238527799628296 0.0004630191603740994
1721 -0.0004133448038433897 0.001144543064135419 0.0009562192936008198
1722 -0.001466191809344696 0.00718829242231344 0.0004749286476751052
1723 -0.001608862992234729 0.005387557059509279 0.000458381874420101
1724 -0.001998354458620065 0.0005610540600266656 0.0009656972610905411
1725 -0.002041123509427093 0.0003502578666622186 0.0005016688725382563
1726 -0.002002592777407424 0.001369387227317377 0.000465720616158877
1727 0.001451605300406047 0.003934142709954864 0.0009956968369232747
1728 -0.0003839894239989652 0.004835559346600044 0.0004483801549294009
1729 0.001471317603189355 0.005816666666666665 0.00100963611277623
1730 -0.001489701387185738 -0.0007705627182884551 0.0004836798686535623
1731 -0.001690720910452041 0.004616436429700705 0.000987754152567244
1732 0.0008156440161374728 0.001918924108081958 0.0009840217006907845
1733 -0.00105195022377906 0.006540245993766165 0.0004474457827888032
1734 -0.001096063569227004 0.001589622258233184 0.0004763596308299575
1735 0.001846266502497521 0.003912972546692603 0.0004528096194529322
1736 0.001091351179825404 0.005071348988432491 0.0004333472080154632
1737 -0.0007654258941721269 0.002281244636123349 0.0009877158009568825
1738 -0.0009984645367975482 0.006557074842410598 0.0009912406345612024
1739 0.0005890866557526297 -0.001107184935445539 0.0004472326746544991
1740 -0.001142091545085884 0.005774036403879218 0.0009751028098707972
1741 0.000614630878109603 0.002647043020417812 0.0009852084393916776
1742 0.001151390255502475 0.004748712227977128 0.0009607017477826294
1743 -0.002015640139164526 0.006871573871593165 0.000480946587825973
1744 -0.001017027516177054 -0.0007312438343245422 0.000430647459337117
1745 -0.0007454123425211759 0.002998100782693007 0.0004450148115325297
1746 -0.0002717850863876762 0.00804885727611067 0.000984082380988553
1747 0.0002145244661501257 0.007398089065833931 0.000983219524105159
1748 0.002055608952236809 0.006142102132455563 0.0009982590031349377
1749 0.001751445141284522 0.0008536894507862545 0.0009763643216964105
1750 -0.001043228905256523 0.00779148099072252 0.0004605975679373559
1751 -0.001984451325598646 -0.0006954195800372936 0.0004643334570164019
1752 -0.002018633191581316 -0.000671958365264461 0.0009607023262571221
1753 -0.0008967833341708902 -0.001542187272904575 0.0004698992111350763
1754 0.0002229523933946696 0.005641152707210928 0.0004255112117655238
1755 0.00204590242598601 0.005959793806146019 0.0005429846485341678
1756 0.001377765564523287 -0.001037648229074144 0.0004624768046647153
1757 0.001183142494802209 -0.0002449144377103415 0.0004274856925265494
1758 -7.21787826504947e-05 0.003675373483666924 0.0004216619039599673
1759 -5.673465770938564e-05 0.003045927594649978 0.001020167224981238
1760 -0.00158077782954046 0.0009716318781871091 0.0009886549870366792
1761 -0.0002655326547498181 0.006709979470305392 0.000426587296622907
1762 -0.0003792762957586295 0.001196096244739529 0.0004395477041842132
1763 -0.00202999831069257 0.003170900067654184 0.0009783339365894246
1764 -0.002019370494117685 0.002677286402096238 0.000971634243194384
1765 -0.002022743269978292 0.003782623793278372 0.0009903837492605554
1766 0.0002544208599308986 0.008043211555789961 0.0009693497042506547
1767 0.002057837399529385 0.0003307407057620511 0.0009818863284168909
1768 0.001285771332426421 -0.001525862658826684 0.0004643896935236641
1769 0.002026889486587065 0.004491651544271539 0.0004671068139556578
1770 0.001228740682647477 0.008069954533324713 0.000503584360108966
1771 0.0009753321243660189 0.002426629496674981 0.0004344787969035103
1772 -0.002028176785559743 0.001207954814966775 0.0009773958679537983
1773 0.0008971669533710744 0.003153212450430658 0.0004509556931749891
1774 0.000807528097751831 0.004093099933995529 0.0004303939881990114
1775 0.00140593113072755 0.002667641560296968 0.0009523417021738446
1776 -0.001442603341222421 0.0007404413137426923 0.0004491103052204518
1777 -0.001450110215173383 0.00393673227353949 0.00101257733898467
1778 -0.0008804815357745182 -0.00153780789853085 0.000965571368454917
1779 -0.000723179346964805 -0.001090060484645834 0.0009910059404283477
1780 0.0009937048930142617 -0.0007915813245316175 0.0009680125055857388
1781 -0.002052895696897837 0.005567136808004005 0.0005357157759909708
1782 -0.0002790820026894271 0.005750165005375628 0.0004479535436801757
1783 0.001375 0.001636963650659066 0.001032451159106556
1784 0.002048483136735237 0.001033361504830797 0.000448993615864349
1785 -0.00117563938607875 0.001626737991845223 0.0009847024842730878
1786 0.001459287012654194 -0.0009978870952564475 0.00100034471530315
1787 0.001588721406818571 0.008123857672810909 0.001069935232877491
1788 -0.001070898394845405 0.004613593078485268 0.0004545594334354438
1789 0.001451021334066182 0.007372738782412938 0.0004735234602037066
1790 -0.002017344447497315 0.002209714416171397 0.001012033404708156
1791 0.0007760996164690327 0.003907089490818727 0.0009909367228572641
1792 0.0017288261611886 0.00808820455882946 0.0004276656781058589
1793 -0.002039222434626706 -0.0001323492487629921 0.0004728407816019819
1794 -0.002082770582847788 -0.001583904014210711 0.000985114097201722
1795 0.002087367017875428 -0.001582895193303802 0.0004493590073070684
1796 0.001967620106398383 0.002528169556650053 0.0004336623771150285
1797 0.0007873017432529167 -0.001519357167404404 0.0004215777522853449
1798 0.0006587528259895697 0.006173886532769344 0.0009526827457129689
1799 0.001988053653756264 0.006423941856149259 0.0004691775080624029
1800 0.0001945839488289516 0.002365826206958221 0.0004490551034789106
1801 -0.001490020271918317 -0.001280062807010889 0.0004579046918403798
1802 -0.0003768778175963752 0.007586123012037799 0.0009764602518322857
1803 0.0004981891419392052 0.001772360865400421 0.0004443491363874714
1804 -0.001967261323288045 0.005611279525596192 0.001027814846582883
1805 -1.539188352729621e-05 0.005130373880119444 0.001021922922136049
1806 0.0007586909485154726 0.00718021418341011 0.001055691880894961
1807 -0.0003492141846762669 0.004549613413353636 0.001015135086664208
1808 0.001986532044069031 0.005194858745387322 0.001023236898680749
1809 0.001259626290905596 0.0003102707496175236 0.001006142521991158
1810 0.0008016728912350519 0.006614024486571822 0.001015196188834021
1811 -0.002041862285440983 0.004322118181288146 0.001017962580353368
1812 -0.001959338637180346 0.006001943659267527 0.0004269919573381749
1813 -0.001430346561026543 -0.0009790102520620988 0.001011400760409989
1814 -4.117420249473263e-05 0.002028476826445893 0.001002218624046795
1815 0.0001055752981085876 0.00136179549732554 0.001047070217176832
1816 0.001433667421047898 0.00106618284212835 0.000439784779777021
1817 0.001264144096885364 0.003468782215558055 0.0004147068084342985
1818 0.001300659723780119 0.006179739128711845 0.000427883728506438
1819 0.002086823804546652 0.001473981141593 0.0004007690393753673
1820 0.002047362188738223 -0.0009452813070105855 0.0004551030937844147
1821 -0.001508790257428762 0.003114565629529474 0.0004444637535283063
1822 0.0001941740878619966 0.006292930955041781 0.0009903123902100255
1823 0.002076206907384508 0.002664198204375595 0.001015630497887268
1824 -0.001557518771063445 0.003826930953188648 0.0004815744820267021
1825 0.0008607511097258398 0.004559804198847183 0.0004448342760633409
1826 0.002043436111699301 -0.0002422558010171178 0.0009581562364959104
1827 -0.002135634440733113 0.008131280187900877 0.0003972859408298461
1828 -0.001724264009982231 0.007593573683281075 0.001022711458251012
1829 -0.0009049152497016278 0.007000578018272277 0.001023286031768326
1830 0.001081851658132079 0.0008023532892637232 0.00104481345083241
1831 0.0009652629434695579 -0.0008574140253728043 0.0004138118464882546
1832 0.001634408089245625 0.002029564988479762 0.001054753880916645
1833 0.0007918276963083988 0.008089642525198573 0.0004770453270915408
1834 -0.001320232789418685 0.008117753712136891 0.0004463218690755909
1835 -0.002057024906687272 0.002515903924322499 0.0004427606614602915
1836 0.0006347612514356719 0.005192460857331279 0.001022013905922846
1837 -0.000933005503129597 0.002782405015945014 0.0009636657689257708
1838 -0.00117208095983321 0.0003452992509928353 0.0004489441056816766
1839 -0.001109781439851407 0.001192470869137054 0.001038570666928816
1840 0.0007671023364468326 -0.001594787152141367 0.0008748386794793779
1841 0.002053887071853258 0.0001840126539141239 0.0004309431770091513
1842 0.001440685442105808 0.005380276873990992 0.001047992747325885
1843 -0.001289589089269178 0.00224501396451345 0.0004367750234181297
1844 -0.001626316139237334 2.284931885531853e-05 0.0004152178798303366
1845 0.001423664589507483 0.007049204107497444 0.001039109184511638
1846 -0.0004532286949350964 -0.001583009010253353 0.0004340733517551097
1847 0.00202608504048152 0.004351220293869534 0.001031080637872731
1848 0.001568166329422631 0.004604229854332976 0.001014989903105683
1849 -5.365255915016894e-06 0.003882531702942163 0.001028232969201919
1850 0.0005457129276131556 0.003535336857445648 0.0009404409222423103
1851 -0.001547494651512644 0.004581337314881153 0.0004171751249279603
1852 0.002048558132645869 0.006895454385763366 0.0004418753101709701
1853 -0.0008471301716802104 0.002166820223074317 0.0004035089182548594
1854 -0.001583571184427547 0.00696666666666667 0.001051355533642026
1855 0.0006246502035675376 -0.001041805273856253 0.0009174865391170236
1856 0.002134239552884405 0.008129843826424073 0.0003972115576931302
1857 -0.001225151844065841 0.001121711798763929 0.0004115101093206361
1858 -0.002011417517709616 0.005105677261544738 0.0004063481030677104
1859 -0.002068405720733133 0.004847378639987246 0.001010175106471884
1860 -6.060837065962612e-06 -0.001234984323860728 0.001032490248740921
1861 0.0001253506840854385 0.008062939104196974 0.0004363769629817349
1862 -0.0007320582672362336 0.005664179457367877 0.001034166904614524
1863 0.0001629634984853111 -0.001151599230954645 0.0004151969813336437
1864 -0.00208212865685701 0.003419047883350066 0.0004233925426982362
1865 0.001036953847623848 0.0006110995126092987 0.0004096572402811872
1866 -0.001583841398618902 0.005024294871287965 0.001047789284660788
1867 0.001049161874421538 0.005796772667769951 0.001064628608877705
1868 0.001715392989036855 -0.0006503002369314966 0.000422411102762662
1869 0.0001065908096255693 0.004064415484735399 0.0003914856120060109
1870 -0.00207764367950525 0.004292437287489441 0.0004207161548291335
1871 -0.001161417890370171 0.005791970526218175 0.0003710152472286408
1872 0.001152206925592811 0.003644950720835553 0.001052138243863865
1873 -0.001286731069730454 0.005117497253782738 0.0003968497562729192
1874 0.002064572656157147 -0.001091090718901519 0.001011140805673938
1875 0.001701826868608941 0.004777820690899178 0.0004841304198033016
1876 0.002041486756562108 0.007014426738852275 0.001053496806087973
1877 0.002114376919131195 0.001089279275111051 0.0008831029714002892
1878 0.001644553304753036 0.0003214541431614392 0.0004126940200454069
1879 0.001002110799068038 0.005631455743602481 0.0003901200298599525
1880 -0.0021221763121745 0.007554195182397816 0.0008935652332443249
1881 -0.001532384958527959 0.006537206874322829 0.0004146200419379066
1882 -0.0009106920652808567 0.004654606390054578 0.001065108544906991
1883 0.0006057480972638438 0.004301586385579438 0.0009680212601445089
1884 -0.0005968620089839338 0.006392279400129383 0.001044399908493443
1885 6.797312387351986e-05 0.006741111717256566 0.001023391076037575
1886 0.0007125427093841522 0.003687244394797007 0.0003926045431364471
1887 -0.0009884639294589024 0.007580090057233984 0.001040176246738322
1888 0.001607473978249919 -0.0002123156081571681 0.000420055325586533
1889 0.0006570882567395137 0.007568567299877103 0.001048327376362232
1890 -0.0007206111568233846 0.001428597975157813 0.0004080621154931665
1891 -0.002155061374258899 0.008170524933332814 0.001111037860345238
1892 0.002155046303180099 0.008170503710425376 0.001111001892819725
1893 0.002104688381075734 0.003614241602201421 0.0006345724823019733
1894 -0.0004878063008464304 0.002465849586356076 0.00040570490636615
1895 0.001566238581663038 0.005352565713627493 0.0004273956849029774
1896 -0.001171790688162317 0.000363321774200051 0.0009061592163951784
1897 -0.001638656426365898 0.001172246626327829 0.0004025551346628214
1898 -0.0008640323275149649 0.001877865931983523 0.001057487201554611
1899 -0.001612655510759257 -0.0005963793012393094 0.001075925378570201
1900 0.001652841536806484 0.0004293741527158542 0.000892053756333808
1901 0.00166854992961841 0.005980973125431207 0.0003763092309076212
1902 0.001691300019664538 -0.001465337170535916 0.0003713125588275447
1903 0.0003205916956709138 0.003207668798201725 0.001046088309186572
1904 0.0008447816662903478 0.006813489892520883 0.0003605753075507746
1905 0.001955930529949467 0.001383782930650741 0.001088706696116839
1906 -0.0004780174272217952 0.005301783839009692 0.0003461882406209631
1907 -0.0006014636093399519 0.007633779018645859 0.0003581429947725235
1908 -0.001487669941148627 0.007793168370331223 0.0003536918576390182
1909 -0.0005449409267702089 0.007000876421951024 0.0003628213602597402
1910 -0.00163060185370975 0.001485747975027721 0.001062721645132312
1911 2.04707129328801e-05 0.001541606918798003 0.0003579796388361245
1912 0.0003743887589420112 -0.001507335219456731 0.0003746285599990754
1913 0.0001311891131416743 0.00676066880009122 0.0003580670567327199
1914 0.001632648715404831 -0.0003182977966109927 0.0009097004108253559
1915 -0.0006437827380590571 0.003080767210554989 0.001035452148969212
1916 0.001905203474898406 0.005599489870657063 0.0003716256161762976
1917 -0.0002480771015396574 -0.001182775894916502 0.0004824587161472554
1918 0.001295265176779121 0.00210617469469267 0.0003703016707413648
1919 0.001692238395285799 0.002193198193013388 0.0003718194164763179
1920 0.002090962639380842 0.002130261473728381 0.0004884593789309641
1921 -0.0009042768293032705 0.003798538199977983 0.0003479607926741855
1922 -0.0005787644586274094 0.004498635670433694 0.000340119093918126
1923 0.0007609819963031359 0.001449032094777506 0.001102289942593735
1924 0.0002307839136449955 0.002761585723980333 0.0003614232769096881
1925 -0.001809595572622781 0.006411364302770758 0.001074790690286173
1926 -0.002082015241131847 -0.001122365661007844 0.0004145428233432612
1927 -0.002103637553456391 -0.001164457427888229 0.001033316461122081
1928 -0.001529807024962632 0.005816666666666669 0.001093391306355806
1929 0.0006106306869782623 0.005717572426725106 0.0003572411304280824
1930 -6.473504609080168e-05 -0.001623125604146984 0.0009108601712573878
1931 0.0007623043620116917 0.007004151871904688 0.0007061050078055127
1932 -0.0007781381682884815 0.0009298128763142535 0.000996139557738977
1933 -0.001501240039780505 0.0005683861500349604 0.001058595248768772
1934 -0.001643289626989134 0.00234671382411405 0.001104591679751471
1935 -0.0001316111067680753 0.005954255450511413 0.001084298292650652
1936 0.00152135724054691 0.006199999999999997 0.001098137334789017
1937 -0.0008619771508978378 0.008137882258724825 0.0005591439477076502
1938 0.0003169727765124473 0.003713207325235541 0.0003334976651042802
1939 0.001114900977917998 0.002897107931768778 0.001081289893771964
1940 0.0007175102674919587 0.00557780337209839 0.001073875119095683
1941 -0.001804671349329568 0.008166844392638286 0.001104226529922102
1942 0.001117206610782184 -0.001191001460192826 0.001088615513081772
1943 -0.0003246012897380335 0.006788178944988036 0.001068020775853961
1944 -0.0002635592913632911 0.002409499781426684 0.001082993733670236
1945 -0.001263700424684567 0.006865862416082533 0.0003487022456538308
1946 -0.001616250178717577 0.003246328492498269 0.001034893007869958
1947 0.0008801010319073575 0.00601504501027124 0.0003877154785775061
1948 0.001643674099299966 0.003047109233513857 0.001060165124114046
1949 -0.001032135220749243 0.003156968942430329 0.001092025947136769
1950 8.60238097837062e-05 0.004672450917685899 0.0003573807061837432
1951 0.001408707371143717 0.007624889230356609 0.001076978930650642
1952 -0.0003584764682064656 0.003022510808148013 0.0003552627534408827
1953 0.0007870434426960468 0.00463852228444865 0.001067058138031985
1954 -0.0003189634965645126 0.004159086461979365 0.001062638118465743
1955 -0.0006771648338512029 0.007796125041603542 0.001081338350897864
1956 -0.001037764806774819 0.003895799749436758 0.001108679683712543
1957 -0.001655469614473454 -0.00014374018287304 0.001064274113600246
1958 -0.0001008091732458444 0.007169545043600694 0.001072744493635666
1959 0.001337417582165999 0.006986613658467055 0.0003959174093224024
1960 0.001020133900431083 0.002804682553321557 0.0003239710309096791
1961 -0.0008529141008488382 0.005429514396647833 0.0003588015602108899
1962 0.0006109725420706527 0.00736515042341538 0.000317335565014657
1963 0.0007183274094422074 0.004989566622709329 0.0003379843717679641
1964 -0.0003076766359510906 0.003976361653174176 0.0003258751550745563
1965 -0.0004293202590707674 0.005351478179008509 0.001094455599201787
1966 -0.001681238483162519 -0.001623242497024985 0.0003604593570039366
1967 -0.001297953730051299 -0.001644933363250002 0.0005253619508797902
1968 -0.001052032743716627 0.0007176994437060304 0.0003560864036022039
1969 0.002056365846642719 0.005756236525268977 0.00109513023702473
1970 0.0004550538176304431 0.002074361498775556 0.00108256529914417
1971 -0.000888118684969939 0.003351333789509224 0.0005456287372565755
1972 0.001631209559208374 0.001465042500993735 0.0003740898873933815
1973 -0.0002007433016133231 0.006116903320730108 0.0003396515284708487
1974 -0.0009835666369358499 0.00614011488824954 0.0003195803599311994
1975 0.0008603388070470425 0.008164663469390215 0.001111418293732336
1976 0.001625910081278222 0.0007209959722505137 0.0003548123254543675
1977 -7.064120484248025e-06 0.004754930119980248 0.001112566154722261
1978 -3.816559653530962e-05 0.001162776640889566 0.0006107841052013212
1979 -0.0008668221871557409 0.006042734047285916 0.001077604764898662
1980 -0.001469925817561967 0.006598783891086825 0.001111048865730928
1981 -0.002180024219971521 0.008183471517572715 0.000744676740498403
1982 -0.000119615511666784 0.007052987311865471 0.0003236841002008365
$EndNodes
$Elements
10391
1 2 2 13 1 35 2 1
2 2 2 13 1 28 35 1
3 2 2 13 1 4 41 3
4 2 2 13 1 41 34 3
5 2 2 13 1 28 29 35
6 2 2 13 1 29 30 37
7 2 2 13 1 35 29 36
8 2 2 13 1 29 37 36
9 2 2 13 1 30 31 38
10 2 2 13 1 30 38 37
11 2 2 13 1 31 32 39
12 2 2 13 1 31 39 38
13 2 2 13 1 32 33 40
14 2 2 13 1 32 40 39
15 2 2 13 1 33 34 41
16 2 2 13 1 33 41 40
17 2 2 13 2 1 2 6
18 2 2 13 2 1 6 5
19 2 2 13 3 4 3 49
20 2 2 13 3 3 42 49
21 2 2 13 3 8 55 7
22 2 2 13 3 55 48 7
23 2 2 13 3 42 43 50
24 2 2 13 3 42 50 49
25 2 2 13 3 43 44 51
26 2 2 13 3 43 51 50
27 2 2 13 3 44 45 51
28 2 2 13 3 45 46 53
29 2 2 13 3 51 45 52
30 2 2 13 3 45 53 52
31 2 2 13 3 46 47 54
32 2 2 13 3 46 54 53
33 2 2 13 3 47 48 55
34 2 2 13 3 47 55 54
35 2 2 13 5 2 656 6
36 2 2 13 5 35 656 2
37 2 2 13 5 4 685 41
38 2 2 13 5 49 685 4
39 2 2 13 5 6 530 131
40 2 2 13 5 6 556 530
41 2 2 13 5 6 656 556
42 2 2 13 5 8 686 55
43 2 2 13 5 132 686 8
44 2 2 13 5 115 684 14
45 2 2 13 5 14 684 144
46 2 2 13 5 17 637 15
47 2 2 13 5 15 637 138
48 2 2 13 5 139 683 16
49 2 2 13 5 16 683 161
50 2 2 13 5 145 599 17
51 2 2 13 5 599 600 17
52 2 2 13 5 600 637 17
53 2 2 13 5 18 606 162
54 2 2 13 5 173 607 18
55 2 2 13 5 18 688 606
56 2 2 13 5 607 688 18
57 2 2 13 5 36 675 35
58 2 2 13 5 35 675 656
59 2 2 13 5 37 681 36
60 2 2 13 5 36 681 675
61 2 2 13 5 38 648 37
62 2 2 13 5 648 681 37
63 2 2 13 5 39 678 38
64 2 2 13 5 636 648 38
65 2 2 13 5 38 678 636
66 2 2 13 5 40 597 39
67 2 2 13 5 597 678 39
68 2 2 13 5 41 649 40
69 2 2 13 5 40 649 597
70 2 2 13 5 41 685 649
71 2 2 13 5 50 554 49
72 2 2 13 5 554 685 49
73 2 2 13 5 51 640 50
74 2 2 13 5 50 640 554
75 2 2 13 5 52 598 51
76 2 2 13 5 598 640 51
77 2 2 13 5 53 658 52
78 2 2 13 5 52 658 598
79 2 2 13 5 54 665 53
80 2 2 13 5 53 665 658
81 2 2 13 5 55 555 54
82 2 2 13 5 555 665 54
83 2 2 13 5 55 686 555
84 2 2 13 5 116 646 115
85 2 2 13 5 646 684 115
86 2 2 13 5 117 538 116
87 2 2 13 5 538 646 116
88 2 2 13 5 118 641 117
89 2 2 13 5 117 641 538
90 2 2 13 5 119 527 118
91 2 2 13 5 527 641 118
92 2 2 13 5 120 622 119
93 2 2 13 5 119 622 527
94 2 2 13 5 121 692 120
95 2 2 13 5 120 692 622
96 2 2 13 5 122 532 121
97 2 2 13 5 532 692 121
98 2 2 13 5 123 666 122
99 2 2 13 5 122 666 532
100 2 2 13 5 124 650 123
101 2 2 13 5 650 666 123
102 2 2 13 5 125 529 124
103 2 2 13 5 529 650 124
104 2 2 13 5 126 627 125
105 2 2 13 5 125 627 529
106 2 2 13 5 127 535 126
107 2 2 13 5 535 627 126
108 2 2 13 5 128 647 127
109 2 2 13 5 127 647 535
110 2 2 13 5 129 643 128
111 2 2 13 5 643 647 128
112 2 2 13 5 130 531 129
113 2 2 13 5 531 643 129
114 2 2 13 5 131 698 130
115 2 2 13 5 130 698 531
116 2 2 13 5 530 698 131
117 2 2 13 5 133 654 132
118 2 2 13 5 654 686 132
119 2 2 13 5 134 653 133
120 2 2 13 5 653 654 133
121 2 2 13 5 135 688 134
122 2 2 13 5 607 653 134
123 2 2 13 5 134 688 607
124 2 2 13 5 136 688 135
125 2 2 13 5 137 651 136
126 2 2 13 5 136 651 606
127 2 2 13 5 606 688 136
128 2 2 13 5 138 608 137
129 2 2 13 5 608 651 137
130 2 2 13 5 138 637 608
131 2 2 13 5 140 558 139
132 2 2 13 5 558 683 139
133 2 2 13 5 141 638 140
134 2 2 13 5 140 638 558
135 2 2 13 5 142 524 141
136 2 2 13 5 524 638 141
137 2 2 13 5 143 639 142
138 2 2 13 5 142 639 524
139 2 2 13 5 144 559 143
140 2 2 13 5 559 639 143
141 2 2 13 5 144 684 559
142 2 2 13 5 146 525 145
143 2 2 13 5 525 599 145
144 2 2 13 5 147 699 146
145 2 2 13 5 146 699 525
146 2 2 13 5 148 662 147
147 2 2 13 5 147 662 615
148 2 2 13 5 615 699 147
149 2 2 13 5 149 528 148
150 2 2 13 5 528 662 148
151 2 2 13 5 150 663 149
152 2 2 13 5 149 663 528
153 2 2 13 5 151 630 150
154 2 2 13 5 630 663 150
155 2 2 13 5 152 534 151
156 2 2 13 5 534 630 151
157 2 2 13 5 153 628 152
158 2 2 13 5 152 628 534
159 2 2 13 5 154 629 153
160 2 2 13 5 153 629 628
161 2 2 13 5 155 526 154
162 2 2 13 5 526 629 154
163 2 2 13 5 156 626 155
164 2 2 13 5 155 626 526
165 2 2 13 5 157 625 156
166 2 2 13 5 625 626 156
167 2 2 13 5 158 533 157
168 2 2 13 5 533 625 157
169 2 2 13 5 159 618 158
170 2 2 13 5 158 618 533
171 2 2 13 5 160 537 159
172 2 2 13 5 537 618 159
173 2 2 13 5 161 645 160
174 2 2 13 5 160 645 537
175 2 2 13 5 161 683 645
176 2 2 13 5 162 557 163
177 2 2 13 5 162 606 557
178 2 2 13 5 163 536 164
179 2 2 13 5 163 670 536
180 2 2 13 5 557 670 163
181 2 2 13 5 164 696 165
182 2 2 13 5 536 540 164
183 2 2 13 5 540 696 164
184 2 2 13 5 165 539 166
185 2 2 13 5 165 612 539
186 2 2 13 5 165 696 612
187 2 2 13 5 166 592 167
188 2 2 13 5 539 592 166
189 2 2 13 5 167 636 168
190 2 2 13 5 592 648 167
191 2 2 13 5 167 648 636
192 2 2 13 5 168 676 169
193 2 2 13 5 636 678 168
194 2 2 13 5 168 678 676
195 2 2 13 5 169 601 170
196 2 2 13 5 169 676 601
197 2 2 13 5 170 689 171
198 2 2 13 5 601 680 170
199 2 2 13 5 680 689 170
200 2 2 13 5 171 593 172
201 2 2 13 5 171 689 593
202 2 2 13 5 172 594 173
203 2 2 13 5 593 669 172
204 2 2 13 5 172 669 594
205 2 2 13 5 594 607 173
206 2 2 13 5 524 690 638
207 2 2 13 5 639 652 524
208 2 2 13 5 652 690 524
209 2 2 13 5 525 605 599
210 2 2 13 5 525 614 605
211 2 2 13 5 525 699 614
212 2 2 13 5 626 655 526
213 2 2 13 5 526 668 629
214 2 2 13 5 655 668 526
215 2 2 13 5 527 621 609
216 2 2 13 5 609 641 527
217 2 2 13 5 527 622 621
218 2 2 13 5 528 663 596
219 2 2 13 5 596 672 528
220 2 2 13 5 528 679 662
221 2 2 13 5 672 679 528
222 2 2 13 5 627 687 529
223 2 2 13 5 529 700 650
224 2 2 13 5 687 700 529
225 2 2 13 5 556 660 530
226 2 2 13 5 530 660 617
227 2 2 13 5 617 698 530
228 2 2 13 5 531 617 602
229 2 2 13 5 602 620 531
230 2 2 13 5 531 698 617
231 2 2 13 5 620 643 531
232 2 2 13 5 532 666 604
233 2 2 13 5 604 674 532
234 2 2 13 5 532 674 623
235 2 2 13 5 623 692 532
236 2 2 13 5 618 619 533
237 2 2 13 5 619 642 533
238 2 2 13 5 533 642 625
239 2 2 13 5 610 644 534
240 2 2 13 5 534 693 610
241 2 2 13 5 628 693 534
242 2 2 13 5 534 644 630
243 2 2 13 5 535 671 627
244 2 2 13 5 647 664 535
245 2 2 13 5 664 671 535
246 2 2 13 5 536 541 540
247 2 2 13 5 536 552 541
248 2 2 13 5 536 670 552
249 2 2 13 5 537 673 618
250 2 2 13 5 645 661 537
251 2 2 13 5 661 673 537
252 2 2 13 5 641 657 538
253 2 2 13 5 538 694 646
254 2 2 13 5 657 694 538
255 2 2 13 5 539 603 592
256 2 2 13 5 539 613 603
257 2 2 13 5 612 613 539
258 2 2 13 5 541 542 540
259 2 2 13 5 542 682 540
260 2 2 13 5 540 682 612
261 2 2 13 5 612 696 540
262 2 2 13 5 541 543 542
263 2 2 13 5 541 611 543
264 2 2 13 5 552 611 541
265 2 2 13 5 543 544 542
266 2 2 13 5 544 562 542
267 2 2 13 5 562 682 542
268 2 2 13 5 543 545 544
269 2 2 13 5 543 605 545
270 2 2 13 5 543 611 605
271 2 2 13 5 545 546 544
272 2 2 13 5 546 616 544
273 2 2 13 5 544 616 562
274 2 2 13 5 545 547 546
275 2 2 13 5 545 614 547
276 2 2 13 5 605 614 545
277 2 2 13 5 547 548 546
278 2 2 13 5 548 602 546
279 2 2 13 5 602 616 546
280 2 2 13 5 547 549 548
281 2 2 13 5 547 553 549
282 2 2 13 5 547 614 553
283 2 2 13 5 549 550 548
284 2 2 13 5 550 620 548
285 2 2 13 5 548 620 602
286 2 2 13 5 549 551 550
287 2 2 13 5 549 635 551
288 2 2 13 5 553 635 549
289 2 2 13 5 551 560 550
290 2 2 13 5 560 563 550
291 2 2 13 5 563 620 550
292 2 2 13 5 551 561 560
293 2 2 13 5 551 564 561
294 2 2 13 5 551 635 564
295 2 2 13 5 600 611 552
296 2 2 13 5 552 667 600
297 2 2 13 5 552 670 667
298 2 2 13 5 614 615 553
299 2 2 13 5 615 679 553
300 2 2 13 5 553 679 635
301 2 2 13 5 640 697 554
302 2 2 13 5 649 685 554
303 2 2 13 5 554 697 649
304 2 2 13 5 654 669 555
305 2 2 13 5 555 686 654
306 2 2 13 5 555 669 665
307 2 2 13 5 603 613 556
308 2 2 13 5 556 656 603
309 2 2 13 5 613 660 556
310 2 2 13 5 606 651 557
311 2 2 13 5 557 651 608
312 2 2 13 5 608 667 557
313 2 2 13 5 667 670 557
314 2 2 13 5 638 691 558
315 2 2 13 5 645 683 558
316 2 2 13 5 558 691 645
317 2 2 13 5 559 659 639
318 2 2 13 5 646 659 559
319 2 2 13 5 559 684 646
320 2 2 13 5 561 634 560
321 2 2 13 5 560 664 563
322 2 2 13 5 634 664 560
323 2 2 13 5 564 565 561
324 2 2 13 5 565 566 561
325 2 2 13 5 566 634 561
326 2 2 13 5 562 660 613
327 2 2 13 5 613 682 562
328 2 2 13 5 616 660 562
329 2 2 13 5 563 643 620
330 2 2 13 5 563 647 643
331 2 2 13 5 563 664 647
332 2 2 13 5 564 596 565
333 2 2 13 5 564 672 596
334 2 2 13 5 635 672 564
335 2 2 13 5 565 567 566
336 2 2 13 5 565 644 567
337 2 2 13 5 596 644 565
338 2 2 13 5 567 568 566
339 2 2 13 5 568 589 566
340 2 2 13 5 589 634 566
341 2 2 13 5 567 569 568
342 2 2 13 5 567 610 569
343 2 2 13 5 567 644 610
344 2 2 13 5 569 570 568
345 2 2 13 5 570 633 568
346 2 2 13 5 568 633 589
347 2 2 13 5 569 571 570
348 2 2 13 5 569 631 571
349 2 2 13 5 610 631 569
350 2 2 13 5 571 572 570
351 2 2 13 5 572 595 570
352 2 2 13 5 595 633 570
353 2 2 13 5 571 573 572
354 2 2 13 5 571 574 573
355 2 2 13 5 571 631 574
356 2 2 13 5 573 632 572
357 2 2 13 5 572 604 595
358 2 2 13 5 572 632 604
359 2 2 13 5 574 575 573
360 2 2 13 5 575 576 573
361 2 2 13 5 576 632 573
362 2 2 13 5 574 668 575
363 2 2 13 5 631 677 574
364 2 2 13 5 574 677 668
365 2 2 13 5 575 577 576
366 2 2 13 5 575 655 577
367 2 2 13 5 575 668 655
368 2 2 13 5 577 578 576
369 2 2 13 5 578 624 576
370 2 2 13 5 624 632 576
371 2 2 13 5 577 579 578
372 2 2 13 5 577 587 579
373 2 2 13 5 577 655 587
374 2 2 13 5 579 580 578
375 2 2 13 5 580 584 578
376 2 2 13 5 584 624 578
377 2 2 13 5 579 581 580
378 2 2 13 5 579 642 581
379 2 2 13 5 587 642 579
380 2 2 13 5 581 582 580
381 2 2 13 5 582 621 580
382 2 2 13 5 580 621 584
383 2 2 13 5 581 583 582
384 2 2 13 5 581 695 583
385 2 2 13 5 642 695 581
386 2 2 13 5 583 585 582
387 2 2 13 5 585 609 582
388 2 2 13 5 609 621 582
389 2 2 13 5 583 586 585
390 2 2 13 5 583 590 586
391 2 2 13 5 583 695 590
392 2 2 13 5 621 622 584
393 2 2 13 5 622 623 584
394 2 2 13 5 623 624 584
395 2 2 13 5 586 588 585
396 2 2 13 5 588 657 585
397 2 2 13 5 585 657 609
398 2 2 13 5 586 652 588
399 2 2 13 5 590 591 586
400 2 2 13 5 591 652 586
401 2 2 13 5 587 626 625
402 2 2 13 5 625 642 587
403 2 2 13 5 587 655 626
404 2 2 13 5 652 659 588
405 2 2 13 5 588 694 657
406 2 2 13 5 659 694 588
407 2 2 13 5 633 687 589
408 2 2 13 5 589 671 634
409 2 2 13 5 589 687 671
410 2 2 13 5 590 661 591
411 2 2 13 5 619 673 590
412 2 2 13 5 590 695 619
413 2 2 13 5 590 673 661
414 2 2 13 5 591 690 652
415 2 2 13 5 661 691 591
416 2 2 13 5 591 691 690
417 2 2 13 5 603 675 592
418 2 2 13 5 592 681 648
419 2 2 13 5 675 681 592
420 2 2 13 5 658 665 593
421 2 2 13 5 593 689 658
422 2 2 13 5 665 669 593
423 2 2 13 5 594 653 607
424 2 2 13 5 594 654 653
425 2 2 13 5 594 669 654
426 2 2 13 5 604 650 595
427 2 2 13 5 595 700 633
428 2 2 13 5 650 700 595
429 2 2 13 5 630 644 596
430 2 2 13 5 596 663 630
431 2 2 13 5 649 676 597
432 2 2 13 5 676 678 597
433 2 2 13 5 598 680 640
434 2 2 13 5 658 689 598
435 2 2 13 5 598 689 680
436 2 2 13 5 599 611 600
437 2 2 13 5 605 611 599
438 2 2 13 5 600 667 637
439 2 2 13 5 640 680 601
440 2 2 13 5 601 697 640
441 2 2 13 5 676 697 601
442 2 2 13 5 602 617 616
443 2 2 13 5 656 675 603
444 2 2 13 5 632 674 604
445 2 2 13 5 604 666 650
446 2 2 13 5 637 667 608
447 2 2 13 5 609 657 641
448 2 2 13 5 610 693 631
449 2 2 13 5 612 682 613
450 2 2 13 5 614 699 615
451 2 2 13 5 662 679 615
452 2 2 13 5 617 660 616
453 2 2 13 5 618 673 619
454 2 2 13 5 619 695 642
455 2 2 13 5 622 692 623
456 2 2 13 5 623 674 624
457 2 2 13 5 624 674 632
458 2 2 13 5 671 687 627
459 2 2 13 5 629 677 628
460 2 2 13 5 677 693 628
461 2 2 13 5 668 677 629
462 2 2 13 5 631 693 677
463 2 2 13 5 633 700 687
464 2 2 13 5 634 671 664
465 2 2 13 5 635 679 672
466 2 2 13 5 690 691 638
467 2 2 13 5 639 659 652
468 2 2 13 5 645 691 661
469 2 2 13 5 646 694 659
470 2 2 13 5 649 697 676
471 2 2 13 6 6 131 5
472 2 2 13 6 5 131 72
473 2 2 13 6 9 115 14
474 2 2 13 6 9 56 115
475 2 2 13 6 56 57 115
476 2 2 13 6 57 58 117
477 2 2 13 6 115 57 116
478 2 2 13 6 57 117 116
479 2 2 13 6 58 59 118
480 2 2 13 6 58 118 117
481 2 2 13 6 59 60 118
482 2 2 13 6 120 60 61
483 2 2 13 6 118 60 119
484 2 2 13 6 60 120 119
485 2 2 13 6 62 120 61
486 2 2 13 6 62 63 122
487 2 2 13 6 62 121 120
488 2 2 13 6 62 122 121
489 2 2 13 6 63 64 123
490 2 2 13 6 63 123 122
491 2 2 13 6 64 65 123
492 2 2 13 6 65 66 125
493 2 2 13 6 123 65 124
494 2 2 13 6 65 125 124
495 2 2 13 6 66 67 126
496 2 2 13 6 66 126 125
497 2 2 13 6 127 67 68
498 2 2 13 6 67 127 126
499 2 2 13 6 128 68 69
500 2 2 13 6 128 127 68
501 2 2 13 6 70 128 69
502 2 2 13 6 71 130 70
503 2 2 13 6 128 70 129
504 2 2 13 6 70 130 129
505 2 2 13 6 131 71 72
506 2 2 13 6 131 130 71
507 2 2 13 7 132 8 7
508 2 2 13 7 73 132 7
509 2 2 13 7 138 10 15
510 2 2 13 7 79 10 138
511 2 2 13 7 73 74 133
512 2 2 13 7 73 133 132
513 2 2 13 7 74 75 134
514 2 2 13 7 74 134 133
515 2 2 13 7 135 75 76
516 2 2 13 7 75 135 134
517 2 2 13 7 77 135 76
518 2 2 13 7 78 136 77
519 2 2 13 7 136 135 77
520 2 2 13 7 78 79 138
521 2 2 13 7 78 137 136
522 2 2 13 7 78 138 137
523 2 2 12 8 144 9 14
524 2 2 12 8 9 144 85
525 2 2 12 8 11 139 16
526 2 2 12 8 139 11 80
527 2 2 12 8 81 139 80
528 2 2 12 8 81 82 141
529 2 2 12 8 81 140 139
530 2 2 12 8 81 141 140
531 2 2 12 8 142 82 83
532 2 2 12 8 82 142 141
533 2 2 12 8 84 142 83
534 2 2 12 8 144 84 85
535 2 2 12 8 142 84 143
536 2 2 12 8 84 144 143
537 2 2 13 9 12 15 10
538 2 2 13 9 12 17 15
539 2 2 13 10 16 161 11
540 2 2 13 10 11 161 102
541 2 2 13 10 17 12 145
542 2 2 13 10 145 12 86
543 2 2 13 10 87 145 86
544 2 2 13 10 87 88 147
545 2 2 13 10 145 87 146
546 2 2 13 10 87 147 146
547 2 2 13 10 88 89 147
548 2 2 13 10 89 90 148
549 2 2 13 10 147 89 148
550 2 2 13 10 90 91 150
551 2 2 13 10 148 90 149
552 2 2 13 10 90 150 149
553 2 2 13 10 91 92 151
554 2 2 13 10 91 151 150
555 2 2 13 10 92 93 152
556 2 2 13 10 92 152 151
557 2 2 13 10 93 94 153
558 2 2 13 10 93 153 152
559 2 2 13 10 94 95 153
560 2 2 13 10 95 96 154
561 2 2 13 10 153 95 154
562 2 2 13 10 96 97 156
563 2 2 13 10 154 96 155
564 2 2 13 10 96 156 155
565 2 2 13 10 157 97 98
566 2 2 13 10 97 157 156
567 2 2 13 10 158 98 99
568 2 2 13 10 158 157 98
569 2 2 13 10 100 158 99
570 2 2 13 10 160 100 101
571 2 2 13 10 159 158 100
572 2 2 13 10 160 159 100
573 2 2 13 10 161 101 102
574 2 2 13 10 161 160 101
575 2 2 11 11 18 103 13
576 2 2 11 11 114 18 13
577 2 2 11 11 18 162 103
578 2 2 11 11 173 18 114
579 2 2 11 11 103 162 104
580 2 2 11 11 104 164 105
581 2 2 11 11 162 163 104
582 2 2 11 11 163 164 104
583 2 2 11 11 105 165 106
584 2 2 11 11 164 165 105
585 2 2 11 11 106 166 107
586 2 2 11 11 106 165 166
587 2 2 11 11 107 167 108
588 2 2 11 11 166 167 107
589 2 2 11 11 108 168 109
590 2 2 11 11 108 167 168
591 2 2 11 11 109 169 110
592 2 2 11 11 168 169 109
593 2 2 11 11 110 170 111
594 2 2 11 11 169 170 110
595 2 2 11 11 111 171 112
596 2 2 11 11 170 171 111
597 2 2 11 11 171 113 112
598 2 2 11 11 113 172 114
599 2 2 11 11 171 172 113
600 2 2 11 11 172 173 114
601 2 2 13 12 176 19 782
602 2 2 13 12 19 177 782
603 2 2 13 12 20 174 779
604 2 2 13 12 206 20 779
605 2 2 13 12 202 21 780
606 2 2 13 12 21 205 780
607 2 2 13 12 203 22 781
608 2 2 13 12 22 231 781
609 2 2 13 12 174 175 721
610 2 2 13 12 174 721 779
611 2 2 13 12 175 176 774
612 2 2 13 12 721 175 774
613 2 2 13 12 774 176 782
614 2 2 13 12 177 178 719
615 2 2 13 12 177 719 782
616 2 2 13 12 178 179 725
617 2 2 13 12 719 178 725
618 2 2 13 12 179 180 705
619 2 2 13 12 179 705 725
620 2 2 13 12 180 181 763
621 2 2 13 12 705 180 763
622 2 2 13 12 181 182 757
623 2 2 13 12 181 757 763
624 2 2 13 12 182 183 717
625 2 2 13 12 182 717 757
626 2 2 13 12 183 184 765
627 2 2 13 12 717 183 765
628 2 2 13 12 184 185 745
629 2 2 13 12 184 745 765
630 2 2 13 12 185 186 716
631 2 2 13 12 185 716 745
632 2 2 13 12 186 187 753
633 2 2 13 12 716 186 753
634 2 2 13 12 187 188 778
635 2 2 13 12 753 187 778
636 2 2 13 12 188 189 710
637 2 2 13 12 188 710 778
638 2 2 13 12 189 190 764
639 2 2 13 12 710 189 764
640 2 2 13 12 190 191 707
641 2 2 13 12 190 707 764
642 2 2 13 12 191 192 777
643 2 2 13 12 707 191 777
644 2 2 13 12 192 193 742
645 2 2 13 12 192 742 777
646 2 2 13 12 193 194 714
647 2 2 13 12 193 714 742
648 2 2 13 12 194 195 737
649 2 2 13 12 714 194 737
650 2 2 13 12 195 196 713
651 2 2 13 12 195 713 737
652 2 2 13 12 196 197 766
653 2 2 13 12 713 196 766
654 2 2 13 12 197 198 712
655 2 2 13 12 197 712 766
656 2 2 13 12 198 199 727
657 2 2 13 12 712 198 727
658 2 2 13 12 199 200 736
659 2 2 13 12 727 199 736
660 2 2 13 12 200 201 711
661 2 2 13 12 200 711 736
662 2 2 13 12 201 202 773
663 2 2 13 12 711 201 773
664 2 2 13 12 773 202 780
665 2 2 13 12 204 203 775
666 2 2 13 12 775 203 781
667 2 2 13 12 205 204 722
668 2 2 13 12 722 204 775
669 2 2 13 12 205 722 780
670 2 2 13 12 207 206 772
671 2 2 13 12 772 206 779
672 2 2 13 12 208 207 715
673 2 2 13 12 715 207 772
674 2 2 13 12 209 208 758
675 2 2 13 12 208 715 758
676 2 2 13 12 210 209 761
677 2 2 13 12 209 758 761
678 2 2 13 12 211 210 706
679 2 2 13 12 706 210 761
680 2 2 13 12 212 211 756
681 2 2 13 12 211 706 756
682 2 2 13 12 213 212 709
683 2 2 13 12 709 212 756
684 2 2 13 12 214 213 749
685 2 2 13 12 213 709 749
686 2 2 13 12 215 214 751
687 2 2 13 12 214 749 751
688 2 2 13 12 216 215 704
689 2 2 13 12 704 215 751
690 2 2 13 12 217 216 754
691 2 2 13 12 216 704 754
692 2 2 13 12 218 217 770
693 2 2 13 12 217 754 770
694 2 2 13 12 219 218 718
695 2 2 13 12 718 218 770
696 2 2 13 12 220 219 771
697 2 2 13 12 219 718 771
698 2 2 13 12 221 220 743
699 2 2 13 12 743 220 771
700 2 2 13 12 222 221 703
701 2 2 13 12 703 221 743
702 2 2 13 12 223 222 740
703 2 2 13 12 222 703 740
704 2 2 13 12 224 223 708
705 2 2 13 12 708 223 740
706 2 2 13 12 225 224 735
707 2 2 13 12 224 708 735
708 2 2 13 12 226 225 702
709 2 2 13 12 702 225 735
710 2 2 13 12 227 226 733
711 2 2 13 12 226 702 733
712 2 2 13 12 228 227 731
713 2 2 13 12 731 227 733
714 2 2 13 12 229 228 701
715 2 2 13 12 701 228 731
716 2 2 13 12 230 229 723
717 2 2 13 12 229 701 723
718 2 2 13 12 231 230 720
719 2 2 13 12 720 230 723
720 2 2 13 12 231 720 781
721 2 2 13 12 723 701 732
722 2 2 13 12 730 701 731
723 2 2 13 12 701 730 732
724 2 2 13 12 702 729 733
725 2 2 13 12 729 702 734
726 2 2 13 12 734 702 735
727 2 2 13 12 703 739 740
728 2 2 13 12 739 703 741
729 2 2 13 12 741 703 743
730 2 2 13 12 747 704 751
731 2 2 13 12 704 747 752
732 2 2 13 12 704 752 754
733 2 2 13 12 725 705 759
734 2 2 13 12 759 705 760
735 2 2 13 12 760 705 763
736 2 2 13 12 756 706 776
737 2 2 13 12 706 761 762
738 2 2 13 12 706 762 776
739 2 2 13 12 707 744 768
740 2 2 13 12 744 707 777
741 2 2 13 12 764 707 768
742 2 2 13 12 735 708 767
743 2 2 13 12 738 708 740
744 2 2 13 12 708 738 767
745 2 2 13 12 709 748 749
746 2 2 13 12 748 709 750
747 2 2 13 12 750 709 756
748 2 2 13 12 755 710 769
749 2 2 13 12 710 755 778
750 2 2 13 12 710 764 769
751 2 2 13 12 711 724 732
752 2 2 13 12 724 711 773
753 2 2 13 12 711 732 736
754 2 2 13 12 712 727 728
755 2 2 13 12 712 728 729
756 2 2 13 12 712 729 766
757 2 2 13 12 734 713 766
758 2 2 13 12 713 734 767
759 2 2 13 12 737 713 767
760 2 2 13 12 714 737 738
761 2 2 13 12 714 738 739
762 2 2 13 12 714 739 742
763 2 2 13 12 715 726 759
764 2 2 13 12 726 715 772
765 2 2 13 12 758 715 759
766 2 2 13 12 745 716 746
767 2 2 13 12 746 716 747
768 2 2 13 12 747 716 753
769 2 2 13 12 750 717 765
770 2 2 13 12 717 750 776
771 2 2 13 12 757 717 776
772 2 2 13 12 768 718 769
773 2 2 13 12 718 768 771
774 2 2 13 12 769 718 770
775 2 2 13 12 719 725 726
776 2 2 13 12 719 726 784
777 2 2 13 12 719 774 782
778 2 2 13 12 774 719 784
779 2 2 13 12 720 723 724
780 2 2 13 12 720 724 783
781 2 2 13 12 720 775 781
782 2 2 13 12 775 720 783
783 2 2 13 12 721 772 779
784 2 2 13 12 772 721 784
785 2 2 13 12 721 774 784
786 2 2 13 12 722 773 780
787 2 2 13 12 773 722 783
788 2 2 13 12 722 775 783
789 2 2 13 12 724 723 732
790 2 2 13 12 724 773 783
791 2 2 13 12 726 725 759
792 2 2 13 12 726 772 784
793 2 2 13 12 728 727 730
794 2 2 13 12 730 727 736
795 2 2 13 12 729 728 733
796 2 2 13 12 728 730 731
797 2 2 13 12 728 731 733
798 2 2 13 12 729 734 766
799 2 2 13 12 732 730 736
800 2 2 13 12 734 735 767
801 2 2 13 12 738 737 767
802 2 2 13 12 739 738 740
803 2 2 13 12 739 741 742
804 2 2 13 12 742 741 777
805 2 2 13 12 741 743 744
806 2 2 13 12 741 744 777
807 2 2 13 12 744 743 771
808 2 2 13 12 768 744 771
809 2 2 13 12 745 746 748
810 2 2 13 12 745 748 765
811 2 2 13 12 746 747 751
812 2 2 13 12 748 746 749
813 2 2 13 12 749 746 751
814 2 2 13 12 752 747 753
815 2 2 13 12 748 750 765
816 2 2 13 12 750 756 776
817 2 2 13 12 752 753 778
818 2 2 13 12 754 752 755
819 2 2 13 12 755 752 778
820 2 2 13 12 754 755 770
821 2 2 13 12 755 769 770
822 2 2 13 12 757 762 763
823 2 2 13 12 762 757 776
824 2 2 13 12 758 759 760
825 2 2 13 12 758 760 761
826 2 2 13 12 761 760 762
827 2 2 13 12 762 760 763
828 2 2 13 12 764 768 769
829 2 2 13 13 19 176 823
830 2 2 13 13 247 19 823
831 2 2 13 13 174 20 822
832 2 2 13 13 20 232 822
833 2 2 13 13 243 23 821
834 2 2 13 13 23 244 821
835 2 2 13 13 246 24 824
836 2 2 13 13 24 258 824
837 2 2 13 13 175 174 796
838 2 2 13 13 796 174 822
839 2 2 13 13 176 175 818
840 2 2 13 13 175 796 818
841 2 2 13 13 176 818 823
842 2 2 13 13 232 233 816
843 2 2 13 13 232 816 822
844 2 2 13 13 233 234 787
845 2 2 13 13 233 787 816
846 2 2 13 13 234 235 800
847 2 2 13 13 787 234 800
848 2 2 13 13 235 236 794
849 2 2 13 13 235 794 800
850 2 2 13 13 236 237 820
851 2 2 13 13 794 236 820
852 2 2 13 13 237 238 788
853 2 2 13 13 237 788 820
854 2 2 13 13 238 239 810
855 2 2 13 13 788 238 810
856 2 2 13 13 239 240 789
857 2 2 13 13 239 789 810
858 2 2 13 13 240 241 807
859 2 2 13 13 789 240 807
860 2 2 13 13 241 242 785
861 2 2 13 13 241 785 807
862 2 2 13 13 242 243 815
863 2 2 13 13 785 242 815
864 2 2 13 13 815 243 821
865 2 2 13 13 244 245 795
866 2 2 13 13 244 795 821
867 2 2 13 13 245 246 817
868 2 2 13 13 795 245 817
869 2 2 13 13 817 246 824
870 2 2 13 13 248 247 793
871 2 2 13 13 793 247 823
872 2 2 13 13 249 248 797
873 2 2 13 13 248 793 797
874 2 2 13 13 250 249 809
875 2 2 13 13 249 797 809
876 2 2 13 13 251 250 786
877 2 2 13 13 786 250 809
878 2 2 13 13 252 251 813
879 2 2 13 13 251 786 813
880 2 2 13 13 253 252 814
881 2 2 13 13 252 813 814
882 2 2 13 13 254 253 791
883 2 2 13 13 791 253 814
884 2 2 13 13 255 254 811
885 2 2 13 13 254 791 811
886 2 2 13 13 256 255 790
887 2 2 13 13 790 255 811
888 2 2 13 13 257 256 803
889 2 2 13 13 256 790 803
890 2 2 13 13 258 257 792
891 2 2 13 13 792 257 803
892 2 2 13 13 258 792 824
893 2 2 13 13 785 804 805
894 2 2 13 13 804 785 815
895 2 2 13 13 785 805 807
896 2 2 13 13 801 786 809
897 2 2 13 13 786 801 825
898 2 2 13 13 813 786 825
899 2 2 13 13 798 787 799
900 2 2 13 13 787 798 816
901 2 2 13 13 799 787 800
902 2 2 13 13 788 810 812
903 2 2 13 13 788 812 826
904 2 2 13 13 820 788 826
905 2 2 13 13 806 789 807
906 2 2 13 13 789 806 808
907 2 2 13 13 789 808 810
908 2 2 13 13 803 790 805
909 2 2 13 13 805 790 806
910 2 2 13 13 806 790 811
911 2 2 13 13 791 808 811
912 2 2 13 13 808 791 812
913 2 2 13 13 812 791 814
914 2 2 13 13 792 803 804
915 2 2 13 13 792 804 827
916 2 2 13 13 792 817 824
917 2 2 13 13 817 792 827
918 2 2 13 13 797 793 798
919 2 2 13 13 798 793 828
920 2 2 13 13 818 793 823
921 2 2 13 13 793 818 828
922 2 2 13 13 800 794 801
923 2 2 13 13 801 794 802
924 2 2 13 13 802 794 820
925 2 2 13 13 795 815 821
926 2 2 13 13 815 795 827
927 2 2 13 13 795 817 827
928 2 2 13 13 816 796 822
929 2 2 13 13 796 816 828
930 2 2 13 13 818 796 828
931 2 2 13 13 797 798 799
932 2 2 13 13 797 799 809
933 2 2 13 13 816 798 828
934 2 2 13 13 799 800 801
935 2 2 13 13 799 801 809
936 2 2 13 13 801 802 825
937 2 2 13 13 802 819 825
938 2 2 13 13 819 802 826
939 2 2 13 13 802 820 826
940 2 2 13 13 804 803 805
941 2 2 13 13 804 815 827
942 2 2 13 13 805 806 807
943 2 2 13 13 808 806 811
944 2 2 13 13 810 808 812
945 2 2 13 13 812 814 819
946 2 2 13 13 812 819 826
947 2 2 13 13 814 813 819
948 2 2 13 13 819 813 825
949 2 2 13 14 5 921 1
950 2 2 13 14 1 846 28
951 2 2 13 14 1 873 846
952 2 2 13 14 1 921 873
953 2 2 13 14 34 968 3
954 2 2 13 14 42 3 249
955 2 2 13 14 249 3 248
956 2 2 13 14 3 916 248
957 2 2 13 14 3 968 916
958 2 2 13 14 72 921 5
959 2 2 13 14 48 256 7
960 2 2 13 14 7 967 73
961 2 2 13 14 7 256 257
962 2 2 13 14 257 915 7
963 2 2 13 14 915 967 7
964 2 2 13 14 9 976 56
965 2 2 13 14 261 976 9
966 2 2 13 14 10 969 12
967 2 2 13 14 79 845 10
968 2 2 13 14 845 871 10
969 2 2 13 14 871 922 10
970 2 2 13 14 922 969 10
971 2 2 13 14 102 977 11
972 2 2 13 14 11 977 262
973 2 2 13 14 12 969 86
974 2 2 13 14 19 970 177
975 2 2 13 14 247 970 19
976 2 2 13 14 202 975 21
977 2 2 13 14 21 975 259
978 2 2 13 14 24 971 258
979 2 2 13 14 265 971 24
980 2 2 13 14 264 974 25
981 2 2 13 14 25 974 290
982 2 2 13 14 28 924 29
983 2 2 13 14 846 924 28
984 2 2 13 14 29 881 30
985 2 2 13 14 29 924 881
986 2 2 13 14 30 928 31
987 2 2 13 14 881 928 30
988 2 2 13 14 31 877 32
989 2 2 13 14 31 928 877
990 2 2 13 14 32 931 33
991 2 2 13 14 877 931 32
992 2 2 13 14 33 875 34
993 2 2 13 14 33 931 875
994 2 2 13 14 875 968 34
995 2 2 13 14 42 250 43
996 2 2 13 14 42 249 250
997 2 2 13 14 43 251 44
998 2 2 13 14 43 250 251
999 2 2 13 14 44 252 45
1000 2 2 13 14 44 251 252
1001 2 2 13 14 45 253 46
1002 2 2 13 14 45 252 253
1003 2 2 13 14 46 254 47
1004 2 2 13 14 253 254 46
1005 2 2 13 14 47 255 48
1006 2 2 13 14 47 254 255
1007 2 2 13 14 255 256 48
1008 2 2 13 14 56 917 57
1009 2 2 13 14 56 976 917
1010 2 2 13 14 57 831 58
1011 2 2 13 14 57 917 831
1012 2 2 13 14 58 914 59
1013 2 2 13 14 831 914 58
1014 2 2 13 14 59 833 60
1015 2 2 13 14 59 914 833
1016 2 2 13 14 60 913 61
1017 2 2 13 14 833 913 60
1018 2 2 13 14 61 836 62
1019 2 2 13 14 61 913 836
1020 2 2 13 14 62 906 63
1021 2 2 13 14 836 906 62
1022 2 2 13 14 63 837 64
1023 2 2 13 14 63 906 837
1024 2 2 13 14 64 910 65
1025 2 2 13 14 837 910 64
1026 2 2 13 14 65 840 66
1027 2 2 13 14 65 910 840
1028 2 2 13 14 66 905 67
1029 2 2 13 14 840 905 66
1030 2 2 13 14 67 842 68
1031 2 2 13 14 67 905 842
1032 2 2 13 14 68 907 69
1033 2 2 13 14 842 907 68
1034 2 2 13 14 69 844 70
1035 2 2 13 14 69 907 844
1036 2 2 13 14 70 958 71
1037 2 2 13 14 844 958 70
1038 2 2 13 14 71 874 72
1039 2 2 13 14 71 958 874
1040 2 2 13 14 874 921 72
1041 2 2 13 14 73 876 74
1042 2 2 13 14 73 967 876
1043 2 2 13 14 74 932 75
1044 2 2 13 14 876 932 74
1045 2 2 13 14 75 878 76
1046 2 2 13 14 75 932 878
1047 2 2 13 14 76 927 77
1048 2 2 13 14 878 927 76
1049 2 2 13 14 77 882 78
1050 2 2 13 14 77 927 882
1051 2 2 13 14 78 923 79
1052 2 2 13 14 882 923 78
1053 2 2 13 14 79 923 845
1054 2 2 13 14 86 872 87
1055 2 2 13 14 86 922 872
1056 2 2 13 14 86 969 922
1057 2 2 13 14 87 889 88
1058 2 2 13 14 872 889 87
1059 2 2 13 14 88 843 89
1060 2 2 13 14 88 889 843
1061 2 2 13 14 89 908 90
1062 2 2 13 14 843 908 89
1063 2 2 13 14 90 841 91
1064 2 2 13 14 90 908 841
1065 2 2 13 14 91 904 92
1066 2 2 13 14 841 904 91
1067 2 2 13 14 92 839 93
1068 2 2 13 14 92 904 839
1069 2 2 13 14 93 909 94
1070 2 2 13 14 839 909 93
1071 2 2 13 14 94 838 95
1072 2 2 13 14 94 909 838
1073 2 2 13 14 95 911 96
1074 2 2 13 14 838 911 95
1075 2 2 13 14 96 835 97
1076 2 2 13 14 96 911 835
1077 2 2 13 14 97 903 98
1078 2 2 13 14 835 903 97
1079 2 2 13 14 98 834 99
1080 2 2 13 14 98 903 834
1081 2 2 13 14 99 912 100
1082 2 2 13 14 834 912 99
1083 2 2 13 14 100 832 101
1084 2 2 13 14 100 912 832
1085 2 2 13 14 101 918 102
1086 2 2 13 14 832 918 101
1087 2 2 13 14 918 977 102
1088 2 2 13 14 177 853 178
1089 2 2 13 14 177 970 853
1090 2 2 13 14 178 935 179
1091 2 2 13 14 853 935 178
1092 2 2 13 14 179 865 180
1093 2 2 13 14 179 935 865
1094 2 2 13 14 180 929 181
1095 2 2 13 14 865 929 180
1096 2 2 13 14 181 867 182
1097 2 2 13 14 181 929 867
1098 2 2 13 14 182 926 183
1099 2 2 13 14 867 926 182
1100 2 2 13 14 183 870 184
1101 2 2 13 14 183 926 870
1102 2 2 13 14 184 884 185
1103 2 2 13 14 870 884 184
1104 2 2 13 14 185 880 186
1105 2 2 13 14 185 884 880
1106 2 2 13 14 186 830 187
1107 2 2 13 14 186 880 830
1108 2 2 13 14 187 886 188
1109 2 2 13 14 830 886 187
1110 2 2 13 14 188 887 189
1111 2 2 13 14 886 887 188
1112 2 2 13 14 189 864 190
1113 2 2 13 14 189 887 864
1114 2 2 13 14 190 896 191
1115 2 2 13 14 864 896 190
1116 2 2 13 14 191 862 192
1117 2 2 13 14 191 896 862
1118 2 2 13 14 192 899 193
1119 2 2 13 14 862 899 192
1120 2 2 13 14 193 860 194
1121 2 2 13 14 193 899 860
1122 2 2 13 14 194 894 195
1123 2 2 13 14 860 894 194
1124 2 2 13 14 195 856 196
1125 2 2 13 14 195 894 856
1126 2 2 13 14 196 902 197
1127 2 2 13 14 856 902 196
1128 2 2 13 14 197 852 198
1129 2 2 13 14 197 902 852
1130 2 2 13 14 198 901 199
1131 2 2 13 14 852 901 198
1132 2 2 13 14 199 849 200
1133 2 2 13 14 199 901 849
1134 2 2 13 14 200 891 201
1135 2 2 13 14 849 891 200
1136 2 2 13 14 201 848 202
1137 2 2 13 14 201 891 848
1138 2 2 13 14 848 975 202
1139 2 2 13 14 248 916 247
1140 2 2 13 14 916 970 247
1141 2 2 13 14 258 915 257
1142 2 2 13 14 258 971 915
1143 2 2 13 14 259 920 260
1144 2 2 13 14 259 975 920
1145 2 2 13 14 260 858 261
1146 2 2 13 14 260 920 858
1147 2 2 13 14 858 976 261
1148 2 2 13 14 262 857 263
1149 2 2 13 14 262 977 857
1150 2 2 13 14 263 919 264
1151 2 2 13 14 857 919 263
1152 2 2 13 14 919 974 264
1153 2 2 13 14 266 854 265
1154 2 2 13 14 854 971 265
1155 2 2 13 14 267 936 266
1156 2 2 13 14 266 936 854
1157 2 2 13 14 268 866 267
1158 2 2 13 14 866 936 267
1159 2 2 13 14 269 930 268
1160 2 2 13 14 268 930 866
1161 2 2 13 14 270 868 269
1162 2 2 13 14 868 930 269
1163 2 2 13 14 271 925 270
1164 2 2 13 14 270 925 868
1165 2 2 13 14 272 869 271
1166 2 2 13 14 869 925 271
1167 2 2 13 14 273 883 272
1168 2 2 13 14 272 883 869
1169 2 2 13 14 274 879 273
1170 2 2 13 14 879 883 273
1171 2 2 13 14 275 829 274
1172 2 2 13 14 829 879 274
1173 2 2 13 14 276 885 275
1174 2 2 13 14 275 885 829
1175 2 2 13 14 277 890 276
1176 2 2 13 14 276 890 885
1177 2 2 13 14 278 863 277
1178 2 2 13 14 863 890 277
1179 2 2 13 14 279 895 278
1180 2 2 13 14 278 895 863
1181 2 2 13 14 280 861 279
1182 2 2 13 14 861 895 279
1183 2 2 13 14 281 897 280
1184 2 2 13 14 280 897 861
1185 2 2 13 14 282 859 281
1186 2 2 13 14 859 897 281
1187 2 2 13 14 283 898 282
1188 2 2 13 14 282 898 859
1189 2 2 13 14 284 855 283
1190 2 2 13 14 855 898 283
1191 2 2 13 14 285 893 284
1192 2 2 13 14 284 893 855
1193 2 2 13 14 286 851 285
1194 2 2 13 14 851 893 285
1195 2 2 13 14 287 900 286
1196 2 2 13 14 286 900 851
1197 2 2 13 14 288 850 287
1198 2 2 13 14 850 900 287
1199 2 2 13 14 289 892 288
1200 2 2 13 14 288 892 850
1201 2 2 13 14 290 847 289
1202 2 2 13 14 847 892 289
1203 2 2 13 14 290 974 847
1204 2 2 13 14 829 950 879
1205 2 2 13 14 885 933 829
1206 2 2 13 14 933 950 829
1207 2 2 13 14 880 951 830
1208 2 2 13 14 830 934 886
1209 2 2 13 14 830 951 934
1210 2 2 13 14 831 939 914
1211 2 2 13 14 917 937 831
1212 2 2 13 14 937 939 831
1213 2 2 13 14 912 940 832
1214 2 2 13 14 832 938 918
1215 2 2 13 14 832 940 938
1216 2 2 13 14 833 945 913
1217 2 2 13 14 914 942 833
1218 2 2 13 14 942 945 833
1219 2 2 13 14 903 944 834
1220 2 2 13 14 834 943 912
1221 2 2 13 14 834 944 943
1222 2 2 13 14 835 946 903
1223 2 2 13 14 911 949 835
1224 2 2 13 14 835 949 946
1225 2 2 13 14 836 948 906
1226 2 2 13 14 913 947 836
1227 2 2 13 14 947 948 836
1228 2 2 13 14 906 952 837
1229 2 2 13 14 837 954 910
1230 2 2 13 14 952 954 837
1231 2 2 13 14 909 955 838
1232 2 2 13 14 838 953 911
1233 2 2 13 14 838 955 953
1234 2 2 13 14 904 960 839
1235 2 2 13 14 839 956 909
1236 2 2 13 14 839 960 956
1237 2 2 13 14 840 961 905
1238 2 2 13 14 910 957 840
1239 2 2 13 14 957 961 840
1240 2 2 13 14 841 963 904
1241 2 2 13 14 908 965 841
1242 2 2 13 14 841 965 963
1243 2 2 13 14 905 964 842
1244 2 2 13 14 842 966 907
1245 2 2 13 14 964 966 842
1246 2 2 13 14 889 941 843
1247 2 2 13 14 843 962 908
1248 2 2 13 14 941 962 843
1249 2 2 13 14 888 958 844
1250 2 2 13 14 844 959 888
1251 2 2 13 14 907 959 844
1252 2 2 13 14 845 979 871
1253 2 2 13 14 845 923 883
1254 2 2 13 14 883 979 845
1255 2 2 13 14 873 978 846
1256 2 2 13 14 884 924 846
1257 2 2 13 14 846 978 884
1258 2 2 13 14 847 938 892
1259 2 2 13 14 919 973 847
1260 2 2 13 14 847 974 919
1261 2 2 13 14 847 973 938
1262 2 2 13 14 891 937 848
1263 2 2 13 14 848 972 920
1264 2 2 13 14 920 975 848
1265 2 2 13 14 937 972 848
1266 2 2 13 14 849 939 891
1267 2 2 13 14 901 942 849
1268 2 2 13 14 849 942 939
1269 2 2 13 14 892 940 850
1270 2 2 13 14 850 943 900
1271 2 2 13 14 940 943 850
1272 2 2 13 14 851 946 893
1273 2 2 13 14 900 944 851
1274 2 2 13 14 944 946 851
1275 2 2 13 14 852 945 901
1276 2 2 13 14 902 947 852
1277 2 2 13 14 852 947 945
1278 2 2 13 14 916 968 853
1279 2 2 13 14 853 970 916
1280 2 2 13 14 853 968 935
1281 2 2 13 14 854 967 915
1282 2 2 13 14 915 971 854
1283 2 2 13 14 936 967 854
1284 2 2 13 14 893 949 855
1285 2 2 13 14 855 953 898
1286 2 2 13 14 949 953 855
1287 2 2 13 14 894 952 856
1288 2 2 13 14 856 948 902
1289 2 2 13 14 856 952 948
1290 2 2 13 14 918 973 857
1291 2 2 13 14 857 977 918
1292 2 2 13 14 857 973 919
1293 2 2 13 14 858 972 917
1294 2 2 13 14 917 976 858
1295 2 2 13 14 920 972 858
1296 2 2 13 14 859 956 897
1297 2 2 13 14 898 955 859
1298 2 2 13 14 955 956 859
1299 2 2 13 14 860 954 894
1300 2 2 13 14 899 957 860
1301 2 2 13 14 860 957 954
1302 2 2 13 14 861 963 895
1303 2 2 13 14 897 960 861
1304 2 2 13 14 960 963 861
1305 2 2 13 14 896 964 862
1306 2 2 13 14 862 961 899
1307 2 2 13 14 862 964 961
1308 2 2 13 14 863 962 890
1309 2 2 13 14 895 965 863
1310 2 2 13 14 863 965 962
1311 2 2 13 14 887 959 864
1312 2 2 13 14 864 966 896
1313 2 2 13 14 959 966 864
1314 2 2 13 14 875 931 865
1315 2 2 13 14 865 935 875
1316 2 2 13 14 865 931 929
1317 2 2 13 14 866 932 876
1318 2 2 13 14 876 936 866
1319 2 2 13 14 930 932 866
1320 2 2 13 14 877 928 867
1321 2 2 13 14 867 929 877
1322 2 2 13 14 867 928 926
1323 2 2 13 14 868 927 878
1324 2 2 13 14 878 930 868
1325 2 2 13 14 925 927 868
1326 2 2 13 14 869 923 882
1327 2 2 13 14 882 925 869
1328 2 2 13 14 883 923 869
1329 2 2 13 14 881 924 870
1330 2 2 13 14 870 926 881
1331 2 2 13 14 870 924 884
1332 2 2 13 14 879 950 871
1333 2 2 13 14 871 979 879
1334 2 2 13 14 871 950 922
1335 2 2 13 14 872 933 889
1336 2 2 13 14 922 950 872
1337 2 2 13 14 872 950 933
1338 2 2 13 14 873 951 880
1339 2 2 13 14 880 978 873
1340 2 2 13 14 921 951 873
1341 2 2 13 14 874 951 921
1342 2 2 13 14 934 951 874
1343 2 2 13 14 874 958 934
1344 2 2 13 14 935 968 875
1345 2 2 13 14 876 967 936
1346 2 2 13 14 929 931 877
1347 2 2 13 14 878 932 930
1348 2 2 13 14 879 979 883
1349 2 2 13 14 884 978 880
1350 2 2 13 14 926 928 881
1351 2 2 13 14 882 927 925
1352 2 2 13 14 890 941 885
1353 2 2 13 14 885 941 933
1354 2 2 13 14 886 888 887
1355 2 2 13 14 886 934 888
1356 2 2 13 14 888 959 887
1357 2 2 13 14 934 958 888
1358 2 2 13 14 933 941 889
1359 2 2 13 14 890 962 941
1360 2 2 13 14 891 939 937
1361 2 2 13 14 938 940 892
1362 2 2 13 14 946 949 893
1363 2 2 13 14 894 954 952
1364 2 2 13 14 963 965 895
1365 2 2 13 14 896 966 964
1366 2 2 13 14 956 960 897
1367 2 2 13 14 953 955 898
1368 2 2 13 14 899 961 957
1369 2 2 13 14 943 944 900
1370 2 2 13 14 901 945 942
1371 2 2 13 14 902 948 947
1372 2 2 13 14 903 946 944
1373 2 2 13 14 904 963 960
1374 2 2 13 14 961 964 905
1375 2 2 13 14 948 952 906
1376 2 2 13 14 907 966 959
1377 2 2 13 14 962 965 908
1378 2 2 13 14 909 956 955
1379 2 2 13 14 954 957 910
1380 2 2 13 14 911 953 949
1381 2 2 13 14 912 943 940
1382 2 2 13 14 945 947 913
1383 2 2 13 14 939 942 914
1384 2 2 13 14 917 972 937
1385 2 2 13 14 938 973 918
1386 2 2 13 15 85 1007 9
1387 2 2 13 15 9 981 261
1388 2 2 13 15 9 1007 981
1389 2 2 13 15 11 1008 80
1390 2 2 13 15 262 980 11
1391 2 2 13 15 980 1008 11
1392 2 2 13 15 21 1030 205
1393 2 2 13 15 259 1030 21
1394 2 2 13 15 203 1027 22
1395 2 2 13 15 22 1027 291
1396 2 2 13 15 25 1031 264
1397 2 2 13 15 305 1031 25
1398 2 2 13 15 302 1026 26
1399 2 2 13 15 26 1026 303
1400 2 2 13 15 80 983 81
1401 2 2 13 15 80 1008 983
1402 2 2 13 15 81 1009 82
1403 2 2 13 15 983 1009 81
1404 2 2 13 15 82 982 83
1405 2 2 13 15 82 1009 982
1406 2 2 13 15 83 1010 84
1407 2 2 13 15 982 1010 83
1408 2 2 13 15 84 984 85
1409 2 2 13 15 84 1010 984
1410 2 2 13 15 984 1007 85
1411 2 2 13 15 204 1015 203
1412 2 2 13 15 1015 1027 203
1413 2 2 13 15 205 990 204
1414 2 2 13 15 990 1015 204
1415 2 2 13 15 205 1030 990
1416 2 2 13 15 260 1017 259
1417 2 2 13 15 1017 1030 259
1418 2 2 13 15 261 1012 260
1419 2 2 13 15 1012 1017 260
1420 2 2 13 15 981 1012 261
1421 2 2 13 15 263 1011 262
1422 2 2 13 15 262 1011 980
1423 2 2 13 15 264 1016 263
1424 2 2 13 15 263 1016 1011
1425 2 2 13 15 264 1031 1016
1426 2 2 13 15 291 992 292
1427 2 2 13 15 291 1027 992
1428 2 2 13 15 292 993 293
1429 2 2 13 15 992 993 292
1430 2 2 13 15 293 986 294
1431 2 2 13 15 293 993 986
1432 2 2 13 15 294 997 295
1433 2 2 13 15 986 997 294
1434 2 2 13 15 295 987 296
1435 2 2 13 15 295 997 987
1436 2 2 13 15 296 1000 297
1437 2 2 13 15 987 1000 296
1438 2 2 13 15 297 988 298
1439 2 2 13 15 297 1000 988
1440 2 2 13 15 298 1013 299
1441 2 2 13 15 988 1013 298
1442 2 2 13 15 299 985 300
1443 2 2 13 15 299 1013 985
1444 2 2 13 15 300 1003 301
1445 2 2 13 15 985 1003 300
1446 2 2 13 15 301 991 302
1447 2 2 13 15 301 1003 991
1448 2 2 13 15 991 1026 302
1449 2 2 13 15 303 1014 304
1450 2 2 13 15 303 1026 1014
1451 2 2 13 15 304 989 305
1452 2 2 13 15 304 1014 989
1453 2 2 13 15 989 1031 305
1454 2 2 13 15 980 1023 1008
1455 2 2 13 15 1011 1018 980
1456 2 2 13 15 1018 1023 980
1457 2 2 13 15 1007 1022 981
1458 2 2 13 15 981 1019 1012
1459 2 2 13 15 981 1022 1019
1460 2 2 13 15 1009 1029 982
1461 2 2 13 15 982 1029 1010
1462 2 2 13 15 1008 1024 983
1463 2 2 13 15 983 1028 1009
1464 2 2 13 15 1024 1028 983
1465 2 2 13 15 998 1025 984
1466 2 2 13 15 984 1032 998
1467 2 2 13 15 984 1025 1007
1468 2 2 13 15 1010 1032 984
1469 2 2 13 15 985 1005 1003
1470 2 2 13 15 985 1006 1005
1471 2 2 13 15 985 1013 1006
1472 2 2 13 15 993 995 986
1473 2 2 13 15 995 996 986
1474 2 2 13 15 996 997 986
1475 2 2 13 15 997 998 987
1476 2 2 13 15 998 999 987
1477 2 2 13 15 999 1000 987
1478 2 2 13 15 1000 1001 988
1479 2 2 13 15 1001 1002 988
1480 2 2 13 15 1002 1013 988
1481 2 2 13 15 1014 1033 989
1482 2 2 13 15 989 1020 1016
1483 2 2 13 15 1016 1031 989
1484 2 2 13 15 989 1033 1020
1485 2 2 13 15 990 1034 1015
1486 2 2 13 15 1017 1021 990
1487 2 2 13 15 990 1030 1017
1488 2 2 13 15 1021 1034 990
1489 2 2 13 15 1003 1004 991
1490 2 2 13 15 1004 1033 991
1491 2 2 13 15 1014 1026 991
1492 2 2 13 15 991 1033 1014
1493 2 2 13 15 992 994 993
1494 2 2 13 15 992 1034 994
1495 2 2 13 15 992 1027 1015
1496 2 2 13 15 1015 1034 992
1497 2 2 13 15 994 995 993
1498 2 2 13 15 994 1019 995
1499 2 2 13 15 994 1021 1019
1500 2 2 13 15 994 1034 1021
1501 2 2 13 15 995 1022 996
1502 2 2 13 15 1019 1022 995
1503 2 2 13 15 996 998 997
1504 2 2 13 15 996 1025 998
1505 2 2 13 15 1022 1025 996
1506 2 2 13 15 998 1032 999
1507 2 2 13 15 999 1029 1000
1508 2 2 13 15 999 1032 1029
1509 2 2 13 15 1000 1029 1001
1510 2 2 13 15 1001 1028 1002
1511 2 2 13 15 1009 1028 1001
1512 2 2 13 15 1001 1029 1009
1513 2 2 13 15 1006 1013 1002
1514 2 2 13 15 1002 1024 1006
1515 2 2 13 15 1002 1028 1024
1516 2 2 13 15 1003 1005 1004
1517 2 2 13 15 1005 1018 1004
1518 2 2 13 15 1018 1020 1004
1519 2 2 13 15 1020 1033 1004
1520 2 2 13 15 1006 1023 1005
1521 2 2 13 15 1005 1023 1018
1522 2 2 13 15 1006 1024 1023
1523 2 2 13 15 1007 1025 1022
1524 2 2 13 15 1023 1024 1008
1525 2 2 13 15 1029 1032 1010
1526 2 2 13 15 1016 1020 1011
1527 2 2 13 15 1011 1020 1018
1528 2 2 13 15 1012 1021 1017
1529 2 2 13 15 1019 1021 1012
1530 2 2 13 16 20 206 1374
1531 2 2 13 16 232 20 1374
1532 2 2 13 16 231 22 1370
1533 2 2 13 16 22 291 1370
1534 2 2 13 16 23 243 1376
1535 2 2 13 16 306 23 1376
1536 2 2 13 16 302 26 1375
1537 2 2 13 16 26 331 1375
1538 2 2 13 16 27 332 1383
1539 2 2 13 16 343 27 1398
1540 2 2 13 16 27 1383 1398
1541 2 2 13 16 206 207 1325
1542 2 2 13 16 206 1325 1374
1543 2 2 13 16 207 208 1054
1544 2 2 13 16 207 1054 1325
1545 2 2 13 16 208 209 1237
1546 2 2 13 16 1054 208 1237
1547 2 2 13 16 209 210 1058
1548 2 2 13 16 209 1058 1237
1549 2 2 13 16 210 211 1359
1550 2 2 13 16 1058 210 1359
1551 2 2 13 16 211 212 1056
1552 2 2 13 16 211 1056 1359
1553 2 2 13 16 212 213 1244
1554 2 2 13 16 1056 212 1244
1555 2 2 13 16 213 214 1049
1556 2 2 13 16 213 1049 1244
1557 2 2 13 16 214 215 1250
1558 2 2 13 16 1049 214 1250
1559 2 2 13 16 215 216 1044
1560 2 2 13 16 215 1044 1250
1561 2 2 13 16 216 217 1252
1562 2 2 13 16 1044 216 1252
1563 2 2 13 16 217 218 1254
1564 2 2 13 16 1252 217 1254
1565 2 2 13 16 218 219 1039
1566 2 2 13 16 218 1039 1254
1567 2 2 13 16 219 220 1324
1568 2 2 13 16 1039 219 1324
1569 2 2 13 16 220 221 1050
1570 2 2 13 16 220 1050 1324
1571 2 2 13 16 221 222 1285
1572 2 2 13 16 1050 221 1285
1573 2 2 13 16 222 223 1038
1574 2 2 13 16 222 1038 1285
1575 2 2 13 16 223 224 1276
1576 2 2 13 16 1038 223 1276
1577 2 2 13 16 224 225 1274
1578 2 2 13 16 224 1274 1276
1579 2 2 13 16 225 226 1040
1580 2 2 13 16 225 1040 1274
1581 2 2 13 16 226 227 1272
1582 2 2 13 16 1040 226 1272
1583 2 2 13 16 227 228 1271
1584 2 2 13 16 227 1271 1272
1585 2 2 13 16 228 229 1045
1586 2 2 13 16 228 1045 1271
1587 2 2 13 16 229 230 1249
1588 2 2 13 16 1045 229 1249
1589 2 2 13 16 230 231 1078
1590 2 2 13 16 230 1078 1249
1591 2 2 13 16 1078 231 1370
1592 2 2 13 16 233 232 1085
1593 2 2 13 16 1085 232 1374
1594 2 2 13 16 234 233 1350
1595 2 2 13 16 233 1085 1350
1596 2 2 13 16 235 234 1060
1597 2 2 13 16 1060 234 1350
1598 2 2 13 16 236 235 1265
1599 2 2 13 16 235 1060 1265
1600 2 2 13 16 237 236 1076
1601 2 2 13 16 1076 236 1265
1602 2 2 13 16 238 237 1262
1603 2 2 13 16 237 1076 1262
1604 2 2 13 16 239 238 1088
1605 2 2 13 16 1088 238 1262
1606 2 2 13 16 240 239 1321
1607 2 2 13 16 239 1088 1321
1608 2 2 13 16 241 240 1231
1609 2 2 13 16 1231 240 1321
1610 2 2 13 16 242 241 1064
1611 2 2 13 16 1064 241 1231
1612 2 2 13 16 243 242 1395
1613 2 2 13 16 242 1064 1395
1614 2 2 13 16 1376 243 1395
1615 2 2 13 16 291 292 1328
1616 2 2 13 16 291 1328 1370
1617 2 2 13 16 292 293 1299
1618 2 2 13 16 292 1299 1328
1619 2 2 13 16 293 294 1048
1620 2 2 13 16 293 1048 1299
1621 2 2 13 16 294 295 1227
1622 2 2 13 16 1048 294 1385
1623 2 2 13 16 294 1227 1385
1624 2 2 13 16 295 296 1344
1625 2 2 13 16 1227 295 1344
1626 2 2 13 16 296 297 1035
1627 2 2 13 16 296 1035 1344
1628 2 2 13 16 297 298 1345
1629 2 2 13 16 1035 297 1345
1630 2 2 13 16 298 299 1360
1631 2 2 13 16 1345 298 1360
1632 2 2 13 16 299 300 1047
1633 2 2 13 16 299 1047 1360
1634 2 2 13 16 300 301 1304
1635 2 2 13 16 1047 300 1304
1636 2 2 13 16 301 302 1086
1637 2 2 13 16 301 1086 1304
1638 2 2 13 16 1086 302 1375
1639 2 2 13 16 307 306 1342
1640 2 2 13 16 1342 306 1376
1641 2 2 13 16 308 307 1053
1642 2 2 13 16 1053 307 1342
1643 2 2 13 16 309 308 1333
1644 2 2 13 16 308 1053 1333
1645 2 2 13 16 310 309 1057
1646 2 2 13 16 1057 309 1333
1647 2 2 13 16 311 310 1242
1648 2 2 13 16 310 1057 1242
1649 2 2 13 16 312 311 1059
1650 2 2 13 16 1059 311 1242
1651 2 2 13 16 313 312 1352
1652 2 2 13 16 312 1059 1352
1653 2 2 13 16 314 313 1330
1654 2 2 13 16 1330 313 1352
1655 2 2 13 16 315 314 1046
1656 2 2 13 16 1046 314 1330
1657 2 2 13 16 316 315 1258
1658 2 2 13 16 315 1046 1258
1659 2 2 13 16 317 316 1259
1660 2 2 13 16 316 1258 1259
1661 2 2 13 16 318 317 1041
1662 2 2 13 16 1041 317 1259
1663 2 2 13 16 319 318 1269
1664 2 2 13 16 318 1041 1269
1665 2 2 13 16 320 319 1273
1666 2 2 13 16 319 1269 1273
1667 2 2 13 16 321 320 1037
1668 2 2 13 16 1037 320 1273
1669 2 2 13 16 322 321 1284
1670 2 2 13 16 321 1037 1284
1671 2 2 13 16 323 322 1051
1672 2 2 13 16 1051 322 1284
1673 2 2 13 16 324 323 1281
1674 2 2 13 16 323 1051 1281
1675 2 2 13 16 325 324 1036
1676 2 2 13 16 1036 324 1281
1677 2 2 13 16 326 325 1279
1678 2 2 13 16 325 1036 1279
1679 2 2 13 16 327 326 1363
1680 2 2 13 16 326 1279 1363
1681 2 2 13 16 328 327 1043
1682 2 2 13 16 1043 327 1363
1683 2 2 13 16 329 328 1327
1684 2 2 13 16 328 1043 1327
1685 2 2 13 16 330 329 1061
1686 2 2 13 16 1061 329 1327
1687 2 2 13 16 331 330 1326
1688 2 2 13 16 330 1061 1326
1689 2 2 13 16 331 1326 1375
1690 2 2 13 16 332 333 1052
1691 2 2 13 16 332 1052 1092
1692 2 2 13 16 332 1092 1383
1693 2 2 13 16 333 334 1067
1694 2 2 13 16 1052 333 1400
1695 2 2 13 16 333 1067 1400
1696 2 2 13 16 334 335 1042
1697 2 2 13 16 334 1042 1399
1698 2 2 13 16 1067 334 1399
1699 2 2 13 16 335 336 1070
1700 2 2 13 16 1042 335 1401
1701 2 2 13 16 335 1070 1401
1702 2 2 13 16 336 337 1063
1703 2 2 13 16 336 1063 1402
1704 2 2 13 16 1070 336 1402
1705 2 2 13 16 337 338 1378
1706 2 2 13 16 1063 337 1073
1707 2 2 13 16 1073 337 1378
1708 2 2 13 16 338 339 1062
1709 2 2 13 16 338 1062 1378
1710 2 2 13 16 339 340 1077
1711 2 2 13 16 1062 339 1397
1712 2 2 13 16 339 1077 1397
1713 2 2 13 16 340 341 1334
1714 2 2 13 16 1077 340 1334
1715 2 2 13 16 341 342 1074
1716 2 2 13 16 341 1074 1087
1717 2 2 13 16 341 1087 1334
1718 2 2 13 16 342 343 1055
1719 2 2 13 16 342 1055 1396
1720 2 2 13 16 1074 342 1396
1721 2 2 13 16 1055 343 1065
1722 2 2 13 16 1065 343 1398
1723 2 2 13 16 1035 1256 1332
1724 2 2 13 16 1256 1035 1345
1725 2 2 13 16 1035 1332 1344
1726 2 2 13 16 1279 1036 1280
1727 2 2 13 16 1280 1036 1323
1728 2 2 13 16 1036 1281 1323
1729 2 2 13 16 1211 1037 1340
1730 2 2 13 16 1037 1211 1343
1731 2 2 13 16 1037 1273 1340
1732 2 2 13 16 1284 1037 1343
1733 2 2 13 16 1038 1276 1372
1734 2 2 13 16 1285 1038 1293
1735 2 2 13 16 1293 1038 1372
1736 2 2 13 16 1221 1039 1324
1737 2 2 13 16 1039 1221 1368
1738 2 2 13 16 1254 1039 1368
1739 2 2 13 16 1213 1040 1272
1740 2 2 13 16 1040 1213 1355
1741 2 2 13 16 1274 1040 1355
1742 2 2 13 16 1041 1259 1261
1743 2 2 13 16 1041 1261 1353
1744 2 2 13 16 1269 1041 1353
1745 2 2 13 16 1042 1071 1367
1746 2 2 13 16 1071 1042 1401
1747 2 2 13 16 1042 1367 1399
1748 2 2 13 16 1218 1043 1219
1749 2 2 13 16 1043 1218 1327
1750 2 2 13 16 1219 1043 1220
1751 2 2 13 16 1220 1043 1363
1752 2 2 13 16 1044 1226 1250
1753 2 2 13 16 1226 1044 1251
1754 2 2 13 16 1251 1044 1252
1755 2 2 13 16 1215 1045 1249
1756 2 2 13 16 1045 1215 1329
1757 2 2 13 16 1271 1045 1329
1758 2 2 13 16 1046 1228 1361
1759 2 2 13 16 1228 1046 1380
1760 2 2 13 16 1258 1046 1361
1761 2 2 13 16 1046 1330 1380
1762 2 2 13 16 1047 1257 1360
1763 2 2 13 16 1257 1047 1381
1764 2 2 13 16 1047 1304 1381
1765 2 2 13 16 1048 1286 1373
1766 2 2 13 16 1286 1048 1385
1767 2 2 13 16 1299 1048 1373
1768 2 2 13 16 1244 1049 1245
1769 2 2 13 16 1245 1049 1341
1770 2 2 13 16 1049 1250 1341
1771 2 2 13 16 1050 1285 1336
1772 2 2 13 16 1324 1050 1379
1773 2 2 13 16 1050 1336 1379
1774 2 2 13 16 1281 1051 1282
1775 2 2 13 16 1282 1051 1283
1776 2 2 13 16 1283 1051 1284
1777 2 2 13 16 1092 1052 1093
1778 2 2 13 16 1093 1052 1393
1779 2 2 13 16 1393 1052 1400
1780 2 2 13 16 1053 1214 1333
1781 2 2 13 16 1214 1053 1357
1782 2 2 13 16 1053 1342 1357
1783 2 2 13 16 1054 1237 1238
1784 2 2 13 16 1054 1238 1239
1785 2 2 13 16 1054 1239 1325
1786 2 2 13 16 1055 1065 1075
1787 2 2 13 16 1055 1075 1390
1788 2 2 13 16 1055 1390 1396
1789 2 2 13 16 1225 1056 1354
1790 2 2 13 16 1056 1225 1359
1791 2 2 13 16 1056 1244 1246
1792 2 2 13 16 1056 1246 1354
1793 2 2 13 16 1242 1057 1369
1794 2 2 13 16 1057 1333 1389
1795 2 2 13 16 1369 1057 1389
1796 2 2 13 16 1223 1058 1225
1797 2 2 13 16 1058 1223 1339
1798 2 2 13 16 1225 1058 1359
1799 2 2 13 16 1237 1058 1339
1800 2 2 13 16 1059 1242 1243
1801 2 2 13 16 1059 1243 1337
1802 2 2 13 16 1059 1337 1352
1803 2 2 13 16 1241 1060 1350
1804 2 2 13 16 1060 1241 1364
1805 2 2 13 16 1265 1060 1267
1806 2 2 13 16 1267 1060 1364
1807 2 2 13 16 1061 1217 1326
1808 2 2 13 16 1217 1061 1366
1809 2 2 13 16 1061 1327 1366
1810 2 2 13 16 1062 1079 1356
1811 2 2 13 16 1079 1062 1397
1812 2 2 13 16 1062 1356 1388
1813 2 2 13 16 1378 1062 1388
1814 2 2 13 16 1063 1073 1080
1815 2 2 13 16 1063 1080 1394
1816 2 2 13 16 1063 1394 1402
1817 2 2 13 16 1064 1091 1229
1818 2 2 13 16 1091 1064 1231
1819 2 2 13 16 1064 1229 1230
1820 2 2 13 16 1064 1230 1395
1821 2 2 13 16 1075 1065 1083
1822 2 2 13 16 1083 1065 1392
1823 2 2 13 16 1392 1065 1398
1824 2 2 13 16 1090 1066 1338
1825 2 2 13 16 1066 1090 1392
1826 2 2 13 16 1338 1066 1383
1827 2 2 13 16 1383 1066 1398
1828 2 2 13 16 1066 1392 1398
1829 2 2 13 16 1067 1068 1232
1830 2 2 13 16 1068 1067 1399
1831 2 2 13 16 1069 1067 1232
1832 2 2 13 16 1067 1069 1400
1833 2 2 13 16 1232 1068 1233
1834 2 2 13 16 1233 1068 1234
1835 2 2 13 16 1234 1068 1367
1836 2 2 13 16 1367 1068 1399
1837 2 2 13 16 1094 1069 1101
1838 2 2 13 16 1069 1094 1393
1839 2 2 13 16 1101 1069 1232
1840 2 2 13 16 1069 1393 1400
1841 2 2 13 16 1071 1070 1317
1842 2 2 13 16 1070 1071 1401
1843 2 2 13 16 1070 1072 1317
1844 2 2 13 16 1072 1070 1402
1845 2 2 13 16 1248 1071 1317
1846 2 2 13 16 1071 1248 1331
1847 2 2 13 16 1071 1331 1367
1848 2 2 13 16 1072 1081 1320
1849 2 2 13 16 1081 1072 1394
1850 2 2 13 16 1317 1072 1320
1851 2 2 13 16 1394 1072 1402
1852 2 2 13 16 1080 1073 1084
1853 2 2 13 16 1084 1073 1100
1854 2 2 13 16 1100 1073 1378
1855 2 2 13 16 1074 1082 1348
1856 2 2 13 16 1082 1074 1396
1857 2 2 13 16 1087 1074 1362
1858 2 2 13 16 1074 1348 1362
1859 2 2 13 16 1075 1083 1089
1860 2 2 13 16 1075 1089 1091
1861 2 2 13 16 1075 1091 1390
1862 2 2 13 16 1262 1076 1351
1863 2 2 13 16 1076 1265 1266
1864 2 2 13 16 1076 1266 1351
1865 2 2 13 16 1266 1077 1334
1866 2 2 13 16 1077 1266 1391
1867 2 2 13 16 1077 1391 1397
1868 2 2 13 16 1249 1078 1347
1869 2 2 13 16 1078 1328 1347
1870 2 2 13 16 1328 1078 1370
1871 2 2 13 16 1079 1240 1356
1872 2 2 13 16 1240 1079 1364
1873 2 2 13 16 1079 1267 1364
1874 2 2 13 16 1267 1079 1391
1875 2 2 13 16 1391 1079 1397
1876 2 2 13 16 1081 1080 1246
1877 2 2 13 16 1080 1081 1394
1878 2 2 13 16 1080 1084 1354
1879 2 2 13 16 1246 1080 1354
1880 2 2 13 16 1245 1081 1246
1881 2 2 13 16 1081 1245 1387
1882 2 2 13 16 1320 1081 1387
1883 2 2 13 16 1348 1082 1377
1884 2 2 13 16 1377 1082 1390
1885 2 2 13 16 1390 1082 1396
1886 2 2 13 16 1089 1083 1214
1887 2 2 13 16 1083 1090 1389
1888 2 2 13 16 1090 1083 1392
1889 2 2 13 16 1214 1083 1389
1890 2 2 13 16 1084 1100 1223
1891 2 2 13 16 1084 1223 1225
1892 2 2 13 16 1084 1225 1354
1893 2 2 13 16 1085 1239 1241
1894 2 2 13 16 1239 1085 1325
1895 2 2 13 16 1085 1241 1350
1896 2 2 13 16 1325 1085 1374
1897 2 2 13 16 1086 1217 1304
1898 2 2 13 16 1217 1086 1326
1899 2 2 13 16 1326 1086 1375
1900 2 2 13 16 1334 1087 1351
1901 2 2 13 16 1351 1087 1362
1902 2 2 13 16 1088 1262 1362
1903 2 2 13 16 1321 1088 1348
1904 2 2 13 16 1348 1088 1362
1905 2 2 13 16 1091 1089 1229
1906 2 2 13 16 1089 1214 1357
1907 2 2 13 16 1229 1089 1357
1908 2 2 13 16 1090 1338 1369
1909 2 2 13 16 1090 1369 1389
1910 2 2 13 16 1091 1231 1377
1911 2 2 13 16 1091 1377 1390
1912 2 2 13 16 1092 1093 1095
1913 2 2 13 16 1092 1095 1338
1914 2 2 13 16 1092 1338 1383
1915 2 2 13 16 1093 1094 1096
1916 2 2 13 16 1094 1093 1393
1917 2 2 13 16 1095 1093 1096
1918 2 2 13 16 1096 1094 1097
1919 2 2 13 16 1097 1094 1098
1920 2 2 13 16 1098 1094 1101
1921 2 2 13 16 1095 1096 1337
1922 2 2 13 16 1243 1095 1337
1923 2 2 13 16 1095 1243 1338
1924 2 2 13 16 1096 1097 1099
1925 2 2 13 16 1096 1099 1337
1926 2 2 13 16 1097 1098 1228
1927 2 2 13 16 1099 1097 1380
1928 2 2 13 16 1097 1228 1380
1929 2 2 13 16 1098 1101 1102
1930 2 2 13 16 1098 1102 1322
1931 2 2 13 16 1228 1098 1322
1932 2 2 13 16 1099 1330 1352
1933 2 2 13 16 1330 1099 1380
1934 2 2 13 16 1337 1099 1352
1935 2 2 13 16 1223 1100 1224
1936 2 2 13 16 1224 1100 1388
1937 2 2 13 16 1100 1378 1388
1938 2 2 13 16 1102 1101 1103
1939 2 2 13 16 1103 1101 1232
1940 2 2 13 16 1102 1103 1104
1941 2 2 13 16 1102 1104 1154
1942 2 2 13 16 1102 1154 1322
1943 2 2 13 16 1104 1103 1105
1944 2 2 13 16 1105 1103 1233
1945 2 2 13 16 1103 1232 1233
1946 2 2 13 16 1104 1105 1106
1947 2 2 13 16 1104 1106 1309
1948 2 2 13 16 1154 1104 1309
1949 2 2 13 16 1106 1105 1107
1950 2 2 13 16 1107 1105 1163
1951 2 2 13 16 1163 1105 1233
1952 2 2 13 16 1106 1107 1108
1953 2 2 13 16 1106 1108 1141
1954 2 2 13 16 1106 1141 1309
1955 2 2 13 16 1108 1107 1109
1956 2 2 13 16 1109 1107 1247
1957 2 2 13 16 1107 1163 1247
1958 2 2 13 16 1108 1109 1110
1959 2 2 13 16 1108 1110 1302
1960 2 2 13 16 1141 1108 1302
1961 2 2 13 16 1110 1109 1111
1962 2 2 13 16 1111 1109 1132
1963 2 2 13 16 1132 1109 1247
1964 2 2 13 16 1110 1111 1112
1965 2 2 13 16 1110 1112 1113
1966 2 2 13 16 1110 1113 1302
1967 2 2 13 16 1112 1111 1297
1968 2 2 13 16 1111 1132 1136
1969 2 2 13 16 1111 1136 1297
1970 2 2 13 16 1113 1112 1114
1971 2 2 13 16 1114 1112 1115
1972 2 2 13 16 1115 1112 1297
1973 2 2 13 16 1113 1114 1289
1974 2 2 13 16 1268 1113 1289
1975 2 2 13 16 1113 1268 1302
1976 2 2 13 16 1114 1115 1116
1977 2 2 13 16 1114 1116 1117
1978 2 2 13 16 1114 1117 1289
1979 2 2 13 16 1116 1115 1134
1980 2 2 13 16 1134 1115 1190
1981 2 2 13 16 1190 1115 1297
1982 2 2 13 16 1117 1116 1118
1983 2 2 13 16 1118 1116 1287
1984 2 2 13 16 1116 1134 1287
1985 2 2 13 16 1117 1118 1119
1986 2 2 13 16 1117 1119 1140
1987 2 2 13 16 1117 1140 1289
1988 2 2 13 16 1119 1118 1120
1989 2 2 13 16 1120 1118 1121
1990 2 2 13 16 1121 1118 1287
1991 2 2 13 16 1119 1120 1290
1992 2 2 13 16 1140 1119 1181
1993 2 2 13 16 1181 1119 1290
1994 2 2 13 16 1120 1121 1122
1995 2 2 13 16 1120 1122 1123
1996 2 2 13 16 1120 1123 1290
1997 2 2 13 16 1122 1121 1135
1998 2 2 13 16 1135 1121 1172
1999 2 2 13 16 1172 1121 1287
2000 2 2 13 16 1123 1122 1124
2001 2 2 13 16 1124 1122 1270
2002 2 2 13 16 1122 1135 1270
2003 2 2 13 16 1123 1124 1125
2004 2 2 13 16 1123 1125 1143
2005 2 2 13 16 1123 1143 1290
2006 2 2 13 16 1125 1124 1126
2007 2 2 13 16 1126 1124 1127
2008 2 2 13 16 1127 1124 1270
2009 2 2 13 16 1125 1126 1275
2010 2 2 13 16 1143 1125 1144
2011 2 2 13 16 1144 1125 1275
2012 2 2 13 16 1126 1127 1128
2013 2 2 13 16 1126 1128 1129
2014 2 2 13 16 1126 1129 1275
2015 2 2 13 16 1128 1127 1130
2016 2 2 13 16 1130 1127 1298
2017 2 2 13 16 1127 1270 1298
2018 2 2 13 16 1129 1128 1277
2019 2 2 13 16 1128 1130 1131
2020 2 2 13 16 1128 1131 1277
2021 2 2 13 16 1275 1129 1308
2022 2 2 13 16 1129 1277 1307
2023 2 2 13 16 1129 1307 1308
2024 2 2 13 16 1131 1130 1133
2025 2 2 13 16 1133 1130 1142
2026 2 2 13 16 1142 1130 1298
2027 2 2 13 16 1131 1133 1138
2028 2 2 13 16 1131 1138 1139
2029 2 2 13 16 1131 1139 1277
2030 2 2 13 16 1136 1132 1137
2031 2 2 13 16 1137 1132 1319
2032 2 2 13 16 1132 1247 1319
2033 2 2 13 16 1138 1133 1296
2034 2 2 13 16 1133 1142 1145
2035 2 2 13 16 1133 1145 1296
2036 2 2 13 16 1134 1190 1292
2037 2 2 13 16 1287 1134 1291
2038 2 2 13 16 1291 1134 1292
2039 2 2 13 16 1135 1172 1173
2040 2 2 13 16 1135 1173 1198
2041 2 2 13 16 1135 1198 1270
2042 2 2 13 16 1136 1137 1146
2043 2 2 13 16 1136 1146 1306
2044 2 2 13 16 1297 1136 1306
2045 2 2 13 16 1146 1137 1147
2046 2 2 13 16 1147 1137 1153
2047 2 2 13 16 1153 1137 1319
2048 2 2 13 16 1139 1138 1149
2049 2 2 13 16 1149 1138 1150
2050 2 2 13 16 1150 1138 1296
2051 2 2 13 16 1139 1149 1151
2052 2 2 13 16 1139 1151 1165
2053 2 2 13 16 1139 1165 1277
2054 2 2 13 16 1140 1181 1182
2055 2 2 13 16 1140 1182 1184
2056 2 2 13 16 1140 1184 1289
2057 2 2 13 16 1236 1141 1295
2058 2 2 13 16 1141 1236 1309
2059 2 2 13 16 1295 1141 1302
2060 2 2 13 16 1145 1142 1152
2061 2 2 13 16 1152 1142 1310
2062 2 2 13 16 1142 1298 1310
2063 2 2 13 16 1143 1144 1148
2064 2 2 13 16 1143 1148 1300
2065 2 2 13 16 1290 1143 1300
2066 2 2 13 16 1148 1144 1155
2067 2 2 13 16 1155 1144 1177
2068 2 2 13 16 1177 1144 1275
2069 2 2 13 16 1145 1152 1160
2070 2 2 13 16 1145 1160 1311
2071 2 2 13 16 1296 1145 1311
2072 2 2 13 16 1146 1147 1288
2073 2 2 13 16 1146 1288 1314
2074 2 2 13 16 1306 1146 1314
2075 2 2 13 16 1147 1153 1158
2076 2 2 13 16 1147 1158 1159
2077 2 2 13 16 1147 1159 1288
2078 2 2 13 16 1148 1155 1191
2079 2 2 13 16 1148 1191 1305
2080 2 2 13 16 1300 1148 1305
2081 2 2 13 16 1149 1150 1156
2082 2 2 13 16 1151 1149 1253
2083 2 2 13 16 1149 1156 1253
2084 2 2 13 16 1156 1150 1157
2085 2 2 13 16 1157 1150 1179
2086 2 2 13 16 1179 1150 1296
2087 2 2 13 16 1165 1151 1166
2088 2 2 13 16 1166 1151 1255
2089 2 2 13 16 1151 1253 1255
2090 2 2 13 16 1160 1152 1200
2091 2 2 13 16 1200 1152 1201
2092 2 2 13 16 1201 1152 1310
2093 2 2 13 16 1158 1153 1161
2094 2 2 13 16 1161 1153 1164
2095 2 2 13 16 1164 1153 1319
2096 2 2 13 16 1303 1154 1309
2097 2 2 13 16 1154 1303 1386
2098 2 2 13 16 1322 1154 1386
2099 2 2 13 16 1155 1177 1178
2100 2 2 13 16 1155 1178 1365
2101 2 2 13 16 1191 1155 1365
2102 2 2 13 16 1156 1157 1207
2103 2 2 13 16 1156 1207 1208
2104 2 2 13 16 1156 1208 1253
2105 2 2 13 16 1157 1179 1180
2106 2 2 13 16 1157 1180 1286
2107 2 2 13 16 1207 1157 1286
2108 2 2 13 16 1159 1158 1382
2109 2 2 13 16 1158 1161 1162
2110 2 2 13 16 1158 1162 1382
2111 2 2 13 16 1159 1251 1358
2112 2 2 13 16 1251 1159 1382
2113 2 2 13 16 1288 1159 1318
2114 2 2 13 16 1318 1159 1358
2115 2 2 13 16 1160 1200 1213
2116 2 2 13 16 1160 1213 1301
2117 2 2 13 16 1160 1301 1311
2118 2 2 13 16 1162 1161 1196
2119 2 2 13 16 1161 1164 1248
2120 2 2 13 16 1196 1161 1248
2121 2 2 13 16 1162 1196 1199
2122 2 2 13 16 1162 1199 1226
2123 2 2 13 16 1162 1226 1382
2124 2 2 13 16 1163 1233 1234
2125 2 2 13 16 1163 1234 1235
2126 2 2 13 16 1163 1235 1247
2127 2 2 13 16 1235 1164 1319
2128 2 2 13 16 1164 1235 1331
2129 2 2 13 16 1248 1164 1331
2130 2 2 13 16 1165 1166 1167
2131 2 2 13 16 1165 1167 1307
2132 2 2 13 16 1277 1165 1307
2133 2 2 13 16 1167 1166 1168
2134 2 2 13 16 1168 1166 1171
2135 2 2 13 16 1171 1166 1255
2136 2 2 13 16 1167 1168 1169
2137 2 2 13 16 1167 1169 1197
2138 2 2 13 16 1167 1197 1307
2139 2 2 13 16 1169 1168 1170
2140 2 2 13 16 1170 1168 1264
2141 2 2 13 16 1168 1171 1264
2142 2 2 13 16 1169 1170 1193
2143 2 2 13 16 1169 1193 1316
2144 2 2 13 16 1197 1169 1316
2145 2 2 13 16 1193 1170 1205
2146 2 2 13 16 1205 1170 1212
2147 2 2 13 16 1212 1170 1264
2148 2 2 13 16 1171 1255 1256
2149 2 2 13 16 1171 1256 1257
2150 2 2 13 16 1171 1257 1264
2151 2 2 13 16 1173 1172 1174
2152 2 2 13 16 1174 1172 1291
2153 2 2 13 16 1172 1287 1291
2154 2 2 13 16 1173 1174 1175
2155 2 2 13 16 1173 1175 1312
2156 2 2 13 16 1198 1173 1312
2157 2 2 13 16 1175 1174 1176
2158 2 2 13 16 1176 1174 1189
2159 2 2 13 16 1189 1174 1291
2160 2 2 13 16 1175 1176 1206
2161 2 2 13 16 1175 1206 1315
2162 2 2 13 16 1312 1175 1315
2163 2 2 13 16 1176 1189 1194
2164 2 2 13 16 1176 1194 1293
2165 2 2 13 16 1206 1176 1293
2166 2 2 13 16 1178 1177 1263
2167 2 2 13 16 1263 1177 1308
2168 2 2 13 16 1177 1275 1308
2169 2 2 13 16 1178 1263 1313
2170 2 2 13 16 1280 1178 1349
2171 2 2 13 16 1178 1280 1365
2172 2 2 13 16 1178 1313 1349
2173 2 2 13 16 1180 1179 1192
2174 2 2 13 16 1192 1179 1311
2175 2 2 13 16 1179 1296 1311
2176 2 2 13 16 1180 1192 1215
2177 2 2 13 16 1180 1215 1216
2178 2 2 13 16 1180 1216 1286
2179 2 2 13 16 1182 1181 1183
2180 2 2 13 16 1183 1181 1300
2181 2 2 13 16 1181 1290 1300
2182 2 2 13 16 1182 1183 1294
2183 2 2 13 16 1184 1182 1185
2184 2 2 13 16 1185 1182 1294
2185 2 2 13 16 1294 1183 1346
2186 2 2 13 16 1183 1300 1305
2187 2 2 13 16 1183 1305 1346
2188 2 2 13 16 1184 1185 1186
2189 2 2 13 16 1184 1186 1268
2190 2 2 13 16 1184 1268 1289
2191 2 2 13 16 1186 1185 1187
2192 2 2 13 16 1187 1185 1211
2193 2 2 13 16 1211 1185 1294
2194 2 2 13 16 1186 1187 1188
2195 2 2 13 16 1186 1188 1295
2196 2 2 13 16 1268 1186 1295
2197 2 2 13 16 1188 1187 1203
2198 2 2 13 16 1203 1187 1340
2199 2 2 13 16 1187 1211 1340
2200 2 2 13 16 1188 1203 1204
2201 2 2 13 16 1188 1204 1236
2202 2 2 13 16 1188 1236 1295
2203 2 2 13 16 1194 1189 1195
2204 2 2 13 16 1195 1189 1292
2205 2 2 13 16 1189 1291 1292
2206 2 2 13 16 1190 1278 1292
2207 2 2 13 16 1278 1190 1306
2208 2 2 13 16 1190 1297 1306
2209 2 2 13 16 1191 1282 1305
2210 2 2 13 16 1282 1191 1323
2211 2 2 13 16 1323 1191 1365
2212 2 2 13 16 1215 1192 1329
2213 2 2 13 16 1301 1192 1311
2214 2 2 13 16 1192 1301 1329
2215 2 2 13 16 1193 1205 1218
2216 2 2 13 16 1193 1218 1219
2217 2 2 13 16 1193 1219 1316
2218 2 2 13 16 1194 1195 1209
2219 2 2 13 16 1194 1209 1336
2220 2 2 13 16 1293 1194 1336
2221 2 2 13 16 1209 1195 1210
2222 2 2 13 16 1210 1195 1278
2223 2 2 13 16 1278 1195 1292
2224 2 2 13 16 1199 1196 1320
2225 2 2 13 16 1196 1248 1317
2226 2 2 13 16 1196 1317 1320
2227 2 2 13 16 1197 1263 1308
2228 2 2 13 16 1263 1197 1316
2229 2 2 13 16 1307 1197 1308
2230 2 2 13 16 1270 1198 1298
2231 2 2 13 16 1298 1198 1310
2232 2 2 13 16 1310 1198 1312
2233 2 2 13 16 1226 1199 1341
2234 2 2 13 16 1199 1320 1387
2235 2 2 13 16 1341 1199 1387
2236 2 2 13 16 1200 1201 1202
2237 2 2 13 16 1200 1202 1355
2238 2 2 13 16 1213 1200 1355
2239 2 2 13 16 1202 1201 1315
2240 2 2 13 16 1201 1310 1312
2241 2 2 13 16 1201 1312 1315
2242 2 2 13 16 1274 1202 1335
2243 2 2 13 16 1202 1274 1355
2244 2 2 13 16 1202 1315 1335
2245 2 2 13 16 1204 1203 1353
2246 2 2 13 16 1269 1203 1273
2247 2 2 13 16 1203 1269 1353
2248 2 2 13 16 1273 1203 1340
2249 2 2 13 16 1236 1204 1303
2250 2 2 13 16 1204 1261 1303
2251 2 2 13 16 1261 1204 1353
2252 2 2 13 16 1205 1212 1217
2253 2 2 13 16 1205 1217 1366
2254 2 2 13 16 1218 1205 1366
2255 2 2 13 16 1206 1293 1372
2256 2 2 13 16 1315 1206 1335
2257 2 2 13 16 1335 1206 1372
2258 2 2 13 16 1208 1207 1227
2259 2 2 13 16 1227 1207 1385
2260 2 2 13 16 1207 1286 1385
2261 2 2 13 16 1208 1227 1344
2262 2 2 13 16 1253 1208 1332
2263 2 2 13 16 1332 1208 1344
2264 2 2 13 16 1209 1210 1221
2265 2 2 13 16 1209 1221 1379
2266 2 2 13 16 1336 1209 1379
2267 2 2 13 16 1221 1210 1222
2268 2 2 13 16 1222 1210 1314
2269 2 2 13 16 1210 1278 1314
2270 2 2 13 16 1211 1294 1343
2271 2 2 13 16 1217 1212 1304
2272 2 2 13 16 1212 1264 1381
2273 2 2 13 16 1304 1212 1381
2274 2 2 13 16 1213 1272 1371
2275 2 2 13 16 1301 1213 1371
2276 2 2 13 16 1333 1214 1389
2277 2 2 13 16 1216 1215 1347
2278 2 2 13 16 1215 1249 1347
2279 2 2 13 16 1286 1216 1373
2280 2 2 13 16 1216 1347 1384
2281 2 2 13 16 1373 1216 1384
2282 2 2 13 16 1327 1218 1366
2283 2 2 13 16 1219 1220 1313
2284 2 2 13 16 1219 1313 1316
2285 2 2 13 16 1220 1279 1349
2286 2 2 13 16 1279 1220 1363
2287 2 2 13 16 1313 1220 1349
2288 2 2 13 16 1221 1222 1368
2289 2 2 13 16 1221 1324 1379
2290 2 2 13 16 1288 1222 1314
2291 2 2 13 16 1222 1288 1318
2292 2 2 13 16 1222 1318 1368
2293 2 2 13 16 1223 1224 1339
2294 2 2 13 16 1224 1238 1339
2295 2 2 13 16 1238 1224 1356
2296 2 2 13 16 1356 1224 1388
2297 2 2 13 16 1250 1226 1341
2298 2 2 13 16 1226 1251 1382
2299 2 2 13 16 1228 1322 1361
2300 2 2 13 16 1230 1229 1357
2301 2 2 13 16 1342 1230 1357
2302 2 2 13 16 1230 1342 1376
2303 2 2 13 16 1230 1376 1395
2304 2 2 13 16 1231 1321 1377
2305 2 2 13 16 1235 1234 1331
2306 2 2 13 16 1331 1234 1367
2307 2 2 13 16 1247 1235 1319
2308 2 2 13 16 1236 1303 1309
2309 2 2 13 16 1238 1237 1339
2310 2 2 13 16 1239 1238 1240
2311 2 2 13 16 1240 1238 1356
2312 2 2 13 16 1239 1240 1241
2313 2 2 13 16 1241 1240 1364
2314 2 2 13 16 1243 1242 1369
2315 2 2 13 16 1338 1243 1369
2316 2 2 13 16 1244 1245 1246
2317 2 2 13 16 1245 1341 1387
2318 2 2 13 16 1251 1252 1358
2319 2 2 13 16 1252 1254 1358
2320 2 2 13 16 1255 1253 1332
2321 2 2 13 16 1254 1318 1358
2322 2 2 13 16 1318 1254 1368
2323 2 2 13 16 1256 1255 1332
2324 2 2 13 16 1257 1256 1345
2325 2 2 13 16 1264 1257 1381
2326 2 2 13 16 1257 1345 1360
2327 2 2 13 16 1259 1258 1260
2328 2 2 13 16 1260 1258 1361
2329 2 2 13 16 1259 1260 1261
2330 2 2 13 16 1261 1260 1386
2331 2 2 13 16 1322 1260 1361
2332 2 2 13 16 1260 1322 1386
2333 2 2 13 16 1303 1261 1386
2334 2 2 13 16 1262 1351 1362
2335 2 2 13 16 1313 1263 1316
2336 2 2 13 16 1266 1265 1267
2337 2 2 13 16 1266 1267 1391
2338 2 2 13 16 1266 1334 1351
2339 2 2 13 16 1268 1295 1302
2340 2 2 13 16 1272 1271 1371
2341 2 2 13 16 1271 1329 1371
2342 2 2 13 16 1276 1274 1335
2343 2 2 13 16 1276 1335 1372
2344 2 2 13 16 1278 1306 1314
2345 2 2 13 16 1279 1280 1349
2346 2 2 13 16 1280 1323 1365
2347 2 2 13 16 1281 1282 1323
2348 2 2 13 16 1282 1283 1346
2349 2 2 13 16 1305 1282 1346
2350 2 2 13 16 1283 1284 1343
2351 2 2 13 16 1294 1283 1343
2352 2 2 13 16 1283 1294 1346
2353 2 2 13 16 1285 1293 1336
2354 2 2 13 16 1328 1299 1384
2355 2 2 13 16 1299 1373 1384
2356 2 2 13 16 1329 1301 1371
2357 2 2 13 16 1321 1348 1377
2358 2 2 13 16 1347 1328 1384
2359 2 2 13 17 23 1484 244
2360 2 2 13 17 306 1484 23
2361 2 2 13 17 246 1481 24
2362 2 2 13 17 24 1481 265
2363 2 2 13 17 290 1482 25
2364 2 2 13 17 25 1482 305
2365 2 2 13 17 303 1483 26
2366 2 2 13 17 26 1483 331
2367 2 2 13 17 244 1476 245
2368 2 2 13 17 244 1484 1476
2369 2 2 13 17 245 1426 246
2370 2 2 13 17 245 1476 1426
2371 2 2 13 17 1426 1481 246
2372 2 2 13 17 265 1474 266
2373 2 2 13 17 265 1481 1474
2374 2 2 13 17 266 1418 267
2375 2 2 13 17 266 1474 1418
2376 2 2 13 17 267 1433 268
2377 2 2 13 17 1418 1433 267
2378 2 2 13 17 268 1417 269
2379 2 2 13 17 268 1433 1417
2380 2 2 13 17 269 1435 270
2381 2 2 13 17 1417 1435 269
2382 2 2 13 17 270 1469 271
2383 2 2 13 17 1435 1469 270
2384 2 2 13 17 271 1412 272
2385 2 2 13 17 271 1469 1412
2386 2 2 13 17 272 1440 273
2387 2 2 13 17 1412 1440 272
2388 2 2 13 17 273 1472 274
2389 2 2 13 17 1440 1472 273
2390 2 2 13 17 274 1406 275
2391 2 2 13 17 274 1472 1406
2392 2 2 13 17 275 1461 276
2393 2 2 13 17 1406 1461 275
2394 2 2 13 17 276 1411 277
2395 2 2 13 17 276 1461 1411
2396 2 2 13 17 277 1471 278
2397 2 2 13 17 1411 1471 277
2398 2 2 13 17 278 1409 279
2399 2 2 13 17 278 1471 1409
2400 2 2 13 17 279 1479 280
2401 2 2 13 17 1409 1479 279
2402 2 2 13 17 280 1458 281
2403 2 2 13 17 280 1479 1458
2404 2 2 13 17 281 1416 282
2405 2 2 13 17 281 1458 1416
2406 2 2 13 17 282 1453 283
2407 2 2 13 17 1416 1453 282
2408 2 2 13 17 283 1415 284
2409 2 2 13 17 283 1453 1415
2410 2 2 13 17 284 1467 285
2411 2 2 13 17 1415 1467 284
2412 2 2 13 17 285 1414 286
2413 2 2 13 17 285 1467 1414
2414 2 2 13 17 286 1443 287
2415 2 2 13 17 1414 1443 286
2416 2 2 13 17 287 1452 288
2417 2 2 13 17 1443 1452 287
2418 2 2 13 17 288 1413 289
2419 2 2 13 17 288 1452 1413
2420 2 2 13 17 289 1475 290
2421 2 2 13 17 1413 1475 289
2422 2 2 13 17 1475 1482 290
2423 2 2 13 17 304 1477 303
2424 2 2 13 17 1477 1483 303
2425 2 2 13 17 305 1425 304
2426 2 2 13 17 1425 1477 304
2427 2 2 13 17 305 1482 1425
2428 2 2 13 17 307 1422 306
2429 2 2 13 17 1422 1484 306
2430 2 2 13 17 308 1429 307
2431 2 2 13 17 307 1429 1422
2432 2 2 13 17 309 1407 308
2433 2 2 13 17 1407 1429 308
2434 2 2 13 17 310 1442 309
2435 2 2 13 17 309 1442 1407
2436 2 2 13 17 311 1408 310
2437 2 2 13 17 1408 1442 310
2438 2 2 13 17 312 1437 311
2439 2 2 13 17 311 1437 1408
2440 2 2 13 17 313 1424 312
2441 2 2 13 17 1424 1437 312
2442 2 2 13 17 314 1480 313
2443 2 2 13 17 313 1480 1424
2444 2 2 13 17 315 1419 314
2445 2 2 13 17 1419 1480 314
2446 2 2 13 17 316 1463 315
2447 2 2 13 17 315 1463 1419
2448 2 2 13 17 317 1420 316
2449 2 2 13 17 1420 1463 316
2450 2 2 13 17 318 1466 317
2451 2 2 13 17 317 1466 1420
2452 2 2 13 17 319 1421 318
2453 2 2 13 17 1421 1466 318
2454 2 2 13 17 320 1470 319
2455 2 2 13 17 319 1470 1421
2456 2 2 13 17 321 1459 320
2457 2 2 13 17 1459 1470 320
2458 2 2 13 17 322 1405 321
2459 2 2 13 17 1405 1459 321
2460 2 2 13 17 323 1456 322
2461 2 2 13 17 322 1456 1405
2462 2 2 13 17 324 1410 323
2463 2 2 13 17 1410 1456 323
2464 2 2 13 17 325 1451 324
2465 2 2 13 17 324 1451 1410
2466 2 2 13 17 326 1404 325
2467 2 2 13 17 1404 1451 325
2468 2 2 13 17 327 1449 326
2469 2 2 13 17 326 1449 1404
2470 2 2 13 17 328 1447 327
2471 2 2 13 17 1447 1449 327
2472 2 2 13 17 329 1403 328
2473 2 2 13 17 1403 1447 328
2474 2 2 13 17 330 1427 329
2475 2 2 13 17 329 1427 1403
2476 2 2 13 17 331 1423 330
2477 2 2 13 17 1423 1427 330
2478 2 2 13 17 331 1483 1423
2479 2 2 13 17 1427 1448 1403
2480 2 2 13 17 1446 1447 1403
2481 2 2 13 17 1403 1448 1446
2482 2 2 13 17 1404 1449 1445
2483 2 2 13 17 1445 1450 1404
2484 2 2 13 17 1450 1451 1404
2485 2 2 13 17 1405 1456 1455
2486 2 2 13 17 1455 1457 1405
2487 2 2 13 17 1457 1459 1405
2488 2 2 13 17 1406 1462 1461
2489 2 2 13 17 1406 1478 1462
2490 2 2 13 17 1472 1478 1406
2491 2 2 13 17 1407 1431 1429
2492 2 2 13 17 1407 1432 1431
2493 2 2 13 17 1407 1442 1432
2494 2 2 13 17 1408 1436 1434
2495 2 2 13 17 1434 1442 1408
2496 2 2 13 17 1408 1437 1436
2497 2 2 13 17 1409 1473 1460
2498 2 2 13 17 1460 1479 1409
2499 2 2 13 17 1471 1473 1409
2500 2 2 13 17 1451 1468 1410
2501 2 2 13 17 1454 1456 1410
2502 2 2 13 17 1410 1468 1454
2503 2 2 13 17 1461 1464 1411
2504 2 2 13 17 1464 1465 1411
2505 2 2 13 17 1465 1471 1411
2506 2 2 13 17 1438 1439 1412
2507 2 2 13 17 1412 1469 1438
2508 2 2 13 17 1439 1440 1412
2509 2 2 13 17 1413 1448 1428
2510 2 2 13 17 1428 1475 1413
2511 2 2 13 17 1413 1452 1448
2512 2 2 13 17 1414 1444 1443
2513 2 2 13 17 1414 1445 1444
2514 2 2 13 17 1414 1467 1445
2515 2 2 13 17 1450 1467 1415
2516 2 2 13 17 1415 1468 1450
2517 2 2 13 17 1453 1468 1415
2518 2 2 13 17 1416 1454 1453
2519 2 2 13 17 1416 1455 1454
2520 2 2 13 17 1416 1458 1455
2521 2 2 13 17 1417 1433 1432
2522 2 2 13 17 1432 1434 1417
2523 2 2 13 17 1434 1435 1417
2524 2 2 13 17 1430 1431 1418
2525 2 2 13 17 1418 1474 1430
2526 2 2 13 17 1431 1433 1418
2527 2 2 13 17 1419 1478 1441
2528 2 2 13 17 1441 1480 1419
2529 2 2 13 17 1463 1478 1419
2530 2 2 13 17 1462 1463 1420
2531 2 2 13 17 1420 1464 1462
2532 2 2 13 17 1420 1466 1464
2533 2 2 13 17 1465 1466 1421
2534 2 2 13 17 1421 1473 1465
2535 2 2 13 17 1470 1473 1421
2536 2 2 13 17 1429 1430 1422
2537 2 2 13 17 1430 1486 1422
2538 2 2 13 17 1476 1484 1422
2539 2 2 13 17 1422 1486 1476
2540 2 2 13 17 1423 1428 1427
2541 2 2 13 17 1423 1485 1428
2542 2 2 13 17 1423 1483 1477
2543 2 2 13 17 1477 1485 1423
2544 2 2 13 17 1424 1438 1437
2545 2 2 13 17 1424 1439 1438
2546 2 2 13 17 1424 1480 1439
2547 2 2 13 17 1425 1482 1475
2548 2 2 13 17 1475 1485 1425
2549 2 2 13 17 1425 1485 1477
2550 2 2 13 17 1474 1481 1426
2551 2 2 13 17 1426 1486 1474
2552 2 2 13 17 1476 1486 1426
2553 2 2 13 17 1428 1448 1427
2554 2 2 13 17 1428 1485 1475
2555 2 2 13 17 1429 1431 1430
2556 2 2 13 17 1474 1486 1430
2557 2 2 13 17 1432 1433 1431
2558 2 2 13 17 1432 1442 1434
2559 2 2 13 17 1434 1436 1435
2560 2 2 13 17 1436 1469 1435
2561 2 2 13 17 1437 1438 1436
2562 2 2 13 17 1438 1469 1436
2563 2 2 13 17 1439 1441 1440
2564 2 2 13 17 1439 1480 1441
2565 2 2 13 17 1441 1472 1440
2566 2 2 13 17 1441 1478 1472
2567 2 2 13 17 1444 1446 1443
2568 2 2 13 17 1446 1452 1443
2569 2 2 13 17 1445 1449 1444
2570 2 2 13 17 1444 1447 1446
2571 2 2 13 17 1444 1449 1447
2572 2 2 13 17 1445 1467 1450
2573 2 2 13 17 1448 1452 1446
2574 2 2 13 17 1450 1468 1451
2575 2 2 13 17 1454 1468 1453
2576 2 2 13 17 1455 1456 1454
2577 2 2 13 17 1455 1458 1457
2578 2 2 13 17 1458 1479 1457
2579 2 2 13 17 1457 1460 1459
2580 2 2 13 17 1457 1479 1460
2581 2 2 13 17 1460 1470 1459
2582 2 2 13 17 1460 1473 1470
2583 2 2 13 17 1462 1464 1461
2584 2 2 13 17 1462 1478 1463
2585 2 2 13 17 1464 1466 1465
2586 2 2 13 17 1465 1473 1471
2587 2 2 13 18 13 103 1529
2588 2 2 13 18 114 13 1526
2589 2 2 13 18 13 346 1526
2590 2 2 13 18 346 13 1529
2591 2 2 13 18 332 27 1527
2592 2 2 13 18 27 343 1528
2593 2 2 13 18 27 344 1527
2594 2 2 13 18 344 27 1528
2595 2 2 13 18 103 104 1519
2596 2 2 13 18 103 1519 1529
2597 2 2 13 18 104 105 1489
2598 2 2 13 18 104 1489 1519
2599 2 2 13 18 105 106 1517
2600 2 2 13 18 1489 105 1517
2601 2 2 13 18 106 107 1488
2602 2 2 13 18 106 1488 1517
2603 2 2 13 18 107 108 1513
2604 2 2 13 18 1488 107 1513
2605 2 2 13 18 108 109 1511
2606 2 2 13 18 108 1511 1513
2607 2 2 13 18 109 110 1490
2608 2 2 13 18 109 1490 1511
2609 2 2 13 18 110 111 1508
2610 2 2 13 18 1490 110 1508
2611 2 2 13 18 111 112 1487
2612 2 2 13 18 111 1487 1508
2613 2 2 13 18 112 113 1523
2614 2 2 13 18 1487 112 1523
2615 2 2 13 18 113 114 1503
2616 2 2 13 18 113 1503 1523
2617 2 2 13 18 1503 114 1526
2618 2 2 13 18 333 332 1499
2619 2 2 13 18 1499 332 1527
2620 2 2 13 18 334 333 1524
2621 2 2 13 18 333 1499 1524
2622 2 2 13 18 335 334 1494
2623 2 2 13 18 1494 334 1524
2624 2 2 13 18 336 335 1514
2625 2 2 13 18 335 1494 1514
2626 2 2 13 18 337 336 1493
2627 2 2 13 18 1493 336 1514
2628 2 2 13 18 338 337 1520
2629 2 2 13 18 337 1493 1520
2630 2 2 13 18 339 338 1510
2631 2 2 13 18 1510 338 1520
2632 2 2 13 18 340 339 1492
2633 2 2 13 18 1492 339 1510
2634 2 2 13 18 341 340 1505
2635 2 2 13 18 340 1492 1505
2636 2 2 13 18 342 341 1491
2637 2 2 13 18 1491 341 1505
2638 2 2 13 18 343 342 1518
2639 2 2 13 18 342 1491 1518
2640 2 2 13 18 343 1518 1528
2641 2 2 13 18 344 345 1496
2642 2 2 13 18 345 344 1501
2643 2 2 13 18 344 1496 1527
2644 2 2 13 18 1501 344 1528
2645 2 2 13 18 346 345 1495
2646 2 2 13 18 345 346 1497
2647 2 2 13 18 1495 345 1501
2648 2 2 13 18 1496 345 1497
2649 2 2 13 18 346 1495 1526
2650 2 2 13 18 1497 346 1529
2651 2 2 13 18 1487 1504 1521
2652 2 2 13 18 1504 1487 1523
2653 2 2 13 18 1487 1506 1508
2654 2 2 13 18 1506 1487 1521
2655 2 2 13 18 1488 1513 1516
2656 2 2 13 18 1515 1488 1516
2657 2 2 13 18 1488 1515 1517
2658 2 2 13 18 1489 1517 1525
2659 2 2 13 18 1519 1489 1525
2660 2 2 13 18 1507 1490 1508
2661 2 2 13 18 1490 1507 1509
2662 2 2 13 18 1490 1509 1511
2663 2 2 13 18 1491 1505 1521
2664 2 2 13 18 1518 1491 1530
2665 2 2 13 18 1491 1521 1530
2666 2 2 13 18 1505 1492 1506
2667 2 2 13 18 1506 1492 1507
2668 2 2 13 18 1507 1492 1510
2669 2 2 13 18 1512 1493 1516
2670 2 2 13 18 1493 1512 1520
2671 2 2 13 18 1493 1514 1516
2672 2 2 13 18 1494 1500 1522
2673 2 2 13 18 1500 1494 1524
2674 2 2 13 18 1514 1494 1515
2675 2 2 13 18 1515 1494 1522
2676 2 2 13 18 1495 1501 1502
2677 2 2 13 18 1495 1502 1503
2678 2 2 13 18 1495 1503 1526
2679 2 2 13 18 1496 1497 1498
2680 2 2 13 18 1496 1498 1499
2681 2 2 13 18 1496 1499 1527
2682 2 2 13 18 1498 1497 1519
2683 2 2 13 18 1519 1497 1529
2684 2 2 13 18 1499 1498 1500
2685 2 2 13 18 1500 1498 1525
2686 2 2 13 18 1498 1519 1525
2687 2 2 13 18 1499 1500 1524
2688 2 2 13 18 1522 1500 1525
2689 2 2 13 18 1502 1501 1518
2690 2 2 13 18 1518 1501 1528
2691 2 2 13 18 1503 1502 1504
2692 2 2 13 18 1504 1502 1530
2693 2 2 13 18 1502 1518 1530
2694 2 2 13 18 1503 1504 1523
2695 2 2 13 18 1521 1504 1530
2696 2 2 13 18 1505 1506 1521
2697 2 2 13 18 1506 1507 1508
2698 2 2 13 18 1509 1507 1510
2699 2 2 13 18 1509 1510 1520
2700 2 2 13 18 1511 1509 1512
2701 2 2 13 18 1512 1509 1520
2702 2 2 13 18 1511 1512 1513
2703 2 2 13 18 1513 1512 1516
2704 2 2 13 18 1514 1515 1516
2705 2 2 13 18 1517 1515 1522
2706 2 2 13 18 1517 1522 1525
2707 4 2 1 1 169 109 110 1531
2708 4 2 1 1 109 169 168 1531
2709 4 2 1 1 545 614 368 1534
2710 4 2 1 1 614 437 368 1534
2711 4 2 1 1 381 80 558 1535
2712 4 2 1 1 80 139 558 1535
2713 4 2 1 1 152 534 93 1533
2714 4 2 1 1 165 164 105 1532
2715 4 2 1 1 93 92 152 1533
2716 4 2 1 1 92 151 152 1533
2717 4 2 1 1 357 93 534 1533
2718 4 2 1 1 151 92 357 1533
2719 4 2 1 1 106 165 105 1532
2720 4 2 1 1 519 696 164 363
2721 4 2 1 1 571 394 572 573
2722 4 2 1 1 395 572 394 573
2723 4 2 1 1 570 393 395 394
2724 4 2 1 1 394 572 570 571
2725 4 2 1 1 395 572 570 394
2726 4 2 1 1 573 394 395 396
2727 4 2 1 1 151 357 534 1533
2728 4 2 1 1 394 570 392 571
2729 4 2 1 1 570 394 392 393
2730 4 2 1 1 568 391 393 392
2731 4 2 1 1 570 392 568 393
2732 4 2 1 1 571 570 392 569
2733 4 2 1 1 392 570 568 569
2734 4 2 1 1 610 392 567 569
2735 4 2 1 1 542 364 363 365
2736 4 2 1 1 390 567 433 392
2737 4 2 1 1 363 541 542 540
2738 4 2 1 1 391 568 390 392
2739 4 2 1 1 567 392 568 569
2740 4 2 1 1 372 550 551 374
2741 4 2 1 1 392 610 567 433
2742 4 2 1 1 541 363 542 364
2743 4 2 1 1 568 566 389 567
2744 4 2 1 1 568 389 391 390
2745 4 2 1 1 392 567 568 390
2746 4 2 1 1 549 550 551 372
2747 4 2 1 1 373 550 372 374
2748 4 2 1 1 399 401 578 400
2749 4 2 1 1 576 399 578 400
2750 4 2 1 1 577 576 578 400
2751 4 2 1 1 389 568 567 390
2752 4 2 1 1 696 519 435 363
2753 4 2 1 1 383 560 550 374
2754 4 2 1 1 454 569 610 631
2755 4 2 1 1 569 610 392 454
2756 4 2 1 1 57 646 115 116
2757 4 2 1 1 418 393 395 570
2758 4 2 1 1 395 595 570 572
2759 4 2 1 1 560 383 561 374
2760 4 2 1 1 551 550 560 374
2761 4 2 1 1 384 561 383 374
2762 4 2 1 1 392 610 433 454
2763 4 2 1 1 101 161 102 468
2764 4 2 1 1 83 82 524 347
2765 4 2 1 1 57 58 361 538
2766 4 2 1 1 399 576 398 400
2767 4 2 1 1 575 398 576 577
2768 4 2 1 1 577 398 576 400
2769 4 2 1 1 383 550 373 374
2770 4 2 1 1 392 394 571 454
2771 4 2 1 1 571 569 454 631
2772 4 2 1 1 551 560 561 374
2773 4 2 1 1 392 571 569 454
2774 4 2 1 1 595 395 570 418
2775 4 2 1 1 611 543 364 541
2776 4 2 1 1 454 571 397 394
2777 4 2 1 1 574 454 571 397
2778 4 2 1 1 574 454 631 571
2779 4 2 1 1 142 82 524 83
2780 4 2 1 1 549 548 550 372
2781 4 2 1 1 408 609 582 585
2782 4 2 1 1 373 550 548 372
2783 4 2 1 1 583 406 409 590
2784 4 2 1 1 633 391 393 568
2785 4 2 1 1 568 570 393 633
2786 4 2 1 1 56 115 57 469
2787 4 2 1 1 646 57 115 469
2788 4 2 1 1 391 633 393 456
2789 4 2 1 1 405 582 408 432
2790 4 2 1 1 397 571 573 394
2791 4 2 1 1 571 397 573 574
2792 4 2 1 1 573 397 394 396
2793 4 2 1 1 82 638 524 461
2794 4 2 1 1 361 646 57 538
2795 4 2 1 1 366 611 364 434
2796 4 2 1 1 155 349 526 626
2797 4 2 1 1 428 605 614 368
2798 4 2 1 1 58 118 641 117
2799 4 2 1 1 645 101 161 160
2800 4 2 1 1 57 116 117 538
2801 4 2 1 1 82 142 524 141
2802 4 2 1 1 478 398 575 577
2803 4 2 1 1 155 349 154 526
2804 4 2 1 1 575 655 478 577
2805 4 2 1 1 478 398 577 400
2806 4 2 1 1 586 409 414 590
2807 4 2 1 1 356 158 98 99
2808 4 2 1 1 573 397 398 574
2809 4 2 1 1 397 573 398 396
2810 4 2 1 1 575 398 574 573
2811 4 2 1 1 412 568 391 633
2812 4 2 1 1 550 383 386 560
2813 4 2 1 1 101 645 161 468
2814 4 2 1 1 391 412 633 456
2815 4 2 1 1 549 551 635 458
2816 4 2 1 1 611 366 364 543
2817 4 2 1 1 398 573 576 396
2818 4 2 1 1 576 399 398 396
2819 4 2 1 1 573 398 576 575
2820 4 2 1 1 412 568 633 589
2821 4 2 1 1 383 457 560 561
2822 4 2 1 1 586 583 409 590
2823 4 2 1 1 82 461 524 347
2824 4 2 1 1 561 383 457 384
2825 4 2 1 1 548 371 373 372
2826 4 2 1 1 632 395 573 572
2827 4 2 1 1 573 395 455 396
2828 4 2 1 1 648 30 38 37
2829 4 2 1 1 96 95 154 349
2830 4 2 1 1 457 634 560 561
2831 4 2 1 1 609 408 582 432
2832 4 2 1 1 58 57 117 538
2833 4 2 1 1 374 551 372 458
2834 4 2 1 1 408 657 480 609
2835 4 2 1 1 539 435 613 612
2836 4 2 1 1 356 158 157 98
2837 4 2 1 1 566 412 568 389
2838 4 2 1 1 568 389 412 391
2839 4 2 1 1 458 635 549 553
2840 4 2 1 1 412 566 568 589
2841 4 2 1 1 155 96 349 626
2842 4 2 1 1 402 578 403 401
2843 4 2 1 1 119 60 527 622
2844 4 2 1 1 441 533 158 618
2845 4 2 1 1 551 549 372 458
2846 4 2 1 1 641 59 58 464
2847 4 2 1 1 633 393 418 570
2848 4 2 1 1 393 633 418 456
2849 4 2 1 1 116 57 646 538
2850 4 2 1 1 638 82 524 141
2851 4 2 1 1 383 550 386 373
2852 4 2 1 1 118 58 641 59
2853 4 2 1 1 560 563 386 550
2854 4 2 1 1 542 365 543 364
2855 4 2 1 1 349 155 154 96
2856 4 2 1 1 413 414 409 590
2857 4 2 1 1 414 591 586 590
2858 4 2 1 1 422 17 145 599
2859 4 2 1 1 403 578 579 580
2860 4 2 1 1 443 550 548 373
2861 4 2 1 1 626 96 156 155
2862 4 2 1 1 101 537 645 360
2863 4 2 1 1 542 365 367 543
2864 4 2 1 1 626 478 349 655
2865 4 2 1 1 526 349 655 626
2866 4 2 1 1 489 650 604 666
2867 4 2 1 1 593 113 492 416
2868 4 2 1 1 96 349 626 449
2869 4 2 1 1 413 409 406 590
2870 4 2 1 1 458 551 635 387
2871 4 2 1 1 364 543 542 541
2872 4 2 1 1 411 652 659 588
2873 4 2 1 1 549 372 458 376
2874 4 2 1 1 383 664 386 560
2875 4 2 1 1 402 578 401 400
2876 4 2 1 1 622 350 60 527
2877 4 2 1 1 579 465 587 402
2878 4 2 1 1 402 577 578 400
2879 4 2 1 1 486 596 528 663
2880 4 2 1 1 388 566 567 389
2881 4 2 1 1 537 101 645 160
2882 4 2 1 1 96 626 156 449
2883 4 2 1 1 388 561 566 384
2884 4 2 1 1 602 440 354 425
2885 4 2 1 1 389 566 384 388
2886 4 2 1 1 595 473 427 418
2887 4 2 1 1 535 127 126 358
2888 4 2 1 1 566 457 412 389
2889 4 2 1 1 618 100 158 441
2890 4 2 1 1 570 595 418 633
2891 4 2 1 1 457 566 412 634
2892 4 2 1 1 589 412 566 634
2893 4 2 1 1 535 470 127 358
2894 4 2 1 1 101 360 645 468
2895 4 2 1 1 374 551 458 387
2896 4 2 1 1 616 546 369 602
2897 4 2 1 1 567 388 389 390
2898 4 2 1 1 395 632 573 455
2899 4 2 1 1 531 443 643 620
2900 4 2 1 1 536 363 164 540
2901 4 2 1 1 158 356 157 533
2902 4 2 1 1 100 618 158 159
2903 4 2 1 1 349 452 154 526
2904 4 2 1 1 644 357 433 610
2905 4 2 1 1 371 443 548 373
2906 4 2 1 1 496 661 590 673
2907 4 2 1 1 428 611 366 434
2908 4 2 1 1 151 92 453 357
2909 4 2 1 1 386 550 443 373
2910 4 2 1 1 496 590 442 673
2911 4 2 1 1 376 458 549 553
2912 4 2 1 1 550 386 443 563
2913 4 2 1 1 646 361 57 469
2914 4 2 1 1 664 383 386 487
2915 4 2 1 1 563 664 560 386
2916 4 2 1 1 625 533 356 642
2917 4 2 1 1 384 561 374 387
2918 4 2 1 1 51 421 463 598
2919 4 2 1 1 365 366 543 364
2920 4 2 1 1 127 67 358 68
2921 4 2 1 1 67 127 358 126
2922 4 2 1 1 87 525 145 146
2923 4 2 1 1 86 525 145 87
2924 4 2 1 1 158 356 441 99
2925 4 2 1 1 358 470 127 68
2926 4 2 1 1 578 407 403 401
2927 4 2 1 1 438 662 88 485
2928 4 2 1 1 470 535 127 647
2929 4 2 1 1 96 156 97 449
2930 4 2 1 1 366 367 365 543
2931 4 2 1 1 614 553 376 547
2932 4 2 1 1 602 439 369 616
2933 4 2 1 1 366 611 605 543
2934 4 2 1 1 573 455 576 396
2935 4 2 1 1 455 576 396 399
2936 4 2 1 1 154 95 452 349
2937 4 2 1 1 680 640 503 598
2938 4 2 1 1 527 350 621 622
2939 4 2 1 1 452 629 154 526
2940 4 2 1 1 374 561 551 387
2941 4 2 1 1 407 580 578 403
2942 4 2 1 1 118 60 59 350
2943 4 2 1 1 478 626 349 449
2944 4 2 1 1 463 50 51 640
2945 4 2 1 1 561 457 566 384
2946 4 2 1 1 389 566 457 384
2947 4 2 1 1 578 399 576 447
2948 4 2 1 1 399 578 401 447
2949 4 2 1 1 59 641 350 464
2950 4 2 1 1 531 617 440 602
2951 4 2 1 1 613 426 362 603
2952 4 2 1 1 457 561 566 634
2953 4 2 1 1 68 127 128 470
2954 4 2 1 1 350 118 641 59
2955 4 2 1 1 657 408 585 609
2956 4 2 1 1 470 127 128 647
2957 4 2 1 1 367 544 542 543
2958 4 2 1 1 653 417 430 476
2959 4 2 1 1 86 525 87 348
2960 4 2 1 1 12 17 145 422
2961 4 2 1 1 86 12 145 422
2962 4 2 1 1 489 604 355 666
2963 4 2 1 1 129 466 354 70
2964 4 2 1 1 69 68 128 470
2965 4 2 1 1 443 531 602 620
2966 4 2 1 1 602 354 443 425
2967 4 2 1 1 551 635 387 564
2968 4 2 1 1 354 531 440 602
2969 4 2 1 1 100 99 158 441
2970 4 2 1 1 401 578 407 447
2971 4 2 1 1 144 84 143 559
2972 4 2 1 1 58 361 538 641
2973 4 2 1 1 408 582 583 585
2974 4 2 1 1 70 130 71 354
2975 4 2 1 1 647 470 487 386
2976 4 2 1 1 563 647 664 386
2977 4 2 1 1 647 487 664 386
2978 4 2 1 1 441 537 618 100
2979 4 2 1 1 582 408 583 405
2980 4 2 1 1 655 668 491 526
2981 4 2 1 1 545 614 605 368
2982 4 2 1 1 543 368 605 366
2983 4 2 1 1 613 379 426 556
2984 4 2 1 1 94 153 95 452
2985 4 2 1 1 584 445 621 407
2986 4 2 1 1 609 657 480 464
2987 4 2 1 1 698 521 354 440
2988 4 2 1 1 354 466 643 443
2989 4 2 1 1 443 531 643 354
2990 4 2 1 1 623 445 584 446
2991 4 2 1 1 655 349 491 478
2992 4 2 1 1 349 655 491 526
2993 4 2 1 1 618 159 100 537
2994 4 2 1 1 583 405 408 406
2995 4 2 1 1 103 104 162 557
2996 4 2 1 1 640 51 463 598
2997 4 2 1 1 362 539 613 603
2998 4 2 1 1 426 613 362 436
2999 4 2 1 1 350 622 60 445
3000 4 2 1 1 365 385 542 367
3001 4 2 1 1 536 363 359 164
3002 4 2 1 1 587 410 402 465
3003 4 2 1 1 387 561 551 564
3004 4 2 1 1 60 120 61 445
3005 4 2 1 1 625 410 587 465
3006 4 2 1 1 450 535 126 358
3007 4 2 1 1 480 408 609 432
3008 4 2 1 1 447 576 578 624
3009 4 2 1 1 442 642 356 619
3010 4 2 1 1 455 573 576 632
3011 4 2 1 1 81 141 638 140
3012 4 2 1 1 452 154 153 95
3013 4 2 1 1 535 450 126 627
3014 4 2 1 1 554 463 50 377
3015 4 2 1 1 154 452 153 629
3016 4 2 1 1 544 367 369 368
3017 4 2 1 1 372 549 548 547
3018 4 2 1 1 366 368 367 543
3019 4 2 1 1 478 655 626 410
3020 4 2 1 1 408 583 409 585
3021 4 2 1 1 428 614 437 368
3022 4 2 1 1 144 84 559 382
3023 4 2 1 1 153 94 451 452
3024 4 2 1 1 356 158 441 533
3025 4 2 1 1 419 351 672 495
3026 4 2 1 1 466 129 354 643
3027 4 2 1 1 129 354 643 531
3028 4 2 1 1 419 388 565 467
3029 4 2 1 1 367 544 369 616
3030 4 2 1 1 638 82 81 461
3031 4 2 1 1 447 578 584 624
3032 4 2 1 1 541 363 536 540
3033 4 2 1 1 484 514 691 468
3034 4 2 1 1 97 157 98 625
3035 4 2 1 1 445 407 584 446
3036 4 2 1 1 400 577 478 410
3037 4 2 1 1 655 478 577 410
3038 4 2 1 1 611 428 366 605
3039 4 2 1 1 581 642 579 404
3040 4 2 1 1 422 525 428 599
3041 4 2 1 1 387 561 388 384
3042 4 2 1 1 544 367 368 543
3043 4 2 1 1 578 402 403 579
3044 4 2 1 1 387 419 388 564
3045 4 2 1 1 427 355 674 497
3046 4 2 1 1 491 668 655 575
3047 4 2 1 1 126 67 450 358
3048 4 2 1 1 550 620 443 548
3049 4 2 1 1 536 163 164 359
3050 4 2 1 1 354 602 443 531
3051 4 2 1 1 661 537 360 645
3052 4 2 1 1 583 408 409 406
3053 4 2 1 1 544 369 546 545
3054 4 2 1 1 398 491 478 575
3055 4 2 1 1 630 357 151 453
3056 4 2 1 1 536 364 363 541
3057 4 2 1 1 491 668 629 526
3058 4 2 1 1 655 478 491 575
3059 4 2 1 1 525 428 614 348
3060 4 2 1 1 439 602 369 425
3061 4 2 1 1 629 153 451 452
3062 4 2 1 1 622 350 621 445
3063 4 2 1 1 444 621 350 445
3064 4 2 1 1 356 619 642 533
3065 4 2 1 1 349 491 452 526
3066 4 2 1 1 583 582 405 581
3067 4 2 1 1 546 369 544 616
3068 4 2 1 1 649 33 41 40
3069 4 2 1 1 117 58 538 641
3070 4 2 1 1 157 97 156 625
3071 4 2 1 1 580 405 582 581
3072 4 2 1 1 696 106 519 1532
3073 4 2 1 1 560 457 383 664
3074 4 2 1 1 653 430 134 476
3075 4 2 1 1 388 567 467 390
3076 4 2 1 1 579 577 578 402
3077 4 2 1 1 548 371 372 547
3078 4 2 1 1 566 388 567 565
3079 4 2 1 1 465 579 587 642
3080 4 2 1 1 465 587 625 642
3081 4 2 1 1 625 448 410 465
3082 4 2 1 1 465 402 579 404
3083 4 2 1 1 602 369 548 546
3084 4 2 1 1 561 388 566 565
3085 4 2 1 1 490 608 380 431
3086 4 2 1 1 405 583 404 406
3087 4 2 1 1 484 645 360 468
3088 4 2 1 1 645 484 360 661
3089 4 2 1 1 585 408 411 409
3090 4 2 1 1 560 634 457 664
3091 4 2 1 1 548 546 369 547
3092 4 2 1 1 580 403 405 404
3093 4 2 1 1 368 428 605 366
3094 4 2 1 1 470 128 466 647
3095 4 2 1 1 611 422 428 599
3096 4 2 1 1 410 577 402 400
3097 4 2 1 1 657 361 480 464
3098 4 2 1 1 585 411 588 409
3099 4 2 1 1 385 544 542 367
3100 4 2 1 1 464 432 609 350
3101 4 2 1 1 441 537 100 360
3102 4 2 1 1 128 470 466 69
3103 4 2 1 1 613 426 603 556
3104 4 2 1 1 491 629 452 526
3105 4 2 1 1 580 405 444 582
3106 4 2 1 1 84 143 559 639
3107 4 2 1 1 369 425 548 371
3108 4 2 1 1 669 555 378 654
3109 4 2 1 1 409 585 583 586
3110 4 2 1 1 76 688 135 77
3111 4 2 1 1 76 688 75 135
3112 4 2 1 1 478 626 449 410
3113 4 2 1 1 653 477 417 476
3114 4 2 1 1 537 496 441 673
3115 4 2 1 1 371 548 369 547
3116 4 2 1 1 616 369 367 439
3117 4 2 1 1 141 81 638 82
3118 4 2 1 1 563 620 443 550
3119 4 2 1 1 363 682 542 505
3120 4 2 1 1 357 453 630 644
3121 4 2 1 1 159 160 100 537
3122 4 2 1 1 381 691 468 558
3123 4 2 1 1 636 31 648 459
3124 4 2 1 1 638 381 81 558
3125 4 2 1 1 405 580 444 403
3126 4 2 1 1 524 475 462 347
3127 4 2 1 1 590 413 414 484
3128 4 2 1 1 590 414 591 484
3129 4 2 1 1 491 575 574 668
3130 4 2 1 1 381 638 81 461
3131 4 2 1 1 425 443 548 371
3132 4 2 1 1 457 383 664 487
3133 4 2 1 1 118 119 60 527
3134 4 2 1 1 614 605 428 525
3135 4 2 1 1 397 574 491 398
3136 4 2 1 1 629 491 500 668
3137 4 2 1 1 668 677 500 629
3138 4 2 1 1 575 491 574 398
3139 4 2 1 1 544 385 542 562
3140 4 2 1 1 641 58 361 464
3141 4 2 1 1 696 519 164 1532
3142 4 2 1 1 77 651 474 606
3143 4 2 1 1 661 590 591 484
3144 4 2 1 1 616 483 617 439
3145 4 2 1 1 670 493 667 380
3146 4 2 1 1 561 387 388 564
3147 4 2 1 1 350 641 609 464
3148 4 2 1 1 447 576 455 399
3149 4 2 1 1 621 444 407 445
3150 4 2 1 1 445 584 621 622
3151 4 2 1 1 148 149 90 528
3152 4 2 1 1 125 65 352 66
3153 4 2 1 1 364 552 536 375
3154 4 2 1 1 502 635 553 679
3155 4 2 1 1 434 375 552 364
3156 4 2 1 1 49 50 377 554
3157 4 2 1 1 625 157 98 356
3158 4 2 1 1 487 535 358 470
3159 4 2 1 1 420 32 33 597
3160 4 2 1 1 494 457 671 664
3161 4 2 1 1 465 625 356 642
3162 4 2 1 1 448 625 356 465
3163 4 2 1 1 364 536 363 359
3164 4 2 1 1 671 457 634 664
3165 4 2 1 1 65 125 352 124
3166 4 2 1 1 565 388 419 564
3167 4 2 1 1 408 657 411 480
3168 4 2 1 1 422 611 428 434
3169 4 2 1 1 81 140 638 558
3170 4 2 1 1 691 661 484 645
3171 4 2 1 1 645 484 691 468
3172 4 2 1 1 382 84 559 462
3173 4 2 1 1 379 613 426 436
3174 4 2 1 1 350 118 60 527
3175 4 2 1 1 43 51 463 50
3176 4 2 1 1 460 138 15 637
3177 4 2 1 1 630 91 151 150
3178 4 2 1 1 60 119 120 622
3179 4 2 1 1 635 502 553 458
3180 4 2 1 1 409 588 585 586
3181 4 2 1 1 618 441 533 619
3182 4 2 1 1 657 538 361 641
3183 4 2 1 1 105 164 359 363
3184 4 2 1 1 66 627 450 352
3185 4 2 1 1 491 629 500 452
3186 4 2 1 1 403 579 404 580
3187 4 2 1 1 118 350 641 527
3188 4 2 1 1 36 37 504 681
3189 4 2 1 1 683 139 506 1535
3190 4 2 1 1 625 449 156 626
3191 4 2 1 1 432 609 480 464
3192 4 2 1 1 525 422 428 348
3193 4 2 1 1 451 628 153 629
3194 4 2 1 1 84 144 85 382
3195 4 2 1 1 462 639 482 475
3196 4 2 1 1 617 660 483 616
3197 4 2 1 1 435 539 613 362
3198 4 2 1 1 435 362 613 436
3199 4 2 1 1 33 649 41 472
3200 4 2 1 1 70 129 130 354
3201 4 2 1 1 357 630 151 534
3202 4 2 1 1 470 487 535 647
3203 4 2 1 1 628 93 534 451
3204 4 2 1 1 139 80 506 1535
3205 4 2 1 1 487 664 535 647
3206 4 2 1 1 664 494 457 487
3207 4 2 1 1 530 483 353 440
3208 4 2 1 1 421 51 463 44
3209 4 2 1 1 142 84 83 639
3210 4 2 1 1 66 627 126 450
3211 4 2 1 1 33 41 34 472
3212 4 2 1 1 381 80 81 558
3213 4 2 1 1 90 89 148 528
3214 4 2 1 1 429 77 606 511
3215 4 2 1 1 352 125 66 627
3216 4 2 1 1 445 623 584 622
3217 4 2 1 1 552 364 536 541
3218 4 2 1 1 611 423 600 552
3219 4 2 1 1 164 104 105 359
3220 4 2 1 1 364 552 611 541
3221 4 2 1 1 395 632 604 572
3222 4 2 1 1 683 16 161 506
3223 4 2 1 1 534 152 93 628
3224 4 2 1 1 640 463 50 554
3225 4 2 1 1 455 624 576 447
3226 4 2 1 1 363 542 365 505
3227 4 2 1 1 604 595 395 572
3228 4 2 1 1 537 101 100 360
3229 4 2 1 1 646 517 694 538
3230 4 2 1 1 607 688 134 430
3231 4 2 1 1 157 625 533 356
3232 4 2 1 1 682 363 542 540
3233 4 2 1 1 657 609 641 464
3234 4 2 1 1 104 163 162 557
3235 4 2 1 1 470 647 466 386
3236 4 2 1 1 97 625 449 156
3237 4 2 1 1 444 582 405 432
3238 4 2 1 1 145 525 422 599
3239 4 2 1 1 126 67 66 450
3240 4 2 1 1 627 66 126 125
3241 4 2 1 1 624 455 576 632
3242 4 2 1 1 563 466 647 386
3243 4 2 1 1 124 125 352 529
3244 4 2 1 1 407 580 584 578
3245 4 2 1 1 133 73 132 477
3246 4 2 1 1 656 35 2 479
3247 4 2 1 1 434 552 611 364
3248 4 2 1 1 160 101 100 537
3249 4 2 1 1 534 357 630 644
3250 4 2 1 1 453 357 467 644
3251 4 2 1 1 525 428 599 605
3252 4 2 1 1 553 376 458 502
3253 4 2 1 1 405 583 581 404
3254 4 2 1 1 608 79 78 431
3255 4 2 1 1 581 580 405 404
3256 4 2 1 1 153 94 93 451
3257 4 2 1 1 670 104 493 380
3258 4 2 1 1 466 563 443 386
3259 4 2 1 1 561 388 565 564
3260 4 2 1 1 567 388 467 565
3261 4 2 1 1 369 602 548 425
3262 4 2 1 1 595 427 395 418
3263 4 2 1 1 599 423 600 611
3264 4 2 1 1 522 147 615 699
3265 4 2 1 1 142 84 639 143
3266 4 2 1 1 79 608 78 138
3267 4 2 1 1 137 138 78 608
3268 4 2 1 1 602 443 620 548
3269 4 2 1 1 524 462 83 347
3270 4 2 1 1 354 129 130 531
3271 4 2 1 1 584 407 578 447
3272 4 2 1 1 139 81 558 140
3273 4 2 1 1 139 81 80 558
3274 4 2 1 1 621 609 582 432
3275 4 2 1 1 602 443 548 425
3276 4 2 1 1 352 125 627 529
3277 4 2 1 1 657 408 411 585
3278 4 2 1 1 375 552 423 434
3279 4 2 1 1 593 113 172 492
3280 4 2 1 1 492 669 172 593
3281 4 2 1 1 427 455 632 395
3282 4 2 1 1 565 596 419 467
3283 4 2 1 1 435 682 363 505
3284 4 2 1 1 70 128 466 69
3285 4 2 1 1 115 14 684 507
3286 4 2 1 1 411 657 585 588
3287 4 2 1 1 433 467 567 390
3288 4 2 1 1 467 565 596 644
3289 4 2 1 1 665 658 593 488
3290 4 2 1 1 658 481 593 488
3291 4 2 1 1 363 696 164 540
3292 4 2 1 1 86 525 422 145
3293 4 2 1 1 447 584 446 624
3294 4 2 1 1 605 428 599 611
3295 4 2 1 1 402 579 577 587
3296 4 2 1 1 642 465 579 404
3297 4 2 1 1 536 364 375 359
3298 4 2 1 1 32 40 597 39
3299 4 2 1 1 133 74 73 477
3300 4 2 1 1 350 609 621 432
3301 4 2 1 1 644 433 567 610
3302 4 2 1 1 385 544 367 616
3303 4 2 1 1 639 83 142 524
3304 4 2 1 1 368 543 605 545
3305 4 2 1 1 494 535 358 487
3306 4 2 1 1 356 441 442 619
3307 4 2 1 1 164 104 359 163
3308 4 2 1 1 162 103 557 606
3309 4 2 1 1 109 499 678 501
3310 4 2 1 1 606 103 18 162
3311 4 2 1 1 151 92 91 453
3312 4 2 1 1 649 520 676 697
3313 4 2 1 1 535 494 671 664
3314 4 2 1 1 642 442 356 465
3315 4 2 1 1 417 653 430 594
3316 4 2 1 1 682 435 363 612
3317 4 2 1 1 545 544 369 368
3318 4 2 1 1 525 86 422 348
3319 4 2 1 1 481 593 488 416
3320 4 2 1 1 10 138 460 79
3321 4 2 1 1 138 10 460 15
3322 4 2 1 1 581 579 580 404
3323 4 2 1 1 106 696 519 435
3324 4 2 1 1 534 357 644 610
3325 4 2 1 1 467 357 433 644
3326 4 2 1 1 65 123 473 64
3327 4 2 1 1 361 657 641 464
3328 4 2 1 1 120 60 622 445
3329 4 2 1 1 385 562 544 616
3330 4 2 1 1 372 547 376 549
3331 4 2 1 1 491 574 500 668
3332 4 2 1 1 677 574 668 500
3333 4 2 1 1 613 660 379 556
3334 4 2 1 1 440 617 483 439
3335 4 2 1 1 574 491 500 397
3336 4 2 1 1 514 691 468 381
3337 4 2 1 1 652 411 659 475
3338 4 2 1 1 475 411 659 482
3339 4 2 1 1 450 494 535 358
3340 4 2 1 1 535 494 664 487
3341 4 2 1 1 368 545 544 543
3342 4 2 1 1 457 671 412 494
3343 4 2 1 1 412 671 634 589
3344 4 2 1 1 671 457 412 634
3345 4 2 1 1 494 671 627 535
3346 4 2 1 1 627 450 494 535
3347 4 2 1 1 444 580 407 403
3348 4 2 1 1 473 124 65 352
3349 4 2 1 1 596 486 528 419
3350 4 2 1 1 351 528 486 419
3351 4 2 1 1 606 474 380 651
3352 4 2 1 1 62 122 355 121
3353 4 2 1 1 441 356 533 619
3354 4 2 1 1 477 132 133 654
3355 4 2 1 1 530 483 379 353
3356 4 2 1 1 448 97 98 625
3357 4 2 1 1 409 588 652 411
3358 4 2 1 1 403 579 402 404
3359 4 2 1 1 599 422 423 611
3360 4 2 1 1 353 131 6 530
3361 4 2 1 1 29 37 504 36
3362 4 2 1 1 684 14 144 507
3363 4 2 1 1 547 369 545 546
3364 4 2 1 1 123 65 473 124
3365 4 2 1 1 350 641 527 609
3366 4 2 1 1 669 417 594 654
3367 4 2 1 1 655 626 410 587
3368 4 2 1 1 552 611 423 434
3369 4 2 1 1 616 367 385 439
3370 4 2 1 1 423 600 17 599
3371 4 2 1 1 549 376 553 547
3372 4 2 1 1 40 32 597 33
3373 4 2 1 1 371 372 547 370
3374 4 2 1 1 665 378 54 488
3375 4 2 1 1 614 376 553 615
3376 4 2 1 1 437 614 428 348
3377 4 2 1 1 427 604 489 473
3378 4 2 1 1 650 489 604 473
3379 4 2 1 1 451 677 629 500
3380 4 2 1 1 122 62 355 63
3381 4 2 1 1 439 617 616 602
3382 4 2 1 1 639 659 482 475
3383 4 2 1 1 659 639 652 475
3384 4 2 1 1 410 577 655 587
3385 4 2 1 1 515 623 622 692
3386 4 2 1 1 628 153 93 451
3387 4 2 1 1 466 647 128 643
3388 4 2 1 1 363 682 612 540
3389 4 2 1 1 103 104 557 380
3390 4 2 1 1 35 1 479 28
3391 4 2 1 1 35 1 2 479
3392 4 2 1 1 663 486 596 630
3393 4 2 1 1 512 689 658 593
3394 4 2 1 1 88 662 89 485
3395 4 2 1 1 503 689 111 680
3396 4 2 1 1 512 658 481 593
3397 4 2 1 1 379 353 6 530
3398 4 2 1 1 590 413 484 496
3399 4 2 1 1 650 473 604 595
3400 4 2 1 1 427 604 473 595
3401 4 2 1 1 369 371 547 370
3402 4 2 1 1 406 583 695 590
3403 4 2 1 1 607 173 114 594
3404 4 2 1 1 590 496 442 413
3405 4 2 1 1 695 518 406 413
3406 4 2 1 1 683 139 16 506
3407 4 2 1 1 430 594 653 607
3408 4 2 1 1 477 669 378 654
3409 4 2 1 1 517 646 361 538
3410 4 2 1 1 355 532 666 604
3411 4 2 1 1 627 510 687 671
3412 4 2 1 1 590 619 442 673
3413 4 2 1 1 696 435 612 363
3414 4 2 1 1 671 627 510 494
3415 4 2 1 1 627 450 510 494
3416 4 2 1 1 152 153 93 628
3417 4 2 1 1 565 419 596 564
3418 4 2 1 1 18 103 429 13
3419 4 2 1 1 473 529 124 352
3420 4 2 1 1 115 9 14 507
3421 4 2 1 1 484 661 590 496
3422 4 2 1 1 75 134 688 430
3423 4 2 1 1 511 75 688 430
3424 4 2 1 1 669 477 417 654
3425 4 2 1 1 88 147 662 615
3426 4 2 1 1 662 438 88 615
3427 4 2 1 1 419 351 528 672
3428 4 2 1 1 528 596 419 672
3429 4 2 1 1 601 640 503 680
3430 4 2 1 1 11 161 16 506
3431 4 2 1 1 588 409 652 586
3432 4 2 1 1 468 683 161 506
3433 4 2 1 1 54 378 555 55
3434 4 2 1 1 611 422 423 434
3435 4 2 1 1 451 500 629 452
3436 4 2 1 1 77 688 136 606
3437 4 2 1 1 77 688 606 511
3438 4 2 1 1 593 481 512 416
3439 4 2 1 1 43 50 463 377
3440 4 2 1 1 378 477 686 509
3441 4 2 1 1 498 35 36 675
3442 4 2 1 1 660 483 436 379
3443 4 2 1 1 577 410 402 587
3444 4 2 1 1 530 660 483 617
3445 4 2 1 1 31 648 30 38
3446 4 2 1 1 31 648 471 30
3447 4 2 1 1 37 29 504 30
3448 4 2 1 1 626 410 625 449
3449 4 2 1 1 380 667 557 608
3450 4 2 1 1 608 490 380 667
3451 4 2 1 1 620 443 643 563
3452 4 2 1 1 436 562 682 505
3453 4 2 1 1 139 80 11 506
3454 4 2 1 1 39 31 678 32
3455 4 2 1 1 649 676 420 597
3456 4 2 1 1 518 695 442 413
3457 4 2 1 1 465 695 518 404
3458 4 2 1 1 507 115 469 684
3459 4 2 1 1 679 615 553 502
3460 4 2 1 1 166 106 539 165
3461 4 2 1 1 670 493 104 359
3462 4 2 1 1 698 531 617 440
3463 4 2 1 1 584 623 446 624
3464 4 2 1 1 625 98 448 356
3465 4 2 1 1 378 665 54 555
3466 4 2 1 1 691 645 468 558
3467 4 2 1 1 421 503 463 598
3468 4 2 1 1 453 596 630 644
3469 4 2 1 1 91 630 151 453
3470 4 2 1 1 435 539 106 612
3471 4 2 1 1 462 84 559 639
3472 4 2 1 1 417 653 594 654
3473 4 2 1 1 147 522 615 88
3474 4 2 1 1 615 438 88 522
3475 4 2 1 1 537 673 441 618
3476 4 2 1 1 11 161 506 102
3477 4 2 1 1 422 423 17 599
3478 4 2 1 1 29 35 498 28
3479 4 2 1 1 35 29 498 36
3480 4 2 1 1 520 554 640 697
3481 4 2 1 1 51 43 463 44
3482 4 2 1 1 531 698 354 440
3483 4 2 1 1 669 378 492 477
3484 4 2 1 1 385 616 483 562
3485 4 2 1 1 536 670 163 359
3486 4 2 1 1 604 489 355 427
3487 4 2 1 1 115 9 507 56
3488 4 2 1 1 669 417 172 594
3489 4 2 1 1 128 70 466 129
3490 4 2 1 1 477 669 417 492
3491 4 2 1 1 31 636 648 38
3492 4 2 1 1 648 459 31 471
3493 4 2 1 1 144 9 507 14
3494 4 2 1 1 363 612 696 540
3495 4 2 1 1 5 72 131 353
3496 4 2 1 1 6 5 131 353
3497 4 2 1 1 562 385 436 483
3498 4 2 1 1 677 454 574 500
3499 4 2 1 1 45 52 53 658
3500 4 2 1 1 93 357 534 451
3501 4 2 1 1 114 607 18 173
3502 4 2 1 1 465 695 442 518
3503 4 2 1 1 625 97 449 448
3504 4 2 1 1 413 406 695 590
3505 4 2 1 1 500 454 574 397
3506 4 2 1 1 454 677 574 631
3507 4 2 1 1 593 112 113 416
3508 4 2 1 1 407 584 446 447
3509 4 2 1 1 660 436 613 379
3510 4 2 1 1 556 660 379 530
3511 4 2 1 1 653 430 607 134
3512 4 2 1 1 163 104 670 557
3513 4 2 1 1 355 604 674 532
3514 4 2 1 1 644 467 565 567
3515 4 2 1 1 643 466 647 563
3516 4 2 1 1 112 593 113 171
3517 4 2 1 1 602 439 440 425
3518 4 2 1 1 616 385 483 439
3519 4 2 1 1 485 662 89 351
3520 4 2 1 1 477 653 417 654
3521 4 2 1 1 353 6 5 379
3522 4 2 1 1 672 564 419 495
3523 4 2 1 1 462 639 475 524
3524 4 2 1 1 677 451 629 628
3525 4 2 1 1 516 631 610 693
3526 4 2 1 1 563 466 443 643
3527 4 2 1 1 87 699 146 147
3528 4 2 1 1 77 688 135 136
3529 4 2 1 1 75 134 135 688
3530 4 2 1 1 640 463 503 598
3531 4 2 1 1 516 534 451 693
3532 4 2 1 1 656 426 498 479
3533 4 2 1 1 517 646 469 361
3534 4 2 1 1 615 376 553 502
3535 4 2 1 1 431 651 380 474
3536 4 2 1 1 658 53 46 665
3537 4 2 1 1 413 695 442 590
3538 4 2 1 1 556 379 6 530
3539 4 2 1 1 609 350 621 527
3540 4 2 1 1 564 387 419 495
3541 4 2 1 1 150 149 663 486
3542 4 2 1 1 687 510 589 671
3543 4 2 1 1 444 582 621 580
3544 4 2 1 1 665 46 658 488
3545 4 2 1 1 481 658 46 488
3546 4 2 1 1 671 510 412 494
3547 4 2 1 1 695 619 442 590
3548 4 2 1 1 660 562 483 616
3549 4 2 1 1 496 442 441 673
3550 4 2 1 1 510 412 589 671
3551 4 2 1 1 490 667 493 380
3552 4 2 1 1 667 557 670 380
3553 4 2 1 1 656 556 426 479
3554 4 2 1 1 128 129 466 643
3555 4 2 1 1 515 622 120 692
3556 4 2 1 1 606 474 77 429
3557 4 2 1 1 17 12 423 422
3558 4 2 1 1 637 460 138 608
3559 4 2 1 1 453 419 596 467
3560 4 2 1 1 164 105 519 363
3561 4 2 1 1 483 436 562 660
3562 4 2 1 1 588 517 657 694
3563 4 2 1 1 76 688 77 511
3564 4 2 1 1 688 76 75 511
3565 4 2 1 1 596 453 467 644
3566 4 2 1 1 508 649 41 685
3567 4 2 1 1 440 617 439 602
3568 4 2 1 1 42 50 377 49
3569 4 2 1 1 496 537 441 360
3570 4 2 1 1 604 355 674 427
3571 4 2 1 1 586 409 652 414
3572 4 2 1 1 89 662 147 148
3573 4 2 1 1 149 663 486 528
3574 4 2 1 1 483 530 617 440
3575 4 2 1 1 84 83 639 462
3576 4 2 1 1 446 623 445 515
3577 4 2 1 1 581 695 642 404
3578 4 2 1 1 463 554 520 377
3579 4 2 1 1 380 606 103 429
3580 4 2 1 1 51 52 45 598
3581 4 2 1 1 524 513 461 690
3582 4 2 1 1 651 78 77 474
3583 4 2 1 1 9 144 507 85
3584 4 2 1 1 483 530 379 660
3585 4 2 1 1 539 165 106 612
3586 4 2 1 1 417 669 172 492
3587 4 2 1 1 172 113 417 492
3588 4 2 1 1 442 695 642 619
3589 4 2 1 1 555 378 654 686
3590 4 2 1 1 115 507 469 56
3591 4 2 1 1 469 684 115 646
3592 4 2 1 1 103 606 18 429
3593 4 2 1 1 691 381 638 558
3594 4 2 1 1 139 11 16 506
3595 4 2 1 1 370 545 369 368
3596 4 2 1 1 580 621 407 584
3597 4 2 1 1 636 501 31 459
3598 4 2 1 1 90 89 528 351
3599 4 2 1 1 461 638 514 381
3600 4 2 1 1 508 41 3 685
3601 4 2 1 1 90 150 486 149
3602 4 2 1 1 438 376 437 615
3603 4 2 1 1 662 485 502 351
3604 4 2 1 1 677 516 451 693
3605 4 2 1 1 591 586 652 414
3606 4 2 1 1 161 102 468 506
3607 4 2 1 1 87 699 147 522
3608 4 2 1 1 520 649 676 472
3609 4 2 1 1 150 90 486 91
3610 4 2 1 1 436 613 562 660
3611 4 2 1 1 556 379 426 479
3612 4 2 1 1 528 90 486 149
3613 4 2 1 1 562 436 385 505
3614 4 2 1 1 348 614 525 699
3615 4 2 1 1 369 547 545 370
3616 4 2 1 1 498 675 426 656
3617 4 2 1 1 445 120 61 515
3618 4 2 1 1 131 521 71 698
3619 4 2 1 1 31 678 501 636
3620 4 2 1 1 520 676 697 424
3621 4 2 1 1 444 621 582 432
3622 4 2 1 1 520 649 554 697
3623 4 2 1 1 63 123 64 489
3624 4 2 1 1 614 437 376 615
3625 4 2 1 1 114 172 594 173
3626 4 2 1 1 547 372 376 370
3627 4 2 1 1 674 455 427 497
3628 4 2 1 1 686 73 7 509
3629 4 2 1 1 13 18 114 430
3630 4 2 1 1 104 670 557 380
3631 4 2 1 1 410 626 625 587
3632 4 2 1 1 432 444 621 350
3633 4 2 1 1 608 460 79 431
3634 4 2 1 1 606 380 103 557
3635 4 2 1 1 638 461 690 524
3636 4 2 1 1 649 420 33 597
3637 4 2 1 1 510 589 633 687
3638 4 2 1 1 689 512 171 593
3639 4 2 1 1 412 633 456 510
3640 4 2 1 1 170 110 601 169
3641 4 2 1 1 657 517 411 480
3642 4 2 1 1 589 510 633 412
3643 4 2 1 1 538 517 694 657
3644 4 2 1 1 640 424 520 697
3645 4 2 1 1 79 138 460 608
3646 4 2 1 1 639 462 83 524
3647 4 2 1 1 123 63 122 666
3648 4 2 1 1 89 528 662 148
3649 4 2 1 1 594 114 430 417
3650 4 2 1 1 63 123 489 666
3651 4 2 1 1 122 355 666 63
3652 4 2 1 1 610 454 631 516
3653 4 2 1 1 653 134 74 476
3654 4 2 1 1 522 437 348 699
3655 4 2 1 1 666 489 63 355
3656 4 2 1 1 598 52 45 658
3657 4 2 1 1 429 18 13 511
3658 4 2 1 1 380 608 651 431
3659 4 2 1 1 665 46 54 53
3660 4 2 1 1 75 134 430 476
3661 4 2 1 1 104 163 670 359
3662 4 2 1 1 513 524 461 347
3663 4 2 1 1 433 644 567 467
3664 4 2 1 1 3 49 508 685
3665 4 2 1 1 653 74 477 476
3666 4 2 1 1 683 468 161 645
3667 4 2 1 1 377 508 685 649
3668 4 2 1 1 656 498 35 479
3669 4 2 1 1 41 4 3 685
3670 4 2 1 1 46 665 54 488
3671 4 2 1 1 420 676 678 597
3672 4 2 1 1 632 455 427 674
3673 4 2 1 1 678 32 31 501
3674 4 2 1 1 630 486 596 453
3675 4 2 1 1 454 610 433 516
3676 4 2 1 1 603 426 675 656
3677 4 2 1 1 512 171 111 689
3678 4 2 1 1 639 652 475 524
3679 4 2 1 1 685 554 377 649
3680 4 2 1 1 421 51 45 598
3681 4 2 1 1 410 625 449 448
3682 4 2 1 1 45 421 658 481
3683 4 2 1 1 686 477 73 509
3684 4 2 1 1 610 534 516 693
3685 4 2 1 1 136 78 651 137
3686 4 2 1 1 686 7 55 509
3687 4 2 1 1 468 381 558 683
3688 4 2 1 1 510 529 627 687
3689 4 2 1 1 166 106 107 539
3690 4 2 1 1 496 537 661 673
3691 4 2 1 1 7 132 686 8
3692 4 2 1 1 676 472 649 420
3693 4 2 1 1 510 627 352 450
3694 4 2 1 1 528 502 662 679
3695 4 2 1 1 426 603 556 656
3696 4 2 1 1 580 444 407 621
3697 4 2 1 1 54 378 55 47
3698 4 2 1 1 18 13 511 430
3699 4 2 1 1 698 71 354 521
3700 4 2 1 1 689 503 111 512
3701 4 2 1 1 171 111 689 170
3702 4 2 1 1 554 463 520 640
3703 4 2 1 1 632 604 427 395
3704 4 2 1 1 468 381 683 506
3705 4 2 1 1 474 606 380 429
3706 4 2 1 1 427 595 395 604
3707 4 2 1 1 430 607 114 594
3708 4 2 1 1 123 473 64 489
3709 4 2 1 1 554 377 649 520
3710 4 2 1 1 539 106 362 435
3711 4 2 1 1 694 517 646 659
3712 4 2 1 1 622 445 623 515
3713 4 2 1 1 488 378 54 47
3714 4 2 1 1 615 438 376 502
3715 4 2 1 1 516 677 451 500
3716 4 2 1 1 77 136 651 606
3717 4 2 1 1 675 426 415 498
3718 4 2 1 1 521 698 530 440
3719 4 2 1 1 562 542 682 505
3720 4 2 1 1 697 601 424 676
3721 4 2 1 1 562 613 436 682
3722 4 2 1 1 111 689 170 680
3723 4 2 1 1 480 517 361 657
3724 4 2 1 1 597 420 32 678
3725 4 2 1 1 649 508 41 472
3726 4 2 1 1 692 515 623 532
3727 4 2 1 1 588 517 411 657
3728 4 2 1 1 489 123 650 666
3729 4 2 1 1 355 121 122 532
3730 4 2 1 1 521 131 71 72
3731 4 2 1 1 113 171 593 172
3732 4 2 1 1 593 512 112 416
3733 4 2 1 1 49 3 4 685
3734 4 2 1 1 381 691 638 514
3735 4 2 1 1 508 41 472 34
3736 4 2 1 1 475 652 411 409
3737 4 2 1 1 512 112 171 593
3738 4 2 1 1 465 642 695 404
3739 4 2 1 1 498 656 35 675
3740 4 2 1 1 693 534 451 628
3741 4 2 1 1 469 382 559 482
3742 4 2 1 1 424 640 601 697
3743 4 2 1 1 503 424 640 601
3744 4 2 1 1 147 88 87 522
3745 4 2 1 1 28 35 498 479
3746 4 2 1 1 693 516 631 677
3747 4 2 1 1 71 131 698 130
3748 4 2 1 1 419 596 486 453
3749 4 2 1 1 431 78 651 474
3750 4 2 1 1 74 133 134 653
3751 4 2 1 1 45 421 598 658
3752 4 2 1 1 529 510 627 352
3753 4 2 1 1 3 34 41 508
3754 4 2 1 1 557 380 651 606
3755 4 2 1 1 529 473 124 650
3756 4 2 1 1 521 530 353 440
3757 4 2 1 1 171 512 111 112
3758 4 2 1 1 74 653 477 133
3759 4 2 1 1 426 675 415 603
3760 4 2 1 1 662 88 89 147
3761 4 2 1 1 435 436 682 505
3762 4 2 1 1 538 361 517 657
3763 4 2 1 1 426 415 362 603
3764 4 2 1 1 695 465 442 642
3765 4 2 1 1 124 473 123 650
3766 4 2 1 1 607 114 18 430
3767 4 2 1 1 522 615 437 699
3768 4 2 1 1 429 606 18 511
3769 4 2 1 1 387 635 458 495
3770 4 2 1 1 370 545 368 1534
3771 4 2 1 1 619 441 673 618
3772 4 2 1 1 649 33 40 597
3773 4 2 1 1 73 686 7 132
3774 4 2 1 1 513 514 461 690
3775 4 2 1 1 385 542 505 365
3776 4 2 1 1 564 419 596 672
3777 4 2 1 1 472 676 520 499
3778 4 2 1 1 613 612 435 682
3779 4 2 1 1 46 658 45 53
3780 4 2 1 1 378 477 654 686
3781 4 2 1 1 404 583 695 406
3782 4 2 1 1 404 695 518 406
3783 4 2 1 1 375 536 670 552
3784 4 2 1 1 658 46 45 481
3785 4 2 1 1 658 512 421 689
3786 4 2 1 1 512 658 421 481
3787 4 2 1 1 455 674 624 497
3788 4 2 1 1 633 523 510 700
3789 4 2 1 1 646 469 559 482
3790 4 2 1 1 539 415 603 362
3791 4 2 1 1 362 107 106 539
3792 4 2 1 1 593 488 492 665
3793 4 2 1 1 357 433 610 516
3794 4 2 1 1 547 545 370 1534
3795 4 2 1 1 628 451 693 677
3796 4 2 1 1 700 523 595 633
3797 4 2 1 1 71 698 354 130
3798 4 2 1 1 437 614 348 699
3799 4 2 1 1 665 492 378 488
3800 4 2 1 1 635 564 672 495
3801 4 2 1 1 686 7 8 55
3802 4 2 1 1 121 515 692 532
3803 4 2 1 1 172 417 114 594
3804 4 2 1 1 649 377 508 472
3805 4 2 1 1 515 121 62 355
3806 4 2 1 1 488 593 492 416
3807 4 2 1 1 622 515 120 445
3808 4 2 1 1 674 355 446 497
3809 4 2 1 1 447 455 624 497
3810 4 2 1 1 607 18 688 430
3811 4 2 1 1 477 73 132 686
3812 4 2 1 1 106 696 435 612
3813 4 2 1 1 42 50 43 377
3814 4 2 1 1 31 678 636 38
3815 4 2 1 1 514 638 461 690
3816 4 2 1 1 674 455 624 632
3817 4 2 1 1 564 635 387 495
3818 4 2 1 1 121 515 120 692
3819 4 2 1 1 409 475 652 414
3820 4 2 1 1 106 696 165 1532
3821 4 2 1 1 471 648 108 415
3822 4 2 1 1 515 121 120 62
3823 4 2 1 1 424 463 640 520
3824 4 2 1 1 44 51 45 421
3825 4 2 1 1 684 507 382 469
3826 4 2 1 1 503 424 463 640
3827 4 2 1 1 420 649 33 472
3828 4 2 1 1 633 700 510 687
3829 4 2 1 1 523 633 510 456
3830 4 2 1 1 676 499 472 420
3831 4 2 1 1 532 446 515 623
3832 4 2 1 1 523 700 352 510
3833 4 2 1 1 78 608 651 137
3834 4 2 1 1 472 649 377 520
3835 4 2 1 1 677 516 454 500
3836 4 2 1 1 513 591 514 690
3837 4 2 1 1 542 562 385 505
3838 4 2 1 1 144 507 382 684
3839 4 2 1 1 32 39 597 678
3840 4 2 1 1 513 652 591 690
3841 4 2 1 1 418 633 523 456
3842 4 2 1 1 516 454 631 677
3843 4 2 1 1 378 555 669 665
3844 4 2 1 1 462 559 382 482
3845 4 2 1 1 608 78 651 431
3846 4 2 1 1 170 110 111 601
3847 4 2 1 1 424 111 110 601
3848 4 2 1 1 441 619 673 442
3849 4 2 1 1 17 460 15 637
3850 4 2 1 1 670 359 375 493
3851 4 2 1 1 421 658 689 598
3852 4 2 1 1 528 502 679 672
3853 4 2 1 1 31 39 678 38
3854 4 2 1 1 486 663 150 630
3855 4 2 1 1 133 653 477 654
3856 4 2 1 1 382 559 684 469
3857 4 2 1 1 359 670 375 536
3858 4 2 1 1 473 523 700 352
3859 4 2 1 1 583 404 695 581
3860 4 2 1 1 2 479 6 656
3861 4 2 1 1 633 418 523 595
3862 4 2 1 1 608 380 651 557
3863 4 2 1 1 55 509 378 686
3864 4 2 1 1 645 468 558 683
3865 4 2 1 1 559 684 144 382
3866 4 2 1 1 699 525 87 146
3867 4 2 1 1 417 172 114 113
3868 4 2 1 1 381 558 683 1535
3869 4 2 1 1 615 522 437 438
3870 4 2 1 1 90 528 486 351
3871 4 2 1 1 469 646 517 482
3872 4 2 1 1 700 529 510 687
3873 4 2 1 1 460 17 15 12
3874 4 2 1 1 601 503 111 680
3875 4 2 1 1 654 477 132 686
3876 4 2 1 1 528 89 662 351
3877 4 2 1 1 486 150 91 630
3878 4 2 1 1 62 61 120 515
3879 4 2 1 1 381 683 506 1535
3880 4 2 1 1 674 446 624 497
3881 4 2 1 1 46 54 47 488
3882 4 2 1 1 688 18 606 511
3883 4 2 1 1 672 351 502 495
3884 4 2 1 1 614 437 615 699
3885 4 2 1 1 696 106 165 612
3886 4 2 1 1 699 348 87 525
3887 4 2 1 1 3 49 42 508
3888 4 2 1 1 659 517 588 694
3889 4 2 1 1 534 516 451 357
3890 4 2 1 1 1 6 479 5
3891 4 2 1 1 469 559 684 646
3892 4 2 1 1 122 355 532 666
3893 4 2 1 1 446 447 624 497
3894 4 2 1 1 532 446 623 674
3895 4 2 1 1 511 688 18 430
3896 4 2 1 1 504 37 648 681
3897 4 2 1 1 169 110 601 676
3898 4 2 1 1 698 530 131 521
3899 4 2 1 1 110 424 601 676
3900 4 2 1 1 689 680 503 598
3901 4 2 1 1 47 55 48 378
3902 4 2 1 1 460 637 667 608
3903 4 2 1 1 348 699 87 522
3904 4 2 1 1 514 691 638 690
3905 4 2 1 1 700 529 352 510
3906 4 2 1 1 360 537 661 496
3907 4 2 1 1 632 427 604 674
3908 4 2 1 1 499 420 678 501
3909 4 2 1 1 6 1 479 2
3910 4 2 1 1 507 144 382 85
3911 4 2 1 1 10 15 12 460
3912 4 2 1 1 502 528 662 351
3913 4 2 1 1 662 485 438 502
3914 4 2 1 1 529 473 700 352
3915 4 2 1 1 661 484 360 496
3916 4 2 1 1 130 698 354 531
3917 4 2 1 1 530 353 131 521
3918 4 2 1 1 378 555 55 686
3919 4 2 1 1 435 436 613 682
3920 4 2 1 1 514 591 484 691
3921 4 2 1 1 78 136 651 77
3922 4 2 1 1 520 676 424 499
3923 4 2 1 1 617 530 698 440
3924 4 2 1 1 676 420 678 499
3925 4 2 1 1 55 509 7 48
3926 4 2 1 1 446 532 515 355
3927 4 2 1 1 675 504 415 681
3928 4 2 1 1 639 559 462 482
3929 4 2 1 1 105 164 519 1532
3930 4 2 1 1 691 514 591 690
3931 4 2 1 1 608 490 460 431
3932 4 2 1 1 624 623 446 674
3933 4 2 1 1 659 646 559 482
3934 4 2 1 1 678 420 32 501
3935 4 2 1 1 134 75 74 476
3936 4 2 1 1 353 72 131 521
3937 4 2 1 1 123 473 489 650
3938 4 2 1 1 591 514 484 414
3939 4 2 1 1 610 534 357 516
3940 4 2 1 1 502 615 662 679
3941 4 2 1 1 591 661 484 691
3942 4 2 1 1 659 411 588 517
3943 4 2 1 1 652 513 524 690
3944 4 2 1 1 423 552 667 600
3945 4 2 1 1 37 504 648 30
3946 4 2 1 1 593 492 669 665
3947 4 2 1 1 652 591 414 513
3948 4 2 1 1 508 49 377 685
3949 4 2 1 1 492 665 378 669
3950 4 2 1 1 91 486 630 453
3951 4 2 1 1 514 414 591 513
3952 4 2 1 1 554 49 685 377
3953 4 2 1 1 504 675 415 498
3954 4 2 1 1 121 515 532 355
3955 4 2 1 1 355 674 446 532
3956 4 2 1 1 552 423 667 375
3957 4 2 1 1 415 539 603 592
3958 4 2 1 1 603 675 415 592
3959 4 2 1 1 539 362 107 415
3960 4 2 1 1 524 513 475 347
3961 4 2 1 1 659 517 646 482
3962 4 2 1 1 502 528 351 672
3963 4 2 1 1 601 111 170 680
3964 4 2 1 1 559 639 659 482
3965 4 2 1 1 424 503 111 601
3966 4 2 1 1 675 36 504 681
3967 4 2 1 1 503 512 689 421
3968 4 2 1 1 600 17 460 423
3969 4 2 1 1 424 110 499 676
3970 4 2 1 1 509 55 378 48
3971 4 2 1 1 490 460 667 608
3972 4 2 1 1 635 679 502 672
3973 4 2 1 1 650 473 700 529
3974 4 2 1 1 421 689 503 598
3975 4 2 1 1 498 36 504 675
3976 4 2 1 1 502 458 635 495
3977 4 2 1 1 6 479 556 656
3978 4 2 1 1 615 502 662 438
3979 4 2 1 1 637 17 460 600
3980 4 2 1 1 504 29 36 498
3981 4 2 1 1 109 501 636 459
3982 4 2 1 1 414 475 652 513
3983 4 2 1 1 670 375 552 667
3984 4 2 1 1 672 502 635 495
3985 4 2 1 1 6 379 479 5
3986 4 2 1 1 17 12 460 423
3987 4 2 1 1 109 678 636 501
3988 4 2 1 1 379 6 479 556
3989 4 2 1 1 49 508 377 42
3990 4 2 1 1 678 109 636 168
3991 4 2 1 1 659 411 517 482
3992 4 2 1 1 670 375 667 493
3993 4 2 1 1 667 423 600 460
3994 4 2 1 1 700 473 595 523
3995 4 2 1 1 667 460 600 637
3996 4 2 1 1 375 423 667 490
3997 4 2 1 1 30 648 471 504
3998 4 2 1 1 523 473 595 418
3999 4 2 1 1 675 681 415 592
4000 4 2 1 1 513 652 524 475
4001 4 2 1 1 108 636 648 459
4002 4 2 1 1 667 493 375 490
4003 4 2 1 1 504 648 415 681
4004 4 2 1 1 636 108 109 459
4005 4 2 1 1 108 636 109 168
4006 4 2 1 1 667 423 460 490
4007 4 2 1 1 473 700 595 650
4008 4 2 1 1 108 636 167 648
4009 4 2 1 1 648 108 459 471
4010 4 2 1 1 169 110 676 1531
4011 4 2 1 1 108 636 168 167
4012 4 2 1 1 415 681 648 592
4013 4 2 1 1 648 504 415 471
4014 4 2 1 1 110 499 676 1531
4015 4 2 1 1 106 105 519 1532
4016 4 2 1 1 92 93 357 1533
4017 4 2 1 1 545 547 614 1534
4018 4 2 1 1 169 676 168 1531
4019 4 2 1 1 110 109 499 1531
4020 4 2 1 1 80 381 506 1535
4021 4 2 1 1 139 683 558 1535
4022 4 2 1 1 370 368 437 1534
4023 4 2 1 1 152 151 534 1533
4024 4 2 1 1 165 696 164 1532
4025 4 2 1 1 614 1534 370 437
4026 4 2 1 1 370 1534 614 547
4027 4 2 1 1 370 376 614 437
4028 4 2 1 1 614 376 370 547
4029 4 2 1 1 648 167 415 592
4030 4 2 1 1 648 415 167 108
4031 4 2 1 1 107 167 415 108
4032 4 2 1 1 1531 676 109 499
4033 4 2 1 1 1531 109 676 168
4034 4 2 1 1 678 109 676 499
4035 4 2 1 1 678 676 109 168
4036 4 2 1 1 167 415 166 107
4037 4 2 1 1 167 166 415 592
4038 4 2 1 1 539 166 415 107
4039 4 2 1 1 539 415 166 592
4040 4 2 2 31 99 1566 1806 1845
4041 4 2 2 31 1200 1559 1723 1871
4042 4 2 2 31 1630 1707 1226 1726
4043 4 2 2 31 1587 1332 1660 1907
4044 4 2 2 31 86 1536 1629 1832
4045 4 2 2 31 86 1783 1536 1832
4046 4 2 2 31 909 1808 1551 1842
4047 4 2 2 31 909 1551 1808 1848
4048 4 2 2 31 1005 1004 1018 1787
4049 4 2 2 31 869 1767 1749 1877
4050 4 2 2 31 1552 1631 1232 1669
4051 4 2 2 31 1587 1628 1332 1907
4052 4 2 2 31 372 1659 1558 1741
4053 4 2 2 31 365 1704 1814 1815
4054 4 2 2 31 476 1654 1573 1780
4055 4 2 2 31 1599 1779 503 1860
4056 4 2 2 31 838 1808 909 1842
4057 4 2 2 31 1630 1726 1199 1897
4058 4 2 2 31 1851 1858 1555 1873
4059 4 2 2 31 1661 1674 1636 1719
4060 4 2 2 31 1581 1635 908 1872
4061 4 2 2 31 494 1636 1674 1719
4062 4 2 2 31 1560 1630 1199 1897
4063 4 2 2 31 1358 1679 1615 1835
4064 4 2 2 31 1253 1660 1332 1907
4065 4 2 2 31 372 376 1659 1741
4066 4 2 2 31 1578 1617 79 1783
4067 4 2 2 31 1545 1674 1661 1719
4068 4 2 2 31 1272 1596 1371 1743
4069 4 2 2 31 1584 1712 1106 1800
4070 4 2 2 31 1670 1593 1766 1889
4071 4 2 2 31 521 1683 1652 1898
4072 4 2 2 31 1235 1658 1247 1894
4073 4 2 2 31 841 1581 908 1872
4074 4 2 2 31 1571 1720 1466 1796
4075 4 2 2 31 1199 1630 1560 1734
4076 4 2 2 31 1200 1713 1559 1871
4077 4 2 2 31 1146 1567 1314 1821
4078 4 2 2 31 840 1731 1621 1777
4079 4 2 2 31 1106 1712 1584 1771
4080 4 2 2 31 1562 1630 1251 1843
4081 4 2 2 31 1612 1698 1593 1889
4082 4 2 2 31 1558 1659 372 1759
4083 4 2 2 31 1247 1658 1800 1894
4084 4 2 2 31 1538 57 1828 1887
4085 4 2 2 31 1200 1559 1202 1723
4086 4 2 2 31 360 1889 1698 1951
4087 4 2 2 31 1314 1567 1146 1971
4088 4 2 2 31 1791 1849 1577 1850
4089 4 2 2 31 94 1551 909 1742
4090 4 2 2 31 1723 1555 1858 1873
4091 4 2 2 31 99 1566 98 1810
4092 4 2 2 31 86 1629 1536 1783
4093 4 2 2 31 390 1849 1637 1883
4094 4 2 2 31 1578 1783 79 1905
4095 4 2 2 31 1639 1710 1579 1876
4096 4 2 2 31 1235 1633 1564 1894
4097 4 2 2 31 1215 1590 1649 1743
4098 4 2 2 31 1538 1722 1649 1908
4099 4 2 2 31 98 1566 99 1845
4100 4 2 2 31 94 909 1551 1842
4101 4 2 2 31 1670 1766 1593 1833
4102 4 2 2 31 494 1674 1636 1956
4103 4 2 2 31 98 1681 1566 1845
4104 4 2 2 31 390 388 1849 1883
4105 4 2 2 31 1620 1828 57 1887
4106 4 2 2 31 732 1649 1590 1743
4107 4 2 2 31 1469 1767 869 1877
4108 4 2 2 31 1244 1604 756 1725
4109 4 2 2 31 1206 1858 1851 1873
4110 4 2 2 31 978 880 1595 1772
4111 4 2 2 31 1146 1567 1679 1745
4112 4 2 2 31 1555 1621 65 1731
4113 4 2 2 31 1105 1106 1584 1771
4114 4 2 2 31 1105 1584 1106 1800
4115 4 2 2 31 1069 1552 1232 1669
4116 4 2 2 31 1567 1745 1146 1971
4117 4 2 2 31 74 1624 1786 1914
4118 4 2 2 31 1564 1633 1235 1658
4119 4 2 2 31 388 1849 1791 1850
4120 4 2 2 31 79 1617 1578 1749
4121 4 2 2 31 1644 1752 760 1793
4122 4 2 2 31 1698 1889 1612 1951
4123 4 2 2 31 1382 1251 1630 1843
4124 4 2 2 31 1634 1555 1851 1858
4125 4 2 2 31 86 1732 1629 1783
4126 4 2 2 31 92 1727 1600 1848
4127 4 2 2 31 1303 1616 1261 1691
4128 4 2 2 31 508 1671 1574 1778
4129 4 2 2 31 1552 1536 1732 1783
4130 4 2 2 31 1464 1571 1466 1796
4131 4 2 2 31 98 1566 1681 1810
4132 4 2 2 31 1575 1752 1644 1793
4133 4 2 2 31 1618 1746 1628 1937
4134 4 2 2 31 1339 1224 1223 1575
4135 4 2 2 31 1224 1575 1339 1751
4136 4 2 2 31 1358 1318 1615 1679
4137 4 2 2 31 1542 1814 1704 1815
4138 4 2 2 31 1557 1294 1657 1675
4139 4 2 2 31 1075 1573 1757 1831
4140 4 2 2 31 1307 1689 1583 1706
4141 4 2 2 31 57 1538 1717 1887
4142 4 2 2 31 973 1611 938 1787
4143 4 2 2 31 365 385 1704 1815
4144 4 2 2 31 1251 1630 1562 1707
4145 4 2 2 31 1560 1726 1630 1897
4146 4 2 2 31 1466 1571 1465 1720
4147 4 2 2 31 1636 1661 1556 1674
4148 4 2 2 31 1448 1710 1639 1876
4149 4 2 2 31 840 1621 66 1777
4150 4 2 2 31 372 1558 1759 1903
4151 4 2 2 31 965 1581 841 1668
4152 4 2 2 31 872 87 1775 1832
4153 4 2 2 31 1226 1707 1250 1726
4154 4 2 2 31 1665 1722 1620 1750
4155 4 2 2 31 1272 1371 1271 1743
4156 4 2 2 31 929 763 1644 1752
4157 4 2 2 31 1670 1766 1747 1889
4158 4 2 2 31 1487 503 1779 1860
4159 4 2 2 31 1448 1639 1579 1876
4160 4 2 2 31 998 984 1618 1746
4161 4 2 2 31 905 1731 840 1777
4162 4 2 2 31 1618 998 1746 1937
4163 4 2 2 31 825 813 1599 1778
4164 4 2 2 31 1200 1202 1559 1812
4165 4 2 2 31 1606 1775 889 1823
4166 4 2 2 31 1022 1618 1717 1834
4167 4 2 2 31 57 1717 1538 1828
4168 4 2 2 31 505 385 365 1815
4169 4 2 2 31 1215 1722 1590 1743
4170 4 2 2 31 1180 1722 1665 1750
4171 4 2 2 31 1221 1585 1821 1824
4172 4 2 2 31 905 961 1731 1811
4173 4 2 2 31 1075 1573 1083 1757
4174 4 2 2 31 1138 1586 1133 1761
4175 4 2 2 31 984 1618 1746 1955
4176 4 2 2 31 736 1590 849 1667
4177 4 2 2 31 804 1688 1582 1902
4178 4 2 2 31 1341 1199 1630 1726
4179 4 2 2 31 79 1749 1578 1905
4180 4 2 2 31 1354 1725 1576 1776
4181 4 2 2 31 1140 1774 1647 1869
4182 4 2 2 31 1069 1232 1631 1669
4183 4 2 2 31 1586 1656 1133 1761
4184 4 2 2 31 1390 1797 1572 1831
4185 4 2 2 31 1457 1735 1668 1769
4186 4 2 2 31 1358 1159 1679 1835
4187 4 2 2 31 803 7 1680 1688
4188 4 2 2 31 1579 1639 1448 1852
4189 4 2 2 31 1203 1581 1720 1735
4190 4 2 2 31 1221 1821 1715 1824
4191 4 2 2 31 889 1775 1606 1832
4192 4 2 2 31 1199 1734 1560 1897
4193 4 2 2 31 1642 1717 994 1941
4194 4 2 2 31 804 1680 1582 1688
4195 4 2 2 31 763 760 1644 1752
4196 4 2 2 31 932 1624 74 1914
4197 4 2 2 31 1612 1646 1593 1698
4198 4 2 2 31 1652 1683 1544 1898
4199 4 2 2 31 1187 1203 1581 1817
4200 4 2 2 31 1224 1223 1575 1718
4201 4 2 2 31 1536 1610 1578 1682
4202 4 2 2 31 1495 1654 1573 1757
4203 4 2 2 31 508 1574 377 1778
4204 4 2 2 31 1629 1732 1536 1783
4205 4 2 2 31 1574 1671 508 1813
4206 4 2 2 31 728 1692 1596 1925
4207 4 2 2 31 1657 1675 1182 1774
4208 4 2 2 31 1133 1656 1586 1733
4209 4 2 2 31 1564 1800 1658 1894
4210 4 2 2 31 1438 1608 1767 1877
4211 4 2 2 31 476 1573 74 1786
4212 4 2 2 31 842 1585 1765 1777
4213 4 2 2 31 1117 1140 1647 1869
4214 4 2 2 31 929 1752 1644 1957
4215 4 2 2 31 842 1765 1585 1946
4216 4 2 2 31 1223 1575 1718 1844
4217 4 2 2 31 842 1585 1777 1946
4218 4 2 2 31 995 1019 994 1717
4219 4 2 2 31 1705 1805 454 1836
4220 4 2 2 31 1524 1631 1500 1669
4221 4 2 2 31 904 1847 1557 1848
4222 4 2 2 31 1587 1747 409 1802
4223 4 2 2 31 849 939 942 1590
4224 4 2 2 31 1551 909 1742 1848
4225 4 2 2 31 1272 733 1596 1743
4226 4 2 2 31 521 72 1683 1898
4227 4 2 2 31 1294 1557 1769 1875
4228 4 2 2 31 1555 1603 1723 1858
4229 4 2 2 31 1555 1731 65 1866
4230 4 2 2 31 1538 1620 1722 1750
4231 4 2 2 31 1579 1852 1448 1876
4232 4 2 2 31 1101 1232 1069 1552
4233 4 2 2 31 1501 1573 1495 1780
4234 4 2 2 31 1332 1628 1587 1861
4235 4 2 2 31 1670 1747 1540 1889
4236 4 2 2 31 1661 1297 1758 1952
4237 4 2 2 31 1339 1575 1223 1793
4238 4 2 2 31 1548 1693 1588 1705
4239 4 2 2 31 994 1717 1642 1834
4240 4 2 2 31 1215 1649 1045 1743
4241 4 2 2 31 1261 1353 1571 1796
4242 4 2 2 31 1581 1668 965 1695
4243 4 2 2 31 1406 829 885 1606
4244 4 2 2 31 1616 1629 1536 1832
4245 4 2 2 31 1590 1649 1538 1722
4246 4 2 2 31 933 1606 889 1823
4247 4 2 2 31 1210 1715 1221 1821
4248 4 2 2 31 1578 1610 1536 1783
4249 4 2 2 31 1159 1562 1251 1843
4250 4 2 2 31 1224 1730 1575 1751
4251 4 2 2 31 1267 1391 1079 1684
4252 4 2 2 31 360 1612 1889 1951
4253 4 2 2 31 1766 1833 1670 1861
4254 4 2 2 31 1210 1221 1715 1824
4255 4 2 2 31 1353 1720 1571 1796
4256 4 2 2 31 1628 1746 998 1937
4257 4 2 2 31 838 955 909 1808
4258 4 2 2 31 831 57 1620 1828
4259 4 2 2 31 1557 1727 904 1848
4260 4 2 2 31 1629 1775 87 1832
4261 4 2 2 31 1616 1775 1629 1832
4262 4 2 2 31 365 1704 367 1814
4263 4 2 2 31 1562 1679 1159 1835
4264 4 2 2 31 736 849 1590 1880
4265 4 2 2 31 1343 1294 1557 1769
4266 4 2 2 31 872 1775 889 1832
4267 4 2 2 31 1749 1767 1608 1877
4268 4 2 2 31 435 363 519 1721
4269 4 2 2 31 1200 1723 1202 1871
4270 4 2 2 31 1235 1564 1658 1894
4271 4 2 2 31 1580 1654 76 1809
4272 4 2 2 31 1536 1552 1697 1783
4273 4 2 2 31 1180 1665 1157 1750
4274 4 2 2 31 1580 1767 927 1826
4275 4 2 2 31 1105 1584 1676 1771
4276 4 2 2 31 1129 1689 1307 1706
4277 4 2 2 31 841 965 908 1581
4278 4 2 2 31 397 454 1805 1836
4279 4 2 2 31 505 1721 1542 1815
4280 4 2 2 31 76 927 1580 1900
4281 4 2 2 31 1459 1735 1457 1769
4282 4 2 2 31 1583 1689 1307 1709
4283 4 2 2 31 994 1021 1034 1598
4284 4 2 2 31 494 487 1636 1719
4285 4 2 2 31 1548 1705 1588 1805
4286 4 2 2 31 904 1727 1557 1847
4287 4 2 2 31 939 1590 849 1880
4288 4 2 2 31 1555 1634 1603 1858
4289 4 2 2 31 472 1622 1779 1813
4290 4 2 2 31 1075 1083 1573 1868
4291 4 2 2 31 65 1621 1555 1882
4292 4 2 2 31 1596 1667 728 1925
4293 4 2 2 31 57 58 1620 1887
4294 4 2 2 31 76 1580 1809 1900
4295 4 2 2 31 1075 1573 1756 1868
4296 4 2 2 31 1343 1557 1294 1735
4297 4 2 2 31 468 1698 360 1889
4298 4 2 2 31 1581 1203 1720 1817
4299 4 2 2 31 908 1581 965 1695
4300 4 2 2 31 1465 1466 1464 1571
4301 4 2 2 31 841 1668 1581 1727
4302 4 2 2 31 1001 1002 1028 1593
4303 4 2 2 31 1267 1574 1364 1753
4304 4 2 2 31 1215 1649 1590 1722
4305 4 2 2 31 849 1590 942 1667
4306 4 2 2 31 1538 1828 1620 1887
4307 4 2 2 31 1267 1684 1574 1753
4308 4 2 2 31 1208 1332 1628 1907
4309 4 2 2 31 998 1032 984 1746
4310 4 2 2 31 933 889 1606 1832
4311 4 2 2 31 905 840 66 1777
4312 4 2 2 31 489 1703 1740 1862
4313 4 2 2 31 1582 1680 967 1688
4314 4 2 2 31 58 831 57 1620
4315 4 2 2 31 1235 1164 1633 1894
4316 4 2 2 31 1400 1067 1524 1669
4317 4 2 2 31 1722 1750 1180 1908
4318 4 2 2 31 1700 1758 1297 1952
4319 4 2 2 31 909 1808 1614 1848
4320 4 2 2 31 468 1593 1698 1889
4321 4 2 2 31 1587 1747 1670 1766
4322 4 2 2 31 74 1786 1573 1914
4323 4 2 2 31 76 1654 1580 1914
4324 4 2 2 31 1661 1758 1700 1952
4325 4 2 2 31 1588 1705 1693 1836
4326 4 2 2 31 1314 1715 1567 1971
4327 4 2 2 31 1495 1573 1501 1757
4328 4 2 2 31 1582 1680 804 1902
4329 4 2 2 31 44 1599 813 1778
4330 4 2 2 31 908 1635 1581 1948
4331 4 2 2 31 1669 1678 1498 1830
4332 4 2 2 31 1573 1780 1501 1831
4333 4 2 2 31 1438 1767 1469 1877
4334 4 2 2 31 99 98 356 1810
4335 4 2 2 31 1545 1663 1569 1664
4336 4 2 2 31 1307 1706 1583 1913
4337 4 2 2 31 1364 1753 1574 1801
4338 4 2 2 31 1536 1676 1552 1732
4339 4 2 2 31 1653 1829 480 1887
4340 4 2 2 31 1075 1756 1573 1831
4341 4 2 2 31 1067 1631 1524 1669
4342 4 2 2 31 489 1703 63 1740
4343 4 2 2 31 701 1045 1649 1743
4344 4 2 2 31 1600 1675 1657 1774
4345 4 2 2 31 1101 1552 1676 1803
4346 4 2 2 31 928 1644 1933 1957
4347 4 2 2 31 1187 1581 1735 1817
4348 4 2 2 31 365 385 367 1704
4349 4 2 2 31 995 1717 994 1834
4350 4 2 2 31 1595 1707 1630 1726
4351 4 2 2 31 1080 1576 1354 1844
4352 4 2 2 31 1538 1750 1722 1908
4353 4 2 2 31 1001 1593 1766 1833
4354 4 2 2 31 908 1581 1695 1948
4355 4 2 2 31 1598 1642 994 1941
4356 4 2 2 31 1159 1358 1251 1835
4357 4 2 2 31 1614 1808 1551 1848
4358 4 2 2 31 1617 1678 1669 1830
4359 4 2 2 31 728 712 1692 1925
4360 4 2 2 31 904 960 1847 1848
4361 4 2 2 31 1339 1751 1575 1793
4362 4 2 2 31 1159 1251 1562 1835
4363 4 2 2 31 480 1802 1653 1887
4364 4 2 2 31 1004 1787 1005 1792
4365 4 2 2 31 872 87 889 1775
4366 4 2 2 31 994 1598 1034 1642
4367 4 2 2 31 1545 1569 1674 1954
4368 4 2 2 31 1576 1933 1644 1957
4369 4 2 2 31 999 1746 1628 1861
4370 4 2 2 31 1028 1001 1593 1766
4371 4 2 2 31 1294 1675 1557 1875
4372 4 2 2 31 1204 1261 1571 1691
4373 4 2 2 31 1261 1353 1204 1571
4374 4 2 2 31 1272 1271 733 1743
4375 4 2 2 31 1002 1593 1001 1833
4376 4 2 2 31 927 878 76 1580
4377 4 2 2 31 847 1611 1475 1710
4378 4 2 2 31 1537 1665 1620 1750
4379 4 2 2 31 905 1777 964 1811
4380 4 2 2 31 1200 1559 1713 1812
4381 4 2 2 31 1610 1819 1682 1920
4382 4 2 2 31 1202 1723 1559 1812
4383 4 2 2 31 1021 1598 994 1941
4384 4 2 2 31 1593 1646 1612 1889
4385 4 2 2 31 1595 1630 1560 1726
4386 4 2 2 31 709 756 1244 1604
4387 4 2 2 31 841 1727 1581 1872
4388 4 2 2 31 955 1614 909 1808
4389 4 2 2 31 1649 1722 1215 1908
4390 4 2 2 31 1749 1830 1570 1900
4391 4 2 2 31 78 1830 1749 1900
4392 4 2 2 31 1573 1083 1757 1868
4393 4 2 2 31 1354 1246 1725 1776
4394 4 2 2 31 1354 1576 1080 1776
4395 4 2 2 31 1567 1715 1314 1821
4396 4 2 2 31 1341 1630 1226 1726
4397 4 2 2 31 78 1809 1830 1900
4398 4 2 2 31 465 1651 1583 1885
4399 4 2 2 31 1075 1757 1065 1831
4400 4 2 2 31 829 1606 1406 1610
4401 4 2 2 31 1336 1568 1851 1870
4402 4 2 2 31 804 803 1680 1688
4403 4 2 2 31 840 905 961 1731
4404 4 2 2 31 878 1580 927 1826
4405 4 2 2 31 1329 1722 1743 1881
4406 4 2 2 31 1001 1833 1766 1861
4407 4 2 2 31 348 1629 1732 1970
4408 4 2 2 31 732 701 1649 1743
4409 4 2 2 31 847 1475 892 1710
4410 4 2 2 31 1627 1879 1609 1895
4411 4 2 2 31 1627 1736 1879 1895
4412 4 2 2 31 94 1551 1742 1842
4413 4 2 2 31 1715 1821 1585 1824
4414 4 2 2 31 1204 1571 1353 1720
4415 4 2 2 31 880 978 884 1772
4416 4 2 2 31 78 1809 474 1830
4417 4 2 2 31 1555 1641 1703 1788
4418 4 2 2 31 1600 1727 1557 1848
4419 4 2 2 31 1161 1162 1734 1843
4420 4 2 2 31 1465 1571 1464 1823
4421 4 2 2 31 1628 1746 1618 1955
4422 4 2 2 31 476 75 1573 1654
4423 4 2 2 31 1616 1606 1775 1832
4424 4 2 2 31 712 728 1667 1925
4425 4 2 2 31 750 1724 1604 1772
4426 4 2 2 31 1377 1390 1082 1797
4427 4 2 2 31 1232 1552 1101 1803
4428 4 2 2 31 76 1580 878 1914
4429 4 2 2 31 1251 1707 1562 1835
4430 4 2 2 31 803 7 915 1680
4431 4 2 2 31 476 1780 1573 1786
4432 4 2 2 31 1294 1182 1657 1675
4433 4 2 2 31 751 1707 1595 1726
4434 4 2 2 31 1588 1805 1705 1836
4435 4 2 2 31 1200 1355 1202 1812
4436 4 2 2 31 1637 1849 1577 1883
4437 4 2 2 31 1199 1726 1341 1897
4438 4 2 2 31 967 1582 1688 1786
4439 4 2 2 31 1161 1843 1734 1853
4440 4 2 2 31 1075 1083 1065 1757
4441 4 2 2 31 1571 1635 1581 1691
4442 4 2 2 31 1586 1761 1138 1909
4443 4 2 2 31 882 1749 925 1767
4444 4 2 2 31 996 1618 1022 1834
4445 4 2 2 31 1331 1658 1633 1911
4446 4 2 2 31 1019 994 1717 1941
4447 4 2 2 31 1573 1654 1495 1780
4448 4 2 2 31 92 1600 1742 1848
4449 4 2 2 31 1250 1707 751 1726
4450 4 2 2 31 1253 1332 1208 1907
4451 4 2 2 31 1615 1679 1562 1835
4452 4 2 2 31 1223 1793 1575 1844
4453 4 2 2 31 1691 1720 1203 1817
4454 4 2 2 31 964 1777 1765 1811
4455 4 2 2 31 1598 1717 1642 1941
4456 4 2 2 31 1541 1693 1705 1836
4457 4 2 2 31 1204 1691 1571 1720
4458 4 2 2 31 1574 1744 1622 1779
4459 4 2 2 31 430 1654 476 1780
4460 4 2 2 31 1221 1821 1585 1864
4461 4 2 2 31 1545 1569 1663 1674
4462 4 2 2 31 472 499 520 1779
4463 4 2 2 31 1194 1711 1568 1824
4464 4 2 2 31 1647 1774 1577 1869
4465 4 2 2 31 1604 1725 1246 1776
4466 4 2 2 31 1224 1718 1575 1730
4467 4 2 2 31 1005 1787 1770 1792
4468 4 2 2 31 1343 1557 1735 1769
4469 4 2 2 31 1457 1769 1668 1847
4470 4 2 2 31 1101 1676 1552 1697
4471 4 2 2 31 1464 1571 1796 1823
4472 4 2 2 31 1552 1678 1617 1923
4473 4 2 2 31 804 1768 1688 1902
4474 4 2 2 31 1682 1536 1918 1972
4475 4 2 2 31 1600 1727 453 1791
4476 4 2 2 31 1406 885 1461 1606
4477 4 2 2 31 1105 1676 1584 1803
4478 4 2 2 31 57 1717 1618 1887
4479 4 2 2 31 1232 1631 1552 1803
4480 4 2 2 31 377 1778 1574 1779
4481 4 2 2 31 1678 1830 1617 1923
4482 4 2 2 31 1461 1606 885 1823
4483 4 2 2 31 1126 1754 1689 1973
4484 4 2 2 31 803 915 792 1680
4485 4 2 2 31 494 1719 1674 1954
4486 4 2 2 31 465 1583 1651 1810
4487 4 2 2 31 1244 756 1056 1725
4488 4 2 2 31 1156 1907 1665 1909
4489 4 2 2 31 1210 1221 1222 1821
4490 4 2 2 31 1302 1712 1638 1924
4491 4 2 2 31 905 964 961 1811
4492 4 2 2 31 78 1617 1749 1830
4493 4 2 2 31 1536 1682 1578 1972
4494 4 2 2 31 1546 1587 1660 1958
4495 4 2 2 31 1576 1725 1354 1844
4496 4 2 2 31 1568 1336 1824 1870
4497 4 2 2 31 78 1617 79 1749
4498 4 2 2 31 1590 1743 1565 1854
4499 4 2 2 31 1501 1757 1573 1831
4500 4 2 2 31 1565 1743 1667 1854
4501 4 2 2 31 1661 1663 1556 1674
4502 4 2 2 31 1034 1642 1598 1981
4503 4 2 2 31 914 1828 1620 1854
4504 4 2 2 31 1332 1587 1685 1861
4505 4 2 2 31 1307 1583 1672 1913
4506 4 2 2 31 1574 1779 1622 1813
4507 4 2 2 31 1681 1845 834 1876
4508 4 2 2 31 398 1588 396 1690
4509 4 2 2 31 1390 1082 1797 1831
4510 4 2 2 31 1552 1676 1536 1697
4511 4 2 2 31 1495 1654 1526 1780
4512 4 2 2 31 1475 1413 892 1710
4513 4 2 2 31 465 1583 1822 1885
4514 4 2 2 31 1630 1683 1560 1785
4515 4 2 2 31 1217 1639 1539 1789
4516 4 2 2 31 847 1475 1611 1892
4517 4 2 2 31 1316 1709 1699 1904
4518 4 2 2 31 451 1627 1742 1836
4519 4 2 2 31 1150 1156 1665 1909
4520 4 2 2 31 488 378 1840 1855
4521 4 2 2 31 396 398 397 1588
4522 4 2 2 31 1536 1578 1783 1972
4523 4 2 2 31 1255 1685 1670 1861
4524 4 2 2 31 1307 1672 1583 1904
4525 4 2 2 31 1618 1717 1538 1887
4526 4 2 2 31 1646 1770 1539 1789
4527 4 2 2 31 1571 1695 1465 1720
4528 4 2 2 31 1206 1723 1858 1873
4529 4 2 2 31 1581 1635 1571 1948
4530 4 2 2 31 1194 1568 1336 1824
4531 4 2 2 31 1159 1679 1562 1843
4532 4 2 2 31 904 1668 1727 1847
4533 4 2 2 31 1571 1691 1581 1720
4534 4 2 2 31 1147 1679 1602 1745
4535 4 2 2 31 1581 1720 1691 1817
4536 4 2 2 31 1235 1633 1331 1658
4537 4 2 2 31 1465 1695 1571 1823
4538 4 2 2 31 1560 1683 1630 1910
4539 4 2 2 31 1413 1710 1448 1876
4540 4 2 2 31 92 453 1600 1727
4541 4 2 2 31 398 397 1588 1940
4542 4 2 2 31 1123 1693 1662 1754
4543 4 2 2 31 1655 1933 1576 1957
4544 4 2 2 31 1590 1667 1743 1854
4545 4 2 2 31 1288 1146 1314 1821
4546 4 2 2 31 1187 1735 1657 1817
4547 4 2 2 31 1661 1700 1554 1952
4548 4 2 2 31 1763 1765 1585 1864
4549 4 2 2 31 1610 1819 1441 1905
4550 4 2 2 31 494 457 1719 1954
4551 4 2 2 31 1146 1679 1147 1745
4552 4 2 2 31 1630 1734 1162 1843
4553 4 2 2 31 1164 1853 1633 1894
4554 4 2 2 31 1596 1667 1565 1743
4555 4 2 2 31 1640 1681 834 1876
4556 4 2 2 31 1297 1661 1306 1745
4557 4 2 2 31 1412 1469 869 1877
4558 4 2 2 31 1212 1770 1539 1792
4559 4 2 2 31 1041 1466 1720 1796
4560 4 2 2 31 397 454 394 1805
4561 4 2 2 31 925 1749 869 1767
4562 4 2 2 31 1202 1723 1201 1871
4563 4 2 2 31 75 1573 1654 1914
4564 4 2 2 31 1218 1579 1789 1959
4565 4 2 2 31 101 360 1698 1951
4566 4 2 2 31 7 967 1680 1688
4567 4 2 2 31 1588 1754 1714 1929
4568 4 2 2 31 1022 1717 995 1834
4569 4 2 2 31 397 1836 1588 1940
4570 4 2 2 31 1652 1737 521 1898
4571 4 2 2 31 1079 1744 1730 1801
4572 4 2 2 31 1545 1663 1661 1674
4573 4 2 2 31 914 831 1620 1828
4574 4 2 2 31 1199 1857 1734 1897
4575 4 2 2 31 1582 1786 1624 1868
4576 4 2 2 31 1024 1833 1698 1975
4577 4 2 2 31 1297 1661 1745 1952
4578 4 2 2 31 933 885 829 1606
4579 4 2 2 31 1542 1658 1633 1704
4580 4 2 2 31 1587 1546 1747 1958
4581 4 2 2 31 1497 1830 1570 1865
4582 4 2 2 31 1212 1539 1770 1789
4583 4 2 2 31 965 1668 895 1695
4584 4 2 2 31 1157 1750 1665 1907
4585 4 2 2 31 1734 1843 1544 1853
4586 4 2 2 31 842 1777 1694 1946
4587 4 2 2 31 1621 1731 1568 1777
4588 4 2 2 31 416 488 481 1594
4589 4 2 2 31 1364 1079 1730 1801
4590 4 2 2 31 436 1591 1704 1721
4591 4 2 2 31 1579 1218 1852 1959
4592 4 2 2 31 1200 1202 1201 1871
4593 4 2 2 31 1182 1774 1675 1825
4594 4 2 2 31 422 1783 423 1923
4595 4 2 2 31 1665 1750 1537 1907
4596 4 2 2 31 1584 1629 1741 1970
4597 4 2 2 31 1430 1795 1582 1820
4598 4 2 2 31 1622 1744 1507 1779
4599 4 2 2 31 1552 1669 1617 1678
4600 4 2 2 31 942 1590 939 1854
4601 4 2 2 31 895 1668 1409 1695
4602 4 2 2 31 1536 1783 1697 1972
4603 4 2 2 31 1606 1610 950 1832
4604 4 2 2 31 1212 1770 1646 1789
4605 4 2 2 31 63 1703 1687 1740
4606 4 2 2 31 1587 1802 1660 1958
4607 4 2 2 31 1560 1785 1683 1910
4608 4 2 2 31 1125 1123 1662 1754
4609 4 2 2 31 503 1599 463 1779
4610 4 2 2 31 1217 1539 1639 1792
4611 4 2 2 31 1553 1588 1714 1929
4612 4 2 2 31 1694 1777 1585 1946
4613 4 2 2 31 786 813 825 1778
4614 4 2 2 31 1332 1685 1255 1861
4615 4 2 2 31 940 912 1710 1876
4616 4 2 2 31 1629 437 1741 1970
4617 4 2 2 31 1041 1720 1353 1796
4618 4 2 2 31 1703 1788 1641 1882
4619 4 2 2 31 92 904 1727 1848
4620 4 2 2 31 1316 1904 1699 1959
4621 4 2 2 31 94 451 452 1627
4622 4 2 2 31 1204 1303 1261 1691
4623 4 2 2 31 1327 1639 1366 1852
4624 4 2 2 31 475 1587 409 1802
4625 4 2 2 31 1336 1568 1194 1851
4626 4 2 2 31 1565 1590 1722 1743
4627 4 2 2 31 409 1587 475 1747
4628 4 2 2 31 1819 1877 1441 1905
4629 4 2 2 31 94 451 1627 1742
4630 4 2 2 31 1172 1641 1788 1922
4631 4 2 2 31 1609 1613 1553 1867
4632 4 2 2 31 475 1747 1587 1766
4633 4 2 2 31 1550 1850 1648 1872
4634 4 2 2 31 431 79 78 1617
4635 4 2 2 31 494 487 358 1956
4636 4 2 2 31 928 1644 1724 1933
4637 4 2 2 31 1459 1037 1735 1769
4638 4 2 2 31 1610 1478 1819 1920
4639 4 2 2 31 99 356 441 1806
4640 4 2 2 31 421 1599 503 1860
4641 4 2 2 31 94 1742 1627 1842
4642 4 2 2 31 965 841 963 1668
4643 4 2 2 31 1105 1676 1104 1771
4644 4 2 2 31 941 889 1775 1823
4645 4 2 2 31 1500 1669 1631 1678
4646 4 2 2 31 472 1622 499 1779
4647 4 2 2 31 1598 1649 783 1981
4648 4 2 2 31 75 74 476 1573
4649 4 2 2 31 1128 1126 1689 1973
4650 4 2 2 31 1582 1756 1786 1868
4651 4 2 2 31 904 960 1668 1847
4652 4 2 2 31 1080 1838 1576 1844
4653 4 2 2 31 904 839 960 1848
4654 4 2 2 31 1553 1613 1609 1818
4655 4 2 2 31 966 1765 842 1946
4656 4 2 2 31 465 1583 1810 1822
4657 4 2 2 31 825 1753 1778 1846
4658 4 2 2 31 1159 1251 1382 1843
4659 4 2 2 31 1555 1788 1703 1882
4660 4 2 2 31 1430 1680 1582 1795
4661 4 2 2 31 1584 1659 1658 1814
4662 4 2 2 31 914 831 58 1620
4663 4 2 2 31 1238 1801 1730 1926
4664 4 2 2 31 1021 1034 1598 1981
4665 4 2 2 31 1584 1658 1659 1800
4666 4 2 2 31 1437 1352 1059 1608
4667 4 2 2 31 1668 1735 1557 1769
4668 4 2 2 31 927 1767 1580 1900
4669 4 2 2 31 1650 1693 1123 1754
4670 4 2 2 31 912 1845 1710 1876
4671 4 2 2 31 1413 1611 1428 1710
4672 4 2 2 31 1194 1568 1711 1851
4673 4 2 2 31 1624 1786 1573 1868
4674 4 2 2 31 1570 1830 1809 1900
4675 4 2 2 31 1614 1677 1456 1769
4676 4 2 2 31 1573 1786 1756 1868
4677 4 2 2 31 1653 1802 1537 1887
4678 4 2 2 31 1307 1583 1709 1904
4679 4 2 2 31 1217 1539 1212 1789
4680 4 2 2 31 1633 1658 1564 1704
4681 4 2 2 31 998 984 1025 1618
4682 4 2 2 31 1475 1611 1413 1710
4683 4 2 2 31 1554 1700 1661 1758
4684 4 2 2 31 451 452 1627 1836
4685 4 2 2 31 385 505 436 1721
4686 4 2 2 31 1697 1918 1536 1972
4687 4 2 2 31 494 1636 487 1956
4688 4 2 2 31 487 1636 358 1956
4689 4 2 2 31 365 1814 1623 1815
4690 4 2 2 31 1487 1779 1599 1860
4691 4 2 2 31 460 423 1783 1923
4692 4 2 2 31 431 1617 78 1830
4693 4 2 2 31 1648 1712 1558 1773
4694 4 2 2 31 1537 1653 1665 1909
4695 4 2 2 31 467 1791 388 1883
4696 4 2 2 31 1296 1665 1733 1909
4697 4 2 2 31 1212 1539 1217 1792
4698 4 2 2 31 825 1778 1599 1846
4699 4 2 2 31 1322 1682 1918 1972
4700 4 2 2 31 1080 1354 1084 1844
4701 4 2 2 31 90 841 908 1872
4702 4 2 2 31 1357 1820 1756 1902
4703 4 2 2 31 463 503 421 1599
4704 4 2 2 31 1069 1631 1067 1669
4705 4 2 2 31 1110 1302 1638 1924
4706 4 2 2 31 1157 1665 1156 1907
4707 4 2 2 31 86 1629 87 1832
4708 4 2 2 31 1546 1660 1587 1685
4709 4 2 2 31 1024 1006 1698 1833
4710 4 2 2 31 1589 1752 1751 1926
4711 4 2 2 31 92 91 453 1727
4712 4 2 2 31 1596 1743 1565 1881
4713 4 2 2 31 422 1732 1783 1923
4714 4 2 2 31 1105 1584 1800 1803
4715 4 2 2 31 1308 1307 1689 1709
4716 4 2 2 31 1497 1570 1809 1865
4717 4 2 2 31 1080 1776 1576 1838
4718 4 2 2 31 1588 1690 398 1714
4719 4 2 2 31 1555 1723 1687 1873
4720 4 2 2 31 1565 1743 1722 1881
4721 4 2 2 31 1469 925 869 1767
4722 4 2 2 31 488 1594 416 1855
4723 4 2 2 31 1638 1648 1558 1773
4724 4 2 2 31 348 437 1629 1970
4725 4 2 2 31 1675 1774 1600 1825
4726 4 2 2 31 1157 1150 1156 1665
4727 4 2 2 31 99 1806 441 1845
4728 4 2 2 31 1547 1619 1607 1656
4729 4 2 2 31 760 1752 1751 1793
4730 4 2 2 31 1343 1294 1211 1735
4731 4 2 2 31 984 382 1618 1955
4732 4 2 2 31 950 1606 829 1610
4733 4 2 2 31 1649 1827 783 1981
4734 4 2 2 31 1657 1735 1581 1817
4735 4 2 2 31 876 74 1624 1786
4736 4 2 2 31 878 1580 1826 1914
4737 4 2 2 31 374 1719 1601 1759
4738 4 2 2 31 1584 1712 1558 1741
4739 4 2 2 31 1689 1754 1547 1973
4740 4 2 2 31 1582 1786 967 1874
4741 4 2 2 31 92 839 904 1848
4742 4 2 2 31 825 802 1753 1846
4743 4 2 2 31 840 65 1621 1731
4744 4 2 2 31 1497 1809 1570 1830
4745 4 2 2 31 1597 1555 1687 1873
4746 4 2 2 31 384 1601 374 1719
4747 4 2 2 31 396 1588 397 1805
4748 4 2 2 31 941 933 889 1823
4749 4 2 2 31 741 1765 1716 1811
4750 4 2 2 31 1546 1651 1583 1913
4751 4 2 2 31 1644 1752 1575 1957
4752 4 2 2 31 1558 1659 1584 1741
4753 4 2 2 31 1352 1608 1437 1784
4754 4 2 2 31 892 1710 1413 1876
4755 4 2 2 31 925 882 869 1749
4756 4 2 2 31 1606 1616 1536 1832
4757 4 2 2 31 371 372 1659 1759
4758 4 2 2 31 984 1746 382 1955
4759 4 2 2 31 1587 1546 1685 1747
4760 4 2 2 31 1609 1842 1627 1895
4761 4 2 2 31 1547 1656 1607 1973
4762 4 2 2 31 387 1601 1849 1850
4763 4 2 2 31 1108 1712 1302 1924
4764 4 2 2 31 366 1623 365 1814
4765 4 2 2 31 1202 1781 1723 1812
4766 4 2 2 31 1751 1752 1575 1793
4767 4 2 2 31 1590 1620 1538 1828
4768 4 2 2 31 1550 1648 1635 1872
4769 4 2 2 31 519 363 1517 1721
4770 4 2 2 31 1406 1606 1478 1610
4771 4 2 2 31 1687 1723 1555 1866
4772 4 2 2 31 911 1592 953 1842
4773 4 2 2 31 86 87 872 1832
4774 4 2 2 31 768 1765 1763 1864
4775 4 2 2 31 750 765 1724 1772
4776 4 2 2 31 367 366 365 1814
4777 4 2 2 31 1611 1710 938 1787
4778 4 2 2 31 1840 1855 378 1942
4779 4 2 2 31 1549 1729 1592 1748
4780 4 2 2 31 1553 1818 1609 1947
4781 4 2 2 31 1460 1668 1457 1735
4782 4 2 2 31 430 1526 1654 1780
4783 4 2 2 31 1460 1457 1459 1735
4784 4 2 2 31 461 983 381 1975
4785 4 2 2 31 1668 1769 1557 1847
4786 4 2 2 31 1661 1719 1554 1758
4787 4 2 2 31 1569 1641 1788 1882
4788 4 2 2 31 1588 1714 398 1940
4789 4 2 2 31 416 1594 481 1860
4790 4 2 2 31 364 1623 434 1923
4791 4 2 2 31 1601 1554 1719 1758
4792 4 2 2 31 942 1667 1590 1854
4793 4 2 2 31 1638 1558 1712 1773
4794 4 2 2 31 1459 1735 1470 1893
4795 4 2 2 31 1710 1789 1579 1951
4796 4 2 2 31 1551 1875 1736 1895
4797 4 2 2 31 1756 1820 1582 1902
4798 4 2 2 31 1364 1730 1240 1801
4799 4 2 2 31 1553 1613 1818 1947
4800 4 2 2 31 1597 1703 1563 1862
4801 4 2 2 31 1584 1658 1623 1814
4802 4 2 2 31 1022 1618 1007 1717
4803 4 2 2 31 385 436 1704 1721
4804 4 2 2 31 1623 364 1815 1923
4805 4 2 2 31 1661 1306 1745 1971
4806 4 2 2 31 390 467 388 1883
4807 4 2 2 31 1607 1885 1706 1913
4808 4 2 2 31 1699 1709 1566 1904
4809 4 2 2 31 1586 1733 1665 1909
4810 4 2 2 31 1607 1546 1885 1913
4811 4 2 2 31 1566 1699 1613 1818
4812 4 2 2 31 1633 1658 1542 1911
4813 4 2 2 31 1690 1754 1650 1782
4814 4 2 2 31 1124 1650 1123 1754
4815 4 2 2 31 480 1829 464 1887
4816 4 2 2 31 1552 1783 1732 1923
4817 4 2 2 31 468 101 360 1698
4818 4 2 2 31 911 953 1592 1969
4819 4 2 2 31 938 1611 847 1710
4820 4 2 2 31 1619 1656 1547 1973
4821 4 2 2 31 1565 1586 1665 1829
4822 4 2 2 31 475 414 1747 1766
4823 4 2 2 31 416 1855 1594 1860
4824 4 2 2 31 1583 1706 1885 1913
4825 4 2 2 31 1577 1758 1601 1849
4826 4 2 2 31 94 838 909 1842
4827 4 2 2 31 1524 1499 1400 1669
4828 4 2 2 31 1329 1192 1722 1881
4829 4 2 2 31 1566 1613 1709 1818
4830 4 2 2 31 1577 1758 1849 1869
4831 4 2 2 31 1546 1583 1651 1885
4832 4 2 2 31 1318 1615 1679 1821
4833 4 2 2 31 1697 1783 1578 1972
4834 4 2 2 31 1582 1680 1430 1874
4835 4 2 2 31 59 1854 1829 1980
4836 4 2 2 31 1549 1729 1613 1818
4837 4 2 2 31 1629 1741 1543 1771
4838 4 2 2 31 967 1680 1582 1874
4839 4 2 2 31 1698 1833 1593 1975
4840 4 2 2 31 1719 1759 383 1915
4841 4 2 2 31 71 1652 521 1683
4842 4 2 2 31 1271 731 733 1743
4843 4 2 2 31 1573 1786 1624 1914
4844 4 2 2 31 1802 1887 480 1955
4845 4 2 2 31 1730 1744 1574 1801
4846 4 2 2 31 1538 1620 1590 1722
4847 4 2 2 31 751 747 1595 1707
4848 4 2 2 31 1478 1610 1606 1920
4849 4 2 2 31 1713 1740 1559 1871
4850 4 2 2 31 1670 1685 1540 1747
4851 4 2 2 31 1829 1854 1565 1980
4852 4 2 2 31 1765 1777 1568 1811
4853 4 2 2 31 1549 1609 1729 1818
4854 4 2 2 31 1578 1784 1749 1976
4855 4 2 2 31 1716 1824 1336 1870
4856 4 2 2 31 1272 1596 733 1812
4857 4 2 2 31 74 1573 75 1914
4858 4 2 2 31 1699 1709 1316 1818
4859 4 2 2 31 1425 1014 1477 1611
4860 4 2 2 31 943 834 1845 1876
4861 4 2 2 31 418 1703 1643 1882
4862 4 2 2 31 1566 1709 1699 1818
4863 4 2 2 31 1199 1320 1734 1857
4864 4 2 2 31 1574 1684 1744 1779
4865 4 2 2 31 880 1595 716 1790
4866 4 2 2 31 1184 1186 1657 1886
4867 4 2 2 31 1770 1787 1539 1792
4868 4 2 2 31 894 1603 737 1804
4869 4 2 2 31 968 34 1671 1813
4870 4 2 2 31 756 1604 750 1725
4871 4 2 2 31 1734 1857 1560 1897
4872 4 2 2 31 1551 1627 1842 1895
4873 4 2 2 31 1221 1585 1824 1864
4874 4 2 2 31 987 1628 1344 1861
4875 4 2 2 31 488 1840 1594 1855
4876 4 2 2 31 932 876 74 1624
4877 4 2 2 31 1163 1800 1658 1803
4878 4 2 2 31 1069 1067 1400 1669
4879 4 2 2 31 1597 1687 1723 1873
4880 4 2 2 31 1173 1175 1788 1873
4881 4 2 2 31 1173 1788 1641 1873
4882 4 2 2 31 1586 1653 1546 1909
4883 4 2 2 31 1192 1722 1881 1945
4884 4 2 2 31 786 43 813 1778
4885 4 2 2 31 1657 1727 1600 1791
4886 4 2 2 31 1629 1741 522 1939
4887 4 2 2 31 1294 1769 1283 1875
4888 4 2 2 31 422 1732 86 1783
4889 4 2 2 31 1341 1226 1250 1726
4890 4 2 2 31 1727 1791 1657 1872
4891 4 2 2 31 436 1591 483 1704
4892 4 2 2 31 1689 1706 1128 1973
4893 4 2 2 31 1583 1885 1546 1913
4894 4 2 2 31 1343 1283 1294 1769
4895 4 2 2 31 1428 1639 1448 1710
4896 4 2 2 31 1598 1642 1538 1649
4897 4 2 2 31 1663 1711 1621 1788
4898 4 2 2 31 1576 1724 1644 1933
4899 4 2 2 31 1566 1699 1904 1959
4900 4 2 2 31 1496 1497 1626 1865
4901 4 2 2 31 989 1014 1425 1611
4902 4 2 2 31 90 908 1635 1872
4903 4 2 2 31 489 1740 355 1862
4904 4 2 2 31 1409 1695 1668 1893
4905 4 2 2 31 396 1690 1588 1805
4906 4 2 2 31 1582 1430 1820 1874
4907 4 2 2 31 364 366 434 1623
4908 4 2 2 31 1586 1546 1761 1909
4909 4 2 2 31 916 1671 793 1794
4910 4 2 2 31 759 1752 1589 1926
4911 4 2 2 31 1619 1862 1690 1935
4912 4 2 2 31 1305 1736 1875 1895
4913 4 2 2 31 1655 1896 1576 1933
4914 4 2 2 31 1557 1657 1600 1675
4915 4 2 2 31 852 712 1667 1925
4916 4 2 2 31 998 1618 1025 1937
4917 4 2 2 31 1497 1809 1626 1865
4918 4 2 2 31 1590 1538 1649 1828
4919 4 2 2 31 718 1615 1254 1864
4920 4 2 2 31 748 750 1604 1772
4921 4 2 2 31 911 1729 1592 1842
4922 4 2 2 31 1569 1663 1621 1788
4923 4 2 2 31 759 1751 1752 1926
4924 4 2 2 31 1005 1698 1770 1787
4925 4 2 2 31 1337 1059 1352 1608
4926 4 2 2 31 1358 1159 1318 1679
4927 4 2 2 31 371 1759 1659 1944
4928 4 2 2 31 1595 1683 873 1910
4929 4 2 2 31 1560 1734 1630 1785
4930 4 2 2 31 372 376 370 1659
4931 4 2 2 31 507 984 382 1618
4932 4 2 2 31 1450 1468 1592 1916
4933 4 2 2 31 71 521 72 1683
4934 4 2 2 31 1551 1736 1627 1895
4935 4 2 2 31 1756 1820 1357 1868
4936 4 2 2 31 1584 1732 1629 1970
4937 4 2 2 31 1586 1561 1656 1884
4938 4 2 2 31 1597 1723 1201 1873
4939 4 2 2 31 351 1635 1648 1872
4940 4 2 2 31 451 1836 1742 1953
4941 4 2 2 31 1577 1869 1774 1938
4942 4 2 2 31 387 1849 388 1850
4943 4 2 2 31 381 514 461 1975
4944 4 2 2 31 1559 1713 1632 1740
4945 4 2 2 31 1578 1749 1816 1976
4946 4 2 2 31 1723 1781 1559 1812
4947 4 2 2 31 1620 1750 1538 1887
4948 4 2 2 31 1589 1730 1801 1926
4949 4 2 2 31 422 12 423 1783
4950 4 2 2 31 1137 1147 1602 1745
4951 4 2 2 31 1576 1725 1604 1776
4952 4 2 2 31 1390 1572 1091 1831
4953 4 2 2 31 460 1783 1617 1923
4954 4 2 2 31 1683 1707 1595 1790
4955 4 2 2 31 709 1604 1244 1726
4956 4 2 2 31 931 1752 929 1957
4957 4 2 2 31 746 751 1595 1726
4958 4 2 2 31 1592 1748 1729 1969
4959 4 2 2 31 1189 1711 1663 1788
4960 4 2 2 31 1523 1855 416 1860
4961 4 2 2 31 1609 1729 1613 1867
4962 4 2 2 31 1592 1755 1450 1916
4963 4 2 2 31 1565 1665 1586 1733
4964 4 2 2 31 1199 1320 1857 1897
4965 4 2 2 31 1468 1677 1592 1916
4966 4 2 2 31 1357 1795 1820 1902
4967 4 2 2 31 1007 1618 56 1717
4968 4 2 2 31 1613 1729 1609 1818
4969 4 2 2 31 1596 1565 1667 1980
4970 4 2 2 31 1569 1807 1674 1954
4971 4 2 2 31 857 1011 1016 1892
4972 4 2 2 31 1665 1907 1537 1909
4973 4 2 2 31 1592 1729 911 1969
4974 4 2 2 31 1625 1673 1659 1759
4975 4 2 2 31 1589 1752 759 1927
4976 4 2 2 31 1028 1766 1593 1975
4977 4 2 2 31 967 1688 73 1786
4978 4 2 2 31 1579 1710 1845 1876
4979 4 2 2 31 915 7 967 1680
4980 4 2 2 31 1568 1824 1716 1870
4981 4 2 2 31 468 1698 1593 1975
4982 4 2 2 31 499 1622 1490 1779
4983 4 2 2 31 1446 1448 1852 1876
4984 4 2 2 31 941 1823 1775 1948
4985 4 2 2 31 1555 1603 1634 1866
4986 4 2 2 31 1238 1239 1801 1926
4987 4 2 2 31 759 1926 1589 1927
4988 4 2 2 31 852 727 901 1667
4989 4 2 2 31 1632 1565 1733 1881
4990 4 2 2 31 1312 1597 1201 1873
4991 4 2 2 31 1367 1331 1762 1911
4992 4 2 2 31 1129 1308 1307 1689
4993 4 2 2 31 1508 1622 1507 1779
4994 4 2 2 31 850 892 1413 1876
4995 4 2 2 31 1172 1788 1174 1922
4996 4 2 2 31 1434 1826 1767 1841
4997 4 2 2 31 1100 1718 1073 1844
4998 4 2 2 31 1611 1639 1428 1710
4999 4 2 2 31 1216 1649 1215 1908
5000 4 2 2 31 1619 447 1862 1935
5001 4 2 2 31 1507 1744 1684 1779
5002 4 2 2 31 1651 1672 1583 1913
5003 4 2 2 31 721 818 796 1645
5004 4 2 2 31 508 42 1671 1778
5005 4 2 2 31 716 1595 880 1772
5006 4 2 2 31 968 1671 1794 1927
5007 4 2 2 31 1595 1683 1630 1707
5008 4 2 2 31 1537 1750 1620 1887
5009 4 2 2 31 952 954 894 1603
5010 4 2 2 31 1596 1667 1925 1980
5011 4 2 2 31 933 872 889 1832
5012 4 2 2 31 1221 1368 1821 1864
5013 4 2 2 31 730 1590 736 1667
5014 4 2 2 31 1617 1783 1552 1923
5015 4 2 2 31 1648 1850 351 1872
5016 4 2 2 31 1189 1663 1291 1788
5017 4 2 2 31 1568 1777 1765 1824
5018 4 2 2 31 762 1644 760 1793
5019 4 2 2 31 1653 1586 1665 1909
5020 4 2 2 31 1508 1490 1622 1779
5021 4 2 2 31 1029 1746 999 1861
5022 4 2 2 31 1637 1664 1647 1869
5023 4 2 2 31 1119 1117 1140 1647
5024 4 2 2 31 1105 1800 1163 1803
5025 4 2 2 31 1161 1734 1633 1853
5026 4 2 2 31 1630 1734 1544 1785
5027 4 2 2 31 1714 1754 1689 1929
5028 4 2 2 31 1597 1559 1740 1871
5029 4 2 2 31 502 376 458 1903
5030 4 2 2 31 949 1729 1936 1969
5031 4 2 2 31 741 1811 1716 1870
5032 4 2 2 31 1699 1852 1218 1959
5033 4 2 2 31 1701 1740 1597 1862
5034 4 2 2 31 1638 1712 1302 1773
5035 4 2 2 31 1460 1668 1735 1893
5036 4 2 2 31 1019 1021 994 1941
5037 4 2 2 31 1226 1341 1199 1630
5038 4 2 2 31 1632 1733 1713 1881
5039 4 2 2 31 1581 1695 1571 1720
5040 4 2 2 31 729 1596 728 1692
5041 4 2 2 31 1581 1571 1695 1948
5042 4 2 2 31 1459 1037 1470 1735
5043 4 2 2 31 1579 1852 1699 1959
5044 4 2 2 31 1561 1713 1632 1733
5045 4 2 2 31 98 1681 1613 1810
5046 4 2 2 31 1487 503 1508 1779
5047 4 2 2 31 489 63 355 1740
5048 4 2 2 31 944 1681 1640 1936
5049 4 2 2 31 1537 1829 1653 1887
5050 4 2 2 31 1561 1733 1632 1738
5051 4 2 2 31 1602 1843 1147 1853
5052 4 2 2 31 1626 1809 1570 1865
5053 4 2 2 31 1632 1733 1565 1738
5054 4 2 2 31 1247 1800 1625 1894
5055 4 2 2 31 1579 1699 1845 1959
5056 4 2 2 31 1539 1789 1710 1951
5057 4 2 2 31 1560 1772 1726 1897
5058 4 2 2 31 463 1599 44 1778
5059 4 2 2 31 1470 1735 1273 1893
5060 4 2 2 31 984 507 1007 1618
5061 4 2 2 31 1585 1765 1777 1824
5062 4 2 2 31 1475 1428 1413 1611
5063 4 2 2 31 804 805 1688 1768
5064 4 2 2 31 1692 1781 734 1812
5065 4 2 2 31 1630 1683 1595 1910
5066 4 2 2 31 1556 1621 1663 1711
5067 4 2 2 31 1597 1641 1563 1703
5068 4 2 2 31 501 1655 1622 1899
5069 4 2 2 31 1098 1918 1697 1972
5070 4 2 2 31 1578 1877 1819 1905
5071 4 2 2 31 1221 1368 1222 1821
5072 4 2 2 31 1592 1609 1549 1901
5073 4 2 2 31 441 1806 1612 1845
5074 4 2 2 31 984 1007 1025 1618
5075 4 2 2 31 1584 1741 1629 1771
5076 4 2 2 31 1578 1819 1610 1905
5077 4 2 2 31 1627 1729 1609 1867
5078 4 2 2 31 1553 1627 1609 1867
5079 4 2 2 31 66 840 65 1621
5080 4 2 2 31 1545 1849 1758 1869
5081 4 2 2 31 1562 1707 1683 1790
5082 4 2 2 31 797 793 916 1671
5083 4 2 2 31 1352 1337 1608 1784
5084 4 2 2 31 1327 1403 1639 1852
5085 4 2 2 31 1658 1704 1542 1814
5086 4 2 2 31 1506 1599 1487 1779
5087 4 2 2 31 1597 1201 1723 1871
5088 4 2 2 31 1566 1845 1699 1959
5089 4 2 2 31 1753 1801 1364 1967
5090 4 2 2 31 1554 1601 1700 1758
5091 4 2 2 31 1673 1745 1625 1894
5092 4 2 2 31 963 904 960 1668
5093 4 2 2 31 56 1618 57 1717
5094 4 2 2 31 1767 1826 1580 1841
5095 4 2 2 31 1546 1672 1651 1913
5096 4 2 2 31 365 1623 366 1815
5097 4 2 2 31 1519 1498 1678 1830
5098 4 2 2 31 1544 1737 1652 1898
5099 4 2 2 31 1597 1687 1555 1703
5100 4 2 2 31 1586 1656 1561 1733
5101 4 2 2 31 1688 1768 806 1840
5102 4 2 2 31 1553 1662 1588 1929
5103 4 2 2 31 1549 1609 1592 1729
5104 4 2 2 31 1180 1750 1286 1908
5105 4 2 2 31 924 1760 1724 1772
5106 4 2 2 31 1636 1674 1556 1956
5107 4 2 2 31 1563 1701 1597 1862
5108 4 2 2 31 1630 1683 1562 1707
5109 4 2 2 31 1560 1630 1595 1910
5110 4 2 2 31 1624 1708 1432 1820
5111 4 2 2 31 1660 1537 1907 1909
5112 4 2 2 31 1586 1546 1653 1943
5113 4 2 2 31 1773 1817 1295 1886
5114 4 2 2 31 1413 1428 1448 1710
5115 4 2 2 31 1112 1297 1700 1758
5116 4 2 2 31 736 1590 732 1880
5117 4 2 2 31 761 1751 1237 1793
5118 4 2 2 31 1357 1795 1342 1820
5119 4 2 2 31 938 847 892 1710
5120 4 2 2 31 1307 1277 1706 1913
5121 4 2 2 31 502 1648 1741 1903
5122 4 2 2 31 1537 1660 1653 1909
5123 4 2 2 31 1555 1634 1731 1866
5124 4 2 2 31 1650 1728 1122 1950
5125 4 2 2 31 1307 1277 1129 1706
5126 4 2 2 31 1199 1162 1630 1734
5127 4 2 2 31 1253 1255 1332 1685
5128 4 2 2 31 1641 1643 1563 1703
5129 4 2 2 31 1101 1676 1103 1803
5130 4 2 2 31 1560 1595 1726 1772
5131 4 2 2 31 1609 1729 1627 1842
5132 4 2 2 31 762 763 760 1644
5133 4 2 2 31 1540 1672 1651 1685
5134 4 2 2 31 1538 1642 1598 1717
5135 4 2 2 31 963 1668 841 1727
5136 4 2 2 31 848 1598 937 1880
5137 4 2 2 31 873 1595 951 1683
5138 4 2 2 31 753 830 716 1790
5139 4 2 2 31 44 813 43 1778
5140 4 2 2 31 1680 1795 804 1902
5141 4 2 2 31 1546 1586 1761 1943
5142 4 2 2 31 818 721 774 1645
5143 4 2 2 31 1256 1255 1670 1861
5144 4 2 2 31 1537 1665 1653 1829
5145 4 2 2 31 1148 1879 1736 1895
5146 4 2 2 31 1710 1845 912 1951
5147 4 2 2 31 1638 1700 1110 1924
5148 4 2 2 31 1547 1754 1690 1782
5149 4 2 2 31 1091 1768 1572 1797
5150 4 2 2 31 1186 1817 1657 1886
5151 4 2 2 31 1117 1869 1647 1950
5152 4 2 2 31 1621 1663 1569 1674
5153 4 2 2 31 1650 1690 1588 1754
5154 4 2 2 31 949 1936 1748 1969
5155 4 2 2 31 1332 1344 1628 1861
5156 4 2 2 31 514 1766 461 1975
5157 4 2 2 31 1613 1681 1549 1699
5158 4 2 2 31 1670 1833 1345 1861
5159 4 2 2 31 1623 1732 434 1923
5160 4 2 2 31 1117 1647 1119 1950
5161 4 2 2 31 1642 1717 1538 1834
5162 4 2 2 31 1432 1708 1407 1820
5163 4 2 2 31 1557 1675 1600 1848
5164 4 2 2 31 952 1603 894 1804
5165 4 2 2 31 939 1590 1828 1854
5166 4 2 2 31 1039 718 1254 1864
5167 4 2 2 31 1342 1795 1357 1902
5168 4 2 2 31 996 1618 1834 1937
5169 4 2 2 31 1069 1669 1094 1697
5170 4 2 2 31 1564 1704 1658 1814
5171 4 2 2 31 1576 1776 1604 1933
5172 4 2 2 31 1591 1633 1542 1890
5173 4 2 2 31 1216 1215 1722 1908
5174 4 2 2 31 1099 1816 1784 1972
5175 4 2 2 31 1556 1663 1621 1674
5176 4 2 2 31 1546 1607 1761 1913
5177 4 2 2 31 1592 1677 1468 1808
5178 4 2 2 31 1637 1705 390 1883
5179 4 2 2 31 880 716 830 1790
5180 4 2 2 31 1569 1664 1663 1922
5181 4 2 2 31 1543 1741 1712 1771
5182 4 2 2 31 1080 1084 1838 1844
5183 4 2 2 31 56 1007 507 1618
5184 4 2 2 31 1604 1776 1760 1933
5185 4 2 2 31 1186 1295 1817 1886
5186 4 2 2 31 955 956 909 1614
5187 4 2 2 31 1313 1799 1699 1901
5188 4 2 2 31 1312 1201 1597 1871
5189 4 2 2 31 383 1719 374 1759
5190 4 2 2 31 939 1828 914 1854
5191 4 2 2 31 483 1591 379 1898
5192 4 2 2 31 1553 1714 1689 1929
5193 4 2 2 31 885 1606 933 1823
5194 4 2 2 31 1591 1839 1560 1857
5195 4 2 2 31 1598 1649 1538 1828
5196 4 2 2 31 1622 1718 1509 1744
5197 4 2 2 31 1110 1108 1302 1924
5198 4 2 2 31 792 804 803 1680
5199 4 2 2 31 1575 1589 1730 1899
5200 4 2 2 31 813 1599 44 1930
5201 4 2 2 31 46 1594 488 1840
5202 4 2 2 31 1544 1633 1737 1898
5203 4 2 2 31 917 1717 57 1828
5204 4 2 2 31 1557 1727 1668 1847
5205 4 2 2 31 398 491 397 1940
5206 4 2 2 31 1459 1405 1284 1769
5207 4 2 2 31 1829 1884 1586 1943
5208 4 2 2 31 988 1345 1833 1861
5209 4 2 2 31 790 48 1688 1840
5210 4 2 2 31 1610 1783 871 1832
5211 4 2 2 31 1322 1918 1098 1972
5212 4 2 2 31 1591 1542 1762 1890
5213 4 2 2 31 1568 1731 1621 1851
5214 4 2 2 31 1240 1364 1079 1730
5215 4 2 2 31 502 1741 376 1903
5216 4 2 2 31 1632 1713 1561 1740
5217 4 2 2 31 933 829 950 1606
5218 4 2 2 31 1609 1627 1553 1879
5219 4 2 2 31 1538 1717 1618 1834
5220 4 2 2 31 867 1644 757 1724
5221 4 2 2 31 1011 1020 1016 1892
5222 4 2 2 31 1747 1766 414 1889
5223 4 2 2 31 483 1704 1591 1898
5224 4 2 2 31 937 1598 972 1941
5225 4 2 2 31 1539 1646 1612 1698
5226 4 2 2 31 1749 1784 1608 1976
5227 4 2 2 31 1462 1796 1606 1823
5228 4 2 2 31 727 852 712 1667
5229 4 2 2 31 1621 1731 1555 1851
5230 4 2 2 31 1377 1768 1091 1797
5231 4 2 2 31 1603 1555 1723 1866
5232 4 2 2 31 1544 1734 1630 1843
5233 4 2 2 31 1371 1743 1596 1881
5234 4 2 2 31 968 875 1813 1927
5235 4 2 2 31 1297 1306 1136 1745
5236 4 2 2 31 1581 1817 1635 1872
5237 4 2 2 31 1235 1319 1164 1894
5238 4 2 2 31 1720 1735 1581 1893
5239 4 2 2 31 401 407 1607 1935
5240 4 2 2 31 1195 1711 1824 1921
5241 4 2 2 31 1450 1451 1468 1916
5242 4 2 2 31 1122 1693 1650 1950
5243 4 2 2 31 1544 1683 1630 1785
5244 4 2 2 31 1612 1806 1566 1845
5245 4 2 2 31 1413 1448 1452 1876
5246 4 2 2 31 1625 1800 1564 1894
5247 4 2 2 31 1589 1575 1752 1899
5248 4 2 2 31 1065 1757 1528 1831
5249 4 2 2 31 871 1783 1610 1905
5250 4 2 2 31 1718 1838 1073 1844
5251 4 2 2 31 1597 1740 1703 1862
5252 4 2 2 31 1541 1742 1627 1836
5253 4 2 2 31 938 1787 1710 1951
5254 4 2 2 31 397 1805 1588 1836
5255 4 2 2 31 1579 1699 1681 1845
5256 4 2 2 31 1009 1028 983 1975
5257 4 2 2 31 31 1933 1655 1957
5258 4 2 2 31 1657 1774 1550 1791
5259 4 2 2 31 1329 1722 1215 1743
5260 4 2 2 31 1173 1175 1174 1788
5261 4 2 2 31 1428 1639 1611 1856
5262 4 2 2 31 903 1681 944 1936
5263 4 2 2 31 1632 1738 61 1979
5264 4 2 2 31 1572 1756 1091 1831
5265 4 2 2 31 1297 1745 1136 1952
5266 4 2 2 31 1441 1610 1478 1819
5267 4 2 2 31 1678 1815 364 1923
5268 4 2 2 31 1563 1703 1643 1965
5269 4 2 2 31 1459 1460 1735 1893
5270 4 2 2 31 835 949 1729 1936
5271 4 2 2 31 1073 1718 1378 1838
5272 4 2 2 31 1595 1772 1560 1910
5273 4 2 2 31 59 1829 1738 1980
5274 4 2 2 31 1004 1611 1020 1787
5275 4 2 2 31 1403 1448 1639 1852
5276 4 2 2 31 938 918 1787 1951
5277 4 2 2 31 1001 988 1833 1861
5278 4 2 2 31 1593 1670 1540 1889
5279 4 2 2 31 1643 1650 1563 1805
5280 4 2 2 31 1544 1737 1633 1853
5281 4 2 2 31 1371 1272 1213 1596
5282 4 2 2 31 951 1683 1595 1790
5283 4 2 2 31 1148 1155 1879 1895
5284 4 2 2 31 1268 1295 1186 1886
5285 4 2 2 31 1659 1741 370 1970
5286 4 2 2 31 900 1443 851 1640
5287 4 2 2 31 1105 1104 1106 1771
5288 4 2 2 31 1009 1766 1028 1975
5289 4 2 2 31 894 737 1603 1859
5290 4 2 2 31 465 1810 1798 1822
5291 4 2 2 31 379 1591 436 1839
5292 4 2 2 31 1628 1746 1587 1861
5293 4 2 2 31 1153 1602 1147 1853
5294 4 2 2 31 751 747 746 1595
5295 4 2 2 31 522 348 437 1629
5296 4 2 2 31 1623 1814 1542 1815
5297 4 2 2 31 1428 1611 1485 1856
5298 4 2 2 31 383 1759 373 1915
5299 4 2 2 31 437 522 1629 1741
5300 4 2 2 31 1578 1816 1784 1976
5301 4 2 2 31 1659 1759 1673 1944
5302 4 2 2 31 1357 1756 1229 1902
5303 4 2 2 31 1565 1738 1586 1829
5304 4 2 2 31 1748 1936 1729 1969
5305 4 2 2 31 1635 1817 1550 1872
5306 4 2 2 31 1543 1648 1635 1773
5307 4 2 2 31 1235 1163 1247 1658
5308 4 2 2 31 463 1599 1778 1779
5309 4 2 2 31 1542 1633 1591 1704
5310 4 2 2 31 825 1599 813 1930
5311 4 2 2 31 1587 1685 1670 1747
5312 4 2 2 31 1591 436 1839 1932
5313 4 2 2 31 46 1860 1594 1930
5314 4 2 2 31 1238 1730 1751 1926
5315 4 2 2 31 734 1781 1692 1804
5316 4 2 2 31 1061 1327 1427 1639
5317 4 2 2 31 1578 1749 1617 1816
5318 4 2 2 31 1617 1749 1570 1816
5319 4 2 2 31 1591 1560 1734 1857
5320 4 2 2 31 1633 1737 1564 1853
5321 4 2 2 31 1195 1824 1715 1921
5322 4 2 2 31 1706 1761 1607 1913
5323 4 2 2 31 1315 1201 1723 1873
5324 4 2 2 31 1613 1699 1549 1818
5325 4 2 2 31 403 401 1607 1822
5326 4 2 2 31 1137 1146 1147 1745
5327 4 2 2 31 1091 1756 1572 1768
5328 4 2 2 31 1545 1637 1849 1869
5329 4 2 2 31 850 1413 1452 1876
5330 4 2 2 31 1617 1697 1552 1783
5331 4 2 2 31 31 1896 1655 1933
5332 4 2 2 31 1704 1737 1633 1898
5333 4 2 2 31 1739 1797 1082 1831
5334 4 2 2 31 1653 1665 1586 1829
5335 4 2 2 31 1333 1407 1708 1820
5336 4 2 2 31 514 1766 1593 1889
5337 4 2 2 31 1459 1284 1037 1769
5338 4 2 2 31 1660 1802 1653 1958
5339 4 2 2 31 497 1862 447 1965
5340 4 2 2 31 1561 1740 1701 1862
5341 4 2 2 31 1742 1836 1541 1953
5342 4 2 2 31 352 450 1621 1674
5343 4 2 2 31 1524 1500 1499 1669
5344 4 2 2 31 1650 1690 1563 1805
5345 4 2 2 31 409 475 414 1747
5346 4 2 2 31 1292 1663 1189 1711
5347 4 2 2 31 1716 1765 768 1864
5348 4 2 2 31 1575 1730 1589 1751
5349 4 2 2 31 1596 1632 1565 1980
5350 4 2 2 31 703 1038 1634 1870
5351 4 2 2 31 752 1764 1790 1835
5352 4 2 2 31 1726 1772 1604 1897
5353 4 2 2 31 1207 1750 1907 1937
5354 4 2 2 31 1681 1699 1566 1845
5355 4 2 2 31 996 1022 995 1834
5356 4 2 2 31 1566 1681 1613 1699
5357 4 2 2 31 1586 1738 1561 1884
5358 4 2 2 31 1627 1742 1551 1842
5359 4 2 2 31 767 737 1603 1804
5360 4 2 2 31 1548 1647 1637 1664
5361 4 2 2 31 434 1732 1623 1970
5362 4 2 2 31 1561 1740 1713 1871
5363 4 2 2 31 724 783 1598 1649
5364 4 2 2 31 1575 1751 1589 1752
5365 4 2 2 31 933 1606 950 1832
5366 4 2 2 31 1650 1754 1124 1782
5367 4 2 2 31 403 401 407 1607
5368 4 2 2 31 891 939 849 1880
5369 4 2 2 31 1738 1829 1565 1980
5370 4 2 2 31 799 1671 1778 1967
5371 4 2 2 31 1571 1775 1606 1823
5372 4 2 2 31 939 1828 1590 1880
5373 4 2 2 31 1238 1240 1730 1801
5374 4 2 2 31 709 750 756 1604
5375 4 2 2 31 867 757 926 1724
5376 4 2 2 31 1670 1685 1587 1861
5377 4 2 2 31 384 374 383 1719
5378 4 2 2 31 1412 1438 1469 1877
5379 4 2 2 31 475 1746 1587 1802
5380 4 2 2 31 1563 1862 1703 1965
5381 4 2 2 31 1625 1745 1673 1952
5382 4 2 2 31 1640 1681 1579 1699
5383 4 2 2 31 1544 1591 1633 1898
5384 4 2 2 31 1592 1808 1415 1969
5385 4 2 2 31 978 1772 1595 1910
5386 4 2 2 31 358 1636 68 1694
5387 4 2 2 31 1153 1147 1843 1853
5388 4 2 2 31 1431 1624 1432 1820
5389 4 2 2 31 1704 1737 439 1944
5390 4 2 2 31 1270 1650 1124 1782
5391 4 2 2 31 1251 1226 1630 1707
5392 4 2 2 31 1355 1781 1202 1812
5393 4 2 2 31 1651 1672 1546 1685
5394 4 2 2 31 835 946 949 1936
5395 4 2 2 31 1009 983 461 1975
5396 4 2 2 31 1247 1658 1163 1800
5397 4 2 2 31 1587 1746 475 1766
5398 4 2 2 31 748 765 750 1772
5399 4 2 2 31 857 1787 1011 1892
5400 4 2 2 31 1650 1728 1643 1906
5401 4 2 2 31 1549 1748 1592 1755
5402 4 2 2 31 61 1740 1632 1979
5403 4 2 2 31 1664 1728 1569 1807
5404 4 2 2 31 877 931 929 1957
5405 4 2 2 31 483 436 379 1591
5406 4 2 2 31 1590 1667 730 1743
5407 4 2 2 31 493 1519 1678 1830
5408 4 2 2 31 1244 1604 1245 1726
5409 4 2 2 31 1009 461 1766 1975
5410 4 2 2 31 952 1603 1687 1866
5411 4 2 2 31 433 390 1705 1883
5412 4 2 2 31 894 1603 954 1859
5413 4 2 2 31 1268 1773 1295 1886
5414 4 2 2 31 1615 1821 1368 1864
5415 4 2 2 31 1612 1646 1540 1889
5416 4 2 2 31 1095 1865 1878 1976
5417 4 2 2 31 770 1254 718 1615
5418 4 2 2 31 358 470 68 1636
5419 4 2 2 31 834 1640 944 1681
5420 4 2 2 31 1419 1819 1478 1920
5421 4 2 2 31 351 1648 1635 1939
5422 4 2 2 31 1051 1456 1677 1769
5423 4 2 2 31 1037 1273 1470 1735
5424 4 2 2 31 1184 1657 1774 1886
5425 4 2 2 31 1635 1648 1550 1773
5426 4 2 2 31 1627 1842 1729 1867
5427 4 2 2 31 1579 1845 1710 1951
5428 4 2 2 31 859 1614 1416 1847
5429 4 2 2 31 401 1607 1822 1935
5430 4 2 2 31 1568 1765 1716 1824
5431 4 2 2 31 1188 1691 1203 1817
5432 4 2 2 31 1540 1685 1651 1747
5433 4 2 2 31 1638 1712 1558 1924
5434 4 2 2 31 1643 1805 1563 1965
5435 4 2 2 31 1589 1794 1671 1927
5436 4 2 2 31 59 1620 1829 1854
5437 4 2 2 31 832 1710 912 1951
5438 4 2 2 31 848 1598 773 1891
5439 4 2 2 31 791 46 1594 1930
5440 4 2 2 31 825 1753 801 1778
5441 4 2 2 31 732 1590 730 1743
5442 4 2 2 31 1553 1588 1662 1940
5443 4 2 2 31 1093 1393 1669 1816
5444 4 2 2 31 1548 1728 1664 1807
5445 4 2 2 31 1577 1601 1758 1938
5446 4 2 2 31 969 1783 86 1832
5447 4 2 2 31 857 1016 919 1892
5448 4 2 2 31 850 940 892 1876
5449 4 2 2 31 1657 1817 1581 1872
5450 4 2 2 31 1602 1745 1673 1894
5451 4 2 2 31 1560 1760 1776 1857
5452 4 2 2 31 904 1668 963 1727
5453 4 2 2 31 1454 1456 1614 1677
5454 4 2 2 31 884 745 716 1772
5455 4 2 2 31 1637 1647 1577 1869
5456 4 2 2 31 909 1614 956 1848
5457 4 2 2 31 1712 1741 1584 1771
5458 4 2 2 31 1603 1723 1687 1866
5459 4 2 2 31 1536 1783 1610 1832
5460 4 2 2 31 1147 1602 1679 1843
5461 4 2 2 31 1591 1696 1839 1857
5462 4 2 2 31 522 1775 1629 1939
5463 4 2 2 31 1415 1592 1468 1808
5464 4 2 2 31 946 1748 949 1936
5465 4 2 2 31 1623 1815 1678 1923
5466 4 2 2 31 1592 1808 953 1842
5467 4 2 2 31 954 1603 952 1866
5468 4 2 2 31 1605 1776 1760 1857
5469 4 2 2 31 1543 1741 1629 1939
5470 4 2 2 31 1600 1657 1557 1727
5471 4 2 2 31 1185 1294 1182 1657
5472 4 2 2 31 1583 1709 1904 1931
5473 4 2 2 31 1046 1682 1819 1920
5474 4 2 2 31 1127 1754 1126 1973
5475 4 2 2 31 1583 1810 1709 1931
5476 4 2 2 31 1738 1829 350 1884
5477 4 2 2 31 707 896 1763 1765
5478 4 2 2 31 100 441 1612 1845
5479 4 2 2 31 72 1785 1683 1898
5480 4 2 2 31 1172 1728 1641 1922
5481 4 2 2 31 1601 1577 1850 1938
5482 4 2 2 31 1603 1731 1634 1866
5483 4 2 2 31 1118 1869 1117 1950
5484 4 2 2 31 733 1596 729 1812
5485 4 2 2 31 1121 1122 1728 1950
5486 4 2 2 31 973 938 918 1787
5487 4 2 2 31 937 972 917 1941
5488 4 2 2 31 1305 1736 1675 1875
5489 4 2 2 31 1560 1776 1760 1897
5490 4 2 2 31 1669 1830 1498 1865
5491 4 2 2 31 1633 1704 1564 1737
5492 4 2 2 31 1058 761 1237 1793
5493 4 2 2 31 1591 1542 1721 1762
5494 4 2 2 31 1584 1814 1623 1970
5495 4 2 2 31 1591 1785 379 1898
5496 4 2 2 31 1342 1795 1422 1820
5497 4 2 2 31 1431 1432 1407 1820
5498 4 2 2 31 1763 1765 966 1946
5499 4 2 2 31 896 966 1763 1765
5500 4 2 2 31 390 1637 392 1705
5501 4 2 2 31 1089 1756 1357 1868
5502 4 2 2 31 879 829 1406 1610
5503 4 2 2 31 1069 1232 1067 1631
5504 4 2 2 31 1424 1352 1437 1784
5505 4 2 2 31 946 903 944 1936
5506 4 2 2 31 701 1045 1249 1649
5507 4 2 2 31 1523 1504 1855 1860
5508 4 2 2 31 1444 1748 1640 1799
5509 4 2 2 31 1598 1827 1649 1981
5510 4 2 2 31 387 1601 384 1849
5511 4 2 2 31 1634 1811 739 1870
5512 4 2 2 31 1563 1650 1643 1906
5513 4 2 2 31 1576 1604 1724 1933
5514 4 2 2 31 978 880 873 1595
5515 4 2 2 31 940 1710 892 1876
5516 4 2 2 31 481 1594 46 1860
5517 4 2 2 31 1547 1706 1689 1973
5518 4 2 2 31 472 520 377 1779
5519 4 2 2 31 1563 1805 1690 1965
5520 4 2 2 31 1565 1829 1620 1854
5521 4 2 2 31 1645 1671 1589 1794
5522 4 2 2 31 1002 1001 988 1833
5523 4 2 2 31 728 1667 1596 1743
5524 4 2 2 31 1604 1724 750 1725
5525 4 2 2 31 1656 1701 1130 1973
5526 4 2 2 31 61 1632 1740 1928
5527 4 2 2 31 1565 1733 1586 1738
5528 4 2 2 31 1117 1119 1118 1950
5529 4 2 2 31 1545 1674 1719 1954
5530 4 2 2 31 876 1786 1624 1874
5531 4 2 2 31 358 1636 1694 1956
5532 4 2 2 31 1451 1450 1755 1916
5533 4 2 2 31 491 1836 397 1940
5534 4 2 2 31 1570 1749 1617 1830
5535 4 2 2 31 729 728 712 1692
5536 4 2 2 31 1572 1768 1688 1840
5537 4 2 2 31 1554 1759 1719 1915
5538 4 2 2 31 1033 1014 989 1611
5539 4 2 2 31 729 1692 734 1812
5540 4 2 2 31 1643 1728 1641 1906
5541 4 2 2 31 1347 1649 1642 1827
5542 4 2 2 31 969 86 922 1832
5543 4 2 2 31 748 1604 709 1726
5544 4 2 2 31 958 1666 1652 1934
5545 4 2 2 31 1560 1605 1760 1857
5546 4 2 2 31 70 1837 1666 1949
5547 4 2 2 31 1306 1314 1146 1971
5548 4 2 2 31 444 1884 1829 1943
5549 4 2 2 31 1597 1740 1701 1871
5550 4 2 2 31 510 1807 1674 1882
5551 4 2 2 31 1456 1455 1614 1769
5552 4 2 2 31 1592 1551 1677 1808
5553 4 2 2 31 982 347 1746 1766
5554 4 2 2 31 732 1590 1649 1880
5555 4 2 2 31 801 825 802 1753
5556 4 2 2 31 1462 1464 1796 1823
5557 4 2 2 31 1425 1477 1485 1611
5558 4 2 2 31 1713 1812 1596 1881
5559 4 2 2 31 1625 1659 1558 1759
5560 4 2 2 31 348 1629 86 1732
5561 4 2 2 31 736 730 732 1590
5562 4 2 2 31 1286 1180 1157 1750
5563 4 2 2 31 1684 1753 1599 1778
5564 4 2 2 31 1561 1701 1619 1862
5565 4 2 2 31 1596 1692 729 1812
5566 4 2 2 31 1606 1536 1682 1832
5567 4 2 2 31 929 1644 877 1957
5568 4 2 2 31 798 1671 1645 1794
5569 4 2 2 31 1611 1787 1004 1792
5570 4 2 2 31 1596 1632 1559 1713
5571 4 2 2 31 952 1687 837 1866
5572 4 2 2 31 968 1671 916 1794
5573 4 2 2 31 1542 1704 1591 1721
5574 4 2 2 31 1538 1649 1642 1908
5575 4 2 2 31 1478 1406 1462 1606
5576 4 2 2 31 723 701 1249 1649
5577 4 2 2 31 910 65 1731 1866
5578 4 2 2 31 1558 1700 1625 1759
5579 4 2 2 31 859 1416 897 1847
5580 4 2 2 31 371 1673 1759 1944
5581 4 2 2 31 972 937 848 1598
5582 4 2 2 31 1129 1128 1126 1689
5583 4 2 2 31 46 791 1594 1840
5584 4 2 2 31 1296 1733 1665 1945
5585 4 2 2 31 1716 1811 1568 1870
5586 4 2 2 31 1133 1656 1733 1974
5587 4 2 2 31 1595 1707 747 1790
5588 4 2 2 31 1589 1751 1730 1926
5589 4 2 2 31 1616 1691 1303 1960
5590 4 2 2 31 1498 1830 1497 1865
5591 4 2 2 31 1539 1698 1612 1951
5592 4 2 2 31 1572 1797 1739 1831
5593 4 2 2 31 455 497 447 1965
5594 4 2 2 31 1140 1119 1647 1825
5595 4 2 2 31 1543 1712 1648 1773
5596 4 2 2 31 1547 1588 1690 1754
5597 4 2 2 31 1510 1509 1718 1744
5598 4 2 2 31 959 1763 1666 1764
5599 4 2 2 31 68 1636 470 1694
5600 4 2 2 31 1129 1128 1689 1706
5601 4 2 2 31 1701 1740 1561 1871
5602 4 2 2 31 30 1896 31 1933
5603 4 2 2 31 1433 1624 866 1826
5604 4 2 2 31 1415 1450 1592 1969
5605 4 2 2 31 1478 1606 1462 1920
5606 4 2 2 31 1326 1639 1423 1856
5607 4 2 2 31 1653 1660 1546 1909
5608 4 2 2 31 973 857 919 1892
5609 4 2 2 31 1706 1822 1583 1885
5610 4 2 2 31 1600 1774 1657 1791
5611 4 2 2 31 1221 1824 1716 1864
5612 4 2 2 31 1559 1597 1723 1871
5613 4 2 2 31 1422 1795 1430 1820
5614 4 2 2 31 494 457 487 1719
5615 4 2 2 31 1576 1644 1844 1957
5616 4 2 2 31 472 420 499 1622
5617 4 2 2 31 880 884 716 1772
5618 4 2 2 31 1541 1736 1627 1742
5619 4 2 2 31 1647 1774 1140 1825
5620 4 2 2 31 1411 890 1695 1823
5621 4 2 2 31 1625 1894 1745 1952
5622 4 2 2 31 1586 1733 1561 1738
5623 4 2 2 31 1601 1577 1849 1850
5624 4 2 2 31 1663 1711 1292 1921
5625 4 2 2 31 1708 1826 1434 1841
5626 4 2 2 31 1550 1817 1657 1872
5627 4 2 2 31 1029 1766 1746 1861
5628 4 2 2 31 1544 1633 1591 1734
5629 4 2 2 31 1591 1721 436 1932
5630 4 2 2 31 384 387 374 1601
5631 4 2 2 31 1130 1656 1142 1701
5632 4 2 2 31 1784 1816 1099 1976
5633 4 2 2 31 924 1724 870 1772
5634 4 2 2 31 1545 1719 1661 1758
5635 4 2 2 31 1586 1829 1738 1884
5636 4 2 2 31 1107 1106 1712 1800
5637 4 2 2 31 1051 1769 1677 1875
5638 4 2 2 31 1625 1700 1554 1759
5639 4 2 2 31 1572 1756 1780 1786
5640 4 2 2 31 1315 1312 1201 1873
5641 4 2 2 31 1161 1248 1633 1734
5642 4 2 2 31 1675 1742 1600 1848
5643 4 2 2 31 952 1687 1603 1804
5644 4 2 2 31 1798 1810 1583 1822
5645 4 2 2 31 1578 1697 1617 1783
5646 4 2 2 31 901 736 849 1667
5647 4 2 2 31 1547 1714 1689 1822
5648 4 2 2 31 1687 1703 1597 1740
5649 4 2 2 31 1577 1886 1850 1938
5650 4 2 2 31 1313 1699 1818 1901
5651 4 2 2 31 490 1617 1830 1923
5652 4 2 2 31 805 806 1688 1768
5653 4 2 2 31 1620 1828 1590 1854
5654 4 2 2 31 1640 1699 1579 1852
5655 4 2 2 31 1546 1660 1653 1958
5656 4 2 2 31 1577 1849 1637 1869
5657 4 2 2 31 1211 1657 1187 1735
5658 4 2 2 31 1593 1766 514 1975
5659 4 2 2 31 1014 1477 1611 1856
5660 4 2 2 31 48 1688 1840 1942
5661 4 2 2 31 1536 1616 1606 1919
5662 4 2 2 31 366 434 1623 1970
5663 4 2 2 31 1170 1646 1702 1789
5664 4 2 2 31 1563 1643 1641 1906
5665 4 2 2 31 1219 1218 1699 1852
5666 4 2 2 31 921 873 1683 1910
5667 4 2 2 31 1571 1616 1606 1775
5668 4 2 2 31 973 1611 1787 1892
5669 4 2 2 31 372 458 376 1903
5670 4 2 2 31 1548 1650 1588 1693
5671 4 2 2 31 1850 1886 1638 1938
5672 4 2 2 31 1011 1787 1020 1892
5673 4 2 2 31 848 773 1598 1880
5674 4 2 2 31 1655 1838 1718 1844
5675 4 2 2 31 1701 1782 1130 1973
5676 4 2 2 31 407 1884 1607 1935
5677 4 2 2 31 1006 1770 1698 1833
5678 4 2 2 31 1173 1641 1172 1728
5679 4 2 2 31 1140 1181 1119 1825
5680 4 2 2 31 1601 1850 1638 1938
5681 4 2 2 31 42 809 1671 1778
5682 4 2 2 31 720 783 1649 1827
5683 4 2 2 31 1274 702 1781 1812
5684 4 2 2 31 1528 1757 1501 1831
5685 4 2 2 31 1331 1234 1658 1911
5686 4 2 2 31 931 1899 1752 1957
5687 4 2 2 31 709 1244 1049 1726
5688 4 2 2 31 1173 1135 1641 1728
5689 4 2 2 31 716 746 1595 1772
5690 4 2 2 31 1256 1332 1255 1861
5691 4 2 2 31 1559 1632 1596 1692
5692 4 2 2 31 63 64 1687 1703
5693 4 2 2 31 1272 1213 1596 1812
5694 4 2 2 31 1746 1766 1587 1861
5695 4 2 2 31 1333 1820 1708 1868
5696 4 2 2 31 1423 1326 1427 1639
5697 4 2 2 31 1347 1649 1216 1908
5698 4 2 2 31 1687 1703 64 1866
5699 4 2 2 31 1605 1838 1516 1896
5700 4 2 2 31 43 463 44 1778
5701 4 2 2 31 1716 1765 1585 1824
5702 4 2 2 31 1566 1709 1810 1931
5703 4 2 2 31 1101 1069 1094 1697
5704 4 2 2 31 522 87 1629 1775
5705 4 2 2 31 1046 1819 1419 1920
5706 4 2 2 31 1798 1867 478 1940
5707 4 2 2 31 1443 1414 851 1640
5708 4 2 2 31 1489 1678 1525 1815
5709 4 2 2 31 1094 1697 1669 1816
5710 4 2 2 31 1607 1822 1706 1885
5711 4 2 2 31 1416 1614 859 1808
5712 4 2 2 31 1263 1316 1709 1818
5713 4 2 2 31 1218 1219 1699 1959
5714 4 2 2 31 758 1237 761 1751
5715 4 2 2 31 1099 1097 1816 1972
5716 4 2 2 31 1490 1622 501 1655
5717 4 2 2 31 1673 1745 1554 1952
5718 4 2 2 31 1716 1765 1568 1811
5719 4 2 2 31 1789 1845 1612 1959
5720 4 2 2 31 852 1692 712 1925
5721 4 2 2 31 951 1595 880 1790
5722 4 2 2 31 1560 1857 1776 1897
5723 4 2 2 31 751 1044 704 1707
5724 4 2 2 31 973 1787 857 1892
5725 4 2 2 31 1566 1904 1709 1931
5726 4 2 2 31 1699 1799 1549 1901
5727 4 2 2 31 360 1612 441 1806
5728 4 2 2 31 1543 1648 1712 1741
5729 4 2 2 31 1093 1669 1393 1865
5730 4 2 2 31 1018 1004 1020 1787
5731 4 2 2 31 456 1807 510 1882
5732 4 2 2 31 825 819 1599 1930
5733 4 2 2 31 1599 1860 421 1930
5734 4 2 2 31 1651 1685 1546 1747
5735 4 2 2 31 1631 1669 1552 1678
5736 4 2 2 31 1565 1632 1596 1881
5737 4 2 2 31 1127 1782 1754 1973
5738 4 2 2 31 1120 1693 1122 1950
5739 4 2 2 31 1605 1516 1838 1968
5740 4 2 2 31 472 420 1622 1813
5741 4 2 2 31 1548 1588 1650 1805
5742 4 2 2 31 514 414 1766 1889
5743 4 2 2 31 371 1673 373 1759
5744 4 2 2 31 1238 1239 1240 1801
5745 4 2 2 31 769 1763 1615 1864
5746 4 2 2 31 836 1692 1925 1928
5747 4 2 2 31 70 1666 69 1949
5748 4 2 2 31 1291 1788 1663 1922
5749 4 2 2 31 1541 1705 1647 1953
5750 4 2 2 31 1588 1553 1714 1940
5751 4 2 2 31 1596 1925 1632 1980
5752 4 2 2 31 1273 1735 1340 1893
5753 4 2 2 31 1327 1403 1427 1639
5754 4 2 2 31 1427 1326 1061 1639
5755 4 2 2 31 359 1489 363 1815
5756 4 2 2 31 1372 1634 1293 1851
5757 4 2 2 31 1203 1691 1204 1720
5758 4 2 2 31 790 1688 806 1840
5759 4 2 2 31 1230 1795 1342 1902
5760 4 2 2 31 78 77 474 1809
5761 4 2 2 31 1290 1647 1825 1963
5762 4 2 2 31 891 849 711 1880
5763 4 2 2 31 1173 1172 1135 1728
5764 4 2 2 31 1393 1094 1069 1669
5765 4 2 2 31 1428 1423 1639 1856
5766 4 2 2 31 92 1742 93 1848
5767 4 2 2 31 1576 1844 1655 1957
5768 4 2 2 31 1547 1690 1619 1782
5769 4 2 2 31 1711 1556 1824 1921
5770 4 2 2 31 1573 1780 1756 1786
5771 4 2 2 31 1684 1778 1599 1779
5772 4 2 2 31 1729 1748 1549 1936
5773 4 2 2 31 866 1624 932 1826
5774 4 2 2 31 843 941 889 1775
5775 4 2 2 31 1584 1659 1814 1970
5776 4 2 2 31 1602 1679 1567 1745
5777 4 2 2 31 1621 1674 450 1956
5778 4 2 2 31 1585 1765 1763 1946
5779 4 2 2 31 1757 1868 1083 1888
5780 4 2 2 31 498 1605 504 1933
5781 4 2 2 31 70 1652 958 1666
5782 4 2 2 31 1714 1798 1689 1822
5783 4 2 2 31 387 374 1601 1903
5784 4 2 2 31 1411 890 863 1695
5785 4 2 2 31 1672 1685 1151 1982
5786 4 2 2 31 864 707 896 1763
5787 4 2 2 31 1557 1727 1657 1735
5788 4 2 2 31 1344 1208 1332 1628
5789 4 2 2 31 1525 1519 1498 1678
5790 4 2 2 31 1230 1342 1357 1902
5791 4 2 2 31 1551 1808 1592 1842
5792 4 2 2 31 1559 1740 1632 1928
5793 4 2 2 31 1592 1842 1609 1895
5794 4 2 2 31 1592 1549 1755 1901
5795 4 2 2 31 1092 1865 1626 1878
5796 4 2 2 31 797 916 3 1671
5797 4 2 2 31 1536 1629 1676 1732
5798 4 2 2 31 784 1794 1645 1927
5799 4 2 2 31 1689 1714 1547 1754
5800 4 2 2 31 923 1749 79 1905
5801 4 2 2 31 1593 1646 1540 1670
5802 4 2 2 31 1212 1646 1170 1789
5803 4 2 2 31 1563 1597 1701 1961
5804 4 2 2 31 1444 1445 1748 1799
5805 4 2 2 31 1562 1652 1683 1843
5806 4 2 2 31 1619 1690 1563 1782
5807 4 2 2 31 1647 1774 1825 1883
5808 4 2 2 31 1593 1540 1646 1889
5809 4 2 2 31 1618 1628 1537 1937
5810 4 2 2 31 736 901 727 1667
5811 4 2 2 31 1745 1894 1137 1952
5812 4 2 2 31 1647 1693 1290 1950
5813 4 2 2 31 1235 1331 1234 1658
5814 4 2 2 31 1600 1791 453 1883
5815 4 2 2 31 871 10 1783 1905
5816 4 2 2 31 1610 1783 1578 1905
5817 4 2 2 31 1298 1130 1701 1782
5818 4 2 2 31 501 1622 420 1899
5819 4 2 2 31 703 1285 1038 1870
5820 4 2 2 31 1107 1105 1106 1800
5821 4 2 2 31 1657 1727 1581 1735
5822 4 2 2 31 843 941 1775 1948
5823 4 2 2 31 1194 1336 1209 1824
5824 4 2 2 31 1610 1682 1536 1832
5825 4 2 2 31 716 745 746 1772
5826 4 2 2 31 383 487 1719 1915
5827 4 2 2 31 1303 1386 1261 1616
5828 4 2 2 31 1213 1812 1713 1881
5829 4 2 2 31 366 1623 364 1815
5830 4 2 2 31 77 1809 78 1900
5831 4 2 2 31 376 370 1659 1741
5832 4 2 2 31 1071 1762 1331 1890
5833 4 2 2 31 1530 1739 1594 1863
5834 4 2 2 31 1349 1799 1313 1901
5835 4 2 2 31 1662 1693 1588 1754
5836 4 2 2 31 438 522 1741 1939
5837 4 2 2 31 1155 1609 1178 1879
5838 4 2 2 31 1530 1594 1739 1855
5839 4 2 2 31 1520 1718 1655 1838
5840 4 2 2 31 1025 1022 996 1618
5841 4 2 2 31 70 1652 1666 1837
5842 4 2 2 31 1500 1631 1524 1978
5843 4 2 2 31 1613 1681 98 1936
5844 4 2 2 31 426 1839 436 1932
5845 4 2 2 31 1559 1687 1597 1740
5846 4 2 2 31 1623 1658 1584 1803
5847 4 2 2 31 1756 1780 1573 1831
5848 4 2 2 31 1124 1122 1123 1650
5849 4 2 2 31 34 508 1671 1813
5850 4 2 2 31 1603 1781 767 1804
5851 4 2 2 31 1637 1807 1664 1954
5852 4 2 2 31 1506 1487 1508 1779
5853 4 2 2 31 1095 1865 1092 1878
5854 4 2 2 31 1547 1690 1588 1714
5855 4 2 2 31 795 817 1476 1680
5856 4 2 2 31 959 1666 888 1764
5857 4 2 2 31 972 1598 848 1891
5858 4 2 2 31 1612 1806 360 1889
5859 4 2 2 31 836 1925 1632 1928
5860 4 2 2 31 1100 1378 1073 1718
5861 4 2 2 31 1775 1823 1571 1948
5862 4 2 2 31 100 441 360 1612
5863 4 2 2 31 873 978 1595 1910
5864 4 2 2 31 1647 1664 1548 1950
5865 4 2 2 31 1605 1839 1696 1857
5866 4 2 2 31 702 735 1274 1781
5867 4 2 2 31 703 1038 740 1634
5868 4 2 2 31 804 785 1768 1902
5869 4 2 2 31 765 870 1724 1772
5870 4 2 2 31 1606 1682 1610 1832
5871 4 2 2 31 56 469 57 1618
5872 4 2 2 31 1060 1753 1364 1967
5873 4 2 2 31 924 881 1724 1760
5874 4 2 2 31 1570 1816 1749 1976
5875 4 2 2 31 1123 1650 1122 1693
5876 4 2 2 31 1579 1845 1789 1959
5877 4 2 2 31 433 390 392 1705
5878 4 2 2 31 1618 1537 1750 1937
5879 4 2 2 31 1599 819 1846 1930
5880 4 2 2 31 418 473 1703 1882
5881 4 2 2 31 1025 1007 1022 1618
5882 4 2 2 31 1426 1476 817 1680
5883 4 2 2 31 1486 1680 1430 1795
5884 4 2 2 31 864 896 966 1763
5885 4 2 2 31 1550 1657 1791 1872
5886 4 2 2 31 818 1645 774 1794
5887 4 2 2 31 1537 1802 1660 1907
5888 4 2 2 31 1153 1137 1147 1602
5889 4 2 2 31 1675 1736 1541 1742
5890 4 2 2 31 1312 1871 1597 1961
5891 4 2 2 31 749 709 1049 1726
5892 4 2 2 31 937 1598 1828 1880
5893 4 2 2 31 1558 1712 1648 1741
5894 4 2 2 31 1199 1196 1162 1734
5895 4 2 2 31 1694 1821 1567 1946
5896 4 2 2 31 1306 1146 1745 1971
5897 4 2 2 31 1633 1853 1564 1894
5898 4 2 2 31 828 796 818 1645
5899 4 2 2 31 895 1409 863 1695
5900 4 2 2 31 1429 1342 1422 1820
5901 4 2 2 31 1588 1547 1714 1754
5902 4 2 2 31 1619 1547 1782 1973
5903 4 2 2 31 1093 1816 1669 1865
5904 4 2 2 31 1576 1724 1604 1725
5905 4 2 2 31 1658 1800 1584 1803
5906 4 2 2 31 1572 1780 1756 1831
5907 4 2 2 31 449 478 1798 1867
5908 4 2 2 31 1579 1710 1639 1789
5909 4 2 2 31 1574 1753 1684 1778
5910 4 2 2 31 1563 1641 1597 1961
5911 4 2 2 31 1566 1612 1845 1959
5912 4 2 2 31 418 1807 523 1882
5913 4 2 2 31 1506 1684 1599 1779
5914 4 2 2 31 1562 1615 1666 1679
5915 4 2 2 31 1589 1671 1645 1801
5916 4 2 2 31 1148 1191 1155 1895
5917 4 2 2 31 1506 1487 1599 1860
5918 4 2 2 31 848 937 891 1880
5919 4 2 2 31 1184 1186 1185 1657
5920 4 2 2 31 1537 1628 1618 1955
5921 4 2 2 31 1388 1718 1356 1744
5922 4 2 2 31 1639 1710 1539 1789
5923 4 2 2 31 1621 1711 1568 1851
5924 4 2 2 31 1530 1504 1594 1855
5925 4 2 2 31 400 1798 1714 1822
5926 4 2 2 31 873 880 951 1595
5927 4 2 2 31 1470 1273 1720 1893
5928 4 2 2 31 470 1694 1636 1949
5929 4 2 2 31 374 1759 1601 1903
5930 4 2 2 31 1574 1778 1684 1779
5931 4 2 2 31 1644 1575 1844 1957
5932 4 2 2 31 1197 1709 1316 1904
5933 4 2 2 31 1604 1726 748 1772
5934 4 2 2 31 1555 1703 1687 1866
5935 4 2 2 31 1666 1946 69 1949
5936 4 2 2 31 1250 1044 751 1707
5937 4 2 2 31 1213 1596 1812 1881
5938 4 2 2 31 1604 1760 1724 1933
5939 4 2 2 31 739 1811 1634 1859
5940 4 2 2 31 1618 1538 1750 1887
5941 4 2 2 31 1627 1736 1551 1742
5942 4 2 2 31 468 514 1593 1889
5943 4 2 2 31 788 1686 1262 1846
5944 4 2 2 31 498 1760 1605 1933
5945 4 2 2 31 1547 1607 1706 1973
5946 4 2 2 31 1119 1647 1290 1950
5947 4 2 2 31 488 46 481 1594
5948 4 2 2 31 398 1690 399 1714
5949 4 2 2 31 1599 1778 1753 1846
5950 4 2 2 31 437 370 1741 1970
5951 4 2 2 31 32 501 420 1899
5952 4 2 2 31 1115 1661 1297 1758
5953 4 2 2 31 1623 1631 1552 1678
5954 4 2 2 31 1109 1924 1700 1952
5955 4 2 2 31 74 75 932 1914
5956 4 2 2 31 1020 1004 1033 1611
5957 4 2 2 31 1551 1592 1677 1895
5958 4 2 2 31 1508 1490 1507 1622
5959 4 2 2 31 1619 1701 1656 1782
5960 4 2 2 31 1563 1690 1650 1782
5961 4 2 2 31 1544 1683 1652 1843
5962 4 2 2 31 836 1692 947 1925
5963 4 2 2 31 1346 1675 1294 1875
5964 4 2 2 31 1705 1836 454 1953
5965 4 2 2 31 1564 1659 1658 1800
5966 4 2 2 31 500 516 454 1953
5967 4 2 2 31 1616 1303 1771 1960
5968 4 2 2 31 736 711 849 1880
5969 4 2 2 31 1379 1716 1221 1824
5970 4 2 2 31 1343 1735 1037 1769
5971 4 2 2 31 1647 1705 1637 1883
5972 4 2 2 31 371 372 370 1659
5973 4 2 2 31 741 777 1765 1811
5974 4 2 2 31 796 822 721 1645
5975 4 2 2 31 1137 1602 1153 1894
5976 4 2 2 31 962 1695 890 1823
5977 4 2 2 31 1668 1727 1557 1735
5978 4 2 2 31 1415 1450 1468 1592
5979 4 2 2 31 1675 1736 1551 1875
5980 4 2 2 31 1554 1745 1661 1952
5981 4 2 2 31 1094 1669 1393 1816
5982 4 2 2 31 1581 1727 1668 1735
5983 4 2 2 31 500 454 1836 1953
5984 4 2 2 31 1000 987 1344 1861
5985 4 2 2 31 761 760 1751 1793
5986 4 2 2 31 488 378 47 1840
5987 4 2 2 31 1683 1785 921 1910
5988 4 2 2 31 1598 1891 972 1941
5989 4 2 2 31 799 1671 809 1778
5990 4 2 2 31 460 79 1617 1783
5991 4 2 2 31 1666 1679 1567 1837
5992 4 2 2 31 1076 820 788 1846
5993 4 2 2 31 465 1798 410 1822
5994 4 2 2 31 851 944 1640 1748
5995 4 2 2 31 871 845 10 1905
5996 4 2 2 31 1652 1679 1666 1837
5997 4 2 2 31 1151 1672 1166 1685
5998 4 2 2 31 481 46 45 1860
5999 4 2 2 31 438 1648 502 1939
6000 4 2 2 31 1636 1719 487 1915
6001 4 2 2 31 1372 1293 1206 1851
6002 4 2 2 31 806 1768 1797 1840
6003 4 2 2 31 1658 1659 1564 1814
6004 4 2 2 31 937 1828 1598 1941
6005 4 2 2 31 462 382 984 1746
6006 4 2 2 31 1625 1673 1554 1952
6007 4 2 2 31 358 1694 68 1956
6008 4 2 2 31 752 1790 1707 1835
6009 4 2 2 31 1758 1869 1577 1938
6010 4 2 2 31 1125 1123 1143 1662
6011 4 2 2 31 1572 1688 1756 1786
6012 4 2 2 31 1506 1860 1599 1917
6013 4 2 2 31 804 1680 827 1795
6014 4 2 2 31 1699 1549 1818 1901
6015 4 2 2 31 1791 1850 1577 1886
6016 4 2 2 31 388 1791 419 1850
6017 4 2 2 31 1558 1700 1638 1924
6018 4 2 2 31 1581 1691 1635 1817
6019 4 2 2 31 1724 1760 1604 1772
6020 4 2 2 31 1537 1628 1802 1907
6021 4 2 2 31 1013 1345 1360 1833
6022 4 2 2 31 879 1406 1472 1610
6023 4 2 2 31 1175 1176 1788 1873
6024 4 2 2 31 1587 1747 1802 1958
6025 4 2 2 31 1705 1883 1647 1953
6026 4 2 2 31 1545 1601 1719 1758
6027 4 2 2 31 1642 1649 1598 1827
6028 4 2 2 31 902 856 766 1804
6029 4 2 2 31 707 864 764 1763
6030 4 2 2 31 1570 1878 1865 1976
6031 4 2 2 31 793 1671 798 1794
6032 4 2 2 31 1541 1736 1675 1825
6033 4 2 2 31 97 1613 98 1936
6034 4 2 2 31 418 1643 1807 1882
6035 4 2 2 31 1536 1606 1682 1919
6036 4 2 2 31 784 774 721 1645
6037 4 2 2 31 1613 1681 1566 1810
6038 4 2 2 31 427 1703 489 1862
6039 4 2 2 31 12 460 423 1783
6040 4 2 2 31 1055 1065 1528 1831
6041 4 2 2 31 1588 1693 1650 1754
6042 4 2 2 31 1154 1616 1303 1771
6043 4 2 2 31 1671 1574 1778 1967
6044 4 2 2 31 1565 1665 1620 1829
6045 4 2 2 31 744 1716 741 1765
6046 4 2 2 31 1570 1830 1669 1865
6047 4 2 2 31 1132 1137 1894 1952
6048 4 2 2 31 1668 1695 1581 1893
6049 4 2 2 31 969 12 86 1783
6050 4 2 2 31 1585 1615 1821 1946
6051 4 2 2 31 1544 1652 1602 1843
6052 4 2 2 31 808 1594 1840 1912
6053 4 2 2 31 1580 1826 1708 1841
6054 4 2 2 31 1036 1281 1451 1916
6055 4 2 2 31 1634 1731 1603 1859
6056 4 2 2 31 713 856 894 1804
6057 4 2 2 31 1525 1522 1517 1815
6058 4 2 2 31 46 45 1860 1930
6059 4 2 2 31 1646 1670 1171 1962
6060 4 2 2 31 1371 1596 1213 1881
6061 4 2 2 31 486 419 1791 1872
6062 4 2 2 31 1367 1331 1071 1762
6063 4 2 2 31 812 1594 808 1912
6064 4 2 2 31 1570 1669 1617 1816
6065 4 2 2 31 444 350 1829 1884
6066 4 2 2 31 1591 1857 1734 1890
6067 4 2 2 31 1645 1671 798 1966
6068 4 2 2 31 1437 1608 1059 1841
6069 4 2 2 31 1282 1305 1875 1895
6070 4 2 2 31 432 480 1653 1829
6071 4 2 2 31 1520 1378 1718 1838
6072 4 2 2 31 1559 1781 1692 1812
6073 4 2 2 31 1561 1738 1632 1979
6074 4 2 2 31 1589 1813 1730 1899
6075 4 2 2 31 1309 1771 1303 1960
6076 4 2 2 31 1585 1821 1694 1946
6077 4 2 2 31 863 1471 1411 1695
6078 4 2 2 31 1565 1881 1722 1945
6079 4 2 2 31 1215 1249 1045 1649
6080 4 2 2 31 1061 1366 1327 1639
6081 4 2 2 31 1226 1044 1250 1707
6082 4 2 2 31 1715 1824 1556 1921
6083 4 2 2 31 1596 1713 1559 1812
6084 4 2 2 31 965 963 895 1668
6085 4 2 2 31 1537 1620 1665 1829
6086 4 2 2 31 1573 1868 1757 1888
6087 4 2 2 31 1261 1041 1353 1796
6088 4 2 2 31 522 88 1775 1939
6089 4 2 2 31 1606 1616 1571 1796
6090 4 2 2 31 1451 1755 1036 1916
6091 4 2 2 31 1607 1761 1586 1943
6092 4 2 2 31 956 1614 859 1847
6093 4 2 2 31 1382 1251 1226 1630
6094 4 2 2 31 1582 1624 1820 1868
6095 4 2 2 31 1621 1711 1556 1777
6096 4 2 2 31 504 1605 1896 1933
6097 4 2 2 31 767 713 737 1804
6098 4 2 2 31 1655 1576 1838 1844
6099 4 2 2 31 409 1802 1747 1958
6100 4 2 2 31 1228 1682 1322 1972
6101 4 2 2 31 1076 788 1262 1846
6102 4 2 2 31 1601 1700 1558 1759
6103 4 2 2 31 962 1695 1823 1948
6104 4 2 2 31 427 1703 1862 1965
6105 4 2 2 31 1582 1820 1756 1868
6106 4 2 2 31 1109 1625 1924 1952
6107 4 2 2 31 1637 1647 1548 1705
6108 4 2 2 31 352 1674 1621 1882
6109 4 2 2 31 1296 1150 1665 1909
6110 4 2 2 31 1500 1524 1494 1978
6111 4 2 2 31 363 1517 1721 1815
6112 4 2 2 31 1537 1887 1802 1955
6113 4 2 2 31 476 430 75 1654
6114 4 2 2 31 1554 1673 1625 1759
6115 4 2 2 31 726 1926 759 1927
6116 4 2 2 31 1550 1791 1774 1886
6117 4 2 2 31 1154 1303 1309 1771
6118 4 2 2 31 741 739 1811 1870
6119 4 2 2 31 383 386 487 1915
6120 4 2 2 31 1212 1264 1170 1646
6121 4 2 2 31 1602 1564 1737 1853
6122 4 2 2 31 1324 1050 743 1716
6123 4 2 2 31 1146 1288 1147 1679
6124 4 2 2 31 1601 1638 1558 1700
6125 4 2 2 31 1530 1594 1521 1863
6126 4 2 2 31 1366 1205 1218 1789
6127 4 2 2 31 844 888 959 1666
6128 4 2 2 31 1640 1549 1748 1936
6129 4 2 2 31 426 379 436 1839
6130 4 2 2 31 1688 1756 1582 1768
6131 4 2 2 31 359 1678 1489 1815
6132 4 2 2 31 1673 1737 354 1837
6133 4 2 2 31 1457 1455 1769 1847
6134 4 2 2 31 399 1714 1690 1935
6135 4 2 2 31 439 1814 1704 1944
6136 4 2 2 31 766 734 1692 1804
6137 4 2 2 31 1508 499 1490 1779
6138 4 2 2 31 58 59 1620 1829
6139 4 2 2 31 1176 1851 1788 1873
6140 4 2 2 31 1637 1664 1545 1954
6141 4 2 2 31 1539 1770 1698 1787
6142 4 2 2 31 932 1826 1624 1914
6143 4 2 2 31 1268 1638 1302 1773
6144 4 2 2 31 1561 1862 1619 1979
6145 4 2 2 31 1626 1865 1570 1878
6146 4 2 2 31 1103 1232 1101 1803
6147 4 2 2 31 1622 1655 1509 1718
6148 4 2 2 31 1437 1608 1438 1784
6149 4 2 2 31 1592 1729 1609 1842
6150 4 2 2 31 968 875 34 1813
6151 4 2 2 31 357 1600 453 1883
6152 4 2 2 31 1632 1925 1692 1928
6153 4 2 2 31 1662 1754 1588 1929
6154 4 2 2 31 1459 1457 1405 1769
6155 4 2 2 31 1655 1844 1575 1957
6156 4 2 2 31 1554 1700 1601 1759
6157 4 2 2 31 954 952 837 1866
6158 4 2 2 31 779 721 822 1645
6159 4 2 2 31 1626 1757 1066 1888
6160 4 2 2 31 949 911 1729 1969
6161 4 2 2 31 1666 1821 1615 1946
6162 4 2 2 31 1217 1792 1639 1856
6163 4 2 2 31 100 99 441 1845
6164 4 2 2 31 1600 1825 1774 1883
6165 4 2 2 31 1577 1647 1637 1883
6166 4 2 2 31 1588 1836 1662 1940
6167 4 2 2 31 1122 1728 1650 1906
6168 4 2 2 31 1606 1796 1462 1920
6169 4 2 2 31 1304 1770 1212 1792
6170 4 2 2 31 1617 1669 1552 1697
6171 4 2 2 31 929 763 867 1644
6172 4 2 2 31 832 940 912 1710
6173 4 2 2 31 1585 1765 1716 1864
6174 4 2 2 31 1675 1742 1541 1825
6175 4 2 2 31 1551 1842 1592 1895
6176 4 2 2 31 763 929 705 1752
6177 4 2 2 31 1062 1378 1388 1718
6178 4 2 2 31 48 1840 378 1942
6179 4 2 2 31 1564 1737 1704 1944
6180 4 2 2 31 1290 1693 1647 1963
6181 4 2 2 31 442 1651 1806 1810
6182 4 2 2 31 1591 1544 1785 1898
6183 4 2 2 31 44 1599 421 1930
6184 4 2 2 31 1616 1691 1543 1775
6185 4 2 2 31 769 1615 718 1864
6186 4 2 2 31 912 943 1845 1876
6187 4 2 2 31 1165 1166 1151 1672
6188 4 2 2 31 1347 1642 1649 1908
6189 4 2 2 31 436 483 385 1704
6190 4 2 2 31 1556 1663 1661 1921
6191 4 2 2 31 1451 1404 1036 1755
6192 4 2 2 31 1714 1798 478 1940
6193 4 2 2 31 959 1666 1763 1946
6194 4 2 2 31 387 384 388 1849
6195 4 2 2 31 1044 704 1707 1835
6196 4 2 2 31 373 1759 1673 1915
6197 4 2 2 31 95 94 452 1627
6198 4 2 2 31 1141 1302 1712 1773
6199 4 2 2 31 382 469 507 1618
6200 4 2 2 31 1122 1135 1728 1906
6201 4 2 2 31 769 1615 1763 1764
6202 4 2 2 31 94 1627 95 1842
6203 4 2 2 31 828 798 1645 1794
6204 4 2 2 31 61 1740 62 1928
6205 4 2 2 31 1274 1040 702 1812
6206 4 2 2 31 1509 1622 1490 1655
6207 4 2 2 31 1594 1739 1572 1840
6208 4 2 2 31 1419 1258 1046 1920
6209 4 2 2 31 866 1624 1433 1874
6210 4 2 2 31 1556 1694 1777 1824
6211 4 2 2 31 831 917 57 1828
6212 4 2 2 31 1700 1924 1625 1952
6213 4 2 2 31 1561 1656 1619 1701
6214 4 2 2 31 498 1605 1839 1932
6215 4 2 2 31 1641 1569 1788 1922
6216 4 2 2 31 746 1726 1595 1772
6217 4 2 2 31 1602 1853 1153 1894
6218 4 2 2 31 876 967 1786 1874
6219 4 2 2 31 1582 1820 1795 1902
6220 4 2 2 31 1692 1781 1559 1804
6221 4 2 2 31 419 1850 1791 1872
6222 4 2 2 31 1109 1700 1111 1952
6223 4 2 2 31 1454 1677 1614 1808
6224 4 2 2 31 1602 1137 1745 1894
6225 4 2 2 31 1281 1677 1410 1916
6226 4 2 2 31 855 1415 898 1808
6227 4 2 2 31 1683 1785 1544 1898
6228 4 2 2 31 1652 1683 71 1934
6229 4 2 2 31 92 453 357 1600
6230 4 2 2 31 1730 1801 1574 1813
6231 4 2 2 31 1594 1855 1504 1860
6232 4 2 2 31 1125 1754 1662 1929
6233 4 2 2 31 1549 1613 1729 1936
6234 4 2 2 31 1112 1700 1113 1938
6235 4 2 2 31 1548 1643 1728 1807
6236 4 2 2 31 726 784 1645 1927
6237 4 2 2 31 66 1777 1621 1956
6238 4 2 2 31 522 88 87 1775
6239 4 2 2 31 1207 1907 1227 1937
6240 4 2 2 31 713 894 737 1804
6241 4 2 2 31 1594 1797 1739 1840
6242 4 2 2 31 1591 1721 1696 1762
6243 4 2 2 31 1490 501 1511 1655
6244 4 2 2 31 1022 1019 995 1717
6245 4 2 2 31 1617 1669 1570 1830
6246 4 2 2 31 1292 1291 1189 1663
6247 4 2 2 31 704 1252 754 1835
6248 4 2 2 31 1196 1199 1320 1734
6249 4 2 2 31 346 1654 345 1809
6250 4 2 2 31 1550 1635 1773 1817
6251 4 2 2 31 1356 1388 1224 1718
6252 4 2 2 31 1739 1797 1572 1840
6253 4 2 2 31 1565 1854 1667 1980
6254 4 2 2 31 1607 1619 1547 1935
6255 4 2 2 31 1111 1700 1297 1952
6256 4 2 2 31 1546 1761 1607 1943
6257 4 2 2 31 68 1694 470 1949
6258 4 2 2 31 1211 1294 1185 1657
6259 4 2 2 31 1614 1677 1551 1808
6260 4 2 2 31 1567 1915 1745 1971
6261 4 2 2 31 1163 1658 1233 1803
6262 4 2 2 31 1111 1112 1297 1700
6263 4 2 2 31 1411 1695 1465 1823
6264 4 2 2 31 1585 1715 1694 1821
6265 4 2 2 31 1113 1700 1638 1938
6266 4 2 2 31 1423 1428 1485 1856
6267 4 2 2 31 958 888 1666 1934
6268 4 2 2 31 1278 1195 1715 1921
6269 4 2 2 31 1268 1638 1773 1886
6270 4 2 2 31 1619 1782 1656 1973
6271 4 2 2 31 1544 1734 1591 1785
6272 4 2 2 31 848 891 773 1880
6273 4 2 2 31 1068 1631 1803 1911
6274 4 2 2 31 1170 1646 1264 1702
6275 4 2 2 31 1489 1525 1517 1815
6276 4 2 2 31 851 1640 1414 1748
6277 4 2 2 31 78 1749 882 1900
6278 4 2 2 31 851 946 944 1748
6279 4 2 2 31 1504 1521 1594 1860
6280 4 2 2 31 1059 1337 1243 1608
6281 4 2 2 31 1161 1633 1164 1853
6282 4 2 2 31 1541 1825 1742 1953
6283 4 2 2 31 902 766 1692 1804
6284 4 2 2 31 1660 1907 1156 1909
6285 4 2 2 31 956 955 859 1614
6286 4 2 2 31 1568 1711 1621 1777
6287 4 2 2 31 1601 1719 1554 1759
6288 4 2 2 31 1860 1863 1686 1917
6289 4 2 2 31 1361 1682 1046 1920
6290 4 2 2 31 469 57 1618 1887
6291 4 2 2 31 1562 1683 1630 1843
6292 4 2 2 31 1694 1715 1567 1821
6293 4 2 2 31 1173 1873 1641 1961
6294 4 2 2 31 1041 1466 1269 1720
6295 4 2 2 31 1621 1555 1788 1851
6296 4 2 2 31 1381 1646 1212 1770
6297 4 2 2 31 1577 1774 1647 1883
6298 4 2 2 31 61 1738 1632 1980
6299 4 2 2 31 1022 1007 981 1717
6300 4 2 2 31 921 1683 72 1785
6301 4 2 2 31 1235 1164 1331 1633
6302 4 2 2 31 1559 1597 1687 1723
6303 4 2 2 31 1612 1646 1539 1789
6304 4 2 2 31 1623 1584 1732 1803
6305 4 2 2 31 1582 1756 1688 1786
6306 4 2 2 31 1536 1676 1629 1918
6307 4 2 2 31 1674 1807 510 1954
6308 4 2 2 31 1558 1638 1601 1903
6309 4 2 2 31 1634 1858 738 1859
6310 4 2 2 31 1677 1769 1614 1875
6311 4 2 2 31 1631 1911 1399 1978
6312 4 2 2 31 1584 1629 1676 1771
6313 4 2 2 31 1349 1220 1313 1799
6314 4 2 2 31 1711 1556 1777 1824
6315 4 2 2 31 757 1644 776 1724
6316 4 2 2 31 826 1846 819 1930
6317 4 2 2 31 1548 1643 1650 1728
6318 4 2 2 31 1545 1664 1637 1869
6319 4 2 2 31 1300 1183 1736 1825
6320 4 2 2 31 964 842 1765 1777
6321 4 2 2 31 1103 1676 1105 1803
6322 4 2 2 31 1530 1504 1521 1594
6323 4 2 2 31 1276 1274 735 1781
6324 4 2 2 31 727 712 728 1667
6325 4 2 2 31 1024 1006 1023 1698
6326 4 2 2 31 1327 1366 1218 1852
6327 4 2 2 31 1034 1827 1642 1981
6328 4 2 2 31 463 421 44 1599
6329 4 2 2 31 425 443 1673 1737
6330 4 2 2 31 93 94 909 1742
6331 4 2 2 31 1161 1162 1196 1734
6332 4 2 2 31 1541 1693 1647 1705
6333 4 2 2 31 855 1415 1808 1969
6334 4 2 2 31 768 1716 744 1765
6335 4 2 2 31 413 1651 1747 1806
6336 4 2 2 31 1257 1171 1646 1670
6337 4 2 2 31 812 1686 1594 1912
6338 4 2 2 31 513 414 475 1766
6339 4 2 2 31 1207 1385 1750 1937
6340 4 2 2 31 1613 1798 1709 1947
6341 4 2 2 31 1450 1755 1592 1969
6342 4 2 2 31 779 822 1374 1645
6343 4 2 2 31 1444 1799 1640 1852
6344 4 2 2 31 1640 1799 1699 1852
6345 4 2 2 31 1638 1700 1601 1938
6346 4 2 2 31 1700 1758 1601 1938
6347 4 2 2 31 707 1763 768 1765
6348 4 2 2 31 379 1785 1591 1839
6349 4 2 2 31 352 510 450 1674
6350 4 2 2 31 955 859 1614 1808
6351 4 2 2 31 1468 1677 1454 1808
6352 4 2 2 31 1594 1860 1521 1863
6353 4 2 2 31 1669 1697 1617 1816
6354 4 2 2 31 518 1651 1885 1958
6355 4 2 2 31 1258 1361 1046 1920
6356 4 2 2 31 1536 1629 1616 1918
6357 4 2 2 31 1614 1769 1455 1847
6358 4 2 2 31 1102 1676 1697 1918
6359 4 2 2 31 1622 1655 1575 1899
6360 4 2 2 31 1529 1809 1497 1830
6361 4 2 2 31 450 66 352 1621
6362 4 2 2 31 1591 1696 1857 1890
6363 4 2 2 31 493 1678 375 1923
6364 4 2 2 31 1508 503 424 1779
6365 4 2 2 31 1645 1801 1671 1966
6366 4 2 2 31 930 1433 866 1826
6367 4 2 2 31 1014 1611 1033 1856
6368 4 2 2 31 1107 1800 1712 1924
6369 4 2 2 31 1623 1631 1542 1911
6370 4 2 2 31 1445 1755 1748 1799
6371 4 2 2 31 1716 1824 1585 1864
6372 4 2 2 31 1555 1703 1641 1873
6373 4 2 2 31 1441 1440 1610 1905
6374 4 2 2 31 1102 1676 1101 1697
6375 4 2 2 31 1591 1734 1560 1785
6376 4 2 2 31 733 728 729 1596
6377 4 2 2 31 723 732 701 1649
6378 4 2 2 31 808 1840 1797 1912
6379 4 2 2 31 790 811 48 1840
6380 4 2 2 31 468 1593 514 1975
6381 4 2 2 31 1550 1850 1791 1886
6382 4 2 2 31 978 846 1772 1910
6383 4 2 2 31 1590 1565 1722 1854
6384 4 2 2 31 47 46 488 1840
6385 4 2 2 31 1133 1656 1131 1761
6386 4 2 2 31 444 1829 432 1943
6387 4 2 2 31 1801 1926 1239 1966
6388 4 2 2 31 1471 863 1409 1695
6389 4 2 2 31 1044 1252 704 1835
6390 4 2 2 31 1613 97 1867 1936
6391 4 2 2 31 1199 1387 1320 1897
6392 4 2 2 31 1635 1648 1543 1939
6393 4 2 2 31 98 1613 448 1810
6394 4 2 2 31 1675 1736 1183 1825
6395 4 2 2 31 953 1808 1592 1969
6396 4 2 2 31 1603 1858 1634 1859
6397 4 2 2 31 1659 1673 1625 1944
6398 4 2 2 31 1217 1639 1326 1856
6399 4 2 2 31 1564 1853 1602 1894
6400 4 2 2 31 1607 1884 1619 1935
6401 4 2 2 31 1678 1815 1631 1978
6402 4 2 2 31 1645 1926 726 1927
6403 4 2 2 31 1603 738 1858 1859
6404 4 2 2 31 1632 1740 1561 1979
6405 4 2 2 31 1158 1153 1147 1843
6406 4 2 2 31 1113 1110 1638 1700
6407 4 2 2 31 1635 1691 1543 1773
6408 4 2 2 31 354 1673 443 1737
6409 4 2 2 31 1609 1879 1155 1895
6410 4 2 2 31 1709 1798 1689 1947
6411 4 2 2 31 762 1725 1644 1793
6412 4 2 2 31 1173 1312 1873 1961
6413 4 2 2 31 1438 1608 1436 1767
6414 4 2 2 31 1608 1438 1784 1877
6415 4 2 2 31 1627 1736 1662 1879
6416 4 2 2 31 1078 1649 1347 1827
6417 4 2 2 31 1236 1691 1295 1773
6418 4 2 2 31 767 1781 734 1804
6419 4 2 2 31 1216 1347 1215 1649
6420 4 2 2 31 1429 1422 1430 1820
6421 4 2 2 31 1621 1788 1555 1882
6422 4 2 2 31 1501 1780 1502 1831
6423 4 2 2 31 1461 1462 1406 1606
6424 4 2 2 31 1399 1911 1042 1978
6425 4 2 2 31 1290 1825 1181 1963
6426 4 2 2 31 1247 1625 1800 1924
6427 4 2 2 31 1563 1690 1619 1862
6428 4 2 2 31 1550 1774 1657 1886
6429 4 2 2 31 1613 1553 1798 1947
6430 4 2 2 31 449 1798 1613 1867
6431 4 2 2 31 1647 1693 1548 1705
6432 4 2 2 31 1177 1155 1178 1879
6433 4 2 2 31 1599 1684 1506 1917
6434 4 2 2 31 438 1741 1648 1939
6435 4 2 2 31 66 1621 450 1956
6436 4 2 2 31 1520 1509 1655 1718
6437 4 2 2 31 1267 1364 1060 1753
6438 4 2 2 31 1057 1708 1442 1841
6439 4 2 2 31 916 968 3 1671
6440 4 2 2 31 1242 1057 1408 1841
6441 4 2 2 31 1543 1691 1635 1775
6442 4 2 2 31 1619 1656 1561 1884
6443 4 2 2 31 1451 1281 1410 1916
6444 4 2 2 31 1591 1704 1633 1898
6445 4 2 2 31 1572 1756 1688 1768
6446 4 2 2 31 1042 1911 1762 1978
6447 4 2 2 31 1689 1706 1547 1822
6448 4 2 2 31 1542 1631 1623 1815
6449 4 2 2 31 1456 1455 1454 1614
6450 4 2 2 31 76 1809 77 1900
6451 4 2 2 31 852 901 945 1667
6452 4 2 2 31 757 717 926 1724
6453 4 2 2 31 1589 1801 1730 1813
6454 4 2 2 31 1245 1726 1604 1897
6455 4 2 2 31 408 1653 480 1802
6456 4 2 2 31 429 1809 1529 1830
6457 4 2 2 31 384 1601 1719 1849
6458 4 2 2 31 1548 1650 1643 1805
6459 4 2 2 31 830 951 880 1790
6460 4 2 2 31 1825 1883 1600 1953
6461 4 2 2 31 852 1667 945 1925
6462 4 2 2 31 1604 1776 1246 1897
6463 4 2 2 31 992 1299 993 1642
6464 4 2 2 31 1195 1292 1711 1921
6465 4 2 2 31 1216 1722 1180 1908
6466 4 2 2 31 1631 1678 1623 1815
6467 4 2 2 31 1635 1691 1571 1775
6468 4 2 2 31 1424 1437 1438 1784
6469 4 2 2 31 874 71 1683 1934
6470 4 2 2 31 1075 1756 1089 1868
6471 4 2 2 31 349 95 1627 1867
6472 4 2 2 31 1135 1641 1728 1906
6473 4 2 2 31 1059 1608 1243 1841
6474 4 2 2 31 1623 1658 1542 1814
6475 4 2 2 31 1346 1305 1675 1875
6476 4 2 2 31 1577 1774 1791 1886
6477 4 2 2 31 1434 1767 1436 1841
6478 4 2 2 31 1328 1347 1642 1827
6479 4 2 2 31 1754 1782 1547 1973
6480 4 2 2 31 1105 1163 1233 1803
6481 4 2 2 31 1517 363 1489 1815
6482 4 2 2 31 1543 1691 1616 1960
6483 4 2 2 31 502 1648 438 1741
6484 4 2 2 31 1335 1723 1202 1781
6485 4 2 2 31 1515 1721 1696 1932
6486 4 2 2 31 1206 1723 1335 1858
6487 4 2 2 31 1517 1815 1522 1978
6488 4 2 2 31 1745 1837 1673 1915
6489 4 2 2 31 432 464 480 1829
6490 4 2 2 31 1691 1773 1635 1817
6491 4 2 2 31 937 917 1828 1941
6492 4 2 2 31 1560 1591 1785 1839
6493 4 2 2 31 1619 1690 1547 1935
6494 4 2 2 31 1640 1681 1549 1936
6495 4 2 2 31 1470 1273 1421 1720
6496 4 2 2 31 1384 1642 1347 1908
6497 4 2 2 31 1558 1601 1759 1903
6498 4 2 2 31 1312 1597 1873 1961
6499 4 2 2 31 498 1605 1760 1839
6500 4 2 2 31 425 439 1737 1944
6501 4 2 2 31 1556 1715 1694 1824
6502 4 2 2 31 1548 1664 1637 1807
6503 4 2 2 31 1112 1758 1700 1938
6504 4 2 2 31 1646 1698 1539 1770
6505 4 2 2 31 1567 1837 1745 1915
6506 4 2 2 31 1278 1715 1306 1971
6507 4 2 2 31 403 1822 1607 1885
6508 4 2 2 31 1676 1732 1584 1803
6509 4 2 2 31 345 1654 1626 1809
6510 4 2 2 31 956 859 897 1847
6511 4 2 2 31 1554 1661 1745 1971
6512 4 2 2 31 1329 1215 1045 1743
6513 4 2 2 31 58 464 59 1829
6514 4 2 2 31 480 464 361 1887
6515 4 2 2 31 1623 1678 1552 1923
6516 4 2 2 31 1584 1676 1629 1732
6517 4 2 2 31 806 790 805 1688
6518 4 2 2 31 1289 1886 1774 1938
6519 4 2 2 31 1594 1686 1860 1863
6520 4 2 2 31 1346 1294 1283 1875
6521 4 2 2 31 1572 1797 1768 1840
6522 4 2 2 31 1694 1585 1777 1824
6523 4 2 2 31 1559 1687 1603 1723
6524 4 2 2 31 1560 1772 1760 1910
6525 4 2 2 31 1665 1733 1565 1945
6526 4 2 2 31 940 943 912 1876
6527 4 2 2 31 804 785 805 1768
6528 4 2 2 31 1473 1720 1695 1893
6529 4 2 2 31 1247 1109 1625 1924
6530 4 2 2 31 1645 1926 1801 1966
6531 4 2 2 31 1357 1089 1229 1756
6532 4 2 2 31 1120 1290 1693 1950
6533 4 2 2 31 76 77 927 1900
6534 4 2 2 31 504 1605 415 1896
6535 4 2 2 31 1130 1142 1298 1701
6536 4 2 2 31 1397 1684 1492 1744
6537 4 2 2 31 1583 1706 1689 1822
6538 4 2 2 31 1585 1821 1615 1864
6539 4 2 2 31 1133 1733 1145 1974
6540 4 2 2 31 1549 1681 1640 1699
6541 4 2 2 31 1621 1788 1711 1851
6542 4 2 2 31 980 102 1008 1698
6543 4 2 2 31 1441 1877 1440 1905
6544 4 2 2 31 1760 1776 1604 1897
6545 4 2 2 31 1603 1859 1731 1866
6546 4 2 2 31 61 515 1740 1979
6547 4 2 2 31 1476 795 1680 1795
6548 4 2 2 31 72 874 71 1683
6549 4 2 2 31 1628 1227 1907 1937
6550 4 2 2 31 868 1767 1435 1826
6551 4 2 2 31 1229 1756 1768 1902
6552 4 2 2 31 443 1673 354 1837
6553 4 2 2 31 825 813 819 1930
6554 4 2 2 31 1564 1625 1659 1800
6555 4 2 2 31 876 1624 866 1874
6556 4 2 2 31 1435 1767 1434 1826
6557 4 2 2 31 917 1717 1828 1941
6558 4 2 2 31 1569 1728 1643 1807
6559 4 2 2 31 1195 1210 1715 1824
6560 4 2 2 31 749 748 709 1726
6561 4 2 2 31 1622 1730 1574 1813
6562 4 2 2 31 900 851 944 1640
6563 4 2 2 31 1450 1748 1755 1969
6564 4 2 2 31 1612 1566 1806 1931
6565 4 2 2 31 1539 1710 1611 1787
6566 4 2 2 31 1620 1829 1537 1887
6567 4 2 2 31 28 1839 1760 1910
6568 4 2 2 31 1276 1781 708 1858
6569 4 2 2 31 1296 1150 1179 1665
6570 4 2 2 31 1539 1612 1789 1951
6571 4 2 2 31 1578 1682 1610 1819
6572 4 2 2 31 59 1738 60 1980
6573 4 2 2 31 984 1010 462 1746
6574 4 2 2 31 1583 1689 1709 1798
6575 4 2 2 31 757 867 763 1644
6576 4 2 2 31 1078 720 1649 1827
6577 4 2 2 31 410 1714 400 1798
6578 4 2 2 31 1068 1631 1232 1803
6579 4 2 2 31 428 1732 434 1970
6580 4 2 2 31 90 1635 351 1872
6581 4 2 2 31 924 881 870 1724
6582 4 2 2 31 100 1612 360 1951
6583 4 2 2 31 1278 1306 1921 1971
6584 4 2 2 31 1134 1921 1190 1964
6585 4 2 2 31 767 1781 1603 1858
6586 4 2 2 31 1602 1652 1544 1737
6587 4 2 2 31 56 981 1007 1717
6588 4 2 2 31 1626 1654 1580 1809
6589 4 2 2 31 1601 1758 1545 1849
6590 4 2 2 31 1142 1701 1656 1974
6591 4 2 2 31 921 873 951 1683
6592 4 2 2 31 1276 735 708 1781
6593 4 2 2 31 1676 1771 1629 1918
6594 4 2 2 31 814 45 791 1930
6595 4 2 2 31 1485 1611 1477 1856
6596 4 2 2 31 1458 1416 1614 1847
6597 4 2 2 31 1102 1697 1098 1918
6598 4 2 2 31 1338 1626 1066 1888
6599 4 2 2 31 888 1764 1666 1934
6600 4 2 2 31 1572 1739 1594 1855
6601 4 2 2 31 1589 1926 1645 1927
6602 4 2 2 31 1120 1119 1290 1950
6603 4 2 2 31 711 773 891 1880
6604 4 2 2 31 65 910 64 1866
6605 4 2 2 31 1273 1269 1421 1720
6606 4 2 2 31 1581 1727 1657 1872
6607 4 2 2 31 1033 1611 1004 1792
6608 4 2 2 31 422 86 12 1783
6609 4 2 2 31 1453 1416 859 1808
6610 4 2 2 31 930 866 932 1826
6611 4 2 2 31 1515 1696 1721 1762
6612 4 2 2 31 1247 1319 1235 1894
6613 4 2 2 31 1313 1699 1316 1818
6614 4 2 2 31 1622 1574 1730 1744
6615 4 2 2 31 882 1749 1767 1900
6616 4 2 2 31 1319 1853 1164 1894
6617 4 2 2 31 1574 1801 1753 1967
6618 4 2 2 31 1298 1782 1701 1906
6619 4 2 2 31 1296 1665 1179 1945
6620 4 2 2 31 349 95 452 1627
6621 4 2 2 31 1566 1810 1806 1931
6622 4 2 2 31 791 1594 812 1930
6623 4 2 2 31 724 1649 1598 1880
6624 4 2 2 31 1218 1789 1193 1959
6625 4 2 2 31 1633 1734 1544 1853
6626 4 2 2 31 469 1618 382 1955
6627 4 2 2 31 403 1607 407 1884
6628 4 2 2 31 798 793 797 1671
6629 4 2 2 31 1552 1623 1732 1803
6630 4 2 2 31 1555 1597 1703 1873
6631 4 2 2 31 1124 1754 1127 1782
6632 4 2 2 31 1279 1036 1404 1755
6633 4 2 2 31 1562 1790 1764 1835
6634 4 2 2 31 1629 1771 1616 1918
6635 4 2 2 31 1306 1661 1921 1971
6636 4 2 2 31 70 844 69 1666
6637 4 2 2 31 488 492 378 1855
6638 4 2 2 31 724 720 783 1649
6639 4 2 2 31 1688 1768 1582 1902
6640 4 2 2 31 1571 1691 1616 1775
6641 4 2 2 31 826 1686 1846 1930
6642 4 2 2 31 1710 1787 1539 1951
6643 4 2 2 31 432 1829 1653 1943
6644 4 2 2 31 899 1811 742 1859
6645 4 2 2 31 520 499 424 1779
6646 4 2 2 31 1021 1598 1941 1981
6647 4 2 2 31 1190 1921 1661 1964
6648 4 2 2 31 1674 1807 1569 1882
6649 4 2 2 31 1624 1786 1582 1874
6650 4 2 2 31 1590 1722 1620 1854
6651 4 2 2 31 1666 1567 1821 1946
6652 4 2 2 31 1507 1622 1509 1744
6653 4 2 2 31 1559 1692 1596 1812
6654 4 2 2 31 1148 1662 1736 1879
6655 4 2 2 31 69 1666 844 1946
6656 4 2 2 31 459 1655 31 1896
6657 4 2 2 31 1539 1787 1611 1792
6658 4 2 2 31 1185 1184 1657 1774
6659 4 2 2 31 1246 1245 1244 1604
6660 4 2 2 31 1653 1829 1586 1943
6661 4 2 2 31 1264 1646 1171 1962
6662 4 2 2 31 392 1705 1637 1977
6663 4 2 2 31 1553 1609 1879 1947
6664 4 2 2 31 1458 1614 1455 1847
6665 4 2 2 31 1244 1245 1049 1726
6666 4 2 2 31 1600 1742 1825 1953
6667 4 2 2 31 1269 1466 1421 1720
6668 4 2 2 31 479 1785 1839 1910
6669 4 2 2 31 1760 1776 1605 1933
6670 4 2 2 31 442 1651 413 1806
6671 4 2 2 31 513 475 347 1766
6672 4 2 2 31 1641 1703 1597 1873
6673 4 2 2 31 1306 1715 1314 1971
6674 4 2 2 31 1388 1062 1718 1744
6675 4 2 2 31 1563 1701 1619 1782
6676 4 2 2 31 1641 1788 1555 1873
6677 4 2 2 31 1100 1073 1084 1844
6678 4 2 2 31 1550 1657 1817 1886
6679 4 2 2 31 1270 1650 1782 1906
6680 4 2 2 31 1005 1698 1023 1770
6681 4 2 2 31 451 500 1836 1953
6682 4 2 2 31 1664 1728 1121 1922
6683 4 2 2 31 1401 1070 1514 1762
6684 4 2 2 31 1639 1792 1611 1856
6685 4 2 2 31 1544 1843 1602 1853
6686 4 2 2 31 1134 1663 1921 1964
6687 4 2 2 31 1264 1702 1646 1962
6688 4 2 2 31 1206 1176 1175 1873
6689 4 2 2 31 1409 1473 1695 1893
6690 4 2 2 31 1219 1699 1799 1852
6691 4 2 2 31 1673 1745 1602 1837
6692 4 2 2 31 366 428 434 1970
6693 4 2 2 31 1564 1602 1673 1894
6694 4 2 2 31 410 1798 400 1822
6695 4 2 2 31 1365 1609 1155 1895
6696 4 2 2 31 400 1714 399 1935
6697 4 2 2 31 1254 1358 1615 1835
6698 4 2 2 31 1044 1707 1251 1835
6699 4 2 2 31 1446 1852 1640 1876
6700 4 2 2 31 1580 1654 1626 1888
6701 4 2 2 31 1329 1301 1192 1881
6702 4 2 2 31 1584 1741 1659 1970
6703 4 2 2 31 861 1479 895 1668
6704 4 2 2 31 469 56 507 1618
6705 4 2 2 31 808 1594 791 1840
6706 4 2 2 31 510 1807 456 1954
6707 4 2 2 31 1650 1548 1728 1950
6708 4 2 2 31 1554 1745 1673 1915
6709 4 2 2 31 345 1626 1497 1809
6710 4 2 2 31 1537 1802 1628 1955
6711 4 2 2 31 1605 1560 1839 1857
6712 4 2 2 31 1554 1745 1915 1971
6713 4 2 2 31 97 449 1613 1867
6714 4 2 2 31 457 1849 1719 1954
6715 4 2 2 31 1564 1673 1602 1737
6716 4 2 2 31 776 1724 1644 1725
6717 4 2 2 31 1615 1585 1763 1946
6718 4 2 2 31 400 1822 1714 1935
6719 4 2 2 31 1666 1837 1567 1949
6720 4 2 2 31 89 351 1635 1939
6721 4 2 2 31 1345 1670 1257 1833
6722 4 2 2 31 1656 1782 1701 1973
6723 4 2 2 31 465 1822 402 1885
6724 4 2 2 31 898 1453 859 1808
6725 4 2 2 31 1520 1073 1378 1838
6726 4 2 2 31 1636 1694 1556 1971
6727 4 2 2 31 1458 897 1416 1847
6728 4 2 2 31 29 498 504 1933
6729 4 2 2 31 1287 1664 1121 1922
6730 4 2 2 31 1609 1365 1901 1916
6731 4 2 2 31 67 68 1694 1956
6732 4 2 2 31 836 948 1692 1928
6733 4 2 2 31 1622 1813 420 1899
6734 4 2 2 31 485 438 502 1939
6735 4 2 2 31 1521 1863 1860 1917
6736 4 2 2 31 1666 1679 1615 1821
6737 4 2 2 31 1293 1336 1851 1870
6738 4 2 2 31 1567 1946 1666 1949
6739 4 2 2 31 90 89 351 1635
6740 4 2 2 31 29 1760 498 1933
6741 4 2 2 31 1272 733 1040 1812
6742 4 2 2 31 1607 1586 1656 1884
6743 4 2 2 31 828 1645 818 1794
6744 4 2 2 31 826 788 820 1846
6745 4 2 2 31 1631 1623 1803 1911
6746 4 2 2 31 1264 1257 1171 1646
6747 4 2 2 31 1144 1143 1148 1662
6748 4 2 2 31 1630 1683 1544 1843
6749 4 2 2 31 369 1659 368 1814
6750 4 2 2 31 942 939 914 1854
6751 4 2 2 31 1397 1391 1077 1684
6752 4 2 2 31 1711 1777 1568 1824
6753 4 2 2 31 1148 1144 1662 1879
6754 4 2 2 31 1545 1719 1601 1849
6755 4 2 2 31 410 1798 465 1810
6756 4 2 2 31 766 856 713 1804
6757 4 2 2 31 769 768 1763 1864
6758 4 2 2 31 1462 1606 1461 1823
6759 4 2 2 31 1575 1899 1655 1957
6760 4 2 2 31 1295 1691 1188 1773
6761 4 2 2 31 1337 1243 1608 1976
6762 4 2 2 31 518 1885 406 1958
6763 4 2 2 31 1616 1629 1543 1771
6764 4 2 2 31 1502 1739 1831 1855
6765 4 2 2 31 755 1764 752 1835
6766 4 2 2 31 93 1742 909 1848
6767 4 2 2 31 1206 1851 1176 1873
6768 4 2 2 31 422 348 86 1732
6769 4 2 2 31 1561 1740 1862 1979
6770 4 2 2 31 1644 1725 1576 1844
6771 4 2 2 31 1105 1103 1104 1676
6772 4 2 2 31 64 837 1687 1866
6773 4 2 2 31 761 760 758 1751
6774 4 2 2 31 5 921 72 1785
6775 4 2 2 31 1669 1816 1570 1865
6776 4 2 2 31 68 67 1694 1777
6777 4 2 2 31 67 1694 1777 1956
6778 4 2 2 31 1431 1624 1820 1874
6779 4 2 2 31 1313 1219 1699 1799
6780 4 2 2 31 1550 1817 1773 1886
6781 4 2 2 31 1321 1088 789 1912
6782 4 2 2 31 1589 1801 1645 1926
6783 4 2 2 31 1270 1124 1127 1782
6784 4 2 2 31 932 866 876 1624
6785 4 2 2 31 1073 1838 1084 1844
6786 4 2 2 31 989 1611 1425 1892
6787 4 2 2 31 1470 1720 1421 1893
6788 4 2 2 31 723 1078 720 1649
6789 4 2 2 31 1507 1684 1506 1779
6790 4 2 2 31 1251 1044 1226 1707
6791 4 2 2 31 61 515 62 1740
6792 4 2 2 31 1623 1542 1658 1911
6793 4 2 2 31 1619 1701 1563 1862
6794 4 2 2 31 1093 1816 1865 1976
6795 4 2 2 31 1517 1721 1815 1978
6796 4 2 2 31 1354 1725 1225 1844
6797 4 2 2 31 1599 1753 1684 1846
6798 4 2 2 31 1253 1685 1660 1982
6799 4 2 2 31 1670 1685 1255 1962
6800 4 2 2 31 1587 1766 1670 1861
6801 4 2 2 31 1356 1718 1730 1744
6802 4 2 2 31 1784 1816 1578 1972
6803 4 2 2 31 1228 1322 1098 1972
6804 4 2 2 31 1671 1801 1589 1813
6805 4 2 2 31 1574 1801 1671 1813
6806 4 2 2 31 1465 1695 1473 1720
6807 4 2 2 31 1602 1567 1679 1837
6808 4 2 2 31 420 501 499 1622
6809 4 2 2 31 468 484 514 1889
6810 4 2 2 31 1295 1773 1188 1817
6811 4 2 2 31 100 912 1845 1951
6812 4 2 2 31 1385 986 1834 1937
6813 4 2 2 31 1278 1314 1306 1715
6814 4 2 2 31 1609 1895 1365 1916
6815 4 2 2 31 1502 1501 1495 1780
6816 4 2 2 31 1416 1455 1458 1614
6817 4 2 2 31 1096 1099 1816 1976
6818 4 2 2 31 1436 1767 1608 1841
6819 4 2 2 31 744 1716 768 1864
6820 4 2 2 31 459 1511 1655 1896
6821 4 2 2 31 1399 1524 1067 1631
6822 4 2 2 31 1617 1697 1578 1816
6823 4 2 2 31 1583 1798 1709 1810
6824 4 2 2 31 1646 1770 1381 1833
6825 4 2 2 31 865 725 1752 1927
6826 4 2 2 31 1603 1687 1559 1804
6827 4 2 2 31 1558 1659 1625 1924
6828 4 2 2 31 1437 1436 1608 1841
6829 4 2 2 31 1138 1133 1131 1761
6830 4 2 2 31 1558 1648 1638 1903
6831 4 2 2 31 1611 1639 1539 1792
6832 4 2 2 31 1286 1834 1373 1908
6833 4 2 2 31 1564 1625 1673 1944
6834 4 2 2 31 992 1328 1299 1642
6835 4 2 2 31 1188 1204 1203 1691
6836 4 2 2 31 797 3 809 1671
6837 4 2 2 31 1709 1798 1613 1810
6838 4 2 2 31 1540 1646 1612 1702
6839 4 2 2 31 804 1795 815 1902
6840 4 2 2 31 518 413 1651 1747
6841 4 2 2 31 826 1686 788 1846
6842 4 2 2 31 1278 1921 1715 1971
6843 4 2 2 31 1607 1656 1586 1761
6844 4 2 2 31 1120 1123 1122 1693
6845 4 2 2 31 1160 1733 1713 1974
6846 4 2 2 31 1020 1787 1611 1892
6847 4 2 2 31 836 948 947 1692
6848 4 2 2 31 1582 1795 1680 1902
6849 4 2 2 31 1594 1840 1572 1855
6850 4 2 2 31 1552 1732 1676 1803
6851 4 2 2 31 1723 1781 1335 1858
6852 4 2 2 31 425 354 443 1737
6853 4 2 2 31 479 1839 28 1910
6854 4 2 2 31 448 1613 449 1798
6855 4 2 2 31 345 1496 1497 1626
6856 4 2 2 31 1549 1699 1640 1799
6857 4 2 2 31 1006 1023 1698 1770
6858 4 2 2 31 838 953 1808 1842
6859 4 2 2 31 776 1644 762 1725
6860 4 2 2 31 95 1842 1627 1867
6861 4 2 2 31 1641 1728 1569 1922
6862 4 2 2 31 1645 1239 1926 1966
6863 4 2 2 31 395 393 1643 1977
6864 4 2 2 31 1662 1836 1627 1940
6865 4 2 2 31 1724 1760 881 1933
6866 4 2 2 31 1696 1591 1839 1932
6867 4 2 2 31 1641 1643 1569 1728
6868 4 2 2 31 791 45 46 1930
6869 4 2 2 31 495 351 1648 1850
6870 4 2 2 31 1419 1441 1478 1819
6871 4 2 2 31 352 510 1674 1882
6872 4 2 2 31 47 811 791 1840
6873 4 2 2 31 1572 1855 1840 1942
6874 4 2 2 31 769 755 1615 1764
6875 4 2 2 31 840 910 65 1731
6876 4 2 2 31 1568 1811 1634 1870
6877 4 2 2 31 714 899 742 1859
6878 4 2 2 31 64 837 63 1687
6879 4 2 2 31 1318 1254 1358 1615
6880 4 2 2 31 1552 1631 1623 1803
6881 4 2 2 31 941 962 1823 1948
6882 4 2 2 31 1060 1364 1801 1967
6883 4 2 2 31 770 718 769 1615
6884 4 2 2 31 1173 1641 1135 1906
6885 4 2 2 31 902 712 852 1692
6886 4 2 2 31 784 774 1645 1794
6887 4 2 2 31 980 1008 1023 1698
6888 4 2 2 31 1185 1657 1182 1774
6889 4 2 2 31 1509 1490 1511 1655
6890 4 2 2 31 1553 1662 1627 1940
6891 4 2 2 31 1538 1717 1598 1828
6892 4 2 2 31 1588 1690 1650 1805
6893 4 2 2 31 964 1765 862 1811
6894 4 2 2 31 1605 1696 1839 1932
6895 4 2 2 31 1696 1762 1070 1890
6896 4 2 2 31 1647 1869 1664 1950
6897 4 2 2 31 1124 1123 1125 1754
6898 4 2 2 31 1324 743 771 1716
6899 4 2 2 31 1148 1736 1191 1895
6900 4 2 2 31 1188 1773 1691 1817
6901 4 2 2 31 1555 1731 1634 1851
6902 4 2 2 31 713 767 734 1804
6903 4 2 2 31 751 1049 1250 1726
6904 4 2 2 31 767 1603 738 1858
6905 4 2 2 31 413 1806 1747 1889
6906 4 2 2 31 1136 1745 1137 1952
6907 4 2 2 31 1245 1604 1246 1897
6908 4 2 2 31 911 949 953 1969
6909 4 2 2 31 1694 1715 1556 1971
6910 4 2 2 31 42 809 3 1671
6911 4 2 2 31 729 734 702 1812
6912 4 2 2 31 1355 1274 1202 1781
6913 4 2 2 31 1576 1776 1605 1896
6914 4 2 2 31 1559 1723 1603 1781
6915 4 2 2 31 354 521 1652 1737
6916 4 2 2 31 490 460 1617 1923
6917 4 2 2 31 1618 1750 1538 1834
6918 4 2 2 31 1041 1259 1420 1796
6919 4 2 2 31 1615 1763 1585 1864
6920 4 2 2 31 1550 1648 1638 1773
6921 4 2 2 31 424 499 1508 1779
6922 4 2 2 31 812 791 808 1594
6923 4 2 2 31 1367 1762 1042 1911
6924 4 2 2 31 984 1032 1010 1746
6925 4 2 2 31 95 96 1729 1867
6926 4 2 2 31 1472 1441 1440 1610
6927 4 2 2 31 451 500 452 1836
6928 4 2 2 31 1182 1675 1183 1825
6929 4 2 2 31 1168 1167 1904 1962
6930 4 2 2 31 95 1729 1842 1867
6931 4 2 2 31 1592 1755 1748 1969
6932 4 2 2 31 1556 1661 1636 1971
6933 4 2 2 31 1079 1356 1730 1744
6934 4 2 2 31 734 1781 702 1812
6935 4 2 2 31 1195 1292 1189 1711
6936 4 2 2 31 1254 1615 770 1835
6937 4 2 2 31 1164 1161 1248 1633
6938 4 2 2 31 1210 1278 1195 1715
6939 4 2 2 31 1598 1828 1717 1941
6940 4 2 2 31 1623 1814 366 1970
6941 4 2 2 31 817 1481 1426 1680
6942 4 2 2 31 1200 1713 1213 1812
6943 4 2 2 31 1419 1463 1258 1920
6944 4 2 2 31 749 1049 751 1726
6945 4 2 2 31 1264 1168 1702 1962
6946 4 2 2 31 1776 1838 1605 1896
6947 4 2 2 31 1564 1659 1625 1944
6948 4 2 2 31 1603 954 1859 1866
6949 4 2 2 31 1704 1814 1564 1944
6950 4 2 2 31 1268 1302 1295 1773
6951 4 2 2 31 1434 1442 1708 1841
6952 4 2 2 31 1730 1813 1622 1899
6953 4 2 2 31 1705 1805 1548 1977
6954 4 2 2 31 1601 1850 387 1903
6955 4 2 2 31 1620 1722 1565 1854
6956 4 2 2 31 963 960 861 1668
6957 4 2 2 31 1566 1702 1612 1959
6958 4 2 2 31 1575 1655 1622 1718
6959 4 2 2 31 46 47 791 1840
6960 4 2 2 31 1650 1693 1548 1950
6961 4 2 2 31 1658 1803 1623 1911
6962 4 2 2 31 1656 1706 1607 1973
6963 4 2 2 31 1306 1661 1190 1921
6964 4 2 2 31 1575 1793 1644 1844
6965 4 2 2 31 1576 1838 1776 1896
6966 4 2 2 31 1689 1798 1583 1822
6967 4 2 2 31 1607 1706 1656 1761
6968 4 2 2 31 1284 1343 1037 1769
6969 4 2 2 31 891 1828 939 1880
6970 4 2 2 31 395 1643 1805 1977
6971 4 2 2 31 1569 1728 1664 1922
6972 4 2 2 31 806 1768 807 1797
6973 4 2 2 31 1075 1089 1083 1868
6974 4 2 2 31 1439 1441 1819 1877
6975 4 2 2 31 1551 1736 1675 1742
6976 4 2 2 31 482 382 1746 1955
6977 4 2 2 31 766 713 734 1804
6978 4 2 2 31 408 1802 409 1958
6979 4 2 2 31 383 373 386 1915
6980 4 2 2 31 349 1627 452 1940
6981 4 2 2 31 709 748 750 1604
6982 4 2 2 31 413 496 1806 1889
6983 4 2 2 31 965 895 863 1695
6984 4 2 2 31 1570 1749 1608 1976
6985 4 2 2 31 803 804 805 1688
6986 4 2 2 31 1780 1831 1572 1855
6987 4 2 2 31 752 1764 778 1790
6988 4 2 2 31 89 90 908 1635
6989 4 2 2 31 65 352 66 1621
6990 4 2 2 31 1206 1315 1723 1873
6991 4 2 2 31 1431 1820 1430 1874
6992 4 2 2 31 1752 1899 1575 1957
6993 4 2 2 31 1433 1624 1431 1874
6994 4 2 2 31 1298 1906 1701 1961
6995 4 2 2 31 702 733 729 1812
6996 4 2 2 31 1656 1131 1761 1973
6997 4 2 2 31 1318 1679 1288 1821
6998 4 2 2 31 844 958 888 1666
6999 4 2 2 31 1368 1615 1318 1821
7000 4 2 2 31 1663 1664 1545 1964
7001 4 2 2 31 1541 1662 1627 1736
7002 4 2 2 31 1454 1614 1416 1808
7003 4 2 2 31 1506 1521 1860 1917
7004 4 2 2 31 1558 1741 1648 1903
7005 4 2 2 31 1313 1220 1219 1799
7006 4 2 2 31 1057 1442 1408 1841
7007 4 2 2 31 407 1619 1884 1935
7008 4 2 2 31 1359 1725 706 1793
7009 4 2 2 31 1608 1784 1337 1976
7010 4 2 2 31 357 1600 1883 1953
7011 4 2 2 31 827 817 795 1680
7012 4 2 2 31 960 861 1668 1847
7013 4 2 2 31 1426 1486 1476 1680
7014 4 2 2 31 1502 1831 1780 1855
7015 4 2 2 31 1214 1820 1333 1868
7016 4 2 2 31 1059 1242 1408 1841
7017 4 2 2 31 1225 1725 1359 1793
7018 4 2 2 31 1562 1707 1790 1835
7019 4 2 2 31 1632 1692 1559 1928
7020 4 2 2 31 1256 1670 1345 1861
7021 4 2 2 31 1554 1661 1636 1719
7022 4 2 2 31 1660 1546 1909 1982
7023 4 2 2 31 1118 1664 1869 1950
7024 4 2 2 31 1567 1636 1915 1971
7025 4 2 2 31 1322 1918 1682 1919
7026 4 2 2 31 728 730 1667 1743
7027 4 2 2 31 1427 1428 1423 1639
7028 4 2 2 31 1257 1670 1646 1833
7029 4 2 2 31 1540 1806 1612 1889
7030 4 2 2 31 1645 1794 1589 1927
7031 4 2 2 31 760 759 1751 1752
7032 4 2 2 31 1133 1296 1145 1733
7033 4 2 2 31 1635 1775 1571 1948
7034 4 2 2 31 408 411 409 1802
7035 4 2 2 31 1472 1610 1440 1905
7036 4 2 2 31 346 345 1497 1809
7037 4 2 2 31 1307 1672 1165 1913
7038 4 2 2 31 1400 1499 1052 1669
7039 4 2 2 31 1062 1510 1718 1744
7040 4 2 2 31 98 97 448 1613
7041 4 2 2 31 1168 1904 1702 1962
7042 4 2 2 31 1453 898 1415 1808
7043 4 2 2 31 1575 1730 1622 1899
7044 4 2 2 31 1354 1246 1056 1725
7045 4 2 2 31 59 350 1738 1829
7046 4 2 2 31 1513 1605 1516 1896
7047 4 2 2 31 68 1694 842 1777
7048 4 2 2 31 344 1383 1626 1757
7049 4 2 2 31 1209 1379 1221 1824
7050 4 2 2 31 427 418 473 1703
7051 4 2 2 31 1653 1660 1537 1802
7052 4 2 2 31 772 779 1374 1645
7053 4 2 2 31 1644 1793 1725 1844
7054 4 2 2 31 1607 1884 403 1943
7055 4 2 2 31 3 508 42 1671
7056 4 2 2 31 1036 1755 1279 1916
7057 4 2 2 31 799 1778 801 1967
7058 4 2 2 31 1279 1220 1349 1799
7059 4 2 2 31 348 87 86 1629
7060 4 2 2 31 1514 1494 1401 1762
7061 4 2 2 31 1097 1099 1380 1972
7062 4 2 2 31 1243 1878 1608 1976
7063 4 2 2 31 1544 1602 1737 1853
7064 4 2 2 31 349 1867 1627 1940
7065 4 2 2 31 1576 1605 1776 1933
7066 4 2 2 31 1369 1708 1057 1841
7067 4 2 2 31 63 1740 1687 1928
7068 4 2 2 31 967 7 73 1688
7069 4 2 2 31 1566 1709 1613 1810
7070 4 2 2 31 1051 1677 1282 1875
7071 4 2 2 31 1325 1645 1239 1926
7072 4 2 2 31 1498 1497 1496 1865
7073 4 2 2 31 1444 1414 1640 1748
7074 4 2 2 31 1594 1686 812 1930
7075 4 2 2 31 1160 1713 1733 1881
7076 4 2 2 31 72 353 1785 1898
7077 4 2 2 31 824 971 1481 1680
7078 4 2 2 31 63 489 64 1703
7079 4 2 2 31 1247 1625 1132 1894
7080 4 2 2 31 1689 1714 1553 1798
7081 4 2 2 31 490 423 460 1923
7082 4 2 2 31 1603 1559 1781 1804
7083 4 2 2 31 1690 1862 1563 1965
7084 4 2 2 31 1157 1207 1750 1907
7085 4 2 2 31 1308 1709 1689 1947
7086 4 2 2 31 826 802 819 1846
7087 4 2 2 31 102 1698 980 1787
7088 4 2 2 31 442 518 413 1651
7089 4 2 2 31 1552 1732 1623 1923
7090 4 2 2 31 755 1615 1764 1835
7091 4 2 2 31 1760 1839 1560 1910
7092 4 2 2 31 1753 1778 1574 1967
7093 4 2 2 31 7 803 790 1688
7094 4 2 2 31 1537 1618 1750 1887
7095 4 2 2 31 1233 1068 1803 1911
7096 4 2 2 31 1561 1733 1656 1974
7097 4 2 2 31 1078 723 1249 1649
7098 4 2 2 31 73 876 967 1786
7099 4 2 2 31 442 1806 356 1810
7100 4 2 2 31 465 1651 442 1810
7101 4 2 2 31 1443 1640 900 1876
7102 4 2 2 31 1512 1838 1655 1896
7103 4 2 2 31 1403 1448 1427 1639
7104 4 2 2 31 1397 1077 1492 1684
7105 4 2 2 31 1543 1629 1616 1775
7106 4 2 2 31 1513 1516 1605 1932
7107 4 2 2 31 1321 789 1797 1912
7108 4 2 2 31 1661 1758 1115 1964
7109 4 2 2 31 415 1605 1513 1896
7110 4 2 2 31 1519 1489 493 1678
7111 4 2 2 31 1224 1100 1223 1718
7112 4 2 2 31 1694 1715 1585 1824
7113 4 2 2 31 1556 1711 1663 1921
7114 4 2 2 31 1696 1721 1591 1932
7115 4 2 2 31 1093 1865 1095 1976
7116 4 2 2 31 1187 1211 1185 1657
7117 4 2 2 31 988 1345 1013 1833
7118 4 2 2 31 1562 1666 1615 1764
7119 4 2 2 31 1605 1696 1516 1968
7120 4 2 2 31 882 1767 927 1900
7121 4 2 2 31 950 829 879 1610
7122 4 2 2 31 881 928 1724 1933
7123 4 2 2 31 707 764 768 1763
7124 4 2 2 31 746 748 1726 1772
7125 4 2 2 31 521 71 354 1652
7126 4 2 2 31 1121 1728 1664 1950
7127 4 2 2 31 1262 1686 788 1912
7128 4 2 2 31 822 816 1374 1645
7129 4 2 2 31 1696 1591 1762 1890
7130 4 2 2 31 1409 895 1479 1668
7131 4 2 2 31 1038 740 1634 1858
7132 4 2 2 31 60 1738 61 1980
7133 4 2 2 31 1335 1202 1274 1781
7134 4 2 2 31 1708 1841 1369 1888
7135 4 2 2 31 1649 1828 1598 1880
7136 4 2 2 31 1691 1773 1236 1960
7137 4 2 2 31 1444 1640 1446 1852
7138 4 2 2 31 702 1040 733 1812
7139 4 2 2 31 1338 1878 1626 1888
7140 4 2 2 31 1197 1263 1316 1709
7141 4 2 2 31 1442 1333 1407 1708
7142 4 2 2 31 1432 1708 1624 1826
7143 4 2 2 31 1615 1763 1666 1946
7144 4 2 2 31 842 1694 907 1946
7145 4 2 2 31 1410 1051 1456 1677
7146 4 2 2 31 957 1859 954 1866
7147 4 2 2 31 48 47 378 1840
7148 4 2 2 31 1613 1867 1729 1936
7149 4 2 2 31 1257 1646 1381 1833
7150 4 2 2 31 706 1725 762 1793
7151 4 2 2 31 62 1740 63 1928
7152 4 2 2 31 860 899 714 1859
7153 4 2 2 31 1131 1761 1706 1913
7154 4 2 2 31 773 724 783 1598
7155 4 2 2 31 1706 1761 1131 1973
7156 4 2 2 31 1841 1878 1369 1888
7157 4 2 2 31 1356 1240 1079 1730
7158 4 2 2 31 1654 1757 1626 1888
7159 4 2 2 31 1560 1760 1605 1839
7160 4 2 2 31 1363 1449 1043 1799
7161 4 2 2 31 1553 1689 1798 1947
7162 4 2 2 31 1602 1679 1652 1837
7163 4 2 2 31 1154 1616 1771 1918
7164 4 2 2 31 399 398 396 1690
7165 4 2 2 31 1620 1665 1565 1722
7166 4 2 2 31 1113 1112 1110 1700
7167 4 2 2 31 393 418 1643 1807
7168 4 2 2 31 1338 1092 1626 1878
7169 4 2 2 31 444 350 432 1829
7170 4 2 2 31 368 1814 1659 1970
7171 4 2 2 31 1221 1716 1379 1864
7172 4 2 2 31 47 48 811 1840
7173 4 2 2 31 1077 1492 1684 1917
7174 4 2 2 31 763 705 760 1752
7175 4 2 2 31 1356 1718 1224 1730
7176 4 2 2 31 1527 1626 1383 1865
7177 4 2 2 31 1171 1670 1255 1962
7178 4 2 2 31 1626 1809 1580 1900
7179 4 2 2 31 1293 1851 1634 1870
7180 4 2 2 31 1577 1791 1774 1883
7181 4 2 2 31 1774 1791 1600 1883
7182 4 2 2 31 1132 1136 1137 1952
7183 4 2 2 31 1109 1110 1700 1924
7184 4 2 2 31 1247 1109 1132 1625
7185 4 2 2 31 1167 1672 1904 1962
7186 4 2 2 31 431 460 79 1617
7187 4 2 2 31 456 510 523 1882
7188 4 2 2 31 739 742 1811 1859
7189 4 2 2 31 1218 1205 1193 1789
7190 4 2 2 31 400 398 399 1714
7191 4 2 2 31 865 705 929 1752
7192 4 2 2 31 1182 1294 1183 1675
7193 4 2 2 31 1797 1840 1594 1912
7194 4 2 2 31 1627 1662 1553 1879
7195 4 2 2 31 1121 1122 1135 1728
7196 4 2 2 31 854 1474 1680 1874
7197 4 2 2 31 1300 1825 1736 1963
7198 4 2 2 31 982 1746 1029 1766
7199 4 2 2 31 777 744 741 1765
7200 4 2 2 31 1217 1212 1205 1789
7201 4 2 2 31 865 935 725 1927
7202 4 2 2 31 1131 1706 1277 1913
7203 4 2 2 31 518 1651 465 1885
7204 4 2 2 31 814 813 44 1930
7205 4 2 2 31 1253 1151 1685 1982
7206 4 2 2 31 1494 1399 1042 1978
7207 4 2 2 31 1054 1751 715 1926
7208 4 2 2 31 1189 1176 1711 1788
7209 4 2 2 31 1688 1786 1572 1942
7210 4 2 2 31 1661 1921 1663 1964
7211 4 2 2 31 1513 1605 415 1932
7212 4 2 2 31 71 958 70 1652
7213 4 2 2 31 1761 1909 1546 1982
7214 4 2 2 31 1608 1784 1749 1877
7215 4 2 2 31 518 406 413 1747
7216 4 2 2 31 817 824 1481 1680
7217 4 2 2 31 1567 1602 1745 1837
7218 4 2 2 31 1266 1684 1267 1753
7219 4 2 2 31 1127 1126 1128 1973
7220 4 2 2 31 962 863 890 1695
7221 4 2 2 31 1266 1684 1753 1846
7222 4 2 2 31 1109 1110 1111 1700
7223 4 2 2 31 1627 1662 1541 1836
7224 4 2 2 31 1207 1227 1385 1937
7225 4 2 2 31 836 913 1632 1925
7226 4 2 2 31 456 523 1807 1882
7227 4 2 2 31 405 432 408 1653
7228 4 2 2 31 1400 1052 1393 1669
7229 4 2 2 31 1071 1070 1762 1890
7230 4 2 2 31 1295 1236 1188 1691
7231 4 2 2 31 1573 1757 1654 1888
7232 4 2 2 31 430 417 1526 1780
7233 4 2 2 31 1333 1442 1057 1708
7234 4 2 2 31 102 980 977 1787
7235 4 2 2 31 405 1653 408 1958
7236 4 2 2 31 1568 1731 1634 1811
7237 4 2 2 31 1708 1868 1624 1914
7238 4 2 2 31 490 493 375 1923
7239 4 2 2 31 1444 1447 1799 1852
7240 4 2 2 31 1502 1739 1530 1831
7241 4 2 2 31 901 849 942 1667
7242 4 2 2 31 1203 1204 1353 1720
7243 4 2 2 31 1108 1141 1302 1712
7244 4 2 2 31 1160 1145 1733 1974
7245 4 2 2 31 907 842 68 1694
7246 4 2 2 31 1567 1694 1946 1949
7247 4 2 2 31 68 842 67 1777
7248 4 2 2 31 1652 1679 1602 1843
7249 4 2 2 31 378 1855 492 1942
7250 4 2 2 31 1100 1223 1718 1844
7251 4 2 2 31 937 1828 891 1880
7252 4 2 2 31 1214 1333 1708 1868
7253 4 2 2 31 1536 1697 1676 1918
7254 4 2 2 31 836 1632 61 1928
7255 4 2 2 31 1659 1814 369 1944
7256 4 2 2 31 1262 810 1088 1912
7257 4 2 2 31 830 753 886 1790
7258 4 2 2 31 891 937 939 1828
7259 4 2 2 31 1432 1624 1433 1826
7260 4 2 2 31 879 1610 1472 1905
7261 4 2 2 31 957 1731 1859 1866
7262 4 2 2 31 1512 1520 1655 1838
7263 4 2 2 31 1573 1888 1654 1914
7264 4 2 2 31 377 463 1778 1779
7265 4 2 2 31 475 1746 347 1766
7266 4 2 2 31 443 373 371 1673
7267 4 2 2 31 1575 1718 1622 1730
7268 4 2 2 31 69 1946 1694 1949
7269 4 2 2 31 1457 1668 1479 1847
7270 4 2 2 31 1551 1848 1675 1875
7271 4 2 2 31 957 954 910 1866
7272 4 2 2 31 1467 1748 1450 1969
7273 4 2 2 31 1572 1840 1688 1942
7274 4 2 2 31 69 907 68 1694
7275 4 2 2 31 1415 1468 1453 1808
7276 4 2 2 31 1749 1784 1578 1877
7277 4 2 2 31 957 1811 899 1859
7278 4 2 2 31 1659 1800 1625 1924
7279 4 2 2 31 754 1252 770 1835
7280 4 2 2 31 1142 1656 1133 1974
7281 4 2 2 31 1038 1634 1372 1858
7282 4 2 2 31 1788 1851 1555 1873
7283 4 2 2 31 703 1634 739 1870
7284 4 2 2 31 5 1785 479 1910
7285 4 2 2 31 854 1680 967 1874
7286 4 2 2 31 1554 1915 1636 1971
7287 4 2 2 31 1551 1677 1614 1875
7288 4 2 2 31 1347 1384 1328 1642
7289 4 2 2 31 1606 1796 1571 1823
7290 4 2 2 31 1183 1675 1305 1736
7291 4 2 2 31 1577 1774 1886 1938
7292 4 2 2 31 900 1640 944 1876
7293 4 2 2 31 1297 1190 1306 1661
7294 4 2 2 31 1632 1713 1596 1881
7295 4 2 2 31 752 747 1707 1790
7296 4 2 2 31 1297 1115 1190 1661
7297 4 2 2 31 810 1262 788 1912
7298 4 2 2 31 352 1621 65 1882
7299 4 2 2 31 1325 1085 1239 1645
7300 4 2 2 31 844 1666 959 1946
7301 4 2 2 31 712 902 766 1692
7302 4 2 2 31 64 1703 473 1882
7303 4 2 2 31 705 865 725 1752
7304 4 2 2 31 1418 866 1433 1874
7305 4 2 2 31 878 1826 932 1914
7306 4 2 2 31 1512 1516 1838 1896
7307 4 2 2 31 1540 1612 1806 1931
7308 4 2 2 31 1187 1188 1203 1817
7309 4 2 2 31 1642 1827 1598 1981
7310 4 2 2 31 1644 1724 1576 1725
7311 4 2 2 31 939 831 914 1828
7312 4 2 2 31 1634 1731 1568 1851
7313 4 2 2 31 1174 1189 1291 1788
7314 4 2 2 31 1570 1865 1816 1976
7315 4 2 2 31 1599 1860 1686 1917
7316 4 2 2 31 1655 1718 1575 1844
7317 4 2 2 31 980 1698 1023 1787
7318 4 2 2 31 1153 1843 1158 1853
7319 4 2 2 31 1609 1901 1592 1916
7320 4 2 2 31 498 415 504 1605
7321 4 2 2 31 1243 1841 1608 1878
7322 4 2 2 31 1409 1473 1471 1695
7323 4 2 2 31 1307 1167 1672 1904
7324 4 2 2 31 1391 1267 1266 1684
7325 4 2 2 31 701 732 730 1743
7326 4 2 2 31 1085 1239 1645 1966
7327 4 2 2 31 1572 1786 1780 1942
7328 4 2 2 31 1540 1702 1612 1931
7329 4 2 2 31 964 862 961 1811
7330 4 2 2 31 1282 1875 1677 1895
7331 4 2 2 31 886 1764 934 1790
7332 4 2 2 31 994 1642 993 1834
7333 4 2 2 31 1516 1696 1605 1932
7334 4 2 2 31 1122 1124 1270 1650
7335 4 2 2 31 64 473 65 1882
7336 4 2 2 31 801 1778 1753 1967
7337 4 2 2 31 1539 1639 1611 1710
7338 4 2 2 31 1186 1185 1657 1817
7339 4 2 2 31 369 370 368 1659
7340 4 2 2 31 906 1687 952 1804
7341 4 2 2 31 445 61 1738 1979
7342 4 2 2 31 996 1025 1618 1937
7343 4 2 2 31 1760 1772 924 1910
7344 4 2 2 31 738 1603 737 1859
7345 4 2 2 31 1248 1633 1734 1890
7346 4 2 2 31 1600 1742 1675 1825
7347 4 2 2 31 457 494 412 1954
7348 4 2 2 31 1199 1341 1387 1897
7349 4 2 2 31 757 776 717 1724
7350 4 2 2 31 102 506 1008 1975
7351 4 2 2 31 953 855 1808 1969
7352 4 2 2 31 371 1659 370 1944
7353 4 2 2 31 1337 1784 1099 1976
7354 4 2 2 31 1001 1766 1029 1861
7355 4 2 2 31 477 1780 476 1786
7356 4 2 2 31 1236 1303 1691 1960
7357 4 2 2 31 737 738 767 1603
7358 4 2 2 31 1112 1115 1297 1758
7359 4 2 2 31 1675 1848 1557 1875
7360 4 2 2 31 1583 1904 1672 1931
7361 4 2 2 31 1283 1769 1051 1875
7362 4 2 2 31 1734 1857 1317 1890
7363 4 2 2 31 1385 997 986 1937
7364 4 2 2 31 1547 1706 1607 1822
7365 4 2 2 31 100 832 912 1951
7366 4 2 2 31 1287 1664 1922 1964
7367 4 2 2 31 1666 1763 1615 1764
7368 4 2 2 31 1062 1510 1378 1718
7369 4 2 2 31 3 968 34 1671
7370 4 2 2 31 844 70 958 1666
7371 4 2 2 31 465 410 402 1822
7372 4 2 2 31 1564 1673 1625 1894
7373 4 2 2 31 1655 1838 1576 1896
7374 4 2 2 31 982 1009 347 1766
7375 4 2 2 31 1663 1788 1569 1922
7376 4 2 2 31 1410 1281 1051 1677
7377 4 2 2 31 773 1598 783 1981
7378 4 2 2 31 1324 1379 1716 1864
7379 4 2 2 31 1587 1746 1628 1802
7380 4 2 2 31 1190 1661 1115 1964
7381 4 2 2 31 1450 1748 1445 1755
7382 4 2 2 31 418 456 523 1807
7383 4 2 2 31 1406 1478 1472 1610
7384 4 2 2 31 517 1802 480 1955
7385 4 2 2 31 1569 1788 1621 1882
7386 4 2 2 31 430 1526 346 1654
7387 4 2 2 31 1000 1029 999 1861
7388 4 2 2 31 1610 1682 1606 1920
7389 4 2 2 31 1218 1193 1219 1959
7390 4 2 2 31 1041 1420 1466 1796
7391 4 2 2 31 738 1634 740 1858
7392 4 2 2 31 958 1652 71 1934
7393 4 2 2 31 1739 1572 1831 1855
7394 4 2 2 31 1169 1904 1316 1959
7395 4 2 2 31 405 1943 1653 1958
7396 4 2 2 31 1449 1755 1445 1799
7397 4 2 2 31 1569 1807 1643 1882
7398 4 2 2 31 1438 1437 1436 1608
7399 4 2 2 31 405 432 1653 1943
7400 4 2 2 31 1632 1596 1692 1925
7401 4 2 2 31 966 964 842 1765
7402 4 2 2 31 1551 1742 1675 1848
7403 4 2 2 31 430 476 417 1780
7404 4 2 2 31 1033 989 1020 1611
7405 4 2 2 31 1553 1867 1798 1940
7406 4 2 2 31 1439 1819 1784 1877
7407 4 2 2 31 75 1654 76 1914
7408 4 2 2 31 1107 1712 1108 1924
7409 4 2 2 31 1110 1302 1113 1638
7410 4 2 2 31 1233 1068 1232 1803
7411 4 2 2 31 956 1614 1847 1848
7412 4 2 2 31 1132 1625 1109 1952
7413 4 2 2 31 1683 1790 951 1934
7414 4 2 2 31 1640 1852 1579 1876
7415 4 2 2 31 373 1673 443 1915
7416 4 2 2 31 1687 1740 1559 1928
7417 4 2 2 31 1000 1344 1035 1861
7418 4 2 2 31 1708 1820 1624 1868
7419 4 2 2 31 1187 1657 1185 1817
7420 4 2 2 31 1287 1922 1134 1964
7421 4 2 2 31 1607 1656 1619 1884
7422 4 2 2 31 929 867 877 1644
7423 4 2 2 31 97 449 448 1613
7424 4 2 2 31 1242 1408 311 1059
7425 4 2 2 31 354 1652 70 1837
7426 4 2 2 31 1372 1038 1293 1634
7427 4 2 2 31 1698 1787 918 1951
7428 4 2 2 31 1514 1696 1402 1968
7429 4 2 2 31 907 1694 69 1946
7430 4 2 2 31 498 415 1605 1932
7431 4 2 2 31 1550 1638 1648 1850
7432 4 2 2 31 747 716 746 1595
7433 4 2 2 31 1540 1747 1651 1806
7434 4 2 2 31 390 389 1637 1849
7435 4 2 2 31 1433 1431 1418 1874
7436 4 2 2 31 1582 1768 1756 1902
7437 4 2 2 31 1291 1174 1788 1922
7438 4 2 2 31 992 1642 1034 1827
7439 4 2 2 31 750 1724 776 1725
7440 4 2 2 31 1066 1626 1383 1757
7441 4 2 2 31 1274 1781 1355 1812
7442 4 2 2 31 1313 1316 1263 1818
7443 4 2 2 31 1320 1317 1734 1857
7444 4 2 2 31 1629 1775 1543 1939
7445 4 2 2 31 1438 1436 1469 1767
7446 4 2 2 31 403 402 401 1822
7447 4 2 2 31 101 102 918 1698
7448 4 2 2 31 1628 1802 1746 1955
7449 4 2 2 31 1479 1668 861 1847
7450 4 2 2 31 1648 1741 1543 1939
7451 4 2 2 31 77 78 882 1900
7452 4 2 2 31 887 1763 959 1764
7453 4 2 2 31 1393 1669 1052 1865
7454 4 2 2 31 1379 1336 1050 1716
7455 4 2 2 31 812 808 810 1912
7456 4 2 2 31 1648 1850 1638 1903
7457 4 2 2 31 34 508 3 1671
7458 4 2 2 31 789 1088 810 1912
7459 4 2 2 31 1081 1246 1776 1897
7460 4 2 2 31 911 95 96 1729
7461 4 2 2 31 1640 1748 1549 1799
7462 4 2 2 31 1384 1299 1642 1908
7463 4 2 2 31 1556 1674 1621 1956
7464 4 2 2 31 1392 1757 1083 1888
7465 4 2 2 31 1725 1793 1225 1844
7466 4 2 2 31 95 1729 911 1842
7467 4 2 2 31 1023 1024 1698 1975
7468 4 2 2 31 993 1642 1299 1834
7469 4 2 2 31 402 1822 403 1885
7470 4 2 2 31 1611 1792 1033 1856
7471 4 2 2 31 1324 1379 1050 1716
7472 4 2 2 31 962 890 941 1823
7473 4 2 2 31 102 918 1698 1787
7474 4 2 2 31 1338 1095 1092 1878
7475 4 2 2 31 1006 1005 1023 1770
7476 4 2 2 31 1090 1369 1878 1888
7477 4 2 2 31 862 1765 777 1811
7478 4 2 2 31 475 409 411 1802
7479 4 2 2 31 1711 1788 1176 1851
7480 4 2 2 31 408 1653 1802 1958
7481 4 2 2 31 1198 1906 1298 1961
7482 4 2 2 31 1107 1106 1108 1712
7483 4 2 2 31 1350 1241 1966 1967
7484 4 2 2 31 957 910 1731 1866
7485 4 2 2 31 1429 1053 1342 1820
7486 4 2 2 31 1607 1547 1822 1935
7487 4 2 2 31 1791 1850 1550 1872
7488 4 2 2 31 1328 1078 1347 1827
7489 4 2 2 31 815 804 827 1795
7490 4 2 2 31 1626 1654 345 1757
7491 4 2 2 31 1142 1130 1133 1656
7492 4 2 2 31 344 1626 345 1757
7493 4 2 2 31 1541 1836 1705 1953
7494 4 2 2 31 1652 354 1737 1837
7495 4 2 2 31 1258 1463 1259 1920
7496 4 2 2 31 1663 1134 1922 1964
7497 4 2 2 31 1160 1733 1311 1881
7498 4 2 2 31 1408 1437 1059 1841
7499 4 2 2 31 411 408 480 1802
7500 4 2 2 31 1562 1790 1683 1934
7501 4 2 2 31 1634 1851 1568 1870
7502 4 2 2 31 1359 706 761 1793
7503 4 2 2 31 1606 1616 1796 1919
7504 4 2 2 31 1070 1696 1514 1762
7505 4 2 2 31 1287 1118 1121 1664
7506 4 2 2 31 1299 292 992 993
7507 4 2 2 31 1614 1557 1848 1875
7508 4 2 2 31 1632 1738 1565 1980
7509 4 2 2 31 1157 1180 1179 1665
7510 4 2 2 31 883 879 1472 1905
7511 4 2 2 31 413 1747 414 1889
7512 4 2 2 31 393 418 395 1643
7513 4 2 2 31 198 852 727 901
7514 4 2 2 31 1562 1666 1652 1679
7515 4 2 2 31 900 286 851 1443
7516 4 2 2 31 461 347 1009 1766
7517 4 2 2 31 66 67 1777 1956
7518 4 2 2 31 715 1751 759 1926
7519 4 2 2 31 798 1966 1671 1967
7520 4 2 2 31 376 437 370 1741
7521 4 2 2 31 425 1737 1673 1944
7522 4 2 2 31 704 754 1252 216
7523 4 2 2 31 725 759 1752 1927
7524 4 2 2 31 833 945 1667 1980
7525 4 2 2 31 1406 275 885 829
7526 4 2 2 31 701 1271 1045 1743
7527 4 2 2 31 1270 1782 1298 1906
7528 4 2 2 31 1121 1120 1122 1950
7529 4 2 2 31 514 484 414 1889
7530 4 2 2 31 758 715 1054 1751
7531 4 2 2 31 772 1374 1325 1645
7532 4 2 2 31 1462 1796 1420 1920
7533 4 2 2 31 1051 1284 1405 1769
7534 4 2 2 31 1661 1663 1545 1964
7535 4 2 2 31 1503 1780 417 1855
7536 4 2 2 31 1682 1918 1536 1919
7537 4 2 2 31 416 512 1523 1860
7538 4 2 2 31 739 1634 738 1859
7539 4 2 2 31 1571 1823 1695 1948
7540 4 2 2 31 1044 1251 1252 1835
7541 4 2 2 31 1077 1334 1492 1917
7542 4 2 2 31 1702 1789 1612 1959
7543 4 2 2 31 1125 1662 1144 1929
7544 4 2 2 31 368 1659 370 1970
7545 4 2 2 31 1359 1056 706 1725
7546 4 2 2 31 1121 1664 1118 1950
7547 4 2 2 31 367 1704 439 1814
7548 4 2 2 31 1143 1144 1125 1662
7549 4 2 2 31 1462 1464 1420 1796
7550 4 2 2 31 1096 1099 1097 1816
7551 4 2 2 31 1417 1433 930 1826
7552 4 2 2 31 1643 393 1807 1977
7553 4 2 2 31 59 350 60 1738
7554 4 2 2 31 493 1489 359 1678
7555 4 2 2 31 1614 1557 1769 1847
7556 4 2 2 31 981 976 1012 1717
7557 4 2 2 31 846 924 1772 1910
7558 4 2 2 31 1055 1528 1518 1831
7559 4 2 2 31 380 429 1529 1830
7560 4 2 2 31 1543 1616 1771 1960
7561 4 2 2 31 1359 761 1058 1793
7562 4 2 2 31 1389 1214 1333 1708
7563 4 2 2 31 391 390 389 1637
7564 4 2 2 31 1605 1576 1896 1933
7565 4 2 2 31 1158 1162 1161 1843
7566 4 2 2 31 1775 1939 843 1948
7567 4 2 2 31 948 1804 1692 1928
7568 4 2 2 31 220 1324 1050 743
7569 4 2 2 31 392 1637 391 1977
7570 4 2 2 31 854 936 1474 1874
7571 4 2 2 31 1507 1509 1510 1744
7572 4 2 2 31 979 871 879 1610
7573 4 2 2 31 827 1680 795 1795
7574 4 2 2 31 89 843 1939 1948
7575 4 2 2 31 1708 1888 1868 1914
7576 4 2 2 31 101 1698 918 1951
7577 4 2 2 31 773 724 1598 1880
7578 4 2 2 31 474 1809 429 1830
7579 4 2 2 31 1549 1681 1613 1936
7580 4 2 2 31 1615 1562 1764 1835
7581 4 2 2 31 1554 1673 1759 1915
7582 4 2 2 31 962 908 1695 1948
7583 4 2 2 31 1065 1083 1392 1757
7584 4 2 2 31 1543 1775 1635 1939
7585 4 2 2 31 411 1746 475 1802
7586 4 2 2 31 392 390 391 1637
7587 4 2 2 31 1562 1679 1652 1843
7588 4 2 2 31 1613 1798 448 1810
7589 4 2 2 31 1656 1761 1706 1973
7590 4 2 2 31 1329 1192 1215 1722
7591 4 2 2 31 1159 1288 1318 1679
7592 4 2 2 31 1556 1621 1777 1956
7593 4 2 2 31 387 388 419 1850
7594 4 2 2 31 1634 1811 1731 1859
7595 4 2 2 31 1607 1586 1884 1943
7596 4 2 2 31 1397 1492 1510 1744
7597 4 2 2 31 845 923 79 1905
7598 4 2 2 31 1656 1701 1561 1974
7599 4 2 2 31 100 1845 1612 1951
7600 4 2 2 31 1608 1767 1580 1841
7601 4 2 2 31 1447 1043 1449 1799
7602 4 2 2 31 1459 1470 1460 1893
7603 4 2 2 31 1542 1815 1721 1978
7604 4 2 2 31 1661 1556 1921 1971
7605 4 2 2 31 461 513 347 1766
7606 4 2 2 31 912 943 834 1845
7607 4 2 2 31 511 1654 346 1809
7608 4 2 2 31 807 1768 1231 1797
7609 4 2 2 31 1215 1180 1216 1722
7610 4 2 2 31 1003 985 1304 1770
7611 4 2 2 31 1024 1002 1006 1833
7612 4 2 2 31 1557 1614 1769 1875
7613 4 2 2 31 894 860 737 1859
7614 4 2 2 31 1580 1654 1888 1914
7615 4 2 2 31 1307 1709 1197 1904
7616 4 2 2 31 1175 1173 1312 1873
7617 4 2 2 31 1315 1335 1206 1723
7618 4 2 2 31 884 870 745 1772
7619 4 2 2 31 1515 1696 1516 1932
7620 4 2 2 31 498 1839 426 1932
7621 4 2 2 31 1043 1799 1447 1852
7622 4 2 2 31 1247 1800 1107 1924
7623 4 2 2 31 908 965 962 1695
7624 4 2 2 31 1663 1922 1664 1964
7625 4 2 2 31 439 369 1814 1944
7626 4 2 2 31 1583 1651 1810 1931
7627 4 2 2 31 870 765 745 1772
7628 4 2 2 31 815 1395 785 1902
7629 4 2 2 31 346 1529 429 1809
7630 4 2 2 31 501 459 1511 1655
7631 4 2 2 31 938 1710 832 1951
7632 4 2 2 31 1554 1700 1625 1952
7633 4 2 2 31 1748 1755 1549 1799
7634 4 2 2 31 7 790 48 1688
7635 4 2 2 31 1003 1005 1770 1792
7636 4 2 2 31 934 1790 1764 1934
7637 4 2 2 31 1050 743 1716 1870
7638 4 2 2 31 1731 1811 957 1859
7639 4 2 2 31 1162 1382 1630 1843
7640 4 2 2 31 1499 1052 1669 1865
7641 4 2 2 31 1147 1679 1159 1843
7642 4 2 2 31 1307 1167 1165 1672
7643 4 2 2 31 1690 1714 1547 1935
7644 4 2 2 31 1299 1834 1642 1908
7645 4 2 2 31 1625 1700 1558 1924
7646 4 2 2 31 410 478 1714 1798
7647 4 2 2 31 785 804 815 1902
7648 4 2 2 31 1747 1806 1540 1889
7649 4 2 2 31 92 93 839 1848
7650 4 2 2 31 1583 1672 1651 1931
7651 4 2 2 31 482 1746 411 1802
7652 4 2 2 31 467 419 388 1791
7653 4 2 2 31 1214 1708 1389 1868
7654 4 2 2 31 1476 1680 1486 1795
7655 4 2 2 31 1608 1767 1749 1900
7656 4 2 2 31 1421 1466 1465 1720
7657 4 2 2 31 1434 1408 1442 1841
7658 4 2 2 31 868 1435 1417 1826
7659 4 2 2 31 730 736 727 1667
7660 4 2 2 31 1397 1510 1062 1744
7661 4 2 2 31 1317 1196 1320 1734
7662 4 2 2 31 1246 1354 1080 1776
7663 4 2 2 31 498 1760 28 1839
7664 4 2 2 31 447 1619 407 1935
7665 4 2 2 31 389 391 1637 1954
7666 4 2 2 31 1170 1264 1168 1702
7667 4 2 2 31 850 892 288 1413
7668 4 2 2 31 711 849 891 200
7669 4 2 2 31 1475 1485 1428 1611
7670 4 2 2 31 1360 1345 1257 1833
7671 4 2 2 31 869 1749 923 1877
7672 4 2 2 31 758 1054 1237 1751
7673 4 2 2 31 462 482 382 1746
7674 4 2 2 31 68 69 1694 1949
7675 4 2 2 31 918 938 832 1951
7676 4 2 2 31 770 1615 755 1835
7677 4 2 2 31 1257 1345 1256 1670
7678 4 2 2 31 1527 344 1383 1626
7679 4 2 2 31 1687 1804 906 1928
7680 4 2 2 31 810 788 1686 1912
7681 4 2 2 31 886 710 887 1764
7682 4 2 2 31 1556 1694 1636 1956
7683 4 2 2 31 1608 1749 1570 1900
7684 4 2 2 31 1621 1674 1569 1882
7685 4 2 2 31 28 1760 924 1910
7686 4 2 2 31 980 1023 1018 1787
7687 4 2 2 31 1494 1042 1762 1978
7688 4 2 2 31 1530 1739 1502 1855
7689 4 2 2 31 752 1707 704 1835
7690 4 2 2 31 1590 1828 1649 1880
7691 4 2 2 31 499 501 1490 1622
7692 4 2 2 31 1540 1670 1646 1962
7693 4 2 2 31 1060 1364 1241 1801
7694 4 2 2 31 1147 1159 1158 1843
7695 4 2 2 31 926 717 870 1724
7696 4 2 2 31 1567 1915 1636 1949
7697 4 2 2 31 1422 1486 1430 1795
7698 4 2 2 31 1560 1839 1785 1910
7699 4 2 2 31 1446 1640 1443 1876
7700 4 2 2 31 1551 1614 1848 1875
7701 4 2 2 31 1573 1624 1868 1914
7702 4 2 2 31 1041 1269 1353 1720
7703 4 2 2 31 1166 1685 1672 1962
7704 4 2 2 31 368 366 1814 1970
7705 4 2 2 31 1021 1941 1891 1981
7706 4 2 2 31 1247 1107 1109 1924
7707 4 2 2 31 1631 1815 1542 1978
7708 4 2 2 31 371 373 372 1759
7709 4 2 2 31 1641 1906 1173 1961
7710 4 2 2 31 1219 1799 1043 1852
7711 4 2 2 31 1652 1666 1562 1934
7712 4 2 2 31 1553 1798 1714 1940
7713 4 2 2 31 1186 1187 1185 1817
7714 4 2 2 31 833 1667 1854 1980
7715 4 2 2 31 1612 1702 1646 1789
7716 4 2 2 31 1050 1716 1336 1870
7717 4 2 2 31 408 432 480 1653
7718 4 2 2 31 897 1458 861 1847
7719 4 2 2 31 102 1008 1698 1975
7720 4 2 2 31 1714 1822 1547 1935
7721 4 2 2 31 1684 1846 1266 1917
7722 4 2 2 31 446 1619 447 1862
7723 4 2 2 31 1012 1717 976 1941
7724 4 2 2 31 886 888 934 1764
7725 4 2 2 31 770 1252 1254 1835
7726 4 2 2 31 1554 1636 1661 1971
7727 4 2 2 31 1233 1803 1658 1911
7728 4 2 2 31 752 704 754 1835
7729 4 2 2 31 847 289 892 1475
7730 4 2 2 31 703 740 739 1634
7731 4 2 2 31 1048 1385 986 1834
7732 4 2 2 31 936 866 1418 1874
7733 4 2 2 31 1384 1373 1299 1908
7734 4 2 2 31 201 891 773 848
7735 4 2 2 31 1154 1386 1303 1616
7736 4 2 2 31 943 900 944 1876
7737 4 2 2 31 1126 1689 1754 1929
7738 4 2 2 31 407 1884 1619 1979
7739 4 2 2 31 883 1412 869 1877
7740 4 2 2 31 399 1690 455 1935
7741 4 2 2 31 1321 789 1231 1797
7742 4 2 2 31 1060 1801 1241 1967
7743 4 2 2 31 948 902 1692 1804
7744 4 2 2 31 89 1939 1635 1948
7745 4 2 2 31 869 1877 923 1905
7746 4 2 2 31 1647 1693 1541 1963
7747 4 2 2 31 1420 1796 1259 1920
7748 4 2 2 31 752 753 747 1790
7749 4 2 2 31 517 411 480 1802
7750 4 2 2 31 1367 1042 1399 1911
7751 4 2 2 31 1206 1335 1372 1858
7752 4 2 2 31 1199 1162 1226 1630
7753 4 2 2 31 33 420 1813 1899
7754 4 2 2 31 1131 1139 1761 1913
7755 4 2 2 31 995 994 993 1834
7756 4 2 2 31 1411 1471 1465 1695
7757 4 2 2 31 421 1860 45 1930
7758 4 2 2 31 1497 1498 1519 1830
7759 4 2 2 31 1459 1470 1037 320
7760 4 2 2 31 1305 1191 1736 1895
7761 4 2 2 31 1133 1130 1131 1656
7762 4 2 2 31 1252 1044 704 216
7763 4 2 2 31 778 1764 886 1790
7764 4 2 2 31 404 465 402 1885
7765 4 2 2 31 451 516 500 1953
7766 4 2 2 31 717 765 870 1724
7767 4 2 2 31 985 1047 1770 1833
7768 4 2 2 31 42 508 377 1778
7769 4 2 2 31 741 1716 743 1870
7770 4 2 2 31 913 61 836 1632
7771 4 2 2 31 1158 1843 1161 1853
7772 4 2 2 31 1332 1035 1344 1861
7773 4 2 2 31 773 1891 1598 1981
7774 4 2 2 31 1508 1507 1506 1779
7775 4 2 2 31 70 354 71 1652
7776 4 2 2 31 769 1763 710 1764
7777 4 2 2 31 1257 1264 1381 1646
7778 4 2 2 31 1784 1819 1578 1877
7779 4 2 2 31 460 10 79 1783
7780 4 2 2 31 1567 1694 1636 1971
7781 4 2 2 31 864 710 764 1763
7782 4 2 2 31 1750 1834 1618 1937
7783 4 2 2 31 1311 1160 1145 1733
7784 4 2 2 31 1368 1254 1318 1615
7785 4 2 2 31 401 1822 400 1935
7786 4 2 2 31 1622 1730 1718 1744
7787 4 2 2 31 1155 1365 1178 1609
7788 4 2 2 31 1638 1850 1601 1903
7789 4 2 2 31 1453 1454 1416 1808
7790 4 2 2 31 701 731 1271 1743
7791 4 2 2 31 1527 1383 1092 1865
7792 4 2 2 31 1299 1373 1834 1908
7793 4 2 2 31 1299 292 1328 992
7794 4 2 2 31 942 833 945 1667
7795 4 2 2 31 754 770 1252 217
7796 4 2 2 31 846 28 924 1910
7797 4 2 2 31 1326 1217 1061 1639
7798 4 2 2 31 1612 1702 1566 1931
7799 4 2 2 31 404 518 465 1885
7800 4 2 2 31 418 395 1643 1965
7801 4 2 2 31 1425 1611 1485 1892
7802 4 2 2 31 979 871 1610 1905
7803 4 2 2 31 389 1849 457 1954
7804 4 2 2 31 503 463 424 1779
7805 4 2 2 31 1346 1282 1305 1875
7806 4 2 2 31 1051 1405 1456 1769
7807 4 2 2 31 1213 1713 1160 1881
7808 4 2 2 31 1365 1155 1191 1895
7809 4 2 2 31 871 950 1610 1832
7810 4 2 2 31 410 478 400 1714
7811 4 2 2 31 1578 1816 1697 1972
7812 4 2 2 31 1701 1782 1563 1906
7813 4 2 2 31 945 1925 1667 1980
7814 4 2 2 31 1242 1369 1057 1841
7815 4 2 2 31 1260 1259 1796 1920
7816 4 2 2 31 883 1877 869 1905
7817 4 2 2 31 45 814 44 1930
7818 4 2 2 31 1702 1904 1672 1962
7819 4 2 2 31 1623 1732 1584 1970
7820 4 2 2 31 495 419 351 1850
7821 4 2 2 31 435 1488 362 1721
7822 4 2 2 31 1330 1380 1099 1819
7823 4 2 2 31 706 776 762 1725
7824 4 2 2 31 58 361 464 1887
7825 4 2 2 31 952 894 856 1804
7826 4 2 2 31 1690 1805 396 1965
7827 4 2 2 31 766 902 196 856
7828 4 2 2 31 953 855 898 1808
7829 4 2 2 31 1260 1258 1259 1920
7830 4 2 2 31 903 834 944 1681
7831 4 2 2 31 403 1885 1607 1943
7832 4 2 2 31 1509 1512 1520 1655
7833 4 2 2 31 963 861 895 1668
7834 4 2 2 31 1113 1302 1268 1638
7835 4 2 2 31 757 763 762 1644
7836 4 2 2 31 1161 1196 1248 1734
7837 4 2 2 31 487 470 358 1636
7838 4 2 2 31 710 1763 887 1764
7839 4 2 2 31 1047 1381 1770 1833
7840 4 2 2 31 862 742 899 1811
7841 4 2 2 31 1286 1750 1834 1908
7842 4 2 2 31 1085 1374 816 1645
7843 4 2 2 31 492 1855 1780 1942
7844 4 2 2 31 1336 1194 1293 1851
7845 4 2 2 31 440 425 439 1737
7846 4 2 2 31 1430 1680 1474 1874
7847 4 2 2 31 1333 1053 1407 1820
7848 4 2 2 31 362 436 1721 1932
7849 4 2 2 31 184 884 870 745
7850 4 2 2 31 1131 1277 1139 1913
7851 4 2 2 31 1444 1445 1414 1748
7852 4 2 2 31 1613 1798 1553 1867
7853 4 2 2 31 787 800 1350 1967
7854 4 2 2 31 457 384 1719 1849
7855 4 2 2 31 992 994 1034 1642
7856 4 2 2 31 1696 1317 1857 1890
7857 4 2 2 31 447 399 455 1935
7858 4 2 2 31 379 1785 353 1898
7859 4 2 2 31 961 957 1731 1811
7860 4 2 2 31 289 892 1475 1413
7861 4 2 2 31 828 793 798 1794
7862 4 2 2 31 1324 1716 771 1864
7863 4 2 2 31 367 385 439 1704
7864 4 2 2 31 1317 1696 1070 1890
7865 4 2 2 31 30 471 31 1896
7866 4 2 2 31 1580 1767 1608 1900
7867 4 2 2 31 452 1627 1836 1940
7868 4 2 2 31 1131 1656 1130 1973
7869 4 2 2 31 778 886 753 1790
7870 4 2 2 31 1530 1739 1518 1831
7871 4 2 2 31 987 1227 1344 1628
7872 4 2 2 31 736 199 901 849
7873 4 2 2 31 891 773 711 201
7874 4 2 2 31 1518 1528 1501 1831
7875 4 2 2 31 833 1667 942 1854
7876 4 2 2 31 44 421 45 1930
7877 4 2 2 31 1739 1797 1594 1912
7878 4 2 2 31 887 710 864 1763
7879 4 2 2 31 1567 1679 1666 1821
7880 4 2 2 31 923 1877 1749 1905
7881 4 2 2 31 1637 1807 391 1977
7882 4 2 2 31 777 862 896 1765
7883 4 2 2 31 1255 1253 1151 1685
7884 4 2 2 31 1212 1217 1304 1792
7885 4 2 2 31 836 947 913 1925
7886 4 2 2 31 1381 1264 1212 1646
7887 4 2 2 31 805 790 803 1688
7888 4 2 2 31 293 993 1299 1834
7889 4 2 2 31 1467 1445 1450 1748
7890 4 2 2 31 987 1628 998 1937
7891 4 2 2 31 1399 1631 1068 1911
7892 4 2 2 31 1308 1689 1275 1947
7893 4 2 2 31 745 870 184 765
7894 4 2 2 31 1060 1350 800 1967
7895 4 2 2 31 1210 1209 1221 1824
7896 4 2 2 31 348 1732 428 1970
7897 4 2 2 31 1101 1102 1103 1676
7898 4 2 2 31 1132 1894 1625 1952
7899 4 2 2 31 1719 1849 1545 1954
7900 4 2 2 31 1012 976 858 1941
7901 4 2 2 31 1236 1773 1295 1960
7902 4 2 2 31 1385 1834 1750 1937
7903 4 2 2 31 1229 1756 1091 1768
7904 4 2 2 31 1413 288 850 1452
7905 4 2 2 31 277 1411 890 863
7906 4 2 2 31 454 397 500 1836
7907 4 2 2 31 1472 1440 883 1905
7908 4 2 2 31 310 1057 1408 1242
7909 4 2 2 31 1527 1496 1626 1865
7910 4 2 2 31 1479 861 1458 1847
7911 4 2 2 31 1174 1175 1176 1788
7912 4 2 2 31 849 711 736 200
7913 4 2 2 31 1350 1060 1241 1967
7914 4 2 2 31 772 721 779 1645
7915 4 2 2 31 1214 1357 1820 1868
7916 4 2 2 31 1570 1626 1878 1900
7917 4 2 2 31 1129 1275 1308 1689
7918 4 2 2 31 1408 1437 311 1059
7919 4 2 2 31 852 727 712 198
7920 4 2 2 31 1362 1351 1686 1863
7921 4 2 2 31 1406 879 274 829
7922 4 2 2 31 1443 286 851 1414
7923 4 2 2 31 739 714 742 1859
7924 4 2 2 31 1340 1211 1187 1735
7925 4 2 2 31 851 1414 893 1748
7926 4 2 2 31 1286 1048 1373 1834
7927 4 2 2 31 407 1619 446 1979
7928 4 2 2 31 966 842 907 1946
7929 4 2 2 31 1609 1592 1895 1916
7930 4 2 2 31 934 1764 888 1934
7931 4 2 2 31 1351 1266 1846 1917
7932 4 2 2 31 1409 1668 1460 1893
7933 4 2 2 31 1315 1201 1202 1723
7934 4 2 2 31 883 1440 1412 1877
7935 4 2 2 31 908 89 1635 1948
7936 4 2 2 31 1806 1810 1651 1931
7937 4 2 2 31 812 810 1686 1912
7938 4 2 2 31 1248 1331 1633 1890
7939 4 2 2 31 1446 1448 1403 1852
7940 4 2 2 31 63 1687 906 1928
7941 4 2 2 31 1527 1496 344 1626
7942 4 2 2 31 1232 1068 1067 1631
7943 4 2 2 31 373 383 374 1759
7944 4 2 2 31 766 734 729 1692
7945 4 2 2 31 360 1806 496 1889
7946 4 2 2 31 1425 989 304 1014
7947 4 2 2 31 1709 1818 1613 1947
7948 4 2 2 31 1443 1444 1414 1640
7949 4 2 2 31 1562 1683 1652 1934
7950 4 2 2 31 860 957 899 1859
7951 4 2 2 31 89 485 351 1939
7952 4 2 2 31 769 755 770 1615
7953 4 2 2 31 1755 1592 1901 1916
7954 4 2 2 31 1014 304 1425 1477
7955 4 2 2 31 1392 1066 1757 1888
7956 4 2 2 31 353 72 521 1898
7957 4 2 2 31 1514 1696 1515 1762
7958 4 2 2 31 1503 1526 417 1780
7959 4 2 2 31 1178 1609 1365 1901
7960 4 2 2 31 1126 1275 1689 1929
7961 4 2 2 31 434 1732 422 1923
7962 4 2 2 31 1666 1764 1562 1934
7963 4 2 2 31 275 1461 1406 885
7964 4 2 2 31 389 1637 1849 1954
7965 4 2 2 31 431 490 1617 1830
7966 4 2 2 31 1599 1846 1686 1930
7967 4 2 2 31 1637 1705 1548 1977
7968 4 2 2 31 721 818 175 796
7969 4 2 2 31 1432 1434 1708 1826
7970 4 2 2 31 1071 1070 1401 1762
7971 4 2 2 31 727 736 199 901
7972 4 2 2 31 1182 1181 1140 1825
7973 4 2 2 31 887 959 888 1764
7974 4 2 2 31 1580 1878 1841 1888
7975 4 2 2 31 1420 1259 1463 1920
7976 4 2 2 31 989 1020 1611 1892
7977 4 2 2 31 1003 1004 1005 1792
7978 4 2 2 31 1646 1670 1593 1833
7979 4 2 2 31 493 380 1519 1830
7980 4 2 2 31 1550 1638 1850 1886
7981 4 2 2 31 1647 1541 1825 1963
7982 4 2 2 31 1266 1753 1265 1846
7983 4 2 2 31 1686 1860 1599 1930
7984 4 2 2 31 209 1237 1058 761
7985 4 2 2 31 1197 1307 1308 1709
7986 4 2 2 31 1338 1090 1878 1888
7987 4 2 2 31 417 1780 492 1855
7988 4 2 2 31 1386 1616 1154 1918
7989 4 2 2 31 396 1805 395 1965
7990 4 2 2 31 1517 1522 1721 1978
7991 4 2 2 31 1496 345 344 1626
7992 4 2 2 31 985 1013 1047 1833
7993 4 2 2 31 1118 1664 1116 1869
7994 4 2 2 31 1567 1715 1694 1971
7995 4 2 2 31 1582 1820 1624 1874
7996 4 2 2 31 1651 1747 1546 1958
7997 4 2 2 31 1472 1478 1441 1610
7998 4 2 2 31 1457 1458 1455 1847
7999 4 2 2 31 1360 1047 1013 1833
8000 4 2 2 31 1503 492 1523 1855
8001 4 2 2 31 1312 1310 1871 1961
8002 4 2 2 31 1182 1140 1774 1825
8003 4 2 2 31 904 963 841 1727
8004 4 2 2 31 1619 1884 1561 1979
8005 4 2 2 31 737 860 714 1859
8006 4 2 2 31 101 100 360 1951
8007 4 2 2 31 1554 1719 1636 1915
8008 4 2 2 31 1443 900 287 1876
8009 4 2 2 31 1540 1685 1670 1962
8010 4 2 2 31 459 31 471 1896
8011 4 2 2 31 370 1659 369 1944
8012 4 2 2 31 1324 1221 1379 1864
8013 4 2 2 31 1279 1363 1220 1799
8014 4 2 2 31 796 816 822 1645
8015 4 2 2 31 495 1850 1648 1903
8016 4 2 2 31 1283 1051 1282 1875
8017 4 2 2 31 1003 1770 1304 1792
8018 4 2 2 31 1420 1464 1466 1796
8019 4 2 2 31 708 1038 1276 1858
8020 4 2 2 31 446 407 447 1619
8021 4 2 2 31 1646 1702 1540 1962
8022 4 2 2 31 1570 1900 1878 1976
8023 4 2 2 31 1494 1042 1401 1762
8024 4 2 2 31 799 809 801 1778
8025 4 2 2 31 431 490 460 1617
8026 4 2 2 31 1712 1771 1106 1960
8027 4 2 2 31 1183 1305 1300 1736
8028 4 2 2 31 755 778 752 1764
8029 4 2 2 31 78 79 923 1749
8030 4 2 2 31 76 1654 511 1809
8031 4 2 2 31 952 906 837 1687
8032 4 2 2 31 442 413 496 1806
8033 4 2 2 31 72 353 5 1785
8034 4 2 2 31 364 1678 359 1815
8035 4 2 2 31 743 1050 221 1870
8036 4 2 2 31 1270 1122 1650 1906
8037 4 2 2 31 1129 1277 1128 1706
8038 4 2 2 31 1070 1402 1514 1696
8039 4 2 2 31 1633 1591 1734 1890
8040 4 2 2 31 772 1645 1325 1926
8041 4 2 2 31 1102 1101 1098 1697
8042 4 2 2 31 1392 1090 1066 1888
8043 4 2 2 31 1134 1663 1292 1921
8044 4 2 2 31 1383 1626 1092 1865
8045 4 2 2 31 751 1250 1049 214
8046 4 2 2 31 1626 1580 1878 1900
8047 4 2 2 31 1149 1660 1156 1909
8048 4 2 2 31 1334 1505 1492 1917
8049 4 2 2 31 749 751 1049 214
8050 4 2 2 31 1200 1213 1355 1812
8051 4 2 2 31 884 978 846 1772
8052 4 2 2 31 1868 1888 1573 1914
8053 4 2 2 31 512 503 1487 1860
8054 4 2 2 31 1058 1339 1223 1793
8055 4 2 2 31 239 789 1321 1088
8056 4 2 2 31 1454 1410 1456 1677
8057 4 2 2 31 1605 1838 1776 1968
8058 4 2 2 31 494 1674 412 1954
8059 4 2 2 31 1525 1489 1519 1678
8060 4 2 2 31 961 957 840 1731
8061 4 2 2 31 900 850 287 1876
8062 4 2 2 31 1878 1900 1608 1976
8063 4 2 2 31 1486 1474 1430 1680
8064 4 2 2 31 1523 492 416 1855
8065 4 2 2 31 860 894 737 194
8066 4 2 2 31 282 859 898 1453
8067 4 2 2 31 1198 1173 1906 1961
8068 4 2 2 31 979 1610 879 1905
8069 4 2 2 31 1393 1069 1400 1669
8070 4 2 2 31 702 734 735 1781
8071 4 2 2 31 1126 1127 1124 1754
8072 4 2 2 31 1298 1127 1130 1782
8073 4 2 2 31 495 1648 502 1903
8074 4 2 2 31 1624 1826 1708 1914
8075 4 2 2 31 367 368 366 1814
8076 4 2 2 31 316 1259 1258 1463
8077 4 2 2 31 1580 1841 1708 1888
8078 4 2 2 31 364 375 1678 1923
8079 4 2 2 31 1231 1768 1377 1797
8080 4 2 2 31 758 759 715 1751
8081 4 2 2 31 1280 1755 1279 1901
8082 4 2 2 31 63 906 62 1928
8083 4 2 2 31 1540 1651 1672 1931
8084 4 2 2 31 81 461 983 381
8085 4 2 2 31 1516 1696 1514 1968
8086 4 2 2 31 1088 1262 238 810
8087 4 2 2 31 410 449 478 1798
8088 4 2 2 31 463 43 377 1778
8089 4 2 2 31 1060 800 1265 1753
8090 4 2 2 31 1271 227 1272 733
8091 4 2 2 31 1132 1109 1111 1952
8092 4 2 2 31 1056 756 706 1725
8093 4 2 2 31 857 263 1016 1011
8094 4 2 2 31 813 814 44 252
8095 4 2 2 31 1522 1515 1721 1978
8096 4 2 2 31 1570 1608 1900 1976
8097 4 2 2 31 1594 1860 1686 1930
8098 4 2 2 31 43 786 42 1778
8099 4 2 2 31 1104 1771 1676 1918
8100 4 2 2 31 1446 1452 1448 1876
8101 4 2 2 31 815 1795 1395 1902
8102 4 2 2 31 1503 1495 1526 1780
8103 4 2 2 31 1185 1182 1184 1774
8104 4 2 2 31 1346 1305 1183 1675
8105 4 2 2 31 1417 930 868 1826
8106 4 2 2 31 818 721 175 774
8107 4 2 2 31 412 510 456 1954
8108 4 2 2 31 365 366 364 1815
8109 4 2 2 31 1386 1260 1261 1919
8110 4 2 2 31 794 1265 800 1753
8111 4 2 2 31 739 740 738 1634
8112 4 2 2 31 1287 1116 1664 1964
8113 4 2 2 31 719 1794 784 1927
8114 4 2 2 31 915 967 854 1680
8115 4 2 2 31 349 478 1867 1940
8116 4 2 2 31 806 1797 808 1840
8117 4 2 2 31 898 855 283 1415
8118 4 2 2 31 856 195 713 894
8119 4 2 2 31 1449 1445 1444 1799
8120 4 2 2 31 1431 1433 1432 1624
8121 4 2 2 31 794 1753 802 1846
8122 4 2 2 31 1141 1773 1712 1960
8123 4 2 2 31 778 710 886 1764
8124 4 2 2 31 1550 1773 1638 1886
8125 4 2 2 31 1801 1966 1241 1967
8126 4 2 2 31 1510 1520 1378 1718
8127 4 2 2 31 871 950 879 1610
8128 4 2 2 31 1170 1789 1702 1959
8129 4 2 2 31 1616 1536 1918 1919
8130 4 2 2 31 1273 1037 1470 320
8131 4 2 2 31 1673 1837 443 1915
8132 4 2 2 31 1651 1546 1885 1958
8133 4 2 2 31 1237 209 758 761
8134 4 2 2 31 1459 1405 321 1284
8135 4 2 2 31 363 359 105 1489
8136 4 2 2 31 1369 1389 1708 1888
8137 4 2 2 31 1076 794 820 1846
8138 4 2 2 31 948 856 902 1804
8139 4 2 2 31 809 42 786 1778
8140 4 2 2 31 1695 1720 1581 1893
8141 4 2 2 31 841 91 1727 1872
8142 4 2 2 31 1061 1427 1327 329
8143 4 2 2 31 1357 1342 1053 1820
8144 4 2 2 31 788 812 810 1686
8145 4 2 2 31 1351 1846 1686 1917
8146 4 2 2 31 1407 1053 1429 1820
8147 4 2 2 31 760 759 758 1751
8148 4 2 2 31 1233 1658 1234 1911
8149 4 2 2 31 947 1692 852 1925
8150 4 2 2 31 277 1411 863 1471
8151 4 2 2 31 1570 1809 1626 1900
8152 4 2 2 31 1312 1310 1201 1871
8153 4 2 2 31 705 725 759 1752
8154 4 2 2 31 433 467 390 1883
8155 4 2 2 31 1219 1220 1043 1799
8156 4 2 2 31 987 998 997 1937
8157 4 2 2 31 872 922 86 1832
8158 4 2 2 31 928 877 1644 1957
8159 4 2 2 31 56 976 981 1717
8160 4 2 2 31 439 1704 483 1898
8161 4 2 2 31 1697 1816 1094 1972
8162 4 2 2 31 1126 1275 1129 1689
8163 4 2 2 31 789 807 1231 1797
8164 4 2 2 31 1682 1819 1578 1972
8165 4 2 2 31 513 514 414 1766
8166 4 2 2 31 1328 1642 992 1827
8167 4 2 2 31 1578 1819 1784 1972
8168 4 2 2 31 1404 1451 1450 1755
8169 4 2 2 31 1092 1095 1093 1865
8170 4 2 2 31 1465 1464 1411 1823
8171 4 2 2 31 881 1760 29 1933
8172 4 2 2 31 1563 1782 1650 1906
8173 4 2 2 31 1227 1208 1628 1907
8174 4 2 2 31 43 786 813 251
8175 4 2 2 31 1305 1191 1148 1736
8176 4 2 2 31 1362 1087 1351 1863
8177 4 2 2 31 285 893 851 1414
8178 4 2 2 31 712 902 852 197
8179 4 2 2 31 266 936 1474 854
8180 4 2 2 31 339 1510 1397 1492
8181 4 2 2 31 1529 1497 1519 1830
8182 4 2 2 31 492 488 416 1855
8183 4 2 2 31 1418 1474 936 1874
8184 4 2 2 31 484 413 414 1889
8185 4 2 2 31 1449 1404 1445 1755
8186 4 2 2 31 1546 1607 1885 1943
8187 4 2 2 31 1349 1280 1279 1901
8188 4 2 2 31 88 843 1775 1939
8189 4 2 2 31 1351 1686 1863 1917
8190 4 2 2 31 1280 1279 1755 1916
8191 4 2 2 31 220 1324 743 771
8192 4 2 2 31 1503 417 492 1855
8193 4 2 2 31 293 986 993 1834
8194 4 2 2 31 1286 1157 1207 1750
8195 4 2 2 31 886 830 187 753
8196 4 2 2 31 988 1035 1345 1861
8197 4 2 2 31 1580 1626 1878 1888
8198 4 2 2 31 1672 1685 1540 1962
8199 4 2 2 31 91 92 904 1727
8200 4 2 2 31 1421 1465 1473 1720
8201 4 2 2 31 405 406 1885 1958
8202 4 2 2 31 1565 1722 1665 1945
8203 4 2 2 31 861 897 280 1458
8204 4 2 2 31 1506 1521 1487 1860
8205 4 2 2 31 1260 1796 1261 1919
8206 4 2 2 31 1282 1191 1305 1895
8207 4 2 2 31 1434 1435 1436 1767
8208 4 2 2 31 1073 1080 1084 1838
8209 4 2 2 31 1276 1274 224 735
8210 4 2 2 31 1137 1153 1319 1894
8211 4 2 2 31 1323 1677 1281 1916
8212 4 2 2 31 1338 1066 1090 1888
8213 4 2 2 31 98 1681 903 1936
8214 4 2 2 31 1153 1853 1319 1894
8215 4 2 2 31 1467 893 1414 1748
8216 4 2 2 31 278 863 895 1409
8217 4 2 2 31 1041 1259 317 1420
8218 4 2 2 31 805 807 806 1768
8219 4 2 2 31 1362 1686 1262 1912
8220 4 2 2 31 1443 1446 1444 1640
8221 4 2 2 31 1169 1702 1168 1904
8222 4 2 2 31 1361 1919 1682 1920
8223 4 2 2 31 770 1254 1252 217
8224 4 2 2 31 757 762 776 1644
8225 4 2 2 31 1330 1099 1784 1819
8226 4 2 2 31 5 479 1 1910
8227 4 2 2 31 728 730 727 1667
8228 4 2 2 31 1352 1099 1337 1784
8229 4 2 2 31 1468 1410 1454 1677
8230 4 2 2 31 61 1632 913 1980
8231 4 2 2 31 393 456 418 1807
8232 4 2 2 31 1157 1179 1150 1665
8233 4 2 2 31 835 949 911 1729
8234 4 2 2 31 1660 1685 1546 1982
8235 4 2 2 31 828 798 816 1645
8236 4 2 2 31 742 862 777 1811
8237 4 2 2 31 1166 1672 1167 1962
8238 4 2 2 31 1184 1774 1289 1886
8239 4 2 2 31 1163 1234 1233 1658
8240 4 2 2 31 1085 1325 1374 1645
8241 4 2 2 31 1262 238 810 788
8242 4 2 2 31 767 708 1781 1858
8243 4 2 2 31 1071 1317 1070 1890
8244 4 2 2 31 1448 1428 1427 1639
8245 4 2 2 31 1280 1755 1901 1916
8246 4 2 2 31 1351 1262 1362 1686
8247 4 2 2 31 435 362 436 1721
8248 4 2 2 31 1304 1381 1212 1770
8249 4 2 2 31 62 836 61 1928
8250 4 2 2 31 1348 1739 1074 1912
8251 4 2 2 31 449 349 478 1867
8252 4 2 2 31 821 1376 1395 1795
8253 4 2 2 31 350 445 1738 1884
8254 4 2 2 31 396 397 394 1805
8255 4 2 2 31 1545 1758 1661 1964
8256 4 2 2 31 1023 1698 1008 1975
8257 4 2 2 31 1369 1389 1057 1708
8258 4 2 2 31 787 234 1350 800
8259 4 2 2 31 1047 1304 985 1770
8260 4 2 2 31 1338 1090 1369 1878
8261 4 2 2 31 1156 1660 1253 1907
8262 4 2 2 31 1425 1485 1475 1892
8263 4 2 2 31 1087 1863 1505 1917
8264 4 2 2 31 1130 1782 1127 1973
8265 4 2 2 31 987 999 998 1628
8266 4 2 2 31 96 835 1729 1936
8267 4 2 2 31 1256 1255 1171 1670
8268 4 2 2 31 1234 1163 1235 1658
8269 4 2 2 31 496 360 441 1806
8270 4 2 2 31 708 740 1038 1858
8271 4 2 2 31 448 1798 410 1810
8272 4 2 2 31 511 430 346 1654
8273 4 2 2 31 1309 1106 1771 1960
8274 4 2 2 31 382 984 84 462
8275 4 2 2 31 446 447 497 1862
8276 4 2 2 31 1128 1277 1131 1706
8277 4 2 2 31 1322 1102 1098 1918
8278 4 2 2 31 1170 1193 1789 1959
8279 4 2 2 31 820 1076 236 794
8280 4 2 2 31 1557 1847 1614 1848
8281 4 2 2 31 470 1636 1915 1949
8282 4 2 2 31 196 713 766 856
8283 4 2 2 31 1169 1168 1167 1904
8284 4 2 2 31 1421 1720 1473 1893
8285 4 2 2 31 1352 1424 1330 1784
8286 4 2 2 31 1060 1350 234 800
8287 4 2 2 31 67 905 66 1777
8288 4 2 2 31 737 714 860 194
8289 4 2 2 31 245 817 1426 1476
8290 4 2 2 31 427 473 489 1703
8291 4 2 2 31 1351 1863 1087 1917
8292 4 2 2 31 282 859 1453 1416
8293 4 2 2 31 1086 1792 1217 1856
8294 4 2 2 31 1300 1181 1183 1825
8295 4 2 2 31 746 749 751 1726
8296 4 2 2 31 1548 1643 1807 1977
8297 4 2 2 31 817 245 795 1476
8298 4 2 2 31 372 1759 374 1903
8299 4 2 2 31 1574 1671 1801 1967
8300 4 2 2 31 468 360 484 1889
8301 4 2 2 31 1609 1818 1549 1901
8302 4 2 2 31 33 1813 875 1899
8303 4 2 2 31 1169 1197 1316 1904
8304 4 2 2 31 746 748 749 1726
8305 4 2 2 31 797 809 799 1671
8306 4 2 2 31 966 959 1763 1946
8307 4 2 2 31 928 877 867 1644
8308 4 2 2 31 442 465 518 1651
8309 4 2 2 31 465 442 356 1810
8310 4 2 2 31 495 502 458 1903
8311 4 2 2 31 1561 1713 1733 1974
8312 4 2 2 31 1480 1330 1424 1784
8313 4 2 2 31 750 765 717 1724
8314 4 2 2 31 1509 1507 1490 1622
8315 4 2 2 31 964 905 842 1777
8316 4 2 2 31 1602 1737 1673 1837
8317 4 2 2 31 879 1472 1406 274
8318 4 2 2 31 1493 1838 1516 1968
8319 4 2 2 31 1382 1226 1162 1630
8320 4 2 2 31 477 476 74 1786
8321 4 2 2 31 1746 1802 482 1955
8322 4 2 2 31 1260 1361 1258 1920
8323 4 2 2 31 1692 1804 1559 1928
8324 4 2 2 31 1128 1706 1131 1973
8325 4 2 2 31 1046 1682 1228 1819
8326 4 2 2 31 1140 1289 1184 1774
8327 4 2 2 31 1278 1306 1190 1921
8328 4 2 2 31 1580 1608 1841 1878
8329 4 2 2 31 1081 1245 1246 1897
8330 4 2 2 31 890 276 885 1823
8331 4 2 2 31 1333 1057 1389 1708
8332 4 2 2 31 911 953 838 1842
8333 4 2 2 31 751 704 747 1707
8334 4 2 2 31 91 486 453 1872
8335 4 2 2 31 1066 1338 1383 1626
8336 4 2 2 31 1454 1455 1416 1614
8337 4 2 2 31 723 1078 230 720
8338 4 2 2 31 1673 1737 1564 1944
8339 4 2 2 31 1181 1825 1300 1963
8340 4 2 2 31 1224 1388 1100 1718
8341 4 2 2 31 1050 1285 221 1870
8342 4 2 2 31 1214 1089 1357 1868
8343 4 2 2 31 1134 1292 1190 1921
8344 4 2 2 31 865 929 931 1752
8345 4 2 2 31 392 454 1705 1977
8346 4 2 2 31 1194 1189 1176 1711
8347 4 2 2 31 1371 1213 1301 1881
8348 4 2 2 31 411 482 475 1746
8349 4 2 2 31 1046 315 1258 1419
8350 4 2 2 31 362 426 436 1932
8351 4 2 2 31 1265 794 1076 1846
8352 4 2 2 31 1453 1468 1454 1808
8353 4 2 2 31 1223 1225 1793 1844
8354 4 2 2 31 1037 1340 1273 1735
8355 4 2 2 31 1636 1694 1567 1949
8356 4 2 2 31 1323 1282 1677 1895
8357 4 2 2 31 902 852 947 1692
8358 4 2 2 31 1520 1510 1509 1718
8359 4 2 2 31 443 1673 371 1944
8360 4 2 2 31 1213 1200 1160 1713
8361 4 2 2 31 253 814 45 791
8362 4 2 2 31 1265 1753 794 1846
8363 4 2 2 31 830 186 753 716
8364 4 2 2 31 325 1451 1404 1036
8365 4 2 2 31 1260 1919 1361 1920
8366 4 2 2 31 1310 1298 1701 1961
8367 4 2 2 31 105 1517 519 363
8368 4 2 2 31 279 895 861 1479
8369 4 2 2 31 1602 1652 1737 1837
8370 4 2 2 31 1023 1008 1024 1975
8371 4 2 2 31 1058 1359 210 761
8372 4 2 2 31 1062 1510 1397 339
8373 4 2 2 31 1255 1685 1166 1962
8374 4 2 2 31 742 741 739 1811
8375 4 2 2 31 379 479 1785 1839
8376 4 2 2 31 946 893 949 1748
8377 4 2 2 31 1301 1192 1881 1945
8378 4 2 2 31 1134 1291 1663 1922
8379 4 2 2 31 1495 345 346 1654
8380 4 2 2 31 1248 1734 1317 1890
8381 4 2 2 31 1204 1236 1303 1691
8382 4 2 2 31 864 189 764 710
8383 4 2 2 31 436 505 435 1721
8384 4 2 2 31 1141 1295 1302 1773
8385 4 2 2 31 1492 1684 1507 1744
8386 4 2 2 31 102 101 468 1698
8387 4 2 2 31 1606 1682 1919 1920
8388 4 2 2 31 1104 1154 1771 1918
8389 4 2 2 31 1399 1067 1068 1631
8390 4 2 2 31 1219 1316 1699 1959
8391 4 2 2 31 882 927 77 1900
8392 4 2 2 31 1074 1739 1863 1912
8393 4 2 2 31 1479 1457 1460 1668
8394 4 2 2 31 444 403 1884 1943
8395 4 2 2 31 985 1770 1006 1833
8396 4 2 2 31 955 838 953 1808
8397 4 2 2 31 881 30 928 1933
8398 4 2 2 31 1439 1480 1784 1819
8399 4 2 2 31 1715 1921 1556 1971
8400 4 2 2 31 1284 321 1459 1037
8401 4 2 2 31 1548 1693 1647 1950
8402 4 2 2 31 412 1674 510 1954
8403 4 2 2 31 512 421 503 1860
8404 4 2 2 31 1038 222 1285 703
8405 4 2 2 31 857 263 919 1016
8406 4 2 2 31 955 898 859 1808
8407 4 2 2 31 486 1791 453 1872
8408 4 2 2 31 1616 1918 1386 1919
8409 4 2 2 31 330 1061 1427 1326
8410 4 2 2 31 854 971 915 1680
8411 4 2 2 31 1548 1807 1637 1977
8412 4 2 2 31 1563 1701 1906 1961
8413 4 2 2 31 1608 1878 1580 1900
8414 4 2 2 31 1216 1180 1286 1908
8415 4 2 2 31 1515 1762 1721 1978
8416 4 2 2 31 48 255 811 790
8417 4 2 2 31 428 422 434 1732
8418 4 2 2 31 1458 1457 1479 1847
8419 4 2 2 31 416 481 512 1860
8420 4 2 2 31 1408 1442 1057 310
8421 4 2 2 31 1443 287 1452 1876
8422 4 2 2 31 1362 1863 1686 1912
8423 4 2 2 31 1721 1762 1542 1978
8424 4 2 2 31 105 1517 363 1489
8425 4 2 2 31 1010 84 984 462
8426 4 2 2 31 395 1805 394 1977
8427 4 2 2 31 1178 1818 1609 1901
8428 4 2 2 31 1405 1051 322 1284
8429 4 2 2 31 1388 1356 1062 1744
8430 4 2 2 31 879 883 1472 273
8431 4 2 2 31 1082 1739 1348 1797
8432 4 2 2 31 712 766 902 197
8433 4 2 2 31 455 1690 396 1965
8434 4 2 2 31 1019 981 1012 1717
8435 4 2 2 31 893 285 1467 1414
8436 4 2 2 31 1672 1931 1702 1962
8437 4 2 2 31 31 1655 501 1957
8438 4 2 2 31 1439 1784 1438 1877
8439 4 2 2 31 1228 1819 1682 1972
8440 4 2 2 31 1271 1371 1329 1743
8441 4 2 2 31 1548 1664 1728 1950
8442 4 2 2 31 863 278 1471 1409
8443 4 2 2 31 1148 1300 1736 1963
8444 4 2 2 31 769 718 768 1864
8445 4 2 2 31 1427 1423 330 1326
8446 4 2 2 31 883 869 923 1905
8447 4 2 2 31 804 792 827 1680
8448 4 2 2 31 1404 1279 325 1036
8449 4 2 2 31 1021 1891 990 1981
8450 4 2 2 31 1164 1248 1331 1633
8451 4 2 2 31 1352 312 1437 1059
8452 4 2 2 31 1837 1915 1567 1949
8453 4 2 2 31 380 1529 1519 1830
8454 4 2 2 31 469 1887 1618 1955
8455 4 2 2 31 743 221 703 1870
8456 4 2 2 31 1485 1611 1475 1892
8457 4 2 2 31 1526 1495 346 1654
8458 4 2 2 31 1003 300 1304 985
8459 4 2 2 31 1677 1875 1551 1895
8460 4 2 2 31 513 461 514 1766
8461 4 2 2 31 364 359 363 1815
8462 4 2 2 31 1736 1825 1541 1963
8463 4 2 2 31 1469 1435 925 1767
8464 4 2 2 31 850 1452 287 1876
8465 4 2 2 31 395 1805 1643 1965
8466 4 2 2 31 372 374 458 1903
8467 4 2 2 31 1265 1266 1267 1753
8468 4 2 2 31 1449 1444 1447 1799
8469 4 2 2 31 390 388 389 1849
8470 4 2 2 31 841 90 91 1872
8471 4 2 2 31 87 88 889 1775
8472 4 2 2 31 1561 1884 1738 1979
8473 4 2 2 31 348 428 437 1970
8474 4 2 2 31 772 726 784 1645
8475 4 2 2 31 1084 1354 1225 1844
8476 4 2 2 31 1619 1862 446 1979
8477 4 2 2 31 1116 1118 1287 1664
8478 4 2 2 31 1361 1228 1046 1682
8479 4 2 2 31 1148 1143 1300 1963
8480 4 2 2 31 1194 1711 1176 1851
8481 4 2 2 31 744 771 1716 1864
8482 4 2 2 31 212 756 1056 1244
8483 4 2 2 31 1086 1217 1326 1856
8484 4 2 2 31 1078 230 1249 723
8485 4 2 2 31 868 925 1435 1767
8486 4 2 2 31 1273 1203 1269 1720
8487 4 2 2 31 1072 1696 1317 1857
8488 4 2 2 31 1348 1088 1321 1912
8489 4 2 2 31 380 474 429 1830
8490 4 2 2 31 189 864 887 710
8491 4 2 2 31 213 1049 709 1244
8492 4 2 2 31 716 884 185 745
8493 4 2 2 31 1383 1338 1092 1626
8494 4 2 2 31 726 1645 772 1926
8495 4 2 2 31 57 917 56 1717
8496 4 2 2 31 1476 821 795 1795
8497 4 2 2 31 1749 1877 1578 1905
8498 4 2 2 31 735 224 1276 708
8499 4 2 2 31 1487 1523 512 1860
8500 4 2 2 31 941 885 933 1823
8501 4 2 2 31 1580 1708 1826 1914
8502 4 2 2 31 207 772 1325 1926
8503 4 2 2 31 706 210 1359 761
8504 4 2 2 31 931 875 1752 1899
8505 4 2 2 31 798 816 1645 1966
8506 4 2 2 31 874 1683 951 1934
8507 4 2 2 31 186 830 880 716
8508 4 2 2 31 1121 1728 1172 1922
8509 4 2 2 31 1380 1819 1228 1972
8510 4 2 2 31 1196 1317 1248 1734
8511 4 2 2 31 1541 1693 1662 1963
8512 4 2 2 31 1440 1877 883 1905
8513 4 2 2 31 1093 1094 1393 1816
8514 4 2 2 31 1580 1888 1708 1914
8515 4 2 2 31 1328 1384 1299 1642
8516 4 2 2 31 1146 1136 1306 1745
8517 4 2 2 31 1350 1966 787 1967
8518 4 2 2 31 1389 1868 1708 1888
8519 4 2 2 31 509 73 1688 1942
8520 4 2 2 31 806 807 789 1797
8521 4 2 2 31 369 367 439 1814
8522 4 2 2 31 93 451 1742 1953
8523 4 2 2 31 443 425 1673 1944
8524 4 2 2 31 1447 1444 1446 1852
8525 4 2 2 31 1348 1321 1797 1912
8526 4 2 2 31 1265 236 1076 794
8527 4 2 2 31 73 1786 1688 1942
8528 4 2 2 31 1518 1739 1396 1831
8529 4 2 2 31 729 712 766 1692
8530 4 2 2 31 1040 1272 226 733
8531 4 2 2 31 1344 1227 1208 1628
8532 4 2 2 31 188 887 886 710
8533 4 2 2 31 1142 1310 1701 1974
8534 4 2 2 31 96 97 835 1936
8535 4 2 2 31 405 406 404 1885
8536 4 2 2 31 869 272 1412 883
8537 4 2 2 31 467 453 1791 1883
8538 4 2 2 31 75 76 878 1914
8539 4 2 2 31 785 1064 807 1768
8540 4 2 2 31 1049 709 749 213
8541 4 2 2 31 1455 1405 1457 1769
8542 4 2 2 31 1259 316 1420 1463
8543 4 2 2 31 1499 1500 1498 1669
8544 4 2 2 31 391 1807 1637 1954
8545 4 2 2 31 906 1804 948 1928
8546 4 2 2 31 742 192 862 899
8547 4 2 2 31 1641 1873 1597 1961
8548 4 2 2 31 429 511 346 1809
8549 4 2 2 31 1481 1474 1426 1680
8550 4 2 2 31 894 954 860 1859
8551 4 2 2 31 1310 1871 1701 1974
8552 4 2 2 31 1249 1215 1347 1649
8553 4 2 2 31 1120 1290 1123 1693
8554 4 2 2 31 466 1837 70 1949
8555 4 2 2 31 818 774 782 1794
8556 4 2 2 31 893 949 1748 1969
8557 4 2 2 31 1060 800 1753 1967
8558 4 2 2 31 1758 1869 1114 1964
8559 4 2 2 31 815 821 1395 1795
8560 4 2 2 31 1479 1460 1409 1668
8561 4 2 2 31 1088 239 789 810
8562 4 2 2 31 1453 898 283 1415
8563 4 2 2 31 355 427 489 1862
8564 4 2 2 31 195 737 713 894
8565 4 2 2 31 1152 1713 1200 1871
8566 4 2 2 31 1327 328 1403 1852
8567 4 2 2 31 76 75 511 1654
8568 4 2 2 31 402 400 401 1822
8569 4 2 2 31 1327 1043 328 1852
8570 4 2 2 31 1488 1721 1515 1932
8571 4 2 2 31 1296 1311 1733 1945
8572 4 2 2 31 1502 1530 1518 1831
8573 4 2 2 31 1163 1105 1107 1800
8574 4 2 2 31 802 794 801 1753
8575 4 2 2 31 885 276 1461 1823
8576 4 2 2 31 1672 1540 1931 1962
8577 4 2 2 31 98 448 356 1810
8578 4 2 2 31 1022 981 1019 1717
8579 4 2 2 31 346 1497 1529 1809
8580 4 2 2 31 191 777 862 896
8581 4 2 2 31 1360 1257 1047 1833
8582 4 2 2 31 1465 1471 1473 1695
8583 4 2 2 31 253 45 46 791
8584 4 2 2 31 1330 1784 1480 1819
8585 4 2 2 31 1668 1581 1735 1893
8586 4 2 2 31 1780 1786 477 1942
8587 4 2 2 31 859 281 897 1416
8588 4 2 2 31 1347 1078 1249 1649
8589 4 2 2 31 193 714 860 899
8590 4 2 2 31 1038 222 703 740
8591 4 2 2 31 1427 1403 1327 329
8592 4 2 2 31 1047 1257 1381 1833
8593 4 2 2 31 1123 1693 1290 1963
8594 4 2 2 31 97 98 903 1936
8595 4 2 2 31 1334 1087 1505 1917
8596 4 2 2 31 1361 1322 1228 1682
8597 4 2 2 31 807 1064 1231 1768
8598 4 2 2 31 1269 1273 1421 319
8599 4 2 2 31 1319 1153 1164 1853
8600 4 2 2 31 437 438 522 1741
8601 4 2 2 31 707 190 764 864
8602 4 2 2 31 1138 1909 1761 1982
8603 4 2 2 31 930 932 878 1826
8604 4 2 2 31 387 1850 495 1903
8605 4 2 2 31 1064 785 1395 1902
8606 4 2 2 31 522 87 348 1629
8607 4 2 2 31 1238 1751 1054 1926
8608 4 2 2 31 1219 1193 1316 1959
8609 4 2 2 31 1073 337 1063 1838
8610 4 2 2 31 1274 1355 1040 1812
8611 4 2 2 31 1479 861 280 1458
8612 4 2 2 31 733 1271 227 731
8613 4 2 2 31 936 1474 1418 266
8614 4 2 2 31 816 1085 1645 1966
8615 4 2 2 31 223 1038 1276 708
8616 4 2 2 31 502 438 376 1741
8617 4 2 2 31 1359 1225 1056 1725
8618 4 2 2 31 1104 1676 1102 1918
8619 4 2 2 31 720 724 723 1649
8620 4 2 2 31 732 1649 724 1880
8621 4 2 2 31 478 398 1714 1940
8622 4 2 2 31 1310 1198 1298 1961
8623 4 2 2 31 395 394 393 1977
8624 4 2 2 31 467 357 453 1883
8625 4 2 2 31 1160 1713 1152 1974
8626 4 2 2 31 799 798 1671 1967
8627 4 2 2 31 1324 219 1039 1864
8628 4 2 2 31 466 443 1837 1915
8629 4 2 2 31 7 790 803 256
8630 4 2 2 31 811 254 47 791
8631 4 2 2 31 1493 1514 1402 1968
8632 4 2 2 31 1270 1127 1298 1782
8633 4 2 2 31 1435 1434 1417 1826
8634 4 2 2 31 1195 1209 1210 1824
8635 4 2 2 31 60 445 61 1738
8636 4 2 2 31 743 741 744 1716
8637 4 2 2 31 1153 1158 1161 1853
8638 4 2 2 31 789 808 806 1797
8639 4 2 2 31 1664 1869 1545 1964
8640 4 2 2 31 997 986 294 1385
8641 4 2 2 31 732 723 724 1649
8642 4 2 2 31 1462 1461 1464 1823
8643 4 2 2 31 814 45 44 252
8644 4 2 2 31 97 96 449 1867
8645 4 2 2 31 1170 1702 1169 1959
8646 4 2 2 31 452 1836 491 1940
8647 4 2 2 31 504 415 471 1896
8648 4 2 2 31 876 866 936 1874
8649 4 2 2 31 1362 1348 1074 1912
8650 4 2 2 31 726 719 784 1927
8651 4 2 2 31 1048 293 1299 1834
8652 4 2 2 31 459 471 1511 1896
8653 4 2 2 31 890 1411 276 1823
8654 4 2 2 31 707 190 864 896
8655 4 2 2 31 326 1279 1404 1363
8656 4 2 2 31 777 896 707 1765
8657 4 2 2 31 924 29 881 1760
8658 4 2 2 31 94 93 451 1742
8659 4 2 2 31 1333 1057 1442 309
8660 4 2 2 31 728 731 730 1743
8661 4 2 2 31 518 404 406 1885
8662 4 2 2 31 1311 1881 1733 1945
8663 4 2 2 31 1074 1863 1362 1912
8664 4 2 2 31 492 1780 477 1942
8665 4 2 2 31 782 823 818 1794
8666 4 2 2 31 1361 1322 1682 1919
8667 4 2 2 31 1514 1494 335 1401
8668 4 2 2 31 1260 1796 1919 1920
8669 4 2 2 31 1491 1074 1396 1739
8670 4 2 2 31 1106 1141 1712 1960
8671 4 2 2 31 1019 1717 1012 1941
8672 4 2 2 31 1559 1804 1687 1928
8673 4 2 2 31 404 402 403 1885
8674 4 2 2 31 1286 1750 1048 1834
8675 4 2 2 31 1271 1045 228 701
8676 4 2 2 31 1149 1253 1156 1660
8677 4 2 2 31 1470 1421 1273 319
8678 4 2 2 31 362 106 1488 435
8679 4 2 2 31 1891 1941 1598 1981
8680 4 2 2 31 1323 1895 1677 1916
8681 4 2 2 31 923 869 882 1749
8682 4 2 2 31 1662 1879 1144 1929
8683 4 2 2 31 1222 1368 1318 1821
8684 4 2 2 31 1134 1291 1292 1663
8685 4 2 2 31 1268 1186 1184 1886
8686 4 2 2 31 1333 1442 1407 309
8687 4 2 2 31 5 353 379 1785
8688 4 2 2 31 1548 1805 1643 1977
8689 4 2 2 31 326 1404 1449 1363
8690 4 2 2 31 1205 1170 1193 1789
8691 4 2 2 31 1255 1151 1166 1685
8692 4 2 2 31 882 925 927 1767
8693 4 2 2 31 1225 1359 1058 1793
8694 4 2 2 31 878 868 930 1826
8695 4 2 2 31 1017 1012 260 1941
8696 4 2 2 31 317 1041 1420 1466
8697 4 2 2 31 769 710 755 1764
8698 4 2 2 31 1396 1739 1082 1831
8699 4 2 2 31 1320 1387 1081 1897
8700 4 2 2 31 1033 1792 991 1856
8701 4 2 2 31 1354 1056 1225 1725
8702 4 2 2 31 1097 1094 1816 1972
8703 4 2 2 31 1419 315 1258 1463
8704 4 2 2 31 1144 1929 1879 1947
8705 4 2 2 31 907 69 844 1946
8706 4 2 2 31 1553 1627 1867 1940
8707 4 2 2 31 1064 1229 1768 1902
8708 4 2 2 31 405 1885 403 1943
8709 4 2 2 31 1112 1114 1758 1938
8710 4 2 2 31 1549 1799 1755 1901
8711 4 2 2 31 1476 1484 821 1795
8712 4 2 2 31 928 926 881 1724
8713 4 2 2 31 1139 1138 1761 1982
8714 4 2 2 31 1352 312 1424 1437
8715 4 2 2 31 440 439 483 1898
8716 4 2 2 31 1696 1605 1857 1968
8717 4 2 2 31 510 412 494 1674
8718 4 2 2 31 409 414 413 1747
8719 4 2 2 31 1146 1137 1136 1745
8720 4 2 2 31 1556 1777 1694 1956
8721 4 2 2 31 272 1440 1412 883
8722 4 2 2 31 1389 1083 1868 1888
8723 4 2 2 31 1511 1512 1655 1896
8724 4 2 2 31 88 89 843 1939
8725 4 2 2 31 1051 1456 1405 322
8726 4 2 2 31 1603 1781 1723 1858
8727 4 2 2 31 1592 1677 1895 1916
8728 4 2 2 31 1116 1114 1869 1964
8729 4 2 2 31 1437 1408 1436 1841
8730 4 2 2 31 208 1054 758 715
8731 4 2 2 31 457 389 384 1849
8732 4 2 2 31 212 709 756 1244
8733 4 2 2 31 1189 1174 1176 1788
8734 4 2 2 31 703 739 741 1870
8735 4 2 2 31 1012 858 260 1941
8736 4 2 2 31 455 396 395 1965
8737 4 2 2 31 44 43 813 251
8738 4 2 2 31 701 1249 229 723
8739 4 2 2 31 509 1688 48 1942
8740 4 2 2 31 1488 362 1721 1932
8741 4 2 2 31 715 772 207 1926
8742 4 2 2 31 226 1040 733 702
8743 4 2 2 31 708 767 738 1858
8744 4 2 2 31 993 994 992 1642
8745 4 2 2 31 456 1807 391 1954
8746 4 2 2 31 494 450 1674 1956
8747 4 2 2 31 1029 1032 999 1746
8748 4 2 2 31 521 1737 440 1898
8749 4 2 2 31 1098 1697 1094 1972
8750 4 2 2 31 1523 1487 1504 1860
8751 4 2 2 31 1247 1132 1319 1894
8752 4 2 2 31 1348 1797 1739 1912
8753 4 2 2 31 472 33 420 1813
8754 4 2 2 31 1138 1149 1909 1982
8755 4 2 2 31 985 1006 1013 1833
8756 4 2 2 31 383 457 384 1719
8757 4 2 2 31 902 947 948 1692
8758 4 2 2 31 1002 988 1013 1833
8759 4 2 2 31 763 929 180 705
8760 4 2 2 31 411 1802 517 1955
8761 4 2 2 31 1324 771 219 1864
8762 4 2 2 31 483 379 353 1898
8763 4 2 2 31 1543 1773 1691 1960
8764 4 2 2 31 468 102 1698 1975
8765 4 2 2 31 1440 1472 883 273
8766 4 2 2 31 1488 107 362 1932
8767 4 2 2 31 1280 1901 1365 1916
8768 4 2 2 31 1285 703 221 1870
8769 4 2 2 31 1541 1662 1736 1963
8770 4 2 2 31 1776 1838 1080 1968
8771 4 2 2 31 843 889 88 1775
8772 4 2 2 31 1399 1068 1367 1911
8773 4 2 2 31 379 479 5 1785
8774 4 2 2 31 1419 1478 1463 1920
8775 4 2 2 31 873 846 978 1910
8776 4 2 2 31 1149 1253 1660 1982
8777 4 2 2 31 1118 1116 1117 1869
8778 4 2 2 31 448 410 465 1810
8779 4 2 2 31 1702 1931 1540 1962
8780 4 2 2 31 1241 1801 1239 1966
8781 4 2 2 31 495 351 502 1648
8782 4 2 2 31 1351 1334 1266 1917
8783 4 2 2 31 1045 1249 229 701
8784 4 2 2 31 1294 1346 1183 1675
8785 4 2 2 31 1005 985 1003 1770
8786 4 2 2 31 1388 1378 1100 1718
8787 4 2 2 31 410 400 402 1822
8788 4 2 2 31 1263 1818 1709 1947
8789 4 2 2 31 75 878 932 1914
8790 4 2 2 31 1266 1077 1391 1684
8791 4 2 2 31 498 426 415 1932
8792 4 2 2 31 1150 1149 1156 1909
8793 4 2 2 31 359 364 375 1678
8794 4 2 2 31 510 494 450 1674
8795 4 2 2 31 1431 1430 1418 1874
8796 4 2 2 31 1491 1396 1518 1739
8797 4 2 2 31 406 409 413 1747
8798 4 2 2 31 895 279 1409 1479
8799 4 2 2 31 1513 1516 1512 1896
8800 4 2 2 31 787 1966 798 1967
8801 4 2 2 31 405 1885 1943 1958
8802 4 2 2 31 1506 1684 1492 1917
8803 4 2 2 31 1281 1282 1051 1677
8804 4 2 2 31 961 899 957 1811
8805 4 2 2 31 1432 1442 1407 1708
8806 4 2 2 31 926 870 881 1724
8807 4 2 2 31 824 817 792 1680
8808 4 2 2 31 1093 1393 1052 1865
8809 4 2 2 31 1517 1522 1515 1721
8810 4 2 2 31 1198 1173 1135 1906
8811 4 2 2 31 1287 1121 1172 1922
8812 4 2 2 31 254 46 47 791
8813 4 2 2 31 368 370 437 1970
8814 4 2 2 31 1341 1726 1245 1897
8815 4 2 2 31 1198 1270 1298 1906
8816 4 2 2 31 466 443 354 1837
8817 4 2 2 31 1115 1758 1114 1964
8818 4 2 2 31 1000 1001 1029 1861
8819 4 2 2 31 979 879 883 1905
8820 4 2 2 31 1417 1432 1433 1826
8821 4 2 2 31 1307 1165 1277 1913
8822 4 2 2 31 474 431 78 1830
8823 4 2 2 31 794 1265 235 800
8824 4 2 2 31 364 434 375 1923
8825 4 2 2 31 803 792 915 257
8826 4 2 2 31 786 43 42 250
8827 4 2 2 31 1116 1869 1664 1964
8828 4 2 2 31 208 1054 1237 758
8829 4 2 2 31 352 523 510 1882
8830 4 2 2 31 1035 988 1000 1861
8831 4 2 2 31 409 1747 406 1958
8832 4 2 2 31 874 921 951 1683
8833 4 2 2 31 392 394 454 1977
8834 4 2 2 31 778 886 187 753
8835 4 2 2 31 430 511 75 1654
8836 4 2 2 31 1165 1167 1166 1672
8837 4 2 2 31 391 1807 393 1977
8838 4 2 2 31 762 760 761 1793
8839 4 2 2 31 62 355 63 1740
8840 4 2 2 31 1308 1263 1709 1947
8841 4 2 2 31 1672 1904 1702 1931
8842 4 2 2 31 57 361 58 1887
8843 4 2 2 31 28 498 29 1760
8844 4 2 2 31 1265 1060 235 800
8845 4 2 2 31 1712 1773 1543 1960
8846 4 2 2 31 1162 1158 1382 1843
8847 4 2 2 31 742 714 193 899
8848 4 2 2 31 1458 897 281 1416
8849 4 2 2 31 386 373 443 1915
8850 4 2 2 31 701 228 1271 731
8851 4 2 2 31 1049 1341 1250 1726
8852 4 2 2 31 1434 1436 1408 1841
8853 4 2 2 31 1247 1163 1107 1800
8854 4 2 2 31 1352 313 1330 1424
8855 4 2 2 31 31 501 32 1957
8856 4 2 2 31 433 1883 1705 1953
8857 4 2 2 31 442 441 356 1806
8858 4 2 2 31 482 1802 411 1955
8859 4 2 2 31 991 1033 1004 1792
8860 4 2 2 31 260 920 1017 1941
8861 4 2 2 31 1597 1871 1701 1961
8862 4 2 2 31 760 705 759 1752
8863 4 2 2 31 789 1231 240 1321
8864 4 2 2 31 1394 1857 1776 1968
8865 4 2 2 31 1762 1911 1542 1978
8866 4 2 2 31 1126 1754 1125 1929
8867 4 2 2 31 948 906 952 1804
8868 4 2 2 31 1432 1434 1442 1708
8869 4 2 2 31 786 42 809 250
8870 4 2 2 31 1053 1407 1429 308
8871 4 2 2 31 708 223 1038 740
8872 4 2 2 31 968 1794 853 1927
8873 4 2 2 31 433 392 454 1705
8874 4 2 2 31 1243 1369 1841 1878
8875 4 2 2 31 1484 1422 1376 1795
8876 4 2 2 31 1395 1795 1230 1902
8877 4 2 2 31 935 853 178 1927
8878 4 2 2 31 1320 1081 1857 1897
8879 4 2 2 31 1064 785 807 241
8880 4 2 2 31 823 970 793 1794
8881 4 2 2 31 471 1896 30 1933
8882 4 2 2 31 293 1048 986 1834
8883 4 2 2 31 260 858 920 1941
8884 4 2 2 31 884 185 880 716
8885 4 2 2 31 350 444 445 1884
8886 4 2 2 31 1223 1225 1058 1793
8887 4 2 2 31 1461 276 1411 1823
8888 4 2 2 31 47 48 255 811
8889 4 2 2 31 1227 1207 1208 1907
8890 4 2 2 31 1537 1618 1887 1955
8891 4 2 2 31 1435 1469 925 270
8892 4 2 2 31 1439 1441 1480 1819
8893 4 2 2 31 1509 1511 1512 1655
8894 4 2 2 31 778 188 886 710
8895 4 2 2 31 267 1418 936 866
8896 4 2 2 31 797 248 916 793
8897 4 2 2 31 945 901 942 1667
8898 4 2 2 31 744 768 771 1864
8899 4 2 2 31 979 845 871 1905
8900 4 2 2 31 1363 1043 1220 1799
8901 4 2 2 31 1433 930 866 268
8902 4 2 2 31 1635 1939 1775 1948
8903 4 2 2 31 1447 328 1043 1852
8904 4 2 2 31 1776 1857 1605 1968
8905 4 2 2 31 1333 1407 1053 308
8906 4 2 2 31 412 389 457 1954
8907 4 2 2 31 1447 1403 328 1852
8908 4 2 2 31 1121 1135 1172 1728
8909 4 2 2 31 1385 1227 997 1937
8910 4 2 2 31 1139 1149 1138 1982
8911 4 2 2 31 347 462 83 982
8912 4 2 2 31 1141 1295 1773 1960
8913 4 2 2 31 750 717 776 1724
8914 4 2 2 31 807 1231 1064 241
8915 4 2 2 31 748 746 745 1772
8916 4 2 2 31 1070 1317 1072 1696
8917 4 2 2 31 1776 1857 1081 1897
8918 4 2 2 31 966 959 864 1763
8919 4 2 2 31 401 447 407 1935
8920 4 2 2 31 1511 471 1513 1896
8921 4 2 2 31 757 867 181 763
8922 4 2 2 31 1159 1147 1288 1679
8923 4 2 2 31 498 28 479 1839
8924 4 2 2 31 1518 1501 1502 1831
8925 4 2 2 31 182 926 867 757
8926 4 2 2 31 707 768 744 1765
8927 4 2 2 31 983 461 81 1009
8928 4 2 2 31 1008 11 102 980
8929 4 2 2 31 1394 1081 1776 1857
8930 4 2 2 31 478 491 398 1940
8931 4 2 2 31 937 917 831 1828
8932 4 2 2 31 418 427 395 1965
8933 4 2 2 31 1493 1516 1514 1968
8934 4 2 2 31 892 940 938 1710
8935 4 2 2 31 1470 1421 1473 1893
8936 4 2 2 31 1138 1150 1296 1909
8937 4 2 2 31 410 448 449 1798
8938 4 2 2 31 929 865 180 705
8939 4 2 2 31 1739 1594 1863 1912
8940 4 2 2 31 405 404 403 1885
8941 4 2 2 31 1380 1046 1228 1819
8942 4 2 2 31 32 1899 931 1957
8943 4 2 2 31 1259 1041 1261 1796
8944 4 2 2 31 874 72 921 1683
8945 4 2 2 31 996 1834 986 1937
8946 4 2 2 31 1323 1365 1895 1916
8947 4 2 2 31 1539 1787 1698 1951
8948 4 2 2 31 1134 1287 1291 1922
8949 4 2 2 31 1029 982 1010 1746
8950 4 2 2 31 915 7 803 257
8951 4 2 2 31 1117 1869 1114 1938
8952 4 2 2 31 1270 1135 1122 1906
8953 4 2 2 31 865 179 705 725
8954 4 2 2 31 1424 1438 1439 1784
8955 4 2 2 31 1208 1156 1253 1907
8956 4 2 2 31 1061 1217 1366 1639
8957 4 2 2 31 1111 1110 1112 1700
8958 4 2 2 31 1684 1599 1846 1917
8959 4 2 2 31 1384 1347 1216 1908
8960 4 2 2 31 1288 1314 1222 1821
8961 4 2 2 31 412 456 391 1954
8962 4 2 2 31 833 1854 59 1980
8963 4 2 2 31 1102 1104 1103 1676
8964 4 2 2 31 853 719 178 1927
8965 4 2 2 31 471 504 1896 1933
8966 4 2 2 31 508 34 472 1813
8967 4 2 2 31 977 980 1011 1787
8968 4 2 2 31 759 725 726 1927
8969 4 2 2 31 931 875 865 1752
8970 4 2 2 31 1563 1906 1641 1961
8971 4 2 2 31 1439 1440 1441 1877
8972 4 2 2 31 1280 1036 1279 1916
8973 4 2 2 31 790 806 811 1840
8974 4 2 2 31 1011 1018 1020 1787
8975 4 2 2 31 1296 1311 1145 1733
8976 4 2 2 31 1143 1123 1290 1963
8977 4 2 2 31 1545 1869 1758 1964
8978 4 2 2 31 1516 1515 1514 1696
8979 4 2 2 31 1 479 28 1910
8980 4 2 2 31 1272 1040 1213 1812
8981 4 2 2 31 837 906 63 1687
8982 4 2 2 31 469 361 57 1887
8983 4 2 2 31 1142 1310 1298 1701
8984 4 2 2 31 1370 781 1078 1827
8985 4 2 2 31 982 1029 1009 1766
8986 4 2 2 31 1407 1429 1431 1820
8987 4 2 2 31 1103 1105 1233 1803
8988 4 2 2 31 179 865 935 725
8989 4 2 2 31 365 363 505 1815
8990 4 2 2 31 1047 1304 300 985
8991 4 2 2 31 1112 1113 1114 1938
8992 4 2 2 31 925 868 1435 270
8993 4 2 2 31 1480 1330 313 1424
8994 4 2 2 31 711 736 732 1880
8995 4 2 2 31 719 970 782 1794
8996 4 2 2 31 1289 1117 1114 1938
8997 4 2 2 31 941 843 962 1948
8998 4 2 2 31 1059 1243 1242 1841
8999 4 2 2 31 501 31 459 1655
9000 4 2 2 31 926 183 870 717
9001 4 2 2 31 756 750 776 1725
9002 4 2 2 31 443 371 425 1944
9003 4 2 2 31 1402 1696 1072 1968
9004 4 2 2 31 349 96 95 1867
9005 4 2 2 31 34 875 33 1813
9006 4 2 2 31 867 929 181 763
9007 4 2 2 31 1689 1929 1275 1947
9008 4 2 2 31 1291 1172 1174 1922
9009 4 2 2 31 1429 1430 1431 1820
9010 4 2 2 31 1367 1234 1331 1911
9011 4 2 2 31 1382 1158 1159 1843
9012 4 2 2 31 1702 1904 1169 1959
9013 4 2 2 31 383 487 457 1719
9014 4 2 2 31 1214 1053 1333 1820
9015 4 2 2 31 1520 337 1073 1838
9016 4 2 2 31 799 798 797 1671
9017 4 2 2 31 959 887 864 1763
9018 4 2 2 31 1523 113 492 1503
9019 4 2 2 31 3 248 916 797
9020 4 2 2 31 965 863 962 1695
9021 4 2 2 31 926 182 717 757
9022 4 2 2 31 812 1686 826 1930
9023 4 2 2 31 812 826 819 1930
9024 4 2 2 31 834 903 98 1681
9025 4 2 2 31 1106 1309 1141 1960
9026 4 2 2 31 857 977 1011 1787
9027 4 2 2 31 1342 1376 1422 1795
9028 4 2 2 31 992 1027 1370 1827
9029 4 2 2 31 444 403 407 1884
9030 4 2 2 31 1642 1834 1538 1908
9031 4 2 2 31 1671 1966 1801 1967
9032 4 2 2 31 1738 1884 445 1979
9033 4 2 2 31 1456 1405 1455 1769
9034 4 2 2 31 396 455 399 1690
9035 4 2 2 31 495 387 419 1850
9036 4 2 2 31 357 1883 433 1953
9037 4 2 2 31 1329 1045 1271 1743
9038 4 2 2 31 66 450 67 1956
9039 4 2 2 31 354 70 466 1837
9040 4 2 2 31 1325 1054 207 1926
9041 4 2 2 31 271 1469 925 869
9042 4 2 2 31 777 742 192 862
9043 4 2 2 31 1017 1891 1021 1941
9044 4 2 2 31 1200 1152 1160 1713
9045 4 2 2 31 1701 1871 1561 1974
9046 4 2 2 31 1178 1313 1818 1901
9047 4 2 2 31 735 767 708 1781
9048 4 2 2 31 1316 1313 1219 1699
9049 4 2 2 31 509 73 7 1688
9050 4 2 2 31 752 778 753 1790
9051 4 2 2 31 1134 1190 1115 1964
9052 4 2 2 31 708 738 740 1858
9053 4 2 2 31 377 520 463 1779
9054 4 2 2 31 1104 1309 1106 1771
9055 4 2 2 31 242 785 815 1395
9056 4 2 2 31 1104 1154 1309 1771
9057 4 2 2 31 1115 1114 1116 1964
9058 4 2 2 31 1095 1878 1243 1976
9059 4 2 2 31 1337 1095 1243 1976
9060 4 2 2 31 1096 1337 1099 1976
9061 4 2 2 31 1248 1071 1331 1890
9062 4 2 2 31 1052 1499 1527 1865
9063 4 2 2 31 1070 1072 1402 1696
9064 4 2 2 31 1377 1082 1348 1797
9065 4 2 2 31 1064 1768 785 1902
9066 4 2 2 31 1484 1376 821 1795
9067 4 2 2 31 1653 1943 1546 1958
9068 4 2 2 31 782 970 823 1794
9069 4 2 2 31 1168 1169 1170 1702
9070 4 2 2 31 1268 1886 1289 1938
9071 4 2 2 31 1488 1515 1516 1932
9072 4 2 2 31 722 1891 773 1981
9073 4 2 2 31 1152 1871 1310 1974
9074 4 2 2 31 473 418 523 1882
9075 4 2 2 31 790 7 48 256
9076 4 2 2 31 1561 1871 1713 1974
9077 4 2 2 31 853 1794 719 1927
9078 4 2 2 31 1780 1855 1572 1942
9079 4 2 2 31 981 9 56 1007
9080 4 2 2 31 1113 1268 1289 1938
9081 4 2 2 31 1415 1467 1450 1969
9082 4 2 2 31 769 768 764 1763
9083 4 2 2 31 1177 1275 1144 1929
9084 4 2 2 31 219 718 1039 1864
9085 4 2 2 31 1351 1087 1334 1917
9086 4 2 2 31 1072 1696 1857 1968
9087 4 2 2 31 413 484 496 1889
9088 4 2 2 31 111 1508 503 424
9089 4 2 2 31 921 1 873 1910
9090 4 2 2 31 1177 1929 1144 1947
9091 4 2 2 31 970 719 853 1794
9092 4 2 2 31 1528 1065 1398 1757
9093 4 2 2 31 780 990 1030 1891
9094 4 2 2 31 1063 1080 1838 1968
9095 4 2 2 31 1764 1790 1562 1934
9096 4 2 2 31 726 715 759 1926
9097 4 2 2 31 477 492 417 1780
9098 4 2 2 31 94 95 838 1842
9099 4 2 2 31 1182 1183 1181 1825
9100 4 2 2 31 1017 990 1021 1891
9101 4 2 2 31 1433 1418 267 866
9102 4 2 2 31 1356 1224 1238 1730
9103 4 2 2 31 893 1467 284 1969
9104 4 2 2 31 1631 1542 1911 1978
9105 4 2 2 31 493 490 380 1830
9106 4 2 2 31 1093 1096 1816 1976
9107 4 2 2 31 1529 429 13 346
9108 4 2 2 31 341 1087 1074 1863
9109 4 2 2 31 344 345 1501 1757
9110 4 2 2 31 814 791 812 1930
9111 4 2 2 31 1036 1323 1281 1916
9112 4 2 2 31 1042 1071 1401 1762
9113 4 2 2 31 1166 1167 1168 1962
9114 4 2 2 31 1282 1281 1323 1677
9115 4 2 2 31 428 348 422 1732
9116 4 2 2 31 1504 1487 1521 1860
9117 4 2 2 31 1076 1351 1266 1846
9118 4 2 2 31 1003 301 991 1792
9119 4 2 2 31 1078 781 720 1827
9120 4 2 2 31 1074 1739 1491 1863
9121 4 2 2 31 1212 1170 1205 1789
9122 4 2 2 31 871 922 950 1832
9123 4 2 2 31 1433 1417 930 268
9124 4 2 2 31 93 357 451 1953
9125 4 2 2 31 1293 1285 1336 1870
9126 4 2 2 31 1054 1238 1237 1751
9127 4 2 2 31 1035 1256 1345 1861
9128 4 2 2 31 1334 340 1077 1492
9129 4 2 2 31 1046 314 1419 1819
9130 4 2 2 31 1139 1913 1165 1982
9131 4 2 2 31 470 1915 386 1949
9132 4 2 2 31 876 73 74 1786
9133 4 2 2 31 801 1753 800 1967
9134 4 2 2 31 462 1010 83 982
9135 4 2 2 31 1063 337 1493 1838
9136 4 2 2 31 840 957 910 1731
9137 4 2 2 31 1508 1487 111 503
9138 4 2 2 31 1257 1256 1171 1670
9139 4 2 2 31 522 438 88 1939
9140 4 2 2 31 1048 1750 1385 1834
9141 4 2 2 31 1540 1806 1651 1931
9142 4 2 2 31 1139 1165 1151 1982
9143 4 2 2 31 478 398 400 1714
9144 4 2 2 31 893 1748 1467 1969
9145 4 2 2 31 375 493 359 1678
9146 4 2 2 31 1321 1231 1377 1797
9147 4 2 2 31 1543 1771 1712 1960
9148 4 2 2 31 314 1480 1419 1819
9149 4 2 2 31 1344 296 1000 1035
9150 4 2 2 31 1275 1929 1177 1947
9151 4 2 2 31 1686 1863 1594 1912
9152 4 2 2 31 340 1334 1505 1492
9153 4 2 2 31 1245 1341 1049 1726
9154 4 2 2 31 1387 1341 1245 1897
9155 4 2 2 31 1310 1701 1871 1961
9156 4 2 2 31 517 361 469 1955
9157 4 2 2 31 1145 1142 1133 1974
9158 4 2 2 31 777 191 707 896
9159 4 2 2 31 1301 1881 1311 1945
9160 4 2 2 31 805 785 807 1768
9161 4 2 2 31 3 249 797 809
9162 4 2 2 31 445 515 61 1979
9163 4 2 2 31 1177 1144 1879 1947
9164 4 2 2 31 839 93 909 1848
9165 4 2 2 31 1287 1134 1116 1964
9166 4 2 2 31 1482 1031 305 989
9167 4 2 2 31 780 990 205 1030
9168 4 2 2 31 1528 1398 344 1757
9169 4 2 2 31 772 784 721 1645
9170 4 2 2 31 940 832 938 1710
9171 4 2 2 31 706 762 761 1793
9172 4 2 2 31 219 771 718 1864
9173 4 2 2 31 1394 1776 1080 1968
9174 4 2 2 31 452 500 491 1836
9175 4 2 2 31 1296 1179 1311 1945
9176 4 2 2 31 1564 1814 1659 1944
9177 4 2 2 31 1545 1849 1637 1954
9178 4 2 2 31 1142 1152 1310 1974
9179 4 2 2 31 1493 1512 1516 1838
9180 4 2 2 31 361 1887 469 1955
9181 4 2 2 31 91 904 841 1727
9182 4 2 2 31 1254 1252 1358 1835
9183 4 2 2 31 966 896 964 1765
9184 4 2 2 31 1210 1314 1278 1715
9185 4 2 2 31 1507 1492 1506 1684
9186 4 2 2 31 468 506 102 1975
9187 4 2 2 31 893 284 855 1969
9188 4 2 2 31 1514 1515 1494 1762
9189 4 2 2 31 67 358 68 1956
9190 4 2 2 31 1494 1522 1500 1978
9191 4 2 2 31 32 931 877 1957
9192 4 2 2 31 1713 1871 1152 1974
9193 4 2 2 31 1031 989 1482 1892
9194 4 2 2 31 868 1417 1435 269
9195 4 2 2 31 439 425 369 1944
9196 4 2 2 31 1098 1094 1097 1972
9197 4 2 2 31 1412 1469 271 869
9198 4 2 2 31 989 1016 1020 1892
9199 4 2 2 31 957 860 954 1859
9200 4 2 2 31 1417 868 930 269
9201 4 2 2 31 471 415 1513 1896
9202 4 2 2 31 1506 1492 1505 1917
9203 4 2 2 31 460 12 10 1783
9204 4 2 2 31 741 742 777 1811
9205 4 2 2 31 515 355 1740 1979
9206 4 2 2 31 1075 1065 1055 1831
9207 4 2 2 31 1180 1722 1192 1945
9208 4 2 2 31 830 886 934 1790
9209 4 2 2 31 391 456 393 1807
9210 4 2 2 31 1054 715 207 1926
9211 4 2 2 31 1328 992 1370 1827
9212 4 2 2 31 1137 1319 1132 1894
9213 4 2 2 31 314 1330 1480 1819
9214 4 2 2 31 964 896 862 1765
9215 4 2 2 31 1418 1430 1474 1874
9216 4 2 2 31 1481 971 265 854
9217 4 2 2 31 990 780 722 1891
9218 4 2 2 31 796 828 816 1645
9219 4 2 2 31 1410 1456 1051 323
9220 4 2 2 31 301 1003 1304 1792
9221 4 2 2 31 69 466 70 1949
9222 4 2 2 31 1238 1054 1239 1926
9223 4 2 2 31 240 1231 789 807
9224 4 2 2 31 872 933 950 1832
9225 4 2 2 31 1409 1460 1473 1893
9226 4 2 2 31 722 773 783 1981
9227 4 2 2 31 183 870 717 765
9228 4 2 2 31 1390 1396 1082 1831
9229 4 2 2 31 1124 1125 1126 1754
9230 4 2 2 31 888 886 887 1764
9231 4 2 2 31 1369 1090 1389 1888
9232 4 2 2 31 467 433 357 1883
9233 4 2 2 31 1080 1081 1246 1776
9234 4 2 2 31 1213 1160 1301 1881
9235 4 2 2 31 1527 1092 1052 1865
9236 4 2 2 31 908 843 89 1948
9237 4 2 2 31 355 1862 1740 1979
9238 4 2 2 31 1099 1352 1330 1784
9239 4 2 2 31 1308 1263 1197 1709
9240 4 2 2 31 1207 1157 1156 1907
9241 4 2 2 31 1026 991 1375 1856
9242 4 2 2 31 1034 1015 1827 1981
9243 4 2 2 31 701 730 731 1743
9244 4 2 2 31 1171 1255 1166 1962
9245 4 2 2 31 1186 1295 1188 1817
9246 4 2 2 31 811 808 791 1840
9247 4 2 2 31 1139 1138 1131 1761
9248 4 2 2 31 1082 1074 1348 1739
9249 4 2 2 31 1267 1060 1265 1753
9250 4 2 2 31 1342 1429 1422 307
9251 4 2 2 31 359 493 104 1489
9252 4 2 2 31 424 110 1508 499
9253 4 2 2 31 1179 1180 1192 1945
9254 4 2 2 31 1021 990 1034 1981
9255 4 2 2 31 1104 1102 1154 1918
9256 4 2 2 31 1015 775 781 1827
9257 4 2 2 31 1024 983 1028 1975
9258 4 2 2 31 1290 1181 1300 1963
9259 4 2 2 31 395 396 394 1805
9260 4 2 2 31 314 1046 1330 1819
9261 4 2 2 31 946 851 893 1748
9262 4 2 2 31 1632 1925 913 1980
9263 4 2 2 31 835 911 96 1729
9264 4 2 2 31 68 470 69 1949
9265 4 2 2 31 988 1035 297 1345
9266 4 2 2 31 1126 1125 1275 1929
9267 4 2 2 31 1266 1265 1076 1846
9268 4 2 2 31 1201 1152 1200 1871
9269 4 2 2 31 1106 1141 1108 1712
9270 4 2 2 31 284 1415 855 1969
9271 4 2 2 31 1193 1170 1169 1959
9272 4 2 2 31 354 440 521 1737
9273 4 2 2 31 854 967 936 1874
9274 4 2 2 31 1145 1160 1152 1974
9275 4 2 2 31 1180 1215 1192 1722
9276 4 2 2 31 1344 296 987 1000
9277 4 2 2 31 1229 1230 1357 1902
9278 4 2 2 31 477 417 476 1780
9279 4 2 2 31 846 924 884 1772
9280 4 2 2 31 775 783 1827 1981
9281 4 2 2 31 1177 1818 1263 1947
9282 4 2 2 31 262 977 980 1011
9283 4 2 2 31 1377 1231 1091 1768
9284 4 2 2 31 1065 343 1055 1528
9285 4 2 2 31 764 710 769 1763
9286 4 2 2 31 1195 1189 1194 1711
9287 4 2 2 31 1566 1904 1702 1959
9288 4 2 2 31 960 956 897 1847
9289 4 2 2 31 1374 206 779 772
9290 4 2 2 31 1100 1084 1223 1844
9291 4 2 2 31 107 415 362 1932
9292 4 2 2 31 1101 1094 1098 1697
9293 4 2 2 31 1467 1415 284 1969
9294 4 2 2 31 825 801 786 1778
9295 4 2 2 31 462 347 475 1746
9296 4 2 2 31 232 1374 822 816
9297 4 2 2 31 1538 1834 1750 1908
9298 4 2 2 31 1518 1396 1055 1831
9299 4 2 2 31 341 1074 1491 1863
9300 4 2 2 31 1047 1381 1304 1770
9301 4 2 2 31 1362 1262 1088 1912
9302 4 2 2 31 1358 1252 1251 1835
9303 4 2 2 31 997 295 987 1227
9304 4 2 2 31 934 951 1790 1934
9305 4 2 2 31 870 884 924 1772
9306 4 2 2 31 1394 1072 1857 1968
9307 4 2 2 31 995 986 996 1834
9308 4 2 2 31 1173 1198 1312 1961
9309 4 2 2 31 381 468 514 1975
9310 4 2 2 31 1229 1091 1064 1768
9311 4 2 2 31 434 422 423 1923
9312 4 2 2 31 839 909 956 1848
9313 4 2 2 31 989 305 1482 1425
9314 4 2 2 31 722 990 205 780
9315 4 2 2 31 1141 1236 1295 1960
9316 4 2 2 31 1012 981 261 976
9317 4 2 2 31 1323 1191 1282 1895
9318 4 2 2 31 1048 1299 1373 1834
9319 4 2 2 31 349 452 491 1940
9320 4 2 2 31 1051 1283 1284 1769
9321 4 2 2 31 1028 1009 1001 1766
9322 4 2 2 31 1051 1281 1410 323
9323 4 2 2 31 1375 991 1026 302
9324 4 2 2 31 1505 1087 341 1863
9325 4 2 2 31 507 85 984 1007
9326 4 2 2 31 1027 1015 781 1827
9327 4 2 2 31 966 907 959 1946
9328 4 2 2 31 1021 1019 1012 1941
9329 4 2 2 31 1399 1494 334 1524
9330 4 2 2 31 1432 1417 1434 1826
9331 4 2 2 31 507 984 85 382
9332 4 2 2 31 1482 989 1425 1892
9333 4 2 2 31 1606 1919 1796 1920
9334 4 2 2 31 265 1474 1481 854
9335 4 2 2 31 1368 1221 1039 1864
9336 4 2 2 31 1112 1114 1115 1758
9337 4 2 2 31 489 473 64 1703
9338 4 2 2 31 1343 1211 1037 1735
9339 4 2 2 31 483 439 385 1704
9340 4 2 2 31 1375 331 1483 1326
9341 4 2 2 31 940 850 943 1876
9342 4 2 2 31 99 100 912 1845
9343 4 2 2 31 1450 1445 1404 1755
9344 4 2 2 31 972 1891 920 1941
9345 4 2 2 31 1278 1292 1195 1921
9346 4 2 2 31 977 102 11 980
9347 4 2 2 31 1000 988 1035 297
9348 4 2 2 31 61 913 60 1980
9349 4 2 2 31 178 725 935 1927
9350 4 2 2 31 1519 104 493 1489
9351 4 2 2 31 1511 1490 109 501
9352 4 2 2 31 64 910 837 1866
9353 4 2 2 31 1389 1090 1083 1888
9354 4 2 2 31 1514 336 1493 1402
9355 4 2 2 31 1318 1288 1222 1821
9356 4 2 2 31 427 1862 497 1965
9357 4 2 2 31 1424 1439 1480 1784
9358 4 2 2 31 745 765 748 1772
9359 4 2 2 31 1513 1488 1516 1932
9360 4 2 2 31 1307 1197 1167 1904
9361 4 2 2 31 371 370 369 1944
9362 4 2 2 31 788 826 812 1686
9363 4 2 2 31 968 916 853 1794
9364 4 2 2 31 1149 1151 1253 1982
9365 4 2 2 31 793 970 916 1794
9366 4 2 2 31 1042 1367 1071 1762
9367 4 2 2 31 372 373 374 1759
9368 4 2 2 31 739 738 714 1859
9369 4 2 2 31 752 747 704 1707
9370 4 2 2 31 809 786 801 1778
9371 4 2 2 31 1264 1171 1168 1962
9372 4 2 2 31 981 56 9 976
9373 4 2 2 31 62 515 355 1740
9374 4 2 2 31 719 725 178 1927
9375 4 2 2 31 1230 1395 1376 1795
9376 4 2 2 31 977 262 857 1011
9377 4 2 2 31 1546 1943 1885 1958
9378 4 2 2 31 1484 1422 306 1376
9379 4 2 2 31 261 858 1012 976
9380 4 2 2 31 1233 1232 1103 1803
9381 4 2 2 31 1149 1660 1909 1982
9382 4 2 2 31 67 842 905 1777
9383 4 2 2 31 242 1064 785 1395
9384 4 2 2 31 1063 1394 1080 1968
9385 4 2 2 31 991 301 1086 1792
9386 4 2 2 31 822 174 796 721
9387 4 2 2 31 367 369 368 1814
9388 4 2 2 31 756 776 706 1725
9389 4 2 2 31 743 744 771 1716
9390 4 2 2 31 401 400 399 1935
9391 4 2 2 31 868 927 925 1767
9392 4 2 2 31 1078 1370 231 781
9393 4 2 2 31 1240 1239 1241 1801
9394 4 2 2 31 960 897 861 1847
9395 4 2 2 31 1259 1261 1260 1796
9396 4 2 2 31 509 7 48 1688
9397 4 2 2 31 862 899 961 1811
9398 4 2 2 31 1148 1155 1144 1879
9399 4 2 2 31 1357 1053 1214 1820
9400 4 2 2 31 397 491 500 1836
9401 4 2 2 31 1219 1043 1218 1852
9402 4 2 2 31 13 430 1526 346
9403 4 2 2 31 1686 1846 1599 1917
9404 4 2 2 31 1733 1881 1565 1945
9405 4 2 2 31 249 3 42 809
9406 4 2 2 31 1394 1072 1081 1857
9407 4 2 2 31 1263 1177 1178 1818
9408 4 2 2 31 463 520 424 1779
9409 4 2 2 31 1343 1284 1283 1769
9410 4 2 2 31 440 354 425 1737
9411 4 2 2 31 1206 1175 1315 1873
9412 4 2 2 31 1493 337 1520 1838
9413 4 2 2 31 1315 1202 1335 1723
9414 4 2 2 31 1524 333 1400 1499
9415 4 2 2 31 1063 1080 1073 1838
9416 4 2 2 31 78 923 882 1749
9417 4 2 2 31 1114 1869 1758 1938
9418 4 2 2 31 799 787 798 1967
9419 4 2 2 31 986 294 1385 1048
9420 4 2 2 31 1515 1494 1762 1978
9421 4 2 2 31 1243 1338 1369 1878
9422 4 2 2 31 1662 1553 1879 1929
9423 4 2 2 31 1176 1206 1293 1851
9424 4 2 2 31 1474 1486 1426 1680
9425 4 2 2 31 1027 1370 291 992
9426 4 2 2 31 351 486 90 1872
9427 4 2 2 31 1178 1349 1313 1901
9428 4 2 2 31 1346 1283 1282 1875
9429 4 2 2 31 1236 1309 1303 1960
9430 4 2 2 31 466 1915 1837 1949
9431 4 2 2 31 1175 1312 1315 1873
9432 4 2 2 31 754 770 755 1835
9433 4 2 2 31 416 512 112 1523
9434 4 2 2 31 1160 1311 1301 1881
9435 4 2 2 31 1414 1445 1467 1748
9436 4 2 2 31 59 464 350 1829
9437 4 2 2 31 817 827 792 1680
9438 4 2 2 31 912 834 99 1845
9439 4 2 2 31 874 958 71 1934
9440 4 2 2 31 920 1017 1030 259
9441 4 2 2 31 1031 919 264 1016
9442 4 2 2 31 1161 1164 1153 1853
9443 4 2 2 31 1006 985 1005 1770
9444 4 2 2 31 355 497 427 1862
9445 4 2 2 31 1342 1053 1429 307
9446 4 2 2 31 331 1423 1483 1326
9447 4 2 2 31 1342 1230 1376 1795
9448 4 2 2 31 1498 1499 1669 1865
9449 4 2 2 31 416 113 492 1523
9450 4 2 2 31 755 752 754 1835
9451 4 2 2 31 174 822 779 721
9452 4 2 2 31 1238 1339 1237 1751
9453 4 2 2 31 29 924 28 1760
9454 4 2 2 31 429 103 380 1529
9455 4 2 2 31 1477 1014 1483 1856
9456 4 2 2 31 720 1078 231 781
9457 4 2 2 31 386 1915 466 1949
9458 4 2 2 31 735 734 767 1781
9459 4 2 2 31 992 1034 1015 1827
9460 4 2 2 31 1452 1446 1443 1876
9461 4 2 2 31 509 48 378 1942
9462 4 2 2 31 914 59 833 1854
9463 4 2 2 31 1390 1055 1396 1831
9464 4 2 2 31 392 391 393 1977
9465 4 2 2 31 1229 1089 1091 1756
9466 4 2 2 31 1047 299 1360 1013
9467 4 2 2 31 1507 1510 1492 1744
9468 4 2 2 31 388 384 389 1849
9469 4 2 2 31 1082 1396 1074 1739
9470 4 2 2 31 1017 920 1030 1891
9471 4 2 2 31 939 937 831 1828
9472 4 2 2 31 1286 1385 1048 1750
9473 4 2 2 31 301 1304 1086 1792
9474 4 2 2 31 1392 1083 1090 1888
9475 4 2 2 31 844 959 907 1946
9476 4 2 2 31 814 819 813 1930
9477 4 2 2 31 1014 1483 303 1477
9478 4 2 2 31 781 1015 203 775
9479 4 2 2 31 1300 1305 1148 1736
9480 4 2 2 31 1204 1188 1236 1691
9481 4 2 2 31 1092 1052 332 1527
9482 4 2 2 31 801 794 800 1753
9483 4 2 2 31 206 1374 1325 772
9484 4 2 2 31 1030 975 920 259
9485 4 2 2 31 857 973 918 1787
9486 4 2 2 31 974 919 264 1031
9487 4 2 2 31 306 1422 1342 1376
9488 4 2 2 31 1052 1499 332 1527
9489 4 2 2 31 1356 1238 1240 1730
9490 4 2 2 31 1223 1084 1225 1844
9491 4 2 2 31 1065 1392 1398 1757
9492 4 2 2 31 955 953 898 1808
9493 4 2 2 31 1426 817 246 1481
9494 4 2 2 31 1109 1108 1110 1924
9495 4 2 2 31 1193 1169 1316 1959
9496 4 2 2 31 1505 341 1491 1863
9497 4 2 2 31 464 432 350 1829
9498 4 2 2 31 783 720 775 1827
9499 4 2 2 31 795 1476 244 821
9500 4 2 2 31 1491 1518 1530 1739
9501 4 2 2 31 462 475 482 1746
9502 4 2 2 31 1026 1483 1014 1856
9503 4 2 2 31 1530 1491 1739 1863
9504 4 2 2 31 176 782 818 774
9505 4 2 2 31 920 1891 1017 1941
9506 4 2 2 31 1074 1396 342 1491
9507 4 2 2 31 1094 1093 1096 1816
9508 4 2 2 31 387 458 374 1903
9509 4 2 2 31 470 386 466 1949
9510 4 2 2 31 1503 1523 1504 1855
9511 4 2 2 31 1184 1289 1268 1886
9512 4 2 2 31 1035 1332 1256 1861
9513 4 2 2 31 778 755 710 1764
9514 4 2 2 31 32 420 33 1899
9515 4 2 2 31 975 1030 920 1891
9516 4 2 2 31 773 711 724 1880
9517 4 2 2 31 60 350 445 1738
9518 4 2 2 31 521 440 353 1898
9519 4 2 2 31 102 977 918 1787
9520 4 2 2 31 777 707 744 1765
9521 4 2 2 31 980 1018 1011 1787
9522 4 2 2 31 947 852 945 1925
9523 4 2 2 31 1374 232 1085 816
9524 4 2 2 31 1689 1553 1929 1947
9525 4 2 2 31 431 380 490 1830
9526 4 2 2 31 988 1001 1000 1861
9527 4 2 2 31 1009 1029 1001 1766
9528 4 2 2 31 703 741 743 1870
9529 4 2 2 31 1320 1081 1072 1857
9530 4 2 2 31 335 1494 1042 1401
9531 4 2 2 31 1377 1348 1321 1797
9532 4 2 2 31 827 795 815 1795
9533 4 2 2 31 113 417 492 1503
9534 4 2 2 31 1403 1447 1446 1852
9535 4 2 2 31 1546 1913 1761 1982
9536 4 2 2 31 1136 1111 1297 1952
9537 4 2 2 31 45 421 481 1860
9538 4 2 2 31 1469 1436 1435 1767
9539 4 2 2 31 42 377 43 1778
9540 4 2 2 31 486 419 453 1791
9541 4 2 2 31 1015 781 203 1027
9542 4 2 2 31 1483 1014 303 1026
9543 4 2 2 31 1039 1221 1324 1864
9544 4 2 2 31 991 1792 1086 1856
9545 4 2 2 31 1140 1184 1182 1774
9546 4 2 2 31 438 437 376 1741
9547 4 2 2 31 1010 1032 1029 1746
9548 4 2 2 31 990 1891 722 1981
9549 4 2 2 31 1038 1372 1276 1858
9550 4 2 2 31 1083 1214 1389 1868
9551 4 2 2 31 365 364 363 1815
9552 4 2 2 31 466 386 443 1915
9553 4 2 2 31 1301 1311 1192 1945
9554 4 2 2 31 782 823 176 818
9555 4 2 2 31 1245 1081 1387 1897
9556 4 2 2 31 1211 1340 1037 1735
9557 4 2 2 31 477 1786 73 1942
9558 4 2 2 31 1322 1386 1918 1919
9559 4 2 2 31 1308 1177 1263 1947
9560 4 2 2 31 511 13 429 346
9561 4 2 2 31 996 998 1025 1937
9562 4 2 2 31 793 828 818 1794
9563 4 2 2 31 1031 919 1016 1892
9564 4 2 2 31 1269 1203 1353 1720
9565 4 2 2 31 1518 342 1396 1491
9566 4 2 2 31 243 1395 821 1376
9567 4 2 2 31 1178 1313 1263 1818
9568 4 2 2 31 1370 1328 291 992
9569 4 2 2 31 512 1487 112 1523
9570 4 2 2 31 95 911 838 1842
9571 4 2 2 31 1008 102 11 506
9572 4 2 2 31 913 1925 945 1980
9573 4 2 2 31 1365 1191 1323 1895
9574 4 2 2 31 715 726 772 1926
9575 4 2 2 31 1320 1072 1317 1857
9576 4 2 2 31 1476 1486 1422 1795
9577 4 2 2 31 1097 1094 1096 1816
9578 4 2 2 31 299 1047 985 1013
9579 4 2 2 31 202 773 780 1891
9580 4 2 2 31 114 430 417 1526
9581 4 2 2 31 295 1344 987 1227
9582 4 2 2 31 430 13 511 346
9583 4 2 2 31 1002 1013 1006 1833
9584 4 2 2 31 1411 1464 1461 1823
9585 4 2 2 31 975 202 780 1891
9586 4 2 2 31 60 833 59 1980
9587 4 2 2 31 1117 1116 1114 1869
9588 4 2 2 31 948 952 856 1804
9589 4 2 2 31 1484 244 1476 821
9590 4 2 2 31 1118 1119 1120 1950
9591 4 2 2 31 389 412 391 1954
9592 4 2 2 31 1480 1441 1419 1819
9593 4 2 2 31 1375 991 1086 1856
9594 4 2 2 31 1031 974 919 1892
9595 4 2 2 31 824 246 817 1481
9596 4 2 2 31 1327 1218 1043 1852
9597 4 2 2 31 1463 1462 1420 1920
9598 4 2 2 31 991 1004 1003 1792
9599 4 2 2 31 1073 1520 1378 337
9600 4 2 2 31 110 1490 1508 499
9601 4 2 2 31 801 800 799 1967
9602 4 2 2 31 1063 1838 1493 1968
9603 4 2 2 31 1702 1904 1566 1931
9604 4 2 2 31 1242 1243 1369 1841
9605 4 2 2 31 1085 1241 1239 1966
9606 4 2 2 31 1213 1040 1355 1812
9607 4 2 2 31 1074 1087 1362 1863
9608 4 2 2 31 941 890 885 1823
9609 4 2 2 31 784 719 774 1794
9610 4 2 2 31 920 972 848 1891
9611 4 2 2 31 833 913 945 1980
9612 4 2 2 31 858 917 972 1941
9613 4 2 2 31 501 109 1511 459
9614 4 2 2 31 738 737 714 1859
9615 4 2 2 31 931 33 875 1899
9616 4 2 2 31 74 73 477 1786
9617 4 2 2 31 379 426 479 1839
9618 4 2 2 31 77 76 511 1809
9619 4 2 2 31 1014 1033 991 1856
9620 4 2 2 31 821 815 795 1795
9621 4 2 2 31 409 406 408 1958
9622 4 2 2 31 258 971 824 915
9623 4 2 2 31 290 1482 1475 1892
9624 4 2 2 31 1241 1364 1240 1801
9625 4 2 2 31 1015 775 1827 1981
9626 4 2 2 31 997 996 986 1937
9627 4 2 2 31 934 951 830 1790
9628 4 2 2 31 1086 1304 1217 1792
9629 4 2 2 31 876 936 967 1874
9630 4 2 2 31 1080 1394 1081 1776
9631 4 2 2 31 1231 1064 1091 1768
9632 4 2 2 31 1398 1392 1066 1757
9633 4 2 2 31 991 1375 1086 302
9634 4 2 2 31 771 768 718 1864
9635 4 2 2 31 507 56 9 1007
9636 4 2 2 31 974 1482 290 1892
9637 4 2 2 31 1495 1503 1502 1780
9638 4 2 2 31 975 848 202 1891
9639 4 2 2 31 429 474 77 1809
9640 4 2 2 31 294 1227 997 1385
9641 4 2 2 31 446 1862 355 1979
9642 4 2 2 31 953 949 855 1969
9643 4 2 2 31 1008 506 80 1975
9644 4 2 2 31 202 848 773 1891
9645 4 2 2 31 823 793 818 1794
9646 4 2 2 31 824 792 258 915
9647 4 2 2 31 1194 1176 1293 1851
9648 4 2 2 31 471 30 504 1933
9649 4 2 2 31 1397 1062 1079 1744
9650 4 2 2 31 381 80 506 1975
9651 4 2 2 31 1139 1761 1913 1982
9652 4 2 2 31 1085 816 233 1966
9653 4 2 2 31 1214 1083 1089 1868
9654 4 2 2 31 1286 1207 1385 1750
9655 4 2 2 31 875 968 935 1927
9656 4 2 2 31 1515 1488 1517 1721
9657 4 2 2 31 1093 1095 1096 1976
9658 4 2 2 31 438 485 88 1939
9659 4 2 2 31 1485 1477 1423 1856
9660 4 2 2 31 1514 336 1402 1070
9661 4 2 2 31 482 411 517 1955
9662 4 2 2 31 1526 417 114 1503
9663 4 2 2 31 1050 1336 1285 1870
9664 4 2 2 31 1373 1216 1286 1908
9665 4 2 2 31 1499 1496 1527 1865
9666 4 2 2 31 954 837 910 1866
9667 4 2 2 31 917 976 56 1717
9668 4 2 2 31 1395 821 815 243
9669 4 2 2 31 1505 1863 1521 1917
9670 4 2 2 31 33 472 34 1813
9671 4 2 2 31 484 360 496 1889
9672 4 2 2 31 1386 1154 1322 1918
9673 4 2 2 31 919 847 973 1892
9674 4 2 2 31 204 990 722 1981
9675 4 2 2 31 1439 1438 1412 1877
9676 4 2 2 31 1484 1476 1422 1795
9677 4 2 2 31 1079 1062 1356 1744
9678 4 2 2 31 820 794 802 1846
9679 4 2 2 31 467 453 419 1791
9680 4 2 2 31 378 492 477 1942
9681 4 2 2 31 233 787 1350 1966
9682 4 2 2 31 1402 1063 1493 1968
9683 4 2 2 31 1188 1187 1186 1817
9684 4 2 2 31 1233 1234 1068 1911
9685 4 2 2 31 469 382 482 1955
9686 4 2 2 31 465 356 448 1810
9687 4 2 2 31 993 986 995 1834
9688 4 2 2 31 1178 1365 1280 1901
9689 4 2 2 31 719 782 774 1794
9690 4 2 2 31 914 833 942 1854
9691 4 2 2 31 290 1475 847 1892
9692 4 2 2 31 974 290 847 1892
9693 4 2 2 31 1120 1121 1118 1950
9694 4 2 2 31 1091 1089 1075 1756
9695 4 2 2 31 719 726 725 1927
9696 4 2 2 31 934 874 951 1934
9697 4 2 2 31 934 888 958 1934
9698 4 2 2 31 101 918 832 1951
9699 4 2 2 31 798 787 816 1966
9700 4 2 2 31 1502 1780 1503 1855
9701 4 2 2 31 458 387 495 1903
9702 4 2 2 31 820 802 826 1846
9703 4 2 2 31 943 850 900 1876
9704 4 2 2 31 405 408 406 1958
9705 4 2 2 31 1128 1131 1130 1973
9706 4 2 2 31 970 853 916 1794
9707 4 2 2 31 1323 1280 1365 1916
9708 4 2 2 31 775 1015 204 1981
9709 4 2 2 31 1054 1325 1239 1926
9710 4 2 2 31 1017 1021 1012 1941
9711 4 2 2 31 1401 335 1514 1070
9712 4 2 2 31 1511 1513 1512 1896
9713 4 2 2 31 816 787 233 1966
9714 4 2 2 31 1177 1144 1155 1879
9715 4 2 2 31 30 881 29 1933
9716 4 2 2 31 1478 1462 1463 1920
9717 4 2 2 31 103 380 1529 1519
9718 4 2 2 31 1046 1380 1330 1819
9719 4 2 2 31 968 853 935 1927
9720 4 2 2 31 775 204 722 1981
9721 4 2 2 31 515 446 355 1979
9722 4 2 2 31 1015 990 204 1981
9723 4 2 2 31 1052 1400 333 1499
9724 4 2 2 31 1310 1152 1201 1871
9725 4 2 2 31 1027 781 1370 1827
9726 4 2 2 31 1109 1107 1108 1924
9727 4 2 2 31 1085 233 1350 1966
9728 4 2 2 31 494 358 450 1956
9729 4 2 2 31 922 872 950 1832
9730 4 2 2 31 334 1042 1494 1399
9731 4 2 2 31 1243 1095 1338 1878
9732 4 2 2 31 1518 1055 343 1528
9733 4 2 2 31 1150 1138 1149 1909
9734 4 2 2 31 1008 80 983 1975
9735 4 2 2 31 381 983 80 1975
9736 4 2 2 31 1308 1275 1177 1947
9737 4 2 2 31 1198 1310 1312 1961
9738 4 2 2 31 96 349 449 1867
9739 4 2 2 31 486 91 90 1872
9740 4 2 2 31 1136 1132 1111 1952
9741 4 2 2 31 1528 344 1501 1757
9742 4 2 2 31 1071 1248 1317 1890
9743 4 2 2 31 509 477 73 1942
9744 4 2 2 31 108 1513 1511 471
9745 4 2 2 31 28 846 1 1910
9746 4 2 2 31 405 444 432 1943
9747 4 2 2 31 1275 1125 1144 1929
9748 4 2 2 31 349 491 478 1940
9749 4 2 2 31 357 433 516 1953
9750 4 2 2 31 1165 1139 1277 1913
9751 4 2 2 31 928 31 877 1957
9752 4 2 2 31 946 835 903 1936
9753 4 2 2 31 511 429 77 1809
9754 4 2 2 31 836 906 948 1928
9755 4 2 2 31 498 479 426 1839
9756 4 2 2 31 1505 1521 1506 1917
9757 4 2 2 31 1130 1127 1128 1973
9758 4 2 2 31 366 368 428 1970
9759 4 2 2 31 292 291 1328 992
9760 4 2 2 31 353 440 483 1898
9761 4 2 2 31 1398 1383 27 344
9762 4 2 2 31 405 403 444 1943
9763 4 2 2 31 415 426 362 1932
9764 4 2 2 31 459 108 1511 471
9765 4 2 2 31 100 101 832 1951
9766 4 2 2 31 441 442 496 1806
9767 4 2 2 31 836 62 906 1928
9768 4 2 2 31 210 209 1058 761
9769 4 2 2 31 512 481 421 1860
9770 4 2 2 31 1879 1929 1553 1947
9771 4 2 2 31 1460 1470 1473 1893
9772 4 2 2 31 858 972 920 1941
9773 4 2 2 31 503 1487 111 512
9774 4 2 2 31 1322 1154 1102 1918
9775 4 2 2 31 1044 215 704 216
9776 4 2 2 31 29 504 30 1933
9777 4 2 2 31 1055 1390 1075 1831
9778 4 2 2 31 1278 1190 1292 1921
9779 4 2 2 31 1026 1375 1483 1856
9780 4 2 2 31 962 843 908 1948
9781 4 2 2 31 1078 1328 1370 1827
9782 4 2 2 31 446 497 355 1862
9783 4 2 2 31 1395 1230 1064 1902
9784 4 2 2 31 1378 1510 1062 338
9785 4 2 2 31 407 445 444 1884
9786 4 2 2 31 883 923 845 1905
9787 4 2 2 31 1167 1197 1169 1904
9788 4 2 2 31 263 857 262 1011
9789 4 2 2 31 1012 260 858 261
9790 4 2 2 31 1361 1260 1322 1919
9791 4 2 2 31 1030 975 780 1891
9792 4 2 2 31 1198 1135 1270 1906
9793 4 2 2 31 857 918 977 1787
9794 4 2 2 31 399 447 401 1935
9795 4 2 2 31 339 1397 1077 1492
9796 4 2 2 31 1017 1030 990 1891
9797 4 2 2 31 1334 1505 1087 341
9798 4 2 2 31 806 808 811 1840
9799 4 2 2 31 1056 211 756 212
9800 4 2 2 31 1515 1522 1494 1978
9801 4 2 2 31 1037 321 1459 320
9802 4 2 2 31 233 1085 232 816
9803 4 2 2 31 1291 1287 1172 1922
9804 4 2 2 31 311 1437 312 1059
9805 4 2 2 31 1228 1098 1097 1972
9806 4 2 2 31 1274 225 224 735
9807 4 2 2 31 1520 1512 1493 1838
9808 4 2 2 31 473 352 65 1882
9809 4 2 2 31 1404 1279 326 325
9810 4 2 2 31 913 947 945 1925
9811 4 2 2 31 903 835 97 1936
9812 4 2 2 31 1472 879 273 274
9813 4 2 2 31 1143 1290 1300 1963
9814 4 2 2 31 732 724 711 1880
9815 4 2 2 31 204 722 990 205
9816 4 2 2 31 1425 989 305 304
9817 4 2 2 31 992 1015 1027 1827
9818 4 2 2 31 266 1474 265 854
9819 4 2 2 31 1440 1439 1412 1877
9820 4 2 2 31 974 1031 1482 1892
9821 4 2 2 31 1349 1178 1280 1901
9822 4 2 2 31 275 1406 274 829
9823 4 2 2 31 437 428 368 1970
9824 4 2 2 31 279 861 280 1479
9825 4 2 2 31 885 275 1461 276
9826 4 2 2 31 214 1049 749 213
9827 4 2 2 31 10 12 969 1783
9828 4 2 2 31 1097 1380 1228 1972
9829 4 2 2 31 900 287 286 1443
9830 4 2 2 31 199 198 727 901
9831 4 2 2 31 394 392 393 1977
9832 4 2 2 31 1031 1016 989 1892
9833 4 2 2 31 1289 1114 1113 1938
9834 4 2 2 31 336 1063 1493 1402
9835 4 2 2 31 1092 1093 1052 1865
9836 4 2 2 31 929 180 181 763
9837 4 2 2 31 984 84 85 382
9838 4 2 2 31 499 109 1490 501
9839 4 2 2 31 516 451 357 1953
9840 4 2 2 31 722 780 773 1891
9841 4 2 2 31 846 873 1 1910
9842 4 2 2 31 1046 314 315 1419
9843 4 2 2 31 865 179 180 705
9844 4 2 2 31 216 754 1252 217
9845 4 2 2 31 235 1060 234 800
9846 4 2 2 31 1408 311 310 1242
9847 4 2 2 31 287 850 288 1452
9848 4 2 2 31 195 713 196 856
9849 4 2 2 31 284 283 855 1415
9850 4 2 2 31 292 1299 293 993
9851 4 2 2 31 1227 997 295 294
9852 4 2 2 31 223 222 1038 740
9853 4 2 2 31 736 199 849 200
9854 4 2 2 31 344 27 1398 1528
9855 4 2 2 31 886 187 188 778
9856 4 2 2 31 1065 1398 343 1528
9857 4 2 2 31 239 1088 238 810
9858 4 2 2 31 766 902 197 196
9859 4 2 2 31 893 285 284 1467
9860 4 2 2 31 853 177 178 719
9861 4 2 2 31 1271 228 227 731
9862 4 2 2 31 266 1418 936 267
9863 4 2 2 31 485 89 88 1939
9864 4 2 2 31 781 775 720 1827
9865 4 2 2 31 202 201 773 848
9866 4 2 2 31 847 290 289 1475
9867 4 2 2 31 252 814 45 253
9868 4 2 2 31 281 280 897 1458
9869 4 2 2 31 1372 1335 1276 1858
9870 4 2 2 31 192 191 777 862
9871 4 2 2 31 893 855 949 1969
9872 4 2 2 31 1116 1134 1115 1964
9873 4 2 2 31 43 786 251 250
9874 4 2 2 31 380 431 474 1830
9875 4 2 2 31 1504 1530 1502 1855
9876 4 2 2 31 33 931 32 1899
9877 4 2 2 31 217 770 1254 218
9878 4 2 2 31 1139 1151 1149 1982
9879 4 2 2 31 328 327 1447 1043
9880 4 2 2 31 866 267 1433 268
9881 4 2 2 31 1421 1269 319 318
9882 4 2 2 31 300 301 1003 1304
9883 4 2 2 31 1236 1141 1309 1960
9884 4 2 2 31 1498 1496 1499 1865
9885 4 2 2 31 1407 1333 309 308
9886 4 2 2 31 1325 207 206 772
9887 4 2 2 31 282 898 283 1453
9888 4 2 2 31 1048 986 294 293
9889 4 2 2 31 894 195 737 194
9890 4 2 2 31 47 255 254 811
9891 4 2 2 31 1384 1216 1373 1908
9892 4 2 2 31 1259 316 317 1420
9893 4 2 2 31 892 289 288 1413
9894 4 2 2 31 200 891 711 201
9895 4 2 2 31 1482 1425 1475 1892
9896 4 2 2 31 1171 1166 1168 1962
9897 4 2 2 31 329 1061 1427 330
9898 4 2 2 31 220 1050 221 743
9899 4 2 2 31 863 278 277 1471
9900 4 2 2 31 996 997 998 1937
9901 4 2 2 31 1491 1521 1505 1863
9902 4 2 2 31 286 285 851 1414
9903 4 2 2 31 198 712 852 197
9904 4 2 2 31 1142 1145 1152 1974
9905 4 2 2 31 1156 1208 1207 1907
9906 4 2 2 31 1067 333 1400 1524
9907 4 2 2 31 1272 227 226 733
9908 4 2 2 31 186 187 830 753
9909 4 2 2 31 48 255 790 256
9910 4 2 2 31 341 1074 342 1491
9911 4 2 2 31 319 1273 1470 320
9912 4 2 2 31 1517 106 105 519
9913 4 2 2 31 307 1422 1342 306
9914 4 2 2 31 335 336 1514 1070
9915 4 2 2 31 312 313 1352 1424
9916 4 2 2 31 895 279 278 1409
9917 4 2 2 31 270 1469 925 271
9918 4 2 2 31 1362 1088 1348 1912
9919 4 2 2 31 814 812 819 1930
9920 4 2 2 31 807 240 1231 241
9921 4 2 2 31 380 104 493 1519
9922 4 2 2 31 1034 990 1015 1981
9923 4 2 2 31 425 371 369 1944
9924 4 2 2 31 1085 1350 1241 1966
9925 4 2 2 31 1035 296 1000 297
9926 4 2 2 31 178 179 935 725
9927 4 2 2 31 331 330 1423 1326
9928 4 2 2 31 1078 231 230 720
9929 4 2 2 31 859 282 281 1416
9930 4 2 2 31 194 714 860 193
9931 4 2 2 31 1250 751 215 214
9932 4 2 2 31 874 934 958 1934
9933 4 2 2 31 252 44 813 251
9934 4 2 2 31 1324 220 219 771
9935 4 2 2 31 46 254 253 791
9936 4 2 2 31 764 190 189 864
9937 4 2 2 31 926 182 183 717
9938 4 2 2 31 222 221 1285 703
9939 4 2 2 31 446 515 445 1979
9940 4 2 2 31 1026 1014 991 1856
9941 4 2 2 31 238 1262 237 788
9942 4 2 2 31 423 375 434 1923
9943 4 2 2 31 181 182 867 757
9944 4 2 2 31 259 920 1017 260
9945 4 2 2 31 263 264 919 1016
9946 4 2 2 31 796 174 175 721
9947 4 2 2 31 184 185 884 745
9948 4 2 2 31 1530 1521 1491 1863
9949 4 2 2 31 257 7 803 256
9950 4 2 2 31 1456 1051 323 322
9951 4 2 2 31 983 1024 1008 1975
9952 4 2 2 31 277 890 1411 276
9953 4 2 2 31 236 1265 235 794
9954 4 2 2 31 470 466 69 1949
9955 4 2 2 31 920 848 975 1891
9956 4 2 2 31 67 450 358 1956
9957 4 2 2 31 1039 219 218 718
9958 4 2 2 31 461 82 81 1009
9959 4 2 2 31 192 742 193 899
9960 4 2 2 31 883 272 1440 273
9961 4 2 2 31 1179 1192 1311 1945
9962 4 2 2 31 1026 26 1483 1375
9963 4 2 2 31 1040 226 225 702
9964 4 2 2 31 1518 342 1055 1396
9965 4 2 2 31 822 1374 20 779
9966 4 2 2 31 3 249 248 797
9967 4 2 2 31 821 1484 23 1376
9968 4 2 2 31 781 1370 22 1027
9969 4 2 2 31 1481 824 24 971
9970 4 2 2 31 19 970 823 782
9971 4 2 2 31 799 800 787 1967
9972 4 2 2 31 1499 333 1052 332
9973 4 2 2 31 1423 1477 1483 1856
9974 4 2 2 31 427 497 455 1965
9975 4 2 2 31 1367 1068 1234 1911
9976 4 2 2 31 335 1042 1494 334
9977 4 2 2 31 308 1429 1053 307
9978 4 2 2 31 1041 317 318 1466
9979 4 2 2 31 309 1057 1442 310
9980 4 2 2 31 1323 1036 1280 1916
9981 4 2 2 31 316 1258 315 1463
9982 4 2 2 31 1322 1260 1386 1919
9983 4 2 2 31 1086 1326 1375 1856
9984 4 2 2 31 1378 1520 1510 338
9985 4 2 2 31 1504 1502 1503 1855
9986 4 2 2 31 1451 325 324 1036
9987 4 2 2 31 883 845 979 1905
9988 4 2 2 31 1054 208 207 715
9989 4 2 2 31 269 1435 868 270
9990 4 2 2 31 847 919 974 1892
9991 4 2 2 31 1402 1394 1063 1968
9992 4 2 2 31 230 229 1249 723
9993 4 2 2 31 359 104 105 1489
9994 4 2 2 31 60 913 833 1980
9995 4 2 2 31 233 234 1350 787
9996 4 2 2 31 268 1417 930 269
9997 4 2 2 31 107 106 1488 362
9998 4 2 2 31 817 1426 246 245
9999 4 2 2 31 245 795 1476 244
10000 4 2 2 31 295 1344 296 987
10001 4 2 2 31 83 82 347 982
10002 4 2 2 31 185 186 880 716
10003 4 2 2 31 313 314 1330 1480
10004 4 2 2 31 228 1045 229 701
10005 4 2 2 31 517 469 482 1955
10006 4 2 2 31 1405 322 321 1284
10007 4 2 2 31 1508 111 110 424
10008 4 2 2 31 271 272 1412 869
10009 4 2 2 31 490 375 423 1923
10010 4 2 2 31 870 183 184 765
10011 4 2 2 31 1520 1378 337 338
10012 4 2 2 31 775 722 783 1981
10013 4 2 2 31 344 1383 27 1527
10014 4 2 2 31 42 249 809 250
10015 4 2 2 31 299 1360 1013 298
10016 4 2 2 31 455 395 427 1965
10017 4 2 2 31 1477 1014 304 303
10018 4 2 2 31 775 1015 203 204
10019 4 2 2 31 1337 1096 1095 1976
10020 4 2 2 31 378 477 509 1942
10021 4 2 2 31 468 381 506 1975
10022 4 2 2 31 1076 237 820 236
10023 4 2 2 31 211 210 1359 706
10024 4 2 2 31 915 792 258 257
10025 4 2 2 31 299 1047 300 985
10026 4 2 2 31 1321 240 789 239
10027 4 2 2 31 247 916 248 793
10028 4 2 2 31 302 1086 991 301
10029 4 2 2 31 1030 21 780 975
10030 4 2 2 31 1031 25 974 1482
10031 4 2 2 31 32 877 31 1957
10032 4 2 2 31 1505 1334 340 341
10033 4 2 2 31 1237 209 208 758
10034 4 2 2 31 241 1064 785 242
10035 4 2 2 31 83 84 1010 462
10036 4 2 2 31 1064 1230 1229 1902
10037 4 2 2 31 818 175 176 774
10038 4 2 2 31 188 189 887 710
10039 4 2 2 31 709 212 213 1244
10040 4 2 2 31 1394 1402 1072 1968
10041 4 2 2 31 332 1383 1092 1527
10042 4 2 2 31 523 352 473 1882
10043 4 2 2 31 1327 1403 328 329
10044 4 2 2 31 1345 297 988 298
10045 4 2 2 31 1399 334 1067 1524
10046 4 2 2 31 815 242 1395 243
10047 4 2 2 31 707 191 190 896
10048 4 2 2 31 339 1077 340 1492
10049 4 2 2 31 983 80 81 381
10050 4 2 2 31 1510 1062 338 339
10051 4 2 2 31 261 981 9 976
10052 4 2 2 31 262 977 11 980
10053 4 2 2 31 113 114 417 1503
10054 4 2 2 31 108 107 1513 415
10055 4 2 2 31 1487 112 111 512
10056 4 2 2 31 333 1067 334 1524
10057 4 2 2 31 1375 1026 26 302
10058 4 2 2 31 971 824 24 258
10059 4 2 2 31 970 247 19 823
10060 4 2 2 31 331 1483 26 1375
10061 4 2 2 31 231 1370 22 781
10062 4 2 2 31 970 19 177 782
10063 4 2 2 31 223 1276 224 708
10064 4 2 2 31 1026 1483 26 303
10065 4 2 2 31 1281 324 1410 323
10066 4 2 2 31 306 23 1484 1376
10067 4 2 2 31 22 203 781 1027
10068 4 2 2 31 1374 206 20 779
10069 4 2 2 31 13 103 429 1529
10070 4 2 2 31 823 176 19 782
10071 4 2 2 31 1370 291 22 1027
10072 4 2 2 31 1008 11 80 506
10073 4 2 2 31 1490 110 109 499
10074 4 2 2 31 24 1481 971 265
10075 4 2 2 31 243 821 23 1376
10076 4 2 2 31 232 1374 20 822
10077 4 2 2 31 337 1063 1493 336
10078 4 2 2 31 1055 342 1518 343
10079 4 2 2 31 824 24 246 1481
10080 4 2 2 31 1484 23 244 821
10081 4 2 2 31 1449 326 1363 327
10082 4 2 2 31 380 103 104 1519
10083 4 2 2 31 975 1030 21 259
10084 4 2 2 31 974 264 25 1031
10085 4 2 2 31 27 343 1398 1528
10086 4 2 2 31 822 20 174 779
10087 4 2 2 31 1482 1031 25 305
10088 4 2 2 31 780 205 21 1030
10089 4 2 2 31 430 114 13 1526
10090 4 2 2 31 471 108 1513 415
10091 4 2 2 31 507 9 85 1007
10092 4 2 2 31 202 780 21 975
10093 4 2 2 31 25 290 974 1482
10094 4 2 2 31 1383 332 27 1527
10095 4 2 2 31 416 112 113 1523
10096 4 2 2 31 109 108 1511 459
10097 4 2 2 31 1741 372 1903 1558
10098 4 2 2 31 1741 1903 372 376
10099 4 2 2 31 1797 1390 1091 1377
10100 4 2 2 31 1797 1091 1390 1572
10101 4 2 2 31 1571 1261 1616 1691
10102 4 2 2 31 1571 1616 1261 1796
10103 4 2 2 31 1849 1791 1883 388
10104 4 2 2 31 1849 1883 1791 1577
10105 4 2 2 31 1660 1332 1685 1253
10106 4 2 2 31 1660 1685 1332 1587
10107 4 2 2 31 1697 1069 1552 1101
10108 4 2 2 31 1697 1552 1069 1669
10109 4 2 2 31 1735 1203 1187 1340
10110 4 2 2 31 1735 1187 1203 1581
10111 4 2 2 31 1821 1146 1679 1288
10112 4 2 2 31 1821 1679 1146 1567
10113 4 2 2 31 1810 99 1806 356
10114 4 2 2 31 1810 1806 99 1566
10115 4 2 2 31 1845 98 834 99
10116 4 2 2 31 1845 834 98 1681
10117 4 2 2 31 1811 1777 1731 905
10118 4 2 2 31 1811 1731 1777 1568
10119 4 2 2 31 1267 1684 1364 1574
10120 4 2 2 31 1267 1364 1684 1079
10121 4 2 2 31 1735 1203 1893 1720
10122 4 2 2 31 1735 1893 1203 1340
10123 4 2 2 31 1273 1893 1203 1720
10124 4 2 2 31 1273 1203 1893 1340
10125 4 2 2 31 1725 1244 1246 1056
10126 4 2 2 31 1725 1246 1244 1604
10127 4 2 2 31 1721 385 1542 1704
10128 4 2 2 31 1721 1542 385 505
10129 4 2 2 31 1815 1542 385 1704
10130 4 2 2 31 1815 385 1542 505
10131 4 2 2 31 1735 1294 1657 1557
10132 4 2 2 31 1735 1657 1294 1211
10133 4 2 2 31 1801 1079 1574 1364
10134 4 2 2 31 1801 1574 1079 1744
10135 4 2 2 31 1684 1574 1079 1364
10136 4 2 2 31 1684 1079 1574 1744
10137 4 2 2 31 1954 1664 1569 1807
10138 4 2 2 31 1954 1569 1664 1545
10139 4 2 2 31 1813 1927 1671 968
10140 4 2 2 31 1671 1927 1813 1589
10141 4 2 2 31 1813 508 377 472
10142 4 2 2 31 377 508 1813 1574
10143 4 2 2 31 377 1779 1813 472
10144 4 2 2 31 1813 1779 377 1574
10145 4 2 2 31 1852 1366 1579 1639
10146 4 2 2 31 1852 1579 1366 1218
10147 4 2 2 31 1789 1579 1366 1639
10148 4 2 2 31 1789 1366 1579 1218
10149 4 2 2 31 1851 1372 1858 1206
10150 4 2 2 31 1851 1858 1372 1634
10151 4 2 2 31 1882 64 1555 65
10152 4 2 2 31 1882 1555 64 1703
10153 4 2 2 31 1866 1555 64 65
10154 4 2 2 31 1866 64 1555 1703
10155 4 2 2 31 1748 944 1936 946
10156 4 2 2 31 1748 1936 944 1640
10157 4 2 2 31 1331 1890 1911 1633
10158 4 2 2 31 1331 1911 1890 1762
10159 4 2 2 31 1542 1911 1890 1633
10160 4 2 2 31 1542 1890 1911 1762
10161 4 2 2 31 1028 1975 1002 1024
10162 4 2 2 31 1028 1002 1975 1593
10163 4 2 2 31 1833 1002 1975 1024
10164 4 2 2 31 1833 1975 1002 1593
10165 4 2 2 31 1876 1681 1579 1640
10166 4 2 2 31 1876 1579 1681 1845
10167 4 2 2 31 1751 1224 1238 1339
10168 4 2 2 31 1751 1238 1224 1730
10169 4 2 2 31 1733 1909 1138 1296
10170 4 2 2 31 1138 1909 1733 1586
10171 4 2 2 31 1138 1133 1733 1296
10172 4 2 2 31 1733 1133 1138 1586
10173 4 2 2 31 1611 847 973 938
10174 4 2 2 31 1611 973 847 1892
10175 4 2 2 31 1977 454 1805 394
10176 4 2 2 31 1977 1805 454 1705
10177 4 2 2 31 1821 1210 1314 1222
10178 4 2 2 31 1821 1314 1210 1715
10179 4 2 2 31 1684 1079 1397 1391
10180 4 2 2 31 1684 1397 1079 1744
10181 4 2 2 31 927 1826 868 878
10182 4 2 2 31 868 1826 927 1767
10183 4 2 2 31 716 1790 747 753
10184 4 2 2 31 747 1790 716 1595
10185 4 2 2 31 1254 1864 1368 1039
10186 4 2 2 31 1368 1864 1254 1615
10187 4 2 2 31 1743 733 728 731
10188 4 2 2 31 1743 728 733 1596
10189 4 2 2 31 453 1872 1727 91
10190 4 2 2 31 1727 1872 453 1791
10191 4 2 2 31 1647 1953 1825 1541
10192 4 2 2 31 1825 1953 1647 1883
10193 4 2 2 31 1757 1495 345 1501
10194 4 2 2 31 1757 345 1495 1654
10195 4 2 2 31 1787 1023 1005 1698
10196 4 2 2 31 1787 1005 1023 1018
10197 4 2 2 31 998 1746 999 1032
10198 4 2 2 31 999 1746 998 1628
10199 4 2 2 31 1927 1752 1899 1589
10200 4 2 2 31 1899 1752 1927 875
10201 4 2 2 31 1899 1813 1927 1589
10202 4 2 2 31 1927 1813 1899 875
10203 4 2 2 31 1237 1793 1339 1058
10204 4 2 2 31 1339 1793 1237 1751
10205 4 2 2 31 1721 363 505 435
10206 4 2 2 31 1721 505 363 1815
10207 4 2 2 31 1907 1587 1802 1660
10208 4 2 2 31 1907 1802 1587 1628
10209 4 2 2 31 1788 1173 1172 1174
10210 4 2 2 31 1788 1172 1173 1641
10211 4 2 2 31 1861 987 999 1000
10212 4 2 2 31 1861 999 987 1628
10213 4 2 2 31 1498 1678 1500 1525
10214 4 2 2 31 1500 1678 1498 1669
10215 4 2 2 31 1872 419 351 486
10216 4 2 2 31 1872 351 419 1850
10217 4 2 2 31 1978 1525 1815 1522
10218 4 2 2 31 1978 1815 1525 1678
10219 4 2 2 31 1410 1916 1468 1451
10220 4 2 2 31 1468 1916 1410 1677
10221 4 2 2 31 1978 1524 1399 1631
10222 4 2 2 31 1978 1399 1524 1494
10223 4 2 2 31 1698 1833 1646 1593
10224 4 2 2 31 1646 1833 1698 1770
10225 4 2 2 31 1836 1693 1662 1541
10226 4 2 2 31 1836 1662 1693 1588
10227 4 2 2 31 31 1933 928 30
10228 4 2 2 31 928 1933 31 1957
10229 4 2 2 31 1882 1641 1643 1569
10230 4 2 2 31 1882 1643 1641 1703
10231 4 2 2 31 1620 914 59 58
10232 4 2 2 31 1620 59 914 1854
10233 4 2 2 31 944 1876 834 943
10234 4 2 2 31 834 1876 944 1640
10235 4 2 2 31 1846 825 819 1599
10236 4 2 2 31 1846 819 825 802
10237 4 2 2 31 1724 867 928 926
10238 4 2 2 31 1724 928 867 1644
10239 4 2 2 31 1958 518 1747 406
10240 4 2 2 31 1958 1747 518 1651
10241 4 2 2 31 1091 1831 1075 1390
10242 4 2 2 31 1075 1831 1091 1756
10243 4 2 2 31 1963 1123 1662 1143
10244 4 2 2 31 1963 1662 1123 1693
10245 4 2 2 31 1789 1366 1217 1639
10246 4 2 2 31 1789 1217 1366 1205
10247 4 2 2 31 1905 10 79 845
10248 4 2 2 31 1905 79 10 1783
10249 4 2 2 31 1870 1038 1293 1285
10250 4 2 2 31 1870 1293 1038 1634
10251 4 2 2 31 871 1832 10 922
10252 4 2 2 31 871 10 1832 1783
10253 4 2 2 31 969 10 1832 922
10254 4 2 2 31 969 1832 10 1783
10255 4 2 2 31 1076 788 237 1262
10256 4 2 2 31 237 788 1076 820
10257 4 2 2 31 1978 1500 1525 1522
10258 4 2 2 31 519 1721 1488 435
10259 4 2 2 31 1488 1721 519 1517
10260 4 2 2 31 1488 106 519 435
10261 4 2 2 31 519 106 1488 1517
10262 4 2 2 31 1829 58 1887 1620
10263 4 2 2 31 1829 1887 58 464
10264 4 2 2 31 1881 1329 1371 1743
10265 4 2 2 31 1881 1371 1329 1301
10266 4 2 2 31 1819 1099 1972 1380
10267 4 2 2 31 1819 1972 1099 1784
10268 4 2 2 31 502 1939 351 485
10269 4 2 2 31 351 1939 502 1648
10270 4 2 2 31 1500 1678 1978 1525
10271 4 2 2 31 1978 1678 1500 1631
10272 4 2 2 31 1825 1119 1290 1181
10273 4 2 2 31 1825 1290 1119 1647
10274 4 2 2 31 1957 501 1899 1655
10275 4 2 2 31 1957 1899 501 32
10276 4 2 2 31 1760 1897 1772 1560
10277 4 2 2 31 1772 1897 1760 1604
10278 4 2 2 31 1789 1845 1951 1612
10279 4 2 2 31 1951 1845 1789 1579
10280 4 2 2 31 1936 96 1867 1729
10281 4 2 2 31 1936 1867 96 97
10282 4 2 2 31 1923 493 1830 490
10283 4 2 2 31 1923 1830 493 1678
10284 4 2 2 31 1261 1919 1616 1386
10285 4 2 2 31 1616 1919 1261 1796
10286 4 2 2 31 1262 1846 1351 1076
10287 4 2 2 31 1351 1846 1262 1686
10288 4 2 2 31 1276 1781 1335 1274
10289 4 2 2 31 1335 1781 1276 1858
10290 4 2 2 31 1924 1659 1712 1558
10291 4 2 2 31 1924 1712 1659 1800
10292 4 2 2 31 1584 1712 1659 1558
10293 4 2 2 31 1584 1659 1712 1800
10294 4 2 2 31 1013 1345 298 1360
10295 4 2 2 31 298 1345 1013 988
10296 4 2 2 31 1963 1148 1662 1736
10297 4 2 2 31 1963 1662 1148 1143
10298 4 2 2 31 718 1254 218 1039
10299 4 2 2 31 718 218 1254 770
10300 4 2 2 31 1009 347 82 982
10301 4 2 2 31 1009 82 347 461
10302 4 2 2 31 702 1274 225 1040
10303 4 2 2 31 702 225 1274 735
10304 4 2 2 31 1824 1379 1336 1209
10305 4 2 2 31 1824 1336 1379 1716
10306 4 2 2 31 1774 1938 1140 1289
10307 4 2 2 31 1774 1140 1938 1869
10308 4 2 2 31 1117 1140 1938 1289
10309 4 2 2 31 1117 1938 1140 1869
10310 4 2 2 31 1982 1672 1546 1913
10311 4 2 2 31 1982 1546 1672 1685
10312 4 2 2 31 1848 960 956 839
10313 4 2 2 31 1848 956 960 1847
10314 4 2 2 31 1915 487 470 386
10315 4 2 2 31 1915 470 487 1636
10316 4 2 2 31 1953 454 433 516
10317 4 2 2 31 1953 433 454 1705
10318 4 2 2 31 1947 1609 1177 1818
10319 4 2 2 31 1947 1177 1609 1879
10320 4 2 2 31 1178 1177 1609 1818
10321 4 2 2 31 1178 1609 1177 1879
10322 4 2 2 31 1945 1180 1665 1179
10323 4 2 2 31 1945 1665 1180 1722
10324 4 2 2 31 1927 865 875 1752
10325 4 2 2 31 1927 875 865 935
10326 4 2 2 31 1824 1194 1195 1209
10327 4 2 2 31 1824 1195 1194 1711
10328 4 2 2 31 751 1044 215 704
10329 4 2 2 31 215 1044 751 1250
10330 4 2 2 31 1451 1281 324 1410
10331 4 2 2 31 324 1281 1451 1036
10332 4 2 2 31 1917 1077 1266 1684
10333 4 2 2 31 1917 1266 1077 1334
10334 4 2 2 31 1269 1466 318 1421
10335 4 2 2 31 318 1466 1269 1041
10336 4 2 2 31 1757 1383 1398 344
10337 4 2 2 31 1757 1398 1383 1066
10338 4 2 2 31 1935 1862 1965 447
10339 4 2 2 31 1965 1862 1935 1690
10340 4 2 2 31 1965 455 1935 447
10341 4 2 2 31 1935 455 1965 1690
10342 4 2 2 31 1279 1901 1799 1349
10343 4 2 2 31 1799 1901 1279 1755
10344 4 2 2 31 1937 987 1227 997
10345 4 2 2 31 1937 1227 987 1628
10346 4 2 2 31 1449 1043 327 1363
10347 4 2 2 31 327 1043 1449 1447
10348 4 2 2 31 1898 439 1737 440
10349 4 2 2 31 1898 1737 439 1704
10350 4 2 2 31 706 1056 211 756
10351 4 2 2 31 706 211 1056 1359
10352 4 2 2 31 1979 407 445 446
10353 4 2 2 31 1979 445 407 1884
10354 4 2 2 31 1907 1937 1537 1628
10355 4 2 2 31 1537 1937 1907 1750
10356 4 2 2 31 1799 1363 1755 1279
10357 4 2 2 31 1799 1755 1363 1449
10358 4 2 2 31 1404 1755 1363 1279
10359 4 2 2 31 1404 1363 1755 1449
10360 4 2 2 31 1912 789 808 810
10361 4 2 2 31 1912 808 789 1797
10362 4 2 2 31 1600 1953 92 1742
10363 4 2 2 31 1600 92 1953 357
10364 4 2 2 31 93 92 1953 1742
10365 4 2 2 31 93 1953 92 357
10366 4 2 2 31 1938 1268 1638 1113
10367 4 2 2 31 1938 1638 1268 1886
10368 4 2 2 31 1910 5 921 1
10369 4 2 2 31 1910 921 5 1785
10370 4 2 2 31 1481 854 1680 971
10371 4 2 2 31 1680 854 1481 1474
10372 4 2 2 31 1965 418 1703 1643
10373 4 2 2 31 1965 1703 418 427
10374 4 2 2 31 1941 976 917 1717
10375 4 2 2 31 1941 917 976 858
10376 4 2 2 31 1982 1165 1672 1913
10377 4 2 2 31 1982 1672 1165 1151
10378 4 2 2 31 462 982 1746 1010
10379 4 2 2 31 1746 982 462 347
10380 4 2 2 31 970 719 177 853
10381 4 2 2 31 177 719 970 782
10382 4 2 2 31 1955 361 480 517
10383 4 2 2 31 1955 480 361 1887
10384 4 2 2 31 970 793 247 823
10385 4 2 2 31 247 793 970 916
10386 4 2 2 31 824 915 1680 792
10387 4 2 2 31 1680 915 824 971
10388 4 2 2 31 1932 107 1513 1488
10389 4 2 2 31 1932 1513 107 415
10390 4 2 2 31 1483 1326 1856 1375
10391 4 2 2 31 1856 1326 1483 1423
$EndElements
