$MeshFormat
2.2 0 8
$EndMeshFormat
$Nodes
1745
1 -0.00125000000000007 0.0009291561975886377 0.00144
2 -0.00125000000000007 0.0009291561975886377 0.00151
3 -0.0015 0.0001 0.00144
4 -0.0015 0.0001 0.00151
5 -0.00125 0.007 0.00144
6 -0.00125 0.007 0.00151
7 -0.0015 -0.0001 0.00144
8 -0.0015 -0.0001 0.00151
9 0.00125 0.007 0.00144
10 0.0015 -0.0001 0.00144
11 0.00125000000000007 0.0009291561975886375 0.00144
12 0.0015 0.0001 0.00144
13 0.0008 -1.959434878635765e-19 0.00144
14 0.00125 0.007 0.00151
15 0.0015 -0.0001 0.00151
16 0.00125000000000007 0.0009291561975886375 0.00151
17 0.0015 0.0001 0.00151
18 0.0008 -1.959434878635765e-19 0.00151
19 -0.0025 -0.002 0.00144
20 -0.0025 -0.002 0
21 -0.0025 0.007000000000000001 0.00144
22 -0.0025 0.007000000000000001 0
23 0.0025 -0.002 0
24 0.0025 -0.002 0.00144
25 0.0025 0.007000000000000001 0.00144
26 0.0025 0.007000000000000001 0
27 0.0008 -1.959434878635765e-19 0
28 -0.00138710280922151 0.0006709166284579529 0.00144
29 -0.001471505048212928 0.0003909860702574401 0.00144
30 -0.00138710280922151 0.0006709166284579529 0.00151
31 -0.001471505048212928 0.0003909860702574401 0.00151
32 -0.00125 0.00662057226234929 0.00144
33 -0.00125 0.00624114452469858 0.00144
34 -0.00125 0.00586171678704787 0.00144
35 -0.00125 0.00548228904939716 0.00144
36 -0.00125 0.00510286131174645 0.00144
37 -0.00125 0.004723433574095741 0.00144
38 -0.00125 0.004344005836445031 0.00144
39 -0.00125 0.003964578098794322 0.00144
40 -0.00125 0.00358515036114361 0.00144
41 -0.00125 0.003205722623492897 0.00144
42 -0.00125 0.002826294885842187 0.00144
43 -0.00125 0.002446867148191477 0.00144
44 -0.00125 0.002067439410540767 0.00144
45 -0.00125 0.001688011672890058 0.00144
46 -0.00125 0.001308583935239347 0.00144
47 -0.00125 0.00662057226234929 0.00151
48 -0.00125 0.00624114452469858 0.00151
49 -0.00125 0.00586171678704787 0.00151
50 -0.00125 0.00548228904939716 0.00151
51 -0.00125 0.00510286131174645 0.00151
52 -0.00125 0.004723433574095741 0.00151
53 -0.00125 0.004344005836445031 0.00151
54 -0.00125 0.003964578098794322 0.00151
55 -0.00125 0.00358515036114361 0.00151
56 -0.00125 0.003205722623492897 0.00151
57 -0.00125 0.002826294885842187 0.00151
58 -0.00125 0.002446867148191477 0.00151
59 -0.00125 0.002067439410540767 0.00151
60 -0.00125 0.001688011672890058 0.00151
61 -0.00125 0.001308583935239347 0.00151
62 0.0008928571428571432 0.007 0.00144
63 0.0005357142857142861 0.007 0.00144
64 0.0001785714285714288 0.007 0.00144
65 -0.0001785714285714283 0.007 0.00144
66 -0.0005357142857142856 0.007 0.00144
67 -0.0008928571428571429 0.007 0.00144
68 -0.001448888739433603 -0.0004882285676537806 0.00144
69 -0.001299038105676659 -0.0008499999999999992 0.00144
70 -0.001060660171779823 -0.00116066017177982 0.00144
71 -0.0007500000000000028 -0.001399038105676656 0.00144
72 -0.0003882285676537861 -0.001548888739433601 0.00144
73 -6.936883677559094e-18 -0.0016 0.00144
74 0.000388228567653774 -0.001548888739433604 0.00144
75 0.000749999999999992 -0.001399038105676663 0.00144
76 0.001060660171779816 -0.001160660171779826 0.00144
77 0.001299038105676656 -0.0008500000000000042 0.00144
78 0.001448888739433602 -0.0004882285676537837 0.00144
79 0.00125 0.001308583935239348 0.00144
80 0.00125 0.001688011672890058 0.00144
81 0.00125 0.002067439410540768 0.00144
82 0.00125 0.002446867148191478 0.00144
83 0.00125 0.002826294885842189 0.00144
84 0.00125 0.003205722623492899 0.00144
85 0.00125 0.003585150361143609 0.00144
86 0.00125 0.003964578098794319 0.00144
87 0.00125 0.004344005836445029 0.00144
88 0.00125 0.00472343357409574 0.00144
89 0.00125 0.005102861311746449 0.00144
90 0.00125 0.00548228904939716 0.00144
91 0.00125 0.00586171678704787 0.00144
92 0.00125 0.006241144524698579 0.00144
93 0.00125 0.00662057226234929 0.00144
94 0.001471505048212928 0.0003909860702574406 0.00144
95 0.001387102809221509 0.0006709166284579536 0.00144
96 0.0007083648205225679 0.0003717785376350148 0.00144
97 0.0004544517973849247 0.0006583870927149251 0.00144
98 9.642934420425858e-05 0.0007941670992784432 0.00144
99 -0.0002836839096340284 0.000748012994148332 0.00144
100 -0.0005988085985368807 0.0005304981265926365 0.00144
101 -0.0007767534539408415 0.0001914525314300465 0.00144
102 -0.0007767534539408418 -0.000191452531430046 0.00144
103 -0.000598808598536881 -0.000530498126592636 0.00144
104 -0.0002836839096340288 -0.0007480129941483318 0.00144
105 9.642934420425786e-05 -0.0007941670992784434 0.00144
106 0.0004544517973849245 -0.0006583870927149253 0.00144
107 0.0007083648205225677 -0.0003717785376350154 0.00144
108 0.0008928571428571432 0.007 0.00151
109 0.0005357142857142861 0.007 0.00151
110 0.0001785714285714288 0.007 0.00151
111 -0.0001785714285714283 0.007 0.00151
112 -0.0005357142857142856 0.007 0.00151
113 -0.0008928571428571429 0.007 0.00151
114 -0.001448888739433603 -0.0004882285676537806 0.00151
115 -0.001299038105676659 -0.0008499999999999992 0.00151
116 -0.001060660171779823 -0.00116066017177982 0.00151
117 -0.0007500000000000028 -0.001399038105676656 0.00151
118 -0.0003882285676537861 -0.001548888739433601 0.00151
119 -6.936883677559094e-18 -0.0016 0.00151
120 0.000388228567653774 -0.001548888739433604 0.00151
121 0.000749999999999992 -0.001399038105676663 0.00151
122 0.001060660171779816 -0.001160660171779826 0.00151
123 0.001299038105676656 -0.0008500000000000042 0.00151
124 0.001448888739433602 -0.0004882285676537837 0.00151
125 0.00125 0.001308583935239348 0.00151
126 0.00125 0.001688011672890058 0.00151
127 0.00125 0.002067439410540768 0.00151
128 0.00125 0.002446867148191478 0.00151
129 0.00125 0.002826294885842189 0.00151
130 0.00125 0.003205722623492899 0.00151
131 0.00125 0.003585150361143609 0.00151
132 0.00125 0.003964578098794319 0.00151
133 0.00125 0.004344005836445029 0.00151
134 0.00125 0.00472343357409574 0.00151
135 0.00125 0.005102861311746449 0.00151
136 0.00125 0.00548228904939716 0.00151
137 0.00125 0.00586171678704787 0.00151
138 0.00125 0.006241144524698579 0.00151
139 0.00125 0.00662057226234929 0.00151
140 0.001471505048212928 0.0003909860702574406 0.00151
141 0.001387102809221509 0.0006709166284579536 0.00151
142 0.0007083648205225679 0.0003717785376350148 0.00151
143 0.0004544517973849247 0.0006583870927149251 0.00151
144 9.642934420425858e-05 0.0007941670992784432 0.00151
145 -0.0002836839096340284 0.000748012994148332 0.00151
146 -0.0005988085985368807 0.0005304981265926365 0.00151
147 -0.0007767534539408415 0.0001914525314300465 0.00151
148 -0.0007767534539408418 -0.000191452531430046 0.00151
149 -0.000598808598536881 -0.000530498126592636 0.00151
150 -0.0002836839096340288 -0.0007480129941483318 0.00151
151 9.642934420425786e-05 -0.0007941670992784434 0.00151
152 0.0004544517973849245 -0.0006583870927149253 0.00151
153 0.0007083648205225677 -0.0003717785376350154 0.00151
154 -0.0025 -0.002 0.0003599999999999992
155 -0.0025 -0.002 0.0007199999999999982
156 -0.0025 -0.002 0.001079999999999999
157 -0.0025 -0.001608695652173913 0.00144
158 -0.0025 -0.001217391304347827 0.00144
159 -0.0025 -0.0008260869565217398 0.00144
160 -0.0025 -0.0004347826086956528 0.00144
161 -0.0025 -4.347826086956641e-05 0.00144
162 -0.0025 0.0003478260869565208 0.00144
163 -0.0025 0.0007391304347826077 0.00144
164 -0.0025 0.001130434782608695 0.00144
165 -0.0025 0.001521739130434781 0.00144
166 -0.0025 0.001913043478260869 0.00144
167 -0.0025 0.002304347826086956 0.00144
168 -0.0025 0.002695652173913043 0.00144
169 -0.0025 0.00308695652173913 0.00144
170 -0.0025 0.003478260869565217 0.00144
171 -0.0025 0.003869565217391304 0.00144
172 -0.0025 0.004260869565217391 0.00144
173 -0.0025 0.004652173913043478 0.00144
174 -0.0025 0.005043478260869563 0.00144
175 -0.0025 0.005434782608695653 0.00144
176 -0.0025 0.00582608695652174 0.00144
177 -0.0025 0.006217391304347827 0.00144
178 -0.0025 0.006608695652173913 0.00144
179 -0.0025 0.007000000000000001 0.0003599999999999992
180 -0.0025 0.007000000000000001 0.0007199999999999982
181 -0.0025 0.007000000000000001 0.001079999999999999
182 -0.0025 -0.001608695652173913 0
183 -0.0025 -0.001217391304347827 0
184 -0.0025 -0.0008260869565217398 0
185 -0.0025 -0.0004347826086956528 0
186 -0.0025 -4.347826086956641e-05 0
187 -0.0025 0.0003478260869565208 0
188 -0.0025 0.0007391304347826077 0
189 -0.0025 0.001130434782608695 0
190 -0.0025 0.001521739130434781 0
191 -0.0025 0.001913043478260869 0
192 -0.0025 0.002304347826086956 0
193 -0.0025 0.002695652173913043 0
194 -0.0025 0.00308695652173913 0
195 -0.0025 0.003478260869565217 0
196 -0.0025 0.003869565217391304 0
197 -0.0025 0.004260869565217391 0
198 -0.0025 0.004652173913043478 0
199 -0.0025 0.005043478260869563 0
200 -0.0025 0.005434782608695653 0
201 -0.0025 0.00582608695652174 0
202 -0.0025 0.006217391304347827 0
203 -0.0025 0.006608695652173913 0
204 -0.002115384615384616 -0.002 0
205 -0.001730769230769231 -0.002 0
206 -0.001346153846153847 -0.002 0
207 -0.0009615384615384622 -0.002 0
208 -0.0005769230769230771 -0.002 0
209 -0.0001923076923076926 -0.002 0
210 0.0001923076923076921 -0.002 0
211 0.0005769230769230769 -0.002 0
212 0.0009615384615384616 -0.002 0
213 0.001346153846153847 -0.002 0
214 0.001730769230769231 -0.002 0
215 0.002115384615384616 -0.002 0
216 0.0025 -0.002 0.0003599999999999992
217 0.0025 -0.002 0.0007199999999999982
218 0.0025 -0.002 0.001079999999999999
219 -0.002115384615384616 -0.002 0.00144
220 -0.001730769230769231 -0.002 0.00144
221 -0.001346153846153847 -0.002 0.00144
222 -0.0009615384615384622 -0.002 0.00144
223 -0.0005769230769230771 -0.002 0.00144
224 -0.0001923076923076926 -0.002 0.00144
225 0.0001923076923076921 -0.002 0.00144
226 0.0005769230769230769 -0.002 0.00144
227 0.0009615384615384616 -0.002 0.00144
228 0.001346153846153847 -0.002 0.00144
229 0.001730769230769231 -0.002 0.00144
230 0.002115384615384616 -0.002 0.00144
231 -0.0021875 0.007000000000000001 0.00144
232 -0.001875 0.007000000000000001 0.00144
233 -0.0015625 0.007000000000000001 0.00144
234 0.0015625 0.007000000000000001 0.00144
235 0.001875000000000001 0.007000000000000001 0.00144
236 0.002187500000000001 0.007000000000000001 0.00144
237 0.0025 -0.001608695652173913 0.00144
238 0.0025 -0.001217391304347827 0.00144
239 0.0025 -0.0008260869565217398 0.00144
240 0.0025 -0.0004347826086956528 0.00144
241 0.0025 -4.347826086956641e-05 0.00144
242 0.0025 0.0003478260869565208 0.00144
243 0.0025 0.0007391304347826077 0.00144
244 0.0025 0.001130434782608695 0.00144
245 0.0025 0.001521739130434781 0.00144
246 0.0025 0.001913043478260869 0.00144
247 0.0025 0.002304347826086956 0.00144
248 0.0025 0.002695652173913043 0.00144
249 0.0025 0.00308695652173913 0.00144
250 0.0025 0.003478260869565217 0.00144
251 0.0025 0.003869565217391304 0.00144
252 0.0025 0.004260869565217391 0.00144
253 0.0025 0.004652173913043478 0.00144
254 0.0025 0.005043478260869563 0.00144
255 0.0025 0.005434782608695653 0.00144
256 0.0025 0.00582608695652174 0.00144
257 0.0025 0.006217391304347827 0.00144
258 0.0025 0.006608695652173913 0.00144
259 -0.002115384615384616 0.007000000000000001 0
260 -0.001730769230769231 0.007000000000000001 0
261 -0.001346153846153847 0.007000000000000001 0
262 -0.0009615384615384622 0.007000000000000001 0
263 -0.0005769230769230771 0.007000000000000001 0
264 -0.0001923076923076926 0.007000000000000001 0
265 0.0001923076923076921 0.007000000000000001 0
266 0.0005769230769230769 0.007000000000000001 0
267 0.0009615384615384616 0.007000000000000001 0
268 0.001346153846153847 0.007000000000000001 0
269 0.001730769230769231 0.007000000000000001 0
270 0.002115384615384616 0.007000000000000001 0
271 0.0025 0.007000000000000001 0.0003599999999999992
272 0.0025 0.007000000000000001 0.0007199999999999982
273 0.0025 0.007000000000000001 0.001079999999999999
274 0.0025 -0.001608695652173913 0
275 0.0025 -0.001217391304347827 0
276 0.0025 -0.0008260869565217398 0
277 0.0025 -0.0004347826086956528 0
278 0.0025 -4.347826086956641e-05 0
279 0.0025 0.0003478260869565208 0
280 0.0025 0.0007391304347826077 0
281 0.0025 0.001130434782608695 0
282 0.0025 0.001521739130434781 0
283 0.0025 0.001913043478260869 0
284 0.0025 0.002304347826086956 0
285 0.0025 0.002695652173913043 0
286 0.0025 0.00308695652173913 0
287 0.0025 0.003478260869565217 0
288 0.0025 0.003869565217391304 0
289 0.0025 0.004260869565217391 0
290 0.0025 0.004652173913043478 0
291 0.0025 0.005043478260869563 0
292 0.0025 0.005434782608695653 0
293 0.0025 0.00582608695652174 0
294 0.0025 0.006217391304347827 0
295 0.0025 0.006608695652173913 0
296 0.0007083648205225679 0.0003717785376350148 0
297 0.0004544517973849247 0.0006583870927149251 0
298 9.642934420425858e-05 0.0007941670992784432 0
299 -0.0002836839096340284 0.000748012994148332 0
300 -0.0005988085985368807 0.0005304981265926365 0
301 -0.0007767534539408415 0.0001914525314300465 0
302 -0.0007767534539408418 -0.000191452531430046 0
303 -0.000598808598536881 -0.000530498126592636 0
304 -0.0002836839096340288 -0.0007480129941483318 0
305 9.642934420425786e-05 -0.0007941670992784434 0
306 0.0004544517973849245 -0.0006583870927149253 0
307 0.0007083648205225677 -0.0003717785376350154 0
308 0.0008 -1.959434878635765e-19 0.0003599999999999992
309 0.0008 -1.959434878635765e-19 0.0007199999999999982
310 0.0008 -1.959434878635765e-19 0.001079999999999999
311 1.844814932923215e-05 0.006697492497283282 0.00144
312 -0.000928512361115094 0.004907614983979206 0.00144
313 -0.0009482751134675144 0.002248745914290315 0.00144
314 0.000904482479848216 0.003447640957846587 0.00144
315 0.0009290663838681089 0.00457439871358507 0.00144
316 -0.0009501007587242535 0.003785664392153397 0.00144
317 0.0009498541935825867 0.002270577831659864 0.00144
318 0.000929333772287643 0.005672013827864855 0.00144
319 -0.0009350119492106975 0.003067063145646969 0.00144
320 -0.0009907331040771451 0.005666413503976147 0.00144
321 -0.0001186280254036543 0.001111081491380257 0.00144
322 0.0009550755304347281 0.001490514262752893 0.00144
323 -0.0009410285654824781 0.001497619730124584 0.00144
324 0.0009315851970620204 0.006414112065280188 0.00144
325 -0.000966466588699947 0.006438964638638368 0.00144
326 -0.001289710728948624 -1.975396738724749e-05 0.00144
327 0.0002742395907488463 0.001155540482784346 0.00144
328 2.35590802390895e-05 0.001454681545513858 0.00144
329 0.001338425075970376 2.270821578405618e-06 0.00144
330 -0.0006296196550894945 0.0009121615463200225 0.00144
331 0.0006509973200810343 0.001014831866491853 0.00144
332 -0.001126462952447932 0.0006447814862946717 0.00144
333 -0.0003321899437269844 0.001405867065336933 0.00144
334 -0.0002124646647782205 0.001756347016289975 0.00144
335 0.0001667609908671938 0.001802466857220697 0.00144
336 -6.284001307234299e-05 0.002106254375625508 0.00144
337 0.0003039265697186398 0.002144027802907146 0.00144
338 8.432615605243118e-05 0.002454473843701892 0.00144
339 -0.0002837482845835863 0.002415623435610231 0.00144
340 -0.0001410824337828618 0.002760156865244882 0.00144
341 0.0002349311237785081 0.002805210905925048 0.00144
342 7.02545191268905e-06 0.003108817634637534 0.00144
343 0.0003716630333496959 0.003153653116655534 0.00144
344 0.0001536825237234252 0.003457769728290632 0.00144
345 -0.0002214136537157851 0.003412160922042643 0.00144
346 -7.26907413874247e-05 0.003761276438154582 0.00144
347 0.0003040341845976314 0.003807000843536821 0.00144
348 7.643810901988993e-05 0.004110414594668687 0.00144
349 -0.0002919770136126204 0.004061137978056126 0.00144
350 -0.0001499379106702908 0.0044132486329338 0.00144
351 0.0002202712546823713 0.004461515932882941 0.00144
352 -2.989506112066552e-06 0.004762886863357225 0.00144
353 0.0003528368979579303 0.004800304737609057 0.00144
354 0.0001423961944032489 0.00510947799638513 0.00144
355 -0.0002266381494010132 0.005068531425129305 0.00144
356 -8.027087681034457e-05 0.005413275638193028 0.00144
357 -0.0005675985939732731 0.004371595835667194 0.00144
358 0.0002722705972947603 0.005442405259995777 0.00144
359 4.809551962773782e-05 0.005743904379776778 0.00144
360 0.0006208294035560576 0.002821960103091274 0.00144
361 -0.0002967006792669409 0.005706618918415052 0.00144
362 -0.0001666426479831599 0.006048156363202294 0.00144
363 0.0002402482833173895 0.006060136559787726 0.00144
364 -0.0005274555112690347 0.006012942028699574 0.00144
365 -0.0003812717342117672 0.006355157254657105 0.00144
366 0.00109490937748126 0.0006813018973072704 0.00144
367 0.0005147786757078062 0.001846906188653252 0.00144
368 -0.0001316612115543806 -0.001084325303052466 0.00144
369 -0.0004963659031886856 0.002707733132304653 0.00144
370 0.0003867308621758856 -0.001019313984173296 0.00144
371 -0.0006439339326292213 -0.0009305152539391176 0.00144
372 0.0008466400633031456 -0.0007468329937454254 0.00144
373 0.001018955116352172 -0.0002421734072529052 0.00144
374 0.001008554298690762 0.0002584515518522707 0.00144
375 -0.001058153772674162 -0.000477037187634731 0.00144
376 -0.0009488114387554481 0.001125205519840995 0.00144
377 -0.0005905635467573895 0.001710784305821737 0.00144
378 0.0009220369443180438 0.006050337724843851 0.00144
379 0.0006119504870032568 0.005873092878634816 0.00144
380 0.0006025459657231394 0.00623944655193665 0.00144
381 0.0006522163218932991 0.006646616764614176 0.00144
382 -0.00090261987255943 0.006029450654840786 0.00144
383 -0.0004534486368415762 0.005360093566041509 0.00144
384 0.0009191190721040332 0.005299467779107507 0.00144
385 0.000921808924815723 0.004941376453648769 0.00144
386 -0.0008669100396158493 0.005314118949868621 0.00144
387 0.0005578521987241934 0.005123861144331446 0.00144
388 -0.0003693932383647482 0.004729582654295515 0.00144
389 -0.0004152368676790548 0.002075478583604143 0.00144
390 0.0003853349485221269 0.00153491490573845 0.00144
391 0.0004623785023791369 0.00415070912667577 0.00144
392 0.0006846802636979059 0.003819615072831717 0.00144
393 0.0004332577655830616 0.002470312904119742 0.00144
394 -0.0003482686951449613 0.00305453540157356 0.00144
395 -0.0006001364162233053 0.003354129353174258 0.00144
396 -0.0004190877190192662 0.003700539020745355 0.00144
397 0.0005177945847110051 0.003480168859858945 0.00144
398 0.0009052218710951816 0.004157749233429888 0.00144
399 -0.0008773835047086803 0.002666816267984067 0.00144
400 -0.0009276765664983926 0.004166208882006056 0.00144
401 0.0008887618836893735 0.001874793050919639 0.00144
402 -0.0009344725195649967 0.004539382114381494 0.00144
403 0.000956077830087838 0.002638050019393261 0.00144
404 -0.0009499233012469999 0.001879555087870494 0.00144
405 -0.001267738620679947 -0.0002497427295615134 0.00144
406 0.0009449357894235448 0.003022500338276432 0.00144
407 -0.0003571428571428525 0.006701852415488167 0.00144
408 -0.0006850336210709681 0.006644080523105782 0.00144
409 0.0009502968024306083 0.001159317208618645 0.00144
410 -0.0005874648142012144 0.005023106450050652 0.00144
411 -0.0009477672512226527 0.003435761647491607 0.00144
412 -0.001285917708851428 0.0002398604242943985 0.00144
413 -0.001095904594309658 0.0001265360363689278 0.00144
414 -0.00108520121746405 0.0003848151186392493 0.00144
415 0.001269002297460934 0.0002033206761552754 0.00144
416 0.001281692009440779 -0.0002262026206997693 0.00144
417 0.0005884534609995877 0.004489385873247704 0.00144
418 0.000313938256771316 0.006425237852479207 0.00144
419 0.0006146076045729402 0.005512160816504153 0.00144
420 0.0001535392236633215 -0.001258225730470023 0.00144
421 -5.495625975803408e-05 0.006374919863245874 0.00144
422 -0.0004425826958561472 -0.001203884049149656 0.00144
423 0.0007741096711788563 0.0006858013250661962 0.00144
424 0.001092621648078937 -3.684505413880636e-07 0.00144
425 -0.0006429658391675778 0.003950331019661107 0.00144
426 0.0007144571313305959 -0.001056464076826888 0.00144
427 0.001108063588707845 -0.000533929466271758 0.00144
428 -0.0006228029964647292 0.002380793553209784 0.00144
429 -0.000660761723376533 0.001286708006249077 0.00144
430 -0.0009489856276998583 -0.0008313455750380339 0.00144
431 0.001194677384052164 0.0004478944002720135 0.00144
432 0.0009988769229282606 0.003794946744809224 0.00144
433 0.0003397776884559124 0.006753869422875334 0.00144
434 -0.0006326514867955258 0.005656281641885359 0.00144
435 0.000630749999908248 0.002159059981752664 0.00144
436 0.0006822906335187443 0.003191634910529327 0.00144
437 0.0006585355330034824 0.001339405746503785 0.00144
438 -0.0006830475958032217 0.004723433574095741 0.00144
439 -0.0006925694655622295 0.006296119019988324 0.00144
440 0.0009742284532192098 0.006718794855004763 0.00144
441 -0.001043077230577529 -0.0001328975218515118 0.00144
442 -0.0008816996925727521 0.0005309981410365735 0.00144
443 -0.001004604968719418 0.006739758910803776 0.00144
444 -0.0004147714253398364 0.001106382034725365 0.00144
445 0.0006609458560147982 0.004791637495303501 0.00144
446 -0.0006398994519856919 0.002971876774890966 0.00144
447 0.000936990473245591 0.0004823895776018705 0.00144
448 0.0003467669146495446 0.005733650076851567 0.00144
449 -0.0008995291025211222 0.0008178177499717828 0.00144
450 -0.0007159469943497212 0.002063256668535666 0.00144
451 -0.001276802505395003 0.0004849704401618043 0.00144
452 -0.0001649039587775955 -0.001357760305830017 0.00144
453 0.0009406878408449899 0.0008839573940941137 0.00144
454 0.0006804973142715035 0.001617306830913604 0.00144
455 -0.000706791737103044 0.003631352803882714 0.00144
456 0.0007280443748585835 0.002446591392907217 0.00144
457 0.0003955786019870975 0.0009204277749271329 0.00144
458 0.0004863334473190732 -0.001274605082588098 0.00144
459 1.844814932923021e-05 0.006697492497283283 0.00151
460 -0.000928512361115094 0.004907614983979205 0.00151
461 -0.0009482751134675144 0.002248745914290315 0.00151
462 0.000904482479848216 0.003447640957846587 0.00151
463 0.0009290663838681076 0.00457439871358507 0.00151
464 -0.0009501007587242535 0.003785664392153397 0.00151
465 0.0009498541935825867 0.002270577831659864 0.00151
466 0.0009293337722876411 0.005672013827864857 0.00151
467 -0.0009350119492106975 0.003067063145646969 0.00151
468 -0.0009907331040771459 0.005666413503976142 0.00151
469 -0.0001186280254036543 0.001111081491380257 0.00151
470 0.0009550755304347281 0.001490514262752893 0.00151
471 -0.0009410285654824781 0.001497619730124584 0.00151
472 0.0009315851970620201 0.006414112065280188 0.00151
473 -0.000966466588699948 0.006438964638638367 0.00151
474 -0.001289710728948624 -1.975396738724749e-05 0.00151
475 0.0002742395907488463 0.001155540482784346 0.00151
476 2.35590802390895e-05 0.001454681545513858 0.00151
477 0.001338425075970376 2.270821578405618e-06 0.00151
478 -0.0006296196550894945 0.0009121615463200225 0.00151
479 0.0006509973200810343 0.001014831866491853 0.00151
480 -0.001126462952447932 0.0006447814862946715 0.00151
481 -0.0003321899437269844 0.001405867065336933 0.00151
482 -0.0002124646647782205 0.001756347016289975 0.00151
483 0.0001667609908671938 0.001802466857220697 0.00151
484 -6.284001307234299e-05 0.002106254375625508 0.00151
485 0.0003039265697186398 0.002144027802907146 0.00151
486 8.432615605243118e-05 0.002454473843701892 0.00151
487 -0.0002837482845835863 0.002415623435610231 0.00151
488 -0.0001410824337828618 0.002760156865244882 0.00151
489 0.0002349311237785081 0.002805210905925048 0.00151
490 7.02545191268905e-06 0.003108817634637534 0.00151
491 0.0003716630333496959 0.003153653116655534 0.00151
492 0.0001536825237234252 0.003457769728290632 0.00151
493 -0.0002214136537157851 0.003412160922042643 0.00151
494 -7.26907413874247e-05 0.003761276438154582 0.00151
495 0.0003040341845976314 0.003807000843536821 0.00151
496 7.643810901988993e-05 0.004110414594668687 0.00151
497 -0.0002919770136126204 0.004061137978056126 0.00151
498 -0.0001499379106702908 0.0044132486329338 0.00151
499 0.0002202712546823713 0.004461515932882941 0.00151
500 -2.989506112066552e-06 0.004762886863357225 0.00151
501 0.0003528368979579298 0.004800304737609057 0.00151
502 0.0001423961944032487 0.00510947799638513 0.00151
503 -0.0002266381494010121 0.005068531425129301 0.00151
504 -8.027087681034452e-05 0.005413275638193026 0.00151
505 -0.0005675985939732731 0.004371595835667194 0.00151
506 0.0002722705972947597 0.005442405259995779 0.00151
507 4.809551962773489e-05 0.005743904379776778 0.00151
508 0.0006208294035560576 0.002821960103091274 0.00151
509 -0.0002967006792669432 0.005706618918415044 0.00151
510 -0.0001666426479831684 0.00604815636320229 0.00151
511 0.0002402482833173839 0.006060136559787726 0.00151
512 -0.0005274555112690412 0.006012942028699566 0.00151
513 -0.0003812717342117801 0.006355157254657099 0.00151
514 0.00109490937748126 0.0006813018973072704 0.00151
515 0.0005147786757078062 0.001846906188653252 0.00151
516 -0.0001316612115543806 -0.001084325303052466 0.00151
517 -0.0004963659031886856 0.002707733132304653 0.00151
518 0.0003867308621758856 -0.001019313984173296 0.00151
519 -0.0006439339326292214 -0.0009305152539391176 0.00151
520 0.0008466400633031456 -0.0007468329937454254 0.00151
521 0.001018955116352172 -0.0002421734072529052 0.00151
522 0.001008554298690763 0.0002584515518522707 0.00151
523 -0.001058153772674162 -0.000477037187634731 0.00151
524 -0.0009488114387554481 0.001125205519840995 0.00151
525 -0.0005905635467573895 0.001710784305821737 0.00151
526 0.00092203694431804 0.006050337724843849 0.00151
527 0.0006119504870032547 0.005873092878634819 0.00151
528 0.000602545965723137 0.006239446551936654 0.00151
529 0.0006522163218932992 0.006646616764614179 0.00151
530 -0.0009026198725594319 0.006029450654840783 0.00151
531 -0.0004534486368415768 0.005360093566041502 0.00151
532 0.0009191190721040312 0.00529946777910751 0.00151
533 0.0009218089248157219 0.004941376453648769 0.00151
534 -0.0008669100396158499 0.005314118949868614 0.00151
535 0.0005578521987241927 0.005123861144331447 0.00151
536 -0.0003693932383647478 0.004729582654295514 0.00151
537 -0.0004152368676790548 0.002075478583604143 0.00151
538 0.0003853349485221269 0.00153491490573845 0.00151
539 0.0004623785023791369 0.00415070912667577 0.00151
540 0.0006846802636979059 0.003819615072831717 0.00151
541 0.0004332577655830616 0.002470312904119742 0.00151
542 -0.0003482686951449613 0.00305453540157356 0.00151
543 -0.0006001364162233053 0.003354129353174258 0.00151
544 -0.0004190877190192662 0.003700539020745355 0.00151
545 0.0005177945847110051 0.003480168859858945 0.00151
546 0.0009052218710951813 0.004157749233429888 0.00151
547 -0.0008773835047086803 0.002666816267984067 0.00151
548 -0.0009276765664983926 0.004166208882006056 0.00151
549 0.0008887618836893735 0.001874793050919639 0.00151
550 -0.000934472519564997 0.004539382114381494 0.00151
551 0.000956077830087838 0.002638050019393261 0.00151
552 -0.0009499233012469999 0.001879555087870494 0.00151
553 -0.001267738620679947 -0.0002497427295615134 0.00151
554 0.0009449357894235448 0.003022500338276432 0.00151
555 -0.0003571428571428525 0.006701852415488162 0.00151
556 -0.000685033621070971 0.006644080523105779 0.00151
557 0.0009502968024306083 0.001159317208618645 0.00151
558 -0.0005874648142012138 0.005023106450050647 0.00151
559 -0.0009477672512226527 0.003435761647491607 0.00151
560 -0.001285917708851428 0.0002398604242943985 0.00151
561 -0.001095904594309658 0.0001265360363689278 0.00151
562 -0.00108520121746405 0.0003848151186392493 0.00151
563 0.001269002297460934 0.0002033206761552754 0.00151
564 0.001281692009440779 -0.0002262026206997693 0.00151
565 0.000588453460999587 0.004489385873247704 0.00151
566 0.0003139382567713122 0.006425237852479215 0.00151
567 0.0006146076045729391 0.005512160816504156 0.00151
568 0.0001535392236633215 -0.001258225730470023 0.00151
569 -5.495625975804633e-05 0.006374919863245875 0.00151
570 -0.0004425826958561471 -0.001203884049149655 0.00151
571 0.0007741096711788563 0.0006858013250661962 0.00151
572 0.001092621648078937 -3.684505413880729e-07 0.00151
573 -0.0006429658391675778 0.003950331019661107 0.00151
574 0.0007144571313305959 -0.001056464076826888 0.00151
575 0.001108063588707845 -0.000533929466271758 0.00151
576 -0.0006228029964647292 0.002380793553209784 0.00151
577 -0.000660761723376533 0.001286708006249077 0.00151
578 -0.0009489856276998582 -0.0008313455750380339 0.00151
579 0.001194677384052164 0.0004478944002720135 0.00151
580 0.0009988769229282606 0.003794946744809224 0.00151
581 0.0003397776884559113 0.006753869422875335 0.00151
582 -0.0006326514867955295 0.005656281641885343 0.00151
583 0.000630749999908248 0.002159059981752664 0.00151
584 0.0006822906335187443 0.003191634910529327 0.00151
585 0.0006585355330034824 0.001339405746503785 0.00151
586 -0.0006830475958032217 0.004723433574095741 0.00151
587 -0.0006925694655622345 0.006296119019988318 0.00151
588 0.000974228453219211 0.006718794855004766 0.00151
589 -0.001043077230577529 -0.0001328975218515118 0.00151
590 -0.0008816996925727521 0.0005309981410365735 0.00151
591 -0.001004604968719418 0.006739758910803776 0.00151
592 -0.0004147714253398364 0.001106382034725365 0.00151
593 0.0006609458560147957 0.0047916374953035 0.00151
594 -0.0006398994519856919 0.002971876774890966 0.00151
595 0.000936990473245591 0.0004823895776018705 0.00151
596 0.0003467669146495437 0.005733650076851564 0.00151
597 -0.0008995291025211222 0.0008178177499717828 0.00151
598 -0.0007159469943497212 0.002063256668535666 0.00151
599 -0.001276802505395003 0.0004849704401618043 0.00151
600 -0.0001649039587775955 -0.001357760305830017 0.00151
601 0.0009406878408449899 0.0008839573940941137 0.00151
602 0.0006804973142715035 0.001617306830913604 0.00151
603 -0.000706791737103044 0.003631352803882714 0.00151
604 0.0007280443748585835 0.002446591392907217 0.00151
605 0.0003955786019870975 0.0009204277749271329 0.00151
606 0.0004863334473190732 -0.001274605082588098 0.00151
607 -0.0025 0.004848451729280236 0.001079386850032961
608 -0.0025 0.006020147792157336 0.001059727913836874
609 -0.0025 -0.0002381426212875095 0.001084669953653513
610 -0.0025 0.001326086956521739 0.0003388795058286929
611 -0.0025 0.002892348985925965 0.001089627185407803
612 -0.0025 -0.001018081197701904 0.001059679058433405
613 -0.0025 0.004057286964776634 0.001087024243206215
614 -0.0025 0.002107836799533704 0.001089517033970954
615 -0.0025 0.0005525395377522961 0.001087654042957745
616 -0.0025 0.004437183464647054 0.0003614424488137144
617 -0.0025 0.005632024550800958 0.0003397696636102058
618 -0.0025 -0.000630540958226523 0.0003385264703381981
619 -0.0025 0.00017405991831253 0.0003593594963395377
620 -0.0025 0.003282608695652174 0.0003388795058286932
621 -0.0025 0.00248927682163478 0.0003454850334108
622 -0.0025 0.006426675610168417 0.0003601359567282722
623 -0.0025 -0.001426675610168418 0.0003601359567282712
624 -0.0025 0.0013271930748799 0.001104562328818752
625 -0.0025 -0.00171834224506628 0.0008917759418820427
626 -0.0025 0.006718342245066278 0.0008917759418820453
627 -0.0025 -0.001024028848355679 0.0003410937217160514
628 -0.0025 -0.001195376316285852 0.0007108278620316317
629 -0.0025 -0.0008225681686685636 0.0006905037973578035
630 -0.0025 -0.0004344485699622389 0.0006839837168214434
631 -0.0025 -0.0006298956042450413 0.0010518884232247
632 -0.0025 -3.406259748480866e-05 0.0007183174365323712
633 -0.0025 0.006025050905543268 0.0003411715100444366
634 -0.0025 0.006196665883318206 0.0007107195587699939
635 -0.0025 0.005825550436633768 0.0006913739685297889
636 -0.0025 0.005438955311479566 0.0006832774432092047
637 -0.0025 0.00524093684044292 0.0003431077131475327
638 -0.0025 0.005047409905342507 0.0006905406111138554
639 -0.0025 0.005242152893698496 0.001058283682570125
640 -0.0025 0.004645507205241785 0.0007197252623392918
641 -0.0025 0.004844448264931217 0.0003524693392357324
642 -0.0025 0.004235872653551092 0.000734700324250119
643 -0.0025 0.004450027005185101 0.001083472779971431
644 -0.0025 0.003841644534530824 0.000729446288661228
645 -0.0025 0.004046449535752493 0.0003568619590412423
646 -0.0025 0.0001592407133077229 0.001075249921805222
647 -0.0025 -0.0002365114099303002 0.0003446069768468299
648 -0.0025 0.000376757263211428 0.0007320316107462117
649 -0.0025 0.0007723599545896949 0.0007582868112442657
650 -0.0025 0.0005664902134896459 0.0003840805750947167
651 -0.0025 0.002891873843076613 0.0003515667675513127
652 -0.0025 0.002695957756083448 0.0006875864837164279
653 -0.0025 0.00230045380324514 0.0006863692575780232
654 -0.0025 0.002499594921998602 0.001056313381266643
655 -0.0025 0.00189443554045003 0.0007423690865378249
656 -0.0025 0.003101096671607519 0.0007472770544109974
657 -0.0025 0.002082005491964698 0.0003715344907663608
658 -0.0025 0.003284213062598412 0.001082100733158677
659 -0.0025 0.001716334543492791 0.001094875187540458
660 -0.0025 0.00563127933319776 0.001062110501357665
661 -0.0025 0.003667278822022795 0.001074412161082095
662 -0.0025 0.0009441210867136966 0.001101144492490065
663 -0.0025 0.001514658619513483 0.0007492143023974898
664 -0.0025 0.003471582518330209 0.0006800619223321239
665 -0.0025 -0.001425547636329547 0.001062598808801566
666 -0.0025 0.006426027087970656 0.001062590316250401
667 -0.0025 0.006727810822928827 0.0005503231113809738
668 -0.0025 -0.001727810822928827 0.0005503231113809719
669 -0.0025 0.001144328506186817 0.0007634990050403572
670 -0.0025 0.001700710487584225 0.0003873528126792107
671 -0.0025 0.0009464718080298665 0.0003741243162013386
672 -0.0025 0.003656030909672349 0.0003407914449901226
673 -0.0025 -0.001750517106713948 0.001182874950136721
674 -0.0025 0.006750612997042169 0.001182873251626489
675 -0.0025 0.006743461224130306 0.0002553054565962818
676 -0.0025 -0.001743461224130304 0.0002553054565962813
677 -0.0025 -0.001498750526155785 0.0007151323361648968
678 -0.0025 0.006499104329890476 0.0007151089770023373
679 0.001536529144217092 -0.002 0.000384707819290174
680 -0.0007679696105621779 -0.002 0.0003542505674636356
681 -0.001534906182928078 -0.002 0.0003858921561140658
682 -3.6146739862109e-06 -0.002 0.0003533794486730986
683 0.000769010428768251 -0.002 0.0003537514935106199
684 0.001155092324337559 -0.002 0.001106217395225138
685 -0.00115393285416573 -0.002 0.001107191097265383
686 -0.0003813599912470709 -0.002 0.001074197271870572
687 0.0003782022800442732 -0.002 0.001091340957110128
688 0.001935451055571265 -0.002 0.001082201137898955
689 -0.001935451055571265 -0.002 0.001082201137898956
690 0.002222017150859683 -0.002 0.0005478164150367279
691 -0.002222017150859683 -0.002 0.0005478164150367281
692 -0.001540538343930525 -0.002 0.001103834802068515
693 -0.001708805435046453 -0.002 0.000732534272349663
694 -0.001342546320562508 -0.002 0.0007575383336297037
695 -0.000960982124167383 -0.002 0.0007658269553058407
696 -0.001153146744908042 -0.002 0.0003956688989345426
697 -0.0005755791549638132 -0.002 0.0007178446502110276
698 0.001541340502679848 -0.002 0.001103775313985782
699 0.001709818535440194 -0.002 0.0007324297637891996
700 0.001344886424789807 -0.002 0.0007554849491093136
701 0.0009640463891729379 -0.002 0.000763534627134036
702 0.001155845606064217 -0.002 0.0003927446334299733
703 0.0005677369726632925 -0.002 0.0007134829963599768
704 0.000378314816697665 -0.002 0.0003645909581637796
705 -0.0003846153846153856 -0.002 0.0003446647646639649
706 0.0007672565841132665 -0.002 0.00109242932930488
707 0.0001675254035098917 -0.002 0.0007669318104389827
708 -0.0007686569232426717 -0.002 0.001095416938092065
709 -4.1409591866764e-06 -0.002 0.001078957903471936
710 -0.0001931678756521816 -0.002 0.0006925963916889731
711 0.001934808131962982 -0.002 0.0003788327052317919
712 -0.00193443155172259 -0.002 0.0003790168260009857
713 0.002231287869883028 -0.002 0.0008900355142155503
714 -0.002231287869883028 -0.002 0.000890035514215551
715 0.002254441979641456 -0.002 0.0002573298240537038
716 -0.002254366663593378 -0.002 0.0002573666482075426
717 -0.002242761269203669 -0.002 0.001183785357324892
718 0.00224276126920367 -0.002 0.001183785357324891
719 -0.002006398612616604 -0.002 0.0007263208331003767
720 0.00200667654874343 -0.002 0.000726263107234445
721 0.001566210642923698 0.0009028542628558445 0.00144
722 -0.001546572115485139 0.0009156423957730033 0.00144
723 0.001709863246791335 -5.561133100984942e-06 0.00144
724 -0.001688961550473555 1.945975381574669e-05 0.00144
725 0.001574164294662889 0.006050398415954424 0.00144
726 -0.001574164294662891 0.006050398415954429 0.00144
727 -0.001578594059705972 0.005292575180571807 0.00144
728 0.001578594059705972 0.005292575180571806 0.00144
729 -0.001578594059705972 0.004533719705270387 0.00144
730 0.001578594059705972 0.004533719705270385 0.00144
731 0.001544468909201051 0.003757048253514183 0.00144
732 -0.001544468909201053 0.003757048253514183 0.00144
733 -0.001541177530047998 0.002974261756291932 0.00144
734 0.00154110653082344 0.002974662969223382 0.00144
735 -0.001581276621116318 0.00227722635803814 0.00144
736 0.001581294453046954 0.002277398319021159 0.00144
737 -0.001578594059705972 0.001498297804064704 0.00144
738 0.00157454646853163 0.001510709839472701 0.00144
739 -0.001448888739433603 -0.001211771432346217 0.00144
740 0.0014488887394336 -0.001211771432346226 0.00144
741 -0.002185212502052857 0.0005741355699636647 0.00144
742 0.002166839227192476 0.0005644612079939203 0.00144
743 -0.002161120494171307 -0.00141304347826087 0.00144
744 0.002172723538404686 -0.00141393293310928 0.00144
745 0.001728826334886271 0.006734927102567446 0.00144
746 -0.001728826334886274 0.006734927102567448 0.00144
747 -0.002127746064002768 -0.0006237800900809527 0.00144
748 0.002161120494171307 -0.000630434782608696 0.00144
749 0.002173735215595505 0.005644290827813302 0.00144
750 -0.002173735215595505 0.005644290827813302 0.00144
751 0.002171905758851827 0.004869599872278045 0.00144
752 -0.00217190575885183 0.004869599872278045 0.00144
753 -0.002170210889963745 0.004094506442764075 0.00144
754 0.002170210889963745 0.004094506442764076 0.00144
755 -0.002174952772675409 0.003282026816080252 0.00144
756 0.002174860969531774 0.00328262988184356 0.00144
757 -0.002175042892554264 0.002499419362805188 0.00144
758 0.002175042891457135 0.002500022457930759 0.00144
759 -0.002175092672725438 0.001717189548998166 0.00144
760 0.002198901033545763 0.001710794360155658 0.00144
761 -0.002174574087084382 0.006441027616698854 0.00144
762 0.002174574087084381 0.006441027616698854 0.00144
763 -0.001713530612732133 -0.000258912447455529 0.00144
764 -0.001925150681299522 -0.0001021956342141612 0.00144
765 0.001730807593524908 -0.000286895798986655 0.00144
766 0.001956785601228934 -0.0001243055479519962 0.00144
767 -0.001893976149754335 0.0001635338445120866 0.00144
768 0.001911260959499664 0.0001520367188869018 0.00144
769 0.001628672941437735 -0.0008782047459972801 0.00144
770 -0.001706197853830655 -0.00087240557675407 0.00144
771 0.001646114395639643 0.0005874996203817529 0.00144
772 0.001885391168693461 0.0008198129899756046 0.00144
773 -0.001677456778613086 0.0006115449393191939 0.00144
774 -0.001854466527810479 0.0009192816281537084 0.00144
775 -0.00109885307141804 -0.001697923643098343 0.00144
776 0.001098853071418038 -0.001697923643098345 0.00144
777 -0.002174088010520189 0.006033374243050773 0.00144
778 0.00217408801052019 0.006033374243050775 0.00144
779 0.001759041015997781 0.001162027360387999 0.00144
780 0.002083434338931555 0.001126232494316076 0.00144
781 -0.001792625808716333 -0.000541687993221802 0.00144
782 -0.00210280068583018 -0.001031137440790124 0.00144
783 0.002176499477810577 0.00526288365513336 0.00144
784 -0.002174055793599461 0.004490764867307293 0.00144
785 0.00217893531281514 0.0028915339720161 0.00144
786 0.001826503759480088 0.002667224385456884 0.00144
787 -0.002179459620250493 0.002108387090200406 0.00144
788 -0.001832200998422754 0.001900549632914829 0.00144
789 -0.0021790424177627 0.00289093173226984 0.00144
790 -0.001826587511209116 0.00266679837695776 0.00144
791 -0.002170003350159835 0.003694531991168347 0.00144
792 0.002183427680204358 0.002107421741247583 0.00144
793 0.001832084270691494 0.001904492680024053 0.00144
794 -0.002176499477810577 0.005262883655133364 0.00144
795 0.002174055793599459 0.004490764867307291 0.00144
796 0.002169988049635895 0.0036946325021289 0.00144
797 -0.002206898522363811 0.001331097888199072 0.00144
798 -0.001858221568488557 0.003529918017867592 0.00144
799 0.001858111914733658 0.003530235872439497 0.00144
800 0.002184833278551747 -0.001030963572952833 0.00144
801 -0.002180838253494557 6.944157458815782e-05 0.00144
802 -0.002196455463999655 -0.0002465551638541367 0.00144
803 0.00151146693353525 -0.001604251619965888 0.00144
804 -0.001509982459782869 -0.001609504656177235 0.00144
805 -0.001578594059705975 0.004913147442921099 0.00144
806 0.001578594059705966 0.004913147442921099 0.00144
807 -0.001560633196771607 0.004152171018041727 0.00144
808 0.001578594059705968 0.005672002918222508 0.00144
809 -0.001578594059705968 0.005672002918222513 0.00144
810 0.001560633196771605 0.004152171018041725 0.00144
811 -0.00202169284294388 0.006741101376836723 0.00144
812 0.002021692842943879 0.006741101376836724 0.00144
813 0.00157238496768396 0.006451447965181052 0.00144
814 -0.001572384967683963 0.006451447965181052 0.00144
815 0.001829309487254268 -0.001237507950073956 0.00144
816 -0.001811830930316345 -0.001288251506422051 0.00144
817 -0.001912291576819856 -0.00167463048646688 0.00144
818 0.001911719394105789 -0.001672909865924993 0.00144
819 -0.002162881461411657 0.0009338708737514408 0.00144
820 0.001691107895284969 0.0002758399901188003 0.00144
821 0.002201532216507856 5.860970605186915e-05 0.00144
822 -0.0016978706328239 0.001199899313854301 0.00144
823 0.001871864122061905 0.006224631624969624 0.00144
824 -0.001871864122061906 0.006224631624969628 0.00144
825 0.001949107078535431 0.001463990810445666 0.00144
826 0.002224089374926551 -0.0002701833332140816 0.00144
827 -0.001685077477110731 0.0002873138888748561 0.00144
828 -0.001878565335610482 0.0004383587253446713 0.00144
829 0.001868641014095856 0.005854179448609841 0.00144
830 -0.001868641014095855 0.005854179448609846 0.00144
831 0.001902961834950368 0.0004482355166434029 0.00144
832 0.001867898039309637 0.005474557983410767 0.00144
833 -0.001867898039309637 0.005474557983410773 0.00144
834 0.001870956263171195 0.005089366284735135 0.00144
835 -0.001870956263171198 0.005089366284735136 0.00144
836 0.001865412941061437 0.004711529117474614 0.00144
837 -0.00186541294106144 0.004711529117474616 0.00144
838 0.001866094182107393 0.004324544874942069 0.00144
839 -0.001866094182107395 0.004324544874942069 0.00144
840 -0.0007692307692307697 -0.001729980573261955 0.00144
841 0.0007692307692307699 -0.001729980573261957 0.00144
842 -0.001861605349448699 0.003925453433049664 0.00144
843 0.001861584523735557 0.003925523160638408 0.00144
844 0.001557003291011458 0.003356651680975221 0.00144
845 -0.001557125202985003 0.003356331244606735 0.00144
846 -0.001903741786220741 0.001507738954008497 0.00144
847 -0.001877098154231452 0.003101613429147623 0.00144
848 0.001876778601389849 0.003102430033735724 0.00144
849 -0.001918913528710589 0.002290476164183265 0.00144
850 0.001919670610976006 0.002291311916736088 0.00144
851 0.001489780948670096 0.002638489541547018 0.00144
852 -0.001489808332474687 0.0026382897050643 0.00144
853 -0.001498414335849009 0.0018863049756897 0.00144
854 0.001497585038454015 0.001889610384389747 0.00144
855 0.002227132946963499 0.0008760143819353805 0.00144
856 -0.002127718448182446 0.0003186591602730203 0.00144
857 0.001974573897839951 -0.000386622495523128 0.00144
858 0.001808280584061546 -0.0006033579391595792 0.00144
859 0.002136518847630073 0.0003142338473065233 0.00144
860 -0.002226212447438827 -0.001726129984120111 0.00144
861 0.002239965509579018 -0.001739107690241637 0.00144
862 0.00224645837753895 0.001380376999376011 0.00144
863 -0.001936233401423578 0.00068231368452997 0.00144
864 -0.001874191764951484 0.006516112161431895 0.00144
865 0.001874191764951482 0.006516112161431895 0.00144
866 0.001479959625490622 0.001162666319108906 0.00144
867 0.001472742260514047 0.006761389466019558 0.00144
868 -0.001472742260514048 0.006761389466019558 0.00144
869 0.002276753386005653 0.006758164929141898 0.00144
870 -0.002276753386005652 0.006758164929141899 0.00144
871 -0.001464607361603026 0.001170315929304006 0.00144
872 -0.001965171786126118 0.001178377731593403 0.00144
873 -0.001189121724094512 -0.001408873965129666 0.00144
874 0.001189333791773419 -0.001408123531385191 0.00144
875 -0.001944997785201082 -0.0003445359638526446 0.00144
876 0.001931154795682793 -0.0008676256295951474 0.00144
877 0.001405353979906348 0.007000000000000001 0.001174867675268817
878 -0.001404777923777413 0.007000000000000001 0.001170649605921559
879 1.653439088348911e-07 0.007000000000000001 0.001197665299920778
880 0.0007182307853026743 0.007000000000000001 0.001150852562402603
881 -0.0006895820450946973 0.007000000000000001 0.001094201170969521
882 0.001155401313211104 0.007000000000000001 0.0003311832867166685
883 -0.001163600034009298 0.007000000000000001 0.0003334378954309992
884 -0.000405559060237481 0.007000000000000001 0.0003553167536943954
885 0.0003985021286125059 0.007000000000000001 0.0003390680586304949
886 0.002194144773236929 0.007000000000000001 0.0009027434507060468
887 -0.002194144773236929 0.007000000000000001 0.0009027434507060466
888 0.001928898112941497 0.007000000000000001 0.0003539972536587848
889 -0.001928898112941498 0.007000000000000001 0.0003539972536587843
890 -0.001542189218963051 0.007000000000000001 0.0003317925678475351
891 -0.001707410306140456 0.007000000000000001 0.0006397390512362764
892 -0.001369652529724155 0.007000000000000001 0.000632961363398388
893 -0.001017547938439479 0.007000000000000001 0.0006441492264553605
894 -0.0007885371547714857 0.007000000000000001 0.0003583118627280695
895 -0.0006365014331352926 0.007000000000000001 0.0007018550768240078
896 -0.0002972796683357606 0.007000000000000001 0.000633953974409453
897 -9.879645734363948e-06 0.007000000000000001 0.0004087024716197083
898 0.0003150778342999876 0.007000000000000001 0.0007121175035380121
899 0.000657376129669796 0.007000000000000001 0.0006449667692687811
900 0.001538662740218879 0.007000000000000001 0.0003312618609416999
901 0.001704662534405289 0.007000000000000001 0.0006394956612985241
902 0.001365661401625509 0.007000000000000001 0.0006314652028129462
903 0.001023345385009355 0.007000000000000001 0.0006311304960635159
904 -0.001065615877714484 0.007000000000000001 0.001165980114650541
905 0.00107302675602479 0.007000000000000001 0.001177290535642514
906 0.0003263286690079526 0.007000000000000001 0.001099742580151309
907 -0.0003062324013263745 0.007000000000000001 0.001148921654291531
908 0.001718716623886148 0.007000000000000001 0.001171162715178824
909 -0.001718681635054216 0.007000000000000001 0.001170906515631492
910 0.0007939145362958863 0.007000000000000001 0.0003234638083377562
911 0.00222124188359101 0.007000000000000001 0.0005469990799954563
912 -0.002221241883591011 0.007000000000000001 0.0005469990799954556
913 0.002021965422628817 0.007000000000000001 0.001178642752370639
914 -0.002021959591156828 0.007000000000000001 0.001178600052446083
915 -0.001553992346015698 0.007000000000000001 0.0009082187210387289
916 0.001553241239102705 0.007000000000000001 0.0009089970022777706
917 0.001861537408129856 0.007000000000000001 0.0009135104534757212
918 -0.001862113751187229 0.007000000000000001 0.0009133714883468582
919 -0.001219996600764354 0.007000000000000001 0.0009083800882513911
920 0.001223773501785589 0.007000000000000001 0.0009095217510363294
921 0.0008719111405844147 0.007000000000000001 0.0009040681226459807
922 -0.0009172990042795725 0.007000000000000001 0.0009153580477307061
923 0.00224076678563157 0.007000000000000001 0.0002585829580881719
924 -0.002240766785631571 0.007000000000000001 0.000258582958088171
925 0.000551046146522842 0.007000000000000001 0.0009076228919210314
926 -5.804836860150977e-05 0.007000000000000001 0.0008679786950077209
927 -0.002280720872878751 0.007000000000000001 0.001208268700630426
928 0.002280722039173149 0.007000000000000001 0.001208277240615337
929 -0.0004080973343650457 0.007000000000000001 0.0008852007619641069
930 0.001980496060477583 0.007000000000000001 0.000673826882454226
931 -0.001980970934019375 0.007000000000000001 0.0006738418002840668
932 5.649446236856729e-05 0.006624080749916453 0
933 -0.002161120494171307 0.003282608695652174 0
934 0.002195698728887573 0.004069623703950582 0
935 -0.002172238513673404 0.004465948440568409 0
936 0.002161120494171307 0.002891304347826087 0
937 -0.0001335979102464985 0.001100277780852507 0
938 0.002122345202349455 0.005215514024724834 0
939 -0.002174999672133081 0.002108703599799319 0
940 -0.002161120494171307 0.005630434782608697 0
941 0.002170586344035361 0.001685052673568777 0
942 0.001154525661967802 0.006656667055349685 0
943 -0.00114953647745803 0.006672741054218318 0
944 -0.002161120494171307 0.001326086956521738 0
945 0.0008415848246466451 0.0007574608521320079 0
946 0.002183983266541489 -0.0009594314168369234 0
947 -0.002119598960599154 -0.001051669940299465 0
948 0.0008564542890075306 -0.0007094089648968707 0
949 -0.002159027979838756 0.000552228786815212 0
950 0.002191098232829354 -0.0002196772106389379 0
951 -0.002133398794282813 -0.0002121408300819921 0
952 -0.001153541981375872 -0.001667012487419782 0
953 0.002175796395492792 0.0009116906945010788 0
954 0.002151968138221046 0.006049764627734612 0
955 -0.0009974187617669726 -0.0004756262260815498 0
956 -0.0009814031246908783 0.0005150800942639198 0
957 0.001542048172440856 -0.001660444664056415 0
958 0.001103147227937645 -0.0004780787436098641 0
959 0.00124807641194366 -4.458821181214023e-05 0
960 0.0004023748443290351 0.001069210024802828 0
961 0.0001698197375538542 0.001398591367454459 0
962 0.0008003767129601291 0.00115954585316825 0
963 -0.0006296196550894949 0.0009121615463200225 0
964 -0.000499618336298521 0.001317385283318292 0
965 -0.001054818051329695 0.0009344872493377088 0
966 -0.001196010339345779 0.000217053684389709 0
967 0.0004055012449456783 -0.001061213049314569 0
968 0.00121052537046033 -0.0008118622200345745 0
969 -0.0003847730868306843 -0.00167866362454594 0
970 -0.0005757837419745697 -0.0009267503922584307 0
971 -0.0022009759105145 0.006387766949978529 0
972 -0.001083416004959377 -0.0009863178651345209 0
973 -0.001329894119885947 0.0006436820137617648 0
974 -0.001424386300934732 0.001044203710706049 0
975 -0.001151568061023659 0.001309031716770612 0
976 0.0007998945382252627 -0.001158847302466735 0
977 -0.00150942158385029 0.001421540112791005 0
978 -0.001230496064960432 0.001688098038145515 0
979 0.001501932879693845 -0.0005064143224442789 0
980 -0.001565694199698103 0.0003027883997560711 0
981 -0.00147268836507869 -7.613413289791061e-05 0
982 -0.001923076923076924 -0.001666913306236755 0
983 0.001887112817217864 0.006663003295980305 0
984 5.261256173899002e-05 -0.001147875572861309 0
985 -0.001580105011058704 0.001790014902757584 0
986 -0.001300701150075722 0.002050928300657239 0
987 -0.0009430630983842502 0.001950193880346392 0
988 -0.001029609529001138 0.002327825126599124 0
989 -0.0006608246255892705 0.002216052184335542 0
990 -0.0007480722180627788 0.002594395443391409 0
991 -0.0003774698557325986 0.002480780036515228 0
992 -0.0004648446750143433 0.002859432040561282 0
993 -9.340918301711711e-05 0.00274507144381195 0
994 -0.0001806336298692426 0.003123681942502248 0
995 0.0001905914464384686 0.00300951156706087 0
996 0.0001036361903611342 0.003388098089924301 0
997 -0.0002675654997959949 0.003502177654425345 0
998 1.664949207285391e-05 0.003766675129855498 0
999 -0.0003545873226809778 0.003880653795414635 0
1000 -7.0377960207551e-05 0.004145192970546871 0
1001 -0.0004414975195758063 0.004259099154000672 0
1002 -0.0001572635983450692 0.004523482820599881 0
1003 0.0002135150594779847 0.004409716230423319 0
1004 0.0001267315408453877 0.004787772111882615 0
1005 -0.0002436831816811208 0.004901861349458097 0
1006 0.000474766348322146 0.003273997775576906 0
1007 0.0005617508424381776 0.002895306503186887 0
1008 0.0004976460352066055 0.004673978289791943 0
1009 0.0004108720624584361 0.005052083500190765 0
1010 -0.0007260116924367127 0.003994535430381434 0
1011 -0.0008129067731597027 0.004373300697892072 0
1012 0.0008462354628217899 0.003159812565717002 0
1013 0.0009328586367198873 0.002781055437860183 0
1014 0.0007818137969624744 0.004938287206417364 0
1015 0.0008689402203639405 0.004559718747531659 0
1016 0.000694840152650178 0.00531640732214874 0
1017 0.0003242838796261799 0.005430013144315836 0
1018 -0.000835811911758935 0.002972725644299636 0
1019 0.0006484680462140119 0.002516678527090947 0
1020 0.001019424609022852 0.002402561757247993 0
1021 -0.001097671972583015 0.004108557380747148 0
1022 -0.001184683416920938 0.004487677332620709 0
1023 0.0006078669068343727 0.005693972667566815 0
1024 0.0009784996334820184 0.005580985169670762 0
1025 -0.001454372444023575 0.002429591284352501 0
1026 0.00115356872900967 0.004824512402753027 0
1027 0.001253384265664878 0.004431813926132916 0
1028 0.0007590865240318166 0.00353843116265852 0
1029 0.001140810005667642 0.00341938169015236 0
1030 0.0007351187986200584 0.002138625736201742 0
1031 0.001105865167475067 0.002024357970475563 0
1032 0.001390402603502941 0.002288352963358272 0
1033 0.0002378541655438915 0.00580750106724346 0
1034 0.0005209581536743642 0.006071027694334414 0
1035 0.001540559773517945 0.004694798444011361 0
1036 -0.0002903718729032252 0.002102824801229492 0
1037 -4.567964277091578e-05 0.005543946827129142 0
1038 -0.0001319694539610558 0.005921118078910017 0
1039 -0.0004152984287834156 0.005657796977327766 0
1040 -0.0005015794241671786 0.006034777555631638 0
1041 -0.0007852028771903642 0.005771484023262061 0
1042 -0.0008993257908836835 0.004751796556462146 0
1043 -0.001270390839793888 0.004866339818875026 0
1044 0.001440923574431163 0.005087289409668148 0
1045 -0.001010546260522544 0.003729752214954064 0
1046 -0.001382572024953279 0.003843607577188859 0
1047 -0.001295469815442362 0.003464483382804303 0
1048 0.001470831648169307 0.001908512921867502 0
1049 0.001761278059754649 0.002177470276705698 0
1050 0.0003647506703912161 0.002252614168555274 0
1051 -0.000699562543305249 0.005394003475297638 0
1052 -0.001069750008426037 0.005508046002635471 0
1053 -0.001155743102390394 0.005885832516835223 0
1054 -0.001454354765508722 0.005642589609918865 0
1055 -0.001526683554047961 0.006000354413803971 0
1056 0.0009581423478786321 0.004178855114132312 0
1057 0.001374965009536826 0.00403388380349657 0
1058 0.001194930645770182 0.001658167319500021 0
1059 0.001555798440856755 0.001537495911481043 0
1060 0.0003954203246429111 -0.001686377028895967 0
1061 0.001651219132055009 0.002545671215588764 0
1062 -0.001546541021277229 0.004588042857866948 0
1063 -0.001636310181667396 0.004971562052696941 0
1064 0.001537568961479724 -0.0009179294116246836 0
1065 0.001624427626233312 -0.0001278879528320551 0
1066 0.001236413336971463 -0.001242019938681059 0
1067 -0.001656467800007152 0.003589694331960991 0
1068 -0.001568606445167599 0.003238241374820192 0
1069 -0.001755466902682334 0.003955289432998357 0
1070 0.001108501483508538 0.0004745636087758816 0
1071 0.001224474335664581 0.0008303083748305833 0
1072 0.001479270827029278 0.0005415730017849819 0
1073 0.001542397060407503 0.000934002671534164 0
1074 0.0004562211049596305 0.001891158903959302 0
1075 -0.001760520240418674 0.0007130075920913862 0
1076 0.001842585293479554 0.0006177498375477953 0
1077 0.001849907928079284 -0.0006956187506511075 0
1078 0.00208862449662305 0.002498394782797323 0
1079 0.001293465704535609 0.001251582381156378 0
1080 -0.002074726054051057 0.003669453748014874 0
1081 0.001816028147127623 0.004968089595108529 0
1082 0.00190111751905395 0.004586384704466333 0
1083 0.001728538408279777 0.005336502457863275 0
1084 0.002036203378436131 0.005626858310529573 0
1085 0.001819624239961329 0.005942743765564872 0
1086 -0.0002283136390585868 0.006309875781136733 0
1087 -0.0006115597498915978 0.006391083301306416 0
1088 -0.00183614270451121 2.531498288968655e-05 0
1089 -0.001744629417343689 -0.0003305194515443735 0
1090 -0.002037042214960557 -0.0006203483550516584 0
1091 -0.001782727035661735 -0.000923841866864588 0
1092 -0.001259113562789296 0.006318889595704813 0
1093 -0.001615183340444593 0.00636888716022176 0
1094 0.001612972058373405 -0.001284634162164408 0
1095 0.001893748935862514 -0.001491404972369495 0
1096 0.001128703709232096 -0.00166677394244907 0
1097 -0.001890942768956896 0.006137531017049197 0
1098 -0.001371178514658731 -0.0004083138396585076 0
1099 8.631506971715913e-05 0.002007091255066183 0
1100 -5.404021895493751e-06 0.002369888383181098 0
1101 -0.0001994779164872815 0.001751657657758803 0
1102 -0.0005665141601987711 0.001864462797346313 0
1103 -0.00214518075072973 0.0009372218344755379 0
1104 -0.0008095050812887822 0.001558044501956931 0
1105 0.00218003521151032 0.001308893620543909 0
1106 -0.002183302726137456 0.001717463460206056 0
1107 0.0008268227957747626 0.001778368800582479 0
1108 -0.002137514063385116 0.004089819385194766 0
1109 0.002214493032513809 0.0001565261121590942 0
1110 4.063358630877843e-05 0.005166188553627347 0
1111 0.0001482235228186485 0.006196890365044463 0
1112 0.0004471702201891544 0.006445976161918178 0
1113 0.0008195625093106208 0.00633934174382045 0
1114 0.002161252378465158 0.003282299201169638 0
1115 0.001823021403750907 0.003086956521739132 0
1116 0.001824279227602092 0.003479984685230089 0
1117 0.002167230802275386 0.003674595694649927 0
1118 0.001815934412367102 0.003924302819980421 0
1119 0.001484402402574476 0.003672038330238138 0
1120 0.001643747127059384 0.004326855915476633 0
1121 -0.002163808542243094 0.002499838666834647 0
1122 -0.001823201142690824 0.00230434753176368 0
1123 -0.001825863369519496 0.002683275234988818 0
1124 -0.002173984170076338 0.002889218624532418 0
1125 1.387014539735738e-05 -0.001691408212850442 0
1126 -0.00218018396434012 0.005239046746196189 0
1127 -0.001788391587325285 0.00536477220991164 0
1128 -0.0021961110942104 0.004849340793485491 0
1129 -0.0007691116475291549 -0.001669047177127096 0
1130 -0.0005755499747920659 -0.001315232987464672 0
1131 -0.0009600021097838822 -0.001344141285391765 0
1132 -0.001337020473317008 -0.00133246620223052 0
1133 -0.0005281251792946043 0.004637476286203949 0
1134 0.0003005218661270982 0.004031203104391728 0
1135 -0.0008796949198996986 0.006139291278427708 0
1136 0.001347573570833216 0.00545128485249617 0
1137 0.0008934503907857268 0.005958721429050138 0
1138 0.00118699128293886 0.006229932163627177 0
1139 0.001512174610373407 0.006456212491465481 0
1140 -0.001536864357409755 -0.001666563944911707 0
1141 0.0002777913000948764 0.002631511765481171 0
1142 -0.001202538238116484 0.003093054304037793 0
1143 0.0003876255757381745 0.00365259391942383 0
1144 -0.0005517301295197737 0.003237606966777737 0
1145 0.001066203242894785 0.005199794393859035 0
1146 -0.001755536669259592 -0.001287158546482343 0
1147 -0.0006388857239326541 0.00361613739521666 0
1148 -0.0006139520291717233 0.005016128025073618 0
1149 -0.001466215218545123 0.004218513321899167 0
1150 0.001290338265796261 0.002663426299440709 0
1151 0.001205834107997129 0.003039809644649932 0
1152 0.0005849764270947099 0.004295104956734497 0
1153 -0.0009224970132154589 0.003352293318015032 0
1154 -0.000329590373233941 0.005279987534652269 0
1155 0.001252300174175493 0.005832730240621245 0
1156 0.000672269394966357 0.00391648358161646 0
1157 -0.0009842923392403874 0.005130176094232266 0
1158 -0.001119065444421981 0.002708377716992596 0
1159 0.001054326036333281 0.003797848801077868 0
1160 -0.001353742737491196 0.005244809630508714 0
1161 0.0005392386405991046 0.001499695907200227 0
1162 0.001716592969401106 0.0002386935660173479 0
1163 -0.001810038420757764 0.001160696057411459 0
1164 0.0007606797780977123 -0.001696547281082492 0
1165 0.00184701361229628 0.006274247088592134 0
1166 -0.001878490192199664 0.006642511357170458 0
1167 0.002175736186399006 0.004820360372890529 0
1168 0.001501475764165708 0.003269262099282921 0
1169 -0.001500034059066499 0.002858898305382817 0
1170 -0.002171247667642229 -0.00140909453486518 0
1171 0.002148354770911947 0.002068893618551639 0
1172 -0.002170229044302225 0.0001700266276529129 0
1173 -0.001445666275797022 -0.0009799694528693902 0
1174 0.0007240558857574157 0.006699516735597391 0
1175 -0.001822652909903901 0.004317789906978272 0
1176 0.00186288484299832 0.001094331296467676 0
1177 -0.0003927939458786352 0.006668686010570473 0
1178 0.002200448042840885 0.0005212348705756083 0
1179 -0.001858013878675669 0.001554815491337405 0
1180 0.002180584520857782 -0.0005756100345296641 0
1181 -0.0002465942275207667 -0.001055957510570104 0
1182 -0.001098467148121976 -0.0001238367523747098 0
1183 0.001825302508971907 0.00180243373663769 0
1184 -0.0007899021629545443 0.006690795079493666 0
1185 -0.001828362206010421 0.005794467991977281 0
1186 -0.001496541108302444 0.006667171527885891 0
1187 0.002184283715563614 0.00642181182203686 0
1188 0.002214926249863012 0.004456521739130436 0
1189 -0.0008285651966205415 0.001191596035542784 0
1190 0.002190168253973705 -0.001343492889329335 0
1191 0.001507018764901478 0.006106238242623697 0
1192 0.001544371307374808 0.002907720518711604 0
1193 -0.002212096164290822 0.006015806021828758 0
1194 -0.001884935983721171 0.004705989035335661 0
1195 0.000576193756016133 -0.001399752317561222 0
1196 -0.001898322833753794 0.0003526732778410535 0
1197 -0.001872305625040783 0.003070883965006673 0
1198 -0.0001593912440439648 -0.001385444637657907 0
1199 0.0009389004777894967 0.001436583480400929 0
1200 -0.001871769734869669 0.001928924631845678 0
1201 0.001866324812010533 0.001452252992262671 0
1202 0.00186894329806863 -0.001102072968141357 0
1203 0.001612280408088009 0.005670704193480773 0
1204 -0.001621276967697226 -0.0006446143802631534 0
1205 0.001401449183863566 0.0002141512755826948 0
1206 0.0002395669453328507 -0.001387683489043278 0
1207 0.0003846153846153817 0.00675511545249604 0
1208 0.0001961559122555787 0.001704246783862458 0
1209 -0.00012776277379257 0.001421601132471205 0
1210 0.001538461538461537 0.006762116910534143 0
1211 0.001874195061527152 0.002785433590904807 0
1212 -0.00221418443719265 0.006712438380724044 0
1213 0.001929157182372218 1.401288472972989e-05 0
1214 0.002217121363327238 -0.001715325102993082 0
1215 -0.0009649708029693604 0.006433680677826103 0
1216 -0.002219607725646499 -0.001717768963392358 0
1217 0.002228663084823398 0.006728449162701471 0
1218 0.001600279896660482 0.001243695031425561 0
1219 0.0009247819551236572 -0.001404299116646778 0
1220 -0.001935762181594699 0.005043250160417912 0
1221 -0.001606029896543699 0.002100761330275335 0
1222 -0.001228270334900998 -0.000708077603574745 0
1223 -0.001884376952819361 0.003380345777677885 0
1224 0.001072591116557854 0.001067221575153 0
1225 0.001032230819264977 0.000166932488288629 0
1226 0.001968417928436667 0.004283678464534837 0
1227 0.001879518061677632 -0.0003518658977277192 0
1228 -0.0004468727575268174 0.001590690870899049 0
1229 0.001969813535559156 0.0003544860575065544 0
1230 0.001016451819632158 -0.001034123098037408 0
1231 -0.0008243984801525066 -0.001083206027120789 0
1232 0.0006613250580359167 -0.0009322670869511258 0
1233 0.001369074597523801 -0.0002615645249210788 0
1234 -0.0008846826537152177 -0.0007850793734604455 0
1235 0.001899814463556891 -0.001773434947883798 0
1236 0.001028986763616744 -0.0001725894208877525 0
1237 0.0001225577416383277 0.001135849691061544 0
1238 0.0006246970448301834 0.0009111509557045028 0
1239 -0.0003947114152147162 0.0010407684662136 0
1240 0.0025 0.004848451729280236 0.001079386850032961
1241 0.0025 0.006020147792157336 0.001059727913836874
1242 0.0025 -0.0002381426212875095 0.001084669953653513
1243 0.0025 0.001326086956521739 0.0003388795058286929
1244 0.0025 0.002892348985925965 0.001089627185407803
1245 0.0025 0.004057286964776634 0.001087024243206215
1246 0.0025 -0.001018081197701904 0.001059679058433405
1247 0.0025 0.0005525395377522961 0.001087654042957745
1248 0.0025 0.002107836799533704 0.001089517033970954
1249 0.0025 0.004437183464647054 0.0003614424488137144
1250 0.0025 0.005632024550800958 0.0003397696636102058
1251 0.0025 -0.000630540958226523 0.0003385264703381981
1252 0.0025 0.00017405991831253 0.0003593594963395377
1253 0.0025 0.003282608695652174 0.0003388795058286932
1254 0.0025 0.00248927682163478 0.0003454850334108
1255 0.0025 0.006426675610168417 0.0003601359567282722
1256 0.0025 -0.001426675610168418 0.0003601359567282712
1257 0.0025 0.0013271930748799 0.001104562328818752
1258 0.0025 -0.00171834224506628 0.0008917759418820427
1259 0.0025 0.006718342245066278 0.0008917759418820453
1260 0.0025 -0.001024028848355679 0.0003410937217160514
1261 0.0025 -0.001195376316285852 0.0007108278620316317
1262 0.0025 -0.0008225681686685636 0.0006905037973578035
1263 0.0025 -0.0004344485699622389 0.0006839837168214434
1264 0.0025 -0.0006298956042450413 0.0010518884232247
1265 0.0025 -3.406259748480866e-05 0.0007183174365323712
1266 0.0025 0.006025050905543268 0.0003411715100444366
1267 0.0025 0.006196665883318206 0.0007107195587699939
1268 0.0025 0.005825550436633768 0.0006913739685297889
1269 0.0025 0.005438955311479566 0.0006832774432092047
1270 0.0025 0.00524093684044292 0.0003431077131475327
1271 0.0025 0.005047409905342507 0.0006905406111138554
1272 0.0025 0.005242152893698496 0.001058283682570125
1273 0.0025 0.004645507205241785 0.0007197252623392918
1274 0.0025 0.004844448264931217 0.0003524693392357324
1275 0.0025 0.004235872653551092 0.000734700324250119
1276 0.0025 0.004450027005185101 0.001083472779971431
1277 0.0025 0.003841644534530824 0.000729446288661228
1278 0.0025 0.004046449535752493 0.0003568619590412423
1279 0.0025 0.0001592407133077229 0.001075249921805222
1280 0.0025 -0.0002365114099303002 0.0003446069768468299
1281 0.0025 0.000376757263211428 0.0007320316107462117
1282 0.0025 0.0007723599545896949 0.0007582868112442657
1283 0.0025 0.0005664902134896459 0.0003840805750947167
1284 0.0025 0.002891873843076613 0.0003515667675513127
1285 0.0025 0.002695957756083448 0.0006875864837164279
1286 0.0025 0.00230045380324514 0.0006863692575780232
1287 0.0025 0.002499594921998602 0.001056313381266643
1288 0.0025 0.00189443554045003 0.0007423690865378249
1289 0.0025 0.003101096671607519 0.0007472770544109974
1290 0.0025 0.002082005491964698 0.0003715344907663608
1291 0.0025 0.003284213062598412 0.001082100733158677
1292 0.0025 0.001716334543492791 0.001094875187540458
1293 0.0025 0.00563127933319776 0.001062110501357665
1294 0.0025 0.003667278822022795 0.001074412161082095
1295 0.0025 0.0009441210867136966 0.001101144492490065
1296 0.0025 0.001514658619513483 0.0007492143023974898
1297 0.0025 0.003471582518330209 0.0006800619223321239
1298 0.0025 -0.001425547636329547 0.001062598808801566
1299 0.0025 0.006426027087970656 0.001062590316250401
1300 0.0025 0.006727810822928827 0.0005503231113809738
1301 0.0025 -0.001727810822928827 0.0005503231113809719
1302 0.0025 0.001144328506186817 0.0007634990050403572
1303 0.0025 0.001700710487584225 0.0003873528126792107
1304 0.0025 0.0009464718080298665 0.0003741243162013386
1305 0.0025 0.003656030909672349 0.0003407914449901226
1306 0.0025 -0.001750517106713948 0.001182874950136721
1307 0.0025 0.006750612997042169 0.001182873251626489
1308 0.0025 0.006743461224130306 0.0002553054565962818
1309 0.0025 -0.001743461224130304 0.0002553054565962813
1310 0.0025 -0.001498750526155785 0.0007151323361648968
1311 0.0025 0.006499104329890476 0.0007151089770023373
1312 -9.642934420425887e-05 -0.0007941670992784432 0.001109210318375501
1313 -0.0004562728897342159 0.0006571263577833324 0.001093356926610861
1314 0.0002836839096340287 0.0007480129941483318 0.0011092103183755
1315 -0.0007073436896754844 -0.0003737176804437703 0.0003741608118772882
1316 0.0002836839096340285 -0.000748012994148332 0.0003307896816245012
1317 -0.000708364820522657 0.0003717785376348451 0.000330789681624422
1318 -8.248659349083477e-05 0.0007957361132274178 0.0003678006121749279
1319 -0.00079999706396482 2.167405745979186e-06 0.001093383807876769
1320 0.0007392499999997474 -0.000305793128602285 0.0008999999999999987
1321 0.0007392500000000474 0.0003057931286015597 0.0005399999999999987
1322 0.0007393468900902362 0.0003055587932197276 0.0008995691987635035
1323 0.000561112698822805 0.0005702214826010926 0.000611981175805911
1324 0.0005616858081666369 0.0005696569607265341 0.0003490592059263264
1325 0.000286528586683903 0.0007469279543656972 0.0005318622870841369
1326 0.0007393468900902359 -0.0003055587932197285 0.0005404308012364924
1327 0.0005611376231036228 -0.0005701969553913951 0.000828020509324709
1328 0.0005616858081654881 -0.0005696569607276669 0.001090940794073223
1329 0.0002865285866827355 -0.0007469279543661451 0.0009081377129142641
1330 -9.642934420452619e-05 -0.0007941670992784107 0.0003307896816243874
1331 -0.0004544517973849246 0.0006583870927149252 0.0003307896816276354
1332 -0.0005968523515030087 0.000532698104469435 0.0006742428168437522
1333 -0.0007774344612745222 0.0001886681171337476 0.0006745559795163889
1334 -0.0007083592967655905 0.0003717890620846156 0.001051046443537828
1335 -0.000773264834537393 -0.0002050889945069167 0.0007294192948644462
1336 -0.0002770965344326311 0.000750478187961133 0.0007077572605984071
1337 -0.0007057102619829733 -0.0003767930813217292 0.001099966495867266
1338 -0.0005860994214806587 -0.0005445066281874236 0.0007438507429613397
1339 -0.0004509528118641524 -0.0006607885906035413 0.0003671518647600229
1340 -0.0002054327267347694 -0.0007731735864515275 0.0007460724950164779
1341 -0.0007999970352901896 -2.177963936143853e-06 0.0003417051191573884
1342 -0.0004498019113866128 -0.0006615725512088223 0.001102462150444573
1343 -0.0001025524377384235 0.000793399645521667 0.001086078861699627
1344 0.0005851614147993307 -0.0005455145448382158 0.0003196757897276476
1345 0.0005851614147993343 0.000545514544838212 0.001120324210272356
1346 7.311756349393238e-05 0.0007966516314605217 0.0007966607020334767
1347 9.704146449302711e-05 -0.0007940925350165738 0.0006129382146538893
1348 0.0002836839096340278 -0.0007480129941483322 0.001210370757045951
1349 0.0002836839096340285 0.000748012994148332 0.0002296292429531477
1350 0.0007536381748693852 -0.0002683831242450653 0.001160412420796076
1351 0.0007557143679228144 0.0002624800832730382 0.0002591391221756634
1352 0.0007556421751054673 -0.000262687843650745 0.0002593692016088447
1353 0.0007556421751056102 0.0002626878436503341 0.001180630798390844
1354 0.0003448018062685501 0.0007218806787786644 0.0008321600866672871
1355 2.039082033726288e-05 -0.0007997400918085659 0.0008596223253119954
1356 0.000346391883349668 -0.0007211190353537133 0.000614927103709654
1357 -0.0007515651348496675 0.003473747934849527 0.001475
1358 -9.607654866005174e-05 0.003977609670293132 0.001475
1359 -0.0005294348544513194 0.003126847176546261 0.001475
1360 -3.618122899445659e-05 0.001888356083045393 0.001475
1361 0.0007647027925699045 0.001482408946723427 0.001475
1362 0.001143861732354007 0.006425276284109352 0.001475
1363 -0.001149603812918506 0.001120981884222993 0.001475
1364 -0.001747360713106826 0.0001542618111784332 0.0007189835174798697
1365 0.001647374816507228 0.0001315996030149709 0.0007222422228644612
1366 0.001417021995728079 0.0008329368223261048 0.0007204210028551295
1367 -0.001423158642452661 0.0008217417013830508 0.0007143210771553704
1368 -0.001536845881503825 0.00629667892604432 0.0007203468518617647
1369 0.001533149886589266 0.00628513625802022 0.0007204192788138951
1370 -0.0008563698605905091 0.003569397629390363 0.0007119194803003818
1371 0.0006138373447673596 0.001743798764575458 0.0007109325941268938
1372 0.000563491448182289 0.004888099391758156 0.0007091037480404339
1373 0.0004170399592096342 0.005614673774010706 0.0007118022301980649
1374 -4.714245796599731e-05 0.003544157216183685 0.0007202447290468161
1375 0.001119692599474681 0.005378230032917698 0.0007176069128433102
1376 -0.0001114297969069758 0.002546073624304074 0.000722356263274846
1377 -0.0001319858372493665 0.005125952110209333 0.0007133471383688314
1378 0.001171969410947768 0.002238446585637499 0.0007113257471809291
1379 -0.0007467121237146166 0.004587528028356121 0.0007103640308139077
1380 -0.00147767506132714 0.004723433574095743 0.000728021815895027
1381 0.0002003801497206508 0.004242445267140261 0.0007216116760119409
1382 -0.0003923779954876697 0.001777533973858587 0.0007182422463627533
1383 0.0005413773988410253 0.003089962474132733 0.0007171832638198893
1384 -0.000683886853542626 0.006111456090607277 0.0007182847877456868
1385 0.001735385818107714 0.002916979253803091 0.0007215623559049822
1386 -0.001473132193798772 0.003981566910597358 0.0007233084253966321
1387 -0.001736644726667883 0.003286732511014774 0.0007222510377645566
1388 0.001659508249429826 0.004723433574095743 0.0007295728290023069
1389 -0.001452086860351556 0.002083679228929811 0.0007259418660588975
1390 0.0008105094528515828 0.00629940238501757 0.0007365407099123018
1391 0.001672256779075948 -0.000607754486778682 0.0007127922727589161
1392 0.001064315739055823 0.003618082569629588 0.0007210928760376903
1393 -0.001783128311232754 -0.0005759624783540485 0.0007097069450519227
1394 -0.000792732906236894 0.002832993804949291 0.0007246527465168269
1395 -0.001661146000464887 0.005482289049397161 0.0007244460166700118
1396 0.001041517763601155 0.004343129747213383 0.0007447954551101255
1397 -0.0008853319655585156 0.005308933146104563 0.0007056316044315227
1398 0.00129609981724387 0.001536152995273829 0.000743938243657713
1399 -0.001057615659185194 0.001462188145978978 0.000713945834011819
1400 0.001680971950445785 0.003998830196609818 0.0007416717773685394
1401 -0.0007717944269305494 -0.001276246544424059 0.0007115003252861072
1402 -0.001771734565652628 0.001445230370413128 0.0007006967240241209
1403 0.000980226647246593 -0.00122159085465374 0.0007108769712149979
1404 0.00180162125342235 0.005614991073021513 0.0007348297785056628
1405 3.80777025599888e-05 0.006243013105187132 0.0007240955910025825
1406 -0.001505060092249099 -0.00125479922641571 0.000709839284471024
1407 -0.001338708501063838 0.000364548116512006 0.0009457340174388402
1408 0.001802156180072039 -0.001301473241227866 0.0006805055549472972
1409 0.0005312968345545085 0.002399192794978031 0.0006429916434879863
1410 0.001816924387980282 0.001987563582019804 0.0006681539883171283
1411 -0.001425694096242827 0.002725341857675878 0.0008023643720811756
1412 -0.0004356565587381867 0.004038905134485343 0.0006128857566914664
1413 0.0003613565986752501 -0.001383530505303628 0.0008136578176064262
1414 0.00111791907653997 0.002859190256232351 0.0005993276640162652
1415 0.0008023484812946799 0.001154488545170433 0.0008279508007835312
1416 -0.0008419556782660194 0.002211351036305713 0.0006079833833006925
1417 0.001879916417051617 0.001278113477840508 0.0006252945260346798
1418 -0.001327429958553908 -0.0002030375339692964 0.0008726586025079191
1419 0.001319263324470605 0.0003521751626810987 0.0009894279916036349
1420 0.0001208001730036806 0.002024690299834165 0.000882336492706233
1421 9.969676754952093e-05 0.001413433303445528 0.0007983807064598162
1422 -0.0001976002489285721 0.005707646583220908 0.0005619005999551064
1423 0.00194336750188285 0.000617719134361932 0.0008766185875242203
1424 0.0004978429347234312 0.003744265861981259 0.0005798399996060796
1425 -0.001205857472522244 -0.0007358884003195851 0.0006067476856369184
1426 -0.001950146188446614 0.0006662984857373221 0.0008694733609576502
1427 -0.000223895276495472 -0.001435484433124296 0.0008588460378474206
1428 -0.001928203976227634 0.004350586265504805 0.0005904977952565305
1429 -0.001191729527941646 0.005827954872225356 0.000847928057323155
1430 0.001266106475324821 -0.0002006586447480854 0.0009035781465683802
1431 -0.001918916881943309 0.002445794903553054 0.0005832979206965837
1432 -0.001996012724826534 0.006507440576908429 0.0008305596412782697
1433 0.00199249483394425 0.006503694506165593 0.0008291443510473635
1434 -0.0002067468025699898 0.004592041833693418 0.0005553849989214939
1435 -0.0002971416136777087 0.003058795209622597 0.000554703071310119
1436 0.001596632569331986 0.00345576499793721 0.0005448985942628416
1437 -0.001950383008404646 0.005943935296387553 0.0008851467255884116
1438 0.001996170493013651 -0.0002533963764942005 0.0009304446119835099
1439 -0.001068661174035741 0.006482567926354933 0.0009124491122136892
1440 -0.001943718386953416 0.005011625102724794 0.0005694905285607542
1441 -0.001217864268615709 0.003177074313571424 0.0005507159939324016
1442 -0.0009484420040215616 0.004094549756219563 0.0008845689566691354
1443 -0.001977678437253614 -0.001474248339814593 0.0008914145973877036
1444 0.001073898006154141 0.00486603285424009 0.0009157098774701127
1445 -0.001966330201689154 0.003770946940664138 0.0009053123211422908
1446 -0.0005035364960150534 0.001243239720658789 0.0008912344701429999
1447 0.001167805114450733 0.005903459127359735 0.0008921446979457043
1448 0.001248784064277399 0.0003490795131301876 0.0004793270490901543
1449 0.001096782882808491 -0.0007255180662500399 0.000922624685550262
1450 0.000128173033553138 0.004712286088992473 0.0009372899925774479
1451 6.823617081650946e-05 0.002996131363840803 0.0009290226330492924
1452 -0.001986722413975613 -0.001055763830374493 0.0005351651847482592
1453 -0.001998913079341836 0.001909699034748255 0.0005293174901703796
1454 -0.0008217890486185722 0.001014862037906707 0.0005141515182529458
1455 0.001986062729380839 0.005127466297721497 0.0009051908338413335
1456 0.001968354076327474 0.002456424726089513 0.0009160122765244178
1457 -0.002017022156285887 -0.0002166544565778135 0.0009637560204592818
1458 -0.0003782717497130701 0.006490626990400636 0.0005050702943086393
1459 -0.001170477535735132 0.004369829521188839 0.0005050205780973561
1460 0.0008629432209899992 0.005771940345183715 0.000487780887745559
1461 -0.001326144393915047 0.003528122885300073 0.0009294501102659515
1462 0.0004029131368977255 0.006515966399343297 0.0009483286885763474
1463 0.001570629673061827 0.005196053397537259 0.0005036454932068323
1464 0.002027012579052748 0.0001749918429304224 0.0004376313251069753
1465 -0.001291084289123766 0.0001351005705393809 0.0004935699084764087
1466 0.0006110063817075885 0.004432061167049872 0.0004890836472262862
1467 0.0007859985830218661 0.002710722898131242 0.000961373896288083
1468 -0.0004695440608503 0.002261771874312678 0.0009617464129987802
1469 0.0002838509918529898 0.005210733330819806 0.0004539642115686563
1470 0.001998194297096201 0.00436732789186309 0.0005249045190218889
1471 0.001977902582161735 0.003364001134144478 0.000929996240725809
1472 0.001979694015923439 0.006070493109740468 0.0005096818312957883
1473 0.001473861952047024 -0.0002411753814869745 0.0004702754860825534
1474 -0.001023673423684751 0.0007321111313832446 0.0009742018331132057
1475 0.001703835040300349 0.0005379651196296107 0.0004606991908110472
1476 0.0006973900132297944 0.005292122083244362 0.00098330731273051
1477 -0.00198124655868435 0.002852652193224381 0.0009364598596704833
1478 -0.0001143497482563556 0.003960476371605767 0.0009853523932534516
1479 0.001345035813085067 0.003199539545224866 0.0009254834911469694
1480 0.001614162419532145 0.002447173461709452 0.0005362588413742969
1481 0.001052687401790612 0.0008091801380174861 0.001000185558254181
1482 -0.001073270852931521 0.004897236564616528 0.0004697353119440948
1483 -0.0003786546680867147 0.004379200347081335 0.0009684453966469257
1484 0.0006402255892300103 0.004081040536137716 0.0009534149875936195
1485 2.766928734189566e-05 -0.001259789052665146 0.0004765832775871551
1486 0.0002145950893369267 0.002815991047255502 0.0004588593468352893
1487 1.110507684476743e-05 0.00556803243916254 0.000983440442965331
1488 0.001028542973332922 0.001838279037533495 0.0004541417485123127
1489 -0.0001359923256464186 0.002120770472924366 0.0004700793792949984
1490 -0.0004607540820837503 0.00334451252349329 0.00094715170896435
1491 0.001393968793497272 0.002628584301060184 0.000948230251536755
1492 0.0009697212212959151 0.004992304354356228 0.0004516140111075868
1493 -0.0002575715258854075 0.00654171849675444 0.0009785922456563585
1494 0.001181602398109299 0.006516970928717647 0.0009676986464412084
1495 0.00140869073456295 -0.001006962597262852 0.0004997041361896462
1496 0.001358869052190357 -0.001527056148327002 0.0005193410862244011
1497 -0.0005245510574871353 0.004955318201376359 0.0004769046638096369
1498 0.0007721207124428553 0.002127199622083975 0.0009718756825856881
1499 -0.001823204045058383 0.001085838142026121 0.001011527402731467
1500 -0.000832902197543003 0.001844279427742518 0.0009519467240315478
1501 -0.0004482163294494849 0.003581408444071064 0.0004466811280221925
1502 0.001496465072985545 0.005102861311746454 0.0009948321107968929
1503 0.002014516529757494 -0.0009139043954177736 0.0009376609489882095
1504 -0.001990037291393269 -0.0001967568016636443 0.0004716756930356081
1505 0.0003702076464117481 0.003474853045475988 0.00097093663028464
1506 0.0014425948657225 0.005854451234748396 0.0004691780793663038
1507 -0.001066637101812942 0.004868562711600065 0.0009650387606783602
1508 -0.0005027011479346142 0.004927660571314543 0.0009662669434354461
1509 -0.0004613690261078469 0.005421789520093986 0.0009383732724268048
1510 0.0009963487340824521 0.0008830622162902479 0.0004572030774959415
1511 0.001864829702323234 0.006039452718269371 0.0009856884916628547
1512 -0.001073849138134764 0.006278418583201463 0.0004593716134654364
1513 -0.001849793674316831 0.0009874707707457975 0.0004816816400885558
1514 -0.0003014861970070023 0.001234325510098898 0.0004426710496151075
1515 -0.002030029087893076 0.004690884822244706 0.0009571873659389542
1516 -0.00188889109259912 0.002125871504642128 0.0009677267554174182
1517 -0.001143324369055233 -0.0014536945089556 0.0004428290535937712
1518 -0.001146481558166736 -0.001522919744420238 0.0009427341297541293
1519 0.0001901514924140743 0.001765598735118462 0.0004814524014561244
1520 -0.0003331677683190929 0.005916037527551554 0.0009987739278072326
1521 -0.001254152211996143 0.003649198134209014 0.0004463999089342577
1522 -0.001649674208140598 0.004349737873701102 0.0009924838892420458
1523 0.000477238349940584 0.001316008689346357 0.0004708630345059582
1524 0.00199421867140532 0.0001896505155968088 0.00100075013382678
1525 0.0004432836322458543 0.006063341906003107 0.000493509155722936
1526 0.0004681411295797397 0.006024604557023063 0.0009886874062886646
1527 -0.00142461409879749 0.001660186735273687 0.0009787522937592811
1528 0.001462121790961368 0.004356027854758146 0.0009975091606903375
1529 0.0005890339717743427 -0.001107089629075575 0.0004471233501428572
1530 -0.001678701317004882 0.00507769733149937 0.0009935472958858237
1531 0.002042040004252824 0.003697148738455566 0.0005536590207087085
1532 -0.0003868508539125884 0.002842307784198679 0.0009881601434992933
1533 0.002011300689914164 0.004931767771051289 0.0004523105196055856
1534 -0.001030324849333081 0.002478399113485221 0.0009894093393733952
1535 -0.001480072798061129 0.006592758396061235 0.001039825158853429
1536 -0.0006792985211104823 0.005687550762676955 0.0004715325333604171
1537 -0.001326130607524253 0.001191065846858461 0.0009902016993986655
1538 0.001396298203953563 -0.001309427948142551 0.0009598692818241529
1539 0.001560050313710608 0.001211498161654461 0.0009725317609363062
1540 0.001452287287424065 0.001210638856125831 0.0004441252842709496
1541 0.002063311019810943 -0.001571131636545472 0.0009552385790003053
1542 -0.0005171139052546568 0.002537224876931089 0.0004594477963010868
1543 -0.002040351625679454 0.0004340984114063937 0.0004550085294488924
1544 0.002027078814461944 0.003215756414321006 0.0004660542058253273
1545 -1.030171978849296e-05 0.003924654642840233 0.0004437409128308958
1546 -0.001249120528213919 0.005531392753927516 0.0004584740099337162
1547 0.002059030630161706 0.004656085736526975 0.0009978020683549767
1548 0.002017548538476981 0.001628619691976512 0.0009651318795821876
1549 -0.0007640532806780566 0.003207857371888472 0.0004214640228592795
1550 0.002048259182499753 -0.000805030922015654 0.0004532232659413349
1551 -0.001515374678153691 -0.0002846868607782772 0.0004397176060865067
1552 0.001456412404310868 0.004350263738925628 0.0004640646619090858
1553 -0.001634072517918951 0.0001526190526630399 0.001084975191595852
1554 0.0002722859127661823 0.002572176991810286 0.001003402143238066
1555 0.001943117625042997 -0.0002884791839660503 0.0004630634618703483
1556 -0.0009906415427477968 0.003191197520004923 0.0009701273302549293
1557 -0.001249582400820731 0.002434487987265053 0.0004470767735033488
1558 0.0002321476084580429 0.004697938699474125 0.0004439374117977234
1559 -0.002063345767321141 0.0002168064124709686 0.00101760651788549
1560 -0.0008928431736027563 0.00395182729053905 0.0004387823227839599
1561 -0.001422508868768432 0.001680026138193814 0.0004503585110049284
1562 0.002055953356975504 0.002644600779596989 0.000474560590185593
1563 0.001228867785350346 0.006569438941495085 0.0005034953616574764
1564 0.0002758850317448517 0.003356242364629787 0.0004357732478666033
1565 -0.002023694316238848 0.002980963674795653 0.0004614284925614861
1566 -0.002063172491423419 0.003445937546501829 0.0004273742985411508
1567 0.0009691312957630564 -0.0008057111770754426 0.0004617218477390867
1568 -0.002037686059922462 0.005391299860943371 0.00100235372903937
1569 0.001443816909576577 0.001935418606924946 0.0009653683127241487
1570 -0.001692803949197367 0.005902501504475285 0.0004640480228378352
1571 0.0003300427382741878 0.006535803956670215 0.0004676973154755309
1572 0.0009023589393357753 0.003257403803718361 0.000460148921677721
1573 0.0002655245603645694 0.00514850534321417 0.0009383597145643285
1574 0.0009614006736022864 0.00170676487116684 0.001014661278826082
1575 -0.001489917872245539 -0.0008521720596558347 0.0009887070342208689
1576 0.001637600557849679 0.006600364550907642 0.001045462889036235
1577 0.0009002010453021937 0.003985237990771918 0.000444371944409732
1578 -0.001819707195040256 -0.001496162135838908 0.0004376268078166552
1579 0.0006996408018184834 0.00276977610650452 0.0004232857610322353
1580 -0.00158407818479565 0.0004855375096963279 0.000446023081740287
1581 -0.001493083116424897 0.005122239927108811 0.0004616657587577372
1582 -0.0007694552522886211 0.001775840357839821 0.0004239677001968424
1583 -0.000839239541699683 -0.0009310486808543155 0.0004262619318037256
1584 -0.001278388863663756 0.005343762492021371 0.0009804158060928725
1585 0.00088030337770607 0.003244201400002636 0.001011708715475304
1586 -0.001119297121604102 0.0005737191475127777 0.000449812501545457
1587 0.001457709252156896 0.003657028695354834 0.0009840498933821043
1588 0.002082410165336457 -0.001578524673488845 0.0004565302666140356
1589 0.001549318814374579 0.0007307740290606698 0.001081570502338319
1590 -0.00207702630459648 0.006181927018056516 0.0004928978688765705
1591 0.001628465275021858 0.001634653120804605 0.0004428413219351241
1592 -0.00207433597725892 0.005634078567462917 0.0005484487659302198
1593 -0.000592758869026917 0.003774410138954163 0.001022358534157496
1594 0.002064309720997655 0.003869052542065596 0.001003341339190831
1595 -0.001758590468403554 0.00658896033749871 0.0004506983498451826
1596 0.0007870689606528635 -0.001519168118228872 0.0004213446600306017
1597 -0.0004615247890460708 -0.001537865832246495 0.0004534290061407245
1598 0.001750568418792617 0.0065843525799217 0.0004447424378427193
1599 0.001634747575291139 -0.0001081834972256251 0.001052224407014891
1600 0.0009670829316512738 0.001379506233288847 0.0004584939491914749
1601 -0.002045310208446064 0.001686485191715169 0.0009923957278994981
1602 -0.00191797579384223 0.003871295110041689 0.0004351138695499532
1603 0.0007067996635056376 0.005352325694542279 0.0004933953022124069
1604 0.001428161625858466 0.005553131799101922 0.001025748353507384
1605 -0.001965634645231047 -0.0009168881331792327 0.0009942889400502747
1606 -0.001443019844329729 0.001214500561120136 0.0004639882135937903
1607 -0.001552020597437076 0.000737772094134113 0.001082680357001886
1608 -0.001023391942893623 -0.000970602778050783 0.0009852967566880396
1609 0.001071774630136519 0.003957726212473035 0.001022401091016157
1610 -0.0007648496651280004 0.00576013308430479 0.001002336393980592
1611 0.002048904886655269 0.0008598266974786701 0.0004848325712988619
1612 0.0007279256365899402 0.004568320044637975 0.001003670171106074
1613 0.0004964014665219701 0.001430089900499396 0.001014511450475056
1614 -0.001208960090844769 0.004442737050217798 0.001002343887436152
1615 0.002065306369746239 0.001051222489491205 0.0009836149233456984
1616 0.001214759630770262 7.207979666478407e-05 0.001137913840186299
1617 0.001358746702625391 0.003847109851329688 0.0004326561126808473
1618 0.002068558668288607 0.005392235067698363 0.0004264438682250061
1619 0.0006394644336599816 -0.001045596534953935 0.0009785063678273813
1620 0.0005715907053816556 0.002042029881213344 0.0003939048082829673
1621 0.0007658620291597431 -0.001594384215523931 0.0008749189818500125
1622 -0.002118802874231429 0.004214833431603081 0.0009975591596457451
1623 0.001460961505661998 0.003059144758770213 0.0004062611271402825
1624 -0.001457405759057749 0.003111875174282035 0.001023588461247087
1625 0.001425899948195122 0.00202487747628847 0.0004221112732170435
1626 0.000787760858537222 0.005722236205889415 0.001024876118894628
1627 0.001104172512102137 0.006145120452370249 0.0004364610909359131
1628 0.001373545524217498 0.004809709078457531 0.0003977645679990936
1629 -0.001577871854366409 0.00293480091997432 0.0004355875269857983
1630 -0.000617271536675696 0.004348496515008845 0.0003798190572510541
1631 0.0001868051701257998 0.002392709477844241 0.0003846781081902515
1632 -0.001598811185632632 -0.0008595119082233387 0.0004086853386438757
1633 -0.00123499529023647 0.0001092815329530469 0.001135940656121921
1634 -0.0006621912877102832 0.006408165795801811 0.001027162033891757
1635 -0.0008125688171159648 0.006614416322895331 0.000577546349442998
1636 0.0008854078159432966 0.002337611780760029 0.0004047067073463754
1637 -0.001331466051733948 0.006620111414424378 0.0004385941215612236
1638 -0.001683198522930028 -0.0004198462796926302 0.001069692191042206
1639 0.0003525870577120002 -0.001541155604123266 0.000408057082130115
1640 -0.0002184563554268839 0.001562704520618346 0.001052195804971562
1641 0.0001673285333898778 0.00560975884268812 0.0003687586897141965
1642 -0.002059200309611168 0.001506224075567955 0.0003814029387262004
1643 -0.0002827592412761226 0.006088562053792159 0.0003713342620372378
1644 -0.0004052237790878065 0.00536256362485991 0.0004141149163562163
1645 0.001500813975752233 -0.000882300551815493 0.001015613307350253
1646 -0.00157977397566549 0.005778305396370602 0.001024264086320937
1647 0.00207007447795442 0.001661419527586614 0.0004993973551370925
1648 -0.0009011401933279962 0.001140881251541605 0.00101432522502556
1649 0.0007581718375669535 0.003659317969852536 0.00102436436922861
1650 0.002142653376615067 0.006638833651622079 0.0003976790118005528
1651 -0.0004246118506797254 -0.001091524478797273 0.0004934869633708636
1652 -7.718414028692322e-05 0.002333257387534327 0.00107721759365052
1653 0.001149730385888288 -2.773293393562656e-05 0.0005399999999999986
1654 0.001129469271736845 -0.0004397311050830516 0.0005920678015702091
1655 0.001886764561298492 0.004261492341707431 0.001014267943153819
1656 0.001149022192992269 0.001270865502755714 0.001034222748858037
1657 -0.0006263442010282551 -0.001568920996110822 0.001032741804521152
1658 -0.001714007095491352 0.004651983461632058 0.0003838074727560099
1659 0.001992946687563639 0.002049442717415777 0.001057206956832972
1660 -0.002065577338798874 0.003351393733769507 0.001014526340564898
1661 -0.001570801986290325 -0.001591708054072611 0.0009700213234823762
1662 0.001681642536029304 0.0003802646030763512 0.001080314150097347
1663 -0.002146089952965328 0.006642355446949129 0.0003978658396358497
1664 0.002154544163728951 0.006670095804132622 0.001110890612940684
1665 -0.001562119768804714 0.0042477720372406 0.0004091652054915832
1666 -0.001082414349863073 -0.0005435983589218088 0.0009724891103250361
1667 0.002046439024976188 0.005513256077166937 0.001061242964019833
1668 -2.498835416946891e-05 0.003361957322516533 0.001085273903136018
1669 0.0009943245600224251 0.004576872858307929 0.0003998197157128869
1670 3.109895236523408e-05 0.004323301513327012 0.000356960776095264
1671 -0.001168483086909091 0.002018710925093611 0.0004165423969547877
1672 0.002066310158829225 0.002938694549884714 0.00101461403823476
1673 -0.00187179019705553 0.006681637243426677 0.001116822526388487
1674 -0.001752587017608932 0.006306107075013344 0.001070526989468945
1675 0.0004588798862722222 0.001891882414307146 0.001047490114478626
1676 0.0008084587622783221 0.006576230695172274 0.0004051419253766755
1677 0.0007904696995468032 0.006618677577597051 0.001024594992527941
1678 -0.001165751127355324 0.002084895860303004 0.001030743370274496
1679 0.0003973109052228062 0.004095388989126071 0.0003933159310640125
1680 -0.001614005877976345 0.002250585951626537 0.0003847113714742351
1681 -0.001002961735187577 0.002871320788446397 0.0003674620123344379
1682 0.001058276413020145 0.002416898411087491 0.001067699052920596
1683 -0.001545956580222843 0.002377949435853645 0.001024142504849052
1684 0.0002886427909252139 0.003876431038707954 0.001031866757428594
1685 -4.697530660536824e-05 0.004975350192550995 0.0003467296936922902
1686 -0.0007737253423922791 0.004411492417964573 0.00108236174595193
1687 0.002084877870118412 0.002213763647774021 0.0004073751393081707
1688 -0.002132334708784185 0.004645986923839891 0.0003756257733575861
1689 0.0004438366804310884 0.002936953190783021 0.00108663226042277
1690 -0.000120734472123376 0.003362021213477596 0.0003511408425948602
1691 -0.001378543411987963 0.006134937483181831 0.001063904045451278
1692 0.0003604804500603668 0.004400890940549622 0.001061733194066738
1693 -0.001002726692166765 0.003732679282363056 0.001046770448261238
1694 0.001668944302421908 6.646479873041313e-05 0.000342273308415202
1695 0.0005094933111218013 0.004888466420861022 0.001094662649375821
1696 -0.0004823079793404053 -0.00109873971465356 0.001005278169111054
1697 -0.002160174730373705 -0.001657411585194883 0.0003986645532052556
1698 -0.001646488685654156 0.003953013821173588 0.001092933124314192
1699 0.001243868248727269 0.002533960356720335 0.0003853571804613475
1700 -0.0002022215474667681 0.001958911276533384 0.001100618551117005
1701 0.0004368472047037063 0.005569890909836226 0.001098239614947032
1702 -2.38381301680437e-05 0.006646553029928387 0.000652802091285232
1703 -0.000530478626749044 0.002101540611939812 0.0003689386173921233
1704 0.001174728418611352 0.00554940512812997 0.0003538054690836737
1705 -0.001533357080994721 0.003364533227490266 0.0003820231480054123
1706 6.911852185534335e-05 0.005965958082462999 0.001076408853398177
1707 -0.0001881412910886382 0.001627593768985777 0.000393005463133986
1708 -0.0006667700946732025 0.001395466629281374 0.0005448066577549067
1709 0.0009956888434741581 0.0005654222756467315 0.0006934916754467702
1710 0.0006159213025242739 0.0009569286920464921 0.0003904647013229182
1711 0.001652293839068523 -0.001637350442913443 0.0009302227220408369
1712 0.001056746408761159 0.0003972561246502677 0.001159941135589456
1713 -9.042294359041318e-05 0.005204953012319476 0.00109676350250997
1714 0.001100018377516661 0.005227181165717625 0.001089010557059975
1715 0.001504196237246601 -0.0004817529117276511 0.001048192441847134
1716 -0.0009717366820037028 0.006109183444533568 0.001045436706567303
1717 -0.001651249955770036 7.331563639252322e-05 0.0003450965536467781
1718 0.001811632967753626 0.00573886477579232 0.0003495974470327955
1719 0.0006522905450450822 0.004791869590601583 0.0003399786687222582
1720 0.001123287566642446 0.0028981576397056 0.001067310034859898
1721 0.001174154272477999 -0.001649600899969889 0.0008898140364746141
1722 -0.001120327483100007 -0.0003958953320526352 0.0003869729225671357
1723 -0.001469062706470649 0.004723433574095743 0.001117659619228116
1724 -0.002145287668131448 -0.0006761314903315415 0.0005420242980159573
1725 0.001417510447986087 0.006154996619214285 0.001083803681258365
1726 -0.001288696291681517 0.005934740586385736 0.0004690329989842657
1727 -0.0006659827353692686 0.002585410670317864 0.001103224335520237
1728 9.068012533182641e-05 0.001277205423686059 0.000373407233490411
1729 -0.001260548079070264 0.0006202995876736106 0.001153393922104778
1730 3.701342211407619e-06 -0.00165280741663578 0.0005944556293402356
1731 -0.002092263548833316 0.002473086600850746 0.001040427436056635
1732 -0.0008550119072710862 0.003573839810969553 0.0003219123253198481
1733 -2.446429704029647e-05 0.006395719858427331 0.0003377240546028225
1734 -0.0001600175767092073 0.002735400196715235 0.0003844873447975295
1735 -0.001247223552270916 -0.001065052063671799 0.0003668498848974952
1736 -0.002123634305252762 0.000115008919627691 0.0006520940416845141
1737 0.001464971149512981 0.004730520358628482 0.001112549063403937
1738 -0.002147763015757262 0.006233305193990218 0.001082406722843264
1739 0.001706083858401127 0.003106052360994534 0.001074816885318044
1740 0.0007076740212019152 0.001646715973958626 0.0003461134362775671
1741 0.001410056769184175 -0.0006257317014512487 0.0003725856983302487
1742 -0.001472633459405728 -0.001633958764435816 0.0005835881288996738
1743 0.0009479890220257716 0.006231669021792589 0.001095425075419873
1744 -0.0007922128837585449 0.005208436461296842 0.0003356337095583566
1745 0.001362659691013013 0.000705432186519466 0.0003494691693089613
$EndNodes
$Elements
9136
1 2 2 13 1 1 28 2
2 2 2 13 1 2 28 30
3 2 2 13 1 29 3 4
4 2 2 13 1 31 29 4
5 2 2 13 1 28 29 31
6 2 2 13 1 28 31 30
7 2 2 13 2 2 61 1
8 2 2 13 2 61 46 1
9 2 2 13 2 6 5 47
10 2 2 13 2 5 32 47
11 2 2 13 2 32 33 48
12 2 2 13 2 32 48 47
13 2 2 13 2 33 34 49
14 2 2 13 2 33 49 48
15 2 2 13 2 34 35 49
16 2 2 13 2 35 36 51
17 2 2 13 2 49 35 50
18 2 2 13 2 35 51 50
19 2 2 13 2 36 37 52
20 2 2 13 2 36 52 51
21 2 2 13 2 37 38 53
22 2 2 13 2 37 53 52
23 2 2 13 2 38 39 54
24 2 2 13 2 38 54 53
25 2 2 13 2 39 40 55
26 2 2 13 2 39 55 54
27 2 2 13 2 40 41 56
28 2 2 13 2 40 56 55
29 2 2 13 2 41 42 57
30 2 2 13 2 41 57 56
31 2 2 13 2 42 43 58
32 2 2 13 2 42 58 57
33 2 2 13 2 43 44 59
34 2 2 13 2 43 59 58
35 2 2 13 2 44 45 60
36 2 2 13 2 44 60 59
37 2 2 13 2 45 46 61
38 2 2 13 2 45 61 60
39 2 2 13 3 7 4 3
40 2 2 13 3 4 7 8
41 2 2 13 5 30 480 2
42 2 2 13 5 2 524 61
43 2 2 13 5 480 597 2
44 2 2 13 5 2 597 524
45 2 2 13 5 8 474 4
46 2 2 13 5 4 560 31
47 2 2 13 5 474 560 4
48 2 2 13 5 47 591 6
49 2 2 13 5 6 591 113
50 2 2 13 5 114 553 8
51 2 2 13 5 8 553 474
52 2 2 13 5 108 588 14
53 2 2 13 5 14 588 139
54 2 2 13 5 17 477 15
55 2 2 13 5 15 564 124
56 2 2 13 5 477 564 15
57 2 2 13 5 125 557 16
58 2 2 13 5 16 514 141
59 2 2 13 5 16 601 514
60 2 2 13 5 557 601 16
61 2 2 13 5 140 563 17
62 2 2 13 5 17 563 477
63 2 2 13 5 18 522 142
64 2 2 13 5 153 521 18
65 2 2 13 5 521 572 18
66 2 2 13 5 18 572 522
67 2 2 13 5 31 599 30
68 2 2 13 5 30 599 480
69 2 2 13 5 560 599 31
70 2 2 13 5 48 473 47
71 2 2 13 5 473 591 47
72 2 2 13 5 49 530 48
73 2 2 13 5 48 530 473
74 2 2 13 5 50 468 49
75 2 2 13 5 468 530 49
76 2 2 13 5 51 534 50
77 2 2 13 5 50 534 468
78 2 2 13 5 52 460 51
79 2 2 13 5 460 534 51
80 2 2 13 5 53 550 52
81 2 2 13 5 52 550 460
82 2 2 13 5 54 548 53
83 2 2 13 5 548 550 53
84 2 2 13 5 55 464 54
85 2 2 13 5 464 548 54
86 2 2 13 5 56 559 55
87 2 2 13 5 55 559 464
88 2 2 13 5 57 467 56
89 2 2 13 5 467 559 56
90 2 2 13 5 58 547 57
91 2 2 13 5 57 547 467
92 2 2 13 5 59 461 58
93 2 2 13 5 461 547 58
94 2 2 13 5 60 552 59
95 2 2 13 5 59 552 461
96 2 2 13 5 61 471 60
97 2 2 13 5 471 552 60
98 2 2 13 5 61 524 471
99 2 2 13 5 109 529 108
100 2 2 13 5 529 588 108
101 2 2 13 5 110 581 109
102 2 2 13 5 109 581 529
103 2 2 13 5 111 459 110
104 2 2 13 5 459 581 110
105 2 2 13 5 112 555 111
106 2 2 13 5 111 555 459
107 2 2 13 5 113 556 112
108 2 2 13 5 112 556 555
109 2 2 13 5 113 591 556
110 2 2 13 5 115 523 114
111 2 2 13 5 523 553 114
112 2 2 13 5 116 578 115
113 2 2 13 5 115 578 523
114 2 2 13 5 117 519 116
115 2 2 13 5 519 578 116
116 2 2 13 5 118 570 117
117 2 2 13 5 117 570 519
118 2 2 13 5 119 600 118
119 2 2 13 5 118 600 570
120 2 2 13 5 120 568 119
121 2 2 13 5 568 600 119
122 2 2 13 5 121 606 120
123 2 2 13 5 120 606 568
124 2 2 13 5 122 574 121
125 2 2 13 5 574 606 121
126 2 2 13 5 123 520 122
127 2 2 13 5 520 574 122
128 2 2 13 5 124 575 123
129 2 2 13 5 123 575 520
130 2 2 13 5 564 575 124
131 2 2 13 5 126 470 125
132 2 2 13 5 470 557 125
133 2 2 13 5 127 549 126
134 2 2 13 5 126 549 470
135 2 2 13 5 128 465 127
136 2 2 13 5 465 549 127
137 2 2 13 5 129 551 128
138 2 2 13 5 128 551 465
139 2 2 13 5 130 554 129
140 2 2 13 5 129 554 551
141 2 2 13 5 131 462 130
142 2 2 13 5 462 554 130
143 2 2 13 5 132 580 131
144 2 2 13 5 131 580 462
145 2 2 13 5 133 546 132
146 2 2 13 5 546 580 132
147 2 2 13 5 134 463 133
148 2 2 13 5 463 546 133
149 2 2 13 5 135 533 134
150 2 2 13 5 134 533 463
151 2 2 13 5 136 532 135
152 2 2 13 5 532 533 135
153 2 2 13 5 137 466 136
154 2 2 13 5 466 532 136
155 2 2 13 5 138 526 137
156 2 2 13 5 137 526 466
157 2 2 13 5 139 472 138
158 2 2 13 5 472 526 138
159 2 2 13 5 139 588 472
160 2 2 13 5 141 579 140
161 2 2 13 5 140 579 563
162 2 2 13 5 514 579 141
163 2 2 13 5 142 571 143
164 2 2 13 5 522 595 142
165 2 2 13 5 142 595 571
166 2 2 13 5 143 605 144
167 2 2 13 5 143 571 479
168 2 2 13 5 479 605 143
169 2 2 13 5 144 469 145
170 2 2 13 5 144 475 469
171 2 2 13 5 144 605 475
172 2 2 13 5 145 478 146
173 2 2 13 5 469 592 145
174 2 2 13 5 145 592 478
175 2 2 13 5 146 590 147
176 2 2 13 5 478 597 146
177 2 2 13 5 146 597 590
178 2 2 13 5 147 589 148
179 2 2 13 5 147 562 561
180 2 2 13 5 561 589 147
181 2 2 13 5 147 590 562
182 2 2 13 5 148 523 149
183 2 2 13 5 148 589 523
184 2 2 13 5 149 519 150
185 2 2 13 5 149 578 519
186 2 2 13 5 523 578 149
187 2 2 13 5 150 516 151
188 2 2 13 5 150 570 516
189 2 2 13 5 519 570 150
190 2 2 13 5 151 518 152
191 2 2 13 5 516 568 151
192 2 2 13 5 151 568 518
193 2 2 13 5 152 520 153
194 2 2 13 5 518 574 152
195 2 2 13 5 152 574 520
196 2 2 13 5 520 575 153
197 2 2 13 5 153 575 521
198 2 2 13 5 555 569 459
199 2 2 13 5 459 569 566
200 2 2 13 5 566 581 459
201 2 2 13 5 460 558 534
202 2 2 13 5 550 586 460
203 2 2 13 5 460 586 558
204 2 2 13 5 461 576 547
205 2 2 13 5 552 598 461
206 2 2 13 5 461 598 576
207 2 2 13 5 540 545 462
208 2 2 13 5 462 580 540
209 2 2 13 5 545 584 462
210 2 2 13 5 462 584 554
211 2 2 13 5 533 593 463
212 2 2 13 5 463 565 546
213 2 2 13 5 463 593 565
214 2 2 13 5 464 573 548
215 2 2 13 5 559 603 464
216 2 2 13 5 464 603 573
217 2 2 13 5 465 583 549
218 2 2 13 5 551 604 465
219 2 2 13 5 465 604 583
220 2 2 13 5 526 527 466
221 2 2 13 5 527 567 466
222 2 2 13 5 466 567 532
223 2 2 13 5 543 559 467
224 2 2 13 5 467 594 543
225 2 2 13 5 547 594 467
226 2 2 13 5 468 582 530
227 2 2 13 5 534 582 468
228 2 2 13 5 475 476 469
229 2 2 13 5 476 481 469
230 2 2 13 5 481 592 469
231 2 2 13 5 549 602 470
232 2 2 13 5 470 585 557
233 2 2 13 5 470 602 585
234 2 2 13 5 524 577 471
235 2 2 13 5 525 552 471
236 2 2 13 5 471 577 525
237 2 2 13 5 472 528 526
238 2 2 13 5 472 529 528
239 2 2 13 5 472 588 529
240 2 2 13 5 530 587 473
241 2 2 13 5 473 587 556
242 2 2 13 5 556 591 473
243 2 2 13 5 553 589 474
244 2 2 13 5 474 561 560
245 2 2 13 5 474 589 561
246 2 2 13 5 475 538 476
247 2 2 13 5 479 585 475
248 2 2 13 5 475 605 479
249 2 2 13 5 475 585 538
250 2 2 13 5 476 482 481
251 2 2 13 5 476 483 482
252 2 2 13 5 476 538 483
253 2 2 13 5 563 572 477
254 2 2 13 5 477 572 564
255 2 2 13 5 478 577 524
256 2 2 13 5 524 597 478
257 2 2 13 5 478 592 577
258 2 2 13 5 557 585 479
259 2 2 13 5 479 601 557
260 2 2 13 5 571 601 479
261 2 2 13 5 562 590 480
262 2 2 13 5 480 599 562
263 2 2 13 5 590 597 480
264 2 2 13 5 482 525 481
265 2 2 13 5 525 577 481
266 2 2 13 5 577 592 481
267 2 2 13 5 483 484 482
268 2 2 13 5 484 537 482
269 2 2 13 5 482 537 525
270 2 2 13 5 483 485 484
271 2 2 13 5 483 515 485
272 2 2 13 5 483 538 515
273 2 2 13 5 485 486 484
274 2 2 13 5 486 487 484
275 2 2 13 5 487 537 484
276 2 2 13 5 485 541 486
277 2 2 13 5 515 583 485
278 2 2 13 5 485 583 541
279 2 2 13 5 486 488 487
280 2 2 13 5 486 489 488
281 2 2 13 5 486 541 489
282 2 2 13 5 488 517 487
283 2 2 13 5 517 576 487
284 2 2 13 5 487 576 537
285 2 2 13 5 489 490 488
286 2 2 13 5 490 542 488
287 2 2 13 5 488 542 517
288 2 2 13 5 489 491 490
289 2 2 13 5 489 508 491
290 2 2 13 5 489 541 508
291 2 2 13 5 491 492 490
292 2 2 13 5 492 493 490
293 2 2 13 5 493 542 490
294 2 2 13 5 491 545 492
295 2 2 13 5 508 584 491
296 2 2 13 5 491 584 545
297 2 2 13 5 492 494 493
298 2 2 13 5 492 495 494
299 2 2 13 5 492 545 495
300 2 2 13 5 494 544 493
301 2 2 13 5 493 543 542
302 2 2 13 5 493 544 543
303 2 2 13 5 495 496 494
304 2 2 13 5 496 497 494
305 2 2 13 5 497 544 494
306 2 2 13 5 495 539 496
307 2 2 13 5 495 540 539
308 2 2 13 5 495 545 540
309 2 2 13 5 496 498 497
310 2 2 13 5 496 499 498
311 2 2 13 5 496 539 499
312 2 2 13 5 498 505 497
313 2 2 13 5 505 573 497
314 2 2 13 5 497 573 544
315 2 2 13 5 499 500 498
316 2 2 13 5 500 536 498
317 2 2 13 5 498 536 505
318 2 2 13 5 499 501 500
319 2 2 13 5 499 565 501
320 2 2 13 5 539 565 499
321 2 2 13 5 501 502 500
322 2 2 13 5 502 503 500
323 2 2 13 5 503 536 500
324 2 2 13 5 501 535 502
325 2 2 13 5 501 593 535
326 2 2 13 5 565 593 501
327 2 2 13 5 502 504 503
328 2 2 13 5 502 506 504
329 2 2 13 5 502 535 506
330 2 2 13 5 504 531 503
331 2 2 13 5 531 558 503
332 2 2 13 5 503 558 536
333 2 2 13 5 506 507 504
334 2 2 13 5 507 509 504
335 2 2 13 5 509 531 504
336 2 2 13 5 536 586 505
337 2 2 13 5 505 550 548
338 2 2 13 5 548 573 505
339 2 2 13 5 505 586 550
340 2 2 13 5 506 596 507
341 2 2 13 5 535 567 506
342 2 2 13 5 567 596 506
343 2 2 13 5 507 510 509
344 2 2 13 5 507 511 510
345 2 2 13 5 507 596 511
346 2 2 13 5 541 604 508
347 2 2 13 5 551 554 508
348 2 2 13 5 508 604 551
349 2 2 13 5 554 584 508
350 2 2 13 5 510 512 509
351 2 2 13 5 512 582 509
352 2 2 13 5 509 582 531
353 2 2 13 5 511 569 510
354 2 2 13 5 510 513 512
355 2 2 13 5 510 569 513
356 2 2 13 5 527 528 511
357 2 2 13 5 511 596 527
358 2 2 13 5 528 566 511
359 2 2 13 5 566 569 511
360 2 2 13 5 513 587 512
361 2 2 13 5 530 582 512
362 2 2 13 5 512 587 530
363 2 2 13 5 555 556 513
364 2 2 13 5 513 569 555
365 2 2 13 5 556 587 513
366 2 2 13 5 571 595 514
367 2 2 13 5 514 601 571
368 2 2 13 5 514 595 579
369 2 2 13 5 538 602 515
370 2 2 13 5 549 583 515
371 2 2 13 5 515 602 549
372 2 2 13 5 516 600 568
373 2 2 13 5 570 600 516
374 2 2 13 5 542 594 517
375 2 2 13 5 547 576 517
376 2 2 13 5 517 594 547
377 2 2 13 5 568 606 518
378 2 2 13 5 518 606 574
379 2 2 13 5 564 572 521
380 2 2 13 5 521 575 564
381 2 2 13 5 522 572 563
382 2 2 13 5 563 579 522
383 2 2 13 5 579 595 522
384 2 2 13 5 523 589 553
385 2 2 13 5 537 598 525
386 2 2 13 5 525 598 552
387 2 2 13 5 526 528 527
388 2 2 13 5 527 596 567
389 2 2 13 5 529 566 528
390 2 2 13 5 529 581 566
391 2 2 13 5 534 558 531
392 2 2 13 5 531 582 534
393 2 2 13 5 532 535 533
394 2 2 13 5 532 567 535
395 2 2 13 5 535 593 533
396 2 2 13 5 558 586 536
397 2 2 13 5 576 598 537
398 2 2 13 5 585 602 538
399 2 2 13 5 540 546 539
400 2 2 13 5 546 565 539
401 2 2 13 5 540 580 546
402 2 2 13 5 583 604 541
403 2 2 13 5 543 594 542
404 2 2 13 5 544 603 543
405 2 2 13 5 543 603 559
406 2 2 13 5 573 603 544
407 2 2 13 5 561 562 560
408 2 2 13 5 562 599 560
409 2 2 12 6 5 6 113
410 2 2 12 6 67 5 113
411 2 2 12 6 9 108 14
412 2 2 12 6 62 108 9
413 2 2 12 6 108 62 63
414 2 2 12 6 64 110 63
415 2 2 12 6 108 63 109
416 2 2 12 6 63 110 109
417 2 2 12 6 65 111 64
418 2 2 12 6 64 111 110
419 2 2 12 6 66 112 65
420 2 2 12 6 65 112 111
421 2 2 12 6 112 66 67
422 2 2 12 6 112 67 113
423 2 2 13 7 8 7 114
424 2 2 13 7 7 68 114
425 2 2 13 7 78 10 15
426 2 2 13 7 124 78 15
427 2 2 13 7 68 69 115
428 2 2 13 7 68 115 114
429 2 2 13 7 69 70 116
430 2 2 13 7 115 69 116
431 2 2 13 7 70 71 117
432 2 2 13 7 70 117 116
433 2 2 13 7 71 72 118
434 2 2 13 7 117 71 118
435 2 2 13 7 72 73 119
436 2 2 13 7 118 72 119
437 2 2 13 7 73 74 119
438 2 2 13 7 120 74 75
439 2 2 13 7 119 74 120
440 2 2 13 7 75 76 121
441 2 2 13 7 120 75 121
442 2 2 13 7 122 76 77
443 2 2 13 7 121 76 122
444 2 2 13 7 77 78 123
445 2 2 13 7 122 77 123
446 2 2 13 7 123 78 124
447 2 2 13 8 139 9 14
448 2 2 13 8 93 9 139
449 2 2 13 8 79 16 11
450 2 2 13 8 16 79 125
451 2 2 13 8 80 126 79
452 2 2 13 8 79 126 125
453 2 2 13 8 80 81 127
454 2 2 13 8 80 127 126
455 2 2 13 8 82 128 81
456 2 2 13 8 81 128 127
457 2 2 13 8 83 129 82
458 2 2 13 8 82 129 128
459 2 2 13 8 83 84 130
460 2 2 13 8 83 130 129
461 2 2 13 8 131 84 85
462 2 2 13 8 84 131 130
463 2 2 13 8 86 131 85
464 2 2 13 8 86 87 133
465 2 2 13 8 131 86 132
466 2 2 13 8 86 133 132
467 2 2 13 8 87 88 134
468 2 2 13 8 87 134 133
469 2 2 13 8 88 89 135
470 2 2 13 8 88 135 134
471 2 2 13 8 89 90 136
472 2 2 13 8 89 136 135
473 2 2 13 8 90 91 137
474 2 2 13 8 90 137 136
475 2 2 13 8 91 92 138
476 2 2 13 8 91 138 137
477 2 2 13 8 92 93 139
478 2 2 13 8 92 139 138
479 2 2 13 9 12 15 10
480 2 2 13 9 12 17 15
481 2 2 13 10 95 11 16
482 2 2 13 10 17 12 140
483 2 2 13 10 12 94 140
484 2 2 13 10 141 95 16
485 2 2 13 10 94 95 141
486 2 2 13 10 94 141 140
487 2 2 11 11 13 18 96
488 2 2 11 11 153 18 13
489 2 2 11 11 153 13 107
490 2 2 11 11 18 142 96
491 2 2 11 11 96 142 97
492 2 2 11 11 97 143 98
493 2 2 11 11 142 143 97
494 2 2 11 11 98 145 99
495 2 2 11 11 143 144 98
496 2 2 11 11 98 144 145
497 2 2 11 11 99 146 100
498 2 2 11 11 145 146 99
499 2 2 11 11 100 147 101
500 2 2 11 11 100 146 147
501 2 2 11 11 101 148 102
502 2 2 11 11 147 148 101
503 2 2 11 11 102 148 103
504 2 2 11 11 103 149 104
505 2 2 11 11 148 149 103
506 2 2 11 11 104 151 105
507 2 2 11 11 149 150 104
508 2 2 11 11 104 150 151
509 2 2 11 11 151 106 105
510 2 2 11 11 106 152 107
511 2 2 11 11 151 152 106
512 2 2 11 11 152 153 107
513 2 2 13 12 156 19 673
514 2 2 13 12 19 157 673
515 2 2 13 12 20 154 676
516 2 2 13 12 182 20 676
517 2 2 13 12 178 21 674
518 2 2 13 12 21 181 674
519 2 2 13 12 179 22 675
520 2 2 13 12 22 203 675
521 2 2 13 12 154 155 668
522 2 2 13 12 154 668 676
523 2 2 13 12 155 156 625
524 2 2 13 12 155 625 668
525 2 2 13 12 625 156 673
526 2 2 13 12 157 158 665
527 2 2 13 12 157 665 673
528 2 2 13 12 158 159 612
529 2 2 13 12 158 612 665
530 2 2 13 12 159 160 631
531 2 2 13 12 612 159 631
532 2 2 13 12 160 161 609
533 2 2 13 12 160 609 631
534 2 2 13 12 161 162 646
535 2 2 13 12 609 161 646
536 2 2 13 12 162 163 615
537 2 2 13 12 162 615 646
538 2 2 13 12 163 164 662
539 2 2 13 12 615 163 662
540 2 2 13 12 164 165 624
541 2 2 13 12 164 624 662
542 2 2 13 12 165 166 659
543 2 2 13 12 624 165 659
544 2 2 13 12 166 167 614
545 2 2 13 12 166 614 659
546 2 2 13 12 167 168 654
547 2 2 13 12 614 167 654
548 2 2 13 12 168 169 611
549 2 2 13 12 168 611 654
550 2 2 13 12 169 170 658
551 2 2 13 12 611 169 658
552 2 2 13 12 170 171 661
553 2 2 13 12 658 170 661
554 2 2 13 12 171 172 613
555 2 2 13 12 171 613 661
556 2 2 13 12 172 173 643
557 2 2 13 12 613 172 643
558 2 2 13 12 173 174 607
559 2 2 13 12 173 607 643
560 2 2 13 12 174 175 639
561 2 2 13 12 607 174 639
562 2 2 13 12 175 176 660
563 2 2 13 12 639 175 660
564 2 2 13 12 176 177 608
565 2 2 13 12 176 608 660
566 2 2 13 12 177 178 666
567 2 2 13 12 608 177 666
568 2 2 13 12 666 178 674
569 2 2 13 12 180 179 667
570 2 2 13 12 667 179 675
571 2 2 13 12 181 180 626
572 2 2 13 12 626 180 667
573 2 2 13 12 181 626 674
574 2 2 13 12 183 182 623
575 2 2 13 12 623 182 676
576 2 2 13 12 184 183 627
577 2 2 13 12 183 623 627
578 2 2 13 12 185 184 618
579 2 2 13 12 618 184 627
580 2 2 13 12 186 185 647
581 2 2 13 12 185 618 647
582 2 2 13 12 187 186 619
583 2 2 13 12 619 186 647
584 2 2 13 12 188 187 650
585 2 2 13 12 187 619 650
586 2 2 13 12 189 188 671
587 2 2 13 12 188 650 671
588 2 2 13 12 190 189 610
589 2 2 13 12 610 189 671
590 2 2 13 12 191 190 670
591 2 2 13 12 190 610 670
592 2 2 13 12 192 191 657
593 2 2 13 12 657 191 670
594 2 2 13 12 193 192 621
595 2 2 13 12 621 192 657
596 2 2 13 12 194 193 651
597 2 2 13 12 193 621 651
598 2 2 13 12 195 194 620
599 2 2 13 12 620 194 651
600 2 2 13 12 196 195 672
601 2 2 13 12 195 620 672
602 2 2 13 12 197 196 645
603 2 2 13 12 645 196 672
604 2 2 13 12 198 197 616
605 2 2 13 12 616 197 645
606 2 2 13 12 199 198 641
607 2 2 13 12 198 616 641
608 2 2 13 12 200 199 637
609 2 2 13 12 637 199 641
610 2 2 13 12 201 200 617
611 2 2 13 12 617 200 637
612 2 2 13 12 202 201 633
613 2 2 13 12 201 617 633
614 2 2 13 12 203 202 622
615 2 2 13 12 622 202 633
616 2 2 13 12 203 622 675
617 2 2 13 12 638 607 639
618 2 2 13 12 607 638 640
619 2 2 13 12 607 640 643
620 2 2 13 12 608 634 635
621 2 2 13 12 634 608 666
622 2 2 13 12 608 635 660
623 2 2 13 12 609 630 631
624 2 2 13 12 630 609 632
625 2 2 13 12 632 609 646
626 2 2 13 12 663 610 669
627 2 2 13 12 610 663 670
628 2 2 13 12 669 610 671
629 2 2 13 12 611 652 654
630 2 2 13 12 652 611 656
631 2 2 13 12 656 611 658
632 2 2 13 12 628 612 629
633 2 2 13 12 612 628 665
634 2 2 13 12 629 612 631
635 2 2 13 12 642 613 643
636 2 2 13 12 613 642 644
637 2 2 13 12 613 644 661
638 2 2 13 12 653 614 654
639 2 2 13 12 614 653 655
640 2 2 13 12 614 655 659
641 2 2 13 12 646 615 648
642 2 2 13 12 648 615 649
643 2 2 13 12 649 615 662
644 2 2 13 12 616 640 641
645 2 2 13 12 640 616 642
646 2 2 13 12 642 616 645
647 2 2 13 12 633 617 635
648 2 2 13 12 635 617 636
649 2 2 13 12 636 617 637
650 2 2 13 12 618 627 629
651 2 2 13 12 618 629 630
652 2 2 13 12 618 630 647
653 2 2 13 12 632 619 647
654 2 2 13 12 619 632 648
655 2 2 13 12 619 648 650
656 2 2 13 12 620 651 656
657 2 2 13 12 620 656 664
658 2 2 13 12 620 664 672
659 2 2 13 12 651 621 652
660 2 2 13 12 652 621 653
661 2 2 13 12 653 621 657
662 2 2 13 12 622 633 634
663 2 2 13 12 622 634 678
664 2 2 13 12 622 667 675
665 2 2 13 12 667 622 678
666 2 2 13 12 627 623 628
667 2 2 13 12 628 623 677
668 2 2 13 12 668 623 676
669 2 2 13 12 623 668 677
670 2 2 13 12 624 659 663
671 2 2 13 12 662 624 669
672 2 2 13 12 624 663 669
673 2 2 13 12 665 625 673
674 2 2 13 12 625 665 677
675 2 2 13 12 668 625 677
676 2 2 13 12 626 666 674
677 2 2 13 12 666 626 678
678 2 2 13 12 626 667 678
679 2 2 13 12 627 628 629
680 2 2 13 12 665 628 677
681 2 2 13 12 630 629 631
682 2 2 13 12 630 632 647
683 2 2 13 12 632 646 648
684 2 2 13 12 634 633 635
685 2 2 13 12 634 666 678
686 2 2 13 12 635 636 660
687 2 2 13 12 636 637 638
688 2 2 13 12 636 638 639
689 2 2 13 12 636 639 660
690 2 2 13 12 638 637 641
691 2 2 13 12 640 638 641
692 2 2 13 12 640 642 643
693 2 2 13 12 644 642 645
694 2 2 13 12 644 645 672
695 2 2 13 12 661 644 664
696 2 2 13 12 664 644 672
697 2 2 13 12 648 649 650
698 2 2 13 12 650 649 671
699 2 2 13 12 649 662 669
700 2 2 13 12 649 669 671
701 2 2 13 12 651 652 656
702 2 2 13 12 652 653 654
703 2 2 13 12 655 653 657
704 2 2 13 12 655 657 670
705 2 2 13 12 659 655 663
706 2 2 13 12 663 655 670
707 2 2 13 12 656 658 664
708 2 2 13 12 658 661 664
709 2 2 13 13 19 156 717
710 2 2 13 13 219 19 717
711 2 2 13 13 154 20 716
712 2 2 13 13 20 204 716
713 2 2 13 13 215 23 715
714 2 2 13 13 23 216 715
715 2 2 13 13 218 24 718
716 2 2 13 13 24 230 718
717 2 2 13 13 155 154 691
718 2 2 13 13 691 154 716
719 2 2 13 13 156 155 714
720 2 2 13 13 155 691 714
721 2 2 13 13 156 714 717
722 2 2 13 13 204 205 712
723 2 2 13 13 204 712 716
724 2 2 13 13 205 206 681
725 2 2 13 13 205 681 712
726 2 2 13 13 206 207 696
727 2 2 13 13 681 206 696
728 2 2 13 13 207 208 680
729 2 2 13 13 207 680 696
730 2 2 13 13 208 209 705
731 2 2 13 13 680 208 705
732 2 2 13 13 209 210 682
733 2 2 13 13 209 682 705
734 2 2 13 13 210 211 704
735 2 2 13 13 682 210 704
736 2 2 13 13 211 212 683
737 2 2 13 13 211 683 704
738 2 2 13 13 212 213 702
739 2 2 13 13 683 212 702
740 2 2 13 13 213 214 679
741 2 2 13 13 213 679 702
742 2 2 13 13 214 215 711
743 2 2 13 13 679 214 711
744 2 2 13 13 711 215 715
745 2 2 13 13 216 217 690
746 2 2 13 13 216 690 715
747 2 2 13 13 217 218 713
748 2 2 13 13 690 217 713
749 2 2 13 13 713 218 718
750 2 2 13 13 220 219 689
751 2 2 13 13 689 219 717
752 2 2 13 13 221 220 692
753 2 2 13 13 220 689 692
754 2 2 13 13 222 221 685
755 2 2 13 13 685 221 692
756 2 2 13 13 223 222 708
757 2 2 13 13 222 685 708
758 2 2 13 13 224 223 686
759 2 2 13 13 686 223 708
760 2 2 13 13 225 224 709
761 2 2 13 13 224 686 709
762 2 2 13 13 226 225 687
763 2 2 13 13 687 225 709
764 2 2 13 13 227 226 706
765 2 2 13 13 226 687 706
766 2 2 13 13 228 227 684
767 2 2 13 13 684 227 706
768 2 2 13 13 229 228 698
769 2 2 13 13 228 684 698
770 2 2 13 13 230 229 688
771 2 2 13 13 688 229 698
772 2 2 13 13 230 688 718
773 2 2 13 13 679 699 700
774 2 2 13 13 699 679 711
775 2 2 13 13 679 700 702
776 2 2 13 13 680 695 696
777 2 2 13 13 695 680 697
778 2 2 13 13 697 680 705
779 2 2 13 13 693 681 694
780 2 2 13 13 681 693 712
781 2 2 13 13 694 681 696
782 2 2 13 13 682 704 707
783 2 2 13 13 705 682 710
784 2 2 13 13 682 707 710
785 2 2 13 13 701 683 702
786 2 2 13 13 683 701 703
787 2 2 13 13 683 703 704
788 2 2 13 13 698 684 700
789 2 2 13 13 700 684 701
790 2 2 13 13 701 684 706
791 2 2 13 13 685 692 694
792 2 2 13 13 685 694 695
793 2 2 13 13 685 695 708
794 2 2 13 13 697 686 708
795 2 2 13 13 686 697 710
796 2 2 13 13 709 686 710
797 2 2 13 13 687 703 706
798 2 2 13 13 703 687 707
799 2 2 13 13 707 687 709
800 2 2 13 13 688 698 699
801 2 2 13 13 688 699 720
802 2 2 13 13 688 713 718
803 2 2 13 13 713 688 720
804 2 2 13 13 692 689 693
805 2 2 13 13 693 689 719
806 2 2 13 13 714 689 717
807 2 2 13 13 689 714 719
808 2 2 13 13 690 711 715
809 2 2 13 13 711 690 720
810 2 2 13 13 690 713 720
811 2 2 13 13 712 691 716
812 2 2 13 13 691 712 719
813 2 2 13 13 714 691 719
814 2 2 13 13 692 693 694
815 2 2 13 13 712 693 719
816 2 2 13 13 695 694 696
817 2 2 13 13 695 697 708
818 2 2 13 13 697 705 710
819 2 2 13 13 699 698 700
820 2 2 13 13 699 711 720
821 2 2 13 13 700 701 702
822 2 2 13 13 703 701 706
823 2 2 13 13 704 703 707
824 2 2 13 13 707 709 710
825 2 2 13 14 1 722 28
826 2 2 13 14 46 871 1
827 2 2 13 14 1 871 722
828 2 2 13 14 3 724 7
829 2 2 13 14 29 827 3
830 2 2 13 14 3 827 724
831 2 2 13 14 5 868 32
832 2 2 13 14 233 868 5
833 2 2 13 14 7 763 68
834 2 2 13 14 724 763 7
835 2 2 13 14 93 867 9
836 2 2 13 14 9 867 234
837 2 2 13 14 10 723 12
838 2 2 13 14 78 765 10
839 2 2 13 14 10 765 723
840 2 2 13 14 11 866 79
841 2 2 13 14 95 721 11
842 2 2 13 14 721 866 11
843 2 2 13 14 12 820 94
844 2 2 13 14 723 820 12
845 2 2 13 14 19 860 157
846 2 2 13 14 219 860 19
847 2 2 13 14 178 870 21
848 2 2 13 14 21 870 231
849 2 2 13 14 24 861 230
850 2 2 13 14 237 861 24
851 2 2 13 14 236 869 25
852 2 2 13 14 25 869 258
853 2 2 13 14 28 773 29
854 2 2 13 14 722 773 28
855 2 2 13 14 773 827 29
856 2 2 13 14 32 814 33
857 2 2 13 14 32 868 814
858 2 2 13 14 33 726 34
859 2 2 13 14 33 814 726
860 2 2 13 14 34 809 35
861 2 2 13 14 726 809 34
862 2 2 13 14 35 727 36
863 2 2 13 14 35 809 727
864 2 2 13 14 36 805 37
865 2 2 13 14 727 805 36
866 2 2 13 14 37 729 38
867 2 2 13 14 37 805 729
868 2 2 13 14 38 807 39
869 2 2 13 14 729 807 38
870 2 2 13 14 39 732 40
871 2 2 13 14 39 807 732
872 2 2 13 14 40 845 41
873 2 2 13 14 732 845 40
874 2 2 13 14 41 733 42
875 2 2 13 14 41 845 733
876 2 2 13 14 42 852 43
877 2 2 13 14 733 852 42
878 2 2 13 14 43 735 44
879 2 2 13 14 43 852 735
880 2 2 13 14 44 853 45
881 2 2 13 14 735 853 44
882 2 2 13 14 45 737 46
883 2 2 13 14 45 853 737
884 2 2 13 14 737 871 46
885 2 2 13 14 68 770 69
886 2 2 13 14 763 781 68
887 2 2 13 14 68 781 770
888 2 2 13 14 69 739 70
889 2 2 13 14 69 770 739
890 2 2 13 14 70 873 71
891 2 2 13 14 739 873 70
892 2 2 13 14 71 840 72
893 2 2 13 14 775 840 71
894 2 2 13 14 71 873 775
895 2 2 13 14 73 72 224
896 2 2 13 14 224 72 223
897 2 2 13 14 72 840 223
898 2 2 13 14 74 73 225
899 2 2 13 14 225 73 224
900 2 2 13 14 74 841 75
901 2 2 13 14 226 74 225
902 2 2 13 14 226 841 74
903 2 2 13 14 75 874 76
904 2 2 13 14 75 841 776
905 2 2 13 14 776 874 75
906 2 2 13 14 76 740 77
907 2 2 13 14 76 874 740
908 2 2 13 14 77 769 78
909 2 2 13 14 740 769 77
910 2 2 13 14 78 858 765
911 2 2 13 14 769 858 78
912 2 2 13 14 79 738 80
913 2 2 13 14 79 866 738
914 2 2 13 14 80 854 81
915 2 2 13 14 738 854 80
916 2 2 13 14 81 736 82
917 2 2 13 14 81 854 736
918 2 2 13 14 82 851 83
919 2 2 13 14 736 851 82
920 2 2 13 14 83 734 84
921 2 2 13 14 83 851 734
922 2 2 13 14 84 844 85
923 2 2 13 14 734 844 84
924 2 2 13 14 85 731 86
925 2 2 13 14 85 844 731
926 2 2 13 14 86 810 87
927 2 2 13 14 731 810 86
928 2 2 13 14 87 730 88
929 2 2 13 14 87 810 730
930 2 2 13 14 88 806 89
931 2 2 13 14 730 806 88
932 2 2 13 14 89 728 90
933 2 2 13 14 89 806 728
934 2 2 13 14 90 808 91
935 2 2 13 14 728 808 90
936 2 2 13 14 91 725 92
937 2 2 13 14 91 808 725
938 2 2 13 14 92 813 93
939 2 2 13 14 725 813 92
940 2 2 13 14 813 867 93
941 2 2 13 14 94 771 95
942 2 2 13 14 94 820 771
943 2 2 13 14 95 771 721
944 2 2 13 14 157 743 158
945 2 2 13 14 157 860 743
946 2 2 13 14 158 782 159
947 2 2 13 14 743 782 158
948 2 2 13 14 159 747 160
949 2 2 13 14 159 782 747
950 2 2 13 14 160 802 161
951 2 2 13 14 747 802 160
952 2 2 13 14 161 801 162
953 2 2 13 14 161 802 801
954 2 2 13 14 162 741 163
955 2 2 13 14 162 856 741
956 2 2 13 14 801 856 162
957 2 2 13 14 163 819 164
958 2 2 13 14 741 819 163
959 2 2 13 14 164 797 165
960 2 2 13 14 164 819 797
961 2 2 13 14 165 759 166
962 2 2 13 14 165 797 759
963 2 2 13 14 166 787 167
964 2 2 13 14 759 787 166
965 2 2 13 14 167 757 168
966 2 2 13 14 167 787 757
967 2 2 13 14 168 789 169
968 2 2 13 14 757 789 168
969 2 2 13 14 169 755 170
970 2 2 13 14 169 789 755
971 2 2 13 14 170 791 171
972 2 2 13 14 755 791 170
973 2 2 13 14 171 753 172
974 2 2 13 14 171 791 753
975 2 2 13 14 172 784 173
976 2 2 13 14 753 784 172
977 2 2 13 14 173 752 174
978 2 2 13 14 173 784 752
979 2 2 13 14 174 794 175
980 2 2 13 14 752 794 174
981 2 2 13 14 175 750 176
982 2 2 13 14 175 794 750
983 2 2 13 14 176 777 177
984 2 2 13 14 750 777 176
985 2 2 13 14 177 761 178
986 2 2 13 14 177 777 761
987 2 2 13 14 761 870 178
988 2 2 13 14 220 817 219
989 2 2 13 14 817 860 219
990 2 2 13 14 221 804 220
991 2 2 13 14 804 817 220
992 2 2 13 14 222 775 221
993 2 2 13 14 775 804 221
994 2 2 13 14 223 840 222
995 2 2 13 14 222 840 775
996 2 2 13 14 227 841 226
997 2 2 13 14 228 776 227
998 2 2 13 14 776 841 227
999 2 2 13 14 229 803 228
1000 2 2 13 14 228 803 776
1001 2 2 13 14 230 818 229
1002 2 2 13 14 229 818 803
1003 2 2 13 14 230 861 818
1004 2 2 13 14 231 811 232
1005 2 2 13 14 231 870 811
1006 2 2 13 14 232 746 233
1007 2 2 13 14 232 811 746
1008 2 2 13 14 746 868 233
1009 2 2 13 14 234 745 235
1010 2 2 13 14 234 867 745
1011 2 2 13 14 235 812 236
1012 2 2 13 14 745 812 235
1013 2 2 13 14 812 869 236
1014 2 2 13 14 238 744 237
1015 2 2 13 14 744 861 237
1016 2 2 13 14 239 800 238
1017 2 2 13 14 238 800 744
1018 2 2 13 14 240 748 239
1019 2 2 13 14 748 800 239
1020 2 2 13 14 241 826 240
1021 2 2 13 14 240 826 748
1022 2 2 13 14 242 821 241
1023 2 2 13 14 821 826 241
1024 2 2 13 14 243 742 242
1025 2 2 13 14 742 859 242
1026 2 2 13 14 242 859 821
1027 2 2 13 14 244 855 243
1028 2 2 13 14 243 855 742
1029 2 2 13 14 245 862 244
1030 2 2 13 14 780 855 244
1031 2 2 13 14 244 862 780
1032 2 2 13 14 246 760 245
1033 2 2 13 14 760 862 245
1034 2 2 13 14 247 792 246
1035 2 2 13 14 246 792 760
1036 2 2 13 14 248 758 247
1037 2 2 13 14 758 792 247
1038 2 2 13 14 249 785 248
1039 2 2 13 14 248 785 758
1040 2 2 13 14 250 756 249
1041 2 2 13 14 756 785 249
1042 2 2 13 14 251 796 250
1043 2 2 13 14 250 796 756
1044 2 2 13 14 252 754 251
1045 2 2 13 14 754 796 251
1046 2 2 13 14 253 795 252
1047 2 2 13 14 252 795 754
1048 2 2 13 14 254 751 253
1049 2 2 13 14 751 795 253
1050 2 2 13 14 255 783 254
1051 2 2 13 14 254 783 751
1052 2 2 13 14 256 749 255
1053 2 2 13 14 749 783 255
1054 2 2 13 14 257 778 256
1055 2 2 13 14 256 778 749
1056 2 2 13 14 258 762 257
1057 2 2 13 14 762 778 257
1058 2 2 13 14 258 869 762
1059 2 2 13 14 771 772 721
1060 2 2 13 14 772 779 721
1061 2 2 13 14 779 866 721
1062 2 2 13 14 722 774 773
1063 2 2 13 14 722 822 774
1064 2 2 13 14 722 871 822
1065 2 2 13 14 765 766 723
1066 2 2 13 14 766 768 723
1067 2 2 13 14 768 820 723
1068 2 2 13 14 724 764 763
1069 2 2 13 14 724 767 764
1070 2 2 13 14 724 827 767
1071 2 2 13 14 808 829 725
1072 2 2 13 14 725 823 813
1073 2 2 13 14 725 829 823
1074 2 2 13 14 726 830 809
1075 2 2 13 14 814 824 726
1076 2 2 13 14 824 830 726
1077 2 2 13 14 727 835 805
1078 2 2 13 14 809 833 727
1079 2 2 13 14 833 835 727
1080 2 2 13 14 806 834 728
1081 2 2 13 14 728 832 808
1082 2 2 13 14 728 834 832
1083 2 2 13 14 805 837 729
1084 2 2 13 14 729 839 807
1085 2 2 13 14 837 839 729
1086 2 2 13 14 730 836 806
1087 2 2 13 14 810 838 730
1088 2 2 13 14 730 838 836
1089 2 2 13 14 799 843 731
1090 2 2 13 14 731 844 799
1091 2 2 13 14 731 843 810
1092 2 2 13 14 732 842 798
1093 2 2 13 14 798 845 732
1094 2 2 13 14 807 842 732
1095 2 2 13 14 733 847 790
1096 2 2 13 14 790 852 733
1097 2 2 13 14 845 847 733
1098 2 2 13 14 786 848 734
1099 2 2 13 14 734 851 786
1100 2 2 13 14 734 848 844
1101 2 2 13 14 735 849 788
1102 2 2 13 14 788 853 735
1103 2 2 13 14 790 849 735
1104 2 2 13 14 735 852 790
1105 2 2 13 14 736 850 786
1106 2 2 13 14 786 851 736
1107 2 2 13 14 793 850 736
1108 2 2 13 14 736 854 793
1109 2 2 13 14 788 846 737
1110 2 2 13 14 737 853 788
1111 2 2 13 14 737 846 822
1112 2 2 13 14 822 871 737
1113 2 2 13 14 779 825 738
1114 2 2 13 14 738 866 779
1115 2 2 13 14 738 825 793
1116 2 2 13 14 793 854 738
1117 2 2 13 14 770 816 739
1118 2 2 13 14 739 816 804
1119 2 2 13 14 804 873 739
1120 2 2 13 14 740 815 769
1121 2 2 13 14 803 815 740
1122 2 2 13 14 740 874 803
1123 2 2 13 14 741 863 819
1124 2 2 13 14 741 856 828
1125 2 2 13 14 828 863 741
1126 2 2 13 14 772 831 742
1127 2 2 13 14 742 855 772
1128 2 2 13 14 831 859 742
1129 2 2 13 14 743 816 782
1130 2 2 13 14 743 817 816
1131 2 2 13 14 743 860 817
1132 2 2 13 14 800 815 744
1133 2 2 13 14 815 818 744
1134 2 2 13 14 818 861 744
1135 2 2 13 14 745 865 812
1136 2 2 13 14 813 865 745
1137 2 2 13 14 745 867 813
1138 2 2 13 14 811 864 746
1139 2 2 13 14 746 864 814
1140 2 2 13 14 814 868 746
1141 2 2 13 14 770 781 747
1142 2 2 13 14 747 782 770
1143 2 2 13 14 781 875 747
1144 2 2 13 14 747 875 802
1145 2 2 13 14 748 876 800
1146 2 2 13 14 826 857 748
1147 2 2 13 14 857 858 748
1148 2 2 13 14 858 876 748
1149 2 2 13 14 778 829 749
1150 2 2 13 14 749 832 783
1151 2 2 13 14 829 832 749
1152 2 2 13 14 750 830 777
1153 2 2 13 14 794 833 750
1154 2 2 13 14 750 833 830
1155 2 2 13 14 783 834 751
1156 2 2 13 14 751 836 795
1157 2 2 13 14 834 836 751
1158 2 2 13 14 784 837 752
1159 2 2 13 14 752 835 794
1160 2 2 13 14 752 837 835
1161 2 2 13 14 753 839 784
1162 2 2 13 14 791 842 753
1163 2 2 13 14 753 842 839
1164 2 2 13 14 795 838 754
1165 2 2 13 14 754 843 796
1166 2 2 13 14 838 843 754
1167 2 2 13 14 789 847 755
1168 2 2 13 14 755 798 791
1169 2 2 13 14 755 847 798
1170 2 2 13 14 756 848 785
1171 2 2 13 14 796 799 756
1172 2 2 13 14 799 848 756
1173 2 2 13 14 787 849 757
1174 2 2 13 14 757 790 789
1175 2 2 13 14 757 849 790
1176 2 2 13 14 785 786 758
1177 2 2 13 14 786 850 758
1178 2 2 13 14 758 850 792
1179 2 2 13 14 759 788 787
1180 2 2 13 14 759 846 788
1181 2 2 13 14 797 846 759
1182 2 2 13 14 792 793 760
1183 2 2 13 14 793 825 760
1184 2 2 13 14 825 862 760
1185 2 2 13 14 777 824 761
1186 2 2 13 14 761 864 811
1187 2 2 13 14 811 870 761
1188 2 2 13 14 824 864 761
1189 2 2 13 14 762 823 778
1190 2 2 13 14 812 865 762
1191 2 2 13 14 762 869 812
1192 2 2 13 14 762 865 823
1193 2 2 13 14 764 875 763
1194 2 2 13 14 763 875 781
1195 2 2 13 14 767 801 764
1196 2 2 13 14 801 802 764
1197 2 2 13 14 802 875 764
1198 2 2 13 14 765 857 766
1199 2 2 13 14 765 858 857
1200 2 2 13 14 766 821 768
1201 2 2 13 14 766 826 821
1202 2 2 13 14 766 857 826
1203 2 2 13 14 767 856 801
1204 2 2 13 14 827 828 767
1205 2 2 13 14 828 856 767
1206 2 2 13 14 768 831 820
1207 2 2 13 14 821 859 768
1208 2 2 13 14 768 859 831
1209 2 2 13 14 815 876 769
1210 2 2 13 14 769 876 858
1211 2 2 13 14 782 816 770
1212 2 2 13 14 771 831 772
1213 2 2 13 14 820 831 771
1214 2 2 13 14 772 780 779
1215 2 2 13 14 772 855 780
1216 2 2 13 14 774 863 773
1217 2 2 13 14 773 828 827
1218 2 2 13 14 773 863 828
1219 2 2 13 14 819 863 774
1220 2 2 13 14 774 872 819
1221 2 2 13 14 822 872 774
1222 2 2 13 14 775 873 804
1223 2 2 13 14 803 874 776
1224 2 2 13 14 777 830 824
1225 2 2 13 14 823 829 778
1226 2 2 13 14 780 825 779
1227 2 2 13 14 780 862 825
1228 2 2 13 14 832 834 783
1229 2 2 13 14 784 839 837
1230 2 2 13 14 785 848 786
1231 2 2 13 14 788 849 787
1232 2 2 13 14 790 847 789
1233 2 2 13 14 798 842 791
1234 2 2 13 14 792 850 793
1235 2 2 13 14 794 835 833
1236 2 2 13 14 836 838 795
1237 2 2 13 14 796 843 799
1238 2 2 13 14 819 872 797
1239 2 2 13 14 797 872 846
1240 2 2 13 14 798 847 845
1241 2 2 13 14 844 848 799
1242 2 2 13 14 800 876 815
1243 2 2 13 14 803 818 815
1244 2 2 13 14 816 817 804
1245 2 2 13 14 835 837 805
1246 2 2 13 14 806 836 834
1247 2 2 13 14 839 842 807
1248 2 2 13 14 808 832 829
1249 2 2 13 14 830 833 809
1250 2 2 13 14 810 843 838
1251 2 2 13 14 823 865 813
1252 2 2 13 14 814 864 824
1253 2 2 13 14 846 872 822
1254 2 2 13 15 67 904 5
1255 2 2 13 15 5 878 233
1256 2 2 13 15 5 904 878
1257 2 2 13 15 9 905 62
1258 2 2 13 15 234 877 9
1259 2 2 13 15 877 905 9
1260 2 2 13 15 21 927 181
1261 2 2 13 15 231 927 21
1262 2 2 13 15 179 924 22
1263 2 2 13 15 22 924 259
1264 2 2 13 15 25 928 236
1265 2 2 13 15 273 928 25
1266 2 2 13 15 270 923 26
1267 2 2 13 15 26 923 271
1268 2 2 13 15 62 880 63
1269 2 2 13 15 62 905 880
1270 2 2 13 15 63 906 64
1271 2 2 13 15 880 906 63
1272 2 2 13 15 64 879 65
1273 2 2 13 15 64 906 879
1274 2 2 13 15 65 907 66
1275 2 2 13 15 879 907 65
1276 2 2 13 15 66 881 67
1277 2 2 13 15 66 907 881
1278 2 2 13 15 881 904 67
1279 2 2 13 15 180 912 179
1280 2 2 13 15 912 924 179
1281 2 2 13 15 181 887 180
1282 2 2 13 15 887 912 180
1283 2 2 13 15 181 927 887
1284 2 2 13 15 232 914 231
1285 2 2 13 15 914 927 231
1286 2 2 13 15 233 909 232
1287 2 2 13 15 909 914 232
1288 2 2 13 15 878 909 233
1289 2 2 13 15 235 908 234
1290 2 2 13 15 234 908 877
1291 2 2 13 15 236 913 235
1292 2 2 13 15 235 913 908
1293 2 2 13 15 236 928 913
1294 2 2 13 15 259 889 260
1295 2 2 13 15 259 924 889
1296 2 2 13 15 260 890 261
1297 2 2 13 15 889 890 260
1298 2 2 13 15 261 883 262
1299 2 2 13 15 261 890 883
1300 2 2 13 15 262 894 263
1301 2 2 13 15 883 894 262
1302 2 2 13 15 263 884 264
1303 2 2 13 15 263 894 884
1304 2 2 13 15 264 897 265
1305 2 2 13 15 884 897 264
1306 2 2 13 15 265 885 266
1307 2 2 13 15 265 897 885
1308 2 2 13 15 266 910 267
1309 2 2 13 15 885 910 266
1310 2 2 13 15 267 882 268
1311 2 2 13 15 267 910 882
1312 2 2 13 15 268 900 269
1313 2 2 13 15 882 900 268
1314 2 2 13 15 269 888 270
1315 2 2 13 15 269 900 888
1316 2 2 13 15 888 923 270
1317 2 2 13 15 271 911 272
1318 2 2 13 15 271 923 911
1319 2 2 13 15 272 886 273
1320 2 2 13 15 272 911 886
1321 2 2 13 15 886 928 273
1322 2 2 13 15 877 920 905
1323 2 2 13 15 908 916 877
1324 2 2 13 15 916 920 877
1325 2 2 13 15 904 919 878
1326 2 2 13 15 878 915 909
1327 2 2 13 15 878 919 915
1328 2 2 13 15 906 926 879
1329 2 2 13 15 879 926 907
1330 2 2 13 15 905 921 880
1331 2 2 13 15 880 925 906
1332 2 2 13 15 921 925 880
1333 2 2 13 15 895 922 881
1334 2 2 13 15 881 929 895
1335 2 2 13 15 881 922 904
1336 2 2 13 15 907 929 881
1337 2 2 13 15 882 902 900
1338 2 2 13 15 882 903 902
1339 2 2 13 15 882 910 903
1340 2 2 13 15 890 892 883
1341 2 2 13 15 892 893 883
1342 2 2 13 15 893 894 883
1343 2 2 13 15 894 895 884
1344 2 2 13 15 895 896 884
1345 2 2 13 15 896 897 884
1346 2 2 13 15 897 898 885
1347 2 2 13 15 898 899 885
1348 2 2 13 15 899 910 885
1349 2 2 13 15 911 930 886
1350 2 2 13 15 886 917 913
1351 2 2 13 15 913 928 886
1352 2 2 13 15 886 930 917
1353 2 2 13 15 887 931 912
1354 2 2 13 15 914 918 887
1355 2 2 13 15 887 927 914
1356 2 2 13 15 918 931 887
1357 2 2 13 15 900 901 888
1358 2 2 13 15 901 930 888
1359 2 2 13 15 911 923 888
1360 2 2 13 15 888 930 911
1361 2 2 13 15 889 891 890
1362 2 2 13 15 889 931 891
1363 2 2 13 15 889 924 912
1364 2 2 13 15 912 931 889
1365 2 2 13 15 891 892 890
1366 2 2 13 15 891 915 892
1367 2 2 13 15 891 918 915
1368 2 2 13 15 891 931 918
1369 2 2 13 15 892 919 893
1370 2 2 13 15 915 919 892
1371 2 2 13 15 893 895 894
1372 2 2 13 15 893 922 895
1373 2 2 13 15 919 922 893
1374 2 2 13 15 895 929 896
1375 2 2 13 15 896 926 897
1376 2 2 13 15 896 929 926
1377 2 2 13 15 897 926 898
1378 2 2 13 15 898 925 899
1379 2 2 13 15 906 925 898
1380 2 2 13 15 898 926 906
1381 2 2 13 15 903 910 899
1382 2 2 13 15 899 921 903
1383 2 2 13 15 899 925 921
1384 2 2 13 15 900 902 901
1385 2 2 13 15 902 916 901
1386 2 2 13 15 916 917 901
1387 2 2 13 15 917 930 901
1388 2 2 13 15 903 920 902
1389 2 2 13 15 902 920 916
1390 2 2 13 15 903 921 920
1391 2 2 13 15 904 922 919
1392 2 2 13 15 920 921 905
1393 2 2 13 15 926 929 907
1394 2 2 13 15 913 917 908
1395 2 2 13 15 908 917 916
1396 2 2 13 15 909 918 914
1397 2 2 13 15 915 918 909
1398 2 2 13 16 20 182 1216
1399 2 2 13 16 204 20 1216
1400 2 2 13 16 203 22 1212
1401 2 2 13 16 22 259 1212
1402 2 2 13 16 23 215 1214
1403 2 2 13 16 274 23 1214
1404 2 2 13 16 270 26 1217
1405 2 2 13 16 26 295 1217
1406 2 2 13 16 27 296 1225
1407 2 2 13 16 307 27 1236
1408 2 2 13 16 27 1225 1236
1409 2 2 13 16 182 183 1170
1410 2 2 13 16 182 1170 1216
1411 2 2 13 16 183 184 947
1412 2 2 13 16 183 947 1170
1413 2 2 13 16 184 185 1090
1414 2 2 13 16 947 184 1090
1415 2 2 13 16 185 186 951
1416 2 2 13 16 185 951 1090
1417 2 2 13 16 186 187 1172
1418 2 2 13 16 951 186 1172
1419 2 2 13 16 187 188 949
1420 2 2 13 16 187 949 1172
1421 2 2 13 16 188 189 1103
1422 2 2 13 16 949 188 1103
1423 2 2 13 16 189 190 944
1424 2 2 13 16 189 944 1103
1425 2 2 13 16 190 191 1106
1426 2 2 13 16 944 190 1106
1427 2 2 13 16 191 192 939
1428 2 2 13 16 191 939 1106
1429 2 2 13 16 192 193 1121
1430 2 2 13 16 939 192 1121
1431 2 2 13 16 193 194 1124
1432 2 2 13 16 1121 193 1124
1433 2 2 13 16 194 195 933
1434 2 2 13 16 194 933 1124
1435 2 2 13 16 195 196 1080
1436 2 2 13 16 933 195 1080
1437 2 2 13 16 196 197 1108
1438 2 2 13 16 1080 196 1108
1439 2 2 13 16 197 198 935
1440 2 2 13 16 197 935 1108
1441 2 2 13 16 198 199 1128
1442 2 2 13 16 935 198 1128
1443 2 2 13 16 199 200 1126
1444 2 2 13 16 199 1126 1128
1445 2 2 13 16 200 201 940
1446 2 2 13 16 200 940 1126
1447 2 2 13 16 201 202 1193
1448 2 2 13 16 940 201 1193
1449 2 2 13 16 202 203 971
1450 2 2 13 16 202 971 1193
1451 2 2 13 16 971 203 1212
1452 2 2 13 16 205 204 982
1453 2 2 13 16 982 204 1216
1454 2 2 13 16 206 205 1140
1455 2 2 13 16 205 982 1140
1456 2 2 13 16 207 206 952
1457 2 2 13 16 952 206 1140
1458 2 2 13 16 208 207 1129
1459 2 2 13 16 207 952 1129
1460 2 2 13 16 209 208 969
1461 2 2 13 16 969 208 1129
1462 2 2 13 16 210 209 1125
1463 2 2 13 16 209 969 1125
1464 2 2 13 16 211 210 1060
1465 2 2 13 16 1060 210 1125
1466 2 2 13 16 212 211 1164
1467 2 2 13 16 211 1060 1164
1468 2 2 13 16 213 212 1096
1469 2 2 13 16 1096 212 1164
1470 2 2 13 16 214 213 957
1471 2 2 13 16 957 213 1096
1472 2 2 13 16 215 214 1235
1473 2 2 13 16 214 957 1235
1474 2 2 13 16 1214 215 1235
1475 2 2 13 16 259 260 1166
1476 2 2 13 16 259 1166 1212
1477 2 2 13 16 260 261 1186
1478 2 2 13 16 1166 260 1186
1479 2 2 13 16 261 262 943
1480 2 2 13 16 261 943 1186
1481 2 2 13 16 262 263 1184
1482 2 2 13 16 943 262 1184
1483 2 2 13 16 263 264 1177
1484 2 2 13 16 263 1177 1184
1485 2 2 13 16 264 265 932
1486 2 2 13 16 264 932 1177
1487 2 2 13 16 265 266 1207
1488 2 2 13 16 932 265 1207
1489 2 2 13 16 266 267 1174
1490 2 2 13 16 266 1174 1207
1491 2 2 13 16 267 268 942
1492 2 2 13 16 267 942 1174
1493 2 2 13 16 268 269 1210
1494 2 2 13 16 942 268 1210
1495 2 2 13 16 269 270 983
1496 2 2 13 16 269 983 1210
1497 2 2 13 16 983 270 1217
1498 2 2 13 16 275 274 1190
1499 2 2 13 16 1190 274 1214
1500 2 2 13 16 276 275 946
1501 2 2 13 16 946 275 1190
1502 2 2 13 16 277 276 1180
1503 2 2 13 16 276 946 1180
1504 2 2 13 16 278 277 950
1505 2 2 13 16 950 277 1180
1506 2 2 13 16 279 278 1109
1507 2 2 13 16 278 950 1109
1508 2 2 13 16 280 279 1178
1509 2 2 13 16 279 1109 1178
1510 2 2 13 16 281 280 953
1511 2 2 13 16 953 280 1178
1512 2 2 13 16 282 281 1105
1513 2 2 13 16 281 953 1105
1514 2 2 13 16 283 282 941
1515 2 2 13 16 941 282 1105
1516 2 2 13 16 284 283 1171
1517 2 2 13 16 283 941 1171
1518 2 2 13 16 285 284 1078
1519 2 2 13 16 1078 284 1171
1520 2 2 13 16 286 285 936
1521 2 2 13 16 936 285 1078
1522 2 2 13 16 287 286 1114
1523 2 2 13 16 286 936 1114
1524 2 2 13 16 288 287 1117
1525 2 2 13 16 287 1114 1117
1526 2 2 13 16 289 288 934
1527 2 2 13 16 934 288 1117
1528 2 2 13 16 290 289 1188
1529 2 2 13 16 289 934 1188
1530 2 2 13 16 291 290 1167
1531 2 2 13 16 1167 290 1188
1532 2 2 13 16 292 291 938
1533 2 2 13 16 938 291 1167
1534 2 2 13 16 293 292 1084
1535 2 2 13 16 292 938 1084
1536 2 2 13 16 294 293 954
1537 2 2 13 16 954 293 1084
1538 2 2 13 16 295 294 1187
1539 2 2 13 16 294 954 1187
1540 2 2 13 16 295 1187 1217
1541 2 2 13 16 296 297 945
1542 2 2 13 16 296 945 1070
1543 2 2 13 16 296 1070 1225
1544 2 2 13 16 297 298 960
1545 2 2 13 16 945 297 1238
1546 2 2 13 16 297 960 1238
1547 2 2 13 16 298 299 937
1548 2 2 13 16 298 937 1237
1549 2 2 13 16 960 298 1237
1550 2 2 13 16 299 300 963
1551 2 2 13 16 937 299 1239
1552 2 2 13 16 299 963 1239
1553 2 2 13 16 300 301 956
1554 2 2 13 16 300 956 963
1555 2 2 13 16 301 302 1182
1556 2 2 13 16 956 301 966
1557 2 2 13 16 966 301 1182
1558 2 2 13 16 302 303 955
1559 2 2 13 16 302 955 1182
1560 2 2 13 16 303 304 970
1561 2 2 13 16 955 303 1234
1562 2 2 13 16 303 970 1234
1563 2 2 13 16 304 305 1181
1564 2 2 13 16 970 304 1181
1565 2 2 13 16 305 306 967
1566 2 2 13 16 305 967 984
1567 2 2 13 16 305 984 1181
1568 2 2 13 16 306 307 948
1569 2 2 13 16 306 948 1232
1570 2 2 13 16 967 306 1232
1571 2 2 13 16 948 307 958
1572 2 2 13 16 958 307 1236
1573 2 2 13 16 1086 932 1111
1574 2 2 13 16 932 1086 1177
1575 2 2 13 16 1111 932 1112
1576 2 2 13 16 1112 932 1207
1577 2 2 13 16 933 1080 1223
1578 2 2 13 16 1124 933 1197
1579 2 2 13 16 1197 933 1223
1580 2 2 13 16 934 1117 1118
1581 2 2 13 16 934 1118 1226
1582 2 2 13 16 1188 934 1226
1583 2 2 13 16 1108 935 1175
1584 2 2 13 16 935 1128 1194
1585 2 2 13 16 1175 935 1194
1586 2 2 13 16 936 1078 1211
1587 2 2 13 16 1114 936 1115
1588 2 2 13 16 1115 936 1211
1589 2 2 13 16 937 964 1209
1590 2 2 13 16 964 937 1239
1591 2 2 13 16 937 1209 1237
1592 2 2 13 16 938 1081 1083
1593 2 2 13 16 1081 938 1167
1594 2 2 13 16 938 1083 1084
1595 2 2 13 16 1106 939 1200
1596 2 2 13 16 939 1121 1122
1597 2 2 13 16 939 1122 1200
1598 2 2 13 16 1126 940 1127
1599 2 2 13 16 1127 940 1185
1600 2 2 13 16 1185 940 1193
1601 2 2 13 16 941 1105 1201
1602 2 2 13 16 1171 941 1183
1603 2 2 13 16 1183 941 1201
1604 2 2 13 16 1113 942 1138
1605 2 2 13 16 942 1113 1174
1606 2 2 13 16 1138 942 1139
1607 2 2 13 16 1139 942 1210
1608 2 2 13 16 943 1092 1186
1609 2 2 13 16 1092 943 1215
1610 2 2 13 16 943 1184 1215
1611 2 2 13 16 1103 944 1163
1612 2 2 13 16 944 1106 1179
1613 2 2 13 16 1163 944 1179
1614 2 2 13 16 945 962 1224
1615 2 2 13 16 962 945 1238
1616 2 2 13 16 1070 945 1071
1617 2 2 13 16 1071 945 1224
1618 2 2 13 16 946 1077 1180
1619 2 2 13 16 1077 946 1202
1620 2 2 13 16 946 1190 1202
1621 2 2 13 16 947 1090 1091
1622 2 2 13 16 947 1091 1146
1623 2 2 13 16 947 1146 1170
1624 2 2 13 16 948 958 968
1625 2 2 13 16 948 968 1230
1626 2 2 13 16 948 1230 1232
1627 2 2 13 16 1075 949 1103
1628 2 2 13 16 949 1075 1196
1629 2 2 13 16 1172 949 1196
1630 2 2 13 16 1109 950 1213
1631 2 2 13 16 950 1180 1227
1632 2 2 13 16 1213 950 1227
1633 2 2 13 16 951 1088 1089
1634 2 2 13 16 1088 951 1172
1635 2 2 13 16 951 1089 1090
1636 2 2 13 16 1129 952 1131
1637 2 2 13 16 1131 952 1132
1638 2 2 13 16 1132 952 1140
1639 2 2 13 16 953 1076 1176
1640 2 2 13 16 1076 953 1178
1641 2 2 13 16 1105 953 1176
1642 2 2 13 16 954 1084 1085
1643 2 2 13 16 954 1085 1165
1644 2 2 13 16 954 1165 1187
1645 2 2 13 16 955 1098 1182
1646 2 2 13 16 1098 955 1222
1647 2 2 13 16 1222 955 1234
1648 2 2 13 16 963 956 965
1649 2 2 13 16 965 956 973
1650 2 2 13 16 956 966 973
1651 2 2 13 16 957 1066 1094
1652 2 2 13 16 1066 957 1096
1653 2 2 13 16 957 1094 1095
1654 2 2 13 16 957 1095 1235
1655 2 2 13 16 968 958 979
1656 2 2 13 16 979 958 1233
1657 2 2 13 16 1233 958 1236
1658 2 2 13 16 1065 959 1205
1659 2 2 13 16 959 1065 1233
1660 2 2 13 16 1205 959 1225
1661 2 2 13 16 1225 959 1236
1662 2 2 13 16 959 1233 1236
1663 2 2 13 16 960 961 1161
1664 2 2 13 16 961 960 1237
1665 2 2 13 16 962 960 1161
1666 2 2 13 16 960 962 1238
1667 2 2 13 16 1161 961 1208
1668 2 2 13 16 1208 961 1209
1669 2 2 13 16 1209 961 1237
1670 2 2 13 16 962 1161 1199
1671 2 2 13 16 962 1199 1224
1672 2 2 13 16 964 963 1189
1673 2 2 13 16 963 964 1239
1674 2 2 13 16 963 965 1189
1675 2 2 13 16 1104 964 1189
1676 2 2 13 16 964 1104 1228
1677 2 2 13 16 1209 964 1228
1678 2 2 13 16 965 973 974
1679 2 2 13 16 965 974 975
1680 2 2 13 16 965 975 1189
1681 2 2 13 16 973 966 980
1682 2 2 13 16 980 966 981
1683 2 2 13 16 981 966 1182
1684 2 2 13 16 967 976 1195
1685 2 2 13 16 976 967 1232
1686 2 2 13 16 984 967 1206
1687 2 2 13 16 967 1195 1206
1688 2 2 13 16 968 979 1064
1689 2 2 13 16 968 1064 1066
1690 2 2 13 16 968 1066 1230
1691 2 2 13 16 1125 969 1198
1692 2 2 13 16 969 1129 1130
1693 2 2 13 16 969 1130 1198
1694 2 2 13 16 1130 970 1181
1695 2 2 13 16 970 1130 1231
1696 2 2 13 16 970 1231 1234
1697 2 2 13 16 1097 971 1166
1698 2 2 13 16 971 1097 1193
1699 2 2 13 16 1166 971 1212
1700 2 2 13 16 972 1131 1132
1701 2 2 13 16 1131 972 1231
1702 2 2 13 16 972 1132 1173
1703 2 2 13 16 972 1173 1222
1704 2 2 13 16 972 1222 1234
1705 2 2 13 16 1231 972 1234
1706 2 2 13 16 974 973 1075
1707 2 2 13 16 973 980 1075
1708 2 2 13 16 975 974 977
1709 2 2 13 16 977 974 1163
1710 2 2 13 16 974 1075 1163
1711 2 2 13 16 975 977 978
1712 2 2 13 16 975 978 1104
1713 2 2 13 16 975 1104 1189
1714 2 2 13 16 1195 976 1219
1715 2 2 13 16 1219 976 1230
1716 2 2 13 16 1230 976 1232
1717 2 2 13 16 978 977 985
1718 2 2 13 16 985 977 1179
1719 2 2 13 16 977 1163 1179
1720 2 2 13 16 978 985 986
1721 2 2 13 16 978 986 987
1722 2 2 13 16 978 987 1104
1723 2 2 13 16 1064 979 1077
1724 2 2 13 16 979 1065 1227
1725 2 2 13 16 1065 979 1233
1726 2 2 13 16 1077 979 1227
1727 2 2 13 16 980 981 1088
1728 2 2 13 16 1075 980 1196
1729 2 2 13 16 980 1088 1196
1730 2 2 13 16 1088 981 1089
1731 2 2 13 16 1089 981 1098
1732 2 2 13 16 1098 981 1182
1733 2 2 13 16 1140 982 1146
1734 2 2 13 16 1146 982 1170
1735 2 2 13 16 1170 982 1216
1736 2 2 13 16 1139 983 1165
1737 2 2 13 16 983 1139 1210
1738 2 2 13 16 1165 983 1187
1739 2 2 13 16 1187 983 1217
1740 2 2 13 16 1181 984 1198
1741 2 2 13 16 1198 984 1206
1742 2 2 13 16 986 985 1221
1743 2 2 13 16 985 1179 1200
1744 2 2 13 16 985 1200 1221
1745 2 2 13 16 987 986 988
1746 2 2 13 16 988 986 1025
1747 2 2 13 16 1025 986 1221
1748 2 2 13 16 987 988 989
1749 2 2 13 16 987 989 1102
1750 2 2 13 16 987 1102 1104
1751 2 2 13 16 989 988 990
1752 2 2 13 16 990 988 1158
1753 2 2 13 16 988 1025 1158
1754 2 2 13 16 989 990 991
1755 2 2 13 16 989 991 1036
1756 2 2 13 16 989 1036 1102
1757 2 2 13 16 991 990 992
1758 2 2 13 16 992 990 1018
1759 2 2 13 16 1018 990 1158
1760 2 2 13 16 991 992 993
1761 2 2 13 16 991 993 1100
1762 2 2 13 16 1036 991 1100
1763 2 2 13 16 993 992 994
1764 2 2 13 16 994 992 1144
1765 2 2 13 16 992 1018 1144
1766 2 2 13 16 993 994 995
1767 2 2 13 16 993 995 1141
1768 2 2 13 16 1100 993 1141
1769 2 2 13 16 995 994 996
1770 2 2 13 16 996 994 997
1771 2 2 13 16 997 994 1144
1772 2 2 13 16 995 996 1006
1773 2 2 13 16 995 1006 1007
1774 2 2 13 16 995 1007 1141
1775 2 2 13 16 996 997 998
1776 2 2 13 16 996 998 1143
1777 2 2 13 16 1006 996 1143
1778 2 2 13 16 998 997 999
1779 2 2 13 16 999 997 1147
1780 2 2 13 16 997 1144 1147
1781 2 2 13 16 998 999 1000
1782 2 2 13 16 998 1000 1134
1783 2 2 13 16 998 1134 1143
1784 2 2 13 16 1000 999 1001
1785 2 2 13 16 1001 999 1010
1786 2 2 13 16 1010 999 1147
1787 2 2 13 16 1000 1001 1002
1788 2 2 13 16 1000 1002 1003
1789 2 2 13 16 1000 1003 1134
1790 2 2 13 16 1002 1001 1133
1791 2 2 13 16 1001 1010 1011
1792 2 2 13 16 1001 1011 1133
1793 2 2 13 16 1003 1002 1004
1794 2 2 13 16 1004 1002 1005
1795 2 2 13 16 1005 1002 1133
1796 2 2 13 16 1003 1004 1008
1797 2 2 13 16 1003 1008 1152
1798 2 2 13 16 1134 1003 1152
1799 2 2 13 16 1004 1005 1110
1800 2 2 13 16 1008 1004 1009
1801 2 2 13 16 1009 1004 1110
1802 2 2 13 16 1110 1005 1154
1803 2 2 13 16 1005 1133 1148
1804 2 2 13 16 1005 1148 1154
1805 2 2 13 16 1007 1006 1012
1806 2 2 13 16 1012 1006 1028
1807 2 2 13 16 1028 1006 1143
1808 2 2 13 16 1007 1012 1013
1809 2 2 13 16 1007 1013 1019
1810 2 2 13 16 1007 1019 1141
1811 2 2 13 16 1008 1009 1014
1812 2 2 13 16 1008 1014 1015
1813 2 2 13 16 1008 1015 1152
1814 2 2 13 16 1014 1009 1016
1815 2 2 13 16 1016 1009 1017
1816 2 2 13 16 1017 1009 1110
1817 2 2 13 16 1011 1010 1021
1818 2 2 13 16 1021 1010 1045
1819 2 2 13 16 1045 1010 1147
1820 2 2 13 16 1011 1021 1022
1821 2 2 13 16 1011 1022 1042
1822 2 2 13 16 1011 1042 1133
1823 2 2 13 16 1013 1012 1151
1824 2 2 13 16 1012 1028 1029
1825 2 2 13 16 1012 1029 1151
1826 2 2 13 16 1019 1013 1020
1827 2 2 13 16 1020 1013 1150
1828 2 2 13 16 1150 1013 1151
1829 2 2 13 16 1015 1014 1026
1830 2 2 13 16 1014 1016 1145
1831 2 2 13 16 1026 1014 1145
1832 2 2 13 16 1015 1026 1027
1833 2 2 13 16 1015 1027 1056
1834 2 2 13 16 1015 1056 1152
1835 2 2 13 16 1016 1017 1023
1836 2 2 13 16 1016 1023 1024
1837 2 2 13 16 1016 1024 1145
1838 2 2 13 16 1023 1017 1033
1839 2 2 13 16 1033 1017 1037
1840 2 2 13 16 1037 1017 1110
1841 2 2 13 16 1018 1142 1153
1842 2 2 13 16 1142 1018 1158
1843 2 2 13 16 1144 1018 1153
1844 2 2 13 16 1019 1020 1030
1845 2 2 13 16 1019 1030 1050
1846 2 2 13 16 1019 1050 1141
1847 2 2 13 16 1030 1020 1031
1848 2 2 13 16 1031 1020 1032
1849 2 2 13 16 1032 1020 1150
1850 2 2 13 16 1022 1021 1149
1851 2 2 13 16 1021 1045 1046
1852 2 2 13 16 1021 1046 1149
1853 2 2 13 16 1042 1022 1043
1854 2 2 13 16 1043 1022 1062
1855 2 2 13 16 1062 1022 1149
1856 2 2 13 16 1024 1023 1137
1857 2 2 13 16 1023 1033 1034
1858 2 2 13 16 1023 1034 1137
1859 2 2 13 16 1024 1136 1145
1860 2 2 13 16 1136 1024 1155
1861 2 2 13 16 1024 1137 1155
1862 2 2 13 16 1025 1122 1123
1863 2 2 13 16 1122 1025 1221
1864 2 2 13 16 1025 1123 1169
1865 2 2 13 16 1158 1025 1169
1866 2 2 13 16 1027 1026 1035
1867 2 2 13 16 1035 1026 1044
1868 2 2 13 16 1044 1026 1145
1869 2 2 13 16 1027 1035 1120
1870 2 2 13 16 1056 1027 1057
1871 2 2 13 16 1057 1027 1120
1872 2 2 13 16 1029 1028 1159
1873 2 2 13 16 1028 1143 1156
1874 2 2 13 16 1028 1156 1159
1875 2 2 13 16 1119 1029 1159
1876 2 2 13 16 1029 1119 1168
1877 2 2 13 16 1151 1029 1168
1878 2 2 13 16 1030 1031 1107
1879 2 2 13 16 1050 1030 1074
1880 2 2 13 16 1074 1030 1107
1881 2 2 13 16 1031 1032 1048
1882 2 2 13 16 1031 1048 1058
1883 2 2 13 16 1031 1058 1107
1884 2 2 13 16 1048 1032 1049
1885 2 2 13 16 1049 1032 1061
1886 2 2 13 16 1061 1032 1150
1887 2 2 13 16 1034 1033 1111
1888 2 2 13 16 1033 1037 1038
1889 2 2 13 16 1033 1038 1111
1890 2 2 13 16 1034 1111 1112
1891 2 2 13 16 1034 1112 1113
1892 2 2 13 16 1034 1113 1137
1893 2 2 13 16 1035 1044 1081
1894 2 2 13 16 1035 1081 1082
1895 2 2 13 16 1035 1082 1120
1896 2 2 13 16 1099 1036 1100
1897 2 2 13 16 1036 1099 1101
1898 2 2 13 16 1036 1101 1102
1899 2 2 13 16 1038 1037 1039
1900 2 2 13 16 1039 1037 1154
1901 2 2 13 16 1037 1110 1154
1902 2 2 13 16 1038 1039 1040
1903 2 2 13 16 1038 1040 1086
1904 2 2 13 16 1038 1086 1111
1905 2 2 13 16 1040 1039 1041
1906 2 2 13 16 1041 1039 1051
1907 2 2 13 16 1051 1039 1154
1908 2 2 13 16 1040 1041 1135
1909 2 2 13 16 1086 1040 1087
1910 2 2 13 16 1087 1040 1135
1911 2 2 13 16 1041 1051 1052
1912 2 2 13 16 1041 1052 1053
1913 2 2 13 16 1041 1053 1135
1914 2 2 13 16 1042 1043 1157
1915 2 2 13 16 1133 1042 1148
1916 2 2 13 16 1148 1042 1157
1917 2 2 13 16 1043 1062 1063
1918 2 2 13 16 1043 1063 1160
1919 2 2 13 16 1157 1043 1160
1920 2 2 13 16 1081 1044 1083
1921 2 2 13 16 1083 1044 1136
1922 2 2 13 16 1136 1044 1145
1923 2 2 13 16 1046 1045 1047
1924 2 2 13 16 1047 1045 1153
1925 2 2 13 16 1045 1147 1153
1926 2 2 13 16 1046 1047 1067
1927 2 2 13 16 1046 1067 1069
1928 2 2 13 16 1046 1069 1149
1929 2 2 13 16 1067 1047 1068
1930 2 2 13 16 1068 1047 1142
1931 2 2 13 16 1142 1047 1153
1932 2 2 13 16 1048 1049 1183
1933 2 2 13 16 1058 1048 1059
1934 2 2 13 16 1059 1048 1183
1935 2 2 13 16 1049 1061 1078
1936 2 2 13 16 1049 1078 1171
1937 2 2 13 16 1049 1171 1183
1938 2 2 13 16 1050 1074 1099
1939 2 2 13 16 1050 1099 1100
1940 2 2 13 16 1050 1100 1141
1941 2 2 13 16 1052 1051 1157
1942 2 2 13 16 1148 1051 1154
1943 2 2 13 16 1051 1148 1157
1944 2 2 13 16 1053 1052 1054
1945 2 2 13 16 1054 1052 1160
1946 2 2 13 16 1052 1157 1160
1947 2 2 13 16 1053 1054 1055
1948 2 2 13 16 1053 1055 1092
1949 2 2 13 16 1053 1092 1135
1950 2 2 13 16 1055 1054 1185
1951 2 2 13 16 1127 1054 1160
1952 2 2 13 16 1054 1127 1185
1953 2 2 13 16 1092 1055 1093
1954 2 2 13 16 1093 1055 1097
1955 2 2 13 16 1097 1055 1185
1956 2 2 13 16 1056 1057 1159
1957 2 2 13 16 1152 1056 1156
1958 2 2 13 16 1156 1056 1159
1959 2 2 13 16 1057 1118 1119
1960 2 2 13 16 1118 1057 1120
1961 2 2 13 16 1057 1119 1159
1962 2 2 13 16 1058 1059 1079
1963 2 2 13 16 1058 1079 1199
1964 2 2 13 16 1107 1058 1199
1965 2 2 13 16 1079 1059 1218
1966 2 2 13 16 1059 1183 1201
1967 2 2 13 16 1059 1201 1218
1968 2 2 13 16 1060 1125 1206
1969 2 2 13 16 1164 1060 1195
1970 2 2 13 16 1195 1060 1206
1971 2 2 13 16 1078 1061 1211
1972 2 2 13 16 1061 1150 1192
1973 2 2 13 16 1061 1192 1211
1974 2 2 13 16 1063 1062 1194
1975 2 2 13 16 1062 1149 1175
1976 2 2 13 16 1062 1175 1194
1977 2 2 13 16 1063 1127 1160
1978 2 2 13 16 1127 1063 1220
1979 2 2 13 16 1063 1194 1220
1980 2 2 13 16 1066 1064 1094
1981 2 2 13 16 1064 1077 1202
1982 2 2 13 16 1094 1064 1202
1983 2 2 13 16 1162 1065 1205
1984 2 2 13 16 1065 1162 1213
1985 2 2 13 16 1065 1213 1227
1986 2 2 13 16 1066 1096 1219
1987 2 2 13 16 1066 1219 1230
1988 2 2 13 16 1067 1068 1223
1989 2 2 13 16 1069 1067 1080
1990 2 2 13 16 1080 1067 1223
1991 2 2 13 16 1068 1142 1169
1992 2 2 13 16 1068 1169 1197
1993 2 2 13 16 1068 1197 1223
1994 2 2 13 16 1069 1080 1108
1995 2 2 13 16 1069 1108 1175
1996 2 2 13 16 1149 1069 1175
1997 2 2 13 16 1070 1071 1072
1998 2 2 13 16 1070 1072 1205
1999 2 2 13 16 1070 1205 1225
2000 2 2 13 16 1072 1071 1073
2001 2 2 13 16 1073 1071 1079
2002 2 2 13 16 1079 1071 1224
2003 2 2 13 16 1072 1073 1076
2004 2 2 13 16 1072 1076 1162
2005 2 2 13 16 1072 1162 1205
2006 2 2 13 16 1076 1073 1176
2007 2 2 13 16 1073 1079 1218
2008 2 2 13 16 1176 1073 1218
2009 2 2 13 16 1099 1074 1208
2010 2 2 13 16 1074 1107 1161
2011 2 2 13 16 1074 1161 1208
2012 2 2 13 16 1075 1103 1163
2013 2 2 13 16 1162 1076 1229
2014 2 2 13 16 1076 1178 1229
2015 2 2 13 16 1180 1077 1227
2016 2 2 13 16 1199 1079 1224
2017 2 2 13 16 1082 1081 1167
2018 2 2 13 16 1120 1082 1226
2019 2 2 13 16 1082 1167 1188
2020 2 2 13 16 1082 1188 1226
2021 2 2 13 16 1084 1083 1203
2022 2 2 13 16 1083 1136 1203
2023 2 2 13 16 1085 1084 1203
2024 2 2 13 16 1165 1085 1191
2025 2 2 13 16 1191 1085 1203
2026 2 2 13 16 1086 1087 1177
2027 2 2 13 16 1087 1135 1215
2028 2 2 13 16 1177 1087 1184
2029 2 2 13 16 1184 1087 1215
2030 2 2 13 16 1088 1172 1196
2031 2 2 13 16 1090 1089 1204
2032 2 2 13 16 1089 1098 1204
2033 2 2 13 16 1091 1090 1204
2034 2 2 13 16 1146 1091 1173
2035 2 2 13 16 1173 1091 1204
2036 2 2 13 16 1092 1093 1186
2037 2 2 13 16 1135 1092 1215
2038 2 2 13 16 1093 1097 1166
2039 2 2 13 16 1093 1166 1186
2040 2 2 13 16 1095 1094 1202
2041 2 2 13 16 1190 1095 1202
2042 2 2 13 16 1095 1190 1214
2043 2 2 13 16 1095 1214 1235
2044 2 2 13 16 1096 1164 1219
2045 2 2 13 16 1097 1185 1193
2046 2 2 13 16 1204 1098 1222
2047 2 2 13 16 1101 1099 1208
2048 2 2 13 16 1102 1101 1228
2049 2 2 13 16 1101 1208 1209
2050 2 2 13 16 1101 1209 1228
2051 2 2 13 16 1104 1102 1228
2052 2 2 13 16 1105 1176 1201
2053 2 2 13 16 1179 1106 1200
2054 2 2 13 16 1161 1107 1199
2055 2 2 13 16 1178 1109 1229
2056 2 2 13 16 1109 1213 1229
2057 2 2 13 16 1113 1112 1174
2058 2 2 13 16 1174 1112 1207
2059 2 2 13 16 1137 1113 1138
2060 2 2 13 16 1114 1115 1116
2061 2 2 13 16 1114 1116 1117
2062 2 2 13 16 1116 1115 1168
2063 2 2 13 16 1168 1115 1192
2064 2 2 13 16 1192 1115 1211
2065 2 2 13 16 1117 1116 1118
2066 2 2 13 16 1118 1116 1119
2067 2 2 13 16 1119 1116 1168
2068 2 2 13 16 1118 1120 1226
2069 2 2 13 16 1122 1121 1123
2070 2 2 13 16 1123 1121 1124
2071 2 2 13 16 1200 1122 1221
2072 2 2 13 16 1123 1124 1197
2073 2 2 13 16 1169 1123 1197
2074 2 2 13 16 1125 1198 1206
2075 2 2 13 16 1126 1127 1220
2076 2 2 13 16 1128 1126 1220
2077 2 2 13 16 1194 1128 1220
2078 2 2 13 16 1130 1129 1131
2079 2 2 13 16 1130 1131 1231
2080 2 2 13 16 1130 1181 1198
2081 2 2 13 16 1132 1140 1146
2082 2 2 13 16 1132 1146 1173
2083 2 2 13 16 1143 1134 1156
2084 2 2 13 16 1134 1152 1156
2085 2 2 13 16 1136 1155 1203
2086 2 2 13 16 1137 1138 1155
2087 2 2 13 16 1138 1139 1191
2088 2 2 13 16 1155 1138 1191
2089 2 2 13 16 1139 1165 1191
2090 2 2 13 16 1142 1158 1169
2091 2 2 13 16 1147 1144 1153
2092 2 2 13 16 1150 1151 1192
2093 2 2 13 16 1151 1168 1192
2094 2 2 13 16 1155 1191 1203
2095 2 2 13 16 1213 1162 1229
2096 2 2 13 16 1164 1195 1219
2097 2 2 13 16 1173 1204 1222
2098 2 2 13 16 1201 1176 1218
2099 2 2 13 17 23 1309 216
2100 2 2 13 17 274 1309 23
2101 2 2 13 17 218 1306 24
2102 2 2 13 17 24 1306 237
2103 2 2 13 17 258 1307 25
2104 2 2 13 17 25 1307 273
2105 2 2 13 17 271 1308 26
2106 2 2 13 17 26 1308 295
2107 2 2 13 17 216 1301 217
2108 2 2 13 17 216 1309 1301
2109 2 2 13 17 217 1258 218
2110 2 2 13 17 217 1301 1258
2111 2 2 13 17 1258 1306 218
2112 2 2 13 17 237 1298 238
2113 2 2 13 17 237 1306 1298
2114 2 2 13 17 238 1246 239
2115 2 2 13 17 238 1298 1246
2116 2 2 13 17 239 1264 240
2117 2 2 13 17 1246 1264 239
2118 2 2 13 17 240 1242 241
2119 2 2 13 17 240 1264 1242
2120 2 2 13 17 241 1279 242
2121 2 2 13 17 1242 1279 241
2122 2 2 13 17 242 1247 243
2123 2 2 13 17 242 1279 1247
2124 2 2 13 17 243 1295 244
2125 2 2 13 17 1247 1295 243
2126 2 2 13 17 244 1257 245
2127 2 2 13 17 244 1295 1257
2128 2 2 13 17 245 1292 246
2129 2 2 13 17 1257 1292 245
2130 2 2 13 17 246 1248 247
2131 2 2 13 17 246 1292 1248
2132 2 2 13 17 247 1287 248
2133 2 2 13 17 1248 1287 247
2134 2 2 13 17 248 1244 249
2135 2 2 13 17 248 1287 1244
2136 2 2 13 17 249 1291 250
2137 2 2 13 17 1244 1291 249
2138 2 2 13 17 250 1294 251
2139 2 2 13 17 1291 1294 250
2140 2 2 13 17 251 1245 252
2141 2 2 13 17 251 1294 1245
2142 2 2 13 17 252 1276 253
2143 2 2 13 17 1245 1276 252
2144 2 2 13 17 253 1240 254
2145 2 2 13 17 253 1276 1240
2146 2 2 13 17 254 1272 255
2147 2 2 13 17 1240 1272 254
2148 2 2 13 17 255 1293 256
2149 2 2 13 17 1272 1293 255
2150 2 2 13 17 256 1241 257
2151 2 2 13 17 256 1293 1241
2152 2 2 13 17 257 1299 258
2153 2 2 13 17 1241 1299 257
2154 2 2 13 17 1299 1307 258
2155 2 2 13 17 272 1300 271
2156 2 2 13 17 1300 1308 271
2157 2 2 13 17 273 1259 272
2158 2 2 13 17 1259 1300 272
2159 2 2 13 17 273 1307 1259
2160 2 2 13 17 275 1256 274
2161 2 2 13 17 1256 1309 274
2162 2 2 13 17 276 1260 275
2163 2 2 13 17 275 1260 1256
2164 2 2 13 17 277 1251 276
2165 2 2 13 17 1251 1260 276
2166 2 2 13 17 278 1280 277
2167 2 2 13 17 277 1280 1251
2168 2 2 13 17 279 1252 278
2169 2 2 13 17 1252 1280 278
2170 2 2 13 17 280 1283 279
2171 2 2 13 17 279 1283 1252
2172 2 2 13 17 281 1304 280
2173 2 2 13 17 280 1304 1283
2174 2 2 13 17 282 1243 281
2175 2 2 13 17 1243 1304 281
2176 2 2 13 17 283 1303 282
2177 2 2 13 17 282 1303 1243
2178 2 2 13 17 284 1290 283
2179 2 2 13 17 1290 1303 283
2180 2 2 13 17 285 1254 284
2181 2 2 13 17 1254 1290 284
2182 2 2 13 17 286 1284 285
2183 2 2 13 17 285 1284 1254
2184 2 2 13 17 287 1253 286
2185 2 2 13 17 1253 1284 286
2186 2 2 13 17 288 1305 287
2187 2 2 13 17 287 1305 1253
2188 2 2 13 17 289 1278 288
2189 2 2 13 17 1278 1305 288
2190 2 2 13 17 290 1249 289
2191 2 2 13 17 1249 1278 289
2192 2 2 13 17 291 1274 290
2193 2 2 13 17 290 1274 1249
2194 2 2 13 17 292 1270 291
2195 2 2 13 17 1270 1274 291
2196 2 2 13 17 293 1250 292
2197 2 2 13 17 1250 1270 292
2198 2 2 13 17 294 1266 293
2199 2 2 13 17 293 1266 1250
2200 2 2 13 17 295 1255 294
2201 2 2 13 17 1255 1266 294
2202 2 2 13 17 295 1308 1255
2203 2 2 13 17 1271 1272 1240
2204 2 2 13 17 1240 1273 1271
2205 2 2 13 17 1240 1276 1273
2206 2 2 13 17 1241 1268 1267
2207 2 2 13 17 1267 1299 1241
2208 2 2 13 17 1241 1293 1268
2209 2 2 13 17 1242 1264 1263
2210 2 2 13 17 1263 1265 1242
2211 2 2 13 17 1265 1279 1242
2212 2 2 13 17 1296 1302 1243
2213 2 2 13 17 1243 1303 1296
2214 2 2 13 17 1302 1304 1243
2215 2 2 13 17 1244 1287 1285
2216 2 2 13 17 1285 1289 1244
2217 2 2 13 17 1289 1291 1244
2218 2 2 13 17 1275 1276 1245
2219 2 2 13 17 1245 1277 1275
2220 2 2 13 17 1245 1294 1277
2221 2 2 13 17 1261 1262 1246
2222 2 2 13 17 1246 1298 1261
2223 2 2 13 17 1262 1264 1246
2224 2 2 13 17 1279 1281 1247
2225 2 2 13 17 1281 1282 1247
2226 2 2 13 17 1282 1295 1247
2227 2 2 13 17 1286 1287 1248
2228 2 2 13 17 1248 1288 1286
2229 2 2 13 17 1248 1292 1288
2230 2 2 13 17 1249 1274 1273
2231 2 2 13 17 1273 1275 1249
2232 2 2 13 17 1275 1278 1249
2233 2 2 13 17 1266 1268 1250
2234 2 2 13 17 1268 1269 1250
2235 2 2 13 17 1269 1270 1250
2236 2 2 13 17 1251 1262 1260
2237 2 2 13 17 1251 1263 1262
2238 2 2 13 17 1251 1280 1263
2239 2 2 13 17 1265 1280 1252
2240 2 2 13 17 1252 1281 1265
2241 2 2 13 17 1252 1283 1281
2242 2 2 13 17 1253 1289 1284
2243 2 2 13 17 1253 1297 1289
2244 2 2 13 17 1253 1305 1297
2245 2 2 13 17 1284 1285 1254
2246 2 2 13 17 1285 1286 1254
2247 2 2 13 17 1286 1290 1254
2248 2 2 13 17 1255 1267 1266
2249 2 2 13 17 1255 1311 1267
2250 2 2 13 17 1255 1308 1300
2251 2 2 13 17 1300 1311 1255
2252 2 2 13 17 1260 1261 1256
2253 2 2 13 17 1261 1310 1256
2254 2 2 13 17 1301 1309 1256
2255 2 2 13 17 1256 1310 1301
2256 2 2 13 17 1257 1296 1292
2257 2 2 13 17 1295 1302 1257
2258 2 2 13 17 1257 1302 1296
2259 2 2 13 17 1298 1306 1258
2260 2 2 13 17 1258 1310 1298
2261 2 2 13 17 1301 1310 1258
2262 2 2 13 17 1259 1307 1299
2263 2 2 13 17 1299 1311 1259
2264 2 2 13 17 1259 1311 1300
2265 2 2 13 17 1260 1262 1261
2266 2 2 13 17 1298 1310 1261
2267 2 2 13 17 1263 1264 1262
2268 2 2 13 17 1263 1280 1265
2269 2 2 13 17 1265 1281 1279
2270 2 2 13 17 1267 1268 1266
2271 2 2 13 17 1267 1311 1299
2272 2 2 13 17 1268 1293 1269
2273 2 2 13 17 1269 1271 1270
2274 2 2 13 17 1269 1272 1271
2275 2 2 13 17 1269 1293 1272
2276 2 2 13 17 1271 1274 1270
2277 2 2 13 17 1273 1274 1271
2278 2 2 13 17 1273 1276 1275
2279 2 2 13 17 1277 1278 1275
2280 2 2 13 17 1277 1305 1278
2281 2 2 13 17 1294 1297 1277
2282 2 2 13 17 1297 1305 1277
2283 2 2 13 17 1281 1283 1282
2284 2 2 13 17 1283 1304 1282
2285 2 2 13 17 1282 1302 1295
2286 2 2 13 17 1282 1304 1302
2287 2 2 13 17 1284 1289 1285
2288 2 2 13 17 1285 1287 1286
2289 2 2 13 17 1288 1290 1286
2290 2 2 13 17 1288 1303 1290
2291 2 2 13 17 1292 1296 1288
2292 2 2 13 17 1296 1303 1288
2293 2 2 13 17 1289 1297 1291
2294 2 2 13 17 1291 1297 1294
2295 2 2 13 18 13 96 1353
2296 2 2 13 18 107 13 1350
2297 2 2 13 18 13 310 1350
2298 2 2 13 18 310 13 1353
2299 2 2 13 18 296 27 1351
2300 2 2 13 18 27 307 1352
2301 2 2 13 18 27 308 1351
2302 2 2 13 18 308 27 1352
2303 2 2 13 18 96 97 1345
2304 2 2 13 18 96 1345 1353
2305 2 2 13 18 97 98 1314
2306 2 2 13 18 97 1314 1345
2307 2 2 13 18 98 99 1343
2308 2 2 13 18 1314 98 1343
2309 2 2 13 18 99 100 1313
2310 2 2 13 18 99 1313 1343
2311 2 2 13 18 100 101 1334
2312 2 2 13 18 1313 100 1334
2313 2 2 13 18 101 102 1319
2314 2 2 13 18 101 1319 1334
2315 2 2 13 18 102 103 1337
2316 2 2 13 18 1319 102 1337
2317 2 2 13 18 103 104 1342
2318 2 2 13 18 1337 103 1342
2319 2 2 13 18 104 105 1312
2320 2 2 13 18 104 1312 1342
2321 2 2 13 18 105 106 1348
2322 2 2 13 18 1312 105 1348
2323 2 2 13 18 106 107 1328
2324 2 2 13 18 106 1328 1348
2325 2 2 13 18 1328 107 1350
2326 2 2 13 18 297 296 1324
2327 2 2 13 18 1324 296 1351
2328 2 2 13 18 298 297 1349
2329 2 2 13 18 297 1324 1349
2330 2 2 13 18 299 298 1318
2331 2 2 13 18 1318 298 1349
2332 2 2 13 18 300 299 1331
2333 2 2 13 18 299 1318 1331
2334 2 2 13 18 301 300 1317
2335 2 2 13 18 1317 300 1331
2336 2 2 13 18 302 301 1341
2337 2 2 13 18 301 1317 1341
2338 2 2 13 18 303 302 1315
2339 2 2 13 18 1315 302 1341
2340 2 2 13 18 304 303 1339
2341 2 2 13 18 303 1315 1339
2342 2 2 13 18 305 304 1330
2343 2 2 13 18 1330 304 1339
2344 2 2 13 18 306 305 1316
2345 2 2 13 18 1316 305 1330
2346 2 2 13 18 307 306 1344
2347 2 2 13 18 306 1316 1344
2348 2 2 13 18 307 1344 1352
2349 2 2 13 18 308 309 1321
2350 2 2 13 18 309 308 1326
2351 2 2 13 18 308 1321 1351
2352 2 2 13 18 1326 308 1352
2353 2 2 13 18 310 309 1320
2354 2 2 13 18 309 310 1322
2355 2 2 13 18 1320 309 1326
2356 2 2 13 18 1321 309 1322
2357 2 2 13 18 310 1320 1350
2358 2 2 13 18 1322 310 1353
2359 2 2 13 18 1312 1340 1342
2360 2 2 13 18 1340 1312 1355
2361 2 2 13 18 1312 1348 1355
2362 2 2 13 18 1332 1313 1334
2363 2 2 13 18 1313 1332 1336
2364 2 2 13 18 1313 1336 1343
2365 2 2 13 18 1314 1343 1346
2366 2 2 13 18 1345 1314 1354
2367 2 2 13 18 1314 1346 1354
2368 2 2 13 18 1315 1335 1338
2369 2 2 13 18 1335 1315 1341
2370 2 2 13 18 1315 1338 1339
2371 2 2 13 18 1316 1330 1347
2372 2 2 13 18 1344 1316 1356
2373 2 2 13 18 1316 1347 1356
2374 2 2 13 18 1317 1331 1332
2375 2 2 13 18 1317 1332 1333
2376 2 2 13 18 1317 1333 1341
2377 2 2 13 18 1318 1325 1346
2378 2 2 13 18 1325 1318 1349
2379 2 2 13 18 1331 1318 1336
2380 2 2 13 18 1336 1318 1346
2381 2 2 13 18 1319 1333 1334
2382 2 2 13 18 1333 1319 1335
2383 2 2 13 18 1335 1319 1337
2384 2 2 13 18 1320 1326 1327
2385 2 2 13 18 1320 1327 1328
2386 2 2 13 18 1320 1328 1350
2387 2 2 13 18 1321 1322 1323
2388 2 2 13 18 1321 1323 1324
2389 2 2 13 18 1321 1324 1351
2390 2 2 13 18 1323 1322 1345
2391 2 2 13 18 1345 1322 1353
2392 2 2 13 18 1324 1323 1325
2393 2 2 13 18 1325 1323 1354
2394 2 2 13 18 1323 1345 1354
2395 2 2 13 18 1324 1325 1349
2396 2 2 13 18 1346 1325 1354
2397 2 2 13 18 1327 1326 1344
2398 2 2 13 18 1344 1326 1352
2399 2 2 13 18 1328 1327 1329
2400 2 2 13 18 1329 1327 1356
2401 2 2 13 18 1327 1344 1356
2402 2 2 13 18 1328 1329 1348
2403 2 2 13 18 1329 1347 1355
2404 2 2 13 18 1347 1329 1356
2405 2 2 13 18 1348 1329 1355
2406 2 2 13 18 1330 1339 1340
2407 2 2 13 18 1330 1340 1347
2408 2 2 13 18 1332 1331 1336
2409 2 2 13 18 1333 1332 1334
2410 2 2 13 18 1333 1335 1341
2411 2 2 13 18 1335 1337 1338
2412 2 2 13 18 1343 1336 1346
2413 2 2 13 18 1338 1337 1342
2414 2 2 13 18 1339 1338 1340
2415 2 2 13 18 1340 1338 1342
2416 2 2 13 18 1347 1340 1355
2417 4 2 1 1 484 336 483 1360
2418 4 2 1 1 494 348 346 1358
2419 4 2 1 1 334 336 484 1360
2420 4 2 1 1 483 336 335 1360
2421 4 2 1 1 482 334 484 1360
2422 4 2 1 1 482 483 335 1360
2423 4 2 1 1 482 335 334 1360
2424 4 2 1 1 348 494 496 1358
2425 4 2 1 1 93 472 324 1362
2426 4 2 1 1 1 61 2 1363
2427 4 2 1 1 46 61 1 1363
2428 4 2 1 1 139 93 92 1362
2429 4 2 1 1 139 472 93 1362
2430 4 2 1 1 139 92 138 1362
2431 4 2 1 1 349 348 496 1358
2432 4 2 1 1 138 324 472 1362
2433 4 2 1 1 138 92 324 1362
2434 4 2 1 1 376 2 524 1363
2435 4 2 1 1 1 2 376 1363
2436 4 2 1 1 497 494 346 1358
2437 4 2 1 1 497 349 496 1358
2438 4 2 1 1 376 524 46 1363
2439 4 2 1 1 61 46 524 1363
2440 4 2 1 1 349 497 346 1358
2441 4 2 1 1 603 559 455 1357
2442 4 2 1 1 543 411 559 1357
2443 4 2 1 1 342 492 345 490
2444 4 2 1 1 345 346 494 344
2445 4 2 1 1 492 342 345 344
2446 4 2 1 1 492 345 494 344
2447 4 2 1 1 340 488 486 489
2448 4 2 1 1 493 345 492 490
2449 4 2 1 1 345 492 494 493
2450 4 2 1 1 338 489 340 486
2451 4 2 1 1 344 346 494 347
2452 4 2 1 1 490 341 340 342
2453 4 2 1 1 340 488 489 490
2454 4 2 1 1 494 492 344 495
2455 4 2 1 1 137 138 378 526
2456 4 2 1 1 483 476 482 335
2457 4 2 1 1 318 466 137 526
2458 4 2 1 1 335 482 334 328
2459 4 2 1 1 137 318 526 378
2460 4 2 1 1 470 322 585 1361
2461 4 2 1 1 486 339 336 487
2462 4 2 1 1 487 336 486 484
2463 4 2 1 1 339 486 336 338
2464 4 2 1 1 489 338 340 341
2465 4 2 1 1 337 338 336 485
2466 4 2 1 1 348 494 346 347
2467 4 2 1 1 486 336 485 484
2468 4 2 1 1 91 138 92 378
2469 4 2 1 1 91 138 378 137
2470 4 2 1 1 486 336 338 485
2471 4 2 1 1 341 340 489 490
2472 4 2 1 1 495 344 494 347
2473 4 2 1 1 318 137 91 378
2474 4 2 1 1 339 488 486 340
2475 4 2 1 1 335 476 482 328
2476 4 2 1 1 488 339 486 487
2477 4 2 1 1 397 492 495 344
2478 4 2 1 1 486 339 340 338
2479 4 2 1 1 94 579 141 431
2480 4 2 1 1 341 489 393 508
2481 4 2 1 1 559 411 455 1357
2482 4 2 1 1 494 348 496 495
2483 4 2 1 1 90 466 137 318
2484 4 2 1 1 581 433 566 311
2485 4 2 1 1 570 368 150 516
2486 4 2 1 1 494 348 495 347
2487 4 2 1 1 336 337 485 483
2488 4 2 1 1 485 484 336 483
2489 4 2 1 1 141 95 94 431
2490 4 2 1 1 579 94 141 140
2491 4 2 1 1 521 107 373 427
2492 4 2 1 1 336 337 483 335
2493 4 2 1 1 106 426 518 370
2494 4 2 1 1 489 541 393 508
2495 4 2 1 1 80 127 549 126
2496 4 2 1 1 89 136 384 135
2497 4 2 1 1 89 136 90 384
2498 4 2 1 1 495 397 344 347
2499 4 2 1 1 492 397 495 545
2500 4 2 1 1 508 341 489 491
2501 4 2 1 1 466 90 137 136
2502 4 2 1 1 91 90 137 318
2503 4 2 1 1 320 382 468 582
2504 4 2 1 1 462 397 545 392
2505 4 2 1 1 127 80 549 81
2506 4 2 1 1 549 81 80 401
2507 4 2 1 1 518 568 105 370
2508 4 2 1 1 143 479 457 605
2509 4 2 1 1 490 394 345 342
2510 4 2 1 1 395 411 543 1357
2511 4 2 1 1 516 368 151 568
2512 4 2 1 1 530 364 512 582
2513 4 2 1 1 388 505 498 536
2514 4 2 1 1 148 103 375 102
2515 4 2 1 1 345 542 490 493
2516 4 2 1 1 547 42 58 57
2517 4 2 1 1 471 404 552 525
2518 4 2 1 1 334 537 525 482
2519 4 2 1 1 466 90 384 318
2520 4 2 1 1 566 433 581 529
2521 4 2 1 1 374 142 18 522
2522 4 2 1 1 553 114 8 405
2523 4 2 1 1 469 98 145 321
2524 4 2 1 1 526 324 138 378
2525 4 2 1 1 324 526 138 472
2526 4 2 1 1 85 84 131 314
2527 4 2 1 1 99 145 98 321
2528 4 2 1 1 587 439 556 513
2529 4 2 1 1 465 317 127 549
2530 4 2 1 1 352 355 503 502
2531 4 2 1 1 508 393 341 360
2532 4 2 1 1 384 135 136 532
2533 4 2 1 1 135 88 533 89
2534 4 2 1 1 356 503 502 504
2535 4 2 1 1 500 352 503 502
2536 4 2 1 1 413 441 101 561
2537 4 2 1 1 362 507 359 363
2538 4 2 1 1 144 98 145 469
2539 4 2 1 1 394 490 345 542
2540 4 2 1 1 571 97 479 423
2541 4 2 1 1 505 349 498 497
2542 4 2 1 1 321 469 98 327
2543 4 2 1 1 541 338 486 489
2544 4 2 1 1 322 126 549 470
2545 4 2 1 1 355 502 356 503
2546 4 2 1 1 312 534 51 460
2547 4 2 1 1 350 498 388 357
2548 4 2 1 1 136 90 384 466
2549 4 2 1 1 501 353 354 387
2550 4 2 1 1 503 356 383 504
2551 4 2 1 1 66 112 67 408
2552 4 2 1 1 12 563 140 415
2553 4 2 1 1 35 50 51 534
2554 4 2 1 1 378 138 92 324
2555 4 2 1 1 505 402 400 550
2556 4 2 1 1 571 595 447 514
2557 4 2 1 1 356 503 383 355
2558 4 2 1 1 585 322 437 1361
2559 4 2 1 1 475 98 144 469
2560 4 2 1 1 356 504 361 383
2561 4 2 1 1 87 463 398 133
2562 4 2 1 1 419 535 532 567
2563 4 2 1 1 350 498 357 349
2564 4 2 1 1 411 467 543 559
2565 4 2 1 1 476 390 475 328
2566 4 2 1 1 334 525 333 482
2567 4 2 1 1 404 471 323 525
2568 4 2 1 1 81 127 317 549
2569 4 2 1 1 549 317 81 401
2570 4 2 1 1 557 79 11 409
2571 4 2 1 1 345 543 542 493
2572 4 2 1 1 88 135 533 134
2573 4 2 1 1 503 352 388 355
2574 4 2 1 1 328 476 469 475
2575 4 2 1 1 352 503 388 500
2576 4 2 1 1 349 505 573 497
2577 4 2 1 1 489 393 338 341
2578 4 2 1 1 341 508 360 491
2579 4 2 1 1 491 360 341 343
2580 4 2 1 1 528 324 381 472
2581 4 2 1 1 490 492 343 342
2582 4 2 1 1 342 492 343 344
2583 4 2 1 1 505 388 498 357
2584 4 2 1 1 576 461 399 428
2585 4 2 1 1 390 476 475 538
2586 4 2 1 1 351 391 496 348
2587 4 2 1 1 29 560 4 412
2588 4 2 1 1 563 579 140 415
2589 4 2 1 1 361 531 504 509
2590 4 2 1 1 567 419 535 506
2591 4 2 1 1 336 537 334 484
2592 4 2 1 1 40 559 56 411
2593 4 2 1 1 349 505 498 357
2594 4 2 1 1 453 11 557 601
2595 4 2 1 1 369 340 488 339
2596 4 2 1 1 490 340 394 342
2597 4 2 1 1 517 488 487 339
2598 4 2 1 1 340 490 394 488
2599 4 2 1 1 532 384 387 419
2600 4 2 1 1 109 63 108 529
2601 4 2 1 1 550 548 400 505
2602 4 2 1 1 482 334 537 484
2603 4 2 1 1 145 99 146 478
2604 4 2 1 1 79 16 557 11
2605 4 2 1 1 16 79 557 125
2606 4 2 1 1 537 334 525 389
2607 4 2 1 1 54 38 53 400
2608 4 2 1 1 38 54 39 400
2609 4 2 1 1 515 337 367 483
2610 4 2 1 1 490 343 341 342
2611 4 2 1 1 469 321 328 327
2612 4 2 1 1 500 350 352 499
2613 4 2 1 1 488 517 369 339
2614 4 2 1 1 539 351 496 499
2615 4 2 1 1 577 481 333 525
2616 4 2 1 1 100 99 330 478
2617 4 2 1 1 126 322 549 80
2618 4 2 1 1 466 318 527 526
2619 4 2 1 1 392 545 495 397
2620 4 2 1 1 347 495 397 392
2621 4 2 1 1 136 384 532 466
2622 4 2 1 1 338 541 393 489
2623 4 2 1 1 42 58 43 399
2624 4 2 1 1 42 547 58 399
2625 4 2 1 1 56 40 411 41
2626 4 2 1 1 559 40 56 55
2627 4 2 1 1 549 602 454 470
2628 4 2 1 1 505 400 425 548
2629 4 2 1 1 379 526 318 378
2630 4 2 1 1 435 549 317 583
2631 4 2 1 1 535 354 502 506
2632 4 2 1 1 334 482 333 328
2633 4 2 1 1 380 526 378 324
2634 4 2 1 1 324 528 526 472
2635 4 2 1 1 340 394 369 488
2636 4 2 1 1 401 80 549 322
2637 4 2 1 1 51 36 35 534
2638 4 2 1 1 534 36 35 386
2639 4 2 1 1 505 425 349 573
2640 4 2 1 1 425 505 349 357
2641 4 2 1 1 533 89 88 385
2642 4 2 1 1 49 33 382 34
2643 4 2 1 1 53 38 37 402
2644 4 2 1 1 52 402 53 37
2645 4 2 1 1 57 42 467 547
2646 4 2 1 1 515 337 483 485
2647 4 2 1 1 313 399 43 461
2648 4 2 1 1 533 384 387 532
2649 4 2 1 1 333 481 482 525
2650 4 2 1 1 512 362 361 364
2651 4 2 1 1 512 510 509 361
2652 4 2 1 1 525 323 577 471
2653 4 2 1 1 410 558 383 386
2654 4 2 1 1 337 367 483 335
2655 4 2 1 1 394 517 369 488
2656 4 2 1 1 563 12 140 17
2657 4 2 1 1 122 77 372 123
2658 4 2 1 1 397 462 314 392
2659 4 2 1 1 392 545 462 540
2660 4 2 1 1 350 388 500 352
2661 4 2 1 1 525 323 404 377
2662 4 2 1 1 528 379 363 380
2663 4 2 1 1 394 542 488 490
2664 4 2 1 1 491 341 489 490
2665 4 2 1 1 51 36 534 312
2666 4 2 1 1 386 534 36 312
2667 4 2 1 1 390 475 437 538
2668 4 2 1 1 463 87 398 315
2669 4 2 1 1 77 122 372 76
2670 4 2 1 1 372 122 123 520
2671 4 2 1 1 501 354 502 535
2672 4 2 1 1 476 481 482 328
2673 4 2 1 1 402 505 400 357
2674 4 2 1 1 475 98 469 327
2675 4 2 1 1 316 548 54 464
2676 4 2 1 1 554 403 551 360
2677 4 2 1 1 384 533 387 385
2678 4 2 1 1 554 84 462 130
2679 4 2 1 1 339 487 537 336
2680 4 2 1 1 113 67 112 408
2681 4 2 1 1 316 54 55 464
2682 4 2 1 1 386 410 558 312
2683 4 2 1 1 352 499 501 500
2684 4 2 1 1 336 487 537 484
2685 4 2 1 1 348 496 495 391
2686 4 2 1 1 508 436 491 584
2687 4 2 1 1 515 367 435 401
2688 4 2 1 1 457 479 475 605
2689 4 2 1 1 511 448 527 596
2690 4 2 1 1 496 348 350 351
2691 4 2 1 1 547 58 399 461
2692 4 2 1 1 399 58 43 461
2693 4 2 1 1 354 535 358 506
2694 4 2 1 1 354 535 387 358
2695 4 2 1 1 507 362 510 511
2696 4 2 1 1 363 527 379 528
2697 4 2 1 1 400 505 425 357
2698 4 2 1 1 573 425 548 505
2699 4 2 1 1 463 398 565 315
2700 4 2 1 1 499 350 352 351
2701 4 2 1 1 348 495 347 391
2702 4 2 1 1 316 54 400 39
2703 4 2 1 1 394 542 517 488
2704 4 2 1 1 84 554 462 406
2705 4 2 1 1 39 55 316 54
2706 4 2 1 1 55 39 316 40
2707 4 2 1 1 457 475 98 605
2708 4 2 1 1 86 398 133 87
2709 4 2 1 1 132 398 133 86
2710 4 2 1 1 70 117 371 116
2711 4 2 1 1 462 84 131 130
2712 4 2 1 1 408 112 113 556
2713 4 2 1 1 558 531 383 534
2714 4 2 1 1 445 533 387 593
2715 4 2 1 1 500 352 502 501
2716 4 2 1 1 583 317 465 549
2717 4 2 1 1 499 496 350 351
2718 4 2 1 1 558 534 312 460
2719 4 2 1 1 140 12 415 94
2720 4 2 1 1 318 384 466 419
2721 4 2 1 1 502 352 355 354
2722 4 2 1 1 537 336 334 389
2723 4 2 1 1 333 482 481 328
2724 4 2 1 1 45 61 46 471
2725 4 2 1 1 64 111 65 459
2726 4 2 1 1 64 111 459 110
2727 4 2 1 1 431 94 579 415
2728 4 2 1 1 418 528 381 566
2729 4 2 1 1 599 29 28 451
2730 4 2 1 1 314 406 84 462
2731 4 2 1 1 392 580 462 432
2732 4 2 1 1 494 544 497 346
2733 4 2 1 1 576 399 517 428
2734 4 2 1 1 369 517 399 428
2735 4 2 1 1 535 501 354 387
2736 4 2 1 1 371 116 117 519
2737 4 2 1 1 117 70 371 71
2738 4 2 1 1 435 583 515 549
2739 4 2 1 1 539 391 417 398
2740 4 2 1 1 502 355 356 354
2741 4 2 1 1 500 503 388 536
2742 4 2 1 1 402 52 53 550
2743 4 2 1 1 494 345 544 346
2744 4 2 1 1 324 528 381 380
2745 4 2 1 1 13 107 373 521
2746 4 2 1 1 569 510 362 511
2747 4 2 1 1 134 88 87 463
2748 4 2 1 1 387 535 532 419
2749 4 2 1 1 352 351 353 501
2750 4 2 1 1 377 525 334 389
2751 4 2 1 1 430 578 103 375
2752 4 2 1 1 483 390 476 335
2753 4 2 1 1 87 133 134 463
2754 4 2 1 1 361 507 504 359
2755 4 2 1 1 375 578 149 523
2756 4 2 1 1 149 103 578 375
2757 4 2 1 1 540 392 391 398
2758 4 2 1 1 33 49 382 48
2759 4 2 1 1 475 328 390 327
2760 4 2 1 1 563 477 572 329
2761 4 2 1 1 577 429 323 377
2762 4 2 1 1 323 525 577 377
2763 4 2 1 1 503 383 531 504
2764 4 2 1 1 504 356 361 359
2765 4 2 1 1 345 494 544 493
2766 4 2 1 1 528 418 381 380
2767 4 2 1 1 475 469 328 327
2768 4 2 1 1 412 560 4 474
2769 4 2 1 1 45 61 471 60
2770 4 2 1 1 320 468 35 534
2771 4 2 1 1 579 514 141 431
2772 4 2 1 1 345 544 543 493
2773 4 2 1 1 499 352 501 351
2774 4 2 1 1 586 438 388 357
2775 4 2 1 1 362 507 361 359
2776 4 2 1 1 361 531 383 504
2777 4 2 1 1 492 343 491 490
2778 4 2 1 1 549 435 317 401
2779 4 2 1 1 84 462 131 314
2780 4 2 1 1 548 54 53 400
2781 4 2 1 1 579 94 140 415
2782 4 2 1 1 511 527 363 528
2783 4 2 1 1 358 535 419 506
2784 4 2 1 1 535 358 419 387
2785 4 2 1 1 525 333 577 377
2786 4 2 1 1 429 577 333 377
2787 4 2 1 1 354 501 352 353
2788 4 2 1 1 362 512 361 510
2789 4 2 1 1 485 337 338 541
2790 4 2 1 1 395 603 455 1357
2791 4 2 1 1 399 319 42 547
2792 4 2 1 1 375 149 148 523
2793 4 2 1 1 103 148 375 149
2794 4 2 1 1 418 566 421 363
2795 4 2 1 1 535 532 533 387
2796 4 2 1 1 145 444 592 469
2797 4 2 1 1 338 486 485 541
2798 4 2 1 1 507 361 504 509
2799 4 2 1 1 390 476 335 328
2800 4 2 1 1 477 416 572 329
2801 4 2 1 1 384 135 533 89
2802 4 2 1 1 403 128 129 551
2803 4 2 1 1 349 544 396 346
2804 4 2 1 1 99 100 146 478
2805 4 2 1 1 454 602 437 1361
2806 4 2 1 1 437 331 479 327
2807 4 2 1 1 129 83 82 403
2808 4 2 1 1 128 403 129 82
2809 4 2 1 1 461 313 399 428
2810 4 2 1 1 532 466 419 567
2811 4 2 1 1 346 544 396 345
2812 4 2 1 1 391 539 540 398
2813 4 2 1 1 514 95 141 431
2814 4 2 1 1 544 345 543 396
2815 4 2 1 1 526 380 528 324
2816 4 2 1 1 343 490 341 491
2817 4 2 1 1 459 581 566 311
2818 4 2 1 1 402 438 586 357
2819 4 2 1 1 452 118 119 600
2820 4 2 1 1 361 510 509 507
2821 4 2 1 1 525 334 333 377
2822 4 2 1 1 417 565 539 398
2823 4 2 1 1 398 565 539 546
2824 4 2 1 1 397 343 492 344
2825 4 2 1 1 348 350 349 496
2826 4 2 1 1 537 389 339 336
2827 4 2 1 1 468 320 582 534
2828 4 2 1 1 390 483 476 538
2829 4 2 1 1 433 418 566 311
2830 4 2 1 1 507 362 511 363
2831 4 2 1 1 388 498 500 536
2832 4 2 1 1 319 467 42 547
2833 4 2 1 1 9 139 588 93
2834 4 2 1 1 53 402 400 38
2835 4 2 1 1 454 549 515 602
2836 4 2 1 1 585 538 437 475
2837 4 2 1 1 390 475 327 437
2838 4 2 1 1 534 383 558 386
2839 4 2 1 1 528 381 529 472
2840 4 2 1 1 526 379 318 527
2841 4 2 1 1 44 60 552 59
2842 4 2 1 1 60 44 552 45
2843 4 2 1 1 18 96 142 374
2844 4 2 1 1 524 376 46 323
2845 4 2 1 1 495 347 391 392
2846 4 2 1 1 553 375 114 405
2847 4 2 1 1 29 4 3 412
2848 4 2 1 1 500 498 350 499
2849 4 2 1 1 388 503 355 410
2850 4 2 1 1 96 18 13 374
2851 4 2 1 1 508 554 551 360
2852 4 2 1 1 479 423 97 331
2853 4 2 1 1 97 571 479 143
2854 4 2 1 1 552 60 45 471
2855 4 2 1 1 545 392 495 540
2856 4 2 1 1 399 547 461 576
2857 4 2 1 1 46 61 524 471
2858 4 2 1 1 381 566 528 529
2859 4 2 1 1 507 506 504 359
2860 4 2 1 1 384 532 466 419
2861 4 2 1 1 326 412 4 474
2862 4 2 1 1 439 473 530 587
2863 4 2 1 1 480 332 2 597
2864 4 2 1 1 113 443 408 591
2865 4 2 1 1 356 504 506 359
2866 4 2 1 1 459 421 407 311
2867 4 2 1 1 548 316 54 400
2868 4 2 1 1 386 558 534 312
2869 4 2 1 1 471 46 45 323
2870 4 2 1 1 466 419 527 318
2871 4 2 1 1 496 350 498 499
2872 4 2 1 1 115 68 114 375
2873 4 2 1 1 375 114 115 523
2874 4 2 1 1 511 362 569 363
2875 4 2 1 1 436 554 462 584
2876 4 2 1 1 463 88 87 315
2877 4 2 1 1 434 364 382 582
2878 4 2 1 1 364 530 382 582
2879 4 2 1 1 572 13 374 424
2880 4 2 1 1 513 364 362 512
2881 4 2 1 1 491 397 492 545
2882 4 2 1 1 440 93 9 588
2883 4 2 1 1 52 312 402 37
2884 4 2 1 1 5 47 443 591
2885 4 2 1 1 467 411 543 319
2886 4 2 1 1 411 395 543 319
2887 4 2 1 1 487 537 576 339
2888 4 2 1 1 351 539 496 391
2889 4 2 1 1 593 445 353 387
2890 4 2 1 1 398 133 463 546
2891 4 2 1 1 549 515 435 401
2892 4 2 1 1 598 389 525 450
2893 4 2 1 1 539 540 398 546
2894 4 2 1 1 382 48 325 33
2895 4 2 1 1 135 384 533 532
2896 4 2 1 1 498 388 500 350
2897 4 2 1 1 469 145 444 321
2898 4 2 1 1 382 320 434 582
2899 4 2 1 1 468 382 530 582
2900 4 2 1 1 541 337 338 393
2901 4 2 1 1 41 56 57 467
2902 4 2 1 1 503 410 383 355
2903 4 2 1 1 403 129 554 551
2904 4 2 1 1 145 444 478 592
2905 4 2 1 1 145 99 444 321
2906 4 2 1 1 389 576 339 428
2907 4 2 1 1 37 36 52 312
2908 4 2 1 1 45 44 552 404
2909 4 2 1 1 381 108 63 529
2910 4 2 1 1 108 381 63 62
2911 4 2 1 1 475 437 479 327
2912 4 2 1 1 437 479 585 475
2913 4 2 1 1 129 403 554 83
2914 4 2 1 1 423 97 96 571
2915 4 2 1 1 597 442 100 590
2916 4 2 1 1 79 126 322 125
2917 4 2 1 1 560 29 4 31
2918 4 2 1 1 398 417 565 315
2919 4 2 1 1 546 398 565 463
2920 4 2 1 1 469 328 481 476
2921 4 2 1 1 554 403 360 406
2922 4 2 1 1 360 604 393 456
2923 4 2 1 1 491 436 360 343
2924 4 2 1 1 436 508 491 360
2925 4 2 1 1 463 88 533 134
2926 4 2 1 1 404 552 45 471
2927 4 2 1 1 139 9 588 14
2928 4 2 1 1 513 439 556 365
2929 4 2 1 1 408 556 439 365
2930 4 2 1 1 376 330 577 524
2931 4 2 1 1 330 478 577 524
2932 4 2 1 1 478 99 330 444
2933 4 2 1 1 424 374 563 415
2934 4 2 1 1 385 533 89 384
2935 4 2 1 1 143 457 98 605
2936 4 2 1 1 433 566 418 381
2937 4 2 1 1 603 396 395 455
2938 4 2 1 1 473 530 48 325
2939 4 2 1 1 501 354 352 502
2940 4 2 1 1 322 125 126 470
2941 4 2 1 1 402 53 400 550
2942 4 2 1 1 566 511 569 363
2943 4 2 1 1 544 349 497 346
2944 4 2 1 1 604 551 403 360
2945 4 2 1 1 421 569 362 363
2946 4 2 1 1 380 526 379 378
2947 4 2 1 1 487 576 517 339
2948 4 2 1 1 581 433 63 529
2949 4 2 1 1 404 598 525 450
2950 4 2 1 1 419 466 527 567
2951 4 2 1 1 97 479 457 143
2952 4 2 1 1 97 479 331 457
2953 4 2 1 1 128 82 81 317
2954 4 2 1 1 56 411 559 467
2955 4 2 1 1 507 362 361 510
2956 4 2 1 1 65 64 459 311
2957 4 2 1 1 521 153 107 575
2958 4 2 1 1 427 521 107 575
2959 4 2 1 1 330 597 100 478
2960 4 2 1 1 604 393 541 508
2961 4 2 1 1 328 469 481 321
2962 4 2 1 1 514 366 95 431
2963 4 2 1 1 428 517 576 339
2964 4 2 1 1 407 65 111 459
2965 4 2 1 1 369 517 428 339
2966 4 2 1 1 333 481 321 328
2967 4 2 1 1 150 368 422 104
2968 4 2 1 1 368 570 150 422
2969 4 2 1 1 497 349 498 496
2970 4 2 1 1 568 420 105 370
2971 4 2 1 1 105 151 568 518
2972 4 2 1 1 403 456 604 360
2973 4 2 1 1 420 105 368 568
2974 4 2 1 1 105 151 368 568
2975 4 2 1 1 409 11 557 453
2976 4 2 1 1 426 574 152 518
2977 4 2 1 1 426 152 106 518
2978 4 2 1 1 353 351 565 501
2979 4 2 1 1 52 460 550 402
2980 4 2 1 1 322 549 454 470
2981 4 2 1 1 559 40 316 411
2982 4 2 1 1 558 410 503 536
2983 4 2 1 1 366 571 447 514
2984 4 2 1 1 56 411 467 41
2985 4 2 1 1 539 495 496 391
2986 4 2 1 1 88 315 533 385
2987 4 2 1 1 471 45 404 323
2988 4 2 1 1 586 388 536 505
2989 4 2 1 1 55 316 464 559
2990 4 2 1 1 471 524 46 323
2991 4 2 1 1 53 550 548 400
2992 4 2 1 1 350 498 349 496
2993 4 2 1 1 57 42 41 467
2994 4 2 1 1 351 499 565 501
2995 4 2 1 1 550 402 586 505
2996 4 2 1 1 551 128 465 403
2997 4 2 1 1 444 145 478 99
2998 4 2 1 1 566 569 421 363
2999 4 2 1 1 329 424 563 415
3000 4 2 1 1 128 317 403 82
3001 4 2 1 1 512 362 513 510
3002 4 2 1 1 47 5 6 591
3003 4 2 1 1 50 35 468 534
3004 4 2 1 1 547 399 517 576
3005 4 2 1 1 513 439 364 587
3006 4 2 1 1 491 397 343 492
3007 4 2 1 1 388 503 410 536
3008 4 2 1 1 316 55 40 559
3009 4 2 1 1 517 399 594 369
3010 4 2 1 1 468 34 382 320
3011 4 2 1 1 64 581 433 63
3012 4 2 1 1 312 52 402 460
3013 4 2 1 1 447 579 514 595
3014 4 2 1 1 576 389 339 537
3015 4 2 1 1 11 16 557 601
3016 4 2 1 1 434 531 534 383
3017 4 2 1 1 412 4 3 326
3018 4 2 1 1 317 127 128 465
3019 4 2 1 1 410 503 383 558
3020 4 2 1 1 447 595 96 374
3021 4 2 1 1 312 51 52 460
3022 4 2 1 1 543 467 319 594
3023 4 2 1 1 28 2 30 332
3024 4 2 1 1 594 446 369 399
3025 4 2 1 1 602 454 470 1361
3026 4 2 1 1 382 48 49 530
3027 4 2 1 1 595 96 571 447
3028 4 2 1 1 88 463 533 315
3029 4 2 1 1 7 8 114 405
3030 4 2 1 1 453 479 423 601
3031 4 2 1 1 432 314 462 392
3032 4 2 1 1 580 392 462 540
3033 4 2 1 1 47 32 5 443
3034 4 2 1 1 604 360 393 508
3035 4 2 1 1 363 566 528 418
3036 4 2 1 1 13 18 153 521
3037 4 2 1 1 433 566 381 529
3038 4 2 1 1 596 448 507 511
3039 4 2 1 1 398 132 133 546
3040 4 2 1 1 572 374 563 424
3041 4 2 1 1 598 389 537 525
3042 4 2 1 1 603 559 316 455
3043 4 2 1 1 364 582 361 512
3044 4 2 1 1 512 582 361 509
3045 4 2 1 1 126 79 322 80
3046 4 2 1 1 533 445 387 385
3047 4 2 1 1 589 147 101 561
3048 4 2 1 1 441 589 101 561
3049 4 2 1 1 502 356 504 506
3050 4 2 1 1 392 391 495 540
3051 4 2 1 1 530 439 587 364
3052 4 2 1 1 541 485 337 583
3053 4 2 1 1 560 451 29 599
3054 4 2 1 1 598 404 525 552
3055 4 2 1 1 364 513 362 365
3056 4 2 1 1 448 527 379 363
3057 4 2 1 1 419 318 379 527
3058 4 2 1 1 337 435 515 367
3059 4 2 1 1 81 127 128 317
3060 4 2 1 1 528 363 418 380
3061 4 2 1 1 462 436 584 397
3062 4 2 1 1 543 396 345 395
3063 4 2 1 1 393 583 337 435
3064 4 2 1 1 382 49 34 468
3065 4 2 1 1 432 132 398 580
3066 4 2 1 1 555 569 421 459
3067 4 2 1 1 421 407 555 459
3068 4 2 1 1 505 586 388 357
3069 4 2 1 1 317 128 403 465
3070 4 2 1 1 549 322 454 401
3071 4 2 1 1 68 115 69 375
3072 4 2 1 1 515 401 454 367
3073 4 2 1 1 316 573 548 464
3074 4 2 1 1 432 462 131 580
3075 4 2 1 1 28 31 599 30
3076 4 2 1 1 332 2 30 480
3077 4 2 1 1 383 558 503 531
3078 4 2 1 1 594 399 319 446
3079 4 2 1 1 367 483 390 515
3080 4 2 1 1 424 572 13 373
3081 4 2 1 1 83 130 554 129
3082 4 2 1 1 551 604 508 360
3083 4 2 1 1 583 337 515 485
3084 4 2 1 1 584 436 554 508
3085 4 2 1 1 534 35 320 386
3086 4 2 1 1 581 311 64 433
3087 4 2 1 1 526 380 379 528
3088 4 2 1 1 391 539 495 540
3089 4 2 1 1 575 427 123 372
3090 4 2 1 1 522 18 374 572
3091 4 2 1 1 596 527 567 448
3092 4 2 1 1 108 529 440 588
3093 4 2 1 1 142 97 571 96
3094 4 2 1 1 597 330 100 449
3095 4 2 1 1 100 146 478 597
3096 4 2 1 1 501 593 353 387
3097 4 2 1 1 563 374 579 415
3098 4 2 1 1 83 403 554 406
3099 4 2 1 1 337 583 515 435
3100 4 2 1 1 534 434 383 386
3101 4 2 1 1 505 402 586 357
3102 4 2 1 1 392 580 432 398
3103 4 2 1 1 65 112 407 111
3104 4 2 1 1 16 95 141 514
3105 4 2 1 1 314 131 85 432
3106 4 2 1 1 528 527 379 526
3107 4 2 1 1 483 367 390 335
3108 4 2 1 1 506 358 356 359
3109 4 2 1 1 563 572 424 329
3110 4 2 1 1 374 595 579 447
3111 4 2 1 1 554 436 462 406
3112 4 2 1 1 101 413 561 562
3113 4 2 1 1 421 459 566 311
3114 4 2 1 1 434 534 320 386
3115 4 2 1 1 448 511 527 363
3116 4 2 1 1 589 102 101 148
3117 4 2 1 1 48 382 325 530
3118 4 2 1 1 445 463 533 593
3119 4 2 1 1 98 605 475 144
3120 4 2 1 1 555 513 365 569
3121 4 2 1 1 583 393 337 541
3122 4 2 1 1 416 424 572 329
3123 4 2 1 1 327 331 479 457
3124 4 2 1 1 577 429 330 376
3125 4 2 1 1 443 113 408 67
3126 4 2 1 1 459 407 65 311
3127 4 2 1 1 584 462 397 545
3128 4 2 1 1 29 599 28 31
3129 4 2 1 1 44 59 552 313
3130 4 2 1 1 421 566 418 311
3131 4 2 1 1 387 593 533 535
3132 4 2 1 1 51 312 52 36
3133 4 2 1 1 436 406 314 462
3134 4 2 1 1 451 560 29 412
3135 4 2 1 1 467 42 41 319
3136 4 2 1 1 63 109 581 529
3137 4 2 1 1 107 427 575 372
3138 4 2 1 1 372 153 575 107
3139 4 2 1 1 377 450 525 389
3140 4 2 1 1 566 363 528 511
3141 4 2 1 1 565 445 353 593
3142 4 2 1 1 132 432 131 580
3143 4 2 1 1 423 571 447 366
3144 4 2 1 1 132 432 398 86
3145 4 2 1 1 573 396 349 544
3146 4 2 1 1 113 591 408 556
3147 4 2 1 1 473 32 48 47
3148 4 2 1 1 359 507 448 363
3149 4 2 1 1 443 113 5 591
3150 4 2 1 1 2 597 376 524
3151 4 2 1 1 512 364 587 513
3152 4 2 1 1 515 390 538 483
3153 4 2 1 1 64 581 63 110
3154 4 2 1 1 59 44 43 313
3155 4 2 1 1 590 147 562 442
3156 4 2 1 1 97 142 571 143
3157 4 2 1 1 473 439 530 325
3158 4 2 1 1 1 2 449 376
3159 4 2 1 1 63 110 581 109
3160 4 2 1 1 448 507 506 596
3161 4 2 1 1 366 95 11 514
3162 4 2 1 1 44 552 404 313
3163 4 2 1 1 86 131 432 85
3164 4 2 1 1 442 597 100 449
3165 4 2 1 1 146 100 590 597
3166 4 2 1 1 468 35 34 320
3167 4 2 1 1 531 434 534 582
3168 4 2 1 1 404 450 525 377
3169 4 2 1 1 601 479 423 571
3170 4 2 1 1 603 316 573 455
3171 4 2 1 1 590 100 147 442
3172 4 2 1 1 499 565 539 351
3173 4 2 1 1 364 587 530 512
3174 4 2 1 1 112 65 407 66
3175 4 2 1 1 101 148 147 589
3176 4 2 1 1 102 589 101 441
3177 4 2 1 1 431 579 374 415
3178 4 2 1 1 105 106 518 370
3179 4 2 1 1 502 356 506 354
3180 4 2 1 1 327 479 475 457
3181 4 2 1 1 77 123 427 372
3182 4 2 1 1 15 416 78 564
3183 4 2 1 1 534 434 320 582
3184 4 2 1 1 568 452 119 600
3185 4 2 1 1 548 400 425 316
3186 4 2 1 1 579 447 514 431
3187 4 2 1 1 574 372 152 520
3188 4 2 1 1 467 41 411 319
3189 4 2 1 1 123 575 372 520
3190 4 2 1 1 107 13 153 521
3191 4 2 1 1 399 517 594 547
3192 4 2 1 1 567 596 448 506
3193 4 2 1 1 475 457 98 327
3194 4 2 1 1 368 151 150 516
3195 4 2 1 1 569 365 555 421
3196 4 2 1 1 365 407 555 421
3197 4 2 1 1 549 454 515 401
3198 4 2 1 1 130 83 554 84
3199 4 2 1 1 529 381 108 440
3200 4 2 1 1 62 108 381 440
3201 4 2 1 1 560 413 474 412
3202 4 2 1 1 557 322 79 409
3203 4 2 1 1 543 544 396 603
3204 4 2 1 1 131 86 432 132
3205 4 2 1 1 49 35 34 468
3206 4 2 1 1 9 14 108 588
3207 4 2 1 1 440 9 108 588
3208 4 2 1 1 322 79 125 557
3209 4 2 1 1 64 459 581 110
3210 4 2 1 1 332 1 2 449
3211 4 2 1 1 372 152 106 426
3212 4 2 1 1 372 574 152 426
3213 4 2 1 1 374 572 563 522
3214 4 2 1 1 554 84 83 406
3215 4 2 1 1 48 33 32 325
3216 4 2 1 1 556 439 587 473
3217 4 2 1 1 508 436 554 360
3218 4 2 1 1 573 544 349 497
3219 4 2 1 1 358 356 354 506
3220 4 2 1 1 598 428 389 450
3221 4 2 1 1 565 417 351 353
3222 4 2 1 1 593 501 535 387
3223 4 2 1 1 470 322 125 557
3224 4 2 1 1 113 6 5 591
3225 4 2 1 1 453 557 479 601
3226 4 2 1 1 399 594 319 547
3227 4 2 1 1 313 59 552 461
3228 4 2 1 1 573 316 548 425
3229 4 2 1 1 414 562 101 442
3230 4 2 1 1 153 372 575 520
3231 4 2 1 1 453 601 423 366
3232 4 2 1 1 513 556 555 365
3233 4 2 1 1 556 408 555 365
3234 4 2 1 1 472 440 93 324
3235 4 2 1 1 394 446 594 1359
3236 4 2 1 1 119 120 420 568
3237 4 2 1 1 376 577 323 524
3238 4 2 1 1 32 473 48 325
3239 4 2 1 1 371 570 150 519
3240 4 2 1 1 419 527 448 567
3241 4 2 1 1 98 143 605 144
3242 4 2 1 1 366 601 571 514
3243 4 2 1 1 521 13 572 373
3244 4 2 1 1 150 422 570 371
3245 4 2 1 1 422 150 104 371
3246 4 2 1 1 562 101 413 414
3247 4 2 1 1 428 598 389 576
3248 4 2 1 1 459 421 566 569
3249 4 2 1 1 467 319 594 547
3250 4 2 1 1 411 316 559 455
3251 4 2 1 1 313 43 59 461
3252 4 2 1 1 412 413 474 326
3253 4 2 1 1 112 407 408 66
3254 4 2 1 1 436 406 554 360
3255 4 2 1 1 507 448 506 359
3256 4 2 1 1 542 394 594 1359
3257 4 2 1 1 2 597 449 376
3258 4 2 1 1 462 314 436 397
3259 4 2 1 1 396 603 573 455
3260 4 2 1 1 396 573 349 425
3261 4 2 1 1 578 371 116 430
3262 4 2 1 1 559 316 464 603
3263 4 2 1 1 454 515 390 602
3264 4 2 1 1 457 143 98 97
3265 4 2 1 1 472 139 93 588
3266 4 2 1 1 107 153 152 372
3267 4 2 1 1 407 111 555 459
3268 4 2 1 1 447 579 374 431
3269 4 2 1 1 599 28 332 451
3270 4 2 1 1 131 314 462 432
3271 4 2 1 1 601 453 11 366
3272 4 2 1 1 578 69 115 375
3273 4 2 1 1 439 513 364 365
3274 4 2 1 1 602 585 437 1361
3275 4 2 1 1 578 103 371 430
3276 4 2 1 1 371 149 103 578
3277 4 2 1 1 565 593 353 501
3278 4 2 1 1 366 11 601 514
3279 4 2 1 1 454 322 470 1361
3280 4 2 1 1 580 392 540 398
3281 4 2 1 1 58 59 43 461
3282 4 2 1 1 7 114 68 405
3283 4 2 1 1 440 472 93 588
3284 4 2 1 1 394 369 517 594
3285 4 2 1 1 361 582 531 509
3286 4 2 1 1 371 70 116 430
3287 4 2 1 1 451 599 560 414
3288 4 2 1 1 582 364 361 434
3289 4 2 1 1 439 382 530 325
3290 4 2 1 1 521 416 427 373
3291 4 2 1 1 514 447 366 431
3292 4 2 1 1 369 394 446 594
3293 4 2 1 1 371 578 116 519
3294 4 2 1 1 530 49 382 468
3295 4 2 1 1 491 436 397 584
3296 4 2 1 1 13 572 374 18
3297 4 2 1 1 119 74 420 120
3298 4 2 1 1 15 78 124 564
3299 4 2 1 1 416 15 78 10
3300 4 2 1 1 49 50 35 468
3301 4 2 1 1 9 108 62 440
3302 4 2 1 1 597 332 2 449
3303 4 2 1 1 407 555 408 365
3304 4 2 1 1 69 578 430 375
3305 4 2 1 1 381 63 433 529
3306 4 2 1 1 533 315 445 385
3307 4 2 1 1 76 122 372 574
3308 4 2 1 1 520 372 122 574
3309 4 2 1 1 517 542 394 594
3310 4 2 1 1 115 578 375 523
3311 4 2 1 1 71 117 422 371
3312 4 2 1 1 117 570 371 519
3313 4 2 1 1 389 576 598 537
3314 4 2 1 1 417 391 539 351
3315 4 2 1 1 527 419 448 379
3316 4 2 1 1 586 438 410 388
3317 4 2 1 1 371 149 578 519
3318 4 2 1 1 376 597 330 524
3319 4 2 1 1 478 330 597 524
3320 4 2 1 1 577 524 471 323
3321 4 2 1 1 570 422 117 371
3322 4 2 1 1 560 29 31 599
3323 4 2 1 1 416 427 78 564
3324 4 2 1 1 374 595 142 522
3325 4 2 1 1 67 113 5 443
3326 4 2 1 1 511 448 507 363
3327 4 2 1 1 427 124 123 78
3328 4 2 1 1 395 543 603 1357
3329 4 2 1 1 398 580 132 546
3330 4 2 1 1 374 563 579 522
3331 4 2 1 1 459 64 581 311
3332 4 2 1 1 124 427 123 575
3333 4 2 1 1 373 424 572 416
3334 4 2 1 1 574 372 76 426
3335 4 2 1 1 120 75 606 121
3336 4 2 1 1 448 419 567 506
3337 4 2 1 1 586 312 438 402
3338 4 2 1 1 565 463 445 593
3339 4 2 1 1 315 533 445 463
3340 4 2 1 1 372 153 152 520
3341 4 2 1 1 556 408 112 555
3342 4 2 1 1 416 521 427 564
3343 4 2 1 1 563 329 12 477
3344 4 2 1 1 398 540 580 546
3345 4 2 1 1 584 397 491 545
3346 4 2 1 1 412 451 560 414
3347 4 2 1 1 316 603 573 464
3348 4 2 1 1 409 557 322 585
3349 4 2 1 1 571 423 601 366
3350 4 2 1 1 407 111 112 555
3351 4 2 1 1 479 453 423 331
3352 4 2 1 1 395 543 396 603
3353 4 2 1 1 417 539 565 351
3354 4 2 1 1 146 100 147 590
3355 4 2 1 1 564 416 572 477
3356 4 2 1 1 408 591 443 473
3357 4 2 1 1 107 152 106 372
3358 4 2 1 1 577 376 323 429
3359 4 2 1 1 381 472 324 440
3360 4 2 1 1 531 434 361 383
3361 4 2 1 1 410 586 312 438
3362 4 2 1 1 96 423 571 447
3363 4 2 1 1 557 470 322 585
3364 4 2 1 1 28 1 2 332
3365 4 2 1 1 16 11 95 514
3366 4 2 1 1 454 515 367 390
3367 4 2 1 1 393 583 435 456
3368 4 2 1 1 598 450 313 428
3369 4 2 1 1 600 452 516 568
3370 4 2 1 1 606 420 370 458
3371 4 2 1 1 147 101 562 442
3372 4 2 1 1 530 382 439 364
3373 4 2 1 1 595 374 579 522
3374 4 2 1 1 101 147 100 442
3375 4 2 1 1 449 597 330 376
3376 4 2 1 1 448 506 359 358
3377 4 2 1 1 410 558 586 536
3378 4 2 1 1 440 529 472 588
3379 4 2 1 1 478 444 577 592
3380 4 2 1 1 408 439 473 325
3381 4 2 1 1 393 583 456 604
3382 4 2 1 1 557 453 479 409
3383 4 2 1 1 112 407 555 408
3384 4 2 1 1 147 101 561 562
3385 4 2 1 1 405 114 68 375
3386 4 2 1 1 436 491 397 343
3387 4 2 1 1 375 553 114 523
3388 4 2 1 1 606 75 74 458
3389 4 2 1 1 444 478 577 330
3390 4 2 1 1 444 592 469 481
3391 4 2 1 1 13 521 572 18
3392 4 2 1 1 74 119 420 73
3393 4 2 1 1 452 118 72 119
3394 4 2 1 1 576 598 461 428
3395 4 2 1 1 388 410 586 536
3396 4 2 1 1 439 556 408 473
3397 4 2 1 1 124 78 427 564
3398 4 2 1 1 409 557 585 479
3399 4 2 1 1 460 550 402 586
3400 4 2 1 1 575 124 427 564
3401 4 2 1 1 419 448 358 506
3402 4 2 1 1 583 393 541 604
3403 4 2 1 1 404 598 450 313
3404 4 2 1 1 602 390 454 437
3405 4 2 1 1 149 104 371 103
3406 4 2 1 1 151 105 106 518
3407 4 2 1 1 148 375 589 102
3408 4 2 1 1 586 312 402 460
3409 4 2 1 1 599 28 30 332
3410 4 2 1 1 603 396 573 544
3411 4 2 1 1 452 570 118 600
3412 4 2 1 1 538 390 515 602
3413 4 2 1 1 513 362 569 510
3414 4 2 1 1 105 151 104 368
3415 4 2 1 1 551 465 604 403
3416 4 2 1 1 445 565 353 417
3417 4 2 1 1 413 560 474 561
3418 4 2 1 1 444 469 321 481
3419 4 2 1 1 151 106 152 518
3420 4 2 1 1 481 321 444 333
3421 4 2 1 1 586 410 312 558
3422 4 2 1 1 329 563 12 415
3423 4 2 1 1 606 74 420 458
3424 4 2 1 1 521 373 572 416
3425 4 2 1 1 465 456 604 403
3426 4 2 1 1 322 409 585 437
3427 4 2 1 1 425 573 316 455
3428 4 2 1 1 11 16 601 514
3429 4 2 1 1 150 149 371 519
3430 4 2 1 1 30 599 332 480
3431 4 2 1 1 513 362 365 569
3432 4 2 1 1 361 582 434 531
3433 4 2 1 1 558 312 586 460
3434 4 2 1 1 104 149 371 150
3435 4 2 1 1 151 150 104 368
3436 4 2 1 1 370 568 606 518
3437 4 2 1 1 102 375 589 441
3438 4 2 1 1 375 405 553 441
3439 4 2 1 1 409 453 479 331
3440 4 2 1 1 368 516 452 568
3441 4 2 1 1 529 440 472 381
3442 4 2 1 1 599 332 414 451
3443 4 2 1 1 598 404 552 313
3444 4 2 1 1 456 465 317 403
3445 4 2 1 1 452 119 73 420
3446 4 2 1 1 142 96 571 595
3447 4 2 1 1 331 479 409 437
3448 4 2 1 1 77 123 78 427
3449 4 2 1 1 595 142 96 374
3450 4 2 1 1 443 408 473 325
3451 4 2 1 1 452 516 570 600
3452 4 2 1 1 458 606 426 370
3453 4 2 1 1 565 463 315 445
3454 4 2 1 1 416 572 521 564
3455 4 2 1 1 477 17 12 563
3456 4 2 1 1 591 408 556 473
3457 4 2 1 1 598 313 461 428
3458 4 2 1 1 444 330 577 429
3459 4 2 1 1 452 119 72 73
3460 4 2 1 1 413 412 560 414
3461 4 2 1 1 474 413 441 326
3462 4 2 1 1 569 362 365 421
3463 4 2 1 1 573 425 396 455
3464 4 2 1 1 75 121 76 426
3465 4 2 1 1 479 585 409 437
3466 4 2 1 1 443 47 473 591
3467 4 2 1 1 577 444 481 592
3468 4 2 1 1 332 480 590 597
3469 4 2 1 1 452 568 119 420
3470 4 2 1 1 575 427 521 564
3471 4 2 1 1 76 574 121 122
3472 4 2 1 1 552 598 313 461
3473 4 2 1 1 120 420 568 606
3474 4 2 1 1 75 120 606 74
3475 4 2 1 1 474 8 326 553
3476 4 2 1 1 574 76 121 426
3477 4 2 1 1 326 474 553 441
3478 4 2 1 1 148 375 523 589
3479 4 2 1 1 333 577 444 481
3480 4 2 1 1 570 368 516 452
3481 4 2 1 1 606 518 426 370
3482 4 2 1 1 538 390 602 437
3483 4 2 1 1 315 417 565 445
3484 4 2 1 1 71 118 422 117
3485 4 2 1 1 317 435 583 456
3486 4 2 1 1 47 443 473 32
3487 4 2 1 1 74 606 420 120
3488 4 2 1 1 117 118 422 570
3489 4 2 1 1 75 606 426 458
3490 4 2 1 1 578 69 116 115
3491 4 2 1 1 465 456 583 604
3492 4 2 1 1 118 71 422 72
3493 4 2 1 1 456 465 583 317
3494 4 2 1 1 69 578 116 430
3495 4 2 1 1 577 333 444 429
3496 4 2 1 1 562 590 332 480
3497 4 2 1 1 332 590 442 597
3498 4 2 1 1 585 538 602 437
3499 4 2 1 1 473 32 443 325
3500 4 2 1 1 553 8 326 405
3501 4 2 1 1 69 116 70 430
3502 4 2 1 1 474 413 561 441
3503 4 2 1 1 326 553 405 441
3504 4 2 1 1 562 560 599 414
3505 4 2 1 1 332 562 480 599
3506 4 2 1 1 420 368 452 568
3507 4 2 1 1 420 606 370 568
3508 4 2 1 1 413 562 560 561
3509 4 2 1 1 589 375 553 441
3510 4 2 1 1 606 75 426 121
3511 4 2 1 1 562 442 332 590
3512 4 2 1 1 570 452 118 422
3513 4 2 1 1 121 574 426 606
3514 4 2 1 1 442 562 332 414
3515 4 2 1 1 118 422 452 72
3516 4 2 1 1 477 10 416 329
3517 4 2 1 1 597 442 332 449
3518 4 2 1 1 562 413 560 414
3519 4 2 1 1 518 426 574 606
3520 4 2 1 1 523 375 553 589
3521 4 2 1 1 332 562 599 414
3522 4 2 1 1 368 570 422 452
3523 4 2 1 1 326 4 8 474
3524 4 2 1 1 8 7 326 405
3525 4 2 1 1 474 589 441 561
3526 4 2 1 1 7 4 326 3
3527 4 2 1 1 589 553 474 441
3528 4 2 1 1 564 15 416 477
3529 4 2 1 1 10 477 416 15
3530 4 2 1 1 12 10 477 329
3531 4 2 1 1 4 7 326 8
3532 4 2 1 1 17 12 15 477
3533 4 2 1 1 12 10 15 477
3534 4 2 1 1 559 603 543 1357
3535 4 2 1 1 494 497 496 1358
3536 4 2 1 1 46 1 376 1363
3537 4 2 1 1 349 346 348 1358
3538 4 2 1 1 336 334 335 1360
3539 4 2 1 1 92 93 324 1362
3540 4 2 1 1 322 454 437 1361
3541 4 2 1 1 542 594 543 1359
3542 4 2 1 1 470 585 602 1361
3543 4 2 1 1 61 524 2 1363
3544 4 2 1 1 139 138 472 1362
3545 4 2 1 1 484 483 482 1360
3546 4 2 1 1 394 395 446 1359
3547 4 2 1 1 411 395 455 1357
3548 4 2 1 1 1359 395 594 543
3549 4 2 1 1 1359 594 395 446
3550 4 2 1 1 319 594 395 543
3551 4 2 1 1 319 395 594 446
3552 4 2 1 1 345 542 395 394
3553 4 2 1 1 345 395 542 543
3554 4 2 1 1 1359 395 542 394
3555 4 2 1 1 1359 542 395 543
3556 4 2 2 31 669 1499 1402 1601
3557 4 2 2 31 1202 1550 1408 1588
3558 4 2 2 31 1087 1384 1040 1643
3559 4 2 2 31 1260 1550 1190 1588
3560 4 2 2 31 1082 1552 1388 1628
3561 4 2 2 31 1190 1550 1202 1588
3562 4 2 2 31 1392 1436 1572 1617
3563 4 2 2 31 858 857 748 1438
3564 4 2 2 31 1456 1491 1480 1569
3565 4 2 2 31 1082 1470 1388 1552
3566 4 2 2 31 457 331 1314 1613
3567 4 2 2 31 1095 1408 1094 1496
3568 4 2 2 31 845 1461 1387 1660
3569 4 2 2 31 1387 1461 1445 1660
3570 4 2 2 31 1480 1562 1211 1623
3571 4 2 2 31 1192 1480 1211 1623
3572 4 2 2 31 1388 1533 1082 1628
3573 4 2 2 31 1135 1040 1087 1384
3574 4 2 2 31 335 1640 1420 1675
3575 4 2 2 31 669 624 1499 1601
3576 4 2 2 31 1261 1408 1550 1588
3577 4 2 2 31 1021 1521 1560 1665
3578 4 2 2 31 1408 1496 1095 1588
3579 4 2 2 31 1093 1637 1368 1726
3580 4 2 2 31 1354 1523 1421 1613
3581 4 2 2 31 1393 1364 1457 1638
3582 4 2 2 31 420 1355 1413 1427
3583 4 2 2 31 852 1411 1477 1624
3584 4 2 2 31 1407 1426 1364 1553
3585 4 2 2 31 798 1445 1461 1660
3586 4 2 2 31 828 1553 1426 1607
3587 4 2 2 31 420 1312 1355 1427
3588 4 2 2 31 323 1500 1446 1648
3589 4 2 2 31 1312 420 368 1427
3590 4 2 2 31 1261 1550 1260 1588
3591 4 2 2 31 1384 1458 1087 1512
3592 4 2 2 31 1006 1383 1564 1579
3593 4 2 2 31 816 1575 1406 1605
3594 4 2 2 31 1366 1540 1510 1656
3595 4 2 2 31 1035 1552 1082 1628
3596 4 2 2 31 736 1491 1456 1569
3597 4 2 2 31 669 1402 1499 1513
3598 4 2 2 31 724 763 764 1553
3599 4 2 2 31 695 1517 1401 1597
3600 4 2 2 31 816 1406 1443 1605
3601 4 2 2 31 1364 1393 1551 1638
3602 4 2 2 31 1314 1354 1421 1613
3603 4 2 2 31 1388 1470 1082 1533
3604 4 2 2 31 1364 1551 1418 1638
3605 4 2 2 31 1389 1516 1402 1527
3606 4 2 2 31 816 1443 1406 1661
3607 4 2 2 31 386 1507 1397 1508
3608 4 2 2 31 1029 1572 1436 1617
3609 4 2 2 31 901 916 902 1576
3610 4 2 2 31 337 1554 1498 1675
3611 4 2 2 31 1006 1572 1383 1579
3612 4 2 2 31 309 1419 1616 1653
3613 4 2 2 31 327 1314 1343 1421
3614 4 2 2 31 73 1413 709 1427
3615 4 2 2 31 39 1614 1442 1698
3616 4 2 2 31 1087 1512 1458 1635
3617 4 2 2 31 335 1421 1640 1675
3618 4 2 2 31 327 1314 1421 1613
3619 4 2 2 31 1459 1482 1043 1658
3620 4 2 2 31 1046 1521 1021 1665
3621 4 2 2 31 1539 1548 1398 1569
3622 4 2 2 31 42 1534 1411 1556
3623 4 2 2 31 315 1528 1444 1737
3624 4 2 2 31 1387 1461 845 1624
3625 4 2 2 31 1402 1499 846 1601
3626 4 2 2 31 1211 1544 1115 1623
3627 4 2 2 31 1386 1387 1602 1705
3628 4 2 2 31 1021 1560 1459 1665
3629 4 2 2 31 1062 1459 1043 1658
3630 4 2 2 31 1093 1368 1570 1726
3631 4 2 2 31 1354 1415 1523 1613
3632 4 2 2 31 1006 1564 1383 1572
3633 4 2 2 31 39 1442 1693 1698
3634 4 2 2 31 1402 1513 669 1642
3635 4 2 2 31 1389 1453 1402 1516
3636 4 2 2 31 335 1613 1421 1675
3637 4 2 2 31 1355 1329 1348 1413
3638 4 2 2 31 1450 1508 352 1713
3639 4 2 2 31 798 1461 845 1660
3640 4 2 2 31 1343 321 1421 1640
3641 4 2 2 31 1419 1653 309 1709
3642 4 2 2 31 1135 1384 1087 1512
3643 4 2 2 31 798 1461 1445 1698
3644 4 2 2 31 1343 1421 1446 1640
3645 4 2 2 31 1389 1527 1671 1678
3646 4 2 2 31 1062 1022 1043 1459
3647 4 2 2 31 1006 1564 1007 1579
3648 4 2 2 31 1540 1600 1510 1656
3649 4 2 2 31 1381 1483 1478 1692
3650 4 2 2 31 1118 1400 1470 1552
3651 4 2 2 31 852 1477 733 1624
3652 4 2 2 31 331 1415 1314 1613
3653 4 2 2 31 1087 1458 1384 1643
3654 4 2 2 31 42 1556 1411 1624
3655 4 2 2 31 1426 1553 1407 1607
3656 4 2 2 31 458 1413 370 1619
3657 4 2 2 31 1458 1512 1384 1635
3658 4 2 2 31 709 1427 1413 1730
3659 4 2 2 31 1420 1640 1421 1675
3660 4 2 2 31 1383 1572 1424 1649
3661 4 2 2 31 386 1508 1397 1509
3662 4 2 2 31 1040 1384 1135 1536
3663 4 2 2 31 1373 1422 1405 1641
3664 4 2 2 31 1456 1480 1410 1569
3665 4 2 2 31 1478 1483 350 1692
3666 4 2 2 31 323 429 1446 1500
3667 4 2 2 31 1007 1564 1486 1579
3668 4 2 2 31 1042 1482 1459 1630
3669 4 2 2 31 1387 1386 1461 1705
3670 4 2 2 31 1408 1538 1503 1645
3671 4 2 2 31 321 327 1343 1421
3672 4 2 2 31 1348 370 1413 1619
3673 4 2 2 31 1365 1473 1438 1599
3674 4 2 2 31 1118 1470 1400 1531
3675 4 2 2 31 1373 1405 1525 1641
3676 4 2 2 31 1406 1575 1518 1608
3677 4 2 2 31 388 1450 1483 1508
3678 4 2 2 31 1426 1553 828 1559
3679 4 2 2 31 1386 1521 1461 1705
3680 4 2 2 31 1035 1082 1533 1628
3681 4 2 2 31 337 393 435 1498
3682 4 2 2 31 1405 1422 1373 1706
3683 4 2 2 31 1202 1495 1408 1550
3684 4 2 2 31 1398 1569 1548 1591
3685 4 2 2 31 879 1462 311 1493
3686 4 2 2 31 1131 1401 1517 1597
3687 4 2 2 31 1268 1511 1404 1667
3688 4 2 2 31 315 87 1528 1737
3689 4 2 2 31 1460 1603 1373 1641
3690 4 2 2 31 1386 1693 1442 1698
3691 4 2 2 31 393 1498 337 1554
3692 4 2 2 31 1438 1503 858 1715
3693 4 2 2 31 1424 1572 1028 1577
3694 4 2 2 31 669 1499 1426 1513
3695 4 2 2 31 328 1421 335 1613
3696 4 2 2 31 1387 1445 1386 1602
3697 4 2 2 31 323 1446 429 1648
3698 4 2 2 31 76 1621 1403 1721
3699 4 2 2 31 337 1498 435 1675
3700 4 2 2 31 892 915 891 1535
3701 4 2 2 31 739 1406 816 1575
3702 4 2 2 31 1281 1464 1423 1611
3703 4 2 2 31 1389 853 1516 1527
3704 4 2 2 31 1343 1446 321 1640
3705 4 2 2 31 739 816 1406 1661
3706 4 2 2 31 624 797 1499 1601
3707 4 2 2 31 1442 1614 1386 1698
3708 4 2 2 31 739 1518 1575 1608
3709 4 2 2 31 1393 1457 1364 1504
3710 4 2 2 31 1402 1527 1516 1601
3711 4 2 2 31 739 1518 1406 1575
3712 4 2 2 31 687 709 73 1413
3713 4 2 2 31 1022 1043 1459 1482
3714 4 2 2 31 1398 1548 1417 1591
3715 4 2 2 31 1381 1450 1483 1692
3716 4 2 2 31 1398 1539 1417 1548
3717 4 2 2 31 810 1400 843 1587
3718 4 2 2 31 1268 1472 1404 1511
3719 4 2 2 31 352 1450 388 1508
3720 4 2 2 31 1089 1504 1393 1551
3721 4 2 2 31 1263 1503 1438 1550
3722 4 2 2 31 1396 1444 1388 1628
3723 4 2 2 31 1403 1495 1230 1567
3724 4 2 2 31 1422 1487 1373 1706
3725 4 2 2 31 1402 1516 1453 1601
3726 4 2 2 31 1404 1506 1447 1511
3727 4 2 2 31 1275 1470 1531 1594
3728 4 2 2 31 1395 1546 1054 1570
3729 4 2 2 31 335 1421 328 1640
3730 4 2 2 31 368 420 452 1427
3731 4 2 2 31 1405 1525 1641 1643
3732 4 2 2 31 1127 1440 1395 1592
3733 4 2 2 31 797 872 819 1499
3734 4 2 2 31 1436 1572 1029 1623
3735 4 2 2 31 1364 1426 1407 1580
3736 4 2 2 31 853 1527 1389 1678
3737 4 2 2 31 1496 1588 1408 1711
3738 4 2 2 31 1192 1061 1211 1480
3739 4 2 2 31 1092 1637 1093 1726
3740 4 2 2 31 323 1527 1399 1537
3741 4 2 2 31 887 674 626 1673
3742 4 2 2 31 752 835 1515 1568
3743 4 2 2 31 992 1542 1435 1549
3744 4 2 2 31 978 1561 1399 1582
3745 4 2 2 31 1089 1393 1204 1551
3746 4 2 2 31 1399 1671 1527 1678
3747 4 2 2 31 1111 1641 1525 1643
3748 4 2 2 31 1399 1454 975 1708
3749 4 2 2 31 1387 1624 845 1660
3750 4 2 2 31 1135 1041 1536 1726
3751 4 2 2 31 1486 1564 1383 1579
3752 4 2 2 31 744 1503 1298 1541
3753 4 2 2 31 978 1399 975 1582
3754 4 2 2 31 1403 75 1619 1621
3755 4 2 2 31 1131 1130 1401 1597
3756 4 2 2 31 1126 637 1440 1592
3757 4 2 2 31 1369 1472 1191 1598
3758 4 2 2 31 891 918 1432 1673
3759 4 2 2 31 377 1446 429 1500
3760 4 2 2 31 1364 1393 1504 1551
3761 4 2 2 31 965 1586 1454 1606
3762 4 2 2 31 1046 1602 1521 1665
3763 4 2 2 31 323 1500 1399 1527
3764 4 2 2 31 1404 1511 1447 1604
3765 4 2 2 31 1424 1505 1383 1649
3766 4 2 2 31 1073 1611 1540 1745
3767 4 2 2 31 1396 1400 1609 1617
3768 4 2 2 31 1385 1562 1480 1623
3769 4 2 2 31 1419 1365 1475 1662
3770 4 2 2 31 1447 1511 1506 1725
3771 4 2 2 31 350 1483 1450 1692
3772 4 2 2 31 1040 1384 1536 1643
3773 4 2 2 31 738 1548 1539 1569
3774 4 2 2 31 1459 1482 1379 1630
3775 4 2 2 31 1405 1641 1422 1643
3776 4 2 2 31 1118 1400 1552 1617
3777 4 2 2 31 457 1314 327 1613
3778 4 2 2 31 1399 1500 1671 1678
3779 4 2 2 31 1424 1564 1028 1572
3780 4 2 2 31 621 939 1121 1431
3781 4 2 2 31 328 335 390 1613
3782 4 2 2 31 843 1400 810 1655
3783 4 2 2 31 1348 1413 1329 1619
3784 4 2 2 31 1023 1603 1460 1641
3785 4 2 2 31 1135 1536 1512 1726
3786 4 2 2 31 1366 1423 1417 1615
3787 4 2 2 31 743 1443 612 1605
3788 4 2 2 31 1368 1637 1512 1726
3789 4 2 2 31 773 1553 828 1607
3790 4 2 2 31 1189 975 1454 1708
3791 4 2 2 31 1389 1516 853 1683
3792 4 2 2 31 1314 1415 1354 1613
3793 4 2 2 31 752 1515 607 1568
3794 4 2 2 31 975 1454 1399 1606
3795 4 2 2 31 1386 1445 1387 1461
3796 4 2 2 31 1419 1448 1653 1709
3797 4 2 2 31 355 352 1508 1713
3798 4 2 2 31 1366 1419 1475 1662
3799 4 2 2 31 1165 1191 1472 1598
3800 4 2 2 31 1420 1409 1554 1675
3801 4 2 2 31 1202 1094 1408 1495
3802 4 2 2 31 736 1569 1456 1659
3803 4 2 2 31 350 348 1478 1692
3804 4 2 2 31 699 1588 1496 1711
3805 4 2 2 31 1388 1444 1396 1528
3806 4 2 2 31 858 1438 748 1503
3807 4 2 2 31 1404 1472 1268 1618
3808 4 2 2 31 1229 1464 1178 1475
3809 4 2 2 31 1447 1604 1511 1725
3810 4 2 2 31 458 1413 1619 1621
3811 4 2 2 31 773 827 828 1553
3812 4 2 2 31 1395 1440 1127 1581
3813 4 2 2 31 680 1517 695 1597
3814 4 2 2 31 621 1431 1121 1565
3815 4 2 2 31 649 1513 1426 1543
3816 4 2 2 31 674 887 927 1673
3817 4 2 2 31 1230 1403 976 1596
3818 4 2 2 31 1093 1570 1368 1595
3819 4 2 2 31 669 1402 663 1601
3820 4 2 2 31 1011 1042 1459 1630
3821 4 2 2 31 773 29 827 1553
3822 4 2 2 31 1407 1580 1426 1607
3823 4 2 2 31 1204 1551 1393 1632
3824 4 2 2 31 388 1450 352 1483
3825 4 2 2 31 1540 1591 1058 1600
3826 4 2 2 31 669 662 1426 1499
3827 4 2 2 31 1383 1585 1572 1649
3828 4 2 2 31 731 810 843 1587
3829 4 2 2 31 1498 1554 1409 1675
3830 4 2 2 31 934 1470 1118 1531
3831 4 2 2 31 797 819 662 1499
3832 4 2 2 31 1298 744 800 1503
3833 4 2 2 31 1139 1369 1563 1627
3834 4 2 2 31 377 1446 1500 1640
3835 4 2 2 31 1389 853 1678 1683
3836 4 2 2 31 456 1467 1498 1554
3837 4 2 2 31 797 662 624 1499
3838 4 2 2 31 1393 1605 1457 1724
3839 4 2 2 31 337 1420 1554 1675
3840 4 2 2 31 978 975 1399 1561
3841 4 2 2 31 1457 1605 631 1724
3842 4 2 2 31 1401 697 1597 1657
3843 4 2 2 31 1548 1569 1410 1591
3844 4 2 2 31 340 1532 1451 1652
3845 4 2 2 31 1135 1384 1512 1536
3846 4 2 2 31 1385 1491 1456 1739
3847 4 2 2 31 1159 1572 1392 1577
3848 4 2 2 31 1364 1418 1553 1638
3849 4 2 2 31 674 1432 626 1673
3850 4 2 2 31 727 1568 833 1646
3851 4 2 2 31 315 88 87 1737
3852 4 2 2 31 1417 1423 1366 1611
3853 4 2 2 31 1278 1470 934 1531
3854 4 2 2 31 396 1593 1478 1668
3855 4 2 2 31 1446 1454 1313 1648
3856 4 2 2 31 340 1451 1554 1652
3857 4 2 2 31 723 768 766 1599
3858 4 2 2 31 638 1515 1440 1568
3859 4 2 2 31 1369 1191 1472 1506
3860 4 2 2 31 798 732 1461 1698
3861 4 2 2 31 1007 1572 1006 1579
3862 4 2 2 31 1366 1589 1419 1662
3863 4 2 2 31 1488 1591 1398 1600
3864 4 2 2 31 399 1534 42 1556
3865 4 2 2 31 1093 1570 1055 1726
3866 4 2 2 31 1111 1038 1641 1643
3867 4 2 2 31 695 1401 697 1597
3868 4 2 2 31 865 1433 823 1576
3869 4 2 2 31 872 1499 797 1601
3870 4 2 2 31 901 1576 902 1598
3871 4 2 2 31 323 46 1527 1537
3872 4 2 2 31 727 1530 1568 1646
3873 4 2 2 31 872 846 1499 1601
3874 4 2 2 31 806 834 836 1737
3875 4 2 2 31 1415 1510 1600 1656
3876 4 2 2 31 1230 976 1219 1596
3877 4 2 2 31 1373 1525 1460 1641
3878 4 2 2 31 835 1530 1515 1568
3879 4 2 2 31 810 1528 1400 1587
3880 4 2 2 31 1346 1314 1354 1421
3881 4 2 2 31 323 377 429 1500
3882 4 2 2 31 323 1537 1399 1648
3883 4 2 2 31 992 1542 1549 1681
3884 4 2 2 31 1042 1133 1497 1630
3885 4 2 2 31 1343 1314 1346 1421
3886 4 2 2 31 1346 1446 1421 1514
3887 4 2 2 31 1420 1620 1409 1675
3888 4 2 2 31 1366 1417 1539 1615
3889 4 2 2 31 762 1433 1299 1511
3890 4 2 2 31 874 1621 76 1721
3891 4 2 2 31 1367 1537 1454 1606
3892 4 2 2 31 1159 1028 1572 1577
3893 4 2 2 31 1395 1570 1127 1592
3894 4 2 2 31 1438 1503 1391 1550
3895 4 2 2 31 315 1444 88 1737
3896 4 2 2 31 976 1403 1230 1567
3897 4 2 2 31 346 396 1478 1668
3898 4 2 2 31 1073 1475 1611 1745
3899 4 2 2 31 328 327 321 1421
3900 4 2 2 31 1381 1434 1412 1483
3901 4 2 2 31 1377 1487 1469 1641
3902 4 2 2 31 1405 1493 1384 1520
3903 4 2 2 31 1131 1517 1401 1583
3904 4 2 2 31 1118 1531 1400 1617
3905 4 2 2 31 323 45 1500 1527
3906 4 2 2 31 1379 1497 1397 1508
3907 4 2 2 31 1058 1591 1488 1600
3908 4 2 2 31 1428 642 1602 1622
3909 4 2 2 31 1001 1412 999 1545
3910 4 2 2 31 1348 370 420 1413
3911 4 2 2 31 81 1498 1569 1574
3912 4 2 2 31 386 1397 1507 1584
3913 4 2 2 31 1385 1456 1672 1739
3914 4 2 2 31 446 1556 1532 1727
3915 4 2 2 31 1405 1458 1384 1493
3916 4 2 2 31 1127 1395 1054 1570
3917 4 2 2 31 834 806 1502 1737
3918 4 2 2 31 86 1528 810 1587
3919 4 2 2 31 939 1431 657 1453
3920 4 2 2 31 887 626 1432 1673
3921 4 2 2 31 1407 1367 1580 1607
3922 4 2 2 31 1094 1095 1202 1408
3923 4 2 2 31 1380 1482 1459 1658
3924 4 2 2 31 368 1312 1427 1696
3925 4 2 2 31 1400 1528 1396 1609
3926 4 2 2 31 1111 1038 1033 1641
3927 4 2 2 31 1118 1436 1531 1617
3928 4 2 2 31 1378 1480 1491 1569
3929 4 2 2 31 1460 1525 1023 1641
3930 4 2 2 31 1521 1602 1386 1665
3931 4 2 2 31 891 1432 1535 1673
3932 4 2 2 31 1070 1351 1448 1709
3933 4 2 2 31 657 939 621 1431
3934 4 2 2 31 679 1496 699 1588
3935 4 2 2 31 829 808 1511 1667
3936 4 2 2 31 1454 1586 1367 1606
3937 4 2 2 31 1250 1268 1472 1618
3938 4 2 2 31 1092 1512 1637 1726
3939 4 2 2 31 1454 1537 1399 1606
3940 4 2 2 31 411 1490 1556 1693
3941 4 2 2 31 1126 1440 1127 1592
3942 4 2 2 31 671 1513 649 1543
3943 4 2 2 31 714 625 717 1443
3944 4 2 2 31 1534 1556 399 1727
3945 4 2 2 31 81 1569 1498 1682
3946 4 2 2 31 1201 1218 1540 1591
3947 4 2 2 31 1398 1591 1540 1600
3948 4 2 2 31 1401 1583 1608 1696
3949 4 2 2 31 999 1412 1010 1501
3950 4 2 2 31 737 1499 1402 1527
3951 4 2 2 31 1409 1383 1486 1554
3952 4 2 2 31 1261 1408 1503 1550
3953 4 2 2 31 1241 1511 1268 1667
3954 4 2 2 31 977 1606 1561 1642
3955 4 2 2 31 312 1507 386 1508
3956 4 2 2 31 852 790 733 1477
3957 4 2 2 31 763 1457 764 1553
3958 4 2 2 31 1001 999 1000 1545
3959 4 2 2 31 927 870 674 1673
3960 4 2 2 31 1010 1501 1412 1560
3961 4 2 2 31 1397 1584 386 1610
3962 4 2 2 31 1479 1572 1436 1623
3963 4 2 2 31 644 1445 1602 1622
3964 4 2 2 31 1436 1479 1392 1572
3965 4 2 2 31 737 846 1402 1499
3966 4 2 2 31 1399 1527 1500 1678
3967 4 2 2 31 85 1479 1585 1587
3968 4 2 2 31 819 1426 662 1499
3969 4 2 2 31 990 988 1416 1557
3970 4 2 2 31 717 625 673 1443
3971 4 2 2 31 350 352 1450 1483
3972 4 2 2 31 762 1299 778 1511
3973 4 2 2 31 1396 1552 1400 1617
3974 4 2 2 31 902 1576 1563 1598
3975 4 2 2 31 1450 1381 1558 1692
3976 4 2 2 31 1131 1517 1129 1597
3977 4 2 2 31 1373 1526 1525 1706
3978 4 2 2 31 834 1502 1455 1737
3979 4 2 2 31 815 1503 1408 1538
3980 4 2 2 31 711 1235 679 1588
3981 4 2 2 31 1299 1433 762 1664
3982 4 2 2 31 1369 1506 1511 1725
3983 4 2 2 31 977 1561 1179 1642
3984 4 2 2 31 1145 1492 1463 1704
3985 4 2 2 31 1094 1408 1495 1496
3986 4 2 2 31 1111 1643 1525 1733
3987 4 2 2 31 743 665 612 1443
3988 4 2 2 31 1364 1553 1457 1638
3989 4 2 2 31 872 797 846 1601
3990 4 2 2 31 86 1528 1587 1609
3991 4 2 2 31 1394 1556 1534 1727
3992 4 2 2 31 321 328 1421 1640
3993 4 2 2 31 370 458 420 1413
3994 4 2 2 31 1412 1434 1381 1670
3995 4 2 2 31 1391 1503 1438 1715
3996 4 2 2 31 1250 1618 1472 1718
3997 4 2 2 31 1111 1033 1525 1641
3998 4 2 2 31 1406 1608 1517 1735
3999 4 2 2 31 1379 1482 1397 1497
4000 4 2 2 31 1275 1531 1277 1594
4001 4 2 2 31 1396 1388 1552 1628
4002 4 2 2 31 1469 1487 1373 1641
4003 4 2 2 31 892 1535 891 1637
4004 4 2 2 31 1392 1572 1424 1577
4005 4 2 2 31 1389 1527 1561 1671
4006 4 2 2 31 456 1498 393 1554
4007 4 2 2 31 355 352 388 1508
4008 4 2 2 31 1332 1454 1474 1648
4009 4 2 2 31 808 1604 1511 1667
4010 4 2 2 31 1438 1473 1391 1599
4011 4 2 2 31 1434 1483 1450 1508
4012 4 2 2 31 1200 1453 985 1680
4013 4 2 2 31 1386 1602 1521 1705
4014 4 2 2 31 87 1396 398 1612
4015 4 2 2 31 1379 1397 1507 1508
4016 4 2 2 31 1517 1608 1401 1735
4017 4 2 2 31 1275 1470 1278 1531
4018 4 2 2 31 1641 1644 1110 1685
4019 4 2 2 31 1400 843 1587 1594
4020 4 2 2 31 1281 1283 1464 1611
4021 4 2 2 31 1447 1506 1404 1604
4022 4 2 2 31 1466 1558 1381 1692
4023 4 2 2 31 1398 1600 1540 1656
4024 4 2 2 31 1404 1463 1375 1506
4025 4 2 2 31 1503 1538 815 1645
4026 4 2 2 31 1378 1467 1414 1636
4027 4 2 2 31 989 990 1416 1542
4028 4 2 2 31 1424 1572 1392 1649
4029 4 2 2 31 1368 1093 1595 1637
4030 4 2 2 31 1423 1611 1417 1615
4031 4 2 2 31 1322 1419 309 1709
4032 4 2 2 31 695 697 1401 1657
4033 4 2 2 31 1095 1202 1408 1588
4034 4 2 2 31 1365 1438 1473 1555
4035 4 2 2 31 1399 1561 1527 1671
4036 4 2 2 31 410 312 386 1508
4037 4 2 2 31 1578 1735 1406 1742
4038 4 2 2 31 309 1419 1322 1616
4039 4 2 2 31 737 1402 846 1601
4040 4 2 2 31 1490 1532 446 1556
4041 4 2 2 31 976 1529 1403 1567
4042 4 2 2 31 1374 1564 1451 1690
4043 4 2 2 31 1383 1409 1467 1554
4044 4 2 2 31 1355 1348 420 1413
4045 4 2 2 31 644 1602 642 1622
4046 4 2 2 31 738 1539 1398 1569
4047 4 2 2 31 737 1527 1402 1601
4048 4 2 2 31 1456 1569 1410 1659
4049 4 2 2 31 1190 1260 946 1550
4050 4 2 2 31 1201 1218 1417 1540
4051 4 2 2 31 85 1609 1587 1649
4052 4 2 2 31 386 1509 1397 1610
4053 4 2 2 31 1406 1578 1632 1735
4054 4 2 2 31 421 1462 1405 1493
4055 4 2 2 31 421 1405 1462 1706
4056 4 2 2 31 1367 1586 974 1606
4057 4 2 2 31 1365 1448 1419 1475
4058 4 2 2 31 1376 1554 1420 1631
4059 4 2 2 31 739 1406 1518 1661
4060 4 2 2 31 1444 1463 1375 1502
4061 4 2 2 31 1343 1421 1346 1446
4062 4 2 2 31 76 1449 1403 1619
4063 4 2 2 31 1260 1190 1256 1588
4064 4 2 2 31 1367 1454 1537 1648
4065 4 2 2 31 870 761 674 1673
4066 4 2 2 31 323 1399 1500 1648
4067 4 2 2 31 1118 1470 1120 1552
4068 4 2 2 31 1001 1630 1412 1670
4069 4 2 2 31 663 1402 669 1642
4070 4 2 2 31 727 1584 1530 1646
4071 4 2 2 31 1424 1545 1143 1564
4072 4 2 2 31 1411 1534 1394 1556
4073 4 2 2 31 798 732 845 1461
4074 4 2 2 31 1110 1641 1037 1644
4075 4 2 2 31 1178 1475 1464 1611
4076 4 2 2 31 1263 1550 1438 1555
4077 4 2 2 31 1374 1451 1435 1690
4078 4 2 2 31 1561 1606 1402 1642
4079 4 2 2 31 1070 1510 1351 1709
4080 4 2 2 31 879 926 1462 1493
4081 4 2 2 31 1067 1521 1046 1602
4082 4 2 2 31 1135 1053 1041 1726
4083 4 2 2 31 1379 1397 1482 1507
4084 4 2 2 31 1028 1564 1006 1572
4085 4 2 2 31 1375 1404 1506 1604
4086 4 2 2 31 649 669 1426 1513
4087 4 2 2 31 1525 1643 1405 1733
4088 4 2 2 31 1139 1191 1369 1627
4089 4 2 2 31 1420 1554 1409 1631
4090 4 2 2 31 1453 1561 985 1680
4091 4 2 2 31 1354 1346 1421 1523
4092 4 2 2 31 1381 1412 1478 1483
4093 4 2 2 31 741 662 819 1426
4094 4 2 2 31 1403 1529 976 1596
4095 4 2 2 31 668 625 714 1697
4096 4 2 2 31 1394 1532 1556 1727
4097 4 2 2 31 728 1502 1604 1667
4098 4 2 2 31 1399 1561 975 1606
4099 4 2 2 31 1417 1366 1540 1611
4100 4 2 2 31 1451 1532 1376 1652
4101 4 2 2 31 752 639 794 1568
4102 4 2 2 31 1366 1475 1589 1662
4103 4 2 2 31 313 1534 1468 1678
4104 4 2 2 31 1442 1386 1521 1693
4105 4 2 2 31 1401 1517 695 1518
4106 4 2 2 31 87 398 1396 1609
4107 4 2 2 31 87 1396 1528 1609
4108 4 2 2 31 858 765 857 1715
4109 4 2 2 31 687 73 74 1413
4110 4 2 2 31 1469 1644 1641 1685
4111 4 2 2 31 1401 1608 1518 1657
4112 4 2 2 31 1190 946 1202 1550
4113 4 2 2 31 1122 1431 939 1453
4114 4 2 2 31 1377 1641 1469 1644
4115 4 2 2 31 1298 800 1246 1503
4116 4 2 2 31 944 610 1513 1642
4117 4 2 2 31 1456 1491 786 1739
4118 4 2 2 31 639 752 607 1568
4119 4 2 2 31 1188 1470 1249 1533
4120 4 2 2 31 1070 1448 1510 1709
4121 4 2 2 31 1250 1472 954 1718
4122 4 2 2 31 1377 1644 1469 1685
4123 4 2 2 31 1388 1444 1528 1737
4124 4 2 2 31 1370 1442 1521 1693
4125 4 2 2 31 368 1427 452 1696
4126 4 2 2 31 1478 1490 1374 1668
4127 4 2 2 31 75 1403 76 1621
4128 4 2 2 31 1264 748 1438 1503
4129 4 2 2 31 1419 1448 1366 1475
4130 4 2 2 31 1472 1618 1404 1718
4131 4 2 2 31 1261 1260 1256 1588
4132 4 2 2 31 773 29 1553 1607
4133 4 2 2 31 76 1403 75 1619
4134 4 2 2 31 1338 1608 1583 1696
4135 4 2 2 31 691 668 714 1697
4136 4 2 2 31 736 1491 1569 1682
4137 4 2 2 31 717 673 860 1443
4138 4 2 2 31 1373 1525 1405 1706
4139 4 2 2 31 1517 1406 1735 1742
4140 4 2 2 31 1400 1531 1471 1587
4141 4 2 2 31 1346 1336 1446 1514
4142 4 2 2 31 1434 1450 1377 1508
4143 4 2 2 31 1480 1623 1192 1699
4144 4 2 2 31 625 1443 714 1697
4145 4 2 2 31 743 612 782 1605
4146 4 2 2 31 778 1299 1241 1511
4147 4 2 2 31 423 331 453 1481
4148 4 2 2 31 1451 1376 1554 1652
4149 4 2 2 31 335 1420 1640 1700
4150 4 2 2 31 1398 1539 738 1656
4151 4 2 2 31 73 420 1413 1427
4152 4 2 2 31 1365 1430 1419 1653
4153 4 2 2 31 1333 1407 1465 1633
4154 4 2 2 31 1375 1463 1404 1604
4155 4 2 2 31 1374 1412 1501 1593
4156 4 2 2 31 1471 1531 1436 1587
4157 4 2 2 31 1132 1735 1578 1742
4158 4 2 2 31 409 453 331 1481
4159 4 2 2 31 1446 1500 1399 1648
4160 4 2 2 31 1405 1384 1458 1643
4161 4 2 2 31 1104 978 975 1582
4162 4 2 2 31 1355 1413 1427 1485
4163 4 2 2 31 957 1095 1496 1588
4164 4 2 2 31 1367 1580 973 1586
4165 4 2 2 31 1402 1453 1389 1561
4166 4 2 2 31 1139 1563 1369 1598
4167 4 2 2 31 1268 1404 1269 1667
4168 4 2 2 31 1089 1090 1393 1504
4169 4 2 2 31 1007 1012 1006 1572
4170 4 2 2 31 1333 1465 1418 1633
4171 4 2 2 31 1478 1593 1490 1668
4172 4 2 2 31 998 1143 1545 1564
4173 4 2 2 31 1384 1405 1520 1643
4174 4 2 2 31 741 615 662 1426
4175 4 2 2 31 1269 1404 1268 1618
4176 4 2 2 31 1261 1503 1408 1541
4177 4 2 2 31 624 662 669 1499
4178 4 2 2 31 1377 1422 1487 1641
4179 4 2 2 31 1378 1409 1467 1636
4180 4 2 2 31 1463 1502 1444 1628
4181 4 2 2 31 1132 1517 1735 1742
4182 4 2 2 31 1393 1504 1090 1724
4183 4 2 2 31 843 1594 1400 1655
4184 4 2 2 31 1426 1580 1367 1607
4185 4 2 2 31 1267 1241 1433 1511
4186 4 2 2 31 1608 1657 1401 1696
4187 4 2 2 31 1400 1436 1531 1587
4188 4 2 2 31 1395 1568 1530 1646
4189 4 2 2 31 857 826 748 1438
4190 4 2 2 31 80 738 1398 1569
4191 4 2 2 31 80 1398 738 1656
4192 4 2 2 31 1438 1550 1391 1555
4193 4 2 2 31 1264 1438 1263 1503
4194 4 2 2 31 1146 1632 1578 1735
4195 4 2 2 31 1130 1401 1597 1651
4196 4 2 2 31 390 1613 335 1675
4197 4 2 2 31 1420 1620 1519 1631
4198 4 2 2 31 752 794 835 1568
4199 4 2 2 31 1367 1474 1454 1648
4200 4 2 2 31 1420 1409 1620 1631
4201 4 2 2 31 1408 1503 815 1541
4202 4 2 2 31 765 1438 857 1715
4203 4 2 2 31 1456 786 1672 1739
4204 4 2 2 31 45 323 46 1527
4205 4 2 2 31 1288 1410 1659 1687
4206 4 2 2 31 1281 1423 1464 1524
4207 4 2 2 31 320 386 1584 1610
4208 4 2 2 31 350 388 352 1483
4209 4 2 2 31 1525 1526 1405 1706
4210 4 2 2 31 669 663 624 1601
4211 4 2 2 31 1157 1546 1482 1744
4212 4 2 2 31 709 1413 707 1730
4213 4 2 2 31 1396 1528 1400 1552
4214 4 2 2 31 1028 1424 1143 1564
4215 4 2 2 31 1378 1467 1409 1682
4216 4 2 2 31 1247 742 855 1423
4217 4 2 2 31 815 1538 1408 1711
4218 4 2 2 31 1419 95 1589 1712
4219 4 2 2 31 912 626 667 1432
4220 4 2 2 31 1400 1528 810 1655
4221 4 2 2 31 1267 1472 1268 1511
4222 4 2 2 31 1423 1589 1475 1662
4223 4 2 2 31 1266 954 1250 1472
4224 4 2 2 31 1247 1423 855 1615
4225 4 2 2 31 1435 1542 1394 1549
4226 4 2 2 31 1137 1525 1460 1627
4227 4 2 2 31 1396 1388 1528 1552
4228 4 2 2 31 1400 1531 1470 1594
4229 4 2 2 31 935 616 1428 1688
4230 4 2 2 31 315 87 398 1612
4231 4 2 2 31 863 819 774 1426
4232 4 2 2 31 1409 1486 1383 1579
4233 4 2 2 31 90 318 1626 1714
4234 4 2 2 31 39 807 1614 1698
4235 4 2 2 31 671 1103 1513 1543
4236 4 2 2 31 1374 1478 1412 1593
4237 4 2 2 31 944 671 1103 1513
4238 4 2 2 31 1159 1577 1392 1617
4239 4 2 2 31 887 626 912 1432
4240 4 2 2 31 1105 1243 1417 1611
4241 4 2 2 31 1139 1369 1191 1598
4242 4 2 2 31 1469 1373 1487 1573
4243 4 2 2 31 636 1440 637 1592
4244 4 2 2 31 728 1455 1502 1667
4245 4 2 2 31 1191 1506 1369 1627
4246 4 2 2 31 1400 1587 1471 1594
4247 4 2 2 31 1375 1506 1463 1704
4248 4 2 2 31 1332 1313 1454 1648
4249 4 2 2 31 1482 1581 1507 1584
4250 4 2 2 31 1126 637 1128 1440
4251 4 2 2 31 1204 1089 1090 1393
4252 4 2 2 31 1300 1259 911 1433
4253 4 2 2 31 1299 1433 1241 1511
4254 4 2 2 31 1382 1500 1446 1640
4255 4 2 2 31 410 1508 386 1509
4256 4 2 2 31 1488 1620 1498 1636
4257 4 2 2 31 815 1408 1541 1711
4258 4 2 2 31 1408 1495 1391 1550
4259 4 2 2 31 1370 1521 1442 1560
4260 4 2 2 31 714 719 691 1697
4261 4 2 2 31 396 1490 1593 1668
4262 4 2 2 31 1265 1464 1438 1524
4263 4 2 2 31 1145 1463 1044 1704
4264 4 2 2 31 1380 1507 1581 1584
4265 4 2 2 31 39 807 38 1614
4266 4 2 2 31 1283 1178 1464 1611
4267 4 2 2 31 973 1367 974 1580
4268 4 2 2 31 1313 1446 1332 1454
4269 4 2 2 31 1064 1495 1202 1550
4270 4 2 2 31 636 1568 1440 1592
4271 4 2 2 31 823 1433 762 1511
4272 4 2 2 31 1572 1585 1392 1649
4273 4 2 2 31 778 1511 1241 1667
4274 4 2 2 31 886 911 1259 1433
4275 4 2 2 31 1394 1542 1416 1681
4276 4 2 2 31 1104 975 1189 1708
4277 4 2 2 31 1521 1602 1067 1705
4278 4 2 2 31 1262 1503 1263 1550
4279 4 2 2 31 1471 1531 1400 1594
4280 4 2 2 31 1275 1278 1277 1531
4281 4 2 2 31 458 1619 75 1621
4282 4 2 2 31 1204 1393 1090 1632
4283 4 2 2 31 373 427 1350 1430
4284 4 2 2 31 1377 1469 1487 1573
4285 4 2 2 31 767 1553 764 1559
4286 4 2 2 31 1379 1442 1412 1483
4287 4 2 2 31 895 1493 929 1634
4288 4 2 2 31 1413 1485 1347 1529
4289 4 2 2 31 680 1129 1517 1597
4290 4 2 2 31 1369 1447 1506 1725
4291 4 2 2 31 728 1604 832 1667
4292 4 2 2 31 1128 637 641 1440
4293 4 2 2 31 1367 1537 1474 1648
4294 4 2 2 31 1587 1609 1392 1649
4295 4 2 2 31 1043 1482 1581 1658
4296 4 2 2 31 988 989 990 1416
4297 4 2 2 31 1371 1498 1488 1620
4298 4 2 2 31 1378 1409 1498 1682
4299 4 2 2 31 695 1401 1518 1657
4300 4 2 2 31 366 1481 95 1712
4301 4 2 2 31 319 399 42 1556
4302 4 2 2 31 80 1574 1398 1656
4303 4 2 2 31 852 1411 42 1534
4304 4 2 2 31 1188 1082 1470 1533
4305 4 2 2 31 677 625 668 1697
4306 4 2 2 31 995 1486 1690 1734
4307 4 2 2 31 1512 1536 1384 1726
4308 4 2 2 31 1394 1416 1557 1681
4309 4 2 2 31 1122 1431 1453 1680
4310 4 2 2 31 1495 1550 1064 1741
4311 4 2 2 31 891 1535 1432 1595
4312 4 2 2 31 1429 1384 1536 1726
4313 4 2 2 31 1108 935 616 1428
4314 4 2 2 31 610 669 1513 1642
4315 4 2 2 31 1407 1633 1334 1729
4316 4 2 2 31 1354 1523 1415 1710
4317 4 2 2 31 1011 1042 1022 1459
4318 4 2 2 31 1383 1564 1424 1572
4319 4 2 2 31 1511 1604 808 1725
4320 4 2 2 31 965 974 1586 1606
4321 4 2 2 31 1364 1418 1407 1553
4322 4 2 2 31 90 1626 1604 1714
4323 4 2 2 31 669 662 649 1426
4324 4 2 2 31 957 1496 679 1588
4325 4 2 2 31 1481 1589 95 1712
4326 4 2 2 31 1428 1386 1522 1698
4327 4 2 2 31 1390 1627 1525 1676
4328 4 2 2 31 666 1432 674 1673
4329 4 2 2 31 1377 1450 1558 1573
4330 4 2 2 31 80 1569 1398 1574
4331 4 2 2 31 944 610 671 1513
4332 4 2 2 31 973 974 1367 1586
4333 4 2 2 31 1409 1383 1467 1579
4334 4 2 2 31 1539 1589 11 1656
4335 4 2 2 31 457 327 331 1613
4336 4 2 2 31 1391 1555 1550 1741
4337 4 2 2 31 1377 1558 1469 1573
4338 4 2 2 31 1122 1121 939 1431
4339 4 2 2 31 995 1690 994 1734
4340 4 2 2 31 1420 1421 1382 1519
4341 4 2 2 31 745 908 913 1664
4342 4 2 2 31 642 645 1428 1602
4343 4 2 2 31 1275 1470 1594 1655
4344 4 2 2 31 744 815 1503 1541
4345 4 2 2 31 999 1010 1412 1630
4346 4 2 2 31 1467 1579 1414 1636
4347 4 2 2 31 431 95 1419 1712
4348 4 2 2 31 1226 1118 934 1470
4349 4 2 2 31 1381 1450 1434 1483
4350 4 2 2 31 1347 1356 1329 1413
4351 4 2 2 31 1411 1534 852 1683
4352 4 2 2 31 1407 1553 29 1607
4353 4 2 2 31 828 741 863 1426
4354 4 2 2 31 320 1584 1429 1610
4355 4 2 2 31 1366 1539 1540 1656
4356 4 2 2 31 858 857 1438 1715
4357 4 2 2 31 1393 1090 1632 1724
4358 4 2 2 31 1059 1058 1540 1591
4359 4 2 2 31 1428 1445 1386 1698
4360 4 2 2 31 1295 1247 855 1615
4361 4 2 2 31 1007 1012 1572 1579
4362 4 2 2 31 421 1462 418 1706
4363 4 2 2 31 902 1494 1563 1576
4364 4 2 2 31 1396 1444 1628 1669
4365 4 2 2 31 1530 1584 1395 1646
4366 4 2 2 31 1535 1595 891 1637
4367 4 2 2 31 1215 1512 1087 1635
4368 4 2 2 31 1332 1474 1313 1648
4369 4 2 2 31 1188 1167 1082 1533
4370 4 2 2 31 337 1554 1420 1652
4371 4 2 2 31 1498 1569 1378 1682
4372 4 2 2 31 1500 1640 1382 1700
4373 4 2 2 31 322 1613 1574 1656
4374 4 2 2 31 1066 1230 1403 1495
4375 4 2 2 31 1411 1431 1629 1680
4376 4 2 2 31 863 741 819 1426
4377 4 2 2 31 1454 1399 1537 1648
4378 4 2 2 31 309 1616 1430 1653
4379 4 2 2 31 1172 1543 1504 1717
4380 4 2 2 31 1348 420 1312 1355
4381 4 2 2 31 1077 1550 1555 1741
4382 4 2 2 31 1503 1645 858 1715
4383 4 2 2 31 1056 1577 1552 1669
4384 4 2 2 31 767 724 764 1553
4385 4 2 2 31 1143 1545 1424 1679
4386 4 2 2 31 1267 1433 1311 1650
4387 4 2 2 31 1269 1404 1618 1667
4388 4 2 2 31 1430 1616 1419 1653
4389 4 2 2 31 914 927 887 1673
4390 4 2 2 31 1013 1414 1151 1572
4391 4 2 2 31 1481 11 1589 1656
4392 4 2 2 31 1394 1549 1542 1681
4393 4 2 2 31 1046 1069 1602 1665
4394 4 2 2 31 1019 1620 1409 1631
4395 4 2 2 31 1563 1576 1369 1598
4396 4 2 2 31 1469 1641 1110 1685
4397 4 2 2 31 1482 1397 1581 1584
4398 4 2 2 31 39 1693 1461 1698
4399 4 2 2 31 1332 1446 1336 1454
4400 4 2 2 31 1354 1325 1346 1523
4401 4 2 2 31 1389 1527 1402 1561
4402 4 2 2 31 1414 1467 1378 1682
4403 4 2 2 31 687 707 709 1413
4404 4 2 2 31 1374 1505 1451 1564
4405 4 2 2 31 1374 1490 1478 1593
4406 4 2 2 31 1511 1604 1404 1667
4407 4 2 2 31 1261 1298 1503 1541
4408 4 2 2 31 1409 1498 1467 1554
4409 4 2 2 31 957 1095 1094 1496
4410 4 2 2 31 1088 1172 1504 1717
4411 4 2 2 31 1464 1475 1423 1611
4412 4 2 2 31 1126 1220 1127 1440
4413 4 2 2 31 1412 1442 1379 1630
4414 4 2 2 31 975 965 1454 1606
4415 4 2 2 31 421 1493 1405 1706
4416 4 2 2 31 1289 1544 1562 1672
4417 4 2 2 31 458 74 1413 1621
4418 4 2 2 31 958 1233 1236 1654
4419 4 2 2 31 71 1518 1608 1657
4420 4 2 2 31 1093 1055 1092 1726
4421 4 2 2 31 1035 1533 1081 1628
4422 4 2 2 31 12 1599 1616 1662
4423 4 2 2 31 1421 1523 1346 1728
4424 4 2 2 31 431 366 95 1712
4425 4 2 2 31 1392 1585 1479 1587
4426 4 2 2 31 1113 1525 1137 1627
4427 4 2 2 31 1201 1417 1105 1647
4428 4 2 2 31 1386 1442 1521 1560
4429 4 2 2 31 1411 1629 1557 1680
4430 4 2 2 31 1438 1464 1365 1524
4431 4 2 2 31 677 1443 625 1697
4432 4 2 2 31 1201 1540 1417 1591
4433 4 2 2 31 1293 1241 1268 1667
4434 4 2 2 31 362 1520 1493 1706
4435 4 2 2 31 992 1549 1018 1681
4436 4 2 2 31 1467 1498 1409 1682
4437 4 2 2 31 1118 1226 1120 1470
4438 4 2 2 31 1391 1503 1408 1550
4439 4 2 2 31 1522 1622 1428 1698
4440 4 2 2 31 414 1334 1633 1729
4441 4 2 2 31 450 1468 389 1500
4442 4 2 2 31 680 695 697 1597
4443 4 2 2 31 1050 1620 1019 1631
4444 4 2 2 31 750 1437 830 1568
4445 4 2 2 31 1113 1525 1627 1676
4446 4 2 2 31 1365 1419 1448 1653
4447 4 2 2 31 1267 1268 1241 1511
4448 4 2 2 31 895 1458 929 1493
4449 4 2 2 31 1445 1428 1622 1698
4450 4 2 2 31 395 411 1490 1556
4451 4 2 2 31 1505 1585 1383 1649
4452 4 2 2 31 1378 1488 1569 1574
4453 4 2 2 31 1470 1388 1552 1655
4454 4 2 2 31 1356 1413 1347 1529
4455 4 2 2 31 1383 1554 1467 1689
4456 4 2 2 31 1401 1651 1583 1696
4457 4 2 2 31 1461 1521 1386 1693
4458 4 2 2 31 1267 1433 1472 1511
4459 4 2 2 31 903 1676 1563 1677
4460 4 2 2 31 1052 1536 1041 1546
4461 4 2 2 31 998 1564 1545 1690
4462 4 2 2 31 1528 1552 1388 1655
4463 4 2 2 31 1366 1475 1423 1589
4464 4 2 2 31 778 1241 749 1667
4465 4 2 2 31 1371 1519 1421 1675
4466 4 2 2 31 421 311 1462 1493
4467 4 2 2 31 1035 1082 1081 1533
4468 4 2 2 31 1351 1070 945 1510
4469 4 2 2 31 94 12 415 1419
4470 4 2 2 31 645 1108 1428 1602
4471 4 2 2 31 714 1443 719 1697
4472 4 2 2 31 1444 1612 1372 1669
4473 4 2 2 31 1288 1659 1286 1687
4474 4 2 2 31 1382 1421 1420 1640
4475 4 2 2 31 1118 1436 1116 1531
4476 4 2 2 31 1310 1541 1261 1588
4477 4 2 2 31 1377 1508 1450 1713
4478 4 2 2 31 1314 331 1345 1415
4479 4 2 2 31 834 728 1455 1502
4480 4 2 2 31 653 1453 1431 1516
4481 4 2 2 31 1412 1381 1545 1670
4482 4 2 2 31 431 95 94 1419
4483 4 2 2 31 1442 1483 1379 1686
4484 4 2 2 31 1438 1464 1265 1555
4485 4 2 2 31 1066 1496 1403 1596
4486 4 2 2 31 1468 1542 1416 1727
4487 4 2 2 31 73 452 420 1427
4488 4 2 2 31 1391 1495 1408 1645
4489 4 2 2 31 660 1437 750 1568
4490 4 2 2 31 1261 1541 1408 1588
4491 4 2 2 31 820 768 723 1662
4492 4 2 2 31 608 777 750 1437
4493 4 2 2 31 1402 1527 1499 1537
4494 4 2 2 31 1132 1146 1578 1735
4495 4 2 2 31 1587 1609 1400 1617
4496 4 2 2 31 1371 1574 1415 1600
4497 4 2 2 31 1350 1430 427 1449
4498 4 2 2 31 1423 1365 1464 1524
4499 4 2 2 31 1017 1603 1023 1641
4500 4 2 2 31 1378 1569 1491 1682
4501 4 2 2 31 377 1640 1500 1700
4502 4 2 2 31 1402 663 1601 1642
4503 4 2 2 31 1184 1458 884 1635
4504 4 2 2 31 1338 1583 1651 1696
4505 4 2 2 31 1380 1507 1482 1581
4506 4 2 2 31 1022 1459 1042 1482
4507 4 2 2 31 366 447 423 1712
4508 4 2 2 31 1462 1676 899 1677
4509 4 2 2 31 1221 1200 985 1680
4510 4 2 2 31 1394 1441 1411 1556
4511 4 2 2 31 713 1301 690 1541
4512 4 2 2 31 1126 1128 1220 1440
4513 4 2 2 31 446 319 1556 1727
4514 4 2 2 31 443 881 408 1634
4515 4 2 2 31 725 1511 808 1725
4516 4 2 2 31 1108 616 645 1428
4517 4 2 2 31 1396 1609 1577 1617
4518 4 2 2 31 85 1585 314 1649
4519 4 2 2 31 830 1568 1437 1646
4520 4 2 2 31 389 1500 1468 1700
4521 4 2 2 31 999 1412 1001 1630
4522 4 2 2 31 1412 1483 1442 1593
4523 4 2 2 31 943 1215 1635 1637
4524 4 2 2 31 1433 1511 823 1576
4525 4 2 2 31 1322 1616 1419 1712
4526 4 2 2 31 1400 1470 1552 1655
4527 4 2 2 31 1119 1436 1118 1617
4528 4 2 2 31 799 1471 1587 1594
4529 4 2 2 31 398 1396 1609 1612
4530 4 2 2 31 1374 1424 1545 1684
4531 4 2 2 31 1391 1473 1438 1555
4532 4 2 2 31 1364 1553 1426 1559
4533 4 2 2 31 1394 1416 1542 1727
4534 4 2 2 31 621 1121 651 1565
4535 4 2 2 31 1515 1530 1440 1568
4536 4 2 2 31 1029 1159 1028 1572
4537 4 2 2 31 1400 1531 1436 1617
4538 4 2 2 31 992 990 1542 1681
4539 4 2 2 31 1325 1346 1523 1728
4540 4 2 2 31 1391 1408 1503 1645
4541 4 2 2 31 1457 1605 1393 1638
4542 4 2 2 31 1399 1500 1446 1708
4543 4 2 2 31 820 723 12 1662
4544 4 2 2 31 721 779 772 1589
4545 4 2 2 31 1499 1527 737 1537
4546 4 2 2 31 1121 1124 651 1565
4547 4 2 2 31 1430 1473 1599 1715
4548 4 2 2 31 1041 1040 1135 1536
4549 4 2 2 31 1258 1301 713 1541
4550 4 2 2 31 1488 1498 1378 1636
4551 4 2 2 31 1373 1460 1526 1626
4552 4 2 2 31 1176 1540 1073 1611
4553 4 2 2 31 779 1589 1539 1615
4554 4 2 2 31 1411 1394 1534 1557
4555 4 2 2 31 1488 1398 1569 1574
4556 4 2 2 31 1400 1552 1528 1655
4557 4 2 2 31 1507 1508 438 1686
4558 4 2 2 31 1414 1572 1013 1579
4559 4 2 2 31 761 666 674 1673
4560 4 2 2 31 903 1563 1494 1677
4561 4 2 2 31 327 1421 328 1613
4562 4 2 2 31 991 1489 1100 1734
4563 4 2 2 31 1168 1436 1029 1623
4564 4 2 2 31 1241 1299 1267 1433
4565 4 2 2 31 1462 1571 899 1676
4566 4 2 2 31 1451 1505 1383 1564
4567 4 2 2 31 364 1634 1520 1716
4568 4 2 2 31 1061 1480 1192 1699
4569 4 2 2 31 741 1426 828 1559
4570 4 2 2 31 1421 1519 1420 1675
4571 4 2 2 31 779 772 1589 1615
4572 4 2 2 31 1370 1556 1490 1693
4573 4 2 2 31 652 1431 621 1565
4574 4 2 2 31 1431 1477 1411 1629
4575 4 2 2 31 1378 1569 1498 1574
4576 4 2 2 31 1463 1704 1506 1718
4577 4 2 2 31 1380 1581 1530 1584
4578 4 2 2 31 1123 1629 1431 1680
4579 4 2 2 31 623 628 677 1697
4580 4 2 2 31 747 631 1457 1605
4581 4 2 2 31 1057 1552 1577 1617
4582 4 2 2 31 1121 1431 1123 1565
4583 4 2 2 31 1443 1452 628 1605
4584 4 2 2 31 1484 1609 1396 1612
4585 4 2 2 31 1404 1604 1502 1667
4586 4 2 2 31 1459 1522 1380 1665
4587 4 2 2 31 612 1443 628 1605
4588 4 2 2 31 1372 1476 1444 1492
4589 4 2 2 31 1461 1693 1386 1698
4590 4 2 2 31 893 919 892 1637
4591 4 2 2 31 1160 1482 1157 1546
4592 4 2 2 31 957 679 1235 1588
4593 4 2 2 31 1457 1553 763 1638
4594 4 2 2 31 1386 1445 1461 1698
4595 4 2 2 31 874 75 76 1621
4596 4 2 2 31 1385 1480 1414 1623
4597 4 2 2 31 991 1542 1489 1734
4598 4 2 2 31 1131 1129 1130 1597
4599 4 2 2 31 1409 1579 1019 1631
4600 4 2 2 31 999 1001 1010 1630
4601 4 2 2 31 1333 1407 1474 1586
4602 4 2 2 31 1421 1382 1514 1640
4603 4 2 2 31 1462 1493 926 1702
4604 4 2 2 31 425 1483 1593 1686
4605 4 2 2 31 1343 444 321 1446
4606 4 2 2 31 1133 1434 1005 1497
4607 4 2 2 31 748 826 1264 1438
4608 4 2 2 31 441 1418 405 1633
4609 4 2 2 31 1469 1558 1372 1573
4610 4 2 2 31 1404 1502 1455 1667
4611 4 2 2 31 1372 1466 1612 1692
4612 4 2 2 31 1481 1589 1539 1656
4613 4 2 2 31 1286 1659 1456 1687
4614 4 2 2 31 608 750 660 1437
4615 4 2 2 31 1418 1575 1425 1666
4616 4 2 2 31 71 1657 1608 1696
4617 4 2 2 31 1414 1480 1385 1491
4618 4 2 2 31 833 1568 830 1646
4619 4 2 2 31 1416 1534 1394 1557
4620 4 2 2 31 1133 1434 1497 1630
4621 4 2 2 31 895 1493 1634 1635
4622 4 2 2 31 1390 1526 1460 1626
4623 4 2 2 31 1379 1482 1459 1507
4624 4 2 2 31 653 655 1453 1516
4625 4 2 2 31 1500 1527 45 1678
4626 4 2 2 31 345 1490 396 1668
4627 4 2 2 31 1386 1445 1428 1602
4628 4 2 2 31 1482 1507 1397 1584
4629 4 2 2 31 399 1556 319 1727
4630 4 2 2 31 1418 1465 1407 1633
4631 4 2 2 31 642 644 645 1602
4632 4 2 2 31 1273 1533 1470 1547
4633 4 2 2 31 1411 1394 1557 1681
4634 4 2 2 31 1420 1489 1468 1652
4635 4 2 2 31 405 1418 441 1666
4636 4 2 2 31 1452 1575 1406 1632
4637 4 2 2 31 1099 1519 1620 1631
4638 4 2 2 31 1381 1478 1412 1545
4639 4 2 2 31 799 1587 843 1594
4640 4 2 2 31 739 873 1518 1608
4641 4 2 2 31 1409 1620 1019 1636
4642 4 2 2 31 819 774 1426 1499
4643 4 2 2 31 742 772 855 1423
4644 4 2 2 31 1066 1495 1403 1496
4645 4 2 2 31 1388 1444 1502 1628
4646 4 2 2 31 1442 1459 1379 1630
4647 4 2 2 31 1156 1424 1028 1577
4648 4 2 2 31 46 1537 323 1648
4649 4 2 2 31 1105 1417 1243 1647
4650 4 2 2 31 1393 1575 1452 1632
4651 4 2 2 31 679 699 711 1588
4652 4 2 2 31 1422 1641 1377 1644
4653 4 2 2 31 39 40 1461 1693
4654 4 2 2 31 1452 1575 1393 1605
4655 4 2 2 31 626 674 666 1432
4656 4 2 2 31 1460 1525 1373 1526
4657 4 2 2 31 364 1520 1610 1716
4658 4 2 2 31 1320 1430 1350 1449
4659 4 2 2 31 1451 1486 1383 1689
4660 4 2 2 31 1002 1434 1630 1670
4661 4 2 2 31 771 1589 772 1662
4662 4 2 2 31 1047 1441 1153 1732
4663 4 2 2 31 1236 1233 959 1653
4664 4 2 2 31 895 881 922 1634
4665 4 2 2 31 732 39 1461 1698
4666 4 2 2 31 631 630 1457 1724
4667 4 2 2 31 85 432 1609 1649
4668 4 2 2 31 730 836 1547 1737
4669 4 2 2 31 879 906 311 1462
4670 4 2 2 31 1365 1464 1438 1555
4671 4 2 2 31 1463 1203 1704 1718
4672 4 2 2 31 1046 1021 1149 1665
4673 4 2 2 31 1462 1526 418 1706
4674 4 2 2 31 1450 1372 1558 1573
4675 4 2 2 31 1416 989 1542 1703
4676 4 2 2 31 1468 1489 1420 1700
4677 4 2 2 31 610 669 671 1513
4678 4 2 2 31 764 1553 1457 1559
4679 4 2 2 31 1222 1098 1632 1722
4680 4 2 2 31 744 815 800 1503
4681 4 2 2 31 1455 1388 1547 1737
4682 4 2 2 31 456 435 393 1498
4683 4 2 2 31 1459 1482 1380 1507
4684 4 2 2 31 1551 1632 1098 1722
4685 4 2 2 31 1010 1501 1560 1732
4686 4 2 2 31 823 762 778 1511
4687 4 2 2 31 730 1547 836 1655
4688 4 2 2 31 1183 1591 1410 1625
4689 4 2 2 31 1172 1504 1543 1736
4690 4 2 2 31 346 345 396 1668
4691 4 2 2 31 322 437 1613 1656
4692 4 2 2 31 1211 1115 1192 1623
4693 4 2 2 31 1113 1034 1137 1525
4694 4 2 2 31 1136 1463 1203 1704
4695 4 2 2 31 895 1458 1493 1635
4696 4 2 2 31 1374 1501 1490 1593
4697 4 2 2 31 1419 1365 1599 1616
4698 4 2 2 31 1352 1236 1653 1654
4699 4 2 2 31 1387 1566 1602 1705
4700 4 2 2 31 1445 1566 644 1602
4701 4 2 2 31 1446 1514 1382 1640
4702 4 2 2 31 1406 1575 1452 1605
4703 4 2 2 31 809 727 833 1646
4704 4 2 2 31 747 1605 1457 1638
4705 4 2 2 31 1010 1147 1501 1732
4706 4 2 2 31 1386 1522 1459 1665
4707 4 2 2 31 1378 1498 1488 1574
4708 4 2 2 31 1275 1547 1470 1655
4709 4 2 2 31 893 1439 919 1637
4710 4 2 2 31 1009 1603 1469 1719
4711 4 2 2 31 1355 1347 1329 1413
4712 4 2 2 31 1379 1507 1459 1614
4713 4 2 2 31 444 333 321 1446
4714 4 2 2 31 851 786 736 1491
4715 4 2 2 31 1446 1500 1382 1708
4716 4 2 2 31 1522 1614 807 1698
4717 4 2 2 31 86 810 731 1587
4718 4 2 2 31 1351 1510 1324 1709
4719 4 2 2 31 1047 1521 1441 1732
4720 4 2 2 31 1249 1470 1273 1533
4721 4 2 2 31 742 1423 1247 1524
4722 4 2 2 31 1091 1452 1632 1724
4723 4 2 2 31 894 1184 884 1635
4724 4 2 2 31 1420 1519 1489 1631
4725 4 2 2 31 1468 1532 1376 1542
4726 4 2 2 31 1410 1548 1288 1659
4727 4 2 2 31 1512 1635 1215 1637
4728 4 2 2 31 1400 1587 1528 1609
4729 4 2 2 31 1077 1064 1550 1741
4730 4 2 2 31 721 11 866 1589
4731 4 2 2 31 1267 1472 1433 1650
4732 4 2 2 31 1351 945 1324 1510
4733 4 2 2 31 1486 1554 1383 1689
4734 4 2 2 31 895 1634 922 1635
4735 4 2 2 31 1394 1532 1490 1556
4736 4 2 2 31 1380 1581 1482 1658
4737 4 2 2 31 855 1423 772 1615
4738 4 2 2 31 1451 1554 1486 1689
4739 4 2 2 31 1372 1612 1466 1669
4740 4 2 2 31 1370 1490 1593 1693
4741 4 2 2 31 957 1235 1095 1588
4742 4 2 2 31 1095 1190 1202 1588
4743 4 2 2 31 1380 1522 1459 1614
4744 4 2 2 31 638 1440 636 1568
4745 4 2 2 31 768 1524 766 1599
4746 4 2 2 31 1423 1464 1365 1475
4747 4 2 2 31 1141 1019 1579 1631
4748 4 2 2 31 1010 1560 1412 1630
4749 4 2 2 31 799 731 843 1587
4750 4 2 2 31 1372 1492 1444 1669
4751 4 2 2 31 42 1411 852 1624
4752 4 2 2 31 1002 1630 1001 1670
4753 4 2 2 31 1499 1537 1367 1606
4754 4 2 2 31 1455 1502 1388 1737
4755 4 2 2 31 1410 1647 1183 1687
4756 4 2 2 31 40 732 39 1461
4757 4 2 2 31 745 913 812 1664
4758 4 2 2 31 1424 1381 1545 1684
4759 4 2 2 31 1459 1522 1386 1614
4760 4 2 2 31 1532 1542 1468 1727
4761 4 2 2 31 1442 1593 1483 1686
4762 4 2 2 31 671 649 650 1543
4763 4 2 2 31 1419 1430 1365 1616
4764 4 2 2 31 81 401 1498 1574
4765 4 2 2 31 1399 1500 1582 1671
4766 4 2 2 31 1389 1416 1557 1678
4767 4 2 2 31 373 416 427 1430
4768 4 2 2 31 1093 1097 1570 1595
4769 4 2 2 31 992 1435 1542 1734
4770 4 2 2 31 1421 1514 1382 1707
4771 4 2 2 31 1472 1506 1404 1511
4772 4 2 2 31 1233 1473 959 1653
4773 4 2 2 31 1288 1548 1410 1647
4774 4 2 2 31 1463 1492 1375 1704
4775 4 2 2 31 1354 1325 1523 1710
4776 4 2 2 31 1006 1028 1143 1564
4777 4 2 2 31 1345 1415 331 1481
4778 4 2 2 31 649 671 669 1513
4779 4 2 2 31 995 1486 1564 1690
4780 4 2 2 31 1570 1590 1185 1592
4781 4 2 2 31 1369 1506 1472 1511
4782 4 2 2 31 660 1437 1568 1592
4783 4 2 2 31 1459 1507 1380 1614
4784 4 2 2 31 1468 1534 313 1727
4785 4 2 2 31 895 929 881 1634
4786 4 2 2 31 997 999 1501 1545
4787 4 2 2 31 1127 1570 1185 1592
4788 4 2 2 31 1390 1525 1460 1526
4789 4 2 2 31 1075 974 1513 1580
4790 4 2 2 31 1380 1530 1507 1584
4791 4 2 2 31 1391 1550 1495 1741
4792 4 2 2 31 1343 1346 1336 1446
4793 4 2 2 31 320 35 1429 1584
4794 4 2 2 31 85 1479 84 1585
4795 4 2 2 31 1482 1546 1160 1581
4796 4 2 2 31 1296 1548 1417 1615
4797 4 2 2 31 774 863 1426 1607
4798 4 2 2 31 736 82 1491 1682
4799 4 2 2 31 1557 1629 1025 1680
4800 4 2 2 31 1407 1418 1364 1465
4801 4 2 2 31 931 887 912 1432
4802 4 2 2 31 899 903 921 1677
4803 4 2 2 31 313 428 450 1468
4804 4 2 2 31 1444 1476 1375 1492
4805 4 2 2 31 1061 1211 1480 1562
4806 4 2 2 31 1459 1658 1062 1665
4807 4 2 2 31 1403 1495 1449 1645
4808 4 2 2 31 93 877 867 1576
4809 4 2 2 31 1442 1560 1459 1630
4810 4 2 2 31 1211 936 1544 1562
4811 4 2 2 31 1394 1490 1549 1556
4812 4 2 2 31 1009 1016 1603 1719
4813 4 2 2 31 1411 1477 1431 1683
4814 4 2 2 31 1414 1623 1480 1699
4815 4 2 2 31 1430 1599 1365 1616
4816 4 2 2 31 34 320 35 1429
4817 4 2 2 31 1370 1412 1560 1593
4818 4 2 2 31 1246 1261 1298 1503
4819 4 2 2 31 736 1569 81 1682
4820 4 2 2 31 1565 1566 656 1660
4821 4 2 2 31 862 1548 1257 1615
4822 4 2 2 31 1403 1538 1495 1645
4823 4 2 2 31 1409 1579 1467 1636
4824 4 2 2 31 997 1545 1501 1690
4825 4 2 2 31 1184 943 1215 1635
4826 4 2 2 31 1056 1552 1027 1669
4827 4 2 2 31 1447 1494 1369 1627
4828 4 2 2 31 951 1504 647 1724
4829 4 2 2 31 1115 1544 1436 1623
4830 4 2 2 31 29 412 3 1553
4831 4 2 2 31 1067 1046 1069 1602
4832 4 2 2 31 618 951 647 1724
4833 4 2 2 31 999 1412 1501 1545
4834 4 2 2 31 997 998 999 1545
4835 4 2 2 31 385 1476 1444 1695
4836 4 2 2 31 388 438 1508 1686
4837 4 2 2 31 1165 1472 1187 1650
4838 4 2 2 31 1398 1540 1539 1656
4839 4 2 2 31 930 911 886 1433
4840 4 2 2 31 1431 1680 1411 1683
4841 4 2 2 31 992 1018 990 1681
4842 4 2 2 31 1512 1691 1429 1716
4843 4 2 2 31 429 1446 377 1640
4844 4 2 2 31 730 1547 1655 1737
4845 4 2 2 31 912 1432 667 1663
4846 4 2 2 31 74 687 1413 1621
4847 4 2 2 31 377 450 389 1500
4848 4 2 2 31 623 1452 628 1697
4849 4 2 2 31 778 749 829 1667
4850 4 2 2 31 1384 1520 1493 1634
4851 4 2 2 31 689 717 860 1443
4852 4 2 2 31 709 686 73 1427
4853 4 2 2 31 637 1126 617 1592
4854 4 2 2 31 667 626 678 1432
4855 4 2 2 31 1488 1574 1371 1600
4856 4 2 2 31 825 1539 1548 1615
4857 4 2 2 31 1402 1606 1513 1642
4858 4 2 2 31 1488 1498 1371 1574
4859 4 2 2 31 1409 1378 1498 1636
4860 4 2 2 31 1187 1472 1255 1650
4861 4 2 2 31 373 1430 1350 1616
4862 4 2 2 31 1317 1454 956 1586
4863 4 2 2 31 1391 1599 1473 1715
4864 4 2 2 31 1355 1347 1413 1485
4865 4 2 2 31 911 1300 1433 1650
4866 4 2 2 31 1079 1540 1058 1600
4867 4 2 2 31 1431 1565 1477 1629
4868 4 2 2 31 1356 1329 1413 1619
4869 4 2 2 31 723 1599 12 1662
4870 4 2 2 31 377 1500 389 1700
4871 4 2 2 31 1281 1423 1282 1611
4872 4 2 2 31 1120 1470 1082 1552
4873 4 2 2 31 1414 1572 1479 1623
4874 4 2 2 31 1513 1606 1163 1642
4875 4 2 2 31 1144 1501 1549 1690
4876 4 2 2 31 1085 1472 1191 1718
4877 4 2 2 31 1439 1691 1512 1716
4878 4 2 2 31 349 1483 1478 1593
4879 4 2 2 31 1412 1630 1434 1670
4880 4 2 2 31 1421 1514 1446 1640
4881 4 2 2 31 1013 1151 1012 1572
4882 4 2 2 31 1300 1311 1259 1433
4883 4 2 2 31 1374 1545 1478 1684
4884 4 2 2 31 1056 1057 1552 1577
4885 4 2 2 31 1552 1577 1396 1669
4886 4 2 2 31 1546 1581 1397 1584
4887 4 2 2 31 1516 1527 788 1601
4888 4 2 2 31 1351 1324 1321 1709
4889 4 2 2 31 1053 1052 1041 1546
4890 4 2 2 31 1383 1486 1451 1564
4891 4 2 2 31 831 771 772 1662
4892 4 2 2 31 1147 999 1010 1501
4893 4 2 2 31 333 321 1446 1640
4894 4 2 2 31 1288 1647 1410 1687
4895 4 2 2 31 1377 1450 1434 1558
4896 4 2 2 31 615 1426 741 1559
4897 4 2 2 31 1031 1636 1625 1699
4898 4 2 2 31 1241 1293 749 1667
4899 4 2 2 31 1115 1436 1168 1623
4900 4 2 2 31 365 1493 362 1520
4901 4 2 2 31 400 1442 39 1614
4902 4 2 2 31 665 860 673 1443
4903 4 2 2 31 998 1545 997 1690
4904 4 2 2 31 409 331 1415 1481
4905 4 2 2 31 1313 1336 1332 1446
4906 4 2 2 31 1470 1400 1594 1655
4907 4 2 2 31 1368 1512 1439 1691
4908 4 2 2 31 1011 1459 1560 1630
4909 4 2 2 31 992 1435 1144 1549
4910 4 2 2 31 1394 1490 1435 1549
4911 4 2 2 31 1176 1417 1540 1611
4912 4 2 2 31 1319 1333 1418 1633
4913 4 2 2 31 1118 1552 1057 1617
4914 4 2 2 31 1122 939 1200 1453
4915 4 2 2 31 1415 1613 437 1656
4916 4 2 2 31 1365 1430 1473 1599
4917 4 2 2 31 1105 1417 1176 1611
4918 4 2 2 31 1442 1560 1412 1593
4919 4 2 2 31 1563 1676 1390 1677
4920 4 2 2 31 1281 1464 1265 1524
4921 4 2 2 31 12 415 1419 1616
4922 4 2 2 31 1435 1451 1374 1668
4923 4 2 2 31 1494 1563 1390 1677
4924 4 2 2 31 778 829 1511 1667
4925 4 2 2 31 1478 346 1668 1684
4926 4 2 2 31 1368 1429 1512 1691
4927 4 2 2 31 1476 1492 1372 1603
4928 4 2 2 31 1249 1273 1274 1533
4929 4 2 2 31 1390 1494 1447 1627
4930 4 2 2 31 1370 1560 1442 1593
4931 4 2 2 31 1429 1536 1397 1546
4932 4 2 2 31 1144 1549 1435 1690
4933 4 2 2 31 865 745 812 1664
4934 4 2 2 31 1425 1583 1338 1608
4935 4 2 2 31 1385 1562 1544 1672
4936 4 2 2 31 1119 1029 1436 1617
4937 4 2 2 31 1346 1514 1421 1728
4938 4 2 2 31 1383 1467 1414 1585
4939 4 2 2 31 1220 1127 1440 1581
4940 4 2 2 31 1387 1411 1477 1629
4941 4 2 2 31 758 1456 1287 1659
4942 4 2 2 31 12 1616 1419 1662
4943 4 2 2 31 1604 1626 1375 1714
4944 4 2 2 31 786 1456 736 1491
4945 4 2 2 31 1390 1676 1462 1677
4946 4 2 2 31 11 1539 866 1589
4947 4 2 2 31 724 7 763 1553
4948 4 2 2 31 671 650 1103 1543
4949 4 2 2 31 1143 1134 1545 1679
4950 4 2 2 31 883 943 1635 1637
4951 4 2 2 31 1262 1264 1263 1503
4952 4 2 2 31 1382 1489 1468 1700
4953 4 2 2 31 1455 1533 1271 1547
4954 4 2 2 31 1401 1608 1583 1735
4955 4 2 2 31 1468 1420 1652 1700
4956 4 2 2 31 1077 1555 1227 1741
4957 4 2 2 31 1218 1176 1201 1417
4958 4 2 2 31 793 1548 738 1569
4959 4 2 2 31 859 742 1247 1524
4960 4 2 2 31 1376 1489 1468 1542
4961 4 2 2 31 1469 1373 1573 1603
4962 4 2 2 31 1081 1533 1463 1628
4963 4 2 2 31 1122 1453 1200 1680
4964 4 2 2 31 398 1609 1484 1612
4965 4 2 2 31 1013 1151 1414 1699
4966 4 2 2 31 1372 1469 1573 1603
4967 4 2 2 31 1076 1229 1178 1475
4968 4 2 2 31 1410 1625 1480 1687
4969 4 2 2 31 1472 1506 1191 1718
4970 4 2 2 31 1423 1475 1366 1611
4971 4 2 2 31 1422 1509 1520 1536
4972 4 2 2 31 351 350 1450 1692
4973 4 2 2 31 35 34 1429 1646
4974 4 2 2 31 1333 1334 1407 1633
4975 4 2 2 31 1021 1011 1459 1560
4976 4 2 2 31 1386 1614 1522 1698
4977 4 2 2 31 1087 1458 1184 1635
4978 4 2 2 31 1032 1031 1625 1699
4979 4 2 2 31 1170 1452 623 1697
4980 4 2 2 31 425 1483 349 1593
4981 4 2 2 31 1280 1109 950 1464
4982 4 2 2 31 1387 1566 1445 1602
4983 4 2 2 31 1435 1549 1501 1690
4984 4 2 2 31 822 1499 737 1537
4985 4 2 2 31 7 326 405 1633
4986 4 2 2 31 1468 1542 1489 1703
4987 4 2 2 31 847 1624 1477 1660
4988 4 2 2 31 613 753 791 1445
4989 4 2 2 31 1250 1268 1266 1472
4990 4 2 2 31 1574 1613 1415 1656
4991 4 2 2 31 779 1539 825 1615
4992 4 2 2 31 1165 1191 1085 1472
4993 4 2 2 31 1366 1539 1481 1589
4994 4 2 2 31 1458 1634 1493 1635
4995 4 2 2 31 43 852 1534 1683
4996 4 2 2 31 1141 1579 1486 1631
4997 4 2 2 31 1389 1561 1453 1680
4998 4 2 2 31 1435 1690 1486 1734
4999 4 2 2 31 1133 1002 1005 1434
5000 4 2 2 31 421 362 1493 1706
5001 4 2 2 31 638 637 636 1440
5002 4 2 2 31 428 1468 313 1727
5003 4 2 2 31 1097 1590 1570 1595
5004 4 2 2 31 395 1490 446 1556
5005 4 2 2 31 1432 1673 666 1738
5006 4 2 2 31 745 1576 908 1664
5007 4 2 2 31 1536 1546 1429 1726
5008 4 2 2 31 38 400 39 1614
5009 4 2 2 31 967 1316 984 1485
5010 4 2 2 31 990 988 1557 1681
5011 4 2 2 31 1314 1345 1354 1415
5012 4 2 2 31 1534 1557 1416 1678
5013 4 2 2 31 348 1684 1478 1692
5014 4 2 2 31 1165 1598 1472 1650
5015 4 2 2 31 653 1516 1431 1731
5016 4 2 2 31 1402 1537 1499 1606
5017 4 2 2 31 1406 1425 1608 1735
5018 4 2 2 31 1386 1459 1442 1560
5019 4 2 2 31 429 333 1446 1640
5020 4 2 2 31 1520 1536 1509 1610
5021 4 2 2 31 1139 1191 1165 1598
5022 4 2 2 31 1504 1717 1543 1736
5023 4 2 2 31 1410 1569 1480 1625
5024 4 2 2 31 1387 1477 1411 1624
5025 4 2 2 31 1378 1480 1569 1625
5026 4 2 2 31 1198 1597 1125 1730
5027 4 2 2 31 1532 1652 339 1727
5028 4 2 2 31 1389 1557 1534 1678
5029 4 2 2 31 1453 1516 655 1601
5030 4 2 2 31 690 1541 1301 1588
5031 4 2 2 31 922 1634 1439 1635
5032 4 2 2 31 653 657 1431 1453
5033 4 2 2 31 682 1125 1597 1730
5034 4 2 2 31 1488 1591 1058 1625
5035 4 2 2 31 311 906 433 1462
5036 4 2 2 31 1421 1613 1371 1675
5037 4 2 2 31 1429 1397 1536 1610
5038 4 2 2 31 340 342 1451 1532
5039 4 2 2 31 1456 1659 1410 1687
5040 4 2 2 31 883 943 894 1635
5041 4 2 2 31 454 1574 322 1613
5042 4 2 2 31 40 411 41 1461
5043 4 2 2 31 1411 1441 1394 1681
5044 4 2 2 31 1223 1566 1197 1705
5045 4 2 2 31 865 1433 1576 1664
5046 4 2 2 31 1469 1558 1377 1685
5047 4 2 2 31 94 1419 95 1589
5048 4 2 2 31 1123 1025 1629 1680
5049 4 2 2 31 949 1103 650 1543
5050 4 2 2 31 1323 1415 1354 1481
5051 4 2 2 31 858 1503 876 1645
5052 4 2 2 31 879 926 906 1462
5053 4 2 2 31 1108 1175 935 1428
5054 4 2 2 31 799 1587 1471 1739
5055 4 2 2 31 851 786 1491 1739
5056 4 2 2 31 1154 1110 1037 1644
5057 4 2 2 31 1375 1460 1603 1626
5058 4 2 2 31 1496 1596 702 1721
5059 4 2 2 31 340 1451 341 1554
5060 4 2 2 31 1170 627 623 1452
5061 4 2 2 31 1176 1417 1218 1540
5062 4 2 2 31 1205 1448 1653 1694
5063 4 2 2 31 1276 1547 1275 1655
5064 4 2 2 31 43 852 42 1534
5065 4 2 2 31 7 1418 405 1638
5066 4 2 2 31 1389 1534 1557 1683
5067 4 2 2 31 641 1128 1440 1688
5068 4 2 2 31 1338 1425 1608 1666
5069 4 2 2 31 1577 1609 1392 1617
5070 4 2 2 31 1383 1505 1424 1564
5071 4 2 2 31 1002 1434 1133 1630
5072 4 2 2 31 1420 1382 1489 1519
5073 4 2 2 31 7 1553 1418 1638
5074 4 2 2 31 1390 1460 1447 1626
5075 4 2 2 31 884 1184 1177 1458
5076 4 2 2 31 1099 1489 1519 1631
5077 4 2 2 31 788 1516 853 1527
5078 4 2 2 31 421 311 418 1462
5079 4 2 2 31 1143 1028 1156 1424
5080 4 2 2 31 1013 1150 1151 1699
5081 4 2 2 31 845 1624 847 1660
5082 4 2 2 31 950 1280 1464 1555
5083 4 2 2 31 1377 1558 1434 1685
5084 4 2 2 31 1112 1571 1525 1676
5085 4 2 2 31 1392 1609 1587 1617
5086 4 2 2 31 1193 1185 1590 1592
5087 4 2 2 31 1412 1560 1442 1630
5088 4 2 2 31 1570 1590 1368 1595
5089 4 2 2 31 652 1477 1431 1565
5090 4 2 2 31 1376 1486 1554 1631
5091 4 2 2 31 1079 1059 1058 1540
5092 4 2 2 31 388 1508 1483 1686
5093 4 2 2 31 660 635 1437 1592
5094 4 2 2 31 613 753 1445 1622
5095 4 2 2 31 891 918 931 1432
5096 4 2 2 31 963 1317 1331 1454
5097 4 2 2 31 1351 1321 1448 1709
5098 4 2 2 31 1355 1427 1312 1696
5099 4 2 2 31 772 1589 1423 1662
5100 4 2 2 31 1419 1589 1481 1712
5101 4 2 2 31 1468 1489 1376 1652
5102 4 2 2 31 1414 1378 1636 1699
5103 4 2 2 31 340 339 1532 1652
5104 4 2 2 31 1345 1354 1415 1481
5105 4 2 2 31 1406 1452 1443 1605
5106 4 2 2 31 1151 1623 1414 1699
5107 4 2 2 31 1119 1116 1118 1436
5108 4 2 2 31 1436 1471 1587 1739
5109 4 2 2 31 1255 1187 954 1472
5110 4 2 2 31 1099 1620 1050 1631
5111 4 2 2 31 901 1433 917 1576
5112 4 2 2 31 1250 954 1084 1718
5113 4 2 2 31 1414 1378 1491 1682
5114 4 2 2 31 1061 1562 1480 1687
5115 4 2 2 31 1370 1549 1490 1556
5116 4 2 2 31 1418 1465 1335 1722
5117 4 2 2 31 1100 1489 1631 1734
5118 4 2 2 31 665 673 625 1443
5119 4 2 2 31 1356 1413 1529 1619
5120 4 2 2 31 1035 1120 1082 1552
5121 4 2 2 31 736 81 82 1682
5122 4 2 2 31 1425 1222 1632 1722
5123 4 2 2 31 1215 1087 1184 1635
5124 4 2 2 31 1436 1587 1479 1739
5125 4 2 2 31 1477 1431 1683 1731
5126 4 2 2 31 1184 894 943 1635
5127 4 2 2 31 1416 1394 1534 1727
5128 4 2 2 31 833 750 830 1568
5129 4 2 2 31 1478 1545 1381 1684
5130 4 2 2 31 1273 1271 1533 1547
5131 4 2 2 31 1375 1492 1476 1603
5132 4 2 2 31 1476 1573 1373 1603
5133 4 2 2 31 1420 1489 1376 1631
5134 4 2 2 31 1255 1267 1311 1650
5135 4 2 2 31 1372 1573 1476 1603
5136 4 2 2 31 1424 1577 1484 1649
5137 4 2 2 31 1219 1496 1066 1596
5138 4 2 2 31 1444 1476 385 1714
5139 4 2 2 31 809 1584 727 1646
5140 4 2 2 31 1033 1023 1525 1641
5141 4 2 2 31 429 377 333 1640
5142 4 2 2 31 1484 1577 1392 1649
5143 4 2 2 31 1183 1410 1591 1647
5144 4 2 2 31 959 1653 1473 1694
5145 4 2 2 31 35 1429 1584 1646
5146 4 2 2 31 409 1415 437 1656
5147 4 2 2 31 1505 1585 436 1689
5148 4 2 2 31 1452 1578 1443 1697
5149 4 2 2 31 1370 1521 1461 1693
5150 4 2 2 31 713 690 720 1541
5151 4 2 2 31 682 1125 969 1597
5152 4 2 2 31 310 309 1322 1616
5153 4 2 2 31 1338 1425 1666 1722
5154 4 2 2 31 1411 1557 1534 1683
5155 4 2 2 31 1367 1513 1499 1606
5156 4 2 2 31 1017 1469 1603 1641
5157 4 2 2 31 1013 1572 1012 1579
5158 4 2 2 31 1493 1520 1405 1706
5159 4 2 2 31 799 844 1587 1739
5160 4 2 2 31 959 1205 1653 1694
5161 4 2 2 31 1117 1114 1305 1544
5162 4 2 2 31 1255 1472 1267 1650
5163 4 2 2 31 1170 1578 1452 1697
5164 4 2 2 31 1409 1554 1486 1631
5165 4 2 2 31 776 1621 874 1721
5166 4 2 2 31 1488 1569 1398 1625
5167 4 2 2 31 12 1419 94 1662
5168 4 2 2 31 1477 1624 1387 1660
5169 4 2 2 31 1123 1565 1431 1629
5170 4 2 2 31 821 826 766 1438
5171 4 2 2 31 795 1276 754 1655
5172 4 2 2 31 1153 1047 1142 1441
5173 4 2 2 31 1368 1646 1570 1726
5174 4 2 2 31 877 920 916 1576
5175 4 2 2 31 1415 1574 1371 1613
5176 4 2 2 31 1399 1537 1527 1606
5177 4 2 2 31 925 1462 899 1677
5178 4 2 2 31 783 1272 751 1455
5179 4 2 2 31 1435 1374 1490 1668
5180 4 2 2 31 404 1500 45 1678
5181 4 2 2 31 1382 1468 1416 1500
5182 4 2 2 31 1014 1603 1016 1719
5183 4 2 2 31 1454 1474 1367 1586
5184 4 2 2 31 1527 1537 1402 1606
5185 4 2 2 31 830 750 777 1437
5186 4 2 2 31 340 394 342 1532
5187 4 2 2 31 438 1507 312 1508
5188 4 2 2 31 929 1493 881 1634
5189 4 2 2 31 1387 1566 1565 1660
5190 4 2 2 31 656 1477 1565 1660
5191 4 2 2 31 1590 1595 971 1663
5192 4 2 2 31 1005 1497 1434 1685
5193 4 2 2 31 998 1143 1134 1545
5194 4 2 2 31 919 1439 904 1535
5195 4 2 2 31 1310 1301 1258 1541
5196 4 2 2 31 394 1532 1490 1668
5197 4 2 2 31 1422 1520 1384 1536
5198 4 2 2 31 747 1457 875 1638
5199 4 2 2 31 714 717 689 1443
5200 4 2 2 31 967 1316 1485 1529
5201 4 2 2 31 1392 1577 1484 1609
5202 4 2 2 31 1429 1646 1368 1726
5203 4 2 2 31 1418 1638 1575 1666
5204 4 2 2 31 1373 1603 1460 1626
5205 4 2 2 31 998 996 1564 1690
5206 4 2 2 31 1453 1561 1402 1642
5207 4 2 2 31 1333 1465 1407 1586
5208 4 2 2 31 1135 1087 1215 1512
5209 4 2 2 31 1151 1572 1414 1623
5210 4 2 2 31 1180 1550 1251 1555
5211 4 2 2 31 823 1576 1511 1725
5212 4 2 2 31 1096 1496 1219 1596
5213 4 2 2 31 1070 1510 1448 1745
5214 4 2 2 31 1117 1305 1531 1544
5215 4 2 2 31 1428 1515 640 1622
5216 4 2 2 31 1396 1612 1444 1669
5217 4 2 2 31 1150 1623 1151 1699
5218 4 2 2 31 1449 1391 1495 1741
5219 4 2 2 31 1423 1475 1365 1662
5220 4 2 2 31 1527 1561 1399 1606
5221 4 2 2 31 917 901 930 1433
5222 4 2 2 31 1419 1616 1599 1662
5223 4 2 2 31 1136 1145 1044 1704
5224 4 2 2 31 344 1668 346 1684
5225 4 2 2 31 1493 1520 365 1634
5226 4 2 2 31 761 666 1673 1738
5227 4 2 2 31 404 323 45 1500
5228 4 2 2 31 1510 1540 1224 1600
5229 4 2 2 31 1561 1582 978 1671
5230 4 2 2 31 1383 1414 1572 1585
5231 4 2 2 31 1189 1454 964 1708
5232 4 2 2 31 1020 1636 1031 1699
5233 4 2 2 31 1245 754 1276 1655
5234 4 2 2 31 1397 1508 1497 1509
5235 4 2 2 31 1463 1506 1404 1718
5236 4 2 2 31 1416 1468 1382 1703
5237 4 2 2 31 1468 1489 1382 1703
5238 4 2 2 31 1435 1490 1451 1668
5239 4 2 2 31 644 1566 672 1602
5240 4 2 2 31 1129 952 680 1517
5241 4 2 2 31 1379 1483 1434 1508
5242 4 2 2 31 808 832 1604 1667
5243 4 2 2 31 41 1461 411 1556
5244 4 2 2 31 458 75 74 1621
5245 4 2 2 31 1032 1020 1031 1699
5246 4 2 2 31 1264 826 1242 1438
5247 4 2 2 31 1375 1603 1476 1626
5248 4 2 2 31 317 81 1498 1682
5249 4 2 2 31 772 1423 1589 1615
5250 4 2 2 31 1289 1562 1285 1672
5251 4 2 2 31 1376 1532 1435 1542
5252 4 2 2 31 802 631 609 1457
5253 4 2 2 31 1333 1407 1334 1474
5254 4 2 2 31 1151 1029 1572 1623
5255 4 2 2 31 1052 1536 1546 1744
5256 4 2 2 31 32 904 1439 1535
5257 4 2 2 31 1375 1506 1447 1604
5258 4 2 2 31 1452 1578 1146 1632
5259 4 2 2 31 1404 1463 1455 1502
5260 4 2 2 31 1269 1618 1455 1667
5261 4 2 2 31 1136 1044 1463 1704
5262 4 2 2 31 1424 1392 1577 1649
5263 4 2 2 31 1368 1595 1535 1637
5264 4 2 2 31 1380 1515 1440 1658
5265 4 2 2 31 91 318 378 1626
5266 4 2 2 31 1211 936 1115 1544
5267 4 2 2 31 1175 1428 1108 1602
5268 4 2 2 31 1396 1577 1552 1617
5269 4 2 2 31 1374 1545 1424 1564
5270 4 2 2 31 1482 1397 1546 1581
5271 4 2 2 31 793 1548 1569 1659
5272 4 2 2 31 628 612 665 1443
5273 4 2 2 31 1394 1542 1532 1727
5274 4 2 2 31 831 772 1423 1662
5275 4 2 2 31 1429 1512 1384 1726
5276 4 2 2 31 1374 1451 1505 1668
5277 4 2 2 31 1396 1628 1552 1669
5278 4 2 2 31 356 361 1487 1509
5279 4 2 2 31 657 621 653 1431
5280 4 2 2 31 1366 1448 1419 1709
5281 4 2 2 31 703 1413 687 1621
5282 4 2 2 31 1003 1466 1558 1670
5283 4 2 2 31 851 1491 734 1739
5284 4 2 2 31 1375 1604 1447 1626
5285 4 2 2 31 330 1446 1313 1648
5286 4 2 2 31 1421 1382 1519 1707
5287 4 2 2 31 1022 1459 1062 1665
5288 4 2 2 31 899 1676 903 1677
5289 4 2 2 31 792 758 1248 1659
5290 4 2 2 31 1482 1497 1042 1744
5291 4 2 2 31 1115 1116 1436 1544
5292 4 2 2 31 1391 1645 1503 1715
5293 4 2 2 31 1416 1671 1500 1678
5294 4 2 2 31 1280 1265 1464 1555
5295 4 2 2 31 1193 1590 633 1592
5296 4 2 2 31 416 1430 373 1616
5297 4 2 2 31 1453 1516 1389 1680
5298 4 2 2 31 1402 1561 1527 1606
5299 4 2 2 31 1488 1625 1031 1636
5300 4 2 2 31 68 1418 405 1666
5301 4 2 2 31 725 829 808 1511
5302 4 2 2 31 1380 1428 1515 1658
5303 4 2 2 31 1316 1347 1485 1529
5304 4 2 2 31 1172 619 1504 1736
5305 4 2 2 31 1382 1420 1489 1700
5306 4 2 2 31 827 767 828 1553
5307 4 2 2 31 1440 1568 1395 1592
5308 4 2 2 31 1388 1502 1463 1628
5309 4 2 2 31 1201 1176 1105 1417
5310 4 2 2 31 759 659 787 1601
5311 4 2 2 31 1247 1423 1281 1524
5312 4 2 2 31 929 1458 896 1493
5313 4 2 2 31 758 1287 1456 1672
5314 4 2 2 31 1484 1392 1609 1649
5315 4 2 2 31 1402 1499 1513 1606
5316 4 2 2 31 1398 1574 1488 1600
5317 4 2 2 31 765 766 857 1438
5318 4 2 2 31 722 1499 1537 1607
5319 4 2 2 31 1418 1553 7 1633
5320 4 2 2 31 1440 1515 640 1688
5321 4 2 2 31 1021 1521 1045 1560
5322 4 2 2 31 1019 1579 1409 1636
5323 4 2 2 31 1583 1608 1425 1735
5324 4 2 2 31 351 348 350 1692
5325 4 2 2 31 1336 1454 1446 1514
5326 4 2 2 31 1497 1508 1377 1509
5327 4 2 2 31 1369 1563 1494 1576
5328 4 2 2 31 1368 1512 1429 1726
5329 4 2 2 31 1302 1417 1243 1611
5330 4 2 2 31 1384 1429 1536 1610
5331 4 2 2 31 860 665 743 1443
5332 4 2 2 31 1222 1583 1234 1722
5333 4 2 2 31 1206 1529 1485 1639
5334 4 2 2 31 310 1430 309 1616
5335 4 2 2 31 1412 1501 1370 1560
5336 4 2 2 31 1426 1499 774 1607
5337 4 2 2 31 1390 1571 1462 1676
5338 4 2 2 31 998 996 1143 1564
5339 4 2 2 31 1275 1594 1245 1655
5340 4 2 2 31 1480 1625 1049 1687
5341 4 2 2 31 1170 947 627 1452
5342 4 2 2 31 1428 1602 1445 1622
5343 4 2 2 31 821 1438 766 1524
5344 4 2 2 31 1434 1558 1002 1685
5345 4 2 2 31 1412 1478 1374 1545
5346 4 2 2 31 1257 1548 1296 1615
5347 4 2 2 31 648 1426 1559 1736
5348 4 2 2 31 1489 1542 991 1703
5349 4 2 2 31 1541 1588 720 1711
5350 4 2 2 31 1412 1370 1501 1593
5351 4 2 2 31 1168 1119 1029 1436
5352 4 2 2 31 386 1507 36 1584
5353 4 2 2 31 737 822 846 1499
5354 4 2 2 31 653 614 655 1516
5355 4 2 2 31 1046 1045 1021 1521
5356 4 2 2 31 765 1599 1438 1715
5357 4 2 2 31 1378 1569 1488 1625
5358 4 2 2 31 614 655 1516 1601
5359 4 2 2 31 1429 1584 1397 1610
5360 4 2 2 31 1352 958 1236 1654
5361 4 2 2 31 1297 1531 1471 1594
5362 4 2 2 31 895 896 929 1458
5363 4 2 2 31 311 433 418 1462
5364 4 2 2 31 1468 1500 1382 1700
5365 4 2 2 31 1441 1411 1556 1624
5366 4 2 2 31 699 720 1588 1711
5367 4 2 2 31 870 811 761 1673
5368 4 2 2 31 1454 1514 964 1708
5369 4 2 2 31 1276 1275 1245 1655
5370 4 2 2 31 325 1439 443 1634
5371 4 2 2 31 1427 1597 697 1657
5372 4 2 2 31 1145 1603 1492 1704
5373 4 2 2 31 363 418 1526 1706
5374 4 2 2 31 1228 1707 1582 1708
5375 4 2 2 31 1116 1168 1115 1436
5376 4 2 2 31 380 1526 1462 1743
5377 4 2 2 31 1422 1520 1405 1643
5378 4 2 2 31 320 1429 34 1716
5379 4 2 2 31 1394 1435 1490 1532
5380 4 2 2 31 425 357 1483 1686
5381 4 2 2 31 1415 1481 1323 1709
5382 4 2 2 31 1206 967 1485 1529
5383 4 2 2 31 1492 1603 1014 1719
5384 4 2 2 31 828 1553 767 1559
5385 4 2 2 31 1319 1418 441 1633
5386 4 2 2 31 1385 1479 1414 1491
5387 4 2 2 31 1189 975 965 1454
5388 4 2 2 31 1334 1474 1407 1729
5389 4 2 2 31 1117 1278 934 1531
5390 4 2 2 31 1453 1601 663 1642
5391 4 2 2 31 1202 1064 1094 1495
5392 4 2 2 31 954 1266 1255 1472
5393 4 2 2 31 454 1574 1613 1675
5394 4 2 2 31 427 1449 1430 1715
5395 4 2 2 31 1466 1670 1003 1679
5396 4 2 2 31 1076 1475 1178 1611
5397 4 2 2 31 1397 1509 1497 1644
5398 4 2 2 31 866 1539 11 1656
5399 4 2 2 31 1204 1098 1551 1632
5400 4 2 2 31 1376 1420 1554 1652
5401 4 2 2 31 1409 1498 1620 1636
5402 4 2 2 31 973 965 974 1586
5403 4 2 2 31 1407 1607 29 1729
5404 4 2 2 31 1384 1536 1520 1610
5405 4 2 2 31 1480 1491 1414 1699
5406 4 2 2 31 817 689 860 1443
5407 4 2 2 31 373 1350 310 1616
5408 4 2 2 31 1198 1485 1597 1730
5409 4 2 2 31 1490 1501 1435 1549
5410 4 2 2 31 1118 1120 1057 1552
5411 4 2 2 31 1497 1509 1377 1644
5412 4 2 2 31 1432 1535 1368 1595
5413 4 2 2 31 340 1554 338 1652
5414 4 2 2 31 1067 1602 1566 1705
5415 4 2 2 31 1350 1430 310 1616
5416 4 2 2 31 1153 1441 1549 1732
5417 4 2 2 31 831 1423 742 1524
5418 4 2 2 31 7 405 1418 1633
5419 4 2 2 31 921 903 1494 1677
5420 4 2 2 31 1273 1470 1275 1547
5421 4 2 2 31 1172 619 951 1504
5422 4 2 2 31 1110 1644 1154 1685
5423 4 2 2 31 32 904 443 1439
5424 4 2 2 31 1188 934 1249 1470
5425 4 2 2 31 1113 1112 1525 1676
5426 4 2 2 31 425 1593 1442 1686
5427 4 2 2 31 1222 1425 1583 1722
5428 4 2 2 31 410 386 383 1509
5429 4 2 2 31 808 829 832 1667
5430 4 2 2 31 1425 1632 1551 1722
5431 4 2 2 31 1478 1483 1412 1593
5432 4 2 2 31 1412 1483 1434 1630
5433 4 2 2 31 994 1144 992 1435
5434 4 2 2 31 1248 758 1287 1659
5435 4 2 2 31 1313 330 444 1446
5436 4 2 2 31 1468 339 1652 1727
5437 4 2 2 31 1280 1180 1251 1555
5438 4 2 2 31 1373 1476 1603 1626
5439 4 2 2 31 456 1498 1467 1682
5440 4 2 2 31 439 1634 364 1716
5441 4 2 2 31 1434 1497 1379 1508
5442 4 2 2 31 1263 1251 1550 1555
5443 4 2 2 31 1193 633 617 1592
5444 4 2 2 31 1384 1520 1422 1643
5445 4 2 2 31 1220 1440 1063 1581
5446 4 2 2 31 1017 1016 1023 1603
5447 4 2 2 31 919 915 892 1535
5448 4 2 2 31 73 686 72 1427
5449 4 2 2 31 931 1432 912 1663
5450 4 2 2 31 1077 1227 979 1741
5451 4 2 2 31 1379 1508 1507 1686
5452 4 2 2 31 1305 1114 1253 1544
5453 4 2 2 31 1406 1578 1452 1632
5454 4 2 2 31 1449 1495 1391 1645
5455 4 2 2 31 736 1456 850 1659
5456 4 2 2 31 401 317 81 1498
5457 4 2 2 31 91 808 1604 1725
5458 4 2 2 31 1444 1476 1372 1695
5459 4 2 2 31 911 1433 930 1650
5460 4 2 2 31 1463 1502 1404 1604
5461 4 2 2 31 1289 1544 1284 1562
5462 4 2 2 31 766 1524 1438 1599
5463 4 2 2 31 1479 1572 1414 1585
5464 4 2 2 31 706 687 841 1621
5465 4 2 2 31 1201 1591 1417 1647
5466 4 2 2 31 1407 1553 1418 1633
5467 4 2 2 31 1333 1335 1418 1465
5468 4 2 2 31 614 1516 787 1601
5469 4 2 2 31 1009 1014 1016 1719
5470 4 2 2 31 1468 1652 1532 1727
5471 4 2 2 31 1470 1533 1388 1547
5472 4 2 2 31 1185 1127 1054 1570
5473 4 2 2 31 1374 1501 1412 1545
5474 4 2 2 31 1283 1281 1282 1611
5475 4 2 2 31 958 1352 1567 1654
5476 4 2 2 31 682 969 705 1597
5477 4 2 2 31 1374 1478 1668 1684
5478 4 2 2 31 940 617 1126 1592
5479 4 2 2 31 1466 1577 1484 1679
5480 4 2 2 31 1140 1132 1578 1742
5481 4 2 2 31 365 1520 364 1634
5482 4 2 2 31 1377 1497 1434 1508
5483 4 2 2 31 1449 1567 1403 1619
5484 4 2 2 31 1434 1483 1379 1630
5485 4 2 2 31 1145 1024 1603 1704
5486 4 2 2 31 919 904 878 1535
5487 4 2 2 31 739 70 873 1608
5488 4 2 2 31 3 1553 412 1633
5489 4 2 2 31 642 1428 640 1622
5490 4 2 2 31 865 1576 745 1664
5491 4 2 2 31 1372 1450 1692 1695
5492 4 2 2 31 1414 1467 1383 1579
5493 4 2 2 31 793 738 854 1569
5494 4 2 2 31 1420 1376 1489 1652
5495 4 2 2 31 1506 1704 1203 1718
5496 4 2 2 31 405 1418 68 1638
5497 4 2 2 31 1009 1016 1469 1603
5498 4 2 2 31 1366 1539 1417 1540
5499 4 2 2 31 1435 1532 1394 1542
5500 4 2 2 31 1016 1145 1024 1603
5501 4 2 2 31 1121 1123 1124 1565
5502 4 2 2 31 372 1449 76 1619
5503 4 2 2 31 1105 1304 1243 1611
5504 4 2 2 31 336 337 335 1420
5505 4 2 2 31 1204 1222 1098 1632
5506 4 2 2 31 862 825 1548 1615
5507 4 2 2 31 1342 1608 1338 1696
5508 4 2 2 31 876 858 748 1503
5509 4 2 2 31 618 627 947 1724
5510 4 2 2 31 91 378 1447 1626
5511 4 2 2 31 965 956 1454 1586
5512 4 2 2 31 1077 1064 1202 1550
5513 4 2 2 31 648 1543 1426 1736
5514 4 2 2 31 1242 1438 821 1524
5515 4 2 2 31 644 1445 664 1566
5516 4 2 2 31 1545 1564 1374 1690
5517 4 2 2 31 834 1455 751 1547
5518 4 2 2 31 1139 1563 1138 1627
5519 4 2 2 31 1380 1515 1428 1522
5520 4 2 2 31 1197 1566 1565 1705
5521 4 2 2 31 1243 1417 1296 1647
5522 4 2 2 31 1039 1536 1422 1643
5523 4 2 2 31 664 1566 1445 1660
5524 4 2 2 31 1296 1417 1302 1615
5525 4 2 2 31 1478 1684 1381 1692
5526 4 2 2 31 308 1225 1448 1653
5527 4 2 2 31 1075 1513 1103 1543
5528 4 2 2 31 354 1450 352 1713
5529 4 2 2 31 796 1294 756 1471
5530 4 2 2 31 1449 1654 1391 1741
5531 4 2 2 31 1003 1466 1008 1558
5532 4 2 2 31 1413 1529 1403 1596
5533 4 2 2 31 1317 966 1465 1586
5534 4 2 2 31 1313 444 1343 1446
5535 4 2 2 31 1413 1596 1403 1621
5536 4 2 2 31 629 628 1452 1605
5537 4 2 2 31 1002 1558 1434 1670
5538 4 2 2 31 1315 1583 1425 1722
5539 4 2 2 31 1450 1573 354 1695
5540 4 2 2 31 454 322 437 1613
5541 4 2 2 31 1073 1475 1076 1611
5542 4 2 2 31 1160 1546 1054 1581
5543 4 2 2 31 1389 1680 1431 1683
5544 4 2 2 31 1507 1530 1380 1723
5545 4 2 2 31 1280 1252 1109 1464
5546 4 2 2 31 1582 1671 1416 1703
5547 4 2 2 31 935 1428 1175 1688
5548 4 2 2 31 1083 1203 1463 1718
5549 4 2 2 31 640 1440 638 1515
5550 4 2 2 31 423 1345 331 1481
5551 4 2 2 31 353 1450 354 1695
5552 4 2 2 31 1315 1338 1425 1583
5553 4 2 2 31 411 1556 1461 1693
5554 4 2 2 31 1431 1477 652 1731
5555 4 2 2 31 1024 1460 1023 1603
5556 4 2 2 31 695 1518 1517 1742
5557 4 2 2 31 29 412 1553 1633
5558 4 2 2 31 950 1180 1280 1555
5559 4 2 2 31 648 1426 615 1559
5560 4 2 2 31 394 446 1490 1532
5561 4 2 2 31 1384 1493 1458 1634
5562 4 2 2 31 1136 1083 1203 1463
5563 4 2 2 31 1557 1629 1411 1681
5564 4 2 2 31 397 436 1505 1585
5565 4 2 2 31 1205 1475 1448 1694
5566 4 2 2 31 427 1430 416 1715
5567 4 2 2 31 1412 1379 1483 1630
5568 4 2 2 31 1387 1565 1477 1660
5569 4 2 2 31 881 929 907 1493
5570 4 2 2 31 1466 1612 1396 1669
5571 4 2 2 31 1052 1546 1157 1744
5572 4 2 2 31 1370 1501 1490 1549
5573 4 2 2 31 409 331 437 1415
5574 4 2 2 31 320 1610 1429 1716
5575 4 2 2 31 1375 1502 1463 1604
5576 4 2 2 31 1056 1057 1027 1552
5577 4 2 2 31 1198 969 1125 1597
5578 4 2 2 31 40 411 1461 1693
5579 4 2 2 31 409 1481 1415 1656
5580 4 2 2 31 1220 1194 1658 1688
5581 4 2 2 31 1451 1490 1435 1532
5582 4 2 2 31 1376 1542 1435 1734
5583 4 2 2 31 1261 1503 1262 1550
5584 4 2 2 31 1338 1666 1335 1722
5585 4 2 2 31 837 1515 835 1530
5586 4 2 2 31 1228 1102 1582 1707
5587 4 2 2 31 1388 1655 1547 1737
5588 4 2 2 31 44 1678 853 1683
5589 4 2 2 31 823 813 1576 1725
5590 4 2 2 31 1364 1465 1418 1551
5591 4 2 2 31 697 686 1427 1657
5592 4 2 2 31 897 1458 1177 1733
5593 4 2 2 31 330 1313 1474 1648
5594 4 2 2 31 1420 1382 1640 1700
5595 4 2 2 31 1481 1539 1366 1656
5596 4 2 2 31 356 1509 1487 1713
5597 4 2 2 31 781 747 875 1638
5598 4 2 2 31 76 1449 77 1645
5599 4 2 2 31 1148 1042 1133 1497
5600 4 2 2 31 1105 953 1304 1611
5601 4 2 2 31 1422 1373 1487 1641
5602 4 2 2 31 881 1493 407 1634
5603 4 2 2 31 730 1655 1528 1737
5604 4 2 2 31 361 1487 1509 1520
5605 4 2 2 31 1240 751 1272 1455
5606 4 2 2 31 613 791 661 1445
5607 4 2 2 31 29 1407 412 1633
5608 4 2 2 31 420 74 73 1413
5609 4 2 2 31 1379 1497 1434 1630
5610 4 2 2 31 1224 1510 1071 1540
5611 4 2 2 31 1417 1539 1398 1540
5612 4 2 2 31 1417 1548 1539 1615
5613 4 2 2 31 1425 1575 1406 1608
5614 4 2 2 31 1442 1459 1386 1614
5615 4 2 2 31 1434 1450 1381 1558
5616 4 2 2 31 1148 1042 1497 1744
5617 4 2 2 31 986 1561 1671 1680
5618 4 2 2 31 1422 1405 1520 1706
5619 4 2 2 31 1376 1451 1486 1734
5620 4 2 2 31 1482 1546 1397 1744
5621 4 2 2 31 380 1462 1677 1743
5622 4 2 2 31 1334 414 442 1729
5623 4 2 2 31 322 409 437 1656
5624 4 2 2 31 1431 1516 1453 1680
5625 4 2 2 31 1388 1528 1655 1737
5626 4 2 2 31 630 1504 1457 1724
5627 4 2 2 31 1338 1315 1425 1722
5628 4 2 2 31 608 777 1437 1738
5629 4 2 2 31 735 853 1516 1683
5630 4 2 2 31 1433 1576 901 1598
5631 4 2 2 31 1507 1584 1530 1723
5632 4 2 2 31 682 1597 705 1730
5633 4 2 2 31 1530 1584 36 1723
5634 4 2 2 31 85 314 432 1649
5635 4 2 2 31 1440 1658 1515 1688
5636 4 2 2 31 719 1443 693 1578
5637 4 2 2 31 651 652 621 1565
5638 4 2 2 31 343 1505 436 1689
5639 4 2 2 31 1392 1572 1479 1585
5640 4 2 2 31 747 631 802 1457
5641 4 2 2 31 1515 1658 1428 1688
5642 4 2 2 31 1460 1525 1390 1627
5643 4 2 2 31 1220 1658 1440 1688
5644 4 2 2 31 1399 1582 1561 1671
5645 4 2 2 31 1014 1492 1016 1603
5646 4 2 2 31 1021 1459 1149 1665
5647 4 2 2 31 93 1494 877 1576
5648 4 2 2 31 720 1541 690 1588
5649 4 2 2 31 1428 1380 1522 1665
5650 4 2 2 31 1517 1583 1131 1735
5651 4 2 2 31 701 702 1596 1721
5652 4 2 2 31 614 1516 653 1731
5653 4 2 2 31 1403 1567 1529 1619
5654 4 2 2 31 1507 36 1584 1723
5655 4 2 2 31 1340 1485 1427 1651
5656 4 2 2 31 1469 1558 1009 1719
5657 4 2 2 31 1376 1435 1451 1734
5658 4 2 2 31 696 680 952 1517
5659 4 2 2 31 789 1477 611 1660
5660 4 2 2 31 1447 1494 1390 1743
5661 4 2 2 31 441 1418 1319 1666
5662 4 2 2 31 790 1477 1683 1731
5663 4 2 2 31 816 770 1575 1605
5664 4 2 2 31 1220 1440 1128 1688
5665 4 2 2 31 1422 1641 1038 1643
5666 4 2 2 31 330 1474 449 1648
5667 4 2 2 31 1311 1433 1300 1650
5668 4 2 2 31 921 903 920 1494
5669 4 2 2 31 678 667 1432 1663
5670 4 2 2 31 1435 1486 1451 1734
5671 4 2 2 31 765 766 1438 1599
5672 4 2 2 31 696 1517 952 1742
5673 4 2 2 31 32 878 904 1535
5674 4 2 2 31 1342 1338 1608 1666
5675 4 2 2 31 1116 1531 1436 1544
5676 4 2 2 31 1428 1602 1175 1665
5677 4 2 2 31 616 642 645 1428
5678 4 2 2 31 337 335 1420 1675
5679 4 2 2 31 1435 994 1690 1734
5680 4 2 2 31 1505 1668 1451 1689
5681 4 2 2 31 1004 1002 1558 1685
5682 4 2 2 31 365 421 362 1493
5683 4 2 2 31 1225 1351 308 1448
5684 4 2 2 31 939 657 1106 1453
5685 4 2 2 31 1371 1415 1523 1600
5686 4 2 2 31 416 1599 1430 1616
5687 4 2 2 31 1063 1440 1220 1658
5688 4 2 2 31 847 733 1477 1624
5689 4 2 2 31 1247 1279 859 1524
5690 4 2 2 31 831 742 859 1524
5691 4 2 2 31 618 1090 951 1724
5692 4 2 2 31 437 1415 331 1613
5693 4 2 2 31 1414 1579 1013 1699
5694 4 2 2 31 1405 1493 1462 1702
5695 4 2 2 31 1144 1435 994 1690
5696 4 2 2 31 1143 1424 1156 1679
5697 4 2 2 31 1431 1389 1516 1680
5698 4 2 2 31 1039 1040 1536 1643
5699 4 2 2 31 837 1522 1515 1723
5700 4 2 2 31 703 1413 1621 1639
5701 4 2 2 31 1002 1005 1434 1685
5702 4 2 2 31 1377 1487 1422 1509
5703 4 2 2 31 990 1158 988 1681
5704 4 2 2 31 681 952 1140 1742
5705 4 2 2 31 1424 1374 1505 1684
5706 4 2 2 31 1435 1490 1374 1501
5707 4 2 2 31 1198 1125 1485 1730
5708 4 2 2 31 1071 1540 1510 1745
5709 4 2 2 31 343 1668 1505 1689
5710 4 2 2 31 987 1671 1582 1703
5711 4 2 2 31 877 1494 920 1576
5712 4 2 2 31 42 41 1556 1624
5713 4 2 2 31 841 687 74 1621
5714 4 2 2 31 354 1573 1450 1713
5715 4 2 2 31 1177 1184 1087 1458
5716 4 2 2 31 1417 1540 1398 1591
5717 4 2 2 31 7 763 1553 1638
5718 4 2 2 31 1414 1491 1467 1682
5719 4 2 2 31 781 1605 747 1638
5720 4 2 2 31 1285 1562 1456 1672
5721 4 2 2 31 438 402 1507 1686
5722 4 2 2 31 830 1646 1437 1674
5723 4 2 2 31 697 1427 710 1597
5724 4 2 2 31 1075 973 974 1580
5725 4 2 2 31 1263 1438 1265 1555
5726 4 2 2 31 844 1479 85 1587
5727 4 2 2 31 1150 1192 1623 1699
5728 4 2 2 31 730 836 838 1655
5729 4 2 2 31 804 1518 685 1661
5730 4 2 2 31 834 751 836 1547
5731 4 2 2 31 696 952 681 1742
5732 4 2 2 31 1440 1515 1380 1530
5733 4 2 2 31 950 1464 1213 1555
5734 4 2 2 31 413 414 1319 1633
5735 4 2 2 31 1207 885 1571 1676
5736 4 2 2 31 1131 1583 1231 1735
5737 4 2 2 31 1249 934 1278 1470
5738 4 2 2 31 1448 1365 1653 1694
5739 4 2 2 31 1036 1489 991 1703
5740 4 2 2 31 1430 1365 1473 1653
5741 4 2 2 31 1494 1563 1369 1627
5742 4 2 2 31 1239 963 1331 1514
5743 4 2 2 31 1228 1514 1707 1708
5744 4 2 2 31 1390 1525 1462 1571
5745 4 2 2 31 1414 1467 1491 1720
5746 4 2 2 31 1569 1591 1398 1625
5747 4 2 2 31 75 874 776 1621
5748 4 2 2 31 1429 1384 1512 1716
5749 4 2 2 31 1444 1612 385 1695
5750 4 2 2 31 1331 1454 1336 1514
5751 4 2 2 31 1 1607 1537 1729
5752 4 2 2 31 1426 1364 1559 1736
5753 4 2 2 31 837 1515 1530 1723
5754 4 2 2 31 877 93 905 1494
5755 4 2 2 31 1290 1171 1647 1687
5756 4 2 2 31 619 647 951 1504
5757 4 2 2 31 649 1426 648 1543
5758 4 2 2 31 631 1605 629 1724
5759 4 2 2 31 1169 1025 1557 1629
5760 4 2 2 31 1171 1183 1647 1687
5761 4 2 2 31 687 703 707 1413
5762 4 2 2 31 1355 1427 1340 1485
5763 4 2 2 31 1490 1532 1451 1668
5764 4 2 2 31 831 772 742 1423
5765 4 2 2 31 1043 1581 1063 1658
5766 4 2 2 31 1469 1603 1372 1719
5767 4 2 2 31 1428 640 1515 1688
5768 4 2 2 31 1152 1577 1466 1679
5769 4 2 2 31 1173 1632 1146 1735
5770 4 2 2 31 1381 1484 1466 1692
5771 4 2 2 31 707 1413 703 1639
5772 4 2 2 31 1150 1061 1192 1699
5773 4 2 2 31 352 351 350 1450
5774 4 2 2 31 881 907 407 1493
5775 4 2 2 31 1017 1469 1016 1603
5776 4 2 2 31 1396 1484 1466 1577
5777 4 2 2 31 1417 1548 1296 1647
5778 4 2 2 31 33 32 1439 1535
5779 4 2 2 31 425 357 349 1483
5780 4 2 2 31 1365 1419 1599 1662
5781 4 2 2 31 94 415 431 1419
5782 4 2 2 31 1139 1138 1191 1627
5783 4 2 2 31 1385 1471 1436 1739
5784 4 2 2 31 1034 1113 1112 1525
5785 4 2 2 31 446 399 319 1727
5786 4 2 2 31 1405 1525 1462 1526
5787 4 2 2 31 1009 1558 1469 1685
5788 4 2 2 31 796 1294 1471 1594
5789 4 2 2 31 1455 1463 1404 1618
5790 4 2 2 31 1170 1146 1452 1578
5791 4 2 2 31 1385 1414 1479 1623
5792 4 2 2 31 856 741 828 1559
5793 4 2 2 31 967 984 1206 1485
5794 4 2 2 31 1294 1297 1471 1594
5795 4 2 2 31 1327 1529 1567 1619
5796 4 2 2 31 800 748 1246 1503
5797 4 2 2 31 1315 1234 1583 1722
5798 4 2 2 31 1416 1582 1500 1671
5799 4 2 2 31 1368 1437 1432 1590
5800 4 2 2 31 452 1427 422 1696
5801 4 2 2 31 949 1075 1103 1543
5802 4 2 2 31 970 1583 1231 1651
5803 4 2 2 31 1101 1489 1036 1703
5804 4 2 2 31 1102 1703 1582 1707
5805 4 2 2 31 1138 1627 1563 1676
5806 4 2 2 31 1505 1668 344 1684
5807 4 2 2 31 1005 1154 1497 1685
5808 4 2 2 31 1375 1447 1506 1704
5809 4 2 2 31 1125 1639 1485 1730
5810 4 2 2 31 769 858 876 1645
5811 4 2 2 31 1 1537 1474 1729
5812 4 2 2 31 1226 934 1188 1470
5813 4 2 2 31 948 958 1352 1567
5814 4 2 2 31 991 1036 1100 1489
5815 4 2 2 31 940 1126 1127 1592
5816 4 2 2 31 1368 1535 1439 1637
5817 4 2 2 31 857 766 826 1438
5818 4 2 2 31 1410 1569 1548 1659
5819 4 2 2 31 1310 1301 1541 1588
5820 4 2 2 31 424 373 310 1616
5821 4 2 2 31 401 1574 454 1675
5822 4 2 2 31 788 1527 737 1601
5823 4 2 2 31 1387 1477 1565 1629
5824 4 2 2 31 337 1420 336 1652
5825 4 2 2 31 1091 1632 1090 1724
5826 4 2 2 31 1061 1078 1562 1687
5827 4 2 2 31 1369 1494 1447 1725
5828 4 2 2 31 897 884 1177 1458
5829 4 2 2 31 1484 1577 1424 1679
5830 4 2 2 31 881 407 408 1634
5831 4 2 2 31 330 429 444 1446
5832 4 2 2 31 76 740 1538 1645
5833 4 2 2 31 1376 1486 1451 1554
5834 4 2 2 31 1158 1557 988 1681
5835 4 2 2 31 1426 1513 1367 1580
5836 4 2 2 31 1372 1669 1466 1719
5837 4 2 2 31 695 694 1518 1742
5838 4 2 2 31 842 1445 753 1622
5839 4 2 2 31 337 338 1554 1652
5840 4 2 2 31 1467 1414 1585 1720
5841 4 2 2 31 662 615 649 1426
5842 4 2 2 31 1422 1536 1384 1643
5843 4 2 2 31 1024 1023 1016 1603
5844 4 2 2 31 1117 934 1118 1531
5845 4 2 2 31 1051 1536 1052 1744
5846 4 2 2 31 1099 1519 1074 1620
5847 4 2 2 31 1090 1504 951 1724
5848 4 2 2 31 1457 1504 1393 1724
5849 4 2 2 31 645 1080 1108 1602
5850 4 2 2 31 1467 1682 1491 1720
5851 4 2 2 31 85 84 314 1585
5852 4 2 2 31 445 385 1612 1695
5853 4 2 2 31 1037 1422 1039 1644
5854 4 2 2 31 1278 1117 1305 1531
5855 4 2 2 31 400 39 1442 1693
5856 4 2 2 31 795 1547 1276 1655
5857 4 2 2 31 837 839 1515 1522
5858 4 2 2 31 830 726 1646 1674
5859 4 2 2 31 638 1440 640 1688
5860 4 2 2 31 702 1496 1096 1596
5861 4 2 2 31 645 644 672 1602
5862 4 2 2 31 642 640 1428 1688
5863 4 2 2 31 1379 1459 1442 1614
5864 4 2 2 31 1375 1460 1447 1704
5865 4 2 2 31 952 1517 1140 1742
5866 4 2 2 31 941 1303 1171 1647
5867 4 2 2 31 1222 1583 1425 1735
5868 4 2 2 31 738 825 1539 1548
5869 4 2 2 31 664 656 1566 1660
5870 4 2 2 31 1080 645 672 1602
5871 4 2 2 31 752 835 837 1515
5872 4 2 2 31 1424 1545 1381 1679
5873 4 2 2 31 1462 1525 1390 1526
5874 4 2 2 31 1432 1437 1368 1674
5875 4 2 2 31 1039 1037 1038 1422
5876 4 2 2 31 1164 1060 683 1639
5877 4 2 2 31 340 339 369 1532
5878 4 2 2 31 1072 1448 1205 1475
5879 4 2 2 31 369 1532 339 1727
5880 4 2 2 31 1101 1489 1703 1707
5881 4 2 2 31 95 1481 11 1589
5882 4 2 2 31 1154 1644 1497 1685
5883 4 2 2 31 1332 1474 1454 1586
5884 4 2 2 31 1117 1531 1116 1544
5885 4 2 2 31 751 1455 1240 1547
5886 4 2 2 31 916 901 917 1576
5887 4 2 2 31 1368 1646 1429 1691
5888 4 2 2 31 963 300 1331 1317
5889 4 2 2 31 824 830 1437 1674
5890 4 2 2 31 1279 1242 821 1524
5891 4 2 2 31 1037 1641 1422 1644
5892 4 2 2 31 35 320 386 1584
5893 4 2 2 31 1056 1466 1577 1669
5894 4 2 2 31 1430 1449 1320 1654
5895 4 2 2 31 1443 1578 719 1697
5896 4 2 2 31 1317 1332 1454 1586
5897 4 2 2 31 1259 886 1433 1664
5898 4 2 2 31 1437 1570 1368 1646
5899 4 2 2 31 614 787 659 1601
5900 4 2 2 31 336 1420 335 1700
5901 4 2 2 31 817 860 743 1443
5902 4 2 2 31 1378 1414 1491 1699
5903 4 2 2 31 1210 900 1563 1598
5904 4 2 2 31 764 763 875 1457
5905 4 2 2 31 655 663 1453 1601
5906 4 2 2 31 1382 1500 1416 1582
5907 4 2 2 31 898 899 925 1462
5908 4 2 2 31 352 354 353 1450
5909 4 2 2 31 871 822 737 1537
5910 4 2 2 31 815 1538 740 1645
5911 4 2 2 31 733 42 852 1624
5912 4 2 2 31 1372 1692 1612 1695
5913 4 2 2 31 851 734 786 1739
5914 4 2 2 31 1426 1543 1513 1580
5915 4 2 2 31 1449 1495 1567 1741
5916 4 2 2 31 81 1569 80 1574
5917 4 2 2 31 1468 1416 1542 1703
5918 4 2 2 31 1031 1030 1488 1636
5919 4 2 2 31 1579 1636 1013 1699
5920 4 2 2 31 1224 1540 1079 1600
5921 4 2 2 31 1385 1480 1456 1491
5922 4 2 2 31 900 882 1210 1563
5923 4 2 2 31 693 1578 1443 1742
5924 4 2 2 31 710 697 686 1427
5925 4 2 2 31 1271 1533 1455 1618
5926 4 2 2 31 1426 1499 1367 1513
5927 4 2 2 31 1033 1023 1034 1525
5928 4 2 2 31 1030 1620 1488 1636
5929 4 2 2 31 366 11 95 1481
5930 4 2 2 31 1099 1519 1489 1707
5931 4 2 2 31 1198 1597 1485 1651
5932 4 2 2 31 842 791 753 1445
5933 4 2 2 31 79 80 738 1656
5934 4 2 2 31 936 1284 1544 1562
5935 4 2 2 31 846 822 872 1499
5936 4 2 2 31 1364 1543 1426 1580
5937 4 2 2 31 91 725 808 1725
5938 4 2 2 31 1048 1058 1591 1625
5939 4 2 2 31 693 1443 1661 1742
5940 4 2 2 31 1242 826 821 1438
5941 4 2 2 31 1083 1463 1618 1718
5942 4 2 2 31 1426 1543 1364 1736
5943 4 2 2 31 1489 1542 1376 1734
5944 4 2 2 31 1016 1492 1145 1603
5945 4 2 2 31 1385 1436 1479 1739
5946 4 2 2 31 406 1585 1467 1689
5947 4 2 2 31 1252 1178 1109 1464
5948 4 2 2 31 1447 1460 1375 1626
5949 4 2 2 31 707 1413 1639 1730
5950 4 2 2 31 1335 1319 1333 1418
5951 4 2 2 31 1291 756 1294 1471
5952 4 2 2 31 1250 1084 1618 1718
5953 4 2 2 31 1206 1485 1125 1639
5954 4 2 2 31 1405 1526 1462 1706
5955 4 2 2 31 356 383 361 1509
5956 4 2 2 31 1462 1525 1405 1571
5957 4 2 2 31 1049 1061 1480 1687
5958 4 2 2 31 1403 1529 1413 1619
5959 4 2 2 31 1466 1484 1381 1679
5960 4 2 2 31 660 1568 636 1592
5961 4 2 2 31 1367 1407 1580 1586
5962 4 2 2 31 1490 1501 1370 1593
5963 4 2 2 31 386 312 36 1507
5964 4 2 2 31 1486 1579 1409 1631
5965 4 2 2 31 1003 1152 1008 1466
5966 4 2 2 31 1376 1532 1468 1652
5967 4 2 2 31 920 902 1494 1563
5968 4 2 2 31 930 1433 901 1598
5969 4 2 2 31 1449 1567 1654 1741
5970 4 2 2 31 1429 1546 1395 1726
5971 4 2 2 31 1415 1323 1510 1709
5972 4 2 2 31 1366 1481 1419 1589
5973 4 2 2 31 1491 1720 734 1739
5974 4 2 2 31 627 1452 947 1724
5975 4 2 2 31 1495 1538 1408 1645
5976 4 2 2 31 1389 1557 1416 1671
5977 4 2 2 31 1341 1317 966 1465
5978 4 2 2 31 1044 1081 1463 1628
5979 4 2 2 31 87 1528 86 1609
5980 4 2 2 31 1423 1524 831 1662
5981 4 2 2 31 865 823 813 1576
5982 4 2 2 31 343 1451 1668 1689
5983 4 2 2 31 1473 1653 1365 1694
5984 4 2 2 31 809 35 727 1584
5985 4 2 2 31 1292 1257 862 1548
5986 4 2 2 31 1382 1489 1519 1707
5987 4 2 2 31 1417 1591 1548 1647
5988 4 2 2 31 1484 1612 1466 1692
5989 4 2 2 31 1335 1465 1341 1722
5990 4 2 2 31 1245 1594 754 1655
5991 4 2 2 31 1152 1466 1003 1679
5992 4 2 2 31 739 1575 69 1608
5993 4 2 2 31 1390 1626 1447 1743
5994 4 2 2 31 72 1427 686 1657
5995 4 2 2 31 1441 1411 1629 1681
5996 4 2 2 31 1416 1389 1671 1678
5997 4 2 2 31 330 429 1446 1648
5998 4 2 2 31 788 737 846 1601
5999 4 2 2 31 68 1638 1418 1666
6000 4 2 2 31 1321 1322 309 1709
6001 4 2 2 31 1463 1533 1388 1628
6002 4 2 2 31 33 1535 1439 1691
6003 4 2 2 31 1382 1514 1446 1708
6004 4 2 2 31 1201 1059 1218 1591
6005 4 2 2 31 703 1621 1596 1639
6006 4 2 2 31 1415 1371 1523 1613
6007 4 2 2 31 1130 970 1231 1651
6008 4 2 2 31 739 1518 873 1661
6009 4 2 2 31 1376 1451 1435 1532
6010 4 2 2 31 1197 1565 1629 1705
6011 4 2 2 31 1407 1367 1474 1586
6012 4 2 2 31 1488 1398 1591 1625
6013 4 2 2 31 1441 1521 1047 1705
6014 4 2 2 31 1370 1441 1461 1521
6015 4 2 2 31 984 1316 1330 1485
6016 4 2 2 31 1213 950 1109 1464
6017 4 2 2 31 1160 1054 1127 1581
6018 4 2 2 31 1163 944 1513 1642
6019 4 2 2 31 425 1442 400 1686
6020 4 2 2 31 1407 1465 1364 1580
6021 4 2 2 31 1172 1543 619 1736
6022 4 2 2 31 1383 1572 1414 1579
6023 4 2 2 31 1375 1476 1444 1714
6024 4 2 2 31 425 1442 1593 1693
6025 4 2 2 31 940 1193 617 1592
6026 4 2 2 31 755 789 611 1660
6027 4 2 2 31 893 1635 1439 1637
6028 4 2 2 31 1372 1492 1669 1719
6029 4 2 2 31 1436 1471 1385 1544
6030 4 2 2 31 397 347 1649 1684
6031 4 2 2 31 1548 1591 1410 1647
6032 4 2 2 31 1246 748 1264 1503
6033 4 2 2 31 1388 1502 1444 1737
6034 4 2 2 31 1271 1455 1269 1618
6035 4 2 2 31 1419 1709 1322 1712
6036 4 2 2 31 1056 1466 1152 1577
6037 4 2 2 31 340 341 338 1554
6038 4 2 2 31 1411 1387 1624 1629
6039 4 2 2 31 1471 1544 1289 1672
6040 4 2 2 31 1075 1513 1543 1580
6041 4 2 2 31 1302 1417 1611 1615
6042 4 2 2 31 642 1428 616 1688
6043 4 2 2 31 1393 1551 1425 1632
6044 4 2 2 31 408 325 443 1634
6045 4 2 2 31 366 423 1481 1712
6046 4 2 2 31 1327 1567 1449 1619
6047 4 2 2 31 401 454 367 1675
6048 4 2 2 31 891 1432 931 1595
6049 4 2 2 31 824 1437 830 1738
6050 4 2 2 31 1492 1628 1444 1669
6051 4 2 2 31 310 1616 1322 1712
6052 4 2 2 31 327 328 390 1613
6053 4 2 2 31 425 400 1442 1693
6054 4 2 2 31 1121 1122 1123 1431
6055 4 2 2 31 1390 1563 1494 1627
6056 4 2 2 31 897 1702 1458 1733
6057 4 2 2 31 1250 1269 1268 1618
6058 4 2 2 31 722 1537 1 1607
6059 4 2 2 31 309 1430 1320 1654
6060 4 2 2 31 1243 1302 1296 1417
6061 4 2 2 31 1435 1501 1374 1690
6062 4 2 2 31 1455 1618 1404 1667
6063 4 2 2 31 397 1585 1505 1649
6064 4 2 2 31 384 1626 318 1714
6065 4 2 2 31 680 696 695 1517
6066 4 2 2 31 29 1553 1407 1633
6067 4 2 2 31 1288 1548 1292 1659
6068 4 2 2 31 1455 1533 1463 1618
6069 4 2 2 31 1462 1526 1390 1743
6070 4 2 2 31 1004 1558 1009 1685
6071 4 2 2 31 74 420 458 1413
6072 4 2 2 31 1236 308 1352 1653
6073 4 2 2 31 1117 1116 1114 1544
6074 4 2 2 31 397 1649 1505 1684
6075 4 2 2 31 84 85 844 1479
6076 4 2 2 31 759 797 659 1601
6077 4 2 2 31 412 1633 1407 1729
6078 4 2 2 31 1091 1452 1146 1632
6079 4 2 2 31 729 1522 837 1723
6080 4 2 2 31 347 344 346 1684
6081 4 2 2 31 1388 1463 1455 1533
6082 4 2 2 31 1099 1489 1101 1707
6083 4 2 2 31 312 438 402 1507
6084 4 2 2 31 966 1580 1465 1586
6085 4 2 2 31 1287 1285 1456 1672
6086 4 2 2 31 1391 1654 1449 1715
6087 4 2 2 31 343 397 436 1505
6088 4 2 2 31 629 1605 1452 1724
6089 4 2 2 31 695 1517 696 1742
6090 4 2 2 31 1220 1063 1127 1581
6091 4 2 2 31 977 985 1179 1561
6092 4 2 2 31 1366 1419 1481 1709
6093 4 2 2 31 1164 683 1596 1639
6094 4 2 2 31 956 1317 963 1454
6095 4 2 2 31 922 919 893 1439
6096 4 2 2 31 1021 1011 1022 1459
6097 4 2 2 31 783 751 834 1455
6098 4 2 2 31 71 1608 371 1696
6099 4 2 2 31 1051 1041 1052 1536
6100 4 2 2 31 1059 1540 1218 1591
6101 4 2 2 31 350 1478 349 1483
6102 4 2 2 31 1403 1596 1496 1721
6103 4 2 2 31 1455 1463 1388 1502
6104 4 2 2 31 785 1244 758 1672
6105 4 2 2 31 1424 1505 1374 1564
6106 4 2 2 31 1052 1160 1157 1546
6107 4 2 2 31 1141 1007 1486 1579
6108 4 2 2 31 1169 1123 1025 1629
6109 4 2 2 31 632 1457 630 1504
6110 4 2 2 31 920 1494 903 1563
6111 4 2 2 31 381 433 906 1462
6112 4 2 2 31 1097 971 1590 1595
6113 4 2 2 31 1277 1531 1297 1594
6114 4 2 2 31 410 438 312 1508
6115 4 2 2 31 1290 1171 1303 1647
6116 4 2 2 31 1515 1380 1530 1723
6117 4 2 2 31 1441 1624 1387 1629
6118 4 2 2 31 1515 1522 1380 1723
6119 4 2 2 31 975 1561 977 1606
6120 4 2 2 31 1449 1495 1403 1567
6121 4 2 2 31 1340 1427 1355 1696
6122 4 2 2 31 1424 1381 1484 1679
6123 4 2 2 31 770 739 816 1575
6124 4 2 2 31 689 1443 817 1661
6125 4 2 2 31 1288 1290 1647 1687
6126 4 2 2 31 1002 1133 1001 1630
6127 4 2 2 31 670 1106 657 1453
6128 4 2 2 31 758 1244 1287 1672
6129 4 2 2 31 343 1451 342 1668
6130 4 2 2 31 1315 955 1234 1722
6131 4 2 2 31 994 1435 992 1734
6132 4 2 2 31 1373 1487 1701 1706
6133 4 2 2 31 1240 1455 1271 1547
6134 4 2 2 31 1465 1580 1407 1586
6135 4 2 2 31 1039 1422 1038 1643
6136 4 2 2 31 1429 1546 1397 1584
6137 4 2 2 31 453 409 11 1481
6138 4 2 2 31 1415 1510 1481 1709
6139 4 2 2 31 1063 1581 1440 1658
6140 4 2 2 31 1042 1011 1133 1630
6141 4 2 2 31 609 801 1457 1559
6142 4 2 2 31 434 1509 386 1610
6143 4 2 2 31 797 624 659 1601
6144 4 2 2 31 1340 1651 1427 1696
6145 4 2 2 31 632 1457 1504 1736
6146 4 2 2 31 786 850 736 1456
6147 4 2 2 31 629 612 628 1605
6148 4 2 2 31 1332 1333 1474 1586
6149 4 2 2 31 1525 1571 1390 1676
6150 4 2 2 31 875 747 802 1457
6151 4 2 2 31 1396 1484 1577 1609
6152 4 2 2 31 1441 1629 1142 1681
6153 4 2 2 31 1142 1629 1441 1705
6154 4 2 2 31 1094 1495 1066 1496
6155 4 2 2 31 1390 1526 1626 1743
6156 4 2 2 31 1205 1162 1475 1694
6157 4 2 2 31 1367 1499 1426 1607
6158 4 2 2 31 877 905 920 1494
6159 4 2 2 31 1030 1019 1620 1636
6160 4 2 2 31 1263 1280 1251 1555
6161 4 2 2 31 1437 635 1590 1592
6162 4 2 2 31 1047 1142 1441 1705
6163 4 2 2 31 1037 1038 1422 1641
6164 4 2 2 31 1381 1424 1484 1684
6165 4 2 2 31 1026 1145 1492 1628
6166 4 2 2 31 1155 1627 1460 1704
6167 4 2 2 31 1286 1456 1562 1687
6168 4 2 2 31 436 1585 406 1689
6169 4 2 2 31 1403 1619 1413 1621
6170 4 2 2 31 1187 1165 954 1472
6171 4 2 2 31 1421 1519 1371 1523
6172 4 2 2 31 1411 1624 1441 1629
6173 4 2 2 31 1416 1534 1468 1727
6174 4 2 2 31 804 685 692 1661
6175 4 2 2 31 1293 1268 1269 1667
6176 4 2 2 31 850 1456 758 1659
6177 4 2 2 31 1410 1591 1569 1625
6178 4 2 2 31 308 1236 959 1653
6179 4 2 2 31 1345 1323 1354 1481
6180 4 2 2 31 1460 1506 1447 1704
6181 4 2 2 31 1422 1377 1509 1644
6182 4 2 2 31 341 340 342 1451
6183 4 2 2 31 1022 1042 1043 1482
6184 4 2 2 31 1318 1514 1346 1728
6185 4 2 2 31 1397 1546 1536 1744
6186 4 2 2 31 1012 1028 1006 1572
6187 4 2 2 31 1015 1152 1056 1466
6188 4 2 2 31 1425 1551 1418 1722
6189 4 2 2 31 1099 1074 1050 1620
6190 4 2 2 31 94 1419 1589 1662
6191 4 2 2 31 1228 964 1514 1708
6192 4 2 2 31 1474 1537 1 1648
6193 4 2 2 31 899 1462 898 1571
6194 4 2 2 31 1015 1466 1056 1669
6195 4 2 2 31 1283 1178 1252 1464
6196 4 2 2 31 1383 1585 1505 1689
6197 4 2 2 31 1140 1517 1132 1742
6198 4 2 2 31 360 406 1467 1689
6199 4 2 2 31 1416 1382 1582 1703
6200 4 2 2 31 1387 1461 1441 1705
6201 4 2 2 31 1081 1533 938 1618
6202 4 2 2 31 1342 1337 1338 1666
6203 4 2 2 31 1473 1555 1391 1741
6204 4 2 2 31 308 959 1225 1653
6205 4 2 2 31 1050 1030 1019 1620
6206 4 2 2 31 1102 1101 1703 1707
6207 4 2 2 31 1374 1668 1505 1684
6208 4 2 2 31 1114 936 1253 1544
6209 4 2 2 31 89 1444 1714 1737
6210 4 2 2 31 1410 1480 1456 1687
6211 4 2 2 31 613 1445 644 1622
6212 4 2 2 31 1389 1678 1534 1683
6213 4 2 2 31 839 1515 1522 1622
6214 4 2 2 31 1161 1519 1523 1740
6215 4 2 2 31 1418 1335 1666 1722
6216 4 2 2 31 1445 1566 1387 1660
6217 4 2 2 31 1382 1500 1582 1708
6218 4 2 2 31 1373 1701 1526 1706
6219 4 2 2 31 885 932 1207 1571
6220 4 2 2 31 1365 1524 1423 1662
6221 4 2 2 31 1193 940 1185 1592
6222 4 2 2 31 91 1604 1447 1725
6223 4 2 2 31 817 1443 816 1661
6224 4 2 2 31 1331 1317 1332 1454
6225 4 2 2 31 947 1170 1146 1452
6226 4 2 2 31 1395 1530 1581 1584
6227 4 2 2 31 1368 1570 1437 1590
6228 4 2 2 31 1325 1710 1349 1728
6229 4 2 2 31 388 357 438 1686
6230 4 2 2 31 309 1653 1430 1654
6231 4 2 2 31 1334 442 1474 1729
6232 4 2 2 31 68 1575 1638 1666
6233 4 2 2 31 637 638 641 1440
6234 4 2 2 31 735 44 853 1683
6235 4 2 2 31 1077 1550 1180 1555
6236 4 2 2 31 12 10 329 1616
6237 4 2 2 31 1208 1161 1519 1523
6238 4 2 2 31 1207 1174 885 1676
6239 4 2 2 31 1206 1195 1529 1639
6240 4 2 2 31 35 1584 809 1646
6241 4 2 2 31 1257 1296 1302 1615
6242 4 2 2 31 1380 1658 1459 1665
6243 4 2 2 31 1156 1424 1577 1679
6244 4 2 2 31 1152 1156 1577 1679
6245 4 2 2 31 1437 1646 1368 1674
6246 4 2 2 31 1406 1575 1425 1632
6247 4 2 2 31 642 616 640 1688
6248 4 2 2 31 1380 1428 1658 1665
6249 4 2 2 31 1489 1376 1631 1734
6250 4 2 2 31 1461 1556 41 1624
6251 4 2 2 31 1378 1625 1488 1636
6252 4 2 2 31 905 921 920 1494
6253 4 2 2 31 1289 1284 1285 1562
6254 4 2 2 31 1288 1248 1286 1659
6255 4 2 2 31 89 1714 1502 1737
6256 4 2 2 31 1316 1356 1347 1529
6257 4 2 2 31 1466 1484 1396 1612
6258 4 2 2 31 706 1621 776 1721
6259 4 2 2 31 758 1456 786 1672
6260 4 2 2 31 652 653 1431 1731
6261 4 2 2 31 1229 1162 1464 1475
6262 4 2 2 31 1422 1520 1487 1706
6263 4 2 2 31 1039 1422 1536 1644
6264 4 2 2 31 1137 1460 1155 1627
6265 4 2 2 31 722 871 1 1537
6266 4 2 2 31 330 1313 449 1474
6267 4 2 2 31 694 695 696 1742
6268 4 2 2 31 1067 1566 1223 1705
6269 4 2 2 31 319 395 446 1556
6270 4 2 2 31 1009 1016 1017 1469
6271 4 2 2 31 1306 861 744 1541
6272 4 2 2 31 372 1328 1350 1449
6273 4 2 2 31 1565 1566 1387 1705
6274 4 2 2 31 1421 1523 1371 1613
6275 4 2 2 31 862 760 1292 1548
6276 4 2 2 31 1210 1563 1139 1598
6277 4 2 2 31 1431 1516 1389 1683
6278 4 2 2 31 88 1444 89 1737
6279 4 2 2 31 1447 1460 1390 1627
6280 4 2 2 31 380 418 1462 1526
6281 4 2 2 31 1381 1558 1466 1670
6282 4 2 2 31 1230 1495 968 1567
6283 4 2 2 31 1447 1626 378 1743
6284 4 2 2 31 1123 1431 1122 1680
6285 4 2 2 31 1292 760 792 1659
6286 4 2 2 31 1388 1533 1455 1547
6287 4 2 2 31 798 845 847 1660
6288 4 2 2 31 922 904 919 1439
6289 4 2 2 31 1460 1603 1024 1704
6290 4 2 2 31 1392 1479 1436 1587
6291 4 2 2 31 1302 1243 1304 1611
6292 4 2 2 31 1107 1488 1030 1620
6293 4 2 2 31 1365 1555 1473 1694
6294 4 2 2 31 627 628 623 1452
6295 4 2 2 31 10 1599 416 1616
6296 4 2 2 31 1270 938 1274 1533
6297 4 2 2 31 427 372 1350 1449
6298 4 2 2 31 1276 1273 1275 1547
6299 4 2 2 31 79 738 1539 1656
6300 4 2 2 31 658 755 611 1660
6301 4 2 2 31 670 1453 663 1642
6302 4 2 2 31 1395 1581 1546 1584
6303 4 2 2 31 1408 1588 1541 1711
6304 4 2 2 31 450 1500 404 1678
6305 4 2 2 31 1208 961 1161 1523
6306 4 2 2 31 1440 1530 1395 1568
6307 4 2 2 31 1142 1629 1169 1681
6308 4 2 2 31 1404 1506 1472 1718
6309 4 2 2 31 941 1171 1183 1647
6310 4 2 2 31 897 1177 932 1733
6311 4 2 2 31 379 1626 1526 1743
6312 4 2 2 31 345 394 1490 1668
6313 4 2 2 31 988 1416 1557 1671
6314 4 2 2 31 1476 1626 384 1714
6315 4 2 2 31 660 636 635 1592
6316 4 2 2 31 1425 1632 1222 1735
6317 4 2 2 31 608 660 635 1437
6318 4 2 2 31 1370 1461 1441 1556
6319 4 2 2 31 805 837 1530 1723
6320 4 2 2 31 91 1447 378 1743
6321 4 2 2 31 379 378 1626 1743
6322 4 2 2 31 1441 1461 1387 1624
6323 4 2 2 31 1432 1590 678 1663
6324 4 2 2 31 1026 1044 1145 1628
6325 4 2 2 31 350 348 349 1478
6326 4 2 2 31 1149 1021 1022 1459
6327 4 2 2 31 1395 1546 1429 1584
6328 4 2 2 31 416 1430 1599 1715
6329 4 2 2 31 1388 1470 1547 1655
6330 4 2 2 31 1269 1455 1272 1667
6331 4 2 2 31 1368 1674 1646 1691
6332 4 2 2 31 1005 1154 1148 1497
6333 4 2 2 31 902 1563 900 1598
6334 4 2 2 31 775 685 804 1518
6335 4 2 2 31 698 684 803 1721
6336 4 2 2 31 1373 1603 1469 1641
6337 4 2 2 31 824 1674 1437 1738
6338 4 2 2 31 1340 1338 1651 1696
6339 4 2 2 31 1402 1601 1453 1642
6340 4 2 2 31 83 734 1491 1720
6341 4 2 2 31 635 634 1437 1590
6342 4 2 2 31 1198 1125 1206 1485
6343 4 2 2 31 818 815 1541 1711
6344 4 2 2 31 1198 1130 1597 1651
6345 4 2 2 31 862 780 825 1615
6346 4 2 2 31 1525 1571 1111 1733
6347 4 2 2 31 709 710 1427 1730
6348 4 2 2 31 1282 1611 1423 1615
6349 4 2 2 31 1274 938 1167 1533
6350 4 2 2 31 383 1509 356 1713
6351 4 2 2 31 1441 1549 1370 1556
6352 4 2 2 31 1437 1568 1395 1646
6353 4 2 2 31 844 1479 1587 1739
6354 4 2 2 31 359 1487 361 1706
6355 4 2 2 31 847 1477 789 1660
6356 4 2 2 31 1206 1195 967 1529
6357 4 2 2 31 1018 992 1144 1549
6358 4 2 2 31 1443 1452 1406 1578
6359 4 2 2 31 1320 309 310 1430
6360 4 2 2 31 72 452 73 1427
6361 4 2 2 31 1509 1536 1397 1610
6362 4 2 2 31 1472 1598 1433 1650
6363 4 2 2 31 1479 1720 1491 1739
6364 4 2 2 31 388 1483 357 1686
6365 4 2 2 31 907 879 311 1493
6366 4 2 2 31 1625 1636 1378 1699
6367 4 2 2 31 918 887 931 1432
6368 4 2 2 31 701 1596 1621 1721
6369 4 2 2 31 1263 1265 1280 1555
6370 4 2 2 31 685 775 708 1518
6371 4 2 2 31 842 1445 1622 1698
6372 4 2 2 31 1483 1508 1379 1686
6373 4 2 2 31 1323 1415 1510 1710
6374 4 2 2 31 1247 1281 1279 1524
6375 4 2 2 31 1457 1553 1364 1559
6376 4 2 2 31 1072 1205 1162 1475
6377 4 2 2 31 1462 1390 1677 1743
6378 4 2 2 31 1428 1658 1175 1688
6379 4 2 2 31 1266 1267 1255 1472
6380 4 2 2 31 856 615 741 1559
6381 4 2 2 31 648 649 615 1426
6382 4 2 2 31 1465 1551 1364 1717
6383 4 2 2 31 1132 1173 1146 1735
6384 4 2 2 31 397 1505 347 1684
6385 4 2 2 31 1138 1563 942 1676
6386 4 2 2 31 993 995 994 1734
6387 4 2 2 31 1502 1714 1444 1737
6388 4 2 2 31 401 1498 1574 1675
6389 4 2 2 31 1471 1531 1297 1544
6390 4 2 2 31 372 1328 1449 1619
6391 4 2 2 31 1228 1582 1104 1708
6392 4 2 2 31 1081 938 1083 1618
6393 4 2 2 31 799 796 1471 1594
6394 4 2 2 31 36 805 1530 1723
6395 4 2 2 31 1546 1570 1395 1726
6396 4 2 2 31 1032 1049 1480 1625
6397 4 2 2 31 361 1509 434 1520
6398 4 2 2 31 1328 1320 1350 1449
6399 4 2 2 31 1325 1523 1710 1728
6400 4 2 2 31 1226 1082 1120 1470
6401 4 2 2 31 442 449 1313 1474
6402 4 2 2 31 1004 1558 1002 1670
6403 4 2 2 31 1456 1562 1385 1672
6404 4 2 2 31 979 1227 1065 1473
6405 4 2 2 31 1399 1582 1500 1708
6406 4 2 2 31 1383 1505 1451 1689
6407 4 2 2 31 308 1448 1321 1653
6408 4 2 2 31 939 1106 1200 1453
6409 4 2 2 31 1461 1521 1441 1705
6410 4 2 2 31 886 917 930 1433
6411 4 2 2 31 909 868 746 1535
6412 4 2 2 31 1441 1521 1370 1732
6413 4 2 2 31 686 709 710 1427
6414 4 2 2 31 633 1590 635 1592
6415 4 2 2 31 728 1604 1502 1714
6416 4 2 2 31 808 832 728 1604
6417 4 2 2 31 1418 1551 1465 1722
6418 4 2 2 31 41 319 42 1556
6419 4 2 2 31 959 1225 1236 308
6420 4 2 2 31 1492 1603 1375 1704
6421 4 2 2 31 664 1445 661 1660
6422 4 2 2 31 1013 1636 1020 1699
6423 4 2 2 31 1043 1157 1160 1482
6424 4 2 2 31 845 732 40 1461
6425 4 2 2 31 1372 1558 1469 1719
6426 4 2 2 31 964 1189 963 1454
6427 4 2 2 31 618 947 1090 1724
6428 4 2 2 31 728 90 1604 1714
6429 4 2 2 31 906 1462 925 1677
6430 4 2 2 31 92 1494 93 1725
6431 4 2 2 31 1252 1280 1265 1464
6432 4 2 2 31 611 1477 656 1660
6433 4 2 2 31 941 1201 1105 1647
6434 4 2 2 31 1124 933 620 1565
6435 4 2 2 31 41 845 40 1461
6436 4 2 2 31 1166 971 1595 1663
6437 4 2 2 31 92 93 813 1725
6438 4 2 2 31 1333 1319 1334 1633
6439 4 2 2 31 656 1477 652 1565
6440 4 2 2 31 421 418 363 1706
6441 4 2 2 31 1365 1464 1555 1694
6442 4 2 2 31 405 441 375 1666
6443 4 2 2 31 1068 1629 1142 1705
6444 4 2 2 31 1112 1111 1525 1571
6445 4 2 2 31 425 316 400 1693
6446 4 2 2 31 1229 1109 1178 1464
6447 4 2 2 31 1476 1573 387 1701
6448 4 2 2 31 712 681 982 1578
6449 4 2 2 31 1200 1453 1106 1642
6450 4 2 2 31 906 925 880 1677
6451 4 2 2 31 1448 1475 1365 1694
6452 4 2 2 31 1418 1666 1425 1722
6453 4 2 2 31 1487 1520 361 1706
6454 4 2 2 31 684 706 776 1721
6455 4 2 2 31 1014 1145 1016 1492
6456 4 2 2 31 1011 1560 1010 1630
6457 4 2 2 31 1074 1519 1208 1740
6458 4 2 2 31 385 387 1476 1695
6459 4 2 2 31 1395 1568 1437 1592
6460 4 2 2 31 397 347 392 1649
6461 4 2 2 31 1501 1545 1374 1690
6462 4 2 2 31 83 734 851 1491
6463 4 2 2 31 394 446 395 1490
6464 4 2 2 31 850 758 792 1659
6465 4 2 2 31 329 10 416 1616
6466 4 2 2 31 996 995 1564 1690
6467 4 2 2 31 1176 1218 1073 1540
6468 4 2 2 31 632 1559 1457 1736
6469 4 2 2 31 396 349 1478 1593
6470 4 2 2 31 839 784 1515 1622
6471 4 2 2 31 1582 1703 1382 1707
6472 4 2 2 31 1327 1529 1356 1567
6473 4 2 2 31 1321 308 1351 1448
6474 4 2 2 31 1222 1234 955 1722
6475 4 2 2 31 1425 1575 1393 1632
6476 4 2 2 31 609 646 801 1559
6477 4 2 2 31 698 803 1711 1721
6478 4 2 2 31 1381 1670 1466 1679
6479 4 2 2 31 76 77 740 1645
6480 4 2 2 31 845 1461 41 1624
6481 4 2 2 31 969 1129 705 1597
6482 4 2 2 31 1440 1530 1380 1581
6483 4 2 2 31 1338 1335 1315 1722
6484 4 2 2 31 1433 1472 1369 1598
6485 4 2 2 31 640 1515 643 1622
6486 4 2 2 31 963 1454 1331 1514
6487 4 2 2 31 86 87 810 1528
6488 4 2 2 31 787 1516 614 1731
6489 4 2 2 31 1043 1482 1160 1581
6490 4 2 2 31 371 1608 1342 1696
6491 4 2 2 31 1397 1536 1509 1644
6492 4 2 2 31 759 166 787 659
6493 4 2 2 31 1077 1180 1227 1555
6494 4 2 2 31 1436 1587 1400 1617
6495 4 2 2 31 1392 1587 1436 1617
6496 4 2 2 31 1337 441 1319 1666
6497 4 2 2 31 1403 1496 1495 1538
6498 4 2 2 31 1495 1496 1408 1538
6499 4 2 2 31 1080 672 1566 1602
6500 4 2 2 31 973 1580 966 1586
6501 4 2 2 31 944 1103 1163 1513
6502 4 2 2 31 1385 1479 1436 1623
6503 4 2 2 31 80 854 738 1569
6504 4 2 2 31 793 1569 736 1659
6505 4 2 2 31 764 1457 801 1559
6506 4 2 2 31 1282 1281 1247 1423
6507 4 2 2 31 920 903 902 1563
6508 4 2 2 31 837 839 784 1515
6509 4 2 2 31 1019 1013 1579 1636
6510 4 2 2 31 75 776 841 1621
6511 4 2 2 31 794 660 750 1568
6512 4 2 2 31 431 1419 415 1712
6513 4 2 2 31 98 1343 327 1314
6514 4 2 2 31 360 436 406 1689
6515 4 2 2 31 347 392 1649 1684
6516 4 2 2 31 1404 1618 1463 1718
6517 4 2 2 31 1444 1372 1612 1695
6518 4 2 2 31 1107 1031 1030 1488
6519 4 2 2 31 1331 1318 1239 1514
6520 4 2 2 31 1438 1599 1391 1715
6521 4 2 2 31 1043 1063 1062 1658
6522 4 2 2 31 1073 1076 1176 1611
6523 4 2 2 31 1397 1497 1482 1744
6524 4 2 2 31 1219 1096 1066 1496
6525 4 2 2 31 1394 1549 1441 1556
6526 4 2 2 31 1054 1570 1546 1726
6527 4 2 2 31 976 1232 1529 1567
6528 4 2 2 31 1480 1562 1456 1687
6529 4 2 2 31 851 736 82 1491
6530 4 2 2 31 982 681 1140 1578
6531 4 2 2 31 1384 1634 1458 1635
6532 4 2 2 31 1155 1506 1627 1704
6533 4 2 2 31 358 1487 1573 1713
6534 4 2 2 31 790 847 733 1477
6535 4 2 2 31 837 729 839 1522
6536 4 2 2 31 1523 1600 962 1740
6537 4 2 2 31 781 770 1605 1638
6538 4 2 2 31 803 1538 815 1711
6539 4 2 2 31 45 1527 853 1678
6540 4 2 2 31 765 723 766 1599
6541 4 2 2 31 1427 710 1597 1730
6542 4 2 2 31 393 337 338 1554
6543 4 2 2 31 1434 1558 1381 1670
6544 4 2 2 31 93 1494 813 1725
6545 4 2 2 31 1021 1010 1011 1560
6546 4 2 2 31 836 1547 838 1655
6547 4 2 2 31 1437 1590 634 1738
6548 4 2 2 31 621 652 653 1431
6549 4 2 2 31 1019 1141 1050 1631
6550 4 2 2 31 1144 1549 1501 1732
6551 4 2 2 31 670 655 663 1453
6552 4 2 2 31 1261 1262 1260 1550
6553 4 2 2 31 941 1105 1243 1647
6554 4 2 2 31 896 1493 1458 1702
6555 4 2 2 31 1155 1460 1137 1704
6556 4 2 2 31 1292 1548 760 1659
6557 4 2 2 31 776 706 841 1621
6558 4 2 2 31 1479 1585 1414 1720
6559 4 2 2 31 1356 1529 1327 1619
6560 4 2 2 31 12 94 820 1662
6561 4 2 2 31 1041 1039 1040 1536
6562 4 2 2 31 439 365 364 1634
6563 4 2 2 31 426 372 76 1619
6564 4 2 2 31 1367 1537 1499 1607
6565 4 2 2 31 89 88 385 1444
6566 4 2 2 31 824 726 830 1674
6567 4 2 2 31 1386 1428 1522 1665
6568 4 2 2 31 1048 1591 1183 1625
6569 4 2 2 31 1105 1176 953 1611
6570 4 2 2 31 1141 1019 1007 1579
6571 4 2 2 31 1140 1132 1146 1578
6572 4 2 2 31 1294 1277 1297 1594
6573 4 2 2 31 36 1530 727 1584
6574 4 2 2 31 1369 1506 1447 1627
6575 4 2 2 31 1427 1657 72 1696
6576 4 2 2 31 1224 1071 1079 1540
6577 4 2 2 31 1317 1465 1333 1586
6578 4 2 2 31 791 661 1445 1660
6579 4 2 2 31 385 1444 315 1612
6580 4 2 2 31 1048 1058 1059 1591
6581 4 2 2 31 86 1587 85 1609
6582 4 2 2 31 1441 1370 1549 1732
6583 4 2 2 31 1149 1022 1062 1665
6584 4 2 2 31 1369 1472 1433 1511
6585 4 2 2 31 1379 1614 1442 1686
6586 4 2 2 31 335 1640 334 1700
6587 4 2 2 31 719 689 693 1443
6588 4 2 2 31 1008 1009 1558 1719
6589 4 2 2 31 1311 1267 1299 1433
6590 4 2 2 31 1281 1265 1279 1524
6591 4 2 2 31 1401 1597 1427 1657
6592 4 2 2 31 93 813 1494 1576
6593 4 2 2 31 358 1573 1487 1701
6594 4 2 2 31 1467 1585 406 1720
6595 4 2 2 31 752 784 607 1515
6596 4 2 2 31 1444 1502 1375 1714
6597 4 2 2 31 1149 1459 1022 1665
6598 4 2 2 31 631 747 612 1605
6599 4 2 2 31 35 809 34 1646
6600 4 2 2 31 91 1725 1447 1743
6601 4 2 2 31 926 898 1462 1702
6602 4 2 2 31 809 833 830 1646
6603 4 2 2 31 1144 997 1501 1690
6604 4 2 2 31 896 1458 884 1702
6605 4 2 2 31 1354 1415 1323 1710
6606 4 2 2 31 1375 1626 1476 1714
6607 4 2 2 31 1292 792 1248 1659
6608 4 2 2 31 1024 1137 1460 1704
6609 4 2 2 31 1439 1512 1384 1716
6610 4 2 2 31 1151 1168 1029 1623
6611 4 2 2 31 1147 1144 1501 1732
6612 4 2 2 31 714 689 719 1443
6613 4 2 2 31 1395 1530 1440 1581
6614 4 2 2 31 942 1210 882 1563
6615 4 2 2 31 638 641 1440 1688
6616 4 2 2 31 1403 1621 1596 1721
6617 4 2 2 31 1368 1590 1432 1595
6618 4 2 2 31 692 689 817 1661
6619 4 2 2 31 637 1126 200 617
6620 4 2 2 31 1285 1286 1456 1562
6621 4 2 2 31 1565 1387 1629 1705
6622 4 2 2 31 936 1254 1284 1562
6623 4 2 2 31 448 1701 359 1706
6624 4 2 2 31 1516 1683 1431 1731
6625 4 2 2 31 901 902 900 1598
6626 4 2 2 31 1509 1536 1422 1644
6627 4 2 2 31 887 1432 918 1673
6628 4 2 2 31 711 699 720 1588
6629 4 2 2 31 1479 734 1720 1739
6630 4 2 2 31 958 1654 1567 1741
6631 4 2 2 31 376 1 1537 1648
6632 4 2 2 31 1447 1506 1460 1627
6633 4 2 2 31 1032 1625 1480 1699
6634 4 2 2 31 83 1491 82 1682
6635 4 2 2 31 1385 1544 1471 1672
6636 4 2 2 31 89 728 1502 1714
6637 4 2 2 31 1162 1464 1475 1694
6638 4 2 2 31 976 1230 1232 1567
6639 4 2 2 31 917 1576 1433 1664
6640 4 2 2 31 1422 1509 1487 1520
6641 4 2 2 31 1240 1271 1273 1547
6642 4 2 2 31 32 325 33 1439
6643 4 2 2 31 1364 1551 1504 1717
6644 4 2 2 31 940 1127 1185 1592
6645 4 2 2 31 821 766 768 1524
6646 4 2 2 31 1172 949 619 1543
6647 4 2 2 31 1270 1533 1271 1618
6648 4 2 2 31 783 1455 834 1667
6649 4 2 2 31 1319 1418 1335 1666
6650 4 2 2 31 965 956 963 1454
6651 4 2 2 31 1448 1510 1709 1745
6652 4 2 2 31 1297 1289 1471 1544
6653 4 2 2 31 628 665 677 1443
6654 4 2 2 31 442 1313 1334 1474
6655 4 2 2 31 1129 1131 952 1517
6656 4 2 2 31 1310 1298 1261 1541
6657 4 2 2 31 1436 1544 1385 1623
6658 4 2 2 31 347 1505 344 1684
6659 4 2 2 31 434 1520 1509 1610
6660 4 2 2 31 1372 1603 1492 1719
6661 4 2 2 31 805 837 835 1530
6662 4 2 2 31 402 1614 1507 1686
6663 4 2 2 31 1074 1620 1519 1740
6664 4 2 2 31 1118 1116 1117 1531
6665 4 2 2 31 1198 1485 1181 1651
6666 4 2 2 31 37 1507 402 1614
6667 4 2 2 31 89 90 728 1714
6668 4 2 2 31 1414 1491 1479 1720
6669 4 2 2 31 1479 1491 1385 1739
6670 4 2 2 31 358 387 1573 1701
6671 4 2 2 31 1442 1614 400 1686
6672 4 2 2 31 1322 1709 1481 1712
6673 4 2 2 31 1538 1711 803 1721
6674 4 2 2 31 678 1432 634 1590
6675 4 2 2 31 1018 1153 1142 1681
6676 4 2 2 31 1371 1613 1574 1675
6677 4 2 2 31 422 452 72 1427
6678 4 2 2 31 1113 1627 1138 1676
6679 4 2 2 31 1326 1567 1352 1654
6680 4 2 2 31 1369 1511 1433 1576
6681 4 2 2 31 1320 310 1350 1430
6682 4 2 2 31 343 344 1505 1668
6683 4 2 2 31 1106 1453 670 1642
6684 4 2 2 31 409 11 1481 1656
6685 4 2 2 31 1256 1310 1261 1588
6686 4 2 2 31 899 1571 885 1676
6687 4 2 2 31 960 1349 1710 1728
6688 4 2 2 31 1141 1631 1486 1734
6689 4 2 2 31 1438 1524 1365 1599
6690 4 2 2 31 98 1343 321 327
6691 4 2 2 31 936 1078 1254 1562
6692 4 2 2 31 1031 1488 1058 1625
6693 4 2 2 31 1439 1512 1368 1637
6694 4 2 2 31 1017 1110 1469 1641
6695 4 2 2 31 1370 1560 1501 1732
6696 4 2 2 31 1156 1028 1159 1577
6697 4 2 2 31 665 158 743 612
6698 4 2 2 31 1093 1097 1055 1570
6699 4 2 2 31 906 381 1462 1677
6700 4 2 2 31 800 744 1298 238
6701 4 2 2 31 1596 1621 1413 1639
6702 4 2 2 31 748 800 1246 239
6703 4 2 2 31 656 1565 620 1566
6704 4 2 2 31 1148 1497 1154 1644
6705 4 2 2 31 1456 1480 1385 1562
6706 4 2 2 31 1396 1577 1466 1669
6707 4 2 2 31 1494 1576 813 1725
6708 4 2 2 31 401 435 1498 1675
6709 4 2 2 31 395 455 396 1593
6710 4 2 2 31 975 974 965 1606
6711 4 2 2 31 342 1451 343 1689
6712 4 2 2 31 1401 1583 1517 1735
6713 4 2 2 31 1253 936 1284 1544
6714 4 2 2 31 1065 959 1233 1473
6715 4 2 2 31 1446 1514 1454 1708
6716 4 2 2 31 1434 1497 1377 1685
6717 4 2 2 31 379 1526 380 1743
6718 4 2 2 31 1259 1433 1311 1664
6719 4 2 2 31 1511 1576 1369 1725
6720 4 2 2 31 906 880 381 1677
6721 4 2 2 31 83 1491 1682 1720
6722 4 2 2 31 401 367 435 1675
6723 4 2 2 31 1175 1602 1069 1665
6724 4 2 2 31 374 424 310 1616
6725 4 2 2 31 802 609 801 1457
6726 4 2 2 31 342 341 1451 1689
6727 4 2 2 31 635 634 608 1437
6728 4 2 2 31 987 978 1582 1671
6729 4 2 2 31 1272 1455 783 1667
6730 4 2 2 31 1414 1636 1579 1699
6731 4 2 2 31 763 875 1457 1638
6732 4 2 2 31 1072 1448 1475 1745
6733 4 2 2 31 921 1494 905 1677
6734 4 2 2 31 672 644 664 1566
6735 4 2 2 31 1432 634 1590 1738
6736 4 2 2 31 607 784 643 1515
6737 4 2 2 31 1018 1549 1153 1681
6738 4 2 2 31 1049 1078 1061 1687
6739 4 2 2 31 1450 353 1692 1695
6740 4 2 2 31 782 612 747 1605
6741 4 2 2 31 80 322 1574 1656
6742 4 2 2 31 777 830 1437 1738
6743 4 2 2 31 695 1518 708 1657
6744 4 2 2 31 400 316 39 1693
6745 4 2 2 31 909 1535 746 1673
6746 4 2 2 31 757 611 789 1731
6747 4 2 2 31 1141 993 1631 1734
6748 4 2 2 31 972 1583 1222 1735
6749 4 2 2 31 683 1060 704 1639
6750 4 2 2 31 88 315 385 1444
6751 4 2 2 31 736 793 854 1569
6752 4 2 2 31 634 608 1437 1738
6753 4 2 2 31 1399 1446 1648 1708
6754 4 2 2 31 1019 1020 1013 1636
6755 4 2 2 31 170 791 755 1660
6756 4 2 2 31 683 1096 1164 1596
6757 4 2 2 31 1024 1155 1137 1704
6758 4 2 2 31 1427 1597 1401 1651
6759 4 2 2 31 972 1234 1222 1583
6760 4 2 2 31 46 376 1 1537
6761 4 2 2 31 379 380 378 1743
6762 4 2 2 31 381 380 1462 1677
6763 4 2 2 31 1178 1283 953 1611
6764 4 2 2 31 619 647 1504 1736
6765 4 2 2 31 413 101 1319 414
6766 4 2 2 31 1161 1208 1519 1740
6767 4 2 2 31 1386 1602 1428 1665
6768 4 2 2 31 419 384 1476 1626
6769 4 2 2 31 366 423 453 1481
6770 4 2 2 31 398 1484 417 1612
6771 4 2 2 31 1101 1036 1102 1703
6772 4 2 2 31 1097 1185 1570 1590
6773 4 2 2 31 1488 1600 1371 1740
6774 4 2 2 31 1128 1126 199 637
6775 4 2 2 31 454 1613 390 1675
6776 4 2 2 31 419 318 384 1626
6777 4 2 2 31 799 796 756 1471
6778 4 2 2 31 1270 1274 938 291
6779 4 2 2 31 1101 1099 1036 1489
6780 4 2 2 31 683 703 1596 1639
6781 4 2 2 31 1004 1008 1009 1558
6782 4 2 2 31 842 1622 839 1698
6783 4 2 2 31 1196 1580 1543 1717
6784 4 2 2 31 1270 938 1533 1618
6785 4 2 2 31 611 1477 789 1731
6786 4 2 2 31 693 1443 689 1661
6787 4 2 2 31 1008 1558 1466 1719
6788 4 2 2 31 1088 1172 951 1504
6789 4 2 2 31 1449 1645 1391 1715
6790 4 2 2 31 1447 1725 1494 1743
6791 4 2 2 31 365 362 364 1520
6792 4 2 2 31 1368 1535 1432 1674
6793 4 2 2 31 336 1652 1420 1700
6794 4 2 2 31 778 762 257 1299
6795 4 2 2 31 727 36 805 1530
6796 4 2 2 31 779 738 825 1539
6797 4 2 2 31 89 1444 385 1714
6798 4 2 2 31 751 783 254 1272
6799 4 2 2 31 794 639 752 174
6800 4 2 2 31 164 797 819 662
6801 4 2 2 31 32 443 325 1439
6802 4 2 2 31 1167 938 1274 291
6803 4 2 2 31 34 1429 1646 1691
6804 4 2 2 31 638 636 639 1568
6805 4 2 2 31 1433 1598 930 1650
6806 4 2 2 31 1183 1591 1201 1647
6807 4 2 2 31 1 1474 332 1729
6808 4 2 2 31 760 246 1292 792
6809 4 2 2 31 1366 1475 1448 1745
6810 4 2 2 31 864 1673 1674 1738
6811 4 2 2 31 165 759 797 659
6812 4 2 2 31 1436 1531 1471 1544
6813 4 2 2 31 448 1526 1701 1706
6814 4 2 2 31 1228 1104 964 1708
6815 4 2 2 31 1114 286 1253 936
6816 4 2 2 31 1068 1223 1197 1705
6817 4 2 2 31 756 1471 1291 1672
6818 4 2 2 31 300 963 956 1317
6819 4 2 2 31 1427 1651 1401 1696
6820 4 2 2 31 962 1600 1523 1710
6821 4 2 2 31 371 430 1342 1608
6822 4 2 2 31 771 94 95 1589
6823 4 2 2 31 1323 1481 1345 1709
6824 4 2 2 31 713 1306 1258 1541
6825 4 2 2 31 788 787 1516 1601
6826 4 2 2 31 618 184 947 627
6827 4 2 2 31 782 743 158 612
6828 4 2 2 31 1175 1658 1428 1665
6829 4 2 2 31 1248 1288 1292 1659
6830 4 2 2 31 803 740 815 1538
6831 4 2 2 31 646 615 856 1559
6832 4 2 2 31 1582 1707 1382 1708
6833 4 2 2 31 750 608 176 777
6834 4 2 2 31 256 749 778 1241
6835 4 2 2 31 450 404 313 1678
6836 4 2 2 31 81 80 401 1574
6837 4 2 2 31 1510 1540 1366 1745
6838 4 2 2 31 1351 1225 1070 1448
6839 4 2 2 31 909 878 868 1535
6840 4 2 2 31 764 801 767 1559
6841 4 2 2 31 634 1432 678 1738
6842 4 2 2 31 92 1725 91 1743
6843 4 2 2 31 449 1 376 1648
6844 4 2 2 31 434 383 386 1509
6845 4 2 2 31 631 612 629 1605
6846 4 2 2 31 641 1128 199 637
6847 4 2 2 31 1449 1567 1327 1654
6848 4 2 2 31 353 351 352 1450
6849 4 2 2 31 1378 1491 1480 1699
6850 4 2 2 31 1371 1600 1523 1740
6851 4 2 2 31 1319 414 1334 1633
6852 4 2 2 31 798 1445 842 1698
6853 4 2 2 31 1395 1584 1429 1646
6854 4 2 2 31 816 817 743 1443
6855 4 2 2 31 384 385 1476 1714
6856 4 2 2 31 788 853 737 1527
6857 4 2 2 31 1004 1003 1558 1670
6858 4 2 2 31 677 665 625 1443
6859 4 2 2 31 1425 1406 1632 1735
6860 4 2 2 31 1280 1109 278 950
6861 4 2 2 31 790 1683 849 1731
6862 4 2 2 31 862 1257 780 1615
6863 4 2 2 31 893 922 1439 1635
6864 4 2 2 31 449 1474 1 1648
6865 4 2 2 31 983 1165 1187 1650
6866 4 2 2 31 417 1612 1484 1692
6867 4 2 2 31 978 977 975 1561
6868 4 2 2 31 1098 981 1551 1722
6869 4 2 2 31 1158 1169 1025 1557
6870 4 2 2 31 755 847 789 1660
6871 4 2 2 31 1133 1005 1148 1497
6872 4 2 2 31 175 794 660 750
6873 4 2 2 31 1102 1228 1101 1707
6874 4 2 2 31 1150 1192 1151 1623
6875 4 2 2 31 764 802 801 1457
6876 4 2 2 31 839 1622 1522 1698
6877 4 2 2 31 1514 1382 1707 1708
6878 4 2 2 31 45 853 44 1678
6879 4 2 2 31 1487 1573 1373 1701
6880 4 2 2 31 1149 1069 1046 1665
6881 4 2 2 31 454 390 367 1675
6882 4 2 2 31 1313 1343 1336 1446
6883 4 2 2 31 884 1458 895 1635
6884 4 2 2 31 653 655 657 1453
6885 4 2 2 31 445 385 315 1612
6886 4 2 2 31 797 164 624 662
6887 4 2 2 31 349 346 396 1478
6888 4 2 2 31 775 1518 71 1657
6889 4 2 2 31 663 669 610 1642
6890 4 2 2 31 729 1614 1522 1723
6891 4 2 2 31 609 631 630 1457
6892 4 2 2 31 1429 1691 34 1716
6893 4 2 2 31 1208 1519 1099 1707
6894 4 2 2 31 737 1527 46 1537
6895 4 2 2 31 368 452 422 1696
6896 4 2 2 31 28 29 1607 1729
6897 4 2 2 31 1439 1384 1512 1635
6898 4 2 2 31 1067 1080 1566 1602
6899 4 2 2 31 1318 1336 1346 1514
6900 4 2 2 31 1104 1189 964 1708
6901 4 2 2 31 68 69 1575 1666
6902 4 2 2 31 1389 1671 1561 1680
6903 4 2 2 31 1487 359 1701 1706
6904 4 2 2 31 983 1598 1165 1650
6905 4 2 2 31 1395 1570 1437 1646
6906 4 2 2 31 905 93 440 1494
6907 4 2 2 31 1208 1099 1101 1707
6908 4 2 2 31 1125 704 1060 1639
6909 4 2 2 31 69 1608 1575 1666
6910 4 2 2 31 1298 1306 744 1541
6911 4 2 2 31 1485 1529 1413 1639
6912 4 2 2 31 1306 718 861 1541
6913 4 2 2 31 661 664 644 1445
6914 4 2 2 31 705 1129 680 1597
6915 4 2 2 31 642 640 643 1622
6916 4 2 2 31 351 1450 353 1692
6917 4 2 2 31 776 803 684 1721
6918 4 2 2 31 614 659 655 1601
6919 4 2 2 31 841 74 75 1621
6920 4 2 2 31 272 1259 886 911
6921 4 2 2 31 887 180 912 626
6922 4 2 2 31 1129 705 208 969
6923 4 2 2 31 779 825 780 1615
6924 4 2 2 31 886 917 1433 1664
6925 4 2 2 31 849 1683 1516 1731
6926 4 2 2 31 959 1473 1065 1694
6927 4 2 2 31 1369 1576 1433 1598
6928 4 2 2 31 1575 1605 770 1638
6929 4 2 2 31 933 1197 1223 1566
6930 4 2 2 31 1112 1111 1034 1525
6931 4 2 2 31 884 896 895 1458
6932 4 2 2 31 1002 1001 1000 1670
6933 4 2 2 31 719 693 712 1578
6934 4 2 2 31 931 1595 1432 1663
6935 4 2 2 31 660 794 639 1568
6936 4 2 2 31 1143 1156 1134 1679
6937 4 2 2 31 748 1246 1264 239
6938 4 2 2 31 699 1496 700 1711
6939 4 2 2 31 70 371 71 1608
6940 4 2 2 31 659 797 165 624
6941 4 2 2 31 1382 1703 1489 1707
6942 4 2 2 31 667 912 180 626
6943 4 2 2 31 1259 272 1300 911
6944 4 2 2 31 1124 620 651 1565
6945 4 2 2 31 1141 1486 993 1734
6946 4 2 2 31 757 654 611 1731
6947 4 2 2 31 1073 1540 1071 1745
6948 4 2 2 31 327 437 331 1613
6949 4 2 2 31 1327 1320 1449 1654
6950 4 2 2 31 1198 1181 1130 1651
6951 4 2 2 31 1213 1555 1464 1694
6952 4 2 2 31 735 853 788 1516
6953 4 2 2 31 439 364 382 1716
6954 4 2 2 31 1048 1183 1049 1625
6955 4 2 2 31 1450 1573 1377 1713
6956 4 2 2 31 70 739 69 1608
6957 4 2 2 31 92 91 378 1743
6958 4 2 2 31 1063 1220 1194 1658
6959 4 2 2 31 876 748 800 1503
6960 4 2 2 31 163 819 741 662
6961 4 2 2 31 960 1710 1523 1728
6962 4 2 2 31 1039 1536 1051 1644
6963 4 2 2 31 620 1565 933 1566
6964 4 2 2 31 335 328 334 1640
6965 4 2 2 31 611 652 1477 1731
6966 4 2 2 31 90 384 318 1714
6967 4 2 2 31 1543 1717 1364 1736
6968 4 2 2 31 1281 1283 1252 1464
6969 4 2 2 31 346 1478 348 1684
6970 4 2 2 31 874 1538 803 1721
6971 4 2 2 31 1044 1035 1081 1628
6972 4 2 2 31 1048 1031 1058 1625
6973 4 2 2 31 777 824 830 1738
6974 4 2 2 31 962 1510 1600 1710
6975 4 2 2 31 1485 1597 1427 1651
6976 4 2 2 31 819 872 774 1499
6977 4 2 2 31 46 323 376 1648
6978 4 2 2 31 791 1445 798 1660
6979 4 2 2 31 722 774 1499 1607
6980 4 2 2 31 1215 943 1092 1637
6981 4 2 2 31 678 626 666 1432
6982 4 2 2 31 681 206 1140 952
6983 4 2 2 31 1341 1465 1182 1722
6984 4 2 2 31 1227 1555 1213 1694
6985 4 2 2 31 1004 1002 1003 1670
6986 4 2 2 31 906 926 898 1462
6987 4 2 2 31 1333 1317 1341 1465
6988 4 2 2 31 1086 1458 1087 1643
6989 4 2 2 31 1124 933 194 620
6990 4 2 2 31 1529 1596 1413 1639
6991 4 2 2 31 424 416 373 1616
6992 4 2 2 31 618 951 185 647
6993 4 2 2 31 170 661 791 1660
6994 4 2 2 31 1299 257 778 1241
6995 4 2 2 31 980 1465 966 1580
6996 4 2 2 31 1407 1474 1367 1729
6997 4 2 2 31 1110 1009 1469 1685
6998 4 2 2 31 1099 1100 1489 1631
6999 4 2 2 31 897 1571 1702 1733
7000 4 2 2 31 1272 1269 1271 1455
7001 4 2 2 31 741 163 662 615
7002 4 2 2 31 1437 1570 1395 1592
7003 4 2 2 31 947 1146 1091 1452
7004 4 2 2 31 341 1554 1451 1689
7005 4 2 2 31 176 660 608 750
7006 4 2 2 31 256 749 1241 1293
7007 4 2 2 31 205 982 712 681
7008 4 2 2 31 321 333 328 1640
7009 4 2 2 31 823 1511 725 1725
7010 4 2 2 31 883 1635 893 1637
7011 4 2 2 31 206 681 696 952
7012 4 2 2 31 1061 1078 1211 1562
7013 4 2 2 31 864 761 1673 1738
7014 4 2 2 31 701 1596 703 1621
7015 4 2 2 31 1097 1193 1185 1590
7016 4 2 2 31 1449 1654 1430 1715
7017 4 2 2 31 1188 1082 1226 1470
7018 4 2 2 31 1056 1152 1156 1577
7019 4 2 2 31 1200 1106 1179 1642
7020 4 2 2 31 1384 1439 1634 1635
7021 4 2 2 31 404 377 323 1500
7022 4 2 2 31 1507 1614 1379 1686
7023 4 2 2 31 613 661 644 1445
7024 4 2 2 31 1427 1485 1413 1730
7025 4 2 2 31 1467 1585 1383 1689
7026 4 2 2 31 1295 780 1257 1615
7027 4 2 2 31 1015 1008 1466 1719
7028 4 2 2 31 1157 1482 1042 1744
7029 4 2 2 31 607 640 638 1515
7030 4 2 2 31 638 640 641 1688
7031 4 2 2 31 962 1510 1224 1600
7032 4 2 2 31 694 685 1518 1661
7033 4 2 2 31 885 897 932 1571
7034 4 2 2 31 650 649 648 1543
7035 4 2 2 31 719 1578 712 1697
7036 4 2 2 31 397 314 436 1585
7037 4 2 2 31 614 787 166 659
7038 4 2 2 31 718 1306 713 1541
7039 4 2 2 31 1008 1152 1015 1466
7040 4 2 2 31 1057 1577 1159 1617
7041 4 2 2 31 682 1639 1125 1730
7042 4 2 2 31 1111 1033 1034 1525
7043 4 2 2 31 1519 1707 1208 1728
7044 4 2 2 31 33 1691 1439 1716
7045 4 2 2 31 1121 939 621 192
7046 4 2 2 31 46 376 1537 1648
7047 4 2 2 31 440 905 1494 1677
7048 4 2 2 31 1397 1644 1497 1744
7049 4 2 2 31 1316 1347 1330 1485
7050 4 2 2 31 647 1504 630 1724
7051 4 2 2 31 993 1486 995 1734
7052 4 2 2 31 796 250 756 1294
7053 4 2 2 31 948 1352 1344 1567
7054 4 2 2 31 643 1515 784 1622
7055 4 2 2 31 1220 1128 1194 1688
7056 4 2 2 31 1068 1197 1629 1705
7057 4 2 2 31 395 396 1490 1593
7058 4 2 2 31 972 1131 1231 1735
7059 4 2 2 31 211 683 1164 1060
7060 4 2 2 31 1399 1648 1454 1708
7061 4 2 2 31 897 884 1458 1702
7062 4 2 2 31 1333 1341 1335 1465
7063 4 2 2 31 391 1684 348 1692
7064 4 2 2 31 1199 962 1600 1740
7065 4 2 2 31 745 235 913 908
7066 4 2 2 31 982 205 1140 681
7067 4 2 2 31 1065 1227 1213 1694
7068 4 2 2 31 774 773 863 1607
7069 4 2 2 31 897 932 1571 1733
7070 4 2 2 31 7 405 68 1638
7071 4 2 2 31 1100 1631 993 1734
7072 4 2 2 31 1419 1481 1709 1712
7073 4 2 2 31 817 804 692 1661
7074 4 2 2 31 1069 1175 1108 1602
7075 4 2 2 31 1504 1551 1089 1717
7076 4 2 2 31 1027 1552 1628 1669
7077 4 2 2 31 1332 1333 1334 1474
7078 4 2 2 31 1007 1013 1012 1579
7079 4 2 2 31 730 838 1528 1655
7080 4 2 2 31 867 877 908 1576
7081 4 2 2 31 1067 1080 1223 1566
7082 4 2 2 31 429 333 444 1446
7083 4 2 2 31 1302 1611 1282 1615
7084 4 2 2 31 77 76 372 1449
7085 4 2 2 31 1441 1556 1461 1624
7086 4 2 2 31 788 759 787 1601
7087 4 2 2 31 1440 1581 1380 1658
7088 4 2 2 31 842 798 791 1445
7089 4 2 2 31 345 395 396 1490
7090 4 2 2 31 1252 1265 1281 1464
7091 4 2 2 31 1044 1083 1136 1463
7092 4 2 2 31 1314 331 457 1345
7093 4 2 2 31 1298 1246 800 238
7094 4 2 2 31 397 344 347 1505
7095 4 2 2 31 246 1248 1292 792
7096 4 2 2 31 447 1345 423 1712
7097 4 2 2 31 783 834 832 1667
7098 4 2 2 31 1505 1649 1424 1684
7099 4 2 2 31 622 633 971 1590
7100 4 2 2 31 33 1439 325 1716
7101 4 2 2 31 756 1244 785 1672
7102 4 2 2 31 1061 1032 1049 1480
7103 4 2 2 31 730 838 810 1528
7104 4 2 2 31 1266 1268 1267 1472
7105 4 2 2 31 1167 1274 1188 290
7106 4 2 2 31 1080 1108 196 645
7107 4 2 2 31 995 1141 1007 1486
7108 4 2 2 31 377 334 1640 1700
7109 4 2 2 31 387 1573 1476 1695
7110 4 2 2 31 619 949 650 1543
7111 4 2 2 31 1215 1092 1512 1637
7112 4 2 2 31 1044 1081 1083 1463
7113 4 2 2 31 1355 1340 1347 1485
7114 4 2 2 31 395 319 411 1556
7115 4 2 2 31 1107 1488 1620 1740
7116 4 2 2 31 1242 1263 1264 1438
7117 4 2 2 31 326 441 405 1633
7118 4 2 2 31 1194 1175 1658 1688
7119 4 2 2 31 799 844 731 1587
7120 4 2 2 31 1097 1166 971 1595
7121 4 2 2 31 754 795 252 1276
7122 4 2 2 31 1199 1079 1058 1600
7123 4 2 2 31 392 1484 1609 1649
7124 4 2 2 31 32 868 878 1535
7125 4 2 2 31 1058 1488 1107 1740
7126 4 2 2 31 381 380 418 1462
7127 4 2 2 31 314 1585 397 1649
7128 4 2 2 31 739 873 804 1661
7129 4 2 2 31 795 751 1240 1547
7130 4 2 2 31 167 757 787 1731
7131 4 2 2 31 681 1140 1578 1742
7132 4 2 2 31 683 702 1096 1596
7133 4 2 2 31 1248 792 247 758
7134 4 2 2 31 894 263 884 1184
7135 4 2 2 31 1140 952 1132 1517
7136 4 2 2 31 1100 1141 993 1631
7137 4 2 2 31 1108 935 197 616
7138 4 2 2 31 86 85 432 1609
7139 4 2 2 31 82 83 851 1491
7140 4 2 2 31 804 221 692 685
7141 4 2 2 31 909 915 1535 1673
7142 4 2 2 31 1071 1510 1070 1745
7143 4 2 2 31 77 1645 1449 1715
7144 4 2 2 31 834 806 728 1502
7145 4 2 2 31 622 678 1590 1663
7146 4 2 2 31 1155 1506 1191 1627
7147 4 2 2 31 416 1599 10 1715
7148 4 2 2 31 769 815 740 1645
7149 4 2 2 31 1487 1509 1377 1713
7150 4 2 2 31 1249 1278 1275 1470
7151 4 2 2 31 1161 1523 962 1740
7152 4 2 2 31 368 1312 105 420
7153 4 2 2 31 1234 1339 1315 1583
7154 4 2 2 31 992 1542 991 1734
7155 4 2 2 31 1273 1271 1274 1533
7156 4 2 2 31 77 1449 427 1715
7157 4 2 2 31 1014 1669 1492 1719
7158 4 2 2 31 910 885 1174 1676
7159 4 2 2 31 785 758 786 1672
7160 4 2 2 31 196 1080 645 672
7161 4 2 2 31 287 1305 1117 1114
7162 4 2 2 31 679 957 702 1496
7163 4 2 2 31 989 991 990 1542
7164 4 2 2 31 840 775 71 1657
7165 4 2 2 31 1000 1545 1134 1670
7166 4 2 2 31 658 611 656 1660
7167 4 2 2 31 941 1243 1303 1647
7168 4 2 2 31 1250 1266 293 954
7169 4 2 2 31 1296 1548 1288 1647
7170 4 2 2 31 1017 1037 1110 1641
7171 4 2 2 31 737 46 871 1537
7172 4 2 2 31 1067 1047 1046 1521
7173 4 2 2 31 1284 936 285 1254
7174 4 2 2 31 387 384 385 1476
7175 4 2 2 31 3 7 1553 1633
7176 4 2 2 31 969 682 209 1125
7177 4 2 2 31 380 363 418 1526
7178 4 2 2 31 29 773 28 1607
7179 4 2 2 31 364 1610 382 1716
7180 4 2 2 31 1113 1138 942 1676
7181 4 2 2 31 1405 1571 1525 1733
7182 4 2 2 31 738 793 825 1548
7183 4 2 2 31 1032 1480 1061 1699
7184 4 2 2 31 796 754 251 1594
7185 4 2 2 31 952 207 1129 680
7186 4 2 2 31 986 1671 1557 1680
7187 4 2 2 31 940 200 1126 617
7188 4 2 2 31 1134 1670 1545 1679
7189 4 2 2 31 1535 1673 1432 1674
7190 4 2 2 31 1091 1204 1090 1632
7191 4 2 2 31 961 1208 1707 1728
7192 4 2 2 31 1259 1311 1299 1664
7193 4 2 2 31 1484 1424 1649 1684
7194 4 2 2 31 94 1589 771 1662
7195 4 2 2 31 1171 941 283 1303
7196 4 2 2 31 933 1565 1197 1566
7197 4 2 2 31 702 957 1096 1496
7198 4 2 2 31 738 866 79 1539
7199 4 2 2 31 658 170 755 1660
7200 4 2 2 31 890 892 891 1637
7201 4 2 2 31 83 1682 403 1720
7202 4 2 2 31 973 980 966 1580
7203 4 2 2 31 885 932 265 1207
7204 4 2 2 31 83 82 403 1682
7205 4 2 2 31 1370 1593 1442 1693
7206 4 2 2 31 1012 1151 1029 1572
7207 4 2 2 31 1075 1543 1196 1580
7208 4 2 2 31 639 607 752 174
7209 4 2 2 31 1240 751 254 1272
7210 4 2 2 31 1373 1573 1476 1701
7211 4 2 2 31 332 1474 442 1729
7212 4 2 2 31 80 79 322 1656
7213 4 2 2 31 991 1542 989 1703
7214 4 2 2 31 1078 285 936 1254
7215 4 2 2 31 1344 1529 1232 1567
7216 4 2 2 31 12 1599 10 1616
7217 4 2 2 31 1073 1079 1071 1540
7218 4 2 2 31 1047 1521 1067 1705
7219 4 2 2 31 1088 1504 1089 1717
7220 4 2 2 31 1432 1590 1437 1738
7221 4 2 2 31 381 418 433 1462
7222 4 2 2 31 434 386 320 1610
7223 4 2 2 31 789 168 611 757
7224 4 2 2 31 609 802 160 631
7225 4 2 2 31 1460 1627 1506 1704
7226 4 2 2 31 617 636 637 1592
7227 4 2 2 31 1345 1481 423 1712
7228 4 2 2 31 613 644 642 1622
7229 4 2 2 31 1161 1074 1208 1740
7230 4 2 2 31 1371 1523 1519 1740
7231 4 2 2 31 754 1245 251 1594
7232 4 2 2 31 84 1479 734 1720
7233 4 2 2 31 187 619 1172 949
7234 4 2 2 31 361 359 356 1487
7235 4 2 2 31 1287 1244 1285 1672
7236 4 2 2 31 1071 945 1070 1510
7237 4 2 2 31 981 1551 1465 1717
7238 4 2 2 31 1014 1026 1492 1669
7239 4 2 2 31 996 994 995 1690
7240 4 2 2 31 1365 1599 1524 1662
7241 4 2 2 31 1393 1605 1575 1638
7242 4 2 2 31 823 725 813 1725
7243 4 2 2 31 925 899 921 1677
7244 4 2 2 31 1275 1273 1249 1470
7245 4 2 2 31 248 758 785 1244
7246 4 2 2 31 934 1278 1117 288
7247 4 2 2 31 1183 1201 941 1647
7248 4 2 2 31 794 660 639 175
7249 4 2 2 31 1037 1039 1154 1644
7250 4 2 2 31 815 876 800 1503
7251 4 2 2 31 1195 1596 1529 1639
7252 4 2 2 31 942 882 910 1676
7253 4 2 2 31 714 668 155 625
7254 4 2 2 31 713 1258 217 1301
7255 4 2 2 31 1439 1635 1512 1637
7256 4 2 2 31 785 756 249 1244
7257 4 2 2 31 1291 1471 1289 1672
7258 4 2 2 31 693 681 1578 1742
7259 4 2 2 31 897 896 884 1702
7260 4 2 2 31 422 1427 72 1696
7261 4 2 2 31 633 635 617 1592
7262 4 2 2 31 691 668 155 714
7263 4 2 2 31 690 713 217 1301
7264 4 2 2 31 1287 1285 1286 1456
7265 4 2 2 31 1027 1552 1035 1628
7266 4 2 2 31 1148 1497 1644 1744
7267 4 2 2 31 1454 1648 1446 1708
7268 4 2 2 31 324 380 1677 1743
7269 4 2 2 31 1122 1200 1221 1680
7270 4 2 2 31 1163 1513 974 1606
7271 4 2 2 31 950 1227 1180 1555
7272 4 2 2 31 1262 1263 1251 1550
7273 4 2 2 31 1114 1115 936 1544
7274 4 2 2 31 1364 1504 1457 1736
7275 4 2 2 31 1023 1024 1137 1460
7276 4 2 2 31 169 611 755 789
7277 4 2 2 31 1401 1657 1427 1696
7278 4 2 2 31 1437 1590 1570 1592
7279 4 2 2 31 43 1534 1678 1683
7280 4 2 2 31 44 43 1678 1683
7281 4 2 2 31 38 1614 729 1723
7282 4 2 2 31 1338 1583 1339 1651
7283 4 2 2 31 784 753 172 1622
7284 4 2 2 31 1523 1600 1415 1710
7285 4 2 2 31 686 709 73 224
7286 4 2 2 31 1481 1510 1366 1709
7287 4 2 2 31 1181 1485 1330 1651
7288 4 2 2 31 93 92 324 1494
7289 4 2 2 31 745 867 908 1576
7290 4 2 2 31 1294 1297 1291 1471
7291 4 2 2 31 1116 1119 1168 1436
7292 4 2 2 31 838 810 1528 1655
7293 4 2 2 31 1277 1245 1275 1594
7294 4 2 2 31 683 704 703 1639
7295 4 2 2 31 1384 1429 1610 1716
7296 4 2 2 31 1448 1709 1366 1745
7297 4 2 2 31 898 1571 1462 1702
7298 4 2 2 31 1330 1347 1340 1485
7299 4 2 2 31 268 1210 900 882
7300 4 2 2 31 1325 1318 1346 1728
7301 4 2 2 31 1484 1649 392 1684
7302 4 2 2 31 1249 1188 289 934
7303 4 2 2 31 1240 1276 795 1547
7304 4 2 2 31 37 36 1507 1723
7305 4 2 2 31 726 1646 1674 1691
7306 4 2 2 31 699 679 700 1496
7307 4 2 2 31 802 764 875 1457
7308 4 2 2 31 688 698 818 1711
7309 4 2 2 31 613 791 753 171
7310 4 2 2 31 240 1264 748 826
7311 4 2 2 31 1510 1415 1600 1710
7312 4 2 2 31 751 253 795 1240
7313 4 2 2 31 607 752 173 784
7314 4 2 2 31 1109 1252 1280 278
7315 4 2 2 31 1356 1529 1344 1567
7316 4 2 2 31 1147 1144 997 1501
7317 4 2 2 31 873 1518 804 1661
7318 4 2 2 31 1068 1169 1142 1629
7319 4 2 2 31 1337 375 441 1666
7320 4 2 2 31 1039 1041 1051 1536
7321 4 2 2 31 1245 754 252 1276
7322 4 2 2 31 332 442 414 1729
7323 4 2 2 31 286 1284 1253 936
7324 4 2 2 31 866 11 79 1656
7325 4 2 2 31 1377 1509 1508 1713
7326 4 2 2 31 690 1301 715 1588
7327 4 2 2 31 403 1467 406 1720
7328 4 2 2 31 1253 1305 287 1114
7329 4 2 2 31 747 159 631 612
7330 4 2 2 31 695 685 708 1518
7331 4 2 2 31 705 1129 208 680
7332 4 2 2 31 1059 1079 1218 1540
7333 4 2 2 31 1055 1570 1054 1726
7334 4 2 2 31 1365 1475 1464 1694
7335 4 2 2 31 85 86 731 1587
7336 4 2 2 31 1244 756 1291 1672
7337 4 2 2 31 1407 1367 1607 1729
7338 4 2 2 31 627 183 1170 623
7339 4 2 2 31 700 1496 702 1721
7340 4 2 2 31 168 611 757 654
7341 4 2 2 31 1199 1058 1107 1740
7342 4 2 2 31 1326 1327 1567 1654
7343 4 2 2 31 968 1567 1495 1741
7344 4 2 2 31 84 1585 1479 1720
7345 4 2 2 31 1125 210 1060 704
7346 4 2 2 31 1473 1391 1654 1741
7347 4 2 2 31 339 389 1468 1652
7348 4 2 2 31 358 387 354 1573
7349 4 2 2 31 76 75 426 1619
7350 4 2 2 31 247 1287 1248 758
7351 4 2 2 31 629 628 627 1452
7352 4 2 2 31 402 400 38 1614
7353 4 2 2 31 1186 1595 1093 1637
7354 4 2 2 31 1274 1249 1188 290
7355 4 2 2 31 1098 1182 981 1722
7356 4 2 2 31 1303 1288 1290 1647
7357 4 2 2 31 758 248 1287 1244
7358 4 2 2 31 745 235 812 913
7359 4 2 2 31 910 899 885 1676
7360 4 2 2 31 694 692 685 1661
7361 4 2 2 31 1106 657 939 191
7362 4 2 2 31 831 1524 768 1662
7363 4 2 2 31 37 312 402 1507
7364 4 2 2 31 209 705 682 969
7365 4 2 2 31 858 1645 769 1715
7366 4 2 2 31 971 633 1193 1590
7367 4 2 2 31 1029 1119 1159 1617
7368 4 2 2 31 866 79 1539 1656
7369 4 2 2 31 1291 756 250 1294
7370 4 2 2 31 1330 1181 984 1485
7371 4 2 2 31 611 654 652 1731
7372 4 2 2 31 629 1452 627 1724
7373 4 2 2 31 1002 1004 1005 1685
7374 4 2 2 31 395 345 394 1490
7375 4 2 2 31 739 804 816 1661
7376 4 2 2 31 992 990 991 1542
7377 4 2 2 31 818 803 815 1711
7378 4 2 2 31 1377 1573 1487 1713
7379 4 2 2 31 784 172 643 1622
7380 4 2 2 31 1304 953 1283 1611
7381 4 2 2 31 188 1103 650 949
7382 4 2 2 31 1331 1332 1336 1454
7383 4 2 2 31 972 1231 1583 1735
7384 4 2 2 31 1194 935 1175 1688
7385 4 2 2 31 382 320 34 1716
7386 4 2 2 31 1177 264 884 897
7387 4 2 2 31 393 1554 341 1689
7388 4 2 2 31 848 1471 756 1672
7389 4 2 2 31 909 918 915 1673
7390 4 2 2 31 657 621 939 192
7391 4 2 2 31 1311 1433 1299 1664
7392 4 2 2 31 1110 1004 1009 1685
7393 4 2 2 31 821 859 1279 1524
7394 4 2 2 31 1427 1597 1485 1730
7395 4 2 2 31 159 747 782 612
7396 4 2 2 31 900 1210 983 1598
7397 4 2 2 31 1158 1142 1169 1681
7398 4 2 2 31 722 774 822 1499
7399 4 2 2 31 976 1529 1195 1596
7400 4 2 2 31 68 405 375 1666
7401 4 2 2 31 417 1484 391 1692
7402 4 2 2 31 261 943 883 1637
7403 4 2 2 31 1371 1574 1498 1675
7404 4 2 2 31 948 1232 1230 1567
7405 4 2 2 31 658 661 170 1660
7406 4 2 2 31 682 704 1125 1639
7407 4 2 2 31 358 1573 354 1713
7408 4 2 2 31 1461 1556 1370 1693
7409 4 2 2 31 1497 1644 1377 1685
7410 4 2 2 31 942 1563 882 1676
7411 4 2 2 31 263 1177 884 1184
7412 4 2 2 31 93 867 813 1576
7413 4 2 2 31 797 759 846 1601
7414 4 2 2 31 1036 1099 1100 1489
7415 4 2 2 31 402 400 1614 1686
7416 4 2 2 31 1326 309 1320 1654
7417 4 2 2 31 1337 1319 1335 1666
7418 4 2 2 31 804 817 816 1661
7419 4 2 2 31 360 406 403 1467
7420 4 2 2 31 1295 1257 780 244
7421 4 2 2 31 632 630 647 1504
7422 4 2 2 31 1056 1159 1057 1577
7423 4 2 2 31 1272 1271 1240 1455
7424 4 2 2 31 1051 1644 1536 1744
7425 4 2 2 31 1441 1549 1394 1681
7426 4 2 2 31 387 354 1573 1695
7427 4 2 2 31 907 311 407 1493
7428 4 2 2 31 342 343 341 1689
7429 4 2 2 31 1197 1565 1123 1629
7430 4 2 2 31 1180 946 1251 1550
7431 4 2 2 31 968 958 1567 1741
7432 4 2 2 31 1352 1653 1326 1654
7433 4 2 2 31 890 891 1595 1637
7434 4 2 2 31 1104 987 978 1582
7435 4 2 2 31 1419 1616 415 1712
7436 4 2 2 31 358 356 1487 1713
7437 4 2 2 31 1177 264 897 932
7438 4 2 2 31 616 197 1108 645
7439 4 2 2 31 1251 946 1260 1550
7440 4 2 2 31 995 993 1141 1486
7441 4 2 2 31 888 900 983 1598
7442 4 2 2 31 1421 1514 1707 1728
7443 4 2 2 31 684 698 803 228
7444 4 2 2 31 1103 650 671 188
7445 4 2 2 31 1342 103 1337 430
7446 4 2 2 31 999 998 1000 1545
7447 4 2 2 31 1210 942 1139 1563
7448 4 2 2 31 332 1 449 1474
7449 4 2 2 31 253 795 1240 1276
7450 4 2 2 31 173 643 607 784
7451 4 2 2 31 1228 1514 1209 1707
7452 4 2 2 31 392 1484 398 1609
7453 4 2 2 31 620 194 1124 651
7454 4 2 2 31 1171 1049 1183 1687
7455 4 2 2 31 389 450 428 1468
7456 4 2 2 31 1393 1632 1452 1724
7457 4 2 2 31 1340 1355 1312 1696
7458 4 2 2 31 967 1232 1316 1529
7459 4 2 2 31 842 753 839 1622
7460 4 2 2 31 666 678 1432 1738
7461 4 2 2 31 818 815 744 1541
7462 4 2 2 31 701 702 683 1596
7463 4 2 2 31 428 339 1468 1727
7464 4 2 2 31 1519 1523 1421 1728
7465 4 2 2 31 456 317 1498 1682
7466 4 2 2 31 1235 711 715 1214
7467 4 2 2 31 910 942 267 882
7468 4 2 2 31 1278 1305 1117 288
7469 4 2 2 31 44 404 45 1678
7470 4 2 2 31 1290 1171 283 1303
7471 4 2 2 31 903 882 1563 1676
7472 4 2 2 31 838 795 754 1655
7473 4 2 2 31 900 269 983 1210
7474 4 2 2 31 46 737 45 1527
7475 4 2 2 31 1148 1644 1154 1744
7476 4 2 2 31 1371 1519 1620 1740
7477 4 2 2 31 1408 1538 1496 1711
7478 4 2 2 31 789 1477 790 1731
7479 4 2 2 31 391 417 398 1484
7480 4 2 2 31 225 709 73 687
7481 4 2 2 31 1327 1326 1320 1654
7482 4 2 2 31 1244 756 249 1291
7483 4 2 2 31 84 1479 844 1739
7484 4 2 2 31 952 696 207 680
7485 4 2 2 31 1439 1535 1368 1691
7486 4 2 2 31 850 786 758 1456
7487 4 2 2 31 632 1504 647 1736
7488 4 2 2 31 1543 1580 1364 1717
7489 4 2 2 31 37 1507 1614 1723
7490 4 2 2 31 683 703 701 1596
7491 4 2 2 31 346 348 347 1684
7492 4 2 2 31 169 611 658 755
7493 4 2 2 31 167 787 614 1731
7494 4 2 2 31 838 836 795 1547
7495 4 2 2 31 721 95 11 1589
7496 4 2 2 31 389 1468 1652 1700
7497 4 2 2 31 883 890 261 1637
7498 4 2 2 31 693 681 712 1578
7499 4 2 2 31 1301 1309 715 1588
7500 4 2 2 31 255 1272 783 1667
7501 4 2 2 31 1312 368 104 1696
7502 4 2 2 31 749 255 783 1667
7503 4 2 2 31 362 361 1520 1706
7504 4 2 2 31 960 1237 1349 1728
7505 4 2 2 31 705 1597 710 1730
7506 4 2 2 31 1081 1082 1167 1533
7507 4 2 2 31 945 1070 1351 296
7508 4 2 2 31 383 434 361 1509
7509 4 2 2 31 1348 426 370 1619
7510 4 2 2 31 888 900 269 983
7511 4 2 2 31 1047 1045 1521 1732
7512 4 2 2 31 1286 1562 1254 1687
7513 4 2 2 31 814 1535 33 1691
7514 4 2 2 31 364 1520 434 1610
7515 4 2 2 31 1452 1605 1393 1724
7516 4 2 2 31 1233 979 1065 1473
7517 4 2 2 31 630 631 629 1724
7518 4 2 2 31 1271 1270 1274 1533
7519 4 2 2 31 1193 201 617 633
7520 4 2 2 31 345 342 394 1668
7521 4 2 2 31 954 1472 1085 1718
7522 4 2 2 31 1006 996 995 1564
7523 4 2 2 31 1372 1573 1450 1695
7524 4 2 2 31 1170 947 183 627
7525 4 2 2 31 1317 956 966 1586
7526 4 2 2 31 442 100 1313 449
7527 4 2 2 31 1090 184 947 618
7528 4 2 2 31 1496 700 1711 1721
7529 4 2 2 31 1261 1246 1262 1503
7530 4 2 2 31 33 814 32 1535
7531 4 2 2 31 92 324 1494 1743
7532 4 2 2 31 802 747 160 631
7533 4 2 2 31 362 359 361 1706
7534 4 2 2 31 1105 953 281 1304
7535 4 2 2 31 1023 1033 1017 1641
7536 4 2 2 31 1045 1560 1521 1732
7537 4 2 2 31 1312 105 420 1348
7538 4 2 2 31 942 1138 1139 1563
7539 4 2 2 31 838 1547 795 1655
7540 4 2 2 31 397 343 344 1505
7541 4 2 2 31 305 1316 1330 984
7542 4 2 2 31 820 831 768 1662
7543 4 2 2 31 35 386 36 1584
7544 4 2 2 31 765 10 1599 1715
7545 4 2 2 31 1091 1146 1173 1632
7546 4 2 2 31 1294 796 251 1594
7547 4 2 2 31 1270 1271 1269 1618
7548 4 2 2 31 1318 937 1239 1514
7549 4 2 2 31 1315 1234 303 1339
7550 4 2 2 31 849 1516 787 1731
7551 4 2 2 31 1198 984 1181 1485
7552 4 2 2 31 1428 1522 1515 1622
7553 4 2 2 31 1148 1157 1042 1744
7554 4 2 2 31 1148 1154 1051 1744
7555 4 2 2 31 799 1471 848 1739
7556 4 2 2 31 855 780 1295 1615
7557 4 2 2 31 951 185 1090 618
7558 4 2 2 31 12 329 415 1616
7559 4 2 2 31 355 388 410 1508
7560 4 2 2 31 664 656 620 1566
7561 4 2 2 31 991 1100 993 1734
7562 4 2 2 31 379 448 1526 1701
7563 4 2 2 31 3 827 29 1553
7564 4 2 2 31 358 1487 359 1701
7565 4 2 2 31 1247 1279 242 859
7566 4 2 2 31 1288 1286 1290 1687
7567 4 2 2 31 84 734 1479 1739
7568 4 2 2 31 1208 1074 1099 1519
7569 4 2 2 31 856 828 767 1559
7570 4 2 2 31 28 451 29 1729
7571 4 2 2 31 324 440 1494 1677
7572 4 2 2 31 422 72 1657 1696
7573 4 2 2 31 456 1467 403 1682
7574 4 2 2 31 1075 974 1163 1513
7575 4 2 2 31 843 754 1594 1655
7576 4 2 2 31 1439 1634 325 1716
7577 4 2 2 31 301 966 1341 1317
7578 4 2 2 31 340 338 339 1652
7579 4 2 2 31 1232 1344 1316 1529
7580 4 2 2 31 1237 1318 1349 1728
7581 4 2 2 31 1039 1038 1040 1643
7582 4 2 2 31 1154 1644 1051 1744
7583 4 2 2 31 1000 998 1134 1545
7584 4 2 2 31 874 803 776 1721
7585 4 2 2 31 1042 1157 1043 1482
7586 4 2 2 31 1263 1242 1265 1438
7587 4 2 2 31 1496 1538 1403 1721
7588 4 2 2 31 611 652 656 1477
7589 4 2 2 31 450 377 404 1500
7590 4 2 2 31 646 162 856 615
7591 4 2 2 31 950 1213 1227 1555
7592 4 2 2 31 919 878 915 1535
7593 4 2 2 31 1294 251 1245 1594
7594 4 2 2 31 1504 1364 1717 1736
7595 4 2 2 31 316 1593 455 1693
7596 4 2 2 31 448 363 1526 1706
7597 4 2 2 31 1313 99 1343 444
7598 4 2 2 31 1123 1122 1025 1680
7599 4 2 2 31 172 753 613 1622
7600 4 2 2 31 382 1610 320 1716
7601 4 2 2 31 632 609 630 1457
7602 4 2 2 31 392 1609 432 1649
7603 4 2 2 31 440 93 324 1494
7604 4 2 2 31 42 399 43 1534
7605 4 2 2 31 986 1557 1025 1680
7606 4 2 2 31 887 918 914 1673
7607 4 2 2 31 1015 1669 1014 1719
7608 4 2 2 31 1165 1085 954 1472
7609 4 2 2 31 772 779 780 1615
7610 4 2 2 31 1066 968 1230 1495
7611 4 2 2 31 1097 1093 1166 1595
7612 4 2 2 31 663 659 624 1601
7613 4 2 2 31 1441 1629 1387 1705
7614 4 2 2 31 688 818 1541 1711
7615 4 2 2 31 277 1180 1280 950
7616 4 2 2 31 391 1484 392 1684
7617 4 2 2 31 781 68 770 1638
7618 4 2 2 31 715 1214 711 1588
7619 4 2 2 31 1076 1475 1073 1745
7620 4 2 2 31 448 358 359 1701
7621 4 2 2 31 187 650 619 949
7622 4 2 2 31 71 775 873 1518
7623 4 2 2 31 427 416 78 1715
7624 4 2 2 31 804 221 685 775
7625 4 2 2 31 704 707 703 1639
7626 4 2 2 31 926 929 896 1493
7627 4 2 2 31 289 1278 1249 934
7628 4 2 2 31 622 1590 971 1663
7629 4 2 2 31 1291 1297 1289 1471
7630 4 2 2 31 864 1674 824 1738
7631 4 2 2 31 1089 951 1090 1504
7632 4 2 2 31 1257 780 244 862
7633 4 2 2 31 1345 1322 1481 1712
7634 4 2 2 31 1325 1349 1318 1728
7635 4 2 2 31 1462 1571 1405 1702
7636 4 2 2 31 1014 1015 1026 1669
7637 4 2 2 31 791 613 661 171
7638 4 2 2 31 80 81 854 1569
7639 4 2 2 31 430 375 1337 1666
7640 4 2 2 31 1328 1327 1449 1619
7641 4 2 2 31 1138 1155 1191 1627
7642 4 2 2 31 1147 997 999 1501
7643 4 2 2 31 1047 1068 1142 1705
7644 4 2 2 31 381 324 380 1677
7645 4 2 2 31 1292 1296 1257 1548
7646 4 2 2 31 419 1476 387 1701
7647 4 2 2 31 909 915 878 1535
7648 4 2 2 31 1502 1604 1375 1714
7649 4 2 2 31 343 342 344 1668
7650 4 2 2 31 848 799 756 1471
7651 4 2 2 31 311 907 65 879
7652 4 2 2 31 831 859 768 1524
7653 4 2 2 31 1375 1603 1460 1704
7654 4 2 2 31 261 1186 943 1637
7655 4 2 2 31 692 220 817 689
7656 4 2 2 31 1076 1178 953 1611
7657 4 2 2 31 361 434 364 1520
7658 4 2 2 31 980 1465 1580 1717
7659 4 2 2 31 89 1502 806 1737
7660 4 2 2 31 848 1471 1672 1739
7661 4 2 2 31 430 1608 69 1666
7662 4 2 2 31 837 784 752 1515
7663 4 2 2 31 736 854 81 1569
7664 4 2 2 31 1144 994 997 1690
7665 4 2 2 31 425 1593 316 1693
7666 4 2 2 31 1003 1008 1004 1558
7667 4 2 2 31 1466 1558 1372 1719
7668 4 2 2 31 1070 1205 1072 1448
7669 4 2 2 31 902 882 900 1563
7670 4 2 2 31 966 981 1465 1717
7671 4 2 2 31 1209 1228 964 1514
7672 4 2 2 31 986 985 978 1561
7673 4 2 2 31 1305 1277 1278 1531
7674 4 2 2 31 994 992 993 1734
7675 4 2 2 31 1225 1205 1070 1448
7676 4 2 2 31 757 167 654 1731
7677 4 2 2 31 172 613 643 1622
7678 4 2 2 31 884 895 894 1635
7679 4 2 2 31 360 393 341 1689
7680 4 2 2 31 338 337 336 1652
7681 4 2 2 31 1027 1628 1026 1669
7682 4 2 2 31 686 73 72 224
7683 4 2 2 31 1029 1028 1012 1572
7684 4 2 2 31 988 1557 986 1671
7685 4 2 2 31 1309 1256 1214 1588
7686 4 2 2 31 1017 1110 1009 1469
7687 4 2 2 31 1536 1644 1397 1744
7688 4 2 2 31 456 317 435 1498
7689 4 2 2 31 350 357 388 1483
7690 4 2 2 31 945 962 1238 1710
7691 4 2 2 31 1072 1475 1076 1745
7692 4 2 2 31 1330 1485 1340 1651
7693 4 2 2 31 1206 984 1198 1485
7694 4 2 2 31 1199 1161 962 1740
7695 4 2 2 31 1203 1506 1155 1704
7696 4 2 2 31 360 403 456 1467
7697 4 2 2 31 101 1334 1319 414
7698 4 2 2 31 749 1293 255 1667
7699 4 2 2 31 1162 1213 1229 1464
7700 4 2 2 31 1072 1070 1448 1745
7701 4 2 2 31 1178 280 953 1283
7702 4 2 2 31 1326 1653 309 1654
7703 4 2 2 31 1178 279 1252 1109
7704 4 2 2 31 1210 268 942 882
7705 4 2 2 31 1243 1105 281 1304
7706 4 2 2 31 1280 1251 1180 277
7707 4 2 2 31 1288 1296 1292 1548
7708 4 2 2 31 1106 670 657 191
7709 4 2 2 31 435 317 401 1498
7710 4 2 2 31 1254 1562 1078 1687
7711 4 2 2 31 1084 1250 293 954
7712 4 2 2 31 1015 1466 1669 1719
7713 4 2 2 31 1458 1493 1405 1702
7714 4 2 2 31 838 843 810 1655
7715 4 2 2 31 354 352 355 1713
7716 4 2 2 31 1062 1658 1175 1665
7717 4 2 2 31 261 890 1186 1637
7718 4 2 2 31 803 818 698 1711
7719 4 2 2 31 1316 305 967 984
7720 4 2 2 31 1242 1264 240 826
7721 4 2 2 31 428 339 389 1468
7722 4 2 2 31 1519 1421 1707 1728
7723 4 2 2 31 1102 987 1582 1703
7724 4 2 2 31 1331 1336 1318 1514
7725 4 2 2 31 28 722 1 1607
7726 4 2 2 31 942 910 1174 1676
7727 4 2 2 31 1 28 1607 1729
7728 4 2 2 31 688 1541 720 1711
7729 4 2 2 31 1384 1634 1439 1716
7730 4 2 2 31 1293 1272 255 1667
7731 4 2 2 31 1199 1224 1079 1600
7732 4 2 2 31 1096 212 683 1164
7733 4 2 2 31 424 13 374 310
7734 4 2 2 31 308 1326 1352 1653
7735 4 2 2 31 1031 1020 1030 1636
7736 4 2 2 31 1517 1518 1406 1742
7737 4 2 2 31 417 1692 353 1695
7738 4 2 2 31 1060 211 683 704
7739 4 2 2 31 1054 1546 1053 1726
7740 4 2 2 31 1111 1571 1112 1733
7741 4 2 2 31 1174 942 267 910
7742 4 2 2 31 325 1634 439 1716
7743 4 2 2 31 1293 1269 1272 1667
7744 4 2 2 31 1235 711 1214 1588
7745 4 2 2 31 1348 1328 106 1619
7746 4 2 2 31 1115 1114 1116 1544
7747 4 2 2 31 237 744 1306 861
7748 4 2 2 31 1092 1055 1053 1726
7749 4 2 2 31 694 1661 1518 1742
7750 4 2 2 31 957 679 702 213
7751 4 2 2 31 369 446 1532 1727
7752 4 2 2 31 1381 1684 1484 1692
7753 4 2 2 31 1364 1457 1559 1736
7754 4 2 2 31 1480 1625 1378 1699
7755 4 2 2 31 87 86 398 1609
7756 4 2 2 31 1563 1627 1390 1676
7757 4 2 2 31 622 202 971 633
7758 4 2 2 31 1182 1341 966 1465
7759 4 2 2 31 1 871 46 1537
7760 4 2 2 31 757 789 790 1731
7761 4 2 2 31 1153 1549 1144 1732
7762 4 2 2 31 407 1493 365 1634
7763 4 2 2 31 309 308 1321 1653
7764 4 2 2 31 1351 945 296 1324
7765 4 2 2 31 839 1522 807 1698
7766 4 2 2 31 804 220 817 692
7767 4 2 2 31 1094 1066 957 1496
7768 4 2 2 31 391 1484 1684 1692
7769 4 2 2 31 986 1561 978 1671
7770 4 2 2 31 367 390 335 1675
7771 4 2 2 31 1256 1190 1214 1588
7772 4 2 2 31 83 84 734 1720
7773 4 2 2 31 903 910 882 1676
7774 4 2 2 31 1344 1352 1326 1567
7775 4 2 2 31 835 794 833 1568
7776 4 2 2 31 970 1130 1181 1651
7777 4 2 2 31 1371 1620 1488 1740
7778 4 2 2 31 960 962 1523 1710
7779 4 2 2 31 1476 1573 1372 1695
7780 4 2 2 31 702 1096 957 213
7781 4 2 2 31 1373 1626 1526 1701
7782 4 2 2 31 622 678 634 1590
7783 4 2 2 31 1085 1191 1203 1718
7784 4 2 2 31 1575 1608 1425 1666
7785 4 2 2 31 730 1528 87 1737
7786 4 2 2 31 798 842 732 1698
7787 4 2 2 31 996 1006 1143 1564
7788 4 2 2 31 3 326 7 1633
7789 4 2 2 31 1102 989 987 1703
7790 4 2 2 31 385 445 387 1695
7791 4 2 2 31 894 893 883 1635
7792 4 2 2 31 646 648 615 1559
7793 4 2 2 31 1234 970 1339 1583
7794 4 2 2 31 695 708 697 1657
7795 4 2 2 31 926 879 907 1493
7796 4 2 2 31 1476 1626 1373 1701
7797 4 2 2 31 1309 1214 715 1588
7798 4 2 2 31 1501 1549 1370 1732
7799 4 2 2 31 1177 1087 1086 1458
7800 4 2 2 31 885 899 898 1571
7801 4 2 2 31 799 843 796 1594
7802 4 2 2 31 944 1106 190 1642
7803 4 2 2 31 403 1682 1467 1720
7804 4 2 2 31 84 844 734 1739
7805 4 2 2 31 862 1257 1292 245
7806 4 2 2 31 905 9 93 877
7807 4 2 2 31 945 1324 1510 1710
7808 4 2 2 31 890 1595 1186 1637
7809 4 2 2 31 746 1535 814 1673
7810 4 2 2 31 1437 1674 1432 1738
7811 4 2 2 31 1264 1262 1246 1503
7812 4 2 2 31 1010 1560 1045 1732
7813 4 2 2 31 366 453 11 1481
7814 4 2 2 31 811 864 761 1673
7815 4 2 2 31 1173 1222 1632 1735
7816 4 2 2 31 1119 1118 1057 1617
7817 4 2 2 31 167 614 654 1731
7818 4 2 2 31 823 778 829 1511
7819 4 2 2 31 1196 1075 949 1543
7820 4 2 2 31 315 398 417 1612
7821 4 2 2 31 1086 1087 1040 1643
7822 4 2 2 31 201 940 1193 617
7823 4 2 2 31 1366 1709 1510 1745
7824 4 2 2 31 888 930 1598 1650
7825 4 2 2 31 803 776 684 228
7826 4 2 2 31 357 350 349 1483
7827 4 2 2 31 733 847 845 1624
7828 4 2 2 31 705 697 710 1597
7829 4 2 2 31 1344 1232 948 1567
7830 4 2 2 31 844 85 731 1587
7831 4 2 2 31 775 804 873 1518
7832 4 2 2 31 225 73 74 687
7833 4 2 2 31 282 941 1105 1243
7834 4 2 2 31 432 392 398 1609
7835 4 2 2 31 746 814 864 1673
7836 4 2 2 31 877 916 908 1576
7837 4 2 2 31 728 806 89 1502
7838 4 2 2 31 332 449 442 1474
7839 4 2 2 31 1094 1064 1066 1495
7840 4 2 2 31 619 632 647 1736
7841 4 2 2 31 1125 682 210 704
7842 4 2 2 31 1191 1506 1203 1718
7843 4 2 2 31 396 425 349 1593
7844 4 2 2 31 1047 1045 1046 1521
7845 4 2 2 31 339 336 389 1652
7846 4 2 2 31 331 97 457 1345
7847 4 2 2 31 706 703 687 1621
7848 4 2 2 31 961 960 1523 1728
7849 4 2 2 31 945 1510 962 1710
7850 4 2 2 31 425 455 316 1593
7851 4 2 2 31 1182 966 981 1465
7852 4 2 2 31 1092 1186 1093 1637
7853 4 2 2 31 825 760 862 1548
7854 4 2 2 31 864 1673 814 1674
7855 4 2 2 31 1003 1670 1134 1679
7856 4 2 2 31 655 670 657 1453
7857 4 2 2 31 1037 1033 1038 1641
7858 4 2 2 31 666 634 678 1738
7859 4 2 2 31 90 91 808 1604
7860 4 2 2 31 814 1674 1535 1691
7861 4 2 2 31 243 1295 1247 855
7862 4 2 2 31 848 1672 786 1739
7863 4 2 2 31 790 789 847 1477
7864 4 2 2 31 647 630 618 1724
7865 4 2 2 31 1072 1076 1073 1745
7866 4 2 2 31 707 1639 704 1730
7867 4 2 2 31 980 1580 1196 1717
7868 4 2 2 31 1432 1595 1590 1663
7869 4 2 2 31 793 760 1548 1659
7870 4 2 2 31 1013 1020 1150 1699
7871 4 2 2 31 34 1646 726 1691
7872 4 2 2 31 951 1089 1088 1504
7873 4 2 2 31 379 1526 1626 1701
7874 4 2 2 31 961 1707 1209 1728
7875 4 2 2 31 425 400 357 1686
7876 4 2 2 31 635 633 634 1590
7877 4 2 2 31 38 37 1614 1723
7878 4 2 2 31 970 1181 1339 1651
7879 4 2 2 31 44 735 43 1683
7880 4 2 2 31 855 1295 780 244
7881 4 2 2 31 410 388 438 1508
7882 4 2 2 31 1120 1035 1027 1552
7883 4 2 2 31 890 889 1166 1595
7884 4 2 2 31 358 356 359 1487
7885 4 2 2 31 1130 1129 969 1597
7886 4 2 2 31 619 1543 648 1736
7887 4 2 2 31 373 13 424 310
7888 4 2 2 31 1250 292 1270 1618
7889 4 2 2 31 725 823 829 1511
7890 4 2 2 31 1313 1334 100 442
7891 4 2 2 31 1080 195 933 1566
7892 4 2 2 31 656 652 651 1565
7893 4 2 2 31 389 1652 336 1700
7894 4 2 2 31 1026 1628 1492 1669
7895 4 2 2 31 1098 1089 1204 1551
7896 4 2 2 31 78 77 427 1715
7897 4 2 2 31 818 698 688 229
7898 4 2 2 31 409 79 11 1656
7899 4 2 2 31 419 1626 1476 1701
7900 4 2 2 31 33 34 1691 1716
7901 4 2 2 31 1207 885 1174 266
7902 4 2 2 31 955 1315 1234 303
7903 4 2 2 31 897 885 932 265
7904 4 2 2 31 316 455 411 1693
7905 4 2 2 31 916 917 908 1576
7906 4 2 2 31 330 376 429 1648
7907 4 2 2 31 878 5 32 904
7908 4 2 2 31 245 1292 862 760
7909 4 2 2 31 214 679 711 1235
7910 4 2 2 31 394 340 369 1532
7911 4 2 2 31 68 1575 770 1638
7912 4 2 2 31 767 827 724 1553
7913 4 2 2 31 742 243 1247 855
7914 4 2 2 31 1340 1342 1338 1696
7915 4 2 2 31 1322 1345 1481 1709
7916 4 2 2 31 299 1331 1318 1239
7917 4 2 2 31 347 391 392 1684
7918 4 2 2 31 722 773 774 1607
7919 4 2 2 31 1021 1045 1010 1560
7920 4 2 2 31 779 866 738 1539
7921 4 2 2 31 1253 1284 1289 1544
7922 4 2 2 31 284 1254 1078 1687
7923 4 2 2 31 36 312 37 1507
7924 4 2 2 31 781 770 747 1605
7925 4 2 2 31 945 1224 962 1510
7926 4 2 2 31 721 772 771 1589
7927 4 2 2 31 1047 1153 1045 1732
7928 4 2 2 31 1219 976 1195 1596
7929 4 2 2 31 195 620 933 1566
7930 4 2 2 31 1162 1213 1464 1694
7931 4 2 2 31 106 1328 426 1619
7932 4 2 2 31 1147 1153 1144 1732
7933 4 2 2 31 968 958 948 1567
7934 4 2 2 31 68 375 69 1666
7935 4 2 2 31 843 838 754 1655
7936 4 2 2 31 1166 260 889 890
7937 4 2 2 31 700 702 701 1721
7938 4 2 2 31 970 1339 1583 1651
7939 4 2 2 31 1099 1050 1100 1631
7940 4 2 2 31 620 656 651 1565
7941 4 2 2 31 377 389 334 1700
7942 4 2 2 31 1198 1130 969 1597
7943 4 2 2 31 1106 670 190 1642
7944 4 2 2 31 735 1516 849 1683
7945 4 2 2 31 1233 979 1473 1741
7946 4 2 2 31 1086 1177 1458 1733
7947 4 2 2 31 92 1494 1725 1743
7948 4 2 2 31 923 888 1217 1650
7949 4 2 2 31 1203 1155 1136 1704
7950 4 2 2 31 926 1493 896 1702
7951 4 2 2 31 855 772 780 1615
7952 4 2 2 31 330 449 376 1648
7953 4 2 2 31 324 1677 1494 1743
7954 4 2 2 31 1521 1560 1370 1732
7955 4 2 2 31 276 1260 1251 946
7956 4 2 2 31 961 1208 1209 1707
7957 4 2 2 31 889 1595 931 1663
7958 4 2 2 31 37 402 38 1614
7959 4 2 2 31 202 1193 971 633
7960 4 2 2 31 346 349 348 1478
7961 4 2 2 31 652 654 653 1731
7962 4 2 2 31 1364 1580 1465 1717
7963 4 2 2 31 864 824 761 1738
7964 4 2 2 31 861 818 744 1541
7965 4 2 2 31 998 997 996 1690
7966 4 2 2 31 1486 1631 1376 1734
7967 4 2 2 31 379 448 363 1526
7968 4 2 2 31 888 930 901 1598
7969 4 2 2 31 1026 1145 1014 1492
7970 4 2 2 31 907 66 881 407
7971 4 2 2 31 458 426 75 1619
7972 4 2 2 31 1187 1308 1217 1650
7973 4 2 2 31 41 411 319 1556
7974 4 2 2 31 34 809 726 1646
7975 4 2 2 31 874 76 740 1538
7976 4 2 2 31 457 98 327 1314
7977 4 2 2 31 1332 1334 1313 1474
7978 4 2 2 31 962 1161 960 1523
7979 4 2 2 31 1458 1405 1643 1733
7980 4 2 2 31 1067 1069 1080 1602
7981 4 2 2 31 84 406 1585 1720
7982 4 2 2 31 1124 1197 933 1565
7983 4 2 2 31 1059 1183 1048 1591
7984 4 2 2 31 162 741 856 615
7985 4 2 2 31 1132 1517 1131 1735
7986 4 2 2 31 1228 1102 1104 1582
7987 4 2 2 31 673 157 860 665
7988 4 2 2 31 966 1465 980 1717
7989 4 2 2 31 1166 1186 890 1595
7990 4 2 2 31 1036 991 989 1703
7991 4 2 2 31 1152 1003 1134 1679
7992 4 2 2 31 793 736 850 1659
7993 4 2 2 31 654 614 653 1731
7994 4 2 2 31 1025 986 988 1557
7995 4 2 2 31 1063 1160 1127 1581
7996 4 2 2 31 1229 1076 1162 1475
7997 4 2 2 31 1496 1711 1538 1721
7998 4 2 2 31 1032 1031 1048 1625
7999 4 2 2 31 1251 1180 276 946
8000 4 2 2 31 898 897 1571 1702
8001 4 2 2 31 372 427 77 1449
8002 4 2 2 31 417 1612 1692 1695
8003 4 2 2 31 1369 1576 1494 1725
8004 4 2 2 31 1096 1219 1164 1596
8005 4 2 2 31 1202 946 1077 1550
8006 4 2 2 31 372 426 1328 1619
8007 4 2 2 31 1285 1254 1286 1562
8008 4 2 2 31 39 316 40 1693
8009 4 2 2 31 1304 953 280 1283
8010 4 2 2 31 1137 1155 1138 1627
8011 4 2 2 31 1314 457 97 1345
8012 4 2 2 31 1327 1356 1344 1567
8013 4 2 2 31 416 424 329 1616
8014 4 2 2 31 981 1089 1551 1717
8015 4 2 2 31 660 639 636 1568
8016 4 2 2 31 204 1216 716 1697
8017 4 2 2 31 7 724 3 1553
8018 4 2 2 31 99 1343 444 321
8019 4 2 2 31 1053 1054 1052 1546
8020 4 2 2 31 906 898 925 1462
8021 4 2 2 31 790 735 849 1683
8022 4 2 2 31 43 1534 313 1678
8023 4 2 2 31 1302 1304 1282 1611
8024 4 2 2 31 1039 1051 1154 1644
8025 4 2 2 31 1109 1229 1213 1464
8026 4 2 2 31 1348 106 426 1619
8027 4 2 2 31 932 1112 1571 1733
8028 4 2 2 31 358 419 387 1701
8029 4 2 2 31 607 643 640 1515
8030 4 2 2 31 273 1307 928 886
8031 4 2 2 31 674 887 181 927
8032 4 2 2 31 859 242 1247 742
8033 4 2 2 31 1189 965 963 1454
8034 4 2 2 31 1380 1614 1507 1723
8035 4 2 2 31 805 835 727 1530
8036 4 2 2 31 106 426 370 1348
8037 4 2 2 31 814 1673 1535 1674
8038 4 2 2 31 282 941 1243 1303
8039 4 2 2 31 318 379 378 1626
8040 4 2 2 31 992 991 993 1734
8041 4 2 2 31 38 729 37 1723
8042 4 2 2 31 407 365 408 1634
8043 4 2 2 31 936 1211 1078 1562
8044 4 2 2 31 1043 1160 1063 1581
8045 4 2 2 31 928 886 1307 1664
8046 4 2 2 31 886 913 917 1664
8047 4 2 2 31 1178 279 1283 1252
8048 4 2 2 31 698 1711 700 1721
8049 4 2 2 31 1190 1260 1256 275
8050 4 2 2 31 1315 1339 1338 1583
8051 4 2 2 31 769 1645 78 1715
8052 4 2 2 31 655 659 663 1601
8053 4 2 2 31 1522 1614 1380 1723
8054 4 2 2 31 801 646 856 1559
8055 4 2 2 31 344 345 346 1668
8056 4 2 2 31 961 960 1161 1523
8057 4 2 2 31 712 1578 982 1697
8058 4 2 2 31 709 707 710 1730
8059 4 2 2 31 1080 672 195 1566
8060 4 2 2 31 1471 1385 1672 1739
8061 4 2 2 31 1197 1124 1123 1565
8062 4 2 2 31 1328 1327 1320 1449
8063 4 2 2 31 1201 1183 1059 1591
8064 4 2 2 31 932 1112 1207 1571
8065 4 2 2 31 1199 962 1224 1600
8066 4 2 2 31 394 369 446 1532
8067 4 2 2 31 870 674 761 178
8068 4 2 2 31 36 727 35 1584
8069 4 2 2 31 1081 1167 938 1533
8070 4 2 2 31 623 676 1216 1697
8071 4 2 2 31 1149 1062 1175 1665
8072 4 2 2 31 99 1313 330 444
8073 4 2 2 31 1217 888 923 270
8074 4 2 2 31 1079 1073 1218 1540
8075 4 2 2 31 735 788 849 1516
8076 4 2 2 31 337 367 335 1675
8077 4 2 2 31 685 695 694 1518
8078 4 2 2 31 885 898 897 1571
8079 4 2 2 31 1107 1058 1031 1488
8080 4 2 2 31 705 680 697 1597
8081 4 2 2 31 730 87 88 1737
8082 4 2 2 31 1430 1653 1473 1654
8083 4 2 2 31 683 212 1096 702
8084 4 2 2 31 1345 447 1353 1712
8085 4 2 2 31 443 67 881 904
8086 4 2 2 31 885 910 1174 266
8087 4 2 2 31 744 1306 1298 237
8088 4 2 2 31 1096 957 1066 1496
8089 4 2 2 31 1206 1125 1060 1639
8090 4 2 2 31 1115 1168 1192 1623
8091 4 2 2 31 399 313 1534 1727
8092 4 2 2 31 983 1139 1165 1598
8093 4 2 2 31 422 104 368 1696
8094 4 2 2 31 858 769 78 1715
8095 4 2 2 31 1270 292 938 1618
8096 4 2 2 31 370 420 105 1348
8097 4 2 2 31 408 881 66 407
8098 4 2 2 31 1332 1317 1333 1586
8099 4 2 2 31 889 891 931 1595
8100 4 2 2 31 909 746 232 1673
8101 4 2 2 31 1338 1339 1340 1651
8102 4 2 2 31 1150 1032 1061 1699
8103 4 2 2 31 976 967 1195 1529
8104 4 2 2 31 1290 1254 284 1687
8105 4 2 2 31 977 1163 974 1606
8106 4 2 2 31 692 693 689 1661
8107 4 2 2 31 1176 1076 953 1611
8108 4 2 2 31 1353 310 1322 1712
8109 4 2 2 31 1010 1045 1147 1732
8110 4 2 2 31 746 868 814 1535
8111 4 2 2 31 1339 1181 1330 1651
8112 4 2 2 31 292 1250 1084 1618
8113 4 2 2 31 672 620 195 1566
8114 4 2 2 31 959 1065 1205 1694
8115 4 2 2 31 330 1313 100 449
8116 4 2 2 31 765 78 10 1715
8117 4 2 2 31 398 392 391 1484
8118 4 2 2 31 1187 1255 1308 1650
8119 4 2 2 31 376 323 429 1648
8120 4 2 2 31 454 401 322 1574
8121 4 2 2 31 699 688 720 1711
8122 4 2 2 31 234 867 877 908
8123 4 2 2 31 260 1166 1186 890
8124 4 2 2 31 1005 1110 1154 1685
8125 4 2 2 31 899 910 903 1676
8126 4 2 2 31 1285 1244 1289 1672
8127 4 2 2 31 968 1495 1064 1741
8128 4 2 2 31 419 384 387 1476
8129 4 2 2 31 304 970 1181 1339
8130 4 2 2 31 1235 1214 1095 1588
8131 4 2 2 31 1251 1260 1262 1550
8132 4 2 2 31 1217 1308 1187 295
8133 4 2 2 31 416 10 78 1715
8134 4 2 2 31 794 750 833 1568
8135 4 2 2 31 1258 1306 1298 1541
8136 4 2 2 31 1075 1163 1103 1513
8137 4 2 2 31 1032 1048 1049 1625
8138 4 2 2 31 914 909 232 1673
8139 4 2 2 31 958 307 948 1352
8140 4 2 2 31 808 728 90 1604
8141 4 2 2 31 814 726 1674 1691
8142 4 2 2 31 1019 1013 1007 1579
8143 4 2 2 31 966 980 981 1717
8144 4 2 2 31 717 860 219 689
8145 4 2 2 31 1185 1054 1055 1570
8146 4 2 2 31 1297 1253 1289 1544
8147 4 2 2 31 87 730 810 1528
8148 4 2 2 31 821 768 859 1524
8149 4 2 2 31 303 1234 970 1339
8150 4 2 2 31 426 458 370 1619
8151 4 2 2 31 706 226 841 687
8152 4 2 2 31 842 839 807 1698
8153 4 2 2 31 10 12 723 1599
8154 4 2 2 31 889 924 1212 1663
8155 4 2 2 31 937 964 1239 1514
8156 4 2 2 31 1027 1035 1026 1628
8157 4 2 2 31 878 909 868 233
8158 4 2 2 31 1163 1179 944 1642
8159 4 2 2 31 880 905 440 1677
8160 4 2 2 31 1432 1674 1673 1738
8161 4 2 2 31 204 716 712 1697
8162 4 2 2 31 1011 1010 1001 1630
8163 4 2 2 31 944 190 610 1642
8164 4 2 2 31 226 74 841 687
8165 4 2 2 31 1055 1054 1053 1726
8166 4 2 2 31 1173 1222 1204 1632
8167 4 2 2 31 749 832 829 1667
8168 4 2 2 31 982 1578 1170 1697
8169 4 2 2 31 626 887 181 674
8170 4 2 2 31 1307 273 1259 886
8171 4 2 2 31 230 861 718 818
8172 4 2 2 31 341 393 338 1554
8173 4 2 2 31 743 860 157 665
8174 4 2 2 31 1086 1643 1111 1733
8175 4 2 2 31 650 648 619 1543
8176 4 2 2 31 337 435 367 1675
8177 4 2 2 31 1074 1107 1620 1740
8178 4 2 2 31 1259 1307 886 1664
8179 4 2 2 31 1038 1111 1086 1643
8180 4 2 2 31 1086 1458 1643 1733
8181 4 2 2 31 333 377 334 1640
8182 4 2 2 31 675 622 1212 1663
8183 4 2 2 31 428 369 339 1727
8184 4 2 2 31 88 89 806 1737
8185 4 2 2 31 1095 1214 1190 1588
8186 4 2 2 31 839 729 807 1522
8187 4 2 2 31 700 679 702 1496
8188 4 2 2 31 676 1216 182 623
8189 4 2 2 31 443 881 67 408
8190 4 2 2 31 883 893 892 1637
8191 4 2 2 31 788 787 849 1516
8192 4 2 2 31 1318 937 1514 1728
8193 4 2 2 31 793 760 825 1548
8194 4 2 2 31 1196 949 1172 1543
8195 4 2 2 31 664 661 658 1660
8196 4 2 2 31 1015 1056 1027 1669
8197 4 2 2 31 1191 1155 1203 1506
8198 4 2 2 31 362 361 364 1520
8199 4 2 2 31 1170 982 1146 1578
8200 4 2 2 31 229 818 698 803
8201 4 2 2 31 1057 1120 1027 1552
8202 4 2 2 31 1217 888 983 1650
8203 4 2 2 31 1003 1000 1134 1670
8204 4 2 2 31 223 72 686 1657
8205 4 2 2 31 1318 298 1237 1349
8206 4 2 2 31 878 32 5 868
8207 4 2 2 31 867 93 9 877
8208 4 2 2 31 1144 1153 1018 1549
8209 4 2 2 31 867 234 745 908
8210 4 2 2 31 979 1064 1077 1741
8211 4 2 2 31 868 909 746 233
8212 4 2 2 31 1066 1064 968 1495
8213 4 2 2 31 351 391 348 1692
8214 4 2 2 31 1260 1190 946 275
8215 4 2 2 31 1233 958 979 1741
8216 4 2 2 31 1107 1030 1074 1620
8217 4 2 2 31 103 1342 371 430
8218 4 2 2 31 430 69 375 1666
8219 4 2 2 31 945 1238 1324 1710
8220 4 2 2 31 387 353 354 1695
8221 4 2 2 31 445 1612 417 1695
8222 4 2 2 31 353 445 417 1695
8223 4 2 2 31 284 1078 1171 1687
8224 4 2 2 31 97 331 423 1345
8225 4 2 2 31 686 708 223 1657
8226 4 2 2 31 830 726 809 1646
8227 4 2 2 31 1342 1312 104 1696
8228 4 2 2 31 422 1657 71 1696
8229 4 2 2 31 844 799 848 1739
8230 4 2 2 31 1518 1661 1406 1742
8231 4 2 2 31 390 437 327 1613
8232 4 2 2 31 391 347 348 1684
8233 4 2 2 31 1485 1639 1413 1730
8234 4 2 2 31 42 733 41 1624
8235 4 2 2 31 1083 1618 1084 1718
8236 4 2 2 31 1214 1256 1309 274
8237 4 2 2 31 214 957 679 1235
8238 4 2 2 31 222 708 685 775
8239 4 2 2 31 1304 1283 1282 1611
8240 4 2 2 31 1030 1020 1019 1636
8241 4 2 2 31 852 735 790 1683
8242 4 2 2 31 84 406 314 1585
8243 4 2 2 31 3 412 326 1633
8244 4 2 2 31 1212 203 622 675
8245 4 2 2 31 706 776 227 684
8246 4 2 2 31 358 354 356 1713
8247 4 2 2 31 77 78 1645 1715
8248 4 2 2 31 1068 1197 1169 1629
8249 4 2 2 31 407 311 421 1493
8250 4 2 2 31 795 836 751 1547
8251 4 2 2 31 1152 1134 1156 1679
8252 4 2 2 31 1557 1671 1389 1680
8253 4 2 2 31 791 798 755 1660
8254 4 2 2 31 1197 1123 1169 1629
8255 4 2 2 31 658 656 664 1660
8256 4 2 2 31 107 427 372 1350
8257 4 2 2 31 1149 1175 1069 1665
8258 4 2 2 31 1308 1255 1187 295
8259 4 2 2 31 609 161 801 646
8260 4 2 2 31 816 782 770 1605
8261 4 2 2 31 371 70 430 1608
8262 4 2 2 31 1221 986 1025 1680
8263 4 2 2 31 1160 1052 1054 1546
8264 4 2 2 31 688 718 713 1541
8265 4 2 2 31 708 840 223 1657
8266 4 2 2 31 978 985 977 1561
8267 4 2 2 31 1162 1076 1072 1475
8268 4 2 2 31 68 763 7 1638
8269 4 2 2 31 757 849 787 1731
8270 4 2 2 31 1290 284 1171 1687
8271 4 2 2 31 414 101 1334 442
8272 4 2 2 31 379 363 380 1526
8273 4 2 2 31 801 802 161 609
8274 4 2 2 31 1318 1237 937 1728
8275 4 2 2 31 839 753 784 1622
8276 4 2 2 31 704 1639 682 1730
8277 4 2 2 31 701 1621 706 1721
8278 4 2 2 31 1132 952 1131 1517
8279 4 2 2 31 232 811 914 1673
8280 4 2 2 31 334 336 335 1700
8281 4 2 2 31 232 746 811 1673
8282 4 2 2 31 803 874 740 1538
8283 4 2 2 31 1092 1135 1215 1512
8284 4 2 2 31 364 434 382 1610
8285 4 2 2 31 317 82 81 1682
8286 4 2 2 31 439 408 365 1634
8287 4 2 2 31 204 982 1216 1697
8288 4 2 2 31 407 907 65 311
8289 4 2 2 31 223 840 72 1657
8290 4 2 2 31 1339 1181 304 1330
8291 4 2 2 31 103 1337 430 375
8292 4 2 2 31 1344 1356 1316 1529
8293 4 2 2 31 980 1075 1196 1580
8294 4 2 2 31 954 1085 1084 1718
8295 4 2 2 31 1545 1670 1381 1679
8296 4 2 2 31 1298 1310 1258 1541
8297 4 2 2 31 322 401 80 1574
8298 4 2 2 31 1324 1510 1323 1709
8299 4 2 2 31 903 882 902 1563
8300 4 2 2 31 888 1598 983 1650
8301 4 2 2 31 610 190 670 1642
8302 4 2 2 31 1232 1316 306 967
8303 4 2 2 31 982 1140 1146 1578
8304 4 2 2 31 43 313 44 1678
8305 4 2 2 31 37 805 36 1723
8306 4 2 2 31 822 774 872 1499
8307 4 2 2 31 1113 1137 1138 1627
8308 4 2 2 31 1077 946 1180 1550
8309 4 2 2 31 811 914 927 231
8310 4 2 2 31 812 236 928 913
8311 4 2 2 31 399 428 313 1727
8312 4 2 2 31 1243 1296 1303 1647
8313 4 2 2 31 270 1217 888 983
8314 4 2 2 31 1214 1190 1256 274
8315 4 2 2 31 40 316 411 1693
8316 4 2 2 31 974 975 977 1606
8317 4 2 2 31 765 858 78 1715
8318 4 2 2 31 1341 302 1315 1722
8319 4 2 2 31 1209 1208 1101 1707
8320 4 2 2 31 1080 1069 1108 1602
8321 4 2 2 31 684 701 706 1721
8322 4 2 2 31 1270 1269 1250 1618
8323 4 2 2 31 1276 1240 1273 1547
8324 4 2 2 31 976 1232 967 1529
8325 4 2 2 31 948 1230 968 1567
8326 4 2 2 31 1295 1302 1282 1615
8327 4 2 2 31 415 1616 374 1712
8328 4 2 2 31 981 1088 1089 1717
8329 4 2 2 31 911 1308 271 1300
8330 4 2 2 31 675 912 179 667
8331 4 2 2 31 1350 372 107 1328
8332 4 2 2 31 682 705 710 1730
8333 4 2 2 31 1092 943 1186 1637
8334 4 2 2 31 1458 1702 1405 1733
8335 4 2 2 31 422 71 371 1696
8336 4 2 2 31 218 1258 713 1306
8337 4 2 2 31 698 700 684 1721
8338 4 2 2 31 929 926 907 1493
8339 4 2 2 31 860 817 219 689
8340 4 2 2 31 846 759 788 1601
8341 4 2 2 31 697 708 686 1657
8342 4 2 2 31 754 796 843 1594
8343 4 2 2 31 690 1301 216 715
8344 4 2 2 31 893 895 922 1635
8345 4 2 2 31 668 154 716 691
8346 4 2 2 31 306 1344 1316 1232
8347 4 2 2 31 292 1084 938 1618
8348 4 2 2 31 33 382 34 1716
8349 4 2 2 31 399 313 43 1534
8350 4 2 2 31 1353 374 13 310
8351 4 2 2 31 77 78 769 1645
8352 4 2 2 31 924 1212 259 889
8353 4 2 2 31 417 351 353 1692
8354 4 2 2 31 927 870 811 231
8355 4 2 2 31 812 236 869 928
8356 4 2 2 31 848 786 734 1739
8357 4 2 2 31 1071 1224 945 1510
8358 4 2 2 31 745 865 813 1576
8359 4 2 2 31 1344 1326 1327 1567
8360 4 2 2 31 786 848 785 1672
8361 4 2 2 31 841 776 227 706
8362 4 2 2 31 1315 302 955 1722
8363 4 2 2 31 1308 1300 911 1650
8364 4 2 2 31 222 840 708 775
8365 4 2 2 31 1062 1194 1175 1658
8366 4 2 2 31 379 1626 419 1701
8367 4 2 2 31 988 1158 1025 1557
8368 4 2 2 31 932 1111 1112 1733
8369 4 2 2 31 737 853 45 1527
8370 4 2 2 31 688 713 720 1541
8371 4 2 2 31 718 688 230 818
8372 4 2 2 31 966 301 956 1317
8373 4 2 2 31 1324 1238 1349 1710
8374 4 2 2 31 848 756 785 1672
8375 4 2 2 31 961 1237 960 1728
8376 4 2 2 31 720 690 711 1588
8377 4 2 2 31 1242 821 826 241
8378 4 2 2 31 770 69 739 1575
8379 4 2 2 31 1234 1231 970 1583
8380 4 2 2 31 761 674 666 178
8381 4 2 2 31 1212 622 971 1663
8382 4 2 2 31 413 412 414 1633
8383 4 2 2 31 1219 1195 1164 1596
8384 4 2 2 31 847 755 798 1660
8385 4 2 2 31 383 356 355 1713
8386 4 2 2 31 1098 981 1089 1551
8387 4 2 2 31 1338 1337 1335 1666
8388 4 2 2 31 1308 911 271 923
8389 4 2 2 31 912 675 179 924
8390 4 2 2 31 622 634 633 1590
8391 4 2 2 31 1209 1707 1514 1728
8392 4 2 2 31 1341 1182 302 1722
8393 4 2 2 31 1329 1356 1327 1619
8394 4 2 2 31 204 712 982 1697
8395 4 2 2 31 94 771 820 1662
8396 4 2 2 31 960 1238 962 1710
8397 4 2 2 31 1170 623 1216 1697
8398 4 2 2 31 1242 1279 821 241
8399 4 2 2 31 610 670 663 1642
8400 4 2 2 31 827 3 724 1553
8401 4 2 2 31 1139 983 1210 1598
8402 4 2 2 31 912 667 675 1663
8403 4 2 2 31 1322 1323 1345 1709
8404 4 2 2 31 923 1308 911 1650
8405 4 2 2 31 1535 1674 1368 1691
8406 4 2 2 31 1325 1354 1323 1710
8407 4 2 2 31 888 901 900 1598
8408 4 2 2 31 1302 1295 1257 1615
8409 4 2 2 31 1277 1305 1297 1531
8410 4 2 2 31 928 812 913 1664
8411 4 2 2 31 1301 1310 1256 1588
8412 4 2 2 31 106 372 426 1328
8413 4 2 2 31 439 325 408 1634
8414 4 2 2 31 715 215 1235 1214
8415 4 2 2 31 69 770 68 1575
8416 4 2 2 31 443 32 5 904
8417 4 2 2 31 715 711 690 1588
8418 4 2 2 31 320 382 434 1610
8419 4 2 2 31 27 1236 1225 308
8420 4 2 2 31 1027 1026 1015 1669
8421 4 2 2 31 1157 1051 1052 1744
8422 4 2 2 31 693 1661 694 1742
8423 4 2 2 31 880 921 905 1677
8424 4 2 2 31 1067 1223 1068 1705
8425 4 2 2 31 806 836 730 1737
8426 4 2 2 31 972 1132 1131 1735
8427 4 2 2 31 1291 1289 1244 1672
8428 4 2 2 31 716 668 691 1697
8429 4 2 2 31 814 33 726 1691
8430 4 2 2 31 890 891 889 1595
8431 4 2 2 31 1212 203 971 622
8432 4 2 2 31 935 198 616 1688
8433 4 2 2 31 362 421 363 1706
8434 4 2 2 31 807 39 732 1698
8435 4 2 2 31 715 1301 216 1309
8436 4 2 2 31 676 154 716 668
8437 4 2 2 31 924 912 675 1663
8438 4 2 2 31 1238 297 1324 1349
8439 4 2 2 31 1001 1133 1011 1630
8440 4 2 2 31 1303 1296 1288 1647
8441 4 2 2 31 718 218 713 1306
8442 4 2 2 31 1318 937 299 1239
8443 4 2 2 31 1315 1335 1341 1722
8444 4 2 2 31 691 719 712 1697
8445 4 2 2 31 928 869 812 1664
8446 4 2 2 31 1032 1150 1020 1699
8447 4 2 2 31 409 322 79 1656
8448 4 2 2 31 980 973 1075 1580
8449 4 2 2 31 407 421 365 1493
8450 4 2 2 31 375 102 1337 441
8451 4 2 2 31 1074 1030 1050 1620
8452 4 2 2 31 988 986 987 1671
8453 4 2 2 31 404 44 313 1678
8454 4 2 2 31 721 771 95 1589
8455 4 2 2 31 374 415 424 1616
8456 4 2 2 31 419 379 318 1626
8457 4 2 2 31 618 629 627 1724
8458 4 2 2 31 1319 1337 102 441
8459 4 2 2 31 971 1193 1097 1590
8460 4 2 2 31 314 397 392 1649
8461 4 2 2 31 242 1279 821 859
8462 4 2 2 31 723 765 10 1599
8463 4 2 2 31 1192 1168 1151 1623
8464 4 2 2 31 198 935 1128 1688
8465 4 2 2 31 745 813 867 1576
8466 4 2 2 31 805 729 837 1723
8467 4 2 2 31 1170 182 1216 623
8468 4 2 2 31 382 325 439 1716
8469 4 2 2 31 162 856 801 646
8470 4 2 2 31 1309 1301 1256 1588
8471 4 2 2 31 1182 955 302 1722
8472 4 2 2 31 1102 987 1104 1582
8473 4 2 2 31 1321 1324 1323 1709
8474 4 2 2 31 635 636 617 1592
8475 4 2 2 31 1086 932 1177 1733
8476 4 2 2 31 987 986 978 1671
8477 4 2 2 31 427 107 373 1350
8478 4 2 2 31 1307 1299 258 1664
8479 4 2 2 31 308 309 1326 1653
8480 4 2 2 31 693 692 694 1661
8481 4 2 2 31 1159 1056 1156 1577
8482 4 2 2 31 198 1128 641 1688
8483 4 2 2 31 1158 990 1018 1681
8484 4 2 2 31 937 1209 1514 1728
8485 4 2 2 31 1311 1300 1255 1650
8486 4 2 2 31 1284 1254 1285 1562
8487 4 2 2 31 770 782 747 1605
8488 4 2 2 31 888 911 930 1650
8489 4 2 2 31 793 792 760 1659
8490 4 2 2 31 869 1307 258 1664
8491 4 2 2 31 1141 1100 1050 1631
8492 4 2 2 31 1245 1277 1294 1594
8493 4 2 2 31 431 447 366 1712
8494 4 2 2 31 1024 1145 1136 1704
8495 4 2 2 31 448 359 363 1706
8496 4 2 2 31 716 676 668 1697
8497 4 2 2 31 390 454 437 1613
8498 4 2 2 31 1026 1035 1044 1628
8499 4 2 2 31 215 711 715 1235
8500 4 2 2 31 814 868 32 1535
8501 4 2 2 31 678 622 667 1663
8502 4 2 2 31 104 371 1342 1696
8503 4 2 2 31 937 1209 964 1514
8504 4 2 2 31 889 931 912 1663
8505 4 2 2 31 1328 1348 1329 1619
8506 4 2 2 31 767 801 856 1559
8507 4 2 2 31 623 677 668 1697
8508 4 2 2 31 441 413 1319 1633
8509 4 2 2 31 440 381 880 1677
8510 4 2 2 31 332 414 451 1729
8511 4 2 2 31 1166 1595 889 1663
8512 4 2 2 31 865 812 762 1664
8513 4 2 2 31 814 726 824 1674
8514 4 2 2 31 1166 889 1212 1663
8515 4 2 2 31 965 973 956 1586
8516 4 2 2 31 13 373 1350 310
8517 4 2 2 31 392 432 314 1649
8518 4 2 2 31 406 436 314 1585
8519 4 2 2 31 956 973 966 1586
8520 4 2 2 31 1014 1009 1008 1719
8521 4 2 2 31 258 1299 762 1664
8522 4 2 2 31 722 28 773 1607
8523 4 2 2 31 762 869 258 1664
8524 4 2 2 31 1174 1112 1113 1676
8525 4 2 2 31 769 740 77 1645
8526 4 2 2 31 1323 1510 1324 1710
8527 4 2 2 31 733 845 41 1624
8528 4 2 2 31 1571 1405 1702 1733
8529 4 2 2 31 820 771 831 1662
8530 4 2 2 31 1049 1171 1078 1687
8531 4 2 2 31 104 422 371 1696
8532 4 2 2 31 198 641 616 1688
8533 4 2 2 31 849 757 790 1731
8534 4 2 2 31 938 1084 1083 1618
8535 4 2 2 31 945 1238 297 1324
8536 4 2 2 31 1063 1194 1062 1658
8537 4 2 2 31 1390 1494 1677 1743
8538 4 2 2 31 1166 1093 1186 1595
8539 4 2 2 31 1222 955 1098 1722
8540 4 2 2 31 1290 1286 1254 1687
8541 4 2 2 31 763 781 875 1638
8542 4 2 2 31 1206 1060 1195 1639
8543 4 2 2 31 642 643 613 1622
8544 4 2 2 31 1055 1097 1185 1570
8545 4 2 2 31 369 399 446 1727
8546 4 2 2 31 942 1174 1113 1676
8547 4 2 2 31 1057 1159 1119 1617
8548 4 2 2 31 933 1223 1080 1566
8549 4 2 2 31 431 415 374 1712
8550 4 2 2 31 921 880 925 1677
8551 4 2 2 31 333 334 328 1640
8552 4 2 2 31 761 177 666 1738
8553 4 2 2 31 960 1349 1238 1710
8554 4 2 2 31 707 704 682 1730
8555 4 2 2 31 905 93 9 440
8556 4 2 2 31 1231 1234 972 1583
8557 4 2 2 31 864 814 824 1674
8558 4 2 2 31 445 315 417 1612
8559 4 2 2 31 1344 948 307 1352
8560 4 2 2 31 1340 1312 1342 1696
8561 4 2 2 31 777 608 177 1738
8562 4 2 2 31 33 325 382 1716
8563 4 2 2 31 298 937 1318 1237
8564 4 2 2 31 91 92 725 1725
8565 4 2 2 31 425 396 455 1593
8566 4 2 2 31 86 432 398 1609
8567 4 2 2 31 336 339 338 1652
8568 4 2 2 31 92 813 725 1725
8569 4 2 2 31 1000 1003 1002 1670
8570 4 2 2 31 616 641 640 1688
8571 4 2 2 31 890 883 892 1637
8572 4 2 2 31 1033 1037 1017 1641
8573 4 2 2 31 749 783 832 1667
8574 4 2 2 31 782 158 159 612
8575 4 2 2 31 344 342 345 1668
8576 4 2 2 31 379 419 448 1701
8577 4 2 2 31 619 648 632 1736
8578 4 2 2 31 34 726 33 1691
8579 4 2 2 31 1217 983 1187 1650
8580 4 2 2 31 1179 1106 944 1642
8581 4 2 2 31 329 424 415 1616
8582 4 2 2 31 317 456 403 1682
8583 4 2 2 31 852 43 735 1683
8584 4 2 2 31 672 664 620 1566
8585 4 2 2 31 83 403 406 1720
8586 4 2 2 31 324 381 440 1677
8587 4 2 2 31 698 699 700 1711
8588 4 2 2 31 324 378 380 1743
8589 4 2 2 31 1353 96 447 1345
8590 4 2 2 31 1166 259 1212 889
8591 4 2 2 31 96 423 447 1345
8592 4 2 2 31 436 360 343 1689
8593 4 2 2 31 968 979 958 1741
8594 4 2 2 31 994 996 997 1690
8595 4 2 2 31 1341 1182 966 301
8596 4 2 2 31 688 699 698 1711
8597 4 2 2 31 696 681 694 1742
8598 4 2 2 31 1015 1014 1008 1719
8599 4 2 2 31 989 1102 1036 1703
8600 4 2 2 31 881 66 67 408
8601 4 2 2 31 163 164 819 662
8602 4 2 2 31 1110 1005 1004 1685
8603 4 2 2 31 441 326 413 1633
8604 4 2 2 31 980 1196 1088 1717
8605 4 2 2 31 1068 1047 1067 1705
8606 4 2 2 31 935 1194 1128 1688
8607 4 2 2 31 69 430 70 1608
8608 4 2 2 31 883 262 943 261
8609 4 2 2 31 923 1217 1308 1650
8610 4 2 2 31 90 89 384 1714
8611 4 2 2 31 761 777 177 1738
8612 4 2 2 31 89 385 384 1714
8613 4 2 2 31 666 608 634 1738
8614 4 2 2 31 1 332 28 1729
8615 4 2 2 31 666 177 608 1738
8616 4 2 2 31 701 703 706 1621
8617 4 2 2 31 235 745 234 908
8618 4 2 2 31 909 232 746 233
8619 4 2 2 31 932 264 897 265
8620 4 2 2 31 1158 1018 1142 1681
8621 4 2 2 31 84 83 406 1720
8622 4 2 2 31 880 905 62 440
8623 4 2 2 31 1345 1353 1322 1712
8624 4 2 2 31 955 1182 1098 1722
8625 4 2 2 31 1024 1136 1155 1704
8626 4 2 2 31 243 1247 242 742
8627 4 2 2 31 759 165 166 659
8628 4 2 2 31 92 378 324 1743
8629 4 2 2 31 157 158 743 665
8630 4 2 2 31 207 206 696 952
8631 4 2 2 31 918 909 914 1673
8632 4 2 2 31 1038 1086 1040 1643
8633 4 2 2 31 374 1353 447 1712
8634 4 2 2 31 240 748 1264 239
8635 4 2 2 31 1228 1209 1101 1707
8636 4 2 2 31 438 357 402 1686
8637 4 2 2 31 893 894 895 1635
8638 4 2 2 31 238 744 1298 237
8639 4 2 2 31 224 72 686 223
8640 4 2 2 31 626 887 180 181
8641 4 2 2 31 273 1259 886 272
8642 4 2 2 31 176 175 660 750
8643 4 2 2 31 749 256 255 1293
8644 4 2 2 31 1078 284 285 1254
8645 4 2 2 31 1212 924 675 1663
8646 4 2 2 31 795 253 252 1276
8647 4 2 2 31 173 172 643 784
8648 4 2 2 31 1074 1161 1107 1740
8649 4 2 2 31 928 1307 869 1664
8650 4 2 2 31 761 824 777 1738
8651 4 2 2 31 757 167 168 654
8652 4 2 2 31 1343 99 98 321
8653 4 2 2 31 676 716 1216 1697
8654 4 2 2 31 248 1287 247 758
8655 4 2 2 31 255 254 783 1272
8656 4 2 2 31 174 794 639 175
8657 4 2 2 31 913 886 928 1664
8658 4 2 2 31 269 270 888 983
8659 4 2 2 31 294 1187 1255 295
8660 4 2 2 31 935 198 197 616
8661 4 2 2 31 82 317 403 1682
8662 4 2 2 31 71 422 72 1657
8663 4 2 2 31 1148 1051 1157 1744
8664 4 2 2 31 941 282 283 1303
8665 4 2 2 31 1025 1122 1221 1680
8666 4 2 2 31 260 1186 261 890
8667 4 2 2 31 189 1103 671 188
8668 4 2 2 31 305 1330 1181 984
8669 4 2 2 31 1173 972 1222 1735
8670 4 2 2 31 402 357 400 1686
8671 4 2 2 31 1339 1330 1340 1651
8672 4 2 2 31 804 221 220 692
8673 4 2 2 31 251 754 252 1245
8674 4 2 2 31 621 1121 192 193
8675 4 2 2 31 753 172 613 171
8676 4 2 2 31 1328 1329 1327 1619
8677 4 2 2 31 958 1236 307 1352
8678 4 2 2 31 1083 1084 1203 1718
8679 4 2 2 31 362 363 359 1706
8680 4 2 2 31 1072 1071 1070 1745
8681 4 2 2 31 982 1170 1216 1697
8682 4 2 2 31 162 163 741 615
8683 4 2 2 31 982 204 205 712
8684 4 2 2 31 968 1064 979 1741
8685 4 2 2 31 258 257 762 1299
8686 4 2 2 31 177 761 666 178
8687 4 2 2 31 308 27 1236 1352
8688 4 2 2 31 1316 305 306 967
8689 4 2 2 31 354 355 356 1713
8690 4 2 2 31 256 778 257 1241
8691 4 2 2 31 608 176 777 177
8692 4 2 2 31 1253 287 286 1114
8693 4 2 2 31 293 292 1250 1084
8694 4 2 2 31 343 360 341 1689
8695 4 2 2 31 225 74 226 687
8696 4 2 2 31 276 1180 1251 277
8697 4 2 2 31 200 199 1126 637
8698 4 2 2 31 1204 1091 1173 1632
8699 4 2 2 31 185 184 1090 618
8700 4 2 2 31 1166 1212 971 1663
8701 4 2 2 31 161 162 801 646
8702 4 2 2 31 1065 1162 1205 1694
8703 4 2 2 31 1315 955 302 303
8704 4 2 2 31 297 296 945 1324
8705 4 2 2 31 191 1106 670 190
8706 4 2 2 31 159 160 747 631
8707 4 2 2 31 1225 1351 27 308
8708 4 2 2 31 1256 1190 275 274
8709 4 2 2 31 187 188 650 949
8710 4 2 2 31 805 37 729 1723
8711 4 2 2 31 796 251 250 1294
8712 4 2 2 31 1259 1299 1307 1664
8713 4 2 2 31 763 68 781 1638
8714 4 2 2 31 1045 1153 1147 1732
8715 4 2 2 31 171 661 791 170
8716 4 2 2 31 898 926 897 1702
8717 4 2 2 31 268 267 942 882
8718 4 2 2 31 894 263 1184 262
8719 4 2 2 31 1080 196 195 672
8720 4 2 2 31 751 254 253 1240
8721 4 2 2 31 607 752 174 173
8722 4 2 2 31 940 201 200 617
8723 4 2 2 31 806 730 88 1737
8724 4 2 2 31 1170 183 182 623
8725 4 2 2 31 241 1279 821 242
8726 4 2 2 31 1274 1167 291 290
8727 4 2 2 31 196 1108 197 645
8728 4 2 2 31 212 1096 702 213
8729 4 2 2 31 412 413 326 1633
8730 4 2 2 31 1172 186 619 187
8731 4 2 2 31 296 1070 1351 1225
8732 4 2 2 31 381 880 62 440
8733 4 2 2 31 389 336 334 1700
8734 4 2 2 31 693 694 681 1742
8735 4 2 2 31 193 1124 194 651
8736 4 2 2 31 792 793 850 1659
8737 4 2 2 31 1337 103 102 375
8738 4 2 2 31 746 864 811 1673
8739 4 2 2 31 211 1060 210 704
8740 4 2 2 31 205 206 1140 681
8741 4 2 2 31 698 229 803 228
8742 4 2 2 31 732 842 807 1698
8743 4 2 2 31 208 705 209 969
8744 4 2 2 31 291 938 1270 292
8745 4 2 2 31 1199 1107 1161 1740
8746 4 2 2 31 844 848 734 1739
8747 4 2 2 31 231 811 914 232
8748 4 2 2 31 236 812 235 913
8749 4 2 2 31 1171 283 284 1290
8750 4 2 2 31 288 1305 1117 287
8751 4 2 2 31 278 277 1280 950
8752 4 2 2 31 238 1246 800 239
8753 4 2 2 31 756 250 249 1291
8754 4 2 2 31 170 169 658 755
8755 4 2 2 31 445 353 387 1695
8756 4 2 2 31 618 630 629 1724
8757 4 2 2 31 220 219 817 689
8758 4 2 2 31 191 657 939 192
8759 4 2 2 31 1292 245 246 760
8760 4 2 2 31 1128 199 198 641
8761 4 2 2 31 1344 306 948 1232
8762 4 2 2 31 1216 20 716 676
8763 4 2 2 31 673 860 19 717
8764 4 2 2 31 937 1237 1209 1728
8765 4 2 2 31 1309 23 715 1214
8766 4 2 2 31 923 26 1308 1217
8767 4 2 2 31 923 911 888 1650
8768 4 2 2 31 924 22 1212 675
8769 4 2 2 31 279 280 1178 1283
8770 4 2 2 31 963 1331 299 1239
8771 4 2 2 31 1166 260 259 889
8772 4 2 2 31 934 289 1278 288
8773 4 2 2 31 203 202 971 622
8774 4 2 2 31 897 926 896 1702
8775 4 2 2 31 280 281 953 1304
8776 4 2 2 31 183 947 184 627
8777 4 2 2 31 946 276 1260 275
8778 4 2 2 31 1308 1255 1300 1650
8779 4 2 2 31 797 164 165 624
8780 4 2 2 31 972 1173 1132 1735
8781 4 2 2 31 351 417 391 1692
8782 4 2 2 31 936 286 1284 285
8783 4 2 2 31 980 1088 981 1717
8784 4 2 2 31 889 912 924 1663
8785 4 2 2 31 1306 718 24 861
8786 4 2 2 31 101 1319 441 413
8787 4 2 2 31 812 869 762 1664
8788 4 2 2 31 1162 1065 1213 1694
8789 4 2 2 31 855 243 1295 244
8790 4 2 2 31 714 155 156 625
8791 4 2 2 31 218 713 1258 217
8792 4 2 2 31 224 709 73 225
8793 4 2 2 31 210 209 682 1125
8794 4 2 2 31 675 667 622 1663
8795 4 2 2 31 208 1129 207 680
8796 4 2 2 31 1086 1111 932 1733
8797 4 2 2 31 217 690 1301 216
8798 4 2 2 31 155 154 668 691
8799 4 2 2 31 961 1209 1237 1728
8800 4 2 2 31 289 1188 1249 290
8801 4 2 2 31 101 100 1334 442
8802 4 2 2 31 787 166 167 614
8803 4 2 2 31 299 937 1318 298
8804 4 2 2 31 610 944 189 190
8805 4 2 2 31 369 428 399 1727
8806 4 2 2 31 970 304 303 1339
8807 4 2 2 31 688 230 818 229
8808 4 2 2 31 684 700 701 1721
8809 4 2 2 31 951 186 185 647
8810 4 2 2 31 792 246 1248 247
8811 4 2 2 31 1313 100 99 330
8812 4 2 2 31 1072 1073 1071 1745
8813 4 2 2 31 272 1300 911 271
8814 4 2 2 31 667 912 179 180
8815 4 2 2 31 691 712 716 1697
8816 4 2 2 31 72 840 71 1657
8817 4 2 2 31 623 668 676 1697
8818 4 2 2 31 862 244 1257 245
8819 4 2 2 31 267 1174 910 266
8820 4 2 2 31 195 194 933 620
8821 4 2 2 31 160 161 802 609
8822 4 2 2 31 279 1252 1109 278
8823 4 2 2 31 1237 298 960 1349
8824 4 2 2 31 248 785 249 1244
8825 4 2 2 31 169 168 611 789
8826 4 2 2 31 1164 212 683 211
8827 4 2 2 31 1322 1321 1323 1709
8828 4 2 2 31 927 21 674 870
8829 4 2 2 31 1307 869 25 928
8830 4 2 2 31 263 1177 264 884
8831 4 2 2 31 880 62 63 381
8832 4 2 2 31 213 957 679 214
8833 4 2 2 31 28 332 451 1729
8834 4 2 2 31 431 374 447 1712
8835 4 2 2 31 710 707 682 1730
8836 4 2 2 31 96 447 374 1353
8837 4 2 2 31 457 97 98 1314
8838 4 2 2 31 433 64 63 906
8839 4 2 2 31 358 448 419 1701
8840 4 2 2 31 826 240 1242 241
8841 4 2 2 31 215 214 711 1235
8842 4 2 2 31 1105 281 282 1243
8843 4 2 2 31 954 1266 293 294
8844 4 2 2 31 297 1238 960 1349
8845 4 2 2 31 1182 1341 302 301
8846 4 2 2 31 1324 1349 1325 1710
8847 4 2 2 31 201 1193 202 633
8848 4 2 2 31 222 685 221 775
8849 4 2 2 31 868 5 878 233
8850 4 2 2 31 1181 304 1330 305
8851 4 2 2 31 684 776 227 228
8852 4 2 2 31 65 64 311 879
8853 4 2 2 31 106 107 372 1328
8854 4 2 2 31 13 96 374 1353
8855 4 2 2 31 234 867 9 877
8856 4 2 2 31 923 1308 26 271
8857 4 2 2 31 1084 1085 1203 1718
8858 4 2 2 31 1319 102 101 441
8859 4 2 2 31 20 1216 182 676
8860 4 2 2 31 1207 265 885 266
8861 4 2 2 31 203 1212 22 675
8862 4 2 2 31 900 269 1210 268
8863 4 2 2 31 860 219 19 717
8864 4 2 2 31 1217 26 1308 295
8865 4 2 2 31 1214 1309 23 274
8866 4 2 2 31 673 19 156 717
8867 4 2 2 31 718 24 218 1306
8868 4 2 2 31 65 66 907 407
8869 4 2 2 31 373 107 13 1350
8870 4 2 2 31 924 179 22 675
8871 4 2 2 31 1217 923 26 270
8872 4 2 2 31 860 19 157 673
8873 4 2 2 31 215 715 23 1214
8874 4 2 2 31 204 1216 20 716
8875 4 2 2 31 716 20 154 676
8876 4 2 2 31 861 718 24 230
8877 4 2 2 31 948 306 1344 307
8878 4 2 2 31 715 216 23 1309
8879 4 2 2 31 298 297 960 1349
8880 4 2 2 31 870 927 21 231
8881 4 2 2 31 869 236 25 928
8882 4 2 2 31 1212 259 22 924
8883 4 2 2 31 27 307 1236 1352
8884 4 2 2 31 1312 105 104 368
8885 4 2 2 31 237 1306 24 861
8886 4 2 2 31 25 1307 928 273
8887 4 2 2 31 674 181 21 927
8888 4 2 2 31 301 300 956 1317
8889 4 2 2 31 300 1331 299 963
8890 4 2 2 31 905 9 62 440
8891 4 2 2 31 1351 27 296 1225
8892 4 2 2 31 25 258 869 1307
8893 4 2 2 31 21 674 870 178
8894 4 2 2 31 443 5 67 904
8895 4 2 2 31 708 223 840 222
8896 4 2 2 31 226 841 227 706
8897 4 2 2 31 1323 1324 1325 1710
8898 4 2 2 31 1342 104 103 371
8899 4 2 2 31 96 97 423 1345
8900 4 2 2 31 105 106 370 1348
8901 4 2 2 31 1596 1230 1066 1219
8902 4 2 2 31 1596 1066 1230 1403
8903 4 2 2 31 1673 915 891 918
8904 4 2 2 31 1673 891 915 1535
8905 4 2 2 31 1560 1665 1386 1459
8906 4 2 2 31 1386 1665 1560 1521
8907 4 2 2 31 1611 1745 1366 1540
8908 4 2 2 31 1366 1745 1611 1475
8909 4 2 2 31 1623 1562 1544 1385
8910 4 2 2 31 1623 1544 1562 1211
8911 4 2 2 31 1630 1482 1497 1042
8912 4 2 2 31 1630 1497 1482 1379
8913 4 2 2 31 1572 1617 1159 1392
8914 4 2 2 31 1159 1617 1572 1029
8915 4 2 2 31 1587 1649 1585 85
8916 4 2 2 31 1585 1649 1587 1392
8917 4 2 2 31 1675 1620 1498 1371
8918 4 2 2 31 1675 1498 1620 1409
8919 4 2 2 31 1477 852 1683 1411
8920 4 2 2 31 1477 1683 852 790
8921 4 2 2 31 975 1582 1708 1104
8922 4 2 2 31 1708 1582 975 1399
8923 4 2 2 31 1444 1612 1528 315
8924 4 2 2 31 1444 1528 1612 1396
8925 4 2 2 31 87 1528 1612 315
8926 4 2 2 31 87 1612 1528 1396
8927 4 2 2 31 1681 1416 990 1542
8928 4 2 2 31 1681 990 1416 1557
8929 4 2 2 31 1615 1366 1589 1539
8930 4 2 2 31 1615 1589 1366 1423
8931 4 2 2 31 76 1721 1538 874
8932 4 2 2 31 1538 1721 76 1403
8933 4 2 2 31 1545 1001 1670 1000
8934 4 2 2 31 1545 1670 1001 1412
8935 4 2 2 31 974 1367 1513 1580
8936 4 2 2 31 974 1513 1367 1606
8937 4 2 2 31 1558 1692 1372 1450
8938 4 2 2 31 1372 1692 1558 1466
8939 4 2 2 31 1678 1468 1416 1534
8940 4 2 2 31 1678 1416 1468 1500
8941 4 2 2 31 1608 1517 1518 1406
8942 4 2 2 31 1608 1518 1517 1401
8943 4 2 2 31 1564 1007 995 1006
8944 4 2 2 31 1564 995 1007 1486
8945 4 2 2 31 1463 1492 1444 1375
8946 4 2 2 31 1463 1444 1492 1628
8947 4 2 2 31 1690 1451 1486 1564
8948 4 2 2 31 1690 1486 1451 1435
8949 4 2 2 31 1510 1656 1481 1366
8950 4 2 2 31 1481 1656 1510 1415
8951 4 2 2 31 1653 1233 1654 1236
8952 4 2 2 31 1653 1654 1233 1473
8953 4 2 2 31 1642 977 1163 1179
8954 4 2 2 31 1642 1163 977 1606
8955 4 2 2 31 607 1568 638 639
8956 4 2 2 31 638 1568 607 1515
8957 4 2 2 31 1697 628 1443 1452
8958 4 2 2 31 1697 1443 628 677
8959 4 2 2 31 1638 1575 1425 1418
8960 4 2 2 31 1425 1575 1638 1393
8961 4 2 2 31 1425 1551 1638 1418
8962 4 2 2 31 1638 1551 1425 1393
8963 4 2 2 31 1726 1041 1546 1053
8964 4 2 2 31 1726 1546 1041 1536
8965 4 2 2 31 1637 919 1535 1439
8966 4 2 2 31 1637 1535 919 892
8967 4 2 2 31 1626 1447 90 1604
8968 4 2 2 31 91 90 1447 1604
8969 4 2 2 31 1433 762 865 823
8970 4 2 2 31 1433 865 762 1664
8971 4 2 2 31 1547 834 1737 836
8972 4 2 2 31 1547 1737 834 1455
8973 4 2 2 31 1678 450 1468 313
8974 4 2 2 31 1678 1468 450 1500
8975 4 2 2 31 1653 1709 1321 309
8976 4 2 2 31 1321 1709 1653 1448
8977 4 2 2 31 443 1634 904 881
8978 4 2 2 31 443 904 1634 1439
8979 4 2 2 31 922 904 1634 881
8980 4 2 2 31 922 1634 904 1439
8981 4 2 2 31 828 1607 863 773
8982 4 2 2 31 863 1607 828 1426
8983 4 2 2 31 1605 743 816 782
8984 4 2 2 31 1605 816 743 1443
8985 4 2 2 31 1717 1172 1196 1088
8986 4 2 2 31 1717 1196 1172 1543
8987 4 2 2 31 1729 412 414 451
8988 4 2 2 31 1729 414 412 1633
8989 4 2 2 31 1568 727 835 1530
8990 4 2 2 31 1568 835 727 833
8991 4 2 2 31 412 1729 29 451
8992 4 2 2 31 29 1729 412 1407
8993 4 2 2 31 1274 1188 1533 1167
8994 4 2 2 31 1533 1188 1274 1249
8995 4 2 2 31 1581 1054 1395 1546
8996 4 2 2 31 1581 1395 1054 1127
8997 4 2 2 31 1667 834 728 1455
8998 4 2 2 31 1667 728 834 832
8999 4 2 2 31 1654 1233 1741 958
9000 4 2 2 31 1654 1741 1233 1473
9001 4 2 2 31 1645 1403 76 1449
9002 4 2 2 31 1645 76 1403 1538
9003 4 2 2 31 1675 1519 1620 1371
9004 4 2 2 31 1675 1620 1519 1420
9005 4 2 2 31 1599 768 1662 723
9006 4 2 2 31 1599 1662 768 1524
9007 4 2 2 31 866 1589 779 721
9008 4 2 2 31 779 1589 866 1539
9009 4 2 2 31 1561 1642 985 1179
9010 4 2 2 31 1561 985 1642 1453
9011 4 2 2 31 1200 985 1642 1179
9012 4 2 2 31 1200 1642 985 1453
9013 4 2 2 31 985 1680 986 1221
9014 4 2 2 31 986 1680 985 1561
9015 4 2 2 31 1532 342 1668 394
9016 4 2 2 31 1532 1668 342 1451
9017 4 2 2 31 1664 908 917 1576
9018 4 2 2 31 1664 917 908 913
9019 4 2 2 31 1615 1247 1282 1295
9020 4 2 2 31 1615 1282 1247 1423
9021 4 2 2 31 1716 1520 1384 1634
9022 4 2 2 31 1716 1384 1520 1610
9023 4 2 2 31 1628 1145 1463 1044
9024 4 2 2 31 1628 1463 1145 1492
9025 4 2 2 31 1741 1227 1473 1555
9026 4 2 2 31 1741 1473 1227 979
9027 4 2 2 31 1666 1342 430 1608
9028 4 2 2 31 1666 430 1342 1337
9029 4 2 2 31 1525 1137 1023 1034
9030 4 2 2 31 1525 1023 1137 1460
9031 4 2 2 31 894 943 262 1184
9032 4 2 2 31 262 943 894 883
9033 4 2 2 31 1608 873 71 70
9034 4 2 2 31 1608 71 873 1518
9035 4 2 2 31 625 717 156 714
9036 4 2 2 31 625 156 717 673
9037 4 2 2 31 1687 1625 1183 1410
9038 4 2 2 31 1687 1183 1625 1049
9039 4 2 2 31 1205 1653 1225 959
9040 4 2 2 31 1225 1653 1205 1448
9041 4 2 2 31 1726 1135 1092 1512
9042 4 2 2 31 1726 1092 1135 1053
9043 4 2 2 31 1703 1671 989 987
9044 4 2 2 31 1703 989 1671 1416
9045 4 2 2 31 988 989 1671 987
9046 4 2 2 31 988 1671 989 1416
9047 4 2 2 31 1618 1081 1463 1083
9048 4 2 2 31 1618 1463 1081 1533
9049 4 2 2 31 1169 1681 1557 1158
9050 4 2 2 31 1557 1681 1169 1629
9051 4 2 2 31 1626 91 90 1447
9052 4 2 2 31 1626 90 91 318
9053 4 2 2 31 1576 920 902 1494
9054 4 2 2 31 1576 902 920 916
9055 4 2 2 31 1651 1401 1131 1130
9056 4 2 2 31 1131 1401 1651 1583
9057 4 2 2 31 1131 1231 1651 1130
9058 4 2 2 31 1651 1231 1131 1583
9059 4 2 2 31 1514 963 964 1239
9060 4 2 2 31 1514 964 963 1454
9061 4 2 2 31 1614 807 729 1522
9062 4 2 2 31 1614 729 807 38
9063 4 2 2 31 951 619 186 647
9064 4 2 2 31 186 619 951 1172
9065 4 2 2 31 1593 395 1693 1490
9066 4 2 2 31 1593 1693 395 455
9067 4 2 2 31 411 1693 395 1490
9068 4 2 2 31 411 395 1693 455
9069 4 2 2 31 1726 1646 1395 1429
9070 4 2 2 31 1726 1395 1646 1570
9071 4 2 2 31 1467 1689 456 360
9072 4 2 2 31 1467 456 1689 1554
9073 4 2 2 31 393 456 1689 360
9074 4 2 2 31 393 1689 456 1554
9075 4 2 2 31 1600 1656 1574 1415
9076 4 2 2 31 1574 1656 1600 1398
9077 4 2 2 31 1537 822 722 871
9078 4 2 2 31 1537 722 822 1499
9079 4 2 2 31 1724 1091 947 1090
9080 4 2 2 31 1724 947 1091 1452
9081 4 2 2 31 954 1255 294 1187
9082 4 2 2 31 954 294 1255 1266
9083 4 2 2 31 1287 1659 1286 1248
9084 4 2 2 31 1286 1659 1287 1456
9085 4 2 2 31 1557 1683 1680 1389
9086 4 2 2 31 1680 1683 1557 1411
9087 4 2 2 31 1524 1242 1265 1279
9088 4 2 2 31 1524 1265 1242 1438
9089 4 2 2 31 1509 410 1713 383
9090 4 2 2 31 1509 1713 410 1508
9091 4 2 2 31 355 1713 410 383
9092 4 2 2 31 355 410 1713 1508
9093 4 2 2 31 1729 1367 1537 1474
9094 4 2 2 31 1729 1537 1367 1607
9095 4 2 2 31 1715 1473 1654 1430
9096 4 2 2 31 1715 1654 1473 1391
9097 4 2 2 31 1559 609 632 1457
9098 4 2 2 31 1559 632 609 646
9099 4 2 2 31 1742 1443 1406 1578
9100 4 2 2 31 1742 1406 1443 1661
9101 4 2 2 31 876 1645 815 769
9102 4 2 2 31 815 1645 876 1503
9103 4 2 2 31 1676 1207 1112 1571
9104 4 2 2 31 1676 1112 1207 1174
9105 4 2 2 31 311 906 64 433
9106 4 2 2 31 64 906 311 879
9107 4 2 2 31 1121 651 193 621
9108 4 2 2 31 193 651 1121 1124
9109 4 2 2 31 944 671 189 1103
9110 4 2 2 31 944 189 671 610
9111 4 2 2 31 1544 1305 1297 1253
9112 4 2 2 31 1544 1297 1305 1531
9113 4 2 2 31 906 381 63 433
9114 4 2 2 31 906 63 381 880
9115 4 2 2 31 1657 775 708 840
9116 4 2 2 31 1657 708 775 1518
9117 4 2 2 31 1681 1153 1441 1549
9118 4 2 2 31 1681 1441 1153 1142
9119 4 2 2 31 1639 1164 1195 1596
9120 4 2 2 31 1639 1195 1164 1060
9121 4 2 2 31 1740 1058 1600 1199
9122 4 2 2 31 1740 1600 1058 1488
9123 4 2 2 31 1722 981 1465 1182
9124 4 2 2 31 1722 1465 981 1551
9125 4 2 2 31 1694 1227 1473 1065
9126 4 2 2 31 1694 1473 1227 1555
9127 4 2 2 31 1728 1208 1523 961
9128 4 2 2 31 1728 1523 1208 1519
9129 4 2 2 31 811 927 1673 870
9130 4 2 2 31 811 1673 927 914
9131 4 2 2 31 632 1559 648 646
9132 4 2 2 31 632 648 1559 1736
9133 4 2 2 31 718 818 1541 688
9134 4 2 2 31 1541 818 718 861
9135 4 2 2 31 1712 310 374 1353
9136 4 2 2 31 1712 374 310 1616
$EndElements
