{
  "geometric": {
    "overlap_count": 2,
    "overlap_area_mm2": 6.340026331870696e-05,
    "zone_violation_count": 0,
    "zone_violation_max_mm": 0.0,
    "boundary_violation_count": 0,
    "min_hv_lv_clearance_mm": 2.9783401489257812
  },
  "emi": {
    "gate_loop_area_mm2": 84.15625,
    "power_loop_area_mm2": 0.0,
    "total_loop_area_mm2": 84.15625
  },
  "thermal": {
    "max_junction_temp_c": 150.00067138671875,
    "thermal_margin_c": -0.00067138671875,
    "edge_distance_avg_mm": 25.510177612304688
  },
  "routability": {
    "completion_pct": 99.77598879943997,
    "overflow_cells": 64,
    "max_congestion": 1.100000023841858,
    "total_wirelength_mm": 748.0732421875
  }
}